T00,T01,T02,T03,T10,T11,T12,T13,T20,T21,T22,T23,T30,T31,T32,T33
9.631245450200969227e-01,1.088175704607205335e-01,2.460687853809531978e-01,-1.096224441528320381e-01,1.114588508675424666e-01,-9.937638611709549430e-01,3.211353901715100281e-03,-1.444535827636718728e-01,2.448837180032972516e-01,2.433361028744510102e-02,-9.692470480054404813e-01,1.933292724609374957e+00,0.000000000000000000e+00,0.000000000000000000e+00,0.000000000000000000e+00,1.000000000000000000e+00
9.628374382203467308e-01,1.088461628347872356e-01,2.471772246737622136e-01,-1.096207199096679713e-01,1.113403587695596664e-01,-9.937746497478784358e-01,3.907688261323098017e-03,-1.444752807617187551e-01,2.460637967486201949e-01,2.375833231994468192e-02,-9.689624087522844542e-01,1.933326538085937463e+00,0.000000000000000000e+00,0.000000000000000000e+00,0.000000000000000000e+00,1.000000000000000000e+00
9.629537562305329201e-01,1.084880014775518736e-01,2.468813822403668479e-01,-1.096202087402343706e-01,1.114679136958493660e-01,-9.937661845175053132e-01,1.916957436735474557e-03,-1.444772338867187644e-01,2.455503361386461025e-01,2.567341124444272663e-02,-9.690438113817515520e-01,1.933360473632812493e+00,0.000000000000000000e+00,0.000000000000000000e+00,0.000000000000000000e+00,1.000000000000000000e+00
9.630676574213162811e-01,1.087573034911613751e-01,2.463179574581397524e-01,-1.096173934936523486e-01,1.114656558298458139e-01,-9.937638661667503870e-01,2.964097119841241704e-03,-1.444799041748046908e-01,2.451042529199378983e-01,2.460136660116483270e-02,-9.691845427790904965e-01,1.933353393554687605e+00,0.000000000000000000e+00,0.000000000000000000e+00,0.000000000000000000e+00,1.000000000000000000e+00
9.631585286399009238e-01,1.085996474161695508e-01,2.460320411842829846e-01,-1.096172866821289033e-01,1.114518783581903566e-01,-9.937670653403878340e-01,2.344921146704185069e-03,-1.444821929931640603e-01,2.447531971571611786e-01,2.516220232485179287e-02,-9.692588591576096757e-01,1.933338867187500032e+00,0.000000000000000000e+00,0.000000000000000000e+00,0.000000000000000000e+00,1.000000000000000000e+00
9.630344558750640882e-01,1.089294692191381114e-01,2.463716857373352831e-01,-1.096205139160156272e-01,1.114309732491517851e-01,-9.937648767244273706e-01,3.808935498330169936e-03,-1.444569549560546784e-01,2.452504332272753829e-01,2.378530059764782240e-02,-9.691679340946610655e-01,1.933360961914062592e+00,0.000000000000000000e+00,0.000000000000000000e+00,0.000000000000000000e+00,1.000000000000000000e+00
9.630047313429171973e-01,1.087663333296201296e-01,2.465598753755079142e-01,-1.096197891235351635e-01,1.114742324742900026e-01,-9.937628202947609291e-01,2.992071869270111414e-03,-1.444807891845703018e-01,2.453474738109686915e-01,2.460369349981617743e-02,-9.691229413034979645e-01,1.933363281250000121e+00,0.000000000000000000e+00,0.000000000000000000e+00,0.000000000000000000e+00,1.000000000000000000e+00
9.630578406403195180e-01,1.087117506539674316e-01,2.463764413472907533e-01,-1.096226959228515652e-01,1.114513360280705578e-01,-9.937658319573748900e-01,2.840938511339718281e-03,-1.444673156738281172e-01,2.451493326092556990e-01,2.472299544587436282e-02,-9.691700460793349903e-01,1.933371215820312461e+00,0.000000000000000000e+00,0.000000000000000000e+00,0.000000000000000000e+00,1.000000000000000000e+00
9.630158720119900151e-01,1.086368770825719976e-01,2.465734356956014173e-01,-1.096174697875976628e-01,1.114533265444563603e-01,-9.937664020794477748e-01,2.548352456846977171e-03,-1.444687652587890725e-01,2.453132410922034268e-01,2.502732578234598618e-02,-9.691207596110108513e-01,1.933354614257812631e+00,0.000000000000000000e+00,0.000000000000000000e+00,0.000000000000000000e+00,1.000000000000000000e+00
9.631037693924808796e-01,1.087043607123263644e-01,2.462001042731707112e-01,-1.096215209960937492e-01,1.114883420062591779e-01,-9.937622191982296016e-01,2.645995258138510511e-03,-1.444915618896484288e-01,2.449519932123253307e-01,2.490007342027608650e-02,-9.692154081343189453e-01,1.933326782226562512e+00,0.000000000000000000e+00,0.000000000000000000e+00,0.000000000000000000e+00,1.000000000000000000e+00
9.630054870801650901e-01,1.087517469705583800e-01,2.465633577487659212e-01,-1.096173858642578158e-01,1.114457170450557505e-01,-9.937658559291561167e-01,3.045610235325159343e-03,-1.444578552246093828e-01,2.453574616876520453e-01,2.454549083322217495e-02,-9.691218885537303818e-01,1.933293701171874934e+00,0.000000000000000000e+00,0.000000000000000000e+00,0.000000000000000000e+00,1.000000000000000000e+00
9.630627892249810085e-01,1.088831490369954885e-01,2.462813916356400568e-01,-1.096223983764648413e-01,1.114419443665494031e-01,-9.937645423189065408e-01,3.567557357263774834e-03,-1.444624023437499905e-01,2.451341613198841918e-01,2.401029540596880812e-02,-9.691918017959681997e-01,1.933350463867187452e+00,0.000000000000000000e+00,0.000000000000000000e+00,0.000000000000000000e+00,1.000000000000000000e+00
9.631419973918504684e-01,1.088630255611749698e-01,2.459803539425535757e-01,-1.096245117187499979e-01,1.114431409943340556e-01,-9.937648225817317105e-01,3.450177447119466903e-03,-1.444729919433593857e-01,2.448222195499296650e-01,2.408981246848122815e-02,-9.692686736658107094e-01,1.933360595703125018e+00,0.000000000000000000e+00,0.000000000000000000e+00,0.000000000000000000e+00,1.000000000000000000e+00
9.632430752082329350e-01,1.086894546682463242e-01,2.456611090655290153e-01,-1.096181716918945281e-01,1.115480081867791656e-01,-9.937564036157532366e-01,2.291755276320193643e-03,-1.444651947021484417e-01,2.443763898844337201e-01,2.519549000522752075e-02,-9.693530664058621626e-01,1.933327758789062489e+00,0.000000000000000000e+00,0.000000000000000000e+00,0.000000000000000000e+00,1.000000000000000000e+00
9.630247128782092325e-01,1.087702139991324757e-01,2.464801065652679202e-01,-1.096224670410156227e-01,1.114212840517807279e-01,-9.937680819806693489e-01,3.208846633015632541e-03,-1.444945068359375084e-01,2.452930896827207885e-01,2.437293135929181204e-02,-9.691425387273329140e-01,1.933323730468750057e+00,0.000000000000000000e+00,0.000000000000000000e+00,0.000000000000000000e+00,1.000000000000000000e+00
9.629707675241226950e-01,1.087206286007167816e-01,2.467126381251422418e-01,-1.096173400878906329e-01,1.114095676431623855e-01,-9.937698126986306280e-01,3.076947593417958884e-03,-1.444526672363281306e-01,2.455100998565354631e-01,2.452313775996087936e-02,-9.690837975030025531e-01,1.933322875976562605e+00,0.000000000000000000e+00,0.000000000000000000e+00,0.000000000000000000e+00,1.000000000000000000e+00
9.631623552017595236e-01,1.088823611354852172e-01,2.458920676958930573e-01,-1.096226348876953166e-01,1.114805567574104206e-01,-9.937608941977859045e-01,3.372036220870126139e-03,-1.444613189697265543e-01,2.447250763351758729e-01,2.416436626065009488e-02,-9.692913496033913612e-01,1.933354492187500107e+00,0.000000000000000000e+00,0.000000000000000000e+00,0.000000000000000000e+00,1.000000000000000000e+00
9.630843439941387807e-01,1.088455046548895411e-01,2.462137333086880930e-01,-1.096199569702148435e-01,1.114963864833852791e-01,-9.937597136717377655e-01,3.191752530089402018e-03,-1.444757232666015745e-01,2.450246970297625670e-01,2.437801467486985091e-02,-9.692103023833296138e-01,1.933292358398437605e+00,0.000000000000000000e+00,0.000000000000000000e+00,0.000000000000000000e+00,1.000000000000000000e+00
9.631665415968919675e-01,1.086380906503788824e-01,2.459836954111444540e-01,-1.096222076416015628e-01,1.115221273079369246e-01,-9.937594742898010480e-01,2.218643723284789010e-03,-1.444585723876953276e-01,2.446896570535725401e-01,2.529570159332656526e-02,-9.692714270068558680e-01,1.933307250976562530e+00,0.000000000000000000e+00,0.000000000000000000e+00,0.000000000000000000e+00,1.000000000000000000e+00
9.631317268634809192e-01,1.085517779203642313e-01,2.461580553613815503e-01,-1.096222000122070300e-01,1.114480060077364526e-01,-9.937678792293218599e-01,2.178111327629503324e-03,-1.444772033691406332e-01,2.448604064888168230e-01,2.533601630848726291e-02,-9.692272528214151972e-01,1.933313964843750066e+00,0.000000000000000000e+00,0.000000000000000000e+00,0.000000000000000000e+00,1.000000000000000000e+00
9.631791942006869833e-01,1.085626482224482381e-01,2.459674597784108629e-01,-1.096238784790039139e-01,1.114818522562007475e-01,-9.937643179233422996e-01,2.068100549006883157e-03,-1.444606018066406372e-01,2.446582033704200743e-01,2.542895659053134860e-02,-9.692758800724771140e-01,1.933353881835937482e+00,0.000000000000000000e+00,0.000000000000000000e+00,0.000000000000000000e+00,1.000000000000000000e+00
9.631995988550421384e-01,1.084736130798664849e-01,2.459268347108244657e-01,-1.096217117309570277e-01,1.114996730213547310e-01,-9.937631352463174306e-01,1.629092244357583166e-03,-1.444591979980468788e-01,2.445697358252176545e-01,2.585162066117059620e-02,-9.692870256160319720e-01,1.933329345703125091e+00,0.000000000000000000e+00,0.000000000000000000e+00,0.000000000000000000e+00,1.000000000000000000e+00
9.630720531796689299e-01,1.086462764751501969e-01,2.463497655618576421e-01,-1.096211624145507768e-01,1.115142532699122807e-01,-9.937601212846501886e-01,2.322210578581718893e-03,-1.444698333740234431e-01,2.450648724357508967e-01,2.523505404001826283e-02,-9.691782087653676436e-01,1.933302978515625048e+00,0.000000000000000000e+00,0.000000000000000000e+00,0.000000000000000000e+00,1.000000000000000000e+00
9.630233482337613449e-01,1.086561526394709681e-01,2.465357403100491007e-01,-1.096265869140625043e-01,1.114620293045432003e-01,-9.937653220087623307e-01,2.588589603291214375e-03,-1.444573211669921975e-01,2.452799355429406969e-01,2.498650168409133690e-02,-9.691302430290997805e-01,1.933374145507812614e+00,0.000000000000000000e+00,0.000000000000000000e+00,0.000000000000000000e+00,1.000000000000000000e+00
9.631348109773149035e-01,1.086323472899611148e-01,2.461104406683418400e-01,-1.096213684082031209e-01,1.115179661345874623e-01,-9.937599266601103709e-01,2.225172734199077490e-03,-1.444716339111328240e-01,2.448164192061005051e-01,2.530259446707583751e-02,-9.692392375468182886e-01,1.933313354492187441e+00,0.000000000000000000e+00,0.000000000000000000e+00,0.000000000000000000e+00,1.000000000000000000e+00
9.630695175306989153e-01,1.086754325086683043e-01,2.463468180680252195e-01,-1.096226882934570324e-01,1.114769270691094022e-01,-9.937636512237295605e-01,2.588481738392206868e-03,-1.444587554931640594e-01,2.450918177630891370e-01,2.496909841254600637e-02,-9.691782833875557390e-01,1.933323486328125007e+00,0.000000000000000000e+00,0.000000000000000000e+00,0.000000000000000000e+00,1.000000000000000000e+00
9.633322748169675931e-01,1.088452566597581522e-01,2.452419996628603382e-01,-1.096233673095703132e-01,1.115225766330701779e-01,-9.937574120805358069e-01,2.986776877797638410e-03,-1.444735412597656365e-01,2.440361514142689592e-01,2.447276113698918648e-02,-9.694572918727489830e-01,1.933341796874999963e+00,0.000000000000000000e+00,0.000000000000000000e+00,0.000000000000000000e+00,1.000000000000000000e+00
9.630711300272406516e-01,1.085360935417809952e-01,2.464019377089879115e-01,-1.096175689697265615e-01,1.114223696986518936e-01,-9.937706129475515349e-01,2.241511227915533519e-03,-1.444783935546875009e-01,2.451102895408332760e-01,2.529595304663768279e-02,-9.691651359395215826e-01,1.933328857421874991e+00,0.000000000000000000e+00,0.000000000000000000e+00,0.000000000000000000e+00,1.000000000000000000e+00
9.632898142116124163e-01,1.088092913055861422e-01,2.454246767579277289e-01,-1.096311340332031259e-01,1.115036981690059603e-01,-9.937596897069043145e-01,2.933327167618444628e-03,-1.444706726074218850e-01,2.442123238716515377e-01,2.454011489812477770e-02,-9.694112252444750943e-01,1.933373046875000112e+00,0.000000000000000000e+00,0.000000000000000000e+00,0.000000000000000000e+00,1.000000000000000000e+00
9.631087864967340373e-01,1.088609340238897161e-01,2.461112805546203652e-01,-1.096218414306640715e-01,1.114784633158450722e-01,-9.937613204074442486e-01,3.315158939019171788e-03,-1.444896545410156163e-01,2.449367624296657497e-01,2.424324865812134411e-02,-9.692359090051163584e-01,1.933347778320312571e+00,0.000000000000000000e+00,0.000000000000000000e+00,0.000000000000000000e+00,1.000000000000000000e+00
9.630937009857741815e-01,1.089645109429173836e-01,2.461244776053274907e-01,-1.096236495971679714e-01,1.114187767130625645e-01,-9.937655920080482597e-01,3.975466847851385002e-03,-1.444638519287109457e-01,2.450232219959757873e-01,2.359414113428371512e-02,-9.692300744337468688e-01,1.933328491210937639e+00,0.000000000000000000e+00,0.000000000000000000e+00,0.000000000000000000e+00,1.000000000000000000e+00
9.632498992996283427e-01,1.089415503423966924e-01,2.455226468337512458e-01,-1.096233673095703132e-01,1.115127092270939979e-01,-9.937570224145313436e-01,3.449069822179292449e-03,-1.444604034423828121e-01,2.443656014665105958e-01,2.405657936614700315e-02,-9.693847191951763254e-01,1.933341674804687438e+00,0.000000000000000000e+00,0.000000000000000000e+00,0.000000000000000000e+00,1.000000000000000000e+00
9.631294889280137550e-01,1.086219394615150907e-01,2.461358605016382428e-01,-1.096253051757812569e-01,1.114858126529562204e-01,-9.937633346073853069e-01,2.312653696501782916e-03,-1.444767913818359450e-01,2.448519984283830941e-01,2.521327145828056171e-02,-9.692325777686170429e-01,1.933351318359375126e+00,0.000000000000000000e+00,0.000000000000000000e+00,0.000000000000000000e+00,1.000000000000000000e+00
9.630888722075876540e-01,1.085808817582271102e-01,2.463128424311716858e-01,-1.096224136352539069e-01,1.114660847439535585e-01,-9.937657097084273694e-01,2.241909801905960301e-03,-1.444712829589843706e-01,2.450206852120266898e-01,2.529636978524831686e-02,-9.691877823692975902e-01,1.933319946289062452e+00,0.000000000000000000e+00,0.000000000000000000e+00,0.000000000000000000e+00,1.000000000000000000e+00
9.631400102328254720e-01,1.088531003732614716e-01,2.459925267723432896e-01,-1.096200637817382889e-01,1.114454637223814132e-01,-9.937647293093804235e-01,3.401675522114563227e-03,-1.444890594482421964e-01,2.448289797070941631e-01,2.413846142120594160e-02,-9.692657558047744759e-01,1.933329711914062443e+00,0.000000000000000000e+00,0.000000000000000000e+00,0.000000000000000000e+00,1.000000000000000000e+00
9.631206466182977710e-01,1.085584300448339118e-01,2.461984714082379178e-01,-1.096241531372070394e-01,1.114644116931454848e-01,-9.937661119940093268e-01,2.144662726692074875e-03,-1.444706878662109506e-01,2.448965189288181965e-01,2.537679882316110080e-02,-9.692170619103008811e-01,1.933370849609375108e+00,0.000000000000000000e+00,0.000000000000000000e+00,0.000000000000000000e+00,1.000000000000000000e+00
9.631793423346900473e-01,1.085644422677306403e-01,2.459660878552386298e-01,-1.096241760253906239e-01,1.114763243301314238e-01,-9.937648770814498933e-01,2.097186957441507169e-03,-1.444706115722656226e-01,2.446601389960320894e-01,2.539942822954277535e-02,-9.692761657195821945e-01,1.933358886718750114e+00,0.000000000000000000e+00,0.000000000000000000e+00,0.000000000000000000e+00,1.000000000000000000e+00
9.632864833623838718e-01,1.088261017882830028e-01,2.454302967053947626e-01,-1.096233901977539116e-01,1.114766164912276425e-01,-9.937621900518264217e-01,3.110240997962849738e-03,-1.444603271484375118e-01,2.442378245624530486e-01,2.436368594781835456e-02,-9.694092509668125190e-01,1.933338256835937630e+00,0.000000000000000000e+00,0.000000000000000000e+00,0.000000000000000000e+00,1.000000000000000000e+00
9.632182987711858102e-01,1.086236780954236564e-01,2.457873175519120490e-01,-1.096298217773437472e-01,1.115851979433678115e-01,-9.937530762453733457e-01,1.888664289033597371e-03,-1.444660797119140527e-01,2.444570565810733342e-01,2.560703047756667308e-02,-9.693219421213156162e-01,1.933355834960937436e+00,0.000000000000000000e+00,0.000000000000000000e+00,0.000000000000000000e+00,1.000000000000000000e+00
9.632257769125072144e-01,1.086595715079106822e-01,2.457421417075523751e-01,-1.096232452392578161e-01,1.114845488757715969e-01,-9.937631969826015155e-01,2.429749963545188227e-03,-1.444754943847656181e-01,2.444735119665588652e-01,2.505605401169345992e-02,-9.693321907912171298e-01,1.933339477539062434e+00,0.000000000000000000e+00,0.000000000000000000e+00,0.000000000000000000e+00,1.000000000000000000e+00
9.629897254636599069e-01,1.087786386591561988e-01,2.466130499849625568e-01,-1.096167602539062508e-01,1.114269636442447448e-01,-9.937673624019323082e-01,3.234377487366093748e-03,-1.444606475830078063e-01,2.454278313974376513e-01,2.436467106626621915e-02,-9.691086329093265839e-01,1.933305908203124979e+00,0.000000000000000000e+00,0.000000000000000000e+00,0.000000000000000000e+00,1.000000000000000000e+00
9.630980972026856879e-01,1.087314969228101447e-01,2.462103099821200958e-01,-1.096190414428711013e-01,1.114378803258198325e-01,-9.937670009190440190e-01,2.957484210854087470e-03,-1.444795684814453030e-01,2.449972530316513464e-01,2.458880764278994352e-02,-9.692119151896818607e-01,1.933293334960937582e+00,0.000000000000000000e+00,0.000000000000000000e+00,0.000000000000000000e+00,1.000000000000000000e+00
9.631950597006267989e-01,1.086923678879087168e-01,2.458480142918098299e-01,-1.096231765747070347e-01,1.115550262462939729e-01,-9.937556066551792577e-01,2.295726592131860574e-03,-1.444690704345703292e-01,2.445623705468506215e-01,2.521434917495733036e-02,-9.693056708325752391e-01,1.933354614257812631e+00,0.000000000000000000e+00,0.000000000000000000e+00,0.000000000000000000e+00,1.000000000000000000e+00
9.633783374673450250e-01,1.086817463597935379e-01,2.451335491254509613e-01,-1.096241302490234409e-01,1.115594169662182805e-01,-9.937554210504822017e-01,2.158615050548861117e-03,-1.444823455810546886e-01,2.438373953781737546e-01,2.526739284066538416e-02,-9.694869176395439769e-01,1.933341064453125036e+00,0.000000000000000000e+00,0.000000000000000000e+00,0.000000000000000000e+00,1.000000000000000000e+00
9.631113043588778178e-01,1.084333597335494642e-01,2.462901173677826128e-01,-1.096223831176757896e-01,1.115220040024566123e-01,-9.937609560079671001e-01,1.415958123586309736e-03,-1.444549865722656312e-01,2.449070395873044759e-01,2.610304217953059516e-02,-9.691951161399631198e-01,1.933301025390625094e+00,0.000000000000000000e+00,0.000000000000000000e+00,0.000000000000000000e+00,1.000000000000000000e+00
9.631218011636999421e-01,1.085659066717157145e-01,2.461906578888377051e-01,-1.096202316284179690e-01,1.114865847321547671e-01,-9.937637483398213956e-01,2.086602585078754443e-03,-1.444672241210937513e-01,2.448818848913706381e-01,2.543730320093495062e-02,-9.692191733854180757e-01,1.933332519531250071e+00,0.000000000000000000e+00,0.000000000000000000e+00,0.000000000000000000e+00,1.000000000000000000e+00
9.630172203687273891e-01,1.086579418385321266e-01,2.465588873853538365e-01,-1.096235198974609415e-01,1.115064007970528043e-01,-9.937607617524694126e-01,2.423011027310647755e-03,-1.444934844970703069e-01,2.452838271361902078e-01,2.515949277242320037e-02,-9.691247825068026733e-01,1.933347900390625096e+00,0.000000000000000000e+00,0.000000000000000000e+00,0.000000000000000000e+00,1.000000000000000000e+00
9.633096405040195709e-01,1.090087960465144501e-01,2.452582697820940016e-01,-1.096337203979492192e-01,1.115523735336127753e-01,-9.937522503383480199e-01,3.540184527251794347e-03,-1.444664459228515718e-01,2.441118687631437523e-01,2.394884823867490103e-02,-9.694513129585244915e-01,1.933447387695312436e+00,0.000000000000000000e+00,0.000000000000000000e+00,0.000000000000000000e+00,1.000000000000000000e+00
9.632526718857415959e-01,1.088131984852141049e-01,2.455686827353955881e-01,-1.096202239990234362e-01,1.114623316516665658e-01,-9.937637355651992577e-01,3.128337941239621098e-03,-1.444526977539062618e-01,2.443776559502809087e-01,2.435827807785494181e-02,-9.693741463239712308e-01,1.933304565429687649e+00,0.000000000000000000e+00,0.000000000000000000e+00,0.000000000000000000e+00,1.000000000000000000e+00
9.631087865307307316e-01,1.084494550928878642e-01,2.462928764649101876e-01,-1.096271820068359382e-01,1.114934085801861097e-01,-9.937638931739157799e-01,1.595138550082980319e-03,-1.444546203613281399e-01,2.449299596833255654e-01,2.592374035277272143e-02,-9.691941366597544016e-01,1.933338256835937630e+00,0.000000000000000000e+00,0.000000000000000000e+00,0.000000000000000000e+00,1.000000000000000000e+00
9.631574382845207172e-01,1.087244804662951952e-01,2.459811708739806924e-01,-1.096243209838867194e-01,1.115188755716603058e-01,-9.937589555482357895e-01,2.584310142442635197e-03,-1.444698028564453118e-01,2.447269692298599808e-01,2.494244605113900282e-02,-9.692711617068536789e-01,1.933335693359375052e+00,0.000000000000000000e+00,0.000000000000000000e+00,0.000000000000000000e+00,1.000000000000000000e+00
9.630739361212479199e-01,1.086548804057820977e-01,2.463386094950028860e-01,-1.096255722045898495e-01,1.114833514851137491e-01,-9.937632113002936585e-01,2.478347791253129526e-03,-1.444796600341796966e-01,2.450715322218656456e-01,2.507582162428603767e-02,-9.691806577023160951e-01,1.933343505859375089e+00,0.000000000000000000e+00,0.000000000000000000e+00,0.000000000000000000e+00,1.000000000000000000e+00
9.629242812149486630e-01,1.085596433410070116e-01,2.469648405833270444e-01,-1.096246719360351590e-01,1.114164156198294287e-01,-9.937708600767746203e-01,2.420742179081534357e-03,-1.444693756103515581e-01,2.456892569427980011e-01,2.518494589911808232e-02,-9.690214174738113195e-01,1.933339233398437607e+00,0.000000000000000000e+00,0.000000000000000000e+00,0.000000000000000000e+00,1.000000000000000000e+00
9.631850919491428131e-01,1.087888877398813653e-01,2.458443746585247391e-01,-1.096201629638671876e-01,1.114623691730508154e-01,-9.937639529083931444e-01,3.057148706866331944e-03,-1.444707641601562509e-01,2.446438613684228935e-01,2.445779638898104916e-02,-9.693044915250023097e-01,1.933324707031250034e+00,0.000000000000000000e+00,0.000000000000000000e+00,0.000000000000000000e+00,1.000000000000000000e+00
9.630626889773052923e-01,1.085698230170686063e-01,2.464200694542642844e-01,-1.096217956542968747e-01,1.114781784179448010e-01,-9.937645336898233150e-01,2.160397385834334633e-03,-1.444719238281250151e-01,2.451180793748574394e-01,2.538986235272367234e-02,-9.691607101267007973e-01,1.933361328124999945e+00,0.000000000000000000e+00,0.000000000000000000e+00,0.000000000000000000e+00,1.000000000000000000e+00
9.632523217892865475e-01,1.085828962925582952e-01,2.456719747962070322e-01,-1.096206970214843729e-01,1.114758307430822326e-01,-9.937648343953930929e-01,2.143147040355709854e-03,-1.444580841064453114e-01,2.443728784617645033e-01,2.532209611814225866e-02,-9.693506526126112188e-01,1.933360961914062592e+00,0.000000000000000000e+00,0.000000000000000000e+00,0.000000000000000000e+00,1.000000000000000000e+00
9.633243010883719704e-01,1.086851113357433923e-01,2.453443243821567810e-01,-1.096198730468749966e-01,1.114773388020080941e-01,-9.937637786784531135e-01,2.520936402413961192e-03,-1.444745635986328103e-01,2.440882911288909385e-01,2.492185307435580005e-02,-9.694327245214690025e-01,1.933305908203124979e+00,0.000000000000000000e+00,0.000000000000000000e+00,0.000000000000000000e+00,1.000000000000000000e+00
9.631565343787632516e-01,1.086222547582623155e-01,2.460298682166896789e-01,-1.096221618652343799e-01,1.115295264217883442e-01,-9.937588388239598780e-01,2.129552860774139300e-03,-1.444698944091796777e-01,2.447256729883935666e-01,2.538850193466279243e-02,-9.692599078420048864e-01,1.933311645507812537e+00,0.000000000000000000e+00,0.000000000000000000e+00,0.000000000000000000e+00,1.000000000000000000e+00
9.630659135150723138e-01,1.084521917998778756e-01,2.464592630013761609e-01,-1.096185150146484349e-01,1.114664395785669865e-01,-9.937666909877693744e-01,1.731106841490130666e-03,-1.444682769775390563e-01,2.451107485873613712e-01,2.580476655622916324e-02,-9.691516057614111279e-01,1.933323608398437532e+00,0.000000000000000000e+00,0.000000000000000000e+00,0.000000000000000000e+00,1.000000000000000000e+00
9.631122068351561927e-01,1.084973499590988072e-01,2.462584051295877430e-01,-1.096129989624023415e-01,1.114685660215562896e-01,-9.937661719983396091e-01,1.885253527903477805e-03,-1.444729309082031232e-01,2.449278175998252371e-01,2.563436060484772239e-02,-9.692023750085260181e-01,1.933291748046874980e+00,0.000000000000000000e+00,0.000000000000000000e+00,0.000000000000000000e+00,1.000000000000000000e+00
9.628717302306430970e-01,1.087435851010457727e-01,2.470887772077457467e-01,-1.096163330078124970e-01,1.114045319527923600e-01,-9.937698951059634744e-01,3.228907162067204753e-03,-1.444352874755859273e-01,2.459005111483639205e-01,2.441778614972294620e-02,-9.689874665528546149e-01,1.933278320312500131e+00,0.000000000000000000e+00,0.000000000000000000e+00,0.000000000000000000e+00,1.000000000000000000e+00
9.629910359566902223e-01,1.087744389022486102e-01,2.466097851030284172e-01,-1.096147003173828099e-01,1.115063110287280168e-01,-9.937594838788870177e-01,2.903584256201612729e-03,-1.444667510986328285e-01,2.453866485117424945e-01,2.470242178955893431e-02,-9.691105112885245454e-01,1.933306030273437504e+00,0.000000000000000000e+00,0.000000000000000000e+00,0.000000000000000000e+00,1.000000000000000000e+00
9.631813877035778626e-01,1.089089304894036159e-01,2.458057347603279374e-01,-1.096207733154296871e-01,1.115256315474216220e-01,-9.937561008435270571e-01,3.293257387238318623e-03,-1.444537658691406323e-01,2.446296136802721677e-01,2.424163558681831712e-02,-9.693135175033499307e-01,1.933364746093749975e+00,0.000000000000000000e+00,0.000000000000000000e+00,0.000000000000000000e+00,1.000000000000000000e+00
9.632861129797724020e-01,1.087534302104213729e-01,2.454639606088609427e-01,-1.096317138671875080e-01,1.115584670370630554e-01,-9.937547494389106228e-01,2.491264728834150996e-03,-1.444619293212890676e-01,2.442019102559641053e-01,2.498378244132829634e-02,-9.694025158014923926e-01,1.933387695312499988e+00,0.000000000000000000e+00,0.000000000000000000e+00,0.000000000000000000e+00,1.000000000000000000e+00
9.632027892955489223e-01,1.086637318928975332e-01,2.458303888138798632e-01,-1.096241683959960911e-01,1.115213635957574140e-01,-9.937593514290331553e-01,2.310175121178937793e-03,-1.444537506103515667e-01,2.445472799992217117e-01,2.519017305331837375e-02,-9.693101067390798020e-01,1.933341674804687438e+00,0.000000000000000000e+00,0.000000000000000000e+00,0.000000000000000000e+00,1.000000000000000000e+00
9.631966552099281431e-01,1.087469726262567521e-01,2.458176139682247685e-01,-1.096186447143554649e-01,1.114686157573828301e-01,-9.937638441936255118e-01,2.858264270626490952e-03,-1.444770050048828081e-01,2.445954846139641314e-01,2.464787857264722631e-02,-9.693118853023151571e-01,1.933301513671874972e+00,0.000000000000000000e+00,0.000000000000000000e+00,0.000000000000000000e+00,1.000000000000000000e+00
9.629383260202797334e-01,1.085774464166323477e-01,2.469022446453353337e-01,-1.096171112060546904e-01,1.114027947293504545e-01,-9.937720885655720870e-01,2.540337479769059700e-03,-1.444900665283203045e-01,2.456403826893124864e-01,2.505941175814475896e-02,-9.690370623843982401e-01,1.933303466796875147e+00,0.000000000000000000e+00,0.000000000000000000e+00,0.000000000000000000e+00,1.000000000000000000e+00
9.632302057901220849e-01,1.086718606196470094e-01,2.457193467413243404e-01,-1.096348190307617210e-01,1.115001211358526700e-01,-9.937614837484531893e-01,2.415865220411489087e-03,-1.444580535888671802e-01,2.444489591718674859e-01,2.507070257366209032e-02,-9.693380041204686659e-01,1.933344482421875066e+00,0.000000000000000000e+00,0.000000000000000000e+00,0.000000000000000000e+00,1.000000000000000000e+00
9.629209261070200698e-01,1.082908014678160419e-01,2.470959173735116365e-01,-1.096221542358398471e-01,1.114299904501949573e-01,-9.937714528995914565e-01,1.287101435406921152e-03,-1.444572143554687660e-01,2.456962500598426080e-01,2.629451880703684991e-02,-9.689901707381959328e-01,1.933331787109375144e+00,0.000000000000000000e+00,0.000000000000000000e+00,0.000000000000000000e+00,1.000000000000000000e+00
9.631352163640134467e-01,1.087423599583239725e-01,2.460602652809658897e-01,-1.096319351196289038e-01,1.114848564848890805e-01,-9.937621872619317731e-01,2.800346929386987940e-03,-1.444488677978515712e-01,2.448299037576674164e-01,2.473488061575278285e-02,-9.692504856366777055e-01,1.933378295898437571e+00,0.000000000000000000e+00,0.000000000000000000e+00,0.000000000000000000e+00,1.000000000000000000e+00
9.630923439791680973e-01,1.087022871135853025e-01,2.462457101047403341e-01,-1.096229095458984421e-01,1.114817705068555515e-01,-9.937628967529386070e-01,2.668310676321929142e-03,-1.444636077880859515e-01,2.449999016599168633e-01,2.488207815847081131e-02,-9.692037610188826147e-01,1.933325073242187608e+00,0.000000000000000000e+00,0.000000000000000000e+00,0.000000000000000000e+00,1.000000000000000000e+00
9.630701611844132426e-01,1.087708411431551614e-01,2.463021899075180099e-01,-1.096188430786132900e-01,1.114160876034740455e-01,-9.937686488957619968e-01,3.213704253184393109e-03,-1.444890899658203276e-01,2.451169517992657365e-01,2.434700369455020108e-02,-9.691877544375673281e-01,1.933315185546875092e+00,0.000000000000000000e+00,0.000000000000000000e+00,0.000000000000000000e+00,1.000000000000000000e+00
9.630770896195275377e-01,1.089899846866501654e-01,2.461781929578331918e-01,-1.096178207397461024e-01,1.114435621507041119e-01,-9.937627676640701235e-01,3.986735482720634230e-03,-1.444752349853515583e-01,2.450772366115272771e-01,2.359544114126282260e-02,-9.692163861863904994e-01,1.933301025390625094e+00,0.000000000000000000e+00,0.000000000000000000e+00,0.000000000000000000e+00,1.000000000000000000e+00
9.632429457152684726e-01,1.088094121042179618e-01,2.456085083365542321e-01,-1.096259002685546907e-01,1.115357112298026587e-01,-9.937564085051320273e-01,2.825893742446249773e-03,-1.444705047607421911e-01,2.443825129796214357e-01,2.467209744865621682e-02,-9.693649854194494875e-01,1.933311889648437587e+00,0.000000000000000000e+00,0.000000000000000000e+00,0.000000000000000000e+00,1.000000000000000000e+00
9.631898034279661180e-01,1.086577342464989937e-01,2.458839144002983312e-01,-1.096231765747070347e-01,1.114186141489020287e-01,-9.937698982335875231e-01,2.698478449704264093e-03,-1.444461822509765792e-01,2.446452431451184295e-01,2.479689805646323811e-02,-9.692955270985436078e-01,1.933317749023437448e+00,0.000000000000000000e+00,0.000000000000000000e+00,0.000000000000000000e+00,1.000000000000000000e+00
9.631316448187106083e-01,1.085210289734147987e-01,2.461719338579369531e-01,-1.096141738891601575e-01,1.115125320337908427e-01,-9.937614000801477943e-01,1.798585599162367404e-03,-1.444781341552734411e-01,2.448313500110188001e-01,2.571898095368493550e-02,-9.692245065362752321e-01,1.933296020507812463e+00,0.000000000000000000e+00,0.000000000000000000e+00,0.000000000000000000e+00,1.000000000000000000e+00
9.632435802113351597e-01,1.089301554914350739e-01,2.455524921605587996e-01,-1.096260223388671878e-01,1.115196721750852243e-01,-9.937564856780841671e-01,3.377852972756317101e-03,-1.444869842529296899e-01,2.443873317085217267e-01,2.413023823661540612e-02,-9.693774103531779263e-01,1.933335937500000101e+00,0.000000000000000000e+00,0.000000000000000000e+00,0.000000000000000000e+00,1.000000000000000000e+00
9.630732373878958530e-01,1.088482198576971038e-01,2.462559734524385480e-01,-1.096232986450195318e-01,1.114662286811626823e-01,-9.937626551144471687e-01,3.326434049070986498e-03,-1.444580688476562458e-01,2.450820664406035965e-01,2.424562504235571944e-02,-9.691991180224572844e-01,1.933296997070312440e+00,0.000000000000000000e+00,0.000000000000000000e+00,0.000000000000000000e+00,1.000000000000000000e+00
9.630970301890813268e-01,1.089093253800853117e-01,2.461358756586011221e-01,-1.096262741088867149e-01,1.115405910880765267e-01,-9.937545006025045868e-01,3.269414624860762092e-03,-1.444763641357421913e-01,2.449547039366546941e-01,2.430537754328152694e-02,-9.692298187952042010e-01,1.933331298828125044e+00,0.000000000000000000e+00,0.000000000000000000e+00,0.000000000000000000e+00,1.000000000000000000e+00
9.630227539537848935e-01,1.089998631295130277e-01,2.463862926483852966e-01,-1.096176757812500069e-01,1.114256393269602713e-01,-9.937642401091640876e-01,4.118492543905817593e-03,-1.444698333740234431e-01,2.452988020106223188e-01,2.348754814797554547e-02,-9.691629547264745126e-01,1.933276367187499956e+00,0.000000000000000000e+00,0.000000000000000000e+00,0.000000000000000000e+00,1.000000000000000000e+00
9.630985797999583875e-01,1.086933080633080695e-01,2.462252837739422884e-01,-1.096238098144531325e-01,1.114441213993477842e-01,-9.937668176939361553e-01,2.778462883455975682e-03,-1.444633483886718917e-01,2.449925170139509445e-01,2.476442675940872945e-02,-9.692086409924579593e-01,1.933324584960937509e+00,0.000000000000000000e+00,0.000000000000000000e+00,0.000000000000000000e+00,1.000000000000000000e+00
9.631778854694386105e-01,1.088234658356323215e-01,2.458573046019615627e-01,-1.096235580444335916e-01,1.114589263721485479e-01,-9.937638458904631822e-01,3.213461212415849588e-03,-1.444694061279296893e-01,2.446738005479718592e-01,2.430785643607217758e-02,-9.693007064068892564e-01,1.933306274414062553e+00,0.000000000000000000e+00,0.000000000000000000e+00,0.000000000000000000e+00,1.000000000000000000e+00
9.631337070449496052e-01,1.087329756976160994e-01,2.460703199286640996e-01,-1.096233291625976630e-01,1.115221161169538816e-01,-9.937585101427334200e-01,2.615556478393966586e-03,-1.444593658447265727e-01,2.448188717616559262e-01,2.492315218499945029e-02,-9.692484493227283560e-01,1.933330810546874945e+00,0.000000000000000000e+00,0.000000000000000000e+00,0.000000000000000000e+00,1.000000000000000000e+00
9.630674242793575424e-01,1.085651450282330288e-01,2.464036233031542955e-01,-1.096248550415039047e-01,1.114600680402207389e-01,-9.937664534446275511e-01,2.211162715903445056e-03,-1.444689636230468699e-01,2.451077100468146974e-01,2.533466583725881710e-02,-9.691647771057927407e-01,1.933335815429687576e+00,0.000000000000000000e+00,0.000000000000000000e+00,0.000000000000000000e+00,1.000000000000000000e+00
9.627673267389790235e-01,1.082458278783283295e-01,2.477133732982845227e-01,-1.096203765869140645e-01,1.114478878498360997e-01,-9.937696681817654865e-01,1.102223078145295188e-03,-1.444786376953124951e-01,2.462893478364224786e-01,2.654594787983584683e-02,-9.688327357152372032e-01,1.933274780273437576e+00,0.000000000000000000e+00,0.000000000000000000e+00,0.000000000000000000e+00,1.000000000000000000e+00
9.630517413886435785e-01,1.086351947088663866e-01,2.464340436686215940e-01,-1.096221618652343799e-01,1.114717800999615177e-01,-9.937645701034215628e-01,2.453863995395728220e-03,-1.444724121093750036e-01,2.451639974581243941e-01,2.510724353107614271e-02,-9.691564583041399894e-01,1.933313354492187441e+00,0.000000000000000000e+00,0.000000000000000000e+00,0.000000000000000000e+00,1.000000000000000000e+00
9.631805766780821010e-01,1.087194547577067655e-01,2.458927751424679065e-01,-1.096225738525390681e-01,1.115139421459399177e-01,-9.937595358796000866e-01,2.574015429946950248e-03,-1.444873962402343781e-01,2.446381356558075260e-01,2.494123103514719192e-02,-9.692936178358455557e-01,1.933327148437500087e+00,0.000000000000000000e+00,0.000000000000000000e+00,0.000000000000000000e+00,1.000000000000000000e+00
9.631017814726435811e-01,1.087258990308713064e-01,2.461983700274020248e-01,-1.096175918579101599e-01,1.114690431448120550e-01,-9.937639336053408767e-01,2.810104200930828300e-03,-1.444747772216797010e-01,2.449685917512708921e-01,2.473708036872663760e-02,-9.692153867485960861e-01,1.933279907226562511e+00,0.000000000000000000e+00,0.000000000000000000e+00,0.000000000000000000e+00,1.000000000000000000e+00
9.630115525825625467e-01,1.087315423590375363e-01,2.465485779491483065e-01,-1.096165390014648411e-01,1.114720139443215463e-01,-9.937634642327218826e-01,2.857842433807379970e-03,-1.444740295410156250e-01,2.453217065400438712e-01,2.473113123988293638e-02,-9.691262205966136856e-01,1.933309936523437633e+00,0.000000000000000000e+00,0.000000000000000000e+00,0.000000000000000000e+00,1.000000000000000000e+00
9.629309601813118569e-01,1.085747106819889840e-01,2.469321731257788088e-01,-1.096205978393554742e-01,1.114844425798834082e-01,-9.937637212948506882e-01,2.210271671815262906e-03,-1.444483489990234515e-01,2.456322148801941552e-01,2.540075665276408934e-02,-9.690302454384576158e-01,1.933306396484375078e+00,0.000000000000000000e+00,0.000000000000000000e+00,0.000000000000000000e+00,1.000000000000000000e+00
9.631834646847958759e-01,1.089707463755791722e-01,2.457701971194674595e-01,-1.096256484985351637e-01,1.115051202701659722e-01,-9.937572527650921916e-01,3.623634958517555835e-03,-1.444652709960937420e-01,2.446307861069994538e-01,2.391441011453073612e-02,-9.693213499544646172e-01,1.933354003906250007e+00,0.000000000000000000e+00,0.000000000000000000e+00,0.000000000000000000e+00,1.000000000000000000e+00
9.631165549017501881e-01,1.088070253978929425e-01,2.461047193741845995e-01,-1.096268234252929658e-01,1.115068675698191736e-01,-9.937591893799893050e-01,2.981946946788282399e-03,-1.444723205566406377e-01,2.448932832050537689e-01,2.457040388127419012e-02,-9.692386574493201401e-01,1.933347534179687521e+00,0.000000000000000000e+00,0.000000000000000000e+00,0.000000000000000000e+00,1.000000000000000000e+00
9.630609095157709465e-01,1.087329544950046689e-01,2.463550875655778905e-01,-1.096255416870117183e-01,1.114082935466822744e-01,-9.937698982668394798e-01,3.095388139215300011e-03,-1.444737091064453027e-01,2.451568410052482605e-01,2.446495259556749277e-02,-9.691746949868349503e-01,1.933318725585937647e+00,0.000000000000000000e+00,0.000000000000000000e+00,0.000000000000000000e+00,1.000000000000000000e+00
9.630325086467840245e-01,1.085854792819778980e-01,2.465310953583444431e-01,-1.096245498657226619e-01,1.114962751507145022e-01,-9.937624943466235594e-01,2.164591761301489295e-03,-1.444808349609374987e-01,2.452283994911644283e-01,2.540272660719867376e-02,-9.691324644051101389e-01,1.933330444335937592e+00,0.000000000000000000e+00,0.000000000000000000e+00,0.000000000000000000e+00,1.000000000000000000e+00
9.628948999274778986e-01,1.088652552155175979e-01,2.469448681396577971e-01,-1.096147460937500068e-01,1.114504229696673676e-01,-9.937637315974995333e-01,3.528311394352305272e-03,-1.444515228271484319e-01,2.457889641817447568e-01,2.412471695737575250e-02,-9.690231076286012213e-01,1.933287963867187598e+00,0.000000000000000000e+00,0.000000000000000000e+00,0.000000000000000000e+00,1.000000000000000000e+00
9.630873048261149316e-01,1.090352610329758526e-01,2.461181731084510771e-01,-1.096284713745117184e-01,1.114359566083123337e-01,-9.937627604494373434e-01,4.195654740946777941e-03,-1.444664916992187409e-01,2.450405494149101027e-01,2.338563224259110340e-02,-9.692307472150548664e-01,1.933331298828125044e+00,0.000000000000000000e+00,0.000000000000000000e+00,0.000000000000000000e+00,1.000000000000000000e+00
9.630783238949529590e-01,1.086754059533013850e-01,2.463123995753628837e-01,-1.096244506835937493e-01,1.114677336009708974e-01,-9.937645969372033150e-01,2.621114286127389920e-03,-1.444650878906250102e-01,2.450613931437407578e-01,2.493154658506176180e-02,-9.691869435642050945e-01,1.933294189453125034e+00,0.000000000000000000e+00,0.000000000000000000e+00,0.000000000000000000e+00,1.000000000000000000e+00
9.631668119975853593e-01,1.089028160823204000e-01,2.458655504859282026e-01,-1.096225357055664040e-01,1.114525199733452238e-01,-9.937633691198906050e-01,3.563984718699172299e-03,-1.444570465087890720e-01,2.447203057737532828e-01,2.396962337677284102e-02,-9.692973893997529622e-01,1.933290283203125126e+00,0.000000000000000000e+00,0.000000000000000000e+00,0.000000000000000000e+00,1.000000000000000000e+00
9.631585139766641879e-01,1.087237742199730212e-01,2.459772710508606464e-01,-1.096309814453124976e-01,1.115394089634332148e-01,-9.937568675579541155e-01,2.499685878439386957e-03,-1.444858703613281226e-01,2.447133776530254212e-01,2.502856569536507370e-02,-9.692723733279932086e-01,1.933330078125000018e+00,0.000000000000000000e+00,0.000000000000000000e+00,0.000000000000000000e+00,1.000000000000000000e+00
9.632084359843312571e-01,1.089828677354658382e-01,2.456669358883541432e-01,-1.096257171630859450e-01,1.115677961925072570e-01,-9.937509593625403204e-01,3.414325523145236504e-03,-1.444780273437500095e-01,2.445038562096023549e-01,2.411981148733953473e-02,-9.693482857015064402e-01,1.933344848632812640e+00,0.000000000000000000e+00,0.000000000000000000e+00,0.000000000000000000e+00,1.000000000000000000e+00
9.631721588767027109e-01,1.088927522923879287e-01,2.458490611391077330e-01,-1.096245956420898449e-01,1.114728478637712350e-01,-9.937615237185327688e-01,3.440663564001968447e-03,-1.444871368408203183e-01,2.446900009275667365e-01,2.409154363690255846e-02,-9.693020174183374360e-01,1.933325927734375060e+00,0.000000000000000000e+00,0.000000000000000000e+00,0.000000000000000000e+00,1.000000000000000000e+00
9.632363914458917931e-01,1.088939155340065829e-01,2.455967616927588193e-01,-1.096282653808593743e-01,1.115080322256615658e-01,-9.937581188236342955e-01,3.280247135927158442e-03,-1.444745025634765756e-01,2.444209748435226814e-01,2.422635820309307006e-02,-9.693665305882795957e-01,1.933364013671875048e+00,0.000000000000000000e+00,0.000000000000000000e+00,0.000000000000000000e+00,1.000000000000000000e+00
9.629452505176502308e-01,1.084801656347468141e-01,2.469179988768701317e-01,-1.096245422363281291e-01,1.114620557574785148e-01,-9.937668508991667204e-01,1.912114084078280277e-03,-1.444733886718750082e-01,2.455863486267445273e-01,2.568072658262762764e-02,-9.690344914657950115e-01,1.933316528320312644e+00,0.000000000000000000e+00,0.000000000000000000e+00,0.000000000000000000e+00,1.000000000000000000e+00
9.629904036041241344e-01,1.083919180748299238e-01,2.467806205163316502e-01,-1.096247787475585905e-01,1.114536536794699384e-01,-9.937683912325112612e-01,1.570881486041201744e-03,-1.444731750488281175e-01,2.454130510952159949e-01,2.599185801757485786e-02,-9.690700994607825969e-01,1.933335571289062527e+00,0.000000000000000000e+00,0.000000000000000000e+00,0.000000000000000000e+00,1.000000000000000000e+00
9.629086835363557251e-01,1.084452978361848119e-01,2.470758679990899542e-01,-1.096284332275390683e-01,1.113911970608029434e-01,-9.937744865795884452e-01,2.066649664751870133e-03,-1.444605712890625060e-01,2.457618123054188530e-01,2.553208179323848692e-02,-9.689939341459573585e-01,1.933358276367187489e+00,0.000000000000000000e+00,0.000000000000000000e+00,0.000000000000000000e+00,1.000000000000000000e+00
9.630599243444456503e-01,1.087729729590411754e-01,2.463412723749767441e-01,-1.096350173950195322e-01,1.115266205965157742e-01,-9.937575318915273792e-01,2.789391901664273199e-03,-1.444852600097656370e-01,2.451069052882672572e-01,2.478725806764317530e-02,-9.691791355665352325e-01,1.933353637695312432e+00,0.000000000000000000e+00,0.000000000000000000e+00,0.000000000000000000e+00,1.000000000000000000e+00
9.632582829228614196e-01,1.086691104394192919e-01,2.456104737522535886e-01,-1.096339797973632790e-01,1.115298845578267528e-01,-9.937584762973085128e-01,2.275002806548666323e-03,-1.444761199951171970e-01,2.443247126899343868e-01,2.520149248670121994e-02,-9.693659368604944371e-01,1.933396118164062649e+00,0.000000000000000000e+00,0.000000000000000000e+00,0.000000000000000000e+00,1.000000000000000000e+00
9.630007808751169796e-01,1.088538098504937962e-01,2.465366993267897600e-01,-1.096268386840820314e-01,1.114405981142864849e-01,-9.937650069327722546e-01,3.479092961935617567e-03,-1.444717864990234524e-01,2.453782572394006822e-01,2.412382799101833036e-02,-9.691272113593832893e-01,1.933348632812500023e+00,0.000000000000000000e+00,0.000000000000000000e+00,0.000000000000000000e+00,1.000000000000000000e+00
9.630270931636656373e-01,1.083441067911425776e-01,2.466584122959738778e-01,-1.096233749389648460e-01,1.114723971473794289e-01,-9.937666951397460258e-01,1.288528325130088373e-03,-1.444652099609375073e-01,2.452605196662480946e-01,2.625471680778977690e-02,-9.691016290040922465e-01,1.933308837890625131e+00,0.000000000000000000e+00,0.000000000000000000e+00,0.000000000000000000e+00,1.000000000000000000e+00
9.630967298949653088e-01,1.088858696535860426e-01,2.461474278870410259e-01,-1.096228256225585951e-01,1.114294011779524696e-01,-9.937657783416677937e-01,3.614740668642790408e-03,-1.444734649658203085e-01,2.450064844422423227e-01,2.394671557355801395e-02,-9.692256586546252883e-01,1.933316162109375069e+00,0.000000000000000000e+00,0.000000000000000000e+00,0.000000000000000000e+00,1.000000000000000000e+00
9.631018217393794156e-01,1.087953970642605572e-01,2.461675091069464583e-01,-1.096323394775390592e-01,1.114844561455193561e-01,-9.937615595690443282e-01,3.029646982434908153e-03,-1.444808654785156299e-01,2.449614194117646360e-01,2.452599234547483617e-02,-9.692225640683584942e-01,1.933355712890625133e+00,0.000000000000000000e+00,0.000000000000000000e+00,0.000000000000000000e+00,1.000000000000000000e+00
9.631639287047517595e-01,1.085993873717922276e-01,2.460110150064404311e-01,-1.096322250366210949e-01,1.114459714350062303e-01,-9.937676801545740624e-01,2.365022432026150576e-03,-1.444738464355468655e-01,2.447346356626609876e-01,2.513903225399947289e-02,-9.692641472603826802e-01,1.933368530273437580e+00,0.000000000000000000e+00,0.000000000000000000e+00,0.000000000000000000e+00,1.000000000000000000e+00
9.631338612405346833e-01,1.084774796269247360e-01,2.461824562102042091e-01,-1.096236953735351544e-01,1.115177333223945216e-01,-9.937611539728596899e-01,1.601252374350405766e-03,-1.444602203369140525e-01,2.448202615931416026e-01,2.591148911817293260e-02,-9.692221800212503791e-01,1.933341918945312488e+00,0.000000000000000000e+00,0.000000000000000000e+00,0.000000000000000000e+00,1.000000000000000000e+00
9.632058535544675282e-01,1.088599377496951431e-01,2.457315560353265371e-01,-1.096330184936523400e-01,1.115299558714792222e-01,-9.937563359635209759e-01,3.068171387664160935e-03,-1.444784698486328289e-01,2.445312917025471711e-01,2.445114896054342846e-02,-9.693330638602984939e-01,1.933342895507812464e+00,0.000000000000000000e+00,0.000000000000000000e+00,0.000000000000000000e+00,1.000000000000000000e+00
9.631256190542734075e-01,1.086168135775525262e-01,2.461532647144505648e-01,-1.096239166259765641e-01,1.115189939683179782e-01,-9.937599502697134213e-01,2.162226683666888458e-03,-1.444887237548828085e-01,2.448521102739721622e-01,2.536826852973023821e-02,-9.692285050730744533e-01,1.933323608398437532e+00,0.000000000000000000e+00,0.000000000000000000e+00,0.000000000000000000e+00,1.000000000000000000e+00
9.631811182082932188e-01,1.086011061444832199e-01,2.459429471873851303e-01,-1.096220703125000001e-01,1.115031685688942648e-01,-9.937617779861425138e-01,2.138226582473914603e-03,-1.444786376953124951e-01,2.446409142521319691e-01,2.536391842787573403e-02,-9.692819479985510522e-01,1.933338989257812557e+00,0.000000000000000000e+00,0.000000000000000000e+00,0.000000000000000000e+00,1.000000000000000000e+00
9.633054520393116160e-01,1.087746610953187199e-01,2.453786444964920210e-01,-1.096251983642578115e-01,1.116021184620351325e-01,-9.937500827091911848e-01,2.395886111963851234e-03,-1.444815063476562467e-01,2.441056599633100455e-01,2.507680639703106090e-02,-9.694243552515082740e-01,1.933296630859375087e+00,0.000000000000000000e+00,0.000000000000000000e+00,0.000000000000000000e+00,1.000000000000000000e+00
9.631078745778330896e-01,1.087361271350988784e-01,2.461700156026913056e-01,-1.096170196533203106e-01,1.114564831884373025e-01,-9.937650881510592393e-01,2.898607835456805393e-03,-1.444525756835937647e-01,2.449503506456671142e-01,2.464557217387724694e-02,-9.692223282048281208e-01,1.933288696289062525e+00,0.000000000000000000e+00,0.000000000000000000e+00,0.000000000000000000e+00,1.000000000000000000e+00
9.630662077085356820e-01,1.087358427837583352e-01,2.463330998140644268e-01,-1.096170196533203106e-01,1.114728303486663130e-01,-9.937633959331459987e-01,2.849736387611708638e-03,-1.444676055908203083e-01,2.451066862897817722e-01,2.471496302904805514e-02,-9.691810372363440784e-01,1.933240356445312447e+00,0.000000000000000000e+00,0.000000000000000000e+00,0.000000000000000000e+00,1.000000000000000000e+00
9.630454200997857761e-01,1.087414319380215488e-01,2.464118905509547208e-01,-1.096241836547851567e-01,1.115273334701886998e-01,-9.937577924981679800e-01,2.665283886840235858e-03,-1.444661254882812496e-01,2.451635631855932640e-01,2.491487164800872123e-02,-9.691615326956113385e-01,1.933317260742187571e+00,0.000000000000000000e+00,0.000000000000000000e+00,0.000000000000000000e+00,1.000000000000000000e+00
9.631156545299813798e-01,1.087414091063450966e-01,2.461372420923989279e-01,-1.096190109252929701e-01,1.115052780324375242e-01,-9.937601091872835246e-01,2.723666460397979744e-03,-1.444733886718750082e-01,2.448975479056385296e-01,2.482239580792276745e-02,-9.692311590617382899e-01,1.933293701171874934e+00,0.000000000000000000e+00,0.000000000000000000e+00,0.000000000000000000e+00,1.000000000000000000e+00
9.633724136756892653e-01,1.087157746687863191e-01,2.451417404418162749e-01,-1.096260910034179692e-01,1.115823375944413332e-01,-9.937527393836848022e-01,2.207918563431015072e-03,-1.444806518554687669e-01,2.438503116783680980e-01,2.522644060481574885e-02,-9.694847354078220958e-01,1.933334350585937500e+00,0.000000000000000000e+00,0.000000000000000000e+00,0.000000000000000000e+00,1.000000000000000000e+00
9.630231319015175595e-01,1.086803519936020840e-01,2.465259185423286925e-01,-1.096202239990234362e-01,1.114475732444655393e-01,-9.937665281590898347e-01,2.743342586774123390e-03,-1.444565277099609524e-01,2.452873536090102169e-01,2.483281299361130012e-02,-9.691323158157055806e-01,1.933300170898437642e+00,0.000000000000000000e+00,0.000000000000000000e+00,0.000000000000000000e+00,1.000000000000000000e+00
9.629960392818615045e-01,1.085384199707105507e-01,2.466942231137756458e-01,-1.096299667358398428e-01,1.115098667908509672e-01,-9.937614398690273187e-01,1.936553052337643480e-03,-1.444632263183593668e-01,2.453653967774069300e-01,2.564394703822923949e-02,-9.690914353375363888e-01,1.933294311523437559e+00,0.000000000000000000e+00,0.000000000000000000e+00,0.000000000000000000e+00,1.000000000000000000e+00
9.630671533016886832e-01,1.084435274725631670e-01,2.464582309047300690e-01,-1.096277694702148392e-01,1.114637853575172755e-01,-9.937670318761865351e-01,1.706138847765761510e-03,-1.444627838134765752e-01,2.451070843226590967e-01,2.582804106590306376e-02,-9.691519125036812676e-01,1.933316772460937472e+00,0.000000000000000000e+00,0.000000000000000000e+00,0.000000000000000000e+00,1.000000000000000000e+00
9.631733506446905624e-01,1.086776108945371466e-01,2.459395728591395602e-01,-1.096243972778320336e-01,1.114293732489420874e-01,-9.937685702404640553e-01,2.742914430361400105e-03,-1.444678955078124993e-01,2.447051110729573098e-01,2.476299037838358696e-02,-9.692812816320616198e-01,1.933298950195312615e+00,0.000000000000000000e+00,0.000000000000000000e+00,0.000000000000000000e+00,1.000000000000000000e+00
9.632556112198560339e-01,1.089781028719532252e-01,2.454840128152783185e-01,-1.096229705810546906e-01,1.115074813673005705e-01,-9.937570174652867738e-01,3.615499636139232753e-03,-1.444716033935546928e-01,2.443454707020019101e-01,2.389065367309535504e-02,-9.693938970379840647e-01,1.933314941406250043e+00,0.000000000000000000e+00,0.000000000000000000e+00,0.000000000000000000e+00,1.000000000000000000e+00
9.632524113204573579e-01,1.086524443033846515e-01,2.456408728860576540e-01,-1.096246795654296918e-01,1.115191555598967349e-01,-9.937597314129612558e-01,2.252590785484656979e-03,-1.444676361083984395e-01,2.443527573581521783e-01,2.522384920941274367e-02,-9.693582863949371520e-01,1.933305664062500151e+00,0.000000000000000000e+00,0.000000000000000000e+00,0.000000000000000000e+00,1.000000000000000000e+00
9.631411989020555176e-01,1.086146109780671554e-01,2.460932694317227998e-01,-1.096313323974609372e-01,1.114874086270855880e-01,-9.937632496305188745e-01,2.271871785177757841e-03,-1.444697418212890772e-01,2.448052056128068033e-01,2.524816757458209215e-02,-9.692434891909242900e-01,1.933320068359374977e+00,0.000000000000000000e+00,0.000000000000000000e+00,0.000000000000000000e+00,1.000000000000000000e+00
9.630222237766334903e-01,1.084568495732349258e-01,2.466278741200125246e-01,-1.096170196533203106e-01,1.115111868229691494e-01,-9.937619040826080052e-01,1.591605303626607640e-03,-1.444646759033203220e-01,2.452620062823447911e-01,2.596901566787525317e-02,-9.691089507891261778e-01,1.933304077148437550e+00,0.000000000000000000e+00,0.000000000000000000e+00,0.000000000000000000e+00,1.000000000000000000e+00
9.629426557218069282e-01,1.086074616469514531e-01,2.468721553072359964e-01,-1.096228790283203108e-01,1.114061417760771611e-01,-9.937714371655480550e-01,2.646176201622279719e-03,-1.444712829589843706e-01,2.456218910561570601e-01,2.495495839562567042e-02,-9.690444451548495541e-01,1.933318237304687548e+00,0.000000000000000000e+00,0.000000000000000000e+00,0.000000000000000000e+00,1.000000000000000000e+00
9.631423943617998251e-01,1.086421467752147485e-01,2.460764355380093138e-01,-1.096284103393554699e-01,1.114747060025841618e-01,-9.937642935247728015e-01,2.432865973820119362e-03,-1.444755859375000118e-01,2.448062868977363415e-01,2.508810194657698500e-02,-9.692473724679686597e-01,1.933337646484375005e+00,0.000000000000000000e+00,0.000000000000000000e+00,0.000000000000000000e+00,1.000000000000000000e+00
9.630686194172085601e-01,1.087307701346144212e-01,2.463259099643503591e-01,-1.096244430541992165e-01,1.114339152358222035e-01,-9.937673717831848608e-01,2.982166051172355919e-03,-1.444756622314453121e-01,2.451149053587871884e-01,2.457703002957876276e-02,-9.691824661878060132e-01,1.933295532226562585e+00,0.000000000000000000e+00,0.000000000000000000e+00,0.000000000000000000e+00,1.000000000000000000e+00
9.631880173682875190e-01,1.087553511554066044e-01,2.458477512470101101e-01,-1.096325912475586001e-01,1.115145154307338460e-01,-9.937590997258310965e-01,2.713772347583194577e-03,-1.444735565185547022e-01,2.446085772134660441e-01,2.480171984298838034e-02,-9.693046572912119574e-01,1.933349365234374950e+00,0.000000000000000000e+00,0.000000000000000000e+00,0.000000000000000000e+00,1.000000000000000000e+00
9.630869707074080077e-01,1.086894000815836342e-01,2.462724125100781980e-01,-1.096247482299804732e-01,1.114650967252104191e-01,-9.937647235981602600e-01,2.684463430944146467e-03,-1.444687194824218757e-01,2.450286086677802011e-01,2.486540652750396721e-02,-9.691969317391354588e-01,1.933338012695312580e+00,0.000000000000000000e+00,0.000000000000000000e+00,0.000000000000000000e+00,1.000000000000000000e+00
9.630229823983073034e-01,1.085733970014152588e-01,2.465736255892818640e-01,-1.096352233886718763e-01,1.114880809984620386e-01,-9.937634404684964062e-01,2.152250798142405983e-03,-1.444900360107422010e-01,2.452695316747489085e-01,2.541735335928606287e-02,-9.691216719175458350e-01,1.933377319335937594e+00,0.000000000000000000e+00,0.000000000000000000e+00,0.000000000000000000e+00,1.000000000000000000e+00
9.631344159558726803e-01,1.084981555097820211e-01,2.461711742920269230e-01,-1.096272659301757851e-01,1.115070605796963515e-01,-9.937621414788849750e-01,1.726732225048540487e-03,-1.444887695312500053e-01,2.448229405962935312e-01,2.578674881167172458e-02,-9.692248301315374848e-01,1.933391113281250018e+00,0.000000000000000000e+00,0.000000000000000000e+00,0.000000000000000000e+00,1.000000000000000000e+00
9.632222071865090829e-01,1.086256283997409922e-01,2.457711383330262178e-01,-1.096327590942382801e-01,1.115058595624917326e-01,-9.937613201659061257e-01,2.209485312428007692e-03,-1.444779205322265780e-01,2.444778576190080877e-01,2.527669671609306459e-02,-9.693253662920120473e-01,1.933392944335937447e+00,0.000000000000000000e+00,0.000000000000000000e+00,0.000000000000000000e+00,1.000000000000000000e+00
9.631958537666900355e-01,1.087812108404382638e-01,2.458056050108407831e-01,-1.096338806152343803e-01,1.115006807732235872e-01,-9.937602133641232349e-01,2.869934075906214674e-03,-1.444551849365234286e-01,2.445840253854798252e-01,2.464318369408623893e-02,-9.693148962146691527e-01,1.933346191406249970e+00,0.000000000000000000e+00,0.000000000000000000e+00,0.000000000000000000e+00,1.000000000000000000e+00
9.631715577992669974e-01,1.088089251760747111e-01,2.458885276879771431e-01,-1.096233673095703132e-01,1.114727111425105333e-01,-9.937626519224085353e-01,3.102630284286466214e-03,-1.444673309326171828e-01,2.446924292189526229e-01,2.442149557602769916e-02,-9.692931474207162612e-01,1.933316528320312644e+00,0.000000000000000000e+00,0.000000000000000000e+00,0.000000000000000000e+00,1.000000000000000000e+00
9.631743977477198460e-01,1.088770227959122705e-01,2.458472563003610833e-01,-1.096279067993164019e-01,1.115066385723933740e-01,-9.937583996569736566e-01,3.242324088702055671e-03,-1.444837341308593814e-01,2.446657905748220174e-01,2.429067760086039973e-02,-9.693031589260856506e-01,1.933288085937500123e+00,0.000000000000000000e+00,0.000000000000000000e+00,0.000000000000000000e+00,1.000000000000000000e+00
9.631396573002521944e-01,1.089099495213783769e-01,2.459687448250366948e-01,-1.096250152587890658e-01,1.114295802429960264e-01,-9.937654654370400298e-01,3.694367547118057940e-03,-1.444713897705078021e-01,2.448375975670871452e-01,2.385000209547797484e-02,-9.692707197773093863e-01,1.933289794921875027e+00,0.000000000000000000e+00,0.000000000000000000e+00,0.000000000000000000e+00,1.000000000000000000e+00
9.630617891341206604e-01,1.087384759656949279e-01,2.463492117999253883e-01,-1.096265640258789059e-01,1.114208590930957227e-01,-9.937685755744840588e-01,3.067630945477285015e-03,-1.444778289794921844e-01,2.451476748181451171e-01,2.449412266890012985e-02,-9.691762767866007877e-01,1.933318481445312598e+00,0.000000000000000000e+00,0.000000000000000000e+00,0.000000000000000000e+00,1.000000000000000000e+00
9.630542634542158531e-01,1.089618443853323515e-01,2.462799263253192261e-01,-1.096222686767578114e-01,1.114031080979110133e-01,-9.937670803539953024e-01,4.041968681357739276e-03,-1.444552001953124942e-01,2.451853036965780108e-01,2.354371408343510635e-02,-9.691903117439704118e-01,1.933261352539062505e+00,0.000000000000000000e+00,0.000000000000000000e+00,0.000000000000000000e+00,1.000000000000000000e+00
9.630250395644894823e-01,1.088578837609467387e-01,2.464401231839125628e-01,-1.096238784790039139e-01,1.114672001332572548e-01,-9.937623627084000155e-01,3.380792609895284101e-03,-1.444642333984375027e-01,2.452709450103419120e-01,2.421420259490201371e-02,-9.691521221802215091e-01,1.933307250976562530e+00,0.000000000000000000e+00,0.000000000000000000e+00,0.000000000000000000e+00,1.000000000000000000e+00
9.629932728476459092e-01,1.086883023627203820e-01,2.466390264732843951e-01,-1.096270599365234411e-01,1.114259970290399776e-01,-9.937685819345433158e-01,2.872759281844590104e-03,-1.444787445068359544e-01,2.454143509175125137e-01,2.471555156813051712e-02,-9.691031616264694781e-01,1.933329223632812566e+00,0.000000000000000000e+00,0.000000000000000000e+00,0.000000000000000000e+00,1.000000000000000000e+00
9.631514480132800093e-01,1.089048171060998521e-01,2.459248442126355516e-01,-1.096266403198242201e-01,1.114841382812250120e-01,-9.937602145768472672e-01,3.452945969953616356e-03,-1.444812316894531212e-01,2.447663684038614562e-01,2.409100942811772880e-02,-9.692827493374261971e-01,1.933336303710937454e+00,0.000000000000000000e+00,0.000000000000000000e+00,0.000000000000000000e+00,1.000000000000000000e+00
9.632524140493197162e-01,1.088957486249327311e-01,2.455330991120616702e-01,-1.096271743774414054e-01,1.114933850357786027e-01,-9.937595654247621813e-01,3.339344254759854871e-03,-1.444731597900390518e-01,2.443645062635358411e-01,2.415868494358991425e-02,-9.693824560102040078e-01,1.933304687499999952e+00,0.000000000000000000e+00,0.000000000000000000e+00,0.000000000000000000e+00,1.000000000000000000e+00
9.632744793019115681e-01,1.088547789215781048e-01,2.454646912115180379e-01,-1.096233444213867148e-01,1.115418210489280415e-01,-9.937552952791238736e-01,2.972416826478526536e-03,-1.444750061035156297e-01,2.442553984720101656e-01,2.451632539015118073e-02,-9.694009748843065433e-01,1.933280151367187560e+00,0.000000000000000000e+00,0.000000000000000000e+00,0.000000000000000000e+00,1.000000000000000000e+00
9.630253435552247332e-01,1.082001053663274315e-01,2.467284435752334359e-01,-1.096300125122070396e-01,1.114701704243098168e-01,-9.937675208920613290e-01,7.180011293291214264e-04,-1.444676666259765707e-01,2.452684015031631470e-01,2.681140836961076052e-02,-9.690843924062140236e-01,1.933315795898437495e+00,0.000000000000000000e+00,0.000000000000000000e+00,0.000000000000000000e+00,1.000000000000000000e+00
9.631505498689064693e-01,1.085293131346544565e-01,2.460943040335222820e-01,-1.096291198730468819e-01,1.115001148338046616e-01,-9.937626555417561347e-01,1.873190499074042781e-03,-1.444699096679687433e-01,2.447626251682882281e-01,2.563537870049058948e-02,-9.692440790015747210e-01,1.933339477539062434e+00,0.000000000000000000e+00,0.000000000000000000e+00,0.000000000000000000e+00,1.000000000000000000e+00
9.631989338325033234e-01,1.089396528603483877e-01,2.457233523672412712e-01,-1.096269607543945285e-01,1.114985290725743067e-01,-9.937583722732177272e-01,3.517890211026176647e-03,-1.444744110107421819e-01,2.445728764163780655e-01,2.400936424712905859e-02,-9.693336157122931507e-01,1.933341308593750085e+00,0.000000000000000000e+00,0.000000000000000000e+00,0.000000000000000000e+00,1.000000000000000000e+00
9.633091939833750006e-01,1.088621607530952801e-01,2.453251449470025825e-01,-1.096274261474609463e-01,1.115393049963658706e-01,-9.937555002403225535e-01,2.998196630347315858e-03,-1.444846649169921893e-01,2.441196023018804007e-01,2.447520578613783526e-02,-9.694362197038536300e-01,1.933351928710937528e+00,0.000000000000000000e+00,0.000000000000000000e+00,0.000000000000000000e+00,1.000000000000000000e+00
9.632410055511456681e-01,1.089238996486008720e-01,2.455653666748619512e-01,-1.096249771118164018e-01,1.114654384682734894e-01,-9.937619033999770535e-01,3.568666127593178930e-03,-1.444565429687499902e-01,2.444222192270854022e-01,2.393456571981667641e-02,-9.693734653434199489e-01,1.933342163085937537e+00,0.000000000000000000e+00,0.000000000000000000e+00,0.000000000000000000e+00,1.000000000000000000e+00
9.631844039203932839e-01,1.088287669124900908e-01,2.458294195917635760e-01,-1.096277008056640717e-01,1.115059414359005768e-01,-9.937590990665626789e-01,3.045988658332322158e-03,-1.444743804931640785e-01,2.446267137272827852e-01,2.447759209399652872e-02,-9.693083195847799205e-01,1.933323852539062582e+00,0.000000000000000000e+00,0.000000000000000000e+00,0.000000000000000000e+00,1.000000000000000000e+00
9.631453483395605586e-01,1.088373113315466850e-01,2.459786121474527298e-01,-1.096208724975585996e-01,1.114715788219639986e-01,-9.937623654405421947e-01,3.232359657792666444e-03,-1.444909362792968777e-01,2.447960887898449622e-01,2.430639208394862888e-02,-9.692698665578415307e-01,1.933319946289062452e+00,0.000000000000000000e+00,0.000000000000000000e+00,0.000000000000000000e+00,1.000000000000000000e+00
9.632975018209510853e-01,1.085932590132931141e-01,2.454901771606886329e-01,-1.096280746459960959e-01,1.115549556580043566e-01,-9.937565405628219217e-01,1.852014242070836383e-03,-1.444856414794921939e-01,2.441585854596457772e-01,2.560160513491260142e-02,-9.693973091363832228e-01,1.933319458007812575e+00,0.000000000000000000e+00,0.000000000000000000e+00,0.000000000000000000e+00,1.000000000000000000e+00
9.632448914093217907e-01,1.087816513126351609e-01,2.456131745479868955e-01,-1.096284942626953168e-01,1.115272153904052072e-01,-9.937575846750140718e-01,2.746475585971413710e-03,-1.444978332519531172e-01,2.443787212527019082e-01,2.474702484296713995e-02,-9.693640313939421160e-01,1.933352661132812456e+00,0.000000000000000000e+00,0.000000000000000000e+00,0.000000000000000000e+00,1.000000000000000000e+00
9.632162650874456222e-01,1.088998094989582915e-01,2.456730717072635739e-01,-1.096260986328125020e-01,1.115235323312154664e-01,-9.937564765337991712e-01,3.250705076891759887e-03,-1.444601898193359490e-01,2.444932072826564717e-01,2.426719675238954779e-02,-9.693472931588660302e-01,1.933343994140624966e+00,0.000000000000000000e+00,0.000000000000000000e+00,0.000000000000000000e+00,1.000000000000000000e+00
9.631601324764871297e-01,1.089369879160493604e-01,2.458765785341384957e-01,-1.096269683837890613e-01,1.114793173665085679e-01,-9.937602386047184044e-01,3.598606367848571769e-03,-1.444612121582031228e-01,2.447343886898061538e-01,2.394411894541073269e-02,-9.692944641132306138e-01,1.933353637695312432e+00,0.000000000000000000e+00,0.000000000000000000e+00,0.000000000000000000e+00,1.000000000000000000e+00
9.630523148532313948e-01,1.086856180461217708e-01,2.464095681700800289e-01,-1.096274337768554652e-01,1.114621558480756031e-01,-9.937650248830997013e-01,2.695019998412007470e-03,-1.444720153808593810e-01,2.451661205581474601e-01,2.486989644178402847e-02,-9.691620409309494866e-01,1.933357421875000037e+00,0.000000000000000000e+00,0.000000000000000000e+00,0.000000000000000000e+00,1.000000000000000000e+00
9.632236944779932752e-01,1.087882119576972506e-01,2.456933848014905553e-01,-1.096257781982421936e-01,1.114979556324474375e-01,-9.937604385160785370e-01,2.897711185863403524e-03,-1.444682159423828216e-01,2.444756026395086823e-01,2.460316604380486522e-02,-9.693432642437200819e-01,1.933324096679687631e+00,0.000000000000000000e+00,0.000000000000000000e+00,0.000000000000000000e+00,1.000000000000000000e+00
9.631732703083367708e-01,1.089674307287327309e-01,2.458116156814452169e-01,-1.096250534057617160e-01,1.115128990523427538e-01,-9.937565256576535999e-01,3.583442168003977968e-03,-1.444859008789062538e-01,2.446673756520997833e-01,2.395969017346108454e-02,-9.693109968107790353e-01,1.933312011718750112e+00,0.000000000000000000e+00,0.000000000000000000e+00,0.000000000000000000e+00,1.000000000000000000e+00
9.630393266125665264e-01,1.086464668828391045e-01,2.464775864688122653e-01,-1.096258163452148438e-01,1.114513554842174736e-01,-9.937665280696919012e-01,2.585159384055527032e-03,-1.444671325683593854e-01,2.452220437855154589e-01,2.498065095602055447e-02,-9.691450440050077830e-01,1.933318725585937647e+00,0.000000000000000000e+00,0.000000000000000000e+00,0.000000000000000000e+00,1.000000000000000000e+00
9.631295071167562671e-01,1.090286922284217641e-01,2.459558838328419483e-01,-1.096193237304687457e-01,1.114630158453401021e-01,-9.937603474441467633e-01,4.045731868337943543e-03,-1.444618072509765705e-01,2.448623054283688982e-01,2.351842083663580746e-02,-9.692725804755106811e-01,1.933294311523437559e+00,0.000000000000000000e+00,0.000000000000000000e+00,0.000000000000000000e+00,1.000000000000000000e+00
9.630876222296532729e-01,1.087706926265069457e-01,2.462339707139998002e-01,-1.096219100952148529e-01,1.114378205014674855e-01,-9.937665102265839101e-01,3.120146464483455895e-03,-1.444521331787109453e-01,2.450384542677244426e-01,2.443480259030268026e-02,-9.692053943063140276e-01,1.933289184570312624e+00,0.000000000000000000e+00,0.000000000000000000e+00,0.000000000000000000e+00,1.000000000000000000e+00
9.631427390860842763e-01,1.086836669722771320e-01,2.460567509320039370e-01,-1.096236495971679714e-01,1.115050929096075838e-01,-9.937607676860977790e-01,2.480093376796542806e-03,-1.444649810791015787e-01,2.447910913431590452e-01,2.504789694559218793e-02,-9.692522501689786463e-01,1.933305419921875101e+00,0.000000000000000000e+00,0.000000000000000000e+00,0.000000000000000000e+00,1.000000000000000000e+00
9.630785327394434381e-01,1.086073125720109361e-01,2.463416153075368709e-01,-1.096196823120117181e-01,1.114951992446697598e-01,-9.937624531462722066e-01,2.237691242094564867e-03,-1.444817047119140718e-01,2.450480775722028992e-01,2.531083508280727173e-02,-9.691804792223061016e-01,1.933304687499999952e+00,0.000000000000000000e+00,0.000000000000000000e+00,0.000000000000000000e+00,1.000000000000000000e+00
9.633906264714959811e-01,1.087418265956438951e-01,2.450585970242656064e-01,-1.096263961791992259e-01,1.115094871249196901e-01,-9.937599795732738883e-01,2.595627027086069155e-03,-1.444865264892578050e-01,2.438116795971756734e-01,2.482575572201743339e-02,-9.695047945961046132e-01,1.933322265624999980e+00,0.000000000000000000e+00,0.000000000000000000e+00,0.000000000000000000e+00,1.000000000000000000e+00
9.633207295829473438e-01,1.086515990732149634e-01,2.453731891927304898e-01,-1.096253051757812569e-01,1.115590105509787350e-01,-9.937556712022355132e-01,2.062308968405203793e-03,-1.444914398193359317e-01,2.440650714884552430e-01,2.538692522200956120e-02,-9.694265030971185304e-01,1.933319213867187525e+00,0.000000000000000000e+00,0.000000000000000000e+00,0.000000000000000000e+00,1.000000000000000000e+00
9.632539481434270190e-01,1.087780811869895059e-01,2.455792345443252311e-01,-1.096286849975585953e-01,1.115085712988481970e-01,-9.937595210822156577e-01,2.802282165483775678e-03,-1.444560089111328050e-01,2.443515293854116033e-01,2.468488022498829121e-02,-9.693724706093567178e-01,1.933296142578124988e+00,0.000000000000000000e+00,0.000000000000000000e+00,0.000000000000000000e+00,1.000000000000000000e+00
9.631449797989740658e-01,1.085219387418579623e-01,2.461193545817609296e-01,-1.096230697631835893e-01,1.115055321466494748e-01,-9.937621386215963470e-01,1.824319852354159069e-03,-1.444767150878906170e-01,2.447820748926004542e-01,2.568658509688664937e-02,-9.692378114566796432e-01,1.933287597656250023e+00,0.000000000000000000e+00,0.000000000000000000e+00,0.000000000000000000e+00,1.000000000000000000e+00
9.632669951600183467e-01,1.086585821674296154e-01,2.455809613075759790e-01,-1.096230163574218736e-01,1.115512798878593032e-01,-9.937563664261397367e-01,2.143861678386387373e-03,-1.444720306396484466e-01,2.442805927427917079e-01,2.532975935297298448e-02,-9.693737129200228342e-01,1.933304321289062599e+00,0.000000000000000000e+00,0.000000000000000000e+00,0.000000000000000000e+00,1.000000000000000000e+00
9.632909662146398322e-01,1.087945475984569699e-01,2.454266913400275363e-01,-1.096273345947265665e-01,1.115124578805904432e-01,-9.937589825021422296e-01,2.838385762594292094e-03,-1.444687194824218757e-01,2.442037799598843484e-01,2.463394221708815196e-02,-9.694109978456764143e-01,1.933250488281250012e+00,0.000000000000000000e+00,0.000000000000000000e+00,0.000000000000000000e+00,1.000000000000000000e+00
9.631660394305999739e-01,1.085006367855825132e-01,2.460463214614174998e-01,-1.096249084472656204e-01,1.115657300980499173e-01,-9.937559383941955149e-01,1.490897032410240866e-03,-1.444713897705078021e-01,2.446717563497290693e-01,2.601435610187712716e-02,-9.692569241028633487e-01,1.933276977539062580e+00,0.000000000000000000e+00,0.000000000000000000e+00,0.000000000000000000e+00,1.000000000000000000e+00
9.631701413252460320e-01,1.086664204460666000e-01,2.459570855392144983e-01,-1.096304473876953123e-01,1.115005315311780459e-01,-9.937614345778977842e-01,2.417149962970054772e-03,-1.444685211181640783e-01,2.446853292042057981e-01,2.509621910004366033e-02,-9.692777050252998627e-01,1.933296508789062562e+00,0.000000000000000000e+00,0.000000000000000000e+00,0.000000000000000000e+00,1.000000000000000000e+00
9.632175760063167447e-01,1.086955676636318369e-01,2.457583667808619643e-01,-1.096264343261718760e-01,1.115809539528895833e-01,-9.937529201056630734e-01,2.196473635355109671e-03,-1.444670257568359539e-01,2.444618415775332843e-01,2.530627099650417308e-02,-9.693286339837344778e-01,1.933300537109374995e+00,0.000000000000000000e+00,0.000000000000000000e+00,0.000000000000000000e+00,1.000000000000000000e+00
9.633301546526406023e-01,1.086688765176166832e-01,2.453285315924726984e-01,-1.096251907348632787e-01,1.115591403739982085e-01,-9.937555185437155769e-01,2.127807069725403191e-03,-1.444682312011718872e-01,2.440278085299592559e-01,2.531885938012196080e-02,-9.694376638153457959e-01,1.933282836914062441e+00,0.000000000000000000e+00,0.000000000000000000e+00,0.000000000000000000e+00,1.000000000000000000e+00
9.630509549035036754e-01,1.087756536936273222e-01,2.463751517969562377e-01,-1.096211395263671923e-01,1.114599309685319339e-01,-9.937641944666065763e-01,3.067504625327018009e-03,-1.444662628173828123e-01,2.451724740829183125e-01,2.450679415305822076e-02,-9.691696832817254803e-01,1.933297729492187589e+00,0.000000000000000000e+00,0.000000000000000000e+00,0.000000000000000000e+00,1.000000000000000000e+00
9.630168422669246331e-01,1.086952988388105029e-01,2.465438977557215805e-01,-1.096241912841796895e-01,1.114646310039341809e-01,-9.937646276620967223e-01,2.738766651540687838e-03,-1.444771881103515676e-01,2.453042958152155950e-01,2.484344617714050185e-02,-9.691277550646485439e-01,1.933316406250000119e+00,0.000000000000000000e+00,0.000000000000000000e+00,0.000000000000000000e+00,1.000000000000000000e+00
9.630016920724573382e-01,1.088576244977126489e-01,2.465314557096094095e-01,-1.096249237060546861e-01,1.114266152029557005e-01,-9.937663264814085018e-01,3.549334593887386660e-03,-1.444611206054687569e-01,2.453810312350907241e-01,2.405215043113430318e-02,-9.691282905630407285e-01,1.933282470703125089e+00,0.000000000000000000e+00,0.000000000000000000e+00,0.000000000000000000e+00,1.000000000000000000e+00
9.632048907693353534e-01,1.088271116581030484e-01,2.457498691071623442e-01,-1.096267089843750014e-01,1.115002950975319262e-01,-9.937597099015436086e-01,3.053386572854177236e-03,-1.444587860107421906e-01,2.445486098737753022e-01,2.446014604524587854e-02,-9.693284678911733288e-01,1.933307006835937480e+00,0.000000000000000000e+00,0.000000000000000000e+00,0.000000000000000000e+00,1.000000000000000000e+00
9.632554644088937579e-01,1.087081636824600017e-01,2.456042455561255611e-01,-1.096265869140625043e-01,1.114987527647712806e-01,-9.937612823598045431e-01,2.557697108192796137e-03,-1.444672241210937513e-01,2.443500325727552547e-01,2.492085133747108661e-02,-9.693668102170143186e-01,1.933286987304687621e+00,0.000000000000000000e+00,0.000000000000000000e+00,0.000000000000000000e+00,1.000000000000000000e+00
9.632053648368877896e-01,1.089024106955202298e-01,2.457146517693696852e-01,-1.096220397949218828e-01,1.115200912306233971e-01,-9.937567689473659760e-01,3.279241254526088153e-03,-1.444563293457031272e-01,2.445377157032260218e-01,2.424353761306698857e-02,-9.693366579690735341e-01,1.933293823242187459e+00,0.000000000000000000e+00,0.000000000000000000e+00,0.000000000000000000e+00,1.000000000000000000e+00
9.632953540797459802e-01,1.088057005279543105e-01,2.454045238804651030e-01,-1.096222076416015628e-01,1.115551811013354294e-01,-9.937545400504841364e-01,2.712139100219031554e-03,-1.444784240722656321e-01,2.441669559498682307e-01,2.476355510971326584e-02,-9.694169711535398637e-01,1.933293334960937582e+00,0.000000000000000000e+00,0.000000000000000000e+00,0.000000000000000000e+00,1.000000000000000000e+00
9.631825532685215352e-01,1.087993765493797393e-01,2.458496791569953210e-01,-1.096170425415039090e-01,1.114366873691310933e-01,-9.937663758963107830e-01,3.202318863986463107e-03,-1.444681854248046904e-01,2.446655549670321006e-01,2.431225617622484458e-02,-9.693026773987037936e-01,1.933264648437500011e+00,0.000000000000000000e+00,0.000000000000000000e+00,0.000000000000000000e+00,1.000000000000000000e+00
9.629152806042667878e-01,1.087619362890927116e-01,2.469109223858959867e-01,-1.096156158447265661e-01,1.113978691516053360e-01,-9.937703697598080366e-01,3.311636443895241491e-03,-1.444736785888671993e-01,2.457329386290906525e-01,2.431652528841351385e-02,-9.690325224008787819e-01,1.933257080078125023e+00,0.000000000000000000e+00,0.000000000000000000e+00,0.000000000000000000e+00,1.000000000000000000e+00
9.631203635157380427e-01,1.085540725708921961e-01,2.462015002179841483e-01,-1.096237411499023512e-01,1.114108638516583538e-01,-9.937716780043687193e-01,2.339105001643186632e-03,-1.444648895263671851e-01,2.449219973729183653e-01,2.517668216137580045e-02,-9.692158427709512969e-01,1.933312255859374940e+00,0.000000000000000000e+00,0.000000000000000000e+00,0.000000000000000000e+00,1.000000000000000000e+00
9.630413767704920636e-01,1.086263583529107901e-01,2.464784390144102999e-01,-1.096208038330078183e-01,1.114713330580626993e-01,-9.937646928505307065e-01,2.424283388691873126e-03,-1.444684906005859470e-01,2.452049113175627792e-01,2.514059495467906719e-02,-9.691452429595220908e-01,1.933315917968750020e+00,0.000000000000000000e+00,0.000000000000000000e+00,0.000000000000000000e+00,1.000000000000000000e+00
9.630929171655401300e-01,1.088217555316569468e-01,2.461906952518286285e-01,-1.096233978271484444e-01,1.114864077267278403e-01,-9.937610235717256879e-01,3.131919837107154797e-03,-1.444735565185547022e-01,2.449955383221503746e-01,2.443058641712380838e-02,-9.692163497638467407e-01,1.933295532226562585e+00,0.000000000000000000e+00,0.000000000000000000e+00,0.000000000000000000e+00,1.000000000000000000e+00
9.629516360465710800e-01,1.085777721992268879e-01,2.468501853746218055e-01,-1.096248779296875031e-01,1.114250995509594305e-01,-9.937698192515138640e-01,2.448169698524450127e-03,-1.444659271240234522e-01,2.455780809137719511e-01,2.514783746302625897e-02,-9.690505623782705857e-01,1.933337402343749956e+00,0.000000000000000000e+00,0.000000000000000000e+00,0.000000000000000000e+00,1.000000000000000000e+00
9.630143722171671250e-01,1.085275778344755304e-01,2.466274188985435323e-01,-1.096232833862304662e-01,1.114488019882192149e-01,-9.937679019847676098e-01,2.126386649777824503e-03,-1.444759674072265687e-01,2.453211842433639378e-01,2.543858946906261270e-02,-9.691080407917675998e-01,1.933311645507812537e+00,0.000000000000000000e+00,0.000000000000000000e+00,0.000000000000000000e+00,1.000000000000000000e+00
9.630134491373254502e-01,1.086814121778683501e-01,2.465632726657733254e-01,-1.096058197021484437e-01,1.114528398968732820e-01,-9.937659721590361706e-01,2.730761382417640909e-03,-1.444613952636718823e-01,2.453229733627776965e-01,2.485041701521452720e-02,-9.691228485154066430e-01,1.933250122070312438e+00,0.000000000000000000e+00,0.000000000000000000e+00,0.000000000000000000e+00,1.000000000000000000e+00
9.630526440457678472e-01,1.087314478616000640e-01,2.463880618909441989e-01,-1.096215820312499978e-01,1.114461341131740696e-01,-9.937661181544508171e-01,2.943059541110291596e-03,-1.444757843017578092e-01,2.451721109500100138e-01,2.462467571673281064e-02,-9.691667871724463090e-01,1.933296875000000137e+00,0.000000000000000000e+00,0.000000000000000000e+00,0.000000000000000000e+00,1.000000000000000000e+00
9.631097315715941853e-01,1.088561049227571992e-01,2.461097181606970719e-01,-1.096129531860351586e-01,1.115160431531611734e-01,-9.937576521626492188e-01,3.146567596884463150e-03,-1.444776611328124905e-01,2.449159387862585857e-01,2.441469207721335549e-02,-9.692368677156377732e-01,1.933277221679687630e+00,0.000000000000000000e+00,0.000000000000000000e+00,0.000000000000000000e+00,1.000000000000000000e+00
9.630851231938284407e-01,1.087921394583755835e-01,2.462342703093895191e-01,-1.096227569580078137e-01,1.114150668684375928e-01,-9.937684881574742057e-01,3.297699184231624170e-03,-1.444710998535156388e-01,2.450586222874635289e-01,2.425824266671966836e-02,-9.692047303358011234e-01,1.933290771484375004e+00,0.000000000000000000e+00,0.000000000000000000e+00,0.000000000000000000e+00,1.000000000000000000e+00
9.629632763415252317e-01,1.086465285001873143e-01,2.467745129920292935e-01,-1.096293869018554745e-01,1.114433169775306404e-01,-9.937672632067582335e-01,2.648335249748065903e-03,-1.444838256835937473e-01,2.455241648364593909e-01,2.495112068439832298e-02,-9.690693092126856367e-01,1.933328735351562466e+00,0.000000000000000000e+00,0.000000000000000000e+00,0.000000000000000000e+00,1.000000000000000000e+00
9.632334110281760564e-01,1.086381587107165536e-01,2.457216847389956660e-01,-1.096270294189453098e-01,1.115019939251309378e-01,-9.937616156768248610e-01,2.270805607420746386e-03,-1.444565887451171871e-01,2.444354745730359102e-01,2.521114196802263716e-02,-9.693377621298590041e-01,1.933336059570312626e+00,0.000000000000000000e+00,0.000000000000000000e+00,0.000000000000000000e+00,1.000000000000000000e+00
9.632098394229967608e-01,1.090098984422720602e-01,2.456494398127763434e-01,-1.096270065307617253e-01,1.115729034239549972e-01,-9.937500778177531524e-01,3.502864364860110505e-03,-1.444706573486328194e-01,2.444959968185043964e-01,2.403382780198209945e-02,-9.693524037525830250e-01,1.933309570312500059e+00,0.000000000000000000e+00,0.000000000000000000e+00,0.000000000000000000e+00,1.000000000000000000e+00
9.629630812263174633e-01,1.086011294533047872e-01,2.467952569977452659e-01,-1.096215820312499978e-01,1.114830283652691184e-01,-9.937636557886264654e-01,2.308856888747885805e-03,-1.444722442626953096e-01,2.455069012912370063e-01,2.529013869259424258e-02,-9.690648947842883665e-01,1.933304321289062599e+00,0.000000000000000000e+00,0.000000000000000000e+00,0.000000000000000000e+00,1.000000000000000000e+00
9.630762954803979703e-01,1.085734050822943220e-01,2.463653076076046944e-01,-1.096194458007812567e-01,1.114719516890229634e-01,-9.937651590227218890e-01,2.193786494774363494e-03,-1.444690704345703292e-01,2.450674459621142443e-01,2.535003789702396440e-02,-9.691745572951375731e-01,1.933283081054687491e+00,0.000000000000000000e+00,0.000000000000000000e+00,0.000000000000000000e+00,1.000000000000000000e+00
9.630967587827288234e-01,1.086800996004123193e-01,2.462382366186192939e-01,-1.096143035888671874e-01,1.115415625689809148e-01,-9.937570137552333982e-01,2.340391409938415504e-03,-1.444866943359374989e-01,2.449553286660096363e-01,2.521177429547661469e-02,-9.692065070948510108e-01,1.933256225585937571e+00,0.000000000000000000e+00,0.000000000000000000e+00,0.000000000000000000e+00,1.000000000000000000e+00
9.629878473900640445e-01,1.085971603222442017e-01,2.467003497139717560e-01,-1.096146240234374958e-01,1.114617964945440465e-01,-9.937659019727053122e-01,2.366431614207265346e-03,-1.444678344726562647e-01,2.454193833038866290e-01,2.521881928879031454e-02,-9.690889213340639907e-01,1.933278564453124959e+00,0.000000000000000000e+00,0.000000000000000000e+00,0.000000000000000000e+00,1.000000000000000000e+00
9.630432528911229140e-01,1.083979346674685124e-01,2.465716545361867074e-01,-1.096098937988281286e-01,1.115170287242095576e-01,-9.937616436586343971e-01,1.322080713788502046e-03,-1.444697570800781150e-01,2.451767635103481446e-01,2.622371737029630112e-02,-9.691236615013968381e-01,1.933251586914062514e+00,0.000000000000000000e+00,0.000000000000000000e+00,0.000000000000000000e+00,1.000000000000000000e+00
9.631954784616969523e-01,1.087218217346327120e-01,2.458333495473010444e-01,-1.096040954589843769e-01,1.114681283797208655e-01,-9.937641794023877040e-01,2.759002033547773916e-03,-1.444608306884765658e-01,2.446003406098708199e-01,2.474512508357550045e-02,-9.693081822403717407e-01,1.933257812499999950e+00,0.000000000000000000e+00,0.000000000000000000e+00,0.000000000000000000e+00,1.000000000000000000e+00
9.631084294095358933e-01,1.085980228841745693e-01,2.462288013737342074e-01,-1.096246643066406262e-01,1.114237222957171064e-01,-9.937699182711895451e-01,2.470556423264306037e-03,-1.444643554687499998e-01,2.449630733601790844e-01,2.505631586889651985e-02,-9.692085811243181803e-01,1.933321777343750103e+00,0.000000000000000000e+00,0.000000000000000000e+00,0.000000000000000000e+00,1.000000000000000000e+00
9.632149323184334699e-01,1.084820895277146396e-01,2.458630318093732725e-01,-1.096252746582031257e-01,1.115117977870205418e-01,-9.937618079416442596e-01,1.608735796131586029e-03,-1.444804534912109417e-01,2.445038100175590812e-01,2.586707034544150074e-02,-9.693032454080826588e-01,1.933328613281249941e+00,0.000000000000000000e+00,0.000000000000000000e+00,0.000000000000000000e+00,1.000000000000000000e+00
9.631332547985017589e-01,1.086541198379934459e-01,2.461069193327875548e-01,-1.096103363037109341e-01,1.114894270818405086e-01,-9.937626571216057192e-01,2.426717859374217731e-03,-1.444606323242187407e-01,2.448355389852690522e-01,2.510106676691248317e-02,-9.692396480215591525e-01,1.933262817382812582e+00,0.000000000000000000e+00,0.000000000000000000e+00,0.000000000000000000e+00,1.000000000000000000e+00
9.630488394779093131e-01,1.085559125271184228e-01,2.464803169335370858e-01,-1.096230697631835893e-01,1.114945585566797653e-01,-9.937629395244800268e-01,2.045345915938696912e-03,-1.444868469238281272e-01,2.451650386831356332e-01,2.551144611873959120e-02,-9.691456391711348317e-01,1.933326660156249988e+00,0.000000000000000000e+00,0.000000000000000000e+00,0.000000000000000000e+00,1.000000000000000000e+00
9.630299968589378645e-01,1.085560945732757243e-01,2.465538470210362210e-01,-1.096183090209960909e-01,1.113957765542751555e-01,-9.937731161158086524e-01,2.444309993803057621e-03,-1.444651794433593761e-01,2.452839295912891959e-01,2.511111340569785466e-02,-9.691260113461933612e-01,1.933280761718749963e+00,0.000000000000000000e+00,0.000000000000000000e+00,0.000000000000000000e+00,1.000000000000000000e+00
9.631071629501412046e-01,1.086400446679883780e-01,2.462152175814227295e-01,-1.096223373413085928e-01,1.115492570759493152e-01,-9.937565933067290525e-01,2.143946176531184508e-03,-1.444677124023437398e-01,2.449109142523738236e-01,2.540027468240416836e-02,-9.692128095140534194e-01,1.933314575195312468e+00,0.000000000000000000e+00,0.000000000000000000e+00,0.000000000000000000e+00,1.000000000000000000e+00
9.631984609579887779e-01,1.087068924795160652e-01,2.458282659411016868e-01,-1.096176757812500069e-01,1.114956358572903594e-01,-9.937615525349025036e-01,2.588414224776883557e-03,-1.444700622558593717e-01,2.445760576854173474e-01,2.491562222517134523e-02,-9.693099420599130545e-01,1.933302124023437596e+00,0.000000000000000000e+00,0.000000000000000000e+00,0.000000000000000000e+00,1.000000000000000000e+00
9.629620434310349752e-01,1.088103434936933817e-01,2.467071382427153958e-01,-1.096256637573242154e-01,1.114448846044820557e-01,-9.937651290422279127e-01,3.302422622526165336e-03,-1.444699707031250058e-01,2.455282888113292650e-01,2.431414091570074584e-02,-9.690844555274386041e-01,1.933325195312500133e+00,0.000000000000000000e+00,0.000000000000000000e+00,0.000000000000000000e+00,1.000000000000000000e+00
9.632808005167370347e-01,1.088739486186358768e-01,2.454313807727543095e-01,-1.096386871337890617e-01,1.114653508906893603e-01,-9.937626711347486985e-01,3.350971492688722617e-03,-1.444818878173828036e-01,2.442653780351394521e-01,2.412916847543548904e-02,-9.694081742599627294e-01,1.933378540039062621e+00,0.000000000000000000e+00,0.000000000000000000e+00,0.000000000000000000e+00,1.000000000000000000e+00
9.631073697348488949e-01,1.086859250010222266e-01,2.461941592911853216e-01,-1.096232986450195318e-01,1.114724671163423719e-01,-9.937640347808183172e-01,2.632916851043849010e-03,-1.444784088134765665e-01,2.449450620800863176e-01,2.490808870268280961e-02,-9.692169538755304181e-01,1.933333984375000147e+00,0.000000000000000000e+00,0.000000000000000000e+00,0.000000000000000000e+00,1.000000000000000000e+00
9.632316232715839588e-01,1.086086859783588904e-01,2.457417206329517712e-01,-1.096290893554687507e-01,1.115361681939994881e-01,-9.937583285378098763e-01,2.016840682431577172e-03,-1.444660949707031183e-01,2.444269279645541471e-01,2.546640516038100460e-02,-9.693332446037420391e-01,1.933348632812500023e+00,0.000000000000000000e+00,0.000000000000000000e+00,0.000000000000000000e+00,1.000000000000000000e+00
9.631385848865754440e-01,1.086315428922958598e-01,2.460960263627281763e-01,-1.096210937499999954e-01,1.114748560710760589e-01,-9.937643782345091381e-01,2.391028254229694491e-03,-1.444794769287109371e-01,2.448212057126959718e-01,2.513062754924625525e-02,-9.692425025721700393e-01,1.933293090820312532e+00,0.000000000000000000e+00,0.000000000000000000e+00,0.000000000000000000e+00,1.000000000000000000e+00
9.630518429128916980e-01,1.087594777270896318e-01,2.463788218711459310e-01,-1.096246795654296918e-01,1.114208544589363470e-01,-9.937682982173899893e-01,3.156366542985350118e-03,-1.444605560302734404e-01,2.451867473044244405e-01,2.441199423733851626e-02,-9.691684649655253336e-01,1.933311279296874963e+00,0.000000000000000000e+00,0.000000000000000000e+00,0.000000000000000000e+00,1.000000000000000000e+00
9.628572582591202744e-01,1.085204794797149930e-01,2.472432117394187390e-01,-1.096336517333984378e-01,1.114114820452525301e-01,-9.937716759066032024e-01,2.310375350848862044e-03,-1.444711761474609391e-01,2.459540239276654938e-01,2.532117096964903169e-02,-9.689506986500991959e-01,1.933365722656249952e+00,0.000000000000000000e+00,0.000000000000000000e+00,0.000000000000000000e+00,1.000000000000000000e+00
9.632356562997134164e-01,1.089320910914483714e-01,2.455827151151011856e-01,-1.096248321533203202e-01,1.115205531680608236e-01,-9.937563612761241005e-01,3.385357341224888919e-03,-1.444735107421875053e-01,2.444181594193653162e-01,2.412662333776656454e-02,-9.693697279120941923e-01,1.933326416015624938e+00,0.000000000000000000e+00,0.000000000000000000e+00,0.000000000000000000e+00,1.000000000000000000e+00
9.632278497238170312e-01,1.086234439733248097e-01,2.457499886791570387e-01,-1.096285629272460982e-01,1.115190543350381841e-01,-9.937599787306329313e-01,2.145971460839175837e-03,-1.444694671630859517e-01,2.444496063335971914e-01,2.533874686455313274e-02,-9.693308712048139819e-01,1.933333862304687623e+00,0.000000000000000000e+00,0.000000000000000000e+00,0.000000000000000000e+00,1.000000000000000000e+00
9.632339475033124820e-01,1.088603294776072233e-01,2.456212349191591593e-01,-1.096300506591796897e-01,1.115278671679091754e-01,-9.937565749977625984e-01,3.066674696398357519e-03,-1.444919433593750135e-01,2.444215563778350253e-01,2.443968728816148239e-02,-9.693610289582998973e-01,1.933324951171875083e+00,0.000000000000000000e+00,0.000000000000000000e+00,0.000000000000000000e+00,1.000000000000000000e+00
9.632356124905120387e-01,1.088322253189089733e-01,2.456271596590296757e-01,-1.096241989135742223e-01,1.114501698520867362e-01,-9.937646750024743403e-01,3.260422851068082994e-03,-1.444690399169921979e-01,2.444504335646988380e-01,2.423463326235785614e-02,-9.693588953946160602e-01,1.933326171875000110e+00,0.000000000000000000e+00,0.000000000000000000e+00,0.000000000000000000e+00,1.000000000000000000e+00
9.631963536690737460e-01,1.088543161962630401e-01,2.457712801041741502e-01,-1.096246871948242246e-01,1.115242484615455720e-01,-9.937569649666817551e-01,3.071902553289951668e-03,-1.444687042236328101e-01,2.445713112441602055e-01,2.445061196889442706e-02,-9.693229808947370074e-01,1.933299316406249968e+00,0.000000000000000000e+00,0.000000000000000000e+00,0.000000000000000000e+00,1.000000000000000000e+00
9.632818442597147479e-01,1.087964608952364798e-01,2.454616438800054090e-01,-1.096291885375976632e-01,1.115629375741627738e-01,-9.937538383114078444e-01,2.649490737482555064e-03,-1.444762725830078254e-01,2.442167059793960426e-01,2.483221572908518235e-02,-9.694026828839282794e-01,1.933334838867187599e+00,0.000000000000000000e+00,0.000000000000000000e+00,0.000000000000000000e+00,1.000000000000000000e+00
9.630988693219333374e-01,1.088499867828623818e-01,2.461549274099228968e-01,-1.096287002563476609e-01,1.114317020603416836e-01,-9.937660714162064313e-01,3.459924556209345581e-03,-1.444654846191406328e-01,2.449970279141135965e-01,2.409721310380314938e-02,-9.692243190479081782e-01,1.933328979492187516e+00,0.000000000000000000e+00,0.000000000000000000e+00,0.000000000000000000e+00,1.000000000000000000e+00
9.629395649963988779e-01,1.084469646581046887e-01,2.469547529831946087e-01,-1.096329116821289085e-01,1.114342709242687190e-01,-9.937700082023371850e-01,1.890518739393748371e-03,-1.444684448242187502e-01,2.456212479166318963e-01,2.569876755743580321e-02,-9.690251678454516737e-01,1.933351684570312479e+00,0.000000000000000000e+00,0.000000000000000000e+00,0.000000000000000000e+00,1.000000000000000000e+00
9.632315166593133915e-01,1.086860825969493960e-01,2.457079175849410657e-01,-1.096454849243164026e-01,1.115407042689068873e-01,-9.937571767771259390e-01,2.311902928917360794e-03,-1.444907379150390525e-01,2.444252781636861716e-01,2.517953640728067335e-02,-9.693411547752005530e-01,1.933425048828125048e+00,0.000000000000000000e+00,0.000000000000000000e+00,0.000000000000000000e+00,1.000000000000000000e+00
9.632399366070834024e-01,1.087669426847049925e-01,2.456391188394156100e-01,-1.096391601562499984e-01,1.114820838788614932e-01,-9.937623053659094818e-01,2.867997186207983662e-03,-1.444621887207031274e-01,2.444188403114803398e-01,2.462179142255307984e-02,-9.693571054507910123e-01,1.933387084960937585e+00,0.000000000000000000e+00,0.000000000000000000e+00,0.000000000000000000e+00,1.000000000000000000e+00
9.631711632169661641e-01,1.086882510737705726e-01,2.459434374521954902e-01,-1.096323928833007888e-01,1.114824737850867026e-01,-9.937630602204949870e-01,2.576466563861984360e-03,-1.444657592773437582e-01,2.446895346884178646e-01,2.493680452107392351e-02,-9.692807577757043269e-01,1.933348632812500023e+00,0.000000000000000000e+00,0.000000000000000000e+00,0.000000000000000000e+00,1.000000000000000000e+00
9.632211221188614614e-01,1.086850257025256672e-01,2.457491303995250342e-01,-1.096311187744140603e-01,1.114696007273661138e-01,-9.937644589840993747e-01,2.593872341082107541e-03,-1.444794464111328058e-01,2.444986666993564650e-01,2.489508481772230095e-02,-9.693299937246114828e-01,1.933348388671874973e+00,0.000000000000000000e+00,0.000000000000000000e+00,0.000000000000000000e+00,1.000000000000000000e+00
9.632694841175394318e-01,1.087130571684069846e-01,2.455470874782027801e-01,-1.096286468505859452e-01,1.115390311525003286e-01,-9.937571269478165936e-01,2.411881005117941928e-03,-1.444856262207031283e-01,2.442763711403357629e-01,2.506479286808412782e-02,-9.693816640833418097e-01,1.933358886718750114e+00,0.000000000000000000e+00,0.000000000000000000e+00,0.000000000000000000e+00,1.000000000000000000e+00
9.630581208953103989e-01,1.086952901006514594e-01,2.463826083300710013e-01,-1.096287689208984423e-01,1.114916816533065569e-01,-9.937619267717086036e-01,2.614922771166337812e-03,-1.444879913330078258e-01,2.451298853663332611e-01,2.495128872256177979e-02,-9.691691144951801729e-01,1.933313964843750066e+00,0.000000000000000000e+00,0.000000000000000000e+00,0.000000000000000000e+00,1.000000000000000000e+00
9.631365103446265508e-01,1.086413786008256360e-01,2.460998035287456642e-01,-1.096341171264648418e-01,1.114536930354434602e-01,-9.937664449708176750e-01,2.515384428661787339e-03,-1.444775390624999933e-01,2.448390016928191359e-01,2.500607337777924211e-02,-9.692412287683025429e-01,1.933352172851562578e+00,0.000000000000000000e+00,0.000000000000000000e+00,0.000000000000000000e+00,1.000000000000000000e+00
9.630184760033793090e-01,1.086253340370859632e-01,2.465683509322726119e-01,-1.096353073120117233e-01,1.114597866785886071e-01,-9.937658623440959182e-01,2.475235960318683190e-03,-1.444886932373046773e-01,2.453000832239817519e-01,2.509875783434761809e-02,-9.691222428184591564e-01,1.933357421875000037e+00,0.000000000000000000e+00,0.000000000000000000e+00,0.000000000000000000e+00,1.000000000000000000e+00
9.632804676725199577e-01,1.089626430793530915e-01,2.453933230831126522e-01,-1.096450424194335971e-01,1.114820617208478054e-01,-9.937597655516714479e-01,3.643938138327132079e-03,-1.444586791992187591e-01,2.442590643457893951e-01,2.384681915577802069e-02,-9.694167518157870145e-01,1.933373901367187564e+00,0.000000000000000000e+00,0.000000000000000000e+00,0.000000000000000000e+00,1.000000000000000000e+00
9.631968446390820615e-01,1.087658187104287855e-01,2.458085335328434318e-01,-1.096406631469726556e-01,1.114738408659846636e-01,-9.937630971848633310e-01,2.913670560228173029e-03,-1.444757690429687436e-01,2.445923573620034652e-01,2.459478306061167047e-02,-9.693140230938063207e-01,1.933385498046874984e+00,0.000000000000000000e+00,0.000000000000000000e+00,0.000000000000000000e+00,1.000000000000000000e+00
9.633154453659842353e-01,1.086447171721445087e-01,2.453969807269846815e-01,-1.096379241943359339e-01,1.114844513841355550e-01,-9.937634403105324310e-01,2.332766973612497921e-03,-1.444610443115234288e-01,2.441199906171423462e-01,2.511075731155059526e-02,-9.694198677808945064e-01,1.933366699218750151e+00,0.000000000000000000e+00,0.000000000000000000e+00,0.000000000000000000e+00,1.000000000000000000e+00
9.631874776774550506e-01,1.087389384276087750e-01,2.458571254102249748e-01,-1.096369171142578119e-01,1.114549501709418827e-01,-9.937653035330483720e-01,2.883674090694761730e-03,-1.444731140136718828e-01,2.446378485184482754e-01,2.462447488790751871e-02,-9.693017890774574541e-01,1.933380493164062575e+00,0.000000000000000000e+00,0.000000000000000000e+00,0.000000000000000000e+00,1.000000000000000000e+00
9.634114198587339084e-01,1.088670349946692650e-01,2.449212215738930942e-01,-1.096275863647460935e-01,1.115477456256953048e-01,-9.937547183732181599e-01,2.942814433682732281e-03,-1.444813995361328152e-01,2.437119950507232458e-01,2.448526909052412687e-02,-9.695385165458673127e-01,1.933339355468750131e+00,0.000000000000000000e+00,0.000000000000000000e+00,0.000000000000000000e+00,1.000000000000000000e+00
9.630296815114024467e-01,1.088329303501181788e-01,2.464330046877925562e-01,-1.096196136474609367e-01,1.114500635116093818e-01,-9.937644023662796089e-01,3.346032404182368650e-03,-1.444640655517578087e-01,2.452605061384843244e-01,2.424264550328462942e-02,-9.691540529078425115e-01,1.933291503906249931e+00,0.000000000000000000e+00,0.000000000000000000e+00,0.000000000000000000e+00,1.000000000000000000e+00
9.632382995714753315e-01,1.087855870666041835e-01,2.456372819529385743e-01,-1.096305465698242249e-01,1.115757510667794716e-01,-9.937526017909762421e-01,2.572587714689282892e-03,-1.444705200195312567e-01,2.443825485024191113e-01,2.492914920810562068e-02,-9.693583999260660944e-01,1.933317504882812621e+00,0.000000000000000000e+00,0.000000000000000000e+00,0.000000000000000000e+00,1.000000000000000000e+00
9.633019715383107640e-01,1.089039304032123623e-01,2.453349660630053386e-01,-1.096252365112304755e-01,1.115166230227573052e-01,-9.937572202179919545e-01,3.260376390815333814e-03,-1.444652252197265729e-01,2.441584617006012092e-01,2.421819991951974782e-02,-9.694328880188943787e-01,1.933323852539062582e+00,0.000000000000000000e+00,0.000000000000000000e+00,0.000000000000000000e+00,1.000000000000000000e+00
9.628513225638544171e-01,1.086799492354345725e-01,2.471962768150450518e-01,-1.096149826049804682e-01,1.113892716873285532e-01,-9.937721974831255078e-01,3.041325784392966483e-03,-1.444630432128906350e-01,2.459873183519904749e-01,2.460666868439680827e-02,-9.689606550661657991e-01,1.933262939453125107e+00,0.000000000000000000e+00,0.000000000000000000e+00,0.000000000000000000e+00,1.000000000000000000e+00
9.630969880125747062e-01,1.085092474393047762e-01,2.463126771022202677e-01,-1.096253890991210900e-01,1.114925455571588037e-01,-9.937635578686917492e-01,1.844813634154696472e-03,-1.444952850341796879e-01,2.449767416843725010e-01,2.568529291862611807e-02,-9.691886615934964810e-01,1.933341430664062610e+00,0.000000000000000000e+00,0.000000000000000000e+00,0.000000000000000000e+00,1.000000000000000000e+00
9.631955351282426303e-01,1.084803177430521265e-01,2.459397929806899086e-01,-1.096350402832031307e-01,1.115292074438224840e-01,-9.937599617614487624e-01,1.540872102603084437e-03,-1.444785308837890636e-01,2.445722735634008327e-01,2.594530906060316458e-02,-9.692838820189773053e-01,1.933393188476562496e+00,0.000000000000000000e+00,0.000000000000000000e+00,0.000000000000000000e+00,1.000000000000000000e+00
9.632608609655385346e-01,1.085232594417844254e-01,2.456648446401333563e-01,-1.096280288696289129e-01,1.115354737726683421e-01,-9.937590638137067112e-01,1.661679395022687411e-03,-1.445072326660156170e-01,2.443119968856136970e-01,2.579971411152797919e-02,-9.693534045586923442e-01,1.933353271484375080e+00,0.000000000000000000e+00,0.000000000000000000e+00,0.000000000000000000e+00,1.000000000000000000e+00
9.633055122032484485e-01,1.084452204649304641e-01,2.455241827542652688e-01,-1.096306304931640579e-01,1.115518893370243403e-01,-9.937578098008540417e-01,1.261524930388301102e-03,-1.444699401855468746e-01,2.441283804562212334e-01,2.617345254494227169e-02,-9.693896452086231408e-01,1.933337890625000055e+00,0.000000000000000000e+00,0.000000000000000000e+00,0.000000000000000000e+00,1.000000000000000000e+00
9.632362748304615918e-01,1.088997651264518585e-01,2.455946253608559948e-01,-1.096216201782226618e-01,1.115110673998034319e-01,-9.937577396288045373e-01,3.291925759480262767e-03,-1.444671020507812542e-01,2.444200497056084054e-01,2.421561651606367327e-02,-9.693670322528279426e-01,1.933266113281250087e+00,0.000000000000000000e+00,0.000000000000000000e+00,0.000000000000000000e+00,1.000000000000000000e+00
9.629079174006809350e-01,1.082492022202844462e-01,2.471648292653216561e-01,-1.096258316040039094e-01,1.114459337126199878e-01,-9.937699305177820630e-01,1.062571223603335502e-03,-1.444640502929687431e-01,2.457399976926954166e-01,2.652235693438428910e-02,-9.689728675853825912e-01,1.933272583007812573e+00,0.000000000000000000e+00,0.000000000000000000e+00,0.000000000000000000e+00,1.000000000000000000e+00
9.630533062554259560e-01,1.086881780425854593e-01,2.464045642115346990e-01,-1.096318054199218739e-01,1.113473915539296977e-01,-9.937765250916686943e-01,3.158571016190854855e-03,-1.444694366455078205e-01,2.452143709178337405e-01,2.439463323175199844e-02,-9.691619132863505959e-01,1.933324218749999934e+00,0.000000000000000000e+00,0.000000000000000000e+00,0.000000000000000000e+00,1.000000000000000000e+00
9.633009859304929590e-01,1.088118671457060788e-01,2.453796814603961818e-01,-1.096316909790039096e-01,1.114822932534331873e-01,-9.937618188156224219e-01,3.024194970829233858e-03,-1.444785461425781292e-01,2.441780268498699447e-01,2.444227960995606908e-02,-9.694223363277602035e-01,1.933351196289062601e+00,0.000000000000000000e+00,0.000000000000000000e+00,0.000000000000000000e+00,1.000000000000000000e+00
9.630612183040785368e-01,1.084582111090097167e-01,2.464749606789650715e-01,-1.096264953613281246e-01,1.115111129522215194e-01,-9.937619297138915453e-01,1.580740168180548230e-03,-1.444777526855468841e-01,2.451088768013529040e-01,2.596234762797627882e-02,-9.691478705640450553e-01,1.933306274414062553e+00,0.000000000000000000e+00,0.000000000000000000e+00,0.000000000000000000e+00,1.000000000000000000e+00
9.631644109867515402e-01,1.086486816058256782e-01,2.459873602319032904e-01,-1.096318054199218739e-01,1.114531930520005071e-01,-9.937664502924289378e-01,2.535356325881801473e-03,-1.444902954101562609e-01,2.447294489166715603e-01,2.497411176601882499e-02,-9.692697202401615586e-01,1.933313720703125016e+00,0.000000000000000000e+00,0.000000000000000000e+00,0.000000000000000000e+00,1.000000000000000000e+00
9.632467258821495459e-01,1.084419955581463618e-01,2.457561366002604386e-01,-1.096283874511718714e-01,1.114815249970719652e-01,-9.937652929865117279e-01,1.553074293015824919e-03,-1.444638977050781148e-01,2.443923375673757448e-01,2.590127515778654216e-02,-9.693304438031205006e-01,1.933312255859374940e+00,0.000000000000000000e+00,0.000000000000000000e+00,0.000000000000000000e+00,1.000000000000000000e+00
9.632729156274719706e-01,1.086752121692640544e-01,2.455503782903108168e-01,-1.096233978271484444e-01,1.114954787993355928e-01,-9.937619698411213065e-01,2.430124441539912791e-03,-1.444659271240234522e-01,2.442827219142938155e-01,2.503688394069645412e-02,-9.693807849429880719e-01,1.933318725585937647e+00,0.000000000000000000e+00,0.000000000000000000e+00,0.000000000000000000e+00,1.000000000000000000e+00
9.630742217458827525e-01,1.085708979735856977e-01,2.463745188159111033e-01,-1.096209487915039138e-01,1.114792751548293742e-01,-9.937644211259482052e-01,2.155577686624261455e-03,-1.444782562255859382e-01,2.450722640763665083e-01,2.538967147125918700e-02,-9.691723014836244321e-01,1.933291625976562456e+00,0.000000000000000000e+00,0.000000000000000000e+00,0.000000000000000000e+00,1.000000000000000000e+00
9.632505756443274780e-01,1.085306440922092774e-01,2.457019084455842328e-01,-1.096288223266601580e-01,1.114922774772688363e-01,-9.937635459618894274e-01,1.867292206348462186e-03,-1.444649353027343819e-01,2.443722582123506182e-01,2.559519506044825171e-02,-9.693436363880532092e-01,1.933333007812499948e+00,0.000000000000000000e+00,0.000000000000000000e+00,0.000000000000000000e+00,1.000000000000000000e+00
9.632010814905797025e-01,1.086955911085219079e-01,2.458229954437684273e-01,-1.096278305053711016e-01,1.115432427365230655e-01,-9.937567955017937438e-01,2.352954276505224082e-03,-1.444823455810546886e-01,2.445440279687874086e-01,2.515352594717574358e-02,-9.693118788693481092e-01,1.933328125000000064e+00,0.000000000000000000e+00,0.000000000000000000e+00,0.000000000000000000e+00,1.000000000000000000e+00
9.629351206025912324e-01,1.088137985146309800e-01,2.468106779758348635e-01,-1.096254272460937540e-01,1.114181219373618498e-01,-9.937676886610259386e-01,3.432648725703077441e-03,-1.444661865234375120e-01,2.456459965357162545e-01,2.419376419948328708e-02,-9.690576382031336200e-01,1.933291503906249931e+00,0.000000000000000000e+00,0.000000000000000000e+00,0.000000000000000000e+00,1.000000000000000000e+00
9.632053752398271884e-01,1.090163339533117559e-01,2.456640878119635274e-01,-1.096348419189453194e-01,1.115001692631502339e-01,-9.937570767038542696e-01,3.818999253629058732e-03,-1.444695434570312520e-01,2.445467590531368307e-01,2.371310676377893362e-02,-9.693474976520118913e-01,1.933328247070312589e+00,0.000000000000000000e+00,0.000000000000000000e+00,0.000000000000000000e+00,1.000000000000000000e+00
9.630921548642855656e-01,1.090004584729864501e-01,2.461146100733280218e-01,-1.096261062622070348e-01,1.114288647931359066e-01,-9.937640318577677379e-01,4.081308210262483277e-03,-1.444703826904296939e-01,2.450247116716609552e-01,2.349359569058923417e-02,-9.692321402180940071e-01,1.933348632812500023e+00,0.000000000000000000e+00,0.000000000000000000e+00,0.000000000000000000e+00,1.000000000000000000e+00
9.631428669584803925e-01,1.089539466613249075e-01,2.459366896864320085e-01,-1.096238250732421843e-01,1.114891854599187881e-01,-9.937589995288719225e-01,3.634883885312828466e-03,-1.444793090820312431e-01,2.447978336351917528e-01,2.391836872148773302e-02,-9.692790786379433809e-01,1.933303710937499975e+00,0.000000000000000000e+00,0.000000000000000000e+00,0.000000000000000000e+00,1.000000000000000000e+00
9.632406916350725323e-01,1.087508359216274589e-01,2.456432894762951846e-01,-1.096302337646484354e-01,1.115161121253135101e-01,-9.937590456556516516e-01,2.667567060702551521e-03,-1.444921264648437453e-01,2.444003410694064182e-01,2.482367547153531417e-02,-9.693566208683169760e-01,1.933324707031250034e+00,0.000000000000000000e+00,0.000000000000000000e+00,0.000000000000000000e+00,1.000000000000000000e+00
9.631393683348953294e-01,1.086720374419305468e-01,2.460750809035292808e-01,-1.096224136352539069e-01,1.114887620540615520e-01,-9.937625521447642774e-01,2.499177940398850800e-03,-1.444731292724609484e-01,2.448117911766336252e-01,2.502754947941526406e-02,-9.692475476718752647e-01,1.933285522460937544e+00,0.000000000000000000e+00,0.000000000000000000e+00,0.000000000000000000e+00,1.000000000000000000e+00
9.630262920888456035e-01,1.087890940928577937e-01,2.464656035881386265e-01,-1.096261825561523490e-01,1.114525489995370905e-01,-9.937647300207544943e-01,3.160805005547688215e-03,-1.444757232666015745e-01,2.452726851223265281e-01,2.442528143609904584e-02,-9.691463850005591629e-01,1.933291992187500030e+00,0.000000000000000000e+00,0.000000000000000000e+00,0.000000000000000000e+00,1.000000000000000000e+00
9.630255288082127940e-01,1.088043508576415630e-01,2.464618512023912522e-01,-1.096231536865234363e-01,1.114396023638846711e-01,-9.937658161619669084e-01,3.273782662200300925e-03,-1.444673309326171828e-01,2.452815645103432474e-01,2.431287441639278304e-02,-9.691469642159393771e-01,1.933305175781250052e+00,0.000000000000000000e+00,0.000000000000000000e+00,0.000000000000000000e+00,1.000000000000000000e+00
9.630579845846252152e-01,1.087456282691267595e-01,2.463609276248015789e-01,-1.096282577514648415e-01,1.115356744010436441e-01,-9.937569130203347534e-01,2.644080218029745341e-03,-1.444723815917968723e-01,2.451104070897525411e-01,2.493162964284314359e-02,-9.691745468075645409e-01,1.933344116210937491e+00,0.000000000000000000e+00,0.000000000000000000e+00,0.000000000000000000e+00,1.000000000000000000e+00
9.633483396363035078e-01,1.086287563980816162e-01,2.452748862060362689e-01,-1.096223144531250082e-01,1.115320721351485689e-01,-9.937586890000699169e-01,2.065168783110700457e-03,-1.444841156005859384e-01,2.439683860774133350e-01,2.536653938299356786e-02,-9.694513733419091173e-01,1.933330810546874945e+00,0.000000000000000000e+00,0.000000000000000000e+00,0.000000000000000000e+00,1.000000000000000000e+00
9.630677912995799783e-01,1.084163260008235707e-01,2.464677050200125008e-01,-1.096291427612304664e-01,1.115441831966794695e-01,-9.937586534082236689e-01,1.278268852619146231e-03,-1.444677734375000022e-01,2.450679998619451905e-01,2.626097928023846118e-02,-9.691501619516496024e-01,1.933335571289062527e+00,0.000000000000000000e+00,0.000000000000000000e+00,0.000000000000000000e+00,1.000000000000000000e+00
9.633633599601739705e-01,1.089414507418837441e-01,2.450771245883588689e-01,-1.096282119750976586e-01,1.116498811306359529e-01,-9.937434957482861320e-01,2.858094031184246417e-03,-1.444807281494140672e-01,2.438551634264879142e-01,2.460944875916454971e-02,-9.694993730281681321e-01,1.933309570312500059e+00,0.000000000000000000e+00,0.000000000000000000e+00,0.000000000000000000e+00,1.000000000000000000e+00
9.629422823161757350e-01,1.084893936228769201e-01,2.469255199428660175e-01,-1.096155090332031207e-01,1.114436386333007428e-01,-9.937686965303516029e-01,2.023166957066519639e-03,-1.444785919189453260e-01,2.456063442500713012e-01,2.557008540670835384e-02,-9.690323495097616924e-01,1.933257934570312475e+00,0.000000000000000000e+00,0.000000000000000000e+00,0.000000000000000000e+00,1.000000000000000000e+00
9.630539181904739232e-01,1.085204776930934339e-01,2.464760770931721245e-01,-1.096225585937500024e-01,1.113961976113531788e-01,-9.937734384128941167e-01,2.289162018462140638e-03,-1.444951629638671908e-01,2.451897995751635417e-01,2.525191133908933488e-02,-9.691461722351352170e-01,1.933336425781249979e+00,0.000000000000000000e+00,0.000000000000000000e+00,0.000000000000000000e+00,1.000000000000000000e+00
9.631188718890452138e-01,1.086786484801428448e-01,2.461523714606525803e-01,-1.096206512451171899e-01,1.115184094976440360e-01,-9.937594288964483047e-01,2.416986247594340304e-03,-1.444840393066406381e-01,2.448789148830281259e-01,2.512267589121083833e-02,-9.692281301127080306e-01,1.933286621093750046e+00,0.000000000000000000e+00,0.000000000000000000e+00,0.000000000000000000e+00,1.000000000000000000e+00
9.629659323819609318e-01,1.089653098553513416e-01,2.466235477805558962e-01,-1.096155624389648503e-01,1.114673306874004316e-01,-9.937606928073755563e-01,3.836615752301614918e-03,-1.444678039550781334e-01,2.455028457292635635e-01,2.379593829064867785e-02,-9.691037643408993985e-01,1.933243530273437649e+00,0.000000000000000000e+00,0.000000000000000000e+00,0.000000000000000000e+00,1.000000000000000000e+00
9.629948263966437993e-01,1.084553293470260082e-01,2.467354977896903945e-01,-1.096204681396484443e-01,1.115385551171845790e-01,-9.937589915988375155e-01,1.489073145558824154e-03,-1.444800415039062536e-01,2.453571173935432670e-01,2.608655118428202663e-02,-9.690817183249517131e-01,1.933317138671875046e+00,0.000000000000000000e+00,0.000000000000000000e+00,0.000000000000000000e+00,1.000000000000000000e+00
9.629495731182285967e-01,1.087355016213672476e-01,2.467887969875683096e-01,-1.096073913574218822e-01,1.114667883023550687e-01,-9.937638709600641329e-01,2.919568465896730039e-03,-1.444576721191406232e-01,2.455672509456004737e-01,2.469735738128145397e-02,-9.690648924614914117e-01,1.933248779296875108e+00,0.000000000000000000e+00,0.000000000000000000e+00,0.000000000000000000e+00,1.000000000000000000e+00
9.629277653139629578e-01,1.087374042059191526e-01,2.468730356155087735e-01,-1.096188964843750058e-01,1.114066737222745573e-01,-9.937698345053518345e-01,3.173180950495705852e-03,-1.444658813476562553e-01,2.456800192070905386e-01,2.444775968804678568e-02,-9.690426384884409661e-01,1.933301147460937619e+00,0.000000000000000000e+00,0.000000000000000000e+00,0.000000000000000000e+00,1.000000000000000000e+00
9.631485695298680483e-01,1.087161292916757616e-01,2.460195850829856312e-01,-1.096271896362304710e-01,1.114600958867165703e-01,-9.937650022752295698e-01,2.786983644867284393e-03,-1.444904785156249927e-01,2.447886436040134506e-01,2.473708723250274411e-02,-9.692608505855164758e-01,1.933282836914062441e+00,0.000000000000000000e+00,0.000000000000000000e+00,0.000000000000000000e+00,1.000000000000000000e+00
9.630752912999096527e-01,1.086279673897580234e-01,2.463451805665458350e-01,-1.096172409057617203e-01,1.114469173048224515e-01,-9.937672101342907016e-01,2.513301645422178279e-03,-1.444733886718750082e-01,2.450827776708238426e-01,2.503391225275187343e-02,-9.691788974830577441e-01,1.933273681640625075e+00,0.000000000000000000e+00,0.000000000000000000e+00,0.000000000000000000e+00,1.000000000000000000e+00
9.631302714170408841e-01,1.087118357562302934e-01,2.460931064590144157e-01,-1.096134185791015625e-01,1.114870912082882998e-01,-9.937622946363970922e-01,2.670253343406236643e-03,-1.444750976562499956e-01,2.448483383118051637e-01,2.486440277814003230e-02,-9.692425149055496902e-01,1.933254394531250142e+00,0.000000000000000000e+00,0.000000000000000000e+00,0.000000000000000000e+00,1.000000000000000000e+00
9.630223575855546558e-01,1.086202833974880821e-01,2.465554153228224910e-01,-1.096209716796874983e-01,1.114233831491233950e-01,-9.937696336361511174e-01,2.597104209253948623e-03,-1.444552001953124942e-01,2.453013829515923727e-01,2.497096909051499392e-02,-9.691252149359838031e-01,1.933308837890625131e+00,0.000000000000000000e+00,0.000000000000000000e+00,0.000000000000000000e+00,1.000000000000000000e+00
9.632374866309665329e-01,1.084910280474976618e-01,2.457707085518035794e-01,-1.096215744018554650e-01,1.114680530230679478e-01,-9.937663718003673097e-01,1.808710585104844615e-03,-1.444867706298828269e-01,2.444348942031497607e-01,2.565336453433020650e-02,-9.693263059382859481e-01,1.933290283203125126e+00,0.000000000000000000e+00,0.000000000000000000e+00,0.000000000000000000e+00,1.000000000000000000e+00
9.630170810461990971e-01,1.087491133107720415e-01,2.465192324492753995e-01,-1.096060714721679707e-01,1.114630764695517112e-01,-9.937641625163571302e-01,2.961736333042816818e-03,-1.444616699218750078e-01,2.453040647792079920e-01,2.462558937943340465e-02,-9.691333737677771953e-01,1.933223144531249993e+00,0.000000000000000000e+00,0.000000000000000000e+00,0.000000000000000000e+00,1.000000000000000000e+00
9.631349974386492763e-01,1.087726209515262193e-01,2.460477466675709268e-01,-1.096196136474609367e-01,1.114604839396553942e-01,-9.937642805595950923e-01,3.019139580855614152e-03,-1.444647827148437536e-01,2.448418616756362354e-01,2.451676192335488710e-02,-9.692530067820283035e-01,1.933287109375000146e+00,0.000000000000000000e+00,0.000000000000000000e+00,0.000000000000000000e+00,1.000000000000000000e+00
9.630586390905604421e-01,1.086182516367713291e-01,2.464145553420276913e-01,-1.096218261718750059e-01,1.115298141091214390e-01,-9.937587555131086603e-01,2.153231483738537316e-03,-1.444733428955078114e-01,2.451105020961424075e-01,2.540888136870197642e-02,-9.691621280826900886e-01,1.933320800781250126e+00,0.000000000000000000e+00,0.000000000000000000e+00,0.000000000000000000e+00,1.000000000000000000e+00
9.631563552518324078e-01,1.084213399316455301e-01,2.461191751681139905e-01,-1.096248474121093719e-01,1.114931289917783924e-01,-9.937641287538442336e-01,1.462391786038411828e-03,-1.444687805175781381e-01,2.447429621575028524e-01,2.603208500177765783e-02,-9.692384706690256868e-01,1.933319091796875000e+00,0.000000000000000000e+00,0.000000000000000000e+00,0.000000000000000000e+00,1.000000000000000000e+00
9.631758488680407515e-01,1.086857335551418419e-01,2.459261992527639051e-01,-1.096192855834960955e-01,1.114447781405264598e-01,-9.937669230232492046e-01,2.713693076352748437e-03,-1.444761352539062627e-01,2.446882620448685153e-01,2.479342708228379072e-02,-9.692847571229920023e-01,1.933285034179687445e+00,0.000000000000000000e+00,0.000000000000000000e+00,0.000000000000000000e+00,1.000000000000000000e+00
9.631764163049024718e-01,1.088367226932017984e-01,2.458571920189601412e-01,-1.096262283325195319e-01,1.114855131180651771e-01,-9.937610276957346001e-01,3.162308953730822575e-03,-1.444638824462890769e-01,2.446674711498168786e-01,2.436365380069709444e-02,-9.693009031949949561e-01,1.933331665039062619e+00,0.000000000000000000e+00,0.000000000000000000e+00,0.000000000000000000e+00,1.000000000000000000e+00
9.631271885860077653e-01,1.085377935172541636e-01,2.461819773761244612e-01,-1.096281356811523444e-01,1.115044259677879374e-01,-9.937621204783408935e-01,1.900234718562958044e-03,-1.444692077636718919e-01,2.448525711443660935e-01,2.562021234879664766e-02,-9.692217615815255094e-01,1.933337158203125128e+00,0.000000000000000000e+00,0.000000000000000000e+00,0.000000000000000000e+00,1.000000000000000000e+00
9.631633967315720302e-01,1.086007819091224652e-01,2.460124821329763012e-01,-1.096284790039062512e-01,1.115371273892486886e-01,-9.937582350871008163e-01,2.009828431837857102e-03,-1.444843292236328292e-01,2.446951989930641613e-01,2.550373237975440271e-02,-9.692645764828335953e-01,1.933335205078124952e+00,0.000000000000000000e+00,0.000000000000000000e+00,0.000000000000000000e+00,1.000000000000000000e+00
9.631805995212557869e-01,1.085749862724113557e-01,2.459565105091146286e-01,-1.096185836791992163e-01,1.115409814227897034e-01,-9.937580507592532753e-01,1.883086405534141819e-03,-1.444548034667968717e-01,2.446257185357161024e-01,2.562047827647862680e-02,-9.692790356361625781e-01,1.933278442382812434e+00,0.000000000000000000e+00,0.000000000000000000e+00,0.000000000000000000e+00,1.000000000000000000e+00
9.631475466300057908e-01,1.087695449649661722e-01,2.459999786762501750e-01,-1.096268386840820314e-01,1.115034013074428648e-01,-9.937600178040967291e-01,2.831697524984216896e-03,-1.444896545410156163e-01,2.447729456403887061e-01,2.470249181997350232e-02,-9.692656973092629302e-01,1.933300292968749945e+00,0.000000000000000000e+00,0.000000000000000000e+00,0.000000000000000000e+00,1.000000000000000000e+00
9.632610895928835903e-01,1.084710729097854848e-01,2.456869952157240966e-01,-1.096284484863281339e-01,1.115471223826110664e-01,-9.937581534350251600e-01,1.404268339139452815e-03,-1.444738006591796964e-01,2.443057771819774626e-01,2.605300027270409172e-02,-9.693481977144750017e-01,1.933332519531250071e+00,0.000000000000000000e+00,0.000000000000000000e+00,0.000000000000000000e+00,1.000000000000000000e+00
9.629260704490004708e-01,1.084806888414000942e-01,2.469925565642459853e-01,-1.096290588378906333e-01,1.114232087893034934e-01,-9.937708794170131421e-01,2.075515798977741605e-03,-1.444681549072265592e-01,2.456791635298813670e-01,2.552213492699737657e-02,-9.690151542860544476e-01,1.933260009765624954e+00,0.000000000000000000e+00,0.000000000000000000e+00,0.000000000000000000e+00,1.000000000000000000e+00
9.630916032397734972e-01,1.086763363291018830e-01,2.462600610962468184e-01,-1.096266021728515699e-01,1.114402859371707716e-01,-9.937673876395548556e-01,2.727990890159365939e-03,-1.444729156494140576e-01,2.450216856510559760e-01,2.481598650344380222e-02,-9.691999486042993661e-01,1.933325317382812436e+00,0.000000000000000000e+00,0.000000000000000000e+00,0.000000000000000000e+00,1.000000000000000000e+00
9.632603468593813334e-01,1.086649606528136275e-01,2.456042151402683671e-01,-1.096300582885742225e-01,1.115227684148468595e-01,-9.937592506370963585e-01,2.285584889189191254e-03,-1.444545898437500087e-01,2.443198237831576414e-01,2.518884871366143183e-02,-9.693674977051002228e-01,1.933337646484375005e+00,0.000000000000000000e+00,0.000000000000000000e+00,0.000000000000000000e+00,1.000000000000000000e+00
9.629828885304252406e-01,1.086750964366168803e-01,2.466853862961700672e-01,-1.096305770874023422e-01,1.114620098839320395e-01,-9.937650776032578293e-01,2.681583268358798261e-03,-1.444736938476562649e-01,2.454387433764948223e-01,2.491373016396628698e-02,-9.690919096242029962e-01,1.933329833984374968e+00,0.000000000000000000e+00,0.000000000000000000e+00,0.000000000000000000e+00,1.000000000000000000e+00
9.631613243996414164e-01,1.088123896040544547e-01,2.459270766901943683e-01,-1.096261062622070348e-01,1.114295196180180025e-01,-9.937668872140438259e-01,3.291813270552425286e-03,-1.444708099365234477e-01,2.447523755521629485e-01,2.423298878731023481e-02,-9.692827435356555776e-01,1.933358276367187489e+00,0.000000000000000000e+00,0.000000000000000000e+00,0.000000000000000000e+00,1.000000000000000000e+00
9.630823063694314845e-01,1.087402542126467281e-01,2.462682039401471457e-01,-1.096303176879882824e-01,1.115547574165525330e-01,-9.937550503589099860e-01,2.536924101112982000e-03,-1.444925994873046959e-01,2.450061371800124066e-01,2.502912303556911050e-02,-9.691983985460354001e-01,1.933347534179687521e+00,0.000000000000000000e+00,0.000000000000000000e+00,0.000000000000000000e+00,1.000000000000000000e+00
