T00,T01,T02,T03,T10,T11,T12,T13,T20,T21,T22,T23,T30,T31,T32,T33
5.909913247487388333e-01,8.020071116606181105e-01,-8.668244872823668845e-02,8.549409544950792306e-02,-7.954301999094374187e-01,5.972584603937420855e-01,1.028257193513812812e-01,-2.394301851550746651e-01,1.342387840520127829e-01,8.180729422826021890e-03,9.909152458824859178e-01,-1.257959794692091737e-01,0.000000000000000000e+00,0.000000000000000000e+00,0.000000000000000000e+00,1.000000000000000000e+00
5.908727704038856388e-01,8.021287155254110957e-01,-8.636488247425039289e-02,8.551531050264071787e-02,-7.953794017063435806e-01,5.971078676489065540e-01,1.040855500683684765e-01,-2.394694535990394280e-01,1.350591593950443425e-01,7.191531222898714382e-03,9.908114378337453676e-01,-1.257107876450718198e-01,0.000000000000000000e+00,0.000000000000000000e+00,0.000000000000000000e+00,1.000000000000000000e+00
5.906876757441686943e-01,8.020866709769495229e-01,-8.800592005693076703e-02,8.566829146836302256e-02,-7.956081901262993528e-01,5.971296287101603983e-01,1.021949818749458005e-01,-2.394343040252383814e-01,1.345201751705160653e-01,9.652914460465282509e-03,9.908638371211822005e-01,-1.256310001509686192e-01,0.000000000000000000e+00,0.000000000000000000e+00,0.000000000000000000e+00,1.000000000000000000e+00
5.909328329296424931e-01,8.020685813935037878e-01,-8.651229801108958894e-02,8.553747886242740739e-02,-7.956334071934298979e-01,5.971686709654789871e-01,1.017696407338520015e-01,-2.392691401895681302e-01,1.332886653977790326e-01,8.693052325609497422e-03,9.910391326873744244e-01,-1.260323395739399999e-01,0.000000000000000000e+00,0.000000000000000000e+00,0.000000000000000000e+00,1.000000000000000000e+00
5.909727509953739411e-01,8.020924479994958611e-01,-8.601693114228120551e-02,8.544972198267358765e-02,-7.954058007503684857e-01,5.971565829249035895e-01,1.036032219678422461e-01,-2.394090328028904979e-01,1.344649386034330873e-01,7.191684894995394040e-03,9.908922544629895635e-01,-1.258553462680425117e-01,0.000000000000000000e+00,0.000000000000000000e+00,0.000000000000000000e+00,1.000000000000000000e+00
5.908948711528629882e-01,8.020556159114465844e-01,-8.689096748311363194e-02,8.553543962786452903e-02,-7.954367793014770482e-01,5.971935425585771506e-01,1.031513589868308794e-01,-2.394019686701575611e-01,1.346238514518681428e-01,8.164662347391132835e-03,9.908631373247358542e-01,-1.257917192730559908e-01,0.000000000000000000e+00,0.000000000000000000e+00,0.000000000000000000e+00,1.000000000000000000e+00
5.910423035505474321e-01,8.020344664295750992e-01,-8.607967281936727832e-02,8.549328216639878741e-02,-7.954545609966452435e-01,5.972280518504033964e-01,1.028138875473857822e-01,-2.393458972467324419e-01,1.338694767424487286e-01,7.705111420270804867e-03,9.909690179085843820e-01,-1.258995769726916070e-01,0.000000000000000000e+00,0.000000000000000000e+00,0.000000000000000000e+00,1.000000000000000000e+00
5.908291774033984645e-01,8.020887297992126408e-01,-8.703190597653910621e-02,8.557182010363867386e-02,-7.955360696660601638e-01,5.971433365475764532e-01,1.026752038084428609e-01,-2.393526675501485013e-01,1.343251465255147492e-01,8.573514210253443957e-03,9.909002219522334842e-01,-1.258863760481148120e-01,0.000000000000000000e+00,0.000000000000000000e+00,0.000000000000000000e+00,1.000000000000000000e+00
5.907372037434328593e-01,8.020571459745511333e-01,-8.794254206325687051e-02,8.556293071727183452e-02,-7.954355975253177835e-01,5.971800000843975331e-01,1.032388380830584207e-01,-2.394344310088008521e-01,1.353209751033844777e-01,8.965605967075150617e-03,9.907612485390779877e-01,-1.257569292448059706e-01,0.000000000000000000e+00,0.000000000000000000e+00,0.000000000000000000e+00,1.000000000000000000e+00
5.909610505847597839e-01,8.019574396816250283e-01,-8.734587357768841542e-02,8.556494506315037718e-02,-7.955038229219667523e-01,5.973098157455392077e-01,1.019541648514967758e-01,-2.393514497837488930e-01,1.339354486620069340e-01,9.233035975377619498e-03,9.909470453250184274e-01,-1.258673715825247008e-01,0.000000000000000000e+00,0.000000000000000000e+00,0.000000000000000000e+00,1.000000000000000000e+00
5.909388325519072671e-01,8.020397308020776883e-01,-8.673849432126411185e-02,8.555415530303317473e-02,-7.956219751636630644e-01,5.972037679058329607e-01,1.016529991478252459e-01,-2.392511546099268804e-01,1.333302997028831816e-01,8.940347532790451912e-03,9.910313321823546184e-01,-1.261235257728703374e-01,0.000000000000000000e+00,0.000000000000000000e+00,0.000000000000000000e+00,1.000000000000000000e+00
5.908753163665949604e-01,8.019962907470277180e-01,-8.756888794934852838e-02,8.556756541747539968e-02,-7.955400351460302222e-01,5.972550497958758475e-01,1.019924407648878928e-01,-2.393822409453764677e-01,1.340985197104336279e-01,9.399740492969176076e-03,9.909234238275607121e-01,-1.258760069538535920e-01,0.000000000000000000e+00,0.000000000000000000e+00,0.000000000000000000e+00,1.000000000000000000e+00
5.909535566052331879e-01,8.019993012274573285e-01,-8.701157834619394071e-02,8.551246173418919350e-02,-7.953985432646437648e-01,5.972669119974904905e-01,1.030213240327688684e-01,-2.394184292182396367e-01,1.345921665926670396e-01,8.328064820375132016e-03,9.908660817831235201e-01,-1.257799963334089721e-01,0.000000000000000000e+00,0.000000000000000000e+00,0.000000000000000000e+00,1.000000000000000000e+00
5.911006681712278610e-01,8.020088540612353434e-01,-8.591739110862697815e-02,8.543668324847025763e-02,-7.953425209421500774e-01,5.972688767369678242e-01,1.034415934851486696e-01,-2.394491490672394918e-01,1.342768575329125746e-01,7.189359411340155714e-03,9.909177759240879180e-01,-1.257955897539173584e-01,0.000000000000000000e+00,0.000000000000000000e+00,0.000000000000000000e+00,1.000000000000000000e+00
5.909183479401919348e-01,8.020584650350784939e-01,-8.670481378336644673e-02,8.552889729592272339e-02,-7.954542192845405202e-01,5.971907894122653326e-01,1.030327426771583121e-01,-2.394164074483881577e-01,1.344175996291278874e-01,8.085771869725914829e-03,9.908917848096301384e-01,-1.258196856119446760e-01,0.000000000000000000e+00,0.000000000000000000e+00,0.000000000000000000e+00,1.000000000000000000e+00
5.907933448102150598e-01,8.020913316956760353e-01,-8.725089882984193856e-02,8.552792878544829280e-02,-7.954710166793536041e-01,5.971416998822799416e-01,1.031874599203628090e-01,-2.393780646955177838e-01,1.348669171853266457e-01,8.443096609540637343e-03,9.908277492927659580e-01,-1.258580127830699613e-01,0.000000000000000000e+00,0.000000000000000000e+00,0.000000000000000000e+00,1.000000000000000000e+00
5.908436392421437811e-01,8.020519480035684934e-01,-8.727237060364700927e-02,8.546688663498258620e-02,-7.953734719246646767e-01,5.971980477398111109e-01,1.036124120666182813e-01,-2.394091896333598313e-01,1.352214262815029377e-01,8.195393794021406386e-03,9.907815104224325653e-01,-1.258460731732271576e-01,0.000000000000000000e+00,0.000000000000000000e+00,0.000000000000000000e+00,1.000000000000000000e+00
5.908985483213665679e-01,8.020236598415780849e-01,-8.716051081781703291e-02,8.545683540137172240e-02,-7.954343261701645185e-01,5.972318040536387374e-01,1.029485550022572610e-01,-2.394293560401229704e-01,1.346222059762738898e-01,8.498310488401439322e-03,9.908605554652606395e-01,-1.258165778044324501e-01,0.000000000000000000e+00,0.000000000000000000e+00,0.000000000000000000e+00,1.000000000000000000e+00
5.909231197946582803e-01,8.020607099119868577e-01,-8.665150955192743587e-02,8.549597348694831789e-02,-7.954628172453058754e-01,5.971879456270189346e-01,1.029828334138356838e-01,-2.394331855466952652e-01,1.343457214514444664e-01,8.073116700537376345e-03,9.909016358420398296e-01,-1.258263760455957669e-01,0.000000000000000000e+00,0.000000000000000000e+00,0.000000000000000000e+00,1.000000000000000000e+00
5.909908193660382558e-01,8.020511089192936538e-01,-8.627786568054343630e-02,8.547725123662569535e-02,-7.954714087857537308e-01,5.972036466495567186e-01,1.028252995759290217e-01,-2.393664399658525788e-01,1.339966015593936355e-01,7.862767311993271169e-03,9.909505979920141261e-01,-1.259689886202333131e-01,0.000000000000000000e+00,0.000000000000000000e+00,0.000000000000000000e+00,1.000000000000000000e+00
5.908296185235025755e-01,8.020345821531449371e-01,-8.752651544419405572e-02,8.551734455539278246e-02,-7.955730025189926558e-01,5.972044046610842649e-01,1.020318416785407356e-01,-2.393060856312906881e-01,1.341042860548733451e-01,9.350298595779807376e-03,9.909231112341070347e-01,-1.260078888302689215e-01,0.000000000000000000e+00,0.000000000000000000e+00,0.000000000000000000e+00,1.000000000000000000e+00
5.910211988412884532e-01,8.020849028514716039e-01,-8.575401528763659798e-02,8.545926175137763536e-02,-7.956449519931942937e-01,5.971552432926371390e-01,1.017581730174998006e-01,-2.392663112872496778e-01,1.328271541814936840e-01,8.088511968053296863e-03,9.911062118089004613e-01,-1.260520969145522141e-01,0.000000000000000000e+00,0.000000000000000000e+00,0.000000000000000000e+00,1.000000000000000000e+00
5.910775927662509366e-01,8.020322723290782552e-01,-8.585751843787044202e-02,8.550729823981051414e-02,-7.954243690343818507e-01,5.972347666050578097e-01,1.030082846399132113e-01,-2.393719905938299919e-01,1.338930635840010763e-01,7.407273510360239122e-03,9.909681023237999486e-01,-1.258967632549219395e-01,0.000000000000000000e+00,0.000000000000000000e+00,0.000000000000000000e+00,1.000000000000000000e+00
5.910083427357785135e-01,8.020427405392357434e-01,-8.623561424968687050e-02,8.547133099529125033e-02,-7.955716903053992040e-01,5.972087738478242258e-01,1.020164987822478608e-01,-2.392580988407014553e-01,1.333222577116011109e-01,8.314011516144879932e-03,9.910378664870433951e-01,-1.261308222108756816e-01,0.000000000000000000e+00,0.000000000000000000e+00,0.000000000000000000e+00,1.000000000000000000e+00
5.910426426100341413e-01,8.020303716517656056e-01,-8.611548969075238924e-02,8.548000516081077915e-02,-7.955603283260275216e-01,5.972266390950765613e-01,1.020005173956605449e-01,-2.393191558077025771e-01,1.332379773575487758e-01,8.223411903209652818e-03,9.910499568065876952e-01,-1.259988154870352872e-01,0.000000000000000000e+00,0.000000000000000000e+00,0.000000000000000000e+00,1.000000000000000000e+00
5.909979345337984524e-01,8.020574314937227722e-01,-8.617028468373658101e-02,8.551891833235636398e-02,-7.956219798583907821e-01,5.971874775636712984e-01,1.017486206656083303e-01,-2.392834202934304710e-01,1.330680523003110460e-01,8.425747849998173333e-03,9.910710873747503591e-01,-1.260823757789888422e-01,0.000000000000000000e+00,0.000000000000000000e+00,0.000000000000000000e+00,1.000000000000000000e+00
5.910912962217446109e-01,8.021049771515914584e-01,-8.508046285454307078e-02,8.543266212658878755e-02,-7.954696189997995104e-01,5.971455564370276026e-01,1.031759161618004683e-01,-2.394016350137109228e-01,1.335633362087514375e-01,6.692537348285294840e-03,9.910176815600366673e-01,-1.258891799990016214e-01,0.000000000000000000e+00,0.000000000000000000e+00,0.000000000000000000e+00,1.000000000000000000e+00
5.910617362581820355e-01,8.020762646310185540e-01,-8.555518480498928990e-02,8.546740175471850831e-02,-7.953953787711701695e-01,5.971822841087234268e-01,1.035350712375041199e-01,-2.393768144377854956e-01,1.341350638756711455e-01,6.854579654548165202e-03,9.909393520174831771e-01,-1.259237891762814421e-01,0.000000000000000000e+00,0.000000000000000000e+00,0.000000000000000000e+00,1.000000000000000000e+00
5.908855767557370520e-01,8.021248614353456707e-01,-8.631304564993545758e-02,8.551696225274646457e-02,-7.956556344106274770e-01,5.970973136773991552e-01,1.020142609141277273e-01,-2.392997582033026815e-01,1.333654625930650872e-01,8.396705696958245424e-03,9.910313560734477223e-01,-1.259954211757909892e-01,0.000000000000000000e+00,0.000000000000000000e+00,0.000000000000000000e+00,1.000000000000000000e+00
5.910453409250620016e-01,8.020485493989693015e-01,-8.592746579404419993e-02,8.545769269620734354e-02,-7.954418759855204080e-01,5.972121253733837509e-01,1.030043651290668549e-01,-2.393287906099738627e-01,1.339314261083396906e-01,7.470054485417265688e-03,9.909624470112737837e-01,-1.259664293736524332e-01,0.000000000000000000e+00,0.000000000000000000e+00,0.000000000000000000e+00,1.000000000000000000e+00
5.909626446773337261e-01,8.021200324214874389e-01,-8.582893558773685427e-02,8.549428241462925238e-02,-7.954664759764500381e-01,5.971194607408834010e-01,1.033510290327333686e-01,-2.393607602217459607e-01,1.341500584926435813e-01,7.197443481478743577e-03,9.909348912081720195e-01,-1.259058388974523268e-01,0.000000000000000000e+00,0.000000000000000000e+00,0.000000000000000000e+00,1.000000000000000000e+00
5.909559813426167318e-01,8.020904739269352213e-01,-8.615044835083286723e-02,8.546758948221983010e-02,-7.954827192306590522e-01,5.971535902791431649e-01,1.030283117503426743e-01,-2.394352104309608320e-01,1.340830769365821129e-01,7.645995840564162593e-03,9.909405972240842297e-01,-1.257690360320464773e-01,0.000000000000000000e+00,0.000000000000000000e+00,0.000000000000000000e+00,1.000000000000000000e+00
5.910383201724498381e-01,8.020981702223815013e-01,-8.551157473486428739e-02,8.550268020727236351e-02,-7.955022408787610910e-01,5.971487540476682065e-01,1.029055406486307500e-01,-2.394032053364094637e-01,1.336034761695898687e-01,7.203531441251721790e-03,9.910086883020636783e-01,-1.258292934289104714e-01,0.000000000000000000e+00,0.000000000000000000e+00,0.000000000000000000e+00,1.000000000000000000e+00
5.908815241818863306e-01,8.020719484730032267e-01,-8.683094985782066622e-02,8.551055708074650763e-02,-7.954744292376259018e-01,5.971709058199679010e-01,1.029919495457419787e-01,-2.393609454748768794e-01,1.344598706289894530e-01,8.215760152258853866e-03,9.908849804470528655e-01,-1.259580151609103194e-01,0.000000000000000000e+00,0.000000000000000000e+00,0.000000000000000000e+00,1.000000000000000000e+00
5.908264466697953354e-01,8.019980563542602470e-01,-8.788189528868885214e-02,8.551817721505683423e-02,-7.954445617388948842e-01,5.972556497368026740e-01,1.027309011811297357e-01,-2.393330403282358798e-01,1.348779415455351738e-01,9.209042374661788322e-03,9.908194257396152338e-01,-1.260399832777299167e-01,0.000000000000000000e+00,0.000000000000000000e+00,0.000000000000000000e+00,1.000000000000000000e+00
5.908399924509224466e-01,8.020745706010526943e-01,-8.708895748446562890e-02,8.559211225695495528e-02,-7.956804186918359223e-01,5.971511397436944923e-01,1.015046186791099814e-01,-2.391675289577706587e-01,1.334195436620095043e-01,9.321990020576008396e-03,9.910158050561441723e-01,-1.261595547273748341e-01,0.000000000000000000e+00,0.000000000000000000e+00,0.000000000000000000e+00,1.000000000000000000e+00
5.908628859027649227e-01,8.020918070336294781e-01,-8.677432311567362389e-02,8.551952324560946339e-02,-7.956230988675286886e-01,5.971366528675836616e-01,1.020377496347787127e-01,-2.393045830769774673e-01,1.336597718503482468e-01,8.749336639195325060e-03,9.909886550800099947e-01,-1.259696039703186443e-01,0.000000000000000000e+00,0.000000000000000000e+00,0.000000000000000000e+00,1.000000000000000000e+00
5.910599073402623693e-01,8.020491417177422200e-01,-8.582167677663798955e-02,8.542637937672853399e-02,-7.954717233655277386e-01,5.972107215099284883e-01,1.027817660845934122e-01,-2.392703720937238709e-01,1.336896527813497271e-01,7.518535989403205000e-03,9.909947267043242025e-01,-1.260984009363121938e-01,0.000000000000000000e+00,0.000000000000000000e+00,0.000000000000000000e+00,1.000000000000000000e+00
5.909455819122206854e-01,8.020667819775603169e-01,-8.644186755610711037e-02,8.552967280377071768e-02,-7.955500769390549953e-01,5.971770459240989259e-01,1.023701660818739645e-01,-2.393014619887428585e-01,1.337288087911152890e-01,8.273637019312919672e-03,9.909834270207459328e-01,-1.259989045440743638e-01,0.000000000000000000e+00,0.000000000000000000e+00,0.000000000000000000e+00,1.000000000000000000e+00
5.909055117235642030e-01,8.020203339856453173e-01,-8.714390448141973167e-02,8.553272255333471685e-02,-7.956013391083975872e-01,5.972252022622782652e-01,1.016885784722420805e-01,-2.393297066224795988e-01,1.336008436486736395e-01,9.243465601969813594e-03,9.909921154681443634e-01,-1.259640188837889418e-01,0.000000000000000000e+00,0.000000000000000000e+00,0.000000000000000000e+00,1.000000000000000000e+00
5.909209396116921198e-01,8.020453693850559951e-01,-8.680822873682070284e-02,8.553054568138129810e-02,-7.954711040264488275e-01,5.972054837094807889e-01,1.028169873428898540e-01,-2.393814488749552716e-01,1.343062388252229677e-01,8.296726783155336515e-03,9.909051410388928227e-01,-1.258547741356317307e-01,0.000000000000000000e+00,0.000000000000000000e+00,0.000000000000000000e+00,1.000000000000000000e+00
5.909849146281920262e-01,8.020788772766757058e-01,-8.605989372812485050e-02,8.546125593721809466e-02,-7.953616997929330301e-01,5.971760596229671592e-01,1.038292844802602144e-01,-2.394505551710151003e-01,1.346721841525005958e-01,7.087202535127699876e-03,9.908648618130635466e-01,-1.257189006569134904e-01,0.000000000000000000e+00,0.000000000000000000e+00,0.000000000000000000e+00,1.000000000000000000e+00
5.910044730759503873e-01,8.019849244359217311e-01,-8.679800563219924880e-02,8.549071969009852667e-02,-7.954048302794501923e-01,5.972872718973618600e-01,1.028546099964703087e-01,-2.394549750528213450e-01,1.343311906160935543e-01,8.252018354077891860e-03,9.909021321103042013e-01,-1.257412026849855646e-01,0.000000000000000000e+00,0.000000000000000000e+00,0.000000000000000000e+00,1.000000000000000000e+00
5.908539242073208575e-01,8.020670083158980557e-01,-8.706408226125426919e-02,8.557249306454256521e-02,-7.954844951066943892e-01,5.971741046249459117e-01,1.028956112292535030e-01,-2.393563583038844922e-01,1.345215904368402549e-01,8.461851841006257091e-03,9.908745323045515807e-01,-1.258277017816702426e-01,0.000000000000000000e+00,0.000000000000000000e+00,0.000000000000000000e+00,1.000000000000000000e+00
5.909851225807857267e-01,8.019925652119037629e-01,-8.685914018112217416e-02,8.550320558932322790e-02,-7.953633202214325237e-01,5.972793310013182477e-01,1.032210715162200088e-01,-2.394395349191918154e-01,1.346617010679450332e-01,8.082456523102847512e-03,9.908586681066273716e-01,-1.257540883607730642e-01,0.000000000000000000e+00,0.000000000000000000e+00,0.000000000000000000e+00,1.000000000000000000e+00
5.910089420470049371e-01,8.020729909175301486e-01,-8.594968098304812953e-02,8.551854389743196450e-02,-7.954032190705844219e-01,5.971824860509783450e-01,1.034736558072889279e-01,-2.394320212502060452e-01,1.343210687592684416e-01,7.210797083604524038e-03,9.909116281953639360e-01,-1.257626307551005240e-01,0.000000000000000000e+00,0.000000000000000000e+00,0.000000000000000000e+00,1.000000000000000000e+00
5.909516725813362958e-01,8.020434318752490688e-01,-8.661670773640717247e-02,8.549941862889776090e-02,-7.955121991549382043e-01,5.972074850689207404e-01,1.024868809815633885e-01,-2.393303661578384256e-01,1.339270759368527408e-01,8.339853921250597879e-03,9.909560964884251977e-01,-1.259602459420008369e-01,0.000000000000000000e+00,0.000000000000000000e+00,0.000000000000000000e+00,1.000000000000000000e+00
5.909497798151104320e-01,8.020316802774578591e-01,-8.673835119363496049e-02,8.548848211561221877e-02,-7.956145810685877340e-01,5.972145586423860397e-01,1.016474758006111478e-01,-2.392854208288629769e-01,1.333259019378013610e-01,8.941743504370991413e-03,9.910319112397814045e-01,-1.260468332487940657e-01,0.000000000000000000e+00,0.000000000000000000e+00,0.000000000000000000e+00,1.000000000000000000e+00
5.910739983138020293e-01,8.020554753417249438e-01,-8.566529630892201486e-02,8.543880852222118794e-02,-7.955997795458039645e-01,5.971967101778488107e-01,1.018679544283814242e-01,-2.392310526093129053e-01,1.328627837432434788e-01,7.943791734072731814e-03,9.911026066300512305e-01,-1.262060090915826382e-01,0.000000000000000000e+00,0.000000000000000000e+00,0.000000000000000000e+00,1.000000000000000000e+00
5.909182434046614807e-01,8.020971487721066939e-01,-8.634693708062962658e-02,8.551367767999501490e-02,-7.955280658297487761e-01,5.971403625097183587e-01,1.027544837899596053e-01,-2.392714648954049617e-01,1.339803197814072866e-01,7.971912782960610677e-03,9.909519274504958730e-01,-1.260359627366429702e-01,0.000000000000000000e+00,0.000000000000000000e+00,0.000000000000000000e+00,1.000000000000000000e+00
5.909017150098596627e-01,8.020011586124822234e-01,-8.734589161856604056e-02,8.547516901457241634e-02,-7.955495529551512846e-01,5.972508536482984409e-01,1.019427614361957252e-01,-2.392509063854283691e-01,1.339256211158451892e-01,9.249832464130275378e-03,9.909482169155561238e-01,-1.261459379267342307e-01,0.000000000000000000e+00,0.000000000000000000e+00,0.000000000000000000e+00,1.000000000000000000e+00
5.909227734867439352e-01,8.020848103572935095e-01,-8.643050832223070357e-02,8.556681684744099625e-02,-7.955250857587572444e-01,5.971555347829086147e-01,1.026893626753082045e-01,-2.393693842729743282e-01,1.339780344058562056e-01,8.076154545536305684e-03,9.909513923621583453e-01,-1.258738234146055124e-01,0.000000000000000000e+00,0.000000000000000000e+00,0.000000000000000000e+00,1.000000000000000000e+00
5.908930606125951668e-01,8.021593050195618968e-01,-8.594091162196101918e-02,8.556121133697647263e-02,-7.954609032316066752e-01,5.970679586638615310e-01,1.036909068671220679e-01,-2.394780176566101149e-01,1.344891904572143304e-01,7.092397866943482565e-03,9.908896787951020357e-01,-1.257285773943843665e-01,0.000000000000000000e+00,0.000000000000000000e+00,0.000000000000000000e+00,1.000000000000000000e+00
5.909613730189852143e-01,8.020612554099767477e-01,-8.638517332093531564e-02,8.545472799590209112e-02,-7.954731334816328436e-01,5.971893921263526916e-01,1.028947221225166297e-01,-2.393163203255317117e-01,1.341161791449053675e-01,7.910278246028967786e-03,9.909340432085489425e-01,-1.260157640866459428e-01,0.000000000000000000e+00,0.000000000000000000e+00,0.000000000000000000e+00,1.000000000000000000e+00
5.909340108017810955e-01,8.020848115673592238e-01,-8.635363299059498066e-02,8.556247798928517945e-02,-7.955061342827941528e-01,5.971574636058089025e-01,1.028248704269647262e-01,-2.393625520102905524e-01,1.340409832706607185e-01,7.932131670043654492e-03,9.909440428656925981e-01,-1.258822955691492051e-01,0.000000000000000000e+00,0.000000000000000000e+00,0.000000000000000000e+00,1.000000000000000000e+00
5.909937290160808265e-01,8.020439056036632319e-01,-8.632488486925193882e-02,8.543907186484694938e-02,-7.956133881509437344e-01,5.972036639924055423e-01,1.017207958532661827e-01,-2.392133799996306875e-01,1.331380819249063374e-01,8.564881672760406295e-03,9.910604895480843446e-01,-1.261622482429292091e-01,0.000000000000000000e+00,0.000000000000000000e+00,0.000000000000000000e+00,1.000000000000000000e+00
5.910658632491498921e-01,8.019926748992209919e-01,-8.630697949488078113e-02,8.547610934005933636e-02,-7.954732618208164574e-01,5.972783493115718656e-01,1.023760869138630736e-01,-2.393825520800370588e-01,1.336541620365342409e-01,8.143884308882638756e-03,9.909945721943563823e-01,-1.258930258042501027e-01,0.000000000000000000e+00,0.000000000000000000e+00,0.000000000000000000e+00,1.000000000000000000e+00
5.910447367610208724e-01,8.021142893869663837e-01,-8.531580104727357061e-02,8.545684343594384114e-02,-7.954646120136459331e-01,5.971316756510145485e-01,1.032947867425628996e-01,-2.393498143067336603e-01,1.337989917042561039e-01,6.813860539659002957e-03,9.909850660446255510e-01,-1.259460992809140478e-01,0.000000000000000000e+00,0.000000000000000000e+00,0.000000000000000000e+00,1.000000000000000000e+00
5.909660384240006392e-01,8.020687626715141683e-01,-8.628349422704653660e-02,8.544171332151817566e-02,-7.954583622613600191e-01,5.971816236559193136e-01,1.030538804517075746e-01,-2.393885995635005315e-01,1.341832155596130449e-01,7.733583533267765486e-03,9.909263627272292263e-01,-1.258749175778834939e-01,0.000000000000000000e+00,0.000000000000000000e+00,0.000000000000000000e+00,1.000000000000000000e+00
5.909911279805813988e-01,8.020736715964323915e-01,-8.606574219780266377e-02,8.547559078438615732e-02,-7.955145425875139731e-01,5.971742439801663860e-01,1.026622367693960508e-01,-2.393367014279131344e-01,1.337389217094964444e-01,7.794078427584991142e-03,9.909859500323131565e-01,-1.259667031328490783e-01,0.000000000000000000e+00,0.000000000000000000e+00,0.000000000000000000e+00,1.000000000000000000e+00
5.909844640163703922e-01,8.020847935501551618e-01,-8.600783247407664533e-02,8.541877084097249107e-02,-7.956008797157756440e-01,5.971554017580150697e-01,1.021012553630367969e-01,-2.392220790378384587e-01,1.332539060844663004e-01,8.087651502699556849e-03,9.910489323975902876e-01,-1.262401589812880420e-01,0.000000000000000000e+00,0.000000000000000000e+00,0.000000000000000000e+00,1.000000000000000000e+00
5.908948016694186567e-01,8.020888598763895594e-01,-8.658402983375160233e-02,8.544670708335344589e-02,-7.954614680685121453e-01,5.971525203019573125e-01,1.031984511284351480e-01,-2.393751694998936808e-01,1.344781996397404755e-01,7.894831170716008761e-03,9.908851020488904648e-01,-1.258251021260774483e-01,0.000000000000000000e+00,0.000000000000000000e+00,0.000000000000000000e+00,1.000000000000000000e+00
5.907094356319462225e-01,8.021324594838310507e-01,-8.744072333763158733e-02,8.562830633107793021e-02,-7.955873467779832620e-01,5.970793620114979161e-01,1.026499347623376912e-01,-2.393123602659827376e-01,1.345478959410256747e-01,8.930448049417394341e-03,9.908668481665334760e-01,-1.259425823328637062e-01,0.000000000000000000e+00,0.000000000000000000e+00,0.000000000000000000e+00,1.000000000000000000e+00
5.909583767306902935e-01,8.020408806635725973e-01,-8.659458826178764723e-02,8.547752029069366486e-02,-7.956298643393071579e-01,5.972034232531008291e-01,1.015932587635285933e-01,-2.391729098742573778e-01,1.331965312733150442e-01,8.859853225568418977e-03,9.910500426606004831e-01,-1.262787841165420311e-01,0.000000000000000000e+00,0.000000000000000000e+00,0.000000000000000000e+00,1.000000000000000000e+00
5.909354021047824590e-01,8.020076493460190914e-01,-8.705791709966380354e-02,8.546837689054320730e-02,-7.955244419266467304e-01,5.972476277718848925e-01,1.021573953179769623e-01,-2.393530238731886861e-01,1.339261469488183531e-01,8.888279435800373884e-03,9.909514547403998064e-01,-1.258982431758024489e-01,0.000000000000000000e+00,0.000000000000000000e+00,0.000000000000000000e+00,1.000000000000000000e+00
5.909641613509375446e-01,8.020779013355949782e-01,-8.621136924948452629e-02,8.549554213225579735e-02,-7.955067530194743775e-01,5.971677758991313922e-01,1.027601738422930233e-01,-2.392981284487556426e-01,1.339043162082406979e-01,7.854146470033150640e-03,9.909631408301881050e-01,-1.259881837420624429e-01,0.000000000000000000e+00,0.000000000000000000e+00,0.000000000000000000e+00,1.000000000000000000e+00
5.910872170324696917e-01,8.020091832708768909e-01,-8.600681257895412268e-02,8.548416227648636401e-02,-7.955574926146029568e-01,5.972551684529442406e-01,1.018554843933866805e-01,-2.393464442708414242e-01,1.330570471849436276e-01,8.217889353505737626e-03,9.910743102759739243e-01,-1.259418557441251973e-01,0.000000000000000000e+00,0.000000000000000000e+00,0.000000000000000000e+00,1.000000000000000000e+00
5.909466312122587661e-01,8.019648384653362827e-01,-8.737549384209342129e-02,8.546444761355770359e-02,-7.954478005571222754e-01,5.973038186057717525e-01,1.024253136085022942e-01,-2.393397752820795032e-01,1.343312162072514415e-01,8.974750371482036193e-03,9.908958462966984682e-01,-1.259474952368326850e-01,0.000000000000000000e+00,0.000000000000000000e+00,0.000000000000000000e+00,1.000000000000000000e+00
5.907765621633488395e-01,8.020602854213397803e-01,-8.764902822219006184e-02,8.558186312559817877e-02,-7.956063368234599364e-01,5.971677905827903476e-01,1.019862083657603335e-01,-2.392860647493612325e-01,1.341402639210557968e-01,9.483060703593830520e-03,9.909169799508341647e-01,-1.259473771616568261e-01,0.000000000000000000e+00,0.000000000000000000e+00,0.000000000000000000e+00,1.000000000000000000e+00
5.912666644931146021e-01,8.019848974079349935e-01,-8.499385735905293227e-02,8.532663766667741845e-02,-7.954071790608469028e-01,5.973049001225421151e-01,1.027340050230024920e-01,-2.393076052570900225e-01,1.331583679595575997e-01,6.861531839494727780e-03,9.910710208774964336e-01,-1.260771651766465773e-01,0.000000000000000000e+00,0.000000000000000000e+00,0.000000000000000000e+00,1.000000000000000000e+00
5.908355857061629024e-01,8.021363097824971700e-01,-8.654854817831160452e-02,8.549739130603362103e-02,-7.955475515817347354e-01,5.970867415033681569e-01,1.029150926404741873e-01,-2.392534104816639862e-01,1.342289232451891190e-01,8.047586557971025956e-03,9.909176719158001578e-01,-1.262095717643523241e-01,0.000000000000000000e+00,0.000000000000000000e+00,0.000000000000000000e+00,1.000000000000000000e+00
5.910854158208019848e-01,8.019661970969457210e-01,-8.641903677901295600e-02,8.543292751269682128e-02,-7.955479337589669298e-01,5.973063696259669486e-01,1.016296506738363081e-01,-2.393450214840650014e-01,1.331221855882327165e-01,8.678681818716539598e-03,9.910616349077899789e-01,-1.260149449178167291e-01,0.000000000000000000e+00,0.000000000000000000e+00,0.000000000000000000e+00,1.000000000000000000e+00
5.909314711364298534e-01,8.021380204413076642e-01,-8.587544808054989320e-02,8.552821766360618749e-02,-7.952588719692036401e-01,5.971060909699720254e-01,1.050125834404112973e-01,-2.395108408182710091e-01,1.355113389159910697e-01,6.237971550108689645e-03,9.907561580611727869e-01,-1.256765990985349024e-01,0.000000000000000000e+00,0.000000000000000000e+00,0.000000000000000000e+00,1.000000000000000000e+00
5.909057602273574128e-01,8.020536197862515593e-01,-8.683532413655306592e-02,8.554106375965037090e-02,-7.955066600047018266e-01,5.971923865004044041e-01,1.026177732857017633e-01,-2.394200030591466799e-01,1.341623509718462559e-01,8.440645338068784864e-03,9.909234173678531654e-01,-1.258232377109060884e-01,0.000000000000000000e+00,0.000000000000000000e+00,0.000000000000000000e+00,1.000000000000000000e+00
5.908112146637747308e-01,8.021018942030238019e-01,-8.703252233180618080e-02,8.551393897618164708e-02,-7.955509342621711610e-01,5.971255041443053191e-01,1.026637389490365898e-01,-2.393550692359783238e-01,1.343161182513172847e-01,8.583916141856690052e-03,9.909013557168886432e-01,-1.259245740734948882e-01,0.000000000000000000e+00,0.000000000000000000e+00,0.000000000000000000e+00,1.000000000000000000e+00
5.910156082907869202e-01,8.020614915331332195e-01,-8.601113042110752893e-02,8.543977447673245518e-02,-7.954147414709940023e-01,5.971961236260890926e-01,1.033062388077549132e-01,-2.394091010107360362e-01,1.342234696590093312e-01,7.358921498334621003e-03,9.909237642054400386e-01,-1.259294672277113669e-01,0.000000000000000000e+00,0.000000000000000000e+00,0.000000000000000000e+00,1.000000000000000000e+00
5.908885199609251737e-01,8.021073992052467627e-01,-8.645505837475543631e-02,8.550544392667303040e-02,-7.954800343010555164e-01,5.971288867754743768e-01,1.031920908145315674e-01,-2.393167322331000713e-01,1.343959523452218918e-01,7.798250988378267745e-03,9.908970255655948911e-01,-1.259701373512767120e-01,0.000000000000000000e+00,0.000000000000000000e+00,0.000000000000000000e+00,1.000000000000000000e+00
5.909497570460059412e-01,8.020969331601126573e-01,-8.613300448961809519e-02,8.548916188484884104e-02,-7.954542890615488027e-01,5.971470373717571167e-01,1.032854770610058398e-01,-2.393979152699740320e-01,1.342790328415156276e-01,7.478340275442127427e-03,9.909153423809080596e-01,-1.258778046626274350e-01,0.000000000000000000e+00,0.000000000000000000e+00,0.000000000000000000e+00,1.000000000000000000e+00
5.907890945829006313e-01,8.021166094187623941e-01,-8.704705978070260974e-02,8.555619428429006579e-02,-7.953857796433934091e-01,5.971164739309547942e-01,1.039873939539534553e-01,-2.394771172354176469e-01,1.353872492629484281e-01,7.801375187247668042e-03,9.907620457416606019e-01,-1.256898848613487996e-01,0.000000000000000000e+00,0.000000000000000000e+00,0.000000000000000000e+00,1.000000000000000000e+00
5.910870839142672306e-01,8.020828946672269311e-01,-8.531757914973187029e-02,8.547502643882626261e-02,-7.955037069330717081e-01,5.971702176916336979e-01,1.027695643557412358e-01,-2.392899743241196919e-01,1.333788269759113299e-01,7.124688369992748793e-03,9.910395185511831073e-01,-1.260648215022130980e-01,0.000000000000000000e+00,0.000000000000000000e+00,0.000000000000000000e+00,1.000000000000000000e+00
5.909909431898450194e-01,8.021182035806028177e-01,-8.565099270997285352e-02,8.548887371421259873e-02,-7.955477283709911918e-01,5.971190771060251867e-01,1.027259443363954111e-01,-2.393311189895584445e-01,1.335421916524243691e-01,7.429349949705385536e-03,9.910152813191085430e-01,-1.259777973672389084e-01,0.000000000000000000e+00,0.000000000000000000e+00,0.000000000000000000e+00,1.000000000000000000e+00
5.908465284902536530e-01,8.020804722222651950e-01,-8.699020548730956870e-02,8.550645482194774161e-02,-7.955262635532278637e-01,5.971550094058523106e-01,1.026832933759773692e-01,-2.394004394245846656e-01,1.343069014163326691e-01,8.532925711904393307e-03,9.909030454139996502e-01,-1.258387589446332555e-01,0.000000000000000000e+00,0.000000000000000000e+00,0.000000000000000000e+00,1.000000000000000000e+00
5.910225665112085469e-01,8.020815808328249918e-01,-8.577565833743555634e-02,8.543739765786778628e-02,-7.952810137811086033e-01,5.971791462542060946e-01,1.044278525987656775e-01,-2.395063543902949121e-01,1.349830915107374518e-01,6.496535062161079566e-03,9.908266044260165550e-01,-1.257002973734453466e-01,0.000000000000000000e+00,0.000000000000000000e+00,0.000000000000000000e+00,1.000000000000000000e+00
5.909359320553537742e-01,8.020991795522411927e-01,-8.620690440731834658e-02,8.550437678043276701e-02,-7.953596905947408757e-01,5.971485601000653398e-01,1.040026910587282527e-01,-2.394686214644655142e-01,1.348988020069452343e-01,7.106569639480544986e-03,9.908338962132102745e-01,-1.257207191673086477e-01,0.000000000000000000e+00,0.000000000000000000e+00,0.000000000000000000e+00,1.000000000000000000e+00
5.910296755497586041e-01,8.020172561550388268e-01,-8.632637748156815616e-02,8.549815501982088728e-02,-7.955746402755682345e-01,5.972402793520396047e-01,1.018088427883269698e-01,-2.393062439117361606e-01,1.332100385479550730e-01,8.507029389910221451e-03,9.910513185910262424e-01,-1.260384437026569326e-01,0.000000000000000000e+00,0.000000000000000000e+00,0.000000000000000000e+00,1.000000000000000000e+00
5.910573668692347127e-01,8.020749851855973889e-01,-8.559735515266035655e-02,8.546408941601141285e-02,-7.955354561994861795e-01,5.971760138810455754e-01,1.024897378990738822e-01,-2.393405520375186113e-01,1.333211423559013398e-01,7.518416367096464326e-03,9.910443715678165510e-01,-1.259862365060417932e-01,0.000000000000000000e+00,0.000000000000000000e+00,0.000000000000000000e+00,1.000000000000000000e+00
5.909499600084825444e-01,8.020536336707583258e-01,-8.653388631921038465e-02,8.550174058183362957e-02,-7.954945888319312486e-01,5.971963554533944452e-01,1.026882280122679431e-01,-2.393445660792636043e-01,1.340391879455016533e-01,8.153634080337673895e-03,9.909424879104713479e-01,-1.259412708750071719e-01,0.000000000000000000e+00,0.000000000000000000e+00,0.000000000000000000e+00,1.000000000000000000e+00
5.909770857431825286e-01,8.020759071998928569e-01,-8.614129797004441147e-02,8.544283087931997533e-02,-7.955881173088861225e-01,5.971661890581630994e-01,1.021376044493510771e-01,-2.392578793136534709e-01,1.333627823772321752e-01,8.172009252263988388e-03,9.910335950619353351e-01,-1.261282576269482369e-01,0.000000000000000000e+00,0.000000000000000000e+00,0.000000000000000000e+00,1.000000000000000000e+00
5.908815658010200256e-01,8.020470233943015614e-01,-8.706059648816792673e-02,8.553738200975186112e-02,-7.954366314875052080e-01,5.972027732073598161e-01,1.030990444245229731e-01,-2.393850550680674538e-01,1.346831113553063342e-01,8.331862803690165409e-03,9.908536923168197452e-01,-1.258466287273565243e-01,0.000000000000000000e+00,0.000000000000000000e+00,0.000000000000000000e+00,1.000000000000000000e+00
5.909100856685667313e-01,8.021010060179287748e-01,-8.636693117272367659e-02,8.551148493483629043e-02,-7.955437648757766045e-01,5.971342564876898074e-01,1.026683880080390271e-01,-2.393371898858026869e-01,1.339230705384349684e-01,8.040887632631665838e-03,9.909591087949275456e-01,-1.259434172184159539e-01,0.000000000000000000e+00,0.000000000000000000e+00,0.000000000000000000e+00,1.000000000000000000e+00
5.908896175779053683e-01,8.021712850176806464e-01,-8.585271883708489593e-02,8.557233540022329832e-02,-7.955980783184718463e-01,5.970458285537818544e-01,1.027617457154302028e-01,-2.393051332277438825e-01,1.336905292628890185e-01,7.583409497772294894e-03,9.909941141529537978e-01,-1.259919144971082261e-01,0.000000000000000000e+00,0.000000000000000000e+00,0.000000000000000000e+00,1.000000000000000000e+00
5.908814812493360380e-01,8.021355561727190331e-01,-8.624166417731712886e-02,8.557018790594123070e-02,-7.955205501918760636e-01,5.970924321127499823e-01,1.030906481505267230e-01,-2.393658227191572119e-01,1.341869194035141544e-01,7.692661253664981325e-03,9.909261797045383346e-01,-1.258806257728783962e-01,0.000000000000000000e+00,0.000000000000000000e+00,0.000000000000000000e+00,1.000000000000000000e+00
5.910143282280646559e-01,8.021024277029676908e-01,-8.563737094362258717e-02,8.543512452936002921e-02,-7.956101865979247068e-01,5.971359799967328463e-01,1.021423143215262896e-01,-2.392254368512099494e-01,1.330657537112596156e-01,7.766393393814553792e-03,9.910767822539823246e-01,-1.261737964480948992e-01,0.000000000000000000e+00,0.000000000000000000e+00,0.000000000000000000e+00,1.000000000000000000e+00
5.911269559463729895e-01,8.020814784446648193e-01,-8.505424086778827497e-02,8.544293163105487476e-02,-7.954924191280638990e-01,5.971750456075954894e-01,1.028288676070459873e-01,-2.393277292008890444e-01,1.332694003263910076e-01,6.875088333052233047e-03,9.910560025029147013e-01,-1.260158240175210942e-01,0.000000000000000000e+00,0.000000000000000000e+00,0.000000000000000000e+00,1.000000000000000000e+00
5.911117352762159660e-01,8.019571634074309507e-01,-8.632279234505829679e-02,8.542681883261055154e-02,-7.954683213587578905e-01,5.973240681692000287e-01,1.021474781895125861e-01,-2.393284565375337625e-01,1.334805833573592393e-01,8.286473635031946228e-03,9.910167850350846130e-01,-1.260496862012754349e-01,0.000000000000000000e+00,0.000000000000000000e+00,0.000000000000000000e+00,1.000000000000000000e+00
5.910242740402456008e-01,8.020941180615032140e-01,-8.564656015474315931e-02,8.550191433701104238e-02,-7.955677273582836273e-01,5.971490416972113913e-01,1.023963533827148831e-01,-2.393254752469644586e-01,1.332752740802901625e-01,7.618908795976035708e-03,9.910497734965595384e-01,-1.259667761159612986e-01,0.000000000000000000e+00,0.000000000000000000e+00,0.000000000000000000e+00,1.000000000000000000e+00
5.910521398233868906e-01,8.020014170602908221e-01,-8.631972569164537978e-02,8.546773005732938300e-02,-7.954282817727748034e-01,5.972696804245880564e-01,1.027753735168180915e-01,-2.393767837971818302e-01,1.339821501775759205e-01,7.915546651739539807e-03,9.909521318181809812e-01,-1.258745781347230253e-01,0.000000000000000000e+00,0.000000000000000000e+00,0.000000000000000000e+00,1.000000000000000000e+00
5.909257315352317574e-01,8.020028258120175391e-01,-8.716792528843425591e-02,8.548915895019254529e-02,-7.954307428477480624e-01,5.972586584580982239e-01,1.028203687481844403e-01,-2.393472173462386499e-01,1.345240244054235479e-01,8.576845945433106411e-03,9.908732131667489229e-01,-1.259773398600332328e-01,0.000000000000000000e+00,0.000000000000000000e+00,0.000000000000000000e+00,1.000000000000000000e+00
5.909859316517938055e-01,8.020059590886456924e-01,-8.672986899542105277e-02,8.551215151487956412e-02,-7.955361745752822511e-01,5.972527443396418168e-01,1.020360442240506316e-01,-2.392725397164394696e-01,1.336331677832540143e-01,8.694881544218456548e-03,9.909927222251153633e-01,-1.260915074314674644e-01,0.000000000000000000e+00,0.000000000000000000e+00,0.000000000000000000e+00,1.000000000000000000e+00
5.910789573372440264e-01,8.020198159051337150e-01,-8.596441757269032702e-02,8.546893777515662816e-02,-7.956120270352873280e-01,5.972385777142128482e-01,1.015262711159309605e-01,-2.391591920821586614e-01,1.327673477550778969e-01,8.384282044373185527e-03,9.911117672516468469e-01,-1.263097557904122592e-01,0.000000000000000000e+00,0.000000000000000000e+00,0.000000000000000000e+00,1.000000000000000000e+00
5.908577575000288906e-01,8.020731521958787136e-01,-8.698142864200189561e-02,8.552695156709955171e-02,-7.954849048553219726e-01,5.971670968354277909e-01,1.029331074264543122e-01,-2.393586130742368923e-01,1.345023291595954240e-01,8.373588460958474033e-03,9.908778968505304041e-01,-1.259159447287045985e-01,0.000000000000000000e+00,0.000000000000000000e+00,0.000000000000000000e+00,1.000000000000000000e+00
5.906791755613803874e-01,8.020726100754616006e-01,-8.819092767889830098e-02,8.556929246497124719e-02,-7.955570838788690313e-01,5.971489134587919523e-01,1.024797611488941496e-01,-2.392547397758727490e-01,1.348593261449804181e-01,9.628256421640599139e-03,9.908179746199607951e-01,-1.260959183452776688e-01,0.000000000000000000e+00,0.000000000000000000e+00,0.000000000000000000e+00,1.000000000000000000e+00
5.908749299551654399e-01,8.020713758756549128e-01,-8.688109777973911096e-02,8.547636939458097549e-02,-7.953572439514132730e-01,5.971780565456166201e-01,1.038519295651873231e-01,-2.394710707561998886e-01,1.351801451563456602e-01,7.738008874027722805e-03,9.907908213009318787e-01,-1.257452880623020075e-01,0.000000000000000000e+00,0.000000000000000000e+00,0.000000000000000000e+00,1.000000000000000000e+00
5.909413816743441794e-01,8.019439644983912263e-01,-8.760229009232568809e-02,8.550101010160915393e-02,-7.955017384434106553e-01,5.973240616800385983e-01,1.018869445590196154e-01,-2.392591549521734529e-01,1.340345759807089754e-01,9.478562267784700068e-03,9.909313242092043783e-01,-1.261326313257500331e-01,0.000000000000000000e+00,0.000000000000000000e+00,0.000000000000000000e+00,1.000000000000000000e+00
5.907178116287803427e-01,8.020868116950302662e-01,-8.780212713486042209e-02,8.562447275283724402e-02,-7.955067237444147787e-01,5.971389439226950646e-01,1.029278102765048830e-01,-2.393064535345372501e-01,1.349871086509095153e-01,9.045891652564128083e-03,9.908060619224521304e-01,-1.259455579331900665e-01,0.000000000000000000e+00,0.000000000000000000e+00,0.000000000000000000e+00,1.000000000000000000e+00
5.909896048157301518e-01,8.021270316405115786e-01,-8.557752106324026387e-02,8.553700921565449145e-02,-7.956221158541403327e-01,5.971042075581616260e-01,1.022350922145681823e-01,-2.392161609073146511e-01,1.331042289468234718e-01,7.667491631700107391e-03,9.910723857562322436e-01,-1.261487330892976377e-01,0.000000000000000000e+00,0.000000000000000000e+00,0.000000000000000000e+00,1.000000000000000000e+00
5.907687105477923417e-01,8.020720652718429378e-01,-8.759413649474109831e-02,8.558846085716592667e-02,-7.956017233450463078e-01,5.971537533016579857e-01,1.021043227690922178e-01,-2.392979747948318914e-01,1.342021924116410247e-01,9.370006846485021135e-03,9.909096702139936763e-01,-1.259614187769027005e-01,0.000000000000000000e+00,0.000000000000000000e+00,0.000000000000000000e+00,1.000000000000000000e+00
5.909760607159544321e-01,8.020408891113314231e-01,-8.647374083592047900e-02,8.549875703010034744e-02,-7.954571617954174778e-01,5.972156184520345246e-01,1.028659750614033391e-01,-2.393716703038714366e-01,1.341461867107371642e-01,7.994827731680045901e-03,9.909293028871984932e-01,-1.259207489716029915e-01,0.000000000000000000e+00,0.000000000000000000e+00,0.000000000000000000e+00,1.000000000000000000e+00
5.910193965897480028e-01,8.021364169702622782e-01,-8.528330097269680443e-02,8.546240675585936586e-02,-7.953887469881442129e-01,5.971069995273472486e-01,1.040190957472630906e-01,-2.393522127258575216e-01,1.343607607127909609e-01,6.356074697327435130e-03,9.909120981677043138e-01,-1.259471314556517285e-01,0.000000000000000000e+00,0.000000000000000000e+00,0.000000000000000000e+00,1.000000000000000000e+00
5.909798298555148932e-01,8.020622000456451017e-01,-8.625003166310378500e-02,8.549417263258640709e-02,-7.955789032576595643e-01,5.971831976190598024e-01,1.021099269063237003e-01,-2.392626292054020609e-01,1.334055823243034400e-01,8.273798366812294691e-03,9.910269899782241376e-01,-1.261345205960613391e-01,0.000000000000000000e+00,0.000000000000000000e+00,0.000000000000000000e+00,1.000000000000000000e+00
5.908824025347517717e-01,8.021037497213973078e-01,-8.653069430920781735e-02,8.552448161259462722e-02,-7.955047879225268792e-01,5.971313543446923333e-01,1.029867858067668868e-01,-2.393509962652231038e-01,1.342762777526059215e-01,7.982502198401075777e-03,9.909117825980058303e-01,-1.259090105761986322e-01,0.000000000000000000e+00,0.000000000000000000e+00,0.000000000000000000e+00,1.000000000000000000e+00
5.909123453667757264e-01,8.020404503517682970e-01,-8.691211706470680642e-02,8.545199732076741439e-02,-7.953666886097018329e-01,5.972170061276262931e-01,1.035551941816181681e-01,-2.394126526443329794e-01,1.349608489272878242e-01,7.934960081042732871e-03,9.908191589111194908e-01,-1.258419979111258247e-01,0.000000000000000000e+00,0.000000000000000000e+00,0.000000000000000000e+00,1.000000000000000000e+00
5.909691691666384417e-01,8.020123055215013785e-01,-8.678538406079208678e-02,8.549565005652665084e-02,-7.954727432014017108e-01,5.972480540216584810e-01,1.025567003709616093e-01,-2.393072815140781240e-01,1.340841374590230617e-01,8.427559517926411226e-03,9.909341150260404518e-01,-1.259836150178015313e-01,0.000000000000000000e+00,0.000000000000000000e+00,0.000000000000000000e+00,1.000000000000000000e+00
5.910648477119966326e-01,8.020054058078887049e-01,-8.619556168456823930e-02,8.543031215945323664e-02,-7.954000213255663088e-01,5.972674478303248158e-01,1.030068048118131796e-01,-2.393473684948219660e-01,1.340938174357156065e-01,7.676250202681041135e-03,9.909389099779779553e-01,-1.260126523188354053e-01,0.000000000000000000e+00,0.000000000000000000e+00,0.000000000000000000e+00,1.000000000000000000e+00
5.908791801690340684e-01,8.020154418788071338e-01,-8.736718738011450824e-02,8.555311427828482529e-02,-7.955924523819194460e-01,5.972293845410676649e-01,1.017335340663103049e-01,-2.392802317000395917e-01,1.337701168261944407e-01,9.396447660656052914e-03,9.909678413630116367e-01,-1.260236935448848516e-01,0.000000000000000000e+00,0.000000000000000000e+00,0.000000000000000000e+00,1.000000000000000000e+00
5.910321444195745233e-01,8.019993333857081685e-01,-8.647585507920274583e-02,8.548089197198527334e-02,-7.955484791727623906e-01,5.972632692053946313e-01,1.018783811413855322e-01,-2.393620452727102665e-01,1.333552456737428504e-01,8.582336917436123036e-03,9.910311407540792761e-01,-1.258923730938212859e-01,0.000000000000000000e+00,0.000000000000000000e+00,0.000000000000000000e+00,1.000000000000000000e+00
5.911239010433874119e-01,8.019320156748170891e-01,-8.647297757665477203e-02,8.546165203542838151e-02,-7.955117575174268651e-01,5.973518734564254862e-01,1.016453782994271859e-01,-2.392878538612036587e-01,1.331674782624591435e-01,8.705257826381408715e-03,9.910553169321044686e-01,-1.260852918610713136e-01,0.000000000000000000e+00,0.000000000000000000e+00,0.000000000000000000e+00,1.000000000000000000e+00
5.908184091021705386e-01,8.020080793474756442e-01,-8.784445416390063155e-02,8.551318064095475568e-02,-7.954593793861007844e-01,5.972422797898876423e-01,1.026938896821865121e-01,-2.393364352489250058e-01,1.348257512964782523e-01,9.203254465183940969e-03,9.908265826543964927e-01,-1.259979765489542824e-01,0.000000000000000000e+00,0.000000000000000000e+00,0.000000000000000000e+00,1.000000000000000000e+00
5.909984172398895508e-01,8.020391920451461765e-01,-8.633658114330805544e-02,8.551725487788131019e-02,-7.953990413364693257e-01,5.972225785077259763e-01,1.032741824543240844e-01,-2.394413633328858759e-01,1.343920974647370148e-01,7.637155501406409086e-03,9.908988031049772438e-01,-1.257845286466849899e-01,0.000000000000000000e+00,0.000000000000000000e+00,0.000000000000000000e+00,1.000000000000000000e+00
5.907872392515153281e-01,8.021225876483986106e-01,-8.700455345446020394e-02,8.559551208180327109e-02,-7.956313638936207688e-01,5.970940886571902695e-01,1.022222191082562404e-01,-2.392785505845057836e-01,1.339446554601927686e-01,8.831968912797409643e-03,9.909494566317567088e-01,-1.259824138957892359e-01,0.000000000000000000e+00,0.000000000000000000e+00,0.000000000000000000e+00,1.000000000000000000e+00
5.908971645944257611e-01,8.020780153712687710e-01,-8.666832254263984181e-02,8.552189255127240486e-02,-7.954803301325679143e-01,5.971644716621569149e-01,1.029836790789591394e-01,-2.394213896835713506e-01,1.343561879723041141e-01,8.090181860995783458e-03,9.909000775613083789e-01,-1.257727832950981117e-01,0.000000000000000000e+00,0.000000000000000000e+00,0.000000000000000000e+00,1.000000000000000000e+00
5.911739499599937275e-01,8.019972927205683000e-01,-8.552019268908536698e-02,8.540244991884110570e-02,-7.955137576615374240e-01,5.972780899545447886e-01,1.020624545632314861e-01,-2.393248449315481530e-01,1.329331495900091531e-01,7.695825435275097104e-03,9.910951276295077994e-01,-1.260921129330137003e-01,0.000000000000000000e+00,0.000000000000000000e+00,0.000000000000000000e+00,1.000000000000000000e+00
5.908318014114982697e-01,8.020034656337503565e-01,-8.779648940759443576e-02,8.554097757949008507e-02,-7.953369840050988904e-01,5.972568173394803281e-01,1.035537349166491816e-01,-2.394959134724909122e-01,1.354875061196305908e-01,8.644955347979189908e-03,9.907413388127672693e-01,-1.257156389316387290e-01,0.000000000000000000e+00,0.000000000000000000e+00,0.000000000000000000e+00,1.000000000000000000e+00
5.909328002188340978e-01,8.020769751133075554e-01,-8.643466676406119653e-02,8.549580928228628363e-02,-7.953967928391328934e-01,5.971730375308332839e-01,1.035775322520277597e-01,-2.394026134839475628e-01,1.346936062578672488e-01,7.542495560806085353e-03,9.908585888985199652e-01,-1.258960407315681262e-01,0.000000000000000000e+00,0.000000000000000000e+00,0.000000000000000000e+00,1.000000000000000000e+00
5.909473148697304001e-01,8.020453221889527473e-01,-8.662893398325140215e-02,8.551785172024684023e-02,-7.954849313265326405e-01,5.972066119769121606e-01,1.027033915870319003e-01,-2.393587589310631203e-01,1.341081469586283548e-01,8.219718114186515268e-03,9.909326118124511806e-01,-1.259209925371518324e-01,0.000000000000000000e+00,0.000000000000000000e+00,0.000000000000000000e+00,1.000000000000000000e+00
5.909851350247955493e-01,8.020477404552796008e-01,-8.634808747334637991e-02,8.548182361584866218e-02,-7.955842601889825394e-01,5.972003518112880549e-01,1.019677632196727690e-01,-2.392638326939550142e-01,1.333501223069318564e-01,8.435746976661134822e-03,9.910330887784081222e-01,-1.260779495427974961e-01,0.000000000000000000e+00,0.000000000000000000e+00,0.000000000000000000e+00,1.000000000000000000e+00
5.910280204107764002e-01,8.020172047692835093e-01,-8.633818589352290629e-02,8.548431131137940175e-02,-7.954771866821457316e-01,5.972462726239013975e-01,1.025326060583437310e-01,-2.393127774116856066e-01,1.337980738186389795e-01,8.080414031598856517e-03,9.909756719271671788e-01,-1.260288013989425693e-01,0.000000000000000000e+00,0.000000000000000000e+00,0.000000000000000000e+00,1.000000000000000000e+00
5.909555667707515614e-01,8.020258643960559430e-01,-8.675269991429211680e-02,8.549970757277647326e-02,-7.955693711144781188e-01,5.972248353996952863e-01,1.019405303415712172e-01,-2.392554589244764718e-01,1.335698088909832992e-01,8.775467028382201440e-03,9.910005536483116328e-01,-1.261551304907952975e-01,0.000000000000000000e+00,0.000000000000000000e+00,0.000000000000000000e+00,1.000000000000000000e+00
5.908884276668514568e-01,8.019896400176617091e-01,-8.754132369194399244e-02,8.551752271936213790e-02,-7.955012324941003188e-01,5.972665620507744411e-01,1.022274080489959380e-01,-2.393419052519232260e-01,1.342708276200142437e-01,9.234238484577571293e-03,9.909016468297177083e-01,-1.259386341900874395e-01,0.000000000000000000e+00,0.000000000000000000e+00,0.000000000000000000e+00,1.000000000000000000e+00
5.911120172654646954e-01,8.020544704518496326e-01,-8.541199841097581180e-02,8.549499009995598087e-02,-7.955246096263141053e-01,5.972048709490934693e-01,1.024057498072130368e-01,-2.393638324865755007e-01,1.331434509213798023e-01,7.414077345170730360e-03,9.910690454927276738e-01,-1.259076358768300707e-01,0.000000000000000000e+00,0.000000000000000000e+00,0.000000000000000000e+00,1.000000000000000000e+00
5.910180133073797970e-01,8.020233682678268305e-01,-8.634943368967651356e-02,8.553302872560758496e-02,-7.955292122647403819e-01,5.972350520209828151e-01,1.021937623876126855e-01,-2.394098432043858804e-01,1.335326940477114255e-01,8.295142543921510403e-03,9.910096922989888313e-01,-1.257457769457399621e-01,0.000000000000000000e+00,0.000000000000000000e+00,0.000000000000000000e+00,1.000000000000000000e+00
5.908331133064717022e-01,8.021502103827075070e-01,-8.643652123703338130e-02,8.554953390240888078e-02,-7.955673608645962291e-01,5.970688459177585505e-01,1.028657744897565340e-01,-2.392709594720836275e-01,1.341223566282796764e-01,7.989569288398966351e-03,9.909325709830425488e-01,-1.260035252102991166e-01,0.000000000000000000e+00,0.000000000000000000e+00,0.000000000000000000e+00,1.000000000000000000e+00
5.909825218337876329e-01,8.021045568726941077e-01,-8.583669804364478517e-02,8.546774883816754542e-02,-7.954576221702098771e-01,5.971398533807266151e-01,1.033013399514249586e-01,-2.393882680436084098e-01,1.341149887905609961e-01,7.230169327437481475e-03,9.909393999802431630e-01,-1.258922239061990300e-01,0.000000000000000000e+00,0.000000000000000000e+00,0.000000000000000000e+00,1.000000000000000000e+00
5.908823011643664636e-01,8.021392570045092762e-01,-8.620161566326285663e-02,8.559488699766254483e-02,-7.955514978460626052e-01,5.970862822106230983e-01,1.028872483390562420e-01,-2.393709195334445261e-01,1.339997031548556261e-01,7.783570398608177787e-03,9.909508038173543421e-01,-1.258652503494961383e-01,0.000000000000000000e+00,0.000000000000000000e+00,0.000000000000000000e+00,1.000000000000000000e+00
5.908968669461831524e-01,8.020404479080629478e-01,-8.701731179839300445e-02,8.543423735271815644e-02,-7.953602030760513752e-01,5.972163043470408716e-01,1.036090400731775052e-01,-2.394861926920629491e-01,1.350667982740661466e-01,7.987849616559801469e-03,9.908042966512086158e-01,-1.257687260539190888e-01,0.000000000000000000e+00,0.000000000000000000e+00,0.000000000000000000e+00,1.000000000000000000e+00
5.910075293931963403e-01,8.020898056850270796e-01,-8.580235321193481479e-02,8.550415158674229410e-02,-7.955737371324854701e-01,5.971526884507758481e-01,1.023283707534798637e-01,-2.393636181100211313e-01,1.333136489096340138e-01,7.785261213735350516e-03,9.910433192965042437e-01,-1.259284010934615949e-01,0.000000000000000000e+00,0.000000000000000000e+00,0.000000000000000000e+00,1.000000000000000000e+00
5.909699157954144688e-01,8.020026958783913473e-01,-8.686906485368200981e-02,8.547553558308529364e-02,-7.954635918764604297e-01,5.972600375244454529e-01,1.025578937737012530e-01,-2.393863666315934335e-01,1.341351282243417042e-01,8.492548503859803644e-03,9.909266592418173314e-01,-1.258823228043643994e-01,0.000000000000000000e+00,0.000000000000000000e+00,0.000000000000000000e+00,1.000000000000000000e+00
5.910522640445899922e-01,8.020253483040098441e-01,-8.609623595486681769e-02,8.542565835099852345e-02,-7.953319443957804769e-01,5.972464635566016034e-01,1.036521104115129821e-01,-2.394724636858963640e-01,1.345522924048183078e-01,7.211272215417556530e-03,9.908802541990852086e-01,-1.257214522362206655e-01,0.000000000000000000e+00,0.000000000000000000e+00,0.000000000000000000e+00,1.000000000000000000e+00
5.909354052226301057e-01,8.021938494279620135e-01,-8.532511233109867088e-02,8.552183053863893214e-02,-7.954704655713565886e-01,5.970282111429536798e-01,1.038462974936243677e-01,-2.394316968624553565e-01,1.342463603158592367e-01,6.507152940682638109e-03,9.909266227640427527e-01,-1.258036740869330483e-01,0.000000000000000000e+00,0.000000000000000000e+00,0.000000000000000000e+00,1.000000000000000000e+00
5.909906539963444283e-01,8.020461201714603749e-01,-8.632536131914279875e-02,8.550090086647832432e-02,-7.955726661652413600e-01,5.972034076129961733e-01,1.020402998141178574e-01,-2.392761324757560482e-01,1.333948265102610220e-01,8.373234341219663868e-03,9.910276026463463728e-01,-1.260508289523747383e-01,0.000000000000000000e+00,0.000000000000000000e+00,0.000000000000000000e+00,1.000000000000000000e+00
5.909085945831042963e-01,8.020249515076114388e-01,-8.708048005743924957e-02,8.552035068224245196e-02,-7.954589253642123658e-01,5.972294723714524078e-01,1.027718608828752933e-01,-2.393358490309615005e-01,1.344326258994922585e-01,8.540169209700194941e-03,9.908859342041529406e-01,-1.259306081559798951e-01,0.000000000000000000e+00,0.000000000000000000e+00,0.000000000000000000e+00,1.000000000000000000e+00
5.910674135975264587e-01,8.019882196893670656e-01,-8.633775571909579893e-02,8.549285669463202453e-02,-7.956227879532862257e-01,5.972741780415848911e-01,1.012320874732383358e-01,-2.392643803843708949e-01,1.327542536891787583e-01,8.857297794971234761e-03,9.911094068785748501e-01,-1.261185843528973560e-01,0.000000000000000000e+00,0.000000000000000000e+00,0.000000000000000000e+00,1.000000000000000000e+00
5.909293812112950128e-01,8.020843931079808531e-01,-8.638919350149093512e-02,8.551427671268607700e-02,-7.955560978892062263e-01,5.971546230124257226e-01,1.024541425525946070e-01,-2.393142152820212365e-01,1.337645750284267299e-01,8.184286620703161430e-03,9.909793418230142814e-01,-1.260181399477888764e-01,0.000000000000000000e+00,0.000000000000000000e+00,0.000000000000000000e+00,1.000000000000000000e+00
5.908256253707926398e-01,8.020549793557389950e-01,-8.736641514836897271e-02,8.550134090980321400e-02,-7.954599661168175739e-01,5.971877403309950871e-01,1.030060440158322987e-01,-2.393803865427752142e-01,1.347906625499087907e-01,8.637875261043891084e-03,9.908364468469715858e-01,-1.258352072474047123e-01,0.000000000000000000e+00,0.000000000000000000e+00,0.000000000000000000e+00,1.000000000000000000e+00
5.908136821340567169e-01,8.020277135365371235e-01,-8.769686267223150700e-02,8.555320764399343414e-02,-7.955094387594897620e-01,5.972155301302801700e-01,1.024614240373913354e-01,-2.393477823987630038e-01,1.345508299779656636e-01,9.228070793124813764e-03,9.908637226489209748e-01,-1.258802703880468332e-01,0.000000000000000000e+00,0.000000000000000000e+00,0.000000000000000000e+00,1.000000000000000000e+00
5.910043392351822522e-01,8.020081244533100451e-01,-8.658429023829761206e-02,8.550659872752536250e-02,-7.954940214272995247e-01,5.972542692050504254e-01,1.023552626383450598e-01,-2.393224571609716966e-01,1.338025892074174716e-01,8.384880871273175940e-03,9.909725328656521226e-01,-1.259859658654689518e-01,0.000000000000000000e+00,0.000000000000000000e+00,0.000000000000000000e+00,1.000000000000000000e+00
5.911098930302840504e-01,8.019662018004131143e-01,-8.625140886701607168e-02,8.547992558620537418e-02,-7.955299474356808398e-01,5.973093793186403655e-01,1.017526810996316755e-01,-2.393176517607553400e-01,1.331209866801959518e-01,8.468562321882831812e-03,9.910636136785021533e-01,-1.259516383683114693e-01,0.000000000000000000e+00,0.000000000000000000e+00,0.000000000000000000e+00,1.000000000000000000e+00
5.909454261403104258e-01,8.020214223671691123e-01,-8.686277331509649480e-02,8.548311825681864651e-02,-7.954476779008339271e-01,5.972370833281197555e-01,1.028146780371940877e-01,-2.393256293549326785e-01,1.343372437041127909e-01,8.336927603351543259e-03,9.909006007628203827e-01,-1.259897696966654213e-01,0.000000000000000000e+00,0.000000000000000000e+00,0.000000000000000000e+00,1.000000000000000000e+00
5.910432211235178146e-01,8.020476817116515278e-01,-8.595014266946807147e-02,8.545116494977317290e-02,-7.954849761003968123e-01,5.972105795317723675e-01,1.026799712401394449e-01,-2.393185568166593669e-01,1.336845674058444178e-01,7.683746240605311695e-03,9.909941455332733629e-01,-1.260292562652178816e-01,0.000000000000000000e+00,0.000000000000000000e+00,0.000000000000000000e+00,1.000000000000000000e+00
5.909984513149371121e-01,8.020946790472662791e-01,-8.581932409084130908e-02,8.549378251103806337e-02,-7.955181257920600491e-01,5.971494316128891366e-01,1.027787325310611510e-01,-2.393204841628241708e-01,1.336852350846345350e-01,7.528756103518198517e-03,9.909952450702776972e-01,-1.260262574530359725e-01,0.000000000000000000e+00,0.000000000000000000e+00,0.000000000000000000e+00,1.000000000000000000e+00
5.908330415014686476e-01,8.020440871679733741e-01,-8.741624167748415775e-02,8.553254469231258428e-02,-7.956015293540718014e-01,5.971916133205940058e-01,1.018841669201275280e-01,-2.392230808605479986e-01,1.339198400521228183e-01,9.351963346729282034e-03,9.909480396176055805e-01,-1.261546643012736446e-01,0.000000000000000000e+00,0.000000000000000000e+00,0.000000000000000000e+00,1.000000000000000000e+00
5.908717053998022717e-01,8.020732628641655815e-01,-8.688560730271004118e-02,8.550747641390910037e-02,-7.953893905826157074e-01,5.971737232207884327e-01,1.036304088732486611e-01,-2.395049484360985137e-01,1.350049817841728061e-01,7.875613820687771272e-03,9.908136200115553738e-01,-1.256310134240798959e-01,0.000000000000000000e+00,0.000000000000000000e+00,0.000000000000000000e+00,1.000000000000000000e+00
5.910642563004171457e-01,8.020238048688517196e-01,-8.602825900670739434e-02,8.545596019260220944e-02,-7.953465238340600152e-01,5.972483135797939102e-01,1.035295076351159804e-01,-2.395066887702466951e-01,1.344133622416762153e-01,7.229685316982703558e-03,9.908989755273267530e-01,-1.257026054144738669e-01,0.000000000000000000e+00,0.000000000000000000e+00,0.000000000000000000e+00,1.000000000000000000e+00
5.911788117666101350e-01,8.019733130287944878e-01,-8.571124609897073920e-02,8.538452035614957358e-02,-7.953537552836291713e-01,5.973160965279532553e-01,1.030819323879702543e-01,-2.394908677034595645e-01,1.338656657789746296e-01,7.230907151129381538e-03,9.909731063491702407e-01,-1.257299544729169050e-01,0.000000000000000000e+00,0.000000000000000000e+00,0.000000000000000000e+00,1.000000000000000000e+00
5.910714081447105972e-01,8.020154044250701331e-01,-8.605743162981505101e-02,8.542890221358684366e-02,-7.954367498167035366e-01,5.972538446070267959e-01,1.028018586561761510e-01,-2.393901969158662157e-01,1.338468061436954015e-01,7.690004357393739887e-03,9.909721975505243474e-01,-1.259124843811212369e-01,0.000000000000000000e+00,0.000000000000000000e+00,0.000000000000000000e+00,1.000000000000000000e+00
5.910585853097927167e-01,8.020221059723202650e-01,-8.608304283255155398e-02,8.544602894950986682e-02,-7.953139816084442426e-01,5.972517325333974725e-01,1.037595231483758595e-01,-2.394704670027514304e-01,1.346306777436321878e-01,7.135090579629112251e-03,9.908701585438481896e-01,-1.257510329110340663e-01,0.000000000000000000e+00,0.000000000000000000e+00,0.000000000000000000e+00,1.000000000000000000e+00
5.909488456481870600e-01,8.020080660311037501e-01,-8.696277277159600305e-02,8.545556224650480148e-02,-7.954013272432947090e-01,5.972560138952328623e-01,1.030630025061517602e-01,-2.394660175593230633e-01,1.345963983421578636e-01,8.265342523237906303e-03,9.908660321487930966e-01,-1.257450990106554478e-01,0.000000000000000000e+00,0.000000000000000000e+00,0.000000000000000000e+00,1.000000000000000000e+00
5.908892044158802204e-01,8.021458099093441430e-01,-8.609325031412656815e-02,8.550407791693792614e-02,-7.953712284404146349e-01,5.970886754828814702e-01,1.042579617069334663e-01,-2.394654070680694857e-01,1.350353919309835171e-01,6.871190215743734619e-03,9.908169506377376701e-01,-1.257092870485319036e-01,0.000000000000000000e+00,0.000000000000000000e+00,0.000000000000000000e+00,1.000000000000000000e+00
5.910639110544109176e-01,8.020405090113528201e-01,-8.587476319544502801e-02,8.544323658219110662e-02,-7.954680134447361661e-01,5.972215354272356613e-01,1.027476384556867128e-01,-2.393409317087635824e-01,1.336940261767473326e-01,7.580206246895031252e-03,9.909936669010079857e-01,-1.259726106777585564e-01,0.000000000000000000e+00,0.000000000000000000e+00,0.000000000000000000e+00,1.000000000000000000e+00
5.910630332685394839e-01,8.020350317432861642e-01,-8.593194144170041016e-02,8.548647954016386219e-02,-7.954812062918558135e-01,5.972272678981899174e-01,1.026120895183306320e-01,-2.393476670321456057e-01,1.336193890864931788e-01,7.707031556317564536e-03,9.910027550540627672e-01,-1.259790679502079680e-01,0.000000000000000000e+00,0.000000000000000000e+00,0.000000000000000000e+00,1.000000000000000000e+00
5.909135955695604681e-01,8.019949790283975588e-01,-8.732225480537239570e-02,8.553675167820096181e-02,-7.955386854617561010e-01,5.972597728240208736e-01,1.019753092664113236e-01,-2.393186832152078003e-01,1.339377560840678827e-01,9.209635141489432020e-03,9.909469512116809709e-01,-1.259822043451386264e-01,0.000000000000000000e+00,0.000000000000000000e+00,0.000000000000000000e+00,1.000000000000000000e+00
5.908596118306440603e-01,8.020162831427394279e-01,-8.749171778657652276e-02,8.548825076329830130e-02,-7.955125423506986815e-01,5.972323471364319181e-01,1.023392324411138143e-01,-2.393058667883586066e-01,1.343306147907783743e-01,9.132639695826762216e-03,9.908944852112751001e-01,-1.260011052178189317e-01,0.000000000000000000e+00,0.000000000000000000e+00,0.000000000000000000e+00,1.000000000000000000e+00
5.909341305239037556e-01,8.019653857294368748e-01,-8.745497969694583651e-02,8.548617066420843846e-02,-7.955392349862993040e-01,5.972958980830176401e-01,1.017592046481046453e-01,-2.392572099246865203e-01,1.338438604470573168e-01,9.440880522318929879e-03,9.909574616478711295e-01,-1.260717927923649118e-01,0.000000000000000000e+00,0.000000000000000000e+00,0.000000000000000000e+00,1.000000000000000000e+00
5.909610897437214128e-01,8.020812109390104139e-01,-8.620163262678826044e-02,8.548642145737223030e-02,-7.953941137793162364e-01,5.971699771815841551e-01,1.036157426174339757e-01,-2.394681045081049064e-01,1.345852672996907251e-01,7.331399017710703292e-03,9.908748944313372498e-01,-1.257388478009349164e-01,0.000000000000000000e+00,0.000000000000000000e+00,0.000000000000000000e+00,1.000000000000000000e+00
5.908957879925610390e-01,8.020624637402971047e-01,-8.682149498537283794e-02,8.551944288702628683e-02,-7.954827146598342225e-01,5.971826785959101214e-01,1.028596085080761557e-01,-2.393012395024624872e-01,1.343481239544163097e-01,8.285689099803587865e-03,9.908995554273249962e-01,-1.260568495405760547e-01,0.000000000000000000e+00,0.000000000000000000e+00,0.000000000000000000e+00,1.000000000000000000e+00
5.910197192862775006e-01,8.020347140054094881e-01,-8.623229641515464672e-02,8.547387310495624391e-02,-7.955856652745029178e-01,5.972182286685656649e-01,1.018520326537851461e-01,-2.392476191692263499e-01,1.331883651994295314e-01,8.408619163822066145e-03,9.910550713755827967e-01,-1.261201938478526685e-01,0.000000000000000000e+00,0.000000000000000000e+00,0.000000000000000000e+00,1.000000000000000000e+00
5.907898825687782907e-01,8.019929127473452990e-01,-8.817416037251822603e-02,8.554393592371434263e-02,-7.955030573633841140e-01,5.972545440016705509e-01,1.022834072314051934e-01,-2.393264206765606805e-01,1.346929856372560408e-01,9.714812009811203686e-03,9.908397559886948924e-01,-1.259644553783898502e-01,0.000000000000000000e+00,0.000000000000000000e+00,0.000000000000000000e+00,1.000000000000000000e+00
5.911202052831476816e-01,8.019789127423787578e-01,-8.606234032700749159e-02,8.542683273964918333e-02,-7.954668346509222721e-01,5.972989758778909364e-01,1.023056615523550428e-01,-2.394053022745683545e-01,1.334519309581235491e-01,7.984793784118732196e-03,9.910231204123208792e-01,-1.258560637746981570e-01,0.000000000000000000e+00,0.000000000000000000e+00,0.000000000000000000e+00,1.000000000000000000e+00
5.909478453673434606e-01,8.020678600935574609e-01,-8.641638652845848312e-02,8.550545738026593678e-02,-7.954888943824535152e-01,5.971796415284804649e-01,1.028294445093290987e-01,-2.393493804871545394e-01,1.340822992414582304e-01,7.976437102941352775e-03,9.909380977040225247e-01,-1.259784784028721294e-01,0.000000000000000000e+00,0.000000000000000000e+00,0.000000000000000000e+00,1.000000000000000000e+00
5.910775016311464736e-01,8.019844341622032191e-01,-8.630384943334362680e-02,8.546852951376743279e-02,-7.955999527646825387e-01,5.972809184994903875e-01,1.013716901173121465e-01,-2.392618429566271132e-01,1.328461599983879748e-01,8.744813201910825451e-03,9.910980910160945845e-01,-1.261580810754030502e-01,0.000000000000000000e+00,0.000000000000000000e+00,0.000000000000000000e+00,1.000000000000000000e+00
5.910095179017490485e-01,8.019380562773352761e-01,-8.719577767112152156e-02,8.540203840970173044e-02,-7.954147804974733837e-01,5.973423222506569763e-01,1.024571960105708640e-01,-2.393397894261988790e-01,1.342500529448628632e-01,8.803632336809127934e-03,9.909083809020791112e-01,-1.260084666680290066e-01,0.000000000000000000e+00,0.000000000000000000e+00,0.000000000000000000e+00,1.000000000000000000e+00
5.910569826292000339e-01,8.019174397636941176e-01,-8.706355775011441478e-02,8.547900830402593852e-02,-7.954372858150873249e-01,5.973687185190179605e-01,1.021280493795579947e-01,-2.393393638350044261e-01,1.339073098094076542e-01,8.890103362068614568e-03,9.909539840183392290e-01,-1.259047718440764463e-01,0.000000000000000000e+00,0.000000000000000000e+00,0.000000000000000000e+00,1.000000000000000000e+00
5.908584225283886049e-01,8.020022166219529236e-01,-8.762858586522338789e-02,8.553467705379763641e-02,-7.955155225172849676e-01,5.972484785066556334e-01,1.022218585016758663e-01,-2.392371922736845069e-01,1.343181966872541433e-01,9.311254209803582205e-03,9.908945062839561446e-01,-1.260870006202221560e-01,0.000000000000000000e+00,0.000000000000000000e+00,0.000000000000000000e+00,1.000000000000000000e+00
5.909000187785948821e-01,8.019622123196482599e-01,-8.771418254097523848e-02,8.555283410868186333e-02,-7.956076112353590579e-01,5.972917480116886058e-01,1.012476997343998153e-01,-2.392452449064990105e-01,1.335877866865901875e-01,9.958803568541160778e-03,9.909869451610657798e-01,-1.260630793723780396e-01,0.000000000000000000e+00,0.000000000000000000e+00,0.000000000000000000e+00,1.000000000000000000e+00
5.912645814348020945e-01,8.019448152748047676e-01,-8.538564278956989329e-02,8.540329401210328131e-02,-7.954998487134927743e-01,5.973477741298061083e-01,1.017626033421733245e-01,-2.393724424333476541e-01,1.326129158021147059e-01,7.755642850581299930e-03,9.911375608695474071e-01,-1.259710855282580866e-01,0.000000000000000000e+00,0.000000000000000000e+00,0.000000000000000000e+00,1.000000000000000000e+00
5.910258419350055137e-01,8.020160174612583903e-01,-8.636412392076234235e-02,8.552629307666032021e-02,-7.954949210994003428e-01,5.972464459629773792e-01,1.023939123661741779e-01,-2.393909448803994977e-01,1.337022238785775530e-01,8.184773678928412843e-03,9.909877520987572241e-01,-1.259147968450990973e-01,0.000000000000000000e+00,0.000000000000000000e+00,0.000000000000000000e+00,1.000000000000000000e+00
5.910666876500427769e-01,8.019899953496351097e-01,-8.632623071523273794e-02,8.548285230434837789e-02,-7.954322163172357074e-01,5.972840655528690590e-01,1.026612598855429076e-01,-2.393641108601445855e-01,1.338945853836433775e-01,7.987014193602537393e-03,9.909633936776948149e-01,-1.259407964102490229e-01,0.000000000000000000e+00,0.000000000000000000e+00,0.000000000000000000e+00,1.000000000000000000e+00
5.912269175875035643e-01,8.020600781910762755e-01,-8.455981842520611524e-02,8.535750914647927123e-02,-7.954244289351375397e-01,5.972103797117472856e-01,1.031491164177423953e-01,-2.394028736936098523e-01,1.332317896494286391e-01,6.276411130192102727e-03,9.910650316150475536e-01,-1.259198644055383731e-01,0.000000000000000000e+00,0.000000000000000000e+00,0.000000000000000000e+00,1.000000000000000000e+00
5.911371256503058502e-01,8.019745942011685669e-01,-8.598632992380603191e-02,8.543161561559686756e-02,-7.956139215581908841e-01,5.972961562097885979e-01,1.011720791513582851e-01,-2.392607936471432550e-01,1.324967414719751269e-01,8.605349085476547699e-03,9.911460848262609868e-01,-1.261430700921037928e-01,0.000000000000000000e+00,0.000000000000000000e+00,0.000000000000000000e+00,1.000000000000000000e+00
5.908115714073161051e-01,8.020112490440104436e-01,-8.786150179734343590e-02,8.553277078248511245e-02,-7.954738958802948234e-01,5.972370341877163424e-01,1.026119192281618880e-01,-2.393701313975600542e-01,1.347700562597053120e-01,9.267221888315371747e-03,9.908335634879498199e-01,-1.258362234900827215e-01,0.000000000000000000e+00,0.000000000000000000e+00,0.000000000000000000e+00,1.000000000000000000e+00
5.908956540626613130e-01,8.020322496029972381e-01,-8.710107121393846630e-02,8.547256970330319170e-02,-7.953795295847938540e-01,5.972248088476022065e-01,1.034114675189233556e-01,-2.395047564310380239e-01,1.349582525351151197e-01,8.173022311300133513e-03,9.908175774475175279e-01,-1.256068248155588485e-01,0.000000000000000000e+00,0.000000000000000000e+00,0.000000000000000000e+00,1.000000000000000000e+00
5.908225589572522196e-01,8.021052002445691054e-01,-8.692497666277435031e-02,8.553280836051779801e-02,-7.954469803024392105e-01,5.971288302751821542e-01,1.034469022345448214e-01,-2.393312746807641223e-01,1.348807078678598836e-01,8.025446704849378832e-03,9.908293429497597726e-01,-1.259312018774394470e-01,0.000000000000000000e+00,0.000000000000000000e+00,0.000000000000000000e+00,1.000000000000000000e+00
5.909618815624382293e-01,8.019026680487700842e-01,-8.784170715808636842e-02,8.546794565433069035e-02,-7.954020450681266174e-01,5.973808141331623522e-01,1.023315670115643172e-01,-2.393051446256830028e-01,1.345349071491293846e-01,9.395418131430612052e-03,9.908643120410135507e-01,-1.259837200607838437e-01,0.000000000000000000e+00,0.000000000000000000e+00,0.000000000000000000e+00,1.000000000000000000e+00
5.911399443089353500e-01,8.020602340187125145e-01,-8.516423690891201936e-02,8.545960425029214269e-02,-7.953510673685114662e-01,5.972086388928825595e-01,1.037232918272484872e-01,-2.394169295438672573e-01,1.340531457228764378e-01,6.420485772828832260e-03,9.909533447565744835e-01,-1.258608077458147623e-01,0.000000000000000000e+00,0.000000000000000000e+00,0.000000000000000000e+00,1.000000000000000000e+00
5.909497275226148760e-01,8.020321386311802803e-01,-8.673446917830743286e-02,8.544786647724605944e-02,-7.953802092945846391e-01,5.972287324590959123e-01,1.033835760060784759e-01,-2.394488911273283394e-01,1.347172676513673228e-01,7.892384176991250333e-03,9.908526470008307552e-01,-1.257442850125740641e-01,0.000000000000000000e+00,0.000000000000000000e+00,0.000000000000000000e+00,1.000000000000000000e+00
5.909857252468557753e-01,8.020403605325440166e-01,-8.641257218295417264e-02,8.536939103426172126e-02,-7.954317834167398127e-01,5.972184238986181226e-01,1.030457766554009336e-01,-2.394539555589294544e-01,1.342540520241832513e-01,7.836723350797360210e-03,9.909159577291156706e-01,-1.258443907968793685e-01,0.000000000000000000e+00,0.000000000000000000e+00,0.000000000000000000e+00,1.000000000000000000e+00
5.908850268504330927e-01,8.020185564064231665e-01,-8.729902762185065557e-02,8.548162547685567159e-02,-7.954018082876869178e-01,5.972388757014510663e-01,1.031585610773292361e-01,-2.394578595048981184e-01,1.348734533429074012e-01,8.482955300146997890e-03,9.908265191509232350e-01,-1.257357542504911052e-01,0.000000000000000000e+00,0.000000000000000000e+00,0.000000000000000000e+00,1.000000000000000000e+00
5.908817357270853554e-01,8.021389410706423195e-01,-8.620843115505290311e-02,8.547263267098059725e-02,-7.954900088522194324e-01,5.970901271765913787e-01,1.033393721895852213e-01,-2.393983768871011664e-01,1.343667377011238395e-01,7.516598054339594659e-03,9.909031640646056571e-01,-1.259105435262095618e-01,0.000000000000000000e+00,0.000000000000000000e+00,0.000000000000000000e+00,1.000000000000000000e+00
5.909193238912842094e-01,8.020442390923938625e-01,-8.682966768662998824e-02,8.553098524095192889e-02,-7.955028577163620884e-01,5.972047192624105882e-01,1.025754680993788415e-01,-2.393678152484394472e-01,1.341251505757546925e-01,8.459422522159275315e-03,9.909282931441724118e-01,-1.258685914455921484e-01,0.000000000000000000e+00,0.000000000000000000e+00,0.000000000000000000e+00,1.000000000000000000e+00
5.907874099560082026e-01,8.021010712991111236e-01,-8.720153472439223785e-02,8.555496441186644097e-02,-7.954594604727559526e-01,5.971304507650798676e-01,1.033415285037148357e-01,-2.394360108830300149e-01,1.349610424599004266e-01,8.312411798656660356e-03,9.908160378335758578e-01,-1.257681531238117323e-01,0.000000000000000000e+00,0.000000000000000000e+00,0.000000000000000000e+00,1.000000000000000000e+00
5.908661621377893081e-01,8.021329401305434814e-01,-8.637085618476919580e-02,8.553060264781275901e-02,-7.957653677680363025e-01,5.970791880546104657e-01,1.012616544060447599e-01,-2.392138207997891175e-01,1.327955492535871918e-01,8.898851025690192318e-03,9.911035024400129956e-01,-1.261241846651335319e-01,0.000000000000000000e+00,0.000000000000000000e+00,0.000000000000000000e+00,1.000000000000000000e+00
5.909262813731819275e-01,8.021336750235196211e-01,-8.595171537395815409e-02,8.550943370363894847e-02,-7.954723757020868424e-01,5.971003641931919015e-01,1.034159299877726312e-01,-2.394326546753099971e-01,1.342752005298870344e-01,7.261024281768259370e-03,9.909174779208602679e-01,-1.257387815691204391e-01,0.000000000000000000e+00,0.000000000000000000e+00,0.000000000000000000e+00,1.000000000000000000e+00
5.910800363489563392e-01,8.021107262681846928e-01,-8.510448540025360165e-02,8.542305478335449065e-02,-7.955181905832721112e-01,5.971354273001644453e-01,1.028595640383865167e-01,-2.393357194930923471e-01,1.333236628691000791e-01,6.903931385482939276e-03,9.910485036821312654e-01,-1.260175811693653447e-01,0.000000000000000000e+00,0.000000000000000000e+00,0.000000000000000000e+00,1.000000000000000000e+00
5.909623709202782571e-01,8.020834129012752722e-01,-8.617235580466621470e-02,8.558602645019419697e-02,-7.955924825895028807e-01,5.971559527643898191e-01,1.021634461298432384e-01,-2.392683535281721063e-01,1.334019407780676902e-01,8.183326138942077776e-03,9.910282313687883704e-01,-1.260097253087020253e-01,0.000000000000000000e+00,0.000000000000000000e+00,0.000000000000000000e+00,1.000000000000000000e+00
5.909463845093191336e-01,8.021023681111721926e-01,-8.610552656951681039e-02,8.552909138176933990e-02,-7.955604841010098793e-01,5.971342134120849465e-01,1.025390038458422054e-01,-2.393147704881266602e-01,1.336633336870323985e-01,7.907100807529529596e-03,9.909952527557782664e-01,-1.259781906209742619e-01,0.000000000000000000e+00,0.000000000000000000e+00,0.000000000000000000e+00,1.000000000000000000e+00
5.910051125649530279e-01,8.019952774459150335e-01,-8.669793467284747646e-02,8.554359483929946384e-02,-7.954935551700158536e-01,5.972695271185828325e-01,1.022698179254940276e-01,-2.394025832951238442e-01,1.338019454457091695e-01,8.525663023747381830e-03,9.909714185913484075e-01,-1.257661175548339116e-01,0.000000000000000000e+00,0.000000000000000000e+00,0.000000000000000000e+00,1.000000000000000000e+00
5.909855920110266281e-01,8.020156983108887028e-01,-8.664207810454656322e-02,8.550592808947299339e-02,-7.955943296862045822e-01,5.972374531783710694e-01,1.016714664602231394e-01,-2.393154006807924339e-01,1.332880062366288421e-01,8.845574255582286383e-03,9.910378717332419818e-01,-1.259901672170482545e-01,0.000000000000000000e+00,0.000000000000000000e+00,0.000000000000000000e+00,1.000000000000000000e+00
5.907420413207995491e-01,8.020545162637980896e-01,-8.793402957319468305e-02,8.557145666341153811e-02,-7.955070112583385589e-01,5.971786379762555885e-01,1.026950309589024501e-01,-2.393375309763162428e-01,1.348793373907224702e-01,9.285864831509713091e-03,9.908185187305345032e-01,-1.257949732943570709e-01,0.000000000000000000e+00,0.000000000000000000e+00,0.000000000000000000e+00,1.000000000000000000e+00
5.911201490715292106e-01,8.021398566125680363e-01,-8.454951091060119994e-02,8.543060645994582369e-02,-7.955263105666533496e-01,5.971021041633083337e-01,1.029901276820172074e-01,-2.393506972678811351e-01,1.330971771220619271e-01,6.381820846635750943e-03,9.910824455133991906e-01,-1.259196278852949824e-01,0.000000000000000000e+00,0.000000000000000000e+00,0.000000000000000000e+00,1.000000000000000000e+00
5.909196072783111653e-01,8.021017104619728721e-01,-8.629521312346460915e-02,8.553164380830791114e-02,-7.957394189920813377e-01,5.971217365345933281e-01,1.012146670204318311e-01,-2.391095313251189736e-01,1.327132050558333942e-01,8.858771466144936546e-03,9.911148911059298738e-01,-1.263328131299632506e-01,0.000000000000000000e+00,0.000000000000000000e+00,0.000000000000000000e+00,1.000000000000000000e+00
5.911242814216719488e-01,8.020432762558156181e-01,-8.543223587469342406e-02,8.542861577834626186e-02,-7.956019915167853451e-01,5.972146505825790541e-01,1.017454285167286449e-01,-2.392775059842120189e-01,1.326256197280024363e-01,7.825863681746522693e-03,9.911353090518961739e-01,-1.260886440056667723e-01,0.000000000000000000e+00,0.000000000000000000e+00,0.000000000000000000e+00,1.000000000000000000e+00
5.908237088655984293e-01,8.020171814752272699e-01,-8.772562716123152859e-02,8.553306964056378581e-02,-7.954869060714859774e-01,5.972301827982141598e-01,1.025509191749497950e-01,-2.392774232946647261e-01,1.346399914999773240e-01,9.195073319148726332e-03,9.908519179552219835e-01,-1.260185843190733124e-01,0.000000000000000000e+00,0.000000000000000000e+00,0.000000000000000000e+00,1.000000000000000000e+00
5.908711894705657164e-01,8.021242122894964854e-01,-8.641750697974157069e-02,8.553171590492752996e-02,-7.955830274676674030e-01,5.971015244465681659e-01,1.025544533843615602e-01,-2.392981650873762800e-01,1.338614352941865371e-01,8.155829972429674835e-03,9.909664972028273677e-01,-1.259750058574700127e-01,0.000000000000000000e+00,0.000000000000000000e+00,0.000000000000000000e+00,1.000000000000000000e+00
5.909257129270963915e-01,8.019865554261814689e-01,-8.731761974110172075e-02,8.552434761797428342e-02,-7.955365493484899408e-01,5.972707291691798925e-01,1.019277917371621128e-01,-2.392812426309570695e-01,1.338969770095688183e-01,9.232604906792507560e-03,9.909522483724099162e-01,-1.260115627445932418e-01,0.000000000000000000e+00,0.000000000000000000e+00,0.000000000000000000e+00,1.000000000000000000e+00
5.910695544302462245e-01,8.021358222966978868e-01,-8.494059344053647709e-02,8.545570301595584173e-02,-7.954969255773358672e-01,5.971054489843585777e-01,1.031975008912231345e-01,-2.393270419948056449e-01,1.334969034196548943e-01,6.573080068571005019e-03,9.910274322115283363e-01,-1.259990749965711476e-01,0.000000000000000000e+00,0.000000000000000000e+00,0.000000000000000000e+00,1.000000000000000000e+00
5.908896544909002513e-01,8.020058255392131796e-01,-8.738462116865797213e-02,8.551949093823413284e-02,-7.957039476257269373e-01,5.972333278187637040e-01,1.008344181088962899e-01,-2.391969290338055165e-01,1.330587988389311249e-01,9.950273548523104472e-03,9.910581961256618166e-01,-1.261536733653236819e-01,0.000000000000000000e+00,0.000000000000000000e+00,0.000000000000000000e+00,1.000000000000000000e+00
5.910559938030373051e-01,8.021504917808508495e-01,-8.489641173361289761e-02,8.549096689736340737e-02,-7.956613683419213601e-01,5.970783483611902254e-01,1.020805213864753869e-01,-2.392783328801688092e-01,1.325737497311040569e-01,7.213491111270169120e-03,9.911468944753962784e-01,-1.260286662484328968e-01,0.000000000000000000e+00,0.000000000000000000e+00,0.000000000000000000e+00,1.000000000000000000e+00
5.909934541926085139e-01,8.020825180228621232e-01,-8.596726925751449477e-02,8.543609180982969509e-02,-7.954904978276280403e-01,5.971652136317906479e-01,1.029008041467616430e-01,-2.393486538143646536e-01,1.338715988081172759e-01,7.572444136650188784e-03,9.909697538887630719e-01,-1.259988657792479039e-01,0.000000000000000000e+00,0.000000000000000000e+00,0.000000000000000000e+00,1.000000000000000000e+00
5.906595210875025259e-01,8.021844352431617420e-01,-8.730098511638713366e-02,8.557114972175683398e-02,-7.953912353508312272e-01,5.970261968430877753e-01,1.044629264866591134e-01,-2.394136567148756334e-01,1.359195088122401862e-01,7.736416269058639383e-03,9.906896764312985715e-01,-1.257586182724408363e-01,0.000000000000000000e+00,0.000000000000000000e+00,0.000000000000000000e+00,1.000000000000000000e+00
5.906384613424547902e-01,8.020466733623256017e-01,-8.869803679588615652e-02,8.556223960681430540e-02,-7.953657627564231225e-01,5.971891875878516664e-01,1.037225995772127207e-01,-2.394355302629605775e-01,1.361598744781686576e-01,9.284825070432815852e-03,9.906433670123172552e-01,-1.257272520847914077e-01,0.000000000000000000e+00,0.000000000000000000e+00,0.000000000000000000e+00,1.000000000000000000e+00
5.909742167074226726e-01,8.020233523278256227e-01,-8.664881711763047778e-02,8.545426678840239987e-02,-7.955101880568363759e-01,5.972330202110838204e-01,1.023536040758887267e-01,-2.392843158563058570e-01,1.338395154086595706e-01,8.441675804218638779e-03,9.909670641473365960e-01,-1.261007359617483115e-01,0.000000000000000000e+00,0.000000000000000000e+00,0.000000000000000000e+00,1.000000000000000000e+00
5.908683821301208283e-01,8.019958486605809345e-01,-8.761971085394008874e-02,8.551359799205277001e-02,-7.953721866335561330e-01,5.972663037422170085e-01,1.032281315527191767e-01,-2.394273758762514859e-01,1.351208338069637138e-01,8.696041933227809106e-03,9.907909664132019678e-01,-1.257477006476779291e-01,0.000000000000000000e+00,0.000000000000000000e+00,0.000000000000000000e+00,1.000000000000000000e+00
5.909932607429694285e-01,8.021073841815294925e-01,-8.573628168900841728e-02,8.546429408448663612e-02,-7.954053969135465030e-01,5.971398744335201236e-01,1.037025791498136784e-01,-2.394099232340824168e-01,1.343771569769064422e-01,6.907575767533112587e-03,9.909061837933093031e-01,-1.258406135619938304e-01,0.000000000000000000e+00,0.000000000000000000e+00,0.000000000000000000e+00,1.000000000000000000e+00
5.908493836542794142e-01,8.020225188989512644e-01,-8.750362857813417938e-02,8.551050655381686738e-02,-7.955829729875057987e-01,5.972193720641706394e-01,1.018663571727185246e-01,-2.392235828729660785e-01,1.339579744834936414e-01,9.428722620779039776e-03,9.909421578790663654e-01,-1.261105699023845617e-01,0.000000000000000000e+00,0.000000000000000000e+00,0.000000000000000000e+00,1.000000000000000000e+00
5.910009844396464374e-01,8.020832737777752186e-01,-8.590842983837786162e-02,8.543588939773261171e-02,-7.955618685995551331e-01,5.971607135900505181e-01,1.023738021908239260e-01,-2.393738527502812519e-01,1.334134536759809253e-01,7.842453095067106195e-03,9.910294376594969146e-01,-1.258938817602428539e-01,0.000000000000000000e+00,0.000000000000000000e+00,0.000000000000000000e+00,1.000000000000000000e+00
5.909996945850393146e-01,8.019817383439249436e-01,-8.685995834241773406e-02,8.551265862342577462e-02,-7.954620223545021407e-01,5.972870990116375678e-01,1.024123642239938570e-01,-2.394734892679926397e-01,1.340131784268841497e-01,8.568122146575242459e-03,9.909425085698996272e-01,-1.256768629793676428e-01,0.000000000000000000e+00,0.000000000000000000e+00,0.000000000000000000e+00,1.000000000000000000e+00
5.911042161035889864e-01,8.020300814219017971e-01,-8.569454007659389749e-02,8.544446874869737751e-02,-7.954721266699437132e-01,5.972365092408588039e-01,1.026286885865276971e-01,-2.394528907989097455e-01,1.334912034396216474e-01,7.503367522052065142e-03,9.910215931452102112e-01,-1.257715694895649161e-01,0.000000000000000000e+00,0.000000000000000000e+00,0.000000000000000000e+00,1.000000000000000000e+00
5.910442823682022784e-01,8.020322486545702345e-01,-8.608674925881765194e-02,8.554001756764145759e-02,-7.955242783867663148e-01,5.972267283309909969e-01,1.022807775893181115e-01,-2.393384787996008789e-01,1.334457896565927892e-01,8.031630292443171781e-03,9.910235689113422453e-01,-1.258977944830923512e-01,0.000000000000000000e+00,0.000000000000000000e+00,0.000000000000000000e+00,1.000000000000000000e+00
5.910587647372601561e-01,8.019924212189828427e-01,-8.635793498328933615e-02,8.551003225163172905e-02,-7.955924778746688020e-01,5.972705792134167524e-01,1.014912033395735241e-01,-2.393047286142586660e-01,1.329742297458764710e-01,8.718458199908296624e-03,9.910811483981054604e-01,-1.260160672582038011e-01,0.000000000000000000e+00,0.000000000000000000e+00,0.000000000000000000e+00,1.000000000000000000e+00
5.908127854995379735e-01,8.021318338861342934e-01,-8.674545265743931199e-02,8.553512567869925309e-02,-7.954785579913539184e-01,5.970945536396186082e-01,1.034019235309531215e-01,-2.394520853578601671e-01,1.347372118839976207e-01,7.912969124914438768e-03,9.908497709811286969e-01,-1.257224521314550536e-01,0.000000000000000000e+00,0.000000000000000000e+00,0.000000000000000000e+00,1.000000000000000000e+00
5.908429568806644605e-01,8.021072320118070031e-01,-8.676744008480768988e-02,8.551167569465994989e-02,-7.956028616580006485e-01,5.971182811675502800e-01,1.023027116801454306e-01,-2.392178422768176660e-01,1.338681695778121683e-01,8.587586964204911577e-03,9.909619399977067644e-01,-1.260933247275566327e-01,0.000000000000000000e+00,0.000000000000000000e+00,0.000000000000000000e+00,1.000000000000000000e+00
5.910176474419275294e-01,8.020008001309451018e-01,-8.656129043362105480e-02,8.548702317590417543e-02,-7.956843227648058292e-01,5.972513023252948861e-01,1.008828051605025755e-01,-2.392073251720092941e-01,1.326069339006155368e-01,9.251943583020852402e-03,9.911255231409463740e-01,-1.261902006309316704e-01,0.000000000000000000e+00,0.000000000000000000e+00,0.000000000000000000e+00,1.000000000000000000e+00
5.908237146577109966e-01,8.020273248948071032e-01,-8.763280390437747092e-02,8.545424263175444013e-02,-7.955310400804349591e-01,5.972153038376400991e-01,1.022948929842377730e-01,-2.393057249914836704e-01,1.343789509804459159e-01,9.276366971753824409e-03,9.908865962102828551e-01,-1.260346216583554391e-01,0.000000000000000000e+00,0.000000000000000000e+00,0.000000000000000000e+00,1.000000000000000000e+00
5.910341634634397323e-01,8.020853424217545546e-01,-8.566049901354047535e-02,8.542127597583570875e-02,-7.954666355779583808e-01,5.971658408890554437e-01,1.030814733962938101e-01,-2.393952225163125669e-01,1.338336628108023063e-01,7.215396554872750834e-03,9.909775420014322878e-01,-1.258917188788526431e-01,0.000000000000000000e+00,0.000000000000000000e+00,0.000000000000000000e+00,1.000000000000000000e+00
5.911343078827615560e-01,8.019740356515453472e-01,-8.601090735913899388e-02,8.536972306140860889e-02,-7.955077690251354250e-01,5.973033012950040854e-01,1.019615402136590798e-01,-2.393048748789878555e-01,1.331451067993879855e-01,8.149380520234540681e-03,9.910630495243559768e-01,-1.260752590111235971e-01,0.000000000000000000e+00,0.000000000000000000e+00,0.000000000000000000e+00,1.000000000000000000e+00
5.910750284906773899e-01,8.020813004204946361e-01,-8.541603017299220779e-02,8.549131975491508495e-02,-7.955892011854196477e-01,5.971666068744301281e-01,1.021267183024406611e-01,-2.393061895038040843e-01,1.329215319347888113e-01,7.591518283486080321e-03,9.910974902592886160e-01,-1.261043651921704978e-01,0.000000000000000000e+00,0.000000000000000000e+00,0.000000000000000000e+00,1.000000000000000000e+00
5.908695056047401639e-01,8.020146971597003072e-01,-8.743942409602344090e-02,8.558975844528321497e-02,-7.956524827162917424e-01,5.972251503758645441e-01,1.012879386004438970e-01,-2.391916772611887287e-01,1.334554386070919141e-01,9.723440664716226367e-03,9.910071143073740929e-01,-1.262144922365402433e-01,0.000000000000000000e+00,0.000000000000000000e+00,0.000000000000000000e+00,1.000000000000000000e+00
5.908273118802079837e-01,8.020113168183909957e-01,-8.775497268894592862e-02,8.555843470550178465e-02,-7.955406218327482071e-01,5.972335844554705897e-01,1.021134888858187817e-01,-2.392745866898389751e-01,1.343063905790467805e-01,9.481207396762079964e-03,9.908944949670110969e-01,-1.260309487889585967e-01,0.000000000000000000e+00,0.000000000000000000e+00,0.000000000000000000e+00,1.000000000000000000e+00
5.909229018438968417e-01,8.020212339127434920e-01,-8.701760988138591835e-02,8.547880841687710562e-02,-7.956539498802677191e-01,5.972218961155415506e-01,1.012956012869556943e-01,-2.391938839123466942e-01,1.332100451029012422e-01,9.378014354754708737e-03,9.910434585478304914e-01,-1.262356931580626007e-01,0.000000000000000000e+00,0.000000000000000000e+00,0.000000000000000000e+00,1.000000000000000000e+00
5.910268581533461019e-01,8.020358188991593140e-01,-8.617307087564818335e-02,8.539315232441457848e-02,-7.953571251333554359e-01,5.972308558190777550e-01,1.035487728426365134e-01,-2.394575451492403362e-01,1.345150416904684065e-01,7.338260036750435256e-03,9.908843794805953786e-01,-1.258024343548707069e-01,0.000000000000000000e+00,0.000000000000000000e+00,0.000000000000000000e+00,1.000000000000000000e+00
5.910401457060667774e-01,8.020675593302679651e-01,-8.578564235196155241e-02,8.550956182221253199e-02,-7.955717725727982081e-01,5.971815996115970027e-01,1.021748098638325941e-01,-2.392478200923311982e-01,1.331807074959711346e-01,7.859221037836885970e-03,9.910606095469394194e-01,-1.261535054394817834e-01,0.000000000000000000e+00,0.000000000000000000e+00,0.000000000000000000e+00,1.000000000000000000e+00
5.908879367783526071e-01,8.020083184249733321e-01,-8.737335604730006589e-02,8.549044518181392327e-02,-7.954419123951528281e-01,5.972486003577190949e-01,1.027923799504986135e-01,-2.393595608128504248e-01,1.346239583988069477e-01,8.761652121160340423e-03,9.908580237739128549e-01,-1.259509182002758187e-01,0.000000000000000000e+00,0.000000000000000000e+00,0.000000000000000000e+00,1.000000000000000000e+00
5.911434507093710211e-01,8.020075229248400106e-01,-8.563500368061988111e-02,8.538235023164358894e-02,-7.954066030917683605e-01,5.972697980142838148e-01,1.029423340418834237e-01,-2.393424346064881025e-01,1.337077276803086412e-01,7.260960813757225130e-03,9.909942088663432624e-01,-1.260864835168276077e-01,0.000000000000000000e+00,0.000000000000000000e+00,0.000000000000000000e+00,1.000000000000000000e+00
5.910432133673079180e-01,8.020917000528111629e-01,-8.553843953941482614e-02,8.547589362824242754e-02,-7.956923033758742658e-01,5.971458835317002833e-01,1.014423586552522100e-01,-2.391628526185574366e-01,1.324450009658450500e-01,8.105460353135723883e-03,9.911572141853284279e-01,-1.263658276673103042e-01,0.000000000000000000e+00,0.000000000000000000e+00,0.000000000000000000e+00,1.000000000000000000e+00
5.907534701660059895e-01,8.020238671914167172e-01,-8.813656416122954418e-02,8.559662478221807813e-02,-7.954814457867452893e-01,5.972170880315263997e-01,1.026694656271927714e-01,-2.393692857544647556e-01,1.349800240622706926e-01,9.458658386297516540e-03,9.908031726259661776e-01,-1.258803934288685866e-01,0.000000000000000000e+00,0.000000000000000000e+00,0.000000000000000000e+00,1.000000000000000000e+00
5.907345379058220880e-01,8.020573297886609554e-01,-8.795877135043364548e-02,8.549394635869467240e-02,-7.952266562683042439e-01,5.971926693929545671e-01,1.047639288288170767e-01,-2.395272559964740089e-01,1.365550104739003678e-01,8.059488544583978675e-03,9.905997040979128698e-01,-1.256304052918790770e-01,0.000000000000000000e+00,0.000000000000000000e+00,0.000000000000000000e+00,1.000000000000000000e+00
5.909682647149190338e-01,8.020801610500729595e-01,-8.616220371907079567e-02,8.547011514438485058e-02,-7.954998914208220029e-01,5.971657668232772664e-01,1.028249467971070197e-01,-2.393186281807844762e-01,1.339269683420711288e-01,7.775743325009347451e-03,9.909606979928344828e-01,-1.260124574214867010e-01,0.000000000000000000e+00,0.000000000000000000e+00,0.000000000000000000e+00,1.000000000000000000e+00
5.908224432861264308e-01,8.019753963883530234e-01,-8.811528866862984588e-02,8.558193958789828137e-02,-7.956437087175219913e-01,5.972670394994391563e-01,1.011097043107264115e-01,-2.391070217348818805e-01,1.337158527910550232e-01,1.037049253022251372e-02,9.909654502539638754e-01,-1.262898444969757783e-01,0.000000000000000000e+00,0.000000000000000000e+00,0.000000000000000000e+00,1.000000000000000000e+00
5.908962292347548217e-01,8.021891855116048964e-01,-8.563969245843944256e-02,8.557268908834997356e-02,-7.955407643864312872e-01,5.970278948362029992e-01,1.033082038702846372e-01,-2.393396172520561860e-01,1.340020092222523884e-01,7.085438284239305162e-03,9.909557296311070074e-01,-1.259315350248568777e-01,0.000000000000000000e+00,0.000000000000000000e+00,0.000000000000000000e+00,1.000000000000000000e+00
5.909785057729588509e-01,8.021248100539548620e-01,-8.567493688511129690e-02,8.546196336986855435e-02,-7.954536725700545041e-01,5.971153888283953215e-01,1.034730265292701235e-01,-2.392990376596774160e-01,1.341561050015000756e-01,7.000108586395610566e-03,9.909354862808201769e-01,-1.260549485201922781e-01,0.000000000000000000e+00,0.000000000000000000e+00,0.000000000000000000e+00,1.000000000000000000e+00
5.910780733704665835e-01,8.020849497367104064e-01,-8.536067353597871776e-02,8.539219311078555252e-02,-7.955956728418904778e-01,5.971620813439905140e-01,1.021027617656480174e-01,-2.392684564118228718e-01,1.328692460124490382e-01,7.561878785850975615e-03,9.911047277928358712e-01,-1.261211632852308195e-01,0.000000000000000000e+00,0.000000000000000000e+00,0.000000000000000000e+00,1.000000000000000000e+00
5.907452613712340650e-01,8.021362647638647925e-01,-8.716334618466564654e-02,8.552423448028306785e-02,-7.956845164091845835e-01,5.970711883146333498e-01,1.019418777109490082e-01,-2.392398413679202585e-01,1.338139996940333754e-01,9.132843764523085328e-03,9.909643811210665509e-01,-1.260922535309558778e-01,0.000000000000000000e+00,0.000000000000000000e+00,0.000000000000000000e+00,1.000000000000000000e+00
5.908140076527499396e-01,8.020369147024551948e-01,-8.761047777442521056e-02,8.557885236433587783e-02,-7.954742632095771482e-01,5.972071599043857759e-01,1.027828036692811087e-01,-2.393461455863648835e-01,1.347572073489091971e-01,8.966360103416191885e-03,9.908380793318447566e-01,-1.258763128883597648e-01,0.000000000000000000e+00,0.000000000000000000e+00,0.000000000000000000e+00,1.000000000000000000e+00
5.911566455784574847e-01,8.020020891737807966e-01,-8.559479744305339977e-02,8.549081596962421203e-02,-7.954986040783619261e-01,5.972720460844956891e-01,1.022158200838702014e-01,-2.393671909244007023e-01,1.331006810568756416e-01,7.664980556487267782e-03,9.910728816667646601e-01,-1.259838251223244221e-01,0.000000000000000000e+00,0.000000000000000000e+00,0.000000000000000000e+00,1.000000000000000000e+00
5.910891557360518078e-01,8.019842068776272814e-01,-8.622610909756417419e-02,8.548770248313425357e-02,-7.955892998888201006e-01,5.972827788734687005e-01,1.014443096659675553e-01,-2.392281148679812897e-01,1.328581042829493908e-01,8.637938414384732644e-03,9.910974271716634920e-01,-1.261469059810897964e-01,0.000000000000000000e+00,0.000000000000000000e+00,0.000000000000000000e+00,1.000000000000000000e+00
5.911124166047880824e-01,8.019606417078080085e-01,-8.628580466825565287e-02,8.544813271277840183e-02,-7.955886852339508764e-01,5.973123034627518813e-01,1.012751502577758922e-01,-2.392284736336291184e-01,1.327582572323134646e-01,8.783011079484086270e-03,9.911095317133302718e-01,-1.261484061535236290e-01,0.000000000000000000e+00,0.000000000000000000e+00,0.000000000000000000e+00,1.000000000000000000e+00
5.910063741865789755e-01,8.020994845141047325e-01,-8.571979125640008523e-02,8.544442970286719730e-02,-7.956528283918498090e-01,5.971363866083512217e-01,1.018072318667557069e-01,-2.392045430526715810e-01,1.328459346118015805e-01,8.034471390770056565e-03,9.911041342495691131e-01,-1.262540858978487002e-01,0.000000000000000000e+00,0.000000000000000000e+00,0.000000000000000000e+00,1.000000000000000000e+00
5.909749256711525067e-01,8.020895165505703694e-01,-8.602932446351423124e-02,8.549965829930256112e-02,-7.956004973008412584e-01,5.971491308762838512e-01,1.021409036006311333e-01,-2.392839145006160073e-01,1.332984843223299631e-01,8.082260412260011684e-03,9.910429814816300587e-01,-1.260450548387146430e-01,0.000000000000000000e+00,0.000000000000000000e+00,0.000000000000000000e+00,1.000000000000000000e+00
5.910717501743727453e-01,8.020187195650801959e-01,-8.602418039710241215e-02,8.549038620109433717e-02,-7.954982744799142802e-01,5.972463220836442543e-01,1.023685794423214446e-01,-2.393607412475591001e-01,1.334791423604561600e-01,7.924911655606582672e-03,9.910199363937982620e-01,-1.259164672568109378e-01,0.000000000000000000e+00,0.000000000000000000e+00,0.000000000000000000e+00,1.000000000000000000e+00
5.910603006687349392e-01,8.021314940944641592e-01,-8.504579445902961388e-02,8.543954018904775793e-02,-7.955863058814580668e-01,5.971055360636416953e-01,1.025056520200057636e-01,-2.392557328447101894e-01,1.330043264983515883e-01,7.074247941223826830e-03,9.910902098945314487e-01,-1.261683397353805525e-01,0.000000000000000000e+00,0.000000000000000000e+00,0.000000000000000000e+00,1.000000000000000000e+00
5.909921897432858229e-01,8.020537507555843826e-01,-8.624391318426691266e-02,8.554778376188321154e-02,-7.957172836674265559e-01,5.971851379590824571e-01,1.010144320071353907e-01,-2.391607762555896244e-01,1.325225872648454484e-01,8.927031964263032471e-03,9.911397842710889527e-01,-1.263120932315520140e-01,0.000000000000000000e+00,0.000000000000000000e+00,0.000000000000000000e+00,1.000000000000000000e+00
5.909085238248183991e-01,8.020804235651729508e-01,-8.656853126100137741e-02,8.553632845322828304e-02,-7.955527267240686262e-01,5.971580096542222771e-01,1.024605802623976547e-01,-2.392645261989894967e-01,1.338767174421062189e-01,8.325000860099691924e-03,9.909630259942122654e-01,-1.260560735650080311e-01,0.000000000000000000e+00,0.000000000000000000e+00,0.000000000000000000e+00,1.000000000000000000e+00
5.910131910100908659e-01,8.020064379415230427e-01,-8.653947973277709149e-02,8.543983197535093277e-02,-7.956025498396153139e-01,5.972499233942794028e-01,1.015337958230140281e-01,-2.392308990056121187e-01,1.331164555596792975e-01,8.843218072464610613e-03,9.910609500698484009e-01,-1.261998009570164392e-01,0.000000000000000000e+00,0.000000000000000000e+00,0.000000000000000000e+00,1.000000000000000000e+00
5.908082801946261675e-01,8.020951152807083151e-01,-8.711487873087689349e-02,8.556223056586653719e-02,-7.954870723136564514e-01,5.971373246075579733e-01,1.030889583921364705e-01,-2.394285837144517481e-01,1.347066955845765135e-01,8.392949621870954280e-03,9.908499707631468478e-01,-1.258027827232530704e-01,0.000000000000000000e+00,0.000000000000000000e+00,0.000000000000000000e+00,1.000000000000000000e+00
5.912313595147967726e-01,8.020793904083117765e-01,-8.434530815947222093e-02,8.538771522417221149e-02,-7.955941122610202809e-01,5.971788345426665146e-01,1.020169010990911174e-01,-2.392744677071566295e-01,1.321948866707197134e-01,6.789039438215287159e-03,9.912004947948835909e-01,-1.261149387808302436e-01,0.000000000000000000e+00,0.000000000000000000e+00,0.000000000000000000e+00,1.000000000000000000e+00
5.909530774428830568e-01,8.021667986593024047e-01,-8.545693295147123447e-02,8.548837532068015443e-02,-7.956309861225994151e-01,5.970536302830384834e-01,1.024611950321927256e-01,-2.392563805993841719e-01,1.332133408573105415e-01,7.442425312442178809e-03,9.910594412663161767e-01,-1.261261915208971018e-01,0.000000000000000000e+00,0.000000000000000000e+00,0.000000000000000000e+00,1.000000000000000000e+00
5.909923497912212831e-01,8.020430020309696761e-01,-8.634272048876212580e-02,8.554534425368903738e-02,-7.957165352333173125e-01,5.971977795143474932e-01,1.009455680028462921e-01,-2.391816864265656484e-01,1.325263673558409738e-01,9.046271954924904601e-03,9.911381976894957369e-01,-1.262975647878250562e-01,0.000000000000000000e+00,0.000000000000000000e+00,0.000000000000000000e+00,1.000000000000000000e+00
5.911126886857867024e-01,8.020291472132384802e-01,-8.564482643491010128e-02,8.543500520141744659e-02,-7.955956025947631405e-01,5.972310110047355236e-01,1.016993442758474669e-01,-2.392876435679037184e-01,1.327155846407499507e-01,8.022874464128526562e-03,9.911216913572202802e-01,-1.260389522123901429e-01,0.000000000000000000e+00,0.000000000000000000e+00,0.000000000000000000e+00,1.000000000000000000e+00
5.910096670256163032e-01,8.019380889712696137e-01,-8.719446621992793522e-02,8.544524512570483843e-02,-7.955892469210371631e-01,5.973303031627210657e-01,1.011645150591284070e-01,-2.392208644767840620e-01,1.332115748194838689e-01,9.581773355690846594e-03,9.910413038584583445e-01,-1.262102106159472825e-01,0.000000000000000000e+00,0.000000000000000000e+00,0.000000000000000000e+00,1.000000000000000000e+00
5.909386203137459992e-01,8.021298469238297146e-01,-8.590259423113874582e-02,8.549592353907498055e-02,-7.954078599085138146e-01,5.971091785003266317e-01,1.038603165141670781e-01,-2.394045738910446086e-01,1.346026872593715229e-01,6.952526491748649284e-03,9.908752590300846652e-01,-1.258614749324442617e-01,0.000000000000000000e+00,0.000000000000000000e+00,0.000000000000000000e+00,1.000000000000000000e+00
5.911718689777809566e-01,8.020032147467165418e-01,-8.547903172854294518e-02,8.540161390392925211e-02,-7.955221498403938218e-01,5.972703925002615932e-01,1.020420861992806516e-01,-2.393839517426664676e-01,1.328921760023338006e-01,7.676052274145139798e-03,9.911007757936874940e-01,-1.258540896652458052e-01,0.000000000000000000e+00,0.000000000000000000e+00,0.000000000000000000e+00,1.000000000000000000e+00
5.910115041481889264e-01,8.021023477439971350e-01,-8.565760741500480502e-02,8.548467215807598052e-02,-7.956537548364598367e-01,5.971332961518334148e-01,1.018181174520982890e-01,-2.392828839514911654e-01,1.328175605074036481e-01,7.978118225154401388e-03,9.911083922813123115e-01,-1.260918580433143532e-01,0.000000000000000000e+00,0.000000000000000000e+00,0.000000000000000000e+00,1.000000000000000000e+00
5.910403632824623443e-01,8.019946174560217411e-01,-8.646341736540549827e-02,8.549592407025613516e-02,-7.955351581105571945e-01,5.972703034463013871e-01,1.019411439565691829e-01,-2.393222118410511245e-01,1.333982802773178988e-01,8.533357647046518890e-03,9.910257719284205624e-01,-1.259820238347157950e-01,0.000000000000000000e+00,0.000000000000000000e+00,0.000000000000000000e+00,1.000000000000000000e+00
5.910925045399662014e-01,8.020653619912677668e-01,-8.544475507886063748e-02,8.546823683520299308e-02,-7.953881610212428788e-01,5.971977457800559108e-01,1.035013320806311143e-01,-2.394379787579855590e-01,1.340422485036543709e-01,6.782885008322456222e-03,9.909524045518273150e-01,-1.257760130879348459e-01,0.000000000000000000e+00,0.000000000000000000e+00,0.000000000000000000e+00,1.000000000000000000e+00
5.909004931143844175e-01,8.020608078310179634e-01,-8.680476817913129750e-02,8.549590267695866830e-02,-7.955577804863479541e-01,5.971802559323635684e-01,1.022915433073181835e-01,-2.393338546151577151e-01,1.338821315367122455e-01,8.614085326495941886e-03,9.909598238017396366e-01,-1.260697172682898604e-01,0.000000000000000000e+00,0.000000000000000000e+00,0.000000000000000000e+00,1.000000000000000000e+00
5.909462610970508400e-01,8.019859339207283666e-01,-8.718416306138153382e-02,8.547243861255232611e-02,-7.952880871474093949e-01,5.972889488338970487e-01,1.037437711012722252e-01,-2.394426497090587913e-01,1.352751822650077318e-01,8.029532626228845504e-03,9.907755304149237219e-01,-1.258332589319912653e-01,0.000000000000000000e+00,0.000000000000000000e+00,0.000000000000000000e+00,1.000000000000000000e+00
5.908743413956919488e-01,8.020561271859034669e-01,-8.702575207234562737e-02,8.555299430448048970e-02,-7.955210948111641756e-01,5.971861491733558847e-01,1.025421422925484743e-01,-2.393318298907652908e-01,1.342151272795065187e-01,8.641300772944421338e-03,9.909145409823681971e-01,-1.259692337138069718e-01,0.000000000000000000e+00,0.000000000000000000e+00,0.000000000000000000e+00,1.000000000000000000e+00
5.908068918210636067e-01,8.020501341785707394e-01,-8.753741394895445116e-02,8.554479050834523646e-02,-7.956412999996637092e-01,5.971796107003916054e-01,1.016436633468795897e-01,-2.392882586699605907e-01,1.337988726095218905e-01,9.596605017678311311e-03,9.909620410795539902e-01,-1.260731549134386231e-01,0.000000000000000000e+00,0.000000000000000000e+00,0.000000000000000000e+00,1.000000000000000000e+00
5.909873301076808971e-01,8.021498033879375100e-01,-8.537955596563265304e-02,8.542651450625565746e-02,-7.955050789898394648e-01,5.970830696447329000e-01,1.032641140231808086e-01,-2.393911237582865004e-01,1.338119761215882386e-01,6.892087370063283702e-03,9.909827718876443869e-01,-1.259149083388131363e-01,0.000000000000000000e+00,0.000000000000000000e+00,0.000000000000000000e+00,1.000000000000000000e+00
5.910350080121986593e-01,8.019647207073440365e-01,-8.677675981973567709e-02,8.548093244848925520e-02,-7.955845120127772452e-01,5.973017034947201154e-01,1.013704061730881512e-01,-2.392663898330306127e-01,1.331273959386709560e-01,9.124787290523399264e-03,9.910569280861172281e-01,-1.262097235178987198e-01,0.000000000000000000e+00,0.000000000000000000e+00,0.000000000000000000e+00,1.000000000000000000e+00
5.908372632760316989e-01,8.020423658966907565e-01,-8.740349896501872773e-02,8.559000349805062635e-02,-7.956272780193375249e-01,5.971921531158317364e-01,1.016797262408635494e-01,-2.392157072191976042e-01,1.337481319347269271e-01,9.464436788095879904e-03,9.909701618314524785e-01,-1.261869263293387000e-01,0.000000000000000000e+00,0.000000000000000000e+00,0.000000000000000000e+00,1.000000000000000000e+00
5.910400882511707144e-01,8.020100262695101234e-01,-8.632225578162294743e-02,8.549105779694043949e-02,-7.955448025863217643e-01,5.972514854472473766e-01,1.019761256811942823e-01,-2.393294845131915816e-01,1.333419707291690348e-01,8.401243612471645528e-03,9.910344786877121059e-01,-1.260253612089088371e-01,0.000000000000000000e+00,0.000000000000000000e+00,0.000000000000000000e+00,1.000000000000000000e+00
5.906342471322997278e-01,8.021067759796995933e-01,-8.818109798541605426e-02,8.562961891568371398e-02,-7.955543528534079201e-01,5.971056523164846030e-01,1.027526721195158865e-01,-2.393123019708434107e-01,1.350720465916497304e-01,9.463609203548321858e-03,9.907905844982509702e-01,-1.259271941047526155e-01,0.000000000000000000e+00,0.000000000000000000e+00,0.000000000000000000e+00,1.000000000000000000e+00
5.909934447476510311e-01,8.020482213623294498e-01,-8.628672478909463206e-02,8.541209635054225480e-02,-7.954172007561886026e-01,5.972104076286477436e-01,1.032046789695784533e-01,-2.394626537716824655e-01,1.343064592880567620e-01,7.640656355854660853e-03,9.909103871511073525e-01,-1.257303751400964398e-01,0.000000000000000000e+00,0.000000000000000000e+00,0.000000000000000000e+00,1.000000000000000000e+00
5.909163459974197119e-01,8.020522746570841743e-01,-8.677569216350400350e-02,8.555683678375686219e-02,-7.954039931811762720e-01,5.972010038317908664e-01,1.033607694134516808e-01,-2.394756583987479037e-01,1.347232706866083318e-01,7.944163876632874544e-03,9.908514170125631848e-01,-1.256618489826566432e-01,0.000000000000000000e+00,0.000000000000000000e+00,0.000000000000000000e+00,1.000000000000000000e+00
5.908640281692281171e-01,8.020277111934891456e-01,-8.735703001686051516e-02,8.555675194806100503e-02,-7.954311815395881391e-01,5.972246340693052602e-01,1.030144256661140179e-01,-2.393750760592711635e-01,1.347921943221060959e-01,8.618987093480981465e-03,9.908364029502116921e-01,-1.258579596704469949e-01,0.000000000000000000e+00,0.000000000000000000e+00,0.000000000000000000e+00,1.000000000000000000e+00
5.909793295353125142e-01,8.019786426814003999e-01,-8.702694263784824247e-02,8.540743136501716126e-02,-7.951914849538987973e-01,5.973054664090944321e-01,1.043871738032401963e-01,-2.395144938628712139e-01,1.356979525225274485e-01,7.512421760863287334e-03,9.907217718413586782e-01,-1.256705194196858777e-01,0.000000000000000000e+00,0.000000000000000000e+00,0.000000000000000000e+00,1.000000000000000000e+00
5.907846550227474625e-01,8.020588096542414780e-01,-8.760797478354759305e-02,8.565203408383764705e-02,-7.956679352988668130e-01,5.971657596792575573e-01,1.015164627237063188e-01,-2.393105463732668192e-01,1.337386560680634828e-01,9.732488002386067982e-03,9.909688443893641674e-01,-1.258846209260717774e-01,0.000000000000000000e+00,0.000000000000000000e+00,0.000000000000000000e+00,1.000000000000000000e+00
5.909878031015203259e-01,8.020283018263918429e-01,-8.651022861322869850e-02,8.547406438244714577e-02,-7.955593358017105654e-01,5.972250759980732848e-01,1.020174093860313491e-01,-2.392841945700766026e-01,1.334869274647527138e-01,8.532975364435264887e-03,9.910138387164177942e-01,-1.260325345968382749e-01,0.000000000000000000e+00,0.000000000000000000e+00,0.000000000000000000e+00,1.000000000000000000e+00
5.909893538586943329e-01,8.021190300966264397e-01,-8.565421870830783324e-02,8.549870372857143463e-02,-7.954597161530091443e-01,5.971227364761498846e-01,1.033841262525773130e-01,-2.394016366542225105e-01,1.340724565429358972e-01,7.035562527761975160e-03,9.909465562059645016e-01,-1.258868352324964413e-01,0.000000000000000000e+00,0.000000000000000000e+00,0.000000000000000000e+00,1.000000000000000000e+00
5.909612700765795035e-01,8.020725674262774163e-01,-8.628078495062437014e-02,8.553546155723656952e-02,-7.956277007372394294e-01,5.971665001085458835e-01,1.018269756385014740e-01,-2.392684725537145007e-01,1.331966181592083298e-01,8.471583696683715470e-03,9.910534259971155446e-01,-1.260687960541735375e-01,0.000000000000000000e+00,0.000000000000000000e+00,0.000000000000000000e+00,1.000000000000000000e+00
5.908787310282466176e-01,8.020797624092699252e-01,-8.677776185140059773e-02,8.547577096688357967e-02,-7.954704423346159459e-01,5.971616717133382268e-01,1.030762494879491065e-01,-2.393166557302210118e-01,1.344957270340571553e-01,8.123581108151270436e-03,9.908808741920291929e-01,-1.259661921279231489e-01,0.000000000000000000e+00,0.000000000000000000e+00,0.000000000000000000e+00,1.000000000000000000e+00
5.910641650985927198e-01,8.021196665345686760e-01,-8.513044869361331701e-02,8.549068073922749811e-02,-7.954596488564504853e-01,5.971265885723398004e-01,1.033623928763844901e-01,-2.394384835722508376e-01,1.337426625182705220e-01,6.624030376740801251e-03,9.909939568151220346e-01,-1.257525501675131885e-01,0.000000000000000000e+00,0.000000000000000000e+00,0.000000000000000000e+00,1.000000000000000000e+00
5.909730204636800543e-01,8.019950022032149572e-01,-8.691895952610310949e-02,8.548799030666137666e-02,-7.954830299139579175e-01,5.972681006429164663e-01,1.023599778883937661e-01,-2.393591417088934137e-01,1.340061125581374912e-01,8.650571973493614841e-03,9.909427477920143001e-01,-1.259860793102602905e-01,0.000000000000000000e+00,0.000000000000000000e+00,0.000000000000000000e+00,1.000000000000000000e+00
5.909050134435178681e-01,8.020126573119914504e-01,-8.721790297108963919e-02,8.556850719923542181e-02,-7.955284530718389480e-01,5.972391085896500140e-01,1.021759635343233441e-01,-2.393736418512342201e-01,1.340363586510879557e-01,9.008034324906960544e-03,9.909354721056050641e-01,-1.257908622337102766e-01,0.000000000000000000e+00,0.000000000000000000e+00,0.000000000000000000e+00,1.000000000000000000e+00
5.909901980079443895e-01,8.020469255175679546e-01,-8.632100049436211564e-02,8.547583841610040256e-02,-7.955416961248378271e-01,5.972043467552832219e-01,1.022759890854735287e-01,-2.392293932287929970e-01,1.335814193117703663e-01,8.227848103395420110e-03,9.910036866380672604e-01,-1.261319125567523791e-01,0.000000000000000000e+00,0.000000000000000000e+00,0.000000000000000000e+00,1.000000000000000000e+00
5.910730646967439217e-01,8.021934830503578695e-01,-8.436970985806362122e-02,8.550473919092116404e-02,-7.954139967240234643e-01,5.970387513159329806e-01,1.042175764572684515e-01,-2.393841507112689504e-01,1.339746468758690190e-01,5.508645808783740883e-03,9.909694489820760621e-01,-1.258245447463584021e-01,0.000000000000000000e+00,0.000000000000000000e+00,0.000000000000000000e+00,1.000000000000000000e+00
5.910226801050961765e-01,8.020058909550435988e-01,-8.647972291118954935e-02,8.545656745754787176e-02,-7.955420412433968913e-01,5.972552375901416521e-01,1.019756921301982755e-01,-2.393074920152512275e-01,1.334355732766890068e-01,8.528308422569123859e-03,9.910207948069359452e-01,-1.260132181289912445e-01,0.000000000000000000e+00,0.000000000000000000e+00,0.000000000000000000e+00,1.000000000000000000e+00
5.909630448303334616e-01,8.020117963041504261e-01,-8.683178124310944601e-02,8.552379148573013845e-02,-7.955037227303058955e-01,5.972462270312473009e-01,1.023267873978480347e-01,-2.393083317292605261e-01,1.339272443048307448e-01,8.603655381858636708e-03,9.909538184733859278e-01,-1.259823690008565755e-01,0.000000000000000000e+00,0.000000000000000000e+00,0.000000000000000000e+00,1.000000000000000000e+00
5.909771893784856456e-01,8.020090459145209350e-01,-8.676088926230421383e-02,8.546471895502583127e-02,-7.954396663131012568e-01,5.972545602715763069e-01,1.027751307005180942e-01,-2.393012079701546668e-01,1.342449212819911142e-01,8.275294924436502053e-03,9.909136292351145014e-01,-1.259967904489258661e-01,0.000000000000000000e+00,0.000000000000000000e+00,0.000000000000000000e+00,1.000000000000000000e+00
5.910838821568403789e-01,8.020573119611229540e-01,-8.557986085578983548e-02,8.546377711258512644e-02,-7.953707830459391115e-01,5.972078453242062324e-01,1.035765753445666293e-01,-2.393751761383353938e-01,1.341833139078334458e-01,6.845276686655139831e-03,9.909328839309929915e-01,-1.258584922922321159e-01,0.000000000000000000e+00,0.000000000000000000e+00,0.000000000000000000e+00,1.000000000000000000e+00
5.909312412095526490e-01,8.020058018138734868e-01,-8.710316882538600425e-02,8.547640428478014973e-02,-7.954243597902305174e-01,5.972559628568067103e-01,1.028853861551339982e-01,-2.394022518958652257e-01,1.345375635829631211e-01,8.485793355655565917e-03,9.908721589066299407e-01,-1.258762692686092866e-01,0.000000000000000000e+00,0.000000000000000000e+00,0.000000000000000000e+00,1.000000000000000000e+00
5.908511500708935049e-01,8.019683547838197812e-01,-8.798679665288280938e-02,8.553533704020049866e-02,-7.955607785281281208e-01,5.972839407224485031e-01,1.016609159056778289e-01,-2.392626755650673065e-01,1.340819381110713027e-01,9.932375365233399311e-03,9.909204719814718176e-01,-1.260808262141634994e-01,0.000000000000000000e+00,0.000000000000000000e+00,0.000000000000000000e+00,1.000000000000000000e+00
5.909303159808856343e-01,8.021687859848476432e-01,-8.559556323972848657e-02,8.551045019450065343e-02,-7.955755522141101377e-01,5.970527965243925816e-01,1.028955727017252519e-01,-2.392474776174129958e-01,1.336446870397189624e-01,7.293624201860089695e-03,9.910024725862481842e-01,-1.261702653113712103e-01,0.000000000000000000e+00,0.000000000000000000e+00,0.000000000000000000e+00,1.000000000000000000e+00
5.909493504724735446e-01,8.021395537257266506e-01,-8.573798181001239527e-02,8.546969113302743670e-02,-7.954736837510402170e-01,5.970946959476177707e-01,1.034385930432752676e-01,-2.394775040017865786e-01,1.341658810417616088e-01,7.075338855080180733e-03,9.909336284254228744e-01,-1.257912193961738812e-01,0.000000000000000000e+00,0.000000000000000000e+00,0.000000000000000000e+00,1.000000000000000000e+00
5.907851482955143174e-01,8.020340465804617347e-01,-8.783106898596330925e-02,8.555132829618533608e-02,-7.956541581723702850e-01,5.971954635606750994e-01,1.014496864734792669e-01,-2.392427768864186233e-01,1.338184185247456859e-01,9.948187187638131423e-03,9.909559346586587214e-01,-1.261327371028038158e-01,0.000000000000000000e+00,0.000000000000000000e+00,0.000000000000000000e+00,1.000000000000000000e+00
5.908958451785686350e-01,8.020346471097219432e-01,-8.707769511355117897e-02,8.549928456499761298e-02,-7.953333062857386171e-01,5.972247273294322145e-01,1.037668394954796569e-01,-2.394204728858310149e-01,1.352295532171142456e-01,7.940396833211828265e-03,9.907824776583560311e-01,-1.257947624637443251e-01,0.000000000000000000e+00,0.000000000000000000e+00,0.000000000000000000e+00,1.000000000000000000e+00
5.909134046412883867e-01,8.021075750185470143e-01,-8.628317514502518992e-02,8.545104702371775218e-02,-7.953997079523781322e-01,5.971348575681980630e-01,1.037750763250966379e-01,-2.393973519764304170e-01,1.347614663192444051e-01,7.307528643384499090e-03,9.908511226317571197e-01,-1.258430657216644821e-01,0.000000000000000000e+00,0.000000000000000000e+00,0.000000000000000000e+00,1.000000000000000000e+00
5.907740495815956283e-01,8.020593129787120246e-01,-8.767485845485717411e-02,8.557542805528167706e-02,-7.955813645459545169e-01,5.971704734260769865e-01,1.021651508845971973e-01,-2.392847135987101748e-01,1.342993474599177839e-01,9.395963611680449579e-03,9.908962615428763554e-01,-1.260256035592397517e-01,0.000000000000000000e+00,0.000000000000000000e+00,0.000000000000000000e+00,1.000000000000000000e+00
5.909706711256674794e-01,8.020631402946568622e-01,-8.630402568798133112e-02,8.544160520234428402e-02,-7.954225082636899868e-01,5.971907108200252834e-01,1.032777239184379803e-01,-2.393896245693450942e-01,1.343752180157422593e-01,7.614058769577353170e-03,9.909012700023526188e-01,-1.258568998478786227e-01,0.000000000000000000e+00,0.000000000000000000e+00,0.000000000000000000e+00,1.000000000000000000e+00
