T00,T01,T02,T03,T10,T11,T12,T13,T20,T21,T22,T23,T30,T31,T32,T33
6.375939576195943648e-01,7.655949574728984075e-01,-8.566391480112336976e-02,1.536327037176276056e-01,-7.614607720987220940e-01,6.431746607472275112e-01,8.064644026556397338e-02,-3.110011407982322673e-01,1.168393673459469928e-01,1.381002768860938729e-02,9.930548048186660370e-01,-8.087020969722180652e-02,0.000000000000000000e+00,0.000000000000000000e+00,0.000000000000000000e+00,1.000000000000000000e+00
6.375581372233251054e-01,7.655621974549552400e-01,-8.622147927439036130e-02,1.536312872418854059e-01,-7.614839796066613653e-01,6.431984514763363636e-01,8.023653046365444852e-02,-3.110344790479295796e-01,1.168835765312036534e-01,1.450082226576592664e-02,9.930397553426001389e-01,-8.066037729930597422e-02,0.000000000000000000e+00,0.000000000000000000e+00,0.000000000000000000e+00,1.000000000000000000e+00
6.375797194429851933e-01,7.655843694453470238e-01,-8.586428020996328403e-02,1.535959995782175125e-01,-7.613683641972748273e-01,6.431938622618224022e-01,8.136258076220423407e-02,-3.110749506217252991e-01,1.175172981078558554e-01,1.349921515091278418e-02,9.929790812679485379e-01,-8.063606284601876339e-02,0.000000000000000000e+00,0.000000000000000000e+00,0.000000000000000000e+00,1.000000000000000000e+00
6.375901603481275437e-01,7.655473317355968588e-01,-8.611660873349072376e-02,1.536008413406386164e-01,-7.613370612409974258e-01,6.432336649096334069e-01,8.134083542626829866e-02,-3.110977664596858983e-01,1.176633613669561818e-01,1.370164951491159577e-02,9.929590113355131198e-01,-8.055084017398894680e-02,0.000000000000000000e+00,0.000000000000000000e+00,0.000000000000000000e+00,1.000000000000000000e+00
6.375574828387972071e-01,7.655615774809193530e-01,-8.623182220725394975e-02,1.536242838343131467e-01,-7.613654831291390979e-01,6.432132872942817325e-01,8.123587968143540505e-02,-3.110818711694868233e-01,1.176565220282737023e-01,1.386139001004058069e-02,9.929576046796761979e-01,-8.060598225986659315e-02,0.000000000000000000e+00,0.000000000000000000e+00,0.000000000000000000e+00,1.000000000000000000e+00
6.375121271878307905e-01,7.655598910265469792e-01,-8.658141220763798662e-02,1.536295161338245285e-01,-7.613303752473391528e-01,6.432139782710173392e-01,8.155880015373817571e-02,-3.110733724400059907e-01,1.181285207483493416e-01,1.392233486858877184e-02,9.929007106340562716e-01,-8.063992689082466470e-02,0.000000000000000000e+00,0.000000000000000000e+00,0.000000000000000000e+00,1.000000000000000000e+00
6.375267163387484670e-01,7.655026064293131149e-01,-8.697956946468211881e-02,1.536202511721565522e-01,-7.612459731826635156e-01,6.432794993105790393e-01,8.182942062553358320e-02,-3.111436965287207590e-01,1.185928086669369858e-01,1.404440517285234641e-02,9.928436434886555029e-01,-8.037611057278115645e-02,0.000000000000000000e+00,0.000000000000000000e+00,0.000000000000000000e+00,1.000000000000000000e+00
6.376420193482759124e-01,7.655235103142102870e-01,-8.594422794849121416e-02,1.535866951463750185e-01,-7.613028461314533812e-01,6.432658318149462318e-01,8.140667105080601207e-02,-3.111318724520575341e-01,1.176037058667867563e-01,1.352127122849997726e-02,9.929685511589799729e-01,-8.051659825871437803e-02,0.000000000000000000e+00,0.000000000000000000e+00,0.000000000000000000e+00,1.000000000000000000e+00
6.376247603801050712e-01,7.654695642991274918e-01,-8.655062727627874097e-02,1.536072156624577745e-01,-7.612671104434650671e-01,6.433189992693358894e-01,8.132067225593578308e-02,-3.111199524581377829e-01,1.179281624857722588e-01,1.403607177254194427e-02,9.929229261034943077e-01,-8.047077053768969535e-02,0.000000000000000000e+00,0.000000000000000000e+00,0.000000000000000000e+00,1.000000000000000000e+00
6.375886196887509128e-01,7.654798423106686789e-01,-8.672579235399091591e-02,1.536104462368615420e-01,-7.612304957255197069e-01,6.433096355139286127e-01,8.173643760536752900e-02,-3.111982570217345367e-01,1.183591332380950767e-01,1.390409547473499263e-02,9.928735023698419537e-01,-8.020931529643893221e-02,0.000000000000000000e+00,0.000000000000000000e+00,0.000000000000000000e+00,1.000000000000000000e+00
6.376498897896361040e-01,7.654712108463452847e-01,-8.635070015173519631e-02,1.536382304394883214e-01,-7.613446853958432126e-01,6.433109445818195882e-01,8.065543131588547021e-02,-3.110929729508681296e-01,1.172897611506193288e-01,1.431271975122369589e-02,9.929945911144498760e-01,-8.053147032466689836e-02,0.000000000000000000e+00,0.000000000000000000e+00,0.000000000000000000e+00,1.000000000000000000e+00
6.376710583066856897e-01,7.655402978754966004e-01,-8.557846532117492633e-02,1.535867427354351000e-01,-7.612834812890161285e-01,6.432551821023763106e-01,8.167148715993274855e-02,-3.111288222255489400e-01,1.175716059025639776e-01,1.306992835232017452e-02,9.929783957661704186e-01,-8.047062430265761179e-02,0.000000000000000000e+00,0.000000000000000000e+00,0.000000000000000000e+00,1.000000000000000000e+00
6.376836398789854643e-01,7.655635305724084461e-01,-8.527635128332930470e-02,1.535678923756008674e-01,-7.612940494151876347e-01,6.432331219429140434e-01,8.174668898859688282e-02,-3.110974638856190966e-01,1.174348574985913662e-01,1.279185260553396264e-02,9.929981987653372366e-01,-8.063464034616285581e-02,0.000000000000000000e+00,0.000000000000000000e+00,0.000000000000000000e+00,1.000000000000000000e+00
6.375668924381445724e-01,7.656148738114423313e-01,-8.568735417468130444e-02,1.535871788332417998e-01,-7.613506296488166125e-01,6.431654848074583875e-01,8.175192894200131177e-02,-3.110816657561024101e-01,1.177016414503995884e-01,1.311579776745899067e-02,9.929623857170044587e-01,-8.064003821589915688e-02,0.000000000000000000e+00,0.000000000000000000e+00,0.000000000000000000e+00,1.000000000000000000e+00
6.377265190465362110e-01,7.655861260884284647e-01,-8.475122680941707398e-02,1.535722858226405974e-01,-7.612298860113968502e-01,6.432224165881482714e-01,8.242562369541975298e-02,-3.111506193217241645e-01,1.176178028525624586e-01,1.195016064393885497e-02,9.929870321976618230e-01,-8.041130718122446730e-02,0.000000000000000000e+00,0.000000000000000000e+00,0.000000000000000000e+00,1.000000000000000000e+00
6.375997254732534980e-01,7.655769560628491455e-01,-8.578178374208682289e-02,1.535885622141213158e-01,-7.614458317259980014e-01,6.431940096882623470e-01,8.063318949563272331e-02,-3.110418433919818204e-01,1.169052412149896164e-01,1.390648218198476532e-02,9.930457060628112842e-01,-8.080665669462905321e-02,0.000000000000000000e+00,0.000000000000000000e+00,0.000000000000000000e+00,1.000000000000000000e+00
6.376558524530229199e-01,7.656040281519477242e-01,-8.512042005253415977e-02,1.535794700338392604e-01,-7.614622289694071844e-01,6.431727386618263376e-01,8.064801358488551952e-02,-3.110869192148688622e-01,1.164915777442748074e-01,1.339030693290173962e-02,9.931014107304912963e-01,-8.067434950599294829e-02,0.000000000000000000e+00,0.000000000000000000e+00,0.000000000000000000e+00,1.000000000000000000e+00
6.376520469941665548e-01,7.655877367316218374e-01,-8.529527730362418403e-02,1.535973131141462611e-01,-7.613730283671950039e-01,6.431979284828140964e-01,8.128675458144066224e-02,-3.111015403382683120e-01,1.170938881373221885e-01,1.310885813371193143e-02,9.930343293156156381e-01,-8.058978450751119738e-02,0.000000000000000000e+00,0.000000000000000000e+00,0.000000000000000000e+00,1.000000000000000000e+00
6.376275518417358068e-01,7.656203849483490531e-01,-8.518527621517880954e-02,1.535861127109610091e-01,-7.613083345256942414e-01,6.431711357598894896e-01,8.210060844505062683e-02,-3.111276786548914930e-01,1.176466102955297938e-01,1.250265079395443402e-02,9.929768168537954631e-01,-8.049174006969139761e-02,0.000000000000000000e+00,0.000000000000000000e+00,0.000000000000000000e+00,1.000000000000000000e+00
6.375929465178654665e-01,7.656175642796361203e-01,-8.546917466071488056e-02,1.535965681425263130e-01,-7.614017619826163319e-01,6.431599712136661928e-01,8.131794560983167386e-02,-3.110798314536301623e-01,1.172287993644644255e-01,1.322863163571619260e-02,9.930168235758207729e-01,-8.063022661880903108e-02,0.000000000000000000e+00,0.000000000000000000e+00,0.000000000000000000e+00,1.000000000000000000e+00
6.376611347971942179e-01,7.656628841209242031e-01,-8.454954197855157894e-02,1.535786203403907701e-01,-7.613583575437795625e-01,6.431282138993024144e-01,8.197287286006110785e-02,-3.110806872285126756e-01,1.171397821723821620e-01,1.210158528133618155e-02,9.930417025816618004e-01,-8.065621651411314375e-02,0.000000000000000000e+00,0.000000000000000000e+00,0.000000000000000000e+00,1.000000000000000000e+00
6.375933928494866842e-01,7.656318673310421596e-01,-8.533761844498762017e-02,1.535883688094814015e-01,-7.612922235177358443e-01,6.431582786724420187e-01,8.235034296542823040e-02,-3.111361543987519185e-01,1.179356426450564183e-01,1.246083072204653280e-02,9.929430557144829361e-01,-8.045814134129014583e-02,0.000000000000000000e+00,0.000000000000000000e+00,0.000000000000000000e+00,1.000000000000000000e+00
6.376685879869244955e-01,7.655756882929587448e-01,-8.527975955362845917e-02,1.536234508734885540e-01,-7.613426604841757594e-01,6.432145641995721252e-01,8.143941139541649443e-02,-3.110865455419232206e-01,1.172012168095508122e-01,1.299576455300881228e-02,9.930231542527312438e-01,-8.055384228532047608e-02,0.000000000000000000e+00,0.000000000000000000e+00,0.000000000000000000e+00,1.000000000000000000e+00
6.375869174479951162e-01,7.656044713998584328e-01,-8.563127975049118767e-02,1.535721969564180500e-01,-7.613438724039762739e-01,6.431782910549739274e-01,8.171409834613105327e-02,-3.111644686349052669e-01,1.176368592409770403e-01,1.309501004759513337e-02,9.929703369485777253e-01,-8.036349004725407141e-02,0.000000000000000000e+00,0.000000000000000000e+00,0.000000000000000000e+00,1.000000000000000000e+00
6.376352513766614383e-01,7.655758278995736799e-01,-8.552741044661839320e-02,1.535874882768584748e-01,-7.613571269958041565e-01,6.432092563515319217e-01,8.134603688197905580e-02,-3.110630112358040433e-01,1.172885816033120282e-01,1.324780282129242592e-02,9.930095086885580846e-01,-8.074448262560940393e-02,0.000000000000000000e+00,0.000000000000000000e+00,0.000000000000000000e+00,1.000000000000000000e+00
6.376106216677516203e-01,7.655567492352655101e-01,-8.588107379857654045e-02,1.535585981763371022e-01,-7.612060378003144834e-01,6.432415743874880798e-01,8.249633322670944791e-02,-3.111913736478072456e-01,1.183979018091532998e-01,1.277265359425865110e-02,9.928840799244147419e-01,-8.029271821139349896e-02,0.000000000000000000e+00,0.000000000000000000e+00,0.000000000000000000e+00,1.000000000000000000e+00
6.376132212383102127e-01,7.655573453612517509e-01,-8.585645616689932536e-02,1.536160755992139748e-01,-7.612187838219440783e-01,6.432398937001350125e-01,8.239176117355045958e-02,-3.111841513031037287e-01,1.183019157019281620e-01,1.282147090126411343e-02,9.928948920329794259e-01,-8.025518065020453840e-02,0.000000000000000000e+00,0.000000000000000000e+00,0.000000000000000000e+00,1.000000000000000000e+00
6.377843722375250435e-01,7.655436804703242837e-01,-8.469927875452375188e-02,1.535576181574296872e-01,-7.614655207308199669e-01,6.432435142524735028e-01,8.005024740917006387e-02,-3.110095030190444532e-01,1.157642227448858058e-01,1.344078361102221675e-02,9.931857782248970645e-01,-8.105495629979930783e-02,0.000000000000000000e+00,0.000000000000000000e+00,0.000000000000000000e+00,1.000000000000000000e+00
6.378420616682325406e-01,7.655448257432344583e-01,-8.425333313631841459e-02,1.535473862484048047e-01,-7.613211473278103103e-01,6.432645538709286237e-01,8.124545750195334703e-02,-3.110848875558194226e-01,1.163942223578348090e-01,1.232207413530946039e-02,9.931266543048368201e-01,-8.074985857465044603e-02,0.000000000000000000e+00,0.000000000000000000e+00,0.000000000000000000e+00,1.000000000000000000e+00
6.376342591794110781e-01,7.655720983575445837e-01,-8.556818180345987512e-02,1.535826380826180726e-01,-7.611788752837514993e-01,6.432320675249633135e-01,8.282045115383328271e-02,-3.112035984351145812e-01,1.184452250725500921e-01,1.232353536885406886e-02,9.928841116331381667e-01,-8.026320887411952931e-02,0.000000000000000000e+00,0.000000000000000000e+00,0.000000000000000000e+00,1.000000000000000000e+00
6.376506924103353402e-01,7.654895276347108979e-01,-8.618223453941872836e-02,1.536226943655517041e-01,-7.613402508956728099e-01,6.432944282162889049e-01,8.082883762613563006e-02,-3.110455753309390170e-01,1.173141800241307708e-01,1.407343978796281314e-02,9.929951266032481794e-01,-8.076936939076118094e-02,0.000000000000000000e+00,0.000000000000000000e+00,0.000000000000000000e+00,1.000000000000000000e+00
6.374714829700702801e-01,7.656023075375564257e-01,-8.650557839300605789e-02,1.536159418337360583e-01,-7.611886330105290810e-01,6.431852657067476109e-01,8.309379611801834264e-02,-3.111932919816726706e-01,1.192559154738315613e-01,1.287713752779162668e-02,9.927800390587981916e-01,-8.019394125847467691e-02,0.000000000000000000e+00,0.000000000000000000e+00,0.000000000000000000e+00,1.000000000000000000e+00
6.376059681662723522e-01,7.655021185885700907e-01,-8.640101732712136828e-02,1.535841656032017610e-01,-7.612393712589119454e-01,6.432894653758397530e-01,8.181248915540377531e-02,-3.112091933577595393e-01,1.182084980197585650e-01,1.360772475020433081e-02,9.928955538338539721e-01,-8.009087097191147642e-02,0.000000000000000000e+00,0.000000000000000000e+00,0.000000000000000000e+00,1.000000000000000000e+00
6.377383531147863271e-01,7.654307912239739498e-01,-8.605519631423620697e-02,1.535857505165895143e-01,-7.613939032275711671e-01,6.433526733749419524e-01,7.985400296290473543e-02,-3.110800325897596919e-01,1.164865532768670081e-01,1.459594147552507187e-02,9.930850121707199829e-01,-8.053899183932622385e-02,0.000000000000000000e+00,0.000000000000000000e+00,0.000000000000000000e+00,1.000000000000000000e+00
6.374951830481840886e-01,7.655715802302683892e-01,-8.660281250682375087e-02,1.536475996546792788e-01,-7.612956122005335446e-01,6.432051319391572930e-01,8.195211462400482649e-02,-3.111305999078163853e-01,1.184435833406651262e-01,1.368626285225468808e-02,9.928664581778164910e-01,-8.031264555911721281e-02,0.000000000000000000e+00,0.000000000000000000e+00,0.000000000000000000e+00,1.000000000000000000e+00
6.375264459319278654e-01,7.656987875357657014e-01,-8.523730112845707974e-02,1.536155786830443182e-01,-7.613387973694660804e-01,6.430819248537107402e-01,8.251589874964476712e-02,-3.111269414051669457e-01,1.179968913040505413e-01,1.228839666941870107e-02,9.929379280447874212e-01,-8.042356531620931115e-02,0.000000000000000000e+00,0.000000000000000000e+00,0.000000000000000000e+00,1.000000000000000000e+00
6.375606918028126069e-01,7.656752252393705938e-01,-8.519280323218562934e-02,1.536457795678127791e-01,-7.613546849158099317e-01,6.431065011688570365e-01,8.217707655483147411e-02,-3.110978627949928521e-01,1.177089972120514000e-01,1.246906608330422550e-02,9.929698456480656743e-01,-8.041607416179941126e-02,0.000000000000000000e+00,0.000000000000000000e+00,0.000000000000000000e+00,1.000000000000000000e+00
6.375555680387634538e-01,7.656389140383653702e-01,-8.555671202730050218e-02,1.536358680171382440e-01,-7.614392385756471038e-01,6.431313985006930078e-01,8.119291976448320125e-02,-3.110195548265346499e-01,1.171886667733218756e-01,1.338123957993276464e-02,9.930195158239318864e-01,-8.085183303914456054e-02,0.000000000000000000e+00,0.000000000000000000e+00,0.000000000000000000e+00,1.000000000000000000e+00
6.376006932421895979e-01,7.656303603631382515e-01,-8.529658414784425935e-02,1.536430144005895837e-01,-7.614144362271810795e-01,6.431471902852812228e-01,8.130035629068496639e-02,-3.110831352078777812e-01,1.171042795201067549e-01,1.310888699925740614e-02,9.930331035769740522e-01,-8.055077176856317855e-02,0.000000000000000000e+00,0.000000000000000000e+00,0.000000000000000000e+00,1.000000000000000000e+00
6.375827031473599860e-01,7.656126199140254052e-01,-8.558979422622285671e-02,1.536571114409350791e-01,-7.615539114112761521e-01,6.431456440298108923e-01,7.999575351020486724e-02,-3.109495884727376258e-01,1.162924617569476432e-01,1.417733380651994834e-02,9.931138235593375274e-01,-8.110034803308563411e-02,0.000000000000000000e+00,0.000000000000000000e+00,0.000000000000000000e+00,1.000000000000000000e+00
6.376186182098613209e-01,7.655857068482768701e-01,-8.556297786876757017e-02,1.536133420039830777e-01,-7.613400677296989771e-01,6.431999859443324752e-01,8.157866970322508182e-02,-3.110823598575424009e-01,1.174895696710322179e-01,1.312644471419317782e-02,9.929873601751841861e-01,-8.063426193602984959e-02,0.000000000000000000e+00,0.000000000000000000e+00,0.000000000000000000e+00,1.000000000000000000e+00
6.377148021864519345e-01,7.655627384640353306e-01,-8.505012961625293966e-02,1.536033704923303045e-01,-7.612900039424785881e-01,6.432375579164913981e-01,8.174945860915053264e-02,-3.110903510470639510e-01,1.172917770756131961e-01,1.261497368508154859e-02,9.930173721891119021e-01,-8.058152553702635501e-02,0.000000000000000000e+00,0.000000000000000000e+00,0.000000000000000000e+00,1.000000000000000000e+00
6.375835669798358696e-01,7.657143434844262408e-01,-8.466840791867791260e-02,1.536508779097007782e-01,-7.615085971571304846e-01,6.430546962577390335e-01,8.114994810008467618e-02,-3.110926337902876759e-01,1.165840965700233600e-01,1.273584716779956050e-02,9.930991625330625183e-01,-8.054024345677435193e-02,0.000000000000000000e+00,0.000000000000000000e+00,0.000000000000000000e+00,1.000000000000000000e+00
6.375600525373917860e-01,7.656498887493992100e-01,-8.542498034270321061e-02,1.536471553381305033e-01,-7.612354342914475769e-01,6.431433774853665408e-01,8.298921361132849395e-02,-3.111285884551626690e-01,1.184811925481409622e-01,1.211791462044062989e-02,9.928823511159932114e-01,-8.034670271380006668e-02,0.000000000000000000e+00,0.000000000000000000e+00,0.000000000000000000e+00,1.000000000000000000e+00
6.376975271427353098e-01,7.655450359525702853e-01,-8.533851301972852910e-02,1.536272681122566319e-01,-7.614205882395727043e-01,6.432379133705964369e-01,8.052126804481171685e-02,-3.110598600574384642e-01,1.165356240852715719e-01,1.363028726839834309e-02,9.930929783197731675e-01,-8.060573309500562722e-02,0.000000000000000000e+00,0.000000000000000000e+00,0.000000000000000000e+00,1.000000000000000000e+00
6.376621329826210882e-01,7.654714598338289155e-01,-8.625803348048792507e-02,1.536211920379378371e-01,-7.614108858340588037e-01,6.433039416008325961e-01,8.008434088026424036e-02,-3.109882093620295329e-01,1.167924102561803262e-01,1.461105405846560568e-02,9.930488658700802329e-01,-8.090707230176907849e-02,0.000000000000000000e+00,0.000000000000000000e+00,0.000000000000000000e+00,1.000000000000000000e+00
6.377616435353634650e-01,7.654485053643252934e-01,-8.572439367293581414e-02,1.535483067900191290e-01,-7.614048802871106192e-01,6.433375294220766705e-01,7.987134349733657213e-02,-3.110135079534595004e-01,1.162871201382289360e-01,1.433209240198790591e-02,9.931122277050756786e-01,-8.089378604276609153e-02,0.000000000000000000e+00,0.000000000000000000e+00,0.000000000000000000e+00,1.000000000000000000e+00
6.375000006572000277e-01,7.655878334277179675e-01,-8.642348332208503459e-02,1.535885001883677825e-01,-7.612328737067619588e-01,6.431972853762596420e-01,8.259397116470126865e-02,-3.111286054912386634e-01,1.188202893037006019e-01,1.313473989324139696e-02,9.928288963651903387e-01,-8.044121193519959689e-02,0.000000000000000000e+00,0.000000000000000000e+00,0.000000000000000000e+00,1.000000000000000000e+00
6.375810213138395355e-01,7.655014693931139202e-01,-8.659065548536290513e-02,1.536043346084224881e-01,-7.612999789657699523e-01,6.432802160801178726e-01,8.131977389685204893e-02,-3.111202346232734284e-01,1.179524619798993090e-01,1.407351970547358194e-02,9.929195097065924847e-01,-8.045436732363975274e-02,0.000000000000000000e+00,0.000000000000000000e+00,0.000000000000000000e+00,1.000000000000000000e+00
6.375383401058527522e-01,7.655713566973505468e-01,-8.628651516692696644e-02,1.536112363315044194e-01,-7.612585126299880045e-01,6.432142274881554878e-01,8.222490197740672802e-02,-3.111615028186721643e-01,1.184497439568898552e-01,1.326481667395736780e-02,9.928714432368139775e-01,-8.033016671635095918e-02,0.000000000000000000e+00,0.000000000000000000e+00,0.000000000000000000e+00,1.000000000000000000e+00
6.374909503917484122e-01,7.656988409290682585e-01,-8.550188985342510595e-02,1.536009032633661175e-01,-7.613236242598396819e-01,6.430798710072042068e-01,8.267175242621056797e-02,-3.110902715527446016e-01,1.182862093081371024e-01,1.239211463953890369e-02,9.929022148138620940e-01,-8.052349368033362431e-02,0.000000000000000000e+00,0.000000000000000000e+00,0.000000000000000000e+00,1.000000000000000000e+00
6.376179025203438933e-01,7.656585814887342245e-01,-8.491376200720698875e-02,1.535716468543538160e-01,-7.612026700856722172e-01,6.431438018744545237e-01,8.328592417038843676e-02,-3.111772523904243748e-01,1.183803422870556010e-01,1.153198608791377450e-02,9.929013585733820202e-01,-8.022734888385407714e-02,0.000000000000000000e+00,0.000000000000000000e+00,0.000000000000000000e+00,1.000000000000000000e+00
6.377699081866693431e-01,7.655841674376817618e-01,-8.444185443439483629e-02,1.535909246909562542e-01,-7.613250936082929243e-01,6.432188237445632950e-01,8.156988796722076940e-02,-3.110773198090027725e-01,1.167632050514707254e-01,1.226488277207218869e-02,9.930840481030274169e-01,-8.059291332244011841e-02,0.000000000000000000e+00,0.000000000000000000e+00,0.000000000000000000e+00,1.000000000000000000e+00
6.377389968830544653e-01,7.655332696028616102e-01,-8.513392382445335305e-02,1.535788759736712583e-01,-7.612167047278477483e-01,6.432762324550255206e-01,8.212683606315800133e-02,-3.111708257414083079e-01,1.176354551054750314e-01,1.242987890610453006e-02,9.929790520512038476e-01,-8.025572896607791051e-02,0.000000000000000000e+00,0.000000000000000000e+00,0.000000000000000000e+00,1.000000000000000000e+00
6.375016071357569869e-01,7.656729621639157823e-01,-8.565404783465838112e-02,1.536217885952168016e-01,-7.611945298702365026e-01,6.431192972512892458e-01,8.354913044812523060e-02,-3.112319262501314632e-01,1.190570812465892581e-01,1.193668773751070666e-02,9.928156560464286295e-01,-7.996761005672348155e-02,0.000000000000000000e+00,0.000000000000000000e+00,0.000000000000000000e+00,1.000000000000000000e+00
6.375981715185176091e-01,7.656550179033749792e-01,-8.509386132751033116e-02,1.535733267886658093e-01,-7.612743485068615978e-01,6.431382020739969674e-01,8.267175659486145078e-02,-3.111974269605259913e-01,1.180251582574511210e-01,1.206841300292604141e-02,9.929372666114886226e-01,-8.019213778380396285e-02,0.000000000000000000e+00,0.000000000000000000e+00,0.000000000000000000e+00,1.000000000000000000e+00
6.375973235295535613e-01,7.656328510298486822e-01,-8.529941648015812450e-02,1.536033455437707529e-01,-7.613638112072709241e-01,6.431500500614975024e-01,8.175059687753091775e-02,-3.110803962234460762e-01,1.174512665401660494e-01,1.281992705903228780e-02,9.929958959926834527e-01,-8.060277472179411262e-02,0.000000000000000000e+00,0.000000000000000000e+00,0.000000000000000000e+00,1.000000000000000000e+00
6.376920874709570697e-01,7.656059449569264652e-01,-8.483123613118721817e-02,1.536052037533648940e-01,-7.613745260333676379e-01,6.431845759582524025e-01,8.137832854555324125e-02,-3.110598227890558620e-01,1.168658747641855428e-01,1.269402599709614637e-02,9.930665783418486381e-01,-8.065194654894125570e-02,0.000000000000000000e+00,0.000000000000000000e+00,0.000000000000000000e+00,1.000000000000000000e+00
6.376278311501692997e-01,7.656464823762535454e-01,-8.494829584871474437e-02,1.536239610985603576e-01,-7.614341362216366926e-01,6.431324885449699602e-01,8.123212649170546973e-02,-3.110512695753755441e-01,1.168281008111553831e-01,1.288666763844378144e-02,9.930685417724374187e-01,-8.070657814569792698e-02,0.000000000000000000e+00,0.000000000000000000e+00,0.000000000000000000e+00,1.000000000000000000e+00
6.376872427630912998e-01,7.655759486677674586e-01,-8.513781321278145187e-02,1.536234383788642743e-01,-7.614034454344301706e-01,6.432094935567342908e-01,8.090945976255467520e-02,-3.110649696559797395e-01,1.167037861330353504e-01,1.322929400752995838e-02,9.930786535226086009e-01,-8.075045629166610617e-02,0.000000000000000000e+00,0.000000000000000000e+00,0.000000000000000000e+00,1.000000000000000000e+00
6.376425071040169312e-01,7.655965802984443513e-01,-8.528721691690763218e-02,1.535697118575043429e-01,-7.614446547828557232e-01,6.431803608457695720e-01,8.075308740180493772e-02,-3.110366316027110001e-01,1.166793505155113153e-01,1.344989433540856594e-02,9.930785615980465275e-01,-8.085029571125934567e-02,0.000000000000000000e+00,0.000000000000000000e+00,0.000000000000000000e+00,1.000000000000000000e+00
6.376562386649768932e-01,7.655884187830924725e-01,-8.525781088462391910e-02,1.535880237145982874e-01,-7.614379437171167053e-01,6.431903605959425896e-01,8.073671967767036273e-02,-3.110495595897100340e-01,1.166480996822633620e-01,1.343625921399892176e-02,9.930824174150155725e-01,-8.080530891876969157e-02,0.000000000000000000e+00,0.000000000000000000e+00,0.000000000000000000e+00,1.000000000000000000e+00
6.376324173557628150e-01,7.656427479298589800e-01,-8.494753015515472960e-02,1.535994349956095739e-01,-7.612884848522937231e-01,6.431520759011304378e-01,8.243330695396064445e-02,-3.111691736861171842e-01,1.177486440191376077e-01,1.210742774007871753e-02,9.929696203938835897e-01,-8.034397791576686210e-02,0.000000000000000000e+00,0.000000000000000000e+00,0.000000000000000000e+00,1.000000000000000000e+00
6.374754108740707803e-01,7.655552297166903220e-01,-8.689240924477092953e-02,1.536311318343248633e-01,-7.613252348097561129e-01,6.432148751451776114e-01,8.159970118722101318e-02,-3.111550509662482922e-01,1.183595681506352526e-01,1.413558082993553178e-02,9.928701818373819599e-01,-8.033341456903486666e-02,0.000000000000000000e+00,0.000000000000000000e+00,0.000000000000000000e+00,1.000000000000000000e+00
6.376676737366451242e-01,7.655836127153062831e-01,-8.521543177779349054e-02,1.535769005265068543e-01,-7.613374817096795200e-01,6.432074640515017538e-01,8.154383564929747197e-02,-3.111150445585044721e-01,1.172398260629006345e-01,1.287983424645747221e-02,9.930201070746376146e-01,-8.056351415905704805e-02,0.000000000000000000e+00,0.000000000000000000e+00,0.000000000000000000e+00,1.000000000000000000e+00
6.375190816500542201e-01,7.656244015479264364e-01,-8.595752606055521994e-02,1.536341201587284044e-01,-7.614822224170122444e-01,6.431360602901807777e-01,8.075167426916218805e-02,-3.110533235041870181e-01,1.171078369491964227e-01,1.397439475627923477e-02,9.930208813596399509e-01,-8.067928896787690540e-02,0.000000000000000000e+00,0.000000000000000000e+00,0.000000000000000000e+00,1.000000000000000000e+00
6.375968752248946103e-01,7.656623756575392514e-01,-8.503735182791034852e-02,1.535966071389845977e-01,-7.612479013618130841e-01,6.431335888606040108e-01,8.295070555164124615e-02,-3.111959746036794261e-01,1.182026115434244712e-01,1.184539495893614097e-02,9.929188432306949030e-01,-8.018588799832060410e-02,0.000000000000000000e+00,0.000000000000000000e+00,0.000000000000000000e+00,1.000000000000000000e+00
6.376686177456344362e-01,7.655549159215098154e-01,-8.546580983517307328e-02,1.536003443463330176e-01,-7.613758771233698486e-01,6.432305826772648505e-01,8.100118050550564330e-02,-3.110979946529214835e-01,1.169850745906980960e-01,1.341969511860361536e-02,9.930430021433777066e-01,-8.056209967734839772e-02,0.000000000000000000e+00,0.000000000000000000e+00,0.000000000000000000e+00,1.000000000000000000e+00
6.375035474837722482e-01,7.656856492731696218e-01,-8.552609802119130744e-02,1.536010267996880119e-01,-7.613251574732706750e-01,6.430937337388209496e-01,8.254970759586209572e-02,-3.111504296698438532e-01,1.182084241664082686e-01,1.248743860794766791e-02,9.929102841310021299e-01,-8.039405400247789935e-02,0.000000000000000000e+00,0.000000000000000000e+00,0.000000000000000000e+00,1.000000000000000000e+00
6.374427129632849187e-01,7.656754244702880241e-01,-8.606934443953642710e-02,1.536637419847234898e-01,-7.614597468587306350e-01,6.430821428913885418e-01,8.139048720862604447e-02,-3.110572832352166417e-01,1.176683543007424060e-01,1.365656825355618387e-02,9.929590407160262533e-01,-8.063880225921593592e-02,0.000000000000000000e+00,0.000000000000000000e+00,0.000000000000000000e+00,1.000000000000000000e+00
6.373609042019254822e-01,7.656525080303140385e-01,-8.687528268612446092e-02,1.536506636355893796e-01,-7.613336412788316299e-01,6.431094558389657267e-01,8.234873689149625753e-02,-3.111305405782720523e-01,1.189208327082323657e-01,1.365520989950447239e-02,9.928098361673203254e-01,-8.033660707656697930e-02,0.000000000000000000e+00,0.000000000000000000e+00,0.000000000000000000e+00,1.000000000000000000e+00
6.375692253124306541e-01,7.656040057612005789e-01,-8.576706417332102816e-02,1.535969366816783421e-01,-7.613229488553634461e-01,6.431791839607635675e-01,8.190180013735924580e-02,-3.111446527005507501e-01,1.178679366099225634e-01,1.307836694583029702e-02,9.929431533765412654e-01,-8.038114550754471566e-02,0.000000000000000000e+00,0.000000000000000000e+00,0.000000000000000000e+00,1.000000000000000000e+00
6.375528313844136541e-01,7.656351856975508463e-01,-8.561045272392034389e-02,1.536066999510729558e-01,-7.614650379652062595e-01,6.431316620621425617e-01,8.094850962082930645e-02,-3.110813774894199968e-01,1.170358199457109671e-01,1.358041512853032373e-02,9.930348378453659475e-01,-8.060948597040007435e-02,0.000000000000000000e+00,0.000000000000000000e+00,0.000000000000000000e+00,1.000000000000000000e+00
6.376103922825719916e-01,7.655828982519636838e-01,-8.564936402209037680e-02,1.535957141670253878e-01,-7.614464595653482881e-01,6.431895334159241084e-01,8.066296126229498265e-02,-3.110432601362598248e-01,1.168429581475125961e-01,1.378586262551863284e-02,9.930547180911075689e-01,-8.080706266037873675e-02,0.000000000000000000e+00,0.000000000000000000e+00,0.000000000000000000e+00,1.000000000000000000e+00
6.375798154034225673e-01,7.655944787859765288e-01,-8.577338190002060936e-02,1.536119994916372855e-01,-7.614065542265477937e-01,6.431798964568982147e-01,8.111522652713895609e-02,-3.110900770763512790e-01,1.172690844638645952e-01,1.359098400127237150e-02,9.930071736814817251e-01,-8.058784311350564167e-02,0.000000000000000000e+00,0.000000000000000000e+00,0.000000000000000000e+00,1.000000000000000000e+00
6.374547796963065949e-01,7.656308387848802521e-01,-8.637605306966954222e-02,1.536270725324163644e-01,-7.614331462998062960e-01,6.431286547733763292e-01,8.127174862992359028e-02,-3.110726325033971174e-01,1.177750718883726483e-01,1.396252523537597906e-02,9.929421334250755349e-01,-8.060681550787096583e-02,0.000000000000000000e+00,0.000000000000000000e+00,0.000000000000000000e+00,1.000000000000000000e+00
6.375484551345145245e-01,7.656418964383315817e-01,-8.558302269673245810e-02,1.536025291093390255e-01,-7.614016863649342159e-01,6.431320473296640028e-01,8.153920344343326687e-02,-3.111289795084850596e-01,1.174710149621118194e-01,1.317786461724074903e-02,9.929888743223165282e-01,-8.044767405440134134e-02,0.000000000000000000e+00,0.000000000000000000e+00,0.000000000000000000e+00,1.000000000000000000e+00
6.376021181378889180e-01,7.655669890957398360e-01,-8.585292163322756631e-02,1.536159179376667128e-01,-7.613631490429174642e-01,6.432133649687641341e-01,8.125713756348998396e-02,-3.110857693843636085e-01,1.174295287631272749e-01,1.355552774490591250e-02,9.929886975399202509e-01,-8.059294112823955913e-02,0.000000000000000000e+00,0.000000000000000000e+00,0.000000000000000000e+00,1.000000000000000000e+00
6.375863145501907692e-01,7.656098033712788187e-01,-8.558808608735958556e-02,1.536129001409698436e-01,-7.614135563502415494e-01,6.431652863462656855e-01,8.116532908332210750e-02,-3.110829518149221262e-01,1.171882575362528239e-01,1.341802596949832893e-02,9.930190677296679702e-01,-8.061517989829436459e-02,0.000000000000000000e+00,0.000000000000000000e+00,0.000000000000000000e+00,1.000000000000000000e+00
6.375750754123278297e-01,7.656078584974629342e-01,-8.568914878730844731e-02,1.536012350132838766e-01,-7.613176610209096973e-01,6.431767039589613155e-01,8.197040015845954986e-02,-3.111656922112248091e-01,1.178704468075683770e-01,1.297437826701785396e-02,9.929442196206031968e-01,-8.034327633609228414e-02,0.000000000000000000e+00,0.000000000000000000e+00,0.000000000000000000e+00,1.000000000000000000e+00
6.376249640996373147e-01,7.656060424288940736e-01,-8.533342225237959544e-02,1.536002716625902709e-01,-7.613662342923027682e-01,6.431783420059156153e-01,8.150507747422747196e-02,-3.110766970329369441e-01,1.172853888448798926e-01,1.300031426112680660e-02,9.930131567067062015e-01,-8.068251157827477371e-02,0.000000000000000000e+00,0.000000000000000000e+00,0.000000000000000000e+00,1.000000000000000000e+00
6.375181928631090678e-01,7.655534186917011263e-01,-8.659397726172880783e-02,1.536341359764941128e-01,-7.613199780569034347e-01,6.432219736694453349e-01,8.159279134960126245e-02,-3.110932308177409844e-01,1.181627893204621610e-01,1.390883597690486390e-02,9.928968221833402996e-01,-8.056372790982346821e-02,0.000000000000000000e+00,0.000000000000000000e+00,0.000000000000000000e+00,1.000000000000000000e+00
6.377282529644732190e-01,7.654759068907026620e-01,-8.572812456094941469e-02,1.535529465812308647e-01,-7.613871493194861451e-01,6.433102953725066131e-01,8.025878592954832635e-02,-3.110462759783715336e-01,1.165859520784031378e-01,1.408899704006660175e-02,9.930806694022281667e-01,-8.079667872267370932e-02,0.000000000000000000e+00,0.000000000000000000e+00,0.000000000000000000e+00,1.000000000000000000e+00
6.376104491411846986e-01,7.656001600906915394e-01,-8.549450283547324614e-02,1.536240940635764662e-01,-7.613798918022259832e-01,6.431808765267960082e-01,8.135736247847194513e-02,-3.110285792982919739e-01,1.172756390100168356e-01,1.321949088771705999e-02,9.930114146148886212e-01,-8.080743905875076294e-02,0.000000000000000000e+00,0.000000000000000000e+00,0.000000000000000000e+00,1.000000000000000000e+00
6.375508803103939748e-01,7.655488008842730174e-01,-8.639391460105104448e-02,1.536254375468109057e-01,-7.612811049516181594e-01,6.432344490813390880e-01,8.185672091325049693e-02,-3.110955972524600543e-01,1.182368566018448114e-01,1.358223029101878615e-02,9.928925262893445458e-01,-8.058656793901763926e-02,0.000000000000000000e+00,0.000000000000000000e+00,0.000000000000000000e+00,1.000000000000000000e+00
6.376232530921944752e-01,7.654867108588686575e-01,-8.640996825944607940e-02,1.535842746644878742e-01,-7.611927024783270435e-01,6.433112862815011379e-01,8.207471374657401841e-02,-3.111864976391707227e-01,1.184156104990760350e-01,1.344189128477303596e-02,9.928731332596425485e-01,-8.028620446480028150e-02,0.000000000000000000e+00,0.000000000000000000e+00,0.000000000000000000e+00,1.000000000000000000e+00
6.376983193298905173e-01,7.655213557679561021e-01,-8.554476832059043634e-02,1.536169343968862844e-01,-7.614371617393895786e-01,6.432583086224841207e-01,8.020097948531373921e-02,-3.110100102737580752e-01,1.164229455309206684e-01,1.399293576528842092e-02,9.931011506903880681e-01,-8.090435177476718032e-02,0.000000000000000000e+00,0.000000000000000000e+00,0.000000000000000000e+00,1.000000000000000000e+00
6.375878435105490905e-01,7.655737173510404059e-01,-8.589892379347394136e-02,1.535965820960567552e-01,-7.613699142253984586e-01,6.432046556718800101e-01,8.126268906717142027e-02,-3.111005537418715106e-01,1.174631666522626405e-01,1.358875356048519500e-02,9.929842648585602838e-01,-8.058144708174252990e-02,0.000000000000000000e+00,0.000000000000000000e+00,0.000000000000000000e+00,1.000000000000000000e+00
6.375464255636411615e-01,7.654725412160099385e-01,-8.709962052344819017e-02,1.536120994208697299e-01,-7.613772655796180455e-01,6.432936489389313728e-01,8.048565520227049519e-02,-3.110366813905701133e-01,1.176401917268427855e-01,1.500232912381013750e-02,9.929429567761345332e-01,-8.079358396018343491e-02,0.000000000000000000e+00,0.000000000000000000e+00,0.000000000000000000e+00,1.000000000000000000e+00
6.376604773024929784e-01,7.654968403689892398e-01,-8.604477364402417228e-02,1.535766141304144572e-01,-7.613405432435962350e-01,6.432886246340114855e-01,8.087226119027429716e-02,-3.110112780188130643e-01,1.172590845090597383e-01,1.394033003829146106e-02,9.930035117251705401e-01,-8.090542570441705550e-02,0.000000000000000000e+00,0.000000000000000000e+00,0.000000000000000000e+00,1.000000000000000000e+00
6.376851245592708439e-01,7.655366383144622811e-01,-8.550635832509560774e-02,1.536153304850370604e-01,-7.614507920063277036e-01,6.432408546439838393e-01,8.021155945257343878e-02,-3.110181727539019780e-01,1.164060705838129012e-01,1.395916598761325761e-02,9.931036040696694656e-01,-8.083521100483848087e-02,0.000000000000000000e+00,0.000000000000000000e+00,0.000000000000000000e+00,1.000000000000000000e+00
6.375309660400603207e-01,7.655370826389088501e-01,-8.664434456290905084e-02,1.536065384765843422e-01,-7.613378656038974901e-01,6.432366373742314236e-01,8.130979484166395155e-02,-3.111454390819802240e-01,1.179784799771955023e-01,1.412810830224869169e-02,9.929156433544950033e-01,-8.038297627625445863e-02,0.000000000000000000e+00,0.000000000000000000e+00,0.000000000000000000e+00,1.000000000000000000e+00
6.374471447913629962e-01,7.656137612333679954e-01,-8.658352156983953329e-02,1.536595932727855551e-01,-7.613802240559386370e-01,6.431501385888949152e-01,8.159689730384483974e-02,-3.110814492306696599e-01,1.181579113469263531e-01,1.390927184222665730e-02,9.928973965838319149e-01,-8.057947689380928757e-02,0.000000000000000000e+00,0.000000000000000000e+00,0.000000000000000000e+00,1.000000000000000000e+00
6.376355054260909316e-01,7.655809640365949242e-01,-8.547952810358402931e-02,1.535882052736333159e-01,-7.612732908019563816e-01,6.432136365787419763e-01,8.209259668636403884e-02,-3.111264985214013956e-01,1.178301274359550288e-01,1.272812727576375091e-02,9.929521921243129601e-01,-8.048196554327491370e-02,0.000000000000000000e+00,0.000000000000000000e+00,0.000000000000000000e+00,1.000000000000000000e+00
6.375378112396351549e-01,7.656098385832925679e-01,-8.594832345217678915e-02,1.536214056869352751e-01,-7.614485920984506162e-01,6.431558426478680701e-01,8.091108489692847017e-02,-3.110667061404633338e-01,1.172244890415927721e-01,1.386135391567017844e-02,9.930087018936751830e-01,-8.069141107975696947e-02,0.000000000000000000e+00,0.000000000000000000e+00,0.000000000000000000e+00,1.000000000000000000e+00
6.376313522358068031e-01,7.656481058117680094e-01,-8.490722414958724873e-02,1.535635572779401326e-01,-7.614444705242752187e-01,6.431301670313218644e-01,8.115359857868398308e-02,-3.110793214597421530e-01,1.167414962810679052e-01,1.290605753574029790e-02,9.930784746055778545e-01,-8.074362538595281080e-02,0.000000000000000000e+00,0.000000000000000000e+00,0.000000000000000000e+00,1.000000000000000000e+00
6.375153812279468202e-01,7.654817413111953961e-01,-8.724587335207203975e-02,1.536236883274511023e-01,-7.612382299633750904e-01,6.432987431995771388e-01,8.175013296669389473e-02,-3.110909009869931574e-01,1.187033948125040261e-01,1.429792701844292968e-02,9.928268093393539662e-01,-8.053782756671723497e-02,0.000000000000000000e+00,0.000000000000000000e+00,0.000000000000000000e+00,1.000000000000000000e+00
6.375884961745184043e-01,7.655413799534978025e-01,-8.618181435088748121e-02,1.535762156498201025e-01,-7.612983570263429645e-01,6.432435921119313837e-01,8.162409445703112942e-02,-3.110693449511945374e-01,1.179225217458786945e-01,1.356749003441462542e-02,9.929301093628186692e-01,-8.072138567213715810e-02,0.000000000000000000e+00,0.000000000000000000e+00,0.000000000000000000e+00,1.000000000000000000e+00
6.376414417600434481e-01,7.655276314958220363e-01,-8.591179876227685031e-02,1.535939320694775789e-01,-7.614227381524062421e-01,6.432477432990334476e-01,8.042235115434583081e-02,-3.110519951340414146e-01,1.168281026751069457e-01,1.413457311338178757e-02,9.930515637509651494e-01,-8.079367482347277196e-02,0.000000000000000000e+00,0.000000000000000000e+00,0.000000000000000000e+00,1.000000000000000000e+00
6.375151460344903320e-01,7.656657130994861671e-01,-8.561807262767617832e-02,1.536266245333411939e-01,-7.613726006500352028e-01,6.431089949058016453e-01,8.199136326865150148e-02,-3.111089315332241090e-01,1.178397282584477956e-01,1.291651869139608805e-02,9.929486200145858366e-01,-8.056694559408250633e-02,0.000000000000000000e+00,0.000000000000000000e+00,0.000000000000000000e+00,1.000000000000000000e+00
6.375488812112954928e-01,7.655629315087337794e-01,-8.628338174862942855e-02,1.535928420619482315e-01,-7.614384823284159332e-01,6.432023005219228429e-01,8.063645721821607881e-02,-3.110389349779901780e-01,1.172299522119858162e-01,1.428980416452357155e-02,9.930019837851863374e-01,-8.076264500607988062e-02,0.000000000000000000e+00,0.000000000000000000e+00,0.000000000000000000e+00,1.000000000000000000e+00
6.375915940034920792e-01,7.655963776007989052e-01,-8.566881498317507893e-02,1.536220577695296963e-01,-7.612580817309767545e-01,6.431959175075856461e-01,8.237198978323263809e-02,-3.111669545037955009e-01,1.181655290487038101e-01,1.269638949112715520e-02,9.929127400927686420e-01,-8.030820390084802973e-02,0.000000000000000000e+00,0.000000000000000000e+00,0.000000000000000000e+00,1.000000000000000000e+00
6.374685544387549418e-01,7.655781985750026442e-01,-8.674020964015369262e-02,1.536395815506673146e-01,-7.614348289207605314e-01,6.431793092728880223e-01,8.085405017476052225e-02,-3.110643093143578564e-01,1.176896062028255918e-01,1.450510220247817200e-02,9.929444891845260468e-01,-8.073438488955675396e-02,0.000000000000000000e+00,0.000000000000000000e+00,0.000000000000000000e+00,1.000000000000000000e+00
6.375547614735682656e-01,7.656343592050386393e-01,-8.560347029806320007e-02,1.536128527957290046e-01,-7.613442806987739120e-01,6.431462814980775100e-01,8.196186212173355023e-02,-3.111196592159126140e-01,1.178083713903556595e-01,1.291853706444646976e-02,9.929523145803460515e-01,-8.052488146399094937e-02,0.000000000000000000e+00,0.000000000000000000e+00,0.000000000000000000e+00,1.000000000000000000e+00
6.374470979088702194e-01,7.656605639195493973e-01,-8.616900966099619308e-02,1.536289514413831103e-01,-7.613272934911768930e-01,6.431117430331221296e-01,8.238955126894981218e-02,-3.111334712274231862e-01,1.184987322841839497e-01,1.308383855361518883e-02,9.928679990893776175e-01,-8.035595260023531416e-02,0.000000000000000000e+00,0.000000000000000000e+00,0.000000000000000000e+00,1.000000000000000000e+00
6.375734910978692049e-01,7.656231957802924759e-01,-8.556380971209480435e-02,1.535968208159169679e-01,-7.613573069960543060e-01,6.431574973949673035e-01,8.175258178405661602e-02,-3.111406502199248747e-01,1.176226786508092342e-01,1.302135276439829459e-02,9.929729854528742683e-01,-8.040495668210301261e-02,0.000000000000000000e+00,0.000000000000000000e+00,0.000000000000000000e+00,1.000000000000000000e+00
6.374579626566364565e-01,7.657285696383508977e-01,-8.548159734852914249e-02,1.536507516275038010e-01,-7.613482944678859887e-01,6.430451976886570886e-01,8.271425657283940081e-02,-3.111002844541979062e-01,1.183052000399469617e-01,1.235440687211272759e-02,9.929004221342374592e-01,-8.056297510882881596e-02,0.000000000000000000e+00,0.000000000000000000e+00,0.000000000000000000e+00,1.000000000000000000e+00
6.375350564207283854e-01,7.656261462291885644e-01,-8.582340033382360178e-02,1.535996729647883252e-01,-7.613923213454844019e-01,6.431466478440200918e-01,8.151148608100898529e-02,-3.110888397747109679e-01,1.176043571928910569e-01,1.337884812833929626e-02,9.929704031802788489e-01,-8.063236995608025204e-02,0.000000000000000000e+00,0.000000000000000000e+00,0.000000000000000000e+00,1.000000000000000000e+00
6.374269975251101172e-01,7.655916389872716721e-01,-8.692678033210803068e-02,1.536119304700568344e-01,-7.614343012740474315e-01,6.431620707585458119e-01,8.099602200653208128e-02,-3.110796864887732105e-01,1.179178852822018314e-01,1.455998112507980724e-02,9.929166023791782258e-01,-8.063190611492077053e-02,0.000000000000000000e+00,0.000000000000000000e+00,0.000000000000000000e+00,1.000000000000000000e+00
6.375224030074682080e-01,7.655036129486312291e-01,-8.700232310792387069e-02,1.536072044682596505e-01,-7.612703036974721726e-01,6.432751733842834163e-01,8.163685451913632596e-02,-3.111662622840721815e-01,1.184597415662458214e-01,1.418696126774391525e-02,9.928575022419107166e-01,-8.030317065977321533e-02,0.000000000000000000e+00,0.000000000000000000e+00,0.000000000000000000e+00,1.000000000000000000e+00
6.375683482394138846e-01,7.655752062081975229e-01,-8.603025608785228040e-02,1.536041231900056037e-01,-7.613487668848950563e-01,6.432035575391298332e-01,8.146925022274975614e-02,-3.111023361097283724e-01,1.177058048106178478e-01,1.355681409045601110e-02,9.929559689661981992e-01,-8.056978219399524299e-02,0.000000000000000000e+00,0.000000000000000000e+00,0.000000000000000000e+00,1.000000000000000000e+00
6.374698662932445359e-01,7.657192931194730656e-01,-8.547592475479444396e-02,1.536400915340764284e-01,-7.614308562040034145e-01,6.430465397085260992e-01,8.194021594631809013e-02,-3.110805920526364954e-01,1.177082018744285835e-01,1.284958806753313393e-02,9.929650886602123805e-01,-8.058575678392276842e-02,0.000000000000000000e+00,0.000000000000000000e+00,0.000000000000000000e+00,1.000000000000000000e+00
6.375297296644757417e-01,7.656842425924264006e-01,-8.534333271909930185e-02,1.535996984612446603e-01,-7.613381280888495972e-01,6.430963903463702280e-01,8.240926793532232786e-02,-3.111123417798253854e-01,1.179834671134356305e-01,1.243677486856954034e-02,9.929376758481680554e-01,-8.061547267065338751e-02,0.000000000000000000e+00,0.000000000000000000e+00,0.000000000000000000e+00,1.000000000000000000e+00
6.375454129051439933e-01,7.655160082067271610e-01,-8.672420459622348643e-02,1.536174996391300729e-01,-7.613783033198902039e-01,6.432530693131157662e-01,8.079955478207252739e-02,-3.110718409252006267e-01,1.176389634319123245e-01,1.451654223615143902e-02,9.929503231703846744e-01,-8.069310697110587682e-02,0.000000000000000000e+00,0.000000000000000000e+00,0.000000000000000000e+00,1.000000000000000000e+00
6.374503122306853786e-01,7.656187911092088294e-01,-8.651569879204248914e-02,1.536105796981530602e-01,-7.614441129208869841e-01,6.431381568344594069e-01,8.109361332249120924e-02,-3.110536939905572118e-01,1.177283412570028220e-01,1.418372038810095798e-02,9.929445401133070170e-01,-8.070561647249174797e-02,0.000000000000000000e+00,0.000000000000000000e+00,0.000000000000000000e+00,1.000000000000000000e+00
6.375054150947746523e-01,7.655934148933265515e-01,-8.633405351779832593e-02,1.536010031170856882e-01,-7.615129395474735663e-01,6.431597172855003652e-01,8.027216804722224486e-02,-3.109748974088393236e-01,1.169824287087822545e-01,1.457055706588557265e-02,9.930270944139363287e-01,-8.100514266756331239e-02,0.000000000000000000e+00,0.000000000000000000e+00,0.000000000000000000e+00,1.000000000000000000e+00
6.377393126728817530e-01,7.655135353193072145e-01,-8.530882905336464872e-02,1.535717214771343264e-01,-7.613141459899677166e-01,6.432845298392597666e-01,8.115284828672894579e-02,-3.110375763296633345e-01,1.170014537819367151e-01,1.319245664834125392e-02,9.930441172981666620e-01,-8.080408963922525167e-02,0.000000000000000000e+00,0.000000000000000000e+00,0.000000000000000000e+00,1.000000000000000000e+00
6.375768904466770914e-01,7.656023513614097498e-01,-8.572484096355550975e-02,1.536133479205648578e-01,-7.613615600642543724e-01,6.431772577353209730e-01,8.155728041442769638e-02,-3.111129105017473861e-01,1.175767137866638168e-01,1.326856141235423225e-02,9.929751566142910324e-01,-8.049489953015154242e-02,0.000000000000000000e+00,0.000000000000000000e+00,0.000000000000000000e+00,1.000000000000000000e+00
6.375503291101011216e-01,7.656044473636508529e-01,-8.590348088756759315e-02,1.536417549644427671e-01,-7.614987504469640234e-01,6.431563103997240960e-01,8.043390740680483875e-02,-3.110230636283144445e-01,1.168299230476270573e-01,1.413472921610754718e-02,9.930513473686408688e-01,-8.075822580035807441e-02,0.000000000000000000e+00,0.000000000000000000e+00,0.000000000000000000e+00,1.000000000000000000e+00
6.374487478485314496e-01,7.655862103304380550e-01,-8.681502415030517561e-02,1.536251860738392927e-01,-7.613860234955138750e-01,6.431755160112243574e-01,8.134235569114342534e-02,-3.110492695771981952e-01,1.181118837883324557e-01,1.424816323509860844e-02,9.928980676546801387e-01,-8.059677973528112105e-02,0.000000000000000000e+00,0.000000000000000000e+00,0.000000000000000000e+00,1.000000000000000000e+00
6.375282814658214114e-01,7.655068187152881398e-01,-8.693101190964853953e-02,1.536417193281275906e-01,-7.612545508339202405e-01,6.432746949786528612e-01,8.178738065721019579e-02,-3.111448131782625914e-01,1.185293177483220800e-01,1.403486018883549208e-02,9.928513602416009221e-01,-8.038199928519240700e-02,0.000000000000000000e+00,0.000000000000000000e+00,0.000000000000000000e+00,1.000000000000000000e+00
6.373164627574928742e-01,7.655456277726184755e-01,-8.813409156793447496e-02,1.537206401236228537e-01,-7.613290006334858528e-01,6.432051428468782417e-01,8.164127026048167979e-02,-3.111100368694016960e-01,1.191884184503475552e-01,1.506771427771700506e-02,9.927573141980623461e-01,-8.037037790578005492e-02,0.000000000000000000e+00,0.000000000000000000e+00,0.000000000000000000e+00,1.000000000000000000e+00
6.375375931502919036e-01,7.655993230438803421e-01,-8.604355800921469066e-02,1.536152391698802910e-01,-7.614498735698679299e-01,6.431655543473180359e-01,8.082177764401893283e-02,-3.110104505717458112e-01,1.172173509364761029e-01,1.399093477432222787e-02,9.930077272527015886e-01,-8.084476243522131789e-02,0.000000000000000000e+00,0.000000000000000000e+00,0.000000000000000000e+00,1.000000000000000000e+00
6.374970829690720375e-01,7.657039911657003151e-01,-8.540999425618270302e-02,1.535937332066985572e-01,-7.613009111348433278e-01,6.430778561702823470e-01,8.289628223684630814e-02,-3.111487405164412579e-01,1.183992901633336703e-01,1.217656833228321356e-02,9.928914035645931557e-01,-8.049832564511882893e-02,0.000000000000000000e+00,0.000000000000000000e+00,0.000000000000000000e+00,1.000000000000000000e+00
6.375003936253531567e-01,7.656534393865260801e-01,-8.583739792831129867e-02,1.536452573953138723e-01,-7.616137202068881118e-01,6.430907679048616377e-01,7.986742407364581797e-02,-3.109954692125166953e-01,1.163520060856020333e-01,1.445942568426798747e-02,9.931027820365510017e-01,-8.082948559484393058e-02,0.000000000000000000e+00,0.000000000000000000e+00,0.000000000000000000e+00,1.000000000000000000e+00
6.374369913419934974e-01,7.656539411692708796e-01,-8.630251700170998852e-02,1.536908379079141573e-01,-7.614913208099967079e-01,6.430980144754503414e-01,8.096858717293069219e-02,-3.110486266502486830e-01,1.174948952078955222e-01,1.410624506013447022e-02,9.929732944296082442e-01,-8.071003218558336911e-02,0.000000000000000000e+00,0.000000000000000000e+00,0.000000000000000000e+00,1.000000000000000000e+00
6.374675467628252434e-01,7.655821524844523829e-01,-8.671271314782998119e-02,1.536521654547466920e-01,-7.614144677541074824e-01,6.431779981734693230e-01,8.105597424186457289e-02,-3.110950557396150451e-01,1.178267164904225756e-01,1.435376127853739414e-02,9.929304277834596348e-01,-8.049128535287430886e-02,0.000000000000000000e+00,0.000000000000000000e+00,0.000000000000000000e+00,1.000000000000000000e+00
6.374689552417399652e-01,7.655643383427722659e-01,-8.685951278241259288e-02,1.536418443739064332e-01,-7.614047729719525259e-01,6.431959784509182487e-01,8.100435173554332291e-02,-3.110635961123023874e-01,1.178817322511603177e-01,1.449748813965604649e-02,9.929218096300969076e-01,-8.070788776822346300e-02,0.000000000000000000e+00,0.000000000000000000e+00,0.000000000000000000e+00,1.000000000000000000e+00
6.376692670741670455e-01,7.655557682937776942e-01,-8.545332914063834273e-02,1.535983591506824841e-01,-7.614537513842989380e-01,6.432207581444459032e-01,8.034451315965759899e-02,-3.110509263416557646e-01,1.164735606559394870e-01,1.383553122246667516e-02,9.930974210740450836e-01,-8.081497791657121788e-02,0.000000000000000000e+00,0.000000000000000000e+00,0.000000000000000000e+00,1.000000000000000000e+00
6.376481518501146972e-01,7.655265830188703324e-01,-8.587132893804706735e-02,1.535994402194199582e-01,-7.614128510728715993e-01,6.432506765494989676e-01,8.049246759600156564e-02,-3.110181327651720951e-01,1.168559141131275542e-01,1.405766019168915720e-02,9.930493832265949727e-01,-8.088470519576373974e-02,0.000000000000000000e+00,0.000000000000000000e+00,0.000000000000000000e+00,1.000000000000000000e+00
6.374543730735564573e-01,7.656015315571192970e-01,-8.663842754108720678e-02,1.536632070794138327e-01,-7.612859348738049148e-01,6.431734106750504054e-01,8.229027381130631091e-02,-3.110954721750692764e-01,1.187250925993151157e-01,1.350032140417541104e-02,9.928353809717238576e-01,-8.049241024246289733e-02,0.000000000000000000e+00,0.000000000000000000e+00,0.000000000000000000e+00,1.000000000000000000e+00
6.374422338593606074e-01,7.655512705323301859e-01,-8.717023963901383843e-02,1.536492834656661977e-01,-7.614527044076775386e-01,6.431989878958804807e-01,8.052850998217250811e-02,-3.110089790350090144e-01,1.177165130413826560e-01,1.504374142459055652e-02,9.929332849700064356e-01,-8.084271178237223410e-02,0.000000000000000000e+00,0.000000000000000000e+00,0.000000000000000000e+00,1.000000000000000000e+00
6.375388356414686264e-01,7.655489151558269034e-01,-8.648174115185962296e-02,1.536459927245439339e-01,-7.613718822028922029e-01,6.432223429002783543e-01,8.110409721279290829e-02,-3.110782115761617783e-01,1.177161417977408836e-01,1.413775433417819444e-02,9.929466420017949435e-01,-8.060598201535351670e-02,0.000000000000000000e+00,0.000000000000000000e+00,0.000000000000000000e+00,1.000000000000000000e+00
6.377172816035768799e-01,7.655289250251576805e-01,-8.533541875429664914e-02,1.535744666153134874e-01,-7.613194437787679236e-01,6.432669276639521039e-01,8.124262611565333247e-02,-3.110956774246620982e-01,1.170870328795300674e-01,1.315768686383914782e-02,9.930344918520512820e-01,-8.066179605267320696e-02,0.000000000000000000e+00,0.000000000000000000e+00,0.000000000000000000e+00,1.000000000000000000e+00
6.376411567037334471e-01,7.654804602730279628e-01,-8.633319302399376782e-02,1.536279394303611268e-01,-7.612159442287925737e-01,6.433165029944482027e-01,8.181786618375072595e-02,-3.111373386452508383e-01,1.181695456934348659e-01,1.354776421360791988e-02,9.929010104514044421e-01,-8.040723845639985434e-02,0.000000000000000000e+00,0.000000000000000000e+00,0.000000000000000000e+00,1.000000000000000000e+00
6.375631540343977832e-01,7.655178816978741585e-01,-8.657711833105942445e-02,1.536284873072470969e-01,-7.613753015459224782e-01,6.432537243154402562e-01,8.082262276226434561e-02,-3.110218149162432000e-01,1.175622167771875476e-01,1.438815329064580678e-02,9.929612813354398160e-01,-8.080657480256325798e-02,0.000000000000000000e+00,0.000000000000000000e+00,0.000000000000000000e+00,1.000000000000000000e+00
6.375684987634349099e-01,7.655629593823759516e-01,-8.613805550532796507e-02,1.536283056420506554e-01,-7.613623955985399094e-01,6.432135669074918738e-01,8.126259849767472621e-02,-3.110384647775283895e-01,1.176168013210391883e-01,1.377180336195826110e-02,9.929635569743571200e-01,-8.075596157066566860e-02,0.000000000000000000e+00,0.000000000000000000e+00,0.000000000000000000e+00,1.000000000000000000e+00
6.374262248228020900e-01,7.656382379146415840e-01,-8.652107576257651866e-02,1.536355954828012016e-01,-7.613193619085616426e-01,6.431316980405119565e-01,8.230703590014931681e-02,-3.111242335017863070e-01,1.186618603060450722e-01,1.340550702102005082e-02,9.928442250878122266e-01,-8.046935548354827716e-02,0.000000000000000000e+00,0.000000000000000000e+00,0.000000000000000000e+00,1.000000000000000000e+00
6.374714906415955840e-01,7.656632540336451020e-01,-8.596441148401062771e-02,1.535987698954277558e-01,-7.612956867652417303e-01,6.431151576194527042e-01,8.265453014049307934e-02,-3.110882389656083324e-01,1.185705525491949075e-01,1.275442914114889581e-02,9.928637109923306170e-01,-8.067397775456974784e-02,0.000000000000000000e+00,0.000000000000000000e+00,0.000000000000000000e+00,1.000000000000000000e+00
6.375750291391868441e-01,7.656187268521396083e-01,-8.559233208339325771e-02,1.536166770483026744e-01,-7.612751281457307284e-01,6.431708805296310061e-01,8.240993693384633667e-02,-3.111173352900975519e-01,1.181450865879171697e-01,1.261679563312151364e-02,9.929161872902897423e-01,-8.054768597856498680e-02,0.000000000000000000e+00,0.000000000000000000e+00,0.000000000000000000e+00,1.000000000000000000e+00
6.374834613663601379e-01,7.656782752172721640e-01,-8.574156136126630245e-02,1.535945028176142202e-01,-7.612438591900321239e-01,6.431073220539407220e-01,8.319110028167379933e-02,-3.111454144813920464e-01,1.188386440928667215e-01,1.223728650119192130e-02,9.928381668173604790e-01,-8.049421426156344594e-02,0.000000000000000000e+00,0.000000000000000000e+00,0.000000000000000000e+00,1.000000000000000000e+00
6.375401722527328507e-01,7.656729995981018666e-01,-8.536619032380950156e-02,1.535886416281658784e-01,-7.612968970480736841e-01,6.431126355717320386e-01,8.266300570965981476e-02,-3.111146644069141542e-01,1.181929071853734664e-01,1.228802890726631708e-02,9.929146192078369682e-01,-8.061455145136209310e-02,0.000000000000000000e+00,0.000000000000000000e+00,0.000000000000000000e+00,1.000000000000000000e+00
6.375469264960698101e-01,7.656291819011651345e-01,-8.570806459585751658e-02,1.536238808256870092e-01,-7.614353874649912868e-01,6.431401261851861229e-01,8.115989654097466310e-02,-3.109962636859046059e-01,1.172606806711175148e-01,1.351791077998386326e-02,9.930091635310778209e-01,-8.097768799558702213e-02,0.000000000000000000e+00,0.000000000000000000e+00,0.000000000000000000e+00,1.000000000000000000e+00
6.374694826492610655e-01,7.656552329541789215e-01,-8.605069982728394407e-02,1.536479351283150940e-01,-7.614889550242179839e-01,6.431007252968058419e-01,8.096930590567445740e-02,-3.110257772630196094e-01,1.173338402465713970e-01,1.391119594442105645e-02,9.929950898974213569e-01,-8.082773196806369853e-02,0.000000000000000000e+00,0.000000000000000000e+00,0.000000000000000000e+00,1.000000000000000000e+00
6.376527813340285844e-01,7.656454904922009863e-01,-8.476976669741662085e-02,1.536038830308348868e-01,-7.614509268302791511e-01,6.431342166625155787e-01,8.106087457708188726e-02,-3.109989373643587962e-01,1.165822305769038947e-01,1.285932528748930104e-02,9.930977903846448518e-01,-8.096003987722055761e-02,0.000000000000000000e+00,0.000000000000000000e+00,0.000000000000000000e+00,1.000000000000000000e+00
6.376368369104256084e-01,7.656222646398375131e-01,-8.509883725782657615e-02,1.535743807230785518e-01,-7.613145041718577533e-01,6.431696189632611915e-01,8.205526783949934622e-02,-3.110539567745129186e-01,1.175563267222388131e-01,1.246551765552771779e-02,9.929879762198302595e-01,-8.078791703153131998e-02,0.000000000000000000e+00,0.000000000000000000e+00,0.000000000000000000e+00,1.000000000000000000e+00
6.375497675748751369e-01,7.656640108645816900e-01,-8.537515055321508173e-02,1.535807346144266172e-01,-7.612912530186090043e-01,6.431228918910054659e-01,8.263518622902940591e-02,-3.111211352907098382e-01,1.181775018460739651e-01,1.231131156748527938e-02,9.929161644695434497e-01,-8.052199682825933458e-02,0.000000000000000000e+00,0.000000000000000000e+00,0.000000000000000000e+00,1.000000000000000000e+00
6.376541988458555021e-01,7.656282001513969870e-01,-8.491514486346103674e-02,1.535623325392739824e-01,-7.611913042030953314e-01,6.431781656760893195e-01,8.312427806081429393e-02,-3.111875158219666315e-01,1.182578585119857667e-01,1.163212493370403139e-02,9.929147861572440448e-01,-8.033007394443059113e-02,0.000000000000000000e+00,0.000000000000000000e+00,0.000000000000000000e+00,1.000000000000000000e+00
6.376620630489526764e-01,7.656749057571925476e-01,-8.443359545742563921e-02,1.535599412642132400e-01,-7.613976799723682909e-01,6.431125825530570328e-01,8.172991554279640525e-02,-3.110743345164925788e-01,1.168788530096390027e-01,1.217147713517317126e-02,9.930715930201102770e-01,-8.079169948295095161e-02,0.000000000000000000e+00,0.000000000000000000e+00,0.000000000000000000e+00,1.000000000000000000e+00
6.376106817320386089e-01,7.655800949393999355e-01,-8.567226373678250850e-02,1.536431954897798935e-01,-7.614120120924964263e-01,6.431962467287928309e-01,8.093414628727699234e-02,-3.110361213210679487e-01,1.170656498827105513e-01,1.362741452271135773e-02,9.930306778700067616e-01,-8.077407993480312243e-02,0.000000000000000000e+00,0.000000000000000000e+00,0.000000000000000000e+00,1.000000000000000000e+00
6.375663012729465562e-01,7.656740877102086174e-01,-8.516104091821674604e-02,1.535883794268088631e-01,-7.614555371888764856e-01,6.430972320546959331e-01,8.131060821312430242e-02,-3.110324636121968855e-01,1.170242554581480132e-01,1.300544242724930438e-02,9.930438973689620363e-01,-8.082453193426641924e-02,0.000000000000000000e+00,0.000000000000000000e+00,0.000000000000000000e+00,1.000000000000000000e+00
6.375704312307083343e-01,7.656906307095955322e-01,-8.498119358911615517e-02,1.535900234814938092e-01,-7.613363031528542768e-01,6.430945039238156191e-01,8.244084257530950866e-02,-3.111366654896362549e-01,1.177751192817655945e-01,1.213742421289170509e-02,9.929661143320261951e-01,-8.043673398706530087e-02,0.000000000000000000e+00,0.000000000000000000e+00,0.000000000000000000e+00,1.000000000000000000e+00
6.376055730734307980e-01,7.656510272882227630e-01,-8.507430633388438079e-02,1.535784675823884116e-01,-7.612964402257828000e-01,6.431405405214349891e-01,8.244983467144216538e-02,-3.111669049855602665e-01,1.178425359759943114e-01,1.219629248116943510e-02,9.929573944356629989e-01,-8.033849929864289585e-02,0.000000000000000000e+00,0.000000000000000000e+00,0.000000000000000000e+00,1.000000000000000000e+00
6.374649724637529991e-01,7.655857264438495902e-01,-8.670008274061888343e-02,1.536531018867627330e-01,-7.614379549116930823e-01,6.431714936239970593e-01,8.088677648030903611e-02,-3.110668488039882718e-01,1.176887832449866333e-01,1.445424695098947165e-02,9.929453283254796592e-01,-8.059647073145348450e-02,0.000000000000000000e+00,0.000000000000000000e+00,0.000000000000000000e+00,1.000000000000000000e+00
6.374758198476593307e-01,7.657026758053578908e-01,-8.558032118466313287e-02,1.535828648944889685e-01,-7.613253987957778746e-01,6.430744434936210840e-01,8.269762556337341419e-02,-3.111374865557136049e-01,1.183563105964571538e-01,1.243673549951819501e-02,9.928933031056814684e-01,-8.040224890613645314e-02,0.000000000000000000e+00,0.000000000000000000e+00,0.000000000000000000e+00,1.000000000000000000e+00
6.376008703789955989e-01,7.656207958027037019e-01,-8.538107007048946484e-02,1.536118960460525762e-01,-7.614336335460882843e-01,6.431541402329341572e-01,8.106524289753574974e-02,-3.110246423855248521e-01,1.169784244925043820e-01,1.332474899087247172e-02,9.930450640668738727e-01,-8.087750567250973077e-02,0.000000000000000000e+00,0.000000000000000000e+00,0.000000000000000000e+00,1.000000000000000000e+00
6.375030363191224181e-01,7.655690968613204639e-01,-8.656694874397403983e-02,1.536491158046386918e-01,-7.613466020901336062e-01,6.432023837218622253e-01,8.149874269166493268e-02,-3.111322282609829681e-01,1.180729866214434293e-01,1.395175635740811965e-02,9.929069031509631937e-01,-8.042345685276175438e-02,0.000000000000000000e+00,0.000000000000000000e+00,0.000000000000000000e+00,1.000000000000000000e+00
6.374543476242804374e-01,7.656480120269540945e-01,-8.622688892727413401e-02,1.536358374729052123e-01,-7.614585497528815194e-01,6.431094351959626421e-01,8.118578305447832211e-02,-3.110781744472789212e-01,1.176130592372371525e-01,1.390597141890611427e-02,9.929621303230828921e-01,-8.066471079385140186e-02,0.000000000000000000e+00,0.000000000000000000e+00,0.000000000000000000e+00,1.000000000000000000e+00
6.375467320026038109e-01,7.656670356113535192e-01,-8.537069222469025054e-02,1.536020336646042872e-01,-7.613564568521244968e-01,6.431127663348832346e-01,8.211160324018396128e-02,-3.111019253381495098e-01,1.177731298827516954e-01,1.264754344592967233e-02,9.929599838474882922e-01,-8.058140137780944734e-02,0.000000000000000000e+00,0.000000000000000000e+00,0.000000000000000000e+00,1.000000000000000000e+00
6.377829779311822156e-01,7.656520083086710837e-01,-8.372499766576560476e-02,1.535866492034093644e-01,-7.615083076932722683e-01,6.431353123464835786e-01,8.051128695481235553e-02,-3.109925896649324839e-01,1.154901310734485209e-01,1.240855293296816431e-02,9.932311198501323490e-01,-8.114258271763086228e-02,0.000000000000000000e+00,0.000000000000000000e+00,0.000000000000000000e+00,1.000000000000000000e+00
6.375462023304505621e-01,7.655405734639144644e-01,-8.650127325398905553e-02,1.536454069578108150e-01,-7.613751070434708890e-01,6.432306035153476653e-01,8.100825313401664729e-02,-3.110370503065549852e-01,1.176553707595344306e-01,1.421341204013631954e-02,9.929527645611415654e-01,-8.087292826323788653e-02,0.000000000000000000e+00,0.000000000000000000e+00,0.000000000000000000e+00,1.000000000000000000e+00
6.375428205264455084e-01,7.655328618040169175e-01,-8.659439643150641797e-02,1.536272364926666301e-01,-7.614561700661013344e-01,6.432273959210996761e-01,8.026841349388814939e-02,-3.110483648161770365e-01,1.171479964124415712e-01,1.476328671784409019e-02,9.930047292444471596e-01,-8.079243074432795879e-02,0.000000000000000000e+00,0.000000000000000000e+00,0.000000000000000000e+00,1.000000000000000000e+00
6.374917495333880524e-01,7.656147766382624953e-01,-8.624548144687604889e-02,1.536640534889122112e-01,-7.613778133642016277e-01,6.431543783913423740e-01,8.158597227951078223e-02,-3.110492394171853192e-01,1.179325849526207393e-01,1.365501187071749972e-02,9.929277144169174063e-01,-8.074409983899855092e-02,0.000000000000000000e+00,0.000000000000000000e+00,0.000000000000000000e+00,1.000000000000000000e+00
6.374207819718817891e-01,7.655987594638261617e-01,-8.690964398618408748e-02,1.536607496466603218e-01,-7.613873987874636429e-01,6.431604307145890598e-01,8.144869139945719316e-02,-3.110800740689078081e-01,1.182538611547821750e-01,1.425481920175675210e-02,9.928810726625373340e-01,-8.053665358877459823e-02,0.000000000000000000e+00,0.000000000000000000e+00,0.000000000000000000e+00,1.000000000000000000e+00
6.375041243435073390e-01,7.656115977175831366e-01,-8.618220747548438476e-02,1.536273657099700429e-01,-7.613516392085349915e-01,6.431617489864855930e-01,8.177191519783313933e-02,-3.110886255753193552e-01,1.180346259344884630e-01,1.348503173798393934e-02,9.929179125182155952e-01,-8.058818686684965371e-02,0.000000000000000000e+00,0.000000000000000000e+00,0.000000000000000000e+00,1.000000000000000000e+00
6.375260289335415997e-01,7.656950290900707001e-01,-8.527417463092218375e-02,1.535927604604193641e-01,-7.613428161508198899e-01,6.430850992956169687e-01,8.245405605235836544e-02,-3.111704690692156383e-01,1.179732119074832219e-01,1.235627333391940003e-02,9.929398993803852935e-01,-8.034147611989794768e-02,0.000000000000000000e+00,0.000000000000000000e+00,0.000000000000000000e+00,1.000000000000000000e+00
6.374420588283279399e-01,7.655704823250651936e-01,-8.700263346169215262e-02,1.536140526474638612e-01,-7.613466283230118092e-01,6.431942477121562751e-01,8.156268295719029671e-02,-3.110193012167207227e-01,1.184015759096321008e-01,1.424767709348860600e-02,9.928635709499846751e-01,-8.095265557117592436e-02,0.000000000000000000e+00,0.000000000000000000e+00,0.000000000000000000e+00,1.000000000000000000e+00
6.374134465252627724e-01,7.656631245627699700e-01,-8.639489495081550952e-02,1.536162884127867390e-01,-7.613430340692065590e-01,6.431039703964477328e-01,8.230472486206466542e-02,-3.111380315856255296e-01,1.185785927690209962e-01,1.331401311030212115e-02,9.928554045740082268e-01,-8.042657488451254721e-02,0.000000000000000000e+00,0.000000000000000000e+00,0.000000000000000000e+00,1.000000000000000000e+00
6.375701491988854386e-01,7.656224421654923562e-01,-8.559544907913263501e-02,1.536340818360970584e-01,-7.613527306516850723e-01,6.431583705677811347e-01,8.178832372545388751e-02,-3.111092485505551064e-01,1.176704057090563194e-01,1.302253512739051655e-02,9.929673152723216267e-01,-8.051271346132282680e-02,0.000000000000000000e+00,0.000000000000000000e+00,0.000000000000000000e+00,1.000000000000000000e+00
6.374839010002476547e-01,7.656869123676297573e-01,-8.566112417212494445e-02,1.536053461523186336e-01,-7.613297400748750832e-01,6.430900196196782659e-01,8.253637708965148867e-02,-3.111081007583165192e-01,1.182848377562811387e-01,1.260074975894698301e-02,9.928997523730594965e-01,-8.053380630905904169e-02,0.000000000000000000e+00,0.000000000000000000e+00,0.000000000000000000e+00,1.000000000000000000e+00
6.376186163090654668e-01,7.656213406955341139e-01,-8.524354994769706151e-02,1.535761303004353762e-01,-7.612778981507568599e-01,6.431725170879043496e-01,8.237156699963446571e-02,-3.111213644776348319e-01,1.178917381468209680e-01,1.237238596157546472e-02,9.929493754176691445e-01,-8.058217153853930448e-02,0.000000000000000000e+00,0.000000000000000000e+00,0.000000000000000000e+00,1.000000000000000000e+00
6.374997389412766502e-01,7.656553520812123814e-01,-8.582519839300478681e-02,1.536168799647920635e-01,-7.612741790850436896e-01,6.431279700792702503e-01,8.275287523772170695e-02,-3.111552389008253039e-01,1.185567674500142832e-01,1.258157109075810909e-02,9.928675626490630624e-01,-8.032707336915034801e-02,0.000000000000000000e+00,0.000000000000000000e+00,0.000000000000000000e+00,1.000000000000000000e+00
6.375652405301128756e-01,7.656020181266828262e-01,-8.581441550304945431e-02,1.535816822217246358e-01,-7.614545166188003700e-01,6.431655573687795613e-01,8.077799784184103160e-02,-3.110479676377636005e-01,1.170366745452411511e-01,1.384253065222508516e-02,9.930311179195412397e-01,-8.079284143041776112e-02,0.000000000000000000e+00,0.000000000000000000e+00,0.000000000000000000e+00,1.000000000000000000e+00
6.377099141682793793e-01,7.655926448965189035e-01,-8.481725916249982511e-02,1.535712082256308619e-01,-7.612580317066595104e-01,6.432115548262378191e-01,8.225025775106503678e-02,-3.111588011807431275e-01,1.175256335170697386e-01,1.211601495404770329e-02,9.929959353633049934e-01,-8.039624067200157320e-02,0.000000000000000000e+00,0.000000000000000000e+00,0.000000000000000000e+00,1.000000000000000000e+00
6.376730950618290095e-01,7.655043446178256827e-01,-8.588435367109037433e-02,1.535434100354843290e-01,-7.612600461186845857e-01,6.432922663425580945e-01,8.159780785801440395e-02,-3.111416512170256388e-01,1.177122169430420973e-01,1.334760034944720147e-02,9.929580431958168196e-01,-8.044998194979391393e-02,0.000000000000000000e+00,0.000000000000000000e+00,0.000000000000000000e+00,1.000000000000000000e+00
6.375730223314386436e-01,7.655757764029051948e-01,-8.599053308500734238e-02,1.535748284383310347e-01,-7.612776922607993324e-01,6.432115633107569064e-01,8.206802111299976721e-02,-3.111304195695354657e-01,1.181393941969677563e-01,1.313831832545472172e-02,9.929101007293421599e-01,-8.035088962961745018e-02,0.000000000000000000e+00,0.000000000000000000e+00,0.000000000000000000e+00,1.000000000000000000e+00
6.376262841552524652e-01,7.656080925223360811e-01,-8.530516056297791916e-02,1.536220068036586728e-01,-7.613009441585010251e-01,6.431836309991063594e-01,8.207124489235169407e-02,-3.111376135177053581e-01,1.177012921668248030e-01,1.261211636148167059e-02,9.929689523560866204e-01,-8.044800934160045713e-02,0.000000000000000000e+00,0.000000000000000000e+00,0.000000000000000000e+00,1.000000000000000000e+00
6.374882309668293834e-01,7.656195988484708614e-01,-8.622867990343438538e-02,1.536222259226583398e-01,-7.614020864632784491e-01,6.431466123512100674e-01,8.142049957184276099e-02,-3.110348369125569556e-01,1.177948135876470404e-01,1.375008655495957299e-02,9.929427561604859953e-01,-8.079831055404240736e-02,0.000000000000000000e+00,0.000000000000000000e+00,0.000000000000000000e+00,1.000000000000000000e+00
6.376574184914889365e-01,7.654831163499385971e-01,-8.618941481386543924e-02,1.536264561504896431e-01,-7.613093974178798407e-01,6.433048840457749051e-01,8.103596464580931080e-02,-3.110914000415551106e-01,1.174777342563044502e-01,1.394362743472923882e-02,9.929776217055279464e-01,-8.065035159629885264e-02,0.000000000000000000e+00,0.000000000000000000e+00,0.000000000000000000e+00,1.000000000000000000e+00
6.375961786544769305e-01,7.655431360655945427e-01,-8.610934785528955027e-02,1.535996249875474229e-01,-7.613689713607975085e-01,6.432345409456047269e-01,8.103465174540128158e-02,-3.111371504580231484e-01,1.174240282659803486e-01,1.389360130966670742e-02,9.929846753240648694e-01,-8.039254217518720935e-02,0.000000000000000000e+00,0.000000000000000000e+00,0.000000000000000000e+00,1.000000000000000000e+00
6.375266647302282319e-01,7.656963273676316017e-01,-8.525776219015081259e-02,1.536480502724635322e-01,-7.614383861854108204e-01,6.430736745713194757e-01,8.165680079881978970e-02,-3.110705694130582732e-01,1.173513348935945749e-01,1.286014498603576389e-02,9.930071907441707646e-01,-8.065576508335547956e-02,0.000000000000000000e+00,0.000000000000000000e+00,0.000000000000000000e+00,1.000000000000000000e+00
6.374908559444149025e-01,7.655551384285861349e-01,-8.677982837529600590e-02,1.536260760170252704e-01,-7.612428688677455035e-01,6.432263024495424864e-01,8.227526016424555055e-02,-3.111360569630442496e-01,1.188053163173344723e-01,1.361079948710661180e-02,9.928242759683407748e-01,-8.041482596183069376e-02,0.000000000000000000e+00,0.000000000000000000e+00,0.000000000000000000e+00,1.000000000000000000e+00
6.374729592080063956e-01,7.656977088046672542e-01,-8.564604491668373343e-02,1.536649681389467004e-01,-7.613833673931393875e-01,6.430727361330892400e-01,8.217556753309465667e-02,-3.111119502776240608e-01,1.179982802233630335e-01,1.282477187264949997e-02,9.929309800236587602e-01,-8.039123600430553296e-02,0.000000000000000000e+00,0.000000000000000000e+00,0.000000000000000000e+00,1.000000000000000000e+00
6.374393652604845029e-01,7.656315523916449317e-01,-8.648341805612791422e-02,1.536249569123304681e-01,-7.613378331925407805e-01,6.431373716221542303e-01,8.209156456442162630e-02,-3.111107982862578170e-01,1.184726101932351006e-01,1.351470330075207199e-02,9.928653450638182942e-01,-8.046641507767771095e-02,0.000000000000000000e+00,0.000000000000000000e+00,0.000000000000000000e+00,1.000000000000000000e+00
6.374465700201488172e-01,7.654884937454796701e-01,-8.768829062551307396e-02,1.536451350754211020e-01,-7.614677684380714018e-01,6.432551430115044377e-01,7.993534023942641675e-02,-3.109996868881272358e-01,1.175955271236597127e-01,1.581729852174254547e-02,9.929355996578946852e-01,-8.078033697987985207e-02,0.000000000000000000e+00,0.000000000000000000e+00,0.000000000000000000e+00,1.000000000000000000e+00
6.375895564123669201e-01,7.656267100343524534e-01,-8.541251919862272168e-02,1.536488185241995374e-01,-7.614734644277433295e-01,6.431427273863972172e-01,8.078115610955832748e-02,-3.110092096914566784e-01,1.167806513352777908e-01,1.353414540930492765e-02,9.930655096124063608e-01,-8.085480229015851172e-02,0.000000000000000000e+00,0.000000000000000000e+00,0.000000000000000000e+00,1.000000000000000000e+00
6.376678620337459247e-01,7.655733532932409435e-01,-8.530614547999637587e-02,1.536100372103896827e-01,-7.614751233631849026e-01,6.432015256800340808e-01,8.029591435371460917e-02,-3.110312596629660198e-01,1.163414553301367893e-01,1.375638361704006191e-02,9.931140053797684608e-01,-8.087975648754852642e-02,0.000000000000000000e+00,0.000000000000000000e+00,0.000000000000000000e+00,1.000000000000000000e+00
6.375612006672330967e-01,7.656085206472029725e-01,-8.578641218839397342e-02,1.536323688689053002e-01,-7.614977099439683705e-01,6.431538467403757897e-01,8.046345240634827922e-02,-3.110904341233888815e-01,1.167773657600119919e-01,1.402578109974917525e-02,9.930590739279783197e-01,-8.068816586501936783e-02,0.000000000000000000e+00,0.000000000000000000e+00,0.000000000000000000e+00,1.000000000000000000e+00
6.375302532150866064e-01,7.655109754655959886e-01,-8.687993253461505361e-02,1.536666572417510479e-01,-7.614724458646833227e-01,6.432440508704491133e-01,7.998003006146020555e-02,-3.110492047034402185e-01,1.171105905730332047e-01,1.516698590645903372e-02,9.930030574545825051e-01,-8.071531123326125545e-02,0.000000000000000000e+00,0.000000000000000000e+00,0.000000000000000000e+00,1.000000000000000000e+00
6.374939647871293857e-01,7.656649911069793868e-01,-8.578208585209060044e-02,1.536407050027545629e-01,-7.613989139323099620e-01,6.431045291055620394e-01,8.178177368223403521e-02,-3.110492374143060124e-01,1.177842889467223264e-01,1.317899985061886381e-02,9.929517486969104967e-01,-8.085085044748652194e-02,0.000000000000000000e+00,0.000000000000000000e+00,0.000000000000000000e+00,1.000000000000000000e+00
6.374711172093954215e-01,7.655503567639675433e-01,-8.696680965958877851e-02,1.536573488700170298e-01,-7.613942090480995128e-01,6.432105596232736699e-01,8.098786586355931350e-02,-3.110673336201447148e-01,1.179382599151950206e-01,1.458859992175141895e-02,9.929137624187203137e-01,-8.067375951883581919e-02,0.000000000000000000e+00,0.000000000000000000e+00,0.000000000000000000e+00,1.000000000000000000e+00
6.376394429840397393e-01,7.655919785127610622e-01,-8.535140999374074555e-02,1.536272120540464470e-01,-7.615261276682664393e-01,6.431747625639931965e-01,8.002613122803334256e-02,-3.110327849534399447e-01,1.161632369968181311e-01,1.396951100314911681e-02,9.931318921134060229e-01,-8.087184951825143742e-02,0.000000000000000000e+00,0.000000000000000000e+00,0.000000000000000000e+00,1.000000000000000000e+00
6.375237930501291839e-01,7.655834811792506800e-01,-8.628642210936798840e-02,1.536140547688151781e-01,-7.613163076698260534e-01,6.431945939053897998e-01,8.184249536068485820e-02,-3.110998368879958065e-01,1.181562227348137706e-01,1.351472220731265300e-02,9.929030462803004609e-01,-8.060877407604505329e-02,0.000000000000000000e+00,0.000000000000000000e+00,0.000000000000000000e+00,1.000000000000000000e+00
6.374377897598243470e-01,7.656019563425017216e-01,-8.675660568881263246e-02,1.536326559479289644e-01,-7.613367965898026890e-01,6.431653320656962602e-01,8.188185261216421318e-02,-3.111116640791051768e-01,1.184877476555591391e-01,1.385640910758759864e-02,9.928588286267870933e-01,-8.047669729337059152e-02,0.000000000000000000e+00,0.000000000000000000e+00,0.000000000000000000e+00,1.000000000000000000e+00
6.375558772215920156e-01,7.655013879350927031e-01,-8.677631295263364686e-02,1.535649965964634989e-01,-7.613725586898787423e-01,6.432685975119529775e-01,8.073003362462292942e-02,-3.110672418920579219e-01,1.176194299179944974e-01,1.459919602074524758e-02,9.929514253886311259e-01,-8.072265430123959362e-02,0.000000000000000000e+00,0.000000000000000000e+00,0.000000000000000000e+00,1.000000000000000000e+00
6.376433817685235317e-01,7.656155691194618251e-01,-8.511003471203421045e-02,1.535492876856991984e-01,-7.613722813996069982e-01,6.431705048703814098e-01,8.151043357225111474e-02,-3.110835456873477511e-01,1.171459209838678350e-01,1.282583278627243140e-02,9.930318883148616660e-01,-8.068462577608093156e-02,0.000000000000000000e+00,0.000000000000000000e+00,0.000000000000000000e+00,1.000000000000000000e+00
6.373388460743687478e-01,7.657065598157593023e-01,-8.656014983644275129e-02,1.536281658426976726e-01,-7.612801547181069495e-01,6.430614663483360527e-01,8.321343960144431118e-02,-3.111538005265528928e-01,1.193805734488129489e-01,1.286136668644596165e-02,9.927652612425506007e-01,-8.033016467223341728e-02,0.000000000000000000e+00,0.000000000000000000e+00,0.000000000000000000e+00,1.000000000000000000e+00
6.375253205310781324e-01,7.656321226341765707e-01,-8.584240486165035933e-02,1.536332257681582991e-01,-7.614595147527319918e-01,6.431321698920204888e-01,8.099641623254387468e-02,-3.110859897770187343e-01,1.172214701933063513e-01,1.372824973063868637e-02,9.930109073343822423e-01,-8.060693758739301273e-02,0.000000000000000000e+00,0.000000000000000000e+00,0.000000000000000000e+00,1.000000000000000000e+00
6.375486733476795065e-01,7.656398109837675436e-01,-8.560005227425113161e-02,1.536282208239697633e-01,-7.613175828429022962e-01,6.431433226025241590e-01,8.223262519235384482e-02,-3.111374025113213815e-01,1.180136736435844214e-01,1.274152379137677427e-02,9.929302223241164294e-01,-8.033147449194055767e-02,0.000000000000000000e+00,0.000000000000000000e+00,0.000000000000000000e+00,1.000000000000000000e+00
6.373810562322193007e-01,7.657390141107106585e-01,-8.596017348201186181e-02,1.536207799887323588e-01,-7.613042173563636661e-01,6.430319219867514091e-01,8.322160741922284000e-02,-3.111849277177505257e-01,1.190011671863569626e-01,1.239796655833293182e-02,9.928167064637376527e-01,-8.008807996889766301e-02,0.000000000000000000e+00,0.000000000000000000e+00,0.000000000000000000e+00,1.000000000000000000e+00
6.375170322402701206e-01,7.655551343378947937e-01,-8.658735411390422465e-02,1.535972420070175759e-01,-7.612414617648877169e-01,6.432292996568388377e-01,8.226484639887160499e-02,-3.110990868744387683e-01,1.186737986819997315e-01,1.346864328211212075e-02,9.928419436922091279e-01,-8.055645239417841275e-02,0.000000000000000000e+00,0.000000000000000000e+00,0.000000000000000000e+00,1.000000000000000000e+00
6.374469026250124681e-01,7.655581268330238220e-01,-8.707583346537529911e-02,1.535964173036645786e-01,-7.612905102095668397e-01,6.432130942689484598e-01,8.193701499214076089e-02,-3.111125895306073863e-01,1.187358639949843836e-01,1.405950926869948409e-02,9.928263316413843409e-01,-8.053518563176664813e-02,0.000000000000000000e+00,0.000000000000000000e+00,0.000000000000000000e+00,1.000000000000000000e+00
6.376088953115257585e-01,7.654806028664492557e-01,-8.656987498450752216e-02,1.536007797496077298e-01,-7.614356893385209046e-01,6.432861104729409307e-01,7.999169378233493555e-02,-3.109963972469372284e-01,1.169212881437227403e-01,1.491397692812564124e-02,9.930291967867812541e-01,-8.092097727046132505e-02,0.000000000000000000e+00,0.000000000000000000e+00,0.000000000000000000e+00,1.000000000000000000e+00
6.376283891215157595e-01,7.655442767655982195e-01,-8.586033832764829177e-02,1.535969183368079416e-01,-7.613478957383348344e-01,6.432394900881465150e-01,8.119322660142912207e-02,-3.110906297136066812e-01,1.173857701815286120e-01,1.359848162768907687e-02,9.929932840942636840e-01,-8.050608346007348537e-02,0.000000000000000000e+00,0.000000000000000000e+00,0.000000000000000000e+00,1.000000000000000000e+00
6.375930132537538375e-01,7.654749810689904788e-01,-8.673639840014002456e-02,1.536256984234855016e-01,-7.614201689460529110e-01,6.432914120093631283e-01,8.009672625747296659e-02,-3.110163273037772624e-01,1.171088202150599444e-01,1.497373007734352501e-02,9.930061991928389453e-01,-8.081110719516404473e-02,0.000000000000000000e+00,0.000000000000000000e+00,0.000000000000000000e+00,1.000000000000000000e+00
6.377386064719188230e-01,7.656248807799528322e-01,-8.430902529349131036e-02,1.535467060823119123e-01,-7.613928117411297158e-01,6.431691977198406018e-01,8.132877309632693952e-02,-3.110870216035192537e-01,1.164923003644116745e-01,1.232578740284293733e-02,9.931151085955283175e-01,-8.064381707391876652e-02,0.000000000000000000e+00,0.000000000000000000e+00,0.000000000000000000e+00,1.000000000000000000e+00
6.376495442806954239e-01,7.654738775025100583e-01,-8.632960986761098465e-02,1.535827470284749641e-01,-7.613334756311835871e-01,6.433097756086029184e-01,8.077048650188398127e-02,-3.110818130645630619e-01,1.173643794426723341e-01,1.422235802113602093e-02,9.929870729120068296e-01,-8.067493637108991145e-02,0.000000000000000000e+00,0.000000000000000000e+00,0.000000000000000000e+00,1.000000000000000000e+00
6.376147892524637317e-01,7.655196764343269455e-01,-8.618007611054820383e-02,1.535938902404308526e-01,-7.613349915653967459e-01,6.432627094515618316e-01,8.113024865703971633e-02,-3.111183490209359914e-01,1.175432309605865533e-01,1.388206111927110104e-02,9.929707333221997612e-01,-8.048440534723200201e-02,0.000000000000000000e+00,0.000000000000000000e+00,0.000000000000000000e+00,1.000000000000000000e+00
6.376136533202795276e-01,7.654822560164581402e-01,-8.652019893365871239e-02,1.535735723085809856e-01,-7.612412210360240961e-01,6.433088686223082941e-01,8.164253148615946420e-02,-3.111489298226645661e-01,1.181551204779091174e-01,1.380634911333197129e-02,9.928991651869848445e-01,-8.036704081186751836e-02,0.000000000000000000e+00,0.000000000000000000e+00,0.000000000000000000e+00,1.000000000000000000e+00
6.375410853474720030e-01,7.655351657656154218e-01,-8.658680309481063542e-02,1.536363978261010010e-01,-7.613863665638663791e-01,6.432337122783436945e-01,8.087763720148410940e-02,-3.110819011318085581e-01,1.176102261907584351e-01,1.436319479896554924e-02,9.929559573971677988e-01,-8.054802977918362750e-02,0.000000000000000000e+00,0.000000000000000000e+00,0.000000000000000000e+00,1.000000000000000000e+00
6.373773604617571920e-01,7.656252726237597894e-01,-8.699449574885134706e-02,1.536719072148364229e-01,-7.613897185368112552e-01,6.431303910931387424e-01,8.166392446375433933e-02,-3.111235600432054604e-01,1.184727685049971890e-01,1.418597801281367560e-02,9.928559619353560795e-01,-8.028544690988748123e-02,0.000000000000000000e+00,0.000000000000000000e+00,0.000000000000000000e+00,1.000000000000000000e+00
6.375042857216794978e-01,7.655764307925836398e-01,-8.649285693847774681e-02,1.536213714445570089e-01,-7.613059015637184679e-01,6.432003474771595952e-01,8.189406113702696333e-02,-3.111422520133982905e-01,1.183283986655158659e-01,1.363970748036159863e-02,9.928808329548441947e-01,-8.037883365614262310e-02,0.000000000000000000e+00,0.000000000000000000e+00,0.000000000000000000e+00,1.000000000000000000e+00
6.376560147647682975e-01,7.654771570769375311e-01,-8.625270330675838260e-02,1.535937150597389556e-01,-7.613999614777461344e-01,6.432993002873783617e-01,8.022536326783813454e-02,-3.110289360266026426e-01,1.168969866848617867e-01,1.451661955069181997e-02,9.930379460326882457e-01,-8.083050527133894825e-02,0.000000000000000000e+00,0.000000000000000000e+00,0.000000000000000000e+00,1.000000000000000000e+00
6.377127095212912211e-01,7.655280957909452733e-01,-8.537701487931356747e-02,1.535825060102911643e-01,-7.613888312032363048e-01,6.432592832251303738e-01,8.065074248673213819e-02,-3.110350305919314939e-01,1.166599667151624609e-01,1.357310205446399243e-02,9.930791625377284326e-01,-8.078954257675330375e-02,0.000000000000000000e+00,0.000000000000000000e+00,0.000000000000000000e+00,1.000000000000000000e+00
6.376403542564530458e-01,7.655982584665661506e-01,-8.528824805719953384e-02,1.535998736579864410e-01,-7.614382404045407782e-01,6.431792746202439348e-01,8.082219217896752239e-02,-3.110003549991004479e-01,1.167329630967286758e-01,1.340624227508002003e-02,9.930728513028235227e-01,-8.083007430502253676e-02,0.000000000000000000e+00,0.000000000000000000e+00,0.000000000000000000e+00,1.000000000000000000e+00
6.376060648497982042e-01,7.656279381419808239e-01,-8.527817073093497957e-02,1.535929130814635557e-01,-7.613531839215417207e-01,6.431568312467526027e-01,8.179620867233111658e-02,-3.111099022944044390e-01,1.174727006554557723e-01,1.277304807380419405e-02,9.929939646561898314e-01,-8.039631102772992755e-02,0.000000000000000000e+00,0.000000000000000000e+00,0.000000000000000000e+00,1.000000000000000000e+00
6.376170189792049747e-01,7.656420405225676795e-01,-8.506940044758277975e-02,1.535836423762936276e-01,-7.612661774817082172e-01,6.431535175281146710e-01,8.262783982170651687e-02,-3.111543577388734549e-01,1.179760320169338655e-01,1.207554038758430065e-02,9.929430181001764888e-01,-8.035249586137060973e-02,0.000000000000000000e+00,0.000000000000000000e+00,0.000000000000000000e+00,1.000000000000000000e+00
6.375365263257923854e-01,7.656872182528949855e-01,-8.526582788307404681e-02,1.536157872201088237e-01,-7.614161749372004850e-01,6.430858638182336273e-01,8.176784393121172556e-02,-3.111299144429777730e-01,1.174418415405898697e-01,1.279279333452968542e-02,9.929973606683227816e-01,-8.037331000694480920e-02,0.000000000000000000e+00,0.000000000000000000e+00,0.000000000000000000e+00,1.000000000000000000e+00
6.375442512247203597e-01,7.656273833916539262e-01,-8.574402329701984182e-02,1.536330829744807502e-01,-7.613804574946233528e-01,6.431478043587215421e-01,8.161311594243661482e-02,-3.110657915829612707e-01,1.176313167298087964e-01,1.325185079167756630e-02,9.929689127938530202e-01,-8.059784494471800009e-02,0.000000000000000000e+00,0.000000000000000000e+00,0.000000000000000000e+00,1.000000000000000000e+00
6.375748331215169706e-01,7.656017768687406466e-01,-8.574527057218252202e-02,1.535811114849369163e-01,-7.613386056986353179e-01,6.431801629105968754e-01,8.174842818767781571e-02,-3.111012984443387031e-01,1.177363989721423448e-01,1.316044428297266644e-02,9.929576743564385577e-01,-8.057321006523987528e-02,0.000000000000000000e+00,0.000000000000000000e+00,0.000000000000000000e+00,1.000000000000000000e+00
6.373547510150621154e-01,7.656310425360379757e-01,-8.710928804500756018e-02,1.536659465727069906e-01,-7.613565810582425541e-01,6.431263814244463362e-01,8.200374378771824180e-02,-3.111383586622389341e-01,1.188068930568943193e-01,1.405575402024048653e-02,9.928178876012915266e-01,-8.031243332325010975e-02,0.000000000000000000e+00,0.000000000000000000e+00,0.000000000000000000e+00,1.000000000000000000e+00
6.376250565966999906e-01,7.655014647554279072e-01,-8.626583713933110020e-02,1.536063108996184035e-01,-7.614607474660008979e-01,6.432655262875743851e-01,7.991866339278627662e-02,-3.110016288939092544e-01,1.166696930165438822e-01,1.472990655993739600e-02,9.930615351448072170e-01,-8.091344823657853347e-02,0.000000000000000000e+00,0.000000000000000000e+00,0.000000000000000000e+00,1.000000000000000000e+00
6.376112646737603917e-01,7.654163348595028893e-01,-8.711893876404354364e-02,1.536014457932042276e-01,-7.612866267308773249e-01,6.433647513623306224e-01,8.077418316026607759e-02,-3.110872409862527332e-01,1.178751336026800239e-01,1.481995393824537405e-02,9.929178323725577071e-01,-8.058613278257609203e-02,0.000000000000000000e+00,0.000000000000000000e+00,0.000000000000000000e+00,1.000000000000000000e+00
6.376887894057856609e-01,7.656255450454600986e-01,-8.467899763238631583e-02,1.535450378912270875e-01,-7.613575560188627911e-01,6.431672024487969930e-01,8.167387334498366069e-02,-3.110931177465033892e-01,1.169943578091172109e-01,1.238848126407660760e-02,9.930553085165004790e-01,-8.075511576728722218e-02,0.000000000000000000e+00,0.000000000000000000e+00,0.000000000000000000e+00,1.000000000000000000e+00
6.375302443517187889e-01,7.656121299021625415e-01,-8.598403388718314777e-02,1.536273803042991215e-01,-7.613449865321906262e-01,6.431648165030464659e-01,8.180972005147954529e-02,-3.111492165307983560e-01,1.179364193925547533e-01,1.330734230705540172e-02,9.929319793528591509e-01,-8.036034268789693513e-02,0.000000000000000000e+00,0.000000000000000000e+00,0.000000000000000000e+00,1.000000000000000000e+00
6.376371017063222624e-01,7.655481030576725132e-01,-8.576146239635329405e-02,1.536371337892850075e-01,-7.614278188358942767e-01,6.432274496540518749e-01,8.053648064298137010e-02,-3.110455971303008882e-01,1.168186767189835218e-01,1.394811515381388922e-02,9.930553090605186428e-01,-8.080770825279715019e-02,0.000000000000000000e+00,0.000000000000000000e+00,0.000000000000000000e+00,1.000000000000000000e+00
6.374374891385041764e-01,7.656952436240869186e-01,-8.593160845841146811e-02,1.536272680284737069e-01,-7.614615236486581562e-01,6.430625953280245666e-01,8.152819446455106256e-02,-3.110499177435309681e-01,1.176851538787440365e-01,1.346448593284278045e-02,9.929596729853136239e-01,-8.068426388293192808e-02,0.000000000000000000e+00,0.000000000000000000e+00,0.000000000000000000e+00,1.000000000000000000e+00
6.375515329359244809e-01,7.655733863586384746e-01,-8.617095189458977289e-02,1.535886788981187800e-01,-7.613198705647952202e-01,6.432067704496526872e-01,8.171355536831828581e-02,-3.111176624031314342e-01,1.179834629694189868e-01,1.350705545611842473e-02,9.929236939053520672e-01,-8.053457443578992958e-02,0.000000000000000000e+00,0.000000000000000000e+00,0.000000000000000000e+00,1.000000000000000000e+00
6.374581874139668702e-01,7.656546633168003213e-01,-8.613939772332372680e-02,1.535971609405884508e-01,-7.612783028512312145e-01,6.431239095016649809e-01,8.274649621127974641e-02,-3.112155453359106150e-01,1.187535469232350732e-01,1.282862301774004288e-02,9.928408842934600687e-01,-8.005729059701205408e-02,0.000000000000000000e+00,0.000000000000000000e+00,0.000000000000000000e+00,1.000000000000000000e+00
6.375418051828450894e-01,7.656421770728204512e-01,-8.563003755336676126e-02,1.536013003767939256e-01,-7.613548605812007208e-01,6.431362747976524519e-01,8.194210339489069184e-02,-3.111179273789442257e-01,1.178101138000456627e-01,1.295332878414857253e-02,9.929516545934299332e-01,-8.044529364451014075e-02,0.000000000000000000e+00,0.000000000000000000e+00,0.000000000000000000e+00,1.000000000000000000e+00
6.374645418016611220e-01,7.656386957418501726e-01,-8.623424800111062494e-02,1.535991777539698067e-01,-7.612615874847432629e-01,6.431417109935450016e-01,8.276191757387144077e-02,-3.112093686479932564e-01,1.188265684340293893e-01,1.288903266402370573e-02,9.928313650722255801e-01,-8.017425382730580807e-02,0.000000000000000000e+00,0.000000000000000000e+00,0.000000000000000000e+00,1.000000000000000000e+00
6.375939197762214850e-01,7.656037238702232406e-01,-8.558581342979820761e-02,1.536489461586789673e-01,-7.614113909060248320e-01,6.431721250304154314e-01,8.113144509012860939e-02,-3.110462269832560134e-01,1.171609459800749820e-01,1.343709715328179899e-02,9.930220325638033918e-01,-8.068249303847352394e-02,0.000000000000000000e+00,0.000000000000000000e+00,0.000000000000000000e+00,1.000000000000000000e+00
6.375456304134641261e-01,7.655943967961555963e-01,-8.602783697751337222e-02,1.536268464451270299e-01,-7.614981378020064806e-01,6.431652506747382869e-01,8.036819301550626737e-02,-3.110571375772923641e-01,1.168595535879514147e-01,1.427164737624912055e-02,9.930459026733824413e-01,-8.073391850849453988e-02,0.000000000000000000e+00,0.000000000000000000e+00,0.000000000000000000e+00,1.000000000000000000e+00
6.375849917976865733e-01,7.656168692376748020e-01,-8.553471677071015911e-02,1.536315053403904396e-01,-7.613808792914047441e-01,6.431621299850838192e-01,8.149620360788641105e-02,-3.111176359440550598e-01,1.174075588869468861e-01,1.316374155594769724e-02,9.929965664716352558e-01,-8.049013324524145752e-02,0.000000000000000000e+00,0.000000000000000000e+00,0.000000000000000000e+00,1.000000000000000000e+00
6.375364574557524922e-01,7.655952736802503766e-01,-8.608799180624314429e-02,1.536277085153689992e-01,-7.614161923652417174e-01,6.431732335735265149e-01,8.107757777950094780e-02,-3.110488299298391213e-01,1.174421024113014994e-01,1.385887921284350427e-02,9.929830230412689529e-01,-8.067654421232339779e-02,0.000000000000000000e+00,0.000000000000000000e+00,0.000000000000000000e+00,1.000000000000000000e+00
6.375843689654159263e-01,7.655767881570687550e-01,-8.589734504674292892e-02,1.536156437150220655e-01,-7.612842794795051660e-01,6.432110690717418588e-01,8.201077027414058196e-02,-3.111020024047745913e-01,1.180356652387035687e-01,1.310351321950650044e-02,9.929228971440648976e-01,-8.051412238481114869e-02,0.000000000000000000e+00,0.000000000000000000e+00,0.000000000000000000e+00,1.000000000000000000e+00
6.375401965758245026e-01,7.655548266547271830e-01,-8.641935625604825477e-02,1.536520698736364432e-01,-7.614128300433826713e-01,6.432120118734512282e-01,8.080105214063842967e-02,-3.110573132492751580e-01,1.174436034673073531e-01,1.428688795216893209e-02,9.929767796062787255e-01,-8.056359222418962851e-02,0.000000000000000000e+00,0.000000000000000000e+00,0.000000000000000000e+00,1.000000000000000000e+00
6.375006764797761516e-01,7.656763762076866930e-01,-8.563045255802989586e-02,1.536221567238072461e-01,-7.613572570741339307e-01,6.430989305529174471e-01,8.221248458868668507e-02,-3.111015945795697624e-01,1.180170097417272690e-01,1.278485194122747776e-02,9.929292688668523992e-01,-8.053357272043681903e-02,0.000000000000000000e+00,0.000000000000000000e+00,0.000000000000000000e+00,1.000000000000000000e+00
6.375030132810333150e-01,7.656601336648868328e-01,-8.575819362527706269e-02,1.536548570089555366e-01,-7.615121367976379618e-01,6.430971034718947488e-01,8.077983050214232463e-02,-3.109986913187905988e-01,1.170007417390947491e-01,1.380851991804345896e-02,9.930358257435504266e-01,-8.086175046026355950e-02,0.000000000000000000e+00,0.000000000000000000e+00,0.000000000000000000e+00,1.000000000000000000e+00
6.376012484827351390e-01,7.655241035555041540e-01,-8.624091145621891330e-02,1.536152094257247080e-01,-7.613920304848950105e-01,6.432502083713603769e-01,8.069290764553227469e-02,-3.110167019737987149e-01,1.172468500529820351e-01,1.421324402602513332e-02,9.930010875356131139e-01,-8.087445201716136900e-02,0.000000000000000000e+00,0.000000000000000000e+00,0.000000000000000000e+00,1.000000000000000000e+00
6.375689373246862246e-01,7.655778325385279581e-01,-8.600251440673158110e-02,1.536558256464896077e-01,-7.614151558771055095e-01,6.431933895234407395e-01,8.092727645232349054e-02,-3.110404130908175357e-01,1.172723776484202868e-01,1.388690026453553994e-02,9.930026905511029067e-01,-8.064458692639631110e-02,0.000000000000000000e+00,0.000000000000000000e+00,0.000000000000000000e+00,1.000000000000000000e+00
6.374521748562461676e-01,7.656918850326144277e-01,-8.585255946239009339e-02,1.536172506228199452e-01,-7.613922455522725841e-01,6.430751587104436284e-01,8.207428746206280046e-02,-3.110654836355383202e-01,1.180532641815098538e-01,1.304903999301055412e-02,9.929215222621329273e-01,-8.063744323100707767e-02,0.000000000000000000e+00,0.000000000000000000e+00,0.000000000000000000e+00,1.000000000000000000e+00
6.375805274186392424e-01,7.655070383353511643e-01,-8.654504789766648276e-02,1.535862185429602844e-01,-7.613809811305228825e-01,6.432651319360618292e-01,8.067819784801461003e-02,-3.111185556110589445e-01,1.174311399471723860e-01,1.445490554519091725e-02,9.929758219999051949e-01,-8.040723502182522964e-02,0.000000000000000000e+00,0.000000000000000000e+00,0.000000000000000000e+00,1.000000000000000000e+00
6.374287983110329403e-01,7.656626354669636703e-01,-8.628589533368860587e-02,1.536034222807428629e-01,-7.614191588860615978e-01,6.430974188179301443e-01,8.164909301981532197e-02,-3.111043628582073062e-01,1.180058963145282636e-01,1.365425060190129242e-02,9.929190147617807938e-01,-8.039296404941143059e-02,0.000000000000000000e+00,0.000000000000000000e+00,0.000000000000000000e+00,1.000000000000000000e+00
6.374740509005267786e-01,7.656531869354059605e-01,-8.603506124905854757e-02,1.536068985100303430e-01,-7.612103133019592072e-01,6.431341655908207056e-01,8.329047948314605154e-02,-3.112106824709977015e-01,1.191037083856172074e-01,1.239525657078076326e-02,9.928044441194543435e-01,-8.002201933450381333e-02,0.000000000000000000e+00,0.000000000000000000e+00,0.000000000000000000e+00,1.000000000000000000e+00
6.373799063900024153e-01,7.656356068694142314e-01,-8.688482274813993933e-02,1.535999869163429676e-01,-7.612045128223491330e-01,6.431420515359146384e-01,8.328259845288853158e-02,-3.111862019283565539e-01,1.196434059577120568e-01,1.305446436583576619e-02,9.927310997299114703e-01,-8.020008819159207825e-02,0.000000000000000000e+00,0.000000000000000000e+00,0.000000000000000000e+00,1.000000000000000000e+00
6.374163944453274944e-01,7.654759225625420438e-01,-8.801677152306718044e-02,1.536018334651464423e-01,-7.611624513615076193e-01,6.433021501241218409e-01,8.242612621628074565e-02,-3.111650168095019819e-01,1.197165933764367390e-01,1.445529739254640400e-02,9.927028667469607326e-01,-8.025353188564698925e-02,0.000000000000000000e+00,0.000000000000000000e+00,0.000000000000000000e+00,1.000000000000000000e+00
6.374410113613927509e-01,7.655191122001846482e-01,-8.746111073388951329e-02,1.536197867263759953e-01,-7.611127937052234449e-01,6.432699276276775402e-01,8.313311896057093420e-02,-3.112077030384948761e-01,1.199010937931540011e-01,1.357531090337921881e-02,9.926930233667816683e-01,-8.011452206410996091e-02,0.000000000000000000e+00,0.000000000000000000e+00,0.000000000000000000e+00,1.000000000000000000e+00
6.375842147549232175e-01,7.656149454236013119e-01,-8.555772577250816968e-02,1.536155763822036890e-01,-7.613822080586943875e-01,6.431637301712133103e-01,8.147115712887370576e-02,-3.110904973503343385e-01,1.174031615716323862e-01,1.319740642196463171e-02,9.929966395294187453e-01,-8.053223811960141809e-02,0.000000000000000000e+00,0.000000000000000000e+00,0.000000000000000000e+00,1.000000000000000000e+00
6.375478918222513558e-01,7.656308173239378956e-01,-8.568627192778274781e-02,1.536053061888899007e-01,-7.613220898687198535e-01,6.431513820117708002e-01,8.212779854759541531e-02,-3.111698397785387371e-01,1.179888177368010604e-01,1.287444679309697471e-02,9.929314616371283098e-01,-8.023928881584541095e-02,0.000000000000000000e+00,0.000000000000000000e+00,0.000000000000000000e+00,1.000000000000000000e+00
6.375840620444697127e-01,7.656209814175035655e-01,-8.550483401640417147e-02,1.535600210744123562e-01,-7.611578943482385506e-01,6.431817324838731142e-01,8.340215147344459679e-02,-3.112054349183978053e-01,1.188495843418467673e-01,1.190679689683488141e-02,9.928408757144460139e-01,-8.020202199366655016e-02,0.000000000000000000e+00,0.000000000000000000e+00,0.000000000000000000e+00,1.000000000000000000e+00
6.374945128906044367e-01,7.655807713925484315e-01,-8.652646131884650371e-02,1.536058863315781231e-01,-7.613728000305570731e-01,6.431873456327319438e-01,8.137258624100821014e-02,-3.110205285776300732e-01,1.179500123272598511e-01,1.400431690270561441e-02,9.929207791662374438e-01,-8.083592578658338468e-02,0.000000000000000000e+00,0.000000000000000000e+00,0.000000000000000000e+00,1.000000000000000000e+00
6.376139390348164460e-01,7.654831419472578613e-01,-8.651025455435612521e-02,1.536029711681634047e-01,-7.613227090310588085e-01,6.432983752184985304e-01,8.096254167730665419e-02,-3.110334623740035331e-01,1.176273669777365416e-01,1.423937624315090716e-02,9.929557103426571718e-01,-8.077746197218682589e-02,0.000000000000000000e+00,0.000000000000000000e+00,0.000000000000000000e+00,1.000000000000000000e+00
6.374947083651198998e-01,7.655700818780039052e-01,-8.661955056323862590e-02,1.536290347449850158e-01,-7.614764533730159490e-01,6.431847109887112168e-01,8.041789918184576169e-02,-3.109907528375016605e-01,1.172779082560913982e-01,1.469276296939318882e-02,9.929904405136040779e-01,-8.089752298792607377e-02,0.000000000000000000e+00,0.000000000000000000e+00,0.000000000000000000e+00,1.000000000000000000e+00
6.376220960459597631e-01,7.656253430534125659e-01,-8.518155145511893678e-02,1.535812499367752437e-01,-7.612642399407714144e-01,6.431704209344282219e-01,8.251403894144332396e-02,-3.111614603550009739e-01,1.179610936765017049e-01,1.223289456239579770e-02,9.929428667699208289e-01,-8.031598235983827827e-02,0.000000000000000000e+00,0.000000000000000000e+00,0.000000000000000000e+00,1.000000000000000000e+00
6.375199457662917846e-01,7.655283405915407346e-01,-8.680252589243425687e-02,1.536149810806979321e-01,-7.613820930874122261e-01,6.432381835241581802e-01,8.088230697978932016e-02,-3.110356461255950333e-01,1.177523973258118029e-01,1.452580489004803160e-02,9.929367421524498694e-01,-8.078090282228989061e-02,0.000000000000000000e+00,0.000000000000000000e+00,0.000000000000000000e+00,1.000000000000000000e+00
6.376033689399687177e-01,7.655548865548502668e-01,-8.595149555646225403e-02,1.536266439077320634e-01,-7.613949553176166951e-01,6.432212089717331827e-01,8.089621960157640512e-02,-3.110287661999573405e-01,1.172163211045572917e-01,1.386333296622226097e-02,9.930096384556299505e-01,-8.070740685087818278e-02,0.000000000000000000e+00,0.000000000000000000e+00,0.000000000000000000e+00,1.000000000000000000e+00
6.377175660961285075e-01,7.655000242676183175e-01,-8.559216517126880253e-02,1.535874303575903710e-01,-7.614678772829587272e-01,6.432766982532071021e-01,7.976065039000979073e-02,-3.109669879394050818e-01,1.161162252168704556e-01,1.431091648805717098e-02,9.931325288755055158e-01,-8.103493937666650382e-02,0.000000000000000000e+00,0.000000000000000000e+00,0.000000000000000000e+00,1.000000000000000000e+00
6.376264509972707772e-01,7.656095236282414174e-01,-8.529106822148561917e-02,1.536137038778838115e-01,-7.615876076809711126e-01,6.431494128016320699e-01,7.964388639243474843e-02,-3.108846289454149092e-01,1.158310183646861641e-01,1.417357197931773394e-02,9.931678030634837340e-01,-8.132631667593170910e-02,0.000000000000000000e+00,0.000000000000000000e+00,0.000000000000000000e+00,1.000000000000000000e+00
6.374513296075541291e-01,7.656092436723224148e-01,-8.659265780108500732e-02,1.536344646845759776e-01,-7.614648692515387784e-01,6.431446825425133351e-01,8.084658442399821066e-02,-3.109828137884869670e-01,1.175884997663391301e-01,1.440150411533940022e-02,9.929579756474680163e-01,-8.088759669646750083e-02,0.000000000000000000e+00,0.000000000000000000e+00,0.000000000000000000e+00,1.000000000000000000e+00
6.375536575648251825e-01,7.655961850109477274e-01,-8.595240091117986592e-02,1.536118606545684995e-01,-7.613507177977375528e-01,6.431818450709150259e-01,8.162229278844829183e-02,-3.111153919276266056e-01,1.177727397770102769e-01,1.340133082406344545e-02,9.929501428055491630e-01,-8.045386446660618418e-02,0.000000000000000000e+00,0.000000000000000000e+00,0.000000000000000000e+00,1.000000000000000000e+00
6.374646282509379702e-01,7.655864022086030785e-01,-8.669664631449461312e-02,1.536368875343251394e-01,-7.613632388743013513e-01,6.431798483562616298e-01,8.152117000662961743e-02,-3.111304332475774426e-01,1.181730350787645323e-01,1.404077710468572271e-02,9.928937457545846668e-01,-8.034547999290730935e-02,0.000000000000000000e+00,0.000000000000000000e+00,0.000000000000000000e+00,1.000000000000000000e+00
6.377505402246014254e-01,7.655608739483070746e-01,-8.479856557002353468e-02,1.535293952064074041e-01,-7.613099138564918267e-01,6.432409028539551876e-01,8.153745126903230722e-02,-3.111393481396390603e-01,1.169677883310201311e-01,1.255743505390621850e-02,9.930563162871565153e-01,-8.055506134103640470e-02,0.000000000000000000e+00,0.000000000000000000e+00,0.000000000000000000e+00,1.000000000000000000e+00
6.376024658994230432e-01,7.655604964981003180e-01,-8.590821660677815108e-02,1.535761507935783365e-01,-7.612625014042869731e-01,6.432309583093396288e-01,8.205692065960429327e-02,-3.111548756281417027e-01,1.180783614158961298e-01,1.307900890858023496e-02,9.929181437013356870e-01,-8.038185221043780970e-02,0.000000000000000000e+00,0.000000000000000000e+00,0.000000000000000000e+00,1.000000000000000000e+00
6.374466018583475613e-01,7.656208881067271266e-01,-8.652447904444261761e-02,1.536258340342184781e-01,-7.613406022259697759e-01,6.431479540986285715e-01,8.198290395531498964e-02,-3.111187997172899511e-01,1.184158654127196869e-01,1.361487544618942419e-02,9.928707458602765712e-01,-8.050411733696583028e-02,0.000000000000000000e+00,0.000000000000000000e+00,0.000000000000000000e+00,1.000000000000000000e+00
6.374155203600535557e-01,7.655219880635508733e-01,-8.762157380092513992e-02,1.536658128485166586e-01,-7.613426655092871975e-01,6.432369080472737366e-01,8.126269624493753785e-02,-3.110939321760265996e-01,1.185698109947720957e-01,1.491193874088724697e-02,9.928337393560173751e-01,-8.048717620020884311e-02,0.000000000000000000e+00,0.000000000000000000e+00,0.000000000000000000e+00,1.000000000000000000e+00
6.375140292963603628e-01,7.656273580579802118e-01,-8.596866314813381149e-02,1.535821072277436805e-01,-7.611864484259238672e-01,6.431656800434297772e-01,8.326523132137149397e-02,-3.111822217072033325e-01,1.190422327707622296e-01,1.235542825767152464e-02,9.928123136874973387e-01,-8.029694292511679876e-02,0.000000000000000000e+00,0.000000000000000000e+00,0.000000000000000000e+00,1.000000000000000000e+00
6.374268790723749412e-01,7.655524441366194921e-01,-8.727215542485611266e-02,1.536581980845855844e-01,-7.612875766775704101e-01,6.432165453091507334e-01,8.193717982060248761e-02,-3.111194978560599678e-01,1.188621025913831342e-01,1.421024690177837002e-02,9.928090800604848498e-01,-8.040090520777609662e-02,0.000000000000000000e+00,0.000000000000000000e+00,0.000000000000000000e+00,1.000000000000000000e+00
6.377429503772306107e-01,7.655806424158899670e-01,-8.467708782320053362e-02,1.535390882459429784e-01,-7.614904778308555500e-01,6.432011310030039120e-01,8.015333585941039618e-02,-3.110285561506577201e-01,1.158282410169472892e-01,1.336357117425684277e-02,9.931793561831570027e-01,-8.091189285988820146e-02,0.000000000000000000e+00,0.000000000000000000e+00,0.000000000000000000e+00,1.000000000000000000e+00
6.376176271511067029e-01,7.656424183998232769e-01,-8.506144069472561242e-02,1.535966128219744542e-01,-7.613729415012856494e-01,6.431419926004217080e-01,8.172895021740600452e-02,-3.110901868624366684e-01,1.172817355596019323e-01,1.265166000290705167e-02,9.930180914783468538e-01,-8.063259096936192805e-02,0.000000000000000000e+00,0.000000000000000000e+00,0.000000000000000000e+00,1.000000000000000000e+00
6.375772333755618249e-01,7.655922631291434133e-01,-8.581234245702193397e-02,1.536054203674984131e-01,-7.613385723190666532e-01,6.431894858707383200e-01,8.167535469467590570e-02,-3.110778997938198343e-01,1.177236160688680811e-01,1.325789961238472980e-02,9.929578935269803841e-01,-8.064960698996470612e-02,0.000000000000000000e+00,0.000000000000000000e+00,0.000000000000000000e+00,1.000000000000000000e+00
6.374974234751074054e-01,7.656106246570288931e-01,-8.624039932000307496e-02,1.536483218718505128e-01,-7.612501179352442193e-01,6.431733104667332057e-01,8.262173229144936792e-02,-3.110927567528052329e-01,1.187235991965217563e-01,1.297937269428584700e-02,9.928425065831369967e-01,-8.052934379583387425e-02,0.000000000000000000e+00,0.000000000000000000e+00,0.000000000000000000e+00,1.000000000000000000e+00
6.375260105583779868e-01,7.655472835893445405e-01,-8.659066029598372349e-02,1.536127813157459610e-01,-7.612949920479618049e-01,6.432315527520167109e-01,8.175025765661714239e-02,-3.110837646775281851e-01,1.182815325577602772e-01,1.380312041551607499e-02,9.928841588637529192e-01,-8.064562049499479635e-02,0.000000000000000000e+00,0.000000000000000000e+00,0.000000000000000000e+00,1.000000000000000000e+00
6.373925859634614888e-01,7.655527735078218043e-01,-8.751938261489937421e-02,1.536174525527055357e-01,-7.614018268447921844e-01,6.431982301510807964e-01,8.101416424262176952e-02,-3.110388815932634277e-01,1.183129301311758447e-01,1.499959016103943887e-02,9.928630634980719627e-01,-8.071802547454720589e-02,0.000000000000000000e+00,0.000000000000000000e+00,0.000000000000000000e+00,1.000000000000000000e+00
6.377253527931450172e-01,7.654810458514379468e-01,-8.570380882462177996e-02,1.535229741885620891e-01,-7.613344662609761171e-01,6.433114254099665530e-01,8.074800567265602580e-02,-3.110197424247726494e-01,1.169453072507533054e-01,1.375421314308872267e-02,9.930431092016303030e-01,-8.097982162501438097e-02,0.000000000000000000e+00,0.000000000000000000e+00,0.000000000000000000e+00,1.000000000000000000e+00
6.375630881018433671e-01,7.655045262567308217e-01,-8.669561102212426651e-02,1.535740130667700987e-01,-7.612360821391357391e-01,6.432828755207017357e-01,8.189486742938545394e-02,-3.111496906221461467e-01,1.184606936477258093e-01,1.378268269517029382e-02,9.928630830674610719e-01,-8.043181334750215683e-02,0.000000000000000000e+00,0.000000000000000000e+00,0.000000000000000000e+00,1.000000000000000000e+00
6.376375306394772569e-01,7.656145278541641730e-01,-8.516322127911193918e-02,1.536045860718234790e-01,-7.614104773509664525e-01,6.431666540448006675e-01,8.118337332846578547e-02,-3.111162652383070992e-01,1.169293141182450591e-01,1.307860326872888751e-02,9.930541201950555674e-01,-8.040951212266977954e-02,0.000000000000000000e+00,0.000000000000000000e+00,0.000000000000000000e+00,1.000000000000000000e+00
6.375546865927553819e-01,7.655815405586704481e-01,-8.607512044386644856e-02,1.536122800394350563e-01,-7.614534196772267949e-01,6.431837349054105868e-01,8.064349208078536169e-02,-3.110618764652326451e-01,1.171012863527576831e-01,1.412755849180081374e-02,9.930194866293360345e-01,-8.063540382799327944e-02,0.000000000000000000e+00,0.000000000000000000e+00,0.000000000000000000e+00,1.000000000000000000e+00
6.375769253741876419e-01,7.655388915933585281e-01,-8.628945293840784014e-02,1.536373092320241218e-01,-7.614823174004470285e-01,6.432224934566540542e-01,8.005937919975071593e-02,-3.110749513280499645e-01,1.167918854922828376e-01,1.466387975321235826e-02,9.930481489402922524e-01,-8.061880674754506870e-02,0.000000000000000000e+00,0.000000000000000000e+00,0.000000000000000000e+00,1.000000000000000000e+00
6.374034670046963003e-01,7.656111625834052248e-01,-8.692737185766036268e-02,1.536246460465788277e-01,-7.614538066378637726e-01,6.431387629056035671e-01,8.099772839380633971e-02,-3.110335541088045663e-01,1.179191274013680069e-01,1.456294530432369200e-02,9.929164113947173131e-01,-8.066023665350008365e-02,0.000000000000000000e+00,0.000000000000000000e+00,0.000000000000000000e+00,1.000000000000000000e+00
6.376930265534026532e-01,7.655295594403205284e-01,-8.551080345938860683e-02,1.535808465505609233e-01,-7.614105395024112211e-01,6.432531817300942700e-01,8.049431364237816244e-02,-3.110547662616043874e-01,1.166258728576492210e-01,1.377816450835075285e-02,9.930803431560673022e-01,-8.066281979758249676e-02,0.000000000000000000e+00,0.000000000000000000e+00,0.000000000000000000e+00,1.000000000000000000e+00
6.376084963020896001e-01,7.657246790009618609e-01,-8.438673718222862441e-02,1.535512655979121011e-01,-7.614500270842069485e-01,6.430535479907690810e-01,8.170673576850670528e-02,-3.110489540076807335e-01,1.168300547669528650e-01,1.215937438184612474e-02,9.930774833404457658e-01,-8.069018874100164496e-02,0.000000000000000000e+00,0.000000000000000000e+00,0.000000000000000000e+00,1.000000000000000000e+00
6.376950229986116936e-01,7.657233286055191712e-01,-8.374271115795389742e-02,1.535346063081804435e-01,-7.612758635508478644e-01,6.430801966745808285e-01,8.310788301896318564e-02,-3.111295270649347411e-01,1.174909239801581740e-01,1.075382137971691437e-02,9.930157290335446252e-01,-8.046512751853485135e-02,0.000000000000000000e+00,0.000000000000000000e+00,0.000000000000000000e+00,1.000000000000000000e+00
6.375919067819846298e-01,7.656800719647570697e-01,-8.491518004548588572e-02,1.535795372353919164e-01,-7.612161047849174134e-01,6.431189286230913904e-01,8.335517658048971490e-02,-3.111928484128558825e-01,1.184339572174741978e-01,1.149221661523124743e-02,9.928954258808315725e-01,-8.020647492001198309e-02,0.000000000000000000e+00,0.000000000000000000e+00,0.000000000000000000e+00,1.000000000000000000e+00
6.375559551973090100e-01,7.655805018508400339e-01,-8.607496255162069843e-02,1.535781571495308806e-01,-7.613130842920400321e-01,6.432012657266357181e-01,8.182004310311205564e-02,-3.111085378054945227e-01,1.180033545209130952e-01,1.336513948560660164e-02,9.929232504923741764e-01,-8.033040608979313824e-02,0.000000000000000000e+00,0.000000000000000000e+00,0.000000000000000000e+00,1.000000000000000000e+00
6.376039299442224362e-01,7.655217401270204558e-01,-8.624206579495828640e-02,1.535454662847726137e-01,-7.613749349474334682e-01,6.432547905491257101e-01,8.081759009889057099e-02,-3.110832428738533606e-01,1.173432441748347571e-01,1.413293417869472546e-02,9.929908474996262946e-01,-8.055584093415513181e-02,0.000000000000000000e+00,0.000000000000000000e+00,0.000000000000000000e+00,1.000000000000000000e+00
6.375944032265815631e-01,7.655368767138884811e-01,-8.617811418964820003e-02,1.536371162881311481e-01,-7.614326900707851786e-01,6.432325382059145280e-01,8.044973763005182354e-02,-3.110546384211327897e-01,1.170198080057682083e-01,1.432453085868318210e-02,9.930262697179625953e-01,-8.058212602572578653e-02,0.000000000000000000e+00,0.000000000000000000e+00,0.000000000000000000e+00,1.000000000000000000e+00
6.375578228372374978e-01,7.655664825157268982e-01,-8.618574932980037351e-02,1.535928055493320787e-01,-7.612497627194436678e-01,6.432219259762453900e-01,8.224568501143547650e-02,-3.111111656104670331e-01,1.184011034519211886e-01,1.317250135345996581e-02,9.928784738876459404e-01,-8.048559236908525705e-02,0.000000000000000000e+00,0.000000000000000000e+00,0.000000000000000000e+00,1.000000000000000000e+00
6.374137651696057949e-01,7.655644362164009120e-01,-8.726274103517096814e-02,1.536626656271563585e-01,-7.613214638452581173e-01,6.431997511003092471e-01,8.175395325618202425e-02,-3.110641930097482466e-01,1.187152924471836651e-01,1.432390258152309304e-02,9.928250123531412452e-01,-8.048119476185489063e-02,0.000000000000000000e+00,0.000000000000000000e+00,0.000000000000000000e+00,1.000000000000000000e+00
6.374683990134027978e-01,7.655544943133442137e-01,-8.695031049932618050e-02,1.536193575686286006e-01,-7.612610796788944478e-01,6.432223543108832597e-01,8.213751567273533394e-02,-3.112067721258750530e-01,1.188091277024341669e-01,1.383181663429527974e-02,9.928207653061967841e-01,-8.006829615451671600e-02,0.000000000000000000e+00,0.000000000000000000e+00,0.000000000000000000e+00,1.000000000000000000e+00
6.375547776352982199e-01,7.656820733898456188e-01,-8.517551293554102843e-02,1.536048832403594799e-01,-7.613701587861699815e-01,6.430976505909495877e-01,8.210294217823861651e-02,-3.111420310087746333e-01,1.176409232551658274e-01,1.250497076477567748e-02,9.929774614168461744e-01,-8.033442937493928682e-02,0.000000000000000000e+00,0.000000000000000000e+00,0.000000000000000000e+00,1.000000000000000000e+00
6.375405737051457189e-01,7.655648090012328044e-01,-8.632809565037333210e-02,1.535749018898528995e-01,-7.613523438586071723e-01,6.432099129947537186e-01,8.138560269658891289e-02,-3.110786038551509036e-01,1.178330402761436912e-01,1.383947412973941804e-02,9.929369786522674879e-01,-8.057084479138532096e-02,0.000000000000000000e+00,0.000000000000000000e+00,0.000000000000000000e+00,1.000000000000000000e+00
6.375629305015776405e-01,7.656231187496153057e-01,-8.564315317848282538e-02,1.536128423162644863e-01,-7.615587584281592326e-01,6.431329873085975812e-01,8.005134662752545760e-02,-3.109757618799527945e-01,1.163690986112779907e-01,1.418452225603530903e-02,9.931047438295553809e-01,-8.099376840647520837e-02,0.000000000000000000e+00,0.000000000000000000e+00,0.000000000000000000e+00,1.000000000000000000e+00
6.376324569131299747e-01,7.655931717551238691e-01,-8.539288760110595733e-02,1.535986687474294454e-01,-7.614715817666959374e-01,6.431793430240603238e-01,8.050691193223379061e-02,-3.110420421774606758e-01,1.165584834006160447e-01,1.369043713940061580e-02,9.930894682143601715e-01,-8.070375540389207458e-02,0.000000000000000000e+00,0.000000000000000000e+00,0.000000000000000000e+00,1.000000000000000000e+00
6.374299700176435657e-01,7.656087863543677985e-01,-8.675378712366665912e-02,1.536581855276776265e-01,-7.613385241385169921e-01,6.431578199189251777e-01,8.192478464860715459e-02,-3.111063140610914046e-01,1.185187115433310179e-01,1.382768722989588528e-02,9.928555333380487680e-01,-8.030942454864065105e-02,0.000000000000000000e+00,0.000000000000000000e+00,0.000000000000000000e+00,1.000000000000000000e+00
6.374741162571548880e-01,7.656432147703067237e-01,-8.612327663500303487e-02,1.536138448438131854e-01,-7.614306344038019869e-01,6.431194236998556413e-01,8.136827300237593763e-02,-3.110709732553596507e-01,1.176866181584934751e-01,1.370673324156398976e-02,9.929561850203973972e-01,-8.053444583978475180e-02,0.000000000000000000e+00,0.000000000000000000e+00,0.000000000000000000e+00,1.000000000000000000e+00
6.376052250781854003e-01,7.657301213345241164e-01,-8.436206632137399630e-02,1.535793679295250902e-01,-7.615384659416420954e-01,6.430385715545318126e-01,8.099728627773923606e-02,-3.110099268917941862e-01,1.162701244699054226e-01,1.260066562220607533e-02,9.931376950763828315e-01,-8.081648556200837774e-02,0.000000000000000000e+00,0.000000000000000000e+00,0.000000000000000000e+00,1.000000000000000000e+00
6.375843975052395418e-01,7.658081125703706249e-01,-8.380972962184574104e-02,1.536049965046114574e-01,-7.615021348477106766e-01,6.429646950873841860e-01,8.192007991674356282e-02,-3.110661625449422929e-01,1.166217590343215094e-01,1.159032323074693505e-02,9.931087703404632983e-01,-8.065254988323000696e-02,0.000000000000000000e+00,0.000000000000000000e+00,0.000000000000000000e+00,1.000000000000000000e+00
6.375619368750264915e-01,7.656508778913670987e-01,-8.540204817417283711e-02,1.535796269645642864e-01,-7.613498696130620580e-01,6.431305806781365542e-01,8.203311670768440034e-02,-3.110686187976703376e-01,1.177333966567614826e-01,1.271964546604856250e-02,9.929637747324320252e-01,-8.063988923669418440e-02,0.000000000000000000e+00,0.000000000000000000e+00,0.000000000000000000e+00,1.000000000000000000e+00
6.376117273752004433e-01,7.655103293757571370e-01,-8.628569251407178231e-02,1.536382720776851007e-01,-7.613952960759212685e-01,6.432638769788132649e-01,8.055301166093162268e-02,-3.110530462393270579e-01,1.171686315831725611e-01,1.433597548846632375e-02,9.930085556427601379e-01,-8.064587027663217000e-02,0.000000000000000000e+00,0.000000000000000000e+00,0.000000000000000000e+00,1.000000000000000000e+00
