T00,T01,T02,T03,T10,T11,T12,T13,T20,T21,T22,T23,T30,T31,T32,T33
5.311025671258226000e-01,8.416690981757467549e-01,-9.758684526300834272e-02,7.088132777032205012e-02,-8.105295316560031660e-01,5.382328687379129839e-01,2.309702520318512309e-01,-3.947687549811616514e-01,2.469249714100649473e-01,-4.357187379700143415e-02,9.680545182519200154e-01,4.718414926014902200e-02,0.000000000000000000e+00,0.000000000000000000e+00,0.000000000000000000e+00,1.000000000000000000e+00
5.310669156750382758e-01,8.416084803622904120e-01,-9.830105216974069360e-02,7.087818497398559736e-02,-8.104716696816595123e-01,5.383803567184779482e-01,2.308295131544224055e-01,-3.947383684189089692e-01,2.471914313216074521e-01,-4.291569971421611840e-02,9.680158257999785798e-01,4.742683073611853040e-02,0.000000000000000000e+00,0.000000000000000000e+00,0.000000000000000000e+00,1.000000000000000000e+00
5.310389912215327524e-01,8.415792431421189601e-01,-9.870140482665595849e-02,7.086586715832188244e-02,-8.106435768632318517e-01,5.384895848930985052e-01,2.299694724350261343e-01,-3.947537172641101266e-01,2.466872130711332822e-01,-4.211109680353808393e-02,9.681797738195114800e-01,4.732058891221035957e-02,0.000000000000000000e+00,0.000000000000000000e+00,0.000000000000000000e+00,1.000000000000000000e+00
5.310734021534578853e-01,8.415786354814061010e-01,-9.852127600882093494e-02,7.088146089022506757e-02,-8.104877763910196542e-01,5.384504820043771733e-01,2.306092859144974749e-01,-3.947461704643277502e-01,2.471246767239001496e-01,-4.262016811919644432e-02,9.680459262987471947e-01,4.736737861259032734e-02,0.000000000000000000e+00,0.000000000000000000e+00,0.000000000000000000e+00,1.000000000000000000e+00
5.310455992764879785e-01,8.416888259611334799e-01,-9.772661736315489678e-02,7.088527869600011466e-02,-8.105597254810374963e-01,5.382152603803060931e-01,2.309053159237885178e-01,-3.947450601630828615e-01,2.469483810782751032e-01,-4.340799172880585588e-02,9.680559091999236809e-01,4.737029209493881510e-02,0.000000000000000000e+00,0.000000000000000000e+00,0.000000000000000000e+00,1.000000000000000000e+00
5.311037387384739406e-01,8.416152020771181519e-01,-9.804422640169323244e-02,7.087556511328535480e-02,-8.106196530665441546e-01,5.383752502599972178e-01,2.303212277879767844e-01,-3.947962506531692561e-01,2.466264315929874162e-01,-4.284788839811190519e-02,9.681629313806290327e-01,4.720043709441634761e-02,0.000000000000000000e+00,0.000000000000000000e+00,0.000000000000000000e+00,1.000000000000000000e+00
5.311838752836530730e-01,8.416111207615581957e-01,-9.764431396202565006e-02,7.091060117762387760e-02,-8.106786149877396319e-01,5.383622564348302664e-01,2.301440071954046485e-01,-3.947950752728714985e-01,2.462597690249077043e-01,-4.309062841120100962e-02,9.682454874167640835e-01,4.698029611734177990e-02,0.000000000000000000e+00,0.000000000000000000e+00,0.000000000000000000e+00,1.000000000000000000e+00
5.310442561896280278e-01,8.416799447367488973e-01,-9.781037059508683462e-02,7.089038143247311519e-02,-8.105800669231206790e-01,5.382403566568176867e-01,2.307753747106722209e-01,-3.947761475851976343e-01,2.468844933869161484e-01,-4.326880046737090202e-02,9.680784357846221599e-01,4.717808729920003330e-02,0.000000000000000000e+00,0.000000000000000000e+00,0.000000000000000000e+00,1.000000000000000000e+00
5.310078172984588063e-01,8.416676218564979051e-01,-9.811377215434313737e-02,7.086984441897653531e-02,-8.106401530144448087e-01,5.382948054598315490e-01,2.304370732666079502e-01,-3.947870097625729713e-01,2.467655573386298151e-01,-4.282892402792541631e-02,9.681283194793787183e-01,4.709858756995677354e-02,0.000000000000000000e+00,0.000000000000000000e+00,0.000000000000000000e+00,1.000000000000000000e+00
5.309963192811530952e-01,8.416641093628919323e-01,-9.820608901813338010e-02,7.088019722684224533e-02,-8.106370900361133947e-01,5.383071994775068259e-01,2.304188951637123339e-01,-3.947905694715581060e-01,2.468003589293376043e-01,-4.274208699927396771e-02,9.681232859668733592e-01,4.707360814870265031e-02,0.000000000000000000e+00,0.000000000000000000e+00,0.000000000000000000e+00,1.000000000000000000e+00
5.310938454126135078e-01,8.416361042449842511e-01,-9.791830981062334127e-02,7.089522170478995688e-02,-8.106182904419103608e-01,5.383299159051256888e-01,2.304319614172805897e-01,-3.947850206016981778e-01,2.466522137866954401e-01,-4.300662359342569130e-02,9.681493251359605257e-01,4.714247061633369817e-02,0.000000000000000000e+00,0.000000000000000000e+00,0.000000000000000000e+00,1.000000000000000000e+00
5.309253777996488788e-01,8.416086950120664767e-01,-9.906082822380919695e-02,7.086973661630588395e-02,-8.104350693268345118e-01,5.384305573490675290e-01,2.308409264363273650e-01,-3.947509663267407820e-01,2.476151078054596999e-01,-4.227693689069160488e-02,9.679356481675998047e-01,4.745441885103551805e-02,0.000000000000000000e+00,0.000000000000000000e+00,0.000000000000000000e+00,1.000000000000000000e+00
5.310652370964628055e-01,8.416025253768888437e-01,-9.836108593809321510e-02,7.090132472350116344e-02,-8.105136995873896133e-01,5.384022980258013069e-01,2.306306750232912650e-01,-3.947854052703759775e-01,2.470571932343612054e-01,-4.275692645384436552e-02,9.680571204796646345e-01,4.724339995811632775e-02,0.000000000000000000e+00,0.000000000000000000e+00,0.000000000000000000e+00,1.000000000000000000e+00
5.311065419802354359e-01,8.416235848920746720e-01,-9.795704374474355214e-02,7.089814806345021148e-02,-8.107067348981681354e-01,5.383695399842378659e-01,2.300278861527702001e-01,-3.947912878359833844e-01,2.463339827481138555e-01,-4.275488007904298948e-02,9.682414932096635729e-01,4.703081661825336823e-02,0.000000000000000000e+00,0.000000000000000000e+00,0.000000000000000000e+00,1.000000000000000000e+00
5.310652130444998287e-01,8.416096799769791081e-01,-9.829997997480463545e-02,7.088068919969722770e-02,-8.104836436248042952e-01,5.383803123920697375e-01,2.307875703873123463e-01,-3.947643480613353129e-01,2.471558271832999532e-01,-4.289272429753555882e-02,9.680259352371064496e-01,4.720161914047293905e-02,0.000000000000000000e+00,0.000000000000000000e+00,0.000000000000000000e+00,1.000000000000000000e+00
5.310869124992958490e-01,8.415810220529184038e-01,-9.842801782180977954e-02,7.089937777957017184e-02,-8.105003732183236886e-01,5.384416066477910601e-01,2.305857351257955545e-01,-3.947596021810639288e-01,2.470543186931232205e-01,-4.268512095462256850e-02,9.680610229030842673e-01,4.714207251944113608e-02,0.000000000000000000e+00,0.000000000000000000e+00,0.000000000000000000e+00,1.000000000000000000e+00
5.310846663466184392e-01,8.417402704184293594e-01,-9.706901837048949322e-02,7.086909389136572535e-02,-8.105973892690476745e-01,5.380835123148957067e-01,2.310800863014151607e-01,-3.947461884288391287e-01,2.467406526734193251e-01,-4.403919766270683600e-02,9.680803682481740058e-01,4.745025770831023948e-02,0.000000000000000000e+00,0.000000000000000000e+00,0.000000000000000000e+00,1.000000000000000000e+00
5.312232122103970333e-01,8.416893846981031713e-01,-9.675163303736050713e-02,7.090267747323966696e-02,-8.107945041100000916e-01,5.381809551743466091e-01,2.301597957781659487e-01,-3.947827419666620763e-01,2.457929431734900971e-01,-4.382053370460689545e-02,9.683313430391257137e-01,4.708685946715340798e-02,0.000000000000000000e+00,0.000000000000000000e+00,0.000000000000000000e+00,1.000000000000000000e+00
5.311280326764562520e-01,8.416075627242705082e-01,-9.797817752209309061e-02,7.088056515460583462e-02,-8.106834040908983408e-01,5.383943543900777673e-01,2.300520321416117953e-01,-3.947899556816005240e-01,2.463644277017911222e-01,-4.275780076436240529e-02,9.682336181092683347e-01,4.705077490235587412e-02,0.000000000000000000e+00,0.000000000000000000e+00,0.000000000000000000e+00,1.000000000000000000e+00
5.310418968840465714e-01,8.416883964344408220e-01,-9.775043253824185208e-02,7.089228733998401144e-02,-8.104114915554270215e-01,5.381916996224799243e-01,2.314798237695336880e-01,-3.947377859104163611e-01,2.474423531020947253e-01,-4.370741087145324499e-02,9.679162898341013843e-01,4.739986378500304909e-02,0.000000000000000000e+00,0.000000000000000000e+00,0.000000000000000000e+00,1.000000000000000000e+00
5.312056509096990675e-01,8.416278117543273263e-01,-9.738163545158581846e-02,7.090228569198162023e-02,-8.104871404110592925e-01,5.382799824871492556e-01,2.310092112491152760e-01,-3.947507813048209968e-01,2.468423619841355887e-01,-4.378683518201442748e-02,9.680658869079294959e-01,4.726858206334050294e-02,0.000000000000000000e+00,0.000000000000000000e+00,0.000000000000000000e+00,1.000000000000000000e+00
5.309996549522988385e-01,8.416042468454774106e-01,-9.869983856216127394e-02,7.085501324444387627e-02,-8.106692498321861340e-01,5.384513527039264114e-01,2.299684938156374425e-01,-3.947785102114427236e-01,2.466875226213532668e-01,-4.210026678025817481e-02,9.681801659401884086e-01,4.711918289603667098e-02,0.000000000000000000e+00,0.000000000000000000e+00,0.000000000000000000e+00,1.000000000000000000e+00
5.310264889439543223e-01,8.416779231758957369e-01,-9.792416289234938398e-02,7.089733287121025018e-02,-8.103760838365996477e-01,5.382166681014234344e-01,2.315457210216998740e-01,-3.947632503392741188e-01,2.475913382683510022e-01,-4.360151162647027401e-02,9.678829667880171073e-01,4.731715745154185804e-02,0.000000000000000000e+00,0.000000000000000000e+00,0.000000000000000000e+00,1.000000000000000000e+00
5.310147248815719756e-01,8.416527324907019381e-01,-9.820407247097126535e-02,7.087287664611588434e-02,-8.107125976023725755e-01,5.383394678792186028e-01,2.300775986756075087e-01,-3.947911261647242820e-01,2.465125677278190153e-01,-4.255931407406769729e-02,9.682046574654465942e-01,4.711805768010046691e-02,0.000000000000000000e+00,0.000000000000000000e+00,0.000000000000000000e+00,1.000000000000000000e+00
5.311671310631355114e-01,8.416529778151418117e-01,-9.737424614887767171e-02,7.090490075104988188e-02,-8.106688002795632286e-01,5.382686320238357913e-01,2.303974306117196336e-01,-3.947886234263556782e-01,2.463281858242199474e-01,-4.344127891870742941e-02,9.682124147905022404e-01,4.703603330539452010e-02,0.000000000000000000e+00,0.000000000000000000e+00,0.000000000000000000e+00,1.000000000000000000e+00
5.309248078891836142e-01,8.417277308786195178e-01,-9.804731224140665613e-02,7.085036085475190926e-02,-8.105751242698051584e-01,5.381760899622924921e-01,2.309425558616001739e-01,-3.947877268912308724e-01,2.471574726420857626e-01,-4.313841979985855168e-02,9.680145972320601810e-01,4.714793337502176662e-02,0.000000000000000000e+00,0.000000000000000000e+00,0.000000000000000000e+00,1.000000000000000000e+00
5.310244377121218218e-01,8.415382894485162746e-01,-9.912796751971704456e-02,7.087634886859531247e-02,-8.104916368727362874e-01,5.385647728965086145e-01,2.303286607313224932e-01,-3.947775859543978250e-01,2.472172184777536863e-01,-4.196775889891371514e-02,9.680508014051356636e-01,4.709877481890933915e-02,0.000000000000000000e+00,0.000000000000000000e+00,0.000000000000000000e+00,1.000000000000000000e+00
5.311147767269983611e-01,8.417587496373086786e-01,-9.674348221593806474e-02,7.089794820558922850e-02,-8.106731154584494448e-01,5.380401700836795476e-01,2.309152988634938786e-01,-3.947653588199898644e-01,2.464268528694107674e-01,-4.421518727043900754e-02,9.681522728370356434e-01,4.724250012413344635e-02,0.000000000000000000e+00,0.000000000000000000e+00,0.000000000000000000e+00,1.000000000000000000e+00
5.310410281914387243e-01,8.415964121274541743e-01,-9.854392660928371073e-02,7.087661720795562781e-02,-8.103900333061604400e-01,5.384050525288837097e-01,2.310584197327817668e-01,-3.947537829732527537e-01,2.475144850214223424e-01,-4.284248482016819737e-02,9.679365171327166673e-01,4.737666271471963064e-02,0.000000000000000000e+00,0.000000000000000000e+00,0.000000000000000000e+00,1.000000000000000000e+00
5.310530651704561400e-01,8.416830572214568651e-01,-9.773573123175298416e-02,7.089919578863496108e-02,-8.104662526292603086e-01,5.382093365969869980e-01,2.312469747886785609e-01,-3.947377584571710729e-01,2.472389437814112578e-01,-4.359290293354352308e-02,9.679734311910008770e-01,4.741262749816055333e-02,0.000000000000000000e+00,0.000000000000000000e+00,0.000000000000000000e+00,1.000000000000000000e+00
5.310613721782060370e-01,8.416902110569155493e-01,-9.762892804474372632e-02,7.090284675155539285e-02,-8.105541148042618715e-01,5.382044352420036759e-01,2.309502389254345645e-01,-3.947618250979021415e-01,2.469328774263976345e-01,-4.351522143802957765e-02,9.680550498546655058e-01,4.727828579368642536e-02,0.000000000000000000e+00,0.000000000000000000e+00,0.000000000000000000e+00,1.000000000000000000e+00
5.309553319702121632e-01,8.417014677581109439e-01,-9.810746468156203437e-02,7.086906414581378710e-02,-8.107589708386588878e-01,5.382572979005891822e-01,2.301064372445831840e-01,-3.948007572359704676e-01,2.464879848127303485e-01,-4.263473267886713769e-02,9.682075980451512187e-01,4.689839423756514414e-02,0.000000000000000000e+00,0.000000000000000000e+00,0.000000000000000000e+00,1.000000000000000000e+00
5.311854038325948268e-01,8.415883569138546960e-01,-9.783202063865067966e-02,7.090221666011342627e-02,-8.107613541880556163e-01,5.384295983318569956e-01,2.296945671872660522e-01,-3.948133178721618952e-01,2.459839289676328533e-01,-4.269197989357477463e-02,9.683332595457068148e-01,4.686473106224942065e-02,0.000000000000000000e+00,0.000000000000000000e+00,0.000000000000000000e+00,1.000000000000000000e+00
5.309610917663398766e-01,8.416436665808969542e-01,-9.857107859083492907e-02,7.088100466278657308e-02,-8.103169097423937872e-01,5.383140037937310662e-01,2.315265408222139110e-01,-3.947550589544772670e-01,2.479250387028986702e-01,-4.305777309414676735e-02,9.678218861755190083e-01,4.736032038268223054e-02,0.000000000000000000e+00,0.000000000000000000e+00,0.000000000000000000e+00,1.000000000000000000e+00
5.309975651590291834e-01,8.416455102417905731e-01,-9.835863401358613256e-02,7.086992421924515062e-02,-8.105501746710401800e-01,5.383352751127721270e-01,2.306589385001205639e-01,-3.947800489133742041e-01,2.470829822871841164e-01,-4.275472674561311970e-02,9.680506356616781494e-01,4.718223934016174681e-02,0.000000000000000000e+00,0.000000000000000000e+00,0.000000000000000000e+00,1.000000000000000000e+00
5.311814887308917710e-01,8.416658059225388122e-01,-9.718486080865107457e-02,7.089485411759052780e-02,-8.105826989136242222e-01,5.382169508667362656e-01,2.308207140219835085e-01,-3.947736945661430852e-01,2.465804417457689302e-01,-4.383132373630332923e-02,9.681306217695961891e-01,4.712529754910055324e-02,0.000000000000000000e+00,0.000000000000000000e+00,0.000000000000000000e+00,1.000000000000000000e+00
5.311577523185700977e-01,8.417012162890087357e-01,-9.700775561514711487e-02,7.089323402989355927e-02,-8.105016275271603732e-01,5.381282951207767562e-01,2.313115858884517428e-01,-3.947873105966788754e-01,2.468978613267213684e-01,-4.423799823692015076e-02,9.680312213892078299e-01,4.709228877822946302e-02,0.000000000000000000e+00,0.000000000000000000e+00,0.000000000000000000e+00,1.000000000000000000e+00
5.310787404363541686e-01,8.416480755247980339e-01,-9.789733613300972970e-02,7.087179298987927867e-02,-8.105493265681363857e-01,5.382958895420029144e-01,2.307538179578500492e-01,-3.947626930399756318e-01,2.469112404417350137e-01,-4.319782711650926865e-02,9.680747838240266745e-01,4.729166284068386794e-02,0.000000000000000000e+00,0.000000000000000000e+00,0.000000000000000000e+00,1.000000000000000000e+00
5.310107681305455962e-01,8.416377964448720217e-01,-9.835336153293694483e-02,7.087380418025476803e-02,-8.105634040637368365e-01,5.383502951524092861e-01,2.305773789900507631e-01,-3.947828486766330469e-01,2.470111983737086070e-01,-4.271743560578601662e-02,9.680706010272444040e-01,4.714983315065657266e-02,0.000000000000000000e+00,0.000000000000000000e+00,0.000000000000000000e+00,1.000000000000000000e+00
5.310220835704758668e-01,8.416070867933829192e-01,-9.855484878800253867e-02,7.086863450121902441e-02,-8.105791337132774999e-01,5.384203276190209220e-01,2.303584571819734528e-01,-3.947613296730579924e-01,2.469352440400182647e-01,-4.243892394702965254e-02,9.681022275488860851e-01,4.722291429465008683e-02,0.000000000000000000e+00,0.000000000000000000e+00,0.000000000000000000e+00,1.000000000000000000e+00
5.311731978347958849e-01,8.416091162524531599e-01,-9.771964665675847428e-02,7.090741217007048847e-02,-8.105249245843401118e-01,5.383444559592210910e-01,2.307262303369951306e-01,-3.947558816559265660e-01,2.467881288261383754e-01,-4.335138035559187031e-02,9.680993116885056038e-01,4.728746098718650259e-02,0.000000000000000000e+00,0.000000000000000000e+00,0.000000000000000000e+00,1.000000000000000000e+00
5.309445892156248181e-01,8.417605571014178389e-01,-9.765760436833550995e-02,7.086774019800851088e-02,-8.104532942715217958e-01,5.380688641283677409e-01,2.316189872615081469e-01,-3.947560649451637982e-01,2.475142440084810713e-01,-4.382992087511800028e-02,9.678923685250294673e-01,4.733323173555081809e-02,0.000000000000000000e+00,0.000000000000000000e+00,0.000000000000000000e+00,1.000000000000000000e+00
5.309806654312752006e-01,8.416017629747217788e-01,-9.882310203591404552e-02,7.085699828659811073e-02,-8.103516850109068193e-01,5.384103081724491702e-01,2.311806364158398019e-01,-3.947768061986660637e-01,2.477694079949027683e-01,-4.267098090610056682e-02,9.678788704431804391e-01,4.726780261075913536e-02,0.000000000000000000e+00,0.000000000000000000e+00,0.000000000000000000e+00,1.000000000000000000e+00
5.309709506534785461e-01,8.416104861393330916e-01,-9.880100800324302657e-02,7.086642943313536946e-02,-8.106401980878289448e-01,5.384432682962767558e-01,2.300898000141456679e-01,-3.947643424552549907e-01,2.468447261058397957e-01,-4.207893115015357011e-02,9.681410252370228342e-01,4.721929342313724298e-02,0.000000000000000000e+00,0.000000000000000000e+00,0.000000000000000000e+00,1.000000000000000000e+00
5.310548576334049864e-01,8.415778297937569485e-01,-9.862806184648807706e-02,7.089379409016677291e-02,-8.105017957509886850e-01,5.384622499650636440e-01,2.305325236208215223e-01,-3.947678507184499419e-01,2.471185490172423393e-01,-4.248719527330677148e-02,9.680533358082195061e-01,4.710827917293447520e-02,0.000000000000000000e+00,0.000000000000000000e+00,0.000000000000000000e+00,1.000000000000000000e+00
5.310538899757053510e-01,8.416874047633641220e-01,-9.769380023514610822e-02,7.087832720298137268e-02,-8.105405584568133870e-01,5.382118009699221606e-01,2.309806493913076353e-01,-3.947239906948658006e-01,2.469934595048799975e-01,-4.347838496800475461e-02,9.680412496388701715e-01,4.741265318711707089e-02,0.000000000000000000e+00,0.000000000000000000e+00,0.000000000000000000e+00,1.000000000000000000e+00
5.311175061612157799e-01,8.417126957357033978e-01,-9.712843294538463235e-02,7.087535899831326480e-02,-8.105329513459816893e-01,5.381236972115087669e-01,2.312125024339923285e-01,-3.947479431196415089e-01,2.468816101524440310e-01,-4.407521227120314578e-02,9.680427915292717511e-01,4.742612340881913191e-02,0.000000000000000000e+00,0.000000000000000000e+00,0.000000000000000000e+00,1.000000000000000000e+00
5.310108593249277531e-01,8.416532722026275337e-01,-9.822034753355279868e-02,7.086108031614127278e-02,-8.106980413744147018e-01,5.383372538243802463e-01,2.301340627906112712e-01,-3.948056239286097391e-01,2.465687591538919254e-01,-4.257664307381377189e-02,9.681895870509429347e-01,4.710608020945339369e-02,0.000000000000000000e+00,0.000000000000000000e+00,0.000000000000000000e+00,1.000000000000000000e+00
5.310612233505229707e-01,8.416259842762335852e-01,-9.818187024347557745e-02,7.088115444891651684e-02,-8.108147248161029497e-01,5.384009182129236848e-01,2.295733723428471373e-01,-3.947839232426761380e-01,2.460761245526124075e-01,-4.231020986170357101e-02,9.683265911182163954e-01,4.701884500859954130e-02,0.000000000000000000e+00,0.000000000000000000e+00,0.000000000000000000e+00,1.000000000000000000e+00
5.312509359157777666e-01,8.416115353583767389e-01,-9.727521082128920415e-02,7.090788636671790934e-02,-8.106750355738679970e-01,5.383328108163123460e-01,2.302254796844097062e-01,-3.947814736275631620e-01,2.461268570999887717e-01,-4.344891656099737764e-02,9.682632709463668830e-01,4.704085199222207692e-02,0.000000000000000000e+00,0.000000000000000000e+00,0.000000000000000000e+00,1.000000000000000000e+00
5.310872168655990100e-01,8.415541843304619185e-01,-9.865557722624268555e-02,7.089697164670452634e-02,-8.106958621840929524e-01,5.385377069927228533e-01,2.296722821426444572e-01,-3.947969089592975878e-01,2.464114184033330823e-01,-4.199634487560947871e-02,9.682549870243615242e-01,4.685199762727143558e-02,0.000000000000000000e+00,0.000000000000000000e+00,0.000000000000000000e+00,1.000000000000000000e+00
5.309910143244074288e-01,8.416665932383899928e-01,-9.821348447754085775e-02,7.086895216129687758e-02,-8.107920457854205232e-01,5.383302816719770512e-01,2.298189859999884010e-01,-3.948113527533535505e-01,2.463022557708923199e-01,-4.240110448388062503e-02,9.682651213075463836e-01,4.699325020134015318e-02,0.000000000000000000e+00,0.000000000000000000e+00,0.000000000000000000e+00,1.000000000000000000e+00
5.309617464215791172e-01,8.416398381569444309e-01,-9.860023663307922182e-02,7.085847343321505232e-02,-8.104673468108579693e-01,5.383487602812675465e-01,2.309183666514879052e-01,-3.947609419204018977e-01,2.474314118908820248e-01,-4.269654705915805482e-02,9.679642045442123921e-01,4.734704634187303363e-02,0.000000000000000000e+00,0.000000000000000000e+00,0.000000000000000000e+00,1.000000000000000000e+00
5.310998398998600933e-01,8.416176421745747982e-01,-9.804440034419319161e-02,7.089455837064306820e-02,-8.105580506558202059e-01,5.383603936936967038e-01,2.305726198380991243e-01,-3.947677384460730465e-01,2.468372066269178267e-01,-4.298640346059767747e-02,9.681030743377189163e-01,4.719587261366031683e-02,0.000000000000000000e+00,0.000000000000000000e+00,0.000000000000000000e+00,1.000000000000000000e+00
5.311478229317586619e-01,8.415102265298036732e-01,-9.870424935438222580e-02,7.089142603716777624e-02,-8.106176263316061670e-01,5.386026512762016605e-01,2.297961007475085582e-01,-3.947944765930040956e-01,2.465381391901990682e-01,-4.204429430975392679e-02,9.682206480139892157e-01,4.699428097369362511e-02,0.000000000000000000e+00,0.000000000000000000e+00,0.000000000000000000e+00,1.000000000000000000e+00
5.310598154912155033e-01,8.416114599190498424e-01,-9.831389984819936811e-02,7.088565531739612902e-02,-8.106014115372812689e-01,5.383987195782236057e-01,2.303305675986070666e-01,-3.947735909414643585e-01,2.467809230556592959e-01,-4.262592274021789751e-02,9.681333620562518893e-01,4.706128779154017394e-02,0.000000000000000000e+00,0.000000000000000000e+00,0.000000000000000000e+00,1.000000000000000000e+00
5.309964004156089157e-01,8.416013147401526506e-01,-9.874234032730204447e-02,7.087158211911240291e-02,-8.106098148768372535e-01,5.384493320663708005e-01,2.301826336251688587e-01,-3.947859034830790703e-01,2.468897542851990479e-01,-4.218463967992960861e-02,9.681249430750498153e-01,4.705178477926152958e-02,0.000000000000000000e+00,0.000000000000000000e+00,0.000000000000000000e+00,1.000000000000000000e+00
5.311466983016400745e-01,8.415497539852244691e-01,-9.837274241716960355e-02,7.090278401980129597e-02,-8.104009873395742192e-01,5.384734430913080683e-01,2.308605440616367521e-01,-3.947652546378316307e-01,2.472517433756731831e-01,-4.289944816428280239e-02,9.680011429460660954e-01,4.720682876744697332e-02,0.000000000000000000e+00,0.000000000000000000e+00,0.000000000000000000e+00,1.000000000000000000e+00
5.310956469916162659e-01,8.415763961127895598e-01,-9.842044123232635000e-02,7.088825488630617899e-02,-8.104889919470563697e-01,5.384469413586272513e-01,2.306132807844844534e-01,-3.947795797980375720e-01,2.470728792870658941e-01,-4.270902536172234421e-02,9.680552316234083410e-01,4.723523164498000249e-02,0.000000000000000000e+00,0.000000000000000000e+00,0.000000000000000000e+00,1.000000000000000000e+00
5.310376312747699945e-01,8.415524876462172621e-01,-9.893656910639572755e-02,7.086792067903754933e-02,-8.106529556210626541e-01,5.385539586463579109e-01,2.297855939113075674e-01,-3.947751263638283326e-01,2.466593191284627562e-01,-4.182157532661975874e-02,9.681994299338763099e-01,4.720624997503852782e-02,0.000000000000000000e+00,0.000000000000000000e+00,0.000000000000000000e+00,1.000000000000000000e+00
5.311906382944563410e-01,8.416028396106950416e-01,-9.767889305035659664e-02,7.088749026970755929e-02,-8.105738696913141750e-01,5.383606374548473017e-01,2.305164328477672109e-01,-3.947449197285886058e-01,2.465897555900827820e-01,-4.327221277477508177e-02,9.681534010886900798e-01,4.734832564558399959e-02,0.000000000000000000e+00,0.000000000000000000e+00,0.000000000000000000e+00,1.000000000000000000e+00
5.309577561719320826e-01,8.415858487496606921e-01,-9.908138243474617912e-02,7.087075601394871027e-02,-8.105019273356818266e-01,5.384822961139210662e-01,2.304852328393833805e-01,-3.947765900385720728e-01,2.473266806189992617e-01,-4.207227063271874734e-02,9.680183041129930555e-01,4.723884576634862498e-02,0.000000000000000000e+00,0.000000000000000000e+00,0.000000000000000000e+00,1.000000000000000000e+00
5.311191663573907595e-01,8.415817340949678371e-01,-9.824772753370666911e-02,7.088241847133849860e-02,-8.107021646147771765e-01,5.384617225886706438e-01,2.298281392600922679e-01,-3.947926824943421287e-01,2.463218045905502251e-01,-4.241648434923167565e-02,9.682594747477074604e-01,4.701091657486444753e-02,0.000000000000000000e+00,0.000000000000000000e+00,0.000000000000000000e+00,1.000000000000000000e+00
5.310162783031798783e-01,8.416210843906647421e-01,-9.846655516530176955e-02,7.087202673679704468e-02,-8.106307373150706264e-01,5.383988088898511437e-01,2.302271276500984232e-01,-3.947868667038110790e-01,2.467782808455091237e-01,-4.243433627466272617e-02,9.681424519190675593e-01,4.707035912023371793e-02,0.000000000000000000e+00,0.000000000000000000e+00,0.000000000000000000e+00,1.000000000000000000e+00
5.310090898851083097e-01,8.416374826722269331e-01,-9.836510672258820531e-02,7.086125173921936637e-02,-8.106179534040925949e-01,5.383611321547439044e-01,2.303602070758382636e-01,-3.947793862627629324e-01,2.468357350108562054e-01,-4.258684240724636139e-02,9.681211085269398886e-01,4.707927345976137268e-02,0.000000000000000000e+00,0.000000000000000000e+00,0.000000000000000000e+00,1.000000000000000000e+00
5.310591204424324197e-01,8.416042271166950250e-01,-9.837954815011505649e-02,7.088041776019604612e-02,-8.105391916017119502e-01,5.384051975462535999e-01,2.305342970857552909e-01,-3.947401877321912167e-01,2.469866989790214795e-01,-4.268686161443967231e-02,9.680782005462968964e-01,4.733819585076459724e-02,0.000000000000000000e+00,0.000000000000000000e+00,0.000000000000000000e+00,1.000000000000000000e+00
5.310720960909497412e-01,8.416544070436950964e-01,-9.787894491406656794e-02,7.089407745413478512e-02,-8.107165079313973788e-01,5.383128798355051314e-01,2.301260245403055626e-01,-3.947923062390722437e-01,2.463760794417456657e-01,-4.286143379695574185e-02,9.682260712105328349e-01,4.698411342795916212e-02,0.000000000000000000e+00,0.000000000000000000e+00,0.000000000000000000e+00,1.000000000000000000e+00
5.309935954086886234e-01,8.416697933571987145e-01,-9.817209677400369483e-02,7.085624930026135360e-02,-8.105407403067305117e-01,5.382782350900093826e-01,2.308251501275408457e-01,-3.947787417016503930e-01,2.471224593960880123e-01,-4.299419238030828538e-02,9.680299527822441297e-01,4.727056380771399446e-02,0.000000000000000000e+00,0.000000000000000000e+00,0.000000000000000000e+00,1.000000000000000000e+00
5.310386029914848649e-01,8.416690507933680676e-01,-9.793472861780644356e-02,7.088229642531249097e-02,-8.106308166184382769e-01,5.382772295330309209e-01,2.305109613766101462e-01,-3.947814051923932421e-01,2.467299764547802310e-01,-4.302130986890161102e-02,9.681288579604410138e-01,4.716509304550897674e-02,0.000000000000000000e+00,0.000000000000000000e+00,0.000000000000000000e+00,1.000000000000000000e+00
5.308914232718586756e-01,8.417256689212431198e-01,-9.824558501768092256e-02,7.086618733281660476e-02,-8.106392594201523583e-01,5.382057463802529806e-01,2.306481425245430761e-01,-3.947795086976011447e-01,2.470188004649187530e-01,-4.280739237983270662e-02,9.680646875981542276e-01,4.711746398464411456e-02,0.000000000000000000e+00,0.000000000000000000e+00,0.000000000000000000e+00,1.000000000000000000e+00
5.310633401417153010e-01,8.415236336025606612e-01,-9.904394401409861992e-02,7.087269771593798784e-02,-8.104446348897531571e-01,5.385754759596494967e-01,2.304689794164321293e-01,-3.947637259538555599e-01,2.472877322795037913e-01,-4.212399296339537635e-02,9.680260051676713440e-01,4.725611099518811642e-02,0.000000000000000000e+00,0.000000000000000000e+00,0.000000000000000000e+00,1.000000000000000000e+00
5.310884259491294168e-01,8.416062103560960628e-01,-9.820422858984671766e-02,7.088365159151938100e-02,-8.104853968363036065e-01,5.383792942631296929e-01,2.307837884770808923e-01,-3.947410126724446577e-01,2.471001929136756314e-01,-4.297350577722472420e-02,9.680365553341667706e-01,4.739590741712285116e-02,0.000000000000000000e+00,0.000000000000000000e+00,0.000000000000000000e+00,1.000000000000000000e+00
5.308481909157657386e-01,8.415991202673948068e-01,-9.955460294032482393e-02,7.085449414316180583e-02,-8.102094001802769840e-01,5.384450180347228887e-01,2.315981226458944109e-01,-3.947084728795566821e-01,2.485174562500078177e-01,-4.228336929259447763e-02,9.677040821554342420e-01,4.774891560409910696e-02,0.000000000000000000e+00,0.000000000000000000e+00,0.000000000000000000e+00,1.000000000000000000e+00
5.310555033592500029e-01,8.415635805901210409e-01,-9.874609954923931066e-02,7.087087907599831649e-02,-8.106700440752391268e-01,5.385240129973005718e-01,2.297954896518488166e-01,-3.947816527665281572e-01,2.465646608719573307e-01,-4.198365455290810344e-02,9.682165257624343324e-01,4.706130625796300926e-02,0.000000000000000000e+00,0.000000000000000000e+00,0.000000000000000000e+00,1.000000000000000000e+00
5.311033334563195485e-01,8.415971545672389365e-01,-9.820121494112367400e-02,7.088222463749846436e-02,-8.106019573661817912e-01,5.384147060519762773e-01,2.302912743051264421e-01,-3.947586664763883535e-01,2.466854594533299250e-01,-4.270636640234434789e-02,9.681541459721217935e-01,4.720575385791470069e-02,0.000000000000000000e+00,0.000000000000000000e+00,0.000000000000000000e+00,1.000000000000000000e+00
5.311180213994709520e-01,8.415991716953570290e-01,-9.810444203194927659e-02,7.088363333580016690e-02,-8.106742168272158544e-01,5.384165217284093696e-01,2.300325266162621674e-01,-3.948124091363015564e-01,2.464162363081848772e-01,-4.264367868242883997e-02,9.682254671057451967e-01,4.698012553856800722e-02,0.000000000000000000e+00,0.000000000000000000e+00,0.000000000000000000e+00,1.000000000000000000e+00
5.310596115445944676e-01,8.415980180386769538e-01,-9.843000060690512698e-02,7.087862051552334952e-02,-8.105817643331046929e-01,5.384268857755559745e-01,2.303338707282701348e-01,-3.947954345580911295e-01,2.468458877857509781e-01,-4.253545235926423085e-02,9.681207791261673412e-01,4.707187730505535406e-02,0.000000000000000000e+00,0.000000000000000000e+00,0.000000000000000000e+00,1.000000000000000000e+00
5.311034010440482955e-01,8.415869352386390334e-01,-9.828839115114114400e-02,7.088918222320944595e-02,-8.106409758275302524e-01,5.384453644719258136e-01,2.300821544320302003e-01,-3.947858568444515548e-01,2.465570637982909541e-01,-4.252081742311411561e-02,9.681950187729928547e-01,4.706524040855986080e-02,0.000000000000000000e+00,0.000000000000000000e+00,0.000000000000000000e+00,1.000000000000000000e+00
5.310131303682005255e-01,8.415776816763953505e-01,-9.885373579561118618e-02,7.086448691707658565e-02,-8.105911468768216555e-01,5.384945521070051422e-01,2.301425861417112917e-01,-3.947859809707353618e-01,2.469150622815133311e-01,-4.207877202652056392e-02,9.681230959765688704e-01,4.707442640156589420e-02,0.000000000000000000e+00,0.000000000000000000e+00,0.000000000000000000e+00,1.000000000000000000e+00
5.310831859963692780e-01,8.416099462972952416e-01,-9.820054910951309113e-02,7.088720643830384582e-02,-8.107472840982836715e-01,5.384179857818922610e-01,2.297714384205035154e-01,-3.947933520470533475e-01,2.462508698039520549e-01,-4.241191907983170306e-02,9.682777175174295259e-01,4.693309155451519388e-02,0.000000000000000000e+00,0.000000000000000000e+00,0.000000000000000000e+00,1.000000000000000000e+00
5.309611711010354673e-01,8.416721280592276422e-01,-9.832732901522348024e-02,7.087006787154156995e-02,-8.105353565468851329e-01,5.382850456141899942e-01,2.308281730108854846e-01,-3.947687509192844835e-01,2.472097703781766243e-01,-4.286302038331517295e-02,9.680134766175462202e-01,4.725752699199592399e-02,0.000000000000000000e+00,0.000000000000000000e+00,0.000000000000000000e+00,1.000000000000000000e+00
5.309890966402945889e-01,8.417039738530393000e-01,-9.790301144053889515e-02,7.086741356059203523e-02,-8.105077902958927050e-01,5.381937990564072960e-01,2.311375273011744280e-01,-3.947562809977747111e-01,2.472401689022103721e-01,-4.338035335533736714e-02,9.679826671092685020e-01,4.739212662650138519e-02,0.000000000000000000e+00,0.000000000000000000e+00,0.000000000000000000e+00,1.000000000000000000e+00
5.309084973967423959e-01,8.416894898503637368e-01,-9.846303909268604160e-02,7.085654090293225238e-02,-8.108609421699652930e-01,5.383216608082140864e-01,2.295959972820135198e-01,-3.948135085303664527e-01,2.462533245565822759e-01,-4.205463327768681203e-02,9.682926768104310744e-01,4.689727968280665849e-02,0.000000000000000000e+00,0.000000000000000000e+00,0.000000000000000000e+00,1.000000000000000000e+00
5.310984493850965382e-01,8.416495486223846134e-01,-9.777767825267108526e-02,7.088508422052680613e-02,-8.104482324543614835e-01,5.382664999312408716e-01,2.311770697179395540e-01,-3.947296100848502465e-01,2.472005250244175834e-01,-4.353403674721949279e-02,9.679858924964477307e-01,4.744822840007056897e-02,0.000000000000000000e+00,0.000000000000000000e+00,0.000000000000000000e+00,1.000000000000000000e+00
5.310094991900866646e-01,8.416689458357774489e-01,-9.809330958625292474e-02,7.084848953556688311e-02,-8.103494415213480240e-01,5.382402522928502187e-01,2.315841390030161095e-01,-3.947388074492587107e-01,2.477149458469001531e-01,-4.348351903215824654e-02,9.678566470178563419e-01,4.757520107917123653e-02,0.000000000000000000e+00,0.000000000000000000e+00,0.000000000000000000e+00,1.000000000000000000e+00
5.311133775160763459e-01,8.416323064382592589e-01,-9.784498445439787639e-02,7.089975228676806407e-02,-8.106951224553101687e-01,5.383442316988342746e-01,2.301280222479677451e-01,-3.947818942181638979e-01,2.463574611223194322e-01,-4.290161950331693175e-02,9.682290288941749479e-01,4.699922619226826193e-02,0.000000000000000000e+00,0.000000000000000000e+00,0.000000000000000000e+00,1.000000000000000000e+00
5.310701763311426182e-01,8.416373610761079815e-01,-9.803581107153827578e-02,7.088539348041977828e-02,-8.106662330831891916e-01,5.383449815636877078e-01,2.302280160273841303e-01,-3.947781328084324359e-01,2.465455867589639027e-01,-4.279291139941286681e-02,9.681859534116575849e-01,4.706771806166631933e-02,0.000000000000000000e+00,0.000000000000000000e+00,0.000000000000000000e+00,1.000000000000000000e+00
5.310415664426679783e-01,8.417513633973003895e-01,-9.720852292316567445e-02,7.088781675127664439e-02,-8.107719399532589133e-01,5.381063602450100181e-01,2.304135552616141114e-01,-3.948144183565196474e-01,2.462594487416611688e-01,-4.354523260534592932e-02,9.682252303172025343e-01,4.699395806318329427e-02,0.000000000000000000e+00,0.000000000000000000e+00,0.000000000000000000e+00,1.000000000000000000e+00
5.311873390079199231e-01,8.416463763393809971e-01,-9.732105667569859730e-02,7.090215723187201502e-02,-8.106573886638820392e-01,5.382738016310132378e-01,2.304255035414971564e-01,-3.947632920057240202e-01,2.463221652274538431e-01,-4.350507639903643253e-02,9.682110819677562930e-01,4.717004346115682978e-02,0.000000000000000000e+00,0.000000000000000000e+00,0.000000000000000000e+00,1.000000000000000000e+00
5.310483706863108333e-01,8.415846525578462023e-01,-9.860476951194602213e-02,7.087154449123339583e-02,-8.105368998890504217e-01,5.384549437993941812e-01,2.304261430832858226e-01,-3.947781982599314343e-01,2.470173311928987592e-01,-4.244462365342258070e-02,9.680810358710975061e-01,4.710265907202138003e-02,0.000000000000000000e+00,0.000000000000000000e+00,0.000000000000000000e+00,1.000000000000000000e+00
5.310053731330275362e-01,8.416896058001894776e-01,-9.793825193343010105e-02,7.086222788827453711e-02,-8.107122016679111365e-01,5.382566601234674009e-01,2.302726512191547448e-01,-3.947704434566550180e-01,2.465340134152336771e-01,-4.287627923050112144e-02,9.681852120894666180e-01,4.724944015541177045e-02,0.000000000000000000e+00,0.000000000000000000e+00,0.000000000000000000e+00,1.000000000000000000e+00
5.310630644781816345e-01,8.416498082312335871e-01,-9.796745302073650574e-02,7.088222836747712363e-02,-8.105592316373602113e-01,5.382999936117585094e-01,2.307094468916102148e-01,-3.947682918682552944e-01,2.469124410686804327e-01,-4.311284242436747016e-02,9.680782660836864117e-01,4.720355680741739057e-02,0.000000000000000000e+00,0.000000000000000000e+00,0.000000000000000000e+00,1.000000000000000000e+00
5.308972350819375352e-01,8.416552206360105037e-01,-9.881606832141626162e-02,7.086475952153228897e-02,-8.104444483943141764e-01,5.383348204344736709e-01,2.310312038981300053e-01,-3.947599833180135409e-01,2.476447492865340161e-01,-4.256889338392347288e-02,9.679152687435395030e-01,4.735606096734623627e-02,0.000000000000000000e+00,0.000000000000000000e+00,0.000000000000000000e+00,1.000000000000000000e+00
5.310085417375933758e-01,8.416052680659064089e-01,-9.864330370293132588e-02,7.087750213004007094e-02,-8.104176154511962826e-01,5.384022236452341570e-01,2.309682535333902609e-01,-3.947602170122387344e-01,2.474938729910534652e-01,-4.270384452928652208e-02,9.679479141432699718e-01,4.734412120696562809e-02,0.000000000000000000e+00,0.000000000000000000e+00,0.000000000000000000e+00,1.000000000000000000e+00
5.310314839207193049e-01,8.415868640132427858e-01,-9.867681290614534195e-02,7.088085171883209967e-02,-8.107037415757430976e-01,5.384850796658906535e-01,2.297678445133483072e-01,-3.947951736501807418e-01,2.465055911740130501e-01,-4.201629799940681531e-02,9.682301504406766179e-01,4.701282778150805974e-02,0.000000000000000000e+00,0.000000000000000000e+00,0.000000000000000000e+00,1.000000000000000000e+00
5.311698837936947859e-01,8.415678135818149830e-01,-9.809265871468766940e-02,7.091311473330647042e-02,-8.104298558745994807e-01,5.384265408942678910e-01,2.308685963220404869e-01,-3.947598512964709538e-01,2.471072707503134958e-01,-4.313322621549110780e-02,9.680276450280614897e-01,4.728525087852153419e-02,0.000000000000000000e+00,0.000000000000000000e+00,0.000000000000000000e+00,1.000000000000000000e+00
5.310833979762897838e-01,8.416934653729852833e-01,-9.748094553487636482e-02,7.087456982213735657e-02,-8.105294095891479866e-01,5.381831533488540265e-01,2.310864981831511067e-01,-3.947667901716229721e-01,2.469665981160721335e-01,-4.371502945097435755e-02,9.680374453579134730e-01,4.719530271196537008e-02,0.000000000000000000e+00,0.000000000000000000e+00,0.000000000000000000e+00,1.000000000000000000e+00
5.310337294739516656e-01,8.417157984017132888e-01,-9.755866379749385253e-02,7.086798257025309078e-02,-8.105182204799789014e-01,5.381490688441812331e-01,2.312050907140873468e-01,-3.947771493657761255e-01,2.471100816052523852e-01,-4.370462702171586111e-02,9.680012981117012139e-01,4.727750137018627008e-02,0.000000000000000000e+00,0.000000000000000000e+00,0.000000000000000000e+00,1.000000000000000000e+00
5.310208548819450591e-01,8.416689250437497938e-01,-9.803199628767783613e-02,7.089497943907371869e-02,-8.105839943182709950e-01,5.382766444833325670e-01,2.306769215998896450e-01,-3.947705555647944564e-01,2.469219306491141630e-01,-4.303108898764898549e-02,9.680794830720520494e-01,4.722347404213023125e-02,0.000000000000000000e+00,0.000000000000000000e+00,0.000000000000000000e+00,1.000000000000000000e+00
5.310637751136468854e-01,8.416684851154915270e-01,-9.780300570757483047e-02,7.088463535367595103e-02,-8.106819021265189162e-01,5.382771343007942688e-01,2.303314573684067668e-01,-3.948088433831187238e-01,2.465078504359878853e-01,-4.303356657678654440e-02,9.681848954725074119e-01,4.696092134998619549e-02,0.000000000000000000e+00,0.000000000000000000e+00,0.000000000000000000e+00,1.000000000000000000e+00
5.310918781890727747e-01,8.416379909294078310e-01,-9.791276293677649012e-02,7.089189929382516686e-02,-8.106468901733425714e-01,5.383312679872144235e-01,2.303281688364820778e-01,-3.948023838803745855e-01,2.465624390978726210e-01,-4.295274300423954084e-02,9.681745842018989467e-01,4.690051086290658588e-02,0.000000000000000000e+00,0.000000000000000000e+00,0.000000000000000000e+00,1.000000000000000000e+00
5.311195223399252097e-01,8.416245798793809962e-01,-9.787808504596708092e-02,7.087310179053701864e-02,-8.105763213331532713e-01,5.383391707758183875e-01,2.305579417465752345e-01,-3.947623418282925067e-01,2.467348380010870867e-01,-4.311616577642379822e-02,9.681233991415131301e-01,4.723669735425728433e-02,0.000000000000000000e+00,0.000000000000000000e+00,0.000000000000000000e+00,1.000000000000000000e+00
5.309120354206480208e-01,8.416542904291025584e-01,-9.874444818716979211e-02,7.085207571710111507e-02,-8.105924514809182968e-01,5.383564531178415269e-01,2.304608578230427085e-01,-3.947699290920114734e-01,2.471280806538584673e-01,-4.231293878545168419e-02,9.680585348849928273e-01,4.733565093887959208e-02,0.000000000000000000e+00,0.000000000000000000e+00,0.000000000000000000e+00,1.000000000000000000e+00
5.310212923071629953e-01,8.416660134144370309e-01,-9.805462242790823069e-02,7.087367014086792816e-02,-8.105219123299437500e-01,5.382724905111646585e-01,2.309046461029301556e-01,-3.947827198455508557e-01,2.471246987847266485e-01,-4.313986349024730160e-02,9.680229002604232580e-01,4.718932483001458955e-02,0.000000000000000000e+00,0.000000000000000000e+00,0.000000000000000000e+00,1.000000000000000000e+00
5.311714665321840556e-01,8.414963322069570761e-01,-9.869547114375328001e-02,7.088286500512139265e-02,-8.104412107257901177e-01,5.385954280876951161e-01,2.304343915311860558e-01,-3.947484677524398800e-01,2.470666248188215230e-01,-4.241329656217590616e-02,9.680698296999884489e-01,4.729240322884509240e-02,0.000000000000000000e+00,0.000000000000000000e+00,0.000000000000000000e+00,1.000000000000000000e+00
5.312448058422748476e-01,8.416512024549512860e-01,-9.696499199060842900e-02,7.089026465399264620e-02,-8.105380906060949409e-01,5.382168756070867532e-01,2.309774848083073207e-01,-3.947410897856266088e-01,2.465906728613834753e-01,-4.411176960722314189e-02,9.681152781770824278e-01,4.747355987474999317e-02,0.000000000000000000e+00,0.000000000000000000e+00,0.000000000000000000e+00,1.000000000000000000e+00
5.310260257994517952e-01,8.416057777392174089e-01,-9.854478575554782849e-02,7.088643889099807693e-02,-8.105188044545608150e-01,5.384114212762756146e-01,2.305914331990897015e-01,-3.947827214641495552e-01,2.471247206355313142e-01,-4.257765041929494065e-02,9.680477860806163681e-01,4.716554608159273521e-02,0.000000000000000000e+00,0.000000000000000000e+00,0.000000000000000000e+00,1.000000000000000000e+00
5.310983446475195935e-01,8.415464506073828677e-01,-9.866164291547274701e-02,7.089223574961917018e-02,-8.104602230727770973e-01,5.385109671235680517e-01,2.305648826349407932e-01,-3.947758469211825605e-01,2.471614353605535719e-01,-4.249129037526598596e-02,9.680422072992250770e-01,4.714352420283507428e-02,0.000000000000000000e+00,0.000000000000000000e+00,0.000000000000000000e+00,1.000000000000000000e+00
5.310004170855437966e-01,8.415839280906957098e-01,-9.886884764380078627e-02,7.088945990823891652e-02,-8.105194125381419701e-01,5.384728141973667004e-01,2.304458944507221663e-01,-3.947880584027306794e-01,2.471777476914207572e-01,-4.223174575840819844e-02,9.680493999256408744e-01,4.713165884227588087e-02,0.000000000000000000e+00,0.000000000000000000e+00,0.000000000000000000e+00,1.000000000000000000e+00
5.310483218113969395e-01,8.415788131228928437e-01,-9.865485899823815685e-02,7.088198044499063877e-02,-8.105652490074505279e-01,5.384734669199020551e-01,2.302830921382446050e-01,-3.947952273397139500e-01,2.469243953172490236e-01,-4.232524927185225827e-02,9.681099711661309559e-01,4.699402438775868163e-02,0.000000000000000000e+00,0.000000000000000000e+00,0.000000000000000000e+00,1.000000000000000000e+00
5.310428455341130727e-01,8.416748819209257659e-01,-9.786158260741591175e-02,7.086465714171141794e-02,-8.105944696176480280e-01,5.382554009590843069e-01,2.306896815283678015e-01,-3.947608040936074758e-01,2.468402358456101009e-01,-4.318004726458082865e-02,9.680936842506062678e-01,4.724249756240728182e-02,0.000000000000000000e+00,0.000000000000000000e+00,0.000000000000000000e+00,1.000000000000000000e+00
5.309507231155699003e-01,8.416187777565174999e-01,-9.883907400759600614e-02,7.085918182860936887e-02,-8.104234018240118465e-01,5.383949022869178869e-01,2.309650167611028149e-01,-3.947563238400712549e-01,2.475989487034420122e-01,-4.252954407333607578e-02,9.679287155993794300e-01,4.732465812543051875e-02,0.000000000000000000e+00,0.000000000000000000e+00,0.000000000000000000e+00,1.000000000000000000e+00
5.310335921110315160e-01,8.417037685568390382e-01,-9.766314579650857419e-02,7.087179290695735934e-02,-8.106899841583358191e-01,5.382078160688589241e-01,2.304649567889808237e-01,-3.947690410213725021e-01,2.465462910591276202e-01,-4.321009974074134508e-02,9.681672446666348408e-01,4.723891749878528223e-02,0.000000000000000000e+00,0.000000000000000000e+00,0.000000000000000000e+00,1.000000000000000000e+00
5.311891312336866067e-01,8.415935324165535469e-01,-9.776723916439765405e-02,7.090099402064115042e-02,-8.108588697089682551e-01,5.384328430266244192e-01,2.293424665528841500e-01,-3.948046792959427620e-01,2.456542290975176068e-01,-4.254879251980749066e-02,9.684232545646611623e-01,4.690961167267593268e-02,0.000000000000000000e+00,0.000000000000000000e+00,0.000000000000000000e+00,1.000000000000000000e+00
5.310262541659422908e-01,8.416314468713971264e-01,-9.832408160591588064e-02,7.087400774894284106e-02,-8.108235421433084289e-01,5.384036912491649840e-01,2.295357243556052640e-01,-3.948125755117846691e-01,2.461225322733914811e-01,-4.216601577612687224e-02,9.683210863246244360e-01,4.692172300217878345e-02,0.000000000000000000e+00,0.000000000000000000e+00,0.000000000000000000e+00,1.000000000000000000e+00
5.309907084473739491e-01,8.416583875245042812e-01,-9.828543255339124152e-02,7.087469066124629791e-02,-8.104490098561401012e-01,5.382902729536120923e-01,2.311189833543056960e-01,-3.947489279729888834e-01,2.474293231728165177e-01,-4.306670121076122681e-02,9.679483401923187902e-01,4.739281449818055769e-02,0.000000000000000000e+00,0.000000000000000000e+00,0.000000000000000000e+00,1.000000000000000000e+00
5.309445487893705851e-01,8.416285975143027454e-01,-9.878861248625628311e-02,7.086973560331766286e-02,-8.104973295935782307e-01,5.383871277281907508e-01,2.307235996127569022e-01,-3.947610649439560748e-01,2.473700968842648951e-01,-4.243353087708906513e-02,9.679914414005801326e-01,4.724877136093663665e-02,0.000000000000000000e+00,0.000000000000000000e+00,0.000000000000000000e+00,1.000000000000000000e+00
5.311280877737289963e-01,8.417228916171732855e-01,-9.698210198508908086e-02,7.089068675053389335e-02,-8.107876127388276011e-01,5.381403151920888250e-01,2.302790659053315370e-01,-3.947822731575671429e-01,2.460211401629844585e-01,-4.367579298173535074e-02,9.682799304438369781e-01,4.715679210485390627e-02,0.000000000000000000e+00,0.000000000000000000e+00,0.000000000000000000e+00,1.000000000000000000e+00
5.309960539567805116e-01,8.415629042602494891e-01,-9.907102934451814114e-02,7.086281105690547810e-02,-8.102342001611280153e-01,5.384747537135319284e-01,2.314421752887937667e-01,-3.947385791322670090e-01,2.481203973307824773e-01,-4.262414557742769117e-02,9.677910159958137415e-01,4.744171274566810759e-02,0.000000000000000000e+00,0.000000000000000000e+00,0.000000000000000000e+00,1.000000000000000000e+00
5.310015800350398329e-01,8.416596338454072068e-01,-9.821600050657133818e-02,7.086203553390665877e-02,-8.107621959256448019e-01,5.383371697410094248e-01,2.299081410760969724e-01,-3.947938348899768801e-01,2.463777255721751047e-01,-4.245176592858433684e-02,9.682437006825436177e-01,4.702953748748606166e-02,0.000000000000000000e+00,0.000000000000000000e+00,0.000000000000000000e+00,1.000000000000000000e+00
5.310199128358497056e-01,8.415837493745470521e-01,-9.876560616169151319e-02,7.085909270954718342e-02,-8.105369121150982625e-01,5.384684494455688197e-01,2.303945378054930160e-01,-3.947635079627733745e-01,2.470784617702003749e-01,-4.229091794185541042e-02,9.680721625937331876e-01,4.719533589203694923e-02,0.000000000000000000e+00,0.000000000000000000e+00,0.000000000000000000e+00,1.000000000000000000e+00
5.310775321284799677e-01,8.416154785268483707e-01,-9.818371133924129468e-02,7.088118070591858944e-02,-8.106270326392097658e-01,5.383865490320035585e-01,2.302688380479644414e-01,-3.947738658832709024e-01,2.466586078426474260e-01,-4.270023566017167038e-02,9.681612577725329238e-01,4.713124273091695571e-02,0.000000000000000000e+00,0.000000000000000000e+00,0.000000000000000000e+00,1.000000000000000000e+00
5.311570336707212014e-01,8.415577151998681060e-01,-9.824875352745134072e-02,7.089953991994937810e-02,-8.106240569764928683e-01,5.384891910679867610e-01,2.300391909086728082e-01,-3.947932688860814610e-01,2.464971477179642712e-01,-4.254413109375726476e-02,9.682092506666031273e-01,4.702446789172154418e-02,0.000000000000000000e+00,0.000000000000000000e+00,0.000000000000000000e+00,1.000000000000000000e+00
5.311298418420546952e-01,8.415716675783556644e-01,-9.827624043592571301e-02,7.086943113312235698e-02,-8.102768312368550108e-01,5.384072043816592323e-01,2.314500789170048645e-01,-3.946997907247625781e-01,2.476944647455723292e-01,-4.329908312322666708e-02,9.678701573739593167e-01,4.774359092343694044e-02,0.000000000000000000e+00,0.000000000000000000e+00,0.000000000000000000e+00,1.000000000000000000e+00
5.310236952926346010e-01,8.416766101831429925e-01,-9.795059422162273599e-02,7.089415699449008734e-02,-8.105553981234867589e-01,5.382523881483507466e-01,2.308339516307628680e-01,-3.947258456246602321e-01,2.470096791840985517e-01,-4.318391509822948338e-02,9.680502920128467581e-01,4.739781510127971664e-02,0.000000000000000000e+00,0.000000000000000000e+00,0.000000000000000000e+00,1.000000000000000000e+00
5.310043782755282660e-01,8.416945735188541278e-01,-9.790094566005944077e-02,7.086287334582902497e-02,-8.108325297044582936e-01,5.382662851639544721e-01,2.298260538513099693e-01,-3.947972885467396775e-01,2.461401207143779357e-01,-4.265736940682821055e-02,9.682950943849715220e-01,4.698453588930817659e-02,0.000000000000000000e+00,0.000000000000000000e+00,0.000000000000000000e+00,1.000000000000000000e+00
5.309868472071356260e-01,8.415873851029214148e-01,-9.891229108990047536e-02,7.086132471540293465e-02,-8.106323145269542785e-01,5.384893883796727510e-01,2.300096285966293785e-01,-3.947820825721350957e-01,2.468364210113641044e-01,-4.195058805443858951e-02,9.681487124528894705e-01,4.714278932827520308e-02,0.000000000000000000e+00,0.000000000000000000e+00,0.000000000000000000e+00,1.000000000000000000e+00
5.310673054361698675e-01,8.416684521670523278e-01,-9.778411795114992644e-02,7.088535069829415836e-02,-8.105477675147805261e-01,5.382522747077789216e-01,2.308610087232297325e-01,-3.947718776950843722e-01,2.469409517953052857e-01,-4.334403532921517199e-02,9.680606700655742802e-01,4.722993545398490589e-02,0.000000000000000000e+00,0.000000000000000000e+00,0.000000000000000000e+00,1.000000000000000000e+00
5.311506404905449452e-01,8.415897612545467643e-01,-9.800852441496499257e-02,7.089469596378633609e-02,-8.103971836554290098e-01,5.383770515411532287e-01,2.310985830705227784e-01,-3.947376030501890121e-01,2.472557417530132917e-01,-4.332232825425359757e-02,9.679812880654242724e-01,4.746600255982791339e-02,0.000000000000000000e+00,0.000000000000000000e+00,0.000000000000000000e+00,1.000000000000000000e+00
5.311220652105754780e-01,8.416462391788853692e-01,-9.767783741715446721e-02,7.089351850483835427e-02,-8.105376086774699340e-01,5.382802287380664685e-01,2.308314975671730274e-01,-3.947719027706230732e-01,2.468565104789867126e-01,-4.342814094263976188e-02,9.680784368058222844e-01,4.722048574214121608e-02,0.000000000000000000e+00,0.000000000000000000e+00,0.000000000000000000e+00,1.000000000000000000e+00
5.310775610858677886e-01,8.415910949196083735e-01,-9.839234250235796841e-02,7.089680609778853393e-02,-8.104907760355990476e-01,5.384201304030824531e-01,2.306696016772479263e-01,-3.947547035979140362e-01,2.471059005210093362e-01,-4.275736344470482120e-02,9.680446693200467356e-01,4.718018075292684799e-02,0.000000000000000000e+00,0.000000000000000000e+00,0.000000000000000000e+00,1.000000000000000000e+00
5.311073240129866591e-01,8.416382995377601484e-01,-9.782629059180426856e-02,7.089206506226625182e-02,-8.103718692266340673e-01,5.382759476224880935e-01,2.314226388606870355e-01,-3.947379806497151589e-01,2.474316955159461262e-01,-4.363458447493501202e-02,9.679223001314745112e-01,4.735525758296965648e-02,0.000000000000000000e+00,0.000000000000000000e+00,0.000000000000000000e+00,1.000000000000000000e+00
5.311614947093400430e-01,8.415905239060681442e-01,-9.794312946628666583e-02,7.089963156453857329e-02,-8.106228349401618516e-01,5.384101960810689924e-01,2.302283219534909664e-01,-3.947847240055816220e-01,2.464915536315902822e-01,-4.289348234236679824e-02,9.681952608646823277e-01,4.703801830158127473e-02,0.000000000000000000e+00,0.000000000000000000e+00,0.000000000000000000e+00,1.000000000000000000e+00
5.310267134703932079e-01,8.416514527641331123e-01,-9.815019939285517248e-02,7.085572969733766602e-02,-8.105541241696531118e-01,5.383101372799647955e-01,2.307037231888381390e-01,-3.947622175994152105e-01,2.470073710892038421e-01,-4.295379100439948583e-02,9.680611191789240122e-01,4.732331512924825567e-02,0.000000000000000000e+00,0.000000000000000000e+00,0.000000000000000000e+00,1.000000000000000000e+00
5.310763409652137224e-01,8.416246446319534114e-01,-9.811155699069439018e-02,7.087566266069555976e-02,-8.105234418752326198e-01,5.383475226828011717e-01,2.307242834900941897e-01,-3.947614829242613865e-01,2.470013567528053788e-01,-4.301049138790422055e-02,9.680601362481797700e-01,4.722060854942466968e-02,0.000000000000000000e+00,0.000000000000000000e+00,0.000000000000000000e+00,1.000000000000000000e+00
5.311667802215684908e-01,8.416367988192309246e-01,-9.751589851080384730e-02,7.088787021501663510e-02,-8.105875220899904088e-01,5.382927222195195149e-01,2.306270024032497923e-01,-3.947907386525000839e-01,2.465962704930092508e-01,-4.345623176043465763e-02,9.681434993326774041e-01,4.709929960315539788e-02,0.000000000000000000e+00,0.000000000000000000e+00,0.000000000000000000e+00,1.000000000000000000e+00
5.310881088498373703e-01,8.416937977088485567e-01,-9.745240652112865942e-02,7.088782765023210475e-02,-8.105700126982684495e-01,5.381875742464959922e-01,2.309337338740301282e-01,-3.947622429382395270e-01,2.468231657536066048e-01,-4.365416160148219427e-02,9.680767733099681083e-01,4.729462110346194237e-02,0.000000000000000000e+00,0.000000000000000000e+00,0.000000000000000000e+00,1.000000000000000000e+00
5.310634540280447791e-01,8.416196134970906906e-01,-9.822440619729110034e-02,7.089387158252022370e-02,-8.104675679148879430e-01,5.383549003133520916e-01,2.309032755651755364e-01,-3.947629249126672346e-01,2.472123159430560935e-01,-4.301659546742898910e-02,9.680060141137876162e-01,4.725174418817457145e-02,0.000000000000000000e+00,0.000000000000000000e+00,0.000000000000000000e+00,1.000000000000000000e+00
5.310902131887782485e-01,8.416191928135658973e-01,-9.808322865271164315e-02,7.089227694235666899e-02,-8.105751841125570234e-01,5.383636680502673633e-01,2.305047327591260853e-01,-3.947911387746469991e-01,2.468016538761293455e-01,-4.291497653854087213e-02,9.681153074054267282e-01,4.706961589657288059e-02,0.000000000000000000e+00,0.000000000000000000e+00,0.000000000000000000e+00,1.000000000000000000e+00
5.309835635191280101e-01,8.416041270230433247e-01,-9.878739115043735919e-02,7.087497314242069413e-02,-8.105264931129548822e-01,5.384336418737082353e-01,2.305125099872682715e-01,-3.947583154741794997e-01,2.471907345240579590e-01,-4.232855627583656521e-02,9.680418555460605923e-01,4.729545176632554693e-02,0.000000000000000000e+00,0.000000000000000000e+00,0.000000000000000000e+00,1.000000000000000000e+00
5.309732613556510383e-01,8.416063198743509721e-01,-9.882407638270956918e-02,7.086585676033207992e-02,-8.106615253310563984e-01,5.384556840101428765e-01,2.299855815156558458e-01,-3.947917487619916344e-01,2.467697045288761437e-01,-4.200331778230352586e-02,9.681634336319515644e-01,4.704068470653077760e-02,0.000000000000000000e+00,0.000000000000000000e+00,0.000000000000000000e+00,1.000000000000000000e+00
5.309726839620556582e-01,8.416774680922661789e-01,-9.821939010156370553e-02,7.086991362353373125e-02,-8.105983868528537917e-01,5.382787514435116716e-01,2.306214234973957833e-01,-3.947795658606786384e-01,2.469782664885352697e-01,-4.283719703956344327e-02,9.680737112596909943e-01,4.719008185952811019e-02,0.000000000000000000e+00,0.000000000000000000e+00,0.000000000000000000e+00,1.000000000000000000e+00
5.309462961591320251e-01,8.416997637959428014e-01,-9.817096424479887506e-02,7.085412555988046535e-02,-8.104206934994911959e-01,5.382061610179040834e-01,2.314139749241037047e-01,-3.947367579012937000e-01,2.476173058223174461e-01,-4.330861194063144459e-02,9.678894740563473986e-01,4.749320370726950458e-02,0.000000000000000000e+00,0.000000000000000000e+00,0.000000000000000000e+00,1.000000000000000000e+00
5.311640388391192236e-01,8.416453431073058766e-01,-9.745706885547102127e-02,7.088067594576683006e-02,-8.106753189981601437e-01,5.382891223342758380e-01,2.303266114538796705e-01,-3.947835303429945153e-01,2.463133999833262977e-01,-4.333517280893660339e-02,9.682209312890697195e-01,4.709830116171120906e-02,0.000000000000000000e+00,0.000000000000000000e+00,0.000000000000000000e+00,1.000000000000000000e+00
5.311352778839519839e-01,8.416515871799924442e-01,-9.755984001901849001e-02,7.088592385403194585e-02,-8.105033905881330325e-01,5.382560355982580758e-01,2.310079955048890965e-01,-3.947493629576905860e-01,2.469404187901956538e-01,-4.362391476525369349e-02,9.680482341434628601e-01,4.732482346485933355e-02,0.000000000000000000e+00,0.000000000000000000e+00,0.000000000000000000e+00,1.000000000000000000e+00
5.310454602899921106e-01,8.415756576988832061e-01,-9.869717054750359875e-02,7.088741929325340085e-02,-8.104463333116956880e-01,5.384615673494856924e-01,2.307290213847480176e-01,-3.947512234404930709e-01,2.473205610680572208e-01,-4.253883938505956253e-02,9.679994768680165729e-01,4.736404181072972897e-02,0.000000000000000000e+00,0.000000000000000000e+00,0.000000000000000000e+00,1.000000000000000000e+00
5.309265592070551154e-01,8.415837042302733995e-01,-9.926659812146881867e-02,7.086410916385954550e-02,-8.106077601858672210e-01,5.385174690110940965e-01,2.300304212410545501e-01,-3.947851458078945330e-01,2.470466511714116686e-01,-4.166298529794811023e-02,9.681075083899793876e-01,4.709834654563316292e-02,0.000000000000000000e+00,0.000000000000000000e+00,0.000000000000000000e+00,1.000000000000000000e+00
5.308964727773572978e-01,8.416869875014992841e-01,-9.854922761346990301e-02,7.085330989500901455e-02,-8.106391455500033816e-01,5.382943154114726569e-01,2.304417620520514687e-01,-3.947968917523135279e-01,2.470083215086507078e-01,-4.245285698683716469e-02,9.680829737368249477e-01,4.697724525265822848e-02,0.000000000000000000e+00,0.000000000000000000e+00,0.000000000000000000e+00,1.000000000000000000e+00
5.309760597768650170e-01,8.416424660986735473e-01,-9.850067615594532144e-02,7.086834541775943741e-02,-8.104391588609655139e-01,5.383319289733208279e-01,2.310564953265636379e-01,-3.947602228677876135e-01,2.474930175349720485e-01,-4.285666234328967816e-02,9.679413787850106310e-01,4.728335593797328151e-02,0.000000000000000000e+00,0.000000000000000000e+00,0.000000000000000000e+00,1.000000000000000000e+00
5.311157073523024019e-01,8.416348272931143404e-01,-9.781064814708631538e-02,7.089008510785427264e-02,-8.106674436005697482e-01,5.383325197586790178e-01,2.302528915266612297e-01,-3.947851921770160200e-01,2.464435052700322537e-01,-4.299901926278236475e-02,9.682028109092941648e-01,4.705095500658140750e-02,0.000000000000000000e+00,0.000000000000000000e+00,0.000000000000000000e+00,1.000000000000000000e+00
5.309624657144941251e-01,8.417994334054230698e-01,-9.722434839428609199e-02,7.085995952496615402e-02,-8.107218773487427921e-01,5.380166933902604809e-01,2.307987764732312985e-01,-3.948030576877018527e-01,2.465946017059474638e-01,-4.372358118589139697e-02,9.681318871196041842e-01,4.709606591376558349e-02,0.000000000000000000e+00,0.000000000000000000e+00,0.000000000000000000e+00,1.000000000000000000e+00
5.311228755739606511e-01,8.415951108830822536e-01,-9.811299801626596762e-02,7.089216614168389330e-02,-8.105155476532076575e-01,5.383965410706691435e-01,2.306376196017477787e-01,-3.947698598272960657e-01,2.469271918085740591e-01,-4.297480541936166132e-02,9.680806412921910686e-01,4.721085452148265915e-02,0.000000000000000000e+00,0.000000000000000000e+00,0.000000000000000000e+00,1.000000000000000000e+00
5.311014412428645137e-01,8.416741313652603695e-01,-9.754955510040223821e-02,7.088538900103411033e-02,-8.105122770266101062e-01,5.382183749689671837e-01,2.310645572884421073e-01,-3.947674849609478231e-01,2.469840235701321607e-01,-4.365360736867625324e-02,9.680357713766624128e-01,4.729931815389498695e-02,0.000000000000000000e+00,0.000000000000000000e+00,0.000000000000000000e+00,1.000000000000000000e+00
5.308981196882109899e-01,8.416540561194743031e-01,-9.882123420175809025e-02,7.084780053953873558e-02,-8.107690971611032360e-01,5.383926399739593638e-01,2.297538602732060176e-01,-3.948085312289640880e-01,2.465778935754202594e-01,-4.185468957604768225e-02,9.682187394181137607e-01,4.693406029173852190e-02,0.000000000000000000e+00,0.000000000000000000e+00,0.000000000000000000e+00,1.000000000000000000e+00
5.310924084152981450e-01,8.416919590614212465e-01,-9.744485504625159666e-02,7.089094005472307281e-02,-8.108470852156332009e-01,5.382388899993209019e-01,2.298388602686905480e-01,-3.948140255110456631e-01,2.459021311842375934e-01,-4.305279716401304302e-02,9.683380600469055910e-01,4.689342603452728575e-02,0.000000000000000000e+00,0.000000000000000000e+00,0.000000000000000000e+00,1.000000000000000000e+00
5.310320806703898722e-01,8.416674912962022193e-01,-9.798348531274921058e-02,7.087091681891583006e-02,-8.105416977726341843e-01,5.382680269699414710e-01,2.308455919304981396e-01,-3.947816223755994391e-01,2.470366075518609650e-01,-4.316671445736448842e-02,9.680441876754511954e-01,4.720217119626846092e-02,0.000000000000000000e+00,0.000000000000000000e+00,0.000000000000000000e+00,1.000000000000000000e+00
5.310610577186734016e-01,8.416729237792086593e-01,-9.777955998920455361e-02,7.087796783930569444e-02,-8.109896598245169841e-01,5.383212488936047757e-01,2.291418875878959982e-01,-3.948789334880960511e-01,2.454993373360468967e-01,-4.239012109664545835e-02,9.684694899690819980e-01,4.652267336244841900e-02,0.000000000000000000e+00,0.000000000000000000e+00,0.000000000000000000e+00,1.000000000000000000e+00
5.312417349892453178e-01,8.416166674392372427e-01,-9.728105722127387833e-02,7.090985701028820753e-02,-8.107167028246603513e-01,5.383318584349507940e-01,2.300809378351093282e-01,-3.947940350196303960e-01,2.460094444665241742e-01,-4.336121864574790652e-02,9.682970401435850860e-01,4.703446490239970856e-02,0.000000000000000000e+00,0.000000000000000000e+00,0.000000000000000000e+00,1.000000000000000000e+00
5.312208739769287424e-01,8.416164401939867368e-01,-9.739687185115131207e-02,7.091990411695076046e-02,-8.104862495371805142e-01,5.383003926987413035e-01,2.309647733563198746e-01,-3.947634204083205756e-01,2.468125247274606249e-01,-4.375448337693449430e-02,9.680749572332063568e-01,4.732520161982978202e-02,0.000000000000000000e+00,0.000000000000000000e+00,0.000000000000000000e+00,1.000000000000000000e+00
5.310584984202267878e-01,8.415821302102364232e-01,-9.857174730344986369e-02,7.090389516428008410e-02,-8.106343754729377071e-01,5.384735003532234998e-01,2.300395590305018279e-01,-3.948097303245383660e-01,2.466754559279351611e-01,-4.225881598138107875e-02,9.681763330688256675e-01,4.688259461226618185e-02,0.000000000000000000e+00,0.000000000000000000e+00,0.000000000000000000e+00,1.000000000000000000e+00
5.311356852733959411e-01,8.416663508787723957e-01,-9.743016795413589337e-02,7.088633393377491432e-02,-8.106971424060765985e-01,5.382550997101126500e-01,2.303293097516641019e-01,-3.947867525592699267e-01,2.463027144060360163e-01,-4.334975702893632821e-02,9.682229967532018922e-01,4.710510880156570934e-02,0.000000000000000000e+00,0.000000000000000000e+00,0.000000000000000000e+00,1.000000000000000000e+00
5.311411528152772954e-01,8.416218995609062725e-01,-9.778371012367201298e-02,7.090785169807928279e-02,-8.106849812122437493e-01,5.383555602344637370e-01,2.301372460110292506e-01,-3.948025024512110681e-01,2.463309501929518419e-01,-4.296357694755860435e-02,9.682330267207935881e-01,4.695975164260901558e-02,0.000000000000000000e+00,0.000000000000000000e+00,0.000000000000000000e+00,1.000000000000000000e+00
5.310839240112398274e-01,8.417665902841241499e-01,-9.684458238984228196e-02,7.086323953524484298e-02,-8.103874060268890789e-01,5.379832400145555527e-01,2.320480243752382488e-01,-3.947215069231659323e-01,2.474310364724555678e-01,-4.475534543359575845e-02,9.678712937396614091e-01,4.747396207247200905e-02,0.000000000000000000e+00,0.000000000000000000e+00,0.000000000000000000e+00,1.000000000000000000e+00
5.310663275108884473e-01,8.416230615909718882e-01,-9.817931545054241205e-02,7.087640363311453751e-02,-8.104940422326407656e-01,5.383502257434900073e-01,2.308212337444887630e-01,-3.947568111095606236e-01,2.471193300603827803e-01,-4.300763467307429366e-02,9.680301545253304774e-01,4.735970798017263839e-02,0.000000000000000000e+00,0.000000000000000000e+00,0.000000000000000000e+00,1.000000000000000000e+00
5.311169036288354572e-01,8.416031647143658034e-01,-9.807623474870408309e-02,7.088509245807714243e-02,-8.108897659454110673e-01,5.384447894161435988e-01,2.292051400723850163e-01,-3.948417273753193624e-01,2.457084088197128979e-01,-4.220570925087478720e-02,9.684245225839316351e-01,4.666765023550722979e-02,0.000000000000000000e+00,0.000000000000000000e+00,0.000000000000000000e+00,1.000000000000000000e+00
5.310240960155663270e-01,8.416844218171161129e-01,-9.788127257671723480e-02,7.086573649974436950e-02,-8.104653539555083386e-01,5.382180080045561033e-01,2.312299416109004913e-01,-3.947581016821546385e-01,2.473041032587680044e-01,-4.345929049115589138e-02,9.679627940067645486e-01,4.733407739657025104e-02,0.000000000000000000e+00,0.000000000000000000e+00,0.000000000000000000e+00,1.000000000000000000e+00
5.310084502652584471e-01,8.415691042976425340e-01,-9.895184909112229865e-02,7.087674603893059921e-02,-8.105633778648189125e-01,5.385116398236019508e-01,2.302004001709597736e-01,-3.947883265588568724e-01,2.470162670984713538e-01,-4.203161269995379923e-02,9.680993271987011761e-01,4.704687665592111045e-02,0.000000000000000000e+00,0.000000000000000000e+00,0.000000000000000000e+00,1.000000000000000000e+00
5.310785564148819970e-01,8.416543337567989891e-01,-9.784451637513516542e-02,7.088439757590003776e-02,-8.104594558137754312e-01,5.382654376292351772e-01,2.311401936830700665e-01,-3.947333158005917331e-01,2.472064671450247830e-01,-4.345458689490697135e-02,9.679879449039998640e-01,4.750679222424691872e-02,0.000000000000000000e+00,0.000000000000000000e+00,0.000000000000000000e+00,1.000000000000000000e+00
5.311383784741907643e-01,8.416568015488093968e-01,-9.749795545772051153e-02,7.089663881396376932e-02,-8.106781233615026894e-01,5.382732030209788077e-01,2.303539433406963655e-01,-3.948028380757441225e-01,2.463594999485100856e-01,-4.331036037906482727e-02,9.682103126227048495e-01,4.698864467692143165e-02,0.000000000000000000e+00,0.000000000000000000e+00,0.000000000000000000e+00,1.000000000000000000e+00
5.311701699909294749e-01,8.416067258923698446e-01,-9.775668490969131874e-02,7.090975648836814194e-02,-8.110547592525434446e-01,5.384434194465071988e-01,2.286238429135323824e-01,-3.948542291463231768e-01,2.450478075919184096e-01,-4.215214095960412299e-02,9.685942230918558327e-01,4.653512127109871166e-02,0.000000000000000000e+00,0.000000000000000000e+00,0.000000000000000000e+00,1.000000000000000000e+00
5.310366396347843132e-01,8.415911020839197398e-01,-9.861290107572126540e-02,7.086803733009039430e-02,-8.106549432265102162e-01,5.384648196537198395e-01,2.299873931712579922e-01,-3.947889998786534571e-01,2.466549216776750819e-01,-4.219069670508845959e-02,9.681845354702375284e-01,4.710239739620414312e-02,0.000000000000000000e+00,0.000000000000000000e+00,0.000000000000000000e+00,1.000000000000000000e+00
5.309592760738824913e-01,8.416808392457235666e-01,-9.826297368649808406e-02,7.085524672882184682e-02,-8.104659183025759717e-01,5.382532827559424193e-01,2.311458389684186432e-01,-3.947529974729722668e-01,2.474413918912138077e-01,-4.309023612219223254e-02,9.679442076534539030e-01,4.742479974132862708e-02,0.000000000000000000e+00,0.000000000000000000e+00,0.000000000000000000e+00,1.000000000000000000e+00
5.310020929239207543e-01,8.416710337813503306e-01,-9.811548401679089093e-02,7.087163982048663713e-02,-8.108318190527871172e-01,5.383222726592820084e-01,2.296973921717317402e-01,-3.948345518994996195e-01,2.461473918650460280e-01,-4.241463959977692655e-02,9.683039088146121465e-01,4.677264654806156940e-02,0.000000000000000000e+00,0.000000000000000000e+00,0.000000000000000000e+00,1.000000000000000000e+00
5.311267766027389925e-01,8.416309142020601541e-01,-9.778420851542735104e-02,7.090348331325752040e-02,-8.106564533136222384e-01,5.383352653092756679e-01,2.302851641451763576e-01,-3.947975384134488896e-01,2.464558010608863814e-01,-4.304121726666415571e-02,9.681978061014394621e-01,4.706426291506526915e-02,0.000000000000000000e+00,0.000000000000000000e+00,0.000000000000000000e+00,1.000000000000000000e+00
5.310734536839099018e-01,8.417043926567450152e-01,-9.744076238712529037e-02,7.088210568297476089e-02,-8.104857796410837034e-01,5.381536793396046736e-01,2.313080595500960623e-01,-3.947651348594745091e-01,2.471311145765114348e-01,-4.386721777804217237e-02,9.679885740093139290e-01,4.730039810913377885e-02,0.000000000000000000e+00,0.000000000000000000e+00,0.000000000000000000e+00,1.000000000000000000e+00
5.310677093108682190e-01,8.416083873887000300e-01,-9.829756052058885585e-02,7.089227515663784618e-02,-8.105094709373626971e-01,5.383868101477977675e-01,2.306816858350813071e-01,-3.947668032545443295e-01,2.470657516697594702e-01,-4.283649070443011631e-02,9.680514187872386600e-01,4.727118430931898097e-02,0.000000000000000000e+00,0.000000000000000000e+00,0.000000000000000000e+00,1.000000000000000000e+00
5.311591444629948366e-01,8.415926827094688534e-01,-9.793732517900774481e-02,7.091339953802866525e-02,-8.105809736613012184e-01,5.383987910914301844e-01,2.304023152869423274e-01,-3.947945977407968376e-01,2.466342401039167409e-01,-4.299416426872192110e-02,9.681544574329025155e-01,4.701875605640104538e-02,0.000000000000000000e+00,0.000000000000000000e+00,0.000000000000000000e+00,1.000000000000000000e+00
5.310960158409788745e-01,8.416498711755675544e-01,-9.778811946238323560e-02,7.088016304574670801e-02,-8.108736834892744660e-01,5.383410690396954745e-01,2.295054744657167300e-01,-3.948404515851031693e-01,2.458066137889188263e-01,-4.259563047248375589e-02,9.683825281789613104e-01,4.671390440083977857e-02,0.000000000000000000e+00,0.000000000000000000e+00,0.000000000000000000e+00,1.000000000000000000e+00
5.311375613544280228e-01,8.416209217665412412e-01,-9.781163000026552035e-02,7.088630333596618316e-02,-8.105096987959578003e-01,5.383286836395766439e-01,2.308164996887492881e-01,-3.947611267086639786e-01,2.469148012496560074e-01,-4.331803799479050365e-02,9.680685040368397498e-01,4.729093223047664551e-02,0.000000000000000000e+00,0.000000000000000000e+00,0.000000000000000000e+00,1.000000000000000000e+00
5.310111288938640373e-01,8.416544704122376208e-01,-9.820862195327020872e-02,7.087043068165804760e-02,-8.105530698141923951e-01,5.383092273581042697e-01,2.307095506386981909e-01,-3.947785792218808654e-01,2.470443320654278352e-01,-4.290603892480654435e-02,9.680538052288880646e-01,4.717877835492734206e-02,0.000000000000000000e+00,0.000000000000000000e+00,0.000000000000000000e+00,1.000000000000000000e+00
5.308303713960832448e-01,8.416978052618280248e-01,-9.881255700020180610e-02,7.085418893860703782e-02,-8.106395384510267643e-01,5.382955709346647355e-01,2.304374470697622135e-01,-3.947973466349785632e-01,2.471490552346952696e-01,-4.222183001179778683e-02,9.680571582128052466e-01,4.705742706367055384e-02,0.000000000000000000e+00,0.000000000000000000e+00,0.000000000000000000e+00,1.000000000000000000e+00
5.310175108499796126e-01,8.416631354961591205e-01,-9.809979366678403534e-02,7.088395334112815305e-02,-8.107724599061435500e-01,5.383243017391792229e-01,2.299020757078232835e-01,-3.948257166050033184e-01,2.463096048237509994e-01,-4.254541695410825330e-02,9.682569215181312527e-01,4.685633959139456906e-02,0.000000000000000000e+00,0.000000000000000000e+00,0.000000000000000000e+00,1.000000000000000000e+00
5.310025364024610894e-01,8.416229659956153686e-01,-9.852456263742681575e-02,7.086669110005050509e-02,-8.106478306722921801e-01,5.384028647215498564e-01,2.301574458624687236e-01,-3.948027699816183955e-01,2.467516990021745849e-01,-4.234546455491657035e-02,9.681531184018200564e-01,4.701932590350099694e-02,0.000000000000000000e+00,0.000000000000000000e+00,0.000000000000000000e+00,1.000000000000000000e+00
5.311647720577687970e-01,8.416590592066028886e-01,-9.733454155784017348e-02,7.087826076109121631e-02,-8.105381863454579339e-01,5.382321090433124233e-01,2.309416490601118865e-01,-3.947620519726474653e-01,2.467627066649954459e-01,-4.377470559860119348e-02,9.680867428847073075e-01,4.737380816502900771e-02,0.000000000000000000e+00,0.000000000000000000e+00,0.000000000000000000e+00,1.000000000000000000e+00
5.309953981864539152e-01,8.416015564233032542e-01,-9.874566993383954161e-02,7.086853469857443133e-02,-8.105344478125591223e-01,5.384362726423039813e-01,2.304783920723426083e-01,-3.947758066317328396e-01,2.471392239487676390e-01,-4.234619851812136682e-02,9.680542358034827100e-01,4.722489378263738935e-02,0.000000000000000000e+00,0.000000000000000000e+00,0.000000000000000000e+00,1.000000000000000000e+00
5.309868943079876225e-01,8.415890586601827428e-01,-9.889779783506462418e-02,7.087360678980508810e-02,-8.104092262399898994e-01,5.384473850114978033e-01,2.308923983144113290e-01,-3.947749727668771746e-01,2.475677767769037252e-01,-4.245314967993844835e-02,9.679400425563526866e-01,4.721110223075641876e-02,0.000000000000000000e+00,0.000000000000000000e+00,0.000000000000000000e+00,1.000000000000000000e+00
5.310653446147437506e-01,8.416223518825813876e-01,-9.819071524770447978e-02,7.086269293554869897e-02,-8.105563932973911534e-01,5.383631317807792138e-01,2.305720529984415512e-01,-3.947845528786116942e-01,2.469168544954924716e-01,-4.285971477767583360e-02,9.680883801674452505e-01,4.714093312278788694e-02,0.000000000000000000e+00,0.000000000000000000e+00,0.000000000000000000e+00,1.000000000000000000e+00
5.310576368825431492e-01,8.416344136425690792e-01,-9.812899714792820693e-02,7.086223412390585397e-02,-8.106674261099653389e-01,5.383572088727023308e-01,2.301952212775876805e-01,-3.947849839977225495e-01,2.465686730973199459e-01,-4.269694868866673321e-02,9.681843109758102583e-01,4.715252653666701654e-02,0.000000000000000000e+00,0.000000000000000000e+00,0.000000000000000000e+00,1.000000000000000000e+00
5.310277047656000171e-01,8.416381157488367348e-01,-9.825914150920929402e-02,7.086672746175304294e-02,-8.108242480147253017e-01,5.383876566836114375e-01,2.295708386578866333e-01,-3.948235886927574101e-01,2.461170770237904315e-01,-4.223758100883430455e-02,9.683193539054086862e-01,4.677122120694088281e-02,0.000000000000000000e+00,0.000000000000000000e+00,0.000000000000000000e+00,1.000000000000000000e+00
5.311948295383137619e-01,8.416171037691927426e-01,-9.753309035869688060e-02,7.088723446775552217e-02,-8.108327649854821795e-01,5.383705888205292389e-01,2.295807838627493269e-01,-3.947850978864835825e-01,2.457280616815256113e-01,-4.286910001612449783e-02,9.683903964652107454e-01,4.699339384492118299e-02,0.000000000000000000e+00,0.000000000000000000e+00,0.000000000000000000e+00,1.000000000000000000e+00
5.311422280439177523e-01,8.416928101962205533e-01,-9.716556412912942531e-02,7.089401946277690270e-02,-8.108122962781124654e-01,5.382100707569559273e-01,2.300289980415662072e-01,-3.947991403009779021e-01,2.459092389333050743e-01,-4.339508036380981815e-02,9.683209763334992282e-01,4.707908927443948954e-02,0.000000000000000000e+00,0.000000000000000000e+00,0.000000000000000000e+00,1.000000000000000000e+00
5.310726824238783950e-01,8.416719103979728445e-01,-9.772513100596473545e-02,7.088169967562543694e-02,-8.106393820515576110e-01,5.382579535357912004e-01,2.305258504431350053e-01,-3.947719679629367318e-01,2.466284619628785202e-01,-4.320614195329879059e-02,9.681464925554067458e-01,4.717950022934891408e-02,0.000000000000000000e+00,0.000000000000000000e+00,0.000000000000000000e+00,1.000000000000000000e+00
5.309727202891303399e-01,8.416124266185095459e-01,-9.877496479404490604e-02,7.085528058598949963e-02,-8.106372830234086502e-01,5.384375483901618908e-01,2.301134543133413202e-01,-3.947962656713339680e-01,2.468504925682488138e-01,-4.211329772050595444e-02,9.681380606473009021e-01,4.701755823049569294e-02,0.000000000000000000e+00,0.000000000000000000e+00,0.000000000000000000e+00,1.000000000000000000e+00
5.310228675035826296e-01,8.417048692300719281e-01,-9.771196089865259726e-02,7.087631242388928166e-02,-8.105796644287819319e-01,5.381902984675038804e-01,2.308935041311951930e-01,-3.947777392633092797e-01,2.469318161007116874e-01,-4.340640217578949078e-02,9.680602060034064760e-01,4.720658810502653679e-02,0.000000000000000000e+00,0.000000000000000000e+00,0.000000000000000000e+00,1.000000000000000000e+00
5.309728566416539453e-01,8.417132382781423727e-01,-9.791143966424406542e-02,7.086205321519262190e-02,-8.102930122640853439e-01,5.381408183972148374e-01,2.320122709055943977e-01,-3.947117630222862772e-01,2.479779421355793045e-01,-4.385526287800718681e-02,9.677725229268003826e-01,4.767485052301090320e-02,0.000000000000000000e+00,0.000000000000000000e+00,0.000000000000000000e+00,1.000000000000000000e+00
5.309846865583166542e-01,8.416761821353848649e-01,-9.816550853822876566e-02,7.089378967194717718e-02,-8.104119740773061409e-01,5.382443936707480558e-01,2.313555812037670079e-01,-3.947464590680702101e-01,2.475635169258391666e-01,-4.329176720823077473e-02,9.679039869632206639e-01,4.744168078714494641e-02,0.000000000000000000e+00,0.000000000000000000e+00,0.000000000000000000e+00,1.000000000000000000e+00
5.307653184150415981e-01,8.417011914888189450e-01,-9.913264353421886999e-02,7.085779359893146223e-02,-8.106152403904595127e-01,5.383093407587109525e-01,2.304907497029760610e-01,-3.947911884334294186e-01,2.473683666407197057e-01,-4.197806448878917129e-02,9.680117423292332601e-01,4.704717669541991221e-02,0.000000000000000000e+00,0.000000000000000000e+00,0.000000000000000000e+00,1.000000000000000000e+00
5.309126322540747012e-01,8.415372814848983696e-01,-9.973354893944538779e-02,7.087515408799011096e-02,-8.105152821343254432e-01,5.386146959397670742e-01,2.301286308663642588e-01,-3.947901480671450192e-01,2.473797775481350880e-01,-4.134263161337560499e-02,9.680361731213953380e-01,4.709643122007589611e-02,0.000000000000000000e+00,0.000000000000000000e+00,0.000000000000000000e+00,1.000000000000000000e+00
5.311451675062469624e-01,8.416670207500367429e-01,-9.737267181564927820e-02,7.090353146297592724e-02,-8.105176242938865183e-01,5.382178227687315353e-01,2.310470860302733520e-01,-3.947458474094155956e-01,2.468724199738705494e-01,-4.379727658021144443e-02,9.680577497341784632e-01,4.725037044786062346e-02,0.000000000000000000e+00,0.000000000000000000e+00,0.000000000000000000e+00,1.000000000000000000e+00
5.310530444757787238e-01,8.417165861011279837e-01,-9.744666559338709122e-02,7.088852702825443330e-02,-8.107465261040467386e-01,5.381794054330238941e-01,2.303323641566195068e-01,-3.948094092920632070e-01,2.463183597769912914e-01,-4.331415761641517481e-02,9.682206098750187895e-01,4.696290477947173692e-02,0.000000000000000000e+00,0.000000000000000000e+00,0.000000000000000000e+00,1.000000000000000000e+00
5.310028589404485189e-01,8.416276209351004622e-01,-9.848305172055504819e-02,7.087366885056198273e-02,-8.105136821456896401e-01,5.383687521223369243e-01,2.307090327509396799e-01,-3.947684044238629064e-01,2.471912920224062504e-01,-4.268529509516305609e-02,9.680260485807873350e-01,4.726030124809810218e-02,0.000000000000000000e+00,0.000000000000000000e+00,0.000000000000000000e+00,1.000000000000000000e+00
5.309717446484777392e-01,8.417011284761646284e-01,-9.802151144979773245e-02,7.085467487180541202e-02,-8.106050077762854134e-01,5.382246631458754704e-01,2.307243666141856331e-01,-3.947726387708681006e-01,2.469585547272253045e-01,-4.305139142304262312e-02,9.680692381971343075e-01,4.716365732208460670e-02,0.000000000000000000e+00,0.000000000000000000e+00,0.000000000000000000e+00,1.000000000000000000e+00
5.310233507692522226e-01,8.415583158859351043e-01,-9.896363928749107863e-02,7.085970124824358951e-02,-8.105165443448417717e-01,5.385228665560627404e-01,2.303389970012404975e-01,-3.947809957668630965e-01,2.471378811131392794e-01,-4.210371906934073927e-02,9.680651551209961125e-01,4.722252707269047889e-02,0.000000000000000000e+00,0.000000000000000000e+00,0.000000000000000000e+00,1.000000000000000000e+00
5.311421096732458214e-01,8.417061082461393395e-01,-9.705094885158203899e-02,7.088695615079709800e-02,-8.107928887502061643e-01,5.381751785571755597e-01,2.301789928230820736e-01,-3.947811427893226366e-01,2.459734759764758416e-01,-4.356953667519199158e-02,9.682968266962148629e-01,4.700110251881906009e-02,0.000000000000000000e+00,0.000000000000000000e+00,0.000000000000000000e+00,1.000000000000000000e+00
5.309825890545132321e-01,8.416336560504802389e-01,-9.854074854631435232e-02,7.084537112976793671e-02,-8.107173279724806392e-01,5.383977981703239601e-01,2.299243898556835863e-01,-3.947939884618155704e-01,2.465662268968061288e-01,-4.219715545447404181e-02,9.682068455786829730e-01,4.696952625788264335e-02,0.000000000000000000e+00,0.000000000000000000e+00,0.000000000000000000e+00,1.000000000000000000e+00
5.308882558451110123e-01,8.417410208355954326e-01,-9.813110438788499867e-02,7.083580333990788236e-02,-8.108656900351295382e-01,5.382101643929003698e-01,2.298404917938107195e-01,-3.948092151243825509e-01,2.462813280165379315e-01,-4.244847213760701010e-02,9.682683691433865425e-01,4.687822154561294141e-02,0.000000000000000000e+00,0.000000000000000000e+00,0.000000000000000000e+00,1.000000000000000000e+00
5.309903417417805027e-01,8.418425398923012892e-01,-9.669744052779484511e-02,7.085806154879426000e-02,-8.110071369850684331e-01,5.379531692273347154e-01,2.299430613816149382e-01,-3.947932405161403424e-01,2.455945454122089866e-01,-4.367523034794409953e-02,9.683882452393898221e-01,4.702219619876646384e-02,0.000000000000000000e+00,0.000000000000000000e+00,0.000000000000000000e+00,1.000000000000000000e+00
5.309255535524057823e-01,8.416328148769021134e-01,-9.885474954423693894e-02,7.086789386096012389e-02,-8.103160655737757789e-01,5.383537280405606973e-01,2.314371132248811691e-01,-3.947498005368479945e-01,2.480038920220968834e-01,-4.277228573752375751e-02,9.678143422757692349e-01,4.737386297291079629e-02,0.000000000000000000e+00,0.000000000000000000e+00,0.000000000000000000e+00,1.000000000000000000e+00
5.309976276994147204e-01,8.416113869354113763e-01,-9.864984925607947486e-02,7.088938060857552514e-02,-8.102645506528927122e-01,5.383658189276943062e-01,2.315892980376663968e-01,-3.947181268786041364e-01,2.480178972027215767e-01,-4.304089207912073500e-02,9.677988449446370822e-01,4.744905922596931447e-02,0.000000000000000000e+00,0.000000000000000000e+00,0.000000000000000000e+00,1.000000000000000000e+00
5.311036906141521907e-01,8.415365767617004611e-01,-9.871706938632976436e-02,7.090122415093175201e-02,-8.105407556112391720e-01,5.385456890450550649e-01,2.302004003127456899e-01,-3.947687932750128526e-01,2.468857090015305900e-01,-4.224607417483162985e-02,9.681232958190946203e-01,4.716768052561204350e-02,0.000000000000000000e+00,0.000000000000000000e+00,0.000000000000000000e+00,1.000000000000000000e+00
5.310882908764327226e-01,8.416224725163700127e-01,-9.806549367326578004e-02,7.089068331140194190e-02,-8.104387314225077743e-01,5.383329456420351544e-01,2.310556258710136368e-01,-3.947672837722525641e-01,2.472534932093494175e-01,-4.323486315233764088e-02,9.679857729863454718e-01,4.740789569524772595e-02,0.000000000000000000e+00,0.000000000000000000e+00,0.000000000000000000e+00,1.000000000000000000e+00
5.310639896657955994e-01,8.415890459207475693e-01,-9.848307807158483695e-02,7.087508411036266831e-02,-8.103906203757009763e-01,5.384131034145906991e-01,2.310375997073981225e-01,-3.947576099560178853e-01,2.474632928079121275e-01,-4.288598672847965254e-02,9.679476798128039405e-01,4.729646699384715269e-02,0.000000000000000000e+00,0.000000000000000000e+00,0.000000000000000000e+00,1.000000000000000000e+00
5.315584592280158116e-01,8.415356649096525921e-01,-9.624619009709868556e-02,7.091696282730308720e-02,-8.105404160428515414e-01,5.383583722502913727e-01,2.306393222958694200e-01,-3.947013175682694830e-01,2.459061576785323000e-01,-4.458685583314435374e-02,9.682676148166349250e-01,4.739924143730900319e-02,0.000000000000000000e+00,0.000000000000000000e+00,0.000000000000000000e+00,1.000000000000000000e+00
5.311662163597792308e-01,8.416143463020433479e-01,-9.771255137709083938e-02,7.088591756670226118e-02,-8.105567855169286684e-01,5.383405977030280010e-01,2.306232822531377180e-01,-3.947490076584608820e-01,2.466984962469370157e-01,-4.329772469000009449e-02,9.681245575782948531e-01,4.726395818456508024e-02,0.000000000000000000e+00,0.000000000000000000e+00,0.000000000000000000e+00,1.000000000000000000e+00
5.310304685687243786e-01,8.416936026703137896e-01,-9.776768727728539499e-02,7.086951537035357518e-02,-8.107967304105018203e-01,5.382516990105166155e-01,2.299864571402686630e-01,-3.947984161268551229e-01,2.462017534611021241e-01,-4.286009491543830985e-02,9.682704729859928916e-01,4.701235290734095962e-02,0.000000000000000000e+00,0.000000000000000000e+00,0.000000000000000000e+00,1.000000000000000000e+00
5.311444677329643094e-01,8.416163214174372520e-01,-9.781371028872855311e-02,7.088564910653255557e-02,-8.106750477443180891e-01,5.383655945505869678e-01,2.301487639961181109e-01,-3.947926462356282085e-01,2.463564924279730284e-01,-4.294710849375384110e-02,9.682272587107906281e-01,4.710576797991672393e-02,0.000000000000000000e+00,0.000000000000000000e+00,0.000000000000000000e+00,1.000000000000000000e+00
5.312715145794463245e-01,8.415158661290241815e-01,-9.798788113628979779e-02,7.090512875066518061e-02,-8.106585402803877516e-01,5.385468285399646060e-01,2.297826027792728709e-01,-3.947467670199990564e-01,2.461367686204811722e-01,-4.264223871543876276e-02,9.682966129293253399e-01,4.730810137143981464e-02,0.000000000000000000e+00,0.000000000000000000e+00,0.000000000000000000e+00,1.000000000000000000e+00
5.310060252289987570e-01,8.415764202193455334e-01,-9.890262939523729313e-02,7.088176717875244170e-02,-8.104436144448522450e-01,5.384751215527843193e-01,2.307069380713940854e-01,-3.947510959072925707e-01,2.474141244473804235e-01,-4.235176973286791657e-02,9.679837698145721259e-01,4.725215896020573680e-02,0.000000000000000000e+00,0.000000000000000000e+00,0.000000000000000000e+00,1.000000000000000000e+00
5.310242041315793582e-01,8.415832703613375099e-01,-9.874661348288781004e-02,7.086351289199849246e-02,-8.107592134167820319e-01,5.385057575197270685e-01,2.295235216223080466e-01,-3.947798716044124134e-01,2.463387758478633449e-01,-4.182281872400638034e-02,9.682809816100672595e-01,4.704560773076060798e-02,0.000000000000000000e+00,0.000000000000000000e+00,0.000000000000000000e+00,1.000000000000000000e+00
5.310865161866422657e-01,8.417274173666631221e-01,-9.717029987595443563e-02,7.086739506438469172e-02,-8.108067935147000860e-01,5.381504380580871549e-01,2.301878572129723299e-01,-3.948149730580896577e-01,2.460476700055219679e-01,-4.346332788842124928e-02,9.682827496210585361e-01,4.687849496495943846e-02,0.000000000000000000e+00,0.000000000000000000e+00,0.000000000000000000e+00,1.000000000000000000e+00
5.309934190710043911e-01,8.416695630889147184e-01,-9.817502469060102044e-02,7.086264403536940426e-02,-8.105564467275278018e-01,5.382815802071304612e-01,2.307621872798031326e-01,-3.947806506121389614e-01,2.470713167725649972e-01,-4.295680364540521712e-02,9.680446670731888137e-01,4.708423716888709976e-02,0.000000000000000000e+00,0.000000000000000000e+00,0.000000000000000000e+00,1.000000000000000000e+00
5.310218092135222667e-01,8.416652353074437487e-01,-9.805850199989016303e-02,7.086261209277469608e-02,-8.108743372736167965e-01,5.383352198513897680e-01,2.295168843868095887e-01,-3.948022779435685359e-01,2.459647277368643137e-01,-4.236534836892988376e-02,9.683524822950106969e-01,4.693590450934892466e-02,0.000000000000000000e+00,0.000000000000000000e+00,0.000000000000000000e+00,1.000000000000000000e+00
5.310266234913636474e-01,8.416777839932990668e-01,-9.792462956524895790e-02,7.086937152904887460e-02,-8.108013918836086686e-01,5.382912511640336461e-01,2.298774278607240706e-01,-3.948052941692292706e-01,2.461946954403460563e-01,-4.267360838256918643e-02,9.682805043398564626e-01,4.691078550883198695e-02,0.000000000000000000e+00,0.000000000000000000e+00,0.000000000000000000e+00,1.000000000000000000e+00
5.311386418531410802e-01,8.416237268186296250e-01,-9.778162192519480878e-02,7.088810948788701327e-02,-8.109060950239711518e-01,5.383906991770963657e-01,2.292744209295312641e-01,-3.948079509090711703e-01,2.456075084018714549e-01,-4.248479134370657107e-02,9.684379145413023471e-01,4.684649247445582532e-02,0.000000000000000000e+00,0.000000000000000000e+00,0.000000000000000000e+00,1.000000000000000000e+00
5.311255354499093695e-01,8.416124794075503512e-01,-9.794947727539281279e-02,7.090348606995447445e-02,-8.106373598656066992e-01,5.383758213375374746e-01,2.302575640217947583e-01,-3.947790387306160942e-01,2.465212696364474931e-01,-4.289416632372684834e-02,9.681876647180681639e-01,4.701662736695788603e-02,0.000000000000000000e+00,0.000000000000000000e+00,0.000000000000000000e+00,1.000000000000000000e+00
5.311885057739804683e-01,8.416394951985750605e-01,-9.737418269486854128e-02,7.087835994976673937e-02,-8.103386828933023533e-01,5.382330621547370963e-01,2.316384894836837072e-01,-3.947389410028996348e-01,2.473661058842819283e-01,-4.413763615580827693e-02,9.679162560543259630e-01,4.742720641273545645e-02,0.000000000000000000e+00,0.000000000000000000e+00,0.000000000000000000e+00,1.000000000000000000e+00
5.310808407523617269e-01,8.416747711179290992e-01,-9.765613267658480867e-02,7.086910878390653701e-02,-8.106343065537136017e-01,5.382469361554600429e-01,2.305694185217122549e-01,-3.947743538041706968e-01,2.466275767710189859e-01,-4.328758924729331214e-02,9.681430798147623307e-01,4.716641579175351318e-02,0.000000000000000000e+00,0.000000000000000000e+00,0.000000000000000000e+00,1.000000000000000000e+00
5.310021540870386580e-01,8.416028129442842953e-01,-9.869862004705491632e-02,7.087181251929394743e-02,-8.106138673713836340e-01,5.384442382220864243e-01,2.301802779358956552e-01,-3.947971646797214240e-01,2.468640726799545826e-01,-4.221975331175190083e-02,9.681299613430838225e-01,4.704654373908456755e-02,0.000000000000000000e+00,0.000000000000000000e+00,0.000000000000000000e+00,1.000000000000000000e+00
5.309960742674734169e-01,8.415773097636520816e-01,-9.894847549864416170e-02,7.086580435078454476e-02,-8.104699718684604814e-01,5.384815220663917712e-01,2.305993822467847509e-01,-3.947465793623107233e-01,2.473491334370681582e-01,-4.225259854773402712e-02,9.680047128521096500e-01,4.739202817017029723e-02,0.000000000000000000e+00,0.000000000000000000e+00,0.000000000000000000e+00,1.000000000000000000e+00
5.309861896449874497e-01,8.416825061631353355e-01,-9.810313565448013085e-02,7.085898756685127253e-02,-8.106250907535926808e-01,5.382660446932192588e-01,2.305572106247106290e-01,-3.947715458818967238e-01,2.468615576533275680e-01,-4.289783152166694313e-02,9.681007940311338045e-01,4.722754350642888177e-02,0.000000000000000000e+00,0.000000000000000000e+00,0.000000000000000000e+00,1.000000000000000000e+00
5.310805041130899351e-01,8.415439823180361767e-01,-9.877866153824647888e-02,7.089248192836611340e-02,-8.104086983197038574e-01,5.385150428175911053e-01,2.307364088021909843e-01,-3.947664752410656730e-01,2.473686314768912542e-01,-4.248852178493865706e-02,9.679894037011878005e-01,4.720641152969595744e-02,0.000000000000000000e+00,0.000000000000000000e+00,0.000000000000000000e+00,1.000000000000000000e+00
5.309980726532734785e-01,8.416753681105759721e-01,-9.810005889109031652e-02,7.086125986139538147e-02,-8.104681572306779991e-01,5.382506193285859775e-01,2.311441907284338404e-01,-3.947259858672783617e-01,2.473507892722758283e-01,-4.323014582811607331e-02,9.679611260469409562e-01,4.753232489329817234e-02,0.000000000000000000e+00,0.000000000000000000e+00,0.000000000000000000e+00,1.000000000000000000e+00
5.310146727665276956e-01,8.417122778690433460e-01,-9.769267419394210561e-02,7.086304022077943854e-02,-8.105546288076992401e-01,5.381717887245269782e-01,2.310244998684249373e-01,-3.947668428150418740e-01,2.470315992440447195e-01,-4.349214993018013509e-02,9.680308992327570916e-01,4.724649941172520684e-02,0.000000000000000000e+00,0.000000000000000000e+00,0.000000000000000000e+00,1.000000000000000000e+00
5.309393424030517394e-01,8.416672381217025212e-01,-9.848692786964359513e-02,7.087647693922941028e-02,-8.103750567024419205e-01,5.382776052985022153e-01,2.314076211118032134e-01,-3.947446729114024722e-01,2.477815210283628722e-01,-4.305206042334361327e-02,9.678588936049385971e-01,4.732587165286794573e-02,0.000000000000000000e+00,0.000000000000000000e+00,0.000000000000000000e+00,1.000000000000000000e+00
5.310985099907661322e-01,8.416827759512830465e-01,-9.749090907633571612e-02,7.088675096940444398e-02,-8.105697670495211060e-01,5.382092858080192999e-01,2.308839912495167790e-01,-3.947771093886169869e-01,2.468015912243541887e-01,-4.359896027388796003e-02,9.680847613882591629e-01,4.717870020688241794e-02,0.000000000000000000e+00,0.000000000000000000e+00,0.000000000000000000e+00,1.000000000000000000e+00
5.311768033339679951e-01,8.416125642315271937e-01,-9.767034006053600115e-02,7.088387201532148074e-02,-8.106114789228838768e-01,5.383500146249035057e-01,2.304089668216528497e-01,-3.947463821350866708e-01,2.464959103887169878e-01,-4.321519965243575401e-02,9.681798452150498502e-01,4.733121218335090141e-02,0.000000000000000000e+00,0.000000000000000000e+00,0.000000000000000000e+00,1.000000000000000000e+00
5.309330774129621400e-01,8.416791013272501010e-01,-9.841929535286531028e-02,7.085372642213116912e-02,-8.103773642768786756e-01,5.382526810685700491e-01,2.314575096862392933e-01,-3.947188406672339500e-01,2.477873983407163361e-01,-4.313167874601288310e-02,9.678538440860222636e-01,4.756766043085902673e-02,0.000000000000000000e+00,0.000000000000000000e+00,0.000000000000000000e+00,1.000000000000000000e+00
5.310779370962601664e-01,8.416795065942648257e-01,-9.763110625623311334e-02,7.087715274886499661e-02,-8.107466686024684677e-01,5.382566519673572802e-01,2.301512892922626397e-01,-3.947730636242094415e-01,2.462642159948948417e-01,-4.307417778816480247e-02,9.682450883574331701e-01,4.712685369344260522e-02,0.000000000000000000e+00,0.000000000000000000e+00,0.000000000000000000e+00,1.000000000000000000e+00
5.310975448561834344e-01,8.416659247504790775e-01,-9.764153297473160409e-02,7.087983450135582064e-02,-8.105674653329376644e-01,5.382491525172884428e-01,2.307991203582850370e-01,-3.947746091063069618e-01,2.468112274420912189e-01,-4.343179628270131543e-02,9.680898187049519210e-01,4.719832368848164705e-02,0.000000000000000000e+00,0.000000000000000000e+00,0.000000000000000000e+00,1.000000000000000000e+00
5.311721364970773962e-01,8.416411498630138599e-01,-9.744914707884395899e-02,7.088760626733014991e-02,-8.107212280869056098e-01,5.383037361725021563e-01,2.301307844508960199e-01,-3.947672740524605373e-01,2.461447780034948796e-01,-4.323496825474894278e-02,9.682682922525249758e-01,4.717970492938183824e-02,0.000000000000000000e+00,0.000000000000000000e+00,0.000000000000000000e+00,1.000000000000000000e+00
5.311363161793858367e-01,8.416735318487988948e-01,-9.736467234351624256e-02,7.088763576309470293e-02,-8.107838003762473100e-01,5.382531073597232041e-01,2.300287405196394797e-01,-3.947728189174749547e-01,2.460159398958547960e-01,-4.323491878992094528e-02,9.683010374436185064e-01,4.710849412553397286e-02,0.000000000000000000e+00,0.000000000000000000e+00,0.000000000000000000e+00,1.000000000000000000e+00
5.310242218041781870e-01,8.416811861846451581e-01,-9.790840964940476787e-02,7.085672069137949336e-02,-8.107189846947975287e-01,5.382699282328851087e-01,2.302177495667990237e-01,-3.947861586983809623e-01,2.464711011715239874e-01,-4.287499484517087733e-02,9.682012864607869584e-01,4.712618512448063512e-02,0.000000000000000000e+00,0.000000000000000000e+00,0.000000000000000000e+00,1.000000000000000000e+00
5.310714254738773121e-01,8.415780908000244365e-01,-9.853658270170484457e-02,7.086949385488697239e-02,-8.108982646139929473e-01,5.385227691960514651e-01,2.289917716937246994e-01,-3.948287824146691216e-01,2.457786514145577361e-01,-4.170784270136936034e-02,9.684282680539839649e-01,4.668926152257468765e-02,0.000000000000000000e+00,0.000000000000000000e+00,0.000000000000000000e+00,1.000000000000000000e+00
5.311767092533034029e-01,8.416498299865883270e-01,-9.734920251537169944e-02,7.089267101641805180e-02,-8.108002727952846600e-01,5.382952238933569333e-01,2.298720721807955836e-01,-3.947862886156439655e-01,2.458744012334830864e-01,-4.317193089436603681e-02,9.683397973856742169e-01,4.701737001153971640e-02,0.000000000000000000e+00,0.000000000000000000e+00,0.000000000000000000e+00,1.000000000000000000e+00
5.310824658506465568e-01,8.416446204999196157e-01,-9.790682943259504389e-02,7.087721677475566917e-02,-8.106558722960391927e-01,5.383210944199656733e-01,2.303203334802167157e-01,-3.947660662484851479e-01,2.465531812367153797e-01,-4.295034442279685449e-02,9.681770482386051757e-01,4.720448653479425438e-02,0.000000000000000000e+00,0.000000000000000000e+00,0.000000000000000000e+00,1.000000000000000000e+00
5.310615596798409221e-01,8.416870348766571919e-01,-9.765528736814955979e-02,7.088591955823048130e-02,-8.105998373944256485e-01,5.382199143144492659e-01,2.307536076673076253e-01,-3.947876550611077451e-01,2.467823402242259601e-01,-4.338501072822253946e-02,9.680992807545962808e-01,4.706432601509669134e-02,0.000000000000000000e+00,0.000000000000000000e+00,0.000000000000000000e+00,1.000000000000000000e+00
5.309113179619968648e-01,8.416250037816829233e-01,-9.899760335148494184e-02,7.083737869933171005e-02,-8.105357534785714302e-01,5.384153279992940355e-01,2.305227253620285299e-01,-3.947526938377109440e-01,2.473155166842148645e-01,-4.214602691707738935e-02,9.680179479856378943e-01,4.730817714540269669e-02,0.000000000000000000e+00,0.000000000000000000e+00,0.000000000000000000e+00,1.000000000000000000e+00
5.308998456404705468e-01,8.416791722155946287e-01,-9.859779387692370334e-02,7.087761555145311032e-02,-8.103688981350297693e-01,5.382646088505245174e-01,2.314594128446929577e-01,-3.947469458814736876e-01,2.478862699593156749e-01,-4.298118096869397997e-02,9.678352211240268677e-01,4.738994449045708102e-02,0.000000000000000000e+00,0.000000000000000000e+00,0.000000000000000000e+00,1.000000000000000000e+00
5.309998924920174002e-01,8.416585163728199648e-01,-9.823469850602478681e-02,7.087300149941108685e-02,-8.106253606614769458e-01,5.383168383558912806e-01,2.304376405775925840e-01,-3.947997617030866713e-01,2.468311950015971701e-01,-4.273082446689800695e-02,9.681159216821416669e-01,4.700468236491950336e-02,0.000000000000000000e+00,0.000000000000000000e+00,0.000000000000000000e+00,1.000000000000000000e+00
5.310568213374468050e-01,8.416894489459336715e-01,-9.766024802373732272e-02,7.087617479333879755e-02,-8.107653870296553933e-01,5.382451916675372594e-01,2.301121484003601503e-01,-3.947798347733467716e-01,2.462481262986997155e-01,-4.302307729424854899e-02,9.682514524205543260e-01,4.702264602235040059e-02,0.000000000000000000e+00,0.000000000000000000e+00,0.000000000000000000e+00,1.000000000000000000e+00
5.308587349546874945e-01,8.416768164488783732e-01,-9.883896081399243250e-02,7.086252290204322901e-02,-8.105411839523841699e-01,5.383163991090368361e-01,2.307345738448130235e-01,-3.947927657602335327e-01,2.474105750354584632e-01,-4.237441566276964333e-02,9.679836859461332654e-01,4.711919285103816080e-02,0.000000000000000000e+00,0.000000000000000000e+00,0.000000000000000000e+00,1.000000000000000000e+00
5.312012965086791993e-01,8.415825586755791843e-01,-9.779560072193341225e-02,7.089061568639973276e-02,-8.105499489125322921e-01,5.383998713670874459e-01,2.305089126905840446e-01,-3.947670238746879834e-01,2.466454193886233603e-01,-4.317841410901063215e-02,9.681434096504717424e-01,4.717008555414525794e-02,0.000000000000000000e+00,0.000000000000000000e+00,0.000000000000000000e+00,1.000000000000000000e+00
5.309685197962615844e-01,8.416604076762584929e-01,-9.838795218725654435e-02,7.086608961870469181e-02,-8.104513815769859297e-01,5.382950030004156616e-01,2.310996491661932994e-01,-3.947792423637361825e-01,2.474691679489025020e-01,-4.296798686251647459e-02,9.679425411767276222e-01,4.724507870338534588e-02,0.000000000000000000e+00,0.000000000000000000e+00,0.000000000000000000e+00,1.000000000000000000e+00
5.310261034135849156e-01,8.417067797088966241e-01,-9.767791196306284396e-02,7.087681708217655197e-02,-8.106683395087619370e-01,5.382000133741999814e-01,2.305592958917901947e-01,-3.947729152506925798e-01,2.466335760019136569e-01,-4.324861380541790423e-02,9.681432934191189776e-01,4.715941598622808151e-02,0.000000000000000000e+00,0.000000000000000000e+00,0.000000000000000000e+00,1.000000000000000000e+00
5.308892286727702192e-01,8.416146986788221040e-01,-9.920345682982263658e-02,7.083158543665690754e-02,-8.105858930215062985e-01,5.384565187963430422e-01,2.302500540721990618e-01,-3.947453368463718082e-01,2.471985778959059354e-01,-4.182435096303116495e-02,9.680617680462144659e-01,4.721824596041668265e-02,0.000000000000000000e+00,0.000000000000000000e+00,0.000000000000000000e+00,1.000000000000000000e+00
5.311241585286399225e-01,8.416116758410163712e-01,-9.796384698101831545e-02,7.089587038292166632e-02,-8.103832463167095490e-01,5.383338636341176153e-01,2.312480169730213309e-01,-3.947323737209300076e-01,2.473582873413293359e-01,-4.343314808806159055e-02,9.679501223362312334e-01,4.748666847906912736e-02,0.000000000000000000e+00,0.000000000000000000e+00,0.000000000000000000e+00,1.000000000000000000e+00
5.310389225575959937e-01,8.416244244908810401e-01,-9.831577100984935369e-02,7.087671977251169819e-02,-8.109308967191521944e-01,5.384333721465078826e-01,2.290864127468325573e-01,-3.948207139688054701e-01,2.457412124067504533e-01,-4.192650545101071768e-02,9.684283270668649912e-01,4.692124769328498424e-02,0.000000000000000000e+00,0.000000000000000000e+00,0.000000000000000000e+00,1.000000000000000000e+00
5.309912144189259386e-01,8.417050090321460676e-01,-9.788262348399405510e-02,7.084599592999393791e-02,-8.106839813538764261e-01,5.382213062802766457e-01,2.304545678483734261e-01,-3.947704908568322457e-01,2.466572775860101929e-01,-4.301747593882981890e-02,9.681475528955854060e-01,4.718165131000207069e-02,0.000000000000000000e+00,0.000000000000000000e+00,0.000000000000000000e+00,1.000000000000000000e+00
5.309509375773393547e-01,8.416211043892313226e-01,-9.881810832228543617e-02,7.086307741312708464e-02,-8.107209801663247672e-01,5.384402324191299716e-01,2.298121155000034666e-01,-3.947946691708932310e-01,2.466223716614086570e-01,-4.190504455413333884e-02,9.682052329113999267e-01,4.703249826017175117e-02,0.000000000000000000e+00,0.000000000000000000e+00,0.000000000000000000e+00,1.000000000000000000e+00
5.309627348278662673e-01,8.416233605641081361e-01,-9.873547071286212229e-02,7.086171503510155234e-02,-8.105513988928760849e-01,5.384013458249321538e-01,2.305003699925531335e-01,-3.947843952618716457e-01,2.471538063168659816e-01,-4.235693292342405936e-02,9.680500432603709182e-01,4.720002364090092328e-02,0.000000000000000000e+00,0.000000000000000000e+00,0.000000000000000000e+00,1.000000000000000000e+00
5.310852381919136667e-01,8.415901225312801825e-01,-9.835921630647070923e-02,7.085761283006197786e-02,-8.104745511714325223e-01,5.384164840490642812e-01,2.307351113456913294e-01,-3.947616945168203051e-01,2.471426140472403055e-01,-4.282236987870349787e-02,9.680324235065002059e-01,4.727413033854155344e-02,0.000000000000000000e+00,0.000000000000000000e+00,0.000000000000000000e+00,1.000000000000000000e+00
5.310486432224087450e-01,8.416402663098109249e-01,-9.812747147251453528e-02,7.088643240912745336e-02,-8.106070824553378573e-01,5.383366692482841609e-01,2.304556105108065966e-01,-3.947818386978346195e-01,2.467863375571748286e-01,-4.284031592570131108e-02,9.681225185515014431e-01,4.707129011543331742e-02,0.000000000000000000e+00,0.000000000000000000e+00,0.000000000000000000e+00,1.000000000000000000e+00
5.311671285771054629e-01,8.416817683218004165e-01,-9.712508632603587821e-02,7.089434932549237844e-02,-8.107565972108951025e-01,5.382159614671039316e-01,2.302114656159662820e-01,-3.947988811826937949e-01,2.460390651871426915e-01,-4.353595866324856678e-02,9.682816732258794357e-01,4.704397385558833911e-02,0.000000000000000000e+00,0.000000000000000000e+00,0.000000000000000000e+00,1.000000000000000000e+00
5.310348789911052414e-01,8.416085126088705959e-01,-9.847369597606760172e-02,7.087121652800895677e-02,-8.105419456065126038e-01,5.384054376266370623e-01,2.305240532926636776e-01,-3.947939620147465911e-01,2.470297789889137619e-01,-4.259925161730269971e-02,9.680710676672114046e-01,4.708405361295286973e-02,0.000000000000000000e+00,0.000000000000000000e+00,0.000000000000000000e+00,1.000000000000000000e+00
5.310181432524093692e-01,8.416805900377545280e-01,-9.794649503918553823e-02,7.085396813263672433e-02,-8.106598346200842853e-01,5.382635228716852183e-01,2.304409088671121597e-01,-3.947706142970061616e-01,2.466786656168334091e-01,-4.296701408592852600e-02,9.681443444187639580e-01,4.725733982970825586e-02,0.000000000000000000e+00,0.000000000000000000e+00,0.000000000000000000e+00,1.000000000000000000e+00
5.310187200479106195e-01,8.415956982488375093e-01,-9.867015581081535480e-02,7.087685836480747681e-02,-8.109974104232033909e-01,5.385193647534549655e-01,2.286484071066183232e-01,-3.948665954823705193e-01,2.455653054597435880e-01,-4.139534363412482321e-02,9.684957956955083658e-01,4.646918043873071724e-02,0.000000000000000000e+00,0.000000000000000000e+00,0.000000000000000000e+00,1.000000000000000000e+00
5.310116447511898929e-01,8.415550884420113231e-01,-9.905385533130199593e-02,7.087793449613388752e-02,-8.105591720308669146e-01,5.385422485930100311e-01,2.301435967326052046e-01,-3.948002935133141378e-01,2.470232008845962834e-01,-4.191991886612982110e-02,9.681024008992982210e-01,4.703306636741766411e-02,0.000000000000000000e+00,0.000000000000000000e+00,0.000000000000000000e+00,1.000000000000000000e+00
5.310766977849145087e-01,8.415984116608776766e-01,-9.833440171048375700e-02,7.089186563224755822e-02,-8.105348293539984539e-01,5.384109495631679287e-01,2.305362006162433586e-01,-3.947601017335571338e-01,2.469632188686313734e-01,-4.272894663312060137e-02,9.680823341253927961e-01,4.725375434115930418e-02,0.000000000000000000e+00,0.000000000000000000e+00,0.000000000000000000e+00,1.000000000000000000e+00
5.310068457883314608e-01,8.416757307052944448e-01,-9.804944705420771955e-02,7.087306313108843181e-02,-8.104521279434533376e-01,5.382433431008462055e-01,2.312173261664300372e-01,-3.947831544972891793e-01,2.473844741245005974e-01,-4.331360005048627559e-02,9.679487868750138446e-01,4.723288694650995545e-02,0.000000000000000000e+00,0.000000000000000000e+00,0.000000000000000000e+00,1.000000000000000000e+00
5.312025201783678874e-01,8.416039726244549657e-01,-9.760448667395629774e-02,7.089986333910067162e-02,-8.106093673300526214e-01,5.383592716118317245e-01,2.303947661435696570e-01,-3.947831349430814818e-01,2.464474308101483324e-01,-4.326716922001963561e-02,9.681898656331636710e-01,4.702379744536311357e-02,0.000000000000000000e+00,0.000000000000000000e+00,0.000000000000000000e+00,1.000000000000000000e+00
5.310460082110309843e-01,8.415450297863948936e-01,-9.895504032107493853e-02,7.086465229507893371e-02,-8.105850849820686044e-01,5.385564646933271860e-01,2.300190303901787914e-01,-3.947644301048027771e-01,2.468642484600443998e-01,-4.193920813321372343e-02,9.681421102572785875e-01,4.719853745811852797e-02,0.000000000000000000e+00,0.000000000000000000e+00,0.000000000000000000e+00,1.000000000000000000e+00
5.311419430061388169e-01,8.415899147675314218e-01,-9.805433055833291667e-02,7.089889738581314771e-02,-8.104978804982043705e-01,5.383978716661681485e-01,2.306965918544508776e-01,-3.947770468537233901e-01,2.469441679562046632e-01,-4.305980895126806929e-02,9.680725338348868947e-01,4.711092721426379804e-02,0.000000000000000000e+00,0.000000000000000000e+00,0.000000000000000000e+00,1.000000000000000000e+00
5.311609200258360364e-01,8.416751718572366148e-01,-9.721616180655472117e-02,7.088682698654316661e-02,-8.104903465223631809e-01,5.381869531491147995e-01,2.312146224920295090e-01,-3.947538246259574279e-01,2.469280770414060688e-01,-4.401941093612410372e-02,9.680334788784268341e-01,4.741985182311014846e-02,0.000000000000000000e+00,0.000000000000000000e+00,0.000000000000000000e+00,1.000000000000000000e+00
5.310788425433647930e-01,8.416373338720777308e-01,-9.798908732864533566e-02,7.089368105853044444e-02,-8.104454024008171942e-01,5.383029790866028508e-01,2.311020390084563281e-01,-3.947470576259460295e-01,2.472519215904651346e-01,-4.331859807506975579e-02,9.679824307964650654e-01,4.737081062096692996e-02,0.000000000000000000e+00,0.000000000000000000e+00,0.000000000000000000e+00,1.000000000000000000e+00
5.309553975949793392e-01,8.416161464695421923e-01,-9.883636864290290536e-02,7.086093726664732806e-02,-8.105439082274024098e-01,5.384198263614149438e-01,2.304835426150689537e-01,-3.947839376494779451e-01,2.471941314032473636e-01,-4.226526449346049152e-02,9.680437535654533576e-01,4.712389841711694949e-02,0.000000000000000000e+00,0.000000000000000000e+00,0.000000000000000000e+00,1.000000000000000000e+00
5.309956282818282247e-01,8.416006046257060724e-01,-9.875254446966166832e-02,7.086319501007148913e-02,-8.103612701854685518e-01,5.384086366562761405e-01,2.311509285236038602e-01,-3.947145675275488541e-01,2.477059840395071932e-01,-4.271489514883701488e-02,9.678931672470073577e-01,4.757701522651092141e-02,0.000000000000000000e+00,0.000000000000000000e+00,0.000000000000000000e+00,1.000000000000000000e+00
5.309822222655272705e-01,8.417300930240489976e-01,-9.771555728587062728e-02,7.084978697107000012e-02,-8.106580572035182453e-01,5.381613422846091010e-01,2.306856821769512345e-01,-3.947892250278657866e-01,2.467618161891740880e-01,-4.327609233923369880e-02,9.681093873642929726e-01,4.709930969023190528e-02,0.000000000000000000e+00,0.000000000000000000e+00,0.000000000000000000e+00,1.000000000000000000e+00
5.311893242698144668e-01,8.415816533496650598e-01,-9.786839391255240661e-02,7.089973167285448796e-02,-8.105163398356530768e-01,5.384010610544776032e-01,2.306242838792764704e-01,-3.947673393669649533e-01,2.467816132559197406e-01,-4.318122509444681512e-02,9.681085771534867490e-01,4.718416896810606609e-02,0.000000000000000000e+00,0.000000000000000000e+00,0.000000000000000000e+00,1.000000000000000000e+00
5.310542644302327364e-01,8.415952147565748387e-01,-9.848280423149780027e-02,7.087148212780525203e-02,-8.104029090016580117e-01,5.384047147502003527e-01,2.310140433315825970e-01,-3.947488587454182074e-01,2.474439195294872995e-01,-4.287024181866087857e-02,9.679533299980400685e-01,4.737151321978338991e-02,0.000000000000000000e+00,0.000000000000000000e+00,0.000000000000000000e+00,1.000000000000000000e+00
5.310385807840227734e-01,8.416276660333328330e-01,-9.828986461571703748e-02,7.087495179913522181e-02,-8.104405132419056912e-01,5.383414369877592698e-01,2.310295905682891449e-01,-3.947555208764347845e-01,2.473544020531830423e-01,-4.302753756885896452e-02,9.679692302938524007e-01,4.736034820669110523e-02,0.000000000000000000e+00,0.000000000000000000e+00,0.000000000000000000e+00,1.000000000000000000e+00
5.311424635441654996e-01,8.416764382726864557e-01,-9.730599507142238813e-02,7.088246426653624366e-02,-8.105834788068357888e-01,5.382082965896866078e-01,2.308381540548186117e-01,-3.947517707037013768e-01,2.466619291776560585e-01,-4.373331383090955926e-02,9.681142959153761218e-01,4.729722913260592243e-02,0.000000000000000000e+00,0.000000000000000000e+00,0.000000000000000000e+00,1.000000000000000000e+00
5.311206613405463628e-01,8.415802158944014622e-01,-9.825265040859379462e-02,7.087146000814664726e-02,-8.104875503662143377e-01,5.384275702506602368e-01,2.306635695018688370e-01,-3.947704970906554811e-01,2.470238324505427407e-01,-4.287763763435444020e-02,9.680602948124373830e-01,4.718507303664543073e-02,0.000000000000000000e+00,0.000000000000000000e+00,0.000000000000000000e+00,1.000000000000000000e+00
5.311696900374873742e-01,8.416099762403834728e-01,-9.773130654064271505e-02,7.089043164892613880e-02,-8.105861538743537320e-01,5.383546209578871089e-01,2.304872865050749953e-01,-3.947734187486038882e-01,2.465945002076533332e-01,-4.320821664858716382e-02,9.681550508474284777e-01,4.717006026991166223e-02,0.000000000000000000e+00,0.000000000000000000e+00,0.000000000000000000e+00,1.000000000000000000e+00
5.311480300913385966e-01,8.416619818606924097e-01,-9.740060790581354933e-02,7.088724744618382645e-02,-8.107096900476714607e-01,5.382625002156550265e-01,2.302678425755551872e-01,-3.947803558960613080e-01,2.462347834748355724e-01,-4.334269433161172524e-02,9.682405911007745392e-01,4.710870395200084104e-02,0.000000000000000000e+00,0.000000000000000000e+00,0.000000000000000000e+00,1.000000000000000000e+00
5.310737486274630381e-01,8.416548601921405304e-01,-9.786608111967454171e-02,7.087802017483046946e-02,-8.105401040388318101e-01,5.382803384059093865e-01,2.308224794735972973e-01,-3.947562673520522702e-01,2.469522489541123300e-01,-4.325937586891516473e-02,9.680615750746117687e-01,4.732895407185955250e-02,0.000000000000000000e+00,0.000000000000000000e+00,0.000000000000000000e+00,1.000000000000000000e+00
5.309862517149376293e-01,8.416311486770657879e-01,-9.854242774685288697e-02,7.085705258997904155e-02,-8.106122687728767318e-01,5.383841719723475583e-01,2.303263621137171813e-01,-3.947681081649657697e-01,2.469035240830118605e-01,-4.242043076363641307e-02,9.681111283572858550e-01,4.726136597855901123e-02,0.000000000000000000e+00,0.000000000000000000e+00,0.000000000000000000e+00,1.000000000000000000e+00
5.310901407154775544e-01,8.416206463549779082e-01,-9.807114796841902293e-02,7.088904142817911702e-02,-8.104742930872969042e-01,5.383426992028633729e-01,2.309081169201766537e-01,-3.947548014049767628e-01,2.471329251222119661e-01,-4.314887998551847348e-02,9.680203982750232861e-01,4.738593199990814853e-02,0.000000000000000000e+00,0.000000000000000000e+00,0.000000000000000000e+00,1.000000000000000000e+00
5.310611370123229369e-01,8.416120763983339081e-01,-9.830148328313435824e-02,7.087982894685423974e-02,-8.106659261526374394e-01,5.384078736045203595e-01,2.300819806411316115e-01,-3.948087130736723238e-01,2.465660660558666173e-01,-4.249793525742651124e-02,9.681937309075029363e-01,4.692464619835168271e-02,0.000000000000000000e+00,0.000000000000000000e+00,0.000000000000000000e+00,1.000000000000000000e+00
5.310638179176361273e-01,8.416856271312260773e-01,-9.765514005652004004e-02,7.086877368419675083e-02,-8.106379168257644707e-01,5.382289921527645404e-01,2.305986119008622826e-01,-3.948028786774968601e-01,2.466523648845252992e-01,-4.329961993983351409e-02,9.681362268864527332e-01,4.702080673803954447e-02,0.000000000000000000e+00,0.000000000000000000e+00,0.000000000000000000e+00,1.000000000000000000e+00
5.310871089385794663e-01,8.415392768289182701e-01,-9.878323882887657392e-02,7.089052625290559462e-02,-8.105944273954830415e-01,5.385551648940174463e-01,2.299891489643952902e-01,-3.948007631256840178e-01,2.467451255742462712e-01,-4.207112929598053053e-02,9.681667537594494943e-01,4.693529452695988091e-02,0.000000000000000000e+00,0.000000000000000000e+00,0.000000000000000000e+00,1.000000000000000000e+00
5.310013930399622994e-01,8.416299962930471334e-01,-9.847065516886446823e-02,7.086779668821510669e-02,-8.108294890389018406e-01,5.384180072530830863e-01,2.294811303147444026e-01,-3.948010973174750915e-01,2.461565767850480702e-01,-4.201188885761811265e-02,9.683191317432916501e-01,4.698833659738888002e-02,0.000000000000000000e+00,0.000000000000000000e+00,0.000000000000000000e+00,1.000000000000000000e+00
5.310462688879412640e-01,8.416851715073924156e-01,-9.775444933489198240e-02,7.086326491392383464e-02,-8.105929480265577913e-01,5.382294472877565683e-01,2.307555734580003792e-01,-3.947629841418835994e-01,2.468378676577216435e-01,-4.330281904088548184e-02,9.680888042701979446e-01,4.726377377193080598e-02,0.000000000000000000e+00,0.000000000000000000e+00,0.000000000000000000e+00,1.000000000000000000e+00
5.309620949771106657e-01,8.416442483027636312e-01,-9.856070716261136622e-02,7.087752668106767073e-02,-8.103252965367621075e-01,5.383136847370815214e-01,2.314979278900677340e-01,-3.947427288079815577e-01,2.478954769456811758e-01,-4.305039051695441765e-02,9.678297868872456355e-01,4.746561188820819233e-02,0.000000000000000000e+00,0.000000000000000000e+00,0.000000000000000000e+00,1.000000000000000000e+00
5.310515688022030556e-01,8.415310526480112019e-01,-9.904402405925234743e-02,7.088623651918396495e-02,-8.104702558852822092e-01,5.385672410263271370e-01,2.303981146158444182e-01,-3.947742522317573832e-01,2.472290346985253073e-01,-4.208104469260366687e-02,9.680428658275495035e-01,4.720670060254694711e-02,0.000000000000000000e+00,0.000000000000000000e+00,0.000000000000000000e+00,1.000000000000000000e+00
5.310532766558790918e-01,8.416364382304138969e-01,-9.813522912734921888e-02,7.087669877928423623e-02,-8.105730873501876266e-01,5.383378669770106928e-01,2.305723553295750961e-01,-3.947837309205911582e-01,2.468880058176983194e-01,-4.290042915246099209e-02,9.680939343689202170e-01,4.711538046189245321e-02,0.000000000000000000e+00,0.000000000000000000e+00,0.000000000000000000e+00,1.000000000000000000e+00
5.311039610215385620e-01,8.415750810649981206e-01,-9.838681577159860692e-02,7.088865541213451582e-02,-8.103320123596263747e-01,5.384194174431237156e-01,2.312283734004246250e-01,-3.947321410312860102e-01,2.475694091208180125e-01,-4.308031859967753618e-02,9.679119142860675984e-01,4.739925908729514248e-02,0.000000000000000000e+00,0.000000000000000000e+00,0.000000000000000000e+00,1.000000000000000000e+00
5.309888528299104848e-01,8.417028422231478402e-01,-9.791406213537592884e-02,7.086623671206429553e-02,-8.106921892497525040e-01,5.382288060601129187e-01,2.304081739360577252e-01,-3.947846937981887572e-01,2.466353836330442972e-01,-4.296600657007755564e-02,9.681554161494945188e-01,4.703433814489033082e-02,0.000000000000000000e+00,0.000000000000000000e+00,0.000000000000000000e+00,1.000000000000000000e+00
5.309277963379070986e-01,8.416735102406834867e-01,-9.849556962066861876e-02,7.084760432274206376e-02,-8.106762109108328618e-01,5.383196106047629659e-01,2.302522049874686227e-01,-3.947836908700208536e-01,2.468192782969527155e-01,-4.239928062435301126e-02,9.681335366898043970e-01,4.705085475610948365e-02,0.000000000000000000e+00,0.000000000000000000e+00,0.000000000000000000e+00,1.000000000000000000e+00
5.311736117833021353e-01,8.416624530597689446e-01,-9.725692394114628103e-02,7.088440775137419547e-02,-8.109128377588705749e-01,5.382864579166477537e-01,2.294952260536251565e-01,-3.948118405635441253e-01,2.455096000219488261e-01,-4.303491992511587760e-02,9.684384502714158405e-01,4.692279669778054441e-02,0.000000000000000000e+00,0.000000000000000000e+00,0.000000000000000000e+00,1.000000000000000000e+00
5.309986207507503275e-01,8.416327292310660235e-01,-9.846224579943110844e-02,7.085751518351782186e-02,-8.107756476579951466e-01,5.384035394050525891e-01,2.297051978534009886e-01,-3.947909384948144473e-01,2.463398342241039096e-01,-4.214235213153966209e-02,9.682668579638890050e-01,4.702757317951999916e-02,0.000000000000000000e+00,0.000000000000000000e+00,0.000000000000000000e+00,1.000000000000000000e+00
