T00,T01,T02,T03,T10,T11,T12,T13,T20,T21,T22,T23,T30,T31,T32,T33
9.629834983015858052e-01,1.085719545709241396e-01,2.467284188728350314e-01,-1.096191101074218827e-01,1.114225158515886882e-01,-9.937701735626666144e-01,2.421796550183442573e-03,-1.444856872558593908e-01,2.454542828311260250e-01,2.515895104882550498e-02,-9.690816385743673544e-01,1.933306274414062553e+00,0.000000000000000000e+00,0.000000000000000000e+00,0.000000000000000000e+00,1.000000000000000000e+00
9.632718040682837213e-01,1.088271073035987496e-01,2.454874583414908273e-01,-1.096322174072265621e-01,1.114856308610082530e-01,-9.937612591379858529e-01,3.084468837269569580e-03,-1.444787750244140578e-01,2.442915995251518924e-01,2.439714230019752322e-02,-9.693948596155370634e-01,1.933310058593749936e+00,0.000000000000000000e+00,0.000000000000000000e+00,0.000000000000000000e+00,1.000000000000000000e+00
9.631180460689943157e-01,1.087370159952752852e-01,2.461298248662402710e-01,-1.096233291625976630e-01,1.115142823333448580e-01,-9.937592463005906485e-01,2.669312226260373358e-03,-1.444909515380859433e-01,2.448840422974145337e-01,2.487612800508667149e-02,-9.692331938618037324e-01,1.933295898437499938e+00,0.000000000000000000e+00,0.000000000000000000e+00,0.000000000000000000e+00,1.000000000000000000e+00
9.631934399249062473e-01,1.085624702239176842e-01,2.459117470648915227e-01,-1.096327438354492145e-01,1.115545267388745321e-01,-9.937567321301508105e-01,1.773389429707400086e-03,-1.444790649414062489e-01,2.445689776927808257e-01,2.572445149822745469e-02,-9.692906002564056767e-01,1.933372192382812438e+00,0.000000000000000000e+00,0.000000000000000000e+00,0.000000000000000000e+00,1.000000000000000000e+00
9.630928794812155802e-01,1.083115295208513379e-01,2.464157423247035072e-01,-1.096354522705078188e-01,1.115364790445782101e-01,-9.937599548202747934e-01,8.752359361553895684e-04,-1.444823608398437542e-01,2.449728951025384183e-01,2.664141078207614421e-02,-9.691638230436697699e-01,1.933306884765624956e+00,0.000000000000000000e+00,0.000000000000000000e+00,0.000000000000000000e+00,1.000000000000000000e+00
9.631028437461094382e-01,1.085555534798768873e-01,2.462693732010445002e-01,-1.096321105957031306e-01,1.114893882590491658e-01,-9.937635271307404539e-01,2.041678303121192972e-03,-1.444900360107422010e-01,2.449551564547697569e-01,2.549007558537317100e-02,-9.691992712403739718e-01,1.933335083007812649e+00,0.000000000000000000e+00,0.000000000000000000e+00,0.000000000000000000e+00,1.000000000000000000e+00
9.631708995456398359e-01,1.085715076021564057e-01,2.459960284342773418e-01,-1.096307754516601535e-01,1.115040092590062343e-01,-9.937619318147861147e-01,2.019602661809042146e-03,-1.444901275634765669e-01,2.446807597413624691e-01,2.548432091971503805e-02,-9.692687321891955143e-01,1.933353637695312432e+00,0.000000000000000000e+00,0.000000000000000000e+00,0.000000000000000000e+00,1.000000000000000000e+00
9.631478111772800998e-01,1.085872502264132178e-01,2.460794646301898425e-01,-1.096272277832031211e-01,1.115115425586586662e-01,-9.937609972585982332e-01,2.063056903013331389e-03,-1.445004730224609402e-01,2.447681958519181966e-01,2.545367195244988001e-02,-9.692474611179201505e-01,1.933298706054687566e+00,0.000000000000000000e+00,0.000000000000000000e+00,0.000000000000000000e+00,1.000000000000000000e+00
9.630281816557907382e-01,1.085998936307360357e-01,2.465416484899346505e-01,-1.096287231445312454e-01,1.115180311204411884e-01,-9.937601096069751394e-01,2.138524948068711365e-03,-1.444770507812500049e-01,2.452354992079286977e-01,2.543437943662124612e-02,-9.691298376744533760e-01,1.933316284179687594e+00,0.000000000000000000e+00,0.000000000000000000e+00,0.000000000000000000e+00,1.000000000000000000e+00
9.630784951265716209e-01,1.089692464788282883e-01,2.461818749351276925e-01,-1.096280288696289129e-01,1.114931175102776423e-01,-9.937582939228286616e-01,3.706481812801419237e-03,-1.444737854003906308e-01,2.450491725604840576e-01,2.387795178455586614e-02,-9.692165632334173164e-01,1.933329467773437615e+00,0.000000000000000000e+00,0.000000000000000000e+00,0.000000000000000000e+00,1.000000000000000000e+00
9.631942754266612505e-01,1.087752890526715033e-01,2.458144102301918488e-01,-1.096296463012695344e-01,1.115368291298974579e-01,-9.937566238811635921e-01,2.703375660114233289e-03,-1.444615783691406419e-01,2.445737588805416696e-01,2.481348391136162235e-02,-9.693131421182853424e-01,1.933309326171875009e+00,0.000000000000000000e+00,0.000000000000000000e+00,0.000000000000000000e+00,1.000000000000000000e+00
9.631414991088681488e-01,1.086481642794739078e-01,2.460772827650350436e-01,-1.096289825439453192e-01,1.114999734387462638e-01,-9.937616405014125798e-01,2.357496786884866885e-03,-1.444909973144531401e-01,2.447983019089010059e-01,2.516700750271562773e-02,-9.692473436207483806e-01,1.933313964843750066e+00,0.000000000000000000e+00,0.000000000000000000e+00,0.000000000000000000e+00,1.000000000000000000e+00
9.630303796368472335e-01,1.086270280085431111e-01,2.465211079857894672e-01,-1.096269989013671925e-01,1.114664147354871432e-01,-9.937651790860008161e-01,2.450963521753576554e-03,-1.444635162353515578e-01,2.452503339091028911e-01,2.511847173296540697e-02,-9.691343230405545794e-01,1.933292358398437605e+00,0.000000000000000000e+00,0.000000000000000000e+00,0.000000000000000000e+00,1.000000000000000000e+00
9.632217558460263174e-01,1.086422300844601951e-01,2.457655690026039896e-01,-1.096400604248046889e-01,1.114558123186901728e-01,-9.937663081278782506e-01,2.475223276508434558e-03,-1.444696502685546835e-01,2.445024559493818583e-01,2.500781222264091691e-02,-9.693261362217353572e-01,1.933354125976562532e+00,0.000000000000000000e+00,0.000000000000000000e+00,0.000000000000000000e+00,1.000000000000000000e+00
9.631782697332875731e-01,1.087847320300767834e-01,2.458729403385718770e-01,-1.096263198852539117e-01,1.115238390811567198e-01,-9.937578154190942481e-01,2.799573194230716225e-03,-1.444776916503906217e-01,2.446427068812614403e-01,2.472420616751890010e-02,-9.692980241387039175e-01,1.933293212890625057e+00,0.000000000000000000e+00,0.000000000000000000e+00,0.000000000000000000e+00,1.000000000000000000e+00
9.630797843934595370e-01,1.087011254693149853e-01,2.462953394085079240e-01,-1.096298904418945286e-01,1.114735119933240592e-01,-9.937637336824911571e-01,2.701433195451437633e-03,-1.444754028320312522e-01,2.450530249079209411e-01,2.485371077202541690e-02,-9.691910585866641004e-01,1.933325805664062536e+00,0.000000000000000000e+00,0.000000000000000000e+00,0.000000000000000000e+00,1.000000000000000000e+00
9.629946047267541331e-01,1.086973002981835718e-01,2.466298606719173891e-01,-1.096235046386718759e-01,1.114763777688201757e-01,-9.937633902132037012e-01,2.709514994128124979e-03,-1.444749298095703294e-01,2.453862434341138599e-01,2.488415519656251434e-02,-9.691059644607742385e-01,1.933307617187500105e+00,0.000000000000000000e+00,0.000000000000000000e+00,0.000000000000000000e+00,1.000000000000000000e+00
9.629146516828557267e-01,1.087116227959036702e-01,2.469355313509293548e-01,-1.096313247680664044e-01,1.114223754015008921e-01,-9.937685734421204398e-01,3.012755997407242509e-03,-1.444690551757812635e-01,2.457242923163513171e-01,2.461311658230351529e-02,-9.690272269950594985e-01,1.933320556640625076e+00,0.000000000000000000e+00,0.000000000000000000e+00,0.000000000000000000e+00,1.000000000000000000e+00
9.633135391356317800e-01,1.089766163717368203e-01,2.452572575932286392e-01,-1.096371612548828200e-01,1.115282696976207938e-01,-9.937550841348474773e-01,3.503971232375568262e-03,-1.444853363037109373e-01,2.441074975830090366e-01,2.397769464126730393e-02,-9.694517005934084608e-01,1.933354248046875057e+00,0.000000000000000000e+00,0.000000000000000000e+00,0.000000000000000000e+00,1.000000000000000000e+00
9.631806477273425759e-01,1.085027912144057721e-01,2.459881788668306923e-01,-1.096358108520507774e-01,1.114930494235300967e-01,-9.937636172153656577e-01,1.781299883423863653e-03,-1.444925842285156303e-01,2.446473784322633904e-01,2.571025860849087546e-02,-9.692711915808214229e-01,1.933358642578125064e+00,0.000000000000000000e+00,0.000000000000000000e+00,0.000000000000000000e+00,1.000000000000000000e+00
9.630789703679484282e-01,1.086770509550378239e-01,2.463091460557825241e-01,-1.096266860961914030e-01,1.114486514860689725e-01,-9.937665179147409100e-01,2.702952746141292634e-03,-1.444799499511718877e-01,2.450675313397297495e-01,2.484766522889518547e-02,-9.691875456358917118e-01,1.933295654296875110e+00,0.000000000000000000e+00,0.000000000000000000e+00,0.000000000000000000e+00,1.000000000000000000e+00
9.633415995977792079e-01,1.088637145779867699e-01,2.451971739899851954e-01,-1.096308822631835989e-01,1.115266578543592513e-01,-9.937567878464725890e-01,3.041578027620870511e-03,-1.444864807128906359e-01,2.439974734955858704e-01,2.441594268800711606e-02,-9.694684598636653661e-01,1.933323730468750057e+00,0.000000000000000000e+00,0.000000000000000000e+00,0.000000000000000000e+00,1.000000000000000000e+00
9.633536990929061350e-01,1.085939099865648322e-01,2.452692666394308552e-01,-1.096339721679687462e-01,1.115473152655014760e-01,-9.937573811596767115e-01,1.861141509857274640e-03,-1.444813385009765527e-01,2.439402527281489819e-01,2.556619065271057215e-02,-9.694532082542386409e-01,1.933333740234375098e+00,0.000000000000000000e+00,0.000000000000000000e+00,0.000000000000000000e+00,1.000000000000000000e+00
9.631134466346948919e-01,1.086138567501181151e-01,2.462021913657624905e-01,-1.096198883056640622e-01,1.114695979441702456e-01,-9.937650638744368603e-01,2.350862990803795349e-03,-1.444850463867187462e-01,2.449224727247455990e-01,2.517991152687621553e-02,-9.692156387563579667e-01,1.933256469726562621e+00,0.000000000000000000e+00,0.000000000000000000e+00,0.000000000000000000e+00,1.000000000000000000e+00
9.630981561443340278e-01,1.086014241577955841e-01,2.462674812115527578e-01,-1.096171188354492232e-01,1.114700761863970935e-01,-9.937651173304954400e-01,2.305144703841244258e-03,-1.444817047119140718e-01,2.449823743586112268e-01,2.523137427896851928e-02,-9.691991611663787198e-01,1.933299316406249968e+00,0.000000000000000000e+00,0.000000000000000000e+00,0.000000000000000000e+00,1.000000000000000000e+00
9.631108744351224438e-01,1.087033682536996670e-01,2.461727468163656951e-01,-1.096262130737304663e-01,1.115524985812084147e-01,-9.937556797317437240e-01,2.385175295431704937e-03,-1.444904632568359271e-01,2.448948419324168402e-01,2.516399672550052868e-02,-9.692230340142025113e-01,1.933323730468750057e+00,0.000000000000000000e+00,0.000000000000000000e+00,0.000000000000000000e+00,1.000000000000000000e+00
9.629716674491969330e-01,1.085598104636889966e-01,2.467799328191042363e-01,-1.096201400756835892e-01,1.113789832867083524e-01,-9.937747338272447939e-01,2.549605578959786290e-03,-1.444722900390625064e-01,2.455204467496196752e-01,2.503090007724533342e-02,-9.690681938177471144e-01,1.933295043945312486e+00,0.000000000000000000e+00,0.000000000000000000e+00,0.000000000000000000e+00,1.000000000000000000e+00
9.631302300821241724e-01,1.087596339352986941e-01,2.460721478107894267e-01,-1.096226654052734339e-01,1.114511195305501745e-01,-9.937653716075957044e-01,3.005686112098324148e-03,-1.444694976806640552e-01,2.448648767327445686e-01,2.453014920209959510e-02,-9.692468539658928295e-01,1.933276611328125005e+00,0.000000000000000000e+00,0.000000000000000000e+00,0.000000000000000000e+00,1.000000000000000000e+00
9.630174107471842770e-01,1.085208338642655035e-01,2.466185216385697876e-01,-1.096306304931640579e-01,1.114889968569640899e-01,-9.937637764096336479e-01,1.939143081805013227e-03,-1.444907073974609490e-01,2.452909908203256273e-01,2.562782303412346196e-02,-9.691106977579573289e-01,1.933346191406249970e+00,0.000000000000000000e+00,0.000000000000000000e+00,0.000000000000000000e+00,1.000000000000000000e+00
9.631323048249428309e-01,1.085730262356042336e-01,2.461464226362766183e-01,-1.096293869018554745e-01,1.115005753688827345e-01,-9.937622433853173787e-01,2.055556904986455616e-03,-1.444795837402343686e-01,2.448341991940705675e-01,2.546569448933858754e-02,-9.692304748145171844e-01,1.933349487304687475e+00,0.000000000000000000e+00,0.000000000000000000e+00,0.000000000000000000e+00,1.000000000000000000e+00
9.630832716225926626e-01,1.088094705752572777e-01,2.462338543617752229e-01,-1.096249465942382845e-01,1.114716492404276282e-01,-9.937626391304469342e-01,3.144596016758986062e-03,-1.444777984619140532e-01,2.450401667815763906e-01,2.441958602478272455e-02,-9.692053448480543176e-01,1.933296142578124988e+00,0.000000000000000000e+00,0.000000000000000000e+00,0.000000000000000000e+00,1.000000000000000000e+00
9.632041211844395434e-01,1.088022373295106093e-01,2.457638990686068226e-01,-1.096263351440429773e-01,1.114878720797803924e-01,-9.937612591776605608e-01,3.002355201025923293e-03,-1.444635009765624922e-01,2.445573047619597207e-01,2.450781323830119457e-02,-9.693250702307467659e-01,1.933293701171874934e+00,0.000000000000000000e+00,0.000000000000000000e+00,0.000000000000000000e+00,1.000000000000000000e+00
9.632207391730386314e-01,1.087630850138703587e-01,2.457160942331837739e-01,-1.096250534057617160e-01,1.115557041963788354e-01,-9.937548634389962166e-01,2.568317073927206887e-03,-1.444846343994140581e-01,2.444609017577151489e-01,2.493717565418769599e-02,-9.693384366578049471e-01,1.933293334960937582e+00,0.000000000000000000e+00,0.000000000000000000e+00,0.000000000000000000e+00,1.000000000000000000e+00
9.630663492704840678e-01,1.087843850584332556e-01,2.463111131684487531e-01,-1.096199035644531278e-01,1.114232396252528429e-01,-9.937677564262425989e-01,3.241598211604223775e-03,-1.444684448242187502e-01,2.451286775843155852e-01,2.432290802947943004e-02,-9.691853938079928454e-01,1.933275390624999979e+00,0.000000000000000000e+00,0.000000000000000000e+00,0.000000000000000000e+00,1.000000000000000000e+00
9.632429995388971378e-01,1.088642378182146930e-01,2.455840010333889822e-01,-1.096258010864257781e-01,1.115279069816538515e-01,-9.937565334423350549e-01,3.078669349738352018e-03,-1.444823913574218854e-01,2.443858625280929953e-01,2.442396292440375191e-02,-9.693704246733896301e-01,1.933308105468749982e+00,0.000000000000000000e+00,0.000000000000000000e+00,0.000000000000000000e+00,1.000000000000000000e+00
9.633086963539819747e-01,1.088171815322880320e-01,2.453470532371665735e-01,-1.096232604980468817e-01,1.115095552991487715e-01,-9.937590294981749617e-01,2.934342827920955257e-03,-1.444841156005859384e-01,2.441351564313875289e-01,2.453186283621282965e-02,-9.694308707174571493e-01,1.933263549804687509e+00,0.000000000000000000e+00,0.000000000000000000e+00,0.000000000000000000e+00,1.000000000000000000e+00
9.630227917048386210e-01,1.087436856459880613e-01,2.464993174212573857e-01,-1.096278228759765688e-01,1.114552226930039386e-01,-9.937650229811036962e-01,2.968574374928473550e-03,-1.444840240478515725e-01,2.452852135606061468e-01,2.461483153493263659e-02,-9.691384184300171345e-01,1.933287719726562548e+00,0.000000000000000000e+00,0.000000000000000000e+00,0.000000000000000000e+00,1.000000000000000000e+00
9.633133401566685849e-01,1.088192015264636409e-01,2.453279235132953817e-01,-1.096269378662109439e-01,1.115598242609789764e-01,-9.937539396360343114e-01,2.740997760084663837e-03,-1.445093688964843859e-01,2.440938636817031882e-01,2.472830032582502141e-02,-9.694362778831490113e-01,1.933315673828124970e+00,0.000000000000000000e+00,0.000000000000000000e+00,0.000000000000000000e+00,1.000000000000000000e+00
9.632393517588543341e-01,1.086615108849286332e-01,2.456880690538042755e-01,-1.096277847290039048e-01,1.114899372686963125e-01,-9.937626391195552022e-01,2.410597012998965186e-03,-1.444891815185546935e-01,2.444175630166632029e-01,2.506976550232280915e-02,-9.693459453397709202e-01,1.933299804687500068e+00,0.000000000000000000e+00,0.000000000000000000e+00,0.000000000000000000e+00,1.000000000000000000e+00
9.631616120548508464e-01,1.083792774745871712e-01,2.461171291844358455e-01,-1.096274108886718807e-01,1.114947545889232172e-01,-9.937641930691724079e-01,1.283850744045572992e-03,-1.445095977783203145e-01,2.447215331004969352e-01,2.620421316627622593e-02,-9.692392431434456723e-01,1.933291381835937628e+00,0.000000000000000000e+00,0.000000000000000000e+00,0.000000000000000000e+00,1.000000000000000000e+00
9.633981074451587467e-01,1.085799497403037439e-01,2.451009610048058840e-01,-1.096182861328125063e-01,1.115373301262273242e-01,-9.937585682510885476e-01,1.825381017569106812e-03,-1.444765167236328196e-01,2.437693798642463494e-01,2.557933818415620425e-02,-9.694958416097829712e-01,1.933239135742187642e+00,0.000000000000000000e+00,0.000000000000000000e+00,0.000000000000000000e+00,1.000000000000000000e+00
9.631474182176050780e-01,1.085679082795114048e-01,2.460895366986852462e-01,-1.096171875000000046e-01,1.114672707927522322e-01,-9.937657571830261771e-01,2.160414881901226783e-03,-1.444991912841796788e-01,2.447899064969329685e-01,2.535013101067322416e-02,-9.692446917754901081e-01,1.933195312500000096e+00,0.000000000000000000e+00,0.000000000000000000e+00,0.000000000000000000e+00,1.000000000000000000e+00
9.631165023175551898e-01,1.083085892511499448e-01,2.463246890955604895e-01,-1.096229553222656250e-01,1.114622758416455306e-01,-9.937680042194216856e-01,1.146670810844506797e-03,-1.444739074707031279e-01,2.449137889703227322e-01,2.635153286192673527e-02,-9.691866861900377828e-01,1.933287963867187598e+00,0.000000000000000000e+00,0.000000000000000000e+00,0.000000000000000000e+00,1.000000000000000000e+00
9.630910167541828493e-01,1.086384423043305625e-01,2.462790740218977759e-01,-1.096284713745117184e-01,1.114310997766479738e-01,-9.937687302722235660e-01,2.611653824640075214e-03,-1.444742889404296848e-01,2.450281686867073205e-01,2.492788773285199710e-02,-9.691954379603822112e-01,1.933334472656250025e+00,0.000000000000000000e+00,0.000000000000000000e+00,0.000000000000000000e+00,1.000000000000000000e+00
9.631999632457294291e-01,1.089735106302809342e-01,2.457043035527426422e-01,-1.096319351196289038e-01,1.114402612927192782e-01,-9.937635394073568440e-01,3.885345232248257202e-03,-1.444710083007812451e-01,2.445953780561617719e-01,2.363898740376475099e-02,-9.693370411307352663e-01,1.933332763671875121e+00,0.000000000000000000e+00,0.000000000000000000e+00,0.000000000000000000e+00,1.000000000000000000e+00
9.632021191625410594e-01,1.087709466826960458e-01,2.457855951811253603e-01,-1.096207962036132855e-01,1.115257073186022296e-01,-9.937578084193665617e-01,2.726685281222159668e-03,-1.445032348632812602e-01,2.445479385475891054e-01,2.478506331013614547e-02,-9.693203837683581625e-01,1.933301513671874972e+00,0.000000000000000000e+00,0.000000000000000000e+00,0.000000000000000000e+00,1.000000000000000000e+00
9.628834171491352789e-01,1.085320794724731058e-01,2.471362229714317571e-01,-1.096226959228515652e-01,1.113813667068108276e-01,-9.937746804520110055e-01,2.464881949841422892e-03,-1.444814453125000120e-01,2.458652397752219276e-01,2.515297632258467128e-02,-9.689776115330984707e-01,1.933308349609375032e+00,0.000000000000000000e+00,0.000000000000000000e+00,0.000000000000000000e+00,1.000000000000000000e+00
9.631115263946740113e-01,1.086439390723607790e-01,2.461964301702236069e-01,-1.096219100952148529e-01,1.114763324619868767e-01,-9.937640777688540039e-01,2.446433535447222613e-03,-1.444729003906249920e-01,2.449269585540660710e-01,2.508888676406249504e-02,-9.692168656881671174e-01,1.933305664062500151e+00,0.000000000000000000e+00,0.000000000000000000e+00,0.000000000000000000e+00,1.000000000000000000e+00
9.631964337185320302e-01,1.088956810033579747e-01,2.457526413504375340e-01,-1.096231155395507861e-01,1.115054468912913543e-01,-9.937582981027489604e-01,3.313648367232172390e-03,-1.444852142333984402e-01,2.445795686182214157e-01,2.421106380858051299e-02,-9.693269102855762709e-01,1.933301147460937619e+00,0.000000000000000000e+00,0.000000000000000000e+00,0.000000000000000000e+00,1.000000000000000000e+00
9.630665658027531828e-01,1.086177430266380001e-01,2.463837976261644414e-01,-1.096261062622070348e-01,1.114376639049144552e-01,-9.937682504961659058e-01,2.512243858567153945e-03,-1.444842529296875011e-01,2.451212697754049097e-01,2.503697676615164458e-02,-9.691690837506655720e-01,1.933299438476562493e+00,0.000000000000000000e+00,0.000000000000000000e+00,0.000000000000000000e+00,1.000000000000000000e+00
9.630430986845750496e-01,1.086925536422688326e-01,2.464425264818038974e-01,-1.096235580444335916e-01,1.114665828375720896e-01,-9.937644896168282838e-01,2.709259515045671363e-03,-1.444827728271484424e-01,2.452003078842414363e-01,2.486097261427429317e-02,-9.691536209776785427e-01,1.933310180664062461e+00,0.000000000000000000e+00,0.000000000000000000e+00,0.000000000000000000e+00,1.000000000000000000e+00
9.630003252716771156e-01,1.087151581087243274e-01,2.465996511028334948e-01,-1.096266708374023513e-01,1.114430272950256012e-01,-9.937665613993343916e-01,2.910861017490150651e-03,-1.444780120849609439e-01,2.453789420344874017e-01,2.467865154213320228e-02,-9.691130682041687594e-01,1.933298706054687566e+00,0.000000000000000000e+00,0.000000000000000000e+00,0.000000000000000000e+00,1.000000000000000000e+00
9.630664057463574901e-01,1.085917124190035332e-01,2.463958971182371449e-01,-1.096230239868164064e-01,1.114891702648524718e-01,-9.937632055872304138e-01,2.203663914257083037e-03,-1.444775695800781246e-01,2.450984762018058871e-01,2.534819944099968997e-02,-9.691667584831066273e-01,1.933309448242187534e+00,0.000000000000000000e+00,0.000000000000000000e+00,0.000000000000000000e+00,1.000000000000000000e+00
9.632731521271695740e-01,1.085440969653825444e-01,2.456074376010569382e-01,-1.096318969726562537e-01,1.115853088211134908e-01,-9.937536606931862693e-01,1.542956314714551136e-03,-1.444879302978515634e-01,2.442407690093612860e-01,2.591989338060668446e-02,-9.693681477544300318e-01,1.933329956054687493e+00,0.000000000000000000e+00,0.000000000000000000e+00,0.000000000000000000e+00,1.000000000000000000e+00
9.631747045057896806e-01,1.086171189390451458e-01,2.459609929919093496e-01,-1.096322402954101605e-01,1.115635422881502831e-01,-9.937553568337378351e-01,1.966417140505497679e-03,-1.444926757812499962e-01,2.446386409222894576e-01,2.554627639464680799e-02,-9.692777327113542007e-01,1.933339355468750131e+00,0.000000000000000000e+00,0.000000000000000000e+00,0.000000000000000000e+00,1.000000000000000000e+00
9.632628485378577077e-01,1.085765630660876918e-01,2.456334964525155318e-01,-1.096245956420898449e-01,1.115092872117155604e-01,-9.937614185468900407e-01,1.980371987303219949e-03,-1.444823455810546886e-01,2.443161138612580663e-01,2.548279734308719555e-02,-9.693607499518969162e-01,1.933315551757812445e+00,0.000000000000000000e+00,0.000000000000000000e+00,0.000000000000000000e+00,1.000000000000000000e+00
9.630815156565705193e-01,1.084488479402632155e-01,2.463997597017356656e-01,-1.096204376220703131e-01,1.114979672298335722e-01,-9.937633958611135077e-01,1.586300792175676308e-03,-1.444704437255859286e-01,2.450350944339573234e-01,2.594533536144721236e-02,-9.691669835836981273e-01,1.933279174804687583e+00,0.000000000000000000e+00,0.000000000000000000e+00,0.000000000000000000e+00,1.000000000000000000e+00
9.629281773938778155e-01,1.083829322895420444e-01,2.470272559237650933e-01,-1.096224365234375053e-01,1.114973951570743804e-01,-9.937637558242526925e-01,1.388698405977530081e-03,-1.444699401855468746e-01,2.456372448430652888e-01,2.620567874328205010e-02,-9.690075367857116095e-01,1.933295654296875110e+00,0.000000000000000000e+00,0.000000000000000000e+00,0.000000000000000000e+00,1.000000000000000000e+00
9.631619194071310286e-01,1.086134467014438360e-01,2.460126748759181303e-01,-1.096244888305664134e-01,1.115444048043687381e-01,-9.937573715710530387e-01,2.032782583457954165e-03,-1.444780273437500095e-01,2.446976966806404252e-01,2.548343861854421299e-02,-9.692644796934244411e-01,1.933296020507812463e+00,0.000000000000000000e+00,0.000000000000000000e+00,0.000000000000000000e+00,1.000000000000000000e+00
9.630725287822188285e-01,1.085948745629606998e-01,2.463705695160789411e-01,-1.096255416870117183e-01,1.114367974533653355e-01,-9.937685742092288166e-01,2.420968296783928067e-03,-1.444781036376953098e-01,2.450982343436196031e-01,2.512317919394826959e-02,-9.691726788291283867e-01,1.933328125000000064e+00,0.000000000000000000e+00,0.000000000000000000e+00,0.000000000000000000e+00,1.000000000000000000e+00
9.630517344916553757e-01,1.087801004528776289e-01,2.463701411252506301e-01,-1.096165084838867237e-01,1.114651845084646403e-01,-9.937636149235193894e-01,3.064359090098354998e-03,-1.444908142089843806e-01,2.451670233434912749e-01,2.451055690107803789e-02,-9.691709669946222405e-01,1.933310424804687511e+00,0.000000000000000000e+00,0.000000000000000000e+00,0.000000000000000000e+00,1.000000000000000000e+00
9.630973805365444784e-01,1.087767468322048126e-01,2.461931253147598142e-01,-1.096156234741210989e-01,1.114671701816193627e-01,-9.937635141670876360e-01,3.024546574745469452e-03,-1.444715118408203269e-01,2.449867457136171434e-01,2.452951811355693137e-02,-9.692160735180613829e-01,1.933270874023437447e+00,0.000000000000000000e+00,0.000000000000000000e+00,0.000000000000000000e+00,1.000000000000000000e+00
9.630148508168967503e-01,1.087031727162441758e-01,2.465482049164684775e-01,-1.096282501220703087e-01,1.114638956099106709e-01,-9.937646118011140839e-01,2.774221916932276960e-03,-1.444639739990234428e-01,2.453124478732652547e-01,2.480960647015259882e-02,-9.691265584768706809e-01,1.933327270507812612e+00,0.000000000000000000e+00,0.000000000000000000e+00,0.000000000000000000e+00,1.000000000000000000e+00
9.630874262962160204e-01,1.086769772805445677e-01,2.462761131723799901e-01,-1.096239624023437470e-01,1.114675644674766875e-01,-9.937646072706293188e-01,2.624387155312293135e-03,-1.444812164306640556e-01,2.450256953501404877e-01,2.492428425082728397e-02,-9.691961559316898400e-01,1.933295898437499938e+00,0.000000000000000000e+00,0.000000000000000000e+00,0.000000000000000000e+00,1.000000000000000000e+00
9.631939463259445722e-01,1.087200431965167774e-01,2.458401390505650930e-01,-1.096271438598632880e-01,1.114900040831185296e-01,-9.937619799357962913e-01,2.665750106927865584e-03,-1.444864959716797015e-01,2.445964037973573368e-01,2.484108374113126738e-02,-9.693067212229401486e-01,1.933340942382812511e+00,0.000000000000000000e+00,0.000000000000000000e+00,0.000000000000000000e+00,1.000000000000000000e+00
9.632024260630918100e-01,1.087891104658871982e-01,2.457763533585265725e-01,-1.096265258789062558e-01,1.115468737855276199e-01,-9.937554617446109351e-01,2.716100408836867944e-03,-1.444899139404297039e-01,2.445370756651225885e-01,2.479942936432816963e-02,-9.693227568402353889e-01,1.933336791992187553e+00,0.000000000000000000e+00,0.000000000000000000e+00,0.000000000000000000e+00,1.000000000000000000e+00
9.632547488612742681e-01,1.088631441122085153e-01,2.455383975068016478e-01,-1.096311264038085931e-01,1.115121546984404743e-01,-9.937581345718869974e-01,3.131984469075555291e-03,-1.444779205322265780e-01,2.443467375487438364e-01,2.436361685398884952e-02,-9.693818061130904384e-01,1.933345825195312617e+00,0.000000000000000000e+00,0.000000000000000000e+00,0.000000000000000000e+00,1.000000000000000000e+00
9.630502055974370368e-01,1.088192619041104675e-01,2.463588231368602499e-01,-1.096320419311523492e-01,1.114355974518272258e-01,-9.937660452663432675e-01,3.339894646021107638e-03,-1.444836425781250155e-01,2.451864782554056266e-01,2.423665641826065059e-02,-9.691729336740553258e-01,1.933365234375000075e+00,0.000000000000000000e+00,0.000000000000000000e+00,0.000000000000000000e+00,1.000000000000000000e+00
9.631694936098077475e-01,1.090807839848682986e-01,2.457761362392073823e-01,-1.096382446289062562e-01,1.115087346764892101e-01,-9.937551614059320082e-01,4.059713034030167089e-03,-1.444880371093749949e-01,2.446841406186254508e-01,2.349599421852247016e-02,-9.693181157831561867e-01,1.933375366210937640e+00,0.000000000000000000e+00,0.000000000000000000e+00,0.000000000000000000e+00,1.000000000000000000e+00
9.631024582139324774e-01,1.086418544128461422e-01,2.462328216384217783e-01,-1.096399688720703092e-01,1.114543225069254545e-01,-9.937663401968155341e-01,2.528850796241250906e-03,-1.444767913818359450e-01,2.449726290359866832e-01,2.500816989636270304e-02,-9.692074094132956397e-01,1.933392700195312619e+00,0.000000000000000000e+00,0.000000000000000000e+00,0.000000000000000000e+00,1.000000000000000000e+00
9.630659063321909130e-01,1.088692760267637311e-01,2.462753353423047797e-01,-1.096316452026367266e-01,1.114216365292796246e-01,-9.937667363253517294e-01,3.590638717048720910e-03,-1.444705352783203223e-01,2.451311464781524840e-01,2.398237917029074490e-02,-9.691932555046178788e-01,1.933371582031250036e+00,0.000000000000000000e+00,0.000000000000000000e+00,0.000000000000000000e+00,1.000000000000000000e+00
9.630522041057255622e-01,1.088197116578927676e-01,2.463508118959567839e-01,-1.096278991699218830e-01,1.115241294556821722e-01,-9.937572253500185360e-01,2.990921895482862025e-03,-1.444620819091796959e-01,2.451383705507080568e-01,2.459364591364424091e-02,-9.691761098295902377e-01,1.933335693359375052e+00,0.000000000000000000e+00,0.000000000000000000e+00,0.000000000000000000e+00,1.000000000000000000e+00
9.630185921803723348e-01,1.085706626171426548e-01,2.465919754043280343e-01,-1.096276321411132904e-01,1.114923679587131733e-01,-9.937630157490503491e-01,2.126127068687776178e-03,-1.444728851318359542e-01,2.452848201619762802e-01,2.544562336096100122e-02,-9.691170606536031462e-01,1.933328002929687539e+00,0.000000000000000000e+00,0.000000000000000000e+00,0.000000000000000000e+00,1.000000000000000000e+00
9.633114011984699188e-01,1.089110229150690862e-01,2.452947887922489745e-01,-1.096265869140625043e-01,1.115482998832249967e-01,-9.937539907872942058e-01,3.159523300823901398e-03,-1.445024414062500151e-01,2.441067821962406015e-01,2.431861184195423589e-02,-9.694433887565986341e-01,1.933319458007812575e+00,0.000000000000000000e+00,0.000000000000000000e+00,0.000000000000000000e+00,1.000000000000000000e+00
9.633965242420344799e-01,1.087260757868515892e-01,2.450423994380549753e-01,-1.096270904541015584e-01,1.115371132365707840e-01,-9.937573238226854455e-01,2.419446140509574905e-03,-1.444987182617187560e-01,2.437757359730862439e-01,2.500043585152561185e-02,-9.695093443376469056e-01,1.933330566406250117e+00,0.000000000000000000e+00,0.000000000000000000e+00,0.000000000000000000e+00,1.000000000000000000e+00
9.631378514653003986e-01,1.085424493601853946e-01,2.461382045959080445e-01,-1.096244735717773477e-01,1.115100975038516851e-01,-9.937614996634165365e-01,1.892073307095823789e-03,-1.444769287109375078e-01,2.448080415948115374e-01,2.562456777410157538e-02,-9.692328947662187666e-01,1.933304199218750075e+00,0.000000000000000000e+00,0.000000000000000000e+00,0.000000000000000000e+00,1.000000000000000000e+00
9.631139247607573006e-01,1.087364714837895652e-01,2.461461917259453180e-01,-1.096230773925781221e-01,1.114944980999330870e-01,-9.937612541881754025e-01,2.747101707033506451e-03,-1.444689025878906352e-01,2.449092583496483844e-01,2.479817419891615707e-02,-9.692288201095887734e-01,1.933308959960937434e+00,0.000000000000000000e+00,0.000000000000000000e+00,0.000000000000000000e+00,1.000000000000000000e+00
9.633282631059613133e-01,1.088119889218413378e-01,2.452725189827129337e-01,-1.096289672851562536e-01,1.115190706213154553e-01,-9.937581567453545039e-01,2.867540729223372678e-03,-1.444853973388671997e-01,2.440535891746119235e-01,2.459018033583273977e-02,-9.694499309619043492e-01,1.933318969726562475e+00,0.000000000000000000e+00,0.000000000000000000e+00,0.000000000000000000e+00,1.000000000000000000e+00
9.631323951186522292e-01,1.087431898014574461e-01,2.460709412848509081e-01,-1.096240081787109438e-01,1.115121947912273148e-01,-9.937594068172198591e-01,2.696622912203620881e-03,-1.445001220703125144e-01,2.448285520233530743e-01,2.484270585285444297e-02,-9.692480694229196336e-01,1.933293457031250107e+00,0.000000000000000000e+00,0.000000000000000000e+00,0.000000000000000000e+00,1.000000000000000000e+00
9.630978247183863417e-01,1.088096956803351750e-01,2.461768269936580045e-01,-1.096249847412109346e-01,1.114586525899514263e-01,-9.937639487564751128e-01,3.191067967075354381e-03,-1.444690704345703292e-01,2.449888748199499089e-01,2.436522681796390172e-02,-9.692196794001679550e-01,1.933287841796875073e+00,0.000000000000000000e+00,0.000000000000000000e+00,0.000000000000000000e+00,1.000000000000000000e+00
9.631071471266963169e-01,1.088377601109582482e-01,2.461279446294252493e-01,-1.096210556030273453e-01,1.114855542561487556e-01,-9.937609211288087607e-01,3.194186816811614774e-03,-1.444912414550781343e-01,2.449399811089958134e-01,2.436336617240902891e-02,-9.692320836843328902e-01,1.933328735351562466e+00,0.000000000000000000e+00,0.000000000000000000e+00,0.000000000000000000e+00,1.000000000000000000e+00
9.630610747001039362e-01,1.086329617361637134e-01,2.463985511765646175e-01,-1.096326293945312502e-01,1.114352308564331706e-01,-9.937683354255787416e-01,2.585503712604207693e-03,-1.444606170654297028e-01,2.451439489798889482e-01,2.496748144894942248e-02,-9.691651402875786081e-01,1.933372192382812438e+00,0.000000000000000000e+00,0.000000000000000000e+00,0.000000000000000000e+00,1.000000000000000000e+00
9.631377626908746992e-01,1.085979995008503063e-01,2.461140479193137665e-01,-1.096346359252929753e-01,1.114788162794331516e-01,-9.937642853439155877e-01,2.240244592303370155e-03,-1.444694061279296893e-01,2.448226370247517381e-01,2.527883856727337897e-02,-9.692382868629038084e-01,1.933337524414062480e+00,0.000000000000000000e+00,0.000000000000000000e+00,0.000000000000000000e+00,1.000000000000000000e+00
9.630670469284648982e-01,1.086370312510136632e-01,2.463734128542533763e-01,-1.096328964233398429e-01,1.114477981848683158e-01,-9.937670184341574897e-01,2.549774937156808197e-03,-1.445057067871093892e-01,2.451147718931500352e-01,2.500217017483824869e-02,-9.691716257125554401e-01,1.933362792968750021e+00,0.000000000000000000e+00,0.000000000000000000e+00,0.000000000000000000e+00,1.000000000000000000e+00
9.628569448616506321e-01,1.085727210721561531e-01,2.472214957698382620e-01,-1.096400070190429732e-01,1.114137376730754136e-01,-9.937709348153818123e-01,2.511607827134979334e-03,-1.445000152587890552e-01,2.459542290537072851e-01,2.512555183772029188e-02,-9.689557388526301995e-01,1.933420532226562516e+00,0.000000000000000000e+00,0.000000000000000000e+00,0.000000000000000000e+00,1.000000000000000000e+00
9.633635568594122178e-01,1.089170866254656755e-01,2.450871795019138044e-01,-1.096386337280273460e-01,1.115204245251117388e-01,-9.937567493411746389e-01,3.273843704437257029e-03,-1.445106048583984504e-01,2.439136163253732004e-01,2.417832458800721340e-02,-9.694955164368713740e-01,1.933430664062500082e+00,0.000000000000000000e+00,0.000000000000000000e+00,0.000000000000000000e+00,1.000000000000000000e+00
9.630845636171403434e-01,1.087690751183070376e-01,2.462466479371665518e-01,-1.096384124755859363e-01,1.114908214942920278e-01,-9.937612170194884964e-01,2.905214359258194087e-03,-1.444756011962890774e-01,2.450263660198850335e-01,2.465627396532997506e-02,-9.692028415709665889e-01,1.933372680664062537e+00,0.000000000000000000e+00,0.000000000000000000e+00,0.000000000000000000e+00,1.000000000000000000e+00
9.631696995346011869e-01,1.088202761613776132e-01,2.458907834681648696e-01,-1.096370697021484403e-01,1.114907927365638568e-01,-9.937607012428578690e-01,3.077629002387283208e-03,-1.444860229492187509e-01,2.446915058464412540e-01,2.445027937397213288e-02,-9.692926548804216003e-01,1.933352539062499931e+00,0.000000000000000000e+00,0.000000000000000000e+00,0.000000000000000000e+00,1.000000000000000000e+00
9.632080949549288729e-01,1.087673514586492834e-01,2.457637667964250316e-01,-1.096273345947265665e-01,1.115179237392954631e-01,-9.937586437613834534e-01,2.740553669032612036e-03,-1.444747161865234386e-01,2.445279503414151678e-01,2.476734152481507162e-02,-9.693258793076866553e-01,1.933367431640625078e+00,0.000000000000000000e+00,0.000000000000000000e+00,0.000000000000000000e+00,1.000000000000000000e+00
9.632482772647780189e-01,1.087657742074156081e-01,2.456069272384210633e-01,-1.096267242431640671e-01,1.115507642266996696e-01,-9.937553683932099924e-01,2.587429248313502170e-03,-1.444875030517578096e-01,2.443546262031411620e-01,2.490530366683481323e-02,-9.693660518619299227e-01,1.933308837890625131e+00,0.000000000000000000e+00,0.000000000000000000e+00,0.000000000000000000e+00,1.000000000000000000e+00
9.633267995857730526e-01,1.087103398389220182e-01,2.453233360525213791e-01,-1.096239776611328126e-01,1.115043453916357979e-01,-9.937607642659149754e-01,2.514828902258445242e-03,-1.445022125244140587e-01,2.440660938324187845e-01,2.493201591791024616e-02,-9.694380518752367948e-01,1.933312622070312514e+00,0.000000000000000000e+00,0.000000000000000000e+00,0.000000000000000000e+00,1.000000000000000000e+00
9.630797019079601062e-01,1.086949429513812682e-01,2.462983904731637919e-01,-1.096226959228515652e-01,1.114805182045198462e-01,-9.937630894016976635e-01,2.648811742126076785e-03,-1.444902191162109328e-01,2.450501618724762187e-01,2.490645537987038610e-02,-9.691904284745510578e-01,1.933293823242187459e+00,0.000000000000000000e+00,0.000000000000000000e+00,0.000000000000000000e+00,1.000000000000000000e+00
9.631760246722573804e-01,1.086901216541967946e-01,2.459235713618016794e-01,-1.096315917968749970e-01,1.114955468277699230e-01,-9.937617123638389227e-01,2.530232650867674307e-03,-1.444777221679687529e-01,2.446644406817709838e-01,2.498232364066350214e-02,-9.692859201347090448e-01,1.933294799804687436e+00,0.000000000000000000e+00,0.000000000000000000e+00,0.000000000000000000e+00,1.000000000000000000e+00
9.631721550892030637e-01,1.087537787816216933e-01,2.459105838745838102e-01,-1.096277084350585906e-01,1.115160065055401245e-01,-9.937589481212653064e-01,2.708010703980676115e-03,-1.444717407226562556e-01,2.446703495601315614e-01,2.481468576538155280e-02,-9.692887348032518391e-01,1.933320556640625076e+00,0.000000000000000000e+00,0.000000000000000000e+00,0.000000000000000000e+00,1.000000000000000000e+00
9.630897253509371758e-01,1.085763851674722141e-01,2.463114887848745771e-01,-1.096274948120117276e-01,1.115729313422937491e-01,-9.937546167776598605e-01,1.800728956429948832e-03,-1.444868011474609304e-01,2.449686957861034187e-01,2.574743127093336026e-02,-9.691890465063068838e-01,1.933310668945312560e+00,0.000000000000000000e+00,0.000000000000000000e+00,0.000000000000000000e+00,1.000000000000000000e+00
9.632488476413476608e-01,1.086387098528216744e-01,2.456609212698077915e-01,-1.096266098022461027e-01,1.116028675290612615e-01,-9.937511340464750820e-01,1.866424559426281549e-03,-1.444858703613281226e-01,2.443285850589469732e-01,2.561863194746463041e-02,-9.693540262567819088e-01,1.933307861328124932e+00,0.000000000000000000e+00,0.000000000000000000e+00,0.000000000000000000e+00,1.000000000000000000e+00
9.630617676948068917e-01,1.085469799457705747e-01,2.464337329774605179e-01,-1.096228790283203108e-01,1.114922234528543249e-01,-9.937632672870079231e-01,2.013132034815123816e-03,-1.444816894531250062e-01,2.451153110560265191e-01,2.553667432739196649e-02,-9.691575530068391453e-01,1.933311279296874963e+00,0.000000000000000000e+00,0.000000000000000000e+00,0.000000000000000000e+00,1.000000000000000000e+00
9.630276534707604696e-01,1.083906148721191925e-01,2.466357907081724310e-01,-1.096329956054687554e-01,1.115288051526762553e-01,-9.937604118609637549e-01,1.252772583061088213e-03,-1.444803619384765758e-01,2.452326737443807358e-01,2.630054040457017669e-02,-9.691074333130513807e-01,1.933322265624999980e+00,0.000000000000000000e+00,0.000000000000000000e+00,0.000000000000000000e+00,1.000000000000000000e+00
9.631417395713071095e-01,1.086377599540267330e-01,2.460809350756940350e-01,-1.096263580322265618e-01,1.115937358775751648e-01,-9.937520105961019645e-01,1.944106244699093586e-03,-1.444802551269531166e-01,2.447546273483765245e-01,2.558864100291279725e-02,-9.692473336786546767e-01,1.933310058593749936e+00,0.000000000000000000e+00,0.000000000000000000e+00,0.000000000000000000e+00,1.000000000000000000e+00
9.631433087051505249e-01,1.087555419043489263e-01,2.460227611453610908e-01,-1.096395645141601538e-01,1.114842456071924032e-01,-9.937621068618091025e-01,2.852708708280653552e-03,-1.444913330078125002e-01,2.447983453332379100e-01,2.468009462442363050e-02,-9.692598532134913958e-01,1.933344604492187591e+00,0.000000000000000000e+00,0.000000000000000000e+00,0.000000000000000000e+00,1.000000000000000000e+00
9.633565982168240671e-01,1.087352826531109706e-01,2.451952344122069194e-01,-1.096320114135742180e-01,1.115145181968980603e-01,-9.937594993120343334e-01,2.563153996295483919e-03,-1.444751281738281268e-01,2.439437986574422568e-01,2.487359711507565463e-02,-9.694703333589606009e-01,1.933327514648437440e+00,0.000000000000000000e+00,0.000000000000000000e+00,0.000000000000000000e+00,1.000000000000000000e+00
9.632434166902601458e-01,1.084776358905498450e-01,2.457533778292196880e-01,-1.096305847167968750e-01,1.115242318941502553e-01,-9.937605381470566712e-01,1.529222708370230749e-03,-1.444801330566406194e-01,2.443858954671764838e-01,2.593444299130574435e-02,-9.693311811571094783e-01,1.933291870117187505e+00,0.000000000000000000e+00,0.000000000000000000e+00,0.000000000000000000e+00,1.000000000000000000e+00
9.633321076300607189e-01,1.087855403562353052e-01,2.452691513795149381e-01,-1.096185455322265662e-01,1.115423863983824593e-01,-9.937561006151549581e-01,2.666182048604729196e-03,-1.444759826660156343e-01,2.440277575309404146e-01,2.478948768256938190e-02,-9.694513576527996612e-01,1.933196411132812598e+00,0.000000000000000000e+00,0.000000000000000000e+00,0.000000000000000000e+00,1.000000000000000000e+00
9.632542198657038091e-01,1.086816216430180615e-01,2.456208725413188410e-01,-1.096222305297851612e-01,1.115232696624947895e-01,-9.937590357224953541e-01,2.353559789616497047e-03,-1.444693450927734268e-01,2.443437501445482052e-01,2.512536640410843042e-02,-9.693631144872175698e-01,1.933238037109375140e+00,0.000000000000000000e+00,0.000000000000000000e+00,0.000000000000000000e+00,1.000000000000000000e+00
9.631619377672844262e-01,1.089643681675605963e-01,2.458573735038547814e-01,-1.096290588378906333e-01,1.115258929683149852e-01,-9.937552797643749436e-01,3.524079744958002677e-03,-1.444551544189453252e-01,2.447060621112390755e-01,2.402520364686176052e-02,-9.692996093859405082e-01,1.933304931640625002e+00,0.000000000000000000e+00,0.000000000000000000e+00,0.000000000000000000e+00,1.000000000000000000e+00
9.633358921887965609e-01,1.085091520715382729e-01,2.453766955876848510e-01,-1.096340408325195276e-01,1.115539553323894595e-01,-9.937572480017163867e-01,1.499030938590556125e-03,-1.444650115966796822e-01,2.440075283070479994e-01,2.592867063255217125e-02,-9.694266502261602581e-01,1.933366088867187527e+00,0.000000000000000000e+00,0.000000000000000000e+00,0.000000000000000000e+00,1.000000000000000000e+00
9.634450240300218571e-01,1.086827108821589588e-01,2.448708925680951054e-01,-1.096291503906249992e-01,1.115616993195249346e-01,-9.937552364205906041e-01,2.125401514008307124e-03,-1.444941253662109515e-01,2.435727261347838957e-01,2.527050537604834390e-02,-9.695533655458623556e-01,1.933335937500000101e+00,0.000000000000000000e+00,0.000000000000000000e+00,0.000000000000000000e+00,1.000000000000000000e+00
9.634924244343723299e-01,1.089734610644733370e-01,2.445549689562757922e-01,-1.096290054321289037e-01,1.116098273701266741e-01,-9.937472859897951150e-01,3.094838012983500489e-03,-1.444887542724609397e-01,2.433630918853264269e-01,2.431288488735550840e-02,-9.696304910307165237e-01,1.933293945312499984e+00,0.000000000000000000e+00,0.000000000000000000e+00,0.000000000000000000e+00,1.000000000000000000e+00
9.632624163555570940e-01,1.088437962759791489e-01,2.455168940197122729e-01,-1.096291885375976632e-01,1.115372752218863617e-01,-9.937558696260616609e-01,2.950901527901807903e-03,-1.444540863037109268e-01,2.443050418491821696e-01,2.454179284370534841e-02,-9.693878207049470008e-01,1.933304687499999952e+00,0.000000000000000000e+00,0.000000000000000000e+00,0.000000000000000000e+00,1.000000000000000000e+00
9.631949700867096231e-01,1.088235989239753482e-01,2.457903047658647200e-01,-1.096328735351562583e-01,1.114928201894720833e-01,-9.937604886624434863e-01,3.072819483801367962e-03,-1.444789733886718830e-01,2.445910886476875823e-01,2.444412998279418478e-02,-9.693181540977778843e-01,1.933337890625000055e+00,0.000000000000000000e+00,0.000000000000000000e+00,0.000000000000000000e+00,1.000000000000000000e+00
9.631131876093946831e-01,1.087678892053257212e-01,2.461351948232694542e-01,-1.096252212524414099e-01,1.114666628452613689e-01,-9.937636924451188625e-01,2.984401444873200152e-03,-1.444978942871093797e-01,2.449248270939711203e-01,2.456155238704018501e-02,-9.692309111957414514e-01,1.933292724609374957e+00,0.000000000000000000e+00,0.000000000000000000e+00,0.000000000000000000e+00,1.000000000000000000e+00
9.632295581092864545e-01,1.087723089542446536e-01,2.456774372817966678e-01,-1.096283721923828197e-01,1.114798863606607099e-01,-9.937624512837823776e-01,2.902646286139894810e-03,-1.444932556152343783e-01,2.444607398368968398e-01,2.459217809000694907e-02,-9.693472914570848697e-01,1.933317016601562521e+00,0.000000000000000000e+00,0.000000000000000000e+00,0.000000000000000000e+00,1.000000000000000000e+00
9.631953793321712531e-01,1.087463653894386595e-01,2.458228818636337687e-01,-1.096268844604492143e-01,1.114472147630394816e-01,-9.937660026587498141e-01,2.941136040914180474e-03,-1.444630432128906350e-01,2.446102605262426288e-01,2.456338686412980893e-02,-9.693103014365664905e-01,1.933316406250000119e+00,0.000000000000000000e+00,0.000000000000000000e+00,0.000000000000000000e+00,1.000000000000000000e+00
9.631257452156936072e-01,1.085169674030905251e-01,2.461968047890786826e-01,-1.096206741333007884e-01,1.115064973300322615e-01,-9.937620590922666697e-01,1.808580074570950713e-03,-1.444632415771484324e-01,2.448573052941296901e-01,2.571065332377247062e-02,-9.692181706663172136e-01,1.933279663085937461e+00,0.000000000000000000e+00,0.000000000000000000e+00,0.000000000000000000e+00,1.000000000000000000e+00
9.630678890491949362e-01,1.090395232037292689e-01,2.461922489881256393e-01,-1.096218032836914075e-01,1.114630328550673538e-01,-9.937600682663995100e-01,4.113274354026169588e-03,-1.444838867187500098e-01,2.451045356354672466e-01,2.347997228841419010e-02,-9.692122871240632653e-01,1.933317138671875046e+00,0.000000000000000000e+00,0.000000000000000000e+00,0.000000000000000000e+00,1.000000000000000000e+00
9.630508593990880772e-01,1.087973786219081085e-01,2.463659323357813846e-01,-1.096283569335937541e-01,1.114742610069303919e-01,-9.937624908763986742e-01,3.098525470993391401e-03,-1.444968414306640747e-01,2.451663340339297059e-01,2.447942262670449454e-02,-9.691719282584627670e-01,1.933332641601562596e+00,0.000000000000000000e+00,0.000000000000000000e+00,0.000000000000000000e+00,1.000000000000000000e+00
9.630239700933160840e-01,1.086973698208698325e-01,2.465151411571560036e-01,-1.096377639770507867e-01,1.114426846556340611e-01,-9.937668307712133053e-01,2.830917816448565508e-03,-1.444898529052734415e-01,2.452862838856922356e-01,2.474606742421185668e-02,-9.691348054241906151e-01,1.933383056640624931e+00,0.000000000000000000e+00,0.000000000000000000e+00,0.000000000000000000e+00,1.000000000000000000e+00
9.629841705779823569e-01,1.086260468669631996e-01,2.467019845041626414e-01,-1.096322097778320293e-01,1.114223084009814679e-01,-9.937696405163422009e-01,2.640223213441905345e-03,-1.444667968749999976e-01,2.454517394658924934e-01,2.494561143921986829e-02,-9.690877979125994690e-01,1.933335083007812649e+00,0.000000000000000000e+00,0.000000000000000000e+00,0.000000000000000000e+00,1.000000000000000000e+00
9.632459649163229720e-01,1.086208170099377812e-01,2.456801359176521982e-01,-1.096339569091796945e-01,1.115275886023260332e-01,-9.937591320696539388e-01,2.093897972389052037e-03,-1.444755249023437493e-01,2.443743195447769523e-01,2.538317435353722867e-02,-9.693486918579741207e-01,1.933373901367187564e+00,0.000000000000000000e+00,0.000000000000000000e+00,0.000000000000000000e+00,1.000000000000000000e+00
9.631516609229229253e-01,1.085627984721725808e-01,2.460751853586727877e-01,-1.096392059326171953e-01,1.115354386239123669e-01,-9.937587012405557640e-01,1.868057722636531567e-03,-1.444836273193359499e-01,2.447421581836407012e-01,2.564688083518284339e-02,-9.692489430022812602e-01,1.933411010742187575e+00,0.000000000000000000e+00,0.000000000000000000e+00,0.000000000000000000e+00,1.000000000000000000e+00
9.631498808945724299e-01,1.086699705633053931e-01,2.460348439358567008e-01,-1.096289291381835895e-01,1.114780234556144584e-01,-9.937636813581522954e-01,2.529011649249221505e-03,-1.444826812744140765e-01,2.447753198735536373e-01,2.499166083442450406e-02,-9.692576848648333243e-01,1.933352416992187628e+00,0.000000000000000000e+00,0.000000000000000000e+00,0.000000000000000000e+00,1.000000000000000000e+00
9.630315973436427424e-01,1.087250798157606557e-01,2.464731213272722543e-01,-1.096261978149414146e-01,1.114806838599326222e-01,-9.937626862108575043e-01,2.789376471987512970e-03,-1.444963531494140585e-01,2.452390663085177447e-01,2.479073443924554448e-02,-9.691456133327380762e-01,1.933326904296875037e+00,0.000000000000000000e+00,0.000000000000000000e+00,0.000000000000000000e+00,1.000000000000000000e+00
9.631974648325140054e-01,1.086565577343935191e-01,2.458544207483990829e-01,-1.096323699951171904e-01,1.115071358197291390e-01,-9.937608787234649688e-01,2.339782051300105109e-03,-1.444826965332031143e-01,2.445747378645204972e-01,2.516085014619968627e-02,-9.693039405771658457e-01,1.933355957031249961e+00,0.000000000000000000e+00,0.000000000000000000e+00,0.000000000000000000e+00,1.000000000000000000e+00
9.632719332099733967e-01,1.086494723244385424e-01,2.455656222958373103e-01,-1.096377487182617211e-01,1.114850550952856262e-01,-9.937632899016265453e-01,2.367727665288312314e-03,-1.444822235107421915e-01,2.442913530608930295e-01,2.509613132570250732e-02,-9.693770778248068654e-01,1.933385131835937631e+00,0.000000000000000000e+00,0.000000000000000000e+00,0.000000000000000000e+00,1.000000000000000000e+00
9.629570174196805388e-01,1.084681823769079317e-01,2.468773703968094313e-01,-1.096260681152343708e-01,1.114832918300307368e-01,-9.937647229699894114e-01,1.775112143197149148e-03,-1.444654388427734359e-01,2.455305647876324937e-01,2.581334523517950924e-02,-9.690451036782735672e-01,1.933327392578125137e+00,0.000000000000000000e+00,0.000000000000000000e+00,0.000000000000000000e+00,1.000000000000000000e+00
9.631149017780721300e-01,1.087612866294385278e-01,2.461314049521598213e-01,-1.096291427612304664e-01,1.114819122842271998e-01,-9.937622413632986040e-01,2.896700544615425990e-03,-1.444714813232421957e-01,2.449111455333685961e-01,2.464934423676250902e-02,-9.692321396973125891e-01,1.933325439453124961e+00,0.000000000000000000e+00,0.000000000000000000e+00,0.000000000000000000e+00,1.000000000000000000e+00
9.630973958727998552e-01,1.088500435419972184e-01,2.461606672154124376e-01,-1.096248321533203202e-01,1.114172140005868644e-01,-9.937674917869999680e-01,3.518052262633920499e-03,-1.444975280761718883e-01,2.450094089772455186e-01,2.403830876497971281e-02,-9.692226520383954158e-01,1.933338134765625105e+00,0.000000000000000000e+00,0.000000000000000000e+00,0.000000000000000000e+00,1.000000000000000000e+00
9.630786582379121663e-01,1.087729866963073472e-01,2.462680154056308690e-01,-1.096245574951171947e-01,1.114529722214791102e-01,-9.937649576765149595e-01,3.073089193771538080e-03,-1.444888153076172022e-01,2.450667929966467429e-01,2.448767566265964285e-02,-9.691968947076644580e-01,1.933312499999999989e+00,0.000000000000000000e+00,0.000000000000000000e+00,0.000000000000000000e+00,1.000000000000000000e+00
9.629542123064155357e-01,1.088224120540633444e-01,2.467323805990342400e-01,-1.096233291625976630e-01,1.114622351622329977e-01,-9.937632386218581138e-01,3.285680513273292816e-03,-1.444967041015625120e-01,2.455511252956705803e-01,2.433738273791750256e-02,-9.690780859494750876e-01,1.933297363281250014e+00,0.000000000000000000e+00,0.000000000000000000e+00,0.000000000000000000e+00,1.000000000000000000e+00
9.632341004518183425e-01,1.086530524987347757e-01,2.457123967354585825e-01,-1.096238632202148483e-01,1.114809136440925164e-01,-9.937636423259981200e-01,2.414349610959832734e-03,-1.444662628173828123e-01,2.444423727995099216e-01,2.506665860605956225e-02,-9.693397696403840413e-01,1.933274169921874952e+00,0.000000000000000000e+00,0.000000000000000000e+00,0.000000000000000000e+00,1.000000000000000000e+00
9.632089734566152694e-01,1.086533196343405089e-01,2.458107597016285506e-01,-1.096255035400390682e-01,1.115583565015780126e-01,-9.937556256666851828e-01,2.118855937089702060e-03,-1.444723510742187411e-01,2.445060460342868003e-01,2.538134331065137334e-02,-9.693155218319916555e-01,1.933282836914062441e+00,0.000000000000000000e+00,0.000000000000000000e+00,0.000000000000000000e+00,1.000000000000000000e+00
9.631689744996394520e-01,1.088148487476410381e-01,2.458960252898388654e-01,-1.096203765869140645e-01,1.114453326029929275e-01,-9.937652971250885425e-01,3.236057924837092842e-03,-1.444860687255859477e-01,2.447150677876647473e-01,2.428709373129327859e-02,-9.692908091361260858e-01,1.933288208007812647e+00,0.000000000000000000e+00,0.000000000000000000e+00,0.000000000000000000e+00,1.000000000000000000e+00
9.632239256381961434e-01,1.087643513258058775e-01,2.457030422254057045e-01,-1.096268386840820314e-01,1.115320481540224423e-01,-9.937572616394617642e-01,2.665928244952141604e-03,-1.444786682128906263e-01,2.444591403746475822e-01,2.483587766750121328e-02,-9.693414815573372367e-01,1.933295043945312486e+00,0.000000000000000000e+00,0.000000000000000000e+00,0.000000000000000000e+00,1.000000000000000000e+00
9.630495703022130538e-01,1.086337539224778020e-01,2.464431631217101626e-01,-1.096304702758789107e-01,1.114339393383901450e-01,-9.937684462770635108e-01,2.598527967886126930e-03,-1.444765777587890543e-01,2.451897271588907579e-01,2.495962124677461591e-02,-9.691537623117225664e-01,1.933298706054687566e+00,0.000000000000000000e+00,0.000000000000000000e+00,0.000000000000000000e+00,1.000000000000000000e+00
9.629601708144862604e-01,1.085631577580781493e-01,2.468233177852739157e-01,-1.096314773559570327e-01,1.114904338490037006e-01,-9.937632288434171679e-01,2.127947101595003068e-03,-1.444777374267578185e-01,2.455149538930299358e-01,2.546931047949458488e-02,-9.690581621546784374e-01,1.933320434570312552e+00,0.000000000000000000e+00,0.000000000000000000e+00,0.000000000000000000e+00,1.000000000000000000e+00
9.629808688651045889e-01,1.085560574529202404e-01,2.467456759298662650e-01,-1.096325531005859361e-01,1.115056338876213027e-01,-9.937617269380240037e-01,2.030685715781164330e-03,-1.444886474609375082e-01,2.454268522617850390e-01,2.555802150861441469e-02,-9.690781432502940662e-01,1.933376464843750142e+00,0.000000000000000000e+00,0.000000000000000000e+00,0.000000000000000000e+00,1.000000000000000000e+00
9.628626729833673625e-01,1.087149469760953224e-01,2.471366692324507841e-01,-1.096348495483398522e-01,1.114704297278507339e-01,-9.937636423067692792e-01,2.857713329156097784e-03,-1.444936218261718697e-01,2.459061127170556749e-01,2.479684522611955849e-02,-9.689764188024487801e-01,1.933367065429687504e+00,0.000000000000000000e+00,0.000000000000000000e+00,0.000000000000000000e+00,1.000000000000000000e+00
9.631479662898927430e-01,1.086896669360504636e-01,2.460336386207673809e-01,-1.096334915161132767e-01,1.115460672990789132e-01,-9.937565092614479845e-01,2.339908248493319590e-03,-1.444775238037109277e-01,2.447518537248559722e-01,2.519040694058808511e-02,-9.692584657852696406e-01,1.933385498046874984e+00,0.000000000000000000e+00,0.000000000000000000e+00,0.000000000000000000e+00,1.000000000000000000e+00
9.628684876830083672e-01,1.084201170073621767e-01,2.472435108453738817e-01,-1.096372833251953172e-01,1.114871351938500343e-01,-9.937645824305935127e-01,1.604179795569761827e-03,-1.444881896972656232e-01,2.458757696750634159e-01,2.601985654568843287e-02,-9.689520488404147480e-01,1.933370971679687633e+00,0.000000000000000000e+00,0.000000000000000000e+00,0.000000000000000000e+00,1.000000000000000000e+00
9.632022141915250746e-01,1.090627458707057462e-01,2.456558813456037049e-01,-1.096329879760742226e-01,1.114431775232753719e-01,-9.937617886409715329e-01,4.233865918101153980e-03,-1.444638519287109457e-01,2.445851850788579307e-01,2.329860296752971766e-02,-9.693478541471591825e-01,1.933353881835937482e+00,0.000000000000000000e+00,0.000000000000000000e+00,0.000000000000000000e+00,1.000000000000000000e+00
9.631040959978034444e-01,1.084485729579043045e-01,2.463116060920564898e-01,-1.096284942626953168e-01,1.115776376651154700e-01,-9.937549207180254029e-01,1.260286389499995843e-03,-1.444730529785156203e-01,2.449100468444005974e-01,2.626908015339439462e-02,-9.691898701402983374e-01,1.933305053710937527e+00,0.000000000000000000e+00,0.000000000000000000e+00,0.000000000000000000e+00,1.000000000000000000e+00
9.630457190821875013e-01,1.086979364989652391e-01,2.464299120608925142e-01,-1.096287078857421937e-01,1.114164444077807709e-01,-9.937694915521619876e-01,2.928066885385983281e-03,-1.445094604492187518e-01,2.452128032403695646e-01,2.463648231838944797e-02,-9.691561921929692236e-01,1.933321166992187479e+00,0.000000000000000000e+00,0.000000000000000000e+00,0.000000000000000000e+00,1.000000000000000000e+00
9.631150110510581230e-01,1.086230951231542258e-01,2.461919955928444925e-01,-1.096272125244140694e-01,1.114456781133370405e-01,-9.937674273713598128e-01,2.482161471012381965e-03,-1.445013122558593821e-01,2.449272061612989826e-01,2.504642692233563159e-02,-9.692179012897178536e-01,1.933342529296875112e+00,0.000000000000000000e+00,0.000000000000000000e+00,0.000000000000000000e+00,1.000000000000000000e+00
9.631744856999377991e-01,1.088806249780523983e-01,2.458453164106431943e-01,-1.096313323974609372e-01,1.114679127462264163e-01,-9.937621820705304643e-01,3.410266033296619273e-03,-1.445154876708984459e-01,2.446830899851074881e-01,2.411918304600955965e-02,-9.693030746286390720e-01,1.933348144531250146e+00,0.000000000000000000e+00,0.000000000000000000e+00,0.000000000000000000e+00,1.000000000000000000e+00
9.632150534369041672e-01,1.086858445473330714e-01,2.457725534464235140e-01,-1.096291351318359336e-01,1.114914333500665045e-01,-9.937622172611726423e-01,2.513132249952988381e-03,-1.444693908691406237e-01,2.445126195559031435e-01,2.498084744741511237e-02,-9.693242677962412568e-01,1.933331054687499995e+00,0.000000000000000000e+00,0.000000000000000000e+00,0.000000000000000000e+00,1.000000000000000000e+00
9.633068725228063345e-01,1.088094356604833307e-01,2.453576492827916622e-01,-1.096260757446289036e-01,1.114878140924790012e-01,-9.937613028155453110e-01,2.990039336049509291e-03,-1.444665222167968721e-01,2.441522816997848400e-01,2.447406254787751895e-02,-9.694280187838556495e-01,1.933326293945312635e+00,0.000000000000000000e+00,0.000000000000000000e+00,0.000000000000000000e+00,1.000000000000000000e+00
9.630373698134199190e-01,1.086415210273645182e-01,2.464874119538588426e-01,-1.096182022094726594e-01,1.115102825761082606e-01,-9.937605412663751414e-01,2.333131320382247215e-03,-1.444593353271484415e-01,2.452029388540175880e-01,2.523898830821816666e-02,-9.691431845947898749e-01,1.933255126953125069e+00,0.000000000000000000e+00,0.000000000000000000e+00,0.000000000000000000e+00,1.000000000000000000e+00
9.630842130746033458e-01,1.087212464669820994e-01,2.462691395468336319e-01,-1.096192398071289126e-01,1.115153684176939247e-01,-9.937592681689051410e-01,2.615250478989115251e-03,-1.444631958007812633e-01,2.450165731805464542e-01,2.494408737692341629e-02,-9.691979526246401466e-01,1.933290893554687528e+00,0.000000000000000000e+00,0.000000000000000000e+00,0.000000000000000000e+00,1.000000000000000000e+00
9.630945635062145849e-01,1.086993052403114751e-01,2.462383454806495175e-01,-1.096181259155273452e-01,1.114943251875505220e-01,-9.937616544145672082e-01,2.605698792158500296e-03,-1.444938507080078260e-01,2.449854632335291271e-01,2.494464382380138373e-02,-9.692058024737352229e-01,1.933275878906250078e+00,0.000000000000000000e+00,0.000000000000000000e+00,0.000000000000000000e+00,1.000000000000000000e+00
9.631123191352174429e-01,1.088278094435378152e-01,2.461121058008001738e-01,-1.096150741577148480e-01,1.114695358156618521e-01,-9.937626498833848077e-01,3.215319858773652353e-03,-1.444806060791015700e-01,2.449269346458737839e-01,2.433728802628524340e-02,-9.692360358016521849e-01,1.933273925781250124e+00,0.000000000000000000e+00,0.000000000000000000e+00,0.000000000000000000e+00,1.000000000000000000e+00
9.630901482347365983e-01,1.084265504796277785e-01,2.463758298297175353e-01,-1.096217117309570277e-01,1.114747365768845450e-01,-9.937660047761264215e-01,1.584568209497485072e-03,-1.444830780029296990e-01,2.450117333482366433e-01,2.593859869740610530e-02,-9.691730700031381263e-01,1.933251342773437464e+00,0.000000000000000000e+00,0.000000000000000000e+00,0.000000000000000000e+00,1.000000000000000000e+00
9.630988539397183912e-01,1.091554777083378613e-01,2.460196724375226796e-01,-1.096226806640624996e-01,1.115506624447478168e-01,-9.937497757626826411e-01,4.222899448986478649e-03,-1.444830322265625022e-01,2.449429469246651447e-01,2.337658781522396895e-02,-9.692556359877296801e-01,1.933273803710937599e+00,0.000000000000000000e+00,0.000000000000000000e+00,0.000000000000000000e+00,1.000000000000000000e+00
9.630198437964669900e-01,1.088035263040255940e-01,2.464844277394362404e-01,-1.096202011108398516e-01,1.114212334014922645e-01,-9.937676376853508131e-01,3.345300669234659713e-03,-1.444698181152343774e-01,2.453122279902050229e-01,2.424200802505040164e-02,-9.691409783129567579e-01,1.933283447265625066e+00,0.000000000000000000e+00,0.000000000000000000e+00,0.000000000000000000e+00,1.000000000000000000e+00
9.629908384613155015e-01,1.088552853712977525e-01,2.465748808907871348e-01,-1.096245727539062464e-01,1.114256703112258967e-01,-9.937664374569492587e-01,3.547926129020767885e-03,-1.444802398681640787e-01,2.454240514604600076e-01,2.405815102738212419e-02,-9.691172479807987905e-01,1.933293457031250107e+00,0.000000000000000000e+00,0.000000000000000000e+00,0.000000000000000000e+00,1.000000000000000000e+00
9.632848376796442347e-01,1.085506073234276253e-01,2.455587244351476184e-01,-1.096276779174804733e-01,1.115281736553575959e-01,-9.937596583212210399e-01,1.791081905128111273e-03,-1.444683990478515534e-01,2.442207771210347655e-01,2.566139401913896181e-02,-9.693800621424976116e-01,1.933315185546875092e+00,0.000000000000000000e+00,0.000000000000000000e+00,0.000000000000000000e+00,1.000000000000000000e+00
9.632110173035194345e-01,1.084666931828171532e-01,2.458851614374157057e-01,-1.096256332397460981e-01,1.115468131638453764e-01,-9.937581809152459256e-01,1.409374688206127199e-03,-1.444985809326171933e-01,2.445032609559830428e-01,2.607018093543250759e-02,-9.692979423520328153e-01,1.933345947265625142e+00,0.000000000000000000e+00,0.000000000000000000e+00,0.000000000000000000e+00,1.000000000000000000e+00
9.632226981330076487e-01,1.087293924558957042e-01,2.457233261567584315e-01,-1.096236267089843730e-01,1.115187128292795121e-01,-9.937589904005856845e-01,2.577922983580354169e-03,-1.445015106201171795e-01,2.444700605192168530e-01,2.491963511330756720e-02,-9.693365779209768274e-01,1.933316650390624947e+00,0.000000000000000000e+00,0.000000000000000000e+00,0.000000000000000000e+00,1.000000000000000000e+00
9.634048409598050533e-01,1.092738240657074034e-01,2.447658958868038914e-01,-1.096319198608398521e-01,1.115510751278413759e-01,-9.937481330035224936e-01,4.583207374354225302e-03,-1.444963226318359273e-01,2.437364766567277352e-01,2.288841466922671847e-02,-9.695713745882219570e-01,1.933356933593749938e+00,0.000000000000000000e+00,0.000000000000000000e+00,0.000000000000000000e+00,1.000000000000000000e+00
9.631006380234220510e-01,1.085915198763937328e-01,2.462621425428850597e-01,-1.096275482177734434e-01,1.114555588532308017e-01,-9.937667073645205518e-01,2.321580193226232061e-03,-1.445067749023437598e-01,2.449792224650724493e-01,2.521136935619251729e-02,-9.692004784437501241e-01,1.933296997070312440e+00,0.000000000000000000e+00,0.000000000000000000e+00,0.000000000000000000e+00,1.000000000000000000e+00
9.629641934298365236e-01,1.089145459445931413e-01,2.466527596717858761e-01,-1.096262588500976631e-01,1.113794444167827274e-01,-9.937699843567271429e-01,3.979642325567540190e-03,-1.444824829101562513e-01,2.455495500574852719e-01,2.363979427393035626e-02,-9.690957530570718514e-01,1.933287719726562548e+00,0.000000000000000000e+00,0.000000000000000000e+00,0.000000000000000000e+00,1.000000000000000000e+00
9.630625835959665260e-01,1.089734370549119008e-01,2.462422589522385574e-01,-1.096317291259765597e-01,1.114898994568371132e-01,-9.937585204393830640e-01,3.742375346329663774e-03,-1.444983062744140678e-01,2.451131624302670953e-01,2.384938302278742650e-02,-9.692010857055752826e-01,1.933335449218750002e+00,0.000000000000000000e+00,0.000000000000000000e+00,0.000000000000000000e+00,1.000000000000000000e+00
9.630613387329812758e-01,1.089255314300417443e-01,2.462683220402515638e-01,-1.096375350952148442e-01,1.114550682716015928e-01,-9.937626335593191529e-01,3.687261560964473495e-03,-1.444640197753906397e-01,2.451338931980045488e-01,2.389679359096789565e-02,-9.691946748005068057e-01,1.933324951171875083e+00,0.000000000000000000e+00,0.000000000000000000e+00,0.000000000000000000e+00,1.000000000000000000e+00
9.628476292463753472e-01,1.087446014447104592e-01,2.471822293597706333e-01,-1.096314468383789154e-01,1.114049449760946275e-01,-9.937698094780230695e-01,3.240988257905211278e-03,-1.444915618896484288e-01,2.459946769536050515e-01,2.441674480035426614e-02,-9.689635914129314243e-01,1.933332153320312496e+00,0.000000000000000000e+00,0.000000000000000000e+00,0.000000000000000000e+00,1.000000000000000000e+00
9.628969725080841480e-01,1.085843373184951360e-01,2.470604420458066830e-01,-1.096297683715820315e-01,1.114138665531597266e-01,-9.937708446823797503e-01,2.541377371549214184e-03,-1.445007934570312624e-01,2.457974179572292583e-01,2.507887454359086082e-02,-9.689967385792309651e-01,1.933324707031250034e+00,0.000000000000000000e+00,0.000000000000000000e+00,0.000000000000000000e+00,1.000000000000000000e+00
9.631993196349120101e-01,1.087205271315735688e-01,2.458188716007695673e-01,-1.096338272094726646e-01,1.114980787367562398e-01,-9.937611600001097223e-01,2.633498290985048298e-03,-1.444834594726562560e-01,2.445715623142947492e-01,2.487174813858666900e-02,-9.693122030861243132e-01,1.933372802734375062e+00,0.000000000000000000e+00,0.000000000000000000e+00,0.000000000000000000e+00,1.000000000000000000e+00
9.631781778549199924e-01,1.087735085060747425e-01,2.458782657156900753e-01,-1.096372375488281342e-01,1.114578984349455099e-01,-9.937645816123423792e-01,3.015494870106646963e-03,-1.444813079833984493e-01,2.446731178134246287e-01,2.450061591317974699e-02,-9.692960255976155182e-01,1.933368530273437580e+00,0.000000000000000000e+00,0.000000000000000000e+00,0.000000000000000000e+00,1.000000000000000000e+00
9.631996790687125110e-01,1.088380598093840190e-01,2.457654470808666447e-01,-1.096356964111328131e-01,1.114771804005453559e-01,-9.937618695558751991e-01,3.191373803898795575e-03,-1.444897003173828132e-01,2.445796730962603582e-01,2.432330885675083876e-02,-9.693240738547586055e-01,1.933342773437499940e+00,0.000000000000000000e+00,0.000000000000000000e+00,0.000000000000000000e+00,1.000000000000000000e+00
9.630588620670444966e-01,1.085486778269415392e-01,2.464443400367553605e-01,-1.096329498291015586e-01,1.115210500405192789e-01,-9.937602416535785688e-01,1.907224811344114188e-03,-1.444687347412109413e-01,2.451136136406728561e-01,2.564696182092265214e-02,-9.691550700261372109e-01,1.933317138671875046e+00,0.000000000000000000e+00,0.000000000000000000e+00,0.000000000000000000e+00,1.000000000000000000e+00
9.631633323983893602e-01,1.085783464145485266e-01,2.460226367900159861e-01,-1.096363677978515611e-01,1.114821370601050965e-01,-9.937641401121807272e-01,2.137040853684589806e-03,-1.444873046875000122e-01,2.447205104598749459e-01,2.536880992440666838e-02,-9.692617269052140605e-01,1.933372192382812438e+00,0.000000000000000000e+00,0.000000000000000000e+00,0.000000000000000000e+00,1.000000000000000000e+00
9.632622605824802120e-01,1.084478261376883718e-01,2.456926664423255136e-01,-1.096332321166992169e-01,1.114949959584327771e-01,-9.937638381132308796e-01,1.516553556386159712e-03,-1.445044403076171935e-01,2.443249541364106436e-01,2.593266404498472191e-02,-9.693465911229951493e-01,1.933346313476562495e+00,0.000000000000000000e+00,0.000000000000000000e+00,0.000000000000000000e+00,1.000000000000000000e+00
9.632880103087991808e-01,1.087010654988551234e-01,2.454797090488923250e-01,-1.096304092407226621e-01,1.115489076304790744e-01,-9.937562454354246233e-01,2.316433580972653353e-03,-1.444906921386718834e-01,2.441987927934167191e-01,2.515160069462413217e-02,-9.693989615120991443e-01,1.933328369140625114e+00,0.000000000000000000e+00,0.000000000000000000e+00,0.000000000000000000e+00,1.000000000000000000e+00
9.630881774952864127e-01,1.088879109366581444e-01,2.461799854185108549e-01,-1.096257324218749968e-01,1.114599878257240828e-01,-9.937627400379753784e-01,3.505371036698888901e-03,-1.444776153564453214e-01,2.450261893812521741e-01,2.406323677450505905e-02,-9.692177913932640276e-01,1.933328125000000064e+00,0.000000000000000000e+00,0.000000000000000000e+00,0.000000000000000000e+00,1.000000000000000000e+00
9.630892284334711118e-01,1.087640432422435355e-01,2.462306255789905585e-01,-1.096290359497070349e-01,1.113964036759825249e-01,-9.937707163108484565e-01,3.256478324974724364e-03,-1.444641418457031368e-01,2.450509729086567390e-01,2.429292696697670645e-02,-9.692057956780377737e-01,1.933319213867187525e+00,0.000000000000000000e+00,0.000000000000000000e+00,0.000000000000000000e+00,1.000000000000000000e+00
9.631705426524433955e-01,1.085816611581820884e-01,2.459929442620822360e-01,-1.096366500854492193e-01,1.115306256596989981e-01,-9.937590735277009868e-01,1.955331511958091628e-03,-1.444827117919921800e-01,2.446700335279215488e-01,2.555242926798339045e-02,-9.692696467196063592e-01,1.933400268554687607e+00,0.000000000000000000e+00,0.000000000000000000e+00,0.000000000000000000e+00,1.000000000000000000e+00
9.631104789510387398e-01,1.085455780095049422e-01,2.462439092227118598e-01,-1.096202697753906330e-01,1.114567429749898780e-01,-9.937670092374806252e-01,2.127391971430459688e-03,-1.444671020507812542e-01,2.449399922023917375e-01,2.539663059887154947e-02,-9.692055568217283756e-01,1.933300292968749945e+00,0.000000000000000000e+00,0.000000000000000000e+00,0.000000000000000000e+00,1.000000000000000000e+00
9.630995374487281158e-01,1.086756722461456742e-01,2.462293224372235079e-01,-1.096246109008789105e-01,1.114288575562507738e-01,-9.937685605166737268e-01,2.767278866806877763e-03,-1.444961090087890643e-01,2.449956952065783233e-01,2.477188709941617259e-02,-9.692076469672425976e-01,1.933317749023437448e+00,0.000000000000000000e+00,0.000000000000000000e+00,0.000000000000000000e+00,1.000000000000000000e+00
9.630444805631983574e-01,1.088485848695290720e-01,2.463682488241134561e-01,-1.096354141235351548e-01,1.114345460721891529e-01,-9.937657361920815280e-01,3.464608534259535147e-03,-1.444803009033203134e-01,2.452094419031300432e-01,2.411736184808443290e-02,-9.691700998581436188e-01,1.933387329101562635e+00,0.000000000000000000e+00,0.000000000000000000e+00,0.000000000000000000e+00,1.000000000000000000e+00
9.631403169677472675e-01,1.086355167380910203e-01,2.460874932505011103e-01,-1.096362152099609466e-01,1.115534944758173608e-01,-9.937562220464388751e-01,2.094997427945692256e-03,-1.444833526611328245e-01,2.447785687136462829e-01,2.543414333208928596e-02,-9.692453542067982486e-01,1.933396240234374952e+00,0.000000000000000000e+00,0.000000000000000000e+00,0.000000000000000000e+00,1.000000000000000000e+00
9.631470275548187354e-01,1.091496340047167363e-01,2.458336037016780051e-01,-1.096305999755859406e-01,1.114584579510495971e-01,-9.937586968986250602e-01,4.545821105271260695e-03,-1.444916381835937569e-01,2.447954563783637516e-01,2.302194029580048595e-02,-9.693013849167478879e-01,1.933369628906250082e+00,0.000000000000000000e+00,0.000000000000000000e+00,0.000000000000000000e+00,1.000000000000000000e+00
9.630472960653327918e-01,1.087425630608597482e-01,2.464040594637320059e-01,-1.096239547729492142e-01,1.114491965211909796e-01,-9.937656707763343755e-01,2.977949167409062875e-03,-1.444737243652343683e-01,2.451917252601163444e-01,2.459362855329938827e-02,-9.691626134444880636e-01,1.933327026367187562e+00,0.000000000000000000e+00,0.000000000000000000e+00,0.000000000000000000e+00,1.000000000000000000e+00
9.632270210362314788e-01,1.084959675595251472e-01,2.458095420625296956e-01,-1.096310501098632789e-01,1.114621649479929089e-01,-9.937669441672101200e-01,1.856465909178263776e-03,-1.444895935058593817e-01,2.444788165276789438e-01,2.561026559581117829e-02,-9.693163686667722878e-01,1.933348022460937621e+00,0.000000000000000000e+00,0.000000000000000000e+00,0.000000000000000000e+00,1.000000000000000000e+00
9.632465469762330201e-01,1.088442931910290484e-01,2.455789273901758663e-01,-1.096339721679687462e-01,1.115370189175510646e-01,-9.937558702019224643e-01,2.960380077950847469e-03,-1.444701080322265685e-01,2.443677211690402917e-01,2.453956558224655582e-02,-9.693720784980786043e-01,1.933342041015625012e+00,0.000000000000000000e+00,0.000000000000000000e+00,0.000000000000000000e+00,1.000000000000000000e+00
9.632489927893707060e-01,1.087074890990987613e-01,2.456299242845471631e-01,-1.096268692016601626e-01,1.115351858856702821e-01,-9.937575555371119806e-01,2.413114658065276807e-03,-1.444863281250000075e-01,2.443589167591639910e-01,2.507194900029343504e-02,-9.693606744517827556e-01,1.933310546875000036e+00,0.000000000000000000e+00,0.000000000000000000e+00,0.000000000000000000e+00,1.000000000000000000e+00
9.631587422600831339e-01,1.087043955122764388e-01,2.459849418242617825e-01,-1.096320724487304665e-01,1.114557607654557553e-01,-9.937655843388513155e-01,2.752594386227264281e-03,-1.444681701660156248e-01,2.447505885593911357e-01,2.476525348087865036e-02,-9.692697414135342804e-01,1.933342285156250062e+00,0.000000000000000000e+00,0.000000000000000000e+00,0.000000000000000000e+00,1.000000000000000000e+00
9.632954186707634037e-01,1.089238162192292525e-01,2.453518669750822945e-01,-1.096306686401367220e-01,1.115574004483437243e-01,-9.937528985960930594e-01,3.181656340838929717e-03,-1.444917449951171884e-01,2.441656871329933309e-01,2.430594149797309089e-02,-9.694288722927384416e-01,1.933337768554687530e+00,0.000000000000000000e+00,0.000000000000000000e+00,0.000000000000000000e+00,1.000000000000000000e+00
9.632025302434049641e-01,1.087020676973445843e-01,2.458144548455696854e-01,-1.096325836181640673e-01,1.115628905644930891e-01,-9.937547124158178091e-01,2.300652135965195952e-03,-1.444788208007812547e-01,2.445293585269417980e-01,2.520777716653524458e-02,-9.693141703228757011e-01,1.933339843750000009e+00,0.000000000000000000e+00,0.000000000000000000e+00,0.000000000000000000e+00,1.000000000000000000e+00
9.630418213717801823e-01,1.087466301485310871e-01,2.464236610398097549e-01,-1.096312713623046886e-01,1.114528119582744448e-01,-9.937652523295250617e-01,2.982275813679607576e-03,-1.444710235595703107e-01,2.452115841381030392e-01,2.459255362450046140e-02,-9.691576163404527211e-01,1.933317138671875046e+00,0.000000000000000000e+00,0.000000000000000000e+00,0.000000000000000000e+00,1.000000000000000000e+00
9.632512812230391575e-01,1.086521835362548732e-01,2.456454197313226451e-01,-1.096309967041015632e-01,1.115513855321196429e-01,-9.937563968993188279e-01,2.124148664295917935e-03,-1.444846649169921893e-01,2.443425006175513614e-01,2.535599799825687117e-02,-9.693574241514191225e-01,1.933325073242187608e+00,0.000000000000000000e+00,0.000000000000000000e+00,0.000000000000000000e+00,1.000000000000000000e+00
9.630333577664939027e-01,1.086964955769250396e-01,2.464788503671009601e-01,-1.096274642944335964e-01,1.114604990554939890e-01,-9.937650512913617229e-01,2.753176742921289999e-03,-1.444716033935546928e-01,2.452413280409573570e-01,2.482125462528138662e-02,-9.691442598186993385e-01,1.933282226562500039e+00,0.000000000000000000e+00,0.000000000000000000e+00,0.000000000000000000e+00,1.000000000000000000e+00
9.630641821033666394e-01,1.088284903650915264e-01,2.463001031961381815e-01,-1.096316070556640626e-01,1.114561113262361597e-01,-9.937639096929199445e-01,3.290446759264341325e-03,-1.444839935302734413e-01,2.451222478634013935e-01,2.428274030452664753e-02,-9.691880272298537546e-01,1.933294921874999961e+00,0.000000000000000000e+00,0.000000000000000000e+00,0.000000000000000000e+00,1.000000000000000000e+00
9.629205452856747227e-01,1.083372759423146953e-01,2.470770286937616356e-01,-1.096354980468750018e-01,1.114875075495831563e-01,-9.937650526268463347e-01,1.247332330761184369e-03,-1.444720001220703154e-01,2.456716490096502725e-01,2.634492017373531170e-02,-9.689950392308100957e-01,1.933341552734375135e+00,0.000000000000000000e+00,0.000000000000000000e+00,0.000000000000000000e+00,1.000000000000000000e+00
9.633613684756422435e-01,1.083925956475367824e-01,2.453281861864384239e-01,-1.096424865722656211e-01,1.115578864553533611e-01,-9.937574339190226036e-01,1.000250115787221228e-03,-1.444931488037109468e-01,2.439051284789901519e-01,2.640469161852178684e-02,-9.694395703509209872e-01,1.933377929687499996e+00,0.000000000000000000e+00,0.000000000000000000e+00,0.000000000000000000e+00,1.000000000000000000e+00
9.631125356256925452e-01,1.086980783541172391e-01,2.461685834601394784e-01,-1.096356658935546957e-01,1.115145950121790852e-01,-9.937596184282043721e-01,2.513141599625633854e-03,-1.444926300048828272e-01,2.449055712308708110e-01,2.503095171087740475e-02,-9.692237680930698707e-01,1.933321533203125053e+00,0.000000000000000000e+00,0.000000000000000000e+00,0.000000000000000000e+00,1.000000000000000000e+00
9.630813081090977557e-01,1.086530302433786344e-01,2.463106026743486499e-01,-1.096406326293945382e-01,1.115081252929427114e-01,-9.937606964416004773e-01,2.369852644961194243e-03,-1.444572448730468694e-01,2.450312877257163346e-01,2.518327275865646364e-02,-9.691880471862212021e-01,1.933352539062499931e+00,0.000000000000000000e+00,0.000000000000000000e+00,0.000000000000000000e+00,1.000000000000000000e+00
9.631004255366997224e-01,1.086139515658045562e-01,2.462530809072021598e-01,-1.096381454467773436e-01,1.115199691459274611e-01,-9.937598514294527785e-01,2.157352220569896950e-03,-1.444683380126953187e-01,2.449507436459815723e-01,2.538438914319735354e-02,-9.692031603204291912e-01,1.933356079101562486e+00,0.000000000000000000e+00,0.000000000000000000e+00,0.000000000000000000e+00,1.000000000000000000e+00
9.631152778137349602e-01,1.086179003497987627e-01,2.461932439474607548e-01,-1.096288604736328082e-01,1.114973502333719280e-01,-9.937621690642622907e-01,2.256596470336763929e-03,-1.444576721191406232e-01,2.449026388847403146e-01,2.527653180905811009e-02,-9.692181356160215477e-01,1.933335937500000101e+00,0.000000000000000000e+00,0.000000000000000000e+00,0.000000000000000000e+00,1.000000000000000000e+00
9.633725619522455208e-01,1.088809289454977375e-01,2.450678481350259674e-01,-1.096308746337890661e-01,1.115172509967512632e-01,-9.937575493494812395e-01,3.136214444325994416e-03,-1.444754028320312522e-01,2.438794981290847708e-01,2.430794978764544076e-02,-9.695008581581694429e-01,1.933319824218750149e+00,0.000000000000000000e+00,0.000000000000000000e+00,0.000000000000000000e+00,1.000000000000000000e+00
9.630328786447921452e-01,1.083217543655630999e-01,2.466456409107855852e-01,-1.096335144042968751e-01,1.115027590954671410e-01,-9.937635417787811232e-01,1.075985776552391623e-03,-1.444836883544921846e-01,2.452239983427882131e-01,2.646545980064831521e-02,-9.691051388132851940e-01,1.933312133789062637e+00,0.000000000000000000e+00,0.000000000000000000e+00,0.000000000000000000e+00,1.000000000000000000e+00
9.631437163260924139e-01,1.083913971252054437e-01,2.461818164097625550e-01,-1.096353607177734391e-01,1.114966136794193902e-01,-9.937639195776860612e-01,1.333148010122773425e-03,-1.444818878173828036e-01,2.447911085795118069e-01,2.616442575025465511e-02,-9.692227483842780211e-01,1.933353027343750030e+00,0.000000000000000000e+00,0.000000000000000000e+00,0.000000000000000000e+00,1.000000000000000000e+00
9.631938489951176185e-01,1.087606701974937334e-01,2.458225495681028716e-01,-1.096401824951171861e-01,1.115503039632928101e-01,-9.937554106317264546e-01,2.591047252710882570e-03,-1.444861297607421824e-01,2.445692927243061920e-01,2.492589934908666718e-02,-9.693113847458781906e-01,1.933346435546875020e+00,0.000000000000000000e+00,0.000000000000000000e+00,0.000000000000000000e+00,1.000000000000000000e+00
9.630793785153294317e-01,1.084906393668070290e-01,2.463897153866374257e-01,-1.096346206665039097e-01,1.115027285863758877e-01,-9.937626097728026187e-01,1.736932739567416048e-03,-1.444766082763671855e-01,2.450413275272556313e-01,2.580032145788511977e-02,-9.691692789272420283e-01,1.933314697265624993e+00,0.000000000000000000e+00,0.000000000000000000e+00,0.000000000000000000e+00,1.000000000000000000e+00
9.631174162923459292e-01,1.088180095338798781e-01,2.460964917170521959e-01,-1.096343231201171858e-01,1.114772400108555994e-01,-9.937620163722478139e-01,3.143210989920777743e-03,-1.444778442382812500e-01,2.449033837943420944e-01,2.440687642549715236e-02,-9.692402369842227916e-01,1.933313476562499966e+00,0.000000000000000000e+00,0.000000000000000000e+00,0.000000000000000000e+00,1.000000000000000000e+00
9.630492230507791129e-01,1.087055419507408499e-01,2.464128631595497720e-01,-1.096304092407226621e-01,1.114410476820092005e-01,-9.937669308658695355e-01,2.860071496830261448e-03,-1.444878692626953287e-01,2.451878603700179682e-01,2.470611799993172736e-02,-9.691607301477637160e-01,1.933322021484374931e+00,0.000000000000000000e+00,0.000000000000000000e+00,0.000000000000000000e+00,1.000000000000000000e+00
9.630117100946853359e-01,1.088774685975580359e-01,2.464835553384798761e-01,-1.096351165771484448e-01,1.114748187450542438e-01,-9.937613223659034212e-01,3.434960746281608482e-03,-1.444784393310546977e-01,2.453198137254041789e-01,2.416880223260881727e-02,-9.691408865548776230e-01,1.933333984375000147e+00,0.000000000000000000e+00,0.000000000000000000e+00,0.000000000000000000e+00,1.000000000000000000e+00
9.630465563725415512e-01,1.086781702951079009e-01,2.464353577721689059e-01,-1.096317749023437566e-01,1.115287368678884727e-01,-9.937583010516025661e-01,2.404151344270957433e-03,-1.444839630126953101e-01,2.451584612279222308e-01,2.516931449881761040e-02,-9.691562487524997271e-01,1.933305419921875101e+00,0.000000000000000000e+00,0.000000000000000000e+00,0.000000000000000000e+00,1.000000000000000000e+00
9.633066489769687157e-01,1.089148235217728272e-01,2.453117633828111321e-01,-1.096341629028320386e-01,1.114920962006292621e-01,-9.937595043011545615e-01,3.400014104896861844e-03,-1.444687500000000069e-01,2.441512083147508450e-01,2.407506652835975786e-02,-9.694382799591226840e-01,1.933329223632812566e+00,0.000000000000000000e+00,0.000000000000000000e+00,0.000000000000000000e+00,1.000000000000000000e+00
9.631600481319789742e-01,1.085134123007081147e-01,2.460641400798998790e-01,-1.096318359375000051e-01,1.115430177280569285e-01,-9.937582612896985745e-01,1.635027398513802521e-03,-1.444851379394531399e-01,2.447056944137639689e-01,2.587194367132169409e-02,-9.692521682473275169e-01,1.933346435546875020e+00,0.000000000000000000e+00,0.000000000000000000e+00,0.000000000000000000e+00,1.000000000000000000e+00
9.631862808811523236e-01,1.085530137480734542e-01,2.459439601383713869e-01,-1.096263504028320290e-01,1.115321085687324548e-01,-9.937591512112974312e-01,1.827058295355784429e-03,-1.444923706054687396e-01,2.446073937569073764e-01,2.567085097952004694e-02,-9.692823274616332307e-01,1.933292846679687482e+00,0.000000000000000000e+00,0.000000000000000000e+00,0.000000000000000000e+00,1.000000000000000000e+00
9.632246447051542315e-01,1.087178011801152172e-01,2.457208243905880385e-01,-1.096344223022460984e-01,1.115733000303567729e-01,-9.937535132666790449e-01,2.313782718480927869e-03,-1.444889373779296993e-01,2.444374818904933300e-01,2.518719072650396976e-02,-9.693378785905055750e-01,1.933351318359375126e+00,0.000000000000000000e+00,0.000000000000000000e+00,0.000000000000000000e+00,1.000000000000000000e+00
9.633007992600657321e-01,1.087281274405643150e-01,2.454175308493410090e-01,-1.096424865722656211e-01,1.115934365503834236e-01,-9.937514125737716419e-01,2.243864191340603012e-03,-1.445018463134765674e-01,2.441279891036552130e-01,2.522546948823826268e-02,-9.694148753889140213e-01,1.933400634765624959e+00,0.000000000000000000e+00,0.000000000000000000e+00,0.000000000000000000e+00,1.000000000000000000e+00
9.631088901571535077e-01,1.086634119830289930e-01,2.461981490516580162e-01,-1.096314697265624999e-01,1.114344356999210778e-01,-9.937681420747207506e-01,2.691902226673184920e-03,-1.444711761474609391e-01,2.449563884459763641e-01,2.484235684399378752e-02,-9.692157783826776951e-01,1.933352783203124980e+00,0.000000000000000000e+00,0.000000000000000000e+00,0.000000000000000000e+00,1.000000000000000000e+00
9.630664482709049290e-01,1.086346962722659210e-01,2.463767825520432331e-01,-1.096253280639648414e-01,1.114968418207194639e-01,-9.937620174652447291e-01,2.346680083078598114e-03,-1.444692230224609297e-01,2.450948193635877626e-01,2.521022429966437994e-02,-9.691712821332930661e-01,1.933294555664062608e+00,0.000000000000000000e+00,0.000000000000000000e+00,0.000000000000000000e+00,1.000000000000000000e+00
9.629744745706090292e-01,1.089460469918614310e-01,2.465987026938839255e-01,-1.096316986083984424e-01,1.114315922941470777e-01,-9.937644668876977061e-01,3.896740971745860094e-03,-1.444848937988281179e-01,2.454855628428083414e-01,2.372642400904572541e-02,-9.691098468385781484e-01,1.933304931640625002e+00,0.000000000000000000e+00,0.000000000000000000e+00,0.000000000000000000e+00,1.000000000000000000e+00
9.632274884070206600e-01,1.087752114613518700e-01,2.456842667910209554e-01,-1.096341705322265714e-01,1.115021773815665224e-01,-9.937601689601172072e-01,2.826840556037039931e-03,-1.444858703613281226e-01,2.444587286563379425e-01,2.467144016667386502e-02,-9.693457845494710678e-01,1.933336669921875028e+00,0.000000000000000000e+00,0.000000000000000000e+00,0.000000000000000000e+00,1.000000000000000000e+00
9.633289362367669639e-01,1.086301263703223774e-01,2.453504763673931277e-01,-1.096389541625976544e-01,1.114675986006171404e-01,-9.937653255707032951e-01,2.334985131770316372e-03,-1.444969329833984406e-01,2.440744457561066227e-01,2.509926967307381240e-02,-9.694316332731915953e-01,1.933370117187499959e+00,0.000000000000000000e+00,0.000000000000000000e+00,0.000000000000000000e+00,1.000000000000000000e+00
9.634212918910591839e-01,1.086750378954841889e-01,2.449676518836268191e-01,-1.096320190429687508e-01,1.115314615112596441e-01,-9.937584134821706439e-01,2.224573343725921512e-03,-1.444663848876953094e-01,2.436804206827563324e-01,2.517839891284353454e-02,-9.695287003508770152e-01,1.933337402343749956e+00,0.000000000000000000e+00,0.000000000000000000e+00,0.000000000000000000e+00,1.000000000000000000e+00
9.631681270702420194e-01,1.085743136651329682e-01,2.460056450737410638e-01,-1.096335754394531237e-01,1.115180268982931405e-01,-9.937604453883300826e-01,1.976577420616231276e-03,-1.444768371582031419e-01,2.446852849533737162e-01,2.553028777224114476e-02,-9.692663801729394235e-01,1.933323120117187432e+00,0.000000000000000000e+00,0.000000000000000000e+00,0.000000000000000000e+00,1.000000000000000000e+00
9.633940344631083397e-01,1.087564886666212427e-01,2.450386919117114037e-01,-1.096334686279296922e-01,1.115384929091413069e-01,-9.937568724161892630e-01,2.538331174490321071e-03,-1.444710998535156388e-01,2.437849440807470791e-01,2.488583328926396998e-02,-9.695099774324377195e-01,1.933313598632812491e+00,0.000000000000000000e+00,0.000000000000000000e+00,0.000000000000000000e+00,1.000000000000000000e+00
9.632072017495699745e-01,1.086755804958270677e-01,2.458078613504021681e-01,-1.096306991577148393e-01,1.114417665022289505e-01,-9.937673744365344009e-01,2.671738082156861066e-03,-1.444779052734375124e-01,2.445661856770600107e-01,2.481982492710170865e-02,-9.693148905871414867e-01,1.933333496093750048e+00,0.000000000000000000e+00,0.000000000000000000e+00,0.000000000000000000e+00,1.000000000000000000e+00
9.631842435861471818e-01,1.086136197713583745e-01,2.459251807106064558e-01,-1.096368865966796946e-01,1.115035949817942268e-01,-9.937616266553755962e-01,2.185793539664117324e-03,-1.444885559082031146e-01,2.446284145669052335e-01,2.531621984864314626e-02,-9.692863497434892617e-01,1.933343872070312441e+00,0.000000000000000000e+00,0.000000000000000000e+00,0.000000000000000000e+00,1.000000000000000000e+00
9.633031947741295120e-01,1.090825670814387499e-01,2.452507869444638666e-01,-1.096341400146484402e-01,1.115542557402873641e-01,-9.937509482544562012e-01,3.834171305447916026e-03,-1.444661712646484464e-01,2.441364433348408303e-01,2.366529953946018561e-02,-9.694520878483481319e-01,1.933320800781250126e+00,0.000000000000000000e+00,0.000000000000000000e+00,0.000000000000000000e+00,1.000000000000000000e+00
9.631199786637124616e-01,1.086321556437557234e-01,2.461685631005735841e-01,-1.096283950805664043e-01,1.115149906352927434e-01,-9.937602219167963602e-01,2.242364709525747346e-03,-1.444772491455078023e-01,2.448761188079001394e-01,2.529181875766923354e-02,-9.692244375486561703e-01,1.933301269531250144e+00,0.000000000000000000e+00,0.000000000000000000e+00,0.000000000000000000e+00,1.000000000000000000e+00
9.631781202447483592e-01,1.087873756204903314e-01,2.458723562895994974e-01,-1.096322631835937589e-01,1.115448775254789110e-01,-9.937556560747057288e-01,2.726961194753480672e-03,-1.445019989013671957e-01,2.446337036870007975e-01,2.479925251168125372e-02,-9.692983792905273122e-01,1.933322021484374931e+00,0.000000000000000000e+00,0.000000000000000000e+00,0.000000000000000000e+00,1.000000000000000000e+00
9.631468440243119433e-01,1.085721386510059699e-01,2.460899176210903649e-01,-1.096324615478515702e-01,1.115633638467974781e-01,-9.937556972519768772e-01,1.797227427133863201e-03,-1.444804840087890729e-01,2.447483864976343348e-01,2.572362509415219989e-02,-9.692453365473679971e-01,1.933343750000000139e+00,0.000000000000000000e+00,0.000000000000000000e+00,0.000000000000000000e+00,1.000000000000000000e+00
9.631290789909743300e-01,1.085886356566144184e-01,2.461521590566135564e-01,-1.096359634399414057e-01,1.115359578708761956e-01,-9.937584265041152776e-01,1.979862088801066095e-03,-1.444854583740234344e-01,2.448307727877021833e-01,2.554795409224755107e-02,-9.692291755502806527e-01,1.933322998046875130e+00,0.000000000000000000e+00,0.000000000000000000e+00,0.000000000000000000e+00,1.000000000000000000e+00
9.631242474197390102e-01,1.088702821664193632e-01,2.460466331677099716e-01,-1.096277236938476562e-01,1.115051645406531511e-01,-9.937585692257033809e-01,3.241044776764786389e-03,-1.444661407470703152e-01,2.448638035989053052e-01,2.431394150456396563e-02,-9.692525728289760334e-01,1.933301269531250144e+00,0.000000000000000000e+00,0.000000000000000000e+00,0.000000000000000000e+00,1.000000000000000000e+00
9.631171833457894405e-01,1.086973852218237335e-01,2.461507050365926430e-01,-1.096275863647460935e-01,1.115325981464288796e-01,-9.937577872653722277e-01,2.437170518994627444e-03,-1.444757690429687436e-01,2.448790940337300381e-01,2.510654686271893143e-02,-9.692285027844826928e-01,1.933286865234375096e+00,0.000000000000000000e+00,0.000000000000000000e+00,0.000000000000000000e+00,1.000000000000000000e+00
9.630058260397980074e-01,1.087949560378235758e-01,2.465429710093842153e-01,-1.096289215087890706e-01,1.114772716797738927e-01,-9.937621641594192035e-01,3.094993379891261553e-03,-1.444791717529296804e-01,2.453417960972812395e-01,2.450344110356185434e-02,-9.691269186550564019e-01,1.933270874023437447e+00,0.000000000000000000e+00,0.000000000000000000e+00,0.000000000000000000e+00,1.000000000000000000e+00
9.631045059778505779e-01,1.086710542263281537e-01,2.462119260687816724e-01,-1.096253204345703086e-01,1.114434531038259318e-01,-9.937671391031513979e-01,2.688865752224248520e-03,-1.444810943603515585e-01,2.449695232584170324e-01,2.484904851451223001e-02,-9.692122870983775895e-01,1.933295288085937536e+00,0.000000000000000000e+00,0.000000000000000000e+00,0.000000000000000000e+00,1.000000000000000000e+00
9.631232587878753026e-01,1.085926883606302268e-01,2.461731431664194725e-01,-1.096332244873046841e-01,1.114869632659796078e-01,-9.937634776488311061e-01,2.192604166557390183e-03,-1.444848937988281179e-01,2.448759796377618092e-01,2.533334809913872013e-02,-9.692233881157295006e-01,1.933352294921875103e+00,0.000000000000000000e+00,0.000000000000000000e+00,0.000000000000000000e+00,1.000000000000000000e+00
9.631535807921385306e-01,1.087208181195918749e-01,2.459978933135162915e-01,-1.096308898925781317e-01,1.115327927050085571e-01,-9.937575690107069981e-01,2.515985960155134316e-03,-1.444804992675781385e-01,2.447358084929606714e-01,2.501355115405905910e-02,-9.692670975020045709e-01,1.933316528320312644e+00,0.000000000000000000e+00,0.000000000000000000e+00,0.000000000000000000e+00,1.000000000000000000e+00
9.631653737168291984e-01,1.086609341407829138e-01,2.459781784316926179e-01,-1.096318130493164067e-01,1.114584308645271277e-01,-9.937657900917052922e-01,2.563714614909843453e-03,-1.444734649658203085e-01,2.447232744594158849e-01,2.494706064973818693e-02,-9.692719758162825494e-01,1.933319580078125099e+00,0.000000000000000000e+00,0.000000000000000000e+00,0.000000000000000000e+00,1.000000000000000000e+00
9.632428617809941640e-01,1.088405488883708583e-01,2.455950409630435760e-01,-1.096271438598632880e-01,1.114618689374377025e-01,-9.937634140333259092e-01,3.244796111061740845e-03,-1.444832916259765621e-01,2.444165317668474668e-01,2.424895557559245129e-02,-9.693670858619859443e-01,1.933332275390625021e+00,0.000000000000000000e+00,0.000000000000000000e+00,0.000000000000000000e+00,1.000000000000000000e+00
9.630948588533528865e-01,1.088504954876815811e-01,2.461703931879838103e-01,-1.096315689086914125e-01,1.114368223636524047e-01,-9.937655549471094973e-01,3.443315575924959376e-03,-1.444894409179687533e-01,2.450104640045647486e-01,2.411620684829681588e-02,-9.692204502049667214e-01,1.933349365234374950e+00,0.000000000000000000e+00,0.000000000000000000e+00,0.000000000000000000e+00,1.000000000000000000e+00
9.630458852252709034e-01,1.086427096766311162e-01,2.464536154833072701e-01,-1.096316604614257784e-01,1.114709697876773986e-01,-9.937645716436452892e-01,2.489787243354843471e-03,-1.445011291503906226e-01,2.451873688534328688e-01,2.507464416580435299e-02,-9.691513898120814874e-01,1.933357666015625087e+00,0.000000000000000000e+00,0.000000000000000000e+00,0.000000000000000000e+00,1.000000000000000000e+00
9.631699399861367583e-01,1.086994922702897437e-01,2.459432598939908510e-01,-1.096328964233398429e-01,1.114967847849076543e-01,-9.937614825281811948e-01,2.565701857123415738e-03,-1.444887390136718741e-01,2.446878290592523486e-01,2.495067581395102319e-02,-9.692808313830917344e-01,1.933346191406249970e+00,0.000000000000000000e+00,0.000000000000000000e+00,0.000000000000000000e+00,1.000000000000000000e+00
9.632734561995675016e-01,1.085226839419969197e-01,2.456157072570189781e-01,-1.096307067871093721e-01,1.114816422402880730e-01,-9.937647385298875591e-01,1.867591505840570862e-03,-1.444784393310546977e-01,2.442869051438259498e-01,2.558264108042231089e-02,-9.693654813591217057e-01,1.933337280273437431e+00,0.000000000000000000e+00,0.000000000000000000e+00,0.000000000000000000e+00,1.000000000000000000e+00
9.630483031895569201e-01,1.085377215555618224e-01,2.464904231876826057e-01,-1.096294555664062559e-01,1.115585421127981147e-01,-9.937563764465229266e-01,1.719288673796327133e-03,-1.444777984619140532e-01,2.451380374511115678e-01,2.584235421559194154e-02,-9.691437021016096054e-01,1.933330932617187470e+00,0.000000000000000000e+00,0.000000000000000000e+00,0.000000000000000000e+00,1.000000000000000000e+00
9.629914986069890714e-01,1.087341315189853108e-01,2.466257534270858698e-01,-1.096302337646484354e-01,1.114287014060891534e-01,-9.937677583288563321e-01,3.047459432491010645e-03,-1.444599456787109271e-01,2.454200849841315923e-01,2.454650991183999348e-02,-9.691060059340926847e-01,1.933322998046875130e+00,0.000000000000000000e+00,0.000000000000000000e+00,0.000000000000000000e+00,1.000000000000000000e+00
9.630686723603218979e-01,1.089158435174953365e-01,2.462439265220553175e-01,-1.096321792602539119e-01,1.114427969629278870e-01,-9.937639854786937121e-01,3.693801643593336639e-03,-1.444707946777343821e-01,2.451106593422785751e-01,2.388472726189373729e-02,-9.692008483696339383e-01,1.933357177734374988e+00,0.000000000000000000e+00,0.000000000000000000e+00,0.000000000000000000e+00,1.000000000000000000e+00
9.630519173540943445e-01,1.088447436907745702e-01,2.463408740982545309e-01,-1.096320343017578164e-01,1.114917996144771661e-01,-9.937601377114220202e-01,3.219831439793794520e-03,-1.444697723388671806e-01,2.451542026956253506e-01,2.436412253016733559e-02,-9.691779023657147718e-01,1.933306396484375078e+00,0.000000000000000000e+00,0.000000000000000000e+00,0.000000000000000000e+00,1.000000000000000000e+00
9.631048460471203221e-01,1.087883126088522584e-01,2.461588076024727179e-01,-1.096307449340820361e-01,1.115108812644993036e-01,-9.937589953407506282e-01,2.895261465984837190e-03,-1.444967041015625120e-01,2.449374999467563985e-01,2.466094521830658123e-02,-9.692251848258857105e-01,1.933341796874999963e+00,0.000000000000000000e+00,0.000000000000000000e+00,0.000000000000000000e+00,1.000000000000000000e+00
9.629754518377068306e-01,1.090088249690114863e-01,2.465671414378649007e-01,-1.096302947998046839e-01,1.114758324128777289e-01,-9.937591964302500136e-01,3.974707304956064807e-03,-1.444794769287109371e-01,2.454616425143054115e-01,2.365873177453704443e-02,-9.691175607040666273e-01,1.933329711914062443e+00,0.000000000000000000e+00,0.000000000000000000e+00,0.000000000000000000e+00,1.000000000000000000e+00
9.631229430562968652e-01,1.088136585120255545e-01,2.460767853329637600e-01,-1.096285476684570326e-01,1.114859242379643151e-01,-9.937612120181573694e-01,3.089042733520558706e-03,-1.444941253662109515e-01,2.448776944831524138e-01,2.445896991761761785e-02,-9.692454145030477974e-01,1.933318359375000073e+00,0.000000000000000000e+00,0.000000000000000000e+00,0.000000000000000000e+00,1.000000000000000000e+00
9.630550943733582336e-01,1.086223449486464487e-01,2.464266044472055717e-01,-1.096312026977539072e-01,1.114844457193994165e-01,-9.937633989539413903e-01,2.350587617583060548e-03,-1.444644927978515625e-01,2.451450663671625729e-01,2.520898802742609773e-02,-9.691586058837184936e-01,1.933348632812500023e+00,0.000000000000000000e+00,0.000000000000000000e+00,0.000000000000000000e+00,1.000000000000000000e+00
9.630963879613400058e-01,1.086161204771081551e-01,2.462679148170191512e-01,-1.096320648193359337e-01,1.114815784142991900e-01,-9.937637932455137824e-01,2.319678543291958661e-03,-1.444805450439453076e-01,2.449840916673503566e-01,2.522026183032356414e-02,-9.691990163135398850e-01,1.933358032226562440e+00,0.000000000000000000e+00,0.000000000000000000e+00,0.000000000000000000e+00,1.000000000000000000e+00
9.631023236037838942e-01,1.084454964671518196e-01,2.463198907213653699e-01,-1.096295928955078186e-01,1.114216194243904390e-01,-9.937714732076028401e-01,1.865948455150654231e-03,-1.445089874267578289e-01,2.449880343891079060e-01,2.564826182773292940e-02,-9.691867878130497882e-01,1.933347656250000046e+00,0.000000000000000000e+00,0.000000000000000000e+00,0.000000000000000000e+00,1.000000000000000000e+00
9.633002998980745302e-01,1.087823195151252226e-01,2.453954750544300734e-01,-1.096358337402343758e-01,1.114728018967435091e-01,-9.937631288021359088e-01,2.942493955655297103e-03,-1.444792938232421775e-01,2.441850664016323169e-01,2.452041586716872945e-02,-9.694185899559238928e-01,1.933367797851562431e+00,0.000000000000000000e+00,0.000000000000000000e+00,0.000000000000000000e+00,1.000000000000000000e+00
9.631469816227811176e-01,1.087892123856402521e-01,2.459934939372137308e-01,-1.096325531005859361e-01,1.114722653724642826e-01,-9.937629117872495144e-01,3.034667833301534987e-03,-1.444650726318359446e-01,2.447893499392015115e-01,2.449862087219665391e-02,-9.692667288892689026e-01,1.933324096679687631e+00,0.000000000000000000e+00,0.000000000000000000e+00,0.000000000000000000e+00,1.000000000000000000e+00
9.632405051312730171e-01,1.086546864337615409e-01,2.456865653437969033e-01,-1.096245040893554651e-01,1.115170556305021127e-01,-9.937599161070326259e-01,2.274959878215455228e-03,-1.444691619873046950e-01,2.444006456168934527e-01,2.520690887286555076e-02,-9.693466542816978615e-01,1.933282470703125089e+00,0.000000000000000000e+00,0.000000000000000000e+00,0.000000000000000000e+00,1.000000000000000000e+00
9.632626756844427929e-01,1.089773794253805217e-01,2.454566120658084327e-01,-1.096169357299804775e-01,1.114909033967403929e-01,-9.937586572119964101e-01,3.675551113638831843e-03,-1.444582366943359397e-01,2.443251851386320506e-01,2.382565822358154867e-02,-9.694006096125514782e-01,1.933282470703125089e+00,0.000000000000000000e+00,0.000000000000000000e+00,0.000000000000000000e+00,1.000000000000000000e+00
9.634126548406157786e-01,1.086475342524822474e-01,2.450138155162118192e-01,-1.096331634521484355e-01,1.115576774958147166e-01,-9.937559232814653365e-01,2.012345582208271630e-03,-1.444994964599609355e-01,2.437025668405984891e-01,2.539445301356454271e-02,-9.695174988990377107e-01,1.933342773437499940e+00,0.000000000000000000e+00,0.000000000000000000e+00,0.000000000000000000e+00,1.000000000000000000e+00
9.632307466436450527e-01,1.089543392301601382e-01,2.455921022411869381e-01,-1.096304550170898451e-01,1.114825031403987449e-01,-9.937597735054052306e-01,3.628230427748690284e-03,-1.444943084716796833e-01,2.444548633467483745e-01,2.388439920544468964e-02,-9.693664710834174469e-01,1.933353515625000130e+00,0.000000000000000000e+00,0.000000000000000000e+00,0.000000000000000000e+00,1.000000000000000000e+00
9.631377220503976044e-01,1.089314454008618593e-01,2.459668037895562098e-01,-1.096218490600585904e-01,1.115580393354944078e-01,-9.937525289656476968e-01,3.273382654034732650e-03,-1.445034942626953200e-01,2.447867076113228735e-01,2.428685605957484756e-02,-9.692727255006974296e-01,1.933302856445312523e+00,0.000000000000000000e+00,0.000000000000000000e+00,0.000000000000000000e+00,1.000000000000000000e+00
9.630863239116009833e-01,1.088344895160082842e-01,2.462108579779310746e-01,-1.096240692138671924e-01,1.114294780458547213e-01,-9.937664894116695624e-01,3.411150075027746115e-03,-1.444856262207031283e-01,2.450473507648418536e-01,2.414991540763367084e-02,-9.692102854741775353e-01,1.933259399414062552e+00,0.000000000000000000e+00,0.000000000000000000e+00,0.000000000000000000e+00,1.000000000000000000e+00
9.629632165677595168e-01,1.085211345338547573e-01,2.468299149150265659e-01,-1.096253814697265710e-01,1.115148073666549500e-01,-9.937610293311478493e-01,1.861268566160232535e-03,-1.444735870361328056e-01,2.454919372921483267e-01,2.573285724871089350e-02,-9.690570307171633146e-01,1.933284057617187468e+00,0.000000000000000000e+00,0.000000000000000000e+00,0.000000000000000000e+00,1.000000000000000000e+00
9.630508496969202303e-01,1.085333456014057896e-01,2.464824005697084097e-01,-1.096305923461914078e-01,1.115186008573350596e-01,-9.937606088741114396e-01,1.858470601837596339e-03,-1.444761199951171970e-01,2.451462064990253265e-01,2.569757075525463952e-02,-9.691454856193760792e-01,1.933257324218750073e+00,0.000000000000000000e+00,0.000000000000000000e+00,0.000000000000000000e+00,1.000000000000000000e+00
9.629533202651774371e-01,1.086105114521172532e-01,2.468292117890017734e-01,-1.096292266845703134e-01,1.114144361480452483e-01,-9.937705730565944418e-01,2.621363115078483019e-03,-1.444762420654296942e-01,2.455763148352942127e-01,2.497608714105258379e-02,-9.690554517998641870e-01,1.933284301757812518e+00,0.000000000000000000e+00,0.000000000000000000e+00,0.000000000000000000e+00,1.000000000000000000e+00
9.632498773406996673e-01,1.086958144100893392e-01,2.456316220132382933e-01,-1.096363296508789109e-01,1.115622090859111487e-01,-9.937548860448641719e-01,2.258310392791096008e-03,-1.444946746826172024e-01,2.443430934301160096e-01,2.522788916429914013e-02,-9.693606172634183782e-01,1.933320922851562651e+00,0.000000000000000000e+00,0.000000000000000000e+00,0.000000000000000000e+00,1.000000000000000000e+00
9.632700910060928434e-01,1.086993927249130520e-01,2.455507560451586635e-01,-1.096267623901367172e-01,1.114754007493809207e-01,-9.937637692444863946e-01,2.608824401182782346e-03,-1.444709320068359448e-01,2.443030224964047037e-01,2.485986641610127279e-02,-9.693802248039181668e-01,1.933284423828125043e+00,0.000000000000000000e+00,0.000000000000000000e+00,0.000000000000000000e+00,1.000000000000000000e+00
9.630549393162534111e-01,1.085882399805542103e-01,2.464422406903761242e-01,-1.096224212646484397e-01,1.114759518580501069e-01,-9.937645920907230979e-01,2.246700714528147499e-03,-1.444742889404296848e-01,2.451495380699490467e-01,2.530868713869867392e-02,-9.691548763429950197e-01,1.933271850585937646e+00,0.000000000000000000e+00,0.000000000000000000e+00,0.000000000000000000e+00,1.000000000000000000e+00
9.631480060018262623e-01,1.085462316826592555e-01,2.460967982770201345e-01,-1.096324081420898405e-01,1.114809465728338611e-01,-9.937645215397843401e-01,2.018484587045425369e-03,-1.444762420654296942e-01,2.447813658878690846e-01,2.549100461530773298e-02,-9.692431540112993460e-01,1.933323730468750057e+00,0.000000000000000000e+00,0.000000000000000000e+00,0.000000000000000000e+00,1.000000000000000000e+00
9.630283926920250037e-01,1.085619549789916261e-01,2.465575324344294050e-01,-1.096313095092773526e-01,1.114931927269020018e-01,-9.937630131383780041e-01,2.083673125507549961e-03,-1.444867706298828269e-01,2.452459639720441786e-01,2.548285010102811776e-02,-9.691259162287176876e-01,1.933322875976562605e+00,0.000000000000000000e+00,0.000000000000000000e+00,0.000000000000000000e+00,1.000000000000000000e+00
9.633375191272769422e-01,1.090171205533911336e-01,2.451450421035489546e-01,-1.096331024169921869e-01,1.115119133465598267e-01,-9.937561209980197985e-01,3.723595138893628920e-03,-1.445040435791015709e-01,2.440203217428678351e-01,2.374951378905353419e-02,-9.694792639202195472e-01,1.933371093749999936e+00,0.000000000000000000e+00,0.000000000000000000e+00,0.000000000000000000e+00,1.000000000000000000e+00
9.630524286089100494e-01,1.086427799138880435e-01,2.464280140792889651e-01,-1.096317214965820269e-01,1.115344973735070133e-01,-9.937580466084331432e-01,2.236223743327960672e-03,-1.444918823242187511e-01,2.451327714650142486e-01,2.533162398216010427e-02,-9.691585180868541594e-01,1.933309448242187534e+00,0.000000000000000000e+00,0.000000000000000000e+00,0.000000000000000000e+00,1.000000000000000000e+00
9.631458352423967195e-01,1.090307623262656705e-01,2.458910183837125785e-01,-1.096338882446289131e-01,1.114945459976724867e-01,-9.937573028558253085e-01,3.922911353593865405e-03,-1.444895019531250158e-01,2.447837132408910987e-01,2.363717172735833177e-02,-9.692895428326524510e-01,1.933354125976562532e+00,0.000000000000000000e+00,0.000000000000000000e+00,0.000000000000000000e+00,1.000000000000000000e+00
9.631294285009263101e-01,1.087892860848540949e-01,2.460621774849340582e-01,-1.096317443847656253e-01,1.113477150846527014e-01,-9.937752210398494990e-01,3.535023709326646016e-03,-1.444716033935546928e-01,2.449150675252676768e-01,2.399377586680068175e-02,-9.692475991297310189e-01,1.933335937500000101e+00,0.000000000000000000e+00,0.000000000000000000e+00,0.000000000000000000e+00,1.000000000000000000e+00
9.630219956893933952e-01,1.088509947595241167e-01,2.464550603219181069e-01,-1.096375808715820271e-01,1.114440086320056533e-01,-9.937647402722821210e-01,3.445857163771366347e-03,-1.444684906005859470e-01,2.452934339896762905e-01,2.414750362720161775e-02,-9.691480946223475224e-01,1.933344482421875066e+00,0.000000000000000000e+00,0.000000000000000000e+00,0.000000000000000000e+00,1.000000000000000000e+00
9.633218258741594875e-01,1.087894323245181538e-01,2.453078050307084812e-01,-1.096326751708984332e-01,1.115375661190760037e-01,-9.937565358557575168e-01,2.705325894772734815e-03,-1.444892883300781250e-01,2.440705454140416064e-01,2.475493604260094183e-02,-9.694414690959008984e-01,1.933367065429687504e+00,0.000000000000000000e+00,0.000000000000000000e+00,0.000000000000000000e+00,1.000000000000000000e+00
9.630537219302787166e-01,1.086325722506889940e-01,2.464274597573010428e-01,-1.096243438720703178e-01,1.114672880347029743e-01,-9.937650582374250030e-01,2.460228557682658801e-03,-1.444801940917968819e-01,2.451582598535606283e-01,2.509926836715180298e-02,-9.691581162808305949e-01,1.933303955078125025e+00,0.000000000000000000e+00,0.000000000000000000e+00,0.000000000000000000e+00,1.000000000000000000e+00
9.631285681340860938e-01,1.087549694587890553e-01,2.460807141203943671e-01,-1.096226272583007838e-01,1.114723170206577546e-01,-9.937632975461992979e-01,2.903616391725134457e-03,-1.444907226562500147e-01,2.448617646388087377e-01,2.463463147932555553e-02,-9.692449902629606262e-01,1.933326782226562512e+00,0.000000000000000000e+00,0.000000000000000000e+00,0.000000000000000000e+00,1.000000000000000000e+00
9.633373043092822163e-01,1.088318675974760535e-01,2.452281850060697987e-01,-1.096292877197265619e-01,1.115315857777711001e-01,-9.937566735333075441e-01,2.894681659737042417e-03,-1.444661254882812496e-01,2.440121789993717760e-01,2.456213352420699020e-02,-9.694610657972387857e-01,1.933323730468750057e+00,0.000000000000000000e+00,0.000000000000000000e+00,0.000000000000000000e+00,1.000000000000000000e+00
9.631720682594197003e-01,1.090283902269524874e-01,2.457892940088950706e-01,-1.096296157836914031e-01,1.114302223401934799e-01,-9.937635621905481775e-01,4.157885468312227592e-03,-1.444697570800781150e-01,2.447097719219376299e-01,2.338359653415028605e-02,-9.693143633203015197e-01,1.933315063476562568e+00,0.000000000000000000e+00,0.000000000000000000e+00,0.000000000000000000e+00,1.000000000000000000e+00
9.629363100467960290e-01,1.084634093509760644e-01,2.469602227595028565e-01,-1.096294937133789060e-01,1.114841108708072848e-01,-9.937646554248484865e-01,1.761434551011029429e-03,-1.445034484863281232e-01,2.456113918709924571e-01,2.583599156786018508e-02,-9.690240171032393768e-01,1.933321899414062628e+00,0.000000000000000000e+00,0.000000000000000000e+00,0.000000000000000000e+00,1.000000000000000000e+00
9.632285623505301153e-01,1.087076196246606480e-01,2.457099715267398454e-01,-1.096311340332031259e-01,1.114692391887085604e-01,-9.937642612290646937e-01,2.683620416895441188e-03,-1.444765472412109508e-01,2.444695183183819842e-01,2.480416375110420374e-02,-9.693396763125849969e-01,1.933338378906249932e+00,0.000000000000000000e+00,0.000000000000000000e+00,0.000000000000000000e+00,1.000000000000000000e+00
9.631852278066558304e-01,1.088754608654000922e-01,2.458055144954791882e-01,-1.096227493286132809e-01,1.114566021516818772e-01,-9.937633830425777193e-01,3.429921365379992593e-03,-1.444860382080078165e-01,2.446459539249366266e-01,2.409299784413965195e-02,-9.693130994075341844e-01,1.933275634765625028e+00,0.000000000000000000e+00,0.000000000000000000e+00,0.000000000000000000e+00,1.000000000000000000e+00
9.631253052550099447e-01,1.087798293057549992e-01,2.460824965609197112e-01,-1.096298217773437472e-01,1.114767004302016362e-01,-9.937625557572249413e-01,2.987981938327286327e-03,-1.444765167236328196e-01,2.448726028747179873e-01,2.455466373378984574e-02,-9.692442813090420550e-01,1.933305297851562576e+00,0.000000000000000000e+00,0.000000000000000000e+00,0.000000000000000000e+00,1.000000000000000000e+00
9.631009068778557669e-01,1.088251946544279425e-01,2.461579171578235359e-01,-1.096258544921875078e-01,1.115019744646696953e-01,-9.937594362615917998e-01,3.080995216421040378e-03,-1.444904174804687580e-01,2.449570428902426711e-01,2.447978450618647217e-02,-9.692248383574364468e-01,1.933270141601562520e+00,0.000000000000000000e+00,0.000000000000000000e+00,0.000000000000000000e+00,1.000000000000000000e+00
9.631744763558076627e-01,1.086840349490522939e-01,2.459323253334320114e-01,-1.096337432861328176e-01,1.114708765903883181e-01,-9.937642893655476151e-01,2.604007288537211681e-03,-1.444796905517578278e-01,2.446817765361496422e-01,2.490617853026669271e-02,-9.692835036779139379e-01,1.933324096679687631e+00,0.000000000000000000e+00,0.000000000000000000e+00,0.000000000000000000e+00,1.000000000000000000e+00
9.630388089297974297e-01,1.086624719021282992e-01,2.464725536346712154e-01,-1.096343917846679672e-01,1.114487053460486987e-01,-9.937666267667635278e-01,2.660376157182462245e-03,-1.444715728759765616e-01,2.452252812655463521e-01,2.490700152020042940e-02,-9.691461204088402948e-01,1.933366577148437626e+00,0.000000000000000000e+00,0.000000000000000000e+00,0.000000000000000000e+00,1.000000000000000000e+00
9.632769333649029431e-01,1.086780437982556163e-01,2.455333631979431941e-01,-1.096355972290039144e-01,1.115261229658648517e-01,-9.937587983871545294e-01,2.318302034281056676e-03,-1.444982147216797019e-01,2.442528885055639531e-01,2.515021718204029505e-02,-9.693853686911027001e-01,1.933344848632812640e+00,0.000000000000000000e+00,0.000000000000000000e+00,0.000000000000000000e+00,1.000000000000000000e+00
9.629668374739740466e-01,1.087565559388323083e-01,2.467121429230768048e-01,-1.096219482421875030e-01,1.114227703848503365e-01,-9.937680364027329238e-01,3.171129770508353263e-03,-1.444746246337890727e-01,2.455195229816520275e-01,2.443565764574636909e-02,-9.690836199576805532e-01,1.933293579101562631e+00,0.000000000000000000e+00,0.000000000000000000e+00,0.000000000000000000e+00,1.000000000000000000e+00
9.631938113687110725e-01,1.085747346769794508e-01,2.459048774035192120e-01,-1.096300048828125068e-01,1.114911035977753928e-01,-9.937632674565222146e-01,2.074143844402144207e-03,-1.444879913330078258e-01,2.445964340696045458e-01,2.541840364697735971e-02,-9.692917461716432648e-01,1.933331176757812520e+00,0.000000000000000000e+00,0.000000000000000000e+00,0.000000000000000000e+00,1.000000000000000000e+00
9.631630655131575569e-01,1.086501816218538585e-01,2.459919658542428222e-01,-1.096278610229492190e-01,1.114896539123185759e-01,-9.937627024402884146e-01,2.397563155868833590e-03,-1.444756011962890774e-01,2.447181364382464697e-01,2.511631485933239066e-02,-9.692689020215590201e-01,1.933288574218750000e+00,0.000000000000000000e+00,0.000000000000000000e+00,0.000000000000000000e+00,1.000000000000000000e+00
9.631599280150703324e-01,1.089233615721898196e-01,2.458834162155291714e-01,-1.096310729980468773e-01,1.114495611988348400e-01,-9.937633465765155494e-01,3.661462772150103281e-03,-1.444804687500000073e-01,2.447487453994244833e-01,2.387702462323723629e-02,-9.692924942041744041e-01,1.933310424804687511e+00,0.000000000000000000e+00,0.000000000000000000e+00,0.000000000000000000e+00,1.000000000000000000e+00
9.632662305795234303e-01,1.086905916861074101e-01,2.455697951785621724e-01,-1.096338958740234459e-01,1.115286409749100399e-01,-9.937584092147799808e-01,2.363547587840256203e-03,-1.444996185302734326e-01,2.442939443936478494e-01,2.511133994501784164e-02,-9.693760309285346377e-01,1.933331909179687447e+00,0.000000000000000000e+00,0.000000000000000000e+00,0.000000000000000000e+00,1.000000000000000000e+00
9.631848715041330111e-01,1.085867412146612060e-01,2.459345907715038970e-01,-1.096164093017578112e-01,1.115295230153627443e-01,-9.937591600104079825e-01,1.974181190847384970e-03,-1.444680328369140621e-01,2.446141222446745200e-01,2.552746614509204467e-02,-9.692844162941437469e-01,1.933267333984375114e+00,0.000000000000000000e+00,0.000000000000000000e+00,0.000000000000000000e+00,1.000000000000000000e+00
9.632418100549120510e-01,1.087547154751179468e-01,2.456371861589030092e-01,-1.096262207031249991e-01,1.115378597452462150e-01,-9.937567930891961776e-01,2.596542417672575639e-03,-1.444677429199218710e-01,2.443860086125783648e-01,2.489674779972535917e-02,-9.693583603308995045e-01,1.933296142578124988e+00,0.000000000000000000e+00,0.000000000000000000e+00,0.000000000000000000e+00,1.000000000000000000e+00
9.631445298496608132e-01,1.090355419651699020e-01,2.458940121455543415e-01,-1.096364746093750064e-01,1.114844846718743843e-01,-9.937581943116464700e-01,3.982576540721776207e-03,-1.444675140380859424e-01,2.447934318933475129e-01,2.357757041804298126e-02,-9.692885400514439365e-01,1.933361083984375117e+00,0.000000000000000000e+00,0.000000000000000000e+00,0.000000000000000000e+00,1.000000000000000000e+00
9.631004040145777489e-01,1.086092273907328792e-01,2.462552487005007784e-01,-1.096275863647460935e-01,1.114522231321547346e-01,-9.937668798691535743e-01,2.406332069322270756e-03,-1.444637145996093830e-01,2.449816600193937266e-01,2.512815553747495267e-02,-9.692020233436507981e-01,1.933306518554687603e+00,0.000000000000000000e+00,0.000000000000000000e+00,0.000000000000000000e+00,1.000000000000000000e+00
9.631196837518416487e-01,1.085967303732770922e-01,2.461853466841328608e-01,-1.096193389892578113e-01,1.115737075084875657e-01,-9.937544072046293753e-01,1.867071018047481573e-03,-1.444955291748046822e-01,2.448505310644912558e-01,2.566959901536692429e-02,-9.692209702249674486e-01,1.933274902343750101e+00,0.000000000000000000e+00,0.000000000000000000e+00,0.000000000000000000e+00,1.000000000000000000e+00
9.628955160879694164e-01,1.087501023603102412e-01,2.469931989636667269e-01,-1.096062011718750007e-01,1.114253503975171644e-01,-9.937677712667617458e-01,3.163555007247539561e-03,-1.444797821044921937e-01,2.457979177830315609e-01,2.447513080895393628e-02,-9.690120492467629854e-01,1.933218872070312511e+00,0.000000000000000000e+00,0.000000000000000000e+00,0.000000000000000000e+00,1.000000000000000000e+00
9.629057198492285696e-01,1.086620454312767214e-01,2.469921751074928284e-01,-1.096175079345703129e-01,1.114731985743783182e-01,-9.937639961663864430e-01,2.616471481171363592e-03,-1.444776458740234526e-01,2.457362420996065944e-01,2.501359242703287550e-02,-9.690139418566989793e-01,1.933230957031250030e+00,0.000000000000000000e+00,0.000000000000000000e+00,0.000000000000000000e+00,1.000000000000000000e+00
9.630728627940509101e-01,1.086252331884605543e-01,2.463558801092927686e-01,-1.096253738403320382e-01,1.114922760488970682e-01,-9.937625832471302934e-01,2.323901768030005657e-03,-1.444696350097656179e-01,2.450716901869903763e-01,2.522869106282543683e-02,-9.691766504699484974e-01,1.933292236328125080e+00,0.000000000000000000e+00,0.000000000000000000e+00,0.000000000000000000e+00,1.000000000000000000e+00
9.632215400573842512e-01,1.086941963303798275e-01,2.457434362370109482e-01,-1.096359481811523401e-01,1.115040715851791930e-01,-9.937608471842771518e-01,2.494117782890326041e-03,-1.444736480712890681e-01,2.444813015128319833e-01,2.499900573383945918e-02,-9.693316991220863876e-01,1.933330322265625068e+00,0.000000000000000000e+00,0.000000000000000000e+00,0.000000000000000000e+00,1.000000000000000000e+00
9.631860926091405650e-01,1.084407252694001428e-01,2.459942277928132137e-01,-1.096266021728515699e-01,1.115951398913902076e-01,-9.937531192727578899e-01,1.123694035377152331e-03,-1.444900360107422010e-01,2.445793853883786451e-01,2.636943379579037572e-02,-9.692706418768354260e-01,1.933289184570312624e+00,0.000000000000000000e+00,0.000000000000000000e+00,0.000000000000000000e+00,1.000000000000000000e+00
9.629167753648010253e-01,1.086361199961924928e-01,2.469604769051649829e-01,-1.096216659545898447e-01,1.114656681301719465e-01,-9.937650460996828583e-01,2.537317242707198828e-03,-1.444813842773437496e-01,2.456963340169080467e-01,2.508438922255498693e-02,-9.690222313590043379e-01,1.933302368164062646e+00,0.000000000000000000e+00,0.000000000000000000e+00,0.000000000000000000e+00,1.000000000000000000e+00
9.629274078558741623e-01,1.084094851276680982e-01,2.470186040247192849e-01,-1.096258316040039094e-01,1.114985909452883561e-01,-9.937634732384511560e-01,1.491131874009905822e-03,-1.444963378906249929e-01,2.456397187288375250e-01,2.610637453581670514e-02,-9.690095901441911908e-01,1.933274658203125052e+00,0.000000000000000000e+00,0.000000000000000000e+00,0.000000000000000000e+00,1.000000000000000000e+00
9.632561394484164818e-01,1.085324430239743149e-01,2.456793003616323245e-01,-1.096262359619140647e-01,1.115159758471537949e-01,-9.937610503266458561e-01,1.778196991062300919e-03,-1.444702301025390656e-01,2.443395116345090656e-01,2.568430775648396572e-02,-9.693495341667424103e-01,1.933271850585937646e+00,0.000000000000000000e+00,0.000000000000000000e+00,0.000000000000000000e+00,1.000000000000000000e+00
9.631238991766508661e-01,1.088429464901383981e-01,2.460600898847868090e-01,-1.096279525756835987e-01,1.114943552245705460e-01,-9.937599998094992504e-01,3.173567658192487026e-03,-1.444713897705078021e-01,2.448700953318345974e-01,2.437777221094492019e-02,-9.692493800019732486e-01,1.933278808593750009e+00,0.000000000000000000e+00,0.000000000000000000e+00,0.000000000000000000e+00,1.000000000000000000e+00
