# Blender v3.0.0 OBJ File: ''
# www.blender.org
mtllib Carriage1_rh.mtl
o /ambf/env/Carriage1_rh_Carriage1_rh
v -0.001920 0.006272 -0.006286
v -0.001818 0.004399 -0.008213
v -0.002505 0.006062 -0.006413
v -0.001818 0.004399 -0.006413
v -0.002554 0.004017 -0.006413
v -0.003704 0.005414 -0.006286
v -0.002552 0.004014 -0.008213
v -0.003213 0.003512 -0.006413
v -0.004478 0.004793 -0.006286
v -0.001068 0.004639 -0.008213
v -0.000400 0.006547 -0.006413
v -0.001026 0.004648 -0.006413
v -0.003775 0.002900 -0.006413
v -0.005089 0.004139 -0.006413
v -0.003209 0.003507 -0.008213
v -0.000290 0.004751 -0.008213
v 0.000534 0.006538 -0.006286
v -0.000202 0.004756 -0.006413
v -0.001782 0.005519 -0.016274
v -0.002309 0.005589 -0.016131
v -0.002309 0.005589 -0.011775
v -0.001762 0.005516 -0.011632
v -0.002633 0.005167 -0.011632
v -0.001590 0.004989 -0.011307
v -0.002753 0.005011 -0.016320
v -0.002395 0.004656 -0.016599
v -0.002395 0.004656 -0.011307
v -0.001590 0.004989 -0.016599
v -0.003255 0.004358 -0.016476
v -0.003254 0.004359 -0.011429
v -0.000740 0.005184 -0.011307
v -0.001139 0.005433 -0.016417
v -0.004221 0.002201 -0.006413
v -0.005701 0.003245 -0.006413
v -0.003767 0.002895 -0.008213
v 0.000625 0.004710 -0.008213
v 0.001514 0.006383 -0.006286
v 0.000627 0.004719 -0.006413
v -0.003787 0.003617 -0.016599
v -0.000230 0.005313 -0.011356
v -0.000740 0.005184 -0.016599
v -0.002554 0.004017 -0.011307
v -0.001818 0.004399 -0.011307
v -0.001818 0.004399 -0.016599
v -0.001026 0.004648 -0.016599
v -0.004540 0.001434 -0.006413
v -0.006158 0.002262 -0.006413
v -0.004211 0.002196 -0.008213
v 0.001433 0.004528 -0.008213
v 0.002460 0.006081 -0.006286
v 0.001437 0.004538 -0.006413
v -0.003787 0.003617 -0.011307
v 0.000130 0.005235 -0.016599
v -0.003213 0.003512 -0.011307
v -0.001026 0.004648 -0.011307
v -0.002554 0.004017 -0.016599
v -0.000202 0.004756 -0.016599
v 0.000395 0.005230 -0.011312
v -0.004152 0.003191 -0.016599
v -0.004333 0.002955 -0.011312
v 0.000627 0.004719 -0.016599
v -0.003775 0.002900 -0.011307
v 0.000627 0.004719 -0.011307
v -0.000202 0.004756 -0.011307
v -0.003213 0.003512 -0.016599
v -0.003513 -0.003217 0.006413
v -0.001170 0.004603 0.005937
v -0.001813 0.004389 0.005937
v -0.002675 0.003937 0.005937
v -0.003187 0.003536 0.005937
v -0.000263 0.005230 0.006413
v -0.004221 0.002201 -0.011307
v -0.004718 0.002455 -0.011356
v 0.000984 0.005152 -0.016594
v 0.001241 0.005087 -0.011307
v -0.004525 0.002706 -0.016578
v 0.001609 0.005069 -0.016550
v 0.001437 0.004538 -0.016599
v -0.003775 0.002900 0.006413
v 0.000627 0.004719 0.006413
v -0.004720 0.000624 -0.006413
v -0.006447 0.001217 -0.006413
v -0.004527 0.001430 -0.008213
v 0.002008 0.004317 -0.008213
v 0.003708 0.005412 -0.006413
v 0.002204 0.004220 -0.006413
v 0.002068 0.004811 -0.011307
v -0.004540 0.001434 -0.011307
v -0.005123 0.001927 -0.011446
v 0.002060 0.004815 -0.016599
v 0.002204 0.004220 -0.016599
v -0.004904 0.002213 -0.016516
v 0.001437 0.004538 -0.011307
v -0.004221 0.002201 -0.016599
v -0.004221 0.002201 0.006413
v 0.001507 0.004507 0.005937
v -0.005649 0.001244 -0.011627
v -0.005276 0.001729 -0.016417
v 0.002517 0.004949 -0.011489
v 0.002965 0.004889 -0.016320
v -0.005114 0.001129 -0.011307
v 0.002826 0.004410 -0.016599
v -0.004720 0.000624 -0.011307
v 0.002904 0.003773 -0.016599
v 0.002837 0.004402 -0.011307
v 0.002204 0.004220 -0.011307
v -0.005117 0.001116 -0.016599
v -0.004540 0.001434 -0.016599
v -0.004561 0.001365 0.005937
v 0.002133 0.004247 0.005937
v 0.003161 0.004863 -0.011632
v -0.005672 0.001214 -0.016274
v -0.004757 -0.000206 -0.006413
v -0.006559 0.000139 -0.006413
v -0.004706 0.000622 -0.008213
v 0.002691 0.003928 -0.008213
v 0.004880 0.004386 -0.006286
v 0.002904 0.003773 -0.006413
v -0.005996 0.000793 -0.011775
v 0.003688 0.004794 -0.016131
v 0.003688 0.004794 -0.011775
v 0.003528 0.003871 -0.011307
v -0.005996 0.000793 -0.016131
v -0.005232 0.000252 -0.016599
v -0.005175 0.000804 0.006413
v 0.002904 0.003773 0.006413
v 0.002904 0.003773 -0.011307
v -0.004720 0.000624 -0.016599
v -0.005795 0.000306 -0.011634
v 0.003889 0.004307 -0.016273
v 0.003898 0.004284 -0.011632
v -0.005785 0.000283 -0.016275
v -0.005231 0.000271 -0.011307
v 0.003514 0.003884 -0.016599
v -0.004650 -0.001029 -0.006413
v -0.006472 -0.001078 -0.006286
v -0.004712 -0.000685 -0.008213
v -0.004760 0.000100 -0.008213
v 0.003504 0.003202 -0.008213
v 0.005265 0.003915 -0.006413
v 0.003515 0.003212 -0.006413
v -0.005445 -0.000541 -0.016464
v -0.005546 -0.000297 -0.011490
v 0.004239 0.003460 -0.011442
v 0.004107 0.003252 -0.016599
v -0.004757 -0.000206 0.006413
v 0.003515 0.003212 0.006413
v -0.004757 -0.000206 -0.011307
v 0.003515 0.003212 -0.011307
v -0.005214 -0.001100 -0.016547
v -0.004757 -0.000206 -0.016599
v 0.003515 0.003212 -0.016599
v 0.004470 0.002901 -0.011360
v -0.004613 -0.001176 0.005937
v 0.001815 -0.004394 0.005937
v 0.004097 0.002423 0.005937
v -0.003097 -0.004227 0.006413
v -0.002266 -0.004191 0.005937
v -0.001505 -0.004511 0.005937
v -0.000625 -0.004723 0.006413
v 0.000264 -0.005234 0.006413
v 0.001172 -0.004607 0.005937
v 0.004020 0.002553 -0.006413
v -0.004650 -0.001029 -0.011307
v 0.004020 0.002553 -0.011307
v 0.004712 0.002315 -0.011314
v -0.004650 -0.001029 -0.016599
v 0.004020 0.002553 -0.016599
v -0.006236 -0.002042 -0.006286
v 0.004237 0.002174 -0.008213
v 0.005838 0.002996 -0.006413
v -0.005312 -0.000863 -0.011390
v -0.005074 -0.001438 -0.011328
v 0.004587 0.002531 -0.016599
v -0.004401 -0.001821 0.005937
v -0.004841 -0.002003 -0.006286
v 0.004403 0.001816 0.005937
v 0.004403 0.001816 -0.006413
v -0.004401 -0.001821 -0.008213
v -0.004841 -0.002003 -0.011307
v 0.004403 0.001816 -0.011307
v -0.004972 -0.001686 -0.016592
v -0.004372 -0.001890 -0.016599
v 0.004431 0.001747 -0.016599
v -0.005857 -0.002959 -0.006286
v 0.006252 0.001994 -0.006413
v -0.004625 -0.002525 -0.011330
v -0.004018 -0.002558 -0.006413
v -0.004018 -0.002558 0.006413
v 0.004652 0.001024 0.006413
v 0.004652 0.001024 -0.006413
v 0.004636 0.001021 -0.008213
v -0.004018 -0.002558 -0.011307
v 0.004652 0.001024 -0.011307
v 0.005029 0.001468 -0.011307
v 0.005029 0.001468 -0.016599
v -0.004608 -0.002567 -0.016578
v 0.004665 0.000959 -0.016599
v -0.003982 -0.002613 -0.016599
v -0.004004 -0.002549 -0.008213
v -0.005263 -0.003920 -0.006413
v 0.006429 0.001318 -0.006286
v -0.003513 -0.003217 -0.011307
v -0.004278 -0.003364 -0.011427
v 0.005405 0.000636 -0.011429
v -0.004370 -0.003143 -0.016516
v 0.005203 0.000614 -0.016599
v -0.003513 -0.003217 -0.006413
v 0.004759 0.000201 0.006413
v 0.003189 -0.003541 0.005937
v 0.003777 -0.002905 0.006413
v 0.004223 -0.002205 0.006413
v 0.002677 -0.003942 0.005937
v 0.004511 -0.001508 0.005937
v 0.004707 -0.000735 0.005937
v 0.004759 0.000201 -0.006413
v 0.006554 0.000333 -0.006286
v 0.004759 0.000201 -0.011307
v -0.003474 -0.003259 -0.016599
v -0.003526 -0.003876 -0.016599
v 0.004761 0.000143 -0.016599
v -0.004137 -0.003705 -0.016417
v -0.003299 -0.003436 -0.008213
v 0.004762 -0.000105 -0.008213
v -0.002902 -0.003778 -0.011307
v -0.003526 -0.003876 -0.011307
v 0.005234 -0.000256 -0.011307
v 0.005234 -0.000256 -0.016599
v -0.003891 -0.004302 -0.016275
v 0.005787 -0.000288 -0.016275
v -0.003896 -0.004288 -0.011632
v -0.004349 -0.004915 -0.006286
v -0.002902 -0.003778 -0.006413
v 0.004722 -0.000628 -0.006413
v 0.006449 -0.001222 -0.006413
v 0.004722 -0.000628 -0.011307
v -0.002862 -0.003808 -0.016599
v -0.002835 -0.004407 -0.016599
v 0.004715 -0.000678 -0.016599
v 0.005793 -0.000301 -0.011631
v -0.002893 -0.003767 -0.008213
v 0.004681 -0.000887 -0.008213
v -0.003686 -0.004798 -0.011775
v -0.003159 -0.004868 -0.011632
v -0.002835 -0.004407 -0.011307
v 0.005119 -0.001120 -0.011307
v 0.005998 -0.000797 -0.016131
v 0.005659 -0.001238 -0.016279
v 0.005119 -0.001120 -0.016599
v -0.003706 -0.005417 -0.006413
v -0.002492 -0.004610 -0.006286
v 0.005019 -0.001506 -0.006286
v 0.006037 -0.002576 -0.006286
v -0.002202 -0.004225 -0.011307
v 0.004542 -0.001439 -0.011307
v 0.005052 -0.002027 -0.011430
v -0.002165 -0.004244 -0.016599
v -0.002148 -0.005002 -0.016476
v 0.004529 -0.001478 -0.016599
v 0.005998 -0.000797 -0.011775
v -0.003686 -0.004798 -0.016131
v -0.002195 -0.004213 -0.008213
v 0.004471 -0.001645 -0.008213
v -0.002515 -0.004953 -0.011489
v -0.001910 -0.005034 -0.011390
v 0.005553 -0.001375 -0.011586
v -0.003139 -0.004871 -0.016274
v 0.005278 -0.001733 -0.016417
v 0.004863 -0.001953 -0.016599
v -0.003132 -0.005768 -0.006286
v -0.001435 -0.004543 -0.006413
v 0.004223 -0.002205 -0.006413
v 0.005580 -0.003457 -0.006286
v -0.001435 -0.004543 -0.011307
v 0.004223 -0.002205 -0.011307
v 0.004335 -0.002960 -0.011312
v -0.001403 -0.004553 -0.016599
v -0.001248 -0.005121 -0.016575
v 0.004208 -0.002235 -0.016599
v -0.001267 -0.004593 -0.008213
v 0.004140 -0.002359 -0.008213
v 0.004720 -0.002460 -0.011356
v -0.001747 -0.006327 -0.006413
v -0.000625 -0.004723 -0.006413
v 0.003777 -0.002905 -0.006413
v 0.005091 -0.004143 -0.006413
v -0.000688 -0.005196 -0.011307
v -0.001247 -0.005121 -0.011326
v 0.003777 -0.002905 -0.011307
v 0.004472 -0.002732 -0.016599
v -0.000688 -0.005196 -0.016599
v 0.003761 -0.002925 -0.016599
v -0.000495 -0.004739 -0.008213
v 0.003695 -0.003008 -0.008213
v -0.000779 -0.006518 -0.006286
v 0.000204 -0.004760 -0.006413
v 0.003215 -0.003516 -0.006413
v 0.004340 -0.004925 -0.006413
v 0.000204 -0.004760 -0.011307
v 0.003215 -0.003516 -0.011307
v 0.003782 -0.003679 -0.011328
v 0.000221 -0.004760 -0.016599
v -0.000082 -0.005276 -0.016578
v 0.003973 -0.003431 -0.016594
v 0.003203 -0.003528 -0.016599
v 0.000205 -0.004754 -0.008213
v 0.003150 -0.003575 -0.008213
v 0.000212 -0.006561 -0.006286
v 0.001028 -0.004653 -0.006413
v 0.002556 -0.004021 -0.006413
v 0.003471 -0.005572 -0.006413
v 0.001028 -0.004653 -0.011307
v -0.000127 -0.005270 -0.011331
v 0.002556 -0.004021 -0.011307
v 0.003136 -0.004199 -0.011307
v 0.001036 -0.004651 -0.016599
v 0.000773 -0.005389 -0.016477
v 0.003589 -0.003931 -0.016550
v 0.002549 -0.004026 -0.016599
v 0.001027 -0.004649 -0.008213
v 0.002519 -0.004045 -0.008213
v 0.001199 -0.006454 -0.006286
v 0.001820 -0.004404 -0.006413
v 0.002158 -0.006199 -0.006286
v 0.001820 -0.004404 -0.011307
v 0.000892 -0.005405 -0.011446
v 0.002397 -0.004661 -0.011307
v 0.001820 -0.004404 -0.016599
v 0.001592 -0.004994 -0.016599
v 0.003136 -0.004199 -0.016599
v 0.001820 -0.004404 -0.008213
v 0.001592 -0.004994 -0.011307
v 0.002397 -0.004661 -0.016599
v 0.003030 -0.004657 -0.011489
v 0.001764 -0.005521 -0.011632
v 0.002311 -0.005593 -0.011775
v 0.002635 -0.005172 -0.011632
v 0.001760 -0.005520 -0.016279
v 0.002647 -0.005156 -0.016274
v 0.002311 -0.005593 -0.016131
v -0.003949 0.008206 0.000701
v -0.003317 0.008481 0.000701
v -0.003486 0.008437 0.000063
v -0.003959 0.008226 0.000063
v -0.003949 0.008206 -0.000574
v -0.003317 0.008481 -0.000574
v -0.002666 0.008707 0.000701
v -0.002673 0.008729 0.000063
v -0.004570 0.007903 0.000063
v -0.004559 0.007883 -0.000574
v -0.002647 0.008644 0.001336
v -0.003293 0.008419 0.001336
v -0.002666 0.008707 -0.000574
v -0.003293 0.008419 -0.001209
v -0.003920 0.008145 -0.001209
v -0.003920 0.008145 0.001336
v -0.004559 0.007883 0.000701
v -0.004525 0.007825 -0.001209
v -0.002000 0.008884 0.000701
v -0.002005 0.008906 0.000063
v -0.001985 0.008819 0.001336
v -0.002000 0.008884 -0.000574
v -0.002647 0.008644 -0.001209
v -0.005155 0.007534 0.000063
v -0.005142 0.007516 -0.000574
v -0.002614 0.008537 0.001965
v -0.003253 0.008315 0.001965
v -0.003253 0.008315 -0.001838
v -0.003872 0.008045 -0.001838
v -0.004525 0.007825 0.001336
v -0.005142 0.007516 0.000701
v -0.005104 0.007461 -0.001209
v -0.003872 0.008045 0.001965
v -0.004470 0.007729 -0.001838
v -0.001961 0.008711 0.001965
v -0.001985 0.008819 -0.001209
v -0.002614 0.008537 -0.001838
v -0.001322 0.009010 0.000701
v -0.001325 0.009032 0.000063
v -0.001312 0.008944 0.001336
v -0.001322 0.009010 -0.000574
v -0.004470 0.007729 0.001965
v -0.005104 0.007461 0.001336
v -0.005042 0.007369 -0.001838
v -0.005710 0.007123 0.000063
v -0.005696 0.007105 -0.000574
v -0.002569 0.008390 0.002584
v -0.003196 0.008171 0.002584
v -0.003196 0.008171 -0.002457
v -0.003805 0.007906 -0.002457
v -0.003805 0.007906 0.002584
v -0.004392 0.007596 -0.002457
v -0.005696 0.007105 0.000701
v -0.005654 0.007053 -0.001209
v -0.001296 0.008834 0.001965
v -0.001312 0.008944 -0.001209
v -0.001961 0.008711 -0.001838
v -0.001927 0.008560 0.002584
v -0.002569 0.008390 -0.002457
v -0.000637 0.009084 0.000701
v -0.000638 0.009107 0.000063
v -0.004392 0.007596 0.002584
v -0.005042 0.007369 0.001965
v -0.004954 0.007241 -0.002457
v -0.005654 0.007053 0.001336
v -0.005585 0.006967 -0.001838
v -0.000632 0.009018 0.001336
v -0.000637 0.009084 -0.000574
v -0.001274 0.008681 0.002584
v -0.001296 0.008834 -0.001838
v -0.001927 0.008560 -0.002457
v -0.002511 0.008201 0.003191
v -0.003124 0.007987 0.003191
v -0.003124 0.007987 -0.003064
v -0.003720 0.007728 -0.003064
v -0.000624 0.008907 0.001965
v -0.000632 0.009018 -0.001209
v -0.006232 0.006670 0.000063
v -0.006217 0.006654 -0.000574
v -0.003720 0.007728 0.003191
v -0.004294 0.007425 -0.003064
v -0.006217 0.006654 0.000701
v -0.006172 0.006605 -0.001209
v -0.004954 0.007241 0.002584
v -0.005585 0.006967 0.001965
v -0.005488 0.006846 -0.002457
v -0.001884 0.008367 0.003191
v -0.002511 0.008201 -0.003064
v -0.004294 0.007425 0.003191
v -0.004843 0.007078 -0.003064
v -0.006172 0.006605 0.001336
v -0.006096 0.006524 -0.001838
v 0.000052 0.009107 0.000701
v 0.000052 0.009129 0.000063
v -0.000613 0.008753 0.002584
v -0.000624 0.008907 -0.001838
v -0.001274 0.008681 -0.002457
v -0.001245 0.008486 0.003191
v -0.001884 0.008367 -0.003064
v 0.000052 0.009040 0.001336
v 0.000052 0.009107 -0.000574
v -0.004843 0.007078 0.003191
v -0.005488 0.006846 0.002584
v -0.005365 0.006692 -0.003064
v 0.000051 0.008929 0.001965
v 0.000052 0.009040 -0.001209
v -0.002441 0.007972 0.003782
v -0.003037 0.007764 0.003782
v -0.003037 0.007764 -0.003655
v -0.003616 0.007512 -0.003655
v -0.006096 0.006524 0.001965
v -0.005990 0.006411 -0.002457
v -0.003616 0.007512 0.003782
v -0.004174 0.007217 -0.003655
v -0.006719 0.006180 0.000063
v -0.006703 0.006165 -0.000574
v -0.001831 0.008134 0.003782
v -0.002441 0.007972 -0.003655
v -0.006703 0.006165 0.000701
v -0.006654 0.006120 -0.001209
v -0.000600 0.008556 0.003191
v -0.000613 0.008753 -0.002457
v -0.001245 0.008486 -0.003064
v -0.004174 0.007217 0.003782
v -0.004708 0.006881 -0.003655
v 0.000050 0.008774 0.002584
v 0.000051 0.008929 -0.001838
v -0.006654 0.006120 0.001336
v -0.006572 0.006044 -0.001838
v -0.001210 0.008249 0.003782
v -0.001831 0.008134 -0.003655
v -0.005365 0.006692 0.003191
v -0.005990 0.006411 0.002584
v -0.005856 0.006267 -0.003064
v 0.000741 0.009077 0.000701
v 0.000743 0.009099 0.000063
v 0.000736 0.009010 0.001336
v 0.000741 0.009077 -0.000574
v -0.004708 0.006881 0.003782
v -0.005215 0.006505 -0.003655
v -0.006572 0.006044 0.001965
v -0.006458 0.005940 -0.002457
v -0.002359 0.007704 0.004356
v -0.002935 0.007503 0.004356
v -0.002935 0.007503 -0.004229
v -0.003494 0.007260 -0.004229
v 0.000727 0.008899 0.001965
v 0.000736 0.009010 -0.001209
v -0.003494 0.007260 0.004356
v -0.004034 0.006975 -0.004229
v 0.000049 0.008577 0.003191
v 0.000050 0.008774 -0.002457
v -0.000600 0.008556 -0.003064
v -0.000583 0.008317 0.003782
v -0.001210 0.008249 -0.003655
v -0.001769 0.007860 0.004356
v -0.002359 0.007704 -0.004229
v -0.007168 0.005654 0.000063
v -0.007150 0.005640 -0.000574
v -0.004034 0.006975 0.004356
v -0.004550 0.006650 -0.004229
v -0.007150 0.005640 0.000701
v -0.007098 0.005599 -0.001209
v -0.005215 0.006505 0.003782
v -0.005856 0.006267 0.003191
v -0.005692 0.006092 -0.003655
v 0.000714 0.008745 0.002584
v 0.000727 0.008899 -0.001838
v -0.001170 0.007972 0.004356
v -0.001769 0.007860 -0.004229
v -0.006458 0.005940 0.002584
v -0.006313 0.005806 -0.003064
v -0.007098 0.005599 0.001336
v -0.007010 0.005530 -0.001838
v -0.004550 0.006650 0.004356
v -0.005040 0.006286 -0.004229
v 0.000048 0.008337 0.003782
v 0.000049 0.008577 -0.003064
v -0.000583 0.008317 -0.003655
v 0.001426 0.008995 0.000701
v 0.001429 0.009017 0.000063
v 0.001415 0.008929 0.001336
v 0.001426 0.008995 -0.000574
v -0.007010 0.005530 0.001965
v -0.006889 0.005434 -0.002457
v 0.000698 0.008548 0.003191
v 0.000714 0.008745 -0.002457
v -0.000563 0.008038 0.004356
v -0.001170 0.007972 -0.004229
v -0.002265 0.007399 0.004908
v -0.002819 0.007206 0.004908
v -0.002819 0.007206 -0.004781
v -0.003356 0.006972 -0.004781
v 0.001398 0.008819 0.001965
v 0.001415 0.008929 -0.001209
v -0.003356 0.006972 0.004908
v -0.003874 0.006698 -0.004781
v -0.005692 0.006092 0.003782
v -0.006313 0.005806 0.003191
v -0.006137 0.005644 -0.003655
v -0.001699 0.007549 0.004908
v -0.002265 0.007399 -0.004781
v -0.005040 0.006286 0.004356
v -0.005501 0.005887 -0.004229
v -0.003874 0.006698 0.004908
v -0.004369 0.006386 -0.004781
v -0.007575 0.005096 0.000063
v -0.007556 0.005083 -0.000574
v -0.006889 0.005434 0.002584
v -0.006734 0.005312 -0.003064
v 0.001374 0.008666 0.002584
v 0.001398 0.008819 -0.001838
v -0.007556 0.005083 0.000701
v -0.007501 0.005046 -0.001209
v -0.001123 0.007656 0.004908
v -0.001699 0.007549 -0.004781
v 0.000046 0.008057 0.004356
v 0.000048 0.008337 -0.003655
v -0.000563 0.008038 -0.004229
v 0.000679 0.008310 0.003782
v 0.000698 0.008548 -0.003064
v -0.007501 0.005046 0.001336
v -0.007409 0.004984 -0.001838
v -0.004369 0.006386 0.004908
v -0.004840 0.006037 -0.004781
v -0.000541 0.007719 0.004908
v -0.001123 0.007656 -0.004781
v 0.001343 0.008471 0.003191
v 0.001374 0.008666 -0.002457
v -0.005501 0.005887 0.004356
v -0.006137 0.005644 0.003782
v -0.005931 0.005454 -0.004229
v -0.007409 0.004984 0.001965
v -0.007281 0.004898 -0.002457
v 0.002102 0.008861 0.000701
v 0.002107 0.008883 0.000063
v -0.006734 0.005312 0.003191
v -0.006546 0.005164 -0.003655
v 0.002086 0.008796 0.001336
v 0.002102 0.008861 -0.000574
v -0.002161 0.007057 0.005437
v -0.002689 0.006873 0.005437
v -0.002689 0.006873 -0.005310
v -0.003201 0.006650 -0.005310
v -0.004840 0.006037 0.004908
v -0.005283 0.005654 -0.004781
v -0.003201 0.006650 0.005437
v -0.003695 0.006389 -0.005310
v 0.002061 0.008688 0.001965
v 0.002086 0.008796 -0.001209
v -0.001621 0.007200 0.005437
v -0.002161 0.007057 -0.005310
v 0.000656 0.008031 0.004356
v 0.000679 0.008310 -0.003655
v 0.000046 0.008057 -0.004229
v -0.003695 0.006389 0.005437
v -0.004167 0.006091 -0.005310
v -0.007281 0.004898 0.002584
v -0.007117 0.004787 -0.003064
v 0.000045 0.007738 0.004908
v -0.000541 0.007719 -0.004781
v 0.001305 0.008235 0.003782
v 0.001343 0.008471 -0.003064
v -0.001071 0.007302 0.005437
v -0.001621 0.007200 -0.005310
v 0.002025 0.008538 0.002584
v 0.002061 0.008688 -0.001838
v -0.007939 0.004508 0.000063
v -0.007919 0.004497 -0.000574
v -0.007919 0.004497 0.000701
v -0.007861 0.004464 -0.001209
v -0.004167 0.006091 0.005437
v -0.004616 0.005758 -0.005310
v -0.005931 0.005454 0.004356
v -0.006546 0.005164 0.003782
v -0.006326 0.004990 -0.004229
v -0.005283 0.005654 0.004908
v -0.005695 0.005238 -0.004781
v -0.007861 0.004464 0.001336
v -0.007765 0.004409 -0.001838
v -0.000516 0.007362 0.005437
v -0.001071 0.007302 -0.005310
v 0.001980 0.008346 0.003191
v 0.002025 0.008538 -0.002457
v -0.007117 0.004787 0.003191
v -0.006918 0.004654 -0.003655
v -0.007765 0.004409 0.001965
v -0.007630 0.004333 -0.002457
v 0.000630 0.007712 0.004908
v 0.000656 0.008031 -0.004229
v 0.000045 0.007738 -0.004781
v -0.004616 0.005758 0.005437
v -0.005039 0.005393 -0.005310
v 0.001261 0.007958 0.004356
v 0.001305 0.008235 -0.003655
v 0.002766 0.008677 0.000701
v 0.002773 0.008698 0.000063
v 0.002746 0.008613 0.001336
v 0.002766 0.008677 -0.000574
v -0.002046 0.006681 0.005940
v -0.002545 0.006507 0.005940
v -0.002545 0.006507 -0.005813
v -0.003030 0.006296 -0.005813
v -0.003030 0.006296 0.005940
v -0.003498 0.006048 -0.005813
v -0.001534 0.006816 0.005940
v -0.002046 0.006681 -0.005813
v 0.000043 0.007380 0.005437
v -0.000516 0.007362 -0.005310
v 0.002712 0.008507 0.001965
v 0.002746 0.008613 -0.001209
v 0.001924 0.008113 0.003782
v 0.001980 0.008346 -0.003064
v -0.003498 0.006048 0.005940
v -0.003945 0.005766 -0.005813
v -0.007630 0.004333 0.002584
v -0.007459 0.004235 -0.003064
v -0.005695 0.005238 0.004908
v -0.006326 0.004990 0.004356
v -0.006075 0.004792 -0.004781
v -0.001014 0.006913 0.005940
v -0.001534 0.006816 -0.005813
v -0.006918 0.004654 0.003782
v -0.006686 0.004497 -0.004229
v 0.002665 0.008360 0.002584
v 0.002712 0.008507 -0.001838
v -0.005039 0.005393 0.005437
v -0.005432 0.004996 -0.005310
v -0.003945 0.005766 0.005940
v -0.004370 0.005451 -0.005813
v -0.008257 0.003895 0.000063
v -0.008237 0.003885 -0.000574
v -0.008237 0.003885 0.000701
v -0.008176 0.003857 -0.001209
v 0.001211 0.007643 0.004908
v 0.001261 0.007958 -0.004229
v 0.000630 0.007712 -0.004781
v -0.000488 0.006970 0.005940
v -0.001014 0.006913 -0.005813
v -0.007459 0.004235 0.003191
v -0.007250 0.004117 -0.003655
v 0.000601 0.007356 0.005437
v 0.000043 0.007380 -0.005310
v -0.008176 0.003857 0.001336
v -0.008076 0.003809 -0.001838
v 0.002605 0.008172 0.003191
v 0.002665 0.008360 -0.002457
v 0.001860 0.007840 0.004356
v 0.001924 0.008113 -0.003655
v -0.004370 0.005451 0.005940
v -0.004770 0.005105 -0.005813
v -0.008076 0.003809 0.001965
v -0.007936 0.003743 -0.002457
v -0.006075 0.004792 0.004908
v -0.006686 0.004497 0.004356
v -0.006421 0.004319 -0.004781
v -0.005432 0.004996 0.005437
v -0.005795 0.004571 -0.005310
v 0.000040 0.006987 0.005940
v -0.000488 0.006970 -0.005813
v -0.002845 0.005910 0.006413
v -0.001920 0.006272 0.006413
v 0.003415 0.008443 0.000701
v 0.003423 0.008464 0.000063
v 0.003390 0.008381 0.001336
v 0.003415 0.008443 -0.000574
v 0.002533 0.007944 0.003782
v 0.002605 0.008172 -0.003064
v -0.007250 0.004117 0.003782
v -0.007007 0.003979 -0.004229
v -0.007936 0.003743 0.002584
v -0.007758 0.003659 -0.003064
v 0.003348 0.008278 0.001965
v 0.003390 0.008381 -0.001209
v -0.004770 0.005105 0.005940
v -0.005143 0.004730 -0.005813
v 0.001156 0.007290 0.005437
v 0.001211 0.007643 -0.004781
v 0.000601 0.007356 -0.005310
v -0.000952 0.006490 0.006413
v 0.001786 0.007529 0.004908
v 0.001860 0.007840 -0.004229
v -0.004103 0.005118 0.006413
v 0.003290 0.008135 0.002584
v 0.003348 0.008278 -0.001838
v 0.000569 0.006964 0.005940
v 0.000040 0.006987 -0.005813
v -0.000952 0.006490 -0.006286
v 0.002448 0.007677 0.004356
v 0.002533 0.007944 -0.003655
v -0.007758 0.003659 0.003191
v -0.007541 0.003557 -0.003655
v -0.008528 0.003259 0.000063
v -0.008507 0.003251 -0.000574
v -0.005795 0.004571 0.005437
v -0.006421 0.004319 0.004908
v -0.006124 0.004119 -0.005310
v -0.008507 0.003251 0.000701
v -0.008445 0.003227 -0.001209
v -0.007007 0.003979 0.004356
v -0.006729 0.003821 -0.004781
v 0.003216 0.007952 0.003191
v 0.003290 0.008135 -0.002457
v -0.005143 0.004730 0.005940
v -0.005486 0.004327 -0.005813
v -0.008445 0.003227 0.001336
v -0.008341 0.003187 -0.001838
v 0.000038 0.006559 0.006413
v -0.008341 0.003187 0.001965
v -0.008197 0.003132 -0.002457
v 0.001704 0.007181 0.005437
v 0.001786 0.007529 -0.004781
v 0.001156 0.007290 -0.005310
v -0.007541 0.003557 0.003782
v -0.007288 0.003437 -0.004229
v 0.001094 0.006901 0.005940
v 0.000569 0.006964 -0.005813
v -0.002325 0.004692 0.006413
v -0.001664 0.004965 0.006413
v -0.001664 0.004965 -0.006286
v 0.003126 0.007730 0.003782
v 0.003216 0.007952 -0.003064
v -0.002325 0.004692 -0.006286
v -0.004828 0.004440 0.006413
v 0.002351 0.007373 0.004908
v 0.002448 0.007677 -0.004229
v -0.000973 0.005145 -0.006286
v 0.004044 0.008160 0.000701
v 0.004053 0.008180 0.000063
v -0.002943 0.004331 0.006413
v -0.002943 0.004331 -0.006286
v 0.004014 0.008101 0.001336
v 0.004044 0.008160 -0.000574
v -0.008197 0.003132 0.002584
v -0.008012 0.003062 -0.003064
v -0.000973 0.005145 0.006413
v 0.003965 0.008001 0.001965
v 0.004014 0.008101 -0.001209
v -0.006124 0.004119 0.005437
v -0.006729 0.003821 0.004908
v -0.006418 0.003644 -0.005310
v -0.005486 0.004327 0.005940
v -0.005798 0.003900 -0.005813
v 0.003021 0.007470 0.004356
v 0.003126 0.007730 -0.003655
v 0.003896 0.007863 0.002584
v 0.003965 0.008001 -0.001838
v -0.007288 0.003437 0.004356
v -0.006999 0.003301 -0.004781
v -0.008012 0.003062 0.003191
v -0.007789 0.002976 -0.003655
v -0.005443 0.003661 -0.006286
v -0.003505 0.003890 0.006413
v 0.001613 0.006799 0.005940
v 0.001704 0.007181 -0.005310
v 0.001094 0.006901 -0.005813
v 0.002242 0.007032 0.005437
v 0.002351 0.007373 -0.004781
v -0.008750 0.002605 0.000063
v -0.008729 0.002598 -0.000574
v 0.003808 0.007686 0.003191
v 0.003896 0.007863 -0.002457
v -0.008729 0.002598 0.000701
v -0.008665 0.002579 -0.001209
v 0.001027 0.006479 0.006413
v -0.008665 0.002579 0.001336
v -0.008559 0.002547 -0.001838
v -0.007789 0.002976 0.003782
v -0.007527 0.002876 -0.004229
v 0.002902 0.007174 0.004908
v 0.003021 0.007470 -0.004229
v -0.005798 0.003900 0.005940
v -0.006418 0.003644 0.005437
v -0.006076 0.003450 -0.005813
v -0.008559 0.002547 0.001965
v -0.008410 0.002503 -0.002457
v 0.003702 0.007471 0.003782
v 0.003808 0.007686 -0.003064
v -0.006999 0.003301 0.004908
v -0.006676 0.003148 -0.005310
v -0.005443 0.003661 0.006413
v 0.000452 0.005217 0.006413
v 0.000452 0.005217 -0.006286
v -0.008410 0.002503 0.002584
v -0.008221 0.002447 -0.003064
v 0.004649 0.007831 0.000701
v 0.004661 0.007851 0.000063
v 0.004615 0.007774 0.001336
v 0.004649 0.007831 -0.000574
v 0.002123 0.006657 0.005940
v 0.002242 0.007032 -0.005310
v 0.001613 0.006799 -0.005813
v -0.007527 0.002876 0.004356
v -0.007229 0.002762 -0.004781
v 0.004559 0.007678 0.001965
v 0.004615 0.007774 -0.001209
v 0.003578 0.007220 0.004356
v 0.003702 0.007471 -0.003655
v -0.004003 0.003376 0.006413
v -0.004003 0.003376 -0.006286
v 0.002768 0.006842 0.005437
v 0.002902 0.007174 -0.004781
v -0.008221 0.002447 0.003191
v -0.007992 0.002379 -0.003655
v 0.004480 0.007546 0.002584
v 0.004559 0.007678 -0.001838
v -0.006076 0.003450 0.005940
v -0.006676 0.003148 0.005437
v -0.006320 0.002981 -0.005813
v -0.005933 0.002798 -0.006286
v 0.004379 0.007376 0.003191
v 0.004480 0.007546 -0.002457
v 0.003436 0.006934 0.004908
v 0.003578 0.007220 -0.004229
v -0.008922 0.001935 0.000063
v -0.008901 0.001931 -0.000574
v -0.008901 0.001931 0.000701
v -0.008835 0.001916 -0.001209
v -0.007992 0.002379 0.003782
v -0.007723 0.002299 -0.004229
v -0.007229 0.002762 0.004908
v -0.006895 0.002634 -0.005310
v -0.004425 0.002800 0.006413
v -0.008835 0.001916 0.001336
v -0.008727 0.001893 -0.001838
v 0.001993 0.006250 0.006413
v 0.002123 0.006657 -0.005813
v 0.004257 0.007170 0.003782
v 0.004379 0.007376 -0.003064
v 0.002620 0.006478 0.005940
v 0.002768 0.006842 -0.005310
v -0.008727 0.001893 0.001965
v -0.008576 0.001860 -0.002457
v 0.001159 0.005107 0.006413
v 0.001159 0.005107 -0.006286
v -0.007723 0.002299 0.004356
v -0.007417 0.002207 -0.004781
v -0.008576 0.001860 0.002584
v -0.008383 0.001818 -0.003064
v 0.003277 0.006614 0.005437
v 0.003436 0.006934 -0.004781
v -0.005933 0.002798 0.006413
v -0.006320 0.002981 0.005940
v 0.004114 0.006929 0.004356
v 0.004257 0.007170 -0.003655
v 0.005228 0.007457 0.000701
v 0.005241 0.007476 0.000063
v 0.005190 0.007403 0.001336
v 0.005228 0.007457 -0.000574
v -0.004425 0.002800 -0.006286
v -0.006895 0.002634 0.005437
v -0.006527 0.002494 -0.005813
v 0.005126 0.007312 0.001965
v 0.005190 0.007403 -0.001209
v -0.008383 0.001818 0.003191
v -0.008149 0.001767 -0.003655
v 0.005038 0.007185 0.002584
v 0.005126 0.007312 -0.001838
v 0.002913 0.005878 0.006413
v 0.002620 0.006478 -0.005813
v -0.007417 0.002207 0.004908
v -0.007075 0.002105 -0.005310
v 0.003951 0.006654 0.004908
v 0.004114 0.006929 -0.004229
v 0.003103 0.006261 0.005940
v 0.003277 0.006614 -0.005310
v 0.004924 0.007023 0.003191
v 0.005038 0.007185 -0.002457
v -0.008149 0.001767 0.003782
v -0.007875 0.001708 -0.004229
v -0.002114 0.004265 -0.005810
v -0.002675 0.003937 -0.005810
v -0.001513 0.004513 -0.005810
v -0.009043 0.001255 0.000063
v -0.009021 0.001252 -0.000574
v -0.009021 0.001252 0.000701
v -0.008955 0.001243 -0.001209
v -0.004766 0.002171 0.006413
v -0.004766 0.002171 -0.006286
v -0.006527 0.002494 0.005940
v -0.008955 0.001243 0.001336
v -0.008845 0.001227 -0.001838
v 0.004787 0.006827 0.003782
v 0.004924 0.007023 -0.003064
v -0.000503 0.004723 0.005937
v -0.003187 0.003536 -0.005810
v -0.000884 0.004677 -0.005810
v 0.003768 0.006347 0.005437
v 0.003951 0.006654 -0.004781
v -0.008845 0.001227 0.001965
v -0.008692 0.001206 -0.002457
v -0.007875 0.001708 0.004356
v -0.007563 0.001640 -0.004781
v -0.007075 0.002105 0.005437
v -0.006698 0.001993 -0.005813
v 0.001844 0.004902 0.006413
v 0.001844 0.004902 -0.006286
v 0.004626 0.006598 0.004356
v 0.004787 0.006827 -0.003655
v -0.008692 0.001206 0.002584
v -0.008496 0.001179 -0.003064
v 0.003103 0.006261 -0.005813
v 0.000175 0.004747 0.005937
v -0.003639 0.003069 -0.005810
v -0.000239 0.004754 -0.005810
v 0.005778 0.007041 0.000701
v 0.005792 0.007058 0.000063
v 0.005735 0.006989 0.001336
v 0.005778 0.007041 -0.000574
v -0.008496 0.001179 0.003191
v -0.008259 0.001146 -0.003655
v -0.007563 0.001640 0.004908
v -0.007214 0.001564 -0.005310
v 0.003568 0.006009 0.005940
v 0.003768 0.006347 -0.005310
v 0.005665 0.006903 0.001965
v 0.005735 0.006989 -0.001209
v -0.006288 0.001871 0.006413
v 0.004443 0.006336 0.004908
v 0.004626 0.006598 -0.004229
v 0.005567 0.006784 0.002584
v 0.005665 0.006903 -0.001838
v -0.006698 0.001993 0.005940
v -0.008259 0.001146 0.003782
v -0.007982 0.001107 -0.004229
v 0.005442 0.006631 0.003191
v 0.005567 0.006784 -0.002457
v -0.004023 0.002545 0.005937
v -0.003639 0.003069 0.005937
v 0.000849 0.004674 0.005937
v -0.004023 0.002545 -0.005810
v 0.000411 0.004742 -0.005810
v -0.007214 0.001564 0.005437
v -0.006829 0.001481 -0.005813
v 0.004238 0.006044 0.005437
v 0.004443 0.006336 -0.004781
v -0.009113 0.000567 0.000063
v -0.009090 0.000566 -0.000574
v 0.005290 0.006446 0.003782
v 0.005442 0.006631 -0.003064
v 0.003568 0.006009 -0.005813
v -0.009090 0.000566 0.000701
v -0.009024 0.000562 -0.001209
v -0.007982 0.001107 0.004356
v -0.007665 0.001063 -0.004781
v -0.009024 0.000562 0.001336
v -0.008913 0.000555 -0.001838
v -0.008913 0.000555 0.001965
v -0.008759 0.000545 -0.002457
v -0.005017 0.001502 0.006413
v 0.005112 0.006229 0.004356
v 0.005290 0.006446 -0.003655
v -0.008759 0.000545 0.002584
v -0.008561 0.000533 -0.003064
v 0.004012 0.005722 0.005940
v 0.004238 0.006044 -0.005310
v -0.007665 0.001063 0.004908
v -0.007312 0.001014 -0.005310
v -0.006829 0.001481 0.005940
v -0.008561 0.000533 0.003191
v -0.008323 0.000518 -0.003655
v 0.004910 0.005982 0.004908
v 0.005112 0.006229 -0.004229
v 0.002494 0.004605 0.006413
v 0.006294 0.006584 0.000701
v 0.006309 0.006600 0.000063
v 0.006248 0.006535 0.001336
v 0.006294 0.006584 -0.000574
v -0.004332 0.001973 0.005937
v -0.004332 0.001973 -0.005810
v 0.001676 0.004456 -0.005810
v 0.001054 0.004642 -0.005810
v 0.006171 0.006455 0.001965
v 0.006248 0.006535 -0.001209
v 0.006064 0.006343 0.002584
v 0.006171 0.006455 -0.001838
v -0.008323 0.000518 0.003782
v -0.008043 0.000500 -0.004229
v -0.007312 0.001014 0.005437
v -0.006922 0.000960 -0.005813
v 0.004162 0.005071 0.006413
v 0.004012 0.005722 -0.005813
v 0.004683 0.005706 0.005437
v 0.004910 0.005982 -0.004781
v 0.005928 0.006201 0.003191
v 0.006064 0.006343 -0.002457
v -0.006498 0.000901 0.006413
v -0.008043 0.000500 0.004356
v -0.007724 0.000480 -0.004781
v 0.005762 0.006027 0.003782
v 0.005928 0.006201 -0.003064
v -0.009130 -0.000124 0.000063
v -0.009107 -0.000123 -0.000574
v -0.009107 -0.000123 0.000701
v -0.009040 -0.000122 -0.001209
v -0.006922 0.000960 0.005940
v 0.004433 0.005402 0.005940
v 0.004683 0.005706 -0.005310
v -0.009040 -0.000122 0.001336
v -0.008929 -0.000121 -0.001838
v 0.005569 0.005825 0.004356
v 0.005762 0.006027 -0.003655
v 0.004162 0.005071 -0.006286
v 0.003099 0.004223 -0.006286
v -0.008929 -0.000121 0.001965
v -0.008775 -0.000119 -0.002457
v -0.007724 0.000480 0.004908
v -0.007367 0.000458 -0.005310
v -0.008775 -0.000119 0.002584
v -0.008577 -0.000116 -0.003064
v -0.004561 0.001365 -0.005810
v 0.002133 0.004247 -0.005810
v 0.005348 0.005594 0.004908
v 0.005569 0.005825 -0.004229
v -0.008577 -0.000116 0.003191
v -0.008338 -0.000113 -0.003655
v 0.004433 0.005402 -0.005813
v -0.005175 0.000804 -0.006286
v -0.007367 0.000458 0.005437
v -0.006975 0.000434 -0.005813
v 0.006774 0.006089 0.000701
v 0.006790 0.006104 0.000063
v 0.006724 0.006044 0.001336
v 0.006774 0.006089 -0.000574
v -0.008338 -0.000113 0.003782
v -0.008058 -0.000109 -0.004229
v 0.006642 0.005970 0.001965
v 0.006724 0.006044 -0.001209
v 0.005101 0.005336 0.005437
v 0.005348 0.005594 -0.004781
v 0.006527 0.005867 0.002584
v 0.006642 0.005970 -0.001838
v 0.006380 0.005735 0.003191
v 0.006527 0.005867 -0.002457
v -0.008058 -0.000109 0.004356
v -0.007738 -0.000105 -0.004781
v -0.006975 0.000434 0.005940
v 0.004829 0.005051 0.005940
v 0.005101 0.005336 -0.005310
v 0.006202 0.005574 0.003782
v 0.006380 0.005735 -0.003064
v -0.007738 -0.000105 0.004908
v -0.007381 -0.000100 -0.005310
v -0.009094 -0.000814 0.000063
v -0.009072 -0.000812 -0.000574
v 0.005994 0.005387 0.004356
v 0.006202 0.005574 -0.003655
v -0.009072 -0.000812 0.000701
v -0.009005 -0.000806 -0.001209
v -0.009005 -0.000806 0.001336
v -0.008895 -0.000796 -0.001838
v -0.004705 0.000731 0.005937
v 0.002717 0.003902 0.005937
v -0.004705 0.000731 -0.005810
v 0.002717 0.003902 -0.005810
v 0.004829 0.005051 -0.005813
v -0.008895 -0.000796 0.001965
v -0.008741 -0.000782 -0.002457
v 0.005756 0.005173 0.004908
v 0.005994 0.005387 -0.004229
v -0.008741 -0.000782 0.002584
v -0.008544 -0.000765 -0.003064
v -0.007381 -0.000100 0.005437
v -0.006988 -0.000095 -0.005813
v -0.008544 -0.000765 0.003191
v -0.008306 -0.000743 -0.003655
v 0.005490 0.004935 0.005437
v 0.005756 0.005173 -0.004781
v 0.003645 0.003761 0.006413
v 0.003645 0.003761 -0.006286
v -0.008306 -0.000743 0.003782
v -0.008027 -0.000719 -0.004229
v -0.006988 -0.000095 0.005940
v 0.007215 0.005559 0.000701
v 0.007233 0.005573 0.000063
v 0.007162 0.005518 0.001336
v 0.007215 0.005559 -0.000574
v 0.007074 0.005451 0.001965
v 0.007162 0.005518 -0.001209
v 0.005198 0.004671 0.005940
v 0.005490 0.004935 -0.005310
v 0.006952 0.005356 0.002584
v 0.007074 0.005451 -0.001838
v -0.008027 -0.000719 0.004356
v -0.007708 -0.000690 -0.004781
v 0.006795 0.005236 0.003191
v 0.006952 0.005356 -0.002457
v -0.006535 -0.000585 0.006413
v -0.005237 0.000092 0.006413
v -0.005237 0.000092 -0.006286
v 0.006606 0.005089 0.003782
v 0.006795 0.005236 -0.003064
v -0.007708 -0.000690 0.004908
v -0.007353 -0.000658 -0.005310
v 0.005198 0.004004 0.006413
v 0.005198 0.004671 -0.005813
v 0.006384 0.004918 0.004356
v 0.006606 0.005089 -0.003655
v -0.007353 -0.000658 0.005437
v -0.006961 -0.000623 -0.005813
v -0.009007 -0.001499 0.000063
v -0.008985 -0.001496 -0.000574
v -0.004753 0.000172 0.005937
v 0.003246 0.003476 0.005937
v -0.004753 0.000172 -0.005810
v 0.003246 0.003476 -0.005810
v -0.008985 -0.001496 0.000701
v -0.008919 -0.001485 -0.001209
v -0.008919 -0.001485 0.001336
v -0.008809 -0.001467 -0.001838
v 0.006131 0.004723 0.004908
v 0.006384 0.004918 -0.004229
v -0.008809 -0.001467 0.001965
v -0.008657 -0.001441 -0.002457
v -0.008657 -0.001441 0.002584
v -0.008462 -0.001409 -0.003064
v 0.005848 0.004505 0.005437
v 0.006131 0.004723 -0.004781
v -0.006961 -0.000623 0.005940
v -0.008462 -0.001409 0.003191
v -0.008226 -0.001370 -0.003655
v -0.008226 -0.001370 0.003782
v -0.007950 -0.001324 -0.004229
v 0.005536 0.004265 0.005940
v 0.005848 0.004505 -0.005310
v -0.005201 -0.000622 0.006413
v -0.007950 -0.001324 0.004356
v -0.007634 -0.001271 -0.004781
v 0.007615 0.004998 0.000701
v 0.007634 0.005010 0.000063
v 0.007559 0.004961 0.001336
v 0.007615 0.004998 -0.000574
v 0.007466 0.004900 0.001965
v 0.007559 0.004961 -0.001209
v 0.007337 0.004815 0.002584
v 0.007466 0.004900 -0.001838
v 0.005536 0.004265 -0.005813
v -0.007634 -0.001271 0.004908
v -0.007282 -0.001213 -0.005310
v 0.007172 0.004707 0.003191
v 0.007337 0.004815 -0.002457
v 0.006972 0.004575 0.003782
v 0.007172 0.004707 -0.003064
v -0.007282 -0.001213 0.005437
v -0.006894 -0.001148 -0.005813
v 0.004124 0.003230 0.006413
v 0.004124 0.003230 -0.006286
v 0.006738 0.004422 0.004356
v 0.006972 0.004575 -0.003655
v 0.006471 0.004246 0.004908
v 0.006738 0.004422 -0.004229
v -0.004728 -0.000566 0.005937
v 0.003709 0.002980 0.005937
v -0.004728 -0.000566 -0.005810
v -0.005201 -0.000622 -0.006286
v 0.003749 0.002936 -0.005810
v -0.006894 -0.001148 0.005940
v -0.008868 -0.002176 0.000063
v -0.008846 -0.002171 -0.000574
v -0.008846 -0.002171 0.000701
v -0.008781 -0.002155 -0.001209
v -0.008781 -0.002155 0.001336
v -0.008673 -0.002129 -0.001838
v 0.006172 0.004050 0.005437
v 0.006471 0.004246 -0.004781
v -0.008673 -0.002129 0.001965
v -0.008523 -0.002092 -0.002457
v -0.008523 -0.002092 0.002584
v -0.008331 -0.002045 -0.003064
v 0.005843 0.003834 0.005940
v 0.006172 0.004050 -0.005310
v -0.008331 -0.002045 0.003191
v -0.008099 -0.001988 -0.003655
v -0.008099 -0.001988 0.003782
v -0.007827 -0.001921 -0.004229
v 0.005843 0.003834 -0.005813
v -0.007827 -0.001921 0.004356
v -0.007517 -0.001845 -0.004781
v -0.007517 -0.001845 0.004908
v -0.007170 -0.001760 -0.005310
v 0.007971 0.004407 0.000701
v 0.007991 0.004418 0.000063
v 0.007913 0.004375 0.001336
v 0.007971 0.004407 -0.000574
v 0.007816 0.004321 0.001965
v 0.007913 0.004375 -0.001209
v 0.007681 0.004247 0.002584
v 0.007816 0.004321 -0.001838
v -0.007170 -0.001760 0.005437
v -0.006787 -0.001666 -0.005813
v 0.007508 0.004151 0.003191
v 0.007681 0.004247 -0.002457
v 0.007298 0.004035 0.003782
v 0.007508 0.004151 -0.003064
v -0.006787 -0.001666 0.005940
v 0.007053 0.003899 0.004356
v 0.007298 0.004035 -0.003655
v 0.006774 0.003745 0.004908
v 0.007053 0.003899 -0.004229
v -0.006372 -0.001565 0.006413
v -0.005068 -0.001325 0.006413
v -0.005068 -0.001325 -0.006286
v 0.006461 0.003572 0.005437
v 0.006774 0.003745 -0.004781
v 0.004525 0.002639 0.006413
v -0.004613 -0.001176 -0.005810
v 0.004525 0.002639 -0.006286
v 0.004097 0.002423 -0.005810
v 0.006117 0.003381 0.005940
v 0.006461 0.003572 -0.005310
v -0.008678 -0.002841 0.000063
v -0.008657 -0.002834 -0.000574
v -0.008657 -0.002834 0.000701
v -0.008593 -0.002813 -0.001209
v -0.008593 -0.002813 0.001336
v -0.008488 -0.002779 -0.001838
v -0.008488 -0.002779 0.001965
v -0.008341 -0.002731 -0.002457
v -0.008341 -0.002731 0.002584
v -0.008153 -0.002669 -0.003064
v 0.005966 0.002731 0.006413
v 0.006117 0.003381 -0.005813
v -0.008153 -0.002669 0.003191
v -0.007926 -0.002595 -0.003655
v -0.007926 -0.002595 0.003782
v -0.007659 -0.002508 -0.004229
v -0.007659 -0.002508 0.004356
v -0.007356 -0.002408 -0.004781
v -0.007356 -0.002408 0.004908
v -0.007016 -0.002297 -0.005310
v -0.007016 -0.002297 0.005437
v -0.006642 -0.002175 -0.005813
v -0.006642 -0.002175 0.005940
v 0.008282 0.003792 0.000701
v 0.008302 0.003801 0.000063
v 0.008221 0.003764 0.001336
v 0.008282 0.003792 -0.000574
v 0.008120 0.003718 0.001965
v 0.008221 0.003764 -0.001209
v 0.007980 0.003654 0.002584
v 0.008120 0.003718 -0.001838
v 0.007800 0.003571 0.003191
v 0.007980 0.003654 -0.002457
v -0.006064 -0.002508 0.006413
v 0.007583 0.003472 0.003782
v 0.007800 0.003571 -0.003064
v 0.007328 0.003355 0.004356
v 0.007583 0.003472 -0.003655
v 0.007038 0.003222 0.004908
v 0.007328 0.003355 -0.004229
v 0.006713 0.003073 0.005437
v 0.007038 0.003222 -0.004781
v 0.006355 0.002909 0.005940
v 0.006713 0.003073 -0.005310
v 0.006355 0.002909 -0.005813
v -0.004841 -0.002003 0.006413
v 0.004843 0.001998 0.006413
v 0.004403 0.001816 -0.005810
v -0.008438 -0.003489 0.000063
v -0.008418 -0.003481 -0.000574
v -0.008418 -0.003481 0.000701
v -0.008356 -0.003455 -0.001209
v -0.008356 -0.003455 0.001336
v -0.008253 -0.003413 -0.001838
v -0.008253 -0.003413 0.001965
v -0.008111 -0.003354 -0.002457
v -0.008111 -0.003354 0.002584
v -0.007928 -0.003278 -0.003064
v -0.007928 -0.003278 0.003191
v -0.007707 -0.003187 -0.003655
v -0.004401 -0.001821 -0.005810
v -0.007707 -0.003187 0.003782
v -0.007448 -0.003080 -0.004229
v -0.007448 -0.003080 0.004356
v -0.007153 -0.002958 -0.004781
v -0.007153 -0.002958 0.004908
v -0.006822 -0.002821 -0.005310
v -0.006822 -0.002821 0.005437
v -0.006459 -0.002671 -0.005813
v -0.006459 -0.002671 0.005940
v 0.008545 0.003155 0.000701
v 0.008566 0.003163 0.000063
v 0.008483 0.003132 0.001336
v 0.008545 0.003155 -0.000574
v 0.008379 0.003093 0.001965
v 0.008483 0.003132 -0.001209
v 0.008234 0.003040 0.002584
v 0.008379 0.003093 -0.001838
v 0.008048 0.002971 0.003191
v 0.008234 0.003040 -0.002457
v 0.007824 0.002888 0.003782
v 0.008048 0.002971 -0.003064
v 0.007561 0.002791 0.004356
v 0.007824 0.002888 -0.003655
v 0.007261 0.002680 0.004908
v 0.007561 0.002791 -0.004229
v 0.006926 0.002557 0.005437
v 0.007261 0.002680 -0.004781
v 0.006557 0.002420 0.005940
v 0.006926 0.002557 -0.005310
v 0.006557 0.002420 -0.005813
v -0.006238 -0.003152 0.005940
v -0.004523 -0.002643 0.006413
v -0.004112 -0.002403 0.005937
v 0.005070 0.001320 0.006413
v -0.006590 -0.003329 0.005437
v -0.004095 -0.002428 -0.005810
v 0.004609 0.001200 0.005937
v -0.006909 -0.003490 0.004908
v -0.007194 -0.003634 0.004356
v -0.007444 -0.003761 0.003782
v -0.007658 -0.003869 0.003191
v -0.007834 -0.003958 0.002584
v -0.007972 -0.004027 0.001965
v -0.008071 -0.004077 0.001336
v -0.008131 -0.004107 0.000701
v -0.008151 -0.004117 0.000063
v -0.008131 -0.004107 -0.000574
v -0.008071 -0.004077 -0.001209
v -0.007972 -0.004027 -0.001838
v -0.007834 -0.003958 -0.002457
v -0.007658 -0.003869 -0.003064
v -0.007444 -0.003761 -0.003655
v -0.007194 -0.003634 -0.004229
v -0.006909 -0.003490 -0.004781
v -0.006590 -0.003329 -0.005310
v -0.006238 -0.003152 -0.005813
v -0.004523 -0.002643 -0.006286
v 0.004615 0.001171 -0.005810
v 0.005070 0.001320 -0.006286
v 0.006429 0.001318 0.006413
v 0.006722 0.001917 -0.005813
v 0.006722 0.001917 0.005940
v 0.007100 0.002026 -0.005310
v 0.007100 0.002026 0.005437
v 0.007443 0.002124 -0.004781
v 0.007443 0.002124 0.004908
v 0.007751 0.002211 -0.004229
v 0.007751 0.002211 0.004356
v 0.008020 0.002288 -0.003655
v 0.008020 0.002288 0.003782
v 0.008250 0.002354 -0.003064
v 0.008250 0.002354 0.003191
v 0.008440 0.002408 -0.002457
v 0.008440 0.002408 0.002584
v 0.008589 0.002451 -0.001838
v 0.008589 0.002451 0.001965
v 0.008695 0.002481 -0.001209
v 0.008695 0.002481 0.001336
v 0.008760 0.002500 -0.000574
v 0.008760 0.002500 0.000701
v 0.008781 0.002506 0.000063
v -0.005982 -0.003615 0.005940
v -0.005344 -0.003809 0.006413
v -0.006319 -0.003818 0.005437
v -0.005982 -0.003615 -0.005813
v -0.006625 -0.004003 0.004908
v -0.006319 -0.003818 -0.005310
v -0.006899 -0.004168 0.004356
v -0.006625 -0.004003 -0.004781
v -0.007138 -0.004313 0.003782
v -0.006899 -0.004168 -0.004229
v -0.007343 -0.004437 0.003191
v -0.007138 -0.004313 -0.003655
v -0.007512 -0.004539 0.002584
v -0.007343 -0.004437 -0.003064
v -0.007645 -0.004619 0.001965
v -0.007512 -0.004539 -0.002457
v -0.007740 -0.004676 0.001336
v -0.007645 -0.004619 -0.001838
v -0.003747 -0.002941 0.005937
v -0.003747 -0.002941 -0.005810
v -0.004122 -0.003235 0.006413
v 0.004733 0.000502 0.005937
v 0.005203 0.000618 0.006413
v -0.004122 -0.003235 -0.006286
v 0.004733 0.000502 -0.005810
v 0.005203 0.000618 -0.006286
v -0.007797 -0.004711 0.000701
v -0.007740 -0.004676 -0.001209
v -0.007816 -0.004722 0.000063
v -0.007797 -0.004711 -0.000574
v 0.006847 0.001404 -0.005813
v 0.006847 0.001404 0.005940
v 0.007233 0.001483 -0.005310
v 0.007233 0.001483 0.005437
v 0.007583 0.001555 -0.004781
v 0.007583 0.001555 0.004908
v 0.007896 0.001619 -0.004229
v 0.007896 0.001619 0.004356
v 0.008170 0.001675 -0.003655
v 0.008170 0.001675 0.003782
v 0.008405 0.001723 -0.003064
v 0.008405 0.001723 0.003191
v 0.008598 0.001763 -0.002457
v -0.005692 -0.004057 0.005940
v 0.008598 0.001763 0.002584
v 0.008750 0.001794 -0.001838
v 0.008750 0.001794 0.001965
v 0.008858 0.001817 -0.001209
v 0.008858 0.001817 0.001336
v 0.008924 0.001830 -0.000574
v 0.008924 0.001830 0.000701
v 0.008946 0.001835 0.000063
v -0.006012 -0.004285 0.005437
v -0.005692 -0.004057 -0.005813
v -0.006303 -0.004493 0.004908
v -0.006012 -0.004285 -0.005310
v -0.006564 -0.004678 0.004356
v -0.006303 -0.004493 -0.004781
v -0.006792 -0.004841 0.003782
v -0.006564 -0.004678 -0.004229
v 0.006934 0.000882 -0.005813
v -0.006987 -0.004979 0.003191
v -0.006792 -0.004841 -0.003655
v -0.007148 -0.005094 0.002584
v -0.006987 -0.004979 -0.003064
v 0.006934 0.000882 0.005940
v 0.007324 0.000932 -0.005310
v -0.007274 -0.005184 0.001965
v -0.007148 -0.005094 -0.002457
v -0.003312 -0.003424 0.005937
v -0.003244 -0.003481 -0.005810
v -0.003643 -0.003766 0.006413
v 0.004755 -0.000176 0.005937
v 0.005239 -0.000096 0.006413
v -0.003643 -0.003766 -0.006286
v 0.004755 -0.000176 -0.005810
v 0.005239 -0.000096 -0.006286
v -0.007364 -0.005248 0.001336
v -0.007274 -0.005184 -0.001838
v -0.007418 -0.005287 0.000701
v -0.007364 -0.005248 -0.001209
v -0.007437 -0.005300 0.000063
v -0.007418 -0.005287 -0.000574
v 0.007324 0.000932 0.005437
v 0.007679 0.000977 -0.004781
v 0.006561 -0.000163 0.006413
v 0.007679 0.000977 0.004908
v 0.007996 0.001017 -0.004229
v -0.005369 -0.004476 0.005940
v 0.007996 0.001017 0.004356
v 0.008274 0.001053 -0.003655
v 0.008274 0.001053 0.003782
v 0.008511 0.001083 -0.003064
v -0.005671 -0.004728 0.005437
v -0.005369 -0.004476 -0.005813
v 0.008511 0.001083 0.003191
v 0.008707 0.001108 -0.002457
v 0.008707 0.001108 0.002584
v 0.008860 0.001128 -0.001838
v -0.005946 -0.004957 0.004908
v -0.005671 -0.004728 -0.005310
v 0.008860 0.001128 0.001965
v 0.008971 0.001142 -0.001209
v 0.008971 0.001142 0.001336
v 0.009037 0.001150 -0.000574
v 0.009037 0.001150 0.000701
v 0.009059 0.001153 0.000063
v 0.006981 0.000355 -0.005813
v -0.006191 -0.005161 0.004356
v -0.005946 -0.004957 -0.004781
v -0.006407 -0.005340 0.003782
v -0.006191 -0.005161 -0.004229
v 0.006981 0.000355 0.005940
v 0.007374 0.000375 -0.005310
v -0.006590 -0.005494 0.003191
v -0.006407 -0.005340 -0.003655
v -0.006742 -0.005620 0.002584
v -0.006590 -0.005494 -0.003064
v 0.007374 0.000375 0.005437
v 0.007731 0.000393 -0.004781
v -0.005015 -0.004869 0.005940
v -0.004349 -0.004915 0.006413
v -0.002715 -0.003906 0.005937
v -0.002815 -0.003843 -0.005810
v 0.005177 -0.000809 0.006413
v -0.003097 -0.004227 -0.006286
v 0.004681 -0.000851 -0.005810
v 0.005177 -0.000809 -0.006286
v -0.006861 -0.005719 0.001965
v -0.006742 -0.005620 -0.002457
v -0.006946 -0.005790 0.001336
v -0.006861 -0.005719 -0.001838
v 0.007731 0.000393 0.004908
v 0.008050 0.000410 -0.004229
v -0.006998 -0.005833 0.000701
v -0.006946 -0.005790 -0.001209
v -0.007015 -0.005847 0.000063
v -0.006998 -0.005833 -0.000574
v -0.005298 -0.005143 0.005437
v -0.005015 -0.004869 -0.005813
v 0.006462 -0.001151 0.006413
v 0.006530 -0.000659 -0.006286
v 0.008050 0.000410 0.004356
v 0.008330 0.000424 -0.003655
v 0.008330 0.000424 0.003782
v 0.008569 0.000436 -0.003064
v 0.006988 -0.000174 -0.005813
v -0.005554 -0.005392 0.004908
v -0.005298 -0.005143 -0.005310
v 0.008569 0.000436 0.003191
v 0.008766 0.000446 -0.002457
v 0.008766 0.000446 0.002584
v 0.008921 0.000454 -0.001838
v -0.005783 -0.005615 0.004356
v -0.005554 -0.005392 -0.004781
v 0.006988 -0.000174 0.005940
v 0.007382 -0.000184 -0.005310
v 0.008921 0.000454 0.001965
v 0.009031 0.000460 -0.001209
v 0.009031 0.000460 0.001336
v 0.009098 0.000463 -0.000574
v 0.009098 0.000463 0.000701
v 0.009120 0.000464 0.000063
v -0.005984 -0.005810 0.003782
v -0.005783 -0.005615 -0.004229
v -0.004633 -0.005235 0.005940
v 0.007382 -0.000184 0.005437
v 0.007739 -0.000192 -0.004781
v -0.006156 -0.005976 0.003191
v -0.005984 -0.005810 -0.003655
v -0.006298 -0.006114 0.002584
v -0.006156 -0.005976 -0.003064
v -0.002131 -0.004252 -0.005810
v -0.002492 -0.004610 0.006413
v 0.005019 -0.001506 0.006413
v 0.004511 -0.001508 -0.005810
v -0.004894 -0.005529 0.005437
v -0.004633 -0.005235 -0.005813
v 0.007739 -0.000192 0.004908
v 0.008058 -0.000200 -0.004229
v -0.006409 -0.006222 0.001965
v -0.006298 -0.006114 -0.002457
v 0.006955 -0.000702 -0.005813
v -0.006489 -0.006299 0.001336
v -0.006409 -0.006222 -0.001838
v 0.008058 -0.000200 0.004356
v 0.008338 -0.000207 -0.003655
v -0.006537 -0.006345 0.000701
v -0.006489 -0.006299 -0.001209
v -0.006553 -0.006361 0.000063
v -0.006537 -0.006345 -0.000574
v -0.003559 -0.005515 0.006413
v 0.006214 -0.002112 0.006413
v -0.005131 -0.005797 0.004908
v -0.004894 -0.005529 -0.005310
v 0.008338 -0.000207 0.003782
v 0.008578 -0.000213 -0.003064
v 0.006955 -0.000702 0.005940
v 0.007347 -0.000741 -0.005310
v -0.005342 -0.006036 0.004356
v -0.005131 -0.005797 -0.004781
v 0.008578 -0.000213 0.003191
v 0.008775 -0.000218 -0.002457
v -0.004224 -0.005570 0.005940
v 0.008775 -0.000218 0.002584
v 0.008929 -0.000222 -0.001838
v -0.005528 -0.006246 0.003782
v -0.005342 -0.006036 -0.004229
v 0.008929 -0.000222 0.001965
v 0.009040 -0.000224 -0.001209
v 0.007347 -0.000741 0.005437
v 0.007702 -0.000777 -0.004781
v 0.009040 -0.000224 0.001336
v 0.009107 -0.000226 -0.000574
v 0.009107 -0.000226 0.000701
v 0.009130 -0.000227 0.000063
v -0.004462 -0.005884 0.005437
v -0.004224 -0.005570 -0.005813
v -0.005687 -0.006425 0.003191
v -0.005528 -0.006246 -0.003655
v 0.006882 -0.001226 -0.005813
v -0.001674 -0.004460 -0.005810
v -0.001842 -0.004906 0.006413
v 0.004334 -0.001978 0.005937
v 0.004768 -0.002175 0.006413
v -0.001842 -0.004906 -0.006286
v 0.004250 -0.002134 -0.005810
v 0.004768 -0.002175 -0.006286
v 0.007702 -0.000777 0.004908
v 0.008020 -0.000809 -0.004229
v -0.005818 -0.006573 0.002584
v -0.005687 -0.006425 -0.003064
v -0.004678 -0.006168 0.004908
v -0.004462 -0.005884 -0.005310
v -0.005920 -0.006689 0.001965
v -0.005818 -0.006573 -0.002457
v 0.008020 -0.000809 0.004356
v 0.008299 -0.000837 -0.003655
v -0.005994 -0.006772 0.001336
v -0.005920 -0.006689 -0.001838
v 0.006882 -0.001226 0.005940
v 0.007270 -0.001295 -0.005310
v -0.002226 -0.006175 0.006413
v 0.005825 -0.003025 0.006413
v -0.003791 -0.005874 0.005940
v -0.006038 -0.006822 0.000701
v -0.005994 -0.006772 -0.001209
v -0.006053 -0.006838 0.000063
v -0.006038 -0.006822 -0.000574
v 0.008299 -0.000837 0.003782
v 0.008537 -0.000861 -0.003064
v -0.004871 -0.006423 0.004356
v -0.004678 -0.006168 -0.004781
v 0.008537 -0.000861 0.003191
v 0.008734 -0.000881 -0.002457
v 0.004025 -0.002550 0.005937
v 0.007270 -0.001295 0.005437
v 0.007622 -0.001357 -0.004781
v 0.006770 -0.001743 -0.005813
v -0.004004 -0.006204 0.005437
v -0.003791 -0.005874 -0.005813
v -0.005040 -0.006646 0.003782
v -0.004871 -0.006423 -0.004229
v 0.008734 -0.000881 0.002584
v 0.008887 -0.000896 -0.001838
v -0.000847 -0.004679 0.005937
v -0.000847 -0.004679 -0.005810
v -0.001157 -0.005111 0.006413
v 0.004427 -0.002804 0.006413
v -0.001157 -0.005111 -0.006286
v 0.003903 -0.002716 -0.005810
v 0.004427 -0.002804 -0.006286
v 0.008887 -0.000896 0.001965
v 0.008998 -0.000907 -0.001209
v 0.007622 -0.001357 0.004908
v 0.007936 -0.001413 -0.004229
v 0.008998 -0.000907 0.001336
v 0.009064 -0.000914 -0.000574
v -0.005185 -0.006837 0.003191
v -0.005040 -0.006646 -0.003655
v 0.009064 -0.000914 0.000701
v 0.009086 -0.000916 0.000063
v -0.004198 -0.006504 0.004908
v -0.004004 -0.006204 -0.005310
v -0.003336 -0.006144 0.005940
v 0.006770 -0.001743 0.005940
v 0.007151 -0.001841 -0.005310
v -0.005304 -0.006994 0.002584
v -0.005185 -0.006837 -0.003064
v 0.007936 -0.001413 0.004356
v 0.008212 -0.001462 -0.003655
v -0.001270 -0.006440 0.006413
v -0.002226 -0.006175 -0.006286
v -0.005398 -0.007117 0.001965
v -0.005304 -0.006994 -0.002457
v 0.003641 -0.003074 0.005937
v -0.004371 -0.006773 0.004356
v -0.004198 -0.006504 -0.004781
v -0.005465 -0.007206 0.001336
v -0.005398 -0.007117 -0.001838
v 0.006619 -0.002250 -0.005813
v 0.008212 -0.001462 0.003782
v 0.008448 -0.001504 -0.003064
v -0.005505 -0.007259 0.000701
v -0.005465 -0.007206 -0.001209
v 0.007151 -0.001841 0.005437
v 0.007497 -0.001930 -0.004781
v -0.003524 -0.006489 0.005437
v -0.003336 -0.006144 -0.005813
v -0.005519 -0.007277 0.000063
v -0.005505 -0.007259 -0.000574
v -0.000450 -0.005222 0.006413
v 0.004005 -0.003381 0.006413
v -0.000450 -0.005222 -0.006286
v 0.003476 -0.003244 -0.005810
v 0.004005 -0.003381 -0.006286
v 0.008448 -0.001504 0.003191
v 0.008642 -0.001539 -0.002457
v -0.004523 -0.007008 0.003782
v -0.004371 -0.006773 -0.004229
v -0.002862 -0.006379 0.005940
v 0.008642 -0.001539 0.002584
v 0.008794 -0.001566 -0.001838
v 0.007497 -0.001930 0.004908
v 0.007807 -0.002009 -0.004229
v 0.006619 -0.002250 0.005940
v 0.006992 -0.002376 -0.005310
v -0.003694 -0.006803 0.004908
v -0.003524 -0.006489 -0.005310
v -0.004653 -0.007209 0.003191
v -0.004523 -0.007008 -0.003655
v 0.008794 -0.001566 0.001965
v 0.008904 -0.001585 -0.001209
v -0.000173 -0.004751 0.005937
v -0.000173 -0.004751 -0.005810
v 0.008904 -0.001585 0.001336
v 0.008969 -0.001597 -0.000574
v 0.005302 -0.003869 0.006413
v 0.008969 -0.001597 0.000701
v 0.008991 -0.001601 0.000063
v 0.006430 -0.002744 -0.005813
v 0.003507 -0.003895 0.006413
v 0.002979 -0.003705 -0.005810
v 0.007807 -0.002009 0.004356
v 0.008078 -0.002079 -0.003655
v -0.004760 -0.007375 0.002584
v -0.004653 -0.007209 -0.003064
v -0.003023 -0.006737 0.005437
v -0.002862 -0.006379 -0.005813
v -0.003847 -0.007084 0.004356
v -0.003694 -0.006803 -0.004781
v 0.006992 -0.002376 0.005437
v 0.007330 -0.002491 -0.004781
v -0.004844 -0.007505 0.001965
v -0.004760 -0.007375 -0.002457
v 0.008078 -0.002079 0.003782
v 0.008310 -0.002139 -0.003064
v 0.000505 -0.004727 0.005937
v 0.000505 -0.004727 -0.005810
v -0.002371 -0.006577 0.005940
v -0.004904 -0.007598 0.001336
v -0.004844 -0.007505 -0.001838
v 0.000974 -0.005150 0.006413
v 0.002945 -0.004336 0.006413
v 0.000974 -0.005150 -0.006286
v 0.002422 -0.004091 -0.005810
v 0.002945 -0.004336 -0.006286
v -0.004941 -0.007654 0.000701
v -0.004904 -0.007598 -0.001209
v -0.003980 -0.007330 0.003782
v -0.003847 -0.007084 -0.004229
v -0.004953 -0.007673 0.000063
v -0.004941 -0.007654 -0.000574
v 0.006430 -0.002744 0.005940
v 0.006792 -0.002898 -0.005310
v 0.008310 -0.002139 0.003191
v 0.008501 -0.002188 -0.002457
v 0.007330 -0.002491 0.004908
v 0.007633 -0.002594 -0.004229
v -0.003169 -0.007063 0.004908
v -0.003023 -0.006737 -0.005310
v -0.000284 -0.006558 0.006413
v 0.004659 -0.004624 0.006413
v 0.001172 -0.004607 -0.005810
v 0.006205 -0.003222 -0.005813
v 0.001815 -0.004394 -0.005810
v 0.001666 -0.004969 0.006413
v 0.002327 -0.004696 0.006413
v 0.001666 -0.004969 -0.006286
v 0.002327 -0.004696 -0.006286
v 0.008501 -0.002188 0.002584
v 0.008651 -0.002226 -0.001838
v -0.004095 -0.007541 0.003191
v -0.003980 -0.007330 -0.003655
v -0.002505 -0.006947 0.005437
v -0.002371 -0.006577 -0.005813
v 0.008651 -0.002226 0.001965
v 0.008758 -0.002254 -0.001209
v 0.007633 -0.002594 0.004356
v 0.007898 -0.002684 -0.003655
v -0.001867 -0.006737 0.005940
v 0.008758 -0.002254 0.001336
v 0.008823 -0.002271 -0.000574
v 0.006792 -0.002898 0.005437
v 0.007121 -0.003038 -0.004781
v -0.003300 -0.007355 0.004356
v -0.003169 -0.007063 -0.004781
v -0.004189 -0.007714 0.002584
v -0.004095 -0.007541 -0.003064
v 0.008823 -0.002271 0.000701
v 0.008845 -0.002276 0.000063
v 0.000708 -0.006526 0.006413
v 0.003498 -0.005554 0.006413
v 0.003908 -0.005274 -0.006286
v 0.006205 -0.003222 0.005940
v 0.006554 -0.003403 -0.005310
v -0.004263 -0.007850 0.001965
v -0.004189 -0.007714 -0.002457
v 0.007898 -0.002684 0.003782
v 0.008124 -0.002761 -0.003064
v 0.005943 -0.003682 -0.005813
v -0.002626 -0.007283 0.004908
v -0.002505 -0.006947 -0.005310
v -0.003415 -0.007610 0.003782
v -0.003300 -0.007355 -0.004229
v -0.004316 -0.007948 0.001336
v -0.004263 -0.007850 -0.001838
v 0.007121 -0.003038 0.004908
v 0.007415 -0.003164 -0.004229
v 0.001684 -0.006345 0.006413
v 0.008124 -0.002761 0.003191
v 0.008311 -0.002824 -0.002457
v -0.004348 -0.008006 0.000701
v -0.004316 -0.007948 -0.001209
v -0.001972 -0.007116 0.005437
v -0.001867 -0.006737 -0.005813
v -0.001353 -0.006859 0.005940
v -0.004358 -0.008026 0.000063
v -0.004348 -0.008006 -0.000574
v 0.002507 -0.006067 0.006413
v -0.003513 -0.007829 0.003191
v -0.003415 -0.007610 -0.003655
v 0.008311 -0.002824 0.002584
v 0.008458 -0.002874 -0.001838
v 0.006554 -0.003403 0.005437
v 0.006871 -0.003568 -0.004781
v 0.007415 -0.003164 0.004356
v 0.007672 -0.003273 -0.003655
v -0.002735 -0.007583 0.004356
v -0.002626 -0.007283 -0.004781
v 0.005943 -0.003682 0.005940
v 0.005648 -0.004121 -0.005813
v 0.006278 -0.003889 -0.005310
v 0.008458 -0.002874 0.001965
v 0.008563 -0.002910 -0.001209
v -0.003594 -0.008009 0.002584
v -0.003513 -0.007829 -0.003064
v 0.008563 -0.002910 0.001336
v 0.008626 -0.002931 -0.000574
v -0.002068 -0.007461 0.004908
v -0.001972 -0.007116 -0.005310
v -0.000830 -0.006942 0.005940
v -0.001353 -0.006859 -0.005813
v 0.008626 -0.002931 0.000701
v 0.008647 -0.002938 0.000063
v 0.007672 -0.003273 0.003782
v 0.007893 -0.003367 -0.003064
v -0.001429 -0.007245 0.005437
v 0.006871 -0.003568 0.004908
v 0.007154 -0.003715 -0.004229
v -0.003657 -0.008150 0.001965
v -0.003594 -0.008009 -0.002457
v -0.002830 -0.007847 0.003782
v -0.002735 -0.007583 -0.004229
v 0.005648 -0.004121 0.005940
v 0.005320 -0.004536 -0.005813
v -0.003702 -0.008251 0.001336
v -0.003657 -0.008150 -0.001838
v 0.006278 -0.003889 0.005437
v 0.006581 -0.004077 -0.004781
v 0.007893 -0.003367 0.003191
v 0.008074 -0.003445 -0.002457
v 0.005966 -0.004353 -0.005310
v -0.003730 -0.008312 0.000701
v -0.003702 -0.008251 -0.001209
v -0.000303 -0.006985 0.005940
v -0.000830 -0.006942 -0.005813
v -0.002153 -0.007769 0.004356
v -0.002068 -0.007461 -0.004781
v -0.002911 -0.008072 0.003191
v -0.002830 -0.007847 -0.003655
v -0.003739 -0.008333 0.000063
v -0.003730 -0.008312 -0.000574
v 0.007154 -0.003715 0.004356
v 0.007403 -0.003844 -0.003655
v 0.008074 -0.003445 0.002584
v 0.008216 -0.003505 -0.001838
v -0.000877 -0.007333 0.005437
v -0.001429 -0.007245 -0.005310
v -0.001498 -0.007596 0.004908
v 0.005320 -0.004536 0.005940
v 0.004962 -0.004926 -0.005813
v 0.008216 -0.003505 0.001965
v 0.008319 -0.003549 -0.001209
v -0.002978 -0.008258 0.002584
v -0.002911 -0.008072 -0.003064
v 0.006581 -0.004077 0.004908
v 0.006853 -0.004246 -0.004229
v 0.000226 -0.006988 0.005940
v -0.000303 -0.006985 -0.005813
v 0.007403 -0.003844 0.003782
v 0.007615 -0.003955 -0.003064
v 0.008319 -0.003549 0.001336
v 0.008380 -0.003575 -0.000574
v -0.002228 -0.008039 0.003782
v -0.002153 -0.007769 -0.004229
v 0.005966 -0.004353 0.005437
v 0.005620 -0.004791 -0.005310
v 0.006254 -0.004563 -0.004781
v 0.008380 -0.003575 0.000701
v 0.008401 -0.003584 0.000063
v -0.003030 -0.008403 0.001965
v -0.002978 -0.008258 -0.002457
v 0.004962 -0.004926 0.005940
v 0.004576 -0.005287 -0.005813
v -0.000320 -0.007378 0.005437
v -0.000877 -0.007333 -0.005310
v -0.001560 -0.007909 0.004356
v -0.001498 -0.007596 -0.004781
v 0.007615 -0.003955 0.003191
v 0.007791 -0.004046 -0.002457
v -0.003068 -0.008508 0.001336
v -0.003030 -0.008403 -0.001838
v 0.000754 -0.006951 0.005940
v 0.000226 -0.006988 -0.005813
v -0.000919 -0.007687 0.004908
v 0.006853 -0.004246 0.004356
v 0.007091 -0.004393 -0.003655
v -0.002292 -0.008269 0.003191
v -0.002228 -0.008039 -0.003655
v -0.003091 -0.008571 0.000701
v -0.003068 -0.008508 -0.001209
v 0.005620 -0.004791 0.005437
v 0.005241 -0.005203 -0.005310
v 0.004576 -0.005287 0.005940
v 0.004163 -0.005618 -0.005813
v -0.003098 -0.008592 0.000063
v -0.003091 -0.008571 -0.000574
v 0.007791 -0.004046 0.002584
v 0.007928 -0.004117 -0.001838
v 0.006254 -0.004563 0.004908
v 0.006513 -0.004752 -0.004229
v 0.005892 -0.005023 -0.004781
v 0.001277 -0.006874 0.005940
v 0.000754 -0.006951 -0.005813
v 0.000239 -0.007381 0.005437
v -0.000320 -0.007378 -0.005310
v -0.002345 -0.008460 0.002584
v -0.002292 -0.008269 -0.003064
v -0.001614 -0.008184 0.003782
v -0.001560 -0.007909 -0.004229
v 0.004163 -0.005618 0.005940
v 0.003726 -0.005916 -0.005813
v 0.007928 -0.004117 0.001965
v 0.008026 -0.004168 -0.001209
v 0.007091 -0.004393 0.003782
v 0.007295 -0.004519 -0.003064
v 0.001793 -0.006758 0.005940
v 0.001277 -0.006874 -0.005813
v -0.000335 -0.007735 0.004908
v -0.000919 -0.007687 -0.004781
v 0.005241 -0.005203 0.005437
v 0.004833 -0.005584 -0.005310
v -0.000957 -0.008005 0.004356
v 0.008026 -0.004168 0.001336
v 0.008086 -0.004199 -0.000574
v 0.003726 -0.005916 0.005940
v 0.003268 -0.006181 -0.005813
v -0.002386 -0.008609 0.001965
v -0.002345 -0.008460 -0.002457
v 0.008086 -0.004199 0.000701
v 0.008106 -0.004209 0.000063
v 0.002299 -0.006603 0.005940
v 0.001793 -0.006758 -0.005813
v 0.003268 -0.006181 0.005940
v 0.002792 -0.006410 -0.005813
v 0.006513 -0.004752 0.004356
v 0.006739 -0.004917 -0.003655
v 0.000796 -0.007342 0.005437
v 0.000239 -0.007381 -0.005310
v 0.002299 -0.006603 -0.005813
v 0.007295 -0.004519 0.003191
v 0.007463 -0.004623 -0.002457
v 0.002792 -0.006410 0.005940
v 0.005892 -0.005023 0.004908
v 0.005495 -0.005454 -0.004781
v -0.001660 -0.008419 0.003191
v -0.001614 -0.008184 -0.003655
v 0.006135 -0.005231 -0.004229
v -0.002416 -0.008715 0.001336
v -0.002386 -0.008609 -0.001838
v 0.004833 -0.005584 0.005437
v 0.004397 -0.005934 -0.005310
v -0.002434 -0.008780 0.000701
v -0.002416 -0.008715 -0.001209
v 0.000250 -0.007738 0.004908
v -0.000335 -0.007735 -0.004781
v 0.001349 -0.007261 0.005437
v 0.000796 -0.007342 -0.005310
v 0.007463 -0.004623 0.002584
v 0.007594 -0.004704 -0.001838
v -0.000991 -0.008283 0.003782
v -0.000957 -0.008005 -0.004229
v -0.002440 -0.008801 0.000063
v -0.002434 -0.008780 -0.000574
v -0.000349 -0.008054 0.004356
v -0.001699 -0.008613 0.002584
v -0.001660 -0.008419 -0.003064
v 0.006739 -0.004917 0.003782
v 0.006932 -0.005058 -0.003064
v 0.004397 -0.005934 0.005437
v 0.003936 -0.006249 -0.005310
v 0.005495 -0.005454 0.004908
v 0.005067 -0.005854 -0.004781
v 0.007594 -0.004704 0.001965
v 0.007688 -0.004763 -0.001209
v 0.001894 -0.007138 0.005437
v 0.001349 -0.007261 -0.005310
v 0.006135 -0.005231 0.004356
v 0.006348 -0.005412 -0.003655
v 0.003936 -0.006249 0.005437
v 0.003452 -0.006529 -0.005310
v 0.005722 -0.005679 -0.004229
v 0.000835 -0.007697 0.004908
v 0.000250 -0.007738 -0.004781
v 0.007688 -0.004763 0.001336
v 0.007745 -0.004798 -0.000574
v -0.001729 -0.008764 0.001965
v -0.001699 -0.008613 -0.002457
v 0.002428 -0.006975 0.005437
v 0.001894 -0.007138 -0.005310
v -0.001019 -0.008521 0.003191
v -0.000991 -0.008283 -0.003655
v 0.003452 -0.006529 0.005437
v 0.002949 -0.006771 -0.005310
v 0.006932 -0.005058 0.003191
v 0.007092 -0.005174 -0.002457
v 0.007745 -0.004798 0.000701
v 0.007764 -0.004810 0.000063
v 0.002949 -0.006771 0.005437
v 0.002428 -0.006975 -0.005310
v 0.005067 -0.005854 0.004908
v 0.004610 -0.006221 -0.004781
v 0.000261 -0.008058 0.004356
v -0.000349 -0.008054 -0.004229
v -0.000362 -0.008334 0.003782
v -0.001750 -0.008873 0.001336
v -0.001729 -0.008764 -0.001838
v 0.001414 -0.007612 0.004908
v 0.000835 -0.007697 -0.004781
v 0.006348 -0.005412 0.003782
v 0.006530 -0.005568 -0.003064
v 0.007092 -0.005174 0.002584
v 0.007217 -0.005265 -0.001838
v -0.001763 -0.008939 0.000701
v -0.001750 -0.008873 -0.001209
v 0.005722 -0.005679 0.004356
v 0.005276 -0.006096 -0.004229
v -0.001043 -0.008717 0.002584
v -0.001019 -0.008521 -0.003064
v 0.004610 -0.006221 0.004908
v 0.004126 -0.006551 -0.004781
v 0.005921 -0.005877 -0.003655
v -0.001767 -0.008961 0.000063
v -0.001763 -0.008939 -0.000574
v 0.001986 -0.007484 0.004908
v 0.001414 -0.007612 -0.004781
v 0.000869 -0.008015 0.004356
v 0.000261 -0.008058 -0.004229
v 0.007217 -0.005265 0.001965
v 0.007306 -0.005331 -0.001209
v -0.000372 -0.008573 0.003191
v -0.000362 -0.008334 -0.003655
v 0.004126 -0.006551 0.004908
v 0.003619 -0.006845 -0.004781
v 0.000270 -0.008338 0.003782
v -0.001061 -0.008870 0.001965
v -0.001043 -0.008717 -0.002457
v 0.002546 -0.007312 0.004908
v 0.001986 -0.007484 -0.004781
v 0.006530 -0.005568 0.003191
v 0.006680 -0.005696 -0.002457
v 0.007306 -0.005331 0.001336
v 0.007360 -0.005370 -0.000574
v 0.005276 -0.006096 0.004356
v 0.004800 -0.006477 -0.004229
v 0.003619 -0.006845 0.004908
v 0.003091 -0.007099 -0.004781
v 0.003091 -0.007099 0.004908
v 0.002546 -0.007312 -0.004781
v 0.007360 -0.005370 0.000701
v 0.007378 -0.005383 0.000063
v 0.005921 -0.005877 0.003782
v 0.006091 -0.006045 -0.003064
v 0.001473 -0.007926 0.004356
v 0.000869 -0.008015 -0.004229
v 0.005459 -0.006308 -0.003655
v -0.001074 -0.008980 0.001336
v -0.001061 -0.008870 -0.001838
v -0.000381 -0.008771 0.002584
v -0.000372 -0.008573 -0.003064
v 0.006680 -0.005696 0.002584
v 0.006798 -0.005796 -0.001838
v 0.004800 -0.006477 0.004356
v 0.004297 -0.006822 -0.004229
v -0.001082 -0.009047 0.000701
v -0.001074 -0.008980 -0.001209
v 0.000899 -0.008294 0.003782
v 0.000270 -0.008338 -0.003655
v 0.000277 -0.008577 0.003191
v 0.002068 -0.007792 0.004356
v 0.001473 -0.007926 -0.004229
v -0.001085 -0.009069 0.000063
v -0.001082 -0.009047 -0.000574
v 0.006798 -0.005796 0.001965
v 0.006883 -0.005868 -0.001209
v 0.004297 -0.006822 0.004356
v 0.003769 -0.007127 -0.004229
v 0.006091 -0.006045 0.003191
v 0.006231 -0.006184 -0.002457
v 0.005459 -0.006308 0.003782
v 0.004967 -0.006702 -0.003655
v -0.000387 -0.008925 0.001965
v -0.000381 -0.008771 -0.002457
v 0.002651 -0.007614 0.004356
v 0.002068 -0.007792 -0.004229
v 0.005616 -0.006489 -0.003064
v 0.003769 -0.007127 0.004356
v 0.003219 -0.007392 -0.004229
v 0.006883 -0.005868 0.001336
v 0.006933 -0.005911 -0.000574
v 0.003219 -0.007392 0.004356
v 0.002651 -0.007614 -0.004229
v 0.001524 -0.008202 0.003782
v 0.000899 -0.008294 -0.003655
v 0.006933 -0.005911 0.000701
v 0.006950 -0.005926 0.000063
v 0.000284 -0.008774 0.002584
v 0.000277 -0.008577 -0.003064
v -0.000392 -0.009036 0.001336
v -0.000387 -0.008925 -0.001838
v 0.000925 -0.008532 0.003191
v 0.006231 -0.006184 0.002584
v 0.006340 -0.006293 -0.001838
v 0.004967 -0.006702 0.003782
v 0.004446 -0.007059 -0.003655
v 0.002139 -0.008063 0.003782
v 0.001524 -0.008202 -0.003655
v -0.000395 -0.009103 0.000701
v -0.000392 -0.009036 -0.001209
v 0.005616 -0.006489 0.003191
v 0.005745 -0.006638 -0.002457
v 0.005109 -0.006895 -0.003064
v 0.004446 -0.007059 0.003782
v 0.003900 -0.007375 -0.003655
v -0.000396 -0.009125 0.000063
v -0.000395 -0.009103 -0.000574
v 0.006340 -0.006293 0.001965
v 0.006419 -0.006372 -0.001209
v 0.000289 -0.008929 0.001965
v 0.000284 -0.008774 -0.002457
v 0.002743 -0.007878 0.003782
v 0.002139 -0.008063 -0.003655
v 0.001567 -0.008437 0.003191
v 0.000925 -0.008532 -0.003064
v 0.003900 -0.007375 0.003782
v 0.003331 -0.007648 -0.003655
v 0.000946 -0.008728 0.002584
v 0.003331 -0.007648 0.003782
v 0.002743 -0.007878 -0.003655
v 0.006419 -0.006372 0.001336
v 0.006467 -0.006419 -0.000574
v 0.005109 -0.006895 0.003191
v 0.004574 -0.007261 -0.003064
v 0.005745 -0.006638 0.002584
v 0.005846 -0.006755 -0.001838
v 0.000292 -0.009040 0.001336
v 0.000289 -0.008929 -0.001838
v 0.006467 -0.006419 0.000701
v 0.006482 -0.006434 0.000063
v 0.005227 -0.007053 -0.002457
v 0.002201 -0.008295 0.003191
v 0.001567 -0.008437 -0.003064
v 0.000294 -0.009107 0.000701
v 0.000292 -0.009040 -0.001209
v 0.000963 -0.008882 0.001965
v 0.000946 -0.008728 -0.002457
v 0.004574 -0.007261 0.003191
v 0.004011 -0.007586 -0.003064
v 0.005846 -0.006755 0.001965
v 0.005919 -0.006839 -0.001209
v 0.001603 -0.008631 0.002584
v 0.000295 -0.009129 0.000063
v 0.000294 -0.009107 -0.000574
v 0.002822 -0.008104 0.003191
v 0.002201 -0.008295 -0.003064
v 0.004011 -0.007586 0.003191
v 0.003426 -0.007868 -0.003064
v 0.005227 -0.007053 0.002584
v 0.004679 -0.007428 -0.002457
v 0.005319 -0.007178 -0.001838
v 0.003426 -0.007868 0.003191
v 0.002822 -0.008104 -0.003064
v 0.005919 -0.006839 0.001336
v 0.005963 -0.006889 -0.000574
v 0.000975 -0.008992 0.001336
v 0.000963 -0.008882 -0.001838
v 0.002252 -0.008485 0.002584
v 0.001603 -0.008631 -0.002457
v 0.005963 -0.006889 0.000701
v 0.005977 -0.006906 0.000063
v 0.001632 -0.008783 0.001965
v 0.004679 -0.007428 0.002584
v 0.004104 -0.007761 -0.002457
v 0.000982 -0.009058 0.000701
v 0.000975 -0.008992 -0.001209
v 0.005319 -0.007178 0.001965
v 0.005385 -0.007267 -0.001209
v 0.002887 -0.008291 0.002584
v 0.002252 -0.008485 -0.002457
v 0.004761 -0.007559 -0.001838
v 0.000984 -0.009080 0.000063
v 0.000982 -0.009058 -0.000574
v 0.004104 -0.007761 0.002584
v 0.003505 -0.008049 -0.002457
v 0.003505 -0.008049 0.002584
v 0.002887 -0.008291 -0.002457
v 0.001652 -0.008892 0.001336
v 0.001632 -0.008783 -0.001838
v 0.005385 -0.007267 0.001336
v 0.005425 -0.007320 -0.000574
v 0.002291 -0.008635 0.001965
v 0.005425 -0.007320 0.000701
v 0.005438 -0.007338 0.000063
v 0.004761 -0.007559 0.001965
v 0.004176 -0.007898 -0.001838
v 0.004820 -0.007653 -0.001209
v 0.001664 -0.008958 0.000701
v 0.001652 -0.008892 -0.001209
v 0.002937 -0.008437 0.001965
v 0.002291 -0.008635 -0.001838
v 0.004176 -0.007898 0.001965
v 0.003567 -0.008191 -0.001838
v 0.002320 -0.008742 0.001336
v 0.001668 -0.008980 0.000063
v 0.001664 -0.008958 -0.000574
v 0.003567 -0.008191 0.001965
v 0.002937 -0.008437 -0.001838
v 0.004820 -0.007653 0.001336
v 0.004856 -0.007710 -0.000574
v 0.004228 -0.007996 -0.001209
v 0.004856 -0.007710 0.000701
v 0.004868 -0.007729 0.000063
v 0.002337 -0.008807 0.000701
v 0.002320 -0.008742 -0.001209
v 0.002974 -0.008542 0.001336
v 0.004228 -0.007996 0.001336
v 0.003611 -0.008292 -0.001209
v 0.004259 -0.008055 -0.000574
v 0.002342 -0.008828 0.000063
v 0.002337 -0.008807 -0.000574
v 0.003611 -0.008292 0.001336
v 0.002974 -0.008542 -0.001209
v 0.002996 -0.008605 0.000701
v 0.004259 -0.008055 0.000701
v 0.004270 -0.008074 0.000063
v 0.003638 -0.008354 -0.000574
v 0.003638 -0.008354 0.000701
v 0.002996 -0.008605 -0.000574
v 0.003003 -0.008626 0.000063
v 0.003647 -0.008374 0.000063
vn -0.1039 0.7104 -0.6960
vn -0.1852 -0.0765 0.9797
vn 0.0000 0.0000 1.0000
vn 0.1067 -0.0026 0.9943
vn -0.4019 0.6097 -0.6832
vn -0.3292 0.6276 -0.7055
vn 0.0426 -0.0556 0.9975
vn 0.0443 -0.0552 0.9975
vn -0.4558 0.5681 -0.6852
vn -0.2219 0.6933 -0.6856
vn -0.1850 0.7079 -0.6817
vn 0.0885 -0.0292 0.9957
vn 0.0209 -0.0665 0.9976
vn 0.0519 -0.0477 0.9975
vn -0.0964 -0.1022 0.9901
vn -0.4633 0.5654 -0.6824
vn -0.4472 0.5795 -0.6813
vn -0.1009 0.7012 -0.7058
vn 0.1019 0.7073 -0.6995
vn -0.1349 -0.0149 0.9908
vn 0.1317 0.9913 0.0000
vn 0.1323 0.9912 0.0001
vn -0.7932 0.6090 0.0000
vn -0.1616 0.4793 0.8627
vn -0.1959 0.4463 0.8732
vn -0.7930 0.6092 0.0000
vn -0.2229 0.4534 -0.8630
vn -0.1766 0.4543 -0.8732
vn -0.1911 0.4619 0.8661
vn -0.1911 0.4619 -0.8661
vn -0.7928 0.6095 0.0000
vn -0.7929 0.6094 0.0000
vn -0.2695 0.4243 0.8645
vn 0.3092 0.9510 -0.0007
vn 0.1406 0.9894 0.0372
vn -0.1277 0.4844 -0.8655
vn -0.5845 0.4001 -0.7058
vn -0.5203 0.4744 -0.7100
vn 0.0325 0.7259 -0.6871
vn 0.1144 0.7234 -0.6809
vn -0.0111 -0.0702 0.9975
vn -0.0031 -0.0698 0.9976
vn -0.1134 0.4944 0.8618
vn -0.2678 0.4138 -0.8701
vn -0.8123 0.5832 0.0000
vn -0.2387 0.9688 0.0659
vn 0.5048 0.8603 -0.0703
vn -0.1075 0.4686 -0.8768
vn -0.1534 0.0382 0.9874
vn 0.0000 0.0000 -1.0000
vn -0.0789 -0.1772 -0.9810
vn -0.6424 0.2986 -0.7058
vn -0.5935 0.3770 -0.7110
vn 0.1594 0.7079 -0.6881
vn 0.2227 0.6976 -0.6809
vn -0.0216 -0.0678 0.9975
vn -0.0152 -0.0680 0.9976
vn -0.8122 0.5834 0.0000
vn -0.0585 0.9981 -0.0189
vn -0.1048 0.1368 0.9850
vn 0.0263 0.1438 0.9893
vn 0.1102 -0.0588 0.9922
vn -0.0889 0.1712 -0.9812
vn -0.0685 0.2110 -0.9751
vn 0.1320 0.9912 -0.0057
vn -0.7594 0.6506 0.0030
vn -0.7715 0.6363 0.0000
vn 0.7198 0.6933 -0.0354
vn -0.0090 -0.0002 1.0000
vn -0.0733 -0.0235 0.9970
vn 0.0039 0.0878 0.9961
vn -0.0114 0.0871 0.9961
vn -0.0224 0.0674 0.9975
vn -0.0371 0.0707 0.9968
vn -0.3158 0.9488 0.0009
vn -0.4607 0.8876 0.0009
vn -0.4644 0.8856 0.0012
vn -0.2999 0.9540 -0.0000
vn -0.3048 0.9524 0.0000
vn -0.4645 0.8856 0.0000
vn -0.2999 0.9540 -0.0013
vn -0.4607 0.8876 0.0012
vn -0.0571 0.0729 0.9957
vn -0.6083 0.7937 -0.0008
vn -0.6166 0.7873 -0.0002
vn -0.5676 0.2184 0.7938
vn -0.5674 0.8235 -0.0036
vn -0.1299 0.9908 -0.0372
vn -0.6109 0.7917 0.0012
vn -0.6083 0.7937 0.0021
vn -0.1300 0.9915 -0.0021
vn -0.1425 0.9898 0.0009
vn 0.9105 0.4134 0.0000
vn -0.0084 0.0054 1.0000
vn -0.1025 -0.0086 0.9947
vn -0.7716 0.6361 0.0000
vn -0.5138 0.8572 0.0355
vn -0.7927 0.6096 0.0001
vn 0.0646 -0.0418 -0.9970
vn 0.0192 0.0857 -0.9961
vn 0.6117 0.0262 0.7906
vn -0.7366 0.6764 0.0002
vn -0.7343 0.6789 0.0000
vn 0.4977 0.8668 -0.0297
vn 0.0446 0.9990 0.0000
vn -0.7390 0.6738 0.0020
vn -0.7366 0.6764 0.0030
vn 0.0446 0.9990 0.0029
vn 0.0448 0.9990 0.0029
vn -0.6827 0.1888 -0.7059
vn -0.6491 0.2678 -0.7120
vn 0.2510 0.6840 -0.6850
vn 0.2903 0.6710 -0.6823
vn 0.0604 -0.0762 0.9953
vn -0.0267 -0.0644 0.9976
vn -0.7923 0.6101 0.0000
vn 0.1312 0.9913 0.0058
vn 0.3165 0.9484 0.0190
vn -0.0810 0.0337 0.9961
vn -0.2260 0.0073 0.9741
vn -0.1247 -0.0302 -0.9917
vn 0.0336 0.0810 -0.9961
vn -0.7935 0.6086 -0.0001
vn -0.7928 0.6095 0.0001
vn -0.0618 0.0043 -0.9981
vn -0.1211 -0.0317 -0.9921
vn -0.8430 0.5379 0.0000
vn 0.4225 -0.2204 0.8792
vn 0.2342 0.9722 0.0000
vn 0.2181 0.9759 0.0012
vn -0.8441 0.5362 0.0030
vn -0.8430 0.5379 0.0036
vn 0.2181 0.9759 0.0034
vn 0.2197 0.9756 0.0030
vn 0.4907 0.8713 -0.0001
vn -0.7923 0.6101 0.0002
vn -0.3085 0.9504 -0.0404
vn -0.0818 0.9967 0.0009
vn -0.4848 0.1448 0.8626
vn 0.2318 0.4385 -0.8683
vn -0.1966 0.0437 0.9795
vn 0.2177 0.1699 0.9611
vn 0.2254 0.4237 0.8773
vn -0.4334 0.1514 -0.8884
vn -0.1196 0.0498 -0.9916
vn -0.0465 0.0843 -0.9954
vn -0.7240 -0.0946 0.6833
vn -0.9233 0.3840 0.0000
vn -0.9264 0.3765 0.0005
vn 0.0201 0.0485 0.9986
vn 0.3836 0.9235 0.0001
vn 0.3830 0.9238 0.0002
vn -0.9244 0.3814 0.0036
vn -0.9233 0.3840 0.0044
vn 0.3830 0.9237 -0.0047
vn 0.3445 0.9388 0.0035
vn 0.1324 0.9912 -0.0000
vn 0.2501 0.4343 0.8654
vn -0.7927 0.6096 -0.0000
vn -0.4835 0.1315 -0.8654
vn -0.7047 0.0732 -0.7058
vn -0.6849 0.1517 -0.7126
vn 0.3506 0.6157 -0.7057
vn 0.5119 0.4981 -0.6999
vn -0.0755 0.0371 0.9965
vn -0.7926 0.6098 -0.0000
vn -0.4953 0.0978 0.8632
vn 0.1303 0.9915 0.0001
vn 0.2808 0.4209 -0.8625
vn 0.1298 0.9915 0.0000
vn 0.2884 0.3928 0.8732
vn 0.3046 0.3964 0.8660
vn -0.7925 0.6099 0.0000
vn -0.4820 0.0745 -0.8730
vn -0.4955 0.0660 -0.8661
vn 0.4806 0.1987 0.8541
vn -0.9762 0.2169 -0.0004
vn -0.6886 0.7243 -0.0346
vn -0.3479 0.3194 0.8815
vn 0.5232 0.8522 0.0011
vn 0.5382 0.8428 0.0000
vn -0.9763 0.2163 0.0044
vn -0.9762 0.2169 0.0046
vn 0.5382 0.8428 -0.0052
vn 0.4949 0.8689 0.0041
vn -0.9244 -0.3815 0.0000
vn -0.4838 0.0532 0.8736
vn 0.9244 0.3815 0.0000
vn 0.9247 0.3808 0.0001
vn 0.3342 0.3795 0.8627
vn -0.9240 -0.3823 -0.0001
vn -0.5037 0.0353 -0.8631
vn 0.3047 0.3804 -0.8732
vn -0.4973 0.0678 0.8649
vn 0.3040 0.3977 -0.8657
vn 0.0662 0.1082 0.9919
vn -0.7202 -0.1227 -0.6828
vn -0.7071 -0.0432 -0.7058
vn -0.7046 0.0729 -0.7058
vn 0.4868 0.5451 -0.6825
vn 0.4667 0.5650 -0.6804
vn 0.0797 -0.1983 0.9769
vn -0.0479 -0.0522 0.9975
vn -0.9244 -0.3814 -0.0001
vn -0.9243 -0.3817 -0.0000
vn -0.5016 -0.0005 0.8651
vn 0.9240 0.3824 0.0001
vn 0.9767 0.2122 -0.0336
vn 0.3655 0.3429 -0.8654
vn -0.9984 0.0445 -0.0360
vn -0.9240 -0.3824 0.0000
vn 0.6763 0.7366 0.0000
vn -0.9947 0.1029 0.0046
vn -0.9990 0.0445 -0.0054
vn 0.6763 0.7366 0.0048
vn 0.6660 0.7459 0.0085
vn 0.1331 0.1450 0.9804
vn 0.0392 -0.2499 0.9675
vn 0.0276 -0.0381 -0.9989
vn -0.1237 0.0055 -0.9923
vn 0.3662 0.3503 0.8621
vn -0.5059 -0.0109 -0.8625
vn -0.1997 -0.1984 0.9596
vn -0.4231 -0.0404 -0.9052
vn -0.9981 -0.0610 0.0051
vn -0.9242 -0.3819 -0.0000
vn 0.9255 0.3767 -0.0389
vn -0.8271 -0.3417 0.4462
vn -0.9917 -0.1289 0.0000
vn -0.9891 -0.1474 0.0012
vn 0.4838 -0.1620 0.8600
vn 0.4659 -0.4141 0.7820
vn -0.0203 -0.0483 0.9986
vn -0.4225 0.2204 0.8792
vn 0.5671 -0.2183 0.7942
vn 0.0223 -0.0674 0.9975
vn 0.8047 0.5936 0.0000
vn 0.7937 0.6083 0.0015
vn -0.9916 -0.1289 -0.0055
vn -0.2227 -0.0290 0.9745
vn 0.7937 0.6082 0.0048
vn 0.0137 0.0105 0.9999
vn 0.1270 0.1619 0.9786
vn -0.0903 -0.0117 -0.9958
vn 0.0691 0.0169 0.9975
vn -0.7093 -0.1736 -0.6832
vn 0.5681 0.4051 -0.7163
vn 0.6011 0.3748 -0.7058
vn -0.9241 -0.3821 -0.0000
vn 0.9247 0.3788 -0.0387
vn 0.9237 0.3830 0.0065
vn -0.1316 0.0858 0.9876
vn -0.9244 -0.3815 0.0036
vn 0.8324 0.5542 0.0030
vn 0.8141 0.5805 0.0140
vn -0.7215 -0.2371 0.6505
vn -0.9812 0.1931 0.0052
vn -0.9493 -0.3120 0.0388
vn 0.8930 0.4502 -0.0008
vn -0.0036 0.1300 0.9915
vn 0.8873 0.4611 0.0000
vn -0.9645 -0.2640 0.0100
vn -0.9733 0.1909 0.1272
vn -0.0610 0.0120 0.9981
vn 0.8873 0.4611 -0.0057
vn 0.0123 0.0064 0.9999
vn -0.0963 0.0366 -0.9947
vn -0.0131 -0.0042 -0.9999
vn -0.6997 -0.1916 -0.6883
vn -0.9245 -0.3812 0.0001
vn 0.9803 -0.1951 -0.0312
vn -0.6788 -0.2806 -0.6786
vn 0.6547 0.2705 -0.7058
vn -0.9240 -0.3823 -0.0000
vn -0.5554 -0.8310 0.0324
vn -0.8873 -0.4611 0.0000
vn 0.7596 0.5821 0.2901
vn 0.9540 0.2999 0.0000
vn -0.6139 0.2558 0.7468
vn 0.0891 -0.0947 0.9915
vn 0.6599 0.2283 -0.7158
vn 0.9449 0.3270 0.0129
vn -0.0411 -0.0609 0.9973
vn -0.5546 -0.8224 0.1272
vn 0.9540 0.2999 0.0052
vn 0.0058 0.0104 0.9999
vn 0.9366 0.3505 0.0000
vn 0.4198 0.8998 -0.1190
vn -0.9242 -0.3819 0.0001
vn -0.0198 -0.0241 -0.9995
vn -0.0349 -0.0188 -0.9992
vn -0.8779 -0.4788 0.0054
vn -0.6378 -0.3478 -0.6873
vn 0.0857 -0.0783 0.9932
vn -0.6511 -0.3110 -0.6923
vn 0.7260 0.0614 -0.6850
vn -0.0966 0.1593 0.9825
vn -0.0395 -0.0303 0.9988
vn -0.1221 -0.1637 0.9789
vn 0.1115 -0.0947 0.9892
vn -0.0424 -0.1242 -0.9913
vn 0.9113 0.4118 0.0000
vn -0.7937 -0.6083 0.0000
vn 0.9917 0.1289 0.0000
vn -0.7200 0.1603 0.6752
vn 0.0629 -0.1200 0.9908
vn 0.1074 -0.1371 0.9847
vn 0.9182 -0.1220 0.3769
vn 0.6785 -0.1720 0.7142
vn -0.9325 -0.1212 0.3403
vn -0.0699 -0.0091 0.9975
vn -0.0698 -0.0089 0.9975
vn -0.7937 -0.6082 0.0054
vn 0.9916 0.1289 0.0053
vn 0.1710 0.0222 0.9850
vn -0.1416 -0.0511 -0.9886
vn -0.9241 -0.3822 0.0000
vn -0.9238 -0.3829 0.0002
vn 0.9791 0.1995 -0.0391
vn -0.7828 -0.6222 0.0101
vn -0.5476 -0.4353 -0.7146
vn 0.7234 0.0810 -0.6856
vn 0.9937 0.1112 0.0100
vn -0.1274 -0.1387 0.9821
vn -0.0294 0.1870 0.9819
vn 0.1097 0.1140 0.9874
vn -0.3486 -0.3009 -0.8877
vn -0.9246 -0.3810 -0.0001
vn 0.8446 0.5342 -0.0353
vn -0.9241 -0.3821 0.0002
vn -0.3724 -0.3451 0.8615
vn 0.5062 0.0180 -0.8622
vn -0.0373 0.0928 0.9950
vn -0.4927 -0.5397 -0.6827
vn 0.7188 0.0912 -0.6892
vn -0.6763 -0.7366 0.0000
vn -0.9243 -0.3807 -0.0274
vn 0.9985 -0.0555 0.0000
vn 0.0472 0.0514 0.9976
vn 0.9990 -0.0446 0.0008
vn -0.0647 -0.0769 0.9949
vn -0.6763 -0.7366 -0.0054
vn 0.9990 -0.0446 -0.0054
vn 0.9239 0.3826 -0.0001
vn 0.5027 0.0218 0.8642
vn -0.3564 -0.3527 -0.8652
vn -0.6319 -0.7751 0.0046
vn -0.4606 -0.5650 -0.6846
vn 0.7388 -0.0765 -0.6696
vn 0.9947 -0.1030 0.0046
vn -0.3348 -0.3797 0.8624
vn -0.2891 -0.3929 0.8729
vn -0.3046 -0.3964 0.8660
vn 0.4964 -0.0661 0.8656
vn -0.3051 -0.3970 -0.8656
vn 0.5037 -0.0354 -0.8632
vn 0.4809 -0.0765 -0.8735
vn 0.4979 -0.0663 -0.8647
vn -0.5242 -0.4965 -0.6919
vn 0.7142 0.0089 -0.6999
vn -0.8948 -0.4454 -0.0292
vn 0.0621 -0.9975 0.0330
vn 0.9693 -0.2458 -0.0010
vn 0.1410 -0.0692 0.9876
vn -0.1530 0.0750 0.9854
vn 0.9448 0.3253 0.0393
vn 0.2243 0.2134 0.9509
vn 0.0291 0.0846 0.9960
vn -0.5382 -0.8428 0.0046
vn 0.9762 -0.2167 -0.0052
vn 0.1884 -0.0418 0.9812
vn -0.1510 -0.1219 0.9810
vn -0.1011 -0.1616 -0.9817
vn 0.1832 0.0083 -0.9830
vn -0.9247 -0.3808 0.0002
vn 0.9238 0.3829 -0.0001
vn 0.9242 0.3820 0.0000
vn 0.4845 -0.0533 0.8732
vn -0.9242 -0.3820 0.0000
vn -0.3056 -0.3798 -0.8731
vn -0.5384 -0.8427 0.0045
vn -0.3778 -0.5912 -0.7126
vn 0.6827 -0.1891 -0.7058
vn 0.9637 -0.2670 0.0043
vn -0.2495 -0.4347 0.8653
vn -0.2007 -0.4136 0.8880
vn 0.0266 -0.0925 0.9954
vn 0.4959 -0.0997 0.8626
vn 0.4694 -0.1526 0.8697
vn -0.2816 -0.4198 -0.8628
vn -0.2351 -0.4496 -0.8618
vn 0.4594 -0.1412 -0.8769
vn 0.4840 -0.1313 -0.8652
vn -0.1317 -0.9913 0.0000
vn 0.7928 -0.6094 0.0000
vn 0.7924 -0.6100 0.0001
vn -0.1323 -0.9912 0.0001
vn -0.2668 -0.6825 -0.6805
vn 0.6789 -0.2706 -0.6825
vn 0.0672 -0.9972 0.0329
vn -0.3876 -0.9218 0.0002
vn 0.9326 -0.3589 0.0387
vn -0.1625 0.0898 0.9826
vn 0.1233 -0.0681 0.9900
vn 0.6598 -0.7514 0.0000
vn -0.1263 -0.0363 0.9913
vn -0.3830 -0.9237 0.0044
vn -0.0496 -0.1196 0.9916
vn 0.9231 -0.3844 -0.0044
vn 0.0117 -0.0049 0.9999
vn 0.2009 -0.0306 0.9791
vn -0.0192 -0.0474 -0.9987
vn -0.1290 -0.1617 -0.9784
vn -0.3789 -0.9254 0.0056
vn -0.2773 -0.6773 -0.6814
vn 0.6609 -0.3064 -0.6851
vn 0.9072 -0.4206 0.0034
vn -0.1328 -0.9911 0.0003
vn -0.1309 -0.9914 0.0001
vn 0.7930 -0.6093 0.0001
vn 0.7925 -0.6099 -0.0000
vn -0.1311 -0.9914 -0.0001
vn 0.7936 -0.6085 0.0001
vn 0.4912 -0.8682 -0.0706
vn -0.3215 -0.6376 -0.7000
vn 0.6514 -0.3379 -0.6793
vn -0.2169 -0.9762 0.0013
vn -0.2342 -0.9722 0.0000
vn 0.8434 -0.5373 0.0000
vn 0.0853 -0.0149 0.9962
vn -0.1571 -0.0704 0.9851
vn -0.6580 -0.7527 0.0236
vn -0.1045 -0.0666 0.9923
vn -0.0401 -0.0458 0.9981
vn 0.8434 -0.5373 -0.0041
vn 0.0084 -0.0054 0.9999
vn -0.7906 0.6115 0.0311
vn -0.0502 -0.0558 -0.9972
vn -0.1301 -0.9915 -0.0002
vn -0.1836 -0.9707 0.1548
vn -0.1317 -0.6961 -0.7057
vn 0.6014 -0.4123 -0.6843
vn 0.8247 -0.5655 0.0030
vn 0.7902 -0.6117 -0.0376
vn -0.1311 -0.9914 0.0000
vn 0.8937 -0.4486 0.0038
vn -0.0545 -0.7296 -0.6816
vn 0.6372 -0.3248 -0.6990
vn -0.0446 -0.9990 0.0000
vn -0.4981 -0.8666 -0.0297
vn 0.7343 -0.6789 0.0000
vn -0.1142 0.0799 0.9902
vn 0.0031 0.0703 0.9975
vn 0.7360 -0.6770 0.0002
vn 0.4367 -0.8935 0.1047
vn 0.7360 -0.6770 -0.0030
vn 0.0293 -0.0269 0.9992
vn 0.0271 -0.0565 -0.9980
vn 0.0024 -0.0089 -1.0000
vn 0.0073 -0.0068 -0.9999
vn -0.0214 -0.9998 0.0019
vn -0.0157 -0.7335 -0.6795
vn 0.5108 -0.4910 -0.7057
vn 0.7210 -0.6930 0.0019
vn 0.8139 -0.5810 -0.0040
vn -0.1330 -0.9911 0.0000
vn -0.1327 -0.9912 0.0000
vn -0.0968 -0.9908 0.0950
vn -0.0316 -0.7291 -0.6836
vn 0.5109 -0.4907 -0.7058
vn 0.1287 -0.9910 -0.0372
vn 0.5670 -0.8237 -0.0035
vn 0.6166 -0.7873 -0.0003
vn 0.0031 0.0704 0.9975
vn -0.0091 0.0703 0.9975
vn 0.6083 -0.7937 -0.0009
vn 0.1288 -0.9917 0.0019
vn 0.0336 -0.0687 0.9971
vn 0.0067 -0.0513 0.9987
vn 0.6083 -0.7937 -0.0024
vn 0.0358 -0.0041 0.9993
vn 0.0229 -0.1710 -0.9850
vn 0.1035 -0.1011 -0.9895
vn 0.0194 -0.1024 -0.9946
vn 0.0533 -0.0700 -0.9961
vn 0.1267 -0.9919 0.0013
vn 0.0928 -0.7261 -0.6813
vn 0.4232 -0.5681 -0.7058
vn 0.5974 -0.8020 0.0009
vn -0.1308 -0.9914 0.0000
vn 0.9993 0.0055 0.0365
vn -0.1309 -0.9914 0.0000
vn 0.7931 -0.6091 0.0001
vn 0.0785 -0.7241 -0.6852
vn 0.4231 -0.5682 -0.7058
vn 0.2999 -0.9540 0.0001
vn 0.3145 -0.9493 0.0009
vn 0.4644 -0.8856 0.0011
vn -0.0075 0.0696 0.9975
vn -0.0215 0.0683 0.9974
vn 0.4616 -0.8871 0.0009
vn -0.0334 0.0643 0.9974
vn 0.0752 0.0444 0.9962
vn 0.2999 -0.9540 0.0013
vn 0.0843 -0.1958 0.9770
vn 0.0604 -0.1920 0.9795
vn 0.4616 -0.8871 -0.0014
vn -0.0826 -0.1338 -0.9876
vn 0.0357 0.1211 -0.9920
vn 0.2952 -0.9554 0.0000
vn 0.2171 -0.7027 -0.6776
vn 0.2515 -0.6684 -0.7000
vn 0.3381 -0.6583 -0.6725
vn 0.4569 -0.8895 0.0000
vn -0.0179 0.0672 0.9976
vn 0.1867 -0.7023 -0.6869
vn -0.2476 0.0957 0.9641
vn -0.1310 -0.9914 0.0000
vn 0.6273 -0.7787 0.0144
vn 0.9653 -0.2514 0.0705
vn -0.1313 -0.9913 -0.0000
vn 0.5133 -0.8556 -0.0660
vn 0.2547 -0.4074 0.8770
vn 0.1625 -0.4790 0.8627
vn 0.1957 -0.4471 0.8728
vn 0.1911 -0.4619 0.8661
vn 0.1183 -0.4930 0.8620
vn 0.2516 -0.4333 0.8654
vn 0.1922 -0.4645 -0.8645
vn 0.1082 -0.4912 -0.8643
vn 0.2230 -0.4538 -0.8627
vn 0.1744 -0.4547 -0.8734
vn 0.2689 -0.4301 -0.8618
vn -0.1316 -0.9913 -0.0000
vn 0.7979 -0.6016 -0.0374
vn -0.1319 -0.9913 -0.0001
vn 0.8906 -0.4548 0.0007
vn -0.1305 -0.9914 -0.0001
vn 0.7928 -0.6095 -0.0001
vn -0.3986 0.9161 0.0424
vn -0.4071 0.9127 0.0350
vn -0.4071 0.9127 -0.0350
vn -0.3986 0.9161 -0.0425
vn -0.3378 0.9405 0.0361
vn -0.3279 0.9445 0.0217
vn -0.3379 0.9409 -0.0247
vn -0.4671 0.8835 0.0350
vn -0.4671 0.8835 -0.0358
vn -0.4677 0.8832 -0.0351
vn -0.3262 0.9397 0.1030
vn -0.3271 0.9392 0.1041
vn -0.3968 0.9120 0.1040
vn -0.3277 0.9441 -0.0362
vn -0.3262 0.9396 -0.1041
vn -0.3983 0.9114 -0.1040
vn -0.3968 0.9118 -0.1057
vn -0.3982 0.9112 0.1057
vn -0.4653 0.8788 0.1057
vn -0.4677 0.8832 0.0357
vn -0.4649 0.8790 -0.1057
vn -0.4654 0.8789 -0.1052
vn -0.2560 0.9660 0.0353
vn -0.2567 0.9658 0.0361
vn -0.2560 0.9660 -0.0362
vn -0.2554 0.9612 0.1044
vn -0.2542 0.9616 0.1030
vn -0.2567 0.9658 -0.0354
vn -0.2555 0.9613 -0.1030
vn -0.3272 0.9393 -0.1030
vn -0.5332 0.8453 0.0357
vn -0.5332 0.8453 -0.0348
vn -0.5324 0.8457 -0.0357
vn -0.3238 0.9298 0.1752
vn -0.3232 0.9301 0.1743
vn -0.3943 0.9023 0.1743
vn -0.3239 0.9299 -0.1743
vn -0.3937 0.9026 -0.1743
vn -0.3944 0.9024 -0.1736
vn -0.4650 0.8791 0.1052
vn -0.5298 0.8416 0.1052
vn -0.5324 0.8458 0.0347
vn -0.5293 0.8419 -0.1052
vn -0.5298 0.8416 -0.1046
vn -0.3937 0.9027 0.1736
vn -0.4605 0.8706 0.1735
vn -0.4601 0.8707 -0.1735
vn -0.4605 0.8706 -0.1731
vn -0.2517 0.9522 0.1731
vn -0.2535 0.9514 0.1751
vn -0.2542 0.9615 -0.1044
vn -0.2516 0.9519 -0.1751
vn -0.3231 0.9300 -0.1752
vn -0.1821 0.9827 0.0347
vn -0.1826 0.9826 0.0353
vn -0.1821 0.9826 -0.0354
vn -0.1817 0.9778 0.1045
vn -0.1816 0.9778 0.1044
vn -0.1826 0.9826 -0.0348
vn -0.1817 0.9778 -0.1044
vn -0.4602 0.8708 0.1731
vn -0.5242 0.8338 0.1731
vn -0.5293 0.8420 0.1046
vn -0.5246 0.8336 -0.1731
vn -0.5241 0.8337 -0.1736
vn -0.5948 0.8031 0.0348
vn -0.5947 0.8031 -0.0358
vn -0.5955 0.8026 -0.0348
vn -0.3185 0.9168 0.2409
vn -0.3199 0.9159 0.2425
vn -0.3879 0.8892 0.2426
vn -0.3184 0.9164 -0.2425
vn -0.3871 0.8896 -0.2426
vn -0.3880 0.8894 -0.2417
vn -0.3872 0.8898 0.2417
vn -0.4534 0.8579 0.2417
vn -0.4531 0.8580 -0.2417
vn -0.4534 0.8580 -0.2415
vn -0.5925 0.7987 0.1046
vn -0.5954 0.8026 0.0357
vn -0.5925 0.7987 -0.1046
vn -0.1798 0.9682 0.1739
vn -0.1791 0.9685 0.1731
vn -0.1816 0.9778 -0.1045
vn -0.1799 0.9683 -0.1731
vn -0.2536 0.9517 -0.1731
vn -0.2498 0.9375 0.2424
vn -0.2484 0.9382 0.2409
vn -0.2499 0.9378 -0.2409
vn -0.3200 0.9163 -0.2409
vn -0.1085 0.9934 0.0360
vn -0.1073 0.9936 0.0348
vn -0.1085 0.9935 -0.0348
vn -0.4532 0.8581 0.2415
vn -0.5169 0.8213 0.2416
vn -0.5246 0.8335 0.1736
vn -0.5182 0.8204 -0.2416
vn -0.5167 0.8209 -0.2432
vn -0.5867 0.7910 0.1735
vn -0.5860 0.7915 -0.1735
vn -0.5869 0.7911 -0.1725
vn -0.1068 0.9889 0.1036
vn -0.1076 0.9887 0.1045
vn -0.1073 0.9936 -0.0360
vn -0.1068 0.9888 -0.1044
vn -0.1765 0.9541 0.2421
vn -0.1768 0.9539 0.2424
vn -0.1791 0.9683 -0.1739
vn -0.1765 0.9540 -0.2424
vn -0.2483 0.9378 -0.2424
vn -0.3136 0.8977 0.3095
vn -0.3134 0.8978 0.3093
vn -0.3794 0.8720 0.3093
vn -0.3136 0.8978 -0.3093
vn -0.3790 0.8722 -0.3093
vn -0.3795 0.8721 -0.3089
vn -0.1065 0.9789 0.1741
vn -0.1063 0.9790 0.1739
vn -0.1076 0.9888 -0.1036
vn -0.1065 0.9790 -0.1739
vn -0.6550 0.7548 0.0357
vn -0.6550 0.7548 -0.0344
vn -0.6541 0.7556 -0.0357
vn -0.3791 0.8723 0.3089
vn -0.4442 0.8410 0.3088
vn -0.4440 0.8411 -0.3088
vn -0.4442 0.8411 -0.3087
vn -0.6509 0.7519 0.1046
vn -0.6541 0.7556 0.0343
vn -0.6506 0.7522 -0.1046
vn -0.6509 0.7520 -0.1042
vn -0.5180 0.8201 0.2432
vn -0.5771 0.7796 0.2433
vn -0.5861 0.7917 0.1725
vn -0.5768 0.7798 -0.2433
vn -0.5772 0.7797 -0.2429
vn -0.2434 0.9192 0.3095
vn -0.2434 0.9192 -0.3095
vn -0.3134 0.8978 -0.3095
vn -0.4440 0.8412 0.3087
vn -0.5080 0.8042 0.3086
vn -0.5082 0.8041 -0.3086
vn -0.5079 0.8041 -0.3088
vn -0.6443 0.7450 0.1725
vn -0.6506 0.7522 0.1042
vn -0.6452 0.7443 -0.1725
vn -0.6442 0.7449 -0.1738
vn -0.0318 0.9989 0.0344
vn -0.0333 0.9988 0.0361
vn -0.0318 0.9988 -0.0361
vn -0.1048 0.9646 0.2419
vn -0.1051 0.9645 0.2421
vn -0.1063 0.9790 -0.1741
vn -0.1048 0.9646 -0.2421
vn -0.1768 0.9540 -0.2421
vn -0.1733 0.9352 0.3087
vn -0.1741 0.9348 0.3096
vn -0.1732 0.9350 -0.3096
vn -0.0332 0.9939 0.1049
vn -0.0320 0.9941 0.1036
vn -0.0333 0.9988 -0.0345
vn -0.0332 0.9941 -0.1036
vn -0.5082 0.8040 0.3088
vn -0.5656 0.7647 0.3088
vn -0.5769 0.7799 0.2429
vn -0.5655 0.7648 -0.3088
vn -0.5657 0.7647 -0.3086
vn -0.0317 0.9843 0.1736
vn -0.0321 0.9842 0.1741
vn -0.0320 0.9940 -0.1049
vn -0.0317 0.9842 -0.1741
vn -0.3055 0.8751 0.3753
vn -0.3054 0.8752 0.3752
vn -0.3694 0.8502 0.3752
vn -0.3055 0.8752 -0.3752
vn -0.3699 0.8499 -0.3752
vn -0.3694 0.8500 -0.3756
vn -0.6354 0.7330 0.2429
vn -0.6451 0.7441 0.1738
vn -0.6353 0.7331 -0.2429
vn -0.6355 0.7330 -0.2426
vn -0.3698 0.8498 0.3757
vn -0.4326 0.8196 0.3757
vn -0.4331 0.8193 -0.3757
vn -0.4325 0.8194 -0.3762
vn -0.7089 0.7045 0.0343
vn -0.7089 0.7045 -0.0344
vn -0.2373 0.8963 0.3746
vn -0.2379 0.8958 0.3753
vn -0.2372 0.8960 -0.3753
vn -0.3054 0.8751 -0.3753
vn -0.7054 0.7011 0.1041
vn -0.7054 0.7011 -0.1041
vn -0.1030 0.9455 0.3091
vn -0.1026 0.9456 0.3087
vn -0.1051 0.9646 -0.2418
vn -0.1030 0.9456 -0.3087
vn -0.1741 0.9351 -0.3087
vn -0.4330 0.8191 0.3762
vn -0.4950 0.7832 0.3762
vn -0.4934 0.7842 -0.3762
vn -0.4954 0.7838 -0.3744
vn -0.0316 0.9696 0.2427
vn -0.0307 0.9698 0.2418
vn -0.0321 0.9843 -0.1736
vn -0.0316 0.9698 -0.2418
vn -0.6985 0.6942 0.1738
vn -0.6993 0.6934 -0.1738
vn -0.6984 0.6940 -0.1749
vn -0.1697 0.9112 0.3754
vn -0.1688 0.9117 0.3746
vn -0.1698 0.9115 -0.3746
vn -0.2380 0.8961 -0.3746
vn -0.5655 0.7648 0.3086
vn -0.6229 0.7189 0.3086
vn -0.6353 0.7332 0.2426
vn -0.6225 0.7192 -0.3086
vn -0.6230 0.7190 -0.3081
vn 0.0433 0.9985 0.0346
vn 0.0435 0.9985 0.0344
vn 0.0433 0.9985 -0.0345
vn 0.0433 0.9935 0.1052
vn 0.0436 0.9935 0.1048
vn 0.0435 0.9985 -0.0346
vn 0.0433 0.9935 -0.1048
vn -0.4938 0.7848 0.3744
vn -0.5513 0.7456 0.3744
vn -0.5523 0.7448 -0.3744
vn -0.5510 0.7452 -0.3756
vn -0.6888 0.6831 0.2427
vn -0.6991 0.6933 0.1749
vn -0.6882 0.6838 -0.2427
vn -0.6890 0.6833 -0.2417
vn -0.2961 0.8485 0.4385
vn -0.2961 0.8486 0.4385
vn -0.3587 0.8241 0.4385
vn -0.2961 0.8486 -0.4385
vn -0.3583 0.8242 -0.4385
vn -0.3587 0.8242 -0.4381
vn 0.0431 0.9838 0.1742
vn 0.0437 0.9838 0.1737
vn 0.0436 0.9935 -0.1052
vn 0.0432 0.9839 -0.1737
vn -0.3584 0.8244 0.4381
vn -0.4201 0.7947 0.4382
vn -0.4196 0.7950 -0.4382
vn -0.4202 0.7949 -0.4376
vn -0.0301 0.9507 0.3085
vn -0.0308 0.9505 0.3091
vn -0.0307 0.9696 -0.2427
vn -0.0301 0.9505 -0.3091
vn -0.1026 0.9455 -0.3091
vn -0.1000 0.9214 0.3755
vn -0.0999 0.9214 0.3754
vn -0.1000 0.9214 -0.3754
vn -0.1688 0.9113 -0.3755
vn -0.2306 0.8682 0.4394
vn -0.2297 0.8689 0.4385
vn -0.2307 0.8686 -0.4385
vn -0.7601 0.6489 0.0343
vn -0.7601 0.6488 -0.0357
vn -0.7610 0.6479 -0.0344
vn -0.4197 0.7952 0.4376
vn -0.4789 0.7610 0.4376
vn -0.4792 0.7608 -0.4376
vn -0.4788 0.7609 -0.4380
vn -0.7573 0.6448 0.1041
vn -0.7609 0.6479 0.0357
vn -0.7570 0.6451 -0.1041
vn -0.7573 0.6448 -0.1036
vn -0.5521 0.7444 0.3757
vn -0.6065 0.7007 0.3757
vn -0.6226 0.7193 0.3081
vn -0.6066 0.7006 -0.3757
vn -0.6065 0.7007 -0.3758
vn 0.0430 0.9693 0.2421
vn 0.0423 0.9692 0.2427
vn 0.0437 0.9837 -0.1742
vn 0.0430 0.9691 -0.2427
vn -0.1637 0.8840 0.4380
vn -0.1651 0.8830 0.4393
vn -0.1636 0.8833 -0.4393
vn -0.2296 0.8685 -0.4394
vn -0.6749 0.6706 0.3081
vn -0.6883 0.6839 0.2417
vn -0.6756 0.6698 -0.3080
vn -0.6746 0.6703 -0.3091
vn -0.7494 0.6386 0.1749
vn -0.7570 0.6451 0.1036
vn -0.7494 0.6386 -0.1749
vn -0.4791 0.7607 0.4380
vn -0.5355 0.7221 0.4380
vn -0.5361 0.7217 -0.4380
vn -0.5353 0.7218 -0.4386
vn -0.0300 0.9261 0.3760
vn -0.0294 0.9264 0.3755
vn -0.0308 0.9507 -0.3085
vn -0.0300 0.9263 -0.3755
vn -0.0999 0.9214 -0.3755
vn 0.1186 0.9923 0.0348
vn 0.1188 0.9923 0.0346
vn 0.1186 0.9923 -0.0346
vn 0.1182 0.9875 0.1047
vn 0.1178 0.9875 0.1051
vn 0.1188 0.9923 -0.0348
vn 0.1182 0.9874 -0.1051
vn -0.7386 0.6294 0.2418
vn -0.7387 0.6292 -0.2418
vn -0.7385 0.6293 -0.2420
vn 0.0415 0.9500 0.3094
vn 0.0425 0.9503 0.3085
vn 0.0423 0.9693 -0.2420
vn 0.0415 0.9503 -0.3085
vn -0.0969 0.8938 0.4378
vn -0.0972 0.8937 0.4380
vn -0.0969 0.8937 -0.4380
vn -0.1652 0.8837 -0.4380
vn -0.2853 0.8175 0.5003
vn -0.2849 0.8179 0.4999
vn -0.3453 0.7943 0.4999
vn -0.2853 0.8177 -0.4999
vn -0.3460 0.7940 -0.4999
vn -0.3451 0.7940 -0.5005
vn 0.1166 0.9778 0.1741
vn 0.1166 0.9778 0.1742
vn 0.1178 0.9875 -0.1047
vn 0.1166 0.9778 -0.1742
vn -0.3458 0.7936 0.5005
vn -0.4041 0.7656 0.5005
vn -0.4048 0.7653 -0.5005
vn -0.4039 0.7653 -0.5011
vn -0.6066 0.7006 0.3758
vn -0.6581 0.6524 0.3758
vn -0.6754 0.6695 0.3091
vn -0.6575 0.6531 -0.3758
vn -0.6584 0.6527 -0.3750
vn -0.2214 0.8373 0.4998
vn -0.2218 0.8370 0.5002
vn -0.2213 0.8371 -0.5002
vn -0.2849 0.8177 -0.5003
vn -0.5359 0.7214 0.4386
vn -0.5883 0.6794 0.4386
vn -0.5881 0.6795 -0.4386
vn -0.5883 0.6795 -0.4384
vn -0.4046 0.7649 0.5011
vn -0.4612 0.7322 0.5011
vn -0.4614 0.7321 -0.5011
vn -0.4611 0.7321 -0.5013
vn -0.8074 0.5889 0.0357
vn -0.8074 0.5889 -0.0361
vn -0.8076 0.5887 -0.0358
vn -0.7240 0.6167 0.3091
vn -0.7386 0.6292 0.2420
vn -0.7238 0.6169 -0.3091
vn -0.7241 0.6167 -0.3088
vn 0.1149 0.9633 0.2426
vn 0.1153 0.9634 0.2421
vn 0.1166 0.9778 -0.1741
vn 0.1149 0.9634 -0.2421
vn -0.8038 0.5859 0.1036
vn -0.8076 0.5887 0.0360
vn -0.8038 0.5858 -0.1036
vn -0.8037 0.5859 -0.1038
vn -0.1591 0.8509 0.5007
vn -0.1582 0.8516 0.4998
vn -0.1592 0.8514 -0.4998
vn -0.2219 0.8372 -0.4998
vn -0.0285 0.8984 0.4382
vn -0.0280 0.8986 0.4378
vn -0.0294 0.9261 -0.3760
vn -0.0285 0.8986 -0.4378
vn -0.0972 0.8938 -0.4378
vn 0.0414 0.9264 0.3744
vn 0.0396 0.9258 0.3760
vn 0.0424 0.9500 -0.3094
vn 0.0414 0.9257 -0.3760
vn -0.7957 0.5799 0.1749
vn -0.8038 0.5858 0.1038
vn -0.7949 0.5809 -0.1749
vn -0.7959 0.5800 -0.1736
vn -0.4614 0.7320 0.5014
vn -0.5160 0.6946 0.5014
vn -0.5151 0.6952 -0.5014
vn -0.5162 0.6950 -0.5005
vn -0.0936 0.8604 0.5010
vn -0.0932 0.8606 0.5006
vn -0.0936 0.8606 -0.5006
vn -0.1581 0.8511 -0.5007
vn 0.1130 0.9443 0.3091
vn 0.1127 0.9442 0.3094
vn 0.1153 0.9633 -0.2426
vn 0.1130 0.9442 -0.3094
vn -0.5882 0.6796 0.4384
vn -0.6377 0.6334 0.4384
vn -0.6577 0.6533 0.3749
vn -0.6377 0.6333 -0.4384
vn -0.6376 0.6334 -0.4385
vn -0.7834 0.5725 0.2419
vn -0.7951 0.5811 0.1736
vn -0.7832 0.5728 -0.2419
vn -0.7835 0.5725 -0.2416
vn 0.1938 0.9804 0.0353
vn 0.1943 0.9803 0.0347
vn 0.1938 0.9804 -0.0348
vn -0.7056 0.6013 0.3749
vn -0.7239 0.6169 0.3088
vn -0.7056 0.6013 -0.3749
vn -0.7056 0.6013 -0.3750
vn 0.1934 0.9755 0.1047
vn 0.1943 0.9803 -0.0354
vn 0.1934 0.9755 -0.1047
vn -0.2727 0.7826 0.5596
vn -0.3311 0.7598 0.5596
vn -0.2726 0.7826 -0.5596
vn -0.3309 0.7598 -0.5596
vn -0.3311 0.7598 -0.5595
vn -0.5154 0.6956 0.5005
vn -0.5665 0.6546 0.5005
vn -0.5662 0.6549 -0.5006
vn -0.5667 0.6547 -0.5002
vn -0.3310 0.7599 0.5595
vn -0.3875 0.7326 0.5595
vn -0.3872 0.7328 -0.5595
vn -0.3876 0.7328 -0.5592
vn 0.1915 0.9660 0.1735
vn 0.1909 0.9661 0.1741
vn 0.1915 0.9659 -0.1741
vn -0.2123 0.8010 0.5598
vn -0.2121 0.8011 0.5596
vn -0.2123 0.8011 -0.5596
vn -0.2727 0.7826 -0.5596
vn 0.0384 0.8981 0.4381
vn 0.0383 0.8981 0.4382
vn 0.0396 0.9264 -0.3744
vn 0.0384 0.8981 -0.4382
vn -0.0280 0.8985 -0.4382
vn -0.3873 0.7330 0.5592
vn -0.4420 0.7013 0.5592
vn -0.4426 0.7010 -0.5592
vn -0.4419 0.7011 -0.5597
vn -0.7677 0.5615 0.3089
vn -0.7833 0.5728 0.2416
vn -0.7684 0.5605 -0.3089
vn -0.7674 0.5612 -0.3100
vn -0.0270 0.8655 0.5001
vn -0.0280 0.8650 0.5010
vn -0.0270 0.8650 -0.5010
vn -0.0931 0.8604 -0.5010
vn 0.1099 0.9206 0.3747
vn 0.1103 0.9207 0.3743
vn 0.1127 0.9443 -0.3091
vn 0.1099 0.9208 -0.3743
vn -0.1513 0.8146 0.5600
vn -0.1511 0.8147 0.5598
vn -0.1513 0.8147 -0.5598
vn -0.2121 0.8010 -0.5598
vn 0.1881 0.9520 0.2416
vn 0.1872 0.9519 0.2425
vn 0.1909 0.9662 -0.1735
vn 0.1881 0.9517 -0.2425
vn -0.8497 0.5260 0.0360
vn -0.8497 0.5260 -0.0358
vn -0.8496 0.5263 -0.0361
vn -0.8455 0.5238 0.1038
vn -0.8496 0.5263 0.0357
vn -0.8459 0.5232 -0.1037
vn -0.8455 0.5237 -0.1044
vn -0.4424 0.7007 0.5597
vn -0.4934 0.6658 0.5597
vn -0.4937 0.6656 -0.5597
vn -0.4933 0.6657 -0.5600
vn -0.6377 0.6333 0.4385
vn -0.6841 0.5829 0.4385
vn -0.7056 0.6012 0.3750
vn -0.6844 0.5826 -0.4385
vn -0.6840 0.5828 -0.4388
vn -0.5663 0.6551 0.5002
vn -0.6144 0.6102 0.5002
vn -0.6152 0.6093 -0.5002
vn -0.6140 0.6098 -0.5011
vn -0.8375 0.5181 0.1736
vn -0.8458 0.5232 0.1044
vn -0.8373 0.5184 -0.1736
vn -0.8376 0.5181 -0.1731
vn -0.0892 0.8236 0.5601
vn -0.0890 0.8237 0.5600
vn -0.0892 0.8237 -0.5600
vn -0.1511 0.8146 -0.5600
vn 0.1835 0.9333 0.3088
vn 0.1831 0.9332 0.3092
vn 0.1872 0.9521 -0.2416
vn 0.1835 0.9331 -0.3091
vn -0.7489 0.5463 0.3750
vn -0.7681 0.5603 0.3100
vn -0.7489 0.5463 -0.3750
vn -0.7489 0.5463 -0.3751
vn -0.8251 0.5108 0.2416
vn -0.8374 0.5185 0.1731
vn -0.8256 0.5100 -0.2416
vn -0.8248 0.5107 -0.2426
vn 0.0368 0.8645 0.5013
vn 0.0385 0.8651 0.5000
vn 0.0383 0.8981 -0.4381
vn 0.0369 0.8652 -0.5001
vn -0.0281 0.8655 -0.5001
vn -0.4935 0.6655 0.5600
vn -0.5419 0.6267 0.5600
vn -0.5412 0.6273 -0.5600
vn -0.5421 0.6270 -0.5594
vn 0.1069 0.8922 0.4388
vn 0.1077 0.8925 0.4381
vn 0.1103 0.9206 -0.3747
vn 0.1069 0.8925 -0.4381
vn 0.2675 0.9629 0.0346
vn 0.2669 0.9631 0.0353
vn 0.2675 0.9629 -0.0354
vn 0.2656 0.9584 0.1050
vn 0.2657 0.9583 0.1048
vn 0.2669 0.9631 -0.0347
vn 0.2656 0.9584 -0.1048
vn -0.2593 0.7442 0.6156
vn -0.2595 0.7441 0.6157
vn -0.3146 0.7224 0.6157
vn -0.2593 0.7441 -0.6157
vn -0.3143 0.7225 -0.6157
vn -0.3147 0.7226 -0.6155
vn -0.3144 0.7227 0.6155
vn -0.3682 0.6968 0.6156
vn -0.3690 0.6964 -0.6155
vn -0.3679 0.6964 -0.6162
vn -0.2016 0.7614 0.6161
vn -0.2009 0.7620 0.6156
vn -0.2017 0.7618 -0.6156
vn -0.2595 0.7441 -0.6156
vn -0.0268 0.8279 0.5602
vn -0.0267 0.8280 0.5601
vn -0.0268 0.8280 -0.5601
vn -0.0890 0.8237 -0.5601
vn 0.2631 0.9489 0.1741
vn 0.2638 0.9489 0.1734
vn 0.2657 0.9583 -0.1050
vn 0.2631 0.9490 -0.1734
vn 0.1785 0.9095 0.3755
vn 0.1793 0.9096 0.3748
vn 0.1831 0.9333 -0.3088
vn 0.1785 0.9098 -0.3748
vn -0.3688 0.6959 0.6162
vn -0.4205 0.6660 0.6162
vn -0.4202 0.6661 -0.6162
vn -0.4205 0.6661 -0.6160
vn -0.8089 0.4997 0.3099
vn -0.8254 0.5098 0.2426
vn -0.8082 0.5007 -0.3099
vn -0.8092 0.4999 -0.3087
vn -0.6149 0.6089 0.5012
vn -0.6589 0.5609 0.5012
vn -0.6842 0.5825 0.4388
vn -0.6587 0.5612 -0.5012
vn -0.6590 0.5610 -0.5009
vn -0.1437 0.7749 0.6155
vn -0.1444 0.7743 0.6161
vn -0.1436 0.7745 -0.6161
vn -0.2008 0.7616 -0.6162
vn -0.7260 0.5295 0.4388
vn -0.7489 0.5463 0.3751
vn -0.7257 0.5299 -0.4388
vn -0.7261 0.5297 -0.4384
vn 0.2599 0.9349 0.2417
vn 0.2600 0.9349 0.2417
vn 0.2638 0.9487 -0.1741
vn 0.2599 0.9349 -0.2417
vn -0.5415 0.6276 0.5594
vn -0.5889 0.5833 0.5594
vn -0.5891 0.5831 -0.5594
vn -0.5889 0.5832 -0.5596
vn -0.4203 0.6663 0.6160
vn -0.4693 0.6328 0.6160
vn -0.4691 0.6329 -0.6160
vn -0.4694 0.6329 -0.6158
vn -0.8871 0.4602 0.0357
vn -0.8871 0.4602 -0.0351
vn -0.8868 0.4608 -0.0358
vn -0.8825 0.4586 0.1044
vn -0.8868 0.4608 0.0350
vn -0.8827 0.4581 -0.1044
vn -0.8825 0.4585 -0.1050
vn 0.1037 0.8598 0.5000
vn 0.1020 0.8592 0.5013
vn 0.1076 0.8921 -0.4388
vn 0.1037 0.8590 -0.5013
vn 0.0384 0.8644 -0.5013
vn -0.0847 0.7836 0.6154
vn -0.0849 0.7835 0.6156
vn -0.0847 0.7835 -0.6156
vn -0.1445 0.7747 -0.6155
vn -0.7880 0.4882 0.3752
vn -0.8086 0.5010 0.3087
vn -0.7884 0.4875 -0.3752
vn -0.7877 0.4880 -0.3760
vn 0.0368 0.8281 0.5593
vn 0.0356 0.8276 0.5602
vn 0.0368 0.8276 -0.5602
vn -0.0267 0.8279 -0.5602
vn -0.8742 0.4537 0.1731
vn -0.8827 0.4581 0.1050
vn -0.8744 0.4532 -0.1731
vn -0.8741 0.4536 -0.1736
vn 0.2548 0.9163 0.3090
vn 0.2551 0.9163 0.3087
vn 0.2600 0.9349 -0.2417
vn 0.2549 0.9164 -0.3087
vn 0.1738 0.8817 0.4387
vn 0.1737 0.8816 0.4388
vn 0.1792 0.9093 -0.3755
vn 0.1738 0.8816 -0.4388
vn -0.4692 0.6330 0.6158
vn -0.5147 0.5965 0.6158
vn -0.5155 0.5959 -0.6158
vn -0.5144 0.5961 -0.6164
vn -0.8613 0.4464 0.2427
vn -0.8743 0.4532 0.1736
vn -0.8612 0.4466 -0.2427
vn -0.8613 0.4465 -0.2424
vn -0.6588 0.5613 0.5009
vn -0.6990 0.5104 0.5009
vn -0.7259 0.5300 0.4384
vn -0.6985 0.5110 -0.5009
vn -0.6992 0.5106 -0.5003
vn -0.5890 0.5831 0.5596
vn -0.6309 0.5375 0.5595
vn -0.6302 0.5383 -0.5596
vn -0.6312 0.5378 -0.5588
vn -0.0254 0.7878 0.6154
vn -0.0254 0.7878 -0.6154
vn -0.0849 0.7836 -0.6154
vn -0.2650 0.6771 0.6865
vn -0.2442 0.7004 0.6707
vn -0.2959 0.6801 0.6707
vn -0.2669 0.7655 -0.5855
vn -0.3258 0.7489 -0.5771
vn 0.3385 0.9403 0.0352
vn 0.3390 0.9402 0.0347
vn 0.3385 0.9403 -0.0347
vn -0.3473 0.6554 0.6707
vn -0.4214 0.6572 -0.6250
vn -0.3343 0.6309 -0.7001
vn 0.3373 0.9356 0.1046
vn 0.3371 0.9356 0.1049
vn 0.3390 0.9401 -0.0352
vn 0.3373 0.9355 -0.1049
vn 0.2486 0.8931 0.3748
vn 0.2478 0.8930 0.3756
vn 0.2551 0.9162 -0.3090
vn 0.2486 0.8928 -0.3756
vn -0.1891 0.7173 0.6706
vn -0.1891 0.7173 -0.6706
vn -0.1190 0.7351 -0.6674
vn -0.7645 0.4727 0.4383
vn -0.7881 0.4873 0.3760
vn -0.7640 0.4735 -0.4383
vn -0.7649 0.4729 -0.4375
vn -0.3804 0.6030 0.7012
vn -0.3963 0.6283 -0.6695
vn -0.8444 0.4379 0.3086
vn -0.8612 0.4467 0.2424
vn -0.8442 0.4382 -0.3086
vn -0.8445 0.4380 -0.3083
vn 0.3338 0.9265 0.1740
vn 0.3336 0.9265 0.1742
vn 0.3371 0.9356 -0.1046
vn 0.3337 0.9264 -0.1742
vn -0.5151 0.5955 0.6165
vn -0.5596 0.5540 0.6164
vn -0.5582 0.5553 -0.6165
vn -0.5603 0.5546 -0.6152
vn 0.0978 0.8231 0.5594
vn 0.0979 0.8232 0.5593
vn 0.1021 0.8600 -0.5000
vn 0.0978 0.8232 -0.5593
vn 0.0356 0.8282 -0.5593
vn -0.1599 0.7099 0.6860
vn -0.1361 0.7295 0.6703
vn -0.1309 0.7018 -0.7003
vn 0.1673 0.8492 0.5009
vn 0.1684 0.8495 0.5000
vn 0.1737 0.8817 -0.4387
vn 0.1674 0.8497 -0.5000
vn -0.3803 0.6040 0.7004
vn -0.4422 0.5966 0.6697
vn -0.4653 0.5800 -0.6687
vn -0.4249 0.5733 -0.7005
vn 0.3287 0.9130 0.2417
vn 0.3287 0.9130 0.2418
vn 0.3336 0.9265 -0.1740
vn 0.3287 0.9130 -0.2418
vn 0.0339 0.7873 0.6157
vn 0.0342 0.7874 0.6154
vn 0.0339 0.7874 -0.6154
vn -0.0800 0.7378 0.6703
vn -0.0800 0.7378 -0.6703
vn -0.1632 0.7247 -0.6695
vn 0.2403 0.8660 0.4384
vn 0.2401 0.8660 0.4386
vn 0.2479 0.8933 -0.3748
vn 0.2403 0.8659 -0.4386
vn -0.8224 0.4269 0.3761
vn -0.8443 0.4383 0.3082
vn -0.8222 0.4273 -0.3761
vn -0.8225 0.4270 -0.3757
vn -0.9194 0.3918 0.0350
vn -0.9194 0.3918 -0.0352
vn -0.9195 0.3916 -0.0350
vn -0.6306 0.5386 0.5588
vn -0.6693 0.4896 0.5588
vn -0.6988 0.5112 0.5003
vn -0.6705 0.4880 -0.5588
vn -0.6685 0.4890 -0.5602
vn -0.9149 0.3897 0.1051
vn -0.9195 0.3916 0.0352
vn -0.9146 0.3905 -0.1051
vn -0.9150 0.3897 -0.1041
vn -0.7360 0.4561 0.5004
vn -0.7644 0.4737 0.4375
vn -0.7364 0.4554 -0.5004
vn -0.7357 0.4559 -0.5010
vn 0.3221 0.8948 0.3091
vn 0.3222 0.8948 0.3090
vn 0.3287 0.9130 -0.2417
vn 0.3221 0.8948 -0.3090
vn -0.4858 0.5617 0.6697
vn -0.4856 0.5614 -0.6701
vn -0.5590 0.5560 0.6152
vn -0.5995 0.5120 0.6152
vn -0.6004 0.5110 -0.6152
vn -0.5989 0.5116 -0.6161
vn -0.9057 0.3867 0.1735
vn -0.9147 0.3906 0.1041
vn -0.9060 0.3860 -0.1735
vn -0.9056 0.3867 -0.1743
vn -0.0506 0.7254 0.6865
vn -0.0239 0.7413 0.6707
vn -0.0230 0.7129 -0.7009
vn -0.8925 0.3803 0.2424
vn -0.9059 0.3860 0.1743
vn -0.8922 0.3811 -0.2424
vn -0.8928 0.3804 -0.2415
vn 0.1612 0.8129 0.5597
vn 0.1617 0.8130 0.5593
vn 0.1683 0.8490 -0.5009
vn 0.1612 0.8131 -0.5593
vn 0.0979 0.8231 -0.5594
vn -0.7979 0.4146 0.4375
vn -0.8223 0.4273 0.3757
vn -0.7983 0.4139 -0.4375
vn -0.7976 0.4145 -0.4382
vn 0.0930 0.7820 0.6163
vn 0.0939 0.7824 0.6157
vn 0.0930 0.7825 -0.6157
vn 0.0342 0.7872 -0.6157
vn 0.1986 0.0389 -0.9793
vn 0.3140 0.8721 0.3754
vn 0.3147 0.8721 0.3748
vn 0.3222 0.8948 -0.3091
vn 0.3141 0.8723 -0.3748
vn -0.0518 -0.0989 -0.9937
vn 0.0362 -0.0875 -0.9955
vn -0.4969 0.5314 0.6861
vn -0.5258 0.5230 0.6708
vn -0.4733 0.5723 -0.6697
vn -0.5649 0.5619 -0.6043
vn 0.2313 0.8344 0.5002
vn 0.2303 0.8343 0.5009
vn 0.2401 0.8661 -0.4384
vn 0.2312 0.8340 -0.5009
vn 0.4107 0.9111 0.0344
vn 0.4101 0.9114 0.0351
vn 0.4107 0.9111 -0.0352
vn 0.4081 0.9070 0.1036
vn 0.4071 0.9074 0.1046
vn 0.4101 0.9114 -0.0344
vn 0.4081 0.9069 -0.1046
vn -0.8748 0.3737 0.3083
vn -0.8924 0.3812 0.2415
vn -0.8754 0.3724 -0.3082
vn -0.8744 0.3735 -0.3096
vn 0.4031 0.8984 0.1742
vn 0.4033 0.8984 0.1740
vn 0.4072 0.9075 -0.1036
vn 0.4031 0.8984 -0.1740
vn -0.6697 0.4875 0.5603
vn -0.7045 0.4357 0.5602
vn -0.7361 0.4552 0.5010
vn -0.7043 0.4359 -0.5603
vn -0.7046 0.4358 -0.5600
vn 0.0322 0.7410 0.6707
vn 0.0345 0.7937 -0.6073
vn -0.1988 0.8541 -0.4806
vn -0.5998 0.5105 0.6161
vn -0.6368 0.4635 0.6161
vn -0.6360 0.4647 -0.6161
vn -0.6374 0.4640 -0.6151
vn 0.3050 0.8453 0.4387
vn 0.3054 0.8453 0.4384
vn 0.3146 0.8718 -0.3754
vn 0.3051 0.8454 -0.4384
vn 0.3974 0.8852 0.2417
vn 0.3973 0.8853 0.2417
vn 0.4033 0.8983 -0.1742
vn 0.3974 0.8852 -0.2417
vn -0.1613 0.0025 -0.9869
vn -0.7683 0.3983 0.5010
vn -0.7980 0.4137 0.4382
vn -0.7681 0.3988 -0.5010
vn -0.7686 0.3985 -0.5005
vn -0.8528 0.3628 0.3757
vn -0.8750 0.3723 0.3096
vn -0.8523 0.3638 -0.3757
vn -0.8531 0.3630 -0.3747
vn -0.5648 0.4807 0.6708
vn -0.7571 0.4301 -0.4917
vn -0.5434 0.4625 -0.7006
vn 0.0420 0.1396 -0.9893
vn 0.1538 0.7733 0.6151
vn 0.1519 0.7727 0.6163
vn 0.1617 0.8128 -0.5597
vn 0.1536 0.7724 -0.6163
vn 0.0938 0.7819 -0.6163
vn 0.2205 0.7985 0.5602
vn 0.2212 0.7986 0.5597
vn 0.2305 0.8347 -0.5002
vn 0.2206 0.7988 -0.5597
vn -0.9463 0.3212 0.0352
vn -0.9464 0.3212 -0.0347
vn -0.9462 0.3217 -0.0352
vn 0.3894 0.8675 0.3094
vn 0.3898 0.8675 0.3091
vn 0.3974 0.8853 -0.2417
vn 0.3894 0.8677 -0.3091
vn -0.9416 0.3201 0.1040
vn -0.9462 0.3217 0.0347
vn -0.9418 0.3197 -0.1040
vn -0.9416 0.3201 -0.1045
vn -0.2217 -0.0245 -0.9748
vn 0.0586 0.7248 0.6864
vn 0.0884 0.7370 0.6701
vn 0.0884 0.7369 -0.6702
vn 0.0982 0.7358 -0.6700
vn -0.9324 0.3166 0.1743
vn -0.9417 0.3197 0.1045
vn -0.9321 0.3175 -0.1743
vn -0.9326 0.3166 -0.1733
vn -0.8267 0.3529 0.4382
vn -0.8527 0.3640 0.3747
vn -0.8270 0.3523 -0.4382
vn -0.8265 0.3528 -0.4387
vn 0.2942 0.8144 0.5001
vn 0.2941 0.8144 0.5002
vn 0.3053 0.8452 -0.4387
vn 0.2942 0.8144 -0.5002
vn -0.6366 0.4652 0.6151
vn -0.6704 0.4149 0.6151
vn -0.7044 0.4360 0.5600
vn -0.6708 0.4144 -0.6151
vn -0.6701 0.4148 -0.6156
vn 0.0489 0.1462 -0.9880
vn -0.9186 0.3129 0.2415
vn -0.9323 0.3176 0.1733
vn -0.9191 0.3112 -0.2415
vn -0.9182 0.3127 -0.2432
vn 0.3798 0.8453 0.3757
vn 0.3801 0.8453 0.3754
vn 0.3897 0.8674 -0.3094
vn 0.3799 0.8454 -0.3754
vn -0.7353 0.3818 0.5600
vn -0.7683 0.3989 0.5005
vn -0.7350 0.3823 -0.5600
vn -0.7355 0.3819 -0.5596
vn -0.5708 0.4506 0.6864
vn -0.5989 0.4376 0.6706
vn -0.5989 0.4376 -0.6706
vn 0.1773 0.0196 -0.9840
vn 0.1347 -0.0084 -0.9909
vn -0.9006 0.3050 0.3097
vn -0.9187 0.3111 0.2433
vn -0.9003 0.3059 -0.3097
vn -0.9009 0.3051 -0.3087
vn 0.4756 0.8789 0.0365
vn 0.4775 0.8780 0.0343
vn 0.4756 0.8790 -0.0343
vn 0.4751 0.8738 0.1039
vn 0.4754 0.8737 0.1036
vn 0.4774 0.8779 -0.0366
vn 0.4752 0.8738 -0.1036
vn 0.2103 0.7593 0.6158
vn 0.2115 0.7596 0.6151
vn 0.2211 0.7983 -0.5602
vn 0.2104 0.7598 -0.6151
vn 0.1521 0.7737 -0.6151
vn 0.1431 0.7283 0.6701
vn 0.1376 0.7003 -0.7004
vn -0.7964 0.3393 0.5006
vn -0.8267 0.3522 0.4387
vn -0.7962 0.3398 -0.5006
vn -0.7966 0.3394 -0.5002
vn 0.4706 0.8650 0.1739
vn 0.4704 0.8651 0.1742
vn 0.4753 0.8736 -0.1039
vn 0.4706 0.8650 -0.1742
vn 0.3686 0.8198 0.4381
vn 0.3680 0.8199 0.4387
vn 0.3801 0.8452 -0.3757
vn 0.3685 0.8196 -0.4387
vn -0.1006 -0.3011 -0.9483
vn -0.0446 -0.2255 -0.9732
vn 0.2814 0.7791 0.5602
vn 0.2941 0.8145 -0.5001
vn 0.2814 0.7791 -0.5602
vn -0.8779 0.2983 0.3747
vn -0.9006 0.3061 0.3087
vn -0.8778 0.2985 -0.3747
vn -0.8779 0.2983 -0.3745
vn 0.4636 0.8526 0.2410
vn 0.4629 0.8528 0.2417
vn 0.4704 0.8651 -0.1739
vn 0.4635 0.8525 -0.2417
vn -0.6704 0.4142 0.6156
vn -0.6991 0.3637 0.6156
vn -0.7353 0.3825 0.5596
vn -0.6991 0.3637 -0.6156
vn -0.6992 0.3637 -0.6156
vn -0.6311 0.3899 0.6706
vn -0.6457 0.3666 -0.6698
vn -0.6071 0.3751 -0.7005
vn 0.4536 0.8357 0.3095
vn 0.4537 0.8357 0.3095
vn 0.4630 0.8530 -0.2410
vn 0.4536 0.8357 -0.3095
vn 0.3545 0.7899 0.5004
vn 0.3550 0.7899 0.5001
vn 0.3681 0.8201 -0.4381
vn 0.3546 0.7900 -0.5001
vn -0.9680 0.2485 0.0346
vn -0.9680 0.2485 -0.0335
vn -0.9677 0.2496 -0.0346
vn -0.9630 0.2483 0.1045
vn -0.9678 0.2496 0.0334
vn -0.9634 0.2470 -0.1045
vn -0.9629 0.2483 -0.1059
vn -0.8508 0.2893 0.4387
vn -0.8779 0.2985 0.3745
vn -0.8509 0.2890 -0.4387
vn -0.8507 0.2893 -0.4390
vn -0.7623 0.3253 0.5595
vn -0.7965 0.3399 0.5002
vn -0.7625 0.3249 -0.5595
vn -0.7621 0.3252 -0.5599
vn -0.9540 0.2446 0.1732
vn -0.9632 0.2470 0.1059
vn -0.9539 0.2450 -0.1732
vn -0.9541 0.2446 -0.1728
vn 0.1677 0.7075 0.6865
vn 0.1991 0.7151 0.6701
vn 0.2113 0.7590 -0.6158
vn 0.1990 0.7148 -0.6704
vn 0.1160 0.7337 -0.6695
vn 0.4423 0.8146 0.3752
vn 0.4418 0.8147 0.3756
vn 0.4537 0.8357 -0.3095
vn 0.4422 0.8145 -0.3756
vn 0.2678 0.7414 0.6153
vn 0.2670 0.7413 0.6158
vn 0.2677 0.7410 -0.6158
vn -0.9395 0.2413 0.2433
vn -0.9540 0.2451 0.1728
vn -0.9392 0.2425 -0.2433
vn -0.9397 0.2414 -0.2421
vn -0.8199 0.2785 0.5002
vn -0.8508 0.2890 0.4390
vn -0.8202 0.2778 -0.5001
vn -0.8196 0.2784 -0.5007
vn -0.9210 0.2378 0.3087
vn -0.9394 0.2425 0.2421
vn -0.9211 0.2372 -0.3087
vn -0.9208 0.2377 -0.3092
vn 0.3398 0.7560 0.5595
vn 0.3386 0.7560 0.5602
vn 0.3549 0.7897 -0.5004
vn 0.3396 0.7556 -0.5602
vn -0.6325 0.3591 0.6863
vn -0.6580 0.3423 0.6708
vn -0.6580 0.3423 -0.6708
vn 0.4285 0.7900 0.4385
vn 0.4289 0.7900 0.4381
vn 0.4419 0.8148 -0.3752
vn 0.4286 0.7902 -0.4381
vn 0.5426 0.8392 0.0360
vn 0.5422 0.8394 0.0365
vn 0.5426 0.8392 -0.0366
vn 0.5397 0.8355 0.1033
vn 0.5392 0.8357 0.1039
vn 0.5422 0.8395 -0.0361
vn 0.5397 0.8355 -0.1039
vn -0.7250 0.3089 0.6156
vn -0.7623 0.3248 0.5599
vn -0.7252 0.3083 -0.6156
vn -0.7246 0.3087 -0.6161
vn 0.5339 0.8275 0.1740
vn 0.5341 0.8274 0.1738
vn 0.5393 0.8358 -0.1033
vn 0.5339 0.8275 -0.1738
vn -0.8979 0.2313 0.3745
vn -0.9209 0.2372 0.3092
vn -0.8981 0.2304 -0.3745
vn -0.8976 0.2312 -0.3753
vn 0.5262 0.8152 0.2421
vn 0.5272 0.8149 0.2410
vn 0.5341 0.8273 -0.1740
vn 0.5263 0.8154 -0.2411
vn 0.2785 0.6888 0.6693
vn 0.2416 0.6708 0.7012
vn 0.2671 0.7417 -0.6153
vn 0.2419 0.6715 -0.7004
vn -0.7848 0.2658 0.5598
vn -0.8198 0.2777 0.5008
vn -0.7844 0.2669 -0.5599
vn -0.7853 0.2660 -0.5590
vn 0.4130 0.7606 0.5009
vn 0.4135 0.7606 0.5005
vn 0.4288 0.7899 -0.4385
vn 0.4131 0.7609 -0.5005
vn 0.3220 0.7190 0.6160
vn 0.3230 0.7190 0.6154
vn 0.3388 0.7565 -0.5594
vn 0.3222 0.7194 -0.6154
vn 0.5164 0.7982 0.3100
vn 0.5169 0.7981 0.3095
vn 0.5270 0.8146 -0.2421
vn 0.5165 0.7984 -0.3095
vn -0.8703 0.2233 0.4390
vn -0.8978 0.2303 0.3754
vn -0.8702 0.2238 -0.4390
vn -0.8705 0.2233 -0.4385
vn 0.3569 -0.6110 0.7066
vn 0.3182 -0.6067 0.7284
vn 0.2701 -0.6539 0.7067
vn 0.2179 -0.6546 0.7239
vn 0.1785 -0.6851 0.7062
vn 0.2702 -0.6541 -0.7065
vn 0.3572 -0.6110 -0.7065
vn 0.3569 -0.6110 -0.7066
vn 0.1783 -0.6847 -0.7067
vn 0.2699 -0.6540 -0.7067
vn -0.9840 0.1751 0.0335
vn -0.9839 0.1751 -0.0348
vn -0.9842 0.1739 -0.0335
vn -0.9792 0.1731 0.1059
vn -0.9841 0.1739 0.0348
vn -0.9789 0.1746 -0.1059
vn -0.9794 0.1731 -0.1042
vn -0.6826 0.2901 0.6707
vn -0.7249 0.3081 0.6161
vn -0.6176 0.4172 -0.6667
vn -0.7478 0.3179 -0.5828
vn -0.9697 0.1729 0.1728
vn -0.9791 0.1746 0.1042
vn -0.9699 0.1718 -0.1728
vn -0.9695 0.1729 -0.1739
vn 0.5040 0.7781 0.3749
vn 0.5036 0.7782 0.3752
vn 0.5168 0.7980 -0.3100
vn 0.5039 0.7780 -0.3752
vn 0.4371 -0.5570 0.7062
vn 0.4363 -0.5570 0.7067
vn 0.1223 -0.6796 0.7233
vn 0.0842 -0.7029 0.7063
vn 0.4363 -0.5570 -0.7067
vn 0.9506 -0.3089 -0.0287
vn -0.4398 -0.6802 -0.5865
vn 0.1785 -0.6847 -0.7066
vn 0.3959 0.7282 0.5595
vn 0.3960 0.7281 0.5595
vn 0.4134 0.7604 -0.5009
vn 0.3959 0.7282 -0.5595
vn -0.9554 0.1693 0.2421
vn -0.9697 0.1718 0.1739
vn -0.9553 0.1694 -0.2421
vn -0.9554 0.1693 -0.2419
vn -0.8384 0.2156 0.5007
vn -0.8704 0.2239 0.4385
vn -0.8383 0.2159 -0.5007
vn -0.8385 0.2156 -0.5005
vn -0.7457 0.2537 0.6161
vn -0.7850 0.2671 0.5590
vn -0.7454 0.2544 -0.6162
vn -0.7460 0.2538 -0.6157
vn 0.2258 0.7072 -0.6700
vn 0.4884 0.7547 0.4381
vn 0.4879 0.7548 0.4385
vn 0.5037 0.7783 -0.3749
vn 0.4883 0.7545 -0.4384
vn -0.9364 0.1661 0.3092
vn -0.9554 0.1695 0.2419
vn -0.9365 0.1656 -0.3092
vn -0.9362 0.1661 -0.3097
vn 0.3041 0.6769 0.6703
vn 0.3228 0.7186 -0.6160
vn 0.3040 0.6766 -0.6707
vn 0.5085 -0.4927 0.7061
vn 0.0244 -0.6904 0.7230
vn -0.0129 -0.7078 0.7063
vn 0.7185 -0.6955 -0.0033
vn 0.0501 -0.8214 -0.5681
vn 0.5716 -0.8199 0.0324
vn 0.1185 -0.9929 0.0040
vn 0.6040 0.7962 0.0345
vn 0.6029 0.7970 0.0360
vn 0.6040 0.7962 -0.0361
vn 0.5999 0.7931 0.1056
vn 0.6017 0.7920 0.1034
vn 0.6029 0.7971 -0.0345
vn 0.6000 0.7933 -0.1034
vn -0.9127 0.1614 0.3753
vn -0.9363 0.1656 0.3097
vn -0.9127 0.1617 -0.3753
vn -0.9128 0.1614 -0.3751
vn -0.8030 0.2068 0.5590
vn -0.8384 0.2159 0.5005
vn -0.8031 0.2063 -0.5590
vn -0.8028 0.2067 -0.5593
vn 0.3766 0.6926 0.6152
vn 0.3754 0.6926 0.6159
vn 0.3959 0.7281 -0.5595
vn 0.3764 0.6921 -0.6159
vn 0.5957 0.7842 0.1735
vn 0.5953 0.7845 0.1741
vn 0.6015 0.7919 -0.1056
vn 0.5957 0.7841 -0.1741
vn -0.6795 0.2602 0.6860
vn 0.1015 0.1888 -0.9768
vn 0.4699 0.7269 0.5008
vn 0.4698 0.7269 0.5009
vn 0.4880 0.7549 -0.4381
vn 0.4699 0.7269 -0.5009
vn 0.5866 0.7730 0.2415
vn 0.5861 0.7732 0.2420
vn 0.5953 0.7845 -0.1735
vn 0.5865 0.7729 -0.2420
vn -0.7022 0.2397 0.6705
vn -0.7458 0.2545 0.6156
vn -0.7728 0.2638 -0.5773
vn 0.5047 -0.8633 -0.0038
vn 0.4644 -0.8856 0.0000
vn 0.3158 -0.9488 -0.0020
vn 0.3814 -0.9244 -0.0000
vn -0.8849 0.1568 0.4385
vn -0.9128 0.1617 0.3751
vn -0.8848 0.1575 -0.4385
vn -0.8853 0.1568 -0.4379
vn 0.5745 0.7578 0.3093
vn 0.5737 0.7581 0.3101
vn 0.5862 0.7733 -0.2415
vn 0.5743 0.7576 -0.3101
vn 0.2523 -0.9677 0.0000
vn -0.1738 0.0908 -0.9806
vn 0.6166 -0.7873 0.0000
vn 0.1771 -0.9842 -0.0019
vn 0.5710 -0.4183 0.7064
vn 0.5709 -0.4184 0.7064
vn 0.5086 -0.4923 0.7064
vn -0.0745 -0.6876 0.7223
vn -0.1088 -0.6991 0.7067
vn 0.5709 -0.4184 -0.7064
vn 0.5710 -0.4183 -0.7064
vn -0.1087 -0.6990 -0.7069
vn -0.0131 -0.7072 -0.7069
vn -0.7632 0.1961 0.6157
vn -0.8029 0.2063 0.5593
vn -0.7634 0.1953 -0.6157
vn -0.7628 0.1960 -0.6162
vn 0.4501 0.6964 0.5589
vn 0.4491 0.6966 0.5596
vn 0.4699 0.7269 -0.5008
vn 0.4499 0.6960 -0.5596
vn -0.9943 0.1012 0.0348
vn -0.9942 0.1012 -0.0361
vn -0.9944 0.1000 -0.0348
vn 0.5593 0.7391 0.3752
vn 0.5598 0.7390 0.3748
vn 0.5739 0.7583 -0.3093
vn 0.5594 0.7393 -0.3749
vn 0.3536 0.6524 0.6703
vn 0.3757 0.6932 -0.6151
vn 0.3399 0.6272 -0.7008
vn -0.9896 0.0995 0.1043
vn -0.9943 0.1000 0.0360
vn -0.9895 0.1003 -0.1043
vn -0.9896 0.0995 -0.1035
vn -0.8524 0.1517 0.5005
vn -0.8851 0.1576 0.4379
vn -0.8526 0.1507 -0.5004
vn -0.8519 0.1517 -0.5013
vn -0.9798 0.0993 0.1739
vn -0.9896 0.1003 0.1035
vn -0.9798 0.0991 -0.1739
vn -0.9797 0.0993 -0.1740
vn 0.1185 -0.9929 0.0000
vn -0.9654 0.0977 0.2419
vn -0.9797 0.0991 0.1740
vn -0.9653 0.0979 -0.2419
vn -0.9654 0.0977 -0.2418
vn 0.1019 0.1992 -0.9746
vn 0.7186 -0.6955 0.0000
vn 0.0354 -0.9994 -0.0018
vn 0.5425 0.7162 0.4390
vn 0.5436 0.7159 0.4381
vn 0.5597 0.7389 -0.3752
vn 0.5428 0.7166 -0.4381
vn -0.9460 0.0959 0.3097
vn -0.9654 0.0979 0.2418
vn -0.9461 0.0952 -0.3097
vn -0.9458 0.0959 -0.3104
vn 0.4269 0.6622 0.6158
vn 0.4280 0.6621 0.6151
vn 0.4493 0.6970 -0.5589
vn 0.4272 0.6627 -0.6151
vn -0.8163 0.1443 0.5593
vn -0.8521 0.1506 0.5013
vn -0.8161 0.1454 -0.5593
vn -0.8169 0.1444 -0.5585
vn -0.7188 0.1839 0.6705
vn -0.7630 0.1952 0.6162
vn -0.7718 0.2135 -0.5989
vn -0.7840 0.2006 -0.5874
vn -0.9223 0.0928 0.3751
vn -0.9458 0.0952 0.3104
vn -0.9222 0.0940 -0.3751
vn -0.9228 0.0928 -0.3740
vn 0.5236 0.6896 0.5002
vn 0.5229 0.6898 0.5008
vn 0.5433 0.7156 -0.4390
vn 0.5234 0.6894 -0.5007
vn -0.1077 -0.9942 0.0032
vn -0.0185 -0.9998 -0.0051
vn 0.3155 0.7085 -0.6313
vn 0.6627 0.7481 0.0343
vn 0.6626 0.7482 0.0345
vn 0.6627 0.7481 -0.0345
vn 0.6593 0.7445 0.1052
vn 0.6590 0.7447 0.1056
vn 0.6626 0.7482 -0.0344
vn 0.6593 0.7444 -0.1056
vn 0.6217 -0.3370 0.7070
vn 0.6229 -0.3365 0.7063
vn -0.1703 -0.6712 0.7215
vn -0.2029 -0.6781 0.7064
vn 0.6229 -0.3365 -0.7063
vn 0.6217 -0.3370 -0.7070
vn -0.2029 -0.6778 -0.7067
vn -0.2027 -0.6778 -0.7068
vn -0.1087 -0.6990 -0.7068
vn 0.6527 0.7375 0.1737
vn 0.6528 0.7374 0.1735
vn 0.6591 0.7447 -0.1052
vn 0.6527 0.7375 -0.1735
vn 0.8066 -0.5911 0.0000
vn 0.6431 0.7263 0.2426
vn 0.6441 0.7258 0.2415
vn 0.6528 0.7373 -0.1737
vn 0.6433 0.7265 -0.2415
vn -0.8944 0.0912 0.4378
vn -0.9227 0.0940 0.3740
vn -0.8946 0.0899 -0.4378
vn -0.8939 0.0911 -0.4389
vn -0.7753 0.1382 0.6162
vn -0.8167 0.1455 0.5584
vn -0.7753 0.1384 -0.6163
vn -0.7755 0.1382 -0.6161
vn 0.3868 0.5987 0.7014
vn 0.3870 0.5987 0.7013
vn 0.4277 0.6617 -0.6158
vn 0.4429 0.6851 -0.5784
vn 0.5007 0.6605 0.5595
vn 0.5016 0.6604 0.5589
vn 0.5231 0.6901 -0.5002
vn 0.5009 0.6608 -0.5589
vn 0.6315 0.7116 0.3080
vn 0.6302 0.7122 0.3093
vn 0.6439 0.7256 -0.2426
vn 0.6312 0.7113 -0.3093
vn -0.7109 0.1539 0.6862
vn -0.8609 0.0865 0.5013
vn -0.8940 0.0898 0.4389
vn -0.8609 0.0871 -0.5013
vn -0.8612 0.0865 -0.5008
vn 0.6138 0.6938 0.3767
vn 0.6154 0.6932 0.3753
vn 0.6304 0.7125 -0.3079
vn 0.6142 0.6942 -0.3753
vn -0.9990 0.0246 0.0361
vn -0.9990 0.0246 -0.0360
vn -0.9990 0.0247 -0.0361
vn -0.2460 -0.9693 0.0036
vn -0.1537 -0.9881 -0.0054
vn -0.9943 0.0245 0.1035
vn -0.9990 0.0247 0.0360
vn -0.9944 0.0233 -0.1035
vn -0.9942 0.0245 -0.1049
vn -0.7301 0.1303 0.6708
vn -0.7754 0.1384 0.6161
vn -0.8049 0.1437 -0.5757
vn 0.4765 0.6273 0.6160
vn 0.4768 0.6273 0.6158
vn 0.5013 0.6600 -0.5595
vn 0.4766 0.6274 -0.6158
vn -0.9845 0.0230 0.1740
vn -0.9942 0.0233 0.1049
vn -0.9845 0.0233 -0.1740
vn -0.9845 0.0230 -0.1737
vn 0.5970 0.6725 0.4374
vn 0.5951 0.6732 0.4390
vn 0.6150 0.6928 -0.3767
vn 0.5965 0.6719 -0.4390
vn 0.5850 0.5606 -0.5861
vn 0.1389 -0.1752 -0.9747
vn 0.1404 -0.1760 -0.9743
vn -0.9701 0.0230 0.2417
vn -0.9845 0.0233 0.1737
vn -0.9701 0.0234 -0.2417
vn -0.9702 0.0230 -0.2413
vn -0.8253 0.0835 0.5585
vn -0.8612 0.0871 0.5008
vn -0.8255 0.0817 -0.5584
vn -0.8244 0.0834 -0.5598
vn 0.8798 -0.4753 0.0000
vn -0.2865 -0.9581 0.0000
vn -0.9503 0.0229 0.3104
vn -0.9702 0.0234 0.2413
vn -0.9503 0.0234 -0.3104
vn -0.9505 0.0229 -0.3099
vn 0.6627 -0.2486 0.7064
vn 0.6618 -0.2493 0.7071
vn -0.2661 -0.6408 0.7201
vn -0.2940 -0.6434 0.7068
vn 0.6618 -0.2493 -0.7071
vn 0.9571 0.2822 0.0656
vn -0.8876 -0.4528 -0.0842
vn -0.2943 -0.6434 -0.7067
vn 0.5733 0.6485 0.5009
vn 0.5742 0.6482 0.5002
vn 0.5956 0.6738 -0.4374
vn 0.5735 0.6488 -0.5002
vn -0.9272 0.0229 0.3740
vn -0.9505 0.0234 0.3099
vn -0.9272 0.0220 -0.3739
vn -0.9269 0.0229 -0.3747
vn 0.4489 0.5906 0.6705
vn 0.4767 0.6272 -0.6160
vn 0.4489 0.5906 -0.6705
vn 0.0253 -0.2220 -0.9747
vn -0.7839 0.0775 0.6161
vn -0.8246 0.0816 0.5599
vn -0.7837 0.0790 -0.6161
vn -0.7846 0.0776 -0.6151
vn 0.7175 0.6958 0.0344
vn 0.7175 0.6957 0.0343
vn 0.7175 0.6958 -0.0344
vn 0.7139 0.6923 0.1053
vn 0.7140 0.6922 0.1051
vn 0.7175 0.6957 -0.0344
vn 0.7139 0.6923 -0.1051
vn -0.8983 0.0214 0.4389
vn -0.9269 0.0220 0.3747
vn -0.8983 0.0221 -0.4389
vn -0.8986 0.0214 -0.4382
vn 0.7072 0.6856 0.1728
vn 0.7065 0.6861 0.1737
vn 0.7140 0.6922 -0.1053
vn 0.7071 0.6855 -0.1737
vn 0.5497 0.6205 0.5593
vn 0.5493 0.6206 0.5595
vn 0.5739 0.6479 -0.5009
vn 0.5496 0.6204 -0.5595
vn 0.6961 0.6760 0.2418
vn 0.6954 0.6764 0.2426
vn 0.7066 0.6862 -0.1728
vn 0.6960 0.6759 -0.2426
vn 0.6817 0.6631 0.3093
vn 0.6829 0.6624 0.3080
vn 0.6956 0.6766 -0.2418
vn 0.6820 0.6634 -0.3080
vn -0.8653 0.0213 0.5008
vn -0.8986 0.0221 0.4382
vn -0.8653 0.0207 -0.5008
vn -0.8650 0.0213 -0.5013
vn -0.7379 0.0744 0.6708
vn -0.7845 0.0790 0.6151
vn -0.7983 0.0829 -0.5965
vn -0.8001 0.0806 -0.5944
vn 0.5219 0.5897 0.6163
vn 0.5225 0.5895 0.6160
vn 0.5494 0.6207 -0.5593
vn 0.5221 0.5899 -0.6160
vn 0.9358 -0.3525 0.0000
vn -0.3836 -0.9235 -0.0015
vn -0.4159 -0.9094 0.0000
vn 0.6651 0.6451 0.3761
vn 0.6645 0.6454 0.3767
vn 0.6826 0.6621 -0.3093
vn 0.6649 0.6450 -0.3767
vn -0.8284 0.0198 0.5598
vn -0.8650 0.0207 0.5013
vn -0.8283 0.0208 -0.5599
vn -0.8288 0.0198 -0.5592
vn -0.9980 -0.0521 0.0361
vn -0.9980 -0.0521 -0.0346
vn -0.9981 -0.0507 -0.0361
vn 0.6449 0.6264 0.4378
vn 0.6454 0.6262 0.4374
vn 0.6647 0.6456 -0.3761
vn 0.6451 0.6266 -0.4374
vn -0.9932 -0.0505 0.1049
vn -0.9981 -0.0507 0.0346
vn -0.9932 -0.0508 -0.1049
vn -0.9932 -0.0504 -0.1053
vn -0.9835 -0.0503 0.1736
vn -0.9931 -0.0508 0.1053
vn -0.9836 -0.0495 -0.1736
vn -0.9837 -0.0503 -0.1728
vn 0.0961 -0.0100 -0.9953
vn 0.6907 -0.1564 0.7060
vn 0.6903 -0.1568 0.7064
vn -0.3537 -0.5988 0.7186
vn -0.8737 -0.4305 0.2266
vn 0.9751 -0.2215 0.0086
vn 0.5038 -0.6275 -0.5937
vn 0.0759 -0.8539 -0.5149
vn -0.5085 -0.8608 -0.0213
vn 0.4921 0.5552 0.6705
vn 0.5223 0.5893 -0.6164
vn 0.4921 0.5552 -0.6705
vn -0.9692 -0.0488 0.2413
vn -0.9837 -0.0495 0.1728
vn -0.9692 -0.0497 -0.2413
vn -0.9690 -0.0488 -0.2422
vn 0.6210 0.6025 0.5013
vn 0.6215 0.6023 0.5009
vn 0.6452 0.6261 -0.4378
vn 0.6212 0.6027 -0.5009
vn -0.9495 -0.0487 0.3100
vn -0.9690 -0.0497 0.2422
vn -0.9495 -0.0483 -0.3100
vn -0.9496 -0.0487 -0.3096
vn -0.7881 0.0198 0.6152
vn -0.8288 0.0208 0.5591
vn -0.7882 0.0194 -0.6152
vn -0.7879 0.0198 -0.6154
vn -0.9260 -0.0471 0.3747
vn -0.9497 -0.0483 0.3096
vn -0.9260 -0.0470 -0.3747
vn -0.9260 -0.0471 -0.3746
vn 0.5954 0.5770 0.5590
vn 0.5950 0.5772 0.5593
vn 0.6213 0.6022 -0.5013
vn 0.5953 0.5769 -0.5593
vn -0.8977 -0.0456 0.4382
vn -0.9260 -0.0470 0.3746
vn -0.8977 -0.0456 -0.4382
vn -0.7126 0.0175 0.7013
vn -0.7879 0.0194 0.6154
vn -0.8170 0.0201 -0.5763
vn 0.7674 0.6402 0.0357
vn 0.7682 0.6392 0.0343
vn 0.7674 0.6402 -0.0344
vn 0.7645 0.6361 0.1049
vn 0.7642 0.6363 0.1053
vn 0.7682 0.6392 -0.0358
vn 0.7644 0.6361 -0.1053
vn 0.7569 0.6302 0.1730
vn 0.7570 0.6301 0.1728
vn 0.7642 0.6364 -0.1049
vn 0.7569 0.6303 -0.1728
vn 0.9752 -0.2215 0.0000
vn -0.5086 -0.8610 0.0000
vn 0.5654 0.5485 0.6161
vn 0.5650 0.5486 0.6163
vn 0.5951 0.5773 -0.5590
vn 0.5652 0.5483 -0.6163
vn 0.7457 0.6207 0.2422
vn 0.7460 0.6205 0.2418
vn 0.7570 0.6301 -0.1730
vn 0.7458 0.6208 -0.2418
vn -0.8642 -0.0439 0.5013
vn -0.8642 -0.0443 -0.5013
vn -0.8640 -0.0439 -0.5016
vn 0.7311 0.6081 0.3093
vn 0.7312 0.6081 0.3093
vn 0.7459 0.6204 -0.2422
vn 0.7311 0.6081 -0.3093
vn -0.7128 0.0177 0.7011
vn 0.0953 -0.0083 -0.9954
vn 0.7126 0.5927 0.3753
vn 0.7120 0.5931 0.3760
vn 0.7124 0.5925 -0.3760
vn -0.8280 -0.0425 0.5592
vn -0.8640 -0.0443 0.5016
vn -0.8280 -0.0415 -0.5592
vn -0.8284 -0.0425 -0.5585
vn 0.5118 0.4970 0.7007
vn 0.5118 0.4970 0.7008
vn 0.5651 0.5487 -0.6161
vn 0.5118 0.4970 -0.7007
vn 0.6906 0.5752 0.4384
vn 0.6913 0.5749 0.4378
vn 0.7122 0.5932 -0.3753
vn 0.6908 0.5754 -0.4378
vn -0.7872 -0.0395 0.6154
vn -0.8285 -0.0416 0.5585
vn -0.7872 -0.0403 -0.6154
vn -0.7868 -0.0395 -0.6159
vn -0.9914 -0.1259 0.0346
vn -0.9914 -0.1259 -0.0348
vn -0.9914 -0.1261 -0.0346
vn 0.7050 -0.0614 0.7065
vn 0.7056 -0.0606 0.7060
vn -0.6268 -0.7784 0.0353
vn -0.0138 -0.8527 0.5221
vn 0.7056 -0.0606 -0.7060
vn 0.7050 -0.0614 -0.7065
vn -0.4571 -0.5402 -0.7066
vn -0.4372 -0.5429 -0.7170
vn -0.9865 -0.1255 0.1053
vn -0.9914 -0.1261 0.0348
vn -0.9866 -0.1250 -0.1053
vn -0.9866 -0.1255 -0.1047
vn -0.9771 -0.1238 0.1728
vn -0.9866 -0.1250 0.1047
vn -0.9770 -0.1252 -0.1728
vn -0.9769 -0.1237 -0.1744
vn 0.6656 0.5535 0.5006
vn 0.6647 0.5539 0.5013
vn 0.6910 0.5746 -0.4385
vn 0.6653 0.5532 -0.5013
vn -0.9624 -0.1233 0.2422
vn -0.9767 -0.1252 0.1744
vn -0.9624 -0.1227 -0.2422
vn -0.9625 -0.1234 -0.2415
vn 0.5131 0.5378 -0.6690
vn -0.9433 -0.1202 0.3095
vn -0.9626 -0.1227 0.2415
vn -0.9433 -0.1201 -0.3095
vn -0.9433 -0.1202 -0.3094
vn 0.6368 0.5307 0.5594
vn 0.6372 0.5305 0.5591
vn 0.6650 0.5542 -0.5006
vn 0.6369 0.5308 -0.5591
vn -0.7410 -0.0379 0.6704
vn -0.7868 -0.0402 0.6159
vn -0.7850 -0.1196 -0.6079
vn -0.7121 -0.0364 -0.7011
vn -0.9197 -0.1171 0.3747
vn -0.9433 -0.1201 0.3094
vn -0.9197 -0.1173 -0.3747
vn -0.9196 -0.1171 -0.3750
vn -0.8917 -0.1138 0.4382
vn -0.9196 -0.1173 0.3750
vn -0.8917 -0.1135 -0.4382
vn -0.8918 -0.1138 -0.4379
vn 0.9963 -0.0856 0.0000
vn -0.6272 -0.7789 0.0000
vn 0.6054 0.5040 0.6160
vn 0.6370 0.5304 -0.5594
vn 0.6054 0.5040 -0.6160
vn 0.0918 -0.0969 -0.9911
vn -0.8581 -0.1092 0.5017
vn -0.8918 -0.1135 0.4379
vn -0.8581 -0.1093 -0.5017
vn -0.8581 -0.1092 -0.5017
vn 0.8140 0.5798 0.0351
vn 0.8137 0.5802 0.0357
vn 0.8140 0.5798 -0.0357
vn 0.8097 0.5773 0.1050
vn 0.8098 0.5772 0.1049
vn 0.8137 0.5802 -0.0352
vn 0.8097 0.5774 -0.1049
vn 0.8019 0.5716 0.1740
vn 0.8025 0.5709 0.1731
vn 0.8098 0.5772 -0.1050
vn 0.8020 0.5716 -0.1731
vn 0.7906 0.5625 0.2420
vn 0.7905 0.5626 0.2421
vn 0.8024 0.5709 -0.1740
vn 0.7906 0.5624 -0.2421
vn 0.5706 0.4750 0.6699
vn 0.5706 0.4750 -0.6699
vn -0.8228 -0.1048 0.5585
vn -0.8581 -0.1093 0.5017
vn -0.8228 -0.1053 -0.5585
vn -0.8226 -0.1048 -0.5589
vn 0.7749 0.5515 0.3088
vn 0.7744 0.5519 0.3094
vn 0.7905 0.5626 -0.2420
vn 0.7748 0.5514 -0.3094
vn 0.7547 0.5379 0.3756
vn 0.7551 0.5377 0.3752
vn 0.7746 0.5520 -0.3088
vn 0.7549 0.5380 -0.3752
vn -0.7814 -0.1000 0.6159
vn -0.8226 -0.1052 0.5589
vn -0.7815 -0.0997 -0.6159
vn -0.7815 -0.1000 -0.6158
vn 0.7324 0.5215 0.4376
vn 0.7315 0.5221 0.4385
vn 0.7550 0.5376 -0.3756
vn 0.7321 0.5213 -0.4385
vn 0.7044 0.5028 0.5010
vn 0.7049 0.5025 0.5006
vn 0.7319 0.5224 -0.4376
vn 0.7046 0.5029 -0.5006
vn 0.7068 0.0356 0.7065
vn 0.6990 0.0237 0.7147
vn -0.5114 -0.4774 0.7145
vn -0.5253 -0.4738 0.7068
vn 0.6990 0.0237 -0.7147
vn 0.7068 0.0356 -0.7065
vn -0.5254 -0.4739 -0.7066
vn -0.5119 -0.4768 -0.7146
vn -0.7360 -0.0939 0.6704
vn -0.7816 -0.0997 0.6158
vn -0.7359 -0.0939 -0.6705
vn -0.9790 -0.2010 0.0347
vn -0.9790 -0.2010 -0.0354
vn -0.9789 -0.2016 -0.0348
vn -0.9741 -0.2006 0.1047
vn -0.9788 -0.2016 0.0353
vn -0.9741 -0.2006 -0.1047
vn -0.9741 -0.2006 -0.1048
vn -0.9644 -0.1986 0.1743
vn -0.9741 -0.2006 0.1048
vn -0.9645 -0.1982 -0.1743
vn -0.9645 -0.1987 -0.1738
vn 0.6748 0.4810 0.5597
vn 0.6752 0.4808 0.5594
vn 0.7047 0.5023 -0.5010
vn 0.6750 0.4811 -0.5594
vn -0.9505 -0.1953 0.2416
vn -0.9646 -0.1982 0.1738
vn -0.9504 -0.1956 -0.2416
vn -0.9504 -0.1953 -0.2420
vn -0.9314 -0.1917 0.3093
vn -0.9504 -0.1956 0.2420
vn -0.9314 -0.1918 -0.3093
vn -0.9314 -0.1917 -0.3095
vn 0.6417 0.4570 0.6160
vn 0.6416 0.4570 0.6160
vn 0.6751 0.4807 -0.5597
vn 0.6417 0.4569 -0.6160
vn -0.9080 -0.1870 0.3749
vn -0.9314 -0.1918 0.3095
vn -0.9081 -0.1866 -0.3749
vn -0.9081 -0.1871 -0.3745
vn 0.9994 0.0339 0.0000
vn -0.7310 -0.6824 0.0000
vn -0.7317 -0.6816 0.0001
vn -0.8806 -0.1810 0.4379
vn -0.9082 -0.1866 0.3745
vn -0.8805 -0.1814 -0.4379
vn -0.8804 -0.1809 -0.4383
vn 0.6048 0.4308 0.6699
vn 0.6416 0.4570 -0.6160
vn 0.5814 0.4141 -0.7004
vn -0.8472 -0.1746 0.5018
vn -0.8803 -0.1814 0.4383
vn -0.8476 -0.1728 -0.5018
vn -0.8480 -0.1747 -0.5003
vn -0.8126 -0.1656 0.5588
vn -0.8484 -0.1729 0.5003
vn -0.8124 -0.1663 -0.5588
vn -0.8122 -0.1656 -0.5594
vn 0.6022 0.6259 -0.4956
vn -0.1790 0.1171 -0.9769
vn 0.8558 0.5161 0.0357
vn 0.8561 0.5157 0.0352
vn 0.8558 0.5161 -0.0352
vn 0.8520 0.5132 0.1037
vn 0.8512 0.5142 0.1050
vn 0.8560 0.5157 -0.0358
vn 0.8519 0.5131 -0.1050
vn 0.8429 0.5092 0.1737
vn 0.8427 0.5094 0.1740
vn 0.8513 0.5143 -0.1037
vn 0.8429 0.5092 -0.1740
vn 0.8305 0.5020 0.2412
vn 0.8299 0.5026 0.2420
vn 0.8428 0.5095 -0.1737
vn 0.8304 0.5019 -0.2420
vn -0.7719 -0.1580 0.6158
vn -0.8121 -0.1663 0.5594
vn -0.7716 -0.1594 -0.6158
vn -0.7712 -0.1579 -0.6167
vn 0.8133 0.4926 0.3097
vn 0.8140 0.4919 0.3088
vn 0.8301 0.5027 -0.2411
vn 0.8136 0.4927 -0.3088
vn 0.7931 0.4793 0.3759
vn 0.7934 0.4790 0.3755
vn 0.8138 0.4918 -0.3097
vn 0.7932 0.4794 -0.3755
vn -0.6980 -0.1442 0.7014
vn -0.7709 -0.1592 0.6167
vn -0.7213 -0.1766 -0.6697
vn -0.6994 -0.1445 -0.6999
vn 0.7694 0.4645 0.4385
vn 0.7702 0.4639 0.4376
vn 0.7933 0.4789 -0.3759
vn 0.7697 0.4647 -0.4377
vn 0.7420 0.4469 0.4997
vn 0.7405 0.4479 0.5010
vn 0.7699 0.4637 -0.4385
vn 0.7414 0.4465 -0.5010
vn -0.7330 -0.1219 0.6692
vn 0.7091 0.4288 0.5598
vn 0.7092 0.4288 0.5597
vn 0.7412 0.4483 -0.4997
vn 0.7091 0.4289 -0.5597
vn 0.6957 0.1316 0.7062
vn 0.6955 0.1311 0.7065
vn -0.5855 -0.3972 0.7067
vn -0.5757 -0.4010 0.7126
vn 0.6957 0.1316 -0.7062
vn 0.6955 0.1311 -0.7065
vn -0.5855 -0.3972 -0.7067
vn -0.5856 -0.3972 -0.7066
vn -0.0787 -0.0534 -0.9955
vn 0.6742 0.4076 0.6159
vn 0.6741 0.4077 0.6160
vn 0.7091 0.4287 -0.5598
vn 0.6741 0.4076 -0.6160
vn -0.9609 -0.2745 0.0353
vn -0.9609 -0.2746 -0.0347
vn -0.9611 -0.2740 -0.0353
vn -0.9564 -0.2726 0.1048
vn -0.9611 -0.2740 0.0346
vn -0.9562 -0.2732 -0.1048
vn -0.9563 -0.2726 -0.1054
vn -0.9469 -0.2705 0.1738
vn -0.9562 -0.2732 0.1054
vn -0.9472 -0.2696 -0.1738
vn -0.9471 -0.2706 -0.1727
vn -0.9332 -0.2656 0.2420
vn -0.9473 -0.2696 0.1727
vn -0.9332 -0.2658 -0.2420
vn -0.9332 -0.2656 -0.2422
vn -0.9145 -0.2605 0.3094
vn -0.9331 -0.2658 0.2422
vn -0.9144 -0.2608 -0.3094
vn -0.9144 -0.2604 -0.3098
vn 0.6109 0.3686 0.7006
vn 0.6098 0.3688 0.7015
vn 0.6741 0.4077 -0.6159
vn 0.6831 0.4132 -0.6023
vn -0.8916 -0.2543 0.3745
vn -0.9143 -0.2608 0.3098
vn -0.8917 -0.2541 -0.3746
vn -0.8917 -0.2544 -0.3744
vn 0.9827 0.1853 0.0000
vn -0.8205 -0.5716 -0.0007
vn -0.8276 -0.5614 0.0000
vn -0.8644 -0.2464 0.4384
vn -0.8918 -0.2542 0.3744
vn -0.8641 -0.2473 -0.4383
vn -0.8640 -0.2462 -0.4392
vn 0.6840 0.4265 -0.5918
vn -0.0823 -0.0513 -0.9953
vn -0.8324 -0.2382 0.5003
vn -0.8637 -0.2472 0.4392
vn -0.8325 -0.2381 -0.5003
vn -0.8325 -0.2383 -0.5001
vn -0.7970 -0.2279 0.5594
vn -0.8326 -0.2381 0.5001
vn -0.7968 -0.2285 -0.5594
vn -0.7967 -0.2278 -0.5598
vn -0.7567 -0.2170 0.6167
vn -0.7965 -0.2284 0.5598
vn -0.7570 -0.2157 -0.6167
vn -0.7574 -0.2172 -0.6158
vn -0.7140 -0.2034 0.6699
vn -0.7578 -0.2159 0.6158
vn -0.7139 -0.2034 -0.6700
vn 0.8924 0.4498 0.0343
vn 0.8918 0.4510 0.0357
vn 0.8924 0.4498 -0.0358
vn 0.8874 0.4488 0.1050
vn 0.8881 0.4477 0.1037
vn 0.8919 0.4510 -0.0344
vn 0.8876 0.4488 -0.1037
vn 0.8794 0.4433 0.1736
vn 0.8794 0.4433 0.1737
vn 0.8880 0.4476 -0.1050
vn 0.8794 0.4433 -0.1737
vn 0.8666 0.4369 0.2412
vn 0.8665 0.4369 0.2412
vn 0.8794 0.4433 -0.1736
vn 0.8666 0.4369 -0.2412
vn 0.8489 0.4280 0.3102
vn 0.8493 0.4276 0.3097
vn 0.8490 0.4281 -0.3097
vn -0.6916 -0.2259 0.6861
vn 0.8284 0.4170 0.3740
vn 0.8268 0.4185 0.3759
vn 0.8491 0.4275 -0.3103
vn 0.8277 0.4167 -0.3759
vn 0.8017 0.4058 0.4389
vn 0.8021 0.4055 0.4384
vn 0.8275 0.4189 -0.3740
vn 0.8019 0.4059 -0.4384
vn 0.7728 0.3907 0.5001
vn 0.7733 0.3903 0.4997
vn 0.8019 0.4054 -0.4389
vn 0.7730 0.3908 -0.4997
vn 0.7398 0.3734 0.5597
vn 0.7397 0.3735 0.5598
vn 0.7730 0.3902 -0.5001
vn 0.7397 0.3734 -0.5598
vn 0.7031 0.3551 0.6162
vn 0.7035 0.3547 0.6158
vn 0.7397 0.3736 -0.5597
vn 0.7033 0.3552 -0.6158
vn 0.6624 0.3340 0.6705
vn 0.7033 0.3546 -0.6162
vn 0.7301 0.3681 -0.5757
vn 0.6712 0.2247 0.7064
vn 0.6698 0.2201 0.7092
vn -0.6312 -0.3131 0.7096
vn 0.6686 0.2238 -0.7092
vn -0.9892 0.1466 0.0000
vn -0.6291 -0.3172 -0.7096
vn -0.1409 0.1714 -0.9751
vn -0.9372 -0.3471 0.0347
vn -0.9372 -0.3471 -0.0338
vn -0.9375 -0.3463 -0.0347
vn -0.9328 -0.3446 0.1054
vn -0.9375 -0.3463 0.0337
vn -0.9329 -0.3444 -0.1054
vn -0.9328 -0.3446 -0.1052
vn -0.9240 -0.3411 0.1727
vn -0.9329 -0.3444 0.1052
vn -0.9236 -0.3423 -0.1727
vn -0.9238 -0.3410 -0.1740
vn -0.9097 -0.3372 0.2422
vn -0.9233 -0.3423 0.1741
vn -0.9102 -0.3360 -0.2422
vn -0.9100 -0.3373 -0.2409
vn -0.8919 -0.3293 0.3099
vn -0.9105 -0.3361 0.2409
vn -0.8919 -0.3295 -0.3099
vn -0.8919 -0.3293 -0.3101
vn -0.8698 -0.3214 0.3743
vn -0.8918 -0.3295 0.3101
vn -0.8697 -0.3217 -0.3743
vn -0.8697 -0.3213 -0.3747
vn 0.9500 0.3122 0.0000
vn -0.6322 -0.3187 0.7062
vn -0.8930 -0.4502 0.0000
vn 0.6726 0.2211 -0.7062
vn -0.8426 -0.3117 0.4392
vn -0.8696 -0.3217 0.3747
vn -0.8429 -0.3109 -0.4392
vn -0.8429 -0.3118 -0.4385
vn -0.8124 -0.2997 0.5002
vn -0.8432 -0.3110 0.4385
vn -0.8123 -0.2998 -0.5002
vn -0.8123 -0.2997 -0.5003
vn -0.7774 -0.2869 0.5598
vn -0.8123 -0.2998 0.5003
vn -0.7771 -0.2877 -0.5598
vn -0.7770 -0.2868 -0.5604
vn -0.7389 -0.2736 0.6158
vn -0.7767 -0.2875 0.5604
vn -0.7392 -0.2727 -0.6158
vn -0.7393 -0.2737 -0.6152
vn -0.6964 -0.2569 0.6701
vn -0.7397 -0.2729 0.6152
vn -0.6867 -0.2838 -0.6692
vn -0.6690 -0.2468 -0.7011
vn 0.9234 0.3821 0.0352
vn 0.9238 0.3814 0.0343
vn 0.9235 0.3821 -0.0344
vn 0.9194 0.3796 0.1035
vn 0.9187 0.3808 0.1050
vn 0.9237 0.3814 -0.0352
vn 0.9192 0.3795 -0.1050
vn 0.9097 0.3771 0.1738
vn 0.9098 0.3770 0.1737
vn 0.9188 0.3809 -0.1035
vn 0.9097 0.3771 -0.1737
vn 0.8964 0.3715 0.2418
vn 0.8968 0.3710 0.2412
vn 0.9098 0.3770 -0.1738
vn 0.8965 0.3715 -0.2412
vn 0.8784 0.3634 0.3105
vn 0.8786 0.3631 0.3102
vn 0.8966 0.3709 -0.2418
vn 0.8785 0.3634 -0.3102
vn 0.8569 0.3542 0.3745
vn 0.8573 0.3538 0.3740
vn 0.8785 0.3631 -0.3105
vn 0.8571 0.3543 -0.3740
vn 0.8307 0.3428 0.4386
vn 0.8305 0.3431 0.4389
vn 0.8571 0.3537 -0.3745
vn 0.8306 0.3428 -0.4389
vn 0.7998 0.3304 0.5011
vn 0.8008 0.3295 0.5001
vn 0.8306 0.3431 -0.4386
vn 0.8003 0.3306 -0.5001
vn 0.7668 0.3155 0.5590
vn 0.7660 0.3162 0.5597
vn 0.8003 0.3293 -0.5011
vn 0.7664 0.3153 -0.5597
vn 0.7281 0.3006 0.6160
vn 0.7280 0.3007 0.6162
vn 0.7665 0.3164 -0.5589
vn 0.7280 0.3005 -0.6162
vn 0.6857 0.2833 0.6705
vn 0.7281 0.3008 -0.6160
vn 0.7426 0.3068 -0.5954
vn 0.7426 0.3068 -0.5953
vn -0.6745 -0.3099 0.6701
vn 0.6340 0.3148 0.7064
vn 0.6340 0.3150 0.7063
vn -0.6712 -0.2247 0.7064
vn -0.7155 -0.3288 0.6164
vn -0.7171 -0.3275 0.6152
vn 0.8957 0.4447 0.0003
vn 0.8930 0.4502 0.0000
vn -0.9484 -0.3172 0.0000
vn -0.6711 -0.2244 0.7066
vn -0.7540 -0.3443 0.5595
vn -0.7528 -0.3453 0.5604
vn -0.7869 -0.3609 0.5005
vn -0.7870 -0.3608 0.5004
vn -0.8169 -0.3745 0.4387
vn -0.8171 -0.3744 0.4385
vn -0.8425 -0.3860 0.3756
vn -0.8433 -0.3853 0.3747
vn -0.8651 -0.3952 0.3088
vn -0.8641 -0.3963 0.3101
vn -0.8820 -0.4045 0.2417
vn -0.8825 -0.4039 0.2409
vn -0.8955 -0.4098 0.1735
vn -0.8952 -0.4102 0.1740
vn -0.9041 -0.4143 0.1050
vn -0.9040 -0.4144 0.1052
vn -0.9090 -0.4154 0.0337
vn -0.9085 -0.4165 0.0350
vn -0.9090 -0.4154 -0.0351
vn -0.9085 -0.4165 -0.0338
vn -0.9041 -0.4142 -0.1052
vn -0.9040 -0.4145 -0.1050
vn -0.8954 -0.4098 -0.1740
vn -0.8953 -0.4102 -0.1735
vn -0.8822 -0.4046 -0.2409
vn -0.8823 -0.4038 -0.2417
vn -0.8647 -0.3950 -0.3102
vn -0.8645 -0.3965 -0.3088
vn -0.8429 -0.3862 -0.3747
vn -0.8430 -0.3851 -0.3756
vn -0.8170 -0.3746 -0.4385
vn -0.8170 -0.3743 -0.4387
vn -0.7870 -0.3609 -0.5004
vn -0.7870 -0.3608 -0.5005
vn -0.7533 -0.3440 -0.5605
vn -0.7534 -0.3455 -0.5595
vn -0.7164 -0.3292 -0.6152
vn -0.7163 -0.3271 -0.6164
vn 0.6339 0.3150 -0.7064
vn 0.6294 0.3173 -0.7093
vn -0.9500 -0.3122 0.0003
vn -0.9500 -0.3122 0.0000
vn -0.6746 -0.3100 -0.6699
vn 0.0213 -0.2210 -0.9750
vn -0.4008 -0.6925 -0.5998
vn 0.6778 0.2221 0.7009
vn 0.7768 0.2548 -0.5758
vn 0.6775 0.2222 0.7011
vn 0.7485 0.2455 0.6160
vn 0.7486 0.2456 -0.6158
vn 0.7486 0.2453 -0.6160
vn 0.7487 0.2453 0.6158
vn 0.7879 0.2582 0.5590
vn 0.7881 0.2582 -0.5588
vn 0.7880 0.2579 -0.5590
vn 0.7881 0.2580 0.5588
vn 0.8224 0.2692 0.5011
vn 0.8224 0.2692 -0.5013
vn 0.8224 0.2694 -0.5011
vn 0.8223 0.2694 0.5013
vn 0.8540 0.2798 0.4386
vn 0.8543 0.2799 -0.4379
vn 0.8543 0.2791 -0.4386
vn 0.8546 0.2792 0.4379
vn 0.8814 0.2879 0.3745
vn 0.8812 0.2879 -0.3751
vn 0.8812 0.2885 -0.3745
vn 0.8810 0.2884 0.3751
vn 0.9034 0.2958 0.3104
vn 0.9038 0.2959 -0.3092
vn 0.9038 0.2946 -0.3104
vn 0.9042 0.2947 0.3092
vn 0.9225 0.3007 0.2419
vn 0.9223 0.3006 -0.2429
vn 0.9222 0.3017 -0.2419
vn 0.9220 0.3016 0.2429
vn 0.9360 0.3062 0.1737
vn 0.9362 0.3062 -0.1724
vn 0.9364 0.3049 -0.1737
vn 0.9366 0.3050 0.1724
vn 0.9457 0.3080 0.1035
vn 0.9455 0.3079 -0.1060
vn 0.9450 0.3102 -0.1035
vn 0.9448 0.3101 0.1060
vn 0.9495 0.3117 0.0352
vn 0.9498 0.3108 -0.0352
vn 0.9496 0.3117 -0.0342
vn 0.9498 0.3108 0.0342
vn -0.6248 -0.3455 0.7002
vn -0.6244 -0.3456 0.7005
vn -0.6888 -0.3817 0.6163
vn -0.6895 -0.3812 0.6158
vn -0.6891 -0.3810 -0.6163
vn -0.6497 -0.3592 -0.6699
vn -0.7251 -0.4014 0.5595
vn -0.7248 -0.4017 0.5597
vn -0.7250 -0.4018 -0.5595
vn -0.6891 -0.3819 -0.6158
vn -0.7578 -0.4186 0.5005
vn -0.7571 -0.4191 0.5011
vn -0.7574 -0.4193 -0.5005
vn -0.7250 -0.4014 -0.5597
vn -0.7859 -0.4357 0.4387
vn -0.7871 -0.4348 0.4376
vn -0.7866 -0.4345 -0.4387
vn -0.7575 -0.4185 -0.5011
vn -0.8105 -0.4495 0.3756
vn -0.8106 -0.4494 0.3755
vn -0.8106 -0.4493 -0.3756
vn -0.7864 -0.4360 -0.4376
vn -0.8319 -0.4611 0.3088
vn -0.8317 -0.4612 0.3091
vn -0.8318 -0.4613 -0.3088
vn -0.8105 -0.4495 -0.3755
vn -0.8494 -0.4692 0.2417
vn -0.8484 -0.4702 0.2431
vn -0.8487 -0.4704 -0.2416
vn -0.8318 -0.4610 -0.3091
vn -0.8620 -0.4763 0.1735
vn -0.8621 -0.4762 0.1734
vn -0.8621 -0.4762 -0.1735
vn -0.8491 -0.4690 -0.2431
vn 0.8275 0.5614 0.0000
vn 0.8276 0.5614 0.0000
vn 0.5861 0.3970 0.7063
vn 0.5855 0.3972 0.7066
vn -0.9846 -0.1749 -0.0001
vn -0.6953 -0.1317 0.7066
vn -0.6911 -0.1228 0.7123
vn 0.5861 0.3970 -0.7063
vn 0.5856 0.3972 -0.7066
vn -0.9848 -0.1737 0.0000
vn -0.6956 -0.1318 -0.7062
vn -0.6913 -0.1219 -0.7123
vn -0.8703 -0.4812 0.1050
vn -0.8705 -0.4810 0.1046
vn -0.8704 -0.4810 -0.1050
vn -0.8620 -0.4763 -0.1734
vn -0.8743 -0.4841 0.0350
vn -0.8746 -0.4836 0.0344
vn -0.8746 -0.4836 -0.0351
vn -0.8703 -0.4813 -0.1046
vn -0.8743 -0.4841 -0.0344
vn 0.0788 0.0534 -0.9955
vn -0.0271 0.1145 -0.9931
vn -0.0003 -0.1847 -0.9828
vn 0.7413 0.0687 -0.6676
vn 0.7845 0.1911 -0.5900
vn 0.7216 0.1758 0.6696
vn 0.7656 0.1865 0.6157
vn 0.7651 0.1864 -0.6164
vn 0.7653 0.1875 -0.6158
vn 0.7649 0.1873 0.6164
vn 0.8055 0.1973 0.5588
vn 0.8050 0.1972 -0.5595
vn 0.8053 0.1981 -0.5588
vn 0.8049 0.1980 0.5595
vn 0.8402 0.2067 0.5014
vn 0.8406 0.2068 -0.5006
vn 0.8404 0.2058 -0.5014
vn 0.8408 0.2059 0.5006
vn 0.8732 0.2139 0.4379
vn 0.8733 0.2139 -0.4377
vn 0.8733 0.2137 -0.4379
vn 0.8733 0.2137 0.4377
vn 0.9004 0.2203 0.3750
vn 0.9001 0.2203 -0.3758
vn 0.9002 0.2211 -0.3750
vn 0.8999 0.2211 0.3758
vn 0.9235 0.2269 0.3093
vn 0.9237 0.2269 -0.3087
vn 0.9237 0.2263 -0.3093
vn -0.6206 -0.4072 0.6701
vn -0.6834 -0.3368 -0.6477
vn 0.9239 0.2263 0.3087
vn 0.9422 0.2308 0.2428
vn 0.9422 0.2308 -0.2429
vn 0.9422 0.2309 -0.2428
vn 0.9422 0.2309 0.2429
vn 0.9567 0.2344 0.1724
vn 0.9566 0.2344 -0.1728
vn 0.9566 0.2348 -0.1724
vn 0.9566 0.2348 0.1728
vn 0.9657 0.2371 0.1059
vn 0.9658 0.2371 -0.1052
vn 0.9659 0.2364 -0.1059
vn 0.9659 0.2364 0.1052
vn 0.9708 0.2376 0.0342
vn 0.9705 0.2386 -0.0342
vn 0.9707 0.2376 -0.0354
vn 0.9705 0.2386 0.0353
vn -0.6584 -0.4328 0.6158
vn -0.6591 -0.4324 0.6153
vn -0.6588 -0.4322 -0.6158
vn -0.6775 -0.4445 -0.5859
vn -0.6925 -0.4551 0.5597
vn -0.6924 -0.4552 0.5598
vn -0.6924 -0.4552 -0.5597
vn -0.6587 -0.4330 -0.6153
vn -0.7233 -0.4751 0.5011
vn -0.7232 -0.4752 0.5012
vn -0.7232 -0.4753 -0.5011
vn -0.6925 -0.4550 -0.5598
vn -0.7521 -0.4928 0.4376
vn -0.7512 -0.4934 0.4385
vn -0.7515 -0.4937 -0.4376
vn -0.7233 -0.4751 -0.5012
vn 0.7217 0.0916 -0.6861
vn 0.7326 0.1221 -0.6696
vn -0.7747 -0.5088 0.3755
vn -0.7755 -0.5082 0.3746
vn -0.7752 -0.5080 -0.3755
vn -0.7517 -0.4926 -0.4385
vn -0.7953 -0.5216 0.3091
vn -0.7947 -0.5220 0.3097
vn -0.7949 -0.5221 -0.3091
vn -0.7750 -0.5090 -0.3746
vn 0.7326 0.1221 0.6696
vn 0.7767 0.1295 0.6164
vn 0.7773 0.1296 -0.6156
vn 0.7769 0.1283 -0.6164
vn -0.8108 -0.5324 0.2430
vn -0.8112 -0.5321 0.2425
vn -0.8111 -0.5320 -0.2430
vn -0.7951 -0.5215 -0.3097
vn 0.7431 0.6692 0.0011
vn 0.7317 0.6816 0.0000
vn 0.5261 0.4738 0.7062
vn 0.5254 0.4739 0.7066
vn -0.9995 -0.0324 0.0000
vn -0.7068 -0.0356 0.7065
vn -0.6991 -0.0227 0.7147
vn 0.5254 0.4739 -0.7066
vn 0.5119 0.4768 -0.7146
vn -0.6991 -0.0227 -0.7147
vn -0.7068 -0.0356 -0.7065
vn -0.8230 -0.5410 0.1733
vn -0.8233 -0.5406 0.1728
vn -0.8232 -0.5406 -0.1733
vn -0.8110 -0.5325 -0.2425
vn -0.8308 -0.5466 0.1047
vn -0.8311 -0.5463 0.1042
vn -0.8310 -0.5463 -0.1047
vn -0.8231 -0.5410 -0.1728
vn -0.8358 -0.5480 0.0343
vn -0.8348 -0.5493 0.0361
vn -0.8349 -0.5493 -0.0344
vn -0.8308 -0.5467 -0.1042
vn -0.8357 -0.5480 -0.0361
vn 0.7775 0.1284 0.6156
vn 0.8178 0.1351 0.5595
vn 0.8174 0.1350 -0.5600
vn 0.8177 0.1358 -0.5595
vn 0.1202 -0.0162 -0.9926
vn 0.8173 0.1357 0.5600
vn 0.8539 0.1418 0.5007
vn 0.8539 0.1418 -0.5007
vn 0.8539 0.1419 -0.5007
vn -0.5879 -0.4532 0.6701
vn 0.8539 0.1419 0.5007
vn 0.8869 0.1473 0.4378
vn 0.8865 0.1473 -0.4386
vn 0.8868 0.1483 -0.4378
vn 0.8864 0.1482 0.4386
vn 0.9140 0.1528 0.3758
vn 0.9145 0.1529 -0.3745
vn 0.9142 0.1514 -0.3758
vn -0.6246 -0.4808 0.6153
vn -0.6241 -0.4811 0.6157
vn -0.6243 -0.4813 -0.6153
vn -0.6471 -0.4988 -0.5766
vn 0.9148 0.1515 0.3745
vn 0.9384 0.1554 0.3086
vn 0.9382 0.1554 -0.3093
vn 0.9383 0.1561 -0.3086
vn 0.9381 0.1561 0.3093
vn 0.9569 0.1592 0.2429
vn 0.9572 0.1593 -0.2417
vn 0.9571 0.1581 -0.2429
vn -0.6567 -0.5052 0.5599
vn -0.6565 -0.5053 0.5600
vn -0.6566 -0.5054 -0.5599
vn -0.6244 -0.4806 -0.6157
vn 0.9574 0.1581 0.2417
vn 0.9718 0.1605 0.1727
vn 0.9714 0.1604 -0.1750
vn 0.9714 0.1626 -0.1727
vn 0.9711 0.1626 0.1750
vn 0.9808 0.1642 0.1053
vn 0.9809 0.1642 -0.1040
vn 0.9810 0.1630 -0.1053
vn 0.9811 0.1630 0.1040
vn 0.9859 0.1638 0.0353
vn 0.9859 0.1634 -0.0353
vn 0.9859 0.1638 -0.0348
vn 0.9860 0.1634 0.0348
vn 0.7108 0.0634 0.7005
vn 0.7391 0.0659 -0.6703
vn -0.6849 -0.5289 0.5011
vn -0.6864 -0.5281 0.4999
vn -0.6859 -0.5277 -0.5011
vn -0.6566 -0.5052 -0.5600
vn -0.7115 -0.5490 0.4385
vn -0.7112 -0.5492 0.4389
vn -0.7113 -0.5493 -0.4385
vn -0.6855 -0.5294 -0.4999
vn 0.7108 0.0634 0.7006
vn 0.7850 0.0700 0.6156
vn 0.7847 0.0700 -0.6159
vn 0.7849 0.0705 -0.6156
vn -0.7344 -0.5661 0.3745
vn -0.7340 -0.5663 0.3748
vn -0.7341 -0.5664 -0.3745
vn -0.7114 -0.5489 -0.4389
vn -0.7527 -0.5810 0.3097
vn -0.7532 -0.5806 0.3091
vn -0.7531 -0.5805 -0.3097
vn -0.7342 -0.5660 -0.3748
vn 0.7847 0.0704 0.6159
vn 0.8251 0.0741 0.5600
vn 0.8255 0.0741 -0.5596
vn 0.8252 0.0735 -0.5600
vn -0.5299 -0.4773 0.7010
vn -0.5305 -0.4773 0.7006
vn -0.5346 -0.5707 -0.6233
vn 0.6282 0.7781 -0.0012
vn 0.6449 0.7643 0.0000
vn 0.4378 0.5423 0.7171
vn 0.4567 0.5409 0.7063
vn -0.9963 0.0856 0.0000
vn -0.7050 0.0613 0.7065
vn -0.7055 0.0606 0.7061
vn 0.4566 0.5408 -0.7065
vn 0.4563 0.5408 -0.7066
vn -0.9940 0.1090 0.0011
vn -0.6937 0.0761 -0.7162
vn -0.7050 0.0613 -0.7065
vn -0.7679 -0.5928 0.2425
vn -0.7680 -0.5928 0.2425
vn -0.7680 -0.5928 -0.2425
vn -0.7528 -0.5811 -0.3091
vn -0.7800 -0.6015 0.1728
vn -0.7796 -0.6018 0.1733
vn -0.7797 -0.6019 -0.1728
vn 0.8255 0.0735 0.5596
vn 0.8622 0.0768 0.5007
vn 0.8622 0.0768 -0.5007
vn 0.8622 0.0767 -0.5007
vn -0.7883 -0.6064 0.1043
vn -0.7874 -0.6073 0.1056
vn -0.7875 -0.6074 -0.1043
vn -0.7799 -0.6015 -0.1733
vn -0.7912 -0.6104 0.0360
vn -0.7922 -0.6093 0.0345
vn -0.7921 -0.6093 -0.0361
vn -0.7882 -0.6063 -0.1056
vn -0.7913 -0.6105 -0.0345
vn -0.5860 -0.5267 0.6157
vn -0.5851 -0.5271 0.6163
vn -0.5855 -0.5274 -0.6157
vn -0.5304 -0.4777 -0.7003
vn 0.8622 0.0767 0.5007
vn 0.8952 0.0796 0.4385
vn 0.8951 0.0796 -0.4386
vn 0.8952 0.0797 -0.4385
vn 0.8951 0.0797 0.4386
vn 0.9236 0.0822 0.3745
vn 0.9233 0.0822 -0.3751
vn 0.9235 0.0828 -0.3745
vn 0.7272 -0.0176 -0.6861
vn 0.7420 0.0098 -0.6703
vn -0.6154 -0.5546 0.5600
vn -0.6166 -0.5542 0.5592
vn -0.6162 -0.5538 -0.5600
vn -0.5857 -0.5264 -0.6163
vn 0.9233 0.0828 0.3751
vn 0.9472 0.0849 0.3093
vn 0.9473 0.0849 -0.3088
vn 0.9472 0.0844 -0.3093
vn 0.9474 0.0844 0.3089
vn 0.9665 0.0861 0.2417
vn 0.9662 0.0861 -0.2430
vn 0.9664 0.0875 -0.2417
vn -0.6442 -0.5789 0.4999
vn -0.6430 -0.5794 0.5008
vn -0.6434 -0.5798 -0.4998
vn -0.6158 -0.5550 -0.5592
vn 0.7424 0.0098 0.6699
vn 0.7878 0.0104 0.6159
vn 0.7873 0.0104 -0.6165
vn 0.7877 0.0113 -0.6159
vn 0.9661 0.0874 0.2430
vn 0.9806 0.0887 0.1750
vn 0.9810 0.0888 -0.1724
vn 0.9808 0.0863 -0.1750
vn 0.9812 0.0863 0.1724
vn 0.9907 0.0872 0.1041
vn 0.9907 0.0872 -0.1049
vn 0.9907 0.0880 -0.1041
vn 0.9906 0.0880 0.1049
vn 0.9955 0.0884 0.0347
vn 0.9955 0.0881 -0.0348
vn 0.9955 0.0884 -0.0345
vn 0.9955 0.0881 0.0345
vn -0.6679 -0.6011 0.4388
vn -0.6686 -0.6008 0.4382
vn -0.6683 -0.6006 -0.4388
vn -0.6438 -0.5786 -0.5008
vn -0.5132 -0.5357 0.6706
vn 0.7873 0.0113 0.6165
vn 0.8287 0.0119 0.5596
vn 0.8289 0.0119 -0.5592
vn 0.8287 0.0113 -0.5596
vn -0.6889 -0.6203 0.3750
vn -0.6891 -0.6202 0.3748
vn -0.6891 -0.6202 -0.3750
vn -0.6681 -0.6013 -0.4382
vn -0.7073 -0.6357 0.3091
vn -0.7065 -0.6362 0.3099
vn -0.7068 -0.6364 -0.3091
vn -0.6890 -0.6204 -0.3748
vn 0.5359 0.8443 0.0018
vn 0.5132 0.8583 0.0002
vn 0.3794 0.5977 0.7063
vn 0.3784 0.5977 0.7068
vn -0.9693 0.2458 -0.0003
vn -0.6905 0.1565 0.7062
vn -0.6740 0.1709 0.7186
vn 0.3785 0.5979 -0.7066
vn 0.3566 0.5964 -0.7191
vn -0.9681 0.2505 0.0000
vn -0.6736 0.1743 -0.7182
vn -0.6907 0.1566 -0.7059
vn -0.5440 -0.5694 0.6163
vn -0.5452 -0.5691 0.6155
vn -0.5448 -0.5686 -0.6163
vn -0.5132 -0.5357 -0.6706
vn 0.8289 0.0113 0.5592
vn 0.8656 0.0118 0.5006
vn 0.8658 0.0118 -0.5002
vn 0.8656 0.0114 -0.5006
vn -0.7216 -0.6485 0.2424
vn -0.7215 -0.6485 0.2425
vn -0.7216 -0.6485 -0.2424
vn -0.7071 -0.6356 -0.3099
vn 0.7394 -0.0741 0.6692
vn 0.7409 -0.0463 -0.6700
vn -0.7328 -0.6580 0.1733
vn -0.7325 -0.6582 0.1737
vn -0.7326 -0.6583 -0.1733
vn -0.7216 -0.6484 -0.2425
vn 0.8658 0.0114 0.5002
vn 0.8986 0.0118 0.4386
vn 0.8988 0.0118 -0.4383
vn 0.8986 0.0114 -0.4386
vn -0.7390 -0.6654 0.1056
vn -0.7401 -0.6644 0.1041
vn -0.7399 -0.6643 -0.1056
vn -0.7328 -0.6579 -0.1737
vn -0.7433 -0.6681 0.0345
vn -0.7427 -0.6687 0.0354
vn -0.7427 -0.6687 -0.0345
vn -0.7391 -0.6655 -0.1041
vn 0.0508 0.0802 -0.9955
vn -0.0804 0.1464 -0.9860
vn -0.0926 0.0210 -0.9955
vn -0.0248 0.2234 -0.9744
vn -0.7433 -0.6681 -0.0354
vn -0.5733 -0.5988 0.5593
vn -0.5724 -0.5991 0.5599
vn -0.5727 -0.5994 -0.5593
vn -0.5444 -0.5698 -0.6156
vn 0.8988 0.0114 0.4383
vn 0.9269 0.0117 0.3751
vn 0.9265 0.0117 -0.3761
vn 0.9269 0.0129 -0.3751
vn 0.7125 -0.0445 0.7003
vn 0.7858 -0.0491 0.6165
vn 0.7860 -0.0491 -0.6163
vn 0.7858 -0.0494 -0.6165
vn -0.5977 -0.6261 0.5009
vn -0.5990 -0.6256 0.4998
vn -0.5986 -0.6252 -0.5009
vn -0.5730 -0.5985 -0.5599
vn 0.9265 0.0128 0.3761
vn 0.9510 0.0132 0.3089
vn 0.9511 0.0132 -0.3086
vn 0.9510 0.0129 -0.3089
vn -0.4701 -0.5739 0.6705
vn 0.9511 0.0129 0.3086
vn 0.9699 0.0131 0.2430
vn 0.9704 0.0132 -0.2413
vn 0.9700 0.0115 -0.2430
vn -0.6212 -0.6497 0.4382
vn -0.6205 -0.6499 0.4388
vn -0.6207 -0.6502 -0.4382
vn -0.5981 -0.6265 -0.4999
vn 0.9704 0.0115 0.2413
vn 0.9850 0.0117 0.1724
vn 0.9847 0.0117 -0.1737
vn 0.9849 0.0130 -0.1724
vn 0.7859 -0.0494 0.6163
vn 0.8274 -0.0520 0.5592
vn 0.8276 -0.0520 -0.5589
vn 0.8274 -0.0523 -0.5592
vn 0.9847 0.0130 0.1737
vn 0.9944 0.0131 0.1050
vn 0.9944 0.0131 -0.1049
vn 0.9944 0.0130 -0.1050
vn 0.9944 0.0130 0.1049
vn 0.9993 0.0131 0.0345
vn 0.9993 0.0145 -0.0345
vn 0.9993 0.0131 -0.0361
vn 0.9992 0.0145 0.0360
vn -0.5004 -0.6089 0.6155
vn -0.4990 -0.6092 0.6164
vn -0.4994 -0.6097 -0.6155
vn -0.4701 -0.5739 -0.6705
vn -0.6412 -0.6697 0.3747
vn -0.6406 -0.6700 0.3753
vn -0.6407 -0.6701 -0.3747
vn -0.6210 -0.6495 -0.4388
vn 0.8108 0.0153 -0.5851
vn 0.7353 -0.1024 -0.6700
vn 0.3876 0.9218 -0.0016
vn 0.4143 0.9102 0.0000
vn 0.2687 0.6391 0.7206
vn 0.2934 0.6442 0.7064
vn -0.9358 0.3524 0.0000
vn -0.6628 0.2487 0.7063
vn -0.6620 0.2493 0.7068
vn 0.2932 0.6439 -0.7067
vn 0.2931 0.6439 -0.7068
vn -0.9230 0.3848 0.0015
vn -0.6405 0.2670 -0.7200
vn -0.6628 0.2487 -0.7063
vn 0.8276 -0.0523 0.5589
vn 0.8642 -0.0547 0.5002
vn 0.8638 -0.0546 -0.5008
vn 0.8642 -0.0539 -0.5002
vn -0.6571 -0.6871 0.3099
vn -0.6576 -0.6869 0.3094
vn -0.6575 -0.6868 -0.3099
vn -0.6410 -0.6696 -0.3752
vn -0.5250 -0.6410 0.5599
vn -0.5265 -0.6407 0.5589
vn -0.5260 -0.6401 -0.5600
vn -0.5000 -0.6084 -0.6164
vn -0.6700 -0.7016 0.2426
vn -0.6706 -0.7013 0.2419
vn -0.6705 -0.7012 -0.2426
vn -0.6572 -0.6873 -0.3094
vn 0.8639 -0.0539 0.5008
vn 0.8971 -0.0560 0.4383
vn 0.8969 -0.0560 -0.4387
vn 0.8971 -0.0555 -0.4383
vn -0.6804 -0.7120 0.1737
vn -0.6801 -0.7122 0.1740
vn -0.6802 -0.7122 -0.1737
vn -0.6701 -0.7017 -0.2419
vn 0.7357 -0.1025 0.6695
vn 0.7800 -0.1087 0.6163
vn 0.7799 -0.1086 -0.6165
vn 0.7800 -0.1084 -0.6163
vn -0.0743 -0.0707 -0.9947
vn -0.4101 -0.5841 0.7005
vn -0.4493 -0.5916 0.6694
vn -0.5551 -0.5540 -0.6205
vn -0.6872 -0.7189 0.1040
vn -0.6871 -0.7191 0.1042
vn -0.6871 -0.7191 -0.1040
vn -0.6803 -0.7120 -0.1740
vn -0.6898 -0.7231 0.0354
vn -0.6906 -0.7224 0.0344
vn -0.6906 -0.7224 -0.0355
vn -0.6872 -0.7189 -0.1042
vn 0.8969 -0.0555 0.4387
vn 0.9248 -0.0573 0.3761
vn 0.9253 -0.0573 -0.3749
vn 0.9247 -0.0585 -0.3761
vn -0.6899 -0.7231 -0.0344
vn -0.5498 -0.6692 0.4999
vn -0.5483 -0.6695 0.5010
vn -0.5488 -0.6701 -0.4999
vn -0.5254 -0.6415 -0.5589
vn 0.9252 -0.0585 0.3750
vn 0.9493 -0.0601 0.3086
vn 0.9489 -0.0600 -0.3099
vn 0.9494 -0.0587 -0.3086
vn -0.8798 0.4753 -0.0000
vn -0.6225 0.3363 0.7067
vn 0.7799 -0.1084 0.6165
vn 0.8213 -0.1142 0.5589
vn 0.8209 -0.1141 -0.5596
vn 0.8214 -0.1133 -0.5590
vn 0.7199 -0.1858 0.6687
vn 0.7981 -0.1729 -0.5771
vn -0.4510 -0.6455 0.6164
vn -0.4530 -0.6453 0.6152
vn -0.4525 -0.6445 -0.6164
vn -0.4697 -0.6690 -0.5761
vn -0.5696 -0.6949 0.4388
vn -0.5707 -0.6946 0.4379
vn -0.5704 -0.6943 -0.4388
vn -0.5494 -0.6687 -0.5010
vn 0.9490 -0.0587 0.3099
vn 0.9686 -0.0599 0.2414
vn 0.9687 -0.0599 -0.2409
vn 0.9686 -0.0604 -0.2414
vn 0.2474 0.9689 0.0000
vn 0.2560 0.9667 0.0005
vn 0.1714 0.6714 0.7210
vn 0.2029 0.6781 0.7064
vn -0.6226 0.3376 0.7060
vn 0.2028 0.6778 -0.7067
vn 0.1771 0.6687 -0.7222
vn -0.8589 0.5121 0.0017
vn -0.5953 0.3549 -0.7209
vn -0.6223 0.3374 -0.7063
vn 0.9687 -0.0604 0.2409
vn 0.9829 -0.0612 0.1736
vn 0.9828 -0.0612 -0.1745
vn 0.9830 -0.0604 -0.1737
vn 0.8210 -0.1132 0.5596
vn 0.8574 -0.1183 0.5008
vn 0.8579 -0.1183 -0.5000
vn 0.8573 -0.1192 -0.5008
vn 0.9828 -0.0604 0.1745
vn 0.9926 -0.0610 0.1049
vn 0.9927 -0.0610 -0.1039
vn 0.9925 -0.0620 -0.1049
vn -0.5881 -0.7165 0.3752
vn -0.5875 -0.7167 0.3758
vn -0.5876 -0.7169 -0.3752
vn -0.5699 -0.6953 -0.4379
vn 0.9927 -0.0620 0.1039
vn 0.9974 -0.0623 0.0361
vn 0.9973 -0.0637 -0.0361
vn 0.9975 -0.0623 -0.0346
vn 0.9974 -0.0637 0.0346
vn -0.4755 -0.6793 0.5589
vn -0.4747 -0.6795 0.5594
vn -0.4749 -0.6798 -0.5589
vn -0.4515 -0.6463 -0.6152
vn -0.3787 -0.6383 0.6702
vn -0.3148 -0.7330 -0.6029
vn 0.6967 -0.1509 0.7013
vn 0.7695 -0.1667 0.6165
vn 0.7701 -0.1668 -0.6158
vn 0.7693 -0.1677 -0.6164
vn -0.6026 -0.7357 0.3094
vn -0.6035 -0.7353 0.3085
vn -0.6033 -0.7351 -0.3094
vn -0.5879 -0.7164 -0.3758
vn 0.8578 -0.1193 0.5000
vn 0.8901 -0.1238 0.4387
vn 0.8901 -0.1238 -0.4386
vn 0.8901 -0.1239 -0.4387
vn 0.0272 0.0908 -0.9955
vn -0.2345 0.0710 -0.9695
vn -0.6152 -0.7503 0.2420
vn -0.6147 -0.7505 0.2425
vn -0.6148 -0.7506 -0.2420
vn -0.6027 -0.7359 -0.3085
vn -0.8066 0.5911 0.0000
vn -0.5713 0.4187 0.7059
vn -0.4963 -0.7090 0.5010
vn -0.4963 -0.7090 -0.5010
vn -0.4753 -0.6791 -0.5594
vn -0.6246 -0.7613 0.1739
vn -0.6243 -0.7615 0.1742
vn -0.6244 -0.7615 -0.1739
vn -0.6151 -0.7502 -0.2425
vn 0.6943 -0.2737 -0.6656
vn 0.7628 -0.2272 -0.6054
vn 0.8901 -0.1239 0.4386
vn 0.9182 -0.1278 0.3750
vn 0.9179 -0.1278 -0.3756
vn 0.9183 -0.1271 -0.3750
vn -0.6306 -0.7691 0.1043
vn -0.6308 -0.7689 0.1039
vn -0.6308 -0.7689 -0.1043
vn -0.6246 -0.7613 -0.1742
vn 0.7698 -0.1678 0.6158
vn 0.8098 -0.1765 0.5595
vn 0.8099 -0.1765 -0.5594
vn 0.8098 -0.1766 -0.5595
vn -0.4025 -0.6779 0.6152
vn -0.4023 -0.6779 0.6153
vn -0.4023 -0.6780 -0.6152
vn -0.3786 -0.6380 -0.6705
vn -0.6347 -0.7720 0.0343
vn -0.6336 -0.7728 0.0357
vn -0.6337 -0.7729 -0.0343
vn -0.6306 -0.7691 -0.1039
vn 0.1098 0.6994 0.7063
vn -0.5713 0.4179 0.7064
vn 0.1098 0.6994 -0.7063
vn -0.7776 0.6288 0.0018
vn -0.5376 0.4347 -0.7225
vn -0.5714 0.4179 -0.7063
vn -0.6346 -0.7720 -0.0358
vn 0.9180 -0.1271 0.3756
vn 0.9418 -0.1304 0.3099
vn 0.9422 -0.1304 -0.3086
vn 0.9416 -0.1317 -0.3099
vn -0.5156 -0.7364 0.4379
vn -0.5155 -0.7365 0.4380
vn -0.5155 -0.7365 -0.4379
vn -0.3169 -0.6392 0.7007
vn -0.3164 -0.6391 0.7011
vn 0.9420 -0.1317 0.3087
vn 0.9612 -0.1344 0.2408
vn 0.9610 -0.1344 -0.2418
vn 0.9613 -0.1334 -0.2409
vn 0.8098 -0.1767 0.5594
vn 0.8461 -0.1846 0.5000
vn 0.8455 -0.1844 -0.5012
vn 0.8464 -0.1832 -0.5001
vn 0.7110 -0.2118 0.6706
vn 0.7551 -0.2249 0.6158
vn 0.7549 -0.2248 -0.6161
vn 0.7553 -0.2245 -0.6158
vn -0.4229 -0.7129 0.5594
vn -0.4233 -0.7129 0.5592
vn -0.4232 -0.7127 -0.5594
vn -0.4024 -0.6778 -0.6153
vn -0.5311 -0.7595 0.3757
vn -0.5317 -0.7593 0.3752
vn -0.5315 -0.7591 -0.3758
vn -0.5156 -0.7364 -0.4380
vn 0.9611 -0.1334 0.2418
vn 0.9753 -0.1354 0.1745
vn 0.9753 -0.1354 -0.1746
vn 0.9753 -0.1352 -0.1745
vn 0.1062 0.9943 0.0000
vn 0.0734 0.6872 0.7227
vn -0.7186 0.6955 0.0000
vn -0.5086 0.4923 0.7064
vn 0.0734 0.6872 -0.7227
vn 0.9753 -0.1352 0.1746
vn 0.9852 -0.1366 0.1039
vn 0.9852 -0.1366 -0.1034
vn 0.9851 -0.1370 -0.1039
vn 0.1371 0.0368 -0.9899
vn -0.0769 0.0563 -0.9954
vn 0.0739 0.1304 -0.9887
vn 0.9852 -0.1370 0.1034
vn 0.9899 -0.1377 0.0346
vn 0.9899 -0.1373 -0.0346
vn 0.9899 -0.1377 -0.0351
vn 0.9899 -0.1373 0.0350
vn 0.6831 -0.2910 0.6698
vn 0.6932 -0.2652 -0.6702
vn 0.0119 0.7073 0.7068
vn -0.5085 0.4927 0.7061
vn -0.5824 0.7213 -0.3749
vn -0.6801 0.7332 0.0019
vn -0.6796 0.7327 -0.0363
vn -0.0975 0.9224 -0.3738
vn 0.8458 -0.1831 0.5012
vn 0.8784 -0.1901 0.4386
vn 0.8786 -0.1902 -0.4380
vn 0.8782 -0.1907 -0.4386
vn -0.5457 -0.7791 0.3085
vn -0.5450 -0.7794 0.3092
vn -0.5451 -0.7796 -0.3085
vn -0.5312 -0.7597 -0.3752
vn -0.3497 -0.7065 0.6153
vn -0.3503 -0.7065 0.6150
vn -0.3502 -0.7063 -0.6153
vn -0.3295 -0.6647 -0.6705
vn -0.4417 -0.7442 0.5011
vn -0.4415 -0.7442 0.5012
vn -0.4415 -0.7443 -0.5011
vn -0.4230 -0.7130 -0.5592
vn 0.7550 -0.2244 0.6161
vn 0.7945 -0.2361 0.5594
vn 0.7947 -0.2362 -0.5591
vn 0.7944 -0.2365 -0.5594
vn -0.5565 -0.7947 0.2424
vn -0.5566 -0.7947 0.2424
vn -0.5566 -0.7947 -0.2424
vn -0.5456 -0.7790 -0.3092
vn 0.8785 -0.1908 0.4380
vn 0.9057 -0.1967 0.3756
vn 0.9057 -0.1967 -0.3755
vn 0.9056 -0.1968 -0.3756
vn -0.0354 0.9994 0.0000
vn -0.0244 0.6904 0.7230
vn -0.6166 0.7873 0.0000
vn -0.4366 0.5574 0.7062
vn -0.0354 0.9987 -0.0370
vn -0.2776 -0.6884 0.6701
vn -0.2979 -0.6632 -0.6866
vn -0.5640 -0.8072 0.1743
vn -0.5650 -0.8067 0.1732
vn -0.5649 -0.8066 -0.1743
vn -0.5565 -0.7947 -0.2424
vn -0.0831 0.7028 0.7065
vn -0.4368 0.5566 0.7067
vn 0.4701 0.8369 -0.2805
vn -0.5696 0.8219 0.0019
vn -0.3930 0.5672 -0.7238
vn -0.9239 0.2609 -0.2798
vn -0.5706 -0.8147 0.1039
vn -0.5696 -0.8152 0.1051
vn -0.5697 -0.8153 -0.1039
vn -0.5641 -0.8073 -0.1732
vn -0.4585 -0.7732 0.4380
vn -0.4589 -0.7732 0.4377
vn -0.4588 -0.7731 -0.4380
vn -0.4416 -0.7441 -0.5012
vn -0.5729 -0.8188 0.0357
vn -0.5733 -0.8186 0.0352
vn -0.5733 -0.8186 -0.0357
vn -0.5705 -0.8146 -0.1051
vn 0.6663 -0.2549 0.7008
vn 0.7357 -0.2815 0.6161
vn 0.7359 -0.2815 -0.6158
vn 0.7356 -0.2818 -0.6161
vn 0.9057 -0.1968 0.3755
vn 0.9295 -0.2020 0.3087
vn 0.9294 -0.2020 -0.3088
vn 0.9295 -0.2019 -0.3087
vn -0.5729 -0.8189 -0.0352
vn 0.7946 -0.2365 0.5591
vn 0.8294 -0.2469 0.5011
vn 0.8293 -0.2469 -0.5013
vn 0.8295 -0.2467 -0.5011
vn -0.3679 -0.7429 0.5592
vn -0.3677 -0.7429 0.5593
vn -0.3678 -0.7430 -0.5592
vn -0.3498 -0.7067 -0.6150
vn -0.2299 0.0584 -0.9715
vn 0.1392 0.1111 -0.9840
vn -0.0695 0.0668 -0.9953
vn -0.1771 0.9842 0.0000
vn -0.1222 0.6791 0.7238
vn -0.1222 0.6791 -0.7238
vn 0.6454 -0.3348 -0.6865
vn 0.6715 -0.3161 -0.6702
vn -0.3145 0.9493 0.0000
vn -0.1791 0.6847 0.7065
vn -0.4644 0.8856 -0.0012
vn -0.3562 0.6114 0.7066
vn -0.3185 0.6073 0.7278
vn -0.1791 0.6847 -0.7065
vn -0.2171 0.6552 -0.7236
vn -0.4466 0.8947 0.0000
vn -0.3083 0.6176 -0.7235
vn -0.3563 0.6117 -0.7063
vn 0.9295 -0.2019 0.3088
vn 0.9482 -0.2060 0.2418
vn 0.9481 -0.2060 -0.2424
vn 0.9483 -0.2055 -0.2418
vn -0.4740 -0.7966 0.3752
vn -0.4725 -0.7969 0.3764
vn -0.4728 -0.7973 -0.3752
vn -0.4586 -0.7734 -0.4377
vn -0.2171 0.6552 0.7236
vn -0.2703 0.6545 0.7060
vn -0.2703 0.6545 -0.7060
vn -0.2963 -0.7308 0.6150
vn -0.2946 -0.7306 0.6159
vn -0.2949 -0.7314 -0.6149
vn -0.2776 -0.6884 -0.6701
vn 0.9482 -0.2054 0.2424
vn 0.9623 -0.2085 0.1746
vn 0.9626 -0.2086 -0.1730
vn 0.9620 -0.2099 -0.1746
vn 0.8294 -0.2467 0.5013
vn 0.8616 -0.2563 0.4381
vn 0.8617 -0.2563 -0.4380
vn 0.8616 -0.2563 -0.4381
vn -0.2246 -0.7075 0.6701
vn -0.1944 -0.7014 0.6858
vn -0.3803 -0.6439 -0.6639
vn 0.9623 -0.2100 0.1730
vn 0.9718 -0.2121 0.1035
vn 0.9716 -0.2120 -0.1051
vn 0.9721 -0.2106 -0.1035
vn 0.7357 -0.2819 0.6158
vn 0.7742 -0.2966 0.5591
vn 0.7738 -0.2965 -0.5597
vn 0.7745 -0.2959 -0.5592
vn -0.3842 -0.7754 0.5012
vn -0.3840 -0.7754 0.5013
vn -0.3840 -0.7755 -0.5012
vn -0.3679 -0.7428 -0.5593
vn -0.4855 -0.8177 0.3092
vn -0.4864 -0.8175 0.3083
vn -0.4863 -0.8173 -0.3092
vn -0.4737 -0.7962 -0.3764
vn 0.9719 -0.2105 0.1051
vn 0.9767 -0.2116 0.0350
vn 0.9768 -0.2113 -0.0351
vn 0.9767 -0.2116 -0.0354
vn 0.9768 -0.2113 0.0353
vn 0.1281 -0.0692 -0.9893
vn -0.1742 -0.1391 -0.9748
vn -0.1127 -0.1157 -0.9869
vn 0.6711 -0.3159 0.6707
vn 0.7129 -0.3356 0.6158
vn 0.7131 -0.3356 -0.6155
vn 0.7127 -0.3359 -0.6158
vn -0.4953 -0.8342 0.2424
vn -0.4953 -0.8342 0.2425
vn -0.4953 -0.8342 -0.2424
vn -0.4856 -0.8180 -0.3083
vn 0.8617 -0.2564 0.4380
vn 0.8883 -0.2643 0.3755
vn 0.8888 -0.2644 -0.3743
vn 0.8880 -0.2655 -0.3755
vn 0.6311 -0.3911 0.6699
vn 0.6451 -0.3675 -0.6699
vn -0.3113 -0.7683 0.5594
vn -0.3115 -0.7683 0.5592
vn -0.3114 -0.7682 -0.5594
vn -0.2960 -0.7301 -0.6159
vn -0.3992 -0.8056 0.4378
vn -0.3991 -0.8056 0.4378
vn -0.3991 -0.8056 -0.4378
vn -0.3841 -0.7753 -0.5013
vn -0.5038 -0.8463 0.1732
vn -0.5028 -0.8467 0.1743
vn -0.5029 -0.8468 -0.1732
vn -0.4953 -0.8342 -0.2425
vn 0.7741 -0.2958 0.5597
vn 0.8083 -0.3088 0.5013
vn 0.8084 -0.3089 -0.5011
vn 0.8082 -0.3091 -0.5013
vn 0.1660 0.1705 -0.9713
vn -0.0477 0.0820 -0.9955
vn 0.8884 -0.2657 0.3743
vn 0.9113 -0.2725 0.3087
vn 0.9112 -0.2725 -0.3090
vn 0.9113 -0.2723 -0.3087
vn -0.5076 -0.8552 0.1050
vn -0.5087 -0.8547 0.1037
vn -0.5087 -0.8545 -0.1050
vn -0.5037 -0.8461 -0.1743
vn -0.2381 -0.7510 0.6159
vn -0.2384 -0.7511 0.6157
vn -0.2384 -0.7509 -0.6159
vn -0.2465 -0.7765 -0.5799
vn -0.1714 -0.7223 0.6700
vn -0.0855 -0.8146 -0.5737
vn -0.5099 -0.8595 0.0352
vn -0.5101 -0.8594 0.0349
vn -0.5101 -0.8594 -0.0352
vn -0.5077 -0.8553 -0.1037
vn -0.5099 -0.8595 -0.0350
vn -0.1017 0.0114 -0.9948
vn -0.4109 -0.8303 0.3764
vn -0.4115 -0.8303 0.3759
vn -0.4114 -0.8301 -0.3764
vn -0.3992 -0.8056 -0.4379
vn 0.9113 -0.2722 0.3090
vn 0.9296 -0.2777 0.2423
vn 0.9294 -0.2777 -0.2431
vn 0.9298 -0.2769 -0.2423
vn 0.7129 -0.3360 0.6155
vn 0.7496 -0.3533 0.5597
vn 0.7497 -0.3533 -0.5595
vn 0.7495 -0.3535 -0.5597
vn 0.8083 -0.3091 0.5011
vn 0.8397 -0.3211 0.4380
vn 0.8401 -0.3213 -0.4371
vn 0.8393 -0.3220 -0.4380
vn -0.3238 -0.8024 0.5013
vn -0.3251 -0.8025 0.5003
vn -0.3249 -0.8019 -0.5013
vn -0.3113 -0.7683 -0.5592
vn 0.6200 -0.3531 0.7006
vn 0.6865 -0.3739 -0.6236
vn 0.6162 -0.4141 -0.6699
vn 0.6848 -0.3901 0.6155
vn 0.6844 -0.3898 -0.6162
vn 0.6853 -0.3892 -0.6155
vn 0.9296 -0.2769 0.2431
vn 0.9439 -0.2811 0.1731
vn 0.9438 -0.2811 -0.1736
vn 0.9441 -0.2806 -0.1731
vn -0.4226 -0.8523 0.3083
vn -0.4218 -0.8524 0.3091
vn -0.4219 -0.8526 -0.3083
vn -0.4110 -0.8305 -0.3759
vn 0.9440 -0.2806 0.1736
vn 0.9532 -0.2834 0.1052
vn 0.9534 -0.2834 -0.1040
vn 0.9529 -0.2844 -0.1052
vn -0.2519 -0.7898 0.5593
vn -0.2503 -0.7895 0.5603
vn -0.2506 -0.7902 -0.5592
vn -0.2382 -0.7511 -0.6157
vn -0.1164 -0.7332 0.6699
vn -0.1648 -0.6943 -0.7005
vn 0.9530 -0.2845 0.1040
vn 0.9576 -0.2858 0.0353
vn 0.9575 -0.2864 -0.0353
vn 0.9576 -0.2858 -0.0347
vn 0.9575 -0.2864 0.0347
vn 0.8397 -0.3222 0.4371
vn 0.8657 -0.3322 0.3743
vn 0.8650 -0.3319 -0.3763
vn 0.8665 -0.3303 -0.3744
vn -0.1821 -0.7667 0.6157
vn -0.1820 -0.7666 0.6158
vn -0.1820 -0.7667 -0.6157
vn 0.7496 -0.3536 0.5595
vn 0.7827 -0.3692 0.5011
vn 0.7833 -0.3695 -0.5000
vn 0.7821 -0.3705 -0.5011
vn -0.4304 -0.8694 0.2425
vn -0.4310 -0.8693 0.2419
vn -0.4309 -0.8692 -0.2425
vn -0.4225 -0.8521 -0.3090
vn -0.3376 -0.8333 0.4378
vn -0.3363 -0.8333 0.4389
vn -0.3365 -0.8337 -0.4378
vn -0.3240 -0.8029 -0.5003
vn 0.6156 -0.4137 0.6707
vn 0.5652 -0.4814 0.6699
vn 0.6410 -0.5067 -0.5765
vn -0.4358 -0.8830 0.1743
vn -0.4370 -0.8827 0.1730
vn -0.4369 -0.8825 -0.1743
vn -0.4305 -0.8696 -0.2419
vn 0.6849 -0.3889 0.6162
vn 0.7207 -0.4093 0.5595
vn 0.7212 -0.4096 -0.5587
vn 0.7201 -0.4103 -0.5595
vn 0.8658 -0.3300 0.3762
vn 0.8887 -0.3388 0.3089
vn 0.8888 -0.3388 -0.3086
vn 0.8886 -0.3391 -0.3089
vn 0.6537 -0.4393 0.6162
vn 0.6538 -0.4394 -0.6160
vn 0.6536 -0.4395 -0.6162
vn -0.4413 -0.8913 0.1037
vn -0.4401 -0.8918 0.1051
vn -0.4402 -0.8919 -0.1036
vn -0.4359 -0.8832 -0.1730
vn -0.0580 -0.7111 0.7007
vn -0.0883 -0.7376 0.6694
vn -0.1164 -0.7333 -0.6699
vn -0.2636 -0.8248 0.5003
vn -0.2631 -0.8247 0.5007
vn -0.2631 -0.8249 -0.5003
vn -0.2517 -0.7891 -0.5603
vn -0.3469 -0.8593 0.3759
vn -0.3481 -0.8593 0.3748
vn -0.3479 -0.8588 -0.3759
vn -0.3374 -0.8328 -0.4389
vn -0.4440 -0.8953 0.0350
vn -0.4434 -0.8956 0.0357
vn -0.4435 -0.8956 -0.0351
vn -0.4413 -0.8912 -0.1051
vn -0.4440 -0.8953 -0.0358
vn 0.7827 -0.3707 0.5000
vn 0.8129 -0.3850 0.4371
vn 0.8121 -0.3847 -0.4387
vn 0.8136 -0.3833 -0.4371
vn 0.8887 -0.3392 0.3086
vn 0.9062 -0.3459 0.2431
vn 0.9066 -0.3460 -0.2415
vn 0.9057 -0.3473 -0.2431
vn -0.1240 -0.7781 0.6158
vn -0.1234 -0.7779 0.6162
vn -0.1821 -0.7666 -0.6158
vn -0.1235 -0.7782 -0.6158
vn -0.1909 -0.8060 0.5603
vn -0.1915 -0.8061 0.5599
vn -0.1914 -0.8059 -0.5603
vn 0.5600 -0.4426 0.7003
vn 0.5773 -0.5544 -0.5994
vn 0.5967 -0.5477 -0.5865
vn 0.9060 -0.3475 0.2415
vn 0.9195 -0.3526 0.1737
vn 0.9192 -0.3525 -0.1752
vn 0.9200 -0.3513 -0.1737
vn -0.3564 -0.8817 0.3090
vn -0.3559 -0.8818 0.3095
vn -0.3560 -0.8819 -0.3090
vn -0.3470 -0.8597 -0.3749
vn 0.7206 -0.4106 0.5587
vn 0.7525 -0.4287 0.5000
vn 0.7517 -0.4283 -0.5015
vn 0.7534 -0.4271 -0.5000
vn -0.0042 -0.7422 0.6702
vn -0.0604 -0.7400 -0.6699
vn -0.0315 -0.7269 -0.6860
vn 0.8129 -0.3830 0.4387
vn 0.8382 -0.3949 0.3762
vn 0.8386 -0.3951 -0.3750
vn 0.8376 -0.3960 -0.3762
vn 0.9198 -0.3512 0.1752
vn 0.9292 -0.3548 0.1039
vn 0.9292 -0.3548 -0.1038
vn 0.9291 -0.3549 -0.1039
vn -0.2730 -0.8560 0.4389
vn -0.2736 -0.8561 0.4384
vn -0.2735 -0.8559 -0.4389
vn -0.2635 -0.8246 -0.5007
vn 0.6180 -0.4885 0.6160
vn 0.6537 -0.4396 0.6160
vn 0.6179 -0.4884 -0.6161
vn 0.6181 -0.4883 -0.6160
vn 0.6883 -0.4628 0.5587
vn 0.6884 -0.4629 -0.5585
vn 0.6881 -0.4630 -0.5587
vn 0.9291 -0.3549 0.1038
vn 0.9336 -0.3566 0.0346
vn 0.9340 -0.3557 -0.0347
vn 0.9336 -0.3566 -0.0358
vn 0.9339 -0.3556 0.0358
vn -0.3631 -0.8998 0.2419
vn -0.3637 -0.8997 0.2413
vn -0.3636 -0.8996 -0.2419
vn -0.3564 -0.8816 -0.3095
vn 0.5466 -0.5017 0.6705
vn 0.3995 -0.7069 -0.5837
vn 0.5571 -0.5957 -0.5786
vn -0.0634 -0.7851 0.6162
vn -0.0641 -0.7853 0.6158
vn -0.1240 -0.7778 -0.6162
vn -0.0641 -0.7850 -0.6162
vn -0.1989 -0.8425 0.5007
vn -0.1996 -0.8426 0.5002
vn -0.1995 -0.8423 -0.5007
vn -0.1910 -0.8063 -0.5599
vn 0.8381 -0.3962 0.3750
vn 0.8599 -0.4066 0.3087
vn 0.8595 -0.4064 -0.3101
vn 0.8605 -0.4052 -0.3087
vn -0.3700 -0.9128 0.1730
vn -0.3684 -0.9131 0.1747
vn -0.3686 -0.9134 -0.1730
vn -0.3631 -0.8999 -0.2413
vn 0.0499 -0.7117 0.7007
vn 0.0240 -0.7425 0.6695
vn -0.0042 -0.7423 -0.6700
vn -0.1286 -0.8185 0.5599
vn -0.1306 -0.8191 0.5585
vn -0.1304 -0.8182 -0.5599
vn 0.7526 -0.4266 0.5015
vn 0.7818 -0.4431 0.4387
vn 0.7821 -0.4434 -0.4378
vn 0.7813 -0.4440 -0.4387
vn -0.2812 -0.8834 0.3749
vn -0.2818 -0.8835 0.3743
vn -0.2817 -0.8832 -0.3749
vn -0.2731 -0.8563 -0.4385
vn -0.3736 -0.9216 0.1050
vn -0.3736 -0.9216 -0.1050
vn -0.3699 -0.9125 -0.1747
vn 0.5803 -0.5326 0.6161
vn 0.6181 -0.4882 0.6161
vn 0.5806 -0.5330 -0.6155
vn 0.5797 -0.5333 -0.6161
vn 0.5067 -0.5418 0.6706
vn 0.4456 -0.5562 0.7015
vn 0.4638 -0.5787 -0.6709
vn -0.3744 -0.9266 0.0358
vn -0.3754 -0.9262 0.0346
vn -0.3754 -0.9262 -0.0358
vn 0.8601 -0.4050 0.3101
vn 0.8779 -0.4134 0.2415
vn 0.8779 -0.4134 -0.2417
vn 0.8780 -0.4132 -0.2415
vn -0.3744 -0.9266 -0.0347
vn 0.6882 -0.4631 0.5585
vn 0.7178 -0.4830 0.5015
vn 0.7176 -0.4828 -0.5020
vn 0.7181 -0.4825 -0.5016
vn 0.6509 -0.5142 0.5585
vn 0.6503 -0.5137 -0.5597
vn 0.6518 -0.5130 -0.5585
vn 0.1081 -0.7342 0.6702
vn 0.1327 -0.7154 0.6860
vn 0.0519 -0.7405 -0.6700
vn 0.0784 -0.7232 -0.6862
vn -0.0042 -0.7879 0.6158
vn -0.0045 -0.7880 0.6156
vn -0.0634 -0.7854 -0.6158
vn -0.0045 -0.7879 -0.6158
vn -0.2891 -0.9059 0.3095
vn -0.2883 -0.9059 0.3102
vn -0.2884 -0.9061 -0.3095
vn -0.2812 -0.8836 -0.3743
vn -0.2066 -0.8747 0.4384
vn -0.2065 -0.8747 0.4385
vn -0.2065 -0.8747 -0.4384
vn -0.1990 -0.8427 -0.5002
vn 0.4456 -0.5560 0.7017
vn 0.5678 -0.5865 -0.5776
vn 0.4178 -0.6127 -0.6708
vn 0.8780 -0.4132 0.2417
vn 0.8908 -0.4192 0.1752
vn 0.8912 -0.4194 -0.1729
vn 0.8899 -0.4212 -0.1752
vn 0.7816 -0.4442 0.4379
vn 0.8059 -0.4580 0.3751
vn 0.8057 -0.4579 -0.3757
vn 0.8062 -0.4574 -0.3751
vn 0.1628 -0.7243 0.6700
vn 0.1081 -0.7345 -0.6700
vn -0.0679 -0.8267 0.5586
vn -0.0667 -0.8262 0.5594
vn -0.1288 -0.8194 -0.5586
vn -0.0668 -0.8268 -0.5586
vn 0.5383 -0.5756 0.6156
vn 0.5800 -0.5336 0.6155
vn 0.5385 -0.5758 -0.6152
vn 0.5379 -0.5760 -0.6156
vn -0.1361 -0.8551 0.5002
vn -0.1343 -0.8546 0.5016
vn -0.1344 -0.8554 -0.5002
vn 0.8902 -0.4214 0.1729
vn 0.8990 -0.4255 0.1038
vn 0.8988 -0.4254 -0.1057
vn 0.8997 -0.4239 -0.1038
vn 0.4180 -0.6129 0.6706
vn 0.4085 -0.7061 -0.5784
vn -0.2957 -0.9243 0.2414
vn -0.2950 -0.9243 0.2420
vn -0.2950 -0.9245 -0.2413
vn -0.2890 -0.9057 -0.3102
vn 0.8996 -0.4238 0.1057
vn 0.9040 -0.4259 0.0358
vn 0.9037 -0.4266 -0.0358
vn 0.9041 -0.4260 -0.0351
vn 0.2174 -0.7099 0.6699
vn 0.1628 -0.7243 -0.6700
vn 0.1869 -0.7028 -0.6864
vn 0.9038 -0.4266 0.0350
vn 0.3715 -0.6421 0.6705
vn 0.3327 -0.6427 0.6901
vn 0.3438 -0.7147 -0.6091
vn 0.2671 -0.6947 -0.6679
vn 0.7179 -0.4824 0.5020
vn 0.7462 -0.5014 0.4378
vn 0.7462 -0.5014 -0.4379
vn 0.7463 -0.5013 -0.4378
vn 0.0550 -0.7861 0.6156
vn 0.0551 -0.7861 0.6157
vn -0.0042 -0.7880 -0.6156
vn 0.0551 -0.7861 -0.6156
vn 0.2340 -0.6928 0.6821
vn 0.2173 -0.7093 -0.6706
vn 0.2704 -0.6908 -0.6706
vn 0.8060 -0.4573 0.3757
vn 0.8269 -0.4692 0.3101
vn 0.8271 -0.4693 -0.3093
vn 0.8265 -0.4698 -0.3101
vn 0.3199 -0.6649 0.6749
vn 0.2716 -0.6939 0.6669
vn 0.6099 -0.5611 0.5597
vn 0.6513 -0.5125 0.5596
vn 0.6101 -0.5612 -0.5592
vn 0.6095 -0.5615 -0.5597
vn -0.2141 -0.9022 0.3743
vn -0.2130 -0.9021 0.3753
vn -0.2131 -0.9025 -0.3743
vn -0.2066 -0.8747 -0.4385
vn 0.6796 -0.5348 0.5020
vn 0.6801 -0.5352 -0.5011
vn 0.6789 -0.5358 -0.5020
vn -0.2979 -0.9385 0.1747
vn -0.3001 -0.9382 0.1724
vn -0.3000 -0.9378 -0.1747
vn -0.2956 -0.9241 -0.2420
vn 0.4931 -0.6152 0.6152
vn 0.5381 -0.5762 0.6152
vn 0.4928 -0.6149 -0.6156
vn 0.4935 -0.6148 -0.6152
vn -0.3015 -0.9477 0.1049
vn -0.3009 -0.9478 0.1055
vn -0.3009 -0.9479 -0.1049
vn -0.2981 -0.9388 -0.1724
vn -0.0043 -0.8288 0.5595
vn -0.0044 -0.8289 0.5593
vn -0.0679 -0.8261 -0.5594
vn -0.0044 -0.8288 -0.5595
vn 0.1142 -0.7797 0.6156
vn 0.1147 -0.7793 0.6160
vn 0.0550 -0.7861 -0.6157
vn 0.1148 -0.7796 -0.6156
vn 0.8267 -0.4700 0.3093
vn 0.8436 -0.4795 0.2417
vn 0.8437 -0.4796 -0.2413
vn 0.8434 -0.4799 -0.2417
vn -0.1410 -0.8876 0.4385
vn -0.1413 -0.8877 0.4383
vn -0.1413 -0.8875 -0.4385
vn -0.1360 -0.8544 -0.5016
vn -0.3025 -0.9525 0.0347
vn -0.3030 -0.9524 0.0342
vn -0.3030 -0.9524 -0.0347
vn -0.3015 -0.9476 -0.1055
vn -0.0695 -0.8623 0.5016
vn -0.0709 -0.8629 0.5004
vn -0.0709 -0.8622 -0.5016
vn -0.3025 -0.9525 -0.0343
vn -0.2191 -0.9251 0.3102
vn -0.2196 -0.9251 0.3098
vn -0.2195 -0.9250 -0.3102
vn -0.2140 -0.9019 -0.3753
vn 0.7463 -0.5013 0.4379
vn 0.7693 -0.5168 0.3757
vn 0.7696 -0.5170 -0.3747
vn 0.7687 -0.5177 -0.3757
vn 0.4440 -0.6511 0.6156
vn 0.4933 -0.6146 0.6156
vn 0.4438 -0.6508 -0.6161
vn 0.4446 -0.6507 -0.6156
vn 0.5658 -0.6059 0.5592
vn 0.6097 -0.5616 0.5593
vn 0.5657 -0.6058 -0.5594
vn 0.5661 -0.6057 -0.5592
vn 0.8435 -0.4799 0.2413
vn 0.8561 -0.4871 0.1729
vn 0.8560 -0.4870 -0.1736
vn 0.8564 -0.4865 -0.1729
vn 0.1734 -0.7684 0.6160
vn 0.1729 -0.7689 0.6156
vn 0.1142 -0.7794 -0.6160
vn 0.1728 -0.7685 -0.6160
vn 0.6794 -0.5361 0.5011
vn 0.7057 -0.5569 0.4380
vn 0.7059 -0.5570 -0.4376
vn 0.7055 -0.5572 -0.4379
vn 0.3945 -0.6818 0.6161
vn 0.4444 -0.6504 0.6161
vn 0.3945 -0.6818 -0.6160
vn 0.3944 -0.6818 -0.6161
vn 0.6365 -0.5863 0.5011
vn 0.6366 -0.5864 -0.5008
vn 0.6363 -0.5866 -0.5011
vn 0.0580 -0.8270 0.5593
vn 0.0579 -0.8270 0.5592
vn -0.0043 -0.8289 -0.5593
vn 0.0579 -0.8270 -0.5593
vn 0.8563 -0.4864 0.1736
vn 0.8646 -0.4912 0.1057
vn 0.8647 -0.4912 -0.1047
vn 0.8642 -0.4920 -0.1057
vn -0.2228 -0.9443 0.2421
vn -0.2237 -0.9443 0.2412
vn -0.2236 -0.9441 -0.2421
vn -0.2191 -0.9252 -0.3098
vn 0.2301 -0.7537 0.6156
vn 0.2307 -0.7531 0.6161
vn 0.1735 -0.7687 -0.6156
vn 0.2308 -0.7535 -0.6156
vn -0.1457 -0.9154 0.3753
vn -0.1455 -0.9153 0.3755
vn -0.1455 -0.9154 -0.3753
vn -0.1411 -0.8877 -0.4383
vn 0.3415 -0.7098 0.6160
vn 0.3945 -0.6818 0.6160
vn 0.3415 -0.7098 -0.6160
vn 0.7690 -0.5179 0.3747
vn 0.7888 -0.5312 0.3093
vn 0.7887 -0.5312 -0.3094
vn 0.7888 -0.5311 -0.3093
vn 0.8643 -0.4920 0.1047
vn 0.8685 -0.4944 0.0350
vn 0.8686 -0.4943 -0.0350
vn 0.8685 -0.4944 -0.0352
vn 0.2872 -0.7335 0.6161
vn 0.2300 -0.7533 -0.6161
vn 0.2871 -0.7335 -0.6161
vn 0.8686 -0.4943 0.0352
vn 0.2872 -0.7335 -0.6161
vn 0.5189 -0.6464 0.5594
vn 0.5660 -0.6056 0.5594
vn 0.5188 -0.6463 -0.5596
vn 0.5190 -0.6463 -0.5594
vn -0.0057 -0.8657 0.5005
vn -0.0044 -0.8652 0.5015
vn -0.0695 -0.8630 -0.5005
vn -0.0044 -0.8658 -0.5004
vn -0.0726 -0.8959 0.4382
vn -0.0722 -0.8958 0.4386
vn -0.0722 -0.8960 -0.4382
vn -0.2274 -0.9584 0.1724
vn -0.2261 -0.9585 0.1736
vn -0.2262 -0.9587 -0.1724
vn -0.2228 -0.9445 -0.2412
vn 0.1204 -0.8202 0.5593
vn 0.1202 -0.8204 0.5591
vn 0.0580 -0.8270 -0.5592
vn 0.1201 -0.8202 -0.5593
vn 0.7056 -0.5574 0.4376
vn 0.7276 -0.5747 0.3747
vn 0.7273 -0.5745 -0.3756
vn 0.7281 -0.5739 -0.3747
vn 0.7888 -0.5311 0.3094
vn 0.8050 -0.5420 0.2413
vn 0.8048 -0.5419 -0.2422
vn 0.8055 -0.5413 -0.2413
vn -0.2293 -0.9676 0.1055
vn -0.2295 -0.9676 0.1053
vn -0.2295 -0.9676 -0.1055
vn -0.2273 -0.9582 -0.1736
vn 0.5910 -0.6324 0.5008
vn 0.6364 -0.5867 0.5008
vn 0.5909 -0.6323 -0.5010
vn 0.5911 -0.6323 -0.5008
vn -0.1489 -0.9391 0.3097
vn -0.1495 -0.9392 0.3092
vn -0.1494 -0.9390 -0.3097
vn -0.1456 -0.9153 -0.3755
vn 0.4676 -0.6843 0.5595
vn 0.5190 -0.6462 0.5595
vn 0.4678 -0.6847 -0.5589
vn 0.4669 -0.6848 -0.5595
vn 0.6611 -0.6095 0.4375
vn 0.6606 -0.6090 -0.4391
vn 0.6623 -0.6082 -0.4376
vn -0.2312 -0.9723 0.0342
vn -0.2304 -0.9725 0.0350
vn -0.2304 -0.9725 -0.0342
vn -0.2293 -0.9676 -0.1053
vn -0.2312 -0.9723 -0.0350
vn 0.1811 -0.8091 0.5591
vn 0.1824 -0.8080 0.5602
vn 0.1204 -0.8203 -0.5591
vn 0.1825 -0.8088 -0.5591
vn 0.0610 -0.8630 0.5015
vn 0.0605 -0.8633 0.5011
vn -0.0057 -0.8652 -0.5014
vn 0.0605 -0.8630 -0.5015
vn 0.8053 -0.5412 0.2422
vn 0.8174 -0.5493 0.1737
vn 0.8174 -0.5493 -0.1733
vn 0.8172 -0.5496 -0.1737
vn -0.0742 -0.9238 0.3755
vn -0.0749 -0.9240 0.3749
vn -0.0749 -0.9238 -0.3756
vn -0.0726 -0.8957 -0.4386
vn 0.4152 -0.7178 0.5589
vn 0.4671 -0.6851 0.5589
vn 0.4150 -0.7174 -0.5596
vn 0.4160 -0.7173 -0.5589
vn -0.0057 -0.8987 0.4385
vn -0.0059 -0.8988 0.4383
vn -0.0059 -0.8987 -0.4385
vn -0.1521 -0.9585 0.2412
vn -0.1520 -0.9585 0.2413
vn -0.1520 -0.9585 -0.2412
vn -0.1489 -0.9393 -0.3092
vn 0.2432 -0.7918 0.5602
vn 0.2420 -0.7930 0.5591
vn 0.1809 -0.8084 -0.5602
vn 0.2418 -0.7922 -0.5602
vn 0.7279 -0.5737 0.3756
vn 0.7468 -0.5887 0.3094
vn 0.7470 -0.5888 -0.3088
vn 0.7465 -0.5892 -0.3093
vn 0.8172 -0.5496 0.1733
vn 0.8252 -0.5550 0.1047
vn 0.8253 -0.5550 -0.1043
vn 0.8250 -0.5553 -0.1047
vn 0.5419 -0.6748 0.5010
vn 0.5911 -0.6322 0.5010
vn 0.5423 -0.6753 -0.4999
vn 0.5408 -0.6757 -0.5010
vn 0.3593 -0.7468 0.5596
vn 0.4158 -0.7170 0.5595
vn 0.3593 -0.7469 -0.5595
vn 0.3593 -0.7469 -0.5596
vn 0.3018 -0.7721 0.5592
vn 0.3022 -0.7717 0.5596
vn 0.2434 -0.7925 -0.5592
vn 0.3023 -0.7720 -0.5592
vn 0.3593 -0.7469 0.5595
vn 0.3017 -0.7719 -0.5596
vn 0.8251 -0.5553 0.1043
vn 0.8291 -0.5580 0.0352
vn 0.8289 -0.5584 -0.0352
vn 0.8291 -0.5580 -0.0348
vn 0.8289 -0.5584 0.0348
vn 0.6618 -0.6077 0.4391
vn 0.6826 -0.6268 0.3757
vn 0.6829 -0.6271 -0.3747
vn 0.6819 -0.6276 -0.3757
vn 0.1262 -0.8562 0.5010
vn 0.1257 -0.8565 0.5006
vn 0.0611 -0.8633 -0.5011
vn 0.1257 -0.8563 -0.5010
vn 0.6136 -0.6563 0.4391
vn 0.6139 -0.6566 -0.4382
vn 0.6129 -0.6570 -0.4391
vn -0.1540 -0.9727 0.1737
vn -0.1544 -0.9727 0.1733
vn -0.1543 -0.9726 -0.1737
vn -0.1521 -0.9585 -0.2413
vn -0.0773 -0.9479 0.3091
vn -0.0762 -0.9476 0.3102
vn -0.0762 -0.9480 -0.3091
vn -0.0743 -0.9241 -0.3749
vn 0.7466 -0.5893 0.3088
vn 0.7616 -0.6011 0.2422
vn 0.7616 -0.6011 -0.2423
vn 0.7617 -0.6010 -0.2422
vn 0.4879 -0.7156 0.4998
vn 0.5412 -0.6762 0.4999
vn 0.4873 -0.7147 -0.5018
vn 0.4899 -0.7142 -0.4999
vn -0.1558 -0.9822 0.1053
vn -0.1555 -0.9822 0.1056
vn -0.1555 -0.9822 -0.1053
vn -0.1540 -0.9728 -0.1733
vn 0.0627 -0.8966 0.4384
vn 0.0634 -0.8963 0.4390
vn -0.0057 -0.8988 -0.4383
vn 0.0634 -0.8966 -0.4383
vn -0.0057 -0.9270 0.3750
vn -0.0059 -0.9271 0.3748
vn -0.0059 -0.9270 -0.3750
vn 0.1902 -0.8445 0.5007
vn 0.1892 -0.8453 0.4997
vn 0.1262 -0.8564 -0.5006
vn 0.1890 -0.8447 -0.5007
vn -0.1563 -0.9871 0.0350
vn -0.1565 -0.9871 0.0348
vn -0.1565 -0.9870 -0.0351
vn -0.1558 -0.9821 -0.1056
vn -0.1563 -0.9871 -0.0348
vn 0.7616 -0.6010 0.2423
vn 0.7731 -0.6101 0.1734
vn 0.7730 -0.6100 -0.1743
vn 0.7737 -0.6094 -0.1734
vn 0.4339 -0.7483 0.5018
vn 0.4893 -0.7133 0.5018
vn 0.4343 -0.7489 -0.5006
vn 0.4327 -0.7490 -0.5018
vn 0.6822 -0.6279 0.3747
vn 0.6999 -0.6441 0.3088
vn 0.6998 -0.6441 -0.3089
vn 0.6999 -0.6440 -0.3088
vn 0.5617 -0.7017 0.4383
vn 0.6132 -0.6573 0.4382
vn 0.5616 -0.7017 -0.4384
vn 0.5619 -0.7016 -0.4383
vn -0.0789 -0.9672 0.2414
vn -0.0789 -0.9672 -0.2414
vn -0.0773 -0.9475 -0.3102
vn 0.2529 -0.8284 0.4998
vn 0.2541 -0.8273 0.5010
vn 0.1903 -0.8450 -0.4998
vn 0.2543 -0.8280 -0.4998
vn 0.6325 -0.6780 0.3746
vn 0.6322 -0.6777 -0.3755
vn 0.6331 -0.6773 -0.3747
vn 0.3753 -0.7801 0.5005
vn 0.4330 -0.7496 0.5006
vn 0.3752 -0.7799 -0.5010
vn 0.3758 -0.7799 -0.5005
vn 0.7735 -0.6093 0.1743
vn 0.7813 -0.6154 0.1042
vn 0.7814 -0.6155 -0.1032
vn 0.7807 -0.6162 -0.1042
vn 0.3151 -0.8061 0.5009
vn 0.3150 -0.8061 0.5009
vn 0.2527 -0.8278 -0.5009
vn 0.3150 -0.8061 -0.5009
vn 0.1309 -0.8889 0.4389
vn 0.1310 -0.8889 0.4390
vn 0.0627 -0.8963 -0.4389
vn 0.1310 -0.8889 -0.4389
vn 0.3757 -0.7797 0.5010
vn 0.3151 -0.8061 -0.5009
vn 0.7808 -0.6162 0.1032
vn 0.7845 -0.6192 0.0347
vn 0.7849 -0.6187 -0.0348
vn 0.7845 -0.6192 -0.0355
vn -0.0043 -0.9507 0.3102
vn -0.0059 -0.9512 0.3086
vn -0.0059 -0.9507 -0.3102
vn -0.0057 -0.9271 -0.3748
vn 0.7849 -0.6186 0.0355
vn -0.0806 -0.9816 0.1733
vn -0.0801 -0.9815 0.1738
vn -0.0801 -0.9816 -0.1733
vn 0.0642 -0.9249 0.3748
vn 0.0647 -0.9247 0.3752
vn 0.0647 -0.9249 -0.3748
vn 0.6999 -0.6440 0.3089
vn 0.7140 -0.6569 0.2422
vn 0.7141 -0.6571 -0.2415
vn 0.7135 -0.6575 -0.2422
vn 0.5084 -0.7412 0.4384
vn 0.5618 -0.7015 0.4384
vn 0.5085 -0.7413 -0.4381
vn 0.5080 -0.7414 -0.4384
vn 0.1981 -0.8764 0.4390
vn 0.1975 -0.8768 0.4384
vn 0.1308 -0.8889 -0.4390
vn 0.1974 -0.8765 -0.4390
vn -0.0808 -0.9911 0.1056
vn -0.0814 -0.9911 0.1050
vn -0.0814 -0.9911 -0.1056
vn -0.0806 -0.9815 -0.1738
vn 0.6329 -0.6771 0.3755
vn 0.6495 -0.6948 0.3089
vn 0.6495 -0.6949 -0.3086
vn 0.6493 -0.6950 -0.3089
vn 0.5793 -0.7234 0.3755
vn 0.5793 -0.7235 -0.3755
vn 0.4496 -0.7784 0.4381
vn 0.5081 -0.7415 0.4381
vn 0.4495 -0.7781 -0.4388
vn 0.4503 -0.7780 -0.4381
vn -0.0810 -0.9961 0.0347
vn -0.0812 -0.9961 0.0345
vn -0.0812 -0.9961 -0.0348
vn -0.0808 -0.9912 -0.1050
vn 0.7136 -0.6576 0.2415
vn 0.7241 -0.6673 0.1742
vn 0.7241 -0.6672 -0.1747
vn 0.7244 -0.6669 -0.1742
vn -0.0057 -0.9704 0.2415
vn -0.0044 -0.9700 0.2429
vn -0.0044 -0.9704 -0.2415
vn -0.0043 -0.9512 -0.3086
vn -0.0810 -0.9961 -0.0345
vn 0.2632 -0.8594 0.4383
vn 0.2626 -0.8600 0.4376
vn 0.1981 -0.8767 -0.4384
vn 0.2625 -0.8596 -0.4383
vn 0.1357 -0.9169 0.3752
vn 0.1350 -0.9173 0.3746
vn 0.0642 -0.9247 -0.3752
vn 0.1350 -0.9170 -0.3752
vn 0.3900 -0.8095 0.4388
vn 0.4501 -0.7777 0.4388
vn 0.3903 -0.8101 -0.4375
vn 0.3887 -0.8102 -0.4388
vn 0.0659 -0.9489 0.3087
vn 0.0659 -0.9489 -0.3087
vn 0.3275 -0.8374 0.4376
vn 0.3274 -0.8376 0.4374
vn 0.2633 -0.8597 -0.4376
vn 0.3273 -0.8375 -0.4376
vn 0.7244 -0.6669 0.1747
vn 0.7318 -0.6737 0.1032
vn 0.7316 -0.6736 -0.1052
vn 0.7330 -0.6724 -0.1032
vn 0.3890 -0.8107 0.4375
vn 0.3276 -0.8375 -0.4374
vn 0.5239 -0.7645 0.3755
vn 0.5793 -0.7235 0.3755
vn 0.5240 -0.7648 -0.3749
vn 0.5233 -0.7649 -0.3755
vn 0.6493 -0.6951 0.3086
vn 0.6624 -0.7091 0.2415
vn 0.6623 -0.7090 -0.2421
vn 0.6628 -0.7087 -0.2415
vn -0.0058 -0.9848 0.1738
vn -0.0058 -0.9848 -0.1738
vn -0.0057 -0.9700 -0.2429
vn 0.7328 -0.6722 0.1052
vn 0.7364 -0.6756 0.0355
vn 0.7350 -0.6771 -0.0356
vn 0.7365 -0.6756 -0.0333
vn 0.7351 -0.6772 0.0332
vn 0.5946 -0.7425 0.3086
vn 0.5945 -0.7424 -0.3088
vn 0.5947 -0.7423 -0.3086
vn 0.2027 -0.9048 0.3745
vn 0.2043 -0.9037 0.3762
vn 0.1357 -0.9172 -0.3746
vn 0.2044 -0.9044 -0.3745
vn -0.0058 -0.9945 0.1050
vn -0.0058 -0.9945 0.1049
vn -0.0058 -0.9945 -0.1050
vn 0.0675 -0.9677 0.2429
vn 0.0672 -0.9678 0.2426
vn 0.0672 -0.9677 -0.2429
vn 0.4644 -0.8024 0.3748
vn 0.5234 -0.7652 0.3749
vn 0.4646 -0.8027 -0.3739
vn 0.4635 -0.8029 -0.3748
vn 0.6627 -0.7086 0.2421
vn 0.6725 -0.7191 0.1748
vn 0.6726 -0.7192 -0.1741
vn 0.6721 -0.7196 -0.1748
vn 0.1389 -0.9410 0.3086
vn 0.1392 -0.9408 0.3090
vn 0.1392 -0.9409 -0.3086
vn -0.0058 -0.9994 0.0345
vn -0.0058 -0.9994 0.0344
vn -0.0058 -0.9994 -0.0345
vn -0.0058 -0.9945 -0.1049
vn 0.2724 -0.8856 0.3762
vn 0.2715 -0.8863 0.3752
vn 0.2025 -0.9041 -0.3762
vn 0.2713 -0.8859 -0.3762
vn 0.4012 -0.8362 0.3739
vn 0.4637 -0.8033 0.3739
vn 0.4009 -0.8356 -0.3755
vn 0.4027 -0.8355 -0.3739
vn 0.5370 -0.7850 0.3087
vn 0.5947 -0.7423 0.3088
vn 0.5370 -0.7850 -0.3089
vn 0.5371 -0.7850 -0.3087
vn 0.6066 -0.7572 0.2421
vn 0.6065 -0.7570 -0.2430
vn 0.6073 -0.7567 -0.2421
vn 0.3373 -0.8634 0.3752
vn 0.3376 -0.8631 0.3756
vn 0.2725 -0.8860 -0.3752
vn 0.3377 -0.8632 -0.3752
vn 0.6722 -0.7196 0.1741
vn 0.6788 -0.7268 0.1051
vn 0.6789 -0.7268 -0.1043
vn 0.6782 -0.7273 -0.1051
vn 0.4025 -0.8349 0.3755
vn 0.3373 -0.8632 -0.3756
vn 0.0690 -0.9824 0.1737
vn 0.0685 -0.9825 0.1731
vn 0.0685 -0.9824 -0.1737
vn 0.0675 -0.9678 -0.2426
vn 0.2087 -0.9279 0.3089
vn 0.2079 -0.9284 0.3081
vn 0.1389 -0.9409 -0.3089
vn 0.2079 -0.9281 -0.3089
vn 0.6783 -0.7274 0.1043
vn 0.6816 -0.7309 0.0332
vn 0.6825 -0.7302 -0.0333
vn 0.6816 -0.7309 -0.0345
vn 0.6824 -0.7301 0.0344
vn 0.1420 -0.9597 0.2427
vn 0.1417 -0.9598 0.2423
vn 0.1417 -0.9597 -0.2427
vn 0.4755 -0.8237 0.3089
vn 0.5371 -0.7849 0.3089
vn 0.4753 -0.8233 -0.3102
vn 0.4766 -0.8230 -0.3089
vn 0.0707 -0.9920 0.1049
vn 0.0697 -0.9921 0.1039
vn 0.0697 -0.9920 -0.1049
vn 0.0690 -0.9825 -0.1731
vn 0.6072 -0.7565 0.2430
vn 0.6164 -0.7679 0.1741
vn 0.6165 -0.7680 -0.1734
vn 0.6159 -0.7684 -0.1741
vn 0.2780 -0.9098 0.3081
vn 0.2795 -0.9088 0.3099
vn 0.2088 -0.9282 -0.3081
vn 0.2797 -0.9093 -0.3081
vn 0.5478 -0.8005 0.2431
vn 0.5479 -0.8007 -0.2420
vn 0.5470 -0.8011 -0.2431
vn 0.0709 -0.9969 0.0345
vn 0.0710 -0.9969 0.0346
vn 0.0710 -0.9969 -0.0345
vn 0.0707 -0.9921 -0.1039
vn 0.4128 -0.8564 0.3101
vn 0.4764 -0.8227 0.3102
vn 0.4130 -0.8567 -0.3092
vn 0.4120 -0.8568 -0.3101
vn 0.0709 -0.9969 -0.0347
vn 0.3467 -0.8853 0.3099
vn 0.3461 -0.8858 0.3092
vn 0.2778 -0.9093 -0.3099
vn 0.3460 -0.8856 -0.3099
vn 0.1439 -0.9743 0.1731
vn 0.1442 -0.9742 0.1734
vn 0.1442 -0.9743 -0.1731
vn 0.1420 -0.9597 -0.2423
vn 0.4121 -0.8571 0.3092
vn 0.3468 -0.8855 -0.3092
vn 0.6159 -0.7685 0.1734
vn 0.6220 -0.7760 0.1042
vn 0.6220 -0.7761 -0.1040
vn 0.6218 -0.7762 -0.1042
vn 0.2126 -0.9466 0.2424
vn 0.2129 -0.9464 0.2428
vn 0.2129 -0.9465 -0.2424
vn 0.6218 -0.7762 0.1040
vn 0.6249 -0.7800 0.0345
vn 0.6250 -0.7798 -0.0345
vn 0.6248 -0.7800 -0.0348
vn 0.4862 -0.8396 0.2421
vn 0.5471 -0.8013 0.2421
vn 0.4862 -0.8396 -0.2424
vn 0.4865 -0.8395 -0.2421
vn 0.5553 -0.8133 0.1734
vn 0.5553 -0.8133 -0.1736
vn 0.5556 -0.8132 -0.1734
vn 0.6250 -0.7798 0.0347
vn 0.1443 -0.9841 0.1039
vn 0.1453 -0.9838 0.1050
vn 0.1453 -0.9839 -0.1039
vn 0.1439 -0.9743 -0.1734
vn 0.2843 -0.9275 0.2427
vn 0.2835 -0.9280 0.2418
vn 0.2126 -0.9465 -0.2428
vn 0.2834 -0.9278 -0.2427
vn 0.4204 -0.8744 0.2424
vn 0.4864 -0.8394 0.2424
vn 0.4204 -0.8743 -0.2427
vn 0.4206 -0.8743 -0.2424
vn 0.2158 -0.9609 0.1734
vn 0.2158 -0.9609 -0.1734
vn 0.1446 -0.9889 0.0346
vn 0.1450 -0.9888 0.0350
vn 0.1450 -0.9888 -0.0346
vn 0.1443 -0.9840 -0.1050
vn 0.3529 -0.9039 0.2417
vn 0.3537 -0.9033 0.2427
vn 0.2844 -0.9277 -0.2418
vn 0.3538 -0.9035 -0.2417
vn 0.1446 -0.9889 -0.0351
vn 0.5555 -0.8132 0.1736
vn 0.5611 -0.8212 0.1039
vn 0.5610 -0.8211 -0.1055
vn 0.5623 -0.8204 -0.1039
vn 0.4206 -0.8742 0.2427
vn 0.3529 -0.9037 -0.2426
vn 0.4938 -0.8521 0.1737
vn 0.4938 -0.8521 -0.1736
vn 0.4937 -0.8521 -0.1737
vn 0.5622 -0.8202 0.1055
vn 0.5650 -0.8243 0.0348
vn 0.5653 -0.8241 -0.0348
vn 0.5650 -0.8243 -0.0352
vn 0.2177 -0.9704 0.1050
vn 0.2179 -0.9703 0.1052
vn 0.2179 -0.9703 -0.1050
vn 0.2880 -0.9418 0.1735
vn 0.2886 -0.9415 0.1741
vn 0.2886 -0.9416 -0.1735
vn 0.5653 -0.8241 0.0352
vn 0.4270 -0.8875 0.1736
vn 0.4937 -0.8521 0.1736
vn 0.4271 -0.8876 -0.1724
vn 0.4260 -0.8879 -0.1736
vn 0.4985 -0.8604 0.1055
vn 0.4986 -0.8605 -0.1043
vn 0.4976 -0.8610 -0.1055
vn 0.2199 -0.9749 0.0350
vn 0.2188 -0.9752 0.0338
vn 0.2188 -0.9751 -0.0351
vn 0.2177 -0.9703 -0.1052
vn 0.3598 -0.9166 0.1742
vn 0.3583 -0.9176 0.1724
vn 0.2880 -0.9417 -0.1741
vn 0.3582 -0.9173 -0.1742
vn 0.4261 -0.8881 0.1724
vn 0.3599 -0.9169 -0.1724
vn 0.2199 -0.9749 -0.0339
vn 0.2914 -0.9508 0.1051
vn 0.2908 -0.9511 0.1044
vn 0.2908 -0.9510 -0.1051
vn 0.4976 -0.8611 0.1043
vn 0.5000 -0.8653 0.0352
vn 0.4994 -0.8656 -0.0352
vn 0.5001 -0.8653 -0.0344
vn 0.4994 -0.8657 0.0344
vn 0.4302 -0.8967 0.1043
vn 0.4301 -0.8966 -0.1058
vn 0.4314 -0.8961 -0.1043
vn 0.3621 -0.9263 0.1044
vn 0.3633 -0.9256 0.1058
vn 0.2915 -0.9509 -0.1044
vn 0.3633 -0.9258 -0.1044
vn 0.2921 -0.9558 0.0338
vn 0.2929 -0.9555 0.0347
vn 0.2929 -0.9555 -0.0338
vn 0.4314 -0.8959 0.1058
vn 0.3621 -0.9261 -0.1058
vn 0.2921 -0.9558 -0.0347
vn 0.4336 -0.9005 0.0343
vn 0.4336 -0.9004 -0.0343
vn 0.4336 -0.9005 -0.0344
vn 0.4336 -0.9004 0.0343
vn 0.3642 -0.9307 0.0346
vn 0.3639 -0.9308 0.0343
vn 0.3642 -0.9307 -0.0347
vn 0.3639 -0.9308 -0.0344
usemtl Carriage1_rhmat
s off
f 1//1 2//1 3//1
f 4//2 1//2 3//2
f 5//3 4//3 3//3
f 6//4 5//4 3//4
f 7//5 6//5 3//5
f 2//6 7//6 3//6
f 8//7 5//7 6//7
f 9//8 8//8 6//8
f 7//9 9//9 6//9
f 10//10 2//10 1//10
f 11//11 10//11 1//11
f 12//12 11//12 1//12
f 4//13 12//13 1//13
f 13//14 8//14 9//14
f 14//15 13//15 9//15
f 15//16 14//16 9//16
f 7//17 15//17 9//17
f 16//18 10//18 11//18
f 17//19 16//19 11//19
f 18//20 17//20 11//20
f 12//3 18//3 11//3
f 19//21 20//21 21//21
f 22//22 19//22 21//22
f 20//23 23//23 21//23
f 24//24 22//24 21//24
f 23//25 24//25 21//25
f 25//26 23//26 20//26
f 26//27 25//27 20//27
f 19//28 26//28 20//28
f 27//29 24//29 23//29
f 28//30 26//30 19//30
f 25//31 29//31 23//31
f 29//32 30//32 23//32
f 30//33 27//33 23//33
f 22//34 31//34 19//34
f 31//35 32//35 19//35
f 32//36 28//36 19//36
f 33//3 13//3 14//3
f 34//3 33//3 14//3
f 35//37 34//37 14//37
f 15//38 35//38 14//38
f 36//39 16//39 17//39
f 37//40 36//40 17//40
f 38//41 37//41 17//41
f 18//42 38//42 17//42
f 24//43 31//43 22//43
f 26//44 29//44 25//44
f 29//45 39//45 30//45
f 31//46 40//46 32//46
f 40//47 41//47 32//47
f 41//48 28//48 32//48
f 42//3 43//3 27//3
f 30//49 42//49 27//49
f 43//3 24//3 27//3
f 43//3 31//3 24//3
f 28//50 44//50 26//50
f 44//51 29//51 26//51
f 41//50 45//50 28//50
f 45//50 44//50 28//50
f 46//3 33//3 34//3
f 47//3 46//3 34//3
f 48//52 47//52 34//52
f 35//53 48//53 34//53
f 49//54 36//54 37//54
f 50//55 49//55 37//55
f 51//56 50//56 37//56
f 38//57 51//57 37//57
f 39//58 52//58 30//58
f 40//59 53//59 41//59
f 54//60 42//60 30//60
f 52//61 54//61 30//61
f 55//62 40//62 31//62
f 43//3 55//3 31//3
f 44//63 56//63 29//63
f 56//64 39//64 29//64
f 53//50 57//50 41//50
f 57//50 45//50 41//50
f 40//65 58//65 53//65
f 59//66 60//66 39//66
f 60//67 52//67 39//67
f 58//68 61//68 53//68
f 62//3 54//3 52//3
f 60//69 62//69 52//69
f 63//70 58//70 40//70
f 64//71 63//71 40//71
f 55//72 64//72 40//72
f 56//50 65//50 39//50
f 65//50 59//50 39//50
f 61//50 57//50 53//50
f 66//73 67//73 68//73
f 69//74 66//74 68//74
f 67//75 4//75 68//75
f 4//76 5//76 68//76
f 5//77 69//77 68//77
f 67//78 12//78 4//78
f 10//79 43//79 2//79
f 43//80 7//80 2//80
f 10//81 55//81 43//81
f 42//82 7//82 43//82
f 70//83 66//83 69//83
f 5//84 8//84 69//84
f 8//85 70//85 69//85
f 66//86 71//86 67//86
f 71//87 12//87 67//87
f 71//88 18//88 12//88
f 15//89 7//89 42//89
f 54//90 15//90 42//90
f 16//91 64//91 55//91
f 10//92 16//92 55//92
f 63//93 61//93 58//93
f 72//94 62//94 60//94
f 73//95 72//95 60//95
f 74//96 61//96 63//96
f 75//97 74//97 63//97
f 76//98 60//98 59//98
f 74//99 77//99 61//99
f 77//100 78//100 61//100
f 79//101 66//101 70//101
f 8//102 13//102 70//102
f 13//103 79//103 70//103
f 66//3 80//3 71//3
f 80//104 18//104 71//104
f 80//105 38//105 18//105
f 35//106 15//106 54//106
f 62//107 35//107 54//107
f 36//108 63//108 64//108
f 16//109 36//109 64//109
f 81//3 46//3 47//3
f 82//3 81//3 47//3
f 83//110 82//110 47//110
f 48//111 83//111 47//111
f 84//112 49//112 50//112
f 85//113 84//113 50//113
f 86//114 85//114 50//114
f 51//115 86//115 50//115
f 76//116 73//116 60//116
f 75//117 77//117 74//117
f 75//118 87//118 77//118
f 88//119 72//119 73//119
f 89//120 88//120 73//120
f 90//121 91//121 77//121
f 91//122 78//122 77//122
f 89//123 73//123 76//123
f 92//124 89//124 76//124
f 93//3 87//3 75//3
f 63//3 93//3 75//3
f 59//125 94//125 76//125
f 94//126 92//126 76//126
f 95//3 66//3 79//3
f 13//127 33//127 79//127
f 33//127 95//127 79//127
f 66//128 96//128 80//128
f 96//129 38//129 80//129
f 96//130 51//130 38//130
f 48//131 35//131 62//131
f 72//132 48//132 62//132
f 49//133 93//133 63//133
f 36//134 49//134 63//134
f 87//135 90//135 77//135
f 97//136 89//136 92//136
f 98//32 97//32 92//32
f 99//137 100//137 87//137
f 100//138 90//138 87//138
f 97//139 101//139 89//139
f 100//140 102//140 90//140
f 103//141 88//141 89//141
f 101//142 103//142 89//142
f 104//50 91//50 90//50
f 102//50 104//50 90//50
f 105//143 99//143 87//143
f 106//3 105//3 87//3
f 93//3 106//3 87//3
f 107//144 98//144 92//144
f 94//145 108//145 92//145
f 108//146 107//146 92//146
f 109//147 66//147 95//147
f 33//148 46//148 95//148
f 46//149 109//149 95//149
f 66//150 110//150 96//150
f 110//151 51//151 96//151
f 110//152 86//152 51//152
f 83//153 48//153 72//153
f 88//154 83//154 72//154
f 84//155 106//155 93//155
f 49//156 84//156 93//156
f 111//157 100//157 99//157
f 105//158 111//158 99//158
f 112//159 97//159 98//159
f 107//160 112//160 98//160
f 113//3 81//3 82//3
f 114//3 113//3 82//3
f 115//161 114//161 82//161
f 83//162 115//162 82//162
f 116//163 84//163 85//163
f 117//164 116//164 85//164
f 118//165 117//165 85//165
f 86//3 118//3 85//3
f 112//166 119//166 97//166
f 119//167 101//167 97//167
f 111//168 120//168 100//168
f 120//169 102//169 100//169
f 121//170 120//170 111//170
f 122//171 121//171 111//171
f 105//172 122//172 111//172
f 123//173 119//173 112//173
f 124//174 123//174 112//174
f 107//175 124//175 112//175
f 125//176 66//176 109//176
f 46//177 81//177 109//177
f 81//178 125//178 109//178
f 66//179 126//179 110//179
f 126//180 86//180 110//180
f 126//181 118//181 86//181
f 115//182 83//182 88//182
f 103//183 115//183 88//183
f 116//184 127//184 106//184
f 84//185 116//185 106//185
f 127//3 105//3 106//3
f 128//50 107//50 108//50
f 123//186 129//186 119//186
f 129//187 101//187 119//187
f 130//188 120//188 121//188
f 131//189 130//189 121//189
f 122//190 131//190 121//190
f 132//191 129//191 123//191
f 124//192 132//192 123//192
f 130//193 102//193 120//193
f 129//194 133//194 101//194
f 133//3 103//3 101//3
f 130//195 134//195 102//195
f 134//50 104//50 102//50
f 127//3 122//3 105//3
f 128//50 124//50 107//50
f 135//3 113//3 114//3
f 136//196 135//196 114//196
f 137//197 136//197 114//197
f 138//198 137//198 114//198
f 115//199 138//199 114//199
f 139//200 116//200 117//200
f 140//201 139//201 117//201
f 141//202 140//202 117//202
f 118//203 141//203 117//203
f 132//204 142//204 129//204
f 142//205 143//205 129//205
f 143//206 133//206 129//206
f 131//207 144//207 130//207
f 144//208 145//208 130//208
f 145//209 134//209 130//209
f 146//50 66//50 125//50
f 81//210 113//210 125//210
f 113//211 146//211 125//211
f 66//3 147//3 126//3
f 147//212 118//212 126//212
f 147//212 141//212 118//212
f 138//213 115//213 103//213
f 148//214 138//214 103//214
f 133//3 148//3 103//3
f 139//215 149//215 127//215
f 116//216 139//216 127//216
f 149//217 144//217 127//217
f 144//218 122//218 127//218
f 150//219 124//219 128//219
f 151//220 150//220 128//220
f 134//50 152//50 104//50
f 122//221 144//221 131//221
f 124//222 142//222 132//222
f 143//223 148//223 133//223
f 145//50 152//50 134//50
f 150//224 142//224 124//224
f 148//225 137//225 138//225
f 142//226 150//226 143//226
f 144//227 153//227 145//227
f 154//228 66//228 146//228
f 113//229 135//229 146//229
f 135//230 154//230 146//230
f 155//231 156//231 147//231
f 66//3 157//3 147//3
f 157//232 158//232 147//232
f 158//233 159//233 147//233
f 159//234 160//234 147//234
f 160//3 161//3 147//3
f 161//235 162//235 147//235
f 162//236 155//236 147//236
f 156//237 141//237 147//237
f 163//3 140//3 141//3
f 156//238 163//238 141//238
f 164//239 137//239 148//239
f 143//240 164//240 148//240
f 139//241 165//241 149//241
f 165//242 166//242 149//242
f 166//243 144//243 149//243
f 167//244 150//244 151//244
f 145//50 168//50 152//50
f 169//245 135//245 136//245
f 137//246 169//246 136//246
f 170//247 139//247 140//247
f 171//248 170//248 140//248
f 163//3 171//3 140//3
f 150//249 172//249 143//249
f 153//250 166//250 145//250
f 172//251 173//251 143//251
f 173//252 164//252 143//252
f 174//50 168//50 145//50
f 166//253 153//253 144//253
f 150//211 173//211 172//211
f 166//254 174//254 145//254
f 170//255 165//255 139//255
f 175//256 66//256 154//256
f 135//257 176//257 154//257
f 176//258 175//258 154//258
f 155//3 177//3 156//3
f 177//259 163//259 156//259
f 169//260 176//260 135//260
f 178//3 171//3 163//3
f 177//261 178//261 163//261
f 179//262 137//262 164//262
f 180//263 179//263 164//263
f 173//264 180//264 164//264
f 170//265 181//265 165//265
f 181//266 166//266 165//266
f 182//267 150//267 167//267
f 183//268 182//268 167//268
f 174//50 184//50 168//50
f 179//269 169//269 137//269
f 150//270 180//270 173//270
f 166//271 184//271 174//271
f 182//205 180//205 150//205
f 185//3 176//3 169//3
f 179//272 185//272 169//272
f 186//273 170//273 171//273
f 178//3 186//3 171//3
f 187//274 180//274 182//274
f 176//275 188//275 175//275
f 188//276 189//276 175//276
f 189//277 66//277 175//277
f 190//278 178//278 177//278
f 155//279 190//279 177//279
f 185//280 188//280 176//280
f 190//278 191//278 178//278
f 191//3 186//3 178//3
f 186//281 192//281 170//281
f 192//282 181//282 170//282
f 187//283 193//283 180//283
f 193//284 179//284 180//284
f 192//285 194//285 181//285
f 194//3 195//3 181//3
f 195//286 166//286 181//286
f 195//287 196//287 166//287
f 196//288 184//288 166//288
f 197//289 187//289 182//289
f 183//290 197//290 182//290
f 196//50 198//50 184//50
f 199//291 197//291 183//291
f 193//292 200//292 179//292
f 200//293 185//293 179//293
f 201//294 188//294 185//294
f 200//295 201//295 185//295
f 202//296 192//296 186//296
f 191//297 202//297 186//297
f 203//298 193//298 187//298
f 204//299 203//299 187//299
f 194//300 205//300 195//300
f 199//301 206//301 197//301
f 207//50 198//50 196//50
f 197//289 206//289 187//289
f 195//302 205//302 196//302
f 188//303 208//303 189//303
f 208//303 66//303 189//303
f 209//304 191//304 190//304
f 210//305 211//305 190//305
f 211//3 212//3 190//3
f 155//306 213//306 190//306
f 213//307 210//307 190//307
f 212//308 214//308 190//308
f 214//309 215//309 190//309
f 215//310 209//310 190//310
f 201//3 208//3 188//3
f 209//304 216//304 191//304
f 216//311 217//311 191//311
f 217//312 202//312 191//312
f 203//313 200//313 193//313
f 192//314 218//314 194//314
f 218//315 205//315 194//315
f 219//50 220//50 199//50
f 220//316 206//316 199//316
f 207//50 221//50 198//50
f 222//317 204//317 187//317
f 206//318 222//318 187//318
f 205//319 207//319 196//319
f 203//320 223//320 200//320
f 223//321 201//321 200//321
f 202//322 224//322 192//322
f 224//323 218//323 192//323
f 225//324 203//324 204//324
f 226//325 225//325 204//325
f 218//326 227//326 205//326
f 220//327 222//327 206//327
f 228//50 221//50 207//50
f 222//328 229//328 204//328
f 230//329 207//329 205//329
f 229//330 231//330 204//330
f 231//331 226//331 204//331
f 230//332 228//332 207//332
f 232//333 208//333 201//333
f 223//334 232//334 201//334
f 217//335 224//335 202//335
f 208//336 233//336 66//336
f 233//337 157//337 66//337
f 215//338 216//338 209//338
f 232//339 233//339 208//339
f 215//340 234//340 216//340
f 234//3 235//3 216//3
f 235//341 217//341 216//341
f 225//342 223//342 203//342
f 224//343 236//343 218//343
f 236//3 227//3 218//3
f 237//50 238//50 219//50
f 238//50 220//50 219//50
f 228//50 239//50 221//50
f 240//344 230//344 205//344
f 227//345 240//345 205//345
f 220//346 229//346 222//346
f 225//347 241//347 223//347
f 241//348 232//348 223//348
f 217//349 242//349 224//349
f 242//350 236//350 224//350
f 231//351 243//351 226//351
f 243//352 244//352 226//352
f 244//353 245//353 226//353
f 245//3 225//3 226//3
f 246//354 240//354 227//354
f 236//3 246//3 227//3
f 238//355 229//355 220//355
f 230//356 247//356 228//356
f 247//357 248//357 228//357
f 248//358 249//358 228//358
f 249//50 239//50 228//50
f 250//359 232//359 241//359
f 217//360 235//360 242//360
f 233//361 251//361 157//361
f 251//362 158//362 157//362
f 214//363 234//363 215//363
f 232//364 250//364 233//364
f 250//365 251//365 233//365
f 214//366 252//366 234//366
f 252//367 253//367 234//367
f 253//368 235//368 234//368
f 254//369 241//369 225//369
f 245//3 254//3 225//3
f 242//370 255//370 236//370
f 255//371 256//371 236//371
f 256//372 246//372 236//372
f 257//373 258//373 237//373
f 258//374 238//374 237//374
f 249//50 259//50 239//50
f 229//375 243//375 231//375
f 240//376 247//376 230//376
f 260//377 247//377 240//377
f 246//378 260//378 240//378
f 261//379 243//379 229//379
f 238//380 261//380 229//380
f 254//381 262//381 241//381
f 262//382 250//382 241//382
f 235//383 263//383 242//383
f 263//384 255//384 242//384
f 244//385 264//385 245//385
f 264//386 265//386 245//386
f 265//387 254//387 245//387
f 266//388 260//388 246//388
f 256//389 266//389 246//389
f 267//390 261//390 238//390
f 258//391 267//391 238//391
f 268//392 269//392 249//392
f 248//393 268//393 249//393
f 269//50 259//50 249//50
f 261//394 244//394 243//394
f 248//395 247//395 260//395
f 266//396 248//396 260//396
f 267//397 244//397 261//397
f 270//398 250//398 262//398
f 235//399 253//399 263//399
f 251//400 271//400 158//400
f 271//401 159//401 158//401
f 212//402 252//402 214//402
f 250//403 270//403 251//403
f 270//404 271//404 251//404
f 212//405 272//405 252//405
f 272//406 273//406 252//406
f 273//3 253//3 252//3
f 274//407 262//407 254//407
f 265//408 274//408 254//408
f 263//409 275//409 255//409
f 275//410 276//410 255//410
f 276//411 256//411 255//411
f 277//412 278//412 257//412
f 278//413 258//413 257//413
f 269//50 279//50 259//50
f 274//414 280//414 262//414
f 280//415 270//415 262//415
f 253//416 281//416 263//416
f 281//417 275//417 263//417
f 265//418 264//418 267//418
f 264//419 244//419 267//419
f 266//420 256//420 248//420
f 256//421 268//421 248//421
f 258//422 265//422 267//422
f 256//423 282//423 268//423
f 282//424 269//424 268//424
f 283//425 270//425 280//425
f 253//426 273//426 281//426
f 271//427 284//427 159//427
f 284//428 160//428 159//428
f 211//429 272//429 212//429
f 270//430 283//430 271//430
f 283//3 284//3 271//3
f 211//429 285//429 272//429
f 285//3 286//3 272//3
f 286//431 273//431 272//431
f 287//432 280//432 274//432
f 265//433 288//433 274//433
f 288//434 287//434 274//434
f 281//435 289//435 275//435
f 289//436 276//436 275//436
f 276//437 282//437 256//437
f 290//50 279//50 269//50
f 291//438 278//438 277//438
f 290//50 292//50 279//50
f 288//439 265//439 258//439
f 287//440 293//440 280//440
f 293//441 283//441 280//441
f 273//442 294//442 281//442
f 294//443 289//443 281//443
f 282//444 276//444 269//444
f 278//445 288//445 258//445
f 276//446 290//446 269//446
f 295//447 283//447 293//447
f 273//448 286//448 294//448
f 284//449 296//449 160//449
f 296//450 161//450 160//450
f 210//451 285//451 211//451
f 283//452 295//452 284//452
f 295//453 296//453 284//453
f 210//454 297//454 285//454
f 297//3 298//3 285//3
f 298//3 286//3 285//3
f 299//455 293//455 287//455
f 294//456 300//456 289//456
f 300//457 301//457 289//457
f 302//458 303//458 291//458
f 290//459 304//459 292//459
f 304//460 305//460 292//460
f 299//461 306//461 293//461
f 306//462 295//462 293//462
f 286//463 307//463 294//463
f 307//464 300//464 294//464
f 304//465 290//465 276//465
f 287//466 288//466 278//466
f 291//467 287//467 278//467
f 289//468 304//468 276//468
f 308//469 295//469 306//469
f 286//470 298//470 307//470
f 296//471 309//471 161//471
f 309//472 162//472 161//472
f 213//473 297//473 210//473
f 295//474 308//474 296//474
f 308//475 309//475 296//475
f 213//476 310//476 297//476
f 310//3 311//3 297//3
f 311//3 298//3 297//3
f 312//477 306//477 299//477
f 287//478 313//478 299//478
f 313//479 312//479 299//479
f 307//480 314//480 300//480
f 314//3 315//3 300//3
f 315//481 301//481 300//481
f 316//482 317//482 302//482
f 317//483 303//483 302//483
f 304//484 318//484 305//484
f 318//485 319//485 305//485
f 312//486 320//486 306//486
f 320//487 308//487 306//487
f 298//488 321//488 307//488
f 321//489 314//489 307//489
f 291//490 313//490 287//490
f 301//491 304//491 289//491
f 303//492 313//492 291//492
f 301//493 318//493 304//493
f 322//494 308//494 320//494
f 298//495 311//495 321//495
f 309//496 323//496 162//496
f 323//497 155//497 162//497
f 155//498 310//498 213//498
f 308//499 322//499 309//499
f 322//500 323//500 309//500
f 155//501 323//501 310//501
f 323//502 324//502 310//502
f 324//503 311//503 310//503
f 325//504 320//504 312//504
f 313//505 326//505 312//505
f 326//506 325//506 312//506
f 321//507 325//507 314//507
f 325//3 327//3 314//3
f 327//3 315//3 314//3
f 328//50 329//50 316//50
f 329//508 317//508 316//508
f 318//509 330//509 319//509
f 330//50 328//50 319//50
f 325//510 331//510 320//510
f 331//511 322//511 320//511
f 311//512 324//512 321//512
f 324//513 331//513 321//513
f 331//514 325//514 321//514
f 322//515 324//515 323//515
f 324//516 322//516 331//516
f 326//517 332//517 325//517
f 332//3 327//3 325//3
f 330//50 333//50 328//50
f 333//50 329//50 328//50
f 303//518 317//518 313//518
f 301//519 315//519 318//519
f 315//520 334//520 318//520
f 317//521 326//521 313//521
f 334//522 330//522 318//522
f 327//523 334//523 315//523
f 335//524 336//524 332//524
f 336//525 337//525 332//525
f 337//526 327//526 332//526
f 326//527 335//527 332//527
f 337//528 334//528 327//528
f 333//529 338//529 329//529
f 338//530 317//530 329//530
f 339//531 340//531 333//531
f 340//532 338//532 333//532
f 330//533 339//533 333//533
f 317//534 338//534 326//534
f 334//535 337//535 330//535
f 338//536 335//536 326//536
f 337//537 339//537 330//537
f 338//538 336//538 335//538
f 337//539 340//539 339//539
f 336//421 340//421 337//421
f 340//521 336//521 338//521
f 341//540 342//540 343//540
f 344//541 341//541 343//541
f 345//542 344//542 343//542
f 346//543 345//543 343//543
f 347//544 348//544 343//544
f 342//545 347//545 343//545
f 348//546 346//546 343//546
f 349//547 341//547 344//547
f 350//548 349//548 344//548
f 345//549 350//549 344//549
f 351//550 347//550 342//550
f 352//551 351//551 342//551
f 341//552 352//552 342//552
f 348//553 353//553 346//553
f 353//554 354//554 346//554
f 354//555 355//555 346//555
f 355//556 345//556 346//556
f 356//557 352//557 341//557
f 357//558 356//558 341//558
f 349//559 357//559 341//559
f 355//560 358//560 345//560
f 358//561 350//561 345//561
f 359//562 360//562 348//562
f 347//563 359//563 348//563
f 360//564 353//564 348//564
f 361//565 359//565 347//565
f 351//566 361//566 347//566
f 360//567 362//567 353//567
f 362//568 363//568 353//568
f 363//569 354//569 353//569
f 364//570 357//570 349//570
f 365//571 364//571 349//571
f 350//572 365//572 349//572
f 366//573 351//573 352//573
f 367//574 366//574 352//574
f 356//575 367//575 352//575
f 363//576 368//576 354//576
f 368//577 369//577 354//577
f 369//578 355//578 354//578
f 370//579 356//579 357//579
f 371//580 370//580 357//580
f 364//581 371//581 357//581
f 358//582 372//582 350//582
f 372//583 365//583 350//583
f 373//584 367//584 356//584
f 370//585 373//585 356//585
f 369//586 374//586 355//586
f 374//587 358//587 355//587
f 375//588 361//588 351//588
f 366//589 375//589 351//589
f 362//590 376//590 363//590
f 376//591 377//591 363//591
f 377//592 368//592 363//592
f 378//593 379//593 360//593
f 359//594 378//594 360//594
f 379//595 362//595 360//595
f 380//596 378//596 359//596
f 361//597 380//597 359//597
f 379//598 381//598 362//598
f 381//599 376//599 362//599
f 382//600 373//600 370//600
f 383//601 382//601 370//601
f 371//602 383//602 370//602
f 374//603 384//603 358//603
f 384//604 372//604 358//604
f 385//605 371//605 364//605
f 386//606 385//606 364//606
f 365//607 386//607 364//607
f 387//608 366//608 367//608
f 388//609 387//609 367//609
f 373//610 388//610 367//610
f 377//611 389//611 368//611
f 389//612 390//612 368//612
f 390//613 369//613 368//613
f 391//614 388//614 373//614
f 382//615 391//615 373//615
f 390//616 392//616 369//616
f 392//617 374//617 369//617
f 393//618 383//618 371//618
f 385//619 393//619 371//619
f 372//620 394//620 365//620
f 394//620 386//620 365//620
f 395//621 380//621 361//621
f 375//622 395//622 361//622
f 381//623 396//623 376//623
f 396//624 397//624 376//624
f 397//625 377//625 376//625
f 398//626 375//626 366//626
f 387//627 398//627 366//627
f 397//628 399//628 377//628
f 399//629 389//629 377//629
f 400//630 401//630 379//630
f 378//631 400//631 379//631
f 401//632 381//632 379//632
f 402//633 391//633 382//633
f 403//634 402//634 382//634
f 383//635 403//635 382//635
f 392//636 404//636 374//636
f 404//637 384//637 374//637
f 405//638 403//638 383//638
f 393//618 405//618 383//618
f 384//639 406//639 372//639
f 406//640 394//640 372//640
f 407//641 400//641 378//641
f 380//642 407//642 378//642
f 401//643 408//643 381//643
f 408//644 396//644 381//644
f 409//645 395//645 375//645
f 398//646 409//646 375//646
f 396//647 410//647 397//647
f 410//648 411//648 397//648
f 411//649 399//649 397//649
f 412//650 387//650 388//650
f 413//651 412//651 388//651
f 391//652 413//652 388//652
f 399//653 414//653 389//653
f 414//654 415//654 389//654
f 415//655 390//655 389//655
f 416//656 407//656 380//656
f 395//657 416//657 380//657
f 408//658 417//658 396//658
f 417//659 410//659 396//659
f 418//660 393//660 385//660
f 419//661 418//661 385//661
f 386//662 419//662 385//662
f 420//663 413//663 391//663
f 402//664 420//664 391//664
f 415//665 421//665 390//665
f 421//666 392//666 390//666
f 422//667 405//667 393//667
f 418//668 422//668 393//668
f 394//669 423//669 386//669
f 423//670 419//670 386//670
f 424//671 402//671 403//671
f 425//672 424//672 403//672
f 405//673 425//673 403//673
f 404//674 426//674 384//674
f 426//675 406//675 384//675
f 427//676 398//676 387//676
f 412//676 427//676 387//676
f 411//677 428//677 399//677
f 428//678 414//678 399//678
f 429//679 420//679 402//679
f 424//680 429//680 402//680
f 421//681 430//681 392//681
f 430//682 404//682 392//682
f 431//683 425//683 405//683
f 422//684 431//684 405//684
f 406//685 432//685 394//685
f 432//686 423//686 394//686
f 433//687 434//687 401//687
f 400//688 433//688 401//688
f 434//689 408//689 401//689
f 435//690 416//690 395//690
f 409//691 435//691 395//691
f 417//692 436//692 410//692
f 436//693 437//693 410//693
f 437//694 411//694 410//694
f 438//695 409//695 398//695
f 427//696 438//696 398//696
f 437//697 439//697 411//697
f 439//677 428//677 411//677
f 440//698 433//698 400//698
f 407//699 440//699 400//699
f 434//700 441//700 408//700
f 441//701 417//701 408//701
f 442//702 429//702 424//702
f 443//703 442//703 424//703
f 425//704 443//704 424//704
f 430//705 444//705 404//705
f 444//706 426//706 404//706
f 445//707 440//707 407//707
f 416//708 445//708 407//708
f 441//709 446//709 417//709
f 446//710 436//710 417//710
f 447//711 412//711 413//711
f 448//712 447//712 413//712
f 420//713 448//713 413//713
f 428//714 449//714 414//714
f 449//715 450//715 414//715
f 450//716 415//716 414//716
f 451//717 443//717 425//717
f 431//718 451//718 425//718
f 426//719 452//719 406//719
f 452//720 432//720 406//720
f 453//721 448//721 420//721
f 429//722 453//722 420//722
f 450//723 454//723 415//723
f 454//724 421//724 415//724
f 455//725 422//725 418//725
f 456//726 455//726 418//726
f 419//726 456//726 418//726
f 457//727 427//727 412//727
f 447//728 457//728 412//728
f 439//729 458//729 428//729
f 458//730 449//730 428//730
f 459//731 431//731 422//731
f 455//725 459//725 422//725
f 423//732 460//732 419//732
f 460//732 456//732 419//732
f 461//733 435//733 409//733
f 438//734 461//734 409//734
f 436//735 462//735 437//735
f 462//736 463//736 437//736
f 463//737 439//737 437//737
f 464//738 453//738 429//738
f 442//739 464//739 429//739
f 454//740 465//740 421//740
f 465//741 430//741 421//741
f 466//742 445//742 416//742
f 435//743 466//743 416//743
f 446//744 467//744 436//744
f 467//745 462//745 436//745
f 468//746 451//746 431//746
f 459//731 468//731 431//731
f 432//747 469//747 423//747
f 469//748 460//748 423//748
f 470//749 438//749 427//749
f 457//750 470//750 427//750
f 463//751 471//751 439//751
f 471//752 458//752 439//752
f 472//753 442//753 443//753
f 473//754 472//754 443//754
f 451//755 473//755 443//755
f 444//756 474//756 426//756
f 474//757 452//757 426//757
f 475//758 476//758 434//758
f 433//759 475//759 434//759
f 476//760 441//760 434//760
f 477//761 475//761 433//761
f 440//762 477//762 433//762
f 476//763 478//763 441//763
f 478//764 446//764 441//764
f 479//765 464//765 442//765
f 472//766 479//766 442//766
f 465//767 480//767 430//767
f 480//768 444//768 430//768
f 481//769 473//769 451//769
f 468//770 481//770 451//770
f 452//771 482//771 432//771
f 482//772 469//772 432//772
f 483//773 447//773 448//773
f 484//774 483//774 448//774
f 453//775 484//775 448//775
f 458//776 485//776 449//776
f 485//777 486//777 449//777
f 486//778 450//778 449//778
f 487//779 477//779 440//779
f 445//780 487//780 440//780
f 478//781 488//781 446//781
f 488//782 467//782 446//782
f 489//783 484//783 453//783
f 464//784 489//784 453//784
f 486//785 490//785 450//785
f 490//786 454//786 450//786
f 491//787 466//787 435//787
f 461//788 491//788 435//788
f 467//789 492//789 462//789
f 492//790 493//790 462//790
f 493//791 463//791 462//791
f 494//792 461//792 438//792
f 470//793 494//793 438//793
f 493//794 495//794 463//794
f 495//795 471//795 463//795
f 496//796 457//796 447//796
f 483//797 496//797 447//797
f 471//798 497//798 458//798
f 497//776 485//776 458//776
f 498//799 459//799 455//799
f 499//800 498//800 455//800
f 456//801 499//801 455//801
f 500//802 489//802 464//802
f 479//803 500//803 464//803
f 490//804 501//804 454//804
f 501//805 465//805 454//805
f 502//806 468//806 459//806
f 498//807 502//807 459//807
f 460//808 503//808 456//808
f 503//809 499//809 456//809
f 504//810 479//810 472//810
f 505//811 504//811 472//811
f 473//812 505//812 472//812
f 480//813 506//813 444//813
f 506//814 474//814 444//814
f 507//815 487//815 445//815
f 466//816 507//816 445//816
f 488//817 508//817 467//817
f 508//818 492//818 467//818
f 509//819 470//819 457//819
f 496//820 509//820 457//820
f 495//821 510//821 471//821
f 510//822 497//822 471//822
f 511//823 505//823 473//823
f 481//824 511//824 473//824
f 474//825 512//825 452//825
f 512//826 482//826 452//826
f 513//827 481//827 468//827
f 502//828 513//828 468//828
f 469//829 514//829 460//829
f 514//829 503//829 460//829
f 515//830 500//830 479//830
f 504//831 515//831 479//831
f 501//832 516//832 465//832
f 516//833 480//833 465//833
f 517//834 491//834 461//834
f 494//835 517//835 461//835
f 492//836 518//836 493//836
f 518//837 519//837 493//837
f 519//838 495//838 493//838
f 520//839 521//839 476//839
f 475//840 520//840 476//840
f 521//841 478//841 476//841
f 522//842 520//842 475//842
f 477//843 522//843 475//843
f 521//844 523//844 478//844
f 523//845 488//845 478//845
f 524//846 511//846 481//846
f 513//827 524//827 481//827
f 482//847 525//847 469//847
f 525//848 514//848 469//848
f 526//849 507//849 466//849
f 491//850 526//850 466//850
f 508//851 527//851 492//851
f 527//852 518//852 492//852
f 528//853 494//853 470//853
f 509//854 528//854 470//854
f 519//855 529//855 495//855
f 529//856 510//856 495//856
f 530//857 483//857 484//857
f 531//858 530//858 484//858
f 489//859 531//859 484//859
f 497//860 532//860 485//860
f 532//861 533//861 485//861
f 533//862 486//862 485//862
f 534//863 522//863 477//863
f 487//864 534//864 477//864
f 523//865 535//865 488//865
f 535//866 508//866 488//866
f 536//867 531//867 489//867
f 500//868 536//868 489//868
f 533//869 537//869 486//869
f 537//870 490//870 486//870
f 538//871 504//871 505//871
f 539//872 538//872 505//872
f 511//873 539//873 505//873
f 506//874 540//874 474//874
f 540//875 512//875 474//875
f 541//876 496//876 483//876
f 530//877 541//877 483//877
f 510//878 542//878 497//878
f 542//879 532//879 497//879
f 543//880 515//880 504//880
f 538//881 543//881 504//881
f 516//882 544//882 480//882
f 544//883 506//883 480//883
f 545//884 536//884 500//884
f 515//885 545//885 500//885
f 537//886 546//886 490//886
f 546//887 501//887 490//887
f 547//888 502//888 498//888
f 548//889 547//889 498//889
f 499//890 548//890 498//890
f 549//891 539//891 511//891
f 524//892 549//892 511//892
f 512//893 550//893 482//893
f 550//894 525//894 482//894
f 551//895 534//895 487//895
f 507//896 551//896 487//896
f 535//897 552//897 508//897
f 552//898 527//898 508//898
f 553//899 513//899 502//899
f 547//900 553//900 502//900
f 503//901 554//901 499//901
f 554//902 548//902 499//902
f 555//903 509//903 496//903
f 541//904 555//904 496//904
f 529//905 556//905 510//905
f 556//906 542//906 510//906
f 557//907 517//907 494//907
f 528//908 557//908 494//908
f 518//909 558//909 519//909
f 558//910 559//910 519//910
f 559//911 529//911 519//911
f 560//912 526//912 491//912
f 517//913 560//913 491//913
f 527//914 561//914 518//914
f 561//915 558//915 518//915
f 562//916 524//916 513//916
f 553//917 562//917 513//917
f 514//918 563//918 503//918
f 563//919 554//919 503//919
f 564//920 545//920 515//920
f 543//921 564//921 515//921
f 546//922 565//922 501//922
f 565//923 516//923 501//923
f 566//924 528//924 509//924
f 555//925 566//925 509//925
f 559//926 567//926 529//926
f 567//927 556//927 529//927
f 568//928 551//928 507//928
f 526//929 568//929 507//929
f 552//930 569//930 527//930
f 569//931 561//931 527//931
f 570//932 543//932 538//932
f 571//933 570//933 538//933
f 539//934 571//934 538//934
f 544//935 572//935 506//935
f 572//936 540//936 506//936
f 573//937 549//937 524//937
f 562//938 573//938 524//938
f 525//939 574//939 514//939
f 574//940 563//940 514//940
f 575//941 576//941 521//941
f 520//942 575//942 521//942
f 576//943 523//943 521//943
f 577//944 571//944 539//944
f 549//945 577//945 539//945
f 540//946 578//946 512//946
f 578//947 550//947 512//947
f 579//948 575//948 520//948
f 522//948 579//948 520//948
f 576//949 580//949 523//949
f 580//950 535//950 523//950
f 581//951 530//951 531//951
f 582//951 581//951 531//951
f 536//952 582//952 531//952
f 542//953 583//953 532//953
f 583//954 584//954 532//954
f 584//955 533//955 532//955
f 585//956 564//956 543//956
f 570//957 585//957 543//957
f 565//958 586//958 516//958
f 586//959 544//959 516//959
f 587//960 582//960 536//960
f 545//961 587//961 536//961
f 584//962 588//962 533//962
f 588//963 537//963 533//963
f 589//964 579//964 522//964
f 534//965 589//965 522//965
f 580//950 590//950 535//950
f 590//966 552//966 535//966
f 591//967 541//967 530//967
f 581//968 591//968 530//968
f 556//969 592//969 542//969
f 592//970 583//970 542//970
f 593//971 560//971 517//971
f 557//972 593//972 517//972
f 561//973 594//973 558//973
f 594//974 595//974 558//974
f 595//975 559//975 558//975
f 596//976 587//976 545//976
f 564//977 596//977 545//977
f 588//978 597//978 537//978
f 597//979 546//979 537//979
f 598//980 577//980 549//980
f 573//981 598//981 549//981
f 550//982 599//982 525//982
f 599//983 574//983 525//983
f 600//984 557//984 528//984
f 566//985 600//985 528//985
f 595//986 601//986 559//986
f 601//987 567//987 559//987
f 602//988 568//988 526//988
f 560//989 602//989 526//989
f 569//990 603//990 561//990
f 603//991 594//991 561//991
f 604//992 555//992 541//992
f 591//993 604//993 541//993
f 567//994 605//994 556//994
f 605//995 592//995 556//995
f 606//996 589//996 534//996
f 551//997 606//997 534//997
f 590//998 607//998 552//998
f 607//999 569//999 552//999
f 608//1000 553//1000 547//1000
f 609//1001 608//1001 547//1001
f 548//1002 609//1002 547//1002
f 610//1003 562//1003 553//1003
f 608//1004 610//1004 553//1004
f 554//1005 611//1005 548//1005
f 611//1006 609//1006 548//1006
f 612//1007 596//1007 564//1007
f 585//1008 612//1008 564//1008
f 597//1009 613//1009 546//1009
f 613//1010 565//1010 546//1010
f 614//1011 570//1011 571//1011
f 615//1012 614//1012 571//1012
f 577//1013 615//1013 571//1013
f 572//1014 616//1014 540//1014
f 616//1015 578//1015 540//1015
f 617//1016 585//1016 570//1016
f 614//1017 617//1017 570//1017
f 586//1018 618//1018 544//1018
f 618//1019 572//1019 544//1019
f 619//1020 573//1020 562//1020
f 610//1021 619//1021 562//1021
f 563//1022 620//1022 554//1022
f 620//1023 611//1023 554//1023
f 621//1024 566//1024 555//1024
f 604//1025 621//1025 555//1025
f 601//1026 622//1026 567//1026
f 622//1027 605//1027 567//1027
f 623//1028 606//1028 551//1028
f 568//1029 623//1029 551//1029
f 607//1030 624//1030 569//1030
f 624//1031 603//1031 569//1031
f 625//1032 615//1032 577//1032
f 598//1033 625//1033 577//1033
f 578//1034 626//1034 550//1034
f 626//1035 599//1035 550//1035
f 627//1036 598//1036 573//1036
f 619//1037 627//1037 573//1037
f 574//1038 628//1038 563//1038
f 628//1039 620//1039 563//1039
f 629//1040 593//1040 557//1040
f 600//1041 629//1041 557//1041
f 594//1042 630//1042 595//1042
f 630//1043 631//1043 595//1043
f 631//1044 601//1044 595//1044
f 632//1045 612//1045 585//1045
f 617//1046 632//1046 585//1046
f 613//1047 633//1047 565//1047
f 633//1048 586//1048 565//1048
f 634//1049 602//1049 560//1049
f 593//1050 634//1050 560//1050
f 603//1051 635//1051 594//1051
f 635//1052 630//1052 594//1052
f 636//1053 637//1053 576//1053
f 575//1054 636//1054 576//1054
f 637//1055 580//1055 576//1055
f 638//1056 636//1056 575//1056
f 579//1057 638//1057 575//1057
f 637//1058 639//1058 580//1058
f 639//1059 590//1059 580//1059
f 640//1060 581//1060 582//1060
f 641//1061 640//1061 582//1061
f 587//1062 641//1062 582//1062
f 592//1063 642//1063 583//1063
f 642//1064 643//1064 583//1064
f 643//1065 584//1065 583//1065
f 644//1066 641//1066 587//1066
f 596//1067 644//1067 587//1067
f 643//1068 645//1068 584//1068
f 645//1069 588//1069 584//1069
f 646//1070 591//1070 581//1070
f 640//1071 646//1071 581//1071
f 605//1072 647//1072 592//1072
f 647//1073 642//1073 592//1073
f 648//1074 600//1074 566//1074
f 621//1075 648//1075 566//1075
f 631//1076 649//1076 601//1076
f 649//1077 622//1077 601//1077
f 650//1078 638//1078 579//1078
f 589//1079 650//1079 579//1079
f 639//1080 651//1080 590//1080
f 651//1081 607//1081 590//1081
f 652//1082 623//1082 568//1082
f 602//1083 652//1083 568//1083
f 624//1084 653//1084 603//1084
f 653//1085 635//1085 603//1085
f 654//1086 644//1086 596//1086
f 612//1087 654//1087 596//1087
f 645//1088 655//1088 588//1088
f 655//1089 597//1089 588//1089
f 656//1090 625//1090 598//1090
f 627//1091 656//1091 598//1091
f 599//1092 657//1092 574//1092
f 657//1093 628//1093 574//1093
f 658//1094 617//1094 614//1094
f 659//1095 658//1095 614//1095
f 615//1096 659//1096 614//1096
f 618//1097 660//1097 572//1097
f 660//1098 616//1098 572//1098
f 661//1099 604//1099 591//1099
f 646//1100 661//1100 591//1100
f 622//1101 662//1101 605//1101
f 662//1102 647//1102 605//1102
f 663//1103 659//1103 615//1103
f 625//1104 663//1104 615//1104
f 616//1105 664//1105 578//1105
f 664//1106 626//1106 578//1106
f 665//1107 650//1107 589//1107
f 606//1108 665//1108 589//1108
f 651//1109 666//1109 607//1109
f 666//1110 624//1110 607//1110
f 667//1111 632//1111 617//1111
f 658//1112 667//1112 617//1112
f 633//1113 668//1113 586//1113
f 668//1114 618//1114 586//1114
f 669//1115 654//1115 612//1115
f 632//1116 669//1116 612//1116
f 655//1117 670//1117 597//1117
f 670//1118 613//1118 597//1118
f 671//1119 610//1119 608//1119
f 672//1120 671//1120 608//1120
f 609//1121 672//1121 608//1121
f 673//1122 619//1122 610//1122
f 671//1123 673//1123 610//1123
f 611//1124 674//1124 609//1124
f 674//1125 672//1125 609//1125
f 675//1126 634//1126 593//1126
f 629//1127 675//1127 593//1127
f 635//1128 676//1128 630//1128
f 676//1129 677//1129 630//1129
f 677//1130 631//1130 630//1130
f 678//1131 621//1131 604//1131
f 661//1132 678//1132 604//1132
f 649//1133 679//1133 622//1133
f 679//1134 662//1134 622//1134
f 680//1135 663//1135 625//1135
f 656//1136 680//1136 625//1136
f 626//1137 681//1137 599//1137
f 681//1138 657//1138 599//1138
f 682//1139 629//1139 600//1139
f 648//1140 682//1140 600//1140
f 677//1141 683//1141 631//1141
f 683//1142 649//1142 631//1142
f 684//1143 627//1143 619//1143
f 673//1144 684//1144 619//1144
f 620//1145 685//1145 611//1145
f 685//1146 674//1146 611//1146
f 686//1147 665//1147 606//1147
f 623//1148 686//1148 606//1148
f 666//1149 687//1149 624//1149
f 687//1150 653//1150 624//1150
f 688//1151 652//1151 602//1151
f 634//1152 688//1152 602//1152
f 653//1153 689//1153 635//1153
f 689//1154 676//1154 635//1154
f 690//1155 669//1155 632//1155
f 667//1156 690//1156 632//1156
f 670//1157 691//1157 613//1157
f 691//1158 633//1158 613//1158
f 692//1159 656//1159 627//1159
f 684//1160 692//1160 627//1160
f 628//1161 693//1161 620//1161
f 693//1162 685//1162 620//1162
f 694//1163 658//1163 659//1163
f 695//1164 694//1164 659//1164
f 663//1165 695//1165 659//1165
f 660//1166 696//1166 616//1166
f 696//1167 664//1167 616//1167
f 697//1168 667//1168 658//1168
f 694//1169 697//1169 658//1169
f 668//1170 698//1170 618//1170
f 698//1171 660//1171 618//1171
f 699//1172 648//1172 621//1172
f 678//1172 699//1172 621//1172
f 683//1173 700//1173 649//1173
f 700//1174 679//1174 649//1174
f 701//1175 702//1175 641//1175
f 702//1176 640//1176 641//1176
f 644//1177 701//1177 641//1177
f 647//1178 3//1178 642//1178
f 3//1179 643//1179 642//1179
f 703//1180 704//1180 637//1180
f 636//1181 703//1181 637//1181
f 704//1182 639//1182 637//1182
f 654//1183 701//1183 644//1183
f 3//1184 6//1184 643//1184
f 6//1185 645//1185 643//1185
f 705//1186 703//1186 636//1186
f 638//1187 705//1187 636//1187
f 704//1188 706//1188 639//1188
f 706//1189 651//1189 639//1189
f 707//1190 686//1190 623//1190
f 652//1191 707//1191 623//1191
f 687//1192 708//1192 653//1192
f 708//1193 689//1193 653//1193
f 702//1194 646//1194 640//1194
f 662//1195 1//1195 647//1195
f 1//1196 3//1196 647//1196
f 709//1197 695//1197 663//1197
f 680//1198 709//1198 663//1198
f 664//1199 710//1199 626//1199
f 710//1200 681//1200 626//1200
f 669//1201 701//1201 654//1201
f 6//1202 655//1202 645//1202
f 711//1203 680//1203 656//1203
f 692//1204 711//1204 656//1204
f 657//1205 712//1205 628//1205
f 712//1206 693//1206 628//1206
f 713//1207 705//1207 638//1207
f 650//1208 713//1208 638//1208
f 706//1209 714//1209 651//1209
f 714//1210 666//1210 651//1210
f 715//1211 690//1211 667//1211
f 697//1212 715//1212 667//1212
f 691//1213 716//1213 633//1213
f 716//1214 668//1214 633//1214
f 717//1215 675//1215 629//1215
f 682//1216 717//1216 629//1216
f 676//1217 718//1217 677//1217
f 718//1218 719//1218 677//1218
f 719//1219 683//1219 677//1219
f 702//1220 720//1220 646//1220
f 720//1221 661//1221 646//1221
f 679//1222 1//1222 662//1222
f 721//1223 688//1223 634//1223
f 675//1224 721//1224 634//1224
f 689//1225 722//1225 676//1225
f 722//1226 718//1226 676//1226
f 723//1227 701//1227 669//1227
f 690//1228 723//1228 669//1228
f 6//1229 9//1229 655//1229
f 9//1230 670//1230 655//1230
f 724//1231 713//1231 650//1231
f 665//1232 724//1232 650//1232
f 714//1233 725//1233 666//1233
f 725//1234 687//1234 666//1234
f 726//1235 682//1235 648//1235
f 699//1236 726//1236 648//1236
f 719//1237 727//1237 683//1237
f 727//1173 700//1173 683//1173
f 720//1238 678//1238 661//1238
f 700//1239 728//1239 679//1239
f 728//1240 1//1240 679//1240
f 729//1241 707//1241 652//1241
f 688//1242 729//1242 652//1242
f 708//1243 730//1243 689//1243
f 730//1244 722//1244 689//1244
f 731//1245 709//1245 680//1245
f 711//1246 731//1246 680//1246
f 681//1247 732//1247 657//1247
f 732//1248 712//1248 657//1248
f 733//1249 673//1249 671//1249
f 734//1250 733//1250 671//1250
f 672//1251 734//1251 671//1251
f 735//1252 697//1252 694//1252
f 736//1253 735//1253 694//1253
f 695//1254 736//1254 694//1254
f 698//1255 737//1255 660//1255
f 737//1256 696//1256 660//1256
f 738//1257 684//1257 673//1257
f 733//1258 738//1258 673//1258
f 674//1259 739//1259 672//1259
f 739//1260 734//1260 672//1260
f 740//1261 736//1261 695//1261
f 709//1262 740//1262 695//1262
f 696//1263 741//1263 664//1263
f 741//1264 710//1264 664//1264
f 742//1265 724//1265 665//1265
f 686//1266 742//1266 665//1266
f 725//1267 743//1267 687//1267
f 743//1268 708//1268 687//1268
f 715//1269 723//1269 690//1269
f 9//1270 691//1270 670//1270
f 744//1271 715//1271 697//1271
f 735//1272 744//1272 697//1272
f 716//1273 745//1273 668//1273
f 745//1274 698//1274 668//1274
f 746//1275 692//1275 684//1275
f 738//1276 746//1276 684//1276
f 685//1277 747//1277 674//1277
f 747//1278 739//1278 674//1278
f 720//1279 748//1279 678//1279
f 748//1280 699//1280 678//1280
f 727//1281 728//1281 700//1281
f 749//1282 711//1282 692//1282
f 746//1283 749//1283 692//1283
f 693//1284 750//1284 685//1284
f 750//1285 747//1285 685//1285
f 751//1286 721//1286 675//1286
f 717//1287 751//1287 675//1287
f 722//1288 752//1288 718//1288
f 752//1289 753//1289 718//1289
f 753//1290 719//1290 718//1290
f 754//1291 740//1291 709//1291
f 731//1292 754//1292 709//1292
f 710//1293 755//1293 681//1293
f 755//1294 732//1294 681//1294
f 756//1295 717//1295 682//1295
f 726//1296 756//1296 682//1296
f 753//1297 757//1297 719//1297
f 757//1298 727//1298 719//1298
f 758//3 759//3 701//3
f 759//3 702//3 701//3
f 1//1299 760//1299 3//1299
f 761//1300 742//1300 686//1300
f 707//1301 761//1301 686//1301
f 743//1302 762//1302 708//1302
f 762//1303 730//1303 708//1303
f 763//1304 6//1304 3//1304
f 760//1305 763//1305 3//1305
f 764//1306 723//1306 715//1306
f 744//1307 764//1307 715//1307
f 9//1308 14//1308 691//1308
f 14//1309 716//1309 691//1309
f 765//1310 729//1310 688//1310
f 721//1311 765//1311 688//1311
f 730//1312 766//1312 722//1312
f 766//1313 752//1313 722//1313
f 767//50 760//50 1//50
f 768//1314 769//1314 704//1314
f 703//1315 768//1315 704//1315
f 769//1316 706//1316 704//1316
f 723//3 770//3 701//3
f 770//3 758//3 701//3
f 763//50 771//50 6//50
f 772//1317 768//1317 703//1317
f 705//1318 772//1318 703//1318
f 769//1319 773//1319 706//1319
f 773//1320 714//1320 706//1320
f 774//1321 731//1321 711//1321
f 749//1322 774//1322 711//1322
f 712//1323 775//1323 693//1323
f 775//1324 750//1324 693//1324
f 776//3 720//3 702//3
f 759//3 776//3 702//3
f 728//50 767//50 1//50
f 777//1325 772//1325 705//1325
f 713//1326 777//1326 705//1326
f 773//1327 778//1327 714//1327
f 778//1328 725//1328 714//1328
f 779//1329 735//1329 736//1329
f 780//1330 779//1330 736//1330
f 740//1331 780//1331 736//1331
f 737//1332 781//1332 696//1332
f 781//1333 741//1333 696//1333
f 748//1334 726//1334 699//1334
f 757//1335 11//1335 727//1335
f 11//1336 728//1336 727//1336
f 782//1337 744//1337 735//1337
f 779//1338 782//1338 735//1338
f 745//1339 783//1339 698//1339
f 783//1340 737//1340 698//1340
f 771//50 9//50 6//50
f 784//1341 761//1341 707//1341
f 729//1342 784//1342 707//1342
f 762//1343 785//1343 730//1343
f 785//1344 766//1344 730//1344
f 786//1345 777//1345 713//1345
f 724//1346 786//1346 713//1346
f 778//1347 787//1347 725//1347
f 787//1348 743//1348 725//1348
f 776//3 71//3 720//3
f 18//1349 767//1349 728//1349
f 788//1350 780//1350 740//1350
f 754//1351 788//1351 740//1351
f 741//1352 789//1352 710//1352
f 789//1353 755//1353 710//1353
f 790//1354 754//1354 731//1354
f 774//1355 790//1355 731//1355
f 732//1356 791//1356 712//1356
f 791//1357 775//1357 712//1357
f 782//1358 764//1358 744//1358
f 14//1359 792//1359 716//1359
f 792//1360 745//1360 716//1360
f 764//3 793//3 723//3
f 793//3 770//3 723//3
f 771//1361 8//1361 9//1361
f 794//1362 751//1362 717//1362
f 756//1363 794//1363 717//1363
f 752//1364 795//1364 753//1364
f 795//1365 796//1365 753//1365
f 796//1366 757//1366 753//1366
f 797//1367 765//1367 721//1367
f 751//1368 797//1368 721//1368
f 766//1369 798//1369 752//1369
f 798//1370 795//1370 752//1370
f 799//1371 738//1371 733//1371
f 800//1372 799//1372 733//1372
f 734//1373 800//1373 733//1373
f 801//1374 786//1374 724//1374
f 742//1375 801//1375 724//1375
f 787//1376 802//1376 743//1376
f 802//1377 762//1377 743//1377
f 803//1378 746//1378 738//1378
f 799//1379 803//1379 738//1379
f 739//1380 804//1380 734//1380
f 804//1381 800//1381 734//1381
f 71//3 748//3 720//3
f 11//1382 18//1382 728//1382
f 748//1383 805//1383 726//1383
f 805//1384 756//1384 726//1384
f 796//1385 17//1385 757//1385
f 17//1386 11//1386 757//1386
f 806//1387 749//1387 746//1387
f 803//1388 806//1388 746//1388
f 747//1389 807//1389 739//1389
f 807//1390 804//1390 739//1390
f 808//1391 788//1391 754//1391
f 790//1392 808//1392 754//1392
f 755//1393 809//1393 732//1393
f 809//1394 791//1394 732//1394
f 810//1395 784//1395 729//1395
f 765//1396 810//1396 729//1396
f 785//1397 811//1397 766//1397
f 811//1398 798//1398 766//1398
f 812//1399 782//1399 779//1399
f 813//1400 812//1400 779//1400
f 780//1401 813//1401 779//1401
f 783//1402 814//1402 737//1402
f 814//1403 781//1403 737//1403
f 8//1404 14//1404 9//1404
f 815//1405 774//1405 749//1405
f 806//1406 815//1406 749//1406
f 750//1407 816//1407 747//1407
f 816//1408 807//1408 747//1408
f 817//1409 801//1409 742//1409
f 761//1410 817//1410 742//1410
f 802//1411 818//1411 762//1411
f 818//1412 785//1412 762//1412
f 819//1413 813//1413 780//1413
f 788//1414 819//1414 780//1414
f 781//1415 820//1415 741//1415
f 820//1416 789//1416 741//1416
f 821//1417 764//1417 782//1417
f 812//1418 821//1418 782//1418
f 792//1419 783//1419 745//1419
f 71//3 822//3 748//3
f 823//1420 18//1420 11//1420
f 17//1421 823//1421 11//1421
f 824//1422 790//1422 774//1422
f 815//1423 824//1423 774//1423
f 775//1424 825//1424 750//1424
f 825//1425 816//1425 750//1425
f 826//1426 827//1426 769//1426
f 768//1427 826//1427 769//1427
f 827//1428 773//1428 769//1428
f 828//1429 826//1429 768//1429
f 772//1430 828//1430 768//1430
f 827//1431 829//1431 773//1431
f 829//1432 778//1432 773//1432
f 830//1433 797//1433 751//1433
f 794//1434 830//1434 751//1434
f 798//1435 831//1435 795//1435
f 831//1436 832//1436 795//1436
f 832//1437 796//1437 795//1437
f 805//1438 794//1438 756//1438
f 832//1439 17//1439 796//1439
f 833//1440 819//1440 788//1440
f 808//1441 833//1441 788//1441
f 789//1442 834//1442 755//1442
f 834//1443 809//1443 755//1443
f 835//1444 828//1444 772//1444
f 777//1445 835//1445 772//1445
f 829//1446 836//1446 778//1446
f 836//1447 787//1447 778//1447
f 837//1448 817//1448 761//1448
f 784//1449 837//1449 761//1449
f 818//1450 838//1450 785//1450
f 838//1451 811//1451 785//1451
f 821//3 839//3 764//3
f 839//3 793//3 764//3
f 8//1452 840//1452 14//1452
f 840//1453 792//1453 14//1453
f 841//1454 810//1454 765//1454
f 797//1454 841//1454 765//1454
f 811//1455 842//1455 798//1455
f 842//1456 831//1456 798//1456
f 843//1457 808//1457 790//1457
f 824//1458 843//1458 790//1458
f 791//1459 844//1459 775//1459
f 844//1460 825//1460 775//1460
f 845//1461 835//1461 777//1461
f 786//1462 845//1462 777//1462
f 836//1463 846//1463 787//1463
f 846//1464 802//1464 787//1464
f 822//3 805//3 748//3
f 847//1465 812//1465 813//1465
f 848//1466 847//1466 813//1466
f 819//1467 848//1467 813//1467
f 814//1468 849//1468 781//1468
f 849//1469 820//1469 781//1469
f 847//1470 821//1470 812//1470
f 792//1471 850//1471 783//1471
f 850//1472 814//1472 783//1472
f 851//1473 845//1473 786//1473
f 801//1474 851//1474 786//1474
f 846//1475 852//1475 802//1475
f 852//1476 818//1476 802//1476
f 853//1477 837//1477 784//1477
f 810//1478 853//1478 784//1478
f 838//1479 854//1479 811//1479
f 854//1480 842//1480 811//1480
f 855//1481 803//1481 799//1481
f 856//1482 855//1482 799//1482
f 800//1483 856//1483 799//1483
f 857//1484 806//1484 803//1484
f 855//1485 857//1485 803//1485
f 804//1486 858//1486 800//1486
f 858//1487 856//1487 800//1487
f 859//1488 833//1488 808//1488
f 843//1489 859//1489 808//1489
f 809//1490 860//1490 791//1490
f 860//1491 844//1491 791//1491
f 861//1492 848//1492 819//1492
f 833//1493 861//1493 819//1493
f 820//1494 862//1494 789//1494
f 862//1495 834//1495 789//1495
f 863//3 839//3 821//3
f 864//1496 815//1496 806//1496
f 857//1497 864//1497 806//1497
f 807//1498 865//1498 804//1498
f 865//1499 858//1499 804//1499
f 805//1500 866//1500 794//1500
f 866//1501 830//1501 794//1501
f 831//1502 867//1502 832//1502
f 867//1503 37//1503 832//1503
f 37//1504 17//1504 832//1504
f 868//1505 851//1505 801//1505
f 817//1506 868//1506 801//1506
f 852//1507 869//1507 818//1507
f 869//1508 838//1508 818//1508
f 870//1509 841//1509 797//1509
f 830//1510 870//1510 797//1510
f 842//1456 871//1456 831//1456
f 871//1511 867//1511 831//1511
f 872//1512 824//1512 815//1512
f 864//1513 872//1513 815//1513
f 816//1514 873//1514 807//1514
f 873//1515 865//1515 807//1515
f 822//3 874//3 805//3
f 875//50 823//50 17//50
f 37//50 875//50 17//50
f 876//1516 861//1516 833//1516
f 859//1517 876//1517 833//1517
f 834//1518 877//1518 809//1518
f 877//1519 860//1519 809//1519
f 878//1520 843//1520 824//1520
f 872//1521 878//1521 824//1521
f 825//1522 879//1522 816//1522
f 879//1523 873//1523 816//1523
f 880//1524 853//1524 810//1524
f 841//1525 880//1525 810//1525
f 854//1526 881//1526 842//1526
f 881//1527 871//1527 842//1527
f 882//1528 821//1528 847//1528
f 883//1529 882//1529 847//1529
f 848//1466 883//1466 847//1466
f 850//1530 849//1530 814//1530
f 884//1531 868//1531 817//1531
f 837//1532 884//1532 817//1532
f 869//1533 885//1533 838//1533
f 885//1534 854//1534 838//1534
f 886//1535 887//1535 827//1535
f 826//1536 886//1536 827//1536
f 887//1537 829//1537 827//1537
f 888//1538 886//1538 826//1538
f 828//1539 888//1539 826//1539
f 887//1540 889//1540 829//1540
f 889//1541 836//1541 829//1541
f 882//3 863//3 821//3
f 890//50 850//50 792//50
f 840//50 890//50 792//50
f 891//1542 883//1542 848//1542
f 861//1543 891//1543 848//1543
f 849//1544 892//1544 820//1544
f 892//1545 862//1545 820//1545
f 893//1546 888//1546 828//1546
f 835//1547 893//1547 828//1547
f 889//1548 894//1548 836//1548
f 894//1549 846//1549 836//1549
f 895//1550 859//1550 843//1550
f 878//1551 895//1551 843//1551
f 844//1552 896//1552 825//1552
f 896//1553 879//1553 825//1553
f 897//1554 893//1554 835//1554
f 845//1555 897//1555 835//1555
f 894//1556 898//1556 846//1556
f 898//1557 852//1557 846//1557
f 866//1558 899//1558 830//1558
f 899//1559 870//1559 830//1559
f 871//1560 900//1560 867//1560
f 900//1561 37//1561 867//1561
f 874//3 866//3 805//3
f 901//1562 891//1562 861//1562
f 876//1563 901//1563 861//1563
f 862//1564 902//1564 834//1564
f 902//1565 877//1565 834//1565
f 903//1566 884//1566 837//1566
f 853//1567 903//1567 837//1567
f 885//1568 904//1568 854//1568
f 904//1569 881//1569 854//1569
f 905//1570 880//1570 841//1570
f 870//1571 905//1571 841//1571
f 881//1572 906//1572 871//1572
f 906//1573 900//1573 871//1573
f 907//1574 897//1574 845//1574
f 851//1575 907//1575 845//1575
f 898//1576 908//1576 852//1576
f 908//1577 869//1577 852//1577
f 909//1578 876//1578 859//1578
f 895//1579 909//1579 859//1579
f 860//1580 910//1580 844//1580
f 910//1581 896//1581 844//1581
f 770//1582 69//1582 758//1582
f 69//1583 68//1583 758//1583
f 68//1584 759//1584 758//1584
f 68//1585 67//1585 759//1585
f 67//1586 776//1586 759//1586
f 760//1587 911//1587 763//1587
f 911//1588 912//1588 763//1588
f 912//1589 771//1589 763//1589
f 767//1590 913//1590 760//1590
f 913//1591 911//1591 760//1591
f 914//1592 857//1592 855//1592
f 915//1593 914//1593 855//1593
f 856//1594 915//1594 855//1594
f 916//1595 864//1595 857//1595
f 914//1596 916//1596 857//1596
f 858//1597 917//1597 856//1597
f 917//1598 915//1598 856//1598
f 918//3 863//3 882//3
f 890//50 919//50 850//50
f 920//1599 882//1599 883//1599
f 891//1600 920//1600 883//1600
f 850//1601 47//1601 849//1601
f 47//1602 892//1602 849//1602
f 921//1603 872//1603 864//1603
f 916//1604 921//1604 864//1604
f 865//1605 922//1605 858//1605
f 922//1606 917//1606 858//1606
f 923//1607 907//1607 851//1607
f 868//1608 923//1608 851//1608
f 908//1609 924//1609 869//1609
f 924//1610 885//1610 869//1610
f 793//1611 70//1611 770//1611
f 70//1612 69//1612 770//1612
f 67//1613 925//1613 776//1613
f 925//1614 71//1614 776//1614
f 912//1615 926//1615 771//1615
f 926//1616 8//1616 771//1616
f 18//1617 927//1617 767//1617
f 927//1618 913//1618 767//1618
f 928//1619 903//1619 853//1619
f 880//1620 928//1620 853//1620
f 904//1621 929//1621 881//1621
f 929//1622 906//1622 881//1622
f 930//1623 878//1623 872//1623
f 921//1624 930//1624 872//1624
f 873//1625 931//1625 865//1625
f 931//1626 922//1626 865//1626
f 932//1627 901//1627 876//1627
f 909//1628 932//1628 876//1628
f 877//1629 933//1629 860//1629
f 933//1630 910//1630 860//1630
f 934//1631 920//1631 891//1631
f 901//1632 934//1632 891//1632
f 892//1633 935//1633 862//1633
f 935//1634 902//1634 862//1634
f 936//3 899//3 866//3
f 874//3 936//3 866//3
f 900//1635 50//1635 37//1635
f 937//50 875//50 37//50
f 50//50 937//50 37//50
f 938//1636 923//1636 868//1636
f 884//1637 938//1637 868//1637
f 924//1638 939//1638 885//1638
f 939//1639 904//1639 885//1639
f 940//1640 895//1640 878//1640
f 930//1641 940//1641 878//1641
f 879//1642 941//1642 873//1642
f 941//1643 931//1643 873//1643
f 899//1644 905//1644 870//1644
f 906//1645 942//1645 900//1645
f 942//1646 50//1646 900//1646
f 839//1647 70//1647 793//1647
f 925//1648 943//1648 71//1648
f 943//1649 822//1649 71//1649
f 926//1650 944//1650 8//1650
f 944//1651 840//1651 8//1651
f 823//1652 945//1652 18//1652
f 945//1653 927//1653 18//1653
f 946//1654 947//1654 887//1654
f 886//1655 946//1655 887//1655
f 947//1656 889//1656 887//1656
f 948//1657 946//1657 886//1657
f 888//1658 948//1658 886//1658
f 947//1659 949//1659 889//1659
f 949//1660 894//1660 889//1660
f 950//1661 909//1661 895//1661
f 940//1662 950//1662 895//1662
f 896//1663 951//1663 879//1663
f 951//1664 941//1664 879//1664
f 952//1665 934//1665 901//1665
f 932//1666 952//1666 901//1666
f 902//1667 953//1667 877//1667
f 953//1668 933//1668 877//1668
f 954//1669 928//1669 880//1669
f 905//1670 954//1670 880//1670
f 929//1671 955//1671 906//1671
f 955//1672 942//1672 906//1672
f 956//1673 948//1673 888//1673
f 893//1674 956//1674 888//1674
f 949//1675 957//1675 894//1675
f 957//1676 898//1676 894//1676
f 920//1677 958//1677 882//1677
f 958//3 918//3 882//3
f 919//1678 47//1678 850//1678
f 959//1679 938//1679 884//1679
f 903//1680 959//1680 884//1680
f 939//1681 960//1681 904//1681
f 960//1682 929//1682 904//1682
f 961//1683 956//1683 893//1683
f 897//1684 961//1684 893//1684
f 957//1685 962//1685 898//1685
f 962//1686 908//1686 898//1686
f 963//1687 958//1687 920//1687
f 934//1688 963//1688 920//1688
f 47//1689 935//1689 892//1689
f 912//1690 911//1690 68//1690
f 69//1691 912//1691 68//1691
f 913//1692 67//1692 68//1692
f 911//1693 913//1693 68//1693
f 964//1694 932//1694 909//1694
f 950//1695 964//1695 909//1695
f 910//1696 965//1696 896//1696
f 965//1697 951//1697 896//1697
f 966//1698 961//1698 897//1698
f 907//1699 966//1699 897//1699
f 962//1700 967//1700 908//1700
f 967//1701 924//1701 908//1701
f 927//1702 67//1702 913//1702
f 86//1703 937//1703 50//1703
f 926//1704 912//1704 69//1704
f 70//1704 926//1704 69//1704
f 927//1705 925//1705 67//1705
f 863//1706 968//1706 839//1706
f 968//1707 969//1707 839//1707
f 969//1708 70//1708 839//1708
f 943//1709 970//1709 822//1709
f 970//1710 874//1710 822//1710
f 944//1711 971//1711 840//1711
f 971//1712 890//1712 840//1712
f 875//1713 972//1713 823//1713
f 972//1714 945//1714 823//1714
f 973//1715 963//1715 934//1715
f 952//1716 973//1716 934//1716
f 935//1717 974//1717 902//1717
f 974//1718 953//1718 902//1718
f 975//1719 959//1719 903//1719
f 928//1720 975//1720 903//1720
f 960//1721 976//1721 929//1721
f 976//1722 955//1722 929//1722
f 977//1723 916//1723 914//1723
f 978//1724 977//1724 914//1724
f 915//1725 978//1725 914//1725
f 979//1726 966//1726 907//1726
f 923//1727 979//1727 907//1727
f 967//1728 980//1728 924//1728
f 980//1729 939//1729 924//1729
f 899//1730 954//1730 905//1730
f 955//1731 981//1731 942//1731
f 981//1732 50//1732 942//1732
f 982//1733 921//1733 916//1733
f 977//1734 982//1734 916//1734
f 917//1735 983//1735 915//1735
f 983//1736 978//1736 915//1736
f 984//1737 952//1737 932//1737
f 964//1738 984//1738 932//1738
f 933//1739 985//1739 910//1739
f 985//1740 965//1740 910//1740
f 986//1741 930//1741 921//1741
f 982//1742 986//1742 921//1742
f 922//1743 987//1743 917//1743
f 987//1744 983//1744 917//1744
f 945//1745 925//1745 927//1745
f 988//1746 940//1746 930//1746
f 986//1747 988//1747 930//1747
f 931//1748 989//1748 922//1748
f 989//1749 987//1749 922//1749
f 990//3 918//3 958//3
f 919//1750 46//1750 47//1750
f 944//1751 926//1751 70//1751
f 945//1752 943//1752 925//1752
f 991//1753 979//1753 923//1753
f 938//1754 991//1754 923//1754
f 980//1755 992//1755 939//1755
f 992//1756 960//1756 939//1756
f 993//1757 950//1757 940//1757
f 988//1758 993//1758 940//1758
f 941//1759 994//1759 931//1759
f 994//1760 989//1760 931//1760
f 995//1761 975//1761 928//1761
f 954//1762 995//1762 928//1762
f 976//1763 996//1763 955//1763
f 996//1764 981//1764 955//1764
f 997//1765 973//1765 952//1765
f 984//1766 997//1766 952//1766
f 953//1767 998//1767 933//1767
f 998//1768 985//1768 933//1768
f 999//1769 958//1769 963//1769
f 973//1770 999//1770 963//1770
f 47//1771 82//1771 935//1771
f 82//1772 974//1772 935//1772
f 1000//1773 964//1773 950//1773
f 993//1774 1000//1774 950//1774
f 951//1775 1001//1775 941//1775
f 1001//1776 994//1776 941//1776
f 1002//1777 991//1777 938//1777
f 959//1778 1002//1778 938//1778
f 992//1779 1003//1779 960//1779
f 1003//1780 976//1780 960//1780
f 969//1751 944//1751 70//1751
f 945//1781 970//1781 943//1781
f 972//1782 970//1782 945//1782
f 936//3 1004//3 899//3
f 981//1783 85//1783 50//1783
f 1005//1784 1006//1784 947//1784
f 946//1785 1005//1785 947//1785
f 1006//1786 949//1786 947//1786
f 1007//1787 1005//1787 946//1787
f 948//1788 1007//1788 946//1788
f 1006//1789 1008//1789 949//1789
f 1008//1790 957//1790 949//1790
f 918//1791 1009//1791 863//1791
f 1009//1792 968//1792 863//1792
f 970//1793 96//1793 874//1793
f 96//1794 936//1794 874//1794
f 971//1795 1010//1795 890//1795
f 1010//1796 919//1796 890//1796
f 937//1797 1011//1797 875//1797
f 1011//1798 1012//1798 875//1798
f 1012//1799 972//1799 875//1799
f 1013//1800 1007//1800 948//1800
f 956//1801 1013//1801 948//1801
f 1008//1802 1014//1802 957//1802
f 1014//1803 962//1803 957//1803
f 971//1804 944//1804 969//1804
f 968//1804 971//1804 969//1804
f 1015//1805 1013//1805 956//1805
f 961//1806 1015//1806 956//1806
f 1014//1807 1016//1807 962//1807
f 1016//1808 967//1808 962//1808
f 1017//1809 984//1809 964//1809
f 1000//1810 1017//1810 964//1810
f 965//1811 1018//1811 951//1811
f 1018//1812 1001//1812 951//1812
f 1019//1813 999//1813 973//1813
f 997//1814 1019//1814 973//1814
f 974//1815 1020//1815 953//1815
f 1020//1816 998//1816 953//1816
f 899//1817 1021//1817 954//1817
f 1021//1818 995//1818 954//1818
f 996//1819 1022//1819 981//1819
f 1022//1820 85//1820 981//1820
f 1023//1821 1002//1821 959//1821
f 975//1822 1023//1822 959//1822
f 1003//1823 1024//1823 976//1823
f 1024//1824 996//1824 976//1824
f 1025//1825 1015//1825 961//1825
f 966//1826 1025//1826 961//1826
f 1016//1827 1026//1827 967//1827
f 1026//1828 980//1828 967//1828
f 999//1829 1027//1829 958//1829
f 1027//3 990//3 958//3
f 46//50 82//50 47//50
f 1028//1830 997//1830 984//1830
f 1017//1831 1028//1831 984//1831
f 985//1832 1029//1832 965//1832
f 1029//1833 1018//1833 965//1833
f 1030//1834 1025//1834 966//1834
f 979//1835 1030//1835 966//1835
f 1026//1836 1031//1836 980//1836
f 1031//1837 992//1837 980//1837
f 1032//1838 982//1838 977//1838
f 1033//1839 1032//1839 977//1839
f 978//1840 1033//1840 977//1840
f 972//1841 96//1841 970//1841
f 1012//1842 96//1842 972//1842
f 1034//1843 986//1843 982//1843
f 1032//1844 1034//1844 982//1844
f 983//1845 1035//1845 978//1845
f 1035//1846 1033//1846 978//1846
f 1036//1847 1027//1847 999//1847
f 1019//1848 1036//1848 999//1848
f 82//1849 1020//1849 974//1849
f 1037//1850 1023//1850 975//1850
f 995//1851 1037//1851 975//1851
f 1024//1852 1038//1852 996//1852
f 1038//1853 1022//1853 996//1853
f 1039//1854 988//1854 986//1854
f 1034//1855 1039//1855 986//1855
f 987//1856 1040//1856 983//1856
f 1040//1857 1035//1857 983//1857
f 1041//1858 1030//1858 979//1858
f 991//1859 1041//1859 979//1859
f 1031//1860 1042//1860 992//1860
f 1042//1861 1003//1861 992//1861
f 1004//3 126//3 899//3
f 126//3 1021//3 899//3
f 1022//1862 1043//1862 85//1862
f 1044//1863 86//1863 85//1863
f 1043//1864 1044//1864 85//1864
f 1045//1865 993//1865 988//1865
f 1039//1866 1045//1866 988//1866
f 989//1867 1046//1867 987//1867
f 1046//1868 1040//1868 987//1868
f 1047//1869 1019//1869 997//1869
f 1028//1870 1047//1870 997//1870
f 998//1871 1048//1871 985//1871
f 1048//1872 1029//1872 985//1872
f 1010//1873 971//1873 968//1873
f 1009//1873 1010//1873 968//1873
f 1011//1874 96//1874 1012//1874
f 1049//1875 1000//1875 993//1875
f 1045//1876 1049//1876 993//1876
f 994//1877 1050//1877 989//1877
f 1050//1878 1046//1878 989//1878
f 990//1879 109//1879 918//1879
f 109//1880 1009//1880 918//1880
f 96//1881 110//1881 936//1881
f 110//1882 1004//1882 936//1882
f 1010//1883 1051//1883 919//1883
f 1051//1884 46//1884 919//1884
f 86//1885 1052//1885 937//1885
f 1052//1886 1011//1886 937//1886
f 1053//1887 1041//1887 991//1887
f 1002//1888 1053//1888 991//1888
f 1042//1889 1054//1889 1003//1889
f 1054//1890 1024//1890 1003//1890
f 1055//1891 1017//1891 1000//1891
f 1049//1892 1055//1892 1000//1892
f 1001//1893 1056//1893 994//1893
f 1056//1894 1050//1894 994//1894
f 1021//1895 1037//1895 995//1895
f 1038//1896 1057//1896 1022//1896
f 1057//1897 1043//1897 1022//1897
f 125//3 990//3 1027//3
f 46//1898 1058//1898 82//1898
f 1059//1899 1036//1899 1019//1899
f 1047//1900 1059//1900 1019//1900
f 1020//1901 1060//1901 998//1901
f 1060//1902 1048//1902 998//1902
f 1061//1903 1062//1903 1006//1903
f 1005//1904 1061//1904 1006//1904
f 1062//1905 1008//1905 1006//1905
f 1063//1906 1061//1906 1005//1906
f 1007//1907 1063//1907 1005//1907
f 1062//1908 1064//1908 1008//1908
f 1064//1909 1014//1909 1008//1909
f 1065//1910 1028//1910 1017//1910
f 1055//1911 1065//1911 1017//1911
f 1018//1912 1066//1912 1001//1912
f 1066//1913 1056//1913 1001//1913
f 1067//1914 1063//1914 1007//1914
f 1013//1915 1067//1915 1007//1915
f 1064//1916 1068//1916 1014//1916
f 1068//1917 1016//1917 1014//1917
f 1069//1918 1053//1918 1002//1918
f 1023//1919 1069//1919 1002//1919
f 1054//1920 1070//1920 1024//1920
f 1070//1921 1038//1921 1024//1921
f 1071//1922 1067//1922 1013//1922
f 1015//1923 1071//1923 1013//1923
f 1068//1924 1072//1924 1016//1924
f 1072//1925 1026//1925 1016//1925
f 1073//1926 1071//1926 1015//1926
f 1025//1927 1073//1927 1015//1927
f 1072//1928 1074//1928 1026//1928
f 1074//1929 1031//1929 1026//1929
f 1075//1930 1047//1930 1028//1930
f 1065//1931 1075//1931 1028//1931
f 1029//1932 1076//1932 1018//1932
f 1076//1933 1066//1933 1018//1933
f 1077//1934 1027//1934 1036//1934
f 1059//1935 1077//1935 1036//1935
f 82//1936 114//1936 1020//1936
f 114//1937 1060//1937 1020//1937
f 1078//1938 1069//1938 1023//1938
f 1037//1939 1078//1939 1023//1939
f 1070//1940 1079//1940 1038//1940
f 1079//1941 1057//1941 1038//1941
f 1051//1942 1010//1942 1009//1942
f 109//1942 1051//1942 1009//1942
f 1011//1943 110//1943 96//1943
f 1052//1944 110//1944 1011//1944
f 1080//1945 1073//1945 1025//1945
f 1030//1946 1080//1946 1025//1946
f 1074//1947 1081//1947 1031//1947
f 1081//1948 1042//1948 1031//1948
f 1082//1949 1059//1949 1047//1949
f 1075//1950 1082//1950 1047//1950
f 1048//1951 1083//1951 1029//1951
f 1083//1952 1076//1952 1029//1952
f 1084//1953 1034//1953 1032//1953
f 1085//1954 1084//1954 1032//1954
f 1033//1955 1085//1955 1032//1955
f 1086//1956 1080//1956 1030//1956
f 1041//1957 1086//1957 1030//1957
f 1081//1958 1087//1958 1042//1958
f 1087//1959 1054//1959 1042//1959
f 1088//1960 1039//1960 1034//1960
f 1084//1961 1088//1961 1034//1961
f 1035//1962 1089//1962 1033//1962
f 1089//1963 1085//1963 1033//1963
f 1090//1964 1045//1964 1039//1964
f 1088//1965 1090//1965 1039//1965
f 1040//1966 1091//1966 1035//1966
f 1091//1967 1089//1967 1035//1967
f 1058//1968 114//1968 82//1968
f 125//1969 1092//1969 990//1969
f 1092//1970 109//1970 990//1970
f 110//1971 1093//1971 1004//1971
f 1093//1972 126//1972 1004//1972
f 1051//1973 1094//1973 46//1973
f 1094//1974 1058//1974 46//1974
f 1044//1975 1095//1975 86//1975
f 1095//1976 1052//1976 86//1976
f 1021//1977 1078//1977 1037//1977
f 1079//1978 1096//1978 1057//1978
f 1096//1979 1043//1979 1057//1979
f 1097//1980 1049//1980 1045//1980
f 1090//1981 1097//1981 1045//1981
f 1046//1982 1098//1982 1040//1982
f 1098//1983 1091//1983 1040//1983
f 1099//1984 1086//1984 1041//1984
f 1053//1985 1099//1985 1041//1985
f 1087//1986 1100//1986 1054//1986
f 1100//1987 1070//1987 1054//1987
f 1101//1988 1055//1988 1049//1988
f 1097//1989 1101//1989 1049//1989
f 1050//1990 1102//1990 1046//1990
f 1102//1991 1098//1991 1046//1991
f 1103//1992 1077//1992 1059//1992
f 1082//1993 1103//1993 1059//1993
f 1060//1994 1104//1994 1048//1994
f 1104//1995 1083//1995 1048//1995
f 1105//1996 1065//1996 1055//1996
f 1101//1997 1105//1997 1055//1997
f 1056//1998 1106//1998 1050//1998
f 1106//1999 1102//1999 1050//1999
f 1107//2000 1099//2000 1053//2000
f 1069//2001 1107//2001 1053//2001
f 1100//2002 1108//2002 1070//2002
f 1108//2003 1079//2003 1070//2003
f 126//3 1109//3 1021//3
f 1110//50 1044//50 1043//50
f 1111//2004 1075//2004 1065//2004
f 1105//2005 1111//2005 1065//2005
f 1066//2006 1112//2006 1056//2006
f 1112//2006 1106//2006 1056//2006
f 1113//2007 1027//2007 1077//2007
f 1103//2008 1113//2008 1077//2008
f 114//2009 1104//2009 1060//2009
f 1114//2010 1115//2010 1062//2010
f 1061//2011 1114//2011 1062//2011
f 1115//2012 1064//2012 1062//2012
f 1116//2013 1114//2013 1061//2013
f 1063//2014 1116//2014 1061//2014
f 1115//2015 1117//2015 1064//2015
f 1117//2016 1068//2016 1064//2016
f 1118//2017 1116//2017 1063//2017
f 1067//2018 1118//2018 1063//2018
f 1117//2019 1119//2019 1068//2019
f 1119//2020 1072//2020 1068//2020
f 1094//2021 1051//2021 109//2021
f 1092//2021 1094//2021 109//2021
f 1052//2022 1093//2022 110//2022
f 1095//2022 1093//2022 1052//2022
f 1120//2023 1107//2023 1069//2023
f 1078//2024 1120//2024 1069//2024
f 1108//2025 1121//2025 1079//2025
f 1121//2026 1096//2026 1079//2026
f 1122//2027 1118//2027 1067//2027
f 1071//2028 1122//2028 1067//2028
f 1119//2029 1123//2029 1072//2029
f 1123//2030 1074//2030 1072//2030
f 1124//2031 1082//2031 1075//2031
f 1111//2004 1124//2004 1075//2004
f 1076//2032 1125//2032 1066//2032
f 1125//2033 1112//2033 1066//2033
f 1126//2034 1122//2034 1071//2034
f 1073//2035 1126//2035 1071//2035
f 1123//2036 1127//2036 1074//2036
f 1127//2037 1081//2037 1074//2037
f 1113//2038 1128//2038 1027//2038
f 1129//3 125//3 1027//3
f 1128//3 1129//3 1027//3
f 1058//2039 1130//2039 114//2039
f 1131//2040 1126//2040 1073//2040
f 1080//2041 1131//2041 1073//2041
f 1127//2037 1132//2037 1081//2037
f 1132//2042 1087//2042 1081//2042
f 1133//2043 1103//2043 1082//2043
f 1124//2044 1133//2044 1082//2044
f 1083//2045 1134//2045 1076//2045
f 1134//2046 1125//2046 1076//2046
f 1021//2047 1135//2047 1078//2047
f 1135//2048 1120//2048 1078//2048
f 1121//2049 1136//2049 1096//2049
f 1136//2050 1043//2050 1096//2050
f 1137//2051 1131//2051 1080//2051
f 1086//2052 1137//2052 1080//2052
f 1132//2053 1138//2053 1087//2053
f 1138//2054 1100//2054 1087//2054
f 1139//2055 1113//2055 1103//2055
f 1133//2056 1139//2056 1103//2056
f 1104//2057 1140//2057 1083//2057
f 1140//2058 1134//2058 1083//2058
f 1141//2059 1088//2059 1084//2059
f 1142//2060 1141//2060 1084//2060
f 1085//2061 1142//2061 1084//2061
f 1129//2062 1143//2062 125//2062
f 1143//2063 1092//2063 125//2063
f 1093//2064 1144//2064 126//2064
f 1144//2065 1109//2065 126//2065
f 1094//2066 1145//2066 1058//2066
f 1145//2067 1130//2067 1058//2067
f 1110//2068 1146//2068 1044//2068
f 1146//2069 1095//2069 1044//2069
f 1147//2070 1090//2070 1088//2070
f 1141//2071 1147//2071 1088//2071
f 1089//2072 1148//2072 1085//2072
f 1148//2073 1142//2073 1085//2073
f 1149//2074 1097//2074 1090//2074
f 1147//2075 1149//2075 1090//2075
f 1091//2076 1150//2076 1089//2076
f 1150//2077 1148//2077 1089//2077
f 1151//2078 1137//2078 1086//2078
f 1099//2079 1151//2079 1086//2079
f 1138//2080 1152//2080 1100//2080
f 1152//2081 1108//2081 1100//2081
f 1153//2082 1101//2082 1097//2082
f 1149//2083 1153//2083 1097//2083
f 1098//2084 1154//2084 1091//2084
f 1154//2085 1150//2085 1091//2085
f 1109//3 1135//3 1021//3
f 1136//2086 117//2086 1043//2086
f 117//50 1110//50 1043//50
f 1155//2087 1105//2087 1101//2087
f 1153//2088 1155//2088 1101//2088
f 1102//2089 1156//2089 1098//2089
f 1156//2090 1154//2090 1098//2090
f 1157//2091 1151//2091 1099//2091
f 1107//2092 1157//2092 1099//2092
f 1152//2093 1158//2093 1108//2093
f 1158//2094 1121//2094 1108//2094
f 1159//2095 1128//2095 1113//2095
f 1139//2096 1159//2096 1113//2096
f 114//2097 136//2097 1104//2097
f 136//2098 1140//2098 1104//2098
f 1160//2099 1111//2099 1105//2099
f 1155//2100 1160//2100 1105//2100
f 1106//2101 1161//2101 1102//2101
f 1161//2102 1156//2102 1102//2102
f 1162//2103 1124//2103 1111//2103
f 1160//2104 1162//2104 1111//2104
f 1112//2105 1163//2105 1106//2105
f 1163//2106 1161//2106 1106//2106
f 1145//2107 1094//2107 1092//2107
f 1143//2107 1145//2107 1092//2107
f 1095//2108 1144//2108 1093//2108
f 1146//2108 1144//2108 1095//2108
f 1164//2109 1157//2109 1107//2109
f 1120//2109 1164//2109 1107//2109
f 1158//2110 1165//2110 1121//2110
f 1165//2111 1136//2111 1121//2111
f 1166//3 1129//3 1128//3
f 1130//2112 136//2112 114//2112
f 1167//2113 1133//2113 1124//2113
f 1162//2114 1167//2114 1124//2114
f 1125//2115 1168//2115 1112//2115
f 1168//2116 1163//2116 1112//2116
f 1169//2117 1170//2117 1115//2117
f 1114//2118 1169//2118 1115//2118
f 1170//2119 1117//2119 1115//2119
f 1171//2120 1169//2120 1114//2120
f 1116//2121 1171//2121 1114//2121
f 1170//2122 1172//2122 1117//2122
f 1172//2123 1119//2123 1117//2123
f 1173//2124 1171//2124 1116//2124
f 1118//2125 1173//2125 1116//2125
f 1172//2126 1174//2126 1119//2126
f 1174//2127 1123//2127 1119//2127
f 1175//2128 1173//2128 1118//2128
f 1122//2129 1175//2129 1118//2129
f 1174//2130 1176//2130 1123//2130
f 1176//2131 1127//2131 1123//2131
f 1135//2132 1164//2132 1120//2132
f 1165//2111 1177//2111 1136//2111
f 1177//2133 117//2133 1136//2133
f 1178//2134 1139//2134 1133//2134
f 1167//2135 1178//2135 1133//2135
f 1134//2136 1179//2136 1125//2136
f 1179//2137 1168//2137 1125//2137
f 1180//2138 1175//2138 1122//2138
f 1126//2139 1180//2139 1122//2139
f 1176//2140 1181//2140 1127//2140
f 1181//2141 1132//2141 1127//2141
f 1182//2142 1180//2142 1126//2142
f 1131//2143 1182//2143 1126//2143
f 1181//2144 1183//2144 1132//2144
f 1183//2145 1138//2145 1132//2145
f 1184//2146 1159//2146 1139//2146
f 1178//2147 1184//2147 1139//2147
f 1140//2148 1185//2148 1134//2148
f 1185//2149 1179//2149 1134//2149
f 1109//3 1186//3 1135//3
f 1187//50 1110//50 117//50
f 1188//2150 1182//2150 1131//2150
f 1137//2151 1188//2151 1131//2151
f 1183//2152 1189//2152 1138//2152
f 1189//2153 1152//2153 1138//2153
f 1190//2154 1188//2154 1137//2154
f 1151//2155 1190//2155 1137//2155
f 1189//2156 1191//2156 1152//2156
f 1191//2157 1158//2157 1152//2157
f 1166//2158 1192//2158 1129//2158
f 1192//2159 1143//2159 1129//2159
f 1144//2160 1193//2160 1109//2160
f 1193//2161 1186//2161 1109//2161
f 1145//2162 1194//2162 1130//2162
f 1194//2163 1195//2163 1130//2163
f 1195//50 136//50 1130//50
f 1187//2164 1196//2164 1110//2164
f 1196//2165 1146//2165 1110//2165
f 1197//2166 1128//2166 1159//2166
f 1184//2167 1197//2167 1159//2167
f 136//2168 1185//2168 1140//2168
f 1198//2169 1147//2169 1141//2169
f 1199//2170 1198//2170 1141//2170
f 1142//2171 1199//2171 1141//2171
f 1200//2172 1149//2172 1147//2172
f 1198//2173 1200//2173 1147//2173
f 1148//2174 1201//2174 1142//2174
f 1201//2175 1199//2175 1142//2175
f 1202//2176 1153//2176 1149//2176
f 1200//2177 1202//2177 1149//2177
f 1150//2178 1203//2178 1148//2178
f 1203//2179 1201//2179 1148//2179
f 1204//2180 1190//2180 1151//2180
f 1157//2181 1204//2181 1151//2181
f 1191//2182 1205//2182 1158//2182
f 1205//2183 1165//2183 1158//2183
f 1206//2184 1155//2184 1153//2184
f 1202//2185 1206//2185 1153//2185
f 1154//2186 1207//2186 1150//2186
f 1207//2187 1203//2187 1150//2187
f 1208//2188 1160//2188 1155//2188
f 1206//2189 1208//2189 1155//2189
f 1156//2190 1209//2190 1154//2190
f 1209//2191 1207//2191 1154//2191
f 1210//2192 1204//2192 1157//2192
f 1164//2193 1210//2193 1157//2193
f 1205//2194 1211//2194 1165//2194
f 1211//2195 1177//2195 1165//2195
f 1212//2196 1162//2196 1160//2196
f 1208//2197 1212//2197 1160//2197
f 1161//2198 1213//2198 1156//2198
f 1213//2199 1209//2199 1156//2199
f 1194//2200 1145//2200 1143//2200
f 1192//2200 1194//2200 1143//2200
f 1146//2201 1193//2201 1144//2201
f 1196//2202 1193//2202 1146//2202
f 1214//2203 1167//2203 1162//2203
f 1212//2204 1214//2204 1162//2204
f 1163//2205 1215//2205 1161//2205
f 1215//2206 1213//2206 1161//2206
f 1135//2207 1210//2207 1164//2207
f 1211//2208 1216//2208 1177//2208
f 1216//2209 117//2209 1177//2209
f 1217//2210 1178//2210 1167//2210
f 1214//2211 1217//2211 1167//2211
f 1168//2212 1218//2212 1163//2212
f 1218//2213 1215//2213 1163//2213
f 1219//2214 1184//2214 1178//2214
f 1217//2215 1219//2215 1178//2215
f 1179//2216 1220//2216 1168//2216
f 1220//2217 1218//2217 1168//2217
f 1216//2218 140//2218 117//2218
f 140//2219 1187//2219 117//2219
f 1221//2220 1222//2220 1170//2220
f 1169//2221 1221//2221 1170//2221
f 1222//2222 1172//2222 1170//2222
f 1223//2223 1221//2223 1169//2223
f 1171//2224 1223//2224 1169//2224
f 1222//2225 1224//2225 1172//2225
f 1224//2226 1174//2226 1172//2226
f 1225//2227 1223//2227 1171//2227
f 1173//2228 1225//2228 1171//2228
f 1224//2229 1226//2229 1174//2229
f 1226//2230 1176//2230 1174//2230
f 1227//2231 1225//2231 1173//2231
f 1175//2232 1227//2232 1173//2232
f 1226//2233 1228//2233 1176//2233
f 1228//2234 1181//2234 1176//2234
f 1229//2235 1197//2235 1184//2235
f 1219//2236 1229//2236 1184//2236
f 1185//2237 1230//2237 1179//2237
f 1230//2238 1220//2238 1179//2238
f 1231//2239 1227//2239 1175//2239
f 1180//2240 1231//2240 1175//2240
f 1228//2241 1232//2241 1181//2241
f 1232//2242 1183//2242 1181//2242
f 1233//2243 1231//2243 1180//2243
f 1182//2244 1233//2244 1180//2244
f 1232//2245 1234//2245 1183//2245
f 1234//2246 1189//2246 1183//2246
f 1235//2247 1128//2247 1197//2247
f 1229//2248 1235//2248 1197//2248
f 136//2249 169//2249 1185//2249
f 169//2250 1230//2250 1185//2250
f 1236//2251 1233//2251 1182//2251
f 1188//2252 1236//2252 1182//2252
f 1234//2253 1237//2253 1189//2253
f 1237//2254 1191//2254 1189//2254
f 1238//2255 1236//2255 1188//2255
f 1190//2256 1238//2256 1188//2256
f 1237//2257 1239//2257 1191//2257
f 1239//2258 1205//2258 1191//2258
f 1235//2259 1240//2259 1128//2259
f 1241//3 1166//3 1128//3
f 1240//3 1241//3 1128//3
f 1195//50 1242//50 136//50
f 1242//50 169//50 136//50
f 1243//2260 1238//2260 1190//2260
f 1204//2261 1243//2261 1190//2261
f 1239//2262 1244//2262 1205//2262
f 1244//2263 1211//2263 1205//2263
f 1241//2264 154//2264 1166//2264
f 154//2265 1192//2265 1166//2265
f 156//2266 1245//2266 1186//2266
f 1193//2267 156//2267 1186//2267
f 1245//3 1135//3 1186//3
f 1246//2268 1242//2268 1195//2268
f 1194//2269 1246//2269 1195//2269
f 1247//2270 1248//2270 1187//2270
f 1248//2271 1196//2271 1187//2271
f 140//2272 1247//2272 1187//2272
f 1249//2273 1243//2273 1204//2273
f 1210//2274 1249//2274 1204//2274
f 1244//2275 1250//2275 1211//2275
f 1250//2276 1216//2276 1211//2276
f 1251//2277 1200//2277 1198//2277
f 1252//2278 1251//2278 1198//2278
f 1199//2279 1252//2279 1198//2279
f 1253//2280 1202//2280 1200//2280
f 1251//2281 1253//2281 1200//2281
f 1201//2282 1254//2282 1199//2282
f 1254//2283 1252//2283 1199//2283
f 1255//2284 1206//2284 1202//2284
f 1253//2285 1255//2285 1202//2285
f 1203//2286 1256//2286 1201//2286
f 1256//2287 1254//2287 1201//2287
f 1257//2288 1208//2288 1206//2288
f 1255//2289 1257//2289 1206//2289
f 1207//2290 1258//2290 1203//2290
f 1258//2291 1256//2291 1203//2291
f 1259//2292 1212//2292 1208//2292
f 1257//2293 1259//2293 1208//2293
f 1209//2294 1260//2294 1207//2294
f 1260//2295 1258//2295 1207//2295
f 1135//2296 1261//2296 1210//2296
f 1261//2297 1249//2297 1210//2297
f 1250//2298 1262//2298 1216//2298
f 1262//2299 140//2299 1216//2299
f 1263//2300 1214//2300 1212//2300
f 1259//2301 1263//2301 1212//2301
f 1213//2302 1264//2302 1209//2302
f 1264//2303 1260//2303 1209//2303
f 1246//2304 1194//2304 1192//2304
f 154//2304 1246//2304 1192//2304
f 1196//2305 156//2305 1193//2305
f 1248//2306 156//2306 1196//2306
f 1265//2307 1217//2307 1214//2307
f 1263//2308 1265//2308 1214//2308
f 1215//2309 1266//2309 1213//2309
f 1266//2310 1264//2310 1213//2310
f 1245//3 1261//3 1135//3
f 1262//2311 171//2311 140//2311
f 171//2312 1247//2312 140//2312
f 1267//2313 1219//2313 1217//2313
f 1265//2314 1267//2314 1217//2314
f 1218//2315 1268//2315 1215//2315
f 1268//2316 1266//2316 1215//2316
f 1269//2317 1229//2317 1219//2317
f 1267//2318 1269//2318 1219//2318
f 1220//2319 1270//2319 1218//2319
f 1270//2320 1268//2320 1218//2320
f 1271//2321 1235//2321 1229//2321
f 1269//2322 1271//2322 1229//2322
f 1230//2323 1272//2323 1220//2323
f 1272//2324 1270//2324 1220//2324
f 1273//2325 1240//2325 1235//2325
f 1271//2326 1273//2326 1235//2326
f 169//2327 1272//2327 1230//2327
f 1274//2328 1275//2328 1222//2328
f 1221//2329 1274//2329 1222//2329
f 1275//2330 1224//2330 1222//2330
f 1276//2331 1274//2331 1221//2331
f 1223//2332 1276//2332 1221//2332
f 1275//2333 1277//2333 1224//2333
f 1277//2334 1226//2334 1224//2334
f 1278//2335 1276//2335 1223//2335
f 1225//2336 1278//2336 1223//2336
f 1277//2337 1279//2337 1226//2337
f 1279//2338 1228//2338 1226//2338
f 1280//2339 1278//2339 1225//2339
f 1227//2340 1280//2340 1225//2340
f 1279//2341 1281//2341 1228//2341
f 1281//2342 1232//2342 1228//2342
f 1282//2343 1280//2343 1227//2343
f 1231//2344 1282//2344 1227//2344
f 1281//2342 1283//2342 1232//2342
f 1283//2345 1234//2345 1232//2345
f 1273//2346 1284//2346 1240//2346
f 1284//3 1241//3 1240//3
f 1285//2347 1282//2347 1231//2347
f 1233//2348 1285//2348 1231//2348
f 1283//2349 1286//2349 1234//2349
f 1286//2350 1237//2350 1234//2350
f 1287//2351 1285//2351 1233//2351
f 1236//2352 1287//2352 1233//2352
f 1286//2353 1288//2353 1237//2353
f 1288//2354 1239//2354 1237//2354
f 1289//2355 1287//2355 1236//2355
f 1238//2356 1289//2356 1236//2356
f 1288//2357 1290//2357 1239//2357
f 1290//2358 1244//2358 1239//2358
f 1291//2359 1289//2359 1238//2359
f 1243//2360 1291//2360 1238//2360
f 1290//2361 1292//2361 1244//2361
f 1292//2362 1250//2362 1244//2362
f 1293//2363 1291//2363 1243//2363
f 1249//2364 1293//2364 1243//2364
f 1292//2365 1294//2365 1250//2365
f 1294//2366 1262//2366 1250//2366
f 1261//2367 1293//2367 1249//2367
f 1294//2368 1295//2368 1262//2368
f 1295//2369 171//2369 1262//2369
f 1296//2370 175//2370 1241//2370
f 175//2371 154//2371 1241//2371
f 1284//3 1296//3 1241//3
f 156//2372 1297//2372 1245//2372
f 1297//3 1261//3 1245//3
f 1246//2373 176//2373 1242//2373
f 176//50 169//50 1242//50
f 178//2374 1298//2374 1247//2374
f 1298//2375 1248//2375 1247//2375
f 171//2376 178//2376 1247//2376
f 1299//2377 1253//2377 1251//2377
f 1300//2378 1299//2378 1251//2378
f 1252//2379 1300//2379 1251//2379
f 1301//2380 1255//2380 1253//2380
f 1299//2381 1301//2381 1253//2381
f 1254//2382 1302//2382 1252//2382
f 1302//2383 1300//2383 1252//2383
f 1303//2384 1257//2384 1255//2384
f 1301//2385 1303//2385 1255//2385
f 1256//2386 1304//2386 1254//2386
f 1304//2387 1302//2387 1254//2387
f 1305//2388 1259//2388 1257//2388
f 1303//2389 1305//2389 1257//2389
f 1258//2390 1306//2390 1256//2390
f 1306//2391 1304//2391 1256//2391
f 1307//2392 1263//2392 1259//2392
f 1305//2393 1307//2393 1259//2393
f 1260//2394 1308//2394 1258//2394
f 1308//2395 1306//2395 1258//2395
f 1309//2396 1265//2396 1263//2396
f 1307//2397 1309//2397 1263//2397
f 1264//2398 1310//2398 1260//2398
f 1310//2399 1308//2399 1260//2399
f 1311//2400 1246//2400 154//2400
f 175//2400 1311//2400 154//2400
f 177//2401 1297//2401 156//2401
f 1248//2402 177//2402 156//2402
f 1311//2403 176//2403 1246//2403
f 1298//2402 177//2402 1248//2402
f 1312//2404 1267//2404 1265//2404
f 1309//2405 1312//2405 1265//2405
f 1266//2406 1313//2406 1264//2406
f 1313//2407 1310//2407 1264//2407
f 1314//2408 1269//2408 1267//2408
f 1312//2409 1314//2409 1267//2409
f 1268//2410 1315//2410 1266//2410
f 1315//2411 1313//2411 1266//2411
f 1316//2412 1271//2412 1269//2412
f 1314//2413 1316//2413 1269//2413
f 1270//2414 1317//2414 1268//2414
f 1317//2415 1315//2415 1268//2415
f 1318//2416 1273//2416 1271//2416
f 1316//2417 1318//2417 1271//2417
f 1272//2418 1319//2418 1270//2418
f 1319//2419 1317//2419 1270//2419
f 1320//2420 1284//2420 1273//2420
f 1318//2421 1320//2421 1273//2421
f 169//2422 185//2422 1272//2422
f 185//2423 1319//2423 1272//2423
f 1321//2424 1322//2424 1275//2424
f 1274//2425 1321//2425 1275//2425
f 1322//2426 1277//2426 1275//2426
f 1323//2427 1321//2427 1274//2427
f 1276//2428 1323//2428 1274//2428
f 1322//2429 1324//2429 1277//2429
f 1324//2430 1279//2430 1277//2430
f 1325//2431 1323//2431 1276//2431
f 1278//2432 1325//2432 1276//2432
f 1324//2433 1326//2433 1279//2433
f 1326//2434 1281//2434 1279//2434
f 1327//2435 1325//2435 1278//2435
f 1280//2436 1327//2436 1278//2436
f 1326//2437 1328//2437 1281//2437
f 1328//2438 1283//2438 1281//2438
f 1329//2439 1327//2439 1280//2439
f 1282//2440 1329//2440 1280//2440
f 1328//2441 1330//2441 1283//2441
f 1330//2442 1286//2442 1283//2442
f 1331//2443 1329//2443 1282//2443
f 1285//2444 1331//2444 1282//2444
f 1330//2445 1332//2445 1286//2445
f 1332//2446 1288//2446 1286//2446
f 1333//2447 1331//2447 1285//2447
f 1287//2448 1333//2448 1285//2448
f 1332//2449 1334//2449 1288//2449
f 1334//2450 1290//2450 1288//2450
f 1335//2451 1333//2451 1287//2451
f 1289//2452 1335//2452 1287//2452
f 1334//2453 1336//2453 1290//2453
f 1336//2454 1292//2454 1290//2454
f 1337//2455 1335//2455 1289//2455
f 1291//2456 1337//2456 1289//2456
f 1336//2457 1338//2457 1292//2457
f 1338//2458 1294//2458 1292//2458
f 1339//2459 1337//2459 1291//2459
f 1293//2460 1339//2460 1291//2460
f 1338//2461 1340//2461 1294//2461
f 1340//2462 1295//2462 1294//2462
f 1261//2463 1339//2463 1293//2463
f 1340//2464 1341//2464 1295//2464
f 1341//2465 171//2465 1295//2465
f 1341//2466 186//2466 171//2466
f 1320//2467 1342//2467 1284//2467
f 1284//3 1343//3 1296//3
f 1344//2468 175//2468 1296//2468
f 1343//2469 1344//2469 1296//2469
f 1345//3 1261//3 1297//3
f 177//2470 1345//2470 1297//2470
f 1346//2471 1342//2471 1320//2471
f 1318//2472 1346//2472 1320//2472
f 1344//2473 1347//2473 175//2473
f 1347//2474 1311//2474 175//2474
f 1298//2475 1348//2475 177//2475
f 1348//2476 1345//2476 177//2476
f 1349//2477 1346//2477 1318//2477
f 1316//2478 1349//2478 1318//2478
f 1350//2479 1349//2479 1316//2479
f 1314//2480 1350//2480 1316//2480
f 1351//2481 1350//2481 1314//2481
f 1312//2482 1351//2482 1314//2482
f 1352//2483 1351//2483 1312//2483
f 1309//2484 1352//2484 1312//2484
f 1353//2485 1352//2485 1309//2485
f 1307//2486 1353//2486 1309//2486
f 1354//2487 1353//2487 1307//2487
f 1305//2488 1354//2488 1307//2488
f 1355//2489 1354//2489 1305//2489
f 1303//2490 1355//2490 1305//2490
f 1356//2491 1355//2491 1303//2491
f 1301//2492 1356//2492 1303//2492
f 1299//2493 1357//2493 1301//2493
f 1357//2494 1356//2494 1301//2494
f 1358//2495 1357//2495 1299//2495
f 1300//2496 1358//2496 1299//2496
f 1302//2497 1359//2497 1300//2497
f 1359//2498 1358//2498 1300//2498
f 1304//2499 1360//2499 1302//2499
f 1360//2500 1359//2500 1302//2500
f 1306//2501 1361//2501 1304//2501
f 1361//2502 1360//2502 1304//2502
f 1308//2503 1362//2503 1306//2503
f 1362//2504 1361//2504 1306//2504
f 1310//2505 1363//2505 1308//2505
f 1363//2506 1362//2506 1308//2506
f 1313//2507 1364//2507 1310//2507
f 1364//2508 1363//2508 1310//2508
f 1315//2509 1365//2509 1313//2509
f 1365//2510 1364//2510 1313//2510
f 1317//2511 1366//2511 1315//2511
f 1366//2512 1365//2512 1315//2512
f 1319//2513 1367//2513 1317//2513
f 1367//2514 1366//2514 1317//2514
f 1368//2515 176//2515 1311//2515
f 1347//2516 1368//2516 1311//2516
f 1369//2517 1348//2517 1298//2517
f 178//2518 1369//2518 1298//2518
f 185//2519 1367//2519 1319//2519
f 1368//50 185//50 176//50
f 186//2520 1370//2520 178//2520
f 1370//2521 1369//2521 178//2521
f 1371//2522 1339//2522 1261//2522
f 1345//3 1371//3 1261//3
f 1341//2523 1372//2523 186//2523
f 1371//2524 1373//2524 1339//2524
f 1373//2525 1337//2525 1339//2525
f 1374//2526 1372//2526 1341//2526
f 1340//2527 1374//2527 1341//2527
f 1373//2528 1375//2528 1337//2528
f 1375//2529 1335//2529 1337//2529
f 1376//2530 1374//2530 1340//2530
f 1338//2531 1376//2531 1340//2531
f 1375//2532 1377//2532 1335//2532
f 1377//2533 1333//2533 1335//2533
f 1378//2534 1376//2534 1338//2534
f 1336//2535 1378//2535 1338//2535
f 1377//2536 1379//2536 1333//2536
f 1379//2537 1331//2537 1333//2537
f 1380//2538 1378//2538 1336//2538
f 1334//2539 1380//2539 1336//2539
f 1379//2540 1381//2540 1331//2540
f 1381//2541 1329//2541 1331//2541
f 1382//2542 1380//2542 1334//2542
f 1332//2543 1382//2543 1334//2543
f 1381//2544 1383//2544 1329//2544
f 1383//2545 1327//2545 1329//2545
f 1384//2546 1382//2546 1332//2546
f 1330//2547 1384//2547 1332//2547
f 1383//2548 1385//2548 1327//2548
f 1385//2549 1325//2549 1327//2549
f 1386//2550 1384//2550 1330//2550
f 1328//2551 1386//2551 1330//2551
f 1385//2552 1387//2552 1325//2552
f 1387//2553 1323//2553 1325//2553
f 1388//2554 1386//2554 1328//2554
f 1326//2555 1388//2555 1328//2555
f 1387//2556 1389//2556 1323//2556
f 1389//2557 1321//2557 1323//2557
f 1390//2558 1388//2558 1326//2558
f 1324//2559 1390//2559 1326//2559
f 1389//2560 1391//2560 1321//2560
f 1391//2561 1322//2561 1321//2561
f 1322//2562 1392//2562 1324//2562
f 1392//2563 1390//2563 1324//2563
f 1391//2564 1392//2564 1322//2564
f 1342//2565 1393//2565 1284//2565
f 1393//2566 1394//2566 1284//2566
f 1394//3 1343//3 1284//3
f 1346//2567 1395//2567 1342//2567
f 1395//2568 1393//2568 1342//2568
f 1396//2569 1366//2569 1367//2569
f 185//2570 1396//2570 1367//2570
f 1349//2571 1397//2571 1346//2571
f 1397//2572 1395//2572 1346//2572
f 1398//2573 1365//2573 1366//2573
f 1396//2574 1398//2574 1366//2574
f 1350//2575 1399//2575 1349//2575
f 1399//2576 1397//2576 1349//2576
f 1400//2577 1364//2577 1365//2577
f 1398//2578 1400//2578 1365//2578
f 1351//2579 1401//2579 1350//2579
f 1401//2580 1399//2580 1350//2580
f 1402//2581 1363//2581 1364//2581
f 1400//2582 1402//2582 1364//2582
f 1352//2583 1403//2583 1351//2583
f 1403//2584 1401//2584 1351//2584
f 1404//2585 1362//2585 1363//2585
f 1402//2586 1404//2586 1363//2586
f 1353//2587 1405//2587 1352//2587
f 1405//2588 1403//2588 1352//2588
f 1406//2589 1361//2589 1362//2589
f 1404//2590 1406//2590 1362//2590
f 1354//2591 1407//2591 1353//2591
f 1407//2592 1405//2592 1353//2592
f 1408//2593 1360//2593 1361//2593
f 1406//2594 1408//2594 1361//2594
f 1355//2595 1409//2595 1354//2595
f 1409//2596 1407//2596 1354//2596
f 1410//2597 1359//2597 1360//2597
f 1408//2598 1410//2598 1360//2598
f 1411//2599 1412//2599 1344//2599
f 1412//2600 1347//2600 1344//2600
f 1343//2601 1413//2601 1344//2601
f 1413//2602 1411//2602 1344//2602
f 1369//2603 1414//2603 1348//2603
f 1415//2604 1345//2604 1348//2604
f 1414//2605 1415//2605 1348//2605
f 1416//2606 1368//2606 1347//2606
f 1412//2607 1416//2607 1347//2607
f 1417//2608 1414//2608 1369//2608
f 1370//2609 1418//2609 1369//2609
f 1418//2610 1417//2610 1369//2610
f 1356//2611 1419//2611 1355//2611
f 1419//2612 1409//2612 1355//2612
f 1420//2613 1358//2613 1359//2613
f 1410//2614 1420//2614 1359//2614
f 1357//2615 1421//2615 1356//2615
f 1421//2616 1419//2616 1356//2616
f 1422//2617 1357//2617 1358//2617
f 1420//2618 1422//2618 1358//2618
f 1422//2619 1421//2619 1357//2619
f 1394//3 1413//3 1343//3
f 1415//3 1371//3 1345//3
f 1416//2620 201//2620 1368//2620
f 201//2621 185//2621 1368//2621
f 186//2622 202//2622 1370//2622
f 202//50 1418//50 1370//50
f 1423//2623 202//2623 186//2623
f 1372//2624 1423//2624 186//2624
f 1371//2625 1424//2625 1373//2625
f 1424//2626 1375//2626 1373//2626
f 1425//2627 1423//2627 1372//2627
f 1374//2628 1425//2628 1372//2628
f 1424//2629 1426//2629 1375//2629
f 1426//2630 1377//2630 1375//2630
f 1427//2631 1425//2631 1374//2631
f 1376//2632 1427//2632 1374//2632
f 1426//2633 1428//2633 1377//2633
f 1428//2634 1379//2634 1377//2634
f 1429//2635 1427//2635 1376//2635
f 1378//2636 1429//2636 1376//2636
f 1428//2637 1430//2637 1379//2637
f 1430//2638 1381//2638 1379//2638
f 1431//2639 1429//2639 1378//2639
f 1380//2640 1431//2640 1378//2640
f 1430//2641 1432//2641 1381//2641
f 1432//2642 1383//2642 1381//2642
f 1433//2643 1431//2643 1380//2643
f 1382//2644 1433//2644 1380//2644
f 1432//2645 1434//2645 1383//2645
f 1434//2646 1385//2646 1383//2646
f 1435//2647 1433//2647 1382//2647
f 1384//2648 1435//2648 1382//2648
f 1393//2649 1436//2649 1394//2649
f 201//2650 1396//2650 185//2650
f 1434//2651 1437//2651 1385//2651
f 1437//2652 1387//2652 1385//2652
f 1438//2653 1435//2653 1384//2653
f 1386//2654 1438//2654 1384//2654
f 1437//2655 1439//2655 1387//2655
f 1439//2656 1389//2656 1387//2656
f 1440//2657 1438//2657 1386//2657
f 1388//2658 1440//2658 1386//2658
f 1439//2659 1441//2659 1389//2659
f 1441//2660 1391//2660 1389//2660
f 1442//2661 1440//2661 1388//2661
f 1390//2662 1442//2662 1388//2662
f 1441//2663 1443//2663 1391//2663
f 1443//2664 1392//2664 1391//2664
f 1392//2665 1444//2665 1390//2665
f 1444//2666 1442//2666 1390//2666
f 1443//2667 1444//2667 1392//2667
f 1395//2668 1445//2668 1393//2668
f 1445//2669 1436//2669 1393//2669
f 1446//2670 1398//2670 1396//2670
f 201//2671 1446//2671 1396//2671
f 1397//2672 1447//2672 1395//2672
f 1447//2673 1445//2673 1395//2673
f 1448//2674 1400//2674 1398//2674
f 1446//2675 1448//2675 1398//2675
f 1399//2676 1449//2676 1397//2676
f 1449//2677 1447//2677 1397//2677
f 1450//2678 1402//2678 1400//2678
f 1448//2679 1450//2679 1400//2679
f 1401//2680 1451//2680 1399//2680
f 1451//2681 1449//2681 1399//2681
f 1452//2682 1404//2682 1402//2682
f 1450//2683 1452//2683 1402//2683
f 1453//2684 217//2684 202//2684
f 1423//2685 1453//2685 202//2685
f 217//50 1418//50 202//50
f 1403//2686 1454//2686 1401//2686
f 1454//2687 1451//2687 1401//2687
f 1455//2688 1406//2688 1404//2688
f 1452//2689 1455//2689 1404//2689
f 1405//2690 1456//2690 1403//2690
f 1456//2691 1454//2691 1403//2691
f 1457//2692 1408//2692 1406//2692
f 1455//2693 1457//2693 1406//2693
f 1371//2694 1458//2694 1424//2694
f 1458//2695 1426//2695 1424//2695
f 1459//2696 1453//2696 1423//2696
f 1425//2697 1459//2697 1423//2697
f 1407//2698 1460//2698 1405//2698
f 1460//2699 1456//2699 1405//2699
f 1461//2700 1410//2700 1408//2700
f 1457//2701 1461//2701 1408//2701
f 1462//2702 1463//2702 1411//2702
f 1463//2703 1412//2703 1411//2703
f 1464//2704 1462//2704 1411//2704
f 1413//2705 1464//2705 1411//2705
f 1417//2706 1465//2706 1414//2706
f 1466//2707 1415//2707 1414//2707
f 1465//2708 1466//2708 1414//2708
f 1467//2709 1416//2709 1412//2709
f 1463//2710 1467//2710 1412//2710
f 1468//2706 1465//2706 1417//2706
f 1469//2711 1468//2711 1417//2711
f 1418//2712 1469//2712 1417//2712
f 1409//2713 1470//2713 1407//2713
f 1470//2714 1460//2714 1407//2714
f 1471//2715 1420//2715 1410//2715
f 1461//2716 1471//2716 1410//2716
f 1419//2717 1472//2717 1409//2717
f 1472//2718 1470//2718 1409//2718
f 1473//2719 1422//2719 1420//2719
f 1471//2720 1473//2720 1420//2720
f 1421//2721 1474//2721 1419//2721
f 1474//2722 1472//2722 1419//2722
f 1475//2723 1421//2723 1422//2723
f 1473//2724 1475//2724 1422//2724
f 1475//2725 1474//2725 1421//2725
f 1458//2726 1476//2726 1426//2726
f 1476//2727 1428//2727 1426//2727
f 1477//2728 1459//2728 1425//2728
f 1427//2729 1477//2729 1425//2729
f 1394//3 1464//3 1413//3
f 1466//3 1478//3 1415//3
f 1478//3 1371//3 1415//3
f 1467//50 232//50 1416//50
f 232//2730 201//2730 1416//2730
f 217//50 1469//50 1418//50
f 1476//2731 1479//2731 1428//2731
f 1479//2732 1430//2732 1428//2732
f 1480//2733 1477//2733 1427//2733
f 1429//2734 1480//2734 1427//2734
f 1436//2735 1481//2735 1394//2735
f 1479//2736 1482//2736 1430//2736
f 1482//2737 1432//2737 1430//2737
f 1483//2738 1480//2738 1429//2738
f 1431//2739 1483//2739 1429//2739
f 1482//2740 1484//2740 1432//2740
f 1484//2741 1434//2741 1432//2741
f 1485//2742 1483//2742 1431//2742
f 1433//2743 1485//2743 1431//2743
f 1445//2744 1486//2744 1436//2744
f 1486//2745 1481//2745 1436//2745
f 1487//2746 1448//2746 1446//2746
f 201//2747 1487//2747 1446//2747
f 1484//2748 1488//2748 1434//2748
f 1488//2749 1437//2749 1434//2749
f 1489//2750 1485//2750 1433//2750
f 1435//2751 1489//2751 1433//2751
f 1488//2752 1490//2752 1437//2752
f 1490//2753 1439//2753 1437//2753
f 1491//2754 1489//2754 1435//2754
f 1438//2755 1491//2755 1435//2755
f 1447//2756 1492//2756 1445//2756
f 1492//2757 1486//2757 1445//2757
f 1493//2758 1450//2758 1448//2758
f 1487//2759 1493//2759 1448//2759
f 1490//2760 1494//2760 1439//2760
f 1494//2761 1441//2761 1439//2761
f 1495//2762 1491//2762 1438//2762
f 1440//2763 1495//2763 1438//2763
f 1494//2764 1496//2764 1441//2764
f 1496//2765 1443//2765 1441//2765
f 1497//2766 1495//2766 1440//2766
f 1442//2767 1497//2767 1440//2767
f 1496//2768 1498//2768 1443//2768
f 1498//2769 1444//2769 1443//2769
f 1444//2770 1499//2770 1442//2770
f 1499//2771 1497//2771 1442//2771
f 1498//2772 1499//2772 1444//2772
f 1478//2773 1458//2773 1371//2773
f 1453//2774 1500//2774 217//2774
f 1449//2775 1501//2775 1447//2775
f 1501//2776 1492//2776 1447//2776
f 1502//2777 1452//2777 1450//2777
f 1493//2778 1502//2778 1450//2778
f 1451//2779 1503//2779 1449//2779
f 1503//2780 1501//2780 1449//2780
f 1504//2781 1455//2781 1452//2781
f 1502//2782 1504//2782 1452//2782
f 1478//2783 1505//2783 1458//2783
f 1505//2784 1476//2784 1458//2784
f 1506//2785 1500//2785 1453//2785
f 1459//2786 1506//2786 1453//2786
f 1454//2787 1507//2787 1451//2787
f 1507//2788 1503//2788 1451//2788
f 1508//2789 1457//2789 1455//2789
f 1504//2790 1508//2790 1455//2790
f 1456//2791 1509//2791 1454//2791
f 1509//2792 1507//2792 1454//2792
f 1510//2793 1461//2793 1457//2793
f 1508//2794 1510//2794 1457//2794
f 1505//2795 1511//2795 1476//2795
f 1511//2796 1479//2796 1476//2796
f 1512//2797 1506//2797 1459//2797
f 1477//2798 1512//2798 1459//2798
f 1481//2799 1513//2799 1394//2799
f 1513//2800 1514//2800 1394//2800
f 1514//3 1464//3 1394//3
f 232//2801 1487//2801 201//2801
f 1515//2802 1516//2802 1462//2802
f 1516//2803 1463//2803 1462//2803
f 157//2804 1515//2804 1462//2804
f 1464//2805 157//2805 1462//2805
f 1468//2806 215//2806 1465//2806
f 1517//2807 1466//2807 1465//2807
f 215//2808 1517//2808 1465//2808
f 1518//2809 1467//2809 1463//2809
f 1516//2810 1518//2810 1463//2810
f 1519//2811 215//2811 1468//2811
f 1520//2812 1519//2812 1468//2812
f 1469//2813 1520//2813 1468//2813
f 1460//2814 1521//2814 1456//2814
f 1521//2815 1509//2815 1456//2815
f 1522//2816 1471//2816 1461//2816
f 1510//2817 1522//2817 1461//2817
f 1470//2818 1523//2818 1460//2818
f 1523//2819 1521//2819 1460//2819
f 1524//2820 1473//2820 1471//2820
f 1522//2816 1524//2816 1471//2816
f 1511//2821 1525//2821 1479//2821
f 1525//2822 1482//2822 1479//2822
f 1526//2823 1512//2823 1477//2823
f 1480//2824 1526//2824 1477//2824
f 1472//2825 1527//2825 1470//2825
f 1527//2826 1523//2826 1470//2826
f 1528//2827 1475//2827 1473//2827
f 1524//2828 1528//2828 1473//2828
f 1474//2829 1529//2829 1472//2829
f 1529//2830 1527//2830 1472//2830
f 1530//2831 1474//2831 1475//2831
f 1528//2832 1530//2832 1475//2832
f 1530//2833 1529//2833 1474//2833
f 1486//2834 1531//2834 1481//2834
f 1531//2835 1513//2835 1481//2835
f 1532//2836 1493//2836 1487//2836
f 232//2837 1532//2837 1487//2837
f 1514//3 157//3 1464//3
f 1517//3 1533//3 1466//3
f 1533//3 1478//3 1466//3
f 1518//50 232//50 1467//50
f 217//50 1534//50 1469//50
f 1534//50 1520//50 1469//50
f 1525//2838 1535//2838 1482//2838
f 1535//2839 1484//2839 1482//2839
f 1536//2840 1526//2840 1480//2840
f 1483//2841 1536//2841 1480//2841
f 1535//2842 1537//2842 1484//2842
f 1537//2843 1488//2843 1484//2843
f 1538//2844 1536//2844 1483//2844
f 1485//2845 1538//2845 1483//2845
f 1539//2846 1534//2846 217//2846
f 1500//2847 1539//2847 217//2847
f 1492//2848 1540//2848 1486//2848
f 1540//2849 1531//2849 1486//2849
f 1541//2850 1502//2850 1493//2850
f 1532//2851 1541//2851 1493//2851
f 1537//2852 1542//2852 1488//2852
f 1542//2853 1490//2853 1488//2853
f 1543//2854 1538//2854 1485//2854
f 1489//2855 1543//2855 1485//2855
f 1542//2856 1544//2856 1490//2856
f 1544//2857 1494//2857 1490//2857
f 1545//2858 1543//2858 1489//2858
f 1491//2859 1545//2859 1489//2859
f 1501//2860 1546//2860 1492//2860
f 1546//2861 1540//2861 1492//2861
f 1547//2862 1504//2862 1502//2862
f 1541//2863 1547//2863 1502//2863
f 1478//2864 1548//2864 1505//2864
f 1548//2865 1511//2865 1505//2865
f 1549//2866 1539//2866 1500//2866
f 1506//2867 1549//2867 1500//2867
f 1544//2868 1550//2868 1494//2868
f 1550//2869 1496//2869 1494//2869
f 1551//2870 1545//2870 1491//2870
f 1495//2871 1551//2871 1491//2871
f 1550//2872 1552//2872 1496//2872
f 1552//2873 1498//2873 1496//2873
f 1553//2874 1551//2874 1495//2874
f 1497//2875 1553//2875 1495//2875
f 1552//2876 1554//2876 1498//2876
f 1554//2877 1499//2877 1498//2877
f 1499//2878 1555//2878 1497//2878
f 1555//2879 1553//2879 1497//2879
f 1554//2880 1555//2880 1499//2880
f 1503//2881 1556//2881 1501//2881
f 1556//2882 1546//2882 1501//2882
f 1557//2883 1508//2883 1504//2883
f 1547//2884 1557//2884 1504//2884
f 1513//2885 1558//2885 1514//2885
f 1548//2886 1559//2886 1511//2886
f 1559//2887 1525//2887 1511//2887
f 1560//2888 1549//2888 1506//2888
f 1512//2889 1560//2889 1506//2889
f 1507//2890 1561//2890 1503//2890
f 1561//2891 1556//2891 1503//2891
f 1562//2892 1510//2892 1508//2892
f 1557//2893 1562//2893 1508//2893
f 1509//2894 1563//2894 1507//2894
f 1563//2895 1561//2895 1507//2895
f 1564//2896 1522//2896 1510//2896
f 1562//2897 1564//2897 1510//2897
f 158//2898 1565//2898 1515//2898
f 1565//2899 1516//2899 1515//2899
f 1566//2900 158//2900 1515//2900
f 157//2901 1566//2901 1515//2901
f 1519//2902 214//2902 215//2902
f 1567//2903 1517//2903 215//2903
f 214//2904 1567//2904 215//2904
f 251//2905 1518//2905 1516//2905
f 1565//2906 251//2906 1516//2906
f 1568//2907 214//2907 1519//2907
f 252//2908 1568//2908 1519//2908
f 1520//2909 252//2909 1519//2909
f 1531//2910 1569//2910 1513//2910
f 1569//2911 1558//2911 1513//2911
f 1570//2912 1541//2912 1532//2912
f 232//2913 1570//2913 1532//2913
f 1559//2914 1571//2914 1525//2914
f 1571//2915 1535//2915 1525//2915
f 1572//2916 1560//2916 1512//2916
f 1526//2917 1572//2917 1512//2917
f 1521//2918 1573//2918 1509//2918
f 1573//2919 1563//2919 1509//2919
f 1574//2920 1524//2920 1522//2920
f 1564//2921 1574//2921 1522//2921
f 1533//2922 1548//2922 1478//2922
f 1539//2923 1575//2923 1534//2923
f 1523//2924 1576//2924 1521//2924
f 1576//2925 1573//2925 1521//2925
f 1577//2926 1528//2926 1524//2926
f 1574//2927 1577//2927 1524//2927
f 1571//2928 1578//2928 1535//2928
f 1578//2929 1537//2929 1535//2929
f 1579//2930 1572//2930 1526//2930
f 1536//2931 1579//2931 1526//2931
f 1527//2932 1580//2932 1523//2932
f 1580//2933 1576//2933 1523//2933
f 1581//2934 1530//2934 1528//2934
f 1577//2935 1581//2935 1528//2935
f 1529//2936 1582//2936 1527//2936
f 1582//2937 1580//2937 1527//2937
f 1583//2938 1529//2938 1530//2938
f 1581//2939 1583//2939 1530//2939
f 1514//3 1584//3 157//3
f 1584//3 1566//3 157//3
f 1567//3 1585//3 1517//3
f 1585//3 1533//3 1517//3
f 251//2940 250//2940 1518//2940
f 250//2941 232//2941 1518//2941
f 235//2942 252//2942 1520//2942
f 1534//2943 235//2943 1520//2943
f 1583//2944 1582//2944 1529//2944
f 1540//2945 1586//2945 1531//2945
f 1586//2946 1569//2946 1531//2946
f 1587//2947 1547//2947 1541//2947
f 1570//2948 1587//2948 1541//2948
f 1578//2949 1588//2949 1537//2949
f 1588//2950 1542//2950 1537//2950
f 1589//2951 1579//2951 1536//2951
f 1538//2952 1589//2952 1536//2952
f 1533//2953 1590//2953 1548//2953
f 1590//2954 1559//2954 1548//2954
f 1591//2955 1575//2955 1539//2955
f 1549//2956 1591//2956 1539//2956
f 1546//2957 1592//2957 1540//2957
f 1592//2958 1586//2958 1540//2958
f 1593//2959 1557//2959 1547//2959
f 1587//2960 1593//2960 1547//2960
f 1588//2961 1594//2961 1542//2961
f 1594//2962 1544//2962 1542//2962
f 1595//2963 1589//2963 1538//2963
f 1543//2964 1595//2964 1538//2964
f 1558//2965 1596//2965 1514//2965
f 1594//2966 1597//2966 1544//2966
f 1597//2967 1550//2967 1544//2967
f 1598//2968 1595//2968 1543//2968
f 1545//2969 1598//2969 1543//2969
f 1556//2970 1599//2970 1546//2970
f 1599//2971 1592//2971 1546//2971
f 1600//2972 1562//2972 1557//2972
f 1593//2973 1600//2973 1557//2973
f 1597//2974 1601//2974 1550//2974
f 1601//2975 1552//2975 1550//2975
f 1602//2976 1598//2976 1545//2976
f 1551//2977 1602//2977 1545//2977
f 1590//2978 1603//2978 1559//2978
f 1603//2979 1571//2979 1559//2979
f 1604//2980 1591//2980 1549//2980
f 1560//2981 1604//2981 1549//2981
f 1601//2982 1605//2982 1552//2982
f 1605//2983 1554//2983 1552//2983
f 1606//2984 1602//2984 1551//2984
f 1553//2985 1606//2985 1551//2985
f 1605//2986 1607//2986 1554//2986
f 1607//2987 1555//2987 1554//2987
f 1555//2988 1608//2988 1553//2988
f 1608//2989 1606//2989 1553//2989
f 1607//2990 1608//2990 1555//2990
f 1569//2991 1609//2991 1558//2991
f 1609//2992 1596//2992 1558//2992
f 1610//2993 1587//2993 1570//2993
f 232//2994 1610//2994 1570//2994
f 1561//2995 1611//2995 1556//2995
f 1611//2996 1599//2996 1556//2996
f 1612//2997 1564//2997 1562//2997
f 1600//2998 1612//2998 1562//2998
f 1613//2999 235//2999 1534//2999
f 1575//3000 1613//3000 1534//3000
f 159//3001 1614//3001 158//3001
f 1614//3002 1565//3002 158//3002
f 1615//3003 159//3003 158//3003
f 1566//3004 1615//3004 158//3004
f 1568//3005 1616//3005 214//3005
f 1617//3006 1567//3006 214//3006
f 1616//3007 1617//3007 214//3007
f 1618//3008 251//3008 1565//3008
f 1614//3009 1618//3009 1565//3009
f 1619//3010 1616//3010 1568//3010
f 1620//3011 1619//3011 1568//3011
f 252//3012 1620//3012 1568//3012
f 1603//3013 1621//3013 1571//3013
f 1621//3014 1578//3014 1571//3014
f 1622//3015 1604//3015 1560//3015
f 1572//3016 1622//3016 1560//3016
f 1563//3017 1623//3017 1561//3017
f 1623//3018 1611//3018 1561//3018
f 1624//3019 1574//3019 1564//3019
f 1612//3020 1624//3020 1564//3020
f 1586//3021 1625//3021 1569//3021
f 1625//3022 1609//3022 1569//3022
f 1626//3023 1593//3023 1587//3023
f 1610//3024 1626//3024 1587//3024
f 1573//3025 1627//3025 1563//3025
f 1627//3026 1623//3026 1563//3026
f 1628//3027 1577//3027 1574//3027
f 1624//3028 1628//3028 1574//3028
f 1621//3029 1629//3029 1578//3029
f 1629//3030 1588//3030 1578//3030
f 1630//3031 1622//3031 1572//3031
f 1579//3032 1630//3032 1572//3032
f 1576//3033 1631//3033 1573//3033
f 1631//3034 1627//3034 1573//3034
f 1632//3035 1581//3035 1577//3035
f 1628//3036 1632//3036 1577//3036
f 1533//3037 1633//3037 1590//3037
f 1633//3038 1603//3038 1590//3038
f 1634//3039 1613//3039 1575//3039
f 1591//3040 1634//3040 1575//3040
f 1635//3 1615//3 1566//3
f 1584//3 1635//3 1566//3
f 1617//3 1636//3 1567//3
f 1636//3 1585//3 1567//3
f 1618//50 270//50 251//50
f 235//3041 253//3041 252//3041
f 253//50 1620//50 252//50
f 1596//3042 1637//3042 1514//3042
f 1637//3043 1584//3043 1514//3043
f 250//3044 1610//3044 232//3044
f 1580//3045 1638//3045 1576//3045
f 1638//3046 1631//3046 1576//3046
f 1639//3047 1583//3047 1581//3047
f 1632//3048 1639//3048 1581//3048
f 1582//3049 1640//3049 1580//3049
f 1640//3050 1638//3050 1580//3050
f 1641//3051 1582//3051 1583//3051
f 1639//3052 1641//3052 1583//3052
f 1629//3053 1642//3053 1588//3053
f 1642//3054 1594//3054 1588//3054
f 1643//3055 1630//3055 1579//3055
f 1589//3056 1643//3056 1579//3056
f 1641//3057 1640//3057 1582//3057
f 1592//3058 1644//3058 1586//3058
f 1644//3059 1625//3059 1586//3059
f 1645//3060 1600//3060 1593//3060
f 1626//3061 1645//3061 1593//3061
f 1642//3062 1646//3062 1594//3062
f 1646//3063 1597//3063 1594//3063
f 1647//3064 1643//3064 1589//3064
f 1595//3065 1647//3065 1589//3065
f 1619//3066 1648//3066 1616//3066
f 1648//3067 1617//3067 1616//3067
f 1633//3068 1649//3068 1603//3068
f 1649//3069 1621//3069 1603//3069
f 1650//3070 1634//3070 1591//3070
f 1604//3071 1650//3071 1591//3071
f 1585//3072 1633//3072 1533//3072
f 1613//3073 1651//3073 235//3073
f 1609//3074 1652//3074 1596//3074
f 1652//3075 1637//3075 1596//3075
f 1653//3076 1626//3076 1610//3076
f 250//3077 1653//3077 1610//3077
f 1599//3078 1654//3078 1592//3078
f 1654//3079 1644//3079 1592//3079
f 1655//3080 1612//3080 1600//3080
f 1645//3081 1655//3081 1600//3081
f 1646//3082 1656//3082 1597//3082
f 1656//3083 1601//3083 1597//3083
f 1657//3084 1647//3084 1595//3084
f 1598//3085 1657//3085 1595//3085
f 1658//3086 1659//3086 159//3086
f 1659//3087 1614//3087 159//3087
f 1660//3088 1658//3088 159//3088
f 1615//3089 1660//3089 159//3089
f 1661//3090 1617//3090 1648//3090
f 1662//3091 1618//3091 1614//3091
f 1659//3092 1662//3092 1614//3092
f 1663//3093 1648//3093 1619//3093
f 1664//3094 1663//3094 1619//3094
f 1620//3095 1664//3095 1619//3095
f 1656//3096 1665//3096 1601//3096
f 1665//3097 1605//3097 1601//3097
f 1666//3098 1657//3098 1598//3098
f 1602//3099 1666//3099 1598//3099
f 1649//3100 1667//3100 1621//3100
f 1667//3101 1629//3101 1621//3101
f 1668//3102 1650//3102 1604//3102
f 1622//3103 1668//3103 1604//3103
f 1665//3104 1669//3104 1605//3104
f 1669//3105 1607//3105 1605//3105
f 1670//3106 1666//3106 1602//3106
f 1606//3107 1670//3107 1602//3107
f 1611//3108 1671//3108 1599//3108
f 1671//3109 1654//3109 1599//3109
f 1672//3110 1624//3110 1612//3110
f 1655//3111 1672//3111 1612//3111
f 1669//3112 1673//3112 1607//3112
f 1673//3113 1608//3113 1607//3113
f 1608//3114 1674//3114 1606//3114
f 1674//3115 1670//3115 1606//3115
f 1673//3116 1674//3116 1608//3116
f 1625//3117 1675//3117 1609//3117
f 1675//3118 1652//3118 1609//3118
f 1676//3119 1645//3119 1626//3119
f 1653//3120 1676//3120 1626//3120
f 1637//3121 1677//3121 1584//3121
f 270//3122 1653//3122 250//3122
f 1585//3123 1678//3123 1633//3123
f 1678//3124 1649//3124 1633//3124
f 1679//3125 1651//3125 1613//3125
f 1634//3126 1679//3126 1613//3126
f 1623//3127 1680//3127 1611//3127
f 1680//3128 1671//3128 1611//3128
f 1681//3129 1628//3129 1624//3129
f 1672//3130 1681//3130 1624//3130
f 1667//3131 1682//3131 1629//3131
f 1682//3132 1642//3132 1629//3132
f 1683//3133 1668//3133 1622//3133
f 1630//3134 1683//3134 1622//3134
f 1684//3 1660//3 1615//3
f 1635//3 1684//3 1615//3
f 1661//3 1636//3 1617//3
f 1662//3135 283//3135 1618//3135
f 283//3136 1685//3136 1618//3136
f 1685//50 270//50 1618//50
f 273//50 1664//50 1620//50
f 253//50 273//50 1620//50
f 1627//3137 1686//3137 1623//3137
f 1686//3138 1680//3138 1623//3138
f 1687//3139 1632//3139 1628//3139
f 1681//3140 1687//3140 1628//3140
f 1663//3141 1688//3141 1648//3141
f 1688//3142 1661//3142 1648//3142
f 1644//3143 1689//3143 1625//3143
f 1689//3143 1675//3143 1625//3143
f 1690//3144 1655//3144 1645//3144
f 1676//3145 1690//3145 1645//3145
f 1631//3146 1691//3146 1627//3146
f 1691//3147 1686//3147 1627//3147
f 1692//3148 1639//3148 1632//3148
f 1687//3149 1692//3149 1632//3149
f 1693//3150 253//3150 235//3150
f 1651//3151 1693//3151 235//3151
f 1682//3152 1694//3152 1642//3152
f 1694//3153 1646//3153 1642//3153
f 1695//3154 1683//3154 1630//3154
f 1643//3155 1695//3155 1630//3155
f 1638//3156 1696//3156 1631//3156
f 1696//3157 1691//3157 1631//3157
f 1697//3158 1641//3158 1639//3158
f 1692//3159 1697//3159 1639//3159
f 1678//3160 1698//3160 1649//3160
f 1698//3161 1667//3161 1649//3161
f 1699//3162 1679//3162 1634//3162
f 1650//3163 1699//3163 1634//3163
f 1652//3164 1700//3164 1637//3164
f 1700//3165 1677//3165 1637//3165
f 1701//3166 1676//3166 1653//3166
f 270//3167 1701//3167 1653//3167
f 1640//3168 1702//3168 1638//3168
f 1702//3169 1696//3169 1638//3169
f 1703//3170 1640//3170 1641//3170
f 1697//3171 1703//3171 1641//3171
f 1660//3172 1704//3172 1658//3172
f 1705//3173 1661//3173 1688//3173
f 1706//3174 1662//3174 1659//3174
f 1707//3175 1688//3175 1663//3175
f 1708//3176 1707//3176 1663//3176
f 1664//3177 1708//3177 1663//3177
f 1703//3178 1702//3178 1640//3178
f 1694//3179 1709//3179 1646//3179
f 1709//3180 1656//3180 1646//3180
f 1710//3181 1695//3181 1643//3181
f 1647//3182 1710//3182 1643//3182
f 1654//3183 1711//3183 1644//3183
f 1711//3184 1689//3184 1644//3184
f 1712//3185 1672//3185 1655//3185
f 1690//3144 1712//3144 1655//3144
f 1677//3186 1713//3186 1584//3186
f 1713//3187 1635//3187 1584//3187
f 1709//3188 1714//3188 1656//3188
f 1714//3189 1665//3189 1656//3189
f 1715//3190 1710//3190 1647//3190
f 1657//3191 1715//3191 1647//3191
f 1698//3192 1716//3192 1667//3192
f 1716//3193 1682//3193 1667//3193
f 1717//3194 1699//3194 1650//3194
f 1668//3195 1717//3195 1650//3195
f 1585//3196 1718//3196 1678//3196
f 1718//3197 1698//3197 1678//3197
f 1719//3198 1693//3198 1651//3198
f 1679//3199 1719//3199 1651//3199
f 1675//3200 1720//3200 1652//3200
f 1720//3201 1700//3201 1652//3201
f 1721//3202 1690//3202 1676//3202
f 1701//3203 1721//3203 1676//3203
f 1671//3204 1722//3204 1654//3204
f 1722//3205 1711//3205 1654//3205
f 1723//3206 1681//3206 1672//3206
f 1712//3207 1723//3207 1672//3207
f 1714//3208 1724//3208 1665//3208
f 1724//3209 1669//3209 1665//3209
f 1725//3210 1715//3210 1657//3210
f 1666//3211 1725//3211 1657//3211
f 1726//3212 1727//3212 1658//3212
f 1727//3212 1659//3212 1658//3212
f 1704//3213 1726//3213 1658//3213
f 1707//3214 210//3214 1688//3214
f 210//3215 1705//3215 1688//3215
f 1727//3216 1706//3216 1659//3216
f 1724//3217 1728//3217 1669//3217
f 1728//3218 1673//3218 1669//3218
f 1729//3219 1725//3219 1666//3219
f 1670//3220 1729//3220 1666//3220
f 1684//3 1704//3 1660//3
f 1705//3 1730//3 1661//3
f 1730//3 1636//3 1661//3
f 1706//50 295//50 1662//50
f 295//3221 283//3221 1662//3221
f 286//3222 1708//3222 1664//3222
f 273//3223 286//3223 1664//3223
f 1728//3224 1731//3224 1673//3224
f 1731//3225 1674//3225 1673//3225
f 1674//3226 1732//3226 1670//3226
f 1732//3227 1729//3227 1670//3227
f 1731//3228 1732//3228 1674//3228
f 1636//3229 1718//3229 1585//3229
f 1693//3230 1733//3230 253//3230
f 1704//3231 161//3231 1726//3231
f 1734//3232 1705//3232 210//3232
f 296//3233 1706//3233 1727//3233
f 1735//3234 210//3234 1707//3234
f 297//3235 1735//3235 1707//3235
f 1708//3236 297//3236 1707//3236
f 1716//3237 1736//3237 1682//3237
f 1736//3238 1694//3238 1682//3238
f 1737//3239 1717//3239 1668//3239
f 1683//3240 1737//3240 1668//3240
f 1680//3241 1738//3241 1671//3241
f 1738//3242 1722//3242 1671//3242
f 1739//3243 1687//3243 1681//3243
f 1723//3244 1739//3244 1681//3244
f 1700//3245 1740//3245 1677//3245
f 1740//3246 1713//3246 1677//3246
f 1741//3247 1721//3247 1701//3247
f 270//3248 1741//3248 1701//3248
f 1689//3249 1742//3249 1675//3249
f 1742//3250 1720//3250 1675//3250
f 1743//3251 1712//3251 1690//3251
f 1721//3252 1743//3252 1690//3252
f 1718//3253 1744//3253 1698//3253
f 1744//3254 1716//3254 1698//3254
f 1745//3255 1719//3255 1679//3255
f 1699//3256 1745//3256 1679//3256
f 1686//3257 1746//3257 1680//3257
f 1746//3258 1738//3258 1680//3258
f 1747//3259 1692//3259 1687//3259
f 1739//3260 1747//3260 1687//3260
f 1736//3261 1748//3261 1694//3261
f 1748//3262 1709//3262 1694//3262
f 1749//3263 1737//3263 1683//3263
f 1695//3264 1749//3264 1683//3264
f 1750//3265 1751//3265 1726//3265
f 1751//3265 1727//3265 1726//3265
f 161//3266 1750//3266 1726//3266
f 1735//3267 213//3267 210//3267
f 213//3268 1734//3268 210//3268
f 1751//3269 296//3269 1727//3269
f 1713//3270 1752//3270 1635//3270
f 1685//3271 1741//3271 270//3271
f 1691//3272 1753//3272 1686//3272
f 1753//3273 1746//3273 1686//3273
f 1754//3274 1697//3274 1692//3274
f 1747//3275 1754//3275 1692//3275
f 161//3276 1755//3276 1750//3276
f 1756//3277 1734//3277 213//3277
f 1757//3278 296//3278 1751//3278
f 1758//3279 213//3279 1735//3279
f 1759//3280 1758//3280 1735//3280
f 297//3281 1759//3281 1735//3281
f 1696//3282 1760//3282 1691//3282
f 1760//3283 1753//3283 1691//3283
f 1761//3284 1703//3284 1697//3284
f 1754//3285 1761//3285 1697//3285
f 1711//3286 1762//3286 1689//3286
f 1762//3287 1742//3287 1689//3287
f 1763//3288 1723//3288 1712//3288
f 1743//3289 1763//3289 1712//3289
f 1702//3290 1764//3290 1696//3290
f 1764//3291 1760//3291 1696//3291
f 1765//3292 1702//3292 1703//3292
f 1761//3293 1765//3293 1703//3293
f 1636//3294 1766//3294 1718//3294
f 1766//3295 1744//3295 1718//3295
f 1767//3296 1733//3296 1693//3296
f 1719//3297 1767//3297 1693//3297
f 1748//3298 1768//3298 1709//3298
f 1768//3299 1714//3299 1709//3299
f 1769//3300 1749//3300 1695//3300
f 1710//3301 1769//3301 1695//3301
f 1765//3302 1764//3302 1702//3302
f 1744//3303 1770//3303 1716//3303
f 1770//3304 1736//3304 1716//3304
f 1771//3305 1745//3305 1699//3305
f 1717//3306 1771//3306 1699//3306
f 1720//3307 1772//3307 1700//3307
f 1772//3308 1740//3308 1700//3308
f 1773//3309 1743//3309 1721//3309
f 1741//3310 1773//3310 1721//3310
f 1684//3 1774//3 1704//3
f 1774//3 161//3 1704//3
f 1734//3 1775//3 1705//3
f 1775//3 1730//3 1705//3
f 296//3311 295//3311 1706//3311
f 298//3312 297//3312 1708//3312
f 286//3313 298//3313 1708//3313
f 162//3314 1776//3314 1750//3314
f 1776//3314 1751//3314 1750//3314
f 1755//3315 162//3315 1750//3315
f 1776//3316 1757//3316 1751//3316
f 1777//3317 273//3317 253//3317
f 1733//3318 1777//3318 253//3318
f 1778//3319 1776//3319 162//3319
f 1755//3320 1779//3320 162//3320
f 1758//3321 155//3321 213//3321
f 1780//3322 1756//3322 213//3322
f 155//3323 1780//3323 213//3323
f 1781//3324 1757//3324 1776//3324
f 1778//3325 1781//3325 1776//3325
f 1778//3326 155//3326 1758//3326
f 1782//3327 1778//3327 1758//3327
f 1759//3328 1782//3328 1758//3328
f 1768//3329 1783//3329 1714//3329
f 1783//3330 1724//3330 1714//3330
f 1784//3331 1769//3331 1710//3331
f 1715//3332 1784//3332 1710//3332
f 1722//3333 1785//3333 1711//3333
f 1785//3334 1762//3334 1711//3334
f 1786//3335 1739//3335 1723//3335
f 1763//3336 1786//3336 1723//3336
f 155//3319 1778//3319 162//3319
f 1779//3337 155//3337 162//3337
f 1779//3338 1780//3338 155//3338
f 1782//3339 1781//3339 1778//3339
f 1740//3340 1787//3340 1713//3340
f 1787//3341 1752//3341 1713//3341
f 1788//3342 1773//3342 1741//3342
f 1685//3343 1788//3343 1741//3343
f 1783//3344 1789//3344 1724//3344
f 1789//3345 1728//3345 1724//3345
f 1790//3346 1784//3346 1715//3346
f 1725//3347 1790//3347 1715//3347
f 1770//3348 1791//3348 1736//3348
f 1791//3349 1748//3349 1736//3349
f 1792//3350 1771//3350 1717//3350
f 1737//3351 1792//3351 1717//3351
f 1752//3352 1793//3352 1635//3352
f 1793//3353 1684//3353 1635//3353
f 283//3354 1788//3354 1685//3354
f 1789//3355 1794//3355 1728//3355
f 1794//3356 1731//3356 1728//3356
f 1795//3357 1790//3357 1725//3357
f 1729//3358 1795//3358 1725//3358
f 1766//3359 1796//3359 1744//3359
f 1796//3360 1770//3360 1744//3360
f 1797//3361 1767//3361 1719//3361
f 1745//3362 1797//3362 1719//3362
f 1742//3363 1798//3363 1720//3363
f 1798//3364 1772//3364 1720//3364
f 1799//3365 1763//3365 1743//3365
f 1773//3366 1799//3366 1743//3366
f 1738//3367 1800//3367 1722//3367
f 1800//3368 1785//3368 1722//3368
f 1801//3369 1747//3369 1739//3369
f 1786//3370 1801//3370 1739//3370
f 1794//3371 1802//3371 1731//3371
f 1802//3372 1732//3372 1731//3372
f 1732//3373 1803//3373 1729//3373
f 1803//3374 1795//3374 1729//3374
f 1802//3375 1803//3375 1732//3375
f 1804//3 1755//3 161//3
f 1774//3 1804//3 161//3
f 1756//3 1805//3 1734//3
f 1805//3 1775//3 1734//3
f 1757//3376 308//3376 296//3376
f 298//3377 1806//3377 297//3377
f 1806//3378 1759//3378 297//3378
f 1636//3379 1807//3379 1766//3379
f 1807//3380 1796//3380 1766//3380
f 1808//3381 1777//3381 1733//3381
f 1767//3382 1808//3382 1733//3382
f 1746//3383 1809//3383 1738//3383
f 1809//3384 1800//3384 1738//3384
f 1810//3385 1754//3385 1747//3385
f 1801//3386 1810//3386 1747//3386
f 1791//3387 1811//3387 1748//3387
f 1811//3388 1768//3388 1748//3388
f 1812//3389 1792//3389 1737//3389
f 1749//3390 1812//3390 1737//3390
f 1730//3391 1807//3391 1636//3391
f 1777//3392 1813//3392 273//3392
f 1772//3393 1814//3393 1740//3393
f 1814//3394 1787//3394 1740//3394
f 1815//3395 1799//3395 1773//3395
f 1788//3396 1815//3396 1773//3396
f 1762//3397 1816//3397 1742//3397
f 1816//3398 1798//3398 1742//3398
f 1817//3399 1786//3399 1763//3399
f 1799//3400 1817//3400 1763//3400
f 1753//3401 1818//3401 1746//3401
f 1818//3402 1809//3402 1746//3402
f 1819//3403 1761//3403 1754//3403
f 1810//3404 1819//3404 1754//3404
f 1796//3405 1820//3405 1770//3405
f 1820//3406 1791//3406 1770//3406
f 1821//3407 1797//3407 1745//3407
f 1771//3408 1821//3408 1745//3408
f 1822//3 1779//3 1755//3
f 1804//3 1822//3 1755//3
f 1780//3 1805//3 1756//3
f 322//50 308//50 1757//50
f 1781//50 322//50 1757//50
f 1806//3409 311//3409 1759//3409
f 311//3410 1782//3410 1759//3410
f 1811//3411 1823//3411 1768//3411
f 1823//3412 1783//3412 1768//3412
f 1824//3413 1812//3413 1749//3413
f 1769//3414 1824//3414 1749//3414
f 1760//3415 1825//3415 1753//3415
f 1825//3416 1818//3416 1753//3416
f 1826//3417 1765//3417 1761//3417
f 1819//3418 1826//3418 1761//3418
f 1787//3419 1827//3419 1752//3419
f 1827//3420 1793//3420 1752//3420
f 1828//3421 1815//3421 1788//3421
f 283//3422 1828//3422 1788//3422
f 1793//3423 1829//3423 1684//3423
f 295//3424 1828//3424 283//3424
f 1764//3425 1830//3425 1760//3425
f 1830//3426 1825//3426 1760//3426
f 1831//3427 1764//3427 1765//3427
f 1826//3428 1831//3428 1765//3428
f 1831//3429 1830//3429 1764//3429
f 1822//3 1780//3 1779//3
f 1822//3 1832//3 1780//3
f 1832//3 1805//3 1780//3
f 324//50 322//50 1781//50
f 1782//50 324//50 1781//50
f 311//3430 324//3430 1782//3430
f 1785//3431 1833//3431 1762//3431
f 1833//3432 1816//3432 1762//3432
f 1834//3433 1801//3433 1786//3433
f 1817//3434 1834//3434 1786//3434
f 1823//3435 1835//3435 1783//3435
f 1835//3436 1789//3436 1783//3436
f 1836//3437 1824//3437 1769//3437
f 1784//3438 1836//3438 1769//3438
f 1807//3439 1837//3439 1796//3439
f 1837//3440 1820//3440 1796//3440
f 1838//3441 1808//3441 1767//3441
f 1797//3442 1838//3442 1767//3442
f 1820//3443 1839//3443 1791//3443
f 1839//3444 1811//3444 1791//3444
f 1840//3445 1821//3445 1771//3445
f 1792//3446 1840//3446 1771//3446
f 1798//3447 1841//3447 1772//3447
f 1841//3448 1814//3448 1772//3448
f 1842//3449 1817//3449 1799//3449
f 1815//3450 1842//3450 1799//3450
f 1843//3451 1807//3451 1730//3451
f 1844//3452 286//3452 273//3452
f 1813//3453 1844//3453 273//3453
f 1843//3454 1837//3454 1807//3454
f 1845//3455 1813//3455 1777//3455
f 1808//3456 1845//3456 1777//3456
f 1835//3457 1846//3457 1789//3457
f 1846//3458 1794//3458 1789//3458
f 1847//3459 1836//3459 1784//3459
f 1790//3460 1847//3460 1784//3460
f 1800//3461 1848//3461 1785//3461
f 1848//3462 1833//3462 1785//3462
f 1849//3463 1810//3463 1801//3463
f 1834//3464 1849//3464 1801//3464
f 1846//3465 1850//3465 1794//3465
f 1850//3466 1802//3466 1794//3466
f 1851//3467 1847//3467 1790//3467
f 1795//3468 1851//3468 1790//3468
f 1814//3469 1852//3469 1787//3469
f 1852//3470 1827//3470 1787//3470
f 1853//3471 1842//3471 1815//3471
f 1828//3472 1853//3472 1815//3472
f 1829//3473 1854//3473 1684//3473
f 1855//3474 1828//3474 295//3474
f 1850//3475 1856//3475 1802//3475
f 1856//3476 1803//3476 1802//3476
f 1803//3477 1857//3477 1795//3477
f 1857//3478 1851//3478 1795//3478
f 1856//3479 1857//3479 1803//3479
f 1839//3480 1858//3480 1811//3480
f 1858//3481 1823//3481 1811//3481
f 1859//3482 1840//3482 1792//3482
f 1812//3483 1859//3483 1792//3483
f 1827//3484 1860//3484 1793//3484
f 1860//3485 1829//3485 1793//3485
f 1855//3486 1853//3486 1828//3486
f 1837//3487 1861//3487 1820//3487
f 1861//3488 1839//3488 1820//3488
f 1862//3489 1838//3489 1797//3489
f 1821//3490 1862//3490 1797//3490
f 1809//3491 1863//3491 1800//3491
f 1863//3492 1848//3492 1800//3492
f 1864//3493 1819//3493 1810//3493
f 1849//3494 1864//3494 1810//3494
f 1816//3495 1865//3495 1798//3495
f 1865//3496 1841//3496 1798//3496
f 1866//3497 1834//3497 1817//3497
f 1842//3498 1866//3498 1817//3498
f 1867//3499 1843//3499 1730//3499
f 1775//3500 1867//3500 1730//3500
f 1844//3501 1868//3501 286//3501
f 1818//3502 1869//3502 1809//3502
f 1869//3503 1863//3503 1809//3503
f 1870//3504 1826//3504 1819//3504
f 1864//3505 1870//3505 1819//3505
f 1843//3506 1871//3506 1837//3506
f 1871//3507 1861//3507 1837//3507
f 1872//3508 1845//3508 1808//3508
f 1838//3509 1872//3509 1808//3509
f 1858//3510 1873//3510 1823//3510
f 1873//3511 1835//3511 1823//3511
f 1874//3512 1859//3512 1812//3512
f 1824//3513 1874//3513 1812//3513
f 1867//3514 1871//3514 1843//3514
f 1875//3515 1844//3515 1813//3515
f 1845//3516 1875//3516 1813//3516
f 1825//3517 1876//3517 1818//3517
f 1876//3518 1869//3518 1818//3518
f 1877//3519 1831//3519 1826//3519
f 1870//3520 1877//3520 1826//3520
f 1854//3521 1878//3521 1684//3521
f 1878//3522 1774//3522 1684//3522
f 1879//3523 1855//3523 295//3523
f 1841//3524 1880//3524 1814//3524
f 1880//3525 1852//3525 1814//3525
f 1881//3526 1866//3526 1842//3526
f 1853//3527 1881//3527 1842//3527
f 1833//3528 1882//3528 1816//3528
f 1882//3529 1865//3529 1816//3529
f 1883//3530 1849//3530 1834//3530
f 1866//3531 1883//3531 1834//3531
f 1830//3532 1884//3532 1825//3532
f 1884//3533 1876//3533 1825//3533
f 1885//3534 1830//3534 1831//3534
f 1877//3535 1885//3535 1831//3535
f 1885//3536 1884//3536 1830//3536
f 1861//3537 1886//3537 1839//3537
f 1886//3538 1858//3538 1839//3538
f 1887//3539 1862//3539 1821//3539
f 1840//3540 1887//3540 1821//3540
f 1873//3541 1888//3541 1835//3541
f 1888//3542 1846//3542 1835//3542
f 1889//3543 1874//3543 1824//3543
f 1836//3544 1889//3544 1824//3544
f 1860//3545 1890//3545 1829//3545
f 1890//3546 1854//3546 1829//3546
f 1891//3547 1853//3547 1855//3547
f 1879//3548 1891//3548 1855//3548
f 1852//3549 1892//3549 1827//3549
f 1892//3550 1860//3550 1827//3550
f 1891//3551 1881//3551 1853//3551
f 1893//3552 1867//3552 1775//3552
f 1894//3553 298//3553 286//3553
f 1868//3554 1894//3554 286//3554
f 1888//3555 1895//3555 1846//3555
f 1895//3556 1850//3556 1846//3556
f 1896//3557 1889//3557 1836//3557
f 1847//3558 1896//3558 1836//3558
f 1848//3559 1897//3559 1833//3559
f 1897//3560 1882//3560 1833//3560
f 1898//3561 1864//3561 1849//3561
f 1883//3562 1898//3562 1849//3562
f 1871//3563 1899//3563 1861//3563
f 1899//3564 1886//3564 1861//3564
f 1900//3565 1872//3565 1838//3565
f 1862//3566 1900//3566 1838//3566
f 1878//3567 1901//3567 1774//3567
f 1902//3568 1879//3568 295//3568
f 308//3569 1902//3569 295//3569
f 1886//3570 1903//3570 1858//3570
f 1903//3571 1873//3571 1858//3571
f 1904//3572 1887//3572 1840//3572
f 1859//3573 1904//3573 1840//3573
f 1895//3574 1905//3574 1850//3574
f 1905//3575 1856//3575 1850//3575
f 1906//3576 1896//3576 1847//3576
f 1851//3577 1906//3577 1847//3577
f 1865//3578 1907//3578 1841//3578
f 1907//3579 1880//3579 1841//3579
f 1908//3580 1883//3580 1866//3580
f 1881//3581 1908//3581 1866//3581
f 1893//3582 1909//3582 1867//3582
f 1909//3583 1871//3583 1867//3583
f 1910//3584 1868//3584 1844//3584
f 1875//3585 1910//3585 1844//3585
f 1909//3586 1899//3586 1871//3586
f 1911//3587 1875//3587 1845//3587
f 1872//3588 1911//3588 1845//3588
f 1905//3589 1912//3589 1856//3589
f 1912//3590 1857//3590 1856//3590
f 1857//3591 1913//3591 1851//3591
f 1913//3592 1906//3592 1851//3592
f 1912//3593 1913//3593 1857//3593
f 1863//3594 1914//3594 1848//3594
f 1914//3595 1897//3595 1848//3595
f 1915//3596 1870//3596 1864//3596
f 1898//3597 1915//3597 1864//3597
f 1916//3598 1893//3598 1775//3598
f 1917//3599 1806//3599 298//3599
f 1894//3600 1917//3600 298//3600
f 1890//3601 1918//3601 1854//3601
f 1918//3602 1878//3602 1854//3602
f 1919//3603 1891//3603 1879//3603
f 1902//3604 1919//3604 1879//3604
f 1880//3605 1920//3605 1852//3605
f 1920//3606 1892//3606 1852//3606
f 1921//3607 1908//3607 1881//3607
f 1891//3608 1921//3608 1881//3608
f 1903//3609 1922//3609 1873//3609
f 1922//3610 1888//3610 1873//3610
f 1923//3611 1904//3611 1859//3611
f 1874//3612 1923//3612 1859//3612
f 1869//3613 1924//3613 1863//3613
f 1924//3614 1914//3614 1863//3614
f 1925//3615 1877//3615 1870//3615
f 1915//3616 1925//3616 1870//3616
f 1901//3617 1926//3617 1774//3617
f 1926//3618 1804//3618 1774//3618
f 1927//3619 1902//3619 308//3619
f 1892//3620 1928//3620 1860//3620
f 1928//3621 1890//3621 1860//3621
f 1919//3622 1921//3622 1891//3622
f 1899//3623 1929//3623 1886//3623
f 1929//3624 1903//3624 1886//3624
f 1930//3625 1900//3625 1862//3625
f 1887//3626 1930//3626 1862//3626
f 1882//3627 1931//3627 1865//3627
f 1931//3628 1907//3628 1865//3628
f 1932//3629 1898//3629 1883//3629
f 1908//3630 1932//3630 1883//3630
f 1876//3631 1933//3631 1869//3631
f 1933//3631 1924//3631 1869//3631
f 1934//3632 1885//3632 1877//3632
f 1925//3633 1934//3633 1877//3633
f 1916//3634 1935//3634 1893//3634
f 1935//3635 1909//3635 1893//3635
f 1936//3636 1894//3636 1868//3636
f 1910//3637 1936//3637 1868//3637
f 1937//3638 1916//3638 1775//3638
f 1805//3639 1937//3639 1775//3639
f 1917//3640 1938//3640 1806//3640
f 1884//3641 1939//3641 1876//3641
f 1939//3642 1933//3642 1876//3642
f 1940//3643 1884//3643 1885//3643
f 1934//3632 1940//3632 1885//3632
f 1922//3644 1941//3644 1888//3644
f 1941//3645 1895//3645 1888//3645
f 1942//3646 1923//3646 1874//3646
f 1889//3647 1942//3647 1874//3647
f 1940//3648 1939//3648 1884//3648
f 1909//3649 1943//3649 1899//3649
f 1943//3650 1929//3650 1899//3650
f 1944//3651 1911//3651 1872//3651
f 1900//3652 1944//3652 1872//3652
f 1935//3653 1943//3653 1909//3653
f 1945//3654 1910//3654 1875//3654
f 1911//3655 1945//3655 1875//3655
f 1926//3656 1946//3656 1804//3656
f 1946//3657 1822//3657 1804//3657
f 1947//3658 1927//3658 308//3658
f 322//3659 1947//3659 308//3659
f 1918//3660 1948//3660 1878//3660
f 1948//3661 1901//3661 1878//3661
f 1949//3662 1919//3662 1902//3662
f 1927//3663 1949//3663 1902//3663
f 1897//3664 1950//3664 1882//3664
f 1950//3665 1931//3665 1882//3665
f 1951//3666 1915//3666 1898//3666
f 1932//3667 1951//3667 1898//3667
f 1907//3668 1952//3668 1880//3668
f 1952//3669 1920//3669 1880//3669
f 1953//3670 1932//3670 1908//3670
f 1921//3671 1953//3671 1908//3671
f 1954//3672 1937//3672 1805//3672
f 1955//3673 311//3673 1806//3673
f 1938//3674 1955//3674 1806//3674
f 1941//3675 1956//3675 1895//3675
f 1956//3676 1905//3676 1895//3676
f 1957//3677 1942//3677 1889//3677
f 1896//3678 1957//3678 1889//3678
f 1929//3679 1958//3679 1903//3679
f 1958//3680 1922//3680 1903//3680
f 1959//3681 1930//3681 1887//3681
f 1904//3682 1959//3682 1887//3682
f 1946//3683 1960//3683 1822//3683
f 1961//3684 1947//3684 322//3684
f 1928//3685 1962//3685 1890//3685
f 1962//3686 1918//3686 1890//3686
f 1963//3687 1921//3687 1919//3687
f 1949//3688 1963//3688 1919//3688
f 1937//3689 1964//3689 1916//3689
f 1964//3690 1935//3690 1916//3690
f 1965//3691 1917//3691 1894//3691
f 1936//3692 1965//3692 1894//3692
f 1920//3693 1966//3693 1892//3693
f 1966//3694 1928//3694 1892//3694
f 1963//3695 1953//3695 1921//3695
f 1956//3696 1967//3696 1905//3696
f 1967//3697 1912//3697 1905//3697
f 1968//3698 1957//3698 1896//3698
f 1906//3699 1968//3699 1896//3699
f 1969//3700 1954//3700 1805//3700
f 1955//3701 1970//3701 311//3701
f 1914//3702 1971//3702 1897//3702
f 1971//3703 1950//3703 1897//3703
f 1972//3704 1925//3704 1915//3704
f 1951//3705 1972//3705 1915//3705
f 1967//3706 1973//3706 1912//3706
f 1973//3707 1913//3707 1912//3707
f 1913//3708 1974//3708 1906//3708
f 1974//3709 1968//3709 1906//3709
f 1960//3710 1975//3710 1822//3710
f 1976//3711 1961//3711 322//3711
f 324//3712 1976//3712 322//3712
f 1973//3713 1974//3713 1913//3713
f 1977//3714 1969//3714 1805//3714
f 1832//3715 1977//3715 1805//3715
f 1970//3716 1978//3716 311//3716
f 1978//3717 324//3717 311//3717
f 1943//3718 1979//3718 1929//3718
f 1979//3719 1958//3719 1929//3719
f 1980//3720 1944//3720 1900//3720
f 1930//3721 1980//3721 1900//3721
f 1948//3722 1981//3722 1901//3722
f 1981//3723 1926//3723 1901//3723
f 1982//3724 1949//3724 1927//3724
f 1947//3725 1982//3725 1927//3725
f 1975//3726 1832//3726 1822//3726
f 1983//3727 1976//3727 324//3727
f 1978//3728 1983//3728 324//3728
f 1958//3729 1984//3729 1922//3729
f 1984//3730 1941//3730 1922//3730
f 1985//3731 1959//3731 1904//3731
f 1923//3732 1985//3732 1904//3732
f 1986//3733 1977//3733 1832//3733
f 1975//3734 1986//3734 1832//3734
f 1964//3735 1987//3735 1935//3735
f 1987//3736 1943//3736 1935//3736
f 1988//3737 1936//3737 1910//3737
f 1945//3738 1988//3738 1910//3738
f 1931//3739 1989//3739 1907//3739
f 1989//3740 1952//3740 1907//3740
f 1990//3741 1951//3741 1932//3741
f 1953//3742 1990//3742 1932//3742
f 1987//3743 1979//3743 1943//3743
f 1991//3744 1945//3744 1911//3744
f 1944//3745 1991//3745 1911//3745
f 1924//3746 1992//3746 1914//3746
f 1992//3747 1971//3747 1914//3747
f 1993//3748 1934//3748 1925//3748
f 1972//3749 1993//3749 1925//3749
f 1954//3750 1994//3750 1937//3750
f 1994//3751 1964//3751 1937//3751
f 1995//3752 1938//3752 1917//3752
f 1965//3753 1995//3753 1917//3753
f 1933//3754 1996//3754 1924//3754
f 1996//3755 1992//3755 1924//3755
f 1997//3756 1940//3756 1934//3756
f 1993//3757 1997//3757 1934//3757
f 1962//3758 1998//3758 1918//3758
f 1998//3759 1948//3759 1918//3759
f 1999//3760 1963//3760 1949//3760
f 1982//3761 1999//3761 1949//3761
f 1981//3762 2000//3762 1926//3762
f 2000//3763 1946//3763 1926//3763
f 2001//3764 1982//3764 1947//3764
f 1961//3765 2001//3765 1947//3765
f 1984//3766 2002//3766 1941//3766
f 2002//3767 1956//3767 1941//3767
f 2003//3768 1985//3768 1923//3768
f 1942//3769 2003//3769 1923//3769
f 1952//3770 2004//3770 1920//3770
f 2004//3771 1966//3771 1920//3771
f 2005//3772 1990//3772 1953//3772
f 1963//3773 2005//3773 1953//3773
f 1939//3774 2006//3774 1933//3774
f 2006//3775 1996//3775 1933//3775
f 2007//3776 1939//3776 1940//3776
f 1997//3777 2007//3777 1940//3777
f 1966//3778 2008//3778 1928//3778
f 2008//3779 1962//3779 1928//3779
f 1999//3780 2005//3780 1963//3780
f 2007//3781 2006//3781 1939//3781
f 1950//3782 2009//3782 1931//3782
f 2009//3783 1989//3783 1931//3783
f 2010//3784 1972//3784 1951//3784
f 1990//3785 2010//3785 1951//3785
f 1979//3786 2011//3786 1958//3786
f 2011//3787 1984//3787 1958//3787
f 2012//3788 1980//3788 1930//3788
f 1959//3789 2012//3789 1930//3789
f 1969//3790 2013//3790 1954//3790
f 2013//3791 1994//3791 1954//3791
f 2014//3792 1955//3792 1938//3792
f 1995//3793 2014//3793 1938//3793
f 1994//3794 2015//3794 1964//3794
f 2015//3795 1987//3795 1964//3795
f 2016//3796 1965//3796 1936//3796
f 1988//3797 2016//3797 1936//3797
f 2002//3798 2017//3798 1956//3798
f 2017//3799 1967//3799 1956//3799
f 2018//3800 2003//3800 1942//3800
f 1957//3801 2018//3801 1942//3801
f 2000//3802 2019//3802 1946//3802
f 2019//3803 1960//3803 1946//3803
f 2020//3804 2001//3804 1961//3804
f 1976//3805 2020//3805 1961//3805
f 1987//3806 2021//3806 1979//3806
f 2021//3807 2011//3807 1979//3807
f 2022//3808 1991//3808 1944//3808
f 1980//3809 2022//3809 1944//3809
f 1977//3810 2023//3810 1969//3810
f 2023//3811 2013//3811 1969//3811
f 2024//3812 1970//3812 1955//3812
f 2014//3813 2024//3813 1955//3813
f 2015//3814 2021//3814 1987//3814
f 2025//3815 1988//3815 1945//3815
f 1991//3816 2025//3816 1945//3816
f 1998//3817 2026//3817 1948//3817
f 2026//3818 1981//3818 1948//3818
f 2027//3819 1999//3819 1982//3819
f 2001//3820 2027//3820 1982//3820
f 2017//3821 2028//3821 1967//3821
f 2028//3822 1973//3822 1967//3822
f 2029//3823 2018//3823 1957//3823
f 1968//3824 2029//3824 1957//3824
f 1971//3825 2030//3825 1950//3825
f 2030//3826 2009//3826 1950//3826
f 2031//3827 1993//3827 1972//3827
f 2010//3828 2031//3828 1972//3828
f 2019//3829 2032//3829 1960//3829
f 2032//3830 1975//3830 1960//3830
f 2033//3831 2020//3831 1976//3831
f 1983//3832 2033//3832 1976//3832
f 1989//3833 2034//3833 1952//3833
f 2034//3834 2004//3834 1952//3834
f 2035//3835 2010//3835 1990//3835
f 2005//3836 2035//3836 1990//3836
f 1986//3837 2036//3837 1977//3837
f 2036//3838 2023//3838 1977//3838
f 2037//3839 1978//3839 1970//3839
f 2024//3839 2037//3839 1970//3839
f 2011//3840 2038//3840 1984//3840
f 2038//3841 2002//3841 1984//3841
f 2039//3842 2012//3842 1959//3842
f 1985//3843 2039//3843 1959//3843
f 2028//3844 2040//3844 1973//3844
f 2040//3845 1974//3845 1973//3845
f 1974//3846 2041//3846 1968//3846
f 2041//3847 2029//3847 1968//3847
f 2032//3848 2042//3848 1975//3848
f 2042//3848 1986//3848 1975//3848
f 2043//3849 2033//3849 1983//3849
f 1978//3850 2043//3850 1983//3850
f 2040//3851 2041//3851 1974//3851
f 2042//3837 2036//3837 1986//3837
f 2037//3852 2043//3852 1978//3852
f 2013//3853 2044//3853 1994//3853
f 2044//3854 2015//3854 1994//3854
f 2045//3855 1995//3855 1965//3855
f 2016//3856 2045//3856 1965//3856
f 2008//3857 2046//3857 1962//3857
f 2046//3858 1998//3858 1962//3858
f 2047//3859 2005//3859 1999//3859
f 2027//3860 2047//3860 1999//3860
f 2004//3861 2048//3861 1966//3861
f 2048//3862 2008//3862 1966//3862
f 2047//3863 2035//3863 2005//3863
f 1992//3864 2049//3864 1971//3864
f 2049//3865 2030//3865 1971//3865
f 2050//3866 1997//3866 1993//3866
f 2031//3867 2050//3867 1993//3867
f 2026//3868 2051//3868 1981//3868
f 2051//3869 2000//3869 1981//3869
f 2052//3870 2027//3870 2001//3870
f 2020//3871 2052//3871 2001//3871
f 2021//3872 2053//3872 2011//3872
f 2053//3873 2038//3873 2011//3873
f 2054//3874 2022//3874 1980//3874
f 2012//3875 2054//3875 1980//3875
f 2038//3876 2055//3876 2002//3876
f 2055//3877 2017//3877 2002//3877
f 2056//3878 2039//3878 1985//3878
f 2003//3879 2056//3879 1985//3879
f 1996//3880 2057//3880 1992//3880
f 2057//3881 2049//3881 1992//3881
f 2058//3882 2007//3882 1997//3882
f 2050//3883 2058//3883 1997//3883
f 2044//3884 2059//3884 2015//3884
f 2059//3885 2021//3885 2015//3885
f 2060//3886 2016//3886 1988//3886
f 2025//3887 2060//3887 1988//3887
f 2009//3888 2061//3888 1989//3888
f 2061//3889 2034//3889 1989//3889
f 2062//3890 2031//3890 2010//3890
f 2035//3891 2062//3891 2010//3891
f 2023//3892 2063//3892 2013//3892
f 2063//3893 2044//3893 2013//3893
f 2064//3894 2014//3894 1995//3894
f 2045//3895 2064//3895 1995//3895
f 2059//3896 2053//3896 2021//3896
f 2065//3897 2025//3897 1991//3897
f 2022//3898 2065//3898 1991//3898
f 2006//3899 2066//3899 1996//3899
f 2066//3900 2057//3900 1996//3900
f 2067//3901 2006//3901 2007//3901
f 2058//3902 2067//3902 2007//3902
f 2067//3903 2066//3903 2006//3903
f 2051//3904 2068//3904 2000//3904
f 2068//3905 2019//3905 2000//3905
f 2069//3906 2052//3906 2020//3906
f 2033//3907 2069//3907 2020//3907
f 2046//3908 2070//3908 1998//3908
f 2070//3909 2026//3909 1998//3909
f 2071//3910 2047//3910 2027//3910
f 2052//3911 2071//3911 2027//3911
f 2055//3912 2072//3912 2017//3912
f 2072//3913 2028//3913 2017//3913
f 2073//3914 2056//3914 2003//3914
f 2018//3915 2073//3915 2003//3915
f 2034//3916 2074//3916 2004//3916
f 2074//3917 2048//3917 2004//3917
f 2075//3918 2062//3918 2035//3918
f 2047//3919 2075//3919 2035//3919
f 2036//3920 2076//3920 2023//3920
f 2076//3921 2063//3921 2023//3921
f 2077//3922 2024//3922 2014//3922
f 2064//3923 2077//3923 2014//3923
f 2048//3924 2078//3924 2008//3924
f 2078//3925 2046//3925 2008//3925
f 2071//3926 2075//3926 2047//3926
f 2030//3927 2079//3927 2009//3927
f 2079//3928 2061//3928 2009//3928
f 2080//3929 2050//3929 2031//3929
f 2062//3930 2080//3930 2031//3930
f 2068//3931 2081//3931 2019//3931
f 2081//3932 2032//3932 2019//3932
f 2082//3933 2069//3933 2033//3933
f 2043//3934 2082//3934 2033//3934
f 2053//3935 2083//3935 2038//3935
f 2083//3936 2055//3936 2038//3936
f 2084//3937 2054//3937 2012//3937
f 2039//3938 2084//3938 2012//3938
f 2072//3939 2085//3939 2028//3939
f 2085//3940 2040//3940 2028//3940
f 2086//3941 2073//3941 2018//3941
f 2029//3942 2086//3942 2018//3942
f 2063//3943 2087//3943 2044//3943
f 2087//3944 2059//3944 2044//3944
f 2088//3945 2045//3945 2016//3945
f 2060//3946 2088//3946 2016//3946
f 2042//3947 2089//3947 2036//3947
f 2089//3948 2076//3948 2036//3948
f 2090//3949 2037//3949 2024//3949
f 2077//3950 2090//3950 2024//3950
f 2081//3951 2091//3951 2032//3951
f 2091//3952 2042//3952 2032//3952
f 2092//3953 2082//3953 2043//3953
f 2037//3954 2092//3954 2043//3954
f 2091//3955 2089//3955 2042//3955
f 2090//3956 2092//3956 2037//3956
f 2085//3957 2093//3957 2040//3957
f 2093//3958 2041//3958 2040//3958
f 2041//3959 2094//3959 2029//3959
f 2094//3960 2086//3960 2029//3960
f 2093//3961 2094//3961 2041//3961
f 2059//3962 2095//3962 2053//3962
f 2095//3963 2083//3963 2053//3963
f 2096//3964 2065//3964 2022//3964
f 2054//3965 2096//3965 2022//3965
f 2070//3966 2097//3966 2026//3966
f 2097//3967 2051//3967 2026//3967
f 2098//3968 2071//3968 2052//3968
f 2069//3969 2098//3969 2052//3969
f 2087//3970 2095//3970 2059//3970
f 2099//3971 2060//3971 2025//3971
f 2065//3972 2099//3972 2025//3972
f 2049//3973 2100//3973 2030//3973
f 2100//3974 2079//3974 2030//3974
f 2101//3975 2058//3975 2050//3975
f 2080//3976 2101//3976 2050//3976
f 2061//3977 2102//3977 2034//3977
f 2102//3978 2074//3978 2034//3978
f 2103//3979 2080//3979 2062//3979
f 2075//3980 2103//3980 2062//3980
f 2083//3981 2104//3981 2055//3981
f 2104//3982 2072//3982 2055//3982
f 2105//3983 2084//3983 2039//3983
f 2056//3984 2105//3984 2039//3984
f 2076//3985 2106//3985 2063//3985
f 2106//3986 2087//3986 2063//3986
f 2107//3987 2064//3987 2045//3987
f 2088//3988 2107//3988 2045//3988
f 2057//3989 2108//3989 2049//3989
f 2108//3990 2100//3990 2049//3990
f 2109//3991 2067//3991 2058//3991
f 2101//3992 2109//3992 2058//3992
f 2078//3993 2110//3993 2046//3993
f 2110//3994 2070//3994 2046//3994
f 2111//3995 2075//3995 2071//3995
f 2098//3996 2111//3996 2071//3996
f 2074//3997 2112//3997 2048//3997
f 2112//3998 2078//3998 2048//3998
f 2111//3999 2103//3999 2075//3999
f 2097//4000 2113//4000 2051//4000
f 2113//4001 2068//4001 2051//4001
f 2114//4002 2098//4002 2069//4002
f 2082//4003 2114//4003 2069//4003
f 2066//4004 2115//4004 2057//4004
f 2115//4005 2108//4005 2057//4005
f 2116//4006 2066//4006 2067//4006
f 2109//4007 2116//4007 2067//4007
f 2116//4008 2115//4008 2066//4008
f 2104//4009 2117//4009 2072//4009
f 2117//4010 2085//4010 2072//4010
f 2118//4011 2105//4011 2056//4011
f 2073//4012 2118//4012 2056//4012
f 2089//4013 2119//4013 2076//4013
f 2119//4014 2106//4014 2076//4014
f 2120//4015 2077//4015 2064//4015
f 2107//4016 2120//4016 2064//4016
f 2095//4017 2121//4017 2083//4017
f 2121//4018 2104//4018 2083//4018
f 2122//4019 2096//4019 2054//4019
f 2084//4020 2122//4020 2054//4020
f 2106//4021 2123//4021 2087//4021
f 2123//4022 2095//4022 2087//4022
f 2124//4023 2088//4023 2060//4023
f 2099//4024 2124//4024 2060//4024
f 2079//4025 2125//4025 2061//4025
f 2125//4025 2102//4025 2061//4025
f 2126//4026 2101//4026 2080//4026
f 2103//4027 2126//4027 2080//4027
f 2113//4028 2127//4028 2068//4028
f 2127//4029 2081//4029 2068//4029
f 2128//4030 2114//4030 2082//4030
f 2092//4031 2128//4031 2082//4031
f 2123//4032 2121//4032 2095//4032
f 2129//4033 2099//4033 2065//4033
f 2096//4034 2129//4034 2065//4034
f 2091//4035 2130//4035 2089//4035
f 2130//4036 2119//4036 2089//4036
f 2131//4037 2090//4037 2077//4037
f 2120//4038 2131//4038 2077//4038
f 2117//4039 2132//4039 2085//4039
f 2132//4040 2093//4040 2085//4040
f 2133//4041 2118//4041 2073//4041
f 2086//4042 2133//4042 2073//4042
f 2127//4043 2134//4043 2081//4043
f 2134//4044 2091//4044 2081//4044
f 2135//4045 2128//4045 2092//4045
f 2090//4046 2135//4046 2092//4046
f 2110//4047 2136//4047 2070//4047
f 2136//4048 2097//4048 2070//4048
f 2137//4049 2111//4049 2098//4049
f 2114//4050 2137//4050 2098//4050
f 2134//4051 2130//4051 2091//4051
f 2131//4052 2135//4052 2090//4052
f 2132//4053 2138//4053 2093//4053
f 2138//4054 2094//4054 2093//4054
f 2094//4055 2139//4055 2086//4055
f 2139//4056 2133//4056 2086//4056
f 2102//4057 2140//4057 2074//4057
f 2140//4058 2112//4058 2074//4058
f 2141//4059 2126//4059 2103//4059
f 2111//4060 2141//4060 2103//4060
f 2138//4061 2139//4061 2094//4061
f 2100//4062 2142//4062 2079//4062
f 2142//4063 2125//4063 2079//4063
f 2143//4064 2109//4064 2101//4064
f 2126//4026 2143//4026 2101//4026
f 2112//4065 2144//4065 2078//4065
f 2144//4066 2110//4066 2078//4066
f 2137//4067 2141//4067 2111//4067
f 2121//4068 2145//4068 2104//4068
f 2145//4069 2117//4069 2104//4069
f 2146//4070 2122//4070 2084//4070
f 2105//4071 2146//4071 2084//4071
f 2119//4072 2147//4072 2106//4072
f 2147//4073 2123//4073 2106//4073
f 2148//4074 2107//4074 2088//4074
f 2124//4075 2148//4075 2088//4075
f 2136//4076 2149//4076 2097//4076
f 2149//4077 2113//4077 2097//4077
f 2150//4078 2137//4078 2114//4078
f 2128//4079 2150//4079 2114//4079
f 2108//4080 2151//4080 2100//4080
f 2151//4081 2142//4081 2100//4081
f 2152//4082 2116//4082 2109//4082
f 2143//4083 2152//4083 2109//4083
f 2123//4084 2153//4084 2121//4084
f 2153//4085 2145//4085 2121//4085
f 2154//4086 2129//4086 2096//4086
f 2122//4087 2154//4087 2096//4087
f 2147//4088 2153//4088 2123//4088
f 2155//4089 2124//4089 2099//4089
f 2129//4089 2155//4089 2099//4089
f 2130//4090 2156//4090 2119//4090
f 2156//4091 2147//4091 2119//4091
f 2157//4092 2120//4092 2107//4092
f 2148//4093 2157//4093 2107//4093
f 2115//4094 2158//4094 2108//4094
f 2158//4095 2151//4095 2108//4095
f 2159//4096 2115//4096 2116//4096
f 2152//4097 2159//4097 2116//4097
f 2145//4098 2160//4098 2117//4098
f 2160//4099 2132//4099 2117//4099
f 2161//4100 2146//4100 2105//4100
f 2118//4101 2161//4101 2105//4101
f 2125//4102 2162//4102 2102//4102
f 2162//4103 2140//4103 2102//4103
f 2163//4104 2143//4104 2126//4104
f 2141//4105 2163//4105 2126//4105
f 2159//4106 2158//4106 2115//4106
f 2149//4107 2164//4107 2113//4107
f 2164//4108 2127//4108 2113//4108
f 2165//4109 2150//4109 2128//4109
f 2135//4110 2165//4110 2128//4110
f 2144//4111 2166//4111 2110//4111
f 2166//4112 2136//4112 2110//4112
f 2167//4113 2141//4113 2137//4113
f 2150//4114 2167//4114 2137//4114
f 2134//4115 2168//4115 2130//4115
f 2168//4116 2156//4116 2130//4116
f 2169//4117 2131//4117 2120//4117
f 2157//4118 2169//4118 2120//4118
f 2140//4119 2170//4119 2112//4119
f 2170//4119 2144//4119 2112//4119
f 2167//4120 2163//4120 2141//4120
f 2164//4121 2171//4121 2127//4121
f 2171//4122 2134//4122 2127//4122
f 2172//4123 2165//4123 2135//4123
f 2131//4124 2172//4124 2135//4124
f 2160//4125 2173//4125 2132//4125
f 2173//4126 2138//4126 2132//4126
f 2174//4127 2161//4127 2118//4127
f 2133//4128 2174//4128 2118//4128
f 2171//4129 2168//4129 2134//4129
f 2169//4130 2172//4130 2131//4130
f 2156//4131 2175//4131 2147//4131
f 2175//4132 2153//4132 2147//4132
f 2176//4133 2148//4133 2124//4133
f 2155//4134 2176//4134 2124//4134
f 2153//4135 2177//4135 2145//4135
f 2177//4136 2160//4136 2145//4136
f 2178//4137 2154//4137 2122//4137
f 2146//4138 2178//4138 2122//4138
f 2142//4139 2179//4139 2125//4139
f 2179//4139 2162//4139 2125//4139
f 2180//4140 2152//4140 2143//4140
f 2163//4141 2180//4141 2143//4141
f 2173//4142 2181//4142 2138//4142
f 2181//4143 2139//4143 2138//4143
f 2139//4144 2182//4144 2133//4144
f 2182//4145 2174//4145 2133//4145
f 2181//4146 2182//4146 2139//4146
f 2175//4147 2177//4147 2153//4147
f 2183//4148 2155//4148 2129//4148
f 2154//4149 2183//4149 2129//4149
f 2166//4150 2184//4150 2136//4150
f 2184//4151 2149//4151 2136//4151
f 2185//4152 2167//4152 2150//4152
f 2165//4153 2185//4153 2150//4153
f 2151//4154 2186//4154 2142//4154
f 2186//4155 2179//4155 2142//4155
f 2187//4156 2159//4156 2152//4156
f 2180//4140 2187//4140 2152//4140
f 2162//4157 2188//4157 2140//4157
f 2188//4158 2170//4158 2140//4158
f 2189//4159 2180//4159 2163//4159
f 2167//4120 2189//4120 2163//4120
f 2168//4160 2190//4160 2156//4160
f 2190//4161 2175//4161 2156//4161
f 2191//4162 2157//4162 2148//4162
f 2176//4163 2191//4163 2148//4163
f 2177//4164 2192//4164 2160//4164
f 2192//4165 2173//4165 2160//4165
f 2193//4166 2178//4166 2146//4166
f 2161//4167 2193//4167 2146//4167
f 2170//4168 2194//4168 2144//4168
f 2194//4169 2166//4169 2144//4169
f 2185//4170 2189//4170 2167//4170
f 2158//4171 2195//4171 2151//4171
f 2195//4172 2186//4172 2151//4172
f 2196//4173 2158//4173 2159//4173
f 2187//4174 2196//4174 2159//4174
f 2184//4175 2197//4175 2149//4175
f 2197//4176 2164//4176 2149//4176
f 2198//4177 2185//4177 2165//4177
f 2172//4178 2198//4178 2165//4178
f 2196//4173 2195//4173 2158//4173
f 2171//4179 2199//4179 2168//4179
f 2199//4180 2190//4180 2168//4180
f 2200//4181 2169//4181 2157//4181
f 2191//4182 2200//4182 2157//4182
f 2190//4183 2201//4183 2175//4183
f 2201//4184 2177//4184 2175//4184
f 2202//4185 2176//4185 2155//4185
f 2183//4186 2202//4186 2155//4186
f 2201//4187 2192//4187 2177//4187
f 2203//4188 2183//4188 2154//4188
f 2178//4189 2203//4189 2154//4189
f 2197//4190 2204//4190 2164//4190
f 2204//4191 2171//4191 2164//4191
f 2205//4192 2198//4192 2172//4192
f 2169//4193 2205//4193 2172//4193
f 2192//4194 2206//4194 2173//4194
f 2206//4195 2181//4195 2173//4195
f 2207//4196 2193//4196 2161//4196
f 2174//4197 2207//4197 2161//4197
f 2204//4198 2199//4198 2171//4198
f 2200//4199 2205//4199 2169//4199
f 2179//4200 2208//4200 2162//4200
f 2208//4201 2188//4201 2162//4201
f 2209//4202 2187//4202 2180//4202
f 2189//4203 2209//4203 2180//4203
f 2194//4204 2210//4204 2166//4204
f 2210//4205 2184//4205 2166//4205
f 2211//4206 2189//4206 2185//4206
f 2198//4207 2211//4207 2185//4207
f 2206//4208 2212//4208 2181//4208
f 2212//4209 2182//4209 2181//4209
f 2182//4210 2213//4210 2174//4210
f 2213//4211 2207//4211 2174//4211
f 2212//4212 2213//4212 2182//4212
f 2188//4213 2214//4213 2170//4213
f 2214//4214 2194//4214 2170//4214
f 2211//4215 2209//4215 2189//4215
f 2199//4216 2215//4216 2190//4216
f 2215//4217 2201//4217 2190//4217
f 2216//4218 2191//4218 2176//4218
f 2202//4219 2216//4219 2176//4219
f 2186//4220 2217//4220 2179//4220
f 2217//4221 2208//4221 2179//4221
f 2218//4222 2196//4222 2187//4222
f 2209//4223 2218//4223 2187//4223
f 2201//4224 2219//4224 2192//4224
f 2219//4225 2206//4225 2192//4225
f 2220//4226 2203//4226 2178//4226
f 2193//4227 2220//4227 2178//4227
f 2210//4228 2221//4228 2184//4228
f 2221//4229 2197//4229 2184//4229
f 2222//4230 2211//4230 2198//4230
f 2205//4231 2222//4231 2198//4231
f 2215//4232 2219//4232 2201//4232
f 2223//4233 2202//4233 2183//4233
f 2203//4234 2223//4234 2183//4234
f 2195//4235 2224//4235 2186//4235
f 2224//4236 2217//4236 2186//4236
f 2225//4237 2195//4237 2196//4237
f 2218//4238 2225//4238 2196//4238
f 2204//4239 2226//4239 2199//4239
f 2226//4240 2215//4240 2199//4240
f 2227//4241 2200//4241 2191//4241
f 2216//4242 2227//4242 2191//4242
f 2225//4243 2224//4243 2195//4243
f 2221//4244 2228//4244 2197//4244
f 2228//4245 2204//4245 2197//4245
f 2229//4246 2222//4246 2205//4246
f 2200//4247 2229//4247 2205//4247
f 2208//4248 2230//4248 2188//4248
f 2230//4249 2214//4249 2188//4249
f 2231//4250 2218//4250 2209//4250
f 2211//4251 2231//4251 2209//4251
f 2228//4252 2226//4252 2204//4252
f 2227//4253 2229//4253 2200//4253
f 2219//4254 2232//4254 2206//4254
f 2232//4255 2212//4255 2206//4255
f 2233//4256 2220//4256 2193//4256
f 2207//4257 2233//4257 2193//4257
f 2214//4258 2234//4258 2194//4258
f 2234//4259 2210//4259 2194//4259
f 2222//4260 2231//4260 2211//4260
f 2232//4261 2235//4261 2212//4261
f 2235//4262 2213//4262 2212//4262
f 2213//4263 2236//4263 2207//4263
f 2236//4264 2233//4264 2207//4264
f 2226//4265 2237//4265 2215//4265
f 2237//4266 2219//4266 2215//4266
f 2238//4267 2216//4267 2202//4267
f 2223//4268 2238//4268 2202//4268
f 2237//4269 2232//4269 2219//4269
f 2239//4270 2223//4270 2203//4270
f 2220//4271 2239//4271 2203//4271
f 2235//4272 2236//4272 2213//4272
f 2217//4273 2240//4273 2208//4273
f 2240//4274 2230//4274 2208//4274
f 2241//4275 2225//4275 2218//4275
f 2231//4276 2241//4276 2218//4276
f 2234//4277 2242//4277 2210//4277
f 2242//4278 2221//4278 2210//4278
f 2243//4279 2231//4279 2222//4279
f 2229//4280 2243//4280 2222//4280
f 2228//4281 2244//4281 2226//4281
f 2244//4282 2237//4282 2226//4282
f 2245//4283 2227//4283 2216//4283
f 2238//4284 2245//4284 2216//4284
f 2230//4285 2246//4285 2214//4285
f 2246//4285 2234//4285 2214//4285
f 2243//4286 2241//4286 2231//4286
f 2224//4287 2247//4287 2217//4287
f 2247//4288 2240//4288 2217//4288
f 2248//4289 2224//4289 2225//4289
f 2241//4290 2248//4290 2225//4290
f 2242//4291 2249//4291 2221//4291
f 2249//4292 2228//4292 2221//4292
f 2250//4293 2243//4293 2229//4293
f 2227//4294 2250//4294 2229//4294
f 2248//4295 2247//4295 2224//4295
f 2237//4296 2251//4296 2232//4296
f 2251//4297 2235//4297 2232//4297
f 2252//4298 2239//4298 2220//4298
f 2233//4299 2252//4299 2220//4299
f 2249//4300 2244//4300 2228//4300
f 2245//4301 2250//4301 2227//4301
f 2244//4302 2251//4302 2237//4302
f 2253//4303 2238//4303 2223//4303
f 2239//4304 2253//4304 2223//4304
f 2251//4305 2254//4305 2235//4305
f 2254//4306 2236//4306 2235//4306
f 2236//4307 2255//4307 2233//4307
f 2255//4308 2252//4308 2233//4308
f 2240//4309 2256//4309 2230//4309
f 2256//4310 2246//4310 2230//4310
f 2257//4311 2248//4311 2241//4311
f 2243//4286 2257//4286 2241//4286
f 2246//4312 2258//4312 2234//4312
f 2258//4313 2242//4313 2234//4313
f 2250//4314 2257//4314 2243//4314
f 2254//4315 2255//4315 2236//4315
f 2249//4316 2259//4316 2244//4316
f 2259//4317 2251//4317 2244//4317
f 2260//4318 2245//4318 2238//4318
f 2253//4319 2260//4319 2238//4319
f 2259//4320 2254//4320 2251//4320
f 2261//4321 2253//4321 2239//4321
f 2252//4322 2261//4322 2239//4322
f 2247//4323 2262//4323 2240//4323
f 2262//4324 2256//4324 2240//4324
f 2263//4325 2247//4325 2248//4325
f 2257//4326 2263//4326 2248//4326
f 2258//4327 2264//4327 2242//4327
f 2264//4328 2249//4328 2242//4328
f 2265//4329 2257//4329 2250//4329
f 2245//4330 2265//4330 2250//4330
f 2264//4331 2259//4331 2249//4331
f 2260//4332 2265//4332 2245//4332
f 2263//4333 2262//4333 2247//4333
f 2256//4334 2266//4334 2246//4334
f 2266//4335 2258//4335 2246//4335
f 2265//4336 2263//4336 2257//4336
f 2259//4337 2267//4337 2254//4337
f 2267//4338 2255//4338 2254//4338
f 2255//4339 2268//4339 2252//4339
f 2268//4340 2261//4340 2252//4340
f 2267//4341 2268//4341 2255//4341
f 2264//4342 2267//4342 2259//4342
f 2269//4343 2260//4343 2253//4343
f 2261//4344 2269//4344 2253//4344
f 2266//4345 2270//4345 2258//4345
f 2270//4346 2264//4346 2258//4346
f 2271//4347 2263//4347 2265//4347
f 2260//4348 2271//4348 2265//4348
f 2262//4349 2272//4349 2256//4349
f 2272//4350 2266//4350 2256//4350
f 2271//4351 2262//4351 2263//4351
f 2270//4352 2267//4352 2264//4352
f 2269//4353 2271//4353 2260//4353
f 2271//4354 2272//4354 2262//4354
f 2270//4355 2268//4355 2267//4355
f 2268//4356 2273//4356 2261//4356
f 2273//4357 2269//4357 2261//4357
f 2270//4358 2273//4358 2268//4358
f 2272//4359 2273//4359 2266//4359
f 2273//4360 2270//4360 2266//4360
f 2273//4361 2272//4361 2271//4361
f 2269//4362 2273//4362 2271//4362
