# Blender v3.0.0 OBJ File: ''
# www.blender.org
mtllib Tilt Proximal Linkage.mtl
o /ambf/env/Tilt_Proximal_Linkage_Tilt_Proximal_Linkage
v 0.001300 0.006000 0.188770
v 0.001300 -0.006000 0.188770
v -0.007000 -0.006000 0.188770
v -0.007000 0.006000 0.188770
v -0.007000 -0.006000 0.207770
v -0.007000 -0.005100 0.198270
v -0.007216 -0.004600 0.197766
v -0.007000 -0.004550 0.197317
v -0.007216 -0.004136 0.197498
v -0.007000 -0.003809 0.197186
v -0.007216 0.003400 0.197766
v -0.007000 0.003450 0.197317
v 0.001500 -0.006000 0.194270
v -0.007000 -0.001925 0.207770
v -0.007216 -0.004736 0.198538
v 0.007000 -0.001925 0.207770
v 0.014500 -0.006000 0.207770
v 0.001500 -0.006000 0.202270
v 0.001500 -0.005034 0.198646
v 0.001500 -0.005034 0.197894
v -0.007000 0.001925 0.207770
v -0.007216 -0.004392 0.198948
v 0.001500 -0.004550 0.199222
v 0.001500 -0.004191 0.197186
v -0.007000 -0.004191 0.199353
v -0.007216 -0.003864 0.199041
v 0.001500 -0.003809 0.199353
v -0.007000 0.002966 0.198646
v -0.007216 0.003216 0.198270
v -0.007216 0.003400 0.198773
v -0.007000 0.003450 0.199222
v -0.007216 -0.003608 0.197591
v -0.007000 -0.003157 0.197563
v 0.001500 -0.003450 0.197317
v -0.007216 -0.003400 0.198773
v 0.001500 -0.002966 0.198646
v -0.007216 -0.003264 0.198002
v 0.001500 -0.002966 0.197894
v -0.007000 -0.002900 0.198270
v -0.007000 0.006000 0.207770
v -0.007000 -0.001925 0.213920
v -0.007000 0.001925 0.213920
v -0.001000 -0.001925 0.212320
v -0.001547 -0.001925 0.212416
v 0.005824 -0.001925 0.208152
v 0.006382 -0.001925 0.207868
v -0.002028 -0.001925 0.212694
v -0.002386 -0.001925 0.213120
v -0.006638 -0.001925 0.215972
v -0.002576 -0.001925 0.213642
v 0.007000 0.001925 0.207770
v 0.014500 0.006000 0.207770
v 0.006382 0.001925 0.207868
v -0.002028 0.001925 0.212694
v -0.001547 0.001925 0.212416
v 0.005824 0.001925 0.208152
v -0.001000 0.001925 0.212320
v -0.000453 0.001925 0.212416
v -0.002576 0.001925 0.213642
v -0.002386 0.001925 0.213120
v -0.006638 0.001925 0.215972
v -0.002576 0.001925 0.214198
v 0.001500 0.003157 0.198977
v 0.001500 0.002966 0.197894
v 0.001500 0.003450 0.197317
v 0.001500 0.003809 0.199353
v -0.007216 0.004136 0.197498
v 0.001500 0.004191 0.197186
v -0.007000 0.004191 0.199353
v 0.001500 0.004550 0.199222
v -0.007000 0.004550 0.197317
v -0.007216 0.004600 0.197766
v -0.007216 0.004600 0.198773
v -0.007000 0.005034 0.197894
v 0.001500 0.005034 0.197894
v -0.007000 0.005034 0.198646
v 0.001500 0.005034 0.198646
v -0.007216 0.004783 0.198270
v 0.001500 0.006000 0.202270
v 0.001500 0.006000 0.194270
v 0.014500 0.006000 0.202270
v -0.005596 -0.001925 0.217776
v -0.002576 -0.001925 0.214198
v -0.005596 0.001925 0.217776
v -0.002386 0.001925 0.214720
v -0.004000 -0.001925 0.219116
v -0.002386 -0.001925 0.214720
v -0.002028 -0.001925 0.215145
v -0.004000 0.001925 0.219116
v -0.002028 0.001925 0.215145
v -0.002042 -0.001925 0.219829
v -0.001547 -0.001925 0.215423
v -0.002042 0.001925 0.219829
v -0.001547 0.001925 0.215423
v 0.000042 -0.001925 0.219829
v -0.001000 -0.001925 0.215520
v 0.000042 0.001925 0.219829
v -0.000453 0.001925 0.215423
v -0.001000 0.001925 0.215520
v -0.000453 -0.001925 0.212416
v -0.000453 -0.001925 0.215423
v 0.000028 -0.001925 0.212694
v 0.000028 0.001925 0.212694
v 0.002000 -0.001925 0.219116
v 0.000028 -0.001925 0.215145
v 0.002000 0.001925 0.219116
v 0.000028 0.001925 0.215145
v 0.005098 -0.001925 0.209152
v 0.000386 -0.001925 0.213120
v 0.005382 -0.001925 0.208594
v 0.000386 0.000001 0.213120
v 0.003596 -0.001925 0.217776
v 0.000386 -0.001925 0.214720
v 0.000386 -0.000000 0.214720
v 0.005382 0.001925 0.208594
v 0.000386 0.001925 0.213120
v 0.005000 0.001925 0.209770
v 0.005098 0.001925 0.209152
v 0.003596 0.001925 0.217776
v 0.000386 0.001925 0.214720
v 0.005000 -0.001925 0.209770
v 0.000576 -0.001925 0.213642
v 0.000515 -0.000613 0.213406
v 0.004638 -0.001925 0.215972
v 0.000576 -0.001925 0.214198
v 0.000515 -0.000613 0.214434
v 0.005000 -0.000513 0.213032
v 0.004775 0.000139 0.213132
v 0.000576 0.001925 0.213642
v 0.005000 0.001925 0.213920
v 0.000515 0.000613 0.213406
v 0.000576 0.001925 0.214198
v 0.000515 0.000613 0.214434
v 0.004775 0.000139 0.214708
v 0.004775 -0.000613 0.214434
v 0.004775 0.000613 0.213406
v 0.004775 0.000613 0.214434
v 0.004775 -0.000752 0.213646
v 0.005000 -0.001925 0.213920
v 0.000600 -0.000800 0.213920
v 0.004638 0.001925 0.215972
v 0.000600 0.000800 0.213920
v 0.004775 0.000800 0.213920
v 0.002845 -0.006000 0.188525
v 0.002845 0.006000 0.188525
v 0.014500 -0.006000 0.194270
v 0.001500 -0.004632 0.194511
v 0.014500 -0.006000 0.202270
v 0.001500 -0.004632 0.202029
v 0.014500 -0.004632 0.202029
v 0.014500 -0.004632 0.194511
v 0.001500 -0.003429 0.195206
v 0.001500 -0.003429 0.201334
v 0.014500 -0.003429 0.201334
v 0.001500 -0.002536 0.200270
v 0.001500 -0.002536 0.196270
v 0.014500 -0.003429 0.195206
v 0.014500 -0.002536 0.200270
v 0.001500 -0.002061 0.198964
v 0.001500 -0.002061 0.197575
v 0.014500 -0.002536 0.196270
v 0.014500 -0.002061 0.198964
v 0.014500 -0.002061 0.197575
v 0.001500 0.002061 0.198964
v 0.014500 0.002061 0.198964
v 0.001500 0.002061 0.197575
v 0.014500 0.002061 0.197575
v 0.001500 0.002536 0.196270
v 0.001500 0.002536 0.200270
v 0.014500 0.002536 0.200270
v 0.014500 0.002536 0.196270
v 0.001500 0.003429 0.195206
v 0.001500 0.003429 0.201334
v 0.014500 0.003429 0.201334
v 0.014500 0.003429 0.195206
v 0.001500 0.004632 0.194511
v 0.001500 0.004632 0.202029
v 0.014500 0.004632 0.202029
v 0.014500 0.004632 0.194511
v 0.014500 0.006000 0.194270
v 0.004239 0.006000 0.187815
v 0.004239 -0.006000 0.187815
v 0.005345 -0.006000 0.186709
v 0.005345 0.006000 0.186709
v 0.004997 -0.001007 0.214097
v 0.010000 -0.010000 0.009500
v 0.005000 -0.010000 0.040000
v 0.005000 -0.009914 0.009500
v 0.005000 -0.007504 0.014547
v 0.004729 -0.007230 0.014000
v 0.005000 -0.007504 0.013453
v 0.004729 -0.006942 0.013210
v 0.005000 -0.006750 0.012701
v 0.005000 -0.006261 0.012523
v 0.004729 -0.005787 0.012789
v 0.004729 0.004845 0.013579
v 0.005000 0.004774 0.012972
v 0.004729 0.005385 0.012935
v 0.005000 0.005722 0.012424
v 0.005000 0.010000 0.009500
v 0.010000 0.002000 0.009500
v 0.010000 -0.002000 0.009500
v 0.005800 -0.008000 0.040000
v 0.005000 0.010000 0.040000
v 0.014500 -0.008000 0.040000
v 0.014500 -0.010000 0.040000
v 0.010000 -0.010000 0.035000
v 0.005000 -0.006261 0.015477
v 0.005000 -0.006800 0.015386
v 0.004729 -0.006942 0.014790
v 0.005000 -0.007500 0.028000
v 0.004729 -0.007155 0.028420
v 0.005000 -0.006278 0.029576
v 0.004729 -0.006615 0.029065
v 0.005000 -0.007149 0.028964
v 0.004729 -0.005385 0.029065
v 0.005000 -0.005740 0.029477
v 0.008450 -0.007504 0.014547
v 0.008450 -0.007600 0.014000
v 0.004729 -0.007155 0.027579
v 0.008450 -0.007504 0.028547
v 0.008450 -0.007600 0.028000
v 0.008450 -0.007504 0.013453
v 0.008450 -0.007226 0.015028
v 0.005000 -0.007226 0.026972
v 0.008450 -0.007504 0.027453
v 0.008450 -0.007226 0.029028
v 0.008450 -0.007226 0.012972
v 0.008450 -0.006800 0.015386
v 0.004729 -0.006615 0.026935
v 0.008450 -0.007226 0.026972
v 0.008450 -0.006800 0.029386
v 0.008450 -0.006800 0.012614
v 0.008450 -0.006278 0.015576
v 0.005000 -0.006278 0.026424
v 0.008450 -0.006800 0.026614
v 0.008450 -0.006278 0.029576
v 0.008450 -0.006278 0.012424
v 0.004729 -0.005787 0.015211
v 0.008450 -0.005722 0.015576
v 0.004729 -0.005787 0.026789
v 0.008450 -0.006278 0.026424
v 0.008450 -0.005722 0.029576
v 0.005000 0.004500 0.014000
v 0.005000 -0.005200 0.012614
v 0.008450 -0.005722 0.012424
v 0.005000 0.004774 0.026972
v 0.005000 -0.005250 0.015299
v 0.005000 0.004496 0.027453
v 0.008450 -0.005200 0.015386
v 0.005000 0.004500 0.028000
v 0.005000 -0.005250 0.026701
v 0.008450 -0.005722 0.026424
v 0.008450 -0.005200 0.029386
v 0.004729 -0.005058 0.013210
v 0.008450 -0.005200 0.012614
v 0.004729 -0.005058 0.014790
v 0.008450 -0.004774 0.015028
v 0.005000 -0.004851 0.027036
v 0.008450 -0.005200 0.026614
v 0.005000 -0.004851 0.028964
v 0.008450 -0.004774 0.029028
v 0.005000 -0.004497 0.013453
v 0.008450 -0.004774 0.012972
v 0.005000 0.006750 0.026701
v 0.004729 0.006942 0.027210
v 0.004729 0.006213 0.026789
v 0.005000 0.004496 0.014547
v 0.005000 -0.004497 0.014547
v 0.004729 0.005385 0.026935
v 0.005000 0.005722 0.026424
v 0.005000 0.005250 0.015299
v 0.004729 0.005058 0.014790
v 0.008450 -0.004497 0.014547
v 0.004729 -0.004845 0.027579
v 0.008450 -0.004774 0.026972
v 0.004729 -0.004845 0.028420
v 0.008450 -0.004497 0.028547
v 0.004729 -0.004771 0.014000
v 0.008450 -0.004497 0.013453
v 0.008450 -0.004400 0.014000
v 0.005000 -0.004500 0.028000
v 0.008450 -0.004497 0.027453
v 0.005000 0.005200 0.029386
v 0.005000 0.004496 0.028547
v 0.004729 0.005058 0.028790
v 0.008450 -0.004400 0.028000
v 0.008450 0.004496 0.014547
v 0.008450 0.004400 0.014000
v 0.008450 0.004496 0.028547
v 0.008450 0.004400 0.028000
v 0.008450 0.004496 0.013453
v 0.008450 0.004774 0.015028
v 0.008450 0.004496 0.027453
v 0.008450 0.004774 0.029028
v 0.008450 0.004774 0.012972
v 0.008450 0.005200 0.015386
v 0.008450 0.004774 0.026972
v 0.008450 0.005200 0.029386
v 0.008450 0.005200 0.012614
v 0.004729 0.005786 0.015211
v 0.008450 0.005722 0.015576
v 0.008450 0.005200 0.026614
v 0.004729 0.005786 0.029211
v 0.008450 0.005722 0.029576
v 0.004729 0.006213 0.012789
v 0.008450 0.005722 0.012424
v 0.005000 0.006260 0.015477
v 0.008450 0.006278 0.015576
v 0.008450 0.005722 0.026424
v 0.005000 0.006278 0.029576
v 0.008450 0.006278 0.029576
v 0.005000 0.006750 0.012701
v 0.008450 0.006278 0.012424
v 0.005000 0.007409 0.027487
v 0.004729 0.006615 0.015065
v 0.004729 0.007229 0.028000
v 0.008450 0.006800 0.015386
v 0.008450 0.006278 0.026424
v 0.005000 0.006750 0.029299
v 0.008450 0.006800 0.029386
v 0.005000 0.007226 0.012972
v 0.008450 0.006800 0.012614
v 0.005000 0.007149 0.014964
v 0.008450 0.007226 0.015028
v 0.008450 0.006800 0.026614
v 0.004729 0.006942 0.028790
v 0.008450 0.007226 0.029028
v 0.004729 0.007155 0.013579
v 0.008450 0.007226 0.012972
v 0.004729 0.007155 0.014420
v 0.008450 0.007503 0.014547
v 0.008450 0.007226 0.026972
v 0.005000 0.007409 0.028513
v 0.008450 0.007503 0.028547
v 0.005000 0.007500 0.014000
v 0.008450 0.007503 0.013453
v 0.008450 0.007600 0.014000
v 0.008450 0.007503 0.027453
v 0.008450 0.007600 0.028000
v 0.010000 0.010000 0.035000
v 0.010000 0.010000 0.009500
v 0.005800 0.008000 0.040000
v 0.014500 0.010000 0.040000
v 0.014500 0.010000 0.035000
v 0.006055 -0.006000 0.185315
v 0.006055 0.006000 0.185315
v 0.005800 -0.007382 0.040098
v 0.005800 -0.006824 0.040382
v 0.014500 -0.007382 0.040098
v 0.005800 -0.006382 0.040824
v 0.014500 -0.006824 0.040382
v 0.005800 -0.006098 0.041382
v 0.014500 -0.006382 0.040824
v 0.005800 0.006382 0.040824
v 0.005800 0.006824 0.040382
v 0.005800 0.007382 0.040098
v 0.005800 -0.006000 0.042000
v 0.005800 0.006000 0.042000
v 0.005800 0.006098 0.041382
v 0.014500 -0.006098 0.041382
v 0.014500 -0.006000 0.042000
v 0.005800 -0.006000 0.052000
v 0.005800 0.006000 0.052000
v 0.005800 0.006000 0.137000
v 0.006300 0.006000 0.062000
v 0.005800 0.004000 0.062000
v 0.005800 0.004000 0.137000
v 0.014500 0.006000 0.042000
v 0.014500 0.006098 0.041382
v 0.014500 0.006382 0.040824
v 0.014500 0.006824 0.040382
v 0.014500 0.007382 0.040098
v 0.014500 0.008000 0.040000
v 0.006300 -0.006000 0.183770
v 0.006300 0.006000 0.183770
v 0.010000 -0.008960 0.015077
v 0.010000 -0.009150 0.014000
v 0.010000 -0.008960 0.029077
v 0.010000 -0.009150 0.028000
v 0.010000 -0.008960 0.012923
v 0.010000 -0.008413 0.016025
v 0.010000 -0.008960 0.026923
v 0.010000 -0.008413 0.030025
v 0.010000 -0.008413 0.011975
v 0.010000 -0.007575 0.016728
v 0.010000 -0.008413 0.025975
v 0.010000 -0.007575 0.030728
v 0.010000 -0.007575 0.011272
v 0.010000 -0.006547 0.017102
v 0.010000 -0.007575 0.025272
v 0.010000 -0.006547 0.031102
v 0.010000 -0.006547 0.010898
v 0.010000 -0.005453 0.017102
v 0.010000 -0.006547 0.024898
v 0.010000 -0.005453 0.031102
v 0.010000 -0.005453 0.010898
v 0.010000 -0.004425 0.016728
v 0.010000 -0.005453 0.024898
v 0.010000 -0.004425 0.030728
v 0.010000 -0.004425 0.011272
v 0.010000 -0.003587 0.016025
v 0.010000 -0.004425 0.025272
v 0.010000 -0.003587 0.030025
v 0.010000 -0.003587 0.011975
v 0.010000 -0.003040 0.015077
v 0.010000 -0.003587 0.025975
v 0.010000 -0.003040 0.029077
v 0.010000 -0.003040 0.012923
v 0.010000 -0.002850 0.014000
v 0.010000 -0.003040 0.026923
v 0.010000 -0.002850 0.028000
v 0.010000 0.003040 0.015077
v 0.010000 0.002850 0.014000
v 0.010000 0.003040 0.029077
v 0.010000 0.002850 0.028000
v 0.010000 0.003040 0.012923
v 0.010000 0.003587 0.016025
v 0.010000 0.003040 0.026923
v 0.010000 0.003587 0.030025
v 0.010000 0.003587 0.011975
v 0.010000 0.004425 0.016728
v 0.010000 0.003587 0.025975
v 0.010000 0.004425 0.030728
v 0.010000 0.004425 0.011272
v 0.010000 0.005453 0.017102
v 0.010000 0.004425 0.025272
v 0.010000 0.005453 0.031102
v 0.010000 0.005453 0.010898
v 0.010000 0.006547 0.017102
v 0.010000 0.005453 0.024898
v 0.010000 0.006547 0.031102
v 0.010000 0.006547 0.010898
v 0.010000 0.007575 0.016728
v 0.010000 0.006547 0.024898
v 0.010000 0.007575 0.030728
v 0.010000 0.007575 0.011272
v 0.010000 0.008413 0.016025
v 0.010000 0.007575 0.025272
v 0.010000 0.008413 0.030025
v 0.010000 0.008413 0.011975
v 0.010000 0.008960 0.015077
v 0.010000 0.008413 0.025975
v 0.010000 0.008960 0.029077
v 0.010000 0.008960 0.012923
v 0.010000 0.009150 0.014000
v 0.010000 0.008960 0.026923
v 0.010000 0.009150 0.028000
v 0.010000 -0.008000 0.035000
v 0.014500 -0.010000 0.035000
v 0.010000 -0.006146 0.034706
v 0.014500 -0.008000 0.035000
v 0.014500 -0.006146 0.034706
v 0.010000 -0.004473 0.033854
v 0.014500 -0.004473 0.033854
v 0.010000 -0.003146 0.032527
v 0.014500 -0.003146 0.032527
v 0.010000 -0.002294 0.030854
v 0.010000 -0.002000 0.029000
v 0.014500 -0.002294 0.030854
v 0.014500 -0.002000 0.028650
v 0.014500 0.002000 0.029000
v 0.010000 0.002000 0.029000
v 0.010000 0.002294 0.030854
v 0.014500 0.002294 0.030854
v 0.010000 0.003146 0.032527
v 0.014500 0.003146 0.032527
v 0.010000 0.004473 0.033854
v 0.014500 0.004473 0.033854
v 0.010000 0.006146 0.034706
v 0.014500 0.006146 0.034706
v 0.010000 0.008000 0.035000
v 0.014500 0.008000 0.035000
v -0.012000 -0.005684 0.207970
v -0.012000 -0.002500 0.207970
v -0.012000 -0.005684 0.188570
v -0.012000 -0.002500 0.188570
v -0.009674 -0.003622 0.188570
v -0.009574 -0.004319 0.188570
v -0.009495 -0.004717 0.207970
v -0.009823 -0.003999 0.207970
v -0.011493 -0.002483 0.207970
v -0.011373 -0.002317 0.188570
v -0.011262 0.002224 0.188570
v -0.011552 0.002500 0.207970
v -0.012000 0.002500 0.188570
v -0.011783 0.005900 0.207970
v -0.012000 0.005683 0.188570
v -0.009823 0.003601 0.188570
v -0.009710 0.003218 0.207970
v -0.009382 0.004619 0.188570
v -0.009710 0.004382 0.207970
v -0.009400 -0.005900 0.192570
v -0.008150 -0.005900 0.192570
v -0.008150 -0.005900 0.188570
v -0.008789 -0.004999 0.188570
v -0.009400 -0.005900 0.203970
v -0.008150 -0.005900 0.207970
v -0.008831 -0.005143 0.207970
v -0.009400 0.005900 0.192570
v -0.008150 0.005900 0.188570
v -0.009400 0.005900 0.203970
v -0.008437 0.005050 0.188570
v -0.008150 0.005900 0.203970
v -0.008150 0.005900 0.207970
v -0.009194 0.004978 0.207970
v -0.010448 0.002500 0.188570
v -0.010738 0.002224 0.207970
v -0.010935 0.001811 0.188570
v -0.011168 0.001891 0.207970
v -0.009710 -0.003218 0.207970
v -0.011168 -0.001891 0.207970
v -0.010627 -0.002317 0.188570
v -0.010738 -0.002224 0.207970
v -0.011123 -0.001842 0.188570
v -0.010000 0.002500 0.207970
v -0.010000 -0.002500 0.207970
v -0.010000 -0.002500 0.188570
v -0.009113 -0.002749 0.188570
v -0.009495 0.002883 0.188570
v -0.009800 0.002300 0.188570
v -0.008789 0.002601 0.207970
v -0.009823 -0.003999 0.189370
v -0.009495 -0.004717 0.189370
v -0.009495 -0.004717 0.207170
v -0.009674 -0.003978 0.207170
v -0.009574 -0.003281 0.189370
v -0.009574 -0.003281 0.207170
v -0.009823 0.003601 0.189370
v -0.009382 0.002981 0.189370
v -0.009674 0.003978 0.207170
v -0.009710 0.003218 0.207170
v -0.009574 0.004319 0.189370
v -0.009113 -0.002749 0.207970
v -0.008831 0.002457 0.188570
v -0.009495 0.004717 0.207170
v -0.009250 -0.004784 0.198270
v -0.009250 -0.004600 0.197766
v -0.009702 -0.004000 0.198270
v -0.009250 -0.003864 0.197498
v -0.009250 -0.003400 0.197766
v -0.009250 -0.003217 0.198270
v -0.009250 -0.003400 0.198773
v -0.009250 -0.004136 0.199041
v -0.009250 -0.004600 0.198773
v -0.009250 0.003400 0.197766
v -0.009250 0.003864 0.197498
v -0.009702 0.004000 0.198270
v -0.009250 0.003216 0.198270
v -0.009250 0.004392 0.197591
v -0.009250 0.004736 0.198002
v -0.009250 0.004736 0.198538
v -0.009250 0.004392 0.198948
v -0.009250 0.003864 0.199041
v -0.009250 0.003400 0.198773
v -0.008437 -0.002400 0.188570
v -0.008437 -0.002400 0.207970
v -0.009194 -0.002622 0.189370
v -0.009113 -0.002749 0.207170
v -0.009194 0.002622 0.207170
v -0.009113 0.004851 0.189370
v -0.008150 0.005900 0.192570
v -0.008150 -0.005900 0.203970
v -0.007300 -0.006000 0.192570
v -0.007300 -0.006000 0.203970
v -0.007216 0.006000 0.192570
v -0.007216 0.006000 0.203970
v -0.007216 0.003864 0.199041
v -0.008831 -0.005143 0.189370
v -0.008831 -0.005143 0.207170
v -0.008831 0.002457 0.189370
v -0.008831 0.005143 0.207170
v -0.007761 -0.002749 0.188570
v -0.007761 0.002748 0.207970
v -0.008085 -0.004999 0.207170
v -0.008437 -0.002400 0.189370
v -0.008437 -0.002550 0.207170
v -0.008437 0.002550 0.207170
v -0.008437 0.005200 0.189370
v -0.008085 0.004999 0.207170
v -0.008085 0.004999 0.207970
v -0.007450 -0.005200 0.188570
v -0.007450 -0.005200 0.189370
v -0.007450 -0.005200 0.207970
v -0.007450 -0.005200 0.207170
v -0.008085 -0.004999 0.188570
v -0.008085 -0.004999 0.189370
v -0.008085 -0.004999 0.207970
v -0.007761 -0.002749 0.207970
v -0.007761 -0.002749 0.207170
v -0.007150 -0.002400 0.207170
v -0.007492 -0.004619 0.207970
v -0.007200 -0.003978 0.207970
v -0.007300 -0.003281 0.207970
v -0.007150 -0.002400 0.188570
v -0.007150 -0.002400 0.189370
v -0.007150 -0.002400 0.207970
v -0.007150 0.002400 0.207970
v -0.007150 0.002400 0.188570
v -0.007150 0.002400 0.189370
v -0.007150 0.002400 0.207170
v -0.008085 0.002601 0.188570
v -0.007761 0.004851 0.188570
v -0.007300 0.004319 0.188570
v -0.007200 0.003622 0.188570
v -0.007492 0.002981 0.188570
v -0.008085 0.002601 0.189370
v -0.007761 0.004851 0.189370
v -0.007450 0.005200 0.207170
v -0.007450 0.005200 0.207970
v -0.007150 -0.004900 0.192570
v -0.007150 -0.004900 0.203970
v -0.007492 -0.004619 0.207170
v -0.007150 0.004900 0.192570
v -0.007150 0.004900 0.189370
v -0.007150 0.004900 0.203970
v -0.007492 -0.002981 0.189370
v -0.007761 0.002748 0.207170
v -0.007492 -0.004619 0.188570
v -0.007492 -0.004619 0.189370
v -0.007300 -0.003281 0.188570
v -0.007300 0.003281 0.189370
v -0.007300 0.004319 0.207970
v -0.007492 0.004619 0.207170
v -0.007300 -0.003281 0.207170
v -0.007300 0.003281 0.207170
v -0.007300 0.003281 0.207970
v -0.007300 0.004319 0.189370
v -0.007200 -0.003978 0.188570
v -0.007200 -0.003978 0.189370
v -0.007200 -0.003978 0.207170
v -0.007200 0.003978 0.207170
v -0.007000 -0.008126 0.032500
v -0.007000 0.008125 0.032500
v -0.007000 -0.008126 0.009500
v -0.007000 0.008125 0.009500
v -0.006900 0.008243 0.000000
v -0.004843 0.010300 0.000000
v -0.006900 -0.008243 -0.000000
v -0.002969 -0.000427 0.000000
v -0.002729 -0.001246 -0.000000
v -0.002267 -0.001965 0.000000
v -0.001622 -0.002524 -0.000000
v -0.003483 0.010300 0.000000
v -0.001255 0.010325 0.000000
v -0.002729 0.001246 0.000000
v -0.002969 0.000427 -0.000000
v -0.003224 -0.010396 -0.000000
v -0.004843 -0.010300 -0.000000
v -0.004825 -0.010300 0.009500
v -0.004725 -0.010400 0.032500
v -0.006900 -0.008243 0.042000
v -0.004843 -0.010300 0.042000
v -0.006900 0.008243 0.042000
v -0.004843 0.010300 0.009500
v -0.004725 0.010400 0.032500
v -0.004843 0.010300 0.042000
v -0.003483 -0.010300 0.042000
v -0.001512 -0.010637 0.042000
v -0.002729 -0.001246 0.042000
v -0.002969 -0.000427 0.042000
v -0.002969 0.000427 0.042000
v -0.002729 0.001246 0.042000
v -0.002267 0.001965 0.042000
v -0.001622 0.002524 0.042000
v -0.003483 0.010300 0.042000
v -0.003219 -0.010400 0.009500
v -0.003224 -0.010396 0.032500
v -0.003483 0.010300 0.009500
v -0.003483 0.010300 0.032500
v 0.004000 -0.010400 0.018000
v 0.004000 -0.010400 0.024000
v 0.004000 0.010400 0.024000
v 0.004000 0.010400 0.018000
v -0.001376 -0.010396 -0.000000
v -0.001604 -0.010902 -0.000000
v 0.000000 -0.003000 0.000000
v -0.000845 -0.002879 0.000000
v -0.000000 0.003000 0.042000
v -0.001117 0.010300 0.042000
v -0.000845 0.002878 0.042000
v -0.002996 -0.010902 -0.000000
v -0.001381 -0.010400 0.009500
v -0.002996 -0.010902 0.009500
v -0.002996 -0.010902 0.032500
v -0.001381 -0.010400 0.032500
v -0.001117 0.010300 0.009500
v -0.001117 0.010300 0.032500
v -0.001604 -0.010902 0.009500
v -0.003088 -0.010637 0.042000
v -0.001604 -0.010902 0.032500
v -0.003088 0.010637 0.000000
v -0.002996 0.010902 0.009500
v -0.003088 0.010637 0.032500
v -0.001512 0.010637 0.032500
v -0.003088 0.010637 0.042000
v -0.002024 -0.011260 0.032500
v -0.001782 -0.011118 0.042000
v -0.002818 -0.011118 0.042000
v -0.001512 0.010637 0.009500
v -0.001782 0.011118 0.009500
v -0.002576 0.011260 0.009500
v -0.001512 0.010637 0.042000
v -0.002818 0.011118 0.042000
v -0.002818 0.011118 -0.000000
v -0.002576 0.011260 0.032500
v -0.002024 -0.011260 0.000000
v -0.002576 -0.011260 0.000000
v -0.002576 -0.011260 0.009500
v -0.002576 -0.011260 0.032500
v -0.002300 0.011309 0.042000
v -0.002267 -0.001965 0.042000
v -0.002267 0.001965 -0.000000
v -0.002300 -0.011309 0.042000
v -0.002300 0.011309 -0.000000
v -0.002024 -0.011260 0.009500
v -0.001604 0.010902 0.000000
v -0.001782 0.011118 0.032500
v -0.001622 -0.002524 0.042000
v -0.001622 0.002524 0.000000
v -0.001782 0.011118 0.042000
v -0.000845 -0.002879 0.042000
v -0.000845 0.002878 -0.000000
v 0.004514 -0.010400 0.009500
v 0.004514 -0.010400 0.018000
v 0.004569 -0.010300 0.032500
v 0.004514 0.010400 0.009500
v 0.004514 0.010400 0.032500
v 0.004514 0.010400 0.024000
v 0.000845 -0.002879 0.000000
v 0.001622 -0.002524 -0.000000
v -0.001117 -0.010300 0.042000
v 0.000000 -0.003000 0.042000
v -0.000000 0.003000 -0.000000
v 0.000845 0.002878 0.042000
v 0.001622 0.002524 0.042000
v 0.004569 -0.010300 -0.000000
v 0.004569 -0.010300 0.042000
v 0.000845 -0.002879 0.042000
v 0.004569 0.010300 0.000000
v 0.000845 0.002878 -0.000000
v 0.004569 0.010300 0.042000
v 0.000420 -0.008736 0.020732
v 0.000420 -0.008392 0.020321
v -0.000032 -0.008000 0.021000
v 0.000420 -0.007864 0.020228
v 0.000420 -0.007400 0.020496
v 0.000420 -0.007217 0.021000
v 0.000420 -0.007400 0.021504
v 0.000420 -0.008136 0.021772
v 0.000420 -0.008736 0.021268
v 0.000420 0.007264 0.020732
v 0.000420 0.007608 0.020321
v -0.000032 0.008000 0.021000
v 0.000420 0.008392 0.020321
v 0.000420 0.008783 0.021000
v 0.000420 0.008600 0.021504
v 0.000420 0.008136 0.021772
v 0.000420 0.007608 0.021679
v 0.000420 0.007264 0.021268
v 0.000800 -0.007230 0.014000
v 0.000800 -0.006942 0.013210
v 0.000090 -0.006000 0.014000
v 0.000800 -0.006214 0.012789
v 0.000800 -0.005385 0.012935
v 0.000800 -0.004845 0.013579
v 0.000800 -0.004845 0.014420
v 0.000800 -0.005385 0.015065
v 0.000800 -0.006214 0.015211
v 0.000800 -0.006942 0.014790
v 0.000800 -0.006942 0.027210
v 0.000800 -0.006214 0.026789
v 0.000090 -0.006000 0.028000
v 0.000800 -0.007155 0.028420
v 0.000800 -0.005385 0.026935
v 0.000800 -0.004845 0.027579
v 0.000800 -0.005058 0.028790
v 0.000800 -0.005787 0.029211
v 0.000800 -0.006615 0.029065
v 0.000800 0.004845 0.013579
v 0.000800 0.005786 0.012789
v 0.000090 0.006000 0.014000
v 0.000800 0.006615 0.012935
v 0.000800 0.007229 0.014000
v 0.000800 0.006615 0.015065
v 0.000800 0.005786 0.015211
v 0.000800 0.005058 0.014790
v 0.000800 0.005058 0.027210
v 0.000800 0.005786 0.026789
v 0.000090 0.006000 0.028000
v 0.000800 0.004770 0.028000
v 0.000800 0.006615 0.026935
v 0.000800 0.007155 0.027579
v 0.000800 0.006942 0.028790
v 0.000800 0.005786 0.029211
v 0.000800 0.005058 0.028790
v 0.003533 -0.008784 0.021000
v 0.003533 -0.008600 0.020496
v 0.003533 -0.008600 0.021504
v 0.003533 -0.008136 0.020228
v 0.003533 -0.008136 0.021772
v 0.003533 -0.007608 0.021679
v 0.003533 -0.007608 0.020321
v 0.003533 -0.007217 0.021000
v 0.003533 0.007264 0.021268
v 0.003533 0.007264 0.020732
v 0.003533 0.007608 0.020321
v 0.003533 0.007864 0.021772
v 0.003533 0.008136 0.020228
v 0.003533 0.008392 0.021679
v 0.003533 0.008600 0.020496
v 0.003533 0.008783 0.021000
v 0.001622 -0.002524 0.042000
v 0.001622 0.002524 0.000000
v 0.002267 -0.001965 0.000000
v 0.002267 -0.001965 0.042000
v 0.002267 0.001965 -0.000000
v 0.002267 0.001965 0.042000
v 0.002729 -0.001246 -0.000000
v 0.002729 -0.001246 0.042000
v 0.002729 0.001246 0.000000
v 0.002729 0.001246 0.042000
v 0.002969 -0.000427 0.000000
v 0.002969 -0.000427 0.042000
v 0.002969 0.000427 -0.000000
v 0.002969 0.000427 0.042000
v 0.004000 -0.009250 0.021000
v 0.004000 -0.008958 0.020196
v 0.004000 -0.008958 0.021803
v 0.004000 -0.007783 0.022231
v 0.004000 -0.008217 0.019769
v 0.004000 -0.007375 0.019917
v 0.004000 -0.007043 0.021803
v 0.004000 -0.006825 0.020572
v 0.004000 0.006825 0.020572
v 0.004000 0.006825 0.021427
v 0.004000 0.007375 0.022083
v 0.004000 0.007375 0.019917
v 0.004000 0.008217 0.019769
v 0.004000 0.008625 0.022083
v 0.004000 0.008957 0.020196
v 0.004000 0.009250 0.021000
v 0.004000 -0.005507 0.018000
v 0.005000 -0.009914 0.024000
v 0.004514 -0.010400 0.024000
v 0.004000 -0.005507 0.024000
v 0.004000 -0.004662 0.023878
v 0.004000 -0.004662 0.018121
v 0.004000 -0.003885 0.018476
v 0.004000 -0.003885 0.023524
v 0.004000 -0.003240 0.019035
v 0.004000 -0.002778 0.019754
v 0.004000 -0.002778 0.022246
v 0.004000 -0.003240 0.022965
v 0.004000 -0.002538 0.020573
v 0.004000 -0.002538 0.021427
v 0.005000 -0.005507 0.018000
v 0.005000 -0.005507 0.024000
v 0.005000 -0.004662 0.023878
v 0.005000 -0.004662 0.018121
v 0.005000 -0.003885 0.023524
v 0.005000 -0.003240 0.022965
v 0.005000 -0.003885 0.018476
v 0.005000 -0.003240 0.019035
v 0.005000 -0.002778 0.022246
v 0.005000 -0.002778 0.019754
v 0.005000 -0.002538 0.021427
v 0.005000 -0.002538 0.020573
v 0.004000 0.002538 0.021427
v 0.004000 0.002538 0.020573
v 0.004000 0.002778 0.019754
v 0.005000 0.002538 0.020573
v 0.005000 0.002538 0.021427
v 0.004000 0.002778 0.022246
v 0.005000 0.002778 0.022246
v 0.004000 0.003240 0.019035
v 0.005000 0.002778 0.019754
v 0.004000 0.003240 0.022965
v 0.005000 0.003240 0.022965
v 0.004000 0.003885 0.018476
v 0.005000 0.003240 0.019035
v 0.004000 0.003885 0.023524
v 0.005000 0.003885 0.023524
v 0.004000 0.004662 0.018121
v 0.005000 0.003885 0.018476
v 0.004000 0.004662 0.023878
v 0.005000 0.004662 0.023878
v 0.004000 0.005507 0.018000
v 0.005000 0.004662 0.018121
v 0.004000 0.005507 0.024000
v 0.005000 0.005507 0.024000
v 0.005000 0.009914 0.018000
v 0.005000 0.005507 0.018000
v 0.004514 0.010400 0.018000
v 0.005000 -0.009914 0.018000
v 0.005000 -0.009914 0.032500
v 0.005000 0.009914 0.024000
v 0.005000 0.009914 0.032500
vn 0.0000 0.0000 -1.0000
vn -1.0000 -0.0000 0.0000
vn -0.9294 -0.3675 0.0348
vn -0.4988 0.8545 -0.1450
vn -0.8677 -0.4902 0.0832
vn -0.8769 0.4651 -0.1211
vn -0.9995 -0.0307 0.0080
vn -0.8611 0.3411 -0.3771
vn 0.0000 -1.0000 0.0000
vn -0.9997 -0.0000 0.0234
vn -0.8729 -0.4857 -0.0460
vn 0.0000 0.0000 1.0000
vn 0.0305 0.6046 -0.7960
vn -0.0078 1.0000 0.0000
vn 0.0253 0.7150 0.6987
vn 0.0473 0.9899 0.1335
vn -0.9678 -0.1929 0.1619
vn 0.0341 0.7656 -0.6424
vn -0.0154 0.6427 0.7659
vn 0.0305 -0.3871 0.9215
vn 0.3294 0.7638 -0.5550
vn 0.0305 0.8889 -0.4571
vn 0.0305 0.6789 0.7336
vn -0.9003 -0.3521 0.2559
vn 0.0305 -0.6789 -0.7336
vn -0.0078 0.1736 -0.9848
vn -0.8890 -0.0964 0.4475
vn -0.1520 0.2081 -0.9662
vn -0.8883 -0.1240 0.4422
vn -0.8403 0.1464 -0.5220
vn -0.9995 -0.0292 -0.0106
vn -0.0406 -0.9036 0.4264
vn 0.5362 -0.2056 0.8187
vn 0.0341 -0.1735 0.9842
vn 0.0305 0.0485 0.9984
vn -0.9998 0.0104 0.0179
vn 0.0122 -0.5000 -0.8660
vn 0.0314 -0.6425 -0.7657
vn -0.9018 0.1053 -0.4191
vn -0.0078 -0.7660 0.6428
vn 0.0305 -0.9748 -0.2212
vn -0.9353 0.0525 -0.3500
vn -0.9994 0.0322 -0.0096
vn -0.9997 0.0000 0.0241
vn 0.0253 -0.7150 -0.6987
vn -0.6980 -0.1062 0.7082
vn 0.0305 -0.6045 0.7960
vn -0.0078 -1.0000 0.0000
vn -0.9848 0.0000 0.1737
vn -0.0000 1.0000 -0.0000
vn -0.9848 0.0000 0.1736
vn -0.0406 0.8211 0.5693
vn 0.0208 0.9846 -0.1736
vn 0.0417 0.9389 0.3417
vn 0.0305 0.2959 -0.9547
vn 0.0305 0.9916 -0.1256
vn -0.0000 0.7661 0.6428
vn -0.0078 0.5000 -0.8660
vn -0.9564 -0.2798 -0.0835
vn 0.0000 0.1736 0.9848
vn 0.0362 -0.2443 0.9690
vn -0.0225 0.1736 -0.9846
vn 0.0225 -0.1736 -0.9846
vn -0.8677 0.4902 0.0832
vn 0.0305 0.3871 0.9215
vn -0.4988 -0.8545 -0.1450
vn -0.0406 -0.9950 0.0917
vn -0.9237 -0.3746 0.0805
vn 0.0253 -0.8122 -0.5828
vn -0.8990 0.4355 0.0461
vn 0.0208 -0.6427 0.7659
vn 0.0000 -0.2820 0.9594
vn -0.8990 0.4355 -0.0461
vn 0.0000 -0.2820 -0.9594
vn 0.0287 -0.7657 -0.6425
vn 0.6948 -0.7152 -0.0757
vn 0.0000 -0.8327 -0.5537
vn 0.6948 -0.7152 0.0758
vn 0.0473 -0.8441 0.5341
vn -0.9845 0.1752 0.0000
vn -0.8660 0.0000 0.5000
vn -0.6428 0.0000 0.7660
vn -0.3420 0.0000 0.9397
vn 1.0000 0.0000 0.0000
vn 0.9397 0.0000 0.3420
vn 0.9397 0.0000 -0.3420
vn 0.7660 0.0000 0.6428
vn 0.7661 0.0000 0.6427
vn 0.7660 0.0000 -0.6428
vn 0.7661 0.0000 -0.6428
vn 0.5000 0.0000 0.8660
vn 0.5000 0.0000 -0.8660
vn 0.1736 0.0000 0.9848
vn 0.1736 0.0000 -0.9848
vn -0.1736 -0.0000 0.9848
vn -0.1736 -0.0000 -0.9848
vn -0.5000 -0.0000 0.8660
vn -0.5000 -0.0000 -0.8660
vn -0.7661 -0.0000 0.6428
vn -0.7660 -0.0000 0.6428
vn -0.7660 -0.0000 -0.6428
vn -0.7661 -0.0000 -0.6428
vn 0.3420 0.0000 0.9397
vn -0.9395 0.0182 0.3420
vn -0.9109 -0.0000 0.4127
vn -0.9109 -0.0000 -0.4127
vn -0.9395 0.0182 -0.3420
vn 0.0020 -0.1508 0.9886
vn -0.9395 -0.0182 0.3420
vn -0.9395 -0.0182 -0.3420
vn -0.0158 0.4199 -0.9074
vn -0.0000 0.3420 -0.9397
vn 0.0652 0.4326 0.8992
vn 0.0134 -0.5000 0.8659
vn -0.0000 -0.4230 0.9061
vn 0.0109 -0.4244 -0.9054
vn -0.0000 -0.5000 -0.8660
vn 0.0097 0.9305 0.3661
vn -0.9989 -0.0461 0.0000
vn -0.9989 0.0461 0.0000
vn -0.9802 0.0672 -0.1863
vn -0.9875 -0.0174 0.1567
vn -0.9802 -0.0672 0.1863
vn -0.9875 0.0174 -0.1567
vn -0.0000 -0.9397 -0.3420
vn 0.0000 0.9397 -0.3420
vn 0.0000 -0.9397 0.3420
vn 0.0114 0.9402 0.3403
vn -0.0228 0.9846 -0.1736
vn -0.1564 -0.0000 -0.9877
vn 0.0000 -0.1737 0.9848
vn -0.0000 -0.1737 -0.9848
vn 0.0000 -0.5000 0.8660
vn 0.0000 -0.7660 0.6428
vn 0.0000 -0.7660 -0.6428
vn -0.0000 0.9397 0.3420
vn 0.0000 0.7660 0.6428
vn 0.0000 0.7660 -0.6428
vn 0.0000 0.5000 0.8660
vn 0.0000 0.5000 -0.8660
vn -0.0000 0.1737 0.9848
vn 0.0000 0.1737 -0.9848
vn 0.6428 0.0000 0.7660
vn -0.4540 -0.0000 -0.8910
vn 0.8660 0.0000 0.5000
vn -0.7071 0.0000 -0.7071
vn 0.9843 -0.0306 0.1736
vn 0.9174 0.2588 0.3024
vn 0.9974 -0.0246 0.0677
vn 0.9942 0.0000 0.1076
vn 0.9976 0.0343 0.0595
vn 0.9798 -0.1003 0.1728
vn 0.8289 0.5509 -0.0971
vn 0.9781 -0.1956 -0.0712
vn 0.9111 0.0805 -0.4042
vn -0.0171 -0.9998 -0.0028
vn -0.8725 -0.4408 0.2106
vn -0.1853 0.8390 -0.5117
vn -0.9132 -0.3480 0.2122
vn -0.8771 0.3415 -0.3376
vn -0.3372 -0.6001 0.7254
vn -0.9050 0.0978 -0.4140
vn -0.9959 0.0067 -0.0903
vn -0.5451 -0.1928 0.8159
vn -0.9017 0.0795 -0.4250
vn -0.6265 0.7729 0.1005
vn -0.9070 -0.4191 -0.0411
vn -0.8426 -0.5273 -0.1098
vn -0.8751 0.4558 0.1627
vn -0.8949 -0.4320 -0.1116
vn -0.4650 0.8572 0.2214
vn -0.9997 -0.0000 0.0247
vn -0.5401 -0.7801 -0.3158
vn 0.0000 0.8942 0.4477
vn 0.0976 0.9801 -0.1728
vn 0.0904 0.9077 -0.4098
vn -0.7444 -0.6645 -0.0658
vn 0.0950 0.7990 -0.5938
vn 0.0285 0.9844 -0.1736
vn 0.0226 0.7803 0.6250
vn 0.0000 0.9848 0.1736
vn 0.0000 0.3972 0.9177
vn 0.0904 0.4319 -0.8974
vn 0.0000 0.8660 -0.5000
vn 0.4082 0.9097 0.0764
vn 0.0976 0.9801 0.1728
vn 0.0904 0.9931 -0.0747
vn 0.0226 0.9995 -0.0228
vn 0.0976 0.8619 -0.4976
vn 0.0976 0.8619 0.4976
vn 0.0950 0.9137 0.3951
vn -0.0000 0.9728 -0.2318
vn 0.0976 0.6397 -0.7624
vn -0.9131 -0.4063 -0.0341
vn -0.0000 0.8660 0.5000
vn 0.0000 0.0593 0.9982
vn 0.0950 0.2304 -0.9684
vn 0.0285 0.6425 -0.7657
vn 0.0285 0.6425 0.7657
vn 0.0285 0.3419 0.9393
vn 0.0290 0.1673 -0.9855
vn -0.7790 0.6270 0.0010
vn 0.0976 0.6397 0.7624
vn 0.0904 0.8087 0.5812
vn 0.0000 0.8348 -0.5505
vn 0.0976 0.3404 -0.9352
vn 0.0226 -0.4800 0.8770
vn -0.8683 -0.4960 -0.0008
vn 0.0950 -0.4460 -0.8900
vn 0.0285 0.0000 -0.9996
vn -0.8760 -0.4823 0.0000
vn -0.0000 0.3420 0.9397
vn 0.0000 -0.5962 0.8028
vn 0.0290 -0.1799 -0.9833
vn -0.8545 -0.0385 0.5181
vn 0.6874 -0.1027 0.7190
vn 0.0976 0.0000 0.9952
vn 0.0904 0.2460 0.9651
vn -0.7908 0.4643 -0.3987
vn -0.9998 0.0156 0.0090
vn -0.9997 0.0263 -0.0000
vn 0.0226 0.1511 -0.9883
vn 0.0976 -0.3404 -0.9352
vn -0.9997 0.0263 -0.0002
vn 0.5051 -0.1140 0.8555
vn 0.0950 0.1147 0.9888
vn 0.0950 -0.7235 -0.6838
vn 0.0285 -0.3419 -0.9393
vn -0.9032 0.0607 -0.4249
vn 0.0000 -0.3420 0.9397
vn 0.0000 -0.9728 0.2318
vn -0.8699 -0.3742 0.3214
vn 0.0950 -0.9137 -0.3951
vn 0.0285 -0.6425 -0.7657
vn 0.0285 -0.3419 0.9393
vn 0.0285 -0.6425 0.7657
vn -0.8280 0.3344 -0.4501
vn 0.0226 -0.1960 -0.9803
vn 0.0976 -0.6397 -0.7624
vn -0.6105 -0.0481 0.7905
vn 0.0976 -0.6397 0.7624
vn 0.0904 -0.4319 0.8974
vn 0.6232 -0.5624 0.5434
vn -0.8578 0.3746 -0.3519
vn -0.6684 -0.0000 -0.7438
vn -0.8742 -0.3682 0.3166
vn -0.9086 0.3166 -0.2723
vn -0.3717 -0.6766 0.6356
vn -0.9993 0.0275 -0.0266
vn -0.8829 -0.0000 0.4695
vn 0.0000 -0.3972 -0.9177
vn 0.0976 -0.8619 -0.4976
vn -0.8941 0.0459 -0.4454
vn 0.0226 -0.9995 0.0228
vn -0.8520 -0.3123 0.4203
vn 0.0950 -0.9937 -0.0588
vn 0.0285 -0.8657 -0.4998
vn -0.9013 0.0263 -0.4324
vn 0.0000 -0.8660 0.5000
vn 0.0000 -0.8942 -0.4477
vn -0.8965 -0.0000 0.4431
vn 0.0904 -0.9077 0.4098
vn 0.0000 -0.9848 -0.1736
vn -0.8410 -0.0000 0.5410
vn 0.0976 -0.8619 0.4976
vn 0.0950 -0.7990 0.5938
vn -0.9995 0.0281 -0.0127
vn -0.8522 0.0318 -0.5222
vn -0.6343 0.0288 -0.7726
vn -0.9089 -0.0156 0.4167
vn 0.0226 -0.7803 -0.6250
vn 0.0976 -0.9801 -0.1728
vn -0.9996 0.0292 0.0002
vn 0.0976 -0.9801 0.1728
vn 0.0285 -0.9844 0.1736
vn 0.9978 0.0000 0.0668
vn 0.9275 0.3431 -0.1486
vn 0.9877 0.0000 0.1564
vn 0.8676 0.2646 0.4210
vn 0.9983 -0.0295 0.0511
vn 0.9856 -0.1690 0.0000
vn 0.9781 -0.1956 0.0712
vn -0.0000 1.0000 0.0064
vn 0.0290 0.9996 -0.0064
vn 0.0904 0.9931 -0.0746
vn -0.0000 0.9848 0.1737
vn 0.0226 0.9314 -0.3633
vn -0.8949 -0.4442 0.0428
vn 0.0950 -0.1147 -0.9888
vn 0.0285 0.3419 -0.9393
vn -0.9133 -0.3712 0.1679
vn 0.0904 -0.2460 -0.9651
vn -0.9059 -0.2390 -0.3497
vn -0.8552 0.5160 -0.0497
vn 0.0226 0.4800 -0.8770
vn 0.0976 0.0000 -0.9952
vn -0.7826 0.5863 -0.2093
vn 0.0000 0.5962 -0.8028
vn -0.7572 0.4583 0.4653
vn -0.8514 0.5221 -0.0500
vn -0.8362 -0.5422 0.0827
vn -0.9602 0.2761 -0.0421
vn 0.6446 -0.7610 0.0728
vn 0.0290 -0.5053 -0.8624
vn 0.0000 -0.3420 -0.9397
vn 0.0290 -0.4942 0.8689
vn -0.8948 0.4435 -0.0505
vn 0.0226 -0.9314 0.3633
vn -0.7747 -0.6050 0.1838
vn -0.7682 -0.5001 -0.3997
vn 0.0000 -0.6428 0.7660
vn 0.0000 -0.9934 -0.1149
vn -0.2430 -0.9638 0.1098
vn 0.0950 -0.5478 0.8312
vn -0.8861 0.4521 -0.1019
vn 0.0226 -0.5195 -0.8542
vn -0.8817 0.4124 0.2291
vn 0.3377 -0.8228 -0.4571
vn -0.9955 0.0947 0.0000
vn 0.0285 -0.8657 0.4998
vn 0.0226 -0.9470 -0.3204
vn 0.2260 -0.9503 0.2143
vn 0.0950 -0.9539 0.2847
vn 0.0285 -0.9844 -0.1736
vn 0.8910 0.0000 0.4540
vn -0.8910 -0.0000 -0.4540
vn 0.7071 0.0000 0.7071
vn 0.0000 -0.1564 0.9877
vn 0.0000 -0.4540 0.8910
vn 0.0000 -0.7071 0.7071
vn 0.0000 -0.8910 0.4540
vn 0.0000 -0.9877 0.1564
vn -0.9701 0.2425 -0.0065
vn 0.0000 0.9877 0.1564
vn 0.0000 0.8910 0.4540
vn 0.0000 0.7071 0.7071
vn 0.0000 0.4540 0.8910
vn -0.0000 0.1564 0.9877
vn 0.4540 0.0000 0.8910
vn -0.9877 -0.0000 -0.1564
vn -0.9995 -0.0322 0.0038
vn -0.9999 0.0000 0.0107
vn -0.9690 0.2423 0.0485
vn 0.1564 0.0000 0.9877
vn 0.7017 0.7017 -0.1237
vn 0.7017 0.7017 0.1237
vn 0.7017 0.6170 0.3563
vn 0.7017 0.6170 -0.3563
vn 0.7017 0.6170 -0.3562
vn 0.7017 0.6170 0.3562
vn 0.7017 0.4580 0.5458
vn 0.7017 0.4580 -0.5458
vn 0.7017 0.2437 0.6695
vn 0.7017 0.2437 -0.6695
vn 0.7017 0.0000 0.7125
vn 0.7017 0.0000 -0.7125
vn 0.7017 -0.2437 0.6695
vn 0.7017 -0.2437 -0.6695
vn 0.7017 -0.4580 0.5458
vn 0.7017 -0.4580 -0.5458
vn 0.7017 -0.6170 0.3562
vn 0.7017 -0.6170 -0.3563
vn 0.7017 -0.6170 -0.3562
vn 0.7017 -0.7017 0.1237
vn 0.7017 -0.7017 -0.1237
vn 0.7017 -0.6170 0.3563
vn 0.0000 -0.1564 -0.9877
vn 0.0000 -0.4540 -0.8910
vn 0.0000 -0.7071 -0.7071
vn 0.0000 -0.8910 -0.4540
vn -0.0122 -0.9876 -0.1564
vn -0.0000 -0.9912 -0.1321
vn 0.9744 0.0000 -0.2249
vn 0.9733 0.0200 -0.2287
vn -0.0000 0.9877 -0.1564
vn 0.0000 0.8910 -0.4540
vn 0.0000 0.7071 -0.7071
vn -0.0000 0.4540 -0.8910
vn 0.0000 0.1564 -0.9877
vn -0.2805 0.9598 0.0065
vn -0.0337 0.9994 0.0000
vn -0.3501 -0.9367 0.0081
vn -0.9999 -0.0000 0.0112
vn -0.9974 -0.0680 0.0230
vn -0.0830 -0.9966 0.0000
vn 0.0000 -0.9985 -0.0540
vn -0.0561 -0.9984 0.0000
vn -0.0561 -0.9983 0.0175
vn -0.0561 0.9983 -0.0175
vn -0.0830 0.9966 0.0000
vn -0.0184 0.9998 -0.0110
vn -0.8458 -0.5335 -0.0050
vn -0.8764 0.4815 -0.0013
vn 0.0001 0.0000 1.0000
vn -0.8850 0.4656 -0.0009
vn -0.7841 -0.6207 -0.0068
vn 0.6126 0.7904 0.0034
vn 0.6912 0.7226 0.0005
vn 0.6126 -0.7904 0.0106
vn 0.8168 -0.5769 0.0040
vn 0.3501 -0.9367 -0.0081
vn 0.3501 0.9367 -0.0025
vn 0.2805 0.9598 0.0000
vn -0.2948 -0.9555 0.0068
vn 0.9601 0.1380 0.2433
vn 0.9035 0.4126 0.1158
vn 0.9553 0.2317 0.1835
vn 0.9096 0.4154 0.0000
vn 0.9448 -0.3270 0.0212
vn 0.9742 -0.1401 0.1771
vn 0.8007 0.5702 -0.1835
vn 0.9965 -0.0475 0.0691
vn 0.9450 -0.3271 0.0000
vn 0.9152 -0.3966 0.0717
vn -0.9991 0.0416 -0.0107
vn 0.8347 -0.5365 0.1243
vn 0.9592 -0.2327 0.1608
vn 0.8520 0.4919 0.1790
vn 0.8321 0.1897 0.5212
vn 0.8520 -0.4919 0.1790
vn 0.8520 -0.2617 0.4534
vn 0.8520 -0.4919 -0.1790
vn 0.8321 -0.1897 -0.5212
vn 0.8520 0.4919 -0.1790
vn 0.8520 0.2617 -0.4533
vn 0.8520 0.2617 0.4534
vn 0.8520 -0.0909 0.5155
vn 0.8520 -0.4010 0.3365
vn 0.8520 -0.4010 -0.3365
vn 0.8520 -0.5235 0.0000
vn 0.8520 0.2617 -0.4534
vn 0.8520 -0.0909 -0.5155
vn -0.0001 0.0000 -1.0000
vn 0.6253 0.7217 0.2969
vn 0.8543 -0.4932 0.1644
vn 0.7557 -0.6549 0.0000
vn 0.6097 -0.7754 0.1644
vn 0.5321 0.8280 -0.1771
vn 0.7558 0.6548 0.0000
vn 0.5391 0.8040 -0.2510
vn 0.7542 -0.6535 -0.0632
vn 0.7539 -0.6532 -0.0707
vn -0.0476 -0.9989 0.0000
vn -0.0458 0.9990 0.0000
vn -0.0457 0.9838 0.1735
vn 0.0232 0.9394 -0.3419
vn 0.0232 0.4999 -0.8658
vn -0.0232 0.7658 -0.6426
vn 0.0668 0.4989 0.8641
vn -0.0232 0.1736 -0.9845
vn 0.0457 -0.3417 -0.9387
vn -0.0232 -0.1736 0.9845
vn 0.0232 -0.4998 0.8658
vn -0.0668 -0.9376 0.3413
vn 0.0667 -0.7643 0.6414
vn -0.0667 -0.9376 -0.3412
vn -0.0457 0.3416 0.9387
vn 0.0232 -0.1736 0.9845
vn -0.0667 -0.1733 -0.9826
vn 0.0232 -0.7658 -0.6426
vn -0.0232 -0.4999 0.8658
vn 0.0232 -0.7658 0.6426
vn 0.0232 -0.9997 0.0000
vn -0.0232 -0.9394 -0.3419
vn -0.0232 -0.9394 0.3419
vn 0.5321 0.8280 0.1771
vn 0.5406 0.8413 0.0000
vn 0.6901 0.7237 0.0000
vn 0.4122 -0.9026 0.1243
vn 0.5393 -0.8391 0.0707
vn -0.1893 0.9819 0.0000
vn 0.2773 -0.9443 0.1771
vn 0.4583 -0.8888 0.0000
vn 0.0950 0.9953 -0.0212
vn 0.4520 -0.8767 0.1644
vn -0.1893 -0.9819 0.0000
vn 0.0191 -0.9808 -0.1943
vn 0.1482 0.9890 0.0000
vn 0.0404 0.9830 0.1790
vn 0.3014 0.9535 0.0000
vn 0.0401 0.9762 0.2130
vn 0.0000 -0.9842 -0.1771
vn 0.1893 -0.9819 0.0000
vn 0.2817 0.9595 0.0000
vn 0.4520 0.8767 -0.1644
vn 0.1138 -0.9765 0.1831
vn 0.0337 0.9994 0.0000
vn 0.1158 0.9933 0.0000
vn 0.1215 0.9925 -0.0094
vn 0.1412 -0.9821 0.1243
vn -0.2773 -0.9443 0.1771
vn -0.4583 -0.8888 0.0000
vn 0.3014 -0.9535 0.0000
vn 0.7071 -0.7071 0.0000
vn 0.9711 0.0707 -0.2279
vn 0.7005 -0.7005 0.1365
vn 0.9376 0.3477 0.0000
vn -0.0749 0.9449 -0.3187
vn 0.7071 0.7071 0.0000
vn -0.3014 -0.9535 0.0000
vn 0.5407 -0.8412 0.0000
vn 0.5241 0.8516 0.0000
vn 0.4558 0.8840 0.1043
vn 0.2817 -0.9595 0.0000
vn 0.4554 -0.7086 -0.5391
vn 0.9974 0.0726 0.0000
vn 0.5406 -0.8413 0.0000
vn 0.7542 0.6536 -0.0632
vn 0.6498 -0.7499 0.1243
vn 0.7557 0.6549 0.0000
vn 0.5316 0.8272 0.1817
vn 0.6549 0.7557 0.0000
vn 0.7558 -0.6549 0.0000
vn 0.7558 0.6549 0.0000
vn 0.9924 -0.0722 0.0998
vn 0.9096 -0.4154 0.0000
vn 0.0001 0.0000 -1.0000
vn 0.9520 0.2795 0.1243
vn 0.9898 0.1423 0.0000
vn 0.0002 0.0000 1.0000
vn 0.9078 -0.4146 -0.0632
vn 0.9078 0.4146 -0.0632
vn 0.8593 -0.3918 0.3288
vn 0.8818 -0.4645 -0.0819
vn 0.8593 0.4806 -0.1749
vn 0.8593 0.2557 -0.4429
vn 0.8818 0.1613 0.4432
vn 0.8818 -0.1613 -0.4432
vn 0.8593 -0.2557 0.4429
vn 0.9922 0.0000 0.1243
vn 0.9898 -0.1423 0.0000
vn 0.9956 0.0000 -0.0933
vn 0.9662 -0.1035 0.2362
vn -0.0001 0.0000 1.0000
vn 0.9943 0.0000 0.1064
vn 0.9334 0.1440 -0.3286
vn 0.9814 -0.1514 0.1183
vn 0.0002 0.0000 -1.0000
vn 0.9999 -0.0080 -0.0139
vn 0.9998 0.0032 -0.0181
vn 0.9999 -0.0070 -0.0133
vn 0.9993 -0.0360 -0.0064
vn 0.9978 -0.0659 0.0000
vn 0.9998 -0.0143 0.0120
vn 0.8263 0.2669 0.4960
vn 1.0000 -0.0070 0.0035
vn 0.9999 -0.0028 0.0157
vn 0.9995 -0.0315 0.0033
vn 0.6467 -0.3533 -0.6760
vn 0.9975 -0.0351 -0.0609
vn 0.8322 0.2805 0.4783
vn 0.9970 -0.0389 -0.0664
vn 0.8274 -0.0833 -0.5554
vn 0.9063 0.0321 0.4214
vn 0.8545 -0.0394 -0.5179
vn 0.8959 0.0659 0.4393
vn 0.9993 0.0354 0.0129
vn -0.5847 -0.7255 0.3630
vn 0.9560 0.2743 0.1037
vn 0.9018 0.3965 -0.1719
vn 0.8308 -0.5206 -0.1969
vn 0.6311 -0.7117 0.3085
vn 0.6068 0.7675 0.2068
vn 0.9296 0.3560 -0.0959
vn -0.9999 -0.0000 -0.0105
vn -0.7071 -0.7071 0.0013
vn -0.7071 -0.7071 -0.0013
vn -0.9999 -0.0000 0.0105
vn -0.7071 -0.7071 0.0000
vn -0.7099 0.7043 0.0000
vn -0.7071 0.7071 0.0005
vn -0.7071 0.7071 0.0000
vn -0.7099 0.7043 0.0012
vn -0.7071 0.7071 -0.0013
vn -0.0590 -0.9983 0.0001
vn 0.0000 -0.9999 0.0105
vn 0.0000 0.9999 0.0105
vn -0.0621 -0.9981 -0.0004
vn 0.0029 -0.9999 0.0101
vn 0.0802 0.9968 0.0000
vn -0.0072 -1.0000 -0.0043
vn -0.0620 -0.9967 0.0527
vn 0.0029 -1.0000 0.0030
vn -0.0042 1.0000 -0.0043
vn -0.0113 0.9999 0.0000
vn 0.0000 0.9999 -0.0118
vn 0.0800 0.9934 0.0821
vn -0.9120 -0.4103 0.0003
vn -0.9140 -0.4056 0.0000
vn -0.9118 -0.4102 -0.0208
vn -0.0024 -1.0000 -0.0015
vn 0.0000 0.9999 0.0118
vn -0.6488 -0.7608 0.0149
vn -0.6489 0.7609 0.0000
vn -0.7771 0.6293 -0.0100
vn -0.8719 -0.4896 0.0052
vn -0.8719 0.4896 -0.0052
vn -0.8720 0.4896 -0.0000
vn -0.7724 0.6351 -0.0102
vn 0.9595 0.2817 -0.0000
vn 0.9595 -0.2817 0.0000
vn -0.6489 -0.7609 0.0000
vn -0.6489 -0.7609 -0.0052
vn -0.6489 0.7609 0.0052
vn 0.8413 0.5406 -0.0000
vn 0.8413 -0.5406 0.0000
vn -0.3458 -0.9383 0.0052
vn -0.3458 0.9383 -0.0052
vn -0.3458 0.9383 0.0052
vn 0.0000 -1.0000 -0.0052
vn 0.1756 0.9844 0.0102
vn 0.1756 0.9844 -0.0102
vn 0.6549 0.7558 -0.0000
vn 0.6549 -0.7557 0.0000
vn 0.6489 -0.7609 0.0000
vn 0.3458 -0.9383 0.0052
vn 0.5052 0.8630 -0.0102
vn 0.3458 0.9383 -0.0000
vn 0.6489 -0.7609 -0.0052
vn 0.8719 0.4896 0.0052
vn 0.8720 0.4896 -0.0000
vn 0.4154 0.9096 -0.0000
vn 0.4154 -0.9096 0.0000
vn 0.8719 -0.4896 0.0052
vn 0.8557 0.5174 0.0061
vn 0.6489 0.7609 -0.0075
vn 0.6489 0.7609 -0.0000
vn 0.9120 -0.4103 0.0003
vn 0.9140 -0.4056 0.0000
vn 0.9140 -0.4056 0.0024
vn 0.0168 -0.9998 0.0106
vn -0.0178 0.9998 -0.0011
vn -0.0178 0.9998 0.0000
vn 0.6489 -0.7608 -0.0101
vn 0.0161 -0.9999 -0.0004
vn 0.0000 -0.9999 -0.0105
vn 0.0168 -0.9998 0.0101
vn 0.0042 0.9999 -0.0105
vn -0.0178 0.9998 0.0029
vn -0.0178 0.9998 0.0106
vn 0.1423 0.9898 -0.0000
vn 0.1423 -0.9898 0.0000
vn 0.8520 0.4010 0.3365
vn 0.8520 0.0909 0.5155
vn 0.8520 0.5235 0.0000
vn 0.8321 0.3566 -0.4249
vn 0.8321 0.0000 0.5547
vn 0.8320 -0.4804 0.2774
vn 0.8520 0.0909 -0.5155
vn 0.8520 -0.2617 -0.4534
vn 0.8520 0.4010 -0.3365
vn -0.1423 0.9898 -0.0000
vn -0.1423 -0.9898 0.0000
vn 0.8320 0.5463 0.0963
vn 0.8321 -0.5463 -0.0963
vn 0.8321 0.3566 0.4249
vn 0.8321 -0.4804 0.2774
vn 0.8321 -0.4804 -0.2773
vn 0.8321 0.5463 -0.0963
vn 0.0152 0.9999 0.0000
vn -0.0152 0.9396 0.3420
vn 0.0152 0.7660 0.6427
vn -0.0152 0.9396 -0.3420
vn 0.0299 0.6425 -0.7657
vn -0.0152 0.4999 0.8659
vn 0.0152 0.1736 0.9847
vn 0.0299 -0.3419 -0.9393
vn -0.0152 -0.1736 0.9847
vn 0.0152 -0.4999 0.8659
vn -0.0299 -0.8656 -0.4998
vn -0.0299 -0.8656 0.4998
vn -0.0437 0.7653 -0.6422
vn 0.0000 0.6428 -0.7660
vn 0.0152 0.1736 -0.9847
vn 0.0437 0.1735 0.9839
vn 0.0152 -0.4999 -0.8659
vn -0.0152 -0.1736 -0.9847
vn -0.0152 -0.4999 0.8659
vn 0.0299 -0.8656 0.4998
vn 0.0371 0.9841 0.1735
vn -0.0189 0.7659 0.6427
vn 0.0189 0.4999 0.8659
vn -0.0543 0.4993 -0.8647
vn 0.0000 0.1736 -0.9848
vn -0.0371 0.3418 0.9390
vn 0.0189 -0.1736 0.9846
vn 0.0189 -0.1736 -0.9846
vn -0.0189 0.1736 0.9846
vn -0.0371 0.0000 -0.9993
vn -0.0189 -0.4999 -0.8659
vn 0.0189 -0.4999 -0.8659
vn -0.0189 -0.4999 0.8659
vn 0.0189 -0.7659 0.6427
vn 0.0189 -0.7659 -0.6427
vn -0.0371 -0.6423 0.7655
vn -0.0189 -0.7659 -0.6427
vn 0.0189 -0.9998 0.0000
vn -0.0189 -0.9395 -0.3420
vn 0.0543 -0.9985 -0.0000
vn -0.0189 -0.9395 0.3420
vn -0.0000 0.9848 -0.1736
vn 0.0643 0.9979 0.0064
vn 0.0604 0.9380 0.3414
vn 0.1329 0.9911 -0.0064
vn 0.1442 0.4507 -0.8810
vn -0.0000 0.6428 0.7660
vn 0.0180 0.5072 0.8616
vn 0.0543 0.7649 0.6418
vn 0.0000 -0.1736 -0.9848
vn 0.0371 -0.8654 0.4997
vn 0.0371 -0.8654 -0.4997
vn -0.0189 -0.9998 0.0000
vn 0.0371 -0.9841 -0.1735
vn -0.4154 0.9096 -0.0000
vn -0.4154 -0.9096 0.0000
vn -0.6549 0.7557 -0.0000
vn -0.6549 -0.7557 0.0000
vn -0.8413 0.5406 -0.0000
vn -0.8413 -0.5406 0.0000
vn -0.9595 0.2817 -0.0000
vn -0.9595 -0.2817 0.0000
vn 0.6848 0.6848 0.2492
vn 0.6848 0.6848 -0.2492
vn 0.6848 0.3644 0.6311
vn 0.4286 0.4517 -0.7824
vn 0.6547 0.2585 -0.7103
vn 0.6848 -0.1265 0.7177
vn 0.4286 -0.1569 -0.8898
vn 0.7763 -0.3152 -0.5460
vn 0.6547 -0.6547 0.3780
vn 0.7641 -0.5587 -0.3226
vn 0.7763 -0.4829 0.4052
vn 0.5546 -0.8195 -0.1445
vn 0.6848 0.7287 0.0000
vn 0.6848 0.5582 0.4684
vn 0.7641 0.4147 -0.4942
vn 0.6848 0.5582 -0.4684
vn 0.6848 0.1265 0.7177
vn 0.5546 0.0000 -0.8321
vn 0.6848 -0.1265 -0.7177
vn 0.6848 -0.3644 0.6311
vn 0.6547 -0.6547 -0.3780
vn 0.6848 -0.6848 0.2492
vn 0.0000 -0.9999 0.0118
vn 0.0000 -0.1423 0.9898
vn 0.0000 -0.1423 -0.9898
vn 0.0000 -0.4154 0.9096
vn 0.0000 -0.4154 -0.9096
vn 0.0000 -0.6549 -0.7557
vn 0.0000 -0.6549 0.7557
vn 0.0000 -0.8413 0.5406
vn 0.0000 -0.8413 -0.5406
vn 0.0000 -0.9595 0.2817
vn 0.0000 -0.9595 -0.2817
vn 0.0000 0.9595 0.2817
vn 0.0000 0.9595 -0.2817
vn 0.0000 0.8413 0.5406
vn 0.0000 0.8413 -0.5406
vn 0.0000 0.6549 0.7557
vn 0.0000 0.6549 -0.7558
vn 0.0000 0.4154 0.9096
vn 0.0000 0.4154 -0.9096
vn -0.0000 0.1423 0.9898
vn -0.0000 0.1423 -0.9898
vn 0.6672 -0.7448 0.0044
vn 0.6357 0.7719 0.0000
vn 0.7071 0.7071 0.0071
vn 0.7866 0.6174 0.0000
vn 0.8543 0.4884 0.1778
vn 0.8543 0.4884 -0.1778
vn 0.8543 0.3981 0.3341
vn 0.7866 0.4730 -0.3969
vn 0.8362 0.1876 0.5154
vn 0.8362 0.1876 -0.5154
vn 0.9014 0.0724 -0.4268
vn 0.8543 0.0902 0.5118
vn 0.8362 0.0000 -0.5484
vn 0.9014 -0.0779 -0.4259
vn 0.7866 -0.3087 -0.5347
vn 0.8543 -0.2599 0.4501
vn 0.8362 -0.3525 0.4201
vn 0.7866 -0.4730 -0.3969
vn 0.8543 -0.4884 0.1778
vn 0.8543 -0.4884 -0.1778
vn 0.7866 -0.6174 -0.0000
vn 0.8838 0.4608 -0.0813
vn 0.7843 0.6204 0.0040
vn 0.8838 0.4052 0.2340
vn 0.7866 0.3087 -0.5347
vn 0.8543 0.2599 -0.4501
vn 0.7866 -0.1072 -0.6080
vn 0.8362 -0.1876 -0.5154
vn 0.9014 -0.2189 -0.3735
vn 0.7866 -0.3087 0.5347
vn 0.9014 -0.2141 0.3763
vn 0.7866 -0.5802 -0.2112
vn 0.7866 -0.5802 0.2112
vn 1.0000 0.0000 0.0058
vn 1.0000 0.0027 -0.0000
vn 1.0000 0.0000 -0.0058
vn 0.9966 0.0000 0.0820
vn 0.8789 0.4214 0.2234
vn 0.3113 -0.7792 -0.5440
vn 0.9115 0.3371 0.2354
vn 0.8964 -0.2849 -0.3394
vn 0.9146 -0.2243 0.3364
vn 0.8700 0.3656 -0.3308
vn 0.7960 -0.4488 0.4061
vn 0.8843 0.3997 -0.2413
vn -0.1918 0.1981 0.9612
vn 0.9966 0.0000 -0.0820
vn 0.8724 0.3850 0.3011
vn 0.9140 -0.2543 -0.3162
vn 0.8168 0.1526 0.5564
vn 0.9146 -0.0816 -0.3961
vn 0.8805 0.4177 0.2241
vn 0.7824 -0.4905 -0.3836
vn 0.8908 0.4353 -0.1300
vn 0.9059 0.4035 0.1283
vn -0.1942 -0.1969 -0.9610
vn 0.8949 -0.4443 -0.0423
vn 0.8949 -0.4443 0.0423
vn 0.7788 -0.1217 -0.6153
vn 0.9146 0.0812 0.3962
vn 0.8765 -0.0370 -0.4800
vn 0.0518 0.1594 0.9859
vn 0.8163 -0.1520 -0.5573
vn 0.8638 0.2679 0.4267
vn 0.8926 -0.0719 -0.4450
vn 0.8861 0.0464 0.4612
vn 0.9013 -0.0263 -0.4324
vn 0.8658 -0.0762 -0.4945
vn 0.9997 -0.0253 0.0022
vn 0.9985 -0.0077 0.0533
vn 0.9993 -0.0153 0.0336
vn 0.9996 -0.0245 0.0157
vn 0.9995 -0.0202 0.0233
vn 0.8147 0.0639 0.5764
vn 0.9994 -0.0308 -0.0178
vn 0.8681 0.0518 0.4937
vn -0.1015 -0.1037 -0.9894
vn 0.8316 -0.0243 -0.5548
vn 0.9143 0.0177 0.4047
vn 0.8589 0.0780 0.5062
vn -0.1147 -0.1095 -0.9873
vn 0.9995 0.0291 -0.0085
vn 0.8888 0.2667 0.3727
vn 0.9994 0.0356 0.0000
vn 0.8866 -0.2861 -0.3635
vn 0.8949 0.4443 -0.0423
vn 0.8908 -0.4353 -0.1300
vn 0.8887 -0.4165 0.1917
vn 0.8606 0.5072 -0.0450
vn 0.0868 -0.6243 0.7763
vn 0.8943 0.2542 -0.3682
vn 0.8633 -0.3731 0.3398
vn 0.8840 0.3035 0.3556
vn 0.8772 0.3415 -0.3376
vn 0.8078 0.4357 -0.3969
vn 0.8946 -0.3629 -0.2607
vn 0.8953 -0.3773 0.2370
vn 0.8843 -0.3997 0.2413
vn 0.4925 0.7068 0.5077
vn 0.8324 -0.4845 -0.2689
usemtl Tilt_Proximal_Linkagemat
s off
f 1//1 2//1 3//1
f 4//1 1//1 3//1
f 5//2 6//2 3//2
f 6//3 7//3 3//3
f 7//4 8//4 3//4
f 8//5 9//5 3//5
f 9//6 10//6 3//6
f 10//7 11//7 3//7
f 11//8 12//8 3//8
f 12//2 4//2 3//2
f 13//9 5//9 3//9
f 2//9 13//9 3//9
f 14//10 15//10 5//10
f 15//11 6//11 5//11
f 16//12 14//12 5//12
f 17//12 16//12 5//12
f 18//9 17//9 5//9
f 13//9 18//9 5//9
f 15//13 19//13 6//13
f 19//14 20//14 6//14
f 20//15 7//15 6//15
f 20//16 8//16 7//16
f 14//10 21//10 15//10
f 21//17 22//17 15//17
f 22//18 23//18 15//18
f 23//18 19//18 15//18
f 20//19 24//19 8//19
f 24//20 9//20 8//20
f 21//21 25//21 22//21
f 25//22 23//22 22//22
f 24//23 10//23 9//23
f 21//24 26//24 25//24
f 26//25 27//25 25//25
f 27//26 23//26 25//26
f 28//27 29//27 10//27
f 30//28 28//28 10//28
f 31//29 30//29 10//29
f 32//30 31//30 10//30
f 29//31 11//31 10//31
f 24//32 32//32 10//32
f 33//33 31//33 32//33
f 24//34 34//34 32//34
f 34//35 33//35 32//35
f 21//36 35//36 26//36
f 35//37 36//37 26//37
f 36//38 27//38 26//38
f 37//39 31//39 33//39
f 34//40 38//40 33//40
f 38//41 37//41 33//41
f 31//42 39//42 35//42
f 40//43 31//43 35//43
f 21//44 40//44 35//44
f 39//45 36//45 35//45
f 39//46 31//46 37//46
f 38//47 39//47 37//47
f 38//48 36//48 39//48
f 41//2 42//2 14//2
f 42//2 21//2 14//2
f 43//9 44//9 14//9
f 45//9 43//9 14//9
f 46//9 45//9 14//9
f 16//9 46//9 14//9
f 44//9 47//9 14//9
f 47//9 48//9 14//9
f 48//9 41//9 14//9
f 49//49 42//49 41//49
f 48//9 50//9 41//9
f 50//9 49//9 41//9
f 51//12 52//12 21//12
f 52//12 40//12 21//12
f 53//50 51//50 21//50
f 54//50 55//50 21//50
f 56//50 53//50 21//50
f 55//50 57//50 21//50
f 57//50 58//50 21//50
f 58//50 56//50 21//50
f 42//50 59//50 21//50
f 59//50 60//50 21//50
f 60//50 54//50 21//50
f 49//51 61//51 42//51
f 61//50 62//50 42//50
f 62//50 59//50 42//50
f 28//52 63//52 29//52
f 63//53 64//53 29//53
f 64//54 11//54 29//54
f 30//55 63//55 28//55
f 64//16 12//16 11//16
f 31//56 63//56 30//56
f 64//57 65//57 12//57
f 66//58 63//58 31//58
f 67//59 4//59 12//59
f 65//60 68//60 12//60
f 68//61 67//61 12//61
f 40//2 69//2 31//2
f 69//62 70//62 31//62
f 70//63 66//63 31//63
f 71//64 4//64 67//64
f 68//65 71//65 67//65
f 72//66 4//66 71//66
f 68//67 72//67 71//67
f 40//68 73//68 69//68
f 73//69 70//69 69//69
f 74//70 4//70 72//70
f 68//71 75//71 72//71
f 75//72 74//72 72//72
f 40//73 76//73 73//73
f 76//74 77//74 73//74
f 77//75 70//75 73//75
f 78//76 4//76 74//76
f 75//77 78//77 74//77
f 40//78 78//78 76//78
f 78//79 75//79 76//79
f 75//9 77//9 76//9
f 40//80 4//80 78//80
f 40//50 79//50 4//50
f 79//50 80//50 4//50
f 80//50 1//50 4//50
f 52//50 81//50 40//50
f 81//50 79//50 40//50
f 82//81 61//81 49//81
f 50//9 83//9 49//9
f 83//9 82//9 49//9
f 82//81 84//81 61//81
f 84//50 85//50 61//50
f 85//50 62//50 61//50
f 86//82 84//82 82//82
f 83//9 87//9 82//9
f 87//9 88//9 82//9
f 88//9 86//9 82//9
f 86//82 89//82 84//82
f 89//50 90//50 84//50
f 90//50 85//50 84//50
f 91//83 89//83 86//83
f 88//9 92//9 86//9
f 92//9 91//9 86//9
f 91//83 93//83 89//83
f 93//50 94//50 89//50
f 94//50 90//50 89//50
f 59//84 83//84 50//84
f 60//85 59//85 50//85
f 48//85 60//85 50//85
f 62//86 87//86 83//86
f 59//84 62//84 83//84
f 85//86 87//86 62//86
f 54//87 60//87 48//87
f 47//88 54//88 48//88
f 85//89 88//89 87//89
f 90//90 88//90 85//90
f 95//12 93//12 91//12
f 92//9 96//9 91//9
f 96//9 95//9 91//9
f 95//12 97//12 93//12
f 97//50 98//50 93//50
f 98//50 99//50 93//50
f 99//50 94//50 93//50
f 55//91 54//91 47//91
f 44//91 55//91 47//91
f 90//92 92//92 88//92
f 94//92 92//92 90//92
f 57//93 55//93 44//93
f 43//93 57//93 44//93
f 94//94 96//94 92//94
f 99//94 96//94 94//94
f 45//9 100//9 43//9
f 58//95 57//95 43//95
f 100//95 58//95 43//95
f 101//9 95//9 96//9
f 99//96 101//96 96//96
f 98//96 101//96 99//96
f 45//9 102//9 100//9
f 103//97 58//97 100//97
f 102//97 103//97 100//97
f 104//9 95//9 101//9
f 105//9 104//9 101//9
f 98//98 105//98 101//98
f 103//50 56//50 58//50
f 106//50 107//50 98//50
f 97//50 106//50 98//50
f 107//98 105//98 98//98
f 108//9 109//9 102//9
f 110//9 108//9 102//9
f 45//9 110//9 102//9
f 111//99 103//99 102//99
f 109//100 111//100 102//100
f 112//9 104//9 105//9
f 113//9 112//9 105//9
f 114//101 113//101 105//101
f 107//101 114//101 105//101
f 115//50 56//50 103//50
f 116//50 117//50 103//50
f 117//50 118//50 103//50
f 118//50 115//50 103//50
f 111//99 116//99 103//99
f 119//50 120//50 107//50
f 106//50 119//50 107//50
f 120//102 114//102 107//102
f 104//103 97//103 95//103
f 104//103 106//103 97//103
f 121//9 122//9 109//9
f 108//9 121//9 109//9
f 122//104 123//104 109//104
f 123//105 111//105 109//105
f 124//9 112//9 113//9
f 125//9 124//9 113//9
f 114//106 126//106 113//106
f 126//107 125//107 113//107
f 127//108 128//108 111//108
f 129//50 130//50 116//50
f 130//50 117//50 116//50
f 111//105 131//105 116//105
f 131//109 129//109 116//109
f 119//50 132//50 120//50
f 132//110 133//110 120//110
f 133//106 114//106 120//106
f 134//111 126//111 114//111
f 134//112 135//112 126//112
f 123//113 127//113 111//113
f 128//114 136//114 111//114
f 136//115 131//115 111//115
f 133//116 134//116 114//116
f 137//117 134//117 133//117
f 138//118 127//118 123//118
f 122//119 125//119 126//119
f 132//120 129//120 131//120
f 139//9 125//9 122//9
f 121//9 139//9 122//9
f 126//121 140//121 122//121
f 140//122 123//122 122//122
f 139//9 124//9 125//9
f 132//50 141//50 129//50
f 141//50 130//50 129//50
f 119//50 141//50 132//50
f 131//123 142//123 132//123
f 142//124 133//124 132//124
f 143//125 137//125 133//125
f 142//125 143//125 133//125
f 135//126 140//126 126//126
f 136//127 142//127 131//127
f 140//128 138//128 123//128
f 135//129 138//129 140//129
f 136//127 143//127 142//127
f 144//9 13//9 2//9
f 1//130 144//130 2//130
f 80//50 145//50 1//50
f 145//130 144//130 1//130
f 144//9 146//9 13//9
f 146//131 147//131 13//131
f 147//84 24//84 13//84
f 24//84 20//84 13//84
f 20//84 18//84 13//84
f 148//9 17//9 18//9
f 149//132 150//132 18//132
f 150//132 148//132 18//132
f 23//84 149//84 18//84
f 19//84 23//84 18//84
f 20//84 19//84 18//84
f 146//131 151//131 147//131
f 151//133 152//133 147//133
f 152//84 24//84 147//84
f 153//117 154//117 149//117
f 154//117 150//117 149//117
f 23//84 153//84 149//84
f 27//84 153//84 23//84
f 152//84 34//84 24//84
f 155//84 153//84 27//84
f 156//84 38//84 34//84
f 152//84 156//84 34//84
f 36//84 155//84 27//84
f 151//133 157//133 152//133
f 157//134 156//134 152//134
f 155//135 158//135 153//135
f 158//135 154//135 153//135
f 159//84 155//84 36//84
f 156//84 160//84 38//84
f 38//84 159//84 36//84
f 160//84 159//84 38//84
f 157//134 161//134 156//134
f 161//127 160//127 156//127
f 159//125 162//125 155//125
f 162//125 158//125 155//125
f 161//127 163//127 160//127
f 163//9 159//9 160//9
f 163//9 162//9 159//9
f 164//50 165//50 166//50
f 165//50 167//50 166//50
f 167//136 168//136 166//136
f 168//84 64//84 166//84
f 64//84 164//84 166//84
f 169//126 170//126 164//126
f 170//126 165//126 164//126
f 63//84 169//84 164//84
f 64//84 63//84 164//84
f 167//136 171//136 168//136
f 171//137 172//137 168//137
f 172//84 68//84 168//84
f 68//84 65//84 168//84
f 65//84 64//84 168//84
f 173//138 174//138 169//138
f 174//138 170//138 169//138
f 63//84 173//84 169//84
f 171//137 175//137 172//137
f 175//139 176//139 172//139
f 176//84 68//84 172//84
f 177//140 178//140 173//140
f 178//140 174//140 173//140
f 63//84 66//84 173//84
f 66//84 177//84 173//84
f 70//84 177//84 66//84
f 79//84 177//84 70//84
f 80//84 75//84 68//84
f 176//84 80//84 68//84
f 175//139 179//139 176//139
f 179//141 80//141 176//141
f 79//142 81//142 177//142
f 81//142 178//142 177//142
f 77//84 79//84 70//84
f 75//84 79//84 77//84
f 80//84 79//84 75//84
f 180//50 181//50 80//50
f 181//50 145//50 80//50
f 179//141 180//141 80//141
f 112//143 106//143 104//143
f 112//143 119//143 106//143
f 182//9 146//9 144//9
f 145//144 182//144 144//144
f 181//144 182//144 145//144
f 124//145 119//145 112//145
f 124//145 141//145 119//145
f 183//9 146//9 182//9
f 181//146 183//146 182//146
f 180//50 184//50 181//50
f 184//146 183//146 181//146
f 139//147 185//147 124//147
f 185//148 135//148 124//148
f 135//149 134//149 124//149
f 134//150 141//150 124//150
f 134//151 137//151 141//151
f 137//152 130//152 141//152
f 135//153 185//153 138//153
f 143//154 130//154 137//154
f 139//155 138//155 185//155
f 186//156 187//156 188//156
f 187//2 189//2 188//2
f 189//157 190//157 188//157
f 190//158 191//158 188//158
f 191//159 192//159 188//159
f 192//160 193//160 188//160
f 194//161 195//161 188//161
f 196//162 197//162 188//162
f 195//163 196//163 188//163
f 197//164 198//164 188//164
f 198//165 199//165 188//165
f 199//2 200//2 188//2
f 200//1 201//1 188//1
f 201//1 202//1 188//1
f 202//1 186//1 188//1
f 203//12 204//12 187//12
f 205//12 203//12 187//12
f 206//12 205//12 187//12
f 207//9 206//9 187//9
f 186//9 207//9 187//9
f 208//2 209//2 187//2
f 209//166 210//166 187//166
f 210//167 189//167 187//167
f 211//2 208//2 187//2
f 212//168 211//168 187//168
f 213//169 214//169 187//169
f 214//170 215//170 187//170
f 215//171 212//171 187//171
f 204//172 216//172 187//172
f 216//173 217//173 187//173
f 217//2 213//2 187//2
f 189//174 218//174 190//174
f 218//175 219//175 190//175
f 219//176 191//176 190//176
f 220//177 208//177 211//177
f 212//178 221//178 211//178
f 221//179 222//179 211//179
f 222//180 220//180 211//180
f 219//181 223//181 191//181
f 223//182 192//182 191//182
f 210//183 224//183 189//183
f 224//184 218//184 189//184
f 225//185 208//185 220//185
f 222//186 226//186 220//186
f 226//187 225//187 220//187
f 215//188 227//188 212//188
f 227//189 221//189 212//189
f 223//190 228//190 192//190
f 228//191 193//191 192//191
f 209//192 229//192 210//192
f 229//193 224//193 210//193
f 230//194 208//194 225//194
f 226//195 231//195 225//195
f 231//196 230//196 225//196
f 214//197 232//197 215//197
f 232//198 227//198 215//198
f 228//199 233//199 193//199
f 233//200 194//200 193//200
f 208//201 234//201 209//201
f 234//112 229//112 209//112
f 235//202 208//202 230//202
f 231//203 236//203 230//203
f 236//204 235//204 230//204
f 213//205 237//205 214//205
f 237//206 232//206 214//206
f 233//200 238//200 194//200
f 238//207 195//207 194//207
f 235//208 239//208 208//208
f 239//209 240//209 208//209
f 240//210 234//210 208//210
f 241//211 239//211 235//211
f 236//212 242//212 235//212
f 242//213 241//213 235//213
f 217//214 243//214 213//214
f 243//1 237//1 213//1
f 244//215 196//215 195//215
f 245//216 244//216 195//216
f 238//217 246//217 195//217
f 246//218 245//218 195//218
f 247//219 248//219 239//219
f 249//220 247//220 239//220
f 241//221 249//221 239//221
f 248//222 250//222 239//222
f 250//223 240//223 239//223
f 251//224 249//224 241//224
f 252//225 251//225 241//225
f 242//217 253//217 241//217
f 253//226 252//226 241//226
f 216//227 254//227 217//227
f 254//228 243//228 217//228
f 255//229 244//229 245//229
f 246//230 256//230 245//230
f 256//231 255//231 245//231
f 247//232 257//232 248//232
f 257//233 258//233 248//233
f 258//234 250//234 248//234
f 259//2 251//2 252//2
f 253//235 260//235 252//235
f 260//236 259//236 252//236
f 204//237 261//237 216//237
f 261//238 262//238 216//238
f 262//239 254//239 216//239
f 263//240 244//240 255//240
f 256//241 264//241 255//241
f 264//242 263//242 255//242
f 265//243 266//243 257//243
f 267//244 265//244 257//244
f 268//245 269//245 257//245
f 247//246 270//246 257//246
f 270//247 271//247 257//247
f 271//248 267//248 257//248
f 266//249 272//249 257//249
f 272//250 273//250 257//250
f 273//245 268//245 257//245
f 269//251 274//251 257//251
f 274//252 258//252 257//252
f 275//253 251//253 259//253
f 260//236 276//236 259//236
f 276//254 275//254 259//254
f 204//255 277//255 261//255
f 277//256 278//256 261//256
f 278//257 262//257 261//257
f 279//258 244//258 263//258
f 264//259 280//259 263//259
f 280//260 279//260 263//260
f 268//261 279//261 269//261
f 279//262 281//262 269//262
f 281//263 274//263 269//263
f 282//264 251//264 275//264
f 276//265 283//265 275//265
f 283//266 282//266 275//266
f 204//267 284//267 277//267
f 285//268 282//268 277//268
f 286//269 285//269 277//269
f 284//270 286//270 277//270
f 282//271 287//271 277//271
f 287//272 278//272 277//272
f 268//273 244//273 279//273
f 280//274 281//274 279//274
f 285//2 251//2 282//2
f 283//275 287//275 282//275
f 117//276 128//276 121//276
f 128//277 127//277 121//277
f 127//84 139//84 121//84
f 108//278 118//278 121//278
f 118//278 117//278 121//278
f 127//279 138//279 139//279
f 117//280 136//280 128//280
f 117//281 130//281 136//281
f 130//282 143//282 136//282
f 268//283 288//283 244//283
f 288//179 289//179 244//179
f 289//180 196//180 244//180
f 285//283 290//283 251//283
f 290//179 291//179 251//179
f 291//284 249//284 251//284
f 289//186 292//186 196//186
f 292//285 197//285 196//285
f 273//183 293//183 268//183
f 293//184 288//184 268//184
f 291//286 294//286 249//286
f 294//195 247//195 249//195
f 286//183 295//183 285//183
f 295//184 290//184 285//184
f 292//195 296//195 197//195
f 296//196 198//196 197//196
f 272//287 297//287 273//287
f 297//193 293//193 273//193
f 294//195 298//195 247//195
f 298//196 270//196 247//196
f 284//192 299//192 286//192
f 299//193 295//193 286//193
f 296//203 300//203 198//203
f 300//204 199//204 198//204
f 266//288 301//288 272//288
f 301//289 302//289 272//289
f 302//290 297//290 272//290
f 298//203 303//203 270//203
f 303//204 271//204 270//204
f 204//291 304//291 284//291
f 304//292 305//292 284//292
f 305//112 299//112 284//112
f 306//293 200//293 199//293
f 300//212 307//212 199//212
f 307//213 306//213 199//213
f 266//294 308//294 301//294
f 308//295 309//295 301//295
f 309//296 302//296 301//296
f 303//212 310//212 271//212
f 310//213 267//213 271//213
f 204//297 311//297 304//297
f 311//298 312//298 304//298
f 312//296 305//296 304//296
f 313//299 200//299 306//299
f 307//217 314//217 306//217
f 314//226 313//226 306//226
f 266//300 315//300 308//300
f 204//301 316//301 308//301
f 317//302 204//302 308//302
f 315//303 317//303 308//303
f 316//227 318//227 308//227
f 318//228 309//228 308//228
f 310//217 319//217 267//217
f 319//226 265//226 267//226
f 204//2 320//2 311//2
f 320//304 321//304 311//304
f 321//305 312//305 311//305
f 322//2 200//2 313//2
f 314//235 323//235 313//235
f 323//306 322//306 313//306
f 204//307 324//307 316//307
f 324//238 325//238 316//238
f 325//239 318//239 316//239
f 319//235 326//235 265//235
f 326//308 266//308 265//308
f 204//309 327//309 320//309
f 327//233 328//233 320//233
f 328//234 321//234 320//234
f 329//310 200//310 322//310
f 323//311 330//311 322//311
f 330//312 329//312 322//312
f 204//313 331//313 324//313
f 331//256 332//256 324//256
f 332//257 325//257 324//257
f 326//241 333//241 266//241
f 333//314 315//314 266//314
f 204//315 334//315 327//315
f 334//316 335//316 327//316
f 335//252 328//252 327//252
f 336//317 200//317 329//317
f 330//265 337//265 329//265
f 337//266 336//266 329//266
f 200//318 336//318 331//318
f 204//319 200//319 331//319
f 336//271 338//271 331//271
f 338//272 332//272 331//272
f 333//320 339//320 315//320
f 339//321 317//321 315//321
f 204//322 317//322 334//322
f 317//323 340//323 334//323
f 340//324 335//324 334//324
f 337//275 338//275 336//275
f 339//274 340//274 317//274
f 341//50 342//50 200//50
f 204//50 341//50 200//50
f 342//1 201//1 200//1
f 343//12 344//12 204//12
f 203//12 343//12 204//12
f 345//50 341//50 204//50
f 344//50 345//50 204//50
f 110//325 115//325 108//325
f 115//325 118//325 108//325
f 346//9 146//9 183//9
f 184//326 346//326 183//326
f 180//50 347//50 184//50
f 347//326 346//326 184//326
f 45//327 56//327 110//327
f 56//327 115//327 110//327
f 348//2 343//2 203//2
f 205//328 348//328 203//328
f 349//2 343//2 348//2
f 205//328 350//328 348//328
f 350//329 349//329 348//329
f 351//2 343//2 349//2
f 350//329 352//329 349//329
f 352//330 351//330 349//330
f 353//2 343//2 351//2
f 352//330 354//330 351//330
f 354//331 353//331 351//331
f 355//2 356//2 353//2
f 356//2 357//2 353//2
f 357//2 343//2 353//2
f 358//2 359//2 353//2
f 359//2 360//2 353//2
f 360//2 355//2 353//2
f 354//331 361//331 353//331
f 361//332 358//332 353//332
f 362//9 363//9 358//9
f 363//2 364//2 358//2
f 364//2 359//2 358//2
f 361//332 362//332 358//332
f 365//333 366//333 367//333
f 368//2 365//2 367//2
f 364//50 369//50 359//50
f 369//334 360//334 359//334
f 369//334 370//334 360//334
f 370//335 355//335 360//335
f 370//335 371//335 355//335
f 371//336 356//336 355//336
f 371//336 372//336 356//336
f 372//337 357//337 356//337
f 372//337 373//337 357//337
f 373//338 343//338 357//338
f 374//12 344//12 343//12
f 373//338 374//338 343//338
f 46//339 53//339 45//339
f 53//339 56//339 45//339
f 375//9 146//9 346//9
f 347//340 375//340 346//340
f 180//50 376//50 347//50
f 376//340 375//340 347//340
f 367//2 364//2 363//2
f 368//2 367//2 363//2
f 375//341 368//341 363//341
f 362//9 375//9 363//9
f 365//342 368//342 375//342
f 376//342 365//342 375//342
f 362//9 146//9 375//9
f 366//343 364//343 367//343
f 366//50 369//50 364//50
f 180//50 369//50 366//50
f 365//50 180//50 366//50
f 376//50 180//50 365//50
f 16//344 51//344 46//344
f 51//344 53//344 46//344
f 17//12 51//12 16//12
f 17//12 52//12 51//12
f 218//345 377//345 219//345
f 377//345 378//345 219//345
f 378//346 223//346 219//346
f 221//345 379//345 222//345
f 379//345 380//345 222//345
f 380//346 226//346 222//346
f 378//346 381//346 223//346
f 381//347 228//347 223//347
f 224//348 382//348 218//348
f 382//349 377//349 218//349
f 380//346 383//346 226//346
f 383//350 231//350 226//350
f 227//349 384//349 221//349
f 384//349 379//349 221//349
f 381//350 385//350 228//350
f 385//351 233//351 228//351
f 229//352 386//352 224//352
f 386//352 382//352 224//352
f 383//347 387//347 231//347
f 387//351 236//351 231//351
f 232//352 388//352 227//352
f 388//352 384//352 227//352
f 385//351 389//351 233//351
f 389//353 238//353 233//353
f 234//354 390//354 229//354
f 390//354 386//354 229//354
f 387//351 391//351 236//351
f 391//353 242//353 236//353
f 237//354 392//354 232//354
f 392//354 388//354 232//354
f 389//353 393//353 238//353
f 393//355 246//355 238//355
f 240//356 394//356 234//356
f 394//356 390//356 234//356
f 391//353 395//353 242//353
f 395//355 253//355 242//355
f 243//356 396//356 237//356
f 396//356 392//356 237//356
f 393//355 397//355 246//355
f 397//357 256//357 246//357
f 250//358 398//358 240//358
f 398//358 394//358 240//358
f 395//355 399//355 253//355
f 399//357 260//357 253//357
f 254//358 400//358 243//358
f 400//358 396//358 243//358
f 397//357 401//357 256//357
f 401//359 264//359 256//359
f 258//360 402//360 250//360
f 402//360 398//360 250//360
f 399//357 403//357 260//357
f 403//359 276//359 260//359
f 262//360 404//360 254//360
f 404//360 400//360 254//360
f 401//359 405//359 264//359
f 405//361 280//361 264//361
f 274//362 406//362 258//362
f 406//362 402//362 258//362
f 403//359 407//359 276//359
f 407//361 283//361 276//361
f 278//363 408//363 262//363
f 408//362 404//362 262//362
f 405//361 409//361 280//361
f 409//364 281//364 280//364
f 281//365 410//365 274//365
f 410//365 406//365 274//365
f 407//366 411//366 283//366
f 411//364 287//364 283//364
f 287//365 412//365 278//365
f 412//365 408//365 278//365
f 409//364 410//364 281//364
f 411//364 412//364 287//364
f 288//345 413//345 289//345
f 413//345 414//345 289//345
f 414//346 292//346 289//346
f 290//345 415//345 291//345
f 415//345 416//345 291//345
f 416//346 294//346 291//346
f 414//346 417//346 292//346
f 417//350 296//350 292//350
f 293//348 418//348 288//348
f 418//348 413//348 288//348
f 416//346 419//346 294//346
f 419//350 298//350 294//350
f 295//348 420//348 290//348
f 420//348 415//348 290//348
f 417//347 421//347 296//347
f 421//351 300//351 296//351
f 297//352 422//352 293//352
f 422//352 418//352 293//352
f 419//350 423//350 298//350
f 423//351 303//351 298//351
f 299//352 424//352 295//352
f 424//352 420//352 295//352
f 421//351 425//351 300//351
f 425//353 307//353 300//353
f 302//354 426//354 297//354
f 426//354 422//354 297//354
f 423//351 427//351 303//351
f 427//353 310//353 303//353
f 305//354 428//354 299//354
f 428//354 424//354 299//354
f 425//353 429//353 307//353
f 429//355 314//355 307//355
f 309//356 430//356 302//356
f 430//356 426//356 302//356
f 427//353 431//353 310//353
f 431//355 319//355 310//355
f 312//356 432//356 305//356
f 432//356 428//356 305//356
f 429//355 433//355 314//355
f 433//357 323//357 314//357
f 318//358 434//358 309//358
f 434//358 430//358 309//358
f 431//355 435//355 319//355
f 435//357 326//357 319//357
f 321//358 436//358 312//358
f 436//358 432//358 312//358
f 433//357 437//357 323//357
f 437//359 330//359 323//359
f 325//360 438//360 318//360
f 438//360 434//360 318//360
f 435//357 439//357 326//357
f 439//359 333//359 326//359
f 328//360 440//360 321//360
f 440//360 436//360 321//360
f 437//359 441//359 330//359
f 441//366 337//366 330//366
f 332//362 442//362 325//362
f 442//362 438//362 325//362
f 439//359 443//359 333//359
f 443//361 339//361 333//361
f 335//362 444//362 328//362
f 444//362 440//362 328//362
f 441//361 445//361 337//361
f 445//364 338//364 337//364
f 338//365 446//365 332//365
f 446//365 442//365 332//365
f 443//366 447//366 339//366
f 447//364 340//364 339//364
f 340//365 448//365 335//365
f 448//365 444//365 335//365
f 445//364 446//364 338//364
f 447//364 448//364 340//364
f 202//84 397//84 186//84
f 391//84 387//84 186//84
f 397//84 393//84 186//84
f 393//84 389//84 186//84
f 389//84 385//84 186//84
f 378//84 391//84 186//84
f 381//84 378//84 186//84
f 385//84 381//84 186//84
f 387//84 383//84 186//84
f 383//84 380//84 186//84
f 380//84 207//84 186//84
f 384//84 388//84 207//84
f 388//84 449//84 207//84
f 380//84 379//84 207//84
f 379//84 384//84 207//84
f 449//1 450//1 207//1
f 450//9 206//9 207//9
f 377//84 391//84 378//84
f 382//84 391//84 377//84
f 386//84 391//84 382//84
f 388//84 392//84 449//84
f 392//84 451//84 449//84
f 452//1 450//1 449//1
f 451//367 453//367 449//367
f 453//367 452//367 449//367
f 390//84 391//84 386//84
f 390//84 395//84 391//84
f 394//84 399//84 390//84
f 399//84 395//84 390//84
f 396//84 451//84 392//84
f 396//84 454//84 451//84
f 454//368 455//368 451//368
f 455//368 453//368 451//368
f 202//84 401//84 397//84
f 398//84 403//84 394//84
f 403//84 399//84 394//84
f 456//84 454//84 396//84
f 400//84 456//84 396//84
f 456//369 457//369 454//369
f 457//369 455//369 454//369
f 202//84 405//84 401//84
f 402//84 403//84 398//84
f 202//84 407//84 403//84
f 402//84 406//84 403//84
f 406//84 410//84 403//84
f 410//84 202//84 403//84
f 458//84 456//84 400//84
f 404//84 458//84 400//84
f 202//84 409//84 405//84
f 202//84 411//84 407//84
f 459//84 458//84 404//84
f 408//84 459//84 404//84
f 458//370 460//370 456//370
f 460//370 457//370 456//370
f 202//84 410//84 409//84
f 459//84 412//84 411//84
f 202//84 459//84 411//84
f 412//84 459//84 408//84
f 459//371 461//371 458//371
f 461//372 460//372 458//372
f 201//373 462//373 202//373
f 462//374 461//374 202//374
f 461//9 459//9 202//9
f 342//84 433//84 201//84
f 433//84 429//84 201//84
f 429//84 425//84 201//84
f 425//84 421//84 201//84
f 427//84 423//84 201//84
f 423//84 419//84 201//84
f 419//84 463//84 201//84
f 414//84 427//84 201//84
f 417//84 414//84 201//84
f 421//84 417//84 201//84
f 463//50 462//50 201//50
f 415//84 464//84 463//84
f 419//84 416//84 463//84
f 416//84 415//84 463//84
f 465//375 462//375 463//375
f 464//375 465//375 463//375
f 415//84 420//84 464//84
f 420//84 466//84 464//84
f 467//376 465//376 464//376
f 466//376 467//376 464//376
f 413//84 427//84 414//84
f 439//84 435//84 413//84
f 418//84 447//84 413//84
f 447//84 443//84 413//84
f 443//84 439//84 413//84
f 435//84 431//84 413//84
f 431//84 427//84 413//84
f 420//84 424//84 466//84
f 424//84 468//84 466//84
f 469//377 467//377 466//377
f 468//377 469//377 466//377
f 422//84 447//84 418//84
f 426//84 447//84 422//84
f 428//84 468//84 424//84
f 428//84 470//84 468//84
f 471//378 469//378 468//378
f 470//378 471//378 468//378
f 430//84 447//84 426//84
f 432//84 470//84 428//84
f 432//84 472//84 470//84
f 473//379 471//379 470//379
f 472//379 473//379 470//379
f 342//84 437//84 433//84
f 434//84 447//84 430//84
f 436//84 341//84 432//84
f 341//84 472//84 432//84
f 342//84 441//84 437//84
f 448//84 447//84 434//84
f 438//84 448//84 434//84
f 440//84 341//84 436//84
f 341//1 473//1 472//1
f 342//84 445//84 441//84
f 341//84 448//84 438//84
f 442//84 341//84 438//84
f 444//84 341//84 440//84
f 342//84 446//84 445//84
f 446//84 341//84 442//84
f 448//84 341//84 444//84
f 342//84 341//84 446//84
f 345//1 473//1 341//1
f 205//84 206//84 450//84
f 452//84 370//84 450//84
f 370//84 352//84 450//84
f 352//84 350//84 450//84
f 350//84 205//84 450//84
f 453//84 370//84 452//84
f 370//84 354//84 352//84
f 370//84 361//84 354//84
f 455//84 370//84 453//84
f 369//84 362//84 361//84
f 370//84 369//84 361//84
f 161//84 157//84 362//84
f 157//84 151//84 362//84
f 151//84 146//84 362//84
f 369//84 179//84 362//84
f 179//84 175//84 362//84
f 175//84 161//84 362//84
f 150//84 17//84 148//84
f 150//84 174//84 17//84
f 174//84 52//84 17//84
f 154//84 174//84 150//84
f 457//84 370//84 455//84
f 158//84 174//84 154//84
f 460//84 370//84 457//84
f 175//84 171//84 161//84
f 171//84 167//84 161//84
f 167//84 163//84 161//84
f 170//84 174//84 158//84
f 162//84 170//84 158//84
f 461//84 462//84 460//84
f 467//84 370//84 460//84
f 465//84 467//84 460//84
f 462//84 465//84 460//84
f 167//84 162//84 163//84
f 165//84 170//84 162//84
f 167//84 165//84 162//84
f 469//84 370//84 467//84
f 178//84 52//84 174//84
f 373//84 372//84 469//84
f 471//84 373//84 469//84
f 372//84 371//84 469//84
f 371//84 370//84 469//84
f 369//84 180//84 179//84
f 81//84 52//84 178//84
f 473//84 373//84 471//84
f 473//84 374//84 373//84
f 345//84 344//84 473//84
f 344//84 374//84 473//84
f 474//2 475//2 476//2
f 475//2 477//2 476//2
f 477//1 478//1 476//1
f 478//1 479//1 476//1
f 480//12 481//12 474//12
f 481//12 475//12 474//12
f 482//380 483//380 477//380
f 475//381 482//381 477//381
f 483//1 478//1 477//1
f 481//12 482//12 475//12
f 484//382 485//382 486//382
f 487//383 488//383 486//383
f 485//384 487//384 486//384
f 488//1 489//1 486//1
f 489//1 484//1 486//1
f 490//12 487//12 485//12
f 491//1 489//1 488//1
f 490//12 492//12 487//12
f 493//385 474//385 476//385
f 494//386 493//386 476//386
f 495//387 494//387 476//387
f 496//1 495//1 476//1
f 479//1 496//1 476//1
f 497//388 498//388 474//388
f 493//385 497//385 474//385
f 498//12 499//12 474//12
f 499//12 480//12 474//12
f 500//389 501//389 488//389
f 502//390 500//390 488//390
f 487//391 502//391 488//391
f 501//1 503//1 488//1
f 503//1 491//1 488//1
f 504//50 502//50 487//50
f 505//50 504//50 487//50
f 492//12 506//12 487//12
f 506//12 505//12 487//12
f 489//1 507//1 484//1
f 508//12 490//12 485//12
f 507//1 509//1 484//1
f 484//392 510//392 485//392
f 510//12 508//12 485//12
f 481//12 511//12 482//12
f 482//393 512//393 483//393
f 513//1 478//1 483//1
f 514//394 512//394 482//394
f 511//12 514//12 482//12
f 512//395 515//395 483//395
f 515//1 513//1 483//1
f 509//396 510//396 484//396
f 512//397 514//397 515//397
f 514//398 513//398 515//398
f 509//399 508//399 510//399
f 507//400 508//400 509//400
f 507//401 516//401 508//401
f 516//12 490//12 508//12
f 514//402 517//402 513//402
f 517//403 518//403 513//403
f 518//1 478//1 513//1
f 511//12 517//12 514//12
f 519//1 478//1 518//1
f 520//1 521//1 507//1
f 489//1 520//1 507//1
f 521//404 516//404 507//404
f 522//12 490//12 516//12
f 478//405 523//405 479//405
f 524//406 479//406 523//406
f 481//407 525//407 526//407
f 480//408 525//408 481//408
f 527//409 523//409 478//409
f 528//410 511//410 526//410
f 511//410 481//410 526//410
f 529//408 520//408 489//408
f 530//411 520//411 529//411
f 531//412 492//412 532//412
f 492//84 490//84 532//84
f 533//413 529//413 489//413
f 491//414 533//414 489//414
f 517//2 516//2 518//2
f 516//415 521//415 518//415
f 521//1 519//1 518//1
f 522//12 516//12 517//12
f 534//12 522//12 517//12
f 511//12 534//12 517//12
f 535//1 519//1 521//1
f 520//1 535//1 521//1
f 519//416 527//416 478//416
f 536//417 492//417 531//417
f 537//418 538//418 539//418
f 538//419 540//419 539//419
f 541//420 542//420 539//420
f 540//421 541//421 539//421
f 542//422 543//422 539//422
f 543//423 544//423 539//423
f 545//424 537//424 539//424
f 544//425 545//425 539//425
f 546//426 547//426 548//426
f 549//418 546//418 548//418
f 547//427 550//427 548//427
f 550//428 551//428 548//428
f 552//429 553//429 548//429
f 551//430 552//430 548//430
f 554//431 555//431 548//431
f 553//432 554//432 548//432
f 555//424 549//424 548//424
f 519//1 556//1 479//1
f 478//1 519//1 479//1
f 480//12 557//12 481//12
f 557//12 511//12 481//12
f 535//433 520//433 489//433
f 522//12 492//12 490//12
f 491//1 535//1 489//1
f 524//434 496//434 479//434
f 558//435 527//435 519//435
f 559//436 534//436 528//436
f 534//437 511//437 528//437
f 530//438 535//438 520//438
f 490//439 560//439 532//439
f 522//440 560//440 490//440
f 561//441 533//441 491//441
f 506//442 492//442 536//442
f 562//50 501//50 500//50
f 563//9 498//9 497//9
f 556//1 496//1 479//1
f 557//12 534//12 511//12
f 522//12 506//12 492//12
f 494//1 564//1 493//1
f 564//443 497//443 493//443
f 565//12 563//12 497//12
f 564//443 565//443 497//443
f 566//1 562//1 500//1
f 567//444 566//444 500//444
f 502//444 567//444 500//444
f 504//12 567//12 502//12
f 15//445 7//445 537//445
f 7//136 538//136 537//136
f 545//446 15//446 537//446
f 544//447 22//447 545//447
f 22//448 15//448 545//448
f 7//212 540//212 538//212
f 7//449 9//449 540//449
f 26//450 22//450 544//450
f 543//451 26//451 544//451
f 9//452 32//452 540//452
f 32//453 541//453 540//453
f 35//117 26//117 543//117
f 32//454 542//454 541//454
f 32//455 37//455 542//455
f 542//456 37//456 543//456
f 37//263 35//263 543//263
f 29//136 546//136 549//136
f 555//126 30//126 549//126
f 30//126 29//126 549//126
f 29//136 11//136 546//136
f 11//139 547//139 546//139
f 554//140 568//140 555//140
f 568//140 30//140 555//140
f 11//457 67//457 547//457
f 67//458 550//458 547//458
f 553//459 73//459 554//459
f 73//305 568//305 554//305
f 552//460 73//460 553//460
f 67//461 72//461 550//461
f 72//462 551//462 550//462
f 551//463 78//463 552//463
f 78//464 73//464 552//464
f 72//465 78//465 551//465
f 569//466 496//466 524//466
f 480//467 570//467 525//467
f 499//467 570//467 480//467
f 571//468 535//468 530//468
f 503//469 561//469 491//469
f 572//470 506//470 536//470
f 556//1 573//1 496//1
f 499//12 557//12 480//12
f 503//1 535//1 491//1
f 522//12 574//12 506//12
f 499//471 575//471 570//471
f 535//1 556//1 519//1
f 576//472 558//472 519//472
f 556//473 576//473 519//473
f 577//472 557//472 559//472
f 557//473 534//473 559//473
f 557//12 522//12 534//12
f 522//474 578//474 560//474
f 579//475 561//475 503//475
f 580//476 581//476 572//476
f 581//477 506//477 572//477
f 581//12 505//12 506//12
f 574//12 581//12 506//12
f 582//1 495//1 496//1
f 583//478 582//478 496//478
f 569//479 583//479 496//479
f 584//480 585//480 575//480
f 499//481 584//481 575//481
f 498//12 584//12 499//12
f 586//482 569//482 496//482
f 573//1 586//1 496//1
f 586//483 587//483 569//483
f 587//1 583//1 569//1
f 575//483 588//483 499//483
f 588//12 557//12 499//12
f 589//484 590//484 577//484
f 557//485 589//485 577//485
f 590//12 591//12 577//12
f 588//12 592//12 557//12
f 592//12 593//12 557//12
f 593//12 594//12 557//12
f 594//12 589//12 557//12
f 535//1 595//1 556//1
f 595//9 576//9 556//9
f 595//9 596//9 576//9
f 591//486 557//486 577//486
f 597//12 598//12 557//12
f 598//12 522//12 557//12
f 591//9 597//9 557//9
f 599//1 595//1 535//1
f 571//487 600//487 535//487
f 600//487 599//487 535//487
f 598//488 601//488 578//488
f 522//489 598//489 578//489
f 602//483 571//483 535//483
f 503//1 603//1 535//1
f 603//1 604//1 535//1
f 604//1 605//1 535//1
f 605//1 606//1 535//1
f 606//1 602//1 535//1
f 602//483 607//483 571//483
f 607//1 600//1 571//1
f 578//490 574//490 522//490
f 579//485 608//485 503//485
f 608//484 603//484 503//484
f 501//1 603//1 503//1
f 603//491 579//491 503//491
f 603//492 608//492 579//492
f 609//493 581//493 580//493
f 610//12 505//12 581//12
f 609//493 610//493 581//493
f 582//494 583//494 495//494
f 583//494 494//494 495//494
f 611//1 564//1 494//1
f 583//494 611//494 494//494
f 565//12 612//12 563//12
f 585//494 498//494 563//494
f 613//495 585//495 563//495
f 612//496 613//496 563//496
f 585//494 584//494 498//494
f 608//497 603//497 501//497
f 562//497 608//497 501//497
f 566//1 614//1 562//1
f 615//498 608//498 562//498
f 614//499 615//499 562//499
f 616//12 567//12 504//12
f 609//499 616//499 504//499
f 505//499 609//499 504//499
f 610//499 609//499 505//499
f 586//500 583//500 587//500
f 613//501 588//501 575//501
f 585//12 613//12 575//12
f 576//502 617//502 556//502
f 617//503 573//503 556//503
f 596//1 617//1 576//1
f 618//504 574//504 578//504
f 601//12 618//12 578//12
f 619//505 583//505 586//505
f 573//1 619//1 586//1
f 619//506 620//506 583//506
f 613//507 592//507 588//507
f 617//508 621//508 573//508
f 621//433 619//433 573//433
f 606//507 607//507 602//507
f 606//509 622//509 607//509
f 622//1 600//1 607//1
f 623//12 581//12 574//12
f 608//510 604//510 603//510
f 623//511 624//511 580//511
f 581//512 623//512 580//512
f 624//12 609//12 580//12
f 594//510 625//510 590//510
f 589//510 594//510 590//510
f 625//12 591//12 590//12
f 626//513 574//513 618//513
f 601//12 626//12 618//12
f 626//513 627//513 574//513
f 627//12 623//12 574//12
f 608//514 628//514 604//514
f 615//1 628//1 608//1
f 624//515 616//515 609//515
f 629//516 620//516 619//516
f 621//517 629//517 619//517
f 629//516 630//516 620//516
f 630//433 583//433 620//433
f 631//516 592//516 613//516
f 631//516 593//516 592//516
f 617//518 630//518 621//518
f 630//519 629//519 621//519
f 596//1 630//1 617//1
f 593//519 631//519 625//519
f 594//519 593//519 625//519
f 631//520 591//520 625//520
f 605//521 622//521 606//521
f 628//519 605//519 604//519
f 623//522 632//522 624//522
f 33//523 37//523 32//523
f 37//524 39//524 35//524
f 30//525 28//525 29//525
f 568//526 31//526 30//526
f 11//527 12//527 67//527
f 73//528 69//528 568//528
f 71//529 72//529 67//529
f 596//12 583//12 630//12
f 613//1 591//1 631//1
f 605//530 628//530 622//530
f 628//1 615//1 622//1
f 615//517 600//517 622//517
f 632//531 627//531 626//531
f 624//1 632//1 626//1
f 601//12 624//12 626//12
f 632//530 623//530 627//530
f 614//532 611//532 583//532
f 596//533 614//533 583//533
f 614//534 564//534 611//534
f 616//535 624//535 612//535
f 624//536 601//536 612//536
f 591//537 613//537 612//537
f 601//84 591//84 612//84
f 565//1 616//1 612//1
f 599//84 596//84 595//84
f 600//84 614//84 596//84
f 599//84 600//84 596//84
f 601//84 597//84 591//84
f 601//84 598//84 597//84
f 615//84 614//84 600//84
f 566//12 564//12 614//12
f 565//538 567//538 616//538
f 9//539 7//539 564//539
f 32//540 9//540 564//540
f 566//541 32//541 564//541
f 7//542 15//542 564//542
f 15//543 565//543 564//543
f 15//544 22//544 565//544
f 28//545 30//545 565//545
f 30//546 567//546 565//546
f 22//547 26//547 565//547
f 26//548 28//548 565//548
f 566//549 33//549 32//549
f 35//550 28//550 26//550
f 566//551 37//551 33//551
f 566//552 12//552 37//552
f 12//553 39//553 37//553
f 39//554 29//554 35//554
f 29//555 28//555 35//555
f 12//556 11//556 39//556
f 11//557 29//557 39//557
f 31//558 567//558 30//558
f 566//559 67//559 12//559
f 568//560 567//560 31//560
f 566//561 71//561 67//561
f 69//562 567//562 568//562
f 566//563 72//563 71//563
f 73//564 567//564 69//564
f 566//84 78//84 72//84
f 78//84 567//84 73//84
f 566//84 567//84 78//84
f 633//2 634//2 635//2
f 634//2 636//2 635//2
f 637//1 638//1 639//1
f 640//1 641//1 639//1
f 641//1 642//1 639//1
f 642//1 643//1 639//1
f 638//1 644//1 639//1
f 644//1 645//1 639//1
f 645//1 646//1 639//1
f 646//1 647//1 639//1
f 647//1 640//1 639//1
f 648//1 649//1 639//1
f 643//1 648//1 639//1
f 635//565 637//565 639//565
f 649//566 635//566 639//566
f 649//566 650//566 635//566
f 651//567 652//567 633//567
f 653//12 654//12 652//12
f 651//567 653//567 652//567
f 654//568 634//568 652//568
f 634//568 633//568 652//568
f 650//569 651//569 635//569
f 651//569 633//569 635//569
f 636//565 637//565 635//565
f 634//570 655//570 636//570
f 656//571 655//571 634//571
f 655//572 638//572 637//572
f 636//573 655//573 637//573
f 654//574 657//574 634//574
f 657//574 656//574 634//574
f 653//12 658//12 654//12
f 658//12 659//12 654//12
f 659//12 660//12 654//12
f 660//394 661//394 654//394
f 661//12 662//12 654//12
f 662//12 663//12 654//12
f 663//12 664//12 654//12
f 664//12 665//12 654//12
f 666//12 657//12 654//12
f 665//12 666//12 654//12
f 648//575 650//575 649//575
f 658//576 653//576 651//576
f 655//50 644//50 638//50
f 666//577 656//577 657//577
f 648//578 667//578 650//578
f 668//579 658//579 651//579
f 669//50 644//50 655//50
f 666//580 670//580 656//580
f 671//581 651//581 650//581
f 667//582 671//582 650//582
f 672//583 668//583 651//583
f 671//9 672//9 651//9
f 656//584 673//584 655//584
f 673//585 674//585 655//585
f 674//586 669//586 655//586
f 670//587 673//587 656//587
f 675//1 676//1 648//1
f 677//1 675//1 648//1
f 643//1 678//1 648//1
f 678//1 677//1 648//1
f 679//12 680//12 666//12
f 665//12 681//12 666//12
f 681//12 679//12 666//12
f 676//1 682//1 648//1
f 682//588 667//588 648//588
f 683//9 671//9 667//9
f 684//12 683//12 667//12
f 682//589 684//589 667//589
f 685//590 658//590 668//590
f 672//591 686//591 668//591
f 686//1 685//1 668//1
f 674//586 687//586 669//586
f 688//592 673//592 670//592
f 689//12 683//12 684//12
f 690//593 658//593 685//593
f 686//1 691//1 685//1
f 690//12 659//12 658//12
f 692//1 645//1 644//1
f 669//594 692//594 644//594
f 693//595 692//595 669//595
f 687//12 693//12 669//12
f 666//594 694//594 670//594
f 695//1 688//1 670//1
f 694//1 695//1 670//1
f 680//12 696//12 666//12
f 696//594 694//594 666//594
f 691//1 697//1 685//1
f 698//12 659//12 690//12
f 699//12 698//12 690//12
f 685//596 699//596 690//596
f 687//12 700//12 693//12
f 700//12 701//12 693//12
f 701//12 702//12 693//12
f 680//12 703//12 696//12
f 703//12 704//12 696//12
f 705//1 645//1 692//1
f 693//597 705//597 692//597
f 696//598 704//598 694//598
f 704//599 706//599 694//599
f 706//1 695//1 694//1
f 647//84 662//84 640//84
f 662//84 661//84 640//84
f 661//600 641//600 640//600
f 660//600 641//600 661//600
f 646//601 663//601 647//601
f 663//601 662//601 647//601
f 707//1 708//1 682//1
f 676//1 707//1 682//1
f 708//602 684//602 682//602
f 709//12 689//12 684//12
f 708//602 709//602 684//602
f 710//603 699//603 685//603
f 697//1 710//1 685//1
f 693//604 702//604 705//604
f 703//12 711//12 704//12
f 660//605 642//605 641//605
f 712//605 642//605 660//605
f 659//12 712//12 660//12
f 645//1 713//1 646//1
f 713//606 664//606 646//606
f 664//606 663//606 646//606
f 714//12 698//12 699//12
f 710//607 714//607 699//607
f 715//1 645//1 705//1
f 702//608 715//608 705//608
f 704//609 711//609 706//609
f 707//9 709//9 708//9
f 716//12 689//12 709//12
f 707//9 716//9 709//9
f 697//610 714//610 710//610
f 717//1 645//1 715//1
f 702//611 701//611 715//611
f 711//612 718//612 706//612
f 718//1 695//1 706//1
f 712//512 643//512 642//512
f 719//613 643//613 712//613
f 659//12 719//12 712//12
f 645//1 720//1 713//1
f 720//614 665//614 713//614
f 665//614 664//614 713//614
f 707//615 689//615 716//615
f 697//616 698//616 714//616
f 701//617 717//617 715//617
f 711//618 721//618 718//618
f 703//12 721//12 711//12
f 676//615 689//615 707//615
f 691//619 698//619 697//619
f 701//620 700//620 717//620
f 721//621 703//621 718//621
f 719//622 678//622 643//622
f 722//622 678//622 719//622
f 659//12 722//12 719//12
f 645//1 723//1 720//1
f 723//623 681//623 720//623
f 681//623 665//623 720//623
f 691//624 659//624 698//624
f 700//625 645//625 717//625
f 703//621 695//621 718//621
f 687//626 645//626 700//626
f 703//627 688//627 695//627
f 680//627 688//627 703//627
f 675//628 683//628 676//628
f 683//629 689//629 676//629
f 686//630 659//630 691//630
f 724//9 725//9 683//9
f 725//9 671//9 683//9
f 672//631 726//631 686//631
f 674//632 727//632 687//632
f 728//633 729//633 688//633
f 729//592 673//592 688//592
f 677//1 730//1 675//1
f 730//1 731//1 675//1
f 732//634 659//634 686//634
f 732//12 733//12 659//12
f 733//12 722//12 659//12
f 734//1 723//1 645//1
f 679//12 735//12 680//12
f 735//12 736//12 680//12
f 731//1 737//1 675//1
f 737//635 683//635 675//635
f 737//636 724//636 683//636
f 726//637 732//637 686//637
f 738//12 739//12 732//12
f 739//12 733//12 732//12
f 726//9 738//9 732//9
f 727//638 740//638 645//638
f 687//639 727//639 645//639
f 740//1 741//1 645//1
f 741//1 734//1 645//1
f 680//50 742//50 688//50
f 742//640 728//640 688//640
f 736//12 742//12 680//12
f 722//641 677//641 678//641
f 733//641 677//641 722//641
f 734//642 679//642 723//642
f 679//642 681//642 723//642
f 743//643 744//643 745//643
f 744//644 746//644 745//644
f 747//420 748//420 745//420
f 746//421 747//421 745//421
f 748//422 749//422 745//422
f 749//423 750//423 745//423
f 751//645 743//645 745//645
f 750//646 751//646 745//646
f 752//643 753//643 754//643
f 753//647 755//647 754//647
f 755//648 756//648 754//648
f 756//422 757//422 754//422
f 758//649 759//649 754//649
f 757//650 758//650 754//650
f 760//645 752//645 754//645
f 759//651 760//651 754//651
f 733//652 730//652 677//652
f 739//652 730//652 733//652
f 741//653 735//653 734//653
f 735//653 679//653 734//653
f 761//418 762//418 763//418
f 764//427 765//427 763//427
f 762//426 764//426 763//426
f 765//428 766//428 763//428
f 767//429 768//429 763//429
f 766//430 767//430 763//430
f 769//431 770//431 763//431
f 768//432 769//432 763//432
f 770//424 761//424 763//424
f 771//426 772//426 773//426
f 774//654 771//654 773//654
f 772//427 775//427 773//427
f 775//428 776//428 773//428
f 777//650 778//650 773//650
f 776//655 777//655 773//655
f 778//649 779//649 773//649
f 779//651 774//651 773//651
f 780//656 781//656 782//656
f 781//427 783//427 782//427
f 783//657 784//657 782//657
f 784//658 785//658 782//658
f 786//431 787//431 782//431
f 785//432 786//432 782//432
f 787//659 780//659 782//659
f 788//426 789//426 790//426
f 791//418 788//418 790//418
f 789//427 792//427 790//427
f 792//428 793//428 790//428
f 793//655 794//655 790//655
f 795//431 796//431 790//431
f 794//423 795//423 790//423
f 796//424 791//424 790//424
f 751//660 797//660 743//660
f 797//661 798//661 743//661
f 798//662 744//662 743//662
f 799//663 797//663 751//663
f 750//664 799//664 751//664
f 798//665 800//665 744//665
f 800//666 746//666 744//666
f 801//140 799//140 750//140
f 749//667 802//667 750//667
f 802//132 801//132 750//132
f 800//668 803//668 746//668
f 803//669 747//669 746//669
f 748//125 804//125 749//125
f 804//670 802//670 749//670
f 803//671 804//671 747//671
f 804//127 748//127 747//127
f 760//50 805//50 752//50
f 805//50 806//50 752//50
f 806//137 753//137 752//137
f 806//137 807//137 753//137
f 759//672 808//672 760//672
f 808//673 805//673 760//673
f 807//12 755//12 753//12
f 758//674 808//674 759//674
f 807//675 809//675 755//675
f 757//676 810//676 758//676
f 810//677 808//677 758//677
f 809//678 811//678 755//678
f 811//679 756//679 755//679
f 756//125 812//125 757//125
f 812//670 810//670 757//670
f 811//127 812//127 756//127
f 190//136 762//136 761//136
f 212//50 220//50 774//50
f 220//680 771//680 774//680
f 770//126 210//126 761//126
f 210//126 190//126 761//126
f 190//136 192//136 762//136
f 220//681 230//681 771//681
f 230//682 772//682 771//682
f 779//138 214//138 774//138
f 214//138 212//138 774//138
f 192//139 764//139 762//139
f 769//683 239//683 770//683
f 239//112 210//112 770//112
f 778//684 214//684 779//684
f 192//685 195//685 764//685
f 195//686 765//686 764//686
f 768//687 239//687 769//687
f 230//688 241//688 772//688
f 216//689 214//689 778//689
f 257//690 239//690 768//690
f 241//686 775//686 772//686
f 777//691 216//691 778//691
f 195//692 255//692 765//692
f 255//693 766//693 765//693
f 767//694 257//694 768//694
f 241//695 275//695 775//695
f 275//134 776//134 775//134
f 277//696 216//696 777//696
f 766//697 279//697 767//697
f 279//698 257//698 767//698
f 776//263 275//263 777//263
f 275//699 277//699 777//699
f 255//700 279//700 766//700
f 787//701 273//701 780//701
f 273//701 196//701 780//701
f 285//702 251//702 791//702
f 251//703 788//703 791//703
f 251//704 249//704 788//704
f 796//126 286//126 791//126
f 286//705 285//705 791//705
f 196//706 781//706 780//706
f 249//707 270//707 788//707
f 270//682 789//682 788//682
f 196//708 198//708 781//708
f 786//140 301//140 787//140
f 301//140 273//140 787//140
f 795//140 304//140 796//140
f 304//140 286//140 796//140
f 198//688 306//688 781//688
f 785//709 316//709 786//709
f 316//709 301//709 786//709
f 306//686 783//686 781//686
f 270//688 267//688 789//688
f 267//686 792//686 789//686
f 794//305 327//305 795//305
f 327//305 304//305 795//305
f 306//695 329//695 783//695
f 329//710 784//710 783//710
f 784//711 331//711 785//711
f 331//135 316//135 785//135
f 267//692 266//692 792//692
f 266//693 793//693 792//693
f 317//125 327//125 794//125
f 329//712 331//712 784//712
f 793//713 317//713 794//713
f 266//700 317//700 793//700
f 739//714 731//714 730//714
f 813//714 731//714 739//714
f 738//12 813//12 739//12
f 740//1 814//1 741//1
f 814//715 736//715 741//715
f 736//715 735//715 741//715
f 815//1 737//1 731//1
f 813//716 815//716 731//716
f 816//716 815//716 813//716
f 738//12 816//12 813//12
f 740//1 817//1 814//1
f 817//717 818//717 814//717
f 818//717 736//717 814//717
f 818//12 742//12 736//12
f 819//1 737//1 815//1
f 816//718 819//718 815//718
f 820//718 819//718 816//718
f 738//12 820//12 816//12
f 740//1 821//1 817//1
f 821//719 822//719 817//719
f 822//719 818//719 817//719
f 822//12 742//12 818//12
f 823//1 737//1 819//1
f 820//720 823//720 819//720
f 824//720 823//720 820//720
f 738//12 824//12 820//12
f 740//1 825//1 821//1
f 825//721 826//721 821//721
f 826//721 822//721 821//721
f 826//12 742//12 822//12
f 825//1 737//1 823//1
f 824//2 825//2 823//2
f 826//2 825//2 824//2
f 738//12 826//12 824//12
f 740//1 737//1 825//1
f 738//12 742//12 826//12
f 827//722 798//722 797//722
f 827//722 828//722 798//722
f 799//723 829//723 797//723
f 829//723 827//723 797//723
f 828//724 800//724 798//724
f 801//725 830//725 799//725
f 830//726 829//726 799//726
f 828//724 831//724 800//724
f 831//727 832//727 800//727
f 832//727 803//727 800//727
f 802//728 833//728 801//728
f 833//729 830//729 801//729
f 832//730 804//730 803//730
f 804//731 833//731 802//731
f 832//732 834//732 804//732
f 834//733 833//733 804//733
f 835//734 806//734 805//734
f 836//734 835//734 805//734
f 835//735 807//735 806//735
f 808//736 837//736 805//736
f 837//737 836//737 805//737
f 835//735 838//735 807//735
f 838//738 839//738 807//738
f 839//738 809//738 807//738
f 840//739 837//739 808//739
f 810//740 840//740 808//740
f 839//741 811//741 809//741
f 839//741 841//741 811//741
f 812//742 842//742 810//742
f 842//742 840//742 810//742
f 841//743 812//743 811//743
f 841//743 842//743 812//743
f 843//84 832//84 671//84
f 832//84 831//84 671//84
f 831//84 828//84 671//84
f 828//84 827//84 671//84
f 827//84 672//84 671//84
f 725//12 843//12 671//12
f 844//1 845//1 672//1
f 846//1 844//1 672//1
f 827//84 829//84 672//84
f 829//84 830//84 672//84
f 830//84 846//84 672//84
f 845//744 726//744 672//744
f 833//84 846//84 830//84
f 847//84 846//84 833//84
f 843//84 848//84 832//84
f 848//84 849//84 832//84
f 849//84 834//84 832//84
f 850//84 847//84 833//84
f 849//84 851//84 834//84
f 851//84 852//84 834//84
f 834//84 853//84 833//84
f 853//84 854//84 833//84
f 854//84 850//84 833//84
f 852//84 855//84 834//84
f 855//84 856//84 834//84
f 856//84 853//84 834//84
f 857//745 848//745 843//745
f 725//12 857//12 843//12
f 858//1 844//1 846//1
f 859//746 858//746 846//746
f 847//746 859//746 846//746
f 860//747 849//747 848//747
f 857//745 860//745 848//745
f 861//748 859//748 847//748
f 850//748 861//748 847//748
f 862//749 861//749 850//749
f 854//749 862//749 850//749
f 863//750 851//750 849//750
f 860//747 863//747 849//747
f 864//751 852//751 851//751
f 863//750 864//750 851//750
f 865//752 862//752 854//752
f 853//752 865//752 854//752
f 866//753 855//753 852//753
f 864//751 866//751 852//751
f 867//754 865//754 853//754
f 856//754 867//754 853//754
f 868//9 856//9 855//9
f 866//753 868//753 855//753
f 868//9 867//9 856//9
f 835//84 869//84 870//84
f 871//84 835//84 870//84
f 872//755 871//755 870//755
f 873//50 872//50 870//50
f 869//50 873//50 870//50
f 835//84 874//84 869//84
f 875//756 873//756 869//756
f 874//756 875//756 869//756
f 876//84 835//84 871//84
f 877//757 876//757 871//757
f 872//755 877//755 871//755
f 835//84 878//84 874//84
f 879//758 875//758 874//758
f 878//758 879//758 874//758
f 880//84 835//84 876//84
f 881//759 880//759 876//759
f 877//757 881//757 876//757
f 836//84 882//84 878//84
f 835//84 836//84 878//84
f 883//760 879//760 878//760
f 882//760 883//760 878//760
f 884//84 835//84 880//84
f 885//761 884//761 880//761
f 881//759 885//759 880//759
f 836//84 886//84 882//84
f 887//762 883//762 882//762
f 886//762 887//762 882//762
f 838//84 835//84 884//84
f 888//84 838//84 884//84
f 889//763 888//763 884//763
f 885//761 889//761 884//761
f 836//84 890//84 886//84
f 891//764 887//764 886//764
f 890//764 891//764 886//764
f 674//84 839//84 888//84
f 839//84 838//84 888//84
f 892//12 674//12 888//12
f 893//12 892//12 888//12
f 889//763 893//763 888//763
f 729//1 891//1 890//1
f 673//1 729//1 890//1
f 836//84 837//84 890//84
f 837//84 673//84 890//84
f 840//84 673//84 837//84
f 674//84 841//84 839//84
f 842//84 673//84 840//84
f 674//84 842//84 841//84
f 674//84 673//84 842//84
f 894//50 727//50 674//50
f 892//12 894//12 674//12
f 895//494 725//494 724//494
f 188//494 895//494 724//494
f 895//12 857//12 725//12
f 844//494 896//494 845//494
f 896//765 726//765 845//765
f 894//766 200//766 727//766
f 892//767 200//767 894//767
f 897//1 891//1 729//1
f 728//499 897//499 729//499
f 898//499 897//499 728//499
f 212//768 211//768 220//768
f 191//769 192//769 190//769
f 210//770 189//770 190//770
f 220//771 225//771 230//771
f 214//772 215//772 212//772
f 193//773 195//773 192//773
f 239//774 208//774 210//774
f 208//775 209//775 210//775
f 193//773 194//773 195//773
f 230//776 235//776 241//776
f 216//777 217//777 214//777
f 217//778 213//778 214//778
f 257//779 248//779 239//779
f 245//780 255//780 195//780
f 252//781 275//781 241//781
f 252//781 259//781 275//781
f 277//782 261//782 216//782
f 263//783 279//783 255//783
f 279//784 269//784 257//784
f 275//785 282//785 277//785
f 273//786 268//786 196//786
f 268//787 244//787 196//787
f 197//771 198//771 196//771
f 249//788 247//788 270//788
f 301//789 272//789 273//789
f 304//790 284//790 286//790
f 198//776 199//776 306//776
f 316//791 308//791 301//791
f 271//776 267//776 270//776
f 327//792 320//792 304//792
f 320//793 311//793 304//793
f 313//781 329//781 306//781
f 265//794 266//794 267//794
f 313//795 322//795 329//795
f 331//782 324//782 316//782
f 317//796 334//796 327//796
f 329//785 336//785 331//785
f 315//797 317//797 266//797
f 740//798 724//798 737//798
f 727//1 200//1 724//1
f 200//1 188//1 724//1
f 740//798 727//798 724//798
f 728//799 738//799 726//799
f 896//12 728//12 726//12
f 728//800 742//800 738//800
f 896//12 898//12 728//12
f 191//84 895//84 188//84
f 200//801 195//801 188//801
f 194//84 193//84 188//84
f 191//802 190//802 895//802
f 190//803 189//803 895//803
f 189//804 210//804 895//804
f 210//805 209//805 895//805
f 209//84 857//84 895//84
f 858//84 235//84 844//84
f 235//806 230//806 844//806
f 230//807 225//807 844//807
f 225//808 220//808 844//808
f 220//809 211//809 844//809
f 211//84 896//84 844//84
f 284//810 304//810 896//810
f 304//811 898//811 896//811
f 215//812 214//812 896//812
f 214//813 213//813 896//813
f 213//84 217//84 896//84
f 217//84 285//84 896//84
f 285//814 286//814 896//814
f 286//815 284//815 896//815
f 211//816 212//816 896//816
f 212//817 215//817 896//817
f 208//84 857//84 209//84
f 239//818 857//818 208//818
f 858//819 241//819 235//819
f 200//820 245//820 195//820
f 248//821 857//821 239//821
f 858//822 252//822 241//822
f 216//823 249//823 217//823
f 249//84 251//84 217//84
f 251//84 285//84 217//84
f 248//84 268//84 857//84
f 268//84 860//84 857//84
f 859//84 252//84 858//84
f 200//824 255//824 245//824
f 257//825 268//825 248//825
f 862//84 865//84 252//84
f 861//84 862//84 252//84
f 865//84 872//84 252//84
f 872//84 259//84 252//84
f 859//84 861//84 252//84
f 261//826 249//826 216//826
f 200//827 263//827 255//827
f 872//84 873//84 259//84
f 873//84 875//84 259//84
f 875//828 275//828 259//828
f 277//829 249//829 261//829
f 268//84 863//84 860//84
f 200//84 199//84 263//84
f 199//830 279//830 263//830
f 244//84 268//84 269//84
f 279//831 244//831 269//831
f 271//832 282//832 275//832
f 891//833 271//833 275//833
f 887//834 891//834 275//834
f 883//835 887//835 275//835
f 875//836 879//836 275//836
f 879//837 883//837 275//837
f 282//838 247//838 277//838
f 247//839 249//839 277//839
f 199//840 198//840 279//840
f 198//841 197//841 279//841
f 196//842 244//842 279//842
f 197//843 196//843 279//843
f 271//844 270//844 282//844
f 270//845 247//845 282//845
f 268//84 864//84 863//84
f 268//84 866//84 864//84
f 273//846 868//846 866//846
f 268//847 273//847 866//847
f 867//84 877//84 865//84
f 877//84 872//84 865//84
f 273//848 867//848 868//848
f 273//849 272//849 867//849
f 272//84 877//84 867//84
f 272//84 881//84 877//84
f 272//84 885//84 881//84
f 272//84 889//84 885//84
f 272//84 893//84 889//84
f 301//850 893//850 272//850
f 301//851 308//851 893//851
f 308//84 892//84 893//84
f 897//84 265//84 891//84
f 265//852 267//852 891//852
f 267//853 271//853 891//853
f 311//854 898//854 304//854
f 316//855 892//855 308//855
f 320//84 898//84 311//84
f 324//856 892//856 316//856
f 897//857 266//857 265//857
f 327//858 898//858 320//858
f 331//859 892//859 324//859
f 897//860 315//860 266//860
f 334//861 898//861 327//861
f 336//862 892//862 331//862
f 897//863 317//863 315//863
f 897//84 898//84 334//84
f 317//864 897//864 334//864
f 200//84 892//84 336//84
