T00,T01,T02,T03,T10,T11,T12,T13,T20,T21,T22,T23,T30,T31,T32,T33
3.814010356505771471e-01,9.212246872078497795e-01,-7.667023988137013080e-02,1.405680551075332851e-01,-9.169463384972491582e-01,3.875362681345464466e-01,9.500027998294177656e-02,-7.873652910537265459e-02,1.172291018525503242e-01,3.406929055833932130e-02,9.925203378871871873e-01,7.109481805482786854e-02,0.000000000000000000e+00,0.000000000000000000e+00,0.000000000000000000e+00,1.000000000000000000e+00
3.813068542458810106e-01,9.211380535272581938e-01,-7.816501294776453945e-02,1.405470683587869973e-01,-9.171889152469963058e-01,3.875333554484214349e-01,9.264120121698182775e-02,-7.887181486607236502e-02,1.156268855117542071e-01,3.636735842622055431e-02,9.926267367887842141e-01,7.100679187214620214e-02,0.000000000000000000e+00,0.000000000000000000e+00,0.000000000000000000e+00,1.000000000000000000e+00
3.815564373468109394e-01,9.212327298190097213e-01,-7.579539979065191835e-02,1.406185269790352077e-01,-9.169707844612147163e-01,3.875749933271073755e-01,9.460552305271237306e-02,-7.873777016591021471e-02,1.165301058258928213e-01,3.340482087526096266e-02,9.926252325920886799e-01,7.099432897794843988e-02,0.000000000000000000e+00,0.000000000000000000e+00,0.000000000000000000e+00,1.000000000000000000e+00
3.814857263466098214e-01,9.211624773426357882e-01,-7.699565526559010165e-02,1.406073685367939530e-01,-9.170518668700592402e-01,3.876121882183088951e-01,9.366250591754249344e-02,-7.879298031021533810e-02,1.161228404059206631e-01,3.487810030079555035e-02,9.926222867009730777e-01,7.095419993238372136e-02,0.000000000000000000e+00,0.000000000000000000e+00,0.000000000000000000e+00,1.000000000000000000e+00
3.814978818496561619e-01,9.211327577421776214e-01,-7.729041828400802505e-02,1.406033886696275714e-01,-9.171627781891321662e-01,3.876187416032040867e-01,9.254268994546180349e-02,-7.883630940000721510e-02,1.152033178715749645e-01,3.558305456589772042e-02,9.927044080586837627e-01,7.089235575923269472e-02,0.000000000000000000e+00,0.000000000000000000e+00,0.000000000000000000e+00,1.000000000000000000e+00
3.815009172598028409e-01,9.212013273721298967e-01,-7.645367602512867511e-02,1.406303048749338314e-01,-9.170564030016171708e-01,3.875689073818815444e-01,9.379709880668188338e-02,-7.878083461854026859e-02,1.160370796067576316e-01,3.432865390079797852e-02,9.926514693877678264e-01,7.091440816344896092e-02,0.000000000000000000e+00,0.000000000000000000e+00,0.000000000000000000e+00,1.000000000000000000e+00
3.814567649755042922e-01,9.212189990867448719e-01,-7.646105005844028302e-02,1.406276088992162165e-01,-9.169393092379859445e-01,3.875654110337029001e-01,9.494922508605554978e-02,-7.874376689474923974e-02,1.171026883918060424e-01,3.389111818593954634e-02,9.925413605888263602e-01,7.094961618011574878e-02,0.000000000000000000e+00,0.000000000000000000e+00,0.000000000000000000e+00,1.000000000000000000e+00
3.815011092388795322e-01,9.212126163198107731e-01,-7.631657213681382335e-02,1.406492912987391541e-01,-9.170218852277781663e-01,3.875652494827738770e-01,9.414902764578524097e-02,-7.879893887880572156e-02,1.163089234014143686e-01,3.406600837439373308e-02,9.926287026933281465e-01,7.081799452427861574e-02,0.000000000000000000e+00,0.000000000000000000e+00,0.000000000000000000e+00,1.000000000000000000e+00
3.813816286551040546e-01,9.211956921043065183e-01,-7.711387795233751175e-02,1.405843505071392996e-01,-9.171771462476894232e-01,3.874958342143436374e-01,9.291426622147079539e-02,-7.888072153077090032e-02,1.154735282448956790e-01,3.529129233957907508e-02,9.926834283696275296e-01,7.087066876552805539e-02,0.000000000000000000e+00,0.000000000000000000e+00,0.000000000000000000e+00,1.000000000000000000e+00
3.815521363132022281e-01,9.211605186234654852e-01,-7.668941389905153949e-02,1.406250816701086204e-01,-9.170760471603107700e-01,3.876315704054587585e-01,9.334500173987854421e-02,-7.882871237632391170e-02,1.157129681567783397e-01,3.471403972957294581e-02,9.926759010099934777e-01,7.090637838195612552e-02,0.000000000000000000e+00,0.000000000000000000e+00,0.000000000000000000e+00,1.000000000000000000e+00
3.814689989918740864e-01,9.212272212643323188e-01,-7.630078380812897743e-02,1.406336346973666718e-01,-9.168676350703049982e-01,3.875801139956246977e-01,9.557926028027638465e-02,-7.871269465201058413e-02,1.176228828448094982e-01,3.349719446066901085e-02,9.924932218380841942e-01,7.095263873778923092e-02,0.000000000000000000e+00,0.000000000000000000e+00,0.000000000000000000e+00,1.000000000000000000e+00
3.815037784244348917e-01,9.212028216135216274e-01,-7.642138770767199774e-02,1.406516074417650253e-01,-9.169425658364346310e-01,3.876014474732660253e-01,9.477050635047414018e-02,-7.877627365495612488e-02,1.169238983492082579e-01,3.391871707355094412e-02,9.925614956398969291e-01,7.087011447729163471e-02,0.000000000000000000e+00,0.000000000000000000e+00,0.000000000000000000e+00,1.000000000000000000e+00
3.814914261603271073e-01,9.211999342762441367e-01,-7.651779437231104319e-02,1.406691281668736027e-01,-9.171183147112008660e-01,3.875487342110947586e-01,9.327365883605531760e-02,-7.884437462798425666e-02,1.155780627430929575e-01,3.459276948759359982e-02,9.926958505563181490e-01,7.075730850327088817e-02,0.000000000000000000e+00,0.000000000000000000e+00,0.000000000000000000e+00,1.000000000000000000e+00
3.813932662535536866e-01,9.211638734718636812e-01,-7.743574540713091259e-02,1.406120701714983490e-01,-9.171221955946353699e-01,3.875552473342737669e-01,9.320841491702985815e-02,-7.882388032456236204e-02,1.158708539889183597e-01,3.546897903777262995e-02,9.926307957754971767e-01,7.093979061180055723e-02,0.000000000000000000e+00,0.000000000000000000e+00,0.000000000000000000e+00,1.000000000000000000e+00
3.815842102977512473e-01,9.211819874378189832e-01,-7.627081008847075294e-02,1.406608101133297595e-01,-9.170299005888359334e-01,3.876306835024626585e-01,9.380093087727500722e-02,-7.879375043323889882e-02,1.159726341749261203e-01,3.414965925926138207e-02,9.926651746157941769e-01,7.085104354850013664e-02,0.000000000000000000e+00,0.000000000000000000e+00,0.000000000000000000e+00,1.000000000000000000e+00
3.814865466487014634e-01,9.211977388872453210e-01,-7.656853528098131467e-02,1.405856906198966749e-01,-9.171445597721999965e-01,3.875417464478663754e-01,9.304435093220378428e-02,-7.886632613277518022e-02,1.153857495807240341e-01,3.472924746038147381e-02,9.927134572294917803e-01,7.093518262004616659e-02,0.000000000000000000e+00,0.000000000000000000e+00,0.000000000000000000e+00,1.000000000000000000e+00
3.815837718363848663e-01,9.212173275758139823e-01,-7.584497640050499867e-02,1.406667782744073225e-01,-9.170224078012372271e-01,3.875890740705453807e-01,9.404580400825179876e-02,-7.878935588930893741e-02,1.160333084141745852e-01,3.366519025956499211e-02,9.926746326482047689e-01,7.084549818414997979e-02,0.000000000000000000e+00,0.000000000000000000e+00,0.000000000000000000e+00,1.000000000000000000e+00
3.815641697868441540e-01,9.212049040360325014e-01,-7.609408068201255204e-02,1.406416748297087960e-01,-9.169147798547682138e-01,3.876285434182591416e-01,9.492838780533978393e-02,-7.871956597851523241e-02,1.169447340360333237e-01,3.355051575465044233e-02,9.925715551404032944e-01,7.096423045312882927e-02,0.000000000000000000e+00,0.000000000000000000e+00,0.000000000000000000e+00,1.000000000000000000e+00
3.812876704735697619e-01,9.212067813317423859e-01,-7.744532505742354744e-02,1.405825849692591833e-01,-9.168910362685955828e-01,3.875336442851001206e-01,9.554319524388220353e-02,-7.873150102855175358e-02,1.180277084211144856e-01,3.457948200191800214e-02,9.924080408125175445e-01,7.100659577011936285e-02,0.000000000000000000e+00,0.000000000000000000e+00,0.000000000000000000e+00,1.000000000000000000e+00
3.811261559135986077e-01,9.211899511788004258e-01,-7.843422164924396256e-02,1.404937160494919013e-01,-9.169806593440847919e-01,3.874686570131801733e-01,9.494477458654586310e-02,-7.878797237776391515e-02,1.178529747923690307e-01,3.573672732081047132e-02,9.923878085975197383e-01,7.112223851023147247e-02,0.000000000000000000e+00,0.000000000000000000e+00,0.000000000000000000e+00,1.000000000000000000e+00
3.813109339873186898e-01,9.211566662590705556e-01,-7.792539912117374401e-02,1.405477257235493438e-01,-9.170047731485947429e-01,3.875694466807010907e-01,9.429830339040967679e-02,-7.879046314084757474e-02,1.170650146047622631e-01,3.550098880440896720e-02,9.924895274759810704e-01,7.105005409615827716e-02,0.000000000000000000e+00,0.000000000000000000e+00,0.000000000000000000e+00,1.000000000000000000e+00
3.813556845522705907e-01,9.211887476390675511e-01,-7.732485423739945962e-02,1.405752875607139685e-01,-9.169939643250272221e-01,3.875500469687401250e-01,9.448296399879582697e-02,-7.877451934965622182e-02,1.170038941708329838e-01,3.487480921371950010e-02,9.925189350491843143e-01,7.106252442192273477e-02,0.000000000000000000e+00,0.000000000000000000e+00,0.000000000000000000e+00,1.000000000000000000e+00
3.811728821631386044e-01,9.211084818252113227e-01,-7.916058749845431008e-02,1.405359127505713679e-01,-9.170725144974678500e-01,3.875550674903626147e-01,9.369670653674082306e-02,-7.883057994660939982e-02,1.169839179406199081e-01,3.688135534650101299e-02,9.924487536246229258e-01,7.103507241058770738e-02,0.000000000000000000e+00,0.000000000000000000e+00,0.000000000000000000e+00,1.000000000000000000e+00
3.814856716895733135e-01,9.211487348051404789e-01,-7.716016240550969962e-02,1.406422560387065590e-01,-9.172002654207082051e-01,3.875835147550194537e-01,9.231842829212691393e-02,-7.887907651897643757e-02,1.149450103646873361e-01,3.555316381189069230e-02,9.927354215173482821e-01,7.076481827935166002e-02,0.000000000000000000e+00,0.000000000000000000e+00,0.000000000000000000e+00,1.000000000000000000e+00
3.814301435961570119e-01,9.211798314433672363e-01,-7.706337455747021281e-02,1.406415829781256233e-01,-9.169214183130935947e-01,3.876094734800388242e-01,9.494213346682373045e-02,-7.876143189726279858e-02,1.173292725406583775e-01,3.444726709765267431e-02,9.924954546971906932e-01,7.092740525233076632e-02,0.000000000000000000e+00,0.000000000000000000e+00,0.000000000000000000e+00,1.000000000000000000e+00
3.814896222622428112e-01,9.211286051466137659e-01,-7.738062345875082459e-02,1.406151120346108008e-01,-9.170685314872314420e-01,3.876496053881972603e-01,9.334394462538983528e-02,-7.883596914566462499e-02,1.159783456601455320e-01,3.535358854527535094e-02,9.926223587623377309e-01,7.084272387962609052e-02,0.000000000000000000e+00,0.000000000000000000e+00,0.000000000000000000e+00,1.000000000000000000e+00
3.813124379935525776e-01,9.212066944393746404e-01,-7.732432186249243999e-02,1.405929794538808286e-01,-9.170780640462137256e-01,3.874871898329880771e-01,9.392285217444673595e-02,-7.881773750442781779e-02,1.164845443681787607e-01,3.509848765139455401e-02,9.925721369693605300e-01,7.092765224198704921e-02,0.000000000000000000e+00,0.000000000000000000e+00,0.000000000000000000e+00,1.000000000000000000e+00
3.813824138825216981e-01,9.211982930810068693e-01,-7.707891544242148618e-02,1.406041475468651769e-01,-9.169381184451940170e-01,3.875645593516218179e-01,9.496419997436023053e-02,-7.875893055477337090e-02,1.173539148189270687e-01,3.445891987892615166e-02,9.924921367534602634e-01,7.098267704641414433e-02,0.000000000000000000e+00,0.000000000000000000e+00,0.000000000000000000e+00,1.000000000000000000e+00
3.815994829135466171e-01,9.211280564445023522e-01,-7.684359616056196662e-02,1.406674299442036702e-01,-9.171191225010160153e-01,3.876752399531376847e-01,9.273846812538838469e-02,-7.882441044412008546e-02,1.152143644823873103e-01,3.508577999775439049e-02,9.927208259419507685e-01,7.076616174724859043e-02,0.000000000000000000e+00,0.000000000000000000e+00,0.000000000000000000e+00,1.000000000000000000e+00
3.813740539856850797e-01,9.212171625232181693e-01,-7.689454089331838882e-02,1.405637784332692264e-01,-9.170374377467942484e-01,3.875090346824447418e-01,9.422890114117898896e-02,-7.883464459623099052e-02,1.166026102508773282e-01,3.457871472669701851e-02,9.925765178415877354e-01,7.092359148361992993e-02,0.000000000000000000e+00,0.000000000000000000e+00,0.000000000000000000e+00,1.000000000000000000e+00
3.812671320552210030e-01,9.211751156639174098e-01,-7.792162919212428096e-02,1.405688779389198673e-01,-9.171131023175280728e-01,3.874979939335371215e-01,9.353535296883011552e-02,-7.885231605942716326e-02,1.163569145857085152e-01,3.580099131382650374e-02,9.925620169284342653e-01,7.098959798170390023e-02,0.000000000000000000e+00,0.000000000000000000e+00,0.000000000000000000e+00,1.000000000000000000e+00
3.813326388822755320e-01,9.211955920484525828e-01,-7.735696292888689929e-02,1.405962513789303925e-01,-9.170138905563794962e-01,3.875273438732113052e-01,9.438263758354384358e-02,-7.879848538729697371e-02,1.169228080817972110e-01,3.494622928264196071e-02,9.925259785059494799e-01,7.093107024092493162e-02,0.000000000000000000e+00,0.000000000000000000e+00,0.000000000000000000e+00,1.000000000000000000e+00
3.814372478335452676e-01,9.211419147910226979e-01,-7.748031221090125042e-02,1.405766172370052636e-01,-9.170852939094553680e-01,3.876091746134145977e-01,9.334715555663856967e-02,-7.882851648791708299e-02,1.160180574745946075e-01,3.544997278751667313e-02,9.926142804580165846e-01,7.093770223342144021e-02,0.000000000000000000e+00,0.000000000000000000e+00,0.000000000000000000e+00,1.000000000000000000e+00
3.813973334648477209e-01,9.211544971687282146e-01,-7.752719762593816843e-02,1.405909697626114840e-01,-9.170530280907960297e-01,3.875891415762449110e-01,9.374647194263505123e-02,-7.879772258577950883e-02,1.164036842003095401e-01,3.534189692160200069e-02,9.925729860451459885e-01,7.096619967920592131e-02,0.000000000000000000e+00,0.000000000000000000e+00,0.000000000000000000e+00,1.000000000000000000e+00
3.814207305820002669e-01,9.212054148071112669e-01,-7.680371092825671875e-02,1.405472505036128861e-01,-9.170540914041697134e-01,3.875354454525049008e-01,9.395782009391931422e-02,-7.881090382792736715e-02,1.163186129609782571e-01,3.459569695766612912e-02,9.926092474034520219e-01,7.100661330581847785e-02,0.000000000000000000e+00,0.000000000000000000e+00,0.000000000000000000e+00,1.000000000000000000e+00
3.815944577044642072e-01,9.211859731314802069e-01,-7.617133814659990398e-02,1.405962929651874416e-01,-9.170432311363627687e-01,3.876255673471087349e-01,9.369168461401232439e-02,-7.881702600376395973e-02,1.158334238301509389e-01,3.410018247223674248e-02,9.926831294421925023e-01,7.097402521985474166e-02,0.000000000000000000e+00,0.000000000000000000e+00,0.000000000000000000e+00,1.000000000000000000e+00
3.816373141591145601e-01,9.212180236359879260e-01,-7.556661544373979855e-02,1.405872016175165329e-01,-9.171084035216638952e-01,3.875824507862646873e-01,9.323100360104501216e-02,-7.878282272887056348e-02,1.151743748902621933e-01,3.372234823848214991e-02,9.927727164854603936e-01,7.088350140245736064e-02,0.000000000000000000e+00,0.000000000000000000e+00,0.000000000000000000e+00,1.000000000000000000e+00
3.816589792011100268e-01,9.211465046414508695e-01,-7.632522900066945892e-02,1.406905125026750580e-01,-9.169173385478199823e-01,3.877344098016347607e-01,9.447021607978257907e-02,-7.874679616533382387e-02,1.166148269541634752e-01,3.392851960542860035e-02,9.925975204945027830e-01,7.095256850684972250e-02,0.000000000000000000e+00,0.000000000000000000e+00,0.000000000000000000e+00,1.000000000000000000e+00
3.815419987448684935e-01,9.211694923173204819e-01,-7.663204041144300316e-02,1.406237896641541196e-01,-9.169274231948550957e-01,3.876608783688449966e-01,9.467388222492380268e-02,-7.875124143346262651e-02,1.169179361219396529e-01,3.414395709559474301e-02,9.925544752842738738e-01,7.096273384290463504e-02,0.000000000000000000e+00,0.000000000000000000e+00,0.000000000000000000e+00,1.000000000000000000e+00
3.815370936334742669e-01,9.212108450047383768e-01,-7.615789668430791859e-02,1.406576201510248425e-01,-9.169882557764635900e-01,3.875902266820412945e-01,9.437348647052995476e-02,-7.876836778282197971e-02,1.164559356570585014e-01,3.382891110012362090e-02,9.926195745722623531e-01,7.086882027414387331e-02,0.000000000000000000e+00,0.000000000000000000e+00,0.000000000000000000e+00,1.000000000000000000e+00
3.816333251436200835e-01,9.211842001108825340e-01,-7.599785921917520670e-02,1.406263901779997161e-01,-9.170917322830982599e-01,3.876275198699192237e-01,9.320761995395827892e-02,-7.885243986895390522e-02,1.153202485160783330e-01,3.412587442936847182e-02,9.927419931566413558e-01,7.085813186338230096e-02,0.000000000000000000e+00,0.000000000000000000e+00,0.000000000000000000e+00,1.000000000000000000e+00
3.815803032784478299e-01,9.212177414663795805e-01,-7.585739883169470565e-02,1.406182350154595029e-01,-9.170576761091246976e-01,3.875770484793802373e-01,9.375100096182496789e-02,-7.877983960897699811e-02,1.157656721107761799e-01,3.379207450860576001e-02,9.927015688821818618e-01,7.093143105231658474e-02,0.000000000000000000e+00,0.000000000000000000e+00,0.000000000000000000e+00,1.000000000000000000e+00
3.814456164654205783e-01,9.212016426579058281e-01,-7.672532335344867116e-02,1.406038947968560882e-01,-9.169904467958797101e-01,3.875679292252794395e-01,9.444374368438487877e-02,-7.876439158156123277e-02,1.167380065120536270e-01,3.433123651144487365e-02,9.925691935755345252e-01,7.099298251218755240e-02,0.000000000000000000e+00,0.000000000000000000e+00,0.000000000000000000e+00,1.000000000000000000e+00
3.814375682330725659e-01,9.212624768003013775e-01,-7.603177217594118964e-02,1.405967080627787968e-01,-9.170094820047106632e-01,3.874841978806053411e-01,9.460235888325523035e-02,-7.876244123144329756e-02,1.166147137109742188e-01,3.363696229741870714e-02,9.926074568093419259e-01,7.100452199343365578e-02,0.000000000000000000e+00,0.000000000000000000e+00,0.000000000000000000e+00,1.000000000000000000e+00
3.814113537429995593e-01,9.212595689827124401e-01,-7.619833196153165400e-02,1.406044533854133860e-01,-9.170493252696073627e-01,3.874668240471174641e-01,9.428677152919438809e-02,-7.880661539903267843e-02,1.163869161825797222e-01,3.391558374298521417e-02,9.926247120240772048e-01,7.086519226261245308e-02,0.000000000000000000e+00,0.000000000000000000e+00,0.000000000000000000e+00,1.000000000000000000e+00
3.814169149430831629e-01,9.211968512222081795e-01,-7.692527733840008597e-02,1.405707735850091344e-01,-9.170824945121205385e-01,3.875360246023312749e-01,9.367778762784476076e-02,-7.883435233799515607e-02,1.161069991633886939e-01,3.481653247683078045e-02,9.926263011887015431e-01,7.087326117712633433e-02,0.000000000000000000e+00,0.000000000000000000e+00,0.000000000000000000e+00,1.000000000000000000e+00
3.813996152145903151e-01,9.211171299547095126e-01,-7.795874818236317449e-02,1.405853936476475496e-01,-9.171343844903349085e-01,3.876098011819079092e-01,9.286098649732354993e-02,-7.882804714109133137e-02,1.157534202505339227e-01,3.608150401134219143e-02,9.926224210486999100e-01,7.091689542040779948e-02,0.000000000000000000e+00,0.000000000000000000e+00,0.000000000000000000e+00,1.000000000000000000e+00
3.812940039538928461e-01,9.211954421438794949e-01,-7.754895177983398002e-02,1.405841845330419448e-01,-9.171771546657123686e-01,3.874638105196997473e-01,9.304763563284218497e-02,-7.888296000636796368e-02,1.157624702056615773e-01,3.564762139184734363e-02,9.926370422168351304e-01,7.091783153952069263e-02,0.000000000000000000e+00,0.000000000000000000e+00,0.000000000000000000e+00,1.000000000000000000e+00
3.815638122592802106e-01,9.211288597657402155e-01,-7.701091403711640693e-02,1.406492998611527101e-01,-9.171124469688863856e-01,3.876631908633308421e-01,9.285477943758399522e-02,-7.882627862196675550e-02,1.153855137740712744e-01,3.519764418719120713e-02,9.926969875318276681e-01,7.083255696394941126e-02,0.000000000000000000e+00,0.000000000000000000e+00,0.000000000000000000e+00,1.000000000000000000e+00
3.814722055464710992e-01,9.211769727561199828e-01,-7.688914916541461642e-02,1.405760745674148327e-01,-9.170597065137572335e-01,3.875872519838542418e-01,9.368893631857344584e-02,-7.883019517047126778e-02,1.161053447710841124e-01,3.477221539497853814e-02,9.926280481389355703e-01,7.095355312148332594e-02,0.000000000000000000e+00,0.000000000000000000e+00,0.000000000000000000e+00,1.000000000000000000e+00
3.815183744418774725e-01,9.211854234215036685e-01,-7.655811935367960730e-02,1.406323611882408509e-01,-9.171149729813367069e-01,3.875772482533204610e-01,9.318799799236973658e-02,-7.885336544119186941e-02,1.155156106189517834e-01,3.465966405100998071e-02,9.927007864362764611e-01,7.077274704233715852e-02,0.000000000000000000e+00,0.000000000000000000e+00,0.000000000000000000e+00,1.000000000000000000e+00
3.816185815459472996e-01,9.211547006281132211e-01,-7.642823908471453598e-02,1.406317150118665538e-01,-9.170355550890044727e-01,3.876749622785268246e-01,9.356235527681090736e-02,-7.880115919482896802e-02,1.158147180692528505e-01,3.438227934669178809e-02,9.926755814189576199e-01,7.091585962007296295e-02,0.000000000000000000e+00,0.000000000000000000e+00,0.000000000000000000e+00,1.000000000000000000e+00
3.815628230694410594e-01,9.211782118453019086e-01,-7.642325609898423244e-02,1.406407925942948500e-01,-9.169954598885979857e-01,3.876377184364698247e-01,9.410805379491909983e-02,-7.875844545055944723e-02,1.163148253447413016e-01,3.417164419311197882e-02,9.926243801852552284e-01,7.092647895873005481e-02,0.000000000000000000e+00,0.000000000000000000e+00,0.000000000000000000e+00,1.000000000000000000e+00
3.816347314568864779e-01,9.211606354205091884e-01,-7.627591689068120850e-02,1.406462143440757595e-01,-9.170452337800788500e-01,3.876706889976446191e-01,9.348516509763576954e-02,-7.880841901197482846e-02,1.156847913386668120e-01,3.427128015956568824e-02,9.926945695475289932e-01,7.085651559316308301e-02,0.000000000000000000e+00,0.000000000000000000e+00,0.000000000000000000e+00,1.000000000000000000e+00
3.815418408401533013e-01,9.212428042905321801e-01,-7.574641398260258118e-02,1.406210589116361764e-01,-9.170816077100437669e-01,3.875252062002061404e-01,9.373120803366179199e-02,-7.884151905987410447e-02,1.157028456360040675e-01,3.370326545610101421e-02,9.927119125956568313e-01,7.085104648215923007e-02,0.000000000000000000e+00,0.000000000000000000e+00,0.000000000000000000e+00,1.000000000000000000e+00
3.814020865212688349e-01,9.212209071982349062e-01,-7.671042000982430942e-02,1.406107197193851577e-01,-9.170376213419326739e-01,3.875145647695723561e-01,9.420436898031230022e-02,-7.880916575498837784e-02,1.165094392774787269e-01,3.441659820943927806e-02,9.925930930280228992e-01,7.091910125991041092e-02,0.000000000000000000e+00,0.000000000000000000e+00,0.000000000000000000e+00,1.000000000000000000e+00
3.815388881997902049e-01,9.211758634731569417e-01,-7.657091710141762653e-02,1.405965538014944949e-01,-9.170101118767498560e-01,3.876276197649589639e-01,9.400682481151792502e-02,-7.878656427527258588e-02,1.162778203573622965e-01,3.434904583589731136e-02,9.926225927023344386e-01,7.097925147339712026e-02,0.000000000000000000e+00,0.000000000000000000e+00,0.000000000000000000e+00,1.000000000000000000e+00
3.816355400958449384e-01,9.211484754861364310e-01,-7.641858834943082712e-02,1.406306616951302213e-01,-9.171215513036060640e-01,3.876630114028256080e-01,9.276556324714560486e-02,-7.883578465917691347e-02,1.150755172494141443e-01,3.468249846334198888e-02,9.927511015506960135e-01,7.087887628373334969e-02,0.000000000000000000e+00,0.000000000000000000e+00,0.000000000000000000e+00,1.000000000000000000e+00
3.817158340135582417e-01,9.211523103435266258e-01,-7.597001521730195606e-02,1.406649999483465252e-01,-9.171325506509155900e-01,3.876843749619335311e-01,9.256732656245930668e-02,-7.881107515978455491e-02,1.147209945907013695e-01,3.434015956803845859e-02,9.928040324459617150e-01,7.080042491358806700e-02,0.000000000000000000e+00,0.000000000000000000e+00,0.000000000000000000e+00,1.000000000000000000e+00
3.815810530682048340e-01,9.211077465501106287e-01,-7.717784128062336879e-02,1.406125290276816764e-01,-9.169828493442601092e-01,3.877343125003315794e-01,9.383260050950935349e-02,-7.877547220316227783e-02,1.163544324374531230e-01,3.496601428919833554e-02,9.925920732591438922e-01,7.096529288204189712e-02,0.000000000000000000e+00,0.000000000000000000e+00,0.000000000000000000e+00,1.000000000000000000e+00
3.814237463078986035e-01,9.211360726852740877e-01,-7.761611527510074715e-02,1.405695517646863846e-01,-9.170894834207589108e-01,3.876099480668038777e-01,9.330277358522416631e-02,-7.881524669067833944e-02,1.160293288418655505e-01,3.559302962097436740e-02,9.926078435570147018e-01,7.099989142432439060e-02,0.000000000000000000e+00,0.000000000000000000e+00,0.000000000000000000e+00,1.000000000000000000e+00
3.813711086608521095e-01,9.211919075487978725e-01,-7.721105455438385945e-02,1.405790076268197963e-01,-9.170079635606508406e-01,3.875476306722615005e-01,9.435692198596215552e-02,-7.879503959129977031e-02,1.168437942089397413e-01,3.481814795367393911e-02,9.925397847582411170e-01,7.099756650722577334e-02,0.000000000000000000e+00,0.000000000000000000e+00,0.000000000000000000e+00,1.000000000000000000e+00
3.814983230651065038e-01,9.211313728158589953e-01,-7.730474443967097486e-02,1.406218376320020336e-01,-9.169683769831906694e-01,3.876796928173331103e-01,9.419899887934893301e-02,-7.876137553178044759e-02,1.167391327333082984e-01,3.494924593506196220e-02,9.925474926154647104e-01,7.098330516230255682e-02,0.000000000000000000e+00,0.000000000000000000e+00,0.000000000000000000e+00,1.000000000000000000e+00
3.814780065199463999e-01,9.211669208296491274e-01,-7.698074116810295353e-02,1.406131845494372756e-01,-9.170142672575294363e-01,3.876152090702866260e-01,9.401746297116439499e-02,-7.877793188552230375e-02,1.164446829516228993e-01,3.472684360290679423e-02,9.925898861794206773e-01,7.100400641781678956e-02,0.000000000000000000e+00,0.000000000000000000e+00,0.000000000000000000e+00,1.000000000000000000e+00
3.814714267685522797e-01,9.211512332726544683e-01,-7.720075128800778230e-02,1.405913362135100542e-01,-9.169355640489297299e-01,3.876554052214364887e-01,9.461743066092477561e-02,-7.873491025603908400e-02,1.170842514663527206e-01,3.469426815587302315e-02,9.925157861795913528e-01,7.105183347394139481e-02,0.000000000000000000e+00,0.000000000000000000e+00,0.000000000000000000e+00,1.000000000000000000e+00
3.813622748043025146e-01,9.212099261816146800e-01,-7.703951752543750087e-02,1.405858498843205462e-01,-9.170672352026680851e-01,3.875047176689812023e-01,9.395626590077896245e-02,-7.884061694823853161e-02,1.164066212628059038e-01,3.481904204236146994e-02,9.925911206722687341e-01,7.095423956774826735e-02,0.000000000000000000e+00,0.000000000000000000e+00,0.000000000000000000e+00,1.000000000000000000e+00
3.815008686274543592e-01,9.211401621708130705e-01,-7.718736212895112303e-02,1.405828846497365059e-01,-9.170987131085539534e-01,3.876305992256585675e-01,9.312609171757976756e-02,-7.881233570616602568e-02,1.157023666617586904e-01,3.526074559456834900e-02,9.926578676306268001e-01,7.100121845568230228e-02,0.000000000000000000e+00,0.000000000000000000e+00,0.000000000000000000e+00,1.000000000000000000e+00
3.814834624389475404e-01,9.211689070682536062e-01,-7.692991964295599339e-02,1.406127094811270850e-01,-9.169504534119763406e-01,3.876336779288743206e-01,9.456213683554987037e-02,-7.872176291245308599e-02,1.169283279328138941e-01,3.446703332190428209e-02,9.925420846195003310e-01,7.105538590437099344e-02,0.000000000000000000e+00,0.000000000000000000e+00,0.000000000000000000e+00,1.000000000000000000e+00
3.815179718733433534e-01,9.212121761957015043e-01,-7.623754695968823492e-02,1.406059571674408981e-01,-9.169386093037301677e-01,3.875960732787906426e-01,9.483074789857795506e-02,-7.872049460009641897e-02,1.169086134798975052e-01,3.372551567644657688e-02,9.925698794979452844e-01,7.102696185045953570e-02,0.000000000000000000e+00,0.000000000000000000e+00,0.000000000000000000e+00,1.000000000000000000e+00
3.813184273724508078e-01,9.211647730417248381e-01,-7.779278792528641906e-02,1.405391108535102296e-01,-9.171402826335396385e-01,3.875209763489961823e-01,9.317292986909864183e-02,-7.883326850563274202e-02,1.159739579262181880e-01,3.581834441327985674e-02,9.926062095747838487e-01,7.100734405200204158e-02,0.000000000000000000e+00,0.000000000000000000e+00,0.000000000000000000e+00,1.000000000000000000e+00
3.814439618114980335e-01,9.211302438668539372e-01,-7.758593836088377438e-02,1.405660585588124900e-01,-9.170719951699227712e-01,3.876297682691374757e-01,9.339228247918582304e-02,-7.878098970591328187e-02,1.161010752431074905e-01,3.552796905826713370e-02,9.926017850789858876e-01,7.101072547111719757e-02,0.000000000000000000e+00,0.000000000000000000e+00,0.000000000000000000e+00,1.000000000000000000e+00
3.814245588355763550e-01,9.211296044722314669e-01,-7.768885172221705326e-02,1.405805510650403600e-01,-9.171172198786952112e-01,3.876094715176534589e-01,9.303172895189411318e-02,-7.884267324944627120e-02,1.158072144516879426e-01,3.576519753386074585e-02,9.926275936756467910e-01,7.097713350362422347e-02,0.000000000000000000e+00,0.000000000000000000e+00,0.000000000000000000e+00,1.000000000000000000e+00
3.814455495114560390e-01,9.211916440263629990e-01,-7.684560972436968451e-02,1.406044433030945728e-01,-9.169905900547132838e-01,3.875801574050108389e-01,9.439215717958907015e-02,-7.875420359533562287e-02,1.167370999683157440e-01,3.446123273932385350e-02,9.925647953302967341e-01,7.098498912254513904e-02,0.000000000000000000e+00,0.000000000000000000e+00,0.000000000000000000e+00,1.000000000000000000e+00
3.814927746324062729e-01,9.212031518339967029e-01,-7.647232149202036477e-02,1.406036569152566140e-01,-9.170431989352165747e-01,3.875676158701171214e-01,9.393143465006097148e-02,-7.880982825298882277e-02,1.161681289766406805e-01,3.429425870119033604e-02,9.926373303630097178e-01,7.091776729864118778e-02,0.000000000000000000e+00,0.000000000000000000e+00,0.000000000000000000e+00,1.000000000000000000e+00
3.813660907159371338e-01,9.211450758489767576e-01,-7.779237810496911210e-02,1.405868297563639957e-01,-9.170955012015802321e-01,3.875760106864030718e-01,9.338456840525438674e-02,-7.882698768285711921e-02,1.161711949145142198e-01,3.572933220193258430e-02,9.925863530658367573e-01,7.096267189677396559e-02,0.000000000000000000e+00,0.000000000000000000e+00,0.000000000000000000e+00,1.000000000000000000e+00
3.815386750619058631e-01,9.211814107749445313e-01,-7.650521468951144988e-02,1.405856099173798945e-01,-9.169689503056328572e-01,3.876328210669613972e-01,9.438612295806408925e-02,-7.874784801559781000e-02,1.166026741005157380e-01,3.414095010909847655e-02,9.925916642397603074e-01,7.101211066105905800e-02,0.000000000000000000e+00,0.000000000000000000e+00,0.000000000000000000e+00,1.000000000000000000e+00
3.814248230106212501e-01,9.211991297411045165e-01,-7.685875197756172894e-02,1.406021850093390757e-01,-9.171754948830505016e-01,3.875080770760090387e-01,9.287950143538498127e-02,-7.886373689726650094e-02,1.153439030783511565e-01,3.506641648480735007e-02,9.927064674200356542e-01,7.087076927939373050e-02,0.000000000000000000e+00,0.000000000000000000e+00,0.000000000000000000e+00,1.000000000000000000e+00
3.814900379776445249e-01,9.212134663236255516e-01,-7.636164212368641568e-02,1.405852740125879685e-01,-9.171612255557186622e-01,3.875188845547193339e-01,9.297526795120567011e-02,-7.884530671412873226e-02,1.152416472502356820e-01,3.456679877392029865e-02,9.927358657576423884e-01,7.094565256205642712e-02,0.000000000000000000e+00,0.000000000000000000e+00,0.000000000000000000e+00,1.000000000000000000e+00
3.814781253591535415e-01,9.211782908132273295e-01,-7.684397443448351406e-02,1.405956731057979581e-01,-9.171108158198071347e-01,3.875724497902958698e-01,9.324884808873888653e-02,-7.883820650107184469e-02,1.156814219258823773e-01,3.490204432365297260e-02,9.926729853900708722e-01,7.092307833026945119e-02,0.000000000000000000e+00,0.000000000000000000e+00,0.000000000000000000e+00,1.000000000000000000e+00
3.815059528112475506e-01,9.211533481626270614e-01,-7.700465660181954330e-02,1.406112219590067158e-01,-9.171025005584587664e-01,3.876153852741677230e-01,9.315211521044937382e-02,-7.880617777502128829e-02,1.156555724511554861e-01,3.508307665442854384e-02,9.926696158810619508e-01,7.094618166385102676e-02,0.000000000000000000e+00,0.000000000000000000e+00,0.000000000000000000e+00,1.000000000000000000e+00
3.814768269036770132e-01,9.211740529539341749e-01,-7.690120090040818146e-02,1.406010782782686208e-01,-9.170911306082961678e-01,3.875830539211709835e-01,9.339825733243811712e-02,-7.880001180203305422e-02,1.158416535409422105e-01,3.489613843337946442e-02,9.926545072820347482e-01,7.092237612263296853e-02,0.000000000000000000e+00,0.000000000000000000e+00,0.000000000000000000e+00,1.000000000000000000e+00
3.814238132150092886e-01,9.212145251725053496e-01,-7.667902792626732356e-02,1.405881862742512922e-01,-9.170875118816969040e-01,3.875154788378557535e-01,9.371365541747850303e-02,-7.883134410475722831e-02,1.160446908012610356e-01,3.457675913475558027e-02,9.926419684179069725e-01,7.091724598680815284e-02,0.000000000000000000e+00,0.000000000000000000e+00,0.000000000000000000e+00,1.000000000000000000e+00
3.813954373949213217e-01,9.212032909588663276e-01,-7.695464288066966585e-02,1.405981155900729029e-01,-9.169873709101132864e-01,3.875486288094053267e-01,9.455274665131850609e-02,-7.877126820556407116e-02,1.169259677133155095e-01,3.450444948850113491e-02,9.925410626466799613e-01,7.098683720212073389e-02,0.000000000000000000e+00,0.000000000000000000e+00,0.000000000000000000e+00,1.000000000000000000e+00
3.815505942272560680e-01,9.211995816668437920e-01,-7.622647034764350182e-02,1.406195056684564348e-01,-9.169940279481471057e-01,3.876073523543949739e-01,9.424697930570072324e-02,-7.874046550895857921e-02,1.163662182605460643e-01,3.393922712214158394e-02,9.926263305544997806e-01,7.095334202485803488e-02,0.000000000000000000e+00,0.000000000000000000e+00,0.000000000000000000e+00,1.000000000000000000e+00
3.813411723164261691e-01,9.211977024667525882e-01,-7.728973584060308544e-02,1.406167951549650574e-01,-9.169578162156533097e-01,3.875445369708762078e-01,9.485565425977277032e-02,-7.878060243991508171e-02,1.173340256590311714e-01,3.469906099602076965e-02,9.924861216100910877e-01,7.090844798635376200e-02,0.000000000000000000e+00,0.000000000000000000e+00,0.000000000000000000e+00,1.000000000000000000e+00
3.815386400222839924e-01,9.211876027868977079e-01,-7.643079642183001066e-02,1.405792749941691122e-01,-9.169437127969346513e-01,3.876325209831045226e-01,9.463221564803513119e-02,-7.876301183163798847e-02,1.168010861769666064e-01,3.397689138241262452e-02,9.925739655662286776e-01,7.105122718977430196e-02,0.000000000000000000e+00,0.000000000000000000e+00,0.000000000000000000e+00,1.000000000000000000e+00
3.814027653396918627e-01,9.212187884450384612e-01,-7.673248599577586759e-02,1.405990447656277342e-01,-9.171109151950918026e-01,3.874956147535929540e-01,9.356664884859768050e-02,-7.884091422802066984e-02,1.159288567236721190e-01,3.468562184235753076e-02,9.926517051897668642e-01,7.089926690000636356e-02,0.000000000000000000e+00,0.000000000000000000e+00,0.000000000000000000e+00,1.000000000000000000e+00
3.815220329055911130e-01,9.211635223397014460e-01,-7.680301763798005887e-02,1.406320195121409933e-01,-9.170822754327021542e-01,3.876150470591609998e-01,9.335242568087001591e-02,-7.883418683133222582e-02,1.157628545551766253e-01,3.481867895310305355e-02,9.926664198517034521e-01,7.084407484454935400e-02,0.000000000000000000e+00,0.000000000000000000e+00,0.000000000000000000e+00,1.000000000000000000e+00
3.813715041477131473e-01,9.211664445624567765e-01,-7.751230377348813927e-02,1.405453336346300652e-01,-9.171061366697144113e-01,3.875490470517263253e-01,9.339202434924620544e-02,-7.883952342908757960e-02,1.160694184824847541e-01,3.546995265660114055e-02,9.926075622075808402e-01,7.096480179309372360e-02,0.000000000000000000e+00,0.000000000000000000e+00,0.000000000000000000e+00,1.000000000000000000e+00
3.812978004975245971e-01,9.211824860173367657e-01,-7.768407037912526680e-02,1.405446876387900224e-01,-9.169661262108974586e-01,3.875449060261951795e-01,9.477377904741357550e-02,-7.877820355226732019e-02,1.174100111469646573e-01,3.509662758822405110e-02,9.924631559984495865e-01,7.109115135150045894e-02,0.000000000000000000e+00,0.000000000000000000e+00,0.000000000000000000e+00,1.000000000000000000e+00
3.814083497913342558e-01,9.211728029857758626e-01,-7.725501762850277288e-02,1.405787800245991703e-01,-9.169812940832987591e-01,3.875924846673179380e-01,9.443183854364833874e-02,-7.876887572927052106e-02,1.169315056380016010e-01,3.482431433271790389e-02,9.925292389247211133e-01,7.099450887616831629e-02,0.000000000000000000e+00,0.000000000000000000e+00,0.000000000000000000e+00,1.000000000000000000e+00
3.814413086755236715e-01,9.211606438542658815e-01,-7.723727241363465001e-02,1.406030017837219814e-01,-9.170228648850642372e-01,3.876069002667882901e-01,9.396784632820401328e-02,-7.881011459453383938e-02,1.164971815705975744e-01,3.498512654780874809e-02,9.925746559360362209e-01,7.096117711232330372e-02,0.000000000000000000e+00,0.000000000000000000e+00,0.000000000000000000e+00,1.000000000000000000e+00
3.812571429210294682e-01,9.211630714851544166e-01,-7.811265392835113619e-02,1.405641069788123865e-01,-9.172353411505962395e-01,3.874705607778369809e-01,9.244400183277554084e-02,-7.888150764689408345e-02,1.154223544901220727e-01,3.640275075519919246e-02,9.926492430971837200e-01,7.088478746212900639e-02,0.000000000000000000e+00,0.000000000000000000e+00,0.000000000000000000e+00,1.000000000000000000e+00
3.813039833915973231e-01,9.212723799955175874e-01,-7.657985444681354725e-02,1.405850184665413671e-01,-9.168508799279269095e-01,3.874694150337347764e-01,9.618688262336719252e-02,-7.869889850027103617e-02,1.182866696846543858e-01,3.353586544000364961e-02,9.924130236469609345e-01,7.109227781152771541e-02,0.000000000000000000e+00,0.000000000000000000e+00,0.000000000000000000e+00,1.000000000000000000e+00
3.812694072765945297e-01,9.211712196246656381e-01,-7.795654693584438966e-02,1.405859051608311372e-01,-9.170492179879082828e-01,3.875230886009514153e-01,9.405630010235994931e-02,-7.883316201669085532e-02,1.168519185239179359e-01,3.562920061389747428e-02,9.925100448866471803e-01,7.098464994449571464e-02,0.000000000000000000e+00,0.000000000000000000e+00,0.000000000000000000e+00,1.000000000000000000e+00
3.815060408791690061e-01,9.212476765324812966e-01,-7.586737939461837832e-02,1.406503678004429325e-01,-9.169557017029865698e-01,3.875426165497224962e-01,9.488393685012641576e-02,-7.874560128897314937e-02,1.168134490847945184e-01,3.336823101843816586e-02,9.925931589889256390e-01,7.091744651467357663e-02,0.000000000000000000e+00,0.000000000000000000e+00,0.000000000000000000e+00,1.000000000000000000e+00
3.814602314763737012e-01,9.211493583980628896e-01,-7.727840141222309944e-02,1.406119495568295408e-01,-9.170154568360840974e-01,3.876297665663825387e-01,9.394581414517563789e-02,-7.877424922141161578e-02,1.164935351240554279e-01,3.502889656453697653e-02,9.925735401872104458e-01,7.100105550121438291e-02,0.000000000000000000e+00,0.000000000000000000e+00,0.000000000000000000e+00,1.000000000000000000e+00
3.814624031959625849e-01,9.212168499663935251e-01,-7.645881431173656706e-02,1.405945929607296252e-01,-9.169268089039848135e-01,3.875737211639441737e-01,9.503598148222047737e-02,-7.873278819753423696e-02,1.171821746730984104e-01,3.385448273314810991e-02,9.925332296390659836e-01,7.101374181761932469e-02,0.000000000000000000e+00,0.000000000000000000e+00,0.000000000000000000e+00,1.000000000000000000e+00
3.814060773708481955e-01,9.212127223762043293e-01,-7.678882911468998262e-02,1.405861964848080237e-01,-9.171231829393902135e-01,3.875005349786465603e-01,9.342592095550811271e-02,-7.885411236638520394e-02,1.158208593462539404e-01,3.479160133545411426e-02,9.926606031352358528e-01,7.089927056150968632e-02,0.000000000000000000e+00,0.000000000000000000e+00,0.000000000000000000e+00,1.000000000000000000e+00
3.814801584810081359e-01,9.212389676285128726e-01,-7.610291195517510099e-02,1.406092083395634185e-01,-9.171234793371640936e-01,3.874953449421598695e-01,9.344453593790902346e-02,-7.885382783727018507e-02,1.155742719371381511e-01,3.414853102124226075e-02,9.927116728916267618e-01,7.084586480340138159e-02,0.000000000000000000e+00,0.000000000000000000e+00,0.000000000000000000e+00,1.000000000000000000e+00
3.814894307006210239e-01,9.211796532308188512e-01,-7.677148388083011865e-02,1.406179327474516016e-01,-9.171992814493233892e-01,3.875480873359270495e-01,9.247679769060782040e-02,-7.891213524908602395e-02,1.149403861684873546e-01,3.513582894728919936e-02,9.927508152359412197e-01,7.084553019878203628e-02,0.000000000000000000e+00,0.000000000000000000e+00,0.000000000000000000e+00,1.000000000000000000e+00
3.815361504040925555e-01,9.212075430616025740e-01,-7.620254944049661971e-02,1.406096403841816112e-01,-9.170421632141850798e-01,3.875782261681532392e-01,9.389776082418524461e-02,-7.878896719849382002e-02,1.160337744894723577e-01,3.405556058492506533e-02,9.926612624510804395e-01,7.098478361605664588e-02,0.000000000000000000e+00,0.000000000000000000e+00,0.000000000000000000e+00,1.000000000000000000e+00
3.815265110856467246e-01,9.212505924006720859e-01,-7.572890689971091549e-02,1.406654901577165107e-01,-9.169171765082927417e-01,3.875572098144852706e-01,9.519611622787824134e-02,-7.874277030867256333e-02,1.170487623295289187e-01,3.311729340121619819e-02,9.925738421472245498e-01,7.088978754386787706e-02,0.000000000000000000e+00,0.000000000000000000e+00,0.000000000000000000e+00,1.000000000000000000e+00
3.814477602291903025e-01,9.212076669290781838e-01,-7.664228993981472837e-02,1.405959141695077852e-01,-9.171410991444214345e-01,3.875165361248970597e-01,9.318335951189934963e-02,-7.885222973035975469e-02,1.155413799307273837e-01,3.474721025990169104e-02,9.926947269442190080e-01,7.090083200785080031e-02,0.000000000000000000e+00,0.000000000000000000e+00,0.000000000000000000e+00,1.000000000000000000e+00
3.814841075070756760e-01,9.211697161697761649e-01,-7.691703147693856879e-02,1.406094235475064957e-01,-9.170767099805668954e-01,3.875953269281289804e-01,9.348887931030314125e-02,-7.880365775443468057e-02,1.159318063809475774e-01,3.487429648281480804e-02,9.926447500058012130e-01,7.092852067147403794e-02,0.000000000000000000e+00,0.000000000000000000e+00,0.000000000000000000e+00,1.000000000000000000e+00
3.814756572149411995e-01,9.211449062366781071e-01,-7.725532128371842555e-02,1.405915679150887554e-01,-9.169615046864221242e-01,3.876569743312363037e-01,9.435925590827945464e-02,-7.877254793794088994e-02,1.168671120360286197e-01,3.484439648742767431e-02,9.925361183139813637e-01,7.100870235057610280e-02,0.000000000000000000e+00,0.000000000000000000e+00,0.000000000000000000e+00,1.000000000000000000e+00
3.814591009085087081e-01,9.211936645574224647e-01,-7.675406642868548568e-02,1.406208219754985778e-01,-9.171971817464336096e-01,3.875206747987563483e-01,9.261239873751289653e-02,-7.888563631407856380e-02,1.150577425924554642e-01,3.507077106057691213e-02,9.927395211669296504e-01,7.086776660534677141e-02,0.000000000000000000e+00,0.000000000000000000e+00,0.000000000000000000e+00,1.000000000000000000e+00
3.813835609295482820e-01,9.212096565737007969e-01,-7.693729971906958232e-02,1.405895085561262303e-01,-9.170072881789422814e-01,3.875306202198716132e-01,9.443331943071731072e-02,-7.880113025757284895e-02,1.168084452400588585e-01,3.453674894031003029e-02,9.925537769275951661e-01,7.097835441070987628e-02,0.000000000000000000e+00,0.000000000000000000e+00,0.000000000000000000e+00,1.000000000000000000e+00
3.814199390900809283e-01,9.212135298887821344e-01,-7.671024973475673581e-02,1.405851050887694242e-01,-9.169554607136430890e-01,3.875542343235964249e-01,9.483880284609877420e-02,-7.877745639562000468e-02,1.170961704410064530e-01,3.416647198205730040e-02,9.925326891646188976e-01,7.102429271881494088e-02,0.000000000000000000e+00,0.000000000000000000e+00,0.000000000000000000e+00,1.000000000000000000e+00
3.813718809182983227e-01,9.211948249734188687e-01,-7.717242309939176259e-02,1.405552071167274764e-01,-9.170077928065859529e-01,3.875443962225615380e-01,9.437186492002790084e-02,-7.878301508624643845e-02,1.168426137025060652e-01,3.477693774159058837e-02,9.925413685204684811e-01,7.105500445945422960e-02,0.000000000000000000e+00,0.000000000000000000e+00,0.000000000000000000e+00,1.000000000000000000e+00
3.814094547878482677e-01,9.211954723635393805e-01,-7.697876002737363832e-02,1.405822797039220640e-01,-9.169412183432799068e-01,3.875769059144625883e-01,9.488384533161307866e-02,-7.874951134636121175e-02,1.172417583524656970e-01,3.439540228994987514e-02,9.925075951345332381e-01,7.102374310279802039e-02,0.000000000000000000e+00,0.000000000000000000e+00,0.000000000000000000e+00,1.000000000000000000e+00
3.812780208543954941e-01,9.211524988765653621e-01,-7.813542491606915996e-02,1.405470671556249274e-01,-9.170271949090915697e-01,3.875555529381753961e-01,9.413722528281998070e-02,-7.879768858202168547e-02,1.169965581139822547e-01,3.575985458925488164e-02,9.924883063236751291e-01,7.109025213476360960e-02,0.000000000000000000e+00,0.000000000000000000e+00,0.000000000000000000e+00,1.000000000000000000e+00
3.815318097814203724e-01,9.211690420851079697e-01,-7.668816094365007996e-02,1.405873963415743555e-01,-9.170439004763970559e-01,3.876233767036188493e-01,9.369419636199964596e-02,-7.879753706302373983e-02,1.160343170098854237e-01,3.457909392811704674e-02,9.926430997791504396e-01,7.103780175072560432e-02,0.000000000000000000e+00,0.000000000000000000e+00,0.000000000000000000e+00,1.000000000000000000e+00
3.815721651678039006e-01,9.211490054289999119e-01,-7.672804289383819421e-02,1.406703814455263490e-01,-9.170997587837741438e-01,3.876457460562749979e-01,9.305271625921202050e-02,-7.883073753978896148e-02,1.154587164656598608e-01,3.486094321211724578e-02,9.927003573236306000e-01,7.078372046747860580e-02,0.000000000000000000e+00,0.000000000000000000e+00,0.000000000000000000e+00,1.000000000000000000e+00
3.814081957423567371e-01,9.211056894895366387e-01,-7.805188665602584563e-02,1.406085949993369222e-01,-9.169525618103924192e-01,3.876826459257979307e-01,9.434068813258950081e-02,-7.873097768242169614e-02,1.171571065275947982e-01,3.558756577763397266e-02,9.924755601787400572e-01,7.096552860643079441e-02,0.000000000000000000e+00,0.000000000000000000e+00,0.000000000000000000e+00,1.000000000000000000e+00
3.813748152468724451e-01,9.211870659393878169e-01,-7.725050058994004099e-02,1.406321805250012602e-01,-9.168963654154987930e-01,3.875878993366512759e-01,9.527158745213808178e-02,-7.873167938474172345e-02,1.177043133587824530e-01,3.449651915460845431e-02,9.924493361290306348e-01,7.092565733495925784e-02,0.000000000000000000e+00,0.000000000000000000e+00,0.000000000000000000e+00,1.000000000000000000e+00
3.811636601400375524e-01,9.211559129283080072e-01,-7.865143524352140314e-02,1.405770114402108972e-01,-9.169781640408125600e-01,3.875243102659740035e-01,9.474152007025316014e-02,-7.879727461303077940e-02,1.177510546067041947e-01,3.600962413157059866e-02,9.923900423265604731e-01,7.100191025126045830e-02,0.000000000000000000e+00,0.000000000000000000e+00,0.000000000000000000e+00,1.000000000000000000e+00
3.812445825895017792e-01,9.211539143023691478e-01,-7.828176295651706473e-02,1.405165825599052898e-01,-9.171714548355619501e-01,3.874968227881652183e-01,9.296630983262853254e-02,-7.887369976315602993e-02,1.159702146284792290e-01,3.635489643089460932e-02,9.925871401668084903e-01,7.103019678887267929e-02,0.000000000000000000e+00,0.000000000000000000e+00,0.000000000000000000e+00,1.000000000000000000e+00
3.812141575665734528e-01,9.211524016465634235e-01,-7.844755580370914305e-02,1.404977423721370799e-01,-9.172488277179972060e-01,3.874628050079906294e-01,9.234263795939379182e-02,-7.891967057592566559e-02,1.154571527484007237e-01,3.675360766112898553e-02,9.926322673594306645e-01,7.099837007567599834e-02,0.000000000000000000e+00,0.000000000000000000e+00,0.000000000000000000e+00,1.000000000000000000e+00
3.814503307637416851e-01,9.212109282704606938e-01,-7.659027872588118624e-02,1.406024753865596777e-01,-9.170229359272271674e-01,3.875486493011224276e-01,9.420710911754097416e-02,-7.878997246911276231e-02,1.164670775096582483e-01,3.429970932751029433e-02,9.926021105137785572e-01,7.093318667217518581e-02,0.000000000000000000e+00,0.000000000000000000e+00,0.000000000000000000e+00,1.000000000000000000e+00
3.816132124873256593e-01,9.211594706840738889e-01,-7.639754985691893374e-02,1.406331373912333427e-01,-9.171546467207319919e-01,3.876315098679958271e-01,9.256979289178271508e-02,-7.885477538353420635e-02,1.148856390227818713e-01,3.474251180463239219e-02,9.927709946507464744e-01,7.085432610592912184e-02,0.000000000000000000e+00,0.000000000000000000e+00,0.000000000000000000e+00,1.000000000000000000e+00
3.815877848139671014e-01,9.212108221152881526e-01,-7.590377921055636856e-02,1.406554310756219506e-01,-9.169925215020200415e-01,3.876072482563198141e-01,9.426206346421324433e-02,-7.878914936831502014e-02,1.162560879702103228e-01,3.363394590051797806e-02,9.926496258464132527e-01,7.085506439886923857e-02,0.000000000000000000e+00,0.000000000000000000e+00,0.000000000000000000e+00,1.000000000000000000e+00
3.815362764207922419e-01,9.211357099862294007e-01,-7.706538498652934499e-02,1.405988074817428601e-01,-9.170137417441848182e-01,3.876746665237031930e-01,9.377713147705683816e-02,-7.877223379472203524e-02,1.162577620087642816e-01,3.489063948827404726e-02,9.926060527967845992e-01,7.098015261065904191e-02,0.000000000000000000e+00,0.000000000000000000e+00,0.000000000000000000e+00,1.000000000000000000e+00
3.814448739222017770e-01,9.211379433425604946e-01,-7.748998317920553769e-02,1.405981671730006100e-01,-9.171310564671905086e-01,3.876027199387843125e-01,9.292339188509839143e-02,-7.887511983608877508e-02,1.156305903377250061e-01,3.562331863673488808e-02,9.926532857687294653e-01,7.084561076689155357e-02,0.000000000000000000e+00,0.000000000000000000e+00,0.000000000000000000e+00,1.000000000000000000e+00
3.813245330614908335e-01,9.211605371113286145e-01,-7.781301532651799246e-02,1.405906488883341687e-01,-9.169906477683448243e-01,3.875740148097893689e-01,9.441681497282687630e-02,-7.878989208640002628e-02,1.171313467472643866e-01,3.535035944640547989e-02,9.924870778484637945e-01,7.095439596150532324e-02,0.000000000000000000e+00,0.000000000000000000e+00,0.000000000000000000e+00,1.000000000000000000e+00
3.814461130027354541e-01,9.211268182744044575e-01,-7.761602624959001995e-02,1.406121132354223313e-01,-9.170663629826837360e-01,3.876364075919545016e-01,9.342002673365545906e-02,-7.881823911472757294e-02,1.161384895752357593e-01,3.554434082771553566e-02,9.925968220150145349e-01,7.089112133473807198e-02,0.000000000000000000e+00,0.000000000000000000e+00,0.000000000000000000e+00,1.000000000000000000e+00
3.815047166400682421e-01,9.211876657832999138e-01,-7.659918792061100323e-02,1.406181746281198741e-01,-9.170423969839177625e-01,3.875911846444934916e-01,9.384197205871824821e-02,-7.879733793078519399e-02,1.161352371822280821e-01,3.444354793853216662e-02,9.926360101719231555e-01,7.087708772127787604e-02,0.000000000000000000e+00,0.000000000000000000e+00,0.000000000000000000e+00,1.000000000000000000e+00
3.815626708488770724e-01,9.211502390020867015e-01,-7.676044164196908770e-02,1.406378574139461879e-01,-9.171441325815214984e-01,3.876273210338067043e-01,9.269142387212955803e-02,-7.887505346047843369e-02,1.151371716083041813e-01,3.503280140886311927e-02,9.927316528344842794e-01,7.082513692173941777e-02,0.000000000000000000e+00,0.000000000000000000e+00,0.000000000000000000e+00,1.000000000000000000e+00
3.815083560735815782e-01,9.211538029778593151e-01,-7.698730743090413664e-02,1.406080853241806761e-01,-9.170430536050099279e-01,3.876336551498502647e-01,9.365995531691316545e-02,-7.881055483062825162e-02,1.161180954064975207e-01,3.486861991238333902e-02,9.926231748576967995e-01,7.093321814228659150e-02,0.000000000000000000e+00,0.000000000000000000e+00,0.000000000000000000e+00,1.000000000000000000e+00
3.813417692789449753e-01,9.211572694217496915e-01,-7.776721670903509465e-02,1.405535357915528305e-01,-9.170771664345537255e-01,3.875580054079040271e-01,9.363900495315502504e-02,-7.882804949328103827e-02,1.163955575078958332e-01,3.561007491866777924e-02,9.925643539623579814e-01,7.100044043716335906e-02,0.000000000000000000e+00,0.000000000000000000e+00,0.000000000000000000e+00,1.000000000000000000e+00
3.815256305372579648e-01,9.211760532851754890e-01,-7.663466641863390938e-02,1.406338208202122519e-01,-9.170248369376744479e-01,3.876182173054266711e-01,9.390189589350436683e-02,-7.879389376431637781e-02,1.162051706361606901e-01,3.444991243690762733e-02,9.926276048199094149e-01,7.086379600145620294e-02,0.000000000000000000e+00,0.000000000000000000e+00,0.000000000000000000e+00,1.000000000000000000e+00
3.813578413462970218e-01,9.211905497578961599e-01,-7.729274144729086915e-02,1.406281203602053886e-01,-9.170555522213740263e-01,3.875301963489183876e-01,9.396521195484884570e-02,-7.880255764293675469e-02,1.165131365282192355e-01,3.504736729790079719e-02,9.925705874454686661e-01,7.089421890767799717e-02,0.000000000000000000e+00,0.000000000000000000e+00,0.000000000000000000e+00,1.000000000000000000e+00
3.814573619695275641e-01,9.211775666972980003e-01,-7.695564705006567585e-02,1.405991675528496243e-01,-9.170833592642840815e-01,3.875740050986745122e-01,9.351204592088137313e-02,-7.883432947643959077e-02,1.159672072604374243e-01,3.490388496167808052e-02,9.926395748985614720e-01,7.093404301636963005e-02,0.000000000000000000e+00,0.000000000000000000e+00,0.000000000000000000e+00,1.000000000000000000e+00
3.815134916870561721e-01,9.212022058675611857e-01,-7.638030875487324123e-02,1.406321367919598497e-01,-9.170402444803317232e-01,3.875771584862374164e-01,9.392090407990888457e-02,-7.879582188373485119e-02,1.161234070470029550e-01,3.421172495612104236e-02,9.926454111168412364e-01,7.090569127784629444e-02,0.000000000000000000e+00,0.000000000000000000e+00,0.000000000000000000e+00,1.000000000000000000e+00
3.813714847946629294e-01,9.211547087472683470e-01,-7.765174266074174880e-02,1.405749310944404695e-01,-9.171403601266677752e-01,3.875526310046933376e-01,9.304041072602098339e-02,-7.885497677888092527e-02,1.157987496143238898e-01,3.573458764384809805e-02,9.926296836351831132e-01,7.094552980430735012e-02,0.000000000000000000e+00,0.000000000000000000e+00,0.000000000000000000e+00,1.000000000000000000e+00
3.814328711613772516e-01,9.212185130349693774e-01,-7.658600419938452197e-02,1.406008746026452538e-01,-9.170320833417348050e-01,3.875303010724314712e-01,9.419354475030798646e-02,-7.882102827891232510e-02,1.164522344976935408e-01,3.430330876680277863e-02,9.926037276215234906e-01,7.093247187649143193e-02,0.000000000000000000e+00,0.000000000000000000e+00,0.000000000000000000e+00,1.000000000000000000e+00
3.816290324527358280e-01,9.210885087124006665e-01,-7.717020608469699061e-02,1.405877637594052376e-01,-9.171597136638783843e-01,3.877211404353096968e-01,9.214324116035545187e-02,-7.884348001188119792e-02,1.147926008991054792e-01,3.561286814493762332e-02,9.927509165955527015e-01,7.095946194256241846e-02,0.000000000000000000e+00,0.000000000000000000e+00,0.000000000000000000e+00,1.000000000000000000e+00
3.814303863034895770e-01,9.212214372304163845e-01,-7.656320259430612896e-02,1.406229679040123526e-01,-9.169638245400528742e-01,3.875457805441643311e-01,9.479247052004553808e-02,-7.877121975212206251e-02,1.169966020414695829e-01,3.404895842078674295e-02,9.925484691143349192e-01,7.089355384561168982e-02,0.000000000000000000e+00,0.000000000000000000e+00,0.000000000000000000e+00,1.000000000000000000e+00
3.814487845620064821e-01,9.212184740627876733e-01,-7.650717483737996816e-02,1.405822423607821503e-01,-9.171061216546588790e-01,3.875142007093648200e-01,9.353665523276154248e-02,-7.883367313353105421e-02,1.158153115081005519e-01,3.448575494333210034e-02,9.926719228054505795e-01,7.095849304944557012e-02,0.000000000000000000e+00,0.000000000000000000e+00,0.000000000000000000e+00,1.000000000000000000e+00
3.815382940327218808e-01,9.212011255536439736e-01,-7.626936780451057385e-02,1.406055094148682127e-01,-9.171092064926930076e-01,3.875670729364252276e-01,9.328701593380787915e-02,-7.885860871014716000e-02,1.154955997124703371e-01,3.435477047210562518e-02,9.927137131080973065e-01,7.084615191683685254e-02,0.000000000000000000e+00,0.000000000000000000e+00,0.000000000000000000e+00,1.000000000000000000e+00
3.813618946106726026e-01,9.211735957053464041e-01,-7.747458882912081068e-02,1.405541094865468965e-01,-9.169292390678758231e-01,3.875900874004828411e-01,9.494574604105396332e-02,-7.872572434320214418e-02,1.174898969331597542e-01,3.483002618674219120e-02,9.924630942228866992e-01,7.108366903439833351e-02,0.000000000000000000e+00,0.000000000000000000e+00,0.000000000000000000e+00,1.000000000000000000e+00
3.812812558761624615e-01,9.211342617769772145e-01,-7.833438388140795405e-02,1.405481119206793972e-01,-9.171834717087715694e-01,3.875300129664197568e-01,9.270905173979313019e-02,-7.887436575959441698e-02,1.157544087356564555e-01,3.649877848408092373e-02,9.926070501600463558e-01,7.095855940233897208e-02,0.000000000000000000e+00,0.000000000000000000e+00,0.000000000000000000e+00,1.000000000000000000e+00
3.812932220194987232e-01,9.212134713108863782e-01,-7.733834183208633528e-02,1.405541279063681759e-01,-9.171139430408246085e-01,3.874610907068334886e-01,9.367987333671283501e-02,-7.885959462694525079e-02,1.162647595881954460e-01,3.520857088293007087e-02,9.925940067390499610e-01,7.096857785643861938e-02,0.000000000000000000e+00,0.000000000000000000e+00,0.000000000000000000e+00,1.000000000000000000e+00
3.814372414443477632e-01,9.211314335964287947e-01,-7.760485087876066446e-02,1.405821299665817592e-01,-9.170383760779484694e-01,3.876361219218810161e-01,9.369553768288149675e-02,-7.877923819060941857e-02,1.163883483843894812e-01,3.542765899622676851e-02,9.925717270496885458e-01,7.100810063508644632e-02,0.000000000000000000e+00,0.000000000000000000e+00,0.000000000000000000e+00,1.000000000000000000e+00
3.812273202238481429e-01,9.211410676514864004e-01,-7.851664664785001913e-02,1.405659039607016769e-01,-9.170587181999290127e-01,3.875408502981188552e-01,9.389034414525411487e-02,-7.885294884456148234e-02,1.169146598525895864e-01,3.621081103884400687e-02,9.924816066182094998e-01,7.093284849137493353e-02,0.000000000000000000e+00,0.000000000000000000e+00,0.000000000000000000e+00,1.000000000000000000e+00
3.812578090253716523e-01,9.211603290673572308e-01,-7.814173794900837466e-02,1.405523101207767356e-01,-9.171025406130176583e-01,3.875155315297708070e-01,9.356624831822465960e-02,-7.883855367243780554e-02,1.164706532063839312e-01,3.599112356842204541e-02,9.925418006139393734e-01,7.101050328842228865e-02,0.000000000000000000e+00,0.000000000000000000e+00,0.000000000000000000e+00,1.000000000000000000e+00
3.814328704644153190e-01,9.211300523675495233e-01,-7.764271990748677910e-02,1.406279100615868694e-01,-9.171003146909159076e-01,3.876172176056059682e-01,9.316600994735978192e-02,-7.885461416455499806e-02,1.159136666795585469e-01,3.566958425667705879e-02,9.926186088502755300e-01,7.085482732580183907e-02,0.000000000000000000e+00,0.000000000000000000e+00,0.000000000000000000e+00,1.000000000000000000e+00
3.814569448211235225e-01,9.211957676874614753e-01,-7.673953897726246143e-02,1.405437304865193027e-01,-9.171249447139094846e-01,3.875392186866419286e-01,9.324800139013883493e-02,-7.881221708089491962e-02,1.156392452035318319e-01,3.480964772093450565e-02,9.926811438696223622e-01,7.106039537007391438e-02,0.000000000000000000e+00,0.000000000000000000e+00,0.000000000000000000e+00,1.000000000000000000e+00
3.811923346320238437e-01,9.211540585492650202e-01,-7.853409728267134182e-02,1.405342641721298302e-01,-9.170883744476172605e-01,3.875031632743415333e-01,9.375612996175670955e-02,-7.882928892556652356e-02,1.167960507500745843e-01,3.628358954949061077e-02,9.924929136566114085e-01,7.101255671173012374e-02,0.000000000000000000e+00,0.000000000000000000e+00,0.000000000000000000e+00,1.000000000000000000e+00
3.814254100491877297e-01,9.211978395636074568e-01,-7.687130122582322422e-02,1.406400770633676189e-01,-9.168859586516441285e-01,3.875958538110858553e-01,9.533935669969201276e-02,-7.871239896368439903e-02,1.176214070493325492e-01,3.411736349423242359e-02,9.924722717093600322e-01,7.089516149014696289e-02,0.000000000000000000e+00,0.000000000000000000e+00,0.000000000000000000e+00,1.000000000000000000e+00
3.814387639643227468e-01,9.212321400547501815e-01,-7.639249619900397026e-02,1.406260899693703159e-01,-9.170648913956312986e-01,3.875060114433082070e-01,9.397380520558810957e-02,-7.882015592396258985e-02,1.161742411849062545e-01,3.421162412753718518e-02,9.926394665031545994e-01,7.091639557812001726e-02,0.000000000000000000e+00,0.000000000000000000e+00,0.000000000000000000e+00,1.000000000000000000e+00
3.813098431578952341e-01,9.212794403686603850e-01,-7.646565415210743177e-02,1.406400646922150721e-01,-9.169830547403901022e-01,3.874248668514695404e-01,9.510020959022179310e-02,-7.877534883547103461e-02,1.172385637488125576e-01,3.385506312399121087e-02,9.925265507133733678e-01,7.088336875473344456e-02,0.000000000000000000e+00,0.000000000000000000e+00,0.000000000000000000e+00,1.000000000000000000e+00
3.813414199669052929e-01,9.211557649737863729e-01,-7.778674741357299860e-02,1.406239281290934118e-01,-9.170551876530449453e-01,3.875664040328533622e-01,9.381932244309579283e-02,-7.880453651179039620e-02,1.165697397108825806e-01,3.555754660549109714e-02,9.925457957510754881e-01,7.090255001368039878e-02,0.000000000000000000e+00,0.000000000000000000e+00,0.000000000000000000e+00,1.000000000000000000e+00
3.816367662674640115e-01,9.212049051085914320e-01,-7.572913202185858894e-02,1.405633518243324387e-01,-9.171551940005749914e-01,3.875845895562670673e-01,9.276063850722185422e-02,-7.882507017263654103e-02,1.148029997460020962e-01,3.405449665420150901e-02,9.928043928725076572e-01,7.100158504943143711e-02,0.000000000000000000e+00,0.000000000000000000e+00,0.000000000000000000e+00,1.000000000000000000e+00
3.816143997402307586e-01,9.212461158895407509e-01,-7.533952395216426956e-02,1.406460859276773001e-01,-9.170923286298152677e-01,3.875441037605544259e-01,9.354800055999049069e-02,-7.880233898691105243e-02,1.153781204529121113e-01,3.339403537855251125e-02,9.927601561917610562e-01,7.081866313909968014e-02,0.000000000000000000e+00,0.000000000000000000e+00,0.000000000000000000e+00,1.000000000000000000e+00
3.813489185132485360e-01,9.211646012716993015e-01,-7.764521693399391300e-02,1.406563306702562355e-01,-9.169604805087775423e-01,3.875870514749532592e-01,9.465598086789787924e-02,-7.877705831219636301e-02,1.172880195667385522e-01,3.510063949421972362e-02,9.924774383194859828e-01,7.080975203844186439e-02,0.000000000000000000e+00,0.000000000000000000e+00,0.000000000000000000e+00,1.000000000000000000e+00
3.812396309565828090e-01,9.212092382671628332e-01,-7.765232204720398657e-02,1.405613073668902091e-01,-9.170129793092343107e-01,3.874770383279408370e-01,9.459778299204323060e-02,-7.878817784089983678e-02,1.172328433780005508e-01,3.514376331358919081e-02,9.924824312468548682e-01,7.104419468124678616e-02,0.000000000000000000e+00,0.000000000000000000e+00,0.000000000000000000e+00,1.000000000000000000e+00
3.813730303360681750e-01,9.211946197634611755e-01,-7.716919237063846193e-02,1.405652172479740503e-01,-9.170699037172441725e-01,3.875264856528711777e-01,9.384036771869411209e-02,-7.882333995659182579e-02,1.163503477791496821e-01,3.498135841254958883e-02,9.925920114202430034e-01,7.099214602906522842e-02,0.000000000000000000e+00,0.000000000000000000e+00,0.000000000000000000e+00,1.000000000000000000e+00
3.813704639812129371e-01,9.212049756819885582e-01,-7.705817271063229723e-02,1.405436276612684332e-01,-9.170497842617529871e-01,3.875189595837578715e-01,9.406779017599287140e-02,-7.878718766914916127e-02,1.165172192777836485e-01,3.479150387478446155e-02,9.925791096279954484e-01,7.108098589230293918e-02,0.000000000000000000e+00,0.000000000000000000e+00,0.000000000000000000e+00,1.000000000000000000e+00
3.816707497461385157e-01,9.211392928259146684e-01,-7.635340202240180341e-02,1.406630936729594272e-01,-9.170251246166160053e-01,3.877158780168550867e-01,9.349501995025902290e-02,-7.877617308997622581e-02,1.157253628644158011e-01,3.433367364255004994e-02,9.926876846441212709e-01,7.089023867367916232e-02,0.000000000000000000e+00,0.000000000000000000e+00,0.000000000000000000e+00,1.000000000000000000e+00
3.813942234799819198e-01,9.211773052146013940e-01,-7.727107255413538656e-02,1.406094810438578424e-01,-9.171861309232355319e-01,3.875198327450704583e-01,9.272529574661847462e-02,-7.885431430664471830e-02,1.153605111733077143e-01,3.550706389998284362e-02,9.926888741569714902e-01,7.089471918046275078e-02,0.000000000000000000e+00,0.000000000000000000e+00,0.000000000000000000e+00,1.000000000000000000e+00
3.814641893868898626e-01,9.212038828232389509e-01,-7.660599510998786221e-02,1.406506959785790989e-01,-9.169428939631423248e-01,3.875857842321537294e-01,9.483137176928344014e-02,-7.870079411570277128e-02,1.170504225789071595e-01,3.406855049066210422e-02,9.925414512460245531e-01,7.100024959993889162e-02,0.000000000000000000e+00,0.000000000000000000e+00,0.000000000000000000e+00,1.000000000000000000e+00
3.813441538037141143e-01,9.212309478816502750e-01,-7.687767572452634812e-02,1.406106676300797886e-01,-9.171056731250564198e-01,3.874609707168885642e-01,9.376129528202718777e-02,-7.885163117572227542e-02,1.161629057899563749e-01,3.474963073476670938e-02,9.926221045706320467e-01,7.085656358923619891e-02,0.000000000000000000e+00,0.000000000000000000e+00,0.000000000000000000e+00,1.000000000000000000e+00
3.813834381244503025e-01,9.212059882063290406e-01,-7.698181874426261728e-02,1.406153682812296135e-01,-9.170607623885123072e-01,3.875191746189735609e-01,9.395981795443403284e-02,-7.882306867813396178e-02,1.163882778108452504e-01,3.476228697065823076e-02,9.925952610166921541e-01,7.092787096679620262e-02,0.000000000000000000e+00,0.000000000000000000e+00,0.000000000000000000e+00,1.000000000000000000e+00
3.811198769747228821e-01,9.212489550404959759e-01,-7.776890259973087693e-02,1.405471239188394450e-01,-9.171431983708279168e-01,3.873456065011769422e-01,9.387084108690908757e-02,-7.888999396841098188e-02,1.166018570045111447e-01,3.554917665755001621e-02,9.925423230180514533e-01,7.094737726585531590e-02,0.000000000000000000e+00,0.000000000000000000e+00,0.000000000000000000e+00,1.000000000000000000e+00
3.814040979166080092e-01,9.211724053198853124e-01,-7.728074643529053711e-02,1.406022202525039067e-01,-9.169627114128484635e-01,3.875969514826481666e-01,9.459381100132971398e-02,-7.876976589868260603e-02,1.170909901350916660e-01,3.478509563785655428e-02,9.925118120962840296e-01,7.101924717383933938e-02,0.000000000000000000e+00,0.000000000000000000e+00,0.000000000000000000e+00,1.000000000000000000e+00
3.813504664859276860e-01,9.212092564411801243e-01,-7.710595021173009822e-02,1.405924707598296131e-01,-9.170679155849795761e-01,3.875010215043967476e-01,9.396486863541120282e-02,-7.881659494851442349e-02,1.164399412383328586e-01,3.487784655246756182e-02,9.925851479365770391e-01,7.096724150113398188e-02,0.000000000000000000e+00,0.000000000000000000e+00,0.000000000000000000e+00,1.000000000000000000e+00
3.815311742409963069e-01,9.211993211559832417e-01,-7.632675667184096735e-02,1.406055258545418352e-01,-9.170033319956552020e-01,3.875979472982593044e-01,9.419511855208917428e-02,-7.876440114837091055e-02,1.163565734763311876e-01,3.405351599955133701e-02,9.926235468982768095e-01,7.097233695017823862e-02,0.000000000000000000e+00,0.000000000000000000e+00,0.000000000000000000e+00,1.000000000000000000e+00
3.814250168399881957e-01,9.211953977375213487e-01,-7.690250786433616703e-02,1.405749373981294847e-01,-9.171877677373181381e-01,3.875089164888744220e-01,9.275472146825591846e-02,-7.887389439081189668e-02,1.152456300327690808e-01,3.515506832347412014e-02,9.927147454981828378e-01,7.091064705160299297e-02,0.000000000000000000e+00,0.000000000000000000e+00,0.000000000000000000e+00,1.000000000000000000e+00
3.815633080985033065e-01,9.211694724681803725e-01,-7.652610603984300042e-02,1.406212060165595856e-01,-9.172674476158216850e-01,3.875666453293483138e-01,9.171981777408425018e-02,-7.892323782845886426e-02,1.141484623518107255e-01,3.519798887507303436e-02,9.928399821330060604e-01,7.074828692455925605e-02,0.000000000000000000e+00,0.000000000000000000e+00,0.000000000000000000e+00,1.000000000000000000e+00
3.814158126386886782e-01,9.212143673150159362e-01,-7.672070986092313638e-02,1.406063392849963289e-01,-9.169347333518302889e-01,3.875577484054593680e-01,9.502466218776402240e-02,-7.873820986706020486e-02,1.172717896263920367e-01,3.410397488982579162e-02,9.925141038063578502e-01,7.099723463739393559e-02,0.000000000000000000e+00,0.000000000000000000e+00,0.000000000000000000e+00,1.000000000000000000e+00
3.814737688057833753e-01,9.211900038035383265e-01,-7.672509762488863294e-02,1.406403005808771201e-01,-9.169956609432630135e-01,3.875909064831505879e-01,9.429871167093208106e-02,-7.877173186359459622e-02,1.166049807012534967e-01,3.438409667283075233e-02,9.925830002431301757e-01,7.085691917598491152e-02,0.000000000000000000e+00,0.000000000000000000e+00,0.000000000000000000e+00,1.000000000000000000e+00
3.814626496515207132e-01,9.211392871530114101e-01,-7.738643669328126862e-02,1.406275039377830605e-01,-9.171660854983664235e-01,3.875968706433390865e-01,9.260149825512585531e-02,-7.886498417067459854e-02,1.152936187845821359e-01,3.565220232654293941e-02,9.926914434691289646e-01,7.081045343821457116e-02,0.000000000000000000e+00,0.000000000000000000e+00,0.000000000000000000e+00,1.000000000000000000e+00
3.812992804527522983e-01,9.211697892994791248e-01,-7.782723179046491246e-02,1.405600297204206983e-01,-9.169977799616674252e-01,3.875513878552750979e-01,9.444042204916029692e-02,-7.876310034663687454e-02,1.171577153737077270e-01,3.535733379941936871e-02,9.924837170830611566e-01,7.106282992963408596e-02,0.000000000000000000e+00,0.000000000000000000e+00,0.000000000000000000e+00,1.000000000000000000e+00
3.813198318032550715e-01,9.211930212575786259e-01,-7.745065177176788107e-02,1.405914446937850948e-01,-9.170665760387871623e-01,3.875099594974002470e-01,9.394107942119113430e-02,-7.881153220969157325e-02,1.165507657033302280e-01,3.520580742800276386e-02,9.925605624531481652e-01,7.093480334873158988e-02,0.000000000000000000e+00,0.000000000000000000e+00,0.000000000000000000e+00,1.000000000000000000e+00
3.815030205010148667e-01,9.212377777668949719e-01,-7.600264576786117110e-02,1.406296867751467561e-01,-9.170873493736282356e-01,3.875157231880171360e-01,9.371423531631001280e-02,-7.880005105374375540e-02,1.157853141268567199e-01,3.394880111551546592e-02,9.926939306429571896e-01,7.089172371407870266e-02,0.000000000000000000e+00,0.000000000000000000e+00,0.000000000000000000e+00,1.000000000000000000e+00
3.814076169973557584e-01,9.211765295325045066e-01,-7.721418998376694542e-02,1.406036977879370209e-01,-9.171583304140555892e-01,3.875342397606725275e-01,9.293981905093062768e-02,-7.886250535184688437e-02,1.155371223828104699e-01,3.536968266140447931e-02,9.926732387346457465e-01,7.090727085168202493e-02,0.000000000000000000e+00,0.000000000000000000e+00,0.000000000000000000e+00,1.000000000000000000e+00
3.814834226741368184e-01,9.211264222979302918e-01,-7.743715109326408663e-02,1.405790300940578663e-01,-9.170463565354840529e-01,3.876567135667934316e-01,9.353209284297635262e-02,-7.879262837681527687e-02,1.161739135512786375e-01,3.533251436295185843e-02,9.926002393909504340e-01,7.097149525204815568e-02,0.000000000000000000e+00,0.000000000000000000e+00,0.000000000000000000e+00,1.000000000000000000e+00
3.812904752158287058e-01,9.212022693859258649e-01,-7.748517527829219820e-02,1.405841942268094558e-01,-9.170752807387014816e-01,3.874853563834554926e-01,9.395758642291014706e-02,-7.883575656051935998e-02,1.165783125959526517e-01,3.523460609410360156e-02,9.925563054888493220e-01,7.092517986649671258e-02,0.000000000000000000e+00,0.000000000000000000e+00,0.000000000000000000e+00,1.000000000000000000e+00
3.814722263949439363e-01,9.211881569444586582e-01,-7.675493465931848558e-02,1.406137756025720442e-01,-9.170753731039953394e-01,3.875689372336877936e-01,9.361131842740849640e-02,-7.880256331715942975e-02,1.159814663446384619e-01,3.467994228399771256e-02,9.926457580968783834e-01,7.092248305208159742e-02,0.000000000000000000e+00,0.000000000000000000e+00,0.000000000000000000e+00,1.000000000000000000e+00
3.812098432410757076e-01,9.212048411379755164e-01,-7.785047257449329017e-02,1.405439583233952794e-01,-9.171276964339881710e-01,3.874366475630848794e-01,9.364631631177189330e-02,-7.887683024551622735e-02,1.164295660466059812e-01,3.569992701722766310e-02,9.925571375800810170e-01,7.095106961612351881e-02,0.000000000000000000e+00,0.000000000000000000e+00,0.000000000000000000e+00,1.000000000000000000e+00
3.813062526507917105e-01,9.211162952500415724e-01,-7.842392692443456159e-02,1.405478502464064805e-01,-9.170018149565508647e-01,3.876172812102587906e-01,9.413030688125309520e-02,-7.874996552991292420e-02,1.171034288814906954e-01,3.602240874796674985e-02,9.924662074913142007e-01,7.111383067910148625e-02,0.000000000000000000e+00,0.000000000000000000e+00,0.000000000000000000e+00,1.000000000000000000e+00
3.813044444072052341e-01,9.212834595633706547e-01,-7.644414830619888912e-02,1.405936781900090637e-01,-9.170664094006898415e-01,3.873937171401076185e-01,9.442091224562992879e-02,-7.882914890988104717e-02,1.166024074547313827e-01,3.410124712261825008e-02,9.925930603829765664e-01,7.091334470501564624e-02,0.000000000000000000e+00,0.000000000000000000e+00,0.000000000000000000e+00,1.000000000000000000e+00
3.815240298163447008e-01,9.211924283607521025e-01,-7.644556627769660828e-02,1.406526960633408541e-01,-9.169458956956032525e-01,3.876206489106034381e-01,9.465968996944035263e-02,-7.874706679977294677e-02,1.168316696777239871e-01,3.398150186415341972e-02,9.925702083436576117e-01,7.091253004118747150e-02,0.000000000000000000e+00,0.000000000000000000e+00,0.000000000000000000e+00,1.000000000000000000e+00
3.814094568375810956e-01,9.211458612730736295e-01,-7.757015208409025198e-02,1.405833509676218673e-01,-9.171494042020233994e-01,3.875744781963444963e-01,9.286007873518534184e-02,-7.885609896913192696e-02,1.156018884220100934e-01,3.572570657550166312e-02,9.926529490627358232e-01,7.094777657438600116e-02,0.000000000000000000e+00,0.000000000000000000e+00,0.000000000000000000e+00,1.000000000000000000e+00
3.815943733898955470e-01,9.211523242479086049e-01,-7.657760592920739851e-02,1.406391253240302786e-01,-9.170518139713187411e-01,3.876642166546357959e-01,9.344744842670396623e-02,-7.884065663960460046e-02,1.157657319291285070e-01,3.456661189968776582e-02,9.926748937354512581e-01,7.091089976567022113e-02,0.000000000000000000e+00,0.000000000000000000e+00,0.000000000000000000e+00,1.000000000000000000e+00
3.815624606161234222e-01,9.211198885917123436e-01,-7.712483056292862571e-02,1.405853007536815302e-01,-9.172303484304030752e-01,3.876370605799308589e-01,9.179323059568339493e-02,-7.887664767091726037e-02,1.144490129569081249e-01,3.571638427587863623e-02,9.927868670200301615e-01,7.095746219302778712e-02,0.000000000000000000e+00,0.000000000000000000e+00,0.000000000000000000e+00,1.000000000000000000e+00
3.816298764665814192e-01,9.212671982370482793e-01,-7.500257889273445611e-02,1.406766686250945919e-01,-9.169239140665058629e-01,3.875709845256098962e-01,9.507506385382272218e-02,-7.873871664158860195e-02,1.166583610422365358e-01,3.248817332982126271e-02,9.926405922551377881e-01,7.084300587375991221e-02,0.000000000000000000e+00,0.000000000000000000e+00,0.000000000000000000e+00,1.000000000000000000e+00
3.814844072853781354e-01,9.211874788315720375e-01,-7.670251522640104958e-02,1.406112248949152876e-01,-9.170187613465384802e-01,3.875910406920183293e-01,9.407325078755821024e-02,-7.876716377829098836e-02,1.163883084187770783e-01,3.445016718697793690e-02,9.926061392335860933e-01,7.098822816263017366e-02,0.000000000000000000e+00,0.000000000000000000e+00,0.000000000000000000e+00,1.000000000000000000e+00
3.815411998089318080e-01,9.212133499295334094e-01,-7.610700861266204986e-02,1.406149736150935081e-01,-9.170464263763646873e-01,3.875716422636841796e-01,9.388329981082774167e-02,-7.878155569959541249e-02,1.159834674369571300e-01,3.397331341859206183e-02,9.926699598842823047e-01,7.093274955680439753e-02,0.000000000000000000e+00,0.000000000000000000e+00,0.000000000000000000e+00,1.000000000000000000e+00
3.813584024784905657e-01,9.211714740585684735e-01,-7.751699323256819318e-02,1.405972272663782996e-01,-9.171337650082217463e-01,3.875297065139232111e-01,9.320077065709639341e-02,-7.883852569846878933e-02,1.158940289268509671e-01,3.555055484794763382e-02,9.926251720106162857e-01,7.090496101809007357e-02,0.000000000000000000e+00,0.000000000000000000e+00,0.000000000000000000e+00,1.000000000000000000e+00
3.813807485113635543e-01,9.211685801149573916e-01,-7.744140800570314953e-02,1.406246811654939810e-01,-9.171221746287683274e-01,3.875449756445287774e-01,9.325131986669617234e-02,-7.886085289077390814e-02,1.159122144948984412e-01,3.545897434607099552e-02,9.926263242878529125e-01,7.080997800865640457e-02,0.000000000000000000e+00,0.000000000000000000e+00,0.000000000000000000e+00,1.000000000000000000e+00
3.814215924826245829e-01,9.211875465718634137e-01,-7.701345875189445633e-02,1.405889797557214327e-01,-9.172196932676527359e-01,3.875073213648431714e-01,9.244517386341560838e-02,-7.889367430052401930e-02,1.150026220136376315e-01,3.537767558157656200e-02,9.927350185222807433e-01,7.084287389111465494e-02,0.000000000000000000e+00,0.000000000000000000e+00,0.000000000000000000e+00,1.000000000000000000e+00
3.813547731140439212e-01,9.211350954241832589e-01,-7.796584509268889018e-02,1.405273732452850255e-01,-9.169622963340013921e-01,3.876245095365477566e-01,9.448484909458260139e-02,-7.874491784097062408e-02,1.172547829515338813e-01,3.545949216263381137e-02,9.924686092217511746e-01,7.111770637628866965e-02,0.000000000000000000e+00,0.000000000000000000e+00,0.000000000000000000e+00,1.000000000000000000e+00
3.813572832996963147e-01,9.211563282404362507e-01,-7.770226133693246273e-02,1.405639509094131490e-01,-9.169833407883332121e-01,3.875933140627418894e-01,9.440855687133667407e-02,-7.877284805697393200e-02,1.170819165838298120e-01,3.524828841885063041e-02,9.924965405343229019e-01,7.100684434646531429e-02,0.000000000000000000e+00,0.000000000000000000e+00,0.000000000000000000e+00,1.000000000000000000e+00
3.812939276705239466e-01,9.212344103440863741e-01,-7.708503045059042491e-02,1.405627236166796523e-01,-9.169304182690465321e-01,3.874902627192436944e-01,9.534098987698012839e-02,-7.873726786097742791e-02,1.177010992919614862e-01,3.432866871515265206e-02,9.924555374069454761e-01,7.106061032942334599e-02,0.000000000000000000e+00,0.000000000000000000e+00,0.000000000000000000e+00,1.000000000000000000e+00
3.814092857272299297e-01,9.211604373329028705e-01,-7.739770961533486149e-02,1.405775817086588053e-01,-9.171668585785016647e-01,3.875515658637428973e-01,9.278328147788281188e-02,-7.886348607754245510e-02,1.154638916990386316e-01,3.559820907315996985e-02,9.926735904739768523e-01,7.094859831272604112e-02,0.000000000000000000e+00,0.000000000000000000e+00,0.000000000000000000e+00,1.000000000000000000e+00
3.816452963831677980e-01,9.211963932514047881e-01,-7.578966162483945224e-02,1.406721355355373126e-01,-9.170591135305382613e-01,3.876264512810939644e-01,9.353243585948865790e-02,-7.879423387382332444e-02,1.155398201452107060e-01,3.380738569942053073e-02,9.927273596677909095e-01,7.084063549088481793e-02,0.000000000000000000e+00,0.000000000000000000e+00,0.000000000000000000e+00,1.000000000000000000e+00
3.813414509276848996e-01,9.212145561769863322e-01,-7.708721873311025208e-02,1.405750407032567706e-01,-9.170124311326296462e-01,3.875077961392379144e-01,9.447702937505672582e-02,-7.878145336913490449e-02,1.169055129264339188e-01,3.466193039848058238e-02,9.925379849801510002e-01,7.100360050289600267e-02,0.000000000000000000e+00,0.000000000000000000e+00,0.000000000000000000e+00,1.000000000000000000e+00
3.813116006351969234e-01,9.211961553652111556e-01,-7.745389958793791330e-02,1.405756428593238905e-01,-9.171079508783587242e-01,3.874906076822237089e-01,9.361642694398961129e-02,-7.883527399021572624e-02,1.162517511985193541e-01,3.533655753487124906e-02,9.925909822504246360e-01,7.094706802839145787e-02,0.000000000000000000e+00,0.000000000000000000e+00,0.000000000000000000e+00,1.000000000000000000e+00
3.814250543273912109e-01,9.212026489652996863e-01,-7.681541167410257942e-02,1.405861349692509865e-01,-9.171994053784039425e-01,3.874966337119772342e-01,9.269093610158635199e-02,-7.890445605536965112e-02,1.151528493127691177e-01,3.510040457317986640e-02,9.927274464292554779e-01,7.086452487672945111e-02,0.000000000000000000e+00,0.000000000000000000e+00,0.000000000000000000e+00,1.000000000000000000e+00
3.814156615133201256e-01,9.211683843177123077e-01,-7.727160465430882308e-02,1.405651554735928843e-01,-9.170044288858711923e-01,3.875936368285263778e-01,9.420217669318264875e-02,-7.877191390878238164e-02,1.167260491752103724e-01,3.492821815569435717e-02,9.925497715582904945e-01,7.103314781008607248e-02,0.000000000000000000e+00,0.000000000000000000e+00,0.000000000000000000e+00,1.000000000000000000e+00
3.813779210224484961e-01,9.211939550606903504e-01,-7.715295533055177568e-02,1.405670110292462915e-01,-9.170066931906325491e-01,3.875479855885056724e-01,9.436780971217312297e-02,-7.878631393673829475e-02,1.168315282797266763e-01,3.475997735808325495e-02,9.925432675575857067e-01,7.099761153997308227e-02,0.000000000000000000e+00,0.000000000000000000e+00,0.000000000000000000e+00,1.000000000000000000e+00
3.814544276211174201e-01,9.211538128908763889e-01,-7.725394905664244305e-02,1.405973657171407654e-01,-9.170749294865417900e-01,3.876042788453488153e-01,9.346922877627694692e-02,-7.882005705262735973e-02,1.160434976872923157e-01,3.519340872063526221e-02,9.926204363336079695e-01,7.093884327751198704e-02,0.000000000000000000e+00,0.000000000000000000e+00,0.000000000000000000e+00,1.000000000000000000e+00
3.813944635018037266e-01,9.212169252749766724e-01,-7.679609232955690590e-02,1.406259949801516029e-01,-9.169860908007201328e-01,3.875318761787429622e-01,9.463379007203165383e-02,-7.877904109725389348e-02,1.169391828609437495e-01,3.432814490038670757e-02,9.925456190923988009e-01,7.090482511147966349e-02,0.000000000000000000e+00,0.000000000000000000e+00,0.000000000000000000e+00,1.000000000000000000e+00
3.813113369699933086e-01,9.212023108791236314e-01,-7.738195351061664951e-02,1.405964527243701578e-01,-9.170179207606390381e-01,3.875101733387167346e-01,9.441397440438879796e-02,-7.880236018225496297e-02,1.169606656187929389e-01,3.495951930391387463e-02,9.925210500075293263e-01,7.093611020068979478e-02,0.000000000000000000e+00,0.000000000000000000e+00,0.000000000000000000e+00,1.000000000000000000e+00
3.812646987152695233e-01,9.211740936539992708e-01,-7.794561369498349823e-02,1.405275837170137376e-01,-9.170730730418895638e-01,3.875106054687775248e-01,9.387496658175943642e-02,-7.883677799910319972e-02,1.166799392143302166e-01,3.569061263069399359e-02,9.925280711168755765e-01,7.108530504402077455e-02,0.000000000000000000e+00,0.000000000000000000e+00,0.000000000000000000e+00,1.000000000000000000e+00
3.814591100947113400e-01,9.211887779414738020e-01,-7.681264687826716564e-02,1.406297469818358903e-01,-9.171064518386109476e-01,3.875540703215275551e-01,9.336808112631715673e-02,-7.885650362762686161e-02,1.157786825013350784e-01,3.482926889716399244e-02,9.926642023898839540e-01,7.084085283659602439e-02,0.000000000000000000e+00,0.000000000000000000e+00,0.000000000000000000e+00,1.000000000000000000e+00
3.812445515346999936e-01,9.211696073148730735e-01,-7.809703249463612051e-02,1.405718759367872162e-01,-9.169621454276916106e-01,3.875423190801057793e-01,9.482285997932554666e-02,-7.875102385976900932e-02,1.176138417778741507e-01,3.546132373976204621e-02,9.924260570646425972e-01,7.100044259628468524e-02,0.000000000000000000e+00,0.000000000000000000e+00,0.000000000000000000e+00,1.000000000000000000e+00
3.813597859469606277e-01,9.212270850719967985e-01,-7.684641430958473463e-02,1.405947023742798452e-01,-9.170877430978801037e-01,3.874767410650856725e-01,9.387143651408100253e-02,-7.883160962828583695e-02,1.162531080106031095e-01,3.467611372879805809e-02,9.926141153613232682e-01,7.092716226449113925e-02,0.000000000000000000e+00,0.000000000000000000e+00,0.000000000000000000e+00,1.000000000000000000e+00
3.812784592740249279e-01,9.212035338959542186e-01,-7.752925661472075125e-02,1.405406685106706521e-01,-9.169584750559621744e-01,3.875144117708368974e-01,9.497228907921942409e-02,-7.876080033746017672e-02,1.175325125940488574e-01,3.488022086380462156e-02,9.924562855238622250e-01,7.109266912461009724e-02,0.000000000000000000e+00,0.000000000000000000e+00,0.000000000000000000e+00,1.000000000000000000e+00
3.813154454527367121e-01,9.212441544128220361e-01,-7.686181769503891426e-02,1.405679339144642048e-01,-9.170402107426476324e-01,3.874538161320918994e-01,9.442876810463814163e-02,-7.876525950808568877e-02,1.167723552055937863e-01,3.447822972374818551e-02,9.925600579989379835e-01,7.101451891094945346e-02,0.000000000000000000e+00,0.000000000000000000e+00,0.000000000000000000e+00,1.000000000000000000e+00
3.813763463608900728e-01,9.212082655427382694e-01,-7.698970016929904125e-02,1.405823465514563497e-01,-9.170152029420208795e-01,3.875273637212997557e-01,9.436980417709978086e-02,-7.879420225457221816e-02,1.167698591658956897e-01,3.461031440134013093e-02,9.925557546694381283e-01,7.100212131007732630e-02,0.000000000000000000e+00,0.000000000000000000e+00,0.000000000000000000e+00,1.000000000000000000e+00
3.815268118564914546e-01,9.211754266389875490e-01,-7.663631770316609026e-02,1.406580718292889109e-01,-9.170180097131583885e-01,3.876214373562560378e-01,9.395526150029030743e-02,-7.879494635103391487e-02,1.162551577192995067e-01,3.443043215455392214e-02,9.926224275349169179e-01,7.085910776092374519e-02,0.000000000000000000e+00,0.000000000000000000e+00,0.000000000000000000e+00,1.000000000000000000e+00
3.813652993444375805e-01,9.212055169285666700e-01,-7.707726017639582317e-02,1.405855475845206315e-01,-9.169227634342342892e-01,3.875539642665644657e-01,9.515550786684702500e-02,-7.873925251264586589e-02,1.175293765492466946e-01,3.438488565696821986e-02,9.924739418676453706e-01,7.103973854975587088e-02,0.000000000000000000e+00,0.000000000000000000e+00,0.000000000000000000e+00,1.000000000000000000e+00
3.812307460234553580e-01,9.212128556431011805e-01,-7.765302881589734862e-02,1.405720836109762284e-01,-9.170218684933122422e-01,3.874667212407551520e-01,9.455386103154739263e-02,-7.879110377065917659e-02,1.171921968026623379e-01,3.516268659846427669e-02,9.924865613597718683e-01,7.102168724860091764e-02,0.000000000000000000e+00,0.000000000000000000e+00,0.000000000000000000e+00,1.000000000000000000e+00
3.814494644355884700e-01,9.212134108396065058e-01,-7.656472928876138784e-02,1.406052953735361655e-01,-9.169548322938815277e-01,3.875652087243443011e-01,9.480002383625904527e-02,-7.874981976291223207e-02,1.170048785935979135e-01,3.404498018378060431e-02,9.925476299450740614e-01,7.100377114077605079e-02,0.000000000000000000e+00,0.000000000000000000e+00,0.000000000000000000e+00,1.000000000000000000e+00
3.813916177045339473e-01,9.211786114792469560e-01,-7.726836155817809471e-02,1.405984012304559161e-01,-9.170526106659661059e-01,3.875579444170966226e-01,9.387943858977106093e-02,-7.879221342605814693e-02,1.164256982605410551e-01,3.505432173586277289e-02,9.925806019221734555e-01,7.092971953222071413e-02,0.000000000000000000e+00,0.000000000000000000e+00,0.000000000000000000e+00,1.000000000000000000e+00
3.813815402637643071e-01,9.211864349018124010e-01,-7.722482048491820239e-02,1.406520799182797710e-01,-9.170382734074973285e-01,3.875490519342055795e-01,9.405603356879826960e-02,-7.879361974724016782e-02,1.165715482089657168e-01,3.494688108812471494e-02,9.925672721031947310e-01,7.086922187231858850e-02,0.000000000000000000e+00,0.000000000000000000e+00,0.000000000000000000e+00,1.000000000000000000e+00
3.813301410344864806e-01,9.211169641159007160e-01,-7.829982092268794602e-02,1.405607451449436551e-01,-9.169538777590999779e-01,3.876399511454965419e-01,9.450319750392881246e-02,-7.873914684403232611e-02,1.174006371412361638e-01,3.576040679051871451e-02,9.924405693566785702e-01,7.107958767846600523e-02,0.000000000000000000e+00,0.000000000000000000e+00,0.000000000000000000e+00,1.000000000000000000e+00
3.814574221902873874e-01,9.211889359281597578e-01,-7.681913420161554096e-02,1.405773505778081800e-01,-9.170936986714020023e-01,3.875570938846611413e-01,9.348072976225603459e-02,-7.881315230906309199e-02,1.158852143853943972e-01,3.479142571411732165e-02,9.926530984103310029e-01,7.093092059018979434e-02,0.000000000000000000e+00,0.000000000000000000e+00,0.000000000000000000e+00,1.000000000000000000e+00
3.814767387709022128e-01,9.211523484401200612e-01,-7.716118674546697254e-02,1.406058764920222193e-01,-9.172181980364730869e-01,3.875703332766801679e-01,9.219552025195587586e-02,-7.888196229380045610e-02,1.148315068587125870e-01,3.560319827003018828e-02,9.927467639360516571e-01,7.082576804524731706e-02,0.000000000000000000e+00,0.000000000000000000e+00,0.000000000000000000e+00,1.000000000000000000e+00
3.814225839771243076e-01,9.212047474096545230e-01,-7.680251156132988921e-02,1.405800446713396101e-01,-9.171300495312015855e-01,3.875142012435570105e-01,9.330174747272246272e-02,-7.887346106251097444e-02,1.157120766346764751e-01,3.485049762173623306e-02,9.926712235863434097e-01,7.089997648396195729e-02,0.000000000000000000e+00,0.000000000000000000e+00,0.000000000000000000e+00,1.000000000000000000e+00
3.811647266154126190e-01,9.211596208875106884e-01,-7.860282457123213273e-02,1.405923840679811909e-01,-9.169652369745872056e-01,3.875241784617889373e-01,9.486709275431130794e-02,-7.878068130792811874e-02,1.178482302130045289e-01,3.591606818533572831e-02,9.923818975987870328e-01,7.100217805846509300e-02,0.000000000000000000e+00,0.000000000000000000e+00,0.000000000000000000e+00,1.000000000000000000e+00
3.811286366549338500e-01,9.213322011529792022e-01,-7.673289672726973931e-02,1.405843029912753894e-01,-9.170557427179886201e-01,3.872730914360202337e-01,9.501745838290008572e-02,-7.886164489061842087e-02,1.172592302102895556e-01,3.415446922723743006e-02,9.925138513704965249e-01,7.092955727980343461e-02,0.000000000000000000e+00,0.000000000000000000e+00,0.000000000000000000e+00,1.000000000000000000e+00
3.816012491975008802e-01,9.212780909135621643e-01,-7.501443736754659364e-02,1.406950374283056360e-01,-9.168658918305064853e-01,3.875631229496310781e-01,9.566484269249303507e-02,-7.867059663038361572e-02,1.172067532557620473e-01,3.227235554142152824e-02,9.925830303098331919e-01,7.091457684220303648e-02,0.000000000000000000e+00,0.000000000000000000e+00,0.000000000000000000e+00,1.000000000000000000e+00
3.815903826332462945e-01,9.212177352077313142e-01,-7.580675577117608477e-02,1.405820473404787996e-01,-9.172114165323546064e-01,3.875352729906357263e-01,9.241011617125538535e-02,-7.891472695733736664e-02,1.145076297218844269e-01,3.426801025463058203e-02,9.928311569489871591e-01,7.090301785404329316e-02,0.000000000000000000e+00,0.000000000000000000e+00,0.000000000000000000e+00,1.000000000000000000e+00
3.812923268971792901e-01,9.212628708763145324e-01,-7.675209569819785305e-02,1.406505812017990187e-01,-9.168906037555090149e-01,3.874658352556692442e-01,9.582195601470719359e-02,-7.873485446083838823e-02,1.180160251584183861e-01,3.383709878753438094e-02,9.924350198131108858e-01,7.091394964463204609e-02,0.000000000000000000e+00,0.000000000000000000e+00,0.000000000000000000e+00,1.000000000000000000e+00
3.818046644779494736e-01,9.211816193242144957e-01,-7.516397010601935658e-02,1.407568511873337758e-01,-9.170431542445981465e-01,3.877067696195122259e-01,9.335584633176900737e-02,-7.879509447098118069e-02,1.151392697388638475e-01,3.328490664581458536e-02,9.927915509076317147e-01,7.060197999606798724e-02,0.000000000000000000e+00,0.000000000000000000e+00,0.000000000000000000e+00,1.000000000000000000e+00
3.812102620834580402e-01,9.211466735497901848e-01,-7.853369907509519243e-02,1.404627213832759236e-01,-9.170170705962006341e-01,3.875406778820494336e-01,9.429695234674706494e-02,-7.879865844925879048e-02,1.172963269562364019e-01,3.606977675115251997e-02,9.924417075514803122e-01,7.113976232690544244e-02,0.000000000000000000e+00,0.000000000000000000e+00,0.000000000000000000e+00,1.000000000000000000e+00
3.812548755833710112e-01,9.211925638267043359e-01,-7.777519009485930890e-02,1.405531345661787390e-01,-9.170569336777626424e-01,3.874896111911462215e-01,9.411897583630041142e-02,-7.880885321396285947e-02,1.168387788255597359e-01,3.544095892209376403e-02,9.925183314142034252e-01,7.102589902233913399e-02,0.000000000000000000e+00,0.000000000000000000e+00,0.000000000000000000e+00,1.000000000000000000e+00
3.816203886262953260e-01,9.212459218421604756e-01,-7.531155604489374322e-02,1.406684423338693257e-01,-9.170999679297942020e-01,3.875442854083068767e-01,9.347232569341196173e-02,-7.886553762871331696e-02,1.152975620205639734e-01,3.339728037659142612e-02,9.927694061843170825e-01,7.077631110709203810e-02,0.000000000000000000e+00,0.000000000000000000e+00,0.000000000000000000e+00,1.000000000000000000e+00
3.814520261994246431e-01,9.212384145484140419e-01,-7.625047717016439353e-02,1.405443964526690848e-01,-9.170622502672911569e-01,3.875038605193805719e-01,9.400844226594110009e-02,-7.880457563376255803e-02,1.161515425771252885e-01,3.406672339543079936e-02,9.926471062336571505e-01,7.104270271960166916e-02,0.000000000000000000e+00,0.000000000000000000e+00,0.000000000000000000e+00,1.000000000000000000e+00
3.812508019317616403e-01,9.211454392026044991e-01,-7.835117014205623953e-02,1.405553509881695140e-01,-9.171462718377344503e-01,3.875170949540127641e-01,9.313010883998290579e-02,-7.887973820425198124e-02,1.161487928500896244e-01,3.635355491067515654e-02,9.925663085984852696e-01,7.097879199978684994e-02,0.000000000000000000e+00,0.000000000000000000e+00,0.000000000000000000e+00,1.000000000000000000e+00
3.815289811682430754e-01,9.212163200345624414e-01,-7.613230740428869603e-02,1.406674163494465724e-01,-9.168163810679286208e-01,3.876296768498964651e-01,9.586947914092208700e-02,-7.865543074811456870e-02,1.178276704947918974e-01,3.322236185498489425e-02,9.924781683939185584e-01,7.101551595142341355e-02,0.000000000000000000e+00,0.000000000000000000e+00,0.000000000000000000e+00,1.000000000000000000e+00
3.814188706000443685e-01,9.212163588216912835e-01,-7.668158442215235182e-02,1.405998026813181090e-01,-9.170190628900751761e-01,3.875317136676793006e-01,9.431441670285777013e-02,-7.877644050936055686e-02,1.166005293572678486e-01,3.434517638762236980e-02,9.925848706345005157e-01,7.100248666145958509e-02,0.000000000000000000e+00,0.000000000000000000e+00,0.000000000000000000e+00,1.000000000000000000e+00
3.815249202718695720e-01,9.211941992221551745e-01,-7.641977840190213034e-02,1.406485152318110998e-01,-9.168762555881452281e-01,3.876389006842569929e-01,9.525762234573553755e-02,-7.868885465975750115e-02,1.173740480268341962e-01,3.372432350326723394e-02,9.925149887301659701e-01,7.098762496067667627e-02,0.000000000000000000e+00,0.000000000000000000e+00,0.000000000000000000e+00,1.000000000000000000e+00
3.814543949211445240e-01,9.212057033512339732e-01,-7.663286963504641058e-02,1.406239897558638208e-01,-9.171107100000077672e-01,3.875304667848137319e-01,9.342420947926940999e-02,-7.883424858451390516e-02,1.157604863441126924e-01,3.464375018243445736e-02,9.926728163774163338e-01,7.086853357265199271e-02,0.000000000000000000e+00,0.000000000000000000e+00,0.000000000000000000e+00,1.000000000000000000e+00
3.815521669341968569e-01,9.212002150364255737e-01,-7.621094228955974104e-02,1.406041590353852011e-01,-9.170568741611409003e-01,3.875887178081434681e-01,9.371059375351926957e-02,-7.877998945669767439e-02,1.158647205218939213e-01,3.413428840159325739e-02,9.926783048368190698e-01,7.097045330889817372e-02,0.000000000000000000e+00,0.000000000000000000e+00,0.000000000000000000e+00,1.000000000000000000e+00
3.815377240583027740e-01,9.211776851511476183e-01,-7.655480063316789929e-02,1.406385058746089101e-01,-9.169952953373422533e-01,3.876293297554156414e-01,9.414420344635318627e-02,-7.878111928479468451e-02,1.163984254601046348e-01,3.428082689989972454e-02,9.926108157064721382e-01,7.092648177619564898e-02,0.000000000000000000e+00,0.000000000000000000e+00,0.000000000000000000e+00,1.000000000000000000e+00
3.813795424287061975e-01,9.212242472614573519e-01,-7.678236043800873434e-02,1.406177753895793137e-01,-9.170242730861726255e-01,3.875062259052274305e-01,9.436846642530545559e-02,-7.879850300779217553e-02,1.166881621572977146e-01,3.442108572152373369e-02,9.925719428183047421e-01,7.094689312309943041e-02,0.000000000000000000e+00,0.000000000000000000e+00,0.000000000000000000e+00,1.000000000000000000e+00
3.815007566781534742e-01,9.212152765161262247e-01,-7.628621741385213650e-02,1.406290116258236411e-01,-9.172248792952036878e-01,3.875014295514561113e-01,9.241841211293974623e-02,-7.891239220591020342e-02,1.146982713727439651e-01,3.471392240722825928e-02,9.927936593951482980e-01,7.075834831258531743e-02,0.000000000000000000e+00,0.000000000000000000e+00,0.000000000000000000e+00,1.000000000000000000e+00
3.813905404470938065e-01,9.212517434966178698e-01,-7.639686356072278306e-02,1.406347319304890320e-01,-9.169878705257024087e-01,3.874868865040524413e-01,9.480062286785520542e-02,-7.881754105355379125e-02,1.169380219013962940e-01,3.389893644109739923e-02,9.925605075469964289e-01,7.087963647223882724e-02,0.000000000000000000e+00,0.000000000000000000e+00,0.000000000000000000e+00,1.000000000000000000e+00
3.818207510911627023e-01,9.212180727429315485e-01,-7.463361500007645311e-02,1.406665971433326834e-01,-9.170510482724496537e-01,3.876648009694620423e-01,9.345253849794059320e-02,-7.878828192927378460e-02,1.150229929126435346e-01,3.276071643152304869e-02,9.928224647741969999e-01,7.087809833333946763e-02,0.000000000000000000e+00,0.000000000000000000e+00,0.000000000000000000e+00,1.000000000000000000e+00
3.816210079706053304e-01,9.212034746799224738e-01,-7.582588287080166412e-02,1.406351657437269198e-01,-9.170225114018084600e-01,3.876196130196082890e-01,9.391884360898512807e-02,-7.877742727723013871e-02,1.159099644457676215e-01,3.369263777394736203e-02,9.926881112927736783e-01,7.091800510301227156e-02,0.000000000000000000e+00,0.000000000000000000e+00,0.000000000000000000e+00,1.000000000000000000e+00
3.814705990273172254e-01,9.211772386768596332e-01,-7.689393358006618717e-02,1.406038050410837181e-01,-9.170771274628221059e-01,3.875811166347116754e-01,9.354368130840559625e-02,-7.883781116961557922e-02,1.159729466827426336e-01,3.483350358298620275e-02,9.926413766642290248e-01,7.087457461865898090e-02,0.000000000000000000e+00,0.000000000000000000e+00,0.000000000000000000e+00,1.000000000000000000e+00
3.814918554733443545e-01,9.211904769955305827e-01,-7.662942842180078817e-02,1.406348531245726896e-01,-9.170859380126636928e-01,3.875701062320387469e-01,9.350291468568727726e-02,-7.878994612602070735e-02,1.158332702937183989e-01,3.460517082797279209e-02,9.926656716362409760e-01,7.086493726429199391e-02,0.000000000000000000e+00,0.000000000000000000e+00,0.000000000000000000e+00,1.000000000000000000e+00
3.814951568680037819e-01,9.212339756311610506e-01,-7.608815564240513363e-02,1.405795731619747246e-01,-9.169818795759844265e-01,3.875482857332215869e-01,9.460739270552000202e-02,-7.875895022489441677e-02,1.166433787900213320e-01,3.367919785337751548e-02,9.926026565632397602e-01,7.100452665974033017e-02,0.000000000000000000e+00,0.000000000000000000e+00,0.000000000000000000e+00,1.000000000000000000e+00
3.815758083467829520e-01,9.211067181419234640e-01,-7.721603640639999877e-02,1.405978021184448035e-01,-9.171894109532496842e-01,3.876704593518812691e-01,9.206084608090714383e-02,-7.883129900948369906e-02,1.147322401059538005e-01,3.569353918731979491e-02,9.927549971370344117e-01,7.096044893966979572e-02,0.000000000000000000e+00,0.000000000000000000e+00,0.000000000000000000e+00,1.000000000000000000e+00
3.815929878543996567e-01,9.211429122186759466e-01,-7.669763288165266923e-02,1.406338420780635090e-01,-9.170245782311440275e-01,3.876833288297730773e-01,9.363524692901975532e-02,-7.878524836482544980e-02,1.159858376714350409e-01,3.460306080049552202e-02,9.926479303574318180e-01,7.086319062790935597e-02,0.000000000000000000e+00,0.000000000000000000e+00,0.000000000000000000e+00,1.000000000000000000e+00
3.814924926093563040e-01,9.210910329331933877e-01,-7.781251270048701596e-02,1.405611238819324815e-01,-9.171012142775101239e-01,3.876856920404053164e-01,9.287177697163451207e-02,-7.879279208883074870e-02,1.157101588168350931e-01,3.593206419363174225e-02,9.926328857686348428e-01,7.095069761297057020e-02,0.000000000000000000e+00,0.000000000000000000e+00,0.000000000000000000e+00,1.000000000000000000e+00
3.815883395626034069e-01,9.212489258303198092e-01,-7.543709807738824269e-02,1.406262405080159206e-01,-9.169708464473675935e-01,3.875660984709554668e-01,9.464135502833827263e-02,-7.875933701545448362e-02,1.164251084408067238e-01,3.305958215833733338e-02,9.926491112936447481e-01,7.092279972618897865e-02,0.000000000000000000e+00,0.000000000000000000e+00,0.000000000000000000e+00,1.000000000000000000e+00
3.812167974477133070e-01,9.211862660726889418e-01,-7.803599517380745143e-02,1.405661429893223513e-01,-9.170486446279132453e-01,3.874857526917430128e-01,9.421557645644756951e-02,-7.881869006406674871e-02,1.170279314087728645e-01,3.564624327991339214e-02,9.924886944495705521e-01,7.094146621101571348e-02,0.000000000000000000e+00,0.000000000000000000e+00,0.000000000000000000e+00,1.000000000000000000e+00
3.814956713838668634e-01,9.212107009262031632e-01,-7.636685939873816276e-02,1.406575839943315920e-01,-9.169175209348552347e-01,3.875959890918153627e-01,9.503477806896439006e-02,-7.875663213262079632e-02,1.171465429197663388e-01,3.376675493723528543e-02,9.925404242361902662e-01,7.091310876614498326e-02,0.000000000000000000e+00,0.000000000000000000e+00,0.000000000000000000e+00,1.000000000000000000e+00
3.816749641013819638e-01,9.211994081028856973e-01,-7.560338807951667850e-02,1.406984259649305402e-01,-9.171197077131946207e-01,3.876156796305446073e-01,9.298132408508559543e-02,-7.885079179075377143e-02,1.149593993646171181e-01,3.384871364533954818e-02,9.927933325130071651e-01,7.071770128898124952e-02,0.000000000000000000e+00,0.000000000000000000e+00,0.000000000000000000e+00,1.000000000000000000e+00
3.812723275957404789e-01,9.212250056185523617e-01,-7.730395353942079439e-02,1.406371890359571220e-01,-9.170614631385701765e-01,3.874552358615707126e-01,9.421630978551320812e-02,-7.887649387896314424e-02,1.167462420631668329e-01,3.497040500985332256e-02,9.925459111484846719e-01,7.083672630974957585e-02,0.000000000000000000e+00,0.000000000000000000e+00,0.000000000000000000e+00,1.000000000000000000e+00
3.814570120694515953e-01,9.211539264850462372e-01,-7.723983210901336216e-02,1.406058256372945681e-01,-9.171289816400641781e-01,3.875886287069600922e-01,9.300261250587134321e-02,-7.884296715049581017e-02,1.156070022918389562e-01,3.536238988304625519e-02,9.926653627496299093e-01,7.092303070516714492e-02,0.000000000000000000e+00,0.000000000000000000e+00,0.000000000000000000e+00,1.000000000000000000e+00
3.816043296017601616e-01,9.211847037588197784e-01,-7.613722604591485754e-02,1.406518200665193286e-01,-9.171603595352263438e-01,3.875958973776640892e-01,9.266226434324668915e-02,-7.889502711093354659e-02,1.148695369817675782e-01,3.446972435020033421e-02,9.927823666729862495e-01,7.078633543894863323e-02,0.000000000000000000e+00,0.000000000000000000e+00,0.000000000000000000e+00,1.000000000000000000e+00
3.816536195105565410e-01,9.211946072072475511e-01,-7.576945536808600556e-02,1.406671207161175330e-01,-9.171428064673304847e-01,3.876070010750609640e-01,9.278946741320742708e-02,-7.885810121178921106e-02,1.148459283549938120e-01,3.407797485008007277e-02,9.927986222645541758e-01,7.073698376506909469e-02,0.000000000000000000e+00,0.000000000000000000e+00,0.000000000000000000e+00,1.000000000000000000e+00
3.815426180718814453e-01,9.211809037091026608e-01,-7.649165468556196057e-02,1.406001643185521566e-01,-9.170694515783305301e-01,3.876052040418268008e-01,9.351912521786079346e-02,-7.881393600081054718e-02,1.157965957041679483e-01,3.446662793739263542e-02,9.926747704973422071e-01,7.086378862130504608e-02,0.000000000000000000e+00,0.000000000000000000e+00,0.000000000000000000e+00,1.000000000000000000e+00
3.814674102623915042e-01,9.211780695343848580e-01,-7.689979919745018599e-02,1.406643720833926081e-01,-9.170330066014401593e-01,3.875921446229311229e-01,9.392973027811590825e-02,-7.879970554718467024e-02,1.163317657014927564e-01,3.468852310924694371e-02,9.926044663677835445e-01,7.076847910086270232e-02,0.000000000000000000e+00,0.000000000000000000e+00,0.000000000000000000e+00,1.000000000000000000e+00
3.813685446077865748e-01,9.211368576355194460e-01,-7.787761352981663332e-02,1.405988066819581217e-01,-9.170088288103865892e-01,3.876133187959713844e-01,9.407828110555560563e-02,-7.878203213456938525e-02,1.168453724695248247e-01,3.553596202909711094e-02,9.925141582542411633e-01,7.098665701318540577e-02,0.000000000000000000e+00,0.000000000000000000e+00,0.000000000000000000e+00,1.000000000000000000e+00
3.814636672318037491e-01,9.211748089857364485e-01,-7.695740297174674671e-02,1.405873567292852400e-01,-9.171435233386370234e-01,3.875614555652114324e-01,9.297244623094320926e-02,-7.884709759030834875e-02,1.154695985099744582e-01,3.511537341773181276e-02,9.926901240415755279e-01,7.093252322623944117e-02,0.000000000000000000e+00,0.000000000000000000e+00,0.000000000000000000e+00,1.000000000000000000e+00
3.816827082180364594e-01,9.212218860503342821e-01,-7.528975301600208947e-02,1.406765601357352069e-01,-9.171433781127633633e-01,3.875838429862264456e-01,9.288050731955184436e-02,-7.883957074952355204e-02,1.147446479416553283e-01,3.360061484398006726e-02,9.928266034161516984e-01,7.076300970922533295e-02,0.000000000000000000e+00,0.000000000000000000e+00,0.000000000000000000e+00,1.000000000000000000e+00
3.811283334436695869e-01,9.212326551197377311e-01,-7.792039904601280598e-02,1.405316557998788629e-01,-9.171786402525806681e-01,3.873574758706773702e-01,9.347474392329269133e-02,-7.887747284352572552e-02,1.162950356243919181e-01,3.584105227440218672e-02,9.925678232045331839e-01,7.096211448236022790e-02,0.000000000000000000e+00,0.000000000000000000e+00,0.000000000000000000e+00,1.000000000000000000e+00
3.813769360160886857e-01,9.211697417749009631e-01,-7.744636539788424257e-02,1.405643130411409203e-01,-9.170673937060334069e-01,3.875588546654769040e-01,9.373115582135420343e-02,-7.879408389125480694e-02,1.163573292758278699e-01,3.527663545104818554e-02,9.925807427685924278e-01,7.107745976428936352e-02,0.000000000000000000e+00,0.000000000000000000e+00,0.000000000000000000e+00,1.000000000000000000e+00
3.814210651471901525e-01,9.211332795377695781e-01,-7.766242585688740152e-02,1.405916928724374459e-01,-9.170543607856882495e-01,3.876230724341331313e-01,9.359301833297070661e-02,-7.877687460978378964e-02,1.163153920422226317e-01,3.552231755835161264e-02,9.925768960283873898e-01,7.097114091212564091e-02,0.000000000000000000e+00,0.000000000000000000e+00,0.000000000000000000e+00,1.000000000000000000e+00
3.813400974560458567e-01,9.212174687317553623e-01,-7.705910313305595893e-02,1.406041449972703639e-01,-9.171014012125615622e-01,3.874771879986694256e-01,9.373605856125993840e-02,-7.883077144484290644e-02,1.162099391883914395e-01,3.492569375261242448e-02,9.926104200287890755e-01,7.092468064522106097e-02,0.000000000000000000e+00,0.000000000000000000e+00,0.000000000000000000e+00,1.000000000000000000e+00
3.814747787900809595e-01,9.212085608788562752e-01,-7.649693138006193049e-02,1.405993684763510720e-01,-9.170729068379872562e-01,3.875456579211414843e-01,9.373177993719325474e-02,-7.881315330279825560e-02,1.159925717051899369e-01,3.439695320775809639e-02,9.926543068557351912e-01,7.098790270080934661e-02,0.000000000000000000e+00,0.000000000000000000e+00,0.000000000000000000e+00,1.000000000000000000e+00
3.814013663206455296e-01,9.212270970165890027e-01,-7.663963394440943822e-02,1.405711520238623335e-01,-9.170713624553876731e-01,3.874967252731238987e-01,9.394894393671759936e-02,-7.882771945556760196e-02,1.162459200701862067e-01,3.445175793763591982e-02,9.926227694557701042e-01,7.092323888071638827e-02,0.000000000000000000e+00,0.000000000000000000e+00,0.000000000000000000e+00,1.000000000000000000e+00
3.813584487217273056e-01,9.211911572228128620e-01,-7.728250411996896718e-02,1.406368080494811434e-01,-9.169671609217073804e-01,3.875560710753631621e-01,9.471809522901078471e-02,-7.873714391006783608e-02,1.172047754135537440e-01,3.474397252939568498e-02,9.924998221627727713e-01,7.092767190125748300e-02,0.000000000000000000e+00,0.000000000000000000e+00,0.000000000000000000e+00,1.000000000000000000e+00
3.815233170032009125e-01,9.211897471261198955e-01,-7.648142501673768634e-02,1.406120906802872383e-01,-9.169577602762823965e-01,3.876202531388380224e-01,9.454631259698760559e-02,-7.875335422625807935e-02,1.167408431183329931e-01,3.405861339366199336e-02,9.925782520293915390e-01,7.099012858615916244e-02,0.000000000000000000e+00,0.000000000000000000e+00,0.000000000000000000e+00,1.000000000000000000e+00
3.811625301786547571e-01,9.211591367542673048e-01,-7.861914755286833478e-02,1.405912118505295294e-01,-9.170048693773056314e-01,3.875118340800494110e-01,9.453384571796148717e-02,-7.881614928183322544e-02,1.175465657776404993e-01,3.606138131089635379e-02,9.924124050271809772e-01,7.097069314862070044e-02,0.000000000000000000e+00,0.000000000000000000e+00,0.000000000000000000e+00,1.000000000000000000e+00
3.814896754114496247e-01,9.211773959241682519e-01,-7.679734886592801124e-02,1.406613800094135835e-01,-9.170020891701033960e-01,3.876102538379500029e-01,9.415656948586170749e-02,-7.877375942571553102e-02,1.165023433761430416e-01,3.450357022176425703e-02,9.925909064815268135e-01,7.088947275454637875e-02,0.000000000000000000e+00,0.000000000000000000e+00,0.000000000000000000e+00,1.000000000000000000e+00
3.814339370430888110e-01,9.212290926303237093e-01,-7.645332277487647266e-02,1.406246592806364437e-01,-9.170282394990967312e-01,3.875187873878717104e-01,9.427829751655869561e-02,-7.877065937057847744e-02,1.164790094094047407e-01,3.414891378864052390e-02,9.926059097416556343e-01,7.095979406796515399e-02,0.000000000000000000e+00,0.000000000000000000e+00,0.000000000000000000e+00,1.000000000000000000e+00
3.816632973953430485e-01,9.211855963148790627e-01,-7.583023515270496950e-02,1.406928307702796088e-01,-9.170817143361215118e-01,3.876396279908196907e-01,9.325582041599024541e-02,-7.881504263948881095e-02,1.153007226847881789e-01,3.395019813107909290e-02,9.927502845102720297e-01,7.075205984476795606e-02,0.000000000000000000e+00,0.000000000000000000e+00,0.000000000000000000e+00,1.000000000000000000e+00
3.813434077548977785e-01,9.212496801449635564e-01,-7.665658611420515800e-02,1.405970656829030330e-01,-9.170603693296738301e-01,3.874512170283132551e-01,9.424347949965324045e-02,-7.879711586910255472e-02,1.165224629279884433e-01,3.435958754236830004e-02,9.925935393589434552e-01,7.093200245214070776e-02,0.000000000000000000e+00,0.000000000000000000e+00,0.000000000000000000e+00,1.000000000000000000e+00
3.812501460097720840e-01,9.211246630947180769e-01,-7.859822648234321418e-02,1.406024908624000092e-01,-9.170469347773868574e-01,3.875725654233434514e-01,9.387452235067561546e-02,-7.878428670678908063e-02,1.169326540489303845e-01,3.628858732177897561e-02,9.924766459958959119e-01,7.099206368639077169e-02,0.000000000000000000e+00,0.000000000000000000e+00,0.000000000000000000e+00,1.000000000000000000e+00
3.814359233115539038e-01,9.212010377495437607e-01,-7.678075577008798558e-02,1.406367059861227120e-01,-9.170674081693691582e-01,3.875423616820073414e-01,9.379918323443900419e-02,-7.881727596977969319e-02,1.161637003584941180e-01,3.463475062846205210e-02,9.926260266424240530e-01,7.083421587451121937e-02,0.000000000000000000e+00,0.000000000000000000e+00,0.000000000000000000e+00,1.000000000000000000e+00
3.813583904959665927e-01,9.212057559540073326e-01,-7.710858055710720360e-02,1.405842180269440411e-01,-9.170906216355078078e-01,3.875013615362352115e-01,9.374159437390511274e-02,-7.881865872714023669e-02,1.162349762615526860e-01,3.496641252359087432e-02,9.926060549325228521e-01,7.099654220414097772e-02,0.000000000000000000e+00,0.000000000000000000e+00,0.000000000000000000e+00,1.000000000000000000e+00
3.814737278672654108e-01,9.212200576197175916e-01,-7.636360642463164983e-02,1.406202708521791522e-01,-9.169354676184076069e-01,3.875712986311310448e-01,9.496229094114727598e-02,-7.879001172581284740e-02,1.170775092426551284e-01,3.379488003386235673e-02,9.925476124161667357e-01,7.095390978787752267e-02,0.000000000000000000e+00,0.000000000000000000e+00,0.000000000000000000e+00,1.000000000000000000e+00
3.813506902817248023e-01,9.212202806941865996e-01,-7.697301773593417940e-02,1.405600865656840837e-01,-9.169389783500149216e-01,3.875257143080888533e-01,9.511430351128359606e-02,-7.875823263729979373e-02,1.174502490592637949e-01,3.430765494361158463e-02,9.924859816683495595e-01,7.113039077726601711e-02,0.000000000000000000e+00,0.000000000000000000e+00,0.000000000000000000e+00,1.000000000000000000e+00
3.814801598626321733e-01,9.211532520637704113e-01,-7.713348069107867078e-02,1.405722212135856464e-01,-9.170510469223478456e-01,3.876216097937073002e-01,9.363153827402953544e-02,-7.879779971346800860e-02,1.161475999313234253e-01,3.501676503155745634e-02,9.926145078513201048e-01,7.102366770568546706e-02,0.000000000000000000e+00,0.000000000000000000e+00,0.000000000000000000e+00,1.000000000000000000e+00
3.815562630499441665e-01,9.211362205579534113e-01,-7.696025794896756145e-02,1.406405080556275555e-01,-9.170672680931690746e-01,3.876652374767960429e-01,9.329142213618092649e-02,-7.877568024696149362e-02,1.157689246710602721e-01,3.498180710410923877e-02,9.926599766547644643e-01,7.087943022776754809e-02,0.000000000000000000e+00,0.000000000000000000e+00,0.000000000000000000e+00,1.000000000000000000e+00
3.815177347454850598e-01,9.211795818801935543e-01,-7.663156008920674056e-02,1.406152190903542376e-01,-9.171149413399424244e-01,3.875841299619685043e-01,9.315968319320369617e-02,-7.886284086665260040e-02,1.155179745568101768e-01,3.473787743452300125e-02,9.926977774859961912e-01,7.086239252359738394e-02,0.000000000000000000e+00,0.000000000000000000e+00,0.000000000000000000e+00,1.000000000000000000e+00
3.813480627159152037e-01,9.212098960986779828e-01,-7.711019642486499626e-02,1.405842916472175297e-01,-9.168987675504839396e-01,3.875493383759477939e-01,9.540524298364760902e-02,-7.873880021214205160e-02,1.177722595827309648e-01,3.431963948277927390e-02,9.924474077846896503e-01,7.104393116631757543e-02,0.000000000000000000e+00,0.000000000000000000e+00,0.000000000000000000e+00,1.000000000000000000e+00
3.813424078177531928e-01,9.212155936464347938e-01,-7.707008513298421737e-02,1.405970502072779182e-01,-9.170313466729940188e-01,3.875012577748387921e-01,9.432011684700872256e-02,-7.878236622213741214e-02,1.167539173598635127e-01,3.470742349361268658e-02,9.925542390900163880e-01,7.096506395650026278e-02,0.000000000000000000e+00,0.000000000000000000e+00,0.000000000000000000e+00,1.000000000000000000e+00
3.813835621346869376e-01,9.212311433169295682e-01,-7.667958735178763419e-02,1.405838700351115245e-01,-9.169703086672789105e-01,3.875150012991283033e-01,9.485555751125974988e-02,-7.875444448798943342e-02,1.170983840883071808e-01,3.413655447053236258e-02,9.925334574173243496e-01,7.105004920809609992e-02,0.000000000000000000e+00,0.000000000000000000e+00,0.000000000000000000e+00,1.000000000000000000e+00
3.815475399669082113e-01,9.211979402208253509e-01,-7.626158717276856902e-02,1.406080393648994065e-01,-9.170349406684689120e-01,3.875962956532557624e-01,9.389371219124302559e-02,-7.877060970865909506e-02,1.160534029590629956e-01,3.410962516333342076e-02,9.926571115611062535e-01,7.098273169736835086e-02,0.000000000000000000e+00,0.000000000000000000e+00,0.000000000000000000e+00,1.000000000000000000e+00
3.815364611608197398e-01,9.211841314957942561e-01,-7.648349289368122639e-02,1.406144584447807100e-01,-9.169929158901783950e-01,3.876216389850987154e-01,9.419902970696836242e-02,-7.875993863153535335e-02,1.164213082391140353e-01,3.419445672686283189e-02,9.926111112198211517e-01,7.096342454462400973e-02,0.000000000000000000e+00,0.000000000000000000e+00,0.000000000000000000e+00,1.000000000000000000e+00
3.813063188715909990e-01,9.212306456064139892e-01,-7.706872766684594311e-02,1.405446744166002904e-01,-9.170583411005311936e-01,3.874616778481431711e-01,9.422020599130298546e-02,-7.880627513461348210e-02,1.166597197259550966e-01,3.474975963501960446e-02,9.925638337148749990e-01,7.098745874792355970e-02,0.000000000000000000e+00,0.000000000000000000e+00,0.000000000000000000e+00,1.000000000000000000e+00
3.814932048764547723e-01,9.212169863930533831e-01,-7.630333291536235685e-02,1.405885553674196542e-01,-9.170943319870986654e-01,3.875356742959776835e-01,9.356328011083953067e-02,-7.883915069656191599e-02,1.157623465131420865e-01,3.428359854016580638e-02,9.926851031424357430e-01,7.089541037802682411e-02,0.000000000000000000e+00,0.000000000000000000e+00,0.000000000000000000e+00,1.000000000000000000e+00
3.813978846728314775e-01,9.211902413408316059e-01,-7.709859159226135905e-02,1.405759085474396763e-01,-9.171031602780282954e-01,3.875308760606023806e-01,9.349659623620201754e-02,-7.884596086731346376e-02,1.160062367941608469e-01,3.504795797365065080e-02,9.926299379258790578e-01,7.095749684743402064e-02,0.000000000000000000e+00,0.000000000000000000e+00,0.000000000000000000e+00,1.000000000000000000e+00
3.812583105820307461e-01,9.212373491011860427e-01,-7.722594922146167051e-02,1.405885840511313933e-01,-9.169877487401789651e-01,3.874569406319218201e-01,9.492411609580690690e-02,-7.877316098961670288e-02,1.173693711006180140e-01,3.462464118473161656e-02,9.924845414162752899e-01,7.099534860519507440e-02,0.000000000000000000e+00,0.000000000000000000e+00,0.000000000000000000e+00,1.000000000000000000e+00
3.814916953241886399e-01,9.211993225361392312e-01,-7.652381693064452817e-02,1.406163550367677262e-01,-9.171619233297447771e-01,3.875364759668544212e-01,9.289502779630062768e-02,-7.887662213552504298e-02,1.152306070137626426e-01,3.474604947544484429e-02,9.927308896438602481e-01,7.089934657058694079e-02,0.000000000000000000e+00,0.000000000000000000e+00,0.000000000000000000e+00,1.000000000000000000e+00
3.816325592775243192e-01,9.212048040904515789e-01,-7.575155853155839114e-02,1.406870401210000288e-01,-9.169609739803573634e-01,3.876398901103220163e-01,9.443456884135312257e-02,-7.874240374153371191e-02,1.163579043137238783e-01,3.342191670043267310e-02,9.926448577350249769e-01,7.089618363587701921e-02,0.000000000000000000e+00,0.000000000000000000e+00,0.000000000000000000e+00,1.000000000000000000e+00
3.814756335679939103e-01,9.211850167506727693e-01,-7.677568565607362228e-02,1.405926631775976099e-01,-9.169937741580789226e-01,3.875982661823130226e-01,9.428680823841070757e-02,-7.875182700380771450e-02,1.166137176717202684e-01,3.443470584348556907e-02,9.925802193698265441e-01,7.102121139784922654e-02,0.000000000000000000e+00,0.000000000000000000e+00,0.000000000000000000e+00,1.000000000000000000e+00
3.814693951603780331e-01,9.211447252394820984e-01,-7.728839317423216726e-02,1.406149545923983113e-01,-9.170421648109611246e-01,3.876306922967774904e-01,9.368091773860534599e-02,-7.878354457065150918e-02,1.162530365831432877e-01,3.514031236344366399e-02,9.925977986738628855e-01,7.093963702839767294e-02,0.000000000000000000e+00,0.000000000000000000e+00,0.000000000000000000e+00,1.000000000000000000e+00
3.816764515566092864e-01,9.212081694051919012e-01,-7.548903859694180984e-02,1.406628173361228473e-01,-9.170568568362083006e-01,3.876237746593123590e-01,9.356564887051639634e-02,-7.877938582815013913e-02,1.154547862015664617e-01,3.351593561280831468e-02,9.927471351775076780e-01,7.092973802420754481e-02,0.000000000000000000e+00,0.000000000000000000e+00,0.000000000000000000e+00,1.000000000000000000e+00
3.816201664318608078e-01,9.211812181465687255e-01,-7.610001252643044944e-02,1.406203369428253858e-01,-9.170858993067784182e-01,3.876281257883906761e-01,9.326247578987639786e-02,-7.880697174187714649e-02,1.154101462835764869e-01,3.419940689227853742e-02,9.927290157454954356e-01,7.089429795788726452e-02,0.000000000000000000e+00,0.000000000000000000e+00,0.000000000000000000e+00,1.000000000000000000e+00
