T00,T01,T02,T03,T10,T11,T12,T13,T20,T21,T22,T23,T30,T31,T32,T33
9.791780603234793157e-01,1.683210306799778067e-01,1.134828480959945984e-01,3.791293716430663846e-02,1.541602908359467061e-01,-9.802604581204651391e-01,1.237903024264508517e-01,-8.094044494628906128e-02,1.320792599560011715e-01,-1.037181993494189630e-01,-9.857979530376340671e-01,1.647666259765625085e+00,0.000000000000000000e+00,0.000000000000000000e+00,0.000000000000000000e+00,1.000000000000000000e+00
9.791751468864956509e-01,1.681767445443492770e-01,1.137216527943304689e-01,3.790864562988281034e-02,1.540676714427174909e-01,-9.803473091101472248e-01,1.232165010731605531e-01,-8.093876647949219127e-02,1.322088663291098032e-01,-1.031297052985123280e-01,-9.858423198204738780e-01,1.647622924804687639e+00,0.000000000000000000e+00,0.000000000000000000e+00,0.000000000000000000e+00,1.000000000000000000e+00
9.791852214953634670e-01,1.683036381372673418e-01,1.134468483248263632e-01,3.791240692138671958e-02,1.541553600597642681e-01,-9.802694237603432059e-01,1.237254290976978754e-01,-8.094190216064453547e-02,1.320319164820416558e-01,-1.036616719444790891e-01,-9.858102407663226208e-01,1.647634399414062534e+00,0.000000000000000000e+00,0.000000000000000000e+00,0.000000000000000000e+00,1.000000000000000000e+00
9.791741552520086822e-01,1.683186918453286329e-01,1.135200055584600770e-01,3.790604400634765836e-02,1.541864856513060766e-01,-9.802868895506874347e-01,1.235481356295532879e-01,-8.094197845458984963e-02,1.320776337197751837e-01,-1.034718906298527225e-01,-9.858240545454696191e-01,1.647600097656249929e+00,0.000000000000000000e+00,0.000000000000000000e+00,0.000000000000000000e+00,1.000000000000000000e+00
9.791968479963097938e-01,1.683982678353983520e-01,1.132058137382052215e-01,3.791418075561523576e-02,1.541776933491810220e-01,-9.801733750947847490e-01,1.244563924787492892e-01,-8.094312286376953436e-02,1.319195654465920298e-01,-1.044134959923094241e-01,-9.857459358815769956e-01,1.647620971679687463e+00,0.000000000000000000e+00,0.000000000000000000e+00,0.000000000000000000e+00,1.000000000000000000e+00
9.791888346851088665e-01,1.683162577574590368e-01,1.133969285410469929e-01,3.791247177124023454e-02,1.541220689964596657e-01,-9.802263463983628133e-01,1.241076052253358014e-01,-8.093363952636718761e-02,1.320439846273552820e-01,-1.040478120915662302e-01,-9.857679437487755214e-01,1.647601318359374956e+00,0.000000000000000000e+00,0.000000000000000000e+00,0.000000000000000000e+00,1.000000000000000000e+00
9.791930317005042017e-01,1.683035518194662128e-01,1.133795445136712293e-01,3.791563796997070301e-02,1.541492607616891108e-01,-9.802580288667188668e-01,1.238232702239763922e-01,-8.093384552001953169e-02,1.319811049953745485e-01,-1.037695103934067747e-01,-9.858056992313002365e-01,1.647649780273437559e+00,0.000000000000000000e+00,0.000000000000000000e+00,0.000000000000000000e+00,1.000000000000000000e+00
9.791437114277294906e-01,1.684073676669710640e-01,1.136510047778420962e-01,3.791959381103515714e-02,1.541874485443054388e-01,-9.802170189078454055e-01,1.241000666994749591e-01,-8.094181823730468850e-02,1.323020146593717750e-01,-1.039882414453605353e-01,-9.857396322346854145e-01,1.647605957031250012e+00,0.000000000000000000e+00,0.000000000000000000e+00,0.000000000000000000e+00,1.000000000000000000e+00
9.792181171571231468e-01,1.683189892954390365e-01,1.131397227936373762e-01,3.791049957275390708e-02,1.541990924701475696e-01,-9.802587927653617639e-01,1.237551578221236098e-01,-8.093689727783202892e-02,1.317365511642160369e-01,-1.037372500539595205e-01,-9.858418047732609990e-01,1.647661132812499929e+00,0.000000000000000000e+00,0.000000000000000000e+00,0.000000000000000000e+00,1.000000000000000000e+00
9.791934098247331297e-01,1.683203625704887962e-01,1.133513197980127174e-01,3.790897750854492487e-02,1.541461782102001854e-01,-9.802369038058990069e-01,1.239942263180583287e-01,-8.093463134765625788e-02,1.319818998916190977e-01,-1.039416565250133456e-01,-9.857874568789332104e-01,1.647624755859375068e+00,0.000000000000000000e+00,0.000000000000000000e+00,0.000000000000000000e+00,1.000000000000000000e+00
9.792314561219301883e-01,1.682931452294242902e-01,1.130626932728576034e-01,3.791452407836914257e-02,1.541747143213992866e-01,-9.802563666735213399e-01,1.238047376312470943e-01,-8.093444061279296553e-02,1.316659136042404032e-01,-1.038020850696888125e-01,-9.858444168985012190e-01,1.647645385742187552e+00,0.000000000000000000e+00,0.000000000000000000e+00,0.000000000000000000e+00,1.000000000000000000e+00
9.791621344008364369e-01,1.683470279247892276e-01,1.135816567254097215e-01,3.791394042968750100e-02,1.541296678207662585e-01,-9.802216700291203066e-01,1.241351002045054802e-01,-8.093373107910156738e-02,1.322329764206297831e-01,-1.040420866486855694e-01,-9.857432141043268592e-01,1.647635498046875036e+00,0.000000000000000000e+00,0.000000000000000000e+00,0.000000000000000000e+00,1.000000000000000000e+00
9.791948955658655862e-01,1.683050683984185503e-01,1.133611946353679095e-01,3.791252136230469083e-02,1.541494135911613828e-01,-9.802548914498832033e-01,1.238479151139787737e-01,-8.094192504882812000e-02,1.319670973661813407e-01,-1.037966846290471201e-01,-9.858047136592336113e-01,1.647660644531250052e+00,0.000000000000000000e+00,0.000000000000000000e+00,0.000000000000000000e+00,1.000000000000000000e+00
9.792703550802086543e-01,1.684048056040902963e-01,1.125583986672281656e-01,3.790858078002929538e-02,1.541741905088623577e-01,-9.800987195941255337e-01,1.250472663871253221e-01,-8.094841766357421808e-02,1.313769030005621785e-01,-1.051014809572359265e-01,-9.857452957324099874e-01,1.647640380859375142e+00,0.000000000000000000e+00,0.000000000000000000e+00,0.000000000000000000e+00,1.000000000000000000e+00
9.792516748380339919e-01,1.682666925349367293e-01,1.129268679732969016e-01,3.791149902343750322e-02,1.541623529486767230e-01,-9.802581223439696956e-01,1.238062296978728744e-01,-8.094882965087890625e-02,1.315299443481711128e-01,-1.038283861091363475e-01,-9.858597973229961120e-01,1.647657226562500021e+00,0.000000000000000000e+00,0.000000000000000000e+00,0.000000000000000000e+00,1.000000000000000000e+00
9.791696254963767609e-01,1.683233813458301642e-01,1.135521193003093815e-01,3.791700363159179743e-02,1.541334578356190199e-01,-9.802440444620282856e-01,1.239535819263029165e-01,-8.092104339599609508e-02,1.321730747199326983e-01,-1.038694016013930604e-01,-9.857694587123543295e-01,1.647615600585937479e+00,0.000000000000000000e+00,0.000000000000000000e+00,0.000000000000000000e+00,1.000000000000000000e+00
9.792711091429011638e-01,1.681460288125336822e-01,1.129380706077777047e-01,3.791179275512695374e-02,1.541880816246593844e-01,-9.803933628926198018e-01,1.226983678824116603e-01,-8.094470977783203847e-02,1.313549781429701468e-01,-1.027412623568293853e-01,-9.859970094916035155e-01,1.647630981445312504e+00,0.000000000000000000e+00,0.000000000000000000e+00,0.000000000000000000e+00,1.000000000000000000e+00
9.791777674362394102e-01,1.682528589985502754e-01,1.135864217122610487e-01,3.791505432128906145e-02,1.541429712506509897e-01,-9.803213301120883294e-01,1.233289671621677075e-01,-8.094426727294921908e-02,1.321016433380093891e-01,-1.032524341896113029e-01,-9.858438469967327755e-01,1.647622558593750064e+00,0.000000000000000000e+00,0.000000000000000000e+00,0.000000000000000000e+00,1.000000000000000000e+00
9.791552421917634197e-01,1.683515883514923039e-01,1.136343011063090380e-01,3.791061782836914473e-02,1.541294004632302872e-01,-9.802224004872396312e-01,1.241296640448180250e-01,-8.093655395507812211e-02,1.322843135115982227e-01,-1.040278245594123824e-01,-9.857378313305226181e-01,1.647624267578124968e+00,0.000000000000000000e+00,0.000000000000000000e+00,0.000000000000000000e+00,1.000000000000000000e+00
9.792343296160154198e-01,1.682573914060192244e-01,1.130910161715544121e-01,3.791239166259765397e-02,1.541707776354941106e-01,-9.802898966345835463e-01,1.235438783567381765e-01,-8.094785308837890159e-02,1.316491512496004157e-01,-1.035430769940662715e-01,-9.858738926363052046e-01,1.647587768554687582e+00,0.000000000000000000e+00,0.000000000000000000e+00,0.000000000000000000e+00,1.000000000000000000e+00
9.792177780572068890e-01,1.683844750810051250e-01,1.130451754317764596e-01,3.792178726196289429e-02,1.541918563523004271e-01,-9.801815322457176904e-01,1.243745764980486862e-01,-8.094561767578124789e-02,1.317475410447508377e-01,-1.043591509937282641e-01,-9.857746968920078068e-01,1.647579223632812617e+00,0.000000000000000000e+00,0.000000000000000000e+00,0.000000000000000000e+00,1.000000000000000000e+00
9.791759978897763839e-01,1.682686088980783201e-01,1.135783448376792709e-01,3.792055130004882979e-02,1.541116943076746293e-01,-9.802812263378789526e-01,1.236863087294724356e-01,-8.093364715576172042e-02,1.321512422725532876e-01,-1.036069136158880161e-01,-9.858000084280843511e-01,1.647545898437499989e+00,0.000000000000000000e+00,0.000000000000000000e+00,0.000000000000000000e+00,1.000000000000000000e+00
9.790675863266710133e-01,1.683799068558604339e-01,1.143453906883802884e-01,3.791401290893554876e-02,1.540843567440337847e-01,-9.802310737268483676e-01,1.241170943387236714e-01,-8.093736267089843284e-02,1.329837298741612939e-01,-1.039001880052295990e-01,-9.856571810326520966e-01,1.647607543945312614e+00,0.000000000000000000e+00,0.000000000000000000e+00,0.000000000000000000e+00,1.000000000000000000e+00
9.791373849683674413e-01,1.683990238473950241e-01,1.137178531478324484e-01,3.790979766845703480e-02,1.541338251424603789e-01,-9.801893913122229351e-01,1.243845694044391770e-01,-8.093225097656249478e-02,1.324112733276927301e-01,-1.042618143244149476e-01,-9.856960630790408961e-01,1.647637573242187514e+00,0.000000000000000000e+00,0.000000000000000000e+00,0.000000000000000000e+00,1.000000000000000000e+00
9.791347593554668993e-01,1.683232047692364841e-01,1.138526317575738744e-01,3.790737533569336210e-02,1.541561509735668578e-01,-9.802917464515825685e-01,1.235474522437473299e-01,-8.095339202880859342e-02,1.324046983264827448e-01,-1.034185214317041024e-01,-9.857857806267815715e-01,1.647653076171875064e+00,0.000000000000000000e+00,0.000000000000000000e+00,0.000000000000000000e+00,1.000000000000000000e+00
9.792150224537444769e-01,1.683221851950898740e-01,1.131617504816116726e-01,3.790915298461914468e-02,1.541604883052137553e-01,-9.802275309175575435e-01,1.240505198568996742e-01,-8.092924499511719438e-02,1.318047178457991686e-01,-1.040270618753546678e-01,-9.858021539594902238e-01,1.647576660156250039e+00,0.000000000000000000e+00,0.000000000000000000e+00,0.000000000000000000e+00,1.000000000000000000e+00
9.792530591724574185e-01,1.682693826756060940e-01,1.129108540192397814e-01,3.791339492797851651e-02,1.541933710619318720e-01,-9.802784455092213856e-01,1.236065272976380747e-01,-8.094065856933593817e-02,1.314832705021480030e-01,-1.036319647791876797e-01,-9.858866899669881390e-01,1.647612670898437548e+00,0.000000000000000000e+00,0.000000000000000000e+00,0.000000000000000000e+00,1.000000000000000000e+00
9.791601239371494625e-01,1.682587830356659098e-01,1.137296514667241187e-01,3.790926742553710899e-02,1.540744627282731039e-01,-9.802762868162486765e-01,1.237718119797137639e-01,-8.095798492431641180e-02,1.323121748985323365e-01,-1.036695878119728298e-01,-9.857718320871802220e-01,1.647575683593750062e+00,0.000000000000000000e+00,0.000000000000000000e+00,0.000000000000000000e+00,1.000000000000000000e+00
9.791831317850472338e-01,1.683313209306907809e-01,1.134238106455416062e-01,3.790534973144531194e-02,1.540974248343661424e-01,-9.801953334242869964e-01,1.243828444467637018e-01,-8.094998168945312378e-02,1.321150184008002271e-01,-1.043152660303357238e-01,-9.857301594178684567e-01,1.647580688476562472e+00,0.000000000000000000e+00,0.000000000000000000e+00,0.000000000000000000e+00,1.000000000000000000e+00
9.792228500753165088e-01,1.682540945709999347e-01,1.131952717672758679e-01,3.790753173828124989e-02,1.542034587339067286e-01,-9.803289710095220988e-01,1.231925400091750389e-01,-8.095237731933593861e-02,1.316962535719021776e-01,-1.031778477169633390e-01,-9.859058923323366086e-01,1.647625366210937470e+00,0.000000000000000000e+00,0.000000000000000000e+00,0.000000000000000000e+00,1.000000000000000000e+00
9.791636936230684318e-01,1.683245889692483732e-01,1.136014693512492901e-01,3.791396713256835888e-02,1.541276872620434835e-01,-9.802432792759093738e-01,1.239668078707561322e-01,-8.093801116943359630e-02,1.322237388281051473e-01,-1.038746657407128987e-01,-9.857621095921530463e-01,1.647587646484375057e+00,0.000000000000000000e+00,0.000000000000000000e+00,0.000000000000000000e+00,1.000000000000000000e+00
9.791538875976409928e-01,1.683094876971845955e-01,1.137083143553615783e-01,3.791662979125976635e-02,1.541663350696533541e-01,-9.802983695838626277e-01,1.234821757275620380e-01,-8.093475341796875500e-02,1.322512969071299449e-01,-1.033780583215432591e-01,-9.858106164593937182e-01,1.647591186523437612e+00,0.000000000000000000e+00,0.000000000000000000e+00,0.000000000000000000e+00,1.000000000000000000e+00
9.791762357811651940e-01,1.683065769768112840e-01,1.135200221448934982e-01,3.791464996337890608e-02,1.541323795333435220e-01,-9.802558686841010838e-01,1.238613801383139507e-01,-8.094145202636718328e-02,1.321253528313841852e-01,-1.037850088246239227e-01,-9.857847448010418345e-01,1.647646728515625103e+00,0.000000000000000000e+00,0.000000000000000000e+00,0.000000000000000000e+00,1.000000000000000000e+00
9.791469071902509924e-01,1.683547198600382211e-01,1.137014619106281321e-01,3.791669082641601490e-02,1.541273166078076795e-01,-9.802244977036242979e-01,1.241156894874868577e-01,-8.094645690917968983e-02,1.323484205234145561e-01,-1.040029922767883308e-01,-9.857318464889077703e-01,1.647652099609375087e+00,0.000000000000000000e+00,0.000000000000000000e+00,0.000000000000000000e+00,1.000000000000000000e+00
9.791720237146988026e-01,1.683141004602086988e-01,1.135451961147268124e-01,3.790710449218750305e-02,1.541341957178007649e-01,-9.802526964143398747e-01,1.238842237044037592e-01,-8.095186614990235174e-02,1.321544463303739592e-01,-1.038027685502021374e-01,-9.857789750022190045e-01,1.647688232421875121e+00,0.000000000000000000e+00,0.000000000000000000e+00,0.000000000000000000e+00,1.000000000000000000e+00
9.791267109188268591e-01,1.683374401088372219e-01,1.139007911424833458e-01,3.790488433837890803e-02,1.541098627385877329e-01,-9.802469090757839343e-01,1.239602656259870955e-01,-8.093531799316405762e-02,1.325180522493958901e-01,-1.038195718782122107e-01,-9.857283917606569634e-01,1.647665771484374986e+00,0.000000000000000000e+00,0.000000000000000000e+00,0.000000000000000000e+00,1.000000000000000000e+00
9.792021341533672096e-01,1.682285179198215186e-01,1.134122842905100209e-01,3.790470123291015542e-02,1.541345297588845864e-01,-9.803204628959290012e-01,1.233464096093565138e-01,-8.093821716308594039e-02,1.319307667130707462e-01,-1.033003184216386011e-01,-9.858617129235163201e-01,1.647637573242187514e+00,0.000000000000000000e+00,0.000000000000000000e+00,0.000000000000000000e+00,1.000000000000000000e+00
9.791919420013568409e-01,1.683204465664641936e-01,1.133638742601782295e-01,3.790916061401367054e-02,1.541480143811006787e-01,-9.802395219178465791e-01,1.239712439747040901e-01,-8.091165924072266091e-02,1.319906450547742582e-01,-1.039168270201592664e-01,-9.857889037111782216e-01,1.647576782226562564e+00,0.000000000000000000e+00,0.000000000000000000e+00,0.000000000000000000e+00,1.000000000000000000e+00
9.792171327358412114e-01,1.682673387878781401e-01,1.132250398712379424e-01,3.790908432006836332e-02,1.541746751496916867e-01,-9.802968522068069568e-01,1.234838090435865787e-01,-8.095216369628906172e-02,1.317724421079195796e-01,-1.034610276900019832e-01,-9.858660351438444103e-01,1.647620605468750110e+00,0.000000000000000000e+00,0.000000000000000000e+00,0.000000000000000000e+00,1.000000000000000000e+00
9.791378227694732539e-01,1.683681149641110819e-01,1.137598430277036721e-01,3.791258239746093939e-02,1.541164774316604036e-01,-9.802091484729787974e-01,1.242502983253337967e-01,-8.095104980468750822e-02,1.324282273773700336e-01,-1.041259003001165362e-01,-9.857081522846292687e-01,1.647612426757812498e+00,0.000000000000000000e+00,0.000000000000000000e+00,0.000000000000000000e+00,1.000000000000000000e+00
9.791707273702302539e-01,1.682670286244213609e-01,1.136261138082380190e-01,3.791358566284179499e-02,1.541472050528327198e-01,-9.803152288085940080e-01,1.233721659871226117e-01,-8.094698333740234231e-02,1.321488775421661988e-01,-1.032872656422966495e-01,-9.858338678096242313e-01,1.647634643554687583e+00,0.000000000000000000e+00,0.000000000000000000e+00,0.000000000000000000e+00,1.000000000000000000e+00
9.791625889756628842e-01,1.682623383437318876e-01,1.137031655037652050e-01,3.790932846069335754e-02,1.540992231288031422e-01,-9.802897105726685600e-01,1.236345937691119001e-01,-8.094201660156249978e-02,1.322650890506503751e-01,-1.035367994505020095e-01,-9.857921065711422459e-01,1.647629028320312550e+00,0.000000000000000000e+00,0.000000000000000000e+00,0.000000000000000000e+00,1.000000000000000000e+00
9.791365274467105362e-01,1.682411864246098621e-01,1.139586056866150471e-01,3.791035842895507796e-02,1.540882312786368280e-01,-9.803261566253209658e-01,1.233590029857922071e-01,-8.093786621093750078e-02,1.324706669456263974e-01,-1.032256258235668273e-01,-9.857971356076840053e-01,1.647608764648437640e+00,0.000000000000000000e+00,0.000000000000000000e+00,0.000000000000000000e+00,1.000000000000000000e+00
9.791951796356257454e-01,1.683212511261442113e-01,1.133347104716119907e-01,3.790568542480468595e-02,1.541448685993387357e-01,-9.802333747857092661e-01,1.240237495027137343e-01,-8.094435119628906605e-02,1.319702984116017663e-01,-1.039734936200028964e-01,-9.857856526454438217e-01,1.647618652343749934e+00,0.000000000000000000e+00,0.000000000000000000e+00,0.000000000000000000e+00,1.000000000000000000e+00
9.792193365104591152e-01,1.683133864906496691e-01,1.131375045334896134e-01,3.791394042968750100e-02,1.541568916254084931e-01,-9.802306050047162600e-01,1.240306969120145847e-01,-8.093930053710937655e-02,1.317768711436428930e-01,-1.040123307119744517e-01,-9.858074311403086654e-01,1.647609985351562445e+00,0.000000000000000000e+00,0.000000000000000000e+00,0.000000000000000000e+00,1.000000000000000000e+00
9.792110578409751742e-01,1.683725483536810952e-01,1.131211260677965208e-01,3.790939712524413890e-02,1.541999808407952810e-01,-9.802069092659309035e-01,1.241643303691929157e-01,-8.094841766357421808e-02,1.317879740744858919e-01,-1.041398098145902562e-01,-9.857924882555781920e-01,1.647631103515625028e+00,0.000000000000000000e+00,0.000000000000000000e+00,0.000000000000000000e+00,1.000000000000000000e+00
9.791988167970424595e-01,1.682342920959121746e-01,1.134323593436161459e-01,3.791280364990234214e-02,1.541479923718290235e-01,-9.803275449115520512e-01,1.232732782699623997e-01,-8.092900848388671908e-02,1.319396590529416657e-01,-1.032236777618214529e-01,-9.858685504256219367e-01,1.647633422851562557e+00,0.000000000000000000e+00,0.000000000000000000e+00,0.000000000000000000e+00,1.000000000000000000e+00
9.792110661806336935e-01,1.682703927053530724e-01,1.132729570911491512e-01,3.790848541259765614e-02,1.541555971730902697e-01,-9.802837346823844999e-01,1.236116959569957402e-01,-8.092781829833985141e-02,1.318398260374875341e-01,-1.035802802464981659e-01,-9.858445038719150233e-01,1.647676635742187479e+00,0.000000000000000000e+00,0.000000000000000000e+00,0.000000000000000000e+00,1.000000000000000000e+00
9.791818588314650240e-01,1.682375873608038530e-01,1.135737713311177621e-01,3.790491867065429871e-02,1.541541615142986155e-01,-9.803431728614121488e-01,1.231412112651291968e-01,-8.093757629394530972e-02,1.320582516285168373e-01,-1.030697706557821836e-01,-9.858687745099669053e-01,1.647656372070312569e+00,0.000000000000000000e+00,0.000000000000000000e+00,0.000000000000000000e+00,1.000000000000000000e+00
9.791719711222548472e-01,1.684201618545892454e-01,1.133882712163485629e-01,3.791006088256836104e-02,1.541891836435460572e-01,-9.801800147367791816e-01,1.243898482913467773e-01,-8.093666839599610030e-02,1.320906757341148707e-01,-1.043158079654344927e-01,-9.857333643499257558e-01,1.647646362304687528e+00,0.000000000000000000e+00,0.000000000000000000e+00,0.000000000000000000e+00,1.000000000000000000e+00
9.791320250576066586e-01,1.684114309735613157e-01,1.137456259555862104e-01,3.791422653198242565e-02,1.541824237949490639e-01,-9.802186572607057835e-01,1.240933686815452741e-01,-8.094657135009765414e-02,1.323943265374519507e-01,-1.039662150674756369e-01,-9.857295615052020787e-01,1.647594848632812470e+00,0.000000000000000000e+00,0.000000000000000000e+00,0.000000000000000000e+00,1.000000000000000000e+00
9.791094504925630382e-01,1.683861953318268323e-01,1.139770730358669742e-01,3.791178131103515453e-02,1.541427788334546467e-01,-9.802343502089170268e-01,1.240186373252140650e-01,-8.091864776611328025e-02,1.326072686154578240e-01,-1.038590770812746478e-01,-9.857122320526279236e-01,1.647624023437500140e+00,0.000000000000000000e+00,0.000000000000000000e+00,0.000000000000000000e+00,1.000000000000000000e+00
9.792111195546039371e-01,1.683613616051500839e-01,1.131372408143288266e-01,3.791327667236327886e-02,1.542098712155466345e-01,-9.802269347497797325e-01,1.239938385998903408e-01,-8.093272399902344538e-02,1.317759422668039748e-01,-1.039692661776115273e-01,-9.858120980847137060e-01,1.647575561523437537e+00,0.000000000000000000e+00,0.000000000000000000e+00,0.000000000000000000e+00,1.000000000000000000e+00
9.791910611469102355e-01,1.682412421576333639e-01,1.134889871628295133e-01,3.790986633300781616e-02,1.541367199250533448e-01,-9.803177665135484053e-01,1.233651013400233198e-01,-8.094491577148438255e-02,1.320103683076976064e-01,-1.033051842607385085e-01,-9.858505472758644084e-01,1.647598144531249975e+00,0.000000000000000000e+00,0.000000000000000000e+00,0.000000000000000000e+00,1.000000000000000000e+00
9.792103661391834413e-01,1.682378820355628080e-01,1.133272866248668520e-01,3.791439819335937905e-02,1.541668738815403505e-01,-9.803285930495585498e-01,1.232413268634618281e-01,-8.094340515136719261e-02,1.318318392618410828e-01,-1.032078712970162099e-01,-9.858846288786428103e-01,1.647597045898437473e+00,0.000000000000000000e+00,0.000000000000000000e+00,0.000000000000000000e+00,1.000000000000000000e+00
9.791952212514739573e-01,1.683337249932744806e-01,1.133158228499726583e-01,3.791395187377930021e-02,1.541704967707817620e-01,-9.802398777308537481e-01,1.239404697088569707e-01,-8.093569183349609564e-02,1.319400492789362112e-01,-1.038919589578055636e-01,-9.857982979596698891e-01,1.647635498046875036e+00,0.000000000000000000e+00,0.000000000000000000e+00,0.000000000000000000e+00,1.000000000000000000e+00
9.791834772051776214e-01,1.682967967732456882e-01,1.134720501455862285e-01,3.791304397583007690e-02,1.541349870135838851e-01,-9.802623816566965465e-01,1.238065785290240889e-01,-8.093524169921875733e-02,1.320686327130705107e-01,-1.037393430893310126e-01,-9.857971520291050060e-01,1.647604858398437511e+00,0.000000000000000000e+00,0.000000000000000000e+00,0.000000000000000000e+00,1.000000000000000000e+00
9.791019338333210031e-01,1.683353333246782879e-01,1.141166890438070902e-01,3.791594696044921914e-02,1.540902387131607154e-01,-9.802549211033485532e-01,1.239212975480389750e-01,-8.095176696777343917e-02,1.327237789439882076e-01,-1.037473142165035583e-01,-9.857083205977769103e-01,1.647665771484374986e+00,0.000000000000000000e+00,0.000000000000000000e+00,0.000000000000000000e+00,1.000000000000000000e+00
9.791467331679100106e-01,1.682742385132144636e-01,1.138220346831280705e-01,3.790899276733398354e-02,1.541502620387285305e-01,-9.803301034489695365e-01,1.232500912175070601e-01,-8.093366241455078602e-02,1.323229822819933788e-01,-1.031342277060835338e-01,-9.858265361793974169e-01,1.647633178710937507e+00,0.000000000000000000e+00,0.000000000000000000e+00,0.000000000000000000e+00,1.000000000000000000e+00
9.792167777817596397e-01,1.684064784840711149e-01,1.130210604945034170e-01,3.791081619262695601e-02,1.541597189453277339e-01,-9.801326510050113461e-01,1.247989082027014529e-01,-8.093202972412109897e-02,1.317925762909492038e-01,-1.047818898401954024e-01,-9.857238317074979994e-01,1.647630981445312504e+00,0.000000000000000000e+00,0.000000000000000000e+00,0.000000000000000000e+00,1.000000000000000000e+00
9.792272746733553523e-01,1.682555794441411012e-01,1.131547812587224699e-01,3.791053771972656417e-02,1.541738950340846848e-01,-9.803003789292000780e-01,1.234567825649355577e-01,-8.095220947265625855e-02,1.316979674323489613e-01,-1.034467353626157826e-01,-9.858774864642182445e-01,1.647609985351562445e+00,0.000000000000000000e+00,0.000000000000000000e+00,0.000000000000000000e+00,1.000000000000000000e+00
9.792682750015929694e-01,1.682525195592462219e-01,1.128039681809560463e-01,3.790879440307617226e-02,1.541876769172806083e-01,-9.802792829655032625e-01,1.236069887809394946e-01,-8.092744445800781339e-02,1.313765803416155620e-01,-1.036514208807794019e-01,-9.858988675757464071e-01,1.647614501953124977e+00,0.000000000000000000e+00,0.000000000000000000e+00,0.000000000000000000e+00,1.000000000000000000e+00
9.791932179297883065e-01,1.683365989836487775e-01,1.133288639443827545e-01,3.791285324096679843e-02,1.541991436893154765e-01,-9.802609958243934107e-01,1.237376424167314637e-01,-8.093988037109374478e-02,1.319214389164552470e-01,-1.036878464815779999e-01,-9.858222783271967105e-01,1.647617675781249957e+00,0.000000000000000000e+00,0.000000000000000000e+00,0.000000000000000000e+00,1.000000000000000000e+00
9.792235111290308325e-01,1.682689200684565900e-01,1.131675120833211534e-01,3.791124725341796925e-02,1.542045934063491497e-01,-9.803131511855540658e-01,1.233169452469196348e-01,-8.094657897949218694e-02,1.316900095850699615e-01,-1.033039019187784180e-01,-9.858935263119643633e-01,1.647645751953125126e+00,0.000000000000000000e+00,0.000000000000000000e+00,0.000000000000000000e+00,1.000000000000000000e+00
9.791963205905485079e-01,1.683321461497149785e-01,1.133086683116649174e-01,3.791254806518554871e-02,1.541429756154366060e-01,-9.802189681331732185e-01,1.241399113112147262e-01,-8.093685150146484597e-02,1.319640436268562089e-01,-1.040916090977958980e-01,-9.857740248683168893e-01,1.647599365234375002e+00,0.000000000000000000e+00,0.000000000000000000e+00,0.000000000000000000e+00,1.000000000000000000e+00
9.791772739183791652e-01,1.682774097470027819e-01,1.135543024751199809e-01,3.791921997070312605e-02,1.541384453803718579e-01,-9.802915218857498614e-01,1.235713226223745798e-01,-8.093060302734375600e-02,1.321105820799145236e-01,-1.034951471700977510e-01,-9.858171983764262292e-01,1.647591918945312539e+00,0.000000000000000000e+00,0.000000000000000000e+00,0.000000000000000000e+00,1.000000000000000000e+00
9.792118915833609716e-01,1.682278718534933326e-01,1.133289659062537702e-01,3.790744781494140986e-02,1.541246300403463498e-01,-9.803050829379247322e-01,1.234809409625423210e-01,-8.093642425537109220e-02,1.318698972345946907e-01,-1.034472208312679914e-01,-9.858544531043231807e-01,1.647660888671875101e+00,0.000000000000000000e+00,0.000000000000000000e+00,0.000000000000000000e+00,1.000000000000000000e+00
9.792128450373205339e-01,1.682134835097277292e-01,1.133420843263401451e-01,3.790583419799804787e-02,1.541245633399930537e-01,-9.803198854461150358e-01,1.233634515331523823e-01,-8.093640899658202659e-02,1.318628950431967040e-01,-1.033302770945598997e-01,-9.858676537681863028e-01,1.647652099609375087e+00,0.000000000000000000e+00,0.000000000000000000e+00,0.000000000000000000e+00,1.000000000000000000e+00
9.791888827942590856e-01,1.683064556133370415e-01,1.134110612374607113e-01,3.791147994995117121e-02,1.541494928004944198e-01,-9.802586018932827328e-01,1.238184448439625940e-01,-8.093776702880860208e-02,1.320116119191094839e-01,-1.037593871083619113e-01,-9.858026800051905569e-01,1.647652099609375087e+00,0.000000000000000000e+00,0.000000000000000000e+00,0.000000000000000000e+00,1.000000000000000000e+00
9.792605879987427153e-01,1.682442605086307830e-01,1.128829907393539278e-01,3.791424942016601712e-02,1.542242793737049200e-01,-9.803237539399792810e-01,1.232079912695951823e-01,-8.093482971191406916e-02,1.313909146174822296e-01,-1.032434320764822472e-01,-9.859397655481042522e-01,1.647627807617187523e+00,0.000000000000000000e+00,0.000000000000000000e+00,0.000000000000000000e+00,1.000000000000000000e+00
9.791944063499709028e-01,1.684381384661487180e-01,1.131676105738170374e-01,3.790732574462890581e-02,1.541427341550950791e-01,-9.801038247666207237e-01,1.250460322642563127e-01,-8.092113494873047486e-02,1.319785288602668138e-01,-1.050004104177705427e-01,-9.856756980528535994e-01,1.647623901367187615e+00,0.000000000000000000e+00,0.000000000000000000e+00,0.000000000000000000e+00,1.000000000000000000e+00
9.791213822231239483e-01,1.683796308102358807e-01,1.138842342103962291e-01,3.791151809692382829e-02,1.541402819058870777e-01,-9.802293600999232304e-01,1.240611747972307083e-01,-8.095908355712891358e-02,1.325220448357682934e-01,-1.039168009818625532e-01,-9.857176097170239348e-01,1.647612426757812498e+00,0.000000000000000000e+00,0.000000000000000000e+00,0.000000000000000000e+00,1.000000000000000000e+00
9.791636583556776463e-01,1.683409378013355773e-01,1.135775453850489530e-01,3.791014480590820107e-02,1.541431220730103413e-01,-9.802375931911094797e-01,1.239925756345373886e-01,-8.093677520751953181e-02,1.322060061915154017e-01,-1.039018265242162009e-01,-9.857616255321673959e-01,1.647655029296875018e+00,0.000000000000000000e+00,0.000000000000000000e+00,0.000000000000000000e+00,1.000000000000000000e+00
9.792137961969080706e-01,1.683192730000715176e-01,1.131766922752548282e-01,3.790920257568359403e-02,1.541702276427888985e-01,-9.802394645092016301e-01,1.239440725782582908e-01,-8.093288421630859264e-02,1.318024364198590037e-01,-1.039192694135274708e-01,-9.858138278591692671e-01,1.647638916015625066e+00,0.000000000000000000e+00,0.000000000000000000e+00,0.000000000000000000e+00,1.000000000000000000e+00
9.791572263538079746e-01,1.683254980999547012e-01,1.136558523285085831e-01,3.791201400756836343e-02,1.540520065569383201e-01,-9.801882792907494757e-01,1.244946441290586958e-01,-8.092894744873047053e-02,1.323597573090047330e-01,-1.043909183331676871e-01,-9.856893175918359784e-01,1.647606689453124940e+00,0.000000000000000000e+00,0.000000000000000000e+00,0.000000000000000000e+00,1.000000000000000000e+00
9.792220319619285851e-01,1.682743843536669559e-01,1.131721860297241061e-01,3.790809249877929998e-02,1.541558959788206506e-01,-9.802701915136885491e-01,1.237186783177207372e-01,-8.092841339111328525e-02,1.317580049003442277e-01,-1.037018958366287824e-01,-9.858426572960666823e-01,1.647604736328124986e+00,0.000000000000000000e+00,0.000000000000000000e+00,0.000000000000000000e+00,1.000000000000000000e+00
9.791403173984295494e-01,1.683830978149275515e-01,1.137161871289746329e-01,3.791535186767578530e-02,1.541426654914436756e-01,-9.802112324162500778e-01,1.242013627952999327e-01,-8.094683074951171398e-02,1.323792941516773736e-01,-1.040820455951234763e-01,-9.857193567464518358e-01,1.647642211914062571e+00,0.000000000000000000e+00,0.000000000000000000e+00,0.000000000000000000e+00,1.000000000000000000e+00
9.791160125111243451e-01,1.683761438385005804e-01,1.139355441922857703e-01,3.791353988647461204e-02,1.541397708210803796e-01,-9.802373387917514558e-01,1.239987527747351964e-01,-8.093608856201171819e-02,1.325623064658296713e-01,-1.038471657029774314e-01,-9.857195346952994930e-01,1.647597412109375048e+00,0.000000000000000000e+00,0.000000000000000000e+00,0.000000000000000000e+00,1.000000000000000000e+00
9.792041426214844746e-01,1.683183323468399883e-01,1.132615824933705662e-01,3.791113662719726440e-02,1.541523494321713483e-01,-9.802347335745634771e-01,1.240037106644243103e-01,-8.092131805419922053e-02,1.318950349234785102e-01,-1.039654081412814401e-01,-9.857965782414500611e-01,1.647627441406249948e+00,0.000000000000000000e+00,0.000000000000000000e+00,0.000000000000000000e+00,1.000000000000000000e+00
9.791821047566570124e-01,1.683808891297102206e-01,1.133590838892572228e-01,3.790146255493163918e-02,1.541407938413703049e-01,-9.801760948585190869e-01,1.244806761784968963e-01,-8.092585754394530928e-02,1.320720310977142320e-01,-1.044159913221718305e-01,-9.857252555138945604e-01,1.647643188476562548e+00,0.000000000000000000e+00,0.000000000000000000e+00,0.000000000000000000e+00,1.000000000000000000e+00
9.792346567647540745e-01,1.683220578221380492e-01,1.129919105128101842e-01,3.790662002563476712e-02,1.542076466036703120e-01,-9.802479018391108134e-01,1.238307420190087188e-01,-8.094293975830078869e-02,1.316035285232566021e-01,-1.038351375524758508e-01,-9.858492661100308752e-01,1.647648315429687482e+00,0.000000000000000000e+00,0.000000000000000000e+00,0.000000000000000000e+00,1.000000000000000000e+00
9.791564041923259687e-01,1.683154144516604001e-01,1.136778667424756112e-01,3.790148925781250400e-02,1.541304847130448297e-01,-9.802617143002301248e-01,1.238174671009541344e-01,-8.093824768066405773e-02,1.322744488224241732e-01,-1.037154411606091980e-01,-9.857720717557301171e-01,1.647651977539062562e+00,0.000000000000000000e+00,0.000000000000000000e+00,0.000000000000000000e+00,1.000000000000000000e+00
9.792045940319855646e-01,1.682698716365188252e-01,1.133296665753685539e-01,3.790715026855468600e-02,1.541082394126284949e-01,-9.802526189307203541e-01,1.239171240168377292e-01,-8.092673492431640137e-02,1.319432210149301954e-01,-1.038751817273685235e-01,-9.857996414329392998e-01,1.647627685546874998e+00,0.000000000000000000e+00,0.000000000000000000e+00,0.000000000000000000e+00,1.000000000000000000e+00
9.791681287064236683e-01,1.683590245965445320e-01,1.135121780359314436e-01,3.791252517700195723e-02,1.541625863288852705e-01,-9.802293039096633409e-01,1.240339015477873452e-01,-8.093511962890624634e-02,1.321501899429201599e-01,-1.039507123288596346e-01,-9.857639558760368237e-01,1.647646606445312578e+00,0.000000000000000000e+00,0.000000000000000000e+00,0.000000000000000000e+00,1.000000000000000000e+00
9.792537934480316508e-01,1.683384036917978666e-01,1.128015507878221968e-01,3.790435791015624861e-02,1.542334424660168346e-01,-9.802337579734767825e-01,1.239105522313480728e-01,-8.093103027343749589e-02,1.314307925971772151e-01,-1.039421068272769894e-01,-9.858610374619667382e-01,1.647650024414062608e+00,0.000000000000000000e+00,0.000000000000000000e+00,0.000000000000000000e+00,1.000000000000000000e+00
9.792206718403178023e-01,1.682842478750092019e-01,1.131692880499818171e-01,3.791182327270507801e-02,1.541625116767570136e-01,-9.802657856200580611e-01,1.237453414727379963e-01,-8.094454193115234453e-02,1.317603727761539334e-01,-1.037275347235883938e-01,-9.858396435049952000e-01,1.647612792968750073e+00,0.000000000000000000e+00,0.000000000000000000e+00,0.000000000000000000e+00,1.000000000000000000e+00
9.791906874732356769e-01,1.683134275977575256e-01,1.133851297833476934e-01,3.790569686889648515e-02,1.542051163138655201e-01,-9.802931163050017105e-01,1.234754559726572165e-01,-8.094284820556640891e-02,1.319332394369189254e-01,-1.034214494934335982e-01,-9.858486821598728689e-01,1.647645263671875027e+00,0.000000000000000000e+00,0.000000000000000000e+00,0.000000000000000000e+00,1.000000000000000000e+00
9.792160509936820301e-01,1.682482973758726297e-01,1.132626854107687264e-01,3.790845108032226546e-02,1.541646562527304865e-01,-9.803106705519639696e-01,1.233865793530090071e-01,-8.094660949707031816e-02,1.317922009787235726e-01,-1.033610160170597425e-01,-9.858738844949210822e-01,1.647644775390624927e+00,0.000000000000000000e+00,0.000000000000000000e+00,0.000000000000000000e+00,1.000000000000000000e+00
9.791875415506450242e-01,1.683090896457894448e-01,1.134187322033249623e-01,3.791441726684570412e-02,1.541534700192564444e-01,-9.802600028490831008e-01,1.238024010079680493e-01,-8.095067596435547019e-02,1.320169161623847842e-01,-1.037418775467320031e-01,-9.858038124749024522e-01,1.647651000976562585e+00,0.000000000000000000e+00,0.000000000000000000e+00,0.000000000000000000e+00,1.000000000000000000e+00
9.791614312267191700e-01,1.683793342798127479e-01,1.135398229060194941e-01,3.791292572021484619e-02,1.541263205423770433e-01,-9.801842818827184445e-01,1.244341225955659380e-01,-8.092431640625000200e-02,1.322420845045617355e-01,-1.043416184345774822e-01,-9.857103315621389417e-01,1.647609130859374993e+00,0.000000000000000000e+00,0.000000000000000000e+00,0.000000000000000000e+00,1.000000000000000000e+00
9.791841794995619352e-01,1.683656486752883319e-01,1.133637991773346898e-01,3.791715621948242576e-02,1.541655157747246208e-01,-9.802105335714101919e-01,1.241785151367353068e-01,-8.095045471191406050e-02,1.320277863318279898e-01,-1.041168488852819984e-01,-9.857628241187210705e-01,1.647585693359375103e+00,0.000000000000000000e+00,0.000000000000000000e+00,0.000000000000000000e+00,1.000000000000000000e+00
9.791606417080261915e-01,1.683110439231611244e-01,1.136478342223141008e-01,3.791269302368164423e-02,1.541076440651545088e-01,-9.802449298243239850e-01,1.239786739499744161e-01,-8.095661163330078458e-02,1.322696933186680857e-01,-1.038810379578589960e-01,-9.857552729669690761e-01,1.647605346679687610e+00,0.000000000000000000e+00,0.000000000000000000e+00,0.000000000000000000e+00,1.000000000000000000e+00
9.792118418244604161e-01,1.682889431441790817e-01,1.132386879390755718e-01,3.790912628173827986e-02,1.541644044026118099e-01,-9.802697373565389949e-01,1.237116746234163955e-01,-8.093278503417969394e-02,1.318237658616079888e-01,-1.036825618817231176e-01,-9.858358996890439485e-01,1.647642211914062571e+00,0.000000000000000000e+00,0.000000000000000000e+00,0.000000000000000000e+00,1.000000000000000000e+00
9.792216923204439816e-01,1.682818635168555343e-01,1.131640035540463080e-01,3.791304397583007690e-02,1.541821959541948006e-01,-9.802830000992714954e-01,1.235843443447193768e-01,-8.094132995605468617e-02,1.317297526750432768e-01,-1.035685962426174389e-01,-9.858604455664634614e-01,1.647634033203124959e+00,0.000000000000000000e+00,0.000000000000000000e+00,0.000000000000000000e+00,1.000000000000000000e+00
9.791512801036067470e-01,1.683390906995550218e-01,1.136869439026101519e-01,3.790939712524413890e-02,1.541003701501217626e-01,-9.802166259884300681e-01,1.242112799042578569e-01,-8.092681121826171553e-02,1.323474464848631016e-01,-1.041024335849331378e-01,-9.857214803029460404e-01,1.647612915039062598e+00,0.000000000000000000e+00,0.000000000000000000e+00,0.000000000000000000e+00,1.000000000000000000e+00
9.792438641131347987e-01,1.682604210434479330e-01,1.130039172199705927e-01,3.791581726074218922e-02,1.541797721477866923e-01,-9.802854630559069138e-01,1.235678306911752039e-01,-8.094432830810546764e-02,1.315676725386328572e-01,-1.035801217973216087e-01,-9.858808781547693245e-01,1.647563842773437592e+00,0.000000000000000000e+00,0.000000000000000000e+00,0.000000000000000000e+00,1.000000000000000000e+00
9.791463980756183183e-01,1.684144179577805600e-01,1.136174060586003509e-01,3.790955352783203364e-02,1.541882588210815030e-01,-9.802076462836888382e-01,1.241730687738444305e-01,-8.095129394531250244e-02,1.322811852731372584e-01,-1.040651430159624247e-01,-9.857343120901296274e-01,1.647607421875000089e+00,0.000000000000000000e+00,0.000000000000000000e+00,0.000000000000000000e+00,1.000000000000000000e+00
9.791748694313836543e-01,1.683703811844824982e-01,1.134371624020311942e-01,3.791095733642578514e-02,1.541535556105777527e-01,-9.802039600513537954e-01,1.242452332778230389e-01,-8.093009185791015525e-02,1.321107730908015199e-01,-1.041710681496365171e-01,-9.857459775185059003e-01,1.647623046874999941e+00,0.000000000000000000e+00,0.000000000000000000e+00,0.000000000000000000e+00,1.000000000000000000e+00
9.792211267051421641e-01,1.682708735824471336e-01,1.131852380750780762e-01,3.790948104858398587e-02,1.541549556497859297e-01,-9.802740674217559347e-01,1.236891360994143430e-01,-8.093905639648438233e-02,1.317658326840632221e-01,-1.036709498567800480e-01,-9.858448658348172300e-01,1.647639404296874943e+00,0.000000000000000000e+00,0.000000000000000000e+00,0.000000000000000000e+00,1.000000000000000000e+00
9.791888069349604651e-01,1.682697704480984324e-01,1.134661391192701707e-01,3.790921783447265964e-02,1.541560286656352141e-01,-9.803037775873805204e-01,1.234521059923718855e-01,-8.095535278320312167e-02,1.320045423435464993e-01,-1.033914309856296954e-01,-9.858422859663785731e-01,1.647612792968750073e+00,0.000000000000000000e+00,0.000000000000000000e+00,0.000000000000000000e+00,1.000000000000000000e+00
9.792043755590599252e-01,1.682964596165779647e-01,1.132920675357167867e-01,3.791050720214843989e-02,1.541479840603541263e-01,-9.802550235286516811e-01,1.238486489913068894e-01,-8.093620300292968250e-02,1.318984074813668306e-01,-1.038093951787056185e-01,-9.858125681773949323e-01,1.647631225585937553e+00,0.000000000000000000e+00,0.000000000000000000e+00,0.000000000000000000e+00,1.000000000000000000e+00
9.792240321503118405e-01,1.682421283919861288e-01,1.132028316493003256e-01,3.791277694702148426e-02,1.541766179243776180e-01,-9.803199530176218701e-01,1.232978515665573704e-01,-8.094672393798828247e-02,1.317188875776205970e-01,-1.032829896433231087e-01,-9.858918595391950035e-01,1.647619384765625083e+00,0.000000000000000000e+00,0.000000000000000000e+00,0.000000000000000000e+00,1.000000000000000000e+00
9.792685310234590101e-01,1.682757728214689941e-01,1.127670538255484273e-01,3.791035842895507796e-02,1.542202976153083105e-01,-9.802793172811528066e-01,1.235660143981472392e-01,-8.095482635498046919e-02,1.313363771032325933e-01,-1.036133408019196678e-01,-9.859082267925667331e-01,1.647630004882812527e+00,0.000000000000000000e+00,0.000000000000000000e+00,0.000000000000000000e+00,1.000000000000000000e+00
9.792189914700030196e-01,1.683297782482823524e-01,1.131161018571379961e-01,3.791100311279296808e-02,1.541953655474452012e-01,-9.802432935515684731e-01,1.238825035703740446e-01,-8.093996429443359175e-02,1.317344145929987276e-01,-1.038661215317972647e-01,-9.858285209963150164e-01,1.647613769531250050e+00,0.000000000000000000e+00,0.000000000000000000e+00,0.000000000000000000e+00,1.000000000000000000e+00
9.791726400862338364e-01,1.683466394357321649e-01,1.134916291946263950e-01,3.791045379638671720e-02,1.541547370097211822e-01,-9.802327849667306081e-01,1.240161454562715704e-01,-8.095306396484375222e-02,1.321259170791964088e-01,-1.039379443084333943e-01,-9.857685558836407624e-01,1.647633666992187607e+00,0.000000000000000000e+00,0.000000000000000000e+00,0.000000000000000000e+00,1.000000000000000000e+00
9.792194253466054432e-01,1.682657133640891034e-01,1.132076266421049304e-01,3.791398239135742448e-02,1.541710497870538432e-01,-9.802938143164988682e-01,1.235124488477473692e-01,-8.092819213867187556e-02,1.317596464454189042e-01,-1.034924505405289963e-01,-9.858644471983429858e-01,1.647634521484375059e+00,0.000000000000000000e+00,0.000000000000000000e+00,0.000000000000000000e+00,1.000000000000000000e+00
9.791769545898406646e-01,1.682540638090172791e-01,1.135916441113371533e-01,3.791799926757812716e-02,1.541559406043897795e-01,-9.803308445870940746e-01,1.232370931478473375e-01,-8.095445251464844505e-02,1.320925341438394518e-01,-1.031600948182313793e-01,-9.858547343602669377e-01,1.647617431640625130e+00,0.000000000000000000e+00,0.000000000000000000e+00,0.000000000000000000e+00,1.000000000000000000e+00
9.791885485810777334e-01,1.682691435308557582e-01,1.134692983281160444e-01,3.791539001464843545e-02,1.541360321564835822e-01,-9.802890092056480986e-01,1.235942637085746809e-01,-8.095879364013672252e-02,1.320298069328975366e-01,-1.035323802778700675e-01,-9.858241102322770066e-01,1.647670654296875092e+00,0.000000000000000000e+00,0.000000000000000000e+00,0.000000000000000000e+00,1.000000000000000000e+00
9.791703038127189673e-01,1.683167458951238260e-01,1.135561058797995987e-01,3.791663360595703275e-02,1.541466888304544869e-01,-9.802610930071814499e-01,1.238022126578239984e-01,-8.094076538085938355e-02,1.321526180365526215e-01,-1.037191524629967471e-01,-9.857880213100801425e-01,1.647600952148437603e+00,0.000000000000000000e+00,0.000000000000000000e+00,0.000000000000000000e+00,1.000000000000000000e+00
9.791799723867495864e-01,1.682346747399587061e-01,1.135943479748196538e-01,3.791112518310547214e-02,1.541274084552080870e-01,-9.803270380044890597e-01,1.233030434345659676e-01,-8.095262908935546564e-02,1.321034580908674039e-01,-1.032278681969424350e-01,-9.858461764331944988e-01,1.647628540039062450e+00,0.000000000000000000e+00,0.000000000000000000e+00,0.000000000000000000e+00,1.000000000000000000e+00
9.792208857221753604e-01,1.682793477628345691e-01,1.131747236886097574e-01,3.790940856933593811e-02,1.541608740055713522e-01,-9.802696697864605735e-01,1.237166093238160347e-01,-8.095546722412109986e-02,1.317606993428485918e-01,-1.036987734414363815e-01,-9.858426256230885532e-01,1.647635375976562511e+00,0.000000000000000000e+00,0.000000000000000000e+00,0.000000000000000000e+00,1.000000000000000000e+00
9.792044968833528706e-01,1.683283646934251032e-01,1.132436087514728795e-01,3.791371917724609131e-02,1.541167605990274581e-01,-9.801953300852215278e-01,1.243589119507938212e-01,-8.095194244384765203e-02,1.319339887439224257e-01,-1.043200676704175989e-01,-9.857538973269939220e-01,1.647603881835937534e+00,0.000000000000000000e+00,0.000000000000000000e+00,0.000000000000000000e+00,1.000000000000000000e+00
9.791821997282440515e-01,1.683708293710248494e-01,1.133732047367047996e-01,3.791086959838867176e-02,1.541782010802616731e-01,-9.802165699497805695e-01,1.241151010455289194e-01,-8.094721221923828480e-02,1.320276563717312224e-01,-1.040516209042449125e-01,-9.857697287603163216e-01,1.647651855468750037e+00,0.000000000000000000e+00,0.000000000000000000e+00,0.000000000000000000e+00,1.000000000000000000e+00
9.792430848226345574e-01,1.682581336147063455e-01,1.130140756700089011e-01,3.791590881347656206e-02,1.541501108230348416e-01,-9.802652681025514347e-01,1.237648879330458529e-01,-8.092784118652343595e-02,1.316082222366708743e-01,-1.037747783631887410e-01,-9.858549950248132188e-01,1.647597778320312623e+00,0.000000000000000000e+00,0.000000000000000000e+00,0.000000000000000000e+00,1.000000000000000000e+00
9.791398536056793445e-01,1.683411797066596272e-01,1.137822231107252918e-01,3.790654754638671936e-02,1.540992977220701499e-01,-9.802233095032454324e-01,1.241598564273879574e-01,-8.093354797363280784e-02,1.324332040034277846e-01,-1.040361029713961355e-01,-9.857169653383833774e-01,1.647642700195312448e+00,0.000000000000000000e+00,0.000000000000000000e+00,0.000000000000000000e+00,1.000000000000000000e+00
9.792480005935718657e-01,1.683838346495031835e-01,1.127840306170201229e-01,3.790423202514648510e-02,1.542146827282186994e-01,-9.801739353121275977e-01,1.244061419937630836e-01,-8.093859100341796453e-02,1.314959503731084889e-01,-1.044315123105390292e-01,-9.858006260253676656e-01,1.647671020507812445e+00,0.000000000000000000e+00,0.000000000000000000e+00,0.000000000000000000e+00,1.000000000000000000e+00
9.792243716987353297e-01,1.682297716493168227e-01,1.132182573706029399e-01,3.791100692749023449e-02,1.541505621018431638e-01,-9.803126880875353555e-01,1.233881589873066092e-01,-8.093190765380860185e-02,1.317468560342263395e-01,-1.033720344455393708e-01,-9.858787899228217411e-01,1.647619384765625083e+00,0.000000000000000000e+00,0.000000000000000000e+00,0.000000000000000000e+00,1.000000000000000000e+00
9.792061785711285715e-01,1.682260274209964601e-01,1.133810546179442741e-01,3.791344451904297280e-02,1.541850457361036986e-01,-9.803592303406956088e-01,1.229745955762997778e-01,-8.094075012207031794e-02,1.318416911279687853e-01,-1.029358207037231188e-01,-9.859117533007546452e-01,1.647612304687499973e+00,0.000000000000000000e+00,0.000000000000000000e+00,0.000000000000000000e+00,1.000000000000000000e+00
9.791856404697465432e-01,1.682578808527361025e-01,1.135110876910218891e-01,3.791131973266601701e-02,1.541231223797886740e-01,-9.802936355049938211e-01,1.235736676493299491e-01,-8.094304656982422019e-02,1.320664402706345497e-01,-1.035068776427384429e-01,-9.858218812924037788e-01,1.647626831054687546e+00,0.000000000000000000e+00,0.000000000000000000e+00,0.000000000000000000e+00,1.000000000000000000e+00
9.792673869744157322e-01,1.681855107242068437e-01,1.129115529551228125e-01,3.791055297851562284e-02,1.541188338160776050e-01,-9.802991434480818889e-01,1.235353164812771909e-01,-8.094206237792968273e-02,1.314639489421797480e-01,-1.035723097038719620e-01,-9.858955354352372247e-01,1.647607788085937441e+00,0.000000000000000000e+00,0.000000000000000000e+00,0.000000000000000000e+00,1.000000000000000000e+00
9.791090996654286949e-01,1.683923316188244979e-01,1.139710208971132371e-01,3.791664886474609142e-02,1.540970777897685551e-01,-9.801921098284870348e-01,1.244086751261094803e-01,-8.094521331787109253e-02,1.326629623105423927e-01,-1.042470646203320361e-01,-9.856637803779929596e-01,1.647576904296875089e+00,0.000000000000000000e+00,0.000000000000000000e+00,0.000000000000000000e+00,1.000000000000000000e+00
9.791525257808310068e-01,1.683174088249118627e-01,1.137083160700533557e-01,3.791337585449219144e-02,1.541289401449079666e-01,-9.802616428252567404e-01,1.238199556426049230e-01,-8.094480133056640436e-02,1.323049548083027882e-01,-1.037128800679875118e-01,-9.857682473285375169e-01,1.647642089843750046e+00,0.000000000000000000e+00,0.000000000000000000e+00,0.000000000000000000e+00,1.000000000000000000e+00
9.792553729359864123e-01,1.682031276827045119e-01,1.129894792171300955e-01,3.790727996826172286e-02,1.541758803897388397e-01,-9.803350806974747700e-01,1.231784374796374842e-01,-8.094255065917968506e-02,1.314865486734343447e-01,-1.032028942987153336e-01,-9.859312603454243318e-01,1.647622802734375114e+00,0.000000000000000000e+00,0.000000000000000000e+00,0.000000000000000000e+00,1.000000000000000000e+00
9.791171287125876033e-01,1.683412675341222908e-01,1.139774798222161906e-01,3.790827941894531206e-02,1.541215120790452031e-01,-9.802600223899214926e-01,1.238420284821743489e-01,-8.094219970703124545e-02,1.325752909711585548e-01,-1.036894698082501953e-01,-9.857343892118185513e-01,1.647618408203125107e+00,0.000000000000000000e+00,0.000000000000000000e+00,0.000000000000000000e+00,1.000000000000000000e+00
9.791825677292927965e-01,1.683480122033460813e-01,1.134039057627699854e-01,3.791289138793945551e-02,1.542016176911301939e-01,-9.802596160650921542e-01,1.237454896687424921e-01,-8.093728637695313255e-02,1.319975763281572845e-01,-1.036823605976463225e-01,-9.858126637167897721e-01,1.647609741210937617e+00,0.000000000000000000e+00,0.000000000000000000e+00,0.000000000000000000e+00,1.000000000000000000e+00
9.791484579521196885e-01,1.684391055140202209e-01,1.135630442689134906e-01,3.791270065307617010e-02,1.541406219173481473e-01,-9.801412398879545407e-01,1.247550341502762505e-01,-8.094125366210937200e-02,1.323214493758270993e-01,-1.046490210395693288e-01,-9.856670920907020239e-01,1.647643798828124950e+00,0.000000000000000000e+00,0.000000000000000000e+00,0.000000000000000000e+00,1.000000000000000000e+00
9.792173147845357750e-01,1.683118941200282270e-01,1.131572212626847651e-01,3.791423034667968511e-02,1.541266314020294237e-01,-9.802100917403400171e-01,1.242302601746353846e-01,-8.094643402099609142e-02,1.318272806319949475e-01,-1.042078804511589879e-01,-9.857800392242939136e-01,1.647617065429687555e+00,0.000000000000000000e+00,0.000000000000000000e+00,0.000000000000000000e+00,1.000000000000000000e+00
9.792263173976430979e-01,1.682933285048762995e-01,1.131069179873630537e-01,3.791629028320312594e-02,1.541685773388767611e-01,-9.802557633335210463e-01,1.238171563747245407e-01,-8.094709777832032049e-02,1.317113096023156682e-01,-1.038074854341728692e-01,-9.858377842681204095e-01,1.647601562500000005e+00,0.000000000000000000e+00,0.000000000000000000e+00,0.000000000000000000e+00,1.000000000000000000e+00
9.792767579917885934e-01,1.682592004117324236e-01,1.127203297275910648e-01,3.790909194946288918e-02,1.542065006521770032e-01,-9.802794778552234023e-01,1.235819584425697504e-01,-8.091401672363281172e-02,1.312912274818942848e-01,-1.036387320102642451e-01,-9.859115714979728162e-01,1.647629882812500002e+00,0.000000000000000000e+00,0.000000000000000000e+00,0.000000000000000000e+00,1.000000000000000000e+00
9.791889182100150801e-01,1.683460919232011299e-01,1.133519112714273108e-01,3.791473770141601946e-02,1.541545680923750161e-01,-9.802192283093129621e-01,1.241234610738371491e-01,-8.094413757324218917e-02,1.320054225816262583e-01,-1.040666026488814289e-01,-9.857711248673122206e-01,1.647609985351562445e+00,0.000000000000000000e+00,0.000000000000000000e+00,0.000000000000000000e+00,1.000000000000000000e+00
9.791796184816082826e-01,1.683313659436396770e-01,1.134540699567943012e-01,3.791392135620117593e-02,1.541469711028414236e-01,-9.802373667737932506e-01,1.239895805307861254e-01,-8.093110656738281006e-02,1.320832542377438634e-01,-1.039194689167000640e-01,-9.857762210207948739e-01,1.647635498046875036e+00,0.000000000000000000e+00,0.000000000000000000e+00,0.000000000000000000e+00,1.000000000000000000e+00
9.792040702590143475e-01,1.683866718620528058e-01,1.131605829226812882e-01,3.790399169921875033e-02,1.541823568826299340e-01,-9.801835296090564142e-01,1.243706119195752552e-01,-8.093660736083985174e-02,1.318604930003562659e-01,-1.043368440310210726e-01,-9.857619557293484380e-01,1.647639038085937591e+00,0.000000000000000000e+00,0.000000000000000000e+00,0.000000000000000000e+00,1.000000000000000000e+00
9.792847452748379977e-01,1.682822242136159940e-01,1.126165204830711641e-01,3.791052627563476496e-02,1.541587570648373928e-01,-9.802094055634497094e-01,1.241958085652383054e-01,-8.092561340332031505e-02,1.312877195027019883e-01,-1.042622379323748932e-01,-9.858462965640805153e-01,1.647626464843749972e+00,0.000000000000000000e+00,0.000000000000000000e+00,0.000000000000000000e+00,1.000000000000000000e+00
9.791407339671688304e-01,1.683450174904825569e-01,1.137689684068702578e-01,3.791323089599609591e-02,1.541061265984060291e-01,-9.802237315855529820e-01,1.241480478353564065e-01,-8.092414093017578913e-02,1.324187480346735724e-01,-1.040259156298228294e-01,-9.857199825743144794e-01,1.647500610351562589e+00,0.000000000000000000e+00,0.000000000000000000e+00,0.000000000000000000e+00,1.000000000000000000e+00
9.791599741544902979e-01,1.683196006959152558e-01,1.136409126826516958e-01,3.791332626342773515e-02,1.541332266970088238e-01,-9.802562530171998745e-01,1.238572841969664828e-01,-8.093816375732422463e-02,1.322448238750648097e-01,-1.037602546365768985e-01,-9.857713305407123094e-01,1.647636230468749963e+00,0.000000000000000000e+00,0.000000000000000000e+00,0.000000000000000000e+00,1.000000000000000000e+00
9.792219313088157406e-01,1.683496272347404510e-01,1.130610996486284547e-01,3.790725708007812444e-02,1.541639495184138897e-01,-9.801941439313406335e-01,1.243097617711100417e-01,-8.093588256835937411e-02,1.317493298378291378e-01,-1.042968993433176367e-01,-9.857810461124989487e-01,1.647623413085937516e+00,0.000000000000000000e+00,0.000000000000000000e+00,0.000000000000000000e+00,1.000000000000000000e+00
9.791842733443751889e-01,1.683872041366607231e-01,1.133309680453073315e-01,3.790874099731445651e-02,1.541644462698988083e-01,-9.801859743712131312e-01,1.243735468347301892e-01,-8.095168304443359220e-02,1.320283391599826328e-01,-1.043130151466914873e-01,-9.857420111416894670e-01,1.647609741210937617e+00,0.000000000000000000e+00,0.000000000000000000e+00,0.000000000000000000e+00,1.000000000000000000e+00
9.791958862475846903e-01,1.682277653477588231e-01,1.134673315184013820e-01,3.791603088378906611e-02,1.541196654384736353e-01,-9.803149632925578505e-01,1.234086766392219758e-01,-8.094332885742187844e-02,1.319944888279066253e-01,-1.033537213205721617e-01,-9.858475861958830855e-01,1.647611572265625046e+00,0.000000000000000000e+00,0.000000000000000000e+00,0.000000000000000000e+00,1.000000000000000000e+00
9.791530572621899298e-01,1.683233601396352808e-01,1.136949290224025244e-01,3.791463470458984741e-02,1.541314368003578461e-01,-9.802566646050866472e-01,1.238562541302134501e-01,-8.093623352050781372e-02,1.322981127755184783e-01,-1.037502671255036424e-01,-9.857652313950938661e-01,1.647635498046875036e+00,0.000000000000000000e+00,0.000000000000000000e+00,0.000000000000000000e+00,1.000000000000000000e+00
9.791179705314924098e-01,1.683755471471412579e-01,1.139195984244716631e-01,3.791375350952148199e-02,1.541127432533889174e-01,-9.802151232511310264e-01,1.242077876652082497e-01,-8.094593048095703736e-02,1.325792674184281816e-01,-1.040576151594454352e-01,-9.856950596295600553e-01,1.647591186523437612e+00,0.000000000000000000e+00,0.000000000000000000e+00,0.000000000000000000e+00,1.000000000000000000e+00
9.792703296043594463e-01,1.683133701745939403e-01,1.126953014860843927e-01,3.790358734130859497e-02,1.542063173203052362e-01,-9.802254178479399283e-01,1.240102491866734435e-01,-8.092340087890624589e-02,1.313393819654968542e-01,-1.040612301738818579e-01,-9.858606529929165863e-01,1.647621826171875137e+00,0.000000000000000000e+00,0.000000000000000000e+00,0.000000000000000000e+00,1.000000000000000000e+00
9.791842687270324586e-01,1.682754039972612359e-01,1.134969439547404979e-01,3.790974044799804571e-02,1.541441932076098309e-01,-9.802922432455487556e-01,1.235584296314317376e-01,-8.092619323730468328e-02,1.320520184544032027e-01,-1.034915757062811748e-01,-9.858254197270170938e-01,1.647621093749999988e+00,0.000000000000000000e+00,0.000000000000000000e+00,0.000000000000000000e+00,1.000000000000000000e+00
9.791923958411502538e-01,1.683295414044781446e-01,1.133464486317344588e-01,3.790988922119140764e-02,1.542166603398624769e-01,-9.802831544613449521e-01,1.235401098952661203e-01,-8.094618225097656439e-02,1.319070642554364403e-01,-1.034896254214547617e-01,-9.858450303316638186e-01,1.647631835937499956e+00,0.000000000000000000e+00,0.000000000000000000e+00,0.000000000000000000e+00,1.000000000000000000e+00
9.791157496032969476e-01,1.683536748908434078e-01,1.139710008270632402e-01,3.791263961791992154e-02,1.541120307266109490e-01,-9.802402844423203643e-01,1.240099461404582520e-01,-8.094371032714843539e-02,1.325964964246580946e-01,-1.038557889921762761e-01,-9.857140276108067312e-01,1.647638793945312541e+00,0.000000000000000000e+00,0.000000000000000000e+00,0.000000000000000000e+00,1.000000000000000000e+00
9.791617882191664402e-01,1.683649736053376422e-01,1.135580387040851513e-01,3.791107940673828225e-02,1.541354187302775292e-01,-9.802068715702113577e-01,1.242447649576489122e-01,-8.094471740722655739e-02,1.322288364324762100e-01,-1.041524103869582996e-01,-9.857321188975735060e-01,1.647641479492187644e+00,0.000000000000000000e+00,0.000000000000000000e+00,0.000000000000000000e+00,1.000000000000000000e+00
9.792580035453832821e-01,1.682821196074318904e-01,1.128489730247481670e-01,3.790685653686523549e-02,1.541880519951367434e-01,-9.802560161262281468e-01,1.237909022112738261e-01,-8.092755126953124489e-02,1.314526801334053030e-01,-1.038232684361561214e-01,-9.858706415230036324e-01,1.647651367187499938e+00,0.000000000000000000e+00,0.000000000000000000e+00,0.000000000000000000e+00,1.000000000000000000e+00
9.792272045753057652e-01,1.682435815739244389e-01,1.131732259803997914e-01,3.790894317626953419e-02,1.541694156671828408e-01,-9.803100071554528006e-01,1.233859033427876783e-01,-8.093074035644531872e-02,1.317037322647760245e-01,-1.033749830957885751e-01,-9.858842425850379287e-01,1.647620727539062635e+00,0.000000000000000000e+00,0.000000000000000000e+00,0.000000000000000000e+00,1.000000000000000000e+00
9.790725276420279011e-01,1.683234441548781546e-01,1.143862044325732602e-01,3.791253662109374950e-02,1.540853527803698331e-01,-9.802888406128363874e-01,1.236587765930520499e-01,-8.093069458007812189e-02,1.329461909014312548e-01,-1.034456723008797263e-01,-9.857100502718937340e-01,1.647596679687500121e+00,0.000000000000000000e+00,0.000000000000000000e+00,0.000000000000000000e+00,1.000000000000000000e+00
9.791332547427901156e-01,1.684649280944550409e-01,1.136557849778051521e-01,3.790555191040038963e-02,1.541405034267668006e-01,-9.801259871057902417e-01,1.248749558688362904e-01,-8.096051025390625655e-02,1.324340389028964282e-01,-1.047502620618726843e-01,-9.856412166391154139e-01,1.647640258789062617e+00,0.000000000000000000e+00,0.000000000000000000e+00,0.000000000000000000e+00,1.000000000000000000e+00
9.792399449062033634e-01,1.683802211620997469e-01,1.128593435276776524e-01,3.790393447875976818e-02,1.541815222982253764e-01,-9.801586396781155619e-01,1.245676492759980325e-01,-8.093685913085937877e-02,1.315947889617890831e-01,-1.045807926234478547e-01,-9.857716111414215332e-01,1.647647827148437605e+00,0.000000000000000000e+00,0.000000000000000000e+00,0.000000000000000000e+00,1.000000000000000000e+00
9.792003404814217937e-01,1.682751192711154642e-01,1.133586231186652776e-01,3.790396118164062605e-02,1.541661458741300506e-01,-9.802960418475021864e-01,1.235008898932982574e-01,-8.093626403808594494e-02,1.319071365293940090e-01,-1.034560514054735508e-01,-9.858485445342017872e-01,1.647642822265624973e+00,0.000000000000000000e+00,0.000000000000000000e+00,0.000000000000000000e+00,1.000000000000000000e+00
9.792330646301278252e-01,1.682312593348354868e-01,1.131408348815895470e-01,3.789953613281250161e-02,1.541512473105343395e-01,-9.803041611437438574e-01,1.234550306665017916e-01,-8.093308258056640392e-02,1.316814265099458259e-01,-1.034504472048127233e-01,-9.858793064495420255e-01,1.647664184570312607e+00,0.000000000000000000e+00,0.000000000000000000e+00,0.000000000000000000e+00,1.000000000000000000e+00
9.791348157516238659e-01,1.683996193202253189e-01,1.137390908871575568e-01,3.790924835205078391e-02,1.541790056348775473e-01,-9.802264673007491380e-01,1.240359102217335197e-01,-8.093757629394530972e-02,1.323776673176948471e-01,-1.039116981667450867e-01,-9.857375473114683428e-01,1.647629394531250124e+00,0.000000000000000000e+00,0.000000000000000000e+00,0.000000000000000000e+00,1.000000000000000000e+00
9.792180903928037194e-01,1.683425647002372572e-01,1.131048732708603705e-01,3.791060256958007912e-02,1.541582340882395041e-01,-9.802007240131972443e-01,1.242649568736078070e-01,-8.095227813720702603e-02,1.317845602119857573e-01,-1.042464462423083882e-01,-9.857816736659202883e-01,1.647616821289062505e+00,0.000000000000000000e+00,0.000000000000000000e+00,0.000000000000000000e+00,1.000000000000000000e+00
9.791490644049669623e-01,1.683905892561955442e-01,1.136297457747270645e-01,3.790481567382812667e-02,1.541477593100614163e-01,-9.801995298312409233e-01,1.242873686997273408e-01,-8.094441986083984741e-02,1.323086466356800106e-01,-1.041800900775471106e-01,-9.857184845871913570e-01,1.647645019531249977e+00,0.000000000000000000e+00,0.000000000000000000e+00,0.000000000000000000e+00,1.000000000000000000e+00
9.792234803320454262e-01,1.683004784418289657e-01,1.131208403551174635e-01,3.791220092773437550e-02,1.541720019080183024e-01,-9.802530831303994940e-01,1.238341101676763145e-01,-8.093090820312499878e-02,1.317283925130436906e-01,-1.038212019271481101e-01,-9.858340573526216399e-01,1.647611206054687472e+00,0.000000000000000000e+00,0.000000000000000000e+00,0.000000000000000000e+00,1.000000000000000000e+00
9.792115022006273595e-01,1.683047408359441832e-01,1.132181441736987981e-01,3.790858078002929538e-02,1.541870377262257452e-01,-9.802705716473294473e-01,1.236768521568575863e-01,-8.093729400634765148e-02,1.317998154596667915e-01,-1.036490259209580655e-01,-9.858426284506236481e-01,1.647626708984375021e+00,0.000000000000000000e+00,0.000000000000000000e+00,0.000000000000000000e+00,1.000000000000000000e+00
9.792397650953162946e-01,1.682802033702605060e-01,1.130099801333227377e-01,3.790710449218750305e-02,1.541346569347830098e-01,-9.802317440239510793e-01,1.240493270411424931e-01,-8.095021820068359908e-02,1.316510159006263891e-01,-1.040552793539440690e-01,-9.858197141723764600e-01,1.647604980468750036e+00,0.000000000000000000e+00,0.000000000000000000e+00,0.000000000000000000e+00,1.000000000000000000e+00
9.792178277688644572e-01,1.683727466274533568e-01,1.130622128421069766e-01,3.791284561157226562e-02,1.542321936178730202e-01,-9.802262670175770909e-01,1.239713511284146336e-01,-8.094197845458984963e-02,1.316999477275728747e-01,-1.039571240556083215e-01,-9.858235339687532184e-01,1.647611816406250096e+00,0.000000000000000000e+00,0.000000000000000000e+00,0.000000000000000000e+00,1.000000000000000000e+00
9.791784342790081919e-01,1.684539921934115891e-01,1.132821537445860838e-01,3.790998840332031328e-02,1.541841485388113775e-01,-9.801332227525270113e-01,1.247642336413257724e-01,-8.093951416015625344e-02,1.320486356698612473e-01,-1.047001345311819875e-01,-9.856982497939623666e-01,1.647593994140625018e+00,0.000000000000000000e+00,0.000000000000000000e+00,0.000000000000000000e+00,1.000000000000000000e+00
9.791659319498661196e-01,1.681902733655626647e-01,1.137809722843305116e-01,3.791355514526367071e-02,1.541314099277148741e-01,-9.803900534700101810e-01,1.227959752221767648e-01,-8.094660949707031816e-02,1.322028221425133043e-01,-1.027004138369852632e-01,-9.858879443503035800e-01,1.647627197265625121e+00,0.000000000000000000e+00,0.000000000000000000e+00,0.000000000000000000e+00,1.000000000000000000e+00
9.790932237903109403e-01,1.683772515496065880e-01,1.141295767472090411e-01,3.791354370117187844e-02,1.541326893717560043e-01,-9.802499753596674026e-01,1.239076263770779174e-01,-8.095476531982422064e-02,1.327387403696688173e-01,-1.037260187608310125e-01,-9.857085471056350467e-01,1.647643554687500123e+00,0.000000000000000000e+00,0.000000000000000000e+00,0.000000000000000000e+00,1.000000000000000000e+00
9.791839533244587335e-01,1.683822324262264358e-01,1.133411194361716307e-01,3.791133880615234208e-02,1.541626571245487132e-01,-9.801902936228316099e-01,1.243417204154988326e-01,-8.095014953613281772e-02,1.320328016069608756e-01,-1.042804492258616461e-01,-9.857448590832565971e-01,1.647626831054687546e+00,0.000000000000000000e+00,0.000000000000000000e+00,0.000000000000000000e+00,1.000000000000000000e+00
9.792489682130556261e-01,1.682714192193826841e-01,1.129432943009943680e-01,3.791821670532226352e-02,1.541970119848000420e-01,-9.802826132300817008e-01,1.235689268941094071e-01,-8.094993591308594083e-02,1.315094663840808697e-01,-1.035892256593178989e-01,-9.858876876088256136e-01,1.647622192382812489e+00,0.000000000000000000e+00,0.000000000000000000e+00,0.000000000000000000e+00,1.000000000000000000e+00
9.791196754197383223e-01,1.682699339102615987e-01,1.140609071846380579e-01,3.790784454345703242e-02,1.539913444447750523e-01,-9.802335131191940443e-01,1.242132263251122942e-01,-8.095485687255860041e-02,1.327076751436671032e-01,-1.040552213963293199e-01,-9.856780325532895626e-01,1.647654907226562493e+00,0.000000000000000000e+00,0.000000000000000000e+00,0.000000000000000000e+00,1.000000000000000000e+00
9.792270632108994732e-01,1.683032220667188550e-01,1.130857379041130956e-01,3.791686248779296831e-02,1.541532394887656088e-01,-9.802321783683074496e-01,1.240228013167016530e-01,-8.095207977294921475e-02,1.317237162794776539e-01,-1.040139506666461211e-01,-9.858143641864021145e-01,1.647562011718749941e+00,0.000000000000000000e+00,0.000000000000000000e+00,0.000000000000000000e+00,1.000000000000000000e+00
9.791998768895167071e-01,1.683654452700112936e-01,1.132284325537830788e-01,3.790888595581054510e-02,1.541879337151212948e-01,-9.802148720568120144e-01,1.241164199262512202e-01,-8.094361877441406949e-02,1.318851098351027928e-01,-1.040763250584829380e-01,-9.857862021585128698e-01,1.647640747070312495e+00,0.000000000000000000e+00,0.000000000000000000e+00,0.000000000000000000e+00,1.000000000000000000e+00
9.791518090072793834e-01,1.683536931602800379e-01,1.136607624339506517e-01,3.791373825073242332e-02,1.541098808440417023e-01,-9.802076948311005955e-01,1.242699465684895949e-01,-8.093319702148438211e-02,1.323324583917639963e-01,-1.041628964324354395e-01,-9.857171051893124369e-01,1.647601318359374956e+00,0.000000000000000000e+00,0.000000000000000000e+00,0.000000000000000000e+00,1.000000000000000000e+00
9.791131049872374703e-01,1.683242476476071725e-01,1.140371662929162144e-01,3.791969680786132918e-02,1.541003586299493633e-01,-9.802653872133022528e-01,1.238258862341622413e-01,-8.096414184570312200e-02,1.326295861124968112e-01,-1.036663797256454356e-01,-9.857295139145456631e-01,1.647617675781249957e+00,0.000000000000000000e+00,0.000000000000000000e+00,0.000000000000000000e+00,1.000000000000000000e+00
9.791870189996008111e-01,1.682302513708036351e-01,1.135401442063200678e-01,3.791183090209961082e-02,1.540645942722339845e-01,-9.802766509819009766e-01,1.237812115445655337e-01,-8.092873382568359364e-02,1.321244966476983751e-01,-1.037124392897244285e-01,-9.857924970916382978e-01,1.647641479492187644e+00,0.000000000000000000e+00,0.000000000000000000e+00,0.000000000000000000e+00,1.000000000000000000e+00
9.792738455962770594e-01,1.682952618298011183e-01,1.126917928543059166e-01,3.791996765136718822e-02,1.541547039352691162e-01,-9.802013544838061865e-01,1.242643630440412594e-01,-8.093659973144531894e-02,1.313737515096095598e-01,-1.043168707053199751e-01,-9.858290561251179529e-01,1.647598144531249975e+00,0.000000000000000000e+00,0.000000000000000000e+00,0.000000000000000000e+00,1.000000000000000000e+00
9.791757104132978728e-01,1.681223966943632131e-01,1.137971347018761764e-01,3.791078186035156533e-02,1.540741621045486898e-01,-9.804106291694421049e-01,1.227035076245188844e-01,-8.095536804199218728e-02,1.321971282153853178e-01,-1.026150960693517494e-01,-9.858975917154293445e-01,1.647643920898437475e+00,0.000000000000000000e+00,0.000000000000000000e+00,0.000000000000000000e+00,1.000000000000000000e+00
9.792196358182737592e-01,1.682655872473999004e-01,1.132059935525281391e-01,3.790373229980469050e-02,1.541551318487130173e-01,-9.802812620870197113e-01,1.236318831280415337e-01,-8.094365692138671964e-02,1.317767056525291081e-01,-1.036114827100136776e-01,-9.858496642480533145e-01,1.647657226562500021e+00,0.000000000000000000e+00,0.000000000000000000e+00,0.000000000000000000e+00,1.000000000000000000e+00
9.792359114511467455e-01,1.683247542038454891e-01,1.129770191085663067e-01,3.790898513793945074e-02,1.542129956682018188e-01,-9.802480822664493276e-01,1.238226521279046644e-01,-8.096849060058593228e-02,1.315879238056499034e-01,-1.038290630563712957e-01,-9.858519888773137341e-01,1.647649169921874934e+00,0.000000000000000000e+00,0.000000000000000000e+00,0.000000000000000000e+00,1.000000000000000000e+00
9.791560321062759975e-01,1.683215818264522934e-01,1.136719397271575144e-01,3.790341186523437517e-02,1.541530469399204351e-01,-9.802729998093375752e-01,1.236999756020248503e-01,-8.094521331787109253e-02,1.322509089157132556e-01,-1.035987014216094709e-01,-9.857875055785219054e-01,1.647664794921875009e+00,0.000000000000000000e+00,0.000000000000000000e+00,0.000000000000000000e+00,1.000000000000000000e+00
9.792439389687301876e-01,1.682898162267864317e-01,1.129594871950145851e-01,3.790864944458007674e-02,1.542455493097401320e-01,-9.803050219703670631e-01,1.233303467027279388e-01,-8.094648742675782105e-02,1.314899939582580835e-01,-1.033469963474168418e-01,-9.859157062522254655e-01,1.647611450195312521e+00,0.000000000000000000e+00,0.000000000000000000e+00,0.000000000000000000e+00,1.000000000000000000e+00
9.792003015284765910e-01,1.682114855536606390e-01,1.134533631690645694e-01,3.790616226196288907e-02,1.541623644488693545e-01,-9.803622683728522302e-01,1.229788117456412366e-01,-8.095323944091796509e-02,1.319118450863114300e-01,-1.029306508221263516e-01,-9.859029091382470744e-01,1.647593505859375140e+00,0.000000000000000000e+00,0.000000000000000000e+00,0.000000000000000000e+00,1.000000000000000000e+00
9.791752484136622137e-01,1.682828629453993474e-01,1.135636866825955327e-01,3.791088485717773737e-02,1.541518266165025630e-01,-9.802977945289834683e-01,1.235048516958199005e-01,-8.094995880126953924e-02,1.321099816245484282e-01,-1.034268441001206795e-01,-9.858244471885704296e-01,1.647609375000000043e+00,0.000000000000000000e+00,0.000000000000000000e+00,0.000000000000000000e+00,1.000000000000000000e+00
9.791642459027993795e-01,1.683252993285271892e-01,1.135956563939137937e-01,3.790799331665039434e-02,1.541781162622201662e-01,-9.802815902014139215e-01,1.236006164144048680e-01,-8.095414733886718839e-02,1.321608414449443880e-01,-1.035113400461478428e-01,-9.858087616117110485e-01,1.647623291015624991e+00,0.000000000000000000e+00,0.000000000000000000e+00,0.000000000000000000e+00,1.000000000000000000e+00
9.791561851398161709e-01,1.683889957691093453e-01,1.135707321730077546e-01,3.791030120849609580e-02,1.541478310292440368e-01,-9.801951922615069757e-01,1.243214834869960789e-01,-8.094845581054688211e-02,1.322558554145026044e-01,-1.042234674691773916e-01,-9.857209836141663795e-01,1.647651733398437512e+00,0.000000000000000000e+00,0.000000000000000000e+00,0.000000000000000000e+00,1.000000000000000000e+00
9.792123914310090216e-01,1.683454706277741075e-01,1.131498784227255028e-01,3.790782546997070734e-02,1.541452959214612006e-01,-9.801922491826696726e-01,1.243478282379886779e-01,-8.094627380371094416e-02,1.318420274921827673e-01,-1.043214127652248857e-01,-9.857660587712574474e-01,1.647618286132812582e+00,0.000000000000000000e+00,0.000000000000000000e+00,0.000000000000000000e+00,1.000000000000000000e+00
9.792048722187409737e-01,1.682731238796259243e-01,1.133224338022761624e-01,3.791191101074219139e-02,1.541695247959435078e-01,-9.802969932689755694e-01,1.234891194073363674e-01,-8.093183135986328769e-02,1.318695410141104418e-01,-1.034502816216489596e-01,-9.858541795748139158e-01,1.647580932617187521e+00,0.000000000000000000e+00,0.000000000000000000e+00,0.000000000000000000e+00,1.000000000000000000e+00
9.791373260754008268e-01,1.683517086520092410e-01,1.137883951897694090e-01,3.790874099731445651e-02,1.540966810326618031e-01,-9.802119281063530476e-01,1.242529230752497937e-01,-8.095274353027344383e-02,1.324549341498165167e-01,-1.041262608181761917e-01,-9.857045258227197237e-01,1.647623046874999941e+00,0.000000000000000000e+00,0.000000000000000000e+00,0.000000000000000000e+00,1.000000000000000000e+00
9.792107517977246545e-01,1.682574422625980060e-01,1.132949102430615834e-01,3.790764236450195473e-02,1.541736899523844795e-01,-9.803123189636644419e-01,1.233621928086089947e-01,-8.094435882568359886e-02,1.318210032210379579e-01,-1.033304911985368779e-01,-9.858732335845559192e-01,1.647580078125000069e+00,0.000000000000000000e+00,0.000000000000000000e+00,0.000000000000000000e+00,1.000000000000000000e+00
9.792388850009158263e-01,1.682845080261192172e-01,1.130111961735232734e-01,3.790969085693359636e-02,1.541321005769281105e-01,-9.802257608859336058e-01,1.240997714233854354e-01,-8.094805145263672674e-02,1.316605547379596231e-01,-1.041046687425680184e-01,-9.858132258557364969e-01,1.647608886718749943e+00,0.000000000000000000e+00,0.000000000000000000e+00,0.000000000000000000e+00,1.000000000000000000e+00
9.791761959282784256e-01,1.683098962225316186e-01,1.135154445922958305e-01,3.790973663330077931e-02,1.541708086559888113e-01,-9.802824388459384641e-01,1.236030009693036419e-01,-8.095348358154297319e-02,1.320808051375537140e-01,-1.035283484067037046e-01,-9.858177022098945086e-01,1.647616699218749980e+00,0.000000000000000000e+00,0.000000000000000000e+00,0.000000000000000000e+00,1.000000000000000000e+00
9.791754167132584730e-01,1.682565024061249970e-01,1.136012882958406106e-01,3.790966415405273848e-02,1.541254253058909063e-01,-9.803056475431681793e-01,1.234754658596124294e-01,-8.094229125976562522e-02,1.321395345030974278e-01,-1.033952938630561397e-01,-9.858237959332678546e-01,1.647612548828125023e+00,0.000000000000000000e+00,0.000000000000000000e+00,0.000000000000000000e+00,1.000000000000000000e+00
9.792450815172517586e-01,1.683305799062008445e-01,1.128888222664836127e-01,3.790768814086914462e-02,1.541644628488713920e-01,-9.801953286712699054e-01,1.242997829665876408e-01,-8.094521331787109253e-02,1.315765507937890488e-01,-1.043165064573386147e-01,-9.858020479598053054e-01,1.647652465820312440e+00,0.000000000000000000e+00,0.000000000000000000e+00,0.000000000000000000e+00,1.000000000000000000e+00
9.791512907821010581e-01,1.683641502564721670e-01,1.136497367711938322e-01,3.790934371948242315e-02,1.540990623087193367e-01,-9.801881781699975926e-01,1.244371904671386225e-01,-8.092971038818359830e-02,1.323488902685588109e-01,-1.043295177991231809e-01,-9.856972775454356794e-01,1.647628906250000025e+00,0.000000000000000000e+00,0.000000000000000000e+00,0.000000000000000000e+00,1.000000000000000000e+00
9.792936803247318522e-01,1.681901918987095679e-01,1.126762930927245054e-01,3.790628051757812672e-02,1.542031491863702086e-01,-9.803377722632458102e-01,1.231228697478367329e-01,-8.096131134033203447e-02,1.311688852474105493e-01,-1.031984090139570209e-01,-9.859740422140637062e-01,1.647650634765625011e+00,0.000000000000000000e+00,0.000000000000000000e+00,0.000000000000000000e+00,1.000000000000000000e+00
9.792362406802714858e-01,1.682114265665307640e-01,1.131428341116738762e-01,3.791024398803710671e-02,1.541471356116229097e-01,-9.803198427178265728e-01,1.233355851181142659e-01,-8.093607330322265259e-02,1.316626200601410668e-01,-1.033340309198683138e-01,-9.858940270296552288e-01,1.647620117187500011e+00,0.000000000000000000e+00,0.000000000000000000e+00,0.000000000000000000e+00,1.000000000000000000e+00
9.792486871483625510e-01,1.683185076149086301e-01,1.128755452367719708e-01,3.790993118286133112e-02,1.541753854622047171e-01,-9.802141240075794570e-01,1.241379136832665986e-01,-8.093764495849609109e-02,1.315369120657361168e-01,-1.041592583035396979e-01,-9.858239648506559316e-01,1.647608032226562491e+00,0.000000000000000000e+00,0.000000000000000000e+00,0.000000000000000000e+00,1.000000000000000000e+00
9.791730261244298017e-01,1.683675642411998352e-01,1.134572528391734753e-01,3.791106033325195718e-02,1.541419369650315618e-01,-9.801994754939031829e-01,1.242950180423372658e-01,-8.093594360351562267e-02,1.321379891590413469e-01,-1.042178082333444639e-01,-9.857373890991671939e-01,1.647619018554687509e+00,0.000000000000000000e+00,0.000000000000000000e+00,0.000000000000000000e+00,1.000000000000000000e+00
9.791673177847246556e-01,1.682895281442327584e-01,1.136221743290432296e-01,3.791250610351562522e-02,1.541008773872609150e-01,-9.802573654540669423e-01,1.238887285491640372e-01,-8.095764160156250500e-02,1.322281489348783867e-01,-1.037985172824909125e-01,-9.857695392124936618e-01,1.647613037109375123e+00,0.000000000000000000e+00,0.000000000000000000e+00,0.000000000000000000e+00,1.000000000000000000e+00
9.792731975347954698e-01,1.682785177745364791e-01,1.127224247680240488e-01,3.791209793090820346e-02,1.542095212842024277e-01,-9.802637588270739499e-01,1.237028159562815616e-01,-8.094824218750000522e-02,1.313142343208646423e-01,-1.037559809640946212e-01,-9.858961752024923975e-01,1.647606933593749989e+00,0.000000000000000000e+00,0.000000000000000000e+00,0.000000000000000000e+00,1.000000000000000000e+00
9.792032038346936140e-01,1.682900309434596509e-01,1.133117429259702380e-01,3.790501403808593794e-02,1.541402944998425395e-01,-9.802570069993994384e-01,1.238425203235207217e-01,-8.093359375000000466e-02,1.319160915558582614e-01,-1.038010872468551338e-01,-9.858110767662320306e-01,1.647630371093750101e+00,0.000000000000000000e+00,0.000000000000000000e+00,0.000000000000000000e+00,1.000000000000000000e+00
9.791103449425735405e-01,1.683156473801629971e-01,1.140735520330246056e-01,3.791164398193359181e-02,1.540406362940968388e-01,-9.802303438302764071e-01,1.241771130461964551e-01,-8.095606994628906650e-02,1.327193083034428900e-01,-1.040111334491394951e-01,-9.856811194915326979e-01,1.647646118164062479e+00,0.000000000000000000e+00,0.000000000000000000e+00,0.000000000000000000e+00,1.000000000000000000e+00
9.792357385118937163e-01,1.684140861203121953e-01,1.128453101255262742e-01,3.790739822387695357e-02,1.542096446853233604e-01,-9.801472977151910460e-01,1.246220697454308579e-01,-8.093296813964843961e-02,1.315931377659658175e-01,-1.046325493231851644e-01,-9.857663393091886661e-01,1.647628173828125098e+00,0.000000000000000000e+00,0.000000000000000000e+00,0.000000000000000000e+00,1.000000000000000000e+00
9.792103833124710111e-01,1.684497603563830659e-01,1.130119615302760117e-01,3.790622711181640403e-02,1.542125661789739144e-01,-9.801324849983428233e-01,1.247349040303823708e-01,-8.094998931884765658e-02,1.317782593812009129e-01,-1.047138485915316553e-01,-9.857329761490229991e-01,1.647635253906249986e+00,0.000000000000000000e+00,0.000000000000000000e+00,0.000000000000000000e+00,1.000000000000000000e+00
9.791717759528790754e-01,1.682812088701727549e-01,1.135960735169935232e-01,3.791359710693359419e-02,1.541636976793366032e-01,-9.803118321965751392e-01,1.233785474595493481e-01,-8.095205688476563022e-02,1.321218660749197138e-01,-1.032964006952200031e-01,-9.858365311289156718e-01,1.647609741210937617e+00,0.000000000000000000e+00,0.000000000000000000e+00,0.000000000000000000e+00,1.000000000000000000e+00
9.791721469874181683e-01,1.684136982654416692e-01,1.133963526777071740e-01,3.790662002563476712e-02,1.541207236841155015e-01,-9.801327991797676997e-01,1.248458990240284699e-01,-8.093009185791015525e-02,1.321692441346877800e-01,-1.047688990521049440e-01,-9.856747783606292224e-01,1.647608764648437640e+00,0.000000000000000000e+00,0.000000000000000000e+00,0.000000000000000000e+00,1.000000000000000000e+00
9.791236991770125853e-01,1.683491595739038393e-01,1.139093594955371685e-01,3.790984344482421775e-02,1.541174085382107095e-01,-9.802426339510424969e-01,1.239846884505868274e-01,-8.094613647460938144e-02,1.325315286842701223e-01,-1.038409315033483604e-01,-9.857243300482786408e-01,1.647617187500000080e+00,0.000000000000000000e+00,0.000000000000000000e+00,0.000000000000000000e+00,1.000000000000000000e+00
9.791867890241057193e-01,1.682796329014042414e-01,1.134689268091962633e-01,3.790342330932617437e-02,1.541684851116641997e-01,-9.803045227635782677e-01,1.234306317234424577e-01,-8.094795989990234697e-02,1.320049635393938103e-01,-1.033683113910744134e-01,-9.858446539902325778e-01,1.647648803710937582e+00,0.000000000000000000e+00,0.000000000000000000e+00,0.000000000000000000e+00,1.000000000000000000e+00
9.791465721987050452e-01,1.682571787177501721e-01,1.138486361862516144e-01,3.791025924682617232e-02,1.541572615180522299e-01,-9.803541450910483457e-01,1.230499448356437153e-01,-8.095069885253906861e-02,1.323160189575746659e-01,-1.029333377130227101e-01,-9.858484666085735038e-01,1.647583496093750099e+00,0.000000000000000000e+00,0.000000000000000000e+00,0.000000000000000000e+00,1.000000000000000000e+00
9.791732519512679200e-01,1.683153645473889903e-01,1.135327297322615281e-01,3.791417694091796936e-02,1.541090486545880212e-01,-9.802304911296808587e-01,1.240910366724487235e-01,-8.095021820068359908e-02,1.321746714993346228e-01,-1.040102029463683686e-01,-9.857543983655860931e-01,1.647615112304687601e+00,0.000000000000000000e+00,0.000000000000000000e+00,0.000000000000000000e+00,1.000000000000000000e+00
9.792149998701293878e-01,1.682738343779446033e-01,1.132338319279480310e-01,3.790607452392578264e-02,1.541658920288722923e-01,-9.802846942271674635e-01,1.235912456401797727e-01,-8.093558502197266413e-02,1.317985651070784636e-01,-1.035656068764782417e-01,-9.858515625123400739e-01,1.647621215820312512e+00,0.000000000000000000e+00,0.000000000000000000e+00,0.000000000000000000e+00,1.000000000000000000e+00
9.791764209067539415e-01,1.681632118991982228e-01,1.137306946430247101e-01,3.791287612915038990e-02,1.541022065247963091e-01,-9.803877725927689912e-01,1.228508253727987054e-01,-8.095062255859375444e-02,1.321591717756607220e-01,-1.027664804998897341e-01,-9.858869122780955507e-01,1.647627807617187523e+00,0.000000000000000000e+00,0.000000000000000000e+00,0.000000000000000000e+00,1.000000000000000000e+00
9.791671247906308384e-01,1.682862328423486709e-01,1.136287180468937563e-01,3.790424346923828430e-02,1.541324262614774399e-01,-9.802858569150754153e-01,1.236237594761893377e-01,-8.093828582763672175e-02,1.321928020128172454e-01,-1.035344511165597337e-01,-9.858020493628492087e-01,1.647672485351562521e+00,0.000000000000000000e+00,0.000000000000000000e+00,0.000000000000000000e+00,1.000000000000000000e+00
9.792850343178357564e-01,1.682762628162695617e-01,1.126229147807180503e-01,3.790622329711914457e-02,1.541605592624620824e-01,-9.802171558540934138e-01,1.241323863349007711e-01,-8.094075012207031794e-02,1.312834472772558270e-01,-1.041989766835640513e-01,-9.858535538958604905e-01,1.647651855468750037e+00,0.000000000000000000e+00,0.000000000000000000e+00,0.000000000000000000e+00,1.000000000000000000e+00
9.791903109385333703e-01,1.682367738821516079e-01,1.135020831431047400e-01,3.791250610351562522e-02,1.541201797263836715e-01,-9.803103161846156155e-01,1.234449439350455147e-01,-8.094367980957031805e-02,1.320352421333246540e-01,-1.033831315822127950e-01,-9.858390451483698413e-01,1.647596923828124948e+00,0.000000000000000000e+00,0.000000000000000000e+00,0.000000000000000000e+00,1.000000000000000000e+00
9.791702444330391275e-01,1.683728789705465079e-01,1.134733715199854609e-01,3.790042114257812650e-02,1.541303574563144541e-01,-9.801869198004647954e-01,1.244083404055632142e-01,-8.094287872314452625e-02,1.321721049515807433e-01,-1.043272537702755048e-01,-9.857212378727676638e-01,1.647574218749999986e+00,0.000000000000000000e+00,0.000000000000000000e+00,0.000000000000000000e+00,1.000000000000000000e+00
9.792172172467703550e-01,1.683814851351425335e-01,1.130544864707971608e-01,3.791766357421875316e-02,1.541609881026964335e-01,-9.801608431247825770e-01,1.245757253726273578e-01,-8.093453216552734530e-02,1.317878264282864864e-01,-1.045581037921009954e-01,-9.857482293855306388e-01,1.647613281249999950e+00,0.000000000000000000e+00,0.000000000000000000e+00,0.000000000000000000e+00,1.000000000000000000e+00
9.792458758143300912e-01,1.682127551321545844e-01,1.130574354541780541e-01,3.790935516357422236e-02,1.542153931733807048e-01,-9.803636700363809187e-01,1.229011268507256005e-01,-8.095647430419922186e-02,1.315109395031661965e-01,-1.029152247417666755e-01,-9.859580768508093840e-01,1.647661010742187626e+00,0.000000000000000000e+00,0.000000000000000000e+00,0.000000000000000000e+00,1.000000000000000000e+00
9.791956400614469924e-01,1.682986190540156080e-01,1.133643387894301968e-01,3.790939712524413890e-02,1.541419778742712521e-01,-9.802554491670925074e-01,1.238527554607866260e-01,-8.095031738281249778e-02,1.319702585496484171e-01,-1.038018747553870885e-01,-9.858037439853868378e-01,1.647653564453124941e+00,0.000000000000000000e+00,0.000000000000000000e+00,0.000000000000000000e+00,1.000000000000000000e+00
9.792340362125271369e-01,1.682017210129676810e-01,1.131763375056764331e-01,3.791540527343750105e-02,1.541852120763452516e-01,-9.803621153640160735e-01,1.229513852543522856e-01,-8.093363189697265481e-02,1.316344282469272542e-01,-1.029480636402040350e-01,-9.859381692037474387e-01,1.647627685546874998e+00,0.000000000000000000e+00,0.000000000000000000e+00,0.000000000000000000e+00,1.000000000000000000e+00
9.790910353502170205e-01,1.683014057522043694e-01,1.142601475522947441e-01,3.790534973144531194e-02,1.541154955226822221e-01,-9.803205412501400096e-01,1.233695685443973178e-01,-8.093481445312500355e-02,1.327748415048514430e-01,-1.031807793383268390e-01,-9.857609082523496324e-01,1.647579345703125142e+00,0.000000000000000000e+00,0.000000000000000000e+00,0.000000000000000000e+00,1.000000000000000000e+00
9.791909911038580994e-01,1.683707413537555986e-01,1.132973803626145803e-01,3.791742706298828480e-02,1.541499133423590295e-01,-9.801867329657059091e-01,1.243855808948908237e-01,-8.093845367431640181e-02,1.319954815801943904e-01,-1.043324588706839307e-01,-9.857443537086123531e-01,1.647588378906249984e+00,0.000000000000000000e+00,0.000000000000000000e+00,0.000000000000000000e+00,1.000000000000000000e+00
9.791011999184536796e-01,1.682827923486121813e-01,1.142004470989427950e-01,3.791021347045898243e-02,1.540637478230035551e-01,-9.802918386623736824e-01,1.236619288975916164e-01,-8.095147705078124811e-02,1.327599409647899908e-01,-1.034833940847366407e-01,-9.857311931879445543e-01,1.647619873046874961e+00,0.000000000000000000e+00,0.000000000000000000e+00,0.000000000000000000e+00,1.000000000000000000e+00
9.791615780391205170e-01,1.683385071571329994e-01,1.135990805422619071e-01,3.790782165527344094e-02,1.541447823347297241e-01,-9.802433342262562022e-01,1.239451160149982883e-01,-8.094323730468749867e-02,1.322194772751662806e-01,-1.038515898438752000e-01,-9.857651125475994647e-01,1.647597412109375048e+00,0.000000000000000000e+00,0.000000000000000000e+00,0.000000000000000000e+00,1.000000000000000000e+00
9.791387441306507178e-01,1.683720225625900124e-01,1.137461285514131115e-01,3.790754699707031550e-02,1.541266749047759677e-01,-9.802121071157210430e-01,1.242143033090609555e-01,-8.092771148681640603e-02,1.324095458229859468e-01,-1.040917243681771936e-01,-9.857142715275100109e-01,1.647636962890625112e+00,0.000000000000000000e+00,0.000000000000000000e+00,0.000000000000000000e+00,1.000000000000000000e+00
9.790920597569922057e-01,1.683579665444663032e-01,1.141680061217805464e-01,3.790565872192382807e-02,1.541785155129194174e-01,-9.803075758746192525e-01,1.233938492675384080e-01,-8.095963287353516447e-02,1.326940988704585211e-01,-1.032116843377719750e-01,-9.857685450150645012e-01,1.647614868164062552e+00,0.000000000000000000e+00,0.000000000000000000e+00,0.000000000000000000e+00,1.000000000000000000e+00
9.792147713063648062e-01,1.683063893739311645e-01,1.131874151632347586e-01,3.791308593750000039e-02,1.541955935845422121e-01,-9.802726908703438546e-01,1.236493851700278396e-01,-8.095388031005859575e-02,1.317655136009967809e-01,-1.036263037540464255e-01,-9.858496024220628762e-01,1.647638183593750139e+00,0.000000000000000000e+00,0.000000000000000000e+00,0.000000000000000000e+00,1.000000000000000000e+00
9.792493658167333859e-01,1.682641544267622358e-01,1.129506701289198778e-01,3.790859985351562739e-02,1.541967364043619337e-01,-9.802899998717635732e-01,1.235106579759883277e-01,-8.093059539794922319e-02,1.315068288332171820e-01,-1.035311087860289331e-01,-9.858941441573565445e-01,1.647637573242187514e+00,0.000000000000000000e+00,0.000000000000000000e+00,0.000000000000000000e+00,1.000000000000000000e+00
9.791706958783988890e-01,1.682827226724897263e-01,1.136031407265915838e-01,3.790932846069335754e-02,1.541690014347246729e-01,-9.803152510305827017e-01,1.233447509765416839e-01,-8.095299530029297086e-02,1.321236819409439267e-01,-1.032614828809810259e-01,-9.858399458449577102e-01,1.647620117187500011e+00,0.000000000000000000e+00,0.000000000000000000e+00,0.000000000000000000e+00,1.000000000000000000e+00
9.792119520156974399e-01,1.683294503441640499e-01,1.131775117964672617e-01,3.791496276855468861e-02,1.541534641475630074e-01,-9.802166768301550093e-01,1.241449795817534257e-01,-8.092770385742187322e-02,1.318357406810228005e-01,-1.041175422821705582e-01,-9.857884534058038994e-01,1.647609375000000043e+00,0.000000000000000000e+00,0.000000000000000000e+00,0.000000000000000000e+00,1.000000000000000000e+00
9.792737678996249473e-01,1.683039306194513973e-01,1.126795209508574397e-01,3.789979553222656145e-02,1.542222834407236676e-01,-9.802454463260276141e-01,1.238319516417974719e-01,-8.096202087402343262e-02,1.312949915038685300e-01,-1.038876888525790410e-01,-9.858848681823192406e-01,1.647639404296874943e+00,0.000000000000000000e+00,0.000000000000000000e+00,0.000000000000000000e+00,1.000000000000000000e+00
9.791815070531690868e-01,1.682671252728331623e-01,1.135330383522842740e-01,3.790540313720703464e-02,1.541307774452537194e-01,-9.802930975004682246e-01,1.235683876930482178e-01,-8.093705749511719005e-02,1.320881512067083596e-01,-1.034969446184498404e-01,-9.858200154011071970e-01,1.647642089843750046e+00,0.000000000000000000e+00,0.000000000000000000e+00,0.000000000000000000e+00,1.000000000000000000e+00
9.791854618369135732e-01,1.682467312573134310e-01,1.135291537379717192e-01,3.790911865234375400e-02,1.541281763865389176e-01,-9.803098766506816997e-01,1.234384501882860308e-01,-8.094571685791016047e-02,1.320618664527751229e-01,-1.033710944237090923e-01,-9.858367411831709948e-01,1.647615722656250004e+00,0.000000000000000000e+00,0.000000000000000000e+00,0.000000000000000000e+00,1.000000000000000000e+00
9.792064513671318027e-01,1.682828264413910591e-01,1.132943772915752101e-01,3.790091323852538829e-02,1.541860523871298183e-01,-9.802980358485237078e-01,1.234602047657463730e-01,-8.094219207763672652e-02,1.318384877426254376e-01,-1.034246162014798853e-01,-9.858610256589487308e-01,1.647610229492187495e+00,0.000000000000000000e+00,0.000000000000000000e+00,0.000000000000000000e+00,1.000000000000000000e+00
9.792244049197178501e-01,1.683034932185174803e-01,1.131083506204061812e-01,3.791218948364257629e-02,1.541802561182565590e-01,-9.802554904921265688e-01,1.238047736694718598e-01,-8.094784545898438266e-02,1.317118576018617426e-01,-1.037935813549411695e-01,-9.858391750364672301e-01,1.647605834960937488e+00,0.000000000000000000e+00,0.000000000000000000e+00,0.000000000000000000e+00,1.000000000000000000e+00
9.791909712875459526e-01,1.683056082732757308e-01,1.133942854499952607e-01,3.790414047241211226e-02,1.541420505046826595e-01,-9.802518824110844076e-01,1.238808915682223927e-01,-8.094486236572265292e-02,1.320048105758430679e-01,-1.038242228638792813e-01,-9.857967644152354492e-01,1.647604003906250059e+00,0.000000000000000000e+00,0.000000000000000000e+00,0.000000000000000000e+00,1.000000000000000000e+00
9.790784337575186846e-01,1.683388757930626145e-01,1.143129189884148911e-01,3.790671539306640636e-02,1.540890230337414457e-01,-9.802700242280202314e-01,1.238032817840619554e-01,-8.093673706054688166e-02,1.328984331413698983e-01,-1.035987572161200382e-01,-9.857004128901662998e-01,1.647590576171874988e+00,0.000000000000000000e+00,0.000000000000000000e+00,0.000000000000000000e+00,1.000000000000000000e+00
9.791529774340008707e-01,1.683567499418509028e-01,1.136461681322704087e-01,3.790557479858398804e-02,1.541518841671971063e-01,-9.802363784774916766e-01,1.239912856495779259e-01,-8.094578552246094183e-02,1.322748781508954474e-01,-1.038876655736823695e-01,-9.857538787911599432e-01,1.647586669921875080e+00,0.000000000000000000e+00,0.000000000000000000e+00,0.000000000000000000e+00,1.000000000000000000e+00
9.792245569862235710e-01,1.683638548304771387e-01,1.130171641024338841e-01,3.790248107910156039e-02,1.541730780466071538e-01,-9.801834355141426647e-01,1.243828555281134701e-01,-8.094101715087891058e-02,1.317191292135247715e-01,-1.043745425394275866e-01,-9.857768641375775909e-01,1.647638061523437614e+00,0.000000000000000000e+00,0.000000000000000000e+00,0.000000000000000000e+00,1.000000000000000000e+00
9.792394955216715546e-01,1.683285531438022398e-01,1.129402877939341687e-01,3.790835952758789262e-02,1.542239061058264249e-01,-9.802494278539620742e-01,1.237984086224121760e-01,-8.094515991210937678e-02,1.315484594965816156e-01,-1.038101988654999142e-01,-9.858592421921000826e-01,1.647607177734375039e+00,0.000000000000000000e+00,0.000000000000000000e+00,0.000000000000000000e+00,1.000000000000000000e+00
9.792765020599567549e-01,1.684398848367207047e-01,1.124523797409719972e-01,3.790738296508788796e-02,1.542473274303768072e-01,-9.801127884362357268e-01,1.248466416221631209e-01,-8.093484497070312089e-02,1.312451694113030143e-01,-1.049139034634541251e-01,-9.857828251528120145e-01,1.647648071289062432e+00,0.000000000000000000e+00,0.000000000000000000e+00,0.000000000000000000e+00,1.000000000000000000e+00
9.791144188234532919e-01,1.683762561512567868e-01,1.139490729075841868e-01,3.789733505249023859e-02,1.540891473849665405e-01,-9.801988628689601857e-01,1.243652840971777584e-01,-8.093643188476562500e-02,1.326329126204564557e-01,-1.042095273709847947e-01,-9.856717936995713636e-01,1.647651611328124988e+00,0.000000000000000000e+00,0.000000000000000000e+00,0.000000000000000000e+00,1.000000000000000000e+00
9.790643368730633789e-01,1.683301354640241443e-01,1.144464493025974527e-01,3.791447067260741988e-02,1.540783139849383754e-01,-9.802830198262322270e-01,1.237136783056813349e-01,-8.095130920410156805e-02,1.330146511586880742e-01,-1.034899344623724515e-01,-9.856961682192473262e-01,1.647575317382812488e+00,0.000000000000000000e+00,0.000000000000000000e+00,0.000000000000000000e+00,1.000000000000000000e+00
9.791664416615935007e-01,1.683682039516558593e-01,1.135131156380922574e-01,3.791220855712890830e-02,1.541644931533257545e-01,-9.802222224835341891e-01,1.240874836565688394e-01,-8.095226287841797430e-02,1.321604652479381470e-01,-1.040026078881422927e-01,-9.857571044521638015e-01,1.647607666015625139e+00,0.000000000000000000e+00,0.000000000000000000e+00,0.000000000000000000e+00,1.000000000000000000e+00
9.791858021614585628e-01,1.683543655535085226e-01,1.133665402334236988e-01,3.790468597412109675e-02,1.541566377141981858e-01,-9.802144898505711357e-01,1.241583059470365152e-01,-8.093429565429687000e-02,1.320261182269414080e-01,-1.040978457320807654e-01,-9.857650544728522313e-01,1.647603637695312484e+00,0.000000000000000000e+00,0.000000000000000000e+00,0.000000000000000000e+00,1.000000000000000000e+00
9.791936170296172692e-01,1.682860598514051009e-01,1.134004516223134640e-01,3.790142440795898210e-02,1.541788221202241571e-01,-9.802998057234640905e-01,1.234551809692853164e-01,-8.094360351562500389e-02,1.319422266678701716e-01,-1.034025771353306866e-01,-9.858494590269329949e-01,1.647663452148437457e+00,0.000000000000000000e+00,0.000000000000000000e+00,0.000000000000000000e+00,1.000000000000000000e+00
9.792498392985137246e-01,1.682027436865198566e-01,1.130379991425984748e-01,3.790666198730469061e-02,1.542247694754762810e-01,-9.803785138236088548e-01,1.227708846316922786e-01,-8.094898223876953458e-02,1.314704252448868904e-01,-1.027901096863846897e-01,-9.859765314836809180e-01,1.647631469726562603e+00,0.000000000000000000e+00,0.000000000000000000e+00,0.000000000000000000e+00,1.000000000000000000e+00
9.791632882948398953e-01,1.683061999737599790e-01,1.136322045285989568e-01,3.791138839721679837e-02,1.541439014176311517e-01,-9.802763883787569688e-01,1.236845182019653405e-01,-8.094924163818359442e-02,1.322078383129693391e-01,-1.035916282210748857e-01,-9.857940261794645442e-01,1.647577636718750016e+00,0.000000000000000000e+00,0.000000000000000000e+00,0.000000000000000000e+00,1.000000000000000000e+00
9.791566489077250246e-01,1.683546099667859730e-01,1.136177019778426001e-01,3.790895080566406006e-02,1.541534404465787489e-01,-9.802367892167560548e-01,1.239861035136949619e-01,-8.092256927490235063e-02,1.322458834832963281e-01,-1.038872579720773737e-01,-9.857578120069685479e-01,1.647603393554687434e+00,0.000000000000000000e+00,0.000000000000000000e+00,0.000000000000000000e+00,1.000000000000000000e+00
9.792011180478300547e-01,1.682949626214656214e-01,1.133224424821474008e-01,3.790845108032226546e-02,1.541672512468918177e-01,-9.802746070368949516e-01,1.236695331989229180e-01,-8.093363952636718761e-02,1.319000722397749847e-01,-1.036267357147818563e-01,-9.858315629904742528e-01,1.647600341796874979e+00,0.000000000000000000e+00,0.000000000000000000e+00,0.000000000000000000e+00,1.000000000000000000e+00
9.791522486016613902e-01,1.683851637456842132e-01,1.136103458697750312e-01,3.790912246704101346e-02,1.541547622851603683e-01,-9.802082346051225192e-01,1.242100079587599437e-01,-8.096025085449218284e-02,1.322769190868780531e-01,-1.041069327309600001e-01,-9.857304719010341332e-01,1.647591796875000014e+00,0.000000000000000000e+00,0.000000000000000000e+00,0.000000000000000000e+00,1.000000000000000000e+00
9.792175301045417113e-01,1.682796138012692122e-01,1.132033582313571873e-01,3.790609741210937411e-02,1.541873400383712567e-01,-9.802930678593647640e-01,1.234980375502654076e-01,-8.093051910400390903e-02,1.317546693967731053e-01,-1.034769186136249991e-01,-9.858667427225530355e-01,1.647624511718750018e+00,0.000000000000000000e+00,0.000000000000000000e+00,0.000000000000000000e+00,1.000000000000000000e+00
9.791548839041839258e-01,1.683612328477603892e-01,1.136230988864800062e-01,3.790762329101562272e-02,1.541289805253183154e-01,-9.802118387892604368e-01,1.242135598862033619e-01,-8.094583892822265758e-02,1.322874547673008327e-01,-1.041117014142002306e-01,-9.857285543900158320e-01,1.647628540039062450e+00,0.000000000000000000e+00,0.000000000000000000e+00,0.000000000000000000e+00,1.000000000000000000e+00
9.792377107692140648e-01,1.682892991329058008e-01,1.130142362927092914e-01,3.790187835693359375e-02,1.541656411700552121e-01,-9.802480181619077637e-01,1.238821132055698271e-01,-8.094264984130859764e-02,1.316300151564784859e-01,-1.038871247412651577e-01,-9.858402529938092851e-01,1.647634521484375059e+00,0.000000000000000000e+00,0.000000000000000000e+00,0.000000000000000000e+00,1.000000000000000000e+00
9.791362799030188802e-01,1.683151298058620793e-01,1.138514929902682965e-01,3.790760040283203125e-02,1.540625498609827504e-01,-9.802259287528295451e-01,1.241847789827116993e-01,-8.094334411621094405e-02,1.325023626506694197e-01,-1.040535711981503825e-01,-9.857058274216005112e-01,1.647624633789062543e+00,0.000000000000000000e+00,0.000000000000000000e+00,0.000000000000000000e+00,1.000000000000000000e+00
9.792206835217880379e-01,1.682174066711812910e-01,1.132685174968982994e-01,3.790218734741210987e-02,1.541157055365254269e-01,-9.803019651583775307e-01,1.235168264391652421e-01,-8.094374847412109941e-02,1.318150305166362057e-01,-1.034937737230906679e-01,-9.858569046927918578e-01,1.647656005859374995e+00,0.000000000000000000e+00,0.000000000000000000e+00,0.000000000000000000e+00,1.000000000000000000e+00
9.792566526637115354e-01,1.683056258614155642e-01,1.128256376771701319e-01,3.790097045898437739e-02,1.541965136618758114e-01,-9.802380735759336217e-01,1.239223720183957739e-01,-8.095054626464844028e-02,1.314528181074327839e-01,-1.039544872313838270e-01,-9.858567954810041334e-01,1.647665161132812583e+00,0.000000000000000000e+00,0.000000000000000000e+00,0.000000000000000000e+00,1.000000000000000000e+00
9.791590154394592682e-01,1.683385851253079157e-01,1.136210510497004528e-01,3.791286468505859764e-02,1.541818368324380795e-01,-9.802745054092764088e-01,1.236521541889767789e-01,-8.093984222412109464e-02,1.321952483056959837e-01,-1.035568191989716530e-01,-9.857993718413434747e-01,1.647619018554687509e+00,0.000000000000000000e+00,0.000000000000000000e+00,0.000000000000000000e+00,1.000000000000000000e+00
9.792154273704528622e-01,1.682627016726431779e-01,1.132466777681577635e-01,3.790736770629882929e-02,1.541874276604953131e-01,-9.803133697034852601e-01,1.233366706703139665e-01,-8.092731475830078347e-02,1.317701937129235890e-01,-1.033119567447110115e-01,-9.858819684132770211e-01,1.647623657226562566e+00,0.000000000000000000e+00,0.000000000000000000e+00,0.000000000000000000e+00,1.000000000000000000e+00
9.791869738735925477e-01,1.681833268726413144e-01,1.136100293034319753e-01,3.791415786743164429e-02,1.541708854599974643e-01,-9.804105746150999501e-01,1.225823937577098094e-01,-8.094007110595703713e-02,1.320007889095997922e-01,-1.025157243789466682e-01,-9.859342361345928563e-01,1.647616821289062505e+00,0.000000000000000000e+00,0.000000000000000000e+00,0.000000000000000000e+00,1.000000000000000000e+00
9.791717991929391740e-01,1.684183080951311695e-01,1.133925092924376321e-01,3.791864395141601729e-02,1.541875708664613154e-01,-9.801809236107832390e-01,1.243846854713710481e-01,-8.095179748535157038e-02,1.320938327688391811e-01,-1.043102607027966422e-01,-9.857335283211952071e-01,1.647572753906250131e+00,0.000000000000000000e+00,0.000000000000000000e+00,0.000000000000000000e+00,1.000000000000000000e+00
9.791877637264609913e-01,1.683431701675891512e-01,1.133662225987045330e-01,3.791558074951172086e-02,1.541793924639767166e-01,-9.802429706339661486e-01,1.239049371983895198e-01,-8.095818328857422308e-02,1.319849927370985165e-01,-1.038474630437543900e-01,-9.857969700255546641e-01,1.647600585937500028e+00,0.000000000000000000e+00,0.000000000000000000e+00,0.000000000000000000e+00,1.000000000000000000e+00
9.791556825142339049e-01,1.683802142230118315e-01,1.135880841386875950e-01,3.790948104858398587e-02,1.541329943922899737e-01,-9.801935465313954543e-01,1.243528503005526253e-01,-8.092915344238281461e-02,1.322768666084558897e-01,-1.042531284730486563e-01,-9.857150276646039488e-01,1.647616333007812628e+00,0.000000000000000000e+00,0.000000000000000000e+00,0.000000000000000000e+00,1.000000000000000000e+00
9.791758249501204547e-01,1.682598880913440120e-01,1.135927545785379161e-01,3.790643310546874811e-02,1.541605758726991016e-01,-9.803291028240367355e-01,1.232451500174240600e-01,-8.094681549072266225e-02,1.320954983330217269e-01,-1.031671469786189510e-01,-9.858535992247748903e-01,1.647661865234375078e+00,0.000000000000000000e+00,0.000000000000000000e+00,0.000000000000000000e+00,1.000000000000000000e+00
9.792280752500275298e-01,1.683328865041561484e-01,1.130328092338900581e-01,3.790686035156250189e-02,1.541770166108390738e-01,-9.802175345253196781e-01,1.241089543831741526e-01,-8.093154907226562944e-02,1.316883601200468379e-01,-1.041039112151058432e-01,-9.858095918982581196e-01,1.647649414062499984e+00,0.000000000000000000e+00,0.000000000000000000e+00,0.000000000000000000e+00,1.000000000000000000e+00
9.790934678100651212e-01,1.684035750704457879e-01,1.140886374498099320e-01,3.790577697753906572e-02,1.541215796334821087e-01,-9.802124538890415462e-01,1.242178889375598200e-01,-8.096158599853515991e-02,1.327498398603240426e-01,-1.040374026219245823e-01,-9.856742356746179823e-01,1.647578735351562518e+00,0.000000000000000000e+00,0.000000000000000000e+00,0.000000000000000000e+00,1.000000000000000000e+00
9.791863539019741713e-01,1.681558426117752969e-01,1.136560465953399962e-01,3.790937042236328103e-02,1.540932977332242215e-01,-9.803804521688704865e-01,1.229203994415139917e-01,-8.095371246337890181e-02,1.320959496951293888e-01,-1.028483427221133922e-01,-9.858868487171622563e-01,1.647617187500000080e+00,0.000000000000000000e+00,0.000000000000000000e+00,0.000000000000000000e+00,1.000000000000000000e+00
9.791660462528588571e-01,1.682802159252985985e-01,1.136469216198982279e-01,3.790121078491211215e-02,1.540997732339534909e-01,-9.802677356950311172e-01,1.238080217295342567e-01,-8.095041656494141036e-02,1.322388511549783818e-01,-1.037156462809328827e-01,-9.857768261435952972e-01,1.647618041992187532e+00,0.000000000000000000e+00,0.000000000000000000e+00,0.000000000000000000e+00,1.000000000000000000e+00
9.791782341331896067e-01,1.683570422847289472e-01,1.134279159331890996e-01,3.790513992309570146e-02,1.541032832184970058e-01,-9.801759846703699264e-01,1.245279774859872762e-01,-8.093317413330078369e-02,1.321444811601616975e-01,-1.044554708409704963e-01,-9.857113627783251619e-01,1.647621337890625037e+00,0.000000000000000000e+00,0.000000000000000000e+00,0.000000000000000000e+00,1.000000000000000000e+00
9.791893596073683037e-01,1.682766530277073069e-01,1.134511616401740891e-01,3.790712356567382812e-02,1.541755199449186542e-01,-9.803110825647612936e-01,1.233697306895822493e-01,-8.093257141113281705e-02,1.319776764510812717e-01,-1.033109357546366652e-01,-9.858543216277318999e-01,1.647619384765625083e+00,0.000000000000000000e+00,0.000000000000000000e+00,0.000000000000000000e+00,1.000000000000000000e+00
9.792457301005509374e-01,1.682837943237271983e-01,1.129529311166770772e-01,3.789954757690430082e-02,1.541516765380510079e-01,-9.802360790528416024e-01,1.239939109134782502e-01,-8.093913269042968262e-02,1.315867041168955476e-01,-1.040086241189688843e-01,-9.858332239321881962e-01,1.647624145507812443e+00,0.000000000000000000e+00,0.000000000000000000e+00,0.000000000000000000e+00,1.000000000000000000e+00
9.792078960794977638e-01,1.682544211513299637e-01,1.133240751940847862e-01,3.790269470214843728e-02,1.541606659305302662e-01,-9.803078365726834997e-01,1.234140779410535793e-01,-8.094842529296875089e-02,1.318574432310104516e-01,-1.033779247093686293e-01,-9.858633877710264448e-01,1.647607055664062514e+00,0.000000000000000000e+00,0.000000000000000000e+00,0.000000000000000000e+00,1.000000000000000000e+00
9.792046022804564709e-01,1.682663584406628721e-01,1.133348114653726091e-01,3.790624237060546964e-02,1.541541063045206161e-01,-9.802924998873917550e-01,1.235440252459944765e-01,-8.094055938720703947e-02,1.318895688909011432e-01,-1.035038515304948226e-01,-9.858458775772843685e-01,1.647642089843750046e+00,0.000000000000000000e+00,0.000000000000000000e+00,0.000000000000000000e+00,1.000000000000000000e+00
9.791689911034012761e-01,1.683224279401722145e-01,1.135590027865389651e-01,3.790359878540039418e-02,1.541299373840811504e-01,-9.802428628101226282e-01,1.239673033980934480e-01,-8.093927764892577814e-02,1.321818794825026511e-01,-1.038820974092324323e-01,-9.857669402928525004e-01,1.647632690429687630e+00,0.000000000000000000e+00,0.000000000000000000e+00,0.000000000000000000e+00,1.000000000000000000e+00
9.793112169009501322e-01,1.681981002914039736e-01,1.125119527443318029e-01,3.790784454345703242e-02,1.541530866167616365e-01,-9.802744252487587406e-01,1.236886295895504029e-01,-8.094069671630860219e-02,1.310967823346748662e-01,-1.037855975633355243e-01,-9.859219966102370503e-01,1.647632690429687630e+00,0.000000000000000000e+00,0.000000000000000000e+00,0.000000000000000000e+00,1.000000000000000000e+00
9.792859239539027927e-01,1.682574744468881833e-01,1.126432485260715488e-01,3.791370773315429904e-02,1.542082869082630203e-01,-9.802748414050578285e-01,1.236165019611373955e-01,-8.094317626953125011e-02,1.312207430041850698e-01,-1.036853779519746194e-01,-9.859160506880827457e-01,1.647589843750000060e+00,0.000000000000000000e+00,0.000000000000000000e+00,0.000000000000000000e+00,1.000000000000000000e+00
9.792638091838369307e-01,1.683482825615106038e-01,1.126998126943958567e-01,3.791340637207031572e-02,1.542065150262963147e-01,-9.801928143448138675e-01,1.242674431628750381e-01,-8.093733215332031550e-02,1.313877572158333729e-01,-1.043115643894938077e-01,-9.858277510744003491e-01,1.647617431640625130e+00,0.000000000000000000e+00,0.000000000000000000e+00,0.000000000000000000e+00,1.000000000000000000e+00
9.792767275144564909e-01,1.682716923277914611e-01,1.127019454566690060e-01,3.790760040283203125e-02,1.541981073467905416e-01,-9.802591672840939019e-01,1.237534187251500550e-01,-8.094509124755859542e-02,1.313013124048825198e-01,-1.038104162241716422e-01,-9.858921659310004859e-01,1.647628295898437623e+00,0.000000000000000000e+00,0.000000000000000000e+00,0.000000000000000000e+00,1.000000000000000000e+00
9.791246524185310829e-01,1.682962206793864324e-01,1.139793715166314697e-01,3.791052627563476496e-02,1.541237359800337603e-01,-9.803042592659763077e-01,1.234885957185629934e-01,-8.094300842285157005e-02,1.325171273226517232e-01,-1.033438017977909851e-01,-9.857785094006317195e-01,1.647614624023437502e+00,0.000000000000000000e+00,0.000000000000000000e+00,0.000000000000000000e+00,1.000000000000000000e+00
9.791864359263044992e-01,1.683453133636059751e-01,1.133745084507562506e-01,3.791312789916992387e-02,1.541817249088472952e-01,-9.802436051160672292e-01,1.238970150293722122e-01,-8.094765472412109031e-02,1.319921187119663941e-01,-1.038379992948884750e-01,-9.857970128278747968e-01,1.647634887695312633e+00,0.000000000000000000e+00,0.000000000000000000e+00,0.000000000000000000e+00,1.000000000000000000e+00
9.792720528929151902e-01,1.682158705138234456e-01,1.128258274074354500e-01,3.791160583496094166e-02,1.541570284762753540e-01,-9.802919911700530564e-01,1.235444155727717930e-01,-8.095198059082031605e-02,1.313843864173389886e-01,-1.035906991728963167e-01,-9.859042093685420616e-01,1.647608764648437640e+00,0.000000000000000000e+00,0.000000000000000000e+00,0.000000000000000000e+00,1.000000000000000000e+00
9.791879786738931779e-01,1.682569136787831765e-01,1.134923496092400536e-01,3.791031646728515447e-02,1.541730000246776255e-01,-9.803317323505952308e-01,1.232086872337821853e-01,-8.093291473388672386e-02,1.319908651533363564e-01,-1.031470093884050004e-01,-9.858697205870065039e-01,1.647629760742187477e+00,0.000000000000000000e+00,0.000000000000000000e+00,0.000000000000000000e+00,1.000000000000000000e+00
9.791744306216014770e-01,1.684048193372849334e-01,1.133898198289388093e-01,3.791114044189453081e-02,1.541140206239915711e-01,-9.801352681258070909e-01,1.248347901150171496e-01,-8.093208312988281472e-02,1.321601417371012221e-01,-1.047600735009712597e-01,-9.856769368997635450e-01,1.647613647460937525e+00,0.000000000000000000e+00,0.000000000000000000e+00,0.000000000000000000e+00,1.000000000000000000e+00
9.791478505270776456e-01,1.682724397595979637e-01,1.138150817139655796e-01,3.790831756591796914e-02,1.541325977147993964e-01,-9.803173327324972153e-01,1.233736984366223255e-01,-8.094315338134765170e-02,1.323352905686612513e-01,-1.032584774320989274e-01,-9.858118774434163623e-01,1.647652587890624964e+00,0.000000000000000000e+00,0.000000000000000000e+00,0.000000000000000000e+00,1.000000000000000000e+00
9.792269468094548790e-01,1.682895576900685641e-01,1.131070794190807693e-01,3.790522766113281483e-02,1.541486689724258230e-01,-9.802436509863289293e-01,1.239377769488453074e-01,-8.094802856445312833e-02,1.317299301459719518e-01,-1.039279051721592462e-01,-9.858226088045781710e-01,1.647644409179687575e+00,0.000000000000000000e+00,0.000000000000000000e+00,0.000000000000000000e+00,1.000000000000000000e+00
9.792380285265236406e-01,1.682404527225393742e-01,1.130841879097270603e-01,3.791134262084960849e-02,1.541378514520472531e-01,-9.802793176417006205e-01,1.236688406740713286e-01,-8.094941711425780728e-02,1.316601923028904164e-01,-1.036706779742334605e-01,-9.858590083227565248e-01,1.647635253906249986e+00,0.000000000000000000e+00,0.000000000000000000e+00,0.000000000000000000e+00,1.000000000000000000e+00
9.791784363331514918e-01,1.682038369219564233e-01,1.136532404504888849e-01,3.790359878540039418e-02,1.540809220064105756e-01,-9.803254876547193852e-01,1.233734482301259427e-01,-8.094258117675781627e-02,1.321690557347640904e-01,-1.032928240453761248e-01,-9.858305803772331455e-01,1.647607788085937441e+00,0.000000000000000000e+00,0.000000000000000000e+00,0.000000000000000000e+00,1.000000000000000000e+00
9.792105312381419457e-01,1.682974660510078713e-01,1.132373544071294535e-01,3.791354370117187844e-02,1.541744622115225893e-01,-9.802694629262734827e-01,1.237013146899557381e-01,-8.094742584228516169e-02,1.318217383973667167e-01,-1.036713218544333404e-01,-9.858373528685403508e-01,1.647624877929687592e+00,0.000000000000000000e+00,0.000000000000000000e+00,0.000000000000000000e+00,1.000000000000000000e+00
9.791302760442061048e-01,1.683581337600591199e-01,1.138395420336336394e-01,3.790543746948242532e-02,1.541185209812427070e-01,-9.802281132874565150e-01,1.240980556312952926e-01,-8.096687316894531083e-02,1.324816365544736474e-01,-1.039633816194137500e-01,-9.857181297197009640e-01,1.647622436523437539e+00,0.000000000000000000e+00,0.000000000000000000e+00,0.000000000000000000e+00,1.000000000000000000e+00
9.791831766381596802e-01,1.682929690357052588e-01,1.134803205932654602e-01,3.791389465332031111e-02,1.541200404043471528e-01,-9.802550730051208250e-01,1.238830294813949989e-01,-8.093641662597655939e-02,1.320883027923576702e-01,-1.038145867442187703e-01,-9.857865954883754389e-01,1.647625732421875044e+00,0.000000000000000000e+00,0.000000000000000000e+00,0.000000000000000000e+00,1.000000000000000000e+00
9.792210593398242846e-01,1.683030570162154793e-01,1.131379597853389707e-01,3.791139602661133118e-02,1.542062767629532594e-01,-9.802793306204826695e-01,1.235834057030545940e-01,-8.094837188720703514e-02,1.317062684624384639e-01,-1.035688899103145433e-01,-9.858635523694165848e-01,1.647619262695312559e+00,0.000000000000000000e+00,0.000000000000000000e+00,0.000000000000000000e+00,1.000000000000000000e+00
9.791449864670030978e-01,1.683026670545437475e-01,1.137950251059327150e-01,3.790919494628906122e-02,1.541161126229589062e-01,-9.802740622435207607e-01,1.237375719923984041e-01,-8.093093872070313000e-02,1.323756749048703163e-01,-1.036193763487983921e-01,-9.857685861999084809e-01,1.647617797851562482e+00,0.000000000000000000e+00,0.000000000000000000e+00,0.000000000000000000e+00,1.000000000000000000e+00
9.792706114303719733e-01,1.682709340169827872e-01,1.127562076066663532e-01,3.790451431274414335e-02,1.542228112303610787e-01,-9.802848035381659386e-01,1.235193444297046916e-01,-8.095343017578125744e-02,1.313179122777613783e-01,-1.035692846223813246e-01,-9.859153154291793175e-01,1.647624145507812443e+00,0.000000000000000000e+00,0.000000000000000000e+00,0.000000000000000000e+00,1.000000000000000000e+00
9.792451926520302496e-01,1.683209698900939855e-01,1.129021867066623414e-01,3.790674972534179704e-02,1.541665510614859125e-01,-9.802074631579480446e-01,1.242014641752110515e-01,-8.096046447753905972e-02,1.315732769284637671e-01,-1.042179459820527232e-01,-9.858129094983427709e-01,1.647618530273437631e+00,0.000000000000000000e+00,0.000000000000000000e+00,0.000000000000000000e+00,1.000000000000000000e+00
9.791969140383908199e-01,1.683018182849190525e-01,1.133485840215157914e-01,3.791662979125976635e-02,1.541312219795070437e-01,-9.802423912764263170e-01,1.239694347642913419e-01,-8.094630432128906150e-02,1.319733683316314243e-01,-1.039199321913946150e-01,-9.857908894611168149e-01,1.647593749999999968e+00,0.000000000000000000e+00,0.000000000000000000e+00,0.000000000000000000e+00,1.000000000000000000e+00
9.791754420266214343e-01,1.683449004898753265e-01,1.134700322156687452e-01,3.791058731079101352e-02,1.541684840569721437e-01,-9.802430883362602820e-01,1.239175786261419165e-01,-8.093535614013672164e-02,1.320891072554662149e-01,-1.038435469735356775e-01,-9.857834374224438978e-01,1.647614868164062552e+00,0.000000000000000000e+00,0.000000000000000000e+00,0.000000000000000000e+00,1.000000000000000000e+00
9.792145627325650192e-01,1.682968616413637875e-01,1.132033855241934006e-01,3.791033935546875289e-02,1.541937723739612298e-01,-9.802818428587065647e-01,1.235790804409282045e-01,-8.093469238281250644e-02,1.317691947822347831e-01,-1.035551781573767344e-01,-9.858565840847417494e-01,1.647587768554687582e+00,0.000000000000000000e+00,0.000000000000000000e+00,0.000000000000000000e+00,1.000000000000000000e+00
9.791890590398361072e-01,1.683890511988827554e-01,1.132868663747951393e-01,3.791239166259765397e-02,1.541655995931531797e-01,-9.801807056832231302e-01,1.244136331292619996e-01,-8.093687438964844438e-02,1.319914942667299862e-01,-1.043595306748697077e-01,-9.857420219299556363e-01,1.647609008789062468e+00,0.000000000000000000e+00,0.000000000000000000e+00,0.000000000000000000e+00,1.000000000000000000e+00
9.791622460094576708e-01,1.683246230136755117e-01,1.136138956158898178e-01,3.791474151611327892e-02,1.541658779026591208e-01,-9.802744438079326050e-01,1.236725390195847762e-01,-8.094055175781250666e-02,1.321899318413345958e-01,-1.035800951165442019e-01,-9.857976393841846319e-01,1.647598144531249975e+00,0.000000000000000000e+00,0.000000000000000000e+00,0.000000000000000000e+00,1.000000000000000000e+00
9.791691886900035779e-01,1.683241028345336954e-01,1.135548163888676493e-01,3.791059875488281272e-02,1.541570700291063911e-01,-9.802621737726608941e-01,1.237807272176848356e-01,-8.094048309326172530e-02,1.321487710128297077e-01,-1.036969964629981117e-01,-9.857908679047253653e-01,1.647604736328124986e+00,0.000000000000000000e+00,0.000000000000000000e+00,0.000000000000000000e+00,1.000000000000000000e+00
9.791523307564029555e-01,1.682995743989672000e-01,1.137363900931892269e-01,3.791132354736328341e-02,1.541533286893867483e-01,-9.803002892622376674e-01,1.234831734543428566e-01,-8.094302368164062178e-02,1.322779816457958224e-01,-1.033759939710372916e-01,-9.858072526829038118e-01,1.647607910156249966e+00,0.000000000000000000e+00,0.000000000000000000e+00,0.000000000000000000e+00,1.000000000000000000e+00
9.792181643254642687e-01,1.682588003701812884e-01,1.132288070813057268e-01,3.791120147705077936e-02,1.541698390128720397e-01,-9.803014832762766417e-01,1.234530786375001438e-01,-8.093835449218750311e-02,1.317704344449588116e-01,-1.034310300843956226e-01,-9.858694511048953224e-01,1.647604736328124986e+00,0.000000000000000000e+00,0.000000000000000000e+00,0.000000000000000000e+00,1.000000000000000000e+00
9.791899422440087930e-01,1.683059027644171202e-01,1.134027341064993283e-01,3.790850830078124761e-02,1.541500551228562610e-01,-9.802587383011066580e-01,1.238166648312858664e-01,-8.093841552734375167e-02,1.320030966068417300e-01,-1.037589951713931147e-01,-9.858038615298826413e-01,1.647634155273437484e+00,0.000000000000000000e+00,0.000000000000000000e+00,0.000000000000000000e+00,1.000000000000000000e+00
9.791477914522545012e-01,1.683621584647626568e-01,1.136828311191208363e-01,3.791405868530273171e-02,1.541429144524803507e-01,-9.802278760319543816e-01,1.240696295391379711e-01,-8.094353485107422252e-02,1.323237107183279360e-01,-1.039591008376359316e-01,-9.857397937258912668e-01,1.647597045898437473e+00,0.000000000000000000e+00,0.000000000000000000e+00,0.000000000000000000e+00,1.000000000000000000e+00
9.792458089709960012e-01,1.682358051075402428e-01,1.130237120809509527e-01,3.790980529785156067e-02,1.541931656548070351e-01,-9.803212055796129976e-01,1.232671957833216120e-01,-8.095574951171875810e-02,1.315374976122367923e-01,-1.032814008946056211e-01,-9.859162433752469701e-01,1.647628051757812573e+00,0.000000000000000000e+00,0.000000000000000000e+00,0.000000000000000000e+00,1.000000000000000000e+00
