T00,T01,T02,T03,T10,T11,T12,T13,T20,T21,T22,T23,T30,T31,T32,T33
9.631130273910291084e-01,1.086563908297429049e-01,2.461850629131288881e-01,-1.096189346313476559e-01,1.115046074022809086e-01,-9.937610568986419146e-01,2.384181150362457702e-03,-1.444850006103515772e-01,2.449081848320922850e-01,2.515453286286004758e-02,-9.692199082141788047e-01,1.933331298828125044e+00,0.000000000000000000e+00,0.000000000000000000e+00,0.000000000000000000e+00,1.000000000000000000e+00
9.630736910693259434e-01,1.088175465479423315e-01,2.462677549607155958e-01,-1.096221084594726641e-01,1.115271322283687555e-01,-9.937569761472601071e-01,2.961610300184623623e-03,-1.444682922363281219e-01,2.450525746590323239e-01,2.461328750777950700e-02,-9.691973079466528196e-01,1.933311645507812537e+00,0.000000000000000000e+00,0.000000000000000000e+00,0.000000000000000000e+00,1.000000000000000000e+00
9.631724753033276132e-01,1.087790735843898876e-01,2.458981414492233120e-01,-1.096232528686523489e-01,1.115532942653798959e-01,-9.937548864240765001e-01,2.662376159033945019e-03,-1.444528656005859280e-01,2.446520904398773177e-01,2.486642029710993407e-02,-9.692920178073299864e-01,1.933247558593750082e+00,0.000000000000000000e+00,0.000000000000000000e+00,0.000000000000000000e+00,1.000000000000000000e+00
9.631748796024772741e-01,1.088506022944289164e-01,2.458570675878439804e-01,-1.096263046264648461e-01,1.114915368244208116e-01,-9.937602468093302832e-01,3.195164782556391553e-03,-1.444592285156250100e-01,2.446707757769252534e-01,2.433347984976539508e-02,-9.693008270083744993e-01,1.933307128906250005e+00,0.000000000000000000e+00,0.000000000000000000e+00,0.000000000000000000e+00,1.000000000000000000e+00
9.629614559427029929e-01,1.087332090332393947e-01,2.467434368368157660e-01,-1.096202850341796847e-01,1.114340112718521375e-01,-9.937672013991197817e-01,3.034889656354856566e-03,-1.444691619873046950e-01,2.455355279803200785e-01,2.457312915962033689e-02,-9.690760887684363167e-01,1.933337036132812603e+00,0.000000000000000000e+00,0.000000000000000000e+00,0.000000000000000000e+00,1.000000000000000000e+00
9.633756319850891314e-01,1.089063677121468038e-01,2.450444750837630914e-01,-1.096197052001953165e-01,1.115580559793595411e-01,-9.937531579516131197e-01,3.075907557533702485e-03,-1.444792938232421775e-01,2.438487068725942453e-01,2.437343088166047181e-02,-9.695069592445538786e-01,1.933269653320312642e+00,0.000000000000000000e+00,0.000000000000000000e+00,0.000000000000000000e+00,1.000000000000000000e+00
9.633810277198511240e-01,1.089586468580339002e-01,2.450000177638970988e-01,-1.096108856201171849e-01,1.115935145754403252e-01,-9.937489612374583725e-01,3.144764565669805681e-03,-1.444825897216796828e-01,2.438111624477940775e-01,2.431080653410663817e-02,-9.695179739187493873e-01,1.933296386718750037e+00,0.000000000000000000e+00,0.000000000000000000e+00,0.000000000000000000e+00,1.000000000000000000e+00
9.630044545869137496e-01,1.086905437378551664e-01,2.465943757422911498e-01,-1.096139678955078134e-01,1.115524039177901161e-01,-9.937557077005884087e-01,2.377938742918717444e-03,-1.444709320068359448e-01,2.453130278357084637e-01,2.521822980449383439e-02,-9.691158647239269675e-01,1.933283203125000016e+00,0.000000000000000000e+00,0.000000000000000000e+00,0.000000000000000000e+00,1.000000000000000000e+00
9.630699910237140449e-01,1.089030681352285562e-01,2.462444195110168876e-01,-1.096131820678711011e-01,1.115124516272775895e-01,-9.937573352228431522e-01,3.366277301178789358e-03,-1.444756011962890774e-01,2.450737960730562937e-01,2.421735826897972177e-02,-9.692019160303050329e-01,1.933266357421875137e+00,0.000000000000000000e+00,0.000000000000000000e+00,0.000000000000000000e+00,1.000000000000000000e+00
9.631656862221035231e-01,1.092230370526831723e-01,2.457278760362636705e-01,-1.096097793579101642e-01,1.114686126863653065e-01,-9.937563852078895588e-01,4.795335684417921171e-03,-1.444539184570312607e-01,2.447174069617489289e-01,2.277224265498172667e-02,-9.693269911100076408e-01,1.933247680664062607e+00,0.000000000000000000e+00,0.000000000000000000e+00,0.000000000000000000e+00,1.000000000000000000e+00
9.632840009623195865e-01,1.090557947537913741e-01,2.453380670027479615e-01,-1.096050643920898487e-01,1.115310324786002172e-01,-9.937535885401760360e-01,3.825448703099688236e-03,-1.444613800048828167e-01,2.442227718380973189e-01,2.367781438692249593e-02,-9.694300381263081245e-01,1.933239990234375094e+00,0.000000000000000000e+00,0.000000000000000000e+00,0.000000000000000000e+00,1.000000000000000000e+00
9.631734702491320244e-01,1.087258175977679903e-01,2.459177968263818181e-01,-1.096134262084960953e-01,1.114588234955195128e-01,-9.937650489873776083e-01,2.821006222918276754e-03,-1.444857482910156254e-01,2.446912276180724932e-01,2.469258995755612557e-02,-9.692865825585067485e-01,1.933317382812500096e+00,0.000000000000000000e+00,0.000000000000000000e+00,0.000000000000000000e+00,1.000000000000000000e+00
9.630019824770023051e-01,1.086867702233353661e-01,2.466056928048979136e-01,-1.096115417480468812e-01,1.114659303846453897e-01,-9.937645735032211158e-01,2.705330561473481138e-03,-1.444497375488281166e-01,2.453620347748386998e-01,2.488289429269340686e-02,-9.691121263624605797e-01,1.933240722656250021e+00,0.000000000000000000e+00,0.000000000000000000e+00,0.000000000000000000e+00,1.000000000000000000e+00
9.631583466839316321e-01,1.085985884210245167e-01,2.460332209398483905e-01,-1.096207046508789057e-01,1.115160725044241352e-01,-9.937604400192715515e-01,2.086486494553459192e-03,-1.444726867675781290e-01,2.447246713886103986e-01,2.542704162235267379e-02,-9.692591504690951654e-01,1.933301025390625094e+00,0.000000000000000000e+00,0.000000000000000000e+00,0.000000000000000000e+00,1.000000000000000000e+00
9.632125170219092425e-01,1.085310148164291555e-01,2.458509017173508837e-01,-1.096199264526367262e-01,1.115476095745478180e-01,-9.937576951833848593e-01,1.665551563775624633e-03,-1.444544067382812491e-01,2.444969894508370600e-01,2.581980028434348318e-02,-9.693062261549516556e-01,1.933292236328125080e+00,0.000000000000000000e+00,0.000000000000000000e+00,0.000000000000000000e+00,1.000000000000000000e+00
9.631307070309685914e-01,1.086730267827253071e-01,2.461085419564054133e-01,-1.096229400634765594e-01,1.114118538481184140e-01,-9.937703437566308695e-01,2.811172700766266866e-03,-1.444596862792968672e-01,2.448808689876614264e-01,2.471188215634538554e-02,-9.692381971858822221e-01,1.933337890625000055e+00,0.000000000000000000e+00,0.000000000000000000e+00,0.000000000000000000e+00,1.000000000000000000e+00
9.631694595913432577e-01,1.088232856704410417e-01,2.458903914479159125e-01,-1.096189117431640714e-01,1.115146954095655035e-01,-9.937582711477620512e-01,2.995201683218479474e-03,-1.444827880859375080e-01,2.446815579855408096e-01,2.453550531986054689e-02,-9.692930125408248943e-01,1.933316528320312644e+00,0.000000000000000000e+00,0.000000000000000000e+00,0.000000000000000000e+00,1.000000000000000000e+00
9.632545062628403709e-01,1.087063436232615643e-01,2.456088089226309001e-01,-1.096210098266601624e-01,1.115095269166761771e-01,-9.937602001549663555e-01,2.507986200263573329e-03,-1.444551086425781283e-01,2.443488931244647555e-01,2.497189308048197720e-02,-9.693657838942049132e-01,1.933296264648437512e+00,0.000000000000000000e+00,0.000000000000000000e+00,0.000000000000000000e+00,1.000000000000000000e+00
9.632730967613000184e-01,1.085674223581272607e-01,2.455973449742640535e-01,-1.096183929443359378e-01,1.115299714323458452e-01,-9.937593356088904040e-01,1.856976703453486199e-03,-1.444683380126953187e-01,2.442662615430051254e-01,2.560268916909042708e-02,-9.693701541615130646e-01,1.933278564453124959e+00,0.000000000000000000e+00,0.000000000000000000e+00,0.000000000000000000e+00,1.000000000000000000e+00
9.632286855755678445e-01,1.088812862156904732e-01,2.456325808934575194e-01,-1.096143188476562530e-01,1.114867108010895308e-01,-9.937603897435984823e-01,3.316789321874694108e-03,-1.444519195556640545e-01,2.444610656098804569e-01,2.418994189055368241e-02,-9.693573304577696170e-01,1.933295776367187635e+00,0.000000000000000000e+00,0.000000000000000000e+00,0.000000000000000000e+00,1.000000000000000000e+00
9.630862032947412610e-01,1.089939100905064906e-01,2.461407982974445907e-01,-1.096127090454101644e-01,1.114849531875706234e-01,-9.937587209899202412e-01,3.835318662540262991e-03,-1.444622039794921931e-01,2.450225912769798120e-01,2.374725288661050718e-02,-9.692264945533904941e-01,1.933311523437500012e+00,0.000000000000000000e+00,0.000000000000000000e+00,0.000000000000000000e+00,1.000000000000000000e+00
9.631678520950711642e-01,1.087523262056188794e-01,2.459280793960591238e-01,-1.096201324462890703e-01,1.113780575487639396e-01,-9.937727928895697671e-01,3.250293698849797061e-03,-1.444641265869140712e-01,2.447501113119908978e-01,2.426041337923195290e-02,-9.692826292446580227e-01,1.933310791015625085e+00,0.000000000000000000e+00,0.000000000000000000e+00,0.000000000000000000e+00,1.000000000000000000e+00
9.630994864195443483e-01,1.085662625196014558e-01,2.462777819880122565e-01,-1.096197586059570322e-01,1.114691571545046583e-01,-9.937655326933023670e-01,2.166341169239893380e-03,-1.444700469970703061e-01,2.449775627719286697e-01,2.536597471658012110e-02,-9.691968639368389038e-01,1.933320922851562651e+00,0.000000000000000000e+00,0.000000000000000000e+00,0.000000000000000000e+00,1.000000000000000000e+00
9.630353968953946353e-01,1.087937265791403402e-01,2.464279801149891203e-01,-1.096201858520507860e-01,1.114985481345549673e-01,-9.937600864917917054e-01,2.994037360064196948e-03,-1.444807281494140672e-01,2.452160233149875967e-01,2.459299804518320226e-02,-9.691564818731459585e-01,1.933311279296874963e+00,0.000000000000000000e+00,0.000000000000000000e+00,0.000000000000000000e+00,1.000000000000000000e+00
9.631629983998216682e-01,1.088663111883386297e-01,2.458966547184186502e-01,-1.096170043945312589e-01,1.114913290894859604e-01,-9.937600455974709979e-01,3.264247535455330751e-03,-1.444665374755859377e-01,2.447176373932318794e-01,2.427134240944652313e-02,-9.692905549350608885e-01,1.933283569335937591e+00,0.000000000000000000e+00,0.000000000000000000e+00,0.000000000000000000e+00,1.000000000000000000e+00
9.632084157984935890e-01,1.087603119890220571e-01,2.457656246731978189e-01,-1.096176757812500069e-01,1.115453385402289110e-01,-9.937559360232480765e-01,2.603280335243535540e-03,-1.444732666015625111e-01,2.445141819709079345e-01,2.490650827813338519e-02,-9.693257866478582896e-01,1.933280883789062488e+00,0.000000000000000000e+00,0.000000000000000000e+00,0.000000000000000000e+00,1.000000000000000000e+00
9.630326551855292738e-01,1.087121443666843462e-01,2.464746938602555559e-01,-1.096219406127929702e-01,1.114663563527498874e-01,-9.937642820406524802e-01,2.793410401000787774e-03,-1.444845123291015609e-01,2.452414248200154301e-01,2.478349062226351679e-02,-9.691452017859991663e-01,1.933329223632812566e+00,0.000000000000000000e+00,0.000000000000000000e+00,0.000000000000000000e+00,1.000000000000000000e+00
9.631656782998502253e-01,1.083698784732311238e-01,2.461053546448900287e-01,-1.096209945678710967e-01,1.114745066788487005e-01,-9.937664114330474474e-01,1.324336887241449323e-03,-1.444576721191406232e-01,2.447147533474377523e-01,2.615891716376479367e-02,-9.692421784811690033e-01,1.933279174804687583e+00,0.000000000000000000e+00,0.000000000000000000e+00,0.000000000000000000e+00,1.000000000000000000e+00
9.632131450078486035e-01,1.086871550763562205e-01,2.457794531800767679e-01,-1.096196746826171853e-01,1.114841748396977333e-01,-9.937629428039137514e-01,2.547993331469204648e-03,-1.444664611816406374e-01,2.445234468193207000e-01,2.494625886006950066e-02,-9.693224273297741389e-01,1.933304687499999952e+00,0.000000000000000000e+00,0.000000000000000000e+00,0.000000000000000000e+00,1.000000000000000000e+00
9.633040734690581086e-01,1.085259375436123802e-01,2.454941606600851978e-01,-1.096190109252929701e-01,1.115014847428795614e-01,-9.937626569615529704e-01,1.789002193530732712e-03,-1.444629821777343726e-01,2.441570825064331152e-01,2.564961030883327470e-02,-9.693964186817238815e-01,1.933319580078125099e+00,0.000000000000000000e+00,0.000000000000000000e+00,0.000000000000000000e+00,1.000000000000000000e+00
9.631190991369960042e-01,1.088751049101637641e-01,2.460646508711530067e-01,-1.096122665405273450e-01,1.114450770019337761e-01,-9.937644298428127687e-01,3.500398723345057514e-03,-1.444685974121093786e-01,2.449114037556737455e-01,2.405139309874121389e-02,-9.692470968749069549e-01,1.933276733398437530e+00,0.000000000000000000e+00,0.000000000000000000e+00,0.000000000000000000e+00,1.000000000000000000e+00
9.631214167458609365e-01,1.087422360786029496e-01,2.461143285102909140e-01,-1.096239624023437470e-01,1.114736126388625181e-01,-9.937633074881960793e-01,2.849978133576302336e-03,-1.444800720214843848e-01,2.448893021156433591e-01,2.469037834352518987e-02,-9.692366145201939398e-01,1.933323364257812482e+00,0.000000000000000000e+00,0.000000000000000000e+00,0.000000000000000000e+00,1.000000000000000000e+00
9.630151559328015143e-01,1.087885066294380365e-01,2.465093715643662808e-01,-1.096272888183593835e-01,1.114306799189983266e-01,-9.937668970225992382e-01,3.249300673170051057e-03,-1.444704895019531254e-01,2.453263398343354107e-01,2.433958108537690943e-02,-9.691349605581653925e-01,1.933314208984375115e+00,0.000000000000000000e+00,0.000000000000000000e+00,0.000000000000000000e+00,1.000000000000000000e+00
9.630533147262585469e-01,1.087204988757037583e-01,2.463902719649956607e-01,-1.096189041137695386e-01,1.114535225301493682e-01,-9.937655049080160730e-01,2.869419895715182370e-03,-1.444559783935547015e-01,2.451661177862632657e-01,2.469765938575028963e-02,-9.691664461332107905e-01,1.933316528320312644e+00,0.000000000000000000e+00,0.000000000000000000e+00,0.000000000000000000e+00,1.000000000000000000e+00
9.631249946445007426e-01,1.088024672338232246e-01,2.460737040296327172e-01,-1.096179428100585995e-01,1.114698272693275538e-01,-9.937629625903851016e-01,3.106733353113028812e-03,-1.444671783447265545e-01,2.448769533859336545e-01,2.443762073962791118e-02,-9.692461402517987823e-01,1.933306152343750028e+00,0.000000000000000000e+00,0.000000000000000000e+00,0.000000000000000000e+00,1.000000000000000000e+00
9.631078923613359821e-01,1.087022699040415402e-01,2.461848983772454147e-01,-1.096221466064453143e-01,1.114265485457648780e-01,-9.937684980706796845e-01,2.880368296664102476e-03,-1.444724731445312660e-01,2.449638992800450554e-01,2.465742809084175285e-02,-9.692186024264398680e-01,1.933349731445312525e+00,0.000000000000000000e+00,0.000000000000000000e+00,0.000000000000000000e+00,1.000000000000000000e+00
9.632175394019947268e-01,1.090183240496001849e-01,2.456155060450848360e-01,-1.096223831176757896e-01,1.114630552827867438e-01,-9.937606507712682946e-01,3.969418810351375143e-03,-1.444781341552734411e-01,2.445157645130333346e-01,2.355364090925028686e-02,-9.693592042708033540e-01,1.933327392578125137e+00,0.000000000000000000e+00,0.000000000000000000e+00,0.000000000000000000e+00,1.000000000000000000e+00
9.632402483380597680e-01,1.087782931825219818e-01,2.456328701821694216e-01,-1.096210632324218781e-01,1.114733641521147428e-01,-9.937630483082511290e-01,2.948372721177825243e-03,-1.444684753417968814e-01,2.444215887892131900e-01,2.454153111340560273e-02,-9.693584477294077129e-01,1.933298339843749991e+00,0.000000000000000000e+00,0.000000000000000000e+00,0.000000000000000000e+00,1.000000000000000000e+00
9.630589515650798127e-01,1.086280685043223143e-01,2.464090066198669493e-01,-1.096260147094726550e-01,1.114789337019013310e-01,-9.937639139949101530e-01,2.393863447233510189e-03,-1.444832305908203274e-01,2.451324196246927600e-01,2.516398169084484160e-02,-9.691629743621070769e-01,1.933331298828125044e+00,0.000000000000000000e+00,0.000000000000000000e+00,0.000000000000000000e+00,1.000000000000000000e+00
9.631702877211497649e-01,1.088109066555622284e-01,2.458926258429732781e-01,-1.096201400756835892e-01,1.115257673491505397e-01,-9.937573081810754383e-01,2.900974644217175005e-03,-1.444871063232421871e-01,2.446732516405115132e-01,2.462923119989274268e-02,-9.692927323064800538e-01,1.933314819335937518e+00,0.000000000000000000e+00,0.000000000000000000e+00,0.000000000000000000e+00,1.000000000000000000e+00
9.631247975502312819e-01,1.088756093063574237e-01,2.460421224953068531e-01,-1.096178817749023510e-01,1.114749536429644194e-01,-9.937614891452191124e-01,3.381922851820555811e-03,-1.444582214355468741e-01,2.448753949545055819e-01,2.417032043739072988e-02,-9.692532365464812116e-01,1.933327392578125137e+00,0.000000000000000000e+00,0.000000000000000000e+00,0.000000000000000000e+00,1.000000000000000000e+00
9.632023970744578723e-01,1.084437508169525111e-01,2.459290450084520019e-01,-1.096307296752929705e-01,1.114762569031882700e-01,-9.937658094589547630e-01,1.600030388120477279e-03,-1.444657135009765614e-01,2.445693897790009175e-01,2.587409629608832667e-02,-9.692865132271200057e-01,1.933353149414062555e+00,0.000000000000000000e+00,0.000000000000000000e+00,0.000000000000000000e+00,1.000000000000000000e+00
9.631344680042303041e-01,1.087534049309601403e-01,2.460583131254270306e-01,-1.096226882934570324e-01,1.115154614267784283e-01,-9.937589653241060139e-01,2.724096315316381148e-03,-1.444474487304687471e-01,2.448189094105697738e-01,2.481563527063219976e-02,-9.692511985244766093e-01,1.933331054687499995e+00,0.000000000000000000e+00,0.000000000000000000e+00,0.000000000000000000e+00,1.000000000000000000e+00
9.629937404127622003e-01,1.085268921913881413e-01,2.467082681977171565e-01,-1.096202545166015674e-01,1.114620378579845306e-01,-9.937665157495383372e-01,2.079973934480805822e-03,-1.444623565673828214e-01,2.453961492003962908e-01,2.549560445060502362e-02,-9.690875626646517915e-01,1.933303588867187450e+00,0.000000000000000000e+00,0.000000000000000000e+00,0.000000000000000000e+00,1.000000000000000000e+00
9.631982685027425939e-01,1.088384906971864574e-01,2.457707844640562023e-01,-1.096229476928710922e-01,1.115092361742281435e-01,-9.937586658627320935e-01,3.066638316319867871e-03,-1.444661254882812496e-01,2.445706151628999625e-01,2.445193173312430052e-02,-9.693231232325779656e-01,1.933322021484374931e+00,0.000000000000000000e+00,0.000000000000000000e+00,0.000000000000000000e+00,1.000000000000000000e+00
9.630643288695728277e-01,1.084188727339493730e-01,2.464801137903396833e-01,-1.096221542358398471e-01,1.114861320163117731e-01,-9.937648279416688712e-01,1.519576949918093750e-03,-1.444910583496093748e-01,2.451080186918425108e-01,2.601566414998681548e-02,-9.691466578345067084e-01,1.933332519531250071e+00,0.000000000000000000e+00,0.000000000000000000e+00,0.000000000000000000e+00,1.000000000000000000e+00
9.631253869642907306e-01,1.087111795711154932e-01,2.461125117119042360e-01,-1.096282424926757898e-01,1.115428841380363828e-01,-9.937566043039661734e-01,2.448754871172773712e-03,-1.445110015869140729e-01,2.448421409460677656e-01,2.509364139592308585e-02,-9.692381725759869893e-01,1.933340698242187461e+00,0.000000000000000000e+00,0.000000000000000000e+00,0.000000000000000000e+00,1.000000000000000000e+00
9.632263293948130078e-01,1.085297890123273629e-01,2.457973215019543523e-01,-1.096264724731445400e-01,1.115130883574947801e-01,-9.937613502982710623e-01,1.791585423782810979e-03,-1.444966888427734464e-01,2.444583185035210937e-01,2.568391617913541591e-02,-9.693195896937886191e-01,1.933364135742187573e+00,0.000000000000000000e+00,0.000000000000000000e+00,0.000000000000000000e+00,1.000000000000000000e+00
9.631454398550244322e-01,1.087070325375858876e-01,2.460358566618773279e-01,-1.096195678710937538e-01,1.115295881950618545e-01,-9.937580282065084925e-01,2.476354609510650340e-03,-1.444764099121093881e-01,2.447693049455170744e-01,2.505518812510429405e-02,-9.692575637592434346e-01,1.933318359375000073e+00,0.000000000000000000e+00,0.000000000000000000e+00,0.000000000000000000e+00,1.000000000000000000e+00
9.630087406646832271e-01,1.086170877338855228e-01,2.466100031540286175e-01,-1.096187362670898446e-01,1.114293356719840561e-01,-9.937690462333750308e-01,2.566300860777888729e-03,-1.444786376953124951e-01,2.453521317517353417e-01,2.500821866141489380e-02,-9.691114076535585209e-01,1.933303710937499975e+00,0.000000000000000000e+00,0.000000000000000000e+00,0.000000000000000000e+00,1.000000000000000000e+00
9.629962781510458258e-01,1.084852877114373115e-01,2.467166605995640416e-01,-1.096234054565429772e-01,1.115342667683288658e-01,-9.937592582091144822e-01,1.626056617087789577e-03,-1.445025024414062498e-01,2.453533688451924322e-01,2.595147536918460812e-02,-9.690862940535677206e-01,1.933329223632812566e+00,0.000000000000000000e+00,0.000000000000000000e+00,0.000000000000000000e+00,1.000000000000000000e+00
9.631111771329274873e-01,1.084881503246647588e-01,2.462664851756330431e-01,-1.096282501220703087e-01,1.114670405291937477e-01,-9.937664007858855175e-01,1.854600962607344181e-03,-1.444861755371093792e-01,2.449325608352030392e-01,2.566440936784575300e-02,-9.692003811052232187e-01,1.933346801757812594e+00,0.000000000000000000e+00,0.000000000000000000e+00,0.000000000000000000e+00,1.000000000000000000e+00
9.631191080502912172e-01,1.087232612185968783e-01,2.461317455721719616e-01,-1.096210403442382797e-01,1.115359881208518034e-01,-9.937571813388526021e-01,2.527427815749010501e-03,-1.444915924072265601e-01,2.448699799124360588e-01,2.501833342673660809e-02,-9.692330864813849534e-01,1.933337280273437431e+00,0.000000000000000000e+00,0.000000000000000000e+00,0.000000000000000000e+00,1.000000000000000000e+00
9.630296867436910491e-01,1.085900727658652559e-01,2.465400952118189937e-01,-1.096276016235351591e-01,1.114154819678900427e-01,-9.937707596207866478e-01,2.503537614624559704e-03,-1.444702148437500000e-01,2.452761970273745484e-01,2.505740248767137149e-02,-9.691293586267829552e-01,1.933350708007812502e+00,0.000000000000000000e+00,0.000000000000000000e+00,0.000000000000000000e+00,1.000000000000000000e+00
9.632039068918335500e-01,1.085965921511691801e-01,2.458556770169461614e-01,-1.096338653564453147e-01,1.115237116883345814e-01,-9.937597017754812301e-01,2.029004279054091517e-03,-1.444838867187500098e-01,2.445418072223348172e-01,2.546439279189306043e-02,-9.693043222952092419e-01,1.933354858398437459e+00,0.000000000000000000e+00,0.000000000000000000e+00,0.000000000000000000e+00,1.000000000000000000e+00
9.631494222773758773e-01,1.085558684167096805e-01,2.460870045310220855e-01,-1.096288757324218738e-01,1.114674517749357358e-01,-9.937658446960505598e-01,2.110239405261796208e-03,-1.444797515869140625e-01,2.447819387976973571e-01,2.539821544595524672e-02,-9.692454452256152875e-01,1.933343872070312441e+00,0.000000000000000000e+00,0.000000000000000000e+00,0.000000000000000000e+00,1.000000000000000000e+00
9.631446354946472388e-01,1.086890833560518466e-01,2.460469351101628455e-01,-1.096266250610351545e-01,1.114655287604608691e-01,-9.937647467011808677e-01,2.657839741045352200e-03,-1.444863891601562422e-01,2.448016483115142972e-01,2.486586763335278671e-02,-9.692542708757111436e-01,1.933334228515624975e+00,0.000000000000000000e+00,0.000000000000000000e+00,0.000000000000000000e+00,1.000000000000000000e+00
9.630963877150654495e-01,1.087000067796394798e-01,2.462309007746572576e-01,-1.096234970092773431e-01,1.114622045397063999e-01,-9.937649105920142167e-01,2.734855607692572924e-03,-1.444840087890625069e-01,2.449929079164158696e-01,2.481150946944998825e-02,-9.692073380182933962e-01,1.933314208984375115e+00,0.000000000000000000e+00,0.000000000000000000e+00,0.000000000000000000e+00,1.000000000000000000e+00
9.632136540970462901e-01,1.085146280051752093e-01,2.458536802041290659e-01,-1.096271896362304710e-01,1.115758566498175758e-01,-9.937548075479295528e-01,1.486838335857070328e-03,-1.444603576660156152e-01,2.444796203651238287e-01,2.599919199275353004e-02,-9.693058120334619998e-01,1.933359008789062639e+00,0.000000000000000000e+00,0.000000000000000000e+00,0.000000000000000000e+00,1.000000000000000000e+00
9.631573583115253800e-01,1.087810027036680699e-01,2.459564932689285999e-01,-1.096274871826171948e-01,1.115070654326135585e-01,-9.937595271206280945e-01,2.859478202876564873e-03,-1.444692993164062578e-01,2.447326653492966075e-01,2.467175931648261933e-02,-9.692766513247179638e-01,1.933325439453124961e+00,0.000000000000000000e+00,0.000000000000000000e+00,0.000000000000000000e+00,1.000000000000000000e+00
9.632705660444921270e-01,1.087601404179276560e-01,2.455219917819922715e-01,-1.096270065307617253e-01,1.114871609154890336e-01,-9.937619076226035242e-01,2.807829996254038868e-03,-1.444846191406249925e-01,2.442957829012360749e-01,2.466784981624201706e-02,-9.693869545450443104e-01,1.933318847656249950e+00,0.000000000000000000e+00,0.000000000000000000e+00,0.000000000000000000e+00,1.000000000000000000e+00
9.632025379712760849e-01,1.087169715219995642e-01,2.458078333755398248e-01,-1.096263198852539117e-01,1.115542715359014586e-01,-9.937554569187900810e-01,2.395067059783935470e-03,-1.444965820312500149e-01,2.445332602076592254e-01,2.511397911943130321e-02,-9.693156207887099196e-01,1.933307250976562530e+00,0.000000000000000000e+00,0.000000000000000000e+00,0.000000000000000000e+00,1.000000000000000000e+00
9.632221202474715582e-01,1.087753024499481941e-01,2.457052719069894031e-01,-1.096230468750000048e-01,1.115475194806456322e-01,-9.937555687587387165e-01,2.649614823099572664e-03,-1.444807891845703018e-01,2.444591948847093243e-01,2.485564599679713355e-02,-9.693409611165730855e-01,1.933318359375000073e+00,0.000000000000000000e+00,0.000000000000000000e+00,0.000000000000000000e+00,1.000000000000000000e+00
9.631276215473856261e-01,1.086796807374700857e-01,2.461176783721103489e-01,-1.096230621337890704e-01,1.115523962269015512e-01,-9.937559312374952825e-01,2.282986275701431172e-03,-1.444684143066406190e-01,2.448290168842581216e-01,2.525620963446912823e-02,-9.692372652588154835e-01,1.933311035156250135e+00,0.000000000000000000e+00,0.000000000000000000e+00,0.000000000000000000e+00,1.000000000000000000e+00
9.629630361679734074e-01,1.086787074768203465e-01,2.467612804216378630e-01,-1.096236343383789058e-01,1.114776325983637684e-01,-9.937634297057030830e-01,2.642576360826882909e-03,-1.444586029052734311e-01,2.455095281336809876e-01,2.496366000261758880e-02,-9.690726945254680702e-01,1.933306884765624956e+00,0.000000000000000000e+00,0.000000000000000000e+00,0.000000000000000000e+00,1.000000000000000000e+00
9.632912013788508254e-01,1.087001775089211225e-01,2.454675798463408498e-01,-1.096267547607421844e-01,1.114715725535318641e-01,-9.937641732158897234e-01,2.618500521716034257e-03,-1.444384155273437664e-01,2.442215180088219972e-01,2.484027862300626846e-02,-9.694012640281621795e-01,1.933304565429687649e+00,0.000000000000000000e+00,0.000000000000000000e+00,0.000000000000000000e+00,1.000000000000000000e+00
9.631224172692354202e-01,1.088331920467968256e-01,2.460702047432193063e-01,-1.096242065429687551e-01,1.114780547663232341e-01,-9.937617460255974144e-01,3.199287682033964339e-03,-1.444511566162109406e-01,2.448833450012096458e-01,2.435012207486473429e-02,-9.692467275652560943e-01,1.933324584960937509e+00,0.000000000000000000e+00,0.000000000000000000e+00,0.000000000000000000e+00,1.000000000000000000e+00
9.632614780071840910e-01,1.087124504996809515e-01,2.455787614875722391e-01,-1.096202697753906330e-01,1.115080248903732030e-01,-9.937602981769732002e-01,2.535774489526118614e-03,-1.445062255859375089e-01,2.443220935004924432e-01,2.494138876582938438e-02,-9.693733242430228048e-01,1.933309936523437633e+00,0.000000000000000000e+00,0.000000000000000000e+00,0.000000000000000000e+00,1.000000000000000000e+00
9.631899914895230008e-01,1.087944662679490720e-01,2.458227092924595014e-01,-1.096204376220703131e-01,1.115022519786165872e-01,-9.937598921598984614e-01,2.919681154561464681e-03,-1.444753265380859519e-01,2.446063942298117022e-01,2.459757800717984888e-02,-9.693104100638096909e-01,1.933296508789062562e+00,0.000000000000000000e+00,0.000000000000000000e+00,0.000000000000000000e+00,1.000000000000000000e+00
9.631016397711122945e-01,1.087451214779592557e-01,2.461904344708349679e-01,-1.096190795898437514e-01,1.114710874215198710e-01,-9.937635051650195450e-01,2.879665119084121039e-03,-1.444848022460937520e-01,2.449682186310266629e-01,2.466970524505881363e-02,-9.692171983120518863e-01,1.933288940429687575e+00,0.000000000000000000e+00,0.000000000000000000e+00,0.000000000000000000e+00,1.000000000000000000e+00
9.630745034775481939e-01,1.087787203387464707e-01,2.462817304489698655e-01,-1.096186141967773475e-01,1.114660143241574808e-01,-9.937635772974179327e-01,3.046323640982883177e-03,-1.444640808105468743e-01,2.450771886613704875e-01,2.451820626603164882e-02,-9.691934941792251790e-01,1.933292846679687482e+00,0.000000000000000000e+00,0.000000000000000000e+00,0.000000000000000000e+00,1.000000000000000000e+00
9.633292570258672471e-01,1.088469479565992437e-01,2.452531028927538437e-01,-1.096175994873046927e-01,1.115104257705229196e-01,-9.937586046636229797e-01,3.043123639558727167e-03,-1.444635314941406234e-01,2.440536160405475663e-01,2.441674789037889121e-02,-9.694543078041329975e-01,1.933280151367187560e+00,0.000000000000000000e+00,0.000000000000000000e+00,0.000000000000000000e+00,1.000000000000000000e+00
9.631162600744295199e-01,1.087132455515633783e-01,2.461473132534441610e-01,-1.096103439331054669e-01,1.115178899119256967e-01,-9.937591296021891507e-01,2.559797236283843994e-03,-1.444783630371093697e-01,2.448894236381704281e-01,2.498444664075531729e-02,-9.692290480666682084e-01,1.933282348632812564e+00,0.000000000000000000e+00,0.000000000000000000e+00,0.000000000000000000e+00,1.000000000000000000e+00
9.630706348550425178e-01,1.087773456459494442e-01,2.462974651800684256e-01,-1.096099166870117270e-01,1.115294113164966711e-01,-9.937572124147276975e-01,2.791627680381145171e-03,-1.444613342285156199e-01,2.450635482712618385e-01,2.478087665785478830e-02,-9.691902627764928946e-01,1.933259521484375076e+00,0.000000000000000000e+00,0.000000000000000000e+00,0.000000000000000000e+00,1.000000000000000000e+00
9.632044324334224639e-01,1.083933180367710053e-01,2.459433063646749851e-01,-1.096152725219726592e-01,1.115472988382455316e-01,-9.937585016484787870e-01,1.113787799326283745e-03,-1.444814758300781155e-01,2.445289787785899782e-01,2.636150614722522489e-02,-9.692835753953278344e-01,1.933289306640625149e+00,0.000000000000000000e+00,0.000000000000000000e+00,0.000000000000000000e+00,1.000000000000000000e+00
9.630390237033713552e-01,1.087688674558573154e-01,2.464247802004248811e-01,-1.096167984008789148e-01,1.114585901908513865e-01,-9.937643979696103580e-01,3.050246017236475649e-03,-1.444645080566406281e-01,2.452199451454253609e-01,2.452865264273526927e-02,-9.691571202351075831e-01,1.933278564453124959e+00,0.000000000000000000e+00,0.000000000000000000e+00,0.000000000000000000e+00,1.000000000000000000e+00
9.632056617856969982e-01,1.087630181724953404e-01,2.457752204393018614e-01,-1.096219558715820358e-01,1.115563119263064951e-01,-9.937547860631927854e-01,2.571856508218173243e-03,-1.444892425537109282e-01,2.445200244834328240e-01,2.494055040506735696e-02,-9.693234375439985229e-01,1.933343139648437514e+00,0.000000000000000000e+00,0.000000000000000000e+00,0.000000000000000000e+00,1.000000000000000000e+00
9.631307814652509958e-01,1.089249440904146021e-01,2.459968584129377245e-01,-1.096159210205078088e-01,1.114627442262002138e-01,-9.937619938238364536e-01,3.627158783064354797e-03,-1.444788665771484515e-01,2.448574165584933571e-01,2.392605663649874717e-02,-9.692638388850207676e-01,1.933321289062500004e+00,0.000000000000000000e+00,0.000000000000000000e+00,0.000000000000000000e+00,1.000000000000000000e+00
9.631136893028453549e-01,1.087835128733636303e-01,2.461263269225639483e-01,-1.096292724609374963e-01,1.115278909294751264e-01,-9.937573454817145713e-01,2.804968085250134774e-03,-1.444786224365234295e-01,2.448949795775429983e-01,2.474844698293005713e-02,-9.692336990373620065e-01,1.933316162109375069e+00,0.000000000000000000e+00,0.000000000000000000e+00,0.000000000000000000e+00,1.000000000000000000e+00
9.632687902204444264e-01,1.085372765831709718e-01,2.456275582648448919e-01,-1.096296081542968842e-01,1.115537637849860764e-01,-9.937570428619357799e-01,1.642421293152548922e-03,-1.444888153076172022e-01,2.442723798808311142e-01,2.581858544167206157e-02,-9.693628861644878469e-01,1.933314575195312468e+00,0.000000000000000000e+00,0.000000000000000000e+00,0.000000000000000000e+00,1.000000000000000000e+00
9.632962073369374378e-01,1.087897503453456455e-01,2.454082458884987994e-01,-1.096231155395507861e-01,1.115000811659266206e-01,-9.937602921262510547e-01,2.865954141387572207e-03,-1.444651794433593761e-01,2.441887565598880871e-01,2.460227658055505126e-02,-9.694155864007912848e-01,1.933324584960937509e+00,0.000000000000000000e+00,0.000000000000000000e+00,0.000000000000000000e+00,1.000000000000000000e+00
9.631932109877981985e-01,1.085358476885424500e-01,2.459243950354350616e-01,-1.096311187744140603e-01,1.115066414019516700e-01,-9.937619560965632592e-01,1.855677339728977610e-03,-1.444755401611328149e-01,2.445917153753817685e-01,2.563482751379730917e-02,-9.692872372976270023e-01,1.933348266601562448e+00,0.000000000000000000e+00,0.000000000000000000e+00,0.000000000000000000e+00,1.000000000000000000e+00
9.632255921630801243e-01,1.087353241859829595e-01,2.457093565093784737e-01,-1.096202392578125018e-01,1.114930264903399443e-01,-9.937615413949751897e-01,2.702570685002471038e-03,-1.444622497558593899e-01,2.444703737594967063e-01,2.479169454580042870e-02,-9.693397795589737687e-01,1.933327758789062489e+00,0.000000000000000000e+00,0.000000000000000000e+00,0.000000000000000000e+00,1.000000000000000000e+00
9.631726491693667347e-01,1.088192682529196265e-01,2.458796753474411234e-01,-1.096242141723632879e-01,1.115009850173857564e-01,-9.937596980123836188e-01,3.031987217761041714e-03,-1.444836120605468843e-01,2.446752505510450260e-01,2.449549883621614937e-02,-9.692956165714091687e-01,1.933314941406250043e+00,0.000000000000000000e+00,0.000000000000000000e+00,0.000000000000000000e+00,1.000000000000000000e+00
9.633392349005478472e-01,1.088292227985195593e-01,2.452217746577513291e-01,-1.096207962036132855e-01,1.115486407202796737e-01,-9.937549870066402224e-01,2.815413449228967510e-03,-1.444794158935547024e-01,2.439967607462950328e-01,2.464195739997794565e-02,-9.694629207354001910e-01,1.933278198242187607e+00,0.000000000000000000e+00,0.000000000000000000e+00,0.000000000000000000e+00,1.000000000000000000e+00
9.631631944957110836e-01,1.086812762680528371e-01,2.459777245149736835e-01,-1.096009979248046967e-01,1.115316974383714493e-01,-9.937580826891601049e-01,2.356598497783333329e-03,-1.444637756347656177e-01,2.446984700306331639e-01,2.516452420991434000e-02,-9.692726167007690297e-01,1.933252197265625139e+00,0.000000000000000000e+00,0.000000000000000000e+00,0.000000000000000000e+00,1.000000000000000000e+00
9.632807611179126095e-01,1.085920035353763191e-01,2.455564131279574513e-01,-1.096072921752929696e-01,1.115106485208885168e-01,-9.937611658713689788e-01,2.029894684160071447e-03,-1.444577331542968857e-01,2.442448577279492383e-01,2.542679638001483361e-02,-9.693801769684087244e-01,1.933264282226562436e+00,0.000000000000000000e+00,0.000000000000000000e+00,0.000000000000000000e+00,1.000000000000000000e+00
9.630213809802552483e-01,1.087265628631323561e-01,2.465123816420820568e-01,-1.096176376342773429e-01,1.114432113853487255e-01,-9.937664325439905522e-01,2.947572715138145616e-03,-1.444624023437499905e-01,2.452962095324806580e-01,2.463355590977224854e-02,-9.691351595686938936e-01,1.933331054687499995e+00,0.000000000000000000e+00,0.000000000000000000e+00,0.000000000000000000e+00,1.000000000000000000e+00
9.630828754322907637e-01,1.085859625297975611e-01,2.463340491904198737e-01,-1.096210632324218781e-01,1.115051675602934250e-01,-9.937616133423253784e-01,2.110320973176862611e-03,-1.444791107177734457e-01,2.450264733787385907e-01,2.543510543985108563e-02,-9.691826880185397952e-01,1.933302001953125071e+00,0.000000000000000000e+00,0.000000000000000000e+00,0.000000000000000000e+00,1.000000000000000000e+00
9.630747005819242368e-01,1.086020502971651036e-01,2.463589165633937039e-01,-1.096256561279296965e-01,1.114879886349137428e-01,-9.937632420657451782e-01,2.246577201134022234e-03,-1.444824066162109510e-01,2.450664185260365557e-01,2.530243842461296980e-02,-9.691760609510484681e-01,1.933328613281249941e+00,0.000000000000000000e+00,0.000000000000000000e+00,0.000000000000000000e+00,1.000000000000000000e+00
9.633840002435019034e-01,1.088004345009885299e-01,2.450586328355409405e-01,-1.096331405639648510e-01,1.115704274420332986e-01,-9.937531446123957224e-01,2.593702638484442213e-03,-1.444807281494140672e-01,2.438099829687667974e-01,2.484256479051633049e-02,-9.695047906944032068e-01,1.933358032226562440e+00,0.000000000000000000e+00,0.000000000000000000e+00,0.000000000000000000e+00,1.000000000000000000e+00
9.632528998195697412e-01,1.087467656665380700e-01,2.455972148585107984e-01,-1.096244049072265664e-01,1.115293669109930219e-01,-9.937577542298372535e-01,2.593496578735225364e-03,-1.444830627441406334e-01,2.443461710476011184e-01,2.489310878813399269e-02,-9.693684964084809952e-01,1.933332641601562596e+00,0.000000000000000000e+00,0.000000000000000000e+00,0.000000000000000000e+00,1.000000000000000000e+00
9.631930600232641027e-01,1.086686549566006910e-01,2.458663306614879140e-01,-1.096250305175781314e-01,1.114933242593400542e-01,-9.937621744849598482e-01,2.445242017847893551e-03,-1.444592437744140756e-01,2.445983805519212628e-01,2.505721438722701908e-02,-9.693006593614439392e-01,1.933327636718749964e+00,0.000000000000000000e+00,0.000000000000000000e+00,0.000000000000000000e+00,1.000000000000000000e+00
9.633047036379883687e-01,1.088685765414209861e-01,2.453399294667954200e-01,-1.096249084472656204e-01,1.115685023332139703e-01,-9.937524846779016707e-01,2.910065913462121789e-03,-1.444713592529296986e-01,2.441239792319694069e-01,2.456892831081206735e-02,-9.694327467780358143e-01,1.933328369140625114e+00,0.000000000000000000e+00,0.000000000000000000e+00,0.000000000000000000e+00,1.000000000000000000e+00
9.633457131171389021e-01,1.089374257460585110e-01,2.451482700135839132e-01,-1.096345825195312457e-01,1.115849332615066886e-01,-9.937500432658173954e-01,3.107117347536955329e-03,-1.444914855957031286e-01,2.439545852978708962e-01,2.436162517173796199e-02,-9.694806194716508729e-01,1.933367187500000028e+00,0.000000000000000000e+00,0.000000000000000000e+00,0.000000000000000000e+00,1.000000000000000000e+00
9.633356425540604562e-01,1.086823723567648947e-01,2.453010022887406882e-01,-1.096324462890625046e-01,1.115231911293786959e-01,-9.937591164503254415e-01,2.322996381457524337e-03,-1.444705505371093879e-01,2.440225760565512547e-01,2.511892535069325250e-02,-9.694441819743675470e-01,1.933353637695312432e+00,0.000000000000000000e+00,0.000000000000000000e+00,0.000000000000000000e+00,1.000000000000000000e+00
9.632273621964324573e-01,1.087676852994511750e-01,2.456880936282873629e-01,-1.096230087280273408e-01,1.115132940049205351e-01,-9.937591306366777566e-01,2.752369235175739295e-03,-1.444759216308593719e-01,2.444541551626290277e-01,2.474633126009071621e-02,-9.693450289308194190e-01,1.933296508789062562e+00,0.000000000000000000e+00,0.000000000000000000e+00,0.000000000000000000e+00,1.000000000000000000e+00
9.631690364242209146e-01,1.088400929830892760e-01,2.458846099963765408e-01,-1.096215057373046836e-01,1.115566043026743892e-01,-9.937538577721132249e-01,2.897274494999763431e-03,-1.444718475341796871e-01,2.446641193761239508e-01,2.463948705787779442e-02,-9.692947768183992618e-01,1.933276977539062580e+00,0.000000000000000000e+00,0.000000000000000000e+00,0.000000000000000000e+00,1.000000000000000000e+00
9.631917601693861242e-01,1.086730204452589638e-01,2.458694933681370431e-01,-1.096251525878906286e-01,1.115162702591142724e-01,-9.937597761737594348e-01,2.372493746234279055e-03,-1.444647674560546879e-01,2.445930387588662602e-01,2.513328244348641757e-02,-9.693000379161861302e-01,1.933308227539062507e+00,0.000000000000000000e+00,0.000000000000000000e+00,0.000000000000000000e+00,1.000000000000000000e+00
9.631595618868719066e-01,1.088434359724522599e-01,2.459202407114957911e-01,-1.096135025024414095e-01,1.114819641527562827e-01,-9.937612720378162789e-01,3.210275132335502213e-03,-1.444825286865234482e-01,2.447354286051222905e-01,2.432366426943958354e-02,-9.692847514234271822e-01,1.933295043945312486e+00,0.000000000000000000e+00,0.000000000000000000e+00,0.000000000000000000e+00,1.000000000000000000e+00
9.630295941756559230e-01,1.089515115505089032e-01,2.463809425924237129e-01,-1.096154708862304705e-01,1.114435460301169273e-01,-9.937633083779753296e-01,3.850061024827553316e-03,-1.444852294921875058e-01,2.452638106001475693e-01,2.374984321045117697e-02,-9.691654183664284439e-01,1.933292236328125080e+00,0.000000000000000000e+00,0.000000000000000000e+00,0.000000000000000000e+00,1.000000000000000000e+00
9.630882425407669700e-01,1.090047937633863290e-01,2.461279992531101024e-01,-1.096138687133789147e-01,1.114515467367962614e-01,-9.937617761540846750e-01,4.010609062832020885e-03,-1.444993438720703072e-01,2.450297733127814459e-01,2.356877577815118946e-02,-9.692290353670831582e-01,1.933261718750000080e+00,0.000000000000000000e+00,0.000000000000000000e+00,0.000000000000000000e+00,1.000000000000000000e+00
9.628632287323822814e-01,1.086295484803506406e-01,2.471720533393840236e-01,-1.096238861083984467e-01,1.114583154142036736e-01,-9.937658078507042303e-01,2.561849305718413849e-03,-1.444656677246093646e-01,2.459094277982851739e-01,2.508267018864758849e-02,-9.689682208287987430e-01,1.933331054687499995e+00,0.000000000000000000e+00,0.000000000000000000e+00,0.000000000000000000e+00,1.000000000000000000e+00
9.632046485887398868e-01,1.087481464880562521e-01,2.457857717046590951e-01,-1.096239242553710969e-01,1.115147041778315196e-01,-9.937591780786471096e-01,2.677076125676898163e-03,-1.444602355957031181e-01,2.445429935393227949e-01,2.483015545388717049e-02,-9.693204772885811726e-01,1.933318847656249950e+00,0.000000000000000000e+00,0.000000000000000000e+00,0.000000000000000000e+00,1.000000000000000000e+00
9.631459849772107118e-01,1.088124105121063834e-01,2.459871357222238042e-01,-1.096189880371093717e-01,1.115291925286670816e-01,-9.937569167852459140e-01,2.903369660565410793e-03,-1.444613342285156199e-01,2.447673402155247091e-01,2.463837778806102913e-02,-9.692687447265545542e-01,1.933317504882812621e+00,0.000000000000000000e+00,0.000000000000000000e+00,0.000000000000000000e+00,1.000000000000000000e+00
9.630840602277996876e-01,1.087778765378328572e-01,2.462447289000430362e-01,-1.096228942871093764e-01,1.114990922554755237e-01,-9.937602802813763070e-01,2.908223045956262812e-03,-1.444707336425781197e-01,2.450245811369558269e-01,2.465520048590284091e-02,-9.692033201179508506e-01,1.933318115234375023e+00,0.000000000000000000e+00,0.000000000000000000e+00,0.000000000000000000e+00,1.000000000000000000e+00
9.629561028942157375e-01,1.086833447757360460e-01,2.467862931103410873e-01,-1.096255493164062511e-01,1.114305046601825333e-01,-9.937681418047576987e-01,2.850081594642879176e-03,-1.444886779785156394e-01,2.455581123277374711e-01,2.475501771919319527e-02,-9.690657369692528000e-01,1.933356079101562486e+00,0.000000000000000000e+00,0.000000000000000000e+00,0.000000000000000000e+00,1.000000000000000000e+00
9.631379680843970004e-01,1.085157804700934425e-01,2.461495070546066699e-01,-1.096368789672851618e-01,1.114268381440147448e-01,-9.937703914376552206e-01,2.113963830594501117e-03,-1.444608154296875002e-01,2.448454904128048726e-01,2.539162245339997293e-02,-9.692295658582115170e-01,1.933377197265625069e+00,0.000000000000000000e+00,0.000000000000000000e+00,0.000000000000000000e+00,1.000000000000000000e+00
9.631024177334482905e-01,1.086755407984032612e-01,2.462181142567729519e-01,-1.096289825439453192e-01,1.114775896681862860e-01,-9.937636176974095070e-01,2.572769466731896978e-03,-1.444824371337890545e-01,2.449622010795914628e-01,2.496996141631085270e-02,-9.692110302040056746e-01,1.933371337890624986e+00,0.000000000000000000e+00,0.000000000000000000e+00,0.000000000000000000e+00,1.000000000000000000e+00
9.631946784672877904e-01,1.087078377720907263e-01,2.458426679386939429e-01,-1.096255493164062511e-01,1.114504132590185548e-01,-9.937661273404605478e-01,2.773001106662757384e-03,-1.444919128417968823e-01,2.446115630069276292e-01,2.472832702914563863e-02,-9.693057789395707058e-01,1.933327514648437440e+00,0.000000000000000000e+00,0.000000000000000000e+00,0.000000000000000000e+00,1.000000000000000000e+00
9.631672940423247065e-01,1.086380019996321666e-01,2.459807882919191335e-01,-1.096256179809570325e-01,1.114881650495745946e-01,-9.937629771695496439e-01,2.352501007828234486e-03,-1.444704742431640598e-01,2.447021715086828697e-01,2.515809469417218044e-02,-9.692718491374306966e-01,1.933345947265625142e+00,0.000000000000000000e+00,0.000000000000000000e+00,0.000000000000000000e+00,1.000000000000000000e+00
9.630703683105308333e-01,1.089274951328701585e-01,2.462321394259844032e-01,-1.096270370483398426e-01,1.114950791957370207e-01,-9.937587042734974396e-01,3.533411353922899859e-03,-1.444910125732421780e-01,2.450802174745142781e-01,2.405074811182075084e-02,-9.692044410329054838e-01,1.933328735351562466e+00,0.000000000000000000e+00,0.000000000000000000e+00,0.000000000000000000e+00,1.000000000000000000e+00
9.631506690836011408e-01,1.090288781220806885e-01,2.458729191660853630e-01,-1.096233520507812476e-01,1.114891013590811747e-01,-9.937578660242982753e-01,3.934970518002489301e-03,-1.444824066162109510e-01,2.447671728846750050e-01,2.362218131912251912e-02,-9.692940852124138917e-01,1.933305786132812454e+00,0.000000000000000000e+00,0.000000000000000000e+00,0.000000000000000000e+00,1.000000000000000000e+00
9.631083637277875198e-01,1.085514849182655089e-01,2.462495783542043570e-01,-1.096269912719726597e-01,1.114702704286576612e-01,-9.937655532035507555e-01,2.098589193461406280e-03,-1.444628906250000067e-01,2.449421534324906502e-01,2.542833828783464672e-02,-9.692041792541825629e-01,1.933323852539062582e+00,0.000000000000000000e+00,0.000000000000000000e+00,0.000000000000000000e+00,1.000000000000000000e+00
9.631657575612310174e-01,1.088207896631581267e-01,2.459059966706529377e-01,-1.096264495849609416e-01,1.115146117538340226e-01,-9.937583053826252177e-01,2.986946341185632570e-03,-1.444762878417968910e-01,2.446961683943827959e-01,2.454518731116465263e-02,-9.692890791466538536e-01,1.933328125000000064e+00,0.000000000000000000e+00,0.000000000000000000e+00,0.000000000000000000e+00,1.000000000000000000e+00
9.631491371824315584e-01,1.087544819700768939e-01,2.460004109674577555e-01,-1.096233215332031302e-01,1.115046800792231507e-01,-9.937600617602312392e-01,2.765134848773526111e-03,-1.444659881591796868e-01,2.447661044041188061e-01,2.476695988049449834e-02,-9.692657797699814060e-01,1.933307495117187580e+00,0.000000000000000000e+00,0.000000000000000000e+00,0.000000000000000000e+00,1.000000000000000000e+00
9.631031323647458731e-01,1.084785163114731082e-01,2.463021882324152312e-01,-1.096216735839843776e-01,1.114923669412034996e-01,-9.937638036316764900e-01,1.718925638525548028e-03,-1.444855346679687624e-01,2.449526659235671255e-01,2.580531128206378644e-02,-9.691915586542081407e-01,1.933323608398437532e+00,0.000000000000000000e+00,0.000000000000000000e+00,0.000000000000000000e+00,1.000000000000000000e+00
9.632162497484708652e-01,1.084505157614598092e-01,2.458717996264821182e-01,-1.096240005493164110e-01,1.115593602895669501e-01,-9.937569320016403918e-01,1.291987023852551528e-03,-1.444770812988281361e-01,2.444769219216288703e-01,2.618483778373598830e-02,-9.693014953655880728e-01,1.933318115234375023e+00,0.000000000000000000e+00,0.000000000000000000e+00,0.000000000000000000e+00,1.000000000000000000e+00
9.630517963421733052e-01,1.087377327899323315e-01,2.463886016637511223e-01,-1.096221160888671831e-01,1.114891445823684851e-01,-9.937617107577804143e-01,2.798726864339186673e-03,-1.444865417480468706e-01,2.451558855145131444e-01,2.477433550016459179e-02,-9.691670774939274979e-01,1.933293701171874934e+00,0.000000000000000000e+00,0.000000000000000000e+00,0.000000000000000000e+00,1.000000000000000000e+00
9.631428914070914171e-01,1.085998220479248710e-01,2.460931721587307219e-01,-1.096241836547851567e-01,1.114694844734006873e-01,-9.937652361713360527e-01,2.282412881775547700e-03,-1.444908142089843806e-01,2.448067089832750010e-01,2.523358929061946671e-02,-9.692434891234971150e-01,1.933322143554687456e+00,0.000000000000000000e+00,0.000000000000000000e+00,0.000000000000000000e+00,1.000000000000000000e+00
9.629680732973461277e-01,1.086450296767819818e-01,2.467564534850673619e-01,-1.096205673217773430e-01,1.114999537782754985e-01,-9.937615003413929893e-01,2.416763676095752891e-03,-1.444904937744140583e-01,2.454796327955528490e-01,2.518606689729125520e-02,-9.690745130880317193e-01,1.933324218749999934e+00,0.000000000000000000e+00,0.000000000000000000e+00,0.000000000000000000e+00,1.000000000000000000e+00
9.631011837958105559e-01,1.086895165630342441e-01,2.462167718909554492e-01,-1.096223144531250082e-01,1.115447365908208421e-01,-9.937566016067713726e-01,2.364001236317823940e-03,-1.444925231933593679e-01,2.449364846444752886e-01,2.518741257562638960e-02,-9.692119029075902947e-01,1.933311523437500012e+00,0.000000000000000000e+00,0.000000000000000000e+00,0.000000000000000000e+00,1.000000000000000000e+00
9.630923412465556277e-01,1.087007828470946957e-01,2.462463848275886491e-01,-1.096284637451171856e-01,1.114702738196529652e-01,-9.937640798010755061e-01,2.707720756193927186e-03,-1.444800415039062536e-01,2.450051433884597452e-01,2.484136682130624191e-02,-9.692034802907228963e-01,1.933359252929687466e+00,0.000000000000000000e+00,0.000000000000000000e+00,0.000000000000000000e+00,1.000000000000000000e+00
9.630253530355579183e-01,1.085462305350060330e-01,2.465763274269856531e-01,-1.096210174560546952e-01,1.114558124411387796e-01,-9.937670230640938129e-01,2.169272554225895946e-03,-1.444764404296874916e-01,2.452748892239570710e-01,2.539330043476319132e-02,-9.691209465330967721e-01,1.933310058593749936e+00,0.000000000000000000e+00,0.000000000000000000e+00,0.000000000000000000e+00,1.000000000000000000e+00
9.632330648731118883e-01,1.086206049420292141e-01,2.457308017265619482e-01,-1.096226348876953166e-01,1.114860466254418425e-01,-9.937634222178025611e-01,2.263199017137311128e-03,-1.444659729003906212e-01,2.444441125144581617e-01,2.521556749289970145e-02,-9.693354687686971394e-01,1.933271118164062496e+00,0.000000000000000000e+00,0.000000000000000000e+00,0.000000000000000000e+00,1.000000000000000000e+00
9.631327782201895005e-01,1.088567509012471624e-01,2.460192254704567094e-01,-1.096302261352539026e-01,1.114904227327278563e-01,-9.937602223112012023e-01,3.241325480388754579e-03,-1.444740905761718874e-01,2.448369603567590869e-01,2.430696063303678517e-02,-9.692595289745915554e-01,1.933303833007812500e+00,0.000000000000000000e+00,0.000000000000000000e+00,0.000000000000000000e+00,1.000000000000000000e+00
9.630092851020064515e-01,1.086964545071556626e-01,2.465729052124272236e-01,-1.096243972778320336e-01,1.114720524381529881e-01,-9.937638544391362849e-01,2.717192576381980557e-03,-1.444886016845703114e-01,2.453305898834232945e-01,2.486930613920132135e-02,-9.691204359003098290e-01,1.933279296875000108e+00,0.000000000000000000e+00,0.000000000000000000e+00,0.000000000000000000e+00,1.000000000000000000e+00
9.630397933026018098e-01,1.086523634325363419e-01,2.464731637241789897e-01,-1.096217346191406261e-01,1.114894355426817585e-01,-9.937625786998318667e-01,2.458238848180072794e-03,-1.444706420898437538e-01,2.452029002235824318e-01,2.511177206778794288e-02,-9.691464990524185641e-01,1.933283447265625066e+00,0.000000000000000000e+00,0.000000000000000000e+00,0.000000000000000000e+00,1.000000000000000000e+00
9.631083582174764235e-01,1.087725011331878711e-01,2.461520532696573615e-01,-1.096220550537109345e-01,1.114491202674182113e-01,-9.937653856523351870e-01,3.074389514139998225e-03,-1.444664764404297030e-01,2.449517991835457875e-01,2.447245955143757812e-02,-9.692263485895580288e-01,1.933281005859375012e+00,0.000000000000000000e+00,0.000000000000000000e+00,0.000000000000000000e+00,1.000000000000000000e+00
9.630238062875362548e-01,1.086519445890742758e-01,2.465358056357706551e-01,-1.096241683959960911e-01,1.114968671338140010e-01,-9.937618051166436928e-01,2.433785252342527891e-03,-1.444834747314453216e-01,2.452623027348687090e-01,2.514417682730194642e-02,-9.691306275362816525e-01,1.933262451171875007e+00,0.000000000000000000e+00,0.000000000000000000e+00,0.000000000000000000e+00,1.000000000000000000e+00
9.628314294120955408e-01,1.087758161160478770e-01,2.472315925696971783e-01,-1.096127700805664129e-01,1.114381194777338407e-01,-9.937660857422899729e-01,3.242276316687522225e-03,-1.444577789306640547e-01,2.460430532722420183e-01,2.442925821090709618e-02,-9.689509932291403560e-01,1.933241943359375048e+00,0.000000000000000000e+00,0.000000000000000000e+00,0.000000000000000000e+00,1.000000000000000000e+00
9.629392980467572638e-01,1.087375030813817200e-01,2.468280042880971747e-01,-1.096244583129882821e-01,1.114174294545138277e-01,-9.937687765526408423e-01,3.126525678056227275e-03,-1.444794006347656368e-01,2.456299344358640335e-01,2.449028731341487686e-02,-9.690542611930146322e-01,1.933316528320312644e+00,0.000000000000000000e+00,0.000000000000000000e+00,0.000000000000000000e+00,1.000000000000000000e+00
9.631077197432345027e-01,1.087725249492860341e-01,2.461545408623297126e-01,-1.096413726806640676e-01,1.114370424552993261e-01,-9.937665899821805926e-01,3.122531665910525944e-03,-1.444725952148437631e-01,2.449598043349218990e-01,2.442339966805901624e-02,-9.692255629154913343e-01,1.933398925781250055e+00,0.000000000000000000e+00,0.000000000000000000e+00,0.000000000000000000e+00,1.000000000000000000e+00
9.630514661548955635e-01,1.089730283029556185e-01,2.462859164454793415e-01,-1.096187362670898446e-01,1.114509252200216877e-01,-9.937622893774179511e-01,3.899163878850631787e-03,-1.444785614013671948e-01,2.451745598640028556e-01,2.369369776620431495e-02,-9.691893746227598916e-01,1.933301147460937619e+00,0.000000000000000000e+00,0.000000000000000000e+00,0.000000000000000000e+00,1.000000000000000000e+00
9.631401792651724802e-01,1.088093366015429331e-01,2.460112260718678723e-01,-1.096264419555664088e-01,1.114631376463927903e-01,-9.937635613636540688e-01,3.154845772500702167e-03,-1.444741973876953189e-01,2.448202688322044240e-01,2.438262443132616433e-02,-9.692618447018165329e-01,1.933326416015624938e+00,0.000000000000000000e+00,0.000000000000000000e+00,0.000000000000000000e+00,1.000000000000000000e+00
9.631840155205086962e-01,1.086828771576907604e-01,2.458954746605045427e-01,-1.096267929077148484e-01,1.115283155565758022e-01,-9.937584355758215526e-01,2.367815661873063846e-03,-1.444555664062500133e-01,2.446180432325084642e-01,2.514366589465549112e-02,-9.692934586545378650e-01,1.933317626953125146e+00,0.000000000000000000e+00,0.000000000000000000e+00,0.000000000000000000e+00,1.000000000000000000e+00
9.631268997987773028e-01,1.088496753821427548e-01,2.460453678759234319e-01,-1.096236877441406216e-01,1.114886189935340305e-01,-9.937604867236381478e-01,3.222244825102707488e-03,-1.444603881835937464e-01,2.448609048396884480e-01,2.432782760544891648e-02,-9.692529567069109175e-01,1.933292236328125080e+00,0.000000000000000000e+00,0.000000000000000000e+00,0.000000000000000000e+00,1.000000000000000000e+00
9.630855673760490010e-01,1.083850267275145857e-01,2.464120043610498190e-01,-1.096303329467773480e-01,1.114913873955880735e-01,-9.937644788377573146e-01,1.353195081249074921e-03,-1.444928588867187558e-01,2.450221631782745213e-01,2.616957358454589933e-02,-9.691642239423834404e-01,1.933350830078125027e+00,0.000000000000000000e+00,0.000000000000000000e+00,0.000000000000000000e+00,1.000000000000000000e+00
9.632148298644090945e-01,1.086027077907515820e-01,2.458101775553530599e-01,-1.096247558593750060e-01,1.115001546059255638e-01,-9.937621069100021076e-01,2.142520162933751748e-03,-1.444849243164062491e-01,2.445095234385202265e-01,2.534416560691057918e-02,-9.693156174423053217e-01,1.933316894531249996e+00,0.000000000000000000e+00,0.000000000000000000e+00,0.000000000000000000e+00,1.000000000000000000e+00
9.631583245811422556e-01,1.085536590862481721e-01,2.460531342800450216e-01,-1.096234664916992257e-01,1.114785003133497154e-01,-9.937647235378822552e-01,2.053830461153682493e-03,-1.444644622802734313e-01,2.447418757751393670e-01,2.545147050100018266e-02,-9.692541652690501719e-01,1.933296020507812463e+00,0.000000000000000000e+00,0.000000000000000000e+00,0.000000000000000000e+00,1.000000000000000000e+00
9.630966367578032150e-01,1.088675862754018286e-01,2.461558793211659490e-01,-1.096330032348632882e-01,1.114926773417616035e-01,-9.937598073100141205e-01,3.290634335486644288e-03,-1.444546661376953089e-01,2.449780626198482802e-01,2.427537916762541326e-02,-9.692246668349367988e-01,1.933351440429687651e+00,0.000000000000000000e+00,0.000000000000000000e+00,0.000000000000000000e+00,1.000000000000000000e+00
9.631671354868438506e-01,1.087261581850071795e-01,2.459424559615447370e-01,-1.096229782104492234e-01,1.115572671857986559e-01,-9.937550235661292142e-01,2.435010291203886998e-03,-1.444724426269531348e-01,2.446713004340801412e-01,2.509134638497373393e-02,-9.692813725025799521e-01,1.933320434570312552e+00,0.000000000000000000e+00,0.000000000000000000e+00,0.000000000000000000e+00,1.000000000000000000e+00
9.632450006127158959e-01,1.088482813831088553e-01,2.455832250674972461e-01,-1.096220626831054673e-01,1.115482907810127350e-01,-9.937546878670685535e-01,2.932433470715475193e-03,-1.444897155761718788e-01,2.443686715158964184e-01,2.456973712047199818e-02,-9.693710746661400313e-01,1.933348022460937621e+00,0.000000000000000000e+00,0.000000000000000000e+00,0.000000000000000000e+00,1.000000000000000000e+00
9.632702790182747776e-01,1.088626101974101562e-01,2.454777009446319491e-01,-1.096261825561523490e-01,1.115437352063891191e-01,-9.937550028824262416e-01,2.998229870511804826e-03,-1.444732971191406146e-01,2.442710885394797637e-01,2.449339394931236702e-02,-9.693976010680973587e-01,1.933320800781250126e+00,0.000000000000000000e+00,0.000000000000000000e+00,0.000000000000000000e+00,1.000000000000000000e+00
9.630933474879560530e-01,1.087465117350847610e-01,2.462222577467247098e-01,-1.096264266967773432e-01,1.114485485245794716e-01,-9.937657438727497405e-01,2.977807382167189237e-03,-1.444834442138671904e-01,2.450110712931314050e-01,2.457320676045161162e-02,-9.692088177752514744e-01,1.933342895507812464e+00,0.000000000000000000e+00,0.000000000000000000e+00,0.000000000000000000e+00,1.000000000000000000e+00
9.631625746388530196e-01,1.087002371801619321e-01,2.459717732830996317e-01,-1.096210556030273453e-01,1.114755580566006293e-01,-9.937636271178527103e-01,2.655818807625281650e-03,-1.444664306640625062e-01,2.447264897207196144e-01,2.486185541237852237e-02,-9.692733532778194938e-01,1.933299194335937443e+00,0.000000000000000000e+00,0.000000000000000000e+00,0.000000000000000000e+00,1.000000000000000000e+00
9.631250543971452416e-01,1.089207328407870157e-01,2.460211445179500134e-01,-1.096216354370117274e-01,1.115042787675772085e-01,-9.937579720842304454e-01,3.448004576653814282e-03,-1.444834594726562560e-01,2.448610328513268486e-01,2.411155068559658193e-02,-9.692583286794689279e-01,1.933313232421875139e+00,0.000000000000000000e+00,0.000000000000000000e+00,0.000000000000000000e+00,1.000000000000000000e+00
9.632267913087894096e-01,1.086492676316337808e-01,2.457427214549474381e-01,-1.096294860839843732e-01,1.114831633854175136e-01,-9.937634412134744855e-01,2.393154640613664313e-03,-1.444816741943359406e-01,2.444701470252647890e-01,2.509102530115501009e-02,-9.693321348551190431e-01,1.933340576171874936e+00,0.000000000000000000e+00,0.000000000000000000e+00,0.000000000000000000e+00,1.000000000000000000e+00
9.631364038629366409e-01,1.085946584659143593e-01,2.461208396431346923e-01,-1.096264114379882776e-01,1.114601842438031759e-01,-9.937662362720960374e-01,2.301081035111243733e-03,-1.444868469238281272e-01,2.448364655893963127e-01,2.521641921970907765e-02,-9.692364197240157520e-01,1.933330078125000018e+00,0.000000000000000000e+00,0.000000000000000000e+00,0.000000000000000000e+00,1.000000000000000000e+00
9.631725236824052461e-01,1.086070535302364748e-01,2.459739773771758009e-01,-1.096227264404296964e-01,1.114962432600667130e-01,-9.937624350029922171e-01,2.193288812722911374e-03,-1.444783935546875009e-01,2.446779053412037608e-01,2.531265889637701952e-02,-9.692739509227702444e-01,1.933297851562500114e+00,0.000000000000000000e+00,0.000000000000000000e+00,0.000000000000000000e+00,1.000000000000000000e+00
9.632421962261670245e-01,1.086943824952886911e-01,2.456623752701212471e-01,-1.096266098022461027e-01,1.115373318495020555e-01,-9.937574555119486064e-01,2.354404024643267507e-03,-1.444538116455078292e-01,2.443847274550601800e-01,2.513266456993931697e-02,-9.693525953740107504e-01,1.933318603515625123e+00,0.000000000000000000e+00,0.000000000000000000e+00,0.000000000000000000e+00,1.000000000000000000e+00
9.631096745410022697e-01,1.084040104176928893e-01,2.463094097489693379e-01,-1.096167984008789148e-01,1.114899836972320785e-01,-9.937645360172840947e-01,1.424952470497505702e-03,-1.444627990722656408e-01,2.449280268583321207e-01,2.608864656729019751e-02,-9.691902002081794754e-01,1.933279663085937461e+00,0.000000000000000000e+00,0.000000000000000000e+00,0.000000000000000000e+00,1.000000000000000000e+00
9.630735053095307308e-01,1.086446069726231534e-01,2.463448248828819243e-01,-1.096118621826171896e-01,1.115450040151463318e-01,-9.937569631041824891e-01,2.193253567984183167e-03,-1.444753570556640554e-01,2.450451702239293261e-01,2.536627007892041860e-02,-9.691797650034841283e-01,1.933257080078125023e+00,0.000000000000000000e+00,0.000000000000000000e+00,0.000000000000000000e+00,1.000000000000000000e+00
9.632511270395631708e-01,1.088101636143819495e-01,2.455760870916032235e-01,-1.096328582763671927e-01,1.115255877309086485e-01,-9.937574305322665058e-01,2.865753510494596645e-03,-1.444813690185546839e-01,2.443548844166751333e-01,2.462757714674635237e-02,-9.693730824123365508e-01,1.933331176757812520e+00,0.000000000000000000e+00,0.000000000000000000e+00,0.000000000000000000e+00,1.000000000000000000e+00
9.629809521973851094e-01,1.084852069454933510e-01,2.467765093743954918e-01,-1.096317901611328083e-01,1.114487216170062800e-01,-9.937682332635193738e-01,1.970026963898025354e-03,-1.444782257080078069e-01,2.454523745147980107e-01,2.560582805333450063e-02,-9.690704171600486028e-01,1.933333984375000147e+00,0.000000000000000000e+00,0.000000000000000000e+00,0.000000000000000000e+00,1.000000000000000000e+00
9.630432317539452391e-01,1.084991277199721521e-01,2.465272257924511767e-01,-1.096337814331054678e-01,1.114660495857929395e-01,-9.937663655130994922e-01,1.931466961266389143e-03,-1.444781188964843754e-01,2.452000276563087722e-01,2.561932979002537469e-02,-9.691339414025572641e-01,1.933353393554687605e+00,0.000000000000000000e+00,0.000000000000000000e+00,0.000000000000000000e+00,1.000000000000000000e+00
9.630459376298721175e-01,1.085366669071176626e-01,2.465001297186139306e-01,-1.096316909790039096e-01,1.114922380628336485e-01,-9.937633359056838867e-01,1.978145936812877870e-03,-1.444723052978515720e-01,2.451774925769910907e-01,2.557780573662039869e-02,-9.691407395148339265e-01,1.933332641601562596e+00,0.000000000000000000e+00,0.000000000000000000e+00,0.000000000000000000e+00,1.000000000000000000e+00
9.631353283365342577e-01,1.087697100924561316e-01,2.460477382063888663e-01,-1.096363830566406267e-01,1.114105429578869516e-01,-9.937692988145998552e-01,3.204941710498367818e-03,-1.444741973876953189e-01,2.448632888529954088e-01,2.432551952049350277e-02,-9.692524123633394773e-01,1.933376342773437617e+00,0.000000000000000000e+00,0.000000000000000000e+00,0.000000000000000000e+00,1.000000000000000000e+00
9.631111759631472147e-01,1.088417254103594412e-01,2.461104255097286420e-01,-1.096343460083007842e-01,1.115197164677819153e-01,-9.937574689724573140e-01,3.073385820471405752e-03,-1.444719848632812498e-01,2.449085861578342016e-01,2.448615264086741183e-02,-9.692369229218515958e-01,1.933367187500000028e+00,0.000000000000000000e+00,0.000000000000000000e+00,0.000000000000000000e+00,1.000000000000000000e+00
9.631228615457911868e-01,1.088505402313628134e-01,2.460607922022265415e-01,-1.096316299438476610e-01,1.114483916967811683e-01,-9.937644525191255962e-01,3.386576082655121112e-03,-1.444826049804687484e-01,2.448950990853995813e-01,2.416139070300468358e-02,-9.692484808568178067e-01,1.933351318359375126e+00,0.000000000000000000e+00,0.000000000000000000e+00,0.000000000000000000e+00,1.000000000000000000e+00
9.632732983959485518e-01,1.087734414220451334e-01,2.455053788384178037e-01,-1.096293792724609417e-01,1.114728009938804471e-01,-9.937632024893302551e-01,2.917536071656356284e-03,-1.444830474853515678e-01,2.442915619418093154e-01,2.455678764324859681e-02,-9.693908380754771015e-01,1.933346923828125119e+00,0.000000000000000000e+00,0.000000000000000000e+00,0.000000000000000000e+00,1.000000000000000000e+00
9.630815395292122716e-01,1.084416569308624956e-01,2.464028312745851212e-01,-1.096322021484374964e-01,1.115020884790483557e-01,-9.937630047556016422e-01,1.540987971613762275e-03,-1.444862976074218763e-01,2.450331252766715373e-01,2.599033322616902883e-02,-9.691662757731203115e-01,1.933338012695312580e+00,0.000000000000000000e+00,0.000000000000000000e+00,0.000000000000000000e+00,1.000000000000000000e+00
9.630936831393586139e-01,1.086684036313946000e-01,2.462554274513943653e-01,-1.096254882812500026e-01,1.115096936585066034e-01,-9.937603982548883774e-01,2.420553753125250299e-03,-1.444846343994140581e-01,2.449819293687815203e-01,2.512864724751538714e-02,-9.692019425126321419e-01,1.933323120117187432e+00,0.000000000000000000e+00,0.000000000000000000e+00,0.000000000000000000e+00,1.000000000000000000e+00
9.630376986334464595e-01,1.086027285276316978e-01,2.465032218190032764e-01,-1.096328048706054770e-01,1.114630894989586118e-01,-9.937657648304968339e-01,2.363118745431498635e-03,-1.444792022705078116e-01,2.452231039077320263e-01,2.520023823719529793e-02,-9.691390907927749376e-01,1.933358276367187489e+00,0.000000000000000000e+00,0.000000000000000000e+00,0.000000000000000000e+00,1.000000000000000000e+00
9.631999799747191782e-01,1.086615642520819269e-01,2.458423540218231396e-01,-1.096327590942382801e-01,1.115233505228297728e-01,-9.937591642876556497e-01,2.294707489601297001e-03,-1.444791564941406148e-01,2.445574387845579345e-01,2.520690081290158369e-02,-9.693071088600072605e-01,1.933333984375000147e+00,0.000000000000000000e+00,0.000000000000000000e+00,0.000000000000000000e+00,1.000000000000000000e+00
9.630780963160593400e-01,1.086191783717847942e-01,2.463380897995143815e-01,-1.096273345947265665e-01,1.115040240124761800e-01,-9.937614333208805162e-01,2.250838300389355548e-03,-1.444678497314453025e-01,2.450457774075291972e-01,2.529995521473830250e-02,-9.691813448683751497e-01,1.933326416015624938e+00,0.000000000000000000e+00,0.000000000000000000e+00,0.000000000000000000e+00,1.000000000000000000e+00
9.631219748150342541e-01,1.089024436861071726e-01,2.460412961020619071e-01,-1.096336746215820362e-01,1.114954240890572851e-01,-9.937590953210712064e-01,3.410406698227997496e-03,-1.444807586669921984e-01,2.448771774494093723e-01,2.414784101820094397e-02,-9.692533465191491837e-01,1.933360595703125018e+00,0.000000000000000000e+00,0.000000000000000000e+00,0.000000000000000000e+00,1.000000000000000000e+00
9.632150716153339287e-01,1.085426571033782234e-01,2.458357528961268856e-01,-1.096270370483398426e-01,1.115427644205447683e-01,-9.937581276503800742e-01,1.730732282552896462e-03,-1.444848022460937520e-01,2.444891357882594540e-01,2.575413205195377711e-02,-9.693099541239430517e-01,1.933342163085937537e+00,0.000000000000000000e+00,0.000000000000000000e+00,0.000000000000000000e+00,1.000000000000000000e+00
9.632966583598130406e-01,1.087423666479350320e-01,2.454274754150884141e-01,-1.096371841430664046e-01,1.115747005870630498e-01,-9.937532052767195090e-01,2.377644034190769945e-03,-1.444822845458984539e-01,2.441528909960416494e-01,2.509312053237215331e-02,-9.694120388772891062e-01,1.933329833984374968e+00,0.000000000000000000e+00,0.000000000000000000e+00,0.000000000000000000e+00,1.000000000000000000e+00
9.631131560685984860e-01,1.087268307407558976e-01,2.461534579985714399e-01,-1.096325759887695345e-01,1.114248167132051437e-01,-9.937683857678719646e-01,2.984236710912954726e-03,-1.444906158447265554e-01,2.449439912061777969e-01,2.455344630370931425e-02,-9.692262736051880934e-01,1.933319213867187525e+00,0.000000000000000000e+00,0.000000000000000000e+00,0.000000000000000000e+00,1.000000000000000000e+00
9.632214368429096174e-01,1.088266648889098798e-01,2.456852063422574062e-01,-1.096340789794921916e-01,1.114806336644382778e-01,-9.937616999029715847e-01,3.122839049930433569e-03,-1.444699249267578089e-01,2.444923964544828132e-01,2.438115696830998186e-02,-9.693446380213958102e-01,1.933347900390625096e+00,0.000000000000000000e+00,0.000000000000000000e+00,0.000000000000000000e+00,1.000000000000000000e+00
9.629519327660837069e-01,1.088599698275350414e-01,2.467247092433424160e-01,-1.096317825317382894e-01,1.114348611148075485e-01,-9.937654141741204539e-01,3.545887711456266467e-03,-1.444652557373047042e-01,2.455724880974805846e-01,2.407921428300481906e-02,-9.690791219137505630e-01,1.933351684570312479e+00,0.000000000000000000e+00,0.000000000000000000e+00,0.000000000000000000e+00,1.000000000000000000e+00
9.632519113730236837e-01,1.087926784904355987e-01,2.455807572736382893e-01,-1.096329116821289085e-01,1.115024368940892158e-01,-9.937599682925223332e-01,2.886517958500369255e-03,-1.444771881103515676e-01,2.443623575817203963e-01,2.460240894956845087e-02,-9.693718376716861096e-01,1.933370239257812484e+00,0.000000000000000000e+00,0.000000000000000000e+00,0.000000000000000000e+00,1.000000000000000000e+00
9.632243345406672486e-01,1.088888641884858954e-01,2.456462835143861934e-01,-1.096371688842773529e-01,1.114788654151381286e-01,-9.937610558767309143e-01,3.380294146701578670e-03,-1.444875793457031377e-01,2.444817864677085451e-01,2.412838739962078205e-02,-9.693536387753705075e-01,1.933345214843749993e+00,0.000000000000000000e+00,0.000000000000000000e+00,0.000000000000000000e+00,1.000000000000000000e+00
9.632507951678623837e-01,1.086983755240427812e-01,2.456268893401439557e-01,-1.096365356445312550e-01,1.115153845818034201e-01,-9.937596775170536301e-01,2.454046204581035798e-03,-1.444854736328125000e-01,2.443608491760773382e-01,2.502731507045686393e-02,-9.693613407240411206e-01,1.933350585937499977e+00,0.000000000000000000e+00,0.000000000000000000e+00,0.000000000000000000e+00,1.000000000000000000e+00
9.632552743944428064e-01,1.088803457802697272e-01,2.455287084111666684e-01,-1.096328887939453101e-01,1.114647319319609642e-01,-9.937626098104194172e-01,3.389524763206126431e-03,-1.444705810546874913e-01,2.443663026823111040e-01,2.410281405880242145e-02,-9.693833939509300945e-01,1.933355468750000083e+00,0.000000000000000000e+00,0.000000000000000000e+00,0.000000000000000000e+00,1.000000000000000000e+00
9.631458498391199941e-01,1.086967656272014027e-01,2.460387877548252111e-01,-1.096270751953125067e-01,1.114999413353464919e-01,-9.937611633623307794e-01,2.552111862913517687e-03,-1.444773712158203272e-01,2.447811982565102629e-01,2.497525445179244602e-02,-9.692566232144997906e-01,1.933337646484375005e+00,0.000000000000000000e+00,0.000000000000000000e+00,0.000000000000000000e+00,1.000000000000000000e+00
9.631640567922987728e-01,1.087759493517856946e-01,2.459324959130434196e-01,-1.096353073120117233e-01,1.115138345522206920e-01,-9.937589100562662647e-01,2.809517261307287531e-03,-1.444814758300781155e-01,2.447032169932820966e-01,2.471884961723309210e-02,-9.692828865025624463e-01,1.933340454101562633e+00,0.000000000000000000e+00,0.000000000000000000e+00,0.000000000000000000e+00,1.000000000000000000e+00
9.630346465135032341e-01,1.086503820326285008e-01,2.464941461754743823e-01,-1.096280593872070303e-01,1.114524004872621821e-01,-9.937663754606794742e-01,2.598736110331045443e-03,-1.444645690917968905e-01,2.452399478882654749e-01,2.496969138592017995e-02,-9.691407960001751087e-01,1.933309692382812583e+00,0.000000000000000000e+00,0.000000000000000000e+00,0.000000000000000000e+00,1.000000000000000000e+00
9.630796612099151721e-01,1.086474171775622388e-01,2.463195179120815925e-01,-1.096372222900390686e-01,1.114715309164482915e-01,-9.937645015880344213e-01,2.492624847304759916e-03,-1.444780731201171786e-01,2.450544102009568903e-01,2.505701746279554928e-02,-9.691854734347450373e-01,1.933351074218750076e+00,0.000000000000000000e+00,0.000000000000000000e+00,0.000000000000000000e+00,1.000000000000000000e+00
9.629691809133036351e-01,1.086994703969621917e-01,2.467281535345769439e-01,-1.096305389404296921e-01,1.114794092538939768e-01,-9.937630306065434738e-01,2.716672983961746987e-03,-1.444768676757812453e-01,2.454846185070760356e-01,2.488903644416374378e-02,-9.690809243511695481e-01,1.933311279296874963e+00,0.000000000000000000e+00,0.000000000000000000e+00,0.000000000000000000e+00,1.000000000000000000e+00
9.630696043369343373e-01,1.087309356241814434e-01,2.463219861088143114e-01,-1.096281585693359428e-01,1.114922371004779672e-01,-9.937614948178016272e-01,2.751814641216307478e-03,-1.444857635498046911e-01,2.450845125025888083e-01,2.481280024057978817e-02,-9.691841448742285481e-01,1.933336669921875028e+00,0.000000000000000000e+00,0.000000000000000000e+00,0.000000000000000000e+00,1.000000000000000000e+00
9.630763077445870790e-01,1.088552946164990654e-01,2.462408379920137114e-01,-1.096298599243164112e-01,1.115534970649880164e-01,-9.937538757671736667e-01,3.008602714397203698e-03,-1.444827423095703112e-01,2.450302894615799809e-01,2.457151260457028294e-02,-9.692040022692324230e-01,1.933327270507812612e+00,0.000000000000000000e+00,0.000000000000000000e+00,0.000000000000000000e+00,1.000000000000000000e+00
9.631325120249130123e-01,1.088794672490051296e-01,2.460102150158679779e-01,-1.096281585693359428e-01,1.114559183203302217e-01,-9.937633213534915466e-01,3.469784409609972739e-03,-1.444733886718750082e-01,2.448537166390427899e-01,2.407743225616292698e-02,-9.692610250618753920e-01,1.933308715820312607e+00,0.000000000000000000e+00,0.000000000000000000e+00,0.000000000000000000e+00,1.000000000000000000e+00
9.631433285312837045e-01,1.086520835722634970e-01,2.460683917960323486e-01,-1.096332397460937497e-01,1.114754696410930612e-01,-9.937641172901804376e-01,2.469585950407731517e-03,-1.444744873046875100e-01,2.448022638252709271e-01,2.505202430692139715e-02,-9.692493217455188104e-01,1.933321655273437578e+00,0.000000000000000000e+00,0.000000000000000000e+00,0.000000000000000000e+00,1.000000000000000000e+00
9.631112280723638230e-01,1.084830227482044829e-01,2.462685447562396046e-01,-1.096342086791992215e-01,1.114915180193360167e-01,-9.937638673965570879e-01,1.737028146623503105e-03,-1.444660186767578181e-01,2.449212195190272334e-01,2.578390258379511732e-02,-9.692000756277633355e-01,1.933351684570312479e+00,0.000000000000000000e+00,0.000000000000000000e+00,0.000000000000000000e+00,1.000000000000000000e+00
9.630544386665432777e-01,1.086639376577564486e-01,2.464108293427484386e-01,-1.096279296875000003e-01,1.114683457407167622e-01,-9.937646300398795818e-01,2.582243119833333919e-03,-1.444659576416015556e-01,2.451549633650069726e-01,2.498016682116259435e-02,-9.691620273221034365e-01,1.933344726562500115e+00,0.000000000000000000e+00,0.000000000000000000e+00,0.000000000000000000e+00,1.000000000000000000e+00
9.631718173250320980e-01,1.088918452490992561e-01,2.458508009932885430e-01,-1.096363983154296923e-01,1.114800920257233985e-01,-9.937608221513798412e-01,3.408436437718796036e-03,-1.444665069580078065e-01,2.446880450547831432e-01,2.412456000137513934e-02,-9.693016899871829128e-01,1.933359985351562615e+00,0.000000000000000000e+00,0.000000000000000000e+00,0.000000000000000000e+00,1.000000000000000000e+00
9.631618410481728176e-01,1.086841949514642802e-01,2.459817345179241832e-01,-1.096248550415039047e-01,1.115473149897557303e-01,-9.937564459431886821e-01,2.307090145381688814e-03,-1.444806213378906357e-01,2.446966784966045083e-01,2.521650083010743004e-02,-9.692717181567895857e-01,1.933308471679687557e+00,0.000000000000000000e+00,0.000000000000000000e+00,0.000000000000000000e+00,1.000000000000000000e+00
9.629405301283433527e-01,1.084671689019218871e-01,2.469421161052670899e-01,-1.096344757080078142e-01,1.114574523694813329e-01,-9.937674285578370625e-01,1.879959799934095149e-03,-1.444709167480468792e-01,2.456069456417103447e-01,2.571324965745321739e-02,-9.690284087913025868e-01,1.933326171875000110e+00,0.000000000000000000e+00,0.000000000000000000e+00,0.000000000000000000e+00,1.000000000000000000e+00
9.630199107879959808e-01,1.086524572330073157e-01,2.465507959084901057e-01,-1.096355285644531330e-01,1.115047631162984498e-01,-9.937609862041274500e-01,2.406262865608316953e-03,-1.444850311279296806e-01,2.452740084645305130e-01,2.517430904374044418e-02,-9.691268827846597489e-01,1.933342285156250062e+00,0.000000000000000000e+00,0.000000000000000000e+00,0.000000000000000000e+00,1.000000000000000000e+00
9.632258233844451789e-01,1.088350572395773014e-01,2.456642902031453413e-01,-1.096411285400390595e-01,1.115195790138233528e-01,-9.937577068567894356e-01,3.000593160461023992e-03,-1.444954376220703163e-01,2.444573514172500572e-01,2.450612940455769440e-02,-9.693503251970724266e-01,1.933360961914062592e+00,0.000000000000000000e+00,0.000000000000000000e+00,0.000000000000000000e+00,1.000000000000000000e+00
9.631941541302293519e-01,1.088149041105175296e-01,2.457973516797342384e-01,-1.096387329101562585e-01,1.114432298412958711e-01,-9.937655379723826510e-01,3.234510936919602134e-03,-1.444736480712890681e-01,2.446169004216433296e-01,2.427698873171520166e-02,-9.693158411200282210e-01,1.933359374999999991e+00,0.000000000000000000e+00,0.000000000000000000e+00,0.000000000000000000e+00,1.000000000000000000e+00
9.631398242094695306e-01,1.086111965652101358e-01,2.461001564453489665e-01,-1.096279830932617161e-01,1.114855721070829447e-01,-9.937634692336816400e-01,2.265927755638722646e-03,-1.444711303710937422e-01,2.448114503729520164e-01,2.525421147671511046e-02,-9.692417544498281856e-01,1.933338500976562457e+00,0.000000000000000000e+00,0.000000000000000000e+00,0.000000000000000000e+00,1.000000000000000000e+00
9.631632003642244255e-01,1.085796477157841972e-01,2.460225793825856211e-01,-1.096310882568359429e-01,1.115370187088410153e-01,-9.937584152789243896e-01,1.924972691849569442e-03,-1.444824218750000167e-01,2.446960214668152112e-01,2.558656218089721407e-02,-9.692621858476037078e-01,1.933343750000000139e+00,0.000000000000000000e+00,0.000000000000000000e+00,0.000000000000000000e+00,1.000000000000000000e+00
9.630393664561304190e-01,1.088399708709924807e-01,2.463920441016241580e-01,-1.096245880126953121e-01,1.114550228215733241e-01,-9.937638295418605994e-01,3.350967343734381071e-03,-1.444723510742187411e-01,2.452202205031586979e-01,2.423451743067547848e-02,-9.691644502463371280e-01,1.933326049804687585e+00,0.000000000000000000e+00,0.000000000000000000e+00,0.000000000000000000e+00,1.000000000000000000e+00
9.629516024745676805e-01,1.087466194968448457e-01,2.467759794624889147e-01,-1.096321868896484447e-01,1.114431213348858057e-01,-9.937661123133305630e-01,3.056914259012123367e-03,-1.444693756103515581e-01,2.455700348145111733e-01,2.455782493743036143e-02,-9.690677330483883356e-01,1.933326538085937463e+00,0.000000000000000000e+00,0.000000000000000000e+00,0.000000000000000000e+00,1.000000000000000000e+00
9.630606052386837534e-01,1.086573520152247369e-01,2.463896314586714043e-01,-1.096308441162109348e-01,1.115085639115619559e-01,-9.937605890305915013e-01,2.394131147875433116e-03,-1.444744110107421819e-01,2.451124452403049270e-01,2.516886057436175383e-02,-9.691678996158029635e-01,1.933332275390625021e+00,0.000000000000000000e+00,0.000000000000000000e+00,0.000000000000000000e+00,1.000000000000000000e+00
9.630624191493591946e-01,1.085796954293885980e-01,2.464167741097291198e-01,-1.096385803222656302e-01,1.114876716885235680e-01,-9.937634635097293279e-01,2.162788620974230927e-03,-1.444767150878906170e-01,2.451148218359225361e-01,2.538953196906640342e-02,-9.691615426659972998e-01,1.933370483398437534e+00,0.000000000000000000e+00,0.000000000000000000e+00,0.000000000000000000e+00,1.000000000000000000e+00
9.629495688391501718e-01,1.086250560220201195e-01,2.468374466662380529e-01,-1.096274490356445308e-01,1.114604530209631766e-01,-9.937657259350382022e-01,2.499873830482958123e-03,-1.444693298339843890e-01,2.455701433091095065e-01,2.510536120074088884e-02,-9.690536752699118184e-01,1.933363891601562523e+00,0.000000000000000000e+00,0.000000000000000000e+00,0.000000000000000000e+00,1.000000000000000000e+00
9.631618124634085953e-01,1.085375141088513878e-01,2.460466033971461797e-01,-1.096319427490234366e-01,1.115127892498468803e-01,-9.937612743213083411e-01,1.851348969899272931e-03,-1.444692687988281266e-01,2.447125269493184430e-01,2.565419440091618042e-02,-9.692562310677806936e-01,1.933357055664062463e+00,0.000000000000000000e+00,0.000000000000000000e+00,0.000000000000000000e+00,1.000000000000000000e+00
9.633571523920007040e-01,1.086771357917892672e-01,2.452188351070702654e-01,-1.096359405517578212e-01,1.115858812677340967e-01,-9.937526928913767987e-01,2.043642052851997112e-03,-1.444949188232421966e-01,2.439089749002251728e-01,2.539420263032556718e-02,-9.694655983766992113e-01,1.933379516601562598e+00,0.000000000000000000e+00,0.000000000000000000e+00,0.000000000000000000e+00,1.000000000000000000e+00
9.632008078800875506e-01,1.086527106357634970e-01,2.458430234329373187e-01,-1.096278305053711016e-01,1.115089673663884201e-01,-9.937607298937172207e-01,2.315581565823178825e-03,-1.444998474121093890e-01,2.445607366198189470e-01,2.518333164232455096e-02,-9.693068894376870581e-01,1.933326782226562512e+00,0.000000000000000000e+00,0.000000000000000000e+00,0.000000000000000000e+00,1.000000000000000000e+00
9.632049276538821037e-01,1.086031992724365708e-01,2.458487593035022789e-01,-1.096237182617187528e-01,1.114561508640550397e-01,-9.937666374997888852e-01,2.323064125743432712e-03,-1.444532318115234470e-01,2.445685870627071490e-01,2.516376959349987327e-02,-9.693054167402535004e-01,1.933319946289062452e+00,0.000000000000000000e+00,0.000000000000000000e+00,0.000000000000000000e+00,1.000000000000000000e+00
9.631815805348883375e-01,1.087433408066986185e-01,2.458782803512995219e-01,-1.096302795410156322e-01,1.115351306497263106e-01,-9.937571264065235832e-01,2.586183906251834572e-03,-1.444521636962890765e-01,2.446245236055913652e-01,2.493310142053469652e-02,-9.692972624042072161e-01,1.933321166992187479e+00,0.000000000000000000e+00,0.000000000000000000e+00,0.000000000000000000e+00,1.000000000000000000e+00
9.632226327407147348e-01,1.088886857460975854e-01,2.456530355858328463e-01,-1.096267089843750014e-01,1.115250599229319906e-01,-9.937564790320096986e-01,3.197091035571596879e-03,-1.444716796874999931e-01,2.444674227483761841e-01,2.431695906956513747e-02,-9.693525492391177334e-01,1.933316894531249996e+00,0.000000000000000000e+00,0.000000000000000000e+00,0.000000000000000000e+00,1.000000000000000000e+00
9.630722534975243443e-01,1.085351833955987555e-01,2.463979474518483426e-01,-1.096300125122070396e-01,1.115005797510887908e-01,-9.937624983553198232e-01,1.928102114545235390e-03,-1.444902648925781297e-01,2.450703067659792400e-01,2.561661234193098047e-02,-9.691668246043877444e-01,1.933328491210937639e+00,0.000000000000000000e+00,0.000000000000000000e+00,0.000000000000000000e+00,1.000000000000000000e+00
9.631291536804427178e-01,1.085580613162497321e-01,2.461653522615470102e-01,-1.096288604736328082e-01,1.115131420858150313e-01,-9.937610524778703880e-01,1.946720376498707952e-03,-1.444887542724609397e-01,2.448408717370181842e-01,2.557572875467692408e-02,-9.692258919497169778e-01,1.933304443359375124e+00,0.000000000000000000e+00,0.000000000000000000e+00,0.000000000000000000e+00,1.000000000000000000e+00
9.631104305670545873e-01,1.085357355573359633e-01,2.462484368274665547e-01,-1.096255798339843823e-01,1.114703362769888378e-01,-9.937656803127756788e-01,2.033903336204054280e-03,-1.444535522460937416e-01,2.449339965444523037e-01,2.549052254297728276e-02,-9.692046071894460102e-01,1.933289672851562502e+00,0.000000000000000000e+00,0.000000000000000000e+00,0.000000000000000000e+00,1.000000000000000000e+00
9.631129348005251778e-01,1.086022310679140152e-01,2.462093219741911532e-01,-1.096259841918945377e-01,1.114730332455499823e-01,-9.937648193664263552e-01,2.290556406379417112e-03,-1.444732360839843799e-01,2.449229219141320635e-01,2.523963543091910233e-02,-9.692139717958869749e-01,1.933305419921875101e+00,0.000000000000000000e+00,0.000000000000000000e+00,0.000000000000000000e+00,1.000000000000000000e+00
9.630371618705844128e-01,1.086586117640351984e-01,2.464806908172773314e-01,-1.096281814575195274e-01,1.114709385398739011e-01,-9.937644028825949327e-01,2.557620855237516255e-03,-1.444881896972656232e-01,2.452216440636699468e-01,2.501235000778942799e-02,-9.691443275538471624e-01,1.933363647460937473e+00,0.000000000000000000e+00,0.000000000000000000e+00,0.000000000000000000e+00,1.000000000000000000e+00
9.631855155104851463e-01,1.085982259257868565e-01,2.459269973723356151e-01,-1.096344757080078142e-01,1.115514485864292638e-01,-9.937567791717647481e-01,1.933434361402993837e-03,-1.444931945800781159e-01,2.446015883617075615e-01,2.557125683130138938e-02,-9.692864250545332183e-01,1.933353027343750030e+00,0.000000000000000000e+00,0.000000000000000000e+00,0.000000000000000000e+00,1.000000000000000000e+00
9.632600202225742869e-01,1.087324917558634974e-01,2.455756068451571128e-01,-1.096243438720703178e-01,1.115608660984679645e-01,-9.937546858123875726e-01,2.407816704534665106e-03,-1.444915771484374944e-01,2.443037179335709741e-01,2.507727382480026690e-02,-9.693744497052469988e-01,1.933319335937500050e+00,0.000000000000000000e+00,0.000000000000000000e+00,0.000000000000000000e+00,1.000000000000000000e+00
9.630841026971500574e-01,1.087200477394612425e-01,2.462701004010740824e-01,-1.096327285766601628e-01,1.114791116578967983e-01,-9.937629616016842027e-01,2.753872294761193842e-03,-1.444756927490234433e-01,2.450335054558702985e-01,2.480176139267016577e-02,-9.691973245092194711e-01,1.933373779296875039e+00,0.000000000000000000e+00,0.000000000000000000e+00,0.000000000000000000e+00,1.000000000000000000e+00
9.632489832836527155e-01,1.088803807903587495e-01,2.455533727765839003e-01,-1.096373901367187487e-01,1.115781148893057739e-01,-9.937513102288418887e-01,2.942396337847305587e-03,-1.444794006347656368e-01,2.443393551615424264e-01,2.456412215827324247e-02,-9.693786068517477039e-01,1.933365722656249952e+00,0.000000000000000000e+00,0.000000000000000000e+00,0.000000000000000000e+00,1.000000000000000000e+00
9.630611886724301796e-01,1.087144736277429191e-01,2.463621523219195197e-01,-1.096389999389648512e-01,1.114302460622247914e-01,-9.937679267600753041e-01,2.933940267589744966e-03,-1.444724426269531348e-01,2.451457671169500474e-01,2.462663125205190665e-02,-9.691734013569593964e-01,1.933388549804687440e+00,0.000000000000000000e+00,0.000000000000000000e+00,0.000000000000000000e+00,1.000000000000000000e+00
9.632113143294128710e-01,1.086274683182947426e-01,2.458130124191214572e-01,-1.096424713134765694e-01,1.115225927997903349e-01,-9.937595617930058411e-01,2.155142729624861045e-03,-1.444798889160156252e-01,2.445131392032285911e-01,2.533784662773804625e-02,-9.693148705581958735e-01,1.933452514648437592e+00,0.000000000000000000e+00,0.000000000000000000e+00,0.000000000000000000e+00,1.000000000000000000e+00
9.634891491978025968e-01,1.089857638589599997e-01,2.445623901056198091e-01,-1.096288909912109394e-01,1.115751515463752064e-01,-9.937505717746863976e-01,3.284304323173368317e-03,-1.444798126220703249e-01,2.433919574174499556e-01,2.412269416053729187e-02,-9.696279960329834413e-01,1.933376342773437617e+00,0.000000000000000000e+00,0.000000000000000000e+00,0.000000000000000000e+00,1.000000000000000000e+00
9.631728898923062054e-01,1.088302650209671957e-01,2.458738652072837705e-01,-1.096314315795898497e-01,1.115164432893804430e-01,-9.937580148484794762e-01,3.015095437252980973e-03,-1.444705810546874913e-01,2.446672578270127074e-01,2.451492076012877497e-02,-9.692971430926302645e-01,1.933365234375000075e+00,0.000000000000000000e+00,0.000000000000000000e+00,0.000000000000000000e+00,1.000000000000000000e+00
9.631753020210174210e-01,1.087151921258934784e-01,2.459153199330044448e-01,-1.096325607299804689e-01,1.115572378636092155e-01,-9.937551423117692018e-01,2.387427309393510069e-03,-1.444763793945312569e-01,2.446391633752943717e-01,2.513412282029341832e-02,-9.692883758784536230e-01,1.933406982421875142e+00,0.000000000000000000e+00,0.000000000000000000e+00,0.000000000000000000e+00,1.000000000000000000e+00
9.631111815349395755e-01,1.085204422440168848e-01,2.462522398223725151e-01,-1.096317138671875080e-01,1.114344078773839009e-01,-9.937695424968624458e-01,2.114035617851664148e-03,-1.444665222167968721e-01,2.449473917872756756e-01,2.540492119136955607e-02,-9.692034694716435972e-01,1.933363037109375071e+00,0.000000000000000000e+00,0.000000000000000000e+00,0.000000000000000000e+00,1.000000000000000000e+00
9.634072866145861891e-01,1.088288356856744188e-01,2.449544541771412898e-01,-1.096293334960937588e-01,1.115975981631120717e-01,-9.937501002477517886e-01,2.591204702068137730e-03,-1.444648742675781194e-01,2.437055111854167788e-01,2.483994325444263684e-02,-9.695311243260686940e-01,1.933310913085937610e+00,0.000000000000000000e+00,0.000000000000000000e+00,0.000000000000000000e+00,1.000000000000000000e+00
9.632610964807275522e-01,1.089290520512266741e-01,2.454842594260742139e-01,-1.096277847290039048e-01,1.115659799546914327e-01,-9.937519322878158867e-01,3.182638996529634640e-03,-1.444813079833984493e-01,2.442971389998178644e-01,2.432197963682220312e-02,-9.693953523630336466e-01,1.933336914062500078e+00,0.000000000000000000e+00,0.000000000000000000e+00,0.000000000000000000e+00,1.000000000000000000e+00
9.630782491847726945e-01,1.085170115041773631e-01,2.463825159409552823e-01,-1.096282501220703087e-01,1.114971635774612002e-01,-9.937630005912829745e-01,1.865789374643359380e-03,-1.444695739746093832e-01,2.450482982217458972e-01,2.567405051821605722e-02,-9.691708696966774284e-01,1.933337158203125128e+00,0.000000000000000000e+00,0.000000000000000000e+00,0.000000000000000000e+00,1.000000000000000000e+00
9.633492819675939511e-01,1.091512448939862961e-01,2.450391125322941011e-01,-1.096215744018554650e-01,1.114787367784184774e-01,-9.937571022146955979e-01,4.394660867410013494e-03,-1.444724426269531348e-01,2.439890411039179474e-01,2.308305733529435536e-02,-9.695032337672970790e-01,1.933284912109375142e+00,0.000000000000000000e+00,0.000000000000000000e+00,0.000000000000000000e+00,1.000000000000000000e+00
9.629263668396617071e-01,1.084775780970423098e-01,2.469927672932336338e-01,-1.096159591674804729e-01,1.114432422895771935e-01,-9.937688202284629124e-01,1.983857282032317967e-03,-1.444814300537109464e-01,2.456689149912051062e-01,2.561536632431720556e-02,-9.690152925599859746e-01,1.933282348632812564e+00,0.000000000000000000e+00,0.000000000000000000e+00,0.000000000000000000e+00,1.000000000000000000e+00
9.629688472565400836e-01,1.088234314934369701e-01,2.466748061140500436e-01,-1.096261444091796849e-01,1.114675931398798475e-01,-9.937627130562207700e-01,3.262793089061855056e-03,-1.444733276367187458e-01,2.454912929067203653e-01,2.435427882596917157e-02,-9.690928202240765010e-01,1.933293334960937582e+00,0.000000000000000000e+00,0.000000000000000000e+00,0.000000000000000000e+00,1.000000000000000000e+00
9.631031291229525948e-01,1.088079520937069444e-01,2.461568447854967367e-01,-1.096241149902343753e-01,1.115093905134553753e-01,-9.937589086959852658e-01,2.981143183828815352e-03,-1.444735412597656365e-01,2.449449295268127658e-01,2.457765140403687931e-02,-9.692254229799004417e-01,1.933289672851562502e+00,0.000000000000000000e+00,0.000000000000000000e+00,0.000000000000000000e+00,1.000000000000000000e+00
9.630552864192125639e-01,1.090624727666096444e-01,2.462313796696947998e-01,-1.096236190795898402e-01,1.114501482917629321e-01,-9.937608879019217412e-01,4.261704134320209308e-03,-1.444549102783203032e-01,2.451599064809597273e-01,2.333826708256116905e-02,-9.692017052935011368e-01,1.933314819335937518e+00,0.000000000000000000e+00,0.000000000000000000e+00,0.000000000000000000e+00,1.000000000000000000e+00
9.633288558615568098e-01,1.090193475116780775e-01,2.451780930927394409e-01,-1.096340942382812572e-01,1.115035259616653784e-01,-9.937568896117600081e-01,3.769356347749750619e-03,-1.444838562011718786e-01,2.440583519623540087e-01,2.370709213058561776e-02,-9.694707291198284560e-01,1.933332641601562596e+00,0.000000000000000000e+00,0.000000000000000000e+00,0.000000000000000000e+00,1.000000000000000000e+00
9.630369971969623411e-01,1.086280344485544280e-01,2.464948116324187644e-01,-1.096265869140625043e-01,1.113786910645005457e-01,-9.937740955867409021e-01,2.798949358908241897e-03,-1.444545745849609431e-01,2.452642028642102456e-01,2.475877768790006594e-02,-9.691400691957714475e-01,1.933288818359375050e+00,0.000000000000000000e+00,0.000000000000000000e+00,0.000000000000000000e+00,1.000000000000000000e+00
9.632902683259247922e-01,1.087448624919128137e-01,2.454514490284842865e-01,-1.096218261718750059e-01,1.115528402543145836e-01,-9.937554162593731366e-01,2.477193241384472236e-03,-1.444790649414062489e-01,2.441880889391679632e-01,2.499455014147613369e-02,-9.694057198528704955e-01,1.933310424804687511e+00,0.000000000000000000e+00,0.000000000000000000e+00,0.000000000000000000e+00,1.000000000000000000e+00
9.631394804844073398e-01,1.085779286108904396e-01,2.461161810015632112e-01,-1.096260833740234364e-01,1.115384055903377858e-01,-9.937582642982776271e-01,1.922554873061074754e-03,-1.444862823486328107e-01,2.447887358735919283e-01,2.559971791725453374e-02,-9.692384274428897939e-01,1.933293579101562631e+00,0.000000000000000000e+00,0.000000000000000000e+00,0.000000000000000000e+00,1.000000000000000000e+00
9.630875163862795407e-01,1.086025411628166459e-01,2.463085947219190164e-01,-1.096197509765624994e-01,1.114644485665269302e-01,-9.937656757285981968e-01,2.336332476974501554e-03,-1.444436798095703189e-01,2.450267587155898763e-01,2.520455904517288417e-02,-9.691886388710253541e-01,1.933294799804687436e+00,0.000000000000000000e+00,0.000000000000000000e+00,0.000000000000000000e+00,1.000000000000000000e+00
9.631375685584113722e-01,1.085994752327940210e-01,2.461141564610887511e-01,-1.096281280517578116e-01,1.115188780612785674e-01,-9.937601226867298632e-01,2.087676605613236758e-03,-1.444702911376953280e-01,2.448051549035379360e-01,2.543565483367198413e-02,-9.692385999308101852e-01,1.933320556640625076e+00,0.000000000000000000e+00,0.000000000000000000e+00,0.000000000000000000e+00,1.000000000000000000e+00
9.631447529693860643e-01,1.088749991986746185e-01,2.459642644308904780e-01,-1.096272735595703179e-01,1.114296773199248830e-01,-9.937659780291575595e-01,3.550763879695951683e-03,-1.444392547607421806e-01,2.448175072169427868e-01,2.398781901800442484e-02,-9.692723934471886293e-01,1.933303100585937573e+00,0.000000000000000000e+00,0.000000000000000000e+00,0.000000000000000000e+00,1.000000000000000000e+00
9.630807994328693944e-01,1.086814786248889858e-01,2.463000405352234468e-01,-1.096305770874023422e-01,1.114525017136692581e-01,-9.937660809731581057e-01,2.704841772589420754e-03,-1.444700775146484373e-01,2.450585922295104024e-01,2.484577451314395891e-02,-9.691898543955834722e-01,1.933320434570312552e+00,0.000000000000000000e+00,0.000000000000000000e+00,0.000000000000000000e+00,1.000000000000000000e+00
9.628398052770538174e-01,1.086139686532539284e-01,2.472701259502151361e-01,-1.096354904174804690e-01,1.114652602690779926e-01,-9.937652328394527279e-01,2.481481955512314028e-03,-1.444631500244140665e-01,2.459979778924858973e-01,2.517275934296442363e-02,-9.689434075630368737e-01,1.933342529296875112e+00,0.000000000000000000e+00,0.000000000000000000e+00,0.000000000000000000e+00,1.000000000000000000e+00
9.631277746118082073e-01,1.083859741692154016e-01,2.462465641886127099e-01,-1.096348037719726554e-01,1.114954774659724784e-01,-9.937640611013013325e-01,1.322636792153200971e-03,-1.444941711425781206e-01,2.448543409375076030e-01,2.618151001831840047e-02,-9.692063145983004224e-01,1.933377319335937594e+00,0.000000000000000000e+00,0.000000000000000000e+00,0.000000000000000000e+00,1.000000000000000000e+00
9.630957706097857951e-01,1.087694512763115184e-01,2.462026464167134943e-01,-1.096385955810546958e-01,1.114640316124632102e-01,-9.937639159249278542e-01,3.008165927756330238e-03,-1.444979095458984453e-01,2.449945025714637403e-01,2.454558768095007129e-02,-9.692137059674497124e-01,1.933392822265625144e+00,0.000000000000000000e+00,0.000000000000000000e+00,0.000000000000000000e+00,1.000000000000000000e+00
9.630882569647857272e-01,1.084532970558550469e-01,2.463714505665090260e-01,-1.096338577270507819e-01,1.114087543114908319e-01,-9.937727458663375701e-01,1.954235411107061934e-03,-1.444912109375000031e-01,2.450491762061101364e-01,2.556583522974784778e-02,-9.691735083614866353e-01,1.933389404296875114e+00,0.000000000000000000e+00,0.000000000000000000e+00,0.000000000000000000e+00,1.000000000000000000e+00
9.630769758828321425e-01,1.088458136934382647e-01,2.462424158543612684e-01,-1.096309814453124976e-01,1.113860186866107438e-01,-9.937705773117762043e-01,3.632424887747572051e-03,-1.444753570556640554e-01,2.451038420048222422e-01,2.392965755777658882e-02,-9.692014641567783251e-01,1.933342285156250062e+00,0.000000000000000000e+00,0.000000000000000000e+00,0.000000000000000000e+00,1.000000000000000000e+00
9.631591279676213757e-01,1.087459475954496713e-01,2.459650647840432303e-01,-1.096312637329101558e-01,1.115381993531235350e-01,-9.937567621150386055e-01,2.593807181978026455e-03,-1.444453735351562407e-01,2.447115123930906355e-01,2.493625136627645317e-02,-9.692752235923932647e-01,1.933319458007812575e+00,0.000000000000000000e+00,0.000000000000000000e+00,0.000000000000000000e+00,1.000000000000000000e+00
9.630405665354823119e-01,1.086310523696566027e-01,2.464795360026426907e-01,-1.096315841674804642e-01,1.115099304280501163e-01,-9.937606788295839655e-01,2.290988453801644578e-03,-1.444722595214843752e-01,2.451905435022903312e-01,2.527860109311737963e-02,-9.691452882327945551e-01,1.933330322265625068e+00,0.000000000000000000e+00,0.000000000000000000e+00,0.000000000000000000e+00,1.000000000000000000e+00
9.629500634621818156e-01,1.087301312047890683e-01,2.467892498598142359e-01,-1.096284484863281339e-01,1.114435557708822327e-01,-9.937662689090259738e-01,2.989423987345127265e-03,-1.444951324462890596e-01,2.455758725024156652e-01,2.462440551207703554e-02,-9.690645641534182397e-01,1.933313110351562614e+00,0.000000000000000000e+00,0.000000000000000000e+00,0.000000000000000000e+00,1.000000000000000000e+00
9.632609849193988216e-01,1.086215735312745650e-01,2.456209044354726589e-01,-1.096333618164062468e-01,1.115117976143244899e-01,-9.937607771967821302e-01,2.153299345125056150e-03,-1.444731903076171831e-01,2.443223156507231819e-01,2.531543933724430401e-02,-9.693635719410086393e-01,1.933372924804687587e+00,0.000000000000000000e+00,0.000000000000000000e+00,0.000000000000000000e+00,1.000000000000000000e+00
9.630952658643637809e-01,1.085859247666541849e-01,2.462856183625453943e-01,-1.096363677978515611e-01,1.115279048660793026e-01,-9.937592596405230294e-01,2.015022308241853910e-03,-1.444695892333984488e-01,2.449674168248373307e-01,2.552706056894265760e-02,-9.691951990558332897e-01,1.933333862304687623e+00,0.000000000000000000e+00,0.000000000000000000e+00,0.000000000000000000e+00,1.000000000000000000e+00
9.630687389297825085e-01,1.087843162039343475e-01,2.463017999208309827e-01,-1.096318588256835896e-01,1.114475293974738906e-01,-9.937653452579942037e-01,3.144321144390848505e-03,-1.444594421386718730e-01,2.451082460616081093e-01,2.442152968800879662e-02,-9.691880811278583696e-01,1.933351196289062601e+00,0.000000000000000000e+00,0.000000000000000000e+00,0.000000000000000000e+00,1.000000000000000000e+00
9.629240417352173953e-01,1.088096040512328971e-01,2.468557471774299739e-01,-1.096297760009765643e-01,1.113985331332372347e-01,-9.937696588719524549e-01,3.497416373028807215e-03,-1.444569549560546784e-01,2.456983041538470802e-01,2.413162182152714386e-02,-9.690459267569242474e-01,1.933296875000000137e+00,0.000000000000000000e+00,0.000000000000000000e+00,0.000000000000000000e+00,1.000000000000000000e+00
9.630944080342513924e-01,1.090416703697446865e-01,2.460875359219373837e-01,-1.096276321411132904e-01,1.114407828284430246e-01,-9.937622021280736462e-01,4.199707626216117595e-03,-1.444819335937500004e-01,2.450104347486830592e-01,2.337947271727575105e-02,-9.692385088922763625e-01,1.933293823242187459e+00,0.000000000000000000e+00,0.000000000000000000e+00,0.000000000000000000e+00,1.000000000000000000e+00
9.630966482160597808e-01,1.088080469722676469e-01,2.461821583890109466e-01,-1.096336212158203205e-01,1.114227872842058209e-01,-9.937675256799730628e-01,3.326766857315928416e-03,-1.444617004394531390e-01,2.450098134132792371e-01,2.422630425766818599e-02,-9.692178689609499687e-01,1.933336547851562504e+00,0.000000000000000000e+00,0.000000000000000000e+00,0.000000000000000000e+00,1.000000000000000000e+00
9.631159486220585153e-01,1.087149999956574381e-01,2.461477570195931830e-01,-1.096329727172851570e-01,1.115102823737494503e-01,-9.937598864440700952e-01,2.597117555263456223e-03,-1.444761962890624973e-01,2.448941126992626449e-01,2.494668055299933615e-02,-9.692288360829076632e-01,1.933314819335937518e+00,0.000000000000000000e+00,0.000000000000000000e+00,0.000000000000000000e+00,1.000000000000000000e+00
9.631037174335119744e-01,1.087251018645086220e-01,2.461911486839081231e-01,-1.096304702758789107e-01,1.115201801046162289e-01,-9.937587583880673758e-01,2.603758137960359570e-03,-1.444769592285156390e-01,2.449377041110328834e-01,2.494759209942440381e-02,-9.692177973774815936e-01,1.933282104492187514e+00,0.000000000000000000e+00,0.000000000000000000e+00,0.000000000000000000e+00,1.000000000000000000e+00
9.629600622428274859e-01,1.086035222743602507e-01,2.468059834665532193e-01,-1.096397018432617165e-01,1.115007175837466197e-01,-9.937618063819418923e-01,2.249923289726053072e-03,-1.444619293212890676e-01,2.455107095497049696e-01,2.535245798936679520e-02,-9.690623015938130136e-01,1.933331420898437569e+00,0.000000000000000000e+00,0.000000000000000000e+00,0.000000000000000000e+00,1.000000000000000000e+00
9.629505059517616816e-01,1.086177155606376094e-01,2.468370210354087768e-01,-1.096322555541992261e-01,1.114513505748121608e-01,-9.937667317564357061e-01,2.505854980455756581e-03,-1.444841308593750040e-01,2.455705999143560359e-01,2.509730504498800668e-02,-9.690537682384720020e-01,1.933322387695312505e+00,0.000000000000000000e+00,0.000000000000000000e+00,0.000000000000000000e+00,1.000000000000000000e+00
9.630519603760661074e-01,1.089122652138916486e-01,2.463108607061311184e-01,-1.096254196166992212e-01,1.114258476608065845e-01,-9.937656645074217643e-01,3.752934744074379672e-03,-1.444479522705078289e-01,2.451840167892004319e-01,2.383112527979923401e-02,-9.691836128304129883e-01,1.933322387695312505e+00,0.000000000000000000e+00,0.000000000000000000e+00,0.000000000000000000e+00,1.000000000000000000e+00
9.633521143841963230e-01,1.087504458189230139e-01,2.452061260362074779e-01,-1.096416931152343760e-01,1.115328450033616636e-01,-9.937574671232742851e-01,2.553629219581719095e-03,-1.444795989990234342e-01,2.439531270489375958e-01,2.488849274103377418e-02,-9.694676037558578319e-01,1.933375854492187518e+00,0.000000000000000000e+00,0.000000000000000000e+00,0.000000000000000000e+00,1.000000000000000000e+00
9.632697047670457646e-01,1.088862893685761252e-01,2.454694520007558445e-01,-1.096291503906249992e-01,1.115580330602693876e-01,-9.937532784139178066e-01,3.037581490949615298e-03,-1.444946441650390712e-01,2.442668236534231430e-01,2.445807901559365199e-02,-9.693995673782480615e-01,1.933314697265624993e+00,0.000000000000000000e+00,0.000000000000000000e+00,0.000000000000000000e+00,1.000000000000000000e+00
9.630681155965383766e-01,1.086458420627668953e-01,2.463653500876396008e-01,-1.096172027587890702e-01,1.114220983292922296e-01,-9.937695400703228099e-01,2.686490706707100537e-03,-1.444737701416015652e-01,2.451222566908815570e-01,2.486327071991945720e-02,-9.691733059901506131e-01,1.933279296875000108e+00,0.000000000000000000e+00,0.000000000000000000e+00,0.000000000000000000e+00,1.000000000000000000e+00
9.630271034426340915e-01,1.085294166536319854e-01,2.465768921770910560e-01,-1.096311492919921915e-01,1.114734637875440665e-01,-9.937653353715787397e-01,2.031030531777453310e-03,-1.444783325195312662e-01,2.452599945080680133e-01,2.553084281092692087e-02,-9.691211024218111536e-01,1.933341308593750085e+00,0.000000000000000000e+00,0.000000000000000000e+00,0.000000000000000000e+00,1.000000000000000000e+00
9.631647738729604002e-01,1.086004574062028605e-01,2.460072336770057488e-01,-1.096250839233398472e-01,1.114762441910359947e-01,-9.937645538827969416e-01,2.249094748178158409e-03,-1.444403228759765789e-01,2.447175215453726016e-01,2.525771361959126132e-02,-9.692653829325593717e-01,1.933349487304687475e+00,0.000000000000000000e+00,0.000000000000000000e+00,0.000000000000000000e+00,1.000000000000000000e+00
9.631135337870684321e-01,1.084461699698576059e-01,2.462757585615246159e-01,-1.096319885253906334e-01,1.114732252060841172e-01,-9.937660516296376034e-01,1.659726059990910066e-03,-1.444691772460937607e-01,2.449204791321853980e-01,2.585464846617169937e-02,-9.691983780704296336e-01,1.933328247070312589e+00,0.000000000000000000e+00,0.000000000000000000e+00,0.000000000000000000e+00,1.000000000000000000e+00
9.629455244247625556e-01,1.086294647946846187e-01,2.468512839114667401e-01,-1.096304626464843779e-01,1.114007326178877016e-01,-9.937717480250199964e-01,2.754922774658835269e-03,-1.444553985595703194e-01,2.456130977014806260e-01,2.484657331941001607e-02,-9.690494590224826288e-01,1.933295898437499938e+00,0.000000000000000000e+00,0.000000000000000000e+00,0.000000000000000000e+00,1.000000000000000000e+00
9.630525886536547286e-01,1.086843717208102328e-01,2.464090477866978934e-01,-1.096403579711914128e-01,1.114566688814315892e-01,-9.937655952684374405e-01,2.711571983791537244e-03,-1.444621734619140618e-01,2.451675395507107724e-01,2.485254523023967127e-02,-9.691621270696815227e-01,1.933347656250000046e+00,0.000000000000000000e+00,0.000000000000000000e+00,0.000000000000000000e+00,1.000000000000000000e+00
9.630723721335765486e-01,1.088542643796911874e-01,2.462566855120135456e-01,-1.096314544677734343e-01,1.114841820949532686e-01,-9.937607949631948046e-01,3.280173278780109183e-03,-1.444735107421875053e-01,2.450773004087195284e-01,2.429468090911702377e-02,-9.691990947704702819e-01,1.933317382812500096e+00,0.000000000000000000e+00,0.000000000000000000e+00,0.000000000000000000e+00,1.000000000000000000e+00
9.631777884540466683e-01,1.085651888875721199e-01,2.459718430848908954e-01,-1.096329956054687554e-01,1.114705201908771787e-01,-9.937654715246098114e-01,2.123848828359281571e-03,-1.444731903076171831e-01,2.446689006742533423e-01,2.537296528347178504e-02,-9.692746471849846834e-01,1.933363769531249998e+00,0.000000000000000000e+00,0.000000000000000000e+00,0.000000000000000000e+00,1.000000000000000000e+00
9.630909618264844596e-01,1.088319512248052123e-01,2.461938375360732123e-01,-1.096263656616210946e-01,1.115440368074150368e-01,-9.937551256158043689e-01,2.945872540172622331e-03,-1.444527740478515621e-01,2.449769930031039378e-01,2.462431125774942886e-02,-9.692161349225665301e-01,1.933342163085937537e+00,0.000000000000000000e+00,0.000000000000000000e+00,0.000000000000000000e+00,1.000000000000000000e+00
9.630966729878052135e-01,1.085752687744757639e-01,2.462848137631937218e-01,-1.096365585327148395e-01,1.115099100413158850e-01,-9.937612226434084928e-01,2.042628908019598205e-03,-1.444745178222656412e-01,2.449700766265102692e-01,2.549594832181357670e-02,-9.691953457259137039e-01,1.933331665039062619e+00,0.000000000000000000e+00,0.000000000000000000e+00,0.000000000000000000e+00,1.000000000000000000e+00
9.631707414359612640e-01,1.087005797525529421e-01,2.459396405689001641e-01,-1.096277847290039048e-01,1.114909197617384023e-01,-9.937620696959873490e-01,2.592999080118740113e-03,-1.444531250000000155e-01,2.446873467353441467e-01,2.492253588635729572e-02,-9.692816770952658034e-01,1.933301757812500021e+00,0.000000000000000000e+00,0.000000000000000000e+00,0.000000000000000000e+00,1.000000000000000000e+00
9.631376068778775279e-01,1.086036459632746393e-01,2.461121660971659075e-01,-1.096267013549804686e-01,1.115451388272292038e-01,-9.937573546388246415e-01,2.000526245755486140e-03,-1.444810333251953238e-01,2.447930395692848315e-01,2.552583367354513411e-02,-9.692392891302442637e-01,1.933332641601562596e+00,0.000000000000000000e+00,0.000000000000000000e+00,0.000000000000000000e+00,1.000000000000000000e+00
9.632655625235422292e-01,1.087373206696774508e-01,2.455517280529373736e-01,-1.096262130737304663e-01,1.116304257141299272e-01,-9.937474678337752110e-01,2.149006477948961838e-03,-1.444927520751953243e-01,2.442500851813282081e-01,2.534098000354141622e-02,-9.693811070066169489e-01,1.933334838867187599e+00,0.000000000000000000e+00,0.000000000000000000e+00,0.000000000000000000e+00,1.000000000000000000e+00
9.631753511729720385e-01,1.087727509134128190e-01,2.458896735358174768e-01,-1.096166763305664038e-01,1.115044292538340531e-01,-9.937599094593713156e-01,2.829241608452911019e-03,-1.444866180419921986e-01,2.446630441026984570e-01,2.469273192724809329e-02,-9.692936932841201836e-01,1.933291015625000053e+00,0.000000000000000000e+00,0.000000000000000000e+00,0.000000000000000000e+00,1.000000000000000000e+00
9.630538366903436120e-01,1.085507891216756782e-01,2.464630475691454714e-01,-1.096192398071289126e-01,1.114914164568971688e-01,-9.937633132587415652e-01,2.035012885292401125e-03,-1.444982299804687398e-01,2.451468370027320709e-01,2.551868731087251693e-02,-9.691500528326282282e-01,1.933300903320312569e+00,0.000000000000000000e+00,0.000000000000000000e+00,0.000000000000000000e+00,1.000000000000000000e+00
9.630704844145139276e-01,1.088312265120886801e-01,2.462742499439777022e-01,-1.096173858642578158e-01,1.114766224463520639e-01,-9.937618467369939701e-01,3.217859200397337610e-03,-1.444399566650390598e-01,2.450881569916176506e-01,2.435479636035896983e-02,-9.691948406779198333e-01,1.933283569335937591e+00,0.000000000000000000e+00,0.000000000000000000e+00,0.000000000000000000e+00,1.000000000000000000e+00
9.629320085621456693e-01,1.086691775353805511e-01,2.468865260403170780e-01,-1.096277542114257875e-01,1.115035743881273855e-01,-9.937608514298105211e-01,2.514570374802476208e-03,-1.444412384033203212e-01,2.456194206188581641e-01,2.510736982008342222e-02,-9.690411344187482845e-01,1.933295654296875110e+00,0.000000000000000000e+00,0.000000000000000000e+00,0.000000000000000000e+00,1.000000000000000000e+00
9.630396924394741820e-01,1.087738306052240672e-01,2.464199759791181610e-01,-1.096264953613281246e-01,1.114397290854119843e-01,-9.937662193331207039e-01,3.144533944143360418e-03,-1.444307861328125164e-01,2.452258908994992825e-01,2.443266436191334628e-02,-9.691580404375361724e-01,1.933297607421875064e+00,0.000000000000000000e+00,0.000000000000000000e+00,0.000000000000000000e+00,1.000000000000000000e+00
9.629934185710163908e-01,1.087003643786938062e-01,2.466331416757416850e-01,-1.096219406127929702e-01,1.115070579669458634e-01,-9.937602376280317840e-01,2.601179162215585053e-03,-1.445054779052734328e-01,2.453769586013802018e-01,2.499641761166922216e-02,-9.691054263051671613e-01,1.933298095703124941e+00,0.000000000000000000e+00,0.000000000000000000e+00,0.000000000000000000e+00,1.000000000000000000e+00
9.630548158191073460e-01,1.084901094532623039e-01,2.464859385004437020e-01,-1.096219329833984374e-01,1.115260658562739621e-01,-9.937601342196532572e-01,1.652958063303580638e-03,-1.444884948730468799e-01,2.451272289286675621e-01,2.589771778663443186e-02,-9.691449581209184982e-01,1.933283691406250115e+00,0.000000000000000000e+00,0.000000000000000000e+00,0.000000000000000000e+00,1.000000000000000000e+00
9.632856721567270020e-01,1.090629183159019522e-01,2.453283384894250352e-01,-1.096239089965820312e-01,1.115356522138657991e-01,-9.937530320397226502e-01,3.835309255543198001e-03,-1.444934234619140723e-01,2.442140702391870644e-01,2.366835778580721195e-02,-9.694324611528811753e-01,1.933310424804687511e+00,0.000000000000000000e+00,0.000000000000000000e+00,0.000000000000000000e+00,1.000000000000000000e+00
9.629435571510156500e-01,1.085433982768454347e-01,2.468968133286920941e-01,-1.096311874389648416e-01,1.114722086228892156e-01,-9.937652748253944512e-01,2.127264897369354410e-03,-1.444806365966797013e-01,2.455883801120972987e-01,2.547369705642715809e-02,-9.690394410508758050e-01,1.933347900390625096e+00,0.000000000000000000e+00,0.000000000000000000e+00,0.000000000000000000e+00,1.000000000000000000e+00
9.629630562320399267e-01,1.088597464006611781e-01,2.466813895409070423e-01,-1.096209793090820311e-01,1.113778208568269590e-01,-9.937709999781978443e-01,3.765716866327687221e-03,-1.444467163085937644e-01,2.455547461431636658e-01,2.384858939049683962e-02,-9.690893206669084492e-01,1.933307739257812630e+00,0.000000000000000000e+00,0.000000000000000000e+00,0.000000000000000000e+00,1.000000000000000000e+00
9.630458280244407199e-01,1.086508262934524488e-01,2.464502608447986520e-01,-1.096322479248046933e-01,1.114610898681513834e-01,-9.937654973359861810e-01,2.561591295274475225e-03,-1.444635009765624922e-01,2.451920850478725433e-01,2.500268486203364310e-02,-9.691520557577983919e-01,1.933375488281249943e+00,0.000000000000000000e+00,0.000000000000000000e+00,0.000000000000000000e+00,1.000000000000000000e+00
9.632315479802439073e-01,1.087770159118137958e-01,2.456675513471497374e-01,-1.096289901733398520e-01,1.114869886952687961e-01,-9.937616834846733083e-01,2.892713150216757317e-03,-1.445029754638672004e-01,2.444496601086703080e-01,2.460238295428794630e-02,-9.693498266496604066e-01,1.933378906249999973e+00,0.000000000000000000e+00,0.000000000000000000e+00,0.000000000000000000e+00,1.000000000000000000e+00
9.630577376412253754e-01,1.088640061427135208e-01,2.463096062599347824e-01,-1.096251296997070301e-01,1.114043020269331608e-01,-9.937684960207550100e-01,3.641127097309255350e-03,-1.444822387695312571e-01,2.451711146510875683e-01,2.393333414311794166e-02,-9.691843581370561678e-01,1.933315673828124970e+00,0.000000000000000000e+00,0.000000000000000000e+00,0.000000000000000000e+00,1.000000000000000000e+00
9.630263704827555227e-01,1.085259747022318672e-01,2.465812697058330227e-01,-1.096248855590820359e-01,1.114941704473401823e-01,-9.937632027968137383e-01,1.935645442241474071e-03,-1.444766693115234479e-01,2.452534601408707660e-01,2.562829650892040761e-02,-9.691201838301486404e-01,1.933301025390625094e+00,0.000000000000000000e+00,0.000000000000000000e+00,0.000000000000000000e+00,1.000000000000000000e+00
9.630243637624800179e-01,1.087194991290147961e-01,2.465038444101975146e-01,-1.096269531249999957e-01,1.113999770405055545e-01,-9.937708513678169542e-01,3.088703135473064992e-03,-1.444757385253906401e-01,2.453041375828087234e-01,2.448602623580222945e-02,-9.691368915710174559e-01,1.933328247070312589e+00,0.000000000000000000e+00,0.000000000000000000e+00,0.000000000000000000e+00,1.000000000000000000e+00
9.627047249530105155e-01,1.088953612677666244e-01,2.476719864003821547e-01,-1.096363067626953125e-01,1.114002156399649529e-01,-9.937678880224645184e-01,3.921312374679195370e-03,-1.444751434326171924e-01,2.465554795751207784e-01,2.381564674186067293e-02,-9.688360080332218960e-01,1.933380981445312452e+00,0.000000000000000000e+00,0.000000000000000000e+00,0.000000000000000000e+00,1.000000000000000000e+00
9.632284655827918485e-01,1.089587818767691063e-01,2.455990776508558959e-01,-1.096343460083007842e-01,1.115530413678836874e-01,-9.937527759296758134e-01,3.367386767025094471e-03,-1.444811553955078209e-01,2.444316715415490726e-01,2.415376128047462545e-02,-9.693656450294749760e-01,1.933398559570312480e+00,0.000000000000000000e+00,0.000000000000000000e+00,0.000000000000000000e+00,1.000000000000000000e+00
9.629459933422308549e-01,1.085166828913172454e-01,2.468990551630550478e-01,-1.096371307373046888e-01,1.114767573863183481e-01,-9.937650273049403182e-01,2.000766913692679852e-03,-1.444676818847656363e-01,2.455767628843900097e-01,2.559687558817105163e-02,-9.690391392979684770e-01,1.933394897460937623e+00,0.000000000000000000e+00,0.000000000000000000e+00,0.000000000000000000e+00,1.000000000000000000e+00
9.631733682787319006e-01,1.087508865366548644e-01,2.459071111539752608e-01,-1.096322555541992261e-01,1.114666831994070711e-01,-9.937639656293290047e-01,2.891220018012881018e-03,-1.444852447509765714e-01,2.446880486969581214e-01,2.462570393229718269e-02,-9.692890866664670702e-01,1.933372314453124963e+00,0.000000000000000000e+00,0.000000000000000000e+00,0.000000000000000000e+00,1.000000000000000000e+00
9.632230948170261708e-01,1.085001054340252596e-01,2.458231004847100110e-01,-1.096341781616210903e-01,1.114474848463301443e-01,-9.937684445669574540e-01,1.933055714981450277e-03,-1.444737854003906308e-01,2.445009769562024871e-01,2.553440235790944285e-02,-9.693127805634706995e-01,1.933369750976562607e+00,0.000000000000000000e+00,0.000000000000000000e+00,0.000000000000000000e+00,1.000000000000000000e+00
9.632345485356268444e-01,1.088398499214351389e-01,2.456279535729736230e-01,-1.096365280151367222e-01,1.114325811570126834e-01,-9.937663108418333113e-01,3.361442026684448997e-03,-1.444545898437500087e-01,2.444626441075470336e-01,2.413309977794924829e-02,-9.693583491831361254e-01,1.933383300781249980e+00,0.000000000000000000e+00,0.000000000000000000e+00,0.000000000000000000e+00,1.000000000000000000e+00
9.631751999898107153e-01,1.085045656168446282e-01,2.460087261966293626e-01,-1.096340026855468774e-01,1.115338367202261260e-01,-9.937593013375186635e-01,1.629193552961233360e-03,-1.444793701171875056e-01,2.446502348068651245e-01,2.586909827317012897e-02,-9.692662443124072658e-01,1.933363281250000121e+00,0.000000000000000000e+00,0.000000000000000000e+00,0.000000000000000000e+00,1.000000000000000000e+00
9.632560528685980561e-01,1.089607502984882986e-01,2.454899824970444844e-01,-1.096318206787109395e-01,1.114212393590458400e-01,-9.937656650724879803e-01,3.887202429794529152e-03,-1.444598846435546924e-01,2.443830682181213076e-01,2.360842683082606253e-02,-9.693913338538109326e-01,1.933313110351562614e+00,0.000000000000000000e+00,0.000000000000000000e+00,0.000000000000000000e+00,1.000000000000000000e+00
9.629268309163149242e-01,1.086490686225299596e-01,2.469155689480099503e-01,-1.096262741088867149e-01,1.113727172776439733e-01,-9.937743224546792264e-01,2.951927495263349452e-03,-1.444655914306640643e-01,2.456990764078218203e-01,2.465716766378664437e-02,-9.690325009694685798e-01,1.933300415039062470e+00,0.000000000000000000e+00,0.000000000000000000e+00,0.000000000000000000e+00,1.000000000000000000e+00
9.633286594960303040e-01,1.086574048470043130e-01,2.453394835029531762e-01,-1.096419525146484358e-01,1.115730200684630913e-01,-9.937541713886653971e-01,2.026830143283069735e-03,-1.444780578613281408e-01,2.440273652408351535e-01,2.542076355150632919e-02,-9.694351086040132737e-01,1.933379882812499950e+00,0.000000000000000000e+00,0.000000000000000000e+00,0.000000000000000000e+00,1.000000000000000000e+00
9.634181646488733097e-01,1.085636936168979105e-01,2.450293134562731845e-01,-1.096339645385742273e-01,1.115520946465598240e-01,-9.937571467560100125e-01,1.692173548737629929e-03,-1.444723968505859379e-01,2.436833400225818236e-01,2.570326243126358490e-02,-9.695141938599085574e-01,1.933310302734374986e+00,0.000000000000000000e+00,0.000000000000000000e+00,0.000000000000000000e+00,1.000000000000000000e+00
9.630002178060015350e-01,1.088021567814421026e-01,2.465616985366951286e-01,-1.096329650878906242e-01,1.114882819699786615e-01,-9.937609669432352355e-01,3.082785011784359291e-03,-1.444965362548828181e-01,2.453588056071682177e-01,2.452001753165852435e-02,-9.691221931476292628e-01,1.933302368164062646e+00,0.000000000000000000e+00,0.000000000000000000e+00,0.000000000000000000e+00,1.000000000000000000e+00
9.630052389523271472e-01,1.085842264609084978e-01,2.466381469162018114e-01,-1.096336898803711019e-01,1.114578155273492771e-01,-9.937664513199175875e-01,2.322840694025239683e-03,-1.444733886718750082e-01,2.453529398809869144e-01,2.525284132339532250e-02,-9.691048595982030278e-01,1.933316772460937472e+00,0.000000000000000000e+00,0.000000000000000000e+00,0.000000000000000000e+00,1.000000000000000000e+00
9.630864562304883858e-01,1.088298493217269430e-01,2.462123914875327668e-01,-1.096254501342773524e-01,1.114969148090829559e-01,-9.937598645812293352e-01,3.125625625879901656e-03,-1.444855346679687624e-01,2.450161541887717620e-01,2.444167433109414173e-02,-9.692108587621359739e-01,1.933341796874999963e+00,0.000000000000000000e+00,0.000000000000000000e+00,0.000000000000000000e+00,1.000000000000000000e+00
