T00,T01,T02,T03,T10,T11,T12,T13,T20,T21,T22,T23,T30,T31,T32,T33
6.450818284457635610e-01,7.572856764202200441e-01,-1.019207481224500000e-01,1.136208489139930722e-01,-7.237066069717374983e-01,6.483106309762922681e-01,2.365207660831840919e-01,-4.391043332162694601e-01,2.451900928555740822e-01,-7.881452944661374027e-02,9.662660546213881485e-01,-9.010339359310348684e-02,0.000000000000000000e+00,0.000000000000000000e+00,0.000000000000000000e+00,1.000000000000000000e+00
6.451229443230960259e-01,7.571691766093694431e-01,-1.025242639602406275e-01,1.135904862483266831e-01,-7.236144739700939299e-01,6.485200946824052348e-01,2.362282367840656538e-01,-4.390714250271130492e-01,2.453537849084133082e-01,-7.820821431162935933e-02,9.662737683727642413e-01,-9.026890298969014736e-02,0.000000000000000000e+00,0.000000000000000000e+00,0.000000000000000000e+00,1.000000000000000000e+00
6.449506184516019536e-01,7.572344608324672599e-01,-1.031245416312673718e-01,1.136584292136330610e-01,-7.236785924288351435e-01,6.485161126124905362e-01,2.360426794929335326e-01,-4.390611742453158217e-01,2.456175779929368197e-01,-7.760684898735634163e-02,9.662552366591021791e-01,-9.022921816549156482e-02,0.000000000000000000e+00,0.000000000000000000e+00,0.000000000000000000e+00,1.000000000000000000e+00
6.450111886845687481e-01,7.572549955739540373e-01,-1.025935580336834463e-01,1.135766531617482256e-01,-7.235960801282219634e-01,6.483985494948839579e-01,2.366179068371678795e-01,-4.391189001260195068e-01,2.457016062112573340e-01,-7.838490091351561773e-02,9.661710656058722924e-01,-9.010643367167969764e-02,0.000000000000000000e+00,0.000000000000000000e+00,0.000000000000000000e+00,1.000000000000000000e+00
6.450325186944463329e-01,7.573261664319174136e-01,-1.019319746901566348e-01,1.136076703763446716e-01,-7.236289737638746944e-01,6.482284566276379500e-01,2.369830718587137008e-01,-4.390683522942798178e-01,2.455486879544269141e-01,-7.910085749020974444e-02,9.661515906875965953e-01,-9.007725606412009256e-02,0.000000000000000000e+00,0.000000000000000000e+00,0.000000000000000000e+00,1.000000000000000000e+00
6.449377394108311012e-01,7.571615958199549024e-01,-1.037382769233541474e-01,1.136655551657265728e-01,-7.236142621835224276e-01,6.486713212655734750e-01,2.358133086409074375e-01,-4.390750754955952684e-01,2.458408262438190883e-01,-7.701840548177256440e-02,9.662455450706108895e-01,-9.028484981046069890e-02,0.000000000000000000e+00,0.000000000000000000e+00,0.000000000000000000e+00,1.000000000000000000e+00
6.450894876344568374e-01,7.572035702684609682e-01,-1.024807597366957646e-01,1.136076742700813658e-01,-7.237094571829092438e-01,6.484956864993509651e-01,2.360041655898357515e-01,-4.390338138369106469e-01,2.451615274212761986e-01,-7.807751125920839308e-02,9.663331349529702408e-01,-9.037819962605442292e-02,0.000000000000000000e+00,0.000000000000000000e+00,0.000000000000000000e+00,1.000000000000000000e+00
6.449343581991544561e-01,7.572436854796544825e-01,-1.031584917272201085e-01,1.136542000169724898e-01,-7.238215637020590787e-01,6.485518451655538641e-01,2.355055159699272482e-01,-4.390051204689238151e-01,2.452386950180394376e-01,-7.721725800328334277e-02,9.663826765481176029e-01,-9.037669538694470539e-02,0.000000000000000000e+00,0.000000000000000000e+00,0.000000000000000000e+00,1.000000000000000000e+00
6.450449311581955003e-01,7.572312932832900856e-01,-1.025563516298982208e-01,1.136180285339378204e-01,-7.234732942748862694e-01,6.483891578637160924e-01,2.370187596706757049e-01,-4.391353411996011258e-01,2.459744483847118302e-01,-7.869096795247582099e-02,9.660767579776152747e-01,-8.991564818227737454e-02,0.000000000000000000e+00,0.000000000000000000e+00,0.000000000000000000e+00,1.000000000000000000e+00
6.450739111740338982e-01,7.572314117521437016e-01,-1.023730344304125822e-01,1.135864975940715782e-01,-7.235844530192956370e-01,6.484030179306357056e-01,2.366412172196784292e-01,-4.391109879853685727e-01,2.455711474733991428e-01,-7.857553941462649960e-02,9.661887476752661907e-01,-9.013285100698276153e-02,0.000000000000000000e+00,0.000000000000000000e+00,0.000000000000000000e+00,1.000000000000000000e+00
6.448495462031147429e-01,7.573179873496470593e-01,-1.031432440750107843e-01,1.136752651280812376e-01,-7.235759622769725175e-01,6.483654954436122164e-01,2.367699540336843378e-01,-4.390998932291783619e-01,2.461846656000140077e-01,-7.804902532920908464e-02,9.660752869567517109e-01,-9.004034764070389940e-02,0.000000000000000000e+00,0.000000000000000000e+00,0.000000000000000000e+00,1.000000000000000000e+00
6.450743637542393216e-01,7.572876266111761012e-01,-1.019534982660015160e-01,1.136072342401157065e-01,-7.241592296131482698e-01,6.484563901351990678e-01,2.347290358241148622e-01,-4.389993499937960841e-01,2.438697918832002376e-01,-7.758711667821382996e-02,9.666994175711528525e-01,-9.065728460052246973e-02,0.000000000000000000e+00,0.000000000000000000e+00,0.000000000000000000e+00,1.000000000000000000e+00
6.448981663337614023e-01,7.572836015469969206e-01,-1.030917159007535139e-01,1.136433635980786394e-01,-7.235039587827681862e-01,6.483861935062703585e-01,2.369332515627814439e-01,-4.390777426520039439e-01,2.462689113246231409e-01,-7.821055490442992142e-02,9.660407509088456690e-01,-9.002917361493123494e-02,0.000000000000000000e+00,0.000000000000000000e+00,0.000000000000000000e+00,1.000000000000000000e+00
6.450027246851071094e-01,7.574977911418320220e-01,-1.008393849844068935e-01,1.136236633347866842e-01,-7.241548993755621000e-01,6.480206313141788632e-01,2.359426690989624986e-01,-4.389470078591658497e-01,2.440720525975011712e-01,-7.916032975183066867e-02,9.665208095713325731e-01,-9.035060851408571736e-02,0.000000000000000000e+00,0.000000000000000000e+00,0.000000000000000000e+00,1.000000000000000000e+00
6.449446134860146174e-01,7.573378717249876768e-01,-1.024001639961649446e-01,1.136320989554617245e-01,-7.237554599614461903e-01,6.483072067111461667e-01,2.363806250571030554e-01,-4.390542901054250713e-01,2.454067637848856565e-01,-7.833973306986398433e-02,9.662496605490591417e-01,-9.022233229422127465e-02,0.000000000000000000e+00,0.000000000000000000e+00,0.000000000000000000e+00,1.000000000000000000e+00
6.451224750776358707e-01,7.572992357312309242e-01,-1.015620978052311912e-01,1.135910224111163769e-01,-7.238677675384834753e-01,6.483006193813853901e-01,2.360545742589300611e-01,-4.390200457731512351e-01,2.446067195899530033e-01,-7.876658219452070675e-02,9.664178072970491806e-01,-9.057723842169340678e-02,0.000000000000000000e+00,0.000000000000000000e+00,0.000000000000000000e+00,1.000000000000000000e+00
6.451442041189704435e-01,7.573300080278850821e-01,-1.011939466182844027e-01,1.135558386192969671e-01,-7.238818044464179202e-01,6.482171288541702658e-01,2.362407396099458490e-01,-4.390452087277990634e-01,2.445078507596402662e-01,-7.915688725903723133e-02,9.664109364635532495e-01,-9.050409896270794619e-02,0.000000000000000000e+00,0.000000000000000000e+00,0.000000000000000000e+00,1.000000000000000000e+00
6.449648208480738276e-01,7.571587189122429562e-01,-1.035908019255711715e-01,1.136364460683768618e-01,-7.236121575842205944e-01,6.486578844248821474e-01,2.358567242411065412e-01,-4.390232422592236228e-01,2.457759655961523904e-01,-7.715972620873666477e-02,9.662507704455772783e-01,-9.031884402246115329e-02,0.000000000000000000e+00,0.000000000000000000e+00,0.000000000000000000e+00,1.000000000000000000e+00
6.450247776171258440e-01,7.572730565035303840e-01,-1.023745776732617740e-01,1.136560952865539875e-01,-7.237462316996627898e-01,6.483947940709091640e-01,2.361685481224833905e-01,-4.390576594868572657e-01,2.452232214952649036e-01,-7.824135041999667750e-02,9.663042288658059142e-01,-9.029875952636623460e-02,0.000000000000000000e+00,0.000000000000000000e+00,0.000000000000000000e+00,1.000000000000000000e+00
6.449473722637274475e-01,7.571656849001241474e-01,-1.036485051500461302e-01,1.136513396793327746e-01,-7.235858799650655149e-01,6.486462464540625472e-01,2.359693227439480512e-01,-4.390696533287727910e-01,2.458990876869918130e-01,-7.718919983250094319e-02,9.662170905670854903e-01,-9.011996748832840076e-02,0.000000000000000000e+00,0.000000000000000000e+00,0.000000000000000000e+00,1.000000000000000000e+00
6.448674474106194099e-01,7.573214927367032390e-01,-1.030054945581247439e-01,1.136237180651156475e-01,-7.237182367959661411e-01,6.483895171660002399e-01,2.362688040308735249e-01,-4.390208509967511441e-01,2.457191262377642627e-01,-7.781510565624673303e-02,9.662126682737383065e-01,-9.034064490314785978e-02,0.000000000000000000e+00,0.000000000000000000e+00,0.000000000000000000e+00,1.000000000000000000e+00
6.449967785883218285e-01,7.572336908322343518e-01,-1.028411059804372057e-01,1.136239738200536253e-01,-7.234255243638314514e-01,6.484038719807402318e-01,2.371242912468050079e-01,-4.390991697728541254e-01,2.462410735632929448e-01,-7.854652295917409488e-02,9.660205885080406230e-01,-9.012064606429937008e-02,0.000000000000000000e+00,0.000000000000000000e+00,0.000000000000000000e+00,1.000000000000000000e+00
6.451030840470719507e-01,7.573733060971820086e-01,-1.011320234366008403e-01,1.136252358857116340e-01,-7.238961523688997035e-01,6.481517518006533196e-01,2.363761139016532786e-01,-4.390406911987020377e-01,2.445738570216767216e-01,-7.927787742598171872e-02,9.663843162077765392e-01,-9.026850103411243609e-02,0.000000000000000000e+00,0.000000000000000000e+00,0.000000000000000000e+00,1.000000000000000000e+00
6.450348086125734515e-01,7.573271521685032148e-01,-1.019101578179793660e-01,1.136073698976133028e-01,-7.237216417952372360e-01,6.482542810315807813e-01,2.366291873827798264e-01,-4.390540138229068190e-01,2.452694046866569222e-01,-7.887947586396042154e-02,9.662406260409877046e-01,-9.017958100451206604e-02,0.000000000000000000e+00,0.000000000000000000e+00,0.000000000000000000e+00,1.000000000000000000e+00
6.450041495519343027e-01,7.573523855548673911e-01,-1.019166873241930116e-01,1.136232280165282993e-01,-7.236705031634731444e-01,6.482021218998940126e-01,2.369282845411257443e-01,-4.390727672380393409e-01,2.455008144831939410e-01,-7.906562627859438364e-02,9.661666403003480452e-01,-9.017321350589790896e-02,0.000000000000000000e+00,0.000000000000000000e+00,0.000000000000000000e+00,1.000000000000000000e+00
6.450981821235428626e-01,7.573077994692346548e-01,-1.016525075144036200e-01,1.135969047171160873e-01,-7.236644170166764978e-01,6.482333364979385726e-01,2.368614637222869468e-01,-4.390546631977131908e-01,2.452715779800306861e-01,-7.923659707367458616e-02,9.662108541717847610e-01,-9.016322094394313424e-02,0.000000000000000000e+00,0.000000000000000000e+00,0.000000000000000000e+00,1.000000000000000000e+00
6.450403878532933177e-01,7.571562786418556401e-01,-1.031371308079166854e-01,1.136078950261908416e-01,-7.234672453532443592e-01,6.485632728646081313e-01,2.365604066451872656e-01,-4.391035487056453857e-01,2.460041522801217351e-01,-7.797468053390368969e-02,9.661272722869250762e-01,-8.998849052752966315e-02,0.000000000000000000e+00,0.000000000000000000e+00,0.000000000000000000e+00,1.000000000000000000e+00
6.450446970901784205e-01,7.572298363361983364e-01,-1.025685805600055900e-01,1.136461662121953375e-01,-7.237054192977995237e-01,6.484667574365232667e-01,2.360960198282840150e-01,-4.390455905180052909e-01,2.452912653048129610e-01,-7.806304799337324130e-02,9.663013793341849178e-01,-9.036770419516626518e-02,0.000000000000000000e+00,0.000000000000000000e+00,0.000000000000000000e+00,1.000000000000000000e+00
6.449757405408268474e-01,7.570698998119125278e-01,-1.041703456488118629e-01,1.136504613696837085e-01,-7.236399466924656743e-01,6.488602162902077364e-01,2.352140456408810532e-01,-4.390497964911085349e-01,2.456654669764102017e-01,-7.632552990058914799e-02,9.663451204516204651e-01,-9.021659360904754621e-02,0.000000000000000000e+00,0.000000000000000000e+00,0.000000000000000000e+00,1.000000000000000000e+00
6.449353721236511516e-01,7.574392341127412775e-01,-1.017063046739556248e-01,1.136672355756458141e-01,-7.237936008090953832e-01,6.480913067081923717e-01,2.368554022965735639e-01,-4.389954562907782964e-01,2.453185464075873234e-01,-7.914205453468850515e-02,9.662066787144957258e-01,-9.025027540385166525e-02,0.000000000000000000e+00,0.000000000000000000e+00,0.000000000000000000e+00,1.000000000000000000e+00
6.449867138254719023e-01,7.572946271341272073e-01,-1.024548032178215218e-01,1.135710980329222575e-01,-7.233705683340831971e-01,6.482527896342666907e-01,2.377043154833691219e-01,-4.391024032961536316e-01,2.464288129595335608e-01,-7.920333607351925931e-02,9.659190813407615428e-01,-9.003538302914759761e-02,0.000000000000000000e+00,0.000000000000000000e+00,0.000000000000000000e+00,1.000000000000000000e+00
6.450952334105972685e-01,7.572289437663431988e-01,-1.022568655564776441e-01,1.136000284816251482e-01,-7.236970786038493531e-01,6.484289836679830721e-01,2.362252983055811439e-01,-4.391050358527009423e-01,2.451829485326848801e-01,-7.838481907751737587e-02,9.663028210074748880e-01,-9.016761259966976638e-02,0.000000000000000000e+00,0.000000000000000000e+00,0.000000000000000000e+00,1.000000000000000000e+00
6.450341766961885659e-01,7.571809308336715505e-01,-1.029948973285820940e-01,1.135514335223509752e-01,-7.235129549303184193e-01,6.485257148783084569e-01,2.365235742787136497e-01,-4.391130471846758088e-01,2.458859795553001160e-01,-7.804764649516263142e-02,9.661514632471954744e-01,-9.034553627657815333e-02,0.000000000000000000e+00,0.000000000000000000e+00,0.000000000000000000e+00,1.000000000000000000e+00
6.450591256381255079e-01,7.572897219904342059e-01,-1.020343148094223079e-01,1.135486138871549533e-01,-7.239528405391926213e-01,6.483969795166447669e-01,2.355284306170413733e-01,-4.389897705279545703e-01,2.445220012723023362e-01,-7.806173147799712331e-02,9.664964340195185688e-01,-9.050997627686396818e-02,0.000000000000000000e+00,0.000000000000000000e+00,0.000000000000000000e+00,1.000000000000000000e+00
6.449884934029778139e-01,7.571297889833903394e-01,-1.036548407539369943e-01,1.135970307996883588e-01,-7.234222239954706257e-01,6.486471436849279293e-01,2.364681137465091398e-01,-4.390847578991619593e-01,2.462724694463520603e-01,-7.753299699709545467e-02,9.660944597550720214e-01,-9.022572162178388311e-02,0.000000000000000000e+00,0.000000000000000000e+00,0.000000000000000000e+00,1.000000000000000000e+00
6.449962288441490887e-01,7.572871989285969718e-01,-1.024498077875488911e-01,1.136525561350838209e-01,-7.239409819330620000e-01,6.484451309771960270e-01,2.354322976776155318e-01,-4.389792868026582973e-01,2.447229442749907780e-01,-7.768532970160356432e-02,9.664759024903482043e-01,-9.040284187007729955e-02,0.000000000000000000e+00,0.000000000000000000e+00,0.000000000000000000e+00,1.000000000000000000e+00
6.450733625651444703e-01,7.573283629731759614e-01,-1.016568125866025851e-01,1.135729379149881813e-01,-7.236412561023406464e-01,6.481966164417723997e-01,2.370326536578137300e-01,-4.391048694428222321e-01,2.454051535227509961e-01,-7.934038738125581691e-02,9.661684188352814839e-01,-9.004820020426085314e-02,0.000000000000000000e+00,0.000000000000000000e+00,0.000000000000000000e+00,1.000000000000000000e+00
6.450281377467029786e-01,7.571565971853717603e-01,-1.032113794776976234e-01,1.135568406209145897e-01,-7.234785750222918477e-01,6.485750270982402199e-01,2.364935214931507823e-01,-4.391151808119070354e-01,2.460029532317340728e-01,-7.787375400727720998e-02,9.661357179185953159e-01,-8.998744079803500107e-02,0.000000000000000000e+00,0.000000000000000000e+00,0.000000000000000000e+00,1.000000000000000000e+00
6.449566331968253907e-01,7.572973243444991454e-01,-1.026240899403176032e-01,1.136285010468395251e-01,-7.236346853294017833e-01,6.483533741428973984e-01,2.366236345459556134e-01,-4.390399640325696184e-01,2.457311202994718335e-01,-7.834963164037758721e-02,9.661664203118341954e-01,-9.031475960793944324e-02,0.000000000000000000e+00,0.000000000000000000e+00,0.000000000000000000e+00,1.000000000000000000e+00
6.450412673236278760e-01,7.573060134412649136e-01,-1.020262978610260163e-01,1.136118185859220087e-01,-7.239319978965038649e-01,6.483658737546458273e-01,2.356780774105879939e-01,-4.391007618873238316e-01,2.446307950179301138e-01,-7.816198408480538873e-02,9.664608002256596109e-01,-9.022416300651303622e-02,0.000000000000000000e+00,0.000000000000000000e+00,0.000000000000000000e+00,1.000000000000000000e+00
6.450431705356000078e-01,7.572751459464619472e-01,-1.022431488029671154e-01,1.135762860663097062e-01,-7.235980764972491652e-01,6.483289736056130348e-01,2.368023768313433641e-01,-4.390762496202447740e-01,2.456117501970582484e-01,-7.876481013280661747e-02,9.661630156706894068e-01,-9.007049575996495250e-02,0.000000000000000000e+00,0.000000000000000000e+00,0.000000000000000000e+00,1.000000000000000000e+00
6.451275547059978077e-01,7.573367671540850443e-01,-1.012494902488864784e-01,1.135766258221658775e-01,-7.238933416671849974e-01,6.482176614970664996e-01,2.362039229420012099e-01,-4.390439635788514483e-01,2.445176231869110040e-01,-7.908782738117166311e-02,9.664141180214359528e-01,-9.047393880143972389e-02,0.000000000000000000e+00,0.000000000000000000e+00,0.000000000000000000e+00,1.000000000000000000e+00
6.449588010342128808e-01,7.572223197376770631e-01,-1.031625099520267486e-01,1.136906417800832847e-01,-7.236379256306439967e-01,6.485251344998835821e-01,2.361425470153288575e-01,-4.390647129337958976e-01,2.457158878816944614e-01,-7.764990929163642641e-02,9.662267818837932953e-01,-9.016955648819591218e-02,0.000000000000000000e+00,0.000000000000000000e+00,0.000000000000000000e+00,1.000000000000000000e+00
6.450333577616192970e-01,7.572295703322922122e-01,-1.026418296268293701e-01,1.136056675006951455e-01,-7.236876615587266581e-01,6.484700218457801757e-01,2.361414814787848315e-01,-4.391028170306713330e-01,2.453734620582120329e-01,-7.803850704431443408e-02,9.662824926158299910e-01,-9.010987174415263645e-02,0.000000000000000000e+00,0.000000000000000000e+00,0.000000000000000000e+00,1.000000000000000000e+00
6.450021460206334378e-01,7.572651855540081245e-01,-1.025751937684327569e-01,1.136443688586402101e-01,-7.235712126839596303e-01,6.483737606021788835e-01,2.367618354753419641e-01,-4.390611714037599977e-01,2.457985594014782671e-01,-7.849143463106265928e-02,9.661377556465309269e-01,-9.027286387748967300e-02,0.000000000000000000e+00,0.000000000000000000e+00,0.000000000000000000e+00,1.000000000000000000e+00
6.450143198653102150e-01,7.572033767733524767e-01,-1.029542294989576195e-01,1.136383522895458575e-01,-7.234803970763395986e-01,6.484782867041732901e-01,2.367530923123967179e-01,-4.391400939104464496e-01,2.460338233149123033e-01,-7.822376797529510817e-02,9.660995807414440861e-01,-8.979274470126274998e-02,0.000000000000000000e+00,0.000000000000000000e+00,0.000000000000000000e+00,1.000000000000000000e+00
6.449638955648243632e-01,7.572607330427286731e-01,-1.028482163648736514e-01,1.136527793604659720e-01,-7.234723817678824220e-01,6.483806461984931158e-01,2.370448279425902971e-01,-4.391207929787472319e-01,2.461895331588126179e-01,-7.847751159927295050e-02,9.660393335347334798e-01,-8.991587360210706592e-02,0.000000000000000000e+00,0.000000000000000000e+00,0.000000000000000000e+00,1.000000000000000000e+00
6.449512537018031733e-01,7.572805711269068318e-01,-1.027814036787687291e-01,1.136249013542760811e-01,-7.235244601346797477e-01,6.483608102215572266e-01,2.369401092167933709e-01,-4.391121420225624350e-01,2.460695753954404152e-01,-7.844996088304732884e-02,9.660721337985875845e-01,-9.005379526372281340e-02,0.000000000000000000e+00,0.000000000000000000e+00,0.000000000000000000e+00,1.000000000000000000e+00
6.450477257152547050e-01,7.571747344875058294e-01,-1.029555875285688982e-01,1.136125849336658833e-01,-7.236274937170362742e-01,6.485663938786034866e-01,2.360611850095331032e-01,-4.390501785499572596e-01,2.455130992154560265e-01,-7.776923675258402835e-02,9.662687327697934148e-01,-9.022197219636973742e-02,0.000000000000000000e+00,0.000000000000000000e+00,0.000000000000000000e+00,1.000000000000000000e+00
6.450343604943018505e-01,7.573236433107820575e-01,-1.019390654469165408e-01,1.136370050276583610e-01,-7.237848446055917817e-01,6.482830643706103402e-01,2.363568640203000948e-01,-4.390540304845366726e-01,2.450840111083679718e-01,-7.867634798803718743e-02,9.663042273354178757e-01,-9.010585103791712847e-02,0.000000000000000000e+00,0.000000000000000000e+00,0.000000000000000000e+00,1.000000000000000000e+00
6.450551412178371358e-01,7.572758988814874970e-01,-1.021620172161422091e-01,1.135744621453768644e-01,-7.238640831003261278e-01,6.484034870268213790e-01,2.357831783838336970e-01,-4.390462306478657983e-01,2.447951265563925172e-01,-7.814173650933178839e-02,9.664208270880475515e-01,-9.035297776541106884e-02,0.000000000000000000e+00,0.000000000000000000e+00,0.000000000000000000e+00,1.000000000000000000e+00
6.449106729452931397e-01,7.574366205336087177e-01,-1.018822349375769626e-01,1.136373091987422645e-01,-7.237327945238856142e-01,6.480963213160161329e-01,2.370274254749752396e-01,-4.390680383330923808e-01,2.455627537960446971e-01,-7.912600186584495265e-02,9.661459567667971537e-01,-9.018717260441166950e-02,0.000000000000000000e+00,0.000000000000000000e+00,0.000000000000000000e+00,1.000000000000000000e+00
6.450829768621114679e-01,7.572629598481068758e-01,-1.020821365607176151e-01,1.136000117711838397e-01,-7.236218225569159834e-01,6.483352291629880249e-01,2.367126708598063511e-01,-4.391350052648543834e-01,2.454371831693879513e-01,-7.883045267065458273e-02,9.662020227931713556e-01,-9.002615987782625062e-02,0.000000000000000000e+00,0.000000000000000000e+00,0.000000000000000000e+00,1.000000000000000000e+00
6.451598742653315011e-01,7.571613348295617163e-01,-1.023496442449029070e-01,1.135298994312218257e-01,-7.235785583589932068e-01,6.484995204202788077e-01,2.363946740047023209e-01,-4.391299609705305862e-01,2.453626021240051802e-01,-7.845435012658509566e-02,9.662515761566199401e-01,-9.007876454536600797e-02,0.000000000000000000e+00,0.000000000000000000e+00,0.000000000000000000e+00,1.000000000000000000e+00
6.449409064530894353e-01,7.572388988491847162e-01,-1.031526890252590090e-01,1.136820704966052253e-01,-7.235105585756276270e-01,6.484598036651134656e-01,2.367115431494336009e-01,-4.391044111528727978e-01,2.461375607522162945e-01,-7.803289755146210205e-02,9.660885922557373995e-01,-8.995364605907463229e-02,0.000000000000000000e+00,0.000000000000000000e+00,0.000000000000000000e+00,1.000000000000000000e+00
6.450088714799335765e-01,7.573127060160710355e-01,-1.021813144307652244e-01,1.136250270716471777e-01,-7.236400336772123021e-01,6.482809043132953253e-01,2.368057658976643332e-01,-4.391230319386123515e-01,2.455782102952659973e-01,-7.879933000573303981e-02,9.661687265787597401e-01,-8.997228444154004023e-02,0.000000000000000000e+00,0.000000000000000000e+00,0.000000000000000000e+00,1.000000000000000000e+00
6.450820772145516857e-01,7.572578506603451221e-01,-1.021257130689107867e-01,1.135956044490139816e-01,-7.233722636464965383e-01,6.482674296066827102e-01,2.376592264106068830e-01,-4.391384538591163178e-01,2.461740884892289483e-01,-7.943479920298716912e-02,9.659650256774715560e-01,-8.992193203793386047e-02,0.000000000000000000e+00,0.000000000000000000e+00,0.000000000000000000e+00,1.000000000000000000e+00
6.450840094172903827e-01,7.572351293614938417e-01,-1.022818637637933070e-01,1.136082995233109738e-01,-7.236232956167707453e-01,6.483993817592649256e-01,2.365323820852592018e-01,-4.391094487946441971e-01,2.454301261761424324e-01,-7.856971805399978748e-02,9.662250527543145839e-01,-9.006813765176313602e-02,0.000000000000000000e+00,0.000000000000000000e+00,0.000000000000000000e+00,1.000000000000000000e+00
6.449710617179499339e-01,7.572254076588583738e-01,-1.030631434718356776e-01,1.135909139573348103e-01,-7.235041109691021655e-01,6.484667702759613350e-01,2.367121654217894666e-01,-4.391048706239444321e-01,2.460774897409949424e-01,-7.810588866237505590e-02,9.660979966851350742e-01,-9.000112243321800598e-02,0.000000000000000000e+00,0.000000000000000000e+00,0.000000000000000000e+00,1.000000000000000000e+00
6.450057900839059055e-01,7.572631027927074765e-01,-1.025676552671343361e-01,1.135947201449714616e-01,-7.237850414861846104e-01,6.484440110182497774e-01,2.359143452514199102e-01,-4.390416902477968231e-01,2.451586108605579573e-01,-7.792918402835595504e-02,9.663458479227797771e-01,-9.042111644295980355e-02,0.000000000000000000e+00,0.000000000000000000e+00,0.000000000000000000e+00,1.000000000000000000e+00
6.449869803563482717e-01,7.572627759301806538e-01,-1.026882824927804333e-01,1.135776257914435372e-01,-7.234933990756244881e-01,6.483656518661257140e-01,2.370216930456228166e-01,-4.391052404165111667e-01,2.460672604488439164e-01,-7.858161153050585712e-02,9.660620237150768785e-01,-9.015269044772344920e-02,0.000000000000000000e+00,0.000000000000000000e+00,0.000000000000000000e+00,1.000000000000000000e+00
6.450195465398511629e-01,7.572642860068047321e-01,-1.024723656413237954e-01,1.136262775049536322e-01,-7.236826147030143153e-01,6.483985783811206938e-01,2.363530341035426363e-01,-4.391025528827109947e-01,2.454246478211459248e-01,-7.829485737866848094e-02,9.662487555230903080e-01,-9.010058621759631237e-02,0.000000000000000000e+00,0.000000000000000000e+00,0.000000000000000000e+00,1.000000000000000000e+00
6.450413824504974691e-01,7.572082559154700299e-01,-1.027485868506400751e-01,1.136094446260710045e-01,-7.235444429893005402e-01,6.484676234127861871e-01,2.365865177998866531e-01,-4.390982959579976530e-01,2.457743964404232595e-01,-7.826492547000395150e-02,9.661622780338304795e-01,-9.026162206521415321e-02,0.000000000000000000e+00,0.000000000000000000e+00,0.000000000000000000e+00,1.000000000000000000e+00
6.449886726130117376e-01,7.572119468175592116e-01,-1.030518306371455556e-01,1.136420512202239164e-01,-7.236170032783501016e-01,6.485206338367444090e-01,2.362190086645176712e-01,-4.390543875072157043e-01,2.456990939490117931e-01,-7.778852797648939943e-02,9.662199025831985644e-01,-9.035483945364175540e-02,0.000000000000000000e+00,0.000000000000000000e+00,0.000000000000000000e+00,1.000000000000000000e+00
6.449884610202560875e-01,7.573452320893702128e-01,-1.020690187188062759e-01,1.136596712395653019e-01,-7.235700426168815147e-01,6.481981423151055299e-01,2.372457833695915674e-01,-4.391372764494534953e-01,2.458379111897236735e-01,-7.916670847486796669e-02,9.660726441066060932e-01,-8.985911576112171062e-02,0.000000000000000000e+00,0.000000000000000000e+00,0.000000000000000000e+00,1.000000000000000000e+00
6.449712209419080633e-01,7.572643086960173520e-01,-1.027759258379484508e-01,1.136667861265111268e-01,-7.238599965753120813e-01,6.484901864060211851e-01,2.355571766961757074e-01,-4.390597703580970124e-01,2.450282218739176787e-01,-7.753221853027934818e-02,9.664108471944420353e-01,-9.018268810928931067e-02,0.000000000000000000e+00,0.000000000000000000e+00,0.000000000000000000e+00,1.000000000000000000e+00
6.449868943294615464e-01,7.572860709983709748e-01,-1.025168903892736127e-01,1.136234528542438282e-01,-7.235792389572047734e-01,6.483393488415511996e-01,2.368315301935660366e-01,-4.390687780290403741e-01,2.458149529490600005e-01,-7.857413961071249564e-02,9.661268620067903212e-01,-9.017336835289335717e-02,0.000000000000000000e+00,0.000000000000000000e+00,0.000000000000000000e+00,1.000000000000000000e+00
6.449184169398078925e-01,7.572804361704349452e-01,-1.029882346939103299e-01,1.137147897646943462e-01,-7.237742575934903444e-01,6.484643828691319944e-01,2.358914330685786820e-01,-4.390333648272306544e-01,2.454201693766100978e-01,-7.759049647780132120e-02,9.663067087211411055e-01,-9.029774120972122731e-02,0.000000000000000000e+00,0.000000000000000000e+00,0.000000000000000000e+00,1.000000000000000000e+00
6.450249991980875341e-01,7.572743037245841524e-01,-1.023639552183955165e-01,1.136060383389490558e-01,-7.234122098716317950e-01,6.482847761144332477e-01,2.374902601516563905e-01,-4.391125607128762431e-01,2.462062651886612885e-01,-7.913581980813552685e-02,9.659813647297472716e-01,-9.019462477913053888e-02,0.000000000000000000e+00,0.000000000000000000e+00,0.000000000000000000e+00,1.000000000000000000e+00
6.451092707131063086e-01,7.571642325635692394e-01,-1.026467426001714534e-01,1.136190652912364429e-01,-7.238856485181388578e-01,6.486275309094338137e-01,2.350997533299545306e-01,-4.390048648503575568e-01,2.445886275146047784e-01,-7.736052658011854932e-02,9.665359549534455752e-01,-9.053442897216812391e-02,0.000000000000000000e+00,0.000000000000000000e+00,0.000000000000000000e+00,1.000000000000000000e+00
6.450153248713210719e-01,7.571976204098992413e-01,-1.029902632617773761e-01,1.136297508351321872e-01,-7.237522502890415543e-01,6.485769107136648559e-01,2.356494665613892425e-01,-4.390216775053659704e-01,2.452303221110566922e-01,-7.745808243627581857e-02,9.663655284531844636e-01,-9.034588014010713763e-02,0.000000000000000000e+00,0.000000000000000000e+00,0.000000000000000000e+00,1.000000000000000000e+00
6.450307738052831752e-01,7.573301003811317988e-01,-1.019137866083995453e-01,1.135736360249286203e-01,-7.238291094655090463e-01,6.482849703451772916e-01,2.362160399188010518e-01,-4.390240237732280226e-01,2.449626933525300698e-01,-7.859844961102810390e-02,9.663413281983840308e-01,-9.041728655051284314e-02,0.000000000000000000e+00,0.000000000000000000e+00,0.000000000000000000e+00,1.000000000000000000e+00
6.450340085102865828e-01,7.573236188170034966e-01,-1.019414746169078206e-01,1.135834403014364669e-01,-7.237457100772272112e-01,6.482708153863343536e-01,2.365102472687972968e-01,-4.390700126599575981e-01,2.452004792204979799e-01,-7.877744791661780988e-02,9.662664429078466899e-01,-9.002349612290272418e-02,0.000000000000000000e+00,0.000000000000000000e+00,0.000000000000000000e+00,1.000000000000000000e+00
6.449671969567873919e-01,7.573056330378213907e-01,-1.024963073427000160e-01,1.136570319811697760e-01,-7.236761194670717767e-01,6.483396525004641031e-01,2.365344987705977897e-01,-4.390918394737587382e-01,2.455813286118982697e-01,-7.838286269818166285e-02,9.662018101165267270e-01,-9.001753724386896138e-02,0.000000000000000000e+00,0.000000000000000000e+00,0.000000000000000000e+00,1.000000000000000000e+00
6.451884679897053054e-01,7.573168419834199749e-01,-1.010101065307671686e-01,1.135073563227324556e-01,-7.238826959117710125e-01,6.482146589938850845e-01,2.362447849687865642e-01,-4.390097131619687953e-01,2.443883862473907598e-01,-7.930294265474183146e-02,9.664291799990805121e-01,-9.049490905980439592e-02,0.000000000000000000e+00,0.000000000000000000e+00,0.000000000000000000e+00,1.000000000000000000e+00
6.449846922904820534e-01,7.574071016493711950e-01,-1.016328149863604119e-01,1.135491009406134344e-01,-7.240006320042021715e-01,6.481957550890308228e-01,2.359350502618829948e-01,-4.389519024013290305e-01,2.445768418482591189e-01,-7.859227351120891270e-02,9.664395599187107777e-01,-9.064401317478032460e-02,0.000000000000000000e+00,0.000000000000000000e+00,0.000000000000000000e+00,1.000000000000000000e+00
6.449330405888850093e-01,7.573782251937294374e-01,-1.021743468742132704e-01,1.136319028187169899e-01,-7.235393699541717849e-01,6.481530572387896871e-01,2.374624065369727866e-01,-4.391694118397663216e-01,2.460734713111021876e-01,-7.922018931059651714e-02,9.660082858456739974e-01,-8.971289742340982087e-02,0.000000000000000000e+00,0.000000000000000000e+00,0.000000000000000000e+00,1.000000000000000000e+00
6.451946650037627684e-01,7.572203199825303654e-01,-1.016918445905905383e-01,1.135519273064003465e-01,-7.236532508870888725e-01,6.483608907496630769e-01,2.365462488116259476e-01,-4.391244134872285820e-01,2.450506411565381848e-01,-7.902874383322823493e-02,9.662839339018898244e-01,-9.019368957811013665e-02,0.000000000000000000e+00,0.000000000000000000e+00,0.000000000000000000e+00,1.000000000000000000e+00
6.449487108155365078e-01,7.572887459258696996e-01,-1.027371194427865730e-01,1.136282332768059622e-01,-7.237885821398362118e-01,6.484278569553549865e-01,2.359478812964667938e-01,-4.390221187500193967e-01,2.452982853209196845e-01,-7.781432784718797513e-02,9.663196580843770311e-01,-9.030790554611156651e-02,0.000000000000000000e+00,0.000000000000000000e+00,0.000000000000000000e+00,1.000000000000000000e+00
6.451854819339217784e-01,7.572496351538575698e-01,-1.015316894424730942e-01,1.134776693942833592e-01,-7.237711528854422482e-01,6.483376070686243109e-01,2.362491598110094959e-01,-4.390506561666028817e-01,2.447264026470600262e-01,-7.893882010696481877e-02,9.663734529298440012e-01,-9.029279647690979793e-02,0.000000000000000000e+00,0.000000000000000000e+00,0.000000000000000000e+00,1.000000000000000000e+00
6.451335176978845176e-01,7.572884439057804284e-01,-1.015724227805706037e-01,1.135687610944928760e-01,-7.236215820246777453e-01,6.482379770146947662e-01,2.369796007760973100e-01,-4.391150212644710504e-01,2.453050149729021912e-01,-7.938348620876806150e-02,9.661903082449577740e-01,-9.009963981961699453e-02,0.000000000000000000e+00,0.000000000000000000e+00,0.000000000000000000e+00,1.000000000000000000e+00
6.450244244591201159e-01,7.572490653617508505e-01,-1.025541069871687416e-01,1.136191057353437561e-01,-7.236874898816539892e-01,6.484316328176680244e-01,2.362474011501584648e-01,-4.390740272708330005e-01,2.453974507609477385e-01,-7.816821969424510297e-02,9.662659160861778451e-01,-9.023639745661404810e-02,0.000000000000000000e+00,0.000000000000000000e+00,0.000000000000000000e+00,1.000000000000000000e+00
6.449843517038796881e-01,7.572309044409465395e-01,-1.029395133885527419e-01,1.136300234601867465e-01,-7.235760435250847555e-01,6.484672874460573055e-01,2.364907743421230668e-01,-4.390562107997664221e-01,2.458310299651175757e-01,-7.804828295291627027e-02,9.661653948648704082e-01,-9.020456091614237337e-02,0.000000000000000000e+00,0.000000000000000000e+00,0.000000000000000000e+00,1.000000000000000000e+00
6.448371232387156704e-01,7.572712845292650652e-01,-1.035629572801717718e-01,1.137007000857049310e-01,-7.234185244113846558e-01,6.484317354717648030e-01,2.370694475708129412e-01,-4.391092761294366764e-01,2.466793932043627180e-01,-7.795181884005338013e-02,9.659569301515753548e-01,-8.997271677728502226e-02,0.000000000000000000e+00,0.000000000000000000e+00,0.000000000000000000e+00,1.000000000000000000e+00
6.448701222539980904e-01,7.572635453085304613e-01,-1.034139660339385564e-01,1.136867357124415057e-01,-7.234967611336721172e-01,6.484503034706191604e-01,2.367797300402804117e-01,-4.390632170118763944e-01,2.463634754853072928e-01,-7.787250397680216263e-02,9.660439488300639477e-01,-9.013586684391761139e-02,0.000000000000000000e+00,0.000000000000000000e+00,0.000000000000000000e+00,1.000000000000000000e+00
6.448199221733263986e-01,7.573844979700989910e-01,-1.028396334248951466e-01,1.136682502351627488e-01,-7.238471092962850406e-01,6.483203131301796818e-01,2.360638344732165494e-01,-4.390141679813688302e-01,2.454641121056145292e-01,-7.777849199725654639e-02,9.662804333374630517e-01,-9.024361039984118982e-02,0.000000000000000000e+00,0.000000000000000000e+00,0.000000000000000000e+00,1.000000000000000000e+00
6.450666183231024142e-01,7.573237222691944215e-01,-1.017341516577850297e-01,1.135794126089788025e-01,-7.236955287595827624e-01,6.482300270414887988e-01,2.367754499418779912e-01,-4.390802852854108762e-01,2.452627969721152268e-01,-7.911138811904989965e-02,9.662233430689264324e-01,-9.015792147080214924e-02,0.000000000000000000e+00,0.000000000000000000e+00,0.000000000000000000e+00,1.000000000000000000e+00
6.449665256836252247e-01,7.572801137064743005e-01,-1.026888997521292757e-01,1.136265714530141357e-01,-7.239595888708040272e-01,6.484888753431286013e-01,2.352545264988976370e-01,-4.389499850331675668e-01,2.447461836875295671e-01,-7.738868096119363993e-02,9.664938166535140818e-01,-9.069301638180315983e-02,0.000000000000000000e+00,0.000000000000000000e+00,0.000000000000000000e+00,1.000000000000000000e+00
6.450135702052853803e-01,7.572204973759962821e-01,-1.028329354082662683e-01,1.135920608663956444e-01,-7.234564591807711720e-01,6.484318053693833850e-01,2.369534668558865298e-01,-4.391779353183179468e-01,2.461061679857962647e-01,-7.844305029160586473e-02,9.660633736667051386e-01,-8.974252429038065415e-02,0.000000000000000000e+00,0.000000000000000000e+00,0.000000000000000000e+00,1.000000000000000000e+00
6.448953695523644836e-01,7.572265007164481476e-01,-1.035277206483472406e-01,1.137011901220586207e-01,-7.237323913387899710e-01,6.485909294026759309e-01,2.356718736370756184e-01,-4.390164994538339194e-01,2.456041287457438327e-01,-7.705733520759747157e-02,9.663026332540690655e-01,-9.052888522183777376e-02,0.000000000000000000e+00,0.000000000000000000e+00,0.000000000000000000e+00,1.000000000000000000e+00
6.451349716186044470e-01,7.571328876726222123e-01,-1.027163998550304769e-01,1.135704690245721848e-01,-7.236274639004163234e-01,6.485989137463279430e-01,2.359719105659294214e-01,-4.390925113964382343e-01,2.452838394263141819e-01,-7.790532389766197108e-02,9.663159931537335101e-01,-9.015044427595864107e-02,0.000000000000000000e+00,0.000000000000000000e+00,0.000000000000000000e+00,1.000000000000000000e+00
6.450686924541449985e-01,7.573509528046545869e-01,-1.015180589914011361e-01,1.135789063490613149e-01,-7.237546308736636513e-01,6.481841153135943223e-01,2.367204827302863412e-01,-4.391043848196339860e-01,2.450828763998547655e-01,-7.922680695960747366e-02,9.662595390238373216e-01,-9.006315527528419018e-02,0.000000000000000000e+00,0.000000000000000000e+00,0.000000000000000000e+00,1.000000000000000000e+00
6.450636041492969763e-01,7.573349451392518139e-01,-1.016696979086957331e-01,1.135834497732544357e-01,-7.238068114067640613e-01,6.482420513143886120e-01,2.364020783937539616e-01,-4.390449738444085481e-01,2.449421285999858755e-01,-7.890515685707757965e-02,9.663215457901515038e-01,-9.043681602835973443e-02,0.000000000000000000e+00,0.000000000000000000e+00,0.000000000000000000e+00,1.000000000000000000e+00
6.451089009214218128e-01,7.572364402775577652e-01,-1.021150305671396086e-01,1.135975700683543033e-01,-7.237304441542695699e-01,6.484122233899128895e-01,2.361690766438597489e-01,-4.390464604012837557e-01,2.450484649130019732e-01,-7.845101703816462213e-02,9.663315620269571360e-01,-9.023105158113864377e-02,0.000000000000000000e+00,0.000000000000000000e+00,0.000000000000000000e+00,1.000000000000000000e+00
6.449285563664365339e-01,7.573146290269647807e-01,-1.026728291460539677e-01,1.136567192263023274e-01,-7.236461321633604893e-01,6.483377614470374750e-01,2.366314063831184700e-01,-4.390758261809201146e-01,2.457710979511470994e-01,-7.831155561981266444e-02,9.661593386539781836e-01,-9.015974545941762841e-02,0.000000000000000000e+00,0.000000000000000000e+00,0.000000000000000000e+00,1.000000000000000000e+00
6.450558454968216004e-01,7.573085914805431917e-01,-1.019149324688801844e-01,1.135955667080526532e-01,-7.239587604291356504e-01,6.483577017391382036e-01,2.356183434995080539e-01,-4.390184459496317415e-01,2.445131272310138715e-01,-7.820478160124612332e-02,9.664871146303046778e-01,-9.046887990238805521e-02,0.000000000000000000e+00,0.000000000000000000e+00,0.000000000000000000e+00,1.000000000000000000e+00
6.450008588976207102e-01,7.571433287757521891e-01,-1.034788466871601614e-01,1.136091772213194684e-01,-7.234169608352475356e-01,6.486056575886954834e-01,2.365979748853100084e-01,-4.390678009319789465e-01,2.462555436883107629e-01,-7.774754423330074160e-02,9.660815320502018633e-01,-9.014798932490797334e-02,0.000000000000000000e+00,0.000000000000000000e+00,0.000000000000000000e+00,1.000000000000000000e+00
6.449150565586840855e-01,7.573673774002378511e-01,-1.023680881612771820e-01,1.136923895519315608e-01,-7.238321310025281896e-01,6.482853444863421188e-01,2.362057540631970765e-01,-4.390209861934751823e-01,2.452582637797309784e-01,-7.823533584072142610e-02,9.662958223409855441e-01,-9.034484683639965041e-02,0.000000000000000000e+00,0.000000000000000000e+00,0.000000000000000000e+00,1.000000000000000000e+00
6.451149643634230824e-01,7.571973290656025535e-01,-1.023664379095854948e-01,1.135792711718458248e-01,-7.238647049063532402e-01,6.485407907369225011e-01,2.354033384240023508e-01,-4.390112630220660006e-01,2.446355896945853758e-01,-7.776276490869443725e-02,9.664917902644272196e-01,-9.046280705684206502e-02,0.000000000000000000e+00,0.000000000000000000e+00,0.000000000000000000e+00,1.000000000000000000e+00
6.450556073816029468e-01,7.571399053147428448e-01,-1.031621401752290806e-01,1.136000684849878817e-01,-7.235451523080650427e-01,6.486144163066485113e-01,2.361816070964977976e-01,-4.390990268600207247e-01,2.457349709688270156e-01,-7.770780359248238844e-02,9.662172743766186400e-01,-9.022460831000556070e-02,0.000000000000000000e+00,0.000000000000000000e+00,0.000000000000000000e+00,1.000000000000000000e+00
6.450414850180132831e-01,7.573848868703599857e-01,-1.014377432030515169e-01,1.136233413334903353e-01,-7.236392482218966249e-01,6.480880632716996548e-01,2.373354180850089645e-01,-4.391158808124390189e-01,2.454948493117617703e-01,-7.968685829614324811e-02,9.661171169047186869e-01,-9.001669471435369552e-02,0.000000000000000000e+00,0.000000000000000000e+00,0.000000000000000000e+00,1.000000000000000000e+00
6.451365307423249096e-01,7.571750757554296385e-01,-1.023951236950127602e-01,1.136038273665164744e-01,-7.238217477274966338e-01,6.485625432622772468e-01,2.354754870339569317e-01,-4.390529972170505446e-01,2.447058115747759444e-01,-7.779802138824894187e-02,9.664711757986390595e-01,-9.025719985879088192e-02,0.000000000000000000e+00,0.000000000000000000e+00,0.000000000000000000e+00,1.000000000000000000e+00
6.450275029843116625e-01,7.571821711164431479e-01,-1.030275697918444644e-01,1.136211535624233604e-01,-7.236395744454867662e-01,6.485678473584779447e-01,2.360201552180345441e-01,-4.390674120135721337e-01,2.455306227137031838e-01,-7.768466461393545852e-02,9.662710831819617541e-01,-9.032523867324382394e-02,0.000000000000000000e+00,0.000000000000000000e+00,0.000000000000000000e+00,1.000000000000000000e+00
6.449453549327532897e-01,7.573140065711672086e-01,-1.025718509231017955e-01,1.136759534067076638e-01,-7.238447553401157197e-01,6.483900860574278724e-01,2.358793472711190331e-01,-4.390565706676292645e-01,2.451413047963825198e-01,-7.788319301086260582e-02,9.663539459893355499e-01,-9.035435879129538606e-02,0.000000000000000000e+00,0.000000000000000000e+00,0.000000000000000000e+00,1.000000000000000000e+00
6.450023366441601791e-01,7.573888962592909557e-01,-1.016565076456320826e-01,1.136963637041983055e-01,-7.239933480764129126e-01,6.482225122111652249e-01,2.358838837304317315e-01,-4.389802107298967360e-01,2.445518711126117573e-01,-7.854702085871123618e-02,9.664495578402122478e-01,-9.038265143690460413e-02,0.000000000000000000e+00,0.000000000000000000e+00,0.000000000000000000e+00,1.000000000000000000e+00
6.452065516359649644e-01,7.571935184012058562e-01,-1.018159192721322798e-01,1.135794830446170967e-01,-7.238496596574875985e-01,6.484773483064585342e-01,2.356242749530771674e-01,-4.390317509505088922e-01,2.444384911174304342e-01,-7.832690741135220347e-02,9.664961043044132394e-01,-9.036517581256853227e-02,0.000000000000000000e+00,0.000000000000000000e+00,0.000000000000000000e+00,1.000000000000000000e+00
6.449999641185406585e-01,7.572973574362298343e-01,-1.023511539123227315e-01,1.136121039361751572e-01,-7.236929833936487366e-01,6.483399802725868799e-01,2.364819988221967539e-01,-4.390741752053820002e-01,2.454455378976790891e-01,-7.846006882640635394e-02,9.662300479315855117e-01,-9.024519946996401032e-02,0.000000000000000000e+00,0.000000000000000000e+00,0.000000000000000000e+00,1.000000000000000000e+00
6.451085740968971471e-01,7.572335718227785062e-01,-1.021383636602099521e-01,1.135911613343401072e-01,-7.239040912817333862e-01,6.484745648920130501e-01,2.354646583113533254e-01,-4.389662008413227068e-01,2.445358751844730061e-01,-7.796189064300272642e-02,9.665009825939818722e-01,-9.065024759853357317e-02,0.000000000000000000e+00,0.000000000000000000e+00,0.000000000000000000e+00,1.000000000000000000e+00
6.449793797696725672e-01,7.572259257540031596e-01,-1.030072669180261274e-01,1.135969620146833892e-01,-7.236199963756010378e-01,6.484962769865714183e-01,2.362767013057598398e-01,-4.390649729964477554e-01,2.457146729792580309e-01,-7.785548214833053204e-02,9.662105481633634918e-01,-9.027262558463000630e-02,0.000000000000000000e+00,0.000000000000000000e+00,0.000000000000000000e+00,1.000000000000000000e+00
6.451250709795592897e-01,7.571799367831772987e-01,-1.024313727655850048e-01,1.135628722725469109e-01,-7.236986162723508809e-01,6.485205590849291157e-01,2.359690599414583367e-01,-4.390383255449415434e-01,2.450998890230331462e-01,-7.810011381038195477e-02,9.663469442305399060e-01,-9.045695084803662134e-02,0.000000000000000000e+00,0.000000000000000000e+00,0.000000000000000000e+00,1.000000000000000000e+00
6.450045811213993563e-01,7.573278400990761661e-01,-1.020961945582530700e-01,1.136555312050135103e-01,-7.236374283128221840e-01,6.482481673197206806e-01,2.369033260877294322e-01,-4.390499384325161625e-01,2.455971552710123906e-01,-7.892310293882240368e-02,9.661538082237707270e-01,-9.018036811195173641e-02,0.000000000000000000e+00,0.000000000000000000e+00,0.000000000000000000e+00,1.000000000000000000e+00
6.449163321204987032e-01,7.573093612243830819e-01,-1.027884038506273606e-01,1.136296408379612599e-01,-7.235915658650942106e-01,6.483414898049359998e-01,2.367880030880306352e-01,-4.390995959391692516e-01,2.459637582513808374e-01,-7.833162834662091289e-02,9.661086820991845459e-01,-9.000312059607074033e-02,0.000000000000000000e+00,0.000000000000000000e+00,0.000000000000000000e+00,1.000000000000000000e+00
6.449925777793371617e-01,7.572466691823205309e-01,-1.027718668792537704e-01,1.135874559023569152e-01,-7.235675037930586750e-01,6.484222986378256337e-01,2.366402123138007241e-01,-4.390694458256299559e-01,2.458345827263690997e-01,-7.826879736855379965e-02,9.661466520638739564e-01,-9.018756078243317376e-02,0.000000000000000000e+00,0.000000000000000000e+00,0.000000000000000000e+00,1.000000000000000000e+00
6.450585367105337031e-01,7.571276195639193851e-01,-1.032339668439525848e-01,1.136066027357922614e-01,-7.234432016617045047e-01,6.486081749296921384e-01,2.365108229739951162e-01,-4.390970632194383105e-01,2.460272712248128824e-01,-7.787941388998202707e-02,9.661290693824637899e-01,-9.014499719056767724e-02,0.000000000000000000e+00,0.000000000000000000e+00,0.000000000000000000e+00,1.000000000000000000e+00
6.449200985119160068e-01,7.573494014145273345e-01,-1.024692671606363958e-01,1.136549832572268937e-01,-7.236891532490198342e-01,6.482774866088139021e-01,2.366649738044818152e-01,-4.390696648487427134e-01,2.456665952161534994e-01,-7.847410103477786558e-02,9.661727275501447165e-01,-9.011312099015778010e-02,0.000000000000000000e+00,0.000000000000000000e+00,0.000000000000000000e+00,1.000000000000000000e+00
6.449354524553624346e-01,7.572596537134663741e-01,-1.030343584633693216e-01,1.136864393555420960e-01,-7.235080683568988480e-01,6.484153207054581536e-01,2.368409738556799815e-01,-4.390668373166739524e-01,2.461591704338190745e-01,-7.820095096735697748e-02,9.660694975410077934e-01,-9.016810470009151146e-02,0.000000000000000000e+00,0.000000000000000000e+00,0.000000000000000000e+00,1.000000000000000000e+00
6.451237238043289191e-01,7.571324283432760982e-01,-1.027904029365104971e-01,1.135496801563531666e-01,-7.235747089781394692e-01,6.485914201711633353e-01,2.361542085323793949e-01,-4.390616058475880212e-01,2.454689827901622712e-01,-7.797214650994131746e-02,9.662635887047568151e-01,-9.031314544137059031e-02,0.000000000000000000e+00,0.000000000000000000e+00,0.000000000000000000e+00,1.000000000000000000e+00
6.450137191609218723e-01,7.572853547862241630e-01,-1.023532780154027683e-01,1.136064675487487019e-01,-7.237950548082605629e-01,6.483901373222619169e-01,2.360316683378007041e-01,-4.390344720571742188e-01,2.451081816857664242e-01,-7.816086776335844089e-02,9.663399288144810528e-01,-9.037722704934303408e-02,0.000000000000000000e+00,0.000000000000000000e+00,0.000000000000000000e+00,1.000000000000000000e+00
6.450133176148733494e-01,7.572931082303132611e-01,-1.022984277803219155e-01,1.135894333368548947e-01,-7.236381629413149996e-01,6.483223858077742374e-01,2.366978943620633435e-01,-4.390762299460289064e-01,2.455720448959398394e-01,-7.864624776419233687e-02,9.661827666017646088e-01,-9.016510310789760396e-02,0.000000000000000000e+00,0.000000000000000000e+00,0.000000000000000000e+00,1.000000000000000000e+00
6.450197091207130473e-01,7.573253140370401759e-01,-1.020193293671820267e-01,1.136262447125337693e-01,-7.236966620654832205e-01,6.482617828037857688e-01,2.366850275605441867e-01,-4.390716840196890458e-01,2.453827951611706470e-01,-7.883545950114137502e-02,9.662154284444723906e-01,-9.018156429081525260e-02,0.000000000000000000e+00,0.000000000000000000e+00,0.000000000000000000e+00,1.000000000000000000e+00
6.448483341588127082e-01,7.574166603379025586e-01,-1.024237695810032711e-01,1.136536946240971624e-01,-7.235330477631495283e-01,6.481250164950456139e-01,2.375581861099816117e-01,-4.391406817325844703e-01,2.463139353085247174e-01,-7.908201841047698966e-02,9.659583218943521565e-01,-8.980404893746940509e-02,0.000000000000000000e+00,0.000000000000000000e+00,0.000000000000000000e+00,1.000000000000000000e+00
6.449543099643950672e-01,7.571668251737476707e-01,-1.035969927877195967e-01,1.136555206042298427e-01,-7.236959498530463053e-01,6.486732236855466960e-01,2.355572563936381703e-01,-4.390417366224000362e-01,2.455567352459478436e-01,-7.695094365703707140e-02,9.663231561158220906e-01,-9.046577729443350258e-02,0.000000000000000000e+00,0.000000000000000000e+00,0.000000000000000000e+00,1.000000000000000000e+00
6.449751157384353561e-01,7.572430556724104589e-01,-1.029079914977586857e-01,1.136503685146613152e-01,-7.236718018634274996e-01,6.484764943503771306e-01,2.361723088399351189e-01,-4.390914268484940597e-01,2.455732543782656596e-01,-7.785365059492134476e-02,9.662466485443101938e-01,-9.002421939382432292e-02,0.000000000000000000e+00,0.000000000000000000e+00,0.000000000000000000e+00,1.000000000000000000e+00
6.450122872664432183e-01,7.572367429642924419e-01,-1.027212946771093038e-01,1.135696992726566434e-01,-7.236465105085428950e-01,6.484558496300216746e-01,2.363064512649117044e-01,-4.390819299925729502e-01,2.455501519122327558e-01,-7.808665817818707944e-02,9.662337174361297354e-01,-9.024530124456120461e-02,0.000000000000000000e+00,0.000000000000000000e+00,0.000000000000000000e+00,1.000000000000000000e+00
6.449576282765192570e-01,7.573136054026367026e-01,-1.024976136306916807e-01,1.136529621777080945e-01,-7.237892350956215415e-01,6.483643652476552832e-01,2.361202935723656915e-01,-4.390646394569389654e-01,2.452729110350801156e-01,-7.810091516150353963e-02,9.663029784510204223e-01,-9.028847825998265186e-02,0.000000000000000000e+00,0.000000000000000000e+00,0.000000000000000000e+00,1.000000000000000000e+00
6.449730338801968887e-01,7.572645542863124524e-01,-1.027627383292554347e-01,1.136731073611683684e-01,-7.236249567922566905e-01,6.484137301870321890e-01,2.364879625104486793e-01,-4.391080134746908059e-01,2.457167220088595228e-01,-7.816667657314889384e-02,9.661849011440459822e-01,-8.998628211442527558e-02,0.000000000000000000e+00,0.000000000000000000e+00,0.000000000000000000e+00,1.000000000000000000e+00
6.450481372134551084e-01,7.572406625000414060e-01,-1.024669689897678149e-01,1.136773717606859857e-01,-7.236063570155257807e-01,6.484076862310221845e-01,2.365614349873023936e-01,-4.390994664338707665e-01,2.455743080295065828e-01,-7.844776282999252337e-02,9.661983273338856648e-01,-9.011430391598307388e-02,0.000000000000000000e+00,0.000000000000000000e+00,0.000000000000000000e+00,1.000000000000000000e+00
6.449866082414914548e-01,7.572162160463167258e-01,-1.030333797642036392e-01,1.136173067097925038e-01,-7.236053879548394185e-01,6.485086659215859584e-01,2.362874367107384299e-01,-4.390777732754616025e-01,2.457387183816647225e-01,-7.784672363756035829e-02,9.662051386258687646e-01,-9.015895521533257018e-02,0.000000000000000000e+00,0.000000000000000000e+00,0.000000000000000000e+00,1.000000000000000000e+00
6.449838957215053847e-01,7.572558751425865209e-01,-1.027585218945166606e-01,1.136160769810266591e-01,-7.235469879781878388e-01,6.484009293160297727e-01,2.367614644527296364e-01,-4.390950907045519935e-01,2.459177310557383311e-01,-7.835671269358204793e-02,9.661183649679024876e-01,-9.007903575126818829e-02,0.000000000000000000e+00,0.000000000000000000e+00,0.000000000000000000e+00,1.000000000000000000e+00
6.449546916363453342e-01,7.571996292418973207e-01,-1.033545703498421203e-01,1.136109520345637558e-01,-7.232775863458126286e-01,6.484660030739145542e-01,2.374055095129803949e-01,-4.391699747165789258e-01,2.467852889173962616e-01,-7.836175300027137247e-02,9.658967112692133927e-01,-8.969679721024714780e-02,0.000000000000000000e+00,0.000000000000000000e+00,0.000000000000000000e+00,1.000000000000000000e+00
6.450315998359870129e-01,7.572870166235853295e-01,-1.022282234335367412e-01,1.136053671935103315e-01,-7.238255012829691859e-01,6.483828554970351155e-01,2.359582937511831291e-01,-4.390580683067469292e-01,2.449711797446504635e-01,-7.820516064084828689e-02,9.663710850101288052e-01,-9.017013426012421284e-02,0.000000000000000000e+00,0.000000000000000000e+00,0.000000000000000000e+00,1.000000000000000000e+00
6.450783107254532966e-01,7.571346463591602793e-01,-1.030587226496869763e-01,1.136124953334181065e-01,-7.234734057861084144e-01,6.485872688015322796e-01,2.364757616941280671e-01,-4.390847213810998850e-01,2.458865676523318000e-01,-7.798513980982799132e-02,9.661563609566502508e-01,-9.013699576495737276e-02,0.000000000000000000e+00,0.000000000000000000e+00,0.000000000000000000e+00,1.000000000000000000e+00
6.448490264209887357e-01,7.573360253399871178e-01,-1.030139691795893681e-01,1.136745485438198366e-01,-7.234827275247773803e-01,6.482947803592575831e-01,2.372480152335332826e-01,-4.390880478973338552e-01,2.464598873999820361e-01,-7.846032424845317266e-02,9.659717912142237184e-01,-9.004632161170644800e-02,0.000000000000000000e+00,0.000000000000000000e+00,0.000000000000000000e+00,1.000000000000000000e+00
6.450276628023544623e-01,7.572385175757476716e-01,-1.026116061633217114e-01,1.136520859998404465e-01,-7.235135459457946450e-01,6.483980891266335478e-01,2.368714141678416873e-01,-4.391060565815044781e-01,2.459013278790397883e-01,-7.854772763495317112e-02,9.661070289728310723e-01,-8.995609755229416749e-02,0.000000000000000000e+00,0.000000000000000000e+00,0.000000000000000000e+00,1.000000000000000000e+00
6.450953243624226729e-01,7.572572511626436409e-01,-1.020464504396778327e-01,1.136058738065745255e-01,-7.237417624934665561e-01,6.483777580338447866e-01,2.362290077654646270e-01,-4.390975200052104621e-01,2.450507778167446971e-01,-7.853495049086105240e-02,9.663241577456327391e-01,-9.028416835118990846e-02,0.000000000000000000e+00,0.000000000000000000e+00,0.000000000000000000e+00,1.000000000000000000e+00
6.449503282252249114e-01,7.571914685847391802e-01,-1.034415488315062193e-01,1.136592659680571438e-01,-7.235905928565788958e-01,6.485868324618671021e-01,2.361181371401756823e-01,-4.390581831421180858e-01,2.458774655222386307e-01,-7.743513840349261490e-02,9.662029141380150676e-01,-9.024479419476660880e-02,0.000000000000000000e+00,0.000000000000000000e+00,0.000000000000000000e+00,1.000000000000000000e+00
6.449694863424639824e-01,7.572644096116624146e-01,-1.027860672593261387e-01,1.136425706179707285e-01,-7.235857899494680945e-01,6.484041985780754080e-01,2.366338941266190876e-01,-4.390862211996864883e-01,2.458413436961783272e-01,-7.824710347242383457e-02,9.661466889286706161e-01,-9.012803766722132792e-02,0.000000000000000000e+00,0.000000000000000000e+00,0.000000000000000000e+00,1.000000000000000000e+00
6.450198493384365905e-01,7.572379899075512011e-01,-1.026646024693623621e-01,1.136241916050735878e-01,-7.236696321858551162e-01,6.484548009826160975e-01,2.362385119631959518e-01,-4.390623533686412450e-01,2.454621302999911991e-01,-7.808327428692658778e-02,9.662563556661467601e-01,-9.007122207667994651e-02,0.000000000000000000e+00,0.000000000000000000e+00,0.000000000000000000e+00,1.000000000000000000e+00
6.449728336636999515e-01,7.572142450427975513e-01,-1.031340435553833035e-01,1.136369870964523687e-01,-7.236140924119035533e-01,6.485259307218826930e-01,2.362133832876818773e-01,-4.390935355041845067e-01,2.457492402810531051e-01,-7.772196784424739713e-02,9.662125059300895602e-01,-9.005624959058766699e-02,0.000000000000000000e+00,0.000000000000000000e+00,0.000000000000000000e+00,1.000000000000000000e+00
6.451199343090859850e-01,7.572681567182253382e-01,-1.018096713363818573e-01,1.136107635335033561e-01,-7.236708066179451393e-01,6.483113236599746809e-01,2.366283822012570648e-01,-4.390913640531330375e-01,2.451955016022383527e-01,-7.897699940383287598e-02,9.662514163297220016e-01,-9.018651666157095903e-02,0.000000000000000000e+00,0.000000000000000000e+00,0.000000000000000000e+00,1.000000000000000000e+00
6.449856959088875463e-01,7.573138511513622939e-01,-1.023190252456524507e-01,1.136044584839355776e-01,-7.236200737361281332e-01,6.482890631419103711e-01,2.368444204466396141e-01,-4.391022586878334799e-01,2.456978651902546051e-01,-7.872116275104522332e-02,9.661446773522457399e-01,-9.006161087878972182e-02,0.000000000000000000e+00,0.000000000000000000e+00,0.000000000000000000e+00,1.000000000000000000e+00
6.450554726284973839e-01,7.573054263285766696e-01,-1.019408087338861679e-01,1.135635419869427121e-01,-7.236947802415066855e-01,6.482806555586484443e-01,2.366390852746992901e-01,-4.390764226201350207e-01,2.452943176741430586e-01,-7.887130581993519185e-02,9.662349687498559270e-01,-9.013506480319444236e-02,0.000000000000000000e+00,0.000000000000000000e+00,0.000000000000000000e+00,1.000000000000000000e+00
6.450667936128788860e-01,7.572070520445055575e-01,-1.025978172870633531e-01,1.136082115283844618e-01,-7.235478028860020672e-01,6.484528024443125815e-01,2.366168631796070621e-01,-4.391265355402856341e-01,2.456977995767140599e-01,-7.839925596705217548e-02,9.661708689186265797e-01,-8.997453505663344231e-02,0.000000000000000000e+00,0.000000000000000000e+00,0.000000000000000000e+00,1.000000000000000000e+00
6.449742831055076397e-01,7.572802799840714361e-01,-1.026389384190189297e-01,1.136519881553681721e-01,-7.235474349217894119e-01,6.483518636222751486e-01,2.368944287137668137e-01,-4.390794901899284230e-01,2.459416263072107811e-01,-7.852667371517386974e-02,9.660984825392260333e-01,-9.009085835753460891e-02,0.000000000000000000e+00,0.000000000000000000e+00,0.000000000000000000e+00,1.000000000000000000e+00
6.448871174999201150e-01,7.571986680271879377e-01,-1.037823820332561264e-01,1.136766374780744937e-01,-7.237891268190200789e-01,6.486777731071077246e-01,2.352582550631630298e-01,-4.389864138310303199e-01,2.454585618413111514e-01,-7.659845830469577677e-02,9.663761020452332762e-01,-9.051384146835528277e-02,0.000000000000000000e+00,0.000000000000000000e+00,0.000000000000000000e+00,1.000000000000000000e+00
6.449384517172839226e-01,7.573209963937752587e-01,-1.025636481296008928e-01,1.136425225947690354e-01,-7.237274178825561233e-01,6.483417194640050951e-01,2.363718244789462519e-01,-4.390373377883203254e-01,2.455056376166567245e-01,-7.821715427959005651e-02,9.662344739631484325e-01,-9.029186724928939256e-02,0.000000000000000000e+00,0.000000000000000000e+00,0.000000000000000000e+00,1.000000000000000000e+00
6.450800254175411697e-01,7.572466973971383464e-01,-1.022213289310561490e-01,1.135988767371216845e-01,-7.236326705734568154e-01,6.483785747069098493e-01,2.365607362597670904e-01,-4.390743323853169011e-01,2.454129558235084996e-01,-7.862991251529487247e-02,9.662245173725441116e-01,-9.028608752674949223e-02,0.000000000000000000e+00,0.000000000000000000e+00,0.000000000000000000e+00,1.000000000000000000e+00
6.448592616827272250e-01,7.573565902358833091e-01,-1.027984817411443375e-01,1.136550339586158420e-01,-7.234239665216602999e-01,6.482210450648554501e-01,2.376283682498671057e-01,-4.391112516006145938e-01,2.466055499863612221e-01,-7.886996869089740736e-02,9.659012531074909758e-01,-9.008396131014206887e-02,0.000000000000000000e+00,0.000000000000000000e+00,0.000000000000000000e+00,1.000000000000000000e+00
6.451332285687058077e-01,7.572771472953230276e-01,-1.016584456932899394e-01,1.135095680842823362e-01,-7.235183335620620770e-01,6.482311330996614052e-01,2.373133352340434654e-01,-4.391692858040238678e-01,2.456101349620868624e-01,-7.954696892142752718e-02,9.660993434110793920e-01,-8.983909954074809079e-02,0.000000000000000000e+00,0.000000000000000000e+00,0.000000000000000000e+00,1.000000000000000000e+00
6.449472606729508284e-01,7.572596209396122990e-01,-1.029606596951089109e-01,1.136328689502720535e-01,-7.234829753259908180e-01,6.483987830507976780e-01,2.369628716733842566e-01,-4.390860075359241943e-01,2.462019808285648148e-01,-7.833827054920089461e-02,9.660474626039093904e-01,-9.016625861676019760e-02,0.000000000000000000e+00,0.000000000000000000e+00,0.000000000000000000e+00,1.000000000000000000e+00
6.450596730914628374e-01,7.572591097878479394e-01,-1.022578055429105848e-01,1.136322388197486544e-01,-7.236291654320111677e-01,6.483638167923793105e-01,2.366119016672439401e-01,-4.391148895962919130e-01,2.454767791203613103e-01,-7.863206545509639211e-02,9.662081293359932044e-01,-9.014938092100699407e-02,0.000000000000000000e+00,0.000000000000000000e+00,0.000000000000000000e+00,1.000000000000000000e+00
6.450101830040098072e-01,7.572328874604762339e-01,-1.027629211797887604e-01,1.136022545973861542e-01,-7.232629594075342672e-01,6.483438544834008166e-01,2.377833844124989937e-01,-4.391966098461470569e-01,2.466831071844791667e-01,-7.904808980536157104e-02,9.658668873752398465e-01,-8.959797629492483040e-02,0.000000000000000000e+00,0.000000000000000000e+00,0.000000000000000000e+00,1.000000000000000000e+00
6.449677549317410774e-01,7.571564405307025236e-01,-1.035891869896955059e-01,1.136481954907541114e-01,-7.234802366266288587e-01,6.486194989179019377e-01,2.363664376221099039e-01,-4.390830109938330672e-01,2.461563371294482883e-01,-7.750400109908066326e-02,9.661263827805589566e-01,-9.007864183887126508e-02,0.000000000000000000e+00,0.000000000000000000e+00,0.000000000000000000e+00,1.000000000000000000e+00
6.448808991795967893e-01,7.573339082563826929e-01,-1.028298462433340915e-01,1.136323701009768206e-01,-7.236955795633696065e-01,6.483440172722145789e-01,2.364629852382084951e-01,-4.390705560949439978e-01,2.457505523773111378e-01,-7.807295736962574506e-02,9.661838744948123558e-01,-9.018919214656406780e-02,0.000000000000000000e+00,0.000000000000000000e+00,0.000000000000000000e+00,1.000000000000000000e+00
6.448656231963914021e-01,7.572554163700325747e-01,-1.035015091570089391e-01,1.137040675490354757e-01,-7.235801787536705332e-01,6.484984646238394213e-01,2.363926104922254301e-01,-4.391147499121801356e-01,2.461301544596596336e-01,-7.754982758698754364e-02,9.661293760707685419e-01,-8.996294615400346473e-02,0.000000000000000000e+00,0.000000000000000000e+00,0.000000000000000000e+00,1.000000000000000000e+00
6.450696566823852507e-01,7.572807473036513581e-01,-1.020343461335107837e-01,1.135715091303495794e-01,-7.236500410591066856e-01,6.483129643552112409e-01,2.366873852238684517e-01,-4.390971336179848028e-01,2.453889893675403611e-01,-7.884269155845811949e-02,9.662132652189138193e-01,-9.014500651652035401e-02,0.000000000000000000e+00,0.000000000000000000e+00,0.000000000000000000e+00,1.000000000000000000e+00
6.450229561664236888e-01,7.572298053582451338e-01,-1.027054423847271747e-01,1.136088800448665226e-01,-7.235775826355936857e-01,6.484420657848730674e-01,2.365552139097286677e-01,-4.390913368248198223e-01,2.457251878126435751e-01,-7.826818764837374653e-02,9.661745302359612264e-01,-9.011830489698891000e-02,0.000000000000000000e+00,0.000000000000000000e+00,0.000000000000000000e+00,1.000000000000000000e+00
6.450413325200168302e-01,7.572723406366548282e-01,-1.022755173415594160e-01,1.136116862649649562e-01,-7.236760943366999932e-01,6.483618200228743467e-01,2.364738057845010011e-01,-4.391024957363552916e-01,2.453866129730412626e-01,-7.852103185330903956e-02,9.662400621638034259e-01,-9.013184086927528149e-02,0.000000000000000000e+00,0.000000000000000000e+00,0.000000000000000000e+00,1.000000000000000000e+00
6.449304038993399768e-01,7.573725611027427584e-01,-1.022329585549882347e-01,1.136563359511119642e-01,-7.238441454516931772e-01,6.482658970561134826e-01,2.362223101430939998e-01,-4.390425072413800534e-01,2.451824366090314677e-01,-7.834622136838695350e-02,9.663060811025425689e-01,-9.031536690730357364e-02,0.000000000000000000e+00,0.000000000000000000e+00,0.000000000000000000e+00,1.000000000000000000e+00
6.450578847105333802e-01,7.571985218880105117e-01,-1.027167163775434960e-01,1.135811775205373686e-01,-7.235040694797697514e-01,6.484650699586600453e-01,2.367169501529685083e-01,-4.390652733883252390e-01,2.458499274333531548e-01,-7.838017283805059909e-02,9.661337183262432848e-01,-9.019112198180367912e-02,0.000000000000000000e+00,0.000000000000000000e+00,0.000000000000000000e+00,1.000000000000000000e+00
6.450589461594486984e-01,7.572381984651651576e-01,-1.024171214440874611e-01,1.136118015363908884e-01,-7.235658742780074482e-01,6.483924538674182836e-01,2.367269552630009155e-01,-4.390718884048911419e-01,2.456651818226677497e-01,-7.859730627075829645e-02,9.661630720986061904e-01,-9.032160531645461177e-02,0.000000000000000000e+00,0.000000000000000000e+00,0.000000000000000000e+00,1.000000000000000000e+00
6.450525150687629328e-01,7.572568086649698049e-01,-1.023199811083315702e-01,1.136305758307080693e-01,-7.236930355105712920e-01,6.483948668565100437e-01,2.363313076755264031e-01,-4.390329601651392077e-01,2.453072423654854006e-01,-7.839784668391514000e-02,9.662702181472669904e-01,-9.034495501406403228e-02,0.000000000000000000e+00,0.000000000000000000e+00,0.000000000000000000e+00,1.000000000000000000e+00
6.450126974910385114e-01,7.573202365046046713e-01,-1.021013195602488988e-01,1.136315822581601132e-01,-7.237234735696825849e-01,6.482873779606259657e-01,2.365328928102175821e-01,-4.390870603810732575e-01,2.453221430681859772e-01,-7.867359758868561204e-02,9.662440225755015710e-01,-9.001348597476432900e-02,0.000000000000000000e+00,0.000000000000000000e+00,0.000000000000000000e+00,1.000000000000000000e+00
6.450723089688118472e-01,7.572403693058008534e-01,-1.023168573367085610e-01,1.136171007493571583e-01,-7.235599545455005943e-01,6.483756418651213105e-01,2.367910876999075875e-01,-4.391100283584649100e-01,2.456475287475107516e-01,-7.871499304202848879e-02,9.661579795719924535e-01,-9.001202382215423015e-02,0.000000000000000000e+00,0.000000000000000000e+00,0.000000000000000000e+00,1.000000000000000000e+00
6.450605089669763093e-01,7.572582340598817963e-01,-1.022590177919525112e-01,1.136181269112749859e-01,-7.234666615145938229e-01,6.483130802135671500e-01,2.372470014582375719e-01,-4.391289790877470067e-01,2.459531041645818816e-01,-7.905768129983437031e-02,9.660522519922513096e-01,-8.987466686914946656e-02,0.000000000000000000e+00,0.000000000000000000e+00,0.000000000000000000e+00,1.000000000000000000e+00
6.450588487065536114e-01,7.572441746795574025e-01,-1.023735396440482309e-01,1.135925045327748906e-01,-7.238050011369988601e-01,6.484550702218491169e-01,2.358226923615402426e-01,-4.390392816877018989e-01,2.449600008867662826e-01,-7.802103445515597147e-02,9.663888017501562899e-01,-9.032741304965252738e-02,0.000000000000000000e+00,0.000000000000000000e+00,0.000000000000000000e+00,1.000000000000000000e+00
6.448856822157527091e-01,7.573478173586144502e-01,-1.026973242848428364e-01,1.136631666825394238e-01,-7.237194920009913934e-01,6.483161151595699945e-01,2.364663014516662776e-01,-4.390798661376383305e-01,2.456675676009154596e-01,-7.816967677140609916e-02,9.661971578629817703e-01,-9.025563776835143770e-02,0.000000000000000000e+00,0.000000000000000000e+00,0.000000000000000000e+00,1.000000000000000000e+00
6.449859062852146829e-01,7.571996085391978770e-01,-1.031597475836659866e-01,1.136706192961120243e-01,-7.234516572875502316e-01,6.484985478074174470e-01,2.367854156394932352e-01,-4.391402021454516302e-01,2.461927705302026648e-01,-7.809216554659127729e-02,9.660697352773797153e-01,-8.997120774397426857e-02,0.000000000000000000e+00,0.000000000000000000e+00,0.000000000000000000e+00,1.000000000000000000e+00
6.450396335203756326e-01,7.571665891105412438e-01,-1.030661317922050985e-01,1.136159764856261301e-01,-7.233668274805307163e-01,6.485082608226357959e-01,2.370178654564928655e-01,-4.391572457088868675e-01,2.463012466242334164e-01,-7.833129629662019533e-02,9.660227243351160453e-01,-8.986128691135242263e-02,0.000000000000000000e+00,0.000000000000000000e+00,0.000000000000000000e+00,1.000000000000000000e+00
6.450722246011160177e-01,7.572718471968740150e-01,-1.020841539672122655e-01,1.136205127244886981e-01,-7.235050480031468556e-01,6.482850710116498938e-01,2.372064759178893478e-01,-4.391306308747641718e-01,2.458094191891992963e-01,-7.915690839373540344e-02,9.660806970907834801e-01,-8.993070430916283442e-02,0.000000000000000000e+00,0.000000000000000000e+00,0.000000000000000000e+00,1.000000000000000000e+00
6.449419134003774312e-01,7.573590827490426225e-01,-1.022601981075184768e-01,1.136373027505569733e-01,-7.238161085668664008e-01,6.482795828365031099e-01,2.362706572057727827e-01,-4.390212184975622600e-01,2.452349267917978137e-01,-7.836327108319490753e-02,9.662913786361561064e-01,-9.043817260137254621e-02,0.000000000000000000e+00,0.000000000000000000e+00,0.000000000000000000e+00,1.000000000000000000e+00
6.449637160072793085e-01,7.572836514724385903e-01,-1.026804569850188059e-01,1.136555455575703755e-01,-7.236845838143985965e-01,6.483955694625356259e-01,2.363552594099299076e-01,-4.390661090579658365e-01,2.455655272701417480e-01,-7.813230262781722946e-02,9.662261200684925111e-01,-9.004952362486262629e-02,0.000000000000000000e+00,0.000000000000000000e+00,0.000000000000000000e+00,1.000000000000000000e+00
6.449187955825431695e-01,7.572616477376419297e-01,-1.031239253036545650e-01,1.136611724112893684e-01,-7.236567529801245513e-01,6.484699900187479438e-01,2.362362713711595452e-01,-4.390503124344117825e-01,2.457654389262759476e-01,-7.772688666579145866e-02,9.662079900925154563e-01,-9.028914843534940893e-02,0.000000000000000000e+00,0.000000000000000000e+00,0.000000000000000000e+00,1.000000000000000000e+00
6.449145620685196034e-01,7.572880406615390969e-01,-1.029564524591679991e-01,1.136314177905691503e-01,-7.236957811506975480e-01,6.484249074080699060e-01,2.362404618127850742e-01,-4.390895331175693750e-01,2.456616046040804857e-01,-7.784576368591487883e-02,9.662248253380294472e-01,-9.018319835581101174e-02,0.000000000000000000e+00,0.000000000000000000e+00,0.000000000000000000e+00,1.000000000000000000e+00
6.449756100384530511e-01,7.572956239875204831e-01,-1.025173172926285015e-01,1.135840399054741101e-01,-7.237949346888544744e-01,6.483944081959469585e-01,2.360203040820528786e-01,-4.390735320302177058e-01,2.452087987293325166e-01,-7.802582463248863842e-02,9.663253156759052942e-01,-9.043630234908328624e-02,0.000000000000000000e+00,0.000000000000000000e+00,0.000000000000000000e+00,1.000000000000000000e+00
6.451316245338624134e-01,7.573015210666121932e-01,-1.014869115526488008e-01,1.135901957242076432e-01,-7.237779923997068598e-01,6.482594826055629866e-01,2.364425108347009974e-01,-4.390586803237882529e-01,2.448481258742846445e-01,-7.908254802523326243e-02,9.663308676916448903e-01,-9.038636154568435721e-02,0.000000000000000000e+00,0.000000000000000000e+00,0.000000000000000000e+00,1.000000000000000000e+00
6.449621010747146332e-01,7.573533557400228267e-01,-1.021752549623237971e-01,1.136586871205736704e-01,-7.235616386582403026e-01,6.481962740354695329e-01,2.372765167241300821e-01,-4.391576410439405609e-01,2.459317857445259825e-01,-7.910426585122209975e-02,9.660538659332862377e-01,-8.990780794876696014e-02,0.000000000000000000e+00,0.000000000000000000e+00,0.000000000000000000e+00,1.000000000000000000e+00
6.448990346321339384e-01,7.574043512734773831e-01,-1.021953218231861499e-01,1.136155823531653231e-01,-7.236144521799767748e-01,6.481419351235747639e-01,2.372638963907910403e-01,-4.391370725266197650e-01,2.459417811735409853e-01,-7.906124591903852805e-02,9.660548429912845236e-01,-8.999783895947244261e-02,0.000000000000000000e+00,0.000000000000000000e+00,0.000000000000000000e+00,1.000000000000000000e+00
6.450376982950629667e-01,7.573079806719613671e-01,-1.020342598775693665e-01,1.136076162260238331e-01,-7.236128140841278089e-01,6.482616356832036075e-01,2.369416531439473284e-01,-4.391739883023180191e-01,2.455827010834772395e-01,-7.900300065119976456e-02,9.661509523964926238e-01,-8.971557743830471665e-02,0.000000000000000000e+00,0.000000000000000000e+00,0.000000000000000000e+00,1.000000000000000000e+00
6.450394084388645366e-01,7.570945993700349819e-01,-1.035950248108755689e-01,1.136012027796161339e-01,-7.231583418028167953e-01,6.486075113059737163e-01,2.373822001719412822e-01,-4.391663667503035162e-01,2.469132929630159512e-01,-7.820526761157069184e-02,9.658766804701117703e-01,-8.979234798301649612e-02,0.000000000000000000e+00,0.000000000000000000e+00,0.000000000000000000e+00,1.000000000000000000e+00
6.449556767259193579e-01,7.572121623302753290e-01,-1.032565556181324340e-01,1.136002009658181877e-01,-7.234863133119425749e-01,6.485027083867073161e-01,2.366681044530483669e-01,-4.390701861234322378e-01,2.461701231045417548e-01,-7.793573271750418863e-02,9.660881388654353197e-01,-9.015192166740182422e-02,0.000000000000000000e+00,0.000000000000000000e+00,0.000000000000000000e+00,1.000000000000000000e+00
6.449655328513540509e-01,7.572103582112652553e-01,-1.032082111623702225e-01,1.136195315733993516e-01,-7.237166194099040606e-01,6.485724651736484159e-01,2.357711013005558964e-01,-4.390068720972808980e-01,2.454663240113993394e-01,-7.737073630348950681e-02,9.663126062202577193e-01,-9.047629303592596983e-02,0.000000000000000000e+00,0.000000000000000000e+00,0.000000000000000000e+00,1.000000000000000000e+00
6.447576519601762035e-01,7.573216401038393997e-01,-1.036894578500193315e-01,1.136904898157813371e-01,-7.233075727792068754e-01,6.483388709465339739e-01,2.376612370161063081e-01,-4.391085360667594251e-01,2.472119038376847655e-01,-7.823453106016624303e-02,9.657979254226751742e-01,-8.996280591392835646e-02,0.000000000000000000e+00,0.000000000000000000e+00,0.000000000000000000e+00,1.000000000000000000e+00
6.451510700290469247e-01,7.572510199228030814e-01,-1.017398135748763810e-01,1.136117505447482856e-01,-7.237514830509448327e-01,6.483538216423935241e-01,2.362649206785925049e-01,-4.390924315246417797e-01,2.448752491003000631e-01,-7.879222542597841272e-02,9.663477105009811163e-01,-9.013007119604043993e-02,0.000000000000000000e+00,0.000000000000000000e+00,0.000000000000000000e+00,1.000000000000000000e+00
6.451009089781984951e-01,7.571739376400955512e-01,-1.026277028589013263e-01,1.135947994559350638e-01,-7.236882988823666318e-01,6.485487755772227914e-01,2.359231479911025608e-01,-4.390819271694589299e-01,2.451939299743136069e-01,-7.792376951789500850e-02,9.663373235303878150e-01,-9.018607507445541849e-02,0.000000000000000000e+00,0.000000000000000000e+00,0.000000000000000000e+00,1.000000000000000000e+00
6.449418811136713447e-01,7.572788062714802537e-01,-1.028531942022243573e-01,1.136244357604582755e-01,-7.236976717698960782e-01,6.484268200187187636e-01,2.362294201729402965e-01,-4.390610880939564420e-01,2.455843029600842942e-01,-7.791962944248125023e-02,9.662385220467850644e-01,-9.019330417476933981e-02,0.000000000000000000e+00,0.000000000000000000e+00,0.000000000000000000e+00,1.000000000000000000e+00
6.450422304898352222e-01,7.571911133205251332e-01,-1.028695231500674906e-01,1.135710106175437106e-01,-7.234860234653064381e-01,6.484878646203973140e-01,2.367096603234342678e-01,-4.390880293811394441e-01,2.459440886361303202e-01,-7.826306503390466351e-02,9.661192462198662234e-01,-9.012719140431757481e-02,0.000000000000000000e+00,0.000000000000000000e+00,0.000000000000000000e+00,1.000000000000000000e+00
6.450731119127219859e-01,7.571528648528716987e-01,-1.029573675475738553e-01,1.135823060799137918e-01,-7.234244622567705951e-01,6.485336666754091262e-01,2.367723180548178818e-01,-4.390799168524860963e-01,2.460441580199365097e-01,-7.825357776893379635e-02,9.660945346448359672e-01,-9.007329625541826701e-02,0.000000000000000000e+00,0.000000000000000000e+00,0.000000000000000000e+00,1.000000000000000000e+00
6.449176374021575731e-01,7.574342323046006076e-01,-1.018559016491420860e-01,1.136708153657157161e-01,-7.237449341748747322e-01,6.481005682484375363e-01,2.369787410133214478e-01,-4.390732498104571446e-01,2.455086785102018054e-01,-7.911407693446820266e-02,9.661606758748679802e-01,-9.003328293889611977e-02,0.000000000000000000e+00,0.000000000000000000e+00,0.000000000000000000e+00,1.000000000000000000e+00
6.450687809721399324e-01,7.572885648970106853e-01,-1.019818478521725691e-01,1.135868720425414480e-01,-7.233297061475465473e-01,6.481921126947662870e-01,2.379939521181150264e-01,-4.391731364465523146e-01,2.463339278695111378e-01,-7.975596853227849559e-02,9.658978110876206280e-01,-8.976698001103611269e-02,0.000000000000000000e+00,0.000000000000000000e+00,0.000000000000000000e+00,1.000000000000000000e+00
6.450048383664958029e-01,7.571844653786168333e-01,-1.031525272259939674e-01,1.135796707429365116e-01,-7.236583611561995255e-01,6.485849299644891319e-01,2.359155886152561610e-01,-4.390311389840022560e-01,2.455347934866557169e-01,-7.751950730143694623e-02,9.662832872275128882e-01,-9.044055480901347366e-02,0.000000000000000000e+00,0.000000000000000000e+00,0.000000000000000000e+00,1.000000000000000000e+00
6.447836453608412066e-01,7.573469845753849627e-01,-1.033421290169544149e-01,1.137191046647627601e-01,-7.235483063843900498e-01,6.483381015770804945e-01,2.369294290958983695e-01,-4.390833729148395093e-01,2.464384284227320310e-01,-7.799519855734181328e-02,9.660149325960417643e-01,-8.986964725618507011e-02,0.000000000000000000e+00,0.000000000000000000e+00,0.000000000000000000e+00,1.000000000000000000e+00
6.450876912838303667e-01,7.573010591940276814e-01,-1.017692306038610883e-01,1.136317386044570221e-01,-7.240228293759867206e-01,6.483720573161383394e-01,2.353818553627901045e-01,-4.389924370659867292e-01,2.442392537994022284e-01,-7.815869136086196767e-02,9.665600891141062911e-01,-9.050508308419602521e-02,0.000000000000000000e+00,0.000000000000000000e+00,0.000000000000000000e+00,1.000000000000000000e+00
6.451512990460457342e-01,7.572298595725989179e-01,-1.018957364704831670e-01,1.135584062965749874e-01,-7.238300433359533548e-01,6.484279314605077005e-01,2.358204530275508914e-01,-4.390250041416136062e-01,2.446423301545994078e-01,-7.838467626717272874e-02,9.664398443891988322e-01,-9.053324215735658598e-02,0.000000000000000000e+00,0.000000000000000000e+00,0.000000000000000000e+00,1.000000000000000000e+00
6.448308414776238173e-01,7.573937856872764440e-01,-1.027026741694476858e-01,1.136462359804845390e-01,-7.233721465034955722e-01,6.481394266545774663e-01,2.380084479147770715e-01,-4.391867671213867119e-01,2.468317717438036629e-01,-7.918293388206640304e-02,9.658178603855094302e-01,-8.973721248633670378e-02,0.000000000000000000e+00,0.000000000000000000e+00,0.000000000000000000e+00,1.000000000000000000e+00
6.448719521734329607e-01,7.573486456324076688e-01,-1.027774014984974005e-01,1.136890019293992082e-01,-7.238693465682866091e-01,6.483718098815828279e-01,2.358541185768912030e-01,-4.390069266524988523e-01,2.452617670955407059e-01,-7.769829541012041041e-02,9.663382640108660881e-01,-9.057844663420100417e-02,0.000000000000000000e+00,0.000000000000000000e+00,0.000000000000000000e+00,1.000000000000000000e+00
6.450631590395290438e-01,7.572507139581625690e-01,-1.022979816995259611e-01,1.136242619900522111e-01,-7.235213564743079306e-01,6.483461061780655399e-01,2.369898169316947967e-01,-4.390505672812436977e-01,2.457852061771027552e-01,-7.885862548633375269e-02,9.661112511563486605e-01,-9.029808928543148205e-02,0.000000000000000000e+00,0.000000000000000000e+00,0.000000000000000000e+00,1.000000000000000000e+00
6.449601657777088715e-01,7.573230432078396079e-01,-1.024118781509613385e-01,1.136524107469381317e-01,-7.235419656909577446e-01,6.482616922484193411e-01,2.371577581427202208e-01,-4.390301235172576200e-01,2.459947325534747320e-01,-7.885801537974919395e-02,9.660579718455368781e-01,-9.040525696864665228e-02,0.000000000000000000e+00,0.000000000000000000e+00,0.000000000000000000e+00,1.000000000000000000e+00
6.448143729688813330e-01,7.571353328563161789e-01,-1.046924646443291168e-01,1.137153288240817794e-01,-7.232213685253827684e-01,6.486955600758549378e-01,2.369491980280701571e-01,-4.390569599625733233e-01,2.473161469071947227e-01,-7.707242099758240816e-02,9.658646724052757371e-01,-9.014282858160593825e-02,0.000000000000000000e+00,0.000000000000000000e+00,0.000000000000000000e+00,1.000000000000000000e+00
6.450775388582625780e-01,7.571214965624498694e-01,-1.031601100406700777e-01,1.135527026557656138e-01,-7.234907860449243389e-01,6.486234848184985191e-01,2.363232054835171514e-01,-4.390586964297192307e-01,2.458374490769550669e-01,-7.781140266659740401e-02,9.661828679118629193e-01,-9.026698164482360731e-02,0.000000000000000000e+00,0.000000000000000000e+00,0.000000000000000000e+00,1.000000000000000000e+00
6.448777969721537495e-01,7.574209632005552972e-01,-1.022062203424274479e-01,1.136403548581920164e-01,-7.235743069858642240e-01,6.481063049672675103e-01,2.374835567604667574e-01,-4.390510102278892823e-01,2.461155201166074780e-01,-7.919407784688473062e-02,9.659997146954617531e-01,-9.022769503595551299e-02,0.000000000000000000e+00,0.000000000000000000e+00,0.000000000000000000e+00,1.000000000000000000e+00
6.450317157654246181e-01,7.571373117080750781e-01,-1.033304257040580515e-01,1.135813314741275504e-01,-7.230970721102047971e-01,6.484955619616449285e-01,2.378741903227416521e-01,-4.391216829596245042e-01,2.471127474703847526e-01,-7.871846883368376069e-02,9.657839782798836037e-01,-8.999875110931454536e-02,0.000000000000000000e+00,0.000000000000000000e+00,0.000000000000000000e+00,1.000000000000000000e+00
6.449653098512502236e-01,7.571973811157173273e-01,-1.033047681376818711e-01,1.135634042741820726e-01,-7.235403657861958493e-01,6.485466767411183220e-01,2.363822056882230460e-01,-4.390120818856035334e-01,2.459859511566846457e-01,-7.771315280923024593e-02,9.661529784221496442e-01,-9.051185640991765702e-02,0.000000000000000000e+00,0.000000000000000000e+00,0.000000000000000000e+00,1.000000000000000000e+00
6.448432236508168103e-01,7.571656665466244274e-01,-1.042946322426474282e-01,1.136414804098092035e-01,-7.233374494456206172e-01,6.486426305053473174e-01,2.367396716239340837e-01,-4.390705940028949983e-01,2.469010958686236046e-01,-7.721975973874786736e-02,9.659590869000421742e-01,-9.017968325568492816e-02,0.000000000000000000e+00,0.000000000000000000e+00,0.000000000000000000e+00,1.000000000000000000e+00
6.450316276953806938e-01,7.572106690694151432e-01,-1.027920323765226795e-01,1.135959261539703502e-01,-7.234020238274814218e-01,6.484238206639321156e-01,2.371414361048961306e-01,-4.390730780147882872e-01,2.462188278644658612e-01,-7.860376227024477858e-02,9.660216029478900790e-01,-9.019388795249860813e-02,0.000000000000000000e+00,0.000000000000000000e+00,0.000000000000000000e+00,1.000000000000000000e+00
6.450092851735682586e-01,7.573595074219319212e-01,-1.018312258469433323e-01,1.135879865066940775e-01,-7.239645319383101185e-01,6.482762267654584853e-01,2.358247024933632086e-01,-4.390165760245816062e-01,2.446188433772548687e-01,-7.838692702452690342e-02,9.664456069207545408e-01,-9.030626244021799920e-02,0.000000000000000000e+00,0.000000000000000000e+00,0.000000000000000000e+00,1.000000000000000000e+00
6.451696393525904183e-01,7.573173619108973798e-01,-1.011264050877268006e-01,1.135070685649502420e-01,-7.236104204666061745e-01,6.481392471710446523e-01,2.372835343396011709e-01,-4.390776304294031762e-01,2.452429323136339767e-01,-7.991201176838216846e-02,9.661624990266078905e-01,-9.007975789839584024e-02,0.000000000000000000e+00,0.000000000000000000e+00,0.000000000000000000e+00,1.000000000000000000e+00
6.451732530486251616e-01,7.573952619469541681e-01,-1.005181114573872048e-01,1.135722594989406198e-01,-7.239163246634168214e-01,6.480532480987043487e-01,2.365843243212235603e-01,-4.390630605786933760e-01,2.443289349145236211e-01,-7.987117633429530184e-02,9.663974165706936681e-01,-9.034188130206399769e-02,0.000000000000000000e+00,0.000000000000000000e+00,0.000000000000000000e+00,1.000000000000000000e+00
6.449267878784641361e-01,7.573339463589765508e-01,-1.025413671115477793e-01,1.136551196487748383e-01,-7.233509876137802497e-01,6.481999549225238022e-01,2.379078963729595042e-01,-4.391216404132008977e-01,2.466430355694951282e-01,-7.925977624732999383e-02,9.658597728833560048e-01,-9.000024490164770796e-02,0.000000000000000000e+00,0.000000000000000000e+00,0.000000000000000000e+00,1.000000000000000000e+00
6.449253113442383611e-01,7.573124051654838151e-01,-1.027096089468144402e-01,1.136396257249534525e-01,-7.235804872726401271e-01,6.483243473617990027e-01,2.368687802480231586e-01,-4.390492952234289481e-01,2.459728058664738815e-01,-7.844400295986798943e-02,9.660972607216140595e-01,-9.034458898545660865e-02,0.000000000000000000e+00,0.000000000000000000e+00,0.000000000000000000e+00,1.000000000000000000e+00
6.450184194010549765e-01,7.571555880630846946e-01,-1.032794950520643656e-01,1.136022453851817382e-01,-7.235099317146436171e-01,6.485942944604344840e-01,2.363447056814333425e-01,-4.391161057175227977e-01,2.459362058413459562e-01,-7.772294807980371922e-02,9.661648544622949419e-01,-8.997971646552360703e-02,0.000000000000000000e+00,0.000000000000000000e+00,0.000000000000000000e+00,1.000000000000000000e+00
6.449907067959770313e-01,7.572620508752071489e-01,-1.026702218323367888e-01,1.136101634883028011e-01,-7.234419460626587695e-01,6.483481335639025289e-01,2.372265760434044690e-01,-4.391043000543237151e-01,2.462087301943191309e-01,-7.873299186795444660e-02,9.660136526817939551e-01,-8.999439498180517027e-02,0.000000000000000000e+00,0.000000000000000000e+00,0.000000000000000000e+00,1.000000000000000000e+00
6.449257879690064588e-01,7.572309440863449481e-01,-1.033054951619650358e-01,1.135846039112063666e-01,-7.232804169520656856e-01,6.484160398153457905e-01,2.375333192708550811e-01,-4.390831181875897160e-01,2.468525196675175337e-01,-7.847252148546413064e-02,9.658705383774324194e-01,-9.015099786362212875e-02,0.000000000000000000e+00,0.000000000000000000e+00,0.000000000000000000e+00,1.000000000000000000e+00
6.449343470567070469e-01,7.572500703161879620e-01,-1.031116821347986684e-01,1.136141892065850312e-01,-7.236392695547573251e-01,6.484797138807336658e-01,2.362631334834524033e-01,-4.390213107259206549e-01,2.457761085720026051e-01,-7.775854738413395806e-02,9.662027286050858255e-01,-9.035404779574762735e-02,0.000000000000000000e+00,0.000000000000000000e+00,0.000000000000000000e+00,1.000000000000000000e+00
6.450391362685354846e-01,7.572179695276646250e-01,-1.026910867911278585e-01,1.136167113727712952e-01,-7.236388140625875653e-01,6.484769465811099920e-01,2.362721239057464229e-01,-4.390652341394489788e-01,2.455023003233043899e-01,-7.809351046816503938e-02,9.662453229686160938e-01,-9.011624101778048512e-02,0.000000000000000000e+00,0.000000000000000000e+00,0.000000000000000000e+00,1.000000000000000000e+00
6.450259128985268431e-01,7.572183113354858941e-01,-1.027715946536661568e-01,1.136471710217586140e-01,-7.235316669561332459e-01,6.484517441604207288e-01,2.366690989693999714e-01,-4.390835346368437420e-01,2.458525952702175776e-01,-7.829919842210188163e-02,9.661396052979897009e-01,-9.008860681340769005e-02,0.000000000000000000e+00,0.000000000000000000e+00,0.000000000000000000e+00,1.000000000000000000e+00
6.450425195299421821e-01,7.573489300530965584e-01,-1.016992927502162330e-01,1.136246901575546087e-01,-7.238968897416776516e-01,6.482543102303673921e-01,2.360924443731231004e-01,-4.390543571312903737e-01,2.447313650123126294e-01,-7.866986344961217348e-02,9.663941284817647581e-01,-9.028835859641315409e-02,0.000000000000000000e+00,0.000000000000000000e+00,0.000000000000000000e+00,1.000000000000000000e+00
6.448865977941931060e-01,7.572120095720326072e-01,-1.036882276119837354e-01,1.136599746343784079e-01,-7.233911561034053195e-01,6.485229389157981528e-01,2.369034254108512427e-01,-4.390459331207440252e-01,2.466303129317427290e-01,-7.776869717244831726e-02,9.659842226885959615e-01,-9.024998826371422034e-02,0.000000000000000000e+00,0.000000000000000000e+00,0.000000000000000000e+00,1.000000000000000000e+00
6.449960893717350263e-01,7.572290603647018337e-01,-1.028795161067541097e-01,1.136307385911489998e-01,-7.237865158748442163e-01,6.485296807993620183e-01,2.356742085168246903e-01,-4.389964145136707740e-01,2.451797792088959982e-01,-7.754613634133328270e-02,9.663712912776375452e-01,-9.051247596492872916e-02,0.000000000000000000e+00,0.000000000000000000e+00,0.000000000000000000e+00,1.000000000000000000e+00
6.451117199904837785e-01,7.572954717843011219e-01,-1.016584337175865105e-01,1.135687374855167686e-01,-7.237613887034327620e-01,6.482831556120801642e-01,2.364284297027802184e-01,-4.390847082172664173e-01,2.449496294200068369e-01,-7.894630177935341164e-02,9.663162838751941930e-01,-9.020747674754470147e-02,0.000000000000000000e+00,0.000000000000000000e+00,0.000000000000000000e+00,1.000000000000000000e+00
6.449514581106151612e-01,7.572480408456903067e-01,-1.030195191036878399e-01,1.137066566920807709e-01,-7.235000280337096079e-01,6.484277717576290012e-01,2.368314469166999392e-01,-4.390827512278658307e-01,2.461408664082679332e-01,-7.821016205583496139e-02,9.660734156548286267e-01,-9.014467114647994883e-02,0.000000000000000000e+00,0.000000000000000000e+00,0.000000000000000000e+00,1.000000000000000000e+00
6.451112302254479181e-01,7.571733542159742036e-01,-1.025671112118322209e-01,1.135900243142623223e-01,-7.235599603705169525e-01,6.485016927398822295e-01,2.364456348975884636e-01,-4.390738680193531085e-01,2.455452797054455960e-01,-7.832027948646863580e-02,9.662160469768323878e-01,-9.022402401748363943e-02,0.000000000000000000e+00,0.000000000000000000e+00,0.000000000000000000e+00,1.000000000000000000e+00
6.450559058012435010e-01,7.572042998884858100e-01,-1.026865454737139888e-01,1.136095005559009385e-01,-7.236560772645630468e-01,6.485016132134157063e-01,2.361515180930711666e-01,-4.391043505349484510e-01,2.454073353202833596e-01,-7.802118872450773679e-02,9.662752888701090503e-01,-9.001322590963112269e-02,0.000000000000000000e+00,0.000000000000000000e+00,0.000000000000000000e+00,1.000000000000000000e+00
6.449623117719561760e-01,7.573231381839991005e-01,-1.023976599581908620e-01,1.136624822580447614e-01,-7.235640289952964821e-01,6.482669514618850659e-01,2.370760544348750054e-01,-4.390970581507230297e-01,2.459242003908272689e-01,-7.881385673505220124e-02,9.660795327759919005e-01,-8.995460580178482601e-02,0.000000000000000000e+00,0.000000000000000000e+00,0.000000000000000000e+00,1.000000000000000000e+00
6.450598005710579397e-01,7.572681336103767036e-01,-1.021901536621002832e-01,1.136346484361165365e-01,-7.239506181022744569e-01,6.484455562472888346e-01,2.354014934797124536e-01,-4.389844587195805836e-01,2.445268006508936609e-01,-7.786741553050861853e-02,9.665108945904528071e-01,-9.060872944497977421e-02,0.000000000000000000e+00,0.000000000000000000e+00,0.000000000000000000e+00,1.000000000000000000e+00
6.450050069963706445e-01,7.572948590697351490e-01,-1.023378589582670806e-01,1.136129651994616241e-01,-7.234729806413654485e-01,6.482715237434524269e-01,2.373412686096565971e-01,-4.391369019502394666e-01,2.460800423267003323e-01,-7.904763076710587255e-02,9.660207476232574031e-01,-8.995043799194402112e-02,0.000000000000000000e+00,0.000000000000000000e+00,0.000000000000000000e+00,1.000000000000000000e+00
6.451572882409890575e-01,7.571834041979050856e-01,-1.022025725547320296e-01,1.135846271286602427e-01,-7.237469190803909047e-01,6.485042757589536411e-01,2.358656427799456501e-01,-4.390272706056385088e-01,2.448723556287547010e-01,-7.820164147655016273e-02,9.663964159283693345e-01,-9.041577732822769775e-02,0.000000000000000000e+00,0.000000000000000000e+00,0.000000000000000000e+00,1.000000000000000000e+00
6.449257174609848153e-01,7.571444459466724064e-01,-1.039379956009387901e-01,1.136321454687769239e-01,-7.234266355746480359e-01,6.486600754609403996e-01,2.364191393355305482e-01,-4.390900696778479717e-01,2.464238663331532186e-01,-7.728126859151585037e-02,9.660760237301755371e-01,-9.018346010743760743e-02,0.000000000000000000e+00,0.000000000000000000e+00,0.000000000000000000e+00,1.000000000000000000e+00
6.449748606812445439e-01,7.573471923505215031e-01,-1.021403902870523794e-01,1.136379466021982254e-01,-7.236906444333199850e-01,6.482425086286727201e-01,2.367562061836843146e-01,-4.391007793988369601e-01,2.455183908567650508e-01,-7.878375622923404487e-02,9.661851993823531437e-01,-9.017239938103660535e-02,0.000000000000000000e+00,0.000000000000000000e+00,0.000000000000000000e+00,1.000000000000000000e+00
6.449301637854913949e-01,7.572332058545735434e-01,-1.032615891356721827e-01,1.136541411533580903e-01,-7.236696209192162721e-01,6.485309208674135961e-01,2.360294990832763617e-01,-4.390874892820588182e-01,2.456977077594684755e-01,-7.749526843665716092e-02,9.662438200431986424e-01,-9.023948812414861465e-02,0.000000000000000000e+00,0.000000000000000000e+00,0.000000000000000000e+00,1.000000000000000000e+00
6.451370424054008179e-01,7.572629954936409558e-01,-1.017396293113469879e-01,1.135608133664390840e-01,-7.239630546696442792e-01,6.484044267435647990e-01,2.354765271799869331e-01,-4.389931667403408344e-01,2.442860863614833566e-01,-7.825889748359168840e-02,9.665401455577740109e-01,-9.065440748273934091e-02,0.000000000000000000e+00,0.000000000000000000e+00,0.000000000000000000e+00,1.000000000000000000e+00
6.449237843641251189e-01,7.572586271356142040e-01,-1.031149067309890810e-01,1.136595084201344752e-01,-7.234218778644462278e-01,6.483988157002300579e-01,2.371492408286767495e-01,-4.391303864153098813e-01,2.464428919415898867e-01,-7.834760639116014613e-02,9.659852760701076457e-01,-8.988639736172232553e-02,0.000000000000000000e+00,0.000000000000000000e+00,0.000000000000000000e+00,1.000000000000000000e+00
6.449076385062901817e-01,7.573503333126236914e-01,-1.025407744631264689e-01,1.136895285289375446e-01,-7.237587463264096854e-01,6.483067112283886768e-01,2.363719215394548545e-01,-4.390483289925349863e-01,2.454942258226529561e-01,-7.822327535643242014e-02,9.662368779343126768e-01,-9.021955709473417073e-02,0.000000000000000000e+00,0.000000000000000000e+00,0.000000000000000000e+00,1.000000000000000000e+00
6.449472002816571958e-01,7.572192150214587247e-01,-1.032577805840212276e-01,1.136958017930148057e-01,-7.233859867234624375e-01,6.484608933575599643e-01,2.370889790733385905e-01,-4.391109748450217065e-01,2.464869632677857969e-01,-7.821464177633914716e-02,9.659848066873640837e-01,-8.989082433913764270e-02,0.000000000000000000e+00,0.000000000000000000e+00,0.000000000000000000e+00,1.000000000000000000e+00
6.449218936160668880e-01,7.572310052132275038e-01,-1.033293563244819802e-01,1.136303607407992411e-01,-7.233113157714262664e-01,6.484285609105281400e-01,2.374050165276835322e-01,-4.391481963820352274e-01,2.467721451292156920e-01,-7.836840013211167355e-02,9.658995301008582723e-01,-8.980926283378232178e-02,0.000000000000000000e+00,0.000000000000000000e+00,0.000000000000000000e+00,1.000000000000000000e+00
6.449235498346874706e-01,7.572964215727052695e-01,-1.028384400008144350e-01,1.135704744215568218e-01,-7.234976849190205561e-01,6.483360948363587895e-01,2.370894515771588829e-01,-4.390553856653233722e-01,2.462208658612087819e-01,-7.850119747822770222e-02,9.660294235731339274e-01,-9.025583726952413066e-02,0.000000000000000000e+00,0.000000000000000000e+00,0.000000000000000000e+00,1.000000000000000000e+00
6.450847738805312037e-01,7.572496140445407198e-01,-1.021697437448983725e-01,1.135947501116470471e-01,-7.235306668622317749e-01,6.483355566686805904e-01,2.369902531097143883e-01,-4.391345007250663790e-01,2.457010553851943502e-01,-7.895586101428030135e-02,9.661247142031381685e-01,-8.992947234907600063e-02,0.000000000000000000e+00,0.000000000000000000e+00,0.000000000000000000e+00,1.000000000000000000e+00
6.451356086605068985e-01,7.571209141783645791e-01,-1.028006213597706803e-01,1.136129714199057561e-01,-7.236105392042331275e-01,6.486205717609181409e-01,2.359642800109773009e-01,-4.390844007013913752e-01,2.453320891991028208e-01,-7.784134635434625249e-02,9.663089003041142044e-01,-9.014085219491807521e-02,0.000000000000000000e+00,0.000000000000000000e+00,0.000000000000000000e+00,1.000000000000000000e+00
6.448864009162134092e-01,7.573300299926515322e-01,-1.028239057061273998e-01,1.136167756395478068e-01,-7.232330490036069648e-01,6.482012340231411152e-01,2.382627059357450561e-01,-4.391047989495783233e-01,2.470940847982389943e-01,-7.928673206915885785e-02,9.657422675722100447e-01,-8.987685111176779706e-02,0.000000000000000000e+00,0.000000000000000000e+00,0.000000000000000000e+00,1.000000000000000000e+00
6.449326885859426595e-01,7.573016892579774728e-01,-1.027422923645432279e-01,1.136432591049670038e-01,-7.236860637033036836e-01,6.483772409124358704e-01,2.364010039496339810e-01,-4.390319701790292295e-01,2.456426436816809833e-01,-7.810956992450322767e-02,9.662083557345608753e-01,-9.038589172124877891e-02,0.000000000000000000e+00,0.000000000000000000e+00,0.000000000000000000e+00,1.000000000000000000e+00
6.449120468217712787e-01,7.572187269726053938e-01,-1.034806812218616590e-01,1.136595782206913929e-01,-7.236736375757228945e-01,6.485782566674455074e-01,2.358870731009621302e-01,-4.390349477142460044e-01,2.457334290284391431e-01,-7.724017413369986540e-02,9.662551616202217364e-01,-9.028784922050103745e-02,0.000000000000000000e+00,0.000000000000000000e+00,0.000000000000000000e+00,1.000000000000000000e+00
6.450374190493466386e-01,7.572569703082357995e-01,-1.024139099231622524e-01,1.136254068023843100e-01,-7.235670030826556465e-01,6.483653432367133540e-01,2.367977485947098948e-01,-4.391164252240553623e-01,2.457183755361862509e-01,-7.864008271314812393e-02,9.661460641718349063e-01,-8.997594503765160567e-02,0.000000000000000000e+00,0.000000000000000000e+00,0.000000000000000000e+00,1.000000000000000000e+00
6.451016296182408016e-01,7.571739159051927848e-01,-1.026233332955354405e-01,1.136285184505732015e-01,-7.234408151232919471e-01,6.484694301498385993e-01,2.368982591216975131e-01,-4.391375716942879648e-01,2.459212769925315512e-01,-7.858154512313988982e-02,9.660992010598202784e-01,-8.988479646354652353e-02,0.000000000000000000e+00,0.000000000000000000e+00,0.000000000000000000e+00,1.000000000000000000e+00
6.451623738257917795e-01,7.572524840842723703e-01,-1.016572021436166068e-01,1.135512793778200857e-01,-7.237710057039393741e-01,6.483482522916270696e-01,2.362203950820100373e-01,-4.390990944562804810e-01,2.447877503098908059e-01,-7.882397540464196328e-02,9.663672894917495482e-01,-9.024158061232001593e-02,0.000000000000000000e+00,0.000000000000000000e+00,0.000000000000000000e+00,1.000000000000000000e+00
6.450013484571205380e-01,7.573617407171475691e-01,-1.018648820074326694e-01,1.136266663827198986e-01,-7.237705248298369476e-01,6.482146711042970910e-01,2.365881813461739036e-01,-4.390765052493912357e-01,2.452131478449685043e-01,-7.887289688505097485e-02,9.662554415168495003e-01,-9.015459999136488101e-02,0.000000000000000000e+00,0.000000000000000000e+00,0.000000000000000000e+00,1.000000000000000000e+00
6.449998044694578159e-01,7.572117158322870800e-01,-1.029838319382473805e-01,1.136477597479906843e-01,-7.237319700571798187e-01,6.485494654254723157e-01,2.357872481994897074e-01,-4.390385267611016107e-01,2.453309759315259186e-01,-7.755003741235706738e-02,9.663326052378794495e-01,-9.041342176538158526e-02,0.000000000000000000e+00,0.000000000000000000e+00,0.000000000000000000e+00,1.000000000000000000e+00
6.449370875549671478e-01,7.572502213212625177e-01,-1.030934304648744582e-01,1.136624211792279793e-01,-7.235796539220861190e-01,6.484585022927779052e-01,2.365038165319998109e-01,-4.391169707320898286e-01,2.459443789276571923e-01,-7.793377389236773312e-02,9.661457909450222870e-01,-9.000069326725212981e-02,0.000000000000000000e+00,0.000000000000000000e+00,0.000000000000000000e+00,1.000000000000000000e+00
6.450609382416644388e-01,7.572114154408070563e-01,-1.026024282408222466e-01,1.136135062841772125e-01,-7.236834476865702248e-01,6.484902674661989774e-01,2.360987940377857475e-01,-4.390357416376091115e-01,2.453133781497916222e-01,-7.804643058940738398e-02,9.662971081261654271e-01,-9.042224938002929591e-02,0.000000000000000000e+00,0.000000000000000000e+00,0.000000000000000000e+00,1.000000000000000000e+00
6.451376215278312731e-01,7.571888310219585527e-01,-1.022864774298797297e-01,1.135578545472740175e-01,-7.236623632272416451e-01,6.484792387437082750e-01,2.361936937488909871e-01,-4.390382065947643353e-01,2.451738838819850774e-01,-7.835656382193582903e-02,9.663074125599173669e-01,-9.046091328052874303e-02,0.000000000000000000e+00,0.000000000000000000e+00,0.000000000000000000e+00,1.000000000000000000e+00
6.450612374864349574e-01,7.572251293961603791e-01,-1.024992844045134882e-01,1.136316276381167112e-01,-7.233721927538115937e-01,6.483589417262553001e-01,2.374096742640297575e-01,-4.391410536372031825e-01,2.462288988786890398e-01,-7.899864615661698897e-02,9.659868235449229346e-01,-8.985607538301754182e-02,0.000000000000000000e+00,0.000000000000000000e+00,0.000000000000000000e+00,1.000000000000000000e+00
6.451678105165009613e-01,7.572512007655828326e-01,-1.016322547837412993e-01,1.135594359166836875e-01,-7.235644346742872157e-01,6.482804783504665380e-01,2.370378245431929431e-01,-4.391122293310776858e-01,2.453833840092346785e-01,-7.939168929285539411e-02,9.661697338063345297e-01,-9.006867227193771086e-02,0.000000000000000000e+00,0.000000000000000000e+00,0.000000000000000000e+00,1.000000000000000000e+00
6.449008697044300575e-01,7.573748471373619173e-01,-1.024021932290891251e-01,1.136491015165989049e-01,-7.235466235333215534e-01,6.481872260593328772e-01,2.373470108238935616e-01,-4.391291631938217810e-01,2.461364496128112256e-01,-7.897253254876149264e-02,9.660125192122693827e-01,-9.002746572757280852e-02,0.000000000000000000e+00,0.000000000000000000e+00,0.000000000000000000e+00,1.000000000000000000e+00
6.449194299034511912e-01,7.572043252004525549e-01,-1.035400349175859408e-01,1.136796298074650713e-01,-7.235086271852728679e-01,6.485538810354904982e-01,2.364595732515070714e-01,-4.390765431003302854e-01,2.461995030894449377e-01,-7.758526465463748412e-02,9.661088610436094903e-01,-9.014921564650824060e-02,0.000000000000000000e+00,0.000000000000000000e+00,0.000000000000000000e+00,1.000000000000000000e+00
6.450052457287663854e-01,7.573615253420585836e-01,-1.018418033713285042e-01,1.135651403730294218e-01,-7.237904755993528338e-01,6.482186769257822778e-01,2.365161607929809895e-01,-4.390664704564828380e-01,2.451439993433178477e-01,-7.884203711307148643e-02,9.662755056244697327e-01,-9.024295858464292941e-02,0.000000000000000000e+00,0.000000000000000000e+00,0.000000000000000000e+00,1.000000000000000000e+00
6.450260615703553579e-01,7.572884534659506395e-01,-1.022525214465891119e-01,1.135932872614294209e-01,-7.237627279694381910e-01,6.483635720208995590e-01,2.362037088585550171e-01,-4.390624200643392649e-01,2.451711514376709034e-01,-7.835098418940773801e-02,9.663085582666015583e-01,-9.040381646529938031e-02,0.000000000000000000e+00,0.000000000000000000e+00,0.000000000000000000e+00,1.000000000000000000e+00
6.449235968527180507e-01,7.572342112460510588e-01,-1.032952251613007272e-01,1.136390886753657070e-01,-7.236254512880837542e-01,6.485194237911940940e-01,2.361964504679413823e-01,-4.391086259213091703e-01,2.458449927711969241e-01,-7.758161047637915364e-02,9.661994272639689019e-01,-9.003739952404909985e-02,0.000000000000000000e+00,0.000000000000000000e+00,0.000000000000000000e+00,1.000000000000000000e+00
6.450227751067298954e-01,7.572020968028081445e-01,-1.029106612117701713e-01,1.135848235034941645e-01,-7.234977780879525699e-01,6.484805739806068781e-01,2.366937056019409180e-01,-4.391030343273256142e-01,2.459605348331487251e-01,-7.821719610938149270e-02,9.661187740321466322e-01,-9.004610830185533210e-02,0.000000000000000000e+00,0.000000000000000000e+00,0.000000000000000000e+00,1.000000000000000000e+00
6.449381266487780318e-01,7.572012306694815287e-01,-1.034461650685405409e-01,1.136884682360769228e-01,-7.236301967054494799e-01,6.485857887462195270e-01,2.359996039244074140e-01,-4.390991883849728605e-01,2.457929030928224234e-01,-7.734837366788852031e-02,9.662313790599721397e-01,-9.003764587691542864e-02,0.000000000000000000e+00,0.000000000000000000e+00,0.000000000000000000e+00,1.000000000000000000e+00
6.449497858213403267e-01,7.573481973271992684e-01,-1.022911617601887091e-01,1.136545226828795940e-01,-7.239104030651851707e-01,6.483289997284833461e-01,2.358457895427980566e-01,-4.390213874180293185e-01,2.449357101424957106e-01,-7.805905531266822683e-02,9.663918883044732011e-01,-9.039988176107072171e-02,0.000000000000000000e+00,0.000000000000000000e+00,0.000000000000000000e+00,1.000000000000000000e+00
6.450780931016982800e-01,7.572064602982624404e-01,-1.025311186072439679e-01,1.135984829646801697e-01,-7.235459523849512298e-01,6.484452544502063986e-01,2.366432056247571025e-01,-4.390991005146118176e-01,2.456735813790947853e-01,-7.846737196811864878e-02,9.661714976901286667e-01,-9.007881937851380805e-02,0.000000000000000000e+00,0.000000000000000000e+00,0.000000000000000000e+00,1.000000000000000000e+00
6.450265647383102152e-01,7.573222029117591125e-01,-1.019990772447225275e-01,1.136284828893598942e-01,-7.238250984409030364e-01,6.483051063221809684e-01,2.361730636283547180e-01,-4.390904870510397018e-01,2.449856274333488404e-01,-7.850840778837746281e-02,9.663428337073869390e-01,-9.030966522559991105e-02,0.000000000000000000e+00,0.000000000000000000e+00,0.000000000000000000e+00,1.000000000000000000e+00
6.450127192996419900e-01,7.572111490228579100e-01,-1.029070830271872905e-01,1.136732728796530367e-01,-7.232462717245258244e-01,6.483868935679566459e-01,2.377167783011298052e-01,-4.391874985649374397e-01,2.467253987295482676e-01,-7.890318146170244296e-02,9.658679338175415463e-01,-8.965237947586124356e-02,0.000000000000000000e+00,0.000000000000000000e+00,0.000000000000000000e+00,1.000000000000000000e+00
6.451549451285558678e-01,7.571917260598061139e-01,-1.021556986307737835e-01,1.136279778235388394e-01,-7.235421896338819492e-01,6.484212128320487878e-01,2.367205748751523564e-01,-4.391256480887633096e-01,2.454827826874577679e-01,-7.880749162349015569e-02,9.661923114308226257e-01,-9.006123479647643038e-02,0.000000000000000000e+00,0.000000000000000000e+00,0.000000000000000000e+00,1.000000000000000000e+00
6.450467455765042102e-01,7.572581082073794878e-01,-1.023467321185276835e-01,1.135902721533573467e-01,-7.238441321821900143e-01,6.484443158437591670e-01,2.357321394195786013e-01,-4.389898481549812659e-01,2.448762306279914647e-01,-7.797516786836716784e-02,9.664137337958971230e-01,-9.074726081363060359e-02,0.000000000000000000e+00,0.000000000000000000e+00,0.000000000000000000e+00,1.000000000000000000e+00
6.449039551260222769e-01,7.572736634671775047e-01,-1.031284988827697174e-01,1.136577721576814137e-01,-7.234355011366011556e-01,6.483830626205846492e-01,2.371507533236730803e-01,-4.391363227388085377e-01,2.464547917124926268e-01,-7.833264150883051391e-02,9.659834537486658990e-01,-8.995267413201712969e-02,0.000000000000000000e+00,0.000000000000000000e+00,0.000000000000000000e+00,1.000000000000000000e+00
6.449948790158046563e-01,7.572384754406030760e-01,-1.028177871565941343e-01,1.135669650739002112e-01,-7.235235373377612023e-01,6.484254796622797024e-01,2.367658933271342692e-01,-4.391107306943881072e-01,2.459579170542003368e-01,-7.832169965682385382e-02,9.661109741645756976e-01,-9.005676731273459801e-02,0.000000000000000000e+00,0.000000000000000000e+00,0.000000000000000000e+00,1.000000000000000000e+00
6.450015891239418986e-01,7.572262265272845516e-01,-1.028658927285408253e-01,1.136348061413007260e-01,-7.236203515760067928e-01,6.484795288497146037e-01,2.363215763485612408e-01,-4.390852728063124322e-01,2.456553211567099881e-01,-7.799193882769042685e-02,9.662146348846574195e-01,-9.016686479032531842e-02,0.000000000000000000e+00,0.000000000000000000e+00,0.000000000000000000e+00,1.000000000000000000e+00
6.449822614688658362e-01,7.573160102052758358e-01,-1.023246943668553871e-01,1.136157437285416072e-01,-7.238448264788983622e-01,6.483584450639353625e-01,2.359660863217627746e-01,-4.390110649452966807e-01,2.450439747682878755e-01,-7.812673934728539549e-02,9.663589721365037910e-01,-9.043909536770144975e-02,0.000000000000000000e+00,0.000000000000000000e+00,0.000000000000000000e+00,1.000000000000000000e+00
6.452342909090943435e-01,7.572043992560781867e-01,-1.015588872638917978e-01,1.135352055452723552e-01,-7.236088225616355007e-01,6.483538207888720484e-01,2.367014891787430075e-01,-4.391402443230583152e-01,2.450775015092197529e-01,-7.923901069367828010e-02,9.662599015990911422e-01,-9.010330816630673922e-02,0.000000000000000000e+00,0.000000000000000000e+00,0.000000000000000000e+00,1.000000000000000000e+00
6.450534146206240438e-01,7.571438512091195339e-01,-1.031468897373820082e-01,1.136189713732936590e-01,-7.233870763183107844e-01,6.485568808405052232e-01,2.368229510205478172e-01,-4.391004932065203370e-01,2.462056662668822837e-01,-7.814832621788522782e-02,9.660619074404203088e-01,-9.005611853037920334e-02,0.000000000000000000e+00,0.000000000000000000e+00,0.000000000000000000e+00,1.000000000000000000e+00
6.449947988038321478e-01,7.572990865421767026e-01,-1.023709091411662692e-01,1.136256952034886414e-01,-7.236008455067315381e-01,6.483103245625182476e-01,2.368449692258322303e-01,-4.390543431501393590e-01,2.457305961779022718e-01,-7.868809686367475575e-02,9.661390466770429786e-01,-9.031550886737194084e-02,0.000000000000000000e+00,0.000000000000000000e+00,0.000000000000000000e+00,1.000000000000000000e+00
6.449873530449058423e-01,7.573069464393412664e-01,-1.023596760782628928e-01,1.136104408819466893e-01,-7.238079286948176927e-01,6.483638384533275678e-01,2.360644304942726146e-01,-4.390202201841608143e-01,2.451395455055014327e-01,-7.816982704847409702e-02,9.663312482625033839e-01,-9.048882247704481685e-02,0.000000000000000000e+00,0.000000000000000000e+00,0.000000000000000000e+00,1.000000000000000000e+00
6.449887109879494096e-01,7.572058999707580451e-01,-1.030960122777693361e-01,1.136259705909385687e-01,-7.236083983726693258e-01,6.485317401133543491e-01,2.362148764792026956e-01,-4.390610203000421263e-01,2.457243343721656204e-01,-7.775478837357291395e-02,9.662161996066600533e-01,-9.027378685038645045e-02,0.000000000000000000e+00,0.000000000000000000e+00,0.000000000000000000e+00,1.000000000000000000e+00
6.450699522842968658e-01,7.572158014295969908e-01,-1.025133490101087508e-01,1.136352621831746013e-01,-7.239363156822894441e-01,6.485538965625199381e-01,2.351468776954626638e-01,-4.389640845402426605e-01,2.445423633980167433e-01,-7.747304898418266861e-02,9.665386485727338606e-01,-9.078614191227574182e-02,0.000000000000000000e+00,0.000000000000000000e+00,0.000000000000000000e+00,1.000000000000000000e+00
6.449699503055101868e-01,7.572714741903980862e-01,-1.027310935423601801e-01,1.136662472362745535e-01,-7.238116045620293093e-01,6.484593484873341085e-01,2.357906581286097203e-01,-4.390159836036059415e-01,2.451744772692466545e-01,-7.771993140040529824e-02,9.663586745918246734e-01,-9.044315581541795268e-02,0.000000000000000000e+00,0.000000000000000000e+00,0.000000000000000000e+00,1.000000000000000000e+00
6.450092832190259529e-01,7.572631138931391614e-01,-1.025456039922964108e-01,1.136084907106554298e-01,-7.235103960792348410e-01,6.483538397539858611e-01,2.370021207532365115e-01,-4.391328472118671833e-01,2.459588000591707013e-01,-7.867575746778338042e-02,9.660819809210414721e-01,-8.999138046773924593e-02,0.000000000000000000e+00,0.000000000000000000e+00,0.000000000000000000e+00,1.000000000000000000e+00
6.450357394905816832e-01,7.572294680429727531e-01,-1.026276157142682610e-01,1.135780206671861414e-01,-7.237376515303193258e-01,6.484844074603987041e-01,2.359486915371947768e-01,-4.390803336427834269e-01,2.452197107436861478e-01,-7.791986914832893518e-02,9.663310961853036618e-01,-9.027743999493620386e-02,0.000000000000000000e+00,0.000000000000000000e+00,0.000000000000000000e+00,1.000000000000000000e+00
6.450780762501260313e-01,7.572815840102175011e-01,-1.019748893621002933e-01,1.135895939086793982e-01,-7.237862444250308114e-01,6.483484774279135721e-01,2.361730810190189045e-01,-4.390608340468719617e-01,2.449647891484537099e-01,-7.854205456876127422e-02,9.663453822218904810e-01,-9.034672848550528990e-02,0.000000000000000000e+00,0.000000000000000000e+00,0.000000000000000000e+00,1.000000000000000000e+00
6.450018353617735789e-01,7.573092307017463831e-01,-1.022514619644761397e-01,1.136546033604493022e-01,-7.233866069089269768e-01,6.482127280201319675e-01,2.377647496528614846e-01,-4.391721141020188957e-01,2.463421387516416816e-01,-7.939136178846865899e-02,9.659257540559933464e-01,-8.967420963113315047e-02,0.000000000000000000e+00,0.000000000000000000e+00,0.000000000000000000e+00,1.000000000000000000e+00
6.449589322591287033e-01,7.572826959597004359e-01,-1.027175452353326912e-01,1.136373729597469628e-01,-7.240991752343443055e-01,6.485325120335755367e-01,2.347039949816843718e-01,-4.389153238071744068e-01,2.443529417136346693e-01,-7.699674821333818420e-02,9.666246120601651448e-01,-9.098728591285576428e-02,0.000000000000000000e+00,0.000000000000000000e+00,0.000000000000000000e+00,1.000000000000000000e+00
6.450584731773660874e-01,7.572431813563433867e-01,-1.023832528854666246e-01,1.136241963449740600e-01,-7.235864614349691859e-01,6.483878724994939224e-01,2.366765717674648717e-01,-4.390800376937097349e-01,2.456057796756934142e-01,-7.858709235557780060e-02,9.661790051046394989e-01,-9.018722775104981437e-02,0.000000000000000000e+00,0.000000000000000000e+00,0.000000000000000000e+00,1.000000000000000000e+00
6.450007962738939504e-01,7.571869735821781244e-01,-1.031593904766042458e-01,1.136493161181944545e-01,-7.234999180735754987e-01,6.485320044599341971e-01,2.365462063502806189e-01,-4.391146160199873583e-01,2.460118723833716048e-01,-7.793668089315668179e-02,9.661283726388465443e-01,-8.997445267117543111e-02,0.000000000000000000e+00,0.000000000000000000e+00,0.000000000000000000e+00,1.000000000000000000e+00
6.450523452368575050e-01,7.573444879989663647e-01,-1.016700467296719201e-01,1.136559853421540423e-01,-7.236607465556648133e-01,6.481811614045157599e-01,2.370154127789815268e-01,-4.391022022604025299e-01,2.454029254082515654e-01,-7.931272595162018602e-02,9.661712558874826495e-01,-9.006538128669583365e-02,0.000000000000000000e+00,0.000000000000000000e+00,0.000000000000000000e+00,1.000000000000000000e+00
6.448625876129415735e-01,7.571275500038393558e-01,-1.044515012928254605e-01,1.137128408143003311e-01,-7.235305375295600916e-01,6.487754254432523959e-01,2.357838175174728490e-01,-4.390428289690208041e-01,2.462839912769958228e-01,-7.647431180540763263e-02,9.661759028637394442e-01,-9.023053344292519817e-02,0.000000000000000000e+00,0.000000000000000000e+00,0.000000000000000000e+00,1.000000000000000000e+00
6.452340163558022423e-01,7.573365173922639304e-01,-1.005706893757682963e-01,1.135112576806477924e-01,-7.236726541229530074e-01,6.480649991266296261e-01,2.372965372306183318e-01,-4.391371197088886902e-01,2.448896768179520400e-01,-8.033154007709873701e-02,9.662173098515883796e-01,-8.991143038510984731e-02,0.000000000000000000e+00,0.000000000000000000e+00,0.000000000000000000e+00,1.000000000000000000e+00
6.448346618040731171e-01,7.572969889906296936e-01,-1.033901803932705116e-01,1.136823340252491321e-01,-7.236919790266632679e-01,6.484610130326781130e-01,2.361529886939918166e-01,-4.390313922917861156e-01,2.458824483945497019e-01,-7.745698833778164039e-02,9.661998947056155140e-01,-9.032284105707089061e-02,0.000000000000000000e+00,0.000000000000000000e+00,0.000000000000000000e+00,1.000000000000000000e+00
6.450260028094532139e-01,7.572305474393040692e-01,-1.026808342604971225e-01,1.136037315383640611e-01,-7.235683077155402598e-01,6.484351649385263761e-01,2.366024956352231201e-01,-4.390653769482060209e-01,2.457445009950964265e-01,-7.831816453364127961e-02,9.661655682825552871e-01,-9.016186373195322901e-02,0.000000000000000000e+00,0.000000000000000000e+00,0.000000000000000000e+00,1.000000000000000000e+00
6.449859084444373725e-01,7.570987992663489319e-01,-1.038969973462031265e-01,1.136313629099920397e-01,-7.233283215929204868e-01,6.486901015760682121e-01,2.366374680789145868e-01,-4.390701890456448209e-01,2.465548967059321694e-01,-7.747619161189703285e-02,9.660269782172981046e-01,-9.018827173740562309e-02,0.000000000000000000e+00,0.000000000000000000e+00,0.000000000000000000e+00,1.000000000000000000e+00
6.450836969867241866e-01,7.572202731374858553e-01,-1.023937587528241933e-01,1.136232841663254722e-01,-7.236080567194264068e-01,6.484290724434611519e-01,2.364976073046995697e-01,-4.390695600819925493e-01,2.454758728117198419e-01,-7.846780205730122248e-02,9.662217136390698347e-01,-9.021717435040232935e-02,0.000000000000000000e+00,0.000000000000000000e+00,0.000000000000000000e+00,1.000000000000000000e+00
6.450626372884414872e-01,7.572731892104896945e-01,-1.021347682107063559e-01,1.136433432843539648e-01,-7.238046611172849198e-01,6.483852304284725143e-01,2.360156891122050515e-01,-4.390227431690166271e-01,2.449510288187684293e-01,-7.831928156712512912e-02,9.663669508087682214e-01,-9.041423185724939415e-02,0.000000000000000000e+00,0.000000000000000000e+00,0.000000000000000000e+00,1.000000000000000000e+00
6.450541654862942398e-01,7.571733371610944729e-01,-1.029255122946300532e-01,1.136254272871688176e-01,-7.233748645288797796e-01,6.484846426225301386e-01,2.370579542022459851e-01,-4.390710107347314262e-01,2.462395763410205052e-01,-7.846149230712437528e-02,9.660278801713404473e-01,-9.019075418715538639e-02,0.000000000000000000e+00,0.000000000000000000e+00,0.000000000000000000e+00,1.000000000000000000e+00
6.449462117161568475e-01,7.572462006623034148e-01,-1.030658797831992546e-01,1.136263341734450316e-01,-7.235714943736101246e-01,6.484585059125281825e-01,2.365287691584949670e-01,-4.390259309131044341e-01,2.459444582073749275e-01,-7.797280097699633983e-02,9.661426218653654807e-01,-9.041112447232602101e-02,0.000000000000000000e+00,0.000000000000000000e+00,0.000000000000000000e+00,1.000000000000000000e+00
6.449883162360738886e-01,7.571627835196913514e-01,-1.034146564644853050e-01,1.136517725921680488e-01,-7.234357683519739846e-01,6.485761610038980329e-01,2.366213271166291432e-01,-4.391104342927000248e-01,2.462331435610231323e-01,-7.780412990425951414e-02,9.660826860998481536e-01,-8.997662773430192829e-02,0.000000000000000000e+00,0.000000000000000000e+00,0.000000000000000000e+00,1.000000000000000000e+00
6.447866489404490142e-01,7.573243015270990641e-01,-1.034895147569928481e-01,1.136862143261662406e-01,-7.237597029201389143e-01,6.484544655525732448e-01,2.359633415043091986e-01,-4.390667931065260765e-01,2.458090107727922136e-01,-7.724447178548382587e-02,9.662355933215682757e-01,-9.025223665199288980e-02,0.000000000000000000e+00,0.000000000000000000e+00,0.000000000000000000e+00,1.000000000000000000e+00
6.450672255319260806e-01,7.572332874651029888e-01,-1.024012836801198034e-01,1.135995632227333463e-01,-7.236553622392626339e-01,6.484262892036264381e-01,2.363604539088064171e-01,-4.390610982145058960e-01,2.453796879264973363e-01,-7.836514419311782498e-02,9.662544762787321773e-01,-9.029454306172546296e-02,0.000000000000000000e+00,0.000000000000000000e+00,0.000000000000000000e+00,1.000000000000000000e+00
6.451152640185304765e-01,7.572280902229231447e-01,-1.021367490555967483e-01,1.135994899609826803e-01,-7.237031905334010418e-01,6.484180982287339745e-01,2.362364533707861369e-01,-4.390644804561547598e-01,2.451121950088925583e-01,-7.848305082485128314e-02,9.663127974890668437e-01,-9.027851276091913846e-02,0.000000000000000000e+00,0.000000000000000000e+00,0.000000000000000000e+00,1.000000000000000000e+00
6.451214271601869443e-01,7.571191680583040373e-01,-1.029024274616734819e-01,1.135882086485076048e-01,-7.233330714850509935e-01,6.485467164522795702e-01,2.370156625098193137e-01,-4.391150019298037943e-01,2.461861326614593892e-01,-7.847115353853191533e-02,9.660407166095673626e-01,-9.005053731048873189e-02,0.000000000000000000e+00,0.000000000000000000e+00,0.000000000000000000e+00,1.000000000000000000e+00
6.450808232890707927e-01,7.572979938029982261e-01,-1.018355537454827542e-01,1.135973470385888695e-01,-7.237959980715500397e-01,6.483115275296730262e-01,2.362446114681794884e-01,-4.390205394558639451e-01,2.449287337171850987e-01,-7.868870220111917613e-02,9.663425911888599007e-01,-9.055545007541732083e-02,0.000000000000000000e+00,0.000000000000000000e+00,0.000000000000000000e+00,1.000000000000000000e+00
6.449653935360103452e-01,7.572557438218038284e-01,-1.028755538980282436e-01,1.136735719860054450e-01,-7.238207887272553043e-01,6.485016323858556753e-01,2.356461300321622543e-01,-4.389989420321098734e-01,2.451593501117048934e-01,-7.752013442820734901e-02,9.663785603018308912e-01,-9.046322283056862368e-02,0.000000000000000000e+00,0.000000000000000000e+00,0.000000000000000000e+00,1.000000000000000000e+00
6.449793656372120321e-01,7.572056488238290139e-01,-1.031563051466256736e-01,1.136014818251585845e-01,-7.235260625384596356e-01,6.485130308308741931e-01,2.365182565261009784e-01,-4.391044422126183511e-01,2.459911679914798532e-01,-7.791311976707009090e-02,9.661355448581476768e-01,-9.005829616033622642e-02,0.000000000000000000e+00,0.000000000000000000e+00,0.000000000000000000e+00,1.000000000000000000e+00
