T00,T01,T02,T03,T10,T11,T12,T13,T20,T21,T22,T23,T30,T31,T32,T33
6.513864593115095136e-01,7.548592876807616037e-01,-7.670160642195412992e-02,4.034656608677789080e-02,-7.548663096575698450e-01,6.549457890271876970e-01,3.496952930075238053e-02,-2.388565490888693299e-01,7.663246811617703547e-02,3.512078070954069431e-02,9.964406633577211903e-01,1.051548867770166762e-01,0.000000000000000000e+00,0.000000000000000000e+00,0.000000000000000000e+00,1.000000000000000000e+00
6.514519941516373480e-01,7.548820336894224159e-01,-7.591715569472265446e-02,4.042877454966364859e-02,-7.547177998662415455e-01,6.550146821812325992e-01,3.683488417354584266e-02,-2.386564058749272299e-01,7.753284388512252101e-02,3.329986996882297601e-02,9.964335285301998413e-01,1.055711577283195979e-01,0.000000000000000000e+00,0.000000000000000000e+00,0.000000000000000000e+00,1.000000000000000000e+00
6.516369397151641207e-01,7.548382271305819069e-01,-7.475660279209822567e-02,4.058558060140177171e-02,-7.547569727932862405e-01,6.550571335557038299e-01,3.524292549859200929e-02,-2.388174700936082084e-01,7.557255334160656313e-02,3.345747510116217627e-02,9.965788411065554797e-01,1.051195229222685601e-01,0.000000000000000000e+00,0.000000000000000000e+00,0.000000000000000000e+00,1.000000000000000000e+00
6.513113338298957000e-01,7.548905245193366920e-01,-7.703143783964380709e-02,4.029106812376609392e-02,-7.547632869106959408e-01,6.549615697645493340e-01,3.684729112594049838e-02,-2.386793413366162242e-01,7.826830237385135058e-02,3.414144288805173733e-02,9.963475471546248130e-01,1.056096225226674790e-01,0.000000000000000000e+00,0.000000000000000000e+00,0.000000000000000000e+00,1.000000000000000000e+00
6.513537516496683555e-01,7.548316127067070669e-01,-7.724976809346610629e-02,4.028059723994481534e-02,-7.548285121471099979e-01,6.549688860418707570e-01,3.535075058399246573e-02,-2.388553686046225311e-01,7.728005862887792066e-02,3.528448349718511790e-02,9.963848642781836240e-01,1.052903508096258989e-01,0.000000000000000000e+00,0.000000000000000000e+00,0.000000000000000000e+00,1.000000000000000000e+00
6.515938513750674232e-01,7.548526197898506318e-01,-7.498650042911823854e-02,4.055337859671304113e-02,-7.545993833239694748e-01,6.551086504822357659e-01,3.758226643550483664e-02,-2.385793494539953097e-01,7.749337737698623607e-02,3.209639325132066651e-02,9.964760900307467750e-01,1.057061615468914972e-01,0.000000000000000000e+00,0.000000000000000000e+00,0.000000000000000000e+00,1.000000000000000000e+00
6.514997345067774503e-01,7.548022043073046028e-01,-7.630025105091629845e-02,4.040880883924047318e-02,-7.547371531614277540e-01,6.550542212142037579e-01,3.571829933293108050e-02,-2.388003575598811601e-01,7.694105260121068823e-02,3.431617173123259479e-02,9.964449180874629386e-01,1.053213144533688972e-01,0.000000000000000000e+00,0.000000000000000000e+00,0.000000000000000000e+00,1.000000000000000000e+00
6.515303650814195935e-01,7.548296898790718412e-01,-7.576491703906537700e-02,4.045766198119454815e-02,-7.547140991544454280e-01,6.550578089003116222e-01,3.613717664977137561e-02,-2.387290109599781995e-01,7.690781439077620796e-02,3.363638321501221523e-02,9.964706627943679118e-01,1.053928048399725981e-01,0.000000000000000000e+00,0.000000000000000000e+00,0.000000000000000000e+00,1.000000000000000000e+00
6.515442783977324348e-01,7.548237955419870859e-01,-7.570396931975592603e-02,4.046677745554677630e-02,-7.547478796505361354e-01,6.550486179218228955e-01,3.559418943773750427e-02,-2.387708327098040373e-01,7.645712164473572603e-02,3.394621985285215665e-02,9.964948382743905597e-01,1.052331803673760557e-01,0.000000000000000000e+00,0.000000000000000000e+00,0.000000000000000000e+00,1.000000000000000000e+00
6.514702970240050517e-01,7.549109939695932692e-01,-7.547081077671938254e-02,4.047027880579900927e-02,-7.548422350841272888e-01,6.549502693309514623e-01,3.540261058895732837e-02,-2.388295874941007424e-01,7.615544779366584249e-02,3.390480625449687757e-02,9.965193484745749064e-01,1.051537131447051188e-01,0.000000000000000000e+00,0.000000000000000000e+00,0.000000000000000000e+00,1.000000000000000000e+00
6.514641327418103645e-01,7.548854388635963808e-01,-7.577900726901078132e-02,4.044353920812926440e-02,-7.547688485869534780e-01,6.549934525058481727e-01,3.616023198479466350e-02,-2.387377725476092227e-01,7.693158618984628772e-02,3.363853989377671438e-02,9.964687549944200029e-01,1.053255659023184521e-01,0.000000000000000000e+00,0.000000000000000000e+00,0.000000000000000000e+00,1.000000000000000000e+00
6.514157632427721722e-01,7.547996776543587361e-01,-7.703862675121342374e-02,4.032321146074052676e-02,-7.548646491625555788e-01,6.549795643593966377e-01,3.436759689397810708e-02,-2.389449568625038878e-01,7.639937724568554578e-02,3.576614159300910839e-02,9.964356066861623784e-01,1.049726572227076549e-01,0.000000000000000000e+00,0.000000000000000000e+00,0.000000000000000000e+00,1.000000000000000000e+00
6.513919297610912817e-01,7.548617323415511837e-01,-7.663105694452029826e-02,4.035199059853089576e-02,-7.547384971109067919e-01,6.550029697005164131e-01,3.661844702161106552e-02,-2.386984599898776538e-01,7.783543422434080483e-02,3.398344788006605471e-02,9.963868578264626352e-01,1.055013968092741727e-01,0.000000000000000000e+00,0.000000000000000000e+00,0.000000000000000000e+00,1.000000000000000000e+00
6.514791874392893423e-01,7.548614545733348669e-01,-7.588842291728616074e-02,4.043395511788516750e-02,-7.547394837785553756e-01,6.550208755206838873e-01,3.627622165822696337e-02,-2.387225235387824551e-01,7.709202266851862551e-02,3.364278572809199092e-02,9.964562122889950579e-01,1.054226857739950507e-01,0.000000000000000000e+00,0.000000000000000000e+00,0.000000000000000000e+00,1.000000000000000000e+00
6.514608854311396691e-01,7.548396649845712236e-01,-7.626135928014768361e-02,4.040816071342617777e-02,-7.547741504330047757e-01,6.550120707345632454e-01,3.570950895987190510e-02,-2.387767498158183399e-01,7.690706463915528146e-02,3.429675433623025071e-02,9.964482104206866531e-01,1.052848357519271527e-01,0.000000000000000000e+00,0.000000000000000000e+00,0.000000000000000000e+00,1.000000000000000000e+00
6.513733677799179445e-01,7.548312747694170266e-01,-7.708749818890786587e-02,4.031130383433306763e-02,-7.547927156727802789e-01,6.549893776570175907e-01,3.573333910765328497e-02,-2.387769394991752225e-01,7.746413437428700810e-02,3.490933666585232381e-02,9.963837845424787787e-01,1.053371747697655625e-01,0.000000000000000000e+00,0.000000000000000000e+00,0.000000000000000000e+00,1.000000000000000000e+00
6.514848516067741624e-01,7.548164475668995843e-01,-7.628642480405968540e-02,4.041781451981296680e-02,-7.548568642224516845e-01,6.549901083743956409e-01,3.433762466951734149e-02,-2.389310281793001201e-01,7.588545752083684925e-02,3.521488909798473066e-02,9.964945102320784676e-01,1.049611973989905689e-01,0.000000000000000000e+00,0.000000000000000000e+00,0.000000000000000000e+00,1.000000000000000000e+00
6.515013202248771673e-01,7.548238562543294616e-01,-7.607217477228511715e-02,4.043742352357138081e-02,-7.547024612901855889e-01,6.550596203997258726e-01,3.634678313555227136e-02,-2.387051030871404911e-01,7.726722893813209314e-02,3.373188033760113336e-02,9.964396296721200752e-01,1.054298557711934592e-01,0.000000000000000000e+00,0.000000000000000000e+00,0.000000000000000000e+00,1.000000000000000000e+00
6.513955017634575073e-01,7.548332333791336612e-01,-7.688101240707020945e-02,4.033568582525914881e-02,-7.547850129914661643e-01,6.549965564940387619e-01,3.576443966321710827e-02,-2.387814318185760565e-01,7.735298601738554991e-02,3.473184082875736128e-02,9.963986224332308517e-01,1.052959157766995002e-01,0.000000000000000000e+00,0.000000000000000000e+00,0.000000000000000000e+00,1.000000000000000000e+00
6.514208375989166688e-01,7.548315869555877189e-01,-7.668225137562746652e-02,4.036607466783603826e-02,-7.547550847200570345e-01,6.550159842626210871e-01,3.603917937036643648e-02,-2.387370213149884179e-01,7.743161131699112520e-02,3.439964672171470783e-02,9.964040394710751425e-01,1.053318159309974966e-01,0.000000000000000000e+00,0.000000000000000000e+00,0.000000000000000000e+00,1.000000000000000000e+00
6.513537812186859233e-01,7.549103228947354749e-01,-7.647650671341121864e-02,4.035959955102202956e-02,-7.547615579513603512e-01,6.549616662202537576e-01,3.688097640822673995e-02,-2.386589284203512185e-01,7.793101007272781877e-02,3.369896391515628253e-02,9.963890492674482013e-01,1.055289087475967946e-01,0.000000000000000000e+00,0.000000000000000000e+00,0.000000000000000000e+00,1.000000000000000000e+00
6.513522242302103304e-01,7.548394352686865760e-01,-7.718618369636058574e-02,4.030299356067890137e-02,-7.547557029407040430e-01,6.549976911608496044e-01,3.635730260127045810e-02,-2.387331807075374901e-01,7.800069787406911648e-02,3.457530241670861426e-02,9.963535715768532253e-01,1.054395621307739894e-01,0.000000000000000000e+00,0.000000000000000000e+00,0.000000000000000000e+00,1.000000000000000000e+00
6.515001802007009957e-01,7.548507324304942756e-01,-7.581482010531059856e-02,4.045205324534240088e-02,-7.546884176485473272e-01,6.550525286169439632e-01,3.676380039767147834e-02,-2.386722141019424759e-01,7.741387127373322574e-02,3.326494403564055069e-02,9.964439452536804076e-01,1.055326026907326131e-01,0.000000000000000000e+00,0.000000000000000000e+00,0.000000000000000000e+00,1.000000000000000000e+00
6.515094235874856476e-01,7.548160076669129248e-01,-7.608065159083053641e-02,4.044195223688307195e-02,-7.547233608413642658e-01,6.550558683306219043e-01,3.597857648561166022e-02,-2.387560604533220665e-01,7.699428275539905997e-02,3.397946343599338170e-02,9.964523453169167322e-01,1.053425157344285434e-01,0.000000000000000000e+00,0.000000000000000000e+00,0.000000000000000000e+00,1.000000000000000000e+00
6.513236673589144488e-01,7.548326324627651074e-01,-7.749307909398582550e-02,4.026352213149403392e-02,-7.547916369882005094e-01,6.549788515359327157e-01,3.594841823145059068e-02,-2.387564436304381865e-01,7.789136711348033926e-02,3.507707242634519607e-02,9.963445859335966492e-01,1.054071757650669738e-01,0.000000000000000000e+00,0.000000000000000000e+00,0.000000000000000000e+00,1.000000000000000000e+00
6.514620623123921206e-01,7.548476306109628275e-01,-7.617240923523811713e-02,4.041667822157690715e-02,-7.547728016379966487e-01,6.550091805526565558e-01,3.579093878717085064e-02,-2.387628598674368663e-01,7.691033269473283862e-02,3.417642393160977288e-02,9.964520925624235081e-01,1.053076699233235214e-01,0.000000000000000000e+00,0.000000000000000000e+00,0.000000000000000000e+00,1.000000000000000000e+00
6.514959359892236179e-01,7.548538756877293254e-01,-7.581999570522197918e-02,4.046281786749045262e-02,-7.546772660012316392e-01,6.550548953451996725e-01,3.695007801339503933e-02,-2.386606412073441763e-01,7.755816894713286891e-02,3.314680140683041315e-02,9.964366613016928387e-01,1.055585200305846350e-01,0.000000000000000000e+00,0.000000000000000000e+00,0.000000000000000000e+00,1.000000000000000000e+00
6.514251011791238888e-01,7.548241222225993141e-01,-7.671950250523558446e-02,4.036913548867049339e-02,-7.547238263492221932e-01,6.550342230735011206e-01,3.636086554640859114e-02,-2.387141081380760033e-01,7.769995813742432145e-02,3.421565596883040239e-02,9.963894847859773307e-01,1.054006184874833885e-01,0.000000000000000000e+00,0.000000000000000000e+00,0.000000000000000000e+00,1.000000000000000000e+00
6.515338204821901069e-01,7.548364043773703180e-01,-7.566824561547884354e-02,4.047734562895638488e-02,-7.546945470019674751e-01,6.550638198237135335e-01,3.643532192063718422e-02,-2.387184721213050365e-01,7.707023740314029869e-02,3.336756785575618889e-02,9.964671514515744954e-01,1.054656692116457961e-01,0.000000000000000000e+00,0.000000000000000000e+00,0.000000000000000000e+00,1.000000000000000000e+00
6.512828086304053299e-01,7.548721982130821573e-01,-7.745106550229034770e-02,4.024930489755013108e-02,-7.548145892367907894e-01,6.549416013107098866e-01,3.614463650194726929e-02,-2.387392382111706013e-01,7.801050607312846885e-02,3.492081381514977600e-02,9.963407538110151673e-01,1.054570100175564740e-01,0.000000000000000000e+00,0.000000000000000000e+00,0.000000000000000000e+00,1.000000000000000000e+00
6.514407715130988707e-01,7.548416386260585753e-01,-7.641349230826628702e-02,4.038791494133286974e-02,-7.548128283930246596e-01,6.549895830288133824e-01,3.530212765632612798e-02,-2.388263813487079834e-01,7.669755735185428136e-02,3.468063898010011886e-02,9.964510715414938158e-01,1.052344635125685990e-01,0.000000000000000000e+00,0.000000000000000000e+00,0.000000000000000000e+00,1.000000000000000000e+00
6.515011974314006693e-01,7.548273415386969054e-01,-7.603863630467404267e-02,4.044293556790823363e-02,-7.547715031871545799e-01,6.550274319014397495e-01,3.548297384954959832e-02,-2.388151562226701330e-01,7.659091148468084864e-02,3.427459587257153384e-02,9.964733234541293116e-01,1.052516619765631045e-01,0.000000000000000000e+00,0.000000000000000000e+00,0.000000000000000000e+00,1.000000000000000000e+00
6.514607312801486971e-01,7.548267195664145612e-01,-7.639069988250661580e-02,4.039533761438962589e-02,-7.547396838084646786e-01,6.550334326082856151e-01,3.604458142502547924e-02,-2.387443820124255101e-01,7.724587551858418111e-02,3.417346330139639510e-02,9.964262386756761458e-01,1.054120994363099140e-01,0.000000000000000000e+00,0.000000000000000000e+00,0.000000000000000000e+00,1.000000000000000000e+00
6.514558907782398434e-01,7.548586224386534260e-01,-7.611624334101395328e-02,4.041384598484243362e-02,-7.547967114750840922e-01,6.549920885280360316e-01,3.559899313295208229e-02,-2.387804437737457708e-01,7.672774411338224854e-02,3.426111638139887200e-02,9.964632603300392910e-01,1.052872310542898315e-01,0.000000000000000000e+00,0.000000000000000000e+00,0.000000000000000000e+00,1.000000000000000000e+00
6.514261553235870528e-01,7.548587311284457035e-01,-7.636923594931839532e-02,4.038855536862523410e-02,-7.547343954527404586e-01,6.550133347383980675e-01,3.651744289335669136e-02,-2.387006026008940129e-01,7.758837851712131750e-02,3.385007169912851444e-02,9.964106664247667222e-01,1.055216142262755952e-01,0.000000000000000000e+00,0.000000000000000000e+00,0.000000000000000000e+00,1.000000000000000000e+00
6.513709328435612900e-01,7.548530281059281366e-01,-7.689482301052256996e-02,4.032482703136947011e-02,-7.548659735944666105e-01,6.549455497307802299e-01,3.498126351525927824e-02,-2.388759332711720140e-01,7.676763481954264334e-02,3.525950718823145369e-02,9.964253596717901340e-01,1.052006957537237053e-01,0.000000000000000000e+00,0.000000000000000000e+00,0.000000000000000000e+00,1.000000000000000000e+00
6.514098916558238583e-01,7.548480152211193284e-01,-7.661349078122502154e-02,4.036427922408647451e-02,-7.547533328824534982e-01,6.550067283905457449e-01,3.624351343264527875e-02,-2.387241122197025223e-01,7.754069612646170839e-02,3.421490435250284373e-02,9.964019172825657744e-01,1.054356480772828952e-01,0.000000000000000000e+00,0.000000000000000000e+00,0.000000000000000000e+00,1.000000000000000000e+00
6.513777761311028147e-01,7.548726785013307738e-01,-7.664353863650569254e-02,4.034123714763099278e-02,-7.547597026464557546e-01,6.549855187145802171e-01,3.649330808827826872e-02,-2.387093162146584346e-01,7.774820913392554989e-02,3.407652456485129461e-02,9.963904889399781695e-01,1.055803487124509221e-01,0.000000000000000000e+00,0.000000000000000000e+00,0.000000000000000000e+00,1.000000000000000000e+00
6.514733808780113211e-01,7.548615937409137722e-01,-7.593687050636971358e-02,4.043459112959668644e-02,-7.547495798812400292e-01,6.550151832983758249e-01,3.616878927593163845e-02,-2.387164728190692142e-01,7.704223307034380186e-02,3.375031768032312612e-02,9.964564267342611581e-01,1.053982906233139616e-01,0.000000000000000000e+00,0.000000000000000000e+00,0.000000000000000000e+00,1.000000000000000000e+00
6.513586010790454184e-01,7.549006727366325276e-01,-7.653069385631459942e-02,4.034736847241321422e-02,-7.548235688164843804e-01,6.549400903034715560e-01,3.598413639962785154e-02,-2.387528050188751638e-01,7.728746832116782650e-02,3.432859471432602588e-02,9.964176809076825680e-01,1.054168571547207112e-01,0.000000000000000000e+00,0.000000000000000000e+00,0.000000000000000000e+00,1.000000000000000000e+00
6.513878912821322587e-01,7.548758655085503477e-01,-7.652609204535484877e-02,4.035390837512925488e-02,-7.548339441075233580e-01,6.549531601057665409e-01,3.552569338592081322e-02,-2.388037563245397343e-01,7.693849435813826521e-02,3.462348538474002008e-02,9.964344847232633473e-01,1.053487246044824133e-01,0.000000000000000000e+00,0.000000000000000000e+00,0.000000000000000000e+00,1.000000000000000000e+00
6.515444046177962800e-01,7.548323380991270870e-01,-7.561765779926549191e-02,4.047644550140871988e-02,-7.547513392798661513e-01,6.550430893627459117e-01,3.562256213916203257e-02,-2.387964821175569130e-01,7.642188604379090977e-02,3.386284745728145723e-02,9.965003777699208420e-01,1.053410160812440211e-01,0.000000000000000000e+00,0.000000000000000000e+00,0.000000000000000000e+00,1.000000000000000000e+00
6.515050702120488424e-01,7.547949883836684304e-01,-7.632607024399468143e-02,4.041184742793385576e-02,-7.547637293838878048e-01,6.550467639660919605e-01,3.529093118743878432e-02,-2.388369077556098952e-01,7.663456331524903797e-02,3.461592882545312666e-02,9.964581683026298986e-01,1.052457355231588565e-01,0.000000000000000000e+00,0.000000000000000000e+00,0.000000000000000000e+00,1.000000000000000000e+00
6.514659631502017767e-01,7.548489644487677008e-01,-7.612581511815194601e-02,4.042218446775236451e-02,-7.546953727228411513e-01,6.550432591351303957e-01,3.678618018166851522e-02,-2.386727255172763351e-01,7.763371205547089926e-02,3.348685611175623855e-02,9.964194082916283390e-01,1.055717877113453440e-01,0.000000000000000000e+00,0.000000000000000000e+00,0.000000000000000000e+00,1.000000000000000000e+00
6.513552081059602594e-01,7.548993418640368436e-01,-7.657268786248487558e-02,4.034581282745008934e-02,-7.547788039289202722e-01,6.549597358488489229e-01,3.656092937050362673e-02,-2.387110923748114455e-01,7.775184893538016062e-02,3.398128999979716652e-02,9.963934573837183173e-01,1.055556126616452595e-01,0.000000000000000000e+00,0.000000000000000000e+00,0.000000000000000000e+00,1.000000000000000000e+00
6.513684632577781963e-01,7.548446081487584225e-01,-7.699832869580890138e-02,4.031820123745416540e-02,-7.547577045310357446e-01,6.549977568866204303e-01,3.631454150250924134e-02,-2.387325298197357504e-01,7.784556843033695051e-02,3.446093472677465991e-02,9.963696660645158243e-01,1.055117669001286451e-01,0.000000000000000000e+00,0.000000000000000000e+00,0.000000000000000000e+00,1.000000000000000000e+00
6.514734122349222778e-01,7.548361004371816341e-01,-7.618959658494325882e-02,4.040835054337998944e-02,-7.547068915017963731e-01,6.550460101276280867e-01,3.649976076046560630e-02,-2.387103967464224707e-01,7.745902833552054112e-02,3.372218991501955282e-02,9.964250663430003208e-01,1.055365382814656972e-01,0.000000000000000000e+00,0.000000000000000000e+00,0.000000000000000000e+00,1.000000000000000000e+00
6.514144450641378148e-01,7.548575006475716220e-01,-7.648120342857606113e-02,4.036975248815699580e-02,-7.547295465072282328e-01,6.550135948075400671e-01,3.661286995439866354e-02,-2.386973989020725884e-01,7.773372749827028860e-02,3.387247161642623072e-02,9.963985765123409832e-01,1.055787495224373984e-01,0.000000000000000000e+00,0.000000000000000000e+00,0.000000000000000000e+00,1.000000000000000000e+00
6.513525948548637423e-01,7.548791809651178575e-01,-7.679335466867413806e-02,4.032135254469931818e-02,-7.548624701044750473e-01,6.549313550817119634e-01,3.532097618418147261e-02,-2.388358173914113536e-01,7.695744540722858351e-02,3.496201190243091589e-02,9.964212007580569574e-01,1.053220937300749505e-01,0.000000000000000000e+00,0.000000000000000000e+00,0.000000000000000000e+00,1.000000000000000000e+00
6.514819224231405137e-01,7.548586860179384850e-01,-7.589248249412028358e-02,4.044071371434621032e-02,-7.547590035678657383e-01,6.550142098344761132e-01,3.598932408589111676e-02,-2.387571008117552185e-01,7.687750834341253170e-02,3.383414042336814476e-02,9.964663063308866198e-01,1.054232580278042786e-01,0.000000000000000000e+00,0.000000000000000000e+00,0.000000000000000000e+00,1.000000000000000000e+00
6.514469483778134729e-01,7.548217587280505736e-01,-7.655707674622465320e-02,4.038407177170760809e-02,-7.547891934043771123e-01,6.550107432884745284e-01,3.541468193631077538e-02,-2.388218141757877111e-01,7.687748024749800624e-02,3.471366773149937163e-02,9.964360563043787034e-01,1.052691421587199638e-01,0.000000000000000000e+00,0.000000000000000000e+00,0.000000000000000000e+00,1.000000000000000000e+00
6.514522507054348877e-01,7.548422289432639154e-01,-7.630972713087474935e-02,4.039613272990394410e-02,-7.547263445300118612e-01,6.550301759643515354e-01,3.638149871124934237e-02,-2.387069587372226409e-01,7.744746556982445851e-02,3.389215219008751695e-02,9.964201985591896182e-01,1.054830952780474451e-01,0.000000000000000000e+00,0.000000000000000000e+00,0.000000000000000000e+00,1.000000000000000000e+00
6.514430174661253181e-01,7.548497783079703982e-01,-7.631387280853907384e-02,4.039194310133054078e-02,-7.547649518670500601e-01,6.550076752816322845e-01,3.598350671184802341e-02,-2.387530966861969584e-01,7.714831448424117055e-02,3.415783234574631955e-02,9.964343330404070720e-01,1.053967134725755095e-01,0.000000000000000000e+00,0.000000000000000000e+00,0.000000000000000000e+00,1.000000000000000000e+00
6.514209795010587056e-01,7.548777076223194271e-01,-7.622567809310099030e-02,4.039105474479337543e-02,-7.547734350804147230e-01,6.549861167641912729e-01,3.619735547075249305e-02,-2.387411881228042876e-01,7.725133761166938506e-02,3.395340013955816527e-02,9.964333381898514697e-01,1.054404907389425716e-01,0.000000000000000000e+00,0.000000000000000000e+00,0.000000000000000000e+00,1.000000000000000000e+00
6.514908589894415902e-01,7.548357201391928673e-01,-7.604404154926204529e-02,4.042997870250708559e-02,-7.547616412677562447e-01,6.550257483715441476e-01,3.572301556562032521e-02,-2.387793029990509242e-01,7.677581340502077911e-02,3.412190751181529147e-02,9.964643344865650176e-01,1.053290665855073360e-01,0.000000000000000000e+00,0.000000000000000000e+00,0.000000000000000000e+00,1.000000000000000000e+00
6.514064217947908020e-01,7.548722971788646152e-01,-7.640345932228069514e-02,4.037501233331203254e-02,-7.547622979490009598e-01,6.549905403426929951e-01,3.634921809793175557e-02,-2.387278010723908883e-01,7.748256087179287988e-02,3.398833643312541147e-02,9.964141938708309665e-01,1.054437038628415202e-01,0.000000000000000000e+00,0.000000000000000000e+00,0.000000000000000000e+00,1.000000000000000000e+00
6.514780823414616506e-01,7.548633206745039015e-01,-7.587934718322839056e-02,4.043803641083620892e-02,-7.547686967269022773e-01,6.550069424145076313e-01,3.591823812454497666e-02,-2.387661084067578265e-01,7.681485969436688266e-02,3.387141108751089147e-02,9.964698715169845178e-01,1.053020378896101228e-01,0.000000000000000000e+00,0.000000000000000000e+00,0.000000000000000000e+00,1.000000000000000000e+00
6.514470127582996373e-01,7.548446870372951256e-01,-7.633012524459559245e-02,4.039151803485768744e-02,-7.547638458423762131e-01,6.550113983480443380e-01,3.593890709753668616e-02,-2.387630843170335249e-01,7.712539515304642213e-02,3.419892521275288283e-02,9.964346977784239723e-01,1.053360605748094869e-01,0.000000000000000000e+00,0.000000000000000000e+00,0.000000000000000000e+00,1.000000000000000000e+00
6.513786195497385245e-01,7.548672726653919973e-01,-7.668959937429581375e-02,4.034146152558015785e-02,-7.547876695613024989e-01,6.549759192339162928e-01,3.608488744480915084e-02,-2.387391522092089657e-01,7.746914141576088930e-02,3.437943982090718026e-02,9.964018196721168286e-01,1.054101551766470912e-01,0.000000000000000000e+00,0.000000000000000000e+00,0.000000000000000000e+00,1.000000000000000000e+00
6.514195826309592263e-01,7.548218730149770517e-01,-7.678845865798503145e-02,4.034832524760162409e-02,-7.547070626429978057e-01,6.550415025897958765e-01,3.657703489460205348e-02,-2.386874623554001151e-01,7.790877332935861044e-02,3.412579527373145460e-02,9.963762608248203367e-01,1.055493737403923049e-01,0.000000000000000000e+00,0.000000000000000000e+00,0.000000000000000000e+00,1.000000000000000000e+00
6.513782890791920410e-01,7.548782651026230139e-01,-7.658413276860041863e-02,4.034961571017536830e-02,-7.548252186353904269e-01,6.549539565049482537e-01,3.569599656193089138e-02,-2.387975338160205907e-01,7.710521271807467547e-02,3.455603759357332022e-02,9.964239391130323975e-01,1.053354319840333897e-01,0.000000000000000000e+00,0.000000000000000000e+00,0.000000000000000000e+00,1.000000000000000000e+00
6.514155577079723258e-01,7.548462840465834933e-01,-7.658236505277470074e-02,4.035936869733769417e-02,-7.547423893854130483e-01,6.550135518072575103e-01,3.634793823092265230e-02,-2.386980757437859313e-01,7.759959304538464886e-02,3.412234473048572636e-02,9.964005061968228549e-01,1.055070172057563926e-01,0.000000000000000000e+00,0.000000000000000000e+00,0.000000000000000000e+00,1.000000000000000000e+00
6.513830197289233181e-01,7.548839873460632122e-01,-7.648743202211641390e-02,4.036531581827662585e-02,-7.547413881092296384e-01,6.549891818075873617e-01,3.680501039234445465e-02,-2.386695373778762730e-01,7.788195351801574517e-02,3.375407180676274349e-02,9.963910196066008140e-01,1.056077369447976366e-01,0.000000000000000000e+00,0.000000000000000000e+00,0.000000000000000000e+00,1.000000000000000000e+00
6.513914145296861857e-01,7.548718249142976067e-01,-7.653595904914606285e-02,4.035884400689593310e-02,-7.547590500548757575e-01,6.549890573438187369e-01,3.644325891186894761e-02,-2.387004251669451182e-01,7.764020503113203131e-02,3.402738177429842636e-02,9.964005900501615720e-01,1.055277022677609811e-01,0.000000000000000000e+00,0.000000000000000000e+00,0.000000000000000000e+00,1.000000000000000000e+00
6.514613520238905497e-01,7.548553632421555193e-01,-7.610182260470528537e-02,4.041864022657565281e-02,-7.548023396469858426e-01,6.549922335876521284e-01,3.547678118565605193e-02,-2.388211339319807613e-01,7.662594131650805884e-02,3.433008191676820836e-02,9.964687203284140482e-01,1.052541701677132124e-01,0.000000000000000000e+00,0.000000000000000000e+00,0.000000000000000000e+00,1.000000000000000000e+00
6.515758949844340231e-01,7.548060776412506279e-01,-7.560845343653269102e-02,4.049574538934930246e-02,-7.547469824570509633e-01,6.550639230458663587e-01,3.533057027186570220e-02,-2.388477810546086044e-01,7.619609929130133352e-02,3.404470413426616271e-02,9.965114713706011429e-01,1.051953195595789481e-01,0.000000000000000000e+00,0.000000000000000000e+00,0.000000000000000000e+00,1.000000000000000000e+00
6.513726103400876433e-01,7.548723739055891446e-01,-7.669042712673469764e-02,4.033336845042007068e-02,-7.548330160136182965e-01,6.549520056772312193e-01,3.556667253422698266e-02,-2.388089370181326609e-01,7.707684759073306358e-02,3.472131007771523531e-02,9.964203882859695716e-01,1.053023377449398001e-01,0.000000000000000000e+00,0.000000000000000000e+00,0.000000000000000000e+00,1.000000000000000000e+00
6.513839426544406619e-01,7.549051585623364202e-01,-7.627031419845087257e-02,4.038050345498700455e-02,-7.548285797943671271e-01,6.549410478010094794e-01,3.586138634987388885e-02,-2.387872999461033152e-01,7.702450504596236591e-02,3.421148171725182929e-02,9.964420706399017558e-01,1.053477185924849291e-01,0.000000000000000000e+00,0.000000000000000000e+00,0.000000000000000000e+00,1.000000000000000000e+00
6.515272607241722191e-01,7.548441658018073541e-01,-7.564729927915596341e-02,4.047863833121889687e-02,-7.547793923437448038e-01,6.550214854831339917e-01,3.542488459650975502e-02,-2.388073204854381515e-01,7.629087380849765287e-02,3.401674455973281025e-02,9.965051749304134621e-01,1.052100879919468657e-01,0.000000000000000000e+00,0.000000000000000000e+00,0.000000000000000000e+00,1.000000000000000000e+00
6.514471730771621560e-01,7.548380857829851687e-01,-7.639401116090804855e-02,4.038675858403362184e-02,-7.547850230493095003e-01,6.550050846726721554e-01,3.560769626638760760e-02,-2.387931789097499091e-01,7.691651103779759135e-02,3.446452240238675330e-02,9.964416927373864752e-01,1.052771101501928097e-01,0.000000000000000000e+00,0.000000000000000000e+00,0.000000000000000000e+00,1.000000000000000000e+00
6.514392837820428550e-01,7.548544991398166148e-01,-7.629904766060906229e-02,4.039366114870379665e-02,-7.547494908653814560e-01,6.550114814538720021e-01,3.623762136304767983e-02,-2.387212617329050879e-01,7.733088376571679856e-02,3.398005726864952031e-02,9.964262592505441773e-01,1.054303828708351709e-01,0.000000000000000000e+00,0.000000000000000000e+00,0.000000000000000000e+00,1.000000000000000000e+00
6.513908791112468233e-01,7.548624214467474225e-01,-7.663319971285503795e-02,4.034608546673890128e-02,-7.547428662917867737e-01,6.550005124868891748e-01,3.657231772216138627e-02,-2.386931838538251804e-01,7.780185339910070108e-02,3.401548661221660136e-02,9.963883872658287899e-01,1.055400652880458257e-01,0.000000000000000000e+00,0.000000000000000000e+00,0.000000000000000000e+00,1.000000000000000000e+00
6.514396962912207822e-01,7.548355358970922913e-01,-7.648291209774903121e-02,4.037567917635687120e-02,-7.547811001022982635e-01,6.550064693047329412e-01,3.566533467265915053e-02,-2.387865700822393578e-01,7.701826422587663978e-02,3.449404174488455294e-02,9.964328116133749358e-01,1.053137965759103345e-01,0.000000000000000000e+00,0.000000000000000000e+00,0.000000000000000000e+00,1.000000000000000000e+00
6.514115993550166905e-01,7.548298047597541416e-01,-7.677821352500191487e-02,4.034613880332854619e-02,-7.547619593557102213e-01,6.550118323921534369e-01,3.597060099307296255e-02,-2.387490125342819347e-01,7.744232005349979686e-02,3.451760815330272292e-02,9.963991277555930282e-01,1.053830354678100267e-01,0.000000000000000000e+00,0.000000000000000000e+00,0.000000000000000000e+00,1.000000000000000000e+00
6.515238738778679206e-01,7.548287104048961860e-01,-7.583046693550954398e-02,4.046375527921769466e-02,-7.548119538078646995e-01,6.550132983627725558e-01,3.487826481744055185e-02,-2.388704059327616536e-01,7.599707991712639776e-02,3.451372069775762719e-02,9.965105352818238726e-01,1.051024688321047229e-01,0.000000000000000000e+00,0.000000000000000000e+00,0.000000000000000000e+00,1.000000000000000000e+00
6.513653115233886126e-01,7.548901560244398734e-01,-7.657730265186983576e-02,4.034432693132239400e-02,-7.548459618585194875e-01,6.549363999604022046e-01,3.557928994225205421e-02,-2.388059458081236430e-01,7.701171865323920562e-02,3.462895239976566952e-02,9.964286381100100343e-01,1.053172874352532595e-01,0.000000000000000000e+00,0.000000000000000000e+00,0.000000000000000000e+00,1.000000000000000000e+00
6.514627529184788823e-01,7.548510151773348831e-01,-7.613295242944347063e-02,4.041782131721477489e-02,-7.547923814323527214e-01,6.549990119806839983e-01,3.556339741933549348e-02,-2.387881436016971171e-01,7.671207526559829792e-02,3.429634368376144327e-02,9.964632548761497288e-01,1.052835090217074665e-01,0.000000000000000000e+00,0.000000000000000000e+00,0.000000000000000000e+00,1.000000000000000000e+00
6.514212293933638875e-01,7.548455592846079476e-01,-7.654125373905412699e-02,4.036333446867829133e-02,-7.547777936633381923e-01,6.549994045806872833e-01,3.586449764946767621e-02,-2.387700135429299264e-01,7.720663241161368484e-02,3.440874347099736469e-02,9.964211831772773476e-01,1.054201005077253228e-01,0.000000000000000000e+00,0.000000000000000000e+00,0.000000000000000000e+00,1.000000000000000000e+00
6.514470509199505877e-01,7.548757661219579473e-01,-7.602182298186650755e-02,4.042034911664710295e-02,-7.547761392778468137e-01,6.549912901990097014e-01,3.604704343306294051e-02,-2.387525653287645988e-01,7.700467144613835913e-02,3.389671791226486069e-02,9.964543607663366442e-01,1.053982861075679622e-01,0.000000000000000000e+00,0.000000000000000000e+00,0.000000000000000000e+00,1.000000000000000000e+00
6.514067262233121935e-01,7.548711508572567563e-01,-7.641218904381315291e-02,4.038403021018238670e-02,-7.547229080207034091e-01,6.550083085585598486e-01,3.684355884041681795e-02,-2.386714217168982577e-01,7.786275836238747139e-02,3.366988747672250426e-02,9.963953680831245663e-01,1.055843021434779150e-01,0.000000000000000000e+00,0.000000000000000000e+00,0.000000000000000000e+00,1.000000000000000000e+00
6.515057621557229783e-01,7.548202833387898103e-01,-7.606958484335263337e-02,4.042971084774327206e-02,-7.546703069174236500e-01,6.550762241208742953e-01,3.671332794367865304e-02,-2.386745843792945354e-01,7.754334101038334870e-02,3.348851223759455320e-02,9.964263895607443633e-01,1.055675880309656645e-01,0.000000000000000000e+00,0.000000000000000000e+00,0.000000000000000000e+00,1.000000000000000000e+00
6.514907000969170081e-01,7.548324994538990751e-01,-7.607736493470418360e-02,4.042591585760862971e-02,-7.547648944145557426e-01,6.550257787708295698e-01,3.565365766723743723e-02,-2.388028305378980254e-01,7.674517474482173141e-02,3.419249791763530333e-02,9.964642749439335256e-01,1.053220365163860528e-01,0.000000000000000000e+00,0.000000000000000000e+00,0.000000000000000000e+00,1.000000000000000000e+00
6.513794238325683050e-01,7.548817714057630690e-01,-7.653990728272687394e-02,4.036205052820723838e-02,-7.547336510374779150e-01,6.549928491361023397e-01,3.689828684653981977e-02,-2.386777434399255937e-01,7.798693608028033075e-02,3.373245884705455139e-02,9.963835401194371943e-01,1.055854551962636112e-01,0.000000000000000000e+00,0.000000000000000000e+00,0.000000000000000000e+00,1.000000000000000000e+00
6.514278020436141681e-01,7.548545270949014174e-01,-7.639673847068723100e-02,4.037809442862505538e-02,-7.547983844699353018e-01,6.549873875346957641e-01,3.564997857011845128e-02,-2.387684740865472777e-01,7.694944786157695282e-02,3.444074759361266669e-02,9.964399717890644048e-01,1.053103455415502765e-01,0.000000000000000000e+00,0.000000000000000000e+00,0.000000000000000000e+00,1.000000000000000000e+00
6.513662941753769475e-01,7.548629200896000979e-01,-7.683698774703920376e-02,4.033479069973144870e-02,-7.547887563175440517e-01,6.549749085494062095e-01,3.608050037503011259e-02,-2.387538715176176773e-01,7.756213089421798434e-02,3.449407259949741761e-02,9.963906236043418296e-01,1.053787188707340228e-01,0.000000000000000000e+00,0.000000000000000000e+00,0.000000000000000000e+00,1.000000000000000000e+00
6.514166266856945553e-01,7.548406309767743405e-01,-7.662897822635772460e-02,4.036001243414272244e-02,-7.547757551980671664e-01,6.550016603622075273e-01,3.586619979784216178e-02,-2.387477618718790162e-01,7.726537285626600138e-02,3.447385602650992337e-02,9.964143793663586823e-01,1.053697118106344810e-01,0.000000000000000000e+00,0.000000000000000000e+00,0.000000000000000000e+00,1.000000000000000000e+00
6.514405621691538029e-01,7.548274339742619965e-01,-7.655546277417410450e-02,4.037332767532880728e-02,-7.547770851508524004e-01,6.550122248915050127e-01,3.564459249119667633e-02,-2.387806892443695705e-01,7.705028028449881217e-02,3.456197567431015111e-02,9.964279824179811396e-01,1.053354726973632083e-01,0.000000000000000000e+00,0.000000000000000000e+00,0.000000000000000000e+00,1.000000000000000000e+00
6.514208689366388638e-01,7.548346003106843893e-01,-7.665231690982361734e-02,4.036008836049054249e-02,-7.547483683893806417e-01,6.550175504748302346e-01,3.615119615616038673e-02,-2.387422787074291175e-01,7.749678656178153602e-02,3.430356750781023145e-02,9.964022848874017901e-01,1.054685615152539668e-01,0.000000000000000000e+00,0.000000000000000000e+00,0.000000000000000000e+00,1.000000000000000000e+00
6.513525493028784474e-01,7.548951656280448175e-01,-7.663644973541089422e-02,4.033686060136160156e-02,-7.548793153367575615e-01,6.549163403850148946e-01,3.523927316798053377e-02,-2.388333183877643928e-01,7.679242015557002921e-02,3.489808029256218080e-02,9.964361736702177508e-01,1.051986695053517273e-01,0.000000000000000000e+00,0.000000000000000000e+00,0.000000000000000000e+00,1.000000000000000000e+00
6.513833352686969613e-01,7.548855872251590826e-01,-7.646895274524989627e-02,4.036644060625360630e-02,-7.548046478631290634e-01,6.549607512765728279e-01,3.600496981591967682e-02,-2.387600457809847532e-01,7.726379552187626065e-02,3.426608362439807764e-02,9.964216684790629941e-01,1.053718319536629533e-01,0.000000000000000000e+00,0.000000000000000000e+00,0.000000000000000000e+00,1.000000000000000000e+00
6.514651830633970686e-01,7.548137289378267223e-01,-7.648104250824265538e-02,4.039065544623221538e-02,-7.547975305964040871e-01,6.550144795855449287e-01,3.516702061375354821e-02,-2.388326120857596213e-01,7.664074022179724610e-02,3.481761250072696462e-02,9.964506665149078790e-01,1.051819386055372618e-01,0.000000000000000000e+00,0.000000000000000000e+00,0.000000000000000000e+00,1.000000000000000000e+00
6.514338572001535654e-01,7.548533858158623655e-01,-7.635637246267515388e-02,4.038907011486364551e-02,-7.548238201863002317e-01,6.549777411885990830e-01,3.528681094744228613e-02,-2.388267481481503862e-01,7.664809307927936133e-02,3.464858539405953758e-02,9.964559926848253202e-01,1.052143566771877037e-01,0.000000000000000000e+00,0.000000000000000000e+00,0.000000000000000000e+00,1.000000000000000000e+00
6.514066638761941697e-01,7.548421492908852226e-01,-7.669868259366660612e-02,4.035351620696608910e-02,-7.546781104374002958e-01,6.550416327751643619e-01,3.716731033962103470e-02,-2.386376906802666620e-01,7.829628269798033502e-02,3.367178321924252371e-02,9.963613316114361407e-01,1.056958609833975604e-01,0.000000000000000000e+00,0.000000000000000000e+00,0.000000000000000000e+00,1.000000000000000000e+00
6.514749935674706283e-01,7.548376053588516932e-01,-7.616115999890349375e-02,4.041405635312994571e-02,-7.547312866777540208e-01,6.550349556606884782e-01,3.619242700264448109e-02,-2.387269584766859298e-01,7.720762699374955629e-02,3.390274913210375440e-02,9.964384506507563133e-01,1.054606185803304008e-01,0.000000000000000000e+00,0.000000000000000000e+00,0.000000000000000000e+00,1.000000000000000000e+00
6.515298789781729383e-01,7.547974984126808451e-01,-7.608911346997461467e-02,4.044429798877724469e-02,-7.546741879785705542e-01,6.550905127226029911e-01,3.637705512713478723e-02,-2.387257384555193651e-01,7.730256656523550041e-02,3.372175159739795175e-02,9.964372316767529103e-01,1.055283711612160502e-01,0.000000000000000000e+00,0.000000000000000000e+00,0.000000000000000000e+00,1.000000000000000000e+00
6.514519806036432881e-01,7.548600712201503082e-01,-7.613533900298960488e-02,4.041333855192336122e-02,-7.546830507120632081e-01,6.550402482571167084e-01,3.709132150771416586e-02,-2.386446122848849549e-01,7.787046895662064205e-02,3.329483504636641250e-02,9.964073685113490342e-01,1.056702941996316980e-01,0.000000000000000000e+00,0.000000000000000000e+00,0.000000000000000000e+00,1.000000000000000000e+00
6.514563747416027839e-01,7.548475773042572223e-01,-7.622156418246586740e-02,4.040653927522236399e-02,-7.547037905853327677e-01,6.550382913960552944e-01,3.670184302002615917e-02,-2.386818193753574291e-01,7.763234045588512933e-02,3.361505381268858894e-02,9.964151985354857688e-01,1.055597430788075552e-01,0.000000000000000000e+00,0.000000000000000000e+00,0.000000000000000000e+00,1.000000000000000000e+00
6.514130484967478596e-01,7.548722011507424945e-01,-7.634788915226654871e-02,4.038268759928814733e-02,-7.547878109791841261e-01,6.549807240885874293e-01,3.599460334051766963e-02,-2.387577007126996942e-01,7.717772117279118882e-02,3.417910183464283047e-02,9.964313264607612686e-01,1.054114008242814648e-01,0.000000000000000000e+00,0.000000000000000000e+00,0.000000000000000000e+00,1.000000000000000000e+00
6.514110257297014428e-01,7.548471553081744778e-01,-7.661232068626495917e-02,4.036090395202573955e-02,-7.547750333467789785e-01,6.549977546572453013e-01,3.595261367878210129e-02,-2.387413497603841916e-01,7.731962618990680103e-02,3.440513794659062069e-02,9.964125460313760785e-01,1.053950275321522412e-01,0.000000000000000000e+00,0.000000000000000000e+00,0.000000000000000000e+00,1.000000000000000000e+00
6.513939153153436301e-01,7.548870701743720657e-01,-7.636411705572236641e-02,4.037683102469269425e-02,-7.547788202114839029e-01,6.549736539052133377e-01,3.631040140531032606e-02,-2.387471968489806029e-01,7.742673730894199247e-02,3.398564363973292229e-02,9.964186250648296994e-01,1.054893129720888556e-01,0.000000000000000000e+00,0.000000000000000000e+00,0.000000000000000000e+00,1.000000000000000000e+00
6.513891889493060861e-01,7.548531578758835847e-01,-7.673874226732864401e-02,4.034778532759208947e-02,-7.547133977865642107e-01,6.550174324701053541e-01,3.687614895471234139e-02,-2.386760045313112977e-01,7.810129141969683608e-02,3.389503215925915997e-02,9.963690656947847835e-01,1.056349713119313360e-01,0.000000000000000000e+00,0.000000000000000000e+00,0.000000000000000000e+00,1.000000000000000000e+00
6.514457863412590477e-01,7.548540971253930865e-01,-7.624748855684680693e-02,4.040621364031526941e-02,-7.548229417281849818e-01,6.549803013885893144e-01,3.525806905832964272e-02,-2.388456138770538861e-01,7.655530092049671331e-02,3.458463308928725471e-02,9.964653476438866120e-01,1.052042234469869886e-01,0.000000000000000000e+00,0.000000000000000000e+00,0.000000000000000000e+00,1.000000000000000000e+00
6.514248374921030038e-01,7.548601376619793468e-01,-7.636657428040719009e-02,4.038837482050805505e-02,-7.547731561109972676e-01,6.549953622398220210e-01,3.603551385187743483e-02,-2.387390749979538540e-01,7.722152493075792878e-02,3.416501153610415620e-02,9.964284159306711075e-01,1.054068401284278256e-01,0.000000000000000000e+00,0.000000000000000000e+00,0.000000000000000000e+00,1.000000000000000000e+00
6.514807942069928970e-01,7.548689745602421564e-01,-7.579977589541152250e-02,4.045235975802818906e-02,-7.546503706626463970e-01,6.550557348799244117e-01,3.748069182462957644e-02,-2.385885140904243917e-01,7.794608930636894029e-02,3.278437809828061572e-02,9.964183818630368838e-01,1.057285764756348279e-01,0.000000000000000000e+00,0.000000000000000000e+00,0.000000000000000000e+00,1.000000000000000000e+00
6.514636965752682585e-01,7.548613010420736069e-01,-7.602281390184760512e-02,4.042298181655218370e-02,-7.548197351676529943e-01,6.549821506601753995e-01,3.529234645083303284e-02,-2.388208206274113066e-01,7.643441270737384718e-02,3.439183777641764000e-02,9.964813004007850861e-01,1.052401261986177783e-01,0.000000000000000000e+00,0.000000000000000000e+00,0.000000000000000000e+00,1.000000000000000000e+00
6.514442713449153377e-01,7.548593358924972074e-01,-7.620855823219872816e-02,4.040554304006954700e-02,-7.547599375000347832e-01,6.550056323963451277e-01,3.612559029286232376e-02,-2.387388670132815638e-01,7.718677397608951496e-02,3.398535780306343596e-02,9.964372521027914376e-01,1.054176806208080297e-01,0.000000000000000000e+00,0.000000000000000000e+00,0.000000000000000000e+00,1.000000000000000000e+00
6.514599031731048706e-01,7.548419180373890924e-01,-7.624744803155321382e-02,4.040922933565743724e-02,-7.547174900101143447e-01,6.550357893577254398e-01,3.646402245137814885e-02,-2.387356718637310138e-01,7.746937995441731395e-02,3.379043406257375287e-02,9.964219496455009040e-01,1.055227729047296670e-01,0.000000000000000000e+00,0.000000000000000000e+00,0.000000000000000000e+00,1.000000000000000000e+00
6.513722085007968010e-01,7.548775713296828060e-01,-7.664266629100285888e-02,4.035090162994170448e-02,-7.547981358034557831e-01,6.549650898296432988e-01,3.606251921420767365e-02,-2.387512489086432155e-01,7.742105773252117018e-02,3.435961885479444505e-02,9.964062406527424143e-01,1.054268029381619787e-01,0.000000000000000000e+00,0.000000000000000000e+00,0.000000000000000000e+00,1.000000000000000000e+00
6.514906418253401110e-01,7.548312682014289843e-01,-7.609007924446267723e-02,4.042779556430686760e-02,-7.547722976321821209e-01,6.550230389471271009e-01,3.554711205579071803e-02,-2.388056485545496099e-01,7.667282661440646963e-02,3.427207309009352304e-02,9.964671106790551347e-01,1.053051789054837428e-01,0.000000000000000000e+00,0.000000000000000000e+00,0.000000000000000000e+00,1.000000000000000000e+00
6.514689446933052963e-01,7.548589055469457909e-01,-7.600162377645873490e-02,4.042955577864970618e-02,-7.546964409684205899e-01,6.550386088350860225e-01,3.684702057147490328e-02,-2.386635828964963346e-01,7.759829952898845973e-02,3.335346536512301396e-02,9.964266406807613663e-01,1.056038782875197146e-01,0.000000000000000000e+00,0.000000000000000000e+00,0.000000000000000000e+00,1.000000000000000000e+00
6.514551330270388352e-01,7.548415331556959096e-01,-7.629200138862281266e-02,4.039973407071500988e-02,-7.548297516566608856e-01,6.549849552199507041e-01,3.502505459614391886e-02,-2.388577324433924787e-01,7.640847902338275544e-02,3.477022086035354981e-02,9.964701581455690516e-01,1.052232152747711869e-01,0.000000000000000000e+00,0.000000000000000000e+00,0.000000000000000000e+00,1.000000000000000000e+00
6.514207262842636181e-01,7.548643452746388594e-01,-7.636005238587369182e-02,4.038315258261571117e-02,-7.547647828631358635e-01,6.549962099203612276e-01,3.619513143401253269e-02,-2.387574231443534145e-01,7.733795909413286596e-02,3.405561955174282035e-02,9.964231304320977367e-01,1.054699061502826218e-01,0.000000000000000000e+00,0.000000000000000000e+00,0.000000000000000000e+00,1.000000000000000000e+00
6.514485708273993758e-01,7.548700848606337832e-01,-7.606519933214192508e-02,4.041821674027640254e-02,-7.547318082134322204e-01,6.550136923635019315e-01,3.656447028489167445e-02,-2.386900047820257886e-01,7.742517186175235100e-02,3.358895352390903893e-02,9.964321978756742748e-01,1.055403998113273456e-01,0.000000000000000000e+00,0.000000000000000000e+00,0.000000000000000000e+00,1.000000000000000000e+00
6.514308635445027473e-01,7.548662460428129384e-01,-7.625470875228160250e-02,4.039896753134281093e-02,-7.548224802358359797e-01,6.549717610789398403e-01,3.542619821224763516e-02,-2.388320214779969253e-01,7.668672213809149540e-02,3.448104949655530355e-02,9.964588320012681688e-01,1.052784449971484459e-01,0.000000000000000000e+00,0.000000000000000000e+00,0.000000000000000000e+00,1.000000000000000000e+00
6.514118358855860436e-01,7.548402752109705238e-01,-7.667319601788248618e-02,4.035196475037022834e-02,-7.547695348297250861e-01,6.550035990019784649e-01,3.596157098036640437e-02,-2.387620997989368110e-01,7.736646147453581090e-02,3.444479951867519124e-02,9.964075403292708133e-01,1.054307354655008577e-01,0.000000000000000000e+00,0.000000000000000000e+00,0.000000000000000000e+00,1.000000000000000000e+00
6.513934204504467917e-01,7.548792448026160340e-01,-7.644565102149045166e-02,4.037140646078912765e-02,-7.546447282679964452e-01,6.550348454736349968e-01,3.795636063498365048e-02,-2.385522305390828102e-01,7.872703405558562073e-02,3.296478396051005094e-02,9.963510310765215650e-01,1.058680398369045150e-01,0.000000000000000000e+00,0.000000000000000000e+00,0.000000000000000000e+00,1.000000000000000000e+00
6.514157838366546605e-01,7.548743772310271272e-01,-7.630302201450565869e-02,4.039291903603781098e-02,-7.547460409003627912e-01,6.549986072991254016e-01,3.654091106464522898e-02,-2.386957085335145445e-01,7.756217063559410485e-02,3.378607755090000386e-02,9.964148787779214533e-01,1.055009456340880725e-01,0.000000000000000000e+00,0.000000000000000000e+00,0.000000000000000000e+00,1.000000000000000000e+00
6.513652300938574946e-01,7.548463648589093244e-01,-7.700845722429901230e-02,4.030896496184499522e-02,-7.547958400340460949e-01,6.549792627135851975e-01,3.585254917669375430e-02,-2.387767836869391092e-01,7.750210895243457576e-02,3.477255921641221603e-02,9.963856142244659209e-01,1.053744817362509689e-01,0.000000000000000000e+00,0.000000000000000000e+00,0.000000000000000000e+00,1.000000000000000000e+00
6.514994696196505508e-01,7.548610616988385980e-01,-7.571802041929118210e-02,4.045941738066211046e-02,-7.546536091452030748e-01,6.550621602498452045e-01,3.730276682667366811e-02,-2.386341115972488158e-01,7.775841619678988681e-02,3.283814458382488394e-02,9.964312745848851183e-01,1.057396583067933271e-01,0.000000000000000000e+00,0.000000000000000000e+00,0.000000000000000000e+00,1.000000000000000000e+00
6.513892553722403500e-01,7.548652304083918185e-01,-7.661933115137534167e-02,4.035256267285319831e-02,-7.547914809656472990e-01,6.549774069534288756e-01,3.597800219922674125e-02,-2.387518292806892761e-01,7.734247375978681172e-02,3.439593436800882087e-02,9.964110905904594029e-01,1.054157798446491157e-01,0.000000000000000000e+00,0.000000000000000000e+00,0.000000000000000000e+00,1.000000000000000000e+00
6.514641944269836671e-01,7.548377792481701931e-01,-7.625175669643230458e-02,4.041304340022755515e-02,-7.547753343626573130e-01,6.550131159520370394e-01,3.566528520203118141e-02,-2.388106416159425927e-01,7.686740542870057480e-02,3.431828886313983279e-02,9.964505291444055723e-01,1.053426686963299108e-01,0.000000000000000000e+00,0.000000000000000000e+00,0.000000000000000000e+00,1.000000000000000000e+00
6.514393300192145020e-01,7.548477464195321174e-01,-7.636543085369885964e-02,4.038942905980397180e-02,-7.547899544338486644e-01,6.549967321424716715e-01,3.565677450965261397e-02,-2.387868951970190112e-01,7.693454354102531589e-02,3.441163477717028296e-02,9.964421284761584285e-01,1.053320849076559984e-01,0.000000000000000000e+00,0.000000000000000000e+00,0.000000000000000000e+00,1.000000000000000000e+00
6.514901704178959196e-01,7.548603099994233290e-01,-7.580547629581395330e-02,4.045163666436729644e-02,-7.547301338487870659e-01,6.550277880616742765e-01,3.634586534424941173e-02,-2.387066128117896480e-01,7.709074464196609411e-02,3.353370326409976787e-02,9.964599880757593064e-01,1.054656399407285505e-01,0.000000000000000000e+00,0.000000000000000000e+00,0.000000000000000000e+00,1.000000000000000000e+00
6.514106797148144778e-01,7.548675102224033928e-01,-7.641445127796919756e-02,4.037879294763907501e-02,-7.547654681671212007e-01,6.549923104714038269e-01,3.625136253712882978e-02,-2.387369460025572931e-01,7.741585377653370514e-02,3.406046438265083326e-02,9.964169159293154721e-01,1.054609688245282673e-01,0.000000000000000000e+00,0.000000000000000000e+00,0.000000000000000000e+00,1.000000000000000000e+00
6.514451853591919361e-01,7.548422847457818552e-01,-7.636946793121017485e-02,4.039000280513599384e-02,-7.547714774503111457e-01,6.550087553960632913e-01,3.582662671777078062e-02,-2.387607350498089642e-01,7.706612290625790285e-02,3.430241265958088731e-02,9.964357265704242295e-01,1.053682575901007112e-01,0.000000000000000000e+00,0.000000000000000000e+00,0.000000000000000000e+00,1.000000000000000000e+00
6.514677027995466885e-01,7.548754827011444624e-01,-7.584746420148648360e-02,4.044182956234798620e-02,-7.549035667220037604e-01,6.549382667411298709e-01,3.429973335934182604e-02,-2.389520830853463784e-01,7.556743451698515190e-02,3.491235275427424095e-02,9.965293224314487608e-01,1.049681724860578313e-01,0.000000000000000000e+00,0.000000000000000000e+00,0.000000000000000000e+00,1.000000000000000000e+00
6.513814044753126753e-01,7.548667661461705425e-01,-7.667092846569607822e-02,4.035209629983815827e-02,-7.548219348848570487e-01,6.549614328043567024e-01,3.562819326803972481e-02,-2.387997731055274686e-01,7.711104019820853861e-02,3.466535600404158785e-02,9.964196909799922786e-01,1.052855032138357849e-01,0.000000000000000000e+00,0.000000000000000000e+00,0.000000000000000000e+00,1.000000000000000000e+00
6.514086792839086648e-01,7.548908116263611801e-01,-7.620101755021015111e-02,4.040069119256439745e-02,-7.547899053669547831e-01,6.549700866708108027e-01,3.614393894657809414e-02,-2.387684998369172806e-01,7.719411447602110565e-02,3.397128329228012167e-02,9.964371633985449339e-01,1.054406056875027975e-01,0.000000000000000000e+00,0.000000000000000000e+00,0.000000000000000000e+00,1.000000000000000000e+00
6.513931177054401722e-01,7.548515123346974942e-01,-7.672157800779821901e-02,4.035094514281611922e-02,-7.547628842681959327e-01,6.549973546265523971e-01,3.621400231087960192e-02,-2.387527992460176107e-01,7.758862504994221143e-02,3.431704763289730037e-02,9.963946735629516382e-01,1.054887556506294288e-01,0.000000000000000000e+00,0.000000000000000000e+00,0.000000000000000000e+00,1.000000000000000000e+00
6.513391897592251123e-01,7.548848642860661595e-01,-7.685116495931471059e-02,4.031569019591807468e-02,-7.547922443883272603e-01,6.549573644381916360e-01,3.632517831215181792e-02,-2.387281717622330435e-01,7.775556375609332660e-02,3.434665107380237281e-02,9.963806400492668525e-01,1.055014111376564312e-01,0.000000000000000000e+00,0.000000000000000000e+00,0.000000000000000000e+00,1.000000000000000000e+00
6.514002143887969165e-01,7.548787754573479392e-01,-7.639237565519420292e-02,4.037938702493654164e-02,-7.547928316255086978e-01,6.549727212560685352e-01,3.603492385404400561e-02,-2.387422507646013159e-01,7.723692135873790054e-02,3.418726041137536836e-02,9.964264595064650232e-01,1.054332644567073096e-01,0.000000000000000000e+00,0.000000000000000000e+00,0.000000000000000000e+00,1.000000000000000000e+00
6.514416786690493399e-01,7.548696786163824335e-01,-7.612823128413437335e-02,4.040703681981011597e-02,-7.547498279914315322e-01,6.550046043622710368e-01,3.635471649084037055e-02,-2.387010526262829391e-01,7.730741516669425994e-02,3.377479192866190277e-02,9.964350590933761520e-01,1.054997817541660776e-01,0.000000000000000000e+00,0.000000000000000000e+00,0.000000000000000000e+00,1.000000000000000000e+00
6.514172898940348011e-01,7.548406673096472730e-01,-7.662298220923997871e-02,4.036262492484216091e-02,-7.547712264534496285e-01,6.550038007283758290e-01,3.592237115416790222e-02,-2.387719435153176084e-01,7.730401118355183232e-02,3.443236859277320344e-02,9.964128169830136494e-01,1.053594589275295146e-01,0.000000000000000000e+00,0.000000000000000000e+00,0.000000000000000000e+00,1.000000000000000000e+00
6.514575151626013083e-01,7.548444179527165065e-01,-7.624310213910276413e-02,4.040538075310473598e-02,-7.547739674773052965e-01,6.550092208955348161e-01,3.576560583007109412e-02,-2.387963487029663434e-01,7.693740284631869764e-02,3.424653599196485904e-02,9.964475956194656092e-01,1.053642329097455033e-01,0.000000000000000000e+00,0.000000000000000000e+00,0.000000000000000000e+00,1.000000000000000000e+00
6.514239013885860796e-01,7.548176334312310942e-01,-7.679349556407467914e-02,4.035026213472925338e-02,-7.547164320828698703e-01,6.550403040499105378e-01,3.640476911482577738e-02,-2.387166723821184111e-01,7.778179635221009469e-02,3.424237625335962987e-02,9.963821816074125426e-01,1.055136600273665071e-01,0.000000000000000000e+00,0.000000000000000000e+00,0.000000000000000000e+00,1.000000000000000000e+00
6.514191311432254716e-01,7.548688365708844383e-01,-7.632925490744009445e-02,4.038435493076353300e-02,-7.547707489337338593e-01,6.549911207390387569e-01,3.616280280936309127e-02,-2.387486909414331115e-01,7.729315710084617985e-02,3.405394730626334215e-02,9.964266639036947204e-01,1.054865134079074895e-01,0.000000000000000000e+00,0.000000000000000000e+00,0.000000000000000000e+00,1.000000000000000000e+00
6.514174233365924715e-01,7.548404969190899427e-01,-7.662352631180660567e-02,4.035927231057190312e-02,-7.548650235501234151e-01,6.549613887435188353e-01,3.470411324084063387e-02,-2.388884947395805425e-01,7.638152128745892555e-02,3.523355596732564987e-02,9.964559497236749053e-01,1.051289341647216879e-01,0.000000000000000000e+00,0.000000000000000000e+00,0.000000000000000000e+00,1.000000000000000000e+00
6.514440174632917246e-01,7.548674532450891927e-01,-7.613028400419662167e-02,4.041285926082821556e-02,-7.547812607799742057e-01,6.549923286780275911e-01,3.592071475245493806e-02,-2.387763639807249094e-01,7.698013046675729332e-02,3.406137701573284937e-02,9.964506420837477840e-01,1.053810150471730100e-01,0.000000000000000000e+00,0.000000000000000000e+00,0.000000000000000000e+00,1.000000000000000000e+00
6.514128812632142829e-01,7.548413888554075246e-01,-7.665334823213511284e-02,4.035957171910509178e-02,-7.547315577483877380e-01,6.550200768099133652e-01,3.645510546723889495e-02,-2.387196545302947559e-01,7.772730448851113139e-02,3.410537562870050859e-02,9.963911327837957632e-01,1.055467115240056319e-01,0.000000000000000000e+00,0.000000000000000000e+00,0.000000000000000000e+00,1.000000000000000000e+00
6.514083984734133637e-01,7.548963508475626805e-01,-7.614852510282907327e-02,4.040070050952143665e-02,-7.548418053873396927e-01,6.549443822859761788e-01,3.552048636523215397e-02,-2.388081227592915579e-01,7.668733427290488902e-02,3.434174703003005369e-02,9.964635955081555529e-01,1.052751449451447829e-01,0.000000000000000000e+00,0.000000000000000000e+00,0.000000000000000000e+00,1.000000000000000000e+00
6.513621561365587898e-01,7.548618239671609498e-01,-7.688282168406834760e-02,4.032010485215115070e-02,-7.548733606065598511e-01,6.549363212950978230e-01,3.499463523174502905e-02,-2.388555544405557840e-01,7.676946658465122475e-02,3.524261291980574501e-02,9.964258162226091731e-01,1.052047561693540967e-01,0.000000000000000000e+00,0.000000000000000000e+00,0.000000000000000000e+00,1.000000000000000000e+00
6.513810489982726493e-01,7.548647071101278749e-01,-7.669421728820782769e-02,4.033951794773760202e-02,-7.548341780797352962e-01,6.549567942410051691e-01,3.545364974493021848e-02,-2.388176410296378449e-01,7.699410762259947805e-02,3.479758090854299935e-02,9.964241244341252024e-01,1.053195687281995863e-01,0.000000000000000000e+00,0.000000000000000000e+00,0.000000000000000000e+00,1.000000000000000000e+00
6.514161925547619081e-01,7.548508675177522109e-01,-7.653177043002765134e-02,4.037303687933274654e-02,-7.548139732194699691e-01,6.549796616655283454e-01,3.546136823569348562e-02,-2.388189866289793239e-01,7.689479767900309071e-02,3.466714023693168167e-02,9.964363399022028167e-01,1.052747298931417941e-01,0.000000000000000000e+00,0.000000000000000000e+00,0.000000000000000000e+00,1.000000000000000000e+00
6.513659020614003259e-01,7.548707205537841247e-01,-7.676364297210835907e-02,4.033272427729162057e-02,-7.547351091563316849e-01,6.549947119341895663e-01,3.683534097885363817e-02,-2.386586418361905659e-01,7.808570060208666619e-02,3.394293135336160644e-02,9.963686570605392312e-01,1.056354734474702628e-01,0.000000000000000000e+00,0.000000000000000000e+00,0.000000000000000000e+00,1.000000000000000000e+00
6.514640145806702698e-01,7.548473048482974290e-01,-7.615893952582479531e-02,4.041159872874044989e-02,-7.547356778451631554e-01,6.550261247711459678e-01,3.626061851234452238e-02,-2.387496807313873592e-01,7.725732518045659580e-02,3.385738073976202189e-02,9.964361411929036905e-01,1.055021634236323891e-01,0.000000000000000000e+00,0.000000000000000000e+00,0.000000000000000000e+00,1.000000000000000000e+00
6.513999498324227755e-01,7.548577606071706914e-01,-7.660200134098567315e-02,4.036024797787396423e-02,-7.548026270242229607e-01,6.549781623032105982e-01,3.572955559814430804e-02,-2.387721390165259139e-01,7.714337039337147706e-02,3.454516112332306488e-02,9.964213628015583524e-01,1.053348294573908106e-01,0.000000000000000000e+00,0.000000000000000000e+00,0.000000000000000000e+00,1.000000000000000000e+00
6.515022644130730178e-01,7.548250656733647146e-01,-7.605208541413745194e-02,4.043127820161762642e-02,-7.546937811068242796e-01,6.550630207648301395e-01,3.646553969353721197e-02,-2.387132503864199951e-01,7.734401220083865491e-02,3.363865421887025225e-02,9.964368242487930960e-01,1.055236745624421602e-01,0.000000000000000000e+00,0.000000000000000000e+00,0.000000000000000000e+00,1.000000000000000000e+00
6.513725295732601950e-01,7.548618381229094121e-01,-7.679474632443897275e-02,4.033207754989126537e-02,-7.548167523245600252e-01,6.549641986474541433e-01,3.568709711229204468e-02,-2.387834012721665178e-01,7.723663721017623440e-02,3.472036629704120664e-02,9.964080479585977201e-01,1.053464290740586673e-01,0.000000000000000000e+00,0.000000000000000000e+00,0.000000000000000000e+00,1.000000000000000000e+00
6.514659890882222859e-01,7.548377956796855637e-01,-7.623625957992409552e-02,4.040506112795244631e-02,-7.547863743582930995e-01,6.550085439403612320e-01,3.551529879066873951e-02,-2.388013145494201073e-01,7.674369123495929090e-02,3.440508070854184086e-02,9.964570719690196698e-01,1.052782231171642824e-01,0.000000000000000000e+00,0.000000000000000000e+00,0.000000000000000000e+00,1.000000000000000000e+00
6.514373040792960090e-01,7.548458127185008193e-01,-7.640181853362500164e-02,4.038580630454663423e-02,-7.548548001871456803e-01,6.549678300449696122e-01,3.480477324460450744e-02,-2.388802989807064792e-01,7.631297064276452990e-02,3.499915181157769312e-02,9.964694625948889994e-01,1.051228458610329319e-01,0.000000000000000000e+00,0.000000000000000000e+00,0.000000000000000000e+00,1.000000000000000000e+00
6.513564195823378089e-01,7.548614171980481125e-01,-7.693539818985696555e-02,4.031861535147129860e-02,-7.548365616717407356e-01,6.549520891752593776e-01,3.548980203589907623e-02,-2.388125817901698145e-01,7.717888203687424398e-02,3.495714105468872290e-02,9.964042444996010772e-01,1.053045372322245488e-01,0.000000000000000000e+00,0.000000000000000000e+00,0.000000000000000000e+00,1.000000000000000000e+00
6.513124138219559267e-01,7.548760537021685924e-01,-7.716400163585386551e-02,4.027664175504414024e-02,-7.548747961294532960e-01,6.549187769733959552e-01,3.529075992646956567e-02,-2.388520842572798286e-01,7.717630316317049266e-02,3.526384997007794148e-02,9.963936366292963642e-01,1.053023361551126413e-01,0.000000000000000000e+00,0.000000000000000000e+00,0.000000000000000000e+00,1.000000000000000000e+00
6.514093932114697338e-01,7.548516146194841347e-01,-7.658225866493310885e-02,4.035855567494966989e-02,-7.548415233922505241e-01,6.549654135582033687e-01,3.513661345943948355e-02,-2.388495711759579532e-01,7.668166011981782104e-02,3.491914874233804922e-02,9.964439653349199677e-01,1.052332998432174982e-01,0.000000000000000000e+00,0.000000000000000000e+00,0.000000000000000000e+00,1.000000000000000000e+00
6.513732634957568601e-01,7.548239516363896007e-01,-7.716005209247160657e-02,4.029776273771346062e-02,-7.548358403600067268e-01,6.549731038500645752e-01,3.511534338455592902e-02,-2.388590876114992101e-01,7.704366106883804577e-02,3.536997694427036071e-02,9.964001400140769515e-01,1.052573636946156910e-01,0.000000000000000000e+00,0.000000000000000000e+00,0.000000000000000000e+00,1.000000000000000000e+00
6.513317392278188400e-01,7.548785078612563204e-01,-7.697664479326392362e-02,4.028693608029815243e-02,-7.548053322972243517e-01,6.549530002384350569e-01,3.613139651812213166e-02,-2.387609822015858696e-01,7.769089914617992310e-02,3.456885661742652854e-02,9.963779997280260980e-01,1.055417113370189508e-01,0.000000000000000000e+00,0.000000000000000000e+00,0.000000000000000000e+00,1.000000000000000000e+00
6.514833836461237926e-01,7.548520545961531214e-01,-7.594587878854212881e-02,4.042864093791548319e-02,-7.547155976444980263e-01,6.550366510569789469e-01,3.648770264302928640e-02,-2.387141600733994617e-01,7.729015141081001239e-02,3.354640731917684499e-02,9.964441133605387302e-01,1.055700758171813636e-01,0.000000000000000000e+00,0.000000000000000000e+00,0.000000000000000000e+00,1.000000000000000000e+00
6.514340332839814174e-01,7.548682432229415484e-01,-7.620784508746128449e-02,4.039879715800465121e-02,-7.547336363343947196e-01,6.550107514482994553e-01,3.657941596848668375e-02,-2.386890897474495399e-01,7.752959734724637619e-02,3.368754756054413713e-02,9.964207498213442094e-01,1.055125984295541830e-01,0.000000000000000000e+00,0.000000000000000000e+00,0.000000000000000000e+00,1.000000000000000000e+00
6.514916098392956600e-01,7.548181986241733199e-01,-7.621134649618264978e-02,4.041411152087964753e-02,-7.546858580520940940e-01,6.550675374013020802e-01,3.654828449008844238e-02,-2.386783781863297260e-01,7.751088933290407879e-02,3.370472472446477130e-02,9.964216243970573927e-01,1.055491808182835722e-01,0.000000000000000000e+00,0.000000000000000000e+00,0.000000000000000000e+00,1.000000000000000000e+00
6.513513596737666722e-01,7.548282313065114435e-01,-7.730295902369453687e-02,4.028653692884709425e-02,-7.548115217841854241e-01,6.549776756365295327e-01,3.555011954425955217e-02,-2.388075919943880854e-01,7.746594627949381084e-02,3.519354543737700930e-02,9.963736455399498926e-01,1.053104418849051260e-01,0.000000000000000000e+00,0.000000000000000000e+00,0.000000000000000000e+00,1.000000000000000000e+00
6.513581866424047462e-01,7.548463840792217772e-01,-7.706782166664645495e-02,4.030741750743410678e-02,-7.547586758465368861e-01,6.549943436979122069e-01,3.635589303157674840e-02,-2.387243927763004203e-01,7.792210166762951473e-02,3.448689847268204128e-02,9.963627852872840585e-01,1.055277865973009987e-01,0.000000000000000000e+00,0.000000000000000000e+00,0.000000000000000000e+00,1.000000000000000000e+00
6.514045083977526573e-01,7.548295934610916857e-01,-7.684042734424166576e-02,4.033757455105130285e-02,-7.547119478116245395e-01,6.550325394001232926e-01,3.663670505667683541e-02,-2.386925281257088194e-01,7.798744943557457676e-02,3.412707374489221124e-02,9.963700620593458623e-01,1.055786752015510643e-01,0.000000000000000000e+00,0.000000000000000000e+00,0.000000000000000000e+00,1.000000000000000000e+00
6.513996805040639382e-01,7.548722979889647133e-01,-7.646090483418989392e-02,4.036258935523168168e-02,-7.547550793018505955e-01,6.549922955443145955e-01,3.646728733599963884e-02,-2.387045976305275929e-01,7.760944856949135440e-02,3.395447697210018240e-02,9.964054731816212040e-01,1.055508280090866613e-01,0.000000000000000000e+00,0.000000000000000000e+00,0.000000000000000000e+00,1.000000000000000000e+00
6.513506787374665485e-01,7.548718692791821505e-01,-7.688143000227734558e-02,4.031398051362977686e-02,-7.547724871250379719e-01,6.549746289324298587e-01,3.642427945629755914e-02,-2.386942107323579421e-01,7.785105000785882967e-02,3.430300899016580640e-02,9.963746873475333166e-01,1.055328142466724906e-01,0.000000000000000000e+00,0.000000000000000000e+00,0.000000000000000000e+00,1.000000000000000000e+00
6.513453330522489537e-01,7.548858987624843531e-01,-7.678891170352071527e-02,4.031337599312806441e-02,-7.547937171344768492e-01,6.549575075743174768e-01,3.629198046892859186e-02,-2.387383593354782119e-01,7.768977851283996594e-02,3.432117599375153483e-02,9.963866494454006739e-01,1.055478845378219344e-01,0.000000000000000000e+00,0.000000000000000000e+00,0.000000000000000000e+00,1.000000000000000000e+00
6.512591026816987316e-01,7.548779927380062649e-01,-7.759379649216474606e-02,4.022606292058250599e-02,-7.548226195038796327e-01,6.549303494944629378e-01,3.618080148866883311e-02,-2.387368177763114496e-01,7.813062305863427426e-02,3.500647641365158685e-02,9.963283356151075854e-01,1.055105335422625856e-01,0.000000000000000000e+00,0.000000000000000000e+00,0.000000000000000000e+00,1.000000000000000000e+00
6.514264344565010578e-01,7.548502733430564327e-01,-7.645041088969396770e-02,4.037031647304278881e-02,-7.548116327524769797e-01,6.549831313641358843e-01,3.544709705985770593e-02,-2.388333191118033327e-01,7.683098042345802570e-02,3.461448341871101869e-02,9.964430931994190388e-01,1.053262966488008878e-01,0.000000000000000000e+00,0.000000000000000000e+00,0.000000000000000000e+00,1.000000000000000000e+00
6.515016602539563939e-01,7.548544728850259400e-01,-7.576484311214684575e-02,4.044933856004184758e-02,-7.546554182960980572e-01,6.550650919717321274e-01,3.721457935282243557e-02,-2.386290135712791083e-01,7.772249560249508415e-02,3.293098913691899776e-02,9.964310129817238737e-01,1.057126028109927063e-01,0.000000000000000000e+00,0.000000000000000000e+00,0.000000000000000000e+00,1.000000000000000000e+00
6.514013063662225100e-01,7.548326367894698796e-01,-7.683767631725536840e-02,4.034193542289699064e-02,-7.547783105912168056e-01,6.550010526865702731e-01,3.582349564955616267e-02,-2.387765217961710928e-01,7.736950255396278509e-02,3.465993965576717045e-02,9.963998437663522667e-01,1.053595688920361262e-01,0.000000000000000000e+00,0.000000000000000000e+00,0.000000000000000000e+00,1.000000000000000000e+00
6.514138085161311764e-01,7.548580576063039782e-01,-7.648112800781174669e-02,4.037278116813031170e-02,-7.547997789900744436e-01,6.549821928450546560e-01,3.571583251750690136e-02,-2.387916235869968484e-01,7.705416089377718769e-02,3.446215203265444449e-02,9.964311398015591736e-01,1.053515304394252450e-01,0.000000000000000000e+00,0.000000000000000000e+00,0.000000000000000000e+00,1.000000000000000000e+00
6.514176381642756697e-01,7.548630527695510128e-01,-7.639916394772414132e-02,4.037657806190325660e-02,-7.547390850827397912e-01,6.550074454159746651e-01,3.652615361776028607e-02,-2.386956347702704206e-01,7.761426503514712305e-02,3.386765437808463702e-02,9.964080528829446504e-01,1.054907931848627634e-01,0.000000000000000000e+00,0.000000000000000000e+00,0.000000000000000000e+00,1.000000000000000000e+00
6.512588963269730913e-01,7.549102258781141828e-01,-7.728130963970265832e-02,4.025082578479766138e-02,-7.547816490188734573e-01,6.549331934490693063e-01,3.697532181001337431e-02,-2.386578462317049953e-01,7.852714345576995714e-02,3.425000705486896252e-02,9.963234538830341158e-01,1.056653316563900269e-01,0.000000000000000000e+00,0.000000000000000000e+00,0.000000000000000000e+00,1.000000000000000000e+00
6.513949166183761186e-01,7.548330645759799840e-01,-7.688762726585754437e-02,4.033431888197031023e-02,-7.548063492784573558e-01,6.549868941706707970e-01,3.549004865573075068e-02,-2.388057922680495992e-01,7.714945037177209364e-02,3.491723195634286597e-02,9.964079231016986782e-01,1.052748422683267293e-01,0.000000000000000000e+00,0.000000000000000000e+00,0.000000000000000000e+00,1.000000000000000000e+00
6.514909641740650459e-01,7.548654512098545988e-01,-7.574743671762089459e-02,4.045495455856823463e-02,-7.547120617051140679e-01,6.550333045640115426e-01,3.662067488137359800e-02,-2.386865289373362453e-01,7.726077605333402099e-02,3.330946534686227839e-02,9.964543401490822960e-01,1.055140471293785076e-01,0.000000000000000000e+00,0.000000000000000000e+00,0.000000000000000000e+00,1.000000000000000000e+00
6.513617638353137451e-01,7.548665223867213614e-01,-7.684000255808702551e-02,4.033134853697584177e-02,-7.547837449587379011e-01,6.549744935410677371e-01,3.619269479722387467e-02,-2.387334552212146410e-01,7.764889541656176675e-02,3.442304737235899609e-02,9.963863220910795793e-01,1.054051622743645833e-01,0.000000000000000000e+00,0.000000000000000000e+00,0.000000000000000000e+00,1.000000000000000000e+00
6.514332737978150156e-01,7.548864776056722903e-01,-7.603351706426632328e-02,4.041269399289687536e-02,-7.546429025847167793e-01,6.550402935800182513e-01,3.789859318124448595e-02,-2.385461478149325243e-01,7.841415285249832279e-02,3.268974938271287933e-02,9.963847654986103253e-01,1.058394895849934514e-01,0.000000000000000000e+00,0.000000000000000000e+00,0.000000000000000000e+00,1.000000000000000000e+00
6.513651366278453425e-01,7.548789647352515120e-01,-7.668903041519976871e-02,4.034275646690216321e-02,-7.548099884599704934e-01,6.549576879596497037e-01,3.594868987334039895e-02,-2.387669293678240379e-01,7.736497984778230308e-02,3.446992287176283559e-02,9.964067865637844523e-01,1.053746283595005107e-01,0.000000000000000000e+00,0.000000000000000000e+00,0.000000000000000000e+00,1.000000000000000000e+00
6.514211186967004963e-01,7.548432718702092759e-01,-7.656475055935593743e-02,4.037426865507881546e-02,-7.547201158722885994e-01,6.550259056676922542e-01,3.658701411619708077e-02,-2.387125721247898569e-01,7.776935652079480787e-02,3.395140374854491161e-02,9.963931098566692901e-01,1.055064203727280603e-01,0.000000000000000000e+00,0.000000000000000000e+00,0.000000000000000000e+00,1.000000000000000000e+00
6.512897345125773230e-01,7.548718786543060499e-01,-7.739592066417556870e-02,4.026407552764382780e-02,-7.548270319061616274e-01,6.549376142866667472e-01,3.595654733457762098e-02,-2.387770179426511041e-01,7.783208607169035675e-02,3.500240290905842766e-02,9.963518445651219357e-01,1.053963678270382065e-01,0.000000000000000000e+00,0.000000000000000000e+00,0.000000000000000000e+00,1.000000000000000000e+00
6.513883606970928275e-01,7.548400646585943230e-01,-7.687444526345385554e-02,4.033357052291686173e-02,-7.547105485630566379e-01,6.550247788155341144e-01,3.680389959381201448e-02,-2.386654077860959899e-01,7.813572445434219249e-02,3.404432293158830836e-02,9.963612761644871085e-01,1.056229431540802732e-01,0.000000000000000000e+00,0.000000000000000000e+00,0.000000000000000000e+00,1.000000000000000000e+00
6.513886349091880801e-01,7.548646918625312452e-01,-7.662991119941528484e-02,4.035421653482990090e-02,-7.548034842577311387e-01,6.549721790516829234e-01,3.582101088299196462e-02,-2.387512100245862690e-01,7.723047626121209985e-02,3.450712459153989359e-02,9.964159331769492089e-01,1.053284648609318364e-01,0.000000000000000000e+00,0.000000000000000000e+00,0.000000000000000000e+00,1.000000000000000000e+00
6.514011314634833294e-01,7.548788245009236952e-01,-7.638407064432652105e-02,4.037938422271553085e-02,-7.546994828794906240e-01,6.550134932406306287e-01,3.722921183876735929e-02,-2.386056350841390117e-01,7.813614061062400251e-02,3.339586790023693630e-02,9.963831891083203551e-01,1.056574350944849972e-01,0.000000000000000000e+00,0.000000000000000000e+00,0.000000000000000000e+00,1.000000000000000000e+00
6.514367924402475474e-01,7.548614929213988134e-01,-7.625111120264978226e-02,4.040343127127504763e-02,-7.546750862020805695e-01,6.550397910190493000e-01,3.726105805801349646e-02,-2.386085585768264461e-01,7.807444986065699422e-02,3.327158977562200137e-02,9.963921826232673418e-01,1.056412402623665425e-01,0.000000000000000000e+00,0.000000000000000000e+00,0.000000000000000000e+00,1.000000000000000000e+00
6.514371801285011587e-01,7.548743945666710475e-01,-7.611996304405779790e-02,4.041655699529628221e-02,-7.547049607299470830e-01,6.550208143951997686e-01,3.698857875964484121e-02,-2.386563846483409357e-01,7.778189118191977669e-02,3.335237827578665937e-02,9.964123625625652680e-01,1.055868418216603377e-01,0.000000000000000000e+00,0.000000000000000000e+00,0.000000000000000000e+00,1.000000000000000000e+00
6.514190770017816989e-01,7.548228997801227358e-01,-7.678265484908360083e-02,4.036014724760855765e-02,-7.547633904444110975e-01,6.550159852202600552e-01,3.586479542377904450e-02,-2.387580983449836269e-01,7.736543519559745119e-02,3.458972496940146413e-02,9.964025995367218336e-01,1.053443506801654550e-01,0.000000000000000000e+00,0.000000000000000000e+00,0.000000000000000000e+00,1.000000000000000000e+00
6.513972435554375995e-01,7.548496227146492821e-01,-7.670513787178562248e-02,4.035189743033074095e-02,-7.548003493664423580e-01,6.549824097442258353e-01,3.569979722552739376e-02,-2.387680342642590769e-01,7.718849450970405313e-02,3.464231535562832531e-02,9.964144952288314094e-01,1.053444832031891210e-01,0.000000000000000000e+00,0.000000000000000000e+00,0.000000000000000000e+00,1.000000000000000000e+00
6.514256704735981174e-01,7.548446975442870688e-01,-7.651194963727500631e-02,4.037583663552363200e-02,-7.547724540879139354e-01,6.550031137454030983e-01,3.590910099033985114e-02,-2.387687158007809063e-01,7.722135972728694231e-02,3.435700180604064902e-02,9.964218273546444626e-01,1.054089663464898852e-01,0.000000000000000000e+00,0.000000000000000000e+00,0.000000000000000000e+00,1.000000000000000000e+00
6.513364373118026851e-01,7.548985621187410677e-01,-7.673986148688083375e-02,4.033013430814619271e-02,-7.547838861958174883e-01,6.549539665653829612e-01,3.655936021610308589e-02,-2.386833361941307630e-01,7.785968513362798160e-02,3.410956744564120485e-02,9.963806535855480595e-01,1.055514754323241267e-01,0.000000000000000000e+00,0.000000000000000000e+00,0.000000000000000000e+00,1.000000000000000000e+00
6.513293172677876441e-01,7.548781951790013434e-01,-7.700020071903265761e-02,4.030447129578335064e-02,-7.548302518540195294e-01,6.549415005343348639e-01,3.581789725585936279e-02,-2.387783829249897072e-01,7.746877663597823149e-02,3.479283433593083341e-02,9.963874985794419770e-01,1.054075551729822813e-01,0.000000000000000000e+00,0.000000000000000000e+00,0.000000000000000000e+00,1.000000000000000000e+00
6.513970932386765611e-01,7.548675367256458824e-01,-7.652992171666554710e-02,4.036094383020594201e-02,-7.547665439557840195e-01,6.549889886023423369e-01,3.628896436552962734e-02,-2.387201968773116079e-01,7.751961716394727142e-02,3.412369861894642975e-02,9.964066851177377782e-01,1.054772357957136641e-01,0.000000000000000000e+00,0.000000000000000000e+00,0.000000000000000000e+00,1.000000000000000000e+00
6.514145065274209445e-01,7.548769822176047972e-01,-7.628815375717898362e-02,4.038281289502687610e-02,-7.547767222307285584e-01,6.549836640162477464e-01,3.617318689981676577e-02,-2.387424629838950374e-01,7.727380063303901370e-02,3.401678394400908106e-02,9.964294346042936734e-01,1.054503004431697200e-01,0.000000000000000000e+00,0.000000000000000000e+00,0.000000000000000000e+00,1.000000000000000000e+00
6.514277144018966181e-01,7.548890574591565761e-01,-7.605553127516330447e-02,4.041249295393561924e-02,-7.547914520350916812e-01,6.549742106706673006e-01,3.603674917489484847e-02,-2.387584703418620113e-01,7.701815918261674387e-02,3.393072773700465256e-02,9.964521608543775999e-01,1.054115968945734672e-01,0.000000000000000000e+00,0.000000000000000000e+00,0.000000000000000000e+00,1.000000000000000000e+00
6.514057495121096109e-01,7.549114226224968860e-01,-7.602166465320807365e-02,4.040648763616588868e-02,-7.548233417786616162e-01,6.549449710912004230e-01,3.589996585570280618e-02,-2.387545735407625713e-01,7.689130125482794564e-02,3.399748279541804641e-02,9.964596825536469193e-01,1.053545712959711445e-01,0.000000000000000000e+00,0.000000000000000000e+00,0.000000000000000000e+00,1.000000000000000000e+00
6.514152741874169594e-01,7.548650029315342458e-01,-7.640005173104962022e-02,4.038493334541604085e-02,-7.548120050331257325e-01,6.549737852540974403e-01,3.561148252729721270e-02,-2.387956757385813478e-01,7.692189293825892060e-02,3.446981257700836715e-02,9.964410942989558873e-01,1.052976629366577654e-01,0.000000000000000000e+00,0.000000000000000000e+00,0.000000000000000000e+00,1.000000000000000000e+00
6.514817024812444846e-01,7.548249985274559926e-01,-7.622868836708078522e-02,4.041546896263986666e-02,-7.547993943521393856e-01,6.550118940309199722e-01,3.517517538933919580e-02,-2.388274584944561629e-01,7.648179925827529313e-02,3.462138466400745823e-02,9.964697155991064648e-01,1.052124040715780584e-01,0.000000000000000000e+00,0.000000000000000000e+00,0.000000000000000000e+00,1.000000000000000000e+00
6.514792047672923747e-01,7.547837919138552509e-01,-7.665685370479642657e-02,4.038270453088260714e-02,-7.547292171303586761e-01,6.550620835250589025e-01,3.574178979297030351e-02,-2.387760666006210619e-01,7.719232193406562470e-02,3.457013439301342278e-02,9.964167056219384033e-01,1.053411968479887051e-01,0.000000000000000000e+00,0.000000000000000000e+00,0.000000000000000000e+00,1.000000000000000000e+00
6.513901332832248148e-01,7.548691031209129321e-01,-7.657369923603729589e-02,4.036403185258796711e-02,-7.548766422465302828e-01,6.549373461628127391e-01,3.490454972945723072e-02,-2.388906727610923542e-01,7.649934151263435012e-02,3.506721766323344508e-02,9.964527791087206543e-01,1.051187769031081132e-01,0.000000000000000000e+00,0.000000000000000000e+00,0.000000000000000000e+00,1.000000000000000000e+00
6.513152696390734908e-01,7.548676951439371452e-01,-7.722164439495572685e-02,4.028083917653407786e-02,-7.548422785286909020e-01,6.549380057066119809e-01,3.562784341859703136e-02,-2.387979153334025550e-01,7.746969782176289787e-02,3.508520356397847734e-02,9.963771747738296991e-01,1.052911179050770585e-01,0.000000000000000000e+00,0.000000000000000000e+00,0.000000000000000000e+00,1.000000000000000000e+00
6.513608054210811016e-01,7.548589138111837515e-01,-7.692282756763917095e-02,4.031896050308747537e-02,-7.547580276562283474e-01,6.549892516907920292e-01,3.646093605513449354e-02,-2.387237471990293070e-01,7.790648785358565698e-02,3.430889694141255053e-02,9.963701514703172668e-01,1.055114941405370654e-01,0.000000000000000000e+00,0.000000000000000000e+00,0.000000000000000000e+00,1.000000000000000000e+00
6.514655529438392323e-01,7.548511577095353697e-01,-7.610757539267662408e-02,4.041741245159718998e-02,-7.548069173816589483e-01,6.549930140350650465e-01,3.536479942059139736e-02,-2.388147334398958432e-01,7.654508998214912263e-02,3.440757576225489389e-02,9.964722614954163449e-01,1.052358008761249408e-01,0.000000000000000000e+00,0.000000000000000000e+00,0.000000000000000000e+00,1.000000000000000000e+00
6.513377043242475350e-01,7.548646507824431362e-01,-7.706201350029458219e-02,4.029888454540092591e-02,-7.547336814097841406e-01,6.549923608385797014e-01,3.690633263734653668e-02,-2.386428946914175286e-01,7.833431605148370724e-02,3.412281117089145666e-02,9.963429975096639302e-01,1.055658561873349388e-01,0.000000000000000000e+00,0.000000000000000000e+00,0.000000000000000000e+00,1.000000000000000000e+00
6.514138018839017441e-01,7.548416157131160320e-01,-7.664329000488945276e-02,4.036034015285572263e-02,-7.548321911176013588e-01,6.549751718462032413e-01,3.515519190159180352e-02,-2.388633205387530045e-01,7.673605389751306238e-02,3.495224531627838527e-02,9.964386175673788371e-01,1.051689119739156464e-01,0.000000000000000000e+00,0.000000000000000000e+00,0.000000000000000000e+00,1.000000000000000000e+00
6.514720932616270277e-01,7.548153466505096443e-01,-7.640617882203569466e-02,4.039410496703654818e-02,-7.547496754069329405e-01,6.550367123471685371e-01,3.577475297667678106e-02,-2.387965993701775258e-01,7.705218474802276452e-02,3.436128545738225543e-02,9.964347760326678349e-01,1.054003270927486025e-01,0.000000000000000000e+00,0.000000000000000000e+00,0.000000000000000000e+00,1.000000000000000000e+00
6.514368084967808725e-01,7.548483280361469872e-01,-7.638119007034255281e-02,4.039138933058367131e-02,-7.547969850440358064e-01,6.549927857521103958e-01,3.558035948558545269e-02,-2.388120574755321357e-01,7.688690333185435599e-02,3.447393615071205064e-02,9.964436521059856222e-01,1.053376265122147881e-01,0.000000000000000000e+00,0.000000000000000000e+00,0.000000000000000000e+00,1.000000000000000000e+00
6.513981036312924688e-01,7.548627828234729664e-01,-7.656820288839319422e-02,4.036208805827234958e-02,-7.547494984060826306e-01,6.549989448319425422e-01,3.646336414551464011e-02,-2.387049563474106795e-01,7.767692862956446231e-02,3.403764646746443301e-02,9.963973772454608469e-01,1.055264754316458387e-01,0.000000000000000000e+00,0.000000000000000000e+00,0.000000000000000000e+00,1.000000000000000000e+00
6.514284312665915566e-01,7.548757908686987150e-01,-7.618096414396871574e-02,4.040098776123446367e-02,-7.547471669203216216e-01,6.550000780943565637e-01,3.649125542010565187e-02,-2.386995647139938392e-01,7.744490275864682194e-02,3.372592558765104970e-02,9.964260378873890378e-01,1.055160949001803239e-01,0.000000000000000000e+00,0.000000000000000000e+00,0.000000000000000000e+00,1.000000000000000000e+00
6.513653281686713203e-01,7.548541658806466881e-01,-7.693112187113967937e-02,4.032084243888411912e-02,-7.548182016505471381e-01,6.549656009462715422e-01,3.563066143258358104e-02,-2.388006893882936854e-01,7.728319168327046906e-02,3.486043358483108950e-02,9.963995475980127470e-01,1.053348265606328660e-01,0.000000000000000000e+00,0.000000000000000000e+00,0.000000000000000000e+00,1.000000000000000000e+00
6.515288730485362390e-01,7.548328917940461125e-01,-7.574584510019240213e-02,4.047888463317728114e-02,-7.546926429119364954e-01,6.550653038612573864e-01,3.644807829989004516e-02,-2.387000742514124862e-01,7.713068338022709136e-02,3.341785664875019518e-02,9.964607892628303265e-01,1.054730624704440789e-01,0.000000000000000000e+00,0.000000000000000000e+00,0.000000000000000000e+00,1.000000000000000000e+00
6.515250242325957286e-01,7.548423428094463983e-01,-7.568474285258366963e-02,4.047560822131573977e-02,-7.547570086978132586e-01,6.550318169921228728e-01,3.570961424500747328e-02,-2.387923261409057030e-01,7.653104350683248569e-02,3.385788283316411296e-02,9.964921691362211842e-01,1.053106155352030449e-01,0.000000000000000000e+00,0.000000000000000000e+00,0.000000000000000000e+00,1.000000000000000000e+00
6.514422626327601717e-01,7.548486431756957771e-01,-7.633154231195173056e-02,4.038862362402295680e-02,-7.547283942892710762e-01,6.550241354564537710e-01,3.644767239570054912e-02,-2.387022332320413998e-01,7.751147856575070494e-02,3.386602818957010902e-02,9.964161092762474636e-01,1.055274205059502091e-01,0.000000000000000000e+00,0.000000000000000000e+00,0.000000000000000000e+00,1.000000000000000000e+00
6.514789208813611676e-01,7.548417973649178547e-01,-7.608598161394582171e-02,4.042430274727359940e-02,-7.547377152650588394e-01,6.550309598810422074e-01,3.613063456126692358e-02,-2.387539375690280186e-01,7.711158670223598743e-02,3.388661311227574718e-02,9.964464364169520749e-01,1.054721469958896929e-01,0.000000000000000000e+00,0.000000000000000000e+00,0.000000000000000000e+00,1.000000000000000000e+00
6.515764192202051497e-01,7.548092568363059529e-01,-7.557218873632622069e-02,4.049953846190479378e-02,-7.547513391694714580e-01,6.550606002026926333e-01,3.529909466229137066e-02,-2.388520760973658341e-01,7.614844672128757985e-02,3.403815295093939181e-02,9.965153376670244922e-01,1.052433129182959171e-01,0.000000000000000000e+00,0.000000000000000000e+00,0.000000000000000000e+00,1.000000000000000000e+00
6.513663486269448688e-01,7.548651953311158458e-01,-7.681417026901926626e-02,4.033734102709107816e-02,-7.547867585720908767e-01,6.549747384529414074e-01,3.612535221610300995e-02,-2.387400749881319617e-01,7.758111213844454124e-02,3.444747982389238794e-02,9.963907577718417174e-01,1.054250650813590706e-01,0.000000000000000000e+00,0.000000000000000000e+00,0.000000000000000000e+00,1.000000000000000000e+00
6.513633288776363717e-01,7.548276772129273171e-01,-7.720745758526917357e-02,4.029738077102956728e-02,-7.548824688834397945e-01,6.549477699187672419e-01,3.458145241131716646e-02,-2.389278892976576807e-01,7.666988956485376594e-02,3.575746623812233599e-02,9.964151402113191613e-01,1.051322442779207833e-01,0.000000000000000000e+00,0.000000000000000000e+00,0.000000000000000000e+00,1.000000000000000000e+00
6.515050431260622776e-01,7.548474224294136059e-01,-7.580598678849954919e-02,4.045490701628168262e-02,-7.546996054546589727e-01,6.550503224549253378e-01,3.657294872279881481e-02,-2.386828494059350103e-01,7.726373216386824005e-02,3.338328778548738107e-02,9.964516404666818872e-01,1.055577698396448216e-01,0.000000000000000000e+00,0.000000000000000000e+00,0.000000000000000000e+00,1.000000000000000000e+00
6.514169067794164381e-01,7.548309116429511301e-01,-7.672228092417836265e-02,4.035453266547001094e-02,-7.547750591070382375e-01,6.550065715700825741e-01,3.579107919542970362e-02,-2.387771363500075794e-01,7.726981112895407733e-02,3.459315001958956914e-02,9.964099007235015515e-01,1.053884651511975967e-01,0.000000000000000000e+00,0.000000000000000000e+00,0.000000000000000000e+00,1.000000000000000000e+00
6.514571920774493430e-01,7.548788905936466564e-01,-7.590380376944749763e-02,4.043522430739915352e-02,-7.547281837341649480e-01,6.550128158155479330e-01,3.665487409221217935e-02,-2.387121383203105185e-01,7.738795492771552431e-02,3.340765860536457771e-02,9.964411838029446633e-01,1.055733060253074562e-01,0.000000000000000000e+00,0.000000000000000000e+00,0.000000000000000000e+00,1.000000000000000000e+00
6.514231072477907336e-01,7.548588732091507936e-01,-7.639382750618486928e-02,4.037677745541701224e-02,-7.547948948112159773e-01,6.549859356511671393e-01,3.575039672633936738e-02,-2.387863072705584955e-01,7.702338677673700729e-02,3.437303647594375233e-02,9.964365972066986377e-01,1.053994324902034485e-01,0.000000000000000000e+00,0.000000000000000000e+00,0.000000000000000000e+00,1.000000000000000000e+00
6.514992847570300061e-01,7.548498017404631222e-01,-7.583177944280393434e-02,4.044959604153419708e-02,-7.546539443435441585e-01,6.550675154901066666e-01,3.720180689630267490e-02,-2.386497211073898284e-01,7.775671191485238054e-02,3.298980087849134879e-02,9.964263980797518627e-01,1.056993623793223147e-01,0.000000000000000000e+00,0.000000000000000000e+00,0.000000000000000000e+00,1.000000000000000000e+00
6.513897729736425335e-01,7.548931089734085553e-01,-7.633975170124814025e-02,4.037082962923899121e-02,-7.548015700226216040e-01,6.549599092094845476e-01,3.608472280189087278e-02,-2.387485753189304005e-01,7.723958542568711005e-02,3.411614504549867477e-02,9.964286904191903549e-01,1.054360477505547067e-01,0.000000000000000000e+00,0.000000000000000000e+00,0.000000000000000000e+00,1.000000000000000000e+00
6.514548092805837465e-01,7.548313855901244152e-01,-7.639509665738669630e-02,4.038539584793576775e-02,-7.547974895151344787e-01,6.550041857054047512e-01,3.535910816254249356e-02,-2.388194370716898163e-01,7.672927268552026669e-02,3.462796610390087015e-02,9.964504617273546305e-01,1.052791359396179072e-01,0.000000000000000000e+00,0.000000000000000000e+00,0.000000000000000000e+00,1.000000000000000000e+00
6.513634624632506087e-01,7.548963787212301657e-01,-7.653167423661168256e-02,4.034845475397030867e-02,-7.547572929084487292e-01,6.549722460053258866e-01,3.678023605483379810e-02,-2.386678266312938501e-01,7.789138957160753052e-02,3.380553736168406820e-02,9.963885372053876699e-01,1.056150761762550960e-01,0.000000000000000000e+00,0.000000000000000000e+00,0.000000000000000000e+00,1.000000000000000000e+00
6.514709802900349178e-01,7.548195758540622302e-01,-7.637388131707431582e-02,4.038965643467123945e-02,-7.547431530986866699e-01,6.550373986489217426e-01,3.589957133317994709e-02,-2.387743173826349374e-01,7.712544774971138994e-02,3.425513507121477619e-02,9.964327629251555907e-01,1.054810466911506595e-01,0.000000000000000000e+00,0.000000000000000000e+00,0.000000000000000000e+00,1.000000000000000000e+00
6.515281473556494563e-01,7.548337418949984112e-01,-7.574361557326123040e-02,4.047140174347702013e-02,-7.547829539938029075e-01,6.550249469262647839e-01,3.528471715392820368e-02,-2.388408350107193712e-01,7.624805285188510084e-02,3.418100351129017139e-02,9.965028316243046413e-01,1.052387036887960647e-01,0.000000000000000000e+00,0.000000000000000000e+00,0.000000000000000000e+00,1.000000000000000000e+00
6.515386397943203622e-01,7.548223342285892423e-01,-7.576704167823096470e-02,4.047502068381964024e-02,-7.547675699662187432e-01,6.550393472074886869e-01,3.534641335802340967e-02,-2.388324320385959987e-01,7.631065575826283254e-02,3.415695185011323465e-02,9.964988642532679464e-01,1.052219214009497694e-01,0.000000000000000000e+00,0.000000000000000000e+00,0.000000000000000000e+00,1.000000000000000000e+00
6.514063685885547184e-01,7.548669092895534671e-01,-7.645712669142978868e-02,4.037122245716651125e-02,-7.547446475959367351e-01,6.550008229514263647e-01,3.652997205364104383e-02,-2.387093179974586199e-01,7.765474800395374966e-02,3.390975070081736487e-02,9.964034669348813544e-01,1.055320875242946599e-01,0.000000000000000000e+00,0.000000000000000000e+00,0.000000000000000000e+00,1.000000000000000000e+00
6.514587863572824933e-01,7.548334147257922400e-01,-7.634111402970714111e-02,4.040244562897948866e-02,-7.547683856271667491e-01,6.550171298771100270e-01,3.573854537209845278e-02,-2.387910462031128389e-01,7.698138564391368566e-02,3.433766999889958232e-02,9.964410623230004482e-01,1.053557159848839131e-01,0.000000000000000000e+00,0.000000000000000000e+00,0.000000000000000000e+00,1.000000000000000000e+00
6.514026360381131031e-01,7.548437295877730158e-01,-7.671733614131015511e-02,4.035374224997717585e-02,-7.547822375960200336e-01,6.549943949692509371e-01,3.586246461706805305e-02,-2.387698477525026508e-01,7.731998171328727243e-02,3.454397864876240093e-02,9.964077147267432766e-01,1.053726628514897179e-01,0.000000000000000000e+00,0.000000000000000000e+00,0.000000000000000000e+00,1.000000000000000000e+00
6.514614517762444823e-01,7.548323935640155469e-01,-7.632846438915931453e-02,4.040669980713168519e-02,-7.547118461934709810e-01,6.550431275646789731e-01,3.644900884147982134e-02,-2.387071888167349720e-01,7.751132862253430622e-02,3.386087206057941668e-02,9.964162961726722445e-01,1.054954373117249489e-01,0.000000000000000000e+00,0.000000000000000000e+00,0.000000000000000000e+00,1.000000000000000000e+00
6.515283951947045127e-01,7.548033320531920554e-01,-7.604393582930925322e-02,4.043780857789153194e-02,-7.547015868825931451e-01,6.550754240115032045e-01,3.607912988204346055e-02,-2.387518000039370314e-01,7.704716095943457688e-02,3.388390145110867918e-02,9.964515122225179322e-01,1.054574120966611517e-01,0.000000000000000000e+00,0.000000000000000000e+00,0.000000000000000000e+00,1.000000000000000000e+00
6.514392631228780317e-01,7.548730701717780711e-01,-7.611527042161515821e-02,4.041899225457523670e-02,-7.547020687211534185e-01,6.550231318328137986e-01,3.700654309637389783e-02,-2.386565519936514612e-01,7.779250561547186582e-02,3.333683688303613890e-02,9.964120540101372159e-01,1.056177329150176369e-01,0.000000000000000000e+00,0.000000000000000000e+00,0.000000000000000000e+00,1.000000000000000000e+00
6.514806341914753940e-01,7.548498177744105142e-01,-7.599168296209986295e-02,4.043834174419197458e-02,-7.547636421701606757e-01,6.550160891656383599e-01,3.585759880675464667e-02,-2.387619266341898805e-01,7.684287690805639837e-02,3.399522819590663353e-02,9.964634949301461875e-01,1.053283597635676916e-01,0.000000000000000000e+00,0.000000000000000000e+00,0.000000000000000000e+00,1.000000000000000000e+00
6.514902411942338212e-01,7.548342502104343765e-01,-7.606392270932928190e-02,4.043465356563941127e-02,-7.547407675986941289e-01,6.550355554876685638e-01,3.598325682169409290e-02,-2.387390906785239464e-01,7.698596854760954289e-02,3.396580274648737519e-02,9.964534534490677720e-01,1.053748212841640886e-01,0.000000000000000000e+00,0.000000000000000000e+00,0.000000000000000000e+00,1.000000000000000000e+00
6.513888431412734326e-01,7.548367294790873094e-01,-7.690310046018269952e-02,4.033228002937544465e-02,-7.547111732223997782e-01,6.550262026866940923e-01,3.676572870376880464e-02,-2.386660817275054747e-01,7.812566828093506222e-02,3.409084368515068186e-02,9.963604740918279301e-01,1.056264080974831376e-01,0.000000000000000000e+00,0.000000000000000000e+00,0.000000000000000000e+00,1.000000000000000000e+00
6.515058605607064734e-01,7.548287595052826093e-01,-7.598458711324136694e-02,4.044246314511873441e-02,-7.546750418133302274e-01,6.550701075613012403e-01,3.672513367808909190e-02,-2.386769905870809172e-01,7.749641875016975712e-02,3.341703163570364232e-02,9.964324397958732593e-01,1.055709833591489399e-01,0.000000000000000000e+00,0.000000000000000000e+00,0.000000000000000000e+00,1.000000000000000000e+00
6.514664000402851096e-01,7.548496146270429197e-01,-7.611562859200611542e-02,4.042596355427152677e-02,-7.547255085606578984e-01,6.550299662777570031e-01,3.640260987919800850e-02,-2.387164358651155116e-01,7.733651366856324205e-02,3.373132928844391198e-02,9.964342733356912341e-01,1.054953524181183599e-01,0.000000000000000000e+00,0.000000000000000000e+00,0.000000000000000000e+00,1.000000000000000000e+00
6.513642050275565420e-01,7.548604486288318371e-01,-7.687896659489081019e-02,4.032825476164347833e-02,-7.547663698698693358e-01,6.549855563896785915e-01,3.635447475020295999e-02,-2.387302024161761516e-01,7.779716782942179554e-02,3.434565499131234795e-02,9.963774268122189692e-01,1.054861418209629420e-01,0.000000000000000000e+00,0.000000000000000000e+00,0.000000000000000000e+00,1.000000000000000000e+00
6.513983602241714133e-01,7.548583283224694629e-01,-7.660992402729374651e-02,4.035669701642713436e-02,-7.547927257020845548e-01,6.549819902371172287e-01,3.586828253823449997e-02,-2.387583522833661154e-01,7.725359230792092080e-02,3.446007294292742495e-02,9.964157695702581252e-01,1.054207687567636498e-01,0.000000000000000000e+00,0.000000000000000000e+00,0.000000000000000000e+00,1.000000000000000000e+00
6.514871693007093789e-01,7.548661480333711538e-01,-7.577312709536096480e-02,4.045256042544104202e-02,-7.547137577846425582e-01,6.550314453652648083e-01,3.661897586329056903e-02,-2.386871779608122635e-01,7.727620621596933970e-02,3.333022856136701878e-02,9.964524493506523584e-01,1.055732875490309475e-01,0.000000000000000000e+00,0.000000000000000000e+00,0.000000000000000000e+00,1.000000000000000000e+00
6.514720032591241328e-01,7.548494872080921958e-01,-7.606892027118632160e-02,4.042658406915450309e-02,-7.547452382802117832e-01,6.550225586163944680e-01,3.612579406709784391e-02,-2.387363816337269851e-01,7.709639591375293255e-02,3.387771192557614830e-02,9.964479145303067886e-01,1.054453061697164795e-01,0.000000000000000000e+00,0.000000000000000000e+00,0.000000000000000000e+00,1.000000000000000000e+00
6.513679086206876079e-01,7.548429277932529047e-01,-7.701949090731538550e-02,4.031619852361029155e-02,-7.547396753830062366e-01,6.550063931482343893e-01,3.653282548195876250e-02,-2.386982613096017558e-01,7.802480388867558125e-02,3.433335543536356754e-02,9.963600507259827710e-01,1.055698581589352703e-01,0.000000000000000000e+00,0.000000000000000000e+00,0.000000000000000000e+00,1.000000000000000000e+00
6.513683888894852281e-01,7.548789005754429349e-01,-7.666203376853003570e-02,4.034300328137335745e-02,-7.547130020593656452e-01,6.550008396070725603e-01,3.717774383378291692e-02,-2.386484146313040400e-01,7.827839087549440245e-02,3.364142654586657621e-02,9.963637628606847318e-01,1.057196037965268953e-01,0.000000000000000000e+00,0.000000000000000000e+00,0.000000000000000000e+00,1.000000000000000000e+00
6.513925012016336114e-01,7.548651801544231654e-01,-7.659222655537555047e-02,4.035889171026624256e-02,-7.547864458940661825e-01,6.549803454719173024e-01,3.603010047296061752e-02,-2.387576849443000804e-01,7.736427129420662963e-02,3.434103719921705739e-02,9.964112919328034224e-01,1.054290651860922967e-01,0.000000000000000000e+00,0.000000000000000000e+00,0.000000000000000000e+00,1.000000000000000000e+00
6.513994950635941805e-01,7.548675495435557270e-01,-7.650934895162861404e-02,4.037104520546075381e-02,-7.547767325186069964e-01,6.549849904884376128e-01,3.614894581307423471e-02,-2.387505208113454014e-01,7.740014133985714806e-02,3.420007135911837248e-02,9.964133546072139191e-01,1.054110391645335376e-01,0.000000000000000000e+00,0.000000000000000000e+00,0.000000000000000000e+00,1.000000000000000000e+00
6.513534931670499351e-01,7.548682701883187018e-01,-7.689292296419389383e-02,4.032314158930772052e-02,-7.547650854520375763e-01,6.549801817753607702e-01,3.647776396784428721e-02,-2.387097964833899133e-01,7.789924724707092407e-02,3.427617458834822384e-02,9.963718438082886930e-01,1.055626967861711396e-01,0.000000000000000000e+00,0.000000000000000000e+00,0.000000000000000000e+00,1.000000000000000000e+00
6.515172404145366247e-01,7.548389024097958977e-01,-7.578599376799054210e-02,4.045951758105059692e-02,-7.548110478423570857e-01,6.550076256665567920e-01,3.500417651913639155e-02,-2.388617324848905099e-01,7.606291802021560022e-02,3.439828087906022375e-02,9.965095036048654542e-01,1.051893889175961050e-01,0.000000000000000000e+00,0.000000000000000000e+00,0.000000000000000000e+00,1.000000000000000000e+00
6.514000569324875922e-01,7.548674918142230794e-01,-7.650513466726363565e-02,4.036955790151791623e-02,-7.548158295145330765e-01,6.549677325927912852e-01,3.564172802412102214e-02,-2.388122888814048772e-01,7.701317642221675031e-02,3.453026302190698171e-02,9.964319503071942252e-01,1.053622845133481700e-01,0.000000000000000000e+00,0.000000000000000000e+00,0.000000000000000000e+00,1.000000000000000000e+00
6.514775363597489211e-01,7.548374100640079520e-01,-7.614134216372279995e-02,4.042855862929745081e-02,-7.547792186392280334e-01,6.550143391557557981e-01,3.556046415199575622e-02,-2.387985292264480919e-01,7.671603958096963327e-02,3.430305916692543561e-02,9.964627185212711069e-01,1.052814845812859446e-01,0.000000000000000000e+00,0.000000000000000000e+00,0.000000000000000000e+00,1.000000000000000000e+00
6.513507504460632758e-01,7.548765536906962836e-01,-7.683481360300073448e-02,4.032092044093765759e-02,-7.548300735444528620e-01,6.549468217113808555e-01,3.572423271445731435e-02,-2.387970203842638417e-01,7.729010264080565795e-02,3.472822221505580259e-02,9.964036283633032065e-01,1.053580076772777652e-01,0.000000000000000000e+00,0.000000000000000000e+00,0.000000000000000000e+00,1.000000000000000000e+00
6.513989045952457424e-01,7.548637279806141853e-01,-7.655206902052731632e-02,4.035531647532680788e-02,-7.547368384683762477e-01,6.550041941919749755e-01,3.663072821665099704e-02,-2.387083597422097192e-01,7.779313434278477268e-02,3.391545031591308018e-02,9.963924781324849933e-01,1.055806458622392530e-01,0.000000000000000000e+00,0.000000000000000000e+00,0.000000000000000000e+00,1.000000000000000000e+00
6.514403247309448197e-01,7.548520103191502795e-01,-7.631478121293684691e-02,4.039515042502817010e-02,-7.547819923702439038e-01,6.549984976124938463e-01,3.579262660075440555e-02,-2.387931301108281446e-01,7.700420318428195798e-02,3.428426231543082320e-02,9.964411382763360692e-01,1.053696250502629272e-01,0.000000000000000000e+00,0.000000000000000000e+00,0.000000000000000000e+00,1.000000000000000000e+00
6.514743143377587087e-01,7.548608207877531839e-01,-7.593654586420568731e-02,4.044361040352656422e-02,-7.547417105965767981e-01,6.550191893847219227e-01,3.626033402404033046e-02,-2.387450552865462983e-01,7.711140022007294259e-02,3.368980227637623226e-02,9.964531244261710663e-01,1.054363015448425145e-01,0.000000000000000000e+00,0.000000000000000000e+00,0.000000000000000000e+00,1.000000000000000000e+00
6.513988846439162650e-01,7.548573814552349548e-01,-7.661479457133528459e-02,4.036227847164725047e-02,-7.547652611760221619e-01,6.549947358204359915e-01,3.621182913646619345e-02,-2.387324932371243380e-01,7.751705364984597113e-02,3.423784032417100803e-02,9.964029690257770744e-01,1.054643169231517241e-01,0.000000000000000000e+00,0.000000000000000000e+00,0.000000000000000000e+00,1.000000000000000000e+00
6.514422896611332670e-01,7.548646003463345133e-01,-7.617334432088945784e-02,4.041011203950661823e-02,-7.548085918303583108e-01,6.549811442002246853e-01,3.554842389243188794e-02,-2.387969264896653288e-01,7.672635101535654756e-02,3.433854810752921816e-02,9.964607022726662544e-01,1.052697086026999074e-01,0.000000000000000000e+00,0.000000000000000000e+00,0.000000000000000000e+00,1.000000000000000000e+00
6.514137077428074907e-01,7.548684611969728175e-01,-7.637923575738614357e-02,4.038307508257116263e-02,-7.547514665318312277e-01,6.549986329782493399e-01,3.642821110999743678e-02,-2.387180454241488170e-01,7.752680267377359824e-02,3.391750413486651489e-02,9.964131662018738123e-01,1.054777337624388522e-01,0.000000000000000000e+00,0.000000000000000000e+00,0.000000000000000000e+00,1.000000000000000000e+00
6.514145580545054326e-01,7.549023558885811225e-01,-7.603621918877376262e-02,4.041129694567002772e-02,-7.548040014969897848e-01,6.549596342772129320e-01,3.603882339355204967e-02,-2.387585150575977644e-01,7.700644699494621492e-02,3.391622828867356387e-02,9.964535596704369169e-01,1.053630132330818370e-01,0.000000000000000000e+00,0.000000000000000000e+00,0.000000000000000000e+00,1.000000000000000000e+00
6.513177085648258480e-01,7.548711950365372125e-01,-7.716684141504717709e-02,4.028548132935316772e-02,-7.547562086626140587e-01,6.549752205238816849e-01,3.674950319295876289e-02,-2.387084413311640341e-01,7.828351036521974393e-02,3.430655045035653494e-02,9.963406809927495278e-01,1.055882435415398390e-01,0.000000000000000000e+00,0.000000000000000000e+00,0.000000000000000000e+00,1.000000000000000000e+00
6.513338761811269251e-01,7.548402289253099973e-01,-7.733311408998386205e-02,4.027605369744907682e-02,-7.548692605785547460e-01,6.549420983395755069e-01,3.497495183899663324e-02,-2.388738412130601563e-01,7.704921266602771102e-02,3.559601970080120831e-02,9.963916610495120452e-01,1.052322899500439668e-01,0.000000000000000000e+00,0.000000000000000000e+00,0.000000000000000000e+00,1.000000000000000000e+00
6.513841020245223490e-01,7.548450026951174507e-01,-7.686204223096579358e-02,4.033904846196928462e-02,-7.547999682346420158e-01,6.549819843890165583e-01,3.571565593419015472e-02,-2.387985034045300159e-01,7.730303734453203290e-02,3.475085656547342861e-02,9.964018357998322140e-01,1.053682771062594004e-01,0.000000000000000000e+00,0.000000000000000000e+00,0.000000000000000000e+00,1.000000000000000000e+00
6.514424044516619050e-01,7.548790654542542056e-01,-7.602887754760834227e-02,4.041896375245435102e-02,-7.547059651303448247e-01,6.550192012206317305e-01,3.699665159119577135e-02,-2.386482511482015401e-01,7.772837241903413075e-02,3.327825973811558008e-02,9.964190170555209392e-01,1.056516741623407807e-01,0.000000000000000000e+00,0.000000000000000000e+00,0.000000000000000000e+00,1.000000000000000000e+00
6.512789467853099534e-01,7.548659279920091336e-01,-7.754459511133091065e-02,4.024866911272839687e-02,-7.547861993841460393e-01,6.549563899441490644e-01,3.646807495006772204e-02,-2.387166256945566223e-01,7.831683531306302126e-02,3.477870078209603644e-02,9.963216926668092555e-01,1.055471858722889511e-01,0.000000000000000000e+00,0.000000000000000000e+00,0.000000000000000000e+00,1.000000000000000000e+00
6.513071318172468649e-01,7.548602973526025162e-01,-7.736246845035303632e-02,4.027350298186183064e-02,-7.547789237327365841e-01,6.549681545842040986e-01,3.640731752565420226e-02,-2.387354241482914641e-01,7.815239172823239266e-02,3.467921511947163332e-02,9.963380729982440620e-01,1.055417738980279907e-01,0.000000000000000000e+00,0.000000000000000000e+00,0.000000000000000000e+00,1.000000000000000000e+00
6.513807866547348668e-01,7.548300860168948301e-01,-7.703643307413735042e-02,4.032375037362362358e-02,-7.547251781557091643e-01,6.550215511252327483e-01,3.656053910061006496e-02,-2.386947392998083894e-01,7.805751875951416618e-02,3.432650295648209671e-02,9.963577243941489359e-01,1.055797160599227791e-01,0.000000000000000000e+00,0.000000000000000000e+00,0.000000000000000000e+00,1.000000000000000000e+00
6.513550698013121920e-01,7.548564676286652064e-01,-7.699536559626048160e-02,4.030960920828796645e-02,-7.546651626903236876e-01,6.550294566616530201e-01,3.764177369794303313e-02,-2.385736299514958358e-01,7.884836882089070464e-02,3.358755996963396634e-02,9.963206364165961837e-01,1.058508720692081795e-01,0.000000000000000000e+00,0.000000000000000000e+00,0.000000000000000000e+00,1.000000000000000000e+00
6.514921659362806761e-01,7.548473431382994869e-01,-7.591736481664942970e-02,4.045075278171467170e-02,-7.547039617383365373e-01,6.550457922124501842e-01,3.656419343049981119e-02,-2.387203035324404754e-01,7.732973464401135533e-02,3.347385041811049011e-02,9.964434823300681865e-01,1.055503711097307562e-01,0.000000000000000000e+00,0.000000000000000000e+00,0.000000000000000000e+00,1.000000000000000000e+00
6.513448408953314006e-01,7.548719459970117951e-01,-7.693012014627344242e-02,4.031334077709647357e-02,-7.547477160749519465e-01,6.549842390748812360e-01,3.676318325638620876e-02,-2.386907887583504806e-01,7.813951189173910794e-02,3.411732272883473416e-02,9.963584821594773100e-01,1.055972748898577063e-01,0.000000000000000000e+00,0.000000000000000000e+00,0.000000000000000000e+00,1.000000000000000000e+00
6.513966079169677403e-01,7.548354969865529451e-01,-7.684940912805876545e-02,4.034832669985616294e-02,-7.547992513066950071e-01,6.549893295869044785e-01,3.559590361474261611e-02,-2.388017509958699214e-01,7.720459455965664186e-02,3.481882560283797168e-02,9.964070954998855978e-01,1.053043520110044096e-01,0.000000000000000000e+00,0.000000000000000000e+00,0.000000000000000000e+00,1.000000000000000000e+00
6.513404581513593250e-01,7.548539611949023342e-01,-7.714340440726095982e-02,4.029762953022741900e-02,-7.547609832816615238e-01,6.549860444307387120e-01,3.645736848256995316e-02,-2.387207167956356402e-01,7.804784232044277570e-02,3.447867267368909944e-02,9.963532282477856050e-01,1.055092633145171543e-01,0.000000000000000000e+00,0.000000000000000000e+00,0.000000000000000000e+00,1.000000000000000000e+00
6.513790519850953809e-01,7.548835336642266691e-01,-7.652569004986976842e-02,4.036155682305236914e-02,-7.546646922298666516e-01,6.550213487574982896e-01,3.779199615670406076e-02,-2.385587676149450442e-01,7.865451631406160382e-02,3.313432169998489774e-02,9.963511347857656464e-01,1.058104158959269903e-01,0.000000000000000000e+00,0.000000000000000000e+00,0.000000000000000000e+00,1.000000000000000000e+00
6.514089458830979451e-01,7.548310587718152220e-01,-7.678839715016523571e-02,4.035247290706833745e-02,-7.547467297272889564e-01,6.550174566065952719e-01,3.618709033052314866e-02,-2.387512067514044323e-01,7.761288030625847212e-02,3.438319726330495846e-02,9.963905040477447628e-01,1.054619768389328804e-01,0.000000000000000000e+00,0.000000000000000000e+00,0.000000000000000000e+00,1.000000000000000000e+00
6.513735851925896991e-01,7.548805251718152531e-01,-7.660186178988694083e-02,4.034641792444482178e-02,-7.547449211403426395e-01,6.549873445459915011e-01,3.676523490267499111e-02,-2.386789030922109034e-01,7.792660987243353599e-02,3.386696326680849883e-02,9.963836973138784359e-01,1.056515400814412864e-01,0.000000000000000000e+00,0.000000000000000000e+00,0.000000000000000000e+00,1.000000000000000000e+00
6.514270733574528682e-01,7.548753633541183117e-01,-7.619681028712101123e-02,4.040150696494498872e-02,-7.547545621438274122e-01,6.549967740338937805e-01,3.639748519158570589e-02,-2.387152659633372254e-01,7.738422978891128234e-02,3.379958292908639278e-02,9.964282559089724378e-01,1.055221436117013134e-01,0.000000000000000000e+00,0.000000000000000000e+00,0.000000000000000000e+00,1.000000000000000000e+00
6.514106976624987055e-01,7.549123586707459088e-01,-7.596995259329737682e-02,4.041302561059856302e-02,-7.546827470642981650e-01,6.550060758220546120e-01,3.769604647277122883e-02,-2.385733767573134378e-01,7.821799188384502555e-02,3.277760458550828954e-02,9.963972974588474196e-01,1.057917179621865600e-01,0.000000000000000000e+00,0.000000000000000000e+00,0.000000000000000000e+00,1.000000000000000000e+00
6.514319328140703025e-01,7.548825644156679227e-01,-7.608384093452079389e-02,4.041751559126199878e-02,-7.547585362422394306e-01,6.549926112620456653e-01,3.638998710632876388e-02,-2.387109369787388247e-01,7.730452043442644083e-02,3.371932877967144526e-02,9.964371620865269952e-01,1.054689260819858809e-01,0.000000000000000000e+00,0.000000000000000000e+00,0.000000000000000000e+00,1.000000000000000000e+00
6.515088508075443929e-01,7.548004218693054046e-01,-7.624001879165283324e-02,4.042333392452046592e-02,-7.547615139118395433e-01,6.550460369533566141e-01,3.535175510791271902e-02,-2.388287290226206172e-01,7.662424183599451932e-02,3.451105065946903638e-02,9.964625998728896539e-01,1.052383764044648728e-01,0.000000000000000000e+00,0.000000000000000000e+00,0.000000000000000000e+00,1.000000000000000000e+00
6.514230262953344397e-01,7.548881612971566346e-01,-7.610456455184758107e-02,4.040312421474373528e-02,-7.547370337949864672e-01,6.549973955138885806e-01,3.674808414554833064e-02,-2.386663273161059584e-01,7.758898524000493180e-02,3.350038512347183056e-02,9.964224373055865502e-01,1.056050852518086725e-01,0.000000000000000000e+00,0.000000000000000000e+00,0.000000000000000000e+00,1.000000000000000000e+00
6.514456932851737658e-01,7.548502596620421112e-01,-7.628626474239495747e-02,4.039745218869894572e-02,-7.547600444610704784e-01,6.550101772481973228e-01,3.604085163267088665e-02,-2.387426238622669949e-01,7.717372600388176795e-02,3.409916699030562937e-02,9.964343745702699540e-01,1.054206478084613874e-01,0.000000000000000000e+00,0.000000000000000000e+00,0.000000000000000000e+00,1.000000000000000000e+00
6.514572419794237845e-01,7.548473790625087609e-01,-7.621611506121027391e-02,4.039602724626978336e-02,-7.547248747079629005e-01,6.550294012571167279e-01,3.642591091232711548e-02,-2.387184283663124629e-01,7.741979959682264434e-02,3.379227443076677356e-02,9.964257407449808035e-01,1.055613104631332178e-01,0.000000000000000000e+00,0.000000000000000000e+00,0.000000000000000000e+00,1.000000000000000000e+00
6.514529733096504627e-01,7.548320369504637473e-01,-7.640431636517314162e-02,4.038163155197721510e-02,-7.548041527696278674e-01,6.550004905208949291e-01,3.528524307853316000e-02,-2.388352724410268413e-01,7.667929660436348382e-02,3.468361876449294057e-02,9.964523732028838232e-01,1.052809824260172444e-01,0.000000000000000000e+00,0.000000000000000000e+00,0.000000000000000000e+00,1.000000000000000000e+00
6.513421083384121069e-01,7.548838665422882288e-01,-7.683622804014526853e-02,4.031704321193502194e-02,-7.547649821355858490e-01,6.549704314394437787e-01,3.665454517379468369e-02,-2.386921523027846770e-01,7.799538221677652927e-02,3.411864555040104718e-02,9.963697297583187229e-01,1.055865071404877842e-01,0.000000000000000000e+00,0.000000000000000000e+00,0.000000000000000000e+00,1.000000000000000000e+00
6.513719428918357535e-01,7.549044751751150528e-01,-7.637948267630087495e-02,4.036619020963261306e-02,-7.547835628337515868e-01,6.549586970570515643e-01,3.648120646740727474e-02,-2.386830501761667556e-01,7.756523247759475326e-02,3.388714372610390074e-02,9.964112083877736392e-01,1.055283595294520538e-01,0.000000000000000000e+00,0.000000000000000000e+00,0.000000000000000000e+00,1.000000000000000000e+00
6.513706557966251198e-01,7.548992007907303625e-01,-7.644256283374506467e-02,4.036263606843959462e-02,-7.546924727084048934e-01,6.550001508671138284e-01,3.760417531779479405e-02,-2.385701123166842907e-01,7.845725208256965066e-02,3.319637042772341506e-02,9.963646223075552921e-01,1.058117340862587685e-01,0.000000000000000000e+00,0.000000000000000000e+00,0.000000000000000000e+00,1.000000000000000000e+00
6.514246572527770951e-01,7.548586229439572248e-01,-7.638308248725167449e-02,4.038641088500244392e-02,-7.547654706512695322e-01,6.549994365146707409e-01,3.612232658663091373e-02,-2.387241269268062238e-01,7.729812569311958481e-02,3.412033898741633625e-02,9.964240072537967619e-01,1.054370274761156079e-01,0.000000000000000000e+00,0.000000000000000000e+00,0.000000000000000000e+00,1.000000000000000000e+00
6.513784495897694260e-01,7.548763818066882569e-01,-7.660132897327190382e-02,4.034537401516574695e-02,-7.547645391071232668e-01,6.549817760738740891e-01,3.646043770342700246e-02,-2.387219038849140440e-01,7.769559779318385706e-02,3.406642337488203359e-02,9.963949382057313287e-01,1.055507082089286452e-01,0.000000000000000000e+00,0.000000000000000000e+00,0.000000000000000000e+00,1.000000000000000000e+00
6.514590329183996831e-01,7.548618993653712916e-01,-7.605682951272303705e-02,4.041625654884395402e-02,-7.547319864569295156e-01,6.550197258186356564e-01,3.645253636246168633e-02,-2.386993117996073499e-01,7.733535444931165237e-02,3.365518793564139383e-02,9.964369379329611753e-01,1.055470121242942927e-01,0.000000000000000000e+00,0.000000000000000000e+00,0.000000000000000000e+00,1.000000000000000000e+00
6.514258859499464371e-01,7.548541450097530081e-01,-7.641684942421143878e-02,4.038384872926253921e-02,-7.547506038304616638e-01,6.550083642480801771e-01,3.627077036138224436e-02,-2.387023896433467240e-01,7.743281689233084963e-02,3.404794452899454621e-02,9.964160257349685690e-01,1.054597804722960941e-01,0.000000000000000000e+00,0.000000000000000000e+00,0.000000000000000000e+00,1.000000000000000000e+00
6.513690030545822296e-01,7.548564545601269549e-01,-7.687753162397313600e-02,4.032811893559612448e-02,-7.547650313392778587e-01,6.549890371066455774e-01,3.631953658196339363e-02,-2.387238442306062469e-01,7.776997702904957233e-02,3.436705223065647519e-02,9.963788116945666573e-01,1.055062033139864131e-01,0.000000000000000000e+00,0.000000000000000000e+00,0.000000000000000000e+00,1.000000000000000000e+00
6.513902783322507162e-01,7.548668348441353038e-01,-7.659482323649653701e-02,4.036048732364710956e-02,-7.548048278092093222e-01,6.549709201838853634e-01,3.581571763045553886e-02,-2.388011658709560670e-01,7.720347926190344878e-02,3.448413208812885905e-02,9.964188212915218168e-01,1.053602177269041817e-01,0.000000000000000000e+00,0.000000000000000000e+00,0.000000000000000000e+00,1.000000000000000000e+00
6.514903252178282367e-01,7.548212072906146375e-01,-7.619252700827895686e-02,4.041110233425038167e-02,-7.547973843176112307e-01,6.550163542180352794e-01,3.513522924652060647e-02,-2.388433143993579644e-01,7.642816741791326474e-02,3.461965816197924012e-02,9.964738905229213461e-01,1.052153858744837578e-01,0.000000000000000000e+00,0.000000000000000000e+00,0.000000000000000000e+00,1.000000000000000000e+00
6.514511766133709303e-01,7.548437631882224386e-01,-7.630371986277988128e-02,4.040205572778160503e-02,-7.547410954324463850e-01,6.550227508354323769e-01,3.620876625092432632e-02,-2.387492973640063243e-01,7.731263386074470334e-02,3.400130973692183645e-02,9.964269504492984098e-01,1.054498343894989532e-01,0.000000000000000000e+00,0.000000000000000000e+00,0.000000000000000000e+00,1.000000000000000000e+00
6.514712171071499469e-01,7.548287709548754387e-01,-7.628092697182542459e-02,4.041063537477290746e-02,-7.547246279659948209e-01,6.550412891872935406e-01,3.621664536424253067e-02,-2.387362310496968509e-01,7.730452265242609977e-02,3.397699219473106214e-02,9.964284092592301523e-01,1.054105130723530515e-01,0.000000000000000000e+00,0.000000000000000000e+00,0.000000000000000000e+00,1.000000000000000000e+00
6.514241288879907277e-01,7.548627903181860388e-01,-7.634639543269089446e-02,4.039140720262884843e-02,-7.547583500952658175e-01,6.550004878463977498e-01,3.625181212647224371e-02,-2.387409909040367206e-01,7.737207030960602250e-02,3.400777431740023560e-02,9.964221163854112273e-01,1.054376805864545297e-01,0.000000000000000000e+00,0.000000000000000000e+00,0.000000000000000000e+00,1.000000000000000000e+00
6.513968532871490247e-01,7.548316902310668874e-01,-7.688471207276088848e-02,4.034254349640503667e-02,-7.547562219333378009e-01,6.550104225034278915e-01,3.611636560889499442e-02,-2.387560333549119118e-01,7.762206503639888788e-02,3.450312789866707280e-02,9.963856428033743828e-01,1.053921596911804315e-01,0.000000000000000000e+00,0.000000000000000000e+00,0.000000000000000000e+00,1.000000000000000000e+00
6.514167170326721212e-01,7.548851639062427177e-01,-7.618825424316186257e-02,4.039839669015043988e-02,-7.548095880211468378e-01,6.549657283384537898e-01,3.581034115204127788e-02,-2.387685395156822488e-01,7.693339068130494729e-02,3.418016992824866873e-02,9.964501840944954836e-01,1.053195452448534297e-01,0.000000000000000000e+00,0.000000000000000000e+00,0.000000000000000000e+00,1.000000000000000000e+00
6.513574255275489389e-01,7.548599555528707761e-01,-7.694122245481505029e-02,4.032223357178654766e-02,-7.547877464324943553e-01,6.549748972964672955e-01,3.610182470234122448e-02,-2.387533232857015075e-01,7.764639106539397706e-02,3.455910030946723194e-02,9.963818076120820599e-01,1.054306184083124709e-01,0.000000000000000000e+00,0.000000000000000000e+00,0.000000000000000000e+00,1.000000000000000000e+00
6.514753133546826724e-01,7.547951545822602082e-01,-7.657800407793623199e-02,4.038685033356520515e-02,-7.547223807527969619e-01,6.550590067735349020e-01,3.594197595709724968e-02,-2.387478242612760537e-01,7.729194059052170440e-02,3.437982350176101154e-02,9.964155677505943665e-01,1.053918706682406281e-01,0.000000000000000000e+00,0.000000000000000000e+00,0.000000000000000000e+00,1.000000000000000000e+00
6.513262185717564323e-01,7.548550704992285088e-01,-7.725269925783502523e-02,4.027802492355403441e-02,-7.548220218356482825e-01,6.549552871036331547e-01,3.573915565513356013e-02,-2.387717852408944852e-01,7.757494668358470846e-02,3.503418953825477439e-02,9.963707809899068346e-01,1.054043964663298194e-01,0.000000000000000000e+00,0.000000000000000000e+00,0.000000000000000000e+00,1.000000000000000000e+00
6.514417259588064502e-01,7.548891516050107997e-01,-7.593448800695390410e-02,4.042170845335479878e-02,-7.548057230657857497e-01,6.549707876694931263e-01,3.579926991909170020e-02,-2.387802217028818230e-01,7.675935191849619921e-02,3.399464794156080438e-02,9.964699522837514589e-01,1.053881010531407814e-01,0.000000000000000000e+00,0.000000000000000000e+00,0.000000000000000000e+00,1.000000000000000000e+00
6.514640714014541256e-01,7.548763160702560704e-01,-7.587035724998242303e-02,4.043632641510341852e-02,-7.547652344247401945e-01,6.549993704197552002e-01,3.612846043621593950e-02,-2.387431662141917266e-01,7.696755535164107043e-02,3.372791404642817847e-02,9.964629562794939943e-01,1.054381600758571569e-01,0.000000000000000000e+00,0.000000000000000000e+00,0.000000000000000000e+00,1.000000000000000000e+00
6.514848257561627332e-01,7.548580515633889210e-01,-7.587386769755849469e-02,4.045097690445886851e-02,-7.547468293291483832e-01,6.550204633560681167e-01,3.613054389847018127e-02,-2.387685316922836809e-01,7.697236794499645596e-02,3.372705997750132662e-02,9.964626134472954755e-01,1.054013721410540505e-01,0.000000000000000000e+00,0.000000000000000000e+00,0.000000000000000000e+00,1.000000000000000000e+00
6.514642480865677765e-01,7.548554337813027093e-01,-7.607632717109925891e-02,4.042819790515034262e-02,-7.547862212489642175e-01,6.550000047128518021e-01,3.567567853417349943e-02,-2.387824597869694365e-01,7.675997445096231775e-02,3.417993442073047339e-02,9.964635660199936407e-01,1.053047065951489003e-01,0.000000000000000000e+00,0.000000000000000000e+00,0.000000000000000000e+00,1.000000000000000000e+00
