T00,T01,T02,T03,T10,T11,T12,T13,T20,T21,T22,T23,T30,T31,T32,T33
9.791080227703115035e-01,1.682531862827719715e-01,1.141855728737496967e-01,3.789843368530273343e-02,1.540737402234633180e-01,-9.803258969720287652e-01,1.233791647707994654e-01,-8.094317626953125011e-02,1.326980117423177674e-01,-1.032085317775724709e-01,-9.857683483699168914e-01,1.647610717773437594e+00,0.000000000000000000e+00,0.000000000000000000e+00,0.000000000000000000e+00,1.000000000000000000e+00
9.791166868668401690e-01,1.684098678402283777e-01,1.138798924873890561e-01,3.790085601806640614e-02,1.541294317769868472e-01,-9.801918814208614439e-01,1.243703897908796790e-01,-8.093607330322265259e-02,1.325693469811390079e-01,-1.042208808764779476e-01,-9.856791446664203704e-01,1.647604858398437511e+00,0.000000000000000000e+00,0.000000000000000000e+00,0.000000000000000000e+00,1.000000000000000000e+00
9.791826117602266955e-01,1.682550438801267700e-01,1.135414155069333214e-01,3.789349365234374878e-02,1.541277917910227890e-01,-9.803029622731331827e-01,1.234938296278148273e-01,-8.095781707763671786e-02,1.320834456850842331e-01,-1.034231229823255327e-01,-9.858283932858389331e-01,1.647591308593750137e+00,0.000000000000000000e+00,0.000000000000000000e+00,0.000000000000000000e+00,1.000000000000000000e+00
9.791412737430155167e-01,1.684724372409620030e-01,1.135755428910447118e-01,3.789042282104491954e-02,1.541024872156254166e-01,-9.800805936630868631e-01,1.252775053988922083e-01,-8.094165039062500844e-02,1.324189921682816240e-01,-1.051621025612438781e-01,-9.855993824561960492e-01,1.647615234375000126e+00,0.000000000000000000e+00,0.000000000000000000e+00,0.000000000000000000e+00,1.000000000000000000e+00
9.791913417986961576e-01,1.683488266708730308e-01,1.133269107714901525e-01,3.789731216430664018e-02,1.541473311644861455e-01,-9.802084298273936458e-01,1.242176895219909982e-01,-8.093914031982421542e-02,1.319958955473054807e-01,-1.041638452336311471e-01,-9.857621299810663817e-01,1.647652587890624964e+00,0.000000000000000000e+00,0.000000000000000000e+00,0.000000000000000000e+00,1.000000000000000000e+00
9.792499337714777319e-01,1.683022158119917566e-01,1.128890223242746127e-01,3.789567184448242032e-02,1.542272588310554526e-01,-9.802719069886505210e-01,1.236161033291916234e-01,-8.093525695800780906e-02,1.314668012922480811e-01,-1.036404965330083305e-01,-9.858879893965522001e-01,1.647625976562500094e+00,0.000000000000000000e+00,0.000000000000000000e+00,0.000000000000000000e+00,1.000000000000000000e+00
9.792195280944852032e-01,1.682256792748232366e-01,1.132662201670829039e-01,3.789820861816406428e-02,1.541230464303317560e-01,-9.802996968740552708e-01,1.235256688614517484e-01,-8.094570922851562766e-02,1.318150308479559829e-01,-1.035018122602669177e-01,-9.858560607418270783e-01,1.647645019531249977e+00,0.000000000000000000e+00,0.000000000000000000e+00,0.000000000000000000e+00,1.000000000000000000e+00
9.792100985122543788e-01,1.682452017991319104e-01,1.133187320931134806e-01,3.788870620727539246e-02,1.541544004167348103e-01,-9.803110839487062522e-01,1.233961082022838329e-01,-8.094577026367187622e-02,1.318484122156138860e-01,-1.033621340669886313e-01,-9.858662512924051269e-01,1.647663940429687557e+00,0.000000000000000000e+00,0.000000000000000000e+00,0.000000000000000000e+00,1.000000000000000000e+00
9.792584515896783914e-01,1.683110258725072916e-01,1.128019661173064458e-01,3.789299011230468778e-02,1.541870990809067199e-01,-9.802231242416435952e-01,1.240522679315714943e-01,-8.093075561523437045e-02,1.314504601254800620e-01,-1.040866238846083897e-01,-9.858431676798818932e-01,1.647639160156250115e+00,0.000000000000000000e+00,0.000000000000000000e+00,0.000000000000000000e+00,1.000000000000000000e+00
9.791929226742398518e-01,1.683288809199300351e-01,1.133428781746971814e-01,3.789989471435546708e-02,1.541778288258263130e-01,-9.802529203099336064e-01,1.238281443065398085e-01,-8.093940734863280806e-02,1.319485402845914090e-01,-1.037766836630032857e-01,-9.858093033871583311e-01,1.647609130859374993e+00,0.000000000000000000e+00,0.000000000000000000e+00,0.000000000000000000e+00,1.000000000000000000e+00
9.791568890386458390e-01,1.682554197882039082e-01,1.137624734262425302e-01,3.789616012573242265e-02,1.541665759526400503e-01,-9.803546151185512647e-01,1.230345296036703534e-01,-8.094483184814453558e-02,1.322287922776281544e-01,-1.029317362510360073e-01,-9.858603370483810524e-01,1.647597656250000098e+00,0.000000000000000000e+00,0.000000000000000000e+00,0.000000000000000000e+00,1.000000000000000000e+00
9.791775224895000740e-01,1.683462598189292558e-01,1.134500606271423712e-01,3.789943313598632957e-02,1.541696460782731593e-01,-9.802407305568934248e-01,1.239347827907404526e-01,-8.093967437744141458e-02,1.320723274551664217e-01,-1.038635978688663836e-01,-9.857835732848818644e-01,1.647640380859375142e+00,0.000000000000000000e+00,0.000000000000000000e+00,0.000000000000000000e+00,1.000000000000000000e+00
9.791820059495799367e-01,1.683008851015606322e-01,1.134786821327592871e-01,3.789679336547851357e-02,1.542065412501360810e-01,-9.803152692860461759e-01,1.232976700521820346e-01,-8.093630218505859508e-02,1.319959918339439764e-01,-1.032317048132886383e-01,-9.858601692233617264e-01,1.647637817382812564e+00,0.000000000000000000e+00,0.000000000000000000e+00,0.000000000000000000e+00,1.000000000000000000e+00
9.792198784679774226e-01,1.683086620673321654e-01,1.131398421700539614e-01,3.789421463012695307e-02,1.541616757188837006e-01,-9.802390890023698899e-01,1.239576787913925504e-01,-8.093122863769532105e-02,1.317672468889969917e-01,-1.039399955017744348e-01,-9.858163469847646132e-01,1.647648559570312532e+00,0.000000000000000000e+00,0.000000000000000000e+00,0.000000000000000000e+00,1.000000000000000000e+00
9.792164214897056684e-01,1.682483550413319262e-01,1.132593965672669262e-01,3.790177154541015531e-02,1.541681599127273927e-01,-9.803130388425504993e-01,1.233633833210169839e-01,-8.094979095458984530e-02,1.317853495424253230e-01,-1.033384579968676387e-01,-9.858771651401663227e-01,1.647626708984375021e+00,0.000000000000000000e+00,0.000000000000000000e+00,0.000000000000000000e+00,1.000000000000000000e+00
9.792174466646202946e-01,1.682242291056138261e-01,1.132863667412960240e-01,3.790332412719726873e-02,1.541946968546895336e-01,-9.803591703941799684e-01,1.229629720115995445e-01,-8.095132446289061978e-02,1.317466796906542892e-01,-1.029393305100483463e-01,-9.859240876581881752e-01,1.647594726562499945e+00,0.000000000000000000e+00,0.000000000000000000e+00,0.000000000000000000e+00,1.000000000000000000e+00
9.792238515982817360e-01,1.683293114188136319e-01,1.130747159107411554e-01,3.789783859252929960e-02,1.541790837846233053e-01,-9.802267538618801845e-01,1.240335484324122106e-01,-8.094528198242187389e-02,1.317173435215000799e-01,-1.040228529250640521e-01,-9.858142763649601070e-01,1.647639038085937591e+00,0.000000000000000000e+00,0.000000000000000000e+00,0.000000000000000000e+00,1.000000000000000000e+00
9.791757128996824155e-01,1.682839161999726274e-01,1.135581208712066054e-01,3.789373397827148354e-02,1.541230460290806681e-01,-9.802736977964184861e-01,1.237318232762057019e-01,-8.094857025146484641e-02,1.321401148407131410e-01,-1.036532727748473298e-01,-9.857966266390579824e-01,1.647652587890624964e+00,0.000000000000000000e+00,0.000000000000000000e+00,0.000000000000000000e+00,1.000000000000000000e+00
9.792214608290265021e-01,1.683457772046830503e-01,1.130709067320988109e-01,3.790169525146484114e-02,1.541986635839879549e-01,-9.802262259035684488e-01,1.240133791159603593e-01,-8.094689178466797641e-02,1.317121968565549417e-01,-1.040011795519551752e-01,-9.858172507371852911e-01,1.647618774414062459e+00,0.000000000000000000e+00,0.000000000000000000e+00,0.000000000000000000e+00,1.000000000000000000e+00
9.791295233862615799e-01,1.683060791174487980e-01,1.139229571486961301e-01,3.790214538574218639e-02,1.541193713765180717e-01,-9.802860398138570908e-01,1.236385842387907052e-01,-8.093714141845703702e-02,1.324862098480422967e-01,-1.035004535167682316e-01,-9.857662300575751324e-01,1.647630981445312504e+00,0.000000000000000000e+00,0.000000000000000000e+00,0.000000000000000000e+00,1.000000000000000000e+00
9.791445267614490300e-01,1.683812325959696543e-01,1.136826997504907649e-01,3.789334869384766019e-02,1.541607462961216979e-01,-9.802238674799604867e-01,1.240791437915809980e-01,-8.092933654785156028e-02,1.323270947860681335e-01,-1.039660046942797733e-01,-9.857386113231988434e-01,1.647659912109375124e+00,0.000000000000000000e+00,0.000000000000000000e+00,0.000000000000000000e+00,1.000000000000000000e+00
9.791336545452131723e-01,1.683238390499453008e-01,1.138611950772681486e-01,3.789953231811523521e-02,1.541580602816175483e-01,-9.802934856207075054e-01,1.235312693200113776e-01,-8.095970916748046475e-02,1.324106452938915712e-01,-1.034010022054531741e-01,-9.857868196297632224e-01,1.647653198242187589e+00,0.000000000000000000e+00,0.000000000000000000e+00,0.000000000000000000e+00,1.000000000000000000e+00
9.791758483396303392e-01,1.683206065567151299e-01,1.135025613664502886e-01,3.790032196044922086e-02,1.541655974526597583e-01,-9.802669799103281845e-01,1.237320357043749375e-01,-8.094183349609375411e-02,1.320894643430344517e-01,-1.036572308421547794e-01,-9.858029985264330497e-01,1.647630493164062626e+00,0.000000000000000000e+00,0.000000000000000000e+00,0.000000000000000000e+00,1.000000000000000000e+00
9.792917187109509980e-01,1.683254044907702696e-01,1.124912790716257605e-01,3.789815521240234159e-02,1.542052635613347378e-01,-9.801925907366030311e-01,1.242707598554290832e-01,-8.094455718994141014e-02,1.311810441875315425e-01,-1.043505786667472818e-01,-9.858511502137553562e-01,1.647635009765624936e+00,0.000000000000000000e+00,0.000000000000000000e+00,0.000000000000000000e+00,1.000000000000000000e+00
9.791892011905298787e-01,1.683612454100515410e-01,1.133269575865717277e-01,3.789988327026367482e-02,1.541854145284901056e-01,-9.802267055971727316e-01,1.240260600873524660e-01,-8.094092559814453081e-02,1.319672922300442475e-01,-1.039716147710051247e-01,-9.857862532534018563e-01,1.647650878906250060e+00,0.000000000000000000e+00,0.000000000000000000e+00,0.000000000000000000e+00,1.000000000000000000e+00
9.791986281079944066e-01,1.683884679277379282e-01,1.132049936194126083e-01,3.790421295166016002e-02,1.541902570967292885e-01,-9.801925322367240900e-01,1.242898401471468073e-01,-8.093733978271484830e-02,1.318916651190157330e-01,-1.042493338890372323e-01,-9.857670440098033060e-01,1.647613037109375123e+00,0.000000000000000000e+00,0.000000000000000000e+00,0.000000000000000000e+00,1.000000000000000000e+00
9.791420845107474680e-01,1.681778548806332485e-01,1.140043309164045365e-01,3.789910125732422197e-02,1.540977099889066504e-01,-9.803972416020549918e-01,1.227808797625135340e-01,-8.095026397705078203e-02,1.324185565399473574e-01,-1.026521202256955034e-01,-9.858640210987752450e-01,1.647651489257812463e+00,0.000000000000000000e+00,0.000000000000000000e+00,0.000000000000000000e+00,1.000000000000000000e+00
9.793009363249450816e-01,1.683218955598939637e-01,1.124162603372412805e-01,3.788756179809570079e-02,1.542709582035614035e-01,-9.802405616942612143e-01,1.238099861250076955e-01,-8.094394683837891069e-02,1.310349097303511456e-01,-1.039046711387112548e-01,-9.859176800055445833e-01,1.647668579101562614e+00,0.000000000000000000e+00,0.000000000000000000e+00,0.000000000000000000e+00,1.000000000000000000e+00
9.792180843303476268e-01,1.682225782576585726e-01,1.132833062933374102e-01,3.789881134033203092e-02,1.541623484250362330e-01,-9.803351216641013055e-01,1.231950468156468859e-01,-8.094078063964843528e-02,1.317797922614916406e-01,-1.031707972062716749e-01,-9.858954675599945761e-01,1.647594848632812470e+00,0.000000000000000000e+00,0.000000000000000000e+00,0.000000000000000000e+00,1.000000000000000000e+00
9.791627612137183689e-01,1.682795588784737340e-01,1.136761941480854549e-01,3.790383148193359614e-02,1.541482700376082260e-01,-9.803092164753539617e-01,1.234186004534590930e-01,-8.095096588134766125e-02,1.322066484589165536e-01,-1.033239089327550042e-01,-9.858222821310727024e-01,1.647671630859375069e+00,0.000000000000000000e+00,0.000000000000000000e+00,0.000000000000000000e+00,1.000000000000000000e+00
9.792149340969231730e-01,1.683486847419392030e-01,1.131230886566375327e-01,3.789634323120117526e-02,1.541444824121435686e-01,-9.801858594509531564e-01,1.243991940258791923e-01,-8.094931793212890858e-02,1.318240925758667192e-01,-1.043762486299212450e-01,-9.857626526393126198e-01,1.647670166015624993e+00,0.000000000000000000e+00,0.000000000000000000e+00,0.000000000000000000e+00,1.000000000000000000e+00
9.792009006802305793e-01,1.682721233647517245e-01,1.133582313082884402e-01,3.790119171142578014e-02,1.542000459132656931e-01,-9.803253819639782263e-01,1.232253679950973957e-01,-8.093688201904297719e-02,1.318633457309967838e-01,-1.031825468550675307e-01,-9.858830661275858054e-01,1.647629882812500002e+00,0.000000000000000000e+00,0.000000000000000000e+00,0.000000000000000000e+00,1.000000000000000000e+00
9.792050658775491856e-01,1.682833268195897680e-01,1.133056083090138721e-01,3.789625167846679549e-02,1.541813482289524917e-01,-9.802949845252290073e-01,1.234903039634437649e-01,-8.094655609130858853e-02,1.318542787248370984e-01,-1.034527197767771689e-01,-9.858559651149557679e-01,1.647639282226562640e+00,0.000000000000000000e+00,0.000000000000000000e+00,0.000000000000000000e+00,1.000000000000000000e+00
9.791996047441110518e-01,1.683303124779180759e-01,1.132830083024944368e-01,3.790031433105468806e-02,1.541307869731332048e-01,-9.802085177491438595e-01,1.242375234744676760e-01,-8.094059753417968961e-02,1.319539108022918517e-01,-1.041929346602385176e-01,-9.857646766804276650e-01,1.647611206054687472e+00,0.000000000000000000e+00,0.000000000000000000e+00,0.000000000000000000e+00,1.000000000000000000e+00
9.792334154085666764e-01,1.682992296571962088e-01,1.130366641584393261e-01,3.790294265747070485e-02,1.541819822900682702e-01,-9.802537419274663932e-01,1.238164681062465938e-01,-8.095468139648437367e-02,1.316428292174645631e-01,-1.038170059961008446e-01,-9.858459285210987577e-01,1.647644165039062525e+00,0.000000000000000000e+00,0.000000000000000000e+00,0.000000000000000000e+00,1.000000000000000000e+00
9.791471135137476134e-01,1.684279752088290449e-01,1.135911407846151022e-01,3.789154434204101973e-02,1.541574889360186884e-01,-9.801679451664232490e-01,1.245241658200234580e-01,-8.094093322753906361e-02,1.323117481656011230e-01,-1.044165524966491898e-01,-9.856930479931756972e-01,1.647675781250000027e+00,0.000000000000000000e+00,0.000000000000000000e+00,0.000000000000000000e+00,1.000000000000000000e+00
9.792146622301390879e-01,1.684350406603733752e-01,1.129968245184497511e-01,3.789933395385742393e-02,1.542205906500820067e-01,-9.801513465966474881e-01,1.245766719105901588e-01,-8.094612884521484863e-02,1.317370665114978301e-01,-1.045608666878644066e-01,-9.857547212488654287e-01,1.647645751953125126e+00,0.000000000000000000e+00,0.000000000000000000e+00,0.000000000000000000e+00,1.000000000000000000e+00
9.792361691300733861e-01,1.684564945278234360e-01,1.127782537498071974e-01,3.790411758422851385e-02,1.542293259016752349e-01,-9.801156959723923423e-01,1.248460553660699218e-01,-8.095063018798828725e-02,1.315668655071380311e-01,-1.048600589354704987e-01,-9.857456710230466657e-01,1.647656372070312569e+00,0.000000000000000000e+00,0.000000000000000000e+00,0.000000000000000000e+00,1.000000000000000000e+00
9.792245577153591007e-01,1.681986454875373516e-01,1.132628854626131498e-01,3.790154647827148615e-02,1.541624958368574549e-01,-9.803557436608165698e-01,1.230306496308873065e-01,-8.095122528076172108e-02,1.317315089282370399e-01,-1.030137443616383763e-01,-9.859183424747126612e-01,1.647641601562499947e+00,0.000000000000000000e+00,0.000000000000000000e+00,0.000000000000000000e+00,1.000000000000000000e+00
9.792159821034516209e-01,1.683401012688183762e-01,1.131267903636311856e-01,3.789916610717773693e-02,1.541813448485373494e-01,-9.802235205685629893e-01,1.240562881311082361e-01,-8.095509338378906183e-02,1.317731888278848018e-01,-1.040358593417487071e-01,-9.858054405800136255e-01,1.647653808593749991e+00,0.000000000000000000e+00,0.000000000000000000e+00,0.000000000000000000e+00,1.000000000000000000e+00
9.791536922416145261e-01,1.684171662072955766e-01,1.135504517662438706e-01,3.790131759643555059e-02,1.541537697700177123e-01,-9.801711677002443723e-01,1.245034026636711866e-01,-8.094040679931641113e-02,1.322673891603908525e-01,-1.044037362159230264e-01,-9.857003589473071203e-01,1.647610839843750119e+00,0.000000000000000000e+00,0.000000000000000000e+00,0.000000000000000000e+00,1.000000000000000000e+00
9.792451399366443043e-01,1.683482239869244224e-01,1.128620015368791141e-01,3.790584564208984708e-02,1.541569514860691992e-01,-9.801698703148450376e-01,1.245096768749405225e-01,-8.094923400878906161e-02,1.315849163809586775e-01,-1.045270338593261295e-01,-9.857786308160608746e-01,1.647623291015624991e+00,0.000000000000000000e+00,0.000000000000000000e+00,0.000000000000000000e+00,1.000000000000000000e+00
9.792044082065080035e-01,1.683523510906979881e-01,1.132087135832630792e-01,3.789856338500976335e-02,1.541661641539116834e-01,-9.802081213767183110e-01,1.241967496241118546e-01,-8.093644714355469061e-02,1.318769152619672369e-01,-1.041610515949197707e-01,-9.857783496058477590e-01,1.647598144531249975e+00,0.000000000000000000e+00,0.000000000000000000e+00,0.000000000000000000e+00,1.000000000000000000e+00
9.790854899167702463e-01,1.684366286221272990e-01,1.141083063271466080e-01,3.790845489501953186e-02,1.541362121356762149e-01,-9.801947361263148029e-01,1.243394843914441827e-01,-8.095042419433594316e-02,1.327916847656666344e-01,-1.041507628809119346e-01,-9.856566273547904267e-01,1.647552001953125123e+00,0.000000000000000000e+00,0.000000000000000000e+00,0.000000000000000000e+00,1.000000000000000000e+00
9.791752118413405981e-01,1.683585437374773564e-01,1.134517750679209791e-01,3.790117645263672147e-02,1.541470478638553299e-01,-9.802114962015602284e-01,1.241938418326667543e-01,-8.093405151367187578e-02,1.321158285381600350e-01,-1.041192751842572178e-01,-9.857507719422700099e-01,1.647595947265624972e+00,0.000000000000000000e+00,0.000000000000000000e+00,0.000000000000000000e+00,1.000000000000000000e+00
9.791848581806801288e-01,1.682550418835325190e-01,1.135220436322918053e-01,3.789986038208007640e-02,1.541427219359705059e-01,-9.803127392506443272e-01,1.233975467222441502e-01,-8.093830108642578736e-02,1.320493649505794787e-01,-1.033304124818490155e-01,-9.858426806912345963e-01,1.647576049804687637e+00,0.000000000000000000e+00,0.000000000000000000e+00,0.000000000000000000e+00,1.000000000000000000e+00
9.791142198535682795e-01,1.683381638148565840e-01,1.140070483960571035e-01,3.789995956420898204e-02,1.541456307664382519e-01,-9.802847012927986547e-01,1.236164589644343920e-01,-8.093972015380859752e-02,1.325687331015699133e-01,-1.034609443931927414e-01,-9.857592829839918469e-01,1.647596435546875071e+00,0.000000000000000000e+00,0.000000000000000000e+00,0.000000000000000000e+00,1.000000000000000000e+00
9.791776195628304480e-01,1.682728667257592514e-01,1.135580541888764755e-01,3.789897537231445152e-02,1.541236540689856493e-01,-9.802845812879618093e-01,1.236448096181520379e-01,-8.093446350097656394e-02,1.321252761726256220e-01,-1.035682480926479604e-01,-9.858075519001298082e-01,1.647661010742187626e+00,0.000000000000000000e+00,0.000000000000000000e+00,0.000000000000000000e+00,1.000000000000000000e+00
9.792021007245849118e-01,1.683190478118623545e-01,1.132781712434851179e-01,3.790245819091796892e-02,1.541454641386874602e-01,-9.802302848326126528e-01,1.240474287619220684e-01,-8.093515014648437755e-02,1.319182391560353995e-01,-1.040061865500486182e-01,-9.857891718502936884e-01,1.647560302734375037e+00,0.000000000000000000e+00,0.000000000000000000e+00,0.000000000000000000e+00,1.000000000000000000e+00
9.792212714109425065e-01,1.683039817335601207e-01,1.131347486361581889e-01,3.789120101928711293e-02,1.541584590962069290e-01,-9.802404756744815817e-01,1.239507133442539905e-01,-8.094228363037109242e-02,1.317606584129736580e-01,-1.039344965932668258e-01,-9.858178073622345661e-01,1.647640502929687445e+00,0.000000000000000000e+00,0.000000000000000000e+00,0.000000000000000000e+00,1.000000000000000000e+00
9.791414401379259225e-01,1.683761035647262649e-01,1.137168762892715734e-01,3.790230560302734752e-02,1.541368819696836701e-01,-9.802133601095603943e-01,1.241917480325869377e-01,-8.093823242187500600e-02,1.323777240372893127e-01,-1.040733222833129940e-01,-9.857204886617816353e-01,1.647638061523437614e+00,0.000000000000000000e+00,0.000000000000000000e+00,0.000000000000000000e+00,1.000000000000000000e+00
9.791667768679178652e-01,1.683207136687415173e-01,1.135806340365245054e-01,3.790672302246093917e-02,1.541938921722917355e-01,-9.802967721835295078e-01,1.234604473639753647e-01,-8.093533325195312322e-02,1.321236795387301377e-01,-1.033749282785665774e-01,-9.858280567667713212e-01,1.647605102539062560e+00,0.000000000000000000e+00,0.000000000000000000e+00,0.000000000000000000e+00,1.000000000000000000e+00
9.792056184827657717e-01,1.682706134193118208e-01,1.133197131626823007e-01,3.789522552490234147e-02,1.541606837464784552e-01,-9.802921540397813160e-01,1.235385620559987241e-01,-8.093948364257812222e-02,1.318743353295186160e-01,-1.035002096014018547e-01,-9.858482978094871285e-01,1.647614868164062552e+00,0.000000000000000000e+00,0.000000000000000000e+00,0.000000000000000000e+00,1.000000000000000000e+00
9.791993996292240876e-01,1.682977066092519736e-01,1.133332154129316344e-01,3.789335250854491965e-02,1.541455981233451622e-01,-9.802560625978378184e-01,1.238433943308267227e-01,-8.094751739501952759e-02,1.319381307468162901e-01,-1.037975610997224907e-01,-9.858084986267798833e-01,1.647666992187500012e+00,0.000000000000000000e+00,0.000000000000000000e+00,0.000000000000000000e+00,1.000000000000000000e+00
9.791972501105934423e-01,1.683120549948493305e-01,1.133304792157129870e-01,3.790387344360351962e-02,1.541542573639797242e-01,-9.802490427467625000e-01,1.238881718753485212e-01,-8.094297027587890603e-02,1.319439665631295111e-01,-1.038405813613676315e-01,-9.858031869243075729e-01,1.647623046874999941e+00,0.000000000000000000e+00,0.000000000000000000e+00,0.000000000000000000e+00,1.000000000000000000e+00
9.792087321329725480e-01,1.682971599226584514e-01,1.132533658506616470e-01,3.789375686645508196e-02,1.541338991525754432e-01,-9.802394095944113594e-01,1.239896810626757717e-01,-8.094312286376953436e-02,1.318825236585969563e-01,-1.039555955202387527e-01,-9.857992869309009087e-01,1.647714111328125064e+00,0.000000000000000000e+00,0.000000000000000000e+00,0.000000000000000000e+00,1.000000000000000000e+00
9.791706866137533938e-01,1.683868483085786960e-01,1.134488245556318220e-01,3.789108276367187528e-02,1.541785865215366536e-01,-9.802092698577610230e-01,1.241722623742352594e-01,-8.095483398437500200e-02,1.321125653924404841e-01,-1.040944599948459559e-01,-9.857538300528229103e-01,1.647690917968750002e+00,0.000000000000000000e+00,0.000000000000000000e+00,0.000000000000000000e+00,1.000000000000000000e+00
9.792046024803562343e-01,1.683084200908517292e-01,1.132723364630956187e-01,3.789229202270508190e-02,1.541665075517989481e-01,-9.802563317830148559e-01,1.238152331039644310e-01,-8.094876098632812489e-02,1.318750713007143249e-01,-1.037776455978324103e-01,-9.858190330094069864e-01,1.647655151367187543e+00,0.000000000000000000e+00,0.000000000000000000e+00,0.000000000000000000e+00,1.000000000000000000e+00
9.792126703480678040e-01,1.681864890836542448e-01,1.133836457321775876e-01,3.789970779418945501e-02,1.541434063729492654e-01,-9.803641050565831128e-01,1.229879335071071972e-01,-8.093981933593749623e-02,1.318421651124932481e-01,-1.029540014099434991e-01,-9.859097915591118477e-01,1.647605224609375085e+00,0.000000000000000000e+00,0.000000000000000000e+00,0.000000000000000000e+00,1.000000000000000000e+00
9.791662265741594151e-01,1.684141147401385930e-01,1.134468452307828557e-01,3.790335464477539301e-02,1.541521576886756562e-01,-9.801623780327253233e-01,1.245745759340904091e-01,-8.094552612304688199e-02,1.321764465267826760e-01,-1.044911414691609974e-01,-9.857032963006790993e-01,1.647597534179687573e+00,0.000000000000000000e+00,0.000000000000000000e+00,0.000000000000000000e+00,1.000000000000000000e+00
9.792413614448317594e-01,1.684376914188528140e-01,1.127612528538066011e-01,3.791487503051758218e-02,1.542221728253780066e-01,-9.801262274711529665e-01,1.247721909408721352e-01,-8.093641662597655939e-02,1.315366011598750051e-01,-1.047918047017681875e-01,-9.857569681329444444e-01,1.647571655273437630e+00,0.000000000000000000e+00,0.000000000000000000e+00,0.000000000000000000e+00,1.000000000000000000e+00
9.790292276969478902e-01,1.683810974069225308e-01,1.146716065604672374e-01,3.792188644409179993e-02,1.540618055103732398e-01,-9.802446120138819108e-01,1.240381421202298023e-01,-8.093908691406249967e-02,1.332919029723938220e-01,-1.037704517374520713e-01,-9.856292213343735842e-01,1.647572265625000032e+00,0.000000000000000000e+00,0.000000000000000000e+00,0.000000000000000000e+00,1.000000000000000000e+00
9.791334801530472420e-01,1.682295804369313974e-01,1.140019136216419843e-01,3.788784408569335904e-02,1.541173902808376239e-01,-9.803639479132230106e-01,1.230217852456362143e-01,-8.094252014160156772e-02,1.324592694242508195e-01,-1.028850713078116458e-01,-9.858342680418349380e-01,1.647673583984375023e+00,0.000000000000000000e+00,0.000000000000000000e+00,0.000000000000000000e+00,1.000000000000000000e+00
9.792186611831590337e-01,1.682400251450621720e-01,1.132524062872415777e-01,3.788664627075195163e-02,1.541552972478203165e-01,-9.803101116752026556e-01,1.234027117926827094e-01,-8.095286560058594094e-02,1.317837543899010033e-01,-1.033797798727613543e-01,-9.858730461841227477e-01,1.647734008789062621e+00,0.000000000000000000e+00,0.000000000000000000e+00,0.000000000000000000e+00,1.000000000000000000e+00
9.792246442621761471e-01,1.682449005590637980e-01,1.131934163522146930e-01,3.789278030395507729e-02,1.541134401320571612e-01,-9.802667569908436462e-01,1.237987589167097863e-01,-8.094085693359374944e-02,1.317882530435771360e-01,-1.037821688659739533e-01,-9.858301668062288137e-01,1.647674560546875000e+00,0.000000000000000000e+00,0.000000000000000000e+00,0.000000000000000000e+00,1.000000000000000000e+00
9.793360748840033159e-01,1.683264399768310826e-01,1.121029082384589620e-01,3.790323257446288896e-02,1.543227103349847085e-01,-9.802458819539378032e-01,1.237033224582565205e-01,-8.094258117675781627e-02,1.307109540385138491e-01,-1.038471016305860251e-01,-9.859667468922409528e-01,1.647604614257812461e+00,0.000000000000000000e+00,0.000000000000000000e+00,0.000000000000000000e+00,1.000000000000000000e+00
9.792352061724193257e-01,1.682705425252466191e-01,1.130638558988632941e-01,3.790822601318359630e-02,1.542197761185895299e-01,-9.803132926204086717e-01,1.232968327479074810e-01,-8.093439483642578258e-02,1.315852257907090539e-01,-1.032999168924763067e-01,-9.859079346083060580e-01,1.647535278320312546e+00,0.000000000000000000e+00,0.000000000000000000e+00,0.000000000000000000e+00,1.000000000000000000e+00
9.792070176398279813e-01,1.683706665681050929e-01,1.131588937924259131e-01,3.790377426147460704e-02,1.542261824381720714e-01,-9.802331490810283210e-01,1.239244047524051678e-01,-8.093928527832031095e-02,1.317873334408934116e-01,-1.038955825918611714e-01,-9.858183436426999346e-01,1.647561035156249964e+00,0.000000000000000000e+00,0.000000000000000000e+00,0.000000000000000000e+00,1.000000000000000000e+00
9.792873841052369688e-01,1.683082754774600509e-01,1.125546255740998425e-01,3.790093231201172030e-02,1.542176140528250528e-01,-9.802250966075556349e-01,1.239987398990904099e-01,-8.093953704833985185e-02,1.311988828007932817e-01,-1.040724958214791496e-01,-9.858781713605957453e-01,1.647592895507812516e+00,0.000000000000000000e+00,0.000000000000000000e+00,0.000000000000000000e+00,1.000000000000000000e+00
9.791324710148812116e-01,1.682636321552290481e-01,1.139603189633235369e-01,3.789450836181640359e-02,1.540879867279881799e-01,-9.803050786029614549e-01,1.235266983747108221e-01,-8.094897460937500178e-02,1.325009303756317092e-01,-1.033890853000026394e-01,-9.857759382792932179e-01,1.647676635742187479e+00,0.000000000000000000e+00,0.000000000000000000e+00,0.000000000000000000e+00,1.000000000000000000e+00
9.791455783370188737e-01,1.683242291524003620e-01,1.137580340165713078e-01,3.789554977416992321e-02,1.541535426166222855e-01,-9.802794094582383266e-01,1.236485531292344786e-01,-8.094255828857421786e-02,1.323277057981827043e-01,-1.035337301195031756e-01,-9.857840255379124450e-01,1.647623901367187615e+00,0.000000000000000000e+00,0.000000000000000000e+00,0.000000000000000000e+00,1.000000000000000000e+00
9.791791330894766832e-01,1.683025932761767485e-01,1.135009357611423408e-01,3.790270996093750289e-02,1.541105110292808611e-01,-9.802405415768661312e-01,1.240098021907390102e-01,-8.093289184570312544e-02,1.321293900403503196e-01,-1.039361233912740878e-01,-9.857682823777395020e-01,1.647620117187500011e+00,0.000000000000000000e+00,0.000000000000000000e+00,0.000000000000000000e+00,1.000000000000000000e+00
9.792249205505487719e-01,1.681903142201835732e-01,1.132721200264553973e-01,3.789000320434570551e-02,1.541477864824613853e-01,-9.803529819715759430e-01,1.230710797141098545e-01,-8.094651794433593839e-02,1.317460242107111879e-01,-1.030536216828656648e-01,-9.859122355274407834e-01,1.647563720703125068e+00,0.000000000000000000e+00,0.000000000000000000e+00,0.000000000000000000e+00,1.000000000000000000e+00
9.791542307171595683e-01,1.684151444449507040e-01,1.135488070843277408e-01,3.789681625366211198e-02,1.541496709421558697e-01,-9.801696829155351898e-01,1.245201656025409498e-01,-8.094407653808594061e-02,1.322681799115439094e-01,-1.044209357114058434e-01,-9.856984309453079574e-01,1.647617675781249957e+00,0.000000000000000000e+00,0.000000000000000000e+00,0.000000000000000000e+00,1.000000000000000000e+00
9.791866609183813575e-01,1.682377738449506999e-01,1.135320859105749813e-01,3.790157699584961043e-02,1.541205800669956938e-01,-9.803126492410071391e-01,1.234259151794750153e-01,-8.095322418212891336e-02,1.320618411174239448e-01,-1.033593788186316920e-01,-9.858379729605178943e-01,1.647625000000000117e+00,0.000000000000000000e+00,0.000000000000000000e+00,0.000000000000000000e+00,1.000000000000000000e+00
9.792108935715965190e-01,1.683185080309169690e-01,1.132029406197646582e-01,3.790277862548828425e-02,1.541797529165804259e-01,-9.802503117538211574e-01,1.238463971907099725e-01,-8.093777465820312100e-02,1.318128586341182351e-01,-1.038181398445523207e-01,-9.858230896757892436e-01,1.647593749999999968e+00,0.000000000000000000e+00,0.000000000000000000e+00,0.000000000000000000e+00,1.000000000000000000e+00
9.791975386508804391e-01,1.682562863224213445e-01,1.134107685056631176e-01,3.790793609619140525e-02,1.541428797947105855e-01,-9.803007040076261447e-01,1.234929242132758870e-01,-8.093753814697265958e-02,1.319551170233695114e-01,-1.034425049732452667e-01,-9.858435450192941651e-01,1.647615112304687601e+00,0.000000000000000000e+00,0.000000000000000000e+00,0.000000000000000000e+00,1.000000000000000000e+00
9.791900981434863427e-01,1.684746868062967362e-01,1.131504821168264063e-01,3.790272521972656156e-02,1.541620774889610468e-01,-9.800826052627110707e-01,1.251884208932471099e-01,-8.094312286376953436e-02,1.319878993015556612e-01,-1.051397487488791860e-01,-9.856595901582784203e-01,1.647582397460937598e+00,0.000000000000000000e+00,0.000000000000000000e+00,0.000000000000000000e+00,1.000000000000000000e+00
9.791606536002183114e-01,1.683689655933409690e-01,1.135619032344115931e-01,3.790028381347656378e-02,1.542014894940764158e-01,-9.802554254675467371e-01,1.237788409997754996e-01,-8.094274902343749634e-02,1.321601871934272865e-01,-1.036879562266892346e-01,-9.857902883750330192e-01,1.647624023437500140e+00,0.000000000000000000e+00,0.000000000000000000e+00,0.000000000000000000e+00,1.000000000000000000e+00
9.791660580804734115e-01,1.683503304989029947e-01,1.135429298726127467e-01,3.789752578735351707e-02,1.541549669009843193e-01,-9.802345882296198409e-01,1.240016057076046008e-01,-8.093754577636719238e-02,1.321744184133350486e-01,-1.039149568600109264e-01,-9.857644773767609836e-01,1.647651000976562585e+00,0.000000000000000000e+00,0.000000000000000000e+00,0.000000000000000000e+00,1.000000000000000000e+00
9.792406740840450263e-01,1.683625138810968536e-01,1.128794318689764764e-01,3.789725494384765803e-02,1.542353787175985147e-01,-9.802202015462470053e-01,1.240153395047325774e-01,-8.095385742187499734e-02,1.315262337758684452e-01,-1.040308627296370608e-01,-9.858389470032432600e-01,1.647632080078125005e+00,0.000000000000000000e+00,0.000000000000000000e+00,0.000000000000000000e+00,1.000000000000000000e+00
9.791273474178725511e-01,1.683186117429635031e-01,1.139231428611523211e-01,3.790419769287109442e-02,1.541395234974872464e-01,-9.802900246816219632e-01,1.235818546780750454e-01,-8.094271850585937900e-02,1.324788467432011785e-01,-1.034423146039704228e-01,-9.857733221765361264e-01,1.647608520507812591e+00,0.000000000000000000e+00,0.000000000000000000e+00,0.000000000000000000e+00,1.000000000000000000e+00
9.792183029014546181e-01,1.682413508759705578e-01,1.132535346831338441e-01,3.790060424804687911e-02,1.541557020701867231e-01,-9.803092909334577554e-01,1.234087259021390826e-01,-8.093912506103516369e-02,1.317859430365889428e-01,-1.033854049901146710e-01,-9.858721637479107569e-01,1.647630615234374929e+00,0.000000000000000000e+00,0.000000000000000000e+00,0.000000000000000000e+00,1.000000000000000000e+00
9.791574920683773220e-01,1.683523378364604195e-01,1.136138022925221175e-01,3.789639663696289101e-02,1.541842497078897978e-01,-9.802627232359976128e-01,1.237425172524035111e-01,-8.092992401123047519e-02,1.322037173016746003e-01,-1.036459539921582573e-01,-9.857888685477610435e-01,1.647625610351562520e+00,0.000000000000000000e+00,0.000000000000000000e+00,0.000000000000000000e+00,1.000000000000000000e+00
9.792062809588873984e-01,1.682820043726899750e-01,1.132970711667982966e-01,3.789704132080078114e-02,1.541221751232053627e-01,-9.802488706952058317e-01,1.239294421679757729e-01,-8.092714691162108953e-02,1.319144209931447376e-01,-1.038908971232975209e-01,-9.858018396356135193e-01,1.647640624999999970e+00,0.000000000000000000e+00,0.000000000000000000e+00,0.000000000000000000e+00,1.000000000000000000e+00
9.792865556006329353e-01,1.682450881889811234e-01,1.126562573500941300e-01,3.789958190917969150e-02,1.542555719915411350e-01,-9.803251517642870283e-01,1.231576848105315203e-01,-8.096150970458984575e-02,1.311604381260262076e-01,-1.032288095378887660e-01,-9.859719835532747556e-01,1.647622070312499964e+00,0.000000000000000000e+00,0.000000000000000000e+00,0.000000000000000000e+00,1.000000000000000000e+00
9.792294048290991482e-01,1.683511128172474058e-01,1.129941393667955318e-01,3.790055084228515642e-02,1.541941771862808674e-01,-9.802099311251689651e-01,1.241476807896057105e-01,-8.093933868408202670e-02,1.316583777808848776e-01,-1.041460212239836008e-01,-9.858091487825214605e-01,1.647628173828125098e+00,0.000000000000000000e+00,0.000000000000000000e+00,0.000000000000000000e+00,1.000000000000000000e+00
9.791656401855439729e-01,1.682838697465037225e-01,1.136450098472238102e-01,3.790531158447265486e-02,1.541318444743116078e-01,-9.802892364216504451e-01,1.235976839378640779e-01,-8.094356536865233986e-02,1.322044764710350317e-01,-1.035062903354153074e-01,-9.858034409871070380e-01,1.647628051757812573e+00,0.000000000000000000e+00,0.000000000000000000e+00,0.000000000000000000e+00,1.000000000000000000e+00
9.791477645221629000e-01,1.682766087090124818e-01,1.138096577301105777e-01,3.789871215820312528e-02,1.540959019469340940e-01,-9.802842099908080087e-01,1.236823376471285485e-01,-8.094979858398437811e-02,1.323786547537475211e-01,-1.035656825598680053e-01,-9.857738286044608333e-01,1.647594238281250068e+00,0.000000000000000000e+00,0.000000000000000000e+00,0.000000000000000000e+00,1.000000000000000000e+00
9.791971551616980296e-01,1.683775776822850345e-01,1.132339289130427917e-01,3.789999008178711326e-02,1.541727473349180089e-01,-9.801919268877257174e-01,1.243163321665001625e-01,-8.094559478759766336e-02,1.319230658468847628e-01,-1.042726128855230167e-01,-9.857603800618002232e-01,1.647649169921874934e+00,0.000000000000000000e+00,0.000000000000000000e+00,0.000000000000000000e+00,1.000000000000000000e+00
9.791784614987867341e-01,1.682881206728207013e-01,1.135281858274827804e-01,3.790294265747070485e-02,1.541575948971198040e-01,-9.802938550799521478e-01,1.235289181852641943e-01,-8.093847656250000022e-02,1.320794324352009830e-01,-1.034556239790584559e-01,-9.858255207665803654e-01,1.647633544921875082e+00,0.000000000000000000e+00,0.000000000000000000e+00,0.000000000000000000e+00,1.000000000000000000e+00
9.791455703420527401e-01,1.683592640738535429e-01,1.137062455630595548e-01,3.790490722656249950e-02,1.541438221979174461e-01,-9.802336502149019415e-01,1.240228731508275645e-01,-8.095092010498046442e-02,1.323390877925080811e-01,-1.039093315678621260e-01,-9.857429769749147530e-01,1.647670410156250043e+00,0.000000000000000000e+00,0.000000000000000000e+00,0.000000000000000000e+00,1.000000000000000000e+00
9.791981299989961363e-01,1.683644884689168564e-01,1.132449611641483389e-01,3.790183639526367027e-02,1.542093068135765022e-01,-9.802342811997512007e-01,1.239364500576146527e-01,-8.093756103515625799e-02,1.318730901228364061e-01,-1.038949131738765158e-01,-9.858069461705204484e-01,1.647562011718749941e+00,0.000000000000000000e+00,0.000000000000000000e+00,0.000000000000000000e+00,1.000000000000000000e+00
9.792254934032640357e-01,1.682990021134003478e-01,1.131056097493317453e-01,3.790061950683593778e-02,1.542134859608690622e-01,-9.802856199947500571e-01,1.235245076060039887e-01,-8.093290710449219105e-02,1.316648541446474863e-01,-1.035159365467103604e-01,-9.858746457151268405e-01,1.647590454101562463e+00,0.000000000000000000e+00,0.000000000000000000e+00,0.000000000000000000e+00,1.000000000000000000e+00
9.792334086182712394e-01,1.682571194181443630e-01,1.130993952722561813e-01,3.790026855468749817e-02,1.541793485028541966e-01,-9.802977231902532118e-01,1.234710589702750355e-01,-8.094685363769531239e-02,1.316459643934335400e-01,-1.034693948620267617e-01,-9.858820539931787419e-01,1.647618408203125107e+00,0.000000000000000000e+00,0.000000000000000000e+00,0.000000000000000000e+00,1.000000000000000000e+00
9.792099939842947576e-01,1.684481011539821493e-01,1.130178078839598338e-01,3.790460205078124978e-02,1.542179923056803126e-01,-9.801389677036415060e-01,1.246772426629880332e-01,-8.095209503173828036e-02,1.317748023352074138e-01,-1.046558226113495776e-01,-9.857396006365267693e-01,1.647635375976562511e+00,0.000000000000000000e+00,0.000000000000000000e+00,0.000000000000000000e+00,1.000000000000000000e+00
9.792681761425753306e-01,1.683365379398101269e-01,1.126794088945844152e-01,3.790229797363281472e-02,1.541711981950507626e-01,-9.801738817297104278e-01,1.244604484244458270e-01,-8.094235229492187378e-02,1.313966546054215478e-01,-1.045082368493059771e-01,-9.858057352182288957e-01,1.647604736328124986e+00,0.000000000000000000e+00,0.000000000000000000e+00,0.000000000000000000e+00,1.000000000000000000e+00
9.791438720677402285e-01,1.683961623563254295e-01,1.136662231969323006e-01,3.790254974365234175e-02,1.541431698387775717e-01,-9.801942921580325541e-01,1.243343589393838683e-01,-8.094055175781250666e-02,1.323524120832201001e-01,-1.042203536957914262e-01,-9.857083528566031871e-01,1.647623291015624991e+00,0.000000000000000000e+00,0.000000000000000000e+00,0.000000000000000000e+00,1.000000000000000000e+00
9.791304013802342165e-01,1.684206608183695664e-01,1.137459366416451456e-01,3.789093399047851335e-02,1.541339908258080593e-01,-9.801718650274728883e-01,1.245223991122700463e-01,-8.093729400634765148e-02,1.324627116025153539e-01,-1.043915514688304041e-01,-9.856754202154172084e-01,1.647678466796875130e+00,0.000000000000000000e+00,0.000000000000000000e+00,0.000000000000000000e+00,1.000000000000000000e+00
9.791798287170931925e-01,1.682829861210803635e-01,1.135240045793666774e-01,3.790008926391601890e-02,1.541282555322618653e-01,-9.802752797231797377e-01,1.237127997024698861e-01,-8.095146179199218250e-02,1.321035346996649318e-01,-1.036398212359222332e-01,-9.858029435815458541e-01,1.647614868164062552e+00,0.000000000000000000e+00,0.000000000000000000e+00,0.000000000000000000e+00,1.000000000000000000e+00
9.792220484401817915e-01,1.683427278493356549e-01,1.130703578700395368e-01,3.790314102172851612e-02,1.541877492964935092e-01,-9.802204418206078573e-01,1.240726537311670763e-01,-8.094843292236328369e-02,1.317206051287951041e-01,-1.040606141499123283e-01,-9.858098552800368397e-01,1.647633544921875082e+00,0.000000000000000000e+00,0.000000000000000000e+00,0.000000000000000000e+00,1.000000000000000000e+00
9.792391037600741699e-01,1.682405310592732794e-01,1.130747601194037194e-01,3.790387344360351962e-02,1.541626321902588304e-01,-9.802978062985895358e-01,1.234912701462907991e-01,-8.094926452636719283e-02,1.316231761633868402e-01,-1.034955780459576036e-01,-9.858823483669821863e-01,1.647597412109375048e+00,0.000000000000000000e+00,0.000000000000000000e+00,0.000000000000000000e+00,1.000000000000000000e+00
9.791615420273306336e-01,1.682689720967785185e-01,1.137023642856819505e-01,3.790286254882812428e-02,1.541881878808125383e-01,-9.803528631484709210e-01,1.230214064081007613e-01,-8.094184112548828691e-02,1.321691239764098691e-01,-1.029262684939535460e-01,-9.858689090955344847e-01,1.647644409179687575e+00,0.000000000000000000e+00,0.000000000000000000e+00,0.000000000000000000e+00,1.000000000000000000e+00
9.792217958774116493e-01,1.683170186064815443e-01,1.131108117115357387e-01,3.789833831787109419e-02,1.542287044000837659e-01,-9.802810832362609528e-01,1.235415095755869747e-01,-8.093637847900390925e-02,1.316745275962238615e-01,-1.035296049281007186e-01,-9.858719184994282347e-01,1.647571533203125105e+00,0.000000000000000000e+00,0.000000000000000000e+00,0.000000000000000000e+00,1.000000000000000000e+00
9.791522502965119834e-01,1.683521195136138404e-01,1.136592917211385056e-01,3.790106201171875022e-02,1.541542762981482628e-01,-9.802439296903635579e-01,1.239285980078366489e-01,-8.095144653320313077e-02,1.322774729055221088e-01,-1.038238997556328591e-01,-9.857602487426957438e-01,1.647617675781249957e+00,0.000000000000000000e+00,0.000000000000000000e+00,0.000000000000000000e+00,1.000000000000000000e+00
9.791702616145564475e-01,1.682955298760198670e-01,1.135879104193349559e-01,3.790377426147460704e-02,1.541335313712254851e-01,-9.802739265944896419e-01,1.237169484996165775e-01,-8.093914794921874822e-02,1.321682763628118373e-01,-1.036322510745136399e-01,-9.857950614912373011e-01,1.647612548828125023e+00,0.000000000000000000e+00,0.000000000000000000e+00,0.000000000000000000e+00,1.000000000000000000e+00
9.791813033750526030e-01,1.683227466957483154e-01,1.134523162634071963e-01,3.790045547485351718e-02,1.541514235169015867e-01,-9.802488369000402768e-01,1.238933266315472848e-01,-8.094307708740235141e-02,1.320655660967159639e-01,-1.038251929972556498e-01,-9.857885247610852497e-01,1.647633422851562557e+00,0.000000000000000000e+00,0.000000000000000000e+00,0.000000000000000000e+00,1.000000000000000000e+00
9.792307329822160789e-01,1.683524097136935849e-01,1.129806962569483292e-01,3.789841079711914196e-02,1.541505439779398134e-01,-9.801727790304399779e-01,1.244947108878515646e-01,-8.095441436767578103e-02,1.316995876015464861e-01,-1.044930112081049606e-01,-9.857669243965561101e-01,1.647628906250000025e+00,0.000000000000000000e+00,0.000000000000000000e+00,0.000000000000000000e+00,1.000000000000000000e+00
9.791482090024761220e-01,1.683918243494807176e-01,1.136352863308613681e-01,3.789616775512695546e-02,1.541594712076427010e-01,-9.802081341135080450e-01,1.242049566430213359e-01,-8.094127655029297042e-02,1.323013312261943630e-01,-1.040971051949498849e-01,-9.857282335643064997e-01,1.647621215820312512e+00,0.000000000000000000e+00,0.000000000000000000e+00,0.000000000000000000e+00,1.000000000000000000e+00
9.791840052668905336e-01,1.682555649307977685e-01,1.135286250216581416e-01,3.789684677124023626e-02,1.541216089433926351e-01,-9.802963651258096434e-01,1.235538998891789336e-01,-8.094153594970703025e-02,1.320803296717195374e-01,-1.034847882103615974e-01,-9.858223395332785799e-01,1.647643188476562548e+00,0.000000000000000000e+00,0.000000000000000000e+00,0.000000000000000000e+00,1.000000000000000000e+00
9.792173185704261540e-01,1.683149953024692114e-01,1.131525756139664107e-01,3.789474105834961248e-02,1.541417691215644925e-01,-9.802186469998231955e-01,1.241439450231484054e-01,-8.095088195800781428e-02,1.318095520962685452e-01,-1.041223627765233972e-01,-9.857914462735083427e-01,1.647662841796875055e+00,0.000000000000000000e+00,0.000000000000000000e+00,0.000000000000000000e+00,1.000000000000000000e+00
9.792173931617292881e-01,1.682769515937367621e-01,1.132085000866400737e-01,3.789966964721679793e-02,1.541441652044109600e-01,-9.802621427658627651e-01,1.237970427494730907e-01,-8.094843292236328369e-02,1.318061958444399773e-01,-1.037737877423715593e-01,-9.858286502808785157e-01,1.647653930664062516e+00,0.000000000000000000e+00,0.000000000000000000e+00,0.000000000000000000e+00,1.000000000000000000e+00
9.791941967332760122e-01,1.682876826256015090e-01,1.133930375304384314e-01,3.789856719970702975e-02,1.541413761018124440e-01,-9.802681569955229435e-01,1.237528850332012959e-01,-8.094447326660156317e-02,1.319816701565569572e-01,-1.036995480082047311e-01,-9.858129855533350749e-01,1.647615356445312429e+00,0.000000000000000000e+00,0.000000000000000000e+00,0.000000000000000000e+00,1.000000000000000000e+00
9.792437799856787972e-01,1.683222965750244549e-01,1.129124609379724142e-01,3.789904022216796647e-02,1.542171700029590364e-01,-9.802472626637284137e-01,1.238239416128646270e-01,-8.094041442871094394e-02,1.315244609783217111e-01,-1.038407844537837660e-01,-9.858592230376428400e-01,1.647588500976562509e+00,0.000000000000000000e+00,0.000000000000000000e+00,0.000000000000000000e+00,1.000000000000000000e+00
9.791617509696652899e-01,1.683789789769880030e-01,1.135375923502283529e-01,3.790137100219726635e-02,1.541663124194109780e-01,-9.802159103093397441e-01,1.241350767971453328e-01,-8.094523620605469094e-02,1.321930919262431225e-01,-1.040446472198336414e-01,-9.857482933446450879e-01,1.647611450195312521e+00,0.000000000000000000e+00,0.000000000000000000e+00,0.000000000000000000e+00,1.000000000000000000e+00
9.791352443317878906e-01,1.682849503537901248e-01,1.139049989761315440e-01,3.789701080322265686e-02,1.540975619811576214e-01,-9.802870809942255681e-01,1.236575118109869004e-01,-8.094837951660156794e-02,1.324692971929473662e-01,-1.035249454008234787e-01,-9.857659311322152229e-01,1.647635742187500085e+00,0.000000000000000000e+00,0.000000000000000000e+00,0.000000000000000000e+00,1.000000000000000000e+00
9.791921195879066397e-01,1.682779338882638975e-01,1.134254376374184414e-01,3.789699935913085765e-02,1.541486225064346849e-01,-9.802862559082331506e-01,1.236003990963894794e-01,-8.093748474121094383e-02,1.319886173740429658e-01,-1.035441618041072209e-01,-9.858283884327806446e-01,1.647619995117187486e+00,0.000000000000000000e+00,0.000000000000000000e+00,0.000000000000000000e+00,1.000000000000000000e+00
9.791083456242428706e-01,1.683619759912948211e-01,1.140223336424284611e-01,3.790661239624023432e-02,1.541028353396837192e-01,-9.802303593490617750e-01,1.240997935158629911e-01,-8.093190765380860185e-02,1.326618395365786185e-01,-1.039359786152811022e-01,-9.856967833365670728e-01,1.647605712890624963e+00,0.000000000000000000e+00,0.000000000000000000e+00,0.000000000000000000e+00,1.000000000000000000e+00
9.791627267692812886e-01,1.683691408356076946e-01,1.135437665397142776e-01,3.789714050292968678e-02,1.541310126017127746e-01,-9.801980292050398447e-01,1.243199682147910073e-01,-8.094696044921875777e-02,1.322270224277795059e-01,-1.042288633576865103e-01,-9.857242812181550295e-01,1.647640258789062617e+00,0.000000000000000000e+00,0.000000000000000000e+00,0.000000000000000000e+00,1.000000000000000000e+00
9.791821561654411310e-01,1.682516729222207907e-01,1.135503395242471042e-01,3.789687728881836054e-02,1.541815273032234590e-01,-9.803490059446741123e-01,1.230604858666454610e-01,-8.095123291015625389e-02,1.320240950949602698e-01,-1.029912671160207044e-01,-9.858815533380232976e-01,1.647653442382812639e+00,0.000000000000000000e+00,0.000000000000000000e+00,0.000000000000000000e+00,1.000000000000000000e+00
9.792063555784172868e-01,1.682588189416178992e-01,1.133308565361011433e-01,3.789524459838867348e-02,1.541724442005713847e-01,-9.803135947369080450e-01,1.233536113100176523e-01,-8.093805694580077925e-02,1.318551123167250871e-01,-1.033161450228039790e-01,-9.858701758008358018e-01,1.647630493164062626e+00,0.000000000000000000e+00,0.000000000000000000e+00,0.000000000000000000e+00,1.000000000000000000e+00
9.791333679687884706e-01,1.682512730586413485e-01,1.139708596275557789e-01,3.789662551879882657e-02,1.541032071799572911e-01,-9.803295710002418728e-01,1.233131532292210536e-01,-8.094648742675782105e-02,1.324765989409022737e-01,-1.031767480425154065e-01,-9.858014553633115407e-01,1.647611816406250096e+00,0.000000000000000000e+00,0.000000000000000000e+00,0.000000000000000000e+00,1.000000000000000000e+00
9.791999593064105722e-01,1.682993731041811380e-01,1.133259048367299127e-01,3.789549255371094105e-02,1.541970719393156442e-01,-9.802941985900418542e-01,1.234769096473066902e-01,-8.094666290283203391e-02,1.318738135478968454e-01,-1.034340622012267646e-01,-9.858553099095664907e-01,1.647670166015624993e+00,0.000000000000000000e+00,0.000000000000000000e+00,0.000000000000000000e+00,1.000000000000000000e+00
9.791957713899711591e-01,1.683379971046203571e-01,1.133047219792920612e-01,3.790776824951171825e-02,1.541566590621030464e-01,-9.802238245686726303e-01,1.240845607429660880e-01,-8.094456481933594294e-02,1.319521343473093189e-01,-1.040363997780062721e-01,-9.857814472602032252e-01,1.647585693359375103e+00,0.000000000000000000e+00,0.000000000000000000e+00,0.000000000000000000e+00,1.000000000000000000e+00
9.791850594947775210e-01,1.682996618045249915e-01,1.134541453570182823e-01,3.790256500244140736e-02,1.541385382013012451e-01,-9.802606887043274764e-01,1.238155613082753542e-01,-8.095935821533203902e-02,1.320527557583518197e-01,-1.037506916478141278e-01,-9.857980846396614538e-01,1.647621093749999988e+00,0.000000000000000000e+00,0.000000000000000000e+00,0.000000000000000000e+00,1.000000000000000000e+00
9.791934952897772826e-01,1.683763412563975825e-01,1.132674114090128220e-01,3.789625930786132829e-02,1.541990896612928930e-01,-9.802172495561197740e-01,1.240837798435570349e-01,-8.094826507568358975e-02,1.319194433350064644e-01,-1.040362983662188878e-01,-9.857858332784242839e-01,1.647617675781249957e+00,0.000000000000000000e+00,0.000000000000000000e+00,0.000000000000000000e+00,1.000000000000000000e+00
9.792248169888059239e-01,1.682774996689995195e-01,1.131434527420374925e-01,3.789423751831054454e-02,1.541668823994990500e-01,-9.802730365739967811e-01,1.236824406988103059e-01,-8.095024108886718361e-02,1.317244478616586834e-01,-1.036699419848663845e-01,-9.858505023401852307e-01,1.647674194335937425e+00,0.000000000000000000e+00,0.000000000000000000e+00,0.000000000000000000e+00,1.000000000000000000e+00
9.791753190632852544e-01,1.683500675798459412e-01,1.134634270731086914e-01,3.789660644531250150e-02,1.541193916570047784e-01,-9.801988799800158692e-01,1.243276670785598420e-01,-8.093740844726562966e-02,1.321472952904754750e-01,-1.042516687242163037e-01,-9.857325610507283731e-01,1.647638427734374966e+00,0.000000000000000000e+00,0.000000000000000000e+00,0.000000000000000000e+00,1.000000000000000000e+00
9.792404793327458279e-01,1.683725759543621414e-01,1.128661122864902666e-01,3.789495468139648243e-02,1.542290562079886296e-01,-9.802043058218061766e-01,1.241487699076557621e-01,-8.094176483154297275e-02,1.315350974355026237e-01,-1.041642669771333379e-01,-9.858236777577160659e-01,1.647643066406250023e+00,0.000000000000000000e+00,0.000000000000000000e+00,0.000000000000000000e+00,1.000000000000000000e+00
9.791809961378457050e-01,1.683442331420786087e-01,1.134230839393001317e-01,3.790242004394531183e-02,1.541875269674141957e-01,-9.802540178812877425e-01,1.238073784362829638e-01,-8.094098663330077936e-02,1.320256919321726730e-01,-1.037414073328366687e-01,-9.858026866845279734e-01,1.647618530273437631e+00,0.000000000000000000e+00,0.000000000000000000e+00,0.000000000000000000e+00,1.000000000000000000e+00
9.792395649481532294e-01,1.683397527169986918e-01,1.129229918808913741e-01,3.789506912231445368e-02,1.542498656898523834e-01,-9.802575741773681406e-01,1.237015246573961863e-01,-8.094934844970703980e-02,1.315175021615550000e-01,-1.037150708580080877e-01,-9.858733847214377066e-01,1.647649902343750083e+00,0.000000000000000000e+00,0.000000000000000000e+00,0.000000000000000000e+00,1.000000000000000000e+00
9.791589294246954012e-01,1.683363669280577013e-01,1.136250786461642931e-01,3.790012741088867598e-02,1.541214099273269245e-01,-9.802295759365875494e-01,1.240829136553093653e-01,-8.095269775390624700e-02,1.322663295396736549e-01,-1.039848355705793731e-01,-9.857447803774881390e-01,1.647650268554687436e+00,0.000000000000000000e+00,0.000000000000000000e+00,0.000000000000000000e+00,1.000000000000000000e+00
9.792063093629922443e-01,1.683313554852299554e-01,1.132234890127192667e-01,3.790028381347656378e-02,1.541738967108954028e-01,-9.802355895892614912e-01,1.239701515509742669e-01,-8.095355987548828736e-02,1.318537571580210011e-01,-1.039362480711061298e-01,-9.858051750017421400e-01,1.647637695312500039e+00,0.000000000000000000e+00,0.000000000000000000e+00,0.000000000000000000e+00,1.000000000000000000e+00
9.792446063408162260e-01,1.682876667361060397e-01,1.129569040693712834e-01,3.790426635742187578e-02,1.541579245577966162e-01,-9.802377414231893127e-01,1.239729994216379610e-01,-8.091973114013671642e-02,1.315877473340604509e-01,-1.039866891197236826e-01,-9.858353986530739022e-01,1.647641601562499947e+00,0.000000000000000000e+00,0.000000000000000000e+00,0.000000000000000000e+00,1.000000000000000000e+00
9.791981468419953538e-01,1.684010462622194393e-01,1.131904449986502192e-01,3.790989685058594044e-02,1.541563275431022950e-01,-9.801522602529889605e-01,1.246490007957594959e-01,-8.094866943359374512e-02,1.319348926540147293e-01,-1.046070472709526578e-01,-9.857233637089194422e-01,1.647608886718749943e+00,0.000000000000000000e+00,0.000000000000000000e+00,0.000000000000000000e+00,1.000000000000000000e+00
9.792000172854974371e-01,1.683166603617822499e-01,1.132997263577361635e-01,3.790069961547851835e-02,1.541972210326120474e-01,-9.802754167267991869e-01,1.236257432209009050e-01,-8.093469238281250644e-02,1.318732087040473955e-01,-1.035838269507203396e-01,-9.858396662847067615e-01,1.647639770507812518e+00,0.000000000000000000e+00,0.000000000000000000e+00,0.000000000000000000e+00,1.000000000000000000e+00
9.792028688791589719e-01,1.683055870408008414e-01,1.132915307941251559e-01,3.790199279785156500e-02,1.541582973803218293e-01,-9.802544587974220125e-01,1.238402816395920980e-01,-8.095478820800781905e-02,1.318975395055762834e-01,-1.037999295694589652e-01,-9.858136810238282699e-01,1.647645874023437429e+00,0.000000000000000000e+00,0.000000000000000000e+00,0.000000000000000000e+00,1.000000000000000000e+00
9.791884441819931340e-01,1.684190194377574445e-01,1.132476254588670600e-01,3.789464187622070684e-02,1.541958321569992796e-01,-9.801722284866831725e-01,1.244429501774195063e-01,-8.094564056396484630e-02,1.319607370616656672e-01,-1.043907869262105242e-01,-9.857428302955433264e-01,1.647667968749999989e+00,0.000000000000000000e+00,0.000000000000000000e+00,0.000000000000000000e+00,1.000000000000000000e+00
9.792080238297565797e-01,1.682952829852614185e-01,1.132622787707119050e-01,3.790103149414062594e-02,1.541425216656814312e-01,-9.802488683907307765e-01,1.239041526069126348e-01,-8.095236968994140581e-02,1.318777050223751690e-01,-1.038694071591965556e-01,-9.858090165820300177e-01,1.647597412109375048e+00,0.000000000000000000e+00,0.000000000000000000e+00,0.000000000000000000e+00,1.000000000000000000e+00
9.791841034345087902e-01,1.683015818268858432e-01,1.134595484554973416e-01,3.789827728271484564e-02,1.541750910483172532e-01,-9.802880997862537527e-01,1.235527527726479335e-01,-8.096070098876953502e-02,1.320171688887486761e-01,-1.034882552371235165e-01,-9.858304357984570832e-01,1.647643066406250023e+00,0.000000000000000000e+00,0.000000000000000000e+00,0.000000000000000000e+00,1.000000000000000000e+00
9.791206625587994816e-01,1.683374803667179176e-01,1.139527132375658669e-01,3.790382385253906333e-02,1.541517691632469655e-01,-9.802847799446244847e-01,1.236081804443400350e-01,-8.094679260253906383e-02,1.325140000688949382e-01,-1.034613111878269071e-01,-9.857666036507003460e-01,1.647635253906249986e+00,0.000000000000000000e+00,0.000000000000000000e+00,0.000000000000000000e+00,1.000000000000000000e+00
9.791841856797918187e-01,1.683449740545883422e-01,1.133944453011823533e-01,3.790218353271484347e-02,1.541919582953563406e-01,-9.802539551384137351e-01,1.238023563287061063e-01,-8.093818664550780917e-02,1.319968579612634529e-01,-1.037407978861585450e-01,-9.858066120402608767e-01,1.647649780273437559e+00,0.000000000000000000e+00,0.000000000000000000e+00,0.000000000000000000e+00,1.000000000000000000e+00
9.791391528266575328e-01,1.684236572765481499e-01,1.136661386319048894e-01,3.789357757568359575e-02,1.541360870913383863e-01,-9.801626757968233683e-01,1.245921170499276615e-01,-8.095725250244140137e-02,1.323955666103171502e-01,-1.044729660936424692e-01,-9.856758155182310244e-01,1.647677612304687456e+00,0.000000000000000000e+00,0.000000000000000000e+00,0.000000000000000000e+00,1.000000000000000000e+00
9.792005206424412300e-01,1.683481904985267841e-01,1.132485193256135420e-01,3.789446640014648704e-02,1.541745387862255567e-01,-9.802226565904448297e-01,1.240715724766387612e-01,-8.093625640869141213e-02,1.318959891870361834e-01,-1.040309101308016376e-01,-9.857895403044862892e-01,1.647662231445312431e+00,0.000000000000000000e+00,0.000000000000000000e+00,0.000000000000000000e+00,1.000000000000000000e+00
9.792109917469260516e-01,1.683499253286052932e-01,1.131553634780714246e-01,3.789718627929687667e-02,1.542312017806839186e-01,-9.802563746282098034e-01,1.237342975817314755e-01,-8.093379211425781594e-02,1.317519261312235790e-01,-1.037098965509634790e-01,-9.858426280690548715e-01,1.647650024414062608e+00,0.000000000000000000e+00,0.000000000000000000e+00,0.000000000000000000e+00,1.000000000000000000e+00
9.792008931921989401e-01,1.683379259135051875e-01,1.132605556702755978e-01,3.790035629272461154e-02,1.542219823146938340e-01,-9.802709104799682827e-01,1.236305877916180768e-01,-8.095856475830078003e-02,1.318377447566766447e-01,-1.035919145778953082e-01,-9.858435597454395793e-01,1.647624145507812443e+00,0.000000000000000000e+00,0.000000000000000000e+00,0.000000000000000000e+00,1.000000000000000000e+00
9.791411453563766409e-01,1.684338030754669591e-01,1.136339361799025283e-01,3.789969253540038940e-02,1.541854285828002658e-01,-9.801887420706300036e-01,1.243257154845078122e-01,-8.095381164550781439e-02,1.323233580398469889e-01,-1.042117263053031345e-01,-9.857131656914842610e-01,1.647617309570312605e+00,0.000000000000000000e+00,0.000000000000000000e+00,0.000000000000000000e+00,1.000000000000000000e+00
9.791059820761301991e-01,1.683582793764173136e-01,1.140480847193358349e-01,3.789931106567382552e-02,1.541161652296187123e-01,-9.802468283060460363e-01,1.239530685818396732e-01,-8.094036102294921431e-02,1.326637986703737560e-01,-1.037865374764453535e-01,-9.857122659077531823e-01,1.647608520507812591e+00,0.000000000000000000e+00,0.000000000000000000e+00,0.000000000000000000e+00,1.000000000000000000e+00
9.791678069319010858e-01,1.683760863431214838e-01,1.134896445317601921e-01,3.789811325073242504e-02,1.541988976165732106e-01,-9.802394947509732726e-01,1.239081631862504196e-01,-8.094830322265625377e-02,1.321102033985458446e-01,-1.038269063303467465e-01,-9.857823632424475013e-01,1.647635009765624936e+00,0.000000000000000000e+00,0.000000000000000000e+00,0.000000000000000000e+00,1.000000000000000000e+00
9.791922436241573546e-01,1.681333012366746926e-01,1.136386511779651498e-01,3.789323806762695535e-02,1.541583232086617961e-01,-9.804503308787277938e-01,1.222798432501755322e-01,-8.095010375976562089e-02,1.319763668684033608e-01,-1.022171301448604880e-01,-9.859685070493711123e-01,1.647694580078125082e+00,0.000000000000000000e+00,0.000000000000000000e+00,0.000000000000000000e+00,1.000000000000000000e+00
9.792660266132847680e-01,1.683356142990287685e-01,1.126994679650192288e-01,3.789731597900390658e-02,1.542361672511982640e-01,-9.802283396420995443e-01,1.239500176448283669e-01,-8.095044708251952770e-02,1.313364147245164038e-01,-1.039977072875238190e-01,-9.858677512964143519e-01,1.647627319335937424e+00,0.000000000000000000e+00,0.000000000000000000e+00,0.000000000000000000e+00,1.000000000000000000e+00
9.792047530611642792e-01,1.682965946568504012e-01,1.132886040576563669e-01,3.790251922607421747e-02,1.541851424999140241e-01,-9.802837640043651213e-01,1.235746084829557473e-01,-8.095129394531250244e-02,1.318521649981745369e-01,-1.035374244239366387e-01,-9.858473554911795222e-01,1.647649047851562631e+00,0.000000000000000000e+00,0.000000000000000000e+00,0.000000000000000000e+00,1.000000000000000000e+00
9.791648649484998579e-01,1.682604379187462029e-01,1.136863768521900048e-01,3.790520477294921642e-02,1.541370791088620129e-01,-9.803194422671679398e-01,1.233513354478889684e-01,-8.095281982421875799e-02,1.322041152694378996e-01,-1.032580076525833751e-01,-9.858295267242935811e-01,1.647567871093750025e+00,0.000000000000000000e+00,0.000000000000000000e+00,0.000000000000000000e+00,1.000000000000000000e+00
9.791905720486435705e-01,1.683241264425678618e-01,1.133702433110079233e-01,3.789925003051757696e-02,1.541353172181547937e-01,-9.802266753600907823e-01,1.240885526491568719e-01,-8.093773651123047086e-02,1.320156339117057598e-01,-1.040319824373745067e-01,-9.857734116078811226e-01,1.647622558593750064e+00,0.000000000000000000e+00,0.000000000000000000e+00,0.000000000000000000e+00,1.000000000000000000e+00
9.791645027909947618e-01,1.683366940698195202e-01,1.135765552555100533e-01,3.789619445800781333e-02,1.541951019163652903e-01,-9.802822762823144576e-01,1.235739833126940912e-01,-8.094516754150390958e-02,1.321391199420734186e-01,-1.034863094153437302e-01,-9.858143013491567075e-01,1.647609252929687518e+00,0.000000000000000000e+00,0.000000000000000000e+00,0.000000000000000000e+00,1.000000000000000000e+00
9.792456618225088283e-01,1.682603512172907434e-01,1.129884419311588672e-01,3.790027236938476457e-02,1.542150696813089084e-01,-9.803117560389004170e-01,1.233149352475884641e-01,-8.093778991699218661e-02,1.315129122367303394e-01,-1.033310949335283779e-01,-9.859143161222746476e-01,1.647612670898437548e+00,0.000000000000000000e+00,0.000000000000000000e+00,0.000000000000000000e+00,1.000000000000000000e+00
9.791203033632832620e-01,1.684217125216143085e-01,1.138312711563880114e-01,3.790450668334961054e-02,1.541647942029597540e-01,-9.802036374535848529e-01,1.242338333591964661e-01,-8.094641876220703969e-02,1.325015010109375779e-01,-1.040910941149541524e-01,-9.857019815115523054e-01,1.647620727539062635e+00,0.000000000000000000e+00,0.000000000000000000e+00,0.000000000000000000e+00,1.000000000000000000e+00
9.792055679237989807e-01,1.682547942282945075e-01,1.133436366375485949e-01,3.790276718139648504e-02,1.541412935275753016e-01,-9.802942244026946472e-01,1.235463282836257171e-01,-8.092951965332031983e-02,1.318973744116092861e-01,-1.035063177874366025e-01,-9.858445743632258118e-01,1.647633056640624982e+00,0.000000000000000000e+00,0.000000000000000000e+00,0.000000000000000000e+00,1.000000000000000000e+00
9.792108385487023892e-01,1.682603331731873653e-01,1.132898669307880052e-01,3.789834594726562700e-02,1.541755184629158559e-01,-9.803105303069146181e-01,1.233741207712037991e-01,-8.093289947509765825e-02,1.318182201952323440e-01,-1.033427522849303393e-01,-9.858723205236756826e-01,1.647635375976562511e+00,0.000000000000000000e+00,0.000000000000000000e+00,0.000000000000000000e+00,1.000000000000000000e+00
9.791836098768997854e-01,1.684329623160562561e-01,1.132686865549402122e-01,3.789764785766601418e-02,1.541997987410412274e-01,-9.801642468955817922e-01,1.245008882532144395e-01,-8.094074249267578514e-02,1.319919702734438927e-01,-1.044432205222291660e-01,-9.857330944379820714e-01,1.647635742187500085e+00,0.000000000000000000e+00,0.000000000000000000e+00,0.000000000000000000e+00,1.000000000000000000e+00
9.791634510163579330e-01,1.682886445407708875e-01,1.136568005548580507e-01,3.789747619628906078e-02,1.541418020815941425e-01,-9.802937019055809609e-01,1.235498395599557014e-01,-8.094913482666016291e-02,1.322090807954407476e-01,-1.034562232196894055e-01,-9.858080791068527526e-01,1.647626464843749972e+00,0.000000000000000000e+00,0.000000000000000000e+00,0.000000000000000000e+00,1.000000000000000000e+00
9.791417676348637134e-01,1.682816750152557883e-01,1.138537514837991982e-01,3.789699554443359125e-02,1.540700335869892024e-01,-9.802635551923655211e-01,1.238781139351427946e-01,-8.094510650634766102e-02,1.324530997122335962e-01,-1.037527841346150698e-01,-9.857441535007636091e-01,1.647657348632812546e+00,0.000000000000000000e+00,0.000000000000000000e+00,0.000000000000000000e+00,1.000000000000000000e+00
9.791562541921997598e-01,1.683207861726224441e-01,1.136712048785041979e-01,3.789829635620117071e-02,1.541807951119441855e-01,-9.802953931222598838e-01,1.234877509792891154e-01,-8.094184112548828691e-02,1.322169138005771793e-01,-1.033878869379993709e-01,-9.858141977774242948e-01,1.647659057617187450e+00,0.000000000000000000e+00,0.000000000000000000e+00,0.000000000000000000e+00,1.000000000000000000e+00
9.791545723761602149e-01,1.683594149773803006e-01,1.136284769911713316e-01,3.789696884155273338e-02,1.541607368637707698e-01,-9.802390568954862937e-01,1.239591002962951161e-01,-8.093265533447266402e-02,1.322527527293028971e-01,-1.038580701010854146e-01,-9.857599660517767370e-01,1.647652221679687612e+00,0.000000000000000000e+00,0.000000000000000000e+00,0.000000000000000000e+00,1.000000000000000000e+00
9.792510472974867985e-01,1.682718113524939996e-01,1.129246822927838928e-01,3.789493560791015736e-02,1.542301935085565734e-01,-9.803065095872484092e-01,1.233377260661930735e-01,-8.094676971435546542e-02,1.314550637179439652e-01,-1.033622018197017517e-01,-9.859187702127872877e-01,1.647650512695312486e+00,0.000000000000000000e+00,0.000000000000000000e+00,0.000000000000000000e+00,1.000000000000000000e+00
9.791374087845505780e-01,1.682871253985933069e-01,1.138831776152837566e-01,3.789652252197265453e-02,1.541055610640240658e-01,-9.802891346418756147e-01,1.236312604167133788e-01,-8.092926788330077892e-02,1.324439910596871273e-01,-1.035019609870314883e-01,-9.857717450322973640e-01,1.647664550781249959e+00,0.000000000000000000e+00,0.000000000000000000e+00,0.000000000000000000e+00,1.000000000000000000e+00
9.792339436950681097e-01,1.683983390110522227e-01,1.128843786080374750e-01,3.790615463256836321e-02,1.541968880592974878e-01,-9.801561170934218747e-01,1.245684785054980287e-01,-8.093614959716796675e-02,1.316214390904175691e-01,-1.045752625751662640e-01,-9.857686398080953705e-01,1.647601806640625055e+00,0.000000000000000000e+00,0.000000000000000000e+00,0.000000000000000000e+00,1.000000000000000000e+00
9.792093857922314903e-01,1.683175711276937991e-01,1.132173751068034917e-01,3.789425659179687655e-02,1.542059642233905015e-01,-9.802732571431860276e-01,1.236319615949843798e-01,-8.094491577148438255e-02,1.317933965505682092e-01,-1.036027826825274833e-01,-9.858483473872143854e-01,1.647648559570312532e+00,0.000000000000000000e+00,0.000000000000000000e+00,0.000000000000000000e+00,1.000000000000000000e+00
9.792389368367467872e-01,1.683518467387953854e-01,1.129104082114445601e-01,3.789295959472656350e-02,1.542246928837158193e-01,-9.802249771732222117e-01,1.239908796270104974e-01,-8.095063781738282005e-02,1.315516958756573207e-01,-1.040031241136217810e-01,-9.858384763676276696e-01,1.647651367187499938e+00,0.000000000000000000e+00,0.000000000000000000e+00,0.000000000000000000e+00,1.000000000000000000e+00
9.791933456360252253e-01,1.683058217669485268e-01,1.133734634801287777e-01,3.790048217773437506e-02,1.541408840886895337e-01,-9.802486905348558599e-01,1.239075968496600455e-01,-8.094172668457030873e-02,1.319885590287473154e-01,-1.038540084159146060e-01,-9.857958030045889108e-01,1.647618652343749934e+00,0.000000000000000000e+00,0.000000000000000000e+00,0.000000000000000000e+00,1.000000000000000000e+00
9.791953845664120859e-01,1.682351563843170195e-01,1.134607024488272775e-01,3.789623641967773682e-02,1.541278662433781532e-01,-9.803137732235891466e-01,1.234078882219182133e-01,-8.094527435302734109e-02,1.319886347042814601e-01,-1.033529785950774021e-01,-9.858484478480582514e-01,1.647645263671875027e+00,0.000000000000000000e+00,0.000000000000000000e+00,0.000000000000000000e+00,1.000000000000000000e+00
9.792044287779602119e-01,1.683720859773871759e-01,1.131791823846244327e-01,3.789741134643554582e-02,1.541564295395904116e-01,-9.801787316458101529e-01,1.244405450840532362e-01,-8.094005584716797153e-02,1.318881415944361257e-01,-1.044054342112245432e-01,-9.857509946299478631e-01,1.647637573242187514e+00,0.000000000000000000e+00,0.000000000000000000e+00,0.000000000000000000e+00,1.000000000000000000e+00
9.791859571402914408e-01,1.682588479368297696e-01,1.135069223889995649e-01,3.789465713500976551e-02,1.541405285188067187e-01,-9.803059486577396786e-01,1.234542202364583424e-01,-8.094908142089843328e-02,1.320437761016947931e-01,-1.033886217976612149e-01,-9.858373263756985416e-01,1.647640258789062617e+00,0.000000000000000000e+00,0.000000000000000000e+00,0.000000000000000000e+00,1.000000000000000000e+00
9.791373516364714202e-01,1.683160277261395721e-01,1.138409479968025551e-01,3.788917160034179638e-02,1.541021437226440249e-01,-9.802550923075641354e-01,1.239051383324138722e-01,-8.095309448242188344e-02,1.324483896859560139e-01,-1.037770148712250373e-01,-9.857422357056710993e-01,1.647658569335937573e+00,0.000000000000000000e+00,0.000000000000000000e+00,0.000000000000000000e+00,1.000000000000000000e+00
9.792067665226341644e-01,1.684266793974902032e-01,1.130776815442495614e-01,3.789328002929687883e-02,1.541948326827935756e-01,-9.801470290754633607e-01,1.246425086736794585e-01,-8.094432830810546764e-02,1.318258774680182432e-01,-1.046147937037492648e-01,-9.857371267067650544e-01,1.647637329101562464e+00,0.000000000000000000e+00,0.000000000000000000e+00,0.000000000000000000e+00,1.000000000000000000e+00
9.792123641910649434e-01,1.682633492631508410e-01,1.132721991933260952e-01,3.789563751220702964e-02,1.541623485630740364e-01,-9.802956079103081199e-01,1.235090741495419864e-01,-8.095291900634765669e-02,1.318222898483518701e-01,-1.034793042424750342e-01,-9.858574529274658493e-01,1.647650878906250060e+00,0.000000000000000000e+00,0.000000000000000000e+00,0.000000000000000000e+00,1.000000000000000000e+00
9.791840289711249978e-01,1.682689509250377968e-01,1.135085792460744092e-01,3.789580154418945718e-02,1.541646991229496111e-01,-9.803155221069125291e-01,1.233479738811374821e-01,-8.095187377929687067e-02,1.320298562909372475e-01,-1.032813500630127418e-01,-9.858504347906714704e-01,1.647663818359375032e+00,0.000000000000000000e+00,0.000000000000000000e+00,0.000000000000000000e+00,1.000000000000000000e+00
9.791744853607179389e-01,1.683182642392240802e-01,1.135177921828482983e-01,3.789943313598632957e-02,1.541568741129533127e-01,-9.802638534919866364e-01,1.237676682367594427e-01,-8.093435668945313244e-02,1.321097474916088366e-01,-1.036905948509132258e-01,-9.857967717319667811e-01,1.647639160156250115e+00,0.000000000000000000e+00,0.000000000000000000e+00,0.000000000000000000e+00,1.000000000000000000e+00
9.792136530554492735e-01,1.683680704157202723e-01,1.131053249599204280e-01,3.789480590820312744e-02,1.541898832141219700e-01,-9.802015918448711007e-01,1.242188361690619858e-01,-8.095365905761718606e-02,1.317805053269168747e-01,-1.041970834969381254e-01,-9.857874345955696116e-01,1.647641235351562594e+00,0.000000000000000000e+00,0.000000000000000000e+00,0.000000000000000000e+00,1.000000000000000000e+00
9.792656792336860150e-01,1.682764653431020885e-01,1.127907828087885561e-01,3.789081573486328264e-02,1.542010651994348835e-01,-9.802658460615185643e-01,1.236968170029238701e-01,-8.095349884033203880e-02,1.313802152774426468e-01,-1.037395886676198975e-01,-9.858891097769191258e-01,1.647650756835937536e+00,0.000000000000000000e+00,0.000000000000000000e+00,0.000000000000000000e+00,1.000000000000000000e+00
9.792075320793235393e-01,1.683418494378478292e-01,1.131973093627489102e-01,3.789397811889648471e-02,1.542243039136845517e-01,-9.802627504097486399e-01,1.236923774589785280e-01,-8.095146179199218250e-02,1.317857093977202465e-01,-1.036627314272585282e-01,-9.858430731671140590e-01,1.647654663085937443e+00,0.000000000000000000e+00,0.000000000000000000e+00,0.000000000000000000e+00,1.000000000000000000e+00
9.791325669042073576e-01,1.683650914115096542e-01,1.138095445099942121e-01,3.790201187133789007e-02,1.541397995464314497e-01,-9.802352657008185366e-01,1.240151042100599704e-01,-8.093236541748047297e-02,1.324399434587779090e-01,-1.038846469428475888e-01,-9.857320333164566462e-01,1.647621948242187440e+00,0.000000000000000000e+00,0.000000000000000000e+00,0.000000000000000000e+00,1.000000000000000000e+00
9.791610989618255712e-01,1.684566466115404448e-01,1.134279528699387862e-01,3.789792633056640603e-02,1.541954075645332323e-01,-9.801543143256477020e-01,1.245844950016951336e-01,-8.095396423339844272e-02,1.321639836183744754e-01,-1.044982216174729639e-01,-9.857042168484964062e-01,1.647630249023437576e+00,0.000000000000000000e+00,0.000000000000000000e+00,0.000000000000000000e+00,1.000000000000000000e+00
9.791567558174630870e-01,1.683950800318010643e-01,1.135567900132124358e-01,3.789725494384765803e-02,1.541588228559786777e-01,-9.801967016903015972e-01,1.242959505821226024e-01,-8.094796752929687977e-02,1.322388175713943015e-01,-1.041994386574984638e-01,-9.857258098024938020e-01,1.647627319335937424e+00,0.000000000000000000e+00,0.000000000000000000e+00,0.000000000000000000e+00,1.000000000000000000e+00
9.791356126457450015e-01,1.684363496204400179e-01,1.136778262256221139e-01,3.789372253417969127e-02,1.541686942282713413e-01,-9.801775423292159450e-01,1.244347187621203943e-01,-8.094702148437500633e-02,1.323837821214955968e-01,-1.043129025576372271e-01,-9.856943504916771959e-01,1.647632324218750055e+00,0.000000000000000000e+00,0.000000000000000000e+00,0.000000000000000000e+00,1.000000000000000000e+00
9.792529274245719284e-01,1.682466715141357760e-01,1.129458350485781915e-01,3.789308547973632701e-02,1.541870640937365311e-01,-9.802984353272198303e-01,1.234557692502002146e-01,-8.094126892089843761e-02,1.314916476304108517e-01,-1.034796367379552939e-01,-9.859015728682153368e-01,1.647655151367187543e+00,0.000000000000000000e+00,0.000000000000000000e+00,0.000000000000000000e+00,1.000000000000000000e+00
9.791789819276413009e-01,1.682104034311938667e-01,1.136388205177395611e-01,3.789440917968749795e-02,1.541538254082533976e-01,-9.803747743951254368e-01,1.228897873775871702e-01,-8.092891693115233931e-02,1.320799737399646623e-01,-1.028132379959986326e-01,-9.858926506621439323e-01,1.647634277343750009e+00,0.000000000000000000e+00,0.000000000000000000e+00,0.000000000000000000e+00,1.000000000000000000e+00
9.791571980209253789e-01,1.683840544553666108e-01,1.135693258278084455e-01,3.789544677734375117e-02,1.541750308865744989e-01,-9.802211376777102414e-01,1.240829605584091860e-01,-8.095228576660155884e-02,1.322166457558752173e-01,-1.039871696652431149e-01,-9.857511994058530957e-01,1.647619506835937608e+00,0.000000000000000000e+00,0.000000000000000000e+00,0.000000000000000000e+00,1.000000000000000000e+00
9.792299088827139952e-01,1.682589498215612267e-01,1.131269700579720372e-01,3.789183044433593744e-02,1.541334678436075689e-01,-9.802626258803285308e-01,1.238065361469524728e-01,-8.094808197021484408e-02,1.317256984800443398e-01,-1.037984109085894890e-01,-9.858368172536448037e-01,1.647666015625000036e+00,0.000000000000000000e+00,0.000000000000000000e+00,0.000000000000000000e+00,1.000000000000000000e+00
9.792120897748400887e-01,1.682509909901162837e-01,1.132929268296789249e-01,3.789374160766601635e-02,1.542277615066192931e-01,-9.803604979493630855e-01,1.229109093658266455e-01,-8.094210815429687955e-02,1.317477924651814514e-01,-1.028829339167624396e-01,-9.859298256413745465e-01,1.647642944335937498e+00,0.000000000000000000e+00,0.000000000000000000e+00,0.000000000000000000e+00,1.000000000000000000e+00
9.791689460494945596e-01,1.682436780431635914e-01,1.136760304146418876e-01,3.789854812622070468e-02,1.541593216809201694e-01,-9.803515090283878575e-01,1.230683642722283228e-01,-8.094675445556641369e-02,1.321479422132666171e-01,-1.029805007963722346e-01,-9.858660851375951051e-01,1.647629150390625075e+00,0.000000000000000000e+00,0.000000000000000000e+00,0.000000000000000000e+00,1.000000000000000000e+00
9.791483409821835071e-01,1.683414479219949855e-01,1.137087651122996312e-01,3.789793014526367243e-02,1.541120942793935689e-01,-9.802257930271536246e-01,1.241243613522635958e-01,-8.095149993896484653e-02,1.323555391687752103e-01,-1.040122665641617927e-01,-9.857299121237665940e-01,1.647618774414062459e+00,0.000000000000000000e+00,0.000000000000000000e+00,0.000000000000000000e+00,1.000000000000000000e+00
9.792071209733308468e-01,1.682585875340124049e-01,1.133245867240655624e-01,3.790267562866211221e-02,1.541950300582014544e-01,-9.803308799942209717e-01,1.231878988988253654e-01,-8.094891357421875322e-02,1.318230136981836387e-01,-1.031523797632219741e-01,-9.858916165627502615e-01,1.647609619140625092e+00,0.000000000000000000e+00,0.000000000000000000e+00,0.000000000000000000e+00,1.000000000000000000e+00
9.791863713324260310e-01,1.683171231039895521e-01,1.134169134954433750e-01,3.789712905883789451e-02,1.541976361047536770e-01,-9.802869124820181579e-01,1.235340367517314686e-01,-8.094515991210937678e-02,1.319740096251622585e-01,-1.034742252276797669e-01,-9.858376871965226496e-01,1.647646606445312578e+00,0.000000000000000000e+00,0.000000000000000000e+00,0.000000000000000000e+00,1.000000000000000000e+00
9.791362457209369374e-01,1.683837192479627209e-01,1.137503204730988954e-01,3.789829254150390431e-02,1.541477736473868265e-01,-9.802180622741840654e-01,1.241411062903744339e-01,-8.094611358642578303e-02,1.324034599059383255e-01,-1.040166981001960228e-01,-9.857230089235360371e-01,1.647640869140625020e+00,0.000000000000000000e+00,0.000000000000000000e+00,0.000000000000000000e+00,1.000000000000000000e+00
9.790716515506310280e-01,1.683094050038700384e-01,1.144143580026715096e-01,3.788214874267577942e-02,1.540794645354904846e-01,-9.803001676219171845e-01,1.235762920988403568e-01,-8.095129394531250244e-02,1.329594665241131679e-01,-1.033611413814912727e-01,-9.857171271282338942e-01,1.647699340820312441e+00,0.000000000000000000e+00,0.000000000000000000e+00,0.000000000000000000e+00,1.000000000000000000e+00
9.791825292366784783e-01,1.683602926184470661e-01,1.133860057815425648e-01,3.789502334594726379e-02,1.541719258554228589e-01,-9.802228738355911464e-01,1.240731029978891231e-01,-8.093751525878906117e-02,1.320325403667259312e-01,-1.040092759273214817e-01,-9.857735433685483883e-01,1.647670166015624993e+00,0.000000000000000000e+00,0.000000000000000000e+00,0.000000000000000000e+00,1.000000000000000000e+00
9.791337916431360755e-01,1.683450672537235016e-01,1.138286273038333490e-01,3.789610671997070690e-02,1.541458200974318293e-01,-9.802607384101466037e-01,1.238061019420466091e-01,-8.093728637695313255e-02,1.324238808109242382e-01,-1.036765309167584359e-01,-9.857561020496098392e-01,1.647692749023437431e+00,0.000000000000000000e+00,0.000000000000000000e+00,0.000000000000000000e+00,1.000000000000000000e+00
9.792131359202695950e-01,1.682775313978352172e-01,1.132444562344754740e-01,3.789334106445312739e-02,1.541840762203796344e-01,-9.802965392321694171e-01,1.234745553120145944e-01,-8.094383239746093250e-02,1.317911418922364519e-01,-1.034474146418467855e-01,-9.858649640405414694e-01,1.647578979492187568e+00,0.000000000000000000e+00,0.000000000000000000e+00,0.000000000000000000e+00,1.000000000000000000e+00
9.791805255786434348e-01,1.682709290004122116e-01,1.135358656146591982e-01,3.789179992675781317e-02,1.541456288184084034e-01,-9.803014277897235118e-01,1.234837470665961501e-01,-8.094011688232422008e-02,1.320780960027406470e-01,-1.034118229544759293e-01,-9.858302954512623284e-01,1.647590332031249938e+00,0.000000000000000000e+00,0.000000000000000000e+00,0.000000000000000000e+00,1.000000000000000000e+00
9.791807501277867143e-01,1.683437656687885586e-01,1.134259015376872792e-01,3.789624404907226962e-02,1.541465108345682067e-01,-9.802224708936184694e-01,1.241078593512032341e-01,-8.095005035400390514e-02,1.320754018608820135e-01,-1.040398198559652349e-01,-9.857645784403217259e-01,1.647594848632812470e+00,0.000000000000000000e+00,0.000000000000000000e+00,0.000000000000000000e+00,1.000000000000000000e+00
9.791873887086346429e-01,1.683405218657487157e-01,1.133733941096088660e-01,3.789400863647460899e-02,1.541340223179785696e-01,-9.802104483308053950e-01,1.242182762205395613e-01,-8.094359588623047108e-02,1.320407549131941694e-01,-1.041582722643225739e-01,-9.857567110402367661e-01,1.647600097656249929e+00,0.000000000000000000e+00,0.000000000000000000e+00,0.000000000000000000e+00,1.000000000000000000e+00
9.791369264361367009e-01,1.683069782132030900e-01,1.138579833561800536e-01,3.789506912231445368e-02,1.541398474834712873e-01,-9.802947833490365248e-01,1.235436973561899465e-01,-8.094329833984374722e-02,1.324076535060115523e-01,-1.034161439205988631e-01,-9.857856331219410073e-01,1.647640502929687445e+00,0.000000000000000000e+00,0.000000000000000000e+00,0.000000000000000000e+00,1.000000000000000000e+00
9.791618828040405953e-01,1.683039387483410698e-01,1.136476637042781318e-01,3.789993286132812417e-02,1.541496475573913838e-01,-9.802845473168250168e-01,1.236126710729091860e-01,-8.092938995361327603e-02,1.322115479887367995e-01,-1.035180684404509166e-01,-9.858012558750267607e-01,1.647616210937500103e+00,0.000000000000000000e+00,0.000000000000000000e+00,0.000000000000000000e+00,1.000000000000000000e+00
9.791868039804699775e-01,1.682268357029536865e-01,1.135470592304552301e-01,3.790176010131836304e-02,1.541464333602035330e-01,-9.803446133167860177e-01,1.231394178282885776e-01,-8.094757843017577614e-02,1.320306024860956884e-01,-1.030736187883831145e-01,-9.858720754322164437e-01,1.647647827148437605e+00,0.000000000000000000e+00,0.000000000000000000e+00,0.000000000000000000e+00,1.000000000000000000e+00
9.792214253066193752e-01,1.682713040462812393e-01,1.131820147154002504e-01,3.789280700683593517e-02,1.541654161729237582e-01,-9.802815683062549024e-01,1.236166303345097028e-01,-8.095043182373047597e-02,1.317513744774692075e-01,-1.035993005458703820e-01,-9.858543301369144807e-01,1.647658081054687473e+00,0.000000000000000000e+00,0.000000000000000000e+00,0.000000000000000000e+00,1.000000000000000000e+00
9.791598634685788616e-01,1.682781270193951795e-01,1.137032705731834958e-01,3.790342712402344078e-02,1.541198627489925588e-01,-9.802910184009515637e-01,1.235984916924843940e-01,-8.095685577392577881e-02,1.322612175901385356e-01,-1.034987497956846719e-01,-9.857966215768364515e-01,1.647626586914062496e+00,0.000000000000000000e+00,0.000000000000000000e+00,0.000000000000000000e+00,1.000000000000000000e+00
9.792030448673412213e-01,1.682511419175834189e-01,1.133708523649589600e-01,3.789719390869140947e-02,1.541582512617728773e-01,-9.803136528896294610e-01,1.233708860554362519e-01,-8.093992614746094161e-02,1.318962868713149938e-01,-1.033280949288262474e-01,-9.858634156453618402e-01,1.647626831054687546e+00,0.000000000000000000e+00,0.000000000000000000e+00,0.000000000000000000e+00,1.000000000000000000e+00
9.792387910583200128e-01,1.682123509933966254e-01,1.131193841033179270e-01,3.789095306396484536e-02,1.541879325502407416e-01,-9.803486432321451005e-01,1.230553500209335266e-01,-8.093930816650390936e-02,1.315958644582801707e-01,-1.030589282215102070e-01,-9.859317348433973560e-01,1.647636840820312587e+00,0.000000000000000000e+00,0.000000000000000000e+00,0.000000000000000000e+00,1.000000000000000000e+00
9.791892369718052658e-01,1.682785073992440761e-01,1.134494695715086987e-01,3.789907073974609769e-02,1.541506013631453176e-01,-9.802896462585742876e-01,1.235710384257571459e-01,-8.094039154052734553e-02,1.320076902985382050e-01,-1.035111268691528141e-01,-9.858293038433801891e-01,1.647640258789062617e+00,0.000000000000000000e+00,0.000000000000000000e+00,0.000000000000000000e+00,1.000000000000000000e+00
9.792188034356387183e-01,1.683453636212837723e-01,1.130945336667232848e-01,3.789579391479492437e-02,1.542162620351581470e-01,-9.802428626727718308e-01,1.238598994953286347e-01,-8.095384979248046453e-02,1.317113492527477725e-01,-1.038449263387827837e-01,-9.858338357713806177e-01,1.647688598632812473e+00,0.000000000000000000e+00,0.000000000000000000e+00,0.000000000000000000e+00,1.000000000000000000e+00
9.792445870456605306e-01,1.684161433849676315e-01,1.127654263908399596e-01,3.789624404907226962e-02,1.542268128868700683e-01,-9.801509059659641032e-01,1.245724356382993531e-01,-8.093776702880860208e-02,1.315071440208945008e-01,-1.045954309778103636e-01,-9.857817541880322665e-01,1.647671997070312644e+00,0.000000000000000000e+00,0.000000000000000000e+00,0.000000000000000000e+00,1.000000000000000000e+00
9.792276213502940641e-01,1.683178090161220886e-01,1.130591913674328930e-01,3.789438629150390647e-02,1.541913338692157964e-01,-9.802457702655257288e-01,1.238679233545894737e-01,-8.094629669189452870e-02,1.316749715939881660e-01,-1.038621444249957643e-01,-9.858368814419370407e-01,1.647681030273437486e+00,0.000000000000000000e+00,0.000000000000000000e+00,0.000000000000000000e+00,1.000000000000000000e+00
9.791627949892149907e-01,1.683145456540108831e-01,1.136240935285863785e-01,3.789277267456054449e-02,1.541636436998615189e-01,-9.802831918509391507e-01,1.236059656154093328e-01,-8.094512176513672663e-02,1.321884710180551703e-01,-1.035136584988642500e-01,-9.858048136594230737e-01,1.647686401367187470e+00,0.000000000000000000e+00,0.000000000000000000e+00,0.000000000000000000e+00,1.000000000000000000e+00
9.792335058357275468e-01,1.683563697282902949e-01,1.129507583886963096e-01,3.789647674560547158e-02,1.541781613000131890e-01,-9.801878966885915201e-01,1.243413919953549884e-01,-8.095115661621093972e-02,1.316466316576977436e-01,-1.043447169582946976e-01,-9.857897059799702877e-01,1.647657592773437596e+00,0.000000000000000000e+00,0.000000000000000000e+00,0.000000000000000000e+00,1.000000000000000000e+00
9.792220230812324067e-01,1.682105074915615783e-01,1.132671827235484929e-01,3.789921951293945268e-02,1.541479392362405942e-01,-9.803336128862983889e-01,1.232250797302137935e-01,-8.094293212890625588e-02,1.317673796579362233e-01,-1.032048090678363839e-01,-9.858935667927611890e-01,1.647656005859374995e+00,0.000000000000000000e+00,0.000000000000000000e+00,0.000000000000000000e+00,1.000000000000000000e+00
9.791368825493554917e-01,1.683246363801833012e-01,1.138322538607083323e-01,3.790031051635742165e-02,1.541177778605575255e-01,-9.802583716833116467e-01,1.238597404006096525e-01,-8.094007873535156994e-02,1.324336655796158335e-01,-1.037320660753541512e-01,-9.857489450610054105e-01,1.647638916015625066e+00,0.000000000000000000e+00,0.000000000000000000e+00,0.000000000000000000e+00,1.000000000000000000e+00
9.791690535950324792e-01,1.683203311828212756e-01,1.135615718115690759e-01,3.790011215209961037e-02,1.541938755912135306e-01,-9.802952382124717756e-01,1.234726474492028186e-01,-8.095037078857421353e-02,1.321068250014743595e-01,-1.033900964718532517e-01,-9.858287248500984257e-01,1.647641113281250069e+00,0.000000000000000000e+00,0.000000000000000000e+00,0.000000000000000000e+00,1.000000000000000000e+00
9.791607499693821826e-01,1.683231767683321112e-01,1.136289306559473689e-01,3.789917373657226973e-02,1.541438535173485225e-01,-9.802600294470009690e-01,1.238141635330441831e-01,-8.092904663085938310e-02,1.322266922456259430e-01,-1.037187679794839695e-01,-9.857781287016864624e-01,1.647651367187499938e+00,0.000000000000000000e+00,0.000000000000000000e+00,0.000000000000000000e+00,1.000000000000000000e+00
9.791703465059605760e-01,1.683442133777178218e-01,1.135150137454711133e-01,3.789541244506836049e-02,1.540952078119006141e-01,-9.801905135553984350e-01,1.244235671623798861e-01,-8.096347808837890681e-02,1.322123271590219251e-01,-1.043397477390160394e-01,-9.857145213442654041e-01,1.647698974609375089e+00,0.000000000000000000e+00,0.000000000000000000e+00,0.000000000000000000e+00,1.000000000000000000e+00
9.791700240154689316e-01,1.684567024536879898e-01,1.133507982679247406e-01,3.789965438842773232e-02,1.541901272309273430e-01,-9.801423121626865465e-01,1.246854144352633476e-01,-8.095735168457031394e-02,1.321040072596459114e-01,-1.046106462402970061e-01,-9.857003317231517459e-01,1.647649169921874934e+00,0.000000000000000000e+00,0.000000000000000000e+00,0.000000000000000000e+00,1.000000000000000000e+00
9.791766087451926337e-01,1.683205272013253428e-01,1.134961189157232542e-01,3.789727020263671670e-02,1.541464141618521522e-01,-9.802513512638512116e-01,1.238796647817431429e-01,-8.093862152099609575e-02,1.321062144159269036e-01,-1.038050503013326076e-01,-9.857851995463470240e-01,1.647597778320312623e+00,0.000000000000000000e+00,0.000000000000000000e+00,0.000000000000000000e+00,1.000000000000000000e+00
9.791734455029876827e-01,1.683677189501791294e-01,1.134534038154936531e-01,3.790032577514648726e-02,1.541724444702538832e-01,-9.802229837892779685e-01,1.240715898879032886e-01,-8.095146942138671531e-02,1.320992845850214037e-01,-1.039962175598664051e-01,-9.857659791985959874e-01,1.647588623046875034e+00,0.000000000000000000e+00,0.000000000000000000e+00,0.000000000000000000e+00,1.000000000000000000e+00
9.791927109556793907e-01,1.682352859330756290e-01,1.134835819767929799e-01,3.789447021484375344e-02,1.541580705713556654e-01,-9.803395292469342381e-01,1.231653225287720477e-01,-8.094176483154297275e-02,1.319731945850525501e-01,-1.031081760236102485e-01,-9.858761483817833904e-01,1.647595581054687619e+00,0.000000000000000000e+00,0.000000000000000000e+00,0.000000000000000000e+00,1.000000000000000000e+00
9.791170563348596811e-01,1.683560636241861475e-01,1.139562452660166925e-01,3.789916229248047053e-02,1.541346758321232024e-01,-9.802543015524094461e-01,1.238709247326603008e-01,-8.093400573730469283e-02,1.325605208962527815e-01,-1.037195262665959045e-01,-9.857332134866652051e-01,1.647600097656249929e+00,0.000000000000000000e+00,0.000000000000000000e+00,0.000000000000000000e+00,1.000000000000000000e+00
9.791592139243903148e-01,1.683605138901919096e-01,1.135868440868077478e-01,3.790179061889648732e-02,1.541969174076643356e-01,-9.802622791280617420e-01,1.237302500629184204e-01,-8.096659851074218539e-02,1.321761871478528416e-01,-1.036368731740246879e-01,-9.857935149258019170e-01,1.647591796875000014e+00,0.000000000000000000e+00,0.000000000000000000e+00,0.000000000000000000e+00,1.000000000000000000e+00
9.791593575740044075e-01,1.683381710627923911e-01,1.136187160572467714e-01,3.789704132080078114e-02,1.541161951048422296e-01,-9.802231365968251398e-01,1.241402468448015994e-01,-8.094023132324218439e-02,1.322692363388759673e-01,-1.040426001381939414e-01,-9.857382951244285652e-01,1.647631469726562603e+00,0.000000000000000000e+00,0.000000000000000000e+00,0.000000000000000000e+00,1.000000000000000000e+00
9.792580638765149281e-01,1.682961224881702467e-01,1.128275652855560696e-01,3.789468383789062339e-02,1.542288403798269536e-01,-9.802728063108945289e-01,1.236069981936999962e-01,-8.094481658935546997e-02,1.314043725600996804e-01,-1.036418851758799942e-01,-9.858961661905762952e-01,1.647635986328125135e+00,0.000000000000000000e+00,0.000000000000000000e+00,0.000000000000000000e+00,1.000000000000000000e+00
9.792335078240484991e-01,1.683509785781023560e-01,1.129587764027426139e-01,3.789500427246093872e-02,1.542051126999870181e-01,-9.802151628480509915e-01,1.240927787582870173e-01,-8.095642089843750611e-02,1.316150461451645048e-01,-1.040969861934733925e-01,-9.858201139628072207e-01,1.647599975585937626e+00,0.000000000000000000e+00,0.000000000000000000e+00,0.000000000000000000e+00,1.000000000000000000e+00
9.791468426545154591e-01,1.683205975017369738e-01,1.137525251427504575e-01,3.789669036865234153e-02,1.541360198582032159e-01,-9.802685659589104317e-01,1.237563169100201060e-01,-8.093772888183593806e-02,1.323387619027977524e-01,-1.036422454866740422e-01,-9.857711382712089909e-01,1.647555664062499980e+00,0.000000000000000000e+00,0.000000000000000000e+00,0.000000000000000000e+00,1.000000000000000000e+00
9.791310481477213390e-01,1.682700839827380168e-01,1.139630176398787192e-01,3.789657211303711082e-02,1.541478485167364632e-01,-9.803459259021345407e-01,1.231271958778734354e-01,-8.095654296875000322e-02,1.324418036376969754e-01,-1.029905063757297901e-01,-9.858256053915745998e-01,1.647593261718750091e+00,0.000000000000000000e+00,0.000000000000000000e+00,0.000000000000000000e+00,1.000000000000000000e+00
9.791436653947028779e-01,1.683262233967708077e-01,1.137715475609200749e-01,3.789704513549804754e-02,1.541591482955239345e-01,-9.802832533443944785e-01,1.236110844921623347e-01,-8.093695068359375855e-02,1.323353298035900572e-01,-1.034940854808149985e-01,-9.857871650393227325e-01,1.647611328124999996e+00,0.000000000000000000e+00,0.000000000000000000e+00,0.000000000000000000e+00,1.000000000000000000e+00
9.791365714988168323e-01,1.683801418586630960e-01,1.137528117507361075e-01,3.789371871948242487e-02,1.541434362613766373e-01,-9.802182796533766007e-01,1.241447755280484094e-01,-8.094818115234375666e-02,1.324061003544656501e-01,-1.040204405923716019e-01,-9.857222593245481557e-01,1.647622680664062589e+00,0.000000000000000000e+00,0.000000000000000000e+00,0.000000000000000000e+00,1.000000000000000000e+00
9.792347786932779075e-01,1.682621675444480602e-01,1.130800210946721618e-01,3.788537597656250339e-02,1.541214874331353069e-01,-9.802454465752495905e-01,1.239573780776585532e-01,-8.094134521484375178e-02,1.317035128951590250e-01,-1.039553146391937466e-01,-9.858232484828816089e-01,1.647647094726562456e+00,0.000000000000000000e+00,0.000000000000000000e+00,0.000000000000000000e+00,1.000000000000000000e+00
9.791991853073255259e-01,1.682512017208010469e-01,1.134040943395629164e-01,3.789200210571289085e-02,1.541601173453712170e-01,-9.803183375139145062e-01,1.233313234908966494e-01,-8.094492340087890148e-02,1.319227566173916677e-01,-1.032835429943276262e-01,-9.858645424362352250e-01,1.647647216796874980e+00,0.000000000000000000e+00,0.000000000000000000e+00,0.000000000000000000e+00,1.000000000000000000e+00
9.791696356340202634e-01,1.683611245558139236e-01,1.134960633266276914e-01,3.788973236083984647e-02,1.541738084197482039e-01,-9.802345407985266768e-01,1.239785538827270633e-01,-8.094269561767578058e-02,1.321259302699168969e-01,-1.038979151080674929e-01,-9.857727739121759925e-01,1.647662841796875055e+00,0.000000000000000000e+00,0.000000000000000000e+00,0.000000000000000000e+00,1.000000000000000000e+00
9.791359785336597454e-01,1.682981426587275287e-01,1.138791935278564704e-01,3.789825820922851363e-02,1.541428855159219513e-01,-9.803075396358611471e-01,1.234386429685210007e-01,-8.094809722900390969e-02,1.324111263669249250e-01,-1.033095489812399792e-01,-9.857963434216698850e-01,1.647632812499999932e+00,0.000000000000000000e+00,0.000000000000000000e+00,0.000000000000000000e+00,1.000000000000000000e+00
9.792090297123906550e-01,1.683573408465413868e-01,1.131613092571842477e-01,3.788865661621093617e-02,1.542287640546103622e-01,-9.802480340927300917e-01,1.238033925041054223e-01,-8.095193481445313310e-02,1.317693608844861253e-01,-1.037766709835102469e-01,-9.858332709397034099e-01,1.647681518554687585e+00,0.000000000000000000e+00,0.000000000000000000e+00,0.000000000000000000e+00,1.000000000000000000e+00
9.792247829009518290e-01,1.682852321781617144e-01,1.131322464345439621e-01,3.789769363403320407e-02,1.541693675588008405e-01,-9.802665674318203903e-01,1.237306060841694977e-01,-8.094507598876952981e-02,1.317217926506603354e-01,-1.037185489976540087e-01,-9.858457444928784286e-01,1.647627075195312596e+00,0.000000000000000000e+00,0.000000000000000000e+00,0.000000000000000000e+00,1.000000000000000000e+00
9.792158485190362027e-01,1.684099115368541955e-01,1.130239961481342564e-01,3.790224456787109203e-02,1.542203131044203035e-01,-9.801777683603772884e-01,1.243689568905582687e-01,-8.093370056152343617e-02,1.317285733435198392e-01,-1.043534575767373629e-01,-9.857778344316033836e-01,1.647598754882812599e+00,0.000000000000000000e+00,0.000000000000000000e+00,0.000000000000000000e+00,1.000000000000000000e+00
9.791879372019065553e-01,1.682508490447288951e-01,1.135016979344500437e-01,3.789696502685546697e-02,1.541365771507592075e-01,-9.803098682316451207e-01,1.234280269302831662e-01,-8.095231628417969005e-02,1.320337048731245189e-01,-1.033644718623498021e-01,-9.858412076668809920e-01,1.647621093749999988e+00,0.000000000000000000e+00,0.000000000000000000e+00,0.000000000000000000e+00,1.000000000000000000e+00
9.792499742868445711e-01,1.682507700584571775e-01,1.129653320003542044e-01,3.788994979858398282e-02,1.542306285340375172e-01,-9.803307304540456180e-01,1.231445173340369598e-01,-8.094586181640625600e-02,1.314625463058197719e-01,-1.031665512759507436e-01,-9.859382646071794820e-01,1.647664916992187534e+00,0.000000000000000000e+00,0.000000000000000000e+00,0.000000000000000000e+00,1.000000000000000000e+00
9.792074707952505008e-01,1.683972664357999416e-01,1.131153826661924489e-01,3.789410018920898182e-02,1.541771833612256559e-01,-9.801648167642047493e-01,1.245244076813550871e-01,-8.094151306152344572e-02,1.318412881822987326e-01,-1.044954192036355867e-01,-9.857477274109682774e-01,1.647649414062499984e+00,0.000000000000000000e+00,0.000000000000000000e+00,0.000000000000000000e+00,1.000000000000000000e+00
9.791099375837506447e-01,1.683226075903093144e-01,1.140667782430234978e-01,3.789343261718750022e-02,1.541038590087817628e-01,-9.802725884601397599e-01,1.237645060276158643e-01,-8.094239044189453780e-02,1.326489003472922090e-01,-1.036009270598338000e-01,-9.857337962903562900e-01,1.647612915039062598e+00,0.000000000000000000e+00,0.000000000000000000e+00,0.000000000000000000e+00,1.000000000000000000e+00
9.791524028848316297e-01,1.684129571883468401e-01,1.135678113548756196e-01,3.790518951416015775e-02,1.541502462929465189e-01,-9.801741167900647200e-01,1.244845466017399371e-01,-8.093103027343749589e-02,1.322810398079954652e-01,-1.043828368358174774e-01,-9.857007405300163283e-01,1.647609497070312568e+00,0.000000000000000000e+00,0.000000000000000000e+00,0.000000000000000000e+00,1.000000000000000000e+00
9.791609931198237415e-01,1.682627973704131918e-01,1.137162282776030958e-01,3.789967727661133073e-02,1.542026430008671956e-01,-9.803712492727481020e-01,1.228566583093409770e-01,-8.095819854736328869e-02,1.321563257818094972e-01,-1.027611046090607938e-01,-9.858878541372633197e-01,1.647639404296874943e+00,0.000000000000000000e+00,0.000000000000000000e+00,0.000000000000000000e+00,1.000000000000000000e+00
9.792118801384892546e-01,1.682903062762287905e-01,1.132363307825639820e-01,3.788544845581054421e-02,1.541136202543146039e-01,-9.802282036936507126e-01,1.241034275740531129e-01,-8.094477081298828702e-02,1.318828489522198832e-01,-1.040722897652033435e-01,-9.857869306575706148e-01,1.647635498046875036e+00,0.000000000000000000e+00,0.000000000000000000e+00,0.000000000000000000e+00,1.000000000000000000e+00
9.792195905958456237e-01,1.683520207003940394e-01,1.130778073690803520e-01,3.790330505371093672e-02,1.541952354256088398e-01,-9.802182894364404042e-01,1.240803547155640285e-01,-8.093593597412108986e-02,1.317301133581300909e-01,-1.040658550168749030e-01,-9.858080315427855123e-01,1.647598999023437427e+00,0.000000000000000000e+00,0.000000000000000000e+00,0.000000000000000000e+00,1.000000000000000000e+00
9.792170072019601434e-01,1.683527092089108224e-01,1.130991516699231397e-01,3.789234542846679765e-02,1.541871875711603446e-01,-9.802134153390327231e-01,1.241288507087892207e-01,-8.094767761230468872e-02,1.317587340381357053e-01,-1.041106415858099460e-01,-9.857994777404068820e-01,1.647683837890625114e+00,0.000000000000000000e+00,0.000000000000000000e+00,0.000000000000000000e+00,1.000000000000000000e+00
9.791333126210167714e-01,1.683936979815082446e-01,1.137607955136867854e-01,3.790027236938476457e-02,1.541731541445633680e-01,-9.802296174656420780e-01,1.240182872977916434e-01,-8.095289611816405828e-02,1.323955990843765917e-01,-1.038915758051319055e-01,-9.857372600342423352e-01,1.647653686523437466e+00,0.000000000000000000e+00,0.000000000000000000e+00,0.000000000000000000e+00,1.000000000000000000e+00
9.792122175335877809e-01,1.683807910774919037e-01,1.130988162142810283e-01,3.789421463012695307e-02,1.541918429953353098e-01,-9.801904137120562854e-01,1.243045792426411000e-01,-8.093271636962891258e-02,1.317888788428506208e-01,-1.042816477770954764e-01,-9.857773731173984366e-01,1.647648925781250107e+00,0.000000000000000000e+00,0.000000000000000000e+00,0.000000000000000000e+00,1.000000000000000000e+00
9.792364849119145065e-01,1.684580271588614064e-01,1.127732224559640922e-01,3.788945388793945462e-02,1.542171372598792056e-01,-9.801040007410196653e-01,1.249528803462139209e-01,-8.095387268066406294e-02,1.315788022164878501e-01,-1.049668558031152527e-01,-9.857327112306270012e-01,1.647649047851562631e+00,0.000000000000000000e+00,0.000000000000000000e+00,0.000000000000000000e+00,1.000000000000000000e+00
9.792013499133590537e-01,1.683356173895954877e-01,1.132600381684533974e-01,3.789226913452148349e-02,1.541917173344314607e-01,-9.802492382442823393e-01,1.238399984938758913e-01,-8.095805358886719316e-02,1.318697487421379433e-01,-1.038005339079145217e-01,-9.858173352741964601e-01,1.647583740234374927e+00,0.000000000000000000e+00,0.000000000000000000e+00,0.000000000000000000e+00,1.000000000000000000e+00
9.791744876072202564e-01,1.682285756833049595e-01,1.136506451486509889e-01,3.789197158813476657e-02,1.541400267296248461e-01,-9.803481446649812137e-01,1.231193218455988309e-01,-8.093112945556640847e-02,1.321293872646376044e-01,-1.030371854016604721e-01,-9.858626493815331182e-01,1.647651123046875110e+00,0.000000000000000000e+00,0.000000000000000000e+00,0.000000000000000000e+00,1.000000000000000000e+00
9.792253718918785266e-01,1.683102046317531686e-01,1.130899909807669274e-01,3.789246368408203530e-02,1.541875945106291890e-01,-9.802530928239808761e-01,1.238146183132108058e-01,-8.095128631591796964e-02,1.316960771710317946e-01,-1.038053419908516184e-01,-9.858400449524883369e-01,1.647629882812500002e+00,0.000000000000000000e+00,0.000000000000000000e+00,0.000000000000000000e+00,1.000000000000000000e+00
9.792118060085438502e-01,1.683290753253685046e-01,1.131793328023813355e-01,3.789673233032226501e-02,1.541633461039050856e-01,-9.802250161417273011e-01,1.240668386314325577e-01,-8.094506835937499700e-02,1.318252695484949388e-01,-1.040396084674330979e-01,-9.857980818496300257e-01,1.647626708984375021e+00,0.000000000000000000e+00,0.000000000000000000e+00,0.000000000000000000e+00,1.000000000000000000e+00
9.791582614434182208e-01,1.683037117091741308e-01,1.136791963026579089e-01,3.789221954345703414e-02,1.542115498388645367e-01,-9.803362258736494361e-01,1.231246609583356577e-01,-8.095707702636718850e-02,1.321661717059188501e-01,-1.030278839185048423e-01,-9.858586907827495693e-01,1.647671752929687594e+00,0.000000000000000000e+00,0.000000000000000000e+00,0.000000000000000000e+00,1.000000000000000000e+00
9.792289164548193536e-01,1.683207035847986421e-01,1.130436637916479997e-01,3.789527130126953136e-02,1.541741314030347920e-01,-9.802278967401110155e-01,1.240306722491598262e-01,-8.095294952392578791e-02,1.316854828173574798e-01,-1.040260121180135583e-01,-9.858181994759391831e-01,1.647625366210937470e+00,0.000000000000000000e+00,0.000000000000000000e+00,0.000000000000000000e+00,1.000000000000000000e+00
9.791109943448839115e-01,1.683422320097832381e-01,1.140287405654259456e-01,3.789697647094726618e-02,1.541443299957707957e-01,-9.802820045001545690e-01,1.236394645059337855e-01,-8.095186614990235174e-02,1.325940657915270771e-01,-1.034798752179546394e-01,-9.857538887276828810e-01,1.647584716796875126e+00,0.000000000000000000e+00,0.000000000000000000e+00,0.000000000000000000e+00,1.000000000000000000e+00
9.791911525586469711e-01,1.683080044947090348e-01,1.133891633882079253e-01,3.789872741699219089e-02,1.541883779502071505e-01,-9.802855011731690382e-01,1.235567897557767747e-01,-8.093395233154297708e-02,1.319493495851828402e-01,-1.035024241874466788e-01,-9.858380279393614831e-01,1.647580688476562472e+00,0.000000000000000000e+00,0.000000000000000000e+00,0.000000000000000000e+00,1.000000000000000000e+00
9.791326582556969527e-01,1.684476396849458879e-01,1.136865437143005642e-01,3.789514160156250144e-02,1.541451848827185833e-01,-9.801491821848231645e-01,1.246869786300685012e-01,-8.096318817138671575e-02,1.324330000966731646e-01,-1.045608595364121152e-01,-9.856614668020666770e-01,1.647625854492187569e+00,0.000000000000000000e+00,0.000000000000000000e+00,0.000000000000000000e+00,1.000000000000000000e+00
9.792063316437936704e-01,1.683307399739002730e-01,1.132242114061488419e-01,3.789035797119140458e-02,1.541604437361271673e-01,-9.802256357575706014e-01,1.240655495725828672e-01,-8.093981170654297730e-02,1.318693203735633035e-01,-1.040310770082951142e-01,-9.857930905421831147e-01,1.647608764648437640e+00,0.000000000000000000e+00,0.000000000000000000e+00,0.000000000000000000e+00,1.000000000000000000e+00
9.792523211362004210e-01,1.682612766749087829e-01,1.129293333066928445e-01,3.789908599853515636e-02,1.542236196486398148e-01,-9.803117520581546840e-01,1.233042737261905303e-01,-8.095152282714844494e-02,1.314532871092845834e-01,-1.033296257053196027e-01,-9.859224217755487851e-01,1.647631713867187431e+00,0.000000000000000000e+00,0.000000000000000000e+00,0.000000000000000000e+00,1.000000000000000000e+00
9.791663289767024159e-01,1.682734495911147599e-01,1.136545043585824449e-01,3.789343261718750022e-02,1.541517670846887234e-01,-9.803155546947418530e-01,1.233638761072667761e-01,-8.093657684326172053e-02,1.321761434713403516e-01,-1.032737110122791818e-01,-9.858316325371164757e-01,1.647634399414062534e+00,0.000000000000000000e+00,0.000000000000000000e+00,0.000000000000000000e+00,1.000000000000000000e+00
9.792429613751542083e-01,1.682511271685566412e-01,1.130255758831972129e-01,3.789184188842773665e-02,1.542008924305471596e-01,-9.803129990371847180e-01,1.233227825356835033e-01,-8.093690490722656172e-02,1.315496384291535148e-01,-1.033343221066013312e-01,-9.859090782135683240e-01,1.647639770507812518e+00,0.000000000000000000e+00,0.000000000000000000e+00,0.000000000000000000e+00,1.000000000000000000e+00
9.792187860825289913e-01,1.683198804765018430e-01,1.131326072334359611e-01,3.789485168457031039e-02,1.541678758369596502e-01,-9.802326316084799540e-01,1.240010241483273240e-01,-8.094451904296874611e-02,1.317681108727697392e-01,-1.039827185944395410e-01,-9.858117260363317147e-01,1.647628173828125098e+00,0.000000000000000000e+00,0.000000000000000000e+00,0.000000000000000000e+00,1.000000000000000000e+00
9.792399867623514664e-01,1.683294649660836417e-01,1.129346693885535935e-01,3.789284896850585865e-02,1.542224713859334240e-01,-9.802468709021120441e-01,1.238204401794520820e-01,-8.093890380859375400e-02,1.315464847317663055e-01,-1.038328623839791104e-01,-9.858571189801618173e-01,1.647617797851562482e+00,0.000000000000000000e+00,0.000000000000000000e+00,0.000000000000000000e+00,1.000000000000000000e+00
9.791936029036865108e-01,1.683524816983305306e-01,1.133019414595823893e-01,3.789277648925781089e-02,1.541705733668312372e-01,-9.802208046691132104e-01,1.240911294234138817e-01,-8.095555114746093295e-02,1.319519698232650695e-01,-1.040414148301013475e-01,-9.857809399962604857e-01,1.647586303710937505e+00,0.000000000000000000e+00,0.000000000000000000e+00,0.000000000000000000e+00,1.000000000000000000e+00
9.792746138473940043e-01,1.683836977582262584e-01,1.125529253431650778e-01,3.789271926879882874e-02,1.541985477129066417e-01,-9.801378229965176381e-01,1.247102875262426497e-01,-8.094642639160155861e-02,1.313165585798996837e-01,-1.047701210313034675e-01,-9.857886097849875018e-01,1.647624877929687592e+00,0.000000000000000000e+00,0.000000000000000000e+00,0.000000000000000000e+00,1.000000000000000000e+00
9.791485743982575318e-01,1.683601552330224183e-01,1.136790542878171606e-01,3.790432357788085793e-02,1.541578913955425623e-01,-9.802411512294142426e-01,1.239460768113009731e-01,-8.093988037109374478e-02,1.323004677782357030e-01,-1.038371011071929778e-01,-9.857557723185366161e-01,1.647570312500000078e+00,0.000000000000000000e+00,0.000000000000000000e+00,0.000000000000000000e+00,1.000000000000000000e+00
9.791590778716461330e-01,1.682708392970468925e-01,1.137208198344296511e-01,3.789809417724609303e-02,1.540887078802726240e-01,-9.802752192269388321e-01,1.237625333991070886e-01,-8.095283508300780972e-02,1.323033269624592778e-01,-1.036601138907559672e-01,-9.857740159198862262e-01,1.647616333007812628e+00,0.000000000000000000e+00,0.000000000000000000e+00,0.000000000000000000e+00,1.000000000000000000e+00
9.791256065427138555e-01,1.681924454824465232e-01,1.141242651454860285e-01,3.788706970214843900e-02,1.540837591608583412e-01,-9.803844701529891292e-01,1.229003085663396971e-01,-8.095195770263671764e-02,1.325565606645764949e-01,-1.027501433842170214e-01,-9.858352632459956855e-01,1.647697998046875112e+00,0.000000000000000000e+00,0.000000000000000000e+00,0.000000000000000000e+00,1.000000000000000000e+00
9.791941731328089871e-01,1.682802742476562086e-01,1.134042353789677521e-01,3.789187240600586093e-02,1.541342403444714015e-01,-9.802706555439658631e-01,1.237419808829514772e-01,-8.095840454101563277e-02,1.319901786353341877e-01,-1.036879509805146843e-01,-9.858130662378518094e-01,1.647668823242187441e+00,0.000000000000000000e+00,0.000000000000000000e+00,0.000000000000000000e+00,1.000000000000000000e+00
9.792378549143971878e-01,1.684752736586863087e-01,1.127355563621372792e-01,3.789147567749023837e-02,1.542615120128266737e-01,-9.801190718714072325e-01,1.247797694558200471e-01,-8.095537567138672008e-02,1.315165746747017916e-01,-1.047983163965997139e-01,-9.857589479514106134e-01,1.647674926757812575e+00,0.000000000000000000e+00,0.000000000000000000e+00,0.000000000000000000e+00,1.000000000000000000e+00
9.792761748421127121e-01,1.683052651920563247e-01,1.126566069754964261e-01,3.789537811279296980e-02,1.542087326169568062e-01,-9.802311540108789023e-01,1.239618953193777212e-01,-8.093682098388671475e-02,1.312929555279787053e-01,-1.040202980919206904e-01,-9.858711565988712566e-01,1.647650756835937536e+00,0.000000000000000000e+00,0.000000000000000000e+00,0.000000000000000000e+00,1.000000000000000000e+00
9.791522255919090645e-01,1.682422766791477620e-01,1.138220341420275450e-01,3.789553451538085760e-02,1.540987481758156474e-01,-9.803199153384977160e-01,1.233954594033667557e-01,-8.096041107177734397e-02,1.323423398956597719e-01,-1.032831057266311997e-01,-9.858083511222673900e-01,1.647632568359375105e+00,0.000000000000000000e+00,0.000000000000000000e+00,0.000000000000000000e+00,1.000000000000000000e+00
9.792308210034105231e-01,1.683541880691138415e-01,1.129772833651813829e-01,3.789566802978515392e-02,1.542237669013973300e-01,-9.802287154486774012e-01,1.239624746952870810e-01,-8.094049072265625810e-02,1.316131791262960815e-01,-1.039640936546156053e-01,-9.858343868575717428e-01,1.647637939453125089e+00,0.000000000000000000e+00,0.000000000000000000e+00,0.000000000000000000e+00,1.000000000000000000e+00
9.792144483864942961e-01,1.682833693924421781e-01,1.132244304779705807e-01,3.790250396728515880e-02,1.540996480121943069e-01,-9.802225566480798902e-01,1.241653652224324333e-01,-8.094429016113281750e-02,1.318801067396131732e-01,-1.041366747319553421e-01,-9.857804980938299488e-01,1.647607543945312614e+00,0.000000000000000000e+00,0.000000000000000000e+00,0.000000000000000000e+00,1.000000000000000000e+00
9.791698146571133909e-01,1.682705924359454430e-01,1.136287014165455050e-01,3.790041351318359369e-02,1.540798950119383615e-01,-9.802594035324482258e-01,1.238986995061658047e-01,-8.092959594726562012e-02,1.322341106426952462e-01,-1.038099682471055052e-01,-9.857675336888868101e-01,1.647581665039062448e+00,0.000000000000000000e+00,0.000000000000000000e+00,0.000000000000000000e+00,1.000000000000000000e+00
9.792270241678406872e-01,1.683775961717961511e-01,1.129753081288250999e-01,3.789694213867187550e-02,1.541716427702535253e-01,-9.801650073483942904e-01,1.245297672656774934e-01,-8.095268249511719527e-02,1.317024665863049393e-01,-1.045253245731865843e-01,-9.857631139467297743e-01,1.647593139648437566e+00,0.000000000000000000e+00,0.000000000000000000e+00,0.000000000000000000e+00,1.000000000000000000e+00
9.791721301098372798e-01,1.683354849312792001e-01,1.135125725596715374e-01,3.789967346191406433e-02,1.542150070361896774e-01,-9.802926808476239984e-01,1.234665601748357461e-01,-8.095800018310546353e-02,1.320593473442587817e-01,-1.033896725477426032e-01,-9.858351304297685580e-01,1.647586181640624980e+00,0.000000000000000000e+00,0.000000000000000000e+00,0.000000000000000000e+00,1.000000000000000000e+00
9.791299457101078074e-01,1.684029761618718590e-01,1.137760389253620608e-01,3.789575195312500089e-02,1.541347852411245334e-01,-9.801922281324996211e-01,1.243610223796772357e-01,-8.094025421142578280e-02,1.324651553896114275e-01,-1.042287557657203684e-01,-9.856923196815202681e-01,1.647625366210937470e+00,0.000000000000000000e+00,0.000000000000000000e+00,0.000000000000000000e+00,1.000000000000000000e+00
9.791483347843089602e-01,1.683111192592346150e-01,1.137537059739986284e-01,3.789548873901367465e-02,1.541506172295862009e-01,-9.802890241681768702e-01,1.235759535797378295e-01,-8.093912506103516369e-02,1.323107164852976858e-01,-1.034639851789385945e-01,-9.857936285420189071e-01,1.647638305664062441e+00,0.000000000000000000e+00,0.000000000000000000e+00,0.000000000000000000e+00,1.000000000000000000e+00
9.791378173692592002e-01,1.683342268116990448e-01,1.138100289125307807e-01,3.789985275268555054e-02,1.541245436477481634e-01,-9.802524374700077869e-01,1.238982803733859467e-01,-8.094817352294922386e-02,1.324188794799933677e-01,-1.037725730519207940e-01,-9.857466679829290923e-01,1.647590454101562463e+00,0.000000000000000000e+00,0.000000000000000000e+00,0.000000000000000000e+00,1.000000000000000000e+00
9.792195095433110508e-01,1.682977648044472474e-01,1.131592439510989423e-01,3.789577865600585876e-02,1.542229413442426922e-01,-9.802995288802470730e-01,1.234022610825907390e-01,-8.095399475097656006e-02,1.316982782457220835e-01,-1.033861501314009418e-01,-9.858838001854578481e-01,1.647653198242187589e+00,0.000000000000000000e+00,0.000000000000000000e+00,0.000000000000000000e+00,1.000000000000000000e+00
9.790668573568740429e-01,1.683716763526486027e-01,1.143637504960985513e-01,3.789822769165038935e-02,1.541085431333080735e-01,-9.802594897730966261e-01,1.238623818724560732e-01,-8.094900512695313299e-02,1.329610685827405936e-01,-1.036451219883876840e-01,-9.856870917940178112e-01,1.647645019531249977e+00,0.000000000000000000e+00,0.000000000000000000e+00,0.000000000000000000e+00,1.000000000000000000e+00
9.791787729869693147e-01,1.682894673818622067e-01,1.135235028532090434e-01,3.790283966064453280e-02,1.541567902354542829e-01,-9.802914937186683053e-01,1.235486599163427707e-01,-8.093503570556641324e-02,1.320780623572119505e-01,-1.034758064049327159e-01,-9.858235861110310472e-01,1.647635498046875036e+00,0.000000000000000000e+00,0.000000000000000000e+00,0.000000000000000000e+00,1.000000000000000000e+00
9.792027797108009413e-01,1.682299623511802344e-01,1.134045676944333975e-01,3.790212249755859492e-02,1.541816958701826279e-01,-9.803552252029490433e-01,1.230107193535164567e-01,-8.094892120361328602e-02,1.318708491867530141e-01,-1.029675297586358507e-01,-9.859045425142178853e-01,1.647624267578124968e+00,0.000000000000000000e+00,0.000000000000000000e+00,0.000000000000000000e+00,1.000000000000000000e+00
9.792411284455849740e-01,1.683013433195636455e-01,1.129666773763313009e-01,3.790286254882812428e-02,1.542275119454667998e-01,-9.802806527819395432e-01,1.235464137096902310e-01,-8.093399810791016002e-02,1.315320756307321870e-01,-1.035591599919842981e-01,-9.858878300608170386e-01,1.647613403320312475e+00,0.000000000000000000e+00,0.000000000000000000e+00,0.000000000000000000e+00,1.000000000000000000e+00
9.791450024463306256e-01,1.683874897051847452e-01,1.136693340138918706e-01,3.789592361450195429e-02,1.541518123085521275e-01,-9.802096027523976574e-01,1.242028720842473094e-01,-8.095030975341796498e-02,1.323339825833271255e-01,-1.040902876486240330e-01,-9.857245705930548496e-01,1.647639160156250115e+00,0.000000000000000000e+00,0.000000000000000000e+00,0.000000000000000000e+00,1.000000000000000000e+00
9.792225151320380627e-01,1.684048251281585473e-01,1.129738055127825352e-01,3.789799880981445379e-02,1.541782053328694946e-01,-9.801441357540036092e-01,1.246858217576199690e-01,-8.095050811767577625e-02,1.317283069762198444e-01,-1.046770653992161459e-01,-9.857435595126083916e-01,1.647616577148437456e+00,0.000000000000000000e+00,0.000000000000000000e+00,0.000000000000000000e+00,1.000000000000000000e+00
9.791742024242884312e-01,1.682374786977559600e-01,1.136399228624384999e-01,3.789105987548828380e-02,1.541186894754426606e-01,-9.803220753354076056e-01,1.233533873245947488e-01,-8.094622802734374734e-02,1.321563878937788983e-01,-1.032704186662449786e-01,-9.858346259730217387e-01,1.647631103515625028e+00,0.000000000000000000e+00,0.000000000000000000e+00,0.000000000000000000e+00,1.000000000000000000e+00
9.791561092612633965e-01,1.682419963046563050e-01,1.137890345146197191e-01,3.789361953735351923e-02,1.541797457437361074e-01,-9.803800144408362227e-01,1.228154440100382716e-01,-8.094191741943360108e-02,1.322192107779432690e-01,-1.027115279041742879e-01,-9.858845887510606643e-01,1.647623291015624991e+00,0.000000000000000000e+00,0.000000000000000000e+00,0.000000000000000000e+00,1.000000000000000000e+00
9.791151540343097093e-01,1.683065859952452281e-01,1.140456410872214693e-01,3.789511108398437716e-02,1.541655131961237601e-01,-9.803335778784776355e-01,1.232033709967338131e-01,-8.094254302978515225e-02,1.325387101240464161e-01,-1.030483827850207923e-01,-9.858065333137360220e-01,1.647613037109375123e+00,0.000000000000000000e+00,0.000000000000000000e+00,0.000000000000000000e+00,1.000000000000000000e+00
9.791587690681676781e-01,1.682778287378312310e-01,1.137131360582075701e-01,3.789552307128906533e-02,1.541266881910590414e-01,-9.802976124630417010e-01,1.235376662662713426e-01,-8.093932342529297497e-02,1.322613660301728278e-01,-1.034367601703655021e-01,-9.858031079791195195e-01,1.647646484375000053e+00,0.000000000000000000e+00,0.000000000000000000e+00,0.000000000000000000e+00,1.000000000000000000e+00
9.791651363790333518e-01,1.682881108769041234e-01,1.136430703444434448e-01,3.789809036254882663e-02,1.541247685793626643e-01,-9.802795095913704460e-01,1.236836237569888114e-01,-8.093903350830078391e-02,1.322164566541820518e-01,-1.035914804063794020e-01,-9.857928858421670659e-01,1.647644165039062525e+00,0.000000000000000000e+00,0.000000000000000000e+00,0.000000000000000000e+00,1.000000000000000000e+00
9.791367273859130638e-01,1.682205871135680486e-01,1.139872938321218193e-01,3.789628601074218617e-02,1.540841702217128628e-01,-9.803451085612975291e-01,1.232133783605656174e-01,-8.095867156982422541e-02,1.324739127945205319e-01,-1.030791064721854611e-01,-9.858120308851001656e-01,1.647649902343750083e+00,0.000000000000000000e+00,0.000000000000000000e+00,0.000000000000000000e+00,1.000000000000000000e+00
9.791938641970403534e-01,1.683054084735035039e-01,1.133695982062009056e-01,3.789461135864257563e-02,1.541512190187961373e-01,-9.802568258832875525e-01,1.238303556654889170e-01,-8.094761657714844016e-02,1.319726410809734518e-01,-1.037778627058269509e-01,-9.858059531258285269e-01,1.647623901367187615e+00,0.000000000000000000e+00,0.000000000000000000e+00,0.000000000000000000e+00,1.000000000000000000e+00
9.791954792985650968e-01,1.683345030210856297e-01,1.133124371545224662e-01,3.789551544189453253e-02,1.541755752158349979e-01,-9.802428030695358174e-01,1.239110125745305352e-01,-8.093537902832032005e-02,1.319321997395628276e-01,-1.038630931708812849e-01,-9.858023902125907512e-01,1.647608398437500066e+00,0.000000000000000000e+00,0.000000000000000000e+00,0.000000000000000000e+00,1.000000000000000000e+00
9.791634552285097826e-01,1.683745514069537597e-01,1.135294604209551583e-01,3.788919830322265425e-02,1.541437633836608423e-01,-9.802015268795905012e-01,1.242765742722299060e-01,-8.096482086181640281e-02,1.322067628939159745e-01,-1.041872215841567473e-01,-9.857314008915845083e-01,1.647650512695312486e+00,0.000000000000000000e+00,0.000000000000000000e+00,0.000000000000000000e+00,1.000000000000000000e+00
