T00,T01,T02,T03,T10,T11,T12,T13,T20,T21,T22,T23,T30,T31,T32,T33
8.406549676297118134e-01,5.360365724822142575e-01,-7.722705718210598480e-02,1.305197862327261982e-01,-5.360113309656571179e-01,8.439024261410998928e-01,2.281552606429188348e-02,-1.666492032759356312e-01,7.740205731059832117e-02,2.221459238170939501e-02,9.967524433927420491e-01,6.906678446712688491e-02,0.000000000000000000e+00,0.000000000000000000e+00,0.000000000000000000e+00,1.000000000000000000e+00
8.406608327443076956e-01,5.359451180654291047e-01,-7.779585279100885431e-02,1.305159571226223170e-01,-5.359094350547162211e-01,8.439591730613524856e-01,2.310825880357393960e-02,-1.666415401506249616e-01,7.804128208187048610e-02,2.226532342974597498e-02,9.967014666707312287e-01,6.909218097974245687e-02,0.000000000000000000e+00,0.000000000000000000e+00,0.000000000000000000e+00,1.000000000000000000e+00
8.406895921757325807e-01,5.360370575798041326e-01,-7.684583598729770315e-02,1.305624711988495057e-01,-5.359777307113875455e-01,8.439147629608799717e-01,2.314616681339824733e-02,-1.666597867881366990e-01,7.725853861465629968e-02,2.172891524830405235e-02,9.967742836034947373e-01,6.896702286688238814e-02,0.000000000000000000e+00,0.000000000000000000e+00,0.000000000000000000e+00,1.000000000000000000e+00
8.406894295228518610e-01,5.361162573395616970e-01,-7.629313012822999673e-02,1.305346240679056691e-01,-5.359852161793283720e-01,8.438883462067858776e-01,2.392294241047424053e-02,-1.665939013567038218e-01,7.720836176050444033e-02,2.078022503720734770e-02,9.967984004409630172e-01,6.914832844444207538e-02,0.000000000000000000e+00,0.000000000000000000e+00,0.000000000000000000e+00,1.000000000000000000e+00
8.406816202612217293e-01,5.360168466977627277e-01,-7.707368818964305257e-02,1.305667462817957092e-01,-5.358714319412515303e-01,8.439494664350262187e-01,2.431268256008568829e-02,-1.665783228994410781e-01,7.807830546444965991e-02,2.086236228766796125e-02,9.967289200457556397e-01,6.912043822599645004e-02,0.000000000000000000e+00,0.000000000000000000e+00,0.000000000000000000e+00,1.000000000000000000e+00
8.407121632714651405e-01,5.359543274965956616e-01,-7.717523803064001153e-02,1.305663704120444690e-01,-5.358095178564366012e-01,8.439883028075165772e-01,2.432910394036855509e-02,-1.665669841309591059e-01,7.817428670520094880e-02,2.089745347548937690e-02,9.967206616381409923e-01,6.909178365074564176e-02,0.000000000000000000e+00,0.000000000000000000e+00,0.000000000000000000e+00,1.000000000000000000e+00
8.406282165393791361e-01,5.359648404231154295e-01,-7.801212334020582451e-02,1.305140801904953185e-01,-5.358407384895385039e-01,8.439695223603047580e-01,2.429296815758465525e-02,-1.665604881051877262e-01,7.886003127573035232e-02,2.138071928499453087e-02,9.966563902920843043e-01,6.923082057871710049e-02,0.000000000000000000e+00,0.000000000000000000e+00,0.000000000000000000e+00,1.000000000000000000e+00
8.406126997838008208e-01,5.359805073671919384e-01,-7.807166377500211751e-02,1.305102859375827096e-01,-5.358179376781340153e-01,8.439693996676939092e-01,2.479496091756477893e-02,-1.665691802201047511e-01,7.917971093999263965e-02,2.098923883707436155e-02,9.966393656827425840e-01,6.920815284951564728e-02,0.000000000000000000e+00,0.000000000000000000e+00,0.000000000000000000e+00,1.000000000000000000e+00
8.406446126983663225e-01,5.359152582685059452e-01,-7.817589843560658613e-02,1.305047258730100135e-01,-5.358427700370597124e-01,8.439855793982152798e-01,2.368264273406861173e-02,-1.665897287088748957e-01,7.867122053346058130e-02,2.198130393901638960e-02,9.966582470119415005e-01,6.924067893131446993e-02,0.000000000000000000e+00,0.000000000000000000e+00,0.000000000000000000e+00,1.000000000000000000e+00
8.406771070564972304e-01,5.358737264925276245e-01,-7.811114469863353338e-02,1.305101654598452288e-01,-5.357898747636972159e-01,8.440156784957018044e-01,2.380639733647845618e-02,-1.665759888108021003e-01,7.868425364595360572e-02,2.183766719346168922e-02,9.966603757146801357e-01,6.922676314350151294e-02,0.000000000000000000e+00,0.000000000000000000e+00,0.000000000000000000e+00,1.000000000000000000e+00
8.407093769175526532e-01,5.360175472780143169e-01,-7.676543866195638388e-02,1.305411202084235112e-01,-5.359663340467940573e-01,8.439255152761173662e-01,2.301767656346851570e-02,-1.666382856986943217e-01,7.712219091377774116e-02,2.179251421937943023e-02,9.967834539119604376e-01,6.898838865662337838e-02,0.000000000000000000e+00,0.000000000000000000e+00,0.000000000000000000e+00,1.000000000000000000e+00
8.406023629287197041e-01,5.359870307839570414e-01,-7.813814862185343435e-02,1.304707683871631774e-01,-5.359414551156859163e-01,8.439326239978981459e-01,2.333415609152447376e-02,-1.666355007380959097e-01,7.845013784012409841e-02,2.226272632495880990e-02,9.966694270867577643e-01,6.914410152626127015e-02,0.000000000000000000e+00,0.000000000000000000e+00,0.000000000000000000e+00,1.000000000000000000e+00
8.406966511614019089e-01,5.360781504401962438e-01,-7.648109143195114257e-02,1.305567414661245318e-01,-5.359300384841957365e-01,8.439157320268635409e-01,2.419154992743498614e-02,-1.665874522431965987e-01,7.751215760338953098e-02,2.065075926404041570e-02,9.967775135733580871e-01,6.916842898897290759e-02,0.000000000000000000e+00,0.000000000000000000e+00,0.000000000000000000e+00,1.000000000000000000e+00
8.406617721395540643e-01,5.360310969532176006e-01,-7.719098368536900234e-02,1.304998365218648093e-01,-5.359133756668095216e-01,8.439320264405609784e-01,2.399142616297726335e-02,-1.665963660828537196e-01,7.800409376814657070e-02,2.119900580354399863e-02,9.967276275434285848e-01,6.919257213330842760e-02,0.000000000000000000e+00,0.000000000000000000e+00,0.000000000000000000e+00,1.000000000000000000e+00
8.406858718021573695e-01,5.360286828604582388e-01,-7.694489003910132130e-02,1.305831532854176413e-01,-5.359729428536464946e-01,8.439183156885894377e-01,2.312749390090880833e-02,-1.666134037564568904e-01,7.733220209620952912e-02,2.179742177912275328e-02,9.967670755611536260e-01,6.904036522478307347e-02,0.000000000000000000e+00,0.000000000000000000e+00,0.000000000000000000e+00,1.000000000000000000e+00
8.406858918707373896e-01,5.361162367223638592e-01,-7.633224700055106504e-02,1.305524562963010227e-01,-5.359770990792084300e-01,8.438902335462045157e-01,2.403794891351472215e-02,-1.665977410719405305e-01,7.730317245843955354e-02,2.070397179245161631e-02,9.967926389575105794e-01,6.911434495931367827e-02,0.000000000000000000e+00,0.000000000000000000e+00,0.000000000000000000e+00,1.000000000000000000e+00
8.406306597432484651e-01,5.360193598155045258e-01,-7.761017847297893568e-02,1.304953434178175442e-01,-5.359054531682256872e-01,8.439351974317359506e-01,2.405676205177710927e-02,-1.665925070927623541e-01,7.839285148653321600e-02,2.136886611015690815e-02,9.966934997264589313e-01,6.925841213720418388e-02,0.000000000000000000e+00,0.000000000000000000e+00,0.000000000000000000e+00,1.000000000000000000e+00
8.406673187481479292e-01,5.360482801085326710e-01,-7.701104194519048374e-02,1.305482707796745689e-01,-5.359135544066777612e-01,8.439270806223959642e-01,2.416081114865391982e-02,-1.666002142977948131e-01,7.794306506675646729e-02,2.096005689028952734e-02,9.967374552123318132e-01,6.908676251707213112e-02,0.000000000000000000e+00,0.000000000000000000e+00,0.000000000000000000e+00,1.000000000000000000e+00
8.406800725048825251e-01,5.360352212652156334e-01,-7.696270042258696042e-02,1.305364304914572726e-01,-5.360048448993600667e-01,8.439068130827062086e-01,2.280563695675633801e-02,-1.666399397326676635e-01,7.717397189207347852e-02,2.208013577271869532e-02,9.967731164445898795e-01,6.898598578126691194e-02,0.000000000000000000e+00,0.000000000000000000e+00,0.000000000000000000e+00,1.000000000000000000e+00
8.406506060328090557e-01,5.358291560974496326e-01,-7.869989868205733152e-02,1.304744025557854625e-01,-5.357920134260866218e-01,8.440262449625391961e-01,2.337982384998372673e-02,-1.666063125683767410e-01,7.895237124679292673e-02,2.251251408285936603e-02,9.966241567332079221e-01,6.922593469508164787e-02,0.000000000000000000e+00,0.000000000000000000e+00,0.000000000000000000e+00,1.000000000000000000e+00
8.406897418103378428e-01,5.360058428965798205e-01,-7.706162725763369969e-02,1.305120786336840810e-01,-5.359676264062923634e-01,8.439269810648188930e-01,2.293368865285086433e-02,-1.666469259558908955e-01,7.732697756457622418e-02,2.202242065595651221e-02,9.967625351753444107e-01,6.909511740057294737e-02,0.000000000000000000e+00,0.000000000000000000e+00,0.000000000000000000e+00,1.000000000000000000e+00
8.406280172600060219e-01,5.360218957025556508e-01,-7.762128525700967563e-02,1.305066356200150213e-01,-5.359019932287009125e-01,8.439351283892789768e-01,2.413612902014936057e-02,-1.665986601352215102e-01,7.844482297141722182e-02,2.130789520366520307e-02,9.966907159951743367e-01,6.920643801270753848e-02,0.000000000000000000e+00,0.000000000000000000e+00,0.000000000000000000e+00,1.000000000000000000e+00
8.406114163742548495e-01,5.360011920658211970e-01,-7.794336896290821048e-02,1.305069844527126377e-01,-5.359800215839809479e-01,8.439181699598088393e-01,2.296821443915025504e-02,-1.666546251096473474e-01,7.808881561468758448e-02,2.246874530778602067e-02,9.966931786463623100e-01,6.903408736720528793e-02,0.000000000000000000e+00,0.000000000000000000e+00,0.000000000000000000e+00,1.000000000000000000e+00
8.406165399411313910e-01,5.359658899929109488e-01,-7.813064406177076815e-02,1.304828028811612084e-01,-5.358776121272983417e-01,8.439581080894681397e-01,2.387250742570749817e-02,-1.665977824736300517e-01,7.873384023496539375e-02,2.180083838187239081e-02,9.966572659885154506e-01,6.920817104104171058e-02,0.000000000000000000e+00,0.000000000000000000e+00,0.000000000000000000e+00,1.000000000000000000e+00
8.407019889647148192e-01,5.359362714202561273e-01,-7.741110209089201166e-02,1.305226151192059869e-01,-5.358967545871037297e-01,8.439689046723064525e-01,2.304682991730192324e-02,-1.666002591253893661e-01,7.768419513506182039e-02,2.210884262871277636e-02,9.967328453020081191e-01,6.913255366858628292e-02,0.000000000000000000e+00,0.000000000000000000e+00,0.000000000000000000e+00,1.000000000000000000e+00
8.406608137423665639e-01,5.359224520677867698e-01,-7.795204684723083810e-02,1.305257674164403692e-01,-5.358023817373238629e-01,8.439958710396842090e-01,2.422348844769723133e-02,-1.665624527312760117e-01,7.877311700468045408e-02,2.140315485192576320e-02,9.966627819878454142e-01,6.923038412313964329e-02,0.000000000000000000e+00,0.000000000000000000e+00,0.000000000000000000e+00,1.000000000000000000e+00
8.406589269611697279e-01,5.360275234093119234e-01,-7.724676477480936498e-02,1.305469273209207415e-01,-5.358779734403531503e-01,8.439424367736478860e-01,2.441231234475878947e-02,-1.665896424929259045e-01,7.827749422378900424e-02,2.087241146196265607e-02,9.967130862679629555e-01,6.907728126195933349e-02,0.000000000000000000e+00,0.000000000000000000e+00,0.000000000000000000e+00,1.000000000000000000e+00
8.406545868930925813e-01,5.359570000556612701e-01,-7.778148640222908028e-02,1.305328528807059296e-01,-5.358280951779768042e-01,8.439776154953045895e-01,2.429067641711927031e-02,-1.665820640877642145e-01,7.866459148527578382e-02,2.125743715023091854e-02,9.966744721383502537e-01,6.917950437635300709e-02,0.000000000000000000e+00,0.000000000000000000e+00,0.000000000000000000e+00,1.000000000000000000e+00
8.407241845235684519e-01,5.359802662379481442e-01,-7.686351384551322330e-02,1.305558783723334282e-01,-5.358815512419187188e-01,8.439617170665038026e-01,2.365551023998341620e-02,-1.665909841279945569e-01,7.754874980124513983e-02,2.130197947743934020e-02,9.967609628564950697e-01,6.912381117421118049e-02,0.000000000000000000e+00,0.000000000000000000e+00,0.000000000000000000e+00,1.000000000000000000e+00
8.406476455310829543e-01,5.360801165850780370e-01,-7.700418602372210986e-02,1.305357727275066049e-01,-5.359902210736494643e-01,8.438946503043470715e-01,2.358605734590180775e-02,-1.666102590984879783e-01,7.762743700823324100e-02,2.144592711525778600e-02,9.967517510562496907e-01,6.909816728115081297e-02,0.000000000000000000e+00,0.000000000000000000e+00,0.000000000000000000e+00,1.000000000000000000e+00
8.406733792960239260e-01,5.360239519910147132e-01,-7.711415067896409958e-02,1.305473263122655658e-01,-5.359516936946832066e-01,8.439246468055759953e-01,2.338744406480542867e-02,-1.666554823263259877e-01,7.761476257004254475e-02,2.166825802916108948e-02,9.967479296317488524e-01,6.897223329546253723e-02,0.000000000000000000e+00,0.000000000000000000e+00,0.000000000000000000e+00,1.000000000000000000e+00
8.406845174146142519e-01,5.359404360773480924e-01,-7.757184512810769150e-02,1.305211703118108746e-01,-5.358515338080176438e-01,8.439788560497145653e-01,2.372391739595708024e-02,-1.666022202246870698e-01,7.818360374753816067e-02,2.162266214501015402e-02,9.967044620080772743e-01,6.917211754360486076e-02,0.000000000000000000e+00,0.000000000000000000e+00,0.000000000000000000e+00,1.000000000000000000e+00
8.406911663086898967e-01,5.359323193511614791e-01,-7.755586351411081214e-02,1.305325461559605216e-01,-5.358737352634365125e-01,8.439756861446787717e-01,2.333197487207189572e-02,-1.665995071157419793e-01,7.795962253209723358e-02,2.194516510540066648e-02,9.967149577402506511e-01,6.912530355855728281e-02,0.000000000000000000e+00,0.000000000000000000e+00,0.000000000000000000e+00,1.000000000000000000e+00
8.406772713043471068e-01,5.359638086950405667e-01,-7.748884617403488384e-02,1.305204156233656654e-01,-5.358146353775187221e-01,8.439810045455776732e-01,2.446917410732365669e-02,-1.665654745134715897e-01,7.851370598522296185e-02,2.094897933894930217e-02,9.966929006655572687e-01,6.921197924556365955e-02,0.000000000000000000e+00,0.000000000000000000e+00,0.000000000000000000e+00,1.000000000000000000e+00
8.406874027789641435e-01,5.360172217225607216e-01,-7.700797897352501531e-02,1.305271298349464093e-01,-5.359214053944008072e-01,8.439362843725980445e-01,2.365999069026502796e-02,-1.665745779356580525e-01,7.767199011773737172e-02,2.137956819490062152e-02,9.967497058012857458e-01,6.913616019148927094e-02,0.000000000000000000e+00,0.000000000000000000e+00,0.000000000000000000e+00,1.000000000000000000e+00
8.406348440426686386e-01,5.359458839548539855e-01,-7.807091938236984663e-02,1.305038004065300072e-01,-5.358650764412106193e-01,8.439692359259580723e-01,2.376023276843109225e-02,-1.666057575995792961e-01,7.862365313322564053e-02,2.186179961496163490e-02,9.966646290932479335e-01,6.913373587913440588e-02,0.000000000000000000e+00,0.000000000000000000e+00,0.000000000000000000e+00,1.000000000000000000e+00
8.406702662602952847e-01,5.359836508010322742e-01,-7.742757583601092564e-02,1.305375117121622963e-01,-5.359423129243889861e-01,8.439391431848496383e-01,2.307725758572893443e-02,-1.666389858871857588e-01,7.771319478119784185e-02,2.209634979852806436e-02,9.967308617086563238e-01,6.903725155363660271e-02,0.000000000000000000e+00,0.000000000000000000e+00,0.000000000000000000e+00,1.000000000000000000e+00
8.406731710393202661e-01,5.360300137337841164e-01,-7.707427502904762306e-02,1.305349780654055936e-01,-5.359477165566188805e-01,8.439238926489127657e-01,2.350550008088889142e-02,-1.666125474614729707e-01,7.764447573678509573e-02,2.154733841720903736e-02,9.967482368154428896e-01,6.910021576185743086e-02,0.000000000000000000e+00,0.000000000000000000e+00,0.000000000000000000e+00,1.000000000000000000e+00
8.406537729605323417e-01,5.360914836447177034e-01,-7.685801956092201681e-02,1.305232825607965941e-01,-5.359447443918226028e-01,8.439039822850040728e-01,2.427549468693607909e-02,-1.665865841661509639e-01,7.787467474092986397e-02,2.078436544898388388e-02,9.967464798969081219e-01,6.914533543335732446e-02,0.000000000000000000e+00,0.000000000000000000e+00,0.000000000000000000e+00,1.000000000000000000e+00
8.406916355588981427e-01,5.360770649392995191e-01,-7.654380672119254214e-02,1.305553459068250766e-01,-5.360670316569108307e-01,8.438775668947385844e-01,2.242297175587937633e-02,-1.666745081323773303e-01,7.661404226284970753e-02,2.218180646120877439e-02,9.968140528655603516e-01,6.893508325848807239e-02,0.000000000000000000e+00,0.000000000000000000e+00,0.000000000000000000e+00,1.000000000000000000e+00
8.406205078276207665e-01,5.360151647718087720e-01,-7.774898683766703900e-02,1.305011234472699955e-01,-5.359214777523038098e-01,8.439312377034418056e-01,2.383769519319794278e-02,-1.665910339541448182e-01,7.839216480886310179e-02,2.162889648104084073e-02,9.966879448120121721e-01,6.923290357982403442e-02,0.000000000000000000e+00,0.000000000000000000e+00,0.000000000000000000e+00,1.000000000000000000e+00
8.406691758226852995e-01,5.360735281391425522e-01,-7.681477234268968557e-02,1.305436920015581592e-01,-5.359414625174857560e-01,8.439118105940570658e-01,2.407498067452900833e-02,-1.665883458267678474e-01,7.773085343816599213e-02,2.092912727068544851e-02,9.967546769669365370e-01,6.915988591462940427e-02,0.000000000000000000e+00,0.000000000000000000e+00,0.000000000000000000e+00,1.000000000000000000e+00
8.406856073231000481e-01,5.360140125195099747e-01,-7.704990605137194970e-02,1.305222071275659590e-01,-5.359195897464085201e-01,8.439376181092345108e-01,2.365354235951294681e-02,-1.665914092318400708e-01,7.770394433895787267e-02,2.140736141720075980e-02,9.967466187107542064e-01,6.919240841899432226e-02,0.000000000000000000e+00,0.000000000000000000e+00,0.000000000000000000e+00,1.000000000000000000e+00
8.406448093225190599e-01,5.360191529031574920e-01,-7.745819698448459800e-02,1.305072855350956351e-01,-5.359082292066892350e-01,8.439356998805470633e-01,2.397716279466256470e-02,-1.665880541921990754e-01,7.822195617380241217e-02,2.135420773788395191e-02,9.967072405597499074e-01,6.923119982949432760e-02,0.000000000000000000e+00,0.000000000000000000e+00,0.000000000000000000e+00,1.000000000000000000e+00
8.406684220935525254e-01,5.361040918648765086e-01,-7.660944315469668531e-02,1.305400160354310835e-01,-5.360023681383301319e-01,8.438856954857223425e-01,2.363036827222296174e-02,-1.666162407472575047e-01,7.731795034038781156e-02,2.119753854377698019e-02,9.967811188595250282e-01,6.909032155320371515e-02,0.000000000000000000e+00,0.000000000000000000e+00,0.000000000000000000e+00,1.000000000000000000e+00
8.406505188781270288e-01,5.360305013219615056e-01,-7.731757085205627489e-02,1.305009798884657346e-01,-5.359440128587753538e-01,8.439228535232747852e-01,2.362694186657231590e-02,-1.666019091330854240e-01,7.791482651439889107e-02,2.157588824730636082e-02,9.967265226006435386e-01,6.919830263476822729e-02,0.000000000000000000e+00,0.000000000000000000e+00,0.000000000000000000e+00,1.000000000000000000e+00
8.406322989921570787e-01,5.361112359010919981e-01,-7.695505592074117218e-02,1.305065906304598566e-01,-5.359446048420692943e-01,8.438959396237046828e-01,2.455653939998417648e-02,-1.665685659915275285e-01,7.810709591220799108e-02,2.060062686494078601e-02,9.967321083124255354e-01,6.925302777532249543e-02,0.000000000000000000e+00,0.000000000000000000e+00,0.000000000000000000e+00,1.000000000000000000e+00
8.406239260178192119e-01,5.360251254542292010e-01,-7.764328617572775759e-02,1.304845805061973785e-01,-5.359846206961549342e-01,8.439108233617572674e-01,2.313025270246526696e-02,-1.666492885702468285e-01,7.792240617169791939e-02,2.217176345396982065e-02,9.967128530934845632e-01,6.909699991601447877e-02,0.000000000000000000e+00,0.000000000000000000e+00,0.000000000000000000e+00,1.000000000000000000e+00
8.406608969011283294e-01,5.360173022346863547e-01,-7.729623617253193746e-02,1.305168117857679611e-01,-5.359473159651655383e-01,8.439268282844805125e-01,2.340903696080875659e-02,-1.666213533854490891e-01,7.778001627105775306e-02,2.174764830381286859e-02,9.967333188281246592e-01,6.913140991533728297e-02,0.000000000000000000e+00,0.000000000000000000e+00,0.000000000000000000e+00,1.000000000000000000e+00
8.406629806615808498e-01,5.360125613723490945e-01,-7.730644860708880961e-02,1.305220665454021600e-01,-5.358814576483480474e-01,8.439465497030088637e-01,2.419265576716491187e-02,-1.665604864319696343e-01,7.821007795590316503e-02,2.108922225783941770e-02,9.967138146984274583e-01,6.925705713569030308e-02,0.000000000000000000e+00,0.000000000000000000e+00,0.000000000000000000e+00,1.000000000000000000e+00
8.407354451114916749e-01,5.358393480887841953e-01,-7.771810839803651449e-02,1.305991331726552573e-01,-5.357141879862681311e-01,8.440519506185293341e-01,2.422010419608396428e-02,-1.664931836722920999e-01,7.857620583481707277e-02,2.127199325034153862e-02,9.966811336529662890e-01,6.928060915818079479e-02,0.000000000000000000e+00,0.000000000000000000e+00,0.000000000000000000e+00,1.000000000000000000e+00
8.406264910424737780e-01,5.361659421580278195e-01,-7.663670809352639279e-02,1.305184254719699288e-01,-5.359765303744039588e-01,8.438695251648543616e-01,2.476657800058693418e-02,-1.665715120292731721e-01,7.795037809679662699e-02,2.025603534352115806e-02,9.967514392197930340e-01,6.922875384307847213e-02,0.000000000000000000e+00,0.000000000000000000e+00,0.000000000000000000e+00,1.000000000000000000e+00
8.406095542534050002e-01,5.361138309742005115e-01,-7.718508622822302379e-02,1.304957829932324176e-01,-5.359956056713500727e-01,8.438795488302801573e-01,2.400037014309341910e-02,-1.666109115610072133e-01,7.800184612491174729e-02,2.119592659378929239e-02,9.967278689275906878e-01,6.917359201432149440e-02,0.000000000000000000e+00,0.000000000000000000e+00,0.000000000000000000e+00,1.000000000000000000e+00
8.406200100854323010e-01,5.361220190849235179e-01,-7.701414997435540588e-02,1.305190302597594165e-01,-5.359112126019661693e-01,8.439001168792421570e-01,2.513493462676459622e-02,-1.665478076680851904e-01,7.846764206638259798e-02,2.014381750081895017e-02,9.967131261125418140e-01,6.927439480529717919e-02,0.000000000000000000e+00,0.000000000000000000e+00,0.000000000000000000e+00,1.000000000000000000e+00
8.406751064141176899e-01,5.360596614744138622e-01,-7.684663164738364527e-02,1.305338295974461105e-01,-5.358917232499239569e-01,8.439299448432400208e-01,2.454198747275242523e-02,-1.665907477975947515e-01,7.800914310411824482e-02,2.054963592919847523e-02,9.967408319394458482e-01,6.914279539493839444e-02,0.000000000000000000e+00,0.000000000000000000e+00,0.000000000000000000e+00,1.000000000000000000e+00
8.406269848266415545e-01,5.360137148917225591e-01,-7.768892990152864719e-02,1.305129619609429470e-01,-5.358834257592470784e-01,8.439426200687032420e-01,2.428596360258074294e-02,-1.665915682351891691e-01,7.858260862177438022e-02,2.121677354235417673e-02,9.966818058651665257e-01,6.920696118694102950e-02,0.000000000000000000e+00,0.000000000000000000e+00,0.000000000000000000e+00,1.000000000000000000e+00
8.406415992727350739e-01,5.360775968790240098e-01,-7.708768835935424224e-02,1.305238275294705319e-01,-5.359125138669676991e-01,8.439159195472333286e-01,2.457027096990675383e-02,-1.665798095214258701e-01,7.822709922376903935e-02,2.065746497414805080e-02,9.967215208311077657e-01,6.919859394180294387e-02,0.000000000000000000e+00,0.000000000000000000e+00,0.000000000000000000e+00,1.000000000000000000e+00
8.406597208615351757e-01,5.360336463723185396e-01,-7.719561955060692815e-02,1.305395393957337336e-01,-5.359051937419248013e-01,8.439332750672572381e-01,2.412986851773635255e-02,-1.666019951379089648e-01,7.808237343623651572e-02,2.108452491875013185e-02,9.967239265551494087e-01,6.914765808722611595e-02,0.000000000000000000e+00,0.000000000000000000e+00,0.000000000000000000e+00,1.000000000000000000e+00
8.406438246736178677e-01,5.360204174328522253e-01,-7.746013254069758491e-02,1.305030079767730000e-01,-5.358666246646059950e-01,8.439464349984190372e-01,2.452295708151002590e-02,-1.665636770406843103e-01,7.851700840374567503e-02,2.089322733734905180e-02,9.966938107777915112e-01,6.928414494490664488e-02,0.000000000000000000e+00,0.000000000000000000e+00,0.000000000000000000e+00,1.000000000000000000e+00
8.406574959757404653e-01,5.360439061859676446e-01,-7.714859104797279488e-02,1.305148404115724636e-01,-5.359244414314723315e-01,8.439246763594439038e-01,2.400278542111719191e-02,-1.666139509097320226e-01,7.797414658822678091e-02,2.116769407605051737e-02,9.967306362259266139e-01,6.916132685962472770e-02,0.000000000000000000e+00,0.000000000000000000e+00,0.000000000000000000e+00,1.000000000000000000e+00
8.406644737875956785e-01,5.359654329390771688e-01,-7.761634625420651967e-02,1.305259829508217950e-01,-5.358500585587818721e-01,8.439698675845377362e-01,2.407441280464018771e-02,-1.665901314843023784e-01,7.840891055215132299e-02,2.135222011327704908e-02,9.966925932514293374e-01,6.917019945883140508e-02,0.000000000000000000e+00,0.000000000000000000e+00,0.000000000000000000e+00,1.000000000000000000e+00
8.406411167346296009e-01,5.359856211965600137e-01,-7.772983163298720355e-02,1.305225247695743773e-01,-5.358987574277042087e-01,8.439483034822252705e-01,2.374411162618032464e-02,-1.666156918454437252e-01,7.832646195633728714e-02,2.169504367387856472e-02,9.966916727039465407e-01,6.916851953486125026e-02,0.000000000000000000e+00,0.000000000000000000e+00,0.000000000000000000e+00,1.000000000000000000e+00
8.407003508373236400e-01,5.360814249228555983e-01,-7.641744535563869956e-02,1.305695455315619424e-01,-5.359925756233321348e-01,8.438980588709577013e-01,2.340993614891679134e-02,-1.666388535698640205e-01,7.703816572756534697e-02,2.127844182525033198e-02,9.968010578519777010e-01,6.896854481611391918e-02,0.000000000000000000e+00,0.000000000000000000e+00,0.000000000000000000e+00,1.000000000000000000e+00
8.407123659757657075e-01,5.359495161041180067e-01,-7.720643679896144196e-02,1.305576800371750501e-01,-5.358651253410912085e-01,8.439746745458382993e-01,2.356514732445040214e-02,-1.666136890680977867e-01,7.779000667570876160e-02,2.156072617070833516e-02,9.967366000846888952e-01,6.908030260158226632e-02,0.000000000000000000e+00,0.000000000000000000e+00,0.000000000000000000e+00,1.000000000000000000e+00
8.406613454520591722e-01,5.360430725703455579e-01,-7.711242838918641596e-02,1.305231677340417673e-01,-5.359395462362774865e-01,8.439211399234720634e-01,2.378891276037845004e-02,-1.666228440383051845e-01,7.782869035765044297e-02,2.132918047209660106e-02,9.967385620199522567e-01,6.914600900201706146e-02,0.000000000000000000e+00,0.000000000000000000e+00,0.000000000000000000e+00,1.000000000000000000e+00
8.406911144730926377e-01,5.359825695032650605e-01,-7.720838836983442977e-02,1.305274014180477504e-01,-5.358414089162407690e-01,8.439690989181716230e-01,2.429289118050185700e-02,-1.665667851006974176e-01,7.818206019700199572e-02,2.094863384393470460e-02,9.967189775475459035e-01,6.924297332064521804e-02,0.000000000000000000e+00,0.000000000000000000e+00,0.000000000000000000e+00,1.000000000000000000e+00
8.406205136220025187e-01,5.360436384407702981e-01,-7.755236788816788351e-02,1.305155113662908595e-01,-5.359401470628264441e-01,8.439173483900079820e-01,2.390957658876515651e-02,-1.666136414324429216e-01,7.826436509776896200e-02,2.146454689852273640e-02,9.967015412761658366e-01,6.915813989130747963e-02,0.000000000000000000e+00,0.000000000000000000e+00,0.000000000000000000e+00,1.000000000000000000e+00
8.407418372866886092e-01,5.360449297581975081e-01,-7.621677188344280762e-02,1.305632208052919796e-01,-5.359520581484036317e-01,8.439239373418252477e-01,2.340468645296546815e-02,-1.666209245435893438e-01,7.686712172505127949e-02,2.117123666677349011e-02,9.968165449749046836e-01,6.905377308409010872e-02,0.000000000000000000e+00,0.000000000000000000e+00,0.000000000000000000e+00,1.000000000000000000e+00
8.407001018531518044e-01,5.360441016707645501e-01,-7.668154802873776432e-02,1.305385570317729726e-01,-5.359061108765591497e-01,8.439331573001919162e-01,2.411361305343874203e-02,-1.665729047492628401e-01,7.764006098182595073e-02,2.082179323000149171e-02,9.967640010842214737e-01,6.917929485508289567e-02,0.000000000000000000e+00,0.000000000000000000e+00,0.000000000000000000e+00,1.000000000000000000e+00
8.406328787461334606e-01,5.359589909555354525e-01,-7.800207167064630853e-02,1.304755648579465632e-01,-5.358581594723107466e-01,8.439669712983866035e-01,2.399550550365414300e-02,-1.665722717576999246e-01,7.869177910008152976e-02,2.162663569195433580e-02,9.966643830952882643e-01,6.926075463069736315e-02,0.000000000000000000e+00,0.000000000000000000e+00,0.000000000000000000e+00,1.000000000000000000e+00
8.407002931488017916e-01,5.359677444783419453e-01,-7.721135912751322938e-02,1.305492087786501998e-01,-5.358381277881085758e-01,8.439754056142769745e-01,2.414571445933071450e-02,-1.665836619812396946e-01,7.810581225525814464e-02,2.107348089461537691e-02,9.967223236663915742e-01,6.915093341428812934e-02,0.000000000000000000e+00,0.000000000000000000e+00,0.000000000000000000e+00,1.000000000000000000e+00
8.406620549662996433e-01,5.359593935936149967e-01,-7.768421820809687239e-02,1.305209252165749345e-01,-5.358857111312599342e-01,8.439616861880927523e-01,2.356219115226054761e-02,-1.666149529494645454e-01,7.819088147081154627e-02,2.182202248455384491e-02,9.966995461970983294e-01,6.915696774327217966e-02,0.000000000000000000e+00,0.000000000000000000e+00,0.000000000000000000e+00,1.000000000000000000e+00
8.406955436423035888e-01,5.359945270486033975e-01,-7.707703856477403359e-02,1.305593353560232095e-01,-5.358861312069856941e-01,8.439536418239392823e-01,2.383914495361638686e-02,-1.666165188577574674e-01,7.782709862240196064e-02,2.126305307462018207e-02,9.967400991702726198e-01,6.906492846107403771e-02,0.000000000000000000e+00,0.000000000000000000e+00,0.000000000000000000e+00,1.000000000000000000e+00
8.406924126812718168e-01,5.360001808162107029e-01,-7.707187181541345911e-02,1.305423415407130916e-01,-5.358535636016419357e-01,8.439604073394487704e-01,2.432671820967442777e-02,-1.665606080906823216e-01,7.808473369080061455e-02,2.084794974142960972e-02,9.967287180351610543e-01,6.924293987221141755e-02,0.000000000000000000e+00,0.000000000000000000e+00,0.000000000000000000e+00,1.000000000000000000e+00
8.406744466334531429e-01,5.360869955295133327e-01,-7.666295064551634231e-02,1.305493329121306945e-01,-5.359546025727903729e-01,8.439044963790315323e-01,2.403882219027158110e-02,-1.665945799256912385e-01,7.758310871948589926e-02,2.087903770274862278e-02,9.967672381383868574e-01,6.914557939548071630e-02,0.000000000000000000e+00,0.000000000000000000e+00,0.000000000000000000e+00,1.000000000000000000e+00
8.406657157946395564e-01,5.360504886467276631e-01,-7.701316711505203083e-02,1.305489168768536046e-01,-5.359340423791500996e-01,8.439207157079539057e-01,2.392755353391802856e-02,-1.666196977084226094e-01,7.781938387464844287e-02,2.115890404958509566e-02,9.967429178443110160e-01,6.906825792723236823e-02,0.000000000000000000e+00,0.000000000000000000e+00,0.000000000000000000e+00,1.000000000000000000e+00
8.406652106944011438e-01,5.360067535177980291e-01,-7.732246576156619200e-02,1.305413549567963072e-01,-5.359329751122471341e-01,8.439343967458216023e-01,2.346444494552819143e-02,-1.666172612204748216e-01,7.783218945573648628e-02,2.171391656465140180e-02,9.967299815456288625e-01,6.907482047124813285e-02,0.000000000000000000e+00,0.000000000000000000e+00,0.000000000000000000e+00,1.000000000000000000e+00
8.406450095166880798e-01,5.360604539857940498e-01,-7.716966792226126470e-02,1.305337455146489134e-01,-5.359063577179803417e-01,8.439232858063325793e-01,2.445124600693142358e-02,-1.665893988761493194e-01,7.823262575253225881e-02,2.080089773033335504e-02,9.967181040401928982e-01,6.921098297796346444e-02,0.000000000000000000e+00,0.000000000000000000e+00,0.000000000000000000e+00,1.000000000000000000e+00
8.406974289385281685e-01,5.360254809548883337e-01,-7.684085334787320309e-02,1.305454800469474375e-01,-5.358801560596058167e-01,8.439457441200209908e-01,2.424952212388495343e-02,-1.665689749755259741e-01,7.784787291686988409e-02,2.079097758127354534e-02,9.967484356313452976e-01,6.922365586768775003e-02,0.000000000000000000e+00,0.000000000000000000e+00,0.000000000000000000e+00,1.000000000000000000e+00
8.406154917591381892e-01,5.361227992815665866e-01,-7.705802427417556000e-02,1.305214732742328854e-01,-5.359358798984176220e-01,8.438931047520112916e-01,2.484271300643022332e-02,-1.665763738608486699e-01,7.834748018954580673e-02,2.041499063208241163e-02,9.967170614098269654e-01,6.921983446500568071e-02,0.000000000000000000e+00,0.000000000000000000e+00,0.000000000000000000e+00,1.000000000000000000e+00
8.406562903241514562e-01,5.360748283414580317e-01,-7.694660458468852160e-02,1.305379978108120176e-01,-5.359666505417466364e-01,8.439034853347605614e-01,2.380455727176903485e-02,-1.666180067596137460e-01,7.769653174690230313e-02,2.122936312092155164e-02,9.967510035590547712e-01,6.909636861656553997e-02,0.000000000000000000e+00,0.000000000000000000e+00,0.000000000000000000e+00,1.000000000000000000e+00
8.406781702801068290e-01,5.361242672231014694e-01,-7.636088075044906998e-02,1.305410426257948009e-01,-5.359795320370976945e-01,8.438863992562835037e-01,2.411817546081201219e-02,-1.666151555618894387e-01,7.737024784622094364e-02,2.065224551367628864e-02,9.967885079110098134e-01,6.909705875877381054e-02,0.000000000000000000e+00,0.000000000000000000e+00,0.000000000000000000e+00,1.000000000000000000e+00
8.407111191789794491e-01,5.360043956630476947e-01,-7.683815405590564696e-02,1.305406114867668499e-01,-5.359854376209688409e-01,8.439241206767776893e-01,2.262054814071622760e-02,-1.666668796370527061e-01,7.697028483178842972e-02,2.216678528381848395e-02,9.967869425725311983e-01,6.902136487264343145e-02,0.000000000000000000e+00,0.000000000000000000e+00,0.000000000000000000e+00,1.000000000000000000e+00
8.406972314060378038e-01,5.359904855230114284e-01,-7.708673384590566946e-02,1.305200383754535898e-01,-5.358975679872645115e-01,8.439518901639594395e-01,2.364325937800033223e-02,-1.666110174947370570e-01,7.773005680917904892e-02,2.143377049160268694e-02,9.967440151568280893e-01,6.915069074256852133e-02,0.000000000000000000e+00,0.000000000000000000e+00,0.000000000000000000e+00,1.000000000000000000e+00
8.406442479372956411e-01,5.359804194005668432e-01,-7.773183665095816097e-02,1.305105193848470901e-01,-5.358884849615717094e-01,8.439530005829906090e-01,2.380891624073171522e-02,-1.666085256489939215e-01,7.836312969458338051e-02,2.164076768877036192e-02,9.966899703911495934e-01,6.918796525542569853e-02,0.000000000000000000e+00,0.000000000000000000e+00,0.000000000000000000e+00,1.000000000000000000e+00
8.406995699390967802e-01,5.359617815861901224e-01,-7.726060951853251646e-02,1.305279959610401996e-01,-5.358492502315597150e-01,8.439741843306312052e-01,2.394070194713217650e-02,-1.665881180699280151e-01,7.803726116729979567e-02,2.127310185194483325e-02,9.967234526221924185e-01,6.920211574489143480e-02,0.000000000000000000e+00,0.000000000000000000e+00,0.000000000000000000e+00,1.000000000000000000e+00
8.406776097912127543e-01,5.359876299209104245e-01,-7.732022353497437772e-02,1.305205455321265529e-01,-5.358917371993973111e-01,8.439527138688137642e-01,2.374579446715185602e-02,-1.665943978170474904e-01,7.798206458632274407e-02,2.147271117556450934e-02,9.967234923877460462e-01,6.921175607894891613e-02,0.000000000000000000e+00,0.000000000000000000e+00,0.000000000000000000e+00,1.000000000000000000e+00
8.406664590369526957e-01,5.360598532058102883e-01,-7.693983643884906576e-02,1.305337677419629583e-01,-5.359369859392759672e-01,8.439170650089178327e-01,2.399029989513319985e-02,-1.666002869353540583e-01,7.779107758988816623e-02,2.106706357562143986e-02,9.967470727720773027e-01,6.913327549127878946e-02,0.000000000000000000e+00,0.000000000000000000e+00,0.000000000000000000e+00,1.000000000000000000e+00
8.406822091961292376e-01,5.359839260229853908e-01,-7.729588725218557166e-02,1.305319463960900317e-01,-5.359450068129451017e-01,8.439393068698766154e-01,2.300860691707631508e-02,-1.666425292739395769e-01,7.756528097923580389e-02,2.208341832641217903e-02,9.967426698108358130e-01,6.904736591824911507e-02,0.000000000000000000e+00,0.000000000000000000e+00,0.000000000000000000e+00,1.000000000000000000e+00
8.406883967791041190e-01,5.360807388999269119e-01,-7.655364721219035107e-02,1.305463365846314949e-01,-5.359539055947277753e-01,8.439078207689291178e-01,2.393744185987983775e-02,-1.665813745101592525e-01,7.743662311037136092e-02,2.090529659071895668e-02,9.967780785991016135e-01,6.919554806345984410e-02,0.000000000000000000e+00,0.000000000000000000e+00,0.000000000000000000e+00,1.000000000000000000e+00
8.406591743231109914e-01,5.360520130882041601e-01,-7.707393781602976668e-02,1.305113206093587996e-01,-5.359527000929166229e-01,8.439145919403923113e-01,2.372477129907428137e-02,-1.666238140469316620e-01,7.776153219617994161e-02,2.136353842801027789e-02,9.967430678647017928e-01,6.911441588746969344e-02,0.000000000000000000e+00,0.000000000000000000e+00,0.000000000000000000e+00,1.000000000000000000e+00
8.406747406652252952e-01,5.359940620449679116e-01,-7.730682932310367628e-02,1.305253228493573059e-01,-5.359699367474859422e-01,8.439285406476989548e-01,2.282203284419079270e-02,-1.666514374037989521e-01,7.747391374102910455e-02,2.224822987970921651e-02,9.967461105802557508e-01,6.906033511078479847e-02,0.000000000000000000e+00,0.000000000000000000e+00,0.000000000000000000e+00,1.000000000000000000e+00
8.406851208317430713e-01,5.359408785336439163e-01,-7.756224808953919581e-02,1.305079640290162102e-01,-5.358949803661843259e-01,8.439666055306264125e-01,2.317193922481580390e-02,-1.666461082228373747e-01,7.787873670292870532e-02,2.208491488998064536e-02,9.967181943276935963e-01,6.912440872573788475e-02,0.000000000000000000e+00,0.000000000000000000e+00,0.000000000000000000e+00,1.000000000000000000e+00
8.407012096675954282e-01,5.359590395531967921e-01,-7.726178864520949485e-02,1.305206517782200870e-01,-5.358999278744334127e-01,8.439611246950843304e-01,2.325698406040257668e-02,-1.666009181301892905e-01,7.767073688088224626e-02,2.185241232961705402e-02,9.967395490837902550e-01,6.917297566426205968e-02,0.000000000000000000e+00,0.000000000000000000e+00,0.000000000000000000e+00,1.000000000000000000e+00
8.406525036277956442e-01,5.359729669406452235e-01,-7.769393060697406261e-02,1.305073410657956179e-01,-5.359522941559851095e-01,8.439379482495379392e-01,2.288837900107904347e-02,-1.666505635043043221e-01,7.783640878956195330e-02,2.239906723956469267e-02,9.967144903399077771e-01,6.907473334313873892e-02,0.000000000000000000e+00,0.000000000000000000e+00,0.000000000000000000e+00,1.000000000000000000e+00
8.406320011125487657e-01,5.360967789755037849e-01,-7.705895326048761707e-02,1.305284776606253916e-01,-5.359013249982134131e-01,8.439118777793398474e-01,2.495019855849023652e-02,-1.665661419221267092e-01,7.840668702777434107e-02,2.032205981289163590e-02,9.967143047605417916e-01,6.927460813296049125e-02,0.000000000000000000e+00,0.000000000000000000e+00,0.000000000000000000e+00,1.000000000000000000e+00
8.406340307203210571e-01,5.360097419683492737e-01,-7.764008571562894256e-02,1.305057794162506057e-01,-5.358996268540988650e-01,8.439400504197094310e-01,2.401627021866815578e-02,-1.665876608821460492e-01,7.839653265638890645e-02,2.141839892713838164e-02,9.966921469816313328e-01,6.926067786471135079e-02,0.000000000000000000e+00,0.000000000000000000e+00,0.000000000000000000e+00,1.000000000000000000e+00
8.406555030122626615e-01,5.361796860999096248e-01,-7.622118779580026871e-02,1.305397128185099842e-01,-5.359644329578684419e-01,8.438706001334578266e-01,2.499073497416244918e-02,-1.665701208193867133e-01,7.772034392197939290e-02,1.984324681600060578e-02,9.967777052565175433e-01,6.922824042033304259e-02,0.000000000000000000e+00,0.000000000000000000e+00,0.000000000000000000e+00,1.000000000000000000e+00
8.406885924292316625e-01,5.359837829393347963e-01,-7.722742379101692201e-02,1.305338254521095642e-01,-5.359060193693181429e-01,8.439508652111782361e-01,2.348777369261714071e-02,-1.666249588956299488e-01,7.776521692305098099e-02,2.164073786504861624e-02,9.967368005153451893e-01,6.910205164281424395e-02,0.000000000000000000e+00,0.000000000000000000e+00,0.000000000000000000e+00,1.000000000000000000e+00
8.406514243475486925e-01,5.361046982705307551e-01,-7.679150496442418983e-02,1.305255332657471179e-01,-5.358992813285617940e-01,8.439114630671755712e-01,2.500805420960079337e-02,-1.665545577846478387e-01,7.821216666202859824e-02,2.012945593111198708e-02,9.967334959706876107e-01,6.928398675983937771e-02,0.000000000000000000e+00,0.000000000000000000e+00,0.000000000000000000e+00,1.000000000000000000e+00
8.405915667340922992e-01,5.359851014391621149e-01,-7.826741959957149442e-02,1.305031527453526241e-01,-5.358782217015332083e-01,8.439499297401642508e-01,2.414637856024358376e-02,-1.666281052143877839e-01,7.899588243400286480e-02,2.164456344727644366e-02,9.966399367031457679e-01,6.915220229127294616e-02,0.000000000000000000e+00,0.000000000000000000e+00,0.000000000000000000e+00,1.000000000000000000e+00
8.406771581955415629e-01,5.359884348673950027e-01,-7.731955365021908611e-02,1.305546112217438603e-01,-5.357989176312175639e-01,8.439772780109096040e-01,2.493740296245676794e-02,-1.665675855235413949e-01,7.862210601023511547e-02,2.046342810226100054e-02,9.966944429246203940e-01,6.919320844466092524e-02,0.000000000000000000e+00,0.000000000000000000e+00,0.000000000000000000e+00,1.000000000000000000e+00
8.406592467464965024e-01,5.359994067857748457e-01,-7.743814812423228944e-02,1.305402458713457448e-01,-5.358442503863093398e-01,8.439603391410122057e-01,2.453335046262091271e-02,-1.665682929213813668e-01,7.850458704781133890e-02,2.087059851285852710e-02,9.966952633228310932e-01,6.922226050807367415e-02,0.000000000000000000e+00,0.000000000000000000e+00,0.000000000000000000e+00,1.000000000000000000e+00
8.406713588606649079e-01,5.360171615712017168e-01,-7.718334595309724044e-02,1.305287853509451979e-01,-5.358787154023350041e-01,8.439465516605608730e-01,2.425325378153966177e-02,-1.665900561457250850e-01,7.813877891358740613e-02,2.097189646648026096e-02,9.967218823666373906e-01,6.917096172643355523e-02,0.000000000000000000e+00,0.000000000000000000e+00,0.000000000000000000e+00,1.000000000000000000e+00
8.406593508879207644e-01,5.360213671690780002e-01,-7.728486076128941729e-02,1.305195462381061877e-01,-5.358987653027030840e-01,8.439388148482179774e-01,2.407883177447285583e-02,-1.665984928582984470e-01,7.813046212417933123e-02,2.117476636889853436e-02,9.967182451211999972e-01,6.917456636300700623e-02,0.000000000000000000e+00,0.000000000000000000e+00,0.000000000000000000e+00,1.000000000000000000e+00
8.406106199309822946e-01,5.360334362161481847e-01,-7.772992292263167236e-02,1.304971499928613832e-01,-5.359667174804926271e-01,8.439122581348255103e-01,2.348996217462351668e-02,-1.666420153015478745e-01,7.818863991933483470e-02,2.191473997308900426e-02,9.966976877466288132e-01,6.912198922823731273e-02,0.000000000000000000e+00,0.000000000000000000e+00,0.000000000000000000e+00,1.000000000000000000e+00
8.406751242768493171e-01,5.360469504254797846e-01,-7.693505287999265196e-02,1.305287482466035986e-01,-5.359717358833674394e-01,8.439122230541058478e-01,2.337644357140378215e-02,-1.666248523410840676e-01,7.745730279498409809e-02,2.158301923782770387e-02,9.967620275292924381e-01,6.909847786242195866e-02,0.000000000000000000e+00,0.000000000000000000e+00,0.000000000000000000e+00,1.000000000000000000e+00
8.406503196492893792e-01,5.360668947911865212e-01,-7.706701228465141773e-02,1.305244950618881794e-01,-5.359396993084065697e-01,8.439127704348310388e-01,2.408058558721085443e-02,-1.666117663418479056e-01,7.794664058676485652e-02,2.105991941920248509e-02,9.967350706257377402e-01,6.913348945790587230e-02,0.000000000000000000e+00,0.000000000000000000e+00,0.000000000000000000e+00,1.000000000000000000e+00
8.406325919984719564e-01,5.360720960646002675e-01,-7.722404477128104461e-02,1.304938490049931676e-01,-5.359520921916188785e-01,8.439062953421543334e-01,2.403163659236167565e-02,-1.666058521127468106e-01,7.805254733419851598e-02,2.118661140406500470e-02,9.967240979086721131e-01,6.922713467504015838e-02,0.000000000000000000e+00,0.000000000000000000e+00,0.000000000000000000e+00,1.000000000000000000e+00
8.406601056082784185e-01,5.360961075956529598e-01,-7.675643464536754945e-02,1.305318760317108751e-01,-5.359261209782013591e-01,8.439079806967039188e-01,2.454613960830092853e-02,-1.665696264955447981e-01,7.793445766756024184e-02,2.050081796421884470e-02,9.967476795914106402e-01,6.920912305040549661e-02,0.000000000000000000e+00,0.000000000000000000e+00,0.000000000000000000e+00,1.000000000000000000e+00
8.406845861926623975e-01,5.360660894488404882e-01,-7.669794183092294715e-02,1.305533043638672785e-01,-5.359421607474168514e-01,8.439152495081373440e-01,2.393850415143705668e-02,-1.666317729888378285e-01,7.755918302471963288e-02,2.098092921312234155e-02,9.967669605970554958e-01,6.905915310619747949e-02,0.000000000000000000e+00,0.000000000000000000e+00,0.000000000000000000e+00,1.000000000000000000e+00
8.406768253275865854e-01,5.360300060574525460e-01,-7.703445958256577297e-02,1.305143641193784732e-01,-5.359433830499120699e-01,8.439254052635869474e-01,2.354995787057337711e-02,-1.666274297936285731e-01,7.763482158249443432e-02,2.148820506086998941e-02,9.967502653729851669e-01,6.916652410893742164e-02,0.000000000000000000e+00,0.000000000000000000e+00,0.000000000000000000e+00,1.000000000000000000e+00
8.406640452802309760e-01,5.360358390208636026e-01,-7.713327594674476706e-02,1.305450056123036995e-01,-5.359589587163954283e-01,8.439182213182545578e-01,2.345272476005241455e-02,-1.666455777218042167e-01,7.766567803550702975e-02,2.162440778917221543e-02,9.967449159353924948e-01,6.905928251515480731e-02,0.000000000000000000e+00,0.000000000000000000e+00,0.000000000000000000e+00,1.000000000000000000e+00
8.406083832875234085e-01,5.360035173758513904e-01,-7.796008791331307530e-02,1.305035381913942083e-01,-5.358577918307313448e-01,8.439511420554085541e-01,2.455395604916518065e-02,-1.665775539497386104e-01,7.895551203702522169e-02,2.113525926235598068e-02,9.966540663313847581e-01,6.925060611581201897e-02,0.000000000000000000e+00,0.000000000000000000e+00,0.000000000000000000e+00,1.000000000000000000e+00
8.406571912132196900e-01,5.360964669519887593e-01,-7.678583842803064774e-02,1.305311780632402996e-01,-5.360100309096005322e-01,8.438849763496034662e-01,2.348176858157316124e-02,-1.666504912608186284e-01,7.738690862018869632e-02,2.141786200872417348e-02,9.967710577465549449e-01,6.904858214604803202e-02,0.000000000000000000e+00,0.000000000000000000e+00,0.000000000000000000e+00,1.000000000000000000e+00
8.406563337321608653e-01,5.360548698414080437e-01,-7.708505091983404445e-02,1.305329936947079994e-01,-5.359649915331292647e-01,8.439100881429781875e-01,2.360701127639882810e-02,-1.666489827990557671e-01,7.770750547337772207e-02,2.146950511358846139e-02,9.967450044737035109e-01,6.903577922611026096e-02,0.000000000000000000e+00,0.000000000000000000e+00,0.000000000000000000e+00,1.000000000000000000e+00
8.406201798291550453e-01,5.360797705780445677e-01,-7.730583963058818009e-02,1.305114738467121893e-01,-5.359541842954739232e-01,8.439022884037152838e-01,2.412550441225949291e-02,-1.666088535024566331e-01,7.817176984162765851e-02,2.115200236298595340e-02,9.967154895936272130e-01,6.915218091793340349e-02,0.000000000000000000e+00,0.000000000000000000e+00,0.000000000000000000e+00,1.000000000000000000e+00
8.406485340135406714e-01,5.360885230341484453e-01,-7.693593264496473294e-02,1.305415365253079774e-01,-5.360157494778720055e-01,8.438850740902440473e-01,2.334733473822351094e-02,-1.666702064193000266e-01,7.744132341689619059e-02,2.161196887765884714e-02,9.967626418705062274e-01,6.899332505213862099e-02,0.000000000000000000e+00,0.000000000000000000e+00,0.000000000000000000e+00,1.000000000000000000e+00
8.406437123074370632e-01,5.359975537899952513e-01,-7.761940021098076570e-02,1.305166186450851251e-01,-5.359270491222558608e-01,8.439370204942275855e-01,2.350539211409048007e-02,-1.666449702612776418e-01,7.810471802063126412e-02,2.183867602367935146e-02,9.967059372013646890e-01,6.910550560731687497e-02,0.000000000000000000e+00,0.000000000000000000e+00,0.000000000000000000e+00,1.000000000000000000e+00
8.406612838015401490e-01,5.360437213650097732e-01,-7.710859032752921671e-02,1.305227634400121239e-01,-5.359166974247320248e-01,8.439271512453164759e-01,2.408852034338100981e-02,-1.666051896569890611e-01,7.798653305869658603e-02,2.107349463465989572e-02,9.967316632300633472e-01,6.917491078252191450e-02,0.000000000000000000e+00,0.000000000000000000e+00,0.000000000000000000e+00,1.000000000000000000e+00
8.406567149990171739e-01,5.360584900010161302e-01,-7.705571247410364366e-02,1.305247534835299317e-01,-5.360108566744661296e-01,8.438961929765268488e-01,2.305595382606220878e-02,-1.666455860845441894e-01,7.738636219752198508e-02,2.192055605031916626e-02,9.967601718408891642e-01,6.909147716718666565e-02,0.000000000000000000e+00,0.000000000000000000e+00,0.000000000000000000e+00,1.000000000000000000e+00
8.407028270937886294e-01,5.360228301332730094e-01,-7.680027403875651359e-02,1.305272966084621289e-01,-5.359064248564104904e-01,8.439399524088546656e-01,2.386756220817222440e-02,-1.665889627031402753e-01,7.760837786046158315e-02,2.109223326385534225e-02,9.967607824256586868e-01,6.917536118963485414e-02,0.000000000000000000e+00,0.000000000000000000e+00,0.000000000000000000e+00,1.000000000000000000e+00
8.406722245004343286e-01,5.361087381763470772e-01,-7.653516710935200085e-02,1.305266393082616383e-01,-5.359504034332799316e-01,8.438985640464902183e-01,2.433883029186998184e-02,-1.665882764756070888e-01,7.763617721910297254e-02,2.055807508588581092e-02,9.967697775994049936e-01,6.921076829622241355e-02,0.000000000000000000e+00,0.000000000000000000e+00,0.000000000000000000e+00,1.000000000000000000e+00
8.406375417407730977e-01,5.360248093069276409e-01,-7.749791754300153213e-02,1.305090577134989938e-01,-5.359130822802969929e-01,8.439320098584254248e-01,2.399856198088346632e-02,-1.666149852074281790e-01,7.826679792135135538e-02,2.135805571185078744e-02,9.967036378981205536e-01,6.916647841247103301e-02,0.000000000000000000e+00,0.000000000000000000e+00,0.000000000000000000e+00,1.000000000000000000e+00
8.406551039798068059e-01,5.360405790591904474e-01,-7.719775744532957062e-02,1.305211914180576527e-01,-5.358226021738854428e-01,8.439523762484822944e-01,2.526906456809218521e-02,-1.665456940627486060e-01,7.869647484040405427e-02,2.012173517438294035e-02,9.966955305514646479e-01,6.930553666327221585e-02,0.000000000000000000e+00,0.000000000000000000e+00,0.000000000000000000e+00,1.000000000000000000e+00
8.406650084327504935e-01,5.358831633147141948e-01,-7.817658775221114631e-02,1.305023718336872363e-01,-5.357856182829644487e-01,8.440129456493306037e-01,2.399830863793935010e-02,-1.665589942416104141e-01,7.884234165665887639e-02,2.171135307058584540e-02,9.966506420556500156e-01,6.931788454875120742e-02,0.000000000000000000e+00,0.000000000000000000e+00,0.000000000000000000e+00,1.000000000000000000e+00
8.406932586509960892e-01,5.359534098897545951e-01,-7.738725532227133663e-02,1.305481790070617543e-01,-5.358309890898164118e-01,8.439812159682869019e-01,2.410100047137791676e-02,-1.665795294207377819e-01,7.823040323172841815e-02,2.120494093924690446e-02,9.967097644198960049e-01,6.915188574872366267e-02,0.000000000000000000e+00,0.000000000000000000e+00,0.000000000000000000e+00,1.000000000000000000e+00
8.406027624325212999e-01,5.359699178744875558e-01,-7.825115286325910746e-02,1.304887992472014979e-01,-5.358498307931348625e-01,8.439633251728109187e-01,2.430770664256500999e-02,-1.665863764078335252e-01,7.906930270201477373e-02,2.149774166900562597e-02,9.966372923352556645e-01,6.930634791279466356e-02,0.000000000000000000e+00,0.000000000000000000e+00,0.000000000000000000e+00,1.000000000000000000e+00
8.407080188353144301e-01,5.360109145560656430e-01,-7.682660048948475318e-02,1.305338802789733632e-01,-5.359153354325760787e-01,8.439416363791690801e-01,2.360651676635272186e-02,-1.665915817307711821e-01,7.749051757596023271e-02,2.132636542922370163e-02,9.967649702028003045e-01,6.915839240279386679e-02,0.000000000000000000e+00,0.000000000000000000e+00,0.000000000000000000e+00,1.000000000000000000e+00
8.405926199262457876e-01,5.360410882622257400e-01,-7.787168304447407430e-02,1.304861138903206930e-01,-5.359391502274311048e-01,8.439160489930589426e-01,2.397768765840980684e-02,-1.666424446386191582e-01,7.857018886975807026e-02,2.157901634907937946e-02,9.966750079511259575e-01,6.909075870340442016e-02,0.000000000000000000e+00,0.000000000000000000e+00,0.000000000000000000e+00,1.000000000000000000e+00
8.406391274428699489e-01,5.360446866200686555e-01,-7.734307569836483542e-02,1.305032050769946161e-01,-5.359430070671215018e-01,8.439178145979461254e-01,2.382887702092274795e-02,-1.666115010476050262e-01,7.804454233283623921e-02,2.141999417878970302e-02,9.967197365666233821e-01,6.915061415781420529e-02,0.000000000000000000e+00,0.000000000000000000e+00,0.000000000000000000e+00,1.000000000000000000e+00
8.406349789963719621e-01,5.360298689050393417e-01,-7.749072027937084495e-02,1.304992639666089360e-01,-5.359111544071344380e-01,8.439307486327063401e-01,2.408580690474277156e-02,-1.665825151876060839e-01,7.830751349507841796e-02,2.128076957927885551e-02,9.967020929928520623e-01,6.925466763586496377e-02,0.000000000000000000e+00,0.000000000000000000e+00,0.000000000000000000e+00,1.000000000000000000e+00
8.406611012010407613e-01,5.360264299298983515e-01,-7.723068913366616661e-02,1.305390496324163319e-01,-5.358803215792286023e-01,8.439423385242941222e-01,2.436411685836800331e-02,-1.665943237119643094e-01,7.823805897129486320e-02,2.090444122078797748e-02,9.967155112998145050e-01,6.916986631217403314e-02,0.000000000000000000e+00,0.000000000000000000e+00,0.000000000000000000e+00,1.000000000000000000e+00
8.406786541909868626e-01,5.359644931510516574e-01,-7.746910654556007914e-02,1.305228983032329926e-01,-5.358770701535002789e-01,8.439639398110746482e-01,2.367771066360413110e-02,-1.666093234548643442e-01,7.807154456863063530e-02,2.160857190804178415e-02,9.967135514021886467e-01,6.913213745109691999e-02,0.000000000000000000e+00,0.000000000000000000e+00,0.000000000000000000e+00,1.000000000000000000e+00
8.406428282276720010e-01,5.361731978108966734e-01,-7.640639566566304053e-02,1.305345386143575426e-01,-5.360682915807729598e-01,8.438441374120320138e-01,2.361902870600449816e-02,-1.666664105604668822e-01,7.713897919373965961e-02,2.110387889893036717e-02,9.967969723992781139e-01,6.898682446102077925e-02,0.000000000000000000e+00,0.000000000000000000e+00,0.000000000000000000e+00,1.000000000000000000e+00
8.406430726656962671e-01,5.361128932086421939e-01,-7.682571258788176150e-02,1.305110396683663021e-01,-5.359905711118765348e-01,8.438840383412179458e-01,2.395490580407717493e-02,-1.666154243102817289e-01,7.767452644426772745e-02,2.104033194549886562e-02,9.967567267760383265e-01,6.908613481819303459e-02,0.000000000000000000e+00,0.000000000000000000e+00,0.000000000000000000e+00,1.000000000000000000e+00
8.406888265990440923e-01,5.360571309290346198e-01,-7.671407440394859001e-02,1.305400978792533861e-01,-5.359080120159150917e-01,8.439275893588109589e-01,2.426574903390663757e-02,-1.665728402707716826e-01,7.774895168857676175e-02,2.071174302559922187e-02,9.967578061957526048e-01,6.920381028169320103e-02,0.000000000000000000e+00,0.000000000000000000e+00,0.000000000000000000e+00,1.000000000000000000e+00
8.406612550323778743e-01,5.359808440395936735e-01,-7.754475552860824739e-02,1.305227420554848083e-01,-5.358958390810977246e-01,8.439522747643970479e-01,2.366870456035836609e-02,-1.666222897181031393e-01,7.813004507200264903e-02,2.165854894964067481e-02,9.967078826388615642e-01,6.912627899871903736e-02,0.000000000000000000e+00,0.000000000000000000e+00,0.000000000000000000e+00,1.000000000000000000e+00
8.406989410794889483e-01,5.359020072451931016e-01,-7.768094424245282348e-02,1.305140496489095026e-01,-5.357968754121579247e-01,8.440069232451573589e-01,2.395875232168311747e-02,-1.665774154761249792e-01,7.840279820513164355e-02,2.147910949774753386e-02,9.966903476450392763e-01,6.923260844330147989e-02,0.000000000000000000e+00,0.000000000000000000e+00,0.000000000000000000e+00,1.000000000000000000e+00
8.406442223635963717e-01,5.360158820030589411e-01,-7.748719666620647317e-02,1.304977716373669494e-01,-5.358820889801825249e-01,8.439437569950670737e-01,2.427594981225287413e-02,-1.665823705969997071e-01,7.840713052357063673e-02,2.111656386664594737e-02,9.966977538920842594e-01,6.923336036697413931e-02,0.000000000000000000e+00,0.000000000000000000e+00,0.000000000000000000e+00,1.000000000000000000e+00
8.406484564469152154e-01,5.360197374070829746e-01,-7.741455795559956665e-02,1.305119269800333881e-01,-5.359101563752570740e-01,8.439353009223358182e-01,2.394811372476415845e-02,-1.666107159810813476e-01,7.816953989417155246e-02,2.135530302216859244e-02,9.967113293554784592e-01,6.916020718889681618e-02,0.000000000000000000e+00,0.000000000000000000e+00,0.000000000000000000e+00,1.000000000000000000e+00
8.406429564375079710e-01,5.360299316402150627e-01,-7.740369615071904241e-02,1.304935047130494352e-01,-5.358815288121390186e-01,8.439393815849327574e-01,2.443987086721475036e-02,-1.665842249467241187e-01,7.842452977207467479e-02,2.093400572819127323e-02,9.967002360460246457e-01,6.926435567563626883e-02,0.000000000000000000e+00,0.000000000000000000e+00,0.000000000000000000e+00,1.000000000000000000e+00
8.406563034392786626e-01,5.360094141566031922e-01,-7.740082314357313309e-02,1.305122261946807805e-01,-5.359374702327253104e-01,8.439315808371827821e-01,2.346305321565212570e-02,-1.666479125229980152e-01,7.789741644210176896e-02,2.175763776582797376e-02,9.967239325462677879e-01,6.907867936811151743e-02,0.000000000000000000e+00,0.000000000000000000e+00,0.000000000000000000e+00,1.000000000000000000e+00
8.406393172514357026e-01,5.359891274893594515e-01,-7.772511501590312344e-02,1.305166266122380625e-01,-5.358932385561193668e-01,8.439486022039877078e-01,2.385778086431432354e-02,-1.666192384814564886e-01,7.838351332311177533e-02,2.159657498610762644e-02,9.966893261132052650e-01,6.916955808118907534e-02,0.000000000000000000e+00,0.000000000000000000e+00,0.000000000000000000e+00,1.000000000000000000e+00
8.406549294937936123e-01,5.360185812300687358e-01,-7.735224685740686723e-02,1.305227584246970718e-01,-5.359609930970953284e-01,8.439220985938535868e-01,2.326597050031383243e-02,-1.666527973615077318e-01,7.775026299737146374e-02,2.189913425344144557e-02,9.967323234062339665e-01,6.906299620821210183e-02,0.000000000000000000e+00,0.000000000000000000e+00,0.000000000000000000e+00,1.000000000000000000e+00
8.406958087806034596e-01,5.359980014424119421e-01,-7.704998084663865210e-02,1.305328759855862997e-01,-5.358706965492130436e-01,8.439567771097139515e-01,2.407394754596746053e-02,-1.665816106615303771e-01,7.793044128316235775e-02,2.104996010269283638e-02,9.967365476900538201e-01,6.922681913559824984e-02,0.000000000000000000e+00,0.000000000000000000e+00,0.000000000000000000e+00,1.000000000000000000e+00
8.406914113804022648e-01,5.360242294369670368e-01,-7.691538394711916471e-02,1.305393574988627237e-01,-5.358723023405809194e-01,8.439477261628375304e-01,2.435387215169667816e-02,-1.665541939762808510e-01,7.796682894303244571e-02,2.074273272936475246e-02,9.967401429778405264e-01,6.925051184102204438e-02,0.000000000000000000e+00,0.000000000000000000e+00,0.000000000000000000e+00,1.000000000000000000e+00
8.406818362222558960e-01,5.360654381955592962e-01,-7.673262811985034904e-02,1.305377428992560429e-01,-5.359557383783456475e-01,8.439115307227269547e-01,2.376499132224393560e-02,-1.666121273960490257e-01,7.749514013987301997e-02,2.114649581909538653e-02,9.967684430043290966e-01,6.910994820254834359e-02,0.000000000000000000e+00,0.000000000000000000e+00,0.000000000000000000e+00,1.000000000000000000e+00
8.406459015330577378e-01,5.360383122371382703e-01,-7.731362137186975625e-02,1.305009668935049605e-01,-5.359183513014534883e-01,8.439270907810739741e-01,2.405381849363712882e-02,-1.665881398911875644e-01,7.814082783029921431e-02,2.121304456586113607e-02,9.967166185863673977e-01,6.922091899287652339e-02,0.000000000000000000e+00,0.000000000000000000e+00,0.000000000000000000e+00,1.000000000000000000e+00
8.406821020831400926e-01,5.360244739556780935e-01,-7.701536572406611492e-02,1.305139035138443149e-01,-5.359320479835409934e-01,8.439306774800119371e-01,2.361888126681414499e-02,-1.666110638316618542e-01,7.765592817834768291e-02,2.141903192646273449e-02,9.967501100527116353e-01,6.916921314530832809e-02,0.000000000000000000e+00,0.000000000000000000e+00,0.000000000000000000e+00,1.000000000000000000e+00
8.406684803310910947e-01,5.359644089006074807e-01,-7.758001398321860698e-02,1.305266365693250885e-01,-5.358874438300258447e-01,8.439602243503574464e-01,2.357514071676035036e-02,-1.666099045288145786e-01,7.810988236538814189e-02,2.175527766581413294e-02,9.967073563341191100e-01,6.913247118783294454e-02,0.000000000000000000e+00,0.000000000000000000e+00,0.000000000000000000e+00,1.000000000000000000e+00
8.406720026027617587e-01,5.360742426035013386e-01,-7.677884120605554807e-02,1.305367162452245322e-01,-5.359555187556023226e-01,8.439080262377350872e-01,2.389404040641768603e-02,-1.666078766467321282e-01,7.760325995263064880e-02,2.106299286931105977e-02,9.967617992158969153e-01,6.912630591367929789e-02,0.000000000000000000e+00,0.000000000000000000e+00,0.000000000000000000e+00,1.000000000000000000e+00
8.406609521583922051e-01,5.360289052910465202e-01,-7.721512940239247391e-02,1.305338988901347530e-01,-5.359190269235274418e-01,8.439310974406161181e-01,2.389768511838037332e-02,-1.665983566847956676e-01,7.797409888857581572e-02,2.129120628710533605e-02,9.967280092569662520e-01,6.918373802435895392e-02,0.000000000000000000e+00,0.000000000000000000e+00,0.000000000000000000e+00,1.000000000000000000e+00
8.407364861207095030e-01,5.360521292894281364e-01,-7.622516375628339558e-02,1.305331477063048362e-01,-5.358553104866209393e-01,8.439470236092518896e-01,2.474889016444843659e-02,-1.665112593927979279e-01,7.759669534644596245e-02,2.003836383927098952e-02,9.967834352786746344e-01,6.934858567620194592e-02,0.000000000000000000e+00,0.000000000000000000e+00,0.000000000000000000e+00,1.000000000000000000e+00
8.406409475106229046e-01,5.360550707362964351e-01,-7.725126863907560981e-02,1.304811356259822364e-01,-5.359345780681549209e-01,8.439170531274303722e-01,2.404444783360196874e-02,-1.666239196149299495e-01,7.808281116450085935e-02,2.118887865410377241e-02,9.967216793177675616e-01,6.916652263938627421e-02,0.000000000000000000e+00,0.000000000000000000e+00,0.000000000000000000e+00,1.000000000000000000e+00
8.406160720120016139e-01,5.360605474872719434e-01,-7.748360408989408976e-02,1.305086129708770692e-01,-5.358802827074391484e-01,8.439277018556876619e-01,2.486677795719568346e-02,-1.665741363718227785e-01,7.872065853705902116e-02,2.061852245491127555e-02,9.966834675318277936e-01,6.928492760896243219e-02,0.000000000000000000e+00,0.000000000000000000e+00,0.000000000000000000e+00,1.000000000000000000e+00
8.406791355278416811e-01,5.359513993417587274e-01,-7.755442367635605183e-02,1.304777611470772647e-01,-5.358143762144921274e-01,8.439851370387210228e-01,2.433192757687664687e-02,-1.665553111798305230e-01,7.849551152795773701e-02,2.109943130376643744e-02,9.966911601236474461e-01,6.935410074238057554e-02,0.000000000000000000e+00,0.000000000000000000e+00,0.000000000000000000e+00,1.000000000000000000e+00
8.406694820910188826e-01,5.359833467659066430e-01,-7.743819387380000696e-02,1.305222183120013368e-01,-5.358828509024761155e-01,8.439557873217478079e-01,2.383692838356970059e-02,-1.665898280554692912e-01,7.813060853118193594e-02,2.145882186297436503e-02,9.967121585366562897e-01,6.921003133280101416e-02,0.000000000000000000e+00,0.000000000000000000e+00,0.000000000000000000e+00,1.000000000000000000e+00
8.406491786888690143e-01,5.360138475646507583e-01,-7.744748923412300701e-02,1.305312244189034132e-01,-5.358712148345927684e-01,8.439477346708565975e-01,2.437749485955018752e-02,-1.665862518099933132e-01,7.842830790873864255e-02,2.100895910960554058e-02,9.966983616700206827e-01,6.918584347985179406e-02,0.000000000000000000e+00,0.000000000000000000e+00,0.000000000000000000e+00,1.000000000000000000e+00
8.406557459897855411e-01,5.360315968242652662e-01,-7.725311605615617361e-02,1.305276245055745077e-01,-5.359661409366771601e-01,8.439167976707904195e-01,2.333954537956298494e-02,-1.666167262848176067e-01,7.770593609116077660e-02,2.178453155583229620e-02,9.967382914692751728e-01,6.913678740857087668e-02,0.000000000000000000e+00,0.000000000000000000e+00,0.000000000000000000e+00,1.000000000000000000e+00
8.406335294196842778e-01,5.359896563356427723e-01,-7.778404410034341077e-02,1.305095308713184465e-01,-5.359112663646203867e-01,8.439429581337474229e-01,2.365159613913203965e-02,-1.666006485903276380e-01,7.832230716005249282e-02,2.180302083792897208e-02,9.966896430100330440e-01,6.918971318373734469e-02,0.000000000000000000e+00,0.000000000000000000e+00,0.000000000000000000e+00,1.000000000000000000e+00
8.406718146067158060e-01,5.360488498479033526e-01,-7.695798010987553450e-02,1.305452673842460165e-01,-5.358625362298409245e-01,8.439407834277055098e-01,2.480516746069980766e-02,-1.665528054965662030e-01,7.824475951253490047e-02,2.038589326399359303e-02,9.967257260473690872e-01,6.923809890606702488e-02,0.000000000000000000e+00,0.000000000000000000e+00,0.000000000000000000e+00,1.000000000000000000e+00
8.406733084867811234e-01,5.361201101956284409e-01,-7.644354676306189256e-02,1.305685773772036207e-01,-5.359822049001113919e-01,8.438865846902529055e-01,2.405219761758743344e-02,-1.666095282061622052e-01,7.740455043667796020e-02,2.075234019689558770e-02,9.967837658931089084e-01,6.911299499270673330e-02,0.000000000000000000e+00,0.000000000000000000e+00,0.000000000000000000e+00,1.000000000000000000e+00
8.406870023226916677e-01,5.360510488846208510e-01,-7.677654013684342971e-02,1.305641252466513968e-01,-5.359107428953118202e-01,8.439286253117096459e-01,2.416921655500974334e-02,-1.665961039109420394e-01,7.774985385890809120e-02,2.082662644754837075e-02,9.967553420251795693e-01,6.911857287668077277e-02,0.000000000000000000e+00,0.000000000000000000e+00,0.000000000000000000e+00,1.000000000000000000e+00
8.406966043457669846e-01,5.359637976752035238e-01,-7.727889118685954406e-02,1.305515308277838127e-01,-5.358619702772734472e-01,8.439698321595733299e-01,2.380905741729550176e-02,-1.665865980634430588e-01,7.798184565689245118e-02,2.139462516883985574e-02,9.967251886863447430e-01,6.914547985569896582e-02,0.000000000000000000e+00,0.000000000000000000e+00,0.000000000000000000e+00,1.000000000000000000e+00
8.406887805871204877e-01,5.359201080458715349e-01,-7.766602852626054709e-02,1.305455047788859901e-01,-5.358150741185132571e-01,8.439954960546701690e-01,2.395431040133964504e-02,-1.665566688492718384e-01,7.838737489106771539e-02,2.147650883018125886e-02,9.966916168134226650e-01,6.922397726498608073e-02,0.000000000000000000e+00,0.000000000000000000e+00,0.000000000000000000e+00,1.000000000000000000e+00
8.406878598233139543e-01,5.359586197846676336e-01,-7.740981994689256906e-02,1.305454447705631238e-01,-5.358208390510575958e-01,8.439818701033565684e-01,2.430290878602042043e-02,-1.665432078317792275e-01,7.835783805285066739e-02,2.104663429993455792e-02,9.967031094565363958e-01,6.927895555498153612e-02,0.000000000000000000e+00,0.000000000000000000e+00,0.000000000000000000e+00,1.000000000000000000e+00
8.406870009484456174e-01,5.360399276279306235e-01,-7.685416335470177107e-02,1.305402776064420456e-01,-5.358997371124409881e-01,8.439350741693057989e-01,2.418806213124692975e-02,-1.666114115018897390e-01,7.782569112526366295e-02,2.085153652590862258e-02,9.967489027961776715e-01,6.911956278755759797e-02,0.000000000000000000e+00,0.000000000000000000e+00,0.000000000000000000e+00,1.000000000000000000e+00
8.406783770190886518e-01,5.360435019306840632e-01,-7.692353638802543192e-02,1.305448949265230751e-01,-5.358828559531226832e-01,8.439377118396637067e-01,2.446841291048083150e-02,-1.666052062256533350e-01,7.803480702914539213e-02,2.065193871581307711e-02,9.967367086242999719e-01,6.916446803047615610e-02,0.000000000000000000e+00,0.000000000000000000e+00,0.000000000000000000e+00,1.000000000000000000e+00
8.405877030490092050e-01,5.360356734419522429e-01,-7.796197971077625799e-02,1.304904178174520202e-01,-5.358607420008520972e-01,8.439384135443560586e-01,2.492427183553356032e-02,-1.665802770937448163e-01,7.915540831230030716e-02,2.082572788327167676e-02,9.966447262656060735e-01,6.931585566739051352e-02,0.000000000000000000e+00,0.000000000000000000e+00,0.000000000000000000e+00,1.000000000000000000e+00
8.406621395107334305e-01,5.360220691382401315e-01,-7.724965106714742902e-02,1.305178556070082929e-01,-5.359523099723036976e-01,8.439240934970664298e-01,2.339328644091615700e-02,-1.666328221516248376e-01,7.773215955181048131e-02,2.173627870438408355e-02,9.967373001746736572e-01,6.904112874943990619e-02,0.000000000000000000e+00,0.000000000000000000e+00,0.000000000000000000e+00,1.000000000000000000e+00
8.406142903242410647e-01,5.359593061308969286e-01,-7.819998129386153407e-02,1.304756698607745513e-01,-5.358223639223613777e-01,8.439750398780339058e-01,2.450563983094632831e-02,-1.665632251161214272e-01,7.913285805103593973e-02,2.130150780012891182e-02,9.966364615756920786e-01,6.935851958716421350e-02,0.000000000000000000e+00,0.000000000000000000e+00,0.000000000000000000e+00,1.000000000000000000e+00
8.406166252415830931e-01,5.361314330951936213e-01,-7.698555588385368187e-02,1.305089545391270311e-01,-5.359881541485553846e-01,8.438766442043282856e-01,2.426742629258655040e-02,-1.666022648392162520e-01,7.797684258724761619e-02,2.086374400091422013e-02,9.967368339769470120e-01,6.918746474105508248e-02,0.000000000000000000e+00,0.000000000000000000e+00,0.000000000000000000e+00,1.000000000000000000e+00
8.406467062608098395e-01,5.361091523058741926e-01,-7.681205677970859291e-02,1.305263798369810935e-01,-5.359818638383538891e-01,8.438878682149082433e-01,2.401473539439042890e-02,-1.666051905279544443e-01,7.769528228416727744e-02,2.098196114702646428e-02,9.967563395420210304e-01,6.918269271402444076e-02,0.000000000000000000e+00,0.000000000000000000e+00,0.000000000000000000e+00,1.000000000000000000e+00
8.406429202445502291e-01,5.360326763630443025e-01,-7.738507940027325449e-02,1.305246175944991815e-01,-5.358951520366337373e-01,8.439348660228559451e-01,2.429666509251007800e-02,-1.665921843801417834e-01,7.833177303207239373e-02,2.104546939500490099e-02,9.967051828658242130e-01,6.919481850037167980e-02,0.000000000000000000e+00,0.000000000000000000e+00,0.000000000000000000e+00,1.000000000000000000e+00
8.406927115419530194e-01,5.361044473762321960e-01,-7.633993885027158532e-02,1.305474001529132733e-01,-5.359756342380668226e-01,8.438949047799220171e-01,2.390625837701081807e-02,-1.666232276682297897e-01,7.723913686299581360e-02,2.081852996517779414e-02,9.967952169561952180e-01,6.902745664271869863e-02,0.000000000000000000e+00,0.000000000000000000e+00,0.000000000000000000e+00,1.000000000000000000e+00
8.406583661464502866e-01,5.359665095556510606e-01,-7.767504144004745703e-02,1.304980333310292728e-01,-5.359293416459628423e-01,8.439469301171209636e-01,2.309372011635033375e-02,-1.666579877633169171e-01,7.793107333346362131e-02,2.221440480003303644e-02,9.967112259970161148e-01,6.907719638516351957e-02,0.000000000000000000e+00,0.000000000000000000e+00,0.000000000000000000e+00,1.000000000000000000e+00
8.406395248879252602e-01,5.360764969848039740e-01,-7.711795236328040926e-02,1.305069334570843897e-01,-5.359833638383633136e-01,8.438969655102976919e-01,2.365893681094765819e-02,-1.666531721264939425e-01,7.776260595373767071e-02,2.144530211988920562e-02,9.967412282695397030e-01,6.907738701279364513e-02,0.000000000000000000e+00,0.000000000000000000e+00,0.000000000000000000e+00,1.000000000000000000e+00
8.406654948385637871e-01,5.360676793516155891e-01,-7.689583176223584171e-02,1.305169981784609912e-01,-5.358949226856658532e-01,8.439257310579924010e-01,2.461691081263517669e-02,-1.665531076520349596e-01,7.809070128739230288e-02,2.051349830737260807e-02,9.967351898872822691e-01,6.931987870750599967e-02,0.000000000000000000e+00,0.000000000000000000e+00,0.000000000000000000e+00,1.000000000000000000e+00
8.406877821948414153e-01,5.361147742775169700e-01,-7.632169855084652843e-02,1.305480360310365406e-01,-5.359863227478804948e-01,8.438883737944052887e-01,2.389716305002417482e-02,-1.666209914980296691e-01,7.721861624973741511e-02,2.081733354686712487e-02,9.967968318210459477e-01,6.907174110878333551e-02,0.000000000000000000e+00,0.000000000000000000e+00,0.000000000000000000e+00,1.000000000000000000e+00
8.407231248724784667e-01,5.360740910326643460e-01,-7.621808334088459036e-02,1.305531259634812868e-01,-5.359745457039030159e-01,8.439072018984759005e-01,2.349299770953091823e-02,-1.666493435090638520e-01,7.691497683904000016e-02,2.109984614607402290e-02,9.968143672873411854e-01,6.898176347770257344e-02,0.000000000000000000e+00,0.000000000000000000e+00,0.000000000000000000e+00,1.000000000000000000e+00
8.406534513822340182e-01,5.360642617305210189e-01,-7.705116465342835841e-02,1.305152497807385847e-01,-5.359133935359484679e-01,8.439209191757294226e-01,2.437861370906516806e-02,-1.665712352100974791e-01,7.809359325784530348e-02,2.079878537087603840e-02,9.967290510560905537e-01,6.923287867190586198e-02,0.000000000000000000e+00,0.000000000000000000e+00,0.000000000000000000e+00,1.000000000000000000e+00
8.407312277348494289e-01,5.359946545829004094e-01,-7.668593723760905312e-02,1.305570690405271628e-01,-5.358534330584008298e-01,8.439654561409012379e-01,2.415382206622830596e-02,-1.665581385899073119e-01,7.766660151557611136e-02,2.078555025584463700e-02,9.967626898663407564e-01,6.922300356985489067e-02,0.000000000000000000e+00,0.000000000000000000e+00,0.000000000000000000e+00,1.000000000000000000e+00
8.406607389563769406e-01,5.359720431381285177e-01,-7.761115223766755500e-02,1.305329415640080482e-01,-5.359407090345922331e-01,8.439422429460678998e-01,2.300102107861267536e-02,-1.666532860074628197e-01,7.782723415885307860e-02,2.225892058254948930e-02,9.967183464137112647e-01,6.904006678254126506e-02,0.000000000000000000e+00,0.000000000000000000e+00,0.000000000000000000e+00,1.000000000000000000e+00
8.406431883123272053e-01,5.360369422265267580e-01,-7.735261154299072350e-02,1.305061154797372280e-01,-5.359407556676050177e-01,8.439211593970277203e-01,2.376095823853442701e-02,-1.666182813539504592e-01,7.801625701430481286e-02,2.148192939221551384e-02,9.967206180023899798e-01,6.917263492697633964e-02,0.000000000000000000e+00,0.000000000000000000e+00,0.000000000000000000e+00,1.000000000000000000e+00
8.406160944654476053e-01,5.360223166205438927e-01,-7.774739745099373822e-02,1.304948910424868769e-01,-5.359226928059840356e-01,8.439283335241473116e-01,2.391307614545222157e-02,-1.666276713835654899e-01,7.843117403966545775e-02,2.156487792454876359e-02,9.966862630631861952e-01,6.915976459209560723e-02,0.000000000000000000e+00,0.000000000000000000e+00,0.000000000000000000e+00,1.000000000000000000e+00
8.406698493072676248e-01,5.360463747271685397e-01,-7.699667919823481588e-02,1.305651834865238781e-01,-5.358731707031242353e-01,8.439386312706191884e-01,2.464815550206717054e-02,-1.665867125360128431e-01,7.819302645553587172e-02,2.053949344394447041e-02,9.967266324438160963e-01,6.915107749953008920e-02,0.000000000000000000e+00,0.000000000000000000e+00,0.000000000000000000e+00,1.000000000000000000e+00
8.406596808194625181e-01,5.360240263418656337e-01,-7.726282565875081110e-02,1.304937558774158513e-01,-5.358947858868616798e-01,8.439390890695592784e-01,2.415765716532279964e-02,-1.666282707800171847e-01,7.815420336612907692e-02,2.109637705146392636e-02,9.967180460749711646e-01,6.918279696002693768e-02,0.000000000000000000e+00,0.000000000000000000e+00,0.000000000000000000e+00,1.000000000000000000e+00
8.406461071749437020e-01,5.360262501639396771e-01,-7.739497158600784632e-02,1.305219275875158236e-01,-5.358767538624762405e-01,8.439420840168178062e-01,2.445124731309317873e-02,-1.666013603954067945e-01,7.842338402178629375e-02,2.091932026946487916e-02,9.967006345327744654e-01,6.920814992445922798e-02,0.000000000000000000e+00,0.000000000000000000e+00,0.000000000000000000e+00,1.000000000000000000e+00
8.406523069454058250e-01,5.361008159961948571e-01,-7.680894424207178328e-02,1.305137620510440355e-01,-5.360256271482841672e-01,8.438789058846880575e-01,2.334350537410656914e-02,-1.666548133900894180e-01,7.733192010842761255e-02,2.154779086301894866e-02,9.967725251235950434e-01,6.908148593514873426e-02,0.000000000000000000e+00,0.000000000000000000e+00,0.000000000000000000e+00,1.000000000000000000e+00
8.406606880443500129e-01,5.359722035945222451e-01,-7.761059560931123091e-02,1.305351481859544638e-01,-5.357959569324570737e-01,8.439818839220863955e-01,2.484496218871017764e-02,-1.665737615069679545e-01,7.881814582716727136e-02,2.069726033459190484e-02,9.966741309490326772e-01,6.920215865039391900e-02,0.000000000000000000e+00,0.000000000000000000e+00,0.000000000000000000e+00,1.000000000000000000e+00
8.406581741182461709e-01,5.359451400360022433e-01,-7.782442521449473016e-02,1.305167230292106906e-01,-5.358316661649240586e-01,8.439806376878565830e-01,2.410619718911478221e-02,-1.665755574545304540e-01,7.860190724847576638e-02,2.143571971707460000e-02,9.966755992283111709e-01,6.923806671435817073e-02,0.000000000000000000e+00,0.000000000000000000e+00,0.000000000000000000e+00,1.000000000000000000e+00
8.406244201659854864e-01,5.359756052400437287e-01,-7.797906647408521519e-02,1.305101675084724966e-01,-5.358433028378506435e-01,8.439651489158321862e-01,2.438815735764305465e-02,-1.665932937473868225e-01,7.888307184957106533e-02,2.128327989400061876e-02,9.966566525000117860e-01,6.922440689082476339e-02,0.000000000000000000e+00,0.000000000000000000e+00,0.000000000000000000e+00,1.000000000000000000e+00
8.406463201686407150e-01,5.358955941677454593e-01,-7.829225082038764050e-02,1.305129537604764745e-01,-5.358345568619267141e-01,8.439939647957674929e-01,2.356936700261035370e-02,-1.666124590522099491e-01,7.870890711670515405e-02,2.213819188461663492e-02,9.966517989752358142e-01,6.917341203374482994e-02,0.000000000000000000e+00,0.000000000000000000e+00,0.000000000000000000e+00,1.000000000000000000e+00
8.406285689898087554e-01,5.360301594742155062e-01,-7.755821769608704785e-02,1.305102739069939344e-01,-5.359150163964231384e-01,8.439290661858322995e-01,2.405881226350828697e-02,-1.666148480684996047e-01,7.834988320966478070e-02,2.134008858360840824e-02,9.966974949403032413e-01,6.916311102736094618e-02,0.000000000000000000e+00,0.000000000000000000e+00,0.000000000000000000e+00,1.000000000000000000e+00
8.406425956889236328e-01,5.360381112397706316e-01,-7.735095094365972146e-02,1.305187188909062712e-01,-5.359041379378582937e-01,8.439307170260023083e-01,2.424252051785721548e-02,-1.666164536259318041e-01,7.827375840260943074e-02,2.107339930996205216e-02,9.967091504481400133e-01,6.915537652868142260e-02,0.000000000000000000e+00,0.000000000000000000e+00,0.000000000000000000e+00,1.000000000000000000e+00
8.406282170205676696e-01,5.359386157284206087e-01,-7.819207709177232457e-02,1.304946077122864090e-01,-5.358508062116779103e-01,8.439748513881640823e-01,2.388228855493669880e-02,-1.665852110908526695e-01,7.879158731181988562e-02,2.182316190268472275e-02,9.966522138506758166e-01,6.927758167710562631e-02,0.000000000000000000e+00,0.000000000000000000e+00,0.000000000000000000e+00,1.000000000000000000e+00
8.406752540889098624e-01,5.360875044961498359e-01,-7.665053610796003503e-02,1.305432743771775816e-01,-5.359716159408099978e-01,8.438998040280507595e-01,2.382325895453031930e-02,-1.666182401213450737e-01,7.745672384205219696e-02,2.105488742568706675e-02,9.967733682473403078e-01,6.910222652484465655e-02,0.000000000000000000e+00,0.000000000000000000e+00,0.000000000000000000e+00,1.000000000000000000e+00
8.406393844631983026e-01,5.359088164029275347e-01,-7.827621472036480621e-02,1.305086985359737439e-01,-5.358495258818491980e-01,8.439851863934051401e-01,2.354338040058637227e-02,-1.666138912903328273e-01,7.868107079553940397e-02,2.215277973760144958e-02,9.966536727712214105e-01,6.916762694573574954e-02,0.000000000000000000e+00,0.000000000000000000e+00,0.000000000000000000e+00,1.000000000000000000e+00
8.406056017141230186e-01,5.359893321660623711e-01,-7.808750329608507568e-02,1.305118067896635647e-01,-5.358768601015725386e-01,8.439501810263854154e-01,2.416780406266589437e-02,-1.665975821390179301e-01,7.885564770209799179e-02,2.152969460327096296e-02,9.966535301075157838e-01,6.921778574321413302e-02,0.000000000000000000e+00,0.000000000000000000e+00,0.000000000000000000e+00,1.000000000000000000e+00
8.406751927958864279e-01,5.359679824154417460e-01,-7.748252734081334525e-02,1.305290197885351777e-01,-5.358597905855997379e-01,8.439673282634336804e-01,2.394647484367369572e-02,-1.665959425647237091e-01,7.822726539485061470e-02,2.138856351890401630e-02,9.967060872190163234e-01,6.915714134656081313e-02,0.000000000000000000e+00,0.000000000000000000e+00,0.000000000000000000e+00,1.000000000000000000e+00
8.407177002905590335e-01,5.360139275716702123e-01,-7.669952977265408200e-02,1.305784321543903836e-01,-5.359035446797590918e-01,8.439447553338700336e-01,2.376217044219571667e-02,-1.666497443660472366e-01,7.746702019455418975e-02,2.112627259236095345e-02,9.967710576599473349e-01,6.897958213644206360e-02,0.000000000000000000e+00,0.000000000000000000e+00,0.000000000000000000e+00,1.000000000000000000e+00
8.406624941047243782e-01,5.360088447627472386e-01,-7.733750281544796157e-02,1.305461801081606033e-01,-5.358980904508706677e-01,8.439431529238979879e-01,2.394141357524050620e-02,-1.666025227050469126e-01,7.810126539778181054e-02,2.131837163048300524e-02,9.967174721927423153e-01,6.913703752867195185e-02,0.000000000000000000e+00,0.000000000000000000e+00,0.000000000000000000e+00,1.000000000000000000e+00
8.406813362810333645e-01,5.360661079095853099e-01,-7.673342674092636928e-02,1.305204213023211102e-01,-5.359267399178905267e-01,8.439191216666257489e-01,2.414633567258097843e-02,-1.665842130019707379e-01,7.770083828195181730e-02,2.082412149647719021e-02,9.967592165082710398e-01,6.918080367369783268e-02,0.000000000000000000e+00,0.000000000000000000e+00,0.000000000000000000e+00,1.000000000000000000e+00
8.406265392259434366e-01,5.360702574030866696e-01,-7.730265633729770103e-02,1.304895063444928838e-01,-5.359605463645207291e-01,8.439040524317427128e-01,2.392160174251622626e-02,-1.666105645400471069e-01,7.805968415038865016e-02,2.132204064041414229e-02,9.967206510819722753e-01,6.919625872846779657e-02,0.000000000000000000e+00,0.000000000000000000e+00,0.000000000000000000e+00,1.000000000000000000e+00
8.406430559555315707e-01,5.360055712683010620e-01,-7.757112892750442357e-02,1.305084941518928343e-01,-5.358663535473090489e-01,8.439511244883172170e-01,2.436699839569120285e-02,-1.665724661240408078e-01,7.852708838137181790e-02,2.108381000311258108e-02,9.966890033235528135e-01,6.925393145459080024e-02,0.000000000000000000e+00,0.000000000000000000e+00,0.000000000000000000e+00,1.000000000000000000e+00
8.406665657722184326e-01,5.360871509499544052e-01,-7.674823632569904852e-02,1.305380586075264304e-01,-5.359454226259735554e-01,8.439062464220050686e-01,2.418162972566020516e-02,-1.665848124179779566e-01,7.773177702208555750e-02,2.080417833712871686e-02,9.967572206935377821e-01,6.917490798413816755e-02,0.000000000000000000e+00,0.000000000000000000e+00,0.000000000000000000e+00,1.000000000000000000e+00
8.406806553884381694e-01,5.360101985897566257e-01,-7.713042631436566043e-02,1.305323157020352176e-01,-5.359497019374560578e-01,8.439299785923254360e-01,2.324022861998486372e-02,-1.666258635359045281e-01,7.754967858616897136e-02,2.180041836586718573e-02,9.967501136745634538e-01,6.908776511058056791e-02,0.000000000000000000e+00,0.000000000000000000e+00,0.000000000000000000e+00,1.000000000000000000e+00
8.406863766132756099e-01,5.360212068438020561e-01,-7.699144102142756185e-02,1.305388120255798201e-01,-5.359749912973100772e-01,8.439200205069627980e-01,2.301755181108723278e-02,-1.666432073024832761e-01,7.731251438603246873e-02,2.191494470085572979e-02,9.967660258646802163e-01,6.905142654404383684e-02,0.000000000000000000e+00,0.000000000000000000e+00,0.000000000000000000e+00,1.000000000000000000e+00
8.406218758156436266e-01,5.360671701101883402e-01,-7.737474413685281605e-02,1.305018744929237473e-01,-5.358972974078658469e-01,8.439215999926350520e-01,2.470667312319605596e-02,-1.665841127671152111e-01,7.854265421498272948e-02,2.069594636457952608e-02,9.966959061182806279e-01,6.923805372602176433e-02,0.000000000000000000e+00,0.000000000000000000e+00,0.000000000000000000e+00,1.000000000000000000e+00
8.406290957883514325e-01,5.360287310077482825e-01,-7.756238036755951082e-02,1.304887714845546220e-01,-5.359012887897505184e-01,8.439332806164983047e-01,2.421624540178321863e-02,-1.666070332400044207e-01,7.843807740850923527e-02,2.120889912508612876e-02,9.966933583657306972e-01,6.920025015823649817e-02,0.000000000000000000e+00,0.000000000000000000e+00,0.000000000000000000e+00,1.000000000000000000e+00
8.406459282098766028e-01,5.359738658436097314e-01,-7.775884847920323806e-02,1.304927841491622109e-01,-5.358784736980075625e-01,8.439579137786753504e-01,2.386003347525391879e-02,-1.666152882302814608e-01,7.841354992123024392e-02,2.161145305162650090e-02,9.966866409688395212e-01,6.920123701048375153e-02,0.000000000000000000e+00,0.000000000000000000e+00,0.000000000000000000e+00,1.000000000000000000e+00
8.406665302557135844e-01,5.360656656826283673e-01,-7.689854994770702057e-02,1.305216089155409043e-01,-5.359545938981205015e-01,8.439104789457627653e-01,2.382806758917053666e-02,-1.666098677495778946e-01,7.766890103072345009e-02,2.118267220569102285e-02,9.967541503354304666e-01,6.915320155312687511e-02,0.000000000000000000e+00,0.000000000000000000e+00,0.000000000000000000e+00,1.000000000000000000e+00
8.406828023703302177e-01,5.359873274836000068e-01,-7.726584352582097082e-02,1.305254882970122154e-01,-5.358671130611583067e-01,8.439599774727361003e-01,2.404149670296510874e-02,-1.666056105528208042e-01,7.809521712799186166e-02,2.119295168699110790e-02,9.967206207661827300e-01,6.917939662029892744e-02,0.000000000000000000e+00,0.000000000000000000e+00,0.000000000000000000e+00,1.000000000000000000e+00
8.406946687244221117e-01,5.359185088324663893e-01,-7.761330987092188161e-02,1.305221405504599086e-01,-5.358865135263447543e-01,8.439764823172354324e-01,2.300743175593329345e-02,-1.666366696215237087e-01,7.783391676456272168e-02,2.224970081171407169e-02,9.967180304453593376e-01,6.908763605109635719e-02,0.000000000000000000e+00,0.000000000000000000e+00,0.000000000000000000e+00,1.000000000000000000e+00
8.406980395845949916e-01,5.360332389233380956e-01,-7.678003000764174746e-02,1.305441816082443252e-01,-5.359144276092498993e-01,8.439341377312912229e-01,2.389346044406618838e-02,-1.665918392689431649e-01,7.760497741040126018e-02,2.106034047914783977e-02,9.967617215463450142e-01,6.915476321747515698e-02,0.000000000000000000e+00,0.000000000000000000e+00,0.000000000000000000e+00,1.000000000000000000e+00
8.407220692205419343e-01,5.360699518746679937e-01,-7.625882914536162571e-02,1.305618764117361108e-01,-5.359950854432279366e-01,8.439027023947202055e-01,2.318398739637222983e-02,-1.666256948538327454e-01,7.678327100506408820e-02,2.138306778690759330e-02,9.968184858367061807e-01,6.902248220161477654e-02,0.000000000000000000e+00,0.000000000000000000e+00,0.000000000000000000e+00,1.000000000000000000e+00
8.406993784538685510e-01,5.359924295749115553e-01,-7.704979237910296319e-02,1.305371746334412775e-01,-5.358247324643973242e-01,8.439711022309691613e-01,2.458932041558518911e-02,-1.665531272760520376e-01,7.820748779200432932e-02,2.061295799798470996e-02,9.967239812585213521e-01,6.929621484899772810e-02,0.000000000000000000e+00,0.000000000000000000e+00,0.000000000000000000e+00,1.000000000000000000e+00
8.406777196331682855e-01,5.360382641547150051e-01,-7.696720778601902346e-02,1.305182522773030152e-01,-5.358415150851194575e-01,8.439501593425920989e-01,2.493991292882471664e-02,-1.665333793505134607e-01,7.832523490970207114e-02,2.027579610307749317e-02,9.967216510484392389e-01,6.929784459159438192e-02,0.000000000000000000e+00,0.000000000000000000e+00,0.000000000000000000e+00,1.000000000000000000e+00
8.406219706841855377e-01,5.360441308029926244e-01,-7.753316860996246895e-02,1.305070026318122800e-01,-5.358856458262293287e-01,8.439320231137430461e-01,2.460314940308018505e-02,-1.665843833851631817e-01,7.862109768021484368e-02,2.086696419724894808e-02,9.966861556200875549e-01,6.925736423066175540e-02,0.000000000000000000e+00,0.000000000000000000e+00,0.000000000000000000e+00,1.000000000000000000e+00
8.406655566835778970e-01,5.361803775447955278e-01,-7.610535159770716318e-02,1.305551177029285470e-01,-5.360890060169576365e-01,8.438381594714399192e-01,2.336104123542206285e-02,-1.666730892990551105e-01,7.674633172758414668e-02,2.116041955570181071e-02,9.968260817266902940e-01,6.890076898988684029e-02,0.000000000000000000e+00,0.000000000000000000e+00,0.000000000000000000e+00,1.000000000000000000e+00
8.406363400124076124e-01,5.360042558836649595e-01,-7.765295567550983824e-02,1.305199385582605232e-01,-5.358796289321098305e-01,8.439473892064823790e-01,2.420387463086825022e-02,-1.665785864162007135e-01,7.850838901753326438e-02,2.126598048906152769e-02,9.966866061745340843e-01,6.924465026713910731e-02,0.000000000000000000e+00,0.000000000000000000e+00,0.000000000000000000e+00,1.000000000000000000e+00
8.406560177585526983e-01,5.359978996271675955e-01,-7.748362021483728990e-02,1.305109869597026739e-01,-5.359065507479608970e-01,8.439436528757243705e-01,2.373351293429766876e-02,-1.666149078272374240e-01,7.811292256570284698e-02,2.157225917803064566e-02,9.967110960364596872e-01,6.914557635792406565e-02,0.000000000000000000e+00,0.000000000000000000e+00,0.000000000000000000e+00,1.000000000000000000e+00
8.406646302324970454e-01,5.360647525570414462e-01,-7.692568194053986397e-02,1.305307414269605282e-01,-5.359966737324215469e-01,8.438989721626282137e-01,2.328283768443959248e-02,-1.666359605159939694e-01,7.739861254466570695e-02,2.165885151197492406e-02,9.967649416624478897e-01,6.906956847854317516e-02,0.000000000000000000e+00,0.000000000000000000e+00,0.000000000000000000e+00,1.000000000000000000e+00
8.406861930782595360e-01,5.359781277987804016e-01,-7.729276349631697407e-02,1.305318810942031615e-01,-5.359279072538351008e-01,8.439462281817970979e-01,2.315258439662246787e-02,-1.666499796569114733e-01,7.764021505706936166e-02,2.195929095012712218e-02,9.967395780979401154e-01,6.906665908633113915e-02,0.000000000000000000e+00,0.000000000000000000e+00,0.000000000000000000e+00,1.000000000000000000e+00
8.406428801112154625e-01,5.359420863079804587e-01,-7.801043675156484059e-02,1.305169456084191160e-01,-5.357936632054509651e-01,8.439905614356216779e-01,2.459842833328862791e-02,-1.665541049024786002e-01,7.902340531263131462e-02,2.111900403507299337e-02,9.966490300408475944e-01,6.930062052303775921e-02,0.000000000000000000e+00,0.000000000000000000e+00,0.000000000000000000e+00,1.000000000000000000e+00
8.406869789591453479e-01,5.359796252247125414e-01,-7.727382967423371274e-02,1.305305651696057612e-01,-5.359342646776291685e-01,8.439440461854574860e-01,2.308486197852770497e-02,-1.666098107592879352e-01,7.758780415113414319e-02,2.200655020886750288e-02,9.967426169252070478e-01,6.913088740773321028e-02,0.000000000000000000e+00,0.000000000000000000e+00,0.000000000000000000e+00,1.000000000000000000e+00
8.406726849340395713e-01,5.360218607733701068e-01,-7.713625333684975827e-02,1.305194013867690128e-01,-5.359177647113991805e-01,8.439346113130864468e-01,2.380170780778107301e-02,-1.666070663669460550e-01,7.785618968669294482e-02,2.132924285771392939e-02,9.967364130634469577e-01,6.917316563004383134e-02,0.000000000000000000e+00,0.000000000000000000e+00,0.000000000000000000e+00,1.000000000000000000e+00
8.406931839792306516e-01,5.360800995519421352e-01,-7.650553754626722436e-02,1.305508389443084394e-01,-5.359815979836313193e-01,8.439008831370746755e-01,2.355899113668680211e-02,-1.666342454716774057e-01,7.719259701406992746e-02,2.119967699860531019e-02,9.967907888124660776e-01,6.906638577304979876e-02,0.000000000000000000e+00,0.000000000000000000e+00,0.000000000000000000e+00,1.000000000000000000e+00
8.406762854220606318e-01,5.360059255462189531e-01,-7.720771275142973566e-02,1.305460254603123260e-01,-5.358704307693643587e-01,8.439527205607972871e-01,2.422162019941748179e-02,-1.666128613793150526e-01,7.814259117806343635e-02,2.101078859467576249e-02,9.967207644102775710e-01,6.911962623229461755e-02,0.000000000000000000e+00,0.000000000000000000e+00,0.000000000000000000e+00,1.000000000000000000e+00
8.406760924205615160e-01,5.360032581504218241e-01,-7.722832954705001474e-02,1.305318508152287782e-01,-5.359642651029886684e-01,8.439275506790138159e-01,2.299121000586278746e-02,-1.666477954370766956e-01,7.749847846963665854e-02,2.206346430306684731e-02,9.967483079382871702e-01,6.903482858986609294e-02,0.000000000000000000e+00,0.000000000000000000e+00,0.000000000000000000e+00,1.000000000000000000e+00
8.406747547903568041e-01,5.360107780080223261e-01,-7.719068931813009848e-02,1.305391201615011543e-01,-5.358480338018425382e-01,8.439570310187793911e-01,2.456449601898259491e-02,-1.665627635486998659e-01,7.831245960173190135e-02,2.071172743162200472e-02,9.967136915975045586e-01,6.922968935717288552e-02,0.000000000000000000e+00,0.000000000000000000e+00,0.000000000000000000e+00,1.000000000000000000e+00
8.406301909638842496e-01,5.359941262436758169e-01,-7.778932235404814599e-02,1.305227873257385762e-01,-5.358565346055148559e-01,8.439562704320633379e-01,2.440467002380507580e-02,-1.666003814744726474e-01,7.873154615903463216e-02,2.116861428342970211e-02,9.966710758363198641e-01,6.917154142434989161e-02,0.000000000000000000e+00,0.000000000000000000e+00,0.000000000000000000e+00,1.000000000000000000e+00
8.406921218620957426e-01,5.360898201629019644e-01,-7.644907426983561793e-02,1.305493575282582752e-01,-5.359415736348910331e-01,8.439085858317714184e-01,2.418529324148570303e-02,-1.666040194984459155e-01,7.748151965962014887e-02,2.063985167406473531e-02,9.967801215083036404e-01,6.913700751516049792e-02,0.000000000000000000e+00,0.000000000000000000e+00,0.000000000000000000e+00,1.000000000000000000e+00
8.407529038596710524e-01,5.360324122631823229e-01,-7.618272543591896040e-02,1.305683202260411180e-01,-5.359184923741846518e-01,8.439379243682619824e-01,2.366747439780782225e-02,-1.665966524968409690e-01,7.698002457074067106e-02,2.092923353359278649e-02,9.968129428337016984e-01,6.909531102600396935e-02,0.000000000000000000e+00,0.000000000000000000e+00,0.000000000000000000e+00,1.000000000000000000e+00
8.406551148923538941e-01,5.360031849841928597e-01,-7.745684922667768479e-02,1.305313926628573484e-01,-5.359070905554417230e-01,8.439418066174488864e-01,2.378691521988442886e-02,-1.666049315520240492e-01,7.811893559006473364e-02,2.151308276555372739e-02,9.967119037977812956e-01,6.913945400559629029e-02,0.000000000000000000e+00,0.000000000000000000e+00,0.000000000000000000e+00,1.000000000000000000e+00
8.406717173849089786e-01,5.360345751914656898e-01,-7.705840504716682249e-02,1.305125264683992814e-01,-5.359161024097220949e-01,8.439310442790478595e-01,2.396505122148806857e-02,-1.666107345218195146e-01,7.787807629288540090e-02,2.115009932320161337e-02,9.967385206419679955e-01,6.916070297308252179e-02,0.000000000000000000e+00,0.000000000000000000e+00,0.000000000000000000e+00,1.000000000000000000e+00
8.406670435226876181e-01,5.360049843855569929e-01,-7.731480226103135123e-02,1.305432767566361563e-01,-5.358697490437205335e-01,8.439524195124381567e-01,2.424717837030758785e-02,-1.666084692058779626e-01,7.824662289609365939e-02,2.104685993065000607e-02,9.967118418542121328e-01,6.912793987949972241e-02,0.000000000000000000e+00,0.000000000000000000e+00,0.000000000000000000e+00,1.000000000000000000e+00
8.406601160554572072e-01,5.361362018723625500e-01,-7.647576292854284252e-02,1.305088181385793966e-01,-5.360098283158074572e-01,8.438729913209002120e-01,2.391314425111408862e-02,-1.666478085591778235e-01,7.735653315967568056e-02,2.088893393625617864e-02,9.967846403393878507e-01,6.911584523485503340e-02,0.000000000000000000e+00,0.000000000000000000e+00,0.000000000000000000e+00,1.000000000000000000e+00
8.406379842519707823e-01,5.360092722600151571e-01,-7.760051213795240987e-02,1.305085649920016133e-01,-5.358609957521447420e-01,8.439509662898974085e-01,2.448999244320981816e-02,-1.665903355039282663e-01,7.861789023055401615e-02,2.099586982331367452e-02,9.966837014750764556e-01,6.921525693647678779e-02,0.000000000000000000e+00,0.000000000000000000e+00,0.000000000000000000e+00,1.000000000000000000e+00
8.406638517798336041e-01,5.360435546474212609e-01,-7.708174772052936441e-02,1.305451859150730809e-01,-5.359610649343703459e-01,8.439152698350610438e-01,2.351072550203559680e-02,-1.666591795955904565e-01,7.765323679737956564e-02,2.154819853661778944e-02,9.967475357153970927e-01,6.903354613743806212e-02,0.000000000000000000e+00,0.000000000000000000e+00,0.000000000000000000e+00,1.000000000000000000e+00
8.406727817860389917e-01,5.360715675133097546e-01,-7.678898663184761941e-02,1.305469091170341767e-01,-5.359151040904067687e-01,8.439197774188780254e-01,2.438053504417598064e-02,-1.665985972560301565e-01,7.787345614451461617e-02,2.065632554678402746e-02,9.967492367907857531e-01,6.912790114733979863e-02,0.000000000000000000e+00,0.000000000000000000e+00,0.000000000000000000e+00,1.000000000000000000e+00
8.407443660753739501e-01,5.359652999878860014e-01,-7.674703982182702611e-02,1.305518066429919022e-01,-5.359498172051456732e-01,8.439487050697718207e-01,2.254720933566606647e-02,-1.666495232559460082e-01,7.685508669104905433e-02,2.217612274386091334e-02,9.967956236008265192e-01,6.897292163210066995e-02,0.000000000000000000e+00,0.000000000000000000e+00,0.000000000000000000e+00,1.000000000000000000e+00
8.406857312469515620e-01,5.358822982795568013e-01,-7.795937190869609013e-02,1.305290233620990392e-01,-5.358015294042717258e-01,8.440105602903402726e-01,2.372541267142428897e-02,-1.665951953843659572e-01,7.851256183453536597e-02,2.182513479926376579e-02,9.966741900566966628e-01,6.916118010059113530e-02,0.000000000000000000e+00,0.000000000000000000e+00,0.000000000000000000e+00,1.000000000000000000e+00
8.407006513335286702e-01,5.359979587451099148e-01,-7.699742247930350947e-02,1.305449075817382010e-01,-5.358549900714643099e-01,8.439614212206258959e-01,2.426003105464884235e-02,-1.665690646104657779e-01,7.798618123034269101e-02,2.086402914916060669e-02,9.967360973822365633e-01,6.919877957471154417e-02,0.000000000000000000e+00,0.000000000000000000e+00,0.000000000000000000e+00,1.000000000000000000e+00
8.407124685769861161e-01,5.359646851776900256e-01,-7.709994436813656649e-02,1.305423650528036994e-01,-5.358548488917311836e-01,8.439728475475726244e-01,2.386238717441221957e-02,-1.665806846846371869e-01,7.785965642365764994e-02,2.125297261140879357e-02,9.967377714608635086e-01,6.916582214828648212e-02,0.000000000000000000e+00,0.000000000000000000e+00,0.000000000000000000e+00,1.000000000000000000e+00
8.406508872728656323e-01,5.360485396059807561e-01,-7.718839882805815511e-02,1.305158638461515475e-01,-5.359793555949322608e-01,8.439075613992428337e-01,2.337002758287963153e-02,-1.666288285730511132e-01,7.766734257965283994e-02,2.172535384012813306e-02,9.967425910921717813e-01,6.910706322793402911e-02,0.000000000000000000e+00,0.000000000000000000e+00,0.000000000000000000e+00,1.000000000000000000e+00
8.406341313287500894e-01,5.361761210983471138e-01,-7.648152985583360486e-02,1.305321066054491441e-01,-5.360335624893137751e-01,8.438518835345062419e-01,2.412506042026259581e-02,-1.666195334215640755e-01,7.747436434184541698e-02,2.071631770361425165e-02,9.967790913992078394e-01,6.912598633464561715e-02,0.000000000000000000e+00,0.000000000000000000e+00,0.000000000000000000e+00,1.000000000000000000e+00
8.406757297972343723e-01,5.359623177124483995e-01,-7.751587787148978004e-02,1.305322451891150204e-01,-5.359156835849436806e-01,8.439535335074199729e-01,2.316923322043191319e-02,-1.666199928947421915e-01,7.783763496901635603e-02,2.206416263175751957e-02,9.967218645689425172e-01,6.909375739709822106e-02,0.000000000000000000e+00,0.000000000000000000e+00,0.000000000000000000e+00,1.000000000000000000e+00
8.406072577632315301e-01,5.360317344330111089e-01,-7.777800380903347743e-02,1.305218915043087624e-01,-5.359066508944351215e-01,8.439290486517972978e-01,2.424504833532849929e-02,-1.666098642543893948e-01,7.863523207119181568e-02,2.130118593905625662e-02,9.966758549070503514e-01,6.914612038849243802e-02,0.000000000000000000e+00,0.000000000000000000e+00,0.000000000000000000e+00,1.000000000000000000e+00
8.406307575067994975e-01,5.359373135255522946e-01,-7.817368805780153251e-02,1.304902959549542329e-01,-5.359279479566971816e-01,8.439536030252954291e-01,2.288122679285386346e-02,-1.666895241648452264e-01,7.823786891568809687e-02,2.266080121346290832e-02,9.966771412829209531e-01,6.901523536705900241e-02,0.000000000000000000e+00,0.000000000000000000e+00,0.000000000000000000e+00,1.000000000000000000e+00
8.406631945584169818e-01,5.360552901811762583e-01,-7.700726708312648217e-02,1.305205397385846011e-01,-5.359214470486041160e-01,8.439224108420042558e-01,2.414885239404587769e-02,-1.665889268642695709e-01,7.793327856677888243e-02,2.096879460994920813e-02,9.967380366698356253e-01,6.922796579255585669e-02,0.000000000000000000e+00,0.000000000000000000e+00,0.000000000000000000e+00,1.000000000000000000e+00
8.406528324802176044e-01,5.361173690369411826e-01,-7.668756000744644807e-02,1.305369715045633094e-01,-5.359400896797663627e-01,8.438968902292657281e-01,2.462232595468485247e-02,-1.665899769512975692e-01,7.791685001994988480e-02,2.040110973165631253e-02,9.967511019330180799e-01,6.919440426267531308e-02,0.000000000000000000e+00,0.000000000000000000e+00,0.000000000000000000e+00,1.000000000000000000e+00
8.406627045072714299e-01,5.359991370858793180e-01,-7.740246955822958908e-02,1.304890268714075097e-01,-5.358943248260051861e-01,8.439472007064283687e-01,2.388294452246982752e-02,-1.666272731417416109e-01,7.812483516654615545e-02,2.140204342991625097e-02,9.967138318831658683e-01,6.917304569344917553e-02,0.000000000000000000e+00,0.000000000000000000e+00,0.000000000000000000e+00,1.000000000000000000e+00
8.406842379601908721e-01,5.359337834340159867e-01,-7.762082078537302365e-02,1.305339394539614950e-01,-5.358355010416443465e-01,8.439852940517209579e-01,2.385663949261481592e-02,-1.665872850530981664e-01,7.829641031837739074e-02,2.153609060465414698e-02,9.966974811509884402e-01,6.917125234676535506e-02,0.000000000000000000e+00,0.000000000000000000e+00,0.000000000000000000e+00,1.000000000000000000e+00
8.406673423722812455e-01,5.359997964047387153e-01,-7.734751271246220750e-02,1.305344245715373552e-01,-5.358284790951235443e-01,8.439650684991286678e-01,2.471445212558703169e-02,-1.665540488231566085e-01,7.852554017217969196e-02,2.066836731190512672e-02,9.966978268930497542e-01,6.921932588483281634e-02,0.000000000000000000e+00,0.000000000000000000e+00,0.000000000000000000e+00,1.000000000000000000e+00
8.406604820650083187e-01,5.360281743771646568e-01,-7.722532077053663457e-02,1.305204502234662556e-01,-5.358998175325593305e-01,8.439365014713937629e-01,2.413642584962134505e-02,-1.665826701472093718e-01,7.811107132025517374e-02,2.109449591975494018e-02,9.967214670002316756e-01,6.923541683214962106e-02,0.000000000000000000e+00,0.000000000000000000e+00,0.000000000000000000e+00,1.000000000000000000e+00
8.406825663267142312e-01,5.360030710087555494e-01,-7.715912482339895573e-02,1.305419350293025582e-01,-5.359310261256351460e-01,8.439375271294451419e-01,2.339627189449219880e-02,-1.666492054712637727e-01,7.765795458453514377e-02,2.168313104282088705e-02,9.967442419788169472e-01,6.903596819282298291e-02,0.000000000000000000e+00,0.000000000000000000e+00,0.000000000000000000e+00,1.000000000000000000e+00
8.407158188294894252e-01,5.359671261067832093e-01,-7.704642563219336882e-02,1.305518477729473714e-01,-5.358399168900981335e-01,8.439764259667117408e-01,2.407022807679071522e-02,-1.665764340442767444e-01,7.792621790562091755e-02,2.104832880044194346e-02,9.967369123382733287e-01,6.916181768889817505e-02,0.000000000000000000e+00,0.000000000000000000e+00,0.000000000000000000e+00,1.000000000000000000e+00
8.406272682279105624e-01,5.360568831667777978e-01,-7.738742741040065265e-02,1.305164809256989522e-01,-5.359210497983355470e-01,8.439189867825367397e-01,2.427698768353854161e-02,-1.665769491687619230e-01,7.832256568020835863e-02,2.106565350175877357e-02,9.967054800430332762e-01,6.923342639255625208e-02,0.000000000000000000e+00,0.000000000000000000e+00,0.000000000000000000e+00,1.000000000000000000e+00
8.406559151665133900e-01,5.359635161494191724e-01,-7.772220823100287057e-02,1.305167173913982515e-01,-5.358410607108061718e-01,8.439721858211629568e-01,2.419312333219796052e-02,-1.665806950172065148e-01,7.856201341532842441e-02,2.130865826372151106e-02,9.966814692423703326e-01,6.922643232041369998e-02,0.000000000000000000e+00,0.000000000000000000e+00,0.000000000000000000e+00,1.000000000000000000e+00
8.406555757672413698e-01,5.360547574804214177e-01,-7.709409779000442331e-02,1.305340470151832299e-01,-5.358629920944756320e-01,8.439373949384165741e-01,2.491038193435426637e-02,-1.665496508334033954e-01,7.841592080058881753e-02,2.037082244696939923e-02,9.967125829233973722e-01,6.925578536088172754e-02,0.000000000000000000e+00,0.000000000000000000e+00,0.000000000000000000e+00,1.000000000000000000e+00
8.406752014713397836e-01,5.360372752269277896e-01,-7.700159218102700653e-02,1.305405298628994903e-01,-5.358410035910914360e-01,8.439504009356426639e-01,2.494272701730747277e-02,-1.665420666176657960e-01,7.835575602094715930e-02,2.029187837187387128e-02,9.967189248582204453e-01,6.928147754001101610e-02,0.000000000000000000e+00,0.000000000000000000e+00,0.000000000000000000e+00,1.000000000000000000e+00
8.406341751791090999e-01,5.360690839171605715e-01,-7.722772034156559495e-02,1.305393157556034578e-01,-5.359727551925116407e-01,8.439017120524319182e-01,2.372985643281589133e-02,-1.666449836086517367e-01,7.789344781357900038e-02,2.144382575918682074e-02,9.967310435240405164e-01,6.905268745573134304e-02,0.000000000000000000e+00,0.000000000000000000e+00,0.000000000000000000e+00,1.000000000000000000e+00
8.407335468199421680e-01,5.360773434399199733e-01,-7.608012290972288039e-02,1.305883998538610868e-01,-5.359341072734928879e-01,8.439180115382283187e-01,2.402129185383472185e-02,-1.665875040105228577e-01,7.708265636655603492e-02,2.057842685340849007e-02,9.968123155517866207e-01,6.911111315102957953e-02,0.000000000000000000e+00,0.000000000000000000e+00,0.000000000000000000e+00,1.000000000000000000e+00
8.406475665057626667e-01,5.359907150531777464e-01,-7.762488199490431839e-02,1.304956046108236567e-01,-5.359214178438573839e-01,8.439409922069537329e-01,2.349118066365007626e-02,-1.666369646858247566e-01,7.810187465208041913e-02,2.185303295942657084e-02,9.967058453356762993e-01,6.913775164147240027e-02,0.000000000000000000e+00,0.000000000000000000e+00,0.000000000000000000e+00,1.000000000000000000e+00
8.406584678254049869e-01,5.360112876404681259e-01,-7.736433283788012039e-02,1.305194820386500476e-01,-5.359187826454976378e-01,8.439363810311689695e-01,2.371588454563648696e-02,-1.666171824699031467e-01,7.800255688893063810e-02,2.152403990939882883e-02,9.967207817763047428e-01,6.911953719863817014e-02,0.000000000000000000e+00,0.000000000000000000e+00,0.000000000000000000e+00,1.000000000000000000e+00
8.406993760304812824e-01,5.360095547319452258e-01,-7.693059455133302582e-02,1.305521962744096154e-01,-5.358808149683884636e-01,8.439507349586993223e-01,2.406053015806795814e-02,-1.666204677834203229e-01,7.782230586904775871e-02,2.099795701332069636e-02,9.967460933008422952e-01,6.908142702891062470e-02,0.000000000000000000e+00,0.000000000000000000e+00,0.000000000000000000e+00,1.000000000000000000e+00
8.406805326464912298e-01,5.359976512220471223e-01,-7.721890904215575335e-02,1.305267481449966516e-01,-5.358696819713043569e-01,8.439558713399876178e-01,2.412822361334418172e-02,-1.665924298387749802e-01,7.810202284950862328e-02,2.109514435151124342e-02,9.967221623459587843e-01,6.919016972207958638e-02,0.000000000000000000e+00,0.000000000000000000e+00,0.000000000000000000e+00,1.000000000000000000e+00
8.406594952588785086e-01,5.360638141136332413e-01,-7.698831228850251673e-02,1.305132662538565080e-01,-5.359325977151810916e-01,8.439164248710965266e-01,2.411054829415869641e-02,-1.666025130657683428e-01,7.789649374231021051e-02,2.099178483910248486e-02,9.967404282118405012e-01,6.918688986578258593e-02,0.000000000000000000e+00,0.000000000000000000e+00,0.000000000000000000e+00,1.000000000000000000e+00
8.406664716347772570e-01,5.359554186992944169e-01,-7.766384381421417848e-02,1.305534185518824886e-01,-5.358760171851889575e-01,8.439659683939245705e-01,2.362918531487027615e-02,-1.666264113698212035e-01,7.820983106281229058e-02,2.175392745619738125e-02,9.966995479909465105e-01,6.906544721815333077e-02,0.000000000000000000e+00,0.000000000000000000e+00,0.000000000000000000e+00,1.000000000000000000e+00
8.406773603891550817e-01,5.359844953600590989e-01,-7.734466020835442657e-02,1.305411577137340351e-01,-5.359202787853797334e-01,8.439457141366479842e-01,2.334708497830876098e-02,-1.666232404939978484e-01,7.778837005442329477e-02,2.182320608907586598e-02,9.967310154501414221e-01,6.911190703674119362e-02,0.000000000000000000e+00,0.000000000000000000e+00,0.000000000000000000e+00,1.000000000000000000e+00
8.406367107227110669e-01,5.360278180390687375e-01,-7.748612052216891088e-02,1.304990498172513003e-01,-5.358889398226145406e-01,8.439375365465257017e-01,2.434088296623092632e-02,-1.665783114133110310e-01,7.844083605555951522e-02,2.106211518477360892e-02,9.966962539022850009e-01,6.924715642311718433e-02,0.000000000000000000e+00,0.000000000000000000e+00,0.000000000000000000e+00,1.000000000000000000e+00
8.407772745996413555e-01,5.360921673420910860e-01,-7.549014923325388093e-02,1.306290809688867294e-01,-5.360002729479866890e-01,8.438991483768424340e-01,2.319342080255071964e-02,-1.666231888942548423e-01,7.613988387490024101e-02,2.096223946289710316e-02,9.968767740298783986e-01,6.891690996963850679e-02,0.000000000000000000e+00,0.000000000000000000e+00,0.000000000000000000e+00,1.000000000000000000e+00
8.406627871180122336e-01,5.360578484100453345e-01,-7.699390568719495509e-02,1.305311516540692551e-01,-5.360010381661635126e-01,8.438996736541805044e-01,2.315659498204899330e-02,-1.666576916859053292e-01,7.738840636536460649e-02,2.180192570303188943e-02,9.967626149670084645e-01,6.897995612493956763e-02,0.000000000000000000e+00,0.000000000000000000e+00,0.000000000000000000e+00,1.000000000000000000e+00
8.406599572682125210e-01,5.360197688366223900e-01,-7.728935025047950491e-02,1.305232924194076327e-01,-5.359563028573197663e-01,8.439234854410467834e-01,2.332363926466968218e-02,-1.666412046440518824e-01,7.772822957793551479e-02,2.181646482291504235e-02,9.967358547726226092e-01,6.910278164713279381e-02,0.000000000000000000e+00,0.000000000000000000e+00,0.000000000000000000e+00,1.000000000000000000e+00
8.406785351135603879e-01,5.359507560458268705e-01,-7.756537689733015994e-02,1.305342346167649714e-01,-5.358299812498431569e-01,8.439810723424948646e-01,2.412842144453696686e-02,-1.665826403429036262e-01,7.839535568585041803e-02,2.127760845393748823e-02,9.966952551233350110e-01,6.923469382399560779e-02,0.000000000000000000e+00,0.000000000000000000e+00,0.000000000000000000e+00,1.000000000000000000e+00
8.406466120770169637e-01,5.361007363790284419e-01,-7.687180274520068191e-02,1.305217807216730308e-01,-5.359190950839356482e-01,8.439072035045942499e-01,2.472560206488849666e-02,-1.665606586945161949e-01,7.812808155746063521e-02,2.041157335726574013e-02,9.967343530476071578e-01,6.930866251316669668e-02,0.000000000000000000e+00,0.000000000000000000e+00,0.000000000000000000e+00,1.000000000000000000e+00
8.406644531113232066e-01,5.361629132149907662e-01,-7.624046017604023395e-02,1.305541178021960569e-01,-5.359581504466355284e-01,8.438784435078439117e-01,2.486028062191816129e-02,-1.665825059520706919e-01,7.766684134726840882e-02,1.996254181193204275e-02,9.967794935087425090e-01,6.917209946598634751e-02,0.000000000000000000e+00,0.000000000000000000e+00,0.000000000000000000e+00,1.000000000000000000e+00
8.407232179623493895e-01,5.359492436279333916e-01,-7.709007091499091302e-02,1.305461009193777666e-01,-5.358140334263550297e-01,8.439896229923964377e-01,2.418342127437368011e-02,-1.665650694218521188e-01,7.802430622833651797e-02,2.097437807895443512e-02,9.967307977090845705e-01,6.920883269490007983e-02,0.000000000000000000e+00,0.000000000000000000e+00,0.000000000000000000e+00,1.000000000000000000e+00
8.406682061418647711e-01,5.360938706946035692e-01,-7.668330317544243269e-02,1.305608664122153151e-01,-5.359528181340275088e-01,8.439022881338694715e-01,2.415584435728716436e-02,-1.665967156680574213e-01,7.766301511281355208e-02,2.079158209702170954e-02,9.967628435076669735e-01,6.909439028840980157e-02,0.000000000000000000e+00,0.000000000000000000e+00,0.000000000000000000e+00,1.000000000000000000e+00
8.407172075440247916e-01,5.359604524620555921e-01,-7.707769026148697522e-02,1.305488217050628785e-01,-5.358689609474476256e-01,8.439706785137142120e-01,2.362097589439238546e-02,-1.665920172971432356e-01,7.771121947621092985e-02,2.144498089925394799e-02,9.967452428588514657e-01,6.914214089010117803e-02,0.000000000000000000e+00,0.000000000000000000e+00,0.000000000000000000e+00,1.000000000000000000e+00
8.406634214429740126e-01,5.359249936795927871e-01,-7.790643745751328619e-02,1.305425621662886226e-01,-5.359044069728425841e-01,8.439667857132576723e-01,2.294626766858465575e-02,-1.666389240121384507e-01,7.804792396264488563e-02,2.246031527741683756e-02,9.966965715817229787e-01,6.903785435361475820e-02,0.000000000000000000e+00,0.000000000000000000e+00,0.000000000000000000e+00,1.000000000000000000e+00
8.406780338820803999e-01,5.359121506404934676e-01,-7.783707435432449251e-02,1.305270200713533058e-01,-5.358072363951683625e-01,8.439991895431088187e-01,2.399944743421524376e-02,-1.665699136927345780e-01,7.855602316011034425e-02,2.152985941562342645e-02,9.966771876484439296e-01,6.924734500078066901e-02,0.000000000000000000e+00,0.000000000000000000e+00,0.000000000000000000e+00,1.000000000000000000e+00
8.406894819510455363e-01,5.360194731783706201e-01,-7.696959991103585752e-02,1.305683965916787093e-01,-5.358633674671534619e-01,8.439514454059269255e-01,2.442149061808837271e-02,-1.665708482301100357e-01,7.804899963257286299e-02,2.071429870473415549e-02,9.967343033554758591e-01,6.914656670005681072e-02,0.000000000000000000e+00,0.000000000000000000e+00,0.000000000000000000e+00,1.000000000000000000e+00
8.406904455170893797e-01,5.359493489904172403e-01,-7.744591747165405216e-02,1.305190346995825923e-01,-5.358356691603469724e-01,8.439809682004228986e-01,2.400543627931471524e-02,-1.665772187709073371e-01,7.822857835702629048e-02,2.131714409167156932e-02,9.967075142166903490e-01,6.923963758691087378e-02,0.000000000000000000e+00,0.000000000000000000e+00,0.000000000000000000e+00,1.000000000000000000e+00
8.406478117241362735e-01,5.360466304334007281e-01,-7.723513866381172266e-02,1.305367595306761441e-01,-5.359220827843437229e-01,8.439236492591619676e-01,2.409139691238506437e-02,-1.666066433165868665e-01,7.809467220951903099e-02,2.113963628107345255e-02,9.967217956633595000e-01,6.918152225115048459e-02,0.000000000000000000e+00,0.000000000000000000e+00,0.000000000000000000e+00,1.000000000000000000e+00
8.406604110747917247e-01,5.360231298874709172e-01,-7.726109937867642330e-02,1.305356448706042893e-01,-5.358809661795920221e-01,8.439431478659020769e-01,2.432186786862853417e-02,-1.665951565789855482e-01,7.824105915687223911e-02,2.095632114259456807e-02,9.967141863474098251e-01,6.920403984753442650e-02,0.000000000000000000e+00,0.000000000000000000e+00,0.000000000000000000e+00,1.000000000000000000e+00
8.406394912239539829e-01,5.360565552599904082e-01,-7.725681431126366072e-02,1.305381620126781494e-01,-5.359196953952333198e-01,8.439204850533201796e-01,2.425479323452388314e-02,-1.665982032324827000e-01,7.820054911707810530e-02,2.101391134848616671e-02,9.967161529982474510e-01,6.917127780864507081e-02,0.000000000000000000e+00,0.000000000000000000e+00,0.000000000000000000e+00,1.000000000000000000e+00
8.406935587228804296e-01,5.360322959794272535e-01,-7.683565571323380805e-02,1.305697442639778827e-01,-5.359824225293265965e-01,8.439152061965733420e-01,2.302102277896370813e-02,-1.666492641411662645e-01,7.718278993048524605e-02,2.182893532032085387e-02,9.967779665107611153e-01,6.899151981668660838e-02,0.000000000000000000e+00,0.000000000000000000e+00,0.000000000000000000e+00,1.000000000000000000e+00
8.406688798088433057e-01,5.359335608208672941e-01,-7.778851397739137974e-02,1.305146806420459382e-01,-5.358536428453897216e-01,8.439790455326963148e-01,2.366947720261395119e-02,-1.666090621767121749e-01,7.833714298001080711e-02,2.178506570073225276e-02,9.966888696790712210e-01,6.916075934390453206e-02,0.000000000000000000e+00,0.000000000000000000e+00,0.000000000000000000e+00,1.000000000000000000e+00
8.406190127281935043e-01,5.360074232206888389e-01,-7.781849196813694913e-02,1.305021255546822134e-01,-5.359682010847801603e-01,8.439203521263524133e-01,2.316304584631088959e-02,-1.666547154265622666e-01,7.808817366171563745e-02,2.223694042018903305e-02,9.966984276173646018e-01,6.906529994786581028e-02,0.000000000000000000e+00,0.000000000000000000e+00,0.000000000000000000e+00,1.000000000000000000e+00
8.406797071241448593e-01,5.360599920799210549e-01,-7.679397711368372847e-02,1.305526469481912977e-01,-5.360024904691021996e-01,8.439000533286042938e-01,2.310909351097123129e-02,-1.666603022127208233e-01,7.719430186601870802e-02,2.173441702125393851e-02,9.967791404700261371e-01,6.898744094305975239e-02,0.000000000000000000e+00,0.000000000000000000e+00,0.000000000000000000e+00,1.000000000000000000e+00
8.406873375310615071e-01,5.360355957020620510e-01,-7.688069104314047830e-02,1.305300102223010128e-01,-5.359425886190279931e-01,8.439248021158810564e-01,2.358961801316080201e-02,-1.666197868315841824e-01,7.752639691918324083e-02,2.137214341162149353e-02,9.967611997197336482e-01,6.913609726643987763e-02,0.000000000000000000e+00,0.000000000000000000e+00,0.000000000000000000e+00,1.000000000000000000e+00
8.406418007150699978e-01,5.360334704113791648e-01,-7.739174044597812996e-02,1.305003403856884736e-01,-5.358975676522703679e-01,8.439338730517716991e-01,2.427786852704853782e-02,-1.665858137346561962e-01,7.832726137753678874e-02,2.106505434527370518e-02,9.967051237003479169e-01,6.926104193996618363e-02,0.000000000000000000e+00,0.000000000000000000e+00,0.000000000000000000e+00,1.000000000000000000e+00
8.407125998959013025e-01,5.360388490575300757e-01,-7.658117704340128284e-02,1.305708545971156209e-01,-5.358941033834059287e-01,8.439390790530558739e-01,2.417314224455893376e-02,-1.665817352356350201e-01,7.758759137368442804e-02,2.071673594364281321e-02,9.967702756988050528e-01,6.914917715153756639e-02,0.000000000000000000e+00,0.000000000000000000e+00,0.000000000000000000e+00,1.000000000000000000e+00
8.406357950338904095e-01,5.359833181172991567e-01,-7.780323134490819970e-02,1.304911736129825417e-01,-5.359396893063111955e-01,8.439370667236207879e-01,2.321372086042334387e-02,-1.666412403770758388e-01,7.810319797545954568e-02,2.218355494282036461e-02,9.966984400289313761e-01,6.913917917870016083e-02,0.000000000000000000e+00,0.000000000000000000e+00,0.000000000000000000e+00,1.000000000000000000e+00
8.406922067929822884e-01,5.360965669033742609e-01,-7.640081407917950762e-02,1.305597864875744918e-01,-5.359030644443393276e-01,8.439165477547827532e-01,2.475410965507762046e-02,-1.665410990664481505e-01,7.774650446619296718e-02,2.013284331795185678e-02,9.967698579226916822e-01,6.926979871904737074e-02,0.000000000000000000e+00,0.000000000000000000e+00,0.000000000000000000e+00,1.000000000000000000e+00
8.406717120959389389e-01,5.360790044704256685e-01,-7.674876837891572712e-02,1.305353249559776385e-01,-5.359536401534222838e-01,8.439070259455063727e-01,2.397138223187221875e-02,-1.666269155196076768e-01,7.761937959027340184e-02,2.098171884779756816e-02,9.967622582071480331e-01,6.909383197083296402e-02,0.000000000000000000e+00,0.000000000000000000e+00,0.000000000000000000e+00,1.000000000000000000e+00
8.406874432082467319e-01,5.361266712791536992e-01,-7.624182038169836917e-02,1.305627448123443946e-01,-5.359494145551557676e-01,8.438943712662753116e-01,2.450541130206740359e-02,-1.665909485399167667e-01,7.747804766491360462e-02,2.026036742588907535e-02,9.967881769171428319e-01,6.915214215079545923e-02,0.000000000000000000e+00,0.000000000000000000e+00,0.000000000000000000e+00,1.000000000000000000e+00
