T00,T01,T02,T03,T10,T11,T12,T13,T20,T21,T22,T23,T30,T31,T32,T33
9.631316255829094342e-01,1.086866181436376838e-01,2.460989452202538563e-01,-1.095974044799804675e-01,1.115390136761872514e-01,-9.937572479739589237e-01,2.362313985689944162e-03,-1.444721527099609437e-01,2.448193624494715837e-01,2.517441430744235542e-02,-9.692418318634992147e-01,1.933287597656250023e+00,0.000000000000000000e+00,0.000000000000000000e+00,0.000000000000000000e+00,1.000000000000000000e+00
9.629681374853854559e-01,1.085540532085378512e-01,2.467962392742761857e-01,-1.096083374023437557e-01,1.114655188806589342e-01,-9.937658970560218075e-01,2.186309471676632643e-03,-1.444443817138671982e-01,2.454950188671723432e-01,2.540392450859534426e-02,-9.690649288520188920e-01,1.933306396484375078e+00,0.000000000000000000e+00,0.000000000000000000e+00,0.000000000000000000e+00,1.000000000000000000e+00
9.630224794528894350e-01,1.086574763918768394e-01,2.465385505201128369e-01,-1.096032562255859349e-01,1.113970082898914915e-01,-9.937718940387378908e-01,2.851168658924062294e-03,-1.444270935058593885e-01,2.453128830951838701e-01,2.471791744481141584e-02,-9.691287912061639087e-01,1.933265014648437585e+00,0.000000000000000000e+00,0.000000000000000000e+00,0.000000000000000000e+00,1.000000000000000000e+00
9.630044725080822987e-01,1.090819915598124634e-01,2.464213972989672263e-01,-1.096158218383789101e-01,1.113971523254111140e-01,-9.937654634996301306e-01,4.569246015997108917e-03,-1.444369964599609424e-01,2.453834965583863159e-01,2.305043758175874882e-02,-9.691520092039588308e-01,1.933323364257812482e+00,0.000000000000000000e+00,0.000000000000000000e+00,0.000000000000000000e+00,1.000000000000000000e+00
9.632223229886253124e-01,1.087654255525287716e-01,2.457088494555577374e-01,-1.096118850708007880e-01,1.114710701499773693e-01,-9.937634108152871848e-01,2.912703964687348226e-03,-1.444446716308593892e-01,2.444932657886827176e-01,2.458384691508637421e-02,-9.693392994482584735e-01,1.933331054687499995e+00,0.000000000000000000e+00,0.000000000000000000e+00,0.000000000000000000e+00,1.000000000000000000e+00
9.631968507058932261e-01,1.087219171071992646e-01,2.458279307377107814e-01,-1.095976486206054756e-01,1.115426363320416864e-01,-9.937565955836984433e-01,2.463536887410366222e-03,-1.444400024414062567e-01,2.445609680025562505e-01,2.504742450698334288e-02,-9.693103524956387940e-01,1.933277099609375105e+00,0.000000000000000000e+00,0.000000000000000000e+00,0.000000000000000000e+00,1.000000000000000000e+00
9.632215987402280577e-01,1.085017476102398681e-01,2.458282377715043376e-01,-1.096140365600585947e-01,1.115728092539166605e-01,-9.937552136837418670e-01,1.443437414651541073e-03,-1.444439086914062476e-01,2.444497084381746788e-01,2.603739698788440360e-02,-9.693123304707244037e-01,1.933336303710937454e+00,0.000000000000000000e+00,0.000000000000000000e+00,0.000000000000000000e+00,1.000000000000000000e+00
9.632375371652082130e-01,1.088685104973385748e-01,2.456035309558780300e-01,-1.096089630126953207e-01,1.115145842660631853e-01,-9.937578018098134347e-01,3.151005886141094656e-03,-1.444432525634765652e-01,2.444134703568343892e-01,2.435320849946229216e-02,-9.693652442417721726e-01,1.933331054687499995e+00,0.000000000000000000e+00,0.000000000000000000e+00,0.000000000000000000e+00,1.000000000000000000e+00
9.629978989706897696e-01,1.088061175084971133e-01,2.465690073199881260e-01,-1.096097106933593829e-01,1.113701491281518241e-01,-9.937725957131344767e-01,3.566215466340968629e-03,-1.444327087402343668e-01,2.454215484858867369e-01,2.402616911424430152e-02,-9.691186752593736742e-01,1.933340209960937583e+00,0.000000000000000000e+00,0.000000000000000000e+00,0.000000000000000000e+00,1.000000000000000000e+00
9.630535855739651430e-01,1.085173170486946892e-01,2.464787682817377312e-01,-1.096145782470703128e-01,1.114406467998675654e-01,-9.937688708306876562e-01,2.100859045071540310e-03,-1.444340515136718905e-01,2.451709068261498647e-01,2.544451352360988655e-02,-9.691459142861772458e-01,1.933338623046874982e+00,0.000000000000000000e+00,0.000000000000000000e+00,0.000000000000000000e+00,1.000000000000000000e+00
9.630717774365903372e-01,1.085961694274667905e-01,2.463729357920784735e-01,-1.096056137084960996e-01,1.114063777290302676e-01,-9.937716704033227044e-01,2.546783282219307332e-03,-1.444360961914062658e-01,2.451150148530752970e-01,2.499478124470966983e-02,-9.691717548526194159e-01,1.933312744140625039e+00,0.000000000000000000e+00,0.000000000000000000e+00,0.000000000000000000e+00,1.000000000000000000e+00
9.629870287999743317e-01,1.088589564665402853e-01,2.465881383197755794e-01,-1.096076660156250077e-01,1.114623401149046344e-01,-9.937627756316843586e-01,3.419430496369215908e-03,-1.444219512939453054e-01,2.454223484100545305e-01,2.419242372781336275e-02,-9.691143366677986704e-01,1.933287231445312448e+00,0.000000000000000000e+00,0.000000000000000000e+00,0.000000000000000000e+00,1.000000000000000000e+00
9.628594016798274202e-01,1.086144083540291627e-01,2.471936141866718506e-01,-1.096100311279296913e-01,1.114917012791402096e-01,-9.937625364662469041e-01,2.371004440022240339e-03,-1.444256286621093677e-01,2.459092782768635965e-01,2.527709267451141995e-02,-9.689632064445360404e-01,1.933307739257812630e+00,0.000000000000000000e+00,0.000000000000000000e+00,0.000000000000000000e+00,1.000000000000000000e+00
9.629171463908217099e-01,1.085506790915328479e-01,2.469965976594090118e-01,-1.096065444946289075e-01,1.114522170535862944e-01,-9.937672548862637179e-01,2.246425974772574968e-03,-1.444456634521484317e-01,2.457009818873282514e-01,2.536519632462754664e-02,-9.690137430991452305e-01,1.933363647460937473e+00,0.000000000000000000e+00,0.000000000000000000e+00,0.000000000000000000e+00,1.000000000000000000e+00
9.632919457392244977e-01,1.090216668101140624e-01,2.453220402652072918e-01,-1.096061401367187521e-01,1.115551352605258367e-01,-9.937517674274952695e-01,3.588388459415959783e-03,-1.444704895019531254e-01,2.441804231934765201e-01,2.391026768303437799e-02,-9.694350004143551525e-01,1.933311767578125062e+00,0.000000000000000000e+00,0.000000000000000000e+00,0.000000000000000000e+00,1.000000000000000000e+00
9.628604091790923247e-01,1.085252089170083700e-01,2.472288645465791079e-01,-1.096047744750976577e-01,1.114380007574703180e-01,-9.937689004906912205e-01,2.223601740631381274e-03,-1.444544830322265772e-01,2.459296737334661920e-01,2.540967231277453317e-02,-9.689545624694216874e-01,1.933298583984375041e+00,0.000000000000000000e+00,0.000000000000000000e+00,0.000000000000000000e+00,1.000000000000000000e+00
9.634036842812783163e-01,1.087587016797068734e-01,2.449997671880597694e-01,-1.096085662841796843e-01,1.114937584768243423e-01,-9.937614083271815169e-01,2.721238741463747127e-03,-1.444237365722656208e-01,2.437672720731200449e-01,2.469429344040860452e-02,-9.695193184962889177e-01,1.933308715820312607e+00,0.000000000000000000e+00,0.000000000000000000e+00,0.000000000000000000e+00,1.000000000000000000e+00
9.631052539144794311e-01,1.086983996103907668e-01,2.461969289094929902e-01,-1.096048812866210892e-01,1.114622633026712273e-01,-9.937649324146090590e-01,2.724511411923410953e-03,-1.444297637939453149e-01,2.449580244486228853e-01,2.481767565924554095e-02,-9.692159972024300130e-01,1.933307006835937480e+00,0.000000000000000000e+00,0.000000000000000000e+00,0.000000000000000000e+00,1.000000000000000000e+00
9.629673684041905046e-01,1.086622962678898408e-01,2.467516013291449206e-01,-1.096083831787109386e-01,1.114913170160144740e-01,-9.937622111777187905e-01,2.520687447001087808e-03,-1.444522094726562456e-01,2.454863206346588056e-01,2.508332125058880535e-02,-9.690754838382288350e-01,1.933314819335937518e+00,0.000000000000000000e+00,0.000000000000000000e+00,0.000000000000000000e+00,1.000000000000000000e+00
9.630102955754130667e-01,1.087606543371261170e-01,2.465406471231785801e-01,-1.096072082519531227e-01,1.114728006172203412e-01,-9.937630393829496311e-01,2.972587915558592975e-03,-1.444624176025390561e-01,2.453262834233399525e-01,2.461994363361658111e-02,-9.691278930240160294e-01,1.933314819335937518e+00,0.000000000000000000e+00,0.000000000000000000e+00,0.000000000000000000e+00,1.000000000000000000e+00
9.630477837317891199e-01,1.086807992158296127e-01,2.464294019209113396e-01,-1.096108016967773519e-01,1.114466403853000137e-01,-9.937666453905203978e-01,2.738769085173571594e-03,-1.444447784423828207e-01,2.451909716855805166e-01,2.482616343861481292e-02,-9.691568753369087519e-01,1.933329711914062443e+00,0.000000000000000000e+00,0.000000000000000000e+00,0.000000000000000000e+00,1.000000000000000000e+00
9.631792210708641777e-01,1.090109212720597048e-01,2.457690117584809264e-01,-1.096082687377929743e-01,1.114608628451619482e-01,-9.937609219081259271e-01,3.963097541539679913e-03,-1.444323577880859411e-01,2.446676606156513167e-01,2.357645290811498720e-02,-9.693203220386622521e-01,1.933298828125000091e+00,0.000000000000000000e+00,0.000000000000000000e+00,0.000000000000000000e+00,1.000000000000000000e+00
9.628963274298324437e-01,1.087232308299099642e-01,2.470018657825232278e-01,-1.096096115112304703e-01,1.114499487383891069e-01,-9.937656455885602869e-01,2.958136941220079405e-03,-1.444416961669921784e-01,2.457835868164347792e-01,2.467996608301334382e-02,-9.690104889658263110e-01,1.933324096679687631e+00,0.000000000000000000e+00,0.000000000000000000e+00,0.000000000000000000e+00,1.000000000000000000e+00
9.632393177501008541e-01,1.092077742135183077e-01,2.454458775201768250e-01,-1.096063842773437463e-01,1.114956497029635923e-01,-9.937542821360696443e-01,4.598568640262428939e-03,-1.444562835693359304e-01,2.444150912640921103e-01,2.293662546135274982e-02,-9.693993884745395473e-01,1.933319091796875000e+00,0.000000000000000000e+00,0.000000000000000000e+00,0.000000000000000000e+00,1.000000000000000000e+00
9.630698409175051378e-01,1.087196761890492636e-01,2.463260309518257585e-01,-1.096061172485351537e-01,1.114486545902352299e-01,-9.937660242030921243e-01,2.878633287806783847e-03,-1.444452667236328092e-01,2.451034045156410546e-01,2.468037983758570447e-02,-9.691827484772490564e-01,1.933292236328125080e+00,0.000000000000000000e+00,0.000000000000000000e+00,0.000000000000000000e+00,1.000000000000000000e+00
9.631837316713894870e-01,1.086100142788188477e-01,2.459287779864970380e-01,-1.096026916503906323e-01,1.115333846141046276e-01,-9.937585660812912058e-01,2.053401221965438922e-03,-1.444405975341797044e-01,2.446168497060233205e-01,2.545146633125345767e-02,-9.692857265540900658e-01,1.933269287109375068e+00,0.000000000000000000e+00,0.000000000000000000e+00,0.000000000000000000e+00,1.000000000000000000e+00
9.630696957548035009e-01,1.085477982953976239e-01,2.464023875776616690e-01,-1.096001510620117220e-01,1.114597244304840196e-01,-9.937666443018784435e-01,2.141612211560450785e-03,-1.444427185058593799e-01,2.450989411413910524e-01,2.540142039740719143e-02,-9.691652474646226256e-01,1.933269775390624945e+00,0.000000000000000000e+00,0.000000000000000000e+00,0.000000000000000000e+00,1.000000000000000000e+00
9.632047315324460124e-01,1.087879213651385540e-01,2.457678443543050983e-01,-1.096015014648437508e-01,1.115449759546052882e-01,-9.937556699318933484e-01,2.717870030221320940e-03,-1.444472656250000153e-01,2.445288602451580195e-01,2.479630301611671778e-02,-9.693249093384207482e-01,1.933299438476562493e+00,0.000000000000000000e+00,0.000000000000000000e+00,0.000000000000000000e+00,1.000000000000000000e+00
9.631075815414618102e-01,1.085186959581679184e-01,2.462670887570964640e-01,-1.096127548217773473e-01,1.115181893287166409e-01,-9.937608041037844231e-01,1.776985043468650577e-03,-1.444397430419921968e-01,2.449234162472045950e-01,2.575183206179530032e-02,-9.692003731526623866e-01,1.933345947265625142e+00,0.000000000000000000e+00,0.000000000000000000e+00,0.000000000000000000e+00,1.000000000000000000e+00
9.632474874851576496e-01,1.090011607010618749e-01,2.455056512981980410e-01,-1.096007537841796886e-01,1.114952475779829449e-01,-9.937578517173398795e-01,3.760574113362008183e-03,-1.444282989501953218e-01,2.443830755618224548e-01,2.375034980708885801e-02,-9.693878652340278679e-01,1.933274414062500002e+00,0.000000000000000000e+00,0.000000000000000000e+00,0.000000000000000000e+00,1.000000000000000000e+00
9.632560011838739999e-01,1.086857825425271290e-01,2.456120454219851701e-01,-1.096086120605468811e-01,1.115344185962459239e-01,-9.937578507270772299e-01,2.325421832153328275e-03,-1.444305725097656257e-01,2.443316386628023307e-01,2.515422015127016797e-02,-9.693654190020042360e-01,1.933324707031250034e+00,0.000000000000000000e+00,0.000000000000000000e+00,0.000000000000000000e+00,1.000000000000000000e+00
9.632348646845676488e-01,1.089453751801772174e-01,2.455799272802096089e-01,-1.096082153320312585e-01,1.114829953069802204e-01,-9.937598630012285383e-01,3.588376396558942694e-03,-1.444364013671874947e-01,2.444384119026435931e-01,2.392153662769140599e-02,-9.693697039168716056e-01,1.933296752929687612e+00,0.000000000000000000e+00,0.000000000000000000e+00,0.000000000000000000e+00,1.000000000000000000e+00
9.631789606280305449e-01,1.085588123278817263e-01,2.459700674258291087e-01,-1.096158676147460931e-01,1.115848139400847649e-01,-9.937535529903656073e-01,1.644754383318406538e-03,-1.444580688476562458e-01,2.446121810161215882e-01,2.586233139112822238e-02,-9.692760291648359061e-01,1.933385620117187509e+00,0.000000000000000000e+00,0.000000000000000000e+00,0.000000000000000000e+00,1.000000000000000000e+00
9.631218540620883894e-01,1.085416208359319540e-01,2.462011591652525644e-01,-1.096195297241210898e-01,1.115369517775923053e-01,-9.937586765268523470e-01,1.789194165536092673e-03,-1.444498291015625102e-01,2.448587401261557994e-01,2.573731481541391419e-02,-9.692171005558681829e-01,1.933420410156249991e+00,0.000000000000000000e+00,0.000000000000000000e+00,0.000000000000000000e+00,1.000000000000000000e+00
9.632729411039995249e-01,1.088001149958503083e-01,2.454949610760688850e-01,-1.096108856201171849e-01,1.115176446799351490e-01,-9.937583738188142668e-01,2.847699075695722670e-03,-1.444388732910156237e-01,2.442725032865765700e-01,2.463390837597099689e-02,-9.693936840604202576e-01,1.933308715820312607e+00,0.000000000000000000e+00,0.000000000000000000e+00,0.000000000000000000e+00,1.000000000000000000e+00
9.631271172870520259e-01,1.086592352182347149e-01,2.461286788412145321e-01,-1.096091918945312493e-01,1.114374187334459393e-01,-9.937679047959947498e-01,2.655767950260094420e-03,-1.444416961669921784e-01,2.448833551966324018e-01,2.487010251622091134e-02,-9.692335220928302020e-01,1.933314697265624993e+00,0.000000000000000000e+00,0.000000000000000000e+00,0.000000000000000000e+00,1.000000000000000000e+00
9.632560547170270215e-01,1.086952610045782558e-01,2.456076409359752022e-01,-1.096023712158203101e-01,1.115699406396955945e-01,-9.937540980753096775e-01,2.222814473435997043e-03,-1.444364318847656259e-01,2.443152090980893476e-01,2.526129041983255635e-02,-9.693667756889969844e-01,1.933279418945312633e+00,0.000000000000000000e+00,0.000000000000000000e+00,0.000000000000000000e+00,1.000000000000000000e+00
9.631474742486638707e-01,1.087870901849053440e-01,2.459925036612318483e-01,-1.095935134887695284e-01,1.114689717914847389e-01,-9.937632681839552173e-01,3.038936671580920110e-03,-1.444246063232421939e-01,2.447889114648967579e-01,2.449358727189575313e-02,-9.692669668395728078e-01,1.933249633789062560e+00,0.000000000000000000e+00,0.000000000000000000e+00,0.000000000000000000e+00,1.000000000000000000e+00
9.630983167487151553e-01,1.088523275992492045e-01,2.461560542664298912e-01,-1.096084442138671872e-01,1.114623384080668245e-01,-9.937630177185120539e-01,3.348392390694711340e-03,-1.444388732910156237e-01,2.449852636229318814e-01,2.421229834654698571e-02,-9.692244245871955988e-01,1.933309936523437633e+00,0.000000000000000000e+00,0.000000000000000000e+00,0.000000000000000000e+00,1.000000000000000000e+00
9.630517881895221954e-01,1.089450596757613604e-01,2.462970305083055644e-01,-1.096112899780273403e-01,1.115318350978212608e-01,-9.937548160287130727e-01,3.466320736980735284e-03,-1.444405822753906388e-01,2.451364987607451418e-01,2.413171340754765790e-02,-9.691881950288807612e-01,1.933317749023437448e+00,0.000000000000000000e+00,0.000000000000000000e+00,0.000000000000000000e+00,1.000000000000000000e+00
9.630895808485838705e-01,1.088889964529293070e-01,2.461740151038962487e-01,-1.096037597656250029e-01,1.114396986919765492e-01,-9.937647153066154759e-01,3.589452187093080532e-03,-1.444324645996093726e-01,2.450299018820781827e-01,2.397659406662876885e-02,-9.692190000823465157e-01,1.933304565429687649e+00,0.000000000000000000e+00,0.000000000000000000e+00,0.000000000000000000e+00,1.000000000000000000e+00
9.629811132243382144e-01,1.087854733110502625e-01,2.466436627398022052e-01,-1.096021270751953158e-01,1.114233421130710888e-01,-9.937676200577361119e-01,3.279658082310716802e-03,-1.444416809082031405e-01,2.454632648800387229e-01,2.432361242237912613e-02,-9.691006900591692119e-01,1.933303344726562623e+00,0.000000000000000000e+00,0.000000000000000000e+00,0.000000000000000000e+00,1.000000000000000000e+00
9.631621853217963158e-01,1.088980377697911783e-01,2.458857908380044643e-01,-1.096038208007812514e-01,1.114534276349863906e-01,-9.937633426831148364e-01,3.542909495715996365e-03,-1.444270477294921917e-01,2.447381013135359884e-01,2.399241774334377048e-02,-9.692923324035295218e-01,1.933291259765625103e+00,0.000000000000000000e+00,0.000000000000000000e+00,0.000000000000000000e+00,1.000000000000000000e+00
9.631618932824347334e-01,1.086030179697598658e-01,2.460173811267332422e-01,-1.095974731445312489e-01,1.114449488012190653e-01,-9.937677480948033937e-01,2.384582411514150554e-03,-1.444278411865234368e-01,2.447431116809827001e-01,2.512065553371681942e-02,-9.692624835153099694e-01,1.933259155273437502e+00,0.000000000000000000e+00,0.000000000000000000e+00,0.000000000000000000e+00,1.000000000000000000e+00
9.631249524073216550e-01,1.085916762151597076e-01,2.461669634763695713e-01,-1.096022338867187473e-01,1.114747224311338353e-01,-9.937647535483432604e-01,2.236261143576813437e-03,-1.444242248535156370e-01,2.448748911368742731e-01,2.528759501776559754e-02,-9.692248579297383371e-01,1.933271606445312596e+00,0.000000000000000000e+00,0.000000000000000000e+00,0.000000000000000000e+00,1.000000000000000000e+00
9.630994614805202803e-01,1.084506496857676194e-01,2.463288125223414005e-01,-1.096080245971679662e-01,1.114903370772036828e-01,-9.937642039166144636e-01,1.616091701996225094e-03,-1.444235229492187578e-01,2.449680224730227951e-01,2.590682529204744663e-02,-9.691849691204171835e-01,1.933303955078125025e+00,0.000000000000000000e+00,0.000000000000000000e+00,0.000000000000000000e+00,1.000000000000000000e+00
9.631360293975079756e-01,1.086389631398961830e-01,2.461027520453420436e-01,-1.096052703857421928e-01,1.114912787683745299e-01,-9.937626170997384545e-01,2.357034932203558308e-03,-1.444255218505859362e-01,2.448237807791461829e-01,2.516816526819761965e-02,-9.692408781216554914e-01,1.933308227539062507e+00,0.000000000000000000e+00,0.000000000000000000e+00,0.000000000000000000e+00,1.000000000000000000e+00
9.630814210193576752e-01,1.086627671864883599e-01,2.463058657740615498e-01,-1.096096343994140687e-01,1.114319436674391511e-01,-9.937683712427103355e-01,2.710396300786632046e-03,-1.444296875000000147e-01,2.450654982200302645e-01,2.483600903900785167e-02,-9.691883584923948192e-01,1.933311523437500012e+00,0.000000000000000000e+00,0.000000000000000000e+00,0.000000000000000000e+00,1.000000000000000000e+00
9.630124377658066948e-01,1.088375470199106076e-01,2.464983429296168371e-01,-1.096105728149414094e-01,1.114635804458923574e-01,-9.937629799521201512e-01,3.318118572971462052e-03,-1.444481506347656263e-01,2.453220637091990397e-01,2.428019842116126148e-02,-9.691375325628910353e-01,1.933333007812499948e+00,0.000000000000000000e+00,0.000000000000000000e+00,0.000000000000000000e+00,1.000000000000000000e+00
9.629283895782222435e-01,1.088629797931465748e-01,2.468152510985673342e-01,-1.096037139892578199e-01,1.114328953640305597e-01,-9.937655300952162873e-01,3.575055994429815129e-03,-1.444538879394531294e-01,2.456656800920326011e-01,2.406081513854530646e-02,-9.690559585492409811e-01,1.933293945312499984e+00,0.000000000000000000e+00,0.000000000000000000e+00,0.000000000000000000e+00,1.000000000000000000e+00
9.630545024653958119e-01,1.087394291658585199e-01,2.463772753843424812e-01,-1.096000671386718750e-01,1.114218015891073055e-01,-9.937684604644470010e-01,3.070686692033690324e-03,-1.444417724609375064e-01,2.451758703701620579e-01,2.449456124951544106e-02,-9.691691333598213554e-01,1.933262939453125107e+00,0.000000000000000000e+00,0.000000000000000000e+00,0.000000000000000000e+00,1.000000000000000000e+00
9.629758540747621609e-01,1.088374185523031390e-01,2.466412795779602263e-01,-1.096015167236328164e-01,1.113537324812825524e-01,-9.937736989927368203e-01,3.765826971692131167e-03,-1.444386444091796950e-01,2.455154796168048659e-01,2.383802662060239413e-02,-9.690995293339925709e-01,1.933283325195312541e+00,0.000000000000000000e+00,0.000000000000000000e+00,0.000000000000000000e+00,1.000000000000000000e+00
9.629061039955298940e-01,1.085167970132134424e-01,2.470545276940764035e-01,-1.096012268066406253e-01,1.114783872110314961e-01,-9.937648227609848783e-01,2.011523714966134344e-03,-1.444314270019531332e-01,2.457323830368668693e-01,2.560433183704609317e-02,-9.689994912889280387e-01,1.933274902343750101e+00,0.000000000000000000e+00,0.000000000000000000e+00,0.000000000000000000e+00,1.000000000000000000e+00
9.630303337756237481e-01,1.086886759490111459e-01,2.464941134154365332e-01,-1.096044769287109338e-01,1.114683224073522855e-01,-9.937643414801374808e-01,2.691969955231637499e-03,-1.444595184326172010e-01,2.452496469471501794e-01,2.488383658120565944e-02,-9.691405498426420850e-01,1.933301269531250144e+00,0.000000000000000000e+00,0.000000000000000000e+00,0.000000000000000000e+00,1.000000000000000000e+00
9.631608465750801651e-01,1.086720819731216148e-01,2.459909799655311258e-01,-1.096098861694335957e-01,1.114864041186901245e-01,-9.937628150444463015e-01,2.499826318295334665e-03,-1.444445800781249956e-01,2.447283500566685699e-01,2.501691496896980491e-02,-9.692688938803185605e-01,1.933322021484374931e+00,0.000000000000000000e+00,0.000000000000000000e+00,0.000000000000000000e+00,1.000000000000000000e+00
9.631824720782704574e-01,1.085784814435583473e-01,2.459476343626890438e-01,-1.096071395874023413e-01,1.114664598356922970e-01,-9.937657796800085652e-01,2.191681701962882797e-03,-1.444511260986328094e-01,2.446523120938981222e-01,2.530392270766688989e-02,-9.692806392798292148e-01,1.933333984375000147e+00,0.000000000000000000e+00,0.000000000000000000e+00,0.000000000000000000e+00,1.000000000000000000e+00
9.631651259887447081e-01,1.085365560075118585e-01,2.460340547345304940e-01,-1.096057891845703125e-01,1.115235548518528352e-01,-9.937601543346695765e-01,1.803432820955278362e-03,-1.444355621337890527e-01,2.446945785919489302e-01,2.570158879840254984e-02,-9.692595068096813149e-01,1.933289428710937452e+00,0.000000000000000000e+00,0.000000000000000000e+00,0.000000000000000000e+00,1.000000000000000000e+00
9.631857626191617783e-01,1.086750487359981060e-01,2.458920911090316797e-01,-1.096115722656249986e-01,1.115377442488203613e-01,-9.937575410501677808e-01,2.298089164734368195e-03,-1.444368438720703141e-01,2.446068647761723003e-01,2.521276240622530654e-02,-9.692944848270925728e-01,1.933326049804687585e+00,0.000000000000000000e+00,0.000000000000000000e+00,0.000000000000000000e+00,1.000000000000000000e+00
9.631229915238599393e-01,1.085934209595698363e-01,2.461738656365220768e-01,-1.096098861694335957e-01,1.114483848721832537e-01,-9.937674490092403001e-01,2.348360928093918415e-03,-1.444415435791015778e-01,2.448945910131795356e-01,2.517391932068867647e-02,-9.692228397425037834e-01,1.933331298828125044e+00,0.000000000000000000e+00,0.000000000000000000e+00,0.000000000000000000e+00,1.000000000000000000e+00
9.630546733879845611e-01,1.086593185563972941e-01,2.464119488913263378e-01,-1.096090087890625037e-01,1.114695004441316473e-01,-9.937645607634959521e-01,2.558953159337368916e-03,-1.444341430664062564e-01,2.451535162633772802e-01,2.500300504730024534e-02,-9.691618044487240180e-01,1.933320312500000027e+00,0.000000000000000000e+00,0.000000000000000000e+00,0.000000000000000000e+00,1.000000000000000000e+00
9.630220415454998628e-01,1.088386768041763458e-01,2.464603212061818038e-01,-1.096067810058593828e-01,1.114340651045973990e-01,-9.937658913299048935e-01,3.435456817480472130e-03,-1.444389648437499896e-01,2.452977713551482697e-01,2.415565484097819196e-02,-9.691467936837027120e-01,1.933324707031250034e+00,0.000000000000000000e+00,0.000000000000000000e+00,0.000000000000000000e+00,1.000000000000000000e+00
9.629966285762803224e-01,1.085515553385380805e-01,2.466861430731409621e-01,-1.096108245849609364e-01,1.114755673052842955e-01,-9.937649035893736382e-01,2.124685380915298724e-03,-1.444406127929687422e-01,2.453786690906177848e-01,2.545341288682417130e-02,-9.690930979672334189e-01,1.933331665039062619e+00,0.000000000000000000e+00,0.000000000000000000e+00,0.000000000000000000e+00,1.000000000000000000e+00
9.631624253622487197e-01,1.087308037669564298e-01,2.459588475385723061e-01,-1.096083602905273402e-01,1.114336316201146870e-01,-9.937675131589355226e-01,2.945425921276801154e-03,-1.444430541992187400e-01,2.447461707857011837e-01,2.457116403625941858e-02,-9.692757965530965913e-01,1.933326049804687585e+00,0.000000000000000000e+00,0.000000000000000000e+00,0.000000000000000000e+00,1.000000000000000000e+00
9.628070791689844476e-01,1.086490388276159375e-01,2.473821227654176558e-01,-1.096092681884765635e-01,1.113808993526909791e-01,-9.937733579222842728e-01,2.967885316699806972e-03,-1.444665832519531345e-01,2.461642207175419039e-01,2.469614232430977080e-02,-9.689134517555335613e-01,1.933332885742187646e+00,0.000000000000000000e+00,0.000000000000000000e+00,0.000000000000000000e+00,1.000000000000000000e+00
9.630962949460132316e-01,1.087498894138908823e-01,2.462092366539660737e-01,-1.096114501953125014e-01,1.114925495945200962e-01,-9.937612794601505817e-01,2.816173048396370185e-03,-1.444359893798828065e-01,2.449794645397357640e-01,2.473824969943388269e-02,-9.692126087477571650e-01,1.933336303710937454e+00,0.000000000000000000e+00,0.000000000000000000e+00,0.000000000000000000e+00,1.000000000000000000e+00
9.630519006202911125e-01,1.087130392861040962e-01,2.463990905032381884e-01,-1.096126022338867190e-01,1.114151893501561241e-01,-9.937694435344672783e-01,2.991434315562889468e-03,-1.444385528564453292e-01,2.451890949730714253e-01,2.457169482094093485e-02,-9.691638352311300331e-01,1.933334106445312450e+00,0.000000000000000000e+00,0.000000000000000000e+00,0.000000000000000000e+00,1.000000000000000000e+00
9.630660956620907820e-01,1.087170990949222898e-01,2.463418108047471244e-01,-1.096018753051757888e-01,1.114618116765323380e-01,-9.937647231129750347e-01,2.817735611760404518e-03,-1.444266204833984379e-01,2.451121374472553793e-01,2.474403888974855206e-02,-9.691789167204684086e-01,1.933280883789062488e+00,0.000000000000000000e+00,0.000000000000000000e+00,0.000000000000000000e+00,1.000000000000000000e+00
9.630385110050952990e-01,1.084254824139363749e-01,2.465780628612256609e-01,-1.096045608520507808e-01,1.114428791449304235e-01,-9.937693384393037066e-01,1.728197268080480450e-03,-1.444266967773437660e-01,2.452290990257432746e-01,2.581504873545932555e-02,-9.691213919059925574e-01,1.933319580078125099e+00,0.000000000000000000e+00,0.000000000000000000e+00,0.000000000000000000e+00,1.000000000000000000e+00
9.631433860113809420e-01,1.086652061585495210e-01,2.460623720788128188e-01,-1.096139831542968790e-01,1.114857352286725001e-01,-9.937629349813206225e-01,2.481914147210216234e-03,-1.444439849853515756e-01,2.447973627779811978e-01,2.504200526778402325e-02,-9.692508184928780857e-01,1.933339477539062434e+00,0.000000000000000000e+00,0.000000000000000000e+00,0.000000000000000000e+00,1.000000000000000000e+00
9.631197823925079504e-01,1.086772061976693099e-01,2.461494456976856537e-01,-1.096044006347656335e-01,1.114748338780784803e-01,-9.937638996319904106e-01,2.583253776613508509e-03,-1.444412078857421899e-01,2.448951738521268351e-01,2.495148575313397427e-02,-9.692284442703114067e-01,1.933317749023437448e+00,0.000000000000000000e+00,0.000000000000000000e+00,0.000000000000000000e+00,1.000000000000000000e+00
9.630545683853893868e-01,1.087001253704092257e-01,2.463943608455539946e-01,-1.096158370971679757e-01,1.114987254729656180e-01,-9.937611545892256482e-01,2.608035159564146485e-03,-1.444511108398437438e-01,2.451406382669670814e-01,2.496097702307728539e-02,-9.691661452486449724e-01,1.933364868164062500e+00,0.000000000000000000e+00,0.000000000000000000e+00,0.000000000000000000e+00,1.000000000000000000e+00
9.630674485351885528e-01,1.087961188294091219e-01,2.463016323526484863e-01,-1.096036376953125058e-01,1.114850794788356247e-01,-9.937614458398907891e-01,3.043980257442114451e-03,-1.444281311035156279e-01,2.450962395172962272e-01,2.452739875867570446e-02,-9.691884440523491628e-01,1.933257934570312475e+00,0.000000000000000000e+00,0.000000000000000000e+00,0.000000000000000000e+00,1.000000000000000000e+00
9.631308578432669076e-01,1.087075387918617908e-01,2.460927095220598881e-01,-1.096082077026367257e-01,1.114999283170381994e-01,-9.937610358607709138e-01,2.601843620102593790e-03,-1.444366912841796857e-01,2.448401859486886434e-01,2.493340359325193351e-02,-9.692428017426117925e-01,1.933272460937500048e+00,0.000000000000000000e+00,0.000000000000000000e+00,0.000000000000000000e+00,1.000000000000000000e+00
9.632356250353951710e-01,1.088937953753372490e-01,2.455998208293846963e-01,-1.096022720336914114e-01,1.115144511961990437e-01,-9.937574828303706864e-01,3.254611045282585977e-03,-1.444305877685546913e-01,2.444210666801907017e-01,2.425297192922377942e-02,-9.693658419376650626e-01,1.933282714843750139e+00,0.000000000000000000e+00,0.000000000000000000e+00,0.000000000000000000e+00,1.000000000000000000e+00
9.631950401360057645e-01,1.086491887163557046e-01,2.458671764361323731e-01,-1.096081390380859444e-01,1.115087852558377668e-01,-9.937607761602768042e-01,2.304468722295322999e-03,-1.444394989013672026e-01,2.445835347446062014e-01,2.519669733521244515e-02,-9.693007897320790045e-01,1.933322998046875130e+00,0.000000000000000000e+00,0.000000000000000000e+00,0.000000000000000000e+00,1.000000000000000000e+00
9.630690945095243816e-01,1.086095057260613450e-01,2.463775445663531627e-01,-1.096010589599609453e-01,1.114477724998168828e-01,-9.937673018006141223e-01,2.438006717866382164e-03,-1.444425659179687516e-01,2.451067383925496224e-01,2.511025961371071008e-02,-9.691708629837663125e-01,1.933252441406249966e+00,0.000000000000000000e+00,0.000000000000000000e+00,0.000000000000000000e+00,1.000000000000000000e+00
9.630735266191439159e-01,1.088128412944799756e-01,2.462704771075650001e-01,-1.096046829223632779e-01,1.114175825319564800e-01,-9.937679434698210024e-01,3.375919800282756525e-03,-1.444419555664062660e-01,2.451030489979674765e-01,2.418760222067470322e-02,-9.691952616839987211e-01,1.933290405273437651e+00,0.000000000000000000e+00,0.000000000000000000e+00,0.000000000000000000e+00,1.000000000000000000e+00
9.630408428191922221e-01,1.088698048186312883e-01,2.463730924042908943e-01,-1.096073303222656337e-01,1.114312356708162255e-01,-9.937657533080596073e-01,3.564725647232829323e-03,-1.444552001953124942e-01,2.452252327534324983e-01,2.402068173092002795e-02,-9.691685055088238299e-01,1.933309936523437633e+00,0.000000000000000000e+00,0.000000000000000000e+00,0.000000000000000000e+00,1.000000000000000000e+00
9.631910913553786147e-01,1.090711579707488721e-01,2.456957550153343051e-01,-1.096128311157226615e-01,1.114242446530643027e-01,-9.937634223481698337e-01,4.347195227646153542e-03,-1.444368591308593797e-01,2.446376079778603829e-01,2.318928420139656360e-02,-9.693372467109152568e-01,1.933330932617187470e+00,0.000000000000000000e+00,0.000000000000000000e+00,0.000000000000000000e+00,1.000000000000000000e+00
9.630673124213293690e-01,1.088010728424631673e-01,2.462999762360657818e-01,-1.096034088134765633e-01,1.114514918005057725e-01,-9.937647333344579170e-01,3.196835331310571293e-03,-1.444363861083984291e-01,2.451120493182644966e-01,2.437173217115982948e-02,-9.691883727893035871e-01,1.933292724609374957e+00,0.000000000000000000e+00,0.000000000000000000e+00,0.000000000000000000e+00,1.000000000000000000e+00
9.630575648144513723e-01,1.085960218525991450e-01,2.464285512911374432e-01,-1.096000900268554734e-01,1.114629711300559045e-01,-9.937658602756099802e-01,2.328307869992425269e-03,-1.444634246826171919e-01,2.451451262426387334e-01,2.522536399077231900e-02,-9.691581646413623963e-01,1.933281127929687537e+00,0.000000000000000000e+00,0.000000000000000000e+00,0.000000000000000000e+00,1.000000000000000000e+00
9.630025397750219263e-01,1.089100520359153196e-01,2.465049876825852193e-01,-1.096151733398437467e-01,1.114409195249178725e-01,-9.937641586135552707e-01,3.703850770945949292e-03,-1.444344177246093819e-01,2.453712082586260723e-01,2.390392479545722787e-02,-9.691344450266305977e-01,1.933332275390625021e+00,0.000000000000000000e+00,0.000000000000000000e+00,0.000000000000000000e+00,1.000000000000000000e+00
9.630923115702884063e-01,1.089702684239328284e-01,2.461273653899844205e-01,-1.096106948852539065e-01,1.114318009497481804e-01,-9.937642422276135035e-01,3.947734397499715053e-03,-1.444232788085937635e-01,2.450227604352187005e-01,2.362438294206913730e-02,-9.692294544633445197e-01,1.933304443359375124e+00,0.000000000000000000e+00,0.000000000000000000e+00,0.000000000000000000e+00,1.000000000000000000e+00
9.629559535188416675e-01,1.084424461978243243e-01,2.468928258278284826e-01,-1.096150588989257824e-01,1.114585502685861845e-01,-9.937675080413577167e-01,1.769613883035278321e-03,-1.444430084228515709e-01,2.455459695345120485e-01,2.581425621438589862e-02,-9.690411761227972764e-01,1.933314697265624993e+00,0.000000000000000000e+00,0.000000000000000000e+00,0.000000000000000000e+00,1.000000000000000000e+00
9.629883608690110730e-01,1.088798731639197548e-01,2.465737010522900952e-01,-1.096100234985351585e-01,1.114285129071627689e-01,-9.937657975505123087e-01,3.636774682678110826e-03,-1.444456634521484317e-01,2.454324822473863965e-01,2.397316913974989125e-02,-9.691172188230292583e-01,1.933323974609375107e+00,0.000000000000000000e+00,0.000000000000000000e+00,0.000000000000000000e+00,1.000000000000000000e+00
9.631229813474739831e-01,1.089424742423622805e-01,2.460196335789194555e-01,-1.096183166503906237e-01,1.114229605221171149e-01,-9.937655839380281630e-01,3.858503440079673330e-03,-1.444654846191406328e-01,2.449061997354094744e-01,2.369602258318063634e-02,-9.692571649695953528e-01,1.933357055664062463e+00,0.000000000000000000e+00,0.000000000000000000e+00,0.000000000000000000e+00,1.000000000000000000e+00
9.629536438603344406e-01,1.086846801708518523e-01,2.467952999395740532e-01,-1.096177215576171898e-01,1.113877221183256078e-01,-9.937724201473360219e-01,3.025279457775038872e-03,-1.444394531250000058e-01,2.455871640322339067e-01,2.457676241221780356e-02,-9.690629121021702153e-01,1.933361083984375117e+00,0.000000000000000000e+00,0.000000000000000000e+00,0.000000000000000000e+00,1.000000000000000000e+00
9.631356836718919512e-01,1.088066333743652470e-01,2.460300212811719622e-01,-1.096161651611328169e-01,1.115464348905275682e-01,-9.937552330732170036e-01,2.815955044007263305e-03,-1.444551696777343908e-01,2.448000157293515056e-01,2.473162496345611416e-02,-9.692581178538440811e-01,1.933335205078124952e+00,0.000000000000000000e+00,0.000000000000000000e+00,0.000000000000000000e+00,1.000000000000000000e+00
9.630372783901131051e-01,1.088540721805223432e-01,2.463939759829398557e-01,-1.096053543090820398e-01,1.114183793594173411e-01,-9.937672350601074456e-01,3.553485881494400367e-03,-1.444171752929687413e-01,2.452450716566693389e-01,2.403067811583029650e-02,-9.691632377145804611e-01,1.933290161132812601e+00,0.000000000000000000e+00,0.000000000000000000e+00,0.000000000000000000e+00,1.000000000000000000e+00
9.631401352013361228e-01,1.087008651718255337e-01,2.460593462464868986e-01,-1.096091918945312493e-01,1.114589180145861280e-01,-9.937652831004798459e-01,2.733440915954479106e-03,-1.444374237060546962e-01,2.448223632746193701e-01,2.479282184665258446e-02,-9.692509099430913766e-01,1.933325683593750011e+00,0.000000000000000000e+00,0.000000000000000000e+00,0.000000000000000000e+00,1.000000000000000000e+00
9.631137763446196987e-01,1.088225617887744190e-01,2.461087236587405080e-01,-1.096070938110351584e-01,1.114286315047533504e-01,-9.937667740939822858e-01,3.355411721050678350e-03,-1.444584350585937649e-01,2.449398168860747182e-01,2.419191502482284650e-02,-9.692364197404305104e-01,1.933299804687500068e+00,0.000000000000000000e+00,0.000000000000000000e+00,0.000000000000000000e+00,1.000000000000000000e+00
9.631576463377986563e-01,1.088414196430479569e-01,2.459286353215455745e-01,-1.096087875366210940e-01,1.114356648234701014e-01,-9.937658808265916743e-01,3.386253135752678722e-03,-1.444334411621093772e-01,2.447640514993634775e-01,2.414372537604962676e-02,-9.692820227460028359e-01,1.933344116210937491e+00,0.000000000000000000e+00,0.000000000000000000e+00,0.000000000000000000e+00,1.000000000000000000e+00
9.632101038241933644e-01,1.088438981927219301e-01,2.457220008814829104e-01,-1.096026916503906323e-01,1.114837663207791235e-01,-9.937611521983886753e-01,3.184686525449301198e-03,-1.444498291015625102e-01,2.445356124124276331e-01,2.432649188731999049e-02,-9.693351102970197974e-01,1.933307128906250005e+00,0.000000000000000000e+00,0.000000000000000000e+00,0.000000000000000000e+00,1.000000000000000000e+00
9.630571061078966322e-01,1.087352401144425496e-01,2.463689467695513169e-01,-1.096005249023437461e-01,1.114353638583359674e-01,-9.937671583043713452e-01,2.999126108513461633e-03,-1.444378662109375155e-01,2.451594788231606648e-01,2.456588351574234830e-02,-9.691714746680523129e-01,1.933310302734374986e+00,0.000000000000000000e+00,0.000000000000000000e+00,0.000000000000000000e+00,1.000000000000000000e+00
9.630561391085745715e-01,1.086570442288522925e-01,2.464072232397733764e-01,-1.096137619018554693e-01,1.114952732314999501e-01,-9.937619507909098981e-01,2.447285696116621376e-03,-1.444437408447265536e-01,2.451360376858520151e-01,2.511636716753602033e-02,-9.691632943565218206e-01,1.933329223632812566e+00,0.000000000000000000e+00,0.000000000000000000e+00,0.000000000000000000e+00,1.000000000000000000e+00
9.631166701747578829e-01,1.087339522238849610e-01,2.461365622276803500e-01,-1.096225128173828195e-01,1.115156628876631528e-01,-9.937591376184228276e-01,2.652042724761530593e-03,-1.444374237060546962e-01,2.448888249026727471e-01,2.489385533947680723e-02,-9.692315303394362092e-01,1.933388549804687440e+00,0.000000000000000000e+00,0.000000000000000000e+00,0.000000000000000000e+00,1.000000000000000000e+00
9.631653668213134845e-01,1.085362262506918973e-01,2.460332574007493278e-01,-1.096177825927734384e-01,1.115001091178618453e-01,-9.937626150858159813e-01,1.894867938736099003e-03,-1.444531402587890534e-01,2.447043150879641971e-01,2.560766387351583878e-02,-9.692595347626308255e-01,1.933367675781250128e+00,0.000000000000000000e+00,0.000000000000000000e+00,0.000000000000000000e+00,1.000000000000000000e+00
9.633282023846675424e-01,1.086027558271873278e-01,2.453654741748839963e-01,-1.096194610595703084e-01,1.115799706667757324e-01,-9.937538672261704287e-01,1.778066093426662261e-03,-1.444676513671875051e-01,2.440259917228630171e-01,2.566501119757123861e-02,-9.694290188373267947e-01,1.933360229492187443e+00,0.000000000000000000e+00,0.000000000000000000e+00,0.000000000000000000e+00,1.000000000000000000e+00
9.632165480515910705e-01,1.087196175513180513e-01,2.457517575096307694e-01,-1.096066970825195358e-01,1.115375626615452004e-01,-9.937571584599509400e-01,2.466196489704022485e-03,-1.444265441894531377e-01,2.444856921684766260e-01,2.503507078278564141e-02,-9.693296609285211307e-01,1.933317138671875046e+00,0.000000000000000000e+00,0.000000000000000000e+00,0.000000000000000000e+00,1.000000000000000000e+00
9.632987633196534727e-01,1.087752744100161789e-01,2.454046296707782238e-01,-1.096178817749023510e-01,1.115319645703547330e-01,-9.937572339632858576e-01,2.679706087628313041e-03,-1.444539794921874953e-01,2.441641117484370793e-01,2.478910290156976365e-02,-9.694170345684214318e-01,1.933374877929687541e+00,0.000000000000000000e+00,0.000000000000000000e+00,0.000000000000000000e+00,1.000000000000000000e+00
9.629057842265055234e-01,1.086455221534677329e-01,2.469991927499743389e-01,-1.096197433471679666e-01,1.114178617320989162e-01,-9.937697909246160366e-01,2.768164137493369162e-03,-1.444204101562500120e-01,2.457610847758153749e-01,2.485464064607594697e-02,-9.690117316359846411e-01,1.933381469726562552e+00,0.000000000000000000e+00,0.000000000000000000e+00,0.000000000000000000e+00,1.000000000000000000e+00
9.631341199443327339e-01,1.087300151187027691e-01,2.460700120115063005e-01,-1.096138076782226523e-01,1.114901630693768825e-01,-9.937617878626979762e-01,2.729930896229620235e-03,-1.444494323730468877e-01,2.448318005035700629e-01,2.480509617439739800e-02,-9.692482121035660425e-01,1.933389892578124991e+00,0.000000000000000000e+00,0.000000000000000000e+00,0.000000000000000000e+00,1.000000000000000000e+00
9.632985945654197746e-01,1.088964326801849375e-01,2.453515532003351096e-01,-1.096130065917968743e-01,1.115207388065755784e-01,-9.937569061085105293e-01,3.215023744311326995e-03,-1.444511108398437438e-01,2.441699050340202237e-01,2.426475862585265181e-02,-9.694288416199028369e-01,1.933320312500000027e+00,0.000000000000000000e+00,0.000000000000000000e+00,0.000000000000000000e+00,1.000000000000000000e+00
9.632730921176526628e-01,1.086125518744439494e-01,2.455774085241094196e-01,-1.096182327270507767e-01,1.115243433158851077e-01,-9.937595631231148641e-01,2.061928542995599203e-03,-1.444526519775390649e-01,2.442688495286631789e-01,2.540165893553113230e-02,-9.693747907147505227e-01,1.933349487304687475e+00,0.000000000000000000e+00,0.000000000000000000e+00,0.000000000000000000e+00,1.000000000000000000e+00
9.631892628797887879e-01,1.085197138426419461e-01,2.459469771731306875e-01,-1.096131591796875027e-01,1.115166843420464793e-01,-9.937610167139193651e-01,1.752362141252213415e-03,-1.444616851806640734e-01,2.446026839314027757e-01,2.573933501916535194e-02,-9.692816998408283480e-01,1.933348266601562448e+00,0.000000000000000000e+00,0.000000000000000000e+00,0.000000000000000000e+00,1.000000000000000000e+00
9.629952496845127774e-01,1.086276330851809607e-01,2.466580353756477328e-01,-1.096066741943359374e-01,1.114640186445538667e-01,-9.937653823879811776e-01,2.477360465529670000e-03,-1.444379425048828158e-01,2.453893266478180402e-01,2.510780949387893951e-02,-9.690994150600594770e-01,1.933343139648437514e+00,0.000000000000000000e+00,0.000000000000000000e+00,0.000000000000000000e+00,1.000000000000000000e+00
9.630982417504182491e-01,1.085086400443472654e-01,2.463080424447800787e-01,-1.096120681762695337e-01,1.114945708157414339e-01,-9.937633509959310496e-01,1.833820043553710880e-03,-1.444397430419921968e-01,2.449708909561846559e-01,2.569586062121292230e-02,-9.691898603117289346e-01,1.933317382812500096e+00,0.000000000000000000e+00,0.000000000000000000e+00,0.000000000000000000e+00,1.000000000000000000e+00
9.631585790892167598e-01,1.083911059328187126e-01,2.461237893449178260e-01,-1.096119842529296867e-01,1.115011046401226530e-01,-9.937634494165947796e-01,1.307772022670194295e-03,-1.444302825927734346e-01,2.447305767387341346e-01,2.618348254704353645e-02,-9.692375199355600657e-01,1.933309570312500059e+00,0.000000000000000000e+00,0.000000000000000000e+00,0.000000000000000000e+00,1.000000000000000000e+00
9.632410959408491680e-01,1.086607806687353850e-01,2.456815537136097516e-01,-1.096106338500976579e-01,1.114939202767167570e-01,-9.937622393073174409e-01,2.391122798100754621e-03,-1.444388275146484268e-01,2.444088722448542195e-01,2.508877181863338607e-02,-9.693476449120984606e-01,1.933349365234374950e+00,0.000000000000000000e+00,0.000000000000000000e+00,0.000000000000000000e+00,1.000000000000000000e+00
9.633661022633762672e-01,1.086097010320204170e-01,2.452135515252075459e-01,-1.096086578369140641e-01,1.115541982585152303e-01,-9.937565492942747047e-01,1.892507763764449125e-03,-1.444445495605468643e-01,2.438881175063072615e-01,2.553142331463669965e-02,-9.694672416140520665e-01,1.933289672851562502e+00,0.000000000000000000e+00,0.000000000000000000e+00,0.000000000000000000e+00,1.000000000000000000e+00
9.632541688807191305e-01,1.086700331447851969e-01,2.456261998041461836e-01,-1.096072998046875024e-01,1.115443576559753541e-01,-9.937569694834472722e-01,2.223033555958863275e-03,-1.444341888427734533e-01,2.443343250733119865e-01,2.525687034029264200e-02,-9.693620727527888503e-01,1.933256103515625046e+00,0.000000000000000000e+00,0.000000000000000000e+00,0.000000000000000000e+00,1.000000000000000000e+00
9.633155546430123284e-01,1.084592428190956914e-01,2.454785832408480362e-01,-1.096096038818359375e-01,1.115252058321287709e-01,-9.937605910580449287e-01,1.419902836971078178e-03,-1.444523925781250051e-01,2.441009435600912103e-01,2.600923503437894968e-02,-9.694009743372449250e-01,1.933291503906249931e+00,0.000000000000000000e+00,0.000000000000000000e+00,0.000000000000000000e+00,1.000000000000000000e+00
9.631385764783938486e-01,1.087711604678021221e-01,2.460343820478367582e-01,-1.096083831787109386e-01,1.114871949463572681e-01,-9.937616214543417703e-01,2.906043260289915137e-03,-1.444297790527343806e-01,2.448156201351665839e-01,2.463076074597345469e-02,-9.692567450180104016e-01,1.933301757812500021e+00,0.000000000000000000e+00,0.000000000000000000e+00,0.000000000000000000e+00,1.000000000000000000e+00
9.632644876322421501e-01,1.087967761304456660e-01,2.455296079299110756e-01,-1.096069259643554644e-01,1.115230690476502473e-01,-9.937578551046882813e-01,2.816112199934835136e-03,-1.444457550048828254e-01,2.443033604696979721e-01,2.466955454302482628e-02,-9.693850015044908064e-01,1.933346435546875020e+00,0.000000000000000000e+00,0.000000000000000000e+00,0.000000000000000000e+00,1.000000000000000000e+00
9.630675651425308903e-01,1.086568601124353328e-01,2.463626427057150070e-01,-1.096138458251953163e-01,1.114065968456658118e-01,-9.937709858965022569e-01,2.792448667649804692e-03,-1.444307403564453196e-01,2.451314650339780910e-01,2.475710687460939974e-02,-9.691736947056988072e-01,1.933309326171875009e+00,0.000000000000000000e+00,0.000000000000000000e+00,0.000000000000000000e+00,1.000000000000000000e+00
9.630064791878780728e-01,1.089339043166017845e-01,2.464790569855966618e-01,-1.096061325073242193e-01,1.114115671564302606e-01,-9.937666426892133309e-01,3.914406974041599596e-03,-1.444420471191406319e-01,2.453690765885460923e-01,2.369101873182411985e-02,-9.691402127068782235e-01,1.933306152343750028e+00,0.000000000000000000e+00,0.000000000000000000e+00,0.000000000000000000e+00,1.000000000000000000e+00
9.630149270495608205e-01,1.086703723471521138e-01,2.465623662558023566e-01,-1.096157608032226616e-01,1.114352783802332186e-01,-9.937678745575918571e-01,2.755037133359269919e-03,-1.444699554443359402e-01,2.453251495710316310e-01,2.482260403780355007e-02,-9.691230104154650027e-01,1.933358276367187489e+00,0.000000000000000000e+00,0.000000000000000000e+00,0.000000000000000000e+00,1.000000000000000000e+00
9.629294610962261247e-01,1.087324378787239282e-01,2.468686085874056968e-01,-1.096152038574218779e-01,1.115027135517312334e-01,-9.937602586754384904e-01,2.773652452429475543e-03,-1.444334106445312460e-01,2.456297983216467473e-01,2.485568808694980925e-02,-9.690449922197584831e-01,1.933346801757812594e+00,0.000000000000000000e+00,0.000000000000000000e+00,0.000000000000000000e+00,1.000000000000000000e+00
9.629043336783779106e-01,1.088061165919256279e-01,2.469341474474188169e-01,-1.096065826416015715e-01,1.114102919243240841e-01,-9.937685244275368257e-01,3.444809204141179720e-03,-1.444406585693359391e-01,2.457701996514959353e-01,2.419398374183830830e-02,-9.690261400571006378e-01,1.933310546875000036e+00,0.000000000000000000e+00,0.000000000000000000e+00,0.000000000000000000e+00,1.000000000000000000e+00
9.630982819520348404e-01,1.086513387977591366e-01,2.462449712755444553e-01,-1.096033554077148475e-01,1.114943647660277676e-01,-9.937621427966216725e-01,2.410429357454019900e-03,-1.444230651855468728e-01,2.449708266844423665e-01,2.513344627626486541e-02,-9.692046243966334629e-01,1.933311035156250135e+00,0.000000000000000000e+00,0.000000000000000000e+00,0.000000000000000000e+00,1.000000000000000000e+00
9.630246102133696029e-01,1.086979957930432894e-01,2.465123644646725343e-01,-1.096048049926757889e-01,1.114300862916651480e-01,-9.937680938856173762e-01,2.882957505640106402e-03,-1.444221038818359337e-01,2.452894942561137659e-01,2.469253501613009188e-02,-9.691353583076295353e-01,1.933283203125000016e+00,0.000000000000000000e+00,0.000000000000000000e+00,0.000000000000000000e+00,1.000000000000000000e+00
9.631213376569062179e-01,1.086434042191311289e-01,2.461582817409373181e-01,-1.096076812744140594e-01,1.114654589011179198e-01,-9.937652061378313695e-01,2.483252262047899034e-03,-1.444364471435546915e-01,2.448933245761006627e-01,2.504647259620114419e-02,-9.692264615602240729e-01,1.933304687499999952e+00,0.000000000000000000e+00,0.000000000000000000e+00,0.000000000000000000e+00,1.000000000000000000e+00
9.629814903789531977e-01,1.087153558934143976e-01,2.466731046962730156e-01,-1.096091613769531320e-01,1.114155724716605206e-01,-9.937692908030909544e-01,3.027683526097077124e-03,-1.444522552490234424e-01,2.454653120062840754e-01,2.456762197874034354e-02,-9.690940163637208338e-01,1.933342163085937537e+00,0.000000000000000000e+00,0.000000000000000000e+00,0.000000000000000000e+00,1.000000000000000000e+00
9.630229220443219385e-01,1.086963608742735621e-01,2.465196802486685212e-01,-1.096117095947265613e-01,1.114274708367161970e-01,-9.937683742953536958e-01,2.887385201648133212e-03,-1.444414062500000151e-01,2.452973101363910835e-01,2.468844634762639573e-02,-9.691334842305222574e-01,1.933319335937500050e+00,0.000000000000000000e+00,0.000000000000000000e+00,0.000000000000000000e+00,1.000000000000000000e+00
9.631886501364469444e-01,1.087253269321472315e-01,2.458585518785686985e-01,-1.095997390747070338e-01,1.115194020546091125e-01,-9.937589263646328108e-01,2.572787592290381661e-03,-1.444357147216796811e-01,2.446038577245084888e-01,2.493991888740410001e-02,-9.693023022938603850e-01,1.933264160156250133e+00,0.000000000000000000e+00,0.000000000000000000e+00,0.000000000000000000e+00,1.000000000000000000e+00
9.631415971734499371e-01,1.084765323377080704e-01,2.461526065800696550e-01,-1.095999908447265608e-01,1.115172506838083832e-01,-9.937612165289056998e-01,1.596033494103858696e-03,-1.444425354003906203e-01,2.447900459457063027e-01,2.591305568580896945e-02,-9.692297699466950744e-01,1.933272460937500048e+00,0.000000000000000000e+00,0.000000000000000000e+00,0.000000000000000000e+00,1.000000000000000000e+00
9.631225873525295356e-01,1.087727689078998722e-01,2.460962544929884144e-01,-1.096092529296874979e-01,1.114571710713783553e-01,-9.937645950533122718e-01,3.037866898329789206e-03,-1.444513854980468692e-01,2.448921818844664589e-01,2.450335410989848417e-02,-9.692406331191600888e-01,1.933294555664062608e+00,0.000000000000000000e+00,0.000000000000000000e+00,0.000000000000000000e+00,1.000000000000000000e+00
9.631351618232224521e-01,1.087899646225121003e-01,2.460394351667800350e-01,-1.096072082519531227e-01,1.114530189283997746e-01,-9.937648104230420998e-01,3.118675456270135829e-03,-1.444302368164062655e-01,2.448446132376641826e-01,2.441813183452706815e-02,-9.692548014873132445e-01,1.933318115234375023e+00,0.000000000000000000e+00,0.000000000000000000e+00,0.000000000000000000e+00,1.000000000000000000e+00
9.629784696429413149e-01,1.085130555326270230e-01,2.467739528052173836e-01,-1.096126480102539019e-01,1.114324195706034581e-01,-9.937696935401603149e-01,2.147572987468478883e-03,-1.444536743164062664e-01,2.454695151597844627e-01,2.543055209916836659e-02,-9.690706909958384241e-01,1.933349487304687475e+00,0.000000000000000000e+00,0.000000000000000000e+00,0.000000000000000000e+00,1.000000000000000000e+00
9.630454407200690348e-01,1.086517253566633701e-01,2.464513779334739085e-01,-1.096147232055664084e-01,1.114302155640262693e-01,-9.937686274521615459e-01,2.687406035884949349e-03,-1.444150848388671970e-01,2.452076388851750777e-01,2.487403603895570886e-02,-9.691514309763413770e-01,1.933340087890625059e+00,0.000000000000000000e+00,0.000000000000000000e+00,0.000000000000000000e+00,1.000000000000000000e+00
9.631151234883701395e-01,1.087911821481395563e-01,2.461173248570521499e-01,-1.096081924438476601e-01,1.114464485136706234e-01,-9.937654241752693629e-01,3.157661703994609978e-03,-1.444251098632812480e-01,2.449264134830524686e-01,2.438771003102654239e-02,-9.692349001030511335e-01,1.933299316406249968e+00,0.000000000000000000e+00,0.000000000000000000e+00,0.000000000000000000e+00,1.000000000000000000e+00
9.631414096810216874e-01,1.084695422750782956e-01,2.461564205059246224e-01,-1.096114120483398513e-01,1.114459338714150760e-01,-9.937687761274817122e-01,1.850247987616859130e-03,-1.444287567138671791e-01,2.448232602944065972e-01,2.565108170667473875e-02,-9.692283493718573117e-01,1.933326049804687585e+00,0.000000000000000000e+00,0.000000000000000000e+00,0.000000000000000000e+00,1.000000000000000000e+00
9.631325357060955827e-01,1.086474501573471002e-01,2.461126779315793711e-01,-1.096105270385742264e-01,1.115229044713197532e-01,-9.937592766754910212e-01,2.267553678750297563e-03,-1.444544982910156150e-01,2.448231207272454912e-01,2.526324594567975340e-02,-9.692385712308713153e-01,1.933374267578125139e+00,0.000000000000000000e+00,0.000000000000000000e+00,0.000000000000000000e+00,1.000000000000000000e+00
9.631686225233362375e-01,1.085873537423156648e-01,2.459979495722279808e-01,-1.096127471923828145e-01,1.115096136164154123e-01,-9.937612151249326509e-01,2.062373519838020877e-03,-1.444395599365234373e-01,2.446871689680865658e-01,2.544472284499858794e-02,-9.692681545484327366e-01,1.933339843750000009e+00,0.000000000000000000e+00,0.000000000000000000e+00,0.000000000000000000e+00,1.000000000000000000e+00
9.633161070394149483e-01,1.085209557801521812e-01,2.454491394871633203e-01,-1.096063156127929650e-01,1.114966857915090231e-01,-9.937632065959240979e-01,1.782771352873566140e-03,-1.444225158691406219e-01,2.441117919641249412e-01,2.564939322380495670e-02,-9.694078304054052353e-01,1.933296264648437512e+00,0.000000000000000000e+00,0.000000000000000000e+00,0.000000000000000000e+00,1.000000000000000000e+00
9.630216933382846900e-01,1.085867328997416614e-01,2.465727876267438945e-01,-1.095973663330078174e-01,1.114349673348667691e-01,-9.937687905789671650e-01,2.416387033267004478e-03,-1.444314575195312644e-01,2.452987285228774850e-01,2.514979740231577943e-02,-9.691212625237783929e-01,1.933254882812500020e+00,0.000000000000000000e+00,0.000000000000000000e+00,0.000000000000000000e+00,1.000000000000000000e+00
9.630979539235684506e-01,1.090229662317534487e-01,2.460819456649879777e-01,-1.095940856933593777e-01,1.114790824700163108e-01,-9.937588455405408361e-01,3.971282107195467370e-03,-1.444598083496093643e-01,2.449790711874780813e-01,2.360825584327603394e-02,-9.692408910772178920e-01,1.933235229492187512e+00,0.000000000000000000e+00,0.000000000000000000e+00,0.000000000000000000e+00,1.000000000000000000e+00
9.632075941304540923e-01,1.086358428920263658e-01,2.458238886857048167e-01,-1.096075820922851607e-01,1.115106183579215732e-01,-9.937607223325382044e-01,2.238022016463919739e-03,-1.444452056884765745e-01,2.445332545950689163e-01,2.525629403240261736e-02,-9.693119245159900199e-01,1.933295166015625011e+00,0.000000000000000000e+00,0.000000000000000000e+00,0.000000000000000000e+00,1.000000000000000000e+00
9.630220394498039127e-01,1.085222875884725435e-01,2.465998066311191617e-01,-1.096030120849609407e-01,1.115207300951857050e-01,-9.937604454051642833e-01,1.817665306532148181e-03,-1.444566955566406186e-01,2.452583908717033967e-01,2.575053872630028023e-02,-9.691156956020929858e-01,1.933279785156249986e+00,0.000000000000000000e+00,0.000000000000000000e+00,0.000000000000000000e+00,1.000000000000000000e+00
9.630902832527020729e-01,1.085805658027285819e-01,2.463074644305153216e-01,-1.096073150634765681e-01,1.115497345965874992e-01,-9.937570185514882359e-01,1.909133596292973689e-03,-1.444474182128906159e-01,2.449770663055240716e-01,2.563686427036134668e-02,-9.691898617787549908e-01,1.933300537109374995e+00,0.000000000000000000e+00,0.000000000000000000e+00,0.000000000000000000e+00,1.000000000000000000e+00
9.631518177334726927e-01,1.087808247733402650e-01,2.459782676545618774e-01,-1.096036148071289074e-01,1.115453326423535702e-01,-9.937556528453402871e-01,2.709465563248716208e-03,-1.444335327148437431e-01,2.447370318574901282e-01,2.482810100598873207e-02,-9.692715567053550307e-01,1.933299194335937443e+00,0.000000000000000000e+00,0.000000000000000000e+00,0.000000000000000000e+00,1.000000000000000000e+00
9.631680675011666803e-01,1.086250375659751355e-01,2.459834851364182950e-01,-1.096014556884765678e-01,1.115186550432216150e-01,-9.937599516078077233e-01,2.179026800736236572e-03,-1.444467010498046988e-01,2.446852331535741831e-01,2.533297839255929662e-02,-9.692715702435221736e-01,1.933271728515625121e+00,0.000000000000000000e+00,0.000000000000000000e+00,0.000000000000000000e+00,1.000000000000000000e+00
9.630326608460920701e-01,1.084323587052433008e-01,2.465978867089361204e-01,-1.096036529541015714e-01,1.115156803406444491e-01,-9.937615861426717379e-01,1.470695537746879306e-03,-1.444455261230468690e-01,2.452189780213983594e-01,2.608320326990132276e-02,-9.691167728015660510e-01,1.933277709960937507e+00,0.000000000000000000e+00,0.000000000000000000e+00,0.000000000000000000e+00,1.000000000000000000e+00
9.630284670425462989e-01,1.085870114731013331e-01,2.465462078496120646e-01,-1.096035919189453089e-01,1.115190312279314561e-01,-9.937601163005930216e-01,2.082528322851039462e-03,-1.444406127929687422e-01,2.452339237129871341e-01,2.548906019398104045e-02,-9.691287997323990711e-01,1.933274414062500002e+00,0.000000000000000000e+00,0.000000000000000000e+00,0.000000000000000000e+00,1.000000000000000000e+00
9.631897455844992129e-01,1.089270773302551398e-01,2.457649401870745376e-01,-1.096147842407226569e-01,1.115291576501265258e-01,-9.937555177766422831e-01,3.349310724786778645e-03,-1.444349212646484359e-01,2.445950960152736553e-01,2.418393501410733698e-02,-9.693236695204098252e-01,1.933370727539062583e+00,0.000000000000000000e+00,0.000000000000000000e+00,0.000000000000000000e+00,1.000000000000000000e+00
9.631400148041834308e-01,1.089592776397716872e-01,2.459454974160275031e-01,-1.096026535034179683e-01,1.114617887041728234e-01,-9.937615844633721496e-01,3.766019611570537926e-03,-1.444299163818359433e-01,2.448215299802375955e-01,2.378632088128704303e-02,-9.692763431535244001e-01,1.933253173828125115e+00,0.000000000000000000e+00,0.000000000000000000e+00,0.000000000000000000e+00,1.000000000000000000e+00
9.631664073943543292e-01,1.087404879361434235e-01,2.459389720041580685e-01,-1.096074752807617153e-01,1.114806374627512336e-01,-9.937626706596628390e-01,2.796761390116369803e-03,-1.444548645019531341e-01,2.447090908363463713e-01,2.472368675549965061e-02,-9.692812802150182483e-01,1.933278442382812434e+00,0.000000000000000000e+00,0.000000000000000000e+00,0.000000000000000000e+00,1.000000000000000000e+00
9.632054718225637746e-01,1.087570172965092730e-01,2.457786203880217013e-01,-1.096045608520507808e-01,1.115060092145523929e-01,-9.937599627232980293e-01,2.747070664064068385e-03,-1.444328918457031263e-01,2.445437158467104466e-01,2.475979961461696743e-02,-9.693220947460794434e-01,1.933307739257812630e+00,0.000000000000000000e+00,0.000000000000000000e+00,0.000000000000000000e+00,1.000000000000000000e+00
9.631657593086324631e-01,1.086479279915709140e-01,2.459824136774100556e-01,-1.096054077148437556e-01,1.114810482620325061e-01,-9.937636100029281216e-01,2.421427749708923716e-03,-1.444461822509765792e-01,2.447114545210837544e-01,2.509014103362320128e-02,-9.692712669057559349e-01,1.933294067382812509e+00,0.000000000000000000e+00,0.000000000000000000e+00,0.000000000000000000e+00,1.000000000000000000e+00
9.631565142386658840e-01,1.086104833096171174e-01,2.460351438207031838e-01,-1.096078948974609363e-01,1.114839804264388112e-01,-9.937636558416153010e-01,2.262396204320364299e-03,-1.444355926513671839e-01,2.447465039339686288e-01,2.524993551594333779e-02,-9.692582677328788199e-01,1.933326293945312635e+00,0.000000000000000000e+00,0.000000000000000000e+00,0.000000000000000000e+00,1.000000000000000000e+00
9.631294151208421583e-01,1.086890848487970102e-01,2.461065065448608813e-01,-1.096085433959960997e-01,1.114602163626843417e-01,-9.937652692246298214e-01,2.685116623636556871e-03,-1.444421081542968666e-01,2.448639416030221616e-01,2.484496966450025490e-02,-9.692390714292330456e-01,1.933312988281250089e+00,0.000000000000000000e+00,0.000000000000000000e+00,0.000000000000000000e+00,1.000000000000000000e+00
9.631667107538016692e-01,1.087987229306046494e-01,2.459120273276044766e-01,-1.096061325073242193e-01,1.114779887209739612e-01,-9.937622459705984790e-01,3.042452004284970993e-03,-1.444427490234375111e-01,2.447091034809072418e-01,2.448338971918505996e-02,-9.692873765305257683e-01,1.933268676757812443e+00,0.000000000000000000e+00,0.000000000000000000e+00,0.000000000000000000e+00,1.000000000000000000e+00
9.629901328819425732e-01,1.086319998902579159e-01,2.466760883666309911e-01,-1.096055145263671871e-01,1.115282165013931209e-01,-9.937587350402183883e-01,2.243536334363666063e-03,-1.444462127685546826e-01,2.453802373787206947e-01,2.535084083631606450e-02,-9.690953895117109251e-01,1.933278320312500131e+00,0.000000000000000000e+00,0.000000000000000000e+00,0.000000000000000000e+00,1.000000000000000000e+00
9.631597327072292103e-01,1.087757110768695218e-01,2.459495354154183910e-01,-1.096084136962890698e-01,1.115510526714557776e-01,-9.937551366407895159e-01,2.662902164209755146e-03,-1.444371643066406363e-01,2.447032732499278274e-01,2.487112944293964206e-02,-9.692789768590897026e-01,1.933282348632812564e+00,0.000000000000000000e+00,0.000000000000000000e+00,0.000000000000000000e+00,1.000000000000000000e+00
9.631909947397770955e-01,1.088803391247115254e-01,2.457807547475731325e-01,-1.096070098876953114e-01,1.114920260241235445e-01,-9.937598261314694037e-01,3.306977500393985803e-03,-1.444360504150390689e-01,2.446071049361302763e-01,2.421734335635860463e-02,-9.693198050672057198e-01,1.933287353515624973e+00,0.000000000000000000e+00,0.000000000000000000e+00,0.000000000000000000e+00,1.000000000000000000e+00
9.630351308387016251e-01,1.087390783976661945e-01,2.464531387499683535e-01,-1.096126785278320331e-01,1.114890731288877002e-01,-9.937616834940813382e-01,2.811226044066002586e-03,-1.444381256103515754e-01,2.452213761957681981e-01,2.476952256777486400e-02,-9.691506319496562272e-01,1.933317504882812621e+00,0.000000000000000000e+00,0.000000000000000000e+00,0.000000000000000000e+00,1.000000000000000000e+00
9.631164748419323018e-01,1.088727943096936129e-01,2.460759446740952705e-01,-1.096095428466796889e-01,1.115105921048020060e-01,-9.937579869813102373e-01,3.232825279900626916e-03,-1.444450225830078149e-01,2.448919021455909784e-01,2.432648700599909092e-02,-9.692451590250328319e-01,1.933312866210937564e+00,0.000000000000000000e+00,0.000000000000000000e+00,0.000000000000000000e+00,1.000000000000000000e+00
9.632159317863115966e-01,1.086040586713947070e-01,2.458052627449783256e-01,-1.096174240112304660e-01,1.115466791373893457e-01,-9.937572564415202425e-01,1.963069851805868474e-03,-1.444288940429687418e-01,2.444839608776982476e-01,2.552790061722697706e-02,-9.693172438183637052e-01,1.933330566406250117e+00,0.000000000000000000e+00,0.000000000000000000e+00,0.000000000000000000e+00,1.000000000000000000e+00
9.631431110137669283e-01,1.087095200431072717e-01,2.460438740524135415e-01,-1.096126785278320331e-01,1.115453600414509638e-01,-9.937563848644372921e-01,2.424911212320791237e-03,-1.444451751708984433e-01,2.447712817304059374e-01,2.510951598820307384e-02,-9.692556586612699476e-01,1.933335327148437477e+00,0.000000000000000000e+00,0.000000000000000000e+00,0.000000000000000000e+00,1.000000000000000000e+00
9.631512590320476797e-01,1.087072389738153039e-01,2.460129842501632136e-01,-1.096150741577148480e-01,1.114719731119459961e-01,-9.937639022005024803e-01,2.702941686312458625e-03,-1.444669799804687571e-01,2.447726525482592508e-01,2.482021107726174042e-02,-9.692627640049777948e-01,1.933357910156250137e+00,0.000000000000000000e+00,0.000000000000000000e+00,0.000000000000000000e+00,1.000000000000000000e+00
9.631099064654335962e-01,1.088785686798555141e-01,2.460990966061631369e-01,-1.096129074096679756e-01,1.114837435044297997e-01,-9.937605604670685100e-01,3.365025173184259255e-03,-1.444570617675781377e-01,2.449299552982079353e-01,2.419515948291406371e-02,-9.692388308643098416e-01,1.933358032226562440e+00,0.000000000000000000e+00,0.000000000000000000e+00,0.000000000000000000e+00,1.000000000000000000e+00
9.631105317440363800e-01,1.090432394063827470e-01,2.460237297162248815e-01,-1.096125640869140688e-01,1.115140492955078999e-01,-9.937551657852087272e-01,3.909895769925630232e-03,-1.444505767822265585e-01,2.449137000117364016e-01,2.366944052940297624e-02,-9.692559193172803900e-01,1.933300659179687520e+00,0.000000000000000000e+00,0.000000000000000000e+00,0.000000000000000000e+00,1.000000000000000000e+00
9.631206979977254834e-01,1.087227798689513886e-01,2.461257366183837170e-01,-1.096132583618164152e-01,1.115145034440156585e-01,-9.937593793806768216e-01,2.609868687714313878e-03,-1.444475555419921786e-01,2.448735114503181043e-01,2.493297075159782092e-02,-9.692343939210429360e-01,1.933302246093750121e+00,0.000000000000000000e+00,0.000000000000000000e+00,0.000000000000000000e+00,1.000000000000000000e+00
9.632675683549700718e-01,1.085892942518626447e-01,2.456093583912988265e-01,-1.096130065917968743e-01,1.114767685310455170e-01,-9.937646950556846548e-01,2.158920739084635443e-03,-1.444430999755859368e-01,2.443123448239543638e-01,2.530011926383624737e-02,-9.693664849435721376e-01,1.933312499999999989e+00,0.000000000000000000e+00,0.000000000000000000e+00,0.000000000000000000e+00,1.000000000000000000e+00
9.631410950939107707e-01,1.086707417091480887e-01,2.460688944943794088e-01,-1.096148834228515695e-01,1.114536829639207194e-01,-9.937661437800926478e-01,2.632115161216521879e-03,-1.444438934326171819e-01,2.448209702927431897e-01,2.489018627547165408e-02,-9.692487663815168020e-01,1.933334106445312450e+00,0.000000000000000000e+00,0.000000000000000000e+00,0.000000000000000000e+00,1.000000000000000000e+00
9.630011240874245537e-01,1.087579137300272031e-01,2.465776778369222488e-01,-1.096108093261718708e-01,1.114506323226212986e-01,-9.937652826041551979e-01,3.052809455518107687e-03,-1.444491577148437622e-01,2.453723528868828052e-01,2.454137917427993282e-02,-9.691182224821590641e-01,1.933306152343750028e+00,0.000000000000000000e+00,0.000000000000000000e+00,0.000000000000000000e+00,1.000000000000000000e+00
9.632100276606624378e-01,1.087074584357159701e-01,2.457826907949251516e-01,-1.096076507568359421e-01,1.115367178967894557e-01,-9.937573593350882417e-01,2.423082368549779250e-03,-1.444392089843750115e-01,2.445117649005026927e-01,2.507985741187249151e-02,-9.693219266979583582e-01,1.933292114257812555e+00,0.000000000000000000e+00,0.000000000000000000e+00,0.000000000000000000e+00,1.000000000000000000e+00
9.631100730009279909e-01,1.088772979546843711e-01,2.460990070565795829e-01,-1.096043167114257866e-01,1.115102633148702393e-01,-9.937579518828821845e-01,3.254880180267932452e-03,-1.444525299072265678e-01,2.449172277721512747e-01,2.430775719038016924e-02,-9.692392297471136287e-01,1.933302368164062646e+00,0.000000000000000000e+00,0.000000000000000000e+00,0.000000000000000000e+00,1.000000000000000000e+00
9.632636240015948204e-01,1.087524958570962319e-01,2.455526121224668179e-01,-1.096113815307617201e-01,1.115105517778125499e-01,-9.937596174618619216e-01,2.686920963106768576e-03,-1.444441070556640727e-01,2.443124792504921539e-01,2.479349404393137168e-02,-9.693795413229906455e-01,1.933306152343750028e+00,0.000000000000000000e+00,0.000000000000000000e+00,0.000000000000000000e+00,1.000000000000000000e+00
9.630986351533185053e-01,1.085935957886567244e-01,2.462690600126301033e-01,-1.096114578247070342e-01,1.114413068343721308e-01,-9.937681502979528458e-01,2.387170800833943521e-03,-1.444508819580078152e-01,2.449935797053912623e-01,2.514546494051889125e-02,-9.691985614393280324e-01,1.933297241210937489e+00,0.000000000000000000e+00,0.000000000000000000e+00,0.000000000000000000e+00,1.000000000000000000e+00
9.631108290791606796e-01,1.086562579993068933e-01,2.461937215041033189e-01,-1.096060562133789051e-01,1.114617521494735419e-01,-9.937654422275455923e-01,2.554142137883951350e-03,-1.444515838623046944e-01,2.449363360512712140e-01,2.498126161504344439e-02,-9.692172758725979831e-01,1.933291748046874980e+00,0.000000000000000000e+00,0.000000000000000000e+00,0.000000000000000000e+00,1.000000000000000000e+00
9.630000232668864957e-01,1.087025032908441602e-01,2.466064090129861663e-01,-1.096011657714843768e-01,1.114509484574572884e-01,-9.937659103278644324e-01,2.828702558410679455e-03,-1.444476318359375067e-01,2.453765295946403191e-01,2.476047755062036476e-02,-9.691115918590365030e-01,1.933300537109374995e+00,0.000000000000000000e+00,0.000000000000000000e+00,0.000000000000000000e+00,1.000000000000000000e+00
9.629824121942920367e-01,1.085520712914353619e-01,2.467414063808536506e-01,-1.096104202270507810e-01,1.114367382765546616e-01,-9.937689004579111085e-01,2.286010708017332041e-03,-1.444427185058593799e-01,2.454520873138892056e-01,2.529466941894369103e-02,-9.690786616845101786e-01,1.933333007812499948e+00,0.000000000000000000e+00,0.000000000000000000e+00,0.000000000000000000e+00,1.000000000000000000e+00
9.629748016370910380e-01,1.085290597205247204e-01,2.467812282329924500e-01,-1.096091156005859352e-01,1.114596219959318874e-01,-9.937667315524943978e-01,2.106163335741883386e-03,-1.444585723876953276e-01,2.454715545160569279e-01,2.547796019408977292e-02,-9.690689291623270085e-01,1.933298583984375041e+00,0.000000000000000000e+00,0.000000000000000000e+00,0.000000000000000000e+00,1.000000000000000000e+00
9.629396199564498326e-01,1.086968678644928826e-01,2.468446459508037705e-01,-1.096184158325195362e-01,1.114400703524286856e-01,-9.937670018023646579e-01,2.873473261634193129e-03,-1.444566345214843839e-01,2.456184012609284040e-01,2.474140346036486637e-02,-9.690508056427370454e-01,1.933440917968749950e+00,0.000000000000000000e+00,0.000000000000000000e+00,0.000000000000000000e+00,1.000000000000000000e+00
9.631822932135248871e-01,1.088204458455369478e-01,2.458413728523219377e-01,-1.096087799072265612e-01,1.115987369599527740e-01,-9.937498293160259566e-01,2.645494908892275648e-03,-1.444519805908203169e-01,2.445927062462801005e-01,2.488749284978837920e-02,-9.693064637929394989e-01,1.933329956054687493e+00,0.000000000000000000e+00,0.000000000000000000e+00,0.000000000000000000e+00,1.000000000000000000e+00
9.631601258555573253e-01,1.086311192993381913e-01,2.460118937809309125e-01,-1.096123199462890607e-01,1.115059786731081859e-01,-9.937611997446691436e-01,2.257122546168841351e-03,-1.444579772949218799e-01,2.447222684637820889e-01,2.525782654562803986e-02,-9.692641814882729800e-01,1.933331787109375144e+00,0.000000000000000000e+00,0.000000000000000000e+00,0.000000000000000000e+00,1.000000000000000000e+00
9.632545789292876748e-01,1.089022220330013169e-01,2.455217346958018243e-01,-1.096122970581054762e-01,1.115417927153120881e-01,-9.937546794267417827e-01,3.172632236507894749e-03,-1.444452514648437436e-01,2.443338794551732918e-01,2.432988190946807835e-02,-9.693858943664572791e-01,1.933320434570312552e+00,0.000000000000000000e+00,0.000000000000000000e+00,0.000000000000000000e+00,1.000000000000000000e+00
9.630350840463564044e-01,1.086885461794784291e-01,2.464756110150023161e-01,-1.096156616210937490e-01,1.114866800889606491e-01,-9.937624825472815004e-01,2.616953229553495991e-03,-1.444468994140624962e-01,2.452226479315666730e-01,2.495852982159223535e-02,-9.691454610792826774e-01,1.933300781250000044e+00,0.000000000000000000e+00,0.000000000000000000e+00,0.000000000000000000e+00,1.000000000000000000e+00
9.631985147229490396e-01,1.090354765407881010e-01,2.456824904038303892e-01,-1.096121139526367166e-01,1.114916869336848582e-01,-9.937575847892373693e-01,3.932736775208042768e-03,-1.444394989013672026e-01,2.445776461171097482e-01,2.360354908451518449e-02,-9.693423788788092521e-01,1.933328247070312589e+00,0.000000000000000000e+00,0.000000000000000000e+00,0.000000000000000000e+00,1.000000000000000000e+00
9.631178243989645393e-01,1.088693819158445958e-01,2.460721723524779414e-01,-1.096093826293945278e-01,1.114753473627011909e-01,-9.937615261222175755e-01,3.357994878856251225e-03,-1.444307708740234508e-01,2.449026403601454460e-01,2.419683616722005312e-02,-9.692456911764563143e-01,1.933317138671875046e+00,0.000000000000000000e+00,0.000000000000000000e+00,0.000000000000000000e+00,1.000000000000000000e+00
9.631763848017218521e-01,1.086805917995058435e-01,2.459263725719440241e-01,-1.096047210693359419e-01,1.114692167726226979e-01,-9.937644967984788913e-01,2.595884235538210155e-03,-1.444398193359374971e-01,2.446750201233944544e-01,2.491292574097732360e-02,-9.692850358169371461e-01,1.933297729492187589e+00,0.000000000000000000e+00,0.000000000000000000e+00,0.000000000000000000e+00,1.000000000000000000e+00
9.629098426777883413e-01,1.088045747830852367e-01,2.469133438688748960e-01,-1.096072006225585899e-01,1.114475004226346405e-01,-9.937648779006121869e-01,3.289696145301159932e-03,-1.444510192871093779e-01,2.457317430121393753e-01,2.435019419745090147e-02,-9.690319801321124471e-01,1.933288452148437475e+00,0.000000000000000000e+00,0.000000000000000000e+00,0.000000000000000000e+00,1.000000000000000000e+00
9.632971410186598193e-01,1.091260390902972499e-01,2.452552256277916731e-01,-1.096165008544921909e-01,1.115156931901167270e-01,-9.937539415381858587e-01,4.165795199936305274e-03,-1.444769897460937425e-01,2.441779438802854640e-01,2.333690788821377038e-02,-9.694495966540052079e-01,1.933368896484374932e+00,0.000000000000000000e+00,0.000000000000000000e+00,0.000000000000000000e+00,1.000000000000000000e+00
9.630768383882941652e-01,1.086681528979502737e-01,2.463214077293230386e-01,-1.096110229492187477e-01,1.113647849338100654e-01,-9.937750687702180397e-01,2.999561200376397313e-03,-1.444622650146484277e-01,2.451140306809341807e-01,2.454272267895870122e-02,-9.691835567769657711e-01,1.933371215820312461e+00,0.000000000000000000e+00,0.000000000000000000e+00,0.000000000000000000e+00,1.000000000000000000e+00
9.629958087552160650e-01,1.087022859344391051e-01,2.466229619328158262e-01,-1.096073913574218822e-01,1.113887514290333308e-01,-9.937721516913290420e-01,3.075154933888808381e-03,-1.444458770751953225e-01,2.454213079073793435e-01,2.450966249081851928e-02,-9.691066288441215759e-01,1.933312011718750112e+00,0.000000000000000000e+00,0.000000000000000000e+00,0.000000000000000000e+00,1.000000000000000000e+00
9.633429293671332827e-01,1.087549710746091164e-01,2.452402020569052210e-01,-1.096122817993164106e-01,1.115292020301112824e-01,-9.937577812325163462e-01,2.590238281146161822e-03,-1.444288330078125071e-01,2.439910603544264700e-01,2.485615630759165778e-02,-9.694588871946737685e-01,1.933323242187499957e+00,0.000000000000000000e+00,0.000000000000000000e+00,0.000000000000000000e+00,1.000000000000000000e+00
9.630425336429748739e-01,1.086684080166573224e-01,2.464553823588465087e-01,-1.096030654907226565e-01,1.115166911043475734e-01,-9.937596288240220233e-01,2.414068076844107583e-03,-1.444307861328125164e-01,2.451797422293641726e-01,2.515903850840477823e-02,-9.691511320643830807e-01,1.933259277343750027e+00,0.000000000000000000e+00,0.000000000000000000e+00,0.000000000000000000e+00,1.000000000000000000e+00
9.630215096807371866e-01,1.085668350488680212e-01,2.465822666367274707e-01,-1.095948181152343742e-01,1.114671521608935623e-01,-9.937656634316777149e-01,2.209111436315133042e-03,-1.444506225585937553e-01,2.452848260316452811e-01,2.535840120492094396e-02,-9.691193453888721221e-01,1.933265624999999988e+00,0.000000000000000000e+00,0.000000000000000000e+00,0.000000000000000000e+00,1.000000000000000000e+00
9.630441874165230898e-01,1.082695604459876088e-01,2.466244013962969883e-01,-1.096143569946289031e-01,1.114998466952011741e-01,-9.937640682559013561e-01,8.722559414965653374e-04,-1.444345855712890758e-01,2.451809072301426307e-01,2.665856193258506895e-02,-9.691107489887268445e-01,1.933356323242187536e+00,0.000000000000000000e+00,0.000000000000000000e+00,0.000000000000000000e+00,1.000000000000000000e+00
9.630964469632871117e-01,1.089576699030522233e-01,2.461167609407984569e-01,-1.096118164062500067e-01,1.114728846741320500e-01,-9.937604654866928344e-01,3.732722612170084539e-03,-1.444447937011718863e-01,2.449878156748214464e-01,2.384037342344402094e-02,-9.692329992142810768e-01,1.933346313476562495e+00,0.000000000000000000e+00,0.000000000000000000e+00,0.000000000000000000e+00,1.000000000000000000e+00
9.632396938168983347e-01,1.087118323678915449e-01,2.456644658039565665e-01,-1.096138076782226523e-01,1.115254910491876167e-01,-9.937584963850152331e-01,2.472995922258460974e-03,-1.444368743896484453e-01,2.443999940707148877e-01,2.501576234715593983e-02,-9.693517702735292563e-01,1.933345336914062518e+00,0.000000000000000000e+00,0.000000000000000000e+00,0.000000000000000000e+00,1.000000000000000000e+00
9.631101794714048703e-01,1.089595354262685584e-01,2.460621909970131804e-01,-1.096078414916992205e-01,1.114812678490733483e-01,-9.937596411810404318e-01,3.701685898796965371e-03,-1.444322357177734439e-01,2.449300086092392748e-01,2.386619365173075352e-02,-9.692469735228769201e-01,1.933293823242187459e+00,0.000000000000000000e+00,0.000000000000000000e+00,0.000000000000000000e+00,1.000000000000000000e+00
9.632282024618240568e-01,1.087939712321547986e-01,2.456731605318336065e-01,-1.096058883666992251e-01,1.115038333226515549e-01,-9.937597844130611202e-01,2.895865615056598605e-03,-1.444230804443359384e-01,2.444551597666070053e-01,2.460411971282863014e-02,-9.693483956538223589e-01,1.933314208984375115e+00,0.000000000000000000e+00,0.000000000000000000e+00,0.000000000000000000e+00,1.000000000000000000e+00
9.631022087836382806e-01,1.087946055251359928e-01,2.461663446629282215e-01,-1.096051483154296957e-01,1.113731183925637108e-01,-9.937726148228154255e-01,3.466774832684401189e-03,-1.444474639892578127e-01,2.450105384174189049e-01,2.407745494969507072e-02,-9.692213948461685380e-01,1.933348388671874973e+00,0.000000000000000000e+00,0.000000000000000000e+00,0.000000000000000000e+00,1.000000000000000000e+00
9.633485154711868281e-01,1.086767093331888617e-01,2.452529522512831295e-01,-1.096042480468750052e-01,1.115331292017425063e-01,-9.937581573045054517e-01,2.255189841489445290e-03,-1.444317474365234277e-01,2.439672085136196933e-01,2.518129542464658810e-02,-9.694564990399562321e-01,1.933290405273437651e+00,0.000000000000000000e+00,0.000000000000000000e+00,0.000000000000000000e+00,1.000000000000000000e+00
9.630854484407148641e-01,1.086228264532756171e-01,2.463077355160585846e-01,-1.096065826416015715e-01,1.114967897612511027e-01,-9.937621529762453720e-01,2.291109982702179554e-03,-1.444460449218750164e-01,2.450201723831784417e-01,2.525598711828610024e-02,-9.691889651868713651e-01,1.933286254882812472e+00,0.000000000000000000e+00,0.000000000000000000e+00,0.000000000000000000e+00,1.000000000000000000e+00
9.630595927314958837e-01,1.088260465975297020e-01,2.463191272106117491e-01,-1.096098480224609456e-01,1.114737257374495416e-01,-9.937621881073331886e-01,3.212780468259932715e-03,-1.444573974609374978e-01,2.451322690264525483e-01,2.436401178126556058e-02,-9.691834530221125066e-01,1.933300659179687520e+00,0.000000000000000000e+00,0.000000000000000000e+00,0.000000000000000000e+00,1.000000000000000000e+00
9.631380045779952548e-01,1.086244811860085369e-01,2.461014145115550944e-01,-1.096058959960937579e-01,1.114739490835904845e-01,-9.937645390594364025e-01,2.366343951097030912e-03,-1.444454803466796999e-01,2.448239016379464283e-01,2.515478075945588171e-02,-9.692411950550373634e-01,1.933360961914062592e+00,0.000000000000000000e+00,0.000000000000000000e+00,0.000000000000000000e+00,1.000000000000000000e+00
9.631450110233951145e-01,1.088197084712296536e-01,2.459877208093544099e-01,-1.095993576049804769e-01,1.115348355400057334e-01,-9.937562614183262921e-01,2.910902426243189983e-03,-1.444574584960937602e-01,2.447686013397310234e-01,2.463257883592015821e-02,-9.692685736461718049e-01,1.933302612304687473e+00,0.000000000000000000e+00,0.000000000000000000e+00,0.000000000000000000e+00,1.000000000000000000e+00
9.633594491739668753e-01,1.086630220751141074e-01,2.452160666039948644e-01,-1.096049728393554690e-01,1.115285214137042846e-01,-9.937587682657077481e-01,2.213460254128595331e-03,-1.444337463378906339e-01,2.439261375878044036e-01,2.521622748404217518e-02,-9.694659257926340201e-01,1.933273925781250124e+00,0.000000000000000000e+00,0.000000000000000000e+00,0.000000000000000000e+00,1.000000000000000000e+00
9.631662520220346524e-01,1.086398274563323552e-01,2.459840621993323595e-01,-1.096003417968750004e-01,1.115200158851120671e-01,-9.937596765079020900e-01,2.234145002990611112e-03,-1.444376831054687560e-01,2.446917592049454859e-01,2.528029345494971214e-02,-9.692712983164316620e-01,1.933283813476562640e+00,0.000000000000000000e+00,0.000000000000000000e+00,0.000000000000000000e+00,1.000000000000000000e+00
9.632219169364519828e-01,1.088134791798111567e-01,2.456891643562081062e-01,-1.096027374267578153e-01,1.115773462217151124e-01,-9.937521230662496041e-01,2.685835333963453378e-03,-1.444429626464843741e-01,2.444463837805471440e-01,2.482628949534056162e-02,-9.693449441795769506e-01,1.933276000976562603e+00,0.000000000000000000e+00,0.000000000000000000e+00,0.000000000000000000e+00,1.000000000000000000e+00
9.629187923163446960e-01,1.086578223128426557e-01,2.469430643979765305e-01,-1.095964736938476597e-01,1.114504621331366407e-01,-9.937663667720559868e-01,2.683796374174542490e-03,-1.444284057617187533e-01,2.456953273758838430e-01,2.493764068428426517e-02,-9.690262742478963354e-01,1.933282592773437614e+00,0.000000000000000000e+00,0.000000000000000000e+00,0.000000000000000000e+00,1.000000000000000000e+00
9.631921000751569872e-01,1.085931065117665684e-01,2.459034679928956690e-01,-1.096056365966796842e-01,1.115232481885346794e-01,-9.937597686304050493e-01,2.021723305206744870e-03,-1.444553680419921882e-01,2.445885186722538129e-01,2.547664557528012477e-02,-9.692922144863974632e-01,1.933355957031249961e+00,0.000000000000000000e+00,0.000000000000000000e+00,0.000000000000000000e+00,1.000000000000000000e+00
9.631463486522435780e-01,1.087111183142449589e-01,2.460304937049820340e-01,-1.096037826538086013e-01,1.115307877619874932e-01,-9.937578651624066062e-01,2.487731707148495980e-03,-1.444410552978515616e-01,2.447651822850657743e-01,2.504392506622086373e-02,-9.692588959396948312e-01,1.933283447265625066e+00,0.000000000000000000e+00,0.000000000000000000e+00,0.000000000000000000e+00,1.000000000000000000e+00
9.631942837217091213e-01,1.086345391758776202e-01,2.458766127631268616e-01,-1.096087951660156268e-01,1.115548742521745296e-01,-9.937561342770053763e-01,2.062914783538677410e-03,-1.444395599365234373e-01,2.445654960054779725e-01,2.544174689103176346e-02,-9.692989403062026721e-01,1.933203735351562536e+00,0.000000000000000000e+00,0.000000000000000000e+00,0.000000000000000000e+00,1.000000000000000000e+00
9.630810806723567596e-01,1.088169597757264323e-01,2.462391141068645539e-01,-1.096032409667968832e-01,1.114949737487251485e-01,-9.937602141255249544e-01,3.083447739447152391e-03,-1.444457550048828254e-01,2.450381661695512636e-01,2.448481338215069761e-02,-9.692042050228139027e-01,1.933237792968750091e+00,0.000000000000000000e+00,0.000000000000000000e+00,0.000000000000000000e+00,1.000000000000000000e+00
9.630708462417713056e-01,1.084681543433726053e-01,2.464329617005426576e-01,-1.095936660766601567e-01,1.115112891253369903e-01,-9.937618531882400630e-01,1.616027685504325961e-03,-1.444284667968750158e-01,2.450709642466123162e-01,2.592370809157351977e-02,-9.691584926326647365e-01,1.933219726562499963e+00,0.000000000000000000e+00,0.000000000000000000e+00,0.000000000000000000e+00,1.000000000000000000e+00
9.631068665969461096e-01,1.085207385351901060e-01,2.462689846927328396e-01,-1.096028060913085966e-01,1.114538404314179970e-01,-9.937675177006065619e-01,2.040151039239856620e-03,-1.444571533203125036e-01,2.449555163022473780e-01,2.548274064836435898e-02,-9.691993731746567642e-01,1.933223876953125142e+00,0.000000000000000000e+00,0.000000000000000000e+00,0.000000000000000000e+00,1.000000000000000000e+00
9.629083048866201588e-01,1.086233995730169211e-01,2.469990960420240522e-01,-1.096125946044921862e-01,1.114109743324640800e-01,-9.937707362480981965e-01,2.705286529044533331e-03,-1.444338684082031310e-01,2.457543309459007952e-01,2.491346708336488608e-02,-9.690119338683188532e-01,1.933335449218750002e+00,0.000000000000000000e+00,0.000000000000000000e+00,0.000000000000000000e+00,1.000000000000000000e+00
9.634940596906583776e-01,1.086589479482505116e-01,2.446884344867841787e-01,-1.095968475341796838e-01,1.115716520687511926e-01,-9.937544420813725354e-01,1.968577707230616952e-03,-1.444520111083984482e-01,2.433741222798007642e-01,2.540357995085075482e-02,-9.695997600712457087e-01,1.933227416992187475e+00,0.000000000000000000e+00,0.000000000000000000e+00,0.000000000000000000e+00,1.000000000000000000e+00
9.631816600347381518e-01,1.085812869307485190e-01,2.459495759321179975e-01,-1.096021347045898486e-01,1.114899026206117999e-01,-9.937633256935879400e-01,2.110478634455740382e-03,-1.444220733642578025e-01,2.446448270173982309e-01,2.538811995564967117e-02,-9.692803268295219210e-01,1.933295898437499938e+00,0.000000000000000000e+00,0.000000000000000000e+00,0.000000000000000000e+00,1.000000000000000000e+00
9.629251442654798154e-01,1.084922665039951689e-01,2.469910821267269907e-01,-1.096049575805664034e-01,1.114205589892101750e-01,-9.937710549298459650e-01,2.132936509462241698e-03,-1.444382476806640725e-01,2.456839953595623127e-01,2.546602623982678962e-02,-9.690154054150612595e-01,1.933320678710937601e+00,0.000000000000000000e+00,0.000000000000000000e+00,0.000000000000000000e+00,1.000000000000000000e+00
9.631520094590764192e-01,1.086488739076925253e-01,2.460358284346676472e-01,-1.096003799438476645e-01,1.114179494776952745e-01,-9.937700206133455172e-01,2.680795467101919349e-03,-1.444177398681640578e-01,2.447942957038187206e-01,2.483079396114870954e-02,-9.692570270377873776e-01,1.933320434570312552e+00,0.000000000000000000e+00,0.000000000000000000e+00,0.000000000000000000e+00,1.000000000000000000e+00
9.631298669400450985e-01,1.084048010809894741e-01,2.462300926179462612e-01,-1.096036453247070386e-01,1.115028775201120786e-01,-9.937631688293820931e-01,1.368423516405979298e-03,-1.444310607910156419e-01,2.448427407802530320e-01,2.613739429967099070e-02,-9.692104358220859917e-01,1.933290283203125126e+00,0.000000000000000000e+00,0.000000000000000000e+00,0.000000000000000000e+00,1.000000000000000000e+00
9.630373345612524005e-01,1.085958084858164169e-01,2.465076928220905628e-01,-1.096015548706054665e-01,1.114808876525796438e-01,-9.937639967914406736e-01,2.265031852790901079e-03,-1.444338378906249998e-01,2.452164430240174608e-01,2.529958617078801111e-02,-9.691381877783145082e-01,1.933304321289062599e+00,0.000000000000000000e+00,0.000000000000000000e+00,0.000000000000000000e+00,1.000000000000000000e+00
9.632376871186142386e-01,1.089065128511215730e-01,2.455860940138743231e-01,-1.096001281738281236e-01,1.114038538532283740e-01,-9.937681646208863517e-01,3.743839297286537943e-03,-1.444340667724609284e-01,2.444633703871227359e-01,2.375303022024478905e-02,-9.693675536628637568e-01,1.933286621093750046e+00,0.000000000000000000e+00,0.000000000000000000e+00,0.000000000000000000e+00,1.000000000000000000e+00
9.630112887545067002e-01,1.086734060348907571e-01,2.465752391302901692e-01,-1.096092300415039134e-01,1.114379507884747655e-01,-9.937675661372115110e-01,2.758191035575072517e-03,-1.444614868164062482e-01,2.453382172745401935e-01,2.482167026005738936e-02,-9.691197262619576369e-01,1.933306640625000128e+00,0.000000000000000000e+00,0.000000000000000000e+00,0.000000000000000000e+00,1.000000000000000000e+00
9.629388406509399312e-01,1.084711703456579801e-01,2.469469464675907167e-01,-1.096022338867187473e-01,1.114114227670739143e-01,-9.937721948521901494e-01,2.078368513294459596e-03,-1.444304809570312598e-01,2.456344520681905397e-01,2.551136888730153388e-02,-9.690267725995272974e-01,1.933322998046875130e+00,0.000000000000000000e+00,0.000000000000000000e+00,0.000000000000000000e+00,1.000000000000000000e+00
9.631252895353324961e-01,1.086196964552375160e-01,2.461532819189178600e-01,-1.096133651733398467e-01,1.115171927135778646e-01,-9.937601110868020671e-01,2.181133198606884441e-03,-1.444423370361328229e-01,2.448542268100857566e-01,2.534961843340823723e-02,-9.692284583412292820e-01,1.933355590820312608e+00,0.000000000000000000e+00,0.000000000000000000e+00,0.000000000000000000e+00,1.000000000000000000e+00
9.630583462305251086e-01,1.085528405738742513e-01,2.464445222744246766e-01,-1.096100997924804726e-01,1.114866971089479158e-01,-9.937637911286196779e-01,2.060050827430177228e-03,-1.444558410644531388e-01,2.451312671273578603e-01,2.549133666595241460e-02,-9.691547108854805526e-01,1.933377929687499996e+00,0.000000000000000000e+00,0.000000000000000000e+00,0.000000000000000000e+00,1.000000000000000000e+00
9.631831981835574652e-01,1.086475698892274272e-01,2.459142783452381575e-01,-1.096088409423828097e-01,1.114791835881839693e-01,-9.937638223107139179e-01,2.420143159375897496e-03,-1.444373168945312647e-01,2.446436558821948881e-01,2.508328175429484080e-02,-9.692885590024411524e-01,1.933325073242187608e+00,0.000000000000000000e+00,0.000000000000000000e+00,0.000000000000000000e+00,1.000000000000000000e+00
9.630297646891071706e-01,1.089821850665243369e-01,2.463667097255007321e-01,-1.096162796020507812e-01,1.114010877492408597e-01,-9.937668970801171175e-01,4.141487177572851508e-03,-1.444594421386718730e-01,2.452824289897856391e-01,2.345714402654132044e-02,-9.691678350125890740e-01,1.933389038085937539e+00,0.000000000000000000e+00,0.000000000000000000e+00,0.000000000000000000e+00,1.000000000000000000e+00
9.630237373497564368e-01,1.087084282414188530e-01,2.465111740473188429e-01,-1.096131286621093714e-01,1.114213605935797102e-01,-9.937688462297534775e-01,2.959842337048358696e-03,-1.444378967285156190e-01,2.452968848240489053e-01,2.461621198448265060e-02,-9.691354293405810560e-01,1.933357666015625087e+00,0.000000000000000000e+00,0.000000000000000000e+00,0.000000000000000000e+00,1.000000000000000000e+00
9.632297256112999362e-01,1.087008417538264798e-01,2.457084099105886765e-01,-1.096147308349609412e-01,1.114672205112713782e-01,-9.937645411622674230e-01,2.663734228533604434e-03,-1.444625549316406188e-01,2.444658553873564899e-01,2.482264551892559429e-02,-9.693401270035045814e-01,1.933350097656250099e+00,0.000000000000000000e+00,0.000000000000000000e+00,0.000000000000000000e+00,1.000000000000000000e+00
9.631768646907571396e-01,1.087602072200996445e-01,2.458892934837222932e-01,-1.096045608520507808e-01,1.114892665890002549e-01,-9.937615856899536526e-01,2.837999724437429219e-03,-1.444377746582031219e-01,2.446639956346866596e-01,2.468052131601075616e-02,-9.692937640920012976e-01,1.933352050781250053e+00,0.000000000000000000e+00,0.000000000000000000e+00,0.000000000000000000e+00,1.000000000000000000e+00
9.632174847554235697e-01,1.084960261827874473e-01,2.458468819488652257e-01,-1.096073760986328166e-01,1.115355608120587594e-01,-9.937592034830595722e-01,1.569766560584070700e-03,-1.444459075927734537e-01,2.444829150181560551e-01,2.590864325392373130e-02,-9.693074055576826886e-01,1.933319580078125099e+00,0.000000000000000000e+00,0.000000000000000000e+00,0.000000000000000000e+00,1.000000000000000000e+00
9.628922720183847872e-01,1.084689164494023056e-01,2.471294532255629839e-01,-1.096003799438476645e-01,1.113775758300743074e-01,-9.937756776849446805e-01,2.222171020768467023e-03,-1.444381713867187444e-01,2.458322763379316156e-01,2.538496811347377285e-02,-9.689799251297155358e-01,1.933229125976562601e+00,0.000000000000000000e+00,0.000000000000000000e+00,0.000000000000000000e+00,1.000000000000000000e+00
9.631054013399651392e-01,1.087093277823065612e-01,2.461915269925107896e-01,-1.095969848632812466e-01,1.114860485631533199e-01,-9.937624003211784629e-01,2.674450161090084072e-03,-1.444324035644531379e-01,2.449466204820130999e-01,2.487114313836352730e-02,-9.692175087943015743e-01,1.933286621093750046e+00,0.000000000000000000e+00,0.000000000000000000e+00,0.000000000000000000e+00,1.000000000000000000e+00
9.630282532617848723e-01,1.087237549187347885e-01,2.464867715231918999e-01,-1.096119079589843726e-01,1.114849281645171331e-01,-9.937622681018889459e-01,2.768625858045504692e-03,-1.444596405029296982e-01,2.452502685252510861e-01,2.481329509275782830e-02,-9.691422012145234355e-01,1.933343750000000139e+00,0.000000000000000000e+00,0.000000000000000000e+00,0.000000000000000000e+00,1.000000000000000000e+00
9.633700215614591222e-01,1.084926548968396104e-01,2.452499651174481210e-01,-1.096068649291992159e-01,1.115658431888349594e-01,-9.937560994047460738e-01,1.370229699471403259e-03,-1.444413299560546871e-01,2.438673085721793643e-01,2.604148093523653285e-02,-9.694589094337426882e-01,1.933310058593749936e+00,0.000000000000000000e+00,0.000000000000000000e+00,0.000000000000000000e+00,1.000000000000000000e+00
9.632265109970675754e-01,1.088915983899662876e-01,2.456365370063960663e-01,-1.096046829223632779e-01,1.114795536828069589e-01,-9.937609532519781075e-01,3.387757724830476810e-03,-1.444622955322265589e-01,2.444728975226056755e-01,2.412027346027150604e-02,-9.693560825543435788e-01,1.933277954101562557e+00,0.000000000000000000e+00,0.000000000000000000e+00,0.000000000000000000e+00,1.000000000000000000e+00
9.632310696217344370e-01,1.087861658312548607e-01,2.456653753362581516e-01,-1.096099319458007787e-01,1.115193580726350775e-01,-9.937583126909149689e-01,2.801558989769659461e-03,-1.444383392333984384e-01,2.444367797415873400e-01,2.469789629584825258e-02,-9.693506458594446373e-01,1.933289428710937452e+00,0.000000000000000000e+00,0.000000000000000000e+00,0.000000000000000000e+00,1.000000000000000000e+00
9.630837787025124941e-01,1.085491480664760033e-01,2.463467427309171398e-01,-1.096047515869140593e-01,1.114246537543128746e-01,-9.937702695843798617e-01,2.279874101957807958e-03,-1.444285888671875129e-01,2.450595473264036983e-01,2.525339074721571000e-02,-9.691790776321714818e-01,1.933307739257812630e+00,0.000000000000000000e+00,0.000000000000000000e+00,0.000000000000000000e+00,1.000000000000000000e+00
9.632587503266702988e-01,1.088973220451212032e-01,2.455075419829349237e-01,-1.096068878173828143e-01,1.115031785878408677e-01,-9.937585836704212472e-01,3.304322346002098662e-03,-1.444387207031249953e-01,2.443350590560214031e-01,2.419195388469855962e-02,-9.693890489805065958e-01,1.933317504882812621e+00,0.000000000000000000e+00,0.000000000000000000e+00,0.000000000000000000e+00,1.000000000000000000e+00
9.630810176438456827e-01,1.086359655437919153e-01,2.463192652726597653e-01,-1.096095428466796889e-01,1.114689227242833119e-01,-9.937648848949743874e-01,2.456179221081714742e-03,-1.444232788085937635e-01,2.450502657023302111e-01,2.509144356242530571e-02,-9.691856306916498687e-01,1.933336181640625151e+00,0.000000000000000000e+00,0.000000000000000000e+00,0.000000000000000000e+00,1.000000000000000000e+00
9.631777503260282591e-01,1.088619303988161008e-01,2.458408049668205642e-01,-1.096058578491210939e-01,1.115065901015746680e-01,-9.937586059669266669e-01,3.180162038357761678e-03,-1.444521636962890765e-01,2.446526142120913627e-01,2.434980855189875990e-02,-9.693050011130014409e-01,1.933314086914062591e+00,0.000000000000000000e+00,0.000000000000000000e+00,0.000000000000000000e+00,1.000000000000000000e+00
9.632456330838711223e-01,1.088728237842117169e-01,2.455698649796123900e-01,-1.096073226928711009e-01,1.114970125276612128e-01,-9.937595039275249897e-01,3.234895844755709612e-03,-1.444363555908203256e-01,2.443895794469551908e-01,2.426430701610580998e-02,-9.693734970911723758e-01,1.933334228515624975e+00,0.000000000000000000e+00,0.000000000000000000e+00,0.000000000000000000e+00,1.000000000000000000e+00
9.632117488570742792e-01,1.088208454460840163e-01,2.457257627113939580e-01,-1.096000213623046921e-01,1.114716535186049545e-01,-9.937626569466243565e-01,3.138808725314561759e-03,-1.444367218017578169e-01,2.445346546514928776e-01,2.436811963992136301e-02,-9.693343063255782655e-01,1.933256469726562621e+00,0.000000000000000000e+00,0.000000000000000000e+00,0.000000000000000000e+00,1.000000000000000000e+00
9.630804904800123190e-01,1.087212193399946653e-01,2.462837090065107815e-01,-1.096015319824218820e-01,1.114097749818871302e-01,-9.937699206095540472e-01,3.034292366601390803e-03,-1.444505615234374929e-01,2.450792339127576824e-01,2.451614482143370938e-02,-9.691930291473573877e-01,1.933290283203125126e+00,0.000000000000000000e+00,0.000000000000000000e+00,0.000000000000000000e+00,1.000000000000000000e+00
9.630433642431296404e-01,1.086035232704929826e-01,2.464807362057128970e-01,-1.095926055908203189e-01,1.114348907465094324e-01,-9.937686538555906557e-01,2.475426904757599758e-03,-1.444288787841797039e-01,2.452136695039414949e-01,2.508261045590711585e-02,-9.691445294387875942e-01,1.933270141601562520e+00,0.000000000000000000e+00,0.000000000000000000e+00,0.000000000000000000e+00,1.000000000000000000e+00
9.632812704333544307e-01,1.088650672261600866e-01,2.454334760584756803e-01,-1.096083602905273402e-01,1.115333285311459061e-01,-9.937560286431588175e-01,3.045022518926325181e-03,-1.444478454589843697e-01,2.442324930451846565e-01,2.444079935724157576e-02,-9.694086530806875768e-01,1.933307861328124932e+00,0.000000000000000000e+00,0.000000000000000000e+00,0.000000000000000000e+00,1.000000000000000000e+00
9.629051232594600940e-01,1.084985499745048931e-01,2.470663640686729390e-01,-1.096061096191406209e-01,1.113562082420867516e-01,-9.937776095287333966e-01,2.420265543627097768e-03,-1.444235382080078234e-01,2.457916159811582846e-01,2.518188739523948699e-02,-9.689955387206818926e-01,1.933267822265624991e+00,0.000000000000000000e+00,0.000000000000000000e+00,0.000000000000000000e+00,1.000000000000000000e+00
9.630356689652522784e-01,1.084782396235528940e-01,2.465659583738683547e-01,-1.096054763793945369e-01,1.114914137253901066e-01,-9.937638559455649334e-01,1.750223333432495559e-03,-1.444479980468749980e-01,2.452181986846878048e-01,2.580445977690751236e-02,-9.691244320980970661e-01,1.933296752929687612e+00,0.000000000000000000e+00,0.000000000000000000e+00,0.000000000000000000e+00,1.000000000000000000e+00
9.630592447216919094e-01,1.087608696686645782e-01,2.463492731570359195e-01,-1.096028671264648452e-01,1.114794908722935018e-01,-9.937624236570978820e-01,2.927190124471986191e-03,-1.444546813964843746e-01,2.451310145023235521e-01,2.464383403787513693e-02,-9.691766955374934156e-01,1.933292114257812555e+00,0.000000000000000000e+00,0.000000000000000000e+00,0.000000000000000000e+00,1.000000000000000000e+00
9.630376903873558714e-01,1.089374787950587314e-01,2.463555004605406662e-01,-1.095969619750976620e-01,1.114019177370602770e-01,-9.937675645035493055e-01,3.954802800345262603e-03,-1.444234008789062607e-01,2.452509319409257316e-01,2.363585104159551115e-02,-9.691714641525754903e-01,1.933300048828125117e+00,0.000000000000000000e+00,0.000000000000000000e+00,0.000000000000000000e+00,1.000000000000000000e+00
9.632323818916573854e-01,1.087024125090430421e-01,2.456973015522120884e-01,-1.096123199462890607e-01,1.115414262907111626e-01,-9.937569475955639886e-01,2.374726633055946820e-03,-1.444582519531250053e-01,2.444215389370557046e-01,2.511801385981266010e-02,-9.693436937863576519e-01,1.933345214843749993e+00,0.000000000000000000e+00,0.000000000000000000e+00,0.000000000000000000e+00,1.000000000000000000e+00
9.629886235847757714e-01,1.083337439944301595e-01,2.468131089679970469e-01,-1.096139907836914118e-01,1.114298573197581854e-01,-9.937712705230599131e-01,1.431356238491771418e-03,-1.444279632568359339e-01,2.454308410611784896e-01,2.612396974298517027e-02,-9.690620415953099531e-01,1.933360717773437543e+00,0.000000000000000000e+00,0.000000000000000000e+00,0.000000000000000000e+00,1.000000000000000000e+00
9.629583993373990181e-01,1.087459035963973392e-01,2.467497712188555792e-01,-1.096051406860351629e-01,1.113616367035849958e-01,-9.937742247016353447e-01,3.372860709050962136e-03,-1.444348602294922013e-01,2.455803473738345788e-01,2.423053382959118249e-02,-9.690733585307563791e-01,1.933313598632812491e+00,0.000000000000000000e+00,0.000000000000000000e+00,0.000000000000000000e+00,1.000000000000000000e+00
9.631892684198597454e-01,1.087765407815547980e-01,2.458334748898416133e-01,-1.096127700805664129e-01,1.115513392890073729e-01,-9.937551309908281283e-01,2.652985531611726927e-03,-1.444596557617187638e-01,2.445868596299572151e-01,2.486772617271081759e-02,-9.693084464149452906e-01,1.933356323242187536e+00,0.000000000000000000e+00,0.000000000000000000e+00,0.000000000000000000e+00,1.000000000000000000e+00
9.632846079525916316e-01,1.087342191579494799e-01,2.454783771857165786e-01,-1.096042098999023412e-01,1.115703448945687959e-01,-9.937537197993602245e-01,2.366965365554094328e-03,-1.444486541748046804e-01,2.442024205894136601e-01,2.510804590257430247e-02,-9.693991767116503233e-01,1.933315795898437495e+00,0.000000000000000000e+00,0.000000000000000000e+00,0.000000000000000000e+00,1.000000000000000000e+00
9.632456348877598273e-01,1.090510870720999281e-01,2.454907478461655079e-01,-1.096134109497070297e-01,1.115547271728951351e-01,-9.937513013452408117e-01,3.727454898624792470e-03,-1.444310150146484450e-01,2.443632331490505905e-01,2.379519873910766053e-02,-9.693917674510696969e-01,1.933336669921875028e+00,0.000000000000000000e+00,0.000000000000000000e+00,0.000000000000000000e+00,1.000000000000000000e+00
9.631752821946907295e-01,1.084541815112571445e-01,2.460306206184540989e-01,-1.096082458496093759e-01,1.114810837088900525e-01,-9.937652116915921541e-01,1.634627375575322186e-03,-1.444304046630859317e-01,2.446739539556057053e-01,2.585332752836311948e-02,-9.692606778939510948e-01,1.933287475585937498e+00,0.000000000000000000e+00,0.000000000000000000e+00,0.000000000000000000e+00,1.000000000000000000e+00
9.631854484905943981e-01,1.085830563309176100e-01,2.459339579924033348e-01,-1.096117248535156269e-01,1.114946559955161398e-01,-9.937628205024722217e-01,2.097205619980644503e-03,-1.444203948974609464e-01,2.446277447478391875e-01,2.540032410832068072e-02,-9.692843184715091986e-01,1.933306518554687603e+00,0.000000000000000000e+00,0.000000000000000000e+00,0.000000000000000000e+00,1.000000000000000000e+00
9.631030743908590708e-01,1.085175672312196360e-01,2.462852121039625086e-01,-1.096057510375976624e-01,1.114657505863858866e-01,-9.937662998995351327e-01,1.981824967344026148e-03,-1.444614562988281170e-01,2.449650067766612482e-01,2.554366430654183423e-02,-9.691953707425069453e-01,1.933306518554687603e+00,0.000000000000000000e+00,0.000000000000000000e+00,0.000000000000000000e+00,1.000000000000000000e+00
9.631667462908909405e-01,1.088393858643172951e-01,2.458938936291364397e-01,-1.096096496582031204e-01,1.115403371306504798e-01,-9.937554995202092512e-01,2.959791567038525320e-03,-1.444379730224609470e-01,2.446805509888345109e-01,2.457631498043846840e-02,-9.692922328739578264e-01,1.933326049804687585e+00,0.000000000000000000e+00,0.000000000000000000e+00,0.000000000000000000e+00,1.000000000000000000e+00
9.631331440077290917e-01,1.085971659543212287e-01,2.461324896483131353e-01,-1.096118392944335912e-01,1.114737902715420559e-01,-9.937648073634031132e-01,2.258700616539481565e-03,-1.444235992431640581e-01,2.448430946469261071e-01,2.526189210388867998e-02,-9.692335610218252295e-01,1.933311279296874963e+00,0.000000000000000000e+00,0.000000000000000000e+00,0.000000000000000000e+00,1.000000000000000000e+00
9.632034079752531675e-01,1.087106610324149319e-01,2.458072151966925745e-01,-1.096087493896484438e-01,1.114461411798326057e-01,-9.937665369950878791e-01,2.797778567946281048e-03,-1.444287109375000100e-01,2.445791333719672944e-01,2.469943575642611147e-02,-9.693146988426057931e-01,1.933299560546875018e+00,0.000000000000000000e+00,0.000000000000000000e+00,0.000000000000000000e+00,1.000000000000000000e+00
9.630275692082332917e-01,1.085332733287740214e-01,2.465733755404728167e-01,-1.096066513061523529e-01,1.114157114698104134e-01,-9.937712843328727619e-01,2.274570963631917381e-03,-1.444219665527343710e-01,2.452844067252489824e-01,2.528167351925645137e-02,-9.691214561661032345e-01,1.933307861328124932e+00,0.000000000000000000e+00,0.000000000000000000e+00,0.000000000000000000e+00,1.000000000000000000e+00
9.632420070121040512e-01,1.086257175614576409e-01,2.456934867096645936e-01,-1.096081085205078132e-01,1.115295242095198369e-01,-9.937588856512661328e-01,2.107704616819238222e-03,-1.444594726562500042e-01,2.443890364907800594e-01,2.537184804881324057e-02,-9.693452780973846883e-01,1.933351562499999954e+00,0.000000000000000000e+00,0.000000000000000000e+00,0.000000000000000000e+00,1.000000000000000000e+00
9.632081981002255100e-01,1.089067217602041060e-01,2.457016342395025588e-01,-1.096045837402343792e-01,1.114974539316086199e-01,-9.937589535016740916e-01,3.385277245164707016e-03,-1.444477844238281350e-01,2.445368783625194442e-01,2.413437984915509787e-02,-9.693395931406140198e-01,1.933284179687499993e+00,0.000000000000000000e+00,0.000000000000000000e+00,0.000000000000000000e+00,1.000000000000000000e+00
9.630507230820524178e-01,1.086490391179464887e-01,2.464319197463736288e-01,-1.096094131469726590e-01,1.114390572133178436e-01,-9.937677644999014515e-01,2.639463634035355347e-03,-1.444483489990234515e-01,2.451828731753975532e-01,2.492020344249735314e-02,-9.691565106637016758e-01,1.933311767578125062e+00,0.000000000000000000e+00,0.000000000000000000e+00,0.000000000000000000e+00,1.000000000000000000e+00
9.631885889607412210e-01,1.087350100702760142e-01,2.458545091732786680e-01,-1.096106338500976579e-01,1.114905397879533550e-01,-9.937617555032751682e-01,2.726322952251473627e-03,-1.444512023925781374e-01,2.446172553881013068e-01,2.478448877960078706e-02,-9.693029080129320629e-01,1.933322509765625030e+00,0.000000000000000000e+00,0.000000000000000000e+00,0.000000000000000000e+00,1.000000000000000000e+00
9.630294644254561165e-01,1.086764924760608847e-01,2.465028815886744218e-01,-1.096118850708007880e-01,1.114247172980963180e-01,-9.937688892680088815e-01,2.815510267716387488e-03,-1.444517669677734539e-01,2.452728746181661867e-01,2.475509454898086950e-02,-9.691379686455446896e-01,1.933346191406249970e+00,0.000000000000000000e+00,0.000000000000000000e+00,0.000000000000000000e+00,1.000000000000000000e+00
9.630576282132583543e-01,1.089081914681604146e-01,2.462905003677337556e-01,-1.096088943481445394e-01,1.113851726050940627e-01,-9.937696774262332333e-01,3.895067636671363520e-03,-1.444478149414062662e-01,2.451802358755443279e-01,2.368193529455205407e-02,-9.691882262371522838e-01,1.933344726562500115e+00,0.000000000000000000e+00,0.000000000000000000e+00,0.000000000000000000e+00,1.000000000000000000e+00
9.631344051361266922e-01,1.087131142298539965e-01,2.460763630207629671e-01,-1.096090164184570365e-01,1.114444345612823906e-01,-9.937666012292786233e-01,2.842584479682826876e-03,-1.444411010742187584e-01,2.448514971332534929e-01,2.468605022385728098e-02,-9.692462758638539233e-01,1.933312499999999989e+00,0.000000000000000000e+00,0.000000000000000000e+00,0.000000000000000000e+00,1.000000000000000000e+00
9.629442625019554169e-01,1.086919312612893290e-01,2.468287086083319481e-01,-1.096089096069335911e-01,1.114557897277460713e-01,-9.937654776465804085e-01,2.789690669004247017e-03,-1.444430084228515709e-01,2.455930663734832153e-01,2.482417202154846292e-02,-9.690551100080505575e-01,1.933310668945312560e+00,0.000000000000000000e+00,0.000000000000000000e+00,0.000000000000000000e+00,1.000000000000000000e+00
9.631082633921982383e-01,1.089640578325400400e-01,2.460676880176085879e-01,-1.096076583862304749e-01,1.114371021720877986e-01,-9.937638540470347115e-01,3.895465193227400091e-03,-1.444383392333984384e-01,2.449576396954215030e-01,2.366931537351367465e-02,-9.692448185389476167e-01,1.933296997070312440e+00,0.000000000000000000e+00,0.000000000000000000e+00,0.000000000000000000e+00,1.000000000000000000e+00
9.631003133377323833e-01,1.087010450783713611e-01,2.462150873680000740e-01,-1.096074981689453137e-01,1.114787972016614281e-01,-9.937632209372874170e-01,2.671794681349971140e-03,-1.444327392578124980e-01,2.449699251402769340e-01,2.487455549790438397e-02,-9.692115312281158745e-01,1.933333496093750048e+00,0.000000000000000000e+00,0.000000000000000000e+00,0.000000000000000000e+00,1.000000000000000000e+00
9.630135280325042846e-01,1.090020325080428842e-01,2.464213905802509208e-01,-1.096027297973632825e-01,1.114341746042638026e-01,-9.937633715398253020e-01,4.097086289736477649e-03,-1.444468383789062615e-01,2.453311426555044306e-01,2.351421474161244016e-02,-9.691541219787644934e-01,1.933312255859374940e+00,0.000000000000000000e+00,0.000000000000000000e+00,0.000000000000000000e+00,1.000000000000000000e+00
9.630792144917780240e-01,1.088202292942989369e-01,2.462449680912008332e-01,-1.096070556640625082e-01,1.114452254525639396e-01,-9.937651182749270840e-01,3.294149943152762175e-03,-1.444478759765625009e-01,2.450681299919014733e-01,2.427029864581358581e-02,-9.692020244850482191e-01,1.933340087890625059e+00,0.000000000000000000e+00,0.000000000000000000e+00,0.000000000000000000e+00,1.000000000000000000e+00
9.631743225265212427e-01,1.087950848356007277e-01,2.458838220403927743e-01,-1.096141128540039089e-01,1.114723982821744924e-01,-9.937628597051166857e-01,3.046816687778402741e-03,-1.444459228515624916e-01,2.446816888261100775e-01,2.447464374251651087e-02,-9.692945181764309748e-01,1.933344970703124943e+00,0.000000000000000000e+00,0.000000000000000000e+00,0.000000000000000000e+00,1.000000000000000000e+00
9.630924357824436344e-01,1.087696771856638545e-01,2.462155914306949356e-01,-1.096089553833007879e-01,1.114847788704161347e-01,-9.937618270166678203e-01,2.928351875982808036e-03,-1.444414672851562498e-01,2.449981718683933996e-01,2.462901722403137289e-02,-9.692106619779438104e-01,1.933328613281249941e+00,0.000000000000000000e+00,0.000000000000000000e+00,0.000000000000000000e+00,1.000000000000000000e+00
9.631201833635031351e-01,1.087685396834636858e-01,2.461075317274531160e-01,-1.096076354980468764e-01,1.114692365882177377e-01,-9.937634349102807407e-01,2.974009038417522316e-03,-1.444353637695312553e-01,2.448961447068787323e-01,2.456909054986436761e-02,-9.692379677340651201e-01,1.933344726562500115e+00,0.000000000000000000e+00,0.000000000000000000e+00,0.000000000000000000e+00,1.000000000000000000e+00
9.630250654301879543e-01,1.086592061587972891e-01,2.465276866198236605e-01,-1.096032791137695334e-01,1.114541080768708392e-01,-9.937660977534470419e-01,2.631491720538305795e-03,-1.444549407958984344e-01,2.452767929217339882e-01,2.494233094211637317e-02,-9.691321762180855615e-01,1.933325195312500133e+00,0.000000000000000000e+00,0.000000000000000000e+00,0.000000000000000000e+00,1.000000000000000000e+00
9.631813530634761866e-01,1.087979750204541018e-01,2.458550014587060351e-01,-1.096096420288086015e-01,1.115189122291943835e-01,-9.937581634819180332e-01,2.871363485009895133e-03,-1.444436798095703189e-01,2.446328132651646725e-01,2.465183856215300007e-02,-9.693023643474089068e-01,1.933353759765624957e+00,0.000000000000000000e+00,0.000000000000000000e+00,0.000000000000000000e+00,1.000000000000000000e+00
9.631751223244154891e-01,1.088011839855300145e-01,2.458779902689430807e-01,-1.096111068725585946e-01,1.114288492038046086e-01,-9.937671207350241565e-01,3.243657061968340666e-03,-1.444491271972656310e-01,2.446983761704670246e-01,2.427369171277278526e-02,-9.692953587994580511e-01,1.933338500976562457e+00,0.000000000000000000e+00,0.000000000000000000e+00,0.000000000000000000e+00,1.000000000000000000e+00
9.630236114619656895e-01,1.087889820113790290e-01,2.464761269569134272e-01,-1.096055145263671871e-01,1.114060505653546168e-01,-9.937693404003635766e-01,3.345142396923206710e-03,-1.444318847656249905e-01,2.453043327464525525e-01,2.423748075097514193e-02,-9.691430899834470036e-01,1.933287963867187598e+00,0.000000000000000000e+00,0.000000000000000000e+00,0.000000000000000000e+00,1.000000000000000000e+00
9.630234463512756804e-01,1.085090924713291854e-01,2.466001188741808459e-01,-1.095978546142578197e-01,1.114610312449351298e-01,-9.937667932602196608e-01,1.999781766919690035e-03,-1.444333648681640769e-01,2.452800038558528295e-01,2.556046682571034082e-02,-9.691152574612189596e-01,1.933284179687499993e+00,0.000000000000000000e+00,0.000000000000000000e+00,0.000000000000000000e+00,1.000000000000000000e+00
9.631003314071835408e-01,1.086758547147862047e-01,2.462261363977912842e-01,-1.096006698608398416e-01,1.114606107395669926e-01,-9.937653403703445854e-01,2.642069676561801736e-03,-1.444402770996093821e-01,2.449781294257423192e-01,2.489993736184420436e-02,-9.692088057908059273e-01,1.933307617187500105e+00,0.000000000000000000e+00,0.000000000000000000e+00,0.000000000000000000e+00,1.000000000000000000e+00
9.631042707984360796e-01,1.088177507610030986e-01,2.461480462833882665e-01,-1.095983963012695378e-01,1.114765018590442996e-01,-9.937620764869889989e-01,3.150376094758535958e-03,-1.444482879638671891e-01,2.449554104384782383e-01,2.440558246762700861e-02,-9.692271222171471301e-01,1.933280639648437438e+00,0.000000000000000000e+00,0.000000000000000000e+00,0.000000000000000000e+00,1.000000000000000000e+00
9.631721029299630255e-01,1.088511735993333979e-01,2.458676923540808468e-01,-1.096079635620117176e-01,1.114658491650062228e-01,-9.937627846575795010e-01,3.300348396394783140e-03,-1.444399414062499942e-01,2.446934094073586752e-01,2.422704760513103017e-02,-9.692977796100338272e-01,1.933289184570312624e+00,0.000000000000000000e+00,0.000000000000000000e+00,0.000000000000000000e+00,1.000000000000000000e+00
9.628952484231865228e-01,1.086915351994499762e-01,2.470200209295532745e-01,-1.096017761230468762e-01,1.114527497764719183e-01,-9.937657330010998269e-01,2.820014193229110691e-03,-1.444524383544922019e-01,2.457865438369508104e-01,2.481568231529409502e-02,-9.690062728279489335e-01,1.933249267578124986e+00,0.000000000000000000e+00,0.000000000000000000e+00,0.000000000000000000e+00,1.000000000000000000e+00
9.631749184043851830e-01,1.088161375294037225e-01,2.458721716052631456e-01,-1.096069412231445300e-01,1.114774721450176587e-01,-9.937620899243198025e-01,3.111564462594865882e-03,-1.444445495605468643e-01,2.446770315351706193e-01,2.441222731399092516e-02,-9.692972678165905354e-01,1.933340454101562633e+00,0.000000000000000000e+00,0.000000000000000000e+00,0.000000000000000000e+00,1.000000000000000000e+00
9.631083878195584314e-01,1.087604097707228212e-01,2.461572801647670949e-01,-1.096089859008789053e-01,1.114293128222625107e-01,-9.937675149794519269e-01,3.103935489522055211e-03,-1.444391479492187491e-01,2.449606938991836513e-01,2.443971026974764427e-02,-9.692249269423282021e-01,1.933328247070312589e+00,0.000000000000000000e+00,0.000000000000000000e+00,0.000000000000000000e+00,1.000000000000000000e+00
9.630690126533935080e-01,1.085442534315747831e-01,2.464066190543606483e-01,-1.096100997924804726e-01,1.114782075598149125e-01,-9.937647549630800325e-01,2.054515130401984163e-03,-1.444392395019531150e-01,2.450932192168309987e-01,2.549032836493655280e-02,-9.691643601855047807e-01,1.933338378906249932e+00,0.000000000000000000e+00,0.000000000000000000e+00,0.000000000000000000e+00,1.000000000000000000e+00
9.631678442253220895e-01,1.087233067295739763e-01,2.459409409271529068e-01,-1.096140747070312588e-01,1.115059394083813826e-01,-9.937602964691077956e-01,2.626525896655938080e-03,-1.444448242187499898e-01,2.446919069503540323e-01,2.489409037137933073e-02,-9.692812568793339745e-01,1.933349609375000000e+00,0.000000000000000000e+00,0.000000000000000000e+00,0.000000000000000000e+00,1.000000000000000000e+00
9.633032165261581348e-01,1.084154156276743719e-01,2.455463513975234824e-01,-1.096050033569336002e-01,1.115147399687755059e-01,-9.937619434392732654e-01,1.289395786712799544e-03,-1.444489440917968714e-01,2.441544097493507370e-01,2.613995841766069556e-02,-9.693839934586649942e-01,1.933317504882812621e+00,0.000000000000000000e+00,0.000000000000000000e+00,0.000000000000000000e+00,1.000000000000000000e+00
9.632241017423485152e-01,1.087177722129861884e-01,2.457229656090198500e-01,-1.096053237915039086e-01,1.114659367793951888e-01,-9.937644788943956753e-01,2.739603190638055866e-03,-1.444532012939453158e-01,2.444885984264668632e-01,2.475088872738768347e-02,-9.693362258507965956e-01,1.933302490234374948e+00,0.000000000000000000e+00,0.000000000000000000e+00,0.000000000000000000e+00,1.000000000000000000e+00
9.631079546756696752e-01,1.087434807553667587e-01,2.461664539161572962e-01,-1.096094894409179732e-01,1.114685181485472049e-01,-9.937637905311914599e-01,2.880640700440124588e-03,-1.444473266601562500e-01,2.449445592419138007e-01,2.466544186276031086e-02,-9.692232863873523341e-01,1.933291625976562456e+00,0.000000000000000000e+00,0.000000000000000000e+00,0.000000000000000000e+00,1.000000000000000000e+00
9.632897536430586882e-01,1.085792244699393533e-01,2.455267857888465965e-01,-1.096094284057617246e-01,1.114995277799192969e-01,-9.937624368329109892e-01,2.018525394882777699e-03,-1.444434967041015594e-01,2.442144668752255499e-01,2.543169584241890269e-02,-9.693877052116084414e-01,1.933324340820312459e+00,0.000000000000000000e+00,0.000000000000000000e+00,0.000000000000000000e+00,1.000000000000000000e+00
9.631243392181867424e-01,1.085074994202299692e-01,2.462064779308207052e-01,-1.096153030395507905e-01,1.115301709375975669e-01,-9.937596328048676764e-01,1.677253160548846864e-03,-1.444415893554687469e-01,2.448520536490580157e-01,2.584404722761305534e-02,-9.692159496452457113e-01,1.933328247070312589e+00,0.000000000000000000e+00,0.000000000000000000e+00,0.000000000000000000e+00,1.000000000000000000e+00
9.631899010740652134e-01,1.088800326003198093e-01,2.457851764649084947e-01,-1.096091461181640664e-01,1.114947803735021614e-01,-9.937595560307594944e-01,3.295261296589583472e-03,-1.444356231689453152e-01,2.446101560001085473e-01,2.422980186674212472e-02,-9.693187237865061867e-01,1.933311645507812537e+00,0.000000000000000000e+00,0.000000000000000000e+00,0.000000000000000000e+00,1.000000000000000000e+00
9.632460166657704770e-01,1.087263461527829544e-01,2.456332490315421557e-01,-1.096101531982421884e-01,1.115828670512534204e-01,-9.937524676308729932e-01,2.301490424359510858e-03,-1.444617004394531390e-01,2.443488800018299156e-01,2.519156068639527568e-02,-9.693601034249527126e-01,1.933345703125000092e+00,0.000000000000000000e+00,0.000000000000000000e+00,0.000000000000000000e+00,1.000000000000000000e+00
9.630848676300728384e-01,1.086752105455933565e-01,2.462868984636339409e-01,-1.096043167114257866e-01,1.114074004868589735e-01,-9.937707144408621796e-01,2.856262673315677555e-03,-1.444654388427734359e-01,2.450631119910257061e-01,2.468735977315748842e-02,-9.691927596761672481e-01,1.933330322265625068e+00,0.000000000000000000e+00,0.000000000000000000e+00,0.000000000000000000e+00,1.000000000000000000e+00
9.630084367192808248e-01,1.087325735681753669e-01,2.465602933416656817e-01,-1.096042556762695380e-01,1.115287750029589908e-01,-9.937577007726265954e-01,2.639034187401799111e-03,-1.444381713867187444e-01,2.453081391919685883e-01,2.495715529350765044e-02,-9.691238606317715831e-01,1.933268432617187615e+00,0.000000000000000000e+00,0.000000000000000000e+00,0.000000000000000000e+00,1.000000000000000000e+00
9.631188434638964235e-01,1.087207650276466875e-01,2.461338835198629560e-01,-1.096104888916015624e-01,1.114539128991326455e-01,-9.937655390677193612e-01,2.842298527172139322e-03,-1.444314880371093679e-01,2.449083883092589564e-01,2.469511314507890146e-02,-9.692316713368960279e-01,1.933277343749999932e+00,0.000000000000000000e+00,0.000000000000000000e+00,0.000000000000000000e+00,1.000000000000000000e+00
9.630923213418697282e-01,1.087186168782084544e-01,2.462385894136381037e-01,-1.096090850830078178e-01,1.114663798286433943e-01,-9.937642746399898419e-01,2.795105928489973260e-03,-1.444281463623046935e-01,2.450069932475918699e-01,2.475537907898412576e-02,-9.692052127730382827e-01,1.933307983398437457e+00,0.000000000000000000e+00,0.000000000000000000e+00,0.000000000000000000e+00,1.000000000000000000e+00
9.628713544586898765e-01,1.088264124248842363e-01,2.470537729354021772e-01,-1.096086044311523483e-01,1.114383585051025166e-01,-9.937654325203836292e-01,3.428903799081461229e-03,-1.444444427490234328e-01,2.458866548159466536e-01,2.422967367308342598e-02,-9.689957047877556517e-01,1.933303100585937573e+00,0.000000000000000000e+00,0.000000000000000000e+00,0.000000000000000000e+00,1.000000000000000000e+00
