T00,T01,T02,T03,T10,T11,T12,T13,T20,T21,T22,T23,T30,T31,T32,T33
9.805568920601059890e-01,1.698250280612472185e-01,9.832416425997295151e-02,2.037563896179199127e-02,1.577464809890660735e-01,-9.801842327455794202e-01,1.198120094670220709e-01,-5.385022735595703519e-02,1.167228733753233605e-01,-1.019722007262575253e-01,-9.879157054678562311e-01,1.906545776367187583e+00,0.000000000000000000e+00,0.000000000000000000e+00,0.000000000000000000e+00,1.000000000000000000e+00
9.806022511115140006e-01,1.698371897896581439e-01,9.784965037946352640e-02,2.037088966369628856e-02,1.577322451008381365e-01,-9.801080605125163103e-01,1.204521837653565880e-01,-5.383826065063476718e-02,1.163604914499794252e-01,-1.026816375149215560e-01,-9.878849717182534018e-01,1.906547241210937438e+00,0.000000000000000000e+00,0.000000000000000000e+00,0.000000000000000000e+00,1.000000000000000000e+00
9.805199714300746328e-01,1.697593621346644155e-01,9.880457780081280950e-02,2.038277816772460921e-02,1.576754323571188943e-01,-9.802410964309778985e-01,1.194397375197619460e-01,-5.387643432617187506e-02,1.171283213307551530e-01,-1.015339934968868818e-01,-9.879128526883397265e-01,1.906522094726562644e+00,0.000000000000000000e+00,0.000000000000000000e+00,0.000000000000000000e+00,1.000000000000000000e+00
9.806218721482727885e-01,1.698383250416523604e-01,9.765084337302441797e-02,2.036949729919433627e-02,1.577991855925204856e-01,-9.801444107580418175e-01,1.200681101962897818e-01,-5.386295318603515764e-02,1.161040950645332442e-01,-1.023321914493047630e-01,-9.879513964271869897e-01,1.906562133789062585e+00,0.000000000000000000e+00,0.000000000000000000e+00,0.000000000000000000e+00,1.000000000000000000e+00
9.805755565995102341e-01,1.697342816265182408e-01,9.829471725525516790e-02,2.037409210205078092e-02,1.577324109638237604e-01,-9.802625032840428521e-01,1.191885530864475462e-01,-5.384429168701172080e-02,1.165850090324659499e-01,-1.013691190453548108e-01,-9.879940472355430714e-01,1.906537475585937447e+00,0.000000000000000000e+00,0.000000000000000000e+00,0.000000000000000000e+00,1.000000000000000000e+00
9.806491704499356032e-01,1.697894757818251832e-01,9.746147141094385624e-02,2.037631607055664235e-02,1.578416293146979732e-01,-9.802122394196806088e-01,1.194570456153026955e-01,-5.384719848632812944e-02,1.158154763023262479e-01,-1.017619752441354802e-01,-9.880441669496751178e-01,1.906520385742187518e+00,0.000000000000000000e+00,0.000000000000000000e+00,0.000000000000000000e+00,1.000000000000000000e+00
9.806755276038141567e-01,1.696968864771819796e-01,9.735746647757133332e-02,2.037278366088867212e-02,1.577949465589172651e-01,-9.802563039376728238e-01,1.191567599044282416e-01,-5.385480117797851463e-02,1.156558014085305314e-01,-1.014916021668962193e-01,-9.880906791839234593e-01,1.906551147460937568e+00,0.000000000000000000e+00,0.000000000000000000e+00,0.000000000000000000e+00,1.000000000000000000e+00
9.805679044301336411e-01,1.699446533905496770e-01,9.800714048202001372e-02,2.037745475769043094e-02,1.577806956081655165e-01,-9.800558207737046779e-01,1.208132453871818834e-01,-5.384717941284179743e-02,1.165840336191019538e-01,-1.030019560568921355e-01,-9.878252680274757225e-01,1.906518798828125139e+00,0.000000000000000000e+00,0.000000000000000000e+00,0.000000000000000000e+00,1.000000000000000000e+00
9.806437223309648621e-01,1.697835856886067696e-01,9.752652912715312206e-02,2.037315940856933641e-02,1.577605947982707868e-01,-9.801540138702772298e-01,1.200404257859851442e-01,-5.384672927856445218e-02,1.159719129003472515e-01,-1.023310467292518344e-01,-9.879670400846024547e-01,1.906521606445312544e+00,0.000000000000000000e+00,0.000000000000000000e+00,0.000000000000000000e+00,1.000000000000000000e+00
9.806019215826367041e-01,1.699458824869537754e-01,9.766405896834098876e-02,2.038099670410156369e-02,1.578205508650201983e-01,-9.800524033016955183e-01,1.207889088750813827e-01,-5.385658645629883001e-02,1.162434734215330168e-01,-1.030324405626773659e-01,-9.878622227206566020e-01,1.906501342773437635e+00,0.000000000000000000e+00,0.000000000000000000e+00,0.000000000000000000e+00,1.000000000000000000e+00
9.805632054905658590e-01,1.698220509479561047e-01,9.826632714158060888e-02,2.037350654602050962e-02,1.577436320408398540e-01,-9.801786444617542893e-01,1.198614679189368842e-01,-5.384748077392578075e-02,1.166736756454962581e-01,-1.020308578467710864e-01,-9.879154606839705144e-01,1.906537963867187546e+00,0.000000000000000000e+00,0.000000000000000000e+00,0.000000000000000000e+00,1.000000000000000000e+00
9.806438272757761476e-01,1.697287390111225369e-01,9.762089519980846064e-02,2.038471221923828305e-02,1.577514557447912413e-01,-9.802131981619744971e-01,1.195682414333883864e-01,-5.385054779052734358e-02,1.159834567355056412e-01,-1.018540195709925350e-01,-9.880149778525196824e-01,1.906507080078124972e+00,0.000000000000000000e+00,0.000000000000000000e+00,0.000000000000000000e+00,1.000000000000000000e+00
9.806076610365023205e-01,1.698632067320101635e-01,9.775022309559644462e-02,2.037085533142089788e-02,1.577908842358570207e-01,-9.801218989931860248e-01,1.202626291333165759e-01,-5.385284423828125278e-02,1.162353301220711843e-01,-1.025063613280154245e-01,-9.879179084917449893e-01,1.906558471679687505e+00,0.000000000000000000e+00,0.000000000000000000e+00,0.000000000000000000e+00,1.000000000000000000e+00
9.806518294966098948e-01,1.697071163201058497e-01,9.757809167670138117e-02,2.036392593383789043e-02,1.577619781191586246e-01,-9.802403011172843295e-01,1.193319333851021041e-01,-5.384851074218750117e-02,1.159014562673083421e-01,-1.016289660274588974e-01,-9.880477750085302491e-01,1.906581787109375092e+00,0.000000000000000000e+00,0.000000000000000000e+00,0.000000000000000000e+00,1.000000000000000000e+00
9.806060104556840740e-01,1.698649939276315468e-01,9.776367472713415330e-02,2.037794303894042980e-02,1.577585950364844836e-01,-9.800929862973583040e-01,1.205402999118586893e-01,-5.385528564453125056e-02,1.162930692272832467e-01,-1.027794826251428317e-01,-9.878827359565539590e-01,1.906551513671875142e+00,0.000000000000000000e+00,0.000000000000000000e+00,0.000000000000000000e+00,1.000000000000000000e+00
9.806045703493996291e-01,1.699105959833174806e-01,9.769885353709775733e-02,2.037656974792480605e-02,1.578081818394585500e-01,-9.800821475545579142e-01,1.205635176550952370e-01,-5.386910629272460838e-02,1.162379213268794065e-01,-1.028074579854979798e-01,-9.878863154372402589e-01,1.906519653320312591e+00,0.000000000000000000e+00,0.000000000000000000e+00,0.000000000000000000e+00,1.000000000000000000e+00
9.805677878550320692e-01,1.698866386195616585e-01,9.810883466658751328e-02,2.037826156616210846e-02,1.578222599194085141e-01,-9.801637122438866534e-01,1.198800712137534502e-01,-5.386213684082031411e-02,1.165287419267023450e-01,-1.020667782328334577e-01,-9.879288562878147939e-01,1.906542480468750078e+00,0.000000000000000000e+00,0.000000000000000000e+00,0.000000000000000000e+00,1.000000000000000000e+00
9.805676893944453854e-01,1.699612144339708031e-01,9.798057003186233516e-02,2.037057685852050951e-02,1.578166631383141338e-01,-9.800674115806492503e-01,1.206721574908409256e-01,-5.385734939575195085e-02,1.165371500918345460e-01,-1.028642520302180674e-01,-9.878451489493366156e-01,1.906536865234375044e+00,0.000000000000000000e+00,0.000000000000000000e+00,0.000000000000000000e+00,1.000000000000000000e+00
9.806389327903486386e-01,1.696794331049293891e-01,9.775568258160677315e-02,2.037385749816894576e-02,1.577732877708797332e-01,-9.802976930595046490e-01,1.188445314189098545e-01,-5.386311340332031183e-02,1.159951428369879189e-01,-1.011203390194221896e-01,-9.880889655667772775e-01,1.906541381835937576e+00,0.000000000000000000e+00,0.000000000000000000e+00,0.000000000000000000e+00,1.000000000000000000e+00
9.806028960692112495e-01,1.698096242135565259e-01,9.789101973688144054e-02,2.036989021301269590e-02,1.577571303535317548e-01,-9.801631330641067397e-01,1.199704980592020825e-01,-5.386328506469726524e-02,1.163213137962883503e-01,-1.022004114786478762e-01,-9.879394859252768057e-01,1.906601318359375075e+00,0.000000000000000000e+00,0.000000000000000000e+00,0.000000000000000000e+00,1.000000000000000000e+00
9.806094401712506237e-01,1.698468677992091003e-01,9.776076588194554384e-02,2.037033462524414154e-02,1.577838322002323990e-01,-9.801338470693927718e-01,1.201744736837281891e-01,-5.386025238037109308e-02,1.162298935009212497e-01,-1.024191550821922925e-01,-9.879275927561768089e-01,1.906592651367187585e+00,0.000000000000000000e+00,0.000000000000000000e+00,0.000000000000000000e+00,1.000000000000000000e+00
9.806212072043547501e-01,1.698252594084712075e-01,9.768023980273290996e-02,2.036771392822265755e-02,1.577660710681316747e-01,-9.801320041028593888e-01,1.202128169249748885e-01,-5.387576293945312705e-02,1.161547020176074141e-01,-1.024726099997348566e-01,-9.879308930279704359e-01,1.906586791992187502e+00,0.000000000000000000e+00,0.000000000000000000e+00,0.000000000000000000e+00,1.000000000000000000e+00
9.805856489909614560e-01,1.699467182618354388e-01,9.782585519691286424e-02,2.037790489196777272e-02,1.577917480167563835e-01,-9.800436749685470517e-01,1.208973093660968001e-01,-5.388149261474609736e-02,1.164197116075774141e-01,-1.031140538732600864e-01,-9.878329528027656181e-01,1.906545532226562534e+00,0.000000000000000000e+00,0.000000000000000000e+00,0.000000000000000000e+00,1.000000000000000000e+00
9.806223523458174052e-01,1.698380721832004892e-01,9.764646085163293521e-02,2.037639999389648585e-02,1.577986904665643342e-01,-9.801437648148395576e-01,1.200740337526395585e-01,-5.385987472534179560e-02,1.161007121717731877e-01,-1.023387977830821638e-01,-9.879511096716885321e-01,1.906559692382812532e+00,0.000000000000000000e+00,0.000000000000000000e+00,0.000000000000000000e+00,1.000000000000000000e+00
9.806086894652241703e-01,1.699388636787803331e-01,9.760830270453661750e-02,2.037066078186035301e-02,1.578364372059248566e-01,-9.800677433042002118e-01,1.206435975290545692e-01,-5.385596084594726496e-02,1.161647848335961158e-01,-1.028980133247346662e-01,-9.878854901345535122e-01,1.906566162109375018e+00,0.000000000000000000e+00,0.000000000000000000e+00,0.000000000000000000e+00,1.000000000000000000e+00
9.806635036572699526e-01,1.696877902005618222e-01,9.749434061266433471e-02,2.038274192810058533e-02,1.577432320390576292e-01,-9.802349663280420788e-01,1.194005173093249522e-01,-5.384916305541992410e-02,1.158281716186529559e-01,-1.017126572492946662e-01,-9.880477569504257929e-01,1.906539428710937623e+00,0.000000000000000000e+00,0.000000000000000000e+00,0.000000000000000000e+00,1.000000000000000000e+00
9.805802776132563903e-01,1.699132653083999522e-01,9.793774261308432760e-02,2.038027000427245980e-02,1.577765447046426961e-01,-9.800773667540476630e-01,1.206437612042844526e-01,-5.385643768310546808e-02,1.164855402913741733e-01,-1.028486142283395605e-01,-9.878528642739956567e-01,1.906526733398437479e+00,0.000000000000000000e+00,0.000000000000000000e+00,0.000000000000000000e+00,1.000000000000000000e+00
9.805964340929137490e-01,1.698011285659559166e-01,9.797045565878380324e-02,2.038033103942871183e-02,1.577815132824073596e-01,-9.802018414172758431e-01,1.196216708982760779e-01,-5.386360168457031417e-02,1.163427157607020840e-01,-1.018426571722756968e-01,-9.879739094072853556e-01,1.906550537109374943e+00,0.000000000000000000e+00,0.000000000000000000e+00,0.000000000000000000e+00,1.000000000000000000e+00
9.805430207637290119e-01,1.698815950100712180e-01,9.836477066702031813e-02,2.037277412414550959e-02,1.577684588387543441e-01,-9.801492514708251003e-01,1.200689728315585403e-01,-5.385247421264648809e-02,1.168096649562254119e-01,-1.022139350480912035e-01,-9.878804652663190078e-01,1.906560424804687459e+00,0.000000000000000000e+00,0.000000000000000000e+00,0.000000000000000000e+00,1.000000000000000000e+00
9.806408011073803888e-01,1.698515223786064843e-01,9.743756744267116632e-02,2.036973571777343783e-02,1.578160985415108797e-01,-9.801225031276452615e-01,1.202246143846399939e-01,-5.384648513793945102e-02,1.159210862811916182e-01,-1.025199454178015446e-01,-9.879534212435927554e-01,1.906577026367187511e+00,0.000000000000000000e+00,0.000000000000000000e+00,0.000000000000000000e+00,1.000000000000000000e+00
9.806074139903863118e-01,1.698590079725723623e-01,9.775999712387893614e-02,2.037090492248535070e-02,1.577827183301082625e-01,-9.801201312723318848e-01,1.202877469697916368e-01,-5.384691619873047119e-02,1.162484985857836078e-01,-1.025302184006281203e-01,-9.879138833376474027e-01,1.906582153320312445e+00,0.000000000000000000e+00,0.000000000000000000e+00,0.000000000000000000e+00,1.000000000000000000e+00
9.805554075081969190e-01,1.700004913013280772e-01,9.803532916117987939e-02,2.037406730651855624e-02,1.577732744074342441e-01,-9.799939479055929104e-01,1.213237649892490444e-01,-5.385961151123046936e-02,1.166991289135881626e-01,-1.034973189300918417e-01,-9.877598991076185220e-01,1.906538696289062473e+00,0.000000000000000000e+00,0.000000000000000000e+00,0.000000000000000000e+00,1.000000000000000000e+00
9.806096110085760209e-01,1.698579770153566537e-01,9.773974852566168214e-02,2.037290000915527310e-02,1.578234311236599852e-01,-9.801548818223726478e-01,1.199507074932270184e-01,-5.386263656616210871e-02,1.161746761818786972e-01,-1.021991941456532188e-01,-9.879568661282811526e-01,1.906562499999999938e+00,0.000000000000000000e+00,0.000000000000000000e+00,0.000000000000000000e+00,1.000000000000000000e+00
9.806072631911639803e-01,1.697965409431021755e-01,9.786996505819740844e-02,2.037628936767578100e-02,1.577879632865680504e-01,-9.802015088535427356e-01,1.196158880881423026e-01,-5.384998703002930043e-02,1.162426514606923894e-01,-1.018535061988332102e-01,-9.879845693412383500e-01,1.906562011718750060e+00,0.000000000000000000e+00,0.000000000000000000e+00,0.000000000000000000e+00,1.000000000000000000e+00
9.805937017098959041e-01,1.698203097882996782e-01,9.796455762310155024e-02,2.037461090087890753e-02,1.577856271262171595e-01,-9.801849344292498101e-01,1.197547084264915934e-01,-5.386825561523437417e-02,1.163601651737845299e-01,-1.019733136724191164e-01,-9.879583772909649175e-01,1.906559326171874957e+00,0.000000000000000000e+00,0.000000000000000000e+00,0.000000000000000000e+00,1.000000000000000000e+00
9.805700040792876271e-01,1.698589175915453664e-01,9.813467895996055845e-02,2.037241935729980358e-02,1.578125081484113568e-01,-9.801866533069935050e-01,1.197052085364020135e-01,-5.386191558837890442e-02,1.165232996951834077e-01,-1.018924569998411744e-01,-9.879474924481980169e-01,1.906604614257812580e+00,0.000000000000000000e+00,0.000000000000000000e+00,0.000000000000000000e+00,1.000000000000000000e+00
9.805976533788081095e-01,1.697553140730796717e-01,9.803762304301781583e-02,2.037189865112304724e-02,1.577846367014078266e-01,-9.802590815170673100e-01,1.191475619738826541e-01,-5.384397506713867188e-02,1.163282021221832968e-01,-1.013669889424833048e-01,-9.880245355980563637e-01,1.906573486328124956e+00,0.000000000000000000e+00,0.000000000000000000e+00,0.000000000000000000e+00,1.000000000000000000e+00
9.806430905371282813e-01,1.698023357595784266e-01,9.750023462731237378e-02,2.036998558044433513e-02,1.577789659408248002e-01,-9.801478301056950615e-01,1.200667691151114241e-01,-5.386556625366210882e-02,1.159522612476083098e-01,-1.023591613373655423e-01,-9.879664342485919848e-01,1.906556396484375027e+00,0.000000000000000000e+00,0.000000000000000000e+00,0.000000000000000000e+00,1.000000000000000000e+00
9.806019660384576175e-01,1.698671932730142220e-01,9.780041334810668507e-02,2.037439918518066384e-02,1.578111313445706709e-01,-9.801410033745597827e-01,1.200802245486674719e-01,-5.385153579711914051e-02,1.162558859811353984e-01,-1.023169103983313927e-01,-9.879351288527408181e-01,1.906555297851562525e+00,0.000000000000000000e+00,0.000000000000000000e+00,0.000000000000000000e+00,1.000000000000000000e+00
9.806048862975466074e-01,1.698398064309684097e-01,9.781869515009532223e-02,2.037325668334960885e-02,1.577779737446195485e-01,-9.801422904763085198e-01,1.201132857801251314e-01,-5.385571670532226379e-02,1.162762571225022384e-01,-1.023500394301196242e-01,-9.879292998277938720e-01,1.906557006835937429e+00,0.000000000000000000e+00,0.000000000000000000e+00,0.000000000000000000e+00,1.000000000000000000e+00
9.805913141510775866e-01,1.698720162123907862e-01,9.789878814060944123e-02,2.037582778930664001e-02,1.577976503421895105e-01,-9.801347263374371455e-01,1.201491563595900869e-01,-5.384230422973632774e-02,1.163639813599843392e-01,-1.023690203888577566e-01,-9.879170043615397301e-01,1.906563720703124964e+00,0.000000000000000000e+00,0.000000000000000000e+00,0.000000000000000000e+00,1.000000000000000000e+00
9.806075934895311930e-01,1.698870353734701355e-01,9.770948164166891325e-02,2.036982727050781414e-02,1.577940574317130695e-01,-9.800954254049892844e-01,1.204740326354631630e-01,-5.384140014648437778e-02,1.162315922196179990e-01,-1.027197756628523695e-01,-9.878961811131096171e-01,1.906578613281250112e+00,0.000000000000000000e+00,0.000000000000000000e+00,0.000000000000000000e+00,1.000000000000000000e+00
9.805557510134098598e-01,1.698599035186879047e-01,9.827528850708147634e-02,2.037368392944335915e-02,1.577478454713884259e-01,-9.801440796286945423e-01,1.201382554307928868e-01,-5.384858322143554893e-02,1.167306146803957501e-01,-1.022995422543107741e-01,-9.878809479137128369e-01,1.906559814453125057e+00,0.000000000000000000e+00,0.000000000000000000e+00,0.000000000000000000e+00,1.000000000000000000e+00
9.805024054972965031e-01,1.699188507074153032e-01,9.870469587758244623e-02,2.037112617492675692e-02,1.577516184933729360e-01,-9.801323931960189695e-01,1.202286100334085811e-01,-5.385440063476562567e-02,1.171727770292069343e-01,-1.023136158197687356e-01,-9.878271429461474851e-01,1.906567993164062447e+00,0.000000000000000000e+00,0.000000000000000000e+00,0.000000000000000000e+00,1.000000000000000000e+00
9.806861486604518952e-01,1.698210093174552238e-01,9.703351287019573723e-02,2.037586784362793030e-02,1.578010000969426174e-01,-9.800970899662861946e-01,1.204513952099444118e-01,-5.384754562377929571e-02,1.155574411015334868e-01,-1.028130294953819579e-01,-9.879655655801204972e-01,1.906553222656250046e+00,0.000000000000000000e+00,0.000000000000000000e+00,0.000000000000000000e+00,1.000000000000000000e+00
9.806509160886064391e-01,1.698806148804658800e-01,9.728492926662360429e-02,2.038325881958007874e-02,1.577909619328181356e-01,-9.800530780234032457e-01,1.208220865122324184e-01,-5.386816787719726773e-02,1.158697247208823888e-01,-1.031336072514108526e-01,-9.878955744148359974e-01,1.906534667968750041e+00,0.000000000000000000e+00,0.000000000000000000e+00,0.000000000000000000e+00,1.000000000000000000e+00
9.804846270900564598e-01,1.699430162521718135e-01,9.883960373851607972e-02,2.037529754638671767e-02,1.577237188681062940e-01,-9.800974951831440407e-01,1.205492780656174101e-01,-5.384687042236328131e-02,1.173589559705069396e-01,-1.026073640770536755e-01,-9.877745715954988626e-01,1.906547851562500062e+00,0.000000000000000000e+00,0.000000000000000000e+00,0.000000000000000000e+00,1.000000000000000000e+00
9.805963694172616929e-01,1.698004784587310578e-01,9.797222974328698153e-02,2.036561965942382951e-02,1.577510085206713930e-01,-9.801759744867923896e-01,1.198735932120921915e-01,-5.385665893554687778e-02,1.163846192432507476e-01,-1.020923922437568659e-01,-9.879431986959323897e-01,1.906604003906249956e+00,0.000000000000000000e+00,0.000000000000000000e+00,0.000000000000000000e+00,1.000000000000000000e+00
9.805825313236925522e-01,1.699279773266177129e-01,9.788964084367714202e-02,2.037304306030273543e-02,1.577809833673224083e-01,-9.800606967211883402e-01,1.207733084336925500e-01,-5.384763717651367548e-02,1.164605536242222100e-01,-1.029830727064579288e-01,-9.878418022059384240e-01,1.906561645507812486e+00,0.000000000000000000e+00,0.000000000000000000e+00,0.000000000000000000e+00,1.000000000000000000e+00
9.805716351307615097e-01,1.698794075065996056e-01,9.808290004986121302e-02,2.037188529968261830e-02,1.577867995564084802e-01,-9.801373333797919196e-01,1.201421391556523471e-01,-5.385417556762695651e-02,1.165443875213652974e-01,-1.023317869498868299e-01,-9.878995956659323285e-01,1.906562744140624988e+00,0.000000000000000000e+00,0.000000000000000000e+00,0.000000000000000000e+00,1.000000000000000000e+00
9.806349029875073287e-01,1.698884045842877222e-01,9.743262816165691731e-02,2.037144660949707226e-02,1.577754612519560729e-01,-9.800473024451464843e-01,1.208891591364764928e-01,-5.384907913208007713e-02,1.160262507772049229e-01,-1.031756509928442034e-01,-9.878728127511092749e-01,1.906542846679687431e+00,0.000000000000000000e+00,0.000000000000000000e+00,0.000000000000000000e+00,1.000000000000000000e+00
9.806404077285953980e-01,1.698170571181516764e-01,9.750157866221989544e-02,2.037167167663574141e-02,1.577541584483518056e-01,-9.801106714206057058e-01,1.204022311242702592e-01,-5.384047317504882940e-02,1.160086902871804160e-01,-1.026900135318926655e-01,-9.879254753768996755e-01,1.906519897460937640e+00,0.000000000000000000e+00,0.000000000000000000e+00,0.000000000000000000e+00,1.000000000000000000e+00
9.806249354770661952e-01,1.697895615788914681e-01,9.770486528033178741e-02,2.037837028503418010e-02,1.577660939296827713e-01,-9.801718557152918621e-01,1.198874174791159236e-01,-5.386026382446289229e-02,1.161231911668400008e-01,-1.021500760767663080e-01,-9.879679986875793407e-01,1.906529785156249934e+00,0.000000000000000000e+00,0.000000000000000000e+00,0.000000000000000000e+00,1.000000000000000000e+00
9.806356744893137689e-01,1.698758286688658581e-01,9.744678934143913285e-02,2.037838935852050865e-02,1.578019375402124336e-01,-9.800855429213520820e-01,1.205440876406374540e-01,-5.384251785278320462e-02,1.159837162167326463e-01,-1.028325405240234358e-01,-9.879135823451016263e-01,1.906534545898437516e+00,0.000000000000000000e+00,0.000000000000000000e+00,0.000000000000000000e+00,1.000000000000000000e+00
9.806160976003046592e-01,1.699549416542666669e-01,9.750583025873285625e-02,2.037685394287109403e-02,1.578779234050981528e-01,-9.800765076815396437e-01,1.205180500674103566e-01,-5.385371780395507846e-02,1.160458117660606026e-01,-1.027879219463633392e-01,-9.879109335732165764e-01,1.906542602539062603e+00,0.000000000000000000e+00,0.000000000000000000e+00,0.000000000000000000e+00,1.000000000000000000e+00
9.806107634398529838e-01,1.698558561937310585e-01,9.773187168269871494e-02,2.037300872802734475e-02,1.577707852437267300e-01,-9.801098417640147220e-01,1.203871978280747351e-01,-5.386445999145508118e-02,1.162364398520825265e-01,-1.026337478318544577e-01,-9.879045519970545142e-01,1.906555053710937475e+00,0.000000000000000000e+00,0.000000000000000000e+00,0.000000000000000000e+00,1.000000000000000000e+00
9.806220250104296099e-01,1.698683670047560768e-01,9.759703866194771593e-02,2.036998558044433513e-02,1.578448703965329714e-01,-9.801475706421522993e-01,1.199822347424342045e-01,-5.388203048706054904e-02,1.160406866316548991e-01,-1.022520300797220144e-01,-9.879671459064969241e-01,1.906579711914062614e+00,0.000000000000000000e+00,0.000000000000000000e+00,0.000000000000000000e+00,1.000000000000000000e+00
9.805881807425397279e-01,1.698710092598628985e-01,9.793191513021656802e-02,2.038165855407714916e-02,1.577736921942644310e-01,-9.801182616103930600e-01,1.203148174964781686e-01,-5.384096908569335760e-02,1.164228578906473521e-01,-1.025282081714925936e-01,-9.878935593927705705e-01,1.906532104492187463e+00,0.000000000000000000e+00,0.000000000000000000e+00,0.000000000000000000e+00,1.000000000000000000e+00
9.807047279271887685e-01,1.697692286990566124e-01,9.693629664984403094e-02,2.037001991271972581e-02,1.578562358234306962e-01,-9.801897798963365993e-01,1.196219218974055726e-01,-5.384805297851562311e-02,1.153240886931979209e-01,-1.020117854647147188e-01,-9.880758828113278547e-01,1.906561279296875133e+00,0.000000000000000000e+00,0.000000000000000000e+00,0.000000000000000000e+00,1.000000000000000000e+00
9.805479303343135333e-01,1.697913135731506928e-01,9.847165151554178320e-02,2.037551307678222776e-02,1.577505956656662378e-01,-9.802382837479598487e-01,1.193635482129353359e-01,-5.384532928466796708e-02,1.167925763232482567e-01,-1.015077184747951583e-01,-9.879553012185419147e-01,1.906570800781250075e+00,0.000000000000000000e+00,0.000000000000000000e+00,0.000000000000000000e+00,1.000000000000000000e+00
9.806787567947048423e-01,1.697172924476920697e-01,9.728934482160514485e-02,2.037126922607421925e-02,1.578488243614516451e-01,-9.802751296496923228e-01,1.189303108462551051e-01,-5.384383773803710915e-02,1.155548554553213758e-01,-1.012754206829269699e-01,-9.881246705483048842e-01,1.906581665039062568e+00,0.000000000000000000e+00,0.000000000000000000e+00,0.000000000000000000e+00,1.000000000000000000e+00
9.806124716062486479e-01,1.698126519970040993e-01,9.778979370072007904e-02,2.036855316162109256e-02,1.577634934240802200e-01,-9.801546879102370768e-01,1.200311122593499119e-01,-5.386946487426758079e-02,1.162319262204460357e-01,-1.022763461868424623e-01,-9.879421482747633432e-01,1.906613037109375020e+00,0.000000000000000000e+00,0.000000000000000000e+00,0.000000000000000000e+00,1.000000000000000000e+00
9.805721289072742985e-01,1.698744784785702899e-01,9.808650045694379538e-02,2.037738990783691598e-02,1.577747595748094644e-01,-9.801322669028459389e-01,1.201992704511959664e-01,-5.384548187255859542e-02,1.165565324268328790e-01,-1.023884804923016756e-01,-9.878922885674886745e-01,1.906556152343749977e+00,0.000000000000000000e+00,0.000000000000000000e+00,0.000000000000000000e+00,1.000000000000000000e+00
9.805556984375023433e-01,1.700119771861053342e-01,9.801249856529985205e-02,2.037561225891113340e-02,1.578112097478402420e-01,-9.800130440582834890e-01,1.211200047619718084e-01,-5.384215927124023221e-02,1.166453785611109711e-01,-1.032974398951304745e-01,-9.877871706857945799e-01,1.906607299804687461e+00,0.000000000000000000e+00,0.000000000000000000e+00,0.000000000000000000e+00,1.000000000000000000e+00
9.806103520135796003e-01,1.699037385406159117e-01,9.765273756390832616e-02,2.037709045410156239e-02,1.578598342698268597e-01,-9.801299151422113720e-01,1.201067115844265953e-01,-5.385561370849609175e-02,1.161189487039316626e-01,-1.023624397581645862e-01,-9.879465171144892199e-01,1.906592773437500110e+00,0.000000000000000000e+00,0.000000000000000000e+00,0.000000000000000000e+00,1.000000000000000000e+00
9.806671191593661074e-01,1.698503517049007872e-01,9.717437638282779011e-02,2.037803268432617290e-02,1.578150648300367942e-01,-9.800941834328382729e-01,1.204566183894010822e-01,-5.384278869628906367e-02,1.156996400701456457e-01,-1.027922644309386957e-01,-9.879510836376461658e-01,1.906538818359374998e+00,0.000000000000000000e+00,0.000000000000000000e+00,0.000000000000000000e+00,1.000000000000000000e+00
9.805832678485483234e-01,1.699344999676741241e-01,9.787093815938949226e-02,2.037800788879394476e-02,1.577752536846435127e-01,-9.800467704403131863e-01,1.208937429078064951e-01,-5.385590744018554921e-02,1.164621146133319185e-01,-1.031047693865274062e-01,-9.878289236449510069e-01,1.906521362304687495e+00,0.000000000000000000e+00,0.000000000000000000e+00,0.000000000000000000e+00,1.000000000000000000e+00
9.805683213735953974e-01,1.698946067138298321e-01,9.808970245710034452e-02,2.038458633422851607e-02,1.578092085543663647e-01,-9.801419531438106958e-01,1.200749989917983956e-01,-5.385697937011718617e-02,1.165419272794726985e-01,-1.022622818882356205e-01,-9.879070831252285689e-01,1.906505859374999945e+00,0.000000000000000000e+00,0.000000000000000000e+00,0.000000000000000000e+00,1.000000000000000000e+00
9.805932946758513236e-01,1.697976094154139415e-01,9.800797045939506347e-02,2.038122367858886605e-02,1.577454993988677834e-01,-9.801779512325976551e-01,1.198646792715404308e-01,-5.383842849731445418e-02,1.164179876830076926e-01,-1.020781845169572988e-01,-9.879407352617670668e-01,1.906518676757812614e+00,0.000000000000000000e+00,0.000000000000000000e+00,0.000000000000000000e+00,1.000000000000000000e+00
9.805840084583206107e-01,1.699243772569131727e-01,9.788109301424145758e-02,2.038406944274902266e-02,1.577443471654490503e-01,-9.800310918828469831e-01,1.210610584798475220e-01,-5.386454391479492121e-02,1.164977394336843969e-01,-1.032703488750039145e-01,-9.878074264501539581e-01,1.906512939453125055e+00,0.000000000000000000e+00,0.000000000000000000e+00,0.000000000000000000e+00,1.000000000000000000e+00
9.805998068329440098e-01,1.697268932948359232e-01,9.806528708812750628e-02,2.036823844909668030e-02,1.577477869595317883e-01,-9.802592297898475859e-01,1.191951262476175916e-01,-5.384254455566406250e-02,1.163600212640220066e-01,-1.014131357581388865e-01,-9.880160531829116355e-01,1.906572875976562553e+00,0.000000000000000000e+00,0.000000000000000000e+00,0.000000000000000000e+00,1.000000000000000000e+00
9.805206745921168920e-01,1.699110323077556439e-01,9.853653026940266402e-02,2.037314224243164107e-02,1.577215759563087294e-01,-9.800961282567015598e-01,1.205631944420912371e-01,-5.386242675781249822e-02,1.170602886348672128e-01,-1.026733679019831424e-01,-9.878031526313253430e-01,1.906526611328124954e+00,0.000000000000000000e+00,0.000000000000000000e+00,0.000000000000000000e+00,1.000000000000000000e+00
9.805305987986063787e-01,1.698294386696229674e-01,9.857842857749087029e-02,2.037301635742187408e-02,1.577447956428777442e-01,-9.802052786697101894e-01,1.196419287525196246e-01,-5.384045791625976379e-02,1.169458176560129598e-01,-1.017623379703759406e-01,-9.879109789366498084e-01,1.906549316406250139e+00,0.000000000000000000e+00,0.000000000000000000e+00,0.000000000000000000e+00,1.000000000000000000e+00
9.806245066713487057e-01,1.699125549067065921e-01,9.749513116381575140e-02,2.037839126586914185e-02,1.577739506193615582e-01,-9.800274620892858168e-01,1.210518651520627875e-01,-5.384579467773437794e-02,1.161161376447454874e-01,-1.033242335365201492e-01,-9.878467215831397974e-01,1.906499023437500107e+00,0.000000000000000000e+00,0.000000000000000000e+00,0.000000000000000000e+00,1.000000000000000000e+00
9.805650293498135994e-01,1.698951448007985088e-01,9.812167441149531599e-02,2.037535095214843689e-02,1.577858625417623839e-01,-9.801243371153971484e-01,1.202493466762111496e-01,-5.384644699096680087e-02,1.166012212549759758e-01,-1.024300911217951027e-01,-9.878827013540774082e-01,1.906541503906250101e+00,0.000000000000000000e+00,0.000000000000000000e+00,0.000000000000000000e+00,1.000000000000000000e+00
9.805222822341764788e-01,1.697499294027891015e-01,9.879785174805495729e-02,2.037741470336914065e-02,1.577422934210012673e-01,-9.803078665793899527e-01,1.188017490984366875e-01,-5.384692382812500400e-02,1.170188997921500912e-01,-1.009031624396048710e-01,-9.879904498025887660e-01,1.906567382812500044e+00,0.000000000000000000e+00,0.000000000000000000e+00,0.000000000000000000e+00,1.000000000000000000e+00
9.806022217457887047e-01,1.697631091400985670e-01,9.797841334860546425e-02,2.037193107604980472e-02,1.578112965839976733e-01,-9.802680001881428629e-01,1.190388276051846522e-01,-5.385141754150390980e-02,1.162535047974930513e-01,-1.012676383758717019e-01,-9.880435152563235013e-01,1.906593994140625137e+00,0.000000000000000000e+00,0.000000000000000000e+00,0.000000000000000000e+00,1.000000000000000000e+00
9.805795629049015583e-01,1.698582073427059025e-01,9.804034991550580891e-02,2.037325477600097565e-02,1.578133828401786509e-01,-9.801780743008391417e-01,1.197742829510508172e-01,-5.385744857788086343e-02,1.164416463717844186e-01,-1.019761347483886110e-01,-9.879484859708055344e-01,1.906571655273437527e+00,0.000000000000000000e+00,0.000000000000000000e+00,0.000000000000000000e+00,1.000000000000000000e+00
9.805759041966142231e-01,1.699100865860152521e-01,9.798703274069257840e-02,2.037282752990722534e-02,1.577856841179389735e-01,-9.800940901066585997e-01,1.204958606153561373e-01,-5.384159088134765625e-02,1.165099738066520257e-01,-1.026943864791749483e-01,-9.878660278546071982e-01,1.906574462890624932e+00,0.000000000000000000e+00,0.000000000000000000e+00,0.000000000000000000e+00,1.000000000000000000e+00
9.805734078917195395e-01,1.699030347236472616e-01,9.802423438779807319e-02,2.037904357910156131e-02,1.578075338632243807e-01,-9.801246819596941551e-01,1.202180937688469980e-01,-5.385260391235351801e-02,1.165013905137022160e-01,-1.024137032095955441e-01,-9.878961784536218760e-01,1.906549926757812541e+00,0.000000000000000000e+00,0.000000000000000000e+00,0.000000000000000000e+00,1.000000000000000000e+00
9.806944271902745536e-01,1.698741469967528783e-01,9.685667070504304366e-02,2.037363052368163993e-02,1.578671937595742258e-01,-9.800808466209592895e-01,1.204968183033103130e-01,-5.385240554809570673e-02,1.153966620505835899e-01,-1.028800674031151857e-01,-9.879773793557796724e-01,1.906654296874999988e+00,0.000000000000000000e+00,0.000000000000000000e+00,0.000000000000000000e+00,1.000000000000000000e+00
9.806074102436792561e-01,1.698114034044102827e-01,9.784270156230183424e-02,2.037419700622558616e-02,1.577998791399318479e-01,-9.801936244908542317e-01,1.196647677928029674e-01,-5.385955429077148721e-02,1.162252344312883351e-01,-1.019045915614560927e-01,-9.879813505831400722e-01,1.906592163085937486e+00,0.000000000000000000e+00,0.000000000000000000e+00,0.000000000000000000e+00,1.000000000000000000e+00
9.806325835059978013e-01,1.696622225702683895e-01,9.784920234150748519e-02,2.037877845764160187e-02,1.577800783206827206e-01,-9.803311979542593813e-01,1.185588006125480182e-01,-5.385411071777344155e-02,1.160395753675089459e-01,-1.008239681329960308e-01,-9.881140341066131372e-01,1.906676391601562548e+00,0.000000000000000000e+00,0.000000000000000000e+00,0.000000000000000000e+00,1.000000000000000000e+00
9.807206167909277017e-01,1.697696636756504673e-01,9.677465110595392939e-02,2.037643432617187653e-02,1.579038464891264482e-01,-9.802140117634612348e-01,1.193602379627304033e-01,-5.386574935913086143e-02,1.151236164527547068e-01,-1.017779565428475197e-01,-9.881233731153218347e-01,1.906550415039062640e+00,0.000000000000000000e+00,0.000000000000000000e+00,0.000000000000000000e+00,1.000000000000000000e+00
9.806345036413514071e-01,1.698506742146768111e-01,9.750240374934132648e-02,2.037754249572754084e-02,1.578186477343926919e-01,-9.801326643763387247e-01,1.201383978993678242e-01,-5.383756637573242076e-02,1.159708786522181678e-01,-1.024241606817399425e-01,-9.879575125547016556e-01,1.906519775390625115e+00,0.000000000000000000e+00,0.000000000000000000e+00,0.000000000000000000e+00,1.000000000000000000e+00
9.806467655714695697e-01,1.699527540554694183e-01,9.720073334690738920e-02,2.037436103820800676e-02,1.578502321229139638e-01,-9.800207907652914718e-01,1.210064208482971998e-01,-5.386329650878906444e-02,1.158241140391656904e-01,-1.033213968969358826e-01,-9.878813003343610566e-01,1.906583618164062521e+00,0.000000000000000000e+00,0.000000000000000000e+00,0.000000000000000000e+00,1.000000000000000000e+00
9.805813469793929205e-01,1.698541907533020479e-01,9.802946414022781219e-02,2.038050460815429843e-02,1.578324615706951928e-01,-9.801977682465961017e-01,1.195878304800601366e-01,-5.386419296264648854e-02,1.164007561427946869e-01,-1.017933642627723290e-01,-9.879721529281340064e-01,1.906555786132812624e+00,0.000000000000000000e+00,0.000000000000000000e+00,0.000000000000000000e+00,1.000000000000000000e+00
9.806630850944272337e-01,1.699373741621163780e-01,9.706287856830399241e-02,2.037916183471679896e-02,1.578391787167469917e-01,-9.800119252057174490e-01,1.210926096696499504e-01,-5.386747741699218772e-02,1.157009386094307729e-01,-1.034307271436697290e-01,-9.878842935725967722e-01,1.906570190429687450e+00,0.000000000000000000e+00,0.000000000000000000e+00,0.000000000000000000e+00,1.000000000000000000e+00
9.806269127195627044e-01,1.697364622922613864e-01,9.777725409627191500e-02,2.036650276184082120e-02,1.577808954315877144e-01,-9.802476724544718634e-01,1.192463403396393090e-01,-5.385979843139648837e-02,1.160863776974093708e-01,-1.015087878762150758e-01,-9.880384197474286756e-01,1.906590332031250057e+00,0.000000000000000000e+00,0.000000000000000000e+00,0.000000000000000000e+00,1.000000000000000000e+00
9.805823024645664576e-01,1.699064425208428597e-01,9.792930553823908646e-02,2.037343406677246185e-02,1.577461624154811171e-01,-9.800567228896123195e-01,1.208510163882082628e-01,-5.384814453125000289e-02,1.165096405302106786e-01,-1.030563957684619419e-01,-9.878283671543025557e-01,1.906563476562500137e+00,0.000000000000000000e+00,0.000000000000000000e+00,0.000000000000000000e+00,1.000000000000000000e+00
9.805590576538165681e-01,1.698740653249792842e-01,9.821780074418305639e-02,2.036597633361816526e-02,1.577592883235585108e-01,-9.801332442497214803e-01,1.202116070276095933e-01,-5.383989715576172064e-02,1.166873660714977251e-01,-1.023798097599363660e-01,-9.878777420069833060e-01,1.906552978515624996e+00,0.000000000000000000e+00,0.000000000000000000e+00,0.000000000000000000e+00,1.000000000000000000e+00
9.805312760948362572e-01,1.698979721771615992e-01,9.845352025154203990e-02,2.037872123718261624e-02,1.577515313157265842e-01,-9.801269892482190604e-01,1.202727704626660038e-01,-5.384307098388672191e-02,1.169310521947686116e-01,-1.024000195181145462e-01,-9.878468327809298843e-01,1.906536743164062520e+00,0.000000000000000000e+00,0.000000000000000000e+00,0.000000000000000000e+00,1.000000000000000000e+00
9.805836081151881878e-01,1.698787949799218377e-01,9.796418994698617710e-02,2.036905479431152383e-02,1.577848652975359645e-01,-9.801234791716051387e-01,1.202576478216109551e-01,-5.384556579589843545e-02,1.164462269841231717e-01,-1.024654116895934025e-01,-9.878973203873187003e-01,1.906598022460937569e+00,0.000000000000000000e+00,0.000000000000000000e+00,0.000000000000000000e+00,1.000000000000000000e+00
9.804980366855012841e-01,1.699290665476844986e-01,9.873050388866871918e-02,2.036231231689453192e-02,1.577605354170005525e-01,-9.801323815036931952e-01,1.202170045910328638e-01,-5.384985733032226357e-02,1.171973272767734275e-01,-1.022967598222529612e-01,-9.878259762777296116e-01,1.906607666015625036e+00,0.000000000000000000e+00,0.000000000000000000e+00,0.000000000000000000e+00,1.000000000000000000e+00
9.805759484414224847e-01,1.698723773469840159e-01,9.805194925491508839e-02,2.036573028564453089e-02,1.577232602216513957e-01,-9.800853867732970404e-01,1.206482814568442669e-01,-5.385397720336913829e-02,1.165940930032813294e-01,-1.028397299097996292e-01,-9.878409828655732028e-01,1.906604003906249956e+00,0.000000000000000000e+00,0.000000000000000000e+00,0.000000000000000000e+00,1.000000000000000000e+00
9.806157343532307946e-01,1.698391579500062587e-01,9.771101250988745157e-02,2.037589836120605458e-02,1.577943716176224975e-01,-9.801457927013673688e-01,1.200631556124038685e-01,-5.384236526489257629e-02,1.161624630621880816e-01,-1.023175716905042748e-01,-9.879460494878679055e-01,1.906513549804687457e+00,0.000000000000000000e+00,0.000000000000000000e+00,0.000000000000000000e+00,1.000000000000000000e+00
9.805269506039157035e-01,1.698166453026348777e-01,9.863673817369482399e-02,2.037735557556152530e-02,1.577317700298540848e-01,-9.802133179526161255e-01,1.195932273649865374e-01,-5.383742904663085804e-02,1.169939650692981142e-01,-1.017062352389628277e-01,-9.879110556375411134e-01,1.906527343750000103e+00,0.000000000000000000e+00,0.000000000000000000e+00,0.000000000000000000e+00,1.000000000000000000e+00
9.806086025901228354e-01,1.698736154373956808e-01,9.772268572074177539e-02,2.037446403503417880e-02,1.577959184844398288e-01,-9.801125066244837925e-01,1.203325494948213892e-01,-5.384780502319336248e-02,1.162205516933175198e-01,-1.025788922561528538e-01,-9.879121186763535345e-01,1.906524658203125000e+00,0.000000000000000000e+00,0.000000000000000000e+00,0.000000000000000000e+00,1.000000000000000000e+00
9.805228048079541736e-01,1.698542960567542004e-01,9.861311962719609969e-02,2.037738609313964958e-02,1.577478935258677384e-01,-9.801860314810075803e-01,1.197954330417690255e-01,-5.385862731933593883e-02,1.170069713294668856e-01,-1.019061421140942253e-01,-9.878889142306070958e-01,1.906546020507812633e+00,0.000000000000000000e+00,0.000000000000000000e+00,0.000000000000000000e+00,1.000000000000000000e+00
9.806556288370443797e-01,1.698014897006086543e-01,9.737551912917027930e-02,2.036894035339355605e-02,1.578438282316348973e-01,-9.801924613490412552e-01,1.196163224802145458e-01,-5.385889434814453147e-02,1.157577795200108728e-01,-1.019322952256184328e-01,-9.880333717393526838e-01,1.906572753906250028e+00,0.000000000000000000e+00,0.000000000000000000e+00,0.000000000000000000e+00,1.000000000000000000e+00
9.806122888023598438e-01,1.697567001685469645e-01,9.788872150397770477e-02,2.036703872680663968e-02,1.578707805814331955e-01,-9.803168881288200076e-01,1.185563810515307126e-01,-5.383666992187500361e-02,1.160877068789208100e-01,-1.008040753011147650e-01,-9.881104101841458043e-01,1.906572631835937504e+00,0.000000000000000000e+00,0.000000000000000000e+00,0.000000000000000000e+00,1.000000000000000000e+00
9.805927012917805552e-01,1.699178697146631611e-01,9.780527452504607366e-02,2.037381935119628867e-02,1.577902428582046435e-01,-9.800702596801218469e-01,1.206835753086854812e-01,-5.386728286743164285e-02,1.163623368278484810e-01,-1.029087150933735151e-01,-9.878611253236930789e-01,1.906565673828125140e+00,0.000000000000000000e+00,0.000000000000000000e+00,0.000000000000000000e+00,1.000000000000000000e+00
9.806311102686169345e-01,1.699078218325601464e-01,9.743694193402918646e-02,2.036387443542480441e-02,1.577711527105879474e-01,-9.800235482416701505e-01,1.210871928164982125e-01,-5.384786605834961104e-02,1.160641587472752700e-01,-1.033691296854263031e-01,-9.878481331066863991e-01,1.906612182617187568e+00,0.000000000000000000e+00,0.000000000000000000e+00,0.000000000000000000e+00,1.000000000000000000e+00
9.805472983255871799e-01,1.699404558585561054e-01,9.822035027924731765e-02,2.037634086608886702e-02,1.578475858829728184e-01,-9.801420625840251422e-01,1.200236509378482253e-01,-5.384018325805663835e-02,1.166667706646130481e-01,-1.021850214861212414e-01,-9.879003421431593601e-01,1.906597900390625044e+00,0.000000000000000000e+00,0.000000000000000000e+00,0.000000000000000000e+00,1.000000000000000000e+00
9.805631118937927493e-01,1.699517794713371333e-01,9.804272664347721267e-02,2.037487792968750017e-02,1.578070542018490119e-01,-9.800755191338657024e-01,1.206188643563626539e-01,-5.384854125976562544e-02,1.165886668475812626e-01,-1.028025751088459394e-01,-9.878454906075615494e-01,1.906574096679687580e+00,0.000000000000000000e+00,0.000000000000000000e+00,0.000000000000000000e+00,1.000000000000000000e+00
9.805470908584561496e-01,1.698546476413919093e-01,9.837073387769802724e-02,2.037002754211425862e-02,1.577467739780748501e-01,-9.801588202441824382e-01,1.200193417622450187e-01,-5.385121154785156572e-02,1.168047854692968596e-01,-1.021669504886535962e-01,-9.878859024803019473e-01,1.906571777343750052e+00,0.000000000000000000e+00,0.000000000000000000e+00,0.000000000000000000e+00,1.000000000000000000e+00
9.805170451341171933e-01,1.699118272003898866e-01,9.857126954079904746e-02,2.036720275878906375e-02,1.577689237674250178e-01,-9.801404860416202958e-01,1.201398947700777764e-01,-5.385498428344726723e-02,1.170268810775047935e-01,-1.022477315128397790e-01,-9.878512593026089750e-01,1.906566406250000068e+00,0.000000000000000000e+00,0.000000000000000000e+00,0.000000000000000000e+00,1.000000000000000000e+00
9.806134702038299400e-01,1.698716551244353890e-01,9.767723808588879564e-02,2.037221717834472590e-02,1.577700258719464677e-01,-9.800867383157324531e-01,1.205761349272512772e-01,-5.385265731811523376e-02,1.162146332918873870e-01,-1.028280417148661474e-01,-9.878869129844357611e-01,1.906594970703125114e+00,0.000000000000000000e+00,0.000000000000000000e+00,0.000000000000000000e+00,1.000000000000000000e+00
9.805509127528366786e-01,1.700347188366815310e-01,9.802092577460337630e-02,2.038223648071289112e-02,1.578282872120516656e-01,-9.800053005197448819e-01,1.211604007459331500e-01,-5.384356689453125011e-02,1.166625014959381673e-01,-1.033334667149788944e-01,-9.877813803678296978e-01,1.906552490234375119e+00,0.000000000000000000e+00,0.000000000000000000e+00,0.000000000000000000e+00,1.000000000000000000e+00
9.806072019466857137e-01,1.698798959548848964e-01,9.772582279341350542e-02,2.038622856140136913e-02,1.577873819746643536e-01,-9.800987547311693637e-01,1.204556892138869545e-01,-5.382501602172851812e-02,1.162439571757325624e-01,-1.026998146286965535e-01,-9.878968015412125103e-01,1.906498413085937482e+00,0.000000000000000000e+00,0.000000000000000000e+00,0.000000000000000000e+00,1.000000000000000000e+00
9.805384507904392200e-01,1.698984986610836689e-01,9.838112966516926461e-02,2.037606048583984544e-02,1.577417810802255460e-01,-9.801101077163466568e-01,1.204230345651920303e-01,-5.384706878662109258e-02,1.168840323702228512e-01,-1.025606011339685181e-01,-9.878357384058927826e-01,1.906560913085937559e+00,0.000000000000000000e+00,0.000000000000000000e+00,0.000000000000000000e+00,1.000000000000000000e+00
9.806133555886541453e-01,1.698322163507637594e-01,9.774694435401817816e-02,2.036666297912597540e-02,1.578231294393764028e-01,-9.801821658281407723e-01,1.197279483095629177e-01,-5.385847473144531050e-02,1.161434744405470121e-01,-1.019800964984976660e-01,-9.879831745849904090e-01,1.906632568359375002e+00,0.000000000000000000e+00,0.000000000000000000e+00,0.000000000000000000e+00,1.000000000000000000e+00
9.805582383032943605e-01,1.699417129422461648e-01,9.810889611954390355e-02,2.037226295471191578e-02,1.578263191488576689e-01,-9.801101136562334615e-01,1.203121693457841063e-01,-5.385931015014648604e-02,1.166035774728338970e-01,-1.024889228698443872e-01,-9.878763214135241055e-01,1.906574096679687580e+00,0.000000000000000000e+00,0.000000000000000000e+00,0.000000000000000000e+00,1.000000000000000000e+00
9.806195173015426203e-01,1.699083920381850299e-01,9.755255302803853001e-02,2.037091445922851671e-02,1.578252169142561612e-01,-9.800836112579978110e-01,1.205293153114649213e-01,-5.385284805297851918e-02,1.160886006171917006e-01,-1.027971461592244867e-01,-9.879049466159492976e-01,1.906570068359375147e+00,0.000000000000000000e+00,0.000000000000000000e+00,0.000000000000000000e+00,1.000000000000000000e+00
9.805593950113328239e-01,1.699070044137380719e-01,9.815743836388299282e-02,2.036667060852050820e-02,1.577564455560857004e-01,-9.800899949513762754e-01,1.205674320939175426e-01,-5.384248352050781394e-02,1.166883744874324114e-01,-1.027385596909049514e-01,-9.878403775975749257e-01,1.906604980468749932e+00,0.000000000000000000e+00,0.000000000000000000e+00,0.000000000000000000e+00,1.000000000000000000e+00
9.806258473920035357e-01,1.698967366521758338e-01,9.750921136824276803e-02,2.037052536010742348e-02,1.577888258077200512e-01,-9.800588218348247338e-01,1.207782769953135438e-01,-5.384325790405273399e-02,1.160845979315792004e-01,-1.030524362578436326e-01,-9.878788192406935398e-01,1.906620117187500130e+00,0.000000000000000000e+00,0.000000000000000000e+00,0.000000000000000000e+00,1.000000000000000000e+00
9.806110210995542253e-01,1.698845329072643240e-01,9.767942862737387377e-02,2.036698532104492393e-02,1.577851004050182249e-01,-9.800868541973049020e-01,1.205554657400866453e-01,-5.383469009399414335e-02,1.162148329098653537e-01,-1.028056599050436865e-01,-9.878892189427013193e-01,1.906516723632812438e+00,0.000000000000000000e+00,0.000000000000000000e+00,0.000000000000000000e+00,1.000000000000000000e+00
9.806155070379451999e-01,1.698145100681318076e-01,9.775612270867940767e-02,2.037187004089355616e-02,1.577625411051242210e-01,-9.801482869973068279e-01,1.200846206651768749e-01,-5.386230850219726751e-02,1.162076072413850830e-01,-1.023345868539361075e-01,-9.879389780511074193e-01,1.906595092773437639e+00,0.000000000000000000e+00,0.000000000000000000e+00,0.000000000000000000e+00,1.000000000000000000e+00
9.805582037329030332e-01,1.699427540111835555e-01,9.810743830718003655e-02,2.036557197570800989e-02,1.578212609051097004e-01,-9.801044270111112233e-01,1.203651185333302620e-01,-5.384153366088867410e-02,1.166107143380233219e-01,-1.025415648033308480e-01,-9.878700161404132540e-01,1.906593261718749988e+00,0.000000000000000000e+00,0.000000000000000000e+00,0.000000000000000000e+00,1.000000000000000000e+00
9.806499937610830830e-01,1.698416472785252707e-01,9.736223388000607437e-02,2.036927413940429685e-02,1.578165884623262405e-01,-9.801250874902496246e-01,1.202029004572827825e-01,-5.383528518676757718e-02,1.158426266212086025e-01,-1.025115979874847566e-01,-9.879634902847127531e-01,1.906572265624999929e+00,0.000000000000000000e+00,0.000000000000000000e+00,0.000000000000000000e+00,1.000000000000000000e+00
9.807150225533087795e-01,1.697502854625405067e-01,9.686529370031911335e-02,2.038520431518554832e-02,1.578901404301483180e-01,-9.802318709909556560e-01,1.192316344286148133e-01,-5.387013244628906239e-02,1.151900520583748616e-01,-1.016381802225758968e-01,-9.881300178761052155e-01,1.906476684570312496e+00,0.000000000000000000e+00,0.000000000000000000e+00,0.000000000000000000e+00,1.000000000000000000e+00
9.805830383588491905e-01,1.698089895684562756e-01,9.809083517163050270e-02,2.036628913879394431e-02,1.577627043547173702e-01,-9.801900957879789988e-01,1.197426625469749928e-01,-5.384840011596679632e-02,1.164810456581418241e-01,-1.019425484324018305e-01,-9.879473077150893179e-01,1.906563354492187612e+00,0.000000000000000000e+00,0.000000000000000000e+00,0.000000000000000000e+00,1.000000000000000000e+00
9.806294669757010807e-01,1.698722361974230044e-01,9.751549552886405736e-02,2.036574554443359303e-02,1.578177116916260891e-01,-9.801107396353124779e-01,1.203183607266160859e-01,-5.384963989257812722e-02,1.160147334409373926e-01,-1.025980575878913115e-01,-9.879343197823530209e-01,1.906562133789062585e+00,0.000000000000000000e+00,0.000000000000000000e+00,0.000000000000000000e+00,1.000000000000000000e+00
9.806135783424686503e-01,1.699042025376168996e-01,9.761952637887628959e-02,2.037178230285644626e-02,1.577888121570122926e-01,-9.800630405811151524e-01,1.207440567687651789e-01,-5.384974288940429926e-02,1.161882125194236420e-01,-1.029999924609519557e-01,-9.878721075243420691e-01,1.906564208984375064e+00,0.000000000000000000e+00,0.000000000000000000e+00,0.000000000000000000e+00,1.000000000000000000e+00
9.806126937444893388e-01,1.698839119363236283e-01,9.766371553646624459e-02,2.037622642517089924e-02,1.577968264035137791e-01,-9.800961652113516775e-01,1.204643869157287633e-01,-5.386808395385742076e-02,1.161847943758377300e-01,-1.027178825872812756e-01,-9.879018828571134447e-01,1.906559326171874957e+00,0.000000000000000000e+00,0.000000000000000000e+00,0.000000000000000000e+00,1.000000000000000000e+00
9.806150822705127501e-01,1.698674669422468864e-01,9.766833723485141006e-02,2.037030792236328020e-02,1.577705814709559895e-01,-9.800906389906610672e-01,1.205436974096711633e-01,-5.383213424682617432e-02,1.162002755844944168e-01,-1.027977773957325369e-01,-9.878917516188628900e-01,1.906550170898437591e+00,0.000000000000000000e+00,0.000000000000000000e+00,0.000000000000000000e+00,1.000000000000000000e+00
9.805964723925614246e-01,1.698516294045533948e-01,9.788249240738976231e-02,2.037196350097656219e-02,1.577963971682502797e-01,-9.801530680170239540e-01,1.200010845681626637e-01,-5.385708236694335821e-02,1.163222049824721577e-01,-1.022271355630870182e-01,-9.879366160754353698e-01,1.906560668945312509e+00,0.000000000000000000e+00,0.000000000000000000e+00,0.000000000000000000e+00,1.000000000000000000e+00
9.805923212016054435e-01,1.699202918913587934e-01,9.780487719946809322e-02,2.036884498596191334e-02,1.578569199155993308e-01,-9.801265255095648055e-01,1.201381988682561769e-01,-5.384740447998046659e-02,1.162750722864004937e-01,-1.023674186257719360e-01,-9.879276386298181389e-01,1.906576538085937633e+00,0.000000000000000000e+00,0.000000000000000000e+00,0.000000000000000000e+00,1.000000000000000000e+00
9.805733957703779424e-01,1.699232751397752872e-01,9.798926509124322726e-02,2.037937545776367237e-02,1.578318791583860348e-01,-9.801212722570848968e-01,1.202139325972081396e-01,-5.384759521484375200e-02,1.164685083131158649e-01,-1.024127542590555495e-01,-9.879001540319709562e-01,1.906522705078125046e+00,0.000000000000000000e+00,0.000000000000000000e+00,0.000000000000000000e+00,1.000000000000000000e+00
9.805997174820244577e-01,1.698151667302231771e-01,9.791324334614173730e-02,2.036811828613281292e-02,1.577884284130028902e-01,-9.801872310707218094e-01,1.197322174891384539e-01,-5.385707855224609181e-02,1.163056573565058316e-01,-1.019598018549378315e-01,-9.879661901464913409e-01,1.906581176757812468e+00,0.000000000000000000e+00,0.000000000000000000e+00,0.000000000000000000e+00,1.000000000000000000e+00
9.805424566037262979e-01,1.698357609039617688e-01,9.844950541115987663e-02,2.036637115478515808e-02,1.578110122379248470e-01,-9.802426761765999919e-01,1.192475585434717850e-01,-5.384763336181640908e-02,1.167569064936682943e-01,-1.013908778949542816e-01,-9.879715151084668134e-01,1.906594482421875014e+00,0.000000000000000000e+00,0.000000000000000000e+00,0.000000000000000000e+00,1.000000000000000000e+00
9.805756628976294298e-01,1.700421643348803968e-01,9.776007201912459421e-02,2.036810493469238398e-02,1.578335646695618877e-01,-9.799735363307462421e-01,1.214101888438991750e-01,-5.387009048461913890e-02,1.164471347718530891e-01,-1.036220557590012692e-01,-9.877765609507571654e-01,1.906551269531250092e+00,0.000000000000000000e+00,0.000000000000000000e+00,0.000000000000000000e+00,1.000000000000000000e+00
9.805278656121730885e-01,1.698714509109386372e-01,9.853321736069105274e-02,2.037658309936523499e-02,1.578002250186955613e-01,-9.802054061536692453e-01,1.195677662715559503e-01,-5.384976196289062433e-02,1.168939422813931456e-01,-1.016909627869308358e-01,-9.879244679353688108e-01,1.906552490234375119e+00,0.000000000000000000e+00,0.000000000000000000e+00,0.000000000000000000e+00,1.000000000000000000e+00
9.805759273709203638e-01,1.699312627934696507e-01,9.795007190439752875e-02,2.037251663208007949e-02,1.577880222179715575e-01,-9.800700614374758812e-01,1.206880885526139674e-01,-5.382791519165039396e-02,1.165066122810238247e-01,-1.028884862332001965e-01,-9.878462272517115617e-01,1.906541992187499979e+00,0.000000000000000000e+00,0.000000000000000000e+00,0.000000000000000000e+00,1.000000000000000000e+00
9.806370109818867142e-01,1.699498989467340404e-01,9.730408285630201548e-02,2.037438774108886810e-02,1.578546812791132570e-01,-9.800391129739280949e-01,1.208521271618591547e-01,-5.383773040771484830e-02,1.159006138498876182e-01,-1.031521637643704609e-01,-9.878900135237465019e-01,1.906579101562499989e+00,0.000000000000000000e+00,0.000000000000000000e+00,0.000000000000000000e+00,1.000000000000000000e+00
9.805754304586732362e-01,1.700666693448248945e-01,9.771976851561477162e-02,2.037602424621582156e-02,1.578969200482912005e-01,-9.799997095610449849e-01,1.211161917314566711e-01,-5.384912872314453341e-02,1.163631720951730925e-01,-1.033339113661407987e-01,-9.878166403446154709e-01,1.906499633789062509e+00,0.000000000000000000e+00,0.000000000000000000e+00,0.000000000000000000e+00,1.000000000000000000e+00
9.805864807010840067e-01,1.699032032424915573e-01,9.789308144196467998e-02,2.036476898193359530e-02,1.578911710521486989e-01,-9.801838227456938224e-01,1.196246284484059619e-01,-5.384264373779296814e-02,1.162778223482175410e-01,-1.018458401486220244e-01,-9.879812209118032929e-01,1.906597778320312520e+00,0.000000000000000000e+00,0.000000000000000000e+00,0.000000000000000000e+00,1.000000000000000000e+00
9.805961050393000589e-01,1.698754536898949563e-01,9.784482109650259607e-02,2.037270927429199116e-02,1.578159619966467975e-01,-9.801414441365897678e-01,1.200702778580675922e-01,-5.386166000366211098e-02,1.162987571766232880e-01,-1.022989722308732252e-01,-9.879319406516221536e-01,1.906596801757812543e+00,0.000000000000000000e+00,0.000000000000000000e+00,0.000000000000000000e+00,1.000000000000000000e+00
9.806103650123190185e-01,1.699320391130197672e-01,9.760335093273062035e-02,2.036903953552246169e-02,1.578053395462973574e-01,-9.800467772932968114e-01,1.208544129426016162e-01,-5.385106277465820379e-02,1.161928863617925634e-01,-1.031087600541981258e-01,-9.878602111427514654e-01,1.906540893554687477e+00,0.000000000000000000e+00,0.000000000000000000e+00,0.000000000000000000e+00,1.000000000000000000e+00
9.805834001230712138e-01,1.699974914240295620e-01,9.776015708157376194e-02,2.036968612670898501e-02,1.578224213492606942e-01,-9.800105154808790298e-01,1.211258554824622691e-01,-5.385365676879882990e-02,1.163970735136129198e-01,-1.033452585097105469e-01,-9.878114591464445260e-01,1.906625000000000014e+00,0.000000000000000000e+00,0.000000000000000000e+00,0.000000000000000000e+00,1.000000000000000000e+00
9.805574688872297218e-01,1.698823735930718448e-01,9.821929215716090900e-02,2.036942100524902557e-02,1.577926604761150098e-01,-9.801540414213919528e-01,1.199980474223720089e-01,-5.383816528320312794e-02,1.166555892760362534e-01,-1.021666982323316125e-01,-9.879035576729969792e-01,1.906558349609374980e+00,0.000000000000000000e+00,0.000000000000000000e+00,0.000000000000000000e+00,1.000000000000000000e+00
9.806369343728417176e-01,1.700197903285798617e-01,9.718268282189496121e-02,2.037034606933593728e-02,1.579103876282213770e-01,-9.800019083880894266e-01,1.210808367777831823e-01,-5.386069107055663913e-02,1.158253531094991240e-01,-1.033901854739077836e-01,-9.878739581164851513e-01,1.906544921875000131e+00,0.000000000000000000e+00,0.000000000000000000e+00,0.000000000000000000e+00,1.000000000000000000e+00
9.806246730026579872e-01,1.698663525244913097e-01,9.757393595861356406e-02,2.037429046630859567e-02,1.578152776440361615e-01,-9.801210676626106455e-01,1.202373937926144443e-01,-5.385194396972656228e-02,1.160585578084018382e-01,-1.025090971764443248e-01,-9.879384070656958006e-01,1.906616210937500000e+00,0.000000000000000000e+00,0.000000000000000000e+00,0.000000000000000000e+00,1.000000000000000000e+00
9.806071820866922861e-01,1.698910709690006904e-01,9.770659366185659167e-02,2.037289619445800670e-02,1.578144160112688321e-01,-9.801088820635369681e-01,1.203378136712904833e-01,-5.386629104614257951e-02,1.162074203268421008e-01,-1.025846153434813168e-01,-9.879130691289649269e-01,1.906544799804687607e+00,0.000000000000000000e+00,0.000000000000000000e+00,0.000000000000000000e+00,1.000000000000000000e+00
9.805809565042925557e-01,1.699051878115196978e-01,9.794495850149470551e-02,2.036759948730468631e-02,1.578733464619015425e-01,-9.801716964492158679e-01,1.197474507318920384e-01,-5.385197448730468656e-02,1.163485892396109167e-01,-1.019591714099262608e-01,-9.879612002236494162e-01,1.906551513671875142e+00,0.000000000000000000e+00,0.000000000000000000e+00,0.000000000000000000e+00,1.000000000000000000e+00
9.806313708890519454e-01,1.698858713871505000e-01,9.747258656303116331e-02,2.037025833129882738e-02,1.578618640320706423e-01,-9.801308715087522216e-01,1.200962389078619463e-01,-5.385727691650391002e-02,1.159385454134175403e-01,-1.023829351919682829e-01,-9.879655805081970499e-01,1.906554321289062548e+00,0.000000000000000000e+00,0.000000000000000000e+00,0.000000000000000000e+00,1.000000000000000000e+00
9.805711329231007189e-01,1.698777377857380588e-01,9.809081242759992714e-02,2.037003135681152502e-02,1.577428556580557917e-01,-9.801012833277723546e-01,1.204934268252643020e-01,-5.385612106323242609e-02,1.166080819100817623e-01,-1.026792511856878393e-01,-9.878560252431515254e-01,1.906554687500000123e+00,0.000000000000000000e+00,0.000000000000000000e+00,0.000000000000000000e+00,1.000000000000000000e+00
9.806082890746151692e-01,1.698954257206407026e-01,9.768790978088523480e-02,2.036863708496093953e-02,1.578745701983715333e-01,-9.801553353167985483e-01,1.198796844118878852e-01,-5.384841537475586193e-02,1.161163359860944710e-01,-1.021325754557116244e-01,-9.879706137066771587e-01,1.906603149414062504e+00,0.000000000000000000e+00,0.000000000000000000e+00,0.000000000000000000e+00,1.000000000000000000e+00
9.805946688819908719e-01,1.697749018163406953e-01,9.803355585446373033e-02,2.036411666870117237e-02,1.577907535476423817e-01,-9.802437604030707075e-01,1.192654530269119106e-01,-5.385653305053710732e-02,1.163450620141893571e-01,-1.014822787687546246e-01,-9.880107153471642256e-01,1.906640625000000089e+00,0.000000000000000000e+00,0.000000000000000000e+00,0.000000000000000000e+00,1.000000000000000000e+00
9.806718327455185014e-01,1.698081637040166902e-01,9.720053497289107836e-02,2.036135482788085926e-02,1.578196155623660113e-01,-9.801452445350872233e-01,1.200344473849132287e-01,-5.384208297729492498e-02,1.156534712116041308e-01,-1.023742504476803650e-01,-9.879998924301472973e-01,1.906609130859375112e+00,0.000000000000000000e+00,0.000000000000000000e+00,0.000000000000000000e+00,1.000000000000000000e+00
9.806105606712247624e-01,1.698043794110672133e-01,9.782331538487615274e-02,2.037522888183593631e-02,1.578299855525050199e-01,-9.802252012553165361e-01,1.193660357240304837e-01,-5.387140655517578397e-02,1.161577546294808028e-01,-1.016121427625498175e-01,-9.880194069362406850e-01,1.906526367187500126e+00,0.000000000000000000e+00,0.000000000000000000e+00,0.000000000000000000e+00,1.000000000000000000e+00
9.806124830680438276e-01,1.698197241842548111e-01,9.777739682109073960e-02,2.036899566650390500e-02,1.577782559795383455e-01,-9.801589840978119916e-01,1.199766136895033530e-01,-5.384224319458007918e-02,1.162117893812012748e-01,-1.022234179155084022e-01,-9.879499951103245525e-01,1.906555053710937475e+00,0.000000000000000000e+00,0.000000000000000000e+00,0.000000000000000000e+00,1.000000000000000000e+00
9.805671150546301229e-01,1.698830682952826854e-01,9.812174060839173872e-02,2.036819267272949388e-02,1.577702073445032827e-01,-9.801231384434164751e-01,1.202796539831253175e-01,-5.383652114868164168e-02,1.166048650267759723e-01,-1.024615859452127908e-01,-9.878790051710176767e-01,1.906550048828125066e+00,0.000000000000000000e+00,0.000000000000000000e+00,0.000000000000000000e+00,1.000000000000000000e+00
9.805814428867666299e-01,1.699541936848323886e-01,9.785502498617927591e-02,2.037611770629882760e-02,1.577889917060854574e-01,-9.800365989603537775e-01,1.209582522798676590e-01,-5.385473632812499967e-02,1.164588681143870069e-01,-1.031689718237111114e-01,-9.878226031481333047e-01,1.906558959960937605e+00,0.000000000000000000e+00,0.000000000000000000e+00,0.000000000000000000e+00,1.000000000000000000e+00
9.805895832868556372e-01,1.698571045322806172e-01,9.794198889761708549e-02,2.037228775024414046e-02,1.577754890642852625e-01,-9.801353992759520573e-01,1.201727678665003018e-01,-5.386382293701171692e-02,1.164086087874804248e-01,-1.023873191663892124e-01,-9.879098504793255575e-01,1.906527832031249980e+00,0.000000000000000000e+00,0.000000000000000000e+00,0.000000000000000000e+00,1.000000000000000000e+00
9.806102882138214571e-01,1.697727438358584418e-01,9.788093838766726007e-02,2.038624763488769420e-02,1.577965310662056697e-01,-9.802348237805207365e-01,1.193312408024145704e-01,-5.385841751098632835e-02,1.162054965682704777e-01,-1.015721699010897622e-01,-9.880179031115308153e-01,1.906510009765625124e+00,0.000000000000000000e+00,0.000000000000000000e+00,0.000000000000000000e+00,1.000000000000000000e+00
9.805614291792759118e-01,1.699103294578899470e-01,9.813135864445998724e-02,2.037697601318359461e-02,1.578116814008390378e-01,-9.801322791053206362e-01,1.201506915055018387e-01,-5.385278701782226368e-02,1.165965557781892814e-01,-1.023288590736821657e-01,-9.878937431633740829e-01,1.906577148437500036e+00,0.000000000000000000e+00,0.000000000000000000e+00,0.000000000000000000e+00,1.000000000000000000e+00
9.805939379361607866e-01,1.698913812801513545e-01,9.783888516114455647e-02,2.038052749633788990e-02,1.578530281403907609e-01,-9.801568290992941357e-01,1.198958376130148107e-01,-5.384217071533203142e-02,1.162667209039732197e-01,-1.021249672545340159e-01,-9.879537138315228617e-01,1.906567016601562470e+00,0.000000000000000000e+00,0.000000000000000000e+00,0.000000000000000000e+00,1.000000000000000000e+00
9.805236942527146837e-01,1.698515059266268168e-01,9.860908144519842100e-02,2.037503051757812503e-02,1.577651397100207908e-01,-9.802034892066098237e-01,1.196297640199337764e-01,-5.384656143188476518e-02,1.169762612724750128e-01,-1.017427426485274233e-01,-9.879093929187376943e-01,1.906599365234375121e+00,0.000000000000000000e+00,0.000000000000000000e+00,0.000000000000000000e+00,1.000000000000000000e+00
9.805974403038804077e-01,1.698526048697433233e-01,9.787110241762313201e-02,2.037578582763672000e-02,1.577687494168321936e-01,-9.801265010569675251e-01,1.202541626442733269e-01,-5.385471725463867460e-02,1.163515439387326628e-01,-1.024799226423858123e-01,-9.879069711659513864e-01,1.906536376953124945e+00,0.000000000000000000e+00,0.000000000000000000e+00,0.000000000000000000e+00,1.000000000000000000e+00
9.806227384684335080e-01,1.699614685322923258e-01,9.742763475019436403e-02,2.037372970581054557e-02,1.578560345272508325e-01,-9.800417112775442474e-01,1.208292866796551596e-01,-5.385862350463867243e-02,1.160194688920875294e-01,-1.031084059159557836e-01,-9.878806301712109716e-01,1.906549560546874966e+00,0.000000000000000000e+00,0.000000000000000000e+00,0.000000000000000000e+00,1.000000000000000000e+00
9.805796110066420379e-01,1.700520418302821912e-01,9.770327296162804875e-02,2.037284660339355388e-02,1.578963486963261553e-01,-9.800127275726859821e-01,1.210115567370006195e-01,-5.384994506835937694e-02,1.163287133360917797e-01,-1.032344751761547219e-01,-9.878310956781393148e-01,1.906520141601562468e+00,0.000000000000000000e+00,0.000000000000000000e+00,0.000000000000000000e+00,1.000000000000000000e+00
9.805551698276565586e-01,1.699192924340383049e-01,9.817837329560619164e-02,2.037108802795410331e-02,1.577843624488654006e-01,-9.801040364622511936e-01,1.204166627880354501e-01,-5.384440994262695152e-02,1.166861340985324846e-01,-1.025841691934878119e-01,-9.878566871464814492e-01,1.906560791015625034e+00,0.000000000000000000e+00,0.000000000000000000e+00,0.000000000000000000e+00,1.000000000000000000e+00
9.806488536532074196e-01,1.699761151599046838e-01,9.713879813852675793e-02,2.036614227294921906e-02,1.578346636637761313e-01,-9.799754107329572417e-01,1.213936295895092360e-01,-5.386283111572266052e-02,1.158276511666937875e-01,-1.037126541648564632e-01,-9.878398861107442475e-01,1.906568359375000021e+00,0.000000000000000000e+00,0.000000000000000000e+00,0.000000000000000000e+00,1.000000000000000000e+00
9.805695116075857642e-01,1.698777546806305161e-01,9.810698940609981211e-02,2.036547279357910079e-02,1.577821686535871570e-01,-9.801375754008924135e-01,1.201462464758318166e-01,-5.384623336791992398e-02,1.165685213109956125e-01,-1.023322126797220760e-01,-9.878967041586080855e-01,1.906602539062500101e+00,0.000000000000000000e+00,0.000000000000000000e+00,0.000000000000000000e+00,1.000000000000000000e+00
9.805749623119609515e-01,1.699875287471987739e-01,9.786206291161518578e-02,2.037355995178222537e-02,1.578518309975965039e-01,-9.800581250110965703e-01,1.207015784919172469e-01,-5.386135101318359486e-02,1.164282729306025804e-01,-1.029092399649054884e-01,-9.878533016557887736e-01,1.906575439453125131e+00,0.000000000000000000e+00,0.000000000000000000e+00,0.000000000000000000e+00,1.000000000000000000e+00
9.805870186987775128e-01,1.698841434798428196e-01,9.792076671249984321e-02,2.037279129028320493e-02,1.578090030749136896e-01,-9.801344669703986323e-01,1.201363608786055193e-01,-5.383738327026367509e-02,1.163847812557359668e-01,-1.023513773760414136e-01,-9.879163822112080329e-01,1.906531127929687486e+00,0.000000000000000000e+00,0.000000000000000000e+00,0.000000000000000000e+00,1.000000000000000000e+00
9.805787887062868968e-01,1.699043456333564628e-01,9.796811968294782957e-02,2.036570549011230621e-02,1.578082067984058201e-01,-9.801178582439715736e-01,1.202728307570829630e-01,-5.384191131591797158e-02,1.164551802470935038e-01,-1.024768134074790366e-01,-9.878950823379302193e-01,1.906590087890625007e+00,0.000000000000000000e+00,0.000000000000000000e+00,0.000000000000000000e+00,1.000000000000000000e+00
9.806305286633483220e-01,1.698422220006185202e-01,9.755709035910416216e-02,2.036940383911133023e-02,1.578190233123691055e-01,-9.801477209109663580e-01,1.200150035360925821e-01,-5.386335754394531300e-02,1.160039746481632134e-01,-1.022940116474617273e-01,-9.879671113184371745e-01,1.906583129882812644e+00,0.000000000000000000e+00,0.000000000000000000e+00,0.000000000000000000e+00,1.000000000000000000e+00
9.806404164501324461e-01,1.700014804649259692e-01,9.717957740309647596e-02,2.037075996398925865e-02,1.578317727158124462e-01,-9.799505545046957034e-01,1.215978710641098526e-01,-5.385028076171875094e-02,1.159029988649782211e-01,-1.039057619464539561e-01,-9.878107548961146955e-01,1.906583496093749996e+00,0.000000000000000000e+00,0.000000000000000000e+00,0.000000000000000000e+00,1.000000000000000000e+00
9.805914145860756825e-01,1.697694852647013697e-01,9.807547865311359858e-02,2.036358070373535042e-02,1.577965430377071265e-01,-9.802588391679396551e-01,1.191337871406457638e-01,-5.384554672241211037e-02,1.163646365758431028e-01,-1.013455973690124967e-01,-9.880224396482550908e-01,1.906561035156250083e+00,0.000000000000000000e+00,0.000000000000000000e+00,0.000000000000000000e+00,1.000000000000000000e+00
9.805821954137621255e-01,1.698732775158188490e-01,9.798789529100000728e-02,2.036681938171386666e-02,1.578168624560064293e-01,-9.801598758311107495e-01,1.199185379133824725e-01,-5.386711883544922225e-02,1.164147583516297185e-01,-1.021258409844197357e-01,-9.879361905716161907e-01,1.906622680664062486e+00,0.000000000000000000e+00,0.000000000000000000e+00,0.000000000000000000e+00,1.000000000000000000e+00
9.805849038467600032e-01,1.698707187539274244e-01,9.796522473747705517e-02,2.036383056640625119e-02,1.578097913806895958e-01,-9.801538931522586484e-01,1.199767289221275735e-01,-5.383005142211914201e-02,1.164015295957210178e-01,-1.021874975155696308e-01,-9.879313737599801915e-01,1.906582397460937495e+00,0.000000000000000000e+00,0.000000000000000000e+00,0.000000000000000000e+00,1.000000000000000000e+00
9.806173434789789978e-01,1.696765299945494354e-01,9.797704239891404099e-02,2.036410522460937664e-02,1.578065110684400973e-01,-9.803528145285648199e-01,1.183446834899117700e-01,-5.387116241455078280e-02,1.161323845128314075e-01,-1.005894339129606158e-01,-9.881270338637809791e-01,1.906599487304687646e+00,0.000000000000000000e+00,0.000000000000000000e+00,0.000000000000000000e+00,1.000000000000000000e+00
9.805831052014521987e-01,1.699840624722765425e-01,9.778646275890645612e-02,2.036788368225097776e-02,1.578583369485049293e-01,-9.800592712364546433e-01,1.206837616223560145e-01,-5.383527755737305132e-02,1.163508455032884747e-01,-1.029040493318438138e-01,-9.878629648801393603e-01,1.906587158203125076e+00,0.000000000000000000e+00,0.000000000000000000e+00,0.000000000000000000e+00,1.000000000000000000e+00
9.805599671458531397e-01,1.697700012784268131e-01,9.838850286922060095e-02,2.037387847900390750e-02,1.578391523913204308e-01,-9.803281578606315438e-01,1.185052947254702088e-01,-5.385151290893554904e-02,1.165716638094918822e-01,-1.006719900046879196e-01,-9.880668993672356848e-01,1.906557861328125103e+00,0.000000000000000000e+00,0.000000000000000000e+00,0.000000000000000000e+00,1.000000000000000000e+00
9.805986874539408538e-01,1.698570254961653814e-01,9.785093281723683534e-02,2.037076950073242118e-02,1.578098685783825839e-01,-9.801559049770883769e-01,1.199601905542768410e-01,-5.385323715209960893e-02,1.162852507538337243e-01,-1.021909625560882273e-01,-9.879447087914273729e-01,1.906566528320312592e+00,0.000000000000000000e+00,0.000000000000000000e+00,0.000000000000000000e+00,1.000000000000000000e+00
9.806480270771605889e-01,1.698106564486244752e-01,9.743607107308979720e-02,2.036785697937011641e-02,1.578254678246076570e-01,-9.801732512047173218e-01,1.197978268948072800e-01,-5.385415267944335810e-02,1.158471781944502288e-01,-1.021016090924218300e-01,-9.880054112833197566e-01,1.906571533203125002e+00,0.000000000000000000e+00,0.000000000000000000e+00,0.000000000000000000e+00,1.000000000000000000e+00
9.805706796082048760e-01,1.698192840130316461e-01,9.819650233081046731e-02,2.036964225769043180e-02,1.578109111758335126e-01,-9.802327956197943726e-01,1.193288846225244726e-01,-5.385943222045898315e-02,1.165197777484867497e-01,-1.015139259840928121e-01,-9.879868745204763991e-01,1.906568725585937596e+00,0.000000000000000000e+00,0.000000000000000000e+00,0.000000000000000000e+00,1.000000000000000000e+00
9.806123489637040835e-01,1.699294576019725056e-01,9.758791164374061577e-02,2.036894416809082245e-02,1.578392973874385985e-01,-9.800778945932723252e-01,1.205573586715414092e-01,-5.386877441406250078e-02,1.161300015505330463e-01,-1.028168272644045256e-01,-9.878980325778340399e-01,1.906529418945312582e+00,0.000000000000000000e+00,0.000000000000000000e+00,0.000000000000000000e+00,1.000000000000000000e+00
9.805347284865442159e-01,1.698059115326219504e-01,9.857788109101625618e-02,2.037188339233398510e-02,1.577111641157476207e-01,-9.802002022633591327e-01,1.197278254881695841e-01,-5.384483337402343889e-02,1.169565515269448130e-01,-1.018504584743987890e-01,-9.879006271703039133e-01,1.906522216796874947e+00,0.000000000000000000e+00,0.000000000000000000e+00,0.000000000000000000e+00,1.000000000000000000e+00
9.806243696205407812e-01,1.698795444864084625e-01,9.755401617262068892e-02,2.036917686462402441e-02,1.578140204278007941e-01,-9.801040199158015387e-01,1.203779261380602400e-01,-5.384081649780273621e-02,1.160628306682688071e-01,-1.026501364342833483e-01,-9.879232605963339520e-01,1.906562377929687635e+00,0.000000000000000000e+00,0.000000000000000000e+00,0.000000000000000000e+00,1.000000000000000000e+00
9.805378677881555483e-01,1.699508022545960784e-01,9.829656477454905283e-02,2.037169837951660276e-02,1.577620304777881399e-01,-9.800643948428358065e-01,1.207680574525879513e-01,-5.386444854736328197e-02,1.168615915216944939e-01,-1.029101879036537492e-01,-9.878020356592971396e-01,1.906546875000000085e+00,0.000000000000000000e+00,0.000000000000000000e+00,0.000000000000000000e+00,1.000000000000000000e+00
9.806066751866194808e-01,1.698677092691487645e-01,9.775228860285425925e-02,2.036424827575683549e-02,1.577957145344967838e-01,-9.801216888602514166e-01,1.202580038927822947e-01,-5.386117553710937506e-02,1.162370898379315176e-01,-1.025009091344110668e-01,-9.879182671520089221e-01,1.906604980468749932e+00,0.000000000000000000e+00,0.000000000000000000e+00,0.000000000000000000e+00,1.000000000000000000e+00
9.806093446188240970e-01,1.698899380107104506e-01,9.768685791321980727e-02,2.036302375793457020e-02,1.578197793751632827e-01,-9.801126607879543373e-01,1.202999975109382003e-01,-5.384224700927734558e-02,1.161818853531625811e-01,-1.025503833531299924e-01,-9.879196264827979634e-01,1.906598144531250094e+00,0.000000000000000000e+00,0.000000000000000000e+00,0.000000000000000000e+00,1.000000000000000000e+00
9.806155432347127832e-01,1.696995360764379512e-01,9.795521334738126196e-02,2.035631561279296897e-02,1.578312051073473832e-01,-9.803482974533905825e-01,1.183491714149312174e-01,-5.385677719116210849e-02,1.161140261159335357e-01,-1.005946476492664138e-01,-9.881286605515844368e-01,1.906642578125000043e+00,0.000000000000000000e+00,0.000000000000000000e+00,0.000000000000000000e+00,1.000000000000000000e+00
9.806472174639824235e-01,1.699066487190830088e-01,9.727674748468380372e-02,2.036389160156249975e-02,1.578770998052982377e-01,-9.801013947270564852e-01,1.203165716397635865e-01,-5.383950424194335754e-02,1.157836613569319800e-01,-1.026303404219658377e-01,-9.879580745090628113e-01,1.906588256835937578e+00,0.000000000000000000e+00,0.000000000000000000e+00,0.000000000000000000e+00,1.000000000000000000e+00
9.806117456407903443e-01,1.699852513756743566e-01,9.749676213121512280e-02,2.036396789550781392e-02,1.578574797452126088e-01,-9.800256154505737616e-01,1.209578817159657899e-01,-5.384710693359374967e-02,1.161103802414398395e-01,-1.032221263851533372e-01,-9.878580729156976048e-01,1.906598999023437546e+00,0.000000000000000000e+00,0.000000000000000000e+00,0.000000000000000000e+00,1.000000000000000000e+00
9.805765927602806409e-01,1.698796112307815187e-01,9.803297107972221147e-02,2.035957527160644695e-02,1.578355023808794833e-01,-9.801744744294770273e-01,1.197745960756049777e-01,-5.386170578002930087e-02,1.164366777214744658e-01,-1.019750820787974077e-01,-9.879491802295340408e-01,1.906594360351562489e+00,0.000000000000000000e+00,0.000000000000000000e+00,0.000000000000000000e+00,1.000000000000000000e+00
9.806384211027484588e-01,1.698346327104960085e-01,9.749094619091050462e-02,2.036213493347167891e-02,1.578429425353236881e-01,-9.801695806688689450e-01,1.198048355585199648e-01,-5.386440658569335849e-02,1.159046700909786287e-01,-1.020969669652552342e-01,-9.879991481714934798e-01,1.906593505859375037e+00,0.000000000000000000e+00,0.000000000000000000e+00,0.000000000000000000e+00,1.000000000000000000e+00
9.805735320976614044e-01,1.698466834893724575e-01,9.812060057489180309e-02,2.036591720581054643e-02,1.577500405327871003e-01,-9.801430986763854936e-01,1.201433761343395079e-01,-5.383759307861328558e-02,1.165781834710961640e-01,-1.023308859763965850e-01,-9.878957014350580046e-01,1.906568481445312546e+00,0.000000000000000000e+00,0.000000000000000000e+00,0.000000000000000000e+00,1.000000000000000000e+00
9.805977910268045550e-01,1.698646252175601834e-01,9.784672367048988240e-02,2.036604309082031342e-02,1.578524241622619728e-01,-9.801849151703622143e-01,1.196668051657071435e-01,-5.386242294311523876e-02,1.162350395511126400e-01,-1.018996622770056287e-01,-9.879807054838588565e-01,1.906629638671875071e+00,0.000000000000000000e+00,0.000000000000000000e+00,0.000000000000000000e+00,1.000000000000000000e+00
9.805171516205377635e-01,1.700380616015741975e-01,9.835229018546953750e-02,2.036548423767089999e-02,1.577599204504044339e-01,-9.799775716435861206e-01,1.214733163086533507e-01,-5.385755538940429493e-02,1.170381257429800592e-01,-1.035906206290866105e-01,-9.877100082717857887e-01,1.906526367187500126e+00,0.000000000000000000e+00,0.000000000000000000e+00,0.000000000000000000e+00,1.000000000000000000e+00
9.806374645910033161e-01,1.698682568429949746e-01,9.744197431113259256e-02,2.036646652221679732e-02,1.578641213031082569e-01,-9.801479329493408832e-01,1.199539442466654726e-01,-5.385601425170898765e-02,1.158839171141822361e-01,-1.022487401010735708e-01,-9.879858869953642708e-01,1.906600219726562573e+00,0.000000000000000000e+00,0.000000000000000000e+00,0.000000000000000000e+00,1.000000000000000000e+00
9.805934930301238861e-01,1.699154955888443341e-01,9.780146106157085184e-02,2.036507987976074116e-02,1.577463000526483361e-01,-9.800334067034586205e-01,1.210397726572267491e-01,-5.385115814208984303e-02,1.164152320217606701e-01,-1.032629948433160944e-01,-9.878179223163086053e-01,1.906544433593750032e+00,0.000000000000000000e+00,0.000000000000000000e+00,0.000000000000000000e+00,1.000000000000000000e+00
9.805898186461748933e-01,1.699970808028662961e-01,9.769646915813157140e-02,2.036961555480957045e-02,1.577635262752634104e-01,-9.799515012961635962e-01,1.216787774617646561e-01,-5.385365295410156350e-02,1.164228385870069438e-01,-1.039040308452907208e-01,-9.877498038620128318e-01,1.906570922851562599e+00,0.000000000000000000e+00,0.000000000000000000e+00,0.000000000000000000e+00,1.000000000000000000e+00
9.805832050497398367e-01,1.698607718800738409e-01,9.799947015512623649e-02,2.036640930175781170e-02,1.578092831037090360e-01,-9.801674454601723152e-01,1.198666301619163571e-01,-5.386274337768554715e-02,1.164165286403669314e-01,-1.020739782529599543e-01,-9.879413417925890784e-01,1.906579223632812514e+00,0.000000000000000000e+00,0.000000000000000000e+00,0.000000000000000000e+00,1.000000000000000000e+00
9.805221164915598475e-01,1.699374680427657991e-01,9.847657602763071338e-02,2.036729049682617365e-02,1.577157072507625324e-01,-9.800570214241821621e-01,1.208883387409712962e-01,-5.385312652587890409e-02,1.170561179832286525e-01,-1.030023869256145586e-01,-9.877693928900219689e-01,1.906510375976562477e+00,0.000000000000000000e+00,0.000000000000000000e+00,0.000000000000000000e+00,1.000000000000000000e+00
9.806291129380257932e-01,1.698460484014688576e-01,9.756465907687450478e-02,2.036198234558105405e-02,1.578028744540907746e-01,-9.801302990157392259e-01,1.201784080662755827e-01,-5.385460281372070335e-02,1.160379061876217754e-01,-1.024544620488717084e-01,-9.879465003399066081e-01,1.906546875000000085e+00,0.000000000000000000e+00,0.000000000000000000e+00,0.000000000000000000e+00,1.000000000000000000e+00
9.805665600689207340e-01,1.699090778509368960e-01,9.808224374701177140e-02,2.036273193359374942e-02,1.578191930584281200e-01,-9.801348902206720171e-01,1.201195207886628924e-01,-5.385796356201171670e-02,1.165432262166727351e-01,-1.023059247353529100e-01,-9.879024112669499980e-01,1.906537963867187546e+00,0.000000000000000000e+00,0.000000000000000000e+00,0.000000000000000000e+00,1.000000000000000000e+00
9.806526696838725465e-01,1.698534948149191537e-01,9.731460189022170248e-02,2.037199974060058608e-02,1.578800359918340057e-01,-9.801636320174150763e-01,1.198046272296975634e-01,-5.384590148925781639e-02,1.157334682670112525e-01,-1.021226946843248606e-01,-9.880165583396368634e-01,1.906550415039062640e+00,0.000000000000000000e+00,0.000000000000000000e+00,0.000000000000000000e+00,1.000000000000000000e+00
9.805155810977447262e-01,1.699014182850947519e-01,9.860376914330173936e-02,2.037321853637695523e-02,1.577587828722336050e-01,-9.801458692510388593e-01,1.201092894692047802e-01,-5.384973526000976646e-02,1.170528156484230975e-01,-1.022134191524725483e-01,-9.878517375061591776e-01,1.906543701171875105e+00,0.000000000000000000e+00,0.000000000000000000e+00,0.000000000000000000e+00,1.000000000000000000e+00
9.806064270974823582e-01,1.698995634487868167e-01,9.769940365745179156e-02,2.035960769653320443e-02,1.577534268612818535e-01,-9.800452469914746612e-01,1.209345697596095615e-01,-5.386213302612304771e-02,1.162965667964116351e-01,-1.031768006352752898e-01,-9.878409064024613606e-01,1.906584472656249973e+00,0.000000000000000000e+00,0.000000000000000000e+00,0.000000000000000000e+00,1.000000000000000000e+00
9.806841733594569011e-01,1.697487984348476364e-01,9.717971780265843851e-02,2.036374473571777449e-02,1.578559279401641757e-01,-9.802369570076452376e-01,1.192351212124253684e-01,-5.382892990112304876e-02,1.154991694187822160e-01,-1.015916017509200658e-01,-9.880987239730927296e-01,1.906556396484375027e+00,0.000000000000000000e+00,0.000000000000000000e+00,0.000000000000000000e+00,1.000000000000000000e+00
9.805815933941492979e-01,1.699667895131291573e-01,9.783163680114473348e-02,2.036923980712890617e-02,1.578111145539426441e-01,-9.800404619810787477e-01,1.208980769208364836e-01,-5.387581634521484281e-02,1.164276205195048652e-01,-1.031115092630970898e-01,-9.878322862903665680e-01,1.906549560546874966e+00,0.000000000000000000e+00,0.000000000000000000e+00,0.000000000000000000e+00,1.000000000000000000e+00
9.806186042430267147e-01,1.699113383303411384e-01,9.755659956789836107e-02,2.036472511291503862e-02,1.578258885160143399e-01,-9.800815646264835479e-01,1.205450770186616005e-01,-5.384911727905273421e-02,1.160954001095199639e-01,-1.028117881670034817e-01,-9.879026238892749667e-01,1.906568359375000021e+00,0.000000000000000000e+00,0.000000000000000000e+00,0.000000000000000000e+00,1.000000000000000000e+00
9.805596384455379511e-01,1.698142045345022999e-01,9.831546872120730529e-02,2.036230087280273618e-02,1.577869729213246530e-01,-9.802297988124089034e-01,1.193851443711074489e-01,-5.384885025024414157e-02,1.166450454493530020e-01,-1.015513537994409687e-01,-9.879682464095795869e-01,1.906574462890624932e+00,0.000000000000000000e+00,0.000000000000000000e+00,0.000000000000000000e+00,1.000000000000000000e+00
9.806119150043803856e-01,1.698080441809766972e-01,9.780337562105748117e-02,2.036623764038085829e-02,1.578170510887601796e-01,-9.802079547581623586e-01,1.195246577676271904e-01,-5.384744644165039007e-02,1.161638951528824182e-01,-1.017722632167144259e-01,-9.880022044017200411e-01,1.906608642578125012e+00,0.000000000000000000e+00,0.000000000000000000e+00,0.000000000000000000e+00,1.000000000000000000e+00
9.805699743493323517e-01,1.698806162539094888e-01,9.809740886354620382e-02,2.036661338806152258e-02,1.578062285871070780e-01,-9.801546839156918267e-01,1.199749549582921349e-01,-5.385231781005859336e-02,1.165320540609471878e-01,-1.021634563790911332e-01,-9.879184726266707628e-01,1.906514038085937557e+00,0.000000000000000000e+00,0.000000000000000000e+00,0.000000000000000000e+00,1.000000000000000000e+00
9.805297859881879630e-01,1.699046456362324209e-01,9.845684425769808679e-02,2.037056159973144737e-02,1.577880280214284392e-01,-9.801523628765601570e-01,1.200178476752721546e-01,-5.385378646850585982e-02,1.168942984198427099e-01,-1.021457631951624700e-01,-9.878775055937910610e-01,1.906544555664062557e+00,0.000000000000000000e+00,0.000000000000000000e+00,0.000000000000000000e+00,1.000000000000000000e+00
9.806949640888951159e-01,1.696956007680008316e-01,9.716373032499484030e-02,2.035935974121093686e-02,1.578181231716796473e-01,-9.802573240702527890e-01,1.191176670573947521e-01,-5.385178375244140808e-02,1.154592023584503913e-01,-1.014838986569547991e-01,-9.881144624506494889e-01,1.906555664062500099e+00,0.000000000000000000e+00,0.000000000000000000e+00,0.000000000000000000e+00,1.000000000000000000e+00
9.805518572167073454e-01,1.698194322793858957e-01,9.838402171680654673e-02,2.037221908569335910e-02,1.577800971338747527e-01,-9.802256901003627565e-01,1.194279591037730875e-01,-5.385442733764648354e-02,1.167197337954942460e-01,-1.015822665999066982e-01,-9.879562474397003413e-01,1.906548828125000039e+00,0.000000000000000000e+00,0.000000000000000000e+00,0.000000000000000000e+00,1.000000000000000000e+00
9.805859621872811127e-01,1.699074788327239738e-01,9.789085451640595903e-02,2.037079811096191573e-02,1.578078461321863746e-01,-9.801059290706012339e-01,1.203704760303553889e-01,-5.384854888916015825e-02,1.163952510215296027e-01,-1.025856541498938457e-01,-9.878908487794965110e-01,1.906545288085937484e+00,0.000000000000000000e+00,0.000000000000000000e+00,0.000000000000000000e+00,1.000000000000000000e+00
9.805244468693125048e-01,1.700296806604559285e-01,9.829403230172480133e-02,2.036307525634765622e-02,1.578150592091578930e-01,-9.800286779850827523e-01,1.209884185102905879e-01,-5.386867523193359514e-02,1.169025926934006560e-01,-1.031198236097919801e-01,-9.877753215181307445e-01,1.906554443359375073e+00,0.000000000000000000e+00,0.000000000000000000e+00,0.000000000000000000e+00,1.000000000000000000e+00
9.806226392779752166e-01,1.698766203471840097e-01,9.757649919380012582e-02,2.036957931518554657e-02,1.578033698767574433e-01,-9.801000966959482197e-01,1.204238220292511014e-01,-5.385165786743164457e-02,1.160919281907155376e-01,-1.026924257967069681e-01,-9.879154467326393130e-01,1.906546508789062511e+00,0.000000000000000000e+00,0.000000000000000000e+00,0.000000000000000000e+00,1.000000000000000000e+00
9.805368903403884895e-01,1.698082678118249256e-01,9.855231536777292467e-02,2.036116218566894412e-02,1.577538109576157310e-01,-9.802321565370663015e-01,1.194096077333874351e-01,-5.383911514282226779e-02,1.168808872739691140e-01,-1.015385221156983320e-01,-9.879416919619344872e-01,1.906552246093750069e+00,0.000000000000000000e+00,0.000000000000000000e+00,0.000000000000000000e+00,1.000000000000000000e+00
9.805713531993217602e-01,1.698048716549466208e-01,9.821469771423471662e-02,2.037158203125000178e-02,1.578349437913713627e-01,-9.802704778518541717e-01,1.189870613574126185e-01,-5.384984970092773771e-02,1.164815513428029414e-01,-1.011735924752360377e-01,-9.880262913416976156e-01,1.906558471679687505e+00,0.000000000000000000e+00,0.000000000000000000e+00,0.000000000000000000e+00,1.000000000000000000e+00
9.805869120334215205e-01,1.698594900763014670e-01,9.796459350080514994e-02,2.036731529235839833e-02,1.577475493983598320e-01,-9.801107617470311562e-01,1.204101547481220003e-01,-5.385884475708008212e-02,1.164689598458369252e-01,-1.026189472693688765e-01,-9.878787036138373390e-01,1.906535400390624968e+00,0.000000000000000000e+00,0.000000000000000000e+00,0.000000000000000000e+00,1.000000000000000000e+00
9.804267776750063002e-01,1.699808538915190403e-01,9.934708313842836869e-02,2.036711311340332065e-02,1.578167085173517170e-01,-9.801933381446613636e-01,1.196449178593683854e-01,-5.387673568725585838e-02,1.177166943579073949e-01,-1.016244516203449050e-01,-9.878336148878065215e-01,1.906593994140625137e+00,0.000000000000000000e+00,0.000000000000000000e+00,0.000000000000000000e+00,1.000000000000000000e+00
9.807155926466756268e-01,1.698563563455097736e-01,9.667339111000214369e-02,2.037651252746582042e-02,1.579412941064023967e-01,-9.801454994380068841e-01,1.198722134083435586e-01,-5.385709381103515742e-02,1.151150466084913948e-01,-1.022918283170642928e-01,-9.880713070947245713e-01,1.906551147460937568e+00,0.000000000000000000e+00,0.000000000000000000e+00,0.000000000000000000e+00,1.000000000000000000e+00
9.804411559899184336e-01,1.700001352102450403e-01,9.917204076578881033e-02,2.037512397766113453e-02,1.577681154468286717e-01,-9.801128485004864110e-01,1.203662159936047943e-01,-5.386190795898437855e-02,1.176620643602219740e-01,-1.023658059742674903e-01,-9.877635751422149113e-01,1.906521484375000020e+00,0.000000000000000000e+00,0.000000000000000000e+00,0.000000000000000000e+00,1.000000000000000000e+00
9.806076770452473168e-01,1.699335845589547977e-01,9.762766287722186853e-02,2.036238670349121288e-02,1.578906819237118619e-01,-9.801232981591282423e-01,1.201201605365980613e-01,-5.385859680175781455e-02,1.160995963885713828e-01,-1.023762533237928124e-01,-9.879473601735032640e-01,1.906625244140625064e+00,0.000000000000000000e+00,0.000000000000000000e+00,0.000000000000000000e+00,1.000000000000000000e+00
9.805388474227050288e-01,1.700526014794364882e-01,9.811055715379932152e-02,2.036948204040527413e-02,1.577415922178801722e-01,-9.799194098917856088e-01,1.219653237682837288e-01,-5.384939575195312605e-02,1.168809598673837546e-01,-1.041156224944663478e-01,-9.876734168605878494e-01,1.906455932617187488e+00,0.000000000000000000e+00,0.000000000000000000e+00,0.000000000000000000e+00,1.000000000000000000e+00
9.805875532261517646e-01,1.699788312425055681e-01,9.775094571092943219e-02,2.036332893371581992e-02,1.579276438054668108e-01,-9.801220353408691688e-01,1.200818685785902812e-01,-5.386392974853515536e-02,1.162192315410958687e-01,-1.023132091604209565e-01,-9.879398248128746785e-01,1.906598876953125021e+00,0.000000000000000000e+00,0.000000000000000000e+00,0.000000000000000000e+00,1.000000000000000000e+00
9.806438593264551473e-01,1.699064034077787388e-01,9.731102325198920378e-02,2.037251091003417988e-02,1.579056533735940238e-01,-9.801306462003006592e-01,1.200404973816738691e-01,-5.385600280761718844e-02,1.157731652757857388e-01,-1.023510159207735165e-01,-9.879882811764576500e-01,1.906589233398437555e+00,0.000000000000000000e+00,0.000000000000000000e+00,0.000000000000000000e+00,1.000000000000000000e+00
9.805602538183225692e-01,1.699604658137311153e-01,9.805625269265909327e-02,2.036650276184082120e-02,1.577861675935061936e-01,-9.800494952376029856e-01,1.208574044097998762e-01,-5.385976791381835715e-02,1.166409617068594334e-01,-1.030360468229419152e-01,-9.878149923478586336e-01,1.906583740234375046e+00,0.000000000000000000e+00,0.000000000000000000e+00,0.000000000000000000e+00,1.000000000000000000e+00
9.805984660733068070e-01,1.697419597600074714e-01,9.805261562809017284e-02,2.037330245971679873e-02,1.577768020389125059e-01,-9.802676210273281177e-01,1.190876647843792657e-01,-5.386067199707031405e-02,1.163319778609983035e-01,-1.013067532904636803e-01,-9.880302691034791307e-01,1.906559082031250130e+00,0.000000000000000000e+00,0.000000000000000000e+00,0.000000000000000000e+00,1.000000000000000000e+00
9.806668263509435990e-01,1.698067648614171588e-01,9.725347449869232996e-02,2.037070083618163982e-02,1.578089026491248936e-01,-9.801429612657920343e-01,1.200671717240105185e-01,-5.385197830200195296e-02,1.157105264850499388e-01,-1.023984281540658570e-01,-9.879907064199183742e-01,1.906554199218750023e+00,0.000000000000000000e+00,0.000000000000000000e+00,0.000000000000000000e+00,1.000000000000000000e+00
9.805247006603954318e-01,1.698875879419211032e-01,9.853689084864689085e-02,2.036772537231445329e-02,1.577449268647098113e-01,-9.801409075989846453e-01,1.201679628665076743e-01,-5.385373687744141047e-02,1.169950829876601484e-01,-1.022839611782562358e-01,-9.878512751636228106e-01,1.906521240234374970e+00,0.000000000000000000e+00,0.000000000000000000e+00,0.000000000000000000e+00,1.000000000000000000e+00
9.805943462903924379e-01,1.699641920424761199e-01,9.770824656428307720e-02,2.036754798889160029e-02,1.577966080392689541e-01,-9.800168112158312850e-01,1.211085472857110074e-01,-5.384049987792968728e-02,1.163398406162727688e-01,-1.033403268705024164e-01,-9.878187173402205312e-01,1.906569946289062623e+00,0.000000000000000000e+00,0.000000000000000000e+00,0.000000000000000000e+00,1.000000000000000000e+00
9.807043242459571042e-01,1.698835905460564510e-01,9.673982669232163156e-02,2.037160682678222645e-02,1.578784202921257873e-01,-9.800681067996391826e-01,1.205856974944952975e-01,-5.384559631347656666e-02,1.152971500573343328e-01,-1.029857839575486489e-01,-9.879779833029204150e-01,1.906552734374999947e+00,0.000000000000000000e+00,0.000000000000000000e+00,0.000000000000000000e+00,1.000000000000000000e+00
9.805533660773239069e-01,1.699999872104549503e-01,9.805661947505003861e-02,2.037395668029785140e-02,1.577928765284511980e-01,-9.800141770587856849e-01,1.211347220274512637e-01,-5.385517883300781211e-02,1.166897784354163914e-01,-1.033064233832343970e-01,-9.877809871102284367e-01,1.906553466796875096e+00,0.000000000000000000e+00,0.000000000000000000e+00,0.000000000000000000e+00,1.000000000000000000e+00
9.806083721214866600e-01,1.697561287166857447e-01,9.792893999411907135e-02,2.036155509948730374e-02,1.577942273432182685e-01,-9.802550874977971063e-01,1.191677190007554982e-01,-5.385707473754883234e-02,1.162247922880677992e-01,-1.014042415178492001e-01,-9.880328827826456717e-01,1.906633178710937626e+00,0.000000000000000000e+00,0.000000000000000000e+00,0.000000000000000000e+00,1.000000000000000000e+00
9.805976389158508333e-01,1.697279059090075759e-01,9.808521044684252732e-02,2.036836624145507701e-02,1.577057130066191470e-01,-9.802235807249046751e-01,1.195434643797823049e-01,-5.384329986572265747e-02,1.164352980746482941e-01,-1.017554408697120827e-01,-9.879719892869829323e-01,1.906631591796875025e+00,0.000000000000000000e+00,0.000000000000000000e+00,0.000000000000000000e+00,1.000000000000000000e+00
9.806421148763402318e-01,1.698297215043869934e-01,9.746234259754668616e-02,2.036041069030761902e-02,1.578491369241706577e-01,-9.801770734593342471e-01,1.197353524945320158e-01,-5.385045242309570435e-02,1.158649753081302802e-01,-1.020331826340713510e-01,-9.880103932340029704e-01,1.906645874023437548e+00,0.000000000000000000e+00,0.000000000000000000e+00,0.000000000000000000e+00,1.000000000000000000e+00
9.806163383291609525e-01,1.699361931662403125e-01,9.753608180603980105e-02,2.036482238769531453e-02,1.577981277270577021e-01,-9.800286462562523004e-01,1.210107573853352741e-01,-5.383839797973632990e-02,1.161522616557396498e-01,-1.032741147108197505e-01,-9.878477156641872758e-01,1.906573730468750005e+00,0.000000000000000000e+00,0.000000000000000000e+00,0.000000000000000000e+00,1.000000000000000000e+00
9.806683079766908007e-01,1.699145618006709935e-01,9.705004594651489569e-02,2.036855697631835896e-02,1.578588174268677480e-01,-9.800520691105877313e-01,1.207416067171836610e-01,-5.384325790405273399e-02,1.156298555336187084e-01,-1.030872616773875067e-01,-9.879285161331931020e-01,1.906570678710937550e+00,0.000000000000000000e+00,0.000000000000000000e+00,0.000000000000000000e+00,1.000000000000000000e+00
9.805888126959210194e-01,1.699227707486982708e-01,9.783574191822456967e-02,2.037231636047363154e-02,1.577836257895997574e-01,-9.800626031750265810e-01,1.207543841459918221e-01,-5.385518646240234492e-02,1.164040714420748607e-01,-1.029735200858722666e-01,-9.878494552880174862e-01,1.906528320312500080e+00,0.000000000000000000e+00,0.000000000000000000e+00,0.000000000000000000e+00,1.000000000000000000e+00
9.806382834905364998e-01,1.698395479449671397e-01,9.748376740044339961e-02,2.036653327941894548e-02,1.578290463167748015e-01,-9.801514355369764786e-01,1.199714780835098304e-01,-5.385628890991211309e-02,1.159247561630901147e-01,-1.022628542954573116e-01,-9.879796351847920377e-01,1.906595092773437639e+00,0.000000000000000000e+00,0.000000000000000000e+00,0.000000000000000000e+00,1.000000000000000000e+00
9.805962188069018426e-01,1.699375840198685261e-01,9.773573143480905612e-02,2.036321640014648535e-02,1.578221439934424652e-01,-9.800703067734016782e-01,1.206414715029774515e-01,-5.384855651855469105e-02,1.162894084898539043e-01,-1.028757081073114060e-01,-9.878731508419992258e-01,1.906616577148437575e+00,0.000000000000000000e+00,0.000000000000000000e+00,0.000000000000000000e+00,1.000000000000000000e+00
9.805760900752849007e-01,1.698746338359574393e-01,9.804662335729072420e-02,2.036374092102050809e-02,1.577829451388099435e-01,-9.801350028452140428e-01,1.201662116442717837e-01,-5.384909439086914273e-02,1.165121186657865904e-01,-1.023620289790702215e-01,-9.879002688669022980e-01,1.906563354492187612e+00,0.000000000000000000e+00,0.000000000000000000e+00,0.000000000000000000e+00,1.000000000000000000e+00
9.805839151031708889e-01,1.699086402543063257e-01,9.790934280174762305e-02,2.036634635925292994e-02,1.578049234390156152e-01,-9.801041435272549451e-01,1.203888449114473430e-01,-5.384151840209960849e-02,1.164164575107138333e-01,-1.026007885332213682e-01,-9.878867782357537708e-01,1.906612915039062495e+00,0.000000000000000000e+00,0.000000000000000000e+00,0.000000000000000000e+00,1.000000000000000000e+00
9.806130001555739550e-01,1.698585013138748656e-01,9.770482821892011172e-02,2.036148262023925945e-02,1.578115371561123470e-01,-9.801401025593519112e-01,1.200870438280846469e-01,-5.385732269287109297e-02,1.161622256428882644e-01,-1.023399671992703125e-01,-9.879437577348939570e-01,1.906611694335937468e+00,0.000000000000000000e+00,0.000000000000000000e+00,0.000000000000000000e+00,1.000000000000000000e+00
9.806150729414390144e-01,1.698358055186814375e-01,9.772347662602273721e-02,2.037114334106445226e-02,1.578359615961161810e-01,-9.801871893796257895e-01,1.196698917986436100e-01,-5.384950637817383090e-02,1.161115323604228755e-01,-1.019258207712371439e-01,-9.879925298872579420e-01,1.906511840820312553e+00,0.000000000000000000e+00,0.000000000000000000e+00,0.000000000000000000e+00,1.000000000000000000e+00
9.805337492345915784e-01,1.698433872554282742e-01,9.852304510903814316e-02,2.036966896057128967e-02,1.577767910461926049e-01,-9.802128626479382767e-01,1.195375593974545569e-01,-5.384256744384765397e-02,1.168762200754328850e-01,-1.016659613889354941e-01,-9.879291378817320890e-01,1.906572387695312454e+00,0.000000000000000000e+00,0.000000000000000000e+00,0.000000000000000000e+00,1.000000000000000000e+00
9.805405676072777021e-01,1.699102200009855734e-01,9.833978043302032956e-02,2.036642456054687383e-02,1.577618450548141926e-01,-9.801110916127903083e-01,1.203887384371377517e-01,-5.384813690185547008e-02,1.168391865826648446e-01,-1.025317767172765210e-01,-9.878440358892187634e-01,1.906625854492187466e+00,0.000000000000000000e+00,0.000000000000000000e+00,0.000000000000000000e+00,1.000000000000000000e+00
9.806362268335012677e-01,1.697963289556834732e-01,9.757969714508885062e-02,2.036605834960937556e-02,1.577588653835705901e-01,-9.801449434082291079e-01,1.201167361534940248e-01,-5.387027359008789151e-02,1.160376275810669489e-01,-1.023967606150359144e-01,-9.879525152561255963e-01,1.906605957031250131e+00,0.000000000000000000e+00,0.000000000000000000e+00,0.000000000000000000e+00,1.000000000000000000e+00
9.806304505524278126e-01,1.698957234284207418e-01,9.746467365192369725e-02,2.036749076843261813e-02,1.578591486300620628e-01,-9.801173297911093263e-01,1.202102700975992283e-01,-5.383292388916015997e-02,1.159500264904428229e-01,-1.024961609226382603e-01,-9.879524929635971064e-01,1.906573852539062530e+00,0.000000000000000000e+00,0.000000000000000000e+00,0.000000000000000000e+00,1.000000000000000000e+00
9.806715159989476405e-01,1.699415928845974810e-01,9.697026717593455747e-02,2.036549186706542933e-02,1.578047981608243777e-01,-9.799664064528714746e-01,1.215050941371068338e-01,-5.384389877319335771e-02,1.156763734984283115e-01,-1.038542114297318075e-01,-9.878427402084610787e-01,1.906607177734374936e+00,0.000000000000000000e+00,0.000000000000000000e+00,0.000000000000000000e+00,1.000000000000000000e+00
9.806069322117572096e-01,1.699231303602179166e-01,9.765333720273421114e-02,2.037346458435058613e-02,1.578477014708174198e-01,-9.800990468525425658e-01,1.203742559649589178e-01,-5.385297393798828269e-02,1.161643131027176729e-01,-1.026254750406648958e-01,-9.879138951518253720e-01,1.906560546874999984e+00,0.000000000000000000e+00,0.000000000000000000e+00,0.000000000000000000e+00,1.000000000000000000e+00
9.805266880966023724e-01,1.699038263177713171e-01,9.848910464050661395e-02,2.036883735656738401e-02,1.577468845393997510e-01,-9.801206765910721597e-01,1.203302943434117755e-01,-5.384841918945312833e-02,1.169757853079915755e-01,-1.024507155721200158e-01,-9.878362802257969477e-01,1.906574218750000105e+00,0.000000000000000000e+00,0.000000000000000000e+00,0.000000000000000000e+00,1.000000000000000000e+00
9.805445143537246944e-01,1.699757870088391132e-01,9.818700118419107503e-02,2.036671447753906142e-02,1.578142653150228780e-01,-9.800725045912715983e-01,1.206339231197908479e-01,-5.385681915283203197e-02,1.167352261911465405e-01,-1.027916221047114609e-01,-9.878293219940296188e-01,1.906543701171875105e+00,0.000000000000000000e+00,0.000000000000000000e+00,0.000000000000000000e+00,1.000000000000000000e+00
9.806062023471395772e-01,1.699640299482008954e-01,9.758946890975471467e-02,2.036762046813964805e-02,1.578038492681594074e-01,-9.800103756173843550e-01,1.211511817458892082e-01,-5.384325027465820118e-02,1.162300351650680102e-01,-1.034016063997098556e-01,-9.878252308579118512e-01,1.906566894531249945e+00,0.000000000000000000e+00,0.000000000000000000e+00,0.000000000000000000e+00,1.000000000000000000e+00
9.805578968298388487e-01,1.700276771495034811e-01,9.796325825424176403e-02,2.036239814758300862e-02,1.578206083061715892e-01,-9.799995494228889159e-01,1.212169077513733095e-01,-5.385177230834960888e-02,1.166141782053666531e-01,-1.033995751155641907e-01,-9.877801685129176112e-01,1.906550537109374943e+00,0.000000000000000000e+00,0.000000000000000000e+00,0.000000000000000000e+00,1.000000000000000000e+00
9.805434422514540671e-01,1.700086390841280826e-01,9.814081971550858707e-02,2.036452484130859414e-02,1.578256570263677772e-01,-9.800433001172768055e-01,1.208560791993218975e-01,-5.383259582519531183e-02,1.167288303799220439e-01,-1.030154965624109908e-01,-9.878067562160806059e-01,1.906592529296875060e+00,0.000000000000000000e+00,0.000000000000000000e+00,0.000000000000000000e+00,1.000000000000000000e+00
9.806237449851133992e-01,1.698631968482967880e-01,9.758875513012851832e-02,2.036536026000976621e-02,1.578236067784774266e-01,-9.801333160293450586e-01,1.201265663904227399e-01,-5.386290740966796775e-02,1.160550727663549886e-01,-1.023971540903206578e-01,-9.879504253348945220e-01,1.906581542968750043e+00,0.000000000000000000e+00,0.000000000000000000e+00,0.000000000000000000e+00,1.000000000000000000e+00
9.805565198462201648e-01,1.699655917724078869e-01,9.808470319333517651e-02,2.036170196533203247e-02,1.577947151231845480e-01,-9.800547898493804366e-01,1.208032978543217562e-01,-5.383924102783203131e-02,1.166607871834511867e-01,-1.029772135316456561e-01,-9.878187861277974990e-01,1.906556518554687552e+00,0.000000000000000000e+00,0.000000000000000000e+00,0.000000000000000000e+00,1.000000000000000000e+00
9.806041767528070885e-01,1.698667598621981245e-01,9.777899789253129137e-02,2.037440299987793024e-02,1.578102203056310771e-01,-9.801383437975479396e-01,1.201031281228256004e-01,-5.384136199951172069e-02,1.162384742761083806e-01,-1.023431038796361187e-01,-9.879344645199115149e-01,1.906506469726562569e+00,0.000000000000000000e+00,0.000000000000000000e+00,0.000000000000000000e+00,1.000000000000000000e+00
9.805600125777574894e-01,1.699642063711072348e-01,9.805218144512647949e-02,2.036602783203125128e-02,1.578401512294487496e-01,-9.800927592524039111e-01,1.204353350179033777e-01,-5.385371780395507846e-02,1.165699291986277142e-01,-1.026175024722856544e-01,-9.878669443771147529e-01,1.906547729492187537e+00,0.000000000000000000e+00,0.000000000000000000e+00,0.000000000000000000e+00,1.000000000000000000e+00
9.805138351144309095e-01,1.698725788942115067e-01,9.867079653585814070e-02,2.037066459655761594e-02,1.577595065955950948e-01,-9.801834237652911064e-01,1.198014768459333412e-01,-5.385849380493164251e-02,1.170664650013196750e-01,-1.019007493376874462e-01,-9.878824221821709273e-01,1.906539062500000048e+00,0.000000000000000000e+00,0.000000000000000000e+00,0.000000000000000000e+00,1.000000000000000000e+00
9.805732342019857217e-01,1.699111933953606490e-01,9.801182951880059446e-02,2.037130546569824313e-02,1.578579836018663141e-01,-9.801591640654643278e-01,1.198702219554267784e-01,-5.386123275756835721e-02,1.164344853546877140e-01,-1.020695814503749382e-01,-9.879396799211652702e-01,1.906531616210937585e+00,0.000000000000000000e+00,0.000000000000000000e+00,0.000000000000000000e+00,1.000000000000000000e+00
9.805641457392065830e-01,1.700126430719644810e-01,9.792679554863964464e-02,2.036968612670898501e-02,1.578300432984676982e-01,-9.800196548888985282e-01,1.210419491905530553e-01,-5.384679031372070768e-02,1.165488460824218864e-01,-1.032336051251211140e-01,-9.878052385210996933e-01,1.906529907226562459e+00,0.000000000000000000e+00,0.000000000000000000e+00,0.000000000000000000e+00,1.000000000000000000e+00
9.805158784731123900e-01,1.700098667362233695e-01,9.841370470840207774e-02,2.037144279479980585e-02,1.577924878696100319e-01,-9.800424374309172348e-01,1.209063753752709636e-01,-5.385688018798828053e-02,1.170048838041385098e-01,-1.030216775576797417e-01,-9.877734513131956051e-01,1.906545043945312434e+00,0.000000000000000000e+00,0.000000000000000000e+00,0.000000000000000000e+00,1.000000000000000000e+00
9.806097861556506423e-01,1.699308896963682702e-01,9.761116751053640350e-02,2.035721015930175987e-02,1.578122362630444142e-01,-9.800549535841205362e-01,1.207790794835122972e-01,-5.385794448852539162e-02,1.161884046771721885e-01,-1.030329106753189450e-01,-9.878686521680630772e-01,1.906611206054687591e+00,0.000000000000000000e+00,0.000000000000000000e+00,0.000000000000000000e+00,1.000000000000000000e+00
9.806074753818925238e-01,1.698961536600085143e-01,9.769481151364020621e-02,2.036438941955566462e-02,1.578539641183064612e-01,-9.801371837740768811e-01,1.200550998315264850e-01,-5.387405395507812583e-02,1.161512171149632622e-01,-1.023054150812953977e-01,-9.879486306523008743e-01,1.906589233398437555e+00,0.000000000000000000e+00,0.000000000000000000e+00,0.000000000000000000e+00,1.000000000000000000e+00
9.805945608308502814e-01,1.696678660119117499e-01,9.821976640125051894e-02,2.036625671386718683e-02,1.577332817335139747e-01,-9.803236844221657753e-01,1.186831310444998178e-01,-5.385533523559570684e-02,1.164238768574906990e-01,-1.008875066790431430e-01,-9.880623421088156055e-01,1.906539184570312573e+00,0.000000000000000000e+00,0.000000000000000000e+00,0.000000000000000000e+00,1.000000000000000000e+00
9.805684598695838528e-01,1.699216056172501432e-01,9.804153942818553957e-02,2.036534500122070407e-02,1.577993924071739162e-01,-9.801000687599203953e-01,1.204292612811620894e-01,-5.383577346801757951e-02,1.165540529750874604e-01,-1.026182399052691235e-01,-9.878687410652415846e-01,1.906511230468749929e+00,0.000000000000000000e+00,0.000000000000000000e+00,0.000000000000000000e+00,1.000000000000000000e+00
9.806569290696345309e-01,1.698666363751904218e-01,9.724871883111407822e-02,2.036661720275878898e-02,1.578290621391687798e-01,-9.800976466382202990e-01,1.204100917634941120e-01,-5.383530807495117559e-02,1.157668977384496145e-01,-1.027323167304305535e-01,-9.879494402484441107e-01,1.906518310546875039e+00,0.000000000000000000e+00,0.000000000000000000e+00,0.000000000000000000e+00,1.000000000000000000e+00
9.806242416137136431e-01,1.698252839241264633e-01,9.764972964437326763e-02,2.036629867553711032e-02,1.578196129655231872e-01,-9.801758483972498048e-01,1.197842893794689167e-01,-5.383059310913086010e-02,1.160563075534536692e-01,-1.020523353913163345e-01,-9.879859585632970731e-01,1.906516113281250036e+00,0.000000000000000000e+00,0.000000000000000000e+00,0.000000000000000000e+00,1.000000000000000000e+00
9.804238421134408021e-01,1.700156031019554315e-01,9.931658732255077560e-02,2.036969375610351435e-02,1.576875263392314153e-01,-9.800421350448129676e-01,1.210456838297806342e-01,-5.385321044921875105e-02,1.179140952241660156e-01,-1.030150874322949966e-01,-9.876660153659146957e-01,1.906575561523437434e+00,0.000000000000000000e+00,0.000000000000000000e+00,0.000000000000000000e+00,1.000000000000000000e+00
9.806091793569055026e-01,1.698624453845986038e-01,9.773631366560212030e-02,2.037060356140136738e-02,1.578659594542021205e-01,-9.801872328156396863e-01,1.196299605902446661e-01,-5.385396575927734603e-02,1.161205244846100215e-01,-1.018810005505616234e-01,-9.879960959033370349e-01,1.906598876953125021e+00,0.000000000000000000e+00,0.000000000000000000e+00,0.000000000000000000e+00,1.000000000000000000e+00
9.806272570300571534e-01,1.700104284286091394e-01,9.729664431637227717e-02,2.037225914001464938e-02,1.578809210163589216e-01,-9.799980296463657314e-01,1.211506362685189353e-01,-5.386023712158203441e-02,1.159473912976576038e-01,-1.034423323149739615e-01,-9.878541827296709599e-01,1.906585449218749950e+00,0.000000000000000000e+00,0.000000000000000000e+00,0.000000000000000000e+00,1.000000000000000000e+00
9.805872634582238900e-01,1.699732443833200657e-01,9.776356651289015709e-02,2.037265205383300901e-02,1.578699640944486449e-01,-9.800783584823568040e-01,1.205134252743110951e-01,-5.385993957519531056e-02,1.163000136729555184e-01,-1.027399991645786409e-01,-9.878860255066538310e-01,1.906579101562499989e+00,0.000000000000000000e+00,0.000000000000000000e+00,0.000000000000000000e+00,1.000000000000000000e+00
9.805689704419544572e-01,1.701131791482725364e-01,9.770363599412963673e-02,2.036465072631836112e-02,1.578639292795503135e-01,-9.799196662700691007e-01,1.218048746544150990e-01,-5.386043167114257929e-02,1.164623288399592033e-01,-1.040142006517589118e-01,-9.877335531528474988e-01,1.906523681640625023e+00,0.000000000000000000e+00,0.000000000000000000e+00,0.000000000000000000e+00,1.000000000000000000e+00
9.806260381386060487e-01,1.699937518017457794e-01,9.733805870751563449e-02,2.036602401733398487e-02,1.578268307067467735e-01,-9.799718679530269316e-01,1.214324072466612392e-01,-5.385407638549805087e-02,1.160313097127029514e-01,-1.037172231069727057e-01,-9.878155054448847228e-01,1.906551147460937568e+00,0.000000000000000000e+00,0.000000000000000000e+00,0.000000000000000000e+00,1.000000000000000000e+00
9.805730006040004332e-01,1.699524066299031022e-01,9.794268715514863055e-02,2.036774826049804824e-02,1.577898292458347618e-01,-9.800487762107247258e-01,1.208584545426233947e-01,-5.383938980102539323e-02,1.165287958962828579e-01,-1.030561775371332811e-01,-9.878261304492798045e-01,1.906619384765624980e+00,0.000000000000000000e+00,0.000000000000000000e+00,0.000000000000000000e+00,1.000000000000000000e+00
9.805824120253816556e-01,1.697718986108959216e-01,9.816127377197308990e-02,2.036512947082519745e-02,1.577607232696935924e-01,-9.802342258167768829e-01,1.193834860054245883e-01,-5.385551071166991971e-02,1.164890012829869759e-01,-1.015793531158567797e-01,-9.879837790169716527e-01,1.906531372070312536e+00,0.000000000000000000e+00,0.000000000000000000e+00,0.000000000000000000e+00,1.000000000000000000e+00
9.806022396139143504e-01,1.699033680228596577e-01,9.773481057772663572e-02,2.037062072753906272e-02,1.577844629906826057e-01,-9.800726306161945400e-01,1.206718772365548836e-01,-5.385556411743164240e-02,1.162897712738197448e-01,-1.029100784740783620e-01,-9.878695282503361375e-01,1.906635620117187457e+00,0.000000000000000000e+00,0.000000000000000000e+00,0.000000000000000000e+00,1.000000000000000000e+00
9.806514022684816867e-01,1.698801401870681793e-01,9.728085730955754462e-02,2.037213325500488240e-02,1.578513202835724882e-01,-9.801067420798533769e-01,1.203068361081326143e-01,-5.386095428466797230e-02,1.157833663079177178e-01,-1.026231557672931949e-01,-9.879588554118884369e-01,1.906533203124999964e+00,0.000000000000000000e+00,0.000000000000000000e+00,0.000000000000000000e+00,1.000000000000000000e+00
9.807245853688190129e-01,1.698719371685974977e-01,9.655471306853298519e-02,2.036517333984375067e-02,1.579138505103896972e-01,-9.800917209407268293e-01,1.203471410563088234e-01,-5.384105300903320457e-02,1.150760768802141926e-01,-1.027800734871933269e-01,-9.880251783349586203e-01,1.906564086914062539e+00,0.000000000000000000e+00,0.000000000000000000e+00,0.000000000000000000e+00,1.000000000000000000e+00
9.805514493429442480e-01,1.700307730977787812e-01,9.802240249669202932e-02,2.036853408813476748e-02,1.578762249760691516e-01,-9.800519670164126174e-01,1.207196733534605382e-01,-5.384248733520508035e-02,1.165931077669577487e-01,-1.028964438016799487e-01,-9.878351932757866161e-01,1.906485473632812511e+00,0.000000000000000000e+00,0.000000000000000000e+00,0.000000000000000000e+00,1.000000000000000000e+00
9.805402638690396966e-01,1.698892533488149670e-01,9.837902483871474590e-02,2.035902214050292966e-02,1.578173371975764849e-01,-9.801855565233554834e-01,1.197078228975311104e-01,-5.385694503784179549e-02,1.167667718638343566e-01,-1.018524245149932256e-01,-9.879228738160268364e-01,1.906525756835937502e+00,0.000000000000000000e+00,0.000000000000000000e+00,0.000000000000000000e+00,1.000000000000000000e+00
9.805104407200669892e-01,1.699346899634353592e-01,9.859754959415044373e-02,2.035985946655273493e-02,1.577751789811808747e-01,-9.801251156488489658e-01,1.202570188046709621e-01,-5.385698318481445257e-02,1.170737739051585929e-01,-1.023570164735263799e-01,-9.878343852297520877e-01,1.906604003906249956e+00,0.000000000000000000e+00,0.000000000000000000e+00,0.000000000000000000e+00,1.000000000000000000e+00
9.806687492567539577e-01,1.698449893460129978e-01,9.716729812671956457e-02,2.036118888854980546e-02,1.578657750802374138e-01,-9.801439962308932108e-01,1.199839310526661790e-01,-5.383856201171875050e-02,1.156166133802143392e-01,-1.023251007650996386e-01,-9.880092977618694094e-01,1.906591064453124984e+00,0.000000000000000000e+00,0.000000000000000000e+00,0.000000000000000000e+00,1.000000000000000000e+00
9.805908186268402771e-01,1.699479830413019033e-01,9.777182357375083233e-02,2.036489677429199202e-02,1.578214576539347103e-01,-9.800627601715471426e-01,1.207036603791125512e-01,-5.384905242919921925e-02,1.163358669058282557e-01,-1.029304094285173748e-01,-9.878619827112223861e-01,1.906587280273437601e+00,0.000000000000000000e+00,0.000000000000000000e+00,0.000000000000000000e+00,1.000000000000000000e+00
9.805157273262139483e-01,1.700077531100698258e-01,9.841886175124950342e-02,2.037217903137207228e-02,1.578030743609473707e-01,-9.800545129839899339e-01,1.207946244745513598e-01,-5.385001373291015830e-02,1.169918723167525654e-01,-1.029102301143093590e-01,-9.877866097238010568e-01,1.906538696289062473e+00,0.000000000000000000e+00,0.000000000000000000e+00,0.000000000000000000e+00,1.000000000000000000e+00
9.805749564349441894e-01,1.699488317722341046e-01,9.792930813531007528e-02,2.036974906921386677e-02,1.577948198361760201e-01,-9.800554658443882960e-01,1.207976767218977565e-01,-5.385486602783202958e-02,1.165055777440564683e-01,-1.029984390551247353e-01,-9.878348910150580586e-01,1.906599365234375121e+00,0.000000000000000000e+00,0.000000000000000000e+00,0.000000000000000000e+00,1.000000000000000000e+00
9.804874746562620702e-01,1.700030998304945251e-01,9.870794339975252907e-02,2.035402679443359258e-02,1.577870536765798304e-01,-9.800765233004006260e-01,1.206368690221339690e-01,-5.386591720581054843e-02,1.172499796769703173e-01,-1.027081034944288263e-01,-9.877770435388381065e-01,1.906545532226562534e+00,0.000000000000000000e+00,0.000000000000000000e+00,0.000000000000000000e+00,1.000000000000000000e+00
9.804923551459456821e-01,1.698772628047381106e-01,9.887596817390262305e-02,2.035296630859375136e-02,1.577563883498393771e-01,-9.801976683708439886e-01,1.196889838505424131e-01,-5.385131835937500416e-02,1.172504304263797814e-01,-1.017558180269348411e-01,-9.878755438123254518e-01,1.906595825195312566e+00,0.000000000000000000e+00,0.000000000000000000e+00,0.000000000000000000e+00,1.000000000000000000e+00
9.805452245205414918e-01,1.700211584456237657e-01,9.810131676368469278e-02,2.036358261108398363e-02,1.578445173552219805e-01,-9.800425901678684326e-01,1.208372036996576276e-01,-5.385189056396484653e-02,1.166883499363056687e-01,-1.030015880356396490e-01,-9.878129893108709147e-01,1.906574096679687580e+00,0.000000000000000000e+00,0.000000000000000000e+00,0.000000000000000000e+00,1.000000000000000000e+00
9.805997549194311880e-01,1.698749083976280327e-01,9.780918233401685036e-02,2.036374282836914129e-02,1.578247828393787855e-01,-9.801459324942405349e-01,1.200220352131168289e-01,-5.384397125244140547e-02,1.162560044627992534e-01,-1.022568653533502958e-01,-9.879413317168446174e-01,1.906549194335937614e+00,0.000000000000000000e+00,0.000000000000000000e+00,0.000000000000000000e+00,1.000000000000000000e+00
9.805568822793144790e-01,1.701091852259322135e-01,9.783182363852876984e-02,2.037093925476074138e-02,1.578440317314299124e-01,-9.799203257176953841e-01,1.218253540610214486e-01,-5.386527633666992471e-02,1.165910042046043038e-01,-1.040145198859052239e-01,-9.877183390984833888e-01,1.906570800781250075e+00,0.000000000000000000e+00,0.000000000000000000e+00,0.000000000000000000e+00,1.000000000000000000e+00
9.805183518418572053e-01,1.699864905136239668e-01,9.842944043419907252e-02,2.036800003051757874e-02,1.578285647500647371e-01,-9.801001249278225025e-01,1.203905696697264993e-01,-5.384661483764648787e-02,1.169354772952269361e-01,-1.025101856369808884e-01,-9.878348829588927682e-01,1.906536376953124945e+00,0.000000000000000000e+00,0.000000000000000000e+00,0.000000000000000000e+00,1.000000000000000000e+00
9.805498996208539264e-01,1.699211321778863748e-01,9.822781272592034929e-02,2.035918998718261666e-02,1.578165453635549664e-01,-9.801357003380033461e-01,1.201163891084165714e-01,-5.385849380493164251e-02,1.166868988492118786e-01,-1.022781392200543260e-01,-9.878883286458226554e-01,1.906545410156250009e+00,0.000000000000000000e+00,0.000000000000000000e+00,0.000000000000000000e+00,1.000000000000000000e+00
9.805680095064449597e-01,1.699149978782764636e-01,9.805749450497720787e-02,2.036263465881347698e-02,1.577609864676561835e-01,-9.800748340482917653e-01,1.206846751413186425e-01,-5.385905838012695207e-02,1.166098189747344499e-01,-1.028698846176027970e-01,-9.878359868710194780e-01,1.906578613281250112e+00,0.000000000000000000e+00,0.000000000000000000e+00,0.000000000000000000e+00,1.000000000000000000e+00
9.805915405614946678e-01,1.698142415149249129e-01,9.799670381163536059e-02,2.037055587768554776e-02,1.577975344252214307e-01,-9.802050822070700331e-01,1.195739726895132526e-01,-5.385214996337890636e-02,1.163622305929019607e-01,-1.017895878473931148e-01,-9.879770802489813430e-01,1.906586547851562452e+00,0.000000000000000000e+00,0.000000000000000000e+00,0.000000000000000000e+00,1.000000000000000000e+00
9.805820428493164931e-01,1.700416657929594011e-01,9.769692490460860079e-02,2.036424827575683549e-02,1.578186884488933794e-01,-9.799538389045830966e-01,1.215883842825504074e-01,-5.385593414306640708e-02,1.164135680139233575e-01,-1.038089856925956539e-01,-9.877608899281961063e-01,1.906554199218750023e+00,0.000000000000000000e+00,0.000000000000000000e+00,0.000000000000000000e+00,1.000000000000000000e+00
9.806522083014320712e-01,1.697749793976120747e-01,9.745615795867132447e-02,2.036313247680664185e-02,1.578933446937244856e-01,-9.802720450161034327e-01,1.188966335157370519e-01,-5.387699508666992515e-02,1.157192207671388084e-01,-1.012085674757190329e-01,-9.881122850235996014e-01,1.906634887695312530e+00,0.000000000000000000e+00,0.000000000000000000e+00,0.000000000000000000e+00,1.000000000000000000e+00
9.806919802902562822e-01,1.698633613997054537e-01,9.690035215812492497e-02,2.036449623107910306e-02,1.579177665094868288e-01,-9.801419032397311604e-01,1.199325999645317331e-01,-5.386314392089843611e-02,1.153482501602463295e-01,-1.023146517737819339e-01,-9.880417466976680885e-01,1.906579589843750089e+00,0.000000000000000000e+00,0.000000000000000000e+00,0.000000000000000000e+00,1.000000000000000000e+00
9.805644810318105975e-01,1.699747739705944338e-01,9.798915630038816660e-02,2.036234664916992260e-02,1.578525126790169819e-01,-9.800858237594651801e-01,1.204755672601358907e-01,-5.383607482910156283e-02,1.165155902861816500e-01,-1.026662275501349086e-01,-9.878682923046406827e-01,1.906592529296875060e+00,0.000000000000000000e+00,0.000000000000000000e+00,0.000000000000000000e+00,1.000000000000000000e+00
