T00,T01,T02,T03,T10,T11,T12,T13,T20,T21,T22,T23,T30,T31,T32,T33
8.588429934933086152e-01,5.056560072854765497e-01,-8.185789408213908769e-02,1.464480953027737231e-01,-4.857587472557325925e-01,8.546939766323570220e-01,1.831301334376989054e-01,-1.962748333560994096e-01,1.625643010995771187e-01,-1.175168439181300539e-01,9.796747620529621114e-01,2.122018158461937976e-01,0.000000000000000000e+00,0.000000000000000000e+00,0.000000000000000000e+00,1.000000000000000000e+00
8.589506581586253686e-01,5.054579610073873797e-01,-8.195130568282021910e-02,1.465893004780287334e-01,-4.858111672460559416e-01,8.550000003762316947e-01,1.815558017130509127e-01,-1.965372644183479567e-01,1.618371917325842069e-01,-1.161346159028327357e-01,9.799599350795993313e-01,2.118250699056491992e-01,0.000000000000000000e+00,0.000000000000000000e+00,0.000000000000000000e+00,1.000000000000000000e+00
8.589756679602158496e-01,5.054958947230437927e-01,-8.145368174889679180e-02,1.466206543040563526e-01,-4.858545479165206071e-01,8.549068174142151477e-01,1.818782334627521979e-01,-1.964886723358749143e-01,1.615740081855202570e-01,-1.166543353538452565e-01,9.799416339364391826e-01,2.118769028256508591e-01,0.000000000000000000e+00,0.000000000000000000e+00,0.000000000000000000e+00,1.000000000000000000e+00
8.590518717603174981e-01,5.054458584946198707e-01,-8.095903751732710929e-02,1.467145090502838534e-01,-4.858795569443384310e-01,8.549134860997510410e-01,1.817800523389307976e-01,-1.963937295650693970e-01,1.610929476068664046e-01,-1.168221529308879902e-01,9.800008402118458584e-01,2.119161302567913463e-01,0.000000000000000000e+00,0.000000000000000000e+00,0.000000000000000000e+00,1.000000000000000000e+00
8.590171145064752212e-01,5.054735960702132491e-01,-8.115442477657300313e-02,1.466207205637614364e-01,-4.859342395210137777e-01,8.549473096439287323e-01,1.814745508156515585e-01,-1.965300411160188221e-01,1.611133509244457029e-01,-1.164540313104503594e-01,9.800412984897326485e-01,2.118520981375282553e-01,0.000000000000000000e+00,0.000000000000000000e+00,0.000000000000000000e+00,1.000000000000000000e+00
8.588992837356475007e-01,5.055349041559565881e-01,-8.201512713164406387e-02,1.464980156205274164e-01,-4.857967197128306158e-01,8.549008089966306789e-01,1.820608521708060590e-01,-1.965173006489341068e-01,1.621529139875242387e-01,-1.165292557984234645e-01,9.798608906515354766e-01,2.119492135256555443e-01,0.000000000000000000e+00,0.000000000000000000e+00,0.000000000000000000e+00,1.000000000000000000e+00
8.589639468481522488e-01,5.056232812417866818e-01,-8.078388132129946109e-02,1.466253027117245533e-01,-4.858246419573334363e-01,8.546175166655703981e-01,1.833120767309190380e-01,-1.963924303450200193e-01,1.617261737693485579e-01,-1.182116647148775262e-01,9.797298847352079454e-01,2.119497485275487758e-01,0.000000000000000000e+00,0.000000000000000000e+00,0.000000000000000000e+00,1.000000000000000000e+00
8.589591061275156925e-01,5.055085652343339619e-01,-8.154964423800248330e-02,1.465682901504624658e-01,-4.859028284301945555e-01,8.549400173877432785e-01,1.815929734119202110e-01,-1.965483799764462802e-01,1.615168577088984259e-01,-1.163557353282191481e-01,9.799865547710708835e-01,2.118345932554934752e-01,0.000000000000000000e+00,0.000000000000000000e+00,0.000000000000000000e+00,1.000000000000000000e+00
8.588806695334350039e-01,5.056148294292396317e-01,-8.171682668238947067e-02,1.464703156814252116e-01,-4.857241724406422545e-01,8.547001319501499328e-01,1.831931023571843897e-01,-1.962771274895909746e-01,1.624685317489268088e-01,-1.176491763916665545e-01,9.796747661778937299e-01,2.121136104202208106e-01,0.000000000000000000e+00,0.000000000000000000e+00,0.000000000000000000e+00,1.000000000000000000e+00
8.589975402834102436e-01,5.054229194982365891e-01,-8.167556692751011538e-02,1.466212417965648829e-01,-4.858102256370275818e-01,8.550023275410081336e-01,1.815473617708586451e-01,-1.964393056298682216e-01,1.615909974396824711e-01,-1.162699116080241624e-01,9.799845188578801825e-01,2.118606481389555540e-01,0.000000000000000000e+00,0.000000000000000000e+00,0.000000000000000000e+00,1.000000000000000000e+00
8.589609183799695735e-01,5.055589702954970122e-01,-8.121741346285690777e-02,1.466022888480328912e-01,-4.860310621605784531e-01,8.549171780952036226e-01,1.813571757962568753e-01,-1.965884259015517888e-01,1.611209089811120321e-01,-1.163045405454631448e-01,9.800578077529964460e-01,2.117867457769802009e-01,0.000000000000000000e+00,0.000000000000000000e+00,0.000000000000000000e+00,1.000000000000000000e+00
8.589253900469689951e-01,5.055189305745547701e-01,-8.183999733272838417e-02,1.465368853657590120e-01,-4.857855098277873429e-01,8.548865040106766733e-01,1.821579086994590813e-01,-1.964337266185289255e-01,1.620481804094671685e-01,-1.167033679512388539e-01,9.798574953200178683e-01,2.119507335462682551e-01,0.000000000000000000e+00,0.000000000000000000e+00,0.000000000000000000e+00,1.000000000000000000e+00
8.590256243236431555e-01,5.054644733754860564e-01,-8.112116191609651528e-02,1.466437251919694151e-01,-4.859139000380237050e-01,8.549392457730627948e-01,1.815669787897125076e-01,-1.965286125249911808e-01,1.611293223011021625e-01,-1.165527871491239958e-01,9.800269329475381763e-01,2.117992886137773922e-01,0.000000000000000000e+00,0.000000000000000000e+00,0.000000000000000000e+00,1.000000000000000000e+00
8.589472631409149628e-01,5.055089092373455939e-01,-8.167216064486869376e-02,1.465628517862567759e-01,-4.858904789528157298e-01,8.549493325107390129e-01,1.815821613001825097e-01,-1.965874098047457885e-01,1.616169595238552970e-01,-1.162857752311573512e-01,9.799783553085005261e-01,2.118385347200237856e-01,0.000000000000000000e+00,0.000000000000000000e+00,0.000000000000000000e+00,1.000000000000000000e+00
8.588889130477139755e-01,5.055248257111837340e-01,-8.218567778752063069e-02,1.464906744951264828e-01,-4.856763724191866527e-01,8.548532289030660314e-01,1.826045407643031304e-01,-1.963141717441572176e-01,1.625678206701940409e-01,-1.169213736819741112e-01,9.797454241071321679e-01,2.121097708766994661e-01,0.000000000000000000e+00,0.000000000000000000e+00,0.000000000000000000e+00,1.000000000000000000e+00
8.588413625109143634e-01,5.056121461719881305e-01,-8.214543008440813865e-02,1.463801227054864207e-01,-4.858754627208817789e-01,8.548782754746532264e-01,1.819565026242587202e-01,-1.965025873700169123e-01,1.622237614104829750e-01,-1.163593217788714690e-01,9.798693583682448471e-01,2.120267382662448519e-01,0.000000000000000000e+00,0.000000000000000000e+00,0.000000000000000000e+00,1.000000000000000000e+00
8.589894713542860494e-01,5.054995914137330182e-01,-8.128499974185385279e-02,1.465736473846775689e-01,-4.858356958808799919e-01,8.548625968204178749e-01,1.821362598863628390e-01,-1.964104990032965459e-01,1.615573109160500787e-01,-1.169619751799729629e-01,9.799077158853144454e-01,2.119860278567249345e-01,0.000000000000000000e+00,0.000000000000000000e+00,0.000000000000000000e+00,1.000000000000000000e+00
8.588995586131286109e-01,5.055087098472693663e-01,-8.217355099253199902e-02,1.464871843239209381e-01,-4.857171562390522612e-01,8.549013328903948272e-01,1.822705548279113796e-01,-1.964611038959444833e-01,1.623896312860558799e-01,-1.166389955837057318e-01,9.798086304784232592e-01,2.119845664391788453e-01,0.000000000000000000e+00,0.000000000000000000e+00,0.000000000000000000e+00,1.000000000000000000e+00
8.589662713825096940e-01,5.055332137963121086e-01,-8.132105739598569083e-02,1.466050144309265224e-01,-4.857951238479544243e-01,8.547954914974049689e-01,1.825589366787087608e-01,-1.964769464037485203e-01,1.618024791923153294e-01,-1.173065959973366296e-01,9.798260663315394581e-01,2.118906164262024383e-01,0.000000000000000000e+00,0.000000000000000000e+00,0.000000000000000000e+00,1.000000000000000000e+00
8.589726999611363434e-01,5.054286409146205861e-01,-8.190109684659559186e-02,1.466108080016384763e-01,-4.856839848280539718e-01,8.549384979080753011e-01,1.821846087797399094e-01,-1.964362317374103162e-01,1.621017199261580166e-01,-1.167135542166535950e-01,9.798474262144581948e-01,2.119388010391396460e-01,0.000000000000000000e+00,0.000000000000000000e+00,0.000000000000000000e+00,1.000000000000000000e+00
8.589606632979264189e-01,5.056638434594569187e-01,-8.056460962852378394e-02,1.466055881664298233e-01,-4.858785077288940712e-01,8.545702087796449575e-01,1.833898415765096435e-01,-1.962950794640611618e-01,1.615817274134969117e-01,-1.183800476605923191e-01,9.797333870405492418e-01,2.120713844416326488e-01,0.000000000000000000e+00,0.000000000000000000e+00,0.000000000000000000e+00,1.000000000000000000e+00
8.589744355022121969e-01,5.055576683353746326e-01,-8.108244656493442115e-02,1.465875560651308529e-01,-4.858858268175981210e-01,8.547930395702280082e-01,1.823288863566876472e-01,-1.963584938208082775e-01,1.614864776117033718e-01,-1.172190406443858746e-01,9.798886743191671522e-01,2.120212343221945517e-01,0.000000000000000000e+00,0.000000000000000000e+00,0.000000000000000000e+00,1.000000000000000000e+00
8.588700504659945167e-01,5.056158190858655033e-01,-8.182224576891997114e-02,1.464480195569729526e-01,-4.858074607189457605e-01,8.547752950814807571e-01,1.826206615588101823e-01,-1.964007859230226249e-01,1.622755296474184261e-01,-1.170975593618280852e-01,9.797728379931508469e-01,2.120750039588858993e-01,0.000000000000000000e+00,0.000000000000000000e+00,0.000000000000000000e+00,1.000000000000000000e+00
8.589579109261037404e-01,5.055291590527808410e-01,-8.143449272177094578e-02,1.466327996197936689e-01,-4.857261264116974897e-01,8.547681763837595703e-01,1.828701582070458020e-01,-1.963472384350422317e-01,1.620538101327815284e-01,-1.175229083582027545e-01,9.797586073275794671e-01,2.119914045433446415e-01,0.000000000000000000e+00,0.000000000000000000e+00,0.000000000000000000e+00,1.000000000000000000e+00
8.589556024613597129e-01,5.056115533777405524e-01,-8.094584665806241197e-02,1.466053307203696032e-01,-4.858033890872501259e-01,8.546423892041038473e-01,1.832524317078566833e-01,-1.963155648395154274e-01,1.618342984400532591e-01,-1.180819362411076601e-01,9.797276745004024345e-01,2.120851256910381011e-01,0.000000000000000000e+00,0.000000000000000000e+00,0.000000000000000000e+00,1.000000000000000000e+00
8.589008761894537658e-01,5.055585472454551255e-01,-8.185255150607109731e-02,1.465302566695914077e-01,-4.857952464578508267e-01,8.548446259989423979e-01,1.823283958128429916e-01,-1.965705075727728901e-01,1.621488926880017278e-01,-1.168384384857726194e-01,9.798247373343161870e-01,2.118625494846015922e-01,0.000000000000000000e+00,0.000000000000000000e+00,0.000000000000000000e+00,1.000000000000000000e+00
8.589575435313236973e-01,5.055882683504095976e-01,-8.107059465101204565e-02,1.465554675340176582e-01,-4.859462052588304770e-01,8.547956200694840634e-01,1.821557945950915969e-01,-1.964793990498790999e-01,1.613946219834388740e-01,-1.170681460366600757e-01,9.799218464644833260e-01,2.119168107329856277e-01,0.000000000000000000e+00,0.000000000000000000e+00,0.000000000000000000e+00,1.000000000000000000e+00
8.588271336653526822e-01,5.056309795033712140e-01,-8.217826383305859572e-02,1.464076837413895160e-01,-4.858209060305579974e-01,8.548200027215265839e-01,1.823754649365338931e-01,-1.964635898214242282e-01,1.624623086866678334e-01,-1.167050792109346619e-01,9.797887133165840146e-01,2.120431679223793164e-01,0.000000000000000000e+00,0.000000000000000000e+00,0.000000000000000000e+00,1.000000000000000000e+00
8.589431795629045574e-01,5.055539624373552865e-01,-8.143589716001733980e-02,1.465044155961651995e-01,-4.859238239705935269e-01,8.548795418603147844e-01,1.818213579492075627e-01,-1.965245477925469386e-01,1.615383904221019407e-01,-1.166025727528657296e-01,9.799536664798235153e-01,2.119105940612977523e-01,0.000000000000000000e+00,0.000000000000000000e+00,0.000000000000000000e+00,1.000000000000000000e+00
8.589221615943033461e-01,5.055677372714668660e-01,-8.157195199563724297e-02,1.465398302448201462e-01,-4.855681375790425469e-01,8.546250350143898000e-01,1.839555198809567083e-01,-1.960748626496894298e-01,1.627154082752752251e-01,-1.183947319641465296e-01,9.795439670341237193e-01,2.123081106592261680e-01,0.000000000000000000e+00,0.000000000000000000e+00,0.000000000000000000e+00,1.000000000000000000e+00
8.589192016953657305e-01,5.055529828439011553e-01,-8.169447041648592034e-02,1.465446907591208547e-01,-4.856491984506394188e-01,8.547219212150949375e-01,1.832901891499617575e-01,-1.962154224128318525e-01,1.624889565578145623e-01,-1.177566088676618716e-01,9.796584711340688978e-01,2.121642567212576047e-01,0.000000000000000000e+00,0.000000000000000000e+00,0.000000000000000000e+00,1.000000000000000000e+00
8.588827455750135398e-01,5.055608288781403559e-01,-8.202851734351097879e-02,1.464799729360957981e-01,-4.857332728368279340e-01,8.548239841680603801e-01,1.825900976237974371e-01,-1.963258576842125125e-01,1.624303451106064444e-01,-1.169795041667207880e-01,9.797612865347140598e-01,2.121057598771833863e-01,0.000000000000000000e+00,0.000000000000000000e+00,0.000000000000000000e+00,1.000000000000000000e+00
8.589534758670446246e-01,5.054776368054668678e-01,-8.180027497192815522e-02,1.466157823568416951e-01,-4.857570673507651260e-01,8.549129073560916003e-01,1.821098359637369768e-01,-1.965133260387852410e-01,1.619845604207597878e-01,-1.166888149117791817e-01,9.798697478031342945e-01,2.118439480852052359e-01,0.000000000000000000e+00,0.000000000000000000e+00,0.000000000000000000e+00,1.000000000000000000e+00
8.589005235281472750e-01,5.056006806484011351e-01,-8.159560288978867648e-02,1.465358136314095783e-01,-4.859185890808158659e-01,8.548401915065446666e-01,1.820202509908259714e-01,-1.965375035757025712e-01,1.617807635931533539e-01,-1.166884686373405172e-01,9.799034573968441464e-01,2.119019327922531115e-01,0.000000000000000000e+00,0.000000000000000000e+00,0.000000000000000000e+00,1.000000000000000000e+00
8.589151945528294974e-01,5.056112148810851803e-01,-8.137559801776020341e-02,1.465265370475911377e-01,-4.858475284952271656e-01,8.547414988717271234e-01,1.826722451868172947e-01,-1.964076941314026326e-01,1.619162364352456640e-01,-1.173638338372874762e-01,9.798004199252311475e-01,2.120228767596483710e-01,0.000000000000000000e+00,0.000000000000000000e+00,0.000000000000000000e+00,1.000000000000000000e+00
8.589446393826596360e-01,5.055639484284658591e-01,-8.135846929000373207e-02,1.466010761183469957e-01,-4.857967735566303680e-01,8.547628962720229540e-01,1.827071042916255661e-01,-1.963670274927340198e-01,1.619123258981877422e-01,-1.174116059258302758e-01,9.797953426691498047e-01,2.120067693860514524e-01,0.000000000000000000e+00,0.000000000000000000e+00,0.000000000000000000e+00,1.000000000000000000e+00
8.589677094306820138e-01,5.055363632190020828e-01,-8.128628186054856486e-02,1.466096937588024507e-01,-4.857655864857048922e-01,8.547646430710187371e-01,1.827818370130716019e-01,-1.962998306487352129e-01,1.618835048471786442e-01,-1.175176174834186987e-01,9.797873955299764015e-01,2.120850036237533764e-01,0.000000000000000000e+00,0.000000000000000000e+00,0.000000000000000000e+00,1.000000000000000000e+00
8.589603427604844965e-01,5.055714437850745702e-01,-8.114582425403162047e-02,1.465918274956663769e-01,-4.858221703801223201e-01,8.547388392013162139e-01,1.827521149752692753e-01,-1.963982580433533132e-01,1.617527382517478518e-01,-1.175543788629831443e-01,9.798045823929381060e-01,2.119671759842014502e-01,0.000000000000000000e+00,0.000000000000000000e+00,0.000000000000000000e+00,1.000000000000000000e+00
8.589275850145230429e-01,5.055973864912620686e-01,-8.133072281939432435e-02,1.465931837329636778e-01,-4.859674141611230458e-01,8.548391599210762859e-01,1.818947031636176381e-01,-1.965440787717018245e-01,1.614901733068338785e-01,-1.167102970548634933e-01,9.799487897266340175e-01,2.118649146922073623e-01,0.000000000000000000e+00,0.000000000000000000e+00,0.000000000000000000e+00,1.000000000000000000e+00
8.588684043358312259e-01,5.056220479007739188e-01,-8.180103122975226904e-02,1.465409582465800886e-01,-4.857697578072791011e-01,8.547368102305570314e-01,1.829008683324118145e-01,-1.963569092749317402e-01,1.623970641159524775e-01,-1.173513098074340649e-01,9.797223400805959992e-01,2.120402840973947267e-01,0.000000000000000000e+00,0.000000000000000000e+00,0.000000000000000000e+00,1.000000000000000000e+00
8.589155107964541180e-01,5.055620546603531995e-01,-8.167713389234752819e-02,1.464999625074345502e-01,-4.858429151345038943e-01,8.548476560654779677e-01,1.821871201072282898e-01,-1.964480660747867091e-01,1.619284012360823755e-01,-1.168010864973455798e-01,9.798656535802069412e-01,2.119841681779000009e-01,0.000000000000000000e+00,0.000000000000000000e+00,0.000000000000000000e+00,1.000000000000000000e+00
8.588643897401418981e-01,5.055642303341054689e-01,-8.219956838680876621e-02,1.465072461274724847e-01,-4.856001870931072051e-01,8.547499637074421619e-01,1.832892736557867330e-01,-1.963094326063316575e-01,1.629245786596772438e-01,-1.175045043766841379e-01,9.796163907978249208e-01,2.121335201521525882e-01,0.000000000000000000e+00,0.000000000000000000e+00,0.000000000000000000e+00,1.000000000000000000e+00
8.589415085259372029e-01,5.055831137254455099e-01,-8.127238182107585085e-02,1.465316140594846717e-01,-4.856800181733763044e-01,8.546399936267066177e-01,1.835903081343125132e-01,-1.961604883252179299e-01,1.622787875179512174e-01,-1.182209643397743315e-01,9.796373812346472754e-01,2.122373221731523874e-01,0.000000000000000000e+00,0.000000000000000000e+00,0.000000000000000000e+00,1.000000000000000000e+00
8.588896304907138735e-01,5.055488686859869185e-01,-8.203014083764607889e-02,1.464492610154361218e-01,-4.856707117654301409e-01,8.547944891645202770e-01,1.828943438907489338e-01,-1.963022918928378768e-01,1.625809409764432667e-01,-1.172464185563288352e-01,9.797044018309444269e-01,2.121610058157905598e-01,0.000000000000000000e+00,0.000000000000000000e+00,0.000000000000000000e+00,1.000000000000000000e+00
8.590089890928924721e-01,5.055200274855428111e-01,-8.095096335821630462e-02,1.466566200416097587e-01,-4.859175779973283760e-01,8.548443277399064844e-01,1.820035239332418175e-01,-1.965033436115480869e-01,1.612068982730502364e-01,-1.170071670536631525e-01,9.799600291885679493e-01,2.118446391294290798e-01,0.000000000000000000e+00,0.000000000000000000e+00,0.000000000000000000e+00,1.000000000000000000e+00
8.589377901294130702e-01,5.055016417570730169e-01,-8.181664175768155189e-02,1.465249130854511805e-01,-4.858409498074257593e-01,8.549449999041545123e-01,1.817350231218631817e-01,-1.964391275788098246e-01,1.618160813325407177e-01,-1.163492042078049932e-01,9.799379666603349470e-01,2.119530163754486107e-01,0.000000000000000000e+00,0.000000000000000000e+00,0.000000000000000000e+00,1.000000000000000000e+00
8.588416506573323117e-01,5.056919215483655083e-01,-8.164985962578774625e-02,1.464003713564530629e-01,-4.857859807293077314e-01,8.546353766828783671e-01,1.833312680613418677e-01,-1.962721228842799481e-01,1.624899997632276993e-01,-1.177881717441811027e-01,9.796545036767349002e-01,2.122289281568605634e-01,0.000000000000000000e+00,0.000000000000000000e+00,0.000000000000000000e+00,1.000000000000000000e+00
8.589076855350238349e-01,5.055873550723894994e-01,-8.160278254921282670e-02,1.465231584924613362e-01,-4.857640289390106614e-01,8.547467273051718717e-01,1.828697360145686013e-01,-1.963829060509069413e-01,1.622063374773271005e-01,-1.174285252909343102e-01,9.797446838489034526e-01,2.120517113697826250e-01,0.000000000000000000e+00,0.000000000000000000e+00,0.000000000000000000e+00,1.000000000000000000e+00
8.589247006304326915e-01,5.055730870251817777e-01,-8.151203790085057022e-02,1.465091284475356914e-01,-4.858953501135530040e-01,8.548460692208240674e-01,1.820546804554444287e-01,-1.964414371899229073e-01,1.617221919989629830e-01,-1.167649417142587048e-01,9.799040162186888336e-01,2.119892844497044404e-01,0.000000000000000000e+00,0.000000000000000000e+00,0.000000000000000000e+00,1.000000000000000000e+00
8.588894168930986117e-01,5.055310942465662816e-01,-8.214184255848479277e-02,1.464989334158237899e-01,-4.857427884201185875e-01,8.548862479502099543e-01,1.822730000945299855e-01,-1.964306423610776009e-01,1.623666007739321127e-01,-1.166525431162217796e-01,9.798108343642853990e-01,2.120463580557947481e-01,0.000000000000000000e+00,0.000000000000000000e+00,0.000000000000000000e+00,1.000000000000000000e+00
8.589944425441193854e-01,5.055021830599786270e-01,-8.121631978804268182e-02,1.466555587251022752e-01,-4.859123984848194300e-01,8.549042385474219241e-01,1.817357529832339391e-01,-1.965529224670863884e-01,1.612999958990943283e-01,-1.166459850798508835e-01,9.799877680296339433e-01,2.118078542960333266e-01,0.000000000000000000e+00,0.000000000000000000e+00,0.000000000000000000e+00,1.000000000000000000e+00
8.589119953673484131e-01,5.055348317677403891e-01,-8.188234292961074634e-02,1.465075644769814611e-01,-4.857512368392704061e-01,8.548478918833809503e-01,1.824303090269226435e-01,-1.963950358655324746e-01,1.622218238191120432e-01,-1.169171313884404401e-01,9.798032783496384290e-01,2.120351640822746297e-01,0.000000000000000000e+00,0.000000000000000000e+00,0.000000000000000000e+00,1.000000000000000000e+00
8.589426718649731951e-01,5.055116495074644112e-01,-8.170348010766750879e-02,1.465733820933258491e-01,-4.856682910524459107e-01,8.547902933728045438e-01,1.829203800067998320e-01,-1.963068626203255396e-01,1.623077247565817560e-01,-1.174373303846684702e-01,9.797268373972739530e-01,2.120663391799613162e-01,0.000000000000000000e+00,0.000000000000000000e+00,0.000000000000000000e+00,1.000000000000000000e+00
8.588314839763040442e-01,5.056440428988141500e-01,-8.205232484214863842e-02,1.464201603873731550e-01,-4.858245436224494229e-01,8.547866433768431804e-01,1.825220729626647886e-01,-1.964446771521993207e-01,1.624284302242007538e-01,-1.168926695113588210e-01,9.797719677911846947e-01,2.120343128171235936e-01,0.000000000000000000e+00,0.000000000000000000e+00,0.000000000000000000e+00,1.000000000000000000e+00
8.588819959877422860e-01,5.055832644200025650e-01,-8.189798353149919941e-02,1.464420078497199462e-01,-4.859711230178002661e-01,8.549463060705509987e-01,1.813804877299039220e-01,-1.966306221423972933e-01,1.617213175834590899e-01,-1.159843803049941113e-01,9.799968566094161559e-01,2.118398956326017490e-01,0.000000000000000000e+00,0.000000000000000000e+00,0.000000000000000000e+00,1.000000000000000000e+00
8.590196859911114480e-01,5.054660101563510644e-01,-8.117445199292776248e-02,1.466422744708816839e-01,-4.858628916950500920e-01,8.549085163892080619e-01,1.818479559382706334e-01,-1.964818366600293575e-01,1.613146910651864219e-01,-1.167713200311737975e-01,9.799704226479086788e-01,2.118566959940346717e-01,0.000000000000000000e+00,0.000000000000000000e+00,0.000000000000000000e+00,1.000000000000000000e+00
8.589742619842254401e-01,5.056058768360910394e-01,-8.078313287724821212e-02,1.466094853676525867e-01,-4.859452599690577967e-01,8.547278879251662964e-01,1.824758666689637876e-01,-1.964925285360419327e-01,1.613084671127354985e-01,-1.174858923947557365e-01,9.798860359888530436e-01,2.118943616178492473e-01,0.000000000000000000e+00,0.000000000000000000e+00,0.000000000000000000e+00,1.000000000000000000e+00
8.588978060787354485e-01,5.055909732882690744e-01,-8.168430964729994637e-02,1.465696813710170299e-01,-4.859137512696635186e-01,8.548627079471854406e-01,1.819273945513674717e-01,-1.965181605550461452e-01,1.618097186209120353e-01,-1.165655107251977185e-01,9.799133107929473008e-01,2.118895043592523564e-01,0.000000000000000000e+00,0.000000000000000000e+00,0.000000000000000000e+00,1.000000000000000000e+00
8.589106393475207657e-01,5.055462221088862229e-01,-8.182622395703034734e-02,1.465802724513246003e-01,-4.858306875432357730e-01,8.548819361926488503e-01,1.820588317351697349e-01,-1.964793197621458876e-01,1.619909153529918433e-01,-1.166185769204064610e-01,9.798770590539199743e-01,2.119016348160878138e-01,0.000000000000000000e+00,0.000000000000000000e+00,0.000000000000000000e+00,1.000000000000000000e+00
8.589180200011791166e-01,5.055894333927474227e-01,-8.148103925978625317e-02,1.465239183110716159e-01,-4.857501732488683222e-01,8.547152200180823112e-01,1.830537130411063751e-01,-1.962844987943604957e-01,1.621931074551217489e-01,-1.176487038221920856e-01,9.797204593061276112e-01,2.121480892387295203e-01,0.000000000000000000e+00,0.000000000000000000e+00,0.000000000000000000e+00,1.000000000000000000e+00
8.589914116363974728e-01,5.054662528788251841e-01,-8.147160201904179999e-02,1.466267518190050023e-01,-4.856234815390350623e-01,8.547804264900491500e-01,1.830853808128776461e-01,-1.962181182128196477e-01,1.621838121170420810e-01,-1.177042466953913957e-01,9.797153267133543730e-01,2.121011232318066320e-01,0.000000000000000000e+00,0.000000000000000000e+00,0.000000000000000000e+00,1.000000000000000000e+00
8.589403191565803120e-01,5.056107610748714620e-01,-8.111280054640727932e-02,1.465597326441501758e-01,-4.857081109040545241e-01,8.545999063004418028e-01,1.837025616405246753e-01,-1.962416271922452771e-01,1.622009837491952822e-01,-1.183923918018607857e-01,9.796295638833222297e-01,2.121209857301398216e-01,0.000000000000000000e+00,0.000000000000000000e+00,0.000000000000000000e+00,1.000000000000000000e+00
8.590011769772918360e-01,5.055407152016586636e-01,-8.090465515051063761e-02,1.466046549298724855e-01,-4.859042173295366474e-01,8.548008364214332300e-01,1.822433034012193587e-01,-1.964692721530966191e-01,1.612887768352093687e-01,-1.172352989786521887e-01,9.799192901154606394e-01,2.118791592757711673e-01,0.000000000000000000e+00,0.000000000000000000e+00,0.000000000000000000e+00,1.000000000000000000e+00
8.588763845983216072e-01,5.054777548070138460e-01,-8.260505659205538698e-02,1.465095364128554678e-01,-4.858269165128695777e-01,8.550846131117633142e-01,1.811146366561897092e-01,-1.966435100185942031e-01,1.621837327567518250e-01,-1.154233243966175104e-01,9.799866800188256066e-01,2.118197666111958366e-01,0.000000000000000000e+00,0.000000000000000000e+00,0.000000000000000000e+00,1.000000000000000000e+00
8.590217118850098643e-01,5.054833944154870640e-01,-8.104465732140503365e-02,1.466670063926939771e-01,-4.858327938474480967e-01,8.548443855378335954e-01,1.822294513431528540e-01,-1.964213327787183994e-01,1.613945319164495351e-01,-1.171649029557940425e-01,9.799102972123669986e-01,2.119472013060146320e-01,0.000000000000000000e+00,0.000000000000000000e+00,0.000000000000000000e+00,1.000000000000000000e+00
8.589749104481374520e-01,5.054216689690369524e-01,-8.192093601252312118e-02,1.466448249685956551e-01,-4.856563663564306133e-01,8.549305794185890761e-01,1.822953597666829295e-01,-1.963998530644840701e-01,1.621727382702874420e-01,-1.168017162183377922e-01,9.798251691247618078e-01,2.118859146026612628e-01,0.000000000000000000e+00,0.000000000000000000e+00,0.000000000000000000e+00,1.000000000000000000e+00
8.588675937146327266e-01,5.055780486310471611e-01,-8.208101613198648394e-02,1.464265439258508605e-01,-4.858435472372507058e-01,8.548892238249174991e-01,1.819902815975503185e-01,-1.964607703467268485e-01,1.621804676117386823e-01,-1.164270231967341057e-01,9.798684831112720595e-01,2.120440628525572802e-01,0.000000000000000000e+00,0.000000000000000000e+00,0.000000000000000000e+00,1.000000000000000000e+00
8.589447843197038912e-01,5.055000646167848721e-01,-8.175293366236979775e-02,1.465514197703653987e-01,-4.857442274139677774e-01,8.548676350848546379e-01,1.823564422180789513e-01,-1.963189142367871842e-01,1.620691303857249577e-01,-1.169230993296632021e-01,9.798278347848466963e-01,2.120282192293929668e-01,0.000000000000000000e+00,0.000000000000000000e+00,0.000000000000000000e+00,1.000000000000000000e+00
8.589186278161932142e-01,5.054967260445771826e-01,-8.204785645317938525e-02,1.465620972000858668e-01,-4.856102459350112310e-01,8.548205104310322433e-01,1.829332774247693361e-01,-1.963259620816098783e-01,1.626083633559041175e-01,-1.172815198769329159e-01,9.796956493024101542e-01,2.120069875206218590e-01,0.000000000000000000e+00,0.000000000000000000e+00,0.000000000000000000e+00,1.000000000000000000e+00
8.589078528327307449e-01,5.055309201961836196e-01,-8.194991804674338354e-02,1.465025678063368586e-01,-4.858746625892259585e-01,8.549519707979159611e-01,1.816120587476650061e-01,-1.965728683550447276e-01,1.618737551182213852e-01,-1.161706346473125734e-01,9.799496267918911263e-01,2.118357988319539142e-01,0.000000000000000000e+00,0.000000000000000000e+00,0.000000000000000000e+00,1.000000000000000000e+00
8.589393802811134959e-01,5.055118770353379531e-01,-8.173666972972412625e-02,1.465415988804360248e-01,-4.859452594345262111e-01,8.549946935935631709e-01,1.812216288414824072e-01,-1.965775863707345250e-01,1.614941046459828777e-01,-1.159388463935118740e-01,9.800397124920673386e-01,2.118423163567868528e-01,0.000000000000000000e+00,0.000000000000000000e+00,0.000000000000000000e+00,1.000000000000000000e+00
8.588870345611068213e-01,5.055996571851910648e-01,-8.174379803413490964e-02,1.464682079999373165e-01,-4.859196075581445617e-01,8.548648615997194167e-01,1.819016310884306598e-01,-1.964559729978071767e-01,1.618493029128237892e-01,-1.165120382463115667e-01,9.799131329308344851e-01,2.119561426856966246e-01,0.000000000000000000e+00,0.000000000000000000e+00,0.000000000000000000e+00,1.000000000000000000e+00
8.589186594926402352e-01,5.055148947317495978e-01,-8.193550866208386407e-02,1.465535652599418148e-01,-4.857080094925078084e-01,8.548504535417784655e-01,1.825333711797428871e-01,-1.963273282172028622e-01,1.623159446579177656e-01,-1.169845856673603773e-01,9.797796389117524596e-01,2.120597649238784577e-01,0.000000000000000000e+00,0.000000000000000000e+00,0.000000000000000000e+00,1.000000000000000000e+00
8.589719911368297600e-01,5.055170223665612639e-01,-8.136128403654810382e-02,1.465926961655550920e-01,-4.857147577517830772e-01,8.547642437442142249e-01,1.829187298187602007e-01,-1.962190782672491862e-01,1.620132480526114138e-01,-1.176036892024542591e-01,9.797556224597110397e-01,2.120892325436409820e-01,0.000000000000000000e+00,0.000000000000000000e+00,0.000000000000000000e+00,1.000000000000000000e+00
8.589197424875735232e-01,5.056003635847767796e-01,-8.139501402433899080e-02,1.464859103753726188e-01,-4.859324900668486324e-01,8.548199373228472231e-01,1.820782520039007646e-01,-1.964838016075718674e-01,1.616369112007305098e-01,-1.168381234799048124e-01,9.799093640940380601e-01,2.119579515281604376e-01,0.000000000000000000e+00,0.000000000000000000e+00,0.000000000000000000e+00,1.000000000000000000e+00
8.587905505540489592e-01,5.056086843979042955e-01,-8.269612167746304143e-02,1.463118696676445618e-01,-4.858106705870022801e-01,8.549198085561044991e-01,1.819343653139796346e-01,-1.964577154720366925e-01,1.626861476059980050e-01,-1.160688554256213700e-01,9.798271470914170500e-01,2.120837523098768607e-01,0.000000000000000000e+00,0.000000000000000000e+00,0.000000000000000000e+00,1.000000000000000000e+00
8.589262193494673348e-01,5.055327727163821949e-01,-8.174573642531687834e-02,1.465631030914735233e-01,-4.856923915199769515e-01,8.547870847182044152e-01,1.828713772534092119e-01,-1.963522563463673265e-01,1.623226741205188450e-01,-1.173697384705270907e-01,9.797324603981047986e-01,2.120374041470576287e-01,0.000000000000000000e+00,0.000000000000000000e+00,0.000000000000000000e+00,1.000000000000000000e+00
8.589874251751261625e-01,5.055372905877868472e-01,-8.107188918587387993e-02,1.465972588500471796e-01,-4.857740306776560102e-01,8.547364161672763583e-01,1.828913611866462285e-01,-1.963004333918979272e-01,1.617534992208538580e-01,-1.177187610480169982e-01,9.797847206336344206e-01,2.120590289890003088e-01,0.000000000000000000e+00,0.000000000000000000e+00,0.000000000000000000e+00,1.000000000000000000e+00
8.588950649316863251e-01,5.055240560719557186e-01,-8.212609919235458467e-02,1.465536697439272507e-01,-4.857700493214283100e-01,8.549124403417311946e-01,1.820773970903666883e-01,-1.965120108705322721e-01,1.622551281724292083e-01,-1.164909785412763243e-01,9.798485216094600103e-01,2.119126685375705144e-01,0.000000000000000000e+00,0.000000000000000000e+00,0.000000000000000000e+00,1.000000000000000000e+00
8.590214677199223825e-01,5.055392578831463535e-01,-8.069805905514904065e-02,1.466716747805146548e-01,-4.857968866811375186e-01,8.546924758835506841e-01,1.830359433525571844e-01,-1.962689645979195929e-01,1.615038788612356557e-01,-1.180289388540122220e-01,9.797885826573871082e-01,2.120581417776212785e-01,0.000000000000000000e+00,0.000000000000000000e+00,0.000000000000000000e+00,1.000000000000000000e+00
8.589092341701257682e-01,5.055702872452241259e-01,-8.169217901408826199e-02,1.464907840773246039e-01,-4.857793669559623551e-01,8.547935140667191067e-01,1.826101173246826304e-01,-1.962955138736630356e-01,1.621521942409438477e-01,-1.171611410163430067e-01,9.797856566303653203e-01,2.121692089386388869e-01,0.000000000000000000e+00,0.000000000000000000e+00,0.000000000000000000e+00,1.000000000000000000e+00
8.588953886543638783e-01,5.055755567104722736e-01,-8.180505977728615152e-02,1.465166456959059171e-01,-4.856094230714710913e-01,8.546811671864141813e-01,1.835853770894128045e-01,-1.962533981516855763e-01,1.627335231980871488e-01,-1.179553259236940099e-01,9.795939676793508077e-01,2.121394938321106149e-01,0.000000000000000000e+00,0.000000000000000000e+00,0.000000000000000000e+00,1.000000000000000000e+00
8.590446589049237636e-01,5.056090373943092908e-01,-8.001109493141173035e-02,1.466745255815187776e-01,-4.861806626436025458e-01,8.547761841775816105e-01,1.816205886848756557e-01,-1.965523477934351115e-01,1.602205894332900948e-01,-1.171203495043165177e-01,9.801082524158420961e-01,2.117735969407557040e-01,0.000000000000000000e+00,0.000000000000000000e+00,0.000000000000000000e+00,1.000000000000000000e+00
8.588814595161059495e-01,5.055468149612474260e-01,-8.212829221420796244e-02,1.464902890101489885e-01,-4.855321641909242647e-01,8.547122146546191068e-01,1.836451677999562659e-01,-1.962367797976684869e-01,1.630372841884991097e-01,-1.178535022930375792e-01,9.795557135567654061e-01,2.122040066179027296e-01,0.000000000000000000e+00,0.000000000000000000e+00,0.000000000000000000e+00,1.000000000000000000e+00
8.589630536185171028e-01,5.055778164569527666e-01,-8.107739527742773011e-02,1.465486093567490156e-01,-4.858713294834082763e-01,8.547557750751745287e-01,1.825420942184648732e-01,-1.964213554692849639e-01,1.615906052478848220e-01,-1.174037328293160154e-01,9.798493964958925329e-01,2.119635675272570907e-01,0.000000000000000000e+00,0.000000000000000000e+00,0.000000000000000000e+00,1.000000000000000000e+00
8.588789884500589444e-01,5.055846962209346040e-01,-8.192068204176930490e-02,1.464905752556867335e-01,-4.857357478007018337e-01,8.547786122091574068e-01,1.827958079888040710e-01,-1.962982271383415245e-01,1.624428099593709929e-01,-1.172076749064329126e-01,9.797319502984127570e-01,2.121298006123177871e-01,0.000000000000000000e+00,0.000000000000000000e+00,0.000000000000000000e+00,1.000000000000000000e+00
8.589212806934057864e-01,5.054893382308383032e-01,-8.206559880332825463e-02,1.464948450684286918e-01,-4.856202081078444532e-01,8.548398951976599047e-01,1.828162111404446066e-01,-1.962527985023186927e-01,1.625645934676228921e-01,-1.171720210348995983e-01,9.797160151989471322e-01,2.121649487701628978e-01,0.000000000000000000e+00,0.000000000000000000e+00,0.000000000000000000e+00,1.000000000000000000e+00
8.588590359793690787e-01,5.056199580813153238e-01,-8.191223538908962154e-02,1.464789042688589282e-01,-4.859583625759836267e-01,8.548923401056294225e-01,1.816688103973533863e-01,-1.966442195053150488e-01,1.618815188928542093e-01,-1.162219635807691942e-01,9.799422580042014275e-01,2.118126102693993484e-01,0.000000000000000000e+00,0.000000000000000000e+00,0.000000000000000000e+00,1.000000000000000000e+00
8.587786207809116057e-01,5.056696849912726277e-01,-8.244665045022993299e-02,1.463442969563998330e-01,-4.858504949837730291e-01,8.548325568894408200e-01,1.822377463806105213e-01,-1.965517851162938978e-01,1.626301848171427533e-01,-1.164451345599639281e-01,9.797917909554324511e-01,2.120183772335342276e-01,0.000000000000000000e+00,0.000000000000000000e+00,0.000000000000000000e+00,1.000000000000000000e+00
8.589015044116129483e-01,5.055157412740667322e-01,-8.210993267321066436e-02,1.465751400602459953e-01,-4.856985020018035892e-01,8.548692079199637917e-01,1.824708264449364792e-01,-1.963104016767026894e-01,1.624351281979127815e-01,-1.168437960459388913e-01,9.797766870327662136e-01,2.121125197489852621e-01,0.000000000000000000e+00,0.000000000000000000e+00,0.000000000000000000e+00,1.000000000000000000e+00
8.589603650310049243e-01,5.054791404377874109e-01,-8.171860184853166342e-02,1.465750497878065273e-01,-4.855605065832633849e-01,8.547563766793652151e-01,1.833644757649861845e-01,-1.961612081816295761e-01,1.625364136198652887e-01,-1.178234913259623429e-01,9.796425568233310122e-01,2.121802251500861658e-01,0.000000000000000000e+00,0.000000000000000000e+00,0.000000000000000000e+00,1.000000000000000000e+00
8.587931765551031216e-01,5.055842881498751051e-01,-8.281791761677927133e-02,1.463467068771909796e-01,-4.857157558513571782e-01,8.549016370123545538e-01,1.822728601611914578e-01,-1.963759107947618543e-01,1.629554675981766398e-01,-1.163087211243443442e-01,9.797539471572845882e-01,2.120853850248836103e-01,0.000000000000000000e+00,0.000000000000000000e+00,0.000000000000000000e+00,1.000000000000000000e+00
8.590381359399178463e-01,5.054229672026619991e-01,-8.124718595082858208e-02,1.466454251767899120e-01,-4.858612898828663651e-01,8.549738079335735819e-01,1.815450212507153105e-01,-1.964812858326987766e-01,1.612212392776738723e-01,-1.164792340789645442e-01,9.800205610262211486e-01,2.118558491642577035e-01,0.000000000000000000e+00,0.000000000000000000e+00,0.000000000000000000e+00,1.000000000000000000e+00
8.588971741708655294e-01,5.055409791057734470e-01,-8.199977223186621922e-02,1.466033664501243949e-01,-4.857772785003328653e-01,8.548767075663430415e-01,1.822258229596978030e-01,-1.964911165575686236e-01,1.622223162641687755e-01,-1.166796182086017319e-01,9.798315093936216247e-01,2.119121706644226943e-01,0.000000000000000000e+00,0.000000000000000000e+00,0.000000000000000000e+00,1.000000000000000000e+00
8.589185203766638299e-01,5.055995919759344037e-01,-8.141270139070008738e-02,1.465378378971711193e-01,-4.855728423981509057e-01,8.545624947627109558e-01,1.842334314675601603e-01,-1.960699468872357798e-01,1.627205889841329689e-01,-1.187097095384381240e-01,9.795049845620780182e-01,2.123034397234948578e-01,0.000000000000000000e+00,0.000000000000000000e+00,0.000000000000000000e+00,1.000000000000000000e+00
8.590023002179406619e-01,5.055450276114000774e-01,-8.086577321509788585e-02,1.465158552226594191e-01,-4.858791866018258854e-01,8.547710673970100315e-01,1.824495501998407709e-01,-1.963966314691479309e-01,1.613581861804198048e-01,-1.174335871817123733e-01,9.798841198602006308e-01,2.119335097560393066e-01,0.000000000000000000e+00,0.000000000000000000e+00,0.000000000000000000e+00,1.000000000000000000e+00
8.588982304014229907e-01,5.056189322727062674e-01,-8.150659568840379343e-02,1.464699345820999754e-01,-4.859846937471499762e-01,8.548508436462827209e-01,1.817935987891976524e-01,-1.965380353388658241e-01,1.615942674007753155e-01,-1.165312423543464204e-01,9.799529388182677270e-01,2.118596907549044062e-01,0.000000000000000000e+00,0.000000000000000000e+00,0.000000000000000000e+00,1.000000000000000000e+00
8.589528106010939634e-01,5.055717290361387839e-01,-8.122374012497901585e-02,1.465454484301809690e-01,-4.857975871157717007e-01,8.547326574138738309e-01,1.828463527191929172e-01,-1.963122918024829411e-01,1.618665299343112762e-01,-1.175980916070764604e-01,9.797805444778939776e-01,2.120452786670306011e-01,0.000000000000000000e+00,0.000000000000000000e+00,0.000000000000000000e+00,1.000000000000000000e+00
8.589683766735757287e-01,5.055198721487756952e-01,-8.138173466723128135e-02,1.465699184751407536e-01,-4.859639771621795390e-01,8.549440092732398799e-01,1.814104569988043980e-01,-1.966049450922865149e-01,1.612834175465002740e-01,-1.162772543126296132e-01,9.800343153961689202e-01,2.117783322392301493e-01,0.000000000000000000e+00,0.000000000000000000e+00,0.000000000000000000e+00,1.000000000000000000e+00
8.589837527026475961e-01,5.054571017963751522e-01,-8.160901198082100294e-02,1.465914726134039947e-01,-4.857780790133868765e-01,8.549251784597147186e-01,1.819961460737250236e-01,-1.964344122755906086e-01,1.617608436641591596e-01,-1.166878634616038413e-01,9.799068180076234702e-01,2.119231746696303986e-01,0.000000000000000000e+00,0.000000000000000000e+00,0.000000000000000000e+00,1.000000000000000000e+00
8.590330008470158374e-01,5.054899176882374778e-01,-8.088415525497177905e-02,1.466777713251949111e-01,-4.858465813432072955e-01,8.548212528522988185e-01,1.823011932740566943e-01,-1.964794733909955016e-01,1.612929101135251453e-01,-1.173054508007434493e-01,9.799102144378051271e-01,2.118368214647281533e-01,0.000000000000000000e+00,0.000000000000000000e+00,0.000000000000000000e+00,1.000000000000000000e+00
8.588786874690345075e-01,5.056289495741641549e-01,-8.165026371051004039e-02,1.464422589404453801e-01,-4.858312275724840368e-01,8.547491792357997387e-01,1.826796620074055411e-01,-1.964156312774926749e-01,1.621586215003128495e-01,-1.172314204821131717e-01,9.797761864450800218e-01,2.120716588721163198e-01,0.000000000000000000e+00,0.000000000000000000e+00,0.000000000000000000e+00,1.000000000000000000e+00
8.589741633729409687e-01,5.054386576839500211e-01,-8.182389612089592534e-02,1.466951812943134148e-01,-4.856428939448191318e-01,8.548842135810329479e-01,1.825485166492465672e-01,-1.964050429074452597e-01,1.622170343048396357e-01,-1.170672656577657900e-01,9.797861445707205519e-01,2.119261853842873133e-01,0.000000000000000000e+00,0.000000000000000000e+00,0.000000000000000000e+00,1.000000000000000000e+00
8.589191510340540292e-01,5.055613257444738773e-01,-8.164335795660251915e-02,1.465166166959474270e-01,-4.856964626316939704e-01,8.547375353979549395e-01,1.830920308721528389e-01,-1.962789768815730862e-01,1.623478924224131537e-01,-1.176073615609153078e-01,9.796997858184316454e-01,2.121614401669895678e-01,0.000000000000000000e+00,0.000000000000000000e+00,0.000000000000000000e+00,1.000000000000000000e+00
8.590178388911900997e-01,5.054598440238536883e-01,-8.123237375634989599e-02,1.466455237163097891e-01,-4.858516287532574918e-01,8.549171672289367363e-01,1.818373779371489640e-01,-1.964756321905972714e-01,1.613584435488786828e-01,-1.167346703281942621e-01,9.799675859123360144e-01,2.118939708619358431e-01,0.000000000000000000e+00,0.000000000000000000e+00,0.000000000000000000e+00,1.000000000000000000e+00
8.589259112861624690e-01,5.055036585861594212e-01,-8.192881103276809795e-02,1.465491669851300138e-01,-4.858064023855066527e-01,8.549346487022805308e-01,1.818760177966281533e-01,-1.965112582548690923e-01,1.619827716841720777e-01,-1.164164833875160759e-01,9.799024359971749698e-01,2.119162784709487379e-01,0.000000000000000000e+00,0.000000000000000000e+00,0.000000000000000000e+00,1.000000000000000000e+00
8.588230703516421816e-01,5.056512182101688957e-01,-8.209615919366020087e-02,1.464225416767681309e-01,-4.857425175021845010e-01,8.547250768124925457e-01,1.830280026622128631e-01,-1.963445063385050593e-01,1.627179784855337930e-01,-1.173110761627015330e-01,9.796739104861017511e-01,2.121562846354381193e-01,0.000000000000000000e+00,0.000000000000000000e+00,0.000000000000000000e+00,1.000000000000000000e+00
8.590010948937383262e-01,5.056728364669245135e-01,-8.007559822351562051e-02,1.465392377988814498e-01,-4.861651303327304552e-01,8.546922727506069961e-01,1.820565432742293488e-01,-1.965211435476858504e-01,1.605010436723639522e-01,-1.174568063583254218e-01,9.800220985366528970e-01,2.119013082928218328e-01,0.000000000000000000e+00,0.000000000000000000e+00,0.000000000000000000e+00,1.000000000000000000e+00
8.588889465298306103e-01,5.055612527662026734e-01,-8.196094942315912402e-02,1.465457961179714164e-01,-4.859113515833363706e-01,8.549411456198680037e-01,1.815648532305825236e-01,-1.964620806129865060e-01,1.618639426534927428e-01,-1.161182898067976144e-01,9.799574515462451396e-01,2.120720528352495471e-01,0.000000000000000000e+00,0.000000000000000000e+00,0.000000000000000000e+00,1.000000000000000000e+00
8.588500328228820813e-01,5.054940016743151299e-01,-8.277943821639394129e-02,1.465539233497387406e-01,-4.856257613582863897e-01,8.549467792110948539e-01,1.823009177754185972e-01,-1.963327349447930859e-01,1.629240345232064735e-01,-1.163693215064122433e-01,9.797519788124023910e-01,2.120282222395020177e-01,0.000000000000000000e+00,0.000000000000000000e+00,0.000000000000000000e+00,1.000000000000000000e+00
8.589087078671362452e-01,5.054338738521718666e-01,-8.253745036523256473e-02,1.465444815352293373e-01,-4.854615754740557176e-01,8.548691469391138664e-01,1.831005197967485176e-01,-1.961251295896674074e-01,1.631039248094727223e-01,-1.171978701785088006e-01,9.796232790911858501e-01,2.122913999103821503e-01,0.000000000000000000e+00,0.000000000000000000e+00,0.000000000000000000e+00,1.000000000000000000e+00
8.589149655063135214e-01,5.055118680055988856e-01,-8.199288587907350989e-02,1.465914828349550725e-01,-4.857565812596800203e-01,8.548980746749841320e-01,1.821807500256645285e-01,-1.964495142851922505e-01,1.621900915352003092e-01,-1.166491886919741039e-01,9.798404671094719243e-01,2.119559079723725148e-01,0.000000000000000000e+00,0.000000000000000000e+00,0.000000000000000000e+00,1.000000000000000000e+00
8.590058468755363830e-01,5.055171380889138533e-01,-8.100233411474691558e-02,1.466150138264149805e-01,-4.857295785455101322e-01,8.547192489302516405e-01,1.830895464905304970e-01,-1.962537376986710214e-01,1.617891577320438590e-01,-1.179297613263973754e-01,9.797534586996134998e-01,2.120573480244829501e-01,0.000000000000000000e+00,0.000000000000000000e+00,0.000000000000000000e+00,1.000000000000000000e+00
8.590751161399914348e-01,5.055192538919531797e-01,-8.025103596579555298e-02,1.466525183584479475e-01,-4.858888741208676754e-01,8.547160371995531358e-01,1.826814105470171978e-01,-1.963204148519974157e-01,1.609408178015012958e-01,-1.179439684698425639e-01,9.798914600439014855e-01,2.119632399201318851e-01,0.000000000000000000e+00,0.000000000000000000e+00,0.000000000000000000e+00,1.000000000000000000e+00
8.590065949378028476e-01,5.054419843889887964e-01,-8.146207872552015117e-02,1.466379933440916938e-01,-4.857107644582955297e-01,8.548734400870499073e-01,1.824183508396875486e-01,-1.963677563155414307e-01,1.618416607141058838e-01,-1.171315578768352267e-01,9.798405354988362070e-01,2.120345145924658059e-01,0.000000000000000000e+00,0.000000000000000000e+00,0.000000000000000000e+00,1.000000000000000000e+00
8.588588584095504519e-01,5.055647467980587395e-01,-8.225416783640052132e-02,1.465120247810600407e-01,-4.856965384145386366e-01,8.548270562357579427e-01,1.826734148677443825e-01,-1.963726667307523766e-01,1.626663268890601310e-01,-1.169401159667769197e-01,9.797268371204793658e-01,2.120949226473578531e-01,0.000000000000000000e+00,0.000000000000000000e+00,0.000000000000000000e+00,1.000000000000000000e+00
8.588922175583193486e-01,5.055429234236502589e-01,-8.203969279575565321e-02,1.464358744479470897e-01,-4.857851886375328943e-01,8.548859926858539682e-01,1.821611649334694272e-01,-1.962885176240576346e-01,1.622248720700659175e-01,-1.166031392621628970e-01,9.798401904372260329e-01,2.121385259875117058e-01,0.000000000000000000e+00,0.000000000000000000e+00,0.000000000000000000e+00,1.000000000000000000e+00
8.589164460572499271e-01,5.055677983020672173e-01,-8.163173410128975183e-02,1.465670080031122591e-01,-4.857864952906528755e-01,8.547925764413218941e-01,1.825955428098710032e-01,-1.964550757598273745e-01,1.620926268699717232e-01,-1.171787206825847943e-01,9.797934107420732674e-01,2.119302910479454738e-01,0.000000000000000000e+00,0.000000000000000000e+00,0.000000000000000000e+00,1.000000000000000000e+00
8.589518819242127901e-01,5.055962053610989493e-01,-8.108108079762403608e-02,1.466019094876694906e-01,-4.857299440860776141e-01,8.546296899033847261e-01,1.835061703425271695e-01,-1.962767985794486025e-01,1.620743223246338682e-01,-1.182394615181502073e-01,9.796689970509981915e-01,2.120952440474135337e-01,0.000000000000000000e+00,0.000000000000000000e+00,0.000000000000000000e+00,1.000000000000000000e+00
8.589978273076810389e-01,5.055334967422855375e-01,-8.098528478804731257e-02,1.466544136466065851e-01,-4.858679320623249809e-01,8.547962051243278570e-01,1.823617292595356432e-01,-1.964874882613123486e-01,1.614158767722787824e-01,-1.173001763705656675e-01,9.798905976430587472e-01,2.118691580749865189e-01,0.000000000000000000e+00,0.000000000000000000e+00,0.000000000000000000e+00,1.000000000000000000e+00
8.589532423804768779e-01,5.055218129008971495e-01,-8.152928360691041876e-02,1.465244524109116098e-01,-4.859737007115144114e-01,8.549709561191127793e-01,1.812573485669630169e-01,-1.965626843713371708e-01,1.613347130062874890e-01,-1.160704995860722955e-01,9.800503811054911418e-01,2.117971195246588501e-01,0.000000000000000000e+00,0.000000000000000000e+00,0.000000000000000000e+00,1.000000000000000000e+00
8.588134478645677028e-01,5.056535140879979684e-01,-8.218263476813308932e-02,1.464544681074221588e-01,-4.858056576628027035e-01,8.547808451718970080e-01,1.825994789423818765e-01,-1.964545951911008392e-01,1.625802102034108743e-01,-1.168940991567856830e-01,9.797466227716931098e-01,2.120070111526144441e-01,0.000000000000000000e+00,0.000000000000000000e+00,0.000000000000000000e+00,1.000000000000000000e+00
8.589263474370560925e-01,5.055530655100650694e-01,-8.161879459912121937e-02,1.465267860112081655e-01,-4.856159118259013585e-01,8.546859476532250310e-01,1.835459535528015662e-01,-1.961810809818256007e-01,1.625506562888507089e-01,-1.180170701105762027e-01,9.796168921076133795e-01,2.121941575697128268e-01,0.000000000000000000e+00,0.000000000000000000e+00,0.000000000000000000e+00,1.000000000000000000e+00
8.589438365814696663e-01,5.055945782951167811e-01,-8.117640049477817255e-02,1.465647603890918860e-01,-4.858587364935255670e-01,8.547403184580867341e-01,1.826479569419905413e-01,-1.963000856754713863e-01,1.617305591767382589e-01,-1.174440735020351040e-01,9.798214714056985297e-01,2.120553575640973243e-01,0.000000000000000000e+00,0.000000000000000000e+00,0.000000000000000000e+00,1.000000000000000000e+00
8.589150588582965540e-01,5.056166026272287395e-01,-8.134354807941648891e-02,1.465158591363531493e-01,-4.859701368800179444e-01,8.548183961218730476e-01,1.819849876018497514e-01,-1.965550178792002667e-01,1.615485924645148619e-01,-1.167791111429087592e-01,9.799309626057370881e-01,2.118726864285385147e-01,0.000000000000000000e+00,0.000000000000000000e+00,0.000000000000000000e+00,1.000000000000000000e+00
8.588829533538862027e-01,5.056339220463996753e-01,-8.157456291076267685e-02,1.464642602998824927e-01,-4.858202788367875780e-01,8.547232129237923859e-01,1.828302107425786582e-01,-1.963295189457671674e-01,1.621688290302809032e-01,-1.173991744656035507e-01,9.797544104140295529e-01,2.120800168969199095e-01,0.000000000000000000e+00,0.000000000000000000e+00,0.000000000000000000e+00,1.000000000000000000e+00
8.589413669081825686e-01,5.054996253329715472e-01,-8.179154603092310405e-02,1.465344842723093621e-01,-4.857872539514798693e-01,8.549051186173548533e-01,1.820658728595976050e-01,-1.964420198468804224e-01,1.619582418779101363e-01,-1.166506191585459373e-01,9.798786460259988340e-01,2.120275633371069279e-01,0.000000000000000000e+00,0.000000000000000000e+00,0.000000000000000000e+00,1.000000000000000000e+00
8.589004388990838512e-01,5.055454392574988409e-01,-8.193805529120211373e-02,1.464753527487316076e-01,-4.859420834035493852e-01,8.549799479277352399e-01,1.812996972388683237e-01,-1.965723353314492716e-01,1.617106293240470616e-01,-1.159012402324930135e-01,9.800084565329989505e-01,2.118960966673617552e-01,0.000000000000000000e+00,0.000000000000000000e+00,0.000000000000000000e+00,1.000000000000000000e+00
8.589068317878850722e-01,5.054984134058907452e-01,-8.216086874068978529e-02,1.465187045326273862e-01,-4.856141629278638017e-01,8.548385119527810438e-01,1.828387356284906784e-01,-1.963032124469473172e-01,1.626589655443801685e-01,-1.171429576478334456e-01,9.797038268790981830e-01,2.120996379600941228e-01,0.000000000000000000e+00,0.000000000000000000e+00,0.000000000000000000e+00,1.000000000000000000e+00
8.589076496514981285e-01,5.055593270325589028e-01,-8.177662392472370700e-02,1.464573293345973193e-01,-4.859174295142718591e-01,8.549199873571919905e-01,1.816481954532484511e-01,-1.965245767010593836e-01,1.617464097418616353e-01,-1.162823377283285220e-01,9.799574056396803678e-01,2.119891097344155373e-01,0.000000000000000000e+00,0.000000000000000000e+00,0.000000000000000000e+00,1.000000000000000000e+00
8.589313971352523502e-01,5.055376104900646261e-01,-8.166137027554165595e-02,1.465362191434323447e-01,-4.857213306775363115e-01,8.547888089739794637e-01,1.827864354313232798e-01,-1.963042507960001404e-01,1.622086432349610363e-01,-1.173363389272120000e-01,9.797553468223746398e-01,2.120473597240393193e-01,0.000000000000000000e+00,0.000000000000000000e+00,0.000000000000000000e+00,1.000000000000000000e+00
8.588956154395174236e-01,5.055243109194105244e-01,-8.211877281248301796e-02,1.465584142731519990e-01,-4.855629488805734972e-01,8.547618858118308793e-01,1.833323245851767314e-01,-1.962037513029855351e-01,1.628709441649264233e-01,-1.175894962692595747e-01,9.796151111094436592e-01,2.121669021922318876e-01,0.000000000000000000e+00,0.000000000000000000e+00,0.000000000000000000e+00,1.000000000000000000e+00
8.588687768620610896e-01,5.055821300440235255e-01,-8.204348792936291823e-02,1.465210318425121394e-01,-4.857107559187467949e-01,8.547827336352860073e-01,1.828429376919642191e-01,-1.963473677475029433e-01,1.625714787910443326e-01,-1.171886857129818826e-01,9.797128794828398046e-01,2.120926163346348314e-01,0.000000000000000000e+00,0.000000000000000000e+00,0.000000000000000000e+00,1.000000000000000000e+00
8.588604314149477226e-01,5.055539219579027188e-01,-8.230426078103664222e-02,1.464582804099795743e-01,-4.857497068940216378e-01,8.548867350793648567e-01,1.822522769068088966e-01,-1.964591408908738512e-01,1.624991741582159643e-01,-1.165499986200207450e-01,9.798010595113536558e-01,2.119955275614915369e-01,0.000000000000000000e+00,0.000000000000000000e+00,0.000000000000000000e+00,1.000000000000000000e+00
8.588483343787620683e-01,5.056209995046734296e-01,-8.201794556510930145e-02,1.463805515283122805e-01,-4.858630102240950044e-01,8.548385919514687181e-01,1.821760604646267823e-01,-1.963612134519719943e-01,1.622241468795786457e-01,-1.166121201690693832e-01,9.798392417120613818e-01,2.121448524611566633e-01,0.000000000000000000e+00,0.000000000000000000e+00,0.000000000000000000e+00,1.000000000000000000e+00
8.589453554126247337e-01,5.055959764147147650e-01,-8.115161765689871132e-02,1.465190242822929367e-01,-4.858025809511667958e-01,8.546938664400842711e-01,1.830143355338183508e-01,-1.962676210522848463e-01,1.618911015351532645e-01,-1.177756481746172618e-01,9.797551571391620584e-01,2.120747250189103372e-01,0.000000000000000000e+00,0.000000000000000000e+00,0.000000000000000000e+00,1.000000000000000000e+00
8.590321819163868611e-01,5.054757335354741477e-01,-8.098143761841876398e-02,1.466765381319626582e-01,-4.858116125964966892e-01,8.548291250377469952e-01,1.823574622920358657e-01,-1.963923898555305358e-01,1.614025634813862076e-01,-1.173092059216762073e-01,9.798917096841174290e-01,2.119187755569209575e-01,0.000000000000000000e+00,0.000000000000000000e+00,0.000000000000000000e+00,1.000000000000000000e+00
8.589377082453750756e-01,5.054954350817495445e-01,-8.185583953326625029e-02,1.465326810879147013e-01,-4.858680577836519410e-01,8.549783828107798689e-01,1.815053590167667874e-01,-1.964783236873760552e-01,1.617351037336203501e-01,-1.161306593358373274e-01,9.799772579925000171e-01,2.119472559218975594e-01,0.000000000000000000e+00,0.000000000000000000e+00,0.000000000000000000e+00,1.000000000000000000e+00
8.589131765684948627e-01,5.054943833111408269e-01,-8.211932511843320071e-02,1.465199785305964786e-01,-4.854712336037043663e-01,8.547341365163469984e-01,1.837042112118071890e-01,-1.961069883085900245e-01,1.630516374045811734e-01,-1.179193975329935890e-01,9.795453941625884564e-01,2.122459443923261357e-01,0.000000000000000000e+00,0.000000000000000000e+00,0.000000000000000000e+00,1.000000000000000000e+00
8.588964050860792288e-01,5.055570383691174730e-01,-8.190876806335606330e-02,1.465762417344519675e-01,-4.857004416774471922e-01,8.547868080249134692e-01,1.828512887045448121e-01,-1.963049548528954524e-01,1.624562903815752191e-01,-1.172671897080627135e-01,9.797225933566250378e-01,2.121246751109833184e-01,0.000000000000000000e+00,0.000000000000000000e+00,0.000000000000000000e+00,1.000000000000000000e+00
8.587716687731954401e-01,5.056245199151745418e-01,-8.279532458448586596e-02,1.463702782890161647e-01,-4.856258907473177677e-01,8.547825541009872463e-01,1.830690564799714593e-01,-1.963334292829554129e-01,1.633362028099566432e-01,-1.170069658829852033e-01,9.796073982910106226e-01,2.121975477953506051e-01,0.000000000000000000e+00,0.000000000000000000e+00,0.000000000000000000e+00,1.000000000000000000e+00
8.588688382210226679e-01,5.055450060016042357e-01,-8.227129292595863896e-02,1.464584420884293692e-01,-4.856253209416000471e-01,8.548037457189643362e-01,1.829715933285717411e-01,-1.962237093452178227e-01,1.628261846056674456e-01,-1.171955767581107921e-01,9.796697557825775338e-01,2.121901422293734907e-01,0.000000000000000000e+00,0.000000000000000000e+00,0.000000000000000000e+00,1.000000000000000000e+00
8.588987399427551184e-01,5.055063167204160157e-01,-8.219682646249873437e-02,1.465626200974518289e-01,-4.857114664772093637e-01,8.549038580701464607e-01,1.822738730299480747e-01,-1.964360513507915074e-01,1.624109782536463098e-01,-1.166308587490351711e-01,9.798060608764146417e-01,2.119835334750894695e-01,0.000000000000000000e+00,0.000000000000000000e+00,0.000000000000000000e+00,1.000000000000000000e+00
8.589278985703812097e-01,5.055040264227260716e-01,-8.190570387879647640e-02,1.465675545278205261e-01,-4.856550446213935834e-01,8.548216268145445440e-01,1.828090915789695181e-01,-1.963171411079763229e-01,1.624254988949130618e-01,-1.172419105974811110e-01,9.797307240809542961e-01,2.120734313985188635e-01,0.000000000000000000e+00,0.000000000000000000e+00,0.000000000000000000e+00,1.000000000000000000e+00
8.590162066511218830e-01,5.054890924710629951e-01,-8.106746636905964865e-02,1.466314081781701917e-01,-4.858182774874713616e-01,8.548300207203792800e-01,1.823355065101216477e-01,-1.964603595066978792e-01,1.614675136670648825e-01,-1.172450982684455356e-01,9.798886819237169199e-01,2.118835195311403741e-01,0.000000000000000000e+00,0.000000000000000000e+00,0.000000000000000000e+00,1.000000000000000000e+00
8.589004460142165565e-01,5.055429110347032795e-01,-8.195357795202329321e-02,1.464600522548236694e-01,-4.859241821560465469e-01,8.549726998159453695e-01,1.813818396792002130e-01,-1.965971090165151147e-01,1.617643750414705650e-01,-1.159657176582454541e-01,9.799919587912193641e-01,2.118574018215082511e-01,0.000000000000000000e+00,0.000000000000000000e+00,0.000000000000000000e+00,1.000000000000000000e+00
8.588339126308932592e-01,5.055413308330054534e-01,-8.265756671173692116e-02,1.464630101751112357e-01,-4.855250240633784964e-01,8.547955587414697298e-01,1.832757588010879568e-01,-1.962247304932433767e-01,1.633087919353003459e-01,-1.172711199547978589e-01,9.795803810311742854e-01,2.122083846161333387e-01,0.000000000000000000e+00,0.000000000000000000e+00,0.000000000000000000e+00,1.000000000000000000e+00
8.589195421218105420e-01,5.055085972573671871e-01,-8.196510391714553756e-02,1.465858892978186556e-01,-4.856448064506101447e-01,8.548174957108924943e-01,1.828556014840884703e-01,-1.963479977368051133e-01,1.625002834730111256e-01,-1.172523224735752406e-01,9.797170768878860070e-01,2.120221190953071044e-01,0.000000000000000000e+00,0.000000000000000000e+00,0.000000000000000000e+00,1.000000000000000000e+00
8.588978292856421781e-01,5.055645864035501758e-01,-8.184722245146283659e-02,1.465783916571854750e-01,-4.856904424634243544e-01,8.547604243040413108e-01,1.830011233387888736e-01,-1.963517098866057187e-01,1.624786538228794874e-01,-1.174268539056664978e-01,9.796997606581938633e-01,2.120937834574112557e-01,0.000000000000000000e+00,0.000000000000000000e+00,0.000000000000000000e+00,1.000000000000000000e+00
8.590927415349737251e-01,5.054082844072476099e-01,-8.075968978670983178e-02,1.467658215775033692e-01,-4.857224342549280593e-01,8.548169005901269379e-01,1.826520827336939323e-01,-1.963961031476909591e-01,1.613486234939423281e-01,-1.176882853898884029e-01,9.798551368332965028e-01,2.118460832085895529e-01,0.000000000000000000e+00,0.000000000000000000e+00,0.000000000000000000e+00,1.000000000000000000e+00
8.590104005008829535e-01,5.054693191561775434e-01,-8.125207211575102839e-02,1.466803767883408105e-01,-4.858892317872663402e-01,8.549351927646562377e-01,1.816520591835953657e-01,-1.964854440130512636e-01,1.612847986156569491e-01,-1.165615012096644920e-01,9.800003215158945569e-01,2.117871966305753251e-01,0.000000000000000000e+00,0.000000000000000000e+00,0.000000000000000000e+00,1.000000000000000000e+00
8.588791594660030171e-01,5.055602887729984118e-01,-8.206938436917199375e-02,1.464838736863058599e-01,-4.857063825855483796e-01,8.548115688187267747e-01,1.827197081032265191e-01,-1.963207164335907529e-01,1.625296875977841615e-01,-1.170725255105991430e-01,9.797337007676816256e-01,2.121058455855910907e-01,0.000000000000000000e+00,0.000000000000000000e+00,0.000000000000000000e+00,1.000000000000000000e+00
8.588407742623962449e-01,5.055621183973209032e-01,-8.245889221897792498e-02,1.464472985308232778e-01,-4.858030022561983241e-01,8.549378936952186647e-01,1.818698461066246552e-01,-1.964829853549847627e-01,1.624437363003939372e-01,-1.161384620424966152e-01,9.798591175118858132e-01,2.119976559424026075e-01,0.000000000000000000e+00,0.000000000000000000e+00,0.000000000000000000e+00,1.000000000000000000e+00
8.590066184863792698e-01,5.055092782952380626e-01,-8.104319190421624408e-02,1.465711051163959000e-01,-4.859383303343283722e-01,8.548873717506602077e-01,1.817457585010820720e-01,-1.964183894138173958e-01,1.611569685383824335e-01,-1.167388160753572157e-01,9.800002450575422408e-01,2.119566424641701197e-01,0.000000000000000000e+00,0.000000000000000000e+00,0.000000000000000000e+00,1.000000000000000000e+00
8.589410006768443129e-01,5.055065232626086980e-01,-8.175275099476012053e-02,1.465918974257683638e-01,-4.858955555522805891e-01,8.549682877814669402e-01,1.814792990469366596e-01,-1.965596111144195524e-01,1.616349790447668688e-01,-1.161567123629818066e-01,9.799906896099683795e-01,2.118186671138220234e-01,0.000000000000000000e+00,0.000000000000000000e+00,0.000000000000000000e+00,1.000000000000000000e+00
8.589214037406364133e-01,5.054494838620560149e-01,-8.230942509698360721e-02,1.465430771257663911e-01,-4.855704475153765909e-01,8.548925045889119723e-01,1.827023428897780744e-01,-1.963311173542643395e-01,1.627125154864604573e-01,-1.169599284425155428e-01,9.797168021641713409e-01,2.120240159544823921e-01,0.000000000000000000e+00,0.000000000000000000e+00,0.000000000000000000e+00,1.000000000000000000e+00
8.587606918395251920e-01,5.055704790152449890e-01,-8.323800153533059132e-02,1.463981036610028930e-01,-4.856749592048091868e-01,8.549536544793930881e-01,1.821375378491139896e-01,-1.964569147423874673e-01,1.632479958612260695e-01,-1.159859450132913194e-01,9.797435135823390207e-01,2.120255222652578375e-01,0.000000000000000000e+00,0.000000000000000000e+00,0.000000000000000000e+00,1.000000000000000000e+00
8.589168790455613545e-01,5.055313673604744373e-01,-8.185249846694893361e-02,1.465571100188849951e-01,-4.857931487924106451e-01,8.548779663304636456e-01,1.821776036428344736e-01,-1.964324143020797775e-01,1.620703905005093093e-01,-1.167120357861175517e-01,9.798527895687559885e-01,2.119658436611173702e-01,0.000000000000000000e+00,0.000000000000000000e+00,0.000000000000000000e+00,1.000000000000000000e+00
8.589113041288074513e-01,5.055540055367407914e-01,-8.177113870742003243e-02,1.466045359903871692e-01,-4.858324761738296860e-01,8.548648314171236606e-01,1.821343600229728965e-01,-1.964779276636229588e-01,1.619820259613896640e-01,-1.167101858962178440e-01,9.798676215558477232e-01,2.118969445431011511e-01,0.000000000000000000e+00,0.000000000000000000e+00,0.000000000000000000e+00,1.000000000000000000e+00
8.588454540701135898e-01,5.056119294051180102e-01,-8.210397594717591674e-02,1.463582595155470123e-01,-4.858049866490640190e-01,8.548216262973842294e-01,1.824102578288785415e-01,-1.964170735412964774e-01,1.624130566487905214e-01,-1.167756997732368185e-01,9.797884644005907528e-01,2.120910646873710448e-01,0.000000000000000000e+00,0.000000000000000000e+00,0.000000000000000000e+00,1.000000000000000000e+00
8.589287631316347982e-01,5.055832401766348072e-01,-8.140618599133350730e-02,1.465510063231429405e-01,-4.855905862850917187e-01,8.545955245547144363e-01,1.840333445937281376e-01,-1.961512976722183110e-01,1.626135368795025293e-01,-1.185414554641039675e-01,9.795431388968997011e-01,2.122198561277290896e-01,0.000000000000000000e+00,0.000000000000000000e+00,0.000000000000000000e+00,1.000000000000000000e+00
8.590240233860506613e-01,5.055635344550043486e-01,-8.051856851065862519e-02,1.466555523263331495e-01,-4.858259599200662193e-01,8.546543589311043077e-01,1.831367342392275499e-01,-1.963303369257744513e-01,1.614028002030578057e-01,-1.182008434378827993e-01,9.797845154406070733e-01,2.119812798371001339e-01,0.000000000000000000e+00,0.000000000000000000e+00,0.000000000000000000e+00,1.000000000000000000e+00
8.589545472075262866e-01,5.055491223925627775e-01,-8.134599362982344872e-02,1.465705554866510441e-01,-4.857930664646795682e-01,8.547773677270449344e-01,1.826492490991071804e-01,-1.963415733003597841e-01,1.618708818977556696e-01,-1.173700833676700611e-01,9.798071652748356897e-01,2.120177488647783104e-01,0.000000000000000000e+00,0.000000000000000000e+00,0.000000000000000000e+00,1.000000000000000000e+00
8.589722247974495017e-01,5.054832167923715147e-01,-8.156858811917977459e-02,1.465344832146044662e-01,-4.856689135575953387e-01,8.548065126949520032e-01,1.828429168933811688e-01,-1.962665292153950580e-01,1.621493861545734994e-01,-1.174416595400937374e-01,9.797525367020816223e-01,2.121171434514963483e-01,0.000000000000000000e+00,0.000000000000000000e+00,0.000000000000000000e+00,1.000000000000000000e+00
8.587814080133506778e-01,5.056725579540128912e-01,-8.239998411925036903e-02,1.464020755836314136e-01,-4.856953100067047946e-01,8.547103714330366309e-01,1.832218513231752555e-01,-1.962783573083333732e-01,1.630783832643006304e-01,-1.173262336267823641e-01,9.796121660202347092e-01,2.122331799885459613e-01,0.000000000000000000e+00,0.000000000000000000e+00,0.000000000000000000e+00,1.000000000000000000e+00
8.589063313371763098e-01,5.055643825804271296e-01,-8.175921388433482484e-02,1.465455813600353430e-01,-4.858304031462977179e-01,8.548482017659193577e-01,1.822179225989587481e-01,-1.964168013860205231e-01,1.620146085006494430e-01,-1.167870155610024469e-01,9.798530806344060151e-01,2.119766130947262628e-01,0.000000000000000000e+00,0.000000000000000000e+00,0.000000000000000000e+00,1.000000000000000000e+00
8.589404076349572703e-01,5.054843399388462277e-01,-8.189602071213690493e-02,1.465483402307921623e-01,-4.858709168230179731e-01,8.550007296635278031e-01,1.813924046381082678e-01,-1.965872734240488029e-01,1.617121773938307028e-01,-1.160143713141789934e-01,9.799948149511416018e-01,2.118021763392756718e-01,0.000000000000000000e+00,0.000000000000000000e+00,0.000000000000000000e+00,1.000000000000000000e+00
8.588468166191309816e-01,5.055347064413889813e-01,-8.256395197907819006e-02,1.465170894780990218e-01,-4.856150802786545206e-01,8.548543446335405971e-01,1.827622588695915207e-01,-1.963578342588622183e-01,1.629728179456341186e-01,-1.168704840598271538e-01,9.796842096137310385e-01,2.120979304905370455e-01,0.000000000000000000e+00,0.000000000000000000e+00,0.000000000000000000e+00,1.000000000000000000e+00
8.590083025774779557e-01,5.055260460684947166e-01,-8.092065774148619883e-02,1.465996792928629666e-01,-4.857678516725477125e-01,8.547229645029496004e-01,1.829706212284576694e-01,-1.962594166097465509e-01,1.616611591706499929e-01,-1.178646286959927625e-01,9.797824242748784940e-01,2.121063768031468122e-01,0.000000000000000000e+00,0.000000000000000000e+00,0.000000000000000000e+00,1.000000000000000000e+00
8.588893216681822151e-01,5.056075767566232670e-01,-8.167075027612710758e-02,1.465379183703790222e-01,-4.856637673533062416e-01,8.546585489749661813e-01,1.835469142867818260e-01,-1.962272308608396243e-01,1.626033154783869950e-01,-1.179819604443870240e-01,9.796123819170190483e-01,2.121497278604105308e-01,0.000000000000000000e+00,0.000000000000000000e+00,0.000000000000000000e+00,1.000000000000000000e+00
8.588948500399741226e-01,5.054944168887913758e-01,-8.231057689672142963e-02,1.464897594557251215e-01,-4.858399305359889508e-01,8.550283335915641603e-01,1.813452802044162038e-01,-1.965643151420409518e-01,1.620469020734298660e-01,-1.157667622847488170e-01,9.799688047476361463e-01,2.118971493631558456e-01,0.000000000000000000e+00,0.000000000000000000e+00,0.000000000000000000e+00,1.000000000000000000e+00
8.589820704474333546e-01,5.055332126437210860e-01,-8.115401138550730475e-02,1.466243811234301531e-01,-4.857322176174948547e-01,8.547239764052223521e-01,1.830604734136667966e-01,-1.962557130203785860e-01,1.619074285455469608e-01,-1.178265465511209309e-01,9.797463393703521595e-01,2.120642439338984442e-01,0.000000000000000000e+00,0.000000000000000000e+00,0.000000000000000000e+00,1.000000000000000000e+00
8.589641915541510464e-01,5.055493292002563033e-01,-8.124280505309364186e-02,1.465672670651027576e-01,-4.859173715618582690e-01,8.548512794613617460e-01,1.819714208816540779e-01,-1.964820250730568429e-01,1.614460456070048178e-01,-1.168296441338584207e-01,9.799418394014092204e-01,2.119043062061072291e-01,0.000000000000000000e+00,0.000000000000000000e+00,0.000000000000000000e+00,1.000000000000000000e+00
8.589014882146398522e-01,5.055445927085402413e-01,-8.193227890052248719e-02,1.465340715492493562e-01,-4.857566148250996307e-01,8.548468887379672143e-01,1.824206895302097342e-01,-1.964652583070137792e-01,1.622613468954839933e-01,-1.168822552750141686e-01,9.798008949299289450e-01,2.119747999701022678e-01,0.000000000000000000e+00,0.000000000000000000e+00,0.000000000000000000e+00,1.000000000000000000e+00
8.589114014739474001e-01,5.055160168420078648e-01,-8.200464093117298958e-02,1.465404562540610633e-01,-4.856959332103620852e-01,8.548508996991375231e-01,1.825634129459976218e-01,-1.963336629074226014e-01,1.623904704130613164e-01,-1.169764762666670455e-01,9.797682578647151086e-01,2.120737309213405197e-01,0.000000000000000000e+00,0.000000000000000000e+00,0.000000000000000000e+00,1.000000000000000000e+00
8.588915753725734348e-01,5.056222676506763047e-01,-8.155601884475996433e-02,1.464881917935897948e-01,-4.857987571913467972e-01,8.547197599264597656e-01,1.829035251234861770e-01,-1.964419628610502289e-01,1.621876359817905899e-01,-1.174744842382496463e-01,9.797422703382738796e-01,2.119982657813774818e-01,0.000000000000000000e+00,0.000000000000000000e+00,0.000000000000000000e+00,1.000000000000000000e+00
8.589907832610337302e-01,5.055553882442314073e-01,-8.092331981462691504e-02,1.466546941770857371e-01,-4.858165664609314094e-01,8.547210100985458414e-01,1.828503722944886389e-01,-1.963577317064550132e-01,1.616078526084280265e-01,-1.177528951378524896e-01,9.798046528068473648e-01,2.119543752599712949e-01,0.000000000000000000e+00,0.000000000000000000e+00,0.000000000000000000e+00,1.000000000000000000e+00
8.588461281458631413e-01,5.056142448244325127e-01,-8.208266320897794621e-02,1.464353552431160999e-01,-4.856779063320023626e-01,8.547238484174672912e-01,1.832051152326190091e-01,-1.963303417730075662e-01,1.627891257726462593e-01,-1.174792678605602325e-01,9.796419356852401616e-01,2.121096990100088675e-01,0.000000000000000000e+00,0.000000000000000000e+00,0.000000000000000000e+00,1.000000000000000000e+00
8.590131627521627733e-01,5.055168204164187662e-01,-8.092669828060797266e-02,1.465997186873462810e-01,-4.860264356932925134e-01,8.549236412689739106e-01,1.813391061152355155e-01,-1.965788541303096493e-01,1.608561159104623939e-01,-1.164401643569481365e-01,9.800851994080549412e-01,2.117925547835020073e-01,0.000000000000000000e+00,0.000000000000000000e+00,0.000000000000000000e+00,1.000000000000000000e+00
8.588826481880049712e-01,5.055392425006360879e-01,-8.216246669522028756e-02,1.465070467012197508e-01,-4.854923924002519930e-01,8.546984735403287958e-01,1.838141894667327525e-01,-1.961496104737373569e-01,1.631494209705933451e-01,-1.179855653023505757e-01,9.795211446504078490e-01,2.122249743097270880e-01,0.000000000000000000e+00,0.000000000000000000e+00,0.000000000000000000e+00,1.000000000000000000e+00
8.589618681952647661e-01,5.055185004633381274e-01,-8.145891403522853569e-02,1.465676989703223743e-01,-4.857305620181755490e-01,8.547888768895077760e-01,1.827615853167216253e-01,-1.963386459598809031e-01,1.620195361924235133e-01,-1.174181486622576653e-01,9.797768359461862531e-01,2.120179149556653542e-01,0.000000000000000000e+00,0.000000000000000000e+00,0.000000000000000000e+00,1.000000000000000000e+00
8.588699463482846186e-01,5.055147811279713244e-01,-8.244526257362586041e-02,1.464486054629915435e-01,-4.856015928260135617e-01,8.548520369956761344e-01,1.828088835072894935e-01,-1.962422401095042512e-01,1.628910933861436872e-01,-1.169735051431839146e-01,9.796855060630346168e-01,2.122036026857789803e-01,0.000000000000000000e+00,0.000000000000000000e+00,0.000000000000000000e+00,1.000000000000000000e+00
8.589986686534349936e-01,5.055332384806675572e-01,-8.097797257819654149e-02,1.466452578242058991e-01,-4.859139391572523392e-01,8.548288254675638909e-01,1.820860315412131392e-01,-1.964774655125033354e-01,1.612728463948867597e-01,-1.170633330338499978e-01,9.799424702882805205e-01,2.118561456091243578e-01,0.000000000000000000e+00,0.000000000000000000e+00,0.000000000000000000e+00,1.000000000000000000e+00
8.589281480998980367e-01,5.055292156302911843e-01,-8.174746813145110369e-02,1.465614031096178216e-01,-4.857126477000595632e-01,8.548065631893304595e-01,1.827264715158790631e-01,-1.963594049978073242e-01,1.622518421031881042e-01,-1.172431305990593864e-01,9.797593521173729725e-01,2.120374753081084584e-01,0.000000000000000000e+00,0.000000000000000000e+00,0.000000000000000000e+00,1.000000000000000000e+00
8.589359062627848207e-01,5.055644367143595774e-01,-8.144758598154332174e-02,1.465247993724485553e-01,-4.858212867458676643e-01,8.547937544166164248e-01,1.824974376667648224e-01,-1.964067917539961683e-01,1.618851020851455047e-01,-1.171846309890406668e-01,9.798270132951246714e-01,2.119783797058145680e-01,0.000000000000000000e+00,0.000000000000000000e+00,0.000000000000000000e+00,1.000000000000000000e+00
8.588871677135807570e-01,5.055335231375539529e-01,-8.215041156972698044e-02,1.465222923760232665e-01,-4.857270381344345744e-01,8.548731263126336799e-01,1.823764851443668289e-01,-1.964013464112918106e-01,1.624256062389575761e-01,-1.167381466899148901e-01,9.797908590843819043e-01,2.120433299311503816e-01,0.000000000000000000e+00,0.000000000000000000e+00,0.000000000000000000e+00,1.000000000000000000e+00
8.589530362460677804e-01,5.055334883070184970e-01,-8.145903095298309693e-02,1.465857171522171598e-01,-4.857146635130950574e-01,8.547580800366288978e-01,1.829477801462942865e-01,-1.962328394855361868e-01,1.621139943743978018e-01,-1.175777054217065631e-01,9.797420762709664332e-01,2.121387909210321610e-01,0.000000000000000000e+00,0.000000000000000000e+00,0.000000000000000000e+00,1.000000000000000000e+00
8.588712392311522725e-01,5.055400492053737649e-01,-8.227668607189600469e-02,1.464546932471889606e-01,-4.855952849674678995e-01,8.547893024917430083e-01,1.831187253206051635e-01,-1.962469750052900919e-01,1.629030805077321398e-01,-1.173222357232759083e-01,9.796418117689666971e-01,2.122361114869717458e-01,0.000000000000000000e+00,0.000000000000000000e+00,0.000000000000000000e+00,1.000000000000000000e+00
8.589129062460477693e-01,5.055397850338815280e-01,-8.184219713488363745e-02,1.465078304763385575e-01,-4.857349333419069826e-01,8.548236278049398118e-01,1.825873486245285782e-01,-1.963961703497998645e-01,1.622658128359188157e-01,-1.170730160809862058e-01,9.797773802708450441e-01,2.120334778861487912e-01,0.000000000000000000e+00,0.000000000000000000e+00,0.000000000000000000e+00,1.000000000000000000e+00
8.588774750878687136e-01,5.055401641497005993e-01,-8.221085827420757108e-02,1.465500804976264670e-01,-4.857668340189432721e-01,8.549024128753426321e-01,1.821330486955352879e-01,-1.964541479450906403e-01,1.623578324377991655e-01,-1.164946646478352832e-01,9.798310708253175072e-01,2.119476197209466672e-01,0.000000000000000000e+00,0.000000000000000000e+00,0.000000000000000000e+00,1.000000000000000000e+00
8.589294046853761522e-01,5.055450258335371094e-01,-8.163641725231549073e-02,1.465770835078021583e-01,-4.856354442968508489e-01,8.547132049990195934e-01,1.833672610988796026e-01,-1.962205739103641822e-01,1.624761305836218139e-01,-1.178539946513172121e-01,9.796488875792701556e-01,2.121566447781784159e-01,0.000000000000000000e+00,0.000000000000000000e+00,0.000000000000000000e+00,1.000000000000000000e+00
8.590373899576377870e-01,5.054566235570416843e-01,-8.104544624520593210e-02,1.467269186663034686e-01,-4.855742367507596691e-01,8.546907610511560449e-01,1.836337756996599957e-01,-1.961796814810720102e-01,1.620877023672268880e-01,-1.183946986824616077e-01,9.796480347886186157e-01,2.121467994903374343e-01,0.000000000000000000e+00,0.000000000000000000e+00,0.000000000000000000e+00,1.000000000000000000e+00
8.589442759239080960e-01,5.055611460846246574e-01,-8.137971754162318105e-02,1.465683569866909342e-01,-4.859664956792542068e-01,8.548925363626274088e-01,1.816461294624784895e-01,-1.965822081595028636e-01,1.614041385305191589e-01,-1.164760869924588715e-01,9.799908291530826654e-01,2.118201805256181292e-01,0.000000000000000000e+00,0.000000000000000000e+00,0.000000000000000000e+00,1.000000000000000000e+00
8.589115488256982012e-01,5.055495436312482660e-01,-8.179615044778690280e-02,1.465289927819910520e-01,-4.859309725494184717e-01,8.549452186868186088e-01,1.814931485255691923e-01,-1.965910224945267293e-01,1.616850061416229278e-01,-1.161392783634574571e-01,9.799845033520676596e-01,2.118739742838742224e-01,0.000000000000000000e+00,0.000000000000000000e+00,0.000000000000000000e+00,1.000000000000000000e+00
8.590492256485213751e-01,5.055230043219931524e-01,-8.050416146971353659e-02,1.466326396104196683e-01,-4.860122044192649038e-01,8.548405068623328162e-01,1.817686578672914610e-01,-1.964572506884839642e-01,1.607064562119466800e-01,-1.170222198072478209e-01,9.800404251882581796e-01,2.119023675793094696e-01,0.000000000000000000e+00,0.000000000000000000e+00,0.000000000000000000e+00,1.000000000000000000e+00
8.588869549913142887e-01,5.055820881767694175e-01,-8.185322632960423395e-02,1.465634216190180306e-01,-4.856533928763993591e-01,8.547120634675372530e-01,1.833250407083175659e-01,-1.962240272404403296e-01,1.626467968740538395e-01,-1.177031889027734812e-01,9.796386980865590122e-01,2.121369250939224571e-01,0.000000000000000000e+00,0.000000000000000000e+00,0.000000000000000000e+00,1.000000000000000000e+00
8.588750320532776428e-01,5.055136408521244684e-01,-8.239926108837791752e-02,1.464517587052611147e-01,-4.855692874174215024e-01,8.548232416456282845e-01,1.830292125847604312e-01,-1.962958901242846110e-01,1.629605671087914209e-01,-1.171886703350165371e-01,9.796482374366279888e-01,2.121749985744894040e-01,0.000000000000000000e+00,0.000000000000000000e+00,0.000000000000000000e+00,1.000000000000000000e+00
8.590040495437101242e-01,5.055554550387392210e-01,-8.078195806045224137e-02,1.466477291593070720e-01,-4.860345307318739150e-01,8.548576163734215028e-01,1.816284412326418796e-01,-1.965490298257968615e-01,1.608803213688810851e-01,-1.167567454536372895e-01,9.800435625967450770e-01,2.117858288915850373e-01,0.000000000000000000e+00,0.000000000000000000e+00,0.000000000000000000e+00,1.000000000000000000e+00
8.589959795065669201e-01,5.054895361080341543e-01,-8.127875538440690328e-02,1.466222815504539811e-01,-4.858047420542367378e-01,8.548521547102087004e-01,1.822677870193470384e-01,-1.963157511624134266e-01,1.616157782803719356e-01,-1.170816914491671357e-01,9.798837776686741829e-01,2.120074436558079256e-01,0.000000000000000000e+00,0.000000000000000000e+00,0.000000000000000000e+00,1.000000000000000000e+00
8.589419826457148632e-01,5.055440281562724181e-01,-8.151015914705753151e-02,1.465502248396965412e-01,-4.858756907037916628e-01,8.548689063647032516e-01,1.819999069063765462e-01,-1.964426052484736784e-01,1.616894666691741644e-01,-1.167235560045460085e-01,9.799143471966781371e-01,2.118978193767833140e-01,0.000000000000000000e+00,0.000000000000000000e+00,0.000000000000000000e+00,1.000000000000000000e+00
8.589170334496742942e-01,5.055857042502496235e-01,-8.151457113786518549e-02,1.465376490675953380e-01,-4.860907776496587451e-01,8.549710215218283560e-01,1.809428314188525899e-01,-1.967195409883204515e-01,1.611747050065891473e-01,-1.157913987120820637e-01,9.801097216385207256e-01,2.116792267789195936e-01,0.000000000000000000e+00,0.000000000000000000e+00,0.000000000000000000e+00,1.000000000000000000e+00
8.589979673084227052e-01,5.056018432892189773e-01,-8.055599433029174417e-02,1.466079032735586041e-01,-4.860021382398914125e-01,8.547394020303842321e-01,1.822703383521150633e-01,-1.965577870012873152e-01,1.610106014716156109e-01,-1.174194646525229258e-01,9.799429858591077735e-01,2.117752283411138414e-01,0.000000000000000000e+00,0.000000000000000000e+00,0.000000000000000000e+00,1.000000000000000000e+00
8.588957006362093471e-01,5.055694775358873239e-01,-8.183934758247307650e-02,1.465035351985583267e-01,-4.855263597958034971e-01,8.546340595631536363e-01,1.840238521986750364e-01,-1.960870981260980084e-01,1.629795366666344503e-01,-1.183221349481735907e-01,9.795088274279284413e-01,2.122875107570920683e-01,0.000000000000000000e+00,0.000000000000000000e+00,0.000000000000000000e+00,1.000000000000000000e+00
8.589440001370687305e-01,5.054520074536986707e-01,-8.205774058282211403e-02,1.465541130780041723e-01,-4.855783641765787362e-01,8.548564129563733793e-01,1.828501175032729020e-01,-1.961234900046725516e-01,1.625695447251098713e-01,-1.172125479135614490e-01,9.797103458367079076e-01,2.122266949155204863e-01,0.000000000000000000e+00,0.000000000000000000e+00,0.000000000000000000e+00,1.000000000000000000e+00
8.589503705097271125e-01,5.055272253249657455e-01,-8.152598025442109320e-02,1.465513697584038266e-01,-4.858211508036621717e-01,8.548535214417946060e-01,1.822176344659566516e-01,-1.963856849161750295e-01,1.618087464663399699e-01,-1.169088590903399616e-01,9.798725673439312445e-01,2.120308787713849341e-01,0.000000000000000000e+00,0.000000000000000000e+00,0.000000000000000000e+00,1.000000000000000000e+00
8.588791946908871378e-01,5.055799601302396473e-01,-8.194774458054920885e-02,1.464524357144827427e-01,-4.857338025096178402e-01,8.547874422161306773e-01,1.827596829969704850e-01,-1.963479578052825525e-01,1.624475362284119873e-01,-1.171636997722027007e-01,9.797364265091955682e-01,2.121145758639759737e-01,0.000000000000000000e+00,0.000000000000000000e+00,0.000000000000000000e+00,1.000000000000000000e+00
8.589060751625348100e-01,5.055805121258997170e-01,-8.166210753711460046e-02,1.464842637658646252e-01,-4.858711465890204750e-01,8.548420294102706540e-01,1.821382268113992398e-01,-1.964487356389961192e-01,1.618937397219573082e-01,-1.167623677057087056e-01,9.798759954844266096e-01,2.119807065215204567e-01,0.000000000000000000e+00,0.000000000000000000e+00,0.000000000000000000e+00,1.000000000000000000e+00
8.590632752837702446e-01,5.054419648064836235e-01,-8.086228584007931763e-02,1.466668660018035364e-01,-4.856322495971990283e-01,8.547235057187609897e-01,1.833277036429438178e-01,-1.961353150622085484e-01,1.617764111664153626e-01,-1.182207637616702334e-01,9.797204926945860537e-01,2.121805639106038033e-01,0.000000000000000000e+00,0.000000000000000000e+00,0.000000000000000000e+00,1.000000000000000000e+00
8.588661870577928292e-01,5.054862232912653575e-01,-8.265924504579881538e-02,1.464916866147407404e-01,-4.855398626225542191e-01,8.548769689503974423e-01,1.828562543711650112e-01,-1.962625598147474670e-01,1.630948022877478087e-01,-1.169146954874111521e-01,9.796586341403857867e-01,2.121203517809839845e-01,0.000000000000000000e+00,0.000000000000000000e+00,0.000000000000000000e+00,1.000000000000000000e+00
8.589876823746712686e-01,5.054517196123325951e-01,-8.160098448871211385e-02,1.465568541151248683e-01,-4.857829123891543865e-01,8.549343458129923246e-01,1.819401725293847694e-01,-1.963819834991341884e-01,1.617254573630952097e-01,-1.166440032331152454e-01,9.799178807177930661e-01,2.119830522288872476e-01,0.000000000000000000e+00,0.000000000000000000e+00,0.000000000000000000e+00,1.000000000000000000e+00
8.590091924453118200e-01,5.054170688025051428e-01,-8.158917733092466151e-02,1.467219847422698009e-01,-4.859034181450613832e-01,8.550637190943936039e-01,1.810080233675009365e-01,-1.965979109734176666e-01,1.612484900065700999e-01,-1.158430958302992808e-01,9.800914761485548521e-01,2.117015199952416715e-01,0.000000000000000000e+00,0.000000000000000000e+00,0.000000000000000000e+00,1.000000000000000000e+00
8.589478876440745925e-01,5.055371011929674641e-01,-8.149089292180783373e-02,1.464968670941184936e-01,-4.857463266057882589e-01,8.547812987100401605e-01,1.827551300635907316e-01,-1.962863135338780984e-01,1.620463899652350992e-01,-1.173932310356455844e-01,9.797753807920702718e-01,2.121463608811067214e-01,0.000000000000000000e+00,0.000000000000000000e+00,0.000000000000000000e+00,1.000000000000000000e+00
8.587393178461105725e-01,5.056198344814777368e-01,-8.315868544006541074e-02,1.462824934885703365e-01,-4.855052705080623587e-01,8.547577136110446894e-01,1.835044504400706600e-01,-1.961602623333510154e-01,1.638640176917734448e-01,-1.172085065229578615e-01,9.794951504242211948e-01,2.123379191572623004e-01,0.000000000000000000e+00,0.000000000000000000e+00,0.000000000000000000e+00,1.000000000000000000e+00
8.588524460230169133e-01,5.054066711397228184e-01,-8.328608964133854542e-02,1.464666000543383972e-01,-4.852502222103004526e-01,8.548670041971818678e-01,1.836698858816808166e-01,-1.961525055268655837e-01,1.640265155550620635e-01,-1.173307372447633945e-01,9.794533170562369495e-01,2.122860256769500964e-01,0.000000000000000000e+00,0.000000000000000000e+00,0.000000000000000000e+00,1.000000000000000000e+00
8.588431005475908320e-01,5.055528557576745019e-01,-8.249144608418938762e-02,1.464085368623264938e-01,-4.857910609358926934e-01,8.549461158789706250e-01,1.818630915228310330e-01,-1.964284521827223962e-01,1.624671466992038127e-01,-1.161182542872641332e-01,9.798576311203059941e-01,2.120523997362391277e-01,0.000000000000000000e+00,0.000000000000000000e+00,0.000000000000000000e+00,1.000000000000000000e+00
8.588161538069927214e-01,5.055353687181731726e-01,-8.287825369265819364e-02,1.464347357142297412e-01,-4.856454581958699057e-01,8.549230280325538223e-01,1.823598230789141850e-01,-1.964044203453416126e-01,1.630438680045572242e-01,-1.163641143765122288e-01,9.797326625113009779e-01,2.120998039159616155e-01,0.000000000000000000e+00,0.000000000000000000e+00,0.000000000000000000e+00,1.000000000000000000e+00
8.589713270951995217e-01,5.055410775467554796e-01,-8.121870561131312727e-02,1.465210996400952981e-01,-4.858810966036669066e-01,8.548319302932659847e-01,1.821590813391057995e-01,-1.964559312963920501e-01,1.615172411587379453e-01,-1.170067940931388689e-01,9.799089707439747610e-01,2.119271534951909786e-01,0.000000000000000000e+00,0.000000000000000000e+00,0.000000000000000000e+00,1.000000000000000000e+00
8.588393180519721115e-01,5.056229835106673676e-01,-8.210008717288180824e-02,1.464115372833348361e-01,-4.857254697288235223e-01,8.547496160475187565e-01,1.829586344596314529e-01,-1.963007647170088577e-01,1.626831086030050000e-01,-1.172539654442045359e-01,9.796865385228441525e-01,2.122004701817954420e-01,0.000000000000000000e+00,0.000000000000000000e+00,0.000000000000000000e+00,1.000000000000000000e+00
8.589865295645278120e-01,5.054834775091868737e-01,-8.141618998643913863e-02,1.466161222187077340e-01,-4.859937371597929379e-01,8.550173559697471504e-01,1.809845530203085806e-01,-1.966858211506019305e-01,1.610969567314871620e-01,-1.158955346668809061e-01,9.801101956291093931e-01,2.117470467538393741e-01,0.000000000000000000e+00,0.000000000000000000e+00,0.000000000000000000e+00,1.000000000000000000e+00
8.590397805272184106e-01,5.053866621306540852e-01,-8.145536944968526094e-02,1.467204010112129475e-01,-4.854974498485002954e-01,8.547888838401990208e-01,1.833799068977568503e-01,-1.961995459217815707e-01,1.623049033835749222e-01,-1.179842608302611451e-01,9.796615908230686953e-01,2.120589662156029398e-01,0.000000000000000000e+00,0.000000000000000000e+00,0.000000000000000000e+00,1.000000000000000000e+00
8.588237655077028965e-01,5.055510687367453793e-01,-8.270342615819781251e-02,1.463661114252994555e-01,-4.855742528469257357e-01,8.548254374546582213e-01,1.830057825660215687e-01,-1.962705698831434531e-01,1.632157614059371320e-01,-1.170110609283867703e-01,9.796269835243889279e-01,2.122448586033580664e-01,0.000000000000000000e+00,0.000000000000000000e+00,0.000000000000000000e+00,1.000000000000000000e+00
8.591205362327520856e-01,5.053800287288631177e-01,-8.064075139259477276e-02,1.467055609159391982e-01,-4.860076927231369859e-01,8.550423985572193075e-01,1.808287014924636615e-01,-1.965987140329536753e-01,1.603384758474449556e-01,-1.161616254687025118e-01,9.802030656610840609e-01,2.117532754028297326e-01,0.000000000000000000e+00,0.000000000000000000e+00,0.000000000000000000e+00,1.000000000000000000e+00
8.588531338583982322e-01,5.055770591034252082e-01,-8.223826220160865286e-02,1.464008685650373121e-01,-4.856004386765339631e-01,8.547396403485324479e-01,1.833367425641123649e-01,-1.961281539943537378e-01,1.629831537882569514e-01,-1.175243997014812636e-01,9.796042604317523050e-01,2.122928491430589037e-01,0.000000000000000000e+00,0.000000000000000000e+00,0.000000000000000000e+00,1.000000000000000000e+00
8.590355503606873500e-01,5.053918329028973533e-01,-8.146789828859658800e-02,1.467124067422418132e-01,-4.856808238707442937e-01,8.549171395998264034e-01,1.822932301065680605e-01,-1.964047728821015637e-01,1.617778122634446203e-01,-1.170289692917995117e-01,9.798633373107460409e-01,2.119320600021661338e-01,0.000000000000000000e+00,0.000000000000000000e+00,0.000000000000000000e+00,1.000000000000000000e+00
8.589151717108551853e-01,5.055486839674055988e-01,-8.176341445742371650e-02,1.465323664107848201e-01,-4.856427247144521897e-01,8.547334180266538128e-01,1.832537258567918381e-01,-1.964549068883324756e-01,1.625296026477485445e-01,-1.176915980318800625e-01,9.796595408691058937e-01,2.119339353520079960e-01,0.000000000000000000e+00,0.000000000000000000e+00,0.000000000000000000e+00,1.000000000000000000e+00
8.590858333314633777e-01,5.054496723710685258e-01,-8.057393914389936185e-02,1.468396835084219143e-01,-4.856727937275702178e-01,8.546981759967102743e-01,1.833383903626122358e-01,-1.963112978536364350e-01,1.615347281609821328e-01,-1.183708437406610359e-01,9.797422492421574702e-01,2.119417193179315984e-01,0.000000000000000000e+00,0.000000000000000000e+00,0.000000000000000000e+00,1.000000000000000000e+00
8.587723661948626352e-01,5.055643526575565039e-01,-8.315472555437015967e-02,1.464105080692319205e-01,-4.857163075488317716e-01,8.549782872109069620e-01,1.819115086492129885e-01,-1.964113809897924112e-01,1.630634589391672939e-01,-1.158309704692566944e-01,9.797925773544852168e-01,2.120497253476307797e-01,0.000000000000000000e+00,0.000000000000000000e+00,0.000000000000000000e+00,1.000000000000000000e+00
8.588332353262491115e-01,5.055840061954586240e-01,-8.240319519532213199e-02,1.464418205739351775e-01,-4.858989679656925409e-01,8.549700910485215077e-01,1.814616663164924093e-01,-1.964770457850082419e-01,1.621963835260293585e-01,-1.158056824678028729e-01,9.799394762327130470e-01,2.118906426325892767e-01,0.000000000000000000e+00,0.000000000000000000e+00,0.000000000000000000e+00,1.000000000000000000e+00
8.588455407406762054e-01,5.056213481272208154e-01,-8.204504535843321067e-02,1.463779292271556176e-01,-4.857145192791357813e-01,8.547353609039848310e-01,1.830542776931831095e-01,-1.962071175251677846e-01,1.626829521225061082e-01,-1.173648803447894795e-01,9.796732832686414483e-01,2.121946590420524803e-01,0.000000000000000000e+00,0.000000000000000000e+00,0.000000000000000000e+00,1.000000000000000000e+00
8.588437145694007846e-01,5.054865083521113966e-01,-8.289067389414053744e-02,1.464603207335922197e-01,-4.854836214864792776e-01,8.548716296866633035e-01,1.830304620145007111e-01,-1.961711689515179824e-01,1.633803146434933684e-01,-1.169524973263052769e-01,9.796065466074295180e-01,2.122532661656120201e-01,0.000000000000000000e+00,0.000000000000000000e+00,0.000000000000000000e+00,1.000000000000000000e+00
8.588683975413260452e-01,5.054996558831543751e-01,-8.255406475036258795e-02,1.464825005699805227e-01,-4.855622808613280217e-01,8.548598025554497992e-01,1.828769788125397533e-01,-1.962167382535561222e-01,1.630164013513345500e-01,-1.169821177653652400e-01,9.796636346285344521e-01,2.121907715573965181e-01,0.000000000000000000e+00,0.000000000000000000e+00,0.000000000000000000e+00,1.000000000000000000e+00
8.587648254384785407e-01,5.054456728115579445e-01,-8.395026161776561469e-02,1.463455343951557963e-01,-4.855068599204064306e-01,8.551000544779304713e-01,1.818982842196906202e-01,-1.963726933234071215e-01,1.637255739334773919e-01,-1.154494203879433689e-01,9.797271904832700606e-01,2.121640005624052527e-01,0.000000000000000000e+00,0.000000000000000000e+00,0.000000000000000000e+00,1.000000000000000000e+00
8.589234118444557531e-01,5.055916573450924822e-01,-8.141037162746633804e-02,1.465332337418623898e-01,-4.854809380700129684e-01,8.545052584145396146e-01,1.847404181887686292e-01,-1.959449491445305058e-01,1.629688048558368407e-01,-1.191546867099379514e-01,9.794096840847127394e-01,2.124745255270332756e-01,0.000000000000000000e+00,0.000000000000000000e+00,0.000000000000000000e+00,1.000000000000000000e+00
8.588896563310706167e-01,5.055758820965151612e-01,-8.186321328793617902e-02,1.464665502184003543e-01,-4.859450394887418478e-01,8.549317691788425044e-01,1.815188382648466325e-01,-1.965846078387488705e-01,1.617590085398046829e-01,-1.161236302010278665e-01,9.799741454064767598e-01,2.119067751218199902e-01,0.000000000000000000e+00,0.000000000000000000e+00,0.000000000000000000e+00,1.000000000000000000e+00
8.590140315117471559e-01,5.055148557239618201e-01,-8.092974921694288948e-02,1.466273838227994675e-01,-4.860126143404628896e-01,8.549166284716027686e-01,1.814091978503191427e-01,-1.965468214592982488e-01,1.608932328219048746e-01,-1.165001674038703972e-01,9.800719762481665542e-01,2.118425829534555938e-01,0.000000000000000000e+00,0.000000000000000000e+00,0.000000000000000000e+00,1.000000000000000000e+00
8.590070562163262258e-01,5.054550851633253794e-01,-8.137588250272345669e-02,1.466372094016558381e-01,-4.856486219696067863e-01,8.547982523489142670e-01,1.829354087110092730e-01,-1.962231623787923929e-01,1.620255947360895177e-01,-1.176227217155662585e-01,9.797512959862003656e-01,2.121126318394348509e-01,0.000000000000000000e+00,0.000000000000000000e+00,0.000000000000000000e+00,1.000000000000000000e+00
8.588724596329018190e-01,5.056541766705379137e-01,-8.155949791269129223e-02,1.465768083220341522e-01,-4.856323930054755045e-01,8.545583919343868740e-01,1.840954470873480964e-01,-1.962109318643641964e-01,1.627859851089930032e-01,-1.185065753034639929e-01,9.795187158303507724e-01,2.121179880629975312e-01,0.000000000000000000e+00,0.000000000000000000e+00,0.000000000000000000e+00,1.000000000000000000e+00
8.589293672856658235e-01,5.056006573065231491e-01,-8.129155765181196591e-02,1.465298814289260620e-01,-4.856948352197876795e-01,8.546311370532463370e-01,1.835923381296153400e-01,-1.961866090075827518e-01,1.622987031835725347e-01,-1.182099611297098285e-01,9.796354097492818713e-01,2.121882030511117456e-01,0.000000000000000000e+00,0.000000000000000000e+00,0.000000000000000000e+00,1.000000000000000000e+00
8.589348644784309261e-01,5.054507512264936331e-01,-8.216104105957217074e-02,1.465663050226100883e-01,-4.857508120828634146e-01,8.549977486258608650e-01,1.817278140669391084e-01,-1.963913366530442850e-01,1.621019652695740443e-01,-1.161825629312871616e-01,9.799104882214800805e-01,2.119857368414692633e-01,0.000000000000000000e+00,0.000000000000000000e+00,0.000000000000000000e+00,1.000000000000000000e+00
8.587183441422897578e-01,5.056819405442886106e-01,-8.299747249697900231e-02,1.462758058593630062e-01,-4.855961199149519958e-01,8.547187233152625518e-01,1.834456659010273993e-01,-1.962495956663620200e-01,1.637046540482822721e-01,-1.172249078553290053e-01,9.795198350320640790e-01,2.123311813526713721e-01,0.000000000000000000e+00,0.000000000000000000e+00,0.000000000000000000e+00,1.000000000000000000e+00
8.588963882541281736e-01,5.055111360232438233e-01,-8.219176114735404770e-02,1.465630172669086517e-01,-4.857142307610841647e-01,8.548989009675964645e-01,1.822897560494395053e-01,-1.963460900853818136e-01,1.624151479394162767e-01,-1.166463050460038453e-01,9.798035309381837310e-01,2.120412003416063396e-01,0.000000000000000000e+00,0.000000000000000000e+00,0.000000000000000000e+00,1.000000000000000000e+00
8.588656940778000015e-01,5.055736280017147921e-01,-8.212810849790044831e-02,1.465674029477237184e-01,-4.855595744224954768e-01,8.546975538192639332e-01,1.836409300292606295e-01,-1.962537778102559638e-01,1.630387046774609550e-01,-1.178448054203085071e-01,9.795565234393295295e-01,2.121736954216408844e-01,0.000000000000000000e+00,0.000000000000000000e+00,0.000000000000000000e+00,1.000000000000000000e+00
8.589602825431038591e-01,5.053621814230596643e-01,-8.243966642823193081e-02,1.466394054468149744e-01,-4.854571412241213690e-01,8.549427828504772009e-01,1.827681648602559050e-01,-1.962761278016889877e-01,1.628453163218859245e-01,-1.169696697405303298e-01,9.796935741918574303e-01,2.120681812486395756e-01,0.000000000000000000e+00,0.000000000000000000e+00,0.000000000000000000e+00,1.000000000000000000e+00
8.588912905859062974e-01,5.055718000468110152e-01,-8.187127672819127788e-02,1.464566073944237601e-01,-4.856943666418552796e-01,8.547576967462630071e-01,1.830034482336080626e-01,-1.962337344846542264e-01,1.625014866641033007e-01,-1.174156499383757490e-01,9.796973165123529226e-01,2.122044804645515370e-01,0.000000000000000000e+00,0.000000000000000000e+00,0.000000000000000000e+00,1.000000000000000000e+00
8.587940487572776060e-01,5.055501533049757690e-01,-8.301701218664833681e-02,1.464001007947917099e-01,-4.854233229123440796e-01,8.547663989589491251e-01,1.836807033509198772e-01,-1.961565602214459525e-01,1.638199602973358926e-01,-1.174455009954235296e-01,9.794741318197807134e-01,2.123191815478413513e-01,0.000000000000000000e+00,0.000000000000000000e+00,0.000000000000000000e+00,1.000000000000000000e+00
8.588333265002324746e-01,5.055595228670370922e-01,-8.255232359539699249e-02,1.464169591714835073e-01,-4.855235369234811582e-01,8.547550411172541995e-01,1.834685661849310701e-01,-1.961092216402061106e-01,1.633162955306615982e-01,-1.174878228715435097e-01,9.795531629733256196e-01,2.123408946665386043e-01,0.000000000000000000e+00,0.000000000000000000e+00,0.000000000000000000e+00,1.000000000000000000e+00
8.589934817026134706e-01,5.054698148685503600e-01,-8.142766513400501172e-02,1.467385880089034367e-01,-4.855994495852032355e-01,8.547515822044253753e-01,1.832836798015019253e-01,-1.963080165410060751e-01,1.622447933061947067e-01,-1.178982568818780219e-01,9.796819014706994455e-01,2.119474856669849583e-01,0.000000000000000000e+00,0.000000000000000000e+00,0.000000000000000000e+00,1.000000000000000000e+00
8.590027263840310789e-01,5.054348045321537253e-01,-8.154737538599850233e-02,1.467271491092767832e-01,-4.855027100050726685e-01,8.547449621528909747e-01,1.835706083554318191e-01,-1.961688325209267891e-01,1.624851828399491160e-01,-1.180961813175878811e-01,9.796182201835936798e-01,2.121150188964322503e-01,0.000000000000000000e+00,0.000000000000000000e+00,0.000000000000000000e+00,1.000000000000000000e+00
8.588982281913812855e-01,5.055444218633486919e-01,-8.196750046548044455e-02,1.465870739315062177e-01,-4.858330007032486408e-01,8.549074372395265575e-01,1.819328699829203810e-01,-1.964928244722662642e-01,1.620497733333288726e-01,-1.164393029668139568e-01,9.798886465753234853e-01,2.119282353163722821e-01,0.000000000000000000e+00,0.000000000000000000e+00,0.000000000000000000e+00,1.000000000000000000e+00
8.588858899839992844e-01,5.056308626578389642e-01,-8.156260610281448886e-02,1.465672981365790384e-01,-4.858214296623203365e-01,8.547261381566988447e-01,1.828134766164539460e-01,-1.964904099852919084e-01,1.621498272193109269e-01,-1.173910536609380773e-01,9.797585284411267637e-01,2.119029121468771759e-01,0.000000000000000000e+00,0.000000000000000000e+00,0.000000000000000000e+00,1.000000000000000000e+00
8.588828004401957150e-01,5.055249933272015772e-01,-8.224850290150939602e-02,1.465824907392165866e-01,-4.855749731163170324e-01,8.547896473748127777e-01,1.831709699268175007e-01,-1.963279369899894045e-01,1.629026721422789370e-01,-1.173845810248341504e-01,9.796344111690489243e-01,2.120044061341546104e-01,0.000000000000000000e+00,0.000000000000000000e+00,0.000000000000000000e+00,1.000000000000000000e+00
8.588056627567559609e-01,5.055691021330911417e-01,-8.278113665122918685e-02,1.464199389286058584e-01,-4.855750555556768155e-01,8.548148219054807484e-01,1.830532318010331672e-01,-1.963001619102377471e-01,1.633086006278626490e-01,-1.170106970282696612e-01,9.796115545163439631e-01,2.121656203963513398e-01,0.000000000000000000e+00,0.000000000000000000e+00,0.000000000000000000e+00,1.000000000000000000e+00
8.588883308209009915e-01,5.054829165986756134e-01,-8.244911283078246167e-02,1.464515954411076681e-01,-4.853916722987748344e-01,8.547423644790754782e-01,1.838760855242415337e-01,-1.960772117393625447e-01,1.634189696537261816e-01,-1.179089114173131614e-01,9.794854409156364961e-01,2.123539110722247880e-01,0.000000000000000000e+00,0.000000000000000000e+00,0.000000000000000000e+00,1.000000000000000000e+00
8.589582993630673347e-01,5.054991892098850137e-01,-8.161623406808318770e-02,1.464937842046897809e-01,-4.860027372957799741e-01,8.550339732026057682e-01,1.808818509701145549e-01,-1.966481270872305065e-01,1.612202819012432120e-01,-1.157042539300718736e-01,9.801125171765582289e-01,2.118356851619207504e-01,0.000000000000000000e+00,0.000000000000000000e+00,0.000000000000000000e+00,1.000000000000000000e+00
8.588788530034301427e-01,5.054467136746071398e-01,-8.276916997923844388e-02,1.465297761427914180e-01,-4.855332812535899101e-01,8.549394989246491550e-01,1.825811763944801269e-01,-1.963321697807836053e-01,1.630476882958929452e-01,-1.166279246750522858e-01,9.797006576130056210e-01,2.120567778291659877e-01,0.000000000000000000e+00,0.000000000000000000e+00,0.000000000000000000e+00,1.000000000000000000e+00
8.589984202794943569e-01,5.054888480993526834e-01,-8.125723601331116819e-02,1.466309562126723864e-01,-4.858001169432583088e-01,8.548463797589903601e-01,1.823071951154552062e-01,-1.963734465443615906e-01,1.616167080943362866e-01,-1.171268178520090408e-01,9.798782313147959000e-01,2.119870365600546869e-01,0.000000000000000000e+00,0.000000000000000000e+00,0.000000000000000000e+00,1.000000000000000000e+00
8.589711013608885004e-01,5.054595906094285773e-01,-8.172667427352758862e-02,1.466097691009961845e-01,-4.856852566531881799e-01,8.548730071474180958e-01,1.824882821456141613e-01,-1.963136650274931450e-01,1.621063801847080765e-01,-1.170587199301249826e-01,9.798054794660681077e-01,2.120183097407835060e-01,0.000000000000000000e+00,0.000000000000000000e+00,0.000000000000000000e+00,1.000000000000000000e+00
8.589763084202828303e-01,5.055353403793106937e-01,-8.120173151009642265e-02,1.465204627014131677e-01,-4.857225878016901977e-01,8.547216263646530976e-01,1.830969937595698371e-01,-1.961889841888062036e-01,1.619668770826081516e-01,-1.178344646193847933e-01,9.797355610959369576e-01,2.121644785701015667e-01,0.000000000000000000e+00,0.000000000000000000e+00,0.000000000000000000e+00,1.000000000000000000e+00
8.588993662517552252e-01,5.055679374875911014e-01,-8.181038587414310448e-02,1.465352886386192266e-01,-4.858194914935393682e-01,8.548436020603024099e-01,1.822685867107271540e-01,-1.964723865566690708e-01,1.620842383987163016e-01,-1.168052935491802335e-01,9.798393863596205344e-01,2.119480934878814615e-01,0.000000000000000000e+00,0.000000000000000000e+00,0.000000000000000000e+00,1.000000000000000000e+00
8.589152584223622711e-01,5.055629127868915829e-01,-8.167447620695687804e-02,1.464980867611856696e-01,-4.857736873648907938e-01,8.547961643081931626e-01,1.826128203273747475e-01,-1.964010990497891407e-01,1.621372983405243717e-01,-1.171736262920740068e-01,9.797866287046386180e-01,2.120280557995777304e-01,0.000000000000000000e+00,0.000000000000000000e+00,0.000000000000000000e+00,1.000000000000000000e+00
8.589795925112637676e-01,5.054889241704546565e-01,-8.145555346432351018e-02,1.465789984356065390e-01,-4.857152348394939700e-01,8.548153046370872143e-01,1.826786949893682843e-01,-1.963105167233538395e-01,1.619715107480266536e-01,-1.173530677025521607e-01,9.797925735617727394e-01,2.120188430251461753e-01,0.000000000000000000e+00,0.000000000000000000e+00,0.000000000000000000e+00,1.000000000000000000e+00
8.589971576333339520e-01,5.053827330165395759e-01,-8.192787283084351779e-02,1.466301285575516422e-01,-4.856353618895034030e-01,8.549664323980656899e-01,1.821831352100830859e-01,-1.963438174786510948e-01,1.621177919301422243e-01,-1.167077231431467854e-01,9.798454617430435443e-01,2.120099780668773803e-01,0.000000000000000000e+00,0.000000000000000000e+00,0.000000000000000000e+00,1.000000000000000000e+00
8.588983976160715628e-01,5.055039446516270685e-01,-8.221498959550935237e-02,1.464774356794688315e-01,-4.857145892933470432e-01,8.549119040124327773e-01,1.822278083208826449e-01,-1.963733657853705683e-01,1.624034492248860040e-01,-1.165821526627550814e-01,9.798131053218149811e-01,2.120544914761237631e-01,0.000000000000000000e+00,0.000000000000000000e+00,0.000000000000000000e+00,1.000000000000000000e+00
8.589494290701297219e-01,5.054893545387348919e-01,-8.177035372377675082e-02,1.465903240237216298e-01,-4.855985511905195895e-01,8.547787972109402999e-01,1.831590972905436654e-01,-1.962373277299573060e-01,1.624805384708172817e-01,-1.176168367481104926e-01,9.796766580518297962e-01,2.121500622303751360e-01,0.000000000000000000e+00,0.000000000000000000e+00,0.000000000000000000e+00,1.000000000000000000e+00
8.589323090365927893e-01,5.055595662926807288e-01,-8.151572500458786896e-02,1.465604128399988770e-01,-4.858013700779195143e-01,8.547960817136108780e-01,1.825395505567881660e-01,-1.964092714439068244e-01,1.619639383427166346e-01,-1.171886667601202275e-01,9.798135021826869240e-01,2.120110459605544229e-01,0.000000000000000000e+00,0.000000000000000000e+00,0.000000000000000000e+00,1.000000000000000000e+00
8.589068003459502387e-01,5.055009292847143509e-01,-8.214571694112865474e-02,1.465022030720427026e-01,-4.856707520407485545e-01,8.548736964225421842e-01,1.825236526509173840e-01,-1.963883794063948085e-01,1.624900887182216813e-01,-1.168750343621306753e-01,9.797638477772054877e-01,2.120146558481366128e-01,0.000000000000000000e+00,0.000000000000000000e+00,0.000000000000000000e+00,1.000000000000000000e+00
8.590007648604638391e-01,5.055326640721694575e-01,-8.095932018756817061e-02,1.466149209280352694e-01,-4.860422351038727329e-01,8.549196828744831667e-01,1.813154199979279402e-01,-1.965853757162147886e-01,1.608745836494063219e-01,-1.164004355227606369e-01,9.800868874470987091e-01,2.117588746541643197e-01,0.000000000000000000e+00,0.000000000000000000e+00,0.000000000000000000e+00,1.000000000000000000e+00
8.589211394556168777e-01,5.056121178947471373e-01,-8.130721022303771806e-02,1.464965434845033054e-01,-4.858414020140786049e-01,8.547253426406729027e-01,1.827641122780368776e-01,-1.962975060426496998e-01,1.619030830010947108e-01,-1.174775505608316728e-01,9.797889654558108452e-01,2.120894096015915053e-01,0.000000000000000000e+00,0.000000000000000000e+00,0.000000000000000000e+00,1.000000000000000000e+00
8.590219695464860195e-01,5.055068652050618283e-01,-8.089539583331034622e-02,1.466053005686691058e-01,-4.857865418505357691e-01,8.547574247674862846e-01,1.827598986696838956e-01,-1.962861906073084250e-01,1.615323236797334139e-01,-1.176968735158539503e-01,9.798238384379200916e-01,2.120483683305007805e-01,0.000000000000000000e+00,0.000000000000000000e+00,0.000000000000000000e+00,1.000000000000000000e+00
8.587582173160508425e-01,5.055859176954911050e-01,-8.316973019173667936e-02,1.463415160006100446e-01,-4.858256923709916575e-01,8.550307075470919838e-01,1.813722299134183369e-01,-1.966421223999693657e-01,1.628119185575945538e-01,-1.153489010763750211e-01,9.798912746810575225e-01,2.119196756870218579e-01,0.000000000000000000e+00,0.000000000000000000e+00,0.000000000000000000e+00,1.000000000000000000e+00
8.589373662640177320e-01,5.055195552058306951e-01,-8.171034291894832546e-02,1.465104477444372499e-01,-4.856000446572401041e-01,8.547317592116983054e-01,1.833745250130515425e-01,-1.961325448266361959e-01,1.625398334695820901e-01,-1.178286853842260007e-01,9.796413647025660199e-01,2.122682417612835604e-01,0.000000000000000000e+00,0.000000000000000000e+00,0.000000000000000000e+00,1.000000000000000000e+00
8.589134606750831180e-01,5.054957281892048515e-01,-8.210807422914187526e-02,1.465045011264568542e-01,-4.855607306663838885e-01,8.547953276732945804e-01,1.831822169934423372e-01,-1.962302545728206171e-01,1.627834263857355634e-01,-1.174692154156597446e-01,9.796440881890470243e-01,2.121402602676685234e-01,0.000000000000000000e+00,0.000000000000000000e+00,0.000000000000000000e+00,1.000000000000000000e+00
8.589858476597730386e-01,5.053408650690214277e-01,-8.230384931164899665e-02,1.466181670164060091e-01,-4.854246990522886884e-01,8.549259694454215408e-01,1.829329066018505201e-01,-1.961176757511180480e-01,1.628071714336210285e-01,-1.171844565593045256e-01,9.796742458953814348e-01,2.122010379823531245e-01,0.000000000000000000e+00,0.000000000000000000e+00,0.000000000000000000e+00,1.000000000000000000e+00
8.589207108625532827e-01,5.054876645311741079e-01,-8.208187045983683650e-02,1.465389401859414908e-01,-4.856388024579012530e-01,8.548579334609883729e-01,1.826824215573684684e-01,-1.962574934640723412e-01,1.625120487798422664e-01,-1.170475741125278080e-01,9.797396079549660630e-01,2.121397266480151700e-01,0.000000000000000000e+00,0.000000000000000000e+00,0.000000000000000000e+00,1.000000000000000000e+00
8.590051090872995454e-01,5.055148329322082246e-01,-8.102454101961033273e-02,1.466007316011346262e-01,-4.857654404088678768e-01,8.547517922135480228e-01,1.828423107820139060e-01,-1.962480883224643757e-01,1.616853718377007088e-01,-1.177035572667603919e-01,9.797977919654928813e-01,2.120928753952668888e-01,0.000000000000000000e+00,0.000000000000000000e+00,0.000000000000000000e+00,1.000000000000000000e+00
8.589962120645644461e-01,5.055147266001206452e-01,-8.111947268772903841e-02,1.466679891701162808e-01,-4.855851274408286011e-01,8.546352109804147279e-01,1.838633736249183082e-01,-1.961786358061709812e-01,1.622732007048736935e-01,-1.185475319982128573e-01,9.795988418685113164e-01,2.121619123284612662e-01,0.000000000000000000e+00,0.000000000000000000e+00,0.000000000000000000e+00,1.000000000000000000e+00
8.589719622929141707e-01,5.056249594218575893e-01,-8.068809332426529757e-02,1.465694348782391188e-01,-4.857846712807921685e-01,8.545711240492409599e-01,1.836340030871992934e-01,-1.962463606395930538e-01,1.618036499689458618e-01,-1.185394210837125151e-01,9.796774900475488934e-01,2.121382379859395595e-01,0.000000000000000000e+00,0.000000000000000000e+00,0.000000000000000000e+00,1.000000000000000000e+00
8.589222791849594474e-01,5.055640343330697339e-01,-8.159366095834386101e-02,1.465367417352983204e-01,-4.857083796297952394e-01,8.547350100259878403e-01,1.830722059551179171e-01,-1.962897146589309694e-01,1.622956816342111530e-01,-1.176140715422481220e-01,9.797076308257181010e-01,2.121539564463867933e-01,0.000000000000000000e+00,0.000000000000000000e+00,0.000000000000000000e+00,1.000000000000000000e+00
8.588579586629623286e-01,5.056212482431740041e-01,-8.191556730136261011e-02,1.463726806785339840e-01,-4.856342480354029489e-01,8.546574923257533873e-01,1.836299211635829820e-01,-1.960303559161854225e-01,1.628569432857505106e-01,-1.179310143112049236e-01,9.795763838961984993e-01,2.124156511065884434e-01,0.000000000000000000e+00,0.000000000000000000e+00,0.000000000000000000e+00,1.000000000000000000e+00
8.592386683811795711e-01,5.053991398458121953e-01,-7.925036404743260321e-02,1.468997475374885786e-01,-4.859795616644430605e-01,8.547823071846248899e-01,1.821292754297495764e-01,-1.964376776003234071e-01,1.597897881686223265e-01,-1.179784589119682592e-01,9.800756638289637168e-01,2.116750961746860504e-01,0.000000000000000000e+00,0.000000000000000000e+00,0.000000000000000000e+00,1.000000000000000000e+00
8.588586403911481204e-01,5.054962759354206803e-01,-8.267618061382397965e-02,1.464382793778601644e-01,-4.857456973723208726e-01,8.550138500490916948e-01,1.816657196845541666e-01,-1.964964489586777108e-01,1.625206242596498873e-01,-1.158655740056137307e-01,9.798786738421259024e-01,2.119204113968884418e-01,0.000000000000000000e+00,0.000000000000000000e+00,0.000000000000000000e+00,1.000000000000000000e+00
8.588802927927515762e-01,5.055417107212564209e-01,-8.217190136088342589e-02,1.464278195760240486e-01,-4.857420388639674402e-01,8.548766972575443379e-01,1.823197854493822934e-01,-1.964670353154722160e-01,1.624170998771778673e-01,-1.166765238043127872e-01,9.797996093387812966e-01,2.119404256897086114e-01,0.000000000000000000e+00,0.000000000000000000e+00,0.000000000000000000e+00,1.000000000000000000e+00
8.590083278275056911e-01,5.055180456148286039e-01,-8.097035433266280835e-02,1.466139778861436371e-01,-4.858632617965638056e-01,8.548104208443990659e-01,1.823075293349823156e-01,-1.964241247890386732e-01,1.613740485933118640e-01,-1.172631654595160111e-01,9.799019167585182322e-01,2.119615964016279275e-01,0.000000000000000000e+00,0.000000000000000000e+00,0.000000000000000000e+00,1.000000000000000000e+00
8.589782389214702940e-01,5.054771910673612201e-01,-8.154259236754769768e-02,1.466602241669476281e-01,-4.857557232488867172e-01,8.548730692408965659e-01,1.823003368554223513e-01,-1.963946786544163436e-01,1.618572284154174423e-01,-1.169822413757742319e-01,9.798558020506791255e-01,2.119367061533850016e-01,0.000000000000000000e+00,0.000000000000000000e+00,0.000000000000000000e+00,1.000000000000000000e+00
8.590313967736359357e-01,5.055361067889915239e-01,-8.061205920807393288e-02,1.467302722223903511e-01,-4.858819273488055868e-01,8.547452926262920636e-01,1.825629683397071990e-01,-1.964815613650374992e-01,1.611949503953105933e-01,-1.176593789964247017e-01,9.798839005215003173e-01,2.118049959768044666e-01,0.000000000000000000e+00,0.000000000000000000e+00,0.000000000000000000e+00,1.000000000000000000e+00
8.588176664949725980e-01,5.056297604928747802e-01,-8.228463416731104929e-02,1.463464356518720810e-01,-4.858319968454783977e-01,8.548457297026681445e-01,1.822252706137323652e-01,-1.963791638566633746e-01,1.624791880742428862e-01,-1.165217735576961344e-01,9.798077310011917840e-01,2.121498400193757572e-01,0.000000000000000000e+00,0.000000000000000000e+00,0.000000000000000000e+00,1.000000000000000000e+00
8.589567921189605881e-01,5.054739966075152413e-01,-8.178794548300293010e-02,1.466611491112456422e-01,-4.858031937887070661e-01,8.549489028448004069e-01,1.818175745882783245e-01,-1.964191378191009196e-01,1.618285703372457363e-01,-1.164405954901378826e-01,9.799250489422675070e-01,2.118767552520088859e-01,0.000000000000000000e+00,0.000000000000000000e+00,0.000000000000000000e+00,1.000000000000000000e+00
8.588298562955499760e-01,5.055983002292556705e-01,-8.235069362581681762e-02,1.464861395961596091e-01,-4.857064963788555456e-01,8.548059943097157110e-01,1.827454827555409778e-01,-1.964438878779668773e-01,1.627896720026873190e-01,-1.169490098182380811e-01,9.797052882330439250e-01,2.119905268755120087e-01,0.000000000000000000e+00,0.000000000000000000e+00,0.000000000000000000e+00,1.000000000000000000e+00
8.588463911734708356e-01,5.055225406296377511e-01,-8.264282959617055835e-02,1.464936820639212434e-01,-4.857676992213872946e-01,8.549910080093732212e-01,1.817143874773696766e-01,-1.966089475786507168e-01,1.625195950076950835e-01,-1.159195287191597673e-01,9.798724631808277685e-01,2.118789573554191730e-01,0.000000000000000000e+00,0.000000000000000000e+00,0.000000000000000000e+00,1.000000000000000000e+00
8.588713460786452369e-01,5.055403060015147831e-01,-8.227399281031094747e-02,1.465291683116620447e-01,-4.855088341780462446e-01,8.547262245989122320e-01,1.836416426575535055e-01,-1.961352619972560607e-01,1.631599914811555363e-01,-1.177797944928794666e-01,9.795441476467942055e-01,2.122614471385977364e-01,0.000000000000000000e+00,0.000000000000000000e+00,0.000000000000000000e+00,1.000000000000000000e+00
8.588484983401025730e-01,5.054707786986006868e-01,-8.293701695130789586e-02,1.465035732631961019e-01,-4.856619310654981536e-01,8.550260005112620965e-01,1.818324150514615545e-01,-1.964397081355319097e-01,1.628242783269209237e-01,-1.158871448071178423e-01,9.798257110607844211e-01,2.119939659355662975e-01,0.000000000000000000e+00,0.000000000000000000e+00,0.000000000000000000e+00,1.000000000000000000e+00
8.588615658807055020e-01,5.055352296758103270e-01,-8.240717328951727150e-02,1.464755543449276776e-01,-4.857275636745605474e-01,8.549104230002264604e-01,1.822001716035135388e-01,-1.963883879500051277e-01,1.625593569737484312e-01,-1.164572891759023121e-01,9.798021000478014386e-01,2.121030477632102063e-01,0.000000000000000000e+00,0.000000000000000000e+00,0.000000000000000000e+00,1.000000000000000000e+00
8.588403738416886535e-01,5.054896873717054095e-01,-8.290589979201909432e-02,1.464031589366792119e-01,-4.854255286773764833e-01,8.548282785824233843e-01,1.833866686651478006e-01,-1.960087412052816669e-01,1.635703774152226508e-01,-1.172552348369429454e-01,9.795386370815473143e-01,2.124214359072151836e-01,0.000000000000000000e+00,0.000000000000000000e+00,0.000000000000000000e+00,1.000000000000000000e+00
8.588812277572522857e-01,5.055460046419529840e-01,-8.213570354452201516e-02,1.465364099066939763e-01,-4.857871605688050543e-01,8.548980884818470072e-01,1.820991294229118429e-01,-1.964297055020894356e-01,1.622771432848545137e-01,-1.165010536460627938e-01,9.798436779745350877e-01,2.119797091179151938e-01,0.000000000000000000e+00,0.000000000000000000e+00,0.000000000000000000e+00,1.000000000000000000e+00
8.589916009695871546e-01,5.054599898742802022e-01,-8.150845416273391764e-02,1.466473196816853730e-01,-4.858427118148404000e-01,8.549527333734235901e-01,1.816939269037740334e-01,-1.965346951144703036e-01,1.615248861324715679e-01,-1.164732687512657072e-01,9.799712693881835746e-01,2.118304626699190063e-01,0.000000000000000000e+00,0.000000000000000000e+00,0.000000000000000000e+00,1.000000000000000000e+00
8.588636703480720946e-01,5.054934654185061493e-01,-8.264110463581711419e-02,1.464853186827551890e-01,-4.855350418995598716e-01,8.548614794054787414e-01,1.829414499676584593e-01,-1.962375592083744347e-01,1.631224044815154650e-01,-1.169966129760439399e-01,9.796442587533001900e-01,2.123074184273090470e-01,0.000000000000000000e+00,0.000000000000000000e+00,0.000000000000000000e+00,1.000000000000000000e+00
8.589688855187146421e-01,5.055445388004278229e-01,-8.122298319933915489e-02,1.465222546792810943e-01,-4.858312442738884074e-01,8.547919951078993828e-01,1.824791691858070330e-01,-1.962582635456041336e-01,1.616801032843025454e-01,-1.172832655945415525e-01,9.798490597094318133e-01,2.121923013894069232e-01,0.000000000000000000e+00,0.000000000000000000e+00,0.000000000000000000e+00,1.000000000000000000e+00
8.589979689434106280e-01,5.055470967166223462e-01,-8.089884024193079448e-02,1.466278711755527597e-01,-4.856968707174773026e-01,8.546405533109292518e-01,1.835431132231304108e-01,-1.962509271771971930e-01,1.619291175988600839e-01,-1.183708479220405840e-01,9.796771423463301876e-01,2.120965121570639322e-01,0.000000000000000000e+00,0.000000000000000000e+00,0.000000000000000000e+00,1.000000000000000000e+00
8.588964279022867077e-01,5.055624927428966631e-01,-8.187485614204675910e-02,1.464942423694372553e-01,-4.856786844202812814e-01,8.547588720622418812e-01,1.830395753127421199e-01,-1.962595757340367397e-01,1.625212036519452508e-01,-1.174471649826967362e-01,9.796902682996552203e-01,2.121157978272774081e-01,0.000000000000000000e+00,0.000000000000000000e+00,0.000000000000000000e+00,1.000000000000000000e+00
8.588725501197985723e-01,5.055416126835429180e-01,-8.225339200322911992e-02,1.464617103169073009e-01,-4.857087620168925035e-01,8.548653500902810842e-01,1.824615896977745955e-01,-1.963758521963336889e-01,1.625575010595694814e-01,-1.167600576410614543e-01,9.797663740856410453e-01,2.120442838773395344e-01,0.000000000000000000e+00,0.000000000000000000e+00,0.000000000000000000e+00,1.000000000000000000e+00
