T00,T01,T02,T03,T10,T11,T12,T13,T20,T21,T22,T23,T30,T31,T32,T33
7.371828580691746069e-01,6.698919598053356683e-01,-8.835267939983243446e-02,1.158388882475505643e-01,-6.563591936402550786e-01,7.409969731172272311e-01,1.418312192538057070e-01,-2.522409793584023951e-01,1.604806614295847811e-01,-4.656445016612624499e-02,9.859400130270853380e-01,1.656601269028639134e-01,0.000000000000000000e+00,0.000000000000000000e+00,0.000000000000000000e+00,1.000000000000000000e+00
7.372263046061580116e-01,6.698804069690348362e-01,-8.807733054395130989e-02,1.159063494881268364e-01,-6.563769594611285063e-01,7.410004039293974776e-01,1.417310427007213158e-01,-2.523486251985474493e-01,1.602081860745958319e-01,-4.667592243833882520e-02,9.859790542294586402e-01,1.654961574869329155e-01,0.000000000000000000e+00,0.000000000000000000e+00,0.000000000000000000e+00,1.000000000000000000e+00
7.371648188314651184e-01,6.698415221136404529e-01,-8.888399816420866628e-02,1.158163020491875805e-01,-6.562589883164229310e-01,7.410571293704116824e-01,1.419805312822523535e-01,-2.522427811578695223e-01,1.609725757111406252e-01,-4.633212990751435501e-02,9.858707641507353792e-01,1.657280702449897003e-01,0.000000000000000000e+00,0.000000000000000000e+00,0.000000000000000000e+00,1.000000000000000000e+00
7.371438193136785610e-01,6.699224917123625112e-01,-8.844684700735366834e-02,1.158379740517946344e-01,-6.562099975254802597e-01,7.409226170913573162e-01,1.429059642915685990e-01,-2.521599647018390455e-01,1.612681890369329074e-01,-4.730254306475897841e-02,9.857763644074423182e-01,1.658319127754215305e-01,0.000000000000000000e+00,0.000000000000000000e+00,0.000000000000000000e+00,1.000000000000000000e+00
7.371071096778508691e-01,6.698313100191251035e-01,-8.943782745811343360e-02,1.157729677655888745e-01,-6.562379775468043519e-01,7.410936613052352406e-01,1.418869338539709146e-01,-2.523046138329192445e-01,1.613221177881214718e-01,-4.589336870686053227e-02,9.858341508697553435e-01,1.656641069747191164e-01,0.000000000000000000e+00,0.000000000000000000e+00,0.000000000000000000e+00,1.000000000000000000e+00
7.371497705760280406e-01,6.699333480992775147e-01,-8.831491858232015657e-02,1.158547881401646440e-01,-6.560682015290897340e-01,7.408602733436346899e-01,1.438769276971847422e-01,-2.520857981674565762e-01,1.618169666076311741e-01,-4.811823444067270944e-02,9.856469473560082184e-01,1.658602912915814187e-01,0.000000000000000000e+00,0.000000000000000000e+00,0.000000000000000000e+00,1.000000000000000000e+00
7.371585966966665016e-01,6.699049888035496503e-01,-8.845625637747443759e-02,1.157867993687788088e-01,-6.564065590477415890e-01,7.410010539476514779e-01,1.415904915154039267e-01,-2.523295582373513701e-01,1.603983558372879537e-01,-4.631138115610358708e-02,9.859653256682554545e-01,1.655762790135830720e-01,0.000000000000000000e+00,0.000000000000000000e+00,0.000000000000000000e+00,1.000000000000000000e+00
7.371603879390714598e-01,6.698799767870573518e-01,-8.863057685296463206e-02,1.158178864768999450e-01,-6.562380583761362463e-01,7.409915196575300733e-01,1.424190244817841455e-01,-2.522018990284811135e-01,1.610781586442946722e-01,-4.682290567014967680e-02,9.858303314020966379e-01,1.657862065947215413e-01,0.000000000000000000e+00,0.000000000000000000e+00,0.000000000000000000e+00,1.000000000000000000e+00
7.372109202507328707e-01,6.698418517777134928e-01,-8.849832015395117657e-02,1.159059356835598353e-01,-6.562294622330767657e-01,7.410266761861203921e-01,1.422756411963671530e-01,-2.522763046379261631e-01,1.608817949935736902e-01,-4.681195133247885443e-02,9.858629160548089132e-01,1.655616025237935940e-01,0.000000000000000000e+00,0.000000000000000000e+00,0.000000000000000000e+00,1.000000000000000000e+00
7.371619326088705293e-01,6.698275568791624002e-01,-8.901308419354635182e-02,1.158040186922308090e-01,-6.562570034188227597e-01,7.410801648805251940e-01,1.418694282937681406e-01,-2.522766189025508754e-01,1.609938836605356305e-01,-4.616528204122558043e-02,9.858751118462987240e-01,1.656504861738619105e-01,0.000000000000000000e+00,0.000000000000000000e+00,0.000000000000000000e+00,1.000000000000000000e+00
7.371898838280092070e-01,6.699352625713329568e-01,-8.796487449616087473e-02,1.158794864761998888e-01,-6.563222338945006173e-01,7.409130456125285757e-01,1.424394051409212381e-01,-2.522900918536713499e-01,1.605995033534619587e-01,-4.727158559479675837e-02,9.858870101172725331e-01,1.656252500946737705e-01,0.000000000000000000e+00,0.000000000000000000e+00,0.000000000000000000e+00,1.000000000000000000e+00
7.371808243691229112e-01,6.699566540996012565e-01,-8.787783457805434240e-02,1.158804952126311072e-01,-6.562297704153700062e-01,7.408553017349821523e-01,1.431639281095615779e-01,-2.521668779206854838e-01,1.610183859161790076e-01,-4.786965133397199507e-02,9.857898233792600218e-01,1.657309614767106254e-01,0.000000000000000000e+00,0.000000000000000000e+00,0.000000000000000000e+00,1.000000000000000000e+00
7.370568823726114660e-01,6.698648391254684586e-01,-8.960049916477355603e-02,1.157210829481544190e-01,-6.562373209448286726e-01,7.410629467468207165e-01,1.420502993945194359e-01,-2.522726202168280585e-01,1.615541108926675518e-01,-4.589995928461020752e-02,9.857958525939083394e-01,1.656989077641382035e-01,0.000000000000000000e+00,0.000000000000000000e+00,0.000000000000000000e+00,1.000000000000000000e+00
7.371827083644773015e-01,6.698519125532338414e-01,-8.865703433562804880e-02,1.158472361617871871e-01,-6.562238979512307058e-01,7.410220677671301992e-01,1.423252993666952460e-01,-2.521971131517055098e-01,1.610336928909809617e-01,-4.674088500340349561e-02,9.858414879801883357e-01,1.657784310457142141e-01,0.000000000000000000e+00,0.000000000000000000e+00,0.000000000000000000e+00,1.000000000000000000e+00
7.371736495482035245e-01,6.698866248231715170e-01,-8.846988354689995504e-02,1.158537460296749644e-01,-6.561755601046942443e-01,7.409563272143371293e-01,1.428893119947438894e-01,-2.521822332422538060e-01,1.612719589174551604e-01,-4.728246021581309494e-02,9.857767111384133640e-01,1.657785877783499728e-01,0.000000000000000000e+00,0.000000000000000000e+00,0.000000000000000000e+00,1.000000000000000000e+00
7.372077591797712159e-01,6.699557901461516973e-01,-8.765819445314838865e-02,1.159082740784488641e-01,-6.563127078710866424e-01,7.408683180022752612e-01,1.427156784218226171e-01,-2.522110900706430181e-01,1.605563741869566741e-01,-4.767991852053658081e-02,9.858743713464778180e-01,1.656932406066105035e-01,0.000000000000000000e+00,0.000000000000000000e+00,0.000000000000000000e+00,1.000000000000000000e+00
7.370600358551058218e-01,6.698913015195745446e-01,-8.937643813489475064e-02,1.157516552856487912e-01,-6.563286673477289890e-01,7.410455240375480868e-01,1.417187768839048012e-01,-2.523519591443804666e-01,1.611681853308037371e-01,-4.579492823803039264e-02,9.858639057115589077e-01,1.655873535971057464e-01,0.000000000000000000e+00,0.000000000000000000e+00,0.000000000000000000e+00,1.000000000000000000e+00
7.371941738448658521e-01,6.698482424785933143e-01,-8.858940172235835186e-02,1.158050753635795072e-01,-6.561268605493016937e-01,7.409943128585214644e-01,1.429159584407735939e-01,-2.521157313763620622e-01,1.613762464395023244e-01,-4.723092588196139280e-02,9.857621146734285578e-01,1.658825189568706726e-01,0.000000000000000000e+00,0.000000000000000000e+00,0.000000000000000000e+00,1.000000000000000000e+00
7.371349754930609510e-01,6.699223675273699996e-01,-8.852146288538273455e-02,1.158452101283105606e-01,-6.563110659244337786e-01,7.409564908871494326e-01,1.422647649888599264e-01,-2.522109736909401989e-01,1.608969006848121330e-01,-4.677071839009357135e-02,9.858624078700315430e-01,1.657666229608929509e-01,0.000000000000000000e+00,0.000000000000000000e+00,0.000000000000000000e+00,1.000000000000000000e+00
7.372029482012643076e-01,6.698730552450059550e-01,-8.832838173591345265e-02,1.158803128999384424e-01,-6.562782300988964090e-01,7.409944167088671207e-01,1.422187016694560491e-01,-2.522053610257857237e-01,1.607193139035378859e-01,-4.687605212693411738e-02,9.858863716855857939e-01,1.657283553296311496e-01,0.000000000000000000e+00,0.000000000000000000e+00,0.000000000000000000e+00,1.000000000000000000e+00
7.371559182831133317e-01,6.699476962823391890e-01,-8.815461636333268847e-02,1.158358262890319679e-01,-6.562778060168503735e-01,7.408960236397914567e-01,1.427323491169915637e-01,-2.522277361281214381e-01,1.609366132049795950e-01,-4.736207766485672072e-02,9.858276929207145933e-01,1.657593899406875071e-01,0.000000000000000000e+00,0.000000000000000000e+00,0.000000000000000000e+00,1.000000000000000000e+00
7.371361504272918586e-01,6.698971247807186113e-01,-8.870252501343806051e-02,1.158039465597857087e-01,-6.562395042478430529e-01,7.409757054364235485e-01,1.424946210126542545e-01,-2.522268104875721728e-01,1.611831529589195233e-01,-4.682783534951334703e-02,9.858129361287062409e-01,1.657497715104110370e-01,0.000000000000000000e+00,0.000000000000000000e+00,0.000000000000000000e+00,1.000000000000000000e+00
7.371777163977134562e-01,6.698939628524198664e-01,-8.838038798587297129e-02,1.158679325477159905e-01,-6.562722024464027193e-01,7.409708426218997168e-01,1.423692617117203185e-01,-2.522522092528013404e-01,1.608595994735802781e-01,-4.694985535731794474e-02,9.858599800880075703e-01,1.656423227252827868e-01,0.000000000000000000e+00,0.000000000000000000e+00,0.000000000000000000e+00,1.000000000000000000e+00
7.371229530085710024e-01,6.699233423227509698e-01,-8.861414988047042196e-02,1.158126010687481333e-01,-6.562855077773660506e-01,7.409531113229625987e-01,1.424002075217102314e-01,-2.522504917884796360e-01,1.610561530315713363e-01,-4.681027912687221043e-02,9.858345263474674880e-01,1.656782813388988362e-01,0.000000000000000000e+00,0.000000000000000000e+00,0.000000000000000000e+00,1.000000000000000000e+00
7.371944762314081023e-01,6.699003462116146501e-01,-8.819200847842875723e-02,1.158657767148518203e-01,-6.563766173999390219e-01,7.409831374651769664e-01,1.418228688289630279e-01,-2.523077556531784782e-01,1.603559800709483119e-01,-4.666386329722527204e-02,9.859555991613739856e-01,1.655909297011495251e-01,0.000000000000000000e+00,0.000000000000000000e+00,0.000000000000000000e+00,1.000000000000000000e+00
7.371443417832387324e-01,6.698768924156381921e-01,-8.878720845101287229e-02,1.158002560345362530e-01,-6.561925922698963465e-01,7.409907541706083345e-01,1.426323388428695216e-01,-2.521847646171412327e-01,1.613366084528547739e-01,-4.687911305945315771e-02,9.857853962864785435e-01,1.657871988377739303e-01,0.000000000000000000e+00,0.000000000000000000e+00,0.000000000000000000e+00,1.000000000000000000e+00
7.370948832370455284e-01,6.699369825173775439e-01,-8.874442270518967391e-02,1.157576824865434728e-01,-6.563534008068931946e-01,7.409639389389618414e-01,1.420304701156914762e-01,-2.522922201565216405e-01,1.609078815813324848e-01,-4.644222914083258325e-02,9.858761448566643049e-01,1.657183104088484349e-01,0.000000000000000000e+00,0.000000000000000000e+00,0.000000000000000000e+00,1.000000000000000000e+00
7.371250997190414989e-01,6.700165690592516654e-01,-8.788847791526496755e-02,1.158180187329543587e-01,-6.562866358981829240e-01,7.408015810256268763e-01,1.431812455993362598e-01,-2.521498730461609883e-01,1.610417303236615638e-01,-4.786245643508633962e-02,9.857863593894776733e-01,1.658688750202250706e-01,0.000000000000000000e+00,0.000000000000000000e+00,0.000000000000000000e+00,1.000000000000000000e+00
7.373150054055773728e-01,6.699094281648592109e-01,-8.710878749933806398e-02,1.159558296881355310e-01,-6.564704277265762666e-01,7.409387736448108663e-01,1.416203065602170685e-01,-2.523070602942104612e-01,1.594150567677330432e-01,-4.723443410855206887e-02,9.860810047405768053e-01,1.655175025091466523e-01,0.000000000000000000e+00,0.000000000000000000e+00,0.000000000000000000e+00,1.000000000000000000e+00
7.371656035604008395e-01,6.698789079094000787e-01,-8.859526886656776679e-02,1.158653385431198113e-01,-6.561400489198676578e-01,7.409621881158771073e-01,1.430219283395570973e-01,-2.521392060646127087e-01,1.614531174392854762e-01,-4.729994207862341787e-02,9.857462180239370264e-01,1.658224639859102734e-01,0.000000000000000000e+00,0.000000000000000000e+00,0.000000000000000000e+00,1.000000000000000000e+00
7.371557302901580178e-01,6.698765834880675563e-01,-8.869493894658300737e-02,1.157908509073491132e-01,-6.564202649390824540e-01,7.410516644469846703e-01,1.412616947288210523e-01,-2.522891584649833985e-01,1.603554335770660255e-01,-4.591071241777767986e-02,9.859910452978787321e-01,1.656390230351274528e-01,0.000000000000000000e+00,0.000000000000000000e+00,0.000000000000000000e+00,1.000000000000000000e+00
7.370932612770608738e-01,6.699365903231182529e-01,-8.876085356834428897e-02,1.157896267601645213e-01,-6.562662410287034565e-01,7.409400882077523676e-01,1.425566784571808687e-01,-2.521652384432600535e-01,1.612704097657172708e-01,-4.682681531903227362e-02,9.857987138869046539e-01,1.658320327237081671e-01,0.000000000000000000e+00,0.000000000000000000e+00,0.000000000000000000e+00,1.000000000000000000e+00
7.370428103838748690e-01,6.699680487843514554e-01,-8.894216811798920375e-02,1.157274372102182480e-01,-6.564163640309425007e-01,7.409563505821534779e-01,1.417788544331431422e-01,-2.523231490055232173e-01,1.608895667650230843e-01,-4.611399071937082039e-02,9.858945416047789623e-01,1.656429500168634661e-01,0.000000000000000000e+00,0.000000000000000000e+00,0.000000000000000000e+00,1.000000000000000000e+00
7.370913409524870730e-01,6.699551138383852411e-01,-8.863690278129635058e-02,1.157872818814347782e-01,-6.562831053289415184e-01,7.409161135416344468e-01,1.426036407465167966e-01,-2.522508676527673854e-01,1.612105478951866011e-01,-4.694100697850813603e-02,9.858030742045683636e-01,1.657312259863814585e-01,0.000000000000000000e+00,0.000000000000000000e+00,0.000000000000000000e+00,1.000000000000000000e+00
7.371464394566471512e-01,6.699093037608430112e-01,-8.852486391432845547e-02,1.158529032618372534e-01,-6.561511787188438749e-01,7.409254252246582073e-01,1.431612549593340167e-01,-2.521416171901706416e-01,1.614953790740147888e-01,-4.744511555810647374e-02,9.857323184046561382e-01,1.658495103457251485e-01,0.000000000000000000e+00,0.000000000000000000e+00,0.000000000000000000e+00,1.000000000000000000e+00
7.371052170979353058e-01,6.699266213620574950e-01,-8.873680700489669504e-02,1.157529709683286223e-01,-6.562220047486516661e-01,7.409376600016995829e-01,1.427727721761630764e-01,-2.521906901807388079e-01,1.613957230247022590e-01,-4.700750984283722650e-02,9.857696052362890926e-01,1.658401077854363415e-01,0.000000000000000000e+00,0.000000000000000000e+00,0.000000000000000000e+00,1.000000000000000000e+00
7.371561387057271597e-01,6.698855461173235382e-01,-8.862382451439285158e-02,1.157928874525263885e-01,-6.562082191288295396e-01,7.409758667257017040e-01,1.426377862905384153e-01,-2.521422829190367865e-01,1.612191065483021546e-01,-4.699063771849037313e-02,9.857993100274400344e-01,1.658553183941138265e-01,0.000000000000000000e+00,0.000000000000000000e+00,0.000000000000000000e+00,1.000000000000000000e+00
7.371147713336327900e-01,6.699295880477906806e-01,-8.863498710940354020e-02,1.158078542243849707e-01,-6.562816049778650296e-01,7.409457614581074214e-01,1.424564268292005109e-01,-2.522605419165711571e-01,1.611094933560530129e-01,-4.683722488986078597e-02,9.858245307939810242e-01,1.656665408677615581e-01,0.000000000000000000e+00,0.000000000000000000e+00,0.000000000000000000e+00,1.000000000000000000e+00
7.371780480818495018e-01,6.699239463842791009e-01,-8.815005097643308085e-02,1.158991195142898833e-01,-6.562893453763939400e-01,7.409273166768953756e-01,1.425166886627657337e-01,-2.522416519254156997e-01,1.607881232294798013e-01,-4.720823511728729216e-02,9.858593013029052221e-01,1.656774363932955740e-01,0.000000000000000000e+00,0.000000000000000000e+00,0.000000000000000000e+00,1.000000000000000000e+00
7.371110040634516469e-01,6.699650631835294412e-01,-8.839786084549815237e-02,1.157803243569158202e-01,-6.563064082189240533e-01,7.408976420495001491e-01,1.425923649297753948e-01,-2.522196624862443892e-01,1.610256694423152224e-01,-4.709031873942368801e-02,9.858261690894973839e-01,1.657906212330253481e-01,0.000000000000000000e+00,0.000000000000000000e+00,0.000000000000000000e+00,1.000000000000000000e+00
7.372220150937708327e-01,6.698425791282941466e-01,-8.840033737398952929e-02,1.158926481025992494e-01,-6.563290678823555657e-01,7.410492485575380650e-01,1.416974448075427329e-01,-2.523346542481678667e-01,1.604239854690013012e-01,-4.644276476549869664e-02,9.859549758924990304e-01,1.655005129367070893e-01,0.000000000000000000e+00,0.000000000000000000e+00,0.000000000000000000e+00,1.000000000000000000e+00
7.370738179696796344e-01,6.698952970342011426e-01,-8.923271751470407409e-02,1.157159910652148793e-01,-6.561157637404193554e-01,7.409717638248595195e-01,1.430837160043130218e-01,-2.521373141358359549e-01,1.619700325212222736e-01,-4.691626824179520594e-02,9.856797514098268875e-01,1.659107603518221730e-01,0.000000000000000000e+00,0.000000000000000000e+00,0.000000000000000000e+00,1.000000000000000000e+00
7.372108376938097951e-01,6.698617318650909036e-01,-8.834840671733781847e-02,1.158499779900112603e-01,-6.562588253838993468e-01,7.410032836315350036e-01,1.422620390442490279e-01,-2.522236547257614703e-01,1.607623553340015443e-01,-4.689769535898116737e-02,9.858783247832768604e-01,1.657053119100884153e-01,0.000000000000000000e+00,0.000000000000000000e+00,0.000000000000000000e+00,1.000000000000000000e+00
7.371112254452861778e-01,6.699145253915919085e-01,-8.877820673964424703e-02,1.157640673529886088e-01,-6.562195685575409332e-01,7.409535913217665248e-01,1.427012731181183658e-01,-2.521557736507931691e-01,1.613781867685458171e-01,-4.692871377669716876e-02,9.857762305201731579e-01,1.658519691755020453e-01,0.000000000000000000e+00,0.000000000000000000e+00,0.000000000000000000e+00,1.000000000000000000e+00
7.371228628330622756e-01,6.698943740769074395e-01,-8.883362352678778051e-02,1.158328438417429440e-01,-6.562930783934002310e-01,7.410017917700286727e-01,1.421117160776038668e-01,-2.522959310316736925e-01,1.610257132935755120e-01,-4.645290274800675107e-02,9.858564030753057539e-01,1.655803401326141344e-01,0.000000000000000000e+00,0.000000000000000000e+00,0.000000000000000000e+00,1.000000000000000000e+00
7.371670612869787309e-01,6.700059802912047280e-01,-8.761683700945487041e-02,1.158356240329367071e-01,-6.563657650828441659e-01,7.408220316927999205e-01,1.427119468922093404e-01,-2.522087447301439855e-01,1.605263410806223590e-01,-4.769385424322365730e-02,9.858785879035479871e-01,1.657470029436913794e-01,0.000000000000000000e+00,0.000000000000000000e+00,0.000000000000000000e+00,1.000000000000000000e+00
7.371904292501978428e-01,6.698695796349339870e-01,-8.845912785928933264e-02,1.158546668745329133e-01,-6.561871441508294600e-01,7.409793011485847902e-01,1.427168774901337311e-01,-2.521309449447127204e-01,1.611480774725157494e-01,-4.716377369413943255e-02,9.858026554934007368e-01,1.658240967105770736e-01,0.000000000000000000e+00,0.000000000000000000e+00,0.000000000000000000e+00,1.000000000000000000e+00
7.371987860701606499e-01,6.699396177668057728e-01,-8.785703365780105079e-02,1.158292591710812225e-01,-6.562731577088602997e-01,7.408872255428049503e-01,1.427993749927732314e-01,-2.521942272028845355e-01,1.607591126111462820e-01,-4.761331299071135809e-02,9.858445517111334988e-01,1.658033352784822334e-01,0.000000000000000000e+00,0.000000000000000000e+00,0.000000000000000000e+00,1.000000000000000000e+00
7.371747529383730901e-01,6.698956704531118245e-01,-8.839216220018993042e-02,1.158559490273501080e-01,-6.562044745494892695e-01,7.409496718159346296e-01,1.427910060791217073e-01,-2.521783353904022418e-01,1.611492203253791500e-01,-4.725859227732940454e-02,9.857979276933420687e-01,1.657199423477382361e-01,0.000000000000000000e+00,0.000000000000000000e+00,0.000000000000000000e+00,1.000000000000000000e+00
7.371522152846657905e-01,6.698739986807286106e-01,-8.874366113926704380e-02,1.158199612025938019e-01,-6.561533950187844466e-01,7.409803118864537463e-01,1.428667197144840306e-01,-2.521178520364268927e-01,1.614600065224601477e-01,-4.708506438505871000e-02,9.857553768585907150e-01,1.658944604389476218e-01,0.000000000000000000e+00,0.000000000000000000e+00,0.000000000000000000e+00,1.000000000000000000e+00
7.371579263924306069e-01,6.699029082624146092e-01,-8.847759636411385575e-02,1.158247854022438350e-01,-6.562193537298193213e-01,7.409503019518552946e-01,1.427193393618142736e-01,-2.521653987147328690e-01,1.611656022457343962e-01,-4.714598115442599630e-02,9.858006416683631201e-01,1.658050199180818307e-01,0.000000000000000000e+00,0.000000000000000000e+00,0.000000000000000000e+00,1.000000000000000000e+00
7.371856283444937485e-01,6.698479356496918058e-01,-8.866280205464058262e-02,1.158290909242113698e-01,-6.562228998014185688e-01,7.410268015174593659e-01,1.423052536241070365e-01,-2.521799815864378402e-01,1.610243929923398654e-01,-4.672282674079446946e-02,9.858438630547934345e-01,1.658128544274655169e-01,0.000000000000000000e+00,0.000000000000000000e+00,0.000000000000000000e+00,1.000000000000000000e+00
7.371944328358294163e-01,6.699634857669266585e-01,-8.771143559929175937e-02,1.158568829625358232e-01,-6.564795988526189729e-01,7.409114630765293308e-01,1.417206413057079950e-01,-2.523103817380757952e-01,1.599340629327104524e-01,-4.689489973148104618e-02,9.860131661864409702e-01,1.655861923222183840e-01,0.000000000000000000e+00,0.000000000000000000e+00,0.000000000000000000e+00,1.000000000000000000e+00
7.369731440418382240e-01,6.699111620896035513e-01,-8.994231411768752182e-02,1.156718058343026156e-01,-6.561179160564153401e-01,7.409932628701304536e-01,1.429624587465685437e-01,-2.521271195902684004e-01,1.624187956822562284e-01,-4.634672899822157854e-02,9.856328502643825207e-01,1.659816582191966372e-01,0.000000000000000000e+00,0.000000000000000000e+00,0.000000000000000000e+00,1.000000000000000000e+00
7.372365969842732403e-01,6.698304193339863488e-01,-8.837086285594689117e-02,1.159160709343690088e-01,-6.561309202481420133e-01,7.410042005276203936e-01,1.428460370285039027e-01,-2.521553006394964269e-01,1.611658014635077851e-01,-4.732847066278891152e-02,9.857918645958420045e-01,1.657854622494181474e-01,0.000000000000000000e+00,0.000000000000000000e+00,0.000000000000000000e+00,1.000000000000000000e+00
7.371252334895467273e-01,6.698970690237749936e-01,-8.879362063986892539e-02,1.157768074747495823e-01,-6.562301490654306457e-01,7.409781684011504943e-01,1.425248940025528599e-01,-2.521272109117805860e-01,1.612711431426710196e-01,-4.678964486114420285e-02,9.858003588573216458e-01,1.659342680418973703e-01,0.000000000000000000e+00,0.000000000000000000e+00,0.000000000000000000e+00,1.000000000000000000e+00
7.371584117701169836e-01,6.699158406742752314e-01,-8.837557564303631652e-02,1.158297045753947652e-01,-6.564255492419101001e-01,7.409892489578098207e-01,1.415642300561758271e-01,-2.523590602243842018e-01,1.603214716094371051e-01,-4.634327721061994726e-02,9.859763315609377798e-01,1.655305651384471055e-01,0.000000000000000000e+00,0.000000000000000000e+00,0.000000000000000000e+00,1.000000000000000000e+00
7.371552460333167245e-01,6.698702680666316356e-01,-8.874664616705085773e-02,1.157874504041558339e-01,-6.563247463265909909e-01,7.410345373259197288e-01,1.417943646605757391e-01,-2.522784276551190974e-01,1.607481589471451977e-01,-4.627783973457915562e-02,9.859099304422307419e-01,1.656206478908788249e-01,0.000000000000000000e+00,0.000000000000000000e+00,0.000000000000000000e+00,1.000000000000000000e+00
7.371848059999769331e-01,6.699209697033365885e-01,-8.811615149629553612e-02,1.158024400232505191e-01,-6.563617192992654559e-01,7.409501261975519615e-01,1.420640838718378873e-01,-2.521974293498032149e-01,1.604613823986605070e-01,-4.689141541448216960e-02,9.859276545057136243e-01,1.657681710043212853e-01,0.000000000000000000e+00,0.000000000000000000e+00,0.000000000000000000e+00,1.000000000000000000e+00
7.370898129198825144e-01,6.699056549329975851e-01,-8.902258802418763772e-02,1.157941397146907136e-01,-6.562057150895257429e-01,7.409737779394639512e-01,1.426601552289990527e-01,-2.522058871922732703e-01,1.615322480917565084e-01,-4.673621609533201715e-02,9.857601426977627979e-01,1.657922583844755327e-01,0.000000000000000000e+00,0.000000000000000000e+00,0.000000000000000000e+00,1.000000000000000000e+00
7.372192869711841068e-01,6.699019303642889112e-01,-8.797230593714536195e-02,1.159345925024811153e-01,-6.562095500637595835e-01,7.409197690187032670e-01,1.429227843361226546e-01,-2.522373505730572951e-01,1.609246697147999339e-01,-4.763716586312709972e-02,9.858163881300167075e-01,1.656522267042792596e-01,0.000000000000000000e+00,0.000000000000000000e+00,0.000000000000000000e+00,1.000000000000000000e+00
7.371648951550929807e-01,6.699212099395019937e-01,-8.828074435670738018e-02,1.158133978459678359e-01,-6.561595365037713457e-01,7.408997919686838296e-01,1.432555790045082489e-01,-2.520704401655460836e-01,1.613771359460091648e-01,-4.767673157793543559e-02,9.857405080749743753e-01,1.659868975750651288e-01,0.000000000000000000e+00,0.000000000000000000e+00,0.000000000000000000e+00,1.000000000000000000e+00
7.372043645308700155e-01,6.699598519248534112e-01,-8.765569990288729629e-02,1.159443246856904641e-01,-6.562463942541928441e-01,7.408436002328619985e-01,1.431482798443004523e-01,-2.521438230910149070e-01,1.608427646647713483e-01,-4.800579967920724084e-02,9.858118726471868376e-01,1.657683993628022989e-01,0.000000000000000000e+00,0.000000000000000000e+00,0.000000000000000000e+00,1.000000000000000000e+00
7.371849287789863370e-01,6.699153096976755428e-01,-8.815814547611544594e-02,1.158418842454022879e-01,-6.561729574732659831e-01,7.409037232549958718e-01,1.431737502046787902e-01,-2.521046508873125425e-01,1.612309854274545651e-01,-4.769853980523542508e-02,9.857633684807627361e-01,1.658701246212352931e-01,0.000000000000000000e+00,0.000000000000000000e+00,0.000000000000000000e+00,1.000000000000000000e+00
7.372084756131813688e-01,6.698467013752912314e-01,-8.848197636090009144e-02,1.158636723491365261e-01,-6.562350146021195263e-01,7.410216385737340428e-01,1.422762691936160229e-01,-2.521777042231568844e-01,1.608703487105232477e-01,-4.682230047893663066e-02,9.858642924275201613e-01,1.657671954140103043e-01,0.000000000000000000e+00,0.000000000000000000e+00,0.000000000000000000e+00,1.000000000000000000e+00
7.371901399246956199e-01,6.699567477372082580e-01,-8.779893939673039105e-02,1.158698898627285867e-01,-6.563039773577409308e-01,7.408726726670514795e-01,1.427332203784051068e-01,-2.521898624313623216e-01,1.606729190069625945e-01,-4.759872956879344225e-02,9.858593074273932499e-01,1.657427796990045277e-01,0.000000000000000000e+00,0.000000000000000000e+00,0.000000000000000000e+00,1.000000000000000000e+00
7.370977425451340492e-01,6.698656375083823500e-01,-8.925774823709138606e-02,1.157969767743373957e-01,-6.563255545887055620e-01,7.410683415921476280e-01,1.416138393084950819e-01,-2.523403145236635670e-01,1.610083362087054160e-01,-4.580110015439301657e-02,9.858897376968440707e-01,1.656500271082157472e-01,0.000000000000000000e+00,0.000000000000000000e+00,0.000000000000000000e+00,1.000000000000000000e+00
7.371796091596691802e-01,6.700085824760967368e-01,-8.749127526541521094e-02,1.158571892589466967e-01,-6.563854421820761731e-01,7.408175619346293317e-01,1.426446326388475794e-01,-2.522365921722535820e-01,1.603882013448542643e-01,-4.772671513526696024e-02,9.858994804399480172e-01,1.656981887506066009e-01,0.000000000000000000e+00,0.000000000000000000e+00,0.000000000000000000e+00,1.000000000000000000e+00
7.371965453046387395e-01,6.698988577166773428e-01,-8.818601941802819977e-02,1.159032867201419681e-01,-6.561826947532514165e-01,7.409277290145824812e-01,1.430047953169927277e-01,-2.521694159020886339e-01,1.611382161290961790e-01,-4.755650120839970824e-02,9.857853998186159039e-01,1.657669134206047890e-01,0.000000000000000000e+00,0.000000000000000000e+00,0.000000000000000000e+00,1.000000000000000000e+00
7.371263539758059480e-01,6.699943638164985726e-01,-8.804709381041694871e-02,1.157293763784556506e-01,-6.564027883300759258e-01,7.408713024475364062e-01,1.422852511056324210e-01,-2.522261390703851025e-01,1.605618813630329544e-01,-4.708785049050939059e-02,9.859019305130440891e-01,1.657943866275732869e-01,0.000000000000000000e+00,0.000000000000000000e+00,0.000000000000000000e+00,1.000000000000000000e+00
7.372039578136584392e-01,6.699267487121010056e-01,-8.791175088639466284e-02,1.158662885516848207e-01,-6.563183967399535135e-01,7.409189927797249497e-01,1.424261501234062588e-01,-2.522036316772177100e-01,1.605505736040047648e-01,-4.729902217077663201e-02,9.858936635444583985e-01,1.657512205601925359e-01,0.000000000000000000e+00,0.000000000000000000e+00,0.000000000000000000e+00,1.000000000000000000e+00
7.370989534421490408e-01,6.699532979348531425e-01,-8.858730959173946595e-02,1.157424076023368387e-01,-6.563133590519046878e-01,7.409242751654512293e-01,1.424218845562600366e-01,-2.522570969604862601e-01,1.610524994046803327e-01,-4.683798732615231109e-02,9.858338071798617985e-01,1.657171913226873627e-01,0.000000000000000000e+00,0.000000000000000000e+00,0.000000000000000000e+00,1.000000000000000000e+00
7.371344760524639605e-01,6.698919539650650679e-01,-8.875547435356613557e-02,1.157567598295169975e-01,-6.563347306225982836e-01,7.410123154604378870e-01,1.418642651076089112e-01,-2.522902452702123210e-01,1.608026293112796989e-01,-4.631974037953637963e-02,9.858990800572600133e-01,1.656693104720645682e-01,0.000000000000000000e+00,0.000000000000000000e+00,0.000000000000000000e+00,1.000000000000000000e+00
7.371106976179140347e-01,6.699575524433092344e-01,-8.845731954678986986e-02,1.157825902743905844e-01,-6.561324846975165048e-01,7.408588071559266686e-01,1.435910525908943858e-01,-2.520937920419406009e-01,1.617342943901994845e-01,-4.780278008304728737e-02,9.856758657055757489e-01,1.659808980729160499e-01,0.000000000000000000e+00,0.000000000000000000e+00,0.000000000000000000e+00,1.000000000000000000e+00
7.371138608115177515e-01,6.699240252241183136e-01,-8.868459069676914996e-02,1.157911644724509137e-01,-6.562124359533356710e-01,7.409349938042804062e-01,1.428305774560909291e-01,-2.521681892785563872e-01,1.613951520329154343e-01,-4.708646709794630375e-02,9.857659303894135139e-01,1.658772680624920337e-01,0.000000000000000000e+00,0.000000000000000000e+00,0.000000000000000000e+00,1.000000000000000000e+00
7.372415535427130351e-01,6.698662038277584108e-01,-8.805771232160826412e-02,1.158776495013730812e-01,-6.562709303072485900e-01,7.409851144852266369e-01,1.423008297409894540e-01,-2.521673262756159994e-01,1.605719706660708179e-01,-4.712036800263424974e-02,9.858987337225415537e-01,1.657870747100349540e-01,0.000000000000000000e+00,0.000000000000000000e+00,0.000000000000000000e+00,1.000000000000000000e+00
7.371969274461365185e-01,6.699621077504860356e-01,-8.770099396530235680e-02,1.158501867311115541e-01,-6.564071710212988631e-01,7.408912117685184651e-01,1.421613103343936924e-01,-2.522410626954960655e-01,1.602195868044577476e-01,-4.723331983571159992e-02,9.859506567275597710e-01,1.657029503513984814e-01,0.000000000000000000e+00,0.000000000000000000e+00,0.000000000000000000e+00,1.000000000000000000e+00
7.372143531138202199e-01,6.698982378361881818e-01,-8.804174297991640419e-02,1.158741178712975883e-01,-6.562869449130965815e-01,7.409509404895482376e-01,1.424048795662850031e-01,-2.522480524923993994e-01,1.606313901440370451e-01,-4.720227464459685746e-02,9.858851361942577718e-01,1.656990997449885317e-01,0.000000000000000000e+00,0.000000000000000000e+00,0.000000000000000000e+00,1.000000000000000000e+00
7.371287068654017727e-01,6.698559586407428768e-01,-8.907448674245745102e-02,1.158684429137591121e-01,-6.562017342335562109e-01,7.410341909431911178e-01,1.423643629636420216e-01,-2.522759650934718878e-01,1.613708570461660496e-01,-4.649002609874162972e-02,9.857982166597403229e-01,1.655913329441813797e-01,0.000000000000000000e+00,0.000000000000000000e+00,0.000000000000000000e+00,1.000000000000000000e+00
7.372807196101659466e-01,6.699249715745191347e-01,-8.727928134440635088e-02,1.158888726931733282e-01,-6.565587281603241232e-01,7.409560113831384909e-01,1.411198982131449398e-01,-2.523600666084648281e-01,1.592098519803782086e-01,-4.674100615167033762e-02,9.861376685718459267e-01,1.654839872620452734e-01,0.000000000000000000e+00,0.000000000000000000e+00,0.000000000000000000e+00,1.000000000000000000e+00
7.372424913174121519e-01,6.699480785181677334e-01,-8.742471667618043063e-02,1.159038922586914655e-01,-6.563191956015861361e-01,7.408659706518733179e-01,1.426980273687923351e-01,-2.522214989755791614e-01,1.603702668233187856e-01,-4.782452947884140854e-02,9.858976579235518845e-01,1.656551785148776545e-01,0.000000000000000000e+00,0.000000000000000000e+00,0.000000000000000000e+00,1.000000000000000000e+00
7.371204015142355237e-01,6.698981186447243719e-01,-8.882580879311309519e-02,1.158299471363928301e-01,-6.562582114239341458e-01,7.409868611318300990e-01,1.423503830997891462e-01,-2.522237284989108375e-01,1.611790110720095481e-01,-4.663670513936909318e-02,9.858226737723130295e-01,1.657096703588163411e-01,0.000000000000000000e+00,0.000000000000000000e+00,0.000000000000000000e+00,1.000000000000000000e+00
7.371726219751801867e-01,6.699788311257500739e-01,-8.777750995335750761e-02,1.158852020244054981e-01,-6.562559617860378447e-01,7.408309234491913253e-01,1.431700229856131823e-01,-2.521408764853390605e-01,1.609491784089643052e-01,-4.793650701492713911e-02,9.857978764760488843e-01,1.658245441197427894e-01,0.000000000000000000e+00,0.000000000000000000e+00,0.000000000000000000e+00,1.000000000000000000e+00
7.371296935270217343e-01,6.699922127829737173e-01,-8.803550267326029632e-02,1.158015764873282227e-01,-6.563943079568560490e-01,7.408707077351269765e-01,1.423274636248823832e-01,-2.522721734919471936e-01,1.605812174651791435e-01,-4.712779678943924272e-02,9.858968725821044554e-01,1.656604015501279559e-01,0.000000000000000000e+00,0.000000000000000000e+00,0.000000000000000000e+00,1.000000000000000000e+00
7.370965983245981734e-01,6.699012105032806641e-01,-8.899984777821304260e-02,1.157722048731888442e-01,-6.563124077490236630e-01,7.410085092350819913e-01,1.419873680151884365e-01,-2.523341173312975139e-01,1.610671542338324158e-01,-4.624670158444265516e-02,9.858593279061542702e-01,1.656139365929640839e-01,0.000000000000000000e+00,0.000000000000000000e+00,0.000000000000000000e+00,1.000000000000000000e+00
7.370517943734107291e-01,6.699880985134849531e-01,-8.871640356338032773e-02,1.157348112951568087e-01,-6.564095716091080668e-01,7.409182422278639546e-01,1.420092695351957146e-01,-2.523142519309199971e-01,1.608761222521322698e-01,-4.643389047083409937e-02,9.858817206464778327e-01,1.656752932137055545e-01,0.000000000000000000e+00,0.000000000000000000e+00,0.000000000000000000e+00,1.000000000000000000e+00
7.371644102008374499e-01,6.699041312822017202e-01,-8.841429309953341420e-02,1.158318585223873654e-01,-6.563436761593767210e-01,7.409815237973556012e-01,1.419836615831003013e-01,-2.523358539520249577e-01,1.606287990954511913e-01,-4.663513999108106350e-02,9.859125481599093632e-01,1.655527359585367009e-01,0.000000000000000000e+00,0.000000000000000000e+00,0.000000000000000000e+00,1.000000000000000000e+00
7.372213499145523485e-01,6.699121625553321469e-01,-8.787704871355027370e-02,1.158815808874980591e-01,-6.561358486758750441e-01,7.408802014973323580e-01,1.434652400815670525e-01,-2.520790848345201285e-01,1.612154747924484655e-01,-4.810635602195165866e-02,9.857460875893624408e-01,1.659175181119343367e-01,0.000000000000000000e+00,0.000000000000000000e+00,0.000000000000000000e+00,1.000000000000000000e+00
7.371074938665379550e-01,6.699015267974026688e-01,-8.890718126395052989e-02,1.157888422153565133e-01,-6.562473041289287323e-01,7.409842273576294769e-01,1.424143624454025647e-01,-2.522315768595941310e-01,1.612824178554669308e-01,-4.662959577056193655e-02,9.858060978148638354e-01,1.657658101490389058e-01,0.000000000000000000e+00,0.000000000000000000e+00,0.000000000000000000e+00,1.000000000000000000e+00
7.371335728213712635e-01,6.699566914490089342e-01,-8.827302760355451583e-02,1.158466057831142315e-01,-6.562656228518506385e-01,7.408885186942407719e-01,1.428272912644023007e-01,-2.522659631379134959e-01,1.610885721659762182e-01,-4.735223806486216908e-02,9.858033462449679041e-01,1.656682214055482660e-01,0.000000000000000000e+00,0.000000000000000000e+00,0.000000000000000000e+00,1.000000000000000000e+00
7.370973040612460725e-01,6.699440631066164720e-01,-8.867083316311494268e-02,1.157749335637824062e-01,-6.562544978589270883e-01,7.409227682334110776e-01,1.427006851884968508e-01,-2.522054976454010111e-01,1.612997160120578088e-01,-4.699365724794091204e-02,9.857859797100446686e-01,1.657964389405870431e-01,0.000000000000000000e+00,0.000000000000000000e+00,0.000000000000000000e+00,1.000000000000000000e+00
7.371286759210422534e-01,6.699412221513615373e-01,-8.843118226751936484e-02,1.157818221608064579e-01,-6.562124397210785665e-01,7.409002420306256553e-01,1.430107174804395309e-01,-2.521754197436010259e-01,1.613274591946481928e-01,-4.738765895568634867e-02,9.857625782552809079e-01,1.658204697444320974e-01,0.000000000000000000e+00,0.000000000000000000e+00,0.000000000000000000e+00,1.000000000000000000e+00
7.371975837864974679e-01,6.699250557100533410e-01,-8.797807790144304696e-02,1.158672822962862614e-01,-6.564673818720183629e-01,7.409683579539250164e-01,1.414795711371859555e-01,-2.523620276217494185e-01,1.599696814944884804e-01,-4.654365953539055939e-02,9.860240305183266551e-01,1.655101809385413070e-01,0.000000000000000000e+00,0.000000000000000000e+00,0.000000000000000000e+00,1.000000000000000000e+00
7.371203241922490434e-01,6.698598490616017864e-01,-8.911459071264168919e-02,1.157630438758706082e-01,-6.563732867834707330e-01,7.410809108187317307e-01,1.413265439227275599e-01,-2.523484015068664932e-01,1.607100994330390997e-01,-4.568223106687070018e-02,9.859439120482339503e-01,1.655830033628724607e-01,0.000000000000000000e+00,0.000000000000000000e+00,0.000000000000000000e+00,1.000000000000000000e+00
7.371821702982875868e-01,6.697972546527911630e-01,-8.907348344984940269e-02,1.157756737732528463e-01,-6.563629839726444759e-01,7.411493502535824174e-01,1.410151548210994421e-01,-2.523758917870961849e-01,1.604683179472898291e-01,-4.548932048598600120e-02,9.859922112556928075e-01,1.655196561486000917e-01,0.000000000000000000e+00,0.000000000000000000e+00,0.000000000000000000e+00,1.000000000000000000e+00
7.371391942878071646e-01,6.698045619120981398e-01,-8.937369348116185053e-02,1.157594563777293306e-01,-6.562221978135588385e-01,7.411171239999196914e-01,1.418373561895099333e-01,-2.522636645454749416e-01,1.612396828992939679e-01,-4.590487289852469149e-02,9.858471013817027284e-01,1.657020385240846050e-01,0.000000000000000000e+00,0.000000000000000000e+00,0.000000000000000000e+00,1.000000000000000000e+00
7.371740762221996590e-01,6.699003206232637675e-01,-8.836255867048797841e-02,1.158016349130054079e-01,-6.563984531996182037e-01,7.409990206603913609e-01,1.416387023997673356e-01,-2.523447027560485334e-01,1.603603815881451122e-01,-4.641133276679070691e-02,9.859668027919170630e-01,1.655436970200230284e-01,0.000000000000000000e+00,0.000000000000000000e+00,0.000000000000000000e+00,1.000000000000000000e+00
7.371613132052138306e-01,6.698918076218650652e-01,-8.853340835342760062e-02,1.158141719614196041e-01,-6.562857668933791411e-01,7.409859438445457469e-01,1.422280675463778732e-01,-2.522021905920622808e-01,1.608794284137469444e-01,-4.674181325021382200e-02,9.858666301317579039e-01,1.658249718696489516e-01,0.000000000000000000e+00,0.000000000000000000e+00,0.000000000000000000e+00,1.000000000000000000e+00
7.371683464569656064e-01,6.699093615624079900e-01,-8.834181497428070240e-02,1.158628039551659050e-01,-6.563082891289794274e-01,7.409609737197269119e-01,1.422542268085771888e-01,-2.523103764652018799e-01,1.607552755043989146e-01,-4.688584770867396806e-02,9.858800427446251513e-01,1.655626346656069448e-01,0.000000000000000000e+00,0.000000000000000000e+00,0.000000000000000000e+00,1.000000000000000000e+00
7.371553368572888454e-01,6.698932078484585162e-01,-8.857256585037465157e-02,1.158390853190826575e-01,-6.562928554866489517e-01,7.409885400014964985e-01,1.421818252226045298e-01,-2.523036368820671393e-01,1.608778952497749160e-01,-4.668054910723159340e-02,9.858697830621698799e-01,1.656147843423403376e-01,0.000000000000000000e+00,0.000000000000000000e+00,0.000000000000000000e+00,1.000000000000000000e+00
7.371078233653820533e-01,6.699085714338265385e-01,-8.885135144182484956e-02,1.157866524664729613e-01,-6.562648202417932231e-01,7.409778540855072038e-01,1.423667990363062519e-01,-2.522128362355577358e-01,1.612096226859791870e-01,-4.662966517493890434e-02,9.858180013973764089e-01,1.657806820341323206e-01,0.000000000000000000e+00,0.000000000000000000e+00,0.000000000000000000e+00,1.000000000000000000e+00
7.371687742508054031e-01,6.698660215542844298e-01,-8.866629256149219374e-02,1.158101136218160632e-01,-6.562574921200421407e-01,7.410156554994928868e-01,1.422037353270647064e-01,-2.522528365394527405e-01,1.609605613368632338e-01,-4.664023447295143066e-02,9.858581978268630142e-01,1.656973222187714256e-01,0.000000000000000000e+00,0.000000000000000000e+00,0.000000000000000000e+00,1.000000000000000000e+00
7.371695042676924547e-01,6.698559433501277693e-01,-8.873633492676402668e-02,1.158208275687905298e-01,-6.561782114251558662e-01,7.410084820801523531e-01,1.426063965471117134e-01,-2.521559947986247163e-01,1.612801191362653319e-01,-4.689823710736871348e-02,9.857937302131785096e-01,1.658491159202293286e-01,0.000000000000000000e+00,0.000000000000000000e+00,0.000000000000000000e+00,1.000000000000000000e+00
7.371106740756782072e-01,6.700128603233259650e-01,-8.803761221804705384e-02,1.157791206398637585e-01,-6.561824850463577885e-01,7.407836225393068519e-01,1.437503770288228733e-01,-2.520693916084699171e-01,1.615314225842337525e-01,-4.819119814756279985e-02,9.856902190541492192e-01,1.660312530403873499e-01,0.000000000000000000e+00,0.000000000000000000e+00,0.000000000000000000e+00,1.000000000000000000e+00
7.371862843390093456e-01,6.698852538926147737e-01,-8.837493309571761713e-02,1.158504065350064172e-01,-6.561949088413721043e-01,7.409582304385398110e-01,1.427905541555580249e-01,-2.521390119172408628e-01,1.611354206656904209e-01,-4.727205689003711325e-02,9.857995378596382530e-01,1.658182863863051359e-01,0.000000000000000000e+00,0.000000000000000000e+00,0.000000000000000000e+00,1.000000000000000000e+00
7.371776165822536697e-01,6.698643210681870519e-01,-8.860560349077753473e-02,1.157890878140267477e-01,-6.562566468639415840e-01,7.410140252160885010e-01,1.422161308711021865e-01,-2.522233299015612107e-01,1.609235068503170329e-01,-4.669053215489533948e-02,9.858618661608171685e-01,1.657075457741947755e-01,0.000000000000000000e+00,0.000000000000000000e+00,0.000000000000000000e+00,1.000000000000000000e+00
7.370850279743879074e-01,6.698869989275231251e-01,-8.920241142408857904e-02,1.157649915799633944e-01,-6.562130756087574124e-01,7.410079538173475200e-01,1.424486285631526294e-01,-2.522091944286141141e-01,1.615241806544488457e-01,-4.646096261706563618e-02,9.857744762452538279e-01,1.657617795587822407e-01,0.000000000000000000e+00,0.000000000000000000e+00,0.000000000000000000e+00,1.000000000000000000e+00
7.372095786398654704e-01,6.698396554042547191e-01,-8.852611597456230830e-02,1.158827498747091456e-01,-6.562157538980994964e-01,7.410268459480935377e-01,1.423379707603341648e-01,-2.521892389500836051e-01,1.609438457897081620e-01,-4.684068351476144282e-02,9.858514233241685298e-01,1.657436636872282598e-01,0.000000000000000000e+00,0.000000000000000000e+00,0.000000000000000000e+00,1.000000000000000000e+00
7.371978871736127870e-01,6.698826621020714800e-01,-8.829775853215821035e-02,1.158628165989861181e-01,-6.562843969895608698e-01,7.409831221553089264e-01,1.422490876913422020e-01,-2.522292216590427127e-01,1.607173463407414737e-01,-4.691728568462411736e-02,9.858847310356204652e-01,1.656632796413879394e-01,0.000000000000000000e+00,0.000000000000000000e+00,0.000000000000000000e+00,1.000000000000000000e+00
7.370802648679897207e-01,6.699621509917499385e-01,-8.867581057222842511e-02,1.157676934604060237e-01,-6.562425698388749673e-01,7.408981643925647287e-01,1.428831674165904064e-01,-2.521701219293335794e-01,1.614260594619200406e-01,-4.712352107213330088e-02,9.857590989122854142e-01,1.658414002307526669e-01,0.000000000000000000e+00,0.000000000000000000e+00,0.000000000000000000e+00,1.000000000000000000e+00
7.371094190925541190e-01,6.699548368513567054e-01,-8.848853521507585307e-02,1.157535204192764733e-01,-6.562993954925145923e-01,7.409128245444349670e-01,1.425457466982008592e-01,-2.521954260651567692e-01,1.610615030390495084e-01,-4.699684037315281226e-02,9.858247761310032775e-01,1.658269952763180566e-01,0.000000000000000000e+00,0.000000000000000000e+00,0.000000000000000000e+00,1.000000000000000000e+00
7.371284571095352289e-01,6.698827627199419599e-01,-8.887475417695472890e-02,1.157666030785408917e-01,-6.563274469648974208e-01,7.410276641066654291e-01,1.418177823446653274e-01,-2.522528581980671980e-01,1.608599393256626708e-01,-4.620698258182548424e-02,9.858950221402007497e-01,1.657072462887576592e-01,0.000000000000000000e+00,0.000000000000000000e+00,0.000000000000000000e+00,1.000000000000000000e+00
7.371553548872530337e-01,6.699052380771356452e-01,-8.848138085418981447e-02,1.158226917783335141e-01,-6.563301157281024034e-01,7.409800309546100694e-01,1.420541196686695429e-01,-2.522742018285790144e-01,1.607257351807221957e-01,-4.664296006174168535e-02,9.858963801167418550e-01,1.656526233169541840e-01,0.000000000000000000e+00,0.000000000000000000e+00,0.000000000000000000e+00,1.000000000000000000e+00
7.371577014190785482e-01,6.698858615290202989e-01,-8.860844069310300219e-02,1.157892664768191970e-01,-6.562799620647433718e-01,7.409954897854911238e-01,1.422051177344170192e-01,-2.521954924312411750e-01,1.609196527178701763e-01,-4.667565362244657790e-02,9.858631998041502698e-01,1.657463164065808847e-01,0.000000000000000000e+00,0.000000000000000000e+00,0.000000000000000000e+00,1.000000000000000000e+00
7.371532518177552618e-01,6.698703483365846534e-01,-8.876260335260560685e-02,1.158258282100333991e-01,-6.562689808536268377e-01,7.410192443028682519e-01,1.421319961942003884e-01,-2.522695721586962203e-01,1.609848070590861879e-01,-4.652091994177442319e-02,9.858598764043091656e-01,1.656906556972768119e-01,0.000000000000000000e+00,0.000000000000000000e+00,0.000000000000000000e+00,1.000000000000000000e+00
7.371666481839932450e-01,6.699213533054281244e-01,-8.826501679940962353e-02,1.158512785865915551e-01,-6.562218541067946775e-01,7.409170952665852239e-01,1.428801460468394902e-01,-2.521265849192118602e-01,1.611155206608508861e-01,-4.740504537651215461e-02,9.857964042717103359e-01,1.658649925184312313e-01,0.000000000000000000e+00,0.000000000000000000e+00,0.000000000000000000e+00,1.000000000000000000e+00
7.371371406439726215e-01,6.699324650317267649e-01,-8.842696522974483053e-02,1.157942452003161427e-01,-6.562489703858863654e-01,7.409210934004938354e-01,1.427347968145147306e-01,-2.521903566129189977e-01,1.611400780398604959e-01,-4.718501510788117304e-02,9.858029466371952543e-01,1.657947239995090083e-01,0.000000000000000000e+00,0.000000000000000000e+00,0.000000000000000000e+00,1.000000000000000000e+00
7.371862772440159750e-01,6.699071367651239228e-01,-8.820896073677680915e-02,1.158892892092198701e-01,-6.562223839597864927e-01,7.409309149054001953e-01,1.428060297311745941e-01,-2.521780857679924992e-01,1.610235244715609304e-01,-4.738995092421998540e-02,9.858121611737992174e-01,1.657897604579239292e-01,0.000000000000000000e+00,0.000000000000000000e+00,0.000000000000000000e+00,1.000000000000000000e+00
7.371227860676181631e-01,6.698643620411036670e-01,-8.906028703736454388e-02,1.158026109056350117e-01,-6.561566630401688416e-01,7.410104667107911824e-01,1.426952058516537392e-01,-2.521631250040863859e-01,1.615810378970965189e-01,-4.674638694402659389e-02,9.857516642135464302e-01,1.658603226769643779e-01,0.000000000000000000e+00,0.000000000000000000e+00,0.000000000000000000e+00,1.000000000000000000e+00
7.372337446698569163e-01,6.698665626374052939e-01,-8.812033806339818198e-02,1.158935345759487257e-01,-6.562316129180342239e-01,7.409766955373086050e-01,1.425258112680161671e-01,-2.521864161720593911e-01,1.607683921890608603e-01,-4.724748597500260522e-02,9.858606388034703016e-01,1.657568545217660283e-01,0.000000000000000000e+00,0.000000000000000000e+00,0.000000000000000000e+00,1.000000000000000000e+00
7.370827089439542235e-01,6.698873054877604316e-01,-8.921926990392911594e-02,1.157317892566427919e-01,-6.562027721047923867e-01,7.410055654633752598e-01,1.425085044279443547e-01,-2.522039581649861972e-01,1.615766135857167052e-01,-4.649462225517675407e-02,9.857642963931695368e-01,1.658395296509058703e-01,0.000000000000000000e+00,0.000000000000000000e+00,0.000000000000000000e+00,1.000000000000000000e+00
7.371136419495786241e-01,6.698963892725505742e-01,-8.889491825423924409e-02,1.158273626664597378e-01,-6.562065292867634847e-01,7.409778040500266671e-01,1.426354963766751638e-01,-2.521842643347836366e-01,1.614201653240655010e-01,-4.680514442665208164e-02,9.857752323333913713e-01,1.657465255033656604e-01,0.000000000000000000e+00,0.000000000000000000e+00,0.000000000000000000e+00,1.000000000000000000e+00
7.372037698257036809e-01,6.698980599976656070e-01,-8.813166834989061282e-02,1.159028017013519485e-01,-6.563512616121749410e-01,7.409750677431913291e-01,1.419822889063267479e-01,-2.523300097013148058e-01,1.604170288182570348e-01,-4.682454692078976549e-02,9.859380501181529421e-01,1.655196204225000134e-01,0.000000000000000000e+00,0.000000000000000000e+00,0.000000000000000000e+00,1.000000000000000000e+00
7.371945051949022609e-01,6.699142557631816430e-01,-8.808604563553448785e-02,1.158039910993493571e-01,-6.563850510626167978e-01,7.409631946886573450e-01,1.418880152032038489e-01,-2.523216395205042928e-01,1.603213218881658075e-01,-4.678070159842834252e-02,9.859556986528298372e-01,1.656089390020420993e-01,0.000000000000000000e+00,0.000000000000000000e+00,0.000000000000000000e+00,1.000000000000000000e+00
7.370922276366645987e-01,6.698706329249304314e-01,-8.926580029536895777e-02,1.157382897322373483e-01,-6.562372851677931163e-01,7.410377081074115413e-01,1.421820689064533516e-01,-2.522241213665083470e-01,1.613929165521960640e-01,-4.622175145608412722e-02,9.858072205959479417e-01,1.657838031453275907e-01,0.000000000000000000e+00,0.000000000000000000e+00,0.000000000000000000e+00,1.000000000000000000e+00
7.371307675222045219e-01,6.698927463576558328e-01,-8.878029032123641029e-02,1.157847734810059648e-01,-6.561725067700363567e-01,7.409657706606982419e-01,1.428543596405933425e-01,-2.521132980920564037e-01,1.614802555461568034e-01,-4.704715811390632746e-02,9.857538698793695264e-01,1.658970713726271029e-01,0.000000000000000000e+00,0.000000000000000000e+00,0.000000000000000000e+00,1.000000000000000000e+00
7.371668606240631139e-01,6.699704390857983416e-01,-8.788987625913494139e-02,1.158256167452846597e-01,-6.562811093269582674e-01,7.408548509340883159e-01,1.429307363305987177e-01,-2.521342044526115878e-01,1.608730093528445426e-01,-4.768333669755900339e-02,9.858225876206869742e-01,1.658475960396530446e-01,0.000000000000000000e+00,0.000000000000000000e+00,0.000000000000000000e+00,1.000000000000000000e+00
7.371798954291416406e-01,6.699213930676940487e-01,-8.815400663225894662e-02,1.158709215110502455e-01,-6.562567523749639475e-01,7.409209894539383612e-01,1.426995527283197451e-01,-2.522270485160359454e-01,1.609126369721951555e-01,-4.734357925672073863e-02,9.858324952880268555e-01,1.657238156188034495e-01,0.000000000000000000e+00,0.000000000000000000e+00,0.000000000000000000e+00,1.000000000000000000e+00
7.370809375611900860e-01,6.699207058172189644e-01,-8.898280396389043889e-02,1.157924668256378187e-01,-6.563147613572550831e-01,7.409852511570300670e-01,1.420978240238821855e-01,-2.522988876167878702e-01,1.611292199090102739e-01,-4.633686960846791769e-02,9.858449518085496965e-01,1.656130934635833274e-01,0.000000000000000000e+00,0.000000000000000000e+00,0.000000000000000000e+00,1.000000000000000000e+00
7.370632358983655319e-01,6.700116887171291280e-01,-8.844276832760926410e-02,1.157701742885088314e-01,-6.562510945628151626e-01,7.408287093287633240e-01,1.432037859813266589e-01,-2.521775392069559030e-01,1.614691523856406352e-01,-4.750958236713456739e-02,9.857335098347641544e-01,1.658123903451618197e-01,0.000000000000000000e+00,0.000000000000000000e+00,0.000000000000000000e+00,1.000000000000000000e+00
7.371466519258771388e-01,6.699752656148383334e-01,-8.802248018998651280e-02,1.158316520479569234e-01,-6.564077775520604785e-01,7.408940057760231568e-01,1.421439473713987378e-01,-2.523667543001311131e-01,1.604482568419942357e-01,-4.700229430022535848e-02,9.859245109068344171e-01,1.655067269542893627e-01,0.000000000000000000e+00,0.000000000000000000e+00,0.000000000000000000e+00,1.000000000000000000e+00
7.371800738591507418e-01,6.699033986871690827e-01,-8.828915636926770727e-02,1.158276543417000592e-01,-6.562487962108093376e-01,7.409476638767018564e-01,1.425976047047146922e-01,-2.521473069027964087e-01,1.609442641937915419e-01,-4.718046018255971780e-02,9.858351525483767253e-01,1.658336616281403941e-01,0.000000000000000000e+00,0.000000000000000000e+00,0.000000000000000000e+00,1.000000000000000000e+00
7.371978024765609705e-01,6.699521318631403988e-01,-8.776981847857839858e-02,1.158810700141422734e-01,-6.563373554923478403e-01,7.408863657271476111e-01,1.425084869926373510e-01,-2.521841837864139402e-01,1.605013265024334002e-01,-4.745033289295829543e-02,9.858944112324131703e-01,1.657537008661877920e-01,0.000000000000000000e+00,0.000000000000000000e+00,0.000000000000000000e+00,1.000000000000000000e+00
7.371465448217808802e-01,6.699583555559762704e-01,-8.815198964312798147e-02,1.158116421379613570e-01,-6.562157102671815068e-01,7.408649009790706508e-01,1.431786998677188616e-01,-2.521379191229139449e-01,1.612324813920837097e-01,-4.769696340443328741e-02,9.857632000770506497e-01,1.658464937260315519e-01,0.000000000000000000e+00,0.000000000000000000e+00,0.000000000000000000e+00,1.000000000000000000e+00
7.371680900447139528e-01,6.699309608474226518e-01,-8.818001314287693404e-02,1.158602617124020462e-01,-6.562398626545735691e-01,7.409061513614770833e-01,1.428541827803124220e-01,-2.522303026036912255e-01,1.610355540957814080e-01,-4.744030536130131731e-02,9.858077742360786822e-01,1.657194577454479401e-01,0.000000000000000000e+00,0.000000000000000000e+00,0.000000000000000000e+00,1.000000000000000000e+00
7.371881698789606308e-01,6.698216277030151211e-01,-8.884024567611378820e-02,1.158461997983663561e-01,-6.562868479582557590e-01,7.410861785384745826e-01,1.416998559500243504e-01,-2.522822463261041315e-01,1.607519063262584647e-01,-4.615477267329703287e-02,9.859150884188506714e-01,1.656017607467472619e-01,0.000000000000000000e+00,0.000000000000000000e+00,0.000000000000000000e+00,1.000000000000000000e+00
7.371285635887190324e-01,6.699380571626160075e-01,-8.845609253641964487e-02,1.157913558254804187e-01,-6.562403738358496552e-01,7.409136033189422932e-01,1.428131792403134759e-01,-2.521504766764056105e-01,1.612143060941444994e-01,-4.722321444079199265e-02,9.857889812370916882e-01,1.658607554506983384e-01,0.000000000000000000e+00,0.000000000000000000e+00,0.000000000000000000e+00,1.000000000000000000e+00
7.371888178655129353e-01,6.699609914322919302e-01,-8.777765531789866182e-02,1.158920192661348214e-01,-6.563946202980595057e-01,7.408931950125358101e-01,1.422089168367537404e-01,-2.522529877059226378e-01,1.603082944136509647e-01,-4.721804255977551240e-02,9.859369691816051162e-01,1.656360017747555702e-01,0.000000000000000000e+00,0.000000000000000000e+00,0.000000000000000000e+00,1.000000000000000000e+00
7.370920113267650509e-01,6.699567809612150260e-01,-8.861872534826333025e-02,1.157724433767696182e-01,-6.562349912860445666e-01,7.408990752920915357e-01,1.429132479622829133e-01,-2.522483398889444062e-01,1.614032312256151180e-01,-4.718550492906184446e-02,9.857598719132973919e-01,1.657432670869940505e-01,0.000000000000000000e+00,0.000000000000000000e+00,0.000000000000000000e+00,1.000000000000000000e+00
7.371127372967830604e-01,6.698564704811152959e-01,-8.920269877882891496e-02,1.157831892561184683e-01,-6.562566650847231342e-01,7.410564583170290431e-01,1.419947714477513834e-01,-2.522925695318027906e-01,1.612203524581231062e-01,-4.612628904653175849e-02,9.858399278848846148e-01,1.656470744903542069e-01,0.000000000000000000e+00,0.000000000000000000e+00,0.000000000000000000e+00,1.000000000000000000e+00
7.370531379581302112e-01,6.700731571709450662e-01,-8.806041031607290959e-02,1.157840457082340291e-01,-6.563580318175941120e-01,7.407653952175582424e-01,1.430411245646115992e-01,-2.522154969561098969e-01,1.610801225930978409e-01,-4.762975212129939157e-02,9.857913576504188091e-01,1.657986221307878871e-01,0.000000000000000000e+00,0.000000000000000000e+00,0.000000000000000000e+00,1.000000000000000000e+00
7.370813832461761139e-01,6.699773361290214391e-01,-8.855169984457669785e-02,1.157780608034181535e-01,-6.561568789166155602e-01,7.408479538070614767e-01,1.435355690771317472e-01,-2.521632958690804283e-01,1.617689238460515988e-01,-4.769358880762092356e-02,9.856754723864949996e-01,1.658492997107796629e-01,0.000000000000000000e+00,0.000000000000000000e+00,0.000000000000000000e+00,1.000000000000000000e+00
7.370421375222235838e-01,6.700422319466819987e-01,-8.838718755894850454e-02,1.157589334422247096e-01,-6.565220171746514177e-01,7.408684827289674368e-01,1.417488351409089964e-01,-2.524077719644310380e-01,1.604609874131357472e-01,-4.644672977494571087e-02,9.859487678432460322e-01,1.654791114675131514e-01,0.000000000000000000e+00,0.000000000000000000e+00,0.000000000000000000e+00,1.000000000000000000e+00
7.370939635725343164e-01,6.699772080768652271e-01,-8.844789156593992063e-02,1.158174745223013724e-01,-6.562163690127779114e-01,7.408596806838395610e-01,1.432026905359147506e-01,-2.521717522318914773e-01,1.614700154970485912e-01,-4.751288451113145489e-02,9.857332092918523747e-01,1.658112994658267336e-01,0.000000000000000000e+00,0.000000000000000000e+00,0.000000000000000000e+00,1.000000000000000000e+00
7.370706856512294625e-01,6.699965386239628007e-01,-8.849543821878838590e-02,1.157831591970773233e-01,-6.562742527987044383e-01,7.408564738302945152e-01,1.429538047665905032e-01,-2.522127358332015845e-01,1.613409726855796478e-01,-4.728978130263358087e-02,9.857650668984067055e-01,1.657469859272791002e-01,0.000000000000000000e+00,0.000000000000000000e+00,0.000000000000000000e+00,1.000000000000000000e+00
7.371500646692348280e-01,6.699631103414513955e-01,-8.808639474828747207e-02,1.158245425159337427e-01,-6.563173455251192223e-01,7.408854910105444613e-01,1.426051582970466469e-01,-2.522335811415419293e-01,1.608021272278580271e-01,-4.730877288276056497e-02,9.858521977899745714e-01,1.657032061573013859e-01,0.000000000000000000e+00,0.000000000000000000e+00,0.000000000000000000e+00,1.000000000000000000e+00
7.370850135065452058e-01,6.699841592196049689e-01,-8.846982117567234183e-02,1.157526716456918070e-01,-6.562253636194681494e-01,7.408553359825422735e-01,1.431839491307997092e-01,-2.521295478754961294e-01,1.614743168635596748e-01,-4.748260250864106552e-02,9.857339638322569764e-01,1.659398893968344613e-01,0.000000000000000000e+00,0.000000000000000000e+00,0.000000000000000000e+00,1.000000000000000000e+00
7.371800284464871122e-01,6.699185778770747612e-01,-8.817428579123261223e-02,1.158595027020937196e-01,-6.562245348698113601e-01,7.409159984231468155e-01,1.428735213940326154e-01,-2.521560065424185426e-01,1.610433652608391775e-01,-4.746137688467330640e-02,9.858054839620616905e-01,1.657771738218742907e-01,0.000000000000000000e+00,0.000000000000000000e+00,0.000000000000000000e+00,1.000000000000000000e+00
7.370736147991722165e-01,6.699189932075809706e-01,-8.905632434938556830e-02,1.157657826409840829e-01,-6.561692361188294909e-01,7.409493430767670752e-01,1.429545541958679444e-01,-2.521638239144889937e-01,1.617541960448431182e-01,-4.693200969326548344e-02,9.857144447191783510e-01,1.658658018314393967e-01,0.000000000000000000e+00,0.000000000000000000e+00,0.000000000000000000e+00,1.000000000000000000e+00
7.371139398905789397e-01,6.698508497345729840e-01,-8.923496360092539326e-02,1.157756469757214302e-01,-6.561646209659350859e-01,7.410384603911104318e-01,1.425131236546419433e-01,-2.521564078112618068e-01,1.615890770182767111e-01,-4.649558399507614653e-02,9.857622080691358368e-01,1.658569785078438663e-01,0.000000000000000000e+00,0.000000000000000000e+00,0.000000000000000000e+00,1.000000000000000000e+00
7.371963423542770011e-01,6.699386359629214693e-01,-8.788502070100481789e-02,1.158610706618341257e-01,-6.562470332548867580e-01,7.408822573416447010e-01,1.429451366801568202e-01,-2.521201012402446429e-01,1.608769224085152549e-01,-4.770434781536506824e-02,9.858209325409332813e-01,1.658880627259484708e-01,0.000000000000000000e+00,0.000000000000000000e+00,0.000000000000000000e+00,1.000000000000000000e+00
7.371804013132680078e-01,6.698797689965819702e-01,-8.846553571134373184e-02,1.158839466895738302e-01,-6.562258894872684545e-01,7.409789263441945995e-01,1.425405650348269548e-01,-2.522297991919372206e-01,1.610361384480276659e-01,-4.702473607464945776e-02,9.858275895463958216e-01,1.656990993752889274e-01,0.000000000000000000e+00,0.000000000000000000e+00,0.000000000000000000e+00,1.000000000000000000e+00
7.371514828584527779e-01,6.699879536965924753e-01,-8.788534133196959641e-02,1.158238110951139155e-01,-6.562915722488089632e-01,7.408368804335636604e-01,1.429758328692370961e-01,-2.521689380378218104e-01,1.609007878003414493e-01,-4.771643837209886552e-02,9.858164524871306789e-01,1.657784494648755214e-01,0.000000000000000000e+00,0.000000000000000000e+00,0.000000000000000000e+00,1.000000000000000000e+00
7.372400994794664486e-01,6.698805286147133664e-01,-8.796086119620838417e-02,1.159193126451814049e-01,-6.563950161166989261e-01,7.409989981499343070e-01,1.416547477423627244e-01,-2.523107110719162716e-01,1.600706673212336506e-01,-4.669648941479429688e-02,9.860004154865600334e-01,1.655219514735490893e-01,0.000000000000000000e+00,0.000000000000000000e+00,0.000000000000000000e+00,1.000000000000000000e+00
7.371789577990834896e-01,6.699180455190448802e-01,-8.818728063728950572e-02,1.158363274971593859e-01,-6.563066334206090202e-01,7.409414883599398927e-01,1.423633160440684886e-01,-2.522379979279092410e-01,1.607133694076614550e-01,-4.706934368461001411e-02,9.858781313016009573e-01,1.657100778426945364e-01,0.000000000000000000e+00,0.000000000000000000e+00,0.000000000000000000e+00,1.000000000000000000e+00
7.370923355765481855e-01,6.699546807156615547e-01,-8.863190521186647963e-02,1.157784202055392730e-01,-6.563423918940589630e-01,7.409335715557131552e-01,1.422396117278180716e-01,-2.522565634809412760e-01,1.609644477426457054e-01,-4.667085095507483850e-02,9.858561143666120241e-01,1.657481437664884982e-01,0.000000000000000000e+00,0.000000000000000000e+00,0.000000000000000000e+00,1.000000000000000000e+00
7.371412480597202554e-01,6.699804990854484332e-01,-8.802790043032568401e-02,1.158127897950010921e-01,-6.563614948865440502e-01,7.408745264820962850e-01,1.424588503401277850e-01,-2.521956745896545282e-01,1.606622806985486540e-01,-4.723417041870227318e-02,9.858785750312244467e-01,1.657890105792489965e-01,0.000000000000000000e+00,0.000000000000000000e+00,0.000000000000000000e+00,1.000000000000000000e+00
7.370891141411035630e-01,6.699670231654679675e-01,-8.856537520659704676e-02,1.157469045236305949e-01,-6.562742259656015875e-01,7.408953918000906746e-01,1.427520884002797530e-01,-2.521961128731018964e-01,1.612568700798028276e-01,-4.709783731969212350e-02,9.857880175635500564e-01,1.658287932513202723e-01,0.000000000000000000e+00,0.000000000000000000e+00,0.000000000000000000e+00,1.000000000000000000e+00
7.371539009159600031e-01,6.698701471118870820e-01,-8.875873124759013633e-02,1.158190318200133240e-01,-6.563348125347741036e-01,7.410382452117452168e-01,1.417283774987936895e-01,-2.522912063816399875e-01,1.607132235359810535e-01,-4.622018110951404968e-02,9.859183306130776536e-01,1.656292355012489725e-01,0.000000000000000000e+00,0.000000000000000000e+00,0.000000000000000000e+00,1.000000000000000000e+00
7.371006419185296421e-01,6.699972054111642539e-01,-8.824051464334309314e-02,1.157662192747957730e-01,-6.562888135974869197e-01,7.408454363004137733e-01,1.429441592358814406e-01,-2.521920965123189973e-01,1.611447697882095742e-01,-4.745296886476139953e-02,9.857893177123727702e-01,1.658277976731730163e-01,0.000000000000000000e+00,0.000000000000000000e+00,0.000000000000000000e+00,1.000000000000000000e+00
7.370726661437858596e-01,6.700034597762906108e-01,-8.842651588461325485e-02,1.157543516401069450e-01,-6.562896498083586883e-01,7.408488669530325366e-01,1.429225380716059868e-01,-2.522013578364987185e-01,1.612692790897046757e-01,-4.731088904478925744e-02,9.857757855616451348e-01,1.657829758146329713e-01,0.000000000000000000e+00,0.000000000000000000e+00,0.000000000000000000e+00,1.000000000000000000e+00
7.371659130099148527e-01,6.699010537294114442e-01,-8.842508076605326561e-02,1.158554877150448081e-01,-6.561384343307148370e-01,7.409257573025469501e-01,1.432179358868350960e-01,-2.520469295669472976e-01,1.614582660946690118e-01,-4.755628641800904027e-02,9.857330409050066855e-01,1.659720313565247185e-01,0.000000000000000000e+00,0.000000000000000000e+00,0.000000000000000000e+00,1.000000000000000000e+00
7.370915972465473809e-01,6.700151663622777587e-01,-8.817966949962290080e-02,1.157551424859387112e-01,-6.564389664511451894e-01,7.408647317833992885e-01,1.421524974246463069e-01,-2.522500122125065913e-01,1.605735364033745727e-01,-4.689484027098222985e-02,9.859092318073064964e-01,1.657223048466605064e-01,0.000000000000000000e+00,0.000000000000000000e+00,0.000000000000000000e+00,1.000000000000000000e+00
7.370813767386530380e-01,6.699455535711841270e-01,-8.879188766577639225e-02,1.158061608337364878e-01,-6.561996330770291097e-01,7.409118490742867547e-01,1.430093474248936847e-01,-2.522337145829070537e-01,1.615954380996709183e-01,-4.714432257993771830e-02,9.857303521926543688e-01,1.657213209853691804e-01,0.000000000000000000e+00,0.000000000000000000e+00,0.000000000000000000e+00,1.000000000000000000e+00
7.370905733802559645e-01,6.698544693522614502e-01,-8.940065169094629782e-02,1.157383710366725049e-01,-6.560922966067208595e-01,7.410226002316128158e-01,1.429279688489916156e-01,-2.521780121206815273e-01,1.619888421073635842e-01,-4.669577962492810902e-02,9.856871304820491453e-01,1.658622594175074294e-01,0.000000000000000000e+00,0.000000000000000000e+00,0.000000000000000000e+00,1.000000000000000000e+00
7.371374598287312452e-01,6.699485450146952514e-01,-8.830239153012059417e-02,1.158439182467771167e-01,-6.562916447963632605e-01,7.409074807788387229e-01,1.426091928889548222e-01,-2.522281138559866465e-01,1.609647237370036010e-01,-4.717045641763440572e-02,9.858322908860422951e-01,1.657219809226240237e-01,0.000000000000000000e+00,0.000000000000000000e+00,0.000000000000000000e+00,1.000000000000000000e+00
7.371341012203500576e-01,6.698970167428229816e-01,-8.872036844565564517e-02,1.158442195702024391e-01,-6.563280933813563367e-01,7.410024786772866356e-01,1.419463294083754268e-01,-2.523237164055195381e-01,1.608314355356576797e-01,-4.640380968394196282e-02,9.858904278825086909e-01,1.655727299524616392e-01,0.000000000000000000e+00,0.000000000000000000e+00,0.000000000000000000e+00,1.000000000000000000e+00
7.371444903255331971e-01,6.699631391934456337e-01,-8.813281173759024423e-02,1.158101319495142556e-01,-6.562529787876535403e-01,7.408691358446535258e-01,1.429858433032016318e-01,-2.521477512865362702e-01,1.610901245112231206e-01,-4.756380635378004706e-02,9.857929073137515763e-01,1.658307197461816873e-01,0.000000000000000000e+00,0.000000000000000000e+00,0.000000000000000000e+00,1.000000000000000000e+00
7.371294736533041680e-01,6.699560688081177551e-01,-8.831197505873916720e-02,1.158115187885008501e-01,-6.563699415215223931e-01,7.409219956866652801e-01,1.421727687523965666e-01,-2.522824102978963867e-01,1.606817940484732421e-01,-4.683441229333223932e-02,9.858944664042406103e-01,1.656524688696097147e-01,0.000000000000000000e+00,0.000000000000000000e+00,0.000000000000000000e+00,1.000000000000000000e+00
7.371479515146446282e-01,6.698678548844440028e-01,-8.882541624037999795e-02,1.157305742935149651e-01,-6.563244443504029357e-01,7.410416540787969630e-01,1.417585647087879486e-01,-2.522317309303724331e-01,1.607828390279822384e-01,-4.619874362657856726e-02,9.859079849364380532e-01,1.657792654837453306e-01,0.000000000000000000e+00,0.000000000000000000e+00,0.000000000000000000e+00,1.000000000000000000e+00
7.371201086620936538e-01,6.698770030937414299e-01,-8.898733692009654084e-02,1.157881262613902063e-01,-6.562443909861249702e-01,7.410168033530776244e-01,1.422582034458334532e-01,-2.522326525031345357e-01,1.612366109332279418e-01,-4.646394165946112625e-02,9.858214125389207494e-01,1.657165491187300166e-01,0.000000000000000000e+00,0.000000000000000000e+00,0.000000000000000000e+00,1.000000000000000000e+00
7.371474532603654595e-01,6.698649745063294247e-01,-8.885126944164736806e-02,1.157778327622036585e-01,-6.564216675695087044e-01,7.410742907438588878e-01,1.411364231647952994e-01,-2.523811325803188566e-01,1.603877379883604237e-01,-4.571445644565218236e-02,9.859949097104183657e-01,1.655275559274269614e-01,0.000000000000000000e+00,0.000000000000000000e+00,0.000000000000000000e+00,1.000000000000000000e+00
7.371786913070218494e-01,6.699039060391100975e-01,-8.829685020661726114e-02,1.158225625944842019e-01,-6.561834024144721500e-01,7.409282863743977821e-01,1.429986602946522467e-01,-2.521280160732010667e-01,1.612169950055931389e-01,-4.747663766361005788e-02,9.857763688573208949e-01,1.658745827874861245e-01,0.000000000000000000e+00,0.000000000000000000e+00,0.000000000000000000e+00,1.000000000000000000e+00
7.371074283927763204e-01,6.699516727047701847e-01,-8.852906442671151788e-02,1.157830317722027269e-01,-6.564060104142152019e-01,7.409498088685739781e-01,1.418609538587589924e-01,-2.523587000669682556e-01,1.606355766954553621e-01,-4.645575290213541098e-02,9.859199128337019502e-01,1.655751288634486063e-01,0.000000000000000000e+00,0.000000000000000000e+00,0.000000000000000000e+00,1.000000000000000000e+00
7.371626192793312438e-01,6.699053650620354627e-01,-8.841987671523145187e-02,1.158360215981242558e-01,-6.562598307306140022e-01,7.409559609097494670e-01,1.425036791164910610e-01,-2.522445418728375688e-01,1.609792138962720109e-01,-4.702197202809433457e-02,9.858370183960063482e-01,1.656722663599889955e-01,0.000000000000000000e+00,0.000000000000000000e+00,0.000000000000000000e+00,1.000000000000000000e+00
7.371342008355779019e-01,6.699264693500283085e-01,-8.849686786943211647e-02,1.157941455056555879e-01,-6.562120047649632193e-01,7.409213354472578006e-01,1.429033921269894647e-01,-2.521338502030846529e-01,1.613039824704958491e-01,-4.726627067220146722e-02,9.857722479842392360e-01,1.658743304862078105e-01,0.000000000000000000e+00,0.000000000000000000e+00,0.000000000000000000e+00,1.000000000000000000e+00
7.371055812287804487e-01,6.698607889676669869e-01,-8.922939832250603720e-02,1.157305206060150193e-01,-6.562789981525761762e-01,7.410592253641798965e-01,1.418770632854114144e-01,-2.522640527605912730e-01,1.611621503493694818e-01,-4.601899505917423500e-02,9.858544585224083834e-01,1.656971310266117658e-01,0.000000000000000000e+00,0.000000000000000000e+00,0.000000000000000000e+00,1.000000000000000000e+00
7.371960584078057765e-01,6.698932914146382700e-01,-8.823236132881040472e-02,1.158619715021850516e-01,-6.562701484303412602e-01,7.409626775341937588e-01,1.424212160479486344e-01,-2.522221446349129925e-01,1.607839038809953935e-01,-4.708809423857635706e-02,9.858657350946760101e-01,1.657153502300006132e-01,0.000000000000000000e+00,0.000000000000000000e+00,0.000000000000000000e+00,1.000000000000000000e+00
7.371292850858317536e-01,6.699189944016157305e-01,-8.859434524154891077e-02,1.157956149963947357e-01,-6.561965330502055327e-01,7.409311930682844771e-01,1.429233261273301636e-01,-2.521772023050379841e-01,1.613893648346794996e-01,-4.721766701497070312e-02,9.857606021950371389e-01,1.657958544222570829e-01,0.000000000000000000e+00,0.000000000000000000e+00,0.000000000000000000e+00,1.000000000000000000e+00
7.371164333577704397e-01,6.699568818367191980e-01,-8.841459242421516318e-02,1.157959693722582784e-01,-6.563644689414289690e-01,7.409252039037576010e-01,1.421813142835987032e-01,-2.522725905365779120e-01,1.607639498928655764e-01,-4.677198627165361083e-02,9.858840366468303307e-01,1.656847258998841443e-01,0.000000000000000000e+00,0.000000000000000000e+00,0.000000000000000000e+00,1.000000000000000000e+00
7.371078092985308139e-01,6.699567348739901007e-01,-8.848757465375031717e-02,1.157939765733149162e-01,-6.563799586354452931e-01,7.409339662054925668e-01,1.420640968884443467e-01,-2.523056213141410264e-01,1.607402481423121920e-01,-4.663508464643590506e-02,9.858943865887298541e-01,1.656449226608061043e-01,0.000000000000000000e+00,0.000000000000000000e+00,0.000000000000000000e+00,1.000000000000000000e+00
7.372844028175695730e-01,6.698375744918039221e-01,-8.791662619139145596e-02,1.159030900851148738e-01,-6.562528424314031383e-01,7.410057377790701949e-01,1.422768546855039951e-01,-2.521854163933110460e-01,1.604491077028595836e-01,-4.720297000648417118e-02,9.859147850904373955e-01,1.657203390691024403e-01,0.000000000000000000e+00,0.000000000000000000e+00,0.000000000000000000e+00,1.000000000000000000e+00
7.371492735933689033e-01,6.699023819495695253e-01,-8.855363967145536697e-02,1.158347145631348218e-01,-6.561462782608675770e-01,7.409338316030475990e-01,1.431402064775621763e-01,-2.521451095513985163e-01,1.615023528162391475e-01,-4.741155813006043412e-02,9.857327904612380731e-01,1.658527444593160816e-01,0.000000000000000000e+00,0.000000000000000000e+00,0.000000000000000000e+00,1.000000000000000000e+00
7.371176273735500217e-01,6.698701534482037756e-01,-8.905942361405835839e-02,1.157996421405470822e-01,-6.562330330771436460e-01,7.410256201993683511e-01,1.422646706196381838e-01,-2.522722524824392853e-01,1.612941713564410573e-01,-4.642206078387158680e-02,9.858139695495381494e-01,1.656771791748772316e-01,0.000000000000000000e+00,0.000000000000000000e+00,0.000000000000000000e+00,1.000000000000000000e+00
7.371118531569491594e-01,6.699198553602174755e-01,-8.873276356382511776e-02,1.157608273569734614e-01,-6.563144242899259240e-01,7.409722534736962185e-01,1.421671412496425535e-01,-2.522574554671931368e-01,1.609891064777723146e-01,-4.655649231050376646e-02,9.858574950870082620e-01,1.657147235955025444e-01,0.000000000000000000e+00,0.000000000000000000e+00,0.000000000000000000e+00,1.000000000000000000e+00
7.371830192967182560e-01,6.700132857742635561e-01,-8.742650025335312047e-02,1.158605356063803771e-01,-6.563745334321600122e-01,7.408049797655184010e-01,1.427601268433324189e-01,-2.522294615125011963e-01,1.604171684150071386e-01,-4.785581302814898713e-02,9.858885095370196749e-01,1.657207836518097555e-01,0.000000000000000000e+00,0.000000000000000000e+00,0.000000000000000000e+00,1.000000000000000000e+00
7.370522926210961723e-01,6.699156291887592429e-01,-8.925787198121491739e-02,1.157291932659309519e-01,-6.561876189353558209e-01,7.409699336117623325e-01,1.427633224582872673e-01,-2.522130149081968087e-01,1.617767804659692166e-01,-4.665412363349524111e-02,9.857239299368034668e-01,1.657910526190071732e-01,0.000000000000000000e+00,0.000000000000000000e+00,0.000000000000000000e+00,1.000000000000000000e+00
7.371454696742129054e-01,6.699185277599706279e-01,-8.846311492762121143e-02,1.158186903665552048e-01,-6.563267472397773528e-01,7.409623176319422022e-01,1.421620368001039747e-01,-2.522488300301887754e-01,1.607848170581955005e-01,-4.673339291571114440e-02,9.858824638820533615e-01,1.657251730176430016e-01,0.000000000000000000e+00,0.000000000000000000e+00,0.000000000000000000e+00,1.000000000000000000e+00
7.371630119335201847e-01,6.698644977413426016e-01,-8.872569246187671232e-02,1.158163875041912094e-01,-6.561877749423583595e-01,7.410005492530793436e-01,1.426036115350224343e-01,-2.522158936915168681e-01,1.612708834641197742e-01,-4.690139307497596249e-02,9.857950910175647952e-01,1.657400238192754394e-01,0.000000000000000000e+00,0.000000000000000000e+00,0.000000000000000000e+00,1.000000000000000000e+00
7.371376229770949529e-01,6.699663933811907945e-01,-8.816550647207735403e-02,1.158803881070435693e-01,-6.564026532492450716e-01,7.409110792055080275e-01,1.420786033077506005e-01,-2.522954951208015162e-01,1.605106899836576118e-01,-4.685941154484584564e-02,9.859211499661831857e-01,1.655574707187903449e-01,0.000000000000000000e+00,0.000000000000000000e+00,0.000000000000000000e+00,1.000000000000000000e+00
7.371072203607993423e-01,6.698611902922092520e-01,-8.921284342672214374e-02,1.157910403869161498e-01,-6.562458277169168630e-01,7.410483555510894993e-01,1.420871153172055257e-01,-2.522850273062213766e-01,1.612896751069789469e-01,-4.618788234300072459e-02,9.858257047919548599e-01,1.656336999670959820e-01,0.000000000000000000e+00,0.000000000000000000e+00,0.000000000000000000e+00,1.000000000000000000e+00
7.370847258272333891e-01,6.699468441493622306e-01,-8.875434055020972601e-02,1.157451778866166181e-01,-6.562786563720298671e-01,7.409312049772771580e-01,1.425456933107535074e-01,-2.521971545610149357e-01,1.612588978714526722e-01,-4.682067390833245801e-02,9.858008887965430400e-01,1.658181731606689358e-01,0.000000000000000000e+00,0.000000000000000000e+00,0.000000000000000000e+00,1.000000000000000000e+00
7.371136653078526058e-01,6.699221701026453202e-01,-8.870022785419270916e-02,1.157665536824111496e-01,-6.563663320005564961e-01,7.409826994821283597e-01,1.418727503233560561e-01,-2.523207419606244839e-01,1.607690350551330416e-01,-4.635649979388474506e-02,9.859028310611047674e-01,1.656132393829934379e-01,0.000000000000000000e+00,0.000000000000000000e+00,0.000000000000000000e+00,1.000000000000000000e+00
7.371812937706520019e-01,6.699282196865852246e-01,-8.809041140890602750e-02,1.158281058548218390e-01,-6.563274444956352927e-01,7.409300505158822325e-01,1.423268978245548766e-01,-2.522511328812465092e-01,1.606176382482841225e-01,-4.710457207209231556e-02,9.858920496552594503e-01,1.656533988087169895e-01,0.000000000000000000e+00,0.000000000000000000e+00,0.000000000000000000e+00,1.000000000000000000e+00
7.370877365361783173e-01,6.699512764797191933e-01,-8.869586118398194163e-02,1.157527567550851177e-01,-6.562831776781427040e-01,7.409239917795275021e-01,1.425623691658140790e-01,-2.522165641031675065e-01,1.612267327233688485e-01,-4.687137237894184461e-02,9.858037406637600863e-01,1.657901153426442065e-01,0.000000000000000000e+00,0.000000000000000000e+00,0.000000000000000000e+00,1.000000000000000000e+00
7.371388879433783403e-01,6.698753906727192842e-01,-8.884380030520462601e-02,1.157750176643453366e-01,-6.562192678158760284e-01,7.410034415409517683e-01,1.424435753962273454e-01,-2.522204615637906322e-01,1.612530075031004539e-01,-4.669968517599251689e-02,9.858075912548391884e-01,1.657670095990972925e-01,0.000000000000000000e+00,0.000000000000000000e+00,0.000000000000000000e+00,1.000000000000000000e+00
7.371418487360892335e-01,6.698570378495378730e-01,-8.895753866527364440e-02,1.157684880880360534e-01,-6.562548858658467932e-01,7.410417246538365532e-01,1.420798616950061655e-01,-2.522642060856885582e-01,1.610944431665635446e-01,-4.635419253433890191e-02,9.858498208222916670e-01,1.657219205499400605e-01,0.000000000000000000e+00,0.000000000000000000e+00,0.000000000000000000e+00,1.000000000000000000e+00
7.371910510472164946e-01,6.698629931364038503e-01,-8.850381168197488102e-02,1.158571102443567979e-01,-6.561702934994598779e-01,7.409847019948659907e-01,1.427663032315837355e-01,-2.521474058495578041e-01,1.612138337263060162e-01,-4.717246904623443454e-02,9.857914880842445493e-01,1.658252759065932391e-01,0.000000000000000000e+00,0.000000000000000000e+00,0.000000000000000000e+00,1.000000000000000000e+00
7.371597220335734946e-01,6.699374504314430379e-01,-8.820066168007131835e-02,1.157871378466615864e-01,-6.563509275371135487e-01,7.409322195309330228e-01,1.422072641679604788e-01,-2.522563470738788949e-01,1.606206840122263169e-01,-4.693888122210674446e-02,9.858994559776679267e-01,1.656889226487667788e-01,0.000000000000000000e+00,0.000000000000000000e+00,0.000000000000000000e+00,1.000000000000000000e+00
7.371349823235606724e-01,6.698824625876595995e-01,-8.882288079282626980e-02,1.158007156316118724e-01,-6.561448434326495605e-01,7.409722819130932780e-01,1.429476193339618284e-01,-2.521632277293233138e-01,1.615733959276328402e-01,-4.709101563988915551e-02,9.857365134631139725e-01,1.658422886302883814e-01,0.000000000000000000e+00,0.000000000000000000e+00,0.000000000000000000e+00,1.000000000000000000e+00
7.371428254113286949e-01,6.699659386960089558e-01,-8.812545564012237709e-02,1.158003628142172670e-01,-6.562868825858269028e-01,7.408753931155760419e-01,1.427976877320424887e-01,-2.521802372138209347e-01,1.609595684958823325e-01,-4.742671043849094187e-02,9.858208379044354208e-01,1.657964339662332254e-01,0.000000000000000000e+00,0.000000000000000000e+00,0.000000000000000000e+00,1.000000000000000000e+00
7.371890773704492528e-01,6.699163147103891491e-01,-8.811580726837137112e-02,1.158392362676814447e-01,-6.563662239414119748e-01,7.409569342562398742e-01,1.420077520647604896e-01,-2.523506461186614258e-01,1.604233283366171270e-01,-4.685032403778214422e-02,9.859358005787988155e-01,1.655185735595683383e-01,0.000000000000000000e+00,0.000000000000000000e+00,0.000000000000000000e+00,1.000000000000000000e+00
7.371675456524363623e-01,6.698959509464859075e-01,-8.845012460288950717e-02,1.157964078175525990e-01,-6.562952826973720288e-01,7.409791390399469435e-01,1.422196098180402157e-01,-2.522465852891526694e-01,1.608120379385193366e-01,-4.679028118234070110e-02,9.858753258099818284e-01,1.657388814203057947e-01,0.000000000000000000e+00,0.000000000000000000e+00,0.000000000000000000e+00,1.000000000000000000e+00
7.372038414233282877e-01,6.698775420955251914e-01,-8.828688909881347857e-02,1.159087951554347296e-01,-6.560555487590402635e-01,7.409212170310036649e-01,1.436205664094495349e-01,-2.520359177738807910e-01,1.616218213397033199e-01,-4.795652978848981979e-02,9.856868458681402601e-01,1.659369666696701717e-01,0.000000000000000000e+00,0.000000000000000000e+00,0.000000000000000000e+00,1.000000000000000000e+00
7.370101713626989737e-01,6.699165113511108549e-01,-8.959841029327642037e-02,1.157158117477156134e-01,-6.562029985311562674e-01,7.409922371089736615e-01,1.425767486757861802e-01,-2.522005001066338625e-01,1.619062445572893583e-01,-4.628576847580481712e-02,9.857200391642445547e-01,1.657963446089580906e-01,0.000000000000000000e+00,0.000000000000000000e+00,0.000000000000000000e+00,1.000000000000000000e+00
7.371288171674746925e-01,6.698977702027723025e-01,-8.875857355001670612e-02,1.158361651526629843e-01,-6.560931459187012704e-01,7.409353927777125870e-01,1.433754777074480458e-01,-2.521063661390245403e-01,1.618112813736478084e-01,-4.745230454562591321e-02,9.856801651720135116e-01,1.658983798237634311e-01,0.000000000000000000e+00,0.000000000000000000e+00,0.000000000000000000e+00,1.000000000000000000e+00
7.371663859871022684e-01,6.699716560654639386e-01,-8.788458021527251196e-02,1.158556692330488525e-01,-6.563425645503225825e-01,7.408712797620361501e-01,1.425629151752611512e-01,-2.522104021487220904e-01,1.606242737889282124e-01,-4.741019819261255847e-02,9.858763187018526608e-01,1.656903590560758754e-01,0.000000000000000000e+00,0.000000000000000000e+00,0.000000000000000000e+00,1.000000000000000000e+00
7.370224374385969668e-01,6.698776558584029761e-01,-8.978782152230257996e-02,1.157108044039839578e-01,-6.562964685832184397e-01,7.410748322898400575e-01,1.417146367591662348e-01,-2.523089975324147027e-01,1.614709634493657897e-01,-4.551943681809861308e-02,9.858271191413315870e-01,1.656598675685760913e-01,0.000000000000000000e+00,0.000000000000000000e+00,0.000000000000000000e+00,1.000000000000000000e+00
7.371549180246990129e-01,6.700099451427400377e-01,-8.768865514889695456e-02,1.158399450414749343e-01,-6.564377391317940402e-01,7.408427474601777529e-01,1.422726895057309371e-01,-2.523112964552600701e-01,1.602876210926417466e-01,-4.731487023630106398e-02,9.859356883585176368e-01,1.655875480587609694e-01,0.000000000000000000e+00,0.000000000000000000e+00,0.000000000000000000e+00,1.000000000000000000e+00
7.370840531497027115e-01,6.700015446685170240e-01,-8.834607367736915795e-02,1.157867344428392398e-01,-6.562781052559025774e-01,7.408431635860756037e-01,1.430050891734193086e-01,-2.521871599867615554e-01,1.612642153552006907e-01,-4.742717690919638629e-02,9.857710260178552675e-01,1.657943299341086973e-01,0.000000000000000000e+00,0.000000000000000000e+00,0.000000000000000000e+00,1.000000000000000000e+00
7.372034892902861181e-01,6.698266025316721439e-01,-8.867546401967368874e-02,1.158082198275579011e-01,-6.562711537508865156e-01,7.410666686991471686e-01,1.418744702109193123e-01,-2.522049721572960368e-01,1.607457250837716622e-01,-4.639520539911400759e-02,9.859048112182365875e-01,1.657279459985767645e-01,0.000000000000000000e+00,0.000000000000000000e+00,0.000000000000000000e+00,1.000000000000000000e+00
7.371905548720918411e-01,6.698530518876756323e-01,-8.858315124302568178e-02,1.158061942028188462e-01,-6.562957083661419277e-01,7.410374012635793095e-01,1.419137523593312356e-01,-2.522109764788023623e-01,1.607047883156001722e-01,-4.648073585140940350e-02,9.859074562083147697e-01,1.657986255264518594e-01,0.000000000000000000e+00,0.000000000000000000e+00,0.000000000000000000e+00,1.000000000000000000e+00
7.371667822716903018e-01,6.699063576132919806e-01,-8.837763939195461549e-02,1.157856844343730929e-01,-6.562385188095611888e-01,7.409461630588458636e-01,1.426526897012721784e-01,-2.521569013194830955e-01,1.610470165691855193e-01,-4.716201307902689183e-02,9.858192547198995070e-01,1.658937433151277396e-01,0.000000000000000000e+00,0.000000000000000000e+00,0.000000000000000000e+00,1.000000000000000000e+00
7.370725966492603920e-01,6.699841702336273297e-01,-8.857312744322984321e-02,1.157656322238676816e-01,-6.561695605378303764e-01,7.408448123131476937e-01,1.434938043689959197e-01,-2.521570071601609841e-01,1.617575194304962938e-01,-4.764636087945143400e-02,9.856796280752878614e-01,1.658850795249435794e-01,0.000000000000000000e+00,0.000000000000000000e+00,0.000000000000000000e+00,1.000000000000000000e+00
7.371640227378930543e-01,6.699386228140803423e-01,-8.815580095977976205e-02,1.158470611337825140e-01,-6.563158651288271139e-01,7.409180299078633736e-01,1.424428241002311246e-01,-2.522446634434905022e-01,1.607441717795269065e-01,-4.714567445082993441e-02,9.858694622613533021e-01,1.655954039214786455e-01,0.000000000000000000e+00,0.000000000000000000e+00,0.000000000000000000e+00,1.000000000000000000e+00
7.371225957104796667e-01,6.698757620845314786e-01,-8.897607692359287002e-02,1.157851464633017913e-01,-6.562984099612669819e-01,7.410331798504602441e-01,1.419233012687776685e-01,-2.523134255826922079e-01,1.610052048082841747e-01,-4.622001441349641443e-02,9.858706985666318978e-01,1.656384784125299880e-01,0.000000000000000000e+00,0.000000000000000000e+00,0.000000000000000000e+00,1.000000000000000000e+00
7.371245098636203252e-01,6.698579532660980940e-01,-8.909421644793902306e-02,1.158051853407968679e-01,-6.563266272344722152e-01,7.410687394503475689e-01,1.416067858278536318e-01,-2.523129102141898339e-01,1.608813703986272658e-01,-4.590692600934539319e-02,9.859055425359128932e-01,1.655962659187113495e-01,0.000000000000000000e+00,0.000000000000000000e+00,0.000000000000000000e+00,1.000000000000000000e+00
7.371499649667169196e-01,6.699671139402939568e-01,-8.805677366382039239e-02,1.158276212840959607e-01,-6.563680992116184276e-01,7.408939737017655736e-01,1.423272218155570701e-01,-2.522356590145512500e-01,1.605952909860536848e-01,-4.711884942271855892e-02,9.858950078695926100e-01,1.657036030481304767e-01,0.000000000000000000e+00,0.000000000000000000e+00,0.000000000000000000e+00,1.000000000000000000e+00
7.371184408691753287e-01,6.698815467496201936e-01,-8.896694585593342697e-02,1.157863550872828551e-01,-6.561613631636029620e-01,7.409862890115070932e-01,1.427991070988812727e-01,-2.521768318078660975e-01,1.615817737923390396e-01,-4.688318271290600747e-02,9.857450469349717803e-01,1.658192605722563773e-01,0.000000000000000000e+00,0.000000000000000000e+00,0.000000000000000000e+00,1.000000000000000000e+00
7.372091109543169596e-01,6.699800808954154974e-01,-8.746095088277044960e-02,1.158574941545375825e-01,-6.564533088608703881e-01,7.408698343622105442e-01,1.420596417626265318e-01,-2.523225635087852359e-01,1.599743104737778032e-01,-4.731363160320193467e-02,9.859866328977062722e-01,1.655620388572751622e-01,0.000000000000000000e+00,0.000000000000000000e+00,0.000000000000000000e+00,1.000000000000000000e+00
7.370663066652367590e-01,6.700266846063280823e-01,-8.830346252735261914e-02,1.157282286058123055e-01,-6.563876404581781010e-01,7.408430745538486795e-01,1.425019450370643703e-01,-2.522651567126283911e-01,1.608991144556518593e-01,-4.707208090846545789e-02,9.858477033326873418e-01,1.657339838535882848e-01,0.000000000000000000e+00,0.000000000000000000e+00,0.000000000000000000e+00,1.000000000000000000e+00
7.371499587497660766e-01,6.699569177024742306e-01,-8.813436751811586090e-02,1.158484345480529920e-01,-6.564697193186603830e-01,7.409400777916240743e-01,1.416167671563690333e-01,-2.523812225272814014e-01,1.601794179440583221e-01,-4.653525056064747312e-02,9.859903774998822756e-01,1.654731211017901327e-01,0.000000000000000000e+00,0.000000000000000000e+00,0.000000000000000000e+00,1.000000000000000000e+00
7.371254118432388758e-01,6.698939967051958932e-01,-8.881531620883198475e-02,1.157922094013920100e-01,-6.562742822158146305e-01,7.409957906179538423e-01,1.422297605587215519e-01,-2.523244315191884857e-01,1.610906382042520124e-01,-4.655396293349105263e-02,9.858410291817510940e-01,1.656003872241700314e-01,0.000000000000000000e+00,0.000000000000000000e+00,0.000000000000000000e+00,1.000000000000000000e+00
7.371080518033008566e-01,6.699234580578576903e-01,-8.873714166313945162e-02,1.157719311081228664e-01,-6.561982935458907651e-01,7.409345106505491607e-01,1.428980422346374513e-01,-2.521649888983232835e-01,1.614791612382328045e-01,-4.710213658458733965e-02,9.857514236433866373e-01,1.658415228118084173e-01,0.000000000000000000e+00,0.000000000000000000e+00,0.000000000000000000e+00,1.000000000000000000e+00
7.372016656069625418e-01,6.699185739093438396e-01,-8.799323018046013856e-02,1.158354918835610980e-01,-6.564028157443690947e-01,7.409580547177780918e-01,1.418326641916812791e-01,-2.522572820728672394e-01,1.602156287919013766e-01,-4.680027222268400705e-02,9.859719503163862919e-01,1.656692013763174653e-01,0.000000000000000000e+00,0.000000000000000000e+00,0.000000000000000000e+00,1.000000000000000000e+00
7.370754682350433296e-01,6.698860081256676757e-01,-8.928880245332967980e-02,1.157067168328722306e-01,-6.562375099427726344e-01,7.410209270928536096e-01,1.422684650741591061e-01,-2.522058076607686106e-01,1.614685253236714246e-01,-4.626793412187154425e-02,9.857926727268230271e-01,1.658097903628408254e-01,0.000000000000000000e+00,0.000000000000000000e+00,0.000000000000000000e+00,1.000000000000000000e+00
7.370428492194537329e-01,6.698597427980571561e-01,-8.975390461139037823e-02,1.156210479220879939e-01,-6.562596513917248187e-01,7.410836338168115267e-01,1.418390554257964731e-01,-2.522361738501153750e-01,1.615274229649000248e-01,-4.563959539030785356e-02,9.858123142682523321e-01,1.658330807472034873e-01,0.000000000000000000e+00,0.000000000000000000e+00,0.000000000000000000e+00,1.000000000000000000e+00
7.371547490222675192e-01,6.699172239884197966e-01,-8.839563901894270659e-02,1.158342762429346862e-01,-6.563453574654086742e-01,7.409654876948003066e-01,1.420595571540750612e-01,-2.522851390945302086e-01,1.606662619454466145e-01,-4.670180990985548647e-02,9.859032879667360971e-01,1.656648831279357026e-01,0.000000000000000000e+00,0.000000000000000000e+00,0.000000000000000000e+00,1.000000000000000000e+00
7.371634006006935191e-01,6.697813965528018887e-01,-8.934764488558033513e-02,1.157743180131831084e-01,-6.562714242453733249e-01,7.411569222670075785e-01,1.414009699211646320e-01,-2.522871421215890919e-01,1.609283646029206483e-01,-4.559931367329245894e-02,9.859121482458537145e-01,1.656699806496035876e-01,0.000000000000000000e+00,0.000000000000000000e+00,0.000000000000000000e+00,1.000000000000000000e+00
7.370892905636962089e-01,6.699205198580775455e-01,-8.891498641618322818e-02,1.157875425178984119e-01,-6.564290519627613563e-01,7.410144854238474021e-01,1.414158128757209698e-01,-2.523925512390534642e-01,1.606246477835119868e-01,-4.586970094859661728e-02,9.859491330993241931e-01,1.654840185126260632e-01,0.000000000000000000e+00,0.000000000000000000e+00,0.000000000000000000e+00,1.000000000000000000e+00
7.370853393786338525e-01,6.698890639500917343e-01,-8.918432862983477483e-02,1.157386420553916939e-01,-6.562030700825224327e-01,7.410016318705214822e-01,1.425275846266144397e-01,-2.521552214922558321e-01,1.615634033045746376e-01,-4.653196283517888054e-02,9.857646996861620936e-01,1.658732368798176982e-01,0.000000000000000000e+00,0.000000000000000000e+00,0.000000000000000000e+00,1.000000000000000000e+00
7.371605091592021708e-01,6.699311652819630591e-01,-8.824181276524836748e-02,1.158268206061393579e-01,-6.563536148576312179e-01,7.409427627184529408e-01,1.421399121938199950e-01,-2.523020702211465904e-01,1.606060895466492888e-01,-4.686209725457961273e-02,9.859054862619622828e-01,1.655990603879247125e-01,0.000000000000000000e+00,0.000000000000000000e+00,0.000000000000000000e+00,1.000000000000000000e+00
7.370909100417348814e-01,6.698856828376563710e-01,-8.916368242156666457e-02,1.157532300560264460e-01,-6.561920604374492649e-01,7.410012982355329569e-01,1.425799980085208363e-01,-2.521934922773919063e-01,1.615827037547713230e-01,-4.658592000145117540e-02,9.857589877373252873e-01,1.658053160052626041e-01,0.000000000000000000e+00,0.000000000000000000e+00,0.000000000000000000e+00,1.000000000000000000e+00
7.371606955721344834e-01,6.700448012104307516e-01,-8.737318395527010617e-02,1.158553609207474411e-01,-6.561906562552977107e-01,7.407089786993374947e-01,1.440972987860155707e-01,-2.520963628252493316e-01,1.612697477732533136e-01,-4.888939808444138502e-02,9.856986837812519164e-01,1.659170424599605287e-01,0.000000000000000000e+00,0.000000000000000000e+00,0.000000000000000000e+00,1.000000000000000000e+00
7.371672535305279217e-01,6.698192974335722694e-01,-8.903116930521579042e-02,1.158131763110426815e-01,-6.563358129697652865e-01,7.411134051091011754e-01,1.413301856678562118e-01,-2.523219002130480115e-01,1.606478787148331311e-01,-4.574963992414552566e-02,9.859509265228342256e-01,1.655965760114455065e-01,0.000000000000000000e+00,0.000000000000000000e+00,0.000000000000000000e+00,1.000000000000000000e+00
7.372082197390895653e-01,6.698229205238702688e-01,-8.866394921271585072e-02,1.158508873200877753e-01,-6.562658673192459657e-01,7.410688491097046082e-01,1.418875338813651577e-01,-2.522980529075634637e-01,1.607456131309342728e-01,-4.641353272581842659e-02,9.859039668441694770e-01,1.656158021103928402e-01,0.000000000000000000e+00,0.000000000000000000e+00,0.000000000000000000e+00,1.000000000000000000e+00
7.371330214530876779e-01,6.699151218618488723e-01,-8.859254022922008476e-02,1.158025847598595781e-01,-6.563378876870371581e-01,7.409768123541937701e-01,1.420349982924494769e-01,-2.522360464406824265e-01,1.607964112471419460e-01,-4.655204672452224746e-02,9.858891525297343028e-01,1.657233836339695454e-01,0.000000000000000000e+00,0.000000000000000000e+00,0.000000000000000000e+00,1.000000000000000000e+00
7.371303487942419963e-01,6.699215257500968912e-01,-8.856634927071208030e-02,1.157856825283958835e-01,-6.562051936015590448e-01,7.409291410920481047e-01,1.428941978211170638e-01,-2.521158772271336335e-01,1.613492881199659335e-01,-4.721395151078250363e-02,9.857673407076935623e-01,1.659308650246746897e-01,0.000000000000000000e+00,0.000000000000000000e+00,0.000000000000000000e+00,1.000000000000000000e+00
7.370812345251055442e-01,6.698969108423840080e-01,-8.915930997252970169e-02,1.157840642725950775e-01,-6.562482551442496703e-01,7.410039849190236394e-01,1.423071395055614252e-01,-2.522837301420337575e-01,1.613985171278667363e-01,-4.638128046915768882e-02,9.857988108589740284e-01,1.656775429729147042e-01,0.000000000000000000e+00,0.000000000000000000e+00,0.000000000000000000e+00,1.000000000000000000e+00
7.370631446872503156e-01,6.699174496324036276e-01,-8.915453674243103976e-02,1.157266798513062467e-01,-6.562231926869424026e-01,7.409722751386019768e-01,1.425875480386698535e-01,-2.522185731101342365e-01,1.615829264603707294e-01,-4.659075180698295238e-02,9.857587228741943042e-01,1.658251958794578762e-01,0.000000000000000000e+00,0.000000000000000000e+00,0.000000000000000000e+00,1.000000000000000000e+00
7.371634195240681642e-01,6.698997126815207093e-01,-8.845602220764252344e-02,1.157963590731296566e-01,-6.562879367026219768e-01,7.409728825867529789e-01,1.422860900077494994e-01,-2.522365960104173133e-01,1.608609245721230874e-01,-4.683548035724693220e-02,9.858652041356911200e-01,1.657478338263707052e-01,0.000000000000000000e+00,0.000000000000000000e+00,0.000000000000000000e+00,1.000000000000000000e+00
7.371746120370479272e-01,6.698951365898645482e-01,-8.839738311327223486e-02,1.158001536540123610e-01,-6.562603933756699925e-01,7.409669641142365704e-01,1.424438632505542202e-01,-2.521873872334600142e-01,1.609219918297024043e-01,-4.699429821348977132e-02,9.858476801620942309e-01,1.658251462160686973e-01,0.000000000000000000e+00,0.000000000000000000e+00,0.000000000000000000e+00,1.000000000000000000e+00
7.371977673556793231e-01,6.698872717762150986e-01,-8.826378032931264661e-02,1.158364411441416830e-01,-6.564149147860697253e-01,7.410137104271589115e-01,1.414854784257796316e-01,-2.523841204018608675e-01,1.601839924967496942e-01,-4.636511696517275904e-02,9.859976493261062291e-01,1.654718775153039001e-01,0.000000000000000000e+00,0.000000000000000000e+00,0.000000000000000000e+00,1.000000000000000000e+00
7.372996481322706686e-01,6.698743920557741482e-01,-8.750730102075494898e-02,1.159159173624738359e-01,-6.563544442681807922e-01,7.409687450097224293e-01,1.420005718584418930e-01,-2.522256307822910992e-01,1.599627217617828334e-01,-4.726116573492437217e-02,9.859910292999316539e-01,1.656518876334598378e-01,0.000000000000000000e+00,0.000000000000000000e+00,0.000000000000000000e+00,1.000000000000000000e+00
7.371497110417004617e-01,6.700191471308476476e-01,-8.766211262106934909e-02,1.157831317450889741e-01,-6.564146441179963265e-01,7.408234767729096060e-01,1.424794414978615975e-01,-2.522541536952921382e-01,1.604061049292756780e-01,-4.748598467074060386e-02,9.859081918521969135e-01,1.656847552134534940e-01,0.000000000000000000e+00,0.000000000000000000e+00,0.000000000000000000e+00,1.000000000000000000e+00
7.372216406932958765e-01,6.699003625163997278e-01,-8.796452008555349922e-02,1.158632543476712518e-01,-6.564834863908151075e-01,7.410014830857866164e-01,1.412311373629255296e-01,-2.523797939920129352e-01,1.597926299603518174e-01,-4.637139597921715456e-02,9.860608546359058701e-01,1.654773313263280254e-01,0.000000000000000000e+00,0.000000000000000000e+00,0.000000000000000000e+00,1.000000000000000000e+00
7.371923021910091745e-01,6.698134554130844576e-01,-8.886756741299836615e-02,1.158372495445127714e-01,-6.561233769734434729e-01,7.410501535940015039e-01,1.426421538230253638e-01,-2.520725996147575310e-01,1.613989584206930450e-01,-4.684660933184849746e-02,9.857767350748468660e-01,1.659354689477761102e-01,0.000000000000000000e+00,0.000000000000000000e+00,0.000000000000000000e+00,1.000000000000000000e+00
7.371315741272888022e-01,6.699722566605841312e-01,-8.817152448353163252e-02,1.157897534831449637e-01,-6.563100826205763294e-01,7.408773527828906857e-01,1.426808451894958640e-01,-2.521899369449968065e-01,1.609164934840367212e-01,-4.730669549377625877e-02,9.858336364145126041e-01,1.658234221595709101e-01,0.000000000000000000e+00,0.000000000000000000e+00,0.000000000000000000e+00,1.000000000000000000e+00
7.372231505703288335e-01,6.698540699459331060e-01,-8.830374420163439320e-02,1.158696616296506221e-01,-6.562633442821025342e-01,7.410111554604463802e-01,1.422001773376004863e-01,-2.522359063681972602e-01,1.606874270589618847e-01,-4.688275226608938639e-02,9.858912507600052777e-01,1.656660731876744563e-01,0.000000000000000000e+00,0.000000000000000000e+00,0.000000000000000000e+00,1.000000000000000000e+00
7.371391902356143611e-01,6.699859769342662030e-01,-8.800343703640198245e-02,1.157782729629082408e-01,-6.564052171167751304e-01,7.408794844225119469e-01,1.422314328962218655e-01,-2.523244739598177189e-01,1.604930065786741855e-01,-4.707844807627019346e-02,9.859135938641214736e-01,1.656131367283202316e-01,0.000000000000000000e+00,0.000000000000000000e+00,0.000000000000000000e+00,1.000000000000000000e+00
7.371540004593598594e-01,6.698553080850978558e-01,-8.886982523320638427e-02,1.157834814602072271e-01,-6.563114911127659878e-01,7.410551800376429243e-01,1.417478281058096590e-01,-2.522757571362657103e-01,1.608079794043182353e-01,-4.616369103088668185e-02,9.859055266050115174e-01,1.656809650750110663e-01,0.000000000000000000e+00,0.000000000000000000e+00,0.000000000000000000e+00,1.000000000000000000e+00
7.371965919119274346e-01,6.698635350186550319e-01,-8.845354331936264303e-02,1.158317491219796880e-01,-6.562197803101048610e-01,7.409956809111242215e-01,1.424815805668131485e-01,-2.522257758138770067e-01,1.609869087944634791e-01,-4.699197083939687242e-02,9.858371923768308731e-01,1.657059640245068799e-01,0.000000000000000000e+00,0.000000000000000000e+00,0.000000000000000000e+00,1.000000000000000000e+00
7.371253057105994211e-01,6.698601644158098667e-01,-8.907100431610567859e-02,1.157965991052068433e-01,-6.563013592404299823e-01,7.410576413119820405e-01,1.417818680660054009e-01,-2.522667000147839622e-01,1.609807738216576800e-01,-4.605358164080373268e-02,9.858824768083843670e-01,1.656924665537224950e-01,0.000000000000000000e+00,0.000000000000000000e+00,0.000000000000000000e+00,1.000000000000000000e+00
7.372472450076574813e-01,6.698625129588269278e-01,-8.803813640181454292e-02,1.159223281645531123e-01,-6.562424906372315014e-01,7.409800239579369396e-01,1.424584064825183127e-01,-2.522316799754585892e-01,1.606620465787184093e-01,-4.725270180403056547e-02,9.858777251573124234e-01,1.656275306248586876e-01,0.000000000000000000e+00,0.000000000000000000e+00,0.000000000000000000e+00,1.000000000000000000e+00
7.372065462732495522e-01,6.698837728676798609e-01,-8.821699938464259982e-02,1.158599473563184656e-01,-6.564157485375692325e-01,7.410154860829385459e-01,1.414723098600187412e-01,-2.523151776445545780e-01,1.601401673651240420e-01,-4.638728526039494898e-02,9.860037254303053444e-01,1.655620136116511265e-01,0.000000000000000000e+00,0.000000000000000000e+00,0.000000000000000000e+00,1.000000000000000000e+00
7.372058513692441029e-01,6.698161743213060237e-01,-8.873457795311823215e-02,1.158629520167164806e-01,-6.563579587487669009e-01,7.411071756818664591e-01,1.412599877530761605e-01,-2.523508470468258102e-01,1.603800570335978670e-01,-4.589604308017345563e-02,9.859877233188468759e-01,1.655014330905333342e-01,0.000000000000000000e+00,0.000000000000000000e+00,0.000000000000000000e+00,1.000000000000000000e+00
7.371231449591419960e-01,6.699249760712068236e-01,-8.860020091137935094e-02,1.158003911365262095e-01,-6.561847899910063786e-01,7.409210030165398475e-01,1.430300271740987950e-01,-2.521335523247486554e-01,1.614651372587983247e-01,-4.729263922596883829e-02,9.857445996428485513e-01,1.659110915457453483e-01,0.000000000000000000e+00,0.000000000000000000e+00,0.000000000000000000e+00,1.000000000000000000e+00
7.371296884650273551e-01,6.699852682806872739e-01,-8.808837988240936223e-02,1.157999448159853229e-01,-6.564506413534922924e-01,7.408984034520103013e-01,1.419229059343529442e-01,-2.523381763935622080e-01,1.603507962251534413e-01,-4.678991396784325935e-02,9.859504683810651482e-01,1.655900546451114508e-01,0.000000000000000000e+00,0.000000000000000000e+00,0.000000000000000000e+00,1.000000000000000000e+00
7.371525139719189434e-01,6.699117347099156072e-01,-8.845585816005620272e-02,1.158374098709895328e-01,-6.563764218406619166e-01,7.409843512442922941e-01,1.418174321538974436e-01,-2.522795745216672714e-01,1.605495686588095383e-01,-4.648073696734474763e-02,9.859327447115463494e-01,1.656575124561248114e-01,0.000000000000000000e+00,0.000000000000000000e+00,0.000000000000000000e+00,1.000000000000000000e+00
7.370713096911030160e-01,6.698615434448723649e-01,-8.950640783706753645e-02,1.157734094644556067e-01,-6.560976990953696353e-01,7.410217155671510181e-01,1.429077545120560899e-01,-2.521641378737637385e-01,1.620546008973636765e-01,-4.660825754702405815e-02,9.856804637692818671e-01,1.658622619405309973e-01,0.000000000000000000e+00,0.000000000000000000e+00,0.000000000000000000e+00,1.000000000000000000e+00
7.371986726855850325e-01,6.698815950306764577e-01,-8.829929574899600397e-02,1.158590793842215749e-01,-6.560878522653397216e-01,7.409266929427533732e-01,1.434446436600851360e-01,-2.520427602206384288e-01,1.615142318821025658e-01,-4.781510560557065970e-02,9.857113515504742907e-01,1.659858776069795816e-01,0.000000000000000000e+00,0.000000000000000000e+00,0.000000000000000000e+00,1.000000000000000000e+00
7.370707144859461879e-01,6.699548916253733610e-01,-8.880993770074976923e-02,1.157364182511541884e-01,-6.562407204382812997e-01,7.409137907929810307e-01,1.428106139312496914e-01,-2.522331021667900131e-01,1.614771769812144153e-01,-4.698082374766392871e-02,9.857575378936590527e-01,1.657614573925545454e-01,0.000000000000000000e+00,0.000000000000000000e+00,0.000000000000000000e+00,1.000000000000000000e+00
7.370395713785846681e-01,6.699471618837979925e-01,-8.912614939464411079e-02,1.157442663310087327e-01,-6.561073784261495234e-01,7.409019864329798866e-01,1.434829414056946750e-01,-2.521752512133558222e-01,1.621597305030987590e-01,-4.727628140525447914e-02,9.856313585817233491e-01,1.658001853283221916e-01,0.000000000000000000e+00,0.000000000000000000e+00,0.000000000000000000e+00,1.000000000000000000e+00
7.372119641260577172e-01,6.698162472818879332e-01,-8.868322742553416682e-02,1.158421561072274231e-01,-6.561301331040062523e-01,7.410384436822742282e-01,1.426719082996796006e-01,-2.521137173817128430e-01,1.612816430419760361e-01,-4.699169992841101262e-02,9.857890300442173626e-01,1.658646692293275215e-01,0.000000000000000000e+00,0.000000000000000000e+00,0.000000000000000000e+00,1.000000000000000000e+00
7.371423049285102946e-01,6.699435260962514072e-01,-8.830002336582140621e-02,1.157940576047661596e-01,-6.563304547073025574e-01,7.409246470577134369e-01,1.423411451622773882e-01,-2.522866687017339959e-01,1.607841923461035549e-01,-4.697168534472981327e-02,9.858712412214319931e-01,1.656573102748497561e-01,0.000000000000000000e+00,0.000000000000000000e+00,0.000000000000000000e+00,1.000000000000000000e+00
7.371877356262792613e-01,6.698392770169001587e-01,-8.871068372905041577e-02,1.158281434687811196e-01,-6.562310044717725166e-01,7.410420586921092623e-01,1.421883821531458592e-01,-2.522110730570123471e-01,1.609817108002260522e-01,-4.660483038094915403e-02,9.858564188425186225e-01,1.657790152815035167e-01,0.000000000000000000e+00,0.000000000000000000e+00,0.000000000000000000e+00,1.000000000000000000e+00
7.371997410706534470e-01,6.699651309741031513e-01,-8.765423574599404133e-02,1.158828396658427295e-01,-6.563061330660538983e-01,7.408550313826347544e-01,1.428148527812090618e-01,-2.522349910562965425e-01,1.606200531230292938e-01,-4.775505998203719016e-02,9.858603617048751211e-01,1.657266052194339423e-01,0.000000000000000000e+00,0.000000000000000000e+00,0.000000000000000000e+00,1.000000000000000000e+00
7.371244487553624269e-01,6.699675472567802048e-01,-8.826682655356520024e-02,1.158259504944448570e-01,-6.563249899459090431e-01,7.408927205673149219e-01,1.425323969589544770e-01,-2.522872272218163459e-01,1.608883296563347054e-01,-4.713239048782384699e-02,9.858465819524343532e-01,1.655975469047337167e-01,0.000000000000000000e+00,0.000000000000000000e+00,0.000000000000000000e+00,1.000000000000000000e+00
7.370049264239397768e-01,6.699696349753154756e-01,-8.924363639994592479e-02,1.156772751227685692e-01,-6.562672178343635920e-01,7.409283457108400972e-01,1.426132017666732199e-01,-2.522092945410178144e-01,1.616696546133107315e-01,-4.653895930551540938e-02,9.857469492947834588e-01,1.658635765006606366e-01,0.000000000000000000e+00,0.000000000000000000e+00,0.000000000000000000e+00,1.000000000000000000e+00
7.372547498595364290e-01,6.699585218836956457e-01,-8.724111854490676499e-02,1.159082891322450459e-01,-6.564173124647223467e-01,7.408722062958560395e-01,1.422135219833258191e-01,-2.522756169450737218e-01,1.599116809559067987e-01,-4.758101400479660542e-02,9.859839255282674131e-01,1.655986298894334130e-01,0.000000000000000000e+00,0.000000000000000000e+00,0.000000000000000000e+00,1.000000000000000000e+00
7.371475490933624419e-01,6.698823904409642038e-01,-8.871907259856064154e-02,1.158477145961984422e-01,-6.563415522373278188e-01,7.410235471325380407e-01,1.417740082025145953e-01,-2.522762025712341760e-01,1.607148333923918981e-01,-4.627834884923043290e-02,9.859153395476941695e-01,1.656329699984842030e-01,0.000000000000000000e+00,0.000000000000000000e+00,0.000000000000000000e+00,1.000000000000000000e+00
7.371931342994679781e-01,6.698765604031157173e-01,-8.838368946936865644e-02,1.158123480613875711e-01,-6.563661415514384645e-01,7.410189123569943526e-01,1.416843666539625290e-01,-2.522868559506191155e-01,1.604050216377401750e-01,-4.643668110177964770e-02,9.859583478431773740e-01,1.656655944469676012e-01,0.000000000000000000e+00,0.000000000000000000e+00,0.000000000000000000e+00,1.000000000000000000e+00
7.372401467814286846e-01,6.698917032711507735e-01,-8.787531998333888983e-02,1.158710348662561895e-01,-6.564107125636421403e-01,7.409855538607659220e-01,1.416523399077674050e-01,-2.522979766662883927e-01,1.600060699017046839e-01,-4.674949045851371082e-02,9.860083887759172327e-01,1.655792560387006063e-01,0.000000000000000000e+00,0.000000000000000000e+00,0.000000000000000000e+00,1.000000000000000000e+00
7.372527736332732395e-01,6.698039181703998590e-01,-8.843675126114738938e-02,1.158750556558257039e-01,-6.560956524652457045e-01,7.410289997094882120e-01,1.428793771184593275e-01,-2.521287164773748923e-01,1.612353639442950792e-01,-4.731524905498941946e-02,9.857811240942966347e-01,1.657758399716906528e-01,0.000000000000000000e+00,0.000000000000000000e+00,0.000000000000000000e+00,1.000000000000000000e+00
7.371557020166791263e-01,6.698419819995661273e-01,-8.895611353465376903e-02,1.158177882704981565e-01,-6.561930864913533279e-01,7.410415971716622918e-01,1.423656717829953067e-01,-2.522323865115071451e-01,1.612826842077247913e-01,-4.657328002369032910e-02,9.858087164164184291e-01,1.657225328724996061e-01,0.000000000000000000e+00,0.000000000000000000e+00,0.000000000000000000e+00,1.000000000000000000e+00
7.370909708443825759e-01,6.699898821959066053e-01,-8.837679817011190320e-02,1.157607944131198718e-01,-6.561667130600424835e-01,7.408259011396134408e-01,1.436044180123284275e-01,-2.520860662833234733e-01,1.616853282510985479e-01,-4.785960672419661138e-02,9.856811414816354366e-01,1.659462885327158688e-01,0.000000000000000000e+00,0.000000000000000000e+00,0.000000000000000000e+00,1.000000000000000000e+00
7.371950865187634205e-01,6.698675568697091132e-01,-8.843563007069110693e-02,1.158807004243005423e-01,-6.562328442916273152e-01,7.409937234847275844e-01,1.424315829763889429e-01,-2.522506818186285860e-01,1.609405433242782624e-01,-4.696549807727167652e-02,9.858460242374770255e-01,1.656541971024294568e-01,0.000000000000000000e+00,0.000000000000000000e+00,0.000000000000000000e+00,1.000000000000000000e+00
7.371431182139911442e-01,6.699172498350582927e-01,-8.849238183700326721e-02,1.158462253732518710e-01,-6.563085644496635673e-01,7.409601839657716793e-01,1.422570701491900347e-01,-2.522611772537381447e-01,1.608697967294536180e-01,-4.678551218958530017e-02,9.858661290202551664e-01,1.656622788515946798e-01,0.000000000000000000e+00,0.000000000000000000e+00,0.000000000000000000e+00,1.000000000000000000e+00
7.371988306446835004e-01,6.698308265627330726e-01,-8.868228618160958754e-02,1.158280399739926858e-01,-6.562916586017035758e-01,7.410679762903950030e-01,1.417727525538088895e-01,-2.522821447272911577e-01,1.606833623806027400e-01,-4.631326271322648569e-02,9.859188296969073617e-01,1.656170821367661805e-01,0.000000000000000000e+00,0.000000000000000000e+00,0.000000000000000000e+00,1.000000000000000000e+00
7.371677198664597919e-01,6.699069978386485991e-01,-8.836496496742095308e-02,1.157939850810310312e-01,-6.562631936900035212e-01,7.409519080988334894e-01,1.425092645847803319e-01,-2.521862462600500399e-01,1.609421430038809331e-01,-4.706255551398359077e-02,9.858411345007935811e-01,1.658034495018658738e-01,0.000000000000000000e+00,0.000000000000000000e+00,0.000000000000000000e+00,1.000000000000000000e+00
7.372043134773300643e-01,6.699210342070834878e-01,-8.795230592389431667e-02,1.158701465732292768e-01,-6.565025726420846697e-01,7.409819047238557221e-01,1.412451379203236712e-01,-2.523854144663137400e-01,1.597941560406478390e-01,-4.638560982372273711e-02,9.860599387950707007e-01,1.654391563548580635e-01,0.000000000000000000e+00,0.000000000000000000e+00,0.000000000000000000e+00,1.000000000000000000e+00
7.371130961730516518e-01,6.699753337397033048e-01,-8.830252335324752233e-02,1.157879384607228557e-01,-6.562666764324546209e-01,7.408684028420404744e-01,1.429267612261049258e-01,-2.521617595784336752e-01,1.611779539964370289e-01,-4.740318397172570836e-02,9.857862878407597229e-01,1.658319390058295983e-01,0.000000000000000000e+00,0.000000000000000000e+00,0.000000000000000000e+00,1.000000000000000000e+00
7.371854513087181537e-01,6.698141318558658019e-01,-8.891928443782358416e-02,1.158375497960705824e-01,-6.561830464739059066e-01,7.410695194680494424e-01,1.422665696346774589e-01,-2.522254192716554821e-01,1.611875302217442574e-01,-4.652951838959204500e-02,9.858263457726452739e-01,1.657547271322263871e-01,0.000000000000000000e+00,0.000000000000000000e+00,0.000000000000000000e+00,1.000000000000000000e+00
7.372723212964623629e-01,6.698385319552767614e-01,-8.801059798754712338e-02,1.158943737883184610e-01,-6.563733524868268221e-01,7.410451580826200590e-01,1.415135888439991718e-01,-2.522264379387522126e-01,1.600110821016147988e-01,-4.656624088655174354e-02,9.860162467294166788e-01,1.656923821220568360e-01,0.000000000000000000e+00,0.000000000000000000e+00,0.000000000000000000e+00,1.000000000000000000e+00
7.371645839067310080e-01,6.698694594982853578e-01,-8.867515697810321451e-02,1.158127265009384343e-01,-6.561500704442714271e-01,7.409808388567256099e-01,1.428792549783241828e-01,-2.521321593336217637e-01,1.614170415092344435e-01,-4.714131604716079865e-02,9.857597247969445142e-01,1.658400269447368736e-01,0.000000000000000000e+00,0.000000000000000000e+00,0.000000000000000000e+00,1.000000000000000000e+00
7.371938509993483102e-01,6.698239176442771781e-01,-8.877581540275034100e-02,1.158457924382926274e-01,-6.562330136210979825e-01,7.410644065405791459e-01,1.420625819574984350e-01,-2.522333897768146982e-01,1.609455121540279976e-01,-4.647004099774166425e-02,9.858686917673904482e-01,1.656935545849886893e-01,0.000000000000000000e+00,0.000000000000000000e+00,0.000000000000000000e+00,1.000000000000000000e+00
7.371289448794852150e-01,6.699600880131222347e-01,-8.828589406188708244e-02,1.158095429026445022e-01,-6.562771905676527684e-01,7.408886228489557357e-01,1.427735888517444318e-01,-2.521626471920508372e-01,1.610626206215643175e-01,-4.730252638525511699e-02,9.858099731875746841e-01,1.658243453335932482e-01,0.000000000000000000e+00,0.000000000000000000e+00,0.000000000000000000e+00,1.000000000000000000e+00
7.371027376234078332e-01,6.699069331936989835e-01,-8.890587746088990384e-02,1.157624592621216419e-01,-6.562273754419206684e-01,7.409720013075072886e-01,1.425697197828348917e-01,-2.521746786341662605e-01,1.613852096961995164e-01,-4.674606012660892373e-02,9.857837592261059489e-01,1.658478584302598424e-01,0.000000000000000000e+00,0.000000000000000000e+00,0.000000000000000000e+00,1.000000000000000000e+00
7.370975103885444302e-01,6.699853757454813374e-01,-8.835641723268350400e-02,1.157775780405105315e-01,-6.561585106184574245e-01,7.408276492200289720e-01,1.436328760907249480e-01,-2.521026403697952389e-01,1.616888033290414528e-01,-4.789562024143902141e-02,9.856788221523836713e-01,1.659547071454283707e-01,0.000000000000000000e+00,0.000000000000000000e+00,0.000000000000000000e+00,1.000000000000000000e+00
7.371061618039180807e-01,6.699391583616932655e-01,-8.863425028916455117e-02,1.158120195414874265e-01,-6.562165714546323025e-01,7.409154378287465814e-01,1.429129991825945634e-01,-2.521994254341533015e-01,1.614134987509517893e-01,-4.717878846116144859e-02,9.857585121825291896e-01,1.657642108827708238e-01,0.000000000000000000e+00,0.000000000000000000e+00,0.000000000000000000e+00,1.000000000000000000e+00
7.371867399087123074e-01,6.698210224550936731e-01,-8.885667324392498845e-02,1.158444083338663055e-01,-6.560706871197946599e-01,7.410252634963272467e-01,1.430133293170942066e-01,-2.520328389149618098e-01,1.616383741718696032e-01,-4.713127133243881495e-02,9.857239366362485766e-01,1.660171970547419384e-01,0.000000000000000000e+00,0.000000000000000000e+00,0.000000000000000000e+00,1.000000000000000000e+00
7.370783602989383620e-01,6.699475366481965066e-01,-8.880196460687911353e-02,1.156640361066633149e-01,-6.564427517975791604e-01,7.409803685970481890e-01,1.415309399608589980e-01,-2.522874304268404311e-01,1.606188170528286274e-01,-4.602598714634648785e-02,9.859427996165670560e-01,1.657115916719249515e-01,0.000000000000000000e+00,0.000000000000000000e+00,0.000000000000000000e+00,1.000000000000000000e+00
7.371662249174821824e-01,6.699344865003827865e-01,-8.816881896893333237e-02,1.158099001303586340e-01,-6.562264662573761287e-01,7.408973790048444252e-01,1.429611792309676277e-01,-2.521341417502736548e-01,1.610986710816227907e-01,-4.752744029737453885e-02,9.857932646323541714e-01,1.659109916444054811e-01,0.000000000000000000e+00,0.000000000000000000e+00,0.000000000000000000e+00,1.000000000000000000e+00
7.371786626353714622e-01,6.699403163660292426e-01,-8.802040594379241523e-02,1.158142248781450778e-01,-6.562936957177668562e-01,7.409018076040131406e-01,1.426292271949240742e-01,-2.522637157066242586e-01,1.607675474598044829e-01,-4.737598544084106744e-02,9.858546098118469159e-01,1.656839088575032815e-01,0.000000000000000000e+00,0.000000000000000000e+00,0.000000000000000000e+00,1.000000000000000000e+00
7.371060723973287265e-01,6.699710301633021725e-01,-8.839375983013922355e-02,1.157870089213055564e-01,-6.563043967042168081e-01,7.408897541216133975e-01,1.426425991922813385e-01,-2.522296504555654462e-01,1.610564401124604805e-01,-4.712951282943189657e-02,9.858192695006333661e-01,1.657777628915777512e-01,0.000000000000000000e+00,0.000000000000000000e+00,0.000000000000000000e+00,1.000000000000000000e+00
7.371894260000937393e-01,6.699087575064972544e-01,-8.817032839767170727e-02,1.158634930137304453e-01,-6.563404450174321614e-01,7.409614206406101022e-01,1.421034600443208396e-01,-2.522591164040696166e-01,1.605271641435531138e-01,-4.688741556483914247e-02,9.859171363931549248e-01,1.656433280924949347e-01,0.000000000000000000e+00,0.000000000000000000e+00,0.000000000000000000e+00,1.000000000000000000e+00
7.370744939039939325e-01,6.699220689996900902e-01,-8.902590579907565527e-02,1.157223222193660972e-01,-6.563986049361434372e-01,7.410100472226317514e-01,1.415803000173324611e-01,-2.523590049655172751e-01,1.608168581774188088e-01,-4.591874761236115765e-02,9.859155170417273073e-01,1.656006061306152244e-01,0.000000000000000000e+00,0.000000000000000000e+00,0.000000000000000000e+00,1.000000000000000000e+00
7.372472057656163091e-01,6.698594540381890283e-01,-8.806173644921305721e-02,1.158826058265566838e-01,-6.563210970186079685e-01,7.410080277356956291e-01,1.419497109526671186e-01,-2.522585093191543892e-01,1.603408095248443077e-01,-4.685525228737967562e-02,9.859489896206617976e-01,1.656207600951538073e-01,0.000000000000000000e+00,0.000000000000000000e+00,0.000000000000000000e+00,1.000000000000000000e+00
7.372203161342528732e-01,6.698408249061279518e-01,-8.842779409207737751e-02,1.158725622205534767e-01,-6.562034657934693316e-01,7.410163444375390540e-01,1.424492497595765406e-01,-2.522145526004441751e-01,1.609447636910003310e-01,-4.698985598514970885e-02,9.858441745402483081e-01,1.656901948689073478e-01,0.000000000000000000e+00,0.000000000000000000e+00,0.000000000000000000e+00,1.000000000000000000e+00
7.370612373225545744e-01,6.699359524817791733e-01,-8.903118559738665283e-02,1.157267595012182460e-01,-6.562614298397237977e-01,7.409545837927170586e-01,1.425034752603700494e-01,-2.522182591834217780e-01,1.614362664994034580e-01,-4.660605463770559065e-02,9.857820284068080641e-01,1.657846943961449604e-01,0.000000000000000000e+00,0.000000000000000000e+00,0.000000000000000000e+00,1.000000000000000000e+00
