T00,T01,T02,T03,T10,T11,T12,T13,T20,T21,T22,T23,T30,T31,T32,T33
9.630460632731470128e-01,1.085592203582391030e-01,2.464897070656408284e-01,-1.096148757934570367e-01,1.115155678152999069e-01,-9.937607208992353947e-01,1.976798589559953037e-03,-1.444563598632812584e-01,2.451663887014804422e-01,2.558369154449225552e-02,-9.691433931973281179e-01,1.933297241210937489e+00,0.000000000000000000e+00,0.000000000000000000e+00,0.000000000000000000e+00,1.000000000000000000e+00
9.629807802949549300e-01,1.086053388462762115e-01,2.467243343422077240e-01,-1.096130828857421885e-01,1.114298012888738920e-01,-9.937690906195985052e-01,2.528618954790185988e-03,-1.444608001708984346e-01,2.454616388913796465e-01,2.505743209472942323e-02,-9.690824056444201640e-01,1.933297973632812639e+00,0.000000000000000000e+00,0.000000000000000000e+00,0.000000000000000000e+00,1.000000000000000000e+00
9.629817283942330164e-01,1.086651924448382017e-01,2.466942778618556320e-01,-1.096086273193359467e-01,1.114550968458994235e-01,-9.937658856059703449e-01,2.669455534942523703e-03,-1.444582977294922022e-01,2.454464344127396946e-01,2.492469772551183377e-02,-9.690896796877805919e-01,1.933285156249999970e+00,0.000000000000000000e+00,0.000000000000000000e+00,0.000000000000000000e+00,1.000000000000000000e+00
9.630165334137515964e-01,1.088503656758523369e-01,2.464766809740713271e-01,-1.096166610717773521e-01,1.114491778840410868e-01,-9.937642324337715438e-01,3.425067048779924933e-03,-1.444599609374999927e-01,2.453125294817455337e-01,2.417122726612160738e-02,-9.691426699158990354e-01,1.933298706054687566e+00,0.000000000000000000e+00,0.000000000000000000e+00,0.000000000000000000e+00,1.000000000000000000e+00
9.630980804039103171e-01,1.085164691522776947e-01,2.463052241529316566e-01,-1.096181869506835938e-01,1.114878863926337116e-01,-9.937639920120843184e-01,1.891921750306032116e-03,-1.444442138671875042e-01,2.449745674759042369e-01,2.563794264228008019e-02,-9.691904648659440680e-01,1.933310546875000036e+00,0.000000000000000000e+00,0.000000000000000000e+00,0.000000000000000000e+00,1.000000000000000000e+00
9.629399721323594896e-01,1.089730116431010393e-01,2.467214883287704164e-01,-1.096143035888671874e-01,1.114881773017490779e-01,-9.937585121013021716e-01,3.795516847581191511e-03,-1.444539794921874953e-01,2.455951880466406834e-01,2.385167414751163117e-02,-9.690789963922945560e-01,1.933297607421875064e+00,0.000000000000000000e+00,0.000000000000000000e+00,0.000000000000000000e+00,1.000000000000000000e+00
9.630475047360906871e-01,1.086429710582389047e-01,2.464471717452399180e-01,-1.096116333007812471e-01,1.114644414852393045e-01,-9.937652379397248215e-01,2.515978335708754510e-03,-1.444641265869140712e-01,2.451839756304901308e-01,2.504708969602563451e-02,-9.691529607816231628e-01,1.933287841796875073e+00,0.000000000000000000e+00,0.000000000000000000e+00,0.000000000000000000e+00,1.000000000000000000e+00
9.629840005346276266e-01,1.090114508608162752e-01,2.465325907370968794e-01,-1.096061401367187521e-01,1.114447022348748900e-01,-9.937621587730957051e-01,4.104891523170060494e-03,-1.444530944824218843e-01,2.454422397593885030e-01,2.352180630514504739e-02,-9.691258079166186201e-01,1.933238525390625018e+00,0.000000000000000000e+00,0.000000000000000000e+00,0.000000000000000000e+00,1.000000000000000000e+00
9.631285993944914692e-01,1.088831427733774754e-01,2.460239058469677609e-01,-1.096177139282226570e-01,1.115154986524442421e-01,-9.937573792783939153e-01,3.250336910988228800e-03,-1.444768981933593766e-01,2.448419788122577212e-01,2.430498610430628648e-02,-9.692583108035585093e-01,1.933319458007812575e+00,0.000000000000000000e+00,0.000000000000000000e+00,0.000000000000000000e+00,1.000000000000000000e+00
9.630867764541800602e-01,1.088730233771433575e-01,2.461920506430222144e-01,-1.096154022216796892e-01,1.115190303190508325e-01,-9.937571067153633253e-01,3.212277915911073908e-03,-1.444579772949218799e-01,2.450048303519647697e-01,2.436139637685874604e-02,-9.692157424798540921e-01,1.933333740234375098e+00,0.000000000000000000e+00,0.000000000000000000e+00,0.000000000000000000e+00,1.000000000000000000e+00
9.633078919377263682e-01,1.089709254344060213e-01,2.452819657872617465e-01,-1.096138305664062507e-01,1.115220492467107610e-01,-9.937557685002321728e-01,3.507863213929384577e-03,-1.444641571044922024e-01,2.441326235108871034e-01,2.397519515004081087e-02,-9.694454353676690284e-01,1.933300781250000044e+00,0.000000000000000000e+00,0.000000000000000000e+00,0.000000000000000000e+00,1.000000000000000000e+00
9.629734117380535086e-01,1.087127375694015297e-01,2.467057943700149969e-01,-1.096112899780273403e-01,1.114114914351465313e-01,-9.937697214269325396e-01,3.036503125872506287e-03,-1.444663238525390747e-01,2.454988551129514973e-01,2.456178872158122639e-02,-9.690856673550729550e-01,1.933287231445312448e+00,0.000000000000000000e+00,0.000000000000000000e+00,0.000000000000000000e+00,1.000000000000000000e+00
9.629957942510674052e-01,1.088360248383370421e-01,2.465640280984727761e-01,-1.096121063232421838e-01,1.114646806145470626e-01,-9.937628693696940463e-01,3.314277841305545216e-03,-1.444653472900390700e-01,2.453868888719456520e-01,2.429154502087572942e-02,-9.691208364338506076e-01,1.933326293945312635e+00,0.000000000000000000e+00,0.000000000000000000e+00,0.000000000000000000e+00,1.000000000000000000e+00
9.630529147751812902e-01,1.087727258406628039e-01,2.463687834451024627e-01,-1.096165237426757894e-01,1.114066395901253392e-01,-9.937695390569117881e-01,3.265562409371815591e-03,-1.444802398681640787e-01,2.451889964869216898e-01,2.430220886680037329e-02,-9.691706550685131871e-01,1.933293334960937582e+00,0.000000000000000000e+00,0.000000000000000000e+00,0.000000000000000000e+00,1.000000000000000000e+00
9.629857314036797122e-01,1.085138466328661733e-01,2.467452658144810573e-01,-1.096210021972656296e-01,1.114834158167600231e-01,-9.937643883937584688e-01,1.946370521419618638e-03,-1.444544525146484459e-01,2.454178663234351798e-01,2.563367802946094065e-02,-9.690784206863417571e-01,1.933335449218750002e+00,0.000000000000000000e+00,0.000000000000000000e+00,0.000000000000000000e+00,1.000000000000000000e+00
9.629982023711061156e-01,1.085173545348512014e-01,2.466950465550039606e-01,-1.096199264526367262e-01,1.114702087954940746e-01,-9.937657484717781209e-01,2.007415107950473454e-03,-1.444468994140624962e-01,2.453749269609817318e-01,2.556601120793151535e-02,-9.690910815242335108e-01,1.933328735351562466e+00,0.000000000000000000e+00,0.000000000000000000e+00,0.000000000000000000e+00,1.000000000000000000e+00
9.630686091201494659e-01,1.089436274121012294e-01,2.462318829349156579e-01,-1.096208572387695340e-01,1.114656604387256611e-01,-9.937613401812555036e-01,3.715548965348607416e-03,-1.444526519775390649e-01,2.451005113628681453e-01,2.386807087823526741e-02,-9.692038250658177034e-01,1.933326782226562512e+00,0.000000000000000000e+00,0.000000000000000000e+00,0.000000000000000000e+00,1.000000000000000000e+00
9.629856851785834060e-01,1.086736261484400196e-01,2.466751165417445935e-01,-1.096287002563476609e-01,1.114330939175310203e-01,-9.937680256399117340e-01,2.788690681760229786e-03,-1.444393157958984431e-01,2.454409006687779116e-01,2.480230222178812782e-02,-9.690942214683762046e-01,1.933345703125000092e+00,0.000000000000000000e+00,0.000000000000000000e+00,0.000000000000000000e+00,1.000000000000000000e+00
9.631905046152283711e-01,1.088334759065710255e-01,2.458034302876101196e-01,-1.096323547363281248e-01,1.114985132628232845e-01,-9.937597904461695775e-01,3.091994916777614580e-03,-1.444812011718749900e-01,2.446060779278434183e-01,2.442853688781180393e-02,-9.693147647829775115e-01,1.933355834960937436e+00,0.000000000000000000e+00,0.000000000000000000e+00,0.000000000000000000e+00,1.000000000000000000e+00
9.630215144184528508e-01,1.088455827703136425e-01,2.464593310844217511e-01,-1.096316223144531282e-01,1.114755653678108360e-01,-9.937616974596183983e-01,3.299543620717337172e-03,-1.444772338867187644e-01,2.452809839614900622e-01,2.429666177829542875e-02,-9.691475177357236070e-01,1.933359497070312516e+00,0.000000000000000000e+00,0.000000000000000000e+00,0.000000000000000000e+00,1.000000000000000000e+00
9.631650438411415438e-01,1.088892045666695202e-01,2.458785054683108873e-01,-1.096294326782226575e-01,1.115028711734767225e-01,-9.937585984873010814e-01,3.310234527436332896e-03,-1.444770812988281361e-01,2.447043277969624120e-01,2.422785713581738012e-02,-9.692950030285122365e-01,1.933363891601562523e+00,0.000000000000000000e+00,0.000000000000000000e+00,0.000000000000000000e+00,1.000000000000000000e+00
9.632794044247139365e-01,1.089697896306376229e-01,2.453943234042366972e-01,-1.096334915161132767e-01,1.115404117468336426e-01,-9.937539389479794760e-01,3.441710726169760343e-03,-1.444375610351562589e-01,2.442366179722347541e-01,2.405605481433725767e-02,-9.694172376578902295e-01,1.933374877929687541e+00,0.000000000000000000e+00,0.000000000000000000e+00,0.000000000000000000e+00,1.000000000000000000e+00
9.630229232427145458e-01,1.086698764059008532e-01,2.465313514970929876e-01,-1.096273345947265665e-01,1.114586873960864838e-01,-9.937655155139348828e-01,2.657287953002069117e-03,-1.444517669677734539e-01,2.452831227642832679e-01,2.491903162745149475e-02,-9.691311735517293968e-01,1.933325195312500133e+00,0.000000000000000000e+00,0.000000000000000000e+00,0.000000000000000000e+00,1.000000000000000000e+00
9.632400438421007127e-01,1.085947778330969560e-01,2.457148594742455672e-01,-1.096246795654296918e-01,1.114862641662215936e-01,-9.937636384055972272e-01,2.154967547081160575e-03,-1.444450378417968806e-01,2.444165109834590954e-01,2.531808069838299702e-02,-9.693397567150656702e-01,1.933330810546874945e+00,0.000000000000000000e+00,0.000000000000000000e+00,0.000000000000000000e+00,1.000000000000000000e+00
9.631892326040567553e-01,1.085776515806504694e-01,2.459215236062907428e-01,-1.096296081542968842e-01,1.115314682609066799e-01,-9.937590325528431467e-01,1.927902280645892377e-03,-1.444551391601562595e-01,2.445960624850181675e-01,2.557105388653790196e-02,-9.692878248590337531e-01,1.933342895507812464e+00,0.000000000000000000e+00,0.000000000000000000e+00,0.000000000000000000e+00,1.000000000000000000e+00
9.630680846399726214e-01,1.084131640920468903e-01,2.464679496393917257e-01,-1.096264801025390589e-01,1.114650351483936069e-01,-9.937671028372452309e-01,1.578371893996073638e-03,-1.444852447509765714e-01,2.451028565465164233e-01,2.595247907270693127e-02,-9.691496574537490361e-01,1.933375488281249943e+00,0.000000000000000000e+00,0.000000000000000000e+00,0.000000000000000000e+00,1.000000000000000000e+00
9.632035658174080694e-01,1.086934349853091869e-01,2.458142143728161699e-01,-1.096214904785156319e-01,1.114403826910379675e-01,-9.937673136536575580e-01,2.750894267038974522e-03,-1.444570770263672033e-01,2.445811356223236144e-01,2.474395895340486540e-02,-9.693130580947557640e-01,1.933336303710937454e+00,0.000000000000000000e+00,0.000000000000000000e+00,0.000000000000000000e+00,1.000000000000000000e+00
9.631143431655347920e-01,1.086207859660788810e-01,2.461956271848305677e-01,-1.096221389770507815e-01,1.115598532107263674e-01,-9.937556609378540573e-01,2.021263359986860339e-03,-1.444725341796875007e-01,2.448778494278769924e-01,2.551884029654410274e-02,-9.692180495892025460e-01,1.933331054687499995e+00,0.000000000000000000e+00,0.000000000000000000e+00,0.000000000000000000e+00,1.000000000000000000e+00
9.631143946472625617e-01,1.086974224454430871e-01,2.461615997204968931e-01,-1.096239013671874984e-01,1.114463076720294266e-01,-9.937665683071198464e-01,2.779967870679658087e-03,-1.444426879882812487e-01,2.449293435452530865e-01,2.475637430658097007e-02,-9.692248132408106676e-01,1.933306396484375078e+00,0.000000000000000000e+00,0.000000000000000000e+00,0.000000000000000000e+00,1.000000000000000000e+00
9.631057979091544041e-01,1.086684763065947218e-01,2.462080102087956246e-01,-1.096220474243164017e-01,1.114360014469538279e-01,-9.937679243616570623e-01,2.707414160932826094e-03,-1.444412841796874902e-01,2.449678338380079090e-01,2.482890990614321225e-02,-9.692132302117977272e-01,1.933308349609375032e+00,0.000000000000000000e+00,0.000000000000000000e+00,0.000000000000000000e+00,1.000000000000000000e+00
9.631124549712332117e-01,1.086914776303599811e-01,2.461718135161162224e-01,-1.096168670654296962e-01,1.114221205237997253e-01,-9.937690750299409403e-01,2.852467723876941919e-03,-1.444758453369140716e-01,2.449479743481549621e-01,2.468173828288572000e-02,-9.692220084470178909e-01,1.933337280273437431e+00,0.000000000000000000e+00,0.000000000000000000e+00,0.000000000000000000e+00,1.000000000000000000e+00
9.631432409840564590e-01,1.087678009530195500e-01,2.460176067328765925e-01,-1.096171951293945374e-01,1.114628988671312881e-01,-9.937641075011794944e-01,2.986773931892967165e-03,-1.444612426757812540e-01,2.448083322169889997e-01,2.454514449395021197e-02,-9.692607576699406868e-01,1.933329223632812566e+00,0.000000000000000000e+00,0.000000000000000000e+00,0.000000000000000000e+00,1.000000000000000000e+00
9.629878537421863172e-01,1.087369633785443546e-01,2.466387364957715322e-01,-1.096260681152343708e-01,1.114038469226672767e-01,-9.937701982493021280e-01,3.158474690994209425e-03,-1.444590911865234473e-01,2.454456690101669836e-01,2.443493128199547559e-02,-9.691023463481014399e-01,1.933349487304687475e+00,0.000000000000000000e+00,0.000000000000000000e+00,0.000000000000000000e+00,1.000000000000000000e+00
9.632419524653602627e-01,1.088577158258871302e-01,2.455909988494927865e-01,-1.096227035522460980e-01,1.115197896404967470e-01,-9.937574250870578885e-01,3.084899168549105550e-03,-1.444562988281249960e-01,2.443936937182719371e-01,2.441675223102290210e-02,-9.693686319874542656e-01,1.933339111328125082e+00,0.000000000000000000e+00,0.000000000000000000e+00,0.000000000000000000e+00,1.000000000000000000e+00
9.630727204060277602e-01,1.086275151385403953e-01,2.463554305562590530e-01,-1.096198730468749966e-01,1.114522867243506327e-01,-9.937666633509868452e-01,2.491304108285031724e-03,-1.444509124755859464e-01,2.450904383970266831e-01,2.505756905753225156e-02,-9.691763488856300901e-01,1.933337768554687530e+00,0.000000000000000000e+00,0.000000000000000000e+00,0.000000000000000000e+00,1.000000000000000000e+00
9.630543396902159214e-01,1.089661204332748046e-01,2.462777363091588900e-01,-1.096214981079101647e-01,1.113387243884598199e-01,-9.937731534980539516e-01,4.313680341009441463e-03,-1.444721984863281405e-01,2.452142476598640486e-01,2.326594043349370505e-02,-9.691896969945318352e-01,1.933325927734375060e+00,0.000000000000000000e+00,0.000000000000000000e+00,0.000000000000000000e+00,1.000000000000000000e+00
9.632200994962532015e-01,1.087520866035957406e-01,2.457234697496204212e-01,-1.096283874511718714e-01,1.115512232367059237e-01,-9.937554344502401715e-01,2.541868409127751721e-03,-1.444632568359374980e-01,2.444654669290188542e-01,2.496237488659144160e-02,-9.693366367362776792e-01,1.933349975585937575e+00,0.000000000000000000e+00,0.000000000000000000e+00,0.000000000000000000e+00,1.000000000000000000e+00
9.630106855733235882e-01,1.087481035160257625e-01,2.465446601597067466e-01,-1.096295700073242202e-01,1.114697353080474351e-01,-9.937634980475884561e-01,2.933949313600116293e-03,-1.444792785644531397e-01,2.453261453289302396e-01,2.465684346968758170e-02,-9.691269898667358440e-01,1.933351318359375126e+00,0.000000000000000000e+00,0.000000000000000000e+00,0.000000000000000000e+00,1.000000000000000000e+00
9.630893022406737947e-01,1.085533224627668186e-01,2.463233080564378175e-01,-1.096302108764648509e-01,1.114530331563434312e-01,-9.937673065367121916e-01,2.182168421359192284e-03,-1.444556121826171824e-01,2.450249320167708911e-01,2.535185675769590155e-02,-9.691852588897099663e-01,1.933356933593749938e+00,0.000000000000000000e+00,0.000000000000000000e+00,0.000000000000000000e+00,1.000000000000000000e+00
9.630464318439734273e-01,1.085407510163076822e-01,2.464964005445253459e-01,-1.096201934814453188e-01,1.114400802544249086e-01,-9.937687185787987820e-01,2.200565186462430378e-03,-1.444784698486328289e-01,2.451992631014181800e-01,2.535033220824605554e-02,-9.691412085096028362e-01,1.933344360351562541e+00,0.000000000000000000e+00,0.000000000000000000e+00,0.000000000000000000e+00,1.000000000000000000e+00
9.634623941062313568e-01,1.088084415335582172e-01,2.447466816815455359e-01,-1.096238784790039139e-01,1.115935149230985052e-01,-9.937507877605590290e-01,2.501849791087222205e-03,-1.444520721435546828e-01,2.434894300995378569e-01,2.490170428519331708e-02,-9.695838295647755123e-01,1.933335693359375052e+00,0.000000000000000000e+00,0.000000000000000000e+00,0.000000000000000000e+00,1.000000000000000000e+00
9.632025284489587058e-01,1.087560305310570491e-01,2.457905917903711046e-01,-1.096212387084960910e-01,1.114899050422582943e-01,-9.937615989567960550e-01,2.808115471273074301e-03,-1.444454650878906343e-01,2.445626509980649010e-01,2.469838581688207912e-02,-9.693188843073465844e-01,1.933284545898437568e+00,0.000000000000000000e+00,0.000000000000000000e+00,0.000000000000000000e+00,1.000000000000000000e+00
9.634234921681479324e-01,1.086952163222176665e-01,2.449500452892322266e-01,-1.096146774291992254e-01,1.115728541563662385e-01,-9.937539510065787063e-01,2.140811578971299131e-03,-1.444649505615234475e-01,2.436527712830962866e-01,2.526726751116427361e-02,-9.695333373528660648e-01,1.933246582031250105e+00,0.000000000000000000e+00,0.000000000000000000e+00,0.000000000000000000e+00,1.000000000000000000e+00
9.630269749687053737e-01,1.088680451216383072e-01,2.464280711161322690e-01,-1.096124649047851562e-01,1.115003855701743873e-01,-9.937589450253027090e-01,3.289863203835069125e-03,-1.444594879150390698e-01,2.452482609527069923e-01,2.430859793551296000e-02,-9.691554996831429625e-01,1.933238647460937543e+00,0.000000000000000000e+00,0.000000000000000000e+00,0.000000000000000000e+00,1.000000000000000000e+00
9.632376630129425576e-01,1.088887581291648338e-01,2.455940612198372064e-01,-1.096109771728515647e-01,1.114494224075576884e-01,-9.937639745088265864e-01,3.491305406621639240e-03,-1.444789733886718830e-01,2.444426943035661604e-01,2.400835940893854270e-02,-9.693664775925071586e-01,1.933282592773437614e+00,0.000000000000000000e+00,0.000000000000000000e+00,0.000000000000000000e+00,1.000000000000000000e+00
9.631428894693103704e-01,1.082663928783372670e-01,2.462400508402745603e-01,-1.096148910522461023e-01,1.115144558985620565e-01,-9.937625224763333431e-01,7.583186155701408804e-04,-1.444574890136718914e-01,2.447862344788920841e-01,2.672895610734888489e-02,-9.692085752380941166e-01,1.933297119140624964e+00,0.000000000000000000e+00,0.000000000000000000e+00,0.000000000000000000e+00,1.000000000000000000e+00
9.629909577541470034e-01,1.085661955600244893e-01,2.467018371747019823e-01,-1.096142959594726546e-01,1.114671141900053924e-01,-9.937656447462183129e-01,2.219408994671713889e-03,-1.444636840820312518e-01,2.454047630709374761e-01,2.536187106180954470e-02,-9.690888905349918092e-01,1.933197753906250149e+00,0.000000000000000000e+00,0.000000000000000000e+00,0.000000000000000000e+00,1.000000000000000000e+00
9.629617254751866584e-01,1.085905907205015619e-01,2.468051840558137533e-01,-1.096161270141601529e-01,1.114107814290639653e-01,-9.937711629976281325e-01,2.552131600685951518e-03,-1.444384918212890667e-01,2.455450122711045902e-01,2.503915336656586943e-02,-9.690617564156936981e-01,1.933261718750000080e+00,0.000000000000000000e+00,0.000000000000000000e+00,0.000000000000000000e+00,1.000000000000000000e+00
9.631693192338264264e-01,1.088650756112840567e-01,2.458724421296469287e-01,-1.096217193603515605e-01,1.114557097063074154e-01,-9.937635934353126199e-01,3.397813473089652050e-03,-1.444519348144531201e-01,2.447089848381348576e-01,2.413121784502351291e-02,-9.692962380329377403e-01,1.933308105468749982e+00,0.000000000000000000e+00,0.000000000000000000e+00,0.000000000000000000e+00,1.000000000000000000e+00
9.630130876206759449e-01,1.084701408203883888e-01,2.466577013224956205e-01,-1.096121978759765636e-01,1.114440036847147431e-01,-9.937688709661471886e-01,1.914455899237639883e-03,-1.444750671386718643e-01,2.453284066593463819e-01,2.564487568840901482e-02,-9.691007755836915649e-01,1.933302734374999998e+00,0.000000000000000000e+00,0.000000000000000000e+00,0.000000000000000000e+00,1.000000000000000000e+00
9.632997889657223256e-01,1.086243675151922355e-01,2.454674384934178444e-01,-1.096317138671875080e-01,1.115363006065574619e-01,-9.937582436605653102e-01,2.051049407665239341e-03,-1.444638214111328145e-01,2.441580844977267462e-01,2.540275454736130867e-02,-9.694026665095408779e-01,1.933371704101562560e+00,0.000000000000000000e+00,0.000000000000000000e+00,0.000000000000000000e+00,1.000000000000000000e+00
9.630192068184673104e-01,1.087831406506931942e-01,2.464959139801345955e-01,-1.096260070800781222e-01,1.114101568473030435e-01,-9.937690073025133852e-01,3.307125071225092833e-03,-1.444753570556640554e-01,2.453197591919365483e-01,2.427732347580545402e-02,-9.691381879354779016e-01,1.933317626953125146e+00,0.000000000000000000e+00,0.000000000000000000e+00,0.000000000000000000e+00,1.000000000000000000e+00
9.630645144261450463e-01,1.088570451077686685e-01,2.462861847191981923e-01,-1.096238861083984467e-01,1.113910299722840613e-01,-9.937699039714423810e-01,3.662840742386153092e-03,-1.444422149658203258e-01,2.451505241578069982e-01,2.390651984282927273e-02,-9.691902283938674811e-01,1.933309082031249959e+00,0.000000000000000000e+00,0.000000000000000000e+00,0.000000000000000000e+00,1.000000000000000000e+00
9.632613158594188763e-01,1.086624597989371555e-01,2.456015211663510611e-01,-1.096273956298828151e-01,1.114464234252490193e-01,-9.937670999114341930e-01,2.577952547665254834e-03,-1.444466400146484364e-01,2.443508380883956110e-01,2.488816915850323996e-02,-9.693674468236678221e-01,1.933343261718750039e+00,0.000000000000000000e+00,0.000000000000000000e+00,0.000000000000000000e+00,1.000000000000000000e+00
9.631120922589566646e-01,1.085477758950582905e-01,2.462366302823598141e-01,-1.096243362426757850e-01,1.115076814581097697e-01,-9.937616900292385314e-01,1.934012944283384702e-03,-1.444382324218750069e-01,2.449104626601568691e-01,2.559460447961904583e-02,-9.692078113083488766e-01,1.933321899414062628e+00,0.000000000000000000e+00,0.000000000000000000e+00,0.000000000000000000e+00,1.000000000000000000e+00
9.630955999797197187e-01,1.087692730338993552e-01,2.462033926317443999e-01,-1.096223983764648413e-01,1.114774089905301580e-01,-9.937625761033919147e-01,2.954593222156810459e-03,-1.444404296875000104e-01,2.449890866640020426e-01,2.460056056327592638e-02,-9.692136812052907224e-01,1.933299926757812592e+00,0.000000000000000000e+00,0.000000000000000000e+00,0.000000000000000000e+00,1.000000000000000000e+00
9.631199712183703410e-01,1.089306400773184524e-01,2.460366572132527685e-01,-1.096223907470703085e-01,1.114121815059226084e-01,-9.937668078356930446e-01,3.854537086128401180e-03,-1.444649963378906166e-01,2.449229406413725163e-01,2.369909906310125117e-02,-9.692528596043347155e-01,1.933312377929687464e+00,0.000000000000000000e+00,0.000000000000000000e+00,0.000000000000000000e+00,1.000000000000000000e+00
9.630159602432123434e-01,1.087139866737515809e-01,2.465391032236942115e-01,-1.096165237426757894e-01,1.113530917482156019e-01,-9.937755750319393622e-01,3.255061912168811036e-03,-1.444582061767578085e-01,2.453584098313270623e-01,2.431821480779245565e-02,-9.691273781880299643e-01,1.933287231445312448e+00,0.000000000000000000e+00,0.000000000000000000e+00,0.000000000000000000e+00,1.000000000000000000e+00
9.630160988799912891e-01,1.087720162307779653e-01,2.465129647362477305e-01,-1.096229934692382890e-01,1.113808839287320634e-01,-9.937720463093430157e-01,3.379152171131787410e-03,-1.444527740478515621e-01,2.453452506025283752e-01,2.420265397085043929e-02,-9.691336025273037391e-01,1.933326416015624938e+00,0.000000000000000000e+00,0.000000000000000000e+00,0.000000000000000000e+00,1.000000000000000000e+00
9.631293337854204273e-01,1.087499111883947350e-01,2.460799528985831708e-01,-1.096256408691406309e-01,1.114510366843505934e-01,-9.937654968188810445e-01,2.967112115598300945e-03,-1.444622039794921931e-01,2.448684398284846353e-01,2.456815314262041083e-02,-9.692449912313837457e-01,1.933354370117187582e+00,0.000000000000000000e+00,0.000000000000000000e+00,0.000000000000000000e+00,1.000000000000000000e+00
9.631094062853213789e-01,1.086326714100166874e-01,2.462096956398333591e-01,-1.096224975585937539e-01,1.114647882198917944e-01,-9.937653700334985185e-01,2.447510833225353261e-03,-1.444650268554687478e-01,2.449405489334722241e-01,2.508649087671347908e-02,-9.692134932323539509e-01,1.933337158203125128e+00,0.000000000000000000e+00,0.000000000000000000e+00,0.000000000000000000e+00,1.000000000000000000e+00
9.632760513930433977e-01,1.085641967473243569e-01,2.455871820703098285e-01,-1.096216812133789104e-01,1.114994838265978422e-01,-9.937625516846244622e-01,1.963663837418614527e-03,-1.444694366455078205e-01,2.442685283024186860e-01,2.549129368769633558e-02,-9.693725187084161199e-01,1.933351196289062601e+00,0.000000000000000000e+00,0.000000000000000000e+00,0.000000000000000000e+00,1.000000000000000000e+00
9.631068449550553856e-01,1.085143126357774462e-01,2.462719008614339122e-01,-1.096191024780273499e-01,1.114979833876592469e-01,-9.937629575003240623e-01,1.839565354880688675e-03,-1.444438171386718817e-01,2.449355117193185993e-01,2.568712232606765178e-02,-9.691990336589287880e-01,1.933310791015625085e+00,0.000000000000000000e+00,0.000000000000000000e+00,0.000000000000000000e+00,1.000000000000000000e+00
9.630745108190538195e-01,1.084632579031905297e-01,2.464207951770024385e-01,-1.096220550537109345e-01,1.115696042477564154e-01,-9.937556856185386644e-01,1.364078013710572079e-03,-1.444586486816406279e-01,2.450300186071886488e-01,2.617936183054226512e-02,-9.691619735604087849e-01,1.933326416015624938e+00,0.000000000000000000e+00,0.000000000000000000e+00,0.000000000000000000e+00,1.000000000000000000e+00
9.632173349766497417e-01,1.086884855431514696e-01,2.457624436540639667e-01,-1.096144485473632829e-01,1.114917904769722745e-01,-9.937621561174276863e-01,2.521452970121291007e-03,-1.444755401611328149e-01,2.445034688030411907e-01,2.497178766483841572e-02,-9.693268094735143503e-01,1.933311767578125062e+00,0.000000000000000000e+00,0.000000000000000000e+00,0.000000000000000000e+00,1.000000000000000000e+00
9.632025414893912174e-01,1.086374755485147309e-01,2.458429640539329109e-01,-1.096174468994140644e-01,1.115008226379819584e-01,-9.937617132797380570e-01,2.285556906531236582e-03,-1.444662322998046811e-01,2.445576222885534334e-01,2.521023851068382449e-02,-9.693069757588685942e-01,1.933298095703124941e+00,0.000000000000000000e+00,0.000000000000000000e+00,0.000000000000000000e+00,1.000000000000000000e+00
9.631278010210043705e-01,1.086317690794484370e-01,2.461381271707299423e-01,-1.096204147338867146e-01,1.114756614823807779e-01,-9.937642826053426637e-01,2.393222713080412831e-03,-1.444539489746093919e-01,2.448632593867660912e-01,2.513343121338881825e-02,-9.692318065550321604e-01,1.933332397460937546e+00,0.000000000000000000e+00,0.000000000000000000e+00,0.000000000000000000e+00,1.000000000000000000e+00
9.631130587393011977e-01,1.084946901541948006e-01,2.462562451881627479e-01,-1.096144790649414141e-01,1.115772953227648079e-01,-9.937547093935873432e-01,1.443858207498916607e-03,-1.444375610351562589e-01,2.448749543221678260e-01,2.608600709982468457e-02,-9.692036818849297797e-01,1.933308227539062507e+00,0.000000000000000000e+00,0.000000000000000000e+00,0.000000000000000000e+00,1.000000000000000000e+00
9.631580427967169067e-01,1.088020890972518223e-01,2.459444856142768421e-01,-1.096216583251953119e-01,1.114857247680649116e-01,-9.937614194664313727e-01,3.028919444786965648e-03,-1.444631652832031321e-01,2.447396938972851155e-01,2.450197110718662849e-02,-9.692791835394619637e-01,1.933352783203124980e+00,0.000000000000000000e+00,0.000000000000000000e+00,0.000000000000000000e+00,1.000000000000000000e+00
9.632573928662667706e-01,1.089184068630792562e-01,2.455035147098540982e-01,-1.096189422607421887e-01,1.115229725639509811e-01,-9.937563380219326392e-01,3.311681104646649332e-03,-1.444609069824218661e-01,2.443313767795349256e-01,2.418928042847418372e-02,-9.693900438076356041e-01,1.933350341796875149e+00,0.000000000000000000e+00,0.000000000000000000e+00,0.000000000000000000e+00,1.000000000000000000e+00
9.631983600920978050e-01,1.087594241497204517e-01,2.458054246238575713e-01,-1.096211853027343752e-01,1.115754125044909617e-01,-9.937528636195919196e-01,2.484627198167102188e-03,-1.444384765625000011e-01,2.445400712364875218e-01,2.503265280553369082e-02,-9.693160061884728007e-01,1.933281860351562464e+00,0.000000000000000000e+00,0.000000000000000000e+00,0.000000000000000000e+00,1.000000000000000000e+00
9.632025036273079710e-01,1.085521103264437404e-01,2.458808173684173537e-01,-1.096235809326171901e-01,1.115355747071886672e-01,-9.937588065184039809e-01,1.802787245992837351e-03,-1.444578399658203172e-01,2.445419239738302053e-01,2.568800908581204620e-02,-9.692983924511504590e-01,1.933322998046875130e+00,0.000000000000000000e+00,0.000000000000000000e+00,0.000000000000000000e+00,1.000000000000000000e+00
9.627692882306404520e-01,1.084432008900209909e-01,2.476194051777692307e-01,-1.096122512817382794e-01,1.113734493381105806e-01,-9.937762200064246265e-01,2.186168400048293589e-03,-1.444465637207031361e-01,2.463153515767886603e-01,2.547345148323254538e-02,-9.688549173365093026e-01,1.933317260742187571e+00,0.000000000000000000e+00,0.000000000000000000e+00,0.000000000000000000e+00,1.000000000000000000e+00
9.629348480540560473e-01,1.087425863711758700e-01,2.468431249040965725e-01,-1.096201858520507860e-01,1.113844513991376628e-01,-9.937719824063508955e-01,3.278867283740305102e-03,-1.444680328369140621e-01,2.456623340881242956e-01,2.433715047943372373e-02,-9.690499062055144552e-01,1.933316650390624947e+00,0.000000000000000000e+00,0.000000000000000000e+00,0.000000000000000000e+00,1.000000000000000000e+00
9.633386543639795851e-01,1.089575486247448544e-01,2.451670646842351031e-01,-1.096251907348632787e-01,1.115627384480936402e-01,-9.937519805117754901e-01,3.279728477545578585e-03,-1.444719238281250151e-01,2.439926072612852992e-01,2.419201989521618801e-02,-9.694752981769211297e-01,1.933383178710937456e+00,0.000000000000000000e+00,0.000000000000000000e+00,0.000000000000000000e+00,1.000000000000000000e+00
9.631505373518056690e-01,1.085292283328410795e-01,2.460943904204365706e-01,-1.096259460449218737e-01,1.114884662390638742e-01,-9.937638750776951468e-01,1.918980516972763894e-03,-1.444592590332031412e-01,2.447679805337890646e-01,2.558841902192188558e-02,-9.692439674908321923e-01,1.933346801757812594e+00,0.000000000000000000e+00,0.000000000000000000e+00,0.000000000000000000e+00,1.000000000000000000e+00
9.630062632041087589e-01,1.087254313744464573e-01,2.465719319024363421e-01,-1.096249694824218829e-01,1.114448367299880338e-01,-9.937662646798406385e-01,2.942711420362870145e-03,-1.444580383300781146e-01,2.453548153101656470e-01,2.464531916445304033e-02,-9.691200249955611579e-01,1.933334838867187599e+00,0.000000000000000000e+00,0.000000000000000000e+00,0.000000000000000000e+00,1.000000000000000000e+00
9.634181889499531248e-01,1.088511297078315621e-01,2.449016634523360214e-01,-1.096253814697265710e-01,1.115429096895838856e-01,-9.937554023476993237e-01,2.894754349427481124e-03,-1.444446258544921924e-01,2.436874483808589009e-01,2.452818513651236487e-02,-9.695436017196621403e-01,1.933335449218750002e+00,0.000000000000000000e+00,0.000000000000000000e+00,0.000000000000000000e+00,1.000000000000000000e+00
9.631231694967643531e-01,1.084440220598215932e-01,2.462390189592132961e-01,-1.096211929321289080e-01,1.114628081548226235e-01,-9.937671721498340105e-01,1.688181140493601531e-03,-1.444526214599609337e-01,2.448873266968874529e-01,2.582056615976566216e-02,-9.692076638091762231e-01,1.933326416015624938e+00,0.000000000000000000e+00,0.000000000000000000e+00,0.000000000000000000e+00,1.000000000000000000e+00
9.629694270923981891e-01,1.085556365296654613e-01,2.467905108851996820e-01,-1.096148910522461023e-01,1.114318821876818244e-01,-9.937693547105274083e-01,2.324923726275362340e-03,-1.444732818603515767e-01,2.455052303260549518e-01,2.526150066527246482e-02,-9.690660650681611754e-01,1.933278808593750009e+00,0.000000000000000000e+00,0.000000000000000000e+00,0.000000000000000000e+00,1.000000000000000000e+00
9.632504032905442326e-01,1.090462995241779504e-01,2.454741638557662031e-01,-1.096206359863281243e-01,1.114908138176957803e-01,-9.937575754988463572e-01,3.959744047657755631e-03,-1.444582366943359397e-01,2.443736053563727029e-01,2.355388924866411160e-02,-9.693950460500557753e-01,1.933350219726562624e+00,0.000000000000000000e+00,0.000000000000000000e+00,0.000000000000000000e+00,1.000000000000000000e+00
9.631306903862819624e-01,1.086591622630006665e-01,2.461147287188371335e-01,-1.096265182495117230e-01,1.115366540355339914e-01,-9.937577480804247188e-01,2.261180373325174381e-03,-1.444710998535156388e-01,2.448241165461473023e-01,2.527300113611365487e-02,-9.692380653745353847e-01,1.933343383789062564e+00,0.000000000000000000e+00,0.000000000000000000e+00,0.000000000000000000e+00,1.000000000000000000e+00
9.631115689667608670e-01,1.089498698123542580e-01,2.460610322465855981e-01,-1.096175231933593786e-01,1.115404877775726805e-01,-9.937539787129245905e-01,3.427736654624469886e-03,-1.444516906738281259e-01,2.448975812635260096e-01,2.414447473239694775e-02,-9.692482752273388069e-01,1.933306152343750028e+00,0.000000000000000000e+00,0.000000000000000000e+00,0.000000000000000000e+00,1.000000000000000000e+00
9.632924352084789588e-01,1.090079922787757782e-01,2.453261948701545292e-01,-1.096241226196289081e-01,1.114275243126413018e-01,-9.937643534735688400e-01,4.039380003907249925e-03,-1.444488220214843743e-01,2.442367521395467922e-01,2.344498634272566828e-02,-9.694321747908490883e-01,1.933332153320312496e+00,0.000000000000000000e+00,0.000000000000000000e+00,0.000000000000000000e+00,1.000000000000000000e+00
9.633533429489017363e-01,1.093395435213965899e-01,2.449391778619924298e-01,-1.095961303710937529e-01,1.114682708896157920e-01,-9.937543962157991961e-01,5.198517736059619226e-03,-1.444720458984375122e-01,2.439777883620871113e-01,2.229493718998816140e-02,-9.695245095208472330e-01,1.933224731445312594e+00,0.000000000000000000e+00,0.000000000000000000e+00,0.000000000000000000e+00,1.000000000000000000e+00
9.630556472690819936e-01,1.087215549677418569e-01,2.463806886680161845e-01,-1.096010589599609453e-01,1.114871420017646553e-01,-9.937620995732031615e-01,2.739821187149169349e-03,-1.444596557617187638e-01,2.451416680848198804e-01,2.482967855723219874e-02,-9.691692574732942989e-01,1.933263671875000034e+00,0.000000000000000000e+00,0.000000000000000000e+00,0.000000000000000000e+00,1.000000000000000000e+00
9.628790267837546990e-01,1.088664679595577611e-01,2.470062184115614790e-01,-1.096080245971679662e-01,1.114363306704158063e-01,-9.937650729258932225e-01,3.595001989998970401e-03,-1.444407043457031359e-01,2.458575278218732285e-01,2.406391461514384433e-02,-9.690072259930325727e-01,1.933279174804687583e+00,0.000000000000000000e+00,0.000000000000000000e+00,0.000000000000000000e+00,1.000000000000000000e+00
9.630493700132617407e-01,1.087811974628630773e-01,2.463788992499259811e-01,-1.096185913085937491e-01,1.114295288239987303e-01,-9.937671516282192696e-01,3.210677622791544353e-03,-1.444528198242187589e-01,2.451925182853694485e-01,2.436184359364963747e-02,-9.691682668936273393e-01,1.933320800781250126e+00,0.000000000000000000e+00,0.000000000000000000e+00,0.000000000000000000e+00,1.000000000000000000e+00
9.629893333970945823e-01,1.086638399517960152e-01,2.466651853228384039e-01,-1.096201324462890703e-01,1.114680642132429844e-01,-9.937645899217072420e-01,2.609689309809504545e-03,-1.444548797607421997e-01,2.454107056017974242e-01,2.498218774791064606e-02,-9.690972478917462274e-01,1.933340332031250108e+00,0.000000000000000000e+00,0.000000000000000000e+00,0.000000000000000000e+00,1.000000000000000000e+00
9.630523380495551455e-01,1.087512835578906684e-01,2.463805034936750182e-01,-1.096130599975585901e-01,1.113964305649357972e-01,-9.937708332732294592e-01,3.219657252394050873e-03,-1.444702606201171968e-01,2.451959001180015196e-01,2.434521020535078753e-02,-9.691678292769424496e-01,1.933321411132812528e+00,0.000000000000000000e+00,0.000000000000000000e+00,0.000000000000000000e+00,1.000000000000000000e+00
9.629411355610738577e-01,1.085743510801675388e-01,2.468926481932380290e-01,-1.096235885620117229e-01,1.113859974326474184e-01,-9.937738354237876104e-01,2.592991135521902080e-03,-1.444393005371093774e-01,2.456369862628259293e-01,2.500348604925227078e-02,-9.690393679645327163e-01,1.933329345703125091e+00,0.000000000000000000e+00,0.000000000000000000e+00,0.000000000000000000e+00,1.000000000000000000e+00
9.631043912526230377e-01,1.088968684420111160e-01,2.461125831676178599e-01,-1.096249084472656204e-01,1.115084221586238739e-01,-9.937578643920924604e-01,3.343463258590291184e-03,-1.444638824462890769e-01,2.449404077272845925e-01,2.422352167606404982e-02,-9.692354810158368972e-01,1.933298095703124941e+00,0.000000000000000000e+00,0.000000000000000000e+00,0.000000000000000000e+00,1.000000000000000000e+00
9.631547282184966807e-01,1.087426484054486997e-01,2.459837513498048245e-01,-1.096226119995117182e-01,1.114717876682316533e-01,-9.937635255959385017e-01,2.845303003031807859e-03,-1.444671936035156201e-01,2.447590857647624074e-01,2.467978145971616577e-02,-9.692697758223447480e-01,1.933338256835937630e+00,0.000000000000000000e+00,0.000000000000000000e+00,0.000000000000000000e+00,1.000000000000000000e+00
9.629028982101338618e-01,1.086832601086089867e-01,2.469938411999161032e-01,-1.096285247802734342e-01,1.114169484557911149e-01,-9.937694447457235958e-01,2.924771200640366789e-03,-1.444378051757812531e-01,2.457728060940113923e-01,2.470302940817076243e-02,-9.690126356878608904e-01,1.933369750976562607e+00,0.000000000000000000e+00,0.000000000000000000e+00,0.000000000000000000e+00,1.000000000000000000e+00
9.631341053208991587e-01,1.085445812236342095e-01,2.461519227117623387e-01,-1.096275939941406263e-01,1.114868940577358886e-01,-9.937639035172342039e-01,1.994121247282211809e-03,-1.444588165283203218e-01,2.448333466280088189e-01,2.552210714607168474e-02,-9.692292063416961811e-01,1.933402954101562488e+00,0.000000000000000000e+00,0.000000000000000000e+00,0.000000000000000000e+00,1.000000000000000000e+00
9.631305351141670190e-01,1.087978337831372877e-01,2.460540666089372774e-01,-1.096290512084961005e-01,1.114416330454393589e-01,-9.937658371689968018e-01,3.197389555331072927e-03,-1.444545745849609431e-01,2.448679945498475063e-01,2.434116348697681897e-02,-9.692508307993530359e-01,1.933353759765624957e+00,0.000000000000000000e+00,0.000000000000000000e+00,0.000000000000000000e+00,1.000000000000000000e+00
9.632103754458687384e-01,1.087758457971484960e-01,2.457510691829108418e-01,-1.096245574951171947e-01,1.115197315335977601e-01,-9.937583681588360029e-01,2.766801937558337546e-03,-1.444626159667968812e-01,2.445181427054097800e-01,2.474108092631290001e-02,-9.693290240173841887e-01,1.933333374023437523e+00,0.000000000000000000e+00,0.000000000000000000e+00,0.000000000000000000e+00,1.000000000000000000e+00
9.631260878631386912e-01,1.086234537497595826e-01,2.461485002451154203e-01,-1.096233215332031302e-01,1.114839907044773565e-01,-9.937635045921413557e-01,2.327392822296979816e-03,-1.444788360595703203e-01,2.448662057002757297e-01,2.520004436938785147e-02,-9.692293325471177390e-01,1.933339477539062434e+00,0.000000000000000000e+00,0.000000000000000000e+00,0.000000000000000000e+00,1.000000000000000000e+00
9.630806939351721496e-01,1.084774349068563654e-01,2.463903875669188337e-01,-1.096224288940429725e-01,1.114365682105066119e-01,-9.937696458956444268e-01,1.944778113535310798e-03,-1.444572753906250007e-01,2.450662527456867745e-01,2.558392097538058144e-02,-9.691687132551860540e-01,1.933331542968750094e+00,0.000000000000000000e+00,0.000000000000000000e+00,0.000000000000000000e+00,1.000000000000000000e+00
9.631084327454152438e-01,1.085799114025854661e-01,2.462367755118579082e-01,-1.096216735839843776e-01,1.114603361814688054e-01,-9.937663303303422291e-01,2.252589638475117548e-03,-1.444641265869140712e-01,2.449464027761673046e-01,2.527614570246220632e-02,-9.692070863471046183e-01,1.933345581054687568e+00,0.000000000000000000e+00,0.000000000000000000e+00,0.000000000000000000e+00,1.000000000000000000e+00
9.631989484497668341e-01,1.087125454427893267e-01,2.458238559794653499e-01,-1.096160049438476558e-01,1.115067908825263243e-01,-9.937603568475325000e-01,2.566855146984639569e-03,-1.444395751953125029e-01,2.445690521966015496e-01,2.493863712424003454e-02,-9.693111177976047044e-01,1.933330566406250117e+00,0.000000000000000000e+00,0.000000000000000000e+00,0.000000000000000000e+00,1.000000000000000000e+00
9.631153645452156242e-01,1.084338584952794921e-01,2.462740199630535087e-01,-1.096293487548828105e-01,1.115159733087525279e-01,-9.937615980869592969e-01,1.440091891071674027e-03,-1.444376983642578216e-01,2.448938183661203694e-01,2.607651241019095373e-02,-9.691991710822823736e-01,1.933377075195312544e+00,0.000000000000000000e+00,0.000000000000000000e+00,0.000000000000000000e+00,1.000000000000000000e+00
9.630741889403605649e-01,1.086535219490259163e-01,2.463382202682718736e-01,-1.096224975585937539e-01,1.114507338389871538e-01,-9.937665544842569920e-01,2.601752340235855693e-03,-1.444635620117187547e-01,2.450853739487901806e-01,2.494889489659262230e-02,-9.691804332113916898e-01,1.933325683593750011e+00,0.000000000000000000e+00,0.000000000000000000e+00,0.000000000000000000e+00,1.000000000000000000e+00
9.633285188660001275e-01,1.086272222757083961e-01,2.453534008733160576e-01,-1.096168136596679665e-01,1.114888793144724888e-01,-9.937631595331826162e-01,2.238871106025063645e-03,-1.444608306884765658e-01,2.440663732033589162e-01,2.519740731286151600e-02,-9.694311198512601813e-01,1.933328247070312589e+00,0.000000000000000000e+00,0.000000000000000000e+00,0.000000000000000000e+00,1.000000000000000000e+00
9.630551573049126457e-01,1.090021199370467958e-01,2.462586076417224989e-01,-1.096201705932617204e-01,1.114242300023586402e-01,-9.937643891805745255e-01,4.120651033660945040e-03,-1.444949951171874969e-01,2.451721945017249216e-01,2.347076150851088588e-02,-9.691953974289286844e-01,1.933304809570312477e+00,0.000000000000000000e+00,0.000000000000000000e+00,0.000000000000000000e+00,1.000000000000000000e+00
9.630410862711680231e-01,1.088579093323020774e-01,2.463773969532298824e-01,-1.096279830932617161e-01,1.114398097728316051e-01,-9.937650824857746645e-01,3.482761811656702802e-03,-1.444448242187499898e-01,2.452203803753762734e-01,2.410220753047174341e-02,-9.691677092437172014e-01,1.933318115234375023e+00,0.000000000000000000e+00,0.000000000000000000e+00,0.000000000000000000e+00,1.000000000000000000e+00
9.631192874052864061e-01,1.083702299234550193e-01,2.462866855805877775e-01,-1.096261520385742178e-01,1.115140169959142891e-01,-9.937621492863485395e-01,1.189394472916528722e-03,-1.444642944335937651e-01,2.448792809556757100e-01,2.631888888450191130e-02,-9.691962927325489252e-01,1.933336303710937454e+00,0.000000000000000000e+00,0.000000000000000000e+00,0.000000000000000000e+00,1.000000000000000000e+00
9.629838506070637072e-01,1.084860936456836372e-01,2.467648089892341690e-01,-1.096207275390625041e-01,1.114709002345267846e-01,-9.937659110120630190e-01,1.884810672021839870e-03,-1.444577636718750169e-01,2.454309309579732756e-01,2.569205316562209185e-02,-9.690735661100441378e-01,1.933334960937500124e+00,0.000000000000000000e+00,0.000000000000000000e+00,0.000000000000000000e+00,1.000000000000000000e+00
9.630895328113994180e-01,1.090392637287152383e-01,2.461076812182432794e-01,-1.096291122436523491e-01,1.114684797455226944e-01,-9.937595850020576327e-01,4.082308141267093279e-03,-1.444801483154296851e-01,2.450169990272976217e-01,2.350162083852820605e-02,-9.692338954068927537e-01,1.933358276367187489e+00,0.000000000000000000e+00,0.000000000000000000e+00,0.000000000000000000e+00,1.000000000000000000e+00
9.632002613145140835e-01,1.090576796453716635e-01,2.456657874308505740e-01,-1.096374206542968799e-01,1.115064697692499107e-01,-9.937558048337080674e-01,3.963276284682525769e-03,-1.444733428955078114e-01,2.445640280238525477e-01,2.357589594642928860e-02,-9.693464877571238425e-01,1.933398681640625005e+00,0.000000000000000000e+00,0.000000000000000000e+00,0.000000000000000000e+00,1.000000000000000000e+00
9.631452144409247129e-01,1.087208508636533927e-01,2.460306332289310949e-01,-1.096280593872070303e-01,1.115077865918940175e-01,-9.937601101415081128e-01,2.618591398984664725e-03,-1.444485015869140521e-01,2.447801246607293479e-01,2.491224757065194778e-02,-9.692585158212729812e-01,1.933336059570312626e+00,0.000000000000000000e+00,0.000000000000000000e+00,0.000000000000000000e+00,1.000000000000000000e+00
9.630973211730942118e-01,1.090357046531229557e-01,2.460787781585550837e-01,-1.096303710937499981e-01,1.114377994432300678e-01,-9.937625932710572041e-01,4.186295550286711631e-03,-1.444672088623046857e-01,2.450003404170305876e-01,2.339066749754818361e-02,-9.692407904486679548e-01,1.933344360351562541e+00,0.000000000000000000e+00,0.000000000000000000e+00,0.000000000000000000e+00,1.000000000000000000e+00
9.631430053972577232e-01,1.086817407309527972e-01,2.460565593233152160e-01,-1.096252975463867241e-01,1.114836912188589824e-01,-9.937629740723311622e-01,2.556942536172210345e-03,-1.444638977050781148e-01,2.447997911489229184e-01,2.496859216305833892e-02,-9.692520991253198437e-01,1.933329956054687493e+00,0.000000000000000000e+00,0.000000000000000000e+00,0.000000000000000000e+00,1.000000000000000000e+00
9.632042329830030614e-01,1.087541146372785483e-01,2.457847597250215621e-01,-1.096268692016601626e-01,1.115736372392995002e-01,-9.937531049517485116e-01,2.467766591993922343e-03,-1.444502105712890672e-01,2.445177478974033813e-01,2.504613639308535603e-02,-9.693212893643474715e-01,1.933348388671874973e+00,0.000000000000000000e+00,0.000000000000000000e+00,0.000000000000000000e+00,1.000000000000000000e+00
9.629911673667572725e-01,1.083983074697168342e-01,2.467748336263456133e-01,-1.096198501586914120e-01,1.115083637868911765e-01,-9.937625369035580913e-01,1.380236419804675360e-03,-1.444732208251953143e-01,2.453852000002855749e-01,2.618830244030627419e-02,-9.690718634013242294e-01,1.933295654296875110e+00,0.000000000000000000e+00,0.000000000000000000e+00,0.000000000000000000e+00,1.000000000000000000e+00
9.630446431019945575e-01,1.088490336147092258e-01,2.463674152027748865e-01,-1.096229400634765594e-01,1.114550779996266033e-01,-9.937637073259319997e-01,3.385201606538129626e-03,-1.444382476806640725e-01,2.451994718196793266e-01,2.419879920499485096e-02,-9.691705923811282375e-01,1.933310180664062461e+00,0.000000000000000000e+00,0.000000000000000000e+00,0.000000000000000000e+00,1.000000000000000000e+00
9.629059020889262355e-01,1.085538185625735258e-01,2.470390499451362853e-01,-1.096219482421875030e-01,1.114937603767139490e-01,-9.937629152787369469e-01,2.099908037498625021e-03,-1.444542388916015552e-01,2.457261994972688435e-01,2.552129879512269467e-02,-9.690032498337860511e-01,1.933323242187499957e+00,0.000000000000000000e+00,0.000000000000000000e+00,0.000000000000000000e+00,1.000000000000000000e+00
9.634817641177644276e-01,1.088063187636533480e-01,2.446713616458278118e-01,-1.096268386840820314e-01,1.116109273723054074e-01,-9.937490451319828111e-01,2.415820847369177377e-03,-1.444716491699218897e-01,2.434047885798781286e-01,2.498039824291982056e-02,-9.696030572352845045e-01,1.933348632812500023e+00,0.000000000000000000e+00,0.000000000000000000e+00,0.000000000000000000e+00,1.000000000000000000e+00
9.631927766602863539e-01,1.083978177912213875e-01,2.459869673123936673e-01,-1.096258010864257781e-01,1.115372632899421373e-01,-9.937595554291678290e-01,1.176813924453410168e-03,-1.444463806152343766e-01,2.445794633390906414e-01,2.630321446751007070e-02,-9.692724214695467300e-01,1.933316406250000119e+00,0.000000000000000000e+00,0.000000000000000000e+00,0.000000000000000000e+00,1.000000000000000000e+00
9.632029567335671505e-01,1.084239464618252102e-01,2.459355850082645123e-01,-1.096283111572265712e-01,1.114516035872115951e-01,-9.937685464165595395e-01,1.617470542955020546e-03,-1.444780578613281408e-01,2.445784213653221517e-01,2.585196291892634737e-02,-9.692848249176737596e-01,1.933343627929687614e+00,0.000000000000000000e+00,0.000000000000000000e+00,0.000000000000000000e+00,1.000000000000000000e+00
9.633171993114808540e-01,1.086649059106475496e-01,2.453811560289722304e-01,-1.096373062133789017e-01,1.115244391605089286e-01,-9.937591330324764272e-01,2.254991014347895728e-03,-1.444645385742187593e-01,2.440948032642617227e-01,2.519372417827429184e-02,-9.694240575111650049e-01,1.933381958007812651e+00,0.000000000000000000e+00,0.000000000000000000e+00,0.000000000000000000e+00,1.000000000000000000e+00
9.630484422356977436e-01,1.086791237763929802e-01,2.464275673754695861e-01,-1.096219177246093718e-01,1.113867001527040906e-01,-9.937727054552338846e-01,2.968656476729412963e-03,-1.444707946777343821e-01,2.452156213141563901e-01,2.458979356116454060e-02,-9.691566648979574872e-01,1.933325195312500133e+00,0.000000000000000000e+00,0.000000000000000000e+00,0.000000000000000000e+00,1.000000000000000000e+00
9.633721292933473679e-01,1.089845074620807708e-01,2.450235042481638814e-01,-1.096227874755859449e-01,1.114997419969672443e-01,-9.937578474403673257e-01,3.626042649724730074e-03,-1.444553070068359535e-01,2.438892126261677507e-01,2.382682907848927140e-02,-9.695103579542886374e-01,1.933303833007812500e+00,0.000000000000000000e+00,0.000000000000000000e+00,0.000000000000000000e+00,1.000000000000000000e+00
9.630381004502205355e-01,1.085444169128626790e-01,2.465273344647157527e-01,-1.096237869262695341e-01,1.114004506623130775e-01,-9.937727592189055104e-01,2.375421368351721477e-03,-1.444448547363281210e-01,2.452499881212326094e-01,2.517563487760181296e-02,-9.691329272783199000e-01,1.933328247070312589e+00,0.000000000000000000e+00,0.000000000000000000e+00,0.000000000000000000e+00,1.000000000000000000e+00
9.631132975684280062e-01,1.085003482517229029e-01,2.462528182095052309e-01,-1.096256484985351637e-01,1.115208194168474526e-01,-9.937606605088451506e-01,1.690106984378421037e-03,-1.444675750732421771e-01,2.448997404724302385e-01,2.583455155946386833e-02,-9.692041544804983477e-01,1.933347290039062472e+00,0.000000000000000000e+00,0.000000000000000000e+00,0.000000000000000000e+00,1.000000000000000000e+00
9.628727444284366221e-01,1.086199751828021420e-01,2.471391895838014885e-01,-1.096222000122070300e-01,1.114460208735161273e-01,-9.937671710744147013e-01,2.567903077386768720e-03,-1.444532470703125127e-01,2.458777388628554661e-01,2.507011539747057427e-02,-9.689765873568085830e-01,1.933319091796875000e+00,0.000000000000000000e+00,0.000000000000000000e+00,0.000000000000000000e+00,1.000000000000000000e+00
9.631273655247697407e-01,1.089686286732763076e-01,2.459908854863986083e-01,-1.096241836547851567e-01,1.115388868509783193e-01,-9.937538939592441833e-01,3.503564026020773020e-03,-1.444586791992187591e-01,2.448361788979755704e-01,2.406317115231062717e-02,-9.692658094128429047e-01,1.933302490234374948e+00,0.000000000000000000e+00,0.000000000000000000e+00,0.000000000000000000e+00,1.000000000000000000e+00
9.631157708517468219e-01,1.090927277592866063e-01,2.459812771059694536e-01,-1.096128845214843772e-01,1.114167877425545072e-01,-9.937636112995893445e-01,4.492690277478637861e-03,-1.444744110107421819e-01,2.449373620862609902e-01,2.307946288016629599e-02,-9.692641678342321931e-01,1.933251586914062514e+00,0.000000000000000000e+00,0.000000000000000000e+00,0.000000000000000000e+00,1.000000000000000000e+00
9.631096111787825764e-01,1.084884953122614570e-01,2.462724573311772525e-01,-1.096164627075195269e-01,1.114560709870287269e-01,-9.937675452597255488e-01,1.900060155432023445e-03,-1.444435424804687562e-01,2.449437100543500612e-01,2.561859428893925594e-02,-9.691987755519865244e-01,1.933276000976562603e+00,0.000000000000000000e+00,0.000000000000000000e+00,0.000000000000000000e+00,1.000000000000000000e+00
9.632496430229763318e-01,1.087859431057531939e-01,2.455926379163275164e-01,-1.096193084716796939e-01,1.114931753802140407e-01,-9.937609771280720983e-01,2.896926146154565201e-03,-1.444619445800781332e-01,2.443755246741075582e-01,2.459143997514719876e-02,-9.693687967023713048e-01,1.933329711914062443e+00,0.000000000000000000e+00,0.000000000000000000e+00,0.000000000000000000e+00,1.000000000000000000e+00
9.630904384870866419e-01,1.086649080786800114e-01,2.462696592091744574e-01,-1.096169738769531277e-01,1.114451736973205431e-01,-9.937670157545126504e-01,2.663016699955061614e-03,-1.444445648193359300e-01,2.450240407680947252e-01,2.488083902568823114e-02,-9.691976905126491459e-01,1.933266845703125014e+00,0.000000000000000000e+00,0.000000000000000000e+00,0.000000000000000000e+00,1.000000000000000000e+00
9.632288822095992353e-01,1.086276536453950475e-01,2.457440809882152077e-01,-1.096167297363281334e-01,1.114557532285275904e-01,-9.937664664215405397e-01,2.413563404329181761e-03,-1.444451293945312464e-01,2.444744067372041640e-01,2.506477766789982214e-02,-9.693317395870987285e-01,1.933301025390625094e+00,0.000000000000000000e+00,0.000000000000000000e+00,0.000000000000000000e+00,1.000000000000000000e+00
9.633800936750809285e-01,1.087674008245871904e-01,2.450886525901513346e-01,-1.096171493530273405e-01,1.115916801884675180e-01,-9.937513005898310769e-01,2.376865316802798112e-03,-1.444783782958984353e-01,2.438156927338908653e-01,2.506002980610805980e-02,-9.694977580597130551e-01,1.933290039062500076e+00,0.000000000000000000e+00,0.000000000000000000e+00,0.000000000000000000e+00,1.000000000000000000e+00
9.631446294788511553e-01,1.086977572896759003e-01,2.460431268421068018e-01,-1.096135711669921908e-01,1.115230819509327176e-01,-9.937587866350682253e-01,2.464990418366843142e-03,-1.444511260986328094e-01,2.447754581207272351e-01,2.506534551510915948e-02,-9.692557472390846973e-01,1.933282104492187514e+00,0.000000000000000000e+00,0.000000000000000000e+00,0.000000000000000000e+00,1.000000000000000000e+00
9.630681879807432288e-01,1.091028282320209847e-01,2.461630316909139971e-01,-1.096137084960937536e-01,1.114767138899509097e-01,-9.937576799357432655e-01,4.314606474183630205e-03,-1.444733428955078114e-01,2.450971390281531381e-01,2.328618561514892576e-02,-9.692188328750690474e-01,1.933304687499999952e+00,0.000000000000000000e+00,0.000000000000000000e+00,0.000000000000000000e+00,1.000000000000000000e+00
9.630528730794063463e-01,1.087435037991234532e-01,2.463818459931474969e-01,-1.096189270019531231e-01,1.114631584707911072e-01,-9.937642642027659790e-01,2.924294316660453960e-03,-1.444532012939453158e-01,2.451634719064329504e-01,2.464624870087061409e-02,-9.691684242007467809e-01,1.933290893554687528e+00,0.000000000000000000e+00,0.000000000000000000e+00,0.000000000000000000e+00,1.000000000000000000e+00
9.631552194680691459e-01,1.086504753797809530e-01,2.460225546797758234e-01,-1.096241607666015583e-01,1.114600178242892703e-01,-9.937657255246833410e-01,2.519364802663355551e-03,-1.444622344970703243e-01,2.447625127302479331e-01,2.499513897035563967e-02,-9.692608293900192296e-01,1.933308349609375032e+00,0.000000000000000000e+00,0.000000000000000000e+00,0.000000000000000000e+00,1.000000000000000000e+00
9.631728280035447565e-01,1.089151135582539648e-01,2.458365339697227148e-01,-1.096155929565429676e-01,1.115097439065189794e-01,-9.937575767472450750e-01,3.384622777471429575e-03,-1.444573059082031319e-01,2.446705548478536052e-01,2.415319225352766802e-02,-9.693053919660241657e-01,1.933300292968749945e+00,0.000000000000000000e+00,0.000000000000000000e+00,0.000000000000000000e+00,1.000000000000000000e+00
9.630765800792250309e-01,1.084547192576573033e-01,2.464164661171146520e-01,-1.096192703247070299e-01,1.114731586835529392e-01,-9.937659735128777649e-01,1.710199144591365711e-03,-1.444581604003906394e-01,2.450657785085788021e-01,2.582176908628600054e-02,-9.691625252996728390e-01,1.933286010742187644e+00,0.000000000000000000e+00,0.000000000000000000e+00,0.000000000000000000e+00,1.000000000000000000e+00
9.629337421918080508e-01,1.089556008353868705e-01,2.467534907454810300e-01,-1.096175537109374959e-01,1.113769035668957658e-01,-9.937695019750221181e-01,4.166808870903336570e-03,-1.444718933105468839e-01,2.456700907728304184e-01,2.347027888449737879e-02,-9.690693228602136333e-01,1.933286621093750046e+00,0.000000000000000000e+00,0.000000000000000000e+00,0.000000000000000000e+00,1.000000000000000000e+00
9.630957675542484164e-01,1.083556177345085247e-01,2.463850698083514812e-01,-1.096292572021484446e-01,1.114843094973582138e-01,-9.937653977259122140e-01,1.258180653553023567e-03,-1.444481048583984295e-01,2.449852878337603623e-01,2.625632091578690430e-02,-9.691711997149816682e-01,1.933327026367187562e+00,0.000000000000000000e+00,0.000000000000000000e+00,0.000000000000000000e+00,1.000000000000000000e+00
9.631392959114513097e-01,1.086491517581102406e-01,2.460854698949885566e-01,-1.096218261718750059e-01,1.114895569145347709e-01,-9.937626986424765718e-01,2.403640119277876061e-03,-1.444573364257812631e-01,2.448117141196370639e-01,2.512091974959154705e-02,-9.692451516622302421e-01,1.933331176757812520e+00,0.000000000000000000e+00,0.000000000000000000e+00,0.000000000000000000e+00,1.000000000000000000e+00
9.632608390844085156e-01,1.087650651124688339e-01,2.455579697291087327e-01,-1.096331024169921869e-01,1.114659468047471402e-01,-9.937639761224660306e-01,2.915898521628308357e-03,-1.444595642089843701e-01,2.443438122591254646e-01,2.456258073467786768e-02,-9.693775224536257396e-01,1.933349731445312525e+00,0.000000000000000000e+00,0.000000000000000000e+00,0.000000000000000000e+00,1.000000000000000000e+00
9.633793765743572379e-01,1.086751224685633538e-01,2.451324020761952160e-01,-1.096272659301757851e-01,1.115134512085398794e-01,-9.937602302568921964e-01,2.314078505382583667e-03,-1.444701690673828032e-01,2.438543150956391792e-01,2.510622465069638209e-02,-9.694868490562549290e-01,1.933317504882812621e+00,0.000000000000000000e+00,0.000000000000000000e+00,0.000000000000000000e+00,1.000000000000000000e+00
9.630903119866294215e-01,1.085672391031363981e-01,2.463132265044238045e-01,-1.096217575073242245e-01,1.115329706097757945e-01,-9.937588760011399902e-01,1.921675287326972403e-03,-1.444650268554687478e-01,2.449845860956481880e-01,2.562129900050821169e-02,-9.691883726154946199e-01,1.933303344726562623e+00,0.000000000000000000e+00,0.000000000000000000e+00,0.000000000000000000e+00,1.000000000000000000e+00
9.629841503946549031e-01,1.087451283331376528e-01,2.466495958895822405e-01,-1.096333770751953124e-01,1.114471784809370480e-01,-9.937657648033829672e-01,3.021773218755277948e-03,-1.444807128906250016e-01,2.454405274141231996e-01,2.457848181960889389e-02,-9.691000184367558612e-01,1.933302612304687473e+00,0.000000000000000000e+00,0.000000000000000000e+00,0.000000000000000000e+00,1.000000000000000000e+00
9.631079315268392671e-01,1.086007326439067527e-01,2.462295536675078444e-01,-1.096253128051757897e-01,1.114918005440084098e-01,-9.937628912442143525e-01,2.212328500750994006e-03,-1.444551086425781283e-01,2.449340536584255490e-01,2.532186515932183246e-02,-9.692090138372141395e-01,1.933299194335937443e+00,0.000000000000000000e+00,0.000000000000000000e+00,0.000000000000000000e+00,1.000000000000000000e+00
9.632132102010260155e-01,1.088756451647263090e-01,2.456957581729873330e-01,-1.096294784545898404e-01,1.114706948012594290e-01,-9.937620288642048383e-01,3.363656971871154325e-03,-1.444620971679687615e-01,2.445293354482421799e-01,2.414795804337403762e-02,-9.693411578116224447e-01,1.933321411132812528e+00,0.000000000000000000e+00,0.000000000000000000e+00,0.000000000000000000e+00,1.000000000000000000e+00
9.631111618149287290e-01,1.087328287724165787e-01,2.461586113355513639e-01,-1.096204986572265616e-01,1.114442706693887508e-01,-9.937663589898729777e-01,2.932281531428559268e-03,-1.444642181396484371e-01,2.449429821866034029e-01,2.460885383677742511e-02,-9.692251233796892462e-01,1.933306640625000128e+00,0.000000000000000000e+00,0.000000000000000000e+00,0.000000000000000000e+00,1.000000000000000000e+00
9.631484040078577280e-01,1.087483832115356125e-01,2.460059775818345673e-01,-1.096167221069336006e-01,1.114982584551801742e-01,-9.937607792371512261e-01,2.766226930754846561e-03,-1.444670867919921886e-01,2.447719146850367844e-01,2.476495101645856400e-02,-9.692643638257696370e-01,1.933307983398437457e+00,0.000000000000000000e+00,0.000000000000000000e+00,0.000000000000000000e+00,1.000000000000000000e+00
9.631425457057586348e-01,1.087714370549085624e-01,2.460187211015459618e-01,-1.096236953735351544e-01,1.114908963681936621e-01,-9.937612503869771574e-01,2.890891960623573342e-03,-1.444727783203124949e-01,2.447983183734048496e-01,2.464450669665270433e-02,-9.692607655379595899e-01,1.933305664062500151e+00,0.000000000000000000e+00,0.000000000000000000e+00,0.000000000000000000e+00,1.000000000000000000e+00
9.629919142923675235e-01,1.085286782133918076e-01,2.467146104566487197e-01,-1.096146316528320286e-01,1.114650422184653294e-01,-9.937661869395491010e-01,2.076068126343071779e-03,-1.444442138671875042e-01,2.454019506254129235e-01,2.550081765127409222e-02,-9.690859564189129305e-01,1.933260253906250004e+00,0.000000000000000000e+00,0.000000000000000000e+00,0.000000000000000000e+00,1.000000000000000000e+00
9.630845658390178032e-01,1.085230082554662634e-01,2.463551820479013832e-01,-1.096211242675781267e-01,1.114573618533250821e-01,-9.937671133303852544e-01,2.044737560237111507e-03,-1.444512939453125033e-01,2.450415791888543582e-01,2.548884348449902484e-02,-9.691774570874290839e-01,1.933281738281249940e+00,0.000000000000000000e+00,0.000000000000000000e+00,0.000000000000000000e+00,1.000000000000000000e+00
9.630637779530060172e-01,1.088284402718184413e-01,2.463017056028780627e-01,-1.096164779663085925e-01,1.115195365726845550e-01,-9.937575930256232759e-01,3.039616181969049397e-03,-1.444443054199218701e-01,2.450949868061303993e-01,2.454010782216053607e-02,-9.691884391337837190e-01,1.933282714843750139e+00,0.000000000000000000e+00,0.000000000000000000e+00,0.000000000000000000e+00,1.000000000000000000e+00
9.631700134964367166e-01,1.087064880619534463e-01,2.459398799595344520e-01,-1.096255950927734341e-01,1.114782090371078532e-01,-9.937632983947808363e-01,2.667521959585779714e-03,-1.444661712646484464e-01,2.446960032594580892e-01,2.484766018687391970e-02,-9.692814141270247319e-01,1.933322143554687456e+00,0.000000000000000000e+00,0.000000000000000000e+00,0.000000000000000000e+00,1.000000000000000000e+00
9.631647736740894805e-01,1.085620612354458864e-01,2.460241809531156232e-01,-1.096342544555664045e-01,1.114676012029606894e-01,-9.937657895734254287e-01,2.128228268821794056e-03,-1.444530181884765563e-01,2.447214592866710503e-01,2.537389078990038085e-02,-9.692613543471050308e-01,1.933374633789062491e+00,0.000000000000000000e+00,0.000000000000000000e+00,0.000000000000000000e+00,1.000000000000000000e+00
9.631057991927638451e-01,1.089051236759065733e-01,2.461034205337320757e-01,-1.096224670410156227e-01,1.114325140659697677e-01,-9.937652023911547339e-01,3.676591547139037089e-03,-1.444501495361328047e-01,2.449694151730067437e-01,2.388297622999567549e-02,-9.692366011847635132e-01,1.933308349609375032e+00,0.000000000000000000e+00,0.000000000000000000e+00,0.000000000000000000e+00,1.000000000000000000e+00
9.630237505453996816e-01,1.087133231580778292e-01,2.465089638398562655e-01,-1.096168289184570321e-01,1.114700536079318016e-01,-9.937638848173363515e-01,2.787181623192580560e-03,-1.444629211425781379e-01,2.452747093242942378e-01,2.479424531384636851e-02,-9.691365034736850737e-01,1.933291870117187505e+00,0.000000000000000000e+00,0.000000000000000000e+00,0.000000000000000000e+00,1.000000000000000000e+00
9.632683799924564028e-01,1.087625451336885207e-01,2.455295030800802303e-01,-1.096263046264648461e-01,1.115309025835298784e-01,-9.937574464389644646e-01,2.644884876877057200e-03,-1.444542388916015552e-01,2.442844364170831117e-01,2.483639311879101697e-02,-9.693855103627435632e-01,1.933330444335937592e+00,0.000000000000000000e+00,0.000000000000000000e+00,0.000000000000000000e+00,1.000000000000000000e+00
9.631690947146116510e-01,1.087647823888406307e-01,2.459177039144266608e-01,-1.096187744140625087e-01,1.114438693695478100e-01,-9.937660819165230475e-01,3.039475649791730655e-03,-1.444624176025390561e-01,2.447152610005731421e-01,2.447849146068149101e-02,-9.692859456781732774e-01,1.933307373046875055e+00,0.000000000000000000e+00,0.000000000000000000e+00,0.000000000000000000e+00,1.000000000000000000e+00
9.633347854031391044e-01,1.086664941380886956e-01,2.453114026783607959e-01,-1.096169128417968791e-01,1.115261460893865048e-01,-9.937589589141972990e-01,2.247290862330100433e-03,-1.444600677490234519e-01,2.440246093547472073e-01,2.519374187189798303e-02,-9.694417287283210172e-01,1.933304443359375124e+00,0.000000000000000000e+00,0.000000000000000000e+00,0.000000000000000000e+00,1.000000000000000000e+00
9.631430301155761153e-01,1.084625861715455414e-01,2.461531452993573343e-01,-1.096149139404296868e-01,1.114933023117216510e-01,-9.937638420578609466e-01,1.633939419194655601e-03,-1.444733276367187458e-01,2.447953167023697585e-01,2.587070968061397011e-02,-9.692295699684403409e-01,1.933286499023437521e+00,0.000000000000000000e+00,0.000000000000000000e+00,0.000000000000000000e+00,1.000000000000000000e+00
9.632684916422301624e-01,1.089202595245213068e-01,2.454591413543486533e-01,-1.096104202270507810e-01,1.115803643130718059e-01,-9.937506190631516523e-01,3.086974467881479361e-03,-1.444634552001953232e-01,2.442614077357808111e-01,2.441483517687773747e-02,-9.694020221323148556e-01,1.933293334960937582e+00,0.000000000000000000e+00,0.000000000000000000e+00,0.000000000000000000e+00,1.000000000000000000e+00
9.632139555429735100e-01,1.085945782617845079e-01,2.458171951255734289e-01,-1.096169815063476605e-01,1.114966370360461201e-01,-9.937625414048496530e-01,2.123965684023574121e-03,-1.444611968994140572e-01,2.445145717067007118e-01,2.536195719418909977e-02,-9.693138786535397955e-01,1.933287597656250023e+00,0.000000000000000000e+00,0.000000000000000000e+00,0.000000000000000000e+00,1.000000000000000000e+00
9.633373168536534248e-01,1.087353811282132376e-01,2.452709335573751703e-01,-1.096255950927734341e-01,1.115103513719084283e-01,-9.937599022983578667e-01,2.588072810417361980e-03,-1.444406890869140703e-01,2.440218340520324269e-01,2.485706086528954861e-02,-9.694511184330141251e-01,1.933326416015624938e+00,0.000000000000000000e+00,0.000000000000000000e+00,0.000000000000000000e+00,1.000000000000000000e+00
9.631270698793009677e-01,1.087966500377073736e-01,2.460681535800291753e-01,-1.096166763305664038e-01,1.114759056341387972e-01,-9.937624308632119208e-01,3.058343978071691172e-03,-1.444518280029296886e-01,2.448660240391891951e-01,2.448509639377091304e-02,-9.692477032863305864e-01,1.933305297851562576e+00,0.000000000000000000e+00,0.000000000000000000e+00,0.000000000000000000e+00,1.000000000000000000e+00
9.631225330859242151e-01,1.087789522703183354e-01,2.460937337786656409e-01,-1.096140518188476604e-01,1.114475951710176549e-01,-9.937654747644423248e-01,3.100757455826380973e-03,-1.444426879882812487e-01,2.448967533323990475e-01,2.444014544094835067e-02,-9.692410739842155509e-01,1.933311645507812537e+00,0.000000000000000000e+00,0.000000000000000000e+00,0.000000000000000000e+00,1.000000000000000000e+00
9.632726316953565959e-01,1.085994840186529642e-01,2.455849936327224037e-01,-1.096238555908203155e-01,1.115388574986796999e-01,-9.937581568756064243e-01,1.951643176083817099e-03,-1.444481201171874951e-01,2.442640380706729841e-01,2.551230515025784337e-02,-9.693730974146792523e-01,1.933315795898437495e+00,0.000000000000000000e+00,0.000000000000000000e+00,0.000000000000000000e+00,1.000000000000000000e+00
9.629930556918023798e-01,1.086905141469694663e-01,2.466388996566279967e-01,-1.096126022338867190e-01,1.114470294201059114e-01,-9.937664347763682793e-01,2.798704218042059183e-03,-1.444510498046875091e-01,2.454056525893379415e-01,2.479203997926491751e-02,-9.691034105970669499e-01,1.933273437500000025e+00,0.000000000000000000e+00,0.000000000000000000e+00,0.000000000000000000e+00,1.000000000000000000e+00
9.630791042808185543e-01,1.086613413189104899e-01,2.463155533059809554e-01,-1.096186447143554649e-01,1.114416044496572972e-01,-9.937674043017649117e-01,2.667385427473955087e-03,-1.444598693847656268e-01,2.450702097264015056e-01,2.488089729306027648e-02,-9.691860158166490935e-01,1.933297363281250014e+00,0.000000000000000000e+00,0.000000000000000000e+00,0.000000000000000000e+00,1.000000000000000000e+00
9.629778623259791503e-01,1.086233536612342954e-01,2.467277927382217351e-01,-1.096219024658203200e-01,1.114140393805015672e-01,-9.937705025442448159e-01,2.664601636207825086e-03,-1.444582977294922022e-01,2.454802405469909410e-01,2.492298762881474047e-02,-9.690811607851254061e-01,1.933312011718750112e+00,0.000000000000000000e+00,0.000000000000000000e+00,0.000000000000000000e+00,1.000000000000000000e+00
9.630734521671630022e-01,1.085463037248139972e-01,2.463883635208936607e-01,-1.096205978393554742e-01,1.114893333205446979e-01,-9.937635838427786306e-01,2.016924316246299781e-03,-1.444447021484374927e-01,2.450707128291018111e-01,2.552722812287722826e-02,-9.691690803661653364e-01,1.933319335937500050e+00,0.000000000000000000e+00,0.000000000000000000e+00,0.000000000000000000e+00,1.000000000000000000e+00
9.630589207166545540e-01,1.087476092609111489e-01,2.463563936822192046e-01,-1.096230392456054720e-01,1.114571218068622638e-01,-9.937648288010129116e-01,2.962268830451702736e-03,-1.444684448242187502e-01,2.451424590449452212e-01,2.460533515581101588e-02,-9.691747790028729659e-01,1.933340576171874936e+00,0.000000000000000000e+00,0.000000000000000000e+00,0.000000000000000000e+00,1.000000000000000000e+00
9.631888278235879453e-01,1.086701232823908403e-01,2.458822609738514631e-01,-1.096226043701171854e-01,1.114884661860137960e-01,-9.937626528698596529e-01,2.472178907252311694e-03,-1.444665374755859377e-01,2.446172599456409302e-01,2.503186103447729849e-02,-9.692965501175777598e-01,1.933313964843750066e+00,0.000000000000000000e+00,0.000000000000000000e+00,0.000000000000000000e+00,1.000000000000000000e+00
9.628914682837715899e-01,1.091899436954226338e-01,2.468148628063407957e-01,-1.096200485229492233e-01,1.113563011509784845e-01,-9.937669016504871999e-01,5.207626903264242837e-03,-1.444664916992187409e-01,2.458450619807015514e-01,2.247001067604215141e-02,-9.690486593148578409e-01,1.933304565429687649e+00,0.000000000000000000e+00,0.000000000000000000e+00,0.000000000000000000e+00,1.000000000000000000e+00
9.630989450409800368e-01,1.083352324230301700e-01,2.463816135120468487e-01,-1.096247940063476561e-01,1.115015934607543335e-01,-9.937636393896794873e-01,1.106201921935244525e-03,-1.444586029052734311e-01,2.449649295647527425e-01,2.640656060200680111e-02,-9.691722637593941370e-01,1.933382080078124954e+00,0.000000000000000000e+00,0.000000000000000000e+00,0.000000000000000000e+00,1.000000000000000000e+00
9.630021986702250736e-01,1.087339089741847370e-01,2.465840676027266365e-01,-1.096182098388671922e-01,1.114882364017828059e-01,-9.937617890173793267e-01,2.807104023327407216e-03,-1.444775543212890589e-01,2.453510515574215678e-01,2.478797547544564842e-02,-9.691173395267964619e-01,1.933324340820312459e+00,0.000000000000000000e+00,0.000000000000000000e+00,0.000000000000000000e+00,1.000000000000000000e+00
9.630126659859711280e-01,1.086320210036651607e-01,2.465880961507510571e-01,-1.096247787475585905e-01,1.114450767156309613e-01,-9.937672904147863973e-01,2.562689505406274063e-03,-1.444720306396484466e-01,2.453295743004498264e-01,2.501312683998626468e-02,-9.691169916265255369e-01,1.933375488281249943e+00,0.000000000000000000e+00,0.000000000000000000e+00,0.000000000000000000e+00,1.000000000000000000e+00
9.630649336509561342e-01,1.086455372672533864e-01,2.463779227199340838e-01,-1.096273345947265665e-01,1.114677585079195815e-01,-9.937648910154611714e-01,2.506032371901178307e-03,-1.444705200195312567e-01,2.451139987538453191e-01,2.504972289145632539e-02,-9.691705933415238894e-01,1.933384277343749957e+00,0.000000000000000000e+00,0.000000000000000000e+00,0.000000000000000000e+00,1.000000000000000000e+00
9.631127083544017697e-01,1.085093846486259866e-01,2.462511410114188171e-01,-1.096153717041015579e-01,1.114598734843560562e-01,-9.937669865505069922e-01,1.968005380065548579e-03,-1.444468536376953272e-01,2.449298013903177251e-01,2.555171003086010445e-02,-9.692040561746522176e-01,1.933285644531250069e+00,0.000000000000000000e+00,0.000000000000000000e+00,0.000000000000000000e+00,1.000000000000000000e+00
9.630633901666709740e-01,1.086511067972140143e-01,2.463814999394623728e-01,-1.096252593994140601e-01,1.114013661592344329e-01,-9.937715745895003838e-01,2.791622424643798103e-03,-1.444378356933593843e-01,2.451502440107598269e-01,2.475872633327468042e-02,-9.691689034073571740e-01,1.933335693359375052e+00,0.000000000000000000e+00,0.000000000000000000e+00,0.000000000000000000e+00,1.000000000000000000e+00
9.630630664446540035e-01,1.085294027400458827e-01,2.464363990791720027e-01,-1.096221847534179644e-01,1.114831826286176442e-01,-9.937643531929691854e-01,1.977451378432510884e-03,-1.444699859619140714e-01,2.451143203511665092e-01,2.556910369662381000e-02,-9.691569485356523739e-01,1.933329956054687493e+00,0.000000000000000000e+00,0.000000000000000000e+00,0.000000000000000000e+00,1.000000000000000000e+00
9.630659963641463595e-01,1.085556314914834786e-01,2.464133955746305726e-01,-1.096262054443359335e-01,1.114070656847917229e-01,-9.937719996433718173e-01,2.382947821247139580e-03,-1.444414367675781186e-01,2.451374152646605131e-01,2.515725732864228237e-02,-9.691618853633596764e-01,1.933312744140625039e+00,0.000000000000000000e+00,0.000000000000000000e+00,0.000000000000000000e+00,1.000000000000000000e+00
9.632008627986110572e-01,1.085011065710992650e-01,2.459097553511407630e-01,-1.096280517578124974e-01,1.115712614819353021e-01,-9.937553692655620718e-01,1.455907687940571904e-03,-1.444639434814453116e-01,2.445321073301838510e-01,2.603413007406137764e-02,-9.692916344196653711e-01,1.933322998046875130e+00,0.000000000000000000e+00,0.000000000000000000e+00,0.000000000000000000e+00,1.000000000000000000e+00
9.632862142504758918e-01,1.086011841120970156e-01,2.455309598491335621e-01,-1.096213684082031209e-01,1.115511257329835082e-01,-9.937568720839646819e-01,1.904083401274608150e-03,-1.444696960449218803e-01,2.442048643714750666e-01,2.555507768223983303e-02,-9.693868795387960979e-01,1.933289062500000099e+00,0.000000000000000000e+00,0.000000000000000000e+00,0.000000000000000000e+00,1.000000000000000000e+00
9.630958837597246580e-01,1.084002913919157873e-01,2.463649640497262705e-01,-1.096254653930664041e-01,1.115312130450981098e-01,-9.937601416354829853e-01,1.252762273586409750e-03,-1.444665985107422002e-01,2.449634813635781783e-01,2.627085310325741330e-02,-9.691763178469968709e-01,1.933309692382812583e+00,0.000000000000000000e+00,0.000000000000000000e+00,0.000000000000000000e+00,1.000000000000000000e+00
9.632751808838895258e-01,1.087970349105905066e-01,2.454875375406534721e-01,-1.096162719726562484e-01,1.114351626292834907e-01,-9.937666771473103733e-01,3.161632707730467270e-03,-1.444767761230468794e-01,2.443013107269282058e-01,2.431042135087756878e-02,-9.693945909643026937e-01,1.933286254882812472e+00,0.000000000000000000e+00,0.000000000000000000e+00,0.000000000000000000e+00,1.000000000000000000e+00
9.629652656087027696e-01,1.087446634714265004e-01,2.467235201549438095e-01,-1.096116561889648455e-01,1.113929187323794423e-01,-9.937711553361278094e-01,3.241678296747874111e-03,-1.444435272216796906e-01,2.455392328884373754e-01,2.436162942794044967e-02,-9.690804900131740895e-01,1.933279418945312633e+00,0.000000000000000000e+00,0.000000000000000000e+00,0.000000000000000000e+00,1.000000000000000000e+00
9.630739698730708120e-01,1.087479577311081941e-01,2.462974020208840431e-01,-1.096284027099609371e-01,1.114570139715882618e-01,-9.937648535909375802e-01,2.958006747836475908e-03,-1.444581909179687429e-01,2.450833788518941014e-01,2.460279367665735295e-02,-9.691897853123727646e-01,1.933365356445312599e+00,0.000000000000000000e+00,0.000000000000000000e+00,0.000000000000000000e+00,1.000000000000000000e+00
9.630972413213404471e-01,1.086119586057048836e-01,2.462664130714072308e-01,-1.096304626464843779e-01,1.114983340394270495e-01,-9.937621047010215536e-01,2.236239394319413168e-03,-1.444826507568359453e-01,2.449731113115410364e-01,2.530457879572414748e-02,-9.691995940085379457e-01,1.933372192382812438e+00,0.000000000000000000e+00,0.000000000000000000e+00,0.000000000000000000e+00,1.000000000000000000e+00
9.632688480939067821e-01,1.086628787454523432e-01,2.455717920987449954e-01,-1.096304016113281293e-01,1.115450790192090841e-01,-9.937569726942517834e-01,2.185078523718120974e-03,-1.444720916748046813e-01,2.442761176178230575e-01,2.528750688200660443e-02,-9.693759437685959268e-01,1.933354248046875057e+00,0.000000000000000000e+00,0.000000000000000000e+00,0.000000000000000000e+00,1.000000000000000000e+00
9.631497760712932621e-01,1.090040345003769062e-01,2.458874322051827765e-01,-1.096224594116210899e-01,1.115210222091049808e-01,-9.937551552719459114e-01,3.708500487688589156e-03,-1.444857940673828223e-01,2.447561448855861133e-01,2.384977637361643255e-02,-9.692912966222664295e-01,1.933322753906250080e+00,0.000000000000000000e+00,0.000000000000000000e+00,0.000000000000000000e+00,1.000000000000000000e+00
9.629998988929342474e-01,1.086316038155149266e-01,2.466381344899193917e-01,-1.096318130493164067e-01,1.114670855031350549e-01,-9.937650334822794029e-01,2.479330030672011881e-03,-1.444590148925781192e-01,2.453696875770015051e-01,2.510443945666220034e-02,-9.691044750376152095e-01,1.933354003906250007e+00,0.000000000000000000e+00,0.000000000000000000e+00,0.000000000000000000e+00,1.000000000000000000e+00
9.633387776801777269e-01,1.089631803685738032e-01,2.451640771842951705e-01,-1.096284484863281339e-01,1.115762612327374503e-01,-9.937505639710885186e-01,3.248774610178374253e-03,-1.444620819091796959e-01,2.439859367811704760e-01,2.422482055887029140e-02,-9.694761578924494527e-01,1.933337280273437431e+00,0.000000000000000000e+00,0.000000000000000000e+00,0.000000000000000000e+00,1.000000000000000000e+00
9.628776975386664772e-01,1.085612722321214751e-01,2.471456852829518602e-01,-1.096268463134765642e-01,1.114668244381110396e-01,-9.937656133800353286e-01,2.247824078013129639e-03,-1.444450378417968806e-01,2.458489101711049118e-01,2.538416503936217691e-02,-9.689757259771446529e-01,1.933344848632812640e+00,0.000000000000000000e+00,0.000000000000000000e+00,0.000000000000000000e+00,1.000000000000000000e+00
9.630183974280314141e-01,1.085568369857479176e-01,2.465988227035889324e-01,-1.096288528442382892e-01,1.113938008423952519e-01,-9.937732991308324548e-01,2.459891970380781445e-03,-1.444627838134765752e-01,2.453303636915559471e-01,2.510065892105053584e-02,-9.691145286150127935e-01,1.933358764648437589e+00,0.000000000000000000e+00,0.000000000000000000e+00,0.000000000000000000e+00,1.000000000000000000e+00
9.631843249706203425e-01,1.086987050427481172e-01,2.458872661463382125e-01,-1.096279525756835987e-01,1.115278602148577769e-01,-9.937583281020309078e-01,2.433459215067967571e-03,-1.444870300292968868e-01,2.446170323726163942e-01,2.507941087597356095e-02,-9.692953784184304977e-01,1.933369628906250082e+00,0.000000000000000000e+00,0.000000000000000000e+00,0.000000000000000000e+00,1.000000000000000000e+00
9.630431909045140682e-01,1.087607370491985165e-01,2.464120827576578854e-01,-1.096230392456054720e-01,1.114528034963455233e-01,-9.937650825108397257e-01,3.038646907580969461e-03,-1.444622344970703243e-01,2.452062092306325491e-01,2.453696922480556181e-02,-9.691603851251888724e-01,1.933369018554687457e+00,0.000000000000000000e+00,0.000000000000000000e+00,0.000000000000000000e+00,1.000000000000000000e+00
9.632369010784406216e-01,1.087378022794061039e-01,2.456639223741403089e-01,-1.096283721923828197e-01,1.115143381602495820e-01,-9.937593622046313468e-01,2.623435786563292280e-03,-1.444920501708984450e-01,2.444160894570657216e-01,2.486805955617567288e-02,-9.693515125218644668e-01,1.933360595703125018e+00,0.000000000000000000e+00,0.000000000000000000e+00,0.000000000000000000e+00,1.000000000000000000e+00
9.635337612841643473e-01,1.086976422381621954e-01,2.445148532041673539e-01,-1.096215438842773476e-01,1.115628231015545480e-01,-9.937550698977308805e-01,2.144190795415307216e-03,-1.444548797607421997e-01,2.432209435209111426e-01,2.521276709170170230e-02,-9.696431761263404336e-01,1.933311157226562438e+00,0.000000000000000000e+00,0.000000000000000000e+00,0.000000000000000000e+00,1.000000000000000000e+00
9.630872277492148470e-01,1.089076042149261514e-01,2.461749895714378245e-01,-1.096147003173828099e-01,1.114607895972193341e-01,-9.937623765954859412e-01,3.582072815586402614e-03,-1.444512634277343721e-01,2.450295576633499117e-01,2.398901013916075048e-02,-9.692187798757547768e-01,1.933292724609374957e+00,0.000000000000000000e+00,0.000000000000000000e+00,0.000000000000000000e+00,1.000000000000000000e+00
9.633003139622332567e-01,1.089097915571397845e-01,2.453388726297633382e-01,-1.096224136352539069e-01,1.115084912433169650e-01,-9.937579450913224255e-01,3.317069265388734173e-03,-1.444522399902343768e-01,2.441687152378493875e-01,2.416203366549777784e-02,-9.694317070470953590e-01,1.933318847656249950e+00,0.000000000000000000e+00,0.000000000000000000e+00,0.000000000000000000e+00,1.000000000000000000e+00
9.631084622761957315e-01,1.086742604101660348e-01,2.461950345077762725e-01,-1.096137084960937536e-01,1.113866682078595849e-01,-9.937728389076004865e-01,2.924858130034079656e-03,-1.444543762207031179e-01,2.449797951618335745e-01,2.460588900714705957e-02,-9.692158945191903241e-01,1.933291259765625103e+00,0.000000000000000000e+00,0.000000000000000000e+00,0.000000000000000000e+00,1.000000000000000000e+00
9.630044515100945057e-01,1.087780455519346129e-01,2.465558013465589671e-01,-1.096224288940429725e-01,1.114646844893899952e-01,-9.937636316211021503e-01,3.077105607501245607e-03,-1.444495697021484504e-01,2.453529100773482741e-01,2.451899820833253196e-02,-9.691237115267775648e-01,1.933306640625000128e+00,0.000000000000000000e+00,0.000000000000000000e+00,0.000000000000000000e+00,1.000000000000000000e+00
9.632271789996732503e-01,1.086988573213390485e-01,2.457192708221446475e-01,-1.096228256225585951e-01,1.114925361237344703e-01,-9.937619832372973638e-01,2.556376531625919463e-03,-1.444499969482422042e-01,2.444643450997078526e-01,2.493349332341665212e-02,-9.693376629872906269e-01,1.933294433593750083e+00,0.000000000000000000e+00,0.000000000000000000e+00,0.000000000000000000e+00,1.000000000000000000e+00
9.632142810962746049e-01,1.086098246826904257e-01,2.458091834626671413e-01,-1.096189804077148527e-01,1.115588403488189384e-01,-9.937559388271065552e-01,1.938862007347112032e-03,-1.444715881347656272e-01,2.444849153469690617e-01,2.555464787963349430e-02,-9.693162982945938699e-01,1.933263916015625083e+00,0.000000000000000000e+00,0.000000000000000000e+00,0.000000000000000000e+00,1.000000000000000000e+00
9.631447394663418260e-01,1.086733138496906725e-01,2.460534935643865218e-01,-1.096265258789062558e-01,1.114591816318707962e-01,-9.937655611011907419e-01,2.619236375260567892e-03,-1.444566040039062527e-01,2.448041291895759752e-01,2.490221729409820145e-02,-9.692527110643390786e-01,1.933283935546874943e+00,0.000000000000000000e+00,0.000000000000000000e+00,0.000000000000000000e+00,1.000000000000000000e+00
9.633527308135458878e-01,1.086959348177210655e-01,2.452278731877472751e-01,-1.096293334960937588e-01,1.115168676597618896e-01,-9.937596528421976938e-01,2.395957076063553667e-03,-1.444695434570312520e-01,2.439579969204520304e-01,2.503889248862501554e-02,-9.694625055160741578e-01,1.933297729492187589e+00,0.000000000000000000e+00,0.000000000000000000e+00,0.000000000000000000e+00,1.000000000000000000e+00
9.633953888558439704e-01,1.087823477789203047e-01,2.450218878855586202e-01,-1.096237335205078184e-01,1.114856312446427938e-01,-9.937619509572601650e-01,2.852867961109008602e-03,-1.444725646972656319e-01,2.438037710070964925e-01,2.456798000092860063e-02,-9.695133498830188490e-01,1.933324218749999934e+00,0.000000000000000000e+00,0.000000000000000000e+00,0.000000000000000000e+00,1.000000000000000000e+00
9.633244446100895919e-01,1.087709216989942856e-01,2.453057296709840185e-01,-1.096201171875000047e-01,1.115524035388984064e-01,-9.937552287679666252e-01,2.570323135551878108e-03,-1.444443511962890669e-01,2.440534279237999149e-01,2.488838863963755213e-02,-9.694423615819379725e-01,1.933291870117187505e+00,0.000000000000000000e+00,0.000000000000000000e+00,0.000000000000000000e+00,1.000000000000000000e+00
9.631623271401404951e-01,1.087682551697592148e-01,2.459426726806791252e-01,-1.096178054809570368e-01,1.115343529896686559e-01,-9.937569167830427874e-01,2.697860084791019533e-03,-1.444679718017578274e-01,2.447006736426475537e-01,2.483257967242358255e-02,-9.692806215465404884e-01,1.933285034179687445e+00,0.000000000000000000e+00,0.000000000000000000e+00,0.000000000000000000e+00,1.000000000000000000e+00
9.632046364062201160e-01,1.088213074631786542e-01,2.457534362884184476e-01,-1.096185836791992163e-01,1.115084535551166683e-01,-9.937589640836836935e-01,2.997680615134241250e-03,-1.444843444824218670e-01,2.445458917898801765e-01,2.451620576941507951e-02,-9.693277373847113410e-01,1.933296875000000137e+00,0.000000000000000000e+00,0.000000000000000000e+00,0.000000000000000000e+00,1.000000000000000000e+00
9.632242664377922425e-01,1.087985752525227612e-01,2.456865534952985264e-01,-1.096205444335937584e-01,1.114657957806180211e-01,-9.937635385009279121e-01,3.066906765536015975e-03,-1.444643249511718686e-01,2.444880138501080158e-01,2.443152817848429775e-02,-9.693444751555008176e-01,1.933297485351562539e+00,0.000000000000000000e+00,0.000000000000000000e+00,0.000000000000000000e+00,1.000000000000000000e+00
9.629986705749667975e-01,1.088189345245606926e-01,2.465603373614376759e-01,-1.096238098144531325e-01,1.114581575917685113e-01,-9.937637476509434409e-01,3.270009327250222517e-03,-1.444483642578124893e-01,2.453785638092599863e-01,2.433214630260101957e-02,-9.691219258066622322e-01,1.933305419921875101e+00,0.000000000000000000e+00,0.000000000000000000e+00,0.000000000000000000e+00,1.000000000000000000e+00
9.630379901805007359e-01,1.087879993585256638e-01,2.464203738830690882e-01,-1.096089935302734381e-01,1.115013811577977437e-01,-9.937598744804895246e-01,2.958694378503452099e-03,-1.444363250732421944e-01,2.452045502616247430e-01,2.462687694555080326e-02,-9.691585244235864094e-01,1.933271972656249948e+00,0.000000000000000000e+00,0.000000000000000000e+00,0.000000000000000000e+00,1.000000000000000000e+00
9.630908650962627382e-01,1.088309815163295002e-01,2.461946446012280298e-01,-1.096267547607421844e-01,1.114578620638775330e-01,-9.937637382712160017e-01,3.282907456507137486e-03,-1.444451293945312464e-01,2.450165924019887531e-01,2.427859055651059028e-02,-9.692148469190448035e-01,1.933312622070312514e+00,0.000000000000000000e+00,0.000000000000000000e+00,0.000000000000000000e+00,1.000000000000000000e+00
9.630860251953050621e-01,1.089398546746330465e-01,2.461654243328620928e-01,-1.096107864379882862e-01,1.114789428277766503e-01,-9.937601264454789529e-01,3.640932994007528567e-03,-1.444605865478515716e-01,2.450260259227772797e-01,2.393572958017735688e-02,-9.692209900068999850e-01,1.933238647460937543e+00,0.000000000000000000e+00,0.000000000000000000e+00,0.000000000000000000e+00,1.000000000000000000e+00
9.631960606372232947e-01,1.084506142547805446e-01,2.459508346005266077e-01,-1.096141662597656247e-01,1.114803325185121513e-01,-9.937653291566407310e-01,1.614319595329231569e-03,-1.444608459472656314e-01,2.445924860548597535e-01,2.586377454964169237e-02,-9.692809607804896421e-01,1.933279418945312633e+00,0.000000000000000000e+00,0.000000000000000000e+00,0.000000000000000000e+00,1.000000000000000000e+00
9.630895725955525011e-01,1.089024842465378673e-01,2.461680809582117158e-01,-1.096210479736328125e-01,1.114337052685673846e-01,-9.937651020029579785e-01,3.667611098394717162e-03,-1.444785003662109324e-01,2.450326600431750046e-01,2.389918337482652144e-02,-9.692202146809477670e-01,1.933284179687499993e+00,0.000000000000000000e+00,0.000000000000000000e+00,0.000000000000000000e+00,1.000000000000000000e+00
9.631680826746789048e-01,1.091028764930007944e-01,2.457718593690831621e-01,-1.096160354614257870e-01,1.114067189475577979e-01,-9.937644625382429098e-01,4.553676472644790918e-03,-1.444521331787109453e-01,2.447361589347255284e-01,2.299468062467206406e-02,-9.693170055110176264e-01,1.933266601562499964e+00,0.000000000000000000e+00,0.000000000000000000e+00,0.000000000000000000e+00,1.000000000000000000e+00
9.628534824773299361e-01,1.090952157917080695e-01,2.470048687225399608e-01,-1.096124420166015717e-01,1.113503001955576527e-01,-9.937693149264791304e-01,4.864088497959686425e-03,-1.444495391845703192e-01,2.459965079582182579e-01,2.282066173268071721e-02,-9.690020306843764031e-01,1.933260620117187578e+00,0.000000000000000000e+00,0.000000000000000000e+00,0.000000000000000000e+00,1.000000000000000000e+00
9.628373993681639265e-01,1.088801942674072210e-01,2.471623872563188939e-01,-1.096179428100585995e-01,1.114198308747610666e-01,-9.937664196215562074e-01,3.731557368268615185e-03,-1.444499816894531385e-01,2.460279733400056457e-01,2.394590839464438847e-02,-9.689668878787164319e-01,1.933297607421875064e+00,0.000000000000000000e+00,0.000000000000000000e+00,0.000000000000000000e+00,1.000000000000000000e+00
9.628522304361446515e-01,1.087656978288384230e-01,2.471550228499252988e-01,-1.096332473754882825e-01,1.114266746799634361e-01,-9.937673817854058012e-01,3.238374460339627989e-03,-1.444484558105468830e-01,2.459668240106923087e-01,2.442158625449209614e-02,-9.689705401150787711e-01,1.933338012695312580e+00,0.000000000000000000e+00,0.000000000000000000e+00,0.000000000000000000e+00,1.000000000000000000e+00
9.630198793355155829e-01,1.087169573230968439e-01,2.465224841571601044e-01,-1.096283798217773525e-01,1.114146617618887863e-01,-9.937694094481925866e-01,3.022249075512078650e-03,-1.444778289794921844e-01,2.453150732203246420e-01,2.455573324904906235e-02,-9.691323598020593622e-01,1.933347778320312571e+00,0.000000000000000000e+00,0.000000000000000000e+00,0.000000000000000000e+00,1.000000000000000000e+00
9.632338758415007751e-01,1.091403952022458601e-01,2.454971986937083683e-01,-1.096191864013671829e-01,1.114276880591340280e-01,-9.937619103364917494e-01,4.597379488693360480e-03,-1.444502105712890672e-01,2.444675249704076070e-01,2.292683361182545204e-02,-9.693863984683191992e-01,1.933309692382812583e+00,0.000000000000000000e+00,0.000000000000000000e+00,0.000000000000000000e+00,1.000000000000000000e+00
9.630453239466393311e-01,1.088092863494326962e-01,2.463823111114920028e-01,-1.096275253295898450e-01,1.113683791962740005e-01,-9.937727902932461665e-01,3.567266176048628293e-03,-1.444677276611328054e-01,2.452361884790004165e-01,2.400375964100234794e-02,-9.691661526195544107e-01,1.933309570312500059e+00,0.000000000000000000e+00,0.000000000000000000e+00,0.000000000000000000e+00,1.000000000000000000e+00
9.631638659714970574e-01,1.087923737294691773e-01,2.459259781014354329e-01,-1.096238937377929656e-01,1.114783877208872231e-01,-9.937622807353471144e-01,3.016365168971271021e-03,-1.444646453857421908e-01,2.447201184169207899e-01,2.451017760010210100e-02,-9.692839185893985521e-01,1.933283813476562640e+00,0.000000000000000000e+00,0.000000000000000000e+00,0.000000000000000000e+00,1.000000000000000000e+00
9.632008062525309056e-01,1.088565832392213578e-01,2.457528252532555912e-01,-1.096229248046875077e-01,1.114915723218797422e-01,-9.937601989481313902e-01,3.208782910279395564e-03,-1.444544677734375115e-01,2.445686736597100785e-01,2.430866660375916727e-02,-9.693272164714440420e-01,1.933287231445312448e+00,0.000000000000000000e+00,0.000000000000000000e+00,0.000000000000000000e+00,1.000000000000000000e+00
9.630611328407664429e-01,1.085982592578643990e-01,2.464136207631807962e-01,-1.096222305297851612e-01,1.114715428717805712e-01,-9.937649601930377274e-01,2.301960537176900648e-03,-1.444570770263672033e-01,2.451272109359624030e-01,2.525117776840526962e-02,-9.691620238536301501e-01,1.933287719726562548e+00,0.000000000000000000e+00,0.000000000000000000e+00,0.000000000000000000e+00,1.000000000000000000e+00
9.631648182928302937e-01,1.087108180031303162e-01,2.459583112074683053e-01,-1.096183776855468722e-01,1.114504635473219096e-01,-9.937660543322757167e-01,2.797039854516784885e-03,-1.444461669921875135e-01,2.447290889494475596e-01,2.471815741415533604e-02,-9.692763722055866005e-01,1.933275268554687454e+00,0.000000000000000000e+00,0.000000000000000000e+00,0.000000000000000000e+00,1.000000000000000000e+00
9.631980283268229970e-01,1.085815883596508713e-01,2.458853328212490807e-01,-1.096239700317382798e-01,1.114959336261155121e-01,-9.937627113724306627e-01,2.080930214129491848e-03,-1.444548797607421997e-01,2.445776257390727682e-01,2.541086686853807203e-02,-9.692966897874085719e-01,1.933324218749999934e+00,0.000000000000000000e+00,0.000000000000000000e+00,0.000000000000000000e+00,1.000000000000000000e+00
9.630594456297446593e-01,1.083467459482548995e-01,2.465309044029842522e-01,-1.096235275268554743e-01,1.115438122037309271e-01,-9.937590111560016259e-01,1.002848595203853846e-03,-1.444656219482421955e-01,2.451009631608734862e-01,2.653319409099482579e-02,-9.691344114563994472e-01,1.933313598632812491e+00,0.000000000000000000e+00,0.000000000000000000e+00,0.000000000000000000e+00,1.000000000000000000e+00
9.633453156510259907e-01,1.089368334651873022e-01,2.451500951005385065e-01,-1.096258010864257781e-01,1.114970018740342877e-01,-9.937587667405466396e-01,3.454287105835869912e-03,-1.444505004882812582e-01,2.439963552726282237e-01,2.400582931052369640e-02,-9.694789831516655854e-01,1.933335327148437477e+00,0.000000000000000000e+00,0.000000000000000000e+00,0.000000000000000000e+00,1.000000000000000000e+00
9.632477981589576688e-01,1.085483725425864521e-01,2.457049656809481286e-01,-1.096238098144531325e-01,1.115114015708048301e-01,-9.937614057972828929e-01,1.864314223203850096e-03,-1.444632110595703289e-01,2.443744803813089339e-01,2.560310852541148804e-02,-9.693428671900367055e-01,1.933309204101562484e+00,0.000000000000000000e+00,0.000000000000000000e+00,0.000000000000000000e+00,1.000000000000000000e+00
9.633224549949237492e-01,1.089169681650152960e-01,2.452487344478956888e-01,-1.096231231689453189e-01,1.115802158099701985e-01,-9.937507426210412387e-01,3.052372836000882481e-03,-1.444509887695312467e-01,2.440485671794733191e-01,2.442448742288208519e-02,-9.694553838479498253e-01,1.933303222656250098e+00,0.000000000000000000e+00,0.000000000000000000e+00,0.000000000000000000e+00,1.000000000000000000e+00
9.632106756359843924e-01,1.087849719178077962e-01,2.457458529166100802e-01,-1.096202316284179690e-01,1.114864446370158052e-01,-9.937616189420206414e-01,2.935537417894693024e-03,-1.444420623779296975e-01,2.445321389982674509e-01,2.456979044631881978e-02,-9.693298501513072374e-01,1.933310913085937610e+00,0.000000000000000000e+00,0.000000000000000000e+00,0.000000000000000000e+00,1.000000000000000000e+00
9.631945793028074965e-01,1.083603640775747112e-01,2.459964103369468302e-01,-1.096213989257812521e-01,1.114669296711967017e-01,-9.937672889668930365e-01,1.303445076998442642e-03,-1.444571075439453067e-01,2.446044275792336464e-01,2.616499333781146380e-02,-9.692698629031381019e-01,1.933302001953125071e+00,0.000000000000000000e+00,0.000000000000000000e+00,0.000000000000000000e+00,1.000000000000000000e+00
9.630555600766430580e-01,1.086369909671971862e-01,2.464183280502016127e-01,-1.096217498779296917e-01,1.114995976187905941e-01,-9.937617014755102396e-01,2.349555563654549817e-03,-1.444467620849609335e-01,2.451363456044644840e-01,2.521279187420609122e-02,-9.691607127765737850e-01,1.933308471679687557e+00,0.000000000000000000e+00,0.000000000000000000e+00,0.000000000000000000e+00,1.000000000000000000e+00
9.630407199749572156e-01,1.089331368737793543e-01,2.463455771085709956e-01,-1.096261291503906332e-01,1.114495616957695417e-01,-9.937630246124035116e-01,3.747814166802330982e-03,-1.444733428955078114e-01,2.452173869609113044e-01,2.384580894091197292e-02,-9.691748090659478843e-01,1.933309692382812583e+00,0.000000000000000000e+00,0.000000000000000000e+00,0.000000000000000000e+00,1.000000000000000000e+00
9.630742351661154554e-01,1.084956898243051304e-01,2.464075949494053119e-01,-1.096244201660156320e-01,1.115228162262922040e-01,-9.937604534904664888e-01,1.680041481431747072e-03,-1.444774627685546931e-01,2.450524005598775645e-01,2.586206426352794657e-02,-9.691648335612836895e-01,1.933355102539062509e+00,0.000000000000000000e+00,0.000000000000000000e+00,0.000000000000000000e+00,1.000000000000000000e+00
9.630717372444127511e-01,1.086390679855291225e-01,2.463541796443985132e-01,-1.096246109008789105e-01,1.114279785840446707e-01,-9.937690201244008259e-01,2.634431563430792919e-03,-1.444769592285156390e-01,2.451053538984872271e-01,2.491360167106111689e-02,-9.691762883717663923e-01,1.933350097656250099e+00,0.000000000000000000e+00,0.000000000000000000e+00,0.000000000000000000e+00,1.000000000000000000e+00
9.633764899837681250e-01,1.087664159840255607e-01,2.451032543654715623e-01,-1.096215667724609460e-01,1.115122140453202737e-01,-9.937594217498303406e-01,2.690316366849295621e-03,-1.444740905761718874e-01,2.438662843963179394e-01,2.474021902556588354e-02,-9.694932474738034989e-01,1.933321899414062628e+00,0.000000000000000000e+00,0.000000000000000000e+00,0.000000000000000000e+00,1.000000000000000000e+00
9.631390060393181241e-01,1.085795788665466499e-01,2.461173096284731687e-01,-1.096088714599609409e-01,1.115152461526008887e-01,-9.937606678513075664e-01,2.021115347547489463e-03,-1.444560089111328050e-01,2.448011538394359587e-01,2.549921733870737228e-02,-9.692379403397259896e-01,1.933278686523437484e+00,0.000000000000000000e+00,0.000000000000000000e+00,0.000000000000000000e+00,1.000000000000000000e+00
9.632820901965374327e-01,1.087023307865982863e-01,2.455023787830801774e-01,-1.096149597167968837e-01,1.115417117676916620e-01,-9.937569682149195449e-01,2.352585859112243938e-03,-1.444622802734374933e-01,2.442254311952856694e-01,2.511755174877253194e-02,-9.693931335385167491e-01,1.933253417968749943e+00,0.000000000000000000e+00,0.000000000000000000e+00,0.000000000000000000e+00,1.000000000000000000e+00
9.632446904803085852e-01,1.088996663788534547e-01,2.455616601264732080e-01,-1.096182403564453095e-01,1.114775921922883939e-01,-9.937610596526550433e-01,3.420929265938602373e-03,-1.444572753906250007e-01,2.444021536331154321e-01,2.407943065371623975e-02,-9.693749369149630146e-01,1.933318115234375023e+00,0.000000000000000000e+00,0.000000000000000000e+00,0.000000000000000000e+00,1.000000000000000000e+00
9.632976061269205026e-01,1.088867810022288302e-01,2.453597174621718613e-01,-1.096175537109374959e-01,1.114522491158376621e-01,-9.937638078838488820e-01,3.448232476761353346e-03,-1.444649658203125131e-01,2.442050740610550996e-01,2.402421826335220806e-02,-9.694259738317667630e-01,1.933289184570312624e+00,0.000000000000000000e+00,0.000000000000000000e+00,0.000000000000000000e+00,1.000000000000000000e+00
9.631466770197337768e-01,1.086885052800914964e-01,2.460391988399904528e-01,-1.096168518066406306e-01,1.114334618085651152e-01,-9.937680041702644518e-01,2.781632040534892311e-03,-1.444568939208984437e-01,2.448082150075930052e-01,2.473788001081322213e-02,-9.692558873472819636e-01,1.933288574218750000e+00,0.000000000000000000e+00,0.000000000000000000e+00,0.000000000000000000e+00,1.000000000000000000e+00
9.632615474574253156e-01,1.089057218364819501e-01,2.454928409163928127e-01,-1.096180725097656294e-01,1.114759161262051934e-01,-9.937611632371901038e-01,3.445368672619084430e-03,-1.444634399414062575e-01,2.443364715177613611e-01,2.404774818443124185e-02,-9.693922810160542358e-01,1.933323242187499957e+00,0.000000000000000000e+00,0.000000000000000000e+00,0.000000000000000000e+00,1.000000000000000000e+00
9.630010532259757339e-01,1.087023552222390471e-01,2.466024522481478076e-01,-1.096217575073242245e-01,1.114562311136599454e-01,-9.937653799020037537e-01,2.806822788291449960e-03,-1.444604949951171780e-01,2.453700878909250149e-01,2.478240660962151287e-02,-9.691126623313902622e-01,1.933329956054687493e+00,0.000000000000000000e+00,0.000000000000000000e+00,0.000000000000000000e+00,1.000000000000000000e+00
9.630542692110216629e-01,1.087008781373436095e-01,2.463951980997108604e-01,-1.096237564086914029e-01,1.114495610188528940e-01,-9.937661315430720288e-01,2.805556383864945755e-03,-1.444574737548828258e-01,2.451641692889284518e-01,2.475873361237269227e-02,-9.691653807306478408e-01,1.933310668945312560e+00,0.000000000000000000e+00,0.000000000000000000e+00,0.000000000000000000e+00,1.000000000000000000e+00
9.630722294960291086e-01,1.085355203364775367e-01,2.463978928457751794e-01,-1.096180038452148481e-01,1.114908830013180419e-01,-9.937635084363588556e-01,1.967818041718787797e-03,-1.444691772460937607e-01,2.450748126208290301e-01,2.557596773435899876e-02,-9.691667586609215013e-01,1.933283935546874943e+00,0.000000000000000000e+00,0.000000000000000000e+00,0.000000000000000000e+00,1.000000000000000000e+00
9.631318642181135870e-01,1.085918181417627054e-01,2.461398569114877644e-01,-1.096181564331054764e-01,1.115126910989361758e-01,-9.937608254181554690e-01,2.083647786891039411e-03,-1.444424743652343857e-01,2.448304144742122768e-01,2.544089025354476577e-02,-9.692320822442336281e-01,1.933286254882812472e+00,0.000000000000000000e+00,0.000000000000000000e+00,0.000000000000000000e+00,1.000000000000000000e+00
9.631038037077510605e-01,1.088348624809751530e-01,2.461423084161044605e-01,-1.096174240112304660e-01,1.114702352425288867e-01,-9.937624767710349083e-01,3.244444000669042052e-03,-1.444413452148437527e-01,2.449600986663679758e-01,2.431280466432111237e-02,-9.692282690835620773e-01,1.933264648437500011e+00,0.000000000000000000e+00,0.000000000000000000e+00,0.000000000000000000e+00,1.000000000000000000e+00
9.630171150655624235e-01,1.086815140926550433e-01,2.465489091140527222e-01,-1.096112747192382886e-01,1.113902928680733512e-01,-9.937722785141167581e-01,2.976761936359978780e-03,-1.444363098144531288e-01,2.453369901697790290e-01,2.459648250032796940e-02,-9.691257783709217311e-01,1.933232788085937459e+00,0.000000000000000000e+00,0.000000000000000000e+00,0.000000000000000000e+00,1.000000000000000000e+00
9.630922328245984376e-01,1.086358802864581391e-01,2.462754486084961780e-01,-1.096146087646484441e-01,1.114203961957839079e-01,-9.937698471212420559e-01,2.643154213845104808e-03,-1.444525146484375022e-01,2.450282562981344336e-01,2.489450676374122678e-02,-9.691962738003515598e-01,1.933258300781250050e+00,0.000000000000000000e+00,0.000000000000000000e+00,0.000000000000000000e+00,1.000000000000000000e+00
9.630167604643214974e-01,1.086850736913411303e-01,2.465487250453992085e-01,-1.096152954101562577e-01,1.114842397483788022e-01,-9.937627479853757828e-01,2.620115318259215106e-03,-1.444687194824218757e-01,2.452957059398515050e-01,2.496308220678547518e-02,-9.691268550474739785e-01,1.933276123046875128e+00,0.000000000000000000e+00,0.000000000000000000e+00,0.000000000000000000e+00,1.000000000000000000e+00
9.630556215868885106e-01,1.085450496249143054e-01,2.464586008477224754e-01,-1.096194152832031254e-01,1.114928207463779936e-01,-9.937632155672010414e-01,2.005569134440794016e-03,-1.444495849609375160e-01,2.451391862838500080e-01,2.554688997631388361e-02,-9.691512450389928590e-01,1.933277343749999932e+00,0.000000000000000000e+00,0.000000000000000000e+00,0.000000000000000000e+00,1.000000000000000000e+00
9.630424544134393861e-01,1.085904404090163172e-01,2.464900550714253791e-01,-1.096320953369140649e-01,1.114004003916278657e-01,-9.937723081532549019e-01,2.559363267904022146e-03,-1.444497528076171822e-01,2.452329133495816660e-01,2.499431534425329560e-02,-9.691419413122871473e-01,1.933330566406250117e+00,0.000000000000000000e+00,0.000000000000000000e+00,0.000000000000000000e+00,1.000000000000000000e+00
9.631008042896057608e-01,1.086951716754183811e-01,2.462157599163098398e-01,-1.096228790283203108e-01,1.114554345090304627e-01,-9.937656548540961809e-01,2.740319472787425270e-03,-1.444587249755859282e-01,2.449786253841706452e-01,2.480288061619139589e-02,-9.692111690534840340e-01,1.933322875976562605e+00,0.000000000000000000e+00,0.000000000000000000e+00,0.000000000000000000e+00,1.000000000000000000e+00
9.630460711264761109e-01,1.086300883911784920e-01,2.464584524498674156e-01,-1.096271591186523398e-01,1.114190306511572415e-01,-9.937699976841849470e-01,2.644108835136889379e-03,-1.444601135253906210e-01,2.452102454968292933e-01,2.491376324243916793e-02,-9.691497510212159217e-01,1.933331542968750094e+00,0.000000000000000000e+00,0.000000000000000000e+00,0.000000000000000000e+00,1.000000000000000000e+00
9.630729357649582267e-01,1.087642600611299915e-01,2.462942470510016135e-01,-1.096242294311523396e-01,1.114057835151955611e-01,-9.937697617044459752e-01,3.226781872701233941e-03,-1.444711914062500047e-01,2.451107337438128697e-01,2.433097727678645156e-02,-9.691897294897043880e-01,1.933302978515625048e+00,0.000000000000000000e+00,0.000000000000000000e+00,0.000000000000000000e+00,1.000000000000000000e+00
9.632076409519552129e-01,1.088131006095602038e-01,2.457452940495576665e-01,-1.096264648437500072e-01,1.114874599605828465e-01,-9.937611710869711512e-01,3.046491652659757965e-03,-1.444699401855468746e-01,2.445436294065075067e-01,2.446311459291348328e-02,-9.693296494697287713e-01,1.933330566406250117e+00,0.000000000000000000e+00,0.000000000000000000e+00,0.000000000000000000e+00,1.000000000000000000e+00
9.632015684145101009e-01,1.085973093630429737e-01,2.458645216433959779e-01,-1.096208877563476652e-01,1.115368737572687147e-01,-9.937583220029941877e-01,1.980717609641637414e-03,-1.444568023681640778e-01,2.445450150714250370e-01,2.551512980373764339e-02,-9.693021787630602404e-01,1.933276489257812480e+00,0.000000000000000000e+00,0.000000000000000000e+00,0.000000000000000000e+00,1.000000000000000000e+00
9.629448529879285346e-01,1.087101596401875703e-01,2.468183771421045558e-01,-1.096194686889648412e-01,1.114580046466835672e-01,-9.937650463260667699e-01,2.854102438697190408e-03,-1.444580535888671802e-01,2.455897459264883287e-01,2.476154057314782636e-02,-9.690575539173138520e-01,1.933293457031250107e+00,0.000000000000000000e+00,0.000000000000000000e+00,0.000000000000000000e+00,1.000000000000000000e+00
9.629103306918339600e-01,1.085258298638258345e-01,2.470340852985898339e-01,-1.096203308105468816e-01,1.114162159723975087e-01,-9.937711894479065444e-01,2.291253300114886107e-03,-1.444579925537109455e-01,2.457440169471784008e-01,2.531733152725897107e-02,-9.690040819619923917e-01,1.933297851562500114e+00,0.000000000000000000e+00,0.000000000000000000e+00,0.000000000000000000e+00,1.000000000000000000e+00
9.630420913283951334e-01,1.087607665874393281e-01,2.464163671129491195e-01,-1.096320190429687508e-01,1.114649047681172123e-01,-9.937638686562076940e-01,2.991380698355288609e-03,-1.444736938476562649e-01,2.452050271402805848e-01,2.458595136984680768e-02,-9.691594428474471501e-01,1.933359374999999991e+00,0.000000000000000000e+00,0.000000000000000000e+00,0.000000000000000000e+00,1.000000000000000000e+00
9.632536825312527640e-01,1.085023302187866218e-01,2.457022332561804023e-01,-1.096269607543945285e-01,1.114537476434814406e-01,-9.937677977307364241e-01,1.904292421292055199e-03,-1.444582214355468741e-01,2.443775874056461905e-01,2.555011801334821156e-02,-9.693434820760389314e-01,1.933341674804687438e+00,0.000000000000000000e+00,0.000000000000000000e+00,0.000000000000000000e+00,1.000000000000000000e+00
9.629760817105513793e-01,1.086895709296520490e-01,2.467055800433425317e-01,-1.096125717163086016e-01,1.113542971915461449e-01,-9.937757217180224201e-01,3.167873229914366928e-03,-1.444478607177734353e-01,2.455143306415549787e-01,2.442114032866045045e-02,-9.690853013820183159e-01,1.933284301757812518e+00,0.000000000000000000e+00,0.000000000000000000e+00,0.000000000000000000e+00,1.000000000000000000e+00
9.631489858159246742e-01,1.088433971214722851e-01,2.459616759269905584e-01,-1.096191558837890656e-01,1.114843360102238390e-01,-9.937610230698447067e-01,3.204972938372878041e-03,-1.444558715820312422e-01,2.447759668474745742e-01,2.433400768952106996e-02,-9.692742553703007635e-01,1.933300170898437642e+00,0.000000000000000000e+00,0.000000000000000000e+00,0.000000000000000000e+00,1.000000000000000000e+00
9.630948579473779247e-01,1.087442329790143103e-01,2.462173559867902595e-01,-1.096055603027343839e-01,1.115323038342963813e-01,-9.937573110645603336e-01,2.636646951901749567e-03,-1.444592285156250100e-01,2.449670177732793108e-01,2.492184783559660277e-02,-9.692110511667340056e-01,1.933261108398437456e+00,0.000000000000000000e+00,0.000000000000000000e+00,0.000000000000000000e+00,1.000000000000000000e+00
9.631502003421061886e-01,1.090024294478894040e-01,2.458864818476582947e-01,-1.096236953735351544e-01,1.114221969952824132e-01,-9.937647306392851654e-01,4.093183867542498147e-03,-1.444540405273437578e-01,2.447994803869186498e-01,2.345486115684608519e-02,-9.692899895750537453e-01,1.933309814453125108e+00,0.000000000000000000e+00,0.000000000000000000e+00,0.000000000000000000e+00,1.000000000000000000e+00
9.631752576380940845e-01,1.085915853049860130e-01,2.459701011804911741e-01,-1.096163406372070298e-01,1.114711320279339751e-01,-9.937651723152411964e-01,2.229129352501997910e-03,-1.444598236083984300e-01,2.446785846742661752e-01,2.527152338521005542e-02,-9.692748528191521551e-01,1.933335083007812649e+00,0.000000000000000000e+00,0.000000000000000000e+00,0.000000000000000000e+00,1.000000000000000000e+00
9.632074020045984231e-01,1.089926426190105657e-01,2.456666533709377931e-01,-1.096178131103515696e-01,1.114602034414737819e-01,-9.937613207182127706e-01,3.880785124021731564e-03,-1.444488830566406368e-01,2.445569949364301832e-01,2.364405420646368064e-02,-9.693466020615870704e-01,1.933313354492187441e+00,0.000000000000000000e+00,0.000000000000000000e+00,0.000000000000000000e+00,1.000000000000000000e+00
9.631063646373049236e-01,1.089523847414141933e-01,2.460802882277922932e-01,-1.096246948242187574e-01,1.114519693149269020e-01,-9.937625936880097877e-01,3.790240401907306322e-03,-1.444726409912109322e-01,2.449583412152749606e-01,2.377572807798989177e-02,-9.692420367603865605e-01,1.933337890625000055e+00,0.000000000000000000e+00,0.000000000000000000e+00,0.000000000000000000e+00,1.000000000000000000e+00
9.629775081860301178e-01,1.085435047798165298e-01,2.467643132584982635e-01,-1.096220474243164017e-01,1.114384458906398090e-01,-9.937687983848291218e-01,2.246805343539980473e-03,-1.444778442382812500e-01,2.454705511977012533e-01,2.533540855969686201e-02,-9.690729206658339479e-01,1.933373413085937464e+00,0.000000000000000000e+00,0.000000000000000000e+00,0.000000000000000000e+00,1.000000000000000000e+00
9.632051448089328227e-01,1.087414655153587789e-01,2.457867829871565324e-01,-1.096232452392578161e-01,1.115391146784427828e-01,-9.937567647995421138e-01,2.553098489543572519e-03,-1.444766235351562511e-01,2.445299059631617367e-01,2.495568257371768781e-02,-9.693205553360187965e-01,1.933350097656250099e+00,0.000000000000000000e+00,0.000000000000000000e+00,0.000000000000000000e+00,1.000000000000000000e+00
9.630160157229992191e-01,1.086373825939103005e-01,2.465726516954891701e-01,-1.096196060180664039e-01,1.114022740916833648e-01,-9.937715833061426807e-01,2.752006614135861506e-03,-1.444465484619140705e-01,2.453358652708611254e-01,2.481852768290560007e-02,-9.691204021665478230e-01,1.933329345703125091e+00,0.000000000000000000e+00,0.000000000000000000e+00,0.000000000000000000e+00,1.000000000000000000e+00
9.630806236909205120e-01,1.084649948400912278e-01,2.463961386983307966e-01,-1.096169204711914119e-01,1.114694151012392553e-01,-9.937662980933575918e-01,1.764729671033363895e-03,-1.444522399902343768e-01,2.450515900134004610e-01,2.576605651168206723e-02,-9.691675957045516876e-01,1.933305419921875101e+00,0.000000000000000000e+00,0.000000000000000000e+00,0.000000000000000000e+00,1.000000000000000000e+00
9.630252768058071844e-01,1.084506822402318688e-01,2.466186646519820391e-01,-1.096258697509765595e-01,1.115205365728559467e-01,-9.937609539498308830e-01,1.528504898394516739e-03,-1.444714355468749989e-01,2.452457668454255113e-01,2.603105695799484004e-02,-9.691113960314619025e-01,1.933341796874999963e+00,0.000000000000000000e+00,0.000000000000000000e+00,0.000000000000000000e+00,1.000000000000000000e+00
9.630927422573886121e-01,1.087242303113447051e-01,2.462344645949240962e-01,-1.096288223266601580e-01,1.115504502749826432e-01,-9.937556650690110294e-01,2.484992292991091561e-03,-1.444610443115234288e-01,2.449670730008257080e-01,2.507428735683778567e-02,-9.692071054521601559e-01,1.933351074218750076e+00,0.000000000000000000e+00,0.000000000000000000e+00,0.000000000000000000e+00,1.000000000000000000e+00
9.632232365003836616e-01,1.086045357136942030e-01,2.457764258185465289e-01,-1.096307067871093721e-01,1.115692415598820292e-01,-9.937548984929387430e-01,1.872447340299517038e-03,-1.444612274169921884e-01,2.444448833653085074e-01,2.561750463457400026e-02,-9.693247352940184136e-01,1.933354370117187582e+00,0.000000000000000000e+00,0.000000000000000000e+00,0.000000000000000000e+00,1.000000000000000000e+00
9.632159807418918529e-01,1.091222942571361681e-01,2.455754453105903068e-01,-1.096150817871093808e-01,1.114718589843563118e-01,-9.937580447519200888e-01,4.355817421907944020e-03,-1.444526977539062618e-01,2.445178911613780370e-01,2.317915845970694444e-02,-9.693676946933462713e-01,1.933304565429687649e+00,0.000000000000000000e+00,0.000000000000000000e+00,0.000000000000000000e+00,1.000000000000000000e+00
9.632255629611994330e-01,1.086090144647104822e-01,2.457653287896512662e-01,-1.096226425170898494e-01,1.114761834472376284e-01,-9.937645392121645660e-01,2.258567792343135067e-03,-1.444711608886718734e-01,2.444781695410019606e-01,2.522147064386007914e-02,-9.693267261540055024e-01,1.933308593750000082e+00,0.000000000000000000e+00,0.000000000000000000e+00,0.000000000000000000e+00,1.000000000000000000e+00
9.631205982048318681e-01,1.088851409411764337e-01,2.460543423631998128e-01,-1.096169052124023463e-01,1.114833659321245729e-01,-9.937605220423122443e-01,3.388797815595610829e-03,-1.444622955322265589e-01,2.448880814454035548e-01,2.416714530951319731e-02,-9.692501104738540096e-01,1.933311279296874963e+00,0.000000000000000000e+00,0.000000000000000000e+00,0.000000000000000000e+00,1.000000000000000000e+00
9.632838132654767405e-01,1.087694444912674641e-01,2.454658897806030193e-01,-1.096238784790039139e-01,1.114568935125990479e-01,-9.937648605423347048e-01,2.960209417448976532e-03,-1.444456329345703283e-01,2.442573560596348337e-01,2.450734372254742208e-02,-9.694007087445427606e-01,1.933324218749999934e+00,0.000000000000000000e+00,0.000000000000000000e+00,0.000000000000000000e+00,1.000000000000000000e+00
9.629347816458271314e-01,1.087302759572878197e-01,2.468488067359352056e-01,-1.096198120117187480e-01,1.113813782128014740e-01,-9.937724495827484628e-01,3.241456111160417874e-03,-1.444473419189453156e-01,2.456639877640186820e-01,2.437304947181914705e-02,-9.690485847341836489e-01,1.933292724609374957e+00,0.000000000000000000e+00,0.000000000000000000e+00,0.000000000000000000e+00,1.000000000000000000e+00
9.630657419733376079e-01,1.087987436162525662e-01,2.463071457040359180e-01,-1.096150054931640666e-01,1.114082244345799139e-01,-9.937690494878480552e-01,3.359138037224233472e-03,-1.444523925781250051e-01,2.451378880664482340e-01,2.420557100222579111e-02,-9.691860018421528666e-01,1.933300292968749945e+00,0.000000000000000000e+00,0.000000000000000000e+00,0.000000000000000000e+00,1.000000000000000000e+00
9.629783526104628288e-01,1.087254833983858776e-01,2.466808903491036487e-01,-1.096198196411132808e-01,1.114070845994288433e-01,-9.937700092606552849e-01,3.103255570009342754e-03,-1.444636688232421862e-01,2.454814736486134186e-01,2.449363088364817781e-02,-9.690917955185879284e-01,1.933264770507812536e+00,0.000000000000000000e+00,0.000000000000000000e+00,0.000000000000000000e+00,1.000000000000000000e+00
9.631967106370368237e-01,1.087238014095234517e-01,2.458276461772657961e-01,-1.096186752319335961e-01,1.115034114492537143e-01,-9.937605797299934318e-01,2.626672778625551222e-03,-1.444692687988281266e-01,2.445794060283304205e-01,2.488061859701324458e-02,-9.693099963195775937e-01,1.933324462890624984e+00,0.000000000000000000e+00,0.000000000000000000e+00,0.000000000000000000e+00,1.000000000000000000e+00
9.630674737298473564e-01,1.085380602697930963e-01,2.464153617704893107e-01,-1.096228485107421935e-01,1.114649912400448029e-01,-9.937661793193911519e-01,2.082442987700217074e-03,-1.444437408447265536e-01,2.451052769147720467e-01,2.546115303380917100e-02,-9.691620777324722047e-01,1.933301757812500021e+00,0.000000000000000000e+00,0.000000000000000000e+00,0.000000000000000000e+00,1.000000000000000000e+00
9.630806557066519114e-01,1.084468661187193983e-01,2.464039931345961831e-01,-1.096173248291015673e-01,1.114345648561557711e-01,-9.937700895845648086e-01,1.829426796938772234e-03,-1.444583129882812400e-01,2.450673139342837425e-01,2.569603619460980592e-02,-9.691654788347140448e-01,1.933289672851562502e+00,0.000000000000000000e+00,0.000000000000000000e+00,0.000000000000000000e+00,1.000000000000000000e+00
9.630105002502998834e-01,1.087120416750759488e-01,2.465612873151502293e-01,-1.096239624023437470e-01,1.114244096633818792e-01,-9.937684808794789992e-01,2.967716573380019263e-03,-1.444572601318359351e-01,2.453474624666706350e-01,2.461500366300230225e-02,-9.691226569716736572e-01,1.933327880859375014e+00,0.000000000000000000e+00,0.000000000000000000e+00,0.000000000000000000e+00,1.000000000000000000e+00
9.630283045760466010e-01,1.085769078171771734e-01,2.465512921771975952e-01,-1.096200180053710921e-01,1.114298502776279037e-01,-9.937694178892770847e-01,2.394271311475822464e-03,-1.444655303955078018e-01,2.452750966822581369e-01,2.516742253127518536e-02,-9.691267862311110370e-01,1.933306518554687603e+00,0.000000000000000000e+00,0.000000000000000000e+00,0.000000000000000000e+00,1.000000000000000000e+00
9.630643191874133091e-01,1.085378396820362717e-01,2.464277875265707407e-01,-1.096243667602539024e-01,1.114980567454824795e-01,-9.937627345155630731e-01,1.952134762694476486e-03,-1.444699249267578089e-01,2.451026324829361780e-01,2.559618810110484560e-02,-9.691591895579527716e-01,1.933332641601562596e+00,0.000000000000000000e+00,0.000000000000000000e+00,0.000000000000000000e+00,1.000000000000000000e+00
9.631350710268063997e-01,1.086785775089453288e-01,2.460890118408801397e-01,-1.096258163452148438e-01,1.114807005276554075e-01,-9.937633035659741987e-01,2.559276363489182415e-03,-1.444681701660156248e-01,2.448323678929154312e-01,2.496924661005342494e-02,-9.692438539168944933e-01,1.933364379882812623e+00,0.000000000000000000e+00,0.000000000000000000e+00,0.000000000000000000e+00,1.000000000000000000e+00
9.631848603376449436e-01,1.088551635128508499e-01,2.458159437321793539e-01,-1.096250457763671832e-01,1.114746868040417671e-01,-9.937618727311892108e-01,3.276355862963310078e-03,-1.444647216796874911e-01,2.446391608436643272e-01,2.424651897469990922e-02,-9.693109858550645885e-01,1.933348144531250146e+00,0.000000000000000000e+00,0.000000000000000000e+00,0.000000000000000000e+00,1.000000000000000000e+00
9.631845428924368235e-01,1.086645121647119988e-01,2.459015252679270513e-01,-1.096232528686523489e-01,1.114965371687343804e-01,-9.937618775184033915e-01,2.419295450975267672e-03,-1.444355316162109493e-01,2.446304529948567785e-01,2.508694056881453222e-02,-9.692917965609881836e-01,1.933299926757812592e+00,0.000000000000000000e+00,0.000000000000000000e+00,0.000000000000000000e+00,1.000000000000000000e+00
9.631129423324261696e-01,1.085214141201885502e-01,2.462449247987285317e-01,-1.096072845458984368e-01,1.114712752293646331e-01,-9.937657010763983889e-01,1.971335302228280004e-03,-1.444516906738281259e-01,2.449236924238163138e-01,2.555061724282040037e-02,-9.692056287744076348e-01,1.933265502929687463e+00,0.000000000000000000e+00,0.000000000000000000e+00,0.000000000000000000e+00,1.000000000000000000e+00
9.631499070062982115e-01,1.089739496425093795e-01,2.459002540321408026e-01,-1.096194229125976582e-01,1.115343585460539383e-01,-9.937542942633265097e-01,3.534048233746969400e-03,-1.444725799560546975e-01,2.447495525991413012e-01,2.402250887209736452e-02,-9.692886956784395602e-01,1.933311035156250135e+00,0.000000000000000000e+00,0.000000000000000000e+00,0.000000000000000000e+00,1.000000000000000000e+00
9.631971286915237407e-01,1.086294194923586032e-01,2.458677296864258954e-01,-1.096167984008789148e-01,1.114863626929321894e-01,-9.937632731267136421e-01,2.312556589724748535e-03,-1.444471740722656217e-01,2.445855314893016774e-01,2.518345101914915007e-02,-9.693006301353888077e-01,1.933307739257812630e+00,0.000000000000000000e+00,0.000000000000000000e+00,0.000000000000000000e+00,1.000000000000000000e+00
