T00,T01,T02,T03,T10,T11,T12,T13,T20,T21,T22,T23,T30,T31,T32,T33
9.791701644756345413e-01,1.682615917509006354e-01,1.136390150529838217e-01,3.789118576049804732e-02,1.541381740622822238e-01,-9.803145510585842271e-01,1.233888336907042055e-01,-8.094366455078125244e-02,1.321635815854905749e-01,-1.033025542968804139e-01,-9.858302947151886819e-01,1.647666503906250135e+00,0.000000000000000000e+00,0.000000000000000000e+00,0.000000000000000000e+00,1.000000000000000000e+00
9.791919973891952678e-01,1.683204873928689227e-01,1.133633352225727059e-01,3.789948272705077892e-02,1.541499039414399586e-01,-9.802409171706941704e-01,1.239578614659077871e-01,-8.093753051757812678e-02,1.319880273502228585e-01,-1.039035987258545568e-01,-9.857906485699757804e-01,1.647620483398437585e+00,0.000000000000000000e+00,0.000000000000000000e+00,0.000000000000000000e+00,1.000000000000000000e+00
9.791846974893261280e-01,1.683457557444827668e-01,1.133888650862849290e-01,3.790108871459960810e-02,1.541438661169364510e-01,-9.802148030746069551e-01,1.241716890918905525e-01,-8.092875671386719205e-02,1.320492209036492337e-01,-1.041088197811698424e-01,-9.857608010580005686e-01,1.647625976562500094e+00,0.000000000000000000e+00,0.000000000000000000e+00,0.000000000000000000e+00,1.000000000000000000e+00
9.791916081885502221e-01,1.684064122106864736e-01,1.132390161536443174e-01,3.790130615234375139e-02,1.541832234188613704e-01,-9.801733568804334995e-01,1.244496849249215747e-01,-8.093329620361328081e-02,1.319519915321115400e-01,-1.044005305928429189e-01,-9.857429691063702704e-01,1.647614746093750027e+00,0.000000000000000000e+00,0.000000000000000000e+00,0.000000000000000000e+00,1.000000000000000000e+00
9.791787890844948494e-01,1.683743895994938566e-01,1.133973718126684294e-01,3.790633392333984247e-02,1.541778901368875410e-01,-9.802153698362273682e-01,1.241249649738761646e-01,-8.094751739501952759e-02,1.320533119613459261e-01,-1.040571653651300027e-01,-9.857657070197834992e-01,1.647632080078125005e+00,0.000000000000000000e+00,0.000000000000000000e+00,0.000000000000000000e+00,1.000000000000000000e+00
9.792113428686830545e-01,1.683394329798621469e-01,1.131679340684852986e-01,3.790215301513671919e-02,1.541339021689246414e-01,-9.801907806305014681e-01,1.243735251938626329e-01,-8.093383026123046609e-02,1.318631343457711547e-01,-1.043449513440229681e-01,-9.857607442627864813e-01,1.647631713867187431e+00,0.000000000000000000e+00,0.000000000000000000e+00,0.000000000000000000e+00,1.000000000000000000e+00
9.791545067803671953e-01,1.683845205013671242e-01,1.135918355658572937e-01,3.790684890747070268e-02,1.541338837606761880e-01,-9.801905474120852224e-01,1.243753859927562710e-01,-8.092456054687499623e-02,1.322845332174039379e-01,-1.042743689480853386e-01,-9.857117521121133707e-01,1.647566650390624998e+00,0.000000000000000000e+00,0.000000000000000000e+00,0.000000000000000000e+00,1.000000000000000000e+00
9.791583434610121595e-01,1.683476283980356591e-01,1.136134430577819404e-01,3.790013504028320185e-02,1.541472667660685192e-01,-9.802381053961334301e-01,1.239833733931677562e-01,-8.093167877197265936e-02,1.322405330420195479e-01,-1.038861527931227990e-01,-9.857586462611459543e-01,1.647627563476562473e+00,0.000000000000000000e+00,0.000000000000000000e+00,0.000000000000000000e+00,1.000000000000000000e+00
9.791726350411664725e-01,1.683600830928960734e-01,1.134717286705884121e-01,3.789964675903320646e-02,1.542023273277466355e-01,-9.802555144256179798e-01,1.237770927307370178e-01,-8.093283843994140969e-02,1.320704093778957700e-01,-1.037015373999832651e-01,-9.858008917157838891e-01,1.647629882812500002e+00,0.000000000000000000e+00,0.000000000000000000e+00,0.000000000000000000e+00,1.000000000000000000e+00
9.792024792057841820e-01,1.682367619979031059e-01,1.133970750491702650e-01,3.790539550781250183e-02,1.541585025714173329e-01,-9.803299695094226385e-01,1.232408494233684648e-01,-8.093698883056640869e-02,1.319001925782694040e-01,-1.031966220092304098e-01,-9.858766638904178370e-01,1.647614624023437502e+00,0.000000000000000000e+00,0.000000000000000000e+00,0.000000000000000000e+00,1.000000000000000000e+00
9.792062169106536818e-01,1.682931676752757177e-01,1.132810420032730470e-01,3.789229202270508190e-02,1.541561425523927109e-01,-9.802634571870496583e-01,1.237717181631555197e-01,-8.093201446533203336e-02,1.318752003861687339e-01,-1.037350674435350006e-01,-9.858234970346329007e-01,1.647652587890624964e+00,0.000000000000000000e+00,0.000000000000000000e+00,0.000000000000000000e+00,1.000000000000000000e+00
9.792176249818212996e-01,1.682224005417699286e-01,1.132875407135570528e-01,3.790229415893554832e-02,1.541177122938638122e-01,-9.803007136172411373e-01,1.235242552652468517e-01,-8.093590545654297252e-02,1.318354037512964039e-01,-1.034975112623118809e-01,-9.858537880843388779e-01,1.647639770507812518e+00,0.000000000000000000e+00,0.000000000000000000e+00,0.000000000000000000e+00,1.000000000000000000e+00
9.792386699144459694e-01,1.683370320740456283e-01,1.129348085254883866e-01,3.790673828124999784e-02,1.541993302134413157e-01,-9.802214251005194612e-01,1.240504910737268568e-01,-8.094324493408203147e-02,1.315834104509875924e-01,-1.040605660488565648e-01,-9.858281821330117101e-01,1.647625854492187569e+00,0.000000000000000000e+00,0.000000000000000000e+00,0.000000000000000000e+00,1.000000000000000000e+00
9.791739813734626763e-01,1.682646854493201893e-01,1.136015397425729212e-01,3.789965438842773232e-02,1.541536933697021106e-01,-9.803200825707477639e-01,1.233254820747203967e-01,-8.094352722167968972e-02,1.321171942697917656e-01,-1.032450063641029564e-01,-9.858425409968646358e-01,1.647639160156250115e+00,0.000000000000000000e+00,0.000000000000000000e+00,0.000000000000000000e+00,1.000000000000000000e+00
9.791785633802815303e-01,1.683792913375589118e-01,1.133920423362665686e-01,3.790574264526367504e-02,1.541404870726555965e-01,-9.801806791451742606e-01,1.244449535959957776e-01,-8.093692779541016014e-02,1.320986421638492836e-01,-1.043755262461776301e-01,-9.857259752382002693e-01,1.647619140625000034e+00,0.000000000000000000e+00,0.000000000000000000e+00,0.000000000000000000e+00,1.000000000000000000e+00
9.792279441367661708e-01,1.683311734609605204e-01,1.130364961547317831e-01,3.790653610229492015e-02,1.541425120854610087e-01,-9.801922270663823156e-01,1.243514534158301627e-01,-8.092680358886718273e-02,1.317297209807497538e-01,-1.043446886041732996e-01,-9.857786093086176038e-01,1.647625488281249995e+00,0.000000000000000000e+00,0.000000000000000000e+00,0.000000000000000000e+00,1.000000000000000000e+00
9.791469486270886202e-01,1.683353789279173063e-01,1.137297375159913165e-01,3.790024185180664029e-02,1.541603034892221336e-01,-9.802714115042424625e-01,1.237035190105408716e-01,-8.093766784667968950e-02,1.323096890721640051e-01,-1.035913123223893423e-01,-9.857803945042490357e-01,1.647662475585937480e+00,0.000000000000000000e+00,0.000000000000000000e+00,0.000000000000000000e+00,1.000000000000000000e+00
9.793887524893465368e-01,1.683034181758874259e-01,1.116764564609473293e-01,3.789490127563476668e-02,1.543205504284329843e-01,-9.802232027132640191e-01,1.238855947155157733e-01,-8.094659423828125255e-02,1.303182228731921133e-01,-1.040981858288794470e-01,-9.859922557983451519e-01,1.647670043945312468e+00,0.000000000000000000e+00,0.000000000000000000e+00,0.000000000000000000e+00,1.000000000000000000e+00
9.791858547744479724e-01,1.683216968205767383e-01,1.134145854335995851e-01,3.790385818481445401e-02,1.541911073076157046e-01,-9.802772497060011636e-01,1.236188340670198033e-01,-8.093865966796874589e-02,1.319854697945374022e-01,-1.035582931892945341e-01,-9.858273254859774015e-01,1.647622924804687639e+00,0.000000000000000000e+00,0.000000000000000000e+00,0.000000000000000000e+00,1.000000000000000000e+00
9.791841454245364673e-01,1.682610384857718411e-01,1.135193035430979713e-01,3.789853668212890547e-02,1.541377261347159355e-01,-9.803029146868476040e-01,1.234818077227995969e-01,-8.093798828124999789e-02,1.320604813380585885e-01,-1.034138210499967181e-01,-9.858324456440858974e-01,1.647650024414062608e+00,0.000000000000000000e+00,0.000000000000000000e+00,0.000000000000000000e+00,1.000000000000000000e+00
9.791786956951129550e-01,1.684350783504821869e-01,1.133080150646207374e-01,3.790066528320312766e-02,1.541462596811299102e-01,-9.801237789775720799e-01,1.248851813028311469e-01,-8.094446563720703036e-02,1.320909252111402976e-01,-1.048189022256495045e-01,-9.856799608458490791e-01,1.647617553710937432e+00,0.000000000000000000e+00,0.000000000000000000e+00,0.000000000000000000e+00,1.000000000000000000e+00
9.791680368713051585e-01,1.683122517587941069e-01,1.135823114638845194e-01,3.789829635620117071e-02,1.541777688621467912e-01,-9.802922820527282255e-01,1.235162229690696389e-01,-8.092255401611328502e-02,1.321331569224205027e-01,-1.034312702026751740e-01,-9.858208768259963950e-01,1.647646606445312578e+00,0.000000000000000000e+00,0.000000000000000000e+00,0.000000000000000000e+00,1.000000000000000000e+00
9.792029671417031844e-01,1.683314033307680146e-01,1.132523191532046059e-01,3.790435409545898221e-02,1.541919495162256681e-01,-9.802526366526941315e-01,1.238128064451630844e-01,-8.094116973876953891e-02,1.318574679161962637e-01,-1.037752715637786510e-01,-9.858216376031688766e-01,1.647634643554687583e+00,0.000000000000000000e+00,0.000000000000000000e+00,0.000000000000000000e+00,1.000000000000000000e+00
9.792668550447717335e-01,1.682537755618299935e-01,1.128144211522260493e-01,3.790028381347656378e-02,1.542131764700558627e-01,-9.802992345311839495e-01,1.234168018569213321e-01,-8.093202972412109897e-02,1.313572335797990598e-01,-1.034605131765956310e-01,-9.859214975846189999e-01,1.647628906250000025e+00,0.000000000000000000e+00,0.000000000000000000e+00,0.000000000000000000e+00,1.000000000000000000e+00
9.791737456220085400e-01,1.684013755262459000e-01,1.134008492271318808e-01,3.790377426147460704e-02,1.541855646625974186e-01,-9.801962203796740214e-01,1.242665731525479933e-01,-8.094739532470703047e-02,1.320817456511018673e-01,-1.041937919180883354e-01,-9.857474657291734887e-01,1.647621459960937562e+00,0.000000000000000000e+00,0.000000000000000000e+00,0.000000000000000000e+00,1.000000000000000000e+00
9.793133120975442418e-01,1.683494298301767556e-01,1.122671199612476911e-01,3.789574050903320168e-02,1.542229633354770257e-01,-9.801610572373961050e-01,1.244973070202506221e-01,-8.092700958251952681e-02,1.309989096464657388e-01,-1.046077021596633211e-01,-9.858481192964324569e-01,1.647643676757812425e+00,0.000000000000000000e+00,0.000000000000000000e+00,0.000000000000000000e+00,1.000000000000000000e+00
9.794010422037489061e-01,1.682871126260279682e-01,1.115932177787030688e-01,3.790917205810546975e-02,1.542796907243299542e-01,-9.801977088838726981e-01,1.241379415360655686e-01,-8.092401123046874534e-02,1.302742321421069549e-01,-1.043642621916195529e-01,-9.859699413354259256e-01,1.647573730468750108e+00,0.000000000000000000e+00,0.000000000000000000e+00,0.000000000000000000e+00,1.000000000000000000e+00
9.791717382599842701e-01,1.682449145844449323e-01,1.136501461037070643e-01,3.789561080932617176e-02,1.541257000993875026e-01,-9.803215721206841593e-01,1.233486270847979904e-01,-8.094017028808593583e-02,1.321664691281219106e-01,-1.032630812599726888e-01,-9.858340430756598050e-01,1.647604492187499936e+00,0.000000000000000000e+00,0.000000000000000000e+00,0.000000000000000000e+00,1.000000000000000000e+00
9.791666825677833863e-01,1.682855798792774471e-01,1.136334957391403611e-01,3.788980484008789423e-02,1.541553697752765517e-01,-9.803048985960851613e-01,1.234440268217438935e-01,-8.092703247070312522e-02,1.321693221540068963e-01,-1.033550646713309457e-01,-9.858240212574127526e-01,1.647675170898437624e+00,0.000000000000000000e+00,0.000000000000000000e+00,0.000000000000000000e+00,1.000000000000000000e+00
9.791553705454879575e-01,1.683322524108867568e-01,1.136618367360221482e-01,3.790027999877929737e-02,1.541497962769830810e-01,-9.802593989388902473e-01,1.238117567104615041e-01,-8.092552185058593528e-02,1.322595956431640296e-01,-1.037099975423941972e-01,-9.857746374146899582e-01,1.647608032226562491e+00,0.000000000000000000e+00,0.000000000000000000e+00,0.000000000000000000e+00,1.000000000000000000e+00
9.791934900548494580e-01,1.683091343500140169e-01,1.133672983207782564e-01,3.790103912353515875e-02,1.541818821301688958e-01,-9.802771724619810945e-01,1.236309523248213388e-01,-8.093053436279297463e-02,1.319395932122049420e-01,-1.035794402586365931e-01,-9.858312448379314974e-01,1.647607299804687564e+00,0.000000000000000000e+00,0.000000000000000000e+00,0.000000000000000000e+00,1.000000000000000000e+00
9.791740296019204592e-01,1.683809333363531502e-01,1.134287487452633053e-01,3.790397262573242526e-02,1.541664867165956909e-01,-9.802033240330936259e-01,1.242342059496326784e-01,-8.093833923339843750e-02,1.321019081111215465e-01,-1.041599963673800061e-01,-9.857483355452081319e-01,1.647581542968749924e+00,0.000000000000000000e+00,0.000000000000000000e+00,0.000000000000000000e+00,1.000000000000000000e+00
9.792503449590858056e-01,1.681981529286502297e-01,1.130404496138535941e-01,3.789861679077148604e-02,1.541530932726838110e-01,-9.803269200774183956e-01,1.232718686724045692e-01,-8.093968963623046631e-02,1.315506964328772566e-01,-1.032884849482928052e-01,-9.859137402151932905e-01,1.647628295898437623e+00,0.000000000000000000e+00,0.000000000000000000e+00,0.000000000000000000e+00,1.000000000000000000e+00
9.791653687740146106e-01,1.683322770906435506e-01,1.135756359573981827e-01,3.790493392944335738e-02,1.541480125211084073e-01,-9.802494199408336994e-01,1.238929575942550598e-01,-8.092853546142578236e-02,1.321876349339863310e-01,-1.038042349576282219e-01,-9.857743707235552266e-01,1.647603759765625009e+00,0.000000000000000000e+00,0.000000000000000000e+00,0.000000000000000000e+00,1.000000000000000000e+00
9.791737428396535270e-01,1.682914652898813979e-01,1.135639205204225094e-01,3.789829635620117071e-02,1.541079618810435592e-01,-9.802553130400156745e-01,1.238961554758342826e-01,-8.092739105224609764e-02,1.321723020086093270e-01,-1.038147579460931419e-01,-9.857753185256462602e-01,1.647609985351562445e+00,0.000000000000000000e+00,0.000000000000000000e+00,0.000000000000000000e+00,1.000000000000000000e+00
9.791484823279730243e-01,1.683310233476227047e-01,1.137229797955082722e-01,3.790280151367187572e-02,1.541011220531702530e-01,-9.802284283423898792e-01,1.241171722662199745e-01,-8.094036865234374711e-02,1.323672683739503808e-01,-1.040043020655910117e-01,-9.857291775204120032e-01,1.647613159179687425e+00,0.000000000000000000e+00,0.000000000000000000e+00,0.000000000000000000e+00,1.000000000000000000e+00
9.791629082229326153e-01,1.681708540961287801e-01,1.138356841811367925e-01,3.789826583862304643e-02,1.540689600230197021e-01,-9.803650097936690289e-01,1.230739742174786627e-01,-8.092675018310546697e-02,1.322979769982674803e-01,-1.029709250460439790e-01,-9.858469627063463081e-01,1.647643676757812425e+00,0.000000000000000000e+00,0.000000000000000000e+00,0.000000000000000000e+00,1.000000000000000000e+00
9.792398729038589433e-01,1.682871869101143503e-01,1.129986461738111958e-01,3.789811706542969144e-02,1.541939981817676553e-01,-9.802708258951542408e-01,1.236661587644457411e-01,-8.092844390869140259e-02,1.315807061842843850e-01,-1.036751205483374544e-01,-9.858691531533647634e-01,1.647626708984375021e+00,0.000000000000000000e+00,0.000000000000000000e+00,0.000000000000000000e+00,1.000000000000000000e+00
9.792044224522123974e-01,1.683235109944623553e-01,1.132514666418329985e-01,3.790256118774414096e-02,1.541518315903706582e-01,-9.802284124516732478e-01,1.240543116534302409e-01,-8.093297576904297241e-02,1.318935626456542165e-01,-1.040166095821696141e-01,-9.857913740055080920e-01,1.647608764648437640e+00,0.000000000000000000e+00,0.000000000000000000e+00,0.000000000000000000e+00,1.000000000000000000e+00
9.792210212924689072e-01,1.683100047569271174e-01,1.131279530339759642e-01,3.789368438720703419e-02,1.542108187758544358e-01,-9.802753451826043962e-01,1.236093483503831886e-01,-8.095737457275391236e-02,1.317012332190359014e-01,-1.035953180691529391e-01,-9.858614482992710260e-01,1.647657226562500021e+00,0.000000000000000000e+00,0.000000000000000000e+00,0.000000000000000000e+00,1.000000000000000000e+00
9.792561173572433830e-01,1.682980133387644850e-01,1.128416382575246346e-01,3.790632247924805021e-02,1.542018606512115531e-01,-9.802511212398612450e-01,1.238124609225555589e-01,-8.095438385009766369e-02,1.314505336243308453e-01,-1.038437191852259328e-01,-9.858687738211706630e-01,1.647618652343749934e+00,0.000000000000000000e+00,0.000000000000000000e+00,0.000000000000000000e+00,1.000000000000000000e+00
9.791366180073822756e-01,1.684181256487790601e-01,1.136961662942858331e-01,3.790304183959961049e-02,1.541886572509604814e-01,-9.802123097016842701e-01,1.241357558660499405e-01,-8.094669342041015125e-02,1.323530930965032271e-01,-1.040152049569763315e-01,-9.857299305010204238e-01,1.647634643554687583e+00,0.000000000000000000e+00,0.000000000000000000e+00,0.000000000000000000e+00,1.000000000000000000e+00
9.792417167752527352e-01,1.682860588646072353e-01,1.129843463444114848e-01,3.790649414062500361e-02,1.541857966708494732e-01,-9.802640055033733368e-01,1.237304312586761795e-01,-8.093929290771484375e-02,1.315765945448940377e-01,-1.037414184706401815e-01,-9.858627276967459885e-01,1.647612670898437548e+00,0.000000000000000000e+00,0.000000000000000000e+00,0.000000000000000000e+00,1.000000000000000000e+00
9.791620501218136763e-01,1.682551813544585495e-01,1.137183958233034808e-01,3.790169525146484114e-02,1.541279103281362750e-01,-9.803203694347442099e-01,1.233554235905701540e-01,-8.093910217285156528e-02,1.322356489723147677e-01,-1.032577707424737617e-01,-9.858253222159418794e-01,1.647634765625000108e+00,0.000000000000000000e+00,0.000000000000000000e+00,0.000000000000000000e+00,1.000000000000000000e+00
9.792326460046362202e-01,1.682801885365341199e-01,1.130716726013534096e-01,3.790982818603515908e-02,1.541628792355886624e-01,-9.802601962967650850e-01,1.237891522792721605e-01,-8.093002319335937389e-02,1.316709218641398949e-01,-1.037869245248940336e-01,-9.858453441758051605e-01,1.647604858398437511e+00,0.000000000000000000e+00,0.000000000000000000e+00,0.000000000000000000e+00,1.000000000000000000e+00
9.791919383470074623e-01,1.683545072310555779e-01,1.133133168308963906e-01,3.790816497802734775e-02,1.541957570309190617e-01,-9.802398637663231051e-01,1.239091521924121642e-01,-8.094045257568359408e-02,1.319348945119994954e-01,-1.038584102437979384e-01,-9.858025229384123067e-01,1.647606201171875062e+00,0.000000000000000000e+00,0.000000000000000000e+00,0.000000000000000000e+00,1.000000000000000000e+00
9.791290930749538823e-01,1.683544975244640196e-01,1.138550932435789670e-01,3.790694427490234192e-02,1.541507532599509789e-01,-9.802583446220420882e-01,1.238189124013125697e-01,-8.093401336669922563e-02,1.324528760110875447e-01,-1.036838510190446483e-01,-9.857514365570321235e-01,1.647611816406250096e+00,0.000000000000000000e+00,0.000000000000000000e+00,0.000000000000000000e+00,1.000000000000000000e+00
9.791439136307354962e-01,1.682971158063474859e-01,1.138124650956618689e-01,3.790065383911132846e-02,1.541487823799573276e-01,-9.803065404246628090e-01,1.234392145608734087e-01,-8.094998168945312378e-02,1.323455677031268873e-01,-1.033207027264800154e-01,-9.858039780288184728e-01,1.647639282226562640e+00,0.000000000000000000e+00,0.000000000000000000e+00,0.000000000000000000e+00,1.000000000000000000e+00
9.791979523163001353e-01,1.683526729977800895e-01,1.132640617056782789e-01,3.789982986450195213e-02,1.541919735733135177e-01,-9.802337093362092357e-01,1.239625361411378912e-01,-8.093714904785156983e-02,1.318946756511867879e-01,-1.039194523440094553e-01,-9.858014718792977860e-01,1.647649047851562631e+00,0.000000000000000000e+00,0.000000000000000000e+00,0.000000000000000000e+00,1.000000000000000000e+00
9.791985144633619242e-01,1.683544101007913019e-01,1.132566195520608443e-01,3.790343093872070718e-02,1.541835198355683556e-01,-9.802246591761623051e-01,1.240445877662214869e-01,-8.092379760742188233e-02,1.319003846994411533e-01,-1.040019718206895705e-01,-9.857920056348337123e-01,1.647633056640624982e+00,0.000000000000000000e+00,0.000000000000000000e+00,0.000000000000000000e+00,1.000000000000000000e+00
9.791483332785969607e-01,1.683534975032737746e-01,1.136909904792857279e-01,3.789751052856445146e-02,1.541399081572951690e-01,-9.802345004375306869e-01,1.240210178366779742e-01,-8.094450378417969438e-02,1.323232033734313140e-01,-1.039106540755093538e-01,-9.857449699687000910e-01,1.647648315429687482e+00,0.000000000000000000e+00,0.000000000000000000e+00,0.000000000000000000e+00,1.000000000000000000e+00
9.792427624625500426e-01,1.683439447616979778e-01,1.128890093267918560e-01,3.790288543701172269e-02,1.541425282510418271e-01,-9.801652169333870956e-01,1.245641541467819025e-01,-8.093945312500000488e-02,1.316195014011635744e-01,-1.045775491011184666e-01,-9.857686559608761501e-01,1.647619750976562436e+00,0.000000000000000000e+00,0.000000000000000000e+00,0.000000000000000000e+00,1.000000000000000000e+00
9.791712010614211925e-01,1.683095682914481916e-01,1.135590077161671846e-01,3.789531707763672125e-02,1.541323802074216209e-01,-9.802569193303493078e-01,1.238530640580532000e-01,-8.093425750732421986e-02,1.321626588092454091e-01,-1.037702333355752654e-01,-9.857812994219111724e-01,1.647660278320312477e+00,0.000000000000000000e+00,0.000000000000000000e+00,0.000000000000000000e+00,1.000000000000000000e+00
9.791549212016551484e-01,1.684040860127429262e-01,1.135592536995252283e-01,3.789373016357421714e-02,1.541823187412229013e-01,-9.802069343491605080e-01,1.241860637970314540e-01,-8.093460845947265947e-02,1.322250085050494517e-01,-1.040885664616104656e-01,-9.857393760309093311e-01,1.647673217773437448e+00,0.000000000000000000e+00,0.000000000000000000e+00,0.000000000000000000e+00,1.000000000000000000e+00
9.791664682298968359e-01,1.682775461946406370e-01,1.136472390377379071e-01,3.789440155029297208e-02,1.541488627712646609e-01,-9.803087189170445193e-01,1.234218121790009448e-01,-8.095072937011718595e-02,1.321784990099220958e-01,-1.033319072790846727e-01,-9.858252184528200068e-01,1.647657592773437596e+00,0.000000000000000000e+00,0.000000000000000000e+00,0.000000000000000000e+00,1.000000000000000000e+00
9.791897433048628585e-01,1.683050904055727881e-01,1.134056574873100742e-01,3.790205764770507996e-02,1.541390684762208307e-01,-9.802511578948707172e-01,1.238903346312719839e-01,-8.094966888427734819e-02,1.320174010342576865e-01,-1.038319025605214246e-01,-9.857942695282939649e-01,1.647631103515625028e+00,0.000000000000000000e+00,0.000000000000000000e+00,0.000000000000000000e+00,1.000000000000000000e+00
9.792468384650736546e-01,1.682954990818129881e-01,1.129258798724256385e-01,3.790301132202148621e-02,1.542155308440847084e-01,-9.802726878650012132e-01,1.236245423546752653e-01,-8.094332885742187844e-02,1.315036098464037462e-01,-1.036440177469458712e-01,-9.858827101550344807e-01,1.647628417968749925e+00,0.000000000000000000e+00,0.000000000000000000e+00,0.000000000000000000e+00,1.000000000000000000e+00
9.792190074569913083e-01,1.683302964395571033e-01,1.131151923285122762e-01,3.790006256103515409e-02,1.541597237799675613e-01,-9.802145777357358369e-01,1.241537802825097292e-01,-8.093274688720702992e-02,1.317760031228356610e-01,-1.041359346955911536e-01,-9.857944979081829651e-01,1.647634277343750009e+00,0.000000000000000000e+00,0.000000000000000000e+00,0.000000000000000000e+00,1.000000000000000000e+00
9.791394062600093928e-01,1.683316107460719191e-01,1.138002281738886706e-01,3.790629959106445179e-02,1.541545962513074797e-01,-9.802774588901268515e-01,1.236627027300956222e-01,-8.093636322021484364e-02,1.323721404351858588e-01,-1.035401971002013893e-01,-9.857773805586427240e-01,1.647615844726562528e+00,0.000000000000000000e+00,0.000000000000000000e+00,0.000000000000000000e+00,1.000000000000000000e+00
9.791907292721203637e-01,1.683425234425660055e-01,1.133415656699817697e-01,3.789449310302734492e-02,1.541772563288832942e-01,-9.802394450626771283e-01,1.239354831116303707e-01,-8.095017242431640225e-02,1.319654854059632565e-01,-1.038817844677521335e-01,-9.857959654600766397e-01,1.647661376953124979e+00,0.000000000000000000e+00,0.000000000000000000e+00,0.000000000000000000e+00,1.000000000000000000e+00
9.792137898578487931e-01,1.683402354044424842e-01,1.131455650752870024e-01,3.790989685058594044e-02,1.541689676364023098e-01,-9.802154980666561990e-01,1.241350344095630692e-01,-8.092400360107422641e-02,1.318039573387501107e-01,-1.041112025380283163e-01,-9.857933730432208996e-01,1.647608154296875016e+00,0.000000000000000000e+00,0.000000000000000000e+00,0.000000000000000000e+00,1.000000000000000000e+00
9.791714911209689065e-01,1.683360465400006167e-01,1.135172516017766975e-01,3.789789199829101535e-02,1.541542845748730128e-01,-9.802449853365641230e-01,1.239202375309561149e-01,-8.094470214843750566e-02,1.321349595040895997e-01,-1.038399930556732215e-01,-9.857776667783920699e-01,1.647656494140625094e+00,0.000000000000000000e+00,0.000000000000000000e+00,0.000000000000000000e+00,1.000000000000000000e+00
9.791944017472981043e-01,1.683596678422909776e-01,1.132843582794409720e-01,3.791257476806640658e-02,1.542068580683214896e-01,-9.802408386661850548e-01,1.238876230125947470e-01,-8.095694732666015858e-02,1.319036334277712275e-01,-1.038408419411538525e-01,-9.858085569893907385e-01,1.647591918945312539e+00,0.000000000000000000e+00,0.000000000000000000e+00,0.000000000000000000e+00,1.000000000000000000e+00
9.791959511349451750e-01,1.683222016949464939e-01,1.133266327810729807e-01,3.789812469482421731e-02,1.541596994199099235e-01,-9.802433504510051909e-01,1.239264337070625915e-01,-8.092304229736328736e-02,1.319472483824252751e-01,-1.038778624787481536e-01,-9.857988199075676805e-01,1.647637573242187514e+00,0.000000000000000000e+00,0.000000000000000000e+00,0.000000000000000000e+00,1.000000000000000000e+00
9.792294622182697861e-01,1.683123986206502554e-01,1.130513016036597679e-01,3.789968872070312300e-02,1.542184806582304890e-01,-9.802714968622427971e-01,1.236303064095740506e-01,-8.093124389648437278e-02,1.316294820592457671e-01,-1.036278384895753107e-01,-9.858676130915313696e-01,1.647635986328125135e+00,0.000000000000000000e+00,0.000000000000000000e+00,0.000000000000000000e+00,1.000000000000000000e+00
9.791414613966616942e-01,1.682932326851373506e-01,1.138393007989609573e-01,3.791022109985351524e-02,1.541185572424743078e-01,-9.802892222361317964e-01,1.236143643804317183e-01,-8.093705749511719005e-02,1.323989006280198444e-01,-1.034912005924474021e-01,-9.857789318667881107e-01,1.647593383789062615e+00,0.000000000000000000e+00,0.000000000000000000e+00,0.000000000000000000e+00,1.000000000000000000e+00
9.792357100701553074e-01,1.683686857210025534e-01,1.129132843910826134e-01,3.790382766723632973e-02,1.542005820640338642e-01,-9.801901860669793853e-01,1.242955334237466347e-01,-8.093260955810546720e-02,1.316039688402761698e-01,-1.043033307548844879e-01,-9.857997821966310026e-01,1.647599243164062477e+00,0.000000000000000000e+00,0.000000000000000000e+00,0.000000000000000000e+00,1.000000000000000000e+00
9.791577321360849240e-01,1.683192991544079087e-01,1.136606753907805079e-01,3.790499496459961287e-02,1.541541513730119162e-01,-9.802748998053603113e-01,1.236835414517946097e-01,-8.093611907958984941e-02,1.322370341946081385e-01,-1.035844309911495009e-01,-9.857908664841921187e-01,1.647611328124999996e+00,0.000000000000000000e+00,0.000000000000000000e+00,0.000000000000000000e+00,1.000000000000000000e+00
9.793035162877735678e-01,1.682334420797527708e-01,1.125261389740234708e-01,3.791117858886718789e-02,1.542163144752568549e-01,-9.802923027957158864e-01,1.234679287472725956e-01,-8.093105316162109431e-02,1.310799425391675210e-01,-1.035592103362678457e-01,-9.859480405267092573e-01,1.647597778320312623e+00,0.000000000000000000e+00,0.000000000000000000e+00,0.000000000000000000e+00,1.000000000000000000e+00
9.791531864881040104e-01,1.681939658036143426e-01,1.138851494157386152e-01,3.790065002441406206e-02,1.540997331632630862e-01,-9.803721440280035448e-01,1.229785812771741899e-01,-8.093290710449219105e-02,1.323340833995672594e-01,-1.028651985911077232e-01,-9.858531540192019271e-01,1.647654785156249968e+00,0.000000000000000000e+00,0.000000000000000000e+00,0.000000000000000000e+00,1.000000000000000000e+00
9.791641981028162967e-01,1.683333666844174792e-01,1.135841133889699123e-01,3.790045928955078358e-02,1.541626458334197924e-01,-9.802607193745247471e-01,1.237853007468130012e-01,-8.094628906249999589e-02,1.321792411209433971e-01,-1.036957072979823175e-01,-9.857869184081633485e-01,1.647655395507812592e+00,0.000000000000000000e+00,0.000000000000000000e+00,0.000000000000000000e+00,1.000000000000000000e+00
9.791761410648336383e-01,1.683145061298013390e-01,1.135090824368811119e-01,3.789497756958008085e-02,1.541121247534277539e-01,-9.802313649920926242e-01,1.240803130626423195e-01,-8.093151855468749822e-02,1.321496794296736776e-01,-1.040033562536348127e-01,-9.857584714901588274e-01,1.647696655273437560e+00,0.000000000000000000e+00,0.000000000000000000e+00,0.000000000000000000e+00,1.000000000000000000e+00
9.791655100309952786e-01,1.682354099827372274e-01,1.137178560898907537e-01,3.790336990356445168e-02,1.541028264178689877e-01,-9.803192973113976638e-01,1.233952762828126881e-01,-8.094461822509765869e-02,1.322392636691724632e-01,-1.033001555992432152e-01,-9.858203969270504796e-01,1.647651367187499938e+00,0.000000000000000000e+00,0.000000000000000000e+00,0.000000000000000000e+00,1.000000000000000000e+00
9.791258563487080790e-01,1.682783205709664220e-01,1.139954571692416985e-01,3.790465545654297247e-02,1.541111791213424231e-01,-9.803128408198092947e-01,1.234361316374787132e-01,-8.093489074707031772e-02,1.325228353878638576e-01,-1.032915337750898443e-01,-9.857832201610811085e-01,1.647662109375000128e+00,0.000000000000000000e+00,0.000000000000000000e+00,0.000000000000000000e+00,1.000000000000000000e+00
9.792071494577226920e-01,1.682904366498461923e-01,1.132770381987681929e-01,3.790885925292968722e-02,1.541953045037187942e-01,-9.802964038746625475e-01,1.234616078763346170e-01,-8.094894409179687056e-02,1.318224810868256769e-01,-1.034277017177143154e-01,-9.858628423860517076e-01,1.647612792968750073e+00,0.000000000000000000e+00,0.000000000000000000e+00,0.000000000000000000e+00,1.000000000000000000e+00
9.792005439595544702e-01,1.683536340758332028e-01,1.132402251974655161e-01,3.790467453002929754e-02,1.541964528176041904e-01,-9.802339516894059690e-01,1.239550478755894469e-01,-8.093931579589844216e-02,1.318701962074092238e-01,-1.039156092645939500e-01,-9.858051518953364623e-01,1.647638427734374966e+00,0.000000000000000000e+00,0.000000000000000000e+00,0.000000000000000000e+00,1.000000000000000000e+00
9.792228197980814564e-01,1.682929997450178794e-01,1.131376834813145049e-01,3.790431594848633207e-02,1.541707952524206116e-01,-9.802608863272375128e-01,1.237738285267753202e-01,-8.093313598632813355e-02,1.317347147791002593e-01,-1.037596307518622030e-01,-9.858396948532286430e-01,1.647636108398437438e+00,0.000000000000000000e+00,0.000000000000000000e+00,0.000000000000000000e+00,1.000000000000000000e+00
9.791945413206907256e-01,1.683417131989635440e-01,1.133098311930622604e-01,3.790663146972656633e-02,1.541348989040556006e-01,-9.802036461333593076e-01,1.242708535687475219e-01,-8.094492340087890148e-02,1.319866780686555496e-01,-1.042203420840021738e-01,-9.857573926216810500e-01,1.647628662109374975e+00,0.000000000000000000e+00,0.000000000000000000e+00,0.000000000000000000e+00,1.000000000000000000e+00
9.791924638953197757e-01,1.684140122870669276e-01,1.132203122941495554e-01,3.790400314331054954e-02,1.541794592738925940e-01,-9.801612759104698647e-01,1.245494582227074654e-01,-8.092987060546874556e-02,1.319500397446820572e-01,-1.045016443455868693e-01,-9.857325161221199838e-01,1.647628662109374975e+00,0.000000000000000000e+00,0.000000000000000000e+00,0.000000000000000000e+00,1.000000000000000000e+00
9.791664281484203647e-01,1.683618253894374472e-01,1.135226926151813309e-01,3.790396118164062605e-02,1.541394712538330936e-01,-9.802095093676331805e-01,1.242189242702290974e-01,-8.093048858642577781e-02,1.321897476684675554e-01,-1.041326725711038959e-01,-9.857394468694790080e-01,1.647610839843750119e+00,0.000000000000000000e+00,0.000000000000000000e+00,0.000000000000000000e+00,1.000000000000000000e+00
9.792239063643595198e-01,1.682873676435501509e-01,1.131366567303838389e-01,3.790970993041992143e-02,1.541819859839112239e-01,-9.802749192278004120e-01,1.236486875425135967e-01,-8.093623352050781372e-02,1.317135391771898645e-01,-1.036361164099356691e-01,-9.858555162765409996e-01,1.647601684570312530e+00,0.000000000000000000e+00,0.000000000000000000e+00,0.000000000000000000e+00,1.000000000000000000e+00
9.791463091214149816e-01,1.683417911045290982e-01,1.137257521480064260e-01,3.791357040405273632e-02,1.541649925613148009e-01,-9.802686526967721026e-01,1.237195360831305491e-01,-8.093045043945312766e-02,1.323089581339089160e-01,-1.036069973880836548e-01,-9.857788442088546432e-01,1.647597778320312623e+00,0.000000000000000000e+00,0.000000000000000000e+00,0.000000000000000000e+00,1.000000000000000000e+00
9.791199409411971422e-01,1.682717196488927314e-01,1.140559933441095547e-01,3.790731811523437300e-02,1.541079535634972963e-01,-9.803224585844229066e-01,1.233637541722194253e-01,-8.094931793212890858e-02,1.325702828682886469e-01,-1.032109759734752275e-01,-9.857852781102104389e-01,1.647631835937499956e+00,0.000000000000000000e+00,0.000000000000000000e+00,0.000000000000000000e+00,1.000000000000000000e+00
9.792135743520782309e-01,1.682788455891537360e-01,1.132387121606796554e-01,3.790665817260742421e-02,1.541591093307060900e-01,-9.802751147952777355e-01,1.236756577644474858e-01,-8.093539428710937178e-02,1.318170884786601105e-01,-1.036481038914223857e-01,-9.858404159623008756e-01,1.647650268554687436e+00,0.000000000000000000e+00,0.000000000000000000e+00,0.000000000000000000e+00,1.000000000000000000e+00
9.792357554610936488e-01,1.683545915493875611e-01,1.129339042572262697e-01,3.790931320190429887e-02,1.541620544587054831e-01,-9.801751162596511469e-01,1.244620521703333621e-01,-8.091579437255859431e-02,1.316487606915180963e-01,-1.044675689849176720e-01,-9.857764101654945543e-01,1.647604858398437511e+00,0.000000000000000000e+00,0.000000000000000000e+00,0.000000000000000000e+00,1.000000000000000000e+00
9.791787123639782431e-01,1.683571018227540128e-01,1.134236991067769373e-01,3.790250396728515880e-02,1.541467169202940524e-01,-9.802097930258991676e-01,1.242076942818730045e-01,-8.093839263916015325e-02,1.320902680590684553e-01,-1.041376393143580992e-01,-9.857522574978544450e-01,1.647634155273437484e+00,0.000000000000000000e+00,0.000000000000000000e+00,0.000000000000000000e+00,1.000000000000000000e+00
9.792480375212879729e-01,1.683319083057426280e-01,1.128611964177853311e-01,3.789366531372070218e-02,1.542367584859085095e-01,-9.802485009325117016e-01,1.237897360499790878e-01,-8.093396759033202881e-02,1.314697810999409799e-01,-1.038135109978995663e-01,-9.858693887081710905e-01,1.647674560546875000e+00,0.000000000000000000e+00,0.000000000000000000e+00,0.000000000000000000e+00,1.000000000000000000e+00
9.792146500180598512e-01,1.683262594556715064e-01,1.131589128954084006e-01,3.790178680419922091e-02,1.542067803046986707e-01,-9.802598799857353828e-01,1.237369653677108522e-01,-8.093928527832031095e-02,1.317533229109120463e-01,-1.037151776164590006e-01,-9.858418858183695122e-01,1.647620361328125060e+00,0.000000000000000000e+00,0.000000000000000000e+00,0.000000000000000000e+00,1.000000000000000000e+00
9.791923517977063618e-01,1.683057776999721533e-01,1.133821122297713618e-01,3.790343856811523304e-02,1.541765652980421064e-01,-9.802776334207952136e-01,1.236339278993592444e-01,-8.093637084960937644e-02,1.319542530340551967e-01,-1.035805319919383544e-01,-9.858291680095958576e-01,1.647631469726562603e+00,0.000000000000000000e+00,0.000000000000000000e+00,0.000000000000000000e+00,1.000000000000000000e+00
9.792184346731763744e-01,1.683096159039725870e-01,1.131509186461676086e-01,3.790569305419921875e-02,1.542168237586591384e-01,-9.802827130559798041e-01,1.235434083769698099e-01,-8.093726348876953414e-02,1.317134331266370251e-01,-1.035262076860989366e-01,-9.858670781886013090e-01,1.647561035156249964e+00,0.000000000000000000e+00,0.000000000000000000e+00,0.000000000000000000e+00,1.000000000000000000e+00
9.791814504029030530e-01,1.682944587876338827e-01,1.134930056357863065e-01,3.790691757202148404e-02,1.541836129110006892e-01,-9.803047875445207726e-01,1.234096310139640440e-01,-8.093083190917968461e-02,1.320268938382552770e-01,-1.033416598408863074e-01,-9.858445113935323523e-01,1.647624633789062543e+00,0.000000000000000000e+00,0.000000000000000000e+00,0.000000000000000000e+00,1.000000000000000000e+00
9.791539890937951407e-01,1.683889192022187120e-01,1.135897774080787126e-01,3.790211868286132851e-02,1.541457128042041380e-01,-9.801955010385020595e-01,1.243216753746650971e-01,-8.093634796142577803e-02,1.322745813291125727e-01,-1.042206871680879943e-01,-9.857187649123960727e-01,1.647607299804687564e+00,0.000000000000000000e+00,0.000000000000000000e+00,0.000000000000000000e+00,1.000000000000000000e+00
9.792053211301195992e-01,1.682706761040860532e-01,1.133221895037923310e-01,3.790677642822265492e-02,1.541415327632429666e-01,-9.802773011257034375e-01,1.236802359922780231e-01,-8.093880462646484142e-02,1.318989270155665749e-01,-1.036406892160663257e-01,-9.858302493791520904e-01,1.647630859374999979e+00,0.000000000000000000e+00,0.000000000000000000e+00,0.000000000000000000e+00,1.000000000000000000e+00
9.791570967361959976e-01,1.683988671276140381e-01,1.135482340738078466e-01,3.790507507324218650e-02,1.541876839462312243e-01,-9.802149908225488151e-01,1.241157922508168560e-01,-8.094868469238281072e-02,1.322026400282580172e-01,-1.040211195713976883e-01,-9.857494958926797946e-01,1.647645996093749954e+00,0.000000000000000000e+00,0.000000000000000000e+00,0.000000000000000000e+00,1.000000000000000000e+00
9.792315302267076138e-01,1.683916707783655597e-01,1.129152577038692457e-01,3.790354919433593789e-02,1.541719028976371308e-01,-9.801457374490512020e-01,1.246810238864642928e-01,-8.093177795410155806e-02,1.316686544580076279e-01,-1.046832296641925231e-01,-9.857508746434322511e-01,1.647624023437500140e+00,0.000000000000000000e+00,0.000000000000000000e+00,0.000000000000000000e+00,1.000000000000000000e+00
9.792144809652310045e-01,1.684087413283901769e-01,1.130375871654234060e-01,3.790454864501953403e-02,1.542565049835527557e-01,-9.802088778156909932e-01,1.240785498043996266e-01,-8.095172119140625622e-02,1.316963588648239480e-01,-1.040627296177218247e-01,-9.858128713737999149e-01,1.647668579101562614e+00,0.000000000000000000e+00,0.000000000000000000e+00,0.000000000000000000e+00,1.000000000000000000e+00
9.791590351990662189e-01,1.683280357218020218e-01,1.136365090016140389e-01,3.790287780761718989e-02,1.541141670354005122e-01,-9.802328885046935891e-01,1.240657398830556785e-01,-8.094295501708984042e-02,1.322739857531285146e-01,-1.039670942355565425e-01,-9.857456243926201456e-01,1.647660278320312477e+00,0.000000000000000000e+00,0.000000000000000000e+00,0.000000000000000000e+00,1.000000000000000000e+00
9.791887080703749469e-01,1.684536638629615390e-01,1.131938033578442360e-01,3.790230178833008112e-02,1.541973074200158889e-01,-9.801350443469363238e-01,1.247336571557425833e-01,-8.093833160400390470e-02,1.319570550288503841e-01,-1.046836089088143407e-01,-9.857122692012814102e-01,1.647583862304687452e+00,0.000000000000000000e+00,0.000000000000000000e+00,0.000000000000000000e+00,1.000000000000000000e+00
9.791126776787132391e-01,1.683313190193271025e-01,1.140303970265549444e-01,3.790345382690429865e-02,1.541445459102243343e-01,-9.802925781603014643e-01,1.235553324221984328e-01,-8.093116760253905861e-02,1.325813839683044060e-01,-1.033974285997613374e-01,-9.857642458438052868e-01,1.647646484375000053e+00,0.000000000000000000e+00,0.000000000000000000e+00,0.000000000000000000e+00,1.000000000000000000e+00
9.791847794785143444e-01,1.683439862876567050e-01,1.133907840981566439e-01,3.791000747680663835e-02,1.541443036402495859e-01,-9.802170147852825588e-01,1.241536853286764747e-01,-8.092648315429687433e-02,1.320481021933903321e-01,-1.040908555359726789e-01,-9.857628480019490214e-01,1.647635498046875036e+00,0.000000000000000000e+00,0.000000000000000000e+00,0.000000000000000000e+00,1.000000000000000000e+00
9.791466460832788377e-01,1.683331165550000508e-01,1.137356906812777291e-01,3.791114044189453081e-02,1.541184591843279827e-01,-9.802413323256028432e-01,1.239936729804220206e-01,-8.094284057617187611e-02,1.323606663722842747e-01,-1.038792196322632366e-01,-9.857432534519713352e-01,1.647583496093750099e+00,0.000000000000000000e+00,0.000000000000000000e+00,0.000000000000000000e+00,1.000000000000000000e+00
9.791393184038635900e-01,1.683155779870343649e-01,1.138246957496842765e-01,3.789843749999999983e-02,1.541500356956137796e-01,-9.802913811532841803e-01,1.235579804449223051e-01,-8.093464660644530961e-02,1.323781010993081153e-01,-1.034343958433429078e-01,-9.857876871344376513e-01,1.647656616210937619e+00,0.000000000000000000e+00,0.000000000000000000e+00,0.000000000000000000e+00,1.000000000000000000e+00
9.791861083623424333e-01,1.683333995694293039e-01,1.133950253741768804e-01,3.790348052978515653e-02,1.541580069221726579e-01,-9.802382459289579186e-01,1.239689078757394147e-01,-8.094248199462890370e-02,1.320222484734853985e-01,-1.039078813542027024e-01,-9.857856146751619031e-01,1.647641601562499947e+00,0.000000000000000000e+00,0.000000000000000000e+00,0.000000000000000000e+00,1.000000000000000000e+00
9.791639288223932258e-01,1.683629145415222739e-01,1.135426329630389863e-01,3.790885925292968722e-02,1.541661311629165254e-01,-9.802314503686830882e-01,1.240125304570739995e-01,-8.093355560302734064e-02,1.321771708554610181e-01,-1.039241680995925121e-01,-9.857631372644515277e-01,1.647612426757812498e+00,0.000000000000000000e+00,0.000000000000000000e+00,0.000000000000000000e+00,1.000000000000000000e+00
9.791527466381303446e-01,1.683604566640320155e-01,1.136426653281435162e-01,3.790308380126953397e-02,1.541601888611185689e-01,-9.802390541639561805e-01,1.239598034124657910e-01,-8.093811035156249500e-02,1.322669078844367629e-01,-1.038564072343710343e-01,-9.857582420426719283e-01,1.647592285156250114e+00,0.000000000000000000e+00,0.000000000000000000e+00,0.000000000000000000e+00,1.000000000000000000e+00
9.791893957331906373e-01,1.682916194742147820e-01,1.134286476090388407e-01,3.790381622314453053e-02,1.541579161520412189e-01,-9.802809615600688309e-01,1.236307942647274644e-01,-8.094428253173828469e-02,1.319979703303412188e-01,-1.035720387827392258e-01,-9.858242077627518141e-01,1.647630126953125052e+00,0.000000000000000000e+00,0.000000000000000000e+00,0.000000000000000000e+00,1.000000000000000000e+00
9.791701104672621003e-01,1.683886687211395838e-01,1.134510952518850008e-01,3.789736938476562234e-02,1.541384619455639371e-01,-9.801761172010632350e-01,1.244833877178138926e-01,-8.094561004638671509e-02,1.321636459719007506e-01,-1.044032351748256093e-01,-9.857143273628745650e-01,1.647692871093749956e+00,0.000000000000000000e+00,0.000000000000000000e+00,0.000000000000000000e+00,1.000000000000000000e+00
9.791974312156008775e-01,1.682761599531167884e-01,1.133822062415495019e-01,3.790222167968750056e-02,1.541429007473221202e-01,-9.802791542169806416e-01,1.236638425605564862e-01,-8.094002532958984031e-02,1.319558897888586657e-01,-1.036142548063438695e-01,-9.858254051052632860e-01,1.647612426757812498e+00,0.000000000000000000e+00,0.000000000000000000e+00,0.000000000000000000e+00,1.000000000000000000e+00
9.791901281503170296e-01,1.683923471286090101e-01,1.132727255851303655e-01,3.790392303466796897e-02,1.542096718315092985e-01,-9.802109691669320668e-01,1.241202362165105821e-01,-8.094327545166016269e-02,1.319320660286361635e-01,-1.040695601669490156e-01,-9.857806331025547042e-01,1.647657592773437596e+00,0.000000000000000000e+00,0.000000000000000000e+00,0.000000000000000000e+00,1.000000000000000000e+00
9.791784894050981070e-01,1.684179915134031147e-01,1.133351932143843305e-01,3.790548706054687467e-02,1.542022230412846973e-01,-9.801870460112935834e-01,1.243182578738154798e-01,-8.093926239013672641e-02,1.320271195454798818e-01,-1.042532252078844646e-01,-9.857484997392986781e-01,1.647621215820312512e+00,0.000000000000000000e+00,0.000000000000000000e+00,0.000000000000000000e+00,1.000000000000000000e+00
9.791439162817774378e-01,1.683424640744608791e-01,1.137453559391452540e-01,3.790509414672851851e-02,1.541185271712503246e-01,-9.802335295989796915e-01,1.240552579800268673e-01,-8.094600677490235152e-02,1.323807795374712659e-01,-1.039376844039990033e-01,-9.857343896657895232e-01,1.647628784179687500e+00,0.000000000000000000e+00,0.000000000000000000e+00,0.000000000000000000e+00,1.000000000000000000e+00
9.792394897348204452e-01,1.682794515630619825e-01,1.130134855914276121e-01,3.790876007080078158e-02,1.541808883590789769e-01,-9.802692922238402939e-01,1.236946578788941653e-01,-8.094039916992187833e-02,1.315989187215987899e-01,-1.037021740592092289e-01,-9.858638768545584519e-01,1.647607421875000089e+00,0.000000000000000000e+00,0.000000000000000000e+00,0.000000000000000000e+00,1.000000000000000000e+00
9.792274639865665709e-01,1.683839526668068909e-01,1.129620213113261551e-01,3.790615463256836321e-02,1.541832833070222453e-01,-9.801668542943546836e-01,1.245008148221385391e-01,-8.094152832031249745e-02,1.316855683934442245e-01,-1.044977618277657394e-01,-9.857682936927336659e-01,1.647621826171875137e+00,0.000000000000000000e+00,0.000000000000000000e+00,0.000000000000000000e+00,1.000000000000000000e+00
9.792417331891420940e-01,1.682462251985325508e-01,1.130435123621444105e-01,3.790857315063476951e-02,1.541732138043153677e-01,-9.802976497178605975e-01,1.234793023258874689e-01,-8.093968963623046631e-02,1.315912159909410073e-01,-1.034878044219884330e-01,-9.858874308002625320e-01,1.647631469726562603e+00,0.000000000000000000e+00,0.000000000000000000e+00,0.000000000000000000e+00,1.000000000000000000e+00
9.791595875806192728e-01,1.683220838669208796e-01,1.136405655197516157e-01,3.790998458862304688e-02,1.541364204463694931e-01,-9.802563830050389226e-01,1.238522808423748872e-01,-8.093930053710937655e-02,1.322439637220985120e-01,-1.037549982438231849e-01,-9.857719991958041605e-01,1.647597412109375048e+00,0.000000000000000000e+00,0.000000000000000000e+00,0.000000000000000000e+00,1.000000000000000000e+00
9.792254824915720413e-01,1.681503799506948726e-01,1.133265377640428340e-01,3.790521621704101562e-02,1.542077391802425534e-01,-9.804424763557162414e-01,1.222805124882511973e-01,-8.096910095214844560e-02,1.316716659576628590e-01,-1.022643646629070313e-01,-9.860043468991532833e-01,1.647660522460937527e+00,0.000000000000000000e+00,0.000000000000000000e+00,0.000000000000000000e+00,1.000000000000000000e+00
9.792442499105875608e-01,1.683241903618987456e-01,1.129055621130407583e-01,3.790150451660156267e-02,1.541647929742725187e-01,-9.802033488755448332e-01,1.242361117403726761e-01,-8.096103668212890903e-02,1.315823530122870177e-01,-1.042514354442084096e-01,-9.858081570891832346e-01,1.647590698242187512e+00,0.000000000000000000e+00,0.000000000000000000e+00,0.000000000000000000e+00,1.000000000000000000e+00
9.792785663769835169e-01,1.683384779023923139e-01,1.125861727395786605e-01,3.789825439453125416e-02,1.541719876664358613e-01,-9.801632238971241806e-01,1.245433769358168935e-01,-8.096854400634766191e-02,1.313182685448632259e-01,-1.046050255824374636e-01,-9.858059144523719786e-01,1.647571289062500055e+00,0.000000000000000000e+00,0.000000000000000000e+00,0.000000000000000000e+00,1.000000000000000000e+00
9.793068801856626981e-01,1.682516465590777055e-01,1.124696307950891760e-01,3.789871978759765808e-02,1.541603104792996781e-01,-9.802249740353289331e-01,1.240709432154238068e-01,-8.092460632324219305e-02,1.311206814120121911e-01,-1.041651751191260133e-01,-9.858787872748108194e-01,1.647608642578125115e+00,0.000000000000000000e+00,0.000000000000000000e+00,0.000000000000000000e+00,1.000000000000000000e+00
9.791772612773632645e-01,1.683036566666618050e-01,1.135155062094720668e-01,3.789956665039062589e-02,1.541502355701119820e-01,-9.802721926793165341e-01,1.237098748417596872e-01,-8.095293426513672230e-02,1.320969184767049887e-01,-1.036354544174689918e-01,-9.858042892565659354e-01,1.647595336914062569e+00,0.000000000000000000e+00,0.000000000000000000e+00,0.000000000000000000e+00,1.000000000000000000e+00
9.791426658792324877e-01,1.683232036739391035e-01,1.137846165342717430e-01,3.790298080444336193e-02,1.541115791590839113e-01,-9.802501395318753419e-01,1.239325829507007121e-01,-8.094623565673828014e-02,1.323981156361489497e-01,-1.038121527215407763e-01,-9.857452895770369983e-01,1.647587524414062532e+00,0.000000000000000000e+00,0.000000000000000000e+00,0.000000000000000000e+00,1.000000000000000000e+00
9.791545610548688661e-01,1.682695861411658833e-01,1.137615574143042430e-01,3.789883804321288879e-02,1.541250949643727663e-01,-9.803088880098753677e-01,1.234501486068967924e-01,-8.094113922119140769e-02,1.322943712622361156e-01,-1.033432652315697531e-01,-9.858084848811188294e-01,1.647644775390624927e+00,0.000000000000000000e+00,0.000000000000000000e+00,0.000000000000000000e+00,1.000000000000000000e+00
9.791725907692652164e-01,1.683800358766586736e-01,1.134425008732636991e-01,3.789564132690429604e-02,1.542329639689131726e-01,-9.802578424132242230e-01,1.237204720841897226e-01,-8.094062042236328802e-02,1.320349586721987767e-01,-1.036471220321431158e-01,-9.858113631840956792e-01,1.647644165039062525e+00,0.000000000000000000e+00,0.000000000000000000e+00,0.000000000000000000e+00,1.000000000000000000e+00
9.791832686399061236e-01,1.682876107754613937e-01,1.134874727675121570e-01,3.789870452880859247e-02,1.541152292840451965e-01,-9.802570620770051368e-01,1.238732753699732098e-01,-8.094660949707031816e-02,1.320932341885691641e-01,-1.038044907874695472e-01,-9.857869978722372251e-01,1.647642822265624973e+00,0.000000000000000000e+00,0.000000000000000000e+00,0.000000000000000000e+00,1.000000000000000000e+00
9.791809654698517829e-01,1.682900450707776885e-01,1.135037338223044284e-01,3.790525054931640631e-02,1.540777663900243788e-01,-9.802269091296536008e-01,1.241581593065347322e-01,-8.092863464355469494e-02,1.321539964049139315e-01,-1.040849045164638220e-01,-9.857492855112850449e-01,1.647632446289062580e+00,0.000000000000000000e+00,0.000000000000000000e+00,0.000000000000000000e+00,1.000000000000000000e+00
9.792622124732875966e-01,1.682291960534049169e-01,1.128913496116820264e-01,3.790105438232421742e-02,1.541620149152292396e-01,-9.802898253308792720e-01,1.235553783128470751e-01,-8.095545196533203425e-02,1.314518633538475645e-01,-1.035895552069761860e-01,-9.858953350497315915e-01,1.647633178710937507e+00,0.000000000000000000e+00,0.000000000000000000e+00,0.000000000000000000e+00,1.000000000000000000e+00
9.792340653761342217e-01,1.681977507190911270e-01,1.131819855806010799e-01,3.792660522460937489e-02,1.540887247218676037e-01,-9.802907369660445180e-01,1.236395403265387050e-01,-8.093774414062500366e-02,1.317471446389538170e-01,-1.036319818955893646e-01,-9.858514605192179037e-01,1.647529418945312463e+00,0.000000000000000000e+00,0.000000000000000000e+00,0.000000000000000000e+00,1.000000000000000000e+00
9.792099073362174888e-01,1.682182684326060662e-01,1.133603614149695099e-01,3.790448379516601907e-02,1.541516795843978493e-01,-9.803384138128847791e-01,1.231821987307693128e-01,-8.094029235839843295e-02,1.318530130710177106e-01,-1.031465392942162024e-01,-9.858882159635145026e-01,1.647580078125000069e+00,0.000000000000000000e+00,0.000000000000000000e+00,0.000000000000000000e+00,1.000000000000000000e+00
9.792415494337100013e-01,1.682630793221092935e-01,1.130200159250967645e-01,3.790658569335937644e-02,1.541982108946488850e-01,-9.802990555316112298e-01,1.234369210597899419e-01,-8.094496154785156550e-02,1.315632913071003718e-01,-1.034470775849805763e-01,-9.858954318382709969e-01,1.647638549804687491e+00,0.000000000000000000e+00,0.000000000000000000e+00,0.000000000000000000e+00,1.000000000000000000e+00
9.792210516999789727e-01,1.683431091274989744e-01,1.130784219772902055e-01,3.791395950317382607e-02,1.541735434336574395e-01,-9.802096608154832191e-01,1.241754377850373542e-01,-8.094095611572266202e-02,1.317446409259112050e-01,-1.041615017810443994e-01,-9.857959885970425384e-01,1.647602539062499982e+00,0.000000000000000000e+00,0.000000000000000000e+00,0.000000000000000000e+00,1.000000000000000000e+00
9.791855566841711767e-01,1.682972729752476304e-01,1.134533978786197855e-01,3.789992904663085777e-02,1.541634497878985044e-01,-9.802824238123863942e-01,1.236122983930279390e-01,-8.093858337402344560e-02,1.320199845879536371e-01,-1.035490100078598902e-01,-9.858236790602001864e-01,1.647633056640624982e+00,0.000000000000000000e+00,0.000000000000000000e+00,0.000000000000000000e+00,1.000000000000000000e+00
9.792309824620876180e-01,1.683111694792713275e-01,1.130399629107114584e-01,3.790031051635742165e-02,1.542136472851357576e-01,-9.802677259870812287e-01,1.236662297441495639e-01,-8.093675231933593339e-02,1.316238351414771579e-01,-1.036654986803085265e-01,-9.858644077184309795e-01,1.647656372070312569e+00,0.000000000000000000e+00,0.000000000000000000e+00,0.000000000000000000e+00,1.000000000000000000e+00
9.792087616163926977e-01,1.682796225814507662e-01,1.132791675354961336e-01,3.789478302001952903e-02,1.541176569849181666e-01,-9.802457795766650328e-01,1.239595072094729633e-01,-8.092765808105469028e-02,1.319012849792207953e-01,-1.039239156593936564e-01,-9.858001170495211962e-01,1.647629272460937599e+00,0.000000000000000000e+00,0.000000000000000000e+00,0.000000000000000000e+00,1.000000000000000000e+00
9.791314252000208329e-01,1.684629905941103234e-01,1.136744165846688553e-01,3.791193389892578286e-02,1.541795895080434742e-01,-9.801605704507295735e-01,1.245548486122940446e-01,-8.092784118652343595e-02,1.324020632955066334e-01,-1.044292915507377406e-01,-9.856795710073856798e-01,1.647574829101562610e+00,0.000000000000000000e+00,0.000000000000000000e+00,0.000000000000000000e+00,1.000000000000000000e+00
9.792212537944694484e-01,1.684127331273395090e-01,1.129729500268429054e-01,3.790844345092773265e-02,1.541694212793144891e-01,-9.801295270536135584e-01,1.248114567660426888e-01,-8.093643188476562500e-02,1.317479626392350223e-01,-1.048010568565032052e-01,-9.857277579647288901e-01,1.647549072265624970e+00,0.000000000000000000e+00,0.000000000000000000e+00,0.000000000000000000e+00,1.000000000000000000e+00
9.791381188836090210e-01,1.682675621068344951e-01,1.139059774186174934e-01,3.790083694458008107e-02,1.541885454214038387e-01,-9.803743362885293244e-01,1.228497179795617067e-01,-8.094068145751953658e-02,1.323421195610063050e-01,-1.027238447949100075e-01,-9.858668140781754463e-01,1.647609741210937617e+00,0.000000000000000000e+00,0.000000000000000000e+00,0.000000000000000000e+00,1.000000000000000000e+00
9.791564975948956473e-01,1.682938235364245805e-01,1.137090241677759378e-01,3.790378952026367265e-02,1.541505890582896554e-01,-9.803008560560351192e-01,1.234820938791813677e-01,-8.093837738037110152e-02,1.322503274501783121e-01,-1.033799815017173857e-01,-9.858105448381171421e-01,1.647601806640625055e+00,0.000000000000000000e+00,0.000000000000000000e+00,0.000000000000000000e+00,1.000000000000000000e+00
9.791862577225001196e-01,1.683211356818115623e-01,1.134119392753299704e-01,3.789686203002929493e-02,1.541331250013988075e-01,-9.802319395118141987e-01,1.240496857642546247e-01,-8.093605041503906805e-02,1.320501891884639789e-01,-1.039872109621770846e-01,-9.857735071970634699e-01,1.647630004882812527e+00,0.000000000000000000e+00,0.000000000000000000e+00,0.000000000000000000e+00,1.000000000000000000e+00
9.791813800154938185e-01,1.682889609385239682e-01,1.135017649959012276e-01,3.790302658081054488e-02,1.541716706163255846e-01,-9.803014775412124404e-01,1.234508368132300749e-01,-8.092832946777343828e-02,1.320413609833072099e-01,-1.033820040275264807e-01,-9.858383438642099872e-01,1.647648925781250107e+00,0.000000000000000000e+00,0.000000000000000000e+00,0.000000000000000000e+00,1.000000000000000000e+00
9.792061194392954748e-01,1.682825928295054729e-01,1.132975931042469048e-01,3.789761734008788990e-02,1.541968620722145022e-01,-9.803070506954202346e-01,1.233750950716126643e-01,-8.093339538574219338e-02,1.318283102361517689e-01,-1.033395147435185318e-01,-9.858713107261288799e-01,1.647616210937500103e+00,0.000000000000000000e+00,0.000000000000000000e+00,0.000000000000000000e+00,1.000000000000000000e+00
9.792137206256206206e-01,1.682190900363432495e-01,1.133261977032407886e-01,3.791024780273437311e-02,1.541474135247060395e-01,-9.803309376974957967e-01,1.232470182064962783e-01,-8.094854736328124800e-02,1.318296789124992208e-01,-1.032162309934527566e-01,-9.858840425817501085e-01,1.647587036132812432e+00,0.000000000000000000e+00,0.000000000000000000e+00,0.000000000000000000e+00,1.000000000000000000e+00
9.791773453679265549e-01,1.683694849757153000e-01,1.134171188455839474e-01,3.790702438354492249e-02,1.541186420513740440e-01,-9.801752360439278666e-01,1.245148618377383137e-01,-8.094197845458984963e-02,1.321331543953347953e-01,-1.044424395312700121e-01,-9.857142620122202326e-01,1.647535034179687496e+00,0.000000000000000000e+00,0.000000000000000000e+00,0.000000000000000000e+00,1.000000000000000000e+00
9.793032942023840448e-01,1.682077484295147474e-01,1.125664751719267359e-01,3.790224456787109203e-02,1.541873683002464301e-01,-9.802978168123306357e-01,1.234603005407903104e-01,-8.093989562988281039e-02,1.311156490316967571e-01,-1.035487504572179113e-01,-9.859443913617773614e-01,1.647636840820312587e+00,0.000000000000000000e+00,0.000000000000000000e+00,0.000000000000000000e+00,1.000000000000000000e+00
9.790850581905520267e-01,1.683461783961326119e-01,1.142454071174027197e-01,3.790248870849609319e-02,1.540573520183163014e-01,-9.802317589325798552e-01,1.241452015546530702e-01,-8.092861938476562933e-02,1.328863466166037843e-01,-1.039483669874537303e-01,-9.856652352008433704e-01,1.647599365234375002e+00,0.000000000000000000e+00,0.000000000000000000e+00,0.000000000000000000e+00,1.000000000000000000e+00
9.791711605012136665e-01,1.682995081521552472e-01,1.135742664446873496e-01,3.790406036376953169e-02,1.541236257002357168e-01,-9.802610516791991913e-01,1.238312503441841433e-01,-8.092015075683593739e-02,1.321731683955554015e-01,-1.037475113751312877e-01,-9.857822819668382586e-01,1.647592163085937589e+00,0.000000000000000000e+00,0.000000000000000000e+00,0.000000000000000000e+00,1.000000000000000000e+00
9.791935096916786208e-01,1.683722114556732430e-01,1.132734257768280295e-01,3.790758132934570618e-02,1.541535725206867602e-01,-9.801858253476516403e-01,1.243881982611385051e-01,-8.094255828857421786e-02,1.319725223552307702e-01,-1.043386131643936621e-01,-9.857467763813021477e-01,1.647603637695312484e+00,0.000000000000000000e+00,0.000000000000000000e+00,0.000000000000000000e+00,1.000000000000000000e+00
9.791493902753022338e-01,1.683650441272323273e-01,1.136647853978506179e-01,3.789758682250976562e-02,1.541180192011002148e-01,-9.802037716718360327e-01,1.242907967543726427e-01,-8.093792724609374933e-02,1.323408768334017882e-01,-1.041814662804405739e-01,-9.857140124816244908e-01,1.647657592773437596e+00,0.000000000000000000e+00,0.000000000000000000e+00,0.000000000000000000e+00,1.000000000000000000e+00
9.791697314177691958e-01,1.683078180465671925e-01,1.135742728775213373e-01,3.789757919311523282e-02,1.541586014262139592e-01,-9.802806501566705411e-01,1.236324089174402618e-01,-8.093644714355469061e-02,1.321429630421830370e-01,-1.035486615694239110e-01,-9.858072387670997472e-01,1.647648315429687482e+00,0.000000000000000000e+00,0.000000000000000000e+00,0.000000000000000000e+00,1.000000000000000000e+00
9.791763551675567445e-01,1.683380655414031812e-01,1.134722925235810975e-01,3.790275955200195224e-02,1.541540551562127215e-01,-9.802384238165813279e-01,1.239724152885616770e-01,-8.093901062011718550e-02,1.320991777403411338e-01,-1.038986437031904631e-01,-9.857762824682703151e-01,1.647656616210937619e+00,0.000000000000000000e+00,0.000000000000000000e+00,0.000000000000000000e+00,1.000000000000000000e+00
9.792588806051788497e-01,1.683434853116194119e-01,1.127497925010456925e-01,3.789911270141601424e-02,1.542286850135706766e-01,-9.802199813470061640e-01,1.240254042003487989e-01,-8.093238067626953858e-02,1.313984683125228869e-01,-1.040637262508491701e-01,-9.858525160509107321e-01,1.647642456054687621e+00,0.000000000000000000e+00,0.000000000000000000e+00,0.000000000000000000e+00,1.000000000000000000e+00
9.791625551682232587e-01,1.682430813224946864e-01,1.137319486492198023e-01,3.790270233154297008e-02,1.541269889637163770e-01,-9.803323425436212268e-01,1.232613866379690254e-01,-8.093812561035156061e-02,1.322329831373957598e-01,-1.031637714997317851e-01,-9.858355209772757810e-01,1.647609741210937617e+00,0.000000000000000000e+00,0.000000000000000000e+00,0.000000000000000000e+00,1.000000000000000000e+00
9.791052123326402512e-01,1.682838629849479628e-01,1.141644631306889535e-01,3.790139389038085782e-02,1.540867082250841347e-01,-9.803051855716624630e-01,1.235274442772386072e-01,-8.094414520263672197e-02,1.327036907226508688e-01,-1.033551382378822547e-01,-9.857522233646827114e-01,1.647623779296875091e+00,0.000000000000000000e+00,0.000000000000000000e+00,0.000000000000000000e+00,1.000000000000000000e+00
9.791714954456967046e-01,1.683669345398350614e-01,1.134713966614360608e-01,3.790385818481445401e-02,1.541847911751621780e-01,-9.802352329233148254e-01,1.239594220140065456e-01,-8.095204162597656461e-02,1.320993288283846545e-01,-1.038819690294414816e-01,-9.857780195529095568e-01,1.647627319335937424e+00,0.000000000000000000e+00,0.000000000000000000e+00,0.000000000000000000e+00,1.000000000000000000e+00
9.791386520441094365e-01,1.682759649982959460e-01,1.138889796123251086e-01,3.790204238891601435e-02,1.541232591497644355e-01,-9.803140041529447846e-01,1.234118075820734017e-01,-8.093059539794922319e-02,1.324142026457089394e-01,-1.032843302031457300e-01,-9.857985727683868937e-01,1.647616333007812628e+00,0.000000000000000000e+00,0.000000000000000000e+00,0.000000000000000000e+00,1.000000000000000000e+00
9.792426685299792100e-01,1.683186858442261846e-01,1.129274817126393188e-01,3.789663696289062578e-02,1.542039077176374506e-01,-9.802417129072754642e-01,1.238843780354140917e-01,-8.093537902832032005e-02,1.315482838158527623e-01,-1.038990099677745832e-01,-9.858499098507950142e-01,1.647651000976562585e+00,0.000000000000000000e+00,0.000000000000000000e+00,0.000000000000000000e+00,1.000000000000000000e+00
9.792057717562686614e-01,1.683135630909064206e-01,1.132545850676868332e-01,3.790393447875976818e-02,1.541293256660977995e-01,-9.802203908454415471e-01,1.241456255392186236e-01,-8.093788146972656639e-02,1.319098462167415942e-01,-1.041082602412190250e-01,-9.857795202887015273e-01,1.647605712890624963e+00,0.000000000000000000e+00,0.000000000000000000e+00,0.000000000000000000e+00,1.000000000000000000e+00
9.791938687629364590e-01,1.682550921889738593e-01,1.134442212259117178e-01,3.789735031127929726e-02,1.541142450863549895e-01,-9.802826804674946715e-01,1.236716048126116074e-01,-8.093593597412108986e-02,1.320157825357884951e-01,-1.036151066589412750e-01,-9.858172968829062022e-01,1.647637939453125089e+00,0.000000000000000000e+00,0.000000000000000000e+00,0.000000000000000000e+00,1.000000000000000000e+00
9.791933429813649559e-01,1.683415909777708497e-01,1.133203680193982099e-01,3.791452789306640897e-02,1.541828973417007087e-01,-9.802426553913751173e-01,1.239030698513334389e-01,-8.092707061767578924e-02,1.319394983630661211e-01,-1.038529985043221554e-01,-9.858024769056749070e-01,1.647601318359374956e+00,0.000000000000000000e+00,0.000000000000000000e+00,0.000000000000000000e+00,1.000000000000000000e+00
9.792051668006455101e-01,1.683583824126373141e-01,1.131931816953676007e-01,3.790569686889648515e-02,1.541651943215140153e-01,-9.802000784599150807e-01,1.242614141517242032e-01,-8.094233703613280817e-02,1.318724162618178097e-01,-1.042269699193863752e-01,-9.857719840666469002e-01,1.647615234375000126e+00,0.000000000000000000e+00,0.000000000000000000e+00,0.000000000000000000e+00,1.000000000000000000e+00
9.791659149938587436e-01,1.683716068681679612e-01,1.135126112591511027e-01,3.790758514404297258e-02,1.542056459232355181e-01,-9.802513054375467938e-01,1.238062880203735644e-01,-8.095519256591797441e-02,1.321163490247811156e-01,-1.037226117518117302e-01,-9.857925188049185827e-01,1.647612670898437548e+00,0.000000000000000000e+00,0.000000000000000000e+00,0.000000000000000000e+00,1.000000000000000000e+00
9.791842459382243957e-01,1.682880504190877313e-01,1.134783882179028619e-01,3.790386199951172042e-02,1.541308329141223288e-01,-9.802680017950961000e-01,1.237672452704998427e-01,-8.093426513671875266e-02,1.320677812776053228e-01,-1.037004182382681994e-01,-9.858013615356892023e-01,1.647640991210937544e+00,0.000000000000000000e+00,0.000000000000000000e+00,0.000000000000000000e+00,1.000000000000000000e+00
9.792228498497473899e-01,1.682860889936205195e-01,1.131477025103500289e-01,3.789556503295898188e-02,1.541526898505145016e-01,-9.802541582801903575e-01,1.238496402346285913e-01,-8.093792724609374933e-02,1.317556774639731254e-01,-1.038343749710426561e-01,-9.858290237309826898e-01,1.647648803710937582e+00,0.000000000000000000e+00,0.000000000000000000e+00,0.000000000000000000e+00,1.000000000000000000e+00
9.792050463006493066e-01,1.683426379659228311e-01,1.132176379457612847e-01,3.790405273437499889e-02,1.541682301221414531e-01,-9.802198513947507630e-01,1.241015703069839188e-01,-8.094181823730468850e-02,1.318697619636499396e-01,-1.040663210377260478e-01,-9.857893115191113109e-01,1.647598876953125124e+00,0.000000000000000000e+00,0.000000000000000000e+00,0.000000000000000000e+00,1.000000000000000000e+00
9.791587964403930533e-01,1.684052642508629960e-01,1.135240869859676927e-01,3.789720153808593534e-02,1.541611090398152806e-01,-9.801855895295036314e-01,1.243807161030732189e-01,-8.094194793701171842e-02,1.322210414911890175e-01,-1.042874731273901734e-01,-9.857188844369823011e-01,1.647626953125000071e+00,0.000000000000000000e+00,0.000000000000000000e+00,0.000000000000000000e+00,1.000000000000000000e+00
9.791277510763443104e-01,1.684284748175871316e-01,1.137571797417732122e-01,3.790451431274414335e-02,1.541699682059522181e-01,-9.801939265028096759e-01,1.243040118032413544e-01,-8.093742370605469527e-02,1.324404318007018355e-01,-1.041715667426870717e-01,-9.857016874829918063e-01,1.647633666992187607e+00,0.000000000000000000e+00,0.000000000000000000e+00,0.000000000000000000e+00,1.000000000000000000e+00
9.792103650116456004e-01,1.683375374008249936e-01,1.131792143265967499e-01,3.789687347412109414e-02,1.542226199430690448e-01,-9.802637025289974160e-01,1.236869314116777613e-01,-8.092832946777343828e-02,1.317666291276192447e-01,-1.036607302982534701e-01,-9.858458340138062104e-01,1.647637329101562464e+00,0.000000000000000000e+00,0.000000000000000000e+00,0.000000000000000000e+00,1.000000000000000000e+00
9.792059464209299513e-01,1.682691699471611513e-01,1.133190228478174605e-01,3.789680862426757918e-02,1.541213403371493873e-01,-9.802625329374721197e-01,1.238223686241378546e-01,-8.094863891601562778e-02,1.319178795560759232e-01,-1.037827199696784858e-01,-9.858127713156914496e-01,1.647646118164062479e+00,0.000000000000000000e+00,0.000000000000000000e+00,0.000000000000000000e+00,1.000000000000000000e+00
9.791809481461180020e-01,1.683405946117791374e-01,1.134288984052220367e-01,3.790015792846680026e-02,1.541235455770241236e-01,-9.802076704396254225e-01,1.242531911465044048e-01,-8.092671203613281683e-02,1.321007323463292416e-01,-1.041842935239061241e-01,-9.857459254272817883e-01,1.647624145507812443e+00,0.000000000000000000e+00,0.000000000000000000e+00,0.000000000000000000e+00,1.000000000000000000e+00
9.792250234708840262e-01,1.682873538278105707e-01,1.131270080488302049e-01,3.788628387451171975e-02,1.541619428544904191e-01,-9.802581907127524419e-01,1.238061990204446100e-01,-8.095388031005859575e-02,1.317286938513231587e-01,-1.037942487915125694e-01,-9.858368552321575828e-01,1.647668090820312514e+00,0.000000000000000000e+00,0.000000000000000000e+00,0.000000000000000000e+00,1.000000000000000000e+00
9.792065861266603388e-01,1.683023274779563150e-01,1.132642408338765255e-01,3.790452957153320201e-02,1.541798448246567976e-01,-9.802717734354315926e-01,1.236762938303016535e-01,-8.092627716064453025e-02,1.318447463345293058e-01,-1.036415783904177657e-01,-9.858374034762158455e-01,1.647647338867187505e+00,0.000000000000000000e+00,0.000000000000000000e+00,0.000000000000000000e+00,1.000000000000000000e+00
9.791704787530222109e-01,1.683337998823401516e-01,1.135293149620389963e-01,3.789760971069335710e-02,1.541564601410480573e-01,-9.802500147335646563e-01,1.238777397744556807e-01,-8.092440032958984897e-02,1.321399233213000624e-01,-1.037961484450100058e-01,-9.857816189362746950e-01,1.647634399414062534e+00,0.000000000000000000e+00,0.000000000000000000e+00,0.000000000000000000e+00,1.000000000000000000e+00
9.791788490641730736e-01,1.683183460877993587e-01,1.134800243022055788e-01,3.789986801147460921e-02,1.541393850037433289e-01,-9.802462852406839122e-01,1.239284885024733995e-01,-8.094094085693359641e-02,1.320978104891567251e-01,-1.038564135819627088e-01,-9.857809157322245941e-01,1.647637695312500039e+00,0.000000000000000000e+00,0.000000000000000000e+00,0.000000000000000000e+00,1.000000000000000000e+00
9.791773127507732433e-01,1.683914719421131245e-01,1.133847536988256827e-01,3.789855575561523748e-02,1.541665728462153218e-01,-9.801890029602031706e-01,1.243470397425526647e-01,-8.093562316894531428e-02,1.320774697328329916e-01,-1.042776613328661034e-01,-9.857391700322764017e-01,1.647648803710937582e+00,0.000000000000000000e+00,0.000000000000000000e+00,0.000000000000000000e+00,1.000000000000000000e+00
9.791538443964729055e-01,1.683479058598477407e-01,1.136517997931031365e-01,3.789776229858398543e-02,1.541664629468662839e-01,-9.802567199363148021e-01,1.238122155611058456e-01,-8.095410156250000544e-02,1.322514676896262564e-01,-1.037099108682534992e-01,-9.857757370120441287e-01,1.647637939453125089e+00,0.000000000000000000e+00,0.000000000000000000e+00,0.000000000000000000e+00,1.000000000000000000e+00
9.791926843045933859e-01,1.683400232633731897e-01,1.133283882001848569e-01,3.790541839599609331e-02,1.542362014005143334e-01,-9.802868137386852032e-01,1.234866672462910098e-01,-8.093813323974609342e-02,1.318820730118570872e-01,-1.034379010698844303e-01,-9.858538022649970811e-01,1.647623413085937516e+00,0.000000000000000000e+00,0.000000000000000000e+00,0.000000000000000000e+00,1.000000000000000000e+00
9.791490922287601206e-01,1.683865603778569864e-01,1.136354762902401366e-01,3.789734649658203086e-02,1.541858759618345842e-01,-9.802338794261887811e-01,1.239687754193214281e-01,-8.093801879882812911e-02,1.322640194515393164e-01,-1.038629284643886180e-01,-9.857579425240886595e-01,1.647645385742187552e+00,0.000000000000000000e+00,0.000000000000000000e+00,0.000000000000000000e+00,1.000000000000000000e+00
9.791952471585795292e-01,1.683492696363969587e-01,1.132925035249050527e-01,3.789812088012695090e-02,1.541620925962918776e-01,-9.802162142953673163e-01,1.241379170068173665e-01,-8.094008636474608887e-02,1.319496765755083234e-01,-1.040898489063696031e-01,-9.857761339200034056e-01,1.647671508789062544e+00,0.000000000000000000e+00,0.000000000000000000e+00,0.000000000000000000e+00,1.000000000000000000e+00
9.791638946179025416e-01,1.683926260654401152e-01,1.134988588642468765e-01,3.789358901977538802e-02,1.541554482316113417e-01,-9.801905656951258594e-01,1.243485130702435271e-01,-8.093811035156249500e-02,1.321898833391283723e-01,-1.042611068858104173e-01,-9.857258525237803104e-01,1.647619750976562436e+00,0.000000000000000000e+00,0.000000000000000000e+00,0.000000000000000000e+00,1.000000000000000000e+00
9.791356138850343394e-01,1.683616751572853953e-01,1.137883823604588646e-01,3.790171813964843955e-02,1.541227403101413929e-01,-9.802229939966976557e-01,1.241332467932864947e-01,-8.094053649902344105e-02,1.324372702122404433e-01,-1.040059054976349429e-01,-9.857196057096294650e-01,1.647643188476562548e+00,0.000000000000000000e+00,0.000000000000000000e+00,0.000000000000000000e+00,1.000000000000000000e+00
9.792789646143357229e-01,1.682630163792181721e-01,1.126954603470871202e-01,3.789671707153320634e-02,1.541645271290379704e-01,-9.802401844672300468e-01,1.239454691819399379e-01,-8.094565582275391191e-02,1.313240573503387243e-01,-1.040035483751302614e-01,-9.858687812718419652e-01,1.647675415039062452e+00,0.000000000000000000e+00,0.000000000000000000e+00,0.000000000000000000e+00,1.000000000000000000e+00
9.792799746319678089e-01,1.682832646657086706e-01,1.126564428617562313e-01,3.789907073974609769e-02,1.541660257513793597e-01,-9.802182021745322604e-01,1.241173341228102023e-01,-8.093777465820312100e-02,1.313147660731196487e-01,-1.041778237398887086e-01,-9.858516182732486310e-01,1.647608032226562491e+00,0.000000000000000000e+00,0.000000000000000000e+00,0.000000000000000000e+00,1.000000000000000000e+00
9.791635475767312968e-01,1.683052465805859599e-01,1.136313824187598909e-01,3.790382385253906333e-02,1.541060841157647909e-01,-9.802475393535228232e-01,1.239599791459672223e-01,-8.093489837646485052e-02,1.322499978656148378e-01,-1.038658055608868563e-01,-9.857595206234293084e-01,1.647628051757812573e+00,0.000000000000000000e+00,0.000000000000000000e+00,0.000000000000000000e+00,1.000000000000000000e+00
9.791599384439714227e-01,1.683244254650050620e-01,1.136340738435190623e-01,3.790010833740234397e-02,1.541473252675816530e-01,-9.802620853790867672e-01,1.237935623572355981e-01,-8.092983245849609542e-02,1.322286544560170585e-01,-1.036973083552334141e-01,-9.857801231413784171e-01,1.647622558593750064e+00,0.000000000000000000e+00,0.000000000000000000e+00,0.000000000000000000e+00,1.000000000000000000e+00
9.791914399590554430e-01,1.682783808346338950e-01,1.134306416035169573e-01,3.789828872680664484e-02,1.541971322076703677e-01,-9.803243452604436525e-01,1.232372610398866225e-01,-8.094723510742188322e-02,1.319369862087270140e-01,-1.031821914545181934e-01,-9.858732509997426563e-01,1.647621948242187440e+00,0.000000000000000000e+00,0.000000000000000000e+00,0.000000000000000000e+00,1.000000000000000000e+00
9.791516746689407080e-01,1.682880210662045517e-01,1.137591313197756221e-01,3.791039276123046864e-02,1.541580455033954022e-01,-9.803170640058566088e-01,1.233440352246942540e-01,-8.095932769775390780e-02,1.322773412175431429e-01,-1.032356333082634636e-01,-9.858220473370736814e-01,1.647608154296875016e+00,0.000000000000000000e+00,0.000000000000000000e+00,0.000000000000000000e+00,1.000000000000000000e+00
9.791459198491940796e-01,1.683266312076745208e-01,1.137515400728775078e-01,3.790063476562500339e-02,1.540941729675810723e-01,-9.802299587493599198e-01,1.241137132941623200e-01,-8.093730926513671708e-02,1.323943106787943691e-01,-1.039969864779929642e-01,-9.857263176477450983e-01,1.647587768554687582e+00,0.000000000000000000e+00,0.000000000000000000e+00,0.000000000000000000e+00,1.000000000000000000e+00
9.791606729827514455e-01,1.683308493680528983e-01,1.136182275649250256e-01,3.790702438354492249e-02,1.541242743828499517e-01,-9.802363553266598695e-01,1.240257866004743637e-01,-8.094081115722656650e-02,1.322500832889158540e-01,-1.039298457948260035e-01,-9.857527593789118248e-01,1.647643554687500123e+00,0.000000000000000000e+00,0.000000000000000000e+00,0.000000000000000000e+00,1.000000000000000000e+00
9.792030334190834351e-01,1.682592124660992616e-01,1.133589730156070036e-01,3.789385986328125400e-02,1.541577138185072915e-01,-9.803044559641370670e-01,1.234446146541366834e-01,-8.093998718261719016e-02,1.318970000156040601e-01,-1.034021810076806575e-01,-9.858555524770037382e-01,1.647654663085937443e+00,0.000000000000000000e+00,0.000000000000000000e+00,0.000000000000000000e+00,1.000000000000000000e+00
9.791994031999365911e-01,1.684057515583184395e-01,1.131725744823639801e-01,3.790151977539062828e-02,1.541277050732294263e-01,-9.801232528423661217e-01,1.249122082366629083e-01,-8.094902038574218472e-02,1.319590061411038961e-01,-1.048709305755306243e-01,-9.856920962544412079e-01,1.647612915039062598e+00,0.000000000000000000e+00,0.000000000000000000e+00,0.000000000000000000e+00,1.000000000000000000e+00
9.791587567946086201e-01,1.683150199448059381e-01,1.136581851580270169e-01,3.790538787841796903e-02,1.541156634578761675e-01,-9.802485043911678408e-01,1.239404369679958789e-01,-8.094586181640625600e-02,1.322743031332065666e-01,-1.038408575651159210e-01,-9.857588878781494701e-01,1.647611328124999996e+00,0.000000000000000000e+00,0.000000000000000000e+00,0.000000000000000000e+00,1.000000000000000000e+00
9.791554026261021226e-01,1.682303839318206040e-01,1.138122815440743146e-01,3.790096664428711098e-02,1.541237382187773952e-01,-9.803495945562336056e-01,1.231281680644111809e-01,-8.093113708496094127e-02,1.322897230535508006e-01,-1.030204366889422296e-01,-9.858428976255974030e-01,1.647633056640624982e+00,0.000000000000000000e+00,0.000000000000000000e+00,0.000000000000000000e+00,1.000000000000000000e+00
9.791949747138284366e-01,1.683346608982374815e-01,1.133165629352578807e-01,3.790527725219726418e-02,1.541388182112063132e-01,-9.802140962500194288e-01,1.241835344689873055e-01,-8.094272613525391180e-02,1.319788854917238186e-01,-1.041334117996374486e-01,-9.857676228865146495e-01,1.647629638671874952e+00,0.000000000000000000e+00,0.000000000000000000e+00,0.000000000000000000e+00,1.000000000000000000e+00
9.791381462528292445e-01,1.683424456477383424e-01,1.137950418336037411e-01,3.790110397338867371e-02,1.541619711941691617e-01,-9.802725239748970587e-01,1.236926245877788405e-01,-8.094210052490234675e-02,1.323728718057499976e-01,-1.035692991828335990e-01,-9.857742252040653241e-01,1.647646118164062479e+00,0.000000000000000000e+00,0.000000000000000000e+00,0.000000000000000000e+00,1.000000000000000000e+00
9.791901115926580079e-01,1.684116578765713357e-01,1.132441559217201160e-01,3.790245437622070251e-02,1.541884231209296463e-01,-9.801730071667826838e-01,1.244459971116289448e-01,-8.093252563476562023e-02,1.319570215435288407e-01,-1.043953519697648075e-01,-9.857428442309230654e-01,1.647650878906250060e+00,0.000000000000000000e+00,0.000000000000000000e+00,0.000000000000000000e+00,1.000000000000000000e+00
9.791923909324273811e-01,1.683365418958879256e-01,1.133360939973268450e-01,3.790502548217773715e-02,1.541502798362104354e-01,-9.802233072329773478e-01,1.240965720060899086e-01,-8.095555114746093295e-02,1.319846686795665136e-01,-1.040436284439302944e-01,-9.857763288970611271e-01,1.647633422851562557e+00,0.000000000000000000e+00,0.000000000000000000e+00,0.000000000000000000e+00,1.000000000000000000e+00
9.791650868549063302e-01,1.682466904135452579e-01,1.137048101414929180e-01,3.790416717529297014e-02,1.541420346625634596e-01,-9.803380279531098696e-01,1.231973380357427039e-01,-8.095082092285156572e-02,1.321966937351664040e-01,-1.031038414119310465e-01,-9.858466574734604526e-01,1.647649902343750083e+00,0.000000000000000000e+00,0.000000000000000000e+00,0.000000000000000000e+00,1.000000000000000000e+00
9.791624444399276150e-01,1.683505258004780458e-01,1.135737991841790917e-01,3.790623092651367043e-02,1.541295535942595052e-01,-9.802174899182674039e-01,1.241682454058434248e-01,-8.093537139892578725e-02,1.322308137585939125e-01,-1.040758037251408585e-01,-9.857399449001271741e-01,1.647634765625000108e+00,0.000000000000000000e+00,0.000000000000000000e+00,0.000000000000000000e+00,1.000000000000000000e+00
9.791814632381213857e-01,1.682992125733880628e-01,1.134858453642081516e-01,3.790261840820312311e-02,1.541674762756859718e-01,-9.802869642886097301e-01,1.235712624545357713e-01,-8.093512725830077914e-02,1.320456410096040589e-01,-1.035028632116015562e-01,-9.858250889470013822e-01,1.647629638671874952e+00,0.000000000000000000e+00,0.000000000000000000e+00,0.000000000000000000e+00,1.000000000000000000e+00
9.791126433721479838e-01,1.683643265423891699e-01,1.139819509252779361e-01,3.789286041259765786e-02,1.541053975062285086e-01,-9.802261413304487192e-01,1.241299251263212056e-01,-8.095455169677734375e-02,1.326271391844520420e-01,-1.039719452561437829e-01,-9.856976598082198837e-01,1.647662841796875055e+00,0.000000000000000000e+00,0.000000000000000000e+00,0.000000000000000000e+00,1.000000000000000000e+00
9.791978144173253407e-01,1.683155303427339156e-01,1.133204416059969549e-01,3.790253067016601668e-02,1.541616007590696225e-01,-9.802505373711195569e-01,1.238672064552722718e-01,-8.093956756591796919e-02,1.319311983260031129e-01,-1.038208371622770243e-01,-9.858069753654562506e-01,1.647591308593750137e+00,0.000000000000000000e+00,0.000000000000000000e+00,0.000000000000000000e+00,1.000000000000000000e+00
9.792237867247839400e-01,1.683007788315639131e-01,1.131177411242984820e-01,3.790251541137695107e-02,1.541633715057746934e-01,-9.802456855991608098e-01,1.239033928115108874e-01,-8.094495391845703269e-02,1.317362152118668472e-01,-1.038905371480967899e-01,-9.858257076647638506e-01,1.647613037109375123e+00,0.000000000000000000e+00,0.000000000000000000e+00,0.000000000000000000e+00,1.000000000000000000e+00
9.791444117483495413e-01,1.683184065891836223e-01,1.137766889360775080e-01,3.789939117431640608e-02,1.541533362614558866e-01,-9.802865663688028475e-01,1.235920576587569153e-01,-8.093997955322265736e-02,1.323365779421592225e-01,-1.034754164047733960e-01,-9.857889573019255058e-01,1.647626342773437447e+00,0.000000000000000000e+00,0.000000000000000000e+00,0.000000000000000000e+00,1.000000000000000000e+00
9.791304678289945995e-01,1.683942972304481589e-01,1.137843909736196285e-01,3.790337371826171808e-02,1.541780566188101498e-01,-9.802352422455514747e-01,1.239677244973546033e-01,-8.094229888916015803e-02,1.324109278957784075e-01,-1.038375198089231677e-01,-9.857408968150355166e-01,1.647644042968750000e+00,0.000000000000000000e+00,0.000000000000000000e+00,0.000000000000000000e+00,1.000000000000000000e+00
9.791470416399552512e-01,1.683577830293646604e-01,1.136957683520418705e-01,3.790069961547851835e-02,1.541296065998488118e-01,-9.802228380571171851e-01,1.241259526474071118e-01,-8.093608856201171819e-02,1.323447589332484298e-01,-1.040136752772820861e-01,-9.857312108978859566e-01,1.647726440429687633e+00,0.000000000000000000e+00,0.000000000000000000e+00,0.000000000000000000e+00,1.000000000000000000e+00
9.792555589085267798e-01,1.683920858846180424e-01,1.127060591014385632e-01,3.789957809448242509e-02,1.542816663750799233e-01,-9.802113705720540970e-01,1.240275631534553946e-01,-8.093081665039063288e-02,1.313610207301925403e-01,-1.040662020671613286e-01,-9.858572451526839142e-01,1.647553588867187502e+00,0.000000000000000000e+00,0.000000000000000000e+00,0.000000000000000000e+00,1.000000000000000000e+00
9.792180687871658851e-01,1.682630147772919138e-01,1.132233704620660003e-01,3.790213775634765359e-02,1.541831673106398848e-01,-9.803074303408028101e-01,1.233891929492676592e-01,-8.094358825683593828e-02,1.317555489487733933e-01,-1.033677893575615653e-01,-9.858780733156298215e-01,1.647663574218749982e+00,0.000000000000000000e+00,0.000000000000000000e+00,0.000000000000000000e+00,1.000000000000000000e+00
9.791821876320276896e-01,1.683232227167882622e-01,1.134439778850853120e-01,3.789744567871093650e-02,1.542039199046091047e-01,-9.802887671704989536e-01,1.235114733350577976e-01,-8.094201660156249978e-02,1.319977064581431825e-01,-1.034467285784247681e-01,-9.858374003030174748e-01,1.647684204101562466e+00,0.000000000000000000e+00,0.000000000000000000e+00,0.000000000000000000e+00,1.000000000000000000e+00
9.792095884778891923e-01,1.681977444676539812e-01,1.133935650244634330e-01,3.790339660644531650e-02,1.541715314369871137e-01,-9.803764595833633910e-01,1.228541264637223740e-01,-8.094026184082031561e-02,1.318321687879613624e-01,-1.028178790424310041e-01,-9.859253333908603034e-01,1.647653808593749991e+00,0.000000000000000000e+00,0.000000000000000000e+00,0.000000000000000000e+00,1.000000000000000000e+00
9.792332014302270737e-01,1.683646448789181405e-01,1.129410623799184110e-01,3.789892196655273576e-02,1.541258817436198247e-01,-9.801375178549368572e-01,1.248024786208805914e-01,-8.094357299804687267e-02,1.317100975379661421e-01,-1.048035898619862349e-01,-9.857325487973805922e-01,1.647642089843750046e+00,0.000000000000000000e+00,0.000000000000000000e+00,0.000000000000000000e+00,1.000000000000000000e+00
9.791940965904676331e-01,1.682892920143761739e-01,1.133915137727600220e-01,3.789988327026367482e-02,1.541266389711726525e-01,-9.802549004478263717e-01,1.238761853928022905e-01,-8.095312500000000078e-02,1.319996225821415126e-01,-1.038221765391293683e-01,-9.857976746254021316e-01,1.647658203124999998e+00,0.000000000000000000e+00,0.000000000000000000e+00,0.000000000000000000e+00,1.000000000000000000e+00
9.791900695754917061e-01,1.682454326321559668e-01,1.134913302554971110e-01,3.790745925903320213e-02,1.540979039493701741e-01,-9.802836351608720244e-01,1.236843993161519800e-01,-8.093722534179687012e-02,1.320630290548960861e-01,-1.036217594629879196e-01,-9.858102694345604045e-01,1.647617919921875007e+00,0.000000000000000000e+00,0.000000000000000000e+00,0.000000000000000000e+00,1.000000000000000000e+00
9.792991091167437823e-01,1.682216499358333839e-01,1.125821094846690684e-01,3.790224456787109203e-02,1.542441100613035077e-01,-9.803309512029190209e-01,1.231258730932565243e-01,-8.092532348632812400e-02,1.310801640010744173e-01,-1.032119305431603434e-01,-9.859844258399852457e-01,1.647649902343750083e+00,0.000000000000000000e+00,0.000000000000000000e+00,0.000000000000000000e+00,1.000000000000000000e+00
9.792577112473866974e-01,1.683288052555154679e-01,1.127818615016660114e-01,3.790620040893554615e-02,1.542276299909539627e-01,-9.802363012550437960e-01,1.238976668432649197e-01,-8.094567108154296364e-02,1.314084210007243625e-01,-1.039336664564568524e-01,-9.858649095423847042e-01,1.647596435546875071e+00,0.000000000000000000e+00,0.000000000000000000e+00,0.000000000000000000e+00,1.000000000000000000e+00
9.791819020311075539e-01,1.683764269011844283e-01,1.133674626986632822e-01,3.790266036987304660e-02,1.541254705231649424e-01,-9.801690542926694283e-01,1.245550655052911210e-01,-8.094942474365234009e-02,1.320914155831321435e-01,-1.044892524186313149e-01,-9.857148949154820317e-01,1.647640747070312495e+00,0.000000000000000000e+00,0.000000000000000000e+00,0.000000000000000000e+00,1.000000000000000000e+00
9.791401230626043395e-01,1.684291802725458864e-01,1.136495958711091492e-01,3.789903259277344061e-02,1.541232680058001736e-01,-9.801456549824768549e-01,1.247417864157149558e-01,-8.095574188232422530e-02,1.324033144153139441e-01,-1.046236409789383925e-01,-9.856587929299619466e-01,1.647640869140625020e+00,0.000000000000000000e+00,0.000000000000000000e+00,0.000000000000000000e+00,1.000000000000000000e+00
9.792100887559205269e-01,1.682539440255246821e-01,1.133058356770658692e-01,3.789953613281250161e-02,1.541614357679328418e-01,-9.803070873271357843e-01,1.234190676441735135e-01,-8.093885803222657105e-02,1.318402586488366945e-01,-1.033858058731621510e-01,-9.858648595742547371e-01,1.647656372070312569e+00,0.000000000000000000e+00,0.000000000000000000e+00,0.000000000000000000e+00,1.000000000000000000e+00
9.791689337612744515e-01,1.684347483495450271e-01,1.133928335708873497e-01,3.789628601074218617e-02,1.541192419038546202e-01,-9.801112402405017798e-01,1.250168629793875219e-01,-8.091019439697265392e-02,1.321947746009298763e-01,-1.049366108784310914e-01,-9.856535137996306206e-01,1.647563110351562443e+00,0.000000000000000000e+00,0.000000000000000000e+00,0.000000000000000000e+00,1.000000000000000000e+00
9.791267142035312565e-01,1.683769898190725922e-01,1.138422892973636608e-01,3.790547561645507546e-02,1.541540311188564216e-01,-9.802384629663548621e-01,1.239721356239569250e-01,-8.095600128173828514e-02,1.324666456992225350e-01,-1.038351819992918146e-01,-9.857336571084355237e-01,1.647615966796875053e+00,0.000000000000000000e+00,0.000000000000000000e+00,0.000000000000000000e+00,1.000000000000000000e+00
9.791442569243768990e-01,1.683137720170963803e-01,1.137848772086480359e-01,3.789864349365234392e-02,1.541730471750054343e-01,-9.803071275329329204e-01,1.234042431722017497e-01,-8.093682098388671475e-02,1.323147597843254974e-01,-1.032879947404694854e-01,-9.858115410592986905e-01,1.647615478515624954e+00,0.000000000000000000e+00,0.000000000000000000e+00,0.000000000000000000e+00,1.000000000000000000e+00
9.792316696907040763e-01,1.683442002831740947e-01,1.129848100665512556e-01,3.789971160888672141e-02,1.541955348045818130e-01,-9.802166306403529150e-01,1.240930862796282008e-01,-8.094237518310547219e-02,1.316399412073900044e-01,-1.040941268616669413e-01,-9.858170918744625366e-01,1.647629882812500002e+00,0.000000000000000000e+00,0.000000000000000000e+00,0.000000000000000000e+00,1.000000000000000000e+00
9.791793260633369078e-01,1.683414311364613558e-01,1.134416588960050210e-01,3.789870834350585888e-02,1.541642238559477740e-01,-9.802401917275841425e-01,1.239457889755134490e-01,-8.093875122070312567e-02,1.320652849655909178e-01,-1.038765088207980469e-01,-9.857831563899638327e-01,1.647624145507812443e+00,0.000000000000000000e+00,0.000000000000000000e+00,0.000000000000000000e+00,1.000000000000000000e+00
9.791868115865006716e-01,1.683311999848762508e-01,1.133922181047463673e-01,3.789554214477539040e-02,1.541350843982297880e-01,-9.802219930240928525e-01,1.241258238620222831e-01,-8.095935821533203902e-02,1.320437949038627268e-01,-1.040646505953236323e-01,-9.857661917127508167e-01,1.647623901367187615e+00,0.000000000000000000e+00,0.000000000000000000e+00,0.000000000000000000e+00,1.000000000000000000e+00
9.791697633406288848e-01,1.683535260603193084e-01,1.135062325271827682e-01,3.790224838256835843e-02,1.541769188272383018e-01,-9.802451730562784515e-01,1.238905904449823514e-01,-8.095177459716797197e-02,1.321213542936821028e-01,-1.038098789274150280e-01,-9.857826620389908978e-01,1.647606201171875062e+00,0.000000000000000000e+00,0.000000000000000000e+00,0.000000000000000000e+00,1.000000000000000000e+00
9.791701390355506129e-01,1.683509189016350882e-01,1.135068584979607720e-01,3.789730453491210738e-02,1.541906718951518707e-01,-9.802584958968169060e-01,1.237680003984554522e-01,-8.094705200195312367e-02,1.321025189828817503e-01,-1.036882313817991674e-01,-9.857979890176750137e-01,1.647656372070312569e+00,0.000000000000000000e+00,0.000000000000000000e+00,0.000000000000000000e+00,1.000000000000000000e+00
9.791895854570507041e-01,1.682562361701065157e-01,1.134794903157321372e-01,3.789853668212890547e-02,1.541882767612593741e-01,-9.803430390119429738e-01,1.230995579611114110e-01,-8.093966674804688177e-02,1.319610966983916778e-01,-1.030405980703581192e-01,-9.858848330852141295e-01,1.647563232421874968e+00,0.000000000000000000e+00,0.000000000000000000e+00,0.000000000000000000e+00,1.000000000000000000e+00
9.791587960257718271e-01,1.683165158943767115e-01,1.136556318117986353e-01,3.790179443359375372e-02,1.541591540025658846e-01,-9.802809392939825228e-01,1.236294272983619880e-01,-8.095063781738282005e-02,1.322233239733984211e-01,-1.035317851390858135e-01,-9.857982359810449902e-01,1.647616210937500103e+00,0.000000000000000000e+00,0.000000000000000000e+00,0.000000000000000000e+00,1.000000000000000000e+00
9.791343640243265201e-01,1.683149774977268920e-01,1.138681937005128070e-01,3.789521408081054921e-02,1.541443152909351411e-01,-9.802917646785561656e-01,1.235620741445006693e-01,-8.094460296630859308e-02,1.324214002726394335e-01,-1.034317381336212066e-01,-9.857821505264191542e-01,1.647639282226562640e+00,0.000000000000000000e+00,0.000000000000000000e+00,0.000000000000000000e+00,1.000000000000000000e+00
9.791979371452115277e-01,1.682348243561496148e-01,1.134391632744964906e-01,3.790504074096679582e-02,1.541559711360768192e-01,-9.803339545437992353e-01,1.232123132304940166e-01,-8.094989776611327681e-02,1.319368654078739156e-01,-1.031619185667454058e-01,-9.858753887302253993e-01,1.647627441406249948e+00,0.000000000000000000e+00,0.000000000000000000e+00,0.000000000000000000e+00,1.000000000000000000e+00
9.791988109845662924e-01,1.682893600233382470e-01,1.133506941723209788e-01,3.790420913696289362e-02,1.541369131746150589e-01,-9.802588562499493507e-01,1.238320909156520599e-01,-8.094323730468749867e-02,1.319526451550440960e-01,-1.037847100804178135e-01,-9.858079089711700993e-01,1.647604492187499936e+00,0.000000000000000000e+00,0.000000000000000000e+00,0.000000000000000000e+00,1.000000000000000000e+00
9.791128120706031890e-01,1.683318297073345127e-01,1.140284891883456969e-01,3.789182662963867104e-02,1.541046662195031947e-01,-9.802607691165097226e-01,1.238570804616527243e-01,-8.093415069580078836e-02,1.326267434892799135e-01,-1.036977320797795032e-01,-9.857265986433252358e-01,1.647658447265625048e+00,0.000000000000000000e+00,0.000000000000000000e+00,0.000000000000000000e+00,1.000000000000000000e+00
9.792065048326640264e-01,1.682898313713824534e-01,1.132835096136677044e-01,3.789731216430664018e-02,1.541893726820050825e-01,-9.802929603717415175e-01,1.234963529726177817e-01,-8.094050598144530984e-02,1.318342074172255129e-01,-1.034613188713506965e-01,-9.858577469655919190e-01,1.647641357421875119e+00,0.000000000000000000e+00,0.000000000000000000e+00,0.000000000000000000e+00,1.000000000000000000e+00
9.791282785017242363e-01,1.683167455536032364e-01,1.139178976477961264e-01,3.790327453613281244e-02,1.541292254069189516e-01,-9.802832171248229143e-01,1.236486801339611169e-01,-8.094923400878906161e-02,1.324839466264246812e-01,-1.035098419941361952e-01,-9.857655484427499948e-01,1.647626098632812619e+00,0.000000000000000000e+00,0.000000000000000000e+00,0.000000000000000000e+00,1.000000000000000000e+00
9.791611052085517075e-01,1.681961285461898159e-01,1.138138497233153884e-01,3.790466690063476474e-02,1.541026387696193267e-01,-9.803654133804516890e-01,1.230285859937296222e-01,-8.094930267333984297e-02,1.322720936970759875e-01,-1.029257916629738312e-01,-9.858551489136436752e-01,1.647634033203124959e+00,0.000000000000000000e+00,0.000000000000000000e+00,0.000000000000000000e+00,1.000000000000000000e+00
9.791735964358274646e-01,1.682702924975945924e-01,1.135965523495394425e-01,3.789779281616210971e-02,1.541125744650686802e-01,-9.802821329052080479e-01,1.236780267410698964e-01,-8.095052337646484186e-02,1.321680083631298075e-01,-1.035956011111963671e-01,-9.857989495813705982e-01,1.647656250000000044e+00,0.000000000000000000e+00,0.000000000000000000e+00,0.000000000000000000e+00,1.000000000000000000e+00
9.792466760311477891e-01,1.683257927038425694e-01,1.128821287563780834e-01,3.790615463256836321e-02,1.541886508304389225e-01,-9.802183662494943217e-01,1.240879302037929399e-01,-8.093467712402344083e-02,1.315363350448744972e-01,-1.041075500518354735e-01,-9.858295038114690545e-01,1.647601806640625055e+00,0.000000000000000000e+00,0.000000000000000000e+00,0.000000000000000000e+00,1.000000000000000000e+00
9.791734247622138065e-01,1.683085747837615165e-01,1.135413047912324780e-01,3.790622329711914457e-02,1.541432542712359577e-01,-9.802646352729403878e-01,1.237784391397865058e-01,-8.094237518310547219e-02,1.321334984101673327e-01,-1.036989319495031925e-01,-9.857927115324104372e-01,1.647600708007812553e+00,0.000000000000000000e+00,0.000000000000000000e+00,0.000000000000000000e+00,1.000000000000000000e+00
9.792656339198304583e-01,1.683284090949115630e-01,1.127136412115648662e-01,3.789968872070312300e-02,1.542082077584695232e-01,-9.802144589584702583e-01,1.240944926605307974e-01,-8.093498229980468361e-02,1.313721693644205046e-01,-1.041401034200078179e-01,-9.858479558107104967e-01,1.647634155273437484e+00,0.000000000000000000e+00,0.000000000000000000e+00,0.000000000000000000e+00,1.000000000000000000e+00
9.791956488182352869e-01,1.683821683794225199e-01,1.132401285202356417e-01,3.790146636962890558e-02,1.541863407035584943e-01,-9.801989354658929843e-01,1.242441920251272924e-01,-8.094639587402344127e-02,1.319183598892961495e-01,-1.041992911846061076e-01,-9.857687629666219697e-01,1.647616210937500103e+00,0.000000000000000000e+00,0.000000000000000000e+00,0.000000000000000000e+00,1.000000000000000000e+00
9.791669616173142021e-01,1.682866958890417430e-01,1.136294383681717979e-01,3.789984512329101773e-02,1.541298316494302545e-01,-9.802834598551735112e-01,1.236460000569705592e-01,-8.095632934570312633e-02,1.321970357944355079e-01,-1.035563919858124987e-01,-9.857991770163156975e-01,1.647634155273437484e+00,0.000000000000000000e+00,0.000000000000000000e+00,0.000000000000000000e+00,1.000000000000000000e+00
9.792720643364807298e-01,1.683414638508355377e-01,1.126382508685462580e-01,3.790328979492187805e-02,1.541824890948758631e-01,-9.801740048779321590e-01,1.244454909511149288e-01,-8.094247436523437089e-02,1.313544215726147879e-01,-1.044991469348596214e-01,-9.858123270801650850e-01,1.647613159179687425e+00,0.000000000000000000e+00,0.000000000000000000e+00,0.000000000000000000e+00,1.000000000000000000e+00
9.792289901349564563e-01,1.682856076875974827e-01,1.130952657032536918e-01,3.790018463134765814e-02,1.541559695560497101e-01,-9.802519708905210738e-01,1.238628702052538832e-01,-8.093176269531250633e-02,1.317061954864227336e-01,-1.038558029696237950e-01,-9.858333785483361922e-01,1.647623046874999941e+00,0.000000000000000000e+00,0.000000000000000000e+00,0.000000000000000000e+00,1.000000000000000000e+00
9.792286990794925039e-01,1.683564075903342949e-01,1.129923666552844347e-01,3.790119552612304654e-02,1.541871829044043907e-01,-9.801991904521460963e-01,1.242411351564429028e-01,-8.095205688476563022e-02,1.316718175126657675e-01,-1.042385104471231089e-01,-9.857975783154859784e-01,1.647617431640625130e+00,0.000000000000000000e+00,0.000000000000000000e+00,0.000000000000000000e+00,1.000000000000000000e+00
9.792094655900523970e-01,1.683259776320113754e-01,1.132041861110780895e-01,3.790272140502929515e-02,1.541985718362054725e-01,-9.802581888647033947e-01,1.237605898796787646e-01,-8.093173217773437511e-02,1.318014527329595675e-01,-1.037316172529816477e-01,-9.858337226122680930e-01,1.647620849609374938e+00,0.000000000000000000e+00,0.000000000000000000e+00,0.000000000000000000e+00,1.000000000000000000e+00
9.792490193130460874e-01,1.683307313540353123e-01,1.128544330376655414e-01,3.789988708496094122e-02,1.541600829256467020e-01,-9.801882476215049156e-01,1.243610391442633578e-01,-8.093442535400391380e-02,1.315523736266095423e-01,-1.043827768671578837e-01,-9.857982597300047889e-01,1.647637817382812564e+00,0.000000000000000000e+00,0.000000000000000000e+00,0.000000000000000000e+00,1.000000000000000000e+00
9.791971461422055434e-01,1.683023895854338925e-01,1.133457306068171994e-01,3.790470886230468822e-02,1.541485732053392843e-01,-9.802552230631977892e-01,1.238463363853721244e-01,-8.094568634033202925e-02,1.319513787943062955e-01,-1.037978964967663509e-01,-9.858066901361179912e-01,1.647640869140625020e+00,0.000000000000000000e+00,0.000000000000000000e+00,0.000000000000000000e+00,1.000000000000000000e+00
9.792080614732721067e-01,1.683198976444043593e-01,1.132253699606829284e-01,3.789972686767578008e-02,1.541484889675402425e-01,-9.802265897211528412e-01,1.240728663030823686e-01,-8.095687866210937722e-02,1.318704504230587826e-01,-1.040396312018437575e-01,-9.857920366104626630e-01,1.647611450195312521e+00,0.000000000000000000e+00,0.000000000000000000e+00,0.000000000000000000e+00,1.000000000000000000e+00
9.791286019757631243e-01,1.682861073590298240e-01,1.139603740908793073e-01,3.790162658691406672e-02,1.540684960777780055e-01,-9.802687386805509773e-01,1.238390022649312472e-01,-8.096456146240234297e-02,1.325521758000213490e-01,-1.036966057090927262e-01,-9.857367471364214540e-01,1.647657714843750121e+00,0.000000000000000000e+00,0.000000000000000000e+00,0.000000000000000000e+00,1.000000000000000000e+00
9.791724494699597381e-01,1.683696461477424133e-01,1.134591400244342879e-01,3.789615631103515625e-02,1.541960284192263608e-01,-9.802402872126950717e-01,1.239054645482233485e-01,-8.094100189208984497e-02,1.320791392262128106e-01,-1.038298684447684084e-01,-9.857862138415233177e-01,1.647647827148437605e+00,0.000000000000000000e+00,0.000000000000000000e+00,0.000000000000000000e+00,1.000000000000000000e+00
9.792250543392964079e-01,1.683100757820605031e-01,1.130929323363718542e-01,3.790059661865234630e-02,1.541877386480552670e-01,-9.802536215174804113e-01,1.238102530183314565e-01,-8.093229675292969161e-02,1.316982695588713170e-01,-1.038005582456149600e-01,-9.858402557732655058e-01,1.647652099609375087e+00,0.000000000000000000e+00,0.000000000000000000e+00,0.000000000000000000e+00,1.000000000000000000e+00
9.791936695407714719e-01,1.684126440317931239e-01,1.132119201387321583e-01,3.790322113037109669e-02,1.541396328446762443e-01,-9.801301483881548204e-01,1.248433650905074882e-01,-8.094013214111328569e-02,1.319876172896023159e-01,-1.047953889769673158e-01,-9.856962997452001218e-01,1.647572387695312557e+00,0.000000000000000000e+00,0.000000000000000000e+00,0.000000000000000000e+00,1.000000000000000000e+00
9.792746860390253438e-01,1.682992502310725058e-01,1.126785323601064426e-01,3.790124893188476923e-02,1.542080517208219703e-01,-9.802385281809589124e-01,1.239044174115518926e-01,-8.093672943115234886e-02,1.313048592689432803e-01,-1.039605225135321886e-01,-9.858758764119734952e-01,1.647655151367187543e+00,0.000000000000000000e+00,0.000000000000000000e+00,0.000000000000000000e+00,1.000000000000000000e+00
9.791554787515917013e-01,1.683341134145975304e-01,1.136581483733697800e-01,3.790058517456054710e-02,1.541299831762883987e-01,-9.802417306148314413e-01,1.239761987129685966e-01,-8.093315887451171808e-02,1.322818835548487948e-01,-1.038738457079636385e-01,-9.857543951010412364e-01,1.647597656250000098e+00,0.000000000000000000e+00,0.000000000000000000e+00,0.000000000000000000e+00,1.000000000000000000e+00
9.792249522433621456e-01,1.682999416413730187e-01,1.131088968538539186e-01,3.790542221069335971e-02,1.541493967767094686e-01,-9.802345691510757630e-01,1.240086808033275118e-01,-8.095272827148437822e-02,1.317439045169146450e-01,-1.039967263173000728e-01,-9.858134836458277706e-01,1.647595336914062569e+00,0.000000000000000000e+00,0.000000000000000000e+00,0.000000000000000000e+00,1.000000000000000000e+00
9.791415601112418710e-01,1.683681013655354552e-01,1.137276910232869476e-01,3.790194702148437511e-02,1.541324566002525154e-01,-9.802185162896086545e-01,1.241565388748005483e-01,-8.095336151123047608e-02,1.323819892783558161e-01,-1.040376987709905332e-01,-9.857236763663244083e-01,1.647649658203125034e+00,0.000000000000000000e+00,0.000000000000000000e+00,0.000000000000000000e+00,1.000000000000000000e+00
9.792426096093221899e-01,1.683285640538423333e-01,1.129132678169227216e-01,3.789928817749023404e-02,1.541716629350348144e-01,-9.802054087568042862e-01,1.242113319780135672e-01,-8.094119262695312345e-02,1.315865109856273751e-01,-1.042250026024359455e-01,-9.858103970638326663e-01,1.647636718750000062e+00,0.000000000000000000e+00,0.000000000000000000e+00,0.000000000000000000e+00,1.000000000000000000e+00
9.791747203501059982e-01,1.683421108977450620e-01,1.134803979803708507e-01,3.789786911010742387e-02,1.541539426305710003e-01,-9.802353203105840240e-01,1.239970918491957175e-01,-8.093890380859375400e-02,1.321114264503365221e-01,-1.039213669757021452e-01,-9.857722457480526668e-01,1.647637573242187514e+00,0.000000000000000000e+00,0.000000000000000000e+00,0.000000000000000000e+00,1.000000000000000000e+00
9.792349579668040427e-01,1.683085899399840712e-01,1.130093608873435768e-01,3.789756011962890775e-02,1.542399793130581898e-01,-9.802878502385385939e-01,1.234737196986144259e-01,-8.094803619384766113e-02,1.315633910982038357e-01,-1.034792212336318462e-01,-9.858920452542572210e-01,1.647660034179687427e+00,0.000000000000000000e+00,0.000000000000000000e+00,0.000000000000000000e+00,1.000000000000000000e+00
9.792360301324958272e-01,1.683109452379605853e-01,1.129965619098819568e-01,3.789741134643554582e-02,1.542144532696834713e-01,-9.802642545221949000e-01,1.236927391109848146e-01,-8.094950103759765425e-02,1.315853323630037930e-01,-1.036986837869689065e-01,-9.858660574782804886e-01,1.647642822265624973e+00,0.000000000000000000e+00,0.000000000000000000e+00,0.000000000000000000e+00,1.000000000000000000e+00
9.791400035401404134e-01,1.683871030844585337e-01,1.137129587260745089e-01,3.790574645996094144e-02,1.541321142867427274e-01,-9.801988258702821755e-01,1.243123208214654829e-01,-8.093666076660156750e-02,1.323939002103664830e-01,-1.041923474989618070e-01,-9.857057420496967426e-01,1.647609375000000043e+00,0.000000000000000000e+00,0.000000000000000000e+00,0.000000000000000000e+00,1.000000000000000000e+00
9.792372606392618639e-01,1.684051290626967234e-01,1.128454690321734066e-01,3.790027236938476457e-02,1.542260960606362530e-01,-9.801689180608350593e-01,1.244315207708542870e-01,-8.095510101318359464e-02,1.315625276042162173e-01,-1.044442653898652040e-01,-9.857903918975683411e-01,1.647665893554687511e+00,0.000000000000000000e+00,0.000000000000000000e+00,0.000000000000000000e+00,1.000000000000000000e+00
9.792427535823934326e-01,1.682449070202876318e-01,1.130366348495346618e-01,3.790206146240234636e-02,1.542124815976650132e-01,-9.803290571184496427e-01,1.231805597029897448e-01,-8.095222473144531028e-02,1.315375994758232747e-01,-1.031920104997802179e-01,-9.859255899372688647e-01,1.647633544921875082e+00,0.000000000000000000e+00,0.000000000000000000e+00,0.000000000000000000e+00,1.000000000000000000e+00
9.791964679737359400e-01,1.683467466362852105e-01,1.132857007955488382e-01,3.789930725097656605e-02,1.541577094708221074e-01,-9.802144655735129941e-01,1.241571668939897288e-01,-8.093169403076172497e-02,1.319457377806112497e-01,-1.041103951457817145e-01,-9.857744914046615570e-01,1.647626098632812619e+00,0.000000000000000000e+00,0.000000000000000000e+00,0.000000000000000000e+00,1.000000000000000000e+00
9.792566931603261526e-01,1.683512367009709076e-01,1.127572170725951034e-01,3.790498733520508007e-02,1.542625883824006450e-01,-9.802401910076463665e-01,1.238233490051641877e-01,-8.093701934814452603e-02,1.313749699382066038e-01,-1.038606231184193013e-01,-9.858770654798643118e-01,1.647609741210937617e+00,0.000000000000000000e+00,0.000000000000000000e+00,0.000000000000000000e+00,1.000000000000000000e+00
9.793169897078104480e-01,1.682330061848354985e-01,1.124094715744427125e-01,3.789301300048827925e-02,1.542759856143964270e-01,-9.803282197958766986e-01,1.231076834911360995e-01,-8.093865203857422697e-02,1.309089528349337006e-01,-1.032193639869006807e-01,-9.860063939781531506e-01,1.647610351562500020e+00,0.000000000000000000e+00,0.000000000000000000e+00,0.000000000000000000e+00,1.000000000000000000e+00
9.791319084385275984e-01,1.682736717305873819e-01,1.139503281251709049e-01,3.789842987060546703e-02,1.541656080523686745e-01,-9.803551341075006365e-01,1.230316070077462076e-01,-8.094491577148438255e-02,1.324147694608537040e-01,-1.028969505445695154e-01,-9.858390063277361337e-01,1.647601928710937580e+00,0.000000000000000000e+00,0.000000000000000000e+00,0.000000000000000000e+00,1.000000000000000000e+00
9.792466666539253461e-01,1.682981685503298908e-01,1.129233913313843207e-01,3.790237045288086248e-02,1.541944444959002791e-01,-9.802532799641804351e-01,1.238046057546605960e-01,-8.094232940673828924e-02,1.315296131438731808e-01,-1.038230879047187805e-01,-9.858603994907960688e-01,1.647620971679687463e+00,0.000000000000000000e+00,0.000000000000000000e+00,0.000000000000000000e+00,1.000000000000000000e+00
9.790524280355233921e-01,1.684419957880178842e-01,1.143837279192067291e-01,3.789802932739257807e-02,1.540634925037145386e-01,-9.801601058986094683e-01,1.247020732882343358e-01,-8.093598937988281949e-02,1.331194329739412985e-01,-1.044675110250820188e-01,-9.855788936989876570e-01,1.647644775390624927e+00,0.000000000000000000e+00,0.000000000000000000e+00,0.000000000000000000e+00,1.000000000000000000e+00
9.791892154959299654e-01,1.682574958371310658e-01,1.134808149031501651e-01,3.789849472045898199e-02,1.541658456494487961e-01,-9.803244573724766431e-01,1.232755057282245714e-01,-8.093998718261719016e-02,1.319900461840041173e-01,-1.032151799493515321e-01,-9.858626954786186003e-01,1.647636474609375012e+00,0.000000000000000000e+00,0.000000000000000000e+00,0.000000000000000000e+00,1.000000000000000000e+00
9.791898248256760695e-01,1.683621293066722424e-01,1.133202557938576688e-01,3.789895629882812644e-02,1.541718650092544773e-01,-9.802145190496043270e-01,1.241391665991089799e-01,-8.094002532958984031e-02,1.319784944505360269e-01,-1.040850136171221074e-01,-9.857727866719052656e-01,1.647618774414062459e+00,0.000000000000000000e+00,0.000000000000000000e+00,0.000000000000000000e+00,1.000000000000000000e+00
9.791753250857228030e-01,1.683054406918230161e-01,1.135295616868166046e-01,3.789982604980468572e-02,1.541429322322531159e-01,-9.802661733512622044e-01,1.237666587822283532e-01,-8.095441436767578103e-02,1.321197910462791891e-01,-1.036894788144137741e-01,-9.857955431006385494e-01,1.647610473632812544e+00,0.000000000000000000e+00,0.000000000000000000e+00,0.000000000000000000e+00,1.000000000000000000e+00
9.791117575052498134e-01,1.682788446082209566e-01,1.141157165876083429e-01,3.789705276489258035e-02,1.540716282508466373e-01,-9.802933427660863730e-01,1.236401856057561949e-01,-8.093679809570313022e-02,1.326729048566965274e-01,-1.034755651630622636e-01,-9.857437332953585818e-01,1.647594116210937543e+00,0.000000000000000000e+00,0.000000000000000000e+00,0.000000000000000000e+00,1.000000000000000000e+00
9.792512823634207386e-01,1.682365292061440143e-01,1.129752018376862233e-01,3.790551757812499895e-02,1.541950966834063630e-01,-9.803172420399808296e-01,1.232962980706255457e-01,-8.094776153564453569e-02,1.314944795357989860e-01,-1.033178358261332558e-01,-9.859181642772454346e-01,1.647631713867187431e+00,0.000000000000000000e+00,0.000000000000000000e+00,0.000000000000000000e+00,1.000000000000000000e+00
9.792238979625980111e-01,1.683434862379167007e-01,1.130532100393429051e-01,3.790196990966796659e-02,1.541697044031626052e-01,-9.802037375271623887e-01,1.242269503047681301e-01,-8.092684173583984675e-02,1.317279769190163319e-01,-1.042166185358468500e-01,-9.857923901703526948e-01,1.647625000000000117e+00,0.000000000000000000e+00,0.000000000000000000e+00,0.000000000000000000e+00,1.000000000000000000e+00
9.792404315538382198e-01,1.683235648420946251e-01,1.129396065563451346e-01,3.790435028076172275e-02,1.542093909318549561e-01,-9.802426291139257897e-01,1.238703023982957313e-01,-8.094572448730469327e-02,1.315585077396335123e-01,-1.038824604380742395e-01,-9.858502895747675021e-01,1.647613647460937525e+00,0.000000000000000000e+00,0.000000000000000000e+00,0.000000000000000000e+00,1.000000000000000000e+00
9.791342875631355858e-01,1.683622994263674344e-01,1.137988710405220261e-01,3.790258026123047297e-02,1.541107635401075537e-01,-9.802140412006096204e-01,1.242187827756131568e-01,-8.093944549560547208e-02,1.324610111667437751e-01,-1.040892384689027783e-01,-9.857076194063064678e-01,1.647605957031250012e+00,0.000000000000000000e+00,0.000000000000000000e+00,0.000000000000000000e+00,1.000000000000000000e+00
9.792052693371504635e-01,1.683346357749456734e-01,1.132276066199207065e-01,3.790184020996093667e-02,1.541946060521048323e-01,-9.802492116034284830e-01,1.238366125800171580e-01,-8.093795776367188055e-02,1.318372631951806595e-01,-1.038023773782346670e-01,-9.858214861139067420e-01,1.647655029296875018e+00,0.000000000000000000e+00,0.000000000000000000e+00,0.000000000000000000e+00,1.000000000000000000e+00
9.791761589559015988e-01,1.683326644269490802e-01,1.134819977762608484e-01,3.790287017822265708e-02,1.541842389342820419e-01,-9.802681982201821853e-01,1.236991512598767384e-01,-8.094026947021484841e-02,1.320654012094891749e-01,-1.036261243368765128e-01,-9.858094928323093420e-01,1.647640136718750092e+00,0.000000000000000000e+00,0.000000000000000000e+00,0.000000000000000000e+00,1.000000000000000000e+00
9.792447227942123744e-01,1.682045296300175852e-01,1.130796581690586555e-01,3.790002059936523754e-02,1.541628228867326644e-01,-9.803324150216708999e-01,1.232159896173089103e-01,-8.094410705566405795e-02,1.315811419591748355e-01,-1.032259282822073215e-01,-9.859162291041753123e-01,1.647625976562500094e+00,0.000000000000000000e+00,0.000000000000000000e+00,0.000000000000000000e+00,1.000000000000000000e+00
9.791707986064828173e-01,1.683077057401537457e-01,1.135652382766332014e-01,3.790210342407226984e-02,1.541167482909127084e-01,-9.802470179234357150e-01,1.239508440812200907e-01,-8.094966125488281539e-02,1.321838683522997826e-01,-1.038667417448785046e-01,-9.857682916926902017e-01,1.647635986328125135e+00,0.000000000000000000e+00,0.000000000000000000e+00,0.000000000000000000e+00,1.000000000000000000e+00
9.791918700012465226e-01,1.683300271792022018e-01,1.133502698422513832e-01,3.790072250366210982e-02,1.541694849393169253e-01,-9.802460086766435765e-01,1.238932297870054405e-01,-8.094051361083984264e-02,1.319661003326531856e-01,-1.038400906363195070e-01,-9.858002758873793958e-01,1.647637329101562464e+00,0.000000000000000000e+00,0.000000000000000000e+00,0.000000000000000000e+00,1.000000000000000000e+00
9.791615802942932323e-01,1.683471665867834755e-01,1.135862279406456149e-01,3.790010070800781117e-02,1.541535070087302339e-01,-9.802407366941130462e-01,1.239548079030916017e-01,-8.094576263427734342e-02,1.322092884501383792e-01,-1.038620702065231605e-01,-9.857653749345853811e-01,1.647612792968750073e+00,0.000000000000000000e+00,0.000000000000000000e+00,0.000000000000000000e+00,1.000000000000000000e+00
9.791650103576826636e-01,1.683735098794724716e-01,1.135175918618185897e-01,3.789665985107421725e-02,1.541843109996433037e-01,-9.802332428934364961e-01,1.239757547594789733e-01,-8.092799377441406428e-02,1.321479501649741872e-01,-1.038900895056135421e-01,-9.857706470420547484e-01,1.647569824218749979e+00,0.000000000000000000e+00,0.000000000000000000e+00,0.000000000000000000e+00,1.000000000000000000e+00
9.791906638943967955e-01,1.683206725456119213e-01,1.133745779963191425e-01,3.790302276611328541e-02,1.541436046744702193e-01,-9.802369033300877277e-01,1.239974293596475402e-01,-8.092464447021484319e-02,1.320052759552102495e-01,-1.039411590450723261e-01,-9.857843793529879051e-01,1.647633666992187607e+00,0.000000000000000000e+00,0.000000000000000000e+00,0.000000000000000000e+00,1.000000000000000000e+00
9.791507898360549689e-01,1.682939880166607061e-01,1.137579199918745121e-01,3.790559387207031311e-02,1.541473120455681134e-01,-9.803029591684535582e-01,1.234694878692681463e-01,-8.093280029296874567e-02,1.322963981087766361e-01,-1.033597689772048633e-01,-9.858064826346106813e-01,1.647581787109374973e+00,0.000000000000000000e+00,0.000000000000000000e+00,0.000000000000000000e+00,1.000000000000000000e+00
9.791740944801340385e-01,1.682225299159006426e-01,1.136629804628726814e-01,3.790123367309570362e-02,1.541100956061055016e-01,-9.803316743864861627e-01,1.232878202697470366e-01,-8.096472167968750411e-02,1.321672089865201516e-01,-1.032036269870508643e-01,-9.858401697260216201e-01,1.647637207031249940e+00,0.000000000000000000e+00,0.000000000000000000e+00,0.000000000000000000e+00,1.000000000000000000e+00
9.791952284936612516e-01,1.683751023289865312e-01,1.132542688420619670e-01,3.790598678588866927e-02,1.542231487113728539e-01,-9.802360712781442720e-01,1.239050643304751148e-01,-8.093412017822265714e-02,1.318784474309449284e-01,-1.038608178327742465e-01,-9.858098222387069454e-01,1.647604614257812461e+00,0.000000000000000000e+00,0.000000000000000000e+00,0.000000000000000000e+00,1.000000000000000000e+00
9.791918109999228070e-01,1.683221359071004064e-01,1.133624974776213240e-01,3.790795135498047086e-02,1.542278319846531465e-01,-9.803004785842023283e-01,1.233886037237545974e-01,-8.094539642333985208e-02,1.318983438561897592e-01,-1.033374581226758071e-01,-9.858621590449342387e-01,1.647626953125000071e+00,0.000000000000000000e+00,0.000000000000000000e+00,0.000000000000000000e+00,1.000000000000000000e+00
9.792214397150391658e-01,1.682933753462720339e-01,1.131490690061783266e-01,3.789810943603515864e-02,1.541899655515761025e-01,-9.802767523461302090e-01,1.236242020517324819e-01,-8.094074249267578514e-02,1.317225361341402556e-01,-1.036090180644648334e-01,-9.858571624987606530e-01,1.647649291992187459e+00,0.000000000000000000e+00,0.000000000000000000e+00,0.000000000000000000e+00,1.000000000000000000e+00
9.792144507947826426e-01,1.683028339513169269e-01,1.131954744617810760e-01,3.790072631835937622e-02,1.541981982027913756e-01,-9.802788970559184190e-01,1.235969241439477950e-01,-8.094762420654297297e-02,1.317648474582084894e-01,-1.035733559888235289e-01,-9.858552555540429641e-01,1.647628906250000025e+00,0.000000000000000000e+00,0.000000000000000000e+00,0.000000000000000000e+00,1.000000000000000000e+00
9.792266104895398504e-01,1.682867297926312622e-01,1.131141984229615538e-01,3.790074539184570129e-02,1.541237775112899722e-01,-9.802273920885041791e-01,1.240972240020733752e-01,-8.093341827392577792e-02,1.317615517319737084e-01,-1.040857164796030465e-01,-9.858017331644889358e-01,1.647611816406250096e+00,0.000000000000000000e+00,0.000000000000000000e+00,0.000000000000000000e+00,1.000000000000000000e+00
9.792143614207656777e-01,1.683269918612283478e-01,1.131603207766418012e-01,3.790225601196289124e-02,1.541335690237352618e-01,-9.802015623789696042e-01,1.242889376003859236e-01,-8.094736480712891313e-02,1.318411062124705269e-01,-1.042637085508527350e-01,-9.857722869871595739e-01,1.647637573242187514e+00,0.000000000000000000e+00,0.000000000000000000e+00,0.000000000000000000e+00,1.000000000000000000e+00
9.792382034603244190e-01,1.683041256749722991e-01,1.129878850345457653e-01,3.790139007568359142e-02,1.541941203912412239e-01,-9.802538146976891298e-01,1.238007754717245223e-01,-8.094619750976563000e-02,1.315929865933895548e-01,-1.038083814121580351e-01,-9.858534910563641063e-01,1.647648681640625057e+00,0.000000000000000000e+00,0.000000000000000000e+00,0.000000000000000000e+00,1.000000000000000000e+00
9.792252428159966549e-01,1.683518320638943411e-01,1.130291310799234478e-01,3.790403366088867382e-02,1.541580812872570816e-01,-9.801841856168413969e-01,1.243955314329274475e-01,-8.094271087646484619e-02,1.317315824158490911e-01,-1.043868904957864496e-01,-9.857738925772161487e-01,1.647606689453124940e+00,0.000000000000000000e+00,0.000000000000000000e+00,0.000000000000000000e+00,1.000000000000000000e+00
9.791684564721208073e-01,1.683299798035245709e-01,1.135524185094680116e-01,3.790470886230468822e-02,1.541341997059212099e-01,-9.802384266233612475e-01,1.239970784009553489e-01,-8.094147491455078169e-02,1.321808697619272222e-01,-1.039117167132873193e-01,-9.857639538949869440e-01,1.647605957031250012e+00,0.000000000000000000e+00,0.000000000000000000e+00,0.000000000000000000e+00,1.000000000000000000e+00
9.791757045997209197e-01,1.683869090341766905e-01,1.134054160415457757e-01,3.789767074584961259e-02,1.541141150107817048e-01,-9.801539377052295166e-01,1.246880024516263397e-01,-8.095011901855468650e-02,1.321505924166960777e-01,-1.046140873250306080e-01,-9.856937220339121453e-01,1.647653930664062516e+00,0.000000000000000000e+00,0.000000000000000000e+00,0.000000000000000000e+00,1.000000000000000000e+00
9.792286468182559434e-01,1.682640247613601259e-01,1.131303461569697077e-01,3.790653228759765375e-02,1.541583715089155093e-01,-9.802777732809774269e-01,1.236555041435996594e-01,-8.093790435791016480e-02,1.317059366323575786e-01,-1.036470220623679772e-01,-9.858553854766917146e-01,1.647578735351562518e+00,0.000000000000000000e+00,0.000000000000000000e+00,0.000000000000000000e+00,1.000000000000000000e+00
9.790726077177070996e-01,1.682732245223723666e-01,1.144593846117156338e-01,3.789558029174804749e-02,1.541079409445600401e-01,-9.803604426356907764e-01,1.230615498560821697e-01,-8.094543457031250222e-02,1.329194167707539176e-01,-1.028470924430840150e-01,-9.857762952218555030e-01,1.647570922851562480e+00,0.000000000000000000e+00,0.000000000000000000e+00,0.000000000000000000e+00,1.000000000000000000e+00
9.792206986267889546e-01,1.683042151830221878e-01,1.131393589008290179e-01,3.791119384765625350e-02,1.541425361917903580e-01,-9.802281491646552825e-01,1.240679415546060149e-01,-8.094218444824219372e-02,1.317835419057563073e-01,-1.040503086822019141e-01,-9.858025316187378762e-01,1.647576171874999940e+00,0.000000000000000000e+00,0.000000000000000000e+00,0.000000000000000000e+00,1.000000000000000000e+00
9.792207118672204835e-01,1.683335014759940740e-01,1.130956662789763117e-01,3.790199661254883140e-02,1.541779962628067602e-01,-9.802240187449600128e-01,1.240565135084260029e-01,-8.092985534667969383e-02,1.317419558023943116e-01,-1.040418442565866908e-01,-9.858089833862582196e-01,1.647632690429687630e+00,0.000000000000000000e+00,0.000000000000000000e+00,0.000000000000000000e+00,1.000000000000000000e+00
9.792332898539305441e-01,1.683439646948305668e-01,1.129711184005618568e-01,3.790005493164062822e-02,1.541963622682738511e-01,-9.802161364689107037e-01,1.240959615345854361e-01,-8.093677520751953181e-02,1.316269193785198910e-01,-1.040991611723538213e-01,-9.858182990481222374e-01,1.647628662109374975e+00,0.000000000000000000e+00,0.000000000000000000e+00,0.000000000000000000e+00,1.000000000000000000e+00
