T00,T01,T02,T03,T10,T11,T12,T13,T20,T21,T22,T23,T30,T31,T32,T33
3.009499592115354449e-01,9.500109779951965150e-01,-8.311596560941431067e-02,2.211452191775643006e-01,-9.386218138288645596e-01,3.104901998347364689e-01,1.502828214108239413e-01,-3.919147508964057613e-02,1.685770229158984335e-01,3.278684942466406765e-02,9.851430402990304369e-01,-1.140401920441016514e-01,0.000000000000000000e+00,0.000000000000000000e+00,0.000000000000000000e+00,1.000000000000000000e+00
3.009848271390135888e-01,9.499754438390897171e-01,-8.339538317450453930e-02,2.210961114206833611e-01,-9.383595493629630635e-01,3.106175087532300760e-01,1.516513085181724341e-01,-3.931343886870283799e-02,1.699690852815152475e-01,3.261011129483237098e-02,9.849096865651710830e-01,-1.140824882617725855e-01,0.000000000000000000e+00,0.000000000000000000e+00,0.000000000000000000e+00,1.000000000000000000e+00
3.011870234393287382e-01,9.499656127619591217e-01,-8.277506557866762260e-02,2.210848688417378360e-01,-9.383637601566376940e-01,3.107048797228137427e-01,1.514461334637759726e-01,-3.931655780128501254e-02,1.695872357710133393e-01,3.205951163426083023e-02,9.849935823026053638e-01,-1.141759572344063223e-01,0.000000000000000000e+00,0.000000000000000000e+00,0.000000000000000000e+00,1.000000000000000000e+00
3.010453411387311040e-01,9.499163648098409851e-01,-8.384868779606462208e-02,2.210952738934909290e-01,-9.385934614995783409e-01,3.106997009720559588e-01,1.500266971112619863e-01,-3.914745992038753952e-02,1.685645769694936180e-01,3.353499190892878651e-02,9.851199864527993011e-01,-1.142074985274754706e-01,0.000000000000000000e+00,0.000000000000000000e+00,0.000000000000000000e+00,1.000000000000000000e+00
3.010299181049175821e-01,9.498872510388461921e-01,-8.423300255606860909e-02,2.211659415318085187e-01,-9.387560036658598728e-01,3.107132069212105718e-01,1.489780810255028620e-01,-3.913243771408042582e-02,1.676846862031559915e-01,3.422737732577620789e-02,9.852463309519849943e-01,-1.140420302782350070e-01,0.000000000000000000e+00,0.000000000000000000e+00,0.000000000000000000e+00,1.000000000000000000e+00
3.010986035514371384e-01,9.498724084638430210e-01,-8.415484881141926943e-02,2.210312518250069358e-01,-9.386543891182139721e-01,3.107848835019532130e-01,1.494680366358973611e-01,-3.909605139590280332e-02,1.681296188316831475e-01,3.398770109577468890e-02,9.851787997342092984e-01,-1.141787030186112162e-01,0.000000000000000000e+00,0.000000000000000000e+00,0.000000000000000000e+00,1.000000000000000000e+00
3.011050329198600717e-01,9.499738242549516931e-01,-8.297886707320328847e-02,2.210447262877659469e-01,-9.383958549719052522e-01,3.106553675228470035e-01,1.513488090497973615e-01,-3.927200489947191286e-02,1.695552373767238996e-01,3.229513678043781366e-02,9.849913936773538881e-01,-1.141846319025532352e-01,0.000000000000000000e+00,0.000000000000000000e+00,0.000000000000000000e+00,1.000000000000000000e+00
3.010739545629089187e-01,9.499745872374363298e-01,-8.308283509193584160e-02,2.210668482185381145e-01,-9.384710745095925510e-01,3.106287589469253763e-01,1.509364648582431356e-01,-3.920113402072850084e-02,1.691937238571874225e-01,3.252779915941551858e-02,9.850459004986429346e-01,-1.142214600728443941e-01,0.000000000000000000e+00,0.000000000000000000e+00,0.000000000000000000e+00,1.000000000000000000e+00
3.010246174502748118e-01,9.499818323272216647e-01,-8.317871084075659227e-02,2.210457787263740981e-01,-9.384437625262714855e-01,3.106036143884239320e-01,1.511578621983724058e-01,-3.926878411192580298e-02,1.694328311291840861e-01,3.255630472061797620e-02,9.850038592607075483e-01,-1.141562508782922869e-01,0.000000000000000000e+00,0.000000000000000000e+00,0.000000000000000000e+00,1.000000000000000000e+00
3.011437621805329590e-01,9.499305713154618802e-01,-8.333273174470734457e-02,2.210802101495282779e-01,-9.387740680406445604e-01,3.106733793536676780e-01,1.489473079158925573e-01,-3.901052868646739946e-02,1.673788626863446649e-01,3.337605490846451417e-02,9.853275370578928882e-01,-1.142840320674798349e-01,0.000000000000000000e+00,0.000000000000000000e+00,0.000000000000000000e+00,1.000000000000000000e+00
3.011179880446039347e-01,9.499597017606110638e-01,-8.309345525888747752e-02,2.210650736055450594e-01,-9.388643294495496727e-01,3.105941225128676098e-01,1.485431316073194952e-01,-3.902885922748539071e-02,1.669183278229728062e-01,3.328447222584068887e-02,9.854087556671242698e-01,-1.142597231080249021e-01,0.000000000000000000e+00,0.000000000000000000e+00,0.000000000000000000e+00,1.000000000000000000e+00
3.011090950867403859e-01,9.499561187032408149e-01,-8.316661225707540350e-02,2.211037424181278022e-01,-9.386531208925443792e-01,3.106391603191654416e-01,1.497786056647953945e-01,-3.910889463613642647e-02,1.681179095002398038e-01,3.296489973408369550e-02,9.852155519939740369e-01,-1.141285743171462919e-01,0.000000000000000000e+00,0.000000000000000000e+00,0.000000000000000000e+00,1.000000000000000000e+00
3.010763033369835973e-01,9.499950210044528776e-01,-8.284032614425096419e-02,2.210692162463079868e-01,-9.383118463345662130e-01,3.106225532990429250e-01,1.519358693995619958e-01,-3.926539688292574048e-02,1.700703930646194073e-01,3.198576947225889588e-02,9.849126722477041795e-01,-1.142182531595543615e-01,0.000000000000000000e+00,0.000000000000000000e+00,0.000000000000000000e+00,1.000000000000000000e+00
3.012617259175876527e-01,9.499606873267433249e-01,-8.255946360568280906e-02,2.210981888438527942e-01,-9.387021557091014268e-01,3.106750784515704411e-01,1.493963135294739675e-01,-3.909220173886535088e-02,1.675697925171557856e-01,3.249135520122714560e-02,9.853246553664154472e-01,-1.142039895453565990e-01,0.000000000000000000e+00,0.000000000000000000e+00,0.000000000000000000e+00,1.000000000000000000e+00
3.010302833962170133e-01,9.500169038231643936e-01,-8.275657634678924846e-02,2.210756416846167971e-01,-9.384766985993678867e-01,3.105354086230423527e-01,1.510935014398415710e-01,-3.913923771737265467e-02,1.692402276777733028e-01,3.218139899955907435e-02,9.850492895759108691e-01,-1.142792771572445076e-01,0.000000000000000000e+00,0.000000000000000000e+00,0.000000000000000000e+00,1.000000000000000000e+00
3.010312372167096018e-01,9.499384737608550511e-01,-8.364861199490949972e-02,2.211512077997723758e-01,-9.385467116354971884e-01,3.106642923282339486e-01,1.503920461673188824e-01,-3.923735758126511985e-02,1.688498276515924823e-01,3.323542599539539011e-02,9.850812870829150913e-01,-1.141087256715580533e-01,0.000000000000000000e+00,0.000000000000000000e+00,0.000000000000000000e+00,1.000000000000000000e+00
3.012508145266287740e-01,9.499610030274721062e-01,-8.259563834781188940e-02,2.211059831059262182e-01,-9.386787685243458412e-01,3.106752117926003254e-01,1.495429112303256203e-01,-3.913106199794158524e-02,1.677203513848597727e-01,3.248084827498735200e-02,9.852993850737332693e-01,-1.141804217796722476e-01,0.000000000000000000e+00,0.000000000000000000e+00,0.000000000000000000e+00,1.000000000000000000e+00
3.011571631239759461e-01,9.500438679348474080e-01,-8.198177906409039040e-02,2.211322533092444642e-01,-9.385545910795661806e-01,3.105151794941951038e-01,1.506505986286025556e-01,-3.924159563213358570e-02,1.685812642691572605e-01,3.157486821955399897e-02,9.851819045406440267e-01,-1.141609484711787470e-01,0.000000000000000000e+00,0.000000000000000000e+00,0.000000000000000000e+00,1.000000000000000000e+00
3.010180902080158982e-01,9.500078837401381149e-01,-8.290434366849042114e-02,2.211527893749692941e-01,-9.385278278982290834e-01,3.105378343784561124e-01,1.507705862566398047e-01,-3.920878442832576027e-02,1.689781809233106280e-01,3.242335965199995979e-02,9.850863414547610386e-01,-1.141169260818328812e-01,0.000000000000000000e+00,0.000000000000000000e+00,0.000000000000000000e+00,1.000000000000000000e+00
3.012871233927040260e-01,9.499877276351418320e-01,-8.215465063141122459e-02,2.209580236331881720e-01,-9.383848326160020292e-01,3.106947936754262951e-01,1.513362187291011074e-01,-3.925858461122505583e-02,1.692925727667566049e-01,3.149702407536299903e-02,9.850624154237174190e-01,-1.143980141879497037e-01,0.000000000000000000e+00,0.000000000000000000e+00,0.000000000000000000e+00,1.000000000000000000e+00
3.011645662992253336e-01,9.499547352557181634e-01,-8.298135315260668499e-02,2.210624152234681450e-01,-9.387809422500347223e-01,3.106361238016822068e-01,1.489816802751356695e-01,-3.904473157013571560e-02,1.673028585348628194e-01,3.303330977519591816e-02,9.853519949598517069e-01,-1.142062971699115970e-01,0.000000000000000000e+00,0.000000000000000000e+00,0.000000000000000000e+00,1.000000000000000000e+00
3.011978091738987673e-01,9.499832878403255965e-01,-8.253261520713540966e-02,2.210558166022613125e-01,-9.386473569927822336e-01,3.106223173797951209e-01,1.498496418283032372e-01,-3.909046324330645028e-02,1.679911276208019832e-01,3.233463730570160233e-02,9.852580637939486463e-01,-1.142816170865179615e-01,0.000000000000000000e+00,0.000000000000000000e+00,0.000000000000000000e+00,1.000000000000000000e+00
3.011262952527430370e-01,9.499989090900083921e-01,-8.261372183331239238e-02,2.210774676834394992e-01,-9.386020260427679895e-01,3.105776732625875614e-01,1.502256488726496642e-01,-3.915914247138174709e-02,1.683721800529086043e-01,3.230451359472027995e-02,9.851940049480811812e-01,-1.142302572691007434e-01,0.000000000000000000e+00,0.000000000000000000e+00,0.000000000000000000e+00,1.000000000000000000e+00
3.011941822262390600e-01,9.499926975351877800e-01,-8.243748675744888565e-02,2.210807899660435227e-01,-9.386822873698963399e-01,3.105972414474482690e-01,1.496827210577598988e-01,-3.913036757680934952e-02,1.678023479307925170e-01,3.229904387211741251e-02,9.852914004465178621e-01,-1.142024384260933445e-01,0.000000000000000000e+00,0.000000000000000000e+00,0.000000000000000000e+00,1.000000000000000000e+00
3.010383641370339425e-01,9.499822087858238451e-01,-8.312464320588819344e-02,2.211344305019247725e-01,-9.386848988724532106e-01,3.105609580680487869e-01,1.497416173035005516e-01,-3.904832271386998732e-02,1.680671411862263431e-01,3.294987578524834898e-02,9.852247163663860885e-01,-1.141477313042589259e-01,0.000000000000000000e+00,0.000000000000000000e+00,0.000000000000000000e+00,1.000000000000000000e+00
3.011988873737277417e-01,9.500015084552730915e-01,-8.231867453703389792e-02,2.211116434141422449e-01,-9.386251049122955603e-01,3.105938103885279022e-01,1.500479835809776785e-01,-3.915244606519896475e-02,1.681134815331912780e-01,3.207208881630272540e-02,9.852457756548609336e-01,-1.141653159602473711e-01,0.000000000000000000e+00,0.000000000000000000e+00,0.000000000000000000e+00,1.000000000000000000e+00
3.012593697018950412e-01,9.499914424435921267e-01,-8.221345054648809825e-02,2.210284553662599794e-01,-9.385499629749501915e-01,3.106474430522052632e-01,1.504065594475397505e-01,-3.919546397252801628e-02,1.684243425593116572e-01,3.185004566825286321e-02,9.851998860253656787e-01,-1.143060761954559634e-01,0.000000000000000000e+00,0.000000000000000000e+00,0.000000000000000000e+00,1.000000000000000000e+00
3.010042139435739061e-01,9.499824577589442987e-01,-8.324537908188775481e-02,2.211401800657246675e-01,-9.385440362762625943e-01,3.105759647485203390e-01,1.505910425317121271e-01,-3.919214557499656193e-02,1.689128626199711547e-01,3.280091570066115403e-02,9.850850444356189506e-01,-1.141583884595342990e-01,0.000000000000000000e+00,0.000000000000000000e+00,0.000000000000000000e+00,1.000000000000000000e+00
3.012861133395987601e-01,9.500077156584578741e-01,-8.192690704595738393e-02,2.210639321305508664e-01,-9.387249029204429718e-01,3.105937862582666131e-01,1.494224098813798085e-01,-3.908424054304807105e-02,1.673984305354244140e-01,3.188793074429110974e-02,9.853734953443409328e-01,-1.143518898170912124e-01,0.000000000000000000e+00,0.000000000000000000e+00,0.000000000000000000e+00,1.000000000000000000e+00
3.011788336941631505e-01,9.499440559817181606e-01,-8.305179492116002149e-02,2.210796710447041624e-01,-9.385417275900852507e-01,3.107071955754672765e-01,1.503345076482676124e-01,-3.915855861202416355e-02,1.686141622368723947e-01,3.267000340727151814e-02,9.851405661988177354e-01,-1.143018072000736574e-01,0.000000000000000000e+00,0.000000000000000000e+00,0.000000000000000000e+00,1.000000000000000000e+00
3.011930039621892874e-01,9.500315333292141950e-01,-8.199304875643499690e-02,2.210518602721492365e-01,-9.384475017890099302e-01,3.105701626077569388e-01,1.512033745779433613e-01,-3.925139981542496992e-02,1.691125682798267915e-01,3.140477317119003131e-02,9.850962792904394139e-01,-1.142624572967787522e-01,0.000000000000000000e+00,0.000000000000000000e+00,0.000000000000000000e+00,1.000000000000000000e+00
3.012752778828794997e-01,9.499788739898205048e-01,-8.230033966896288522e-02,2.210701398710936405e-01,-9.386013128763179836e-01,3.106661639116055640e-01,1.500470261861249210e-01,-3.914065376372277694e-02,1.681094357953948903e-01,3.204174735373101213e-02,9.852474531928889778e-01,-1.141930657980612107e-01,0.000000000000000000e+00,0.000000000000000000e+00,0.000000000000000000e+00,1.000000000000000000e+00
3.012819728683217568e-01,9.500265793474197418e-01,-8.172313844935724658e-02,2.209727841921059754e-01,-9.383910254617210400e-01,3.106201070762118488e-01,1.514510891768769407e-01,-3.924494998716163141e-02,1.692674102048928320e-01,3.105877675317694764e-02,9.850806546822067356e-01,-1.143660266462191988e-01,0.000000000000000000e+00,0.000000000000000000e+00,0.000000000000000000e+00,1.000000000000000000e+00
3.012639216486420191e-01,9.499771765111832966e-01,-8.236148141407748091e-02,2.210339515083660222e-01,-9.385477817870200301e-01,3.106755050704966825e-01,1.503622022047305107e-01,-3.914741188821449502e-02,1.684283551411263347e-01,3.200147898195206120e-02,9.851942927805776851e-01,-1.143221798385409826e-01,0.000000000000000000e+00,0.000000000000000000e+00,0.000000000000000000e+00,1.000000000000000000e+00
3.012283526063179728e-01,9.500017508410858458e-01,-8.220798613854840564e-02,2.210685331725949498e-01,-9.385883636778173944e-01,3.106105836069745774e-01,1.502429662910460817e-01,-3.911809864075324605e-02,1.682657515797005843e-01,3.190201796449046445e-02,9.852253032150120049e-01,-1.143272071544265689e-01,0.000000000000000000e+00,0.000000000000000000e+00,0.000000000000000000e+00,1.000000000000000000e+00
3.009753797464171932e-01,9.499542768442402751e-01,-8.367014217650492469e-02,2.211110986277021184e-01,-9.385212701038395666e-01,3.106211080870896479e-01,1.506398113827299434e-01,-3.915333358542183451e-02,1.690906453627042394e-01,3.318733366941643143e-02,9.850416004081954391e-01,-1.141702599826981412e-01,0.000000000000000000e+00,0.000000000000000000e+00,0.000000000000000000e+00,1.000000000000000000e+00
3.011441209291942367e-01,9.499497241379372126e-01,-8.311281513725851666e-02,2.210612286961277650e-01,-9.387162429970447031e-01,3.106506424426190294e-01,1.493586069950496309e-01,-3.912152902083798622e-02,1.677022169301779220e-01,3.304088316382200463e-02,9.852838507133152568e-01,-1.142789448237173655e-01,0.000000000000000000e+00,0.000000000000000000e+00,0.000000000000000000e+00,1.000000000000000000e+00
3.014064632406711075e-01,9.500048972381335277e-01,-8.151588274878401874e-02,2.210093549688968984e-01,-9.385902513946809966e-01,3.106658473261868503e-01,1.501168587866540394e-01,-3.912609440739917011e-02,1.679359517900197440e-01,3.126382140215586830e-02,9.853020296171699499e-01,-1.143972357319498201e-01,0.000000000000000000e+00,0.000000000000000000e+00,0.000000000000000000e+00,1.000000000000000000e+00
3.011406985059483232e-01,9.499816737779053222e-01,-8.275928461193514385e-02,2.211807539851305959e-01,-9.388092252988181619e-01,3.105736823532778135e-01,1.489336305988624432e-01,-3.909170550164867142e-02,1.671870754489792055e-01,3.284520232324693312e-02,9.853779348489404288e-01,-1.141108196234716932e-01,0.000000000000000000e+00,0.000000000000000000e+00,0.000000000000000000e+00,1.000000000000000000e+00
3.012193826883940440e-01,9.500055163951650616e-01,-8.219733761855498033e-02,2.210774912947327531e-01,-9.384796318961909911e-01,3.106210947866112071e-01,1.508990258071834512e-01,-3.920447937345961087e-02,1.688871339351009082e-01,3.168681574918855159e-02,9.851259217475014651e-01,-1.142318786592753099e-01,0.000000000000000000e+00,0.000000000000000000e+00,0.000000000000000000e+00,1.000000000000000000e+00
3.012889396938289721e-01,9.499703798016337908e-01,-8.234835953258545782e-02,2.210512021947474426e-01,-9.386369445435024383e-01,3.106795781567767145e-01,1.497961483295393026e-01,-3.913262882319121228e-02,1.678858575229205674e-01,3.216328987940939022e-02,9.852816153912173913e-01,-1.142781802117289747e-01,0.000000000000000000e+00,0.000000000000000000e+00,0.000000000000000000e+00,1.000000000000000000e+00
3.011789737340294648e-01,9.500075262885154803e-01,-8.232208558881690119e-02,2.210471973554837821e-01,-9.386536230162600969e-01,3.105704702657069438e-01,1.499178408241882143e-01,-3.917317955269150609e-02,1.679898859424750757e-01,3.211982244834704625e-02,9.852653019501503850e-01,-1.143248700155579112e-01,0.000000000000000000e+00,0.000000000000000000e+00,0.000000000000000000e+00,1.000000000000000000e+00
3.010157500294651234e-01,9.499692646943963537e-01,-8.335415028771378521e-02,2.210936601003691271e-01,-9.382310386464879359e-01,3.106640345355481392e-01,1.523495184318897910e-01,-3.939982722035301199e-02,1.706224966249512975e-01,3.234584644253401392e-02,9.848054172593614375e-01,-1.141153838969239942e-01,0.000000000000000000e+00,0.000000000000000000e+00,0.000000000000000000e+00,1.000000000000000000e+00
3.011736550253843459e-01,9.499346960637861104e-01,-8.317753742960576346e-02,2.210640540952713007e-01,-9.385080754401423642e-01,3.107288411563846053e-01,1.504997661368635553e-01,-3.918839518906092056e-02,1.688106094186355155e-01,3.273622592500495532e-02,9.851047242095107848e-01,-1.142751727809254714e-01,0.000000000000000000e+00,0.000000000000000000e+00,0.000000000000000000e+00,1.000000000000000000e+00
3.013083362314429858e-01,9.499755955896375115e-01,-8.221711684043195301e-02,2.210721352972028764e-01,-9.384676060955680077e-01,3.107089063993251910e-01,1.507929964998015460e-01,-3.926510441980154975e-02,1.687952571214412500e-01,3.172291393061078130e-02,9.851405066816902867e-01,-1.142173636924486146e-01,0.000000000000000000e+00,0.000000000000000000e+00,0.000000000000000000e+00,1.000000000000000000e+00
3.013028315688111580e-01,9.499846769867562601e-01,-8.213231507138332721e-02,2.210616681393917649e-01,-9.385527069648244014e-01,3.106743345964345093e-01,1.503338753310883846e-01,-3.918724785216182172e-02,1.683312803302380034e-01,3.178948432156507298e-02,9.852177468706864172e-01,-1.142669558077806791e-01,0.000000000000000000e+00,0.000000000000000000e+00,0.000000000000000000e+00,1.000000000000000000e+00
3.012669495512100837e-01,9.499570982857875601e-01,-8.258169606247806049e-02,2.210243630277018978e-01,-9.384958275371270142e-01,3.107230738319746721e-01,1.505880243705081667e-01,-3.919329256955547680e-02,1.687122011103884267e-01,3.213538244452855686e-02,9.851413656890224413e-01,-1.143115835692867233e-01,0.000000000000000000e+00,0.000000000000000000e+00,0.000000000000000000e+00,1.000000000000000000e+00
3.013398764897073367e-01,9.499465641307316410e-01,-8.243666740829412587e-02,2.210500038856794691e-01,-9.386868430657389073e-01,3.107310085863708715e-01,1.493762061312764455e-01,-3.911067861931066814e-02,1.675150425855684300e-01,3.236920757625198763e-02,9.853379851139610901e-01,-1.142063919199520772e-01,0.000000000000000000e+00,0.000000000000000000e+00,0.000000000000000000e+00,1.000000000000000000e+00
3.011792824516394962e-01,9.500054451559187818e-01,-8.234496946396011041e-02,2.210644849900351150e-01,-9.386104771647028056e-01,3.105826066717766176e-01,1.501626337995365934e-01,-3.914472052152759285e-02,1.682302350309385075e-01,3.206397678188772915e-02,9.852261108062281281e-01,-1.142711952469104286e-01,0.000000000000000000e+00,0.000000000000000000e+00,0.000000000000000000e+00,1.000000000000000000e+00
3.011571908380659135e-01,9.500132789124630106e-01,-8.233538908947826696e-02,2.210427256525884787e-01,-9.384318711940301538e-01,3.105943804951326603e-01,1.512506328321187588e-01,-3.922431227747003035e-02,1.692630188014983827e-01,3.171593755252698210e-02,9.850604701090019955e-01,-1.143241908375920435e-01,0.000000000000000000e+00,0.000000000000000000e+00,0.000000000000000000e+00,1.000000000000000000e+00
3.011710922168036597e-01,9.499771830253268545e-01,-8.270021127060400712e-02,2.210620142311917613e-01,-9.386095042993706228e-01,3.106313486916799094e-01,1.500678634780885645e-01,-3.910315901891600610e-02,1.682503243736184761e-01,3.242710195581671728e-02,9.852107954173663362e-01,-1.142985081581509021e-01,0.000000000000000000e+00,0.000000000000000000e+00,0.000000000000000000e+00,1.000000000000000000e+00
3.010377167999989667e-01,9.499648568813769955e-01,-8.332504877999674653e-02,2.211504856774768601e-01,-9.387015323845018244e-01,3.105886586438087460e-01,1.495798055247700153e-01,-3.905183187190564009e-02,1.679753736796914532e-01,3.318818784123166860e-02,9.852323675280789672e-01,-1.141688250770356294e-01,0.000000000000000000e+00,0.000000000000000000e+00,0.000000000000000000e+00,1.000000000000000000e+00
3.012613080949527178e-01,9.499922089864279995e-01,-8.219748846531362008e-02,2.210508685181729049e-01,-9.384811123217217110e-01,3.106596842859732921e-01,1.508103523459967399e-01,-3.928806540842469386e-02,1.688041055789292200e-01,3.170746638296369907e-02,9.851394878469095229e-01,-1.142261093390417592e-01,0.000000000000000000e+00,0.000000000000000000e+00,0.000000000000000000e+00,1.000000000000000000e+00
3.010986720529588712e-01,9.499083299644802691e-01,-8.374816029046243393e-02,2.210957678356030298e-01,-9.387205758080247042e-01,3.107076721932418573e-01,1.492126770583110662e-01,-3.905934787001907882e-02,1.677595608083056189e-01,3.368838233500118240e-02,9.852521619631471328e-01,-1.142556350779242447e-01,0.000000000000000000e+00,0.000000000000000000e+00,0.000000000000000000e+00,1.000000000000000000e+00
3.013459155701656567e-01,9.500013035010321794e-01,-8.178118680673457375e-02,2.210139959647890451e-01,-9.385971442461258363e-01,3.106503602341401660e-01,1.501058110114862898e-01,-3.915839581826638383e-02,1.680060712658791866e-01,3.152581533820143084e-02,9.852817277231247228e-01,-1.143707334796868480e-01,0.000000000000000000e+00,0.000000000000000000e+00,0.000000000000000000e+00,1.000000000000000000e+00
3.012549883669702333e-01,9.499826175798352645e-01,-8.233139304166550709e-02,2.210183790746751420e-01,-9.385429428116224271e-01,3.106633893534889723e-01,1.504174292224889353e-01,-3.916764072050649137e-02,1.684712927549276984e-01,3.195754702049458107e-02,9.851883772689953300e-01,-1.143401482964203630e-01,0.000000000000000000e+00,0.000000000000000000e+00,0.000000000000000000e+00,1.000000000000000000e+00
3.010048428619079841e-01,9.499895795869136572e-01,-8.316178960289979938e-02,2.211167630506375437e-01,-9.384893278548097628e-01,3.105738645746866089e-01,1.509359339116156107e-01,-3.917959853576838403e-02,1.692154427831734920e-01,3.261400495834734792e-02,9.850393193189150853e-01,-1.141163146885038060e-01,0.000000000000000000e+00,0.000000000000000000e+00,0.000000000000000000e+00,1.000000000000000000e+00
3.013698067476207054e-01,9.499639717364761760e-01,-8.212607371329311290e-02,2.210460105621112059e-01,-9.385901729761104706e-01,3.107282799124265749e-01,1.499880770439434574e-01,-3.920683620274179049e-02,1.680021630026738433e-01,3.188084793922810189e-02,9.852709702214406118e-01,-1.142810187029523750e-01,0.000000000000000000e+00,0.000000000000000000e+00,0.000000000000000000e+00,1.000000000000000000e+00
3.011023976230055021e-01,9.499745536943086099e-01,-8.298007880797098057e-02,2.211275643315166461e-01,-9.386176750920048883e-01,3.106104506693334599e-01,1.500600144604608555e-01,-3.915519525226027198e-02,1.683276749395584138e-01,3.270313850830142838e-02,9.851884584084151797e-01,-1.141311875421784361e-01,0.000000000000000000e+00,0.000000000000000000e+00,0.000000000000000000e+00,1.000000000000000000e+00
3.012581939792260410e-01,9.499734410751261571e-01,-8.242549249024080926e-02,2.210999453672186643e-01,-9.385333842596961240e-01,3.106830729429624904e-01,1.504364145303907774e-01,-3.923907509806645599e-02,1.685188036701445180e-01,3.203887386600215437e-02,9.851776100637801292e-01,-1.141614826697754381e-01,0.000000000000000000e+00,0.000000000000000000e+00,0.000000000000000000e+00,1.000000000000000000e+00
3.011015464597583957e-01,9.499913097786102378e-01,-8.279112310303837763e-02,2.211075660748403893e-01,-9.385550344325924721e-01,3.105918725398342239e-01,1.504896543069801917e-01,-3.917964497424586412e-02,1.686781137574669964e-01,3.239135775665903660e-02,9.851388195995034458e-01,-1.141488351672168555e-01,0.000000000000000000e+00,0.000000000000000000e+00,0.000000000000000000e+00,1.000000000000000000e+00
3.010477724817591794e-01,9.500088138379808589e-01,-8.278582193783792786e-02,2.211063636529036480e-01,-9.385590793576720214e-01,3.105405039201909467e-01,1.505704153553180658e-01,-3.920505991151077008e-02,1.687515725528212218e-01,3.237049667747355503e-02,9.851269246679859037e-01,-1.141562294855180681e-01,0.000000000000000000e+00,0.000000000000000000e+00,0.000000000000000000e+00,1.000000000000000000e+00
3.011863777668145059e-01,9.499807121561980594e-01,-8.260394893047670606e-02,2.210822133030121428e-01,-9.384815517635987092e-01,3.106547347170474649e-01,1.508178132624552470e-01,-3.925907621522078950e-02,1.689353214904854850e-01,3.209801129484413096e-02,9.851043471753755387e-01,-1.142033537611841787e-01,0.000000000000000000e+00,0.000000000000000000e+00,0.000000000000000000e+00,1.000000000000000000e+00
3.010594633909003393e-01,9.499999013044867491e-01,-8.284556128271834685e-02,2.211106260965505221e-01,-9.384383993958019810e-01,3.105838619955385016e-01,1.512317268544583759e-01,-3.928001789169149882e-02,1.694006199582172578e-01,3.221571339271857987e-02,9.850205976366026572e-01,-1.141514930966640584e-01,0.000000000000000000e+00,0.000000000000000000e+00,0.000000000000000000e+00,1.000000000000000000e+00
3.011924558838066646e-01,9.499553311645115850e-01,-8.287323639634645855e-02,2.210805159163652389e-01,-9.386863963692458901e-01,3.106634699484288054e-01,1.495194225206914196e-01,-3.915101185809818918e-02,1.677824597209153223e-01,3.275785755700749008e-02,9.852796399897212343e-01,-1.142190539121263892e-01,0.000000000000000000e+00,0.000000000000000000e+00,0.000000000000000000e+00,1.000000000000000000e+00
3.013399738587470567e-01,9.499791513249461472e-01,-8.205993055532581626e-02,2.210168366492022973e-01,-9.384896072535781064e-01,3.107091494350763816e-01,1.506555061534629314e-01,-3.921086548634289404e-02,1.686163611036436139e-01,3.161386571216278502e-02,9.851746475944755943e-01,-1.143143051908701580e-01,0.000000000000000000e+00,0.000000000000000000e+00,0.000000000000000000e+00,1.000000000000000000e+00
3.010324476741933486e-01,9.500088220991365073e-01,-8.284143517042266702e-02,2.210850387447741427e-01,-9.385323749839316054e-01,3.105402637271466038e-01,1.507372737954847941e-01,-3.920496295519423913e-02,1.689273410502419026e-01,3.237255841118434618e-02,9.850967317515624266e-01,-1.142269532060615767e-01,0.000000000000000000e+00,0.000000000000000000e+00,0.000000000000000000e+00,1.000000000000000000e+00
3.010890112006258112e-01,9.499519340019371150e-01,-8.328703632744333119e-02,2.211355086559680938e-01,-9.386747296488924253e-01,3.106353371660932616e-01,1.496510582063708128e-01,-3.910446438034012595e-02,1.680332087797183904e-01,3.312114716743687348e-02,9.852247613400226811e-01,-1.142165176986589259e-01,0.000000000000000000e+00,0.000000000000000000e+00,0.000000000000000000e+00,1.000000000000000000e+00
3.011148190810866154e-01,9.499505189937964555e-01,-8.320983831964452737e-02,2.211560618773747988e-01,-9.385970835726213934e-01,3.106622406700033645e-01,1.500816009071819224e-01,-3.920953646548128169e-02,1.684202494913668025e-01,3.290871746680176096e-02,9.851657910605483570e-01,-1.140776644747480972e-01,0.000000000000000000e+00,0.000000000000000000e+00,0.000000000000000000e+00,1.000000000000000000e+00
3.011554182693984560e-01,9.499823718588206178e-01,-8.269768560530191270e-02,2.211196742496242540e-01,-9.386469842627452875e-01,3.106092183717020228e-01,1.498791259547978261e-01,-3.915668640206287909e-02,1.680691910536773193e-01,3.248702233215627899e-02,9.852397375251126244e-01,-1.142010636751684682e-01,0.000000000000000000e+00,0.000000000000000000e+00,0.000000000000000000e+00,1.000000000000000000e+00
3.010465906931854563e-01,9.499769531289515845e-01,-8.315490818853335520e-02,2.211207609027759369e-01,-9.385942174121094661e-01,3.105910562300429612e-01,1.502467664559076765e-01,-3.922999638203847339e-02,1.685581361802491462e-01,3.281743917096602292e-02,9.851452534594583588e-01,-1.141336842379092609e-01,0.000000000000000000e+00,0.000000000000000000e+00,0.000000000000000000e+00,1.000000000000000000e+00
3.013055623617978407e-01,9.499833237056660717e-01,-8.213794963947425309e-02,2.210125911627247031e-01,-9.384770856491861935e-01,3.106919910796057671e-01,1.507688508625053547e-01,-3.921565387425518523e-02,1.687474971703313287e-01,3.165709020308422189e-02,9.851508061401681449e-01,-1.143425913616276102e-01,0.000000000000000000e+00,0.000000000000000000e+00,0.000000000000000000e+00,1.000000000000000000e+00
3.010766727234532314e-01,9.499776577876323236e-01,-8.303786393025344714e-02,2.210716460706635411e-01,-9.384769698834128926e-01,3.106229958458806562e-01,1.509116677072329105e-01,-3.924763684668630681e-02,1.691561826840004834e-01,3.249314013841427679e-02,9.850534917981474958e-01,-1.142344844371387946e-01,0.000000000000000000e+00,0.000000000000000000e+00,0.000000000000000000e+00,1.000000000000000000e+00
3.013473037504930119e-01,9.499632349899331807e-01,-8.221711920135355012e-02,2.210416578386756870e-01,-9.387614611023658018e-01,3.106889817781344210e-01,1.489942138158990015e-01,-3.906992895635613694e-02,1.670829784007331897e-01,3.228325834124441684e-02,9.854141614365063973e-01,-1.143460531052113982e-01,0.000000000000000000e+00,0.000000000000000000e+00,0.000000000000000000e+00,1.000000000000000000e+00
3.011105105158384809e-01,9.499810164503214027e-01,-8.287658801438288481e-02,2.210857073572175535e-01,-9.385985776167699024e-01,3.106052990924845769e-01,1.501900738113036149e-01,-3.918704879979870159e-02,1.684196263879829958e-01,3.256403782829771221e-02,9.851773509818674279e-01,-1.142233098995688589e-01,0.000000000000000000e+00,0.000000000000000000e+00,0.000000000000000000e+00,1.000000000000000000e+00
3.010802394038004093e-01,9.499729909871116318e-01,-8.307831146305083569e-02,2.210568032680612083e-01,-9.383993604190518090e-01,3.106475970826862443e-01,1.513430235982740346e-01,-3.923230323145368570e-02,1.695798626183691038e-01,3.239424056455830064e-02,9.849839000575495440e-01,-1.142670054102030708e-01,0.000000000000000000e+00,0.000000000000000000e+00,0.000000000000000000e+00,1.000000000000000000e+00
3.012408334507649110e-01,9.499998923285024599e-01,-8.218372611242928671e-02,2.210468204297282302e-01,-9.386229663872152074e-01,3.106117369259860927e-01,1.500242508872723091e-01,-3.917726111206454309e-02,1.680502521044040520e-01,3.194610241729425176e-02,9.852606555160876578e-01,-1.143106016800683467e-01,0.000000000000000000e+00,0.000000000000000000e+00,0.000000000000000000e+00,1.000000000000000000e+00
3.011025454034714222e-01,9.500147002297574250e-01,-8.251864334145925239e-02,2.210874621771905524e-01,-9.385251550263151721e-01,3.105553012545341773e-01,1.507512462487028970e-01,-3.920274542568907838e-02,1.688425021562461326e-01,3.205423856637427266e-02,9.851216855066933231e-01,-1.142513904888535770e-01,0.000000000000000000e+00,0.000000000000000000e+00,0.000000000000000000e+00,1.000000000000000000e+00
3.010914512878264393e-01,9.499833744637513622e-01,-8.291879282680664209e-02,2.211544233193376563e-01,-9.385960058361568770e-01,3.105948442804993270e-01,1.502277621972239463e-01,-3.922029945015628738e-02,1.684680260162257359e-01,3.259495281231184621e-02,9.851680533093629677e-01,-1.141188948392370950e-01,0.000000000000000000e+00,0.000000000000000000e+00,0.000000000000000000e+00,1.000000000000000000e+00
3.010822311464861345e-01,9.500233256428202155e-01,-8.249345927047754823e-02,2.211233448895843501e-01,-9.386915937339262994e-01,3.105007002807909089e-01,1.498245873626888325e-01,-3.908743187939897612e-02,1.679511296214330762e-01,3.232639571146930790e-02,9.852651532451506267e-01,-1.142481907853194478e-01,0.000000000000000000e+00,0.000000000000000000e+00,0.000000000000000000e+00,1.000000000000000000e+00
3.011573338659089827e-01,9.499935990056362911e-01,-8.256162611707872079e-02,2.211284302844446215e-01,-9.384808310613299565e-01,3.106212612224032443e-01,1.508912250829695378e-01,-3.928531940632684627e-02,1.689910944079991983e-01,3.204050444238296796e-02,9.850966531695581896e-01,-1.141231743969171042e-01,0.000000000000000000e+00,0.000000000000000000e+00,0.000000000000000000e+00,1.000000000000000000e+00
3.012573976409541054e-01,9.500010328487199507e-01,-8.210979206504770422e-02,2.211046257158192363e-01,-9.386659081757936507e-01,3.106072360314370839e-01,1.497646745845745420e-01,-3.916505797183242321e-02,1.677804911040387259e-01,3.195594641497032096e-02,9.853063098821661647e-01,-1.142053103155480365e-01,0.000000000000000000e+00,0.000000000000000000e+00,0.000000000000000000e+00,1.000000000000000000e+00
3.011771227835936537e-01,9.500186159026596799e-01,-8.220079166401644821e-02,2.211209956348128003e-01,-9.386663759165126963e-01,3.105471831135508953e-01,1.498862294675488982e-01,-3.918176713766144403e-02,1.679219325625934123e-01,3.201681587281274277e-02,9.852802383412601062e-01,-1.141675655507192744e-01,0.000000000000000000e+00,0.000000000000000000e+00,0.000000000000000000e+00,1.000000000000000000e+00
3.013103090979574739e-01,9.500400990169083348e-01,-8.146108206521812667e-02,2.210550798646332415e-01,-9.384369878478745486e-01,3.105962391048220916e-01,1.512150656943556382e-01,-3.926484837003751949e-02,1.689618817079799884e-01,3.088343429547756730e-02,9.851386176654610694e-01,-1.143346446401238836e-01,0.000000000000000000e+00,0.000000000000000000e+00,0.000000000000000000e+00,1.000000000000000000e+00
3.009335578078792262e-01,9.499792618946458767e-01,-8.353679282325598976e-02,2.212230297497712606e-01,-9.385161552150607100e-01,3.105623110165081080e-01,1.507928293269465425e-01,-3.922168840263839940e-02,1.691934401371156249e-01,3.302200699820495577e-02,9.850295055826392421e-01,-1.140575991726253680e-01,0.000000000000000000e+00,0.000000000000000000e+00,0.000000000000000000e+00,1.000000000000000000e+00
3.010539900452645634e-01,9.500820415597845958e-01,-8.191830920751286271e-02,2.211498517036054601e-01,-9.386992423946536324e-01,3.103823363587226991e-01,1.500217904312709793e-01,-3.905099069887632557e-02,1.679590051337801759e-01,3.173199618827468593e-02,9.852831334253003837e-01,-1.142293424251148437e-01,0.000000000000000000e+00,0.000000000000000000e+00,0.000000000000000000e+00,1.000000000000000000e+00
3.010686577986762535e-01,9.500252018120600717e-01,-8.252138639927339425e-02,2.211330047968971813e-01,-9.384269251722177074e-01,3.105429141596053877e-01,1.513869366130278782e-01,-3.926982166194942225e-02,1.694478368204225538e-01,3.186242908528099521e-02,9.850239673275289487e-01,-1.141771345971489549e-01,0.000000000000000000e+00,0.000000000000000000e+00,0.000000000000000000e+00,1.000000000000000000e+00
3.009519229994288558e-01,9.499919105655041385e-01,-8.332652580690491639e-02,2.211268267755804873e-01,-9.385021702848181935e-01,3.105486175089550160e-01,1.509080267380187301e-01,-3.915687144798443708e-02,1.692383420316792009e-01,3.278606446921823042e-02,9.850296734428809486e-01,-1.142617528345062361e-01,0.000000000000000000e+00,0.000000000000000000e+00,0.000000000000000000e+00,1.000000000000000000e+00
3.011724587412223930e-01,9.499715083062647558e-01,-8.276039815085242668e-02,2.210917960913924563e-01,-9.386089098282770493e-01,3.106422344982297523e-01,1.500490471043402219e-01,-3.915138610661550445e-02,1.682511946071717779e-01,3.248900663713411019e-02,9.852086073319661352e-01,-1.142383609521768761e-01,0.000000000000000000e+00,0.000000000000000000e+00,0.000000000000000000e+00,1.000000000000000000e+00
3.011342337483173814e-01,9.500006835616350287e-01,-8.256436578355159928e-02,2.210746025803469461e-01,-9.386460714507784964e-01,3.105687583820286868e-01,1.499686596161519392e-01,-3.915354866395537314e-02,1.681122417161637905e-01,3.233802018478362100e-02,9.852372945822214234e-01,-1.142515665469068242e-01,0.000000000000000000e+00,0.000000000000000000e+00,0.000000000000000000e+00,1.000000000000000000e+00
3.012329512459030467e-01,9.500073419297838662e-01,-8.212648393295410298e-02,2.210464827355160256e-01,-9.384771509218405861e-01,3.106228773667691345e-01,1.509107857444705048e-01,-3.920248605212126036e-02,1.688767191809094903e-01,3.161452729198208772e-02,9.851300296827806280e-01,-1.142456251283119339e-01,0.000000000000000000e+00,0.000000000000000000e+00,0.000000000000000000e+00,1.000000000000000000e+00
3.011303541882410784e-01,9.499431504459997511e-01,-8.323773607681483888e-02,2.210625574177480512e-01,-9.385613506937681150e-01,3.106879834530552609e-01,1.502516819265724557e-01,-3.913980780826478711e-02,1.685915204580417104e-01,3.287837980501904372e-02,9.851375088641397548e-01,-1.142379905616035529e-01,0.000000000000000000e+00,0.000000000000000000e+00,0.000000000000000000e+00,1.000000000000000000e+00
3.010626047341330991e-01,9.499730434634561238e-01,-8.314159442467808359e-02,2.211153348534827812e-01,-9.385323966114926808e-01,3.106157561047133142e-01,1.505815147027849410e-01,-3.923092434487321367e-02,1.688734690275145722e-01,3.269661683226224302e-02,9.850952658024183517e-01,-1.140918744932397644e-01,0.000000000000000000e+00,0.000000000000000000e+00,0.000000000000000000e+00,1.000000000000000000e+00
3.011028019296647651e-01,9.499513948695738064e-01,-8.324331838325961519e-02,2.210615257478399376e-01,-9.386241023896005897e-01,3.106511352064731390e-01,1.499355415111660872e-01,-3.914411352051172521e-02,1.682911081531705544e-01,3.298817333956510084e-02,9.851852025565026594e-01,-1.142590759841426440e-01,0.000000000000000000e+00,0.000000000000000000e+00,0.000000000000000000e+00,1.000000000000000000e+00
3.011728260143336500e-01,9.499880427123175153e-01,-8.256904731290268251e-02,2.210126394864087573e-01,-9.384452142055508261e-01,3.106435297302912457e-01,1.510667977134742268e-01,-3.922318216058920393e-02,1.691611917823884481e-01,3.198931290800249849e-02,9.850691219678120447e-01,-1.142426602611443798e-01,0.000000000000000000e+00,0.000000000000000000e+00,0.000000000000000000e+00,1.000000000000000000e+00
3.012335352139046685e-01,9.499248564237287029e-01,-8.307300651169416406e-02,2.209983745029215907e-01,-9.384433159785151579e-01,3.107801478784872340e-01,1.507973553477466866e-01,-3.922882503211450045e-02,1.690635973762011079e-01,3.253408724682989306e-02,9.850680348124354335e-01,-1.142906083672883266e-01,0.000000000000000000e+00,0.000000000000000000e+00,0.000000000000000000e+00,1.000000000000000000e+00
3.015055826652339732e-01,9.500775191644020845e-01,-8.029378058176875332e-02,2.209703080400213793e-01,-9.385238004075248108e-01,3.105764752342667911e-01,1.507160545518484995e-01,-3.916867469843518523e-02,1.681292945631862323e-01,2.991589225602925978e-02,9.853109050955496384e-01,-1.144160546164363357e-01,0.000000000000000000e+00,0.000000000000000000e+00,0.000000000000000000e+00,1.000000000000000000e+00
3.013249747342465201e-01,9.499689548711739429e-01,-8.223286680139230143e-02,2.210080026188965263e-01,-9.385783657415388559e-01,3.107058797022274610e-01,1.501083198240776295e-01,-3.915426097660695826e-02,1.681484789207096098e-01,3.195060405430204253e-02,9.852437505192394029e-01,-1.144069670255671856e-01,0.000000000000000000e+00,0.000000000000000000e+00,0.000000000000000000e+00,1.000000000000000000e+00
3.012024367300155103e-01,9.500271467752341437e-01,-8.200922203026259072e-02,2.210848698394623502e-01,-9.383873204380210886e-01,3.105926351180676170e-01,1.515303661038471805e-01,-3.925923603319705912e-02,1.694294217338065123e-01,3.131509860311471743e-02,9.850446871337489307e-01,-1.142654900497011017e-01,0.000000000000000000e+00,0.000000000000000000e+00,0.000000000000000000e+00,1.000000000000000000e+00
3.009209896269001150e-01,9.499576063839781925e-01,-8.382782399173940857e-02,2.211685664590203881e-01,-9.384744156478553867e-01,3.106050891018155569e-01,1.509643991094246906e-01,-3.927903914776711969e-02,1.694471279673501474e-01,3.324191175724054009e-02,9.849785003371092085e-01,-1.141446904836960208e-01,0.000000000000000000e+00,0.000000000000000000e+00,0.000000000000000000e+00,1.000000000000000000e+00
3.008988121673197291e-01,9.499377147609620042e-01,-8.413229410290495869e-02,2.211115735464717624e-01,-9.385657010669747891e-01,3.106148439830380692e-01,1.503756744890984987e-01,-3.911746222501238934e-02,1.689802639865213840e-01,3.371582376443663792e-02,9.850425948206155136e-01,-1.142298909359125147e-01,0.000000000000000000e+00,0.000000000000000000e+00,0.000000000000000000e+00,1.000000000000000000e+00
3.011616677908987572e-01,9.500003742323108735e-01,-8.246780469900857891e-02,2.210909828740019734e-01,-9.384656393356050064e-01,3.106132411674210059e-01,1.510021794474636914e-01,-3.924139381441796304e-02,1.690677190945059916e-01,3.191713285900015656e-02,9.850875103209066896e-01,-1.142170618406286309e-01,0.000000000000000000e+00,0.000000000000000000e+00,0.000000000000000000e+00,1.000000000000000000e+00
3.011526816034098553e-01,9.499973190599523276e-01,-8.253578703797981309e-02,2.210752418055724755e-01,-9.383454161835950158e-01,3.106383433706375041e-01,1.516960762682483810e-01,-3.933585618956611518e-02,1.697496459210197650e-01,3.176339728129536077e-02,9.849751998415186005e-01,-1.142252639121705826e-01,0.000000000000000000e+00,0.000000000000000000e+00,0.000000000000000000e+00,1.000000000000000000e+00
3.012123578491177622e-01,9.499816934457981921e-01,-8.249786419555801831e-02,2.210281865421869218e-01,-9.384836994772706165e-01,3.106615403319202273e-01,1.507904279921470081e-01,-3.920474222671246900e-02,1.688770597044821076e-01,3.200296043262854107e-02,9.851174291571114239e-01,-1.143780514170009699e-01,0.000000000000000000e+00,0.000000000000000000e+00,0.000000000000000000e+00,1.000000000000000000e+00
3.011394994747322307e-01,9.499905786115354633e-01,-8.266137190627742548e-02,2.210970990658799873e-01,-9.384717539820159882e-01,3.106223183390922071e-01,1.509454945586853336e-01,-3.924301378109246174e-02,1.690732646932276428e-01,3.211971200007550375e-02,9.850799740462730103e-01,-1.142418441719326161e-01,0.000000000000000000e+00,0.000000000000000000e+00,0.000000000000000000e+00,1.000000000000000000e+00
3.011901725523148943e-01,9.499621034235311567e-01,-8.280387682377392256e-02,2.210636217340478105e-01,-9.384973872086662672e-01,3.106869493981849195e-01,1.506528249856468604e-01,-3.916789206995516248e-02,1.688405583987835912e-01,3.233607169693941685e-02,9.851128079092246193e-01,-1.143796309496003527e-01,0.000000000000000000e+00,0.000000000000000000e+00,0.000000000000000000e+00,1.000000000000000000e+00
3.010466463894362898e-01,9.499729024561065494e-01,-8.320096932605322571e-02,2.211274917118712935e-01,-9.384579226007190300e-01,3.106248062562091961e-01,1.510263461990515033e-01,-3.925768023832279519e-02,1.693152214232877817e-01,3.261463379241959920e-02,9.850221527747331507e-01,-1.141035556229756942e-01,0.000000000000000000e+00,0.000000000000000000e+00,0.000000000000000000e+00,1.000000000000000000e+00
3.013935898715577322e-01,9.499733402085251965e-01,-8.193019515046116863e-02,2.210613130071910626e-01,-9.387680479372843001e-01,3.106855438385924817e-01,1.489598772211450928e-01,-3.910145879415130588e-02,1.669624393579460797e-01,3.201789722601178223e-02,9.854432495587296392e-01,-1.142256781032882085e-01,0.000000000000000000e+00,0.000000000000000000e+00,0.000000000000000000e+00,1.000000000000000000e+00
3.010769510746198474e-01,9.499941547046794055e-01,-8.284790618086231018e-02,2.210726418624419098e-01,-9.385835000958760999e-01,3.105726342718891919e-01,1.503517615101142568e-01,-3.915815505686232045e-02,1.685635870506612677e-01,3.249222781468492222e-02,9.851551006071344041e-01,-1.142216095238781648e-01,0.000000000000000000e+00,0.000000000000000000e+00,0.000000000000000000e+00,1.000000000000000000e+00
3.011081928961378829e-01,9.500324732592925203e-01,-8.229310981883038167e-02,2.210519895174383742e-01,-9.385548075964275094e-01,3.105191390400297013e-01,1.506410881116837797e-01,-3.915842263722518757e-02,1.686675111230837576e-01,3.187732803530705233e-02,9.851574019662412418e-01,-1.142438650880794881e-01,0.000000000000000000e+00,0.000000000000000000e+00,0.000000000000000000e+00,1.000000000000000000e+00
3.010766603357798443e-01,9.500028104714868249e-01,-8.274965073841814012e-02,2.210907138173096032e-01,-9.385749232238469464e-01,3.105584606474239839e-01,1.504345572521570418e-01,-3.918344232983772546e-02,1.686118563340180676e-01,3.237441299203983047e-02,9.851507190714614559e-01,-1.142347127445970667e-01,0.000000000000000000e+00,0.000000000000000000e+00,0.000000000000000000e+00,1.000000000000000000e+00
3.012182399306439495e-01,9.500693074459628518e-01,-8.146092917610177342e-02,2.211019784328144278e-01,-9.385327612255162100e-01,3.104932221171947115e-01,1.508317444230186100e-01,-3.923156266969818340e-02,1.685936773413921896e-01,3.102047821087261514e-02,9.851973923494091734e-01,-1.142610773706818073e-01,0.000000000000000000e+00,0.000000000000000000e+00,0.000000000000000000e+00,1.000000000000000000e+00
3.010421641305150442e-01,9.499969049000882571e-01,-8.294272780581188331e-02,2.210710319309600047e-01,-9.384910296391228979e-01,3.105732585968261072e-01,1.509265991515352234e-01,-3.914088568640566868e-02,1.691395953126153262e-01,3.240573598611697081e-02,9.850592193227182269e-01,-1.143492727982258206e-01,0.000000000000000000e+00,0.000000000000000000e+00,0.000000000000000000e+00,1.000000000000000000e+00
3.014174457383866912e-01,9.500072016188096935e-01,-8.144839026613970301e-02,2.210350865780132956e-01,-9.385894064305406737e-01,3.106655219203363627e-01,1.501228151425713919e-01,-3.915226099061014375e-02,1.679209621843336109e-01,3.119696078728920186e-02,9.853067035683478192e-01,-1.144203988675069894e-01,0.000000000000000000e+00,0.000000000000000000e+00,0.000000000000000000e+00,1.000000000000000000e+00
3.013664467189200447e-01,9.500333903143068914e-01,-8.133155648280782080e-02,2.210611665976808249e-01,-9.385881851015568378e-01,3.105999818201986007e-01,1.502659977541751513e-01,-3.913428790801207202e-02,1.680192952603296042e-01,3.105170818483436040e-02,9.852945284730987296e-01,-1.143343308599655828e-01,0.000000000000000000e+00,0.000000000000000000e+00,0.000000000000000000e+00,1.000000000000000000e+00
3.010384780604523081e-01,9.499893872688364160e-01,-8.304215076470317092e-02,2.210276264243715150e-01,-9.382885909171788663e-01,3.106241987996362641e-01,1.520760575328651276e-01,-3.923239004587159018e-02,1.702655422617913583e-01,3.213675771861776442e-02,9.848740396221403737e-01,-1.143430850896827167e-01,0.000000000000000000e+00,0.000000000000000000e+00,0.000000000000000000e+00,1.000000000000000000e+00
3.011037554000959293e-01,9.500524717153491228e-01,-8.207819120518521083e-02,2.211042578241652068e-01,-9.383434584748646667e-01,3.105202225162524421e-01,1.519498119310680462e-01,-3.925397105314396007e-02,1.698472325985592724e-01,3.126487479605181974e-02,9.849743271692912305e-01,-1.141516679500667042e-01,0.000000000000000000e+00,0.000000000000000000e+00,0.000000000000000000e+00,1.000000000000000000e+00
3.010384462710380959e-01,9.499827095586180770e-01,-8.311862250052941270e-02,2.210736823450134558e-01,-9.384484397564066827e-01,3.106059488236468380e-01,1.511240234844477837e-01,-3.926586632192871629e-02,1.693823479158473866e-01,3.250840037633755814e-02,9.850141238172610558e-01,-1.141576389325591467e-01,0.000000000000000000e+00,0.000000000000000000e+00,0.000000000000000000e+00,1.000000000000000000e+00
3.010712648247157452e-01,9.499734268525757974e-01,-8.310584679082505533e-02,2.210895149861923925e-01,-9.386707083173971844e-01,3.105911772736978382e-01,1.497678935775439979e-01,-3.904829449118199514e-02,1.680874618874412252e-01,3.291821492293623558e-02,9.852223080516019360e-01,-1.142215380636866229e-01,0.000000000000000000e+00,0.000000000000000000e+00,0.000000000000000000e+00,1.000000000000000000e+00
3.012167482169179622e-01,9.500037413359939675e-01,-8.222750173293555398e-02,2.210188077966485642e-01,-9.386167467944163123e-01,3.105975345495794460e-01,1.500925520097176336e-01,-3.908108252700864815e-02,1.681281452663200560e-01,3.196971972565442605e-02,9.852466004965307889e-01,-1.143504875899672424e-01,0.000000000000000000e+00,0.000000000000000000e+00,0.000000000000000000e+00,1.000000000000000000e+00
3.010709362351706164e-01,9.500386689757274183e-01,-8.235787033007917202e-02,2.210625906768874938e-01,-9.384362384895148512e-01,3.105172219376009513e-01,1.513819050276650757e-01,-3.922475516253950967e-02,1.693922006590862228e-01,3.171091816682392733e-02,9.850384256590647425e-01,-1.142063875141046125e-01,0.000000000000000000e+00,0.000000000000000000e+00,0.000000000000000000e+00,1.000000000000000000e+00
3.010836081955218790e-01,9.500268043311187460e-01,-8.244835916116005636e-02,2.210185617845441541e-01,-9.386431354481189482e-01,3.105041549148956359e-01,1.501207316019702864e-01,-3.903661290250307059e-02,1.682192769931252219e-01,3.219069481991117948e-02,9.852238496985958882e-01,-1.143718636458286309e-01,0.000000000000000000e+00,0.000000000000000000e+00,0.000000000000000000e+00,1.000000000000000000e+00
3.011342020474851999e-01,9.499845788098294497e-01,-8.274957631755698595e-02,2.210322468160114129e-01,-9.386613570622669434e-01,3.105950012138596339e-01,1.498185635326474974e-01,-3.908908543923098056e-02,1.680269297322538047e-01,3.255833602126140952e-02,9.852445917843339895e-01,-1.143298959478220578e-01,0.000000000000000000e+00,0.000000000000000000e+00,0.000000000000000000e+00,1.000000000000000000e+00
3.012158476322461809e-01,9.499732269801701712e-01,-8.258257174531213884e-02,2.210257116889954299e-01,-9.384897161035647972e-01,3.106770717427912443e-01,1.507209668930471758e-01,-3.921701731264606861e-02,1.688373948597819418e-01,3.210335051371934062e-02,9.851209615995162316e-01,-1.143184019923073613e-01,0.000000000000000000e+00,0.000000000000000000e+00,0.000000000000000000e+00,1.000000000000000000e+00
3.012303212455200163e-01,9.499956458703384676e-01,-8.227129748411540766e-02,2.210425057633617074e-01,-9.383377629001730114e-01,3.106694927352477431e-01,1.516796261833577575e-01,-3.932959913991701528e-02,1.696541666974911988e-01,3.150776271052623673e-02,9.849998602086994515e-01,-1.142414565973255414e-01,0.000000000000000000e+00,0.000000000000000000e+00,0.000000000000000000e+00,1.000000000000000000e+00
3.011409344469782035e-01,9.499500225647039553e-01,-8.312094940338110582e-02,2.210911533896993131e-01,-9.386675088564107039e-01,3.106585604024901803e-01,1.496481428750537357e-01,-3.912650640017703574e-02,1.679804911818659208e-01,3.295775292660291234e-02,9.852392303924606409e-01,-1.141780197345712011e-01,0.000000000000000000e+00,0.000000000000000000e+00,0.000000000000000000e+00,1.000000000000000000e+00
3.010075722021254840e-01,9.499625046711307474e-01,-8.346065657502506341e-02,2.211597412176723454e-01,-9.384403737655563349e-01,3.106333619655869960e-01,1.511177663966732920e-01,-3.926695165942023502e-02,1.694818762102459075e-01,3.283525777131468537e-02,9.849861620770852255e-01,-1.139924433755785671e-01,0.000000000000000000e+00,0.000000000000000000e+00,0.000000000000000000e+00,1.000000000000000000e+00
3.011263809260196767e-01,9.499871413351842486e-01,-8.274861937339234030e-02,2.210670066617907992e-01,-9.383493534568646544e-01,3.106472211146434348e-01,1.516535356687538083e-01,-3.929998546388396852e-02,1.697745374827505094e-01,3.198023313790401834e-02,9.849638933031827914e-01,-1.141191120996210007e-01,0.000000000000000000e+00,0.000000000000000000e+00,0.000000000000000000e+00,1.000000000000000000e+00
3.015594077167731979e-01,9.500636248955048879e-01,-8.025604194029571647e-02,2.210309885101690019e-01,-9.387154079268275053e-01,3.105861229488927067e-01,1.494979703954045225e-01,-3.915387790561242198e-02,1.669589965778390250e-01,3.025506374127938380e-02,9.854995304817411039e-01,-1.143059586180843468e-01,0.000000000000000000e+00,0.000000000000000000e+00,0.000000000000000000e+00,1.000000000000000000e+00
3.009216737587119272e-01,9.500767689757312340e-01,-8.246380609025144581e-02,2.210659424226280034e-01,-9.384682320920012533e-01,3.103898120309056541e-01,1.514448478540382226e-01,-3.917441093125087481e-02,1.694801569988920176e-01,3.181662521472521793e-02,9.850198874863272946e-01,-1.143135561534276423e-01,0.000000000000000000e+00,0.000000000000000000e+00,0.000000000000000000e+00,1.000000000000000000e+00
3.008464457855928309e-01,9.499797315072987525e-01,-8.384465268278604166e-02,2.211463509442352926e-01,-9.381924577708476987e-01,3.105934714990085110e-01,1.527305065927914429e-01,-3.934810169508681787e-02,1.711324873893688980e-01,3.271399069993178449e-02,9.847047611200081541e-01,-1.141550921129528273e-01,0.000000000000000000e+00,0.000000000000000000e+00,0.000000000000000000e+00,1.000000000000000000e+00
3.012037868831135556e-01,9.499845187950962666e-01,-8.249662306374463960e-02,2.210458584715903063e-01,-9.383440161294941406e-01,3.106797050465320842e-01,1.516200127495436201e-01,-3.929639984763286242e-02,1.696666913723606507e-01,3.174169059532670062e-02,9.849901922947796873e-01,-1.143157971980837129e-01,0.000000000000000000e+00,0.000000000000000000e+00,0.000000000000000000e+00,1.000000000000000000e+00
3.006287290693209213e-01,9.500008749661583707e-01,-8.438426880466801117e-02,2.211752141509822911e-01,-9.383372909476996870e-01,3.104507683875600277e-01,1.521297105252800985e-01,-3.929833999111081999e-02,1.707205191975960934e-01,3.344634465987602473e-02,9.847516673526357511e-01,-1.139878000581102668e-01,0.000000000000000000e+00,0.000000000000000000e+00,0.000000000000000000e+00,1.000000000000000000e+00
3.010897684386451001e-01,9.499348132815269574e-01,-8.347934988578828430e-02,2.211158495654246270e-01,-9.385754068048114407e-01,3.106859357556198686e-01,1.501680893693394803e-01,-3.927816807449222014e-02,1.685857558714440596e-01,3.313758952376672645e-02,9.851298102675649648e-01,-1.141258564576970169e-01,0.000000000000000000e+00,0.000000000000000000e+00,0.000000000000000000e+00,1.000000000000000000e+00
3.013083437437485412e-01,9.499778165365524440e-01,-8.219142338981540175e-02,2.210104469624646351e-01,-9.387228652605581480e-01,3.106563409155306821e-01,1.493051241116057914e-01,-3.915119891671892116e-02,1.673698426461813771e-01,3.216808880580841745e-02,9.853692454279130430e-01,-1.141914834175110638e-01,0.000000000000000000e+00,0.000000000000000000e+00,0.000000000000000000e+00,1.000000000000000000e+00
3.012906883928653246e-01,9.500487991711866753e-01,-8.143218209737523861e-02,2.210280865611994328e-01,-9.387052250087394301e-01,3.105238582890219590e-01,1.496911285767854594e-01,-3.912007286856622468e-02,1.675005123247258754e-01,3.134027164346467331e-02,9.853737188215792031e-01,-1.142781401037300526e-01,0.000000000000000000e+00,0.000000000000000000e+00,0.000000000000000000e+00,1.000000000000000000e+00
3.010178497084898819e-01,9.499980377723508118e-01,-8.301796423401547331e-02,2.211222518352100597e-01,-9.384307684633400592e-01,3.105742523428196566e-01,1.512987990137524552e-01,-3.919590139869150169e-02,1.695168043533804014e-01,3.236297282979248152e-02,9.849957822404297181e-01,-1.140879117632502826e-01,0.000000000000000000e+00,0.000000000000000000e+00,0.000000000000000000e+00,1.000000000000000000e+00
3.009375739637807357e-01,9.500160319075915405e-01,-8.310304263592505070e-02,2.212290375250767771e-01,-9.384907005470252139e-01,3.105020398037188212e-01,1.510751080240690103e-01,-3.920533875063209051e-02,1.693274388973868838e-01,3.252725620589916322e-02,9.850229418851967900e-01,-1.139709210464077138e-01,0.000000000000000000e+00,0.000000000000000000e+00,0.000000000000000000e+00,1.000000000000000000e+00
3.010674281532649821e-01,9.499345831686905051e-01,-8.356249999434506304e-02,2.211124516529127115e-01,-9.387034470455701829e-01,3.106530819063074156e-01,1.494339359278119839e-01,-3.911682747505595970e-02,1.679114117918819593e-01,3.345071601983101023e-02,9.852343921056641030e-01,-1.141431665430252540e-01,0.000000000000000000e+00,0.000000000000000000e+00,0.000000000000000000e+00,1.000000000000000000e+00
3.014513905350482137e-01,9.499951011110145949e-01,-8.146390003897215071e-02,2.210162901458602169e-01,-9.384776071371840889e-01,3.107201366884181359e-01,1.507075895845872149e-01,-3.919302850375280811e-02,1.684839459608882262e-01,3.102103353217818688e-02,9.852161465546758201e-01,-1.144795834905567578e-01,0.000000000000000000e+00,0.000000000000000000e+00,0.000000000000000000e+00,1.000000000000000000e+00
3.008650716821731352e-01,9.499085037774659401e-01,-8.458157655741180281e-02,2.211688867626913635e-01,-9.386829614431280167e-01,3.106310037205654018e-01,1.496084136133848108e-01,-3.912849417262281859e-02,1.683879643503072565e-01,3.438333868039274849e-02,9.851209466269355008e-01,-1.140509788406909308e-01,0.000000000000000000e+00,0.000000000000000000e+00,0.000000000000000000e+00,1.000000000000000000e+00
3.011128850120832756e-01,9.499220792539193603e-01,-8.354085123824625536e-02,2.210727854699386929e-01,-9.386435204444447677e-01,3.107035461311738467e-01,1.497052034806167220e-01,-3.915953890290860273e-02,1.681647168919784552e-01,3.333691298582367596e-02,9.851950457778482217e-01,-1.141634567751304008e-01,0.000000000000000000e+00,0.000000000000000000e+00,0.000000000000000000e+00,1.000000000000000000e+00
3.011100277795004665e-01,9.500079872923755664e-01,-8.256860935802518009e-02,2.210639432831262852e-01,-9.384697452767690740e-01,3.105806683200208473e-01,1.510436548354329167e-01,-3.924863815965323743e-02,1.691368924001641072e-01,3.200738268866847036e-02,9.850727075107890141e-01,-1.141804583191730060e-01,0.000000000000000000e+00,0.000000000000000000e+00,0.000000000000000000e+00,1.000000000000000000e+00
3.009979635550166788e-01,9.499823234218368606e-01,-8.326950895605012004e-02,2.211165616823948521e-01,-9.384983110078118917e-01,3.105828784193050418e-01,1.508615122165493649e-01,-3.924711694133747875e-02,1.691778536665415333e-01,3.273928555769124726e-02,9.850416199379367077e-01,-1.140946276928194170e-01,0.000000000000000000e+00,0.000000000000000000e+00,0.000000000000000000e+00,1.000000000000000000e+00
3.011026715093756967e-01,9.499819891138649997e-01,-8.289391756444837445e-02,2.210986592293998632e-01,-9.384040639975026465e-01,3.106380865355701792e-01,1.513333798819370135e-01,-3.934078255986628303e-02,1.695139931772242092e-01,3.222110415215788393e-02,9.850009170373030809e-01,-1.140492022166050834e-01,0.000000000000000000e+00,0.000000000000000000e+00,0.000000000000000000e+00,1.000000000000000000e+00
3.010220494865489815e-01,9.500679143164116880e-01,-8.219905053819995255e-02,2.210951124019674419e-01,-9.384002319665094571e-01,3.104532826320126615e-01,1.517358360711454079e-01,-3.925022239578526695e-02,1.696783143719889086e-01,3.145977573778241387e-02,9.849972345861734979e-01,-1.142096998796731100e-01,0.000000000000000000e+00,0.000000000000000000e+00,0.000000000000000000e+00,1.000000000000000000e+00
3.010068741244464330e-01,9.499442366520799430e-01,-8.367083710186440371e-02,2.211327862403448807e-01,-9.386093003332877105e-01,3.106329536615141662e-01,1.500658169850144219e-01,-3.914384130771714210e-02,1.685450772276838038e-01,3.336338338689099486e-02,9.851291497013442422e-01,-1.141787834782321820e-01,0.000000000000000000e+00,0.000000000000000000e+00,0.000000000000000000e+00,1.000000000000000000e+00
3.010621612635187572e-01,9.499941230349925325e-01,-8.290199789097033034e-02,2.210896859801462777e-01,-9.384353500600007836e-01,3.105959236065051754e-01,1.512258774045827925e-01,-3.929242464806520507e-02,1.694127173889344029e-01,3.226977592109056547e-02,9.850167474458999539e-01,-1.141180287328109610e-01,0.000000000000000000e+00,0.000000000000000000e+00,0.000000000000000000e+00,1.000000000000000000e+00
3.009885544693403081e-01,9.499924266135185702e-01,-8.318821704674045359e-02,2.210844475181296120e-01,-9.385127611454776586e-01,3.105584758412089363e-01,1.508218493795801807e-01,-3.921302768100307090e-02,1.691144205724293692e-01,3.267755284815326150e-02,9.850545620899928689e-01,-1.142418194113068441e-01,0.000000000000000000e+00,0.000000000000000000e+00,0.000000000000000000e+00,1.000000000000000000e+00
3.009473012906675460e-01,9.499504625657000378e-01,-8.381432167044333692e-02,2.210839117428349820e-01,-9.384406641832074847e-01,3.106338621647872222e-01,1.511149346820770956e-01,-3.925966936188501899e-02,1.695872685470363184e-01,3.317713591918925592e-02,9.849565655392906738e-01,-1.142432266341775193e-01,0.000000000000000000e+00,0.000000000000000000e+00,0.000000000000000000e+00,1.000000000000000000e+00
3.011792472945883925e-01,9.499015343881206386e-01,-8.353523787096946152e-02,2.210737537964480026e-01,-9.387053998164479607e-01,3.107516127722889654e-01,1.492166462391656678e-01,-3.913738854955356450e-02,1.676998311105534212e-01,3.347402166629567105e-02,9.852696364543953589e-01,-1.141609734383843833e-01,0.000000000000000000e+00,0.000000000000000000e+00,0.000000000000000000e+00,1.000000000000000000e+00
3.009139871640644226e-01,9.499640291168561790e-01,-8.378016300469909305e-02,2.211173830575179355e-01,-9.384295466895477000e-01,3.105998157700204376e-01,1.512538936479960738e-01,-3.928844258759164876e-02,1.697078614239046490e-01,3.310736817836830437e-02,9.849381421912883905e-01,-1.141185749591797638e-01,0.000000000000000000e+00,0.000000000000000000e+00,0.000000000000000000e+00,1.000000000000000000e+00
3.011185456191770582e-01,9.499069830754743871e-01,-8.369196489891903012e-02,2.211415515434737022e-01,-9.387582976832894444e-01,3.107096023518517436e-01,1.489711433034153765e-01,-3.911113014681610878e-02,1.675126264344397320e-01,3.370855248752840927e-02,9.852934859595041672e-01,-1.140901742147748532e-01,0.000000000000000000e+00,0.000000000000000000e+00,0.000000000000000000e+00,1.000000000000000000e+00
3.010105244555592030e-01,9.500032641975988401e-01,-8.298471052486841582e-02,2.210767324688325264e-01,-9.384691813186927245e-01,3.105548397010055028e-01,1.511002556361351612e-01,-3.922714445823408114e-02,1.693170395501048808e-01,3.239582615383986008e-02,9.850290607722181901e-01,-1.141388093036332929e-01,0.000000000000000000e+00,0.000000000000000000e+00,0.000000000000000000e+00,1.000000000000000000e+00
3.012439740122226373e-01,9.500158490910644016e-01,-8.198752708252610155e-02,2.210305521323241429e-01,-9.386662233007263545e-01,3.105754682225933538e-01,1.498285679457304620e-01,-3.909779716952735407e-02,1.678028288071294061e-01,3.182396917578862727e-02,9.853067774202226570e-01,-1.143247175598720577e-01,0.000000000000000000e+00,0.000000000000000000e+00,0.000000000000000000e+00,1.000000000000000000e+00
3.011355725352987123e-01,9.500221202554705036e-01,-8.231244121721956186e-02,2.210524243677480238e-01,-9.383807488856262813e-01,3.105802400943992736e-01,1.515964530711605418e-01,-3.925649516703730302e-02,1.695846015258730410e-01,3.158932554211411892e-02,9.850092270822163876e-01,-1.141324854200091998e-01,0.000000000000000000e+00,0.000000000000000000e+00,0.000000000000000000e+00,1.000000000000000000e+00
3.012802257572840259e-01,9.500305226626908350e-01,-8.168372896051492860e-02,2.210708438524944253e-01,-9.385483629075992429e-01,3.105831631154830075e-01,1.505492254136402697e-01,-3.920691643336796095e-02,1.683959502218083937e-01,3.130662547187355177e-02,9.852221572571632224e-01,-1.142073318203762344e-01,0.000000000000000000e+00,0.000000000000000000e+00,0.000000000000000000e+00,1.000000000000000000e+00
3.011501338461410326e-01,9.500173198501691285e-01,-8.231457264149921738e-02,2.210890722183305179e-01,-9.387204459689033609e-01,3.105297876264583867e-01,1.495833390341641256e-01,-3.905500355220953290e-02,1.676678896044032363e-01,3.222332976847661068e-02,9.853167692748547868e-01,-1.142469590975871974e-01,0.000000000000000000e+00,0.000000000000000000e+00,0.000000000000000000e+00,1.000000000000000000e+00
3.013630856730564744e-01,9.500430725584934066e-01,-8.123084929527260578e-02,2.210311007859884769e-01,-9.385462106074926592e-01,3.105886487547576680e-01,1.505513261947898085e-01,-3.917239982307571533e-02,1.682596242356741989e-01,3.086829357627371428e-02,9.852592792274321720e-01,-1.142703090677990030e-01,0.000000000000000000e+00,0.000000000000000000e+00,0.000000000000000000e+00,1.000000000000000000e+00
3.011011453855438891e-01,9.500210973554519267e-01,-8.245007475470846059e-02,2.211299909186853485e-01,-9.385048619153482097e-01,3.105469638036971736e-01,1.508946898786000523e-01,-3.924148088476464569e-02,1.689577592440407727e-01,3.194523206753487748e-02,9.851054652875419482e-01,-1.141628209918976733e-01,0.000000000000000000e+00,0.000000000000000000e+00,0.000000000000000000e+00,1.000000000000000000e+00
3.014343944363812589e-01,9.499391516089287224e-01,-8.217611630687499114e-02,2.209990893775702903e-01,-9.386153627992545045e-01,3.107911758859087104e-01,1.496998520663201104e-01,-3.922226230711542416e-02,1.677453622846131198e-01,3.200708096598415403e-02,9.853106313239703429e-01,-1.143520590638362755e-01,0.000000000000000000e+00,0.000000000000000000e+00,0.000000000000000000e+00,1.000000000000000000e+00
3.009449343732087390e-01,9.499297162640288894e-01,-8.405760306864987208e-02,2.211849734635387144e-01,-9.385356027523189537e-01,3.106515757325867821e-01,1.504876103245794128e-01,-3.925689587915554002e-02,1.690652798224598630e-01,3.360256914883893303e-02,9.850318768979768880e-01,-1.140066543660760434e-01,0.000000000000000000e+00,0.000000000000000000e+00,0.000000000000000000e+00,1.000000000000000000e+00
3.012167017006335823e-01,9.499230532168396746e-01,-8.315462454841950068e-02,2.210361859878610113e-01,-9.386064239732281322e-01,3.107458483901517909e-01,1.498499202017591625e-01,-3.918670035314872346e-02,1.681858480752180252e-01,3.291216607095141106e-02,9.852057195488350683e-01,-1.143220363585408794e-01,0.000000000000000000e+00,0.000000000000000000e+00,0.000000000000000000e+00,1.000000000000000000e+00
3.012196631115481305e-01,9.499897071853233843e-01,-8.237882493037190779e-02,2.210352544569705868e-01,-9.386307744135748976e-01,3.106214540755234399e-01,1.499552653019563253e-01,-3.914856294175161899e-02,1.680445889600080678e-01,3.215382574361719259e-02,9.852548642921338251e-01,-1.143354130884539632e-01,0.000000000000000000e+00,0.000000000000000000e+00,0.000000000000000000e+00,1.000000000000000000e+00
3.009887463609703939e-01,9.499741244611082935e-01,-8.339626741289073164e-02,2.211200825493946365e-01,-9.386040386582897854e-01,3.105738505035218200e-01,1.502209772227699469e-01,-3.913900520016388995e-02,1.686067412009357724e-01,3.306124979136455810e-02,9.851287837556234050e-01,-1.141612774914393391e-01,0.000000000000000000e+00,0.000000000000000000e+00,0.000000000000000000e+00,1.000000000000000000e+00
3.012846115890174259e-01,9.499890920617548584e-01,-8.214808447759208709e-02,2.210365796081459333e-01,-9.386455581752801702e-01,3.106423441392408558e-01,1.498193917538515607e-01,-3.914035881099739433e-02,1.678454614741534123e-01,3.196965735443749179e-02,9.852947995758265520e-01,-1.143892162810338231e-01,0.000000000000000000e+00,0.000000000000000000e+00,0.000000000000000000e+00,1.000000000000000000e+00
3.010933876065164383e-01,9.500086013899847748e-01,-8.262220781773832456e-02,2.210518343865032209e-01,-9.385239457608774982e-01,3.105634867864965343e-01,1.507419115854896907e-01,-3.917772759966692275e-02,1.688655535420591214e-01,3.215552767502190962e-02,9.851144333867387637e-01,-1.142994351092718741e-01,0.000000000000000000e+00,0.000000000000000000e+00,0.000000000000000000e+00,1.000000000000000000e+00
3.010659831842580902e-01,9.500246548282688108e-01,-8.253743991501782951e-02,2.211207064012921109e-01,-9.383533726960712196e-01,3.105567859107207229e-01,1.518138026488739800e-01,-3.927631749493168400e-02,1.698594175169705345e-01,3.174331336253214536e-02,9.849569230872810000e-01,-1.141263749077425782e-01,0.000000000000000000e+00,0.000000000000000000e+00,0.000000000000000000e+00,1.000000000000000000e+00
3.010125384567216011e-01,9.499514508330374474e-01,-8.356849138310507019e-02,2.211217529216161770e-01,-9.387932961348183225e-01,3.105854071548789230e-01,1.490095701448785614e-01,-3.899840843530641421e-02,1.675070112686753432e-01,3.359979051490455393e-02,9.852981555109044942e-01,-1.142729087676597199e-01,0.000000000000000000e+00,0.000000000000000000e+00,0.000000000000000000e+00,1.000000000000000000e+00
3.012690954602560978e-01,9.499776045451416850e-01,-8.233761584618404239e-02,2.210677699468708290e-01,-9.386135125999496287e-01,3.106639997518371721e-01,1.499751753557072576e-01,-3.919988402246191161e-02,1.680523908944581146e-01,3.210031340758484619e-02,9.852552784907023797e-01,-1.142564224719715416e-01,0.000000000000000000e+00,0.000000000000000000e+00,0.000000000000000000e+00,1.000000000000000000e+00
3.012527866160175094e-01,9.500454805818552284e-01,-8.161092685465748398e-02,2.210418520990570790e-01,-9.384471435016958907e-01,3.105648539474279435e-01,1.512165015668615886e-01,-3.923735099373698576e-02,1.690080394821267817e-01,3.103314870593671532e-02,9.851259951253967806e-01,-1.144310199748104218e-01,0.000000000000000000e+00,0.000000000000000000e+00,0.000000000000000000e+00,1.000000000000000000e+00
3.012226932211869990e-01,9.500079178647082845e-01,-8.215744082514189750e-02,2.211128550504651291e-01,-9.386893360881134463e-01,3.105781504750986244e-01,1.496781305399162432e-01,-3.916297385847899992e-02,1.677117151633477354e-01,3.203386398530493756e-02,9.853154886406381152e-01,-1.141660331505292003e-01,0.000000000000000000e+00,0.000000000000000000e+00,0.000000000000000000e+00,1.000000000000000000e+00
3.011806033655178849e-01,9.500402330109731786e-01,-8.193778015566649531e-02,2.211125980959494086e-01,-9.385937834769451094e-01,3.105225783149373475e-01,1.503909504427612676e-01,-3.914782850699083383e-02,1.683209843567227137e-01,3.161145389094463520e-02,9.852252342525968931e-01,-1.142057570988510573e-01,0.000000000000000000e+00,0.000000000000000000e+00,0.000000000000000000e+00,1.000000000000000000e+00
3.013199517677110917e-01,9.500049772955861949e-01,-8.183416022858418237e-02,2.210423231040614667e-01,-9.386060812520341523e-01,3.106329936012959259e-01,1.500858671660909305e-01,-3.915491768613607593e-02,1.680027110001637292e-01,3.158617418920085101e-02,9.852803675587398224e-01,-1.143039717381821863e-01,0.000000000000000000e+00,0.000000000000000000e+00,0.000000000000000000e+00,1.000000000000000000e+00
3.013349913401266456e-01,9.500531787326956801e-01,-8.121687370212413160e-02,2.209884970689108830e-01,-9.385828578618299334e-01,3.105536365156492673e-01,1.503950058174355064e-01,-3.911426417339830541e-02,1.681054488170036776e-01,3.090948765034773338e-02,9.852843049857371582e-01,-1.143960643981960512e-01,0.000000000000000000e+00,0.000000000000000000e+00,0.000000000000000000e+00,1.000000000000000000e+00
3.012525313538156890e-01,9.500074495596733115e-01,-8.205338587799826389e-02,2.210834358145866707e-01,-9.385511694067136812e-01,3.106155345016445857e-01,1.504649199366694945e-01,-3.916667651550367890e-02,1.684298511493999007e-01,3.168336325870470260e-02,9.852043187757595355e-01,-1.142238758488944850e-01,0.000000000000000000e+00,0.000000000000000000e+00,0.000000000000000000e+00,1.000000000000000000e+00
3.014814069538609420e-01,9.500068951796548644e-01,-8.121490240241036052e-02,2.209755338717778184e-01,-9.385206715076735984e-01,3.107005998174595662e-01,1.504795216162534977e-01,-3.914672025669507782e-02,1.681901020093220789e-01,3.085508684452829831e-02,9.852715631753059533e-01,-1.144916325245588506e-01,0.000000000000000000e+00,0.000000000000000000e+00,0.000000000000000000e+00,1.000000000000000000e+00
3.010963451257425150e-01,9.500097470973170033e-01,-8.259825283873505064e-02,2.210654334404064114e-01,-9.384004311026981071e-01,3.105857963708818503e-01,1.514631770396210608e-01,-3.930403967750906169e-02,1.695453386507285165e-01,3.190522704443543578e-02,9.850058043631280125e-01,-1.141694034285611892e-01,0.000000000000000000e+00,0.000000000000000000e+00,0.000000000000000000e+00,1.000000000000000000e+00
3.011053080970421125e-01,9.499799872934101552e-01,-8.290728060790501786e-02,2.210933220525401754e-01,-9.383833852366875172e-01,3.106465846630980798e-01,1.514441208792450810e-01,-3.933732060812192288e-02,1.696237475930776895e-01,3.219818596078309614e-02,9.849827719677715088e-01,-1.141432747924588931e-01,0.000000000000000000e+00,0.000000000000000000e+00,0.000000000000000000e+00,1.000000000000000000e+00
3.015376105136148843e-01,9.500205772785029756e-01,-8.084535975032411392e-02,2.209293417058103004e-01,-9.387067729116148618e-01,3.106601725723700524e-01,1.493982987425454823e-01,-3.908790519334015556e-02,1.670468914275303474e-01,3.084088073847895267e-02,9.854664764159528634e-01,-1.145021627795759223e-01,0.000000000000000000e+00,0.000000000000000000e+00,0.000000000000000000e+00,1.000000000000000000e+00
3.012621228304922516e-01,9.500262111838769785e-01,-8.180055874670519311e-02,2.210699436576314958e-01,-9.383762859274727974e-01,3.106167433602204930e-01,1.515492815992636744e-01,-3.932292513142465751e-02,1.693844129683348687e-01,3.110364621549503023e-02,9.850591270758695117e-01,-1.142604900387600431e-01,0.000000000000000000e+00,0.000000000000000000e+00,0.000000000000000000e+00,1.000000000000000000e+00
3.011047657537196942e-01,9.500043770560495648e-01,-8.262931450003152545e-02,2.211594313559551161e-01,-9.387079514935285918e-01,3.105397980861901441e-01,1.496409556485516490e-01,-3.917234802036939634e-02,1.678192534938143243e-01,3.250718964991919369e-02,9.852816758561195876e-01,-1.140674750820562799e-01,0.000000000000000000e+00,0.000000000000000000e+00,0.000000000000000000e+00,1.000000000000000000e+00
3.012425053317334123e-01,9.500273761888367030e-01,-8.185925404751687173e-02,2.210617033849963109e-01,-9.385901463545556211e-01,3.105681921425104686e-01,1.503194438370073216e-01,-3.917847864213491738e-02,1.682304673583089882e-01,3.154968337540070555e-02,9.852426743352713512e-01,-1.142317946961171060e-01,0.000000000000000000e+00,0.000000000000000000e+00,0.000000000000000000e+00,1.000000000000000000e+00
3.009836570037411341e-01,9.499731837513627486e-01,-8.342534608830987075e-02,2.210976867036452687e-01,-9.386144170546888432e-01,3.105717091103146754e-01,1.501605460744763199e-01,-3.912308122787611087e-02,1.685580443459793187e-01,3.310836229108997386e-02,9.851355348542966128e-01,-1.141819152117380387e-01,0.000000000000000000e+00,0.000000000000000000e+00,0.000000000000000000e+00,1.000000000000000000e+00
3.013213243538114816e-01,9.499901000926096462e-01,-8.200164154270569994e-02,2.210707695195689437e-01,-9.386193561349109871e-01,3.106582085330966136e-01,1.499505977310259808e-01,-3.918306984073230415e-02,1.679260664058741526e-01,3.178501529086181360e-02,9.852870389000403240e-01,-1.141935448219066895e-01,0.000000000000000000e+00,0.000000000000000000e+00,0.000000000000000000e+00,1.000000000000000000e+00
3.012385395838648727e-01,9.499988213068855103e-01,-8.220451194982233978e-02,2.210023317984156632e-01,-9.384139093290870814e-01,3.106522858125788100e-01,1.512431555380930048e-01,-3.920744695801040014e-02,1.692178390332420845e-01,3.158159012697197426e-02,9.850725486571898504e-01,-1.144165231964873186e-01,0.000000000000000000e+00,0.000000000000000000e+00,0.000000000000000000e+00,1.000000000000000000e+00
3.010992313565716838e-01,9.499969216562842433e-01,-8.273512990299695946e-02,2.210894897056358555e-01,-9.383452384830039961e-01,3.106206959694636227e-01,1.517333076543203874e-01,-3.938415670440509331e-02,1.698454188159231326e-01,3.194733289384393132e-02,9.849527408095344327e-01,-1.141620200454884770e-01,0.000000000000000000e+00,0.000000000000000000e+00,0.000000000000000000e+00,1.000000000000000000e+00
3.009126445806032391e-01,9.500486723092511632e-01,-8.281968712170097169e-02,2.210618986810777842e-01,-9.383522455427517617e-01,3.104600688036106004e-01,1.520184494176036738e-01,-3.923588848988890376e-02,1.701371317978022657e-01,3.196976574650241265e-02,9.849016653766664575e-01,-1.142166697291209232e-01,0.000000000000000000e+00,0.000000000000000000e+00,0.000000000000000000e+00,1.000000000000000000e+00
3.012495192407869116e-01,9.500111493155354303e-01,-8.202160284565687687e-02,2.210628072474844497e-01,-9.385542434353133512e-01,3.106071320289535143e-01,1.504630906977364457e-01,-3.914147258373246174e-02,1.684181085476315343e-01,3.165478966798122157e-02,9.852072446974364794e-01,-1.142866884094513313e-01,0.000000000000000000e+00,0.000000000000000000e+00,0.000000000000000000e+00,1.000000000000000000e+00
3.010221573463610634e-01,9.500188902592405782e-01,-8.276333087269913125e-02,2.210935270145919507e-01,-9.384151473264206178e-01,3.105406328203718092e-01,1.514646052246382824e-01,-3.925357666831882919e-02,1.695956133125946230e-01,3.207216110779373408e-02,9.849917281008002679e-01,-1.141733601110732632e-01,0.000000000000000000e+00,0.000000000000000000e+00,0.000000000000000000e+00,1.000000000000000000e+00
3.012543409647008841e-01,9.500260378509768344e-01,-8.183122542830431612e-02,2.210290401926479631e-01,-9.384375733583352197e-01,3.106031212453334578e-01,1.511972948897429836e-01,-3.921074979705124752e-02,1.690584010312501106e-01,3.124465518822175381e-02,9.851106681804466803e-01,-1.143447746746184546e-01,0.000000000000000000e+00,0.000000000000000000e+00,0.000000000000000000e+00,1.000000000000000000e+00
3.010662718294325191e-01,9.499385807466992349e-01,-8.352121153140151799e-02,2.210717943623646820e-01,-9.385334978664744421e-01,3.106790782079943969e-01,1.504439554995528616e-01,-3.923215743953836765e-02,1.688608105785555646e-01,3.309385400308853531e-02,9.850841707579994777e-01,-1.142043752088628406e-01,0.000000000000000000e+00,0.000000000000000000e+00,0.000000000000000000e+00,1.000000000000000000e+00
3.010684177340000045e-01,9.499082778066755273e-01,-8.385744807410724921e-02,2.211254795380542815e-01,-9.385492885584177936e-01,3.107311616666004750e-01,1.502377386538180926e-01,-3.923673173855193874e-02,1.687691938406817027e-01,3.347250996983861665e-02,9.850870775148183878e-01,-1.140642721495737089e-01,0.000000000000000000e+00,0.000000000000000000e+00,0.000000000000000000e+00,1.000000000000000000e+00
3.008649515220588877e-01,9.499549468744074021e-01,-8.405878808590655504e-02,2.211547032065138696e-01,-9.383227837798541193e-01,3.106197665599890745e-01,1.518740071962393634e-01,-3.932575421423972761e-02,1.703837855702667881e-01,3.318071022537127934e-02,9.848189712245016825e-01,-1.140216223146777175e-01,0.000000000000000000e+00,0.000000000000000000e+00,0.000000000000000000e+00,1.000000000000000000e+00
3.011319211834495579e-01,9.499993180384870284e-01,-8.258850870898748475e-02,2.210770287288472136e-01,-9.385358127300941211e-01,3.105915494516470199e-01,1.506101511594980513e-01,-3.920303884434783726e-02,1.687308337780218381e-01,3.215874897496663609e-02,9.851374120380054222e-01,-1.142266590002039006e-01,0.000000000000000000e+00,0.000000000000000000e+00,0.000000000000000000e+00,1.000000000000000000e+00
3.013106956239524070e-01,9.499652032227984266e-01,-8.232847240461485527e-02,2.210735068190604613e-01,-9.386443259158524510e-01,3.106951615739762529e-01,1.497175540826652385e-01,-3.914946119970511007e-02,1.678055247260498428e-01,3.216565311614700412e-02,9.852952230834304270e-01,-1.142168376843897271e-01,0.000000000000000000e+00,0.000000000000000000e+00,0.000000000000000000e+00,1.000000000000000000e+00
3.010554789865957370e-01,9.499642458127436351e-01,-8.326782241404571960e-02,2.210891944206877513e-01,-9.385998720815219576e-01,3.106160210707775149e-01,1.501598068149703757e-01,-3.916860222758261623e-02,1.685107673138495632e-01,3.294873490111459302e-02,9.851489746062338515e-01,-1.141763473034842491e-01,0.000000000000000000e+00,0.000000000000000000e+00,0.000000000000000000e+00,1.000000000000000000e+00
3.011448332112556248e-01,9.499912331597178961e-01,-8.263441383493774772e-02,2.210850229488398044e-01,-9.384263006007554919e-01,3.106315837675702740e-01,1.512087877963171345e-01,-3.928125142232466449e-02,1.693158816264609401e-01,3.201056209643443617e-02,9.850418550210569002e-01,-1.141177409253224528e-01,0.000000000000000000e+00,0.000000000000000000e+00,0.000000000000000000e+00,1.000000000000000000e+00
3.011052937714578936e-01,9.500649676146653011e-01,-8.192776924919445425e-02,2.210827707440444212e-01,-9.384345436940793039e-01,3.104808346596543700e-01,1.514670211984439907e-01,-3.923294775157673553e-02,1.693405127678829503e-01,3.127632683659647972e-02,9.850612072938011998e-01,-1.141722350106681994e-01,0.000000000000000000e+00,0.000000000000000000e+00,0.000000000000000000e+00,1.000000000000000000e+00
3.010569986809272236e-01,9.500324534955195688e-01,-8.248042707525235495e-02,2.210753500233211266e-01,-9.383269017800006662e-01,3.105442791510693579e-01,1.520028818229703371e-01,-3.936705553698205406e-02,1.700214955268225803e-01,3.163207220253771296e-02,9.849325373176562870e-01,-1.141608160419553819e-01,0.000000000000000000e+00,0.000000000000000000e+00,0.000000000000000000e+00,1.000000000000000000e+00
3.013364093629418150e-01,9.499645284630963138e-01,-8.224210025368255961e-02,2.210530882944683473e-01,-9.383928778226308109e-01,3.107528950088367381e-01,1.511669444534356477e-01,-3.930798200522139796e-02,1.691602058523539176e-01,3.162329687926490607e-02,9.850811092750054732e-01,-1.142393577804952098e-01,0.000000000000000000e+00,0.000000000000000000e+00,0.000000000000000000e+00,1.000000000000000000e+00
3.012608665189711599e-01,9.500052407588184256e-01,-8.204835668688703620e-02,2.210628496101650908e-01,-9.385190718463258808e-01,3.106284892479839743e-01,1.506382867939836112e-01,-3.919488558779174459e-02,1.685937189961417282e-01,3.162252675380469724e-02,9.851782446424379724e-01,-1.142661996565090821e-01,0.000000000000000000e+00,0.000000000000000000e+00,0.000000000000000000e+00,1.000000000000000000e+00
3.010613292411774555e-01,9.499869779041038020e-01,-8.298685346585563116e-02,2.210834679634509081e-01,-9.384764952689895745e-01,3.106007872727211128e-01,1.509603218504796396e-01,-3.916908635240393122e-02,1.691861219579487152e-01,3.243289623505600516e-02,9.850503354543038714e-01,-1.142452041996127043e-01,0.000000000000000000e+00,0.000000000000000000e+00,0.000000000000000000e+00,1.000000000000000000e+00
3.011212504317065664e-01,9.499531710663970951e-01,-8.315627047518169002e-02,2.210840771590161236e-01,-9.386196813400768946e-01,3.106553080537235445e-01,1.499545710510298557e-01,-3.912338896052355852e-02,1.682827571068934991e-01,3.289760415200801424e-02,9.851896575287215629e-01,-1.142789328701807605e-01,0.000000000000000000e+00,0.000000000000000000e+00,0.000000000000000000e+00,1.000000000000000000e+00
3.009635434101134988e-01,9.499836912531739452e-01,-8.337824590996836815e-02,2.212046598420749910e-01,-9.388113199689206434e-01,3.105067399416908125e-01,1.490599542096945618e-01,-3.902917403511357852e-02,1.674940328377156062e-01,3.341482909993170880e-02,9.853066518399136164e-01,-1.139996079493297287e-01,0.000000000000000000e+00,0.000000000000000000e+00,0.000000000000000000e+00,1.000000000000000000e+00
3.011385015393527320e-01,9.500742244138469239e-01,-8.169804768206147261e-02,2.210806583833371253e-01,-9.382962453174115147e-01,3.105002213338262651e-01,1.522818721151429910e-01,-3.929622110317085304e-02,1.700463434299047116e-01,3.079903660947962141e-02,9.849546489204701327e-01,-1.142474611477257707e-01,0.000000000000000000e+00,0.000000000000000000e+00,0.000000000000000000e+00,1.000000000000000000e+00
3.012954712700457449e-01,9.499601733502363032e-01,-8.244214965992743838e-02,2.210426139301835402e-01,-9.386008562221026530e-01,3.107073335991258345e-01,1.499646143157012945e-01,-3.918297372049220351e-02,1.680757915087610910e-01,3.219661311551876015e-02,9.852481445872369736e-01,-1.142916658960397847e-01,0.000000000000000000e+00,0.000000000000000000e+00,0.000000000000000000e+00,1.000000000000000000e+00
3.012390113142397463e-01,9.500522368820146779e-01,-8.158311870662901533e-02,2.210384408215930740e-01,-9.385249830027674323e-01,3.105333204004838143e-01,1.507975901687623188e-01,-3.914754408011250630e-02,1.685998645968462550e-01,3.114167812644387523e-02,9.851925098890036425e-01,-1.143192327512998485e-01,0.000000000000000000e+00,0.000000000000000000e+00,0.000000000000000000e+00,1.000000000000000000e+00
3.010311194174847271e-01,9.500361997735892183e-01,-8.253171670341487298e-02,2.210656401384975545e-01,-9.383242435591488961e-01,3.105289955357237730e-01,1.520505076634908470e-01,-3.927195648485748425e-02,1.700819775620182051e-01,3.166957611543225193e-02,9.849208896440677652e-01,-1.142143077338773072e-01,0.000000000000000000e+00,0.000000000000000000e+00,0.000000000000000000e+00,1.000000000000000000e+00
3.009385544452700123e-01,9.499583266239868262e-01,-8.375657661429275480e-02,2.211107184451437946e-01,-9.385028496694736155e-01,3.106044189012592827e-01,1.507889124613890353e-01,-3.919357127325839851e-02,1.692583457637131805e-01,3.322758848856857683e-02,9.850114414323143386e-01,-1.142119019725451601e-01,0.000000000000000000e+00,0.000000000000000000e+00,0.000000000000000000e+00,1.000000000000000000e+00
3.012734609902125160e-01,9.500377513934080698e-01,-8.162458349257326051e-02,2.210809677190438416e-01,-9.385507246501941792e-01,3.105670790239697943e-01,1.505676814097732241e-01,-3.921331482879109043e-02,1.683948899508966035e-01,3.124676549463084596e-02,9.852242387824963199e-01,-1.142603476340235957e-01,0.000000000000000000e+00,0.000000000000000000e+00,0.000000000000000000e+00,1.000000000000000000e+00
3.011951231344474622e-01,9.500647758836596735e-01,-8.159913862999280953e-02,2.211066726631782942e-01,-9.384010083487274168e-01,3.105179140422311135e-01,1.515987222536969714e-01,-3.930606215086049349e-02,1.693666003972360001e-01,3.091191815454567837e-02,9.850682250412353680e-01,-1.141503678674402611e-01,0.000000000000000000e+00,0.000000000000000000e+00,0.000000000000000000e+00,1.000000000000000000e+00
3.011930134292864492e-01,9.500265337691262690e-01,-8.205092196925670156e-02,2.210817496426913387e-01,-9.385630026360582967e-01,3.105577782320677049e-01,1.505103201190811646e-01,-3.922221845333798140e-02,1.684703497478773626e-01,3.167730282364988187e-02,9.851975891878982372e-01,-1.142202271722236873e-01,0.000000000000000000e+00,0.000000000000000000e+00,0.000000000000000000e+00,1.000000000000000000e+00
3.010927897535156106e-01,9.499945238183042928e-01,-8.278608985619775873e-02,2.211638731424768745e-01,-9.385874189565635017e-01,3.105767479725096702e-01,1.503187965467943366e-01,-3.920880829713382920e-02,1.685134681113103217e-01,3.244207659896935353e-02,9.851653276131091541e-01,-1.141103653908184246e-01,0.000000000000000000e+00,0.000000000000000000e+00,0.000000000000000000e+00,1.000000000000000000e+00
3.013281694826527302e-01,9.500211851545448116e-01,-8.161545217535495778e-02,2.210274891734336777e-01,-9.385093702947382432e-01,3.106240260832205946e-01,1.507079171404887008e-01,-3.923298208632911011e-02,1.685274343992913260e-01,3.118432582892596838e-02,9.852035534230414449e-01,-1.143553308831359860e-01,0.000000000000000000e+00,0.000000000000000000e+00,0.000000000000000000e+00,1.000000000000000000e+00
3.009259208633932592e-01,9.500157466543659446e-01,-8.314848923021328497e-02,2.211774485084424535e-01,-9.385549562207460284e-01,3.104860941651726436e-01,1.507082595066691344e-01,-3.918930598638586948e-02,1.689916693390320357e-01,3.268740489552034861e-02,9.850753013121402724e-01,-1.140586474687934615e-01,0.000000000000000000e+00,0.000000000000000000e+00,0.000000000000000000e+00,1.000000000000000000e+00
3.012347014613046547e-01,9.500223052814127378e-01,-8.194677603975153435e-02,2.210643236045035653e-01,-9.385010034997942618e-01,3.105915034711456690e-01,1.508270015660752861e-01,-3.922824686099510294e-02,1.687409881012857382e-01,3.147280475781929349e-02,9.851578256783419807e-01,-1.142176767639266899e-01,0.000000000000000000e+00,0.000000000000000000e+00,0.000000000000000000e+00,1.000000000000000000e+00
3.011955364191403195e-01,9.499458151369812864e-01,-8.297106209349673633e-02,2.211099384673742563e-01,-9.385883453697048129e-01,3.107008324791982190e-01,1.500563581888266218e-01,-3.924684164764380423e-02,1.683245875603043840e-01,3.267936658611582390e-02,9.851897747247400083e-01,-1.141557255986236363e-01,0.000000000000000000e+00,0.000000000000000000e+00,0.000000000000000000e+00,1.000000000000000000e+00
3.013677651691691328e-01,9.499985063196731971e-01,-8.173315182550343339e-02,2.209551563941749008e-01,-9.386186111663601395e-01,3.106589904420470893e-01,1.499536409349954968e-01,-3.915166269873293636e-02,1.678468733371997201e-01,3.152506380514364520e-02,9.853088842911180700e-01,-1.144419694113691932e-01,0.000000000000000000e+00,0.000000000000000000e+00,0.000000000000000000e+00,1.000000000000000000e+00
3.011550061087032160e-01,9.500763337847146772e-01,-8.161263552821931833e-02,2.211028269207837016e-01,-9.384431740825389667e-01,3.104751294015405949e-01,1.514252391148378230e-01,-3.926387273063963734e-02,1.692042295971235843e-01,3.098635191970271902e-02,9.850937897891509643e-01,-1.142729463041123328e-01,0.000000000000000000e+00,0.000000000000000000e+00,0.000000000000000000e+00,1.000000000000000000e+00
3.012640996754408218e-01,9.499490882140876336e-01,-8.268417048002664471e-02,2.211218414107105623e-01,-9.385948966690250694e-01,3.107176630288031594e-01,1.499805114966005215e-01,-3.915644572507098742e-02,1.681652823671071495e-01,3.242319668297920232e-02,9.852254432987651578e-01,-1.142761582027607137e-01,0.000000000000000000e+00,0.000000000000000000e+00,0.000000000000000000e+00,1.000000000000000000e+00
3.010908637790479236e-01,9.499954612750612926e-01,-8.278233691779254833e-02,2.211798671891439527e-01,-9.385871052827211569e-01,3.105744328700649204e-01,1.503255382310005606e-01,-3.913480361976329203e-02,1.685186563730832476e-01,3.243678782218759049e-02,9.851646142904186831e-01,-1.141893886477647335e-01,0.000000000000000000e+00,0.000000000000000000e+00,0.000000000000000000e+00,1.000000000000000000e+00
3.010189462517698367e-01,9.499700910917269203e-01,-8.333318683843965458e-02,2.211192852593764080e-01,-9.384503983980073683e-01,3.106216642506938186e-01,1.510795533642808885e-01,-3.928603163285812605e-02,1.694061502546334586e-01,3.272625443440541071e-02,9.850028165069373287e-01,-1.141512389806704775e-01,0.000000000000000000e+00,0.000000000000000000e+00,0.000000000000000000e+00,1.000000000000000000e+00
3.012218213186407811e-01,9.500030111825036316e-01,-8.221735282564811287e-02,2.210489859161077764e-01,-9.386328263539808203e-01,3.105975689344792623e-01,1.499918913232628492e-01,-3.909808907002626510e-02,1.680292583219331615e-01,3.199107557065965224e-02,9.852627768426115429e-01,-1.143744526910535075e-01,0.000000000000000000e+00,0.000000000000000000e+00,0.000000000000000000e+00,1.000000000000000000e+00
3.012929923070665206e-01,9.499846006497734141e-01,-8.216928449819264901e-02,2.210576090197898802e-01,-9.386862989167397142e-01,3.106456644446553561e-01,1.495570238662574658e-01,-3.908729843623284794e-02,1.676024015718381999e-01,3.207069830904100971e-02,9.853328905995796250e-01,-1.142787703724024162e-01,0.000000000000000000e+00,0.000000000000000000e+00,0.000000000000000000e+00,1.000000000000000000e+00
3.014361910608109874e-01,9.500005958287789376e-01,-8.145606572696603709e-02,2.209704210358707233e-01,-9.386516876763955075e-01,3.106725029267215499e-01,1.497184195331395240e-01,-3.912204153700482578e-02,1.675387475809856641e-01,3.132832345038197297e-02,9.853675985178239616e-01,-1.144074583490040098e-01,0.000000000000000000e+00,0.000000000000000000e+00,0.000000000000000000e+00,1.000000000000000000e+00
3.009748421228516935e-01,9.499945651894486920e-01,-8.321340348546743537e-02,2.211612240056446410e-01,-9.385719811133893531e-01,3.105383158288068102e-01,1.504944871784216764e-01,-3.919583311640648104e-02,1.688098950832337686e-01,3.280671444565798345e-02,9.851025016764849429e-01,-1.141849736282307681e-01,0.000000000000000000e+00,0.000000000000000000e+00,0.000000000000000000e+00,1.000000000000000000e+00
3.011726302714961556e-01,9.499739875851613835e-01,-8.273131019690579957e-02,2.210888872972665009e-01,-9.385574622537442568e-01,3.106477008443307430e-01,1.503592232220653524e-01,-3.921760717386763018e-02,1.685376421549807102e-01,3.236400580396674859e-02,9.851637601460788707e-01,-1.141934502063657320e-01,0.000000000000000000e+00,0.000000000000000000e+00,0.000000000000000000e+00,1.000000000000000000e+00
3.012283241068363648e-01,9.500365729942062964e-01,-8.180468647462332821e-02,2.210615459079950940e-01,-9.385599965419532120e-01,3.105520492505685071e-01,1.505408834750270042e-01,-3.922979817380881085e-02,1.684239580551293025e-01,3.143142821599311659e-02,9.852133960078635067e-01,-1.142869841607225823e-01,0.000000000000000000e+00,0.000000000000000000e+00,0.000000000000000000e+00,1.000000000000000000e+00
3.010566216224994651e-01,9.500039709571024282e-01,-8.280921291127341100e-02,2.210380974242681096e-01,-9.385267244764670114e-01,3.105586016712701403e-01,1.507346754116639931e-01,-3.920546853783121732e-02,1.689156535692342143e-01,3.233898720929218040e-02,9.850998385369658106e-01,-1.142529221131765027e-01,0.000000000000000000e+00,0.000000000000000000e+00,0.000000000000000000e+00,1.000000000000000000e+00
3.011946258581458813e-01,9.499070710078513224e-01,-8.341674773962917677e-02,2.210184145505919573e-01,-9.384592999355224618e-01,3.107956228664802700e-01,1.506659323522278882e-01,-3.920654715768137621e-02,1.690441945726059159e-01,3.290345356223246115e-02,9.850590962094494252e-01,-1.143101058848356999e-01,0.000000000000000000e+00,0.000000000000000000e+00,0.000000000000000000e+00,1.000000000000000000e+00
3.011323103513118826e-01,9.499158148773084731e-01,-8.354206310871403751e-02,2.210519351324771731e-01,-9.384845684818986511e-01,3.107529771915577554e-01,1.505964869707390741e-01,-3.924777035975582362e-02,1.690149294702274485e-01,3.305346899437913016e-02,9.850590955895042189e-01,-1.142118574236794526e-01,0.000000000000000000e+00,0.000000000000000000e+00,0.000000000000000000e+00,1.000000000000000000e+00
3.011949678965482047e-01,9.499244897855702030e-01,-8.321691546447387844e-02,2.210821014743838964e-01,-9.386329665052161042e-01,3.107303850769307374e-01,1.497156704542319805e-01,-3.917699855186115854e-02,1.680766060563312625e-01,3.301653366976031734e-02,9.852208701611118169e-01,-1.141935093694026460e-01,0.000000000000000000e+00,0.000000000000000000e+00,0.000000000000000000e+00,1.000000000000000000e+00
3.010915066679783481e-01,9.499852587102821655e-01,-8.289700142686201589e-02,2.210877318315373485e-01,-9.384468591693129191e-01,3.106200942115310282e-01,1.511047636154185247e-01,-3.922618490173135353e-02,1.692967723486146769e-01,3.229806968191764605e-02,9.850357544613106420e-01,-1.142264906759946630e-01,0.000000000000000000e+00,0.000000000000000000e+00,0.000000000000000000e+00,1.000000000000000000e+00
3.009088608047144620e-01,9.499654714439575987e-01,-8.378222098672741258e-02,2.211370130346194118e-01,-9.384758952287366451e-01,3.105863464863147794e-01,1.509937596422597228e-01,-3.921885228848850935e-02,1.694604719804315429e-01,3.319223464219760861e-02,9.849778799524520068e-01,-1.140531215324473990e-01,0.000000000000000000e+00,0.000000000000000000e+00,0.000000000000000000e+00,1.000000000000000000e+00
3.012630324799563386e-01,9.499733761403830190e-01,-8.240855468592700461e-02,2.210418830948445157e-01,-9.386067285726944487e-01,3.106708855228036414e-01,1.500033665173605701e-01,-3.912706421622419439e-02,1.681011431818515978e-01,3.215875484093956571e-02,9.852450558861156615e-01,-1.143617254363928915e-01,0.000000000000000000e+00,0.000000000000000000e+00,0.000000000000000000e+00,1.000000000000000000e+00
3.010370300537500987e-01,9.500316640648581723e-01,-8.256236316006342058e-02,2.211290648366137646e-01,-9.385983280499304859e-01,3.104876484797402525e-01,1.504346992000070160e-01,-3.908417936787766944e-02,1.685523216045774486e-01,3.220648095768735564e-02,9.851664110524827045e-01,-1.142112129115191443e-01,0.000000000000000000e+00,0.000000000000000000e+00,0.000000000000000000e+00,1.000000000000000000e+00
3.011543466460458451e-01,9.499965970159699458e-01,-8.253802247613030441e-02,2.210773396979361927e-01,-9.385245092825765800e-01,3.106064553375636472e-01,1.506498436060682289e-01,-3.913134880750565592e-02,1.687536813586358875e-01,3.209510181805003137e-02,9.851355741557590306e-01,-1.142633754751138930e-01,0.000000000000000000e+00,0.000000000000000000e+00,0.000000000000000000e+00,1.000000000000000000e+00
3.012525378641037199e-01,9.499574622857204220e-01,-8.263006884972907973e-02,2.210551227471921898e-01,-9.385424437379848994e-01,3.107084941127730704e-01,1.503273527622457917e-01,-3.917899185449166821e-02,1.684784548028873674e-01,3.226533021444374233e-02,9.851771204881811794e-01,-1.142433826798632257e-01,0.000000000000000000e+00,0.000000000000000000e+00,0.000000000000000000e+00,1.000000000000000000e+00
3.011279663958539299e-01,9.500061364755021387e-01,-8.252447220786765514e-02,2.210906772131303599e-01,-9.384536467026456386e-01,3.105933040269540646e-01,1.511176776030064006e-01,-3.924273153973834027e-02,1.691942695389047902e-01,3.193963294262694430e-02,9.850650531831319778e-01,-1.142846271769828448e-01,0.000000000000000000e+00,0.000000000000000000e+00,0.000000000000000000e+00,1.000000000000000000e+00
3.013513400755031268e-01,9.499948092914833886e-01,-8.183661866143160379e-02,2.209880877455000503e-01,-9.384915370765769538e-01,3.106839039019118065e-01,1.506955430393067674e-01,-3.919129764288914464e-02,1.685853038385684011e-01,3.139067019841586259e-02,9.851870995674638642e-01,-1.144433192495086793e-01,0.000000000000000000e+00,0.000000000000000000e+00,0.000000000000000000e+00,1.000000000000000000e+00
3.011004619403440663e-01,9.499144106257561004e-01,-8.367272139015349830e-02,2.211168515213862706e-01,-9.386000948831342283e-01,3.107214836246971479e-01,1.499400596886600878e-01,-3.917927905008647405e-02,1.684291355576086613e-01,3.338820300030979904e-02,9.851481381983763219e-01,-1.141087964744798011e-01,0.000000000000000000e+00,0.000000000000000000e+00,0.000000000000000000e+00,1.000000000000000000e+00
3.010001441879041617e-01,9.499469463280759696e-01,-8.366428366288897189e-02,2.211385030981692368e-01,-9.387055379256906695e-01,3.106065798075608453e-01,1.495174426208827900e-01,-3.912680790459877045e-02,1.680203150410704560e-01,3.353135461344734780e-02,9.852130845615514332e-01,-1.141117854214683813e-01,0.000000000000000000e+00,0.000000000000000000e+00,0.000000000000000000e+00,1.000000000000000000e+00
3.013965538974400782e-01,9.499835744743879706e-01,-8.180052278324534409e-02,2.210527129273389679e-01,-9.384956634109752338e-01,3.107193243718233133e-01,1.505967835669501653e-01,-3.926997223318814956e-02,1.684814739297490482e-01,3.138008430170904223e-02,9.852051985508789578e-01,-1.141903409576408013e-01,0.000000000000000000e+00,0.000000000000000000e+00,0.000000000000000000e+00,1.000000000000000000e+00
3.012390875367949028e-01,9.500051362493159290e-01,-8.212949068342184633e-02,2.210655637417575092e-01,-9.384295590398771258e-01,3.106379334755828281e-01,1.511755172183698037e-01,-3.927097893178649324e-02,1.691300530958984583e-01,3.153276686144851348e-02,9.850891887305639472e-01,-1.143145364441831013e-01,0.000000000000000000e+00,0.000000000000000000e+00,0.000000000000000000e+00,1.000000000000000000e+00
3.010536433787106003e-01,9.499296395227655454e-01,-8.366829605383986623e-02,2.211511597871699819e-01,-9.386803139920664174e-01,3.106616191956276807e-01,1.495614471797679368e-01,-3.910671637607227025e-02,1.680653799334051457e-01,3.351176382853784247e-02,9.852060646143733225e-01,-1.141436293119320045e-01,0.000000000000000000e+00,0.000000000000000000e+00,0.000000000000000000e+00,1.000000000000000000e+00
3.010537072871588560e-01,9.499482059578469029e-01,-8.345700285851194444e-02,2.211013835971848418e-01,-9.386720963544800123e-01,3.106300311081253707e-01,1.496785866423480660e-01,-3.914244444651190924e-02,1.681111562453351804e-01,3.327746641848013109e-02,9.852061963744560558e-01,-1.142355246559920712e-01,0.000000000000000000e+00,0.000000000000000000e+00,0.000000000000000000e+00,1.000000000000000000e+00
3.009914002722789972e-01,9.499567107919495434e-01,-8.358483465003124779e-02,2.211542147707418193e-01,-9.385421622276228781e-01,3.106182863653140780e-01,1.505154141494292608e-01,-3.921761964707501380e-02,1.689461058540007166e-01,3.314404617447991308e-02,9.850678583325884752e-01,-1.141017380056765784e-01,0.000000000000000000e+00,0.000000000000000000e+00,0.000000000000000000e+00,1.000000000000000000e+00
3.011252159705447573e-01,9.499768294283605918e-01,-8.287115213349210974e-02,2.211221464040862283e-01,-9.386556070152061171e-01,3.106069824263070212e-01,1.498297496725498335e-01,-3.915537828198648040e-02,1.680751490423492145e-01,3.266995588095331082e-02,9.852326721425396228e-01,-1.141133741115112343e-01,0.000000000000000000e+00,0.000000000000000000e+00,0.000000000000000000e+00,1.000000000000000000e+00
3.010349072973793616e-01,9.499712478590019993e-01,-8.326231338167927598e-02,2.211366183616646497e-01,-9.385568363931510172e-01,3.106045324869286528e-01,1.504522823298351797e-01,-3.917994342129188512e-02,1.687869943098050385e-01,3.285502457444294810e-02,9.851048156983471804e-01,-1.142095302954657665e-01,0.000000000000000000e+00,0.000000000000000000e+00,0.000000000000000000e+00,1.000000000000000000e+00
3.008601014896102321e-01,9.499619957344177523e-01,-8.399646416334119459e-02,2.212094896557296186e-01,-9.387556877419219736e-01,3.105195752118329877e-01,1.493832391617401778e-01,-3.907715189969832026e-02,1.679909463746551979e-01,3.390870198849921247e-02,9.852051775470949124e-01,-1.140980719677928690e-01,0.000000000000000000e+00,0.000000000000000000e+00,0.000000000000000000e+00,1.000000000000000000e+00
3.010237651064423536e-01,9.500280738851576423e-01,-8.265199133232586926e-02,2.211068367267174928e-01,-9.385571514061854526e-01,3.104974383001827265e-01,1.506712127558911263e-01,-3.917498014982107035e-02,1.688051136235161342e-01,3.221800178598432929e-02,9.851227507145847717e-01,-1.141677582977853600e-01,0.000000000000000000e+00,0.000000000000000000e+00,0.000000000000000000e+00,1.000000000000000000e+00
3.013256893545551152e-01,9.499625846397460327e-01,-8.230380744276283300e-02,2.210235212660065507e-01,-9.386549008927150828e-01,3.107031226806218904e-01,1.496347105005975398e-01,-3.916535746899080239e-02,1.677194263199388025e-01,3.216608992531781036e-02,9.853098683631595911e-01,-1.143593290758084802e-01,0.000000000000000000e+00,0.000000000000000000e+00,0.000000000000000000e+00,1.000000000000000000e+00
3.011218556643245337e-01,9.500393022052324721e-01,-8.216417897520165992e-02,2.210957680822178695e-01,-9.385553534856048152e-01,3.105112467485423022e-01,1.506539547644780708e-01,-3.915018273102918722e-02,1.686400797105636062e-01,3.175043162007605557e-02,9.851661959320132667e-01,-1.142719033955912344e-01,0.000000000000000000e+00,0.000000000000000000e+00,0.000000000000000000e+00,1.000000000000000000e+00
3.009774150986757046e-01,9.499391496324895989e-01,-8.383440580109116635e-02,2.211218549929508947e-01,-9.384952322973276750e-01,3.106541624881997699e-01,1.507338392131640781e-01,-3.924467783172924662e-02,1.692314821648273349e-01,3.331070885252597480e-02,9.850132497180117408e-01,-1.142240014272171145e-01,0.000000000000000000e+00,0.000000000000000000e+00,0.000000000000000000e+00,1.000000000000000000e+00
3.012052124225607641e-01,9.499922515311534088e-01,-8.240231817279126958e-02,2.211037962752351871e-01,-9.387377791557209861e-01,3.105912065377448017e-01,1.493468593818193246e-01,-3.908600978625378919e-02,1.674717946260354529e-01,3.237011665406599320e-02,9.853453067592788939e-01,-1.142423090728974522e-01,0.000000000000000000e+00,0.000000000000000000e+00,0.000000000000000000e+00,1.000000000000000000e+00
3.012298604434641702e-01,9.500149831899226127e-01,-8.204939300117898571e-02,2.210231149675104256e-01,-9.385052716047518340e-01,3.106025083808386378e-01,1.507777734204279185e-01,-3.909067183197709183e-02,1.687258911587132260e-01,3.158502021816476935e-02,9.851568200801921193e-01,-1.143619561343467428e-01,0.000000000000000000e+00,0.000000000000000000e+00,0.000000000000000000e+00,1.000000000000000000e+00
3.009437693181880591e-01,9.499525942717501614e-01,-8.380284210534108547e-02,2.211353568281303472e-01,-9.386353838335379507e-01,3.105903677874011781e-01,1.499907985622910001e-01,-3.914155449853162771e-02,1.685125037622672572e-01,3.352151658350729230e-02,9.851293539437923075e-01,-1.141135619771289633e-01,0.000000000000000000e+00,0.000000000000000000e+00,0.000000000000000000e+00,1.000000000000000000e+00
3.009235060670280570e-01,9.499243411573674578e-01,-8.419494980739072876e-02,2.210422203306992572e-01,-9.383707675144086213e-01,3.106862071713105133e-01,1.514410226719484220e-01,-3.928812354871685786e-02,1.700157233044856109e-01,3.343391616677933442e-02,9.848740158411154466e-01,-1.141218848081564374e-01,0.000000000000000000e+00,0.000000000000000000e+00,0.000000000000000000e+00,1.000000000000000000e+00
3.013074750006602409e-01,9.500522751148576805e-01,-8.132945381477273139e-02,2.209962685808916638e-01,-9.386573344122064455e-01,3.105321472937725424e-01,1.499739779138036244e-01,-3.909999800625116317e-02,1.677385288563656429e-01,3.115220772596227761e-02,9.853391933191841812e-01,-1.145609972108418972e-01,0.000000000000000000e+00,0.000000000000000000e+00,0.000000000000000000e+00,1.000000000000000000e+00
3.012003131815647050e-01,9.500662315217924814e-01,-8.156302508678300867e-02,2.211659066377456573e-01,-9.386027203283042741e-01,3.104798490718269077e-01,1.504233915075793571e-01,-3.921028781403831931e-02,1.682358604211191544e-01,3.124770459274425066e-02,9.852513771754141114e-01,-1.141664738349046360e-01,0.000000000000000000e+00,0.000000000000000000e+00,0.000000000000000000e+00,1.000000000000000000e+00
3.010715285500428773e-01,9.500075100734951539e-01,-8.271436090848405254e-02,2.210954389591306413e-01,-9.386824198508311179e-01,3.105274097749861073e-01,1.498267080377393701e-01,-3.908959399122635681e-02,1.680215740895462107e-01,3.253396044744760740e-02,9.852463103498916297e-01,-1.142926408619320267e-01,0.000000000000000000e+00,0.000000000000000000e+00,0.000000000000000000e+00,1.000000000000000000e+00
3.014530723006232371e-01,9.499695668050928132e-01,-8.175492244910614881e-02,2.209429536037800235e-01,-9.385859384606561884e-01,3.107476083948604861e-01,1.499745311738082121e-01,-3.914672890593237642e-02,1.678763870365465316e-01,3.152373742148235902e-02,9.853038986295228341e-01,-1.145290325032621848e-01,0.000000000000000000e+00,0.000000000000000000e+00,0.000000000000000000e+00,1.000000000000000000e+00
3.015603511993020791e-01,9.500181363586125416e-01,-8.078920208952705684e-02,2.210152741661674525e-01,-9.387647753144158225e-01,3.106617162441977498e-01,1.490301804638383409e-01,-3.904194332412996848e-02,1.666794864805751786e-01,3.090046358743534644e-02,9.855268185780909906e-01,-1.145256517262454032e-01,0.000000000000000000e+00,0.000000000000000000e+00,0.000000000000000000e+00,1.000000000000000000e+00
3.009430238641168653e-01,9.498843434684308695e-01,-8.457558998357628255e-02,2.211263897169156167e-01,-9.386957849092248951e-01,3.106992591813435567e-01,1.493860560354242084e-01,-3.913498721493971488e-02,1.681770489132693447e-01,3.443405839735893398e-02,9.851552039354567469e-01,-1.142422562276665943e-01,0.000000000000000000e+00,0.000000000000000000e+00,0.000000000000000000e+00,1.000000000000000000e+00
3.011377620187593029e-01,9.500063969272826148e-01,-8.248572048285621183e-02,2.210392311219002703e-01,-9.383497508751063032e-01,3.106157133282366756e-01,1.517156012617596472e-01,-3.920377302245892093e-02,1.697521526195164554e-01,3.171315863854500677e-02,9.849763866459984030e-01,-1.144045672357887344e-01,0.000000000000000000e+00,0.000000000000000000e+00,0.000000000000000000e+00,1.000000000000000000e+00
3.012253428740550021e-01,9.499556769860113548e-01,-8.274964998389570947e-02,2.211033590681136252e-01,-9.386819540390500816e-01,3.106752841234914353e-01,1.495227641405110497e-01,-3.917936634282626063e-02,1.677482696537850870e-01,3.263555724722877471e-02,9.852895201063107677e-01,-1.142089012783842339e-01,0.000000000000000000e+00,0.000000000000000000e+00,0.000000000000000000e+00,1.000000000000000000e+00
3.011960860665819917e-01,9.499827492762564773e-01,-8.254510170626358501e-02,2.210475156175638056e-01,-9.384374397963561876e-01,3.106627309744908194e-01,1.510756074683523575e-01,-3.929595136100882957e-02,1.691629076560008660e-01,3.196003224335679238e-02,9.850697777377859232e-01,-1.141961955105144089e-01,0.000000000000000000e+00,0.000000000000000000e+00,0.000000000000000000e+00,1.000000000000000000e+00
3.013846413091829657e-01,9.499469747496004368e-01,-8.226811743936682242e-02,2.210636561715422221e-01,-9.386174458295103440e-01,3.107592278137749631e-01,1.497531058545124583e-01,-3.923175147738616753e-02,1.678230865150013573e-01,3.208500417124233312e-02,9.852948615211133410e-01,-1.142150534104913184e-01,0.000000000000000000e+00,0.000000000000000000e+00,0.000000000000000000e+00,1.000000000000000000e+00
3.011880105402515162e-01,9.499863863421683652e-01,-8.253270909981125225e-02,2.211215151114885313e-01,-9.387477930056299380e-01,3.105938517524497455e-01,1.492783989083370788e-01,-3.903339502774424985e-02,1.674465987527506416e-01,3.251653453438737434e-02,9.853447678594582371e-01,-1.142165657091973596e-01,0.000000000000000000e+00,0.000000000000000000e+00,0.000000000000000000e+00,1.000000000000000000e+00
3.012711316327528754e-01,9.500509138050474700e-01,-8.147985286507859748e-02,2.210033317458091062e-01,-9.386067278446323936e-01,3.105316091686965985e-01,1.502914839633046895e-01,-3.910007498028075790e-02,1.680866315014757362e-01,3.119905263456296263e-02,9.852783887943513674e-01,-1.144438003826491190e-01,0.000000000000000000e+00,0.000000000000000000e+00,0.000000000000000000e+00,1.000000000000000000e+00
3.013921194554970429e-01,9.499690409145451486e-01,-8.198543549937681307e-02,2.210228324613238704e-01,-9.384920910598233412e-01,3.107451923073709654e-01,1.505656683178978050e-01,-3.924423613069491501e-02,1.685093034472683327e-01,3.156337690669579893e-02,9.851945837701110431e-01,-1.144176731498658395e-01,0.000000000000000000e+00,0.000000000000000000e+00,0.000000000000000000e+00,1.000000000000000000e+00
3.010617956351339108e-01,9.499468880610223431e-01,-8.344282516866585730e-02,2.210182529777486860e-01,-9.384924561897970419e-01,3.106705350247149777e-01,1.507173790320785189e-01,-3.925340949586370032e-02,1.690967323273597223e-01,3.293521717913839436e-02,9.850490173517114645e-01,-1.142565219164508594e-01,0.000000000000000000e+00,0.000000000000000000e+00,0.000000000000000000e+00,1.000000000000000000e+00
3.011310482856294768e-01,9.499550331104194001e-01,-8.309949955673401334e-02,2.210452374485726845e-01,-9.384993753736394773e-01,3.106787578135210004e-01,1.506573326019538528e-01,-3.919366064963841767e-02,1.689349406774279250e-01,3.262122792951379496e-02,9.850872252276364760e-01,-1.143470683615799288e-01,0.000000000000000000e+00,0.000000000000000000e+00,0.000000000000000000e+00,1.000000000000000000e+00
3.008533155510028090e-01,9.498927251726396737e-01,-8.480031359650164191e-02,2.211471045356654397e-01,-9.385173826015253962e-01,3.106884007340335874e-01,1.505252145127552454e-01,-3.924926530864147889e-02,1.693292800337588555e-01,3.430055850018889907e-02,9.849624696453282979e-01,-1.139767860045954873e-01,0.000000000000000000e+00,0.000000000000000000e+00,0.000000000000000000e+00,1.000000000000000000e+00
3.013690439100827900e-01,9.499901636155274609e-01,-8.182535307877589204e-02,2.209490018866261396e-01,-9.385416240964032930e-01,3.106891802079529974e-01,1.503723815738658154e-01,-3.921685731155663546e-02,1.682745352428844654e-01,3.147891890541783949e-02,9.852374122278030333e-01,-1.144328744753655425e-01,0.000000000000000000e+00,0.000000000000000000e+00,0.000000000000000000e+00,1.000000000000000000e+00
3.010219368973165444e-01,9.500301905178228923e-01,-8.263431860466602386e-02,2.210963964232392498e-01,-9.383725197908959759e-01,3.105278692930230622e-01,1.517545929901961133e-01,-3.931664108788418543e-02,1.698317037772184013e-01,3.186031225529140087e-02,9.849579244288169111e-01,-1.141422425514397876e-01,0.000000000000000000e+00,0.000000000000000000e+00,0.000000000000000000e+00,1.000000000000000000e+00
3.010400802549695887e-01,9.499530907506730237e-01,-8.345055693837620525e-02,2.210835568944716778e-01,-9.385146714477394791e-01,3.106473614073654299e-01,1.506267848955933353e-01,-3.918577786130775231e-02,1.690120751822873357e-01,3.297487261363356292e-02,9.850622194657003838e-01,-1.141705717930376895e-01,0.000000000000000000e+00,0.000000000000000000e+00,0.000000000000000000e+00,1.000000000000000000e+00
3.010118262780606679e-01,9.500582418909292448e-01,-8.234814785933913805e-02,2.211400680714775691e-01,-9.384793471640274776e-01,3.104528260032917153e-01,1.512466785524600454e-01,-3.916525790400171569e-02,1.692583687364614398e-01,3.175499711363263117e-02,9.850600107460385502e-01,-1.140926902349630456e-01,0.000000000000000000e+00,0.000000000000000000e+00,0.000000000000000000e+00,1.000000000000000000e+00
3.010603461777262013e-01,9.499999171675034271e-01,-8.284217127214998921e-02,2.210539159513509322e-01,-9.383980595475399644e-01,3.105917965892088239e-01,1.514655661492041727e-01,-3.921498804799330995e-02,1.696223741042409694e-01,3.213865699160581985e-02,9.849849526414180545e-01,-1.143364478955519736e-01,0.000000000000000000e+00,0.000000000000000000e+00,0.000000000000000000e+00,1.000000000000000000e+00
3.012812800006803848e-01,9.500128762193393861e-01,-8.188482972205507471e-02,2.210062946303797404e-01,-9.385196871073673286e-01,3.106213611958888454e-01,1.506491516096341854e-01,-3.920293446307074325e-02,1.685538110902302100e-01,3.146275554161603871e-02,9.851901886339954340e-01,-1.143429183844297814e-01,0.000000000000000000e+00,0.000000000000000000e+00,0.000000000000000000e+00,1.000000000000000000e+00
3.012890030175175982e-01,9.500118541836841679e-01,-8.186826962375977346e-02,2.210649360647187756e-01,-9.385268455162911749e-01,3.106245573914153679e-01,1.505979567943308561e-01,-3.913543592109264280e-02,1.685001391867380627e-01,3.146206057882532103e-02,9.851993919193131610e-01,-1.143161032181616577e-01,0.000000000000000000e+00,0.000000000000000000e+00,0.000000000000000000e+00,1.000000000000000000e+00
3.011021144336381572e-01,9.500352396954810930e-01,-8.228341278983461460e-02,2.210386663644766658e-01,-9.383578812419687276e-01,3.105488424124562274e-01,1.518021843959005968e-01,-3.931974402567608995e-02,1.697704432304864286e-01,3.150333018957680170e-02,9.849799677111666929e-01,-1.142740158524779837e-01,0.000000000000000000e+00,0.000000000000000000e+00,0.000000000000000000e+00,1.000000000000000000e+00
3.012377549401397125e-01,9.499999883730908534e-01,-8.219389934631174399e-02,2.210907598479349701e-01,-9.386332549191388486e-01,3.106085359715488048e-01,1.499664967301503338e-01,-3.914997074737644467e-02,1.679982968917466957e-01,3.197435648669639391e-02,9.852685993010912302e-01,-1.142070078816075362e-01,0.000000000000000000e+00,0.000000000000000000e+00,0.000000000000000000e+00,1.000000000000000000e+00
3.011258350303475662e-01,9.500320451948269795e-01,-8.223347603142074080e-02,2.211041242136905227e-01,-9.385844143204919998e-01,3.105204291534062189e-01,1.504538476511767808e-01,-3.914191455086352134e-02,1.684711508595315155e-01,3.187751843099993071e-02,9.851909942476870796e-01,-1.142542290049637366e-01,0.000000000000000000e+00,0.000000000000000000e+00,0.000000000000000000e+00,1.000000000000000000e+00
3.010925822917036032e-01,9.499965870392370615e-01,-8.276316513229307892e-02,2.210984447720204527e-01,-9.384070906260868483e-01,3.106073400648403093e-01,1.513777148741782264e-01,-3.924790161708055503e-02,1.695151590613567238e-01,3.208683392991800581e-02,9.850050994470824772e-01,-1.141709166939590681e-01,0.000000000000000000e+00,0.000000000000000000e+00,0.000000000000000000e+00,1.000000000000000000e+00
3.011347171557425817e-01,9.500216807723090851e-01,-8.232064252717882780e-02,2.210932585122544758e-01,-9.384321828201190874e-01,3.105711503940240537e-01,1.512963938446616752e-01,-3.927075740127378145e-02,1.693012710259358677e-01,3.169174349083912073e-02,9.850546751442343929e-01,-1.141577460320868376e-01,0.000000000000000000e+00,0.000000000000000000e+00,0.000000000000000000e+00,1.000000000000000000e+00
3.010980976278056498e-01,9.499592139455573792e-01,-8.317107336601770040e-02,2.210845703175933208e-01,-9.386282746440616220e-01,3.106345681770094624e-01,1.499437464257687980e-01,-3.910857869523703956e-02,1.682762539505465726e-01,3.291894429385478632e-02,9.851900555034798224e-01,-1.142556485335730621e-01,0.000000000000000000e+00,0.000000000000000000e+00,0.000000000000000000e+00,1.000000000000000000e+00
3.011190899724028314e-01,9.500550529414880652e-01,-8.199201201664964300e-02,2.210473889358273158e-01,-9.382663702710324349e-01,3.105347684629451988e-01,1.523954592305400702e-01,-3.925461210915620613e-02,1.702454465547144635e-01,3.104116550665408231e-02,9.849126529654164131e-01,-1.142909488900165638e-01,0.000000000000000000e+00,0.000000000000000000e+00,0.000000000000000000e+00,1.000000000000000000e+00
3.010235556322458650e-01,9.500166773342011428e-01,-8.278364416600991760e-02,2.210655108759808085e-01,-9.385246994575240365e-01,3.105243322235600734e-01,1.508178623548160069e-01,-3.915176787412474879e-02,1.689858203006522341e-01,3.229476558200172764e-02,9.850892551709815592e-01,-1.143255353043917122e-01,0.000000000000000000e+00,0.000000000000000000e+00,0.000000000000000000e+00,1.000000000000000000e+00
3.010759725630212102e-01,9.500033053603117450e-01,-8.274647152424760566e-02,2.210379310007465903e-01,-9.384388670763007534e-01,3.105832822757267353e-01,1.512300153123881108e-01,-3.920824400032224544e-02,1.693686851391950354e-01,3.212078105087846913e-02,9.850291893740518168e-01,-1.142512980988914517e-01,0.000000000000000000e+00,0.000000000000000000e+00,0.000000000000000000e+00,1.000000000000000000e+00
3.010883831979209169e-01,9.500513361624234321e-01,-8.214769722430306786e-02,2.210644937545219735e-01,-9.384849708847924354e-01,3.104908142743855737e-01,1.511337608696325940e-01,-3.911972315116121757e-02,1.690909368553862036e-01,3.158975953094393663e-02,9.850940778251308094e-01,-1.143330816043486298e-01,0.000000000000000000e+00,0.000000000000000000e+00,0.000000000000000000e+00,1.000000000000000000e+00
3.009148914354605187e-01,9.499426338356479205e-01,-8.401916765701303302e-02,2.210933821791133402e-01,-9.383824860073911589e-01,3.106479267425265589e-01,1.514469397682177698e-01,-3.925424202583005506e-02,1.699662850890533428e-01,3.326947597967373077e-02,9.848881174534824812e-01,-1.141989118922324131e-01,0.000000000000000000e+00,0.000000000000000000e+00,0.000000000000000000e+00,1.000000000000000000e+00
3.013538824228373381e-01,9.499594824602380916e-01,-8.223636198519085339e-02,2.210964276095696568e-01,-9.386691378943651243e-01,3.107158622442548479e-01,1.495189035355010410e-01,-3.919259951659331831e-02,1.675890423426660836e-01,3.213463293217910799e-02,9.853330798531947377e-01,-1.142351820469986734e-01,0.000000000000000000e+00,0.000000000000000000e+00,0.000000000000000000e+00,1.000000000000000000e+00
3.010511440433910613e-01,9.499733300042054740e-01,-8.317981095726723062e-02,2.210655361486313919e-01,-9.383932695079122421e-01,3.106380135546965571e-01,1.514004500556164201e-01,-3.927614974060544828e-02,1.696652009470899780e-01,3.247609606331243459e-02,9.849665084519728664e-01,-1.142404867206667785e-01,0.000000000000000000e+00,0.000000000000000000e+00,0.000000000000000000e+00,1.000000000000000000e+00
3.011796306221743991e-01,9.499941906533603264e-01,-8.247343707617513231e-02,2.211169589556980508e-01,-9.387578359791325378e-01,3.105748404920589123e-01,1.492547950355649911e-01,-3.911340300859308949e-02,1.674053627757096652e-01,3.247008127799150962e-02,9.853533063504349432e-01,-1.142887894666926307e-01,0.000000000000000000e+00,0.000000000000000000e+00,0.000000000000000000e+00,1.000000000000000000e+00
3.009682058216242018e-01,9.499886121215836976e-01,-8.330531750026554105e-02,2.211760606296425680e-01,-9.385849442783267271e-01,3.105442136834741795e-01,1.504014418872483827e-01,-3.920095835410233875e-02,1.687496413583242094e-01,3.292306466628461270e-02,9.851089433937837425e-01,-1.141199225200466572e-01,0.000000000000000000e+00,0.000000000000000000e+00,0.000000000000000000e+00,1.000000000000000000e+00
3.011692955273825856e-01,9.500244068723541213e-01,-8.216253269204967791e-02,2.211043227112919896e-01,-9.386851532453076574e-01,3.105303220375540407e-01,1.498035452587371252e-01,-3.910772595063669033e-02,1.678309819680907922e-01,3.200852139798103513e-02,9.852960042796995443e-01,-1.142256053715009489e-01,0.000000000000000000e+00,0.000000000000000000e+00,0.000000000000000000e+00,1.000000000000000000e+00
3.011010344472514477e-01,9.502064089485547926e-01,-8.028665796934672527e-02,2.210245130426354288e-01,-9.382055087288109219e-01,3.102543538288740077e-01,1.533383817611913835e-01,-3.925013024574913745e-02,1.706123982766437341e-01,2.915503941550470074e-02,9.849067941845930374e-01,-1.144189329177187631e-01,0.000000000000000000e+00,0.000000000000000000e+00,0.000000000000000000e+00,1.000000000000000000e+00
3.010743603619813746e-01,9.500414979767306534e-01,-8.231270652064483218e-02,2.210634816069962927e-01,-9.384756420910986829e-01,3.105058187711025597e-01,1.511608603805484341e-01,-3.916151772268566811e-02,1.691676645648459432e-01,3.173781075337792773e-02,9.850761456020843410e-01,-1.143938887538722415e-01,0.000000000000000000e+00,0.000000000000000000e+00,0.000000000000000000e+00,1.000000000000000000e+00
