T00,T01,T02,T03,T10,T11,T12,T13,T20,T21,T22,T23,T30,T31,T32,T33
9.629967834742750865e-01,1.085858566785417312e-01,2.466704415765856029e-01,-1.096132736206054670e-01,1.114170394947890663e-01,-9.937706091213308612e-01,2.493944032190881580e-03,-1.444142761230468863e-01,2.454046420270349083e-01,2.508163025017081521e-02,-9.690962147772411717e-01,1.933339965820312534e+00,0.000000000000000000e+00,0.000000000000000000e+00,0.000000000000000000e+00,1.000000000000000000e+00
9.630000854265912125e-01,1.085787101381185116e-01,2.466606964498413157e-01,-1.096139984130859446e-01,1.114462064294754196e-01,-9.937676927423730877e-01,2.348602558836988818e-03,-1.444125061035156365e-01,2.453784394376512246e-01,2.522769442979405294e-02,-9.690990583489904608e-01,1.933350463867187452e+00,0.000000000000000000e+00,0.000000000000000000e+00,0.000000000000000000e+00,1.000000000000000000e+00
9.630063359211735730e-01,1.088328646696162944e-01,2.465242473743330387e-01,-1.096019592285156219e-01,1.114437217446527656e-01,-9.937649982141680827e-01,3.380119538675015189e-03,-1.444267120361328038e-01,2.453550363440228366e-01,2.421850309578011534e-02,-9.691307291838513471e-01,1.933321289062500004e+00,0.000000000000000000e+00,0.000000000000000000e+00,0.000000000000000000e+00,1.000000000000000000e+00
9.630920635940456442e-01,1.089596370969903028e-01,2.461330423284431301e-01,-1.096097030639648501e-01,1.114356940439151511e-01,-9.937640352874543836e-01,3.889506671336175059e-03,-1.444549713134765656e-01,2.450219645972865345e-01,2.368205339255043465e-02,-9.692282482532166288e-01,1.933328979492187516e+00,0.000000000000000000e+00,0.000000000000000000e+00,0.000000000000000000e+00,1.000000000000000000e+00
9.629547644127128825e-01,1.088136069613444695e-01,2.467341091841966372e-01,-1.096064453125000088e-01,1.114681282563110970e-01,-9.937627707576300873e-01,3.226738159907030154e-03,-1.444538421630859326e-01,2.455462850012021803e-01,2.439578644315591044e-02,-9.690778438938373318e-01,1.933361206054687642e+00,0.000000000000000000e+00,0.000000000000000000e+00,0.000000000000000000e+00,1.000000000000000000e+00
9.631514139243965156e-01,1.085904847080024216e-01,2.460639357693787388e-01,-1.096116714477539111e-01,1.114867249153854434e-01,-9.937635477009331142e-01,2.172884832809389086e-03,-1.444490203857421995e-01,2.447653243886417362e-01,2.534004521970255330e-02,-9.692511635717476759e-01,1.933327514648437440e+00,0.000000000000000000e+00,0.000000000000000000e+00,0.000000000000000000e+00,1.000000000000000000e+00
9.628658674275337725e-01,1.083078458309990888e-01,2.473029152162824762e-01,-1.096069564819335956e-01,1.113947763801600987e-01,-9.937750748658943367e-01,1.518015316388473743e-03,-1.444247894287109535e-01,2.459278860524714838e-01,2.608660780429680748e-02,-9.689370277551724309e-01,1.933311645507812537e+00,0.000000000000000000e+00,0.000000000000000000e+00,0.000000000000000000e+00,1.000000000000000000e+00
9.630928106135208111e-01,1.087918881206611371e-01,2.462043119518641521e-01,-1.096147689819335913e-01,1.113923244573550991e-01,-9.937707489719482812e-01,3.383569080209052407e-03,-1.444334106445312460e-01,2.450387483573498448e-01,2.416657954437837624e-02,-9.692120450327621484e-01,1.933357666015625087e+00,0.000000000000000000e+00,0.000000000000000000e+00,0.000000000000000000e+00,1.000000000000000000e+00
9.632072074309508958e-01,1.085628960253571945e-01,2.458576278248387481e-01,-1.096156234741210989e-01,1.114818659418076313e-01,-9.937643388489224572e-01,2.057279343488970305e-03,-1.444374389648437618e-01,2.445478871697775725e-01,2.542708081459211372e-02,-9.693037678880888075e-01,1.933345581054687568e+00,0.000000000000000000e+00,0.000000000000000000e+00,0.000000000000000000e+00,1.000000000000000000e+00
9.629615079135795952e-01,1.084812133626500558e-01,2.468541282299578088e-01,-1.096073455810546854e-01,1.114261834734420892e-01,-9.937705966463383778e-01,2.051067459592291475e-03,-1.444411773681640587e-01,2.455388765824020603e-01,2.553091436960640975e-02,-9.690504798503036810e-01,1.933322631835937555e+00,0.000000000000000000e+00,0.000000000000000000e+00,0.000000000000000000e+00,1.000000000000000000e+00
9.630717924018905585e-01,1.090204255566658148e-01,2.461854372038558836e-01,-1.096101837158203196e-01,1.114256922767947328e-01,-9.937639675455096633e-01,4.182332942810595630e-03,-1.444352874755859273e-01,2.451061765448745988e-01,2.340349588525094532e-02,-9.692137218384302422e-01,1.933287353515624973e+00,0.000000000000000000e+00,0.000000000000000000e+00,0.000000000000000000e+00,1.000000000000000000e+00
9.630683141098986821e-01,1.087092133288179718e-01,2.463366178523754557e-01,-1.096114273071289030e-01,1.115159924612738052e-01,-9.937593142076420749e-01,2.570768549346453061e-03,-1.444343261718750160e-01,2.450787746478565177e-01,2.499464668657534749e-02,-9.691809231790101675e-01,1.933321166992187479e+00,0.000000000000000000e+00,0.000000000000000000e+00,0.000000000000000000e+00,1.000000000000000000e+00
9.630837088573263038e-01,1.089421437836955164e-01,2.461734734723248219e-01,-1.096119461059570366e-01,1.114291488732480073e-01,-9.937649306615334854e-01,3.848034389320997492e-03,-1.444267578125000007e-01,2.450577779116597243e-01,2.372492139271444728e-02,-9.692181455120973954e-01,1.933324707031250034e+00,0.000000000000000000e+00,0.000000000000000000e+00,0.000000000000000000e+00,1.000000000000000000e+00
9.631328049270042602e-01,1.089690471924299464e-01,2.459694022178669781e-01,-1.096084747314453184e-01,1.114323967008139793e-01,-9.937642667849573286e-01,3.924669013879517748e-03,-1.444257049560546957e-01,2.448632700895609637e-01,2.362898252845554645e-02,-9.692696477996805005e-01,1.933320678710937601e+00,0.000000000000000000e+00,0.000000000000000000e+00,0.000000000000000000e+00,1.000000000000000000e+00
9.629385713832396831e-01,1.086923464583343935e-01,2.468507272903740779e-01,-1.096152648925781264e-01,1.114257065183258955e-01,-9.937684992281665686e-01,2.912364793304178176e-03,-1.444294891357421895e-01,2.456290285558633546e-01,2.470108829948135243e-02,-9.690491404296914801e-01,1.933339111328125082e+00,0.000000000000000000e+00,0.000000000000000000e+00,0.000000000000000000e+00,1.000000000000000000e+00
9.630337342873044326e-01,1.086673212081722406e-01,2.464902430646902232e-01,-1.096129150390625084e-01,1.113862636872179901e-01,-9.937728728073403905e-01,2.928742741845414763e-03,-1.444374237060546962e-01,2.452735755976409304e-01,2.463514915088380747e-02,-9.691408476273520867e-01,1.933331909179687447e+00,0.000000000000000000e+00,0.000000000000000000e+00,0.000000000000000000e+00,1.000000000000000000e+00
9.630571648746647506e-01,1.087925430181695408e-01,2.463434183557833279e-01,-1.096123046875000090e-01,1.114184640341845944e-01,-9.937681093945430755e-01,3.297062732019748546e-03,-1.444419860839843694e-01,2.451669289603226054e-01,2.427194541101907604e-02,-9.691769960178217014e-01,1.933328247070312589e+00,0.000000000000000000e+00,0.000000000000000000e+00,0.000000000000000000e+00,1.000000000000000000e+00
9.630296517322899374e-01,1.086918063587146432e-01,2.464953977559499187e-01,-1.096106567382812563e-01,1.114463497216845178e-01,-9.937665307167885542e-01,2.791694974416140604e-03,-1.444378662109375155e-01,2.452623106351570215e-01,2.478252726414056223e-02,-9.691399410427298244e-01,1.933335449218750002e+00,0.000000000000000000e+00,0.000000000000000000e+00,0.000000000000000000e+00,1.000000000000000000e+00
9.629507809742869906e-01,1.086717387451915651e-01,2.468121687014387666e-01,-1.096105575561523438e-01,1.114111179139203323e-01,-9.937702233539085217e-01,2.882009766297674233e-03,-1.444277648925781365e-01,2.455877770292755613e-01,2.472238607455452819e-02,-9.690590525868891802e-01,1.933322021484374931e+00,0.000000000000000000e+00,0.000000000000000000e+00,0.000000000000000000e+00,1.000000000000000000e+00
9.629937788903421003e-01,1.086199952195874008e-01,2.466671410159765321e-01,-1.096176757812500069e-01,1.114518974823251185e-01,-9.937666975749298581e-01,2.495062846376008489e-03,-1.444302673339843690e-01,2.454006038421424618e-01,2.508879091377032300e-02,-9.690970520048015624e-01,1.933341674804687438e+00,0.000000000000000000e+00,0.000000000000000000e+00,0.000000000000000000e+00,1.000000000000000000e+00
9.630063295105658616e-01,1.084790000289013595e-01,2.466801894666805217e-01,-1.096196060180664039e-01,1.114711932221666008e-01,-9.937659517489206840e-01,1.845596431699368656e-03,-1.444418487548828067e-01,2.453425817183274571e-01,2.572041401867239743e-02,-9.690951851590711152e-01,1.933361816406250044e+00,0.000000000000000000e+00,0.000000000000000000e+00,0.000000000000000000e+00,1.000000000000000000e+00
9.630614461319825237e-01,1.087356004293192763e-01,2.463518219405938514e-01,-1.096245117187499979e-01,1.114117192092878711e-01,-9.937695238262468367e-01,3.092302861239612510e-03,-1.444378814697265534e-01,2.451531761919584773e-01,2.446840234731843811e-02,-9.691755349210814385e-01,1.933397094726562626e+00,0.000000000000000000e+00,0.000000000000000000e+00,0.000000000000000000e+00,1.000000000000000000e+00
9.630747172930043121e-01,1.087592186011872991e-01,2.462895070445744738e-01,-1.096120910644531321e-01,1.114713438339819535e-01,-9.937632805712688366e-01,2.946471122575620646e-03,-1.444340209960937593e-01,2.450739243878192197e-01,2.461655047908116456e-02,-9.691918267441510526e-01,1.933343017578124989e+00,0.000000000000000000e+00,0.000000000000000000e+00,0.000000000000000000e+00,1.000000000000000000e+00
9.630399008835788255e-01,1.089563804553554255e-01,2.463384997604196602e-01,-1.096089096069335911e-01,1.114131174062304303e-01,-9.937661845735015209e-01,3.985933773996587839e-03,-1.444358825683593750e-01,2.452371639372221135e-01,2.360672692884412116e-02,-9.691756579009478401e-01,1.933314208984375115e+00,0.000000000000000000e+00,0.000000000000000000e+00,0.000000000000000000e+00,1.000000000000000000e+00
9.632496361227489423e-01,1.089760416706489626e-01,2.455083722629212151e-01,-1.096104202270507810e-01,1.115149799314092832e-01,-9.937563053700451121e-01,3.579774877776215405e-03,-1.444419403076172004e-01,2.443656026536662473e-01,2.392964435747331475e-02,-9.693878606422898780e-01,1.933300170898437642e+00,0.000000000000000000e+00,0.000000000000000000e+00,0.000000000000000000e+00,1.000000000000000000e+00
9.630980929291840242e-01,1.087048940571631456e-01,2.462220733488163227e-01,-1.096121902465820308e-01,1.114577721881191280e-01,-9.937653064259942548e-01,2.771418934655264094e-03,-1.444493103027343905e-01,2.449882209720097570e-01,2.477421546832441271e-02,-9.692094767556179713e-01,1.933327148437500087e+00,0.000000000000000000e+00,0.000000000000000000e+00,0.000000000000000000e+00,1.000000000000000000e+00
9.630331119228122683e-01,1.087128251491849829e-01,2.464726090021917004e-01,-1.096007385253906230e-01,1.114366102171046591e-01,-9.937672732175849566e-01,2.913517634616844335e-03,-1.444243316650390685e-01,2.452531493041131827e-01,2.466025810426302617e-02,-9.691453783755282769e-01,1.933308227539062507e+00,0.000000000000000000e+00,0.000000000000000000e+00,0.000000000000000000e+00,1.000000000000000000e+00
9.630357618863620850e-01,1.088735088169251880e-01,2.463913156055733411e-01,-1.096008682250976529e-01,1.113848297534773407e-01,-9.937702169440079114e-01,3.765051905130345836e-03,-1.444327697753906292e-01,2.452662655742595399e-01,2.381837511146318864e-02,-9.691631152588848774e-01,1.933292236328125080e+00,0.000000000000000000e+00,0.000000000000000000e+00,0.000000000000000000e+00,1.000000000000000000e+00
9.631708883930841791e-01,1.086763446363062380e-01,2.459497750935498439e-01,-1.096082916259765588e-01,1.114651481234212316e-01,-9.937649499853199453e-01,2.597101172143618034e-03,-1.444305877685546913e-01,2.446985094067814781e-01,2.491337586850438102e-02,-9.692790945836672334e-01,1.933341430664062610e+00,0.000000000000000000e+00,0.000000000000000000e+00,0.000000000000000000e+00,1.000000000000000000e+00
9.630417503214120378e-01,1.088768017066195776e-01,2.463664530491290749e-01,-1.096048355102539062e-01,1.114554053532269690e-01,-9.937632832622450563e-01,3.497064110172167645e-03,-1.444334106445312460e-01,2.452106844234548388e-01,2.409105414838104420e-02,-9.691704397857999753e-01,1.933312988281250089e+00,0.000000000000000000e+00,0.000000000000000000e+00,0.000000000000000000e+00,1.000000000000000000e+00
9.630609547848505425e-01,1.085619571125909927e-01,2.464303123334793677e-01,-1.096095657348632874e-01,1.114939873519462804e-01,-9.937629590225784959e-01,2.066895994783225429e-03,-1.444508819580078152e-01,2.451177026517184776e-01,2.548495129626820316e-02,-9.691583096193163716e-01,1.933353271484375080e+00,0.000000000000000000e+00,0.000000000000000000e+00,0.000000000000000000e+00,1.000000000000000000e+00
9.631641539612473268e-01,1.087471679518434015e-01,2.459448433827564617e-01,-1.096122131347656292e-01,1.114593594165285279e-01,-9.937647353449062804e-01,2.908948835227315871e-03,-1.444293670654296924e-01,2.447276521412571348e-01,2.461105945144219376e-02,-9.692794602332733822e-01,1.933348266601562448e+00,0.000000000000000000e+00,0.000000000000000000e+00,0.000000000000000000e+00,1.000000000000000000e+00
9.630064301403769012e-01,1.087497385063422028e-01,2.465605602749351977e-01,-1.095953750610351579e-01,1.114553497097280632e-01,-9.937649171215929833e-01,2.999086426932966176e-03,-1.444402923583984477e-01,2.453493846117613397e-01,2.459235395638621063e-02,-9.691227453720783203e-01,1.933281250000000062e+00,0.000000000000000000e+00,0.000000000000000000e+00,0.000000000000000000e+00,1.000000000000000000e+00
9.630375340239459847e-01,1.086366095780139651e-01,2.464889350873006313e-01,-1.096058959960937579e-01,1.114485994855124451e-01,-9.937669098897680131e-01,2.557045337838651997e-03,-1.444196929931640672e-01,2.452303360797664089e-01,2.500831596761547704e-02,-9.691422322851629412e-01,1.933318847656249950e+00,0.000000000000000000e+00,0.000000000000000000e+00,0.000000000000000000e+00,1.000000000000000000e+00
9.631634236768076285e-01,1.085701145057641204e-01,2.460259123087969180e-01,-1.096021041870117174e-01,1.114950416151045121e-01,-9.937628702887444376e-01,2.052639939811445879e-03,-1.444335784912109399e-01,2.447142721347013439e-01,2.545364161925881691e-02,-9.692610779051751280e-01,1.933318969726562475e+00,0.000000000000000000e+00,0.000000000000000000e+00,0.000000000000000000e+00,1.000000000000000000e+00
9.631695198211718267e-01,1.088195472824388249e-01,2.458918099829641712e-01,-1.096138153076171851e-01,1.113887841116801142e-01,-9.937708169980374873e-01,3.478801111651379230e-03,-1.444473114013671844e-01,2.447386664619520813e-01,2.403891454076005282e-02,-9.692910376796677330e-01,1.933356201171875011e+00,0.000000000000000000e+00,0.000000000000000000e+00,0.000000000000000000e+00,1.000000000000000000e+00
9.631677446124017328e-01,1.085499232850499762e-01,2.460179056350761395e-01,-1.096053314208984414e-01,1.115328529199059449e-01,-9.937590815671112354e-01,1.819484113254263291e-03,-1.444411315917968897e-01,2.446800328138896141e-01,2.568661047513904130e-02,-9.692635759093047865e-01,1.933304077148437550e+00,0.000000000000000000e+00,0.000000000000000000e+00,0.000000000000000000e+00,1.000000000000000000e+00
9.630135996295855483e-01,1.088819602345897641e-01,2.464741886363390200e-01,-1.096067123413086014e-01,1.113784893708804624e-01,-9.937706683996457846e-01,3.832849329422698473e-03,-1.444444274902343672e-01,2.453561473326663633e-01,2.376083676966367353e-02,-9.691417768325109039e-01,1.933303833007812500e+00,0.000000000000000000e+00,0.000000000000000000e+00,0.000000000000000000e+00,1.000000000000000000e+00
9.631917044731570510e-01,1.088522510139469796e-01,2.457904145472141755e-01,-1.096093978881835934e-01,1.114632437166645645e-01,-9.937630541759363556e-01,3.307182346724188080e-03,-1.444206542968750062e-01,2.446174272905635716e-01,2.421114627835134481e-02,-9.693173549780453868e-01,1.933317382812500096e+00,0.000000000000000000e+00,0.000000000000000000e+00,0.000000000000000000e+00,1.000000000000000000e+00
9.632017987191561215e-01,1.088587558865296290e-01,2.457479729540395785e-01,-1.096018447875976576e-01,1.115451303995761423e-01,-9.937548261845106090e-01,3.004882549260600930e-03,-1.444490051269531339e-01,2.445403419240350373e-01,2.451768141220223712e-02,-9.693291001872614832e-01,1.933285522460937544e+00,0.000000000000000000e+00,0.000000000000000000e+00,0.000000000000000000e+00,1.000000000000000000e+00
9.629981725810224935e-01,1.086248098232245052e-01,2.466478670016822861e-01,-1.096016921997070293e-01,1.113819715240324804e-01,-9.937737564674710145e-01,2.788794713035174996e-03,-1.444265441894531377e-01,2.454151096102904495e-01,2.478652148648823744e-02,-9.691011569116864122e-01,1.933295532226562585e+00,0.000000000000000000e+00,0.000000000000000000e+00,0.000000000000000000e+00,1.000000000000000000e+00
9.630747525855259950e-01,1.085777045169430272e-01,2.463694441568581306e-01,-1.096055450439453183e-01,1.114523414850999844e-01,-9.937671430379387827e-01,2.289322105303914778e-03,-1.444286041259765785e-01,2.450824279906996805e-01,2.525366310151027846e-02,-9.691732848103785658e-01,1.933336181640625151e+00,0.000000000000000000e+00,0.000000000000000000e+00,0.000000000000000000e+00,1.000000000000000000e+00
9.630621240891109602e-01,1.087266464802517096e-01,2.463531235647895001e-01,-1.096074295043945324e-01,1.114517584435577857e-01,-9.937656209468778146e-01,2.897613484539299580e-03,-1.444248657226562538e-01,2.451323126085357962e-01,2.466590702214919301e-02,-9.691758056957292533e-01,1.933321166992187479e+00,0.000000000000000000e+00,0.000000000000000000e+00,0.000000000000000000e+00,1.000000000000000000e+00
9.630995157841292231e-01,1.086571962302299299e-01,2.462375609117370967e-01,-1.096083908081054714e-01,1.114675556665307432e-01,-9.937648284871708482e-01,2.539625089038514624e-03,-1.444239501953125115e-01,2.449781760282025433e-01,2.500158733459358767e-02,-9.692061771886547605e-01,1.933340209960937583e+00,0.000000000000000000e+00,0.000000000000000000e+00,0.000000000000000000e+00,1.000000000000000000e+00
9.630703145380248298e-01,1.088123641048860946e-01,2.462832488691341637e-01,-1.096079711914062504e-01,1.114681202860504095e-01,-9.937629369028899706e-01,3.175436668796043083e-03,-1.444380645751953129e-01,2.450926914771731635e-01,2.439456201797094922e-02,-9.691926939099504423e-01,1.933349609375000000e+00,0.000000000000000000e+00,0.000000000000000000e+00,0.000000000000000000e+00,1.000000000000000000e+00
9.631170319730950613e-01,1.084840301912651794e-01,2.462454018185863680e-01,-1.096115264892578156e-01,1.115111873727960834e-01,-9.937617908175124803e-01,1.660783513801597500e-03,-1.444319305419921873e-01,2.448894399806687272e-01,2.585958825331940297e-02,-9.692060894780445413e-01,1.933343139648437514e+00,0.000000000000000000e+00,0.000000000000000000e+00,0.000000000000000000e+00,1.000000000000000000e+00
9.630095948885011303e-01,1.085409664481947339e-01,2.466401807394255352e-01,-1.096090087890625037e-01,1.114572652265395231e-01,-9.937669043941046443e-01,2.148897200723106846e-03,-1.444461669921875135e-01,2.453360922915856779e-01,2.542043141747040574e-02,-9.691047432995281152e-01,1.933342529296875112e+00,0.000000000000000000e+00,0.000000000000000000e+00,0.000000000000000000e+00,1.000000000000000000e+00
9.633188870099292922e-01,1.086768043873675982e-01,2.453692607440896289e-01,-1.096083831787109386e-01,1.115787648147627542e-01,-9.937534024676538680e-01,2.086702272344833492e-03,-1.444368896484375109e-01,2.440633138600782626e-01,2.536783932682065701e-02,-9.694274452250285501e-01,1.933331420898437569e+00,0.000000000000000000e+00,0.000000000000000000e+00,0.000000000000000000e+00,1.000000000000000000e+00
9.631182469684760328e-01,1.086844228464551587e-01,2.461522670765040888e-01,-1.096099472045898443e-01,1.113951433912509503e-01,-9.937718785558486978e-01,2.928381877840930889e-03,-1.444277343750000053e-01,2.449374703576655821e-01,2.459978906642825563e-02,-9.692267464286543621e-01,1.933332153320312496e+00,0.000000000000000000e+00,0.000000000000000000e+00,0.000000000000000000e+00,1.000000000000000000e+00
9.631010679441380784e-01,1.089087037808433855e-01,2.461203509782105558e-01,-1.096129074096679756e-01,1.114310629715893342e-01,-9.937652832489927146e-01,3.698650303984370169e-03,-1.444364471435546915e-01,2.449886755135484706e-01,2.386327827072338981e-02,-9.692322182120709506e-01,1.933363647460937473e+00,0.000000000000000000e+00,0.000000000000000000e+00,0.000000000000000000e+00,1.000000000000000000e+00
9.630664209377540752e-01,1.087502754744982536e-01,2.463258947946108668e-01,-1.096162033081054671e-01,1.114390429393856963e-01,-9.937666170492144291e-01,3.041471241682065438e-03,-1.444226379394531190e-01,2.451212119970417880e-01,2.452118314398738647e-02,-9.691822857472792707e-01,1.933352172851562578e+00,0.000000000000000000e+00,0.000000000000000000e+00,0.000000000000000000e+00,1.000000000000000000e+00
9.633244779624773324e-01,1.083144798555795429e-01,2.455074817840307289e-01,-1.096152114868164107e-01,1.115093438076202037e-01,-9.937629842065037744e-01,8.930087223765412197e-04,-1.444379577636718814e-01,2.440729735179929250e-01,2.651612103229921205e-02,-9.693942845527231400e-01,1.933347167968749947e+00,0.000000000000000000e+00,0.000000000000000000e+00,0.000000000000000000e+00,1.000000000000000000e+00
9.630648296974518852e-01,1.087132290040375843e-01,2.463484679053917770e-01,-1.096088333129882769e-01,1.114493855243731540e-01,-9.937660196792613698e-01,2.851770867014940744e-03,-1.444381408691406410e-01,2.451227616237582341e-01,2.470894514854877350e-02,-9.691771250723927311e-01,1.933320190429687502e+00,0.000000000000000000e+00,0.000000000000000000e+00,0.000000000000000000e+00,1.000000000000000000e+00
9.630982292853450533e-01,1.089768243684844928e-01,2.461013053561355857e-01,-1.096047592163085921e-01,1.114483186382186908e-01,-9.937625526671268750e-01,3.906557209413047405e-03,-1.444311676025390734e-01,2.449919856243209237e-01,2.366517836562454652e-02,-9.692362386501941485e-01,1.933296508789062562e+00,0.000000000000000000e+00,0.000000000000000000e+00,0.000000000000000000e+00,1.000000000000000000e+00
9.630911770805141714e-01,1.086075121169917251e-01,2.462920886699921097e-01,-1.096129379272460930e-01,1.115231381661988402e-01,-9.937595704187951462e-01,2.122699840915537317e-03,-1.444262542724609466e-01,2.449856613829321239e-01,2.542291314560926260e-02,-9.691933249893738278e-01,1.933364135742187573e+00,0.000000000000000000e+00,0.000000000000000000e+00,0.000000000000000000e+00,1.000000000000000000e+00
9.632613025395030393e-01,1.088032876763341678e-01,2.455392180909631572e-01,-1.096159286499023416e-01,1.114917533732297933e-01,-9.937609268874726398e-01,2.968016427656145276e-03,-1.444310302734375107e-01,2.443302109025070890e-01,2.451662257679063789e-02,-9.693821141622968041e-01,1.933392578125000094e+00,0.000000000000000000e+00,0.000000000000000000e+00,0.000000000000000000e+00,1.000000000000000000e+00
9.632738526613259245e-01,1.085721747357866890e-01,2.455922793007713767e-01,-1.096115722656249986e-01,1.115639154111714298e-01,-9.937557351250391191e-01,1.741173231511997446e-03,-1.444413604736328183e-01,2.442477790219089728e-01,2.572200962667871293e-02,-9.693716524964147707e-01,1.933348388671874973e+00,0.000000000000000000e+00,0.000000000000000000e+00,0.000000000000000000e+00,1.000000000000000000e+00
9.631280641361176231e-01,1.087519345298066237e-01,2.460840279446017131e-01,-1.096123733520507904e-01,1.114462846907657151e-01,-9.937659472738530342e-01,2.994606406001220841e-03,-1.444401397705078194e-01,2.448755963791403589e-01,2.454096116550285450e-02,-9.692438720585413447e-01,1.933379882812499950e+00,0.000000000000000000e+00,0.000000000000000000e+00,0.000000000000000000e+00,1.000000000000000000e+00
9.631850525084703074e-01,1.089664836109723034e-01,2.457658643378189955e-01,-1.096103286743164151e-01,1.115192386198923802e-01,-9.937559349015540056e-01,3.549826133509599926e-03,-1.444542541503906208e-01,2.446180983531166531e-01,2.398848259891295243e-02,-9.693227216261396384e-01,1.933358764648437589e+00,0.000000000000000000e+00,0.000000000000000000e+00,0.000000000000000000e+00,1.000000000000000000e+00
9.631479795093260687e-01,1.087052743338149108e-01,2.460266914363417046e-01,-1.096130828857421885e-01,1.114626364070111508e-01,-9.937648663811893268e-01,2.733318784042074526e-03,-1.444233703613281294e-01,2.447898083097033162e-01,2.479019318978387121e-02,-9.692591996309922742e-01,1.933349975585937575e+00,0.000000000000000000e+00,0.000000000000000000e+00,0.000000000000000000e+00,1.000000000000000000e+00
9.632905015861552567e-01,1.086323695073964091e-01,2.455003418512939906e-01,-1.096112518310546902e-01,1.114922996664990951e-01,-9.937627233858841169e-01,2.262017627382656090e-03,-1.444177093505859544e-01,2.442148166450375246e-01,2.519241758703427009e-02,-9.693938649626123727e-01,1.933341552734375135e+00,0.000000000000000000e+00,0.000000000000000000e+00,0.000000000000000000e+00,1.000000000000000000e+00
9.631033365385928136e-01,1.089270704347706786e-01,2.461033451108068093e-01,-1.096096572875976533e-01,1.114477074471927620e-01,-9.937633891238795147e-01,3.706068238179609578e-03,-1.444229431152343757e-01,2.449721854680553534e-01,2.385832692205422378e-02,-9.692365080740021899e-01,1.933287963867187598e+00,0.000000000000000000e+00,0.000000000000000000e+00,0.000000000000000000e+00,1.000000000000000000e+00
9.632110806643990886e-01,1.087753568092933165e-01,2.457485215343766793e-01,-1.096118850708007880e-01,1.114940439870298616e-01,-9.937609682911184850e-01,2.866366431122601560e-03,-1.444260406494140558e-01,2.445270787474043972e-01,2.463858056199958249e-02,-9.693293806065877982e-01,1.933329956054687493e+00,0.000000000000000000e+00,0.000000000000000000e+00,0.000000000000000000e+00,1.000000000000000000e+00
9.630231230634381800e-01,1.087121419134889633e-01,2.465119361120745589e-01,-1.096083297729492229e-01,1.114663284381706143e-01,-9.937642739656199486e-01,2.797394162083492383e-03,-1.444414672851562498e-01,2.452788659254114823e-01,2.478382517218875869e-02,-9.691357180189875686e-01,1.933328369140625114e+00,0.000000000000000000e+00,0.000000000000000000e+00,0.000000000000000000e+00,1.000000000000000000e+00
9.633250351685536117e-01,1.090161491365720658e-01,2.451945265395176488e-01,-1.096052246093749960e-01,1.114682930561282093e-01,-9.937603466093620774e-01,3.897839144261500480e-03,-1.444206085205078094e-01,2.440895250940905703e-01,2.357652930933847729e-02,-9.694660649063833180e-01,1.933316528320312644e+00,0.000000000000000000e+00,0.000000000000000000e+00,0.000000000000000000e+00,1.000000000000000000e+00
9.630893918175036372e-01,1.087498682625398921e-01,2.462362473753021974e-01,-1.096098327636718800e-01,1.114849420221746129e-01,-9.937620393883590530e-01,2.848995086340719296e-03,-1.444194335937500073e-01,2.450100632033369585e-01,2.470779681739846897e-02,-9.692056508840252160e-01,1.933340087890625059e+00,0.000000000000000000e+00,0.000000000000000000e+00,0.000000000000000000e+00,1.000000000000000000e+00
9.631488007328030676e-01,1.087894847544518401e-01,2.459862509446902878e-01,-1.096023101806640615e-01,1.114273667391443429e-01,-9.937673871616288235e-01,3.212811156864461837e-03,-1.444420013427734351e-01,2.448026339493582504e-01,2.431518498408621887e-02,-9.692679929671907946e-01,1.933311157226562438e+00,0.000000000000000000e+00,0.000000000000000000e+00,0.000000000000000000e+00,1.000000000000000000e+00
9.629056113083198642e-01,1.086877601099009022e-01,2.469812837306581965e-01,-1.096014938354492180e-01,1.113581440116331173e-01,-9.937752723070376604e-01,3.173627791294776276e-03,-1.444408264160156330e-01,2.457888269902349099e-01,2.444747335341487804e-02,-9.690150533265202704e-01,1.933321533203125053e+00,0.000000000000000000e+00,0.000000000000000000e+00,0.000000000000000000e+00,1.000000000000000000e+00
9.631519210281590526e-01,1.085134742781271450e-01,2.460959221926636853e-01,-1.095970611572265607e-01,1.114679292235047220e-01,-9.937661456609790944e-01,1.936102462655757764e-03,-1.444421691894531290e-01,2.447718892650687650e-01,2.556704203095071237e-02,-9.692435445167518759e-01,1.933264648437500011e+00,0.000000000000000000e+00,0.000000000000000000e+00,0.000000000000000000e+00,1.000000000000000000e+00
9.630946521789920389e-01,1.087091703024184591e-01,2.462336435915820632e-01,-1.096035461425781260e-01,1.115097412542402494e-01,-9.937599800940959405e-01,2.584486176108029623e-03,-1.444358978271484406e-01,2.449780981019300530e-01,2.496834507014595445e-02,-9.692070538305110894e-01,1.933302246093750121e+00,0.000000000000000000e+00,0.000000000000000000e+00,0.000000000000000000e+00,1.000000000000000000e+00
9.629266961425169136e-01,1.086318124322344231e-01,2.469236869636948217e-01,-1.096056518554687498e-01,1.114419574151408882e-01,-9.937675185811627454e-01,2.609432988233188061e-03,-1.444474792480468783e-01,2.456682071077550544e-01,2.500496632123297772e-02,-9.690314152161090266e-01,1.933286743164062571e+00,0.000000000000000000e+00,0.000000000000000000e+00,0.000000000000000000e+00,1.000000000000000000e+00
9.631455250876969076e-01,1.086815962609328223e-01,2.460467600634492213e-01,-1.096037368774414045e-01,1.114987441793509892e-01,-9.937614409106746427e-01,2.495717445491475034e-03,-1.444230041503906381e-01,2.447830213678485745e-01,2.503016566696426165e-02,-9.692547463163191379e-01,1.933294311523437559e+00,0.000000000000000000e+00,0.000000000000000000e+00,0.000000000000000000e+00,1.000000000000000000e+00
9.630035801010593532e-01,1.087547811339421439e-01,2.465694674793522112e-01,-1.095979461669921856e-01,1.114411456454773991e-01,-9.937662729228037284e-01,3.076663508299800134e-03,-1.444309387207031170e-01,2.453670225799842175e-01,2.451514596383529837e-02,-9.691202360123359894e-01,1.933211059570312473e+00,0.000000000000000000e+00,0.000000000000000000e+00,0.000000000000000000e+00,1.000000000000000000e+00
9.631922964783942165e-01,1.089448874038477788e-01,2.457470478220248333e-01,-1.096032562255859349e-01,1.114486366708881404e-01,-9.937631600378259433e-01,3.739403138871080085e-03,-1.444135284423828103e-01,2.446217516675039949e-01,2.378640914887246438e-02,-9.693267794458816367e-01,1.933257446289062598e+00,0.000000000000000000e+00,0.000000000000000000e+00,0.000000000000000000e+00,1.000000000000000000e+00
9.631410689900268274e-01,1.085732281731674465e-01,2.461120382037532417e-01,-1.096033630371093803e-01,1.114426933073402459e-01,-9.937682422264830784e-01,2.281852425597910225e-03,-1.444358520507812438e-01,2.448260756805828164e-01,2.522964260831742772e-02,-9.692387001150448711e-01,1.933306274414062553e+00,0.000000000000000000e+00,0.000000000000000000e+00,0.000000000000000000e+00,1.000000000000000000e+00
9.629379446388296460e-01,1.090241758448786957e-01,2.467067973447256979e-01,-1.095986175537109336e-01,1.114732234591750692e-01,-9.937591385749678929e-01,4.061397586907135315e-03,-1.444201812744140556e-01,2.456099249345746471e-01,2.359032810460856555e-02,-9.690816586818417067e-01,1.933263671875000034e+00,0.000000000000000000e+00,0.000000000000000000e+00,0.000000000000000000e+00,1.000000000000000000e+00
9.630523326355441283e-01,1.088836497860230512e-01,2.463220562891441923e-01,-1.096027374267578153e-01,1.113898319813180215e-01,-9.937696006589821218e-01,3.779700684075380096e-03,-1.444290161132812667e-01,2.451989191175429628e-01,2.379772290287757164e-02,-9.691806634721035207e-01,1.933291625976562456e+00,0.000000000000000000e+00,0.000000000000000000e+00,0.000000000000000000e+00,1.000000000000000000e+00
9.632894197297980909e-01,1.085230990513413041e-01,2.455529083699116988e-01,-1.096019821166992203e-01,1.115310784357977647e-01,-9.937595494268998131e-01,1.666273024944738348e-03,-1.444378814697265534e-01,2.442013766946808662e-01,2.578167750823244508e-02,-9.693817579907746396e-01,1.933317260742187571e+00,0.000000000000000000e+00,0.000000000000000000e+00,0.000000000000000000e+00,1.000000000000000000e+00
9.632561333191950181e-01,1.087602146003972398e-01,2.455785767183875090e-01,-1.095923385620117263e-01,1.115145997515848558e-01,-9.937591137123701346e-01,2.705172055258194333e-03,-1.444243927001953032e-01,2.443401638396709430e-01,2.477982311640370555e-02,-9.693729131253475684e-01,1.933272460937500048e+00,0.000000000000000000e+00,0.000000000000000000e+00,0.000000000000000000e+00,1.000000000000000000e+00
9.630413589594821744e-01,1.087785057015813323e-01,2.464113991494814859e-01,-1.095993270874023456e-01,1.114841474002368077e-01,-9.937617228240003264e-01,2.987160577802619107e-03,-1.444278259277343712e-01,2.451991554062050993e-01,2.459420556160214766e-02,-9.691607189939539513e-01,1.933258789062500149e+00,0.000000000000000000e+00,0.000000000000000000e+00,0.000000000000000000e+00,1.000000000000000000e+00
9.629203239344659160e-01,1.086164952900122715e-01,2.469552726808194876e-01,-1.095894165039062590e-01,1.114831115756015067e-01,-9.937634592213440143e-01,2.388084975465340834e-03,-1.444189453124999911e-01,2.456745114727312551e-01,2.523180666030077485e-02,-9.690239369310194029e-01,1.933253051757812591e+00,0.000000000000000000e+00,0.000000000000000000e+00,0.000000000000000000e+00,1.000000000000000000e+00
9.631745799165200017e-01,1.087121233380670404e-01,2.459195048018038288e-01,-1.095987396240234446e-01,1.114621824944335704e-01,-9.937648659896002323e-01,2.751908110704564397e-03,-1.444247589111328223e-01,2.446853295075393231e-01,2.476015678466265274e-02,-9.692863478661947196e-01,1.933289306640625149e+00,0.000000000000000000e+00,0.000000000000000000e+00,0.000000000000000000e+00,1.000000000000000000e+00
9.631627058264786712e-01,1.088511984308514341e-01,2.459044910228028180e-01,-1.095984954833984365e-01,1.115664640212805786e-01,-9.937527263735450589e-01,2.905672200151147161e-03,-1.444286193847656163e-01,2.446845442826428574e-01,2.463605945182448242e-02,-9.692897081697926520e-01,1.933267211914062589e+00,0.000000000000000000e+00,0.000000000000000000e+00,0.000000000000000000e+00,1.000000000000000000e+00
9.630609052352178123e-01,1.084474251525027744e-01,2.464809298613487021e-01,-1.096033706665039131e-01,1.114151684539041454e-01,-9.937720998607660894e-01,1.916709866400091375e-03,-1.444322357177734439e-01,2.451537334937221868e-01,2.561580598216855326e-02,-9.691457462311708904e-01,1.933303588867187450e+00,0.000000000000000000e+00,0.000000000000000000e+00,0.000000000000000000e+00,1.000000000000000000e+00
9.632762667076436580e-01,1.087151932052791287e-01,2.455195323474773927e-01,-1.096042404174804724e-01,1.115433866714744676e-01,-9.937566658177851009e-01,2.400423416232987800e-03,-1.444411315917968897e-01,2.442476343542411554e-01,2.507380922512772795e-02,-9.693886718975518457e-01,1.933315307617187617e+00,0.000000000000000000e+00,0.000000000000000000e+00,0.000000000000000000e+00,1.000000000000000000e+00
9.630343681800327404e-01,1.085388790472289477e-01,2.465443518705232873e-01,-1.096082992553710916e-01,1.114217062364756539e-01,-9.937706211758422503e-01,2.270653459555878675e-03,-1.444269409179687602e-01,2.452549878869702271e-01,2.528367502860053018e-02,-9.691288493763926537e-01,1.933331665039062619e+00,0.000000000000000000e+00,0.000000000000000000e+00,0.000000000000000000e+00,1.000000000000000000e+00
9.631165646997618124e-01,1.086035557474274715e-01,2.461945378759349268e-01,-1.096078720092773517e-01,1.115193227908479745e-01,-9.937600230912652099e-01,2.111196324158886445e-03,-1.444331359863281206e-01,2.448875730722169797e-01,2.542211998759935990e-02,-9.692181345652463031e-01,1.933336425781249979e+00,0.000000000000000000e+00,0.000000000000000000e+00,0.000000000000000000e+00,1.000000000000000000e+00
9.631640173663658100e-01,1.089359304252247584e-01,2.458618284994111003e-01,-1.096023712158203101e-01,1.114853007069523949e-01,-9.937596738028926513e-01,3.569096447122841256e-03,-1.444436798095703189e-01,2.447163733324021762e-01,2.397235461023913827e-02,-9.692983146779310388e-01,1.933298339843749991e+00,0.000000000000000000e+00,0.000000000000000000e+00,0.000000000000000000e+00,1.000000000000000000e+00
9.632996062936599602e-01,1.086071429339324629e-01,2.454757768461244549e-01,-1.096067581176757844e-01,1.115191405193722979e-01,-9.937601726480634889e-01,2.049525874947383600e-03,-1.444235076904296922e-01,2.441666435291693082e-01,2.540094018377954399e-02,-9.694005582964556611e-01,1.933316894531249996e+00,0.000000000000000000e+00,0.000000000000000000e+00,0.000000000000000000e+00,1.000000000000000000e+00
9.629237055497682496e-01,1.087682751881374060e-01,2.468752713474991478e-01,-1.096000671386718750e-01,1.113859283165071351e-01,-9.937714750121856566e-01,3.380891180631256931e-03,-1.444463958740234422e-01,2.457053362533537788e-01,2.424289101371680105e-02,-9.690413664916085468e-01,1.933289550781249977e+00,0.000000000000000000e+00,0.000000000000000000e+00,0.000000000000000000e+00,1.000000000000000000e+00
9.631567711604142046e-01,1.086556845685950484e-01,2.460141792230192137e-01,-1.096003570556640661e-01,1.115140631535290056e-01,-9.937601343867595860e-01,2.325730551986543090e-03,-1.444331054687499893e-01,2.447317876509640944e-01,2.519399758949887602e-02,-9.692634392148627986e-01,1.933307128906250005e+00,0.000000000000000000e+00,0.000000000000000000e+00,0.000000000000000000e+00,1.000000000000000000e+00
9.630826209601870413e-01,1.086788650982013632e-01,2.462940711536182603e-01,-1.096118087768554739e-01,1.114759852143152735e-01,-9.937637250533262190e-01,2.600670804760013208e-03,-1.444283142089843874e-01,2.450407515597240182e-01,2.495121337939135153e-02,-9.691916564983118487e-01,1.933350097656250099e+00,0.000000000000000000e+00,0.000000000000000000e+00,0.000000000000000000e+00,1.000000000000000000e+00
9.632512121945661088e-01,1.085416592503805344e-01,2.456945469742333188e-01,-1.096100540161132897e-01,1.114747150690779953e-01,-9.937652955258523546e-01,1.981239178819035190e-03,-1.444212951660156230e-01,2.443777610707801862e-01,2.548029857733404707e-02,-9.693452760902293575e-01,1.933334350585937500e+00,0.000000000000000000e+00,0.000000000000000000e+00,0.000000000000000000e+00,1.000000000000000000e+00
9.631456653262168155e-01,1.087984354854474311e-01,2.459945686376797114e-01,-1.096049423217773516e-01,1.114625418228377129e-01,-9.937637665481299232e-01,3.110959091055416625e-03,-1.444314727783203023e-01,2.447989565617291197e-01,2.442287313141108460e-02,-9.692662142746418796e-01,1.933335449218750002e+00,0.000000000000000000e+00,0.000000000000000000e+00,0.000000000000000000e+00,1.000000000000000000e+00
9.630433583130658670e-01,1.087317690088838440e-01,2.464242123195088396e-01,-1.096008148193359372e-01,1.114060731455388531e-01,-9.937701126816084196e-01,3.106446052004751754e-03,-1.444357604980468779e-01,2.452267866188000411e-01,2.446151158415797722e-02,-9.691570861194976905e-01,1.933313720703125016e+00,0.000000000000000000e+00,0.000000000000000000e+00,0.000000000000000000e+00,1.000000000000000000e+00
9.630503330675256324e-01,1.088753177470945105e-01,2.463335567152750982e-01,-1.096073608398437510e-01,1.114223326570356748e-01,-9.937665575545217012e-01,3.618407315476936809e-03,-1.444256744384765645e-01,2.451920059133113894e-01,2.396235113057610527e-02,-9.691783561164074579e-01,1.933334594726562550e+00,0.000000000000000000e+00,0.000000000000000000e+00,0.000000000000000000e+00,1.000000000000000000e+00
9.630252993646345461e-01,1.088675178894259327e-01,2.464348521054841035e-01,-1.096042480468750052e-01,1.114389552052503646e-01,-9.937650075830027907e-01,3.531142352938235196e-03,-1.444328002929687604e-01,2.452827593746012003e-01,2.406186302325805798e-02,-9.691529263751060830e-01,1.933309570312500059e+00,0.000000000000000000e+00,0.000000000000000000e+00,0.000000000000000000e+00,1.000000000000000000e+00
9.631474189012333431e-01,1.088239031674609614e-01,2.459764370082861973e-01,-1.096088333129882769e-01,1.114903421531817374e-01,-9.937606727062989753e-01,3.103061212904115185e-03,-1.444196929931640672e-01,2.447793967442087881e-01,2.443529172577325187e-02,-9.692708411212099806e-01,1.933316406250000119e+00,0.000000000000000000e+00,0.000000000000000000e+00,0.000000000000000000e+00,1.000000000000000000e+00
9.632056967650604040e-01,1.087712885063602392e-01,2.457714233103612811e-01,-1.096128463745117271e-01,1.115019083091741275e-01,-9.937602159243514865e-01,2.820937680793845700e-03,-1.444409027099609333e-01,2.445446997232759156e-01,2.468683946260728096e-02,-9.693237074345186777e-01,1.933359985351562615e+00,0.000000000000000000e+00,0.000000000000000000e+00,0.000000000000000000e+00,1.000000000000000000e+00
9.630568946592493740e-01,1.088012082918791562e-01,2.463406477289340757e-01,-1.096127395629882817e-01,1.114801620223311168e-01,-9.937618610166144562e-01,3.088213766877279803e-03,-1.444354248046874900e-01,2.451399419204436103e-01,2.448796976113478546e-02,-9.691783882300611941e-01,1.933349853515625050e+00,0.000000000000000000e+00,0.000000000000000000e+00,0.000000000000000000e+00,1.000000000000000000e+00
9.631192724718872222e-01,1.087362781427961556e-01,2.461253518207244528e-01,-1.096099548339843771e-01,1.114260233998748406e-01,-9.937681572151334519e-01,3.015130930585082497e-03,-1.444299011230468777e-01,2.449193914383127335e-01,2.452083850300587620e-02,-9.692333156555216211e-01,1.933342285156250062e+00,0.000000000000000000e+00,0.000000000000000000e+00,0.000000000000000000e+00,1.000000000000000000e+00
9.630862897185182847e-01,1.086975558603164999e-01,2.462714760304398898e-01,-1.096085739135742171e-01,1.114591858174785594e-01,-9.937652321539282019e-01,2.741032461291861497e-03,-1.444310455322265763e-01,2.450339740793568699e-01,2.480936742527791589e-02,-9.691970113629294614e-01,1.933312499999999989e+00,0.000000000000000000e+00,0.000000000000000000e+00,0.000000000000000000e+00,1.000000000000000000e+00
9.631009566611629102e-01,1.088004610218701457e-01,2.461686555184912639e-01,-1.096085281372070341e-01,1.114717562973719794e-01,-9.937627650955850322e-01,3.100686626660326128e-03,-1.444232330322265667e-01,2.449705999223833475e-01,2.445457811956593119e-02,-9.692220482338719245e-01,1.933335205078124952e+00,0.000000000000000000e+00,0.000000000000000000e+00,0.000000000000000000e+00,1.000000000000000000e+00
9.630648098967126147e-01,1.088096725032757922e-01,2.463059623889339023e-01,-1.096073150634765681e-01,1.114032793182758024e-01,-9.937693854062638055e-01,3.423154450399271131e-03,-1.444428100585937458e-01,2.451437971798251791e-01,2.414257233575027237e-02,-9.691860785758686925e-01,1.933347778320312571e+00,0.000000000000000000e+00,0.000000000000000000e+00,0.000000000000000000e+00,1.000000000000000000e+00
9.632251137633688343e-01,1.086630955061012177e-01,2.457431827957335668e-01,-1.096061019897461020e-01,1.114773604259532008e-01,-9.937638972543655358e-01,2.472777037492639857e-03,-1.444414825439453154e-01,2.444794026661704922e-01,2.501296041749059840e-02,-9.693318180494981950e-01,1.933321899414062628e+00,0.000000000000000000e+00,0.000000000000000000e+00,0.000000000000000000e+00,1.000000000000000000e+00
9.631427446573581630e-01,1.088479324277913385e-01,2.459841072510304816e-01,-1.096035079956054759e-01,1.114308652803238375e-01,-9.937662430503928501e-01,3.437504383447370290e-03,-1.444269561767578258e-01,2.448248673578111156e-01,2.409941450954510012e-02,-9.692677661737894024e-01,1.933303588867187450e+00,0.000000000000000000e+00,0.000000000000000000e+00,0.000000000000000000e+00,1.000000000000000000e+00
9.631514218653679515e-01,1.086929595068678311e-01,2.460186560250235133e-01,-1.095974044799804675e-01,1.114754025328775766e-01,-9.937637089561129899e-01,2.631613938824483093e-03,-1.444369506835937456e-01,2.447704499911158849e-01,2.489038600400751700e-02,-9.692615206927995830e-01,1.933284667968750092e+00,0.000000000000000000e+00,0.000000000000000000e+00,0.000000000000000000e+00,1.000000000000000000e+00
9.629783411175534269e-01,1.082912125020963900e-01,2.468718854655407302e-01,-1.095988464355468761e-01,1.114416510979078512e-01,-9.937702324504451568e-01,1.217988489525227355e-03,-1.444337768554687651e-01,2.454658284549143255e-01,2.633891399079017759e-02,-9.690473614177630424e-01,1.933285400390625020e+00,0.000000000000000000e+00,0.000000000000000000e+00,0.000000000000000000e+00,1.000000000000000000e+00
9.631235200902811266e-01,1.088187034776237766e-01,2.460722959261264220e-01,-1.095968170166015665e-01,1.114859437038304285e-01,-9.937611472636694865e-01,3.109106891407470777e-03,-1.444344482421875131e-01,2.448754160902488486e-01,2.443914815710311605e-02,-9.692464901313716519e-01,1.933276977539062580e+00,0.000000000000000000e+00,0.000000000000000000e+00,0.000000000000000000e+00,1.000000000000000000e+00
9.630968477585987175e-01,1.085842639362407935e-01,2.462801645745669177e-01,-1.096029891967773423e-01,1.114453383980285317e-01,-9.937678237693604588e-01,2.334307190257706166e-03,-1.444180450439453145e-01,2.449987722148824765e-01,2.519861238509733814e-02,-9.691958685152687325e-01,1.933293090820312532e+00,0.000000000000000000e+00,0.000000000000000000e+00,0.000000000000000000e+00,1.000000000000000000e+00
9.632138531867073805e-01,1.088706489115621040e-01,2.456954513921491001e-01,-1.095989608764648404e-01,1.115175406263851227e-01,-9.937574495091843207e-01,3.157479634736937851e-03,-1.444309539794921826e-01,2.445054419882286556e-01,2.435802435700849464e-02,-9.693419290877520744e-01,1.933268188476562566e+00,0.000000000000000000e+00,0.000000000000000000e+00,0.000000000000000000e+00,1.000000000000000000e+00
9.630251436265555576e-01,1.087303223166424943e-01,2.464960238056002340e-01,-1.096039962768554643e-01,1.114747768734479089e-01,-9.937632155028883751e-01,2.836482747133927187e-03,-1.444264373779296784e-01,2.452670929090712548e-01,2.474648504896849455e-02,-9.691396517600825433e-01,1.933310913085937610e+00,0.000000000000000000e+00,0.000000000000000000e+00,0.000000000000000000e+00,1.000000000000000000e+00
9.631408606450942989e-01,1.086232497857445162e-01,2.460907803267146643e-01,-1.096004180908203146e-01,1.114869947121502752e-01,-9.937632115699451818e-01,2.308536385215675252e-03,-1.444225158691406219e-01,2.448067249196405615e-01,2.521247580410622760e-02,-9.692440345433895876e-01,1.933267944335937516e+00,0.000000000000000000e+00,0.000000000000000000e+00,0.000000000000000000e+00,1.000000000000000000e+00
9.631997765004418621e-01,1.086864563855550470e-01,2.458321475068908080e-01,-1.096046066284179776e-01,1.115162206951968160e-01,-9.937596582312135940e-01,2.423673666466567150e-03,-1.444415435791015778e-01,2.445614913909363586e-01,2.507979008150201111e-02,-9.693093835603310282e-01,1.933293334960937582e+00,0.000000000000000000e+00,0.000000000000000000e+00,0.000000000000000000e+00,1.000000000000000000e+00
9.629487425384803956e-01,1.087697581498433125e-01,2.467769417015786559e-01,-1.095974502563476644e-01,1.114480736318397697e-01,-9.937653240743498095e-01,3.131701000193892401e-03,-1.444411773681640587e-01,2.455790018045349576e-01,2.448714722925455362e-02,-9.690672492109415614e-01,1.933262939453125107e+00,0.000000000000000000e+00,0.000000000000000000e+00,0.000000000000000000e+00,1.000000000000000000e+00
9.631636587344011291e-01,1.087269621999959746e-01,2.459557159004913673e-01,-1.096079406738281331e-01,1.114756680973414404e-01,-9.937633227884575815e-01,2.762915615023996477e-03,-1.444451904296875089e-01,2.447221729137226132e-01,2.475693783982625684e-02,-9.692771286444251677e-01,1.933359130859374941e+00,0.000000000000000000e+00,0.000000000000000000e+00,0.000000000000000000e+00,1.000000000000000000e+00
9.630070034102296006e-01,1.087118967979463502e-01,2.465750086230205362e-01,-1.096056594848632826e-01,1.114395614046106431e-01,-9.937669563929738548e-01,2.908699948965129400e-03,-1.444199829101562582e-01,2.453543061305385187e-01,2.467711239261509773e-02,-9.691193448627284379e-01,1.933309448242187534e+00,0.000000000000000000e+00,0.000000000000000000e+00,0.000000000000000000e+00,1.000000000000000000e+00
9.631810821989841287e-01,1.087094424174328694e-01,2.458952216357301046e-01,-1.096101531982421884e-01,1.114499330521318415e-01,-9.937661421927970196e-01,2.786943472861770632e-03,-1.444131622314453189e-01,2.446653128595660254e-01,2.472067475892284968e-02,-9.692924083695251269e-01,1.933380004882812475e+00,0.000000000000000000e+00,0.000000000000000000e+00,0.000000000000000000e+00,1.000000000000000000e+00
9.629387783607989970e-01,1.083866983467649814e-01,2.469842763223992765e-01,-1.096047134399414091e-01,1.114152989428313922e-01,-9.937724396281346628e-01,1.723193844269308578e-03,-1.444277648925781365e-01,2.456329381220919150e-01,2.585849680535945092e-02,-9.690179553818782932e-01,1.933314331054687640e+00,0.000000000000000000e+00,0.000000000000000000e+00,0.000000000000000000e+00,1.000000000000000000e+00
9.630288013348388132e-01,1.085875323653505697e-01,2.465446726546491052e-01,-1.096090087890625037e-01,1.114600843579079126e-01,-9.937662094941098756e-01,2.317425864470682231e-03,-1.444415435791015778e-01,2.452594083710392392e-01,2.524814215963642333e-02,-9.691286570538376610e-01,1.933379394531250073e+00,0.000000000000000000e+00,0.000000000000000000e+00,0.000000000000000000e+00,1.000000000000000000e+00
9.631498602778061358e-01,1.086508711566428476e-01,2.460433596822825530e-01,-1.096119461059570366e-01,1.115230710260882718e-01,-9.937592444188116936e-01,2.273490941859229036e-03,-1.444505462646484273e-01,2.447548799835307654e-01,2.524979859435000709e-02,-9.692561562328052549e-01,1.933357299804687512e+00,0.000000000000000000e+00,0.000000000000000000e+00,0.000000000000000000e+00,1.000000000000000000e+00
9.631749816941449494e-01,1.088874744235812514e-01,2.458403395542266279e-01,-1.096050109863281330e-01,1.114862066011168412e-01,-9.937602832700688227e-01,3.365283448030735938e-03,-1.444292144775390641e-01,2.446728026899936959e-01,2.416645006297861442e-02,-9.693044941168781348e-01,1.933274291992187477e+00,0.000000000000000000e+00,0.000000000000000000e+00,0.000000000000000000e+00,1.000000000000000000e+00
9.628752161709853707e-01,1.087070025213423413e-01,2.470912901874595113e-01,-1.095936965942382879e-01,1.114294100850195951e-01,-9.937678764322225300e-01,2.982337924452788461e-03,-1.444228363037109442e-01,2.458755877507626808e-01,2.466161742903259096e-02,-9.689876160065210575e-01,1.933258544921875099e+00,0.000000000000000000e+00,0.000000000000000000e+00,0.000000000000000000e+00,1.000000000000000000e+00
9.631844776480640302e-01,1.089123848515678311e-01,2.457920959749728684e-01,-1.096072845458984368e-01,1.114875606421869697e-01,-9.937598171005810332e-01,3.456839347539231513e-03,-1.444301605224609375e-01,2.446348009582466898e-01,2.407318720410717844e-02,-9.693164064524830703e-01,1.933320556640625076e+00,0.000000000000000000e+00,0.000000000000000000e+00,0.000000000000000000e+00,1.000000000000000000e+00
9.631309999302356539e-01,1.087743941412743082e-01,2.460626102287456485e-01,-1.096055831909179684e-01,1.114945414961111131e-01,-9.937608350072387742e-01,2.893099080209052612e-03,-1.444288177490234415e-01,2.448420801046193862e-01,2.464820449677130459e-02,-9.692496179133262002e-01,1.933324707031250034e+00,0.000000000000000000e+00,0.000000000000000000e+00,0.000000000000000000e+00,1.000000000000000000e+00
9.630859242641143236e-01,1.083706397208480110e-01,2.464169371833667410e-01,-1.096138153076171851e-01,1.115034348312659018e-01,-9.937632656209607340e-01,1.247366503466532106e-03,-1.444383087158203072e-01,2.450152781056046669e-01,2.627501377465851079e-02,-9.691631117340233637e-01,1.933354614257812631e+00,0.000000000000000000e+00,0.000000000000000000e+00,0.000000000000000000e+00,1.000000000000000000e+00
9.633732701192508907e-01,1.089085146659017345e-01,2.450528062540969776e-01,-1.096131134033203197e-01,1.115182047441010127e-01,-9.937570963086220788e-01,3.244001681394491007e-03,-1.444320983886718812e-01,2.438762645900451331e-01,2.420266451288354687e-02,-9.695043056119364566e-01,1.933361206054687642e+00,0.000000000000000000e+00,0.000000000000000000e+00,0.000000000000000000e+00,1.000000000000000000e+00
9.632387555180267347e-01,1.087878728397524697e-01,2.456344816817967180e-01,-1.096002655029296863e-01,1.115297740178670949e-01,-9.937572489037221901e-01,2.764011365565715098e-03,-1.444319915771484497e-01,2.444017376689588683e-01,2.473315536496149825e-02,-9.693585825947413914e-01,1.933300659179687520e+00,0.000000000000000000e+00,0.000000000000000000e+00,0.000000000000000000e+00,1.000000000000000000e+00
9.631459549109652185e-01,1.089545610321197844e-01,2.459243240693037291e-01,-1.096071929931640709e-01,1.115329283655382975e-01,-9.937547051468759163e-01,3.462930645277882691e-03,-1.444396362304687653e-01,2.447657562422765609e-01,2.409335237662845949e-02,-9.692828456866461329e-01,1.933305297851562576e+00,0.000000000000000000e+00,0.000000000000000000e+00,0.000000000000000000e+00,1.000000000000000000e+00
9.631665839823044806e-01,1.088622585963051476e-01,2.458844040462299374e-01,-1.096039657592773470e-01,1.115353622376972081e-01,-9.937557173458990700e-01,3.072004694580816181e-03,-1.444391479492187491e-01,2.446834576966005759e-01,2.446595380623954596e-02,-9.692942910354866992e-01,1.933336547851562504e+00,0.000000000000000000e+00,0.000000000000000000e+00,0.000000000000000000e+00,1.000000000000000000e+00
9.630694130759114291e-01,1.089074136391007669e-01,2.462447580194573882e-01,-1.096011734008789096e-01,1.114456438356312279e-01,-9.937638345541979223e-01,3.648232750008485389e-03,-1.444420776367187631e-01,2.451064545614434764e-01,2.392940422531265876e-02,-9.692008097116615595e-01,1.933298706054687566e+00,0.000000000000000000e+00,0.000000000000000000e+00,0.000000000000000000e+00,1.000000000000000000e+00
9.631206312749920340e-01,1.089014124383356208e-01,2.460470117302711313e-01,-1.096098098754882816e-01,1.114358753254784951e-01,-9.937649511734374386e-01,3.642459292808982591e-03,-1.444270477294921917e-01,2.449095655602391564e-01,2.391033642989739277e-02,-9.692510513323695509e-01,1.933304809570312477e+00,0.000000000000000000e+00,0.000000000000000000e+00,0.000000000000000000e+00,1.000000000000000000e+00
9.631616704151045871e-01,1.089310965287418609e-01,2.458731641563015324e-01,-1.096087112426757798e-01,1.114668973967859189e-01,-9.937615417788806527e-01,3.623377705518262409e-03,-1.444506835937499900e-01,2.447339932006178664e-01,2.391682023824174066e-02,-9.692952379341249758e-01,1.933334838867187599e+00,0.000000000000000000e+00,0.000000000000000000e+00,0.000000000000000000e+00,1.000000000000000000e+00
9.630890137158552022e-01,1.086519442524921247e-01,2.462809506843245955e-01,-1.096134567260742265e-01,1.114838424077965046e-01,-9.937632059400161033e-01,2.458333137466019516e-03,-1.444229583740234413e-01,2.450120497890154181e-01,2.508875305738639261e-02,-9.691953621062219248e-01,1.933328369140625114e+00,0.000000000000000000e+00,0.000000000000000000e+00,0.000000000000000000e+00,1.000000000000000000e+00
9.631401968422936832e-01,1.087625990346757082e-01,2.460318237094746840e-01,-1.096045684814453136e-01,1.114465669276018395e-01,-9.937658032948830655e-01,3.031653299315645658e-03,-1.444396362304687653e-01,2.448277434169567890e-01,2.449949495189745335e-02,-9.692570096731116802e-01,1.933338012695312580e+00,0.000000000000000000e+00,0.000000000000000000e+00,0.000000000000000000e+00,1.000000000000000000e+00
9.631250300779803375e-01,1.084418376792741362e-01,2.462327035103827055e-01,-1.096050949096679661e-01,1.114732309138341954e-01,-9.937660881565513193e-01,1.637320877836821731e-03,-1.444240875244140743e-01,2.448752646285881351e-01,2.587141029723666330e-02,-9.692093555585972187e-01,1.933343383789062564e+00,0.000000000000000000e+00,0.000000000000000000e+00,0.000000000000000000e+00,1.000000000000000000e+00
9.631407981557446041e-01,1.085808594862135712e-01,2.461097313824686938e-01,-1.096004257202148474e-01,1.114201906572181711e-01,-9.937704826415479920e-01,2.401862671864781959e-03,-1.444235382080078234e-01,2.448373828520164774e-01,2.510826126239106698e-02,-9.692389959006783018e-01,1.933350952148437552e+00,0.000000000000000000e+00,0.000000000000000000e+00,0.000000000000000000e+00,1.000000000000000000e+00
9.632470245306428147e-01,1.089184542281546736e-01,2.455441713040910912e-01,-1.095966567993164054e-01,1.115369124924031757e-01,-9.937549420233577901e-01,3.260729337940457273e-03,-1.444428100585937458e-01,2.443658873176152990e-01,2.424635091519314334e-02,-9.693799191146741379e-01,1.933323364257812482e+00,0.000000000000000000e+00,0.000000000000000000e+00,0.000000000000000000e+00,1.000000000000000000e+00
9.631431280167063180e-01,1.088343785757173304e-01,2.459886033828238006e-01,-1.095924835205078079e-01,1.114747305150963069e-01,-9.937620878589351614e-01,3.208923625932893001e-03,-1.444237365722656208e-01,2.448033892959438074e-01,2.433086053323746389e-02,-9.692674088273737221e-01,1.933274902343750101e+00,0.000000000000000000e+00,0.000000000000000000e+00,0.000000000000000000e+00,1.000000000000000000e+00
9.632198582783106922e-01,1.087137975032961695e-01,2.457413576318071280e-01,-1.095942382812500060e-01,1.115230330123497676e-01,-9.937587074393237074e-01,2.498899007846893880e-03,-1.444387969970703234e-01,2.444792787252894339e-01,2.499883239148157493e-02,-9.693322137704003527e-01,1.933284790039062617e+00,0.000000000000000000e+00,0.000000000000000000e+00,0.000000000000000000e+00,1.000000000000000000e+00
9.632613223020219939e-01,1.091521730809290186e-01,2.453842457629903107e-01,-1.095930175781250071e-01,1.116293709966010711e-01,-9.937425124119608766e-01,3.834391225129756345e-03,-1.444194030761718761e-01,2.442672890254933560e-01,2.369856824525621436e-02,-9.694183149576148795e-01,1.933247558593750082e+00,0.000000000000000000e+00,0.000000000000000000e+00,0.000000000000000000e+00,1.000000000000000000e+00
9.630389595825412652e-01,1.084201989717340359e-01,2.465786340725947823e-01,-1.095919952392578195e-01,1.114631820226380937e-01,-9.937672331226732325e-01,1.626476281764800691e-03,-1.444290618896484357e-01,2.452181098115823188e-01,2.591807914635064006e-02,-9.691214226265967291e-01,1.933254394531250142e+00,0.000000000000000000e+00,0.000000000000000000e+00,0.000000000000000000e+00,1.000000000000000000e+00
9.629744236304258465e-01,1.088282931741154785e-01,2.466508910149283751e-01,-1.095997543334960994e-01,1.114312179127319030e-01,-9.937662509768365737e-01,3.423754361577777475e-03,-1.444268951416015634e-01,2.454859326074196324e-01,2.418762130206145167e-02,-9.690983520095437509e-01,1.933276855468750055e+00,0.000000000000000000e+00,0.000000000000000000e+00,0.000000000000000000e+00,1.000000000000000000e+00
9.631805445091646822e-01,1.085794928267657666e-01,2.459547365197742586e-01,-1.096041946411132895e-01,1.115096160683483328e-01,-9.937612905005505093e-01,2.025592992238723147e-03,-1.444284210205078189e-01,2.446402342283844622e-01,2.547530647829335942e-02,-9.692791984544587569e-01,1.933276245117187431e+00,0.000000000000000000e+00,0.000000000000000000e+00,0.000000000000000000e+00,1.000000000000000000e+00
9.630679874890584191e-01,1.086022912162404874e-01,2.463850519336720502e-01,-1.095926971435546848e-01,1.115050689338218659e-01,-9.937614678451327510e-01,2.182802865881412757e-03,-1.444542999267578176e-01,2.450850282572132333e-01,2.537099463699761526e-02,-9.691695628502221549e-01,1.933270874023437447e+00,0.000000000000000000e+00,0.000000000000000000e+00,0.000000000000000000e+00,1.000000000000000000e+00
9.631348409444434600e-01,1.089110369330686529e-01,2.459871220065917297e-01,-1.096003570556640661e-01,1.115543279222407508e-01,-9.937531627417192093e-01,3.206783847995095527e-03,-1.444289245605468730e-01,2.447997346418889775e-01,2.435236282158960777e-02,-9.692677918636659617e-01,1.933242797851562500e+00,0.000000000000000000e+00,0.000000000000000000e+00,0.000000000000000000e+00,1.000000000000000000e+00
9.628915824612560570e-01,1.086200881194369638e-01,2.470657339296240818e-01,-1.096036987304687543e-01,1.113911105564917015e-01,-9.937727649151391063e-01,2.777085146568028864e-03,-1.444246063232421939e-01,2.458288447563659884e-01,2.484689457146697922e-02,-9.689947424604041792e-01,1.933271484375000071e+00,0.000000000000000000e+00,0.000000000000000000e+00,0.000000000000000000e+00,1.000000000000000000e+00
9.629532644907694561e-01,1.086145784993984981e-01,2.468276397488096408e-01,-1.095941848754882902e-01,1.114396521488945496e-01,-9.937679614436059072e-01,2.538254745487746392e-03,-1.444300994873047028e-01,2.455650918504165559e-01,2.506216562106338558e-02,-9.690560734647293284e-01,1.933257080078125023e+00,0.000000000000000000e+00,0.000000000000000000e+00,0.000000000000000000e+00,1.000000000000000000e+00
9.632246775858199772e-01,1.088090080295167072e-01,2.456803212740608366e-01,-1.095985565185546851e-01,1.115129905491941131e-01,-9.937586809423615275e-01,2.921812874383634268e-03,-1.444642181396484371e-01,2.444648715633158942e-01,2.458218508046304540e-02,-9.693465029328787175e-01,1.933303100585937573e+00,0.000000000000000000e+00,0.000000000000000000e+00,0.000000000000000000e+00,1.000000000000000000e+00
9.631032859535928470e-01,1.084609987521653884e-01,2.463093021691931672e-01,-1.095977096557617242e-01,1.115003668556730498e-01,-9.937630779131763070e-01,1.616529486514299563e-03,-1.444330291748046891e-01,2.449484206449236146e-01,2.590669269152706330e-02,-9.691899269479355983e-01,1.933306518554687603e+00,0.000000000000000000e+00,0.000000000000000000e+00,0.000000000000000000e+00,1.000000000000000000e+00
9.632367332857306730e-01,1.086224829374021900e-01,2.457155913847313411e-01,-1.096089553833007879e-01,1.115221016635009471e-01,-9.937596790953374670e-01,2.126274885356001232e-03,-1.444384613037109355e-01,2.444132085006664179e-01,2.535461308807745659e-02,-9.693396345479555753e-01,1.933317626953125146e+00,0.000000000000000000e+00,0.000000000000000000e+00,0.000000000000000000e+00,1.000000000000000000e+00
9.630522253957841672e-01,1.086141200569843562e-01,2.464414414916346330e-01,-1.096038742065429672e-01,1.114022584561054213e-01,-9.937718796459075188e-01,2.643489345395166196e-03,-1.444365692138671886e-01,2.451936948029187768e-01,2.490831486245340121e-02,-9.691540785033133654e-01,1.933281616210937637e+00,0.000000000000000000e+00,0.000000000000000000e+00,0.000000000000000000e+00,1.000000000000000000e+00
9.634086780684202322e-01,1.086537641960374917e-01,2.450266894615584501e-01,-1.096085662841796843e-01,1.114528544102300206e-01,-9.937666869709637085e-01,2.456239110242435658e-03,-1.444271697998046888e-01,2.437662410307694649e-01,2.494256187296109775e-02,-9.695132223651942160e-01,1.933303588867187450e+00,0.000000000000000000e+00,0.000000000000000000e+00,0.000000000000000000e+00,1.000000000000000000e+00
9.629951194998860320e-01,1.084770522643468404e-01,2.467248040863310732e-01,-1.095997314453125010e-01,1.115180693809450507e-01,-9.937610242827921159e-01,1.657352697106397738e-03,-1.444458465576171913e-01,2.453652787599480689e-01,2.591825126149610928e-02,-9.690841677741923732e-01,1.933259033203124977e+00,0.000000000000000000e+00,0.000000000000000000e+00,0.000000000000000000e+00,1.000000000000000000e+00
9.629192304446785311e-01,1.085612131909909350e-01,2.469838428527833807e-01,-1.096085968017578155e-01,1.114606224901586451e-01,-9.937662932198627619e-01,2.254793595894862696e-03,-1.444294281005859271e-01,2.456890011252732819e-01,2.535778875521208300e-02,-9.690169747096857300e-01,1.933306640625000128e+00,0.000000000000000000e+00,0.000000000000000000e+00,0.000000000000000000e+00,1.000000000000000000e+00
9.633205385577098268e-01,1.089539454320572476e-01,2.452398372362701584e-01,-1.096097030639648501e-01,1.114984534491624268e-01,-9.937583458414814830e-01,3.527739906432406786e-03,-1.444383239746093728e-01,2.440934961676139159e-01,2.394551826941244271e-02,-9.694560213250936753e-01,1.933322631835937555e+00,0.000000000000000000e+00,0.000000000000000000e+00,0.000000000000000000e+00,1.000000000000000000e+00
9.631067152947846433e-01,1.084170237950530802e-01,2.463152530914684002e-01,-1.096027450561523481e-01,1.114946172977738237e-01,-9.937639647167103574e-01,1.460391778970757809e-03,-1.444309234619140792e-01,2.449375538126283280e-01,2.605631174874952632e-02,-9.691886624132260986e-01,1.933265869140625037e+00,0.000000000000000000e+00,0.000000000000000000e+00,0.000000000000000000e+00,1.000000000000000000e+00
9.629045057587969358e-01,1.084702313067476276e-01,2.470812046871804224e-01,-1.096057128906249983e-01,1.114317832655480900e-01,-9.937700553811333881e-01,2.008657770652023597e-03,-1.444305877685546913e-01,2.457597820386150933e-01,2.559855363180415372e-02,-9.689926953203994442e-01,1.933337646484375005e+00,0.000000000000000000e+00,0.000000000000000000e+00,0.000000000000000000e+00,1.000000000000000000e+00
9.632562009312367612e-01,1.085088141939823531e-01,2.456894963357953154e-01,-1.096155471801757847e-01,1.115743198073785719e-01,-9.937550328989245285e-01,1.451119422438104309e-03,-1.444529876708984528e-01,2.443126327618811156e-01,2.601483865552853270e-02,-9.693474947833130573e-01,1.933375976562500043e+00,0.000000000000000000e+00,0.000000000000000000e+00,0.000000000000000000e+00,1.000000000000000000e+00
9.634837057799698901e-01,1.089008957094151631e-01,2.446216335694445521e-01,-1.096059112548828096e-01,1.115774523413452790e-01,-9.937514137651086710e-01,2.932536250874971315e-03,-1.444296112060546866e-01,2.434124500215865128e-01,2.446880776692960530e-02,-9.696141792594381581e-01,1.933317749023437448e+00,0.000000000000000000e+00,0.000000000000000000e+00,0.000000000000000000e+00,1.000000000000000000e+00
9.633999657347788181e-01,1.087438993470063731e-01,2.450209590566395090e-01,-1.096125869750976534e-01,1.114668404615729858e-01,-9.937642938837035755e-01,2.769779655208939179e-03,-1.444197998046874987e-01,2.437942770036686246e-01,2.464330652798685933e-02,-9.695138255556886575e-01,1.933296020507812463e+00,0.000000000000000000e+00,0.000000000000000000e+00,0.000000000000000000e+00,1.000000000000000000e+00
9.631241561749217528e-01,1.087856505482750896e-01,2.460844205290819708e-01,-1.096099090576171942e-01,1.114254749123255034e-01,-9.937675931744345270e-01,3.214700118968020354e-03,-1.444263458251953125e-01,2.449004355506707031e-01,2.432391808654088550e-02,-9.692430673860976675e-01,1.933302124023437596e+00,0.000000000000000000e+00,0.000000000000000000e+00,0.000000000000000000e+00,1.000000000000000000e+00
9.631864029770036417e-01,1.086499083689426159e-01,2.459006924179790998e-01,-1.096064529418945277e-01,1.114707464402114601e-01,-9.937646666803976458e-01,2.461695688030658344e-03,-1.444095611572265569e-01,2.446348826481687111e-01,2.503966191901872695e-02,-9.692919010920797440e-01,1.933285766601562594e+00,0.000000000000000000e+00,0.000000000000000000e+00,0.000000000000000000e+00,1.000000000000000000e+00
9.631452678894809605e-01,1.085006053822021171e-01,2.461276326904307810e-01,-1.096034851074218774e-01,1.114907421545647676e-01,-9.937638484878272838e-01,1.796622522173585076e-03,-1.444433135986328276e-01,2.447876781129399715e-01,2.571054395298709438e-02,-9.692357610889712483e-01,1.933281005859375012e+00,0.000000000000000000e+00,0.000000000000000000e+00,0.000000000000000000e+00,1.000000000000000000e+00
9.632806253938009933e-01,1.085980217931409864e-01,2.455542840260462600e-01,-1.095974884033203145e-01,1.114581774205617715e-01,-9.937665498286746280e-01,2.262548938458135497e-03,-1.444202575683593837e-01,2.442693419711411684e-01,2.518956339893204527e-02,-9.693802011949476105e-01,1.933253173828125115e+00,0.000000000000000000e+00,0.000000000000000000e+00,0.000000000000000000e+00,1.000000000000000000e+00
9.629751379147007961e-01,1.084340881645406568e-01,2.468216608851167837e-01,-1.096046142578124966e-01,1.114246562718346073e-01,-9.937711407869435076e-01,1.861642747851803212e-03,-1.444278106689453056e-01,2.454861090425820291e-01,2.570930304270696576e-02,-9.690591323568401583e-01,1.933278198242187607e+00,0.000000000000000000e+00,0.000000000000000000e+00,0.000000000000000000e+00,1.000000000000000000e+00
9.630539451997246481e-01,1.086366071067471628e-01,2.464248084742700906e-01,-1.096047210693359419e-01,1.114154474229588632e-01,-9.937702996766779595e-01,2.681334755001376149e-03,-1.444301910400390687e-01,2.451809468755440091e-01,2.487326027807252454e-02,-9.691582039132473625e-01,1.933295166015625011e+00,0.000000000000000000e+00,0.000000000000000000e+00,0.000000000000000000e+00,1.000000000000000000e+00
9.630813796837500718e-01,1.087453710592764522e-01,2.462695685212143992e-01,-1.096018295288085920e-01,1.114593576366790517e-01,-9.937646580661139151e-01,2.935297933633514156e-03,-1.444298706054687464e-01,2.450531936165364910e-01,2.462211712913004238e-02,-9.691969271754921067e-01,1.933278320312500131e+00,0.000000000000000000e+00,0.000000000000000000e+00,0.000000000000000000e+00,1.000000000000000000e+00
9.630157877158411761e-01,1.087687699087018373e-01,2.465156126953955418e-01,-1.096055450439453183e-01,1.114727389903632931e-01,-9.937629538780092808e-01,3.003325097371443639e-03,-1.444432220458984339e-01,2.453047514257004902e-01,2.458752106663138898e-02,-9.691341665299875174e-01,1.933316894531249996e+00,0.000000000000000000e+00,0.000000000000000000e+00,0.000000000000000000e+00,1.000000000000000000e+00
9.630385451452653234e-01,1.087914333394192357e-01,2.464166889568272789e-01,-1.096037216186523527e-01,1.114740973438538285e-01,-9.937625663456305380e-01,3.080154463593002406e-03,-1.444366912841796857e-01,2.452147756271307322e-01,2.450277049848221048e-02,-9.691590829435768883e-01,1.933284179687499993e+00,0.000000000000000000e+00,0.000000000000000000e+00,0.000000000000000000e+00,1.000000000000000000e+00
9.630448371932082141e-01,1.086967662714168753e-01,2.464338746147624326e-01,-1.096100845336914070e-01,1.114796027765839609e-01,-9.937631244409242948e-01,2.674072958514444459e-03,-1.444419555664062660e-01,2.451875602886136318e-01,2.489709829577290562e-02,-9.691559187128603314e-01,1.933326660156249988e+00,0.000000000000000000e+00,0.000000000000000000e+00,0.000000000000000000e+00,1.000000000000000000e+00
9.632310900295155687e-01,1.088874860723858529e-01,2.456204034224097332e-01,-1.096106185913085923e-01,1.114340445740104324e-01,-9.937654919628287065e-01,3.549745590145574753e-03,-1.444130554199218874e-01,2.444756039166869066e-01,2.395124966913583786e-02,-9.693595910336154642e-01,1.933305908203124979e+00,0.000000000000000000e+00,0.000000000000000000e+00,0.000000000000000000e+00,1.000000000000000000e+00
9.631634806336192289e-01,1.088078227541401377e-01,2.459206524089332380e-01,-1.096096954345703173e-01,1.114338125046654138e-01,-9.937665254919408886e-01,3.255494179178709466e-03,-1.444235992431640581e-01,2.447419355247620887e-01,2.426830276676180537e-02,-9.692844961498218170e-01,1.933285644531250069e+00,0.000000000000000000e+00,0.000000000000000000e+00,0.000000000000000000e+00,1.000000000000000000e+00
9.630761168245761672e-01,1.087776663741743949e-01,2.462758869647702631e-01,-1.096016006469726634e-01,1.114837437954963456e-01,-9.937618156431790029e-01,2.971302561584714813e-03,-1.444038543701171851e-01,2.450627839379851958e-01,2.459416735246714586e-02,-9.691952119469035010e-01,1.933258544921875099e+00,0.000000000000000000e+00,0.000000000000000000e+00,0.000000000000000000e+00,1.000000000000000000e+00
9.629479293385549976e-01,1.086210783483163855e-01,2.468455928734369642e-01,-1.096045989990234448e-01,1.113467200514300370e-01,-9.937772908439193031e-01,2.933280877904516359e-03,-1.444110107421875122e-01,2.456281606745817359e-01,2.466085037806132682e-02,-9.690503852443652644e-01,1.933276977539062580e+00,0.000000000000000000e+00,0.000000000000000000e+00,0.000000000000000000e+00,1.000000000000000000e+00
9.631190547753003539e-01,1.085038543994373272e-01,2.462287552443816474e-01,-1.096057128906249983e-01,1.114218541268360285e-01,-9.937709936442440384e-01,2.093469433729967452e-03,-1.444451904296875089e-01,2.449221442656216441e-01,2.541900414645691803e-02,-9.692094806988489353e-01,1.933304199218750075e+00,0.000000000000000000e+00,0.000000000000000000e+00,0.000000000000000000e+00,1.000000000000000000e+00
9.631041871184298220e-01,1.089757039798264909e-01,2.460784848316686646e-01,-1.095990447998046874e-01,1.114117951340265061e-01,-9.937660973543955834e-01,4.044212411333616627e-03,-1.444539947509765609e-01,2.449851764086191652e-01,2.352104783200578697e-02,-9.692414681847461022e-01,1.933329589843750140e+00,0.000000000000000000e+00,0.000000000000000000e+00,0.000000000000000000e+00,1.000000000000000000e+00
9.632062100706957342e-01,1.087387349703946293e-01,2.457838163880712579e-01,-1.096019363403320374e-01,1.114970439859312712e-01,-9.937610748254570581e-01,2.708384048013651527e-03,-1.444402465820312509e-01,2.445448958037075016e-01,2.479543665254767965e-02,-9.693208861143782773e-01,1.933319213867187525e+00,0.000000000000000000e+00,0.000000000000000000e+00,0.000000000000000000e+00,1.000000000000000000e+00
9.629680680496952583e-01,1.088859446564418992e-01,2.466502604355252648e-01,-1.096054840087890697e-01,1.114247802283040295e-01,-9.937660422918992431e-01,3.683956917502399092e-03,-1.444165649414062558e-01,2.455137842723139341e-01,2.393541818665675253e-02,-9.690975582925169807e-01,1.933319458007812575e+00,0.000000000000000000e+00,0.000000000000000000e+00,0.000000000000000000e+00,1.000000000000000000e+00
9.631444918341134365e-01,1.088001659414262606e-01,2.459983978417867034e-01,-1.096101760864257868e-01,1.115095530131155616e-01,-9.937590358429839732e-01,2.932280211459104349e-03,-1.444308929443359479e-01,2.447821632317661866e-01,2.460696185109919470e-02,-9.692657994544302547e-01,1.933339965820312534e+00,0.000000000000000000e+00,0.000000000000000000e+00,0.000000000000000000e+00,1.000000000000000000e+00
9.630423163399710607e-01,1.089840016209938367e-01,2.463168372832401087e-01,-1.096041717529296911e-01,1.114392142597701030e-01,-9.937632289272984032e-01,3.993289014710606558e-03,-1.444174499511718668e-01,2.452158201742049570e-01,2.360364850325405439e-02,-9.691811333871636069e-01,1.933308837890625131e+00,0.000000000000000000e+00,0.000000000000000000e+00,0.000000000000000000e+00,1.000000000000000000e+00
9.632125482099258562e-01,1.088780806894585340e-01,2.456972741328665999e-01,-1.096034545898437462e-01,1.115006003386350975e-01,-9.937590350069167577e-01,3.255221381966873911e-03,-1.444329071044921919e-01,2.445183083023952098e-01,2.425992348506907786e-02,-9.693411437762420313e-01,1.933331420898437569e+00,0.000000000000000000e+00,0.000000000000000000e+00,0.000000000000000000e+00,1.000000000000000000e+00
9.632613102992885201e-01,1.086937260915905867e-01,2.455877073243371289e-01,-1.096006088256835931e-01,1.114855115279455300e-01,-9.937627892488259951e-01,2.549396741608239009e-03,-1.444493865966796908e-01,2.443330284669887054e-01,2.492373593023480480e-02,-9.693710221516990133e-01,1.933289184570312624e+00,0.000000000000000000e+00,0.000000000000000000e+00,0.000000000000000000e+00,1.000000000000000000e+00
9.630918436863322718e-01,1.085806237781611477e-01,2.463013373183491062e-01,-1.095975570678710959e-01,1.114667748328049685e-01,-9.937656435905057872e-01,2.236901321227450362e-03,-1.444372100830078054e-01,2.450086911381605115e-01,2.530007429027782140e-02,-9.691907178196004224e-01,1.933256591796875146e+00,0.000000000000000000e+00,0.000000000000000000e+00,0.000000000000000000e+00,1.000000000000000000e+00
9.631572850621594739e-01,1.084231589594187861e-01,2.461147350992034522e-01,-1.096036758422851559e-01,1.114866502173363638e-01,-9.937648070912983300e-01,1.494995020852202608e-03,-1.444309387207031170e-01,2.447422543309752396e-01,2.599859203987183592e-02,-9.692395483867428663e-01,1.933240844726562546e+00,0.000000000000000000e+00,0.000000000000000000e+00,0.000000000000000000e+00,1.000000000000000000e+00
9.629178298531710922e-01,1.084240542188075196e-01,2.470495444594392465e-01,-1.096077575683593736e-01,1.113974019643987345e-01,-9.937740210960934739e-01,1.952902988672388165e-03,-1.444189147949218877e-01,2.457231608669429856e-01,2.564019230150356432e-02,-9.690008817087321091e-01,1.933274780273437576e+00,0.000000000000000000e+00,0.000000000000000000e+00,0.000000000000000000e+00,1.000000000000000000e+00
9.628920877604514317e-01,1.085044538376215284e-01,2.471145702416577827e-01,-1.095954208374023409e-01,1.114055413797078453e-01,-9.937724692632465828e-01,2.254924460900564406e-03,-1.444237670898437520e-01,2.458203260070532803e-01,2.535868355868706181e-02,-9.689836451096360825e-01,1.933242309570312623e+00,0.000000000000000000e+00,0.000000000000000000e+00,0.000000000000000000e+00,1.000000000000000000e+00
9.630349911350545300e-01,1.087792612952969279e-01,2.464359514388167749e-01,-1.096045913696289120e-01,1.114254804457232712e-01,-9.937675603854717599e-01,3.224629117849970791e-03,-1.444496917724609475e-01,2.452508270260165546e-01,2.435381361424659996e-02,-9.691537151584869170e-01,1.933270751953125144e+00,0.000000000000000000e+00,0.000000000000000000e+00,0.000000000000000000e+00,1.000000000000000000e+00
9.630329895501986703e-01,1.085231985795192949e-01,2.465566393510363885e-01,-1.096027297973632825e-01,1.114957266162700938e-01,-9.937630672025931089e-01,1.915518312238644397e-03,-1.444277343750000053e-01,2.452267603348312619e-01,2.564530432973612106e-02,-9.691264903930335572e-01,1.933291503906249931e+00,0.000000000000000000e+00,0.000000000000000000e+00,0.000000000000000000e+00,1.000000000000000000e+00
9.629340270943418378e-01,1.086537759276260257e-01,2.468854318110785262e-01,-1.096124649047851562e-01,1.114400168125560947e-01,-9.937674874906001765e-01,2.702491338971846693e-03,-1.444211425781249947e-01,2.456403511573183596e-01,2.491059580357802422e-02,-9.690409073408718932e-01,1.933343383789062564e+00,0.000000000000000000e+00,0.000000000000000000e+00,0.000000000000000000e+00,1.000000000000000000e+00
9.627732416211687294e-01,1.088529647164602210e-01,2.474241647266986199e-01,-1.096021270751953158e-01,1.113935938123925828e-01,-9.937692896631162842e-01,3.750490637957633322e-03,-1.444418182373047033e-01,2.462907884510241174e-01,2.395059487576006035e-02,-9.689000033694243896e-01,1.933314086914062591e+00,0.000000000000000000e+00,0.000000000000000000e+00,0.000000000000000000e+00,1.000000000000000000e+00
9.630056152442653117e-01,1.089757090596109451e-01,2.464639524209763510e-01,-1.096026763916015667e-01,1.113795414355473884e-01,-9.937690252049883322e-01,4.209785354964568765e-03,-1.444402008056640541e-01,2.453870060896082839e-01,2.339699506523696196e-02,-9.691428160308964701e-01,1.933318115234375023e+00,0.000000000000000000e+00,0.000000000000000000e+00,0.000000000000000000e+00,1.000000000000000000e+00
9.629004776486201900e-01,1.086733850252301903e-01,2.470076224152148725e-01,-1.096044235229492181e-01,1.113933122109452833e-01,-9.937719327553550253e-01,2.979204988143052679e-03,-1.444423675537109542e-01,2.457930026236185561e-01,2.464631929608521524e-02,-9.690089570310594924e-01,1.933329223632812566e+00,0.000000000000000000e+00,0.000000000000000000e+00,0.000000000000000000e+00,1.000000000000000000e+00
9.632749420313146960e-01,1.086377802893866429e-01,2.455589923997134882e-01,-1.096134185791015625e-01,1.114760778745315373e-01,-9.937643277240277850e-01,2.354783413119865623e-03,-1.444221343994140649e-01,2.442835854417545194e-01,2.510564950377261462e-02,-9.693787888368070593e-01,1.933356933593749938e+00,0.000000000000000000e+00,0.000000000000000000e+00,0.000000000000000000e+00,1.000000000000000000e+00
9.629173978947805912e-01,1.086672851391506933e-01,2.469443378011158541e-01,-1.096075363159179777e-01,1.114844834006819829e-01,-9.937628041168963255e-01,2.588264786775327023e-03,-1.444236297607421893e-01,2.456853573016271053e-01,2.503817673493651669e-02,-9.690262096111551537e-01,1.933338378906249932e+00,0.000000000000000000e+00,0.000000000000000000e+00,0.000000000000000000e+00,1.000000000000000000e+00
9.630008950117296962e-01,1.086538512701609172e-01,2.466244448767592190e-01,-1.096072006225585899e-01,1.114404427446384627e-01,-9.937675173645907911e-01,2.673789800473946876e-03,-1.444510040283203123e-01,2.453778798659057014e-01,2.490907535778707702e-02,-9.691074419471423784e-01,1.933355834960937436e+00,0.000000000000000000e+00,0.000000000000000000e+00,0.000000000000000000e+00,1.000000000000000000e+00
9.631709153497938214e-01,1.086461565539447449e-01,2.459630063450524151e-01,-1.096015167236328164e-01,1.114613040989984316e-01,-9.937656544044026763e-01,2.490344301535848612e-03,-1.444278869628906337e-01,2.447001542966231180e-01,2.501673024688334107e-02,-9.692760172907217697e-01,1.933317016601562521e+00,0.000000000000000000e+00,0.000000000000000000e+00,0.000000000000000000e+00,1.000000000000000000e+00
9.630525803740599411e-01,1.085936656240326786e-01,2.464490682092359830e-01,-1.095998611450195309e-01,1.114316409282469639e-01,-9.937690942746972844e-01,2.444721760476713246e-03,-1.444202728271484493e-01,2.451789485965365223e-01,2.510782847606891910e-02,-9.691526608921388064e-01,1.933306274414062553e+00,0.000000000000000000e+00,0.000000000000000000e+00,0.000000000000000000e+00,1.000000000000000000e+00
9.630703707775977174e-01,1.086213669689245626e-01,2.463673265027307158e-01,-1.096028747558593780e-01,1.114544546470436909e-01,-9.937665009176922526e-01,2.458900798498210236e-03,-1.444408264160156330e-01,2.450986851650391596e-01,2.509064151449700436e-02,-9.691734077236954237e-01,1.933319335937500050e+00,0.000000000000000000e+00,0.000000000000000000e+00,0.000000000000000000e+00,1.000000000000000000e+00
9.630972759594357280e-01,1.088911807491041578e-01,2.461429417931392249e-01,-1.096088790893554737e-01,1.115036101998136825e-01,-9.937584079695268580e-01,3.342379732992121349e-03,-1.444644012451171966e-01,2.449705736449233062e-01,2.422678981907087914e-02,-9.692277754496824160e-01,1.933329345703125091e+00,0.000000000000000000e+00,0.000000000000000000e+00,0.000000000000000000e+00,1.000000000000000000e+00
9.629217491810259100e-01,1.089187333445283679e-01,2.468165603860027479e-01,-1.096036758422851559e-01,1.113370576476546692e-01,-9.937739110293649647e-01,4.180113845661687436e-03,-1.444198303222656299e-01,2.457351512269187466e-01,2.345470707605185057e-02,-9.690532039921545548e-01,1.933304199218750075e+00,0.000000000000000000e+00,0.000000000000000000e+00,0.000000000000000000e+00,1.000000000000000000e+00
9.630544118192468916e-01,1.087935793016186758e-01,2.463537232887441364e-01,-1.096108856201171849e-01,1.114744440200078901e-01,-9.937625246968447845e-01,3.081045047275635801e-03,-1.444239501953125115e-01,2.451522959425728454e-01,2.449493031007897795e-02,-9.691750874755239442e-01,1.933339599609374959e+00,0.000000000000000000e+00,0.000000000000000000e+00,0.000000000000000000e+00,1.000000000000000000e+00
9.630343033135938535e-01,1.088254002662822767e-01,2.464182681908641259e-01,-1.096097106933593829e-01,1.115105386245385938e-01,-9.937584944300749124e-01,3.074820927553751498e-03,-1.444211578369140603e-01,2.452148658156076688e-01,2.451707578310846972e-02,-9.691586983451571102e-01,1.933330200195312543e+00,0.000000000000000000e+00,0.000000000000000000e+00,0.000000000000000000e+00,1.000000000000000000e+00
9.631525222563067645e-01,1.088260715796021405e-01,2.459554939737393364e-01,-1.096173706054687502e-01,1.115208346125220462e-01,-9.937576008691432206e-01,2.989006880482730777e-03,-1.444429168701171773e-01,2.447454234886555224e-01,2.455029244950814732e-02,-9.692765141186504563e-01,1.933366943359374979e+00,0.000000000000000000e+00,0.000000000000000000e+00,0.000000000000000000e+00,1.000000000000000000e+00
9.633052774143413544e-01,1.084933934968062424e-01,2.455038208933343069e-01,-1.096084671020507856e-01,1.115465225094856433e-01,-9.937581139558548937e-01,1.477925215710201162e-03,-1.444474334716796815e-01,2.441317591419027433e-01,2.596140432352567196e-02,-9.693944964068192949e-01,1.933325805664062536e+00,0.000000000000000000e+00,0.000000000000000000e+00,0.000000000000000000e+00,1.000000000000000000e+00
9.631234327835468401e-01,1.086120879393170369e-01,2.461639038866156315e-01,-1.096008453369140684e-01,1.115017913400980776e-01,-9.937617706959428476e-01,2.212155332164261745e-03,-1.444267730712890663e-01,2.448685438172614748e-01,2.531713760926489892e-02,-9.692256903281545322e-01,1.933306030273437504e+00,0.000000000000000000e+00,0.000000000000000000e+00,0.000000000000000000e+00,1.000000000000000000e+00
9.631810244918496133e-01,1.087975939950293069e-01,2.458564573073570292e-01,-1.096059799194335910e-01,1.114443158316098803e-01,-9.937656383871072974e-01,3.165506261222252385e-03,-1.444386901855468919e-01,2.446680987126353679e-01,2.435034911368238325e-02,-9.693010791133921389e-01,1.933304077148437550e+00,0.000000000000000000e+00,0.000000000000000000e+00,0.000000000000000000e+00,1.000000000000000000e+00
9.632115561160273787e-01,1.087502508205925172e-01,2.457577691772921125e-01,-1.095974349975585987e-01,1.115318944869037460e-01,-9.937574152546347905e-01,2.614601038319825863e-03,-1.444337768554687651e-01,2.445079439950839928e-01,2.489141564647596311e-02,-9.693277478492047239e-01,1.933270874023437447e+00,0.000000000000000000e+00,0.000000000000000000e+00,0.000000000000000000e+00,1.000000000000000000e+00
9.631466506706439779e-01,1.088984698672016693e-01,2.459464424676693906e-01,-1.095937881469726538e-01,1.114294391267864337e-01,-9.937656606666928072e-01,3.645788746127946386e-03,-1.444148406982422028e-01,2.448101497034186336e-01,2.389424491951498697e-02,-9.692765630416925182e-01,1.933270019531249995e+00,0.000000000000000000e+00,0.000000000000000000e+00,0.000000000000000000e+00,1.000000000000000000e+00
9.630299069405674484e-01,1.086846575184141628e-01,2.464975528441349650e-01,-1.096090011596679709e-01,1.114357060868736427e-01,-9.937676873154368540e-01,2.804827382946002354e-03,-1.444269866943359293e-01,2.452661447223444535e-01,2.476749619628978299e-02,-9.691393549873024149e-01,1.933318359375000073e+00,0.000000000000000000e+00,0.000000000000000000e+00,0.000000000000000000e+00,1.000000000000000000e+00
9.632696324626477402e-01,1.086499036440275179e-01,2.455744563537081981e-01,-1.096215209960937492e-01,1.114918179237359419e-01,-9.937625883981673347e-01,2.343594725022048533e-03,-1.444368438720703141e-01,2.442973387315881262e-01,2.512202894509468765e-02,-9.693748985559433873e-01,1.933385009765625107e+00,0.000000000000000000e+00,0.000000000000000000e+00,0.000000000000000000e+00,1.000000000000000000e+00
9.632632007476313873e-01,1.085384821026781493e-01,2.456489446105466490e-01,-1.096086730957031297e-01,1.115626649280972299e-01,-9.937560895961761176e-01,1.614368191633240232e-03,-1.444398193359374971e-01,2.442903556826792055e-01,2.585018942606932824e-02,-9.693575139374877025e-01,1.933336059570312626e+00,0.000000000000000000e+00,0.000000000000000000e+00,0.000000000000000000e+00,1.000000000000000000e+00
9.632255001500060754e-01,1.088339972179850207e-01,2.456660271798411233e-01,-1.095969467163085964e-01,1.114874196217866403e-01,-9.937609351240532796e-01,3.123953815732823797e-03,-1.444439849853515756e-01,2.444732932793405589e-01,2.437959948241141817e-02,-9.693494952813617171e-01,1.933293701171874934e+00,0.000000000000000000e+00,0.000000000000000000e+00,0.000000000000000000e+00,1.000000000000000000e+00
9.631865892757939251e-01,1.086198552097562831e-01,2.459132393619241630e-01,-1.095963973999023455e-01,1.114830610536101108e-01,-9.937636925878859939e-01,2.291373432431631496e-03,-1.444188079833984284e-01,2.446285374550166147e-01,2.520814051653543289e-02,-9.692891355598279857e-01,1.933283081054687491e+00,0.000000000000000000e+00,0.000000000000000000e+00,0.000000000000000000e+00,1.000000000000000000e+00
9.630098316210699005e-01,1.085898961270145013e-01,2.466177176528136505e-01,-1.096124801635742219e-01,1.114834986683410911e-01,-9.937637553725039430e-01,2.242327497100736131e-03,-1.444220886230468681e-01,2.453232433460488804e-01,2.533442257211449000e-02,-9.691102482726682288e-01,1.933294433593750083e+00,0.000000000000000000e+00,0.000000000000000000e+00,0.000000000000000000e+00,1.000000000000000000e+00
9.630025630975520556e-01,1.088133654986851301e-01,2.465475916661830358e-01,-1.096137008666992207e-01,1.114487581464296689e-01,-9.937647585599527211e-01,3.283131416435552605e-03,-1.444200286865234273e-01,2.453675564844790269e-01,2.431575894617559602e-02,-9.691251240638165676e-01,1.933320312500000027e+00,0.000000000000000000e+00,0.000000000000000000e+00,0.000000000000000000e+00,1.000000000000000000e+00
9.630771523946104473e-01,1.087310015176311401e-01,2.462924437421118440e-01,-1.096009979248046967e-01,1.114021407839888983e-01,-9.937705570970718494e-01,3.105298008217252659e-03,-1.444245758056640627e-01,2.450958211888418781e-01,2.444686392870088279e-02,-9.691905846013046943e-01,1.933275268554687454e+00,0.000000000000000000e+00,0.000000000000000000e+00,0.000000000000000000e+00,1.000000000000000000e+00
9.629187027532579712e-01,1.090320307112760678e-01,2.467784191678001338e-01,-1.096009826660156311e-01,1.113853656277369597e-01,-9.937673393061574600e-01,4.446982385392721573e-03,-1.444496765136718819e-01,2.457251965345810252e-01,2.320542193833140254e-02,-9.690617298091519505e-01,1.933270507812500094e+00,0.000000000000000000e+00,0.000000000000000000e+00,0.000000000000000000e+00,1.000000000000000000e+00
9.627865960640025200e-01,1.089170884930863864e-01,2.473439675304012209e-01,-1.096017608642578106e-01,1.113412555446031821e-01,-9.937733195164009103e-01,4.208827758968228597e-03,-1.444390563964843832e-01,2.462622489405194015e-01,2.348738494474173627e-02,-9.689185969395028852e-01,1.933293457031250107e+00,0.000000000000000000e+00,0.000000000000000000e+00,0.000000000000000000e+00,1.000000000000000000e+00
9.633756835165534493e-01,1.088056724311908252e-01,2.450890002750223395e-01,-1.095988616943359417e-01,1.115877570655366136e-01,-9.937513132838009522e-01,2.549474417176268715e-03,-1.444425048828125169e-01,2.438349131730242481e-01,2.489283016286927136e-02,-9.694972316228582798e-01,1.933265258789062635e+00,0.000000000000000000e+00,0.000000000000000000e+00,0.000000000000000000e+00,1.000000000000000000e+00
9.631708518378029327e-01,1.087430136253066393e-01,2.459204488401231792e-01,-1.095826873779296856e-01,1.114789319115468691e-01,-9.937628192412407691e-01,2.811909237811837520e-03,-1.444121398925781175e-01,2.446923740329926267e-01,2.470659995603132278e-02,-9.692859361451143796e-01,1.933230834960937505e+00,0.000000000000000000e+00,0.000000000000000000e+00,0.000000000000000000e+00,1.000000000000000000e+00
9.629878195910737126e-01,1.085199021792746105e-01,2.467344527021523570e-01,-1.095892028808593821e-01,1.114818535519793846e-01,-9.937645050775287814e-01,1.976050765983665414e-03,-1.444156799316406170e-01,2.454103821109551442e-01,2.560350130383324402e-02,-9.690811137738368775e-01,1.933236206054687489e+00,0.000000000000000000e+00,0.000000000000000000e+00,0.000000000000000000e+00,1.000000000000000000e+00
9.633348578695173359e-01,1.085334993431397443e-01,2.453699882500907925e-01,-1.095990371704101546e-01,1.115698686584585819e-01,-9.937554068364682358e-01,1.534858566837526625e-03,-1.444189147949218877e-01,2.440043360701840414e-01,2.589731460245590922e-02,-9.694282918686303319e-01,1.933303833007812500e+00,0.000000000000000000e+00,0.000000000000000000e+00,0.000000000000000000e+00,1.000000000000000000e+00
9.631485518015618918e-01,1.085577317707789730e-01,2.460895894493260183e-01,-1.096011123657226610e-01,1.114267239230872647e-01,-9.937700385847834106e-01,2.279387410352537446e-03,-1.444235992431640581e-01,2.448039059294649378e-01,2.522556806064018067e-02,-9.692444058944553742e-01,1.933303222656250098e+00,0.000000000000000000e+00,0.000000000000000000e+00,0.000000000000000000e+00,1.000000000000000000e+00
9.630613165501913375e-01,1.090362521392581469e-01,2.462194067981582635e-01,-1.095969390869140636e-01,1.113968095642594441e-01,-9.937664225271334306e-01,4.364433127853931463e-03,-1.444268035888671975e-01,2.451604604815322552e-01,2.322483965601308126e-02,-9.692042898375119453e-01,1.933312377929687464e+00,0.000000000000000000e+00,0.000000000000000000e+00,0.000000000000000000e+00,1.000000000000000000e+00
9.630253196523846926e-01,1.087515439432488462e-01,2.464859740398675780e-01,-1.095998535156249981e-01,1.113767086879007551e-01,-9.937727488594857439e-01,3.309438942223479410e-03,-1.444299621582031401e-01,2.453109505714597127e-01,2.426572303108697620e-02,-9.691407081613617747e-01,1.933302368164062646e+00,0.000000000000000000e+00,0.000000000000000000e+00,0.000000000000000000e+00,1.000000000000000000e+00
9.629254532839049974e-01,1.087285863650753470e-01,2.468859370742669812e-01,-1.096000061035156264e-01,1.113919780532513504e-01,-9.937714068824375913e-01,3.196574461040720128e-03,-1.444590911865234473e-01,2.456957440481428723e-01,2.442304997237974840e-02,-9.690392747389945383e-01,1.933313720703125016e+00,0.000000000000000000e+00,0.000000000000000000e+00,0.000000000000000000e+00,1.000000000000000000e+00
9.630382647908287685e-01,1.085948539380245520e-01,2.465044791618365982e-01,-1.096108779907226521e-01,1.115102038651671762e-01,-9.937609741349576753e-01,2.144928970501346760e-03,-1.444419250488281348e-01,2.451994595887561634e-01,2.542211605116205531e-02,-9.691392784491107415e-01,1.933328369140625114e+00,0.000000000000000000e+00,0.000000000000000000e+00,0.000000000000000000e+00,1.000000000000000000e+00
9.632360374471494735e-01,1.086816111744002833e-01,2.456921723532319857e-01,-1.096071243286132896e-01,1.114829789580533970e-01,-9.937631461465442628e-01,2.520865637093699582e-03,-1.444374542236328274e-01,2.444337979203203282e-01,2.496230665340296723e-02,-9.693446248268927645e-01,1.933344604492187591e+00,0.000000000000000000e+00,0.000000000000000000e+00,0.000000000000000000e+00,1.000000000000000000e+00
9.631701863821117149e-01,1.086701898838003943e-01,2.459552436832102007e-01,-1.095995330810546897e-01,1.114659826062594783e-01,-9.937649288680100446e-01,2.569216530409815930e-03,-1.444204559326171811e-01,2.447008924917716821e-01,2.494105014986019303e-02,-9.692777812532137327e-01,1.933288208007812647e+00,0.000000000000000000e+00,0.000000000000000000e+00,0.000000000000000000e+00,1.000000000000000000e+00
9.631752234036675686e-01,1.086064431485138371e-01,2.459636752203952781e-01,-1.095988616943359417e-01,1.114863304691141588e-01,-9.937634677505829961e-01,2.228964528149380078e-03,-1.444279022216796993e-01,2.446717947370046498e-01,2.527470417165972316e-02,-9.692764838730011379e-01,1.933284912109375142e+00,0.000000000000000000e+00,0.000000000000000000e+00,0.000000000000000000e+00,1.000000000000000000e+00
9.630870456368110233e-01,1.087064774475305362e-01,2.462645818779231333e-01,-1.096004714965820304e-01,1.115356954456240557e-01,-9.937573484446229344e-01,2.474076347454568989e-03,-1.444368896484375109e-01,2.449961860274967040e-01,2.508454052323005196e-02,-9.691994813549573706e-01,1.933297363281250014e+00,0.000000000000000000e+00,0.000000000000000000e+00,0.000000000000000000e+00,1.000000000000000000e+00
9.629595329093512124e-01,1.084274422792423781e-01,2.468854546946532280e-01,-1.095980300903320326e-01,1.114443170638454578e-01,-9.937691144974010182e-01,1.763877893888451606e-03,-1.444198455810546955e-01,2.455383924627209669e-01,2.581543785863463225e-02,-9.690430645719465552e-01,1.933282958984374966e+00,0.000000000000000000e+00,0.000000000000000000e+00,0.000000000000000000e+00,1.000000000000000000e+00
9.632464674747935884e-01,1.083255567962518179e-01,2.458084958704909728e-01,-1.096035385131835932e-01,1.115747294600501621e-01,-9.937557908351233316e-01,7.126903781123714726e-04,-1.444266815185547004e-01,2.443508187898043027e-01,2.673951993661187465e-02,-9.693181497477036945e-01,1.933306518554687603e+00,0.000000000000000000e+00,0.000000000000000000e+00,0.000000000000000000e+00,1.000000000000000000e+00
9.632716500385909431e-01,1.085710134798087284e-01,2.456014317220020504e-01,-1.096038894653320328e-01,1.115530522095471572e-01,-9.937568848937043953e-01,1.780524949099316842e-03,-1.444204864501953123e-01,2.442614271117404257e-01,2.568246012997025401e-02,-9.693692621839256063e-01,1.933291259765625103e+00,0.000000000000000000e+00,0.000000000000000000e+00,0.000000000000000000e+00,1.000000000000000000e+00
9.631570065684010862e-01,1.089238980291273723e-01,2.458946220158904905e-01,-1.096096649169921861e-01,1.115160931523066085e-01,-9.937568073733079599e-01,3.401289058077549762e-03,-1.444263000488281157e-01,2.447299361873072343e-01,2.414523218672343097e-02,-9.692905994057748886e-01,1.933319580078125099e+00,0.000000000000000000e+00,0.000000000000000000e+00,0.000000000000000000e+00,1.000000000000000000e+00
9.631770341396308499e-01,1.089569867626236366e-01,2.458014970287888123e-01,-1.096040954589843769e-01,1.114588526206434782e-01,-9.937619598239626484e-01,3.753848601958490599e-03,-1.444359130859375062e-01,2.446771854474255881e-01,2.378113206822172684e-02,-9.693129178335959661e-01,1.933282470703125089e+00,0.000000000000000000e+00,0.000000000000000000e+00,0.000000000000000000e+00,1.000000000000000000e+00
9.632492271481206680e-01,1.087510890325673607e-01,2.456097046795573391e-01,-1.096033859252929649e-01,1.114786353279380304e-01,-9.937628473213836466e-01,2.813742901745670474e-03,-1.444240722656250087e-01,2.443837970569435192e-01,2.466989902547489510e-02,-9.693647176466161364e-01,1.933255615234374947e+00,0.000000000000000000e+00,0.000000000000000000e+00,0.000000000000000000e+00,1.000000000000000000e+00
9.631837288244173845e-01,1.088267273244712813e-01,2.458329675770453138e-01,-1.095964736938476597e-01,1.114554691413900261e-01,-9.937641540014603425e-01,3.237996330262386813e-03,-1.444293212890624956e-01,2.446523715935819410e-01,2.428064335241780086e-02,-9.693067973722400144e-01,1.933254882812500020e+00,0.000000000000000000e+00,0.000000000000000000e+00,0.000000000000000000e+00,1.000000000000000000e+00
9.629902016445683888e-01,1.086325034929590538e-01,2.466755981474584025e-01,-1.095993194580078128e-01,1.113799208481654757e-01,-9.937738665998450127e-01,2.831129642060064774e-03,-1.444268188476562631e-01,2.454473156675593681e-01,2.474835849194845228e-02,-9.690939758266707837e-01,1.933298706054687566e+00,0.000000000000000000e+00,0.000000000000000000e+00,0.000000000000000000e+00,1.000000000000000000e+00
9.630043743859745264e-01,1.084556529052806417e-01,2.466980872774806322e-01,-1.095997238159179682e-01,1.113841323490109003e-01,-9.937752164982253111e-01,2.096219159316646541e-03,-1.444372558593750022e-01,2.453897919114325921e-01,2.545958418346911528e-02,-9.690901194413598096e-01,1.933305908203124979e+00,0.000000000000000000e+00,0.000000000000000000e+00,0.000000000000000000e+00,1.000000000000000000e+00
9.629667873085764329e-01,1.087235606419431067e-01,2.467268811903902681e-01,-1.095999832153320280e-01,1.114418855668862229e-01,-9.937665359499135986e-01,2.962797226645325424e-03,-1.444345550537109446e-01,2.455110439102409781e-01,2.464263353310479354e-02,-9.690805270619450296e-01,1.933283325195312541e+00,0.000000000000000000e+00,0.000000000000000000e+00,0.000000000000000000e+00,1.000000000000000000e+00
9.630010576203827943e-01,1.091191149725528192e-01,2.464183064823534941e-01,-1.095986480712890648e-01,1.114593246564182100e-01,-9.937589225048309993e-01,4.474694310503644912e-03,-1.444345397949218790e-01,2.453686654183036830e-01,2.315648266995848012e-02,-9.691532362537910172e-01,1.933257690429687647e+00,0.000000000000000000e+00,0.000000000000000000e+00,0.000000000000000000e+00,1.000000000000000000e+00
9.630367201477261219e-01,1.085619918017497049e-01,2.465249877459634309e-01,-1.096108169555664036e-01,1.114486778758980307e-01,-9.937676295283102146e-01,2.256258273763845495e-03,-1.444430084228515709e-01,2.452334965840207159e-01,2.530202437988787745e-02,-9.691338089838033021e-01,1.933333984375000147e+00,0.000000000000000000e+00,0.000000000000000000e+00,0.000000000000000000e+00,1.000000000000000000e+00
9.631239753852891550e-01,1.089097854147288713e-01,2.460302149715656583e-01,-1.096081314086914116e-01,1.114022145659419871e-01,-9.937681039154264706e-01,3.808179373677143126e-03,-1.444178924560546862e-01,2.449117282366055359e-01,2.374056194061099911e-02,-9.692546781372288756e-01,1.933347656250000046e+00,0.000000000000000000e+00,0.000000000000000000e+00,0.000000000000000000e+00,1.000000000000000000e+00
9.631549114439482695e-01,1.087134998563416555e-01,2.459959176701631001e-01,-1.096158752441406259e-01,1.114587482681547170e-01,-9.937651754756927636e-01,2.779108897095001335e-03,-1.444312133789062425e-01,2.447643029444787621e-01,2.474168467891779341e-02,-9.692668801952083468e-01,1.933343139648437514e+00,0.000000000000000000e+00,0.000000000000000000e+00,0.000000000000000000e+00,1.000000000000000000e+00
9.631885312003825028e-01,1.090237894390556073e-01,2.457268131490698559e-01,-1.096128768920898444e-01,1.114823870730443645e-01,-9.937586538830889271e-01,3.926220188294287511e-03,-1.444128875732421935e-01,2.446211984611009194e-01,2.361252144137779285e-02,-9.693311704957368047e-01,1.933342041015625012e+00,0.000000000000000000e+00,0.000000000000000000e+00,0.000000000000000000e+00,1.000000000000000000e+00
9.633073910053432387e-01,1.087436487258169882e-01,2.453847780451658966e-01,-1.095953140258789094e-01,1.114736452178282378e-01,-9.937635030463333186e-01,2.779646547761499553e-03,-1.444285125732421848e-01,2.441567055321827162e-01,2.467628162582120172e-02,-9.694217783136475086e-01,1.933307250976562530e+00,0.000000000000000000e+00,0.000000000000000000e+00,0.000000000000000000e+00,1.000000000000000000e+00
9.632042126426270112e-01,1.087212848548636396e-01,2.457993632355565117e-01,-1.096062088012695335e-01,1.114974104697551011e-01,-9.937612251649012851e-01,2.637198758883867525e-03,-1.444221191406249993e-01,2.445525959912026592e-01,2.486583154174642346e-02,-9.693171401639928408e-01,1.933333618164062573e+00,0.000000000000000000e+00,0.000000000000000000e+00,0.000000000000000000e+00,1.000000000000000000e+00
9.629535972199554372e-01,1.089750903846792157e-01,2.466673859203915575e-01,-1.096080017089843817e-01,1.114850424228081976e-01,-9.937588047931786850e-01,3.810933221420379283e-03,-1.444274902343750111e-01,2.455431834059602636e-01,2.382997212932626285e-02,-9.690927084191600649e-01,1.933358398437500014e+00,0.000000000000000000e+00,0.000000000000000000e+00,0.000000000000000000e+00,1.000000000000000000e+00
9.632602467557972448e-01,1.087975695787740116e-01,2.455458936201385944e-01,-1.096067886352539017e-01,1.114292755417631009e-01,-9.937672364534541058e-01,3.193165185589081842e-03,-1.444489288330078058e-01,2.443628727368346298e-01,2.428515195374431751e-02,-9.693797077628482084e-01,1.933341674804687438e+00,0.000000000000000000e+00,0.000000000000000000e+00,0.000000000000000000e+00,1.000000000000000000e+00
9.630116360648411922e-01,1.086779993418518497e-01,2.465718582133215875e-01,-1.096018981933593733e-01,1.114367856677700164e-01,-9.937676327618217842e-01,2.781164324614057021e-03,-1.444343872070312507e-01,2.453373832169761515e-01,2.479888170900994282e-02,-9.691205208137062543e-01,1.933327758789062489e+00,0.000000000000000000e+00,0.000000000000000000e+00,0.000000000000000000e+00,1.000000000000000000e+00
9.630514538246142120e-01,1.084553622244855131e-01,2.465143640663816915e-01,-1.096033554077148475e-01,1.114993439569853528e-01,-9.937631871108825177e-01,1.619950734785364707e-03,-1.444552001953124942e-01,2.451525924469468432e-01,2.592609395911570080e-02,-9.691377838411647794e-01,1.933347412109374996e+00,0.000000000000000000e+00,0.000000000000000000e+00,0.000000000000000000e+00,1.000000000000000000e+00
9.630842057222051000e-01,1.090914755562223809e-01,2.461053893140000004e-01,-1.096018981933593733e-01,1.114457995585529243e-01,-9.937608396547770173e-01,4.384897876528199429e-03,-1.444412841796874902e-01,2.450482533077601999e-01,2.320438599917853256e-02,-9.692331556551381233e-01,1.933334960937500124e+00,0.000000000000000000e+00,0.000000000000000000e+00,0.000000000000000000e+00,1.000000000000000000e+00
9.631390968057790269e-01,1.088346542968749164e-01,2.460042646545558820e-01,-1.095916061401367159e-01,1.114396895646761476e-01,-9.937655510886270749e-01,3.350381955340975965e-03,-1.444194488525390729e-01,2.448352012964591373e-01,2.418775503426864523e-02,-9.692629554009196680e-01,1.933251342773437464e+00,0.000000000000000000e+00,0.000000000000000000e+00,0.000000000000000000e+00,1.000000000000000000e+00
9.631286070226419138e-01,1.084005147466633595e-01,2.462369077479731050e-01,-1.095979461669921856e-01,1.114431043981238406e-01,-9.937695466801306221e-01,1.588261085705602871e-03,-1.444243164062500029e-01,2.448749085078630039e-01,2.591170572976465511e-02,-9.692083690772794746e-01,1.933268920898437493e+00,0.000000000000000000e+00,0.000000000000000000e+00,0.000000000000000000e+00,1.000000000000000000e+00
9.629924180078764939e-01,1.085192702585562607e-01,2.467167826514713169e-01,-1.095887832641601611e-01,1.114290959827330119e-01,-9.937699958061482208e-01,2.179909153758978479e-03,-1.444256591796874989e-01,2.454162982114549696e-01,2.539219206760601547e-02,-9.690851753866570606e-01,1.933249389648437511e+00,0.000000000000000000e+00,0.000000000000000000e+00,0.000000000000000000e+00,1.000000000000000000e+00
9.630269295110663874e-01,1.087584788418755471e-01,2.464766242800508489e-01,-1.095922470092773465e-01,1.114746338463878522e-01,-9.937629015211889572e-01,2.949842199435909890e-03,-1.444436340332031221e-01,2.452601456521254497e-01,2.463511396744744175e-02,-9.691442473205468255e-01,1.933286499023437521e+00,0.000000000000000000e+00,0.000000000000000000e+00,0.000000000000000000e+00,1.000000000000000000e+00
9.630920722639996212e-01,1.087616922385807178e-01,2.462205406614875192e-01,-1.095973739624023502e-01,1.114480911706407923e-01,-9.937656025696767204e-01,3.041401609140476775e-03,-1.444224548339843872e-01,2.450162919412819940e-01,2.451165948539176312e-02,-9.692090565159906523e-01,1.933285522460937544e+00,0.000000000000000000e+00,0.000000000000000000e+00,0.000000000000000000e+00,1.000000000000000000e+00
9.630820482249319303e-01,1.086159871347459893e-01,2.463240461782299218e-01,-1.096060180664062550e-01,1.115365469213777105e-01,-9.937580975333389910e-01,2.107673545515154762e-03,-1.444205780029296782e-01,2.450154425494959487e-01,2.544427097921750716e-02,-9.691852361579859076e-01,1.933315551757812445e+00,0.000000000000000000e+00,0.000000000000000000e+00,0.000000000000000000e+00,1.000000000000000000e+00
9.631546505431677341e-01,1.087489436783142388e-01,2.459812724292641251e-01,-1.096075820922851607e-01,1.114730880453351086e-01,-9.937633213580064906e-01,2.865617759037160373e-03,-1.444354553222656212e-01,2.447587991854552059e-01,2.466025896771518316e-02,-9.692703450786780417e-01,1.933321777343750103e+00,0.000000000000000000e+00,0.000000000000000000e+00,0.000000000000000000e+00,1.000000000000000000e+00
9.630120091115860204e-01,1.086539352704023187e-01,2.465810062781030876e-01,-1.096063842773437463e-01,1.114167336114832985e-01,-9.937699311225179910e-01,2.763235077582816210e-03,-1.444157562255859450e-01,2.453450259903682262e-01,2.481222172642826018e-02,-9.691182445268401446e-01,1.933318725585937647e+00,0.000000000000000000e+00,0.000000000000000000e+00,0.000000000000000000e+00,1.000000000000000000e+00
9.632119257809376167e-01,1.087142295002662268e-01,2.457722570542524854e-01,-1.096059341430664080e-01,1.115297969374736270e-01,-9.937580028947347044e-01,2.477110767588164286e-03,-1.444348754882812669e-01,2.445074445256504303e-01,2.502494728930405171e-02,-9.693244356688343055e-01,1.933323120117187432e+00,0.000000000000000000e+00,0.000000000000000000e+00,0.000000000000000000e+00,1.000000000000000000e+00
9.630899773482258786e-01,1.086221842491830597e-01,2.462903096354594479e-01,-1.096011428833007784e-01,1.114445775797226340e-01,-9.937675232354242771e-01,2.493168788507162809e-03,-1.444431915283203027e-01,2.450261244428257879e-01,2.504657364725420068e-02,-9.691928948816440625e-01,1.933313720703125016e+00,0.000000000000000000e+00,0.000000000000000000e+00,0.000000000000000000e+00,1.000000000000000000e+00
9.630751078865974479e-01,1.086539534170319343e-01,2.463344372516124148e-01,-1.096046066284179776e-01,1.114831356676942720e-01,-9.937632439096567571e-01,2.474977950382213632e-03,-1.444198913574218646e-01,2.450670255887510973e-01,2.507854583116532129e-02,-9.691817267716499318e-01,1.933299438476562493e+00,0.000000000000000000e+00,0.000000000000000000e+00,0.000000000000000000e+00,1.000000000000000000e+00
9.632540657124590844e-01,1.089944612581219968e-01,2.454828146805182743e-01,-1.096123886108398421e-01,1.114867696678669001e-01,-9.937587880083711411e-01,3.764497995422284859e-03,-1.444276123046875082e-01,2.443610138247137298e-01,2.374191801824967335e-02,-9.693936332839065972e-01,1.933311767578125062e+00,0.000000000000000000e+00,0.000000000000000000e+00,0.000000000000000000e+00,1.000000000000000000e+00
9.629980820688025522e-01,1.088604201584451731e-01,2.465443222926350930e-01,-1.096027450561523481e-01,1.114195350426313708e-01,-9.937669742842615284e-01,3.589990638961804842e-03,-1.444227600097656161e-01,2.453984130810380193e-01,2.401269965728088096e-02,-9.691248676576603716e-01,1.933339965820312534e+00,0.000000000000000000e+00,0.000000000000000000e+00,0.000000000000000000e+00,1.000000000000000000e+00
9.631569273943846321e-01,1.086532560014124849e-01,2.460146401588728660e-01,-1.096048278808593734e-01,1.114487765032666500e-01,-9.937668452078275427e-01,2.574408982015618380e-03,-1.444281158447265623e-01,2.447609107437972997e-01,2.493847080262312152e-02,-9.692626936212359601e-01,1.933333984375000147e+00,0.000000000000000000e+00,0.000000000000000000e+00,0.000000000000000000e+00,1.000000000000000000e+00
9.630568081039142525e-01,1.085718817201549863e-01,2.464421450654195045e-01,-1.096041946411132895e-01,1.114669519350286880e-01,-9.937656715827535292e-01,2.215538307650331828e-03,-1.444354858398437524e-01,2.451462889603157058e-01,2.533646548797480885e-02,-9.691549723989255627e-01,1.933310791015625085e+00,0.000000000000000000e+00,0.000000000000000000e+00,0.000000000000000000e+00,1.000000000000000000e+00
9.630012526009392726e-01,1.086550641794173794e-01,2.466225142139068516e-01,-1.096032333374023504e-01,1.114224183518143091e-01,-9.937693312570745618e-01,2.749716621828214927e-03,-1.444271850585937544e-01,2.453846616593124974e-01,2.483129640260000465e-02,-9.691077208140026489e-01,1.933277099609375105e+00,0.000000000000000000e+00,0.000000000000000000e+00,0.000000000000000000e+00,1.000000000000000000e+00
9.630019094129168566e-01,1.086825228249182068e-01,2.466078500362217096e-01,-1.096027603149414137e-01,1.113637073792508730e-01,-9.937749063419495377e-01,3.091957923107291339e-03,-1.444349365234375016e-01,2.454087348604875318e-01,2.448560306508325290e-02,-9.691104210030528909e-01,1.933265014648437585e+00,0.000000000000000000e+00,0.000000000000000000e+00,0.000000000000000000e+00,1.000000000000000000e+00
9.630065400507645812e-01,1.088928482742081566e-01,2.464969602534396453e-01,-1.096008987426757841e-01,1.114236130420687559e-01,-9.937661087953277850e-01,3.701279028203491653e-03,-1.444190673828125160e-01,2.453633678365759185e-01,2.390122600461275920e-02,-9.691364966398541281e-01,1.933282104492187514e+00,0.000000000000000000e+00,0.000000000000000000e+00,0.000000000000000000e+00,1.000000000000000000e+00
9.630983588294134146e-01,1.087831586761972141e-01,2.461864651204851429e-01,-1.096027145385742169e-01,1.114900849488003193e-01,-9.937611398426117182e-01,2.959374397123813727e-03,-1.444465942382812396e-01,2.449724722865813109e-01,2.459718128449602317e-02,-9.692179664526746619e-01,1.933321655273437578e+00,0.000000000000000000e+00,0.000000000000000000e+00,0.000000000000000000e+00,1.000000000000000000e+00
9.630857934636500861e-01,1.088147701908298709e-01,2.462216485543221034e-01,-1.095973968505859347e-01,1.114308846741851461e-01,-9.937666196259291596e-01,3.326207747888386065e-03,-1.444199676513671926e-01,2.450487958942456634e-01,2.423327269624438174e-02,-9.692078394881098458e-01,1.933261108398437456e+00,0.000000000000000000e+00,0.000000000000000000e+00,0.000000000000000000e+00,1.000000000000000000e+00
9.631957447984661469e-01,1.086792569299824263e-01,2.458511263250081902e-01,-1.096088180541992252e-01,1.114707046246279643e-01,-9.937643800302849995e-01,2.576624441452712508e-03,-1.444308319091796855e-01,2.445981177618037627e-01,2.492340458625610933e-02,-9.693041755255223935e-01,1.933347290039062472e+00,0.000000000000000000e+00,0.000000000000000000e+00,0.000000000000000000e+00,1.000000000000000000e+00
9.631248304485645617e-01,1.085898212381246064e-01,2.461682589142970556e-01,-1.096044311523437509e-01,1.114805734105434043e-01,-9.937641655813890251e-01,2.205665065810741288e-03,-1.444406585693359391e-01,2.448727071877972450e-01,2.531864786670565484e-02,-9.692245990196087790e-01,1.933332275390625021e+00,0.000000000000000000e+00,0.000000000000000000e+00,0.000000000000000000e+00,1.000000000000000000e+00
9.632088744785699541e-01,1.087913236466172689e-01,2.457501007628351553e-01,-1.096053161621093758e-01,1.115195758348820204e-01,-9.937582058973805088e-01,2.830621350144297416e-03,-1.444213562011718854e-01,2.445241262766000845e-01,2.467946739370339287e-02,-9.693290852738448704e-01,1.933318847656249950e+00,0.000000000000000000e+00,0.000000000000000000e+00,0.000000000000000000e+00,1.000000000000000000e+00
9.631549308672598952e-01,1.085948282970214951e-01,2.460482522051812559e-01,-1.096085281372070341e-01,1.114720797405658881e-01,-9.937650258668798697e-01,2.246953963255426262e-03,-1.444306182861328225e-01,2.447581552970135299e-01,2.526334560070163729e-02,-9.692549761464538394e-01,1.933331298828125044e+00,0.000000000000000000e+00,0.000000000000000000e+00,0.000000000000000000e+00,1.000000000000000000e+00
9.631347794722476818e-01,1.089197386252230837e-01,2.459835098309614276e-01,-1.096059417724609408e-01,1.115120136362761361e-01,-9.937572370303343616e-01,3.409496241285213738e-03,-1.444279785156249996e-01,2.448192545240847340e-01,2.414631209210753998e-02,-9.692680167149964054e-01,1.933290771484375004e+00,0.000000000000000000e+00,0.000000000000000000e+00,0.000000000000000000e+00,1.000000000000000000e+00
9.631452920777048288e-01,1.089356689886246260e-01,2.459352889899164563e-01,-1.096075439453124967e-01,1.115035916706950542e-01,-9.937578567525366946e-01,3.503025426700669478e-03,-1.444311218261718766e-01,2.447817301047768845e-01,2.404874559319078453e-02,-9.692799195497172615e-01,1.933286499023437521e+00,0.000000000000000000e+00,0.000000000000000000e+00,0.000000000000000000e+00,1.000000000000000000e+00
9.632781950458205733e-01,1.086811077322288183e-01,2.455270571064664398e-01,-1.096058044433593781e-01,1.114706222363665983e-01,-9.937644568157962821e-01,2.550440715395991750e-03,-1.444404907226562451e-01,2.442732472611431893e-01,2.491226990262370572e-02,-9.693863829664596254e-01,1.933241333007812646e+00,0.000000000000000000e+00,0.000000000000000000e+00,0.000000000000000000e+00,1.000000000000000000e+00
9.631606870129774123e-01,1.086468599845132332e-01,2.460027455297909837e-01,-1.096121597290039135e-01,1.114401607444592823e-01,-9.937677939375029190e-01,2.581144288487437558e-03,-1.444253997802734391e-01,2.447500389498204199e-01,2.492852879923902754e-02,-9.692656946812712171e-01,1.933329589843750140e+00,0.000000000000000000e+00,0.000000000000000000e+00,0.000000000000000000e+00,1.000000000000000000e+00
9.630471355028564773e-01,1.086394709505110884e-01,2.464501575396867705e-01,-1.096077194213867234e-01,1.114800639623239192e-01,-9.937636743452704646e-01,2.440264482355028464e-03,-1.444278717041015681e-01,2.451783231419522313e-01,2.512418960644771312e-02,-9.691523951154019656e-01,1.933270141601562520e+00,0.000000000000000000e+00,0.000000000000000000e+00,0.000000000000000000e+00,1.000000000000000000e+00
9.631928151836771645e-01,1.086822847355521093e-01,2.458612652761787976e-01,-1.096244201660156320e-01,1.115353739688559331e-01,-9.937577238786282630e-01,2.333792020715937110e-03,-1.444475402832031408e-01,2.445801732196840050e-01,2.517433646054810167e-02,-9.693022189449486126e-01,1.933348632812500023e+00,0.000000000000000000e+00,0.000000000000000000e+00,0.000000000000000000e+00,1.000000000000000000e+00
9.633323619853464415e-01,1.086985535401314706e-01,2.453067157866192505e-01,-1.096160964965820356e-01,1.115556718223011112e-01,-9.937556140756680367e-01,2.260879777352585440e-03,-1.444539031982421950e-01,2.440206803449434803e-01,2.518737682601661365e-02,-9.694428831099930477e-01,1.933346923828125119e+00,0.000000000000000000e+00,0.000000000000000000e+00,0.000000000000000000e+00,1.000000000000000000e+00
9.633853341078720822e-01,1.085595828375618965e-01,2.451601823298363847e-01,-1.096172103881836030e-01,1.115566441856118696e-01,-9.937566711067741254e-01,1.671457097122028626e-03,-1.444566345214843839e-01,2.438110193652224256e-01,2.573898997469140082e-02,-9.694811453716746241e-01,1.933372558593750012e+00,0.000000000000000000e+00,0.000000000000000000e+00,0.000000000000000000e+00,1.000000000000000000e+00
9.634085160744935150e-01,1.086140794616408667e-01,2.450449201633105034e-01,-1.096059722900390582e-01,1.115758878751171856e-01,-9.937542753092417636e-01,1.805976047280073021e-03,-1.444182434082031397e-01,2.437105914810066831e-01,2.560121183273239912e-02,-9.695100440700311628e-01,1.933235595703125087e+00,0.000000000000000000e+00,0.000000000000000000e+00,0.000000000000000000e+00,1.000000000000000000e+00
9.633613650764523140e-01,1.088754709815224209e-01,2.451142837465535851e-01,-1.096177978515625040e-01,1.115817393735743512e-01,-9.937511372455258840e-01,2.862282584168344621e-03,-1.444440612792968759e-01,2.438942305926937171e-01,2.459286566822932452e-02,-9.694899665503622366e-01,1.933441528320312575e+00,0.000000000000000000e+00,0.000000000000000000e+00,0.000000000000000000e+00,1.000000000000000000e+00
9.632064676469701547e-01,1.087675976411345002e-01,2.457700355747678145e-01,-1.096055526733398511e-01,1.115099139251423677e-01,-9.937594498718641534e-01,2.773965893318233386e-03,-1.444418029785156377e-01,2.445380129539243830e-01,2.473389362284530296e-02,-9.693241948526819529e-01,1.933267456054687639e+00,0.000000000000000000e+00,0.000000000000000000e+00,0.000000000000000000e+00,1.000000000000000000e+00
9.629648548156916066e-01,1.084833827586187266e-01,2.468401184067155751e-01,-1.096055831909179684e-01,1.114785738676956489e-01,-9.937651126385457223e-01,1.851613059957393434e-03,-1.444268341064453287e-01,2.455019673204658359e-01,2.573434607185706713e-02,-9.690544502111505532e-01,1.933312377929687464e+00,0.000000000000000000e+00,0.000000000000000000e+00,0.000000000000000000e+00,1.000000000000000000e+00
9.630259796602340661e-01,1.085806178869686556e-01,2.465587392868699990e-01,-1.096074218749999996e-01,1.114666021680108532e-01,-9.937655993720113656e-01,2.264973709695907930e-03,-1.444448394775390554e-01,2.452675255727203574e-01,2.530183637745127279e-02,-9.691252024250343045e-01,1.933305664062500151e+00,0.000000000000000000e+00,0.000000000000000000e+00,0.000000000000000000e+00,1.000000000000000000e+00
9.630621951478990361e-01,1.086970112329075783e-01,2.463659230209069295e-01,-1.096004867553710960e-01,1.114391609170294478e-01,-9.937672346636234888e-01,2.827847789947582693e-03,-1.444240570068359431e-01,2.451377606388266961e-01,2.473141843986827876e-02,-9.691727582071905100e-01,1.933288452148437475e+00,0.000000000000000000e+00,0.000000000000000000e+00,0.000000000000000000e+00,1.000000000000000000e+00
9.633230327536360660e-01,1.087618414273320705e-01,2.453153000032277375e-01,-1.096087112426757798e-01,1.115326505210256364e-01,-9.937573357098691273e-01,2.612583123639431945e-03,-1.444314880371093679e-01,2.440680282914837462e-01,2.484390412473524296e-02,-9.694398269071416996e-01,1.933291992187500030e+00,0.000000000000000000e+00,0.000000000000000000e+00,0.000000000000000000e+00,1.000000000000000000e+00
9.629546953683940647e-01,1.088479692426602974e-01,2.467192215043499393e-01,-1.096071624755859397e-01,1.114661673138632181e-01,-9.937625053456005109e-01,3.372908773338951019e-03,-1.444302368164062655e-01,2.455474459494976225e-01,2.425288768341395118e-02,-9.690811365549814038e-01,1.933302246093750121e+00,0.000000000000000000e+00,0.000000000000000000e+00,0.000000000000000000e+00,1.000000000000000000e+00
9.632613310394307904e-01,1.090424377634247460e-01,2.454329947068122908e-01,-1.096091842651367165e-01,1.115285373726282309e-01,-9.937540037627706768e-01,3.790165825619983692e-03,-1.444372558593750022e-01,2.443133100665347834e-01,2.372186274458790850e-02,-9.694061479855903274e-01,1.933367553710937603e+00,0.000000000000000000e+00,0.000000000000000000e+00,0.000000000000000000e+00,1.000000000000000000e+00
9.630632391808108261e-01,1.088063125537062636e-01,2.463135881087958889e-01,-1.096090698242187522e-01,1.114413669903791537e-01,-9.937656647669109722e-01,3.259640117472919693e-03,-1.444350128173828018e-01,2.451326560494949680e-01,2.431028339705222641e-02,-9.691847043052604915e-01,1.933351806640625004e+00,0.000000000000000000e+00,0.000000000000000000e+00,0.000000000000000000e+00,1.000000000000000000e+00
9.631421166695024461e-01,1.085430354314830120e-01,2.461212558002882078e-01,-1.096093673706054761e-01,1.114577229557587174e-01,-9.937669575858092408e-01,2.100000991058332059e-03,-1.444120635986328172e-01,2.448151120558296201e-01,2.540951534297596071e-02,-9.692367705773070607e-01,1.933353881835937482e+00,0.000000000000000000e+00,0.000000000000000000e+00,0.000000000000000000e+00,1.000000000000000000e+00
9.630570735979795405e-01,1.085051421583876213e-01,2.464704994884459877e-01,-1.096126556396484347e-01,1.115078198173690555e-01,-9.937619537889850196e-01,1.784746782181299146e-03,-1.444367218017578169e-01,2.451266593263024263e-01,2.576457503409365288e-02,-9.691486509100859514e-01,1.933308715820312607e+00,0.000000000000000000e+00,0.000000000000000000e+00,0.000000000000000000e+00,1.000000000000000000e+00
9.631553504835100865e-01,1.087110354870308576e-01,2.459952877563403029e-01,-1.096142349243164060e-01,1.114001596117417808e-01,-9.937710996966891974e-01,3.000974193772197943e-03,-1.444304962158203254e-01,2.447892466458966021e-01,2.451350996839802426e-02,-9.692663785335607907e-01,1.933322631835937555e+00,0.000000000000000000e+00,0.000000000000000000e+00,0.000000000000000000e+00,1.000000000000000000e+00
9.631252446570433001e-01,1.086995713787997087e-01,2.461181957645056095e-01,-1.096126174926757846e-01,1.114878656779820509e-01,-9.937623422284744823e-01,2.619728066941098485e-03,-1.444421997070312602e-01,2.448677580059868131e-01,2.491606611489292911e-02,-9.692362822028897096e-01,1.933314086914062591e+00,0.000000000000000000e+00,0.000000000000000000e+00,0.000000000000000000e+00,1.000000000000000000e+00
