T00,T01,T02,T03,T10,T11,T12,T13,T20,T21,T22,T23,T30,T31,T32,T33
6.796096003115857931e-01,7.304374784371119311e-01,-6.776342124450464299e-02,1.421195679942854340e-01,-7.335394401875847681e-01,6.757755033312360382e-01,-7.243865533469871776e-02,-2.429359720533848799e-01,-7.119048645100684025e-03,9.893714768401275228e-02,9.950682187440922366e-01,1.048432954746407741e-01,0.000000000000000000e+00,0.000000000000000000e+00,0.000000000000000000e+00,1.000000000000000000e+00
6.795487670978989092e-01,7.304989651800499750e-01,-6.771067129043840949e-02,1.421010875010265129e-01,-7.336089763190183355e-01,6.759242045752462680e-01,-7.031599770665891702e-02,-2.427605158179304834e-01,-5.598481927071560782e-03,9.745630580007080823e-02,9.952240579185751557e-01,1.052966024353942931e-01,0.000000000000000000e+00,0.000000000000000000e+00,0.000000000000000000e+00,1.000000000000000000e+00
6.795509682243302541e-01,7.304953275973119498e-01,-6.772782252421265248e-02,1.421454815652269943e-01,-7.336028846655594515e-01,6.758570600351194724e-01,-7.102141938214878714e-02,-2.428677682017262585e-01,-6.106488004194155633e-03,9.794800028168484940e-02,9.951727990882155428e-01,1.050052619370138718e-01,0.000000000000000000e+00,0.000000000000000000e+00,0.000000000000000000e+00,1.000000000000000000e+00
6.795984117143499814e-01,7.305285819751005105e-01,-6.688788913384920154e-02,1.421409831869179796e-01,-7.335619036517019298e-01,6.760335382451174713e-01,-6.975377178818872870e-02,-2.427215710197598297e-01,-5.738667634937064110e-03,9.647095980260869674e-02,9.953192561226470447e-01,1.053466108317240302e-01,0.000000000000000000e+00,0.000000000000000000e+00,0.000000000000000000e+00,1.000000000000000000e+00
6.797334691390228834e-01,7.302978716700541106e-01,-6.802521272600425828e-02,1.421793779267189750e-01,-7.334262481361333297e-01,6.758940317090090799e-01,-7.247893794127945044e-02,-2.428480245225640155e-01,-6.953378832180300007e-03,9.915783647463348449e-02,9.950474229846967278e-01,1.049962116136800017e-01,0.000000000000000000e+00,0.000000000000000000e+00,0.000000000000000000e+00,1.000000000000000000e+00
6.796453337580987686e-01,7.303924133366647142e-01,-6.789066829164092098e-02,1.420868947232052371e-01,-7.335116621997809228e-01,6.758752120750118886e-01,-7.178676144995291275e-02,-2.428620436375862890e-01,-6.546886111527469576e-03,9.858813439152175340e-02,9.951067872542334047e-01,1.051146669836076075e-01,0.000000000000000000e+00,0.000000000000000000e+00,0.000000000000000000e+00,1.000000000000000000e+00
6.795690201249049434e-01,7.304642450414710053e-01,-6.788176192815531529e-02,1.421234152763419245e-01,-7.335907117945651423e-01,6.759364092225976783e-01,-7.038919132938412093e-02,-2.427517817900305408e-01,-5.533033094077679376e-03,9.763174382983869082e-02,9.952072287425997033e-01,1.052899944883474159e-01,0.000000000000000000e+00,0.000000000000000000e+00,0.000000000000000000e+00,1.000000000000000000e+00
6.797075099630270900e-01,7.302425924210605990e-01,-6.887276031952258015e-02,1.420949254697271846e-01,-7.334605053945851827e-01,6.759437198021265303e-01,-7.166431947897293486e-02,-2.427921465928252753e-01,-5.778228636997922996e-03,9.922622573812468760e-02,9.950481235596526641e-01,1.052904512157646355e-01,0.000000000000000000e+00,0.000000000000000000e+00,0.000000000000000000e+00,1.000000000000000000e+00
6.796519062199333217e-01,7.303534183928042101e-01,-6.824346572058562210e-02,1.421661771558054843e-01,-7.335093782797832418e-01,6.759064172331151754e-01,-7.151578230502893263e-02,-2.428035888028315104e-01,-6.105599660741572315e-03,9.866305988078712119e-02,9.951021667485924205e-01,1.051481621848429082e-01,0.000000000000000000e+00,0.000000000000000000e+00,0.000000000000000000e+00,1.000000000000000000e+00
6.796089726178844437e-01,7.304804202700321270e-01,-6.730527423152822541e-02,1.421517920696724335e-01,-7.335567121062507301e-01,6.760858514502230410e-01,-6.929986719103183035e-02,-2.426506920575413617e-01,-5.118052474448828854e-03,9.646904721694236906e-02,9.953228262568504237e-01,1.054772279896465381e-01,0.000000000000000000e+00,0.000000000000000000e+00,0.000000000000000000e+00,1.000000000000000000e+00
6.795651842209197158e-01,7.304809856650508193e-01,-6.773986991870668828e-02,1.420938828807993271e-01,-7.335929051279029833e-01,6.759226921480464556e-01,-7.049797007957606110e-02,-2.427723282067599797e-01,-5.710511429903298436e-03,9.760145399097827634e-02,9.952091972234058392e-01,1.052767968078163197e-01,0.000000000000000000e+00,0.000000000000000000e+00,0.000000000000000000e+00,1.000000000000000000e+00
6.796027153353378925e-01,7.304344315683904965e-01,-6.786523770089154806e-02,1.420886502414349661e-01,-7.335622194631606918e-01,6.760208715928580636e-01,-6.987310889830702920e-02,-2.426968537846588558e-01,-5.159407438637950150e-03,9.726932892847217627e-02,9.952447227514885641e-01,1.054556772045847080e-01,0.000000000000000000e+00,0.000000000000000000e+00,0.000000000000000000e+00,1.000000000000000000e+00
6.795948677969657625e-01,7.304111121556282615e-01,-6.819400929409571988e-02,1.420652088898091692e-01,-7.335655810521144460e-01,6.759110157370109562e-01,-7.089313860336567130e-02,-2.427760015804169835e-01,-5.688054122336021201e-03,9.820339120896286189e-02,9.951501092776713353e-01,1.052849306919900751e-01,0.000000000000000000e+00,0.000000000000000000e+00,0.000000000000000000e+00,1.000000000000000000e+00
6.796350627439141645e-01,7.303907901717775486e-01,-6.801084561540589324e-02,1.420983931365497610e-01,-7.335263489844269236e-01,6.759348099320090508e-01,-7.107199214708850854e-02,-2.427974554799483542e-01,-5.939430499029757504e-03,9.819076511783367267e-02,9.951498866054910852e-01,1.052363796709925303e-01,0.000000000000000000e+00,0.000000000000000000e+00,0.000000000000000000e+00,1.000000000000000000e+00
6.795537453977965603e-01,7.303918159076696615e-01,-6.880772028576018218e-02,1.420667825509639992e-01,-7.336068424497472762e-01,6.758678147831649330e-01,-7.087804773793496271e-02,-2.427748664777180099e-01,-5.263822445552825136e-03,9.864325722179947964e-02,9.951089387488867288e-01,1.052981942324844322e-01,0.000000000000000000e+00,0.000000000000000000e+00,0.000000000000000000e+00,1.000000000000000000e+00
6.796506388091613227e-01,7.304025943627959760e-01,-6.772783264209650267e-02,1.421390511328006756e-01,-7.335100344995549859e-01,6.759472139993619733e-01,-7.112238167386068788e-02,-2.427826687111356851e-01,-6.167532307208640346e-03,9.801741699615269809e-02,9.951655879855580977e-01,1.052115947034963916e-01,0.000000000000000000e+00,0.000000000000000000e+00,0.000000000000000000e+00,1.000000000000000000e+00
6.795836188780887133e-01,7.304706704504008163e-01,-6.766612567823430957e-02,1.420073116954842507e-01,-7.335750763979157485e-01,6.759352641722866650e-01,-7.056292182253433298e-02,-2.426823985391444449e-01,-5.806224276813407720e-03,9.759158908473124228e-02,9.952096108356089932e-01,1.055853082173063839e-01,0.000000000000000000e+00,0.000000000000000000e+00,0.000000000000000000e+00,1.000000000000000000e+00
6.796062358246800494e-01,7.304515780722528051e-01,-6.764507609549220979e-02,1.421260895090044052e-01,-7.335519223081888862e-01,6.759234210430982159e-01,-7.091619112272992687e-02,-2.427998536041500732e-01,-6.077952465285765826e-03,9.781626131247408984e-02,9.951859311287913901e-01,1.051637272782195431e-01,0.000000000000000000e+00,0.000000000000000000e+00,0.000000000000000000e+00,1.000000000000000000e+00
6.796296542820621234e-01,7.303475603029169205e-01,-6.852717840405997407e-02,1.420905693844847217e-01,-7.335259433435489251e-01,6.757931967576539245e-01,-7.241025934235797989e-02,-2.429134225265721647e-01,-6.574455293130884032e-03,9.947862270683097141e-02,9.950179798184305424e-01,1.049896352543775446e-01,0.000000000000000000e+00,0.000000000000000000e+00,0.000000000000000000e+00,1.000000000000000000e+00
6.795906180011255238e-01,7.303700509881136949e-01,-6.867445336126636046e-02,1.421012989960188655e-01,-7.335767457886117615e-01,6.759974320680789406e-01,-6.994733644359542313e-02,-2.426912197303554564e-01,-4.663685563896416419e-03,9.791353561680522788e-02,9.951839978516424656e-01,1.054560238969992625e-01,0.000000000000000000e+00,0.000000000000000000e+00,0.000000000000000000e+00,1.000000000000000000e+00
6.796020015637578293e-01,7.303566437337695172e-01,-6.870438431772372956e-02,1.421072144170955065e-01,-7.335629873736316808e-01,6.759414816770805690e-01,-7.062900893872124664e-02,-2.427532777612177173e-01,-5.144222585293109495e-03,9.839860924899503092e-02,9.951337853132393718e-01,1.053522991862183567e-01,0.000000000000000000e+00,0.000000000000000000e+00,0.000000000000000000e+00,1.000000000000000000e+00
6.796006695147348564e-01,7.303907430860233641e-01,-6.835416892458591465e-02,1.421667184549454399e-01,-7.335580026916442842e-01,6.758639085512725408e-01,-7.141872166906182429e-02,-2.428445201891843985e-01,-5.965457414975377376e-03,9.867795869414741627e-02,9.951015394349395082e-01,1.050271860827782788e-01,0.000000000000000000e+00,0.000000000000000000e+00,0.000000000000000000e+00,1.000000000000000000e+00
6.796658808649292949e-01,7.303483168177494766e-01,-6.815883295348140747e-02,1.421710789033518441e-01,-7.334933155516459857e-01,6.758795892915157033e-01,-7.193286328366277349e-02,-2.428377760139749930e-01,-6.468881599916355418e-03,9.888436125400704158e-02,9.950779048246592984e-01,1.050683824593481308e-01,0.000000000000000000e+00,0.000000000000000000e+00,0.000000000000000000e+00,1.000000000000000000e+00
6.795859416920729812e-01,7.304308637834348028e-01,-6.807129414873809570e-02,1.421384420450551023e-01,-7.335696038603668478e-01,6.758439713155511841e-01,-7.148819992536603607e-02,-2.428222839292007995e-01,-6.211613851735787312e-03,9.851740794910335275e-02,9.951159410763888991e-01,1.051141207839525471e-01,0.000000000000000000e+00,0.000000000000000000e+00,0.000000000000000000e+00,1.000000000000000000e+00
6.796016214587855542e-01,7.304290611702703995e-01,-6.793395843396016209e-02,1.421548838933953118e-01,-7.335644728851906660e-01,6.760370095685227509e-01,-6.969308297328710711e-02,-2.426917601925010493e-01,-4.979983058393110118e-03,9.719747060272004857e-02,9.952526571063107230e-01,1.053819463747163176e-01,0.000000000000000000e+00,0.000000000000000000e+00,0.000000000000000000e+00,1.000000000000000000e+00
6.796074293958603851e-01,7.304186621459879403e-01,-6.798764519246115745e-02,1.421730170308638241e-01,-7.335541055369502184e-01,6.759462040728053678e-01,-7.067604579665223707e-02,-2.427538826593756416e-01,-5.667112124866469786e-03,9.790458206044630463e-02,9.951796705378047614e-01,1.051695081532071363e-01,0.000000000000000000e+00,0.000000000000000000e+00,0.000000000000000000e+00,1.000000000000000000e+00
6.796010443255695588e-01,7.303371033872236850e-01,-6.892123016571427563e-02,1.420822441735966057e-01,-7.335630972378344161e-01,6.759047808439685445e-01,-7.097823330502517347e-02,-2.428151509872180092e-01,-5.253848344880830690e-03,9.879495254428205531e-02,9.950939425146463346e-01,1.051805724544314646e-01,0.000000000000000000e+00,0.000000000000000000e+00,0.000000000000000000e+00,1.000000000000000000e+00
6.796947813434103258e-01,7.304302710144084942e-01,-6.698226183365058040e-02,1.421750313891736450e-01,-7.334665402008478940e-01,6.760231757072092673e-01,-7.084843196950707522e-02,-2.427480962615206073e-01,-6.468278003596679426e-03,9.728455731799257045e-02,9.952355883342952625e-01,1.052253873397339667e-01,0.000000000000000000e+00,0.000000000000000000e+00,0.000000000000000000e+00,1.000000000000000000e+00
6.795767740990634742e-01,7.304099320227692704e-01,-6.838668954997209615e-02,1.421115641207331692e-01,-7.335837041665749236e-01,6.758983613560491932e-01,-7.082622464493451564e-02,-2.427662478650132460e-01,-5.509726522945006255e-03,9.829921830157831164e-02,9.951416515225061099e-01,1.052682403839606540e-01,0.000000000000000000e+00,0.000000000000000000e+00,0.000000000000000000e+00,1.000000000000000000e+00
6.796540537411915883e-01,7.304315173027914332e-01,-6.738075217676992024e-02,1.421817432201266107e-01,-7.335075498116757631e-01,6.759951165509701099e-01,-7.069141934147542272e-02,-2.427428472735463083e-01,-6.086181268854191917e-03,9.747000015380248572e-02,9.952198538351113566e-01,1.052365150188261378e-01,0.000000000000000000e+00,0.000000000000000000e+00,0.000000000000000000e+00,1.000000000000000000e+00
6.795405225418056361e-01,7.304695546237801596e-01,-6.810952937251957273e-02,1.421028344329319792e-01,-7.336224516747303914e-01,6.759874874902891406e-01,-6.956303009015842032e-02,-2.426843437834506068e-01,-4.772485973563105055e-03,9.723757773773746005e-02,9.952497560177193670e-01,1.054612079211703080e-01,0.000000000000000000e+00,0.000000000000000000e+00,0.000000000000000000e+00,1.000000000000000000e+00
6.796660342728884086e-01,7.303800174399543987e-01,-6.781675294627967365e-02,1.421949429100379803e-01,-7.334958174421764010e-01,6.759545031098751489e-01,-7.119968764197731614e-02,-2.428082710361488816e-01,-6.161789561339055948e-03,9.813531397969665893e-02,9.951540044131400586e-01,1.051236835366784472e-01,0.000000000000000000e+00,0.000000000000000000e+00,0.000000000000000000e+00,1.000000000000000000e+00
6.795827239907397121e-01,7.305841106042828548e-01,-6.643928495908646426e-02,1.421261742580451348e-01,-7.335667780229574442e-01,6.759130219904903036e-01,-7.086161785268241253e-02,-2.427933401037867256e-01,-6.863194179299089009e-03,9.689398348830297047e-02,9.952710447558621443e-01,1.051804167204641871e-01,0.000000000000000000e+00,0.000000000000000000e+00,0.000000000000000000e+00,1.000000000000000000e+00
6.796662770244004115e-01,7.303493870852423298e-01,-6.814341244758871652e-02,1.420880092049902621e-01,-7.335045116225958894e-01,6.760796769278909490e-01,-6.990995547399417309e-02,-2.426087895546339135e-01,-4.988316859258420943e-03,9.749893963161690436e-02,9.952231274772618264e-01,1.056585386026929196e-01,0.000000000000000000e+00,0.000000000000000000e+00,0.000000000000000000e+00,1.000000000000000000e+00
6.796167501527877741e-01,7.304979865146344897e-01,-6.703554735979827539e-02,1.421481651894082598e-01,-7.335307912285730092e-01,6.758269138224505257e-01,-7.204554721011691143e-02,-2.429280949053401473e-01,-7.324700085764239421e-03,9.813599875319223287e-02,9.951460568767614978e-01,1.048589454673187760e-01,0.000000000000000000e+00,0.000000000000000000e+00,0.000000000000000000e+00,1.000000000000000000e+00
6.796108697333606008e-01,7.304483335045952597e-01,-6.763355543386109781e-02,1.421833064110603062e-01,-7.335481990355372517e-01,6.759383298513469418e-01,-7.081252664248065265e-02,-2.427653497376912606e-01,-6.008779575377185683e-03,9.773743560239199490e-02,9.951940957671941979e-01,1.051751532769977793e-01,0.000000000000000000e+00,0.000000000000000000e+00,0.000000000000000000e+00,1.000000000000000000e+00
6.796202393059371794e-01,7.304077167907582213e-01,-6.797718424775212043e-02,1.421761283039561508e-01,-7.335429685382240939e-01,6.759725815958584905e-01,-7.053922482393097659e-02,-2.427561510813760759e-01,-5.571681422267073941e-03,9.780407038126114061e-02,9.951900924863483766e-01,1.053055329786880545e-01,0.000000000000000000e+00,0.000000000000000000e+00,0.000000000000000000e+00,1.000000000000000000e+00
6.795651115730276803e-01,7.305303090137502675e-01,-6.720659748129964584e-02,1.421300043318555195e-01,-7.335913840693302213e-01,6.759473985055357570e-01,-7.027656560222073079e-02,-2.427703019013589536e-01,-5.911036455922218102e-03,9.705968300933928705e-02,9.952610097769045705e-01,1.052064950644640007e-01,0.000000000000000000e+00,0.000000000000000000e+00,0.000000000000000000e+00,1.000000000000000000e+00
6.796874349646616631e-01,7.303499053615910563e-01,-6.792647855934970391e-02,1.421387789653727474e-01,-7.334708483648307853e-01,6.758864366459604867e-01,-7.209742961438714293e-02,-2.428240536111322401e-01,-6.745765348294515545e-03,9.882580885750974486e-02,9.950818831400382036e-01,1.051142211038564866e-01,0.000000000000000000e+00,0.000000000000000000e+00,0.000000000000000000e+00,1.000000000000000000e+00
6.796894870484683215e-01,7.304133101561718355e-01,-6.722051429804702660e-02,1.422068411266191323e-01,-7.334690108102808193e-01,6.759587617554836392e-01,-7.143502353174928377e-02,-2.427780737811115752e-01,-6.738796389434375395e-03,9.785779862993683464e-02,9.951775921264127689e-01,1.050919320812429003e-01,0.000000000000000000e+00,0.000000000000000000e+00,0.000000000000000000e+00,1.000000000000000000e+00
6.796030514837638759e-01,7.304779646641184065e-01,-6.739165789712990573e-02,1.421527043759325815e-01,-7.335487688721675781e-01,6.758519613221696254e-01,-7.162632241783760401e-02,-2.428400089712379195e-01,-6.774666049629989723e-03,9.811253496441628419e-02,9.951522669334438298e-01,1.050146258122175436e-01,0.000000000000000000e+00,0.000000000000000000e+00,0.000000000000000000e+00,1.000000000000000000e+00
6.796261977969390022e-01,7.303655435297965459e-01,-6.836961380979636460e-02,1.420757164692633689e-01,-7.335293764245011117e-01,6.758088824951165030e-01,-7.222886031902014947e-02,-2.428940008972770292e-01,-6.548678520017739424e-03,9.923974589410575198e-02,9.950420029549077450e-01,1.049784204293293666e-01,0.000000000000000000e+00,0.000000000000000000e+00,0.000000000000000000e+00,1.000000000000000000e+00
6.796779455717074647e-01,7.304772557770348174e-01,-6.663984615735507600e-02,1.422515454677468205e-01,-7.334729715798570249e-01,6.759114139442035096e-01,-7.184121701197802856e-02,-2.428623498611383325e-01,-7.435742413350064639e-03,9.770741677273216130e-02,9.951874046843449673e-01,1.048949633468763132e-01,0.000000000000000000e+00,0.000000000000000000e+00,0.000000000000000000e+00,1.000000000000000000e+00
6.795457117287608817e-01,7.305348869989679583e-01,-6.735283623172111378e-02,1.421419375716690969e-01,-7.336105419754105350e-01,6.759339479210066948e-01,-7.020591677676715769e-02,-2.427811288680972179e-01,-5.761802981390267558e-03,9.711888037517238392e-02,9.952561101048698067e-01,1.051712531850239607e-01,0.000000000000000000e+00,0.000000000000000000e+00,0.000000000000000000e+00,1.000000000000000000e+00
6.796797245039520874e-01,7.304020734727545427e-01,-6.744096058726445353e-02,1.421454365221718752e-01,-7.334849945356558543e-01,6.760345841599955108e-01,-7.054788310538537277e-02,-2.427233454863107487e-01,-5.935898353324999682e-03,9.741689836123437751e-02,9.952259607870045377e-01,1.053383472887849948e-01,0.000000000000000000e+00,0.000000000000000000e+00,0.000000000000000000e+00,1.000000000000000000e+00
6.795381011451075981e-01,7.304211833484707261e-01,-6.865030231485931556e-02,1.420334390878345010e-01,-7.336215041676422688e-01,6.758708393264954983e-01,-7.069722180471466055e-02,-2.428094457673139472e-01,-5.240010964487368250e-03,9.840479390720074937e-02,9.951326739792909493e-01,1.052772321367254627e-01,0.000000000000000000e+00,0.000000000000000000e+00,0.000000000000000000e+00,1.000000000000000000e+00
6.795917536677604787e-01,7.304639082481898527e-01,-6.765742452649192717e-02,1.421353268644524603e-01,-7.335660387408442507e-01,6.759192721508971990e-01,-7.080963452149351134e-02,-2.427396968942336364e-01,-5.992925232645416461e-03,9.775283260234128579e-02,9.951926791156446850e-01,1.053119449651500616e-01,0.000000000000000000e+00,0.000000000000000000e+00,0.000000000000000000e+00,1.000000000000000000e+00
6.795696469000358508e-01,7.305687969278393812e-01,-6.674075192542010260e-02,1.421670590736768269e-01,-7.335863326404052920e-01,6.759827966388710641e-01,-6.998822194835141453e-02,-2.426940103088734424e-01,-6.015610971599080065e-03,9.652197471923448790e-02,9.953126749021827813e-01,1.053799519089031467e-01,0.000000000000000000e+00,0.000000000000000000e+00,0.000000000000000000e+00,1.000000000000000000e+00
6.795951156773362145e-01,7.304854544289328677e-01,-6.739050092753100241e-02,1.421337904713256828e-01,-7.335624963122321374e-01,6.759414950024094093e-01,-7.063398146837208957e-02,-2.427869740694150735e-01,-6.045060105132046835e-03,9.743765289488058590e-02,9.952232719579372500e-01,1.051972081425143202e-01,0.000000000000000000e+00,0.000000000000000000e+00,0.000000000000000000e+00,1.000000000000000000e+00
6.795567804463371608e-01,7.304745458510765177e-01,-6.789344602443239673e-02,1.420965402586734649e-01,-7.336025790087906673e-01,6.759326024496998819e-01,-7.030201289598601855e-02,-2.427352796385034983e-01,-5.462437282039107889e-03,9.758101664381084450e-02,9.952125938560566487e-01,1.053669735231614890e-01,0.000000000000000000e+00,0.000000000000000000e+00,0.000000000000000000e+00,1.000000000000000000e+00
6.796793338323714462e-01,7.304220806619164952e-01,-6.722787548852597606e-02,1.421675868095699236e-01,-7.334752374146903398e-01,6.759028740095698318e-01,-7.189840752803478008e-02,-2.428343360365863568e-01,-7.076670166653347555e-03,9.817784366709486621e-02,9.951437241686409418e-01,1.050646890533508682e-01,0.000000000000000000e+00,0.000000000000000000e+00,0.000000000000000000e+00,1.000000000000000000e+00
6.796850877282181180e-01,7.304560963934050299e-01,-6.679874820379194666e-02,1.422057782200716325e-01,-7.334674593373322615e-01,6.759174821426163771e-01,-7.184040247120805633e-02,-2.428271618727022296e-01,-7.325818256264098050e-03,9.782355838802299364e-02,9.951768103262765841e-01,1.050461916659586326e-01,0.000000000000000000e+00,0.000000000000000000e+00,0.000000000000000000e+00,1.000000000000000000e+00
6.796430736407798046e-01,7.304869521028591883e-01,-6.688875286316034452e-02,1.421921609655322216e-01,-7.335087558071506919e-01,6.758993043777689058e-01,-7.158935323003119688e-02,-2.428374530084602412e-01,-7.085026913113891267e-03,9.771869395936259861e-02,9.951888560692976338e-01,1.050168856946993579e-01,0.000000000000000000e+00,0.000000000000000000e+00,0.000000000000000000e+00,1.000000000000000000e+00
6.795990812599745912e-01,7.304008648637457801e-01,-6.826174153133553191e-02,1.420629661550862344e-01,-7.335560478375818816e-01,6.758165356810615920e-01,-7.188556726461796387e-02,-2.429598838170783648e-01,-6.372866820034711610e-03,9.892717880512348627e-02,9.950742685157493161e-01,1.049377411292606865e-01,0.000000000000000000e+00,0.000000000000000000e+00,0.000000000000000000e+00,1.000000000000000000e+00
6.795778736027187072e-01,7.304038952788565187e-01,-6.844021822788758092e-02,1.420588987306514173e-01,-7.335822620973919683e-01,6.758867282459213310e-01,-7.095206351543040246e-02,-2.428375588153196818e-01,-5.565828391259394770e-03,9.842398255759413073e-02,9.951290073210717901e-01,1.051991435887273951e-01,0.000000000000000000e+00,0.000000000000000000e+00,0.000000000000000000e+00,1.000000000000000000e+00
6.796931200298914622e-01,7.303712624056433178e-01,-6.763934976046745429e-02,1.421333915876967779e-01,-7.334675759614150969e-01,6.759499116086328252e-01,-7.153343280989483965e-02,-2.428177487982440541e-01,-6.525151133718789381e-03,9.823205204142239355e-02,9.951421437937465475e-01,1.051453729737499287e-01,0.000000000000000000e+00,0.000000000000000000e+00,0.000000000000000000e+00,1.000000000000000000e+00
6.796294617382796499e-01,7.304109884213142445e-01,-6.784970693183017820e-02,1.421739496217321874e-01,-7.335227809725860526e-01,6.758110625141735550e-01,-7.227542858888853783e-02,-2.429085241532682737e-01,-6.937184701308746204e-03,9.888981634558079159e-02,9.950742081330202771e-01,1.048771809643369579e-01,0.000000000000000000e+00,0.000000000000000000e+00,0.000000000000000000e+00,1.000000000000000000e+00
6.797091938727100047e-01,7.303039437214168261e-01,-6.820235736289854966e-02,1.421375166796997047e-01,-7.334506146066156473e-01,6.758795815803440021e-01,-7.236703072502827239e-02,-2.428753498757621754e-01,-6.753347176668113988e-03,9.921159704250857858e-02,9.950434419231084515e-01,1.050407849315937447e-01,0.000000000000000000e+00,0.000000000000000000e+00,0.000000000000000000e+00,1.000000000000000000e+00
6.796673489402121904e-01,7.303635389003940714e-01,-6.798084899055448216e-02,1.421512136728113052e-01,-7.334948225519409837e-01,6.759433575903230906e-01,-7.131565479624656090e-02,-2.428059366767832128e-01,-6.135150697469372860e-03,9.833452280055728079e-02,9.951345042513128902e-01,1.051882423889769491e-01,0.000000000000000000e+00,0.000000000000000000e+00,0.000000000000000000e+00,1.000000000000000000e+00
6.795840904325982645e-01,7.304537394120955707e-01,-6.784392831923070910e-02,1.421680733562417642e-01,-7.335760041842165347e-01,6.759418600361105645e-01,-7.049005558262723403e-02,-2.427397733041081196e-01,-5.631173591439164738e-03,9.767259815224467456e-02,9.952026695373026310e-01,1.052401300059166989e-01,0.000000000000000000e+00,0.000000000000000000e+00,0.000000000000000000e+00,1.000000000000000000e+00
6.796229311908301707e-01,7.303923133292754555e-01,-6.811563718481830620e-02,1.420853146508219145e-01,-7.335418881478253939e-01,6.759871230486245164e-01,-7.041099207486686828e-02,-2.427552246157502203e-01,-5.382353770182049524e-03,9.781859793491917698e-02,9.951897066217774146e-01,1.053931219301098565e-01,0.000000000000000000e+00,0.000000000000000000e+00,0.000000000000000000e+00,1.000000000000000000e+00
6.795361548461900103e-01,7.304141551437974833e-01,-6.874428137981783427e-02,1.420019377118784676e-01,-7.336260946869541666e-01,6.759142468550576321e-01,-7.023306979428239893e-02,-2.427041927268482058e-01,-4.833989162514408522e-03,9.815850887178759199e-02,9.951590524558595607e-01,1.055812636157265061e-01,0.000000000000000000e+00,0.000000000000000000e+00,0.000000000000000000e+00,1.000000000000000000e+00
6.796224194054053536e-01,7.305555331778650352e-01,-6.634741882506506316e-02,1.421881551467707450e-01,-7.335267600817547695e-01,6.759164072255291478e-01,-7.124256232966497127e-02,-2.428407132099426324e-01,-7.201339146780252193e-03,9.708564974566449846e-02,9.952499773061815880e-01,1.050182649075737107e-01,0.000000000000000000e+00,0.000000000000000000e+00,0.000000000000000000e+00,1.000000000000000000e+00
6.796404465090075675e-01,7.304367583621282911e-01,-6.746114068456739166e-02,1.421485911993562445e-01,-7.335159415243248660e-01,6.759087701859829433e-01,-7.142617108144325155e-02,-2.428282471409644594e-01,-6.574724231498661059e-03,9.802793693176622969e-02,9.951619449025277397e-01,1.050870394908538508e-01,0.000000000000000000e+00,0.000000000000000000e+00,0.000000000000000000e+00,1.000000000000000000e+00
6.796986394873468784e-01,7.303259155887978915e-01,-6.807214186753571261e-02,1.421121499478482653e-01,-7.334703341788574305e-01,6.760409223254059130e-01,-7.063950892361757494e-02,-2.427263082260575078e-01,-5.570310458589342040e-03,9.794247475328916874e-02,9.951764885087450718e-01,1.054079385854880258e-01,0.000000000000000000e+00,0.000000000000000000e+00,0.000000000000000000e+00,1.000000000000000000e+00
6.796138584542537053e-01,7.303898947315241585e-01,-6.823199448202174611e-02,1.421187305984555893e-01,-7.335491894718166872e-01,6.759471036745801076e-01,-7.071845345584834575e-02,-2.427599511520125430e-01,-5.530824727130727314e-03,9.811276526537918152e-02,9.951599345179740208e-01,1.052658295058148674e-01,0.000000000000000000e+00,0.000000000000000000e+00,0.000000000000000000e+00,1.000000000000000000e+00
6.796472944659106563e-01,7.303842566237547240e-01,-6.795875809145485169e-02,1.420882608153346549e-01,-7.335147104773834803e-01,6.759469132727589091e-01,-7.107700014990650517e-02,-2.427995885476294524e-01,-5.977009155766925541e-03,9.815603961649313480e-02,9.951530873430265434e-01,1.052213506889716488e-01,0.000000000000000000e+00,0.000000000000000000e+00,0.000000000000000000e+00,1.000000000000000000e+00
6.795491451987171194e-01,7.304345361161156402e-01,-6.839844814415062257e-02,1.421113260745650031e-01,-7.336113292288420906e-01,6.759071012094445274e-01,-7.045571773630070200e-02,-2.427707714253933835e-01,-5.232292689105424999e-03,9.805599922228559751e-02,9.951671438154170435e-01,1.052896622774368574e-01,0.000000000000000000e+00,0.000000000000000000e+00,0.000000000000000000e+00,1.000000000000000000e+00
6.795876760121117854e-01,7.303707758362714131e-01,-6.869585443664140423e-02,1.421237587254569057e-01,-7.335730794799335541e-01,6.758697176157398845e-01,-7.120858004726174362e-02,-2.427733999003784671e-01,-5.579218115853004645e-03,9.878590291303332438e-02,9.950930698738046365e-01,1.052380398038572640e-01,0.000000000000000000e+00,0.000000000000000000e+00,0.000000000000000000e+00,1.000000000000000000e+00
6.795844752880331185e-01,7.305114696568063559e-01,-6.721557592806713666e-02,1.421145054389145179e-01,-7.335651062873230766e-01,6.758383655782651545e-01,-7.158727854980891092e-02,-2.428818121542001274e-01,-6.868463085525407935e-03,9.795660423040634945e-02,9.951669849339308538e-01,1.050054994757922966e-01,0.000000000000000000e+00,0.000000000000000000e+00,0.000000000000000000e+00,1.000000000000000000e+00
6.796802925531770789e-01,7.304243127233395194e-01,-6.719392306946175841e-02,1.422009930046613246e-01,-7.334773037485727842e-01,6.759489995550990171e-01,-7.144224860811992928e-02,-2.427855743745288009e-01,-6.763490264010994096e-03,9.784310595590159365e-02,9.951788692573565465e-01,1.050638216589474538e-01,0.000000000000000000e+00,0.000000000000000000e+00,0.000000000000000000e+00,1.000000000000000000e+00
6.796086053609051714e-01,7.304296516259963790e-01,-6.785770070471876247e-02,1.420993442656710570e-01,-7.335510348191290886e-01,6.759264614620077438e-01,-7.089638926795782670e-02,-2.428189907313840212e-01,-5.918009394246911276e-03,9.795888280791384406e-02,9.951728666135523094e-01,1.051340965262734795e-01,0.000000000000000000e+00,0.000000000000000000e+00,0.000000000000000000e+00,1.000000000000000000e+00
6.796249263715311573e-01,7.304159617333637611e-01,-6.784159711870188514e-02,1.421063496280252636e-01,-7.335343073720953511e-01,6.759179486222359756e-01,-7.115016963049961007e-02,-2.427928156464717602e-01,-6.113866422424167613e-03,9.811956774993396690e-02,9.951558526491892653e-01,1.051344344444751222e-01,0.000000000000000000e+00,0.000000000000000000e+00,0.000000000000000000e+00,1.000000000000000000e+00
6.795512515448745017e-01,7.305957117595661687e-01,-6.663334362259930310e-02,1.421480834724148101e-01,-7.336057515423671793e-01,6.760139416295015691e-01,-6.948202664361123604e-02,-2.426550433065656209e-01,-5.718201443919931209e-03,9.609920229157810356e-02,9.953553362951188532e-01,1.054253784839669361e-01,0.000000000000000000e+00,0.000000000000000000e+00,0.000000000000000000e+00,1.000000000000000000e+00
6.795794265548484869e-01,7.304927412418740218e-01,-6.746968205287301457e-02,1.421353814369309410e-01,-7.335715536669582537e-01,6.758341147188196008e-01,-7.156133755649295158e-02,-2.428601183566123645e-01,-6.676724798013945056e-03,9.812545222908115872e-02,9.951516552620560674e-01,1.049734706810145912e-01,0.000000000000000000e+00,0.000000000000000000e+00,0.000000000000000000e+00,1.000000000000000000e+00
6.796617739823394011e-01,7.303778901455094674e-01,-6.788232887706177610e-02,1.421808097312021180e-01,-7.335015832846490946e-01,6.759733873895829026e-01,-7.096060075820928570e-02,-2.427515931649828762e-01,-5.941406070317591798e-03,9.802100350255113503e-02,9.951666104558878345e-01,1.052426192443736142e-01,0.000000000000000000e+00,0.000000000000000000e+00,0.000000000000000000e+00,1.000000000000000000e+00
6.795978597213755412e-01,7.304481260533741693e-01,-6.776639437980674918e-02,1.421527150417538077e-01,-7.335585581541330669e-01,6.758854356576664557e-01,-7.120898556134547253e-02,-2.427992199411938001e-01,-6.212151073101641885e-03,9.810409273297610033e-02,9.951567696439012067e-01,1.050954109239448098e-01,0.000000000000000000e+00,0.000000000000000000e+00,0.000000000000000000e+00,1.000000000000000000e+00
6.795879707935627012e-01,7.304922139752637600e-01,-6.738928159733909018e-02,1.421268671123550598e-01,-7.335688707999407088e-01,6.759306296482587850e-01,-7.067174609848242417e-02,-2.427852521799455932e-01,-6.074680731344896806e-03,9.746234772888481834e-02,9.952206735338582355e-01,1.051788487529454752e-01,0.000000000000000000e+00,0.000000000000000000e+00,0.000000000000000000e+00,1.000000000000000000e+00
6.796126078813208293e-01,7.304688160213205217e-01,-6.739445102647535768e-02,1.422036403571252938e-01,-7.335445951895930294e-01,6.759314633561930297e-01,-7.091532777398297516e-02,-2.428063168626518331e-01,-6.247405612412441217e-03,9.763178614347596540e-02,9.952029965075208651e-01,1.049849598490733005e-01,0.000000000000000000e+00,0.000000000000000000e+00,0.000000000000000000e+00,1.000000000000000000e+00
6.796426127138063267e-01,7.304416467011664027e-01,-6.738634689638302311e-02,1.421631585237296269e-01,-7.335153132333950277e-01,6.759389843036052170e-01,-7.114615063884294210e-02,-2.427421499432976248e-01,-6.419052552014137270e-03,9.778287305606786495e-02,9.951870706059416927e-01,1.052068143513618104e-01,0.000000000000000000e+00,0.000000000000000000e+00,0.000000000000000000e+00,1.000000000000000000e+00
6.796295644888799004e-01,7.304090527481047479e-01,-6.786951256839829361e-02,1.420896730544718434e-01,-7.335264000334235091e-01,6.758636529587834785e-01,-7.174498632807162213e-02,-2.428707778531864481e-01,-6.532650814302782410e-03,9.854409303872833925e-02,9.951112431283816173e-01,1.050119737609578330e-01,0.000000000000000000e+00,0.000000000000000000e+00,0.000000000000000000e+00,1.000000000000000000e+00
6.796293686114127652e-01,7.303877188620641059e-01,-6.810067148217098520e-02,1.421014401334360633e-01,-7.335321710336862866e-01,6.759295398533899935e-01,-7.106202369895574245e-02,-2.427515646083896472e-01,-5.871573848551501357e-03,9.824987169993927572e-02,9.951444555095939615e-01,1.053260350668641099e-01,0.000000000000000000e+00,0.000000000000000000e+00,0.000000000000000000e+00,1.000000000000000000e+00
6.796120438972022004e-01,7.304110935467802435e-01,-6.802282127098253917e-02,1.421450952194466266e-01,-7.335525703450740398e-01,6.759962086859421238e-01,-7.021219539629437734e-02,-2.426988712152452210e-01,-5.300597136421933420e-03,9.761536900523816451e-02,9.952101001316097095e-01,1.053774630334864959e-01,0.000000000000000000e+00,0.000000000000000000e+00,0.000000000000000000e+00,1.000000000000000000e+00
6.795939558600948560e-01,7.304048245362154690e-01,-6.827039953484861923e-02,1.421088157852936629e-01,-7.335695698046206248e-01,6.759590118034757289e-01,-7.039247558036720864e-02,-2.427545554436806308e-01,-5.267011969943211080e-03,9.791938855961535015e-02,9.951804117490554713e-01,1.052756945091073426e-01,0.000000000000000000e+00,0.000000000000000000e+00,0.000000000000000000e+00,1.000000000000000000e+00
6.795534753068321887e-01,7.305509429819920797e-01,-6.709988007835114565e-02,1.421536707350645190e-01,-7.335975077691687662e-01,6.758730631819404033e-01,-7.092460123204998024e-02,-2.428344493232192369e-01,-6.463032822999818100e-03,9.742136404907929259e-02,9.952222400215671172e-01,1.050252922195187288e-01,0.000000000000000000e+00,0.000000000000000000e+00,0.000000000000000000e+00,1.000000000000000000e+00
6.796071447629836726e-01,7.304271842520201341e-01,-6.789887548973544407e-02,1.421852598798797884e-01,-7.335507451443302740e-01,6.758942414405197940e-01,-7.120588940349172058e-02,-2.428228520675405899e-01,-6.118258355354171119e-03,9.819930189777333063e-02,9.951479608688786893e-01,1.050170127749412430e-01,0.000000000000000000e+00,0.000000000000000000e+00,0.000000000000000000e+00,1.000000000000000000e+00
6.795226604582873531e-01,7.304373702869324525e-01,-6.863091149039003691e-02,1.420411496092960912e-01,-7.336323554600869823e-01,6.757953061197270461e-01,-7.130407596083881971e-02,-2.428692073980336097e-01,-5.702713895650760034e-03,9.880259265249660694e-02,9.950907128193735574e-01,1.051577855405767536e-01,0.000000000000000000e+00,0.000000000000000000e+00,0.000000000000000000e+00,1.000000000000000000e+00
6.795499550928225663e-01,7.304477178154078487e-01,-6.824946938698772669e-02,1.421188674942643893e-01,-7.336113189813484592e-01,6.759362277510688743e-01,-7.017584111431589278e-02,-2.427796594975429600e-01,-5.127494104276174303e-03,9.775657293459961983e-02,9.951971469273277471e-01,1.052221527832024606e-01,0.000000000000000000e+00,0.000000000000000000e+00,0.000000000000000000e+00,1.000000000000000000e+00
6.795544034270626366e-01,7.304523611878557254e-01,-6.815541664442698044e-02,1.421287341448795316e-01,-7.336033878660066510e-01,6.758804176285260201e-01,-7.079357582299930507e-02,-2.427772068710853937e-01,-5.646423151559852582e-03,9.810713073663765438e-02,9.951598408317217093e-01,1.052151421656148944e-01,0.000000000000000000e+00,0.000000000000000000e+00,0.000000000000000000e+00,1.000000000000000000e+00
6.796709863747160130e-01,7.303354889836288777e-01,-6.824532080270631629e-02,1.421315470368665346e-01,-7.334839257541196922e-01,6.758073310693342162e-01,-7.270338323123884394e-02,-2.429170392564117265e-01,-6.977172833303516702e-03,9.947122601027338917e-02,9.950159768844253350e-01,1.049243105373884877e-01,0.000000000000000000e+00,0.000000000000000000e+00,0.000000000000000000e+00,1.000000000000000000e+00
6.795855927514815598e-01,7.303883195140448148e-01,-6.852973691812166979e-02,1.419746960364817734e-01,-7.335755157739602961e-01,6.758928373637816955e-01,-7.096361784255650340e-02,-2.427760369986748934e-01,-5.512239253278969353e-03,9.849758940088829129e-02,9.951220227191379664e-01,1.053653988013034670e-01,0.000000000000000000e+00,0.000000000000000000e+00,0.000000000000000000e+00,1.000000000000000000e+00
6.796044449654508046e-01,7.305305584610164438e-01,-6.680495144700784871e-02,1.421943024240703290e-01,-7.335524856971273877e-01,6.759855128892773291e-01,-7.031598034150186860e-02,-2.427233921622528601e-01,-6.208793020162344661e-03,9.679199098301645432e-02,9.952852663285920443e-01,1.052197511065282587e-01,0.000000000000000000e+00,0.000000000000000000e+00,0.000000000000000000e+00,1.000000000000000000e+00
6.796484249196198535e-01,7.303503353438981494e-01,-6.831109841991711562e-02,1.421555774889372570e-01,-7.335198660701943707e-01,6.760231181654644539e-01,-7.029473512437946214e-02,-2.427234151800641837e-01,-5.159901611860730208e-03,9.788325377151184392e-02,9.951845276361855896e-01,1.052828490793473737e-01,0.000000000000000000e+00,0.000000000000000000e+00,0.000000000000000000e+00,1.000000000000000000e+00
6.795742237967020705e-01,7.304878368426430679e-01,-6.757510322645539358e-02,1.421347091916115302e-01,-7.335745779728310989e-01,6.757925787020392372e-01,-7.192168743314639179e-02,-2.429019133038857192e-01,-6.871164609649038635e-03,9.844750274234698173e-02,9.951185237451379839e-01,1.049330193784117071e-01,0.000000000000000000e+00,0.000000000000000000e+00,0.000000000000000000e+00,1.000000000000000000e+00
6.796110408005713310e-01,7.304809241467147274e-01,-6.727891705226644870e-02,1.421233776888543021e-01,-7.335439412878472787e-01,6.759088590280005748e-01,-7.113719482350715217e-02,-2.428159637604718202e-01,-6.489947754443486233e-03,9.769766499373440383e-02,9.951949793045162806e-01,1.051504604848643165e-01,0.000000000000000000e+00,0.000000000000000000e+00,0.000000000000000000e+00,1.000000000000000000e+00
6.795644919304937304e-01,7.304853732854795778e-01,-6.769948835274540444e-02,1.420816380392519451e-01,-7.335914803064546019e-01,6.758913538807111987e-01,-7.081255376756137587e-02,-2.428378803475327585e-01,-5.970035932426634440e-03,9.778546500003371111e-02,9.951896108308670996e-01,1.051468778396327242e-01,0.000000000000000000e+00,0.000000000000000000e+00,0.000000000000000000e+00,1.000000000000000000e+00
6.796106556332637272e-01,7.305113048231964834e-01,-6.695214914576370913e-02,1.422315590205509017e-01,-7.335433689192915052e-01,6.759264124347386105e-01,-7.097612899869942815e-02,-2.428057339582455898e-01,-6.594138629247819905e-03,9.734843860388758818e-02,9.952285158882474558e-01,1.050223553255109632e-01,0.000000000000000000e+00,0.000000000000000000e+00,0.000000000000000000e+00,1.000000000000000000e+00
6.796352437656856260e-01,7.304217838826887466e-01,-6.767535046963550627e-02,1.421741943738000225e-01,-7.335293632944948072e-01,6.760216762651805045e-01,-7.020944668909290254e-02,-2.427285755239061149e-01,-5.532505429747199693e-03,9.735867115591909093e-02,9.952339828072711558e-01,1.052710905648022166e-01,0.000000000000000000e+00,0.000000000000000000e+00,0.000000000000000000e+00,1.000000000000000000e+00
6.796105927184126205e-01,7.304729935116668349e-01,-6.736948875442264062e-02,1.421746118717040486e-01,-7.335475006215818050e-01,6.759482729768797604e-01,-7.072479474275003564e-02,-2.427609548694788510e-01,-6.124262956347503034e-03,9.748403976896891088e-02,9.952182451068527502e-01,1.052076877162828605e-01,0.000000000000000000e+00,0.000000000000000000e+00,0.000000000000000000e+00,1.000000000000000000e+00
6.796384553433869602e-01,7.303642332422511929e-01,-6.826167899277940654e-02,1.420828032718596812e-01,-7.335266847183382621e-01,6.759735533613563385e-01,-7.069906620419338927e-02,-2.427299789006905073e-01,-5.492979572007512801e-03,9.812156723411877279e-02,9.951592763065326697e-01,1.054253352820531120e-01,0.000000000000000000e+00,0.000000000000000000e+00,0.000000000000000000e+00,1.000000000000000000e+00
6.796194585185021397e-01,7.304461146200982302e-01,-6.757118645858306571e-02,1.421253816941489001e-01,-7.335375389975438143e-01,6.759100014397430023e-01,-7.119233691313922585e-02,-2.428354407992990849e-01,-6.330125152421522267e-03,9.794969928554761451e-02,9.951712344744626515e-01,1.050919147612607851e-01,0.000000000000000000e+00,0.000000000000000000e+00,0.000000000000000000e+00,1.000000000000000000e+00
6.796054947264130730e-01,7.305190291598342434e-01,-6.692024785549223476e-02,1.421627788668661796e-01,-7.335493107664388113e-01,6.759417038714294890e-01,-7.076879002407236718e-02,-2.428003028649187711e-01,-6.463761424261724869e-03,9.718416024621494287e-02,9.952454264077219559e-01,1.051216402623684765e-01,0.000000000000000000e+00,0.000000000000000000e+00,0.000000000000000000e+00,1.000000000000000000e+00
6.796158253991526621e-01,7.303999442262353314e-01,-6.810470865763156023e-02,1.421330217201712265e-01,-7.335412863592506438e-01,6.758602009719077985e-01,-7.162520470217315083e-02,-2.429000074881728921e-01,-6.285783439179858795e-03,9.863523820889172344e-02,9.951038029823979780e-01,1.049500677566612694e-01,0.000000000000000000e+00,0.000000000000000000e+00,0.000000000000000000e+00,1.000000000000000000e+00
6.795864684043182447e-01,7.304665573859168148e-01,-6.768190675885359109e-02,1.421490133122860766e-01,-7.335690582608409560e-01,6.758815947770532295e-01,-7.113723781487983622e-02,-2.428575002472923294e-01,-6.218418130852762515e-03,9.799325682104255419e-02,9.951676506466413663e-01,1.050394497928865967e-01,0.000000000000000000e+00,0.000000000000000000e+00,0.000000000000000000e+00,1.000000000000000000e+00
6.795987122274599335e-01,7.304433295555841088e-01,-6.780953212145340858e-02,1.421909043189165667e-01,-7.335620606351862527e-01,6.759527382142347385e-01,-7.053083649963061419e-02,-2.427415959927367028e-01,-5.682740134608163518e-03,9.767516577119571275e-02,9.952021244230399022e-01,1.052442341522459301e-01,0.000000000000000000e+00,0.000000000000000000e+00,0.000000000000000000e+00,1.000000000000000000e+00
6.796020214747038324e-01,7.305595177006012353e-01,-6.651228085520097255e-02,1.421744073501351457e-01,-7.335464198501029376e-01,6.758905315989524043e-01,-7.128561720278707436e-02,-2.428539089530607209e-01,-7.123365257577198711e-03,9.723569505048322570e-02,9.952358902669541374e-01,1.049723033507821146e-01,0.000000000000000000e+00,0.000000000000000000e+00,0.000000000000000000e+00,1.000000000000000000e+00
6.796713768224932339e-01,7.304149653438538614e-01,-6.738544301222144928e-02,1.421909381955897556e-01,-7.334864895258492723e-01,6.759349484844484612e-01,-7.148087226924679238e-02,-2.428411329464036927e-01,-6.662522890222694755e-03,9.800981491189020289e-02,9.951631459060741314e-01,1.049931151487464298e-01,0.000000000000000000e+00,0.000000000000000000e+00,0.000000000000000000e+00,1.000000000000000000e+00
6.795871414648293474e-01,7.303603929776505410e-01,-6.881143455265470443e-02,1.421251879389848205e-01,-7.335781512850847452e-01,6.759437441120992318e-01,-7.044963273768412026e-02,-2.427719159066770438e-01,-4.940962742180039780e-03,9.835522947586083919e-02,9.951391037045682619e-01,1.052169419715540677e-01,0.000000000000000000e+00,0.000000000000000000e+00,0.000000000000000000e+00,1.000000000000000000e+00
6.796637081240364253e-01,7.303389148898870031e-01,-6.828113397233158410e-02,1.421514588020187375e-01,-7.334946896962314389e-01,6.758556562755231312e-01,-7.214341319768237393e-02,-2.429083627991799332e-01,-6.540951499141012954e-03,9.911710890580348321e-02,9.950542772510659884e-01,1.048971293654001880e-01,0.000000000000000000e+00,0.000000000000000000e+00,0.000000000000000000e+00,1.000000000000000000e+00
6.796003036445369405e-01,7.305194555496848929e-01,-6.696829361455533536e-02,1.421728158941388265e-01,-7.335564138834059777e-01,6.759671179772358540e-01,-7.045170731832560429e-02,-2.428028157441016188e-01,-6.197978442244681668e-03,9.700402299359432712e-02,9.952646907161368794e-01,1.051026576894014131e-01,0.000000000000000000e+00,0.000000000000000000e+00,0.000000000000000000e+00,1.000000000000000000e+00
6.796208151684152154e-01,7.304237981843380023e-01,-6.779839700011264236e-02,1.421146006063443434e-01,-7.335370644281498098e-01,6.759013887544836896e-01,-7.127894352397019795e-02,-2.428238361012650115e-01,-6.238805971641277898e-03,9.817529081050092865e-02,9.951495815073844176e-01,1.051549343719331286e-01,0.000000000000000000e+00,0.000000000000000000e+00,0.000000000000000000e+00,1.000000000000000000e+00
6.795788014246437747e-01,7.304299916031878892e-01,-6.815188934146565458e-02,1.420508020823785245e-01,-7.335757737613118890e-01,6.758220025518514307e-01,-7.163242992735778525e-02,-2.428650382797472584e-01,-6.263928857914401183e-03,9.867445583012955657e-02,9.951000527393668582e-01,1.050767388105735556e-01,0.000000000000000000e+00,0.000000000000000000e+00,0.000000000000000000e+00,1.000000000000000000e+00
6.797248271332885228e-01,7.303279443346135658e-01,-6.778829620663695543e-02,1.421245632963184513e-01,-7.334308156497206799e-01,6.758612031958456390e-01,-7.273838512126436229e-02,-2.429152777773431471e-01,-7.307395843018420212e-03,9.916011163084458013e-02,9.950446594135120559e-01,1.048445697273201471e-01,0.000000000000000000e+00,0.000000000000000000e+00,0.000000000000000000e+00,1.000000000000000000e+00
6.797200705289586642e-01,7.303082102409528265e-01,-6.804809897979313682e-02,1.422238374972518149e-01,-7.334453868436483504e-01,6.759795329608224712e-01,-7.148101521270927572e-02,-2.427910269161475676e-01,-6.204050118967650851e-03,9.849664498207355567e-02,9.951180435955309100e-01,1.050106121447706986e-01,0.000000000000000000e+00,0.000000000000000000e+00,0.000000000000000000e+00,1.000000000000000000e+00
6.795885225855284872e-01,7.304776477855767780e-01,-6.754143954395547267e-02,1.421919596533241514e-01,-7.335657987463135576e-01,6.758762052084945626e-01,-7.122200602797097713e-02,-2.428421154791999270e-01,-6.376431580594831006e-03,9.794774789966391448e-02,9.951711309125089722e-01,1.049750694893771819e-01,0.000000000000000000e+00,0.000000000000000000e+00,0.000000000000000000e+00,1.000000000000000000e+00
6.795952494716555048e-01,7.304067583271401931e-01,-6.823682499645938870e-02,1.420344714012488074e-01,-7.335681271309389961e-01,6.759589981106441936e-01,-7.040763971943028721e-02,-2.427726609437176331e-01,-5.300920030076212985e-03,9.790505739385099715e-02,9.951816417034339279e-01,1.053164657813616678e-01,0.000000000000000000e+00,0.000000000000000000e+00,0.000000000000000000e+00,1.000000000000000000e+00
6.796162199529645065e-01,7.305216896552186867e-01,-6.678214222476500095e-02,1.421859532791232561e-01,-7.335363224151534300e-01,6.759209507396982675e-01,-7.110085828451676027e-02,-2.428029566275050066e-01,-6.801270064944527072e-03,9.730842355329452631e-02,9.952310352029205553e-01,1.050275764099997122e-01,0.000000000000000000e+00,0.000000000000000000e+00,0.000000000000000000e+00,1.000000000000000000e+00
6.796259326030161807e-01,7.303905307826693560e-01,-6.810480362273191313e-02,1.421156069528361487e-01,-7.335396239431953846e-01,6.760005744543888806e-01,-7.030535856256896199e-02,-2.426678309972800374e-01,-5.311481785310510906e-03,9.773891691821932903e-02,9.951979161357290549e-01,1.054463169162966896e-01,0.000000000000000000e+00,0.000000000000000000e+00,0.000000000000000000e+00,1.000000000000000000e+00
6.796508819622182340e-01,7.303961134587294568e-01,-6.779525125229658722e-02,1.421432069630574890e-01,-7.335131042768247012e-01,6.759949792969297544e-01,-7.063507499479125540e-02,-2.427055195002851273e-01,-5.762334783335026217e-03,9.773589621897664503e-02,9.951957044160301136e-01,1.053638584362315278e-01,0.000000000000000000e+00,0.000000000000000000e+00,0.000000000000000000e+00,1.000000000000000000e+00
6.795087211861412513e-01,7.303612947922608623e-01,-6.957209858375176803e-02,1.419960274937339673e-01,-7.336539726303243913e-01,6.758598808687592552e-01,-7.046467111829711472e-02,-2.427853754369603545e-01,-4.443678174466260400e-03,9.892320507059414181e-02,9.950851487299180453e-01,1.053837611786947459e-01,0.000000000000000000e+00,0.000000000000000000e+00,0.000000000000000000e+00,1.000000000000000000e+00
6.796433420119650792e-01,7.305034831559564790e-01,-6.670523784398255107e-02,1.421764021874035722e-01,-7.335041668277317850e-01,6.758594854700373800e-01,-7.201106266769952136e-02,-2.429411968874266303e-01,-7.520964377125849420e-03,9.787040920110445796e-02,9.951707482124092508e-01,1.048271557399804710e-01,0.000000000000000000e+00,0.000000000000000000e+00,0.000000000000000000e+00,1.000000000000000000e+00
6.797086309749481581e-01,7.303947194477390381e-01,-6.722894303066702382e-02,1.422373752446605133e-01,-7.334560122498919865e-01,6.760483721761549880e-01,-7.071687615030471108e-02,-2.426754506673662604e-01,-6.201215417016417430e-03,9.737634353799677622e-02,9.952283118192137845e-01,1.053235693011498331e-01,0.000000000000000000e+00,0.000000000000000000e+00,0.000000000000000000e+00,1.000000000000000000e+00
6.796627430658064295e-01,7.304667717562127738e-01,-6.690927475560430604e-02,1.421870741733243237e-01,-7.334938576045897385e-01,6.759636934100468064e-01,-7.113259483377615267e-02,-2.427594327164519505e-01,-6.731756427685229444e-03,9.742371657612650115e-02,9.952202283434019581e-01,1.051701492673855487e-01,0.000000000000000000e+00,0.000000000000000000e+00,0.000000000000000000e+00,1.000000000000000000e+00
6.797395389422461465e-01,7.303300984792511219e-01,-6.761735320071418642e-02,1.421465956717301582e-01,-7.334288279088445606e-01,6.760645168252934489e-01,-7.084436097560078971e-02,-2.426944014703084074e-01,-6.026075907364078499e-03,9.774822937051108607e-02,9.951929310762255287e-01,1.053872195970668724e-01,0.000000000000000000e+00,0.000000000000000000e+00,0.000000000000000000e+00,1.000000000000000000e+00
6.796225024325327491e-01,7.304475879303642394e-01,-6.752462864803435161e-02,1.421174457977570360e-01,-7.335363029318875405e-01,6.759423804190376472e-01,-7.089704249447281725e-02,-2.428316156726591790e-01,-6.143815456220315385e-03,9.771499189048696299e-02,9.951954752165436124e-01,1.050981449175878435e-01,0.000000000000000000e+00,0.000000000000000000e+00,0.000000000000000000e+00,1.000000000000000000e+00
6.796671503853343177e-01,7.303988748601072389e-01,-6.760213229010579583e-02,1.421201692000121919e-01,-7.334839206025730585e-01,6.758182074671484907e-01,-7.260226355540724819e-02,-2.429189100683993019e-01,-7.341859747910076811e-03,9.893045061546923424e-02,9.950672655838209701e-01,1.049574740764585012e-01,0.000000000000000000e+00,0.000000000000000000e+00,0.000000000000000000e+00,1.000000000000000000e+00
6.796615800567122889e-01,7.305456264491693164e-01,-6.605470665141087439e-02,1.421201250152514528e-01,-7.334902705017475322e-01,6.759807868708879175e-01,-7.100703388178059017e-02,-2.428031834931792809e-01,-7.222165470716399027e-03,9.671123749288845772e-02,9.952862788507170766e-01,1.052209791647322756e-01,0.000000000000000000e+00,0.000000000000000000e+00,0.000000000000000000e+00,1.000000000000000000e+00
6.797099083005787579e-01,7.303713663355175800e-01,-6.746931002469146177e-02,1.422215673102171229e-01,-7.334565429012935844e-01,6.760537638571838537e-01,-7.065980505080529661e-02,-2.427252493328206362e-01,-5.995017372918094029e-03,9.751397649426543635e-02,9.952160992241705362e-01,1.052140524787326115e-01,0.000000000000000000e+00,0.000000000000000000e+00,0.000000000000000000e+00,1.000000000000000000e+00
6.795367428205134619e-01,7.304015081898690420e-01,-6.887272312644571182e-02,1.420589453775731315e-01,-7.336275588915269763e-01,6.759446442809209366e-01,-6.992455007219335050e-02,-2.427304642907183174e-01,-4.518848497864332014e-03,9.804322874071454141e-02,9.951718973656508149e-01,1.054117796272329155e-01,0.000000000000000000e+00,0.000000000000000000e+00,0.000000000000000000e+00,1.000000000000000000e+00
6.796382236069384852e-01,7.304416606140554658e-01,-6.743044899588301888e-02,1.422247013561071527e-01,-7.335202532364818451e-01,6.759437679352705564e-01,-7.104970570915106198e-02,-2.428016362230737690e-01,-6.318473256487988632e-03,9.774969579927295094e-02,9.951909735658061029e-01,1.050502118338203505e-01,0.000000000000000000e+00,0.000000000000000000e+00,0.000000000000000000e+00,1.000000000000000000e+00
6.796235293118979559e-01,7.303328084991678182e-01,-6.874479787851403567e-02,1.421179328613229043e-01,-7.335416673205081839e-01,6.759329432789339398e-01,-7.093150565810912855e-02,-2.427773203561996718e-01,-5.336732173222044628e-03,9.863389387018750565e-02,9.951094785347569527e-01,1.052540557797079224e-01,0.000000000000000000e+00,0.000000000000000000e+00,0.000000000000000000e+00,1.000000000000000000e+00
6.795333990815453085e-01,7.305868027402840914e-01,-6.691250402137932651e-02,1.421468414271073177e-01,-7.336257284943504819e-01,6.760300701190309347e-01,-6.911320268944534662e-02,-2.426532232387851873e-01,-5.258328994610077939e-03,9.605346405303613611e-02,9.953622868180194150e-01,1.054559319784693638e-01,0.000000000000000000e+00,0.000000000000000000e+00,0.000000000000000000e+00,1.000000000000000000e+00
6.795761900738410688e-01,7.304333026628622161e-01,-6.814244085550605345e-02,1.421262661821222073e-01,-7.335833587547861967e-01,6.759058266301640749e-01,-7.075852800504849049e-02,-2.427988076119966254e-01,-5.626512487252322003e-03,9.807397151343553998e-02,9.951632220238108006e-01,1.051800074320003997e-01,0.000000000000000000e+00,0.000000000000000000e+00,0.000000000000000000e+00,1.000000000000000000e+00
6.795749238147861249e-01,7.303696779718485965e-01,-6.883354139826092233e-02,1.421447971045861625e-01,-7.335899998914338083e-01,6.759402026031995359e-01,-7.036017740193684089e-02,-2.427578904509894442e-01,-4.861582192458545337e-03,9.831060982439326912e-02,9.951439036714951891e-01,1.052669012395390791e-01,0.000000000000000000e+00,0.000000000000000000e+00,0.000000000000000000e+00,1.000000000000000000e+00
6.796041898095934730e-01,7.304423042478510597e-01,-6.776566504016698356e-02,1.420589868271018852e-01,-7.335493459634320201e-01,6.758403729627617817e-01,-7.172968221159473079e-02,-2.428209698621812684e-01,-6.595622022787316074e-03,9.845725183370193645e-02,9.951194236530044313e-01,1.052224165458215399e-01,0.000000000000000000e+00,0.000000000000000000e+00,0.000000000000000000e+00,1.000000000000000000e+00
6.795911599590439556e-01,7.304143696063357671e-01,-6.819607010745223907e-02,1.421402733170104571e-01,-7.335670482307784512e-01,6.758738704249906970e-01,-7.123129246845037732e-02,-2.428281097311697778e-01,-5.936417733289966331e-03,9.843454652367907010e-02,9.951258206855924104e-01,1.050984432534607382e-01,0.000000000000000000e+00,0.000000000000000000e+00,0.000000000000000000e+00,1.000000000000000000e+00
6.796411335473089288e-01,7.303192904126664109e-01,-6.871436270291896020e-02,1.421308225965003391e-01,-7.335200489673622259e-01,6.758608248449978761e-01,-7.183650327484980558e-02,-2.428980941432939689e-01,-6.022238242322328072e-03,9.922640521040010375e-02,9.950466587831819920e-01,1.049570103751236161e-01,0.000000000000000000e+00,0.000000000000000000e+00,0.000000000000000000e+00,1.000000000000000000e+00
6.797658173691616401e-01,7.304608631833371390e-01,-6.591935143711392942e-02,1.423624590715352189e-01,-7.333832335549708148e-01,6.759656229101500546e-01,-7.224617210723476013e-02,-2.428797320330294274e-01,-8.213785783120836764e-03,9.745462534506467434e-02,9.952060739977235393e-01,1.047249266792440459e-01,0.000000000000000000e+00,0.000000000000000000e+00,0.000000000000000000e+00,1.000000000000000000e+00
6.796206214122501033e-01,7.304729652765575842e-01,-6.726855098261114163e-02,1.422190181331929870e-01,-7.335367610549212714e-01,6.759452125221453445e-01,-7.086529368772405413e-02,-2.427562733141302997e-01,-6.295326225268054604e-03,9.750546994125504352e-02,9.952150783620857810e-01,1.051683966682961380e-01,0.000000000000000000e+00,0.000000000000000000e+00,0.000000000000000000e+00,1.000000000000000000e+00
6.796043321275830884e-01,7.305204834188142593e-01,-6.691617935121325911e-02,1.421370591045229559e-01,-7.335398125261981539e-01,6.757937162565508249e-01,-7.226476670681600267e-02,-2.429140830165245901e-01,-7.569358787364772329e-03,9.819713017039971570e-02,9.951381956461352596e-01,1.048565385505175751e-01,0.000000000000000000e+00,0.000000000000000000e+00,0.000000000000000000e+00,1.000000000000000000e+00
6.797324570954469403e-01,7.303043982857390093e-01,-6.796523093090556245e-02,1.422354064650196981e-01,-7.334296819243785182e-01,6.759352013896803291e-01,-7.205903964526272354e-02,-2.428061342404679301e-01,-6.684941532404013037e-03,9.882858577758363294e-02,9.950820178205972422e-01,1.049792275294274546e-01,0.000000000000000000e+00,0.000000000000000000e+00,0.000000000000000000e+00,1.000000000000000000e+00
6.795111891296841122e-01,7.303461200979104451e-01,-6.970716394669583538e-02,1.419888516276834323e-01,-7.336501106307895537e-01,6.758150512219491812e-01,-7.093329058562639067e-02,-2.428524460096377346e-01,-4.696702991816820161e-03,9.934063317597238707e-02,9.950424008961648026e-01,1.051460527688747870e-01,0.000000000000000000e+00,0.000000000000000000e+00,0.000000000000000000e+00,1.000000000000000000e+00
6.795712808042826403e-01,7.305113664584991229e-01,-6.734996496631351359e-02,1.422075757682629282e-01,-7.335838410518958908e-01,6.759101268781310123e-01,-7.071243547733400969e-02,-2.428016637695498137e-01,-6.133714500537082448e-03,9.746098634082094037e-02,9.952204447698513867e-01,1.050009120660166939e-01,0.000000000000000000e+00,0.000000000000000000e+00,0.000000000000000000e+00,1.000000000000000000e+00
6.797459710825483059e-01,7.302447979993106353e-01,-6.846860442559871140e-02,1.421653268508695223e-01,-7.334142419070700525e-01,6.758562264746661441e-01,-7.295142838424774345e-02,-2.428885261105863946e-01,-6.997468465144401906e-03,9.980428913814502756e-02,9.949824819084547300e-01,1.049002769706890437e-01,0.000000000000000000e+00,0.000000000000000000e+00,0.000000000000000000e+00,1.000000000000000000e+00
6.796365693927041152e-01,7.302871156783321549e-01,-6.910037784512132464e-02,1.421213087352329874e-01,-7.335270790197727653e-01,6.758659755344171849e-01,-7.171615898548079626e-02,-2.428629644084278616e-01,-5.670792610945711576e-03,9.942792258280837292e-02,9.950286077907664062e-01,1.049912212132835254e-01,0.000000000000000000e+00,0.000000000000000000e+00,0.000000000000000000e+00,1.000000000000000000e+00
6.796908919542441474e-01,7.304638875428566269e-01,-6.665433511949085676e-02,1.422069366729328821e-01,-7.334655867753809844e-01,6.759852159427428564e-01,-7.121952571514260366e-02,-2.427614062154715702e-01,-6.965946503572531534e-03,9.729592397742371779e-02,9.952311182668522882e-01,1.051299686918683030e-01,0.000000000000000000e+00,0.000000000000000000e+00,0.000000000000000000e+00,1.000000000000000000e+00
6.795733250296525085e-01,7.303865092213984722e-01,-6.867053993906359344e-02,1.420437955417159226e-01,-7.335786286154569735e-01,6.757310320558536088e-01,-7.245666260183769580e-02,-2.429515556910037399e-01,-6.518554042732726400e-03,9.961485563966374079e-02,9.950047180737794372e-01,1.048336536604954627e-01,0.000000000000000000e+00,0.000000000000000000e+00,0.000000000000000000e+00,1.000000000000000000e+00
6.796212781648612866e-01,7.303238790383221879e-01,-6.886181795435561415e-02,1.421265328464527133e-01,-7.335483597309144788e-01,6.760101081906098042e-01,-7.012230429902691076e-02,-2.426984508281496145e-01,-4.660708277244927922e-03,9.817008368407639796e-02,9.951587373217481991e-01,1.053982425777606480e-01,0.000000000000000000e+00,0.000000000000000000e+00,0.000000000000000000e+00,1.000000000000000000e+00
6.795771512009720627e-01,7.304258288377954988e-01,-6.821293229432828786e-02,1.421594729193603190e-01,-7.335863522745650345e-01,6.759708898554481760e-01,-7.010292308122047233e-02,-2.427486374399812630e-01,-5.095029152906167813e-03,9.768042093814484350e-02,9.952047910069956593e-01,1.052621071920578633e-01,0.000000000000000000e+00,0.000000000000000000e+00,0.000000000000000000e+00,1.000000000000000000e+00
6.796401982394407737e-01,7.303863675480369855e-01,-6.800702196859909066e-02,1.421059518196068350e-01,-7.335186422363150216e-01,6.758928349334321073e-01,-7.154912422553670603e-02,-2.427790597688186947e-01,-6.293046070596369085e-03,9.851207938944418763e-02,9.951159569545255934e-01,1.052591937617584072e-01,0.000000000000000000e+00,0.000000000000000000e+00,0.000000000000000000e+00,1.000000000000000000e+00
6.796924556695197461e-01,7.303546702592198514e-01,-6.782493152583463081e-02,1.421347799389538480e-01,-7.334664639736019343e-01,6.759053367273381019e-01,-7.196472753762575558e-02,-2.428097323128844409e-01,-6.716541669559358829e-03,9.866119507714235515e-02,9.950984155619740923e-01,1.051878656094928921e-01,0.000000000000000000e+00,0.000000000000000000e+00,0.000000000000000000e+00,1.000000000000000000e+00
6.796852000857472875e-01,7.303777888762346127e-01,-6.764846118471820602e-02,1.421408931108973372e-01,-7.334732829820511668e-01,6.759169494220671481e-01,-7.178593619574023810e-02,-2.427993600417314712e-01,-6.706111833983369186e-03,9.841017732038349897e-02,9.951233416335087956e-01,1.052202529436676581e-01,0.000000000000000000e+00,0.000000000000000000e+00,0.000000000000000000e+00,1.000000000000000000e+00
6.796383384787024751e-01,7.303985796058676261e-01,-6.789435749485978056e-02,1.421280215148753578e-01,-7.335117376155282365e-01,6.757759643314520392e-01,-7.271435079916965805e-02,-2.428679530309427181e-01,-7.229083631923077097e-03,9.922076870104962198e-02,9.950391848606845446e-01,1.049915522831208481e-01,0.000000000000000000e+00,0.000000000000000000e+00,0.000000000000000000e+00,1.000000000000000000e+00
6.795927002268050687e-01,7.303598406090689998e-01,-6.876238087744845906e-02,1.421538324439048373e-01,-7.335695376018849245e-01,6.758881534082138431e-01,-7.106994853657712385e-02,-2.427883601144106007e-01,-5.430957650058292063e-03,9.874060617562709086e-02,9.950983857845782099e-01,1.052024976943639611e-01,0.000000000000000000e+00,0.000000000000000000e+00,0.000000000000000000e+00,1.000000000000000000e+00
6.797238874598311442e-01,7.302836021752533435e-01,-6.827369339966202211e-02,1.421031754592990137e-01,-7.334342219095723037e-01,6.758469992893708644e-01,-7.283595048774584024e-02,-2.429294355358932456e-01,-7.048329475485323736e-03,9.958259860783620632e-02,9.950043352197595059e-01,1.049214804846685389e-01,0.000000000000000000e+00,0.000000000000000000e+00,0.000000000000000000e+00,1.000000000000000000e+00
6.795796432295203582e-01,7.305154606606721890e-01,-6.722105506286177312e-02,1.421741688419831950e-01,-7.335769204464407389e-01,6.759440496245605612e-01,-7.045951721000347223e-02,-2.428013974469802327e-01,-6.034094493367895412e-03,9.719466812987313797e-02,9.952470980569446679e-01,1.051761751995718974e-01,0.000000000000000000e+00,0.000000000000000000e+00,0.000000000000000000e+00,1.000000000000000000e+00
6.796347355092495768e-01,7.304094050681172456e-01,-6.781391654603127761e-02,1.421733399259579866e-01,-7.335232834755968101e-01,6.758998037345540499e-01,-7.143562074183461286e-02,-2.428395856942876518e-01,-6.341836362781100300e-03,9.829321593900076925e-02,9.951372894289094440e-01,1.050212639947700755e-01,0.000000000000000000e+00,0.000000000000000000e+00,0.000000000000000000e+00,1.000000000000000000e+00
6.796262905182444136e-01,7.304222853561147533e-01,-6.775979849115347509e-02,1.421007731005691777e-01,-7.335362457388553414e-01,6.759802157049566995e-01,-7.053597779024788073e-02,-2.427287693153437342e-01,-5.716766897206678605e-03,9.764237313088548753e-02,9.952051474674015186e-01,1.053473131283952924e-01,0.000000000000000000e+00,0.000000000000000000e+00,0.000000000000000000e+00,1.000000000000000000e+00
6.796008019820155566e-01,7.303696954977263456e-01,-6.857738580581673737e-02,1.420743707231975073e-01,-7.335610337979960871e-01,6.758962312062588573e-01,-7.108089992670829638e-02,-2.427620234891817996e-01,-5.564138623045167265e-03,9.861233462267329775e-02,9.951103696684350242e-01,1.053633663581365898e-01,0.000000000000000000e+00,0.000000000000000000e+00,0.000000000000000000e+00,1.000000000000000000e+00
6.796870721841132834e-01,7.304431971410088043e-01,-6.691950131471031959e-02,1.422727962217891773e-01,-7.334647883864551243e-01,6.758964834334696414e-01,-7.206488659175480649e-02,-2.428175495748751689e-01,-7.408650551951445618e-03,9.806466964555107801e-02,9.951524669437886716e-01,1.050027829634871956e-01,0.000000000000000000e+00,0.000000000000000000e+00,0.000000000000000000e+00,1.000000000000000000e+00
6.797942319745075013e-01,7.303844075283448811e-01,-6.647119235923482083e-02,1.421407684184027853e-01,-7.333652261866993038e-01,6.760430657043472458e-01,-7.170228959523716750e-02,-2.426912106252001045e-01,-7.432845640882614763e-03,9.749046390563781417e-02,9.952087028624411191e-01,1.053838275079865827e-01,0.000000000000000000e+00,0.000000000000000000e+00,0.000000000000000000e+00,1.000000000000000000e+00
6.796709195565362460e-01,7.303872587622211032e-01,-6.768968419915273593e-02,1.421762491745858781e-01,-7.334875396479747511e-01,6.759139634196352775e-01,-7.166828612099511442e-02,-2.427777751335641332e-01,-6.593200310427361349e-03,9.836038985368260323e-02,9.951290184782566328e-01,1.050983670848386620e-01,0.000000000000000000e+00,0.000000000000000000e+00,0.000000000000000000e+00,1.000000000000000000e+00
6.795819109430104588e-01,7.303681556212693327e-01,-6.878069186502701327e-02,1.421492623222531115e-01,-7.335815535466381210e-01,6.759134018979175984e-01,-7.070486143742324425e-02,-2.427904743763753814e-01,-5.150787818125376893e-03,9.850599164096396354e-02,9.951231275554213163e-01,1.050875593044244827e-01,0.000000000000000000e+00,0.000000000000000000e+00,0.000000000000000000e+00,1.000000000000000000e+00
6.796710654701427767e-01,7.305045679516573021e-01,-6.641023237757653908e-02,1.421620618079552645e-01,-7.334823646228862959e-01,6.759674672648533500e-01,-7.121519491484332165e-02,-2.427904330232019681e-01,-7.131868612119913325e-03,9.711364168489564075e-02,9.952477465680580337e-01,1.050835809028856094e-01,0.000000000000000000e+00,0.000000000000000000e+00,0.000000000000000000e+00,1.000000000000000000e+00
6.796971764647069536e-01,7.302697737386268928e-01,-6.868628589201512813e-02,1.421589538172762235e-01,-7.334663085036275953e-01,6.758895276263690022e-01,-7.211463606692541939e-02,-2.427863481483240604e-01,-6.238797637873216839e-03,9.939519107451025293e-02,9.950284786855576602e-01,1.050872966351876769e-01,0.000000000000000000e+00,0.000000000000000000e+00,0.000000000000000000e+00,1.000000000000000000e+00
6.796647997686815490e-01,7.303773366189322269e-01,-6.785798485685537451e-02,1.422080129341179999e-01,-7.334983217991454252e-01,6.759712202857581786e-01,-7.101493690217949850e-02,-2.427302733269175172e-01,-5.997655644954365262e-03,9.804007088338059783e-02,9.951643947750272723e-01,1.052088231470291735e-01,0.000000000000000000e+00,0.000000000000000000e+00,0.000000000000000000e+00,1.000000000000000000e+00
6.795498650494504744e-01,7.305959507138817255e-01,-6.664486260585378297e-02,1.420623284833309463e-01,-7.335958218116167551e-01,6.758410770523644029e-01,-7.124611420448685728e-02,-2.428959017051490754e-01,-7.010786818349802607e-03,9.730568004582036690e-02,9.952298495819988933e-01,1.050743127396134291e-01,0.000000000000000000e+00,0.000000000000000000e+00,0.000000000000000000e+00,1.000000000000000000e+00
6.795225911689324327e-01,7.305917156784966782e-01,-6.696859766346223430e-02,1.421187132395713704e-01,-7.336307113646531874e-01,6.759273321541992008e-01,-7.005869674422866844e-02,-2.427683208792719982e-01,-5.918397895793552771e-03,9.673668708849576803e-02,9.952924122776629634e-01,1.052356139163586057e-01,0.000000000000000000e+00,0.000000000000000000e+00,0.000000000000000000e+00,1.000000000000000000e+00
6.796292599058587625e-01,7.303958301848529899e-01,-6.801470670666949492e-02,1.420956652682129340e-01,-7.335317136738832566e-01,6.759285161870443037e-01,-7.107648021558821139e-02,-2.427943285932890882e-01,-5.940884990545708400e-03,9.819660001120344983e-02,9.951493021812198858e-01,1.051739636278441470e-01,0.000000000000000000e+00,0.000000000000000000e+00,0.000000000000000000e+00,1.000000000000000000e+00
6.796188490855921138e-01,7.304079069457376505e-01,-6.798903910720974220e-02,1.420768810156067818e-01,-7.335407514865019962e-01,6.759107610854643289e-01,-7.115201302483535606e-02,-2.427870493337166702e-01,-6.015469740022334061e-03,9.822898004160947327e-02,9.951456584861293475e-01,1.052643823997556627e-01,0.000000000000000000e+00,0.000000000000000000e+00,0.000000000000000000e+00,1.000000000000000000e+00
6.795769616586938566e-01,7.304798038988873365e-01,-6.763437941299925427e-02,1.420901201535665903e-01,-7.335838812797046415e-01,6.759773538572988461e-01,-7.006644131600189840e-02,-2.427105086032283754e-01,-5.462811487026156959e-03,9.723102986149786964e-02,9.952468460250101234e-01,1.054003045105447178e-01,0.000000000000000000e+00,0.000000000000000000e+00,0.000000000000000000e+00,1.000000000000000000e+00
6.795990962401716740e-01,7.304014980916774258e-01,-6.825481649653264427e-02,1.420973314072467852e-01,-7.335653199094976928e-01,6.759751683563928193e-01,-7.028152809681059709e-02,-2.427246634074844422e-01,-5.195172337704410948e-03,9.783262927561373057e-02,9.951893221058001338e-01,1.053407443421183753e-01,0.000000000000000000e+00,0.000000000000000000e+00,0.000000000000000000e+00,1.000000000000000000e+00
6.795979740848714368e-01,7.304176706629560423e-01,-6.809273091189552152e-02,1.421636419584219047e-01,-7.335648306203325086e-01,6.759614598788623585e-01,-7.041835013261853182e-02,-2.427101601936853537e-01,-5.406745481452250590e-03,9.780660070638720616e-02,9.951907535550961192e-01,1.052950829314751591e-01,0.000000000000000000e+00,0.000000000000000000e+00,0.000000000000000000e+00,1.000000000000000000e+00
6.796854726787852075e-01,7.303644494220120631e-01,-6.778959543984347524e-02,1.421362798515074521e-01,-7.334763510334130210e-01,6.759534701103243615e-01,-7.140972427142046330e-02,-2.427732026162178758e-01,-6.332511675936479401e-03,9.825821729652982339e-02,9.951408051273860078e-01,1.052187382690776829e-01,0.000000000000000000e+00,0.000000000000000000e+00,0.000000000000000000e+00,1.000000000000000000e+00
6.796402148403331012e-01,7.305147084752049436e-01,-6.661410566218078921e-02,1.421724016137387858e-01,-7.335177118930457096e-01,6.760141243221630125e-01,-7.040362246454311135e-02,-2.427162031887876992e-01,-6.398805433560913331e-03,9.671175946246422794e-02,9.952918621543621613e-01,1.053000587585819492e-01,0.000000000000000000e+00,0.000000000000000000e+00,0.000000000000000000e+00,1.000000000000000000e+00
6.796898120715220148e-01,7.304114098613300188e-01,-6.723787407825654316e-02,1.421485497841511458e-01,-7.334677993384882688e-01,6.759442521678109550e-01,-7.158460235870627020e-02,-2.427951314655411308e-01,-6.837155822004774286e-03,9.797214045678089012e-02,9.951656711294770696e-01,1.051297123009446999e-01,0.000000000000000000e+00,0.000000000000000000e+00,0.000000000000000000e+00,1.000000000000000000e+00
6.796108534147692337e-01,7.304435822037195214e-01,-6.768501413346533768e-02,1.420813050290843371e-01,-7.335468372697085959e-01,6.759111990370154643e-01,-7.108507964370588961e-02,-2.428180441469090511e-01,-6.174581156397334486e-03,9.796031968987481409e-02,9.951711663396407559e-01,1.052082303051844470e-01,0.000000000000000000e+00,0.000000000000000000e+00,0.000000000000000000e+00,1.000000000000000000e+00
6.796697572974755852e-01,7.304579847709175011e-01,-6.693394878237177159e-02,1.421547751232470902e-01,-7.334852802249615111e-01,6.759385856271482584e-01,-7.145888435793375237e-02,-2.428095344533956479e-01,-6.954473991677978528e-03,9.766350876750636012e-02,9.951951940934595786e-01,1.051577186247516504e-01,0.000000000000000000e+00,0.000000000000000000e+00,0.000000000000000000e+00,1.000000000000000000e+00
6.796608046991150509e-01,7.302775499091531675e-01,-6.896296581815218596e-02,1.420290918804437696e-01,-7.334969922351832761e-01,6.757792319518868274e-01,-7.283263035520277928e-02,-2.429394846697244814e-01,-6.584294775521398052e-03,1.000856121588026976e-01,9.949570429426121132e-01,1.049871973517169099e-01,0.000000000000000000e+00,0.000000000000000000e+00,0.000000000000000000e+00,1.000000000000000000e+00
6.795059937870741029e-01,7.304614208471010839e-01,-6.853989394123048695e-02,1.420771821685930525e-01,-7.336575483813297938e-01,6.759795771355366911e-01,-6.926913453160686573e-02,-2.427257594533290541e-01,-4.266861907499031048e-03,9.735360265390956280e-02,9.952407095470759968e-01,1.054422333179458882e-01,0.000000000000000000e+00,0.000000000000000000e+00,0.000000000000000000e+00,1.000000000000000000e+00
6.796085390116577418e-01,7.305606547839228471e-01,-6.643314973811142998e-02,1.421802137481275041e-01,-7.335492984994455012e-01,6.760346975682485215e-01,-6.987499091075860536e-02,-2.427368091300422248e-01,-6.136804821074134941e-03,9.621963087381374402e-02,9.953412089635872428e-01,1.052263959999379939e-01,0.000000000000000000e+00,0.000000000000000000e+00,0.000000000000000000e+00,1.000000000000000000e+00
6.796469635431092726e-01,7.303643595198797689e-01,-6.817556226205767622e-02,1.421755121564965418e-01,-7.335192654472190155e-01,6.759985999844071447e-01,-7.053637385699655649e-02,-2.427267894213427368e-01,-5.430668872619309751e-03,9.794792066316494739e-02,9.951767243426459242e-01,1.052194240539929826e-01,0.000000000000000000e+00,0.000000000000000000e+00,0.000000000000000000e+00,1.000000000000000000e+00
6.795988557582627321e-01,7.304609566824535882e-01,-6.761794151417885312e-02,1.421830221987007703e-01,-7.335669049969080202e-01,6.760618450721176398e-01,-6.942605801096221607e-02,-2.426728226937766852e-01,-4.999114453324689233e-03,9.678415366287482224e-02,9.952928395474589518e-01,1.053238362129353956e-01,0.000000000000000000e+00,0.000000000000000000e+00,0.000000000000000000e+00,1.000000000000000000e+00
6.795893033815623152e-01,7.305263267947086359e-01,-6.700495943729438408e-02,1.422126911817276906e-01,-7.335606824440226159e-01,6.758644359947592051e-01,-7.138619845422375376e-02,-2.428856911282886721e-01,-6.863228221663488643e-03,9.766550065051959884e-02,9.951956320649024690e-01,1.048109754433190766e-01,0.000000000000000000e+00,0.000000000000000000e+00,0.000000000000000000e+00,1.000000000000000000e+00
6.795887716250166299e-01,7.304067116174300933e-01,-6.830180894685965176e-02,1.421417958213950783e-01,-7.335679104820514995e-01,6.758390622977363815e-01,-7.155195723048513035e-02,-2.428859359616393487e-01,-6.100999278624882893e-03,9.872992199292324189e-02,9.950955634063863853e-01,1.048736753298951108e-01,0.000000000000000000e+00,0.000000000000000000e+00,0.000000000000000000e+00,1.000000000000000000e+00
6.795241474221890288e-01,7.304200847421264964e-01,-6.879994822274264343e-02,1.419209742226004156e-01,-7.336334168251152921e-01,6.758237710058420111e-01,-7.102281507339786026e-02,-2.428472805115634015e-01,-5.379850151635029443e-03,9.873565895231617429e-02,9.950991542874499940e-01,1.052466719907654280e-01,0.000000000000000000e+00,0.000000000000000000e+00,0.000000000000000000e+00,1.000000000000000000e+00
6.795612589242828738e-01,7.304123565167975896e-01,-6.851485106765026201e-02,1.420316784412278266e-01,-7.335983939083229322e-01,6.758763094987902953e-01,-7.088448852481274431e-02,-2.428075376096719418e-01,-5.467341618433659012e-03,9.843273696222182290e-02,9.951286873916123099e-01,1.052585791221680722e-01,0.000000000000000000e+00,0.000000000000000000e+00,0.000000000000000000e+00,1.000000000000000000e+00
6.795952167890327855e-01,7.304844506219626554e-01,-6.740036140108940366e-02,1.420832661538548036e-01,-7.335608952860347420e-01,6.759166780365387650e-01,-7.088763826790783762e-02,-2.427684324221094370e-01,-6.225289119334561500e-03,9.761716934832678771e-02,9.952045689323383293e-01,1.052542347121885324e-01,0.000000000000000000e+00,0.000000000000000000e+00,0.000000000000000000e+00,1.000000000000000000e+00
6.796381569186070726e-01,7.304666784221415243e-01,-6.715956652035943997e-02,1.421328991620689486e-01,-7.335119538275801654e-01,6.758492437536693931e-01,-7.202786481382889017e-02,-2.428742217265655035e-01,-7.224212920787443509e-03,9.821523014541544416e-02,9.951389748749459585e-01,1.049468502672310510e-01,0.000000000000000000e+00,0.000000000000000000e+00,0.000000000000000000e+00,1.000000000000000000e+00
6.795671289527562831e-01,7.304287951470316287e-01,-6.828098173696589557e-02,1.420970632862681993e-01,-7.335985611706634657e-01,6.760130036097521389e-01,-6.956701803910962656e-02,-2.426799833465537737e-01,-4.654921614849719114e-03,9.736628867620085448e-02,9.952377291552921834e-01,1.054337232023334625e-01,0.000000000000000000e+00,0.000000000000000000e+00,0.000000000000000000e+00,1.000000000000000000e+00
6.796697247945884257e-01,7.302387520379669539e-01,-6.928513707629800622e-02,1.420998611655825417e-01,-7.335021684744325032e-01,6.759900731937773521e-01,-7.079540794978825269e-02,-2.427021081395518975e-01,-4.861485467824541717e-03,9.893829372646609221e-02,9.950816951354002349e-01,1.054172720646506800e-01,0.000000000000000000e+00,0.000000000000000000e+00,0.000000000000000000e+00,1.000000000000000000e+00
6.795598926063934897e-01,7.304861465969955114e-01,-6.773730132401153958e-02,1.420723444567790761e-01,-7.335995785587255957e-01,6.759485922450434447e-01,-7.017947691743153804e-02,-2.427390058267215323e-01,-5.478202191163433765e-03,9.738321350118289699e-02,9.952318820400278820e-01,1.054107650519693351e-01,0.000000000000000000e+00,0.000000000000000000e+00,0.000000000000000000e+00,1.000000000000000000e+00
6.795971984214905781e-01,7.304739667197559516e-01,-6.749393930099092942e-02,1.422051997345634144e-01,-7.335614313696134925e-01,6.759476129946015988e-01,-7.058647812339047256e-02,-2.427284742393663597e-01,-5.939217509462961508e-03,9.748132350150473524e-02,9.952196326760089917e-01,1.052304375482389087e-01,0.000000000000000000e+00,0.000000000000000000e+00,0.000000000000000000e+00,1.000000000000000000e+00
6.796237842315547839e-01,7.304462248560460447e-01,-6.752647258914175332e-02,1.421636418389190526e-01,-7.335302961027868607e-01,6.758699130661012244e-01,-7.164611162777025088e-02,-2.428309070662833524e-01,-6.694520605635939647e-03,9.822511494303147461e-02,9.951417035720537818e-01,1.050747342349318547e-01,0.000000000000000000e+00,0.000000000000000000e+00,0.000000000000000000e+00,1.000000000000000000e+00
6.797048114284729436e-01,7.303299202917727939e-01,-6.796746903922043503e-02,1.421523967458129811e-01,-7.334515575741040738e-01,6.758538601465683415e-01,-7.259733064723529472e-02,-2.428730983689176282e-01,-7.083926390441318971e-03,9.919560096897546420e-02,9.950427381451005804e-01,1.050063167930632702e-01,0.000000000000000000e+00,0.000000000000000000e+00,0.000000000000000000e+00,1.000000000000000000e+00
6.795652230334771060e-01,7.304916759699973117e-01,-6.762410060033859083e-02,1.421241730459292807e-01,-7.335907263023835334e-01,6.758981246822692857e-01,-7.075571591138717087e-02,-2.427859012185381582e-01,-5.979458721472253463e-03,9.769153693916300674e-02,9.951987789802910767e-01,1.051910798182373874e-01,0.000000000000000000e+00,0.000000000000000000e+00,0.000000000000000000e+00,1.000000000000000000e+00
6.795570102143043689e-01,7.305587373842690191e-01,-6.697910943046804511e-02,1.421702301468812935e-01,-7.335983295955337269e-01,6.759521548675854197e-01,-7.015821508925748629e-02,-2.428019151118442076e-01,-5.980023682105237853e-03,9.681226968401571153e-02,9.952846948262547011e-01,1.050989124646397599e-01,0.000000000000000000e+00,0.000000000000000000e+00,0.000000000000000000e+00,1.000000000000000000e+00
6.796068857967068055e-01,7.305140539483828688e-01,-6.696041936548126350e-02,1.421613079317412542e-01,-7.335527825791828826e-01,6.760138728668573238e-01,-7.003969490146647048e-02,-2.427153565038655814e-01,-5.898809035730260414e-03,9.671846088235488970e-02,9.952942998814513498e-01,1.052925942995501796e-01,0.000000000000000000e+00,0.000000000000000000e+00,0.000000000000000000e+00,1.000000000000000000e+00
6.797030603421231332e-01,7.303432200764131688e-01,-6.784195346515714542e-02,1.421444655937468271e-01,-7.334540215398509533e-01,6.758764275630070317e-01,-7.236195790391386495e-02,-2.428515485044515643e-01,-6.996288199652138384e-03,9.894359783777703643e-02,9.950684480970866108e-01,1.049888758633830133e-01,0.000000000000000000e+00,0.000000000000000000e+00,0.000000000000000000e+00,1.000000000000000000e+00
6.796920016488052774e-01,7.304217059176348892e-01,-6.710375860570380602e-02,1.422126570889891140e-01,-7.334676167816663872e-01,6.759863227795191998e-01,-7.118810678509662759e-02,-2.427251365785781101e-01,-6.636115374462812910e-03,9.760442069596902970e-02,9.952031647022336891e-01,1.051681288182151341e-01,0.000000000000000000e+00,0.000000000000000000e+00,0.000000000000000000e+00,1.000000000000000000e+00
6.795532672430233401e-01,7.304062641434300174e-01,-6.865891259967726867e-02,1.420923499619315411e-01,-7.336055607023220793e-01,6.758501857217236175e-01,-7.105918495552369929e-02,-2.427970292401114838e-01,-5.498934984497612366e-03,9.865706137905040640e-02,9.951062988214307570e-01,1.052214261330188805e-01,0.000000000000000000e+00,0.000000000000000000e+00,0.000000000000000000e+00,1.000000000000000000e+00
6.796135300487301523e-01,7.305256648497603367e-01,-6.676603006409406738e-02,1.421708254856183240e-01,-7.335426068174487613e-01,6.759757350722059854e-01,-7.051276180276010164e-02,-2.427731442414236551e-01,-6.379165945925125564e-03,9.689715470232675154e-02,9.952739560806501684e-01,1.051736127261335696e-01,0.000000000000000000e+00,0.000000000000000000e+00,0.000000000000000000e+00,1.000000000000000000e+00
6.796489228720534737e-01,7.304790878500799778e-01,-6.691519896535216838e-02,1.421653557140512558e-01,-7.334970601620336428e-01,6.758192895793388999e-01,-7.245930282670183520e-02,-2.429161870169652404e-01,-7.707423208277452281e-03,9.832898883947120694e-02,9.951241156666316146e-01,1.049145549167984637e-01,0.000000000000000000e+00,0.000000000000000000e+00,0.000000000000000000e+00,1.000000000000000000e+00
6.795907910140016606e-01,7.304850017521367089e-01,-6.743900195098272154e-02,1.421193718136663509e-01,-7.335621992593188700e-01,6.758657305098247914e-01,-7.135835017888557397e-02,-2.428314925929755674e-01,-6.546494236998379179e-03,9.796518023053933655e-02,9.951683108276725420e-01,1.051105542865538034e-01,0.000000000000000000e+00,0.000000000000000000e+00,0.000000000000000000e+00,1.000000000000000000e+00
6.796512905082287004e-01,7.303732536608850134e-01,-6.803700204529844475e-02,1.421897832858161626e-01,-7.335058856042547815e-01,6.758628161020383551e-01,-7.196227896988974249e-02,-2.428306838870573359e-01,-6.575644030615092339e-03,9.881479720889385643e-02,9.950841154184644211e-01,1.049905631664238559e-01,0.000000000000000000e+00,0.000000000000000000e+00,0.000000000000000000e+00,1.000000000000000000e+00
6.797146899848126589e-01,7.304490578906480680e-01,-6.657412444422229625e-02,1.422863568339207130e-01,-7.334452818007276553e-01,6.760412200580643294e-01,-7.089631433759606416e-02,-2.427311742326129784e-01,-6.779293702246846215e-03,9.701774378467427351e-02,9.952595634144041359e-01,1.051395703928110770e-01,0.000000000000000000e+00,0.000000000000000000e+00,0.000000000000000000e+00,1.000000000000000000e+00
6.796779677734957614e-01,7.304254908270564339e-01,-6.720463133850566873e-02,1.421388018331898873e-01,-7.334787280603514148e-01,6.759351551098803368e-01,-7.155851849745840931e-02,-2.427818064035983936e-01,-6.842193088467906498e-03,9.792991594316662052e-02,9.951697925264333389e-01,1.051923593144492575e-01,0.000000000000000000e+00,0.000000000000000000e+00,0.000000000000000000e+00,1.000000000000000000e+00
6.796539590167778311e-01,7.304931188679704146e-01,-6.671056347659905239e-02,1.421570278477856109e-01,-7.335007275965697016e-01,6.759562073862234177e-01,-7.113289190898902659e-02,-2.427434701608599255e-01,-6.868668584455808052e-03,9.727799845071946616e-02,9.952335466659566476e-01,1.052269387082280794e-01,0.000000000000000000e+00,0.000000000000000000e+00,0.000000000000000000e+00,1.000000000000000000e+00
6.796530644693238310e-01,7.303217530291926662e-01,-6.857002996808347905e-02,1.421329733232469250e-01,-7.335133226951372487e-01,6.759611823768135741e-01,-7.095551668812855040e-02,-2.427425012417389893e-01,-5.469678801926926293e-03,9.852216487728487904e-02,9.951198247656894980e-01,1.052479094657392533e-01,0.000000000000000000e+00,0.000000000000000000e+00,0.000000000000000000e+00,1.000000000000000000e+00
6.794664066522180246e-01,7.306211143025861388e-01,-6.721747961929379345e-02,1.421549844095834070e-01,-7.336842301253688747e-01,6.758726694427901194e-01,-7.002560364339502352e-02,-2.427949559336125274e-01,-5.731727180140071959e-03,9.689645006667932381e-02,9.952779638211669555e-01,1.051226704228054309e-01,0.000000000000000000e+00,0.000000000000000000e+00,0.000000000000000000e+00,1.000000000000000000e+00
6.796341524614215590e-01,7.303736568925883743e-01,-6.820366650989623247e-02,1.421431102052587159e-01,-7.335179454287036327e-01,6.757735953078892743e-01,-7.267373403577728763e-02,-2.430004970915116691e-01,-6.988743957177155630e-03,9.942016496665581626e-02,9.950209989019851431e-01,1.047224264660482351e-01,0.000000000000000000e+00,0.000000000000000000e+00,0.000000000000000000e+00,1.000000000000000000e+00
6.796850916406604881e-01,7.303876442190254670e-01,-6.754306310502565525e-02,1.422498410183281603e-01,-7.334761517123543628e-01,6.759686574933644332e-01,-7.126786762527767549e-02,-2.428042296149797719e-01,-6.396176253246125404e-03,9.798093313906022783e-02,9.951677374546145094e-01,1.050325357390322623e-01,0.000000000000000000e+00,0.000000000000000000e+00,0.000000000000000000e+00,1.000000000000000000e+00
6.796964183016884764e-01,7.303351465111787011e-01,-6.799524040954396664e-02,1.421681684626170394e-01,-7.334644915115353658e-01,6.759178034364570209e-01,-7.186767485706180292e-02,-2.428691387315586869e-01,-6.528295304397208759e-03,9.872029562420595039e-02,9.950938069309286371e-01,1.049461962570257256e-01,0.000000000000000000e+00,0.000000000000000000e+00,0.000000000000000000e+00,1.000000000000000000e+00
6.796942947401951596e-01,7.303560733588618792e-01,-6.779138444856794288e-02,1.421731735651747819e-01,-7.334664801426378222e-01,6.759360557423373939e-01,-7.167545643148279244e-02,-2.428573057272149227e-01,-6.525963898024515070e-03,9.844010694486576840e-02,9.951215790745797651e-01,1.048908433774813354e-01,0.000000000000000000e+00,0.000000000000000000e+00,0.000000000000000000e+00,1.000000000000000000e+00
6.795834217450691384e-01,7.302923355953117035e-01,-6.956635293019337862e-02,1.420405619189407664e-01,-7.335834330849653195e-01,6.759048495391977163e-01,-7.076709032220412920e-02,-2.427962644131663184e-01,-4.660428364413757296e-03,9.912486539783743611e-02,9.950640891255804199e-01,1.052336370535336130e-01,0.000000000000000000e+00,0.000000000000000000e+00,0.000000000000000000e+00,1.000000000000000000e+00
6.795604111688933191e-01,7.304913962643782011e-01,-6.767545755799542206e-02,1.421134437283962937e-01,-7.335943622495635363e-01,6.758750757527564046e-01,-7.093795635526993493e-02,-2.427687749749474211e-01,-6.079411782490041355e-03,9.785296091547328323e-02,9.951823143487097401e-01,1.052541431481022194e-01,0.000000000000000000e+00,0.000000000000000000e+00,0.000000000000000000e+00,1.000000000000000000e+00
6.796311218454592629e-01,7.303297930482746114e-01,-6.870175838468167706e-02,1.421198415362565637e-01,-7.335374734707915678e-01,6.759990519774371487e-01,-7.034242489205333460e-02,-2.427550723345616446e-01,-4.930845076699351404e-03,9.820221541121632036e-02,9.951542652549698609e-01,1.052532791584022132e-01,0.000000000000000000e+00,0.000000000000000000e+00,0.000000000000000000e+00,1.000000000000000000e+00
6.795527214830084928e-01,7.303884811536707211e-01,-6.885321577871778009e-02,1.420766787057466951e-01,-7.336098008517217828e-01,6.759010861243817114e-01,-7.052929795608602059e-02,-2.427856831868249743e-01,-4.975823482988597779e-03,9.843977028577001465e-02,9.951305707326807415e-01,1.052170302593442575e-01,0.000000000000000000e+00,0.000000000000000000e+00,0.000000000000000000e+00,1.000000000000000000e+00
6.795440731833647385e-01,7.303999001602277108e-01,-6.881742836877627334e-02,1.420830485219430894e-01,-7.336215821003266857e-01,6.759750508827375715e-01,-6.969293264524215048e-02,-2.427071483180173739e-01,-4.384846402755646078e-03,9.784536999781928701e-02,9.951919697686544275e-01,1.054158970945535678e-01,0.000000000000000000e+00,0.000000000000000000e+00,0.000000000000000000e+00,1.000000000000000000e+00
6.796486306118372234e-01,7.303693969307589740e-01,-6.810494060238328484e-02,1.420701103070595717e-01,-7.335081761672905820e-01,6.758508824547937444e-01,-7.205095544690363896e-02,-2.428868440798556683e-01,-6.595028672387936303e-03,9.892486397299836420e-02,9.950730510292871145e-01,1.050325351301359955e-01,0.000000000000000000e+00,0.000000000000000000e+00,0.000000000000000000e+00,1.000000000000000000e+00
6.795098122501015414e-01,7.303897791684830221e-01,-6.926171772376545077e-02,1.420255248445909668e-01,-7.336543143807674472e-01,6.759215766659809610e-01,-6.986679603259733640e-02,-2.427489326267199543e-01,-4.214504279016539900e-03,9.828933148408973419e-02,9.951489563226668666e-01,1.053217658634466591e-01,0.000000000000000000e+00,0.000000000000000000e+00,0.000000000000000000e+00,1.000000000000000000e+00
6.796108670764191562e-01,7.303010405936628535e-01,-6.920592069650588485e-02,1.420868555236352027e-01,-7.335563420380520894e-01,6.759324198864287148e-01,-7.078458025749047311e-02,-2.427412830108974240e-01,-4.915527173173443731e-03,9.887241199793785074e-02,9.950879778885483029e-01,1.052037160759733414e-01,0.000000000000000000e+00,0.000000000000000000e+00,0.000000000000000000e+00,1.000000000000000000e+00
6.795593226943502652e-01,7.303141139901244694e-01,-6.957314026271688157e-02,1.420980775119660700e-01,-7.336041599588766227e-01,6.758472792046725797e-01,-7.110127764444461318e-02,-2.428194201438875766e-01,-4.905449034186125379e-03,9.935668119689324007e-02,9.950397914009831979e-01,1.051044887262813088e-01,0.000000000000000000e+00,0.000000000000000000e+00,0.000000000000000000e+00,1.000000000000000000e+00
6.795593591780813014e-01,7.305514313818343153e-01,-6.703494207820864803e-02,1.421987053065709161e-01,-7.335945145047174654e-01,6.759229584625755516e-01,-7.047866706874818254e-02,-2.428302240187704131e-01,-6.177834739087555149e-03,9.707090361767918563e-02,9.952582951318638127e-01,1.049213973901157448e-01,0.000000000000000000e+00,0.000000000000000000e+00,0.000000000000000000e+00,1.000000000000000000e+00
6.795504124993585471e-01,7.304264026046617397e-01,-6.847267520671448948e-02,1.420601669682836632e-01,-7.336143862651719472e-01,6.759854055811109763e-01,-6.966824029725485201e-02,-2.427162006676982509e-01,-4.600993015286415633e-03,9.757562102981226504e-02,9.952174782648863793e-01,1.053662237773191901e-01,0.000000000000000000e+00,0.000000000000000000e+00,0.000000000000000000e+00,1.000000000000000000e+00
6.795183742609616218e-01,7.304131585261198767e-01,-6.893037714706817809e-02,1.420480731899849136e-01,-7.336400197718072613e-01,6.758288307562944075e-01,-7.090636718801990312e-02,-2.427968666982979196e-01,-5.205807426520957237e-03,9.875226260940730971e-02,9.950984324168944406e-01,1.052460176415923598e-01,0.000000000000000000e+00,0.000000000000000000e+00,0.000000000000000000e+00,1.000000000000000000e+00
6.794473988139801968e-01,7.304448186376789609e-01,-6.929357235909426593e-02,1.420004325224051289e-01,-7.337069706000839409e-01,6.757470904544604640e-01,-7.099261253947015959e-02,-2.428999351276663332e-01,-5.031256082154711429e-03,9.907692298260049879e-02,9.950670579385773040e-01,1.050717177063602570e-01,0.000000000000000000e+00,0.000000000000000000e+00,0.000000000000000000e+00,1.000000000000000000e+00
6.796499282709824730e-01,7.303130330241586199e-01,-6.869387742952644260e-02,1.420562403570893584e-01,-7.335105589526155212e-01,6.758496943656139289e-01,-7.203784096520308988e-02,-2.428782925359209421e-01,-6.183438062275059544e-03,9.934819787475111796e-02,9.950335173614854867e-01,1.050914495122088343e-01,0.000000000000000000e+00,0.000000000000000000e+00,0.000000000000000000e+00,1.000000000000000000e+00
6.795444145740365816e-01,7.305229524768570570e-01,-6.749521853972387242e-02,1.421482079633530904e-01,-7.336138394251401351e-01,6.759551832565955376e-01,-6.996659797679700976e-02,-2.427471555074851572e-01,-5.488462911808024425e-03,9.706083727764523716e-02,9.952633172391253114e-01,1.052367625534187390e-01,0.000000000000000000e+00,0.000000000000000000e+00,0.000000000000000000e+00,1.000000000000000000e+00
6.795589347891216603e-01,7.304319690366671836e-01,-6.832856472582868324e-02,1.421286391924549419e-01,-7.335984889846867141e-01,6.758559631553584524e-01,-7.107723986430240781e-02,-2.427603240057725764e-01,-5.736820343975719549e-03,9.842690524729651169e-02,9.951277471841395439e-01,1.052832018378815349e-01,0.000000000000000000e+00,0.000000000000000000e+00,0.000000000000000000e+00,1.000000000000000000e+00
6.796552865815538302e-01,7.304261036308971056e-01,-6.742698685490790267e-02,1.422083480647710063e-01,-7.335057115839790365e-01,6.759807761351811495e-01,-7.084745139635462152e-02,-2.427576699548376626e-01,-6.169480968981375796e-03,9.760992485533492857e-02,9.952056270310720709e-01,1.051428595788337361e-01,0.000000000000000000e+00,0.000000000000000000e+00,0.000000000000000000e+00,1.000000000000000000e+00
6.796586747494491876e-01,7.303613561227826345e-01,-6.809093420061640423e-02,1.421889962435772259e-01,-7.335113344284955872e-01,6.760728873085144475e-01,-6.990402929200026372e-02,-2.426349932180417723e-01,-5.020767147607220482e-03,9.745635191622459281e-02,9.952271355667664521e-01,1.055170513268453014e-01,0.000000000000000000e+00,0.000000000000000000e+00,0.000000000000000000e+00,1.000000000000000000e+00
6.795915989384625489e-01,7.305494856368780487e-01,-6.672861221362934303e-02,1.421757859399310209e-01,-7.335607408196304080e-01,6.759251402157600008e-01,-7.080850480316876194e-02,-2.428215083089106385e-01,-6.625570195770851684e-03,9.707035520692304520e-02,9.952554686911210258e-01,1.050705465696737395e-01,0.000000000000000000e+00,0.000000000000000000e+00,0.000000000000000000e+00,1.000000000000000000e+00
6.797501764028827109e-01,7.304508955932548231e-01,-6.619053412129220770e-02,1.422547594501776258e-01,-7.333983584725772831e-01,6.759308299941815257e-01,-7.241795946522007477e-02,-2.429283192505754807e-01,-8.157540682042805497e-03,9.777014979219895985e-02,9.951755886976086929e-01,1.046723267115277078e-01,0.000000000000000000e+00,0.000000000000000000e+00,0.000000000000000000e+00,1.000000000000000000e+00
6.796301717075932114e-01,7.304000331814037850e-01,-6.796043873689781856e-02,1.422264451040753941e-01,-7.335343122240787217e-01,6.759936394269395743e-01,-7.042735437504865637e-02,-2.427786252896847741e-01,-5.499317653606890927e-03,9.771586863414280510e-02,9.951991592251370200e-01,1.050599285916384851e-01,0.000000000000000000e+00,0.000000000000000000e+00,0.000000000000000000e+00,1.000000000000000000e+00
6.796068949107824109e-01,7.305728646339995080e-01,-6.631559281343044066e-02,1.421925105345558937e-01,-7.335456707548857480e-01,6.759671491329779514e-01,-7.056317885270688151e-02,-2.427603787416289238e-01,-6.724381494945329274e-03,9.660073888695802635e-02,9.953004973072223649e-01,1.051832344052541224e-01,0.000000000000000000e+00,0.000000000000000000e+00,0.000000000000000000e+00,1.000000000000000000e+00
6.797154420134696728e-01,7.303919171450734549e-01,-6.719051463992600781e-02,1.421629929814157700e-01,-7.334392018876902952e-01,6.759070724729753232e-01,-7.222580228256721135e-02,-2.428739913618454538e-01,-7.338598148280306432e-03,9.837315055520311213e-02,9.951225393021011500e-01,1.049675112599017801e-01,0.000000000000000000e+00,0.000000000000000000e+00,0.000000000000000000e+00,1.000000000000000000e+00
6.796571214788929005e-01,7.303863495610427581e-01,-6.783787730995230469e-02,1.422163722432535637e-01,-7.335079033104154878e-01,6.760069218359813226e-01,-7.057476468965373506e-02,-2.426950707523209960e-01,-5.687970128617953619e-03,9.772626056867256272e-02,9.951970784679184945e-01,1.052771949759865322e-01,0.000000000000000000e+00,0.000000000000000000e+00,0.000000000000000000e+00,1.000000000000000000e+00
6.796329652057740978e-01,7.304851759034860503e-01,-6.701074832338732579e-02,1.420912641456059666e-01,-7.335209076355515556e-01,6.759166198424761962e-01,-7.130077897357400829e-02,-2.427893847484337009e-01,-6.790483570707946115e-03,9.761214476680019070e-02,9.952013658184466482e-01,1.052123590771634198e-01,0.000000000000000000e+00,0.000000000000000000e+00,0.000000000000000000e+00,1.000000000000000000e+00
6.796193920370299235e-01,7.304239613555912891e-01,-6.781090358359342929e-02,1.420953632146584877e-01,-7.335413808692839988e-01,6.759472798032866159e-01,-7.079772227212857705e-02,-2.426947340110509888e-01,-5.875756938628219628e-03,9.785760882089353241e-02,9.951830805817867276e-01,1.053654596162929558e-01,0.000000000000000000e+00,0.000000000000000000e+00,0.000000000000000000e+00,1.000000000000000000e+00
6.795381320386788548e-01,7.303921870943975714e-01,-6.895781418262866835e-02,1.420937620941370438e-01,-7.336228701750439063e-01,6.758678314854560387e-01,-7.071180042452604453e-02,-2.428653717057880912e-01,-5.040978229861860227e-03,9.864039433523166811e-02,9.951103763622788367e-01,1.050232884294517444e-01,0.000000000000000000e+00,0.000000000000000000e+00,0.000000000000000000e+00,1.000000000000000000e+00
6.796055369703333238e-01,7.303973006362621812e-01,-6.823560172319780015e-02,1.421169096232258178e-01,-7.335561415943206987e-01,6.759252234102354207e-01,-7.085534197981563365e-02,-2.427610411463342333e-01,-5.630386178432256195e-03,9.820832745284494014e-02,9.951499500931488829e-01,1.052618914858594046e-01,0.000000000000000000e+00,0.000000000000000000e+00,0.000000000000000000e+00,1.000000000000000000e+00
6.795286322257171330e-01,7.304446190480052836e-01,-6.849449970078302918e-02,1.421024129449963147e-01,-7.336320342595737953e-01,6.759103055631827672e-01,-7.020895342934835304e-02,-2.427635521684706754e-01,-4.987614019305912361e-03,9.795875324492139824e-02,9.951779772327635776e-01,1.052741456748305104e-01,0.000000000000000000e+00,0.000000000000000000e+00,0.000000000000000000e+00,1.000000000000000000e+00
6.794488453696955199e-01,7.304712452182535731e-01,-6.900019155829677231e-02,1.419432082800911044e-01,-7.337123072287738967e-01,6.759231087123996895e-01,-6.924017135734623907e-02,-2.427261269787399922e-01,-3.939130210690922063e-03,9.767144422941405335e-02,9.952109184666955155e-01,1.055874881313445535e-01,0.000000000000000000e+00,0.000000000000000000e+00,0.000000000000000000e+00,1.000000000000000000e+00
6.795604624943712979e-01,7.304695492321094941e-01,-6.791034868910153510e-02,1.420745334303665230e-01,-7.336003406120575887e-01,6.759558517158468227e-01,-7.010154623813553976e-02,-2.427098539720051185e-01,-5.302647292582972349e-03,9.745729411256641439e-02,9.952255813412090868e-01,1.054913831043169381e-01,0.000000000000000000e+00,0.000000000000000000e+00,0.000000000000000000e+00,1.000000000000000000e+00
6.795863726738471389e-01,7.305254429953240702e-01,-6.704430783062839683e-02,1.421888028290376749e-01,-7.335711963731079699e-01,6.759759527752206010e-01,-7.021261369127065888e-02,-2.427540216514312288e-01,-5.971760856710840726e-03,9.689730855972172874e-02,9.952764689603346149e-01,1.052320314995727202e-01,0.000000000000000000e+00,0.000000000000000000e+00,0.000000000000000000e+00,1.000000000000000000e+00
6.795948690198129194e-01,7.305672328623524781e-01,-6.650061856696530549e-02,1.421793631473595720e-01,-7.335611774803365570e-01,6.760025110676405324e-01,-7.006142964504134818e-02,-2.427297567840185077e-01,-6.229999647338339136e-03,9.639566016211649491e-02,9.953235975331360397e-01,1.052424633260276021e-01,0.000000000000000000e+00,0.000000000000000000e+00,0.000000000000000000e+00,1.000000000000000000e+00
6.796782937424052928e-01,7.304140449868957718e-01,-6.732562588861476516e-02,1.421357068353999997e-01,-7.334795008859599230e-01,6.759391474634673935e-01,-7.151287091457114720e-02,-2.428017763648304128e-01,-6.725979147743022662e-03,9.798771255745261644e-02,9.951648955787488759e-01,1.051090258297366908e-01,0.000000000000000000e+00,0.000000000000000000e+00,0.000000000000000000e+00,1.000000000000000000e+00
6.795937660008974923e-01,7.304772914455648358e-01,-6.749251732650569935e-02,1.421690295342295518e-01,-7.335643765500183822e-01,6.759405207643948144e-01,-7.062377677200273873e-02,-2.428200977956135320e-01,-5.968137858690564929e-03,9.750558482010152073e-02,9.952170829820947695e-01,1.050150296761587221e-01,0.000000000000000000e+00,0.000000000000000000e+00,0.000000000000000000e+00,1.000000000000000000e+00
6.797424593976024720e-01,7.302524584017741072e-01,-6.842175012570064774e-02,1.421887360799843902e-01,-7.334134499372680915e-01,6.758013069371021642e-01,-7.346635279649327277e-02,-2.429340030327266642e-01,-7.409476581578929022e-03,1.001196311432960839e-01,9.949478172831565104e-01,1.048038051254840397e-01,0.000000000000000000e+00,0.000000000000000000e+00,0.000000000000000000e+00,1.000000000000000000e+00
6.796472091167753415e-01,7.304760116835076200e-01,-6.696616679140575401e-02,1.422738087180425159e-01,-7.335114112980678502e-01,6.759897533980379070e-01,-7.070263641743844418e-02,-2.427933404084766933e-01,-6.378137290385294672e-03,9.717329703069595148e-02,9.952470395378671952e-01,1.050046130230064545e-01,0.000000000000000000e+00,0.000000000000000000e+00,0.000000000000000000e+00,1.000000000000000000e+00
6.796211590736448427e-01,7.303146310443533462e-01,-6.896100218199915921e-02,1.420654679082667959e-01,-7.335324168104904174e-01,6.757206520917409254e-01,-7.301913327939152376e-02,-2.429597158441263727e-01,-6.728568016796852846e-03,1.002104785901283546e-01,9.949435091266141118e-01,1.048978759652565707e-01,0.000000000000000000e+00,0.000000000000000000e+00,0.000000000000000000e+00,1.000000000000000000e+00
6.795889666260358508e-01,7.304537784139089052e-01,-6.779464610868039809e-02,1.421579429304055120e-01,-7.335692136099605243e-01,6.759129546507347541e-01,-7.083704242116685423e-02,-2.428344269796629262e-01,-5.919905727388569128e-03,9.787213769075568670e-02,9.951813901897588188e-01,1.051093972624599360e-01,0.000000000000000000e+00,0.000000000000000000e+00,0.000000000000000000e+00,1.000000000000000000e+00
6.796570672035762151e-01,7.302770135306908550e-01,-6.900546723940675919e-02,1.421229786319865296e-01,-7.335018587190895722e-01,6.757928955573782037e-01,-7.265662784506018990e-02,-2.429096906205571449e-01,-6.426060680892901888e-03,9.999722907595937071e-02,9.949669642361277377e-01,1.049798541158699638e-01,0.000000000000000000e+00,0.000000000000000000e+00,0.000000000000000000e+00,1.000000000000000000e+00
6.796800667116319472e-01,7.305906911798737413e-01,-6.536244239764989195e-02,1.422389428275251388e-01,-7.334654081988533081e-01,6.759681691433107042e-01,-7.138297612687602434e-02,-2.428243313110230450e-01,-7.968807348736280799e-03,9.645867647005623713e-02,9.953050898307934657e-01,1.049648646422645104e-01,0.000000000000000000e+00,0.000000000000000000e+00,0.000000000000000000e+00,1.000000000000000000e+00
6.796300669053341181e-01,7.305101851367494792e-01,-6.676706950078982461e-02,1.421699871334590748e-01,-7.335239557042416703e-01,6.759427178023336147e-01,-7.102146617746457613e-02,-2.428002496465165583e-01,-6.751189987921860092e-03,9.724356874090453462e-02,9.952377152079197042e-01,1.050299006424528780e-01,0.000000000000000000e+00,0.000000000000000000e+00,0.000000000000000000e+00,1.000000000000000000e+00
6.796724162110682199e-01,7.304456623790822611e-01,-6.704133764620391622e-02,1.422014197787346279e-01,-7.334751459930060058e-01,6.758280828616688440e-01,-7.259898502086521710e-02,-2.428869366263543828e-01,-7.721195007699133139e-03,9.851668248121843441e-02,9.951054448753398063e-01,1.048265716857670338e-01,0.000000000000000000e+00,0.000000000000000000e+00,0.000000000000000000e+00,1.000000000000000000e+00
6.796872056398055584e-01,7.303736961815525675e-01,-6.767249378920257852e-02,1.421401376227716118e-01,-7.334666016106921038e-01,6.758481891943608488e-01,-7.249806538360539787e-02,-2.428552568022476765e-01,-7.214347594536544422e-03,9.891152151696175343e-02,9.950700799943613672e-01,1.049668126313023642e-01,0.000000000000000000e+00,0.000000000000000000e+00,0.000000000000000000e+00,1.000000000000000000e+00
6.796041104131416155e-01,7.304012491029748810e-01,-6.820753930744302695e-02,1.420789384120528243e-01,-7.335512259930018208e-01,6.758243090402977771e-01,-7.186168766712909550e-02,-2.428068329009762383e-01,-6.391553310927292064e-03,9.887122240074698587e-02,9.950797100872148526e-01,1.050935951455289619e-01,0.000000000000000000e+00,0.000000000000000000e+00,0.000000000000000000e+00,1.000000000000000000e+00
6.795869515586532295e-01,7.303232323668268355e-01,-6.920658593288847582e-02,1.420948218597937185e-01,-7.335744404442180455e-01,6.758314384022189314e-01,-7.155702057897575519e-02,-2.428500605247440325e-01,-5.487768049846339369e-03,9.939740002865932178e-02,9.950326835181713125e-01,1.049796467499843899e-01,0.000000000000000000e+00,0.000000000000000000e+00,0.000000000000000000e+00,1.000000000000000000e+00
6.796673400473128845e-01,7.303216121341851164e-01,-6.842988910363102806e-02,1.421276785337757809e-01,-7.334973757506026981e-01,6.759414286209303180e-01,-7.130767729266518362e-02,-2.428425444895109808e-01,-5.822940836843273904e-03,9.865864343087604738e-02,9.951042987729425970e-01,1.050883505959356867e-01,0.000000000000000000e+00,0.000000000000000000e+00,0.000000000000000000e+00,1.000000000000000000e+00
6.796257494104538388e-01,7.306038855982593949e-01,-6.577843937799351948e-02,1.422584369583709263e-01,-7.335321133939224358e-01,6.760949845833923444e-01,-6.947093234604018175e-02,-2.426882884359632397e-01,-6.283260150966626933e-03,9.546483211061410068e-02,9.954129728268401589e-01,1.051594125074120090e-01,0.000000000000000000e+00,0.000000000000000000e+00,0.000000000000000000e+00,1.000000000000000000e+00
6.795759466889326195e-01,7.305625287968202652e-01,-6.674521855411499893e-02,1.421890258124814399e-01,-7.335806298665816794e-01,6.759907249313148458e-01,-6.997141767454183314e-02,-2.427838686294996606e-01,-5.999347163716559767e-03,9.651389187485377719e-02,9.953135568798300303e-01,1.051297949649323549e-01,0.000000000000000000e+00,0.000000000000000000e+00,0.000000000000000000e+00,1.000000000000000000e+00
6.796114758836127034e-01,7.305254692902026781e-01,-6.678907519667548476e-02,1.422670903324945169e-01,-7.335396367617524893e-01,6.759002507908981050e-01,-7.126326038175360977e-02,-2.428720200359736903e-01,-6.916874058005346992e-03,9.742376352374444715e-02,9.952189543784500936e-01,1.047985995434599360e-01,0.000000000000000000e+00,0.000000000000000000e+00,0.000000000000000000e+00,1.000000000000000000e+00
6.796389941818016256e-01,7.303936097136749517e-01,-6.794124282773597590e-02,1.420933682927319475e-01,-7.335210083543495241e-01,6.759178644047054707e-01,-7.128794345049366266e-02,-2.427974864125055643e-01,-6.145558588745575479e-03,9.828639513183126675e-02,9.951391946062733140e-01,1.051616922456084513e-01,0.000000000000000000e+00,0.000000000000000000e+00,0.000000000000000000e+00,1.000000000000000000e+00
6.796367906891459532e-01,7.303717752136769104e-01,-6.819752717643411122e-02,1.420813033461748032e-01,-7.335244879148321573e-01,6.759140267072655250e-01,-7.128852733542437314e-02,-2.427946816366255978e-01,-5.971463057040882205e-03,9.847486213035494540e-02,9.951216222941627887e-01,1.052134992002622393e-01,0.000000000000000000e+00,0.000000000000000000e+00,0.000000000000000000e+00,1.000000000000000000e+00
6.796000712276395461e-01,7.305314650074670180e-01,-6.683952289949228465e-02,1.421317092986884578e-01,-7.335568444235029961e-01,6.759826655837332110e-01,-7.029787926917648033e-02,-2.427715323326228303e-01,-6.172453873485764242e-03,9.680503325940835457e-02,9.952842239023106385e-01,1.051308038608023132e-01,0.000000000000000000e+00,0.000000000000000000e+00,0.000000000000000000e+00,1.000000000000000000e+00
6.796074607930936429e-01,7.304655412284631888e-01,-6.748179244931371001e-02,1.421631248870491859e-01,-7.335455432343332971e-01,6.758600100075780048e-01,-7.158339803057409134e-02,-2.428455973185665306e-01,-6.680960665253334735e-03,9.814957947115815484e-02,9.951492475072392097e-01,1.049976973136015346e-01,0.000000000000000000e+00,0.000000000000000000e+00,0.000000000000000000e+00,1.000000000000000000e+00
6.796216218569760548e-01,7.304269630727886486e-01,-6.775620060744660944e-02,1.421755657531840189e-01,-7.335330321665145537e-01,6.758560586634284606e-01,-7.174871907243789149e-02,-2.428867937283951117e-01,-6.613760283886015168e-03,9.846339210183373269e-02,9.951186957296641600e-01,1.048852398853525880e-01,0.000000000000000000e+00,0.000000000000000000e+00,0.000000000000000000e+00,1.000000000000000000e+00
6.796349928129747919e-01,7.303396519338405390e-01,-6.855851046562033702e-02,1.421279214708141003e-01,-7.335269263673955820e-01,6.758898395582755292e-01,-7.149246866551899060e-02,-2.428381870596012793e-01,-5.875784042103655846e-03,9.887829688584522103e-02,9.950821863378147558e-01,1.050611542411243882e-01,0.000000000000000000e+00,0.000000000000000000e+00,0.000000000000000000e+00,1.000000000000000000e+00
6.796494928789984513e-01,7.302953103922062983e-01,-6.888632991001245043e-02,1.420947378317727883e-01,-7.335164282182373707e-01,6.759231874721014499e-01,-7.128459982011280116e-02,-2.427429041995447512e-01,-5.496941265783102104e-03,9.897779678647748713e-02,9.950744592139901812e-01,1.052977509188066652e-01,0.000000000000000000e+00,0.000000000000000000e+00,0.000000000000000000e+00,1.000000000000000000e+00
6.795295548457217505e-01,7.305768110771296842e-01,-6.706047425680269902e-02,1.421421760101926890e-01,-7.336278624757622824e-01,6.759865992509910271e-01,-6.951458143673393264e-02,-2.427556606001992912e-01,-5.453759292395832237e-03,9.643464496461952307e-02,9.953243771555726482e-01,1.052313524006183165e-01,0.000000000000000000e+00,0.000000000000000000e+00,0.000000000000000000e+00,1.000000000000000000e+00
6.795900048056993104e-01,7.304918249825983478e-01,-6.737298421312920560e-02,1.421102684162797170e-01,-7.335695261910447629e-01,6.759759726440814909e-01,-7.022987008199826908e-02,-2.427342223907026086e-01,-5.759827431085346588e-03,9.715028585383075899e-02,9.952530564366448562e-01,1.053494489948136881e-01,0.000000000000000000e+00,0.000000000000000000e+00,0.000000000000000000e+00,1.000000000000000000e+00
6.796143420874223295e-01,7.304387271142690485e-01,-6.770237780733043276e-02,1.421292000146751611e-01,-7.335419864210271923e-01,6.758876287619743906e-01,-7.135872367138582084e-02,-2.428032926389374624e-01,-6.363975689282035109e-03,9.815894874234307177e-02,9.951504009923446414e-01,1.051215633836171115e-01,0.000000000000000000e+00,0.000000000000000000e+00,0.000000000000000000e+00,1.000000000000000000e+00
6.796255726663983365e-01,7.303557267511378015e-01,-6.848060586536451610e-02,1.420179158172886202e-01,-7.335333006126953936e-01,6.758494979273040881e-01,-7.180775058206391448e-02,-2.428631835826027263e-01,-6.162618770863530909e-03,9.903518845959903560e-02,9.950648489302879041e-01,1.051676332593010077e-01,0.000000000000000000e+00,0.000000000000000000e+00,0.000000000000000000e+00,1.000000000000000000e+00
6.796266642447609252e-01,7.304101816261383551e-01,-6.788640382587982081e-02,1.421194859972021440e-01,-7.335328467353756654e-01,6.759177011512476074e-01,-7.116757710297877404e-02,-2.427230547487955192e-01,-6.095900904264987125e-03,9.816429008190422079e-02,9.951515523501337501e-01,1.054143899784369953e-01,0.000000000000000000e+00,0.000000000000000000e+00,0.000000000000000000e+00,1.000000000000000000e+00
6.796824407550771108e-01,7.305272257995042429e-01,-6.604356210033711372e-02,1.422610791935882690e-01,-7.334805360309785138e-01,6.761403198189516184e-01,-6.957421346184401723e-02,-2.426335132133775607e-01,-6.171141946958714347e-03,9.573003855011137653e-02,9.953882040321075930e-01,1.053713275698562324e-01,0.000000000000000000e+00,0.000000000000000000e+00,0.000000000000000000e+00,1.000000000000000000e+00
6.797138205296109348e-01,7.304076121717533177e-01,-6.703612654828611239e-02,1.421777854337709646e-01,-7.334419515920347354e-01,6.759375392902612356e-01,-7.191207564167763355e-02,-2.428123801726720932e-01,-7.212893033153193467e-03,9.804673915936464035e-02,9.951556717992959822e-01,1.050927603529427934e-01,0.000000000000000000e+00,0.000000000000000000e+00,0.000000000000000000e+00,1.000000000000000000e+00
6.796312841876973598e-01,7.304606499609869186e-01,-6.729454964522901816e-02,1.421744922167298975e-01,-7.335192926206148822e-01,6.758424542823181502e-01,-7.201683374743675370e-02,-2.428962833931466170e-01,-7.124949595230106736e-03,9.830674365589356367e-02,9.951306543590345832e-01,1.048508853571232802e-01,0.000000000000000000e+00,0.000000000000000000e+00,0.000000000000000000e+00,1.000000000000000000e+00
6.795728195685531992e-01,7.304174722695068178e-01,-6.834543954845247182e-02,1.420445480443914277e-01,-7.335903006932465997e-01,6.759526545928629115e-01,-7.023730830302504780e-02,-2.427446278362210830e-01,-5.104275897617124857e-03,9.786891719175383475e-02,9.951862244903086907e-01,1.054119885922599753e-01,0.000000000000000000e+00,0.000000000000000000e+00,0.000000000000000000e+00,1.000000000000000000e+00
6.796549130001243721e-01,7.304543495275938048e-01,-6.712408279457930671e-02,1.421240299669195295e-01,-7.335063801653686211e-01,6.760148236060802285e-01,-7.051488156083413061e-02,-2.426676448403278508e-01,-6.131026952436963856e-03,9.716172868501513071e-02,9.952497219228189085e-01,1.054654867427460285e-01,0.000000000000000000e+00,0.000000000000000000e+00,0.000000000000000000e+00,1.000000000000000000e+00
6.796453262217331259e-01,7.302998990869273843e-01,-6.887879164574575719e-02,1.420731954690930832e-01,-7.335112964454706397e-01,6.757717893821831856e-01,-7.275758834711065770e-02,-2.428558329658307702e-01,-6.588515146774946013e-03,9.997272662494699480e-02,9.949683640193465184e-01,1.050585705997661989e-01,0.000000000000000000e+00,0.000000000000000000e+00,0.000000000000000000e+00,1.000000000000000000e+00
6.797361343474503936e-01,7.304358915530444474e-01,-6.649959393480792125e-02,1.423169503544284842e-01,-7.334146864242045982e-01,6.759268611498312485e-01,-7.228952976346243731e-02,-2.428855801078809717e-01,-7.854005326631951361e-03,9.790958434824499623e-02,9.951643220559523995e-01,1.047232218438001183e-01,0.000000000000000000e+00,0.000000000000000000e+00,0.000000000000000000e+00,1.000000000000000000e+00
6.795896161731450613e-01,7.304741254918412086e-01,-6.756852504359892042e-02,1.421302609836166408e-01,-7.335673245260139197e-01,6.759145378800042181e-01,-7.084149822107307926e-02,-2.427832334517444068e-01,-6.077333081492532207e-03,9.770920872359140086e-02,9.951964512362503346e-01,1.052345335350441946e-01,0.000000000000000000e+00,0.000000000000000000e+00,0.000000000000000000e+00,1.000000000000000000e+00
6.796396477823185567e-01,7.304814330118167831e-01,-6.698376808846004393e-02,1.421757311025214632e-01,-7.335113272973441401e-01,6.758783173678062361e-01,-7.176094229141333214e-02,-2.428562380529615816e-01,-7.147159492726172514e-03,9.790493418140724935e-02,9.951701070541256744e-01,1.050078511975360840e-01,0.000000000000000000e+00,0.000000000000000000e+00,0.000000000000000000e+00,1.000000000000000000e+00
6.796708559820169304e-01,7.304953185821907446e-01,-6.651403655001394966e-02,1.421985580682713080e-01,-7.334773401743441834e-01,6.758882950053073380e-01,-7.201391619394657828e-02,-2.428723480332399542e-01,-7.649769894738568665e-03,9.773229867512021884e-02,9.951833392979583248e-01,1.050001042938362161e-01,0.000000000000000000e+00,0.000000000000000000e+00,0.000000000000000000e+00,1.000000000000000000e+00
6.796197254171925106e-01,7.304655037096298154e-01,-6.735856823075137001e-02,1.421651864828832323e-01,-7.335273478563727467e-01,6.757887202149045480e-01,-7.243780488872750278e-02,-2.428720408213462245e-01,-7.393157015496424483e-03,9.863951297800671592e-02,9.950957681091835427e-01,1.050218339825907954e-01,0.000000000000000000e+00,0.000000000000000000e+00,0.000000000000000000e+00,1.000000000000000000e+00
6.796337948522540584e-01,7.304828749479793659e-01,-6.702741455896281397e-02,1.420729842469256599e-01,-7.335149427324775262e-01,6.758437723706898215e-01,-7.204876220952954879e-02,-2.428918512346570080e-01,-7.330326247476939838e-03,9.813238382659386638e-02,9.951463719280775333e-01,1.049912921536866328e-01,0.000000000000000000e+00,0.000000000000000000e+00,0.000000000000000000e+00,1.000000000000000000e+00
6.796483018007963839e-01,7.303794669637686532e-01,-6.800014777200652505e-02,1.421539101690734719e-01,-7.335159038797727238e-01,6.759795777567879638e-01,-7.075329823545047081e-02,-2.427825245542059029e-01,-5.710045072816714862e-03,9.796654884947066100e-02,9.951733269595757214e-01,1.052405269716369940e-01,0.000000000000000000e+00,0.000000000000000000e+00,0.000000000000000000e+00,1.000000000000000000e+00
6.796186340532761605e-01,7.304820991047978884e-01,-6.718939748954344537e-02,1.421629847968304272e-01,-7.335387143587862591e-01,6.759526617925418757e-01,-7.077396097744566295e-02,-2.427461345412964822e-01,-6.282259499471542358e-03,9.738532693905262161e-02,9.952269245315641388e-01,1.052580073193076782e-01,0.000000000000000000e+00,0.000000000000000000e+00,0.000000000000000000e+00,1.000000000000000000e+00
6.796968755242572824e-01,7.302730742294122335e-01,-6.865416562806596346e-02,1.421328347229577349e-01,-7.334669907420451329e-01,6.758988487344228524e-01,-7.202027333529566200e-02,-2.428362110450578981e-01,-6.191194906576755197e-03,9.930751902552691079e-02,9.950375298302187588e-01,1.050092089020506769e-01,0.000000000000000000e+00,0.000000000000000000e+00,0.000000000000000000e+00,1.000000000000000000e+00
6.795839921867165012e-01,7.304521755092344693e-01,-6.786174811623499337e-02,1.421458506130626742e-01,-7.335735619620719072e-01,6.758972462007526438e-01,-7.094181960252636532e-02,-2.428309792008873924e-01,-5.952037789116702837e-03,9.799250926507414861e-02,9.951693531123690928e-01,1.050531342831584336e-01,0.000000000000000000e+00,0.000000000000000000e+00,0.000000000000000000e+00,1.000000000000000000e+00
6.796565388193965829e-01,7.304761397481610574e-01,-6.687001195351725824e-02,1.422674577095870418e-01,-7.334979925541765811e-01,6.759383299159482661e-01,-7.133070215154260763e-02,-2.428078263983016183e-01,-6.905371751864727153e-03,9.752939766585341785e-02,9.952086878800368019e-01,1.049761556860968614e-01,0.000000000000000000e+00,0.000000000000000000e+00,0.000000000000000000e+00,1.000000000000000000e+00
6.796497397867076184e-01,7.303431576612912091e-01,-6.837472680161371663e-02,1.420328245960262858e-01,-7.335158089495331657e-01,6.759662508175905415e-01,-7.088149107293698070e-02,-2.427437164334503295e-01,-5.548804283185583552e-03,9.832853000500443863e-02,9.951385385754498714e-01,1.053928130218819703e-01,0.000000000000000000e+00,0.000000000000000000e+00,0.000000000000000000e+00,1.000000000000000000e+00
6.796463359939040050e-01,7.302656306506483119e-01,-6.923125493931016339e-02,1.420985309722394008e-01,-7.335168073748314921e-01,6.758415449249662865e-01,-7.205067280788403361e-02,-2.428707983622190869e-01,-5.826771721575363383e-03,9.975126487340983672e-02,9.949953436511445037e-01,1.050637763511610423e-01,0.000000000000000000e+00,0.000000000000000000e+00,0.000000000000000000e+00,1.000000000000000000e+00
6.796604224863442845e-01,7.304633096097741252e-01,-6.697061609108267977e-02,1.422197105491153080e-01,-7.335006272069433120e-01,6.760248735953626742e-01,-7.047836666236428904e-02,-2.427305070789971819e-01,-6.208058690504066057e-03,9.702434536913454033e-02,9.952626469495307049e-01,1.051922961842921556e-01,0.000000000000000000e+00,0.000000000000000000e+00,0.000000000000000000e+00,1.000000000000000000e+00
6.797578232235204077e-01,7.304370889470397366e-01,-6.626432567374195004e-02,1.422616220598491577e-01,-7.334048460033610883e-01,6.761072514321272431e-01,-7.068462647337631077e-02,-2.426649109107556768e-01,-6.828881695244825439e-03,9.664700539317716554e-02,9.952952942334871711e-01,1.053594108141013841e-01,0.000000000000000000e+00,0.000000000000000000e+00,0.000000000000000000e+00,1.000000000000000000e+00
6.796398914233815480e-01,7.305040150697693635e-01,-6.673456340578198809e-02,1.421765695783144268e-01,-7.335203198068619423e-01,6.760378411509151420e-01,-7.014825559092058294e-02,-2.426432261012159697e-01,-6.128492184314170838e-03,9.662671110493339932e-02,9.953018237120790923e-01,1.054078817990988792e-01,0.000000000000000000e+00,0.000000000000000000e+00,0.000000000000000000e+00,1.000000000000000000e+00
6.796332933829987155e-01,7.304561473433742735e-01,-6.732312629144104887e-02,1.421533710213359614e-01,-7.335267149132639330e-01,6.759790839372178395e-01,-7.064585329624754884e-02,-2.427597141007629689e-01,-6.094672586284273497e-03,9.739658560583243363e-02,9.952269892232583626e-01,1.052092016927137497e-01,0.000000000000000000e+00,0.000000000000000000e+00,0.000000000000000000e+00,1.000000000000000000e+00
6.796837610155976872e-01,7.304916697335009923e-01,-6.642217597801103324e-02,1.421551893474934936e-01,-7.334650498146725317e-01,6.759058479492037197e-01,-7.197433854109552831e-02,-2.428380662833974357e-01,-7.681517561800361993e-03,9.763813372873247909e-02,9.951923377568370199e-01,1.050895890916436759e-01,0.000000000000000000e+00,0.000000000000000000e+00,0.000000000000000000e+00,1.000000000000000000e+00
