# Blender v3.0.0 OBJ File: ''
# www.blender.org
mtllib Carriage2_lh.mtl
o /ambf/env/Carriage2_lh_Carriage2_lh
v 0.003470 0.005570 -0.007875
v 0.001819 0.004402 -0.009675
v 0.002506 0.006065 -0.007875
v 0.001819 0.004402 -0.007875
v 0.001027 0.004651 -0.007875
v 0.001473 0.006394 -0.007875
v 0.001026 0.004647 -0.009675
v 0.000203 0.004758 -0.007875
v 0.000401 0.006550 -0.007875
v 0.002553 0.004016 -0.009675
v 0.004339 0.004922 -0.007875
v 0.002555 0.004019 -0.007875
v -0.000626 0.004721 -0.007875
v -0.000683 0.006526 -0.007875
v 0.000204 0.004752 -0.009675
v 0.003210 0.003510 -0.009675
v 0.005090 0.004141 -0.007875
v 0.003214 0.003514 -0.007875
v 0.002648 0.005150 -0.017741
v 0.002310 0.005591 -0.017593
v 0.002310 0.005591 -0.013237
v 0.002646 0.005153 -0.013094
v 0.001783 0.005521 -0.013094
v 0.002396 0.004659 -0.012769
v 0.001587 0.005495 -0.017782
v 0.001591 0.004991 -0.018061
v 0.001591 0.004991 -0.012769
v 0.002396 0.004659 -0.018061
v 0.000741 0.005186 -0.018061
v 0.001139 0.005436 -0.012951
v 0.003182 0.004456 -0.012908
v 0.003029 0.004655 -0.017879
v -0.001436 0.004541 -0.007875
v -0.001748 0.006325 -0.007875
v -0.000624 0.004712 -0.009675
v 0.003768 0.002898 -0.009675
v 0.005702 0.003247 -0.007875
v 0.003776 0.002903 -0.007875
v 0.000231 0.005315 -0.018012
v 0.000741 0.005186 -0.012769
v 0.003588 0.003929 -0.012818
v 0.003135 0.004197 -0.018061
v -0.000394 0.005232 -0.018056
v 0.003972 0.003429 -0.012774
v 0.001027 0.004651 -0.012769
v 0.001819 0.004402 -0.012769
v 0.001819 0.004402 -0.018061
v 0.002555 0.004019 -0.018061
v -0.002203 0.004222 -0.007875
v -0.002765 0.005951 -0.007875
v -0.001432 0.004530 -0.009675
v 0.004212 0.002198 -0.009675
v 0.006159 0.002264 -0.007875
v 0.004222 0.002203 -0.007875
v -0.000083 0.005274 -0.012790
v 0.003788 0.003619 -0.018061
v 0.000203 0.004758 -0.012769
v 0.002555 0.004019 -0.012769
v 0.001027 0.004651 -0.018061
v 0.003214 0.003514 -0.018061
v -0.000626 0.004721 -0.012769
v 0.003776 0.002903 -0.018061
v 0.003214 0.003514 -0.012769
v 0.000203 0.004758 -0.018061
v -0.000626 0.004721 -0.018061
v -0.004758 0.000203 0.004952
v 0.002421 0.004089 0.004475
v 0.001819 0.004402 0.004952
v 0.000885 0.004680 0.004475
v 0.000240 0.004756 0.004475
v 0.003214 0.003514 0.004952
v -0.000983 0.005154 -0.012774
v -0.001608 0.005071 -0.012818
v -0.001436 0.004541 -0.012769
v 0.004334 0.002957 -0.018056
v 0.004526 0.002709 -0.012790
v 0.003776 0.002903 -0.012769
v -0.001294 0.005113 -0.018040
v 0.004719 0.002457 -0.018012
v 0.004222 0.002203 -0.018061
v -0.000626 0.004721 0.004952
v 0.003776 0.002903 0.004952
v -0.002903 0.003776 -0.007875
v -0.003966 0.005227 -0.007748
v -0.002196 0.004211 -0.009675
v 0.004528 0.001433 -0.009675
v 0.006461 0.001149 -0.007748
v 0.004541 0.001436 -0.007875
v 0.004905 0.002215 -0.012852
v -0.002203 0.004222 -0.012769
v -0.002059 0.004817 -0.012769
v 0.004859 0.001959 -0.018061
v 0.004541 0.001436 -0.018061
v -0.002067 0.004814 -0.018061
v 0.004222 0.002203 -0.012769
v -0.001436 0.004541 -0.018061
v -0.001436 0.004541 0.004952
v 0.004222 0.002203 0.004952
v -0.003123 0.004871 -0.013089
v 0.005277 0.001731 -0.012951
v 0.005552 0.001373 -0.017782
v -0.002516 0.004951 -0.017879
v -0.002825 0.004412 -0.012769
v 0.005115 0.001132 -0.018061
v -0.002903 0.003776 -0.012769
v 0.004721 0.000626 -0.018061
v 0.005118 0.001118 -0.012769
v 0.004541 0.001436 -0.012769
v -0.002836 0.004404 -0.018061
v -0.002203 0.004222 -0.018061
v -0.002267 0.004188 0.004475
v 0.004510 0.001505 0.004475
v 0.005673 0.001216 -0.013094
v -0.003160 0.004866 -0.017736
v -0.003514 0.003214 -0.007875
v -0.004709 0.004569 -0.007748
v -0.002894 0.003765 -0.009675
v 0.004680 0.000885 -0.009675
v 0.006553 -0.000335 -0.007748
v 0.004721 0.000626 -0.007875
v -0.003687 0.004796 -0.013237
v 0.005997 0.000795 -0.017593
v 0.005997 0.000795 -0.013237
v 0.005233 0.000254 -0.012769
v -0.003687 0.004796 -0.017593
v -0.003527 0.003873 -0.018061
v -0.002816 0.003841 0.004475
v 0.004721 0.000626 0.004952
v 0.004721 0.000626 -0.012769
v -0.002903 0.003776 -0.018061
v -0.003890 0.004303 -0.013094
v 0.005793 0.000303 -0.017736
v 0.005713 0.000109 -0.013044
v -0.003970 0.004110 -0.017786
v -0.003513 0.003886 -0.012769
v 0.005232 0.000273 -0.018061
v -0.004019 0.002555 -0.007875
v -0.005264 0.003918 -0.007875
v -0.003821 0.002843 -0.009675
v -0.003300 0.003433 -0.009675
v 0.004761 0.000103 -0.009675
v 0.006494 -0.000940 -0.007875
v 0.004758 -0.000203 -0.007875
v -0.004279 0.003362 -0.017941
v -0.004137 0.003706 -0.012951
v 0.005404 -0.000639 -0.012889
v 0.005547 -0.000294 -0.017878
v -0.003514 0.003214 0.004952
v 0.004758 -0.000203 0.004952
v -0.003514 0.003214 -0.012769
v 0.004758 -0.000203 -0.012769
v 0.005215 -0.001097 -0.012821
v -0.004469 0.002904 -0.018008
v -0.003514 0.003214 -0.018061
v 0.004758 -0.000203 -0.018061
v -0.004371 0.003140 -0.012852
v 0.005313 -0.000860 -0.017978
v -0.004096 0.002425 0.004475
v -0.001819 -0.004402 0.004952
v 0.004614 -0.001173 0.004475
v -0.005176 -0.000807 0.004952
v -0.004562 -0.001367 0.004475
v -0.004249 -0.002131 0.004475
v -0.003776 -0.002903 0.004952
v -0.003506 -0.003892 0.004952
v -0.002944 -0.004334 0.004952
v 0.004651 -0.001027 -0.007875
v -0.004019 0.002555 -0.012769
v 0.004713 -0.000682 -0.009675
v 0.004651 -0.001027 -0.012769
v 0.004973 -0.001684 -0.012776
v -0.004711 0.002317 -0.018054
v -0.004019 0.002555 -0.018061
v 0.004651 -0.001027 -0.018061
v -0.005837 0.002998 -0.007875
v -0.004236 0.002176 -0.009675
v 0.004537 -0.001449 -0.009675
v 0.006251 -0.001996 -0.007875
v -0.004615 0.002549 -0.012789
v 0.005036 -0.001442 -0.018061
v -0.004402 0.001819 0.004475
v -0.004402 0.001819 -0.007875
v 0.004402 -0.001819 0.004475
v 0.004402 -0.001819 -0.007875
v -0.004402 0.001819 -0.012769
v 0.004402 -0.001819 -0.012769
v -0.004430 0.001749 -0.018061
v 0.004373 -0.001887 -0.018061
v -0.004973 0.001683 -0.012776
v -0.006251 0.001996 -0.007875
v -0.004537 0.001449 -0.009675
v 0.004236 -0.002176 -0.009675
v 0.005742 -0.003177 -0.007748
v -0.004651 0.001027 -0.007875
v -0.004614 0.001173 0.004475
v 0.004096 -0.002425 0.004475
v 0.004019 -0.002555 -0.007875
v -0.004651 0.001027 -0.012769
v -0.005215 0.001097 -0.012821
v 0.004019 -0.002555 -0.012769
v 0.004609 -0.002565 -0.012790
v 0.004711 -0.002317 -0.018054
v -0.005075 0.001436 -0.018040
v 0.004469 -0.002904 -0.018008
v 0.003983 -0.002611 -0.018061
v -0.004664 0.000962 -0.018061
v -0.004713 0.000682 -0.009675
v 0.003820 -0.002843 -0.009675
v -0.006536 0.000583 -0.007748
v 0.005264 -0.003918 -0.007875
v -0.004758 0.000203 -0.012769
v -0.005446 0.000539 -0.012904
v 0.004371 -0.003140 -0.012852
v -0.005202 0.000617 -0.018061
v 0.004238 -0.003462 -0.017926
v -0.005545 0.000298 -0.017879
v 0.004138 -0.003703 -0.012951
v -0.004758 0.000203 -0.007875
v 0.003514 -0.003214 0.004952
v -0.000240 -0.004756 0.004475
v 0.000626 -0.004721 0.004952
v 0.001436 -0.004541 0.004952
v -0.000885 -0.004680 0.004475
v 0.002132 -0.004250 0.004475
v 0.003098 -0.004225 0.004952
v 0.003514 -0.003214 -0.007875
v 0.004547 -0.004731 -0.007875
v 0.003514 -0.003214 -0.012769
v -0.004760 0.000145 -0.018061
v -0.005233 -0.000254 -0.018061
v 0.003475 -0.003257 -0.018061
v -0.004761 -0.000103 -0.009675
v 0.003300 -0.003433 -0.009675
v -0.004721 -0.000626 -0.012769
v -0.005233 -0.000254 -0.012769
v 0.003527 -0.003873 -0.012769
v 0.003527 -0.003873 -0.018061
v -0.005792 -0.000299 -0.017737
v 0.003897 -0.004286 -0.017736
v -0.005786 -0.000285 -0.013093
v -0.006549 -0.000409 -0.007748
v -0.004721 -0.000626 -0.007875
v 0.002903 -0.003776 -0.007875
v 0.003707 -0.005415 -0.007875
v 0.002903 -0.003776 -0.012769
v -0.004714 -0.000675 -0.018061
v -0.005118 -0.001118 -0.018061
v 0.002863 -0.003806 -0.018061
v 0.003892 -0.004300 -0.013093
v -0.004707 -0.000624 -0.009675
v 0.002690 -0.003930 -0.009675
v -0.005997 -0.000795 -0.013237
v -0.005673 -0.001216 -0.013094
v -0.005118 -0.001118 -0.012769
v 0.002836 -0.004404 -0.012769
v 0.003687 -0.004796 -0.017593
v 0.003136 -0.004869 -0.017741
v 0.002836 -0.004404 -0.018061
v -0.006448 -0.001219 -0.007875
v -0.005018 -0.001504 -0.007748
v 0.002493 -0.004607 -0.007748
v 0.002765 -0.005951 -0.007875
v -0.004541 -0.001436 -0.012769
v 0.002203 -0.004222 -0.012769
v 0.002067 -0.004814 -0.012769
v -0.004528 -0.001476 -0.018061
v -0.005124 -0.001930 -0.017922
v 0.002166 -0.004241 -0.018061
v 0.003687 -0.004796 -0.013237
v -0.005997 -0.000795 -0.017593
v -0.004470 -0.001643 -0.009675
v 0.002007 -0.004319 -0.009675
v -0.005277 -0.001731 -0.012951
v -0.004905 -0.002215 -0.012852
v 0.002964 -0.004892 -0.013048
v -0.005660 -0.001233 -0.017736
v 0.002516 -0.004951 -0.017879
v 0.001911 -0.005031 -0.017978
v -0.006159 -0.002264 -0.007875
v -0.004222 -0.002203 -0.007875
v 0.001436 -0.004541 -0.007875
v 0.001513 -0.006385 -0.007748
v -0.004222 -0.002203 -0.012769
v 0.001436 -0.004541 -0.012769
v 0.001249 -0.005119 -0.012793
v -0.004207 -0.002232 -0.018061
v -0.004498 -0.002745 -0.018037
v 0.001404 -0.004551 -0.018061
v -0.004212 -0.002198 -0.009675
v 0.001268 -0.004590 -0.009675
v -0.005702 -0.003247 -0.007875
v -0.003776 -0.002903 -0.007875
v 0.000626 -0.004721 -0.007875
v 0.000533 -0.006540 -0.007748
v -0.003776 -0.002903 -0.012769
v -0.004526 -0.002709 -0.012790
v 0.000688 -0.005193 -0.012769
v 0.001248 -0.005119 -0.018042
v -0.004153 -0.003193 -0.018061
v 0.000601 -0.004724 -0.018061
v -0.003768 -0.002898 -0.009675
v 0.000496 -0.004737 -0.009675
v -0.005090 -0.004141 -0.007875
v -0.003506 -0.003892 -0.007748
v -0.000203 -0.004758 -0.007875
v -0.000459 -0.006546 -0.007748
v -0.003214 -0.003514 -0.012769
v -0.000203 -0.004758 -0.012769
v 0.000083 -0.005274 -0.012790
v -0.003202 -0.003525 -0.018061
v -0.003809 -0.003640 -0.018042
v 0.000394 -0.005232 -0.018056
v -0.000220 -0.004757 -0.018061
v -0.003210 -0.003510 -0.009675
v -0.000291 -0.004754 -0.009675
v -0.004479 -0.004795 -0.007748
v -0.002555 -0.004019 -0.007875
v -0.001027 -0.004651 -0.007875
v -0.001441 -0.006402 -0.007748
v -0.002555 -0.004019 -0.012769
v -0.003809 -0.003641 -0.012793
v -0.001027 -0.004651 -0.012769
v -0.000534 -0.005355 -0.012852
v -0.002548 -0.004023 -0.018061
v -0.003255 -0.004361 -0.017939
v -0.000231 -0.005315 -0.018012
v -0.001035 -0.004649 -0.018061
v -0.002553 -0.004016 -0.009675
v -0.001026 -0.004647 -0.009675
v -0.003470 -0.005570 -0.007875
v -0.001819 -0.004402 -0.007875
v -0.002390 -0.006111 -0.007748
v -0.001819 -0.004402 -0.012769
v -0.003182 -0.004456 -0.012908
v -0.001591 -0.004991 -0.012769
v -0.001819 -0.004402 -0.018061
v -0.002396 -0.004659 -0.018061
v -0.000891 -0.005403 -0.017922
v -0.001819 -0.004402 -0.009675
v -0.002396 -0.004659 -0.012769
v -0.001591 -0.004991 -0.018061
v -0.001139 -0.005436 -0.012951
v -0.002646 -0.005153 -0.013094
v -0.002310 -0.005591 -0.013237
v -0.001783 -0.005521 -0.013094
v -0.002634 -0.005169 -0.017736
v -0.001763 -0.005518 -0.017736
v -0.002310 -0.005591 -0.017593
v 0.002995 0.008603 -0.000761
v 0.003637 0.008351 -0.000761
v 0.003487 0.008439 -0.001398
v 0.003002 0.008624 -0.001398
v 0.002995 0.008603 -0.002036
v 0.003637 0.008351 -0.002036
v 0.004258 0.008052 -0.000761
v 0.004269 0.008072 -0.001398
v 0.002341 0.008826 -0.001398
v 0.002336 0.008804 -0.002036
v 0.004227 0.007993 -0.000126
v 0.003610 0.008290 -0.000126
v 0.004258 0.008052 -0.002036
v 0.003610 0.008290 -0.002671
v 0.002973 0.008539 -0.002671
v 0.002973 0.008539 -0.000126
v 0.002336 0.008804 -0.000761
v 0.002319 0.008740 -0.002671
v 0.004855 0.007707 -0.000761
v 0.004867 0.007726 -0.001398
v 0.004819 0.007651 -0.000126
v 0.004855 0.007707 -0.002036
v 0.004227 0.007993 -0.002671
v 0.001667 0.008978 -0.001398
v 0.001663 0.008956 -0.002036
v 0.004175 0.007895 0.000503
v 0.003566 0.008188 0.000503
v 0.003566 0.008188 -0.003299
v 0.002936 0.008435 -0.003299
v 0.002319 0.008740 -0.000126
v 0.001663 0.008956 -0.000761
v 0.001651 0.008890 -0.002671
v 0.002936 0.008435 0.000503
v 0.002290 0.008633 -0.003299
v 0.004760 0.007557 0.000503
v 0.004819 0.007651 -0.002671
v 0.004175 0.007895 -0.003299
v 0.005424 0.007318 -0.000761
v 0.005437 0.007336 -0.001398
v 0.005384 0.007264 -0.000126
v 0.005424 0.007318 -0.002036
v 0.002290 0.008633 0.000503
v 0.001651 0.008890 -0.000126
v 0.001631 0.008781 -0.003299
v 0.000984 0.009078 -0.001398
v 0.000981 0.009056 -0.002036
v 0.004103 0.007759 0.001122
v 0.003504 0.008047 0.001122
v 0.003504 0.008047 -0.003919
v 0.002886 0.008289 -0.003919
v 0.002886 0.008289 0.001122
v 0.002251 0.008483 -0.003919
v 0.000981 0.009056 -0.000761
v 0.000974 0.008990 -0.002671
v 0.005318 0.007175 0.000503
v 0.005384 0.007264 -0.002671
v 0.004760 0.007557 -0.003299
v 0.004678 0.007426 0.001122
v 0.004103 0.007759 -0.003919
v 0.005962 0.006887 -0.000761
v 0.005976 0.006904 -0.001398
v 0.002251 0.008483 0.001122
v 0.001631 0.008781 0.000503
v 0.001603 0.008629 -0.003919
v 0.000974 0.008990 -0.000126
v 0.000962 0.008879 -0.003299
v 0.005918 0.006836 -0.000126
v 0.005962 0.006887 -0.002036
v 0.005226 0.007051 0.001122
v 0.005318 0.007175 -0.003299
v 0.004678 0.007426 -0.003919
v 0.004010 0.007584 0.001729
v 0.003425 0.007866 0.001729
v 0.003425 0.007866 -0.004526
v 0.002821 0.008102 -0.004526
v 0.005846 0.006753 0.000503
v 0.005918 0.006836 -0.002671
v 0.000294 0.009127 -0.001398
v 0.000293 0.009104 -0.002036
v 0.002821 0.008102 0.001729
v 0.002200 0.008292 -0.004526
v 0.000293 0.009104 -0.000761
v 0.000291 0.009038 -0.002671
v 0.001603 0.008629 0.001122
v 0.000962 0.008879 0.000503
v 0.000945 0.008726 -0.003919
v 0.004573 0.007259 0.001729
v 0.004010 0.007584 -0.004526
v 0.002200 0.008292 0.001729
v 0.001566 0.008435 -0.004526
v 0.000291 0.009038 -0.000126
v 0.000288 0.008927 -0.003299
v 0.006466 0.006416 -0.000761
v 0.006481 0.006432 -0.001398
v 0.005744 0.006636 0.001122
v 0.005846 0.006753 -0.003299
v 0.005226 0.007051 -0.003919
v 0.005108 0.006892 0.001729
v 0.004573 0.007259 -0.004526
v 0.006418 0.006369 -0.000126
v 0.006466 0.006416 -0.002036
v 0.001566 0.008435 0.001729
v 0.000945 0.008726 0.001122
v 0.000924 0.008529 -0.004526
v 0.006339 0.006291 0.000503
v 0.006418 0.006369 -0.002671
v 0.003899 0.007372 0.002320
v 0.003330 0.007646 0.002320
v 0.003330 0.007646 -0.005117
v 0.002742 0.007876 -0.005117
v 0.000288 0.008927 0.000503
v 0.000283 0.008772 -0.003919
v 0.002742 0.007876 0.002320
v 0.002138 0.008061 -0.005117
v -0.000397 0.009123 -0.001398
v -0.000396 0.009100 -0.002036
v 0.004445 0.007056 0.002320
v 0.003899 0.007372 -0.005117
v -0.000396 0.009100 -0.000761
v -0.000393 0.009034 -0.002671
v 0.005615 0.006486 0.001729
v 0.005744 0.006636 -0.003919
v 0.005108 0.006892 -0.004526
v 0.002138 0.008061 0.002320
v 0.001523 0.008200 -0.005117
v 0.006230 0.006182 0.001122
v 0.006339 0.006291 -0.003299
v -0.000393 0.009034 -0.000126
v -0.000388 0.008923 -0.003299
v 0.004966 0.006700 0.002320
v 0.004445 0.007056 -0.005117
v 0.000924 0.008529 0.001729
v 0.000283 0.008772 0.001122
v 0.000276 0.008575 -0.004526
v 0.006932 0.005909 -0.000761
v 0.006949 0.005923 -0.001398
v 0.006882 0.005866 -0.000126
v 0.006932 0.005909 -0.002036
v 0.001523 0.008200 0.002320
v 0.000898 0.008291 -0.005117
v -0.000388 0.008923 0.000503
v -0.000382 0.008768 -0.003919
v 0.003768 0.007125 0.002894
v 0.003218 0.007389 0.002894
v 0.003218 0.007389 -0.005691
v 0.002650 0.007612 -0.005691
v 0.006797 0.005794 0.000503
v 0.006882 0.005866 -0.002671
v 0.002650 0.007612 0.002894
v 0.002067 0.007790 -0.005691
v 0.006090 0.006043 0.001729
v 0.006230 0.006182 -0.003919
v 0.005615 0.006486 -0.004526
v 0.005458 0.006305 0.002320
v 0.004966 0.006700 -0.005117
v 0.004296 0.006819 0.002894
v 0.003768 0.007125 -0.005691
v -0.001086 0.009067 -0.001398
v -0.001083 0.009044 -0.002036
v 0.002067 0.007790 0.002894
v 0.001472 0.007924 -0.005691
v -0.001083 0.009044 -0.000761
v -0.001075 0.008978 -0.002671
v 0.000898 0.008291 0.002320
v 0.000276 0.008575 0.001729
v 0.000269 0.008335 -0.005117
v 0.006679 0.005693 0.001122
v 0.006797 0.005794 -0.003299
v 0.004799 0.006475 0.002894
v 0.004296 0.006819 -0.005691
v -0.000382 0.008768 0.001122
v -0.000373 0.008571 -0.004526
v -0.001075 0.008978 -0.000126
v -0.001062 0.008868 -0.003299
v 0.001472 0.007924 0.002894
v 0.000868 0.008013 -0.005691
v 0.005920 0.005874 0.002320
v 0.006090 0.006043 -0.004526
v 0.005458 0.006305 -0.005117
v 0.007359 0.005368 -0.000761
v 0.007377 0.005381 -0.001398
v 0.007305 0.005328 -0.000126
v 0.007359 0.005368 -0.002036
v -0.001062 0.008868 0.000503
v -0.001044 0.008714 -0.003919
v 0.006529 0.005565 0.001729
v 0.006679 0.005693 -0.003919
v 0.005275 0.006094 0.002894
v 0.004799 0.006475 -0.005691
v 0.003618 0.006842 0.003446
v 0.003090 0.007096 0.003446
v 0.003090 0.007096 -0.006243
v 0.002545 0.007310 -0.006243
v 0.007216 0.005263 0.000503
v 0.007305 0.005328 -0.002671
v 0.002545 0.007310 0.003446
v 0.001985 0.007481 -0.006243
v 0.000269 0.008335 0.002320
v -0.000373 0.008571 0.001729
v -0.000363 0.008332 -0.005117
v 0.004125 0.006549 0.003446
v 0.003618 0.006842 -0.006243
v 0.000868 0.008013 0.002894
v 0.000260 0.008055 -0.005691
v 0.001985 0.007481 0.003446
v 0.001413 0.007610 -0.006243
v -0.001768 0.008958 -0.001398
v -0.001764 0.008937 -0.002036
v -0.001044 0.008714 0.001122
v -0.001020 0.008518 -0.004526
v 0.007091 0.005172 0.001122
v 0.007216 0.005263 -0.003299
v -0.001764 0.008937 -0.000761
v -0.001751 0.008871 -0.002671
v 0.004609 0.006218 0.003446
v 0.004125 0.006549 -0.006243
v 0.005721 0.005677 0.002894
v 0.005920 0.005874 -0.005117
v 0.005275 0.006094 -0.005691
v 0.006347 0.005410 0.002320
v 0.006529 0.005565 -0.004526
v -0.001751 0.008871 -0.000126
v -0.001730 0.008762 -0.003299
v 0.001413 0.007610 0.003446
v 0.000834 0.007695 -0.006243
v 0.005066 0.005852 0.003446
v 0.004609 0.006218 -0.006243
v 0.006931 0.005056 0.001729
v 0.007091 0.005172 -0.003919
v 0.000260 0.008055 0.002894
v -0.000363 0.008332 0.002320
v -0.000350 0.008052 -0.005691
v -0.001730 0.008762 0.000503
v -0.001700 0.008610 -0.003919
v 0.007744 0.004796 -0.000761
v 0.007763 0.004808 -0.001398
v -0.001020 0.008518 0.001729
v -0.000992 0.008281 -0.005117
v 0.007688 0.004761 -0.000126
v 0.007744 0.004796 -0.002036
v 0.003451 0.006526 0.003975
v 0.002948 0.006769 0.003975
v 0.002948 0.006769 -0.006772
v 0.002427 0.006972 -0.006772
v 0.000834 0.007695 0.003446
v 0.000249 0.007736 -0.006243
v 0.002427 0.006972 0.003975
v 0.001893 0.007136 -0.006772
v 0.007593 0.004702 0.000503
v 0.007688 0.004761 -0.002671
v 0.003935 0.006247 0.003975
v 0.003451 0.006526 -0.006772
v 0.006134 0.005228 0.002894
v 0.006347 0.005410 -0.005117
v 0.005721 0.005677 -0.005691
v 0.001893 0.007136 0.003975
v 0.001348 0.007259 -0.006772
v -0.001700 0.008610 0.001122
v -0.001661 0.008417 -0.004526
v 0.005494 0.005452 0.003446
v 0.005066 0.005852 -0.006243
v 0.006738 0.004914 0.002320
v 0.006931 0.005056 -0.004526
v 0.004396 0.005931 0.003975
v 0.003935 0.006247 -0.006772
v 0.007462 0.004621 0.001122
v 0.007593 0.004702 -0.003299
v -0.002441 0.008799 -0.001398
v -0.002435 0.008778 -0.002036
v -0.002435 0.008778 -0.000761
v -0.002417 0.008713 -0.002671
v 0.001348 0.007259 0.003975
v 0.000795 0.007340 -0.006772
v -0.000350 0.008052 0.002894
v -0.000992 0.008281 0.002320
v -0.000958 0.008002 -0.005691
v 0.000249 0.007736 0.003446
v -0.000336 0.007733 -0.006243
v -0.002417 0.008713 -0.000126
v -0.002387 0.008606 -0.003299
v 0.004832 0.005582 0.003975
v 0.004396 0.005931 -0.006772
v 0.007294 0.004517 0.001729
v 0.007462 0.004621 -0.003919
v -0.001661 0.008417 0.001729
v -0.001615 0.008182 -0.005117
v -0.002387 0.008606 0.000503
v -0.002346 0.008457 -0.003919
v 0.005891 0.005021 0.003446
v 0.006134 0.005228 -0.005691
v 0.005494 0.005452 -0.006243
v 0.000795 0.007340 0.003975
v 0.000238 0.007379 -0.006772
v 0.006512 0.004749 0.002894
v 0.006738 0.004914 -0.005117
v 0.008085 0.004196 -0.000761
v 0.008105 0.004207 -0.001398
v 0.008026 0.004166 -0.000126
v 0.008085 0.004196 -0.002036
v 0.003267 0.006179 0.004478
v 0.002791 0.006408 0.004478
v 0.002791 0.006408 -0.007274
v 0.002298 0.006601 -0.007274
v 0.002298 0.006601 0.004478
v 0.001792 0.006756 -0.007274
v 0.003725 0.005914 0.004478
v 0.003267 0.006179 -0.007274
v 0.005240 0.005200 0.003975
v 0.004832 0.005582 -0.006772
v 0.007927 0.004114 0.000503
v 0.008026 0.004166 -0.002671
v 0.007090 0.004391 0.002320
v 0.007294 0.004517 -0.004526
v 0.001792 0.006756 0.004478
v 0.001276 0.006872 -0.007274
v -0.002346 0.008457 0.001122
v -0.002293 0.008267 -0.004526
v -0.000336 0.007733 0.003446
v -0.000958 0.008002 0.002894
v -0.000920 0.007685 -0.006243
v 0.004162 0.005615 0.004478
v 0.003725 0.005914 -0.007274
v -0.001615 0.008182 0.002320
v -0.001561 0.007907 -0.005691
v 0.007790 0.004043 0.001122
v 0.007927 0.004114 -0.003299
v 0.000238 0.007379 0.003975
v -0.000321 0.007376 -0.006772
v 0.001276 0.006872 0.004478
v 0.000753 0.006949 -0.007274
v -0.003099 0.008589 -0.001398
v -0.003092 0.008568 -0.002036
v -0.003092 0.008568 -0.000761
v -0.003069 0.008505 -0.002671
v 0.006253 0.004561 0.003446
v 0.006512 0.004749 -0.005691
v 0.005891 0.005021 -0.006243
v 0.004575 0.005284 0.004478
v 0.004162 0.005615 -0.007274
v -0.002293 0.008267 0.001729
v -0.002229 0.008036 -0.005117
v 0.005619 0.004789 0.003975
v 0.005240 0.005200 -0.006772
v -0.003069 0.008505 -0.000126
v -0.003031 0.008401 -0.003299
v 0.007615 0.003952 0.001729
v 0.007790 0.004043 -0.003919
v 0.006852 0.004243 0.002894
v 0.007090 0.004391 -0.005117
v 0.000753 0.006949 0.004478
v 0.000225 0.006986 -0.007274
v -0.003031 0.008401 0.000503
v -0.002979 0.008256 -0.003919
v -0.000920 0.007685 0.003446
v -0.001561 0.007907 0.002894
v -0.001499 0.007594 -0.006243
v -0.000321 0.007376 0.003975
v -0.000878 0.007330 -0.006772
v 0.004961 0.004923 0.004478
v 0.004575 0.005284 -0.007274
v 0.002620 0.006016 0.004952
v 0.008379 0.003573 -0.000761
v 0.008400 0.003582 -0.001398
v 0.008318 0.003547 -0.000126
v 0.008379 0.003573 -0.002036
v 0.007402 0.003842 0.002320
v 0.007615 0.003952 -0.004526
v 0.003497 0.005552 0.004952
v -0.002229 0.008036 0.002320
v -0.002154 0.007766 -0.005691
v 0.001683 0.006342 0.004952
v -0.002979 0.008256 0.001122
v -0.002912 0.008070 -0.004526
v 0.008215 0.003503 0.000503
v 0.008318 0.003547 -0.002671
v 0.000225 0.006986 0.004478
v -0.000304 0.006983 -0.007274
v 0.005965 0.004351 0.003975
v 0.006253 0.004561 -0.006243
v 0.005619 0.004789 -0.006772
v 0.004295 0.004961 0.004952
v 0.003907 0.005272 -0.007748
v 0.006580 0.004075 0.003446
v 0.006852 0.004243 -0.005691
v 0.000707 0.006524 0.004952
v 0.008073 0.003443 0.001122
v 0.008215 0.003503 -0.003299
v 0.005319 0.004534 0.004478
v 0.004961 0.004923 -0.007274
v 0.007153 0.003713 0.002894
v 0.007402 0.003842 -0.005117
v -0.002912 0.008070 0.001729
v -0.002831 0.007845 -0.005117
v -0.003740 0.008330 -0.001398
v -0.003731 0.008310 -0.002036
v -0.000878 0.007330 0.003975
v -0.001499 0.007594 0.003446
v -0.001430 0.007243 -0.006772
v -0.003731 0.008310 -0.000761
v -0.003703 0.008249 -0.002671
v -0.002154 0.007766 0.002894
v -0.002069 0.007458 -0.006243
v 0.007892 0.003365 0.001729
v 0.008073 0.003443 -0.003919
v -0.000304 0.006983 0.004478
v -0.000831 0.006940 -0.007274
v -0.003703 0.008249 -0.000126
v -0.003658 0.008148 -0.003299
v 0.004994 0.004257 0.004952
v -0.003658 0.008148 0.000503
v -0.003595 0.008007 -0.003919
v 0.006277 0.003887 0.003975
v 0.006580 0.004075 -0.006243
v 0.005965 0.004351 -0.006772
v -0.002831 0.007845 0.002320
v -0.002735 0.007581 -0.005691
v 0.005647 0.004119 0.004478
v 0.005319 0.004534 -0.007274
v 0.001665 0.004967 0.004952
v 0.002326 0.004694 0.004952
v 0.002326 0.004694 -0.007748
v 0.007671 0.003271 0.002320
v 0.007892 0.003365 -0.004526
v 0.001665 0.004967 -0.007748
v -0.000285 0.006556 0.004952
v 0.006870 0.003566 0.003446
v 0.007153 0.003713 -0.005691
v 0.002944 0.004334 -0.007748
v 0.008625 0.002929 -0.000761
v 0.008646 0.002936 -0.001398
v 0.000973 0.005148 0.004952
v 0.000973 0.005148 -0.007748
v 0.008562 0.002907 -0.000126
v 0.008625 0.002929 -0.002036
v -0.003595 0.008007 0.001122
v -0.003514 0.007827 -0.004526
v 0.002944 0.004334 0.004952
v 0.008457 0.002872 0.000503
v 0.008562 0.002907 -0.002671
v -0.001430 0.007243 0.003975
v -0.002069 0.007458 0.003446
v -0.001973 0.007114 -0.006772
v -0.000831 0.006940 0.004478
v -0.001354 0.006857 -0.007274
v 0.007414 0.003161 0.002894
v 0.007671 0.003271 -0.005117
v 0.008311 0.002822 0.001122
v 0.008457 0.002872 -0.003299
v -0.002735 0.007581 0.002894
v -0.002627 0.007281 -0.006243
v -0.003514 0.007827 0.001729
v -0.003416 0.007608 -0.005117
v -0.001271 0.006438 -0.007748
v 0.000263 0.005232 0.004952
v 0.005942 0.003680 0.004478
v 0.006277 0.003887 -0.006772
v 0.005647 0.004119 -0.007274
v 0.006553 0.003401 0.003975
v 0.006870 0.003566 -0.006243
v -0.004359 0.008024 -0.001398
v -0.004349 0.008004 -0.002036
v 0.008124 0.002759 0.001729
v 0.008311 0.002822 -0.003919
v -0.004349 0.008004 -0.000761
v -0.004317 0.007945 -0.002671
v -0.004317 0.007945 -0.000126
v -0.004264 0.007848 -0.003299
v -0.003416 0.007608 0.002320
v -0.003301 0.007353 -0.005691
v 0.007120 0.003036 0.003446
v 0.007414 0.003161 -0.005691
v -0.001354 0.006857 0.004478
v -0.001973 0.007114 0.003975
v -0.001868 0.006735 -0.007274
v -0.004264 0.007848 0.000503
v -0.004190 0.007712 -0.003919
v 0.007897 0.002682 0.002320
v 0.008124 0.002759 -0.004526
v -0.002627 0.007281 0.003446
v -0.002506 0.006945 -0.006772
v -0.001271 0.006438 0.004952
v 0.004004 0.003379 0.004952
v 0.004004 0.003379 -0.007748
v -0.004190 0.007712 0.001122
v -0.004096 0.007538 -0.004526
v 0.008822 0.002268 -0.000761
v 0.008844 0.002274 -0.001398
v 0.008757 0.002252 -0.000126
v 0.008822 0.002268 -0.002036
v 0.006204 0.003220 0.004478
v 0.006553 0.003401 -0.006772
v 0.005942 0.003680 -0.007274
v 0.005824 0.003023 0.004952
v -0.003301 0.007353 0.002894
v -0.003170 0.007061 -0.006243
v 0.008650 0.002224 0.000503
v 0.008757 0.002252 -0.002671
v 0.007632 0.002592 0.002894
v 0.007897 0.002682 -0.005117
v -0.000451 0.005219 0.004952
v -0.000451 0.005219 -0.007748
v 0.006791 0.002896 0.003975
v 0.007120 0.003036 -0.006243
v -0.004096 0.007538 0.001729
v -0.003981 0.007328 -0.005117
v 0.008500 0.002186 0.001122
v 0.008650 0.002224 -0.003299
v -0.001868 0.006735 0.004478
v -0.002506 0.006945 0.003975
v -0.002372 0.006575 -0.007274
v -0.002227 0.006172 -0.007748
v 0.008309 0.002136 0.001729
v 0.008500 0.002186 -0.003919
v 0.007329 0.002489 0.003446
v 0.007632 0.002592 -0.005691
v -0.004954 0.007671 -0.001398
v -0.004941 0.007652 -0.002036
v -0.004941 0.007652 -0.000761
v -0.004905 0.007596 -0.002671
v -0.003981 0.007328 0.002320
v -0.003848 0.007082 -0.005691
v -0.003170 0.007061 0.003446
v -0.003024 0.006735 -0.006772
v -0.001158 0.005109 0.004952
v -0.004905 0.007596 -0.000126
v -0.004845 0.007503 -0.003299
v 0.006204 0.003220 -0.007274
v 0.008077 0.002077 0.002320
v 0.008309 0.002136 -0.004526
v 0.006429 0.002742 0.004478
v 0.006791 0.002896 -0.006772
v -0.004845 0.007503 0.000503
v -0.004761 0.007373 -0.003919
v 0.004426 0.002802 0.004952
v 0.004426 0.002802 -0.007748
v -0.003848 0.007082 0.002894
v -0.003695 0.006801 -0.006243
v -0.004761 0.007373 0.001122
v -0.004654 0.007207 -0.004526
v 0.006991 0.002374 0.003975
v 0.007329 0.002489 -0.006243
v -0.002227 0.006172 0.004952
v -0.002372 0.006575 0.004478
v 0.007806 0.002007 0.002894
v 0.008077 0.002077 -0.005117
v 0.008968 0.001595 -0.000761
v 0.008990 0.001598 -0.001398
v 0.008903 0.001583 -0.000126
v 0.008968 0.001595 -0.002036
v -0.001158 0.005109 -0.007748
v -0.003024 0.006735 0.003975
v -0.002863 0.006376 -0.007274
v 0.008793 0.001563 0.000503
v 0.008903 0.001583 -0.002671
v -0.004654 0.007207 0.001729
v -0.004524 0.007006 -0.005117
v 0.008641 0.001536 0.001122
v 0.008793 0.001563 -0.003299
v 0.006429 0.002742 -0.007274
v -0.003695 0.006801 0.003446
v -0.003525 0.006487 -0.006772
v 0.007496 0.001927 0.003446
v 0.007806 0.002007 -0.005691
v 0.006618 0.002247 0.004478
v 0.006991 0.002374 -0.006772
v 0.008447 0.001502 0.001729
v 0.008641 0.001536 -0.003919
v -0.004524 0.007006 0.002320
v -0.004372 0.006771 -0.005691
v 0.001514 0.004515 0.004475
v 0.001514 0.004515 -0.007272
v 0.002115 0.004267 -0.007272
v -0.005520 0.007274 -0.001398
v -0.005506 0.007257 -0.002036
v -0.005506 0.007257 -0.000761
v -0.005466 0.007203 -0.002671
v -0.001843 0.004904 0.004952
v -0.001843 0.004904 -0.007748
v -0.002863 0.006376 0.004478
v -0.005466 0.007203 -0.000126
v -0.005399 0.007115 -0.003299
v 0.008211 0.001460 0.002320
v 0.008447 0.001502 -0.004526
v 0.002978 0.003703 0.004475
v 0.000504 0.004725 -0.007272
v 0.002978 0.003703 -0.007272
v 0.007150 0.001838 0.003975
v 0.007496 0.001927 -0.006243
v -0.005399 0.007115 0.000503
v -0.005305 0.006992 -0.003919
v -0.004372 0.006771 0.002894
v -0.004199 0.006502 -0.006243
v -0.003525 0.006487 0.003975
v -0.003337 0.006141 -0.007274
v 0.004767 0.002173 0.004952
v 0.004767 0.002173 -0.007748
v 0.007935 0.001411 0.002894
v 0.008211 0.001460 -0.005117
v -0.005305 0.006992 0.001122
v -0.005186 0.006834 -0.004526
v 0.006355 0.001634 0.004952
v 0.006618 0.002247 -0.007274
v -0.000410 0.004745 0.004475
v 0.003640 0.003071 0.004475
v -0.000410 0.004745 -0.007272
v 0.003640 0.003071 -0.007272
v 0.009063 0.000912 -0.000761
v 0.009085 0.000914 -0.001398
v 0.008997 0.000905 -0.000126
v 0.009063 0.000912 -0.002036
v -0.005186 0.006834 0.001729
v -0.005041 0.006644 -0.005117
v -0.004199 0.006502 0.003446
v -0.004005 0.006202 -0.006772
v 0.006769 0.001740 0.004478
v 0.007150 0.001838 -0.006772
v 0.008886 0.000894 0.000503
v 0.008997 0.000905 -0.002671
v -0.003133 0.005766 0.004952
v 0.007621 0.001355 0.003446
v 0.007935 0.001411 -0.005691
v 0.008733 0.000878 0.001122
v 0.008886 0.000894 -0.003299
v -0.003337 0.006141 0.004478
v -0.005041 0.006644 0.002320
v -0.004872 0.006421 -0.005691
v 0.008536 0.000859 0.001729
v 0.008733 0.000878 -0.003919
v -0.001053 0.004645 0.004475
v -0.001053 0.004645 -0.007272
v -0.004005 0.006202 0.003975
v -0.003792 0.005872 -0.007274
v 0.007269 0.001292 0.003975
v 0.007621 0.001355 -0.006243
v -0.006054 0.006836 -0.001398
v -0.006039 0.006819 -0.002036
v 0.008298 0.000835 0.002320
v 0.008536 0.000859 -0.004526
v 0.006769 0.001740 -0.007274
v -0.006039 0.006819 -0.000761
v -0.005995 0.006769 -0.002671
v -0.004872 0.006421 0.002894
v -0.004679 0.006166 -0.006243
v -0.005995 0.006769 -0.000126
v -0.005921 0.006686 -0.003299
v -0.005921 0.006686 0.000503
v -0.005819 0.006570 -0.003919
v -0.002493 0.004607 0.004952
v 0.008019 0.000807 0.002894
v 0.008298 0.000835 -0.005117
v -0.005819 0.006570 0.001122
v -0.005688 0.006423 -0.004526
v 0.006881 0.001224 0.004478
v 0.007269 0.001292 -0.006772
v -0.004679 0.006166 0.003446
v -0.004463 0.005881 -0.006772
v -0.003792 0.005872 0.004478
v -0.005688 0.006423 0.001729
v -0.005529 0.006243 -0.005117
v 0.007701 0.000775 0.003446
v 0.008019 0.000807 -0.005691
v 0.005018 0.001504 0.004952
v 0.009106 0.000224 -0.000761
v 0.009129 0.000224 -0.001398
v 0.009039 0.000222 -0.000126
v 0.009106 0.000224 -0.002036
v -0.001675 0.004458 0.004475
v 0.004024 0.002547 0.004475
v 0.004333 0.001976 0.004475
v -0.001675 0.004458 -0.007272
v 0.004024 0.002547 -0.007272
v 0.008929 0.000219 0.000503
v 0.009039 0.000222 -0.002671
v 0.008774 0.000216 0.001122
v 0.008929 0.000219 -0.003299
v -0.005529 0.006243 0.002320
v -0.005343 0.006034 -0.005691
v -0.004463 0.005881 0.003975
v -0.004225 0.005568 -0.007274
v 0.006881 0.001224 -0.007274
v 0.007346 0.000739 0.003975
v 0.007701 0.000775 -0.006243
v 0.008577 0.000211 0.001729
v 0.008774 0.000216 -0.003919
v -0.003966 0.005227 0.004952
v -0.005343 0.006034 0.002894
v -0.005132 0.005795 -0.006243
v 0.008337 0.000205 0.002320
v 0.008577 0.000211 -0.004526
v -0.006554 0.006359 -0.001398
v -0.006538 0.006343 -0.002036
v -0.006538 0.006343 -0.000761
v -0.006490 0.006297 -0.002671
v -0.004225 0.005568 0.004478
v 0.006954 0.000700 0.004478
v 0.007346 0.000739 -0.006772
v -0.006490 0.006297 -0.000126
v -0.006410 0.006219 -0.003299
v 0.008057 0.000198 0.002894
v 0.008337 0.000205 -0.005117
v 0.005176 0.000807 -0.007748
v -0.006410 0.006219 0.000503
v -0.006299 0.006112 -0.003919
v -0.005132 0.005795 0.003446
v -0.004895 0.005527 -0.006772
v -0.006299 0.006112 0.001122
v -0.006157 0.005974 -0.004526
v -0.002267 0.004188 -0.007272
v 0.004562 0.001367 -0.007272
v 0.004333 0.001976 -0.007272
v 0.007738 0.000190 0.003446
v 0.008057 0.000198 -0.005691
v -0.006157 0.005974 0.001729
v -0.005985 0.005807 -0.005117
v 0.006560 0.000161 0.004952
v 0.006954 0.000700 -0.007274
v -0.003098 0.004225 0.004952
v -0.003098 0.004225 -0.007748
v -0.004895 0.005527 0.003975
v -0.004634 0.005233 -0.007274
v 0.009097 -0.000466 -0.000761
v 0.009119 -0.000467 -0.001398
v 0.009030 -0.000462 -0.000126
v 0.009097 -0.000466 -0.002036
v -0.005985 0.005807 0.002320
v -0.005784 0.005612 -0.005691
v 0.008920 -0.000457 0.000503
v 0.009030 -0.000462 -0.002671
v 0.007381 0.000181 0.003975
v 0.007738 0.000190 -0.006243
v 0.008765 -0.000449 0.001122
v 0.008920 -0.000457 -0.003299
v 0.008568 -0.000439 0.001729
v 0.008765 -0.000449 -0.003919
v -0.005784 0.005612 0.002894
v -0.005555 0.005390 -0.006243
v -0.004634 0.005233 0.004478
v 0.006987 0.000172 0.004478
v 0.007381 0.000181 -0.006772
v 0.008329 -0.000426 0.002320
v 0.008568 -0.000439 -0.004526
v -0.005555 0.005390 0.003446
v -0.005299 0.005141 -0.006772
v -0.007016 0.005845 -0.001398
v -0.006999 0.005830 -0.002036
v 0.008049 -0.000412 0.002894
v 0.008329 -0.000426 -0.005117
v -0.006999 0.005830 -0.000761
v -0.006947 0.005788 -0.002671
v -0.006947 0.005788 -0.000126
v -0.006862 0.005717 -0.003299
v -0.004709 0.004569 0.004952
v 0.004680 0.000848 0.004475
v -0.002816 0.003841 -0.007272
v 0.004706 0.000733 -0.007272
v 0.006987 0.000172 -0.007274
v -0.006862 0.005717 0.000503
v -0.006743 0.005618 -0.003919
v 0.007730 -0.000396 0.003446
v 0.008049 -0.000412 -0.005691
v -0.006743 0.005618 0.001122
v -0.006591 0.005491 -0.004526
v -0.005299 0.005141 0.003975
v -0.005016 0.004867 -0.007274
v -0.006591 0.005491 0.001729
v -0.006407 0.005338 -0.005117
v 0.007373 -0.000377 0.003975
v 0.007730 -0.000396 -0.006243
v 0.005238 0.000094 0.004952
v 0.005238 0.000094 -0.007748
v -0.006407 0.005338 0.002320
v -0.006192 0.005159 -0.005691
v -0.005016 0.004867 0.004478
v 0.009036 -0.001152 -0.000761
v 0.009058 -0.001155 -0.001398
v 0.008970 -0.001144 -0.000126
v 0.009036 -0.001152 -0.002036
v 0.008859 -0.001130 0.000503
v 0.008970 -0.001144 -0.002671
v 0.006980 -0.000357 0.004478
v 0.007373 -0.000377 -0.006772
v 0.008706 -0.001110 0.001122
v 0.008859 -0.001130 -0.003299
v -0.006192 0.005159 0.002894
v -0.005947 0.004954 -0.006243
v 0.008510 -0.001085 0.001729
v 0.008706 -0.001110 -0.003919
v -0.003644 0.003764 0.004952
v -0.003644 0.003764 -0.007748
v 0.008273 -0.001055 0.002320
v 0.008510 -0.001085 -0.004526
v -0.005947 0.004954 0.003446
v -0.005672 0.004726 -0.006772
v 0.006980 -0.000357 -0.007274
v 0.007995 -0.001020 0.002894
v 0.008273 -0.001055 -0.005117
v -0.005672 0.004726 0.003975
v -0.005370 0.004474 -0.007274
v -0.007438 0.005297 -0.001398
v -0.007419 0.005284 -0.002036
v -0.003313 0.003422 0.004475
v 0.004762 0.000086 0.004475
v -0.003313 0.003422 -0.007272
v 0.004762 0.000086 -0.007272
v -0.007419 0.005284 -0.000761
v -0.007365 0.005246 -0.002671
v -0.007365 0.005246 -0.000126
v -0.007275 0.005181 -0.003299
v 0.007678 -0.000979 0.003446
v 0.007995 -0.001020 -0.005691
v -0.007275 0.005181 0.000503
v -0.007149 0.005092 -0.003919
v -0.007149 0.005092 0.001122
v -0.006988 0.004977 -0.004526
v 0.007323 -0.000934 0.003975
v 0.007678 -0.000979 -0.006243
v -0.005370 0.004474 0.004478
v -0.006988 0.004977 0.001729
v -0.006793 0.004838 -0.005117
v -0.006793 0.004838 0.002320
v -0.006565 0.004676 -0.005691
v 0.006933 -0.000884 0.004478
v 0.007323 -0.000934 -0.006772
v -0.004123 0.003233 0.004952
v -0.006565 0.004676 0.002894
v -0.006304 0.004490 -0.006243
v 0.008923 -0.001832 -0.000761
v 0.008945 -0.001837 -0.001398
v 0.008857 -0.001819 -0.000126
v 0.008923 -0.001832 -0.002036
v 0.008749 -0.001797 0.000503
v 0.008857 -0.001819 -0.002671
v 0.008597 -0.001766 0.001122
v 0.008749 -0.001797 -0.003299
v 0.006428 -0.001320 0.004952
v 0.006933 -0.000884 -0.007274
v -0.006304 0.004490 0.003446
v -0.006013 0.004283 -0.006772
v 0.008404 -0.001726 0.001729
v 0.008597 -0.001766 -0.003919
v 0.008169 -0.001678 0.002320
v 0.008404 -0.001726 -0.004526
v -0.006013 0.004283 0.003975
v -0.005693 0.004055 -0.007274
v 0.005202 -0.000620 0.004952
v 0.005202 -0.000620 -0.007748
v 0.007895 -0.001621 0.002894
v 0.008169 -0.001678 -0.005117
v 0.007582 -0.001557 0.003446
v 0.007895 -0.001621 -0.005691
v -0.003748 0.002939 0.004475
v 0.004732 -0.000505 0.004475
v -0.003748 0.002939 -0.007272
v -0.004123 0.003233 -0.007748
v 0.004732 -0.000505 -0.007272
v -0.005693 0.004055 0.004478
v -0.007817 0.004720 -0.001398
v -0.007798 0.004708 -0.002036
v -0.007798 0.004708 -0.000761
v -0.007741 0.004674 -0.002671
v -0.007741 0.004674 -0.000126
v -0.007646 0.004616 -0.003299
v 0.007232 -0.001485 0.003975
v 0.007582 -0.001557 -0.006243
v -0.007646 0.004616 0.000503
v -0.007513 0.004536 -0.003919
v -0.007513 0.004536 0.001122
v -0.007344 0.004434 -0.004526
v -0.005617 0.003392 0.004952
v 0.006847 -0.001406 0.004478
v 0.007232 -0.001485 -0.006772
v -0.007344 0.004434 0.001729
v -0.007139 0.004311 -0.005117
v -0.007139 0.004311 0.002320
v -0.006899 0.004166 -0.005691
v 0.006847 -0.001406 -0.007274
v -0.006899 0.004166 0.002894
v -0.006626 0.004001 -0.006243
v -0.006626 0.004001 0.003446
v -0.006320 0.003816 -0.006772
v 0.008759 -0.002502 -0.000761
v 0.008780 -0.002508 -0.001398
v 0.008694 -0.002484 -0.000126
v 0.008759 -0.002502 -0.002036
v 0.008588 -0.002453 0.000503
v 0.008694 -0.002484 -0.002671
v 0.008439 -0.002411 0.001122
v 0.008588 -0.002453 -0.003299
v -0.006320 0.003816 0.003975
v -0.005983 0.003613 -0.007274
v 0.008249 -0.002356 0.001729
v 0.008439 -0.002411 -0.003919
v 0.008019 -0.002291 0.002320
v 0.008249 -0.002356 -0.004526
v -0.005983 0.003613 0.004478
v 0.007750 -0.002214 0.002894
v 0.008019 -0.002291 -0.005117
v 0.007442 -0.002126 0.003446
v 0.007750 -0.002214 -0.005691
v -0.004524 0.002641 0.004952
v -0.004524 0.002641 -0.007748
v 0.007099 -0.002028 0.003975
v 0.007442 -0.002126 -0.006243
v 0.005069 -0.001322 0.004952
v -0.004113 0.002401 -0.007272
v 0.005069 -0.001322 -0.007748
v 0.004608 -0.001202 -0.007272
v 0.006721 -0.001920 0.004478
v 0.007099 -0.002028 -0.006772
v -0.008151 0.004115 -0.001398
v -0.008132 0.004105 -0.002036
v -0.008132 0.004105 -0.000761
v -0.008072 0.004075 -0.002671
v -0.008072 0.004075 -0.000126
v -0.007973 0.004025 -0.003299
v -0.007973 0.004025 0.000503
v -0.007835 0.003955 -0.003919
v -0.007835 0.003955 0.001122
v -0.007659 0.003866 -0.004526
v 0.006155 -0.002274 0.004952
v 0.006721 -0.001920 -0.007274
v -0.007659 0.003866 0.001729
v -0.007445 0.003758 -0.005117
v -0.007445 0.003758 0.002320
v -0.007195 0.003632 -0.005691
v -0.007195 0.003632 0.002894
v -0.006910 0.003488 -0.006243
v -0.006910 0.003488 0.003446
v -0.006591 0.003327 -0.006772
v -0.006591 0.003327 0.003975
v -0.006239 0.003150 -0.007274
v -0.006239 0.003150 0.004478
v -0.006065 0.002506 -0.007748
v 0.008544 -0.003157 -0.000761
v 0.008565 -0.003165 -0.001398
v 0.008482 -0.003134 -0.000126
v 0.008544 -0.003157 -0.002036
v 0.008378 -0.003096 0.000503
v 0.008482 -0.003134 -0.002671
v 0.008233 -0.003042 0.001122
v 0.008378 -0.003096 -0.003299
v 0.008047 -0.002974 0.001729
v 0.008233 -0.003042 -0.003919
v -0.006065 0.002506 0.004952
v 0.007823 -0.002891 0.002320
v 0.008047 -0.002974 -0.004526
v 0.007560 -0.002793 0.002894
v 0.007823 -0.002891 -0.005117
v 0.007260 -0.002683 0.003446
v 0.007560 -0.002793 -0.005691
v 0.006925 -0.002559 0.003975
v 0.007260 -0.002683 -0.006243
v 0.006556 -0.002423 0.004478
v 0.006925 -0.002559 -0.006772
v 0.006556 -0.002423 -0.007274
v -0.004842 0.002000 0.004952
v 0.004842 -0.002000 0.004952
v 0.004402 -0.001819 -0.007272
v -0.008439 0.003487 -0.001398
v -0.008419 0.003478 -0.002036
v -0.008419 0.003478 -0.000761
v -0.008357 0.003453 -0.002671
v -0.008357 0.003453 -0.000126
v -0.008254 0.003410 -0.003299
v -0.008254 0.003410 0.000503
v -0.008112 0.003351 -0.003919
v -0.008112 0.003351 0.001122
v -0.007929 0.003276 -0.004526
v -0.007929 0.003276 0.001729
v -0.007708 0.003185 -0.005117
v -0.004402 0.001819 -0.007272
v -0.007708 0.003185 0.002320
v -0.007449 0.003078 -0.005691
v -0.007449 0.003078 0.002894
v -0.007154 0.002956 -0.006243
v -0.007154 0.002956 0.003446
v -0.006823 0.002819 -0.006772
v -0.006823 0.002819 0.003975
v -0.006460 0.002669 -0.007274
v -0.006460 0.002669 0.004478
v 0.008281 -0.003794 -0.000761
v 0.008301 -0.003804 -0.001398
v 0.008220 -0.003767 -0.000126
v 0.008281 -0.003794 -0.002036
v 0.008119 -0.003720 0.000503
v 0.008220 -0.003767 -0.002671
v 0.007979 -0.003656 0.001122
v 0.008119 -0.003720 -0.003299
v 0.007799 -0.003574 0.001729
v 0.007979 -0.003656 -0.003919
v 0.007582 -0.003474 0.002320
v 0.007799 -0.003574 -0.004526
v 0.007327 -0.003357 0.002894
v 0.007582 -0.003474 -0.005117
v 0.007037 -0.003224 0.003446
v 0.007327 -0.003357 -0.005691
v 0.006712 -0.003075 0.003975
v 0.007037 -0.003224 -0.006243
v 0.006354 -0.002911 0.004478
v 0.006712 -0.003075 -0.006772
v 0.005742 -0.003177 0.004952
v 0.006354 -0.002911 -0.007274
v -0.006643 0.002173 0.004478
v -0.006373 0.001562 0.004952
v -0.005069 0.001322 0.004952
v 0.004524 -0.002641 0.004952
v -0.007017 0.002295 0.003975
v -0.004614 0.001173 -0.007272
v -0.007357 0.002406 0.003446
v -0.007660 0.002505 0.002894
v -0.007927 0.002592 0.002320
v -0.008154 0.002667 0.001729
v -0.008342 0.002728 0.001122
v -0.008489 0.002776 0.000503
v -0.008594 0.002811 -0.000126
v -0.008658 0.002832 -0.000761
v -0.008679 0.002839 -0.001398
v -0.008658 0.002832 -0.002036
v -0.008594 0.002811 -0.002671
v -0.008489 0.002776 -0.003299
v -0.008342 0.002728 -0.003919
v -0.008154 0.002667 -0.004526
v -0.007927 0.002592 -0.005117
v -0.007660 0.002505 -0.005691
v -0.007357 0.002406 -0.006243
v -0.007017 0.002295 -0.006772
v -0.006643 0.002173 -0.007274
v -0.005069 0.001322 -0.007748
v 0.004096 -0.002425 -0.007272
v 0.004524 -0.002641 -0.007748
v 0.006116 -0.003384 -0.007274
v 0.006116 -0.003384 0.004478
v 0.006460 -0.003574 -0.006772
v 0.006460 -0.003574 0.003975
v 0.006773 -0.003747 -0.006243
v 0.006773 -0.003747 0.003446
v 0.007052 -0.003902 -0.005691
v 0.007052 -0.003902 0.002894
v 0.007297 -0.004037 -0.005117
v 0.007297 -0.004037 0.002320
v 0.007507 -0.004153 -0.004526
v 0.007507 -0.004153 0.001729
v 0.007680 -0.004249 -0.003919
v 0.007680 -0.004249 0.001122
v 0.007815 -0.004324 -0.003299
v 0.007815 -0.004324 0.000503
v 0.007912 -0.004377 -0.002671
v 0.007912 -0.004377 -0.000126
v 0.007970 -0.004410 -0.002036
v 0.007970 -0.004410 -0.000761
v 0.007990 -0.004421 -0.001398
v -0.006788 0.001664 0.004478
v -0.007170 0.001758 0.003975
v -0.006788 0.001664 -0.007274
v -0.007518 0.001843 0.003446
v -0.007170 0.001758 -0.006772
v -0.007828 0.001919 0.002894
v -0.007518 0.001843 -0.006243
v -0.008100 0.001986 0.002320
v -0.007828 0.001919 -0.005691
v -0.008332 0.002043 0.001729
v -0.008100 0.001986 -0.005117
v -0.008524 0.002090 0.001122
v -0.008332 0.002043 -0.004526
v -0.008674 0.002126 0.000503
v -0.008524 0.002090 -0.003919
v -0.008782 0.002153 -0.000126
v -0.008674 0.002126 -0.003299
v -0.004729 0.000564 0.004475
v -0.004732 0.000505 -0.007272
v -0.005202 0.000620 0.004952
v 0.003708 -0.002983 0.004475
v 0.004123 -0.003233 0.004952
v -0.005202 0.000620 -0.007748
v 0.003708 -0.002983 -0.007272
v 0.004123 -0.003233 -0.007748
v -0.008847 0.002169 -0.000761
v -0.008782 0.002153 -0.002671
v -0.008869 0.002174 -0.001398
v -0.008847 0.002169 -0.002036
v -0.006536 0.000583 0.004952
v 0.005197 -0.004006 0.004952
v 0.005842 -0.003836 -0.007274
v 0.005842 -0.003836 0.004478
v 0.006171 -0.004052 -0.006772
v 0.006171 -0.004052 0.003975
v 0.006470 -0.004249 -0.006243
v 0.006470 -0.004249 0.003446
v 0.006737 -0.004424 -0.005691
v 0.006737 -0.004424 0.002894
v 0.006971 -0.004578 -0.005117
v 0.006971 -0.004578 0.002320
v 0.007171 -0.004709 -0.004526
v 0.007171 -0.004709 0.001729
v 0.007336 -0.004817 -0.003919
v -0.006895 0.001146 0.004478
v 0.007336 -0.004817 0.001122
v 0.007465 -0.004902 -0.003299
v 0.007465 -0.004902 0.000503
v 0.007558 -0.004963 -0.002671
v 0.007558 -0.004963 -0.000126
v 0.007614 -0.005000 -0.002036
v 0.007614 -0.005000 -0.000761
v 0.007633 -0.005012 -0.001398
v -0.007283 0.001210 0.003975
v -0.006895 0.001146 -0.007274
v -0.007635 0.001269 0.003446
v -0.007283 0.001210 -0.006772
v -0.007951 0.001321 0.002894
v -0.007635 0.001269 -0.006243
v -0.008227 0.001367 0.002320
v -0.007951 0.001321 -0.005691
v 0.005535 -0.004267 -0.007274
v -0.008463 0.001407 0.001729
v -0.008227 0.001367 -0.005117
v -0.008658 0.001439 0.001122
v -0.008463 0.001407 -0.004526
v 0.005535 -0.004267 0.004478
v 0.005847 -0.004508 -0.006772
v -0.008810 0.001464 0.000503
v -0.008658 0.001439 -0.003919
v -0.004754 -0.000174 0.004475
v -0.004762 -0.000086 -0.007272
v -0.005238 -0.000094 0.004952
v 0.003313 -0.003422 0.004475
v 0.003644 -0.003764 0.004952
v -0.005238 -0.000094 -0.007748
v 0.003245 -0.003479 -0.007272
v 0.003644 -0.003764 -0.007748
v -0.008920 0.001482 -0.000126
v -0.008810 0.001464 -0.003299
v -0.008986 0.001493 -0.000761
v -0.008920 0.001482 -0.002671
v -0.009008 0.001497 -0.001398
v -0.008986 0.001493 -0.002036
v 0.005847 -0.004508 0.003975
v 0.006130 -0.004726 -0.006243
v 0.004533 -0.004744 0.004952
v 0.006130 -0.004726 0.003446
v 0.006383 -0.004921 -0.005691
v -0.006962 0.000621 0.004478
v 0.006383 -0.004921 0.002894
v 0.006605 -0.005092 -0.005117
v 0.006605 -0.005092 0.002320
v 0.006794 -0.005238 -0.004526
v -0.007354 0.000656 0.003975
v -0.006962 0.000621 -0.007274
v 0.006794 -0.005238 0.001729
v 0.006951 -0.005359 -0.003919
v 0.006951 -0.005359 0.001122
v 0.007073 -0.005453 -0.003299
v -0.007709 0.000688 0.003446
v -0.007354 0.000656 -0.006772
v 0.007073 -0.005453 0.000503
v 0.007161 -0.005521 -0.002671
v 0.007161 -0.005521 -0.000126
v 0.007214 -0.005561 -0.002036
v 0.007214 -0.005561 -0.000761
v 0.007232 -0.005575 -0.001398
v 0.005197 -0.004674 -0.007274
v -0.008028 0.000716 0.002894
v -0.007709 0.000688 -0.006243
v -0.008307 0.000741 0.002320
v -0.008028 0.000716 -0.005691
v 0.005197 -0.004674 0.004478
v 0.005489 -0.004937 -0.006772
v -0.008545 0.000762 0.001729
v -0.008307 0.000741 -0.005117
v -0.008742 0.000780 0.001122
v -0.008545 0.000762 -0.004526
v 0.005489 -0.004937 0.003975
v 0.005755 -0.005176 -0.006243
v -0.006989 0.000093 0.004478
v -0.006549 -0.000409 0.004952
v -0.004680 -0.000848 0.004475
v -0.004706 -0.000733 -0.007272
v 0.002716 -0.003904 0.004475
v -0.005176 -0.000807 -0.007748
v 0.002716 -0.003904 -0.007272
v 0.003098 -0.004225 -0.007748
v -0.008896 0.000794 0.000503
v -0.008742 0.000780 -0.003919
v -0.009006 0.000804 -0.000126
v -0.008896 0.000794 -0.003299
v 0.005755 -0.005176 0.003446
v 0.005993 -0.005389 -0.005691
v -0.009073 0.000810 -0.000761
v -0.009006 0.000804 -0.002671
v -0.009095 0.000812 -0.001398
v -0.009073 0.000810 -0.002036
v -0.007382 0.000098 0.003975
v -0.006989 0.000093 -0.007274
v 0.004161 -0.005074 -0.007748
v 0.005993 -0.005389 0.002894
v 0.006201 -0.005577 -0.005117
v 0.006201 -0.005577 0.002320
v 0.006379 -0.005737 -0.004526
v 0.004829 -0.005053 -0.007274
v -0.007739 0.000103 0.003446
v -0.007382 0.000098 -0.006772
v 0.006379 -0.005737 0.001729
v 0.006526 -0.005869 -0.003919
v 0.006526 -0.005869 0.001122
v 0.006641 -0.005972 -0.003299
v -0.008059 0.000107 0.002894
v -0.007739 0.000103 -0.006243
v 0.004829 -0.005053 0.004478
v 0.005100 -0.005338 -0.006772
v 0.006641 -0.005972 0.000503
v 0.006723 -0.006046 -0.002671
v 0.006723 -0.006046 -0.000126
v 0.006773 -0.006091 -0.002036
v 0.006773 -0.006091 -0.000761
v 0.006789 -0.006106 -0.001398
v -0.008339 0.000111 0.002320
v -0.008059 0.000107 -0.005691
v -0.006976 -0.000436 0.004478
v 0.005100 -0.005338 0.003975
v 0.005347 -0.005596 -0.006243
v -0.008578 0.000114 0.001729
v -0.008339 0.000111 -0.005117
v -0.008776 0.000117 0.001122
v -0.008578 0.000114 -0.004526
v -0.004510 -0.001505 -0.007272
v -0.005018 -0.001504 0.004952
v 0.002493 -0.004607 0.004952
v 0.002132 -0.004250 -0.007272
v -0.007368 -0.000460 0.003975
v -0.006976 -0.000436 -0.007274
v 0.005347 -0.005596 0.003446
v 0.005568 -0.005827 -0.005691
v -0.008930 0.000119 0.000503
v -0.008776 0.000117 -0.003919
v 0.004433 -0.005404 -0.007274
v -0.009041 0.000120 -0.000126
v -0.008930 0.000119 -0.003299
v 0.005568 -0.005827 0.002894
v 0.005761 -0.006030 -0.005117
v -0.009108 0.000121 -0.000761
v -0.009041 0.000120 -0.002671
v -0.009130 0.000121 -0.001398
v -0.009108 0.000121 -0.002036
v -0.006412 -0.001392 0.004952
v 0.002912 -0.005880 0.004952
v 0.003766 -0.005374 0.004952
v -0.007725 -0.000483 0.003446
v -0.007368 -0.000460 -0.006772
v 0.005761 -0.006030 0.002320
v 0.005927 -0.006203 -0.004526
v 0.004433 -0.005404 0.004478
v 0.004682 -0.005708 -0.006772
v -0.008044 -0.000503 0.002894
v -0.007725 -0.000483 -0.006243
v 0.005927 -0.006203 0.001729
v 0.006063 -0.006346 -0.003919
v -0.006923 -0.000962 0.004478
v 0.006063 -0.006346 0.001122
v 0.006170 -0.006457 -0.003299
v -0.008323 -0.000520 0.002320
v -0.008044 -0.000503 -0.005691
v 0.006170 -0.006457 0.000503
v 0.006247 -0.006538 -0.002671
v 0.004682 -0.005708 0.003975
v 0.004909 -0.005985 -0.006243
v 0.006247 -0.006538 -0.000126
v 0.006293 -0.006586 -0.002036
v 0.006293 -0.006586 -0.000761
v 0.006308 -0.006602 -0.001398
v -0.007312 -0.001016 0.003975
v -0.006923 -0.000962 -0.007274
v -0.008562 -0.000535 0.001729
v -0.008323 -0.000520 -0.005117
v 0.004011 -0.005724 -0.007274
v -0.004333 -0.001976 -0.007272
v -0.004767 -0.002173 0.004952
v 0.001675 -0.004458 0.004475
v 0.001843 -0.004904 0.004952
v -0.004767 -0.002173 -0.007748
v 0.001675 -0.004458 -0.007272
v 0.001843 -0.004904 -0.007748
v 0.004909 -0.005985 0.003446
v 0.005111 -0.006232 -0.005691
v -0.008760 -0.000547 0.001122
v -0.008562 -0.000535 -0.004526
v -0.007666 -0.001066 0.003446
v -0.007312 -0.001016 -0.006772
v -0.008914 -0.000557 0.000503
v -0.008760 -0.000547 -0.003919
v 0.005111 -0.006232 0.002894
v 0.005289 -0.006448 -0.005117
v -0.009025 -0.000564 -0.000126
v -0.008914 -0.000557 -0.003299
v 0.004011 -0.005724 0.004478
v 0.004237 -0.006046 -0.006772
v -0.006129 -0.002344 0.004952
v 0.001992 -0.006252 0.004952
v -0.005934 -0.002800 -0.007748
v -0.006830 -0.001483 0.004478
v -0.009091 -0.000568 -0.000761
v -0.009025 -0.000564 -0.002671
v -0.009114 -0.000570 -0.001398
v -0.009091 -0.000568 -0.002036
v 0.005289 -0.006448 0.002320
v 0.005441 -0.006633 -0.004526
v -0.007983 -0.001110 0.002894
v -0.007666 -0.001066 -0.006243
v 0.005441 -0.006633 0.001729
v 0.005566 -0.006786 -0.003919
v 0.001053 -0.004645 -0.007272
v 0.004237 -0.006046 0.003975
v 0.004442 -0.006339 -0.006243
v 0.003567 -0.006011 -0.007274
v -0.007215 -0.001567 0.003975
v -0.006830 -0.001483 -0.007274
v -0.008260 -0.001148 0.002320
v -0.007983 -0.001110 -0.005691
v 0.005566 -0.006786 0.001122
v 0.005664 -0.006905 -0.003299
v -0.003902 -0.002714 0.004475
v -0.003902 -0.002714 -0.007272
v -0.004426 -0.002802 0.004952
v 0.001053 -0.004645 0.004475
v 0.001158 -0.005109 0.004952
v -0.004426 -0.002802 -0.007748
v 0.001158 -0.005109 -0.007748
v 0.005664 -0.006905 0.000503
v 0.005734 -0.006991 -0.002671
v 0.004442 -0.006339 0.003446
v 0.004625 -0.006600 -0.005691
v 0.005734 -0.006991 -0.000126
v 0.005777 -0.007043 -0.002036
v -0.008497 -0.001181 0.001729
v -0.008260 -0.001148 -0.005117
v 0.005777 -0.007043 -0.000761
v 0.005791 -0.007060 -0.001398
v -0.007564 -0.001642 0.003446
v -0.007215 -0.001567 -0.006772
v -0.006699 -0.001995 0.004478
v 0.003567 -0.006011 0.004478
v 0.003767 -0.006349 -0.006772
v -0.008693 -0.001208 0.001122
v -0.008497 -0.001181 -0.004526
v 0.004625 -0.006600 0.002894
v 0.004786 -0.006830 -0.005117
v -0.005706 -0.003241 0.004952
v -0.005444 -0.003663 -0.007748
v -0.008846 -0.001230 0.000503
v -0.008693 -0.001208 -0.003919
v 0.000410 -0.004745 0.004475
v 0.000410 -0.004745 -0.007272
v -0.007876 -0.001710 0.002894
v -0.007564 -0.001642 -0.006243
v -0.008956 -0.001245 -0.000126
v -0.008846 -0.001230 -0.003299
v 0.003102 -0.006263 -0.007274
v 0.004786 -0.006830 0.002320
v 0.004923 -0.007026 -0.004526
v -0.009022 -0.001254 -0.000761
v -0.008956 -0.001245 -0.002671
v 0.003767 -0.006349 0.003975
v 0.003950 -0.006656 -0.006243
v -0.007076 -0.002108 0.003975
v -0.006699 -0.001995 -0.007274
v -0.009044 -0.001257 -0.001398
v -0.009022 -0.001254 -0.002036
v -0.004004 -0.003379 0.004952
v 0.000451 -0.005219 0.004952
v -0.004004 -0.003379 -0.007748
v 0.000451 -0.005219 -0.007748
v 0.004923 -0.007026 0.001729
v 0.005037 -0.007187 -0.003919
v -0.008150 -0.001770 0.002320
v -0.007876 -0.001710 -0.005691
v -0.006528 -0.002496 0.004478
v 0.005037 -0.007187 0.001122
v 0.005125 -0.007314 -0.003299
v 0.003950 -0.006656 0.003446
v 0.004113 -0.006931 -0.005691
v 0.003102 -0.006263 0.004478
v 0.003277 -0.006616 -0.006772
v -0.007418 -0.002210 0.003446
v -0.007076 -0.002108 -0.006772
v -0.008384 -0.001820 0.001729
v -0.008150 -0.001770 -0.005117
v 0.005125 -0.007314 0.000503
v 0.005189 -0.007405 -0.002671
v -0.003475 -0.003241 0.004475
v -0.003475 -0.003241 -0.007272
v -0.000240 -0.004756 -0.007272
v 0.005189 -0.007405 -0.000126
v 0.005228 -0.007460 -0.002036
v -0.005151 -0.004065 0.004952
v 0.001026 -0.006481 0.004952
v 0.005228 -0.007460 -0.000761
v 0.005240 -0.007478 -0.001398
v 0.002619 -0.006480 -0.007274
v -0.002978 -0.003703 0.004475
v -0.002978 -0.003703 -0.007272
v -0.000263 -0.005232 0.004952
v 0.004113 -0.006931 0.002894
v 0.004256 -0.007172 -0.005117
v -0.008577 -0.001862 0.001122
v -0.008384 -0.001820 -0.004526
v -0.006896 -0.002637 0.003975
v -0.006528 -0.002496 -0.007274
v -0.007724 -0.002301 0.002894
v -0.007418 -0.002210 -0.006243
v 0.003277 -0.006616 0.003975
v 0.003435 -0.006936 -0.006243
v -0.008728 -0.001895 0.000503
v -0.008577 -0.001862 -0.003919
v 0.004256 -0.007172 0.002320
v 0.004378 -0.007378 -0.004526
v -0.000885 -0.004680 -0.007272
v -0.006321 -0.002983 0.004478
v -0.008836 -0.001919 -0.000126
v -0.008728 -0.001895 -0.003299
v -0.000973 -0.005148 0.004952
v -0.002944 -0.004334 -0.007748
v -0.000973 -0.005148 -0.007748
v -0.008902 -0.001933 -0.000761
v -0.008836 -0.001919 -0.002671
v -0.007993 -0.002381 0.002320
v -0.007724 -0.002301 -0.005691
v -0.008923 -0.001938 -0.001398
v -0.008902 -0.001933 -0.002036
v 0.002619 -0.006480 0.004478
v 0.002767 -0.006845 -0.006772
v 0.004378 -0.007378 0.001729
v 0.004479 -0.007548 -0.003919
v 0.003435 -0.006936 0.003446
v 0.003577 -0.007222 -0.005691
v -0.007230 -0.002764 0.003446
v -0.006896 -0.002637 -0.006772
v 0.000037 -0.006562 0.004952
v -0.002115 -0.004267 0.004475
v -0.002115 -0.004267 -0.007272
v 0.002122 -0.006660 -0.007274
v -0.002326 -0.004694 0.004952
v -0.001514 -0.004515 0.004475
v -0.001665 -0.004967 0.004952
v -0.002326 -0.004694 -0.007748
v -0.001514 -0.004515 -0.007272
v -0.001665 -0.004967 -0.007748
v 0.004479 -0.007548 0.001122
v 0.004558 -0.007681 -0.003299
v -0.008222 -0.002449 0.001729
v -0.007993 -0.002381 -0.005117
v -0.006677 -0.003151 0.003975
v -0.006321 -0.002983 -0.007274
v 0.004558 -0.007681 0.000503
v 0.004614 -0.007776 -0.002671
v 0.003577 -0.007222 0.002894
v 0.003701 -0.007473 -0.005117
v -0.006077 -0.003452 0.004478
v 0.004614 -0.007776 -0.000126
v 0.004648 -0.007834 -0.002036
v 0.002767 -0.006845 0.003975
v 0.002901 -0.007176 -0.006243
v -0.007528 -0.002878 0.002894
v -0.007230 -0.002764 -0.006243
v -0.008411 -0.002506 0.001122
v -0.008222 -0.002449 -0.004526
v 0.004648 -0.007834 -0.000761
v 0.004660 -0.007853 -0.001398
v -0.004104 -0.005120 0.004952
v -0.000953 -0.006492 0.004952
v 0.002122 -0.006660 0.004478
v 0.002241 -0.007034 -0.006772
v -0.008560 -0.002550 0.000503
v -0.008411 -0.002506 -0.003919
v 0.003701 -0.007473 0.002320
v 0.003807 -0.007688 -0.004526
v 0.001612 -0.006801 -0.007274
v -0.007000 -0.003303 0.003446
v -0.006677 -0.003151 -0.006772
v -0.007790 -0.002979 0.002320
v -0.007528 -0.002878 -0.005691
v -0.008666 -0.002581 -0.000126
v -0.008560 -0.002550 -0.003299
v 0.002901 -0.007176 0.003446
v 0.003020 -0.007472 -0.005691
v -0.003285 -0.005681 0.004952
v -0.001921 -0.006274 0.004952
v 0.003807 -0.007688 0.001729
v 0.003895 -0.007865 -0.003919
v -0.008730 -0.002600 -0.000761
v -0.008666 -0.002581 -0.002671
v -0.006419 -0.003647 0.003975
v -0.006077 -0.003452 -0.007274
v -0.005799 -0.003902 0.004478
v -0.008751 -0.002607 -0.001398
v -0.008730 -0.002600 -0.002036
v -0.002506 -0.006065 0.004952
v -0.008013 -0.003064 0.001729
v -0.007790 -0.002979 -0.005117
v 0.003895 -0.007865 0.001122
v 0.003964 -0.008003 -0.003299
v 0.002241 -0.007034 0.003975
v 0.002350 -0.007375 -0.006243
v 0.003020 -0.007472 0.002894
v 0.003125 -0.007732 -0.005117
v -0.007289 -0.003440 0.002894
v -0.007000 -0.003303 -0.006243
v 0.001612 -0.006801 0.004478
v 0.001093 -0.006903 -0.007274
v 0.001703 -0.007184 -0.006772
v 0.003964 -0.008003 0.000503
v 0.004013 -0.008103 -0.002671
v -0.008198 -0.003135 0.001122
v -0.008013 -0.003064 -0.004526
v 0.004013 -0.008103 -0.000126
v 0.004043 -0.008163 -0.002036
v -0.006730 -0.003823 0.003446
v -0.006419 -0.003647 -0.006772
v -0.005487 -0.004329 0.004478
v -0.005799 -0.003902 -0.007274
v 0.004043 -0.008163 -0.000761
v 0.004053 -0.008183 -0.001398
v 0.003125 -0.007732 0.002320
v 0.003215 -0.007954 -0.004526
v -0.006125 -0.004122 0.003975
v 0.002350 -0.007375 0.003446
v 0.002447 -0.007679 -0.005691
v -0.008342 -0.003190 0.000503
v -0.008198 -0.003135 -0.003919
v -0.007542 -0.003559 0.002320
v -0.007289 -0.003440 -0.005691
v 0.001093 -0.006903 0.004478
v 0.000568 -0.006966 -0.007274
v -0.008446 -0.003229 -0.000126
v -0.008342 -0.003190 -0.003299
v 0.001703 -0.007184 0.003975
v 0.001785 -0.007531 -0.006243
v 0.003215 -0.007954 0.001729
v 0.003289 -0.008137 -0.003919
v 0.001155 -0.007292 -0.006772
v -0.008508 -0.003253 -0.000761
v -0.008446 -0.003229 -0.002671
v -0.005144 -0.004732 0.004478
v -0.005487 -0.004329 -0.007274
v -0.007008 -0.003981 0.002894
v -0.006730 -0.003823 -0.006243
v -0.007759 -0.003661 0.001729
v -0.007542 -0.003559 -0.005117
v -0.008529 -0.003261 -0.001398
v -0.008508 -0.003253 -0.002036
v 0.002447 -0.007679 0.002894
v 0.002532 -0.007946 -0.005117
v 0.003289 -0.008137 0.001122
v 0.003347 -0.008280 -0.003299
v -0.005796 -0.004573 0.003975
v -0.006125 -0.004122 -0.006772
v -0.006422 -0.004321 0.003446
v 0.000568 -0.006966 0.004478
v 0.000039 -0.006989 -0.007274
v 0.003347 -0.008280 0.000503
v 0.003389 -0.008383 -0.002671
v -0.007937 -0.003746 0.001122
v -0.007759 -0.003661 -0.004526
v 0.001785 -0.007531 0.003446
v 0.001859 -0.007842 -0.005691
v -0.004771 -0.005107 0.004478
v -0.005144 -0.004732 -0.007274
v 0.002532 -0.007946 0.002320
v 0.002604 -0.008174 -0.004526
v 0.003389 -0.008383 -0.000126
v 0.003414 -0.008445 -0.002036
v -0.007251 -0.004119 0.002320
v -0.007008 -0.003981 -0.005691
v 0.001155 -0.007292 0.003975
v 0.000600 -0.007358 -0.006772
v 0.001210 -0.007645 -0.006243
v 0.003414 -0.008445 -0.000761
v 0.003422 -0.008466 -0.001398
v -0.008077 -0.003812 0.000503
v -0.007937 -0.003746 -0.003919
v 0.000039 -0.006989 0.004478
v -0.000489 -0.006972 -0.007274
v -0.005433 -0.004998 0.003975
v -0.005796 -0.004573 -0.006772
v -0.006687 -0.004500 0.002894
v -0.006422 -0.004321 -0.006243
v 0.002604 -0.008174 0.001729
v 0.002664 -0.008362 -0.003919
v -0.008177 -0.003859 -0.000126
v -0.008077 -0.003812 -0.003299
v -0.004371 -0.005454 0.004478
v -0.004771 -0.005107 -0.007274
v -0.006076 -0.004794 0.003446
v 0.001859 -0.007842 0.002894
v 0.001923 -0.008115 -0.005117
v -0.007460 -0.004238 0.001729
v -0.007251 -0.004119 -0.005117
v -0.008238 -0.003887 -0.000761
v -0.008177 -0.003859 -0.002671
v 0.000600 -0.007358 0.003975
v 0.000042 -0.007383 -0.006772
v -0.000489 -0.006972 0.004478
v -0.001015 -0.006915 -0.007274
v -0.008258 -0.003897 -0.001398
v -0.008238 -0.003887 -0.002036
v 0.002664 -0.008362 0.001122
v 0.002711 -0.008510 -0.003299
v 0.001210 -0.007645 0.003446
v 0.001260 -0.007960 -0.005691
v 0.000629 -0.007715 -0.006243
v -0.003946 -0.005769 0.004478
v -0.004371 -0.005454 -0.007274
v -0.005040 -0.005395 0.003975
v -0.005433 -0.004998 -0.006772
v -0.007631 -0.004335 0.001122
v -0.007460 -0.004238 -0.004526
v -0.006919 -0.004656 0.002320
v -0.006687 -0.004500 -0.005691
v -0.001015 -0.006915 0.004478
v -0.001535 -0.006819 -0.007274
v 0.002711 -0.008510 0.000503
v 0.002745 -0.008615 -0.002671
v 0.001923 -0.008115 0.002320
v 0.001979 -0.008348 -0.004526
v -0.003499 -0.006051 0.004478
v -0.003946 -0.005769 -0.007274
v -0.005696 -0.005240 0.003446
v -0.006076 -0.004794 -0.006243
v 0.000042 -0.007383 0.003975
v -0.000517 -0.007365 -0.006772
v -0.006327 -0.004992 0.002894
v 0.002745 -0.008615 -0.000126
v 0.002765 -0.008679 -0.002036
v -0.001535 -0.006819 0.004478
v -0.002047 -0.006683 -0.007274
v -0.007766 -0.004411 0.000503
v -0.007631 -0.004335 -0.003919
v 0.002765 -0.008679 -0.000761
v 0.002772 -0.008700 -0.001398
v -0.003031 -0.006298 0.004478
v -0.003499 -0.006051 -0.007274
v -0.002047 -0.006683 0.004478
v -0.002546 -0.006509 -0.007274
v 0.001260 -0.007960 0.002894
v 0.001304 -0.008237 -0.005117
v -0.004617 -0.005761 0.003975
v -0.005040 -0.005395 -0.006772
v -0.003031 -0.006298 -0.007274
v 0.001979 -0.008348 0.001729
v 0.002024 -0.008540 -0.003919
v -0.002546 -0.006509 0.004478
v 0.000629 -0.007715 0.003446
v 0.000044 -0.007740 -0.006243
v -0.007118 -0.004790 0.001729
v -0.006919 -0.004656 -0.005117
v 0.000655 -0.008033 -0.005691
v -0.007862 -0.004466 -0.000126
v -0.007766 -0.004411 -0.003299
v -0.000517 -0.007365 0.003975
v -0.001072 -0.007304 -0.006772
v -0.007920 -0.004499 -0.000761
v -0.007862 -0.004466 -0.002671
v -0.005284 -0.005656 0.003446
v -0.005696 -0.005240 -0.006243
v -0.004168 -0.006093 0.003975
v -0.004617 -0.005761 -0.006772
v 0.002024 -0.008540 0.001122
v 0.002060 -0.008690 -0.003299
v -0.006547 -0.005166 0.002320
v -0.006327 -0.004992 -0.005691
v -0.007940 -0.004510 -0.001398
v -0.007920 -0.004499 -0.002036
v -0.005932 -0.005457 0.002894
v -0.007282 -0.004900 0.001122
v -0.007118 -0.004790 -0.004526
v 0.001304 -0.008237 0.002320
v 0.001342 -0.008474 -0.004526
v -0.001072 -0.007304 0.003975
v -0.001622 -0.007202 -0.006772
v 0.000044 -0.007740 0.003446
v -0.000542 -0.007721 -0.006243
v 0.002060 -0.008690 0.000503
v 0.002086 -0.008798 -0.002671
v -0.003696 -0.006391 0.003975
v -0.004168 -0.006093 -0.006772
v 0.000655 -0.008033 0.002894
v 0.000678 -0.008312 -0.005117
v -0.001622 -0.007202 0.003975
v -0.002162 -0.007059 -0.006772
v 0.000045 -0.008059 -0.005691
v -0.004841 -0.006039 0.003446
v -0.005284 -0.005656 -0.006243
v 0.002086 -0.008798 -0.000126
v 0.002101 -0.008863 -0.002036
v -0.007410 -0.004986 0.000503
v -0.007282 -0.004900 -0.003919
v -0.003202 -0.006652 0.003975
v -0.003696 -0.006391 -0.006772
v -0.006735 -0.005314 0.001729
v -0.006547 -0.005166 -0.005117
v -0.002162 -0.007059 0.003975
v -0.002689 -0.006875 -0.006772
v 0.001342 -0.008474 0.001729
v 0.001373 -0.008669 -0.003919
v 0.002101 -0.008863 -0.000761
v 0.002106 -0.008885 -0.001398
v -0.002689 -0.006875 0.003975
v -0.003202 -0.006652 -0.006772
v -0.000542 -0.007721 0.003446
v -0.001124 -0.007658 -0.006243
v -0.005502 -0.005890 0.002894
v -0.005932 -0.005457 -0.005691
v -0.006138 -0.005646 0.002320
v -0.007502 -0.005048 -0.000126
v -0.007410 -0.004986 -0.003299
v -0.004370 -0.006388 0.003446
v -0.004841 -0.006039 -0.006243
v 0.000678 -0.008312 0.002320
v 0.000697 -0.008551 -0.004526
v 0.001373 -0.008669 0.001122
v 0.001397 -0.008821 -0.003299
v -0.007557 -0.005085 -0.000761
v -0.007502 -0.005048 -0.002671
v 0.000045 -0.008059 0.002894
v -0.000564 -0.008040 -0.005691
v -0.006890 -0.005436 0.001122
v -0.006735 -0.005314 -0.004526
v -0.001124 -0.007658 0.003446
v -0.001700 -0.007551 -0.006243
v 0.000047 -0.008340 -0.005117
v -0.007576 -0.005098 -0.001398
v -0.007557 -0.005085 -0.002036
v -0.003875 -0.006700 0.003446
v -0.004370 -0.006388 -0.006243
v -0.005041 -0.006289 0.002894
v -0.005502 -0.005890 -0.005691
v 0.001397 -0.008821 0.000503
v 0.001414 -0.008931 -0.002671
v -0.006314 -0.005808 0.001729
v -0.006138 -0.005646 -0.005117
v -0.001700 -0.007551 0.003446
v -0.002266 -0.007401 -0.006243
v -0.005693 -0.006094 0.002320
v -0.007011 -0.005532 0.000503
v -0.006890 -0.005436 -0.003919
v -0.003357 -0.006974 0.003446
v -0.003875 -0.006700 -0.006243
v 0.000697 -0.008551 0.001729
v 0.000713 -0.008748 -0.003919
v 0.001414 -0.008931 -0.000126
v 0.001425 -0.008997 -0.002036
v -0.000564 -0.008040 0.002894
v -0.001171 -0.007974 -0.005691
v -0.002266 -0.007401 0.003446
v -0.002820 -0.007208 -0.006243
v -0.002820 -0.007208 0.003446
v -0.003357 -0.006974 -0.006243
v 0.001425 -0.008997 -0.000761
v 0.001428 -0.009019 -0.001398
v 0.000047 -0.008340 0.002320
v 0.000048 -0.008579 -0.004526
v -0.004551 -0.006652 0.002894
v -0.005041 -0.006289 -0.005691
v -0.000584 -0.008319 -0.005117
v -0.007099 -0.005601 -0.000126
v -0.007011 -0.005532 -0.003299
v -0.006459 -0.005942 0.001122
v -0.006314 -0.005808 -0.004526
v 0.000713 -0.008748 0.001122
v 0.000726 -0.008902 -0.003299
v -0.001171 -0.007974 0.002894
v -0.001770 -0.007863 -0.005691
v -0.007151 -0.005642 -0.000761
v -0.007099 -0.005601 -0.002671
v -0.005216 -0.006507 0.002320
v -0.005693 -0.006094 -0.005117
v -0.005856 -0.006269 0.001729
v -0.004035 -0.006977 0.002894
v -0.004551 -0.006652 -0.005691
v -0.007169 -0.005656 -0.001398
v -0.007151 -0.005642 -0.002036
v 0.000726 -0.008902 0.000503
v 0.000735 -0.009012 -0.002671
v -0.001770 -0.007863 0.002894
v -0.002360 -0.007706 -0.005691
v 0.000048 -0.008579 0.001729
v 0.000049 -0.008776 -0.003919
v -0.000584 -0.008319 0.002320
v -0.001211 -0.008251 -0.005117
v -0.006573 -0.006047 0.000503
v -0.006459 -0.005942 -0.003919
v -0.003495 -0.007262 0.002894
v -0.004035 -0.006977 -0.005691
v -0.000601 -0.008558 -0.004526
v -0.002360 -0.007706 0.002894
v -0.002936 -0.007506 -0.005691
v 0.000735 -0.009012 -0.000126
v 0.000740 -0.009079 -0.002036
v -0.002936 -0.007506 0.002894
v -0.003495 -0.007262 -0.005691
v -0.004709 -0.006883 0.002320
v -0.005216 -0.006507 -0.005117
v 0.000740 -0.009079 -0.000761
v 0.000742 -0.009101 -0.001398
v -0.005991 -0.006413 0.001122
v -0.005856 -0.006269 -0.004526
v -0.006655 -0.006122 -0.000126
v -0.006573 -0.006047 -0.003299
v -0.005366 -0.006694 0.001729
v 0.000049 -0.008776 0.001122
v 0.000050 -0.008931 -0.003299
v -0.001211 -0.008251 0.002320
v -0.001832 -0.008136 -0.005117
v -0.004175 -0.007220 0.002320
v -0.004709 -0.006883 -0.005117
v -0.006704 -0.006167 -0.000761
v -0.006655 -0.006122 -0.002671
v -0.000601 -0.008558 0.001729
v -0.000614 -0.008755 -0.003919
v -0.001246 -0.008488 -0.004526
v -0.001832 -0.008136 0.002320
v -0.002442 -0.007974 -0.005117
v -0.006720 -0.006182 -0.001398
v -0.006704 -0.006167 -0.002036
v 0.000050 -0.008931 0.000503
v 0.000051 -0.009042 -0.002671
v -0.006097 -0.006526 0.000503
v -0.005991 -0.006413 -0.003919
v -0.003617 -0.007515 0.002320
v -0.004175 -0.007220 -0.005117
v -0.004844 -0.007081 0.001729
v -0.005366 -0.006694 -0.004526
v -0.002442 -0.007974 0.002320
v -0.003038 -0.007767 -0.005117
v -0.005489 -0.006848 0.001122
v -0.003038 -0.007767 0.002320
v -0.003617 -0.007515 -0.005117
v 0.000051 -0.009042 -0.000126
v 0.000051 -0.009109 -0.002036
v -0.001246 -0.008488 0.001729
v -0.001885 -0.008370 -0.004526
v -0.000614 -0.008755 0.001122
v -0.000625 -0.008909 -0.003299
v -0.006173 -0.006608 -0.000126
v -0.006097 -0.006526 -0.003299
v 0.000051 -0.009109 -0.000761
v 0.000051 -0.009131 -0.001398
v -0.001275 -0.008684 -0.003919
v -0.004295 -0.007427 0.001729
v -0.004844 -0.007081 -0.004526
v -0.006218 -0.006656 -0.000761
v -0.006173 -0.006608 -0.002671
v -0.005586 -0.006969 0.000503
v -0.005489 -0.006848 -0.003919
v -0.001885 -0.008370 0.001729
v -0.002512 -0.008203 -0.004526
v -0.000625 -0.008909 0.000503
v -0.000633 -0.009020 -0.002671
v -0.004955 -0.007244 0.001122
v -0.006233 -0.006673 -0.001398
v -0.006218 -0.006656 -0.002036
v -0.003721 -0.007730 0.001729
v -0.004295 -0.007427 -0.004526
v -0.002512 -0.008203 0.001729
v -0.003125 -0.007990 -0.004526
v -0.001275 -0.008684 0.001122
v -0.001928 -0.008562 -0.003919
v -0.001297 -0.008836 -0.003299
v -0.003125 -0.007990 0.001729
v -0.003721 -0.007730 -0.004526
v -0.000633 -0.009020 -0.000126
v -0.000638 -0.009087 -0.002036
v -0.005655 -0.007055 -0.000126
v -0.005586 -0.006969 -0.003299
v -0.004393 -0.007598 0.001122
v -0.004955 -0.007244 -0.003919
v -0.000638 -0.009087 -0.000761
v -0.000639 -0.009109 -0.001398
v -0.005043 -0.007371 0.000503
v -0.001928 -0.008562 0.001122
v -0.002570 -0.008392 -0.003919
v -0.005697 -0.007108 -0.000761
v -0.005655 -0.007055 -0.002671
v -0.001297 -0.008836 0.000503
v -0.001313 -0.008946 -0.002671
v -0.003806 -0.007908 0.001122
v -0.004393 -0.007598 -0.003919
v -0.001962 -0.008713 -0.003299
v -0.005711 -0.007125 -0.001398
v -0.005697 -0.007108 -0.002036
v -0.002570 -0.008392 0.001122
v -0.003197 -0.008174 -0.003919
v -0.003197 -0.008174 0.001122
v -0.003806 -0.007908 -0.003919
v -0.005105 -0.007463 -0.000126
v -0.005043 -0.007371 -0.003299
v -0.001313 -0.008946 -0.000126
v -0.001323 -0.009012 -0.002036
v -0.004471 -0.007732 0.000503
v -0.001323 -0.009012 -0.000761
v -0.001326 -0.009034 -0.001398
v -0.001962 -0.008713 0.000503
v -0.002615 -0.008540 -0.003299
v -0.001986 -0.008821 -0.002671
v -0.005143 -0.007518 -0.000761
v -0.005105 -0.007463 -0.002671
v -0.003873 -0.008048 0.000503
v -0.004471 -0.007732 -0.003299
v -0.002615 -0.008540 0.000503
v -0.003254 -0.008317 -0.003299
v -0.004526 -0.007828 -0.000126
v -0.005156 -0.007537 -0.001398
v -0.005143 -0.007518 -0.002036
v -0.003254 -0.008317 0.000503
v -0.003873 -0.008048 -0.003299
v -0.001986 -0.008821 -0.000126
v -0.002001 -0.008887 -0.002036
v -0.002648 -0.008646 -0.002671
v -0.002001 -0.008887 -0.000761
v -0.002006 -0.008908 -0.001398
v -0.004560 -0.007886 -0.000761
v -0.004526 -0.007828 -0.002671
v -0.003921 -0.008148 -0.000126
v -0.002648 -0.008646 -0.000126
v -0.003294 -0.008421 -0.002671
v -0.002667 -0.008710 -0.002036
v -0.004571 -0.007905 -0.001398
v -0.004560 -0.007886 -0.002036
v -0.003294 -0.008421 -0.000126
v -0.003921 -0.008148 -0.002671
v -0.003950 -0.008208 -0.000761
v -0.002667 -0.008710 -0.000761
v -0.002674 -0.008731 -0.001398
v -0.003318 -0.008483 -0.002036
v -0.003318 -0.008483 -0.000761
v -0.003950 -0.008208 -0.002036
v -0.003960 -0.008228 -0.001398
v -0.003487 -0.008439 -0.001398
vn 0.3236 0.6302 -0.7058
vn 0.0000 0.0000 1.0000
vn 0.2146 0.6737 -0.7072
vn 0.2092 0.6772 -0.7055
vn 0.1020 0.7011 -0.7058
vn 0.3289 0.6255 -0.7075
vn 0.4234 0.5678 -0.7059
vn -0.0157 0.7083 -0.7058
vn 0.0894 0.6998 -0.7088
vn 0.4306 0.5590 -0.7086
vn 0.5108 0.4911 -0.7056
vn 0.7937 0.6083 0.0000
vn 0.7934 0.6086 -0.0001
vn -0.1317 0.9913 0.0000
vn 0.2245 0.4538 0.8624
vn 0.1765 0.4547 0.8730
vn -0.1316 0.9913 0.0000
vn 0.1620 0.4789 -0.8628
vn 0.1976 0.4446 -0.8736
vn 0.1906 0.4621 0.8661
vn 0.1917 0.4649 -0.8643
vn -0.3458 0.9383 0.0093
vn -0.1390 0.9896 -0.0376
vn 0.1283 0.4843 0.8655
vn 0.7927 0.6096 -0.0001
vn 0.7924 0.6099 0.0000
vn 0.2514 0.4346 -0.8648
vn -0.1314 0.6961 -0.7058
vn -0.0340 0.7034 -0.7100
vn 0.5204 0.4745 -0.7099
vn 0.5846 0.4002 -0.7057
vn 0.2643 0.4332 0.8617
vn 0.1106 0.4820 -0.8692
vn 0.2387 0.9688 -0.0660
vn -0.5073 0.8589 0.0705
vn 0.1073 0.4678 0.8773
vn 0.7922 0.6103 0.0000
vn 0.2547 0.4075 -0.8770
vn -0.1341 0.9903 0.0374
vn 0.7931 0.6091 -0.0002
vn 0.9572 0.2664 -0.1128
vn 0.1079 -0.2423 0.9642
vn 0.0000 0.0000 -1.0000
vn -0.2445 0.6648 -0.7059
vn -0.1545 0.6859 -0.7111
vn 0.5938 0.3766 -0.7110
vn 0.6424 0.2986 -0.7058
vn 0.1065 0.9942 -0.0142
vn 0.6628 0.7488 0.0038
vn -0.0225 0.0282 0.9993
vn -0.7938 -0.6077 0.0230
vn 0.0832 0.1916 0.9779
vn 0.0928 0.1784 0.9796
vn 0.0120 0.3962 -0.9181
vn -0.0045 -0.0024 -1.0000
vn -0.7124 0.7009 0.0365
vn 0.9992 -0.0167 -0.0354
vn -0.0018 0.0397 0.9992
vn 0.0077 0.0101 0.9999
vn 0.0016 0.0126 -0.9999
vn -0.0004 0.0100 -1.0000
vn 0.3391 -0.5311 0.7765
vn -0.2924 0.4580 0.8395
vn 0.4613 0.8872 0.0000
vn 0.2999 0.9540 0.0000
vn 0.2848 0.9586 0.0010
vn 0.4616 0.8871 -0.0000
vn 0.4654 0.8851 0.0000
vn 0.2952 0.9554 0.0000
vn 0.4616 0.8871 0.0012
vn 0.2999 0.9540 0.0013
vn 0.0109 0.0924 0.9957
vn 0.1288 0.9917 -0.0008
vn 0.1170 0.9931 -0.0002
vn -0.1902 0.4580 0.8684
vn 0.5863 0.8101 0.0018
vn 0.6083 0.7937 0.0000
vn 0.1267 0.9919 0.0013
vn 0.1288 0.9917 0.0019
vn 0.6083 0.7937 0.0018
vn 0.6102 0.7923 0.0012
vn -0.9105 0.4134 0.0000
vn 0.7716 0.6361 0.0000
vn -0.0646 -0.0418 0.9970
vn -0.0191 0.0859 0.9961
vn -0.0950 0.9909 -0.0951
vn 0.7925 0.6098 -0.0002
vn 0.0278 -0.0008 0.9996
vn 0.0074 0.0068 1.0000
vn 0.5049 0.8624 -0.0365
vn 0.0162 -0.0752 -0.9970
vn 0.0741 0.0472 -0.9961
vn 0.4521 -0.4134 0.7904
vn -0.0446 0.9990 0.0003
vn -0.0404 0.9992 0.0000
vn 0.7360 0.6770 0.0000
vn -0.0483 0.9988 0.0020
vn -0.0446 0.9990 0.0029
vn 0.7360 0.6770 0.0030
vn 0.7390 0.6738 0.0018
vn 0.1093 -0.0069 0.9940
vn -0.4236 0.5807 -0.6952
vn -0.2706 0.6480 -0.7119
vn 0.6491 0.2681 -0.7119
vn 0.7098 0.1130 -0.6953
vn -0.0509 0.0994 0.9937
vn -0.1316 0.9913 0.0001
vn 0.7923 0.6101 -0.0002
vn 0.7934 0.6087 -0.0001
vn -0.0337 0.0811 0.9961
vn 0.1248 -0.0302 0.9917
vn -0.1097 0.0667 -0.9917
vn 0.0810 0.0337 -0.9961
vn -0.4925 0.8700 -0.0226
vn -0.3608 0.9327 0.0000
vn 0.1211 -0.0316 0.9921
vn 0.0335 0.0213 0.9992
vn -0.0086 0.0388 -0.9992
vn 0.0143 0.0331 -0.9993
vn -0.2169 0.9762 0.0000
vn 0.8434 0.5373 0.0000
vn -0.2197 0.9756 0.0030
vn -0.2169 0.9762 0.0038
vn 0.8434 0.5373 0.0036
vn 0.8445 0.5356 0.0030
vn 0.9619 0.2726 -0.0219
vn 0.0509 0.9987 -0.0006
vn 0.7929 0.6094 -0.0000
vn 0.6551 0.7543 -0.0429
vn 0.3119 0.9485 0.0554
vn -0.2366 0.4476 0.8624
vn 0.4736 0.1466 -0.8684
vn 0.4334 0.1514 0.8884
vn 0.0465 0.0843 0.9954
vn 0.1196 0.0498 0.9916
vn -0.2261 0.4241 -0.8770
vn -0.5804 0.4445 0.6823
vn -0.3840 0.9233 0.0000
vn -0.3912 0.9203 0.0005
vn 0.1173 -0.5269 0.8418
vn 0.9244 0.3814 0.0000
vn 0.9233 0.3840 0.0002
vn -0.3853 0.9228 0.0038
vn -0.3840 0.9233 0.0042
vn 0.9233 0.3840 0.0043
vn 0.9242 0.3818 0.0036
vn 0.7927 0.6096 -0.0000
vn 0.4835 0.1315 0.8654
vn -0.1309 0.9914 -0.0000
vn -0.2495 0.4340 -0.8657
vn 0.0480 -0.0522 0.9975
vn 0.0465 -0.0525 0.9975
vn -0.4838 0.5463 -0.6837
vn -0.3925 0.6143 -0.6845
vn 0.7066 0.1960 -0.6799
vn 0.7305 0.0453 -0.6814
vn -0.0715 -0.0044 0.9974
vn -0.0683 -0.0152 0.9976
vn -0.1318 0.9913 -0.0000
vn -0.2822 0.4186 0.8632
vn 0.7924 0.6100 -0.0000
vn 0.4958 0.0996 -0.8627
vn 0.7925 0.6099 0.0000
vn 0.4820 0.0745 0.8730
vn 0.4955 0.0660 0.8661
vn -0.2891 0.3926 -0.8731
vn -0.3043 0.3960 -0.8663
vn -0.1218 0.1927 0.9737
vn -0.5373 0.8434 -0.0005
vn -0.5343 0.8453 -0.0007
vn -0.0211 0.4729 0.8808
vn 0.9722 0.2340 0.0011
vn 0.9762 0.2169 0.0000
vn -0.5384 0.8427 0.0042
vn -0.5373 0.8434 0.0046
vn 0.9762 0.2169 -0.0052
vn 0.9636 0.2673 0.0043
vn -0.9247 0.3807 0.0000
vn -0.3054 0.3791 0.8735
vn 0.9237 -0.3830 0.0000
vn 0.9239 -0.3825 -0.0001
vn 0.5045 0.0339 0.8627
vn -0.9244 0.3813 0.0001
vn -0.3325 0.3800 -0.8631
vn 0.4839 0.0533 -0.8735
vn -0.3048 0.3986 0.8650
vn 0.4974 0.0678 -0.8649
vn 0.0567 -0.0435 0.9974
vn -0.1093 -0.0998 0.9890
vn -0.4711 0.5380 -0.6990
vn -0.5466 0.4827 -0.6842
vn -0.4660 0.5699 -0.6767
vn 0.7388 0.0765 -0.6696
vn 0.7383 0.0688 -0.6709
vn -0.0836 -0.1969 0.9769
vn -0.0708 -0.0032 0.9975
vn -0.9242 0.3818 0.0001
vn -0.9240 0.3823 -0.0001
vn -0.3545 0.3540 0.8654
vn 0.9242 -0.3818 -0.0000
vn 0.9246 -0.3810 0.0002
vn 0.5013 -0.0008 -0.8653
vn 0.7040 -0.2909 0.6479
vn -0.6770 0.7360 0.0009
vn -0.6683 0.7439 0.0000
vn 0.9990 0.0446 0.0000
vn -0.6330 0.7741 0.0046
vn -0.6770 0.7360 -0.0053
vn 0.9990 0.0446 -0.0054
vn 0.9947 0.1030 0.0046
vn 0.1237 0.0055 0.9923
vn -0.0277 -0.0381 0.9989
vn -0.0074 -0.0475 -0.9988
vn -0.0851 0.0925 -0.9921
vn 0.4918 -0.0228 0.8704
vn -0.3637 0.3307 -0.8709
vn -0.3456 0.2985 0.8897
vn -0.0964 0.0001 0.9953
vn 0.4579 -0.0323 -0.8884
vn 0.0683 -0.0680 -0.9953
vn 0.4237 -0.0405 0.9049
vn -0.3268 0.2682 -0.9062
vn -0.7496 0.6619 0.0050
vn -0.9237 0.3832 -0.0001
vn -0.9241 0.3821 0.0001
vn 0.9244 -0.3814 0.0001
vn 0.9241 -0.3821 0.0000
vn -0.8280 0.3421 0.4444
vn -0.7937 0.6083 0.0000
vn -0.8051 0.5931 0.0012
vn 0.2915 -0.4566 0.8405
vn 0.0379 -0.6236 0.7809
vn -0.0486 -0.0199 0.9986
vn -0.1439 0.4549 0.8789
vn 0.9892 -0.1468 0.0000
vn 0.9917 -0.1288 0.0014
vn -0.7937 0.6082 -0.0058
vn -0.1028 0.0788 0.9916
vn 0.9917 -0.1288 -0.0055
vn 0.9981 -0.0610 0.0051
vn 0.0172 -0.0022 0.9998
vn 0.1445 0.0163 0.9894
vn -0.0924 0.1156 -0.9890
vn -0.0137 0.0105 -0.9999
vn 0.1285 -0.0167 -0.9916
vn 0.7071 -0.0432 -0.7058
vn -0.6013 0.3745 -0.7058
vn -0.6015 0.3743 -0.7057
vn 0.6904 -0.1584 -0.7058
vn 0.6904 -0.1589 -0.7057
vn -0.9245 0.3811 0.0001
vn 0.9245 -0.3811 0.0001
vn -0.0345 0.1200 0.9922
vn 0.1006 0.0934 -0.9905
vn -0.9243 0.3816 0.0000
vn 0.9034 -0.4287 -0.0089
vn -0.8491 0.5283 0.0052
vn 0.9747 -0.2236 0.0054
vn -0.6765 0.3416 0.6524
vn -0.8871 0.4616 -0.0007
vn -0.8927 0.4507 0.0000
vn 0.0884 -0.0290 0.9957
vn 0.9501 -0.3118 -0.0008
vn 0.9540 -0.2999 0.0000
vn -0.8871 0.4616 -0.0057
vn -0.0337 0.0175 0.9993
vn 0.9539 -0.2999 -0.0058
vn 0.0132 -0.0042 0.9999
vn -0.0123 0.0063 -0.9999
vn -0.9241 0.3820 0.0000
vn 0.5570 -0.8299 -0.0314
vn -0.0176 0.0223 0.9996
vn -0.6548 0.2705 -0.7057
vn -0.6545 0.2710 -0.7059
vn 0.6546 -0.2710 -0.7057
vn 0.6413 -0.3498 -0.6829
vn 0.0098 0.1027 0.9947
vn -0.9239 0.3825 0.0054
vn 0.9239 -0.3825 0.0054
vn -0.8925 -0.4404 -0.0972
vn -0.9540 0.2999 0.0000
vn -0.9501 0.3118 -0.0008
vn -0.8976 0.2946 0.3280
vn 0.8927 -0.4507 0.0000
vn 0.0964 -0.0487 0.9941
vn 0.8871 -0.4616 -0.0007
vn -0.0619 0.0322 0.9976
vn -0.0133 0.0042 0.9999
vn -0.0963 -0.0366 0.9947
vn -0.9539 0.2999 -0.0058
vn 0.8871 -0.4616 -0.0057
vn 0.0353 -0.0183 0.9992
vn 0.0177 -0.0232 0.9996
vn 0.9242 -0.3819 -0.0001
vn 0.7821 0.6129 -0.1123
vn -0.9181 0.3860 -0.0895
vn -0.4349 0.8993 0.0467
vn -0.0517 -0.0568 -0.9970
vn 0.0820 -0.0442 -0.9957
vn -0.0380 0.0113 -0.9992
vn 0.9245 -0.3811 -0.0000
vn -0.9747 0.2236 0.0054
vn -0.6906 0.1585 -0.7057
vn 0.6189 -0.3860 -0.6841
vn 0.8485 -0.5292 0.0053
vn 0.0483 0.0797 0.9956
vn -0.7260 0.0851 -0.6824
vn 0.6492 -0.2989 -0.6994
vn -0.1088 -0.0994 0.9891
vn -0.0904 0.0117 0.9958
vn -0.2179 -0.0547 0.9744
vn 0.0333 -0.1207 0.9921
vn -0.0183 0.0285 -0.9994
vn 0.0162 -0.1519 -0.9883
vn -0.6983 0.7126 -0.0670
vn -0.9880 0.1536 -0.0165
vn 0.9240 -0.3825 0.0001
vn 0.9240 -0.3824 0.0001
vn -0.9917 0.1288 0.0014
vn -0.9892 0.1468 0.0000
vn 0.8051 -0.5931 0.0012
vn -0.3706 0.6895 0.6223
vn -0.0662 0.2979 0.9523
vn 0.2468 -0.5452 0.8011
vn 0.5974 -0.6429 0.4794
vn -0.4071 0.4381 0.8015
vn -0.8275 0.3405 -0.4464
vn 0.0693 -0.0090 0.9976
vn 0.7937 -0.6083 0.0000
vn -0.9917 0.1288 -0.0055
vn 0.7937 -0.6082 -0.0056
vn 0.1028 -0.0788 0.9916
vn 0.1436 -0.1129 -0.9832
vn -0.9239 0.3825 -0.0001
vn 0.9240 -0.3825 0.0000
vn -0.9981 0.0610 0.0051
vn -0.7269 0.0444 -0.6853
vn 0.5313 -0.4683 -0.7059
vn 0.7502 -0.6612 0.0051
vn -0.1967 -0.0088 0.9804
vn 0.1487 0.2046 0.9675
vn 0.3481 -0.3002 0.8881
vn 0.0962 0.0019 0.9954
vn -0.4810 0.0171 -0.8765
vn 0.1781 0.0150 -0.9839
vn 0.9240 -0.3824 0.0000
vn -0.9244 0.3814 0.0000
vn -0.5059 0.0109 0.8625
vn 0.3662 -0.3503 -0.8621
vn 0.0710 -0.0009 0.9975
vn -0.7338 0.0096 -0.6793
vn 0.5312 -0.4685 -0.7059
vn -0.9990 -0.0446 0.0000
vn -0.9236 0.3823 -0.0274
vn 0.9248 -0.3805 0.0000
vn 0.0697 0.0031 0.9976
vn 0.6765 -0.7355 -0.0360
vn -0.9990 -0.0446 -0.0054
vn 0.6770 -0.7360 -0.0053
vn 0.9246 -0.3810 -0.0002
vn 0.3559 -0.3525 0.8655
vn -0.5016 0.0017 -0.8651
vn -0.9947 -0.1031 0.0046
vn -0.7250 -0.0751 -0.6846
vn 0.4474 -0.5491 -0.7059
vn 0.6316 -0.7752 0.0049
vn -0.5037 -0.0353 0.8631
vn -0.4820 -0.0745 0.8730
vn -0.4955 -0.0660 0.8661
vn 0.3047 -0.3966 0.8659
vn -0.4964 -0.0661 -0.8656
vn 0.3342 -0.3795 -0.8627
vn 0.2867 -0.3932 -0.8736
vn 0.3058 -0.3979 -0.8649
vn -0.7217 0.0185 -0.6919
vn 0.4473 -0.5493 -0.7059
vn -0.9481 0.3165 -0.0292
vn -0.6594 -0.7511 0.0330
vn 0.0434 -0.9984 -0.0356
vn 0.0510 -0.1485 0.9876
vn -0.0554 0.1613 0.9854
vn 0.8985 -0.4373 0.0393
vn 0.3349 -0.0212 0.9420
vn -0.9762 -0.2169 0.0046
vn 0.5373 -0.8434 -0.0050
vn -0.1942 -0.0451 -0.9799
vn 0.1833 -0.1672 -0.9687
vn -0.9240 0.3823 0.0000
vn 0.9247 -0.3808 -0.0002
vn 0.9242 -0.3820 0.0000
vn 0.3053 -0.3797 0.8733
vn -0.9242 0.3820 0.0000
vn -0.4845 -0.0533 -0.8732
vn -0.9740 -0.2265 0.0072
vn -0.6829 -0.1588 -0.7130
vn 0.3506 -0.6155 -0.7059
vn 0.4949 -0.8689 0.0041
vn -0.4835 -0.1315 0.8654
vn -0.4334 -0.1514 0.8884
vn -0.0465 -0.0843 0.9954
vn 0.2813 -0.4196 0.8630
vn 0.2325 -0.4361 0.8694
vn -0.4960 -0.1000 -0.8625
vn -0.4863 -0.1439 -0.8619
vn 0.2000 -0.4127 -0.8887
vn 0.2500 -0.4342 -0.8654
vn -0.0236 -0.0969 -0.9950
vn -0.7925 -0.6099 0.0000
vn 0.1313 -0.9913 0.0000
vn 0.1316 -0.9913 -0.0000
vn -0.7926 -0.6098 0.0000
vn -0.6828 -0.1888 -0.7058
vn 0.3503 -0.6157 -0.7058
vn -0.6565 -0.7536 0.0329
vn -0.9254 -0.3791 0.0002
vn 0.4079 -0.9122 0.0387
vn -0.0935 -0.0259 0.9953
vn 0.0054 -0.1728 0.9849
vn -0.0623 -0.9981 0.0000
vn -0.1151 0.0635 0.9913
vn 0.1241 -0.0684 0.9899
vn -0.9233 -0.3840 -0.0045
vn -0.1196 -0.0498 0.9916
vn 0.3840 -0.9233 -0.0046
vn 0.0199 -0.0479 0.9987
vn -0.0321 0.0074 0.9995
vn -0.0471 -0.0200 -0.9987
vn -0.2101 -0.0235 -0.9774
vn 0.0488 -0.1199 -0.9916
vn -0.9068 -0.4215 0.0036
vn -0.6424 -0.2986 -0.7058
vn 0.2439 -0.6651 -0.7058
vn 0.3443 -0.9389 0.0038
vn -0.7929 -0.6094 0.0000
vn -0.7927 -0.6096 0.0000
vn -0.0891 -0.9960 -0.0081
vn 0.1228 -0.9917 0.0374
vn 0.3474 -0.9361 0.0556
vn 0.1311 -0.9914 -0.0001
vn 0.1765 -0.7089 -0.6828
vn -0.8434 -0.5373 0.0013
vn -0.8527 -0.5224 0.0000
vn 0.2169 -0.9762 0.0000
vn -0.0157 0.0704 0.9974
vn -0.0108 0.0683 0.9976
vn -0.8434 -0.5373 0.0036
vn -0.1211 0.0316 0.9921
vn -0.0335 -0.0213 0.9992
vn 0.6569 -0.7536 0.0237
vn 0.0503 -0.0577 0.9971
vn 0.1040 -0.0618 -0.9927
vn -0.0748 -0.0042 -0.9972
vn 0.0077 -0.0355 -0.9993
vn -0.7934 -0.6087 0.0001
vn -0.8445 -0.5356 0.0030
vn -0.5938 -0.3766 -0.7110
vn 0.1364 -0.7162 -0.6845
vn 0.1848 -0.9706 0.1545
vn -0.7931 -0.6091 -0.0001
vn -0.5846 -0.4002 -0.7057
vn 0.1146 -0.7243 -0.6799
vn -0.9647 -0.2634 0.0000
vn 0.0404 -0.9992 0.0000
vn -0.0953 0.1011 0.9903
vn 0.0446 -0.9990 0.0003
vn -0.0032 0.0713 0.9974
vn -0.0004 0.0697 0.9976
vn -0.7360 -0.6770 0.0030
vn -0.4363 -0.8937 0.1046
vn -0.0272 -0.0557 0.9981
vn -0.0202 -0.0580 -0.9981
vn 0.0187 -0.0175 -0.9997
vn 0.0004 -0.0100 -0.9999
vn -0.7390 -0.6738 0.0018
vn -0.5204 -0.4745 -0.7099
vn 0.0158 -0.7300 -0.6833
vn 0.0216 -0.9998 0.0019
vn 0.1312 -0.9914 -0.0000
vn -0.2506 -0.9681 0.0053
vn 0.1308 -0.9914 0.0000
vn -0.7868 -0.6107 0.0895
vn -0.4634 -0.5655 -0.6823
vn 0.0044 -0.7325 -0.6808
vn -0.1324 -0.9912 0.0000
vn -0.6177 -0.7855 -0.0380
vn -0.1170 -0.9931 -0.0002
vn -0.0956 0.1030 0.9901
vn 0.1151 -0.1240 0.9856
vn -0.1288 -0.9917 -0.0008
vn 0.0091 0.0702 0.9975
vn 0.0102 0.0694 0.9975
vn -0.6083 -0.7937 0.0018
vn -0.0337 -0.0310 0.9990
vn -0.0315 -0.0411 0.9987
vn -0.1288 -0.9917 -0.0024
vn -0.0167 -0.1286 0.9916
vn -0.0880 -0.0891 0.9921
vn -0.1044 -0.1371 -0.9850
vn -0.0037 -0.1442 -0.9895
vn -0.0586 -0.0862 -0.9946
vn -0.0116 -0.0872 -0.9961
vn -0.6102 -0.7923 0.0012
vn -0.4468 -0.5801 -0.6811
vn -0.1053 -0.7236 -0.6821
vn -0.1441 -0.9896 0.0013
vn -0.9967 0.0423 0.0687
vn 0.1327 -0.9912 -0.0001
vn -0.7925 -0.6099 -0.0001
vn 0.1316 -0.9913 -0.0001
vn -0.4887 -0.5217 -0.6993
vn -0.1061 -0.7237 -0.6819
vn -0.4613 -0.8865 -0.0358
vn -0.0603 -0.9982 0.0000
vn -0.2848 -0.9586 0.0010
vn 0.0862 -0.0508 0.9950
vn -0.2999 -0.9540 0.0000
vn 0.0211 0.0671 0.9975
vn 0.0207 0.0675 0.9975
vn -0.4616 -0.8871 0.0012
vn -0.0784 -0.1982 0.9770
vn -0.0928 -0.1784 0.9796
vn -0.2999 -0.9540 0.0013
vn 0.0497 -0.0825 0.9953
vn -0.1529 -0.0366 -0.9876
vn -0.1062 -0.1998 -0.9741
vn -0.0605 -0.1921 -0.9795
vn -0.4654 -0.8851 0.0000
vn -0.3289 -0.6255 -0.7075
vn -0.2143 -0.6987 -0.6825
vn -0.2156 -0.6980 -0.6829
vn -0.2952 -0.9554 0.0000
vn -0.0684 0.0966 0.9930
vn -0.2615 -0.6823 -0.6826
vn -0.1079 0.2423 0.9642
vn 0.2479 0.0960 -0.9640
vn -0.7929 -0.6093 -0.0001
vn 0.1302 -0.9915 -0.0000
vn 0.1327 -0.9912 0.0001
vn 0.1322 -0.9912 0.0000
vn -0.0852 -0.4501 0.8889
vn -0.2245 -0.4538 0.8624
vn -0.1765 -0.4547 0.8730
vn -0.1906 -0.4621 0.8661
vn -0.2643 -0.4332 0.8617
vn -0.1283 -0.4843 0.8655
vn -0.1908 -0.4627 -0.8658
vn -0.2701 -0.4247 -0.8641
vn -0.1616 -0.4793 -0.8627
vn -0.1959 -0.4463 -0.8732
vn -0.1189 -0.4928 -0.8620
vn 0.1309 -0.9914 -0.0001
vn -0.7927 -0.6096 0.0001
vn 0.1307 -0.9914 -0.0001
vn -0.7934 -0.6087 0.0000
vn 0.1323 -0.9912 -0.0001
vn 0.1317 -0.9913 0.0000
vn -0.7932 -0.6090 0.0000
vn 0.3651 0.9300 0.0425
vn 0.3562 0.9338 0.0347
vn 0.3562 0.9338 -0.0346
vn 0.3651 0.9300 -0.0424
vn 0.4246 0.9047 0.0357
vn 0.4337 0.9008 0.0223
vn 0.4247 0.9050 -0.0250
vn 0.2921 0.9558 0.0347
vn 0.2921 0.9557 -0.0352
vn 0.2916 0.9559 -0.0347
vn 0.4314 0.8961 0.1043
vn 0.4314 0.8961 0.1044
vn 0.3634 0.9258 0.1044
vn 0.4335 0.9004 -0.0357
vn 0.4314 0.8961 -0.1044
vn 0.3621 0.9263 -0.1044
vn 0.3633 0.9256 -0.1059
vn 0.3620 0.9261 0.1059
vn 0.2901 0.9511 0.1059
vn 0.2916 0.9559 0.0353
vn 0.2921 0.9505 -0.1059
vn 0.2902 0.9513 -0.1037
vn 0.5005 0.8650 0.0352
vn 0.5000 0.8653 0.0358
vn 0.5005 0.8650 -0.0357
vn 0.4976 0.8611 0.1042
vn 0.4975 0.8612 0.1043
vn 0.5000 0.8653 -0.0352
vn 0.4976 0.8611 -0.1043
vn 0.4314 0.8961 -0.1043
vn 0.2199 0.9749 0.0354
vn 0.2199 0.9749 -0.0350
vn 0.2202 0.9748 -0.0353
vn 0.4271 0.8874 0.1736
vn 0.4270 0.8874 0.1738
vn 0.3585 0.9172 0.1738
vn 0.4271 0.8873 -0.1740
vn 0.3594 0.9168 -0.1741
vn 0.3586 0.9173 -0.1730
vn 0.2922 0.9507 0.1036
vn 0.2191 0.9702 0.1036
vn 0.2202 0.9748 0.0350
vn 0.2179 0.9704 -0.1036
vn 0.2191 0.9700 -0.1050
vn 0.3595 0.9170 0.1728
vn 0.2894 0.9415 0.1727
vn 0.2886 0.9417 -0.1730
vn 0.2893 0.9413 -0.1737
vn 0.4926 0.8527 0.1736
vn 0.4927 0.8527 0.1736
vn 0.4975 0.8612 -0.1042
vn 0.4926 0.8527 -0.1739
vn 0.4269 0.8874 -0.1738
vn 0.5643 0.8248 0.0348
vn 0.5640 0.8250 0.0352
vn 0.5643 0.8248 -0.0352
vn 0.5612 0.8209 0.1052
vn 0.5620 0.8205 0.1042
vn 0.5640 0.8250 -0.0348
vn 0.5613 0.8210 -0.1042
vn 0.2886 0.9416 0.1735
vn 0.2158 0.9609 0.1734
vn 0.2179 0.9703 0.1050
vn 0.2158 0.9609 -0.1737
vn 0.2158 0.9609 -0.1736
vn 0.1448 0.9888 0.0351
vn 0.1448 0.9889 -0.0348
vn 0.1450 0.9888 -0.0350
vn 0.4208 0.8745 0.2411
vn 0.4205 0.8746 0.2413
vn 0.3542 0.9035 0.2413
vn 0.4208 0.8746 -0.2410
vn 0.3539 0.9037 -0.2409
vn 0.3542 0.9035 -0.2413
vn 0.3538 0.9035 0.2417
vn 0.2844 0.9277 0.2418
vn 0.2835 0.9281 -0.2414
vn 0.2843 0.9276 -0.2423
vn 0.1443 0.9840 0.1050
vn 0.1450 0.9888 0.0348
vn 0.1453 0.9838 -0.1050
vn 0.1443 0.9841 -0.1039
vn 0.5565 0.8125 0.1734
vn 0.5563 0.8126 0.1736
vn 0.5620 0.8204 -0.1052
vn 0.5565 0.8125 -0.1739
vn 0.4927 0.8527 -0.1739
vn 0.4854 0.8401 0.2421
vn 0.4864 0.8398 0.2411
vn 0.4856 0.8404 -0.2407
vn 0.4206 0.8747 -0.2407
vn 0.6250 0.7798 0.0345
vn 0.6248 0.7800 0.0348
vn 0.6250 0.7798 -0.0347
vn 0.2834 0.9278 0.2427
vn 0.2126 0.9465 0.2428
vn 0.2132 0.9465 -0.2424
vn 0.2126 0.9468 -0.2417
vn 0.1439 0.9743 0.1734
vn 0.1453 0.9839 0.1039
vn 0.1427 0.9744 -0.1737
vn 0.1439 0.9740 -0.1749
vn 0.6217 0.7761 0.1054
vn 0.6219 0.7760 0.1052
vn 0.6249 0.7800 -0.0345
vn 0.6218 0.7761 -0.1052
vn 0.5481 0.8007 0.2419
vn 0.5479 0.8007 0.2420
vn 0.5563 0.8126 -0.1736
vn 0.5482 0.8007 -0.2417
vn 0.4863 0.8397 -0.2417
vn 0.4120 0.8568 0.3101
vn 0.4130 0.8567 0.3092
vn 0.3468 0.8855 0.3092
vn 0.4121 0.8571 -0.3092
vn 0.3461 0.8858 -0.3092
vn 0.3467 0.8853 -0.3099
vn 0.6161 0.7687 0.1720
vn 0.6149 0.7693 0.1734
vn 0.6219 0.7760 -0.1054
vn 0.6159 0.7684 -0.1736
vn 0.0708 0.9969 0.0348
vn 0.0708 0.9968 -0.0360
vn 0.0696 0.9970 -0.0347
vn 0.3460 0.8856 0.3099
vn 0.2778 0.9093 0.3099
vn 0.2782 0.9092 -0.3099
vn 0.2778 0.9094 -0.3095
vn 0.0692 0.9922 0.1039
vn 0.0696 0.9969 0.0361
vn 0.0697 0.9921 -0.1039
vn 0.0692 0.9922 -0.1033
vn 0.2133 0.9465 0.2421
vn 0.1406 0.9600 0.2421
vn 0.1427 0.9742 0.1746
vn 0.1415 0.9600 -0.2417
vn 0.1407 0.9603 -0.2408
vn 0.4766 0.8230 0.3089
vn 0.4753 0.8233 0.3102
vn 0.4764 0.8227 -0.3102
vn 0.4128 0.8564 -0.3101
vn 0.2782 0.9093 0.3095
vn 0.2090 0.9277 0.3095
vn 0.2092 0.9276 -0.3095
vn 0.2090 0.9277 -0.3092
vn 0.0690 0.9822 0.1746
vn 0.0697 0.9922 0.1033
vn 0.0699 0.9821 -0.1749
vn 0.0690 0.9823 -0.1740
vn 0.6824 0.7301 0.0344
vn 0.6824 0.7302 0.0345
vn 0.6824 0.7301 -0.0344
vn 0.6056 0.7577 0.2430
vn 0.6067 0.7573 0.2419
vn 0.6150 0.7695 -0.1722
vn 0.6059 0.7580 -0.2415
vn 0.5480 0.8008 -0.2415
vn 0.5369 0.7846 0.3099
vn 0.5380 0.7843 0.3089
vn 0.5371 0.7849 -0.3089
vn 0.4755 0.8237 -0.3089
vn 0.6790 0.7266 0.1051
vn 0.6788 0.7267 0.1054
vn 0.6824 0.7302 -0.0344
vn 0.6790 0.7266 -0.1054
vn 0.2092 0.9277 0.3092
vn 0.1387 0.9408 0.3092
vn 0.1415 0.9601 0.2412
vn 0.1378 0.9410 -0.3091
vn 0.1387 0.9406 -0.3100
vn 0.6722 0.7197 0.1737
vn 0.6736 0.7188 0.1720
vn 0.6788 0.7268 -0.1051
vn 0.6724 0.7199 -0.1722
vn 0.4025 0.8350 0.3751
vn 0.4021 0.8351 0.3755
vn 0.3373 0.8632 0.3756
vn 0.4025 0.8349 -0.3755
vn 0.3376 0.8631 -0.3756
vn 0.3373 0.8634 -0.3752
vn 0.0689 0.9680 0.2412
vn 0.0700 0.9823 0.1737
vn 0.0673 0.9682 -0.2408
vn 0.0689 0.9677 -0.2425
vn 0.3377 0.8632 0.3752
vn 0.2712 0.8864 0.3752
vn 0.2715 0.8863 -0.3752
vn 0.2712 0.8865 -0.3749
vn -0.0058 0.9993 0.0361
vn -0.0058 0.9993 -0.0360
vn 0.4633 0.8025 0.3760
vn 0.4644 0.8023 0.3750
vn 0.4635 0.8028 -0.3750
vn 0.4022 0.8352 -0.3751
vn -0.0058 0.9946 0.1034
vn -0.0058 0.9946 -0.1034
vn 0.5945 0.7421 0.3097
vn 0.5943 0.7421 0.3099
vn 0.6066 0.7571 -0.2427
vn 0.5945 0.7420 -0.3099
vn 0.5378 0.7840 -0.3099
vn 0.2715 0.8864 0.3749
vn 0.2040 0.9044 0.3749
vn 0.2044 0.9043 -0.3749
vn 0.2040 0.9045 -0.3745
vn 0.6635 0.7081 0.2415
vn 0.6622 0.7088 0.2431
vn 0.6734 0.7185 -0.1740
vn 0.6633 0.7079 -0.2427
vn -0.0058 0.9848 0.1738
vn -0.0058 0.9847 -0.1740
vn -0.0058 0.9847 -0.1741
vn 0.5245 0.7646 0.3744
vn 0.5228 0.7651 0.3760
vn 0.5242 0.7641 -0.3760
vn 0.4642 0.8020 -0.3760
vn 0.1377 0.9407 0.3101
vn 0.0659 0.9484 0.3101
vn 0.0672 0.9677 0.2429
vn 0.0673 0.9483 -0.3101
vn 0.0659 0.9489 -0.3087
vn 0.7357 0.6764 0.0345
vn 0.7358 0.6763 0.0343
vn 0.7357 0.6764 -0.0343
vn 0.7323 0.6731 0.1032
vn 0.7310 0.6743 0.1052
vn 0.7358 0.6763 -0.0344
vn 0.7322 0.6730 -0.1052
vn 0.2044 0.9044 0.3745
vn 0.1343 0.9174 0.3746
vn 0.1336 0.9175 -0.3746
vn 0.1343 0.9171 -0.3753
vn -0.0057 0.9700 0.2429
vn -0.0058 0.9701 -0.2425
vn -0.0057 0.9701 -0.2426
vn 0.3901 0.8101 0.4376
vn 0.3889 0.8102 0.4386
vn 0.3274 0.8369 0.4386
vn 0.3899 0.8097 -0.4386
vn 0.3284 0.8365 -0.4386
vn 0.3275 0.8374 -0.4376
vn 0.7238 0.6677 0.1742
vn 0.7242 0.6674 0.1737
vn 0.7311 0.6744 -0.1032
vn 0.7238 0.6677 -0.1740
vn 0.3286 0.8370 0.4376
vn 0.2633 0.8597 0.4376
vn 0.2626 0.8600 -0.4376
vn 0.2632 0.8594 -0.4383
vn 0.6493 0.6950 0.3089
vn 0.6485 0.6954 0.3097
vn 0.6625 0.7092 -0.2411
vn 0.6491 0.6948 -0.3096
vn 0.5943 0.7422 -0.3097
vn 0.5793 0.7235 0.3755
vn 0.5805 0.7231 0.3744
vn 0.5796 0.7238 -0.3744
vn 0.5231 0.7656 -0.3744
vn 0.4503 0.7780 0.4381
vn 0.4509 0.7779 0.4377
vn 0.4504 0.7782 -0.4377
vn 0.3891 0.8106 -0.4376
vn -0.0810 0.9961 0.0361
vn -0.0810 0.9961 -0.0363
vn -0.0812 0.9960 -0.0360
vn 0.2625 0.8596 0.4383
vn 0.1981 0.8767 0.4384
vn 0.1975 0.8768 -0.4384
vn 0.1981 0.8764 -0.4390
vn -0.0808 0.9913 0.1034
vn -0.0812 0.9960 0.0363
vn -0.0814 0.9913 -0.1034
vn -0.0808 0.9913 -0.1040
vn 0.1336 0.9172 0.3753
vn 0.0656 0.9246 0.3752
vn 0.0674 0.9488 0.3087
vn 0.0647 0.9247 -0.3752
vn 0.0656 0.9243 -0.3761
vn 0.7133 0.6573 0.2432
vn 0.7148 0.6563 0.2414
vn 0.7241 0.6673 -0.1745
vn 0.7137 0.6577 -0.2411
vn 0.5071 0.7421 0.4384
vn 0.5075 0.7420 0.4381
vn 0.5072 0.7422 -0.4381
vn 0.4507 0.7777 -0.4381
vn -0.0057 0.9512 0.3086
vn -0.0058 0.9700 0.2430
vn -0.0059 0.9512 -0.3086
vn -0.0057 0.9511 -0.3088
vn -0.0806 0.9815 0.1738
vn -0.0814 0.9912 0.1040
vn -0.0801 0.9815 -0.1741
vn -0.0806 0.9815 -0.1736
vn 0.1974 0.8765 0.4390
vn 0.1295 0.8891 0.4390
vn 0.1310 0.8889 -0.4390
vn 0.1295 0.8897 -0.4377
vn 0.6321 0.6778 0.3756
vn 0.6322 0.6777 0.3755
vn 0.6487 0.6955 -0.3089
vn 0.6321 0.6778 -0.3755
vn 0.5802 0.7227 -0.3755
vn 0.7843 0.6194 0.0348
vn 0.7845 0.6192 0.0345
vn 0.7843 0.6194 -0.0345
vn 0.7806 0.6161 0.1052
vn 0.7819 0.6148 0.1032
vn 0.7845 0.6192 -0.0348
vn 0.7808 0.6162 -0.1032
vn -0.0789 0.9668 0.2429
vn -0.0801 0.9816 0.1733
vn -0.0789 0.9669 -0.2425
vn 0.7006 0.6433 0.3088
vn 0.7005 0.6433 0.3089
vn 0.7145 0.6561 -0.2429
vn 0.7006 0.6433 -0.3089
vn 0.5630 0.7013 0.4373
vn 0.5616 0.7017 0.4384
vn 0.5627 0.7008 -0.4384
vn 0.5074 0.7419 -0.4384
vn 0.3744 0.7799 0.5016
vn 0.3752 0.7799 0.5010
vn 0.3163 0.8056 0.5010
vn 0.3745 0.7802 -0.5010
vn 0.3163 0.8056 -0.5010
vn 0.3163 0.8056 -0.5009
vn 0.7743 0.6088 0.1725
vn 0.7730 0.6100 0.1743
vn 0.7818 0.6146 -0.1052
vn 0.7740 0.6086 -0.1745
vn 0.3163 0.8056 0.5009
vn 0.2527 0.8278 0.5009
vn 0.2528 0.8277 -0.5009
vn 0.2527 0.8278 -0.5009
vn 0.0647 0.9243 0.3761
vn -0.0057 0.9265 0.3762
vn -0.0059 0.9511 0.3088
vn -0.0044 0.9265 -0.3762
vn -0.0057 0.9270 -0.3750
vn 0.4340 0.7489 0.5008
vn 0.4329 0.7490 0.5016
vn 0.4338 0.7485 -0.5016
vn 0.3750 0.7796 -0.5016
vn 0.1311 0.8895 0.4377
vn 0.0627 0.8969 0.4377
vn 0.0620 0.8970 -0.4377
vn 0.0627 0.8966 -0.4384
vn 0.2528 0.8278 0.5009
vn 0.1902 0.8444 0.5009
vn 0.1904 0.8443 -0.5009
vn 0.1902 0.8445 -0.5007
vn -0.1577 0.9868 0.0364
vn -0.1577 0.9869 -0.0335
vn -0.1551 0.9872 -0.0363
vn -0.0773 0.9480 0.3088
vn -0.0789 0.9669 0.2428
vn -0.0777 0.9480 -0.3088
vn -0.0773 0.9479 -0.3091
vn 0.7617 0.6010 0.2422
vn 0.7608 0.6017 0.2432
vn 0.7732 0.6101 -0.1727
vn 0.7615 0.6009 -0.2428
vn -0.1544 0.9825 0.1041
vn -0.1551 0.9873 0.0335
vn -0.1555 0.9823 -0.1041
vn -0.1544 0.9824 -0.1053
vn 0.4886 0.7145 0.5008
vn 0.4886 0.7145 -0.5008
vn 0.4331 0.7494 -0.5007
vn 0.6132 0.6573 0.4382
vn 0.6142 0.6569 0.4373
vn 0.6322 0.6777 -0.3756
vn 0.6135 0.6576 -0.4373
vn 0.5620 0.7021 -0.4373
vn 0.6828 0.6271 0.3748
vn 0.6820 0.6276 0.3756
vn 0.7005 0.6434 -0.3088
vn 0.6826 0.6269 -0.3756
vn -0.1540 0.9728 0.1733
vn -0.1555 0.9822 0.1053
vn -0.1543 0.9727 -0.1736
vn -0.1540 0.9726 -0.1740
vn 0.1904 0.8444 0.5007
vn 0.1262 0.8564 0.5006
vn 0.1257 0.8565 -0.5006
vn 0.1262 0.8562 -0.5010
vn 0.5408 0.6757 0.5010
vn 0.5411 0.6756 0.5008
vn 0.5409 0.6758 -0.5008
vn 0.7459 0.5899 0.3093
vn 0.7464 0.5895 0.3088
vn 0.7611 0.6019 -0.2418
vn 0.7461 0.5900 -0.3088
vn 0.0619 0.8967 0.4384
vn -0.0043 0.8988 0.4384
vn -0.0044 0.9270 0.3750
vn -0.0044 0.8988 -0.4384
vn -0.0043 0.8987 -0.4385
vn -0.1520 0.9581 0.2428
vn -0.1543 0.9726 0.1737
vn -0.1519 0.9582 -0.2424
vn -0.1521 0.9582 -0.2423
vn 0.8289 0.5584 0.0352
vn 0.8291 0.5580 0.0348
vn 0.8289 0.5584 -0.0348
vn -0.0757 0.9240 0.3749
vn -0.0776 0.9478 0.3091
vn -0.0749 0.9240 -0.3749
vn -0.0757 0.9242 -0.3742
vn 0.8251 0.5554 0.1034
vn 0.8241 0.5566 0.1051
vn 0.8291 0.5580 -0.0352
vn 0.8250 0.5553 -0.1051
vn 0.3593 0.7469 0.5596
vn 0.3608 0.7469 0.5585
vn 0.3032 0.7720 0.5586
vn 0.3596 0.7475 -0.5586
vn 0.3011 0.7729 -0.5586
vn 0.3028 0.7711 -0.5602
vn 0.1257 0.8563 0.5010
vn 0.0596 0.8634 0.5010
vn 0.0605 0.8633 -0.5011
vn 0.0597 0.8638 -0.5004
vn 0.3007 0.7718 0.5602
vn 0.2419 0.7923 0.5602
vn 0.2432 0.7919 -0.5602
vn 0.2421 0.7929 -0.5592
vn 0.8159 0.5511 0.1749
vn 0.8176 0.5494 0.1725
vn 0.8242 0.5568 -0.1034
vn 0.8162 0.5513 -0.1727
vn 0.4149 0.7180 0.5589
vn 0.4139 0.7180 0.5596
vn 0.4147 0.7176 -0.5596
vn 0.3605 0.7463 -0.5596
vn 0.6614 0.6086 0.4384
vn 0.6616 0.6085 0.4382
vn 0.6822 0.6278 -0.3747
vn 0.6614 0.6087 -0.4382
vn 0.6139 0.6566 -0.4382
vn 0.2434 0.7925 0.5592
vn 0.1824 0.8087 0.5592
vn 0.1825 0.8087 -0.5592
vn 0.1824 0.8088 -0.5591
vn -0.1489 0.9393 0.3092
vn -0.1519 0.9581 0.2426
vn -0.1480 0.9394 -0.3092
vn -0.1490 0.9396 -0.3083
vn 0.5911 0.6323 0.5008
vn 0.5909 0.6323 0.5010
vn 0.5911 0.6322 -0.5010
vn 0.5410 0.6755 -0.5010
vn 0.7273 0.5744 0.3755
vn 0.7281 0.5740 0.3748
vn 0.7463 0.5894 -0.3093
vn 0.7276 0.5746 -0.3748
vn 0.4679 0.6841 0.5595
vn 0.4689 0.6840 0.5589
vn 0.4681 0.6845 -0.5589
vn 0.4141 0.7184 -0.5589
vn 0.8055 0.5413 0.2413
vn 0.8048 0.5419 0.2422
vn 0.8172 0.5491 -0.1752
vn 0.8054 0.5412 -0.2418
vn -0.2298 0.9727 0.0335
vn -0.2298 0.9726 -0.0342
vn -0.2304 0.9725 -0.0335
vn -0.2293 0.9676 0.1053
vn -0.2304 0.9725 0.0342
vn -0.2295 0.9676 -0.1053
vn -0.2293 0.9676 -0.1055
vn 0.1825 0.8088 0.5591
vn 0.1204 0.8203 0.5591
vn 0.1202 0.8204 -0.5591
vn 0.1204 0.8202 -0.5593
vn -0.0044 0.8987 0.4385
vn -0.0726 0.8957 0.4386
vn -0.0749 0.9243 0.3742
vn -0.0737 0.8957 -0.4386
vn -0.0726 0.8953 -0.4395
vn 0.0605 0.8637 0.5003
vn -0.0043 0.8658 0.5003
vn -0.0044 0.8658 -0.5003
vn -0.0043 0.8658 -0.5004
vn -0.2273 0.9582 0.1736
vn -0.2295 0.9676 0.1056
vn -0.2275 0.9581 -0.1739
vn -0.2273 0.9581 -0.1741
vn 0.5181 0.6470 0.5594
vn 0.5179 0.6470 0.5596
vn 0.5181 0.6469 -0.5596
vn 0.4686 0.6836 -0.5596
vn 0.7888 0.5311 0.3093
vn 0.7887 0.5312 0.3094
vn 0.8051 0.5421 -0.2409
vn 0.7888 0.5311 -0.3094
vn -0.1443 0.9160 0.3742
vn -0.1481 0.9397 0.3083
vn -0.1455 0.9159 -0.3742
vn -0.1443 0.9156 -0.3753
vn -0.2241 0.9439 0.2426
vn -0.2275 0.9581 0.1738
vn -0.2236 0.9441 -0.2423
vn -0.2242 0.9441 -0.2417
vn 0.6372 0.5862 0.5003
vn 0.6366 0.5864 0.5008
vn 0.6615 0.6085 -0.4384
vn 0.6370 0.5860 -0.5008
vn 0.5910 0.6324 -0.5008
vn 0.1201 0.8202 0.5593
vn 0.0580 0.8270 0.5592
vn 0.0579 0.8270 -0.5592
vn 0.0580 0.8270 -0.5593
vn 0.7060 0.5566 0.4380
vn 0.7056 0.5568 0.4384
vn 0.7278 0.5738 -0.3755
vn 0.7059 0.5564 -0.4384
vn 0.8686 0.4943 0.0358
vn 0.8689 0.4938 0.0352
vn 0.8686 0.4943 -0.0352
vn 0.8647 0.4915 0.1036
vn 0.8648 0.4913 0.1033
vn 0.8688 0.4938 -0.0357
vn 0.8647 0.4915 -0.1033
vn 0.3429 0.7099 0.6152
vn 0.3415 0.7098 0.6160
vn 0.2860 0.7340 0.6160
vn 0.3424 0.7088 -0.6168
vn 0.2869 0.7329 -0.6168
vn 0.2860 0.7340 -0.6160
vn 0.2874 0.7341 0.6152
vn 0.2314 0.7536 0.6152
vn 0.2307 0.7532 -0.6160
vn 0.2312 0.7528 -0.6163
vn 0.3934 0.6824 0.6160
vn 0.3948 0.6824 0.6152
vn 0.3934 0.6825 -0.6160
vn 0.3415 0.7099 -0.6159
vn 0.5657 0.6053 0.5600
vn 0.5665 0.6051 0.5594
vn 0.5660 0.6056 -0.5594
vn 0.5180 0.6471 -0.5594
vn 0.8561 0.4863 0.1749
vn 0.8648 0.4913 -0.1036
vn 0.8561 0.4863 -0.1752
vn 0.7687 0.5177 0.3757
vn 0.7689 0.5175 0.3754
vn 0.7888 0.5312 -0.3093
vn 0.7688 0.5177 -0.3754
vn 0.2308 0.7535 0.6156
vn 0.1735 0.7687 0.6156
vn 0.1727 0.7683 -0.6163
vn 0.1733 0.7678 -0.6168
vn -0.2192 0.9256 0.3084
vn -0.2236 0.9441 0.2421
vn -0.2197 0.9255 -0.3084
vn -0.2192 0.9255 -0.3088
vn -0.0044 0.8658 0.5004
vn -0.0710 0.8629 0.5004
vn -0.0736 0.8952 0.4395
vn -0.0709 0.8629 -0.5004
vn -0.0710 0.8629 -0.5004
vn 0.4456 0.6500 0.6156
vn 0.4448 0.6501 0.6161
vn 0.4450 0.6492 -0.6168
vn 0.3942 0.6813 -0.6168
vn -0.1410 0.8871 0.4395
vn -0.1455 0.9154 0.3753
vn -0.1398 0.8873 -0.4395
vn -0.1410 0.8876 -0.4385
vn 0.8437 0.4793 0.2417
vn 0.8440 0.4790 0.2413
vn 0.8439 0.4794 -0.2409
vn 0.0579 0.8270 0.5593
vn -0.0043 0.8289 0.5593
vn -0.0044 0.8289 -0.5593
vn -0.0043 0.8288 -0.5595
vn 0.1728 0.7685 0.6160
vn 0.1142 0.7794 0.6160
vn 0.1147 0.7787 -0.6168
vn 0.1141 0.7791 -0.6164
vn -0.3039 0.9521 0.0343
vn -0.3039 0.9521 -0.0347
vn -0.3043 0.9520 -0.0342
vn -0.3028 0.9472 0.1055
vn -0.3043 0.9520 0.0347
vn -0.3022 0.9474 -0.1055
vn -0.3028 0.9473 -0.1049
vn 0.6793 0.5360 0.5013
vn 0.6804 0.5355 0.5003
vn 0.7057 0.5569 -0.4380
vn 0.6797 0.5364 -0.5003
vn 0.6368 0.5866 -0.5003
vn 0.4923 0.6150 0.6159
vn 0.4928 0.6149 0.6156
vn 0.4921 0.6148 -0.6164
vn 0.4447 0.6499 -0.6164
vn -0.2140 0.9019 0.3753
vn -0.2196 0.9254 0.3088
vn -0.2144 0.9018 -0.3753
vn -0.2140 0.9017 -0.3756
vn 0.6095 0.5615 0.5597
vn 0.6091 0.5616 0.5600
vn 0.6094 0.5613 -0.5600
vn 0.5663 0.6048 -0.5600
vn -0.2993 0.9382 0.1739
vn -0.3023 0.9474 0.1049
vn -0.2987 0.9383 -0.1741
vn -0.2993 0.9382 -0.1735
vn 0.8272 0.4694 0.3089
vn 0.8268 0.4698 0.3093
vn 0.8440 0.4790 -0.2413
vn 0.8271 0.4693 -0.3093
vn 0.7456 0.5018 0.4385
vn 0.7462 0.5014 0.4379
vn 0.7688 0.5174 -0.3757
vn 0.7458 0.5020 -0.4379
vn 0.1148 0.7796 0.6156
vn 0.0550 0.7861 0.6157
vn 0.0550 0.7855 -0.6164
vn -0.2943 0.9246 0.2420
vn -0.2987 0.9385 0.1732
vn -0.2937 0.9248 -0.2417
vn -0.2944 0.9248 -0.2410
vn -0.0709 0.8629 0.5004
vn -0.1347 0.8552 0.5004
vn -0.1399 0.8878 0.4385
vn -0.1344 0.8553 -0.5004
vn -0.1348 0.8554 -0.5002
vn -0.0044 0.8288 0.5595
vn -0.0679 0.8261 0.5594
vn -0.0682 0.8261 -0.5594
vn -0.0679 0.8259 -0.5597
vn 0.5386 0.5753 0.6156
vn 0.5382 0.5754 0.6159
vn 0.5381 0.5747 -0.6166
vn 0.4923 0.6143 -0.6167
vn 0.3220 0.6693 0.6696
vn 0.2707 0.6916 0.6696
vn 0.3518 0.7313 -0.5842
vn 0.2980 0.7613 -0.5758
vn 0.9037 0.4266 0.0358
vn 0.9038 0.4265 0.0357
vn 0.9038 0.4266 -0.0357
vn 0.2091 0.6825 0.7003
vn 0.2434 0.7642 -0.5973
vn 0.2364 0.7718 -0.5903
vn 0.8995 0.4245 0.1038
vn 0.8996 0.4243 0.1036
vn 0.9038 0.4265 -0.0358
vn 0.8995 0.4245 -0.1036
vn 0.8058 0.4578 0.3756
vn 0.8057 0.4579 0.3757
vn 0.8270 0.4698 -0.3089
vn 0.8058 0.4578 -0.3757
vn 0.3404 0.6433 0.6858
vn 0.3719 0.6427 0.6698
vn 0.4088 0.7065 -0.5778
vn 0.3659 0.7126 -0.5985
vn -0.2079 0.8744 0.4385
vn -0.2144 0.9016 0.3756
vn -0.2079 0.8744 -0.4385
vn 0.2442 0.7019 0.6692
vn 0.1628 0.7243 0.6700
vn 0.1793 0.7978 -0.5757
vn -0.2878 0.9065 0.3089
vn -0.2937 0.9249 0.2413
vn -0.2884 0.9063 -0.3089
vn -0.2878 0.9063 -0.3095
vn 0.8904 0.4200 0.1752
vn 0.8906 0.4198 0.1749
vn 0.8995 0.4243 -0.1038
vn 0.8904 0.4200 -0.1752
vn 0.0551 0.7861 0.6156
vn -0.0042 0.7880 0.6156
vn -0.0045 0.7875 -0.6164
vn -0.0042 0.7873 -0.6165
vn 0.6518 0.5130 0.5585
vn 0.6503 0.5137 0.5597
vn 0.6800 0.5351 -0.5013
vn 0.6513 0.5125 -0.5596
vn 0.6092 0.5618 -0.5596
vn 0.4424 0.5973 0.6690
vn 0.4032 0.5894 0.7000
vn 0.4195 0.6131 -0.6694
vn 0.5680 0.5870 -0.5770
vn 0.7184 0.4827 0.5009
vn 0.7179 0.4830 0.5013
vn 0.7460 0.5012 -0.4385
vn 0.7182 0.4826 -0.5013
vn 0.1334 0.7156 0.6856
vn 0.1082 0.7349 0.6695
vn 0.1158 0.7955 -0.5948
vn 0.1170 0.7945 -0.5959
vn 0.8778 0.4138 0.2415
vn 0.8776 0.4139 0.2417
vn 0.8905 0.4198 -0.1755
vn 0.8778 0.4138 -0.2413
vn 0.5791 0.5340 0.6161
vn 0.5799 0.5337 0.6155
vn 0.5789 0.5338 -0.6163
vn 0.5379 0.5752 -0.6163
vn 0.4646 0.5797 0.6694
vn 0.4646 0.5797 -0.6694
vn 0.7813 0.4440 0.4387
vn 0.7815 0.4438 0.4385
vn 0.8057 0.4579 -0.3756
vn 0.7814 0.4441 -0.4385
vn -0.2811 0.8831 0.3756
vn -0.2884 0.9061 0.3095
vn -0.2803 0.8834 -0.3756
vn -0.2812 0.8834 -0.3749
vn -0.3744 0.9266 0.0347
vn -0.3744 0.9266 -0.0343
vn -0.3742 0.9267 -0.0346
vn -0.0682 0.8259 0.5597
vn -0.1287 0.8187 0.5596
vn -0.1344 0.8554 0.5002
vn -0.1290 0.8186 -0.5596
vn -0.1286 0.8185 -0.5599
vn -0.3723 0.9221 0.1050
vn -0.3742 0.9267 0.0344
vn -0.3723 0.9221 -0.1050
vn -0.2003 0.8424 0.5002
vn -0.2010 0.8423 -0.5002
vn -0.2002 0.8421 -0.5007
vn 0.8603 0.4058 0.3087
vn 0.8602 0.4059 0.3088
vn 0.8778 0.4140 -0.2411
vn 0.8602 0.4057 -0.3088
vn 0.0519 0.7410 0.6695
vn 0.0572 0.8160 -0.5752
vn -0.0045 0.7879 0.6158
vn -0.0649 0.7853 0.6157
vn -0.0640 0.7847 -0.6165
vn -0.0648 0.7851 -0.6160
vn -0.3688 0.9132 0.1733
vn -0.3685 0.9133 -0.1735
vn -0.3687 0.9132 -0.1733
vn 0.5276 0.5239 0.6687
vn 0.4882 0.5220 0.6994
vn 0.4876 0.5213 -0.7003
vn -0.3631 0.8999 0.2413
vn -0.3686 0.9134 0.1730
vn -0.3637 0.8998 -0.2409
vn -0.3631 0.8999 -0.2415
vn 0.6881 0.4630 0.5587
vn 0.6884 0.4629 0.5585
vn 0.7181 0.4832 -0.5009
vn 0.6882 0.4631 -0.5585
vn 0.6509 0.5142 -0.5585
vn -0.2718 0.8567 0.4385
vn -0.2804 0.8837 0.3749
vn -0.2727 0.8564 -0.4385
vn -0.2717 0.8563 -0.4393
vn 0.6181 0.4883 0.6160
vn 0.6179 0.4884 0.6161
vn 0.6176 0.4879 -0.6169
vn 0.5791 0.5330 -0.6168
vn -0.0444 -0.0864 -0.9953
vn 0.8379 0.3954 0.3762
vn 0.8384 0.3950 0.3757
vn 0.8602 0.4059 -0.3087
vn 0.8381 0.3955 -0.3757
vn -0.0295 -0.0925 -0.9953
vn -0.0361 -0.0875 -0.9955
vn 0.0235 0.7277 0.6854
vn -0.0042 0.7429 0.6694
vn -0.0179 0.8068 -0.5905
vn -0.0045 0.7974 -0.6035
vn 0.7531 0.4277 0.5000
vn 0.7520 0.4284 0.5009
vn 0.7814 0.4438 -0.4387
vn 0.7526 0.4274 -0.5009
vn -0.0477 -0.0820 -0.9955
vn 0.1660 -0.1705 -0.9713
vn 0.9340 0.3557 0.0347
vn 0.9336 0.3566 0.0358
vn 0.9339 0.3557 -0.0358
vn -0.0240 -0.0918 -0.9955
vn 0.9291 0.3549 0.1045
vn 0.9293 0.3543 0.1038
vn 0.9336 0.3566 -0.0346
vn 0.9291 0.3549 -0.1038
vn -0.3564 0.8816 0.3095
vn -0.3636 0.8996 0.2419
vn -0.3559 0.8818 -0.3095
vn -0.3564 0.8817 -0.3090
vn 0.9203 0.3509 0.1731
vn 0.9192 0.3526 0.1752
vn 0.9293 0.3543 -0.1045
vn 0.9199 0.3507 -0.1754
vn -0.1290 0.8185 0.5599
vn -0.1923 0.8060 0.5599
vn -0.2009 0.8420 0.5007
vn -0.1915 0.8061 -0.5599
vn -0.1924 0.8063 -0.5593
vn 0.5469 0.5033 0.6691
vn 0.5851 0.5385 -0.6064
vn 0.4627 0.7453 -0.4801
vn -0.0641 0.7857 0.6152
vn -0.1227 0.7787 0.6152
vn -0.1235 0.7780 -0.6160
vn -0.1226 0.7777 -0.6166
vn -0.0139 -0.0958 -0.9953
vn 0.8134 0.3832 0.4376
vn 0.8124 0.3841 0.4387
vn 0.8382 0.3949 -0.3762
vn 0.8129 0.3830 -0.4387
vn 0.9060 0.3475 0.2418
vn 0.9061 0.3473 0.2415
vn 0.9195 0.3527 -0.1734
vn 0.9061 0.3475 -0.2412
vn -0.1127 0.1157 -0.9869
vn -0.2626 0.8248 0.5007
vn -0.2726 0.8560 0.4393
vn -0.2617 0.8251 -0.5007
vn -0.2628 0.8252 -0.4999
vn -0.3470 0.8597 0.3749
vn -0.3560 0.8819 0.3090
vn -0.3481 0.8593 -0.3748
vn -0.3469 0.8593 -0.3759
vn -0.0604 0.7404 0.6694
vn -0.2318 0.8392 -0.4919
vn -0.0581 0.7118 -0.7000
vn 0.1721 -0.0190 -0.9849
vn 0.6536 0.4395 0.6162
vn 0.6538 0.4394 0.6160
vn 0.6883 0.4628 -0.5587
vn 0.6532 0.4392 -0.6168
vn 0.6175 0.4881 -0.6168
vn 0.7201 0.4103 0.5595
vn 0.7212 0.4096 0.5587
vn 0.7525 0.4287 -0.5000
vn 0.7206 0.4106 -0.5587
vn -0.4429 0.8959 0.0344
vn -0.4429 0.8959 -0.0350
vn -0.4435 0.8956 -0.0343
vn 0.8881 0.3404 0.3089
vn 0.8883 0.3401 0.3086
vn 0.9062 0.3473 -0.2414
vn 0.8882 0.3404 -0.3086
vn -0.4413 0.8912 0.1051
vn -0.4435 0.8956 0.0351
vn -0.4413 0.8912 -0.1051
vn -0.4413 0.8912 -0.1050
vn -0.1740 0.1390 -0.9749
vn 0.5831 0.4608 0.6691
vn 0.6414 0.5069 -0.5759
vn 0.5828 0.5604 -0.5885
vn -0.4370 0.8827 0.1730
vn -0.4413 0.8912 0.1050
vn -0.4370 0.8826 -0.1733
vn -0.4370 0.8826 -0.1732
vn -0.3373 0.8326 0.4393
vn -0.3479 0.8588 0.3759
vn -0.3357 0.8332 -0.4394
vn -0.3376 0.8333 -0.4378
vn 0.7826 0.3700 0.5006
vn 0.7833 0.3695 0.5000
vn 0.8129 0.3843 -0.4376
vn 0.7829 0.3702 -0.5000
vn -0.1235 0.7782 0.6158
vn -0.1821 0.7666 0.6158
vn -0.1916 0.8065 0.5593
vn -0.1818 0.7660 -0.6165
vn -0.1820 0.7661 -0.6164
vn -0.4305 0.8696 0.2419
vn -0.4370 0.8827 0.1729
vn -0.4310 0.8694 -0.2415
vn -0.4305 0.8695 -0.2421
vn 0.8655 0.3314 0.3756
vn 0.8650 0.3319 0.3763
vn 0.8882 0.3400 -0.3089
vn 0.8653 0.3313 -0.3763
vn -0.2506 0.7902 0.5593
vn -0.2619 0.8255 0.4999
vn -0.2505 0.7902 -0.5593
vn -0.2507 0.7902 -0.5592
vn -0.0865 0.7230 0.6854
vn -0.1165 0.7339 0.6692
vn -0.1165 0.7339 -0.6692
vn 0.1392 -0.1112 -0.9840
vn -0.0695 -0.0668 -0.9953
vn -0.4225 0.8521 0.3090
vn -0.4309 0.8692 0.2425
vn -0.4230 0.8518 -0.3090
vn -0.4224 0.8519 -0.3096
vn 0.9575 0.2864 0.0358
vn 0.9578 0.2854 0.0347
vn 0.9575 0.2864 -0.0347
vn 0.9531 0.2840 0.1047
vn 0.9532 0.2838 0.1044
vn 0.9577 0.2854 -0.0357
vn 0.9531 0.2841 -0.1044
vn 0.6853 0.3892 0.6155
vn 0.6844 0.3898 0.6162
vn 0.7207 0.4093 -0.5595
vn 0.6844 0.3886 -0.6169
vn 0.6532 0.4390 -0.6169
vn 0.5924 0.3985 0.7002
vn 0.5929 0.3984 0.6998
vn 0.6644 0.4465 -0.5994
vn -0.3236 0.8033 0.4999
vn -0.3359 0.8340 0.4378
vn -0.3252 0.8027 -0.4999
vn -0.3233 0.8026 -0.5013
vn 0.9440 0.2810 0.1731
vn 0.9439 0.2811 0.1732
vn 0.9532 0.2838 -0.1047
vn 0.9439 0.2810 -0.1735
vn 0.8393 0.3220 0.4380
vn 0.8397 0.3217 0.4376
vn 0.8653 0.3320 -0.3756
vn 0.8395 0.3221 -0.4376
vn -0.2846 -0.1426 -0.9480
vn -0.1910 -0.1285 -0.9732
vn 0.7495 0.3535 0.5597
vn 0.7497 0.3533 0.5595
vn 0.7829 0.3693 -0.5006
vn 0.7496 0.3536 -0.5595
vn -0.4121 0.8300 0.3759
vn -0.4229 0.8516 0.3096
vn -0.4115 0.8303 -0.3759
vn -0.4123 0.8302 -0.3752
vn 0.9298 0.2769 0.2423
vn 0.9301 0.2764 0.2417
vn 0.9439 0.2811 -0.1734
vn 0.9301 0.2770 -0.2414
vn -0.1820 0.7667 0.6157
vn -0.2382 0.7511 0.6157
vn -0.2506 0.7902 0.5592
vn -0.2383 0.7505 -0.6164
vn -0.2379 0.7504 -0.6166
vn -0.1716 0.7230 0.6692
vn -0.1994 0.7166 -0.6684
vn -0.1649 0.6946 -0.7002
vn 0.9116 0.2709 0.3092
vn 0.9117 0.2707 0.3090
vn 0.9301 0.2764 -0.2420
vn 0.9117 0.2709 -0.3090
vn 0.8080 0.3096 0.5013
vn 0.8086 0.3090 0.5007
vn 0.8395 0.3216 -0.4380
vn 0.8083 0.3097 -0.5007
vn -0.5099 0.8595 0.0350
vn -0.5099 0.8595 -0.0360
vn -0.5108 0.8590 -0.0349
vn -0.5082 0.8548 0.1050
vn -0.5107 0.8590 0.0360
vn -0.5076 0.8552 -0.1050
vn -0.5083 0.8549 -0.1042
vn -0.3992 0.8056 0.4378
vn -0.4116 0.8305 0.3752
vn -0.3991 0.8056 -0.4379
vn -0.3992 0.8056 -0.4378
vn -0.3113 0.7683 0.5592
vn -0.3249 0.8019 0.5013
vn -0.3115 0.7683 -0.5592
vn -0.3113 0.7683 -0.5594
vn -0.5027 0.8470 0.1730
vn -0.5076 0.8553 0.1042
vn -0.5029 0.8468 -0.1732
vn -0.5027 0.8469 -0.1734
vn 0.6451 0.3674 0.6699
vn 0.6843 0.3898 -0.6163
vn 0.7107 0.4048 -0.5754
vn 0.6644 0.4548 -0.5930
vn 0.8886 0.2639 0.3752
vn 0.8883 0.2643 0.3756
vn 0.9117 0.2707 -0.3092
vn 0.8884 0.2638 -0.3756
vn 0.7127 0.3359 0.6158
vn 0.7131 0.3356 0.6155
vn 0.7496 0.3533 -0.5597
vn 0.7124 0.3357 -0.6163
vn -0.4953 0.8342 0.2425
vn -0.5029 0.8468 0.1732
vn -0.4953 0.8343 -0.2421
vn -0.4954 0.8343 -0.2420
vn -0.0769 -0.0563 -0.9954
vn -0.0800 -0.0547 -0.9953
vn -0.3841 0.7753 0.5013
vn -0.3991 0.8056 0.4378
vn -0.3840 0.7754 -0.5013
vn -0.3842 0.7754 -0.5012
vn -0.4854 0.8176 0.3096
vn -0.4953 0.8342 0.2424
vn -0.4851 0.8178 -0.3096
vn -0.4855 0.8177 -0.3092
vn 0.7745 0.2959 0.5592
vn 0.7738 0.2965 0.5597
vn 0.8083 0.3088 -0.5013
vn 0.7741 0.2958 -0.5597
vn -0.1952 0.7015 0.6854
vn -0.2246 0.7074 0.6702
vn -0.2384 0.7509 0.6159
vn -0.2246 0.7074 -0.6702
vn 0.8616 0.2564 0.4381
vn 0.8617 0.2563 0.4380
vn 0.8885 0.2643 -0.3752
vn 0.8616 0.2564 -0.4380
vn 0.9769 0.2110 0.0347
vn 0.9766 0.2119 0.0357
vn 0.9768 0.2110 -0.0357
vn 0.9720 0.2109 0.1035
vn 0.9716 0.2120 0.1048
vn 0.9767 0.2119 -0.0347
vn 0.9719 0.2108 -0.1048
vn -0.2960 0.7301 0.6159
vn -0.3114 0.7682 0.5594
vn -0.2957 0.7296 -0.6167
vn -0.2958 0.7296 -0.6166
vn 0.9619 0.2099 0.1749
vn 0.9626 0.2083 0.1730
vn 0.9718 0.2121 -0.1035
vn 0.9622 0.2100 -0.1733
vn -0.4729 0.7972 0.3753
vn -0.4852 0.8179 0.3092
vn -0.4728 0.7973 -0.3753
vn -0.4729 0.7972 -0.3752
vn 0.9484 0.2052 0.2418
vn 0.9481 0.2057 0.2424
vn 0.9623 0.2082 -0.1752
vn 0.9483 0.2052 -0.2420
vn 0.6717 0.3162 0.6699
vn 0.7123 0.3353 -0.6165
vn 0.7285 0.3429 -0.5931
vn -0.3679 0.7428 0.5593
vn -0.3840 0.7755 0.5012
vn -0.3677 0.7429 -0.5593
vn -0.3679 0.7429 -0.5592
vn 0.8293 0.2467 0.5015
vn 0.8294 0.2465 0.5013
vn 0.8616 0.2563 -0.4381
vn 0.8294 0.2467 -0.5013
vn 0.7353 0.2817 0.6164
vn 0.7361 0.2811 0.6158
vn 0.7742 0.2966 -0.5591
vn 0.7352 0.2817 -0.6166
vn 0.9296 0.2017 0.3084
vn 0.9293 0.2023 0.3091
vn 0.9484 0.2057 -0.2415
vn 0.9294 0.2016 -0.3091
vn -0.4586 0.7734 0.4377
vn -0.4728 0.7973 0.3752
vn -0.4589 0.7732 -0.4377
vn -0.4585 0.7732 -0.4380
vn -0.1792 -0.6852 0.7060
vn -0.2704 -0.6546 0.7059
vn -0.2912 -0.6201 0.7285
vn -0.3567 -0.6123 0.7056
vn -0.2701 -0.6540 -0.7067
vn -0.1790 -0.6845 -0.7067
vn -0.3562 -0.6115 -0.7065
vn -0.2699 -0.6542 -0.7065
vn -0.5739 0.8182 0.0361
vn -0.5739 0.8182 -0.0344
vn -0.5726 0.8190 -0.0361
vn -0.5699 0.8151 0.1042
vn -0.5726 0.8191 0.0344
vn -0.5706 0.8146 -0.1042
vn -0.5698 0.8150 -0.1052
vn -0.2788 0.6879 0.6701
vn -0.2959 0.7302 0.6159
vn -0.1434 0.7319 -0.6661
vn -0.3053 0.7533 -0.5825
vn -0.5651 0.8067 0.1732
vn -0.5706 0.8145 0.1052
vn -0.5650 0.8067 -0.1734
vn -0.5651 0.8066 -0.1733
vn 0.9056 0.1971 0.3756
vn 0.9058 0.1967 0.3752
vn 0.9295 0.2023 -0.3084
vn 0.9057 0.1971 -0.3752
vn -0.0832 -0.7036 0.7057
vn -0.1798 -0.6854 0.7056
vn -0.3935 -0.5678 0.7230
vn -0.8976 -0.2956 0.3270
vn -0.1390 -0.6683 -0.7308
vn 0.4701 -0.8369 -0.2805
vn -0.9239 -0.2609 -0.2798
vn -0.3734 -0.5714 -0.7308
vn 0.7946 0.2361 0.5594
vn 0.7949 0.2358 0.5591
vn 0.8293 0.2464 -0.5015
vn 0.7947 0.2362 -0.5591
vn -0.5565 0.7947 0.2424
vn -0.5650 0.8067 0.1731
vn -0.5566 0.7947 -0.2420
vn -0.5566 0.7947 -0.2421
vn -0.4416 0.7441 0.5012
vn -0.4588 0.7731 0.4380
vn -0.4415 0.7442 -0.5012
vn -0.4417 0.7442 -0.5011
vn -0.3495 0.7061 0.6158
vn -0.3678 0.7430 0.5592
vn -0.3497 0.7054 -0.6166
vn -0.3492 0.7053 -0.6169
vn 0.7280 0.3384 -0.5962
vn -0.0833 -0.0452 -0.9955
vn -0.0881 -0.0410 -0.9953
vn 0.8782 0.1907 0.4386
vn 0.8786 0.1902 0.4380
vn 0.9057 0.1967 -0.3756
vn 0.8785 0.1908 -0.4380
vn -0.5456 0.7790 0.3092
vn -0.5566 0.7947 0.2424
vn -0.5460 0.7787 -0.3092
vn -0.5455 0.7788 -0.3097
vn 0.6669 0.2550 0.7001
vn 0.6673 0.2548 0.6998
vn 0.7351 0.2807 -0.6172
vn 0.7641 0.2918 -0.5753
vn 0.0129 -0.7087 0.7054
vn 0.0120 -0.7081 0.7060
vn -0.0829 -0.7034 0.7059
vn -0.6895 -0.7222 0.0550
vn -0.1338 -0.7829 0.6076
vn -0.0219 -0.9988 -0.0437
vn -0.5452 -0.6170 -0.5675
vn -0.0489 -0.8211 -0.5687
vn -0.6899 -0.7226 -0.0435
vn 0.9899 0.1375 0.0346
vn 0.9899 0.1377 0.0348
vn 0.9899 0.1375 -0.0348
vn 0.9851 0.1370 0.1039
vn 0.9852 0.1366 0.1034
vn 0.9899 0.1377 -0.0346
vn 0.9852 0.1370 -0.1034
vn -0.5321 0.7590 0.3752
vn -0.5459 0.7785 0.3097
vn -0.5317 0.7593 -0.3752
vn -0.5323 0.7592 -0.3747
vn -0.4230 0.7130 0.5592
vn -0.4415 0.7443 0.5011
vn -0.4233 0.7129 -0.5592
vn -0.4229 0.7129 -0.5594
vn 0.7554 0.2241 0.6158
vn 0.7547 0.2248 0.6164
vn 0.7947 0.2357 -0.5594
vn 0.7544 0.2238 -0.6171
vn 0.9753 0.1352 0.1745
vn 0.9752 0.1356 0.1749
vn 0.9852 0.1366 -0.1039
vn 0.9752 0.1352 -0.1751
vn -0.2977 0.6644 0.6855
vn 0.2051 0.0621 -0.9768
vn 0.8464 0.1832 0.5000
vn 0.8452 0.1847 0.5015
vn 0.8784 0.1901 -0.4386
vn 0.8456 0.1830 -0.5014
vn 0.9613 0.1336 0.2411
vn 0.9610 0.1344 0.2418
vn 0.9752 0.1356 -0.1747
vn 0.9612 0.1336 -0.2415
vn -0.3302 0.6660 0.6690
vn -0.3499 0.7057 0.6162
vn -0.3629 0.7319 -0.5767
vn -0.4251 -0.9051 0.0000
vn -0.3814 -0.9244 -0.0041
vn -0.5156 0.7364 0.4380
vn -0.5318 0.7595 0.3746
vn -0.5155 0.7365 -0.4380
vn -0.5156 0.7364 -0.4379
vn 0.9417 0.1317 0.3097
vn 0.9423 0.1304 0.3085
vn 0.9613 0.1344 -0.2407
vn 0.9421 0.1317 -0.3085
vn -0.2036 -0.9791 0.0000
vn -0.2537 -0.9673 0.0045
vn -0.5471 -0.8371 0.0016
vn -0.1019 0.1992 -0.9746
vn -0.5696 -0.8219 0.0000
vn 0.1090 -0.7004 0.7053
vn 0.1089 -0.7004 0.7054
vn -0.5716 -0.4180 0.7061
vn 0.1088 -0.6997 -0.7061
vn 0.1089 -0.6997 -0.7061
vn -0.5710 -0.4176 -0.7068
vn -0.4021 0.6772 0.6162
vn -0.4232 0.7127 0.5594
vn -0.4005 0.6775 -0.6169
vn -0.4022 0.6774 -0.6159
vn 0.8096 0.1769 0.5598
vn 0.8099 0.1765 0.5594
vn 0.8460 0.1849 -0.5000
vn 0.8098 0.1770 -0.5594
vn -0.6338 0.7727 0.0346
vn -0.6338 0.7727 -0.0355
vn -0.6345 0.7721 -0.0345
vn 0.9183 0.1271 0.3750
vn 0.9179 0.1278 0.3756
vn 0.9418 0.1304 -0.3098
vn 0.9180 0.1271 -0.3756
vn 0.7120 0.2121 0.6693
vn 0.7546 0.2247 -0.6166
vn 0.7763 0.2312 -0.5864
vn -0.6314 0.7683 0.1051
vn -0.6345 0.7721 0.0355
vn -0.6308 0.7688 -0.1051
vn -0.6314 0.7684 -0.1043
vn -0.4963 0.7090 0.5010
vn -0.5156 0.7365 0.4379
vn -0.4963 0.7090 -0.5010
vn -0.6247 0.7614 0.1731
vn -0.6308 0.7689 0.1043
vn -0.6253 0.7609 -0.1733
vn -0.6246 0.7613 -0.1742
vn -0.1170 -0.9931 -0.0000
vn -0.6160 0.7495 0.2425
vn -0.6252 0.7608 0.1740
vn -0.6157 0.7499 -0.2421
vn -0.6161 0.7497 -0.2416
vn 0.2128 0.0692 -0.9746
vn -0.0219 -0.9998 0.0021
vn 0.0169 -0.9999 0.0000
vn -0.6905 -0.7233 0.0000
vn 0.8901 0.1239 0.4387
vn 0.8901 0.1238 0.4386
vn 0.9182 0.1278 -0.3750
vn 0.8901 0.1239 -0.4386
vn -0.6034 0.7349 0.3096
vn -0.6157 0.7499 0.2420
vn -0.6024 0.7357 -0.3096
vn -0.6036 0.7352 -0.3083
vn 0.7695 0.1677 0.6162
vn 0.7700 0.1671 0.6158
vn 0.8096 0.1765 -0.5598
vn 0.7692 0.1677 -0.6166
vn -0.4753 0.6791 0.5594
vn -0.4757 0.6788 -0.5594
vn -0.4752 0.6789 -0.5598
vn -0.3783 0.6398 0.6690
vn -0.4012 0.6787 0.6152
vn -0.4493 0.6351 -0.6284
vn -0.3627 0.6134 -0.7016
vn -0.5873 0.7174 0.3747
vn -0.6026 0.7361 0.3083
vn -0.5886 0.7163 -0.3747
vn -0.5869 0.7169 -0.3763
vn 0.8573 0.1192 0.5008
vn 0.8579 0.1183 0.5000
vn 0.8901 0.1238 -0.4387
vn 0.8578 0.1193 -0.5000
vn 0.7501 0.1293 -0.6486
vn 0.9973 0.0636 0.0360
vn 0.9975 0.0623 0.0346
vn 0.9974 0.0636 -0.0346
vn 0.9925 0.0620 0.1049
vn 0.9927 0.0610 0.1039
vn 0.9974 0.0623 -0.0360
vn 0.9927 0.0620 -0.1039
vn 0.2031 -0.6785 0.7059
vn 0.2041 -0.6789 0.7053
vn -0.5716 -0.4189 0.7056
vn -0.6232 -0.3373 0.7056
vn -0.6227 -0.3376 0.7059
vn 0.2039 -0.6782 -0.7061
vn 0.2028 -0.6778 -0.7067
vn -0.6223 -0.3374 -0.7063
vn -0.5710 -0.4184 -0.7064
vn 0.9832 0.0605 0.1722
vn 0.9827 0.0626 0.1745
vn 0.9926 0.0610 -0.1049
vn 0.9828 0.0604 -0.1748
vn 0.1537 -0.9881 0.0000
vn 0.9681 0.0617 0.2427
vn 0.9687 0.0600 0.2410
vn 0.9830 0.0626 -0.1725
vn 0.9687 0.0617 -0.2406
vn -0.5708 0.6946 0.4379
vn -0.5882 0.7158 0.3763
vn -0.5707 0.6946 -0.4379
vn -0.5708 0.6946 -0.4379
vn -0.4525 0.6456 0.6152
vn -0.4756 0.6786 0.5598
vn -0.4527 0.6448 -0.6159
vn -0.4520 0.6449 -0.6163
vn 0.7260 0.1576 0.6694
vn 0.7690 0.1669 -0.6170
vn 0.7266 0.1577 -0.6687
vn 0.8214 0.1133 0.5589
vn 0.8207 0.1143 0.5597
vn 0.8574 0.1183 -0.5008
vn 0.8209 0.1132 -0.5597
vn 0.9494 0.0588 0.3086
vn 0.9489 0.0600 0.3098
vn 0.9683 0.0600 -0.2424
vn 0.9490 0.0588 -0.3098
vn -0.3952 0.6108 0.6861
vn -0.0880 -0.0286 -0.9957
vn -0.5494 0.6687 0.5010
vn -0.5707 0.6946 0.4379
vn -0.5483 0.6695 -0.5010
vn -0.5498 0.6692 -0.4999
vn 0.9247 0.0585 0.3761
vn 0.9253 0.0573 0.3749
vn 0.9493 0.0601 -0.3086
vn 0.9252 0.0585 -0.3750
vn -0.6898 0.7231 0.0355
vn -0.6898 0.7231 -0.0354
vn -0.6898 0.7231 -0.0355
vn -0.8066 -0.5911 0.0000
vn -0.6865 0.7196 0.1042
vn -0.6863 0.7198 -0.1042
vn -0.6865 0.7197 -0.1040
vn -0.4265 0.6075 0.6701
vn -0.4528 0.6450 0.6156
vn -0.4265 0.6075 -0.6701
vn 0.7800 0.1086 0.6163
vn 0.7800 0.1087 0.6163
vn 0.8213 0.1144 -0.5589
vn 0.7794 0.1085 -0.6171
vn -0.6796 0.7127 0.1740
vn -0.6863 0.7198 0.1040
vn -0.6801 0.7121 -0.1743
vn -0.6794 0.7125 -0.1751
vn 0.8971 0.0555 0.4383
vn 0.8969 0.0560 0.4387
vn 0.9248 0.0572 -0.3761
vn 0.8969 0.0555 -0.4387
vn 0.0418 -0.1570 -0.9867
vn -0.6701 0.7017 0.2419
vn -0.6800 0.7121 0.1748
vn -0.6699 0.7021 -0.2416
vn -0.6703 0.7018 -0.2411
vn -0.5250 0.6411 0.5598
vn -0.5488 0.6701 0.4999
vn -0.5252 0.6409 -0.5598
vn -0.5250 0.6410 -0.5599
vn 0.2879 -0.9577 0.0000
vn -0.8795 -0.4759 0.0000
vn -0.6567 0.6882 0.3084
vn -0.6699 0.7021 0.2415
vn -0.6578 0.6871 -0.3084
vn -0.6563 0.6879 -0.3099
vn 0.2945 -0.6445 0.7056
vn 0.2939 -0.6444 0.7060
vn -0.6629 -0.2491 0.7060
vn -0.6632 -0.2488 0.7058
vn 0.2936 -0.6437 -0.7067
vn 0.8773 -0.4754 0.0663
vn -0.9571 0.2822 0.0656
vn -0.6622 -0.2490 -0.7068
vn -0.6222 -0.3367 -0.7067
vn 0.8642 0.0539 0.5002
vn 0.8638 0.0546 0.5008
vn 0.8971 0.0560 -0.4383
vn 0.8639 0.0539 -0.5008
vn -0.6407 0.6693 0.3762
vn -0.6575 0.6868 0.3099
vn -0.6403 0.6697 -0.3762
vn -0.6409 0.6694 -0.3757
vn 0.7074 0.0985 0.6999
vn 0.7073 0.0985 0.7000
vn 0.7794 0.1086 -0.6170
vn 0.7364 0.1026 -0.6687
vn -0.1399 -0.1212 -0.9827
vn -0.4995 0.6095 0.6156
vn -0.5251 0.6409 0.5599
vn -0.4990 0.6092 -0.6164
vn -0.4992 0.6091 -0.6163
vn 0.9993 -0.0145 0.0345
vn 0.9993 -0.0130 0.0361
vn 0.9992 -0.0145 -0.0360
vn 0.9944 -0.0130 0.1050
vn 0.9944 -0.0131 0.1049
vn 0.9993 -0.0130 -0.0345
vn 0.9944 -0.0130 -0.1049
vn -0.6213 0.6498 0.4379
vn -0.6405 0.6698 0.3757
vn -0.6216 0.6495 -0.4379
vn -0.6212 0.6497 -0.4382
vn 0.9850 -0.0130 0.1724
vn 0.9850 -0.0131 0.1722
vn 0.9944 -0.0131 -0.1050
vn 0.9849 -0.0130 -0.1725
vn 0.8274 0.0523 0.5592
vn 0.8276 0.0519 0.5589
vn 0.8642 0.0547 -0.5002
vn 0.8276 0.0523 -0.5589
vn 0.9699 -0.0129 0.2430
vn 0.9700 -0.0131 0.2428
vn 0.9849 -0.0131 -0.1726
vn 0.9701 -0.0129 -0.2425
vn 0.9510 -0.0129 0.3089
vn 0.9511 -0.0132 0.3086
vn 0.9700 -0.0131 -0.2427
vn 0.9511 -0.0129 -0.3086
vn -0.5988 0.6258 0.4998
vn -0.6214 0.6494 0.4382
vn -0.5990 0.6256 -0.4998
vn -0.5987 0.6257 -0.5000
vn -0.4703 0.5742 0.6701
vn -0.4994 0.6097 0.6155
vn -0.4926 0.5562 -0.6693
vn -0.4518 0.5516 -0.7012
vn 0.7859 0.0493 0.6164
vn 0.7860 0.0491 0.6163
vn 0.8274 0.0519 -0.5592
vn 0.7854 0.0493 -0.6171
vn 0.4150 -0.9098 0.0000
vn -0.9361 -0.3518 0.0000
vn -0.9360 -0.3520 -0.0000
vn 0.9269 -0.0128 0.3751
vn 0.9265 -0.0117 0.3761
vn 0.9510 -0.0132 -0.3089
vn 0.9265 -0.0128 -0.3761
vn -0.5730 0.5985 0.5599
vn -0.5989 0.6255 0.5000
vn -0.5724 0.5991 -0.5599
vn -0.5733 0.5988 -0.5593
vn -0.7433 0.6681 0.0354
vn -0.7433 0.6681 -0.0355
vn -0.7433 0.6680 -0.0354
vn 0.8986 -0.0114 0.4386
vn 0.8988 -0.0118 0.4383
vn 0.9269 -0.0118 -0.3751
vn 0.8988 -0.0114 -0.4383
vn -0.7398 0.6648 0.1041
vn -0.7433 0.6680 0.0356
vn -0.7401 0.6644 -0.1041
vn -0.7397 0.6647 -0.1045
vn -0.7326 0.6578 0.1748
vn -0.7400 0.6644 0.1045
vn -0.7317 0.6588 -0.1750
vn -0.7328 0.6579 -0.1736
vn -0.4822 0.5444 0.6864
vn 0.3782 -0.5990 0.7058
vn 0.3786 -0.5990 0.7056
vn -0.6742 -0.1745 0.7176
vn -0.9231 0.3122 0.2247
vn 0.5343 -0.8453 0.0090
vn -0.0869 -0.7999 -0.5938
vn -0.5029 -0.6277 -0.5942
vn -0.9751 -0.2215 0.0086
vn 0.7416 0.0464 0.6692
vn 0.7853 0.0491 -0.6172
vn 0.7132 0.0446 -0.6996
vn -0.7211 0.6493 0.2416
vn -0.7319 0.6590 0.1733
vn -0.7218 0.6487 -0.2412
vn -0.7210 0.6492 -0.2421
vn 0.8656 -0.0114 0.5006
vn 0.8658 -0.0118 0.5002
vn 0.8986 -0.0118 -0.4386
vn 0.8658 -0.0114 -0.5002
vn -0.7071 0.6356 0.3099
vn -0.7216 0.6485 0.2424
vn -0.7072 0.6355 -0.3099
vn -0.7071 0.6355 -0.3100
vn -0.5444 0.5698 0.6156
vn -0.5727 0.5994 0.5593
vn -0.5448 0.5686 -0.6163
vn -0.5436 0.5690 -0.6170
vn -0.6894 0.6194 0.3757
vn -0.7072 0.6354 0.3100
vn -0.6889 0.6199 -0.3757
vn -0.6895 0.6196 -0.3751
vn 0.8287 -0.0113 0.5596
vn 0.8289 -0.0119 0.5592
vn 0.8656 -0.0118 -0.5006
vn 0.8289 -0.0113 -0.5592
vn 0.7128 0.0442 -0.6999
vn -0.6682 0.6012 0.4382
vn -0.6891 0.6200 0.3751
vn -0.6679 0.6015 -0.4382
vn -0.6683 0.6014 -0.4379
vn -0.5137 0.5362 0.6698
vn -0.5448 0.5686 0.6163
vn -0.5137 0.5362 -0.6698
vn 0.9955 -0.0883 0.0348
vn 0.9955 -0.0885 0.0345
vn 0.9955 -0.0883 -0.0345
vn 0.9907 -0.0881 0.1041
vn 0.9906 -0.0872 0.1051
vn 0.9955 -0.0885 -0.0347
vn 0.9906 -0.0881 -0.1051
vn 0.9808 -0.0863 0.1750
vn 0.9810 -0.0889 0.1723
vn 0.9907 -0.0872 -0.1041
vn 0.9812 -0.0863 -0.1726
vn 0.5343 -0.8453 0.0000
vn -0.9681 -0.2505 -0.0013
vn -0.9752 -0.2215 0.0000
vn 0.7877 -0.0113 0.6159
vn 0.7873 -0.0104 0.6165
vn 0.8286 -0.0119 -0.5596
vn 0.7867 -0.0113 -0.6172
vn 0.9664 -0.0876 0.2417
vn 0.9662 -0.0862 0.2430
vn 0.9805 -0.0889 -0.1753
vn 0.9661 -0.0876 -0.2427
vn -0.6435 0.5796 0.5000
vn -0.6680 0.6017 0.4379
vn -0.6440 0.5790 -0.5000
vn -0.6432 0.5793 -0.5006
vn 0.9472 -0.0845 0.3093
vn 0.9473 -0.0851 0.3088
vn 0.9666 -0.0863 -0.2413
vn 0.9473 -0.0846 -0.3088
vn 0.9235 -0.0829 0.3745
vn 0.9233 -0.0822 0.3752
vn 0.9471 -0.0850 -0.3093
vn 0.9232 -0.0829 -0.3752
vn -0.6165 0.5543 0.5592
vn -0.6437 0.5788 0.5007
vn -0.6166 0.5542 -0.5592
vn -0.6164 0.5542 -0.5593
vn 0.7431 -0.0098 0.6692
vn 0.7872 -0.0104 -0.6167
vn 0.7427 -0.0098 -0.6695
vn 0.8952 -0.0797 0.4384
vn 0.8952 -0.0795 0.4386
vn 0.9236 -0.0822 -0.3745
vn 0.8951 -0.0797 -0.4386
vn -0.5857 0.5264 0.6163
vn -0.6165 0.5541 0.5593
vn -0.5847 0.5267 -0.6171
vn -0.5856 0.5263 -0.6165
vn -0.7918 0.6097 0.0355
vn -0.7918 0.6097 -0.0360
vn -0.7921 0.6093 -0.0354
vn 0.4572 -0.5415 0.7055
vn 0.4566 -0.5416 0.7059
vn -0.9936 -0.1069 0.0356
vn -0.5800 -0.5636 0.5882
vn 0.4561 -0.5410 -0.7066
vn 0.4567 -0.5409 -0.7063
vn -0.7053 -0.0613 -0.7063
vn -0.7055 -0.0611 -0.7061
vn -0.7883 0.6064 0.1047
vn -0.7921 0.6093 0.0361
vn -0.7875 0.6073 -0.1047
vn -0.7884 0.6064 -0.1033
vn -0.7799 0.6015 0.1733
vn -0.7876 0.6074 0.1033
vn -0.7801 0.6011 -0.1735
vn -0.7798 0.6014 -0.1740
vn 0.8622 -0.0766 0.5008
vn 0.8623 -0.0769 0.5005
vn 0.8952 -0.0795 -0.4384
vn 0.8623 -0.0766 -0.5005
vn -0.7685 0.5921 0.2424
vn -0.7801 0.6011 0.1737
vn -0.7681 0.5928 -0.2421
vn -0.7687 0.5923 -0.2413
vn -0.7526 0.5809 0.3100
vn -0.7682 0.5929 0.2416
vn -0.7524 0.5812 -0.3100
vn -0.7527 0.5810 -0.3097
vn 0.8252 -0.0736 0.5600
vn 0.8254 -0.0741 0.5597
vn 0.8621 -0.0769 -0.5008
vn 0.8254 -0.0736 -0.5597
vn -0.5517 0.4970 0.6698
vn -0.5855 0.5274 0.6157
vn -0.4960 0.5534 -0.6692
vn -0.5943 0.5354 -0.6001
vn -0.7336 0.5666 0.3751
vn -0.7525 0.5812 0.3097
vn -0.7338 0.5665 -0.3751
vn -0.7336 0.5666 -0.3753
vn -0.7116 0.5494 0.4379
vn -0.7337 0.5664 0.3753
vn -0.7116 0.5495 -0.4379
vn -0.7117 0.5494 -0.4378
vn 0.6446 -0.7646 0.0000
vn -0.9943 -0.1070 -0.0012
vn -0.9963 -0.0862 0.0000
vn 0.7849 -0.0705 0.6156
vn 0.7847 -0.0700 0.6159
vn 0.8251 -0.0741 -0.5600
vn 0.7841 -0.0704 -0.6166
vn 0.0887 0.1173 -0.9891
vn -0.6852 0.5291 0.5006
vn -0.7116 0.5495 0.4378
vn -0.6861 0.5279 -0.5006
vn -0.6846 0.5287 -0.5018
vn 0.9859 -0.1634 0.0353
vn 0.9859 -0.1638 0.0348
vn 0.9860 -0.1634 -0.0348
vn 0.9810 -0.1630 0.1053
vn 0.9809 -0.1642 0.1040
vn 0.9859 -0.1638 -0.0353
vn 0.9811 -0.1630 -0.1040
vn 0.9715 -0.1626 0.1725
vn 0.9714 -0.1602 0.1750
vn 0.9808 -0.1642 -0.1053
vn 0.9710 -0.1626 -0.1753
vn 0.9571 -0.1578 0.2429
vn 0.9572 -0.1591 0.2417
vn 0.9718 -0.1603 -0.1727
vn 0.9575 -0.1579 -0.2414
vn 0.7115 -0.0634 0.6998
vn 0.7116 -0.0635 0.6997
vn 0.7844 -0.0700 -0.6163
vn 0.7398 -0.0660 -0.6695
vn -0.6570 0.5055 0.5594
vn -0.6855 0.5274 0.5019
vn -0.6568 0.5056 -0.5594
vn -0.6570 0.5055 -0.5592
vn 0.9383 -0.1559 0.3086
vn 0.9382 -0.1551 0.3093
vn 0.9570 -0.1590 -0.2426
vn 0.9381 -0.1559 -0.3093
vn 0.9143 -0.1512 0.3758
vn 0.9146 -0.1527 0.3745
vn 0.9384 -0.1552 -0.3086
vn 0.9148 -0.1513 -0.3745
vn -0.6244 0.4806 0.6157
vn -0.6569 0.5057 0.5592
vn -0.6236 0.4807 -0.6165
vn -0.6242 0.4805 -0.6161
vn 0.8046 0.0458 -0.5920
vn -0.0442 0.2094 -0.9768
vn 0.8867 -0.1480 0.4380
vn 0.8866 -0.1475 0.4384
vn 0.9140 -0.1526 -0.3758
vn 0.8865 -0.1480 -0.4384
vn 0.8539 -0.1421 0.5007
vn 0.8538 -0.1418 0.5009
vn 0.8868 -0.1476 -0.4380
vn 0.8538 -0.1421 -0.5009
vn 0.5259 -0.4744 0.7059
vn 0.5266 -0.4743 0.7055
vn -0.7077 0.0359 0.7056
vn -0.7075 0.0357 0.7058
vn 0.5261 -0.4738 -0.7062
vn 0.5254 -0.4739 -0.7066
vn 0.0719 -0.0648 -0.9953
vn -0.7068 0.0356 -0.7065
vn -0.7070 0.0359 -0.7064
vn -0.5651 0.4356 0.7007
vn -0.6243 0.4813 0.6153
vn -0.6475 0.4991 -0.5759
vn -0.8353 0.5486 0.0361
vn -0.8353 0.5487 -0.0352
vn -0.8348 0.5493 -0.0361
vn -0.8309 0.5467 0.1034
vn -0.8349 0.5493 0.0353
vn -0.8312 0.5464 -0.1034
vn -0.8309 0.5467 -0.1039
vn -0.8229 0.5409 0.1736
vn -0.8311 0.5463 0.1039
vn -0.8232 0.5405 -0.1739
vn -0.8228 0.5409 -0.1744
vn 0.8177 -0.1358 0.5595
vn 0.8174 -0.1350 0.5600
vn 0.8539 -0.1418 -0.5007
vn 0.8173 -0.1357 -0.5600
vn -0.8111 0.5326 0.2417
vn -0.8231 0.5405 0.1742
vn -0.8119 0.5315 -0.2413
vn -0.8109 0.5325 -0.2427
vn -0.7955 0.5208 0.3097
vn -0.8116 0.5313 0.2430
vn -0.7952 0.5213 -0.3097
vn -0.7957 0.5209 -0.3091
vn -0.5651 0.4360 0.7004
vn 0.7777 -0.1284 0.6154
vn 0.7776 -0.1281 0.6156
vn 0.8178 -0.1351 -0.5595
vn 0.7769 -0.1283 -0.6164
vn -0.7752 0.5082 0.3753
vn -0.7953 0.5214 0.3091
vn -0.7748 0.5087 -0.3753
vn -0.7754 0.5083 -0.3747
vn 0.7431 -0.6692 0.0000
vn -0.9987 0.0507 0.0000
vn -0.7516 0.4934 0.4378
vn -0.7750 0.5088 0.3747
vn -0.7521 0.4926 -0.4378
vn -0.7512 0.4932 -0.4387
vn 0.7328 -0.1207 0.6697
vn 0.7771 -0.1280 -0.6162
vn 0.8062 -0.1328 -0.5765
vn -0.7236 0.4739 0.5018
vn -0.7518 0.4923 0.4387
vn -0.7224 0.4757 -0.5019
vn -0.7244 0.4744 -0.5001
vn -0.6924 0.4559 0.5593
vn -0.7233 0.4763 0.5001
vn -0.6927 0.4554 -0.5593
vn -0.6921 0.4557 -0.5597
vn 0.9705 -0.2386 0.0342
vn 0.9707 -0.2376 0.0354
vn 0.9705 -0.2386 -0.0353
vn 0.9659 -0.2364 0.1056
vn 0.9659 -0.2367 0.1052
vn 0.9708 -0.2376 -0.0342
vn 0.9659 -0.2364 -0.1052
vn 0.9566 -0.2345 0.1728
vn 0.9566 -0.2348 0.1725
vn 0.9658 -0.2367 -0.1056
vn 0.9566 -0.2345 -0.1727
vn 0.9422 -0.2312 0.2425
vn 0.9422 -0.2308 0.2429
vn 0.9565 -0.2348 -0.1730
vn 0.9422 -0.2312 -0.2425
vn -0.6587 0.4330 0.6153
vn -0.6924 0.4552 0.5597
vn -0.6586 0.4321 -0.6161
vn -0.6579 0.4325 -0.6165
vn 0.9236 -0.2262 0.3096
vn 0.9236 -0.2272 0.3086
vn 0.9424 -0.2308 -0.2421
vn 0.9239 -0.2263 -0.3087
vn 0.9003 -0.2215 0.3747
vn 0.9001 -0.2203 0.3758
vn 0.9233 -0.2272 -0.3096
vn 0.8999 -0.2214 -0.3758
vn -0.6210 0.4075 0.6695
vn -0.6588 0.4322 0.6158
vn -0.6868 0.4277 -0.5877
vn -0.6642 0.4358 -0.6073
vn 0.8733 -0.2137 0.4379
vn 0.8732 -0.2135 0.4380
vn 0.9006 -0.2204 -0.3747
vn 0.8732 -0.2137 -0.4380
vn 0.8403 -0.2055 0.5016
vn 0.8406 -0.2068 0.5006
vn 0.8733 -0.2135 -0.4379
vn 0.8409 -0.2056 -0.5006
vn 0.0788 -0.0534 -0.9955
vn 0.0823 -0.0513 -0.9953
vn 0.8053 -0.1981 0.5588
vn 0.8050 -0.1972 0.5595
vn 0.8400 -0.2067 -0.5017
vn 0.8049 -0.1980 -0.5595
vn 0.5864 -0.3972 0.7060
vn 0.5865 -0.3971 0.7059
vn -0.6964 0.1319 0.7055
vn -0.6921 0.1223 0.7114
vn 0.5861 -0.3970 -0.7063
vn 0.5855 -0.3972 -0.7066
vn -0.6953 0.1317 -0.7066
vn -0.6912 0.1230 -0.7122
vn -0.0935 0.0177 -0.9955
vn 0.7655 -0.1875 0.6155
vn 0.7655 -0.1877 0.6154
vn 0.8055 -0.1973 -0.5588
vn 0.7650 -0.1874 -0.6162
vn -0.8749 0.4830 0.0352
vn -0.8750 0.4830 -0.0336
vn -0.8742 0.4842 -0.0351
vn -0.8700 0.4819 0.1039
vn -0.8743 0.4843 0.0337
vn -0.8705 0.4810 -0.1039
vn -0.8699 0.4819 -0.1050
vn -0.8619 0.4763 0.1741
vn -0.8704 0.4810 0.1050
vn -0.8616 0.4767 -0.1744
vn -0.8619 0.4763 -0.1738
vn -0.8488 0.4696 0.2431
vn -0.8617 0.4768 0.1735
vn -0.8485 0.4703 -0.2427
vn -0.8490 0.4697 -0.2420
vn -0.8318 0.4610 0.3091
vn -0.8486 0.4703 0.2424
vn -0.8317 0.4612 -0.3091
vn -0.8319 0.4611 -0.3088
vn 0.7147 -0.2045 0.6689
vn 0.6930 -0.1699 0.7006
vn 0.7649 -0.1875 -0.6163
vn 0.7751 -0.1900 -0.6026
vn -0.8108 0.4496 0.3748
vn -0.8318 0.4613 0.3088
vn -0.8112 0.4489 -0.3748
vn -0.8105 0.4495 -0.3756
vn 0.8275 -0.5614 0.0000
vn 0.8281 -0.5606 -0.0001
vn -0.9848 0.1740 0.0000
vn -0.9845 0.1752 0.0001
vn -0.7863 0.4351 0.4387
vn -0.8109 0.4487 0.3756
vn -0.7860 0.4357 -0.4387
vn -0.7865 0.4352 -0.4381
vn 0.7857 -0.1808 -0.5916
vn -0.0945 0.0218 -0.9953
vn -0.7574 0.4198 0.5001
vn -0.7862 0.4358 0.4381
vn -0.7576 0.4194 -0.5001
vn -0.7572 0.4197 -0.5004
vn -0.7250 0.4014 0.5597
vn -0.7574 0.4193 0.5005
vn -0.7248 0.4017 -0.5597
vn -0.7252 0.4014 -0.5595
vn -0.6891 0.3819 0.6158
vn -0.7250 0.4018 0.5595
vn -0.6890 0.3810 -0.6166
vn -0.6883 0.3814 -0.6171
vn -0.6501 0.3594 0.6695
vn -0.6891 0.3810 0.6163
vn -0.8385 0.2658 -0.4757
vn -0.6255 0.3458 -0.6994
vn 0.9498 -0.3108 0.0352
vn 0.9496 -0.3117 0.0342
vn 0.9498 -0.3108 -0.0342
vn 0.9450 -0.3102 0.1035
vn 0.9454 -0.3083 0.1055
vn 0.9495 -0.3117 -0.0352
vn 0.9448 -0.3101 -0.1055
vn 0.9363 -0.3054 0.1733
vn 0.9363 -0.3058 0.1729
vn 0.9456 -0.3084 -0.1035
vn 0.9364 -0.3054 -0.1731
vn 0.9223 -0.3012 0.2423
vn 0.9223 -0.3011 0.2424
vn 0.9362 -0.3057 -0.1735
vn 0.9223 -0.3012 -0.2421
vn 0.9038 -0.2951 0.3100
vn 0.9038 -0.2954 0.3097
vn 0.9224 -0.3011 -0.2419
vn 0.9039 -0.2951 -0.3097
vn -0.6500 0.3287 0.6852
vn 0.0228 -0.2597 -0.9654
vn 0.8813 -0.2881 0.3745
vn 0.8813 -0.2879 0.3747
vn 0.9037 -0.2954 -0.3100
vn 0.8813 -0.2881 -0.3747
vn 0.8541 -0.2790 0.4390
vn 0.8542 -0.2803 0.4379
vn 0.8814 -0.2879 -0.3745
vn 0.8546 -0.2792 -0.4379
vn 0.8224 -0.2699 0.5008
vn 0.8223 -0.2687 0.5016
vn 0.8537 -0.2801 -0.4390
vn 0.8220 -0.2697 -0.5016
vn 0.7879 -0.2575 0.5593
vn 0.7881 -0.2582 0.5588
vn 0.8228 -0.2688 -0.5007
vn 0.7883 -0.2576 -0.5588
vn 0.7488 -0.2454 0.6157
vn 0.7489 -0.2457 0.6155
vn 0.7877 -0.2581 -0.5593
vn 0.7484 -0.2452 -0.6163
vn 0.7056 -0.2315 0.6697
vn 0.7482 -0.2454 -0.6164
vn 0.7771 -0.2549 -0.5755
vn 0.6350 -0.3150 0.7053
vn 0.6296 -0.3179 0.7089
vn -0.6693 0.2241 0.7084
vn 0.7897 0.2065 -0.5777
vn -0.0132 0.1508 -0.9885
vn -0.5975 0.8019 0.0000
vn -0.6712 0.2241 -0.7066
vn 0.0211 0.2208 -0.9751
vn -0.9085 0.4166 0.0336
vn -0.9084 0.4166 -0.0344
vn -0.9088 0.4160 -0.0336
vn -0.9042 0.4139 0.1050
vn -0.9087 0.4160 0.0344
vn -0.9041 0.4143 -0.1050
vn -0.9043 0.4139 -0.1046
vn -0.8953 0.4102 0.1735
vn -0.9041 0.4143 0.1046
vn -0.8957 0.4093 -0.1738
vn -0.8951 0.4101 -0.1749
vn -0.8824 0.4032 0.2423
vn -0.8956 0.4092 0.1746
vn -0.8820 0.4045 -0.2420
vn -0.8828 0.4034 -0.2406
vn -0.8645 0.3965 0.3088
vn -0.8822 0.4046 0.2409
vn -0.8649 0.3958 -0.3088
vn -0.8643 0.3964 -0.3096
vn -0.8427 0.3857 0.3756
vn -0.8646 0.3957 0.3096
vn -0.8423 0.3866 -0.3756
vn -0.8431 0.3858 -0.3747
vn 0.8957 -0.4448 -0.0004
vn -0.6736 0.2211 0.7052
vn -0.9501 0.3118 -0.0003
vn 0.8957 -0.4447 0.0000
vn -0.9485 0.3167 0.0000
vn -0.8170 0.3750 0.4381
vn -0.8426 0.3868 0.3747
vn -0.8171 0.3746 -0.4381
vn -0.8168 0.3749 -0.4385
vn -0.7870 0.3608 0.5005
vn -0.8170 0.3746 0.4385
vn -0.7869 0.3609 -0.5005
vn -0.7870 0.3608 -0.5004
vn -0.7534 0.3455 0.5595
vn -0.7870 0.3610 0.5004
vn -0.7540 0.3443 -0.5595
vn -0.7528 0.3453 -0.5604
vn -0.7163 0.3271 0.6164
vn -0.7533 0.3440 0.5605
vn -0.7150 0.3285 -0.6172
vn -0.7166 0.3273 -0.6160
vn -0.6751 0.3102 0.6693
vn -0.7164 0.3292 0.6152
vn -0.6751 0.3102 -0.6693
vn 0.9237 -0.3816 0.0350
vn 0.9237 -0.3814 0.0352
vn 0.9237 -0.3816 -0.0352
vn 0.9193 -0.3795 0.1044
vn 0.9190 -0.3804 0.1035
vn 0.9238 -0.3814 -0.0349
vn 0.9194 -0.3796 -0.1035
vn 0.9098 -0.3766 0.1742
vn 0.9096 -0.3776 0.1732
vn 0.9189 -0.3803 -0.1044
vn 0.9100 -0.3766 -0.1735
vn 0.8963 -0.3720 0.2412
vn 0.8965 -0.3709 0.2424
vn 0.9094 -0.3775 -0.1745
vn 0.8962 -0.3720 -0.2420
vn 0.8786 -0.3635 0.3097
vn 0.8787 -0.3632 0.3099
vn 0.8969 -0.3710 -0.2408
vn 0.8786 -0.3634 -0.3099
vn 0.8569 -0.3542 0.3746
vn 0.8569 -0.3542 0.3745
vn 0.8787 -0.3632 -0.3096
vn 0.8569 -0.3542 -0.3745
vn 0.8304 -0.3433 0.4389
vn 0.8304 -0.3431 0.4390
vn 0.8569 -0.3542 -0.3746
vn 0.8303 -0.3432 -0.4390
vn 0.8003 -0.3306 0.5001
vn 0.8003 -0.3299 0.5007
vn 0.8305 -0.3431 -0.4389
vn 0.8001 -0.3305 -0.5007
vn 0.7662 -0.3158 0.5597
vn 0.7662 -0.3163 0.5594
vn 0.8006 -0.3300 -0.5001
vn 0.7664 -0.3159 -0.5594
vn 0.7280 -0.3005 0.6162
vn 0.7281 -0.3014 0.6156
vn 0.7660 -0.3162 -0.5597
vn 0.7279 -0.3005 -0.6164
vn 0.6759 -0.3091 0.6690
vn 0.6605 -0.2734 0.6993
vn 0.7272 -0.3010 -0.6169
vn 0.7425 -0.3073 -0.5952
vn 0.6640 -0.3568 -0.6571
vn -0.6970 0.2572 0.6693
vn -0.6922 0.2259 0.6854
vn 0.6736 -0.2211 0.7052
vn 0.6693 -0.2241 0.7084
vn -0.6350 0.3150 0.7053
vn -0.7392 0.2727 0.6158
vn -0.7393 0.2737 0.6152
vn 0.9501 -0.3118 0.0000
vn -0.6296 0.3179 0.7089
vn -0.7771 0.2877 0.5598
vn -0.7770 0.2868 0.5604
vn -0.8126 0.2999 0.4998
vn -0.8125 0.2992 0.5003
vn -0.8430 0.3104 0.4392
vn -0.8431 0.3114 0.4385
vn -0.8697 0.3212 0.3748
vn -0.8697 0.3213 0.3747
vn -0.8920 0.3296 0.3094
vn -0.8920 0.3293 0.3096
vn -0.9102 0.3360 0.2422
vn -0.9100 0.3373 0.2409
vn -0.9235 0.3423 0.1732
vn -0.9237 0.3410 0.1746
vn -0.9329 0.3444 0.1054
vn -0.9327 0.3451 0.1047
vn -0.9372 0.3471 0.0343
vn -0.9373 0.3468 0.0347
vn -0.9372 0.3471 -0.0347
vn -0.9373 0.3468 -0.0343
vn -0.9330 0.3444 -0.1047
vn -0.9326 0.3451 -0.1054
vn -0.9232 0.3422 -0.1748
vn -0.9239 0.3411 -0.1735
vn -0.9106 0.3362 -0.2405
vn -0.9098 0.3372 -0.2418
vn -0.8919 0.3295 -0.3096
vn -0.8921 0.3293 -0.3094
vn -0.8697 0.3212 -0.3747
vn -0.8696 0.3213 -0.3748
vn -0.8434 0.3106 -0.4384
vn -0.8428 0.3112 -0.4392
vn -0.8123 0.2998 -0.5003
vn -0.8128 0.2993 -0.4998
vn -0.7767 0.2875 -0.5604
vn -0.7774 0.2869 -0.5598
vn -0.7391 0.2727 -0.6159
vn -0.7384 0.2734 -0.6165
vn 0.5975 -0.8019 0.0000
vn 0.6699 -0.2198 -0.7092
vn -0.6336 0.3965 -0.6643
vn -0.7636 0.2817 -0.5810
vn 0.0224 0.2339 -0.9720
vn -0.0211 -0.2208 -0.9751
vn -0.0716 -0.1627 -0.9841
vn -0.7724 -0.2074 -0.6004
vn 0.6636 -0.3339 -0.6694
vn 0.6636 -0.3339 0.6694
vn 0.7036 -0.3540 0.6162
vn 0.7036 -0.3540 -0.6161
vn 0.7025 -0.3548 -0.6169
vn 0.7036 -0.3553 0.6154
vn 0.7397 -0.3736 0.5597
vn 0.7397 -0.3735 -0.5598
vn 0.7398 -0.3734 -0.5597
vn 0.7397 -0.3734 0.5598
vn 0.7730 -0.3902 0.5001
vn 0.7730 -0.3902 -0.5003
vn 0.7731 -0.3901 -0.5001
vn 0.7730 -0.3901 0.5003
vn 0.8022 -0.4048 0.4389
vn 0.8027 -0.4050 -0.4379
vn 0.8017 -0.4058 -0.4389
vn 0.8021 -0.4060 0.4379
vn 0.8272 -0.4188 0.3746
vn 0.8268 -0.4185 -0.3759
vn 0.8279 -0.4175 -0.3746
vn 0.8274 -0.4173 0.3759
vn 0.8490 -0.4282 0.3096
vn 0.8490 -0.4282 -0.3097
vn 0.8490 -0.4281 -0.3096
vn 0.8490 -0.4281 0.3097
vn 0.8666 -0.4369 0.2412
vn 0.8665 -0.4369 -0.2415
vn 0.8670 -0.4363 -0.2408
vn 0.8667 -0.4362 0.2419
vn 0.8796 -0.4427 0.1743
vn 0.8797 -0.4428 -0.1733
vn 0.8790 -0.4438 -0.1746
vn 0.8792 -0.4439 0.1730
vn 0.8878 -0.4483 0.1043
vn 0.8878 -0.4483 -0.1044
vn 0.8878 -0.4482 -0.1043
vn 0.8878 -0.4482 0.1044
vn 0.8921 -0.4504 0.0351
vn 0.8924 -0.4498 -0.0350
vn 0.8921 -0.4504 -0.0357
vn 0.8924 -0.4498 0.0358
vn -0.7145 0.2035 0.6694
vn -0.7578 0.2159 0.6158
vn -0.7577 0.2159 0.6158
vn -0.7572 0.2157 -0.6165
vn -0.7849 0.2236 -0.5778
vn -0.7967 0.2278 0.5598
vn -0.7965 0.2269 0.5604
vn -0.7969 0.2271 -0.5598
vn -0.7572 0.2157 -0.6166
vn -0.8326 0.2387 0.4998
vn -0.8325 0.2381 0.5003
vn -0.8327 0.2381 -0.4998
vn -0.7963 0.2277 -0.5604
vn -0.8639 0.2466 0.4392
vn -0.8640 0.2477 0.4383
vn -0.8636 0.2476 -0.4392
vn -0.8323 0.2386 -0.5003
vn -0.8916 0.2543 0.3747
vn -0.8916 0.2545 0.3745
vn -0.8915 0.2545 -0.3747
vn -0.8643 0.2467 -0.4384
vn -0.9144 0.2609 0.3094
vn -0.9144 0.2609 -0.3094
vn -0.8916 0.2543 -0.3745
vn -0.9332 0.2656 0.2422
vn -0.9331 0.2662 0.2416
vn -0.9331 0.2662 -0.2418
vn -0.9470 0.2706 0.1731
vn -0.9471 0.2696 0.1742
vn -0.9472 0.2696 -0.1734
vn -0.9334 0.2657 -0.2412
vn 0.9826 -0.1856 0.0007
vn 0.9848 -0.1740 0.0000
vn 0.6964 -0.1319 0.7055
vn 0.6962 -0.1315 0.7058
vn -0.8210 0.5709 0.0000
vn -0.5864 0.3972 0.7060
vn -0.5766 0.4010 0.7118
vn 0.6956 -0.1318 -0.7062
vn 0.6913 -0.1221 -0.7121
vn -0.5858 0.3968 -0.7067
vn -0.5760 0.4005 -0.7126
vn -0.9563 0.2726 0.1054
vn -0.9562 0.2732 0.1048
vn -0.9562 0.2732 -0.1054
vn -0.9468 0.2705 -0.1745
vn -0.9609 0.2746 0.0347
vn -0.9611 0.2740 0.0353
vn -0.9611 0.2740 -0.0346
vn -0.9564 0.2726 -0.1048
vn -0.9609 0.2745 -0.0353
vn 0.0501 -0.0994 -0.9938
vn 0.0581 0.1321 -0.9895
vn -0.0788 0.0534 -0.9955
vn 0.6213 -0.4085 0.6686
vn 0.6998 -0.3441 -0.6260
vn 0.6353 -0.3851 -0.6694
vn 0.6115 -0.3707 0.6991
vn 0.6741 -0.4086 0.6153
vn 0.6731 -0.4081 -0.6167
vn 0.6740 -0.4075 -0.6161
vn 0.6741 -0.4076 0.6160
vn 0.7091 -0.4287 0.5598
vn 0.7088 -0.4286 -0.5602
vn 0.7094 -0.4282 -0.5598
vn 0.7092 -0.4280 0.5602
vn 0.7413 -0.4474 0.5003
vn 0.7412 -0.4474 -0.5004
vn 0.7413 -0.4474 -0.5003
vn 0.7413 -0.4473 0.5004
vn 0.7698 -0.4645 0.4378
vn 0.7696 -0.4644 -0.4383
vn 0.7701 -0.4640 -0.4378
vn 0.7699 -0.4639 0.4383
vn 0.7937 -0.4783 0.3759
vn 0.7941 -0.4785 -0.3748
vn 0.7931 -0.4793 -0.3759
vn 0.7935 -0.4795 0.3748
vn 0.8138 -0.4918 0.3097
vn 0.8140 -0.4919 -0.3088
vn 0.8133 -0.4926 -0.3097
vn -0.7276 0.1503 0.6694
vn -0.7180 0.1195 0.6858
vn -0.7684 0.0982 -0.6324
vn 0.8136 -0.4927 0.3088
vn 0.8300 -0.5026 0.2419
vn 0.8300 -0.5027 -0.2416
vn 0.8301 -0.5026 -0.2415
vn 0.8300 -0.5026 0.2420
vn 0.8425 -0.5102 0.1729
vn 0.8423 -0.5100 -0.1743
vn 0.8430 -0.5093 -0.1732
vn 0.8429 -0.5092 0.1740
vn 0.8513 -0.5142 0.1045
vn 0.8512 -0.5142 -0.1050
vn 0.8515 -0.5138 -0.1045
vn 0.8515 -0.5138 0.1050
vn 0.8557 -0.5163 0.0358
vn 0.8554 -0.5167 -0.0357
vn 0.8557 -0.5163 -0.0352
vn 0.8554 -0.5167 0.0352
vn -0.7717 0.1591 0.6158
vn -0.7718 0.1594 0.6156
vn -0.7710 0.1593 -0.6165
vn -0.6987 0.1443 -0.7007
vn -0.8115 0.1654 0.5604
vn -0.8121 0.1674 0.5590
vn -0.8111 0.1673 -0.5605
vn -0.7712 0.1590 -0.6164
vn -0.8481 0.1744 0.5003
vn -0.8477 0.1728 0.5016
vn -0.8484 0.1729 -0.5003
vn -0.8124 0.1656 -0.5591
vn -0.8805 0.1806 0.4383
vn -0.8806 0.1811 0.4379
vn -0.8804 0.1811 -0.4383
vn -0.8474 0.1743 -0.5015
vn 0.6660 -0.4744 -0.5757
vn -0.9081 0.1871 0.3745
vn -0.9080 0.1863 0.3752
vn -0.9083 0.1864 -0.3745
vn -0.8807 0.1807 -0.4379
vn -0.9314 0.1917 0.3095
vn -0.9314 0.1918 0.3093
vn -0.9314 0.1918 -0.3095
vn -0.9079 0.1870 -0.3752
vn 0.6053 -0.4312 0.6691
vn 0.6416 -0.4570 0.6160
vn 0.6408 -0.4564 -0.6174
vn 0.6417 -0.4559 -0.6167
vn -0.9505 0.1953 0.2417
vn -0.9505 0.1957 0.2413
vn -0.9505 0.1957 -0.2413
vn -0.9314 0.1917 -0.3093
vn 0.9994 -0.0339 -0.0009
vn 0.9987 -0.0507 -0.0000
vn 0.6998 -0.0237 0.7140
vn 0.7075 -0.0357 0.7058
vn -0.7434 0.6689 0.0000
vn -0.5258 0.4743 0.7061
vn -0.5269 0.4740 0.7055
vn 0.7068 -0.0356 -0.7065
vn 0.7070 -0.0359 -0.7063
vn -0.7310 0.6824 0.0009
vn -0.5114 0.4774 -0.7145
vn -0.5253 0.4738 -0.7068
vn -0.9645 0.1984 0.1741
vn -0.9645 0.1982 0.1744
vn -0.9645 0.1982 -0.1744
vn -0.9507 0.1953 -0.2409
vn -0.9741 0.2003 0.1048
vn -0.9741 0.2003 0.1047
vn -0.9741 0.2003 -0.1048
vn -0.9645 0.1984 -0.1746
vn -0.9790 0.2010 0.0354
vn -0.9789 0.2013 0.0351
vn -0.9789 0.2013 -0.0353
vn -0.9741 0.2003 -0.1047
vn -0.9790 0.2010 -0.0350
vn 0.6418 -0.4560 0.6166
vn 0.6752 -0.4798 0.5603
vn 0.6757 -0.4801 -0.5594
vn 0.6745 -0.4808 -0.5603
vn -0.0712 0.0642 -0.9954
vn -0.0724 0.0639 -0.9953
vn 0.6750 -0.4811 0.5594
vn 0.7050 -0.5025 0.5004
vn 0.7049 -0.5025 -0.5006
vn 0.7052 -0.5023 -0.5004
vn -0.7367 0.0940 0.6696
vn 0.7051 -0.5022 0.5006
vn 0.7321 -0.5214 0.4383
vn 0.7320 -0.5214 -0.4385
vn 0.7322 -0.5213 -0.4383
vn 0.7321 -0.5213 0.4385
vn 0.7552 -0.5378 0.3748
vn 0.7553 -0.5378 -0.3744
vn 0.7550 -0.5381 -0.3748
vn -0.7816 0.1002 0.6157
vn -0.7815 0.0997 0.6159
vn -0.7811 0.0997 -0.6164
vn -0.7367 0.0940 -0.6696
vn 0.7551 -0.5381 0.3744
vn 0.7746 -0.5520 0.3088
vn 0.7742 -0.5517 -0.3102
vn 0.7754 -0.5508 -0.3088
vn 0.7750 -0.5505 0.3102
vn 0.7910 -0.5619 0.2420
vn 0.7912 -0.5620 -0.2409
vn 0.7907 -0.5625 -0.2416
vn -0.8225 0.1048 0.5590
vn -0.8228 0.1054 0.5585
vn -0.8224 0.1054 -0.5590
vn -0.7808 0.1001 -0.6167
vn 0.7908 -0.5626 0.2413
vn 0.8024 -0.5709 0.1740
vn 0.8024 -0.5708 -0.1742
vn 0.8023 -0.5708 -0.1743
vn 0.8103 -0.5765 0.1051
vn 0.8104 -0.5766 -0.1040
vn 0.8097 -0.5773 -0.1050
vn 0.8098 -0.5774 0.1040
vn 0.8137 -0.5802 0.0352
vn 0.8140 -0.5798 -0.0351
vn 0.8137 -0.5802 -0.0357
vn 0.8140 -0.5798 0.0357
vn 0.5530 -0.4976 0.6683
vn 0.6005 -0.5296 -0.5992
vn 0.6249 -0.5190 -0.5832
vn -0.8582 0.1092 0.5016
vn -0.8582 0.1093 0.5015
vn -0.8582 0.1093 -0.5016
vn -0.8228 0.1048 -0.5585
vn -0.8918 0.1140 0.4379
vn -0.8916 0.1135 0.4383
vn -0.8918 0.1135 -0.4379
vn -0.8582 0.1092 -0.5015
vn 0.5485 -0.4555 0.7011
vn 0.6056 -0.5030 0.6166
vn 0.6060 -0.5032 -0.6161
vn 0.6040 -0.5040 -0.6174
vn -0.9196 0.1169 0.3751
vn -0.9197 0.1175 0.3746
vn -0.9195 0.1175 -0.3751
vn -0.8916 0.1139 -0.4383
vn -0.9433 0.1202 0.3094
vn -0.9432 0.1199 0.3097
vn -0.9433 0.1199 -0.3094
vn -0.9198 0.1169 -0.3746
vn 0.6052 -0.5050 0.6154
vn 0.6364 -0.5311 0.5593
vn 0.6362 -0.5309 -0.5598
vn 0.6368 -0.5307 -0.5594
vn -0.7417 0.0379 0.6696
vn -0.7278 0.0095 0.6857
vn -0.7433 0.0097 -0.6688
vn 0.9940 0.1091 -0.0011
vn 0.9963 0.0862 -0.0000
vn 0.6944 0.0762 0.7155
vn 0.7057 0.0614 0.7058
vn -0.6282 0.7781 -0.0001
vn -0.4572 0.5415 0.7055
vn -0.4383 0.5429 0.7164
vn 0.7053 0.0613 -0.7063
vn 0.7055 0.0611 -0.7061
vn -0.6263 0.7796 0.0000
vn -0.4366 0.5435 -0.7169
vn -0.4566 0.5408 -0.7065
vn -0.9625 0.1235 0.2413
vn -0.9624 0.1227 0.2422
vn -0.9627 0.1227 -0.2410
vn -0.9432 0.1202 -0.3097
vn -0.9769 0.1239 0.1744
vn -0.9769 0.1254 0.1728
vn -0.9766 0.1254 -0.1747
vn -0.9624 0.1235 -0.2418
vn 0.6366 -0.5305 0.5598
vn 0.6650 -0.5542 0.5006
vn 0.6650 -0.5542 -0.5006
vn -0.9865 0.1257 0.1047
vn -0.9865 0.1251 0.1053
vn -0.9866 0.1251 -0.1047
vn -0.9771 0.1239 -0.1731
vn -0.9914 0.1259 0.0350
vn -0.9914 0.1263 0.0346
vn -0.9914 0.1263 -0.0350
vn -0.9865 0.1257 -0.1053
vn -0.9914 0.1259 -0.0346
vn -0.7868 0.0395 0.6159
vn -0.7872 0.0403 0.6154
vn -0.7862 0.0402 -0.6167
vn -0.7129 0.0365 -0.7003
vn -0.2356 -0.0930 -0.9674
vn 0.6904 -0.5754 0.4384
vn 0.6904 -0.5753 -0.4386
vn 0.6906 -0.5752 -0.4384
vn 0.6905 -0.5752 0.4386
vn 0.7125 -0.5935 0.3744
vn 0.7122 -0.5933 -0.3751
vn 0.7129 -0.5929 -0.3745
vn 0.4297 -0.6964 -0.5748
vn 0.5850 -0.5680 -0.5789
vn -0.8284 0.0425 0.5585
vn -0.8280 0.0415 0.5592
vn -0.8285 0.0416 -0.5585
vn -0.7866 0.0395 -0.6162
vn 0.7127 -0.5927 0.3751
vn 0.7309 -0.6079 0.3102
vn 0.7312 -0.6081 -0.3093
vn 0.7303 -0.6086 -0.3102
vn 0.7305 -0.6088 0.3093
vn 0.7455 -0.6213 0.2413
vn 0.7455 -0.6212 -0.2415
vn 0.7459 -0.6209 -0.2409
vn -0.8640 0.0440 0.5015
vn -0.8642 0.0443 0.5013
vn -0.8640 0.0443 -0.5015
vn -0.8280 0.0425 -0.5592
vn 0.5327 -0.5172 0.6698
vn 0.5655 -0.5491 0.6154
vn 0.5649 -0.5485 -0.6164
vn 0.5653 -0.5484 -0.6162
vn 0.7458 -0.6208 0.2418
vn 0.7569 -0.6300 0.1740
vn 0.7570 -0.6301 -0.1731
vn 0.7561 -0.6308 -0.1743
vn 0.7563 -0.6310 0.1728
vn 0.7637 -0.6371 0.1039
vn 0.7636 -0.6371 -0.1053
vn 0.7645 -0.6362 -0.1039
vn 0.7644 -0.6361 0.1053
vn 0.7682 -0.6392 0.0358
vn 0.7674 -0.6402 -0.0357
vn 0.7682 -0.6392 -0.0343
vn 0.7674 -0.6402 0.0344
vn -0.8977 0.0456 0.4383
vn -0.8977 0.0457 0.4382
vn -0.8977 0.0457 -0.4383
vn -0.8642 0.0440 -0.5013
vn -0.7423 -0.0182 0.6698
vn 0.5656 -0.5487 0.6156
vn 0.5948 -0.5770 0.5598
vn 0.5950 -0.5772 -0.5593
vn 0.5944 -0.5774 -0.5597
vn -0.9260 0.0472 0.3746
vn -0.9260 0.0470 0.3747
vn -0.9260 0.0470 -0.3746
vn -0.8977 0.0456 -0.4382
vn -0.9496 0.0487 0.3096
vn -0.9495 0.0484 0.3100
vn -0.9496 0.0484 -0.3096
vn -0.9259 0.0472 -0.3747
vn 0.9751 0.2217 0.0017
vn 0.9692 0.2461 0.0003
vn 0.6909 0.1571 0.7056
vn 0.6913 0.1567 0.7054
vn -0.5097 0.8603 0.0000
vn -0.3782 0.5989 0.7059
vn -0.3551 0.5994 0.7174
vn 0.6905 0.1565 -0.7062
vn 0.6738 0.1711 -0.7188
vn -0.3547 0.5987 -0.7181
vn -0.3778 0.5983 -0.7066
vn -0.7879 -0.0198 0.6154
vn -0.7882 -0.0194 0.6152
vn -0.7874 -0.0193 -0.6162
vn -0.7423 -0.0182 -0.6698
vn 0.5946 -0.5776 0.5593
vn 0.6210 -0.6032 0.5005
vn 0.6208 -0.6031 -0.5009
vn 0.6213 -0.6029 -0.5005
vn -0.9690 0.0488 0.2422
vn -0.9692 0.0497 0.2413
vn -0.9690 0.0497 -0.2418
vn -0.9495 0.0487 -0.3100
vn 0.4926 -0.5558 -0.6696
vn -0.9837 0.0503 0.1728
vn -0.9836 0.0495 0.1736
vn -0.9837 0.0495 -0.1731
vn -0.9693 0.0488 -0.2409
vn 0.6211 -0.6027 0.5009
vn 0.6449 -0.6258 0.4387
vn 0.6451 -0.6259 -0.4383
vn 0.6446 -0.6261 -0.4387
vn -0.9932 0.0504 0.1053
vn -0.9932 0.0508 0.1049
vn -0.9931 0.0508 -0.1053
vn -0.9835 0.0503 -0.1739
vn -0.9981 0.0506 0.0346
vn -0.9981 0.0507 0.0345
vn -0.9981 0.0507 -0.0346
vn -0.9932 0.0505 -0.1049
vn 0.0926 0.0210 -0.9955
vn 0.0465 0.1604 -0.9860
vn -0.0507 0.0803 -0.9955
vn 0.1405 0.1759 -0.9743
vn -0.9981 0.0506 -0.0344
vn -0.8288 -0.0198 0.5592
vn -0.8283 -0.0208 0.5599
vn -0.8288 -0.0208 -0.5591
vn -0.7876 -0.0198 -0.6159
vn 0.6448 -0.6263 0.4383
vn 0.6649 -0.6459 0.3751
vn 0.6648 -0.6457 -0.3757
vn 0.6654 -0.6454 -0.3751
vn 0.4925 -0.5557 0.6698
vn 0.5227 -0.5897 0.6157
vn 0.5225 -0.5894 -0.6161
vn 0.5219 -0.5896 -0.6165
vn -0.8650 -0.0213 0.5013
vn -0.8653 -0.0207 0.5008
vn -0.8650 -0.0207 -0.5013
vn -0.8283 -0.0198 -0.5599
vn 0.6652 -0.6452 0.3757
vn 0.6826 -0.6621 0.3093
vn 0.6827 -0.6622 -0.3090
vn 0.6824 -0.6623 -0.3093
vn -0.7388 -0.0744 0.6698
vn -0.7433 0.0122 -0.6689
vn 0.6825 -0.6624 0.3090
vn 0.6963 -0.6758 0.2418
vn 0.6964 -0.6759 -0.2412
vn 0.6962 -0.6761 -0.2414
vn -0.8986 -0.0228 0.4382
vn -0.8989 -0.0221 0.4376
vn -0.8986 -0.0221 -0.4382
vn -0.8653 -0.0213 -0.5008
vn 0.6961 -0.6760 0.2416
vn 0.7066 -0.6862 0.1728
vn 0.7063 -0.6859 -0.1751
vn 0.7078 -0.6848 -0.1731
vn 0.5225 -0.5902 0.6154
vn 0.5494 -0.6207 0.5593
vn 0.5490 -0.6202 -0.5603
vn 0.5505 -0.6198 -0.5593
vn 0.7076 -0.6846 0.1748
vn 0.7147 -0.6915 0.1053
vn 0.7148 -0.6916 -0.1041
vn 0.7139 -0.6923 -0.1053
vn 0.7140 -0.6924 0.1041
vn 0.7175 -0.6957 0.0344
vn 0.7175 -0.6958 -0.0344
vn 0.7175 -0.6957 -0.0343
vn 0.7175 -0.6958 0.0344
vn -0.7845 -0.0790 0.6151
vn -0.7844 -0.0790 0.6151
vn -0.7839 -0.0790 -0.6159
vn -0.7985 -0.0805 -0.5967
vn -0.9269 -0.0229 0.3747
vn -0.9266 -0.0235 0.3753
vn -0.9268 -0.0235 -0.3747
vn -0.8989 -0.0228 -0.4376
vn 0.4620 -0.5625 0.6857
vn 0.5854 -0.5615 -0.5848
vn 0.4488 -0.5918 -0.6696
vn 0.9254 0.3791 -0.0016
vn 0.9361 0.3518 0.0000
vn 0.6419 0.2630 0.7203
vn 0.6634 0.2489 0.7057
vn -0.4143 0.9102 0.0000
vn -0.2946 0.6447 0.7054
vn -0.2934 0.6446 0.7060
vn 0.6625 0.2486 -0.7066
vn 0.6622 0.2489 -0.7068
vn -0.2931 0.6439 -0.7068
vn -0.2943 0.6440 -0.7062
vn 0.5500 -0.6193 0.5603
vn 0.5747 -0.6471 0.5009
vn 0.5750 -0.6475 -0.5001
vn 0.5740 -0.6477 -0.5009
vn -0.9505 -0.0229 0.3099
vn -0.9503 -0.0234 0.3104
vn -0.9505 -0.0234 -0.3099
vn -0.9266 -0.0228 -0.3753
vn -0.8243 -0.0834 0.5599
vn -0.8246 -0.0830 0.5596
vn -0.8244 -0.0830 -0.5599
vn -0.9702 -0.0230 0.2413
vn -0.9701 -0.0234 0.2417
vn -0.9703 -0.0234 -0.2409
vn -0.9503 -0.0229 -0.3104
vn 0.5743 -0.6481 0.5002
vn 0.5961 -0.6727 0.4383
vn 0.5962 -0.6728 -0.4381
vn 0.5959 -0.6729 -0.4383
vn -0.9845 -0.0230 0.1737
vn -0.9845 -0.0233 0.1740
vn -0.9845 -0.0233 -0.1740
vn -0.9702 -0.0230 -0.2413
vn 0.4490 -0.5921 0.6692
vn 0.4763 -0.6281 0.6154
vn 0.4757 -0.6273 -0.6166
vn 0.4764 -0.6272 -0.6161
vn 0.2037 -0.1440 -0.9684
vn -0.0480 0.0843 -0.9953
vn -0.0393 0.0861 -0.9955
vn -0.7025 -0.1254 0.7006
vn -0.7362 -0.1026 0.6689
vn -0.9942 -0.0245 0.1049
vn -0.9944 -0.0233 0.1035
vn -0.9942 -0.0233 -0.1049
vn -0.9844 -0.0230 -0.1743
vn -0.9991 -0.0231 0.0345
vn -0.9990 -0.0247 0.0361
vn -0.9991 -0.0247 -0.0345
vn -0.9943 -0.0245 -0.1035
vn 0.5960 -0.6730 0.4381
vn 0.6144 -0.6938 0.3757
vn 0.6145 -0.6939 -0.3753
vn 0.6141 -0.6941 -0.3757
vn -0.9991 -0.0231 -0.0361
vn -0.8612 -0.0865 0.5008
vn -0.8609 -0.0871 0.5013
vn -0.8612 -0.0871 -0.5008
vn -0.8245 -0.0834 -0.5596
vn 0.6142 -0.6942 0.3753
vn 0.6302 -0.7123 0.3090
vn 0.6301 -0.7122 -0.3093
vn 0.6304 -0.7121 -0.3090
vn -0.2879 0.9577 0.0000
vn -0.2037 0.6775 -0.7067
vn 0.4766 -0.6274 0.6158
vn 0.5010 -0.6596 0.5603
vn 0.5012 -0.6599 -0.5597
vn 0.5003 -0.6601 -0.5603
vn 0.3791 -0.6399 0.6684
vn 0.4434 -0.6859 -0.5770
vn -0.7765 -0.1367 0.6152
vn -0.7752 -0.1384 0.6164
vn -0.7756 -0.1384 -0.6159
vn -0.8054 -0.1438 -0.5751
vn -0.8947 -0.0898 0.4375
vn -0.8946 -0.0899 0.4377
vn -0.8947 -0.0899 -0.4375
vn -0.8609 -0.0865 -0.5013
vn 0.6304 -0.7120 0.3093
vn 0.6432 -0.7266 0.2415
vn 0.6433 -0.7266 -0.2412
vn 0.6433 -0.7266 -0.2411
vn 0.8593 0.5115 0.0000
vn 0.8635 0.5043 0.0005
vn 0.5961 0.3548 0.7203
vn 0.6227 0.3376 0.7059
vn -0.2031 0.6785 0.7059
vn -0.2041 0.6789 0.7053
vn 0.6220 0.3372 -0.7067
vn 0.5974 0.3489 -0.7221
vn -0.2030 0.6784 -0.7061
vn 0.6433 -0.7265 0.2415
vn 0.6527 -0.7372 0.1748
vn 0.6528 -0.7373 -0.1737
vn 0.6517 -0.7380 -0.1751
vn 0.5006 -0.6604 0.5598
vn 0.5231 -0.6901 0.5002
vn 0.5232 -0.6902 -0.4998
vn 0.5227 -0.6903 -0.5002
vn 0.6519 -0.7382 0.1735
vn 0.6583 -0.7455 0.1040
vn 0.6582 -0.7454 -0.1056
vn 0.6594 -0.7445 -0.1040
vn -0.9222 -0.0928 0.3753
vn -0.9224 -0.0925 0.3751
vn -0.9223 -0.0925 -0.3753
vn -0.8946 -0.0897 -0.4377
vn 0.6593 -0.7444 0.1056
vn 0.6626 -0.7482 0.0344
vn 0.6627 -0.7481 -0.0343
vn 0.6626 -0.7482 -0.0345
vn 0.6627 -0.7481 0.0345
vn -0.8160 -0.1445 0.5597
vn -0.8166 -0.1437 0.5591
vn -0.8161 -0.1437 -0.5597
vn -0.7749 -0.1364 -0.6171
vn -0.7194 -0.1841 0.6698
vn -0.6974 -0.2073 0.6860
vn -0.7786 -0.2153 -0.5895
vn 0.3873 -0.5991 0.7007
vn 0.4277 -0.6617 0.6158
vn 0.4277 -0.6616 -0.6159
vn 0.4266 -0.6617 -0.6165
vn -0.9458 -0.0959 0.3104
vn -0.9461 -0.0952 0.3097
vn -0.9458 -0.0952 -0.3104
vn -0.9223 -0.0928 -0.3751
vn 0.5229 -0.6905 0.4998
vn 0.5427 -0.7167 0.4380
vn 0.5424 -0.7163 -0.4391
vn 0.5437 -0.7159 -0.4380
vn -0.1092 0.0243 -0.9937
vn -0.9654 -0.0975 0.2418
vn -0.9653 -0.0978 0.2421
vn -0.9655 -0.0979 -0.2414
vn -0.9460 -0.0959 -0.3097
vn -0.1537 0.9881 0.0000
vn -0.1089 0.7004 0.7053
vn -0.1088 0.6997 -0.7061
vn -0.8518 -0.1519 0.5013
vn -0.8525 -0.1510 0.5004
vn -0.8520 -0.1509 -0.5013
vn -0.8164 -0.1446 -0.5591
vn -0.9797 -0.0993 0.1740
vn -0.9798 -0.0990 0.1737
vn -0.9797 -0.0990 -0.1743
vn -0.9654 -0.0975 -0.2417
vn 0.3997 -0.7025 -0.5888
vn 0.3792 -0.6997 -0.6055
vn 0.5434 -0.7155 0.4391
vn 0.5606 -0.7382 0.3753
vn 0.5607 -0.7383 -0.3748
vn 0.5603 -0.7384 -0.3752
vn -0.9896 -0.0995 0.1035
vn -0.9895 -0.1003 0.1043
vn -0.9896 -0.1003 -0.1035
vn -0.9797 -0.0993 -0.1740
vn 0.4272 -0.6626 0.6151
vn 0.4490 -0.6965 0.5598
vn 0.4491 -0.6966 -0.5596
vn 0.4488 -0.6966 -0.5598
vn -0.7626 -0.1959 0.6164
vn -0.7632 -0.1953 0.6159
vn -0.7622 -0.1950 -0.6172
vn -0.7715 -0.1974 -0.6048
vn -0.9942 -0.1013 0.0362
vn -0.9944 -0.1000 0.0348
vn -0.9943 -0.1000 -0.0362
vn -0.9896 -0.0995 -0.1043
vn 0.5720 0.4183 0.7055
vn -0.1090 0.7004 0.7054
vn 0.5714 0.4179 -0.7063
vn -0.1089 0.6997 -0.7061
vn -0.9942 -0.1013 -0.0348
vn 0.5604 -0.7386 0.3748
vn 0.5748 -0.7576 0.3093
vn 0.5749 -0.7577 -0.3089
vn 0.5745 -0.7578 -0.3093
vn -0.8854 -0.1566 0.4376
vn -0.8846 -0.1578 0.4388
vn -0.8852 -0.1579 -0.4376
vn -0.8523 -0.1520 -0.5005
vn -0.7034 -0.2401 0.6691
vn -0.7581 -0.4336 -0.4871
vn 0.5745 -0.7579 0.3089
vn 0.5862 -0.7733 0.2415
vn 0.5862 -0.7733 -0.2416
vn 0.5866 -0.7731 -0.2411
vn 0.4489 -0.6967 0.5596
vn 0.4691 -0.7281 0.4998
vn 0.4688 -0.7276 -0.5009
vn 0.4702 -0.7274 -0.4998
vn 0.3539 -0.6530 0.6695
vn 0.3757 -0.6932 0.6151
vn 0.3749 -0.6918 -0.6172
vn 0.3769 -0.6918 -0.6159
vn -0.8030 -0.2064 0.5591
vn -0.8031 -0.2063 0.5590
vn -0.8030 -0.2063 -0.5591
vn -0.7624 -0.1959 -0.6167
vn -0.9128 -0.1614 0.3751
vn -0.9128 -0.1614 -0.3751
vn -0.8849 -0.1565 -0.4388
vn 0.5865 -0.7729 0.2420
vn 0.5953 -0.7845 0.1735
vn 0.5952 -0.7844 -0.1743
vn 0.5957 -0.7842 -0.1738
vn 0.7770 0.6295 0.0000
vn 0.5375 0.4355 0.7221
vn -0.0169 0.9999 0.0000
vn -0.0120 0.7088 0.7053
vn 0.5369 0.4350 -0.7228
vn -0.0120 0.7080 -0.7061
vn 0.5957 -0.7841 0.1741
vn 0.6015 -0.7919 0.1056
vn 0.6015 -0.7919 -0.1055
vn 0.6015 -0.7919 -0.1056
vn 0.6015 -0.7919 0.1055
vn 0.6045 -0.7959 0.0345
vn 0.6040 -0.7962 -0.0345
vn 0.6045 -0.7959 -0.0338
vn 0.6040 -0.7962 0.0339
vn 0.2787 -0.6893 0.6687
vn 0.3352 -0.7461 -0.5753
vn 0.6808 0.7324 0.0000
vn 0.4710 0.5067 0.7221
vn 0.5081 0.4932 0.7061
vn -0.0129 0.7081 0.7060
vn 0.5075 0.4927 -0.7069
vn 0.4705 0.5061 -0.7228
vn 0.5716 0.8199 0.0324
vn 0.4699 -0.7269 0.5009
vn 0.4878 -0.7545 0.4391
vn 0.4879 -0.7548 -0.4385
vn 0.4871 -0.7549 -0.4391
vn -0.9362 -0.1661 0.3097
vn -0.9365 -0.1656 0.3092
vn -0.9363 -0.1656 -0.3097
vn -0.7458 -0.2538 0.6160
vn -0.7452 -0.2543 0.6165
vn -0.7450 -0.2543 -0.6167
vn -0.6763 -0.2308 -0.6995
vn -0.8385 -0.2156 0.5005
vn -0.8385 -0.2155 0.5004
vn -0.8385 -0.2155 -0.5005
vn -0.8031 -0.2064 -0.5590
vn 0.3768 -0.6915 0.6164
vn 0.3966 -0.7278 0.5595
vn 0.3968 -0.7281 -0.5590
vn 0.3959 -0.7281 -0.5595
vn -0.9553 -0.1695 0.2422
vn -0.9553 -0.1694 0.2421
vn -0.9554 -0.1695 -0.2418
vn -0.9364 -0.1661 -0.3092
vn 0.4873 -0.7552 0.4385
vn 0.5027 -0.7790 0.3749
vn 0.5026 -0.7789 -0.3752
vn 0.5030 -0.7788 -0.3749
vn 0.1170 0.9931 0.0000
vn 0.0829 0.7034 0.7059
vn 0.1170 0.9931 0.0039
vn -0.6840 -0.2907 0.6690
vn -0.9696 -0.1726 0.1737
vn -0.9698 -0.1721 0.1731
vn -0.9696 -0.1721 -0.1739
vn -0.9554 -0.1695 -0.2417
vn 0.4381 0.5570 0.7056
vn 0.0832 0.7036 0.7057
vn 0.4376 0.5564 -0.7063
vn -0.4409 0.6794 -0.5865
vn -0.9794 -0.1731 0.1042
vn -0.9790 -0.1743 0.1056
vn -0.9792 -0.1743 -0.1042
vn -0.9696 -0.1726 -0.1733
vn -0.8703 -0.2236 0.4388
vn -0.8702 -0.2238 0.4390
vn -0.8703 -0.2238 -0.4388
vn -0.8385 -0.2157 -0.5004
vn -0.9840 -0.1748 0.0348
vn -0.9842 -0.1739 0.0338
vn -0.9841 -0.1739 -0.0348
vn -0.9792 -0.1731 -0.1056
vn 0.2926 -0.6512 0.7002
vn 0.3227 -0.7183 0.6164
vn 0.3225 -0.7178 -0.6170
vn 0.3223 -0.7178 -0.6171
vn 0.5029 -0.7786 0.3752
vn 0.5160 -0.7990 0.3088
vn 0.5159 -0.7988 -0.3095
vn 0.5166 -0.7986 -0.3088
vn -0.9840 -0.1748 -0.0338
vn 0.3961 -0.7285 0.5590
vn 0.4134 -0.7604 0.5009
vn 0.4135 -0.7606 -0.5005
vn 0.4130 -0.7606 -0.5009
vn -0.7852 -0.2665 0.5590
vn -0.7846 -0.2670 0.5595
vn -0.7850 -0.2671 -0.5590
vn -0.7449 -0.2534 -0.6172
vn 0.1293 -0.0887 -0.9876
vn 0.5471 0.8371 0.0000
vn 0.3738 0.5720 0.7301
vn 0.3734 0.5714 -0.7308
vn 0.1853 -0.7278 -0.6603
vn 0.2731 -0.7540 -0.5974
vn 0.3566 0.6122 0.7057
vn 0.2537 0.9673 0.0000
vn 0.1793 0.6855 0.7056
vn 0.1797 0.6850 0.7060
vn 0.3562 0.6115 -0.7065
vn 0.1795 0.6843 -0.7068
vn 0.1791 0.6848 -0.7064
vn 0.5165 -0.7984 0.3095
vn 0.5270 -0.8146 0.2421
vn 0.5271 -0.8147 -0.2419
vn 0.5273 -0.8146 -0.2417
vn -0.8977 -0.2312 0.3750
vn -0.8980 -0.2308 0.3745
vn -0.8979 -0.2307 -0.3750
vn -0.8702 -0.2236 -0.4390
vn 0.3814 0.9244 0.0000
vn 0.2702 0.6547 0.7059
vn 0.2704 0.6548 0.7058
vn 0.2702 0.6541 -0.7065
vn 0.2699 0.6540 -0.7067
vn -0.7244 -0.3086 0.6165
vn -0.7250 -0.3081 0.6160
vn -0.7241 -0.3078 -0.6172
vn -0.6832 -0.2904 -0.6700
vn 0.5272 -0.8145 0.2423
vn 0.5351 -0.8267 0.1740
vn 0.5352 -0.8269 -0.1728
vn 0.5339 -0.8274 -0.1743
vn 0.4131 -0.7609 0.5005
vn 0.4288 -0.7899 0.4385
vn 0.4289 -0.7900 -0.4381
vn 0.4285 -0.7900 -0.4385
vn -0.6331 -0.3294 0.7005
vn -0.6730 -0.3174 0.6681
vn -0.6462 -0.3669 -0.6692
vn 0.5340 -0.8277 0.1726
vn 0.5391 -0.8356 0.1055
vn 0.5392 -0.8356 -0.1052
vn 0.5389 -0.8357 -0.1055
vn 0.3226 -0.7184 0.6163
vn 0.3396 -0.7564 0.5590
vn 0.3396 -0.7563 -0.5592
vn 0.3399 -0.7563 -0.5590
vn -0.8198 -0.2785 0.5004
vn -0.8200 -0.2783 0.5002
vn -0.8199 -0.2782 -0.5004
vn -0.7849 -0.2663 -0.5595
vn -0.9209 -0.2374 0.3092
vn -0.9210 -0.2372 0.3090
vn -0.9209 -0.2372 -0.3092
vn -0.8979 -0.2313 -0.3745
vn 0.5389 -0.8358 0.1052
vn 0.5416 -0.8399 0.0339
vn 0.5426 -0.8393 -0.0339
vn 0.5416 -0.8399 -0.0352
vn 0.5426 -0.8392 0.0353
vn -0.1375 -0.0506 -0.9892
vn 0.2528 -0.6979 0.6701
vn 0.2682 -0.7405 0.6162
vn 0.2683 -0.7409 -0.6156
vn 0.2661 -0.7406 -0.6170
vn -0.9398 -0.2411 0.2421
vn -0.9392 -0.2421 0.2433
vn -0.9396 -0.2422 -0.2417
vn -0.9209 -0.2374 -0.3090
vn 0.4286 -0.7902 0.4381
vn 0.4419 -0.8148 0.3752
vn 0.4418 -0.8147 -0.3756
vn 0.4423 -0.8146 -0.3752
vn 0.1979 -0.7159 -0.6696
vn -0.7624 -0.3253 0.5594
vn -0.7627 -0.3250 0.5591
vn -0.7625 -0.3249 -0.5594
vn -0.7241 -0.3085 -0.6168
vn -0.8508 -0.2888 0.4390
vn -0.8507 -0.2890 0.4391
vn -0.8508 -0.2890 -0.4390
vn -0.8199 -0.2785 -0.5002
vn -0.9539 -0.2450 0.1731
vn -0.9541 -0.2447 0.1728
vn -0.9540 -0.2447 -0.1734
vn -0.9396 -0.2410 -0.2429
vn 0.3398 -0.7562 0.5592
vn 0.3549 -0.7897 0.5004
vn 0.3550 -0.7899 -0.5001
vn 0.3545 -0.7899 -0.5004
vn -0.0351 0.1169 -0.9925
vn 0.0477 0.0820 -0.9955
vn 0.4422 -0.8145 0.3756
vn 0.4537 -0.8357 0.3095
vn 0.4537 -0.8357 -0.3095
vn 0.4536 -0.8357 -0.3095
vn -0.9629 -0.2483 0.1056
vn -0.9633 -0.2474 0.1045
vn -0.9632 -0.2473 -0.1056
vn -0.9540 -0.2450 -0.1731
vn -0.6988 -0.3635 0.6160
vn -0.6988 -0.3635 0.6161
vn -0.6983 -0.3633 -0.6168
vn -0.6338 -0.3298 -0.6997
vn -0.6324 -0.3907 0.6689
vn -0.6038 -0.4067 0.6856
vn -0.9679 -0.2489 0.0339
vn -0.9677 -0.2496 0.0346
vn -0.9678 -0.2496 -0.0338
vn -0.9630 -0.2483 -0.1045
vn -0.9679 -0.2489 -0.0346
vn 0.1142 -0.0052 -0.9934
vn -0.8779 -0.2983 0.3745
vn -0.8781 -0.2981 0.3742
vn -0.8780 -0.2981 -0.3745
vn -0.8507 -0.2888 -0.4391
vn 0.4536 -0.8357 0.3095
vn 0.4628 -0.8527 0.2423
vn 0.4630 -0.8529 -0.2414
vn 0.4624 -0.8530 -0.2419
vn 0.2667 -0.7421 0.6149
vn 0.2803 -0.7802 0.5592
vn 0.2801 -0.7795 -0.5602
vn 0.2816 -0.7797 -0.5592
vn 0.3546 -0.7900 0.5001
vn 0.3681 -0.8201 0.4381
vn 0.3680 -0.8199 -0.4387
vn 0.3686 -0.8198 -0.4381
vn -0.7969 -0.3389 0.5002
vn -0.7960 -0.3397 0.5010
vn -0.7965 -0.3399 -0.5002
vn -0.7626 -0.3254 -0.5591
vn 0.1978 -0.7155 0.6701
vn 0.1679 -0.7082 0.6857
vn 0.1138 -0.7193 -0.6853
vn 0.1432 -0.7288 -0.6696
vn 0.2101 -0.7601 0.6149
vn 0.2097 -0.7586 -0.6168
vn 0.2116 -0.7591 -0.6157
vn 0.4624 -0.8531 0.2417
vn 0.4694 -0.8659 0.1726
vn 0.4693 -0.8657 -0.1745
vn 0.4707 -0.8652 -0.1729
vn -0.9008 -0.3050 0.3091
vn -0.9001 -0.3059 0.3101
vn -0.9005 -0.3060 -0.3091
vn -0.8780 -0.2984 -0.3742
vn 0.4706 -0.8650 0.1742
vn 0.4753 -0.8735 0.1052
vn 0.4753 -0.8735 -0.1050
vn 0.4751 -0.8736 -0.1052
vn -0.7358 -0.3821 0.5591
vn -0.7353 -0.3825 0.5595
vn -0.7356 -0.3826 -0.5591
vn -0.6983 -0.3632 -0.6168
vn -0.5999 -0.4383 0.6694
vn -0.6317 -0.3902 -0.6699
vn 0.4751 -0.8736 0.1050
vn 0.4774 -0.8780 0.0352
vn 0.4773 -0.8780 -0.0351
vn 0.4774 -0.8780 -0.0350
vn 0.4773 -0.8780 0.0351
vn 0.3685 -0.8196 0.4387
vn 0.3801 -0.8452 0.3757
vn 0.3801 -0.8453 -0.3754
vn 0.3798 -0.8453 -0.3757
vn -0.6698 -0.4145 0.6161
vn -0.6704 -0.4142 0.6156
vn -0.6696 -0.4137 -0.6169
vn 0.2814 -0.7791 0.5602
vn 0.2941 -0.8145 0.5001
vn 0.2941 -0.8144 -0.5002
vn 0.2942 -0.8144 -0.5001
vn -0.9182 -0.3127 0.2432
vn -0.9191 -0.3113 0.2415
vn -0.9188 -0.3111 -0.2429
vn -0.9005 -0.3049 -0.3101
vn -0.8260 -0.3532 0.4392
vn -0.8274 -0.3519 0.4377
vn -0.8267 -0.3516 -0.4392
vn -0.7964 -0.3387 -0.5010
vn 0.1433 -0.7290 0.6693
vn 0.0607 -0.7412 0.6685
vn 0.0885 -0.7376 -0.6694
vn -0.9327 -0.3166 0.1728
vn -0.9322 -0.3175 0.1738
vn -0.9323 -0.3176 -0.1730
vn -0.9187 -0.3129 -0.2411
vn 0.2116 -0.7588 0.6160
vn 0.2225 -0.7979 0.5602
vn 0.2228 -0.7990 -0.5586
vn 0.2205 -0.7985 -0.5602
vn 0.3799 -0.8454 0.3754
vn 0.3897 -0.8674 0.3094
vn 0.3898 -0.8675 -0.3091
vn 0.3894 -0.8675 -0.3094
vn 0.1519 -0.7729 0.6160
vn 0.1517 -0.7721 -0.6171
vn 0.1522 -0.7723 -0.6168
vn -0.9416 -0.3201 0.1045
vn -0.9418 -0.3197 0.1040
vn -0.9417 -0.3197 -0.1045
vn -0.9325 -0.3166 -0.1741
vn -0.5658 -0.4816 0.6693
vn -0.5995 -0.4380 -0.6699
vn -0.5434 -0.4632 -0.7001
vn -0.7680 -0.3989 0.5011
vn -0.7681 -0.3988 0.5010
vn -0.7680 -0.3988 -0.5011
vn -0.7356 -0.3819 -0.5595
vn -0.8533 -0.3631 0.3742
vn -0.8521 -0.3643 0.3757
vn -0.8527 -0.3646 -0.3742
vn -0.8267 -0.3535 -0.4377
vn -0.9464 -0.3212 0.0347
vn -0.9462 -0.3217 0.0352
vn -0.9462 -0.3217 -0.0347
vn -0.9416 -0.3201 -0.1040
vn -0.9463 -0.3212 -0.0352
vn 0.2942 -0.8144 0.5002
vn 0.3053 -0.8452 0.4387
vn 0.3054 -0.8453 -0.4384
vn 0.3050 -0.8453 -0.4387
vn 0.3894 -0.8677 0.3091
vn 0.3974 -0.8853 0.2417
vn 0.3974 -0.8853 -0.2414
vn 0.3975 -0.8853 -0.2413
vn -0.6366 -0.4644 0.6157
vn -0.6360 -0.4647 0.6161
vn -0.6695 -0.4144 -0.6164
vn -0.6358 -0.4645 -0.6164
vn -0.7049 -0.4360 0.5595
vn -0.7047 -0.4361 0.5597
vn -0.7048 -0.4362 -0.5595
vn 0.0851 -0.7092 0.6998
vn 0.0044 -0.7283 -0.6853
vn 0.0323 -0.7422 -0.6694
vn 0.3974 -0.8852 0.2417
vn 0.4033 -0.8983 0.1742
vn 0.4033 -0.8983 -0.1743
vn 0.4031 -0.8984 -0.1745
vn -0.8743 -0.3735 0.3101
vn -0.8752 -0.3724 0.3088
vn -0.8748 -0.3722 -0.3102
vn -0.8528 -0.3628 -0.3757
vn 0.2207 -0.7995 0.5586
vn 0.2305 -0.8347 0.5002
vn 0.2303 -0.8343 -0.5009
vn 0.2313 -0.8344 -0.5002
vn -0.5059 -0.5032 0.7006
vn -0.5071 -0.5032 0.6997
vn -0.5433 -0.4624 -0.7007
vn 0.3051 -0.8454 0.4384
vn 0.3146 -0.8718 0.3754
vn 0.3147 -0.8721 -0.3748
vn 0.3140 -0.8721 -0.3754
vn 0.4031 -0.8984 0.1740
vn 0.4071 -0.9073 0.1050
vn 0.4071 -0.9074 -0.1046
vn 0.4068 -0.9075 -0.1050
vn -0.7979 -0.4146 0.4376
vn -0.7980 -0.4145 0.4375
vn -0.7979 -0.4145 -0.4376
vn -0.7680 -0.3989 -0.5010
vn 0.0938 -0.7819 0.6163
vn 0.1523 -0.7726 0.6163
vn 0.0938 -0.7818 -0.6165
vn 0.0929 -0.7814 -0.6170
vn 0.1604 -0.8138 0.5586
vn 0.1603 -0.8133 -0.5594
vn 0.1613 -0.8136 -0.5587
vn 0.4069 -0.9075 0.1046
vn 0.4088 -0.9119 0.0351
vn 0.4090 -0.9119 -0.0350
vn 0.4088 -0.9119 -0.0351
vn 0.4090 -0.9119 0.0352
vn -0.8928 -0.3804 0.2415
vn -0.8922 -0.3811 0.2424
vn -0.8925 -0.3812 -0.2411
vn -0.8747 -0.3736 -0.3088
vn 0.0323 -0.7425 0.6690
vn -0.0525 -0.7421 0.6683
vn -0.0239 -0.7428 -0.6691
vn -0.5989 -0.5116 0.6161
vn -0.6004 -0.5110 0.6152
vn -0.6359 -0.4639 -0.6169
vn -0.5994 -0.5101 -0.6169
vn -0.7360 -0.4552 0.5010
vn -0.7361 -0.4552 0.5010
vn -0.7361 -0.4552 -0.5010
vn -0.7048 -0.4359 -0.5597
vn 0.3141 -0.8723 0.3748
vn 0.3222 -0.8948 0.3090
vn 0.3222 -0.8948 -0.3090
vn 0.3221 -0.8948 -0.3090
vn -0.9057 -0.3867 0.1737
vn -0.9061 -0.3860 0.1729
vn -0.9060 -0.3860 -0.1740
vn -0.8926 -0.3803 -0.2420
vn -0.4867 -0.5611 0.6695
vn -0.5267 -0.5239 -0.6694
vn -0.6689 -0.4893 0.5596
vn -0.6700 -0.4887 0.5588
vn -0.6695 -0.4884 -0.5596
vn 0.2312 -0.8341 0.5009
vn 0.2401 -0.8661 0.4384
vn 0.2401 -0.8660 -0.4386
vn 0.2403 -0.8660 -0.4384
vn -0.8228 -0.4264 0.3757
vn -0.8220 -0.4271 0.3767
vn -0.8223 -0.4273 -0.3757
vn -0.7979 -0.4146 -0.4375
vn -0.9150 -0.3897 0.1041
vn -0.9146 -0.3905 0.1051
vn -0.9147 -0.3906 -0.1041
vn -0.9058 -0.3868 -0.1732
vn 0.0342 -0.7872 0.6157
vn 0.0930 -0.7825 0.6157
vn 0.0342 -0.7861 -0.6172
vn 0.0352 -0.7866 -0.6165
vn -0.0230 -0.7136 0.7002
vn -0.0801 -0.7388 -0.6691
vn -0.9194 -0.3918 0.0352
vn -0.9195 -0.3916 0.0350
vn -0.9195 -0.3916 -0.0352
vn -0.9150 -0.3896 -0.1051
vn 0.3221 -0.8948 0.3090
vn 0.3287 -0.9130 0.2417
vn 0.3286 -0.9127 -0.2428
vn 0.3300 -0.9126 -0.2414
vn -0.9194 -0.3918 -0.0350
vn 0.1612 -0.8131 0.5593
vn 0.1683 -0.8490 0.5009
vn 0.1684 -0.8495 -0.5000
vn 0.1673 -0.8492 -0.5009
vn 0.0979 -0.8231 0.5594
vn 0.0978 -0.8224 -0.5604
vn 0.0991 -0.8229 -0.5594
vn -0.4423 -0.5967 0.6696
vn -0.4869 -0.5612 -0.6693
vn -0.5096 -0.5559 -0.6567
vn -0.5603 -0.5546 0.6152
vn -0.5582 -0.5553 0.6165
vn -0.5990 -0.5116 -0.6160
vn -0.5585 -0.5556 -0.6159
vn -0.8440 -0.4385 0.3089
vn -0.8447 -0.4377 0.3079
vn -0.8444 -0.4376 -0.3089
vn -0.8225 -0.4262 -0.3767
vn -0.7649 -0.4729 0.4375
vn -0.7647 -0.4730 0.4376
vn -0.7648 -0.4730 -0.4375
vn -0.7360 -0.4552 -0.5010
vn -0.0800 -0.7385 0.6695
vn -0.1634 -0.7254 0.6687
vn -0.1079 -0.7357 -0.6686
vn -0.1298 -0.7029 -0.6994
vn 0.3299 -0.9122 0.2431
vn 0.3349 -0.9261 0.1740
vn 0.3350 -0.9262 -0.1730
vn 0.3337 -0.9264 -0.1743
vn 0.2403 -0.8659 0.4386
vn 0.2479 -0.8933 0.3748
vn 0.2478 -0.8930 -0.3756
vn 0.2486 -0.8931 -0.3748
vn -0.3810 -0.6040 0.7000
vn -0.4202 -0.6135 0.6686
vn -0.4792 -0.6465 -0.5936
vn -0.6312 -0.5378 0.5588
vn -0.6302 -0.5383 0.5596
vn -0.6693 -0.4896 -0.5588
vn -0.6306 -0.5386 -0.5588
vn -0.0253 -0.7871 0.6164
vn 0.0352 -0.7866 0.6164
vn -0.0253 -0.7865 -0.6171
vn -0.6984 -0.5110 0.5010
vn -0.6985 -0.5110 0.5009
vn -0.6985 -0.5110 -0.5010
vn 0.3338 -0.9267 0.1727
vn 0.3371 -0.9356 0.1046
vn 0.3371 -0.9356 -0.1049
vn 0.3373 -0.9356 -0.1046
vn -0.1295 -0.7013 0.7010
vn -0.2134 -0.6961 -0.6855
vn -0.1907 -0.7180 -0.6694
vn -0.8610 -0.4470 0.2424
vn -0.8609 -0.4472 0.2427
vn -0.8610 -0.4473 -0.2420
vn -0.8443 -0.4386 -0.3079
vn 0.3373 -0.9355 0.1049
vn 0.3390 -0.9401 0.0352
vn 0.3385 -0.9403 -0.0352
vn 0.3390 -0.9402 -0.0347
vn -0.3468 -0.6570 0.6694
vn -0.4366 -0.6920 -0.5749
vn -0.2986 -0.7381 -0.6051
vn 0.3385 -0.9403 0.0347
vn -0.1906 -0.7176 0.6699
vn -0.2446 -0.7014 -0.6695
vn 0.1674 -0.8497 0.5000
vn 0.1737 -0.8817 0.4387
vn 0.1737 -0.8817 -0.4388
vn 0.1738 -0.8817 -0.4387
vn -0.5152 -0.5954 0.6165
vn -0.5163 -0.5952 0.6158
vn -0.5592 -0.5535 -0.6172
vn -0.5156 -0.5943 -0.6172
vn -0.3237 -0.6566 0.6813
vn -0.3333 -0.6316 -0.7000
vn -0.2963 -0.6812 -0.6695
vn 0.2486 -0.8928 0.3756
vn 0.2551 -0.9162 0.3090
vn 0.2551 -0.9163 -0.3087
vn 0.2548 -0.9163 -0.3090
vn -0.2445 -0.7011 0.6699
vn -0.2488 -0.6963 0.6732
vn -0.2976 -0.6841 0.6659
vn 0.0371 -0.8274 0.5604
vn 0.0991 -0.8223 0.5604
vn 0.0371 -0.8283 -0.5591
vn 0.0354 -0.8275 -0.5604
vn -0.7874 -0.4879 0.3767
vn -0.7882 -0.4873 0.3759
vn -0.7879 -0.4871 -0.3767
vn -0.7648 -0.4728 -0.4376
vn 0.1036 -0.8598 0.5000
vn 0.1036 -0.8597 -0.5002
vn 0.1037 -0.8598 -0.5000
vn -0.8742 -0.4537 0.1729
vn -0.8741 -0.4538 0.1731
vn -0.8741 -0.4538 -0.1732
vn -0.8611 -0.4471 -0.2423
vn -0.0848 -0.7829 0.6164
vn -0.0848 -0.7829 -0.6163
vn -0.0860 -0.7822 -0.6171
vn -0.8825 -0.4585 0.1050
vn -0.8827 -0.4581 0.1044
vn -0.8827 -0.4581 -0.1050
vn -0.8742 -0.4536 -0.1734
vn -0.5889 -0.5832 0.5596
vn -0.5891 -0.5831 0.5594
vn -0.6309 -0.5375 -0.5595
vn -0.5890 -0.5831 -0.5596
vn -0.4685 -0.6335 0.6158
vn -0.4694 -0.6334 0.6152
vn -0.5152 -0.5954 -0.6166
vn -0.4688 -0.6325 -0.6166
vn 0.2549 -0.9164 0.3087
vn 0.2599 -0.9345 0.2432
vn 0.2600 -0.9350 -0.2413
vn 0.2585 -0.9350 -0.2428
vn -0.7264 -0.5299 0.4376
vn -0.7252 -0.5306 0.4388
vn -0.7257 -0.5310 -0.4376
vn -0.6985 -0.5111 -0.5009
vn -0.8871 -0.4602 0.0351
vn -0.8868 -0.4608 0.0358
vn -0.8868 -0.4608 -0.0350
vn -0.8825 -0.4586 -0.1044
vn -0.6596 -0.5603 0.5009
vn -0.6583 -0.5609 0.5020
vn -0.6588 -0.5613 -0.5009
vn -0.8871 -0.4602 -0.0357
vn -0.8094 -0.5000 0.3079
vn -0.8084 -0.5009 0.3092
vn -0.8088 -0.5011 -0.3079
vn -0.7877 -0.4880 -0.3759
vn 0.1738 -0.8816 0.4388
vn 0.1792 -0.9093 0.3755
vn 0.1792 -0.9091 -0.3761
vn 0.1798 -0.9092 -0.3755
vn -0.1431 -0.7750 0.6156
vn -0.0861 -0.7834 0.6156
vn -0.1430 -0.7747 -0.6159
vn -0.1436 -0.7743 -0.6163
vn -0.0267 -0.8287 0.5591
vn 0.0354 -0.8283 0.5591
vn -0.0267 -0.8287 -0.5590
vn -0.0269 -0.8287 -0.5591
vn 0.2586 -0.9353 0.2417
vn 0.2625 -0.9494 0.1727
vn 0.2624 -0.9491 -0.1741
vn 0.2635 -0.9490 -0.1729
vn -0.4209 -0.6666 0.6152
vn -0.4206 -0.6667 0.6154
vn -0.4684 -0.6334 -0.6160
vn -0.4203 -0.6663 -0.6159
vn 0.1037 -0.8597 0.5001
vn 0.1076 -0.8921 0.4388
vn 0.1077 -0.8925 -0.4381
vn 0.1069 -0.8922 -0.4388
vn -0.2024 -0.7620 0.6152
vn -0.1438 -0.7752 0.6151
vn -0.2022 -0.7611 -0.6164
vn -0.2017 -0.7615 -0.6160
vn 0.0370 -0.8652 0.5001
vn 0.0370 -0.8652 -0.5001
vn 0.0369 -0.8652 -0.5001
vn -0.5421 -0.6270 0.5594
vn -0.5425 -0.6269 0.5592
vn -0.5889 -0.5833 -0.5594
vn -0.5424 -0.6268 -0.5594
vn 0.2635 -0.9489 0.1738
vn 0.2661 -0.9582 0.1050
vn 0.2661 -0.9583 -0.1044
vn 0.2656 -0.9584 -0.1050
vn -0.8248 -0.5107 0.2426
vn -0.8256 -0.5100 0.2416
vn -0.8254 -0.5099 -0.2422
vn -0.8091 -0.4998 -0.3092
vn -0.3682 -0.6970 0.6153
vn -0.3678 -0.6970 0.6156
vn -0.4205 -0.6660 -0.6161
vn -0.3677 -0.6966 -0.6161
vn -0.7481 -0.5468 0.3759
vn -0.7489 -0.5463 0.3750
vn -0.7487 -0.5461 -0.3759
vn -0.7260 -0.5295 -0.4388
vn -0.2595 -0.7441 0.6156
vn -0.2017 -0.7618 0.6156
vn -0.2593 -0.7437 -0.6161
vn -0.2596 -0.7435 -0.6163
vn 0.1798 -0.9090 0.3761
vn 0.1846 -0.9330 0.3088
vn 0.1845 -0.9329 -0.3091
vn 0.1849 -0.9330 -0.3088
vn 0.2656 -0.9584 0.1044
vn 0.2669 -0.9631 0.0347
vn 0.2675 -0.9629 -0.0346
vn 0.2669 -0.9631 -0.0353
vn -0.3142 -0.7228 0.6155
vn -0.3145 -0.7228 0.6153
vn -0.3679 -0.6963 -0.6163
vn -0.3142 -0.7222 -0.6163
vn 0.2675 -0.9629 0.0354
vn -0.2598 -0.7442 0.6154
vn -0.3140 -0.7224 -0.6161
vn -0.0906 -0.8242 0.5590
vn -0.0269 -0.8287 0.5590
vn -0.0905 -0.8235 -0.5600
vn -0.0892 -0.8244 -0.5590
vn -0.6137 -0.6094 0.5020
vn -0.6149 -0.6090 0.5010
vn -0.6592 -0.5599 -0.5019
vn -0.6145 -0.6086 -0.5020
vn -0.6840 -0.5828 0.4388
vn -0.6853 -0.5821 0.4376
vn -0.6848 -0.5817 -0.4388
vn -0.8376 -0.5181 0.1731
vn -0.8373 -0.5184 0.1736
vn -0.8374 -0.5184 -0.1734
vn -0.8251 -0.5109 -0.2412
vn -0.4936 -0.6662 0.5591
vn -0.4927 -0.6663 0.5597
vn -0.5422 -0.6272 -0.5592
vn -0.4929 -0.6667 -0.5591
vn 0.1069 -0.8925 0.4381
vn 0.1102 -0.9200 0.3760
vn 0.1102 -0.9202 -0.3757
vn 0.1098 -0.9201 -0.3760
vn 0.1849 -0.9329 0.3091
vn 0.1886 -0.9519 0.2416
vn 0.1887 -0.9521 -0.2407
vn 0.1881 -0.9521 -0.2413
vn -0.8455 -0.5237 0.1044
vn -0.8459 -0.5232 0.1037
vn -0.8458 -0.5232 -0.1044
vn -0.8375 -0.5180 -0.1738
vn -0.0281 -0.8655 0.5001
vn 0.0369 -0.8652 0.5001
vn -0.0280 -0.8650 -0.5010
vn -0.0270 -0.8655 -0.5001
vn -0.7676 -0.5614 0.3091
vn -0.7679 -0.5612 0.3089
vn -0.7678 -0.5612 -0.3091
vn -0.7484 -0.5470 -0.3751
vn -0.1511 -0.8146 0.5600
vn -0.0892 -0.8237 0.5600
vn -0.1511 -0.8147 -0.5598
vn -0.1513 -0.8146 -0.5600
vn 0.0383 -0.8981 0.4381
vn 0.0383 -0.8974 -0.4395
vn 0.0399 -0.8980 -0.4381
vn -0.8497 -0.5260 0.0358
vn -0.8496 -0.5263 0.0361
vn -0.8496 -0.5263 -0.0357
vn -0.8455 -0.5238 -0.1038
vn -0.8497 -0.5260 -0.0360
vn -0.4419 -0.7011 0.5597
vn -0.4426 -0.7010 0.5592
vn -0.4934 -0.6658 -0.5597
vn -0.4424 -0.7007 -0.5597
vn -0.5664 -0.6544 0.5011
vn -0.5659 -0.6545 0.5014
vn -0.6141 -0.6098 -0.5010
vn -0.5660 -0.6547 -0.5011
vn 0.1881 -0.9521 0.2411
vn 0.1909 -0.9661 0.1738
vn 0.1909 -0.9660 -0.1744
vn 0.1912 -0.9660 -0.1740
vn -0.7056 -0.6013 0.3750
vn -0.7056 -0.6013 0.3749
vn -0.7056 -0.6012 -0.3750
vn -0.6844 -0.5832 -0.4376
vn -0.2121 -0.8010 0.5598
vn -0.1513 -0.8147 0.5598
vn -0.2121 -0.8011 -0.5596
vn -0.2123 -0.8010 -0.5598
vn -0.6379 -0.6337 0.4376
vn -0.6380 -0.6336 0.4375
vn -0.6380 -0.6336 -0.4376
vn -0.7835 -0.5725 0.2416
vn -0.7832 -0.5728 0.2419
vn -0.7833 -0.5729 -0.2412
vn -0.7677 -0.5615 -0.3089
vn -0.3876 -0.7328 0.5592
vn -0.3872 -0.7328 0.5595
vn -0.4420 -0.7013 -0.5592
vn -0.3873 -0.7330 -0.5592
vn 0.1099 -0.9202 0.3757
vn 0.1127 -0.9443 0.3091
vn 0.1127 -0.9442 -0.3094
vn 0.1130 -0.9443 -0.3091
vn 0.1912 -0.9660 0.1741
vn 0.1931 -0.9756 0.1044
vn 0.1931 -0.9756 -0.1047
vn 0.1934 -0.9756 -0.1044
vn -0.0931 -0.8604 0.5010
vn -0.0270 -0.8650 0.5010
vn -0.0932 -0.8606 -0.5006
vn -0.0936 -0.8604 -0.5010
vn -0.2732 -0.7825 0.5596
vn -0.2123 -0.8011 0.5596
vn -0.2731 -0.7822 -0.5600
vn -0.2727 -0.7826 -0.5596
vn -0.3311 -0.7598 0.5595
vn -0.3303 -0.7598 0.5601
vn -0.3875 -0.7326 -0.5595
vn -0.3304 -0.7601 -0.5595
vn -0.2726 -0.7824 0.5600
vn -0.3310 -0.7595 -0.5600
vn 0.1934 -0.9755 0.1047
vn 0.1943 -0.9803 0.0354
vn 0.1938 -0.9804 -0.0353
vn 0.1943 -0.9803 -0.0347
vn 0.1938 -0.9804 0.0348
vn 0.0398 -0.8974 0.4394
vn 0.0411 -0.9258 0.3757
vn 0.0411 -0.9263 -0.3746
vn 0.0399 -0.9259 -0.3757
vn -0.5150 -0.6952 0.5015
vn -0.5151 -0.6952 0.5014
vn -0.5662 -0.6542 -0.5014
vn -0.5151 -0.6951 -0.5015
vn -0.0280 -0.8978 0.4394
vn -0.0280 -0.8986 -0.4378
vn -0.0299 -0.8978 -0.4394
vn -0.7959 -0.5800 0.1736
vn -0.7949 -0.5809 0.1749
vn -0.7951 -0.5810 -0.1738
vn -0.7835 -0.5725 -0.2416
vn -0.7241 -0.6167 0.3088
vn -0.7238 -0.6169 0.3091
vn -0.7239 -0.6169 -0.3088
vn -0.7056 -0.6013 -0.3749
vn 0.1130 -0.9442 0.3094
vn 0.1153 -0.9636 0.2411
vn 0.1153 -0.9635 -0.2417
vn 0.1163 -0.9636 -0.2407
vn -0.1581 -0.8511 0.5007
vn -0.0936 -0.8606 0.5006
vn -0.1581 -0.8509 -0.5010
vn -0.1577 -0.8511 -0.5007
vn -0.8037 -0.5859 0.1038
vn -0.8038 -0.5858 0.1036
vn -0.8038 -0.5858 -0.1038
vn -0.7957 -0.5798 -0.1752
vn -0.5886 -0.6798 0.4375
vn -0.5884 -0.6799 0.4376
vn -0.6380 -0.6337 -0.4375
vn -0.5885 -0.6799 -0.4375
vn -0.6577 -0.6534 0.3749
vn -0.6577 -0.6533 0.3749
vn -0.6577 -0.6533 -0.3749
vn -0.4611 -0.7321 0.5013
vn -0.4614 -0.7321 0.5011
vn -0.5150 -0.6952 -0.5014
vn -0.4614 -0.7320 -0.5014
vn -0.8074 -0.5889 0.0361
vn -0.8076 -0.5887 0.0358
vn -0.8076 -0.5887 -0.0360
vn -0.8038 -0.5859 -0.1036
vn -0.8074 -0.5889 -0.0357
vn 0.1163 -0.9633 0.2421
vn 0.1180 -0.9776 0.1742
vn 0.1180 -0.9778 -0.1730
vn 0.1166 -0.9777 -0.1744
vn -0.2217 -0.8366 0.5010
vn -0.1577 -0.8510 0.5010
vn -0.2218 -0.8370 -0.5002
vn -0.2226 -0.8364 -0.5010
vn 0.0400 -0.9263 0.3747
vn 0.0410 -0.9500 0.3094
vn 0.0410 -0.9503 -0.3085
vn 0.0401 -0.9501 -0.3094
vn -0.0972 -0.8938 0.4378
vn -0.0299 -0.8986 0.4378
vn -0.0972 -0.8937 -0.4380
vn -0.0969 -0.8938 -0.4378
vn -0.7391 -0.6286 0.2420
vn -0.7385 -0.6290 0.2427
vn -0.7387 -0.6292 -0.2416
vn -0.7240 -0.6167 -0.3091
vn -0.4039 -0.7653 0.5011
vn -0.4048 -0.7653 0.5005
vn -0.4612 -0.7322 -0.5011
vn -0.4046 -0.7649 -0.5011
vn -0.0308 -0.9266 0.3747
vn -0.0308 -0.9263 -0.3755
vn -0.0300 -0.9267 -0.3747
vn -0.2849 -0.8177 0.5003
vn -0.2227 -0.8368 0.5003
vn -0.2847 -0.8173 -0.5010
vn -0.2840 -0.8179 -0.5003
vn 0.1167 -0.9780 0.1727
vn 0.1178 -0.9875 0.1047
vn 0.1178 -0.9875 -0.1051
vn 0.1182 -0.9875 -0.1047
vn -0.3463 -0.7934 0.5005
vn -0.3457 -0.7934 0.5010
vn -0.4041 -0.7656 -0.5005
vn -0.3458 -0.7936 -0.5005
vn -0.5356 -0.7222 0.4376
vn -0.5351 -0.7224 0.4380
vn -0.5886 -0.6798 -0.4376
vn -0.5352 -0.7225 -0.4376
vn -0.2839 -0.8176 0.5010
vn -0.3462 -0.7932 -0.5010
vn 0.1182 -0.9874 0.1051
vn 0.1188 -0.9923 0.0348
vn 0.1186 -0.9923 -0.0348
vn 0.1188 -0.9923 -0.0346
vn -0.6746 -0.6703 0.3091
vn -0.6747 -0.6703 0.3091
vn -0.6747 -0.6703 -0.3091
vn -0.6577 -0.6534 -0.3749
vn 0.1186 -0.9923 0.0346
vn -0.7494 -0.6386 0.1749
vn -0.7502 -0.6380 0.1739
vn -0.7500 -0.6378 -0.1752
vn -0.7391 -0.6286 -0.2423
vn -0.6074 -0.7003 0.3749
vn -0.6066 -0.7006 0.3757
vn -0.6068 -0.7009 -0.3749
vn 0.0401 -0.9504 0.3085
vn 0.0409 -0.9694 0.2420
vn 0.0409 -0.9693 -0.2424
vn 0.0416 -0.9695 -0.2417
vn -0.1638 -0.8839 0.4380
vn -0.0969 -0.8937 0.4380
vn -0.1638 -0.8839 -0.4381
vn -0.1637 -0.8840 -0.4380
vn -0.4798 -0.7602 0.4380
vn -0.4789 -0.7604 0.4387
vn -0.5355 -0.7221 -0.4380
vn -0.4791 -0.7607 -0.4380
vn -0.7573 -0.6448 0.1036
vn -0.7570 -0.6451 0.1041
vn -0.7570 -0.6451 -0.1036
vn -0.7495 -0.6387 -0.1741
vn -0.0300 -0.9263 0.3755
vn -0.0308 -0.9507 0.3085
vn -0.0308 -0.9505 -0.3091
vn -0.0301 -0.9507 -0.3085
vn -0.0999 -0.9214 0.3755
vn -0.0999 -0.9214 -0.3754
vn -0.1000 -0.9214 -0.3755
vn -0.2312 -0.8687 0.4381
vn -0.1637 -0.8839 0.4381
vn -0.2311 -0.8685 -0.4385
vn -0.2307 -0.8688 -0.4381
vn -0.7601 -0.6488 0.0357
vn -0.7610 -0.6479 0.0344
vn -0.7609 -0.6479 -0.0357
vn -0.7573 -0.6448 -0.1041
vn 0.0416 -0.9692 0.2428
vn 0.0422 -0.9841 0.1727
vn 0.0422 -0.9838 -0.1740
vn 0.0432 -0.9840 -0.1730
vn -0.6881 -0.6838 0.2427
vn -0.6882 -0.6838 0.2427
vn -0.6882 -0.6838 -0.2424
vn -0.6746 -0.6703 -0.3091
vn -0.7601 -0.6489 -0.0343
vn -0.4200 -0.7944 0.4388
vn -0.4193 -0.7945 0.4393
vn -0.4796 -0.7600 -0.4387
vn -0.4194 -0.7947 -0.4387
vn -0.5519 -0.7445 0.3756
vn -0.5521 -0.7444 0.3755
vn -0.6072 -0.7001 -0.3756
vn -0.5521 -0.7444 -0.3756
vn -0.2948 -0.8490 0.4385
vn -0.2307 -0.8686 0.4385
vn -0.2948 -0.8490 -0.4384
vn -0.2949 -0.8490 -0.4385
vn -0.6228 -0.7187 0.3090
vn -0.6232 -0.7186 0.3086
vn -0.6232 -0.7185 -0.3090
vn -0.3585 -0.8237 0.4393
vn -0.3595 -0.8237 0.4384
vn -0.4199 -0.7942 -0.4393
vn -0.3594 -0.8233 -0.4393
vn 0.0432 -0.9839 0.1737
vn 0.0436 -0.9935 0.1052
vn 0.0436 -0.9935 -0.1048
vn 0.0433 -0.9935 -0.1052
vn -0.2949 -0.8490 0.4384
vn -0.3587 -0.8241 -0.4385
vn -0.1688 -0.9113 0.3755
vn -0.1000 -0.9214 0.3754
vn -0.1687 -0.9112 -0.3759
vn -0.1683 -0.9114 -0.3755
vn -0.0301 -0.9505 0.3091
vn -0.0307 -0.9696 0.2427
vn -0.0307 -0.9699 -0.2415
vn -0.0316 -0.9697 -0.2424
vn -0.6992 -0.6935 0.1738
vn -0.6984 -0.6940 0.1749
vn -0.6985 -0.6941 -0.1741
vn -0.6882 -0.6839 -0.2423
vn 0.0433 -0.9935 0.1048
vn 0.0435 -0.9985 0.0346
vn 0.0433 -0.9985 -0.0346
vn 0.0435 -0.9985 -0.0344
vn 0.0433 -0.9985 0.0345
vn -0.1026 -0.9455 0.3091
vn -0.1026 -0.9452 -0.3101
vn -0.1016 -0.9456 -0.3091
vn -0.4942 -0.7841 0.3756
vn -0.4947 -0.7840 0.3750
vn -0.5520 -0.7445 -0.3755
vn -0.4946 -0.7838 -0.3756
vn -0.7054 -0.7011 0.1041
vn -0.7062 -0.7004 0.1030
vn -0.7062 -0.7004 -0.1041
vn -0.6990 -0.6933 -0.1751
vn -0.6355 -0.7330 0.2426
vn -0.6353 -0.7331 0.2429
vn -0.6354 -0.7332 -0.2423
vn -0.6229 -0.7189 -0.3086
vn -0.2378 -0.8956 0.3759
vn -0.1683 -0.9113 0.3759
vn -0.2379 -0.8958 -0.3753
vn -0.2385 -0.8954 -0.3759
vn -0.0316 -0.9698 0.2418
vn -0.0321 -0.9843 0.1736
vn -0.0321 -0.9842 -0.1744
vn -0.0317 -0.9843 -0.1739
vn -0.5666 -0.7640 0.3086
vn -0.5665 -0.7641 0.3088
vn -0.5665 -0.7641 -0.3086
vn -0.7096 -0.7038 0.0344
vn -0.7088 -0.7045 0.0355
vn -0.7089 -0.7045 -0.0343
vn -0.7055 -0.7012 -0.1030
vn -0.4328 -0.8198 0.3750
vn -0.4334 -0.8197 0.3745
vn -0.4943 -0.7843 -0.3750
vn -0.4333 -0.8195 -0.3750
vn -0.7095 -0.7038 -0.0354
vn -0.3041 -0.8756 0.3753
vn -0.2386 -0.8957 0.3753
vn -0.3041 -0.8756 -0.3752
vn -0.3042 -0.8756 -0.3753
vn -0.1726 -0.9349 0.3101
vn -0.1015 -0.9453 0.3101
vn -0.1728 -0.9355 -0.3082
vn -0.1746 -0.9345 -0.3101
vn -0.1036 -0.9648 0.2419
vn -0.1037 -0.9651 -0.2403
vn -0.1048 -0.9647 -0.2415
vn -0.3708 -0.8499 0.3744
vn -0.3699 -0.8499 0.3752
vn -0.4329 -0.8200 -0.3745
vn -0.3700 -0.8502 -0.3744
vn -0.0317 -0.9842 0.1741
vn -0.0320 -0.9940 0.1049
vn -0.0320 -0.9939 -0.1051
vn -0.0317 -0.9940 -0.1049
vn -0.3042 -0.8756 0.3752
vn -0.3706 -0.8496 -0.3752
vn -0.6432 -0.7454 0.1749
vn -0.6452 -0.7443 0.1725
vn -0.6449 -0.7439 -0.1752
vn -0.6355 -0.7330 -0.2425
vn -0.5069 -0.8048 0.3088
vn -0.5072 -0.8047 0.3086
vn -0.5666 -0.7640 -0.3088
vn -0.5071 -0.8047 -0.3088
vn -0.0317 -0.9940 0.1051
vn -0.0319 -0.9989 0.0345
vn -0.0318 -0.9989 -0.0344
vn -0.0319 -0.9989 -0.0345
vn -0.0318 -0.9989 0.0345
vn -0.5772 -0.7797 0.2429
vn -0.5779 -0.7793 0.2421
vn -0.5779 -0.7793 -0.2425
vn -0.2449 -0.9193 0.3081
vn -0.1747 -0.9351 0.3082
vn -0.2447 -0.9189 -0.3095
vn -0.2435 -0.9196 -0.3081
vn -0.6518 -0.7513 0.1030
vn -0.6496 -0.7528 0.1058
vn -0.6498 -0.7531 -0.1030
vn -0.6435 -0.7457 -0.1728
vn -0.1048 -0.9649 0.2407
vn -0.1063 -0.9790 0.1741
vn -0.1063 -0.9790 -0.1742
vn -0.1065 -0.9789 -0.1744
vn -0.4442 -0.8411 0.3087
vn -0.4440 -0.8411 0.3088
vn -0.5070 -0.8048 -0.3086
vn -0.4440 -0.8412 -0.3087
vn -0.1783 -0.9541 0.2406
vn -0.1782 -0.9538 -0.2421
vn -0.1765 -0.9545 -0.2403
vn -0.6542 -0.7555 0.0356
vn -0.6549 -0.7549 0.0345
vn -0.6549 -0.7549 -0.0355
vn -0.6516 -0.7511 -0.1058
vn -0.3121 -0.8982 0.3095
vn -0.2434 -0.9192 0.3095
vn -0.3121 -0.8983 -0.3093
vn -0.3123 -0.8982 -0.3095
vn -0.6542 -0.7555 -0.0345
vn -0.3807 -0.8716 0.3089
vn -0.3802 -0.8716 0.3093
vn -0.4442 -0.8410 -0.3088
vn -0.3803 -0.8718 -0.3089
vn -0.5869 -0.7911 0.1725
vn -0.5860 -0.7915 0.1735
vn -0.5861 -0.7916 -0.1728
vn -0.5774 -0.7799 -0.2417
vn -0.3123 -0.8982 0.3093
vn -0.3806 -0.8715 -0.3093
vn -0.1065 -0.9790 0.1739
vn -0.1076 -0.9886 0.1052
vn -0.1076 -0.9887 -0.1045
vn -0.1082 -0.9885 -0.1052
vn -0.5179 -0.8205 0.2420
vn -0.5170 -0.8208 0.2428
vn -0.5172 -0.8211 -0.2416
vn -0.1082 -0.9886 0.1045
vn -0.1088 -0.9935 0.0345
vn -0.1085 -0.9935 -0.0344
vn -0.1088 -0.9935 -0.0348
vn -0.2483 -0.9378 0.2424
vn -0.1765 -0.9540 0.2424
vn -0.2484 -0.9380 -0.2419
vn -0.2485 -0.9379 -0.2421
vn -0.1791 -0.9683 0.1739
vn -0.1791 -0.9684 -0.1734
vn -0.1798 -0.9682 -0.1742
vn -0.1085 -0.9935 0.0348
vn -0.5915 -0.7993 0.1058
vn -0.5925 -0.7987 0.1046
vn -0.5924 -0.7986 -0.1058
vn -0.5867 -0.7909 -0.1738
vn -0.4532 -0.8577 0.2428
vn -0.4530 -0.8578 0.2430
vn -0.5178 -0.8204 -0.2425
vn -0.4531 -0.8579 -0.2424
vn -0.3186 -0.9164 0.2423
vn -0.2485 -0.9378 0.2423
vn -0.3187 -0.9168 -0.2407
vn -0.3197 -0.9161 -0.2419
vn -0.5252 -0.8331 0.1736
vn -0.5257 -0.8329 0.1731
vn -0.5256 -0.8328 -0.1739
vn -0.5957 -0.8025 0.0345
vn -0.5945 -0.8033 0.0361
vn -0.5945 -0.8033 -0.0345
vn -0.5916 -0.7994 -0.1046
vn -0.3866 -0.8896 0.2431
vn -0.3884 -0.8893 0.2412
vn -0.4532 -0.8577 -0.2427
vn -0.3883 -0.8890 -0.2427
vn -0.5957 -0.8024 -0.0360
vn -0.1799 -0.9683 0.1731
vn -0.1816 -0.9778 0.1045
vn -0.1816 -0.9777 -0.1059
vn -0.1803 -0.9780 -0.1045
vn -0.3198 -0.9163 0.2411
vn -0.3868 -0.8901 -0.2409
vn -0.2522 -0.9521 0.1731
vn -0.2522 -0.9519 -0.1739
vn -0.2517 -0.9522 -0.1734
vn -0.1803 -0.9779 0.1059
vn -0.1812 -0.9828 0.0348
vn -0.1821 -0.9827 -0.0347
vn -0.1812 -0.9829 -0.0338
vn -0.5308 -0.8410 0.1046
vn -0.5303 -0.8412 0.1052
vn -0.5304 -0.8413 -0.1046
vn -0.5252 -0.8331 -0.1734
vn -0.4605 -0.8706 0.1731
vn -0.4601 -0.8707 0.1735
vn -0.4601 -0.8708 -0.1734
vn -0.1821 -0.9827 0.0338
vn -0.3245 -0.9298 0.1737
vn -0.2517 -0.9521 0.1737
vn -0.3244 -0.9297 -0.1746
vn -0.3239 -0.9300 -0.1740
vn -0.2541 -0.9614 0.1059
vn -0.2542 -0.9615 -0.1045
vn -0.2554 -0.9610 -0.1059
vn -0.5321 -0.8459 0.0361
vn -0.5335 -0.8451 0.0344
vn -0.5334 -0.8451 -0.0360
vn -0.5308 -0.8409 -0.1052
vn -0.3931 -0.9029 0.1736
vn -0.3925 -0.9031 0.1743
vn -0.4604 -0.8705 -0.1738
vn -0.3925 -0.9032 -0.1738
vn -0.3239 -0.9299 0.1743
vn -0.3931 -0.9028 -0.1745
vn -0.5322 -0.8460 -0.0344
vn -0.4642 -0.8794 0.1052
vn -0.4650 -0.8791 0.1043
vn -0.4650 -0.8791 -0.1052
vn -0.2554 -0.9612 0.1045
vn -0.2567 -0.9659 0.0339
vn -0.2560 -0.9661 -0.0338
vn -0.2567 -0.9659 -0.0346
vn -0.2560 -0.9661 0.0347
vn -0.3271 -0.9392 0.1044
vn -0.3271 -0.9392 -0.1041
vn -0.3275 -0.9391 -0.1044
vn -0.3968 -0.9120 0.1043
vn -0.3970 -0.9119 0.1040
vn -0.4643 -0.8795 -0.1043
vn -0.3970 -0.9119 -0.1043
vn -0.4671 -0.8835 0.0344
vn -0.4665 -0.8838 0.0351
vn -0.4665 -0.8838 -0.0344
vn -0.3275 -0.9391 0.1041
vn -0.3968 -0.9120 -0.1040
vn -0.4671 -0.8835 -0.0350
vn -0.3291 -0.9437 0.0347
vn -0.3378 -0.9406 -0.0347
vn -0.3292 -0.9440 -0.0221
vn -0.3379 -0.9409 0.0247
vn -0.4071 -0.9127 0.0350
vn -0.3986 -0.9161 0.0425
vn -0.4071 -0.9127 -0.0350
vn -0.3986 -0.9161 -0.0424
usemtl Carriage2_lhmat
s off
f 1//1 2//1 3//1
f 4//2 1//2 3//2
f 5//2 4//2 3//2
f 6//2 5//2 3//2
f 7//3 6//3 3//3
f 2//4 7//4 3//4
f 8//2 5//2 6//2
f 9//2 8//2 6//2
f 7//5 9//5 6//5
f 10//6 2//6 1//6
f 11//7 10//7 1//7
f 12//2 11//2 1//2
f 4//2 12//2 1//2
f 13//2 8//2 9//2
f 14//2 13//2 9//2
f 15//8 14//8 9//8
f 7//9 15//9 9//9
f 16//10 10//10 11//10
f 17//11 16//11 11//11
f 18//2 17//2 11//2
f 12//2 18//2 11//2
f 19//12 20//12 21//12
f 22//13 19//13 21//13
f 20//14 23//14 21//14
f 24//15 22//15 21//15
f 23//16 24//16 21//16
f 25//17 23//17 20//17
f 26//18 25//18 20//18
f 19//19 26//19 20//19
f 27//20 24//20 23//20
f 28//21 26//21 19//21
f 25//22 29//22 23//22
f 29//23 30//23 23//23
f 30//24 27//24 23//24
f 22//25 31//25 19//25
f 31//26 32//26 19//26
f 32//27 28//27 19//27
f 33//2 13//2 14//2
f 34//2 33//2 14//2
f 35//28 34//28 14//28
f 15//29 35//29 14//29
f 36//30 16//30 17//30
f 37//31 36//31 17//31
f 38//2 37//2 17//2
f 18//2 38//2 17//2
f 24//32 31//32 22//32
f 26//33 29//33 25//33
f 29//34 39//34 30//34
f 39//35 40//35 30//35
f 40//36 27//36 30//36
f 31//37 41//37 32//37
f 42//38 28//38 32//38
f 39//39 43//39 40//39
f 41//40 44//40 32//40
f 44//41 42//41 32//41
f 45//2 46//2 27//2
f 40//2 45//2 27//2
f 46//2 24//2 27//2
f 46//42 31//42 24//42
f 28//43 47//43 26//43
f 47//43 29//43 26//43
f 42//43 48//43 28//43
f 48//43 47//43 28//43
f 49//2 33//2 34//2
f 50//2 49//2 34//2
f 51//44 50//44 34//44
f 35//45 51//45 34//45
f 52//46 36//46 37//46
f 53//47 52//47 37//47
f 54//2 53//2 37//2
f 38//2 54//2 37//2
f 43//48 55//48 40//48
f 44//49 56//49 42//49
f 57//2 45//2 40//2
f 55//50 57//50 40//50
f 44//51 41//51 31//51
f 58//52 44//52 31//52
f 46//53 58//53 31//53
f 43//54 39//54 29//54
f 47//43 59//43 29//43
f 59//55 43//55 29//55
f 56//43 60//43 42//43
f 60//43 48//43 42//43
f 61//56 55//56 43//56
f 44//57 62//57 56//57
f 61//58 57//58 55//58
f 58//59 63//59 44//59
f 59//60 64//60 43//60
f 64//61 65//61 43//61
f 62//43 60//43 56//43
f 66//62 67//62 68//62
f 69//63 66//63 68//63
f 67//64 4//64 68//64
f 4//65 5//65 68//65
f 5//66 69//66 68//66
f 67//67 12//67 4//67
f 10//68 46//68 2//68
f 46//69 7//69 2//69
f 10//70 58//70 46//70
f 45//71 7//71 46//71
f 70//72 66//72 69//72
f 5//73 8//73 69//73
f 8//74 70//74 69//74
f 66//75 71//75 67//75
f 71//76 12//76 67//76
f 71//77 18//77 12//77
f 15//78 7//78 45//78
f 57//79 15//79 45//79
f 16//80 63//80 58//80
f 10//81 16//81 58//81
f 65//82 61//82 43//82
f 65//83 72//83 61//83
f 72//84 73//84 61//84
f 73//85 74//85 61//85
f 75//86 62//86 44//86
f 76//87 75//87 44//87
f 77//88 76//88 44//88
f 63//89 77//89 44//89
f 78//90 72//90 65//90
f 75//91 79//91 62//91
f 79//92 80//92 62//92
f 81//93 66//93 70//93
f 8//94 13//94 70//94
f 13//95 81//95 70//95
f 66//2 82//2 71//2
f 82//96 18//96 71//96
f 82//96 38//96 18//96
f 35//97 15//97 57//97
f 61//98 35//98 57//98
f 36//99 77//99 63//99
f 16//100 36//100 63//100
f 83//2 49//2 50//2
f 84//101 83//101 50//101
f 85//102 84//102 50//102
f 51//103 85//103 50//103
f 86//104 52//104 53//104
f 87//105 86//105 53//105
f 88//106 87//106 53//106
f 54//2 88//2 53//2
f 78//107 73//107 72//107
f 76//108 79//108 75//108
f 76//109 89//109 79//109
f 90//110 74//110 73//110
f 91//111 90//111 73//111
f 92//112 93//112 79//112
f 93//113 80//113 79//113
f 91//114 73//114 78//114
f 94//115 91//115 78//115
f 95//116 89//116 76//116
f 77//117 95//117 76//117
f 65//118 96//118 78//118
f 96//119 94//119 78//119
f 97//2 66//2 81//2
f 13//120 33//120 81//120
f 33//120 97//120 81//120
f 66//2 98//2 82//2
f 98//121 38//121 82//121
f 98//121 54//121 38//121
f 51//122 35//122 61//122
f 74//123 51//123 61//123
f 52//124 95//124 77//124
f 36//125 52//125 77//125
f 89//126 92//126 79//126
f 99//127 91//127 94//127
f 100//128 101//128 89//128
f 101//129 92//129 89//129
f 102//130 99//130 94//130
f 99//131 103//131 91//131
f 101//132 104//132 92//132
f 105//2 90//2 91//2
f 103//2 105//2 91//2
f 106//43 93//43 92//43
f 104//43 106//43 92//43
f 107//133 100//133 89//133
f 108//134 107//134 89//134
f 95//135 108//135 89//135
f 109//136 102//136 94//136
f 96//43 110//43 94//43
f 110//43 109//43 94//43
f 111//137 66//137 97//137
f 33//138 49//138 97//138
f 49//139 111//139 97//139
f 66//140 112//140 98//140
f 112//141 54//141 98//141
f 112//142 88//142 54//142
f 85//143 51//143 74//143
f 90//144 85//144 74//144
f 86//145 108//145 95//145
f 52//146 86//146 95//146
f 113//147 101//147 100//147
f 107//148 113//148 100//148
f 114//149 99//149 102//149
f 109//150 114//150 102//150
f 115//151 83//151 84//151
f 116//152 115//152 84//152
f 117//153 116//153 84//153
f 85//154 117//154 84//154
f 118//155 86//155 87//155
f 119//156 118//156 87//156
f 120//157 119//157 87//157
f 88//158 120//158 87//158
f 114//159 121//159 99//159
f 121//160 103//160 99//160
f 113//161 122//161 101//161
f 122//162 104//162 101//162
f 123//163 122//163 113//163
f 124//164 123//164 113//164
f 107//165 124//165 113//165
f 125//14 121//14 114//14
f 126//166 125//166 114//166
f 109//167 126//167 114//167
f 127//168 66//168 111//168
f 49//169 83//169 111//169
f 83//170 127//170 111//170
f 66//171 128//171 112//171
f 128//172 88//172 112//172
f 128//173 120//173 88//173
f 117//174 85//174 90//174
f 105//175 117//175 90//175
f 118//176 129//176 108//176
f 86//177 118//177 108//177
f 129//2 107//2 108//2
f 130//43 109//43 110//43
f 125//178 131//178 121//178
f 131//179 103//179 121//179
f 132//180 122//180 123//180
f 133//181 132//181 123//181
f 124//182 133//182 123//182
f 134//183 131//183 125//183
f 126//184 134//184 125//184
f 132//185 104//185 122//185
f 131//186 135//186 103//186
f 135//2 105//2 103//2
f 132//187 136//187 104//187
f 136//43 106//43 104//43
f 129//2 124//2 107//2
f 130//43 126//43 109//43
f 137//188 115//188 116//188
f 138//189 137//189 116//189
f 139//190 138//190 116//190
f 140//191 139//191 116//191
f 117//192 140//192 116//192
f 141//193 118//193 119//193
f 142//194 141//194 119//194
f 143//195 142//195 119//195
f 120//196 143//196 119//196
f 134//197 144//197 131//197
f 144//198 145//198 131//198
f 145//199 135//199 131//199
f 133//200 146//200 132//200
f 146//201 147//201 132//201
f 147//202 136//202 132//202
f 148//203 66//203 127//203
f 83//204 115//204 127//204
f 115//205 148//205 127//205
f 66//2 149//2 128//2
f 149//206 120//206 128//206
f 149//206 143//206 120//206
f 140//207 117//207 105//207
f 150//208 140//208 105//208
f 135//2 150//2 105//2
f 141//209 151//209 129//209
f 118//210 141//210 129//210
f 151//211 152//211 129//211
f 152//212 124//212 129//212
f 153//213 126//213 130//213
f 154//214 153//214 130//214
f 136//43 155//43 106//43
f 124//215 146//215 133//215
f 126//216 144//216 134//216
f 145//217 156//217 135//217
f 156//218 150//218 135//218
f 147//219 157//219 136//219
f 157//220 155//220 136//220
f 152//221 146//221 124//221
f 153//222 144//222 126//222
f 150//223 139//223 140//223
f 144//224 153//224 145//224
f 153//225 156//225 145//225
f 146//226 152//226 147//226
f 152//227 157//227 147//227
f 158//228 66//228 148//228
f 115//229 137//229 148//229
f 137//230 158//230 148//230
f 159//231 160//231 149//231
f 66//2 161//2 149//2
f 161//232 162//232 149//232
f 162//233 163//233 149//233
f 163//234 164//234 149//234
f 164//2 165//2 149//2
f 165//2 166//2 149//2
f 166//2 159//2 149//2
f 160//235 143//235 149//235
f 167//2 142//2 143//2
f 160//236 167//236 143//236
f 168//237 139//237 150//237
f 156//238 168//238 150//238
f 169//239 170//239 151//239
f 141//240 169//240 151//240
f 170//241 171//241 151//241
f 171//242 152//242 151//242
f 172//243 153//243 154//243
f 173//244 172//244 154//244
f 157//245 174//245 155//245
f 142//246 169//246 141//246
f 175//2 137//2 138//2
f 176//247 175//247 138//247
f 139//248 176//248 138//248
f 177//249 169//249 142//249
f 178//250 177//250 142//250
f 167//2 178//2 142//2
f 153//251 172//251 156//251
f 152//252 171//252 157//252
f 179//253 168//253 156//253
f 180//254 174//254 157//254
f 172//255 179//255 156//255
f 171//256 180//256 157//256
f 168//257 176//257 139//257
f 177//258 170//258 169//258
f 181//259 66//259 158//259
f 137//260 182//260 158//260
f 182//261 181//261 158//261
f 159//262 183//262 160//262
f 183//263 167//263 160//263
f 175//2 182//2 137//2
f 184//2 178//2 167//2
f 183//264 184//264 167//264
f 185//265 176//265 168//265
f 179//266 185//266 168//266
f 177//267 186//267 170//267
f 186//268 171//268 170//268
f 187//269 172//269 173//269
f 180//43 188//43 174//43
f 172//270 189//270 179//270
f 171//271 188//271 180//271
f 189//272 185//272 179//272
f 190//2 182//2 175//2
f 191//273 190//273 175//273
f 176//274 191//274 175//274
f 192//275 177//275 178//275
f 193//276 192//276 178//276
f 184//277 193//277 178//277
f 185//278 191//278 176//278
f 192//279 186//279 177//279
f 187//280 189//280 172//280
f 182//281 194//281 181//281
f 194//282 195//282 181//282
f 195//283 66//283 181//283
f 196//284 184//284 183//284
f 159//285 196//285 183//285
f 190//2 194//2 182//2
f 196//286 197//286 184//286
f 197//287 193//287 184//287
f 198//288 185//288 189//288
f 199//289 198//289 189//289
f 198//290 191//290 185//290
f 192//291 200//291 186//291
f 200//292 201//292 186//292
f 201//293 171//293 186//293
f 201//294 202//294 171//294
f 202//295 188//295 171//295
f 199//296 189//296 187//296
f 203//297 199//297 187//297
f 202//298 204//298 188//298
f 204//299 205//299 188//299
f 206//300 203//300 187//300
f 201//301 204//301 202//301
f 198//302 207//302 191//302
f 207//303 190//303 191//303
f 193//304 208//304 192//304
f 208//305 200//305 192//305
f 209//306 194//306 190//306
f 207//307 209//307 190//307
f 210//308 208//308 193//308
f 197//309 210//309 193//309
f 211//310 198//310 199//310
f 212//311 211//311 199//311
f 200//312 213//312 201//312
f 206//313 214//313 203//313
f 215//314 205//314 204//314
f 214//315 216//315 199//315
f 203//316 214//316 199//316
f 201//317 213//317 204//317
f 213//318 217//318 204//318
f 194//319 218//319 195//319
f 218//320 66//320 195//320
f 219//321 197//321 196//321
f 220//322 221//322 196//322
f 221//323 222//323 196//323
f 159//324 223//324 196//324
f 223//2 220//2 196//2
f 222//325 224//325 196//325
f 224//326 225//326 196//326
f 225//327 219//327 196//327
f 209//328 218//328 194//328
f 219//329 226//329 197//329
f 226//2 227//2 197//2
f 227//2 210//2 197//2
f 211//330 207//330 198//330
f 208//331 228//331 200//331
f 228//332 213//332 200//332
f 229//43 230//43 206//43
f 230//43 214//43 206//43
f 215//333 231//333 205//333
f 216//334 212//334 199//334
f 217//335 215//335 204//335
f 211//336 232//336 207//336
f 232//337 209//337 207//337
f 210//338 233//338 208//338
f 233//339 228//339 208//339
f 234//340 211//340 212//340
f 235//341 234//341 212//341
f 236//342 217//342 213//342
f 228//343 236//343 213//343
f 230//344 216//344 214//344
f 237//345 231//345 215//345
f 216//198 238//198 212//198
f 239//346 215//346 217//346
f 238//347 240//347 212//347
f 240//348 235//348 212//348
f 239//349 237//349 215//349
f 241//350 218//350 209//350
f 232//351 241//351 209//351
f 227//352 233//352 210//352
f 218//353 242//353 66//353
f 242//354 161//354 66//354
f 225//355 226//355 219//355
f 241//356 242//356 218//356
f 225//357 243//357 226//357
f 243//2 244//2 226//2
f 244//2 227//2 226//2
f 234//358 232//358 211//358
f 233//359 245//359 228//359
f 245//2 236//2 228//2
f 246//43 247//43 229//43
f 247//43 230//43 229//43
f 237//43 248//43 231//43
f 249//360 239//360 217//360
f 236//361 249//361 217//361
f 230//362 238//362 216//362
f 234//363 250//363 232//363
f 250//364 241//364 232//364
f 227//365 251//365 233//365
f 251//366 245//366 233//366
f 240//367 252//367 235//367
f 252//368 253//368 235//368
f 253//369 254//369 235//369
f 254//2 234//2 235//2
f 255//370 249//370 236//370
f 245//2 255//2 236//2
f 247//371 238//371 230//371
f 239//372 256//372 237//372
f 256//373 257//373 237//373
f 257//374 258//374 237//374
f 258//43 248//43 237//43
f 259//375 241//375 250//375
f 227//376 244//376 251//376
f 242//377 260//377 161//377
f 260//378 162//378 161//378
f 224//379 243//379 225//379
f 241//380 259//380 242//380
f 259//381 260//381 242//381
f 224//382 261//382 243//382
f 261//383 262//383 243//383
f 262//2 244//2 243//2
f 263//384 250//384 234//384
f 254//2 263//2 234//2
f 251//385 264//385 245//385
f 264//2 265//2 245//2
f 265//2 255//2 245//2
f 266//386 267//386 246//386
f 267//387 247//387 246//387
f 258//43 268//43 248//43
f 238//388 252//388 240//388
f 249//389 256//389 239//389
f 269//390 256//390 249//390
f 255//391 269//391 249//391
f 270//392 252//392 238//392
f 247//393 270//393 238//393
f 263//394 271//394 250//394
f 271//395 259//395 250//395
f 244//396 272//396 251//396
f 272//397 264//397 251//397
f 253//398 273//398 254//398
f 273//399 274//399 254//399
f 274//400 263//400 254//400
f 275//401 269//401 255//401
f 265//402 275//402 255//402
f 276//403 270//403 247//403
f 267//404 276//404 247//404
f 277//405 278//405 258//405
f 257//406 277//406 258//406
f 278//407 268//407 258//407
f 270//408 253//408 252//408
f 257//409 256//409 269//409
f 275//410 257//410 269//410
f 276//411 253//411 270//411
f 279//412 259//412 271//412
f 244//413 262//413 272//413
f 260//414 280//414 162//414
f 280//415 163//415 162//415
f 222//416 261//416 224//416
f 259//417 279//417 260//417
f 279//418 280//418 260//418
f 222//419 281//419 261//419
f 281//420 282//420 261//420
f 282//421 262//421 261//421
f 283//422 271//422 263//422
f 274//423 283//423 263//423
f 272//424 284//424 264//424
f 284//425 285//425 264//425
f 285//426 265//426 264//426
f 286//427 287//427 266//427
f 287//428 267//428 266//428
f 278//429 288//429 268//429
f 283//430 289//430 271//430
f 289//431 279//431 271//431
f 262//432 290//432 272//432
f 290//433 284//433 272//433
f 274//434 273//434 276//434
f 273//435 253//435 276//435
f 275//436 265//436 257//436
f 265//437 277//437 257//437
f 267//435 274//435 276//435
f 265//438 285//438 277//438
f 285//439 278//439 277//439
f 291//431 279//431 289//431
f 262//440 282//440 290//440
f 280//441 292//441 163//441
f 292//442 164//442 163//442
f 221//443 281//443 222//443
f 279//2 291//2 280//2
f 291//2 292//2 280//2
f 221//443 293//443 281//443
f 293//444 294//444 281//444
f 294//445 282//445 281//445
f 295//446 289//446 283//446
f 274//447 296//447 283//447
f 296//448 295//448 283//448
f 290//449 297//449 284//449
f 297//450 285//450 284//450
f 298//451 288//451 278//451
f 299//452 287//452 286//452
f 298//453 300//453 288//453
f 296//454 274//454 267//454
f 295//455 301//455 289//455
f 301//456 291//456 289//456
f 282//457 302//457 290//457
f 302//458 297//458 290//458
f 287//459 296//459 267//459
f 285//410 298//410 278//410
f 303//460 291//460 301//460
f 282//461 294//461 302//461
f 292//462 304//462 164//462
f 304//462 165//462 164//462
f 220//463 293//463 221//463
f 291//2 303//2 292//2
f 303//464 304//464 292//464
f 220//465 305//465 293//465
f 305//466 306//466 293//466
f 306//467 294//467 293//467
f 307//468 301//468 295//468
f 302//469 308//469 297//469
f 308//470 309//470 297//470
f 310//471 311//471 299//471
f 298//472 312//472 300//472
f 312//473 313//473 300//473
f 307//474 314//474 301//474
f 314//475 303//475 301//475
f 294//476 315//476 302//476
f 315//477 308//477 302//477
f 312//478 298//478 285//478
f 295//479 296//479 287//479
f 297//480 312//480 285//480
f 299//481 295//481 287//481
f 316//482 303//482 314//482
f 294//483 306//483 315//483
f 304//484 317//484 165//484
f 317//485 166//485 165//485
f 223//486 305//486 220//486
f 303//487 316//487 304//487
f 316//488 317//488 304//488
f 223//489 318//489 305//489
f 318//490 319//490 305//490
f 319//491 306//491 305//491
f 320//492 314//492 307//492
f 295//493 321//493 307//493
f 321//494 320//494 307//494
f 315//495 322//495 308//495
f 322//496 323//496 308//496
f 323//497 309//497 308//497
f 324//498 325//498 310//498
f 325//499 311//499 310//499
f 312//500 326//500 313//500
f 326//501 327//501 313//501
f 320//502 328//502 314//502
f 328//503 316//503 314//503
f 306//504 329//504 315//504
f 329//505 322//505 315//505
f 299//506 321//506 295//506
f 309//507 312//507 297//507
f 311//508 321//508 299//508
f 309//509 326//509 312//509
f 330//510 316//510 328//510
f 306//511 319//511 329//511
f 317//512 331//512 166//512
f 331//513 159//513 166//513
f 159//514 318//514 223//514
f 316//515 330//515 317//515
f 330//2 331//2 317//2
f 159//516 331//516 318//516
f 331//517 332//517 318//517
f 332//518 319//518 318//518
f 333//519 328//519 320//519
f 321//520 334//520 320//520
f 334//521 333//521 320//521
f 329//522 333//522 322//522
f 333//2 335//2 322//2
f 335//523 323//523 322//523
f 336//43 337//43 324//43
f 337//524 325//524 324//524
f 326//525 338//525 327//525
f 338//526 336//526 327//526
f 333//527 339//527 328//527
f 339//528 330//528 328//528
f 319//529 332//529 329//529
f 332//530 339//530 329//530
f 339//531 333//531 329//531
f 330//532 332//532 331//532
f 332//533 330//533 339//533
f 334//534 340//534 333//534
f 340//2 335//2 333//2
f 338//535 341//535 336//535
f 341//43 337//43 336//43
f 311//536 325//536 321//536
f 309//537 323//537 326//537
f 323//538 342//538 326//538
f 325//411 334//411 321//411
f 342//539 338//539 326//539
f 335//540 342//540 323//540
f 343//541 344//541 340//541
f 344//542 345//542 340//542
f 345//543 335//543 340//543
f 334//544 343//544 340//544
f 345//545 342//545 335//545
f 341//546 346//546 337//546
f 346//547 325//547 337//547
f 347//548 348//548 341//548
f 348//549 346//549 341//549
f 338//550 347//550 341//550
f 325//434 346//434 334//434
f 342//551 345//551 338//551
f 346//552 343//552 334//552
f 345//553 347//553 338//553
f 346//554 344//554 343//554
f 345//555 348//555 347//555
f 344//556 348//556 345//556
f 348//557 344//557 346//557
f 349//558 350//558 351//558
f 352//559 349//559 351//559
f 353//560 352//560 351//560
f 354//561 353//561 351//561
f 355//562 356//562 351//562
f 350//563 355//563 351//563
f 356//564 354//564 351//564
f 357//565 349//565 352//565
f 358//566 357//566 352//566
f 353//567 358//567 352//567
f 359//568 355//568 350//568
f 360//569 359//569 350//569
f 349//570 360//570 350//570
f 356//571 361//571 354//571
f 361//572 362//572 354//572
f 362//573 363//573 354//573
f 363//574 353//574 354//574
f 364//575 360//575 349//575
f 365//576 364//576 349//576
f 357//577 365//577 349//577
f 363//578 366//578 353//578
f 366//579 358//579 353//579
f 367//580 368//580 356//580
f 355//581 367//581 356//581
f 368//582 361//582 356//582
f 369//583 367//583 355//583
f 359//584 369//584 355//584
f 368//585 370//585 361//585
f 370//586 371//586 361//586
f 371//587 362//587 361//587
f 372//588 365//588 357//588
f 373//589 372//589 357//589
f 358//590 373//590 357//590
f 374//591 359//591 360//591
f 375//592 374//592 360//592
f 364//593 375//593 360//593
f 371//594 376//594 362//594
f 376//595 377//595 362//595
f 377//596 363//596 362//596
f 378//597 364//597 365//597
f 379//598 378//598 365//598
f 372//599 379//599 365//599
f 366//600 380//600 358//600
f 380//601 373//601 358//601
f 381//602 375//602 364//602
f 378//603 381//603 364//603
f 377//604 382//604 363//604
f 382//605 366//605 363//605
f 383//606 369//606 359//606
f 374//607 383//607 359//607
f 370//608 384//608 371//608
f 384//609 385//609 371//609
f 385//610 376//610 371//610
f 386//611 387//611 368//611
f 367//612 386//612 368//612
f 387//613 370//613 368//613
f 388//614 386//614 367//614
f 369//615 388//615 367//615
f 387//616 389//616 370//616
f 389//617 384//617 370//617
f 390//618 381//618 378//618
f 391//619 390//619 378//619
f 379//620 391//620 378//620
f 382//621 392//621 366//621
f 392//622 380//622 366//622
f 393//623 379//623 372//623
f 394//624 393//624 372//624
f 373//625 394//625 372//625
f 395//626 374//626 375//626
f 396//627 395//627 375//627
f 381//628 396//628 375//628
f 385//629 397//629 376//629
f 397//630 398//630 376//630
f 398//631 377//631 376//631
f 399//632 396//632 381//632
f 390//633 399//633 381//633
f 398//634 400//634 377//634
f 400//635 382//635 377//635
f 401//636 391//636 379//636
f 393//637 401//637 379//637
f 380//638 402//638 373//638
f 402//639 394//639 373//639
f 403//640 388//640 369//640
f 383//641 403//641 369//641
f 389//642 404//642 384//642
f 404//643 405//643 384//643
f 405//644 385//644 384//644
f 406//645 383//645 374//645
f 395//646 406//646 374//646
f 405//647 407//647 385//647
f 407//648 397//648 385//648
f 408//649 409//649 387//649
f 386//650 408//650 387//650
f 409//651 389//651 387//651
f 410//652 399//652 390//652
f 411//653 410//653 390//653
f 391//619 411//619 390//619
f 400//654 412//654 382//654
f 412//655 392//655 382//655
f 413//656 411//656 391//656
f 401//657 413//657 391//657
f 392//658 414//658 380//658
f 414//659 402//659 380//659
f 415//660 408//660 386//660
f 388//661 415//661 386//661
f 409//662 416//662 389//662
f 416//663 404//663 389//663
f 417//664 403//664 383//664
f 406//665 417//665 383//665
f 404//666 418//666 405//666
f 418//667 419//667 405//667
f 419//668 407//668 405//668
f 420//669 395//669 396//669
f 421//670 420//670 396//670
f 399//671 421//671 396//671
f 407//672 422//672 397//672
f 422//673 423//673 397//673
f 423//674 398//674 397//674
f 424//675 415//675 388//675
f 403//676 424//676 388//676
f 416//677 425//677 404//677
f 425//678 418//678 404//678
f 426//679 401//679 393//679
f 427//680 426//680 393//680
f 394//681 427//681 393//681
f 428//682 421//682 399//682
f 410//683 428//683 399//683
f 423//684 429//684 398//684
f 429//685 400//685 398//685
f 430//686 413//686 401//686
f 426//687 430//687 401//687
f 402//688 431//688 394//688
f 431//689 427//689 394//689
f 432//690 410//690 411//690
f 433//691 432//691 411//691
f 413//692 433//692 411//692
f 412//693 434//693 392//693
f 434//694 414//694 392//694
f 435//695 406//695 395//695
f 420//696 435//696 395//696
f 419//697 436//697 407//697
f 436//698 422//698 407//698
f 437//699 428//699 410//699
f 432//700 437//700 410//700
f 429//701 438//701 400//701
f 438//702 412//702 400//702
f 439//703 433//703 413//703
f 430//704 439//704 413//704
f 414//705 440//705 402//705
f 440//706 431//706 402//706
f 441//707 442//707 409//707
f 408//708 441//708 409//708
f 442//709 416//709 409//709
f 443//710 424//710 403//710
f 417//711 443//711 403//711
f 425//712 444//712 418//712
f 444//713 445//713 418//713
f 445//714 419//714 418//714
f 446//715 417//715 406//715
f 435//716 446//716 406//716
f 445//717 447//717 419//717
f 447//718 436//718 419//718
f 448//719 441//719 408//719
f 415//720 448//720 408//720
f 442//721 449//721 416//721
f 449//722 425//722 416//722
f 450//723 437//723 432//723
f 451//724 450//724 432//724
f 433//725 451//725 432//725
f 438//726 452//726 412//726
f 452//727 434//727 412//727
f 453//728 448//728 415//728
f 424//729 453//729 415//729
f 449//730 454//730 425//730
f 454//731 444//731 425//731
f 455//732 420//732 421//732
f 456//733 455//733 421//733
f 428//734 456//734 421//734
f 436//735 457//735 422//735
f 457//736 458//736 422//736
f 458//737 423//737 422//737
f 459//738 451//738 433//738
f 439//739 459//739 433//739
f 434//740 460//740 414//740
f 460//741 440//741 414//741
f 461//742 456//742 428//742
f 437//743 461//743 428//743
f 458//744 462//744 423//744
f 462//745 429//745 423//745
f 463//746 430//746 426//746
f 464//747 463//747 426//747
f 427//747 464//747 426//747
f 465//748 435//748 420//748
f 455//749 465//749 420//749
f 447//750 466//750 436//750
f 466//751 457//751 436//751
f 467//752 439//752 430//752
f 463//746 467//746 430//746
f 431//753 468//753 427//753
f 468//753 464//753 427//753
f 469//754 443//754 417//754
f 446//755 469//755 417//755
f 444//756 470//756 445//756
f 470//757 471//757 445//757
f 471//758 447//758 445//758
f 472//759 461//759 437//759
f 450//760 472//760 437//760
f 462//761 473//761 429//761
f 473//762 438//762 429//762
f 474//763 453//763 424//763
f 443//764 474//764 424//764
f 454//765 475//765 444//765
f 475//766 470//766 444//766
f 476//767 459//767 439//767
f 467//752 476//752 439//752
f 440//768 477//768 431//768
f 477//769 468//769 431//769
f 478//770 446//770 435//770
f 465//771 478//771 435//771
f 471//772 479//772 447//772
f 479//773 466//773 447//773
f 480//774 450//774 451//774
f 481//775 480//775 451//775
f 459//776 481//776 451//776
f 452//777 482//777 434//777
f 482//778 460//778 434//778
f 483//779 484//779 442//779
f 441//780 483//780 442//780
f 484//781 449//781 442//781
f 485//782 483//782 441//782
f 448//783 485//783 441//783
f 484//784 486//784 449//784
f 486//785 454//785 449//785
f 487//786 472//786 450//786
f 480//787 487//787 450//787
f 473//788 488//788 438//788
f 488//789 452//789 438//789
f 489//790 481//790 459//790
f 476//767 489//767 459//767
f 460//791 490//791 440//791
f 490//792 477//792 440//792
f 491//793 455//793 456//793
f 492//794 491//794 456//794
f 461//795 492//795 456//795
f 466//796 493//796 457//796
f 493//797 494//797 457//797
f 494//798 458//798 457//798
f 495//799 485//799 448//799
f 453//800 495//800 448//800
f 486//801 496//801 454//801
f 496//802 475//802 454//802
f 497//803 492//803 461//803
f 472//804 497//804 461//804
f 494//805 498//805 458//805
f 498//806 462//806 458//806
f 499//807 474//807 443//807
f 469//808 499//808 443//808
f 475//809 500//809 470//809
f 500//810 501//810 470//810
f 501//811 471//811 470//811
f 502//812 469//812 446//812
f 478//813 502//813 446//813
f 501//814 503//814 471//814
f 503//815 479//815 471//815
f 504//816 465//816 455//816
f 491//817 504//817 455//817
f 479//818 505//818 466//818
f 505//819 493//819 466//819
f 506//820 467//820 463//820
f 507//821 506//821 463//821
f 464//822 507//822 463//822
f 508//823 497//823 472//823
f 487//824 508//824 472//824
f 498//825 509//825 462//825
f 509//826 473//826 462//826
f 510//827 476//827 467//827
f 506//828 510//828 467//828
f 468//829 511//829 464//829
f 511//830 507//830 464//830
f 512//831 487//831 480//831
f 513//832 512//832 480//832
f 481//833 513//833 480//833
f 488//834 514//834 452//834
f 514//835 482//835 452//835
f 515//836 495//836 453//836
f 474//837 515//837 453//837
f 496//838 516//838 475//838
f 516//839 500//839 475//839
f 517//840 478//840 465//840
f 504//841 517//841 465//841
f 503//842 518//842 479//842
f 518//843 505//843 479//843
f 519//844 513//844 481//844
f 489//845 519//845 481//845
f 482//846 520//846 460//846
f 520//847 490//847 460//847
f 521//848 489//848 476//848
f 510//849 521//849 476//849
f 477//850 522//850 468//850
f 522//851 511//851 468//851
f 523//852 508//852 487//852
f 512//853 523//853 487//853
f 509//854 524//854 473//854
f 524//855 488//855 473//855
f 525//856 499//856 469//856
f 502//857 525//857 469//857
f 500//858 526//858 501//858
f 526//859 527//859 501//859
f 527//860 503//860 501//860
f 528//861 529//861 484//861
f 483//862 528//862 484//862
f 529//863 486//863 484//863
f 530//864 528//864 483//864
f 485//865 530//865 483//865
f 529//866 531//866 486//866
f 531//867 496//867 486//867
f 532//868 519//868 489//868
f 521//869 532//869 489//869
f 490//870 533//870 477//870
f 533//870 522//870 477//870
f 534//871 515//871 474//871
f 499//872 534//872 474//872
f 516//873 535//873 500//873
f 535//874 526//874 500//874
f 536//875 502//875 478//875
f 517//876 536//876 478//876
f 527//877 537//877 503//877
f 537//878 518//878 503//878
f 538//879 491//879 492//879
f 539//880 538//880 492//880
f 497//881 539//881 492//881
f 505//882 540//882 493//882
f 540//883 541//883 493//883
f 541//884 494//884 493//884
f 542//885 530//885 485//885
f 495//886 542//886 485//886
f 531//887 543//887 496//887
f 543//888 516//888 496//888
f 544//889 539//889 497//889
f 508//890 544//890 497//890
f 541//891 545//891 494//891
f 545//892 498//892 494//892
f 546//893 512//893 513//893
f 547//894 546//894 513//894
f 519//895 547//895 513//895
f 514//896 548//896 482//896
f 548//897 520//897 482//897
f 549//898 504//898 491//898
f 538//899 549//899 491//899
f 518//900 550//900 505//900
f 550//901 540//901 505//901
f 551//902 523//902 512//902
f 546//903 551//903 512//903
f 524//904 552//904 488//904
f 552//905 514//905 488//905
f 553//906 544//906 508//906
f 523//907 553//907 508//907
f 545//908 554//908 498//908
f 554//909 509//909 498//909
f 555//910 510//910 506//910
f 556//911 555//911 506//911
f 507//912 556//912 506//912
f 557//913 547//913 519//913
f 532//914 557//914 519//914
f 520//915 558//915 490//915
f 558//916 533//916 490//916
f 559//917 542//917 495//917
f 515//918 559//918 495//918
f 543//919 560//919 516//919
f 560//920 535//920 516//920
f 561//921 521//921 510//921
f 555//922 561//922 510//922
f 511//923 562//923 507//923
f 562//924 556//924 507//924
f 563//925 517//925 504//925
f 549//925 563//925 504//925
f 537//926 564//926 518//926
f 564//927 550//927 518//927
f 565//928 525//928 502//928
f 536//929 565//929 502//929
f 526//930 566//930 527//930
f 566//931 567//931 527//931
f 567//932 537//932 527//932
f 568//933 534//933 499//933
f 525//934 568//934 499//934
f 535//935 569//935 526//935
f 569//936 566//936 526//936
f 570//937 532//937 521//937
f 561//938 570//938 521//938
f 522//939 571//939 511//939
f 571//940 562//940 511//940
f 572//941 553//941 523//941
f 551//942 572//942 523//942
f 554//943 573//943 509//943
f 573//944 524//944 509//944
f 574//945 536//945 517//945
f 563//946 574//946 517//946
f 567//947 575//947 537//947
f 575//926 564//926 537//926
f 576//948 559//948 515//948
f 534//949 576//949 515//949
f 560//950 577//950 535//950
f 577//951 569//951 535//951
f 578//952 551//952 546//952
f 579//953 578//953 546//953
f 547//954 579//954 546//954
f 552//955 580//955 514//955
f 580//956 548//956 514//956
f 581//957 557//957 532//957
f 570//958 581//958 532//958
f 533//959 582//959 522//959
f 582//960 571//960 522//960
f 583//961 584//961 529//961
f 528//962 583//962 529//962
f 584//963 531//963 529//963
f 585//964 579//964 547//964
f 557//965 585//965 547//965
f 548//966 586//966 520//966
f 586//967 558//967 520//967
f 587//968 583//968 528//968
f 530//969 587//969 528//969
f 584//970 588//970 531//970
f 588//971 543//971 531//971
f 589//972 538//972 539//972
f 590//973 589//973 539//973
f 544//974 590//974 539//974
f 550//975 591//975 540//975
f 591//976 592//976 540//976
f 592//977 541//977 540//977
f 593//978 572//978 551//978
f 578//979 593//979 551//979
f 573//980 594//980 524//980
f 594//981 552//981 524//981
f 595//982 590//982 544//982
f 553//983 595//983 544//983
f 592//984 596//984 541//984
f 596//985 545//985 541//985
f 597//986 587//986 530//986
f 542//987 597//987 530//987
f 588//988 598//988 543//988
f 598//989 560//989 543//989
f 599//990 549//990 538//990
f 589//991 599//991 538//991
f 564//992 600//992 550//992
f 600//993 591//993 550//993
f 601//994 568//994 525//994
f 565//995 601//995 525//995
f 569//996 602//996 566//996
f 602//997 603//997 566//997
f 603//998 567//998 566//998
f 604//999 595//999 553//999
f 572//1000 604//1000 553//1000
f 596//1001 605//1001 545//1001
f 605//1002 554//1002 545//1002
f 606//1003 585//1003 557//1003
f 581//1004 606//1004 557//1004
f 558//1005 607//1005 533//1005
f 607//1006 582//1006 533//1006
f 608//1007 565//1007 536//1007
f 574//1008 608//1008 536//1008
f 603//1009 609//1009 567//1009
f 609//1010 575//1010 567//1010
f 610//1011 576//1011 534//1011
f 568//1012 610//1012 534//1012
f 577//1013 611//1013 569//1013
f 611//1014 602//1014 569//1014
f 612//1015 563//1015 549//1015
f 599//1016 612//1016 549//1016
f 575//1017 613//1017 564//1017
f 613//1018 600//1018 564//1018
f 614//1019 597//1019 542//1019
f 559//1020 614//1020 542//1020
f 598//1021 615//1021 560//1021
f 615//1022 577//1022 560//1022
f 616//1023 561//1023 555//1023
f 617//1024 616//1024 555//1024
f 556//1025 617//1025 555//1025
f 618//1026 570//1026 561//1026
f 616//1027 618//1027 561//1027
f 562//1028 619//1028 556//1028
f 619//1029 617//1029 556//1029
f 620//1030 604//1030 572//1030
f 593//1031 620//1031 572//1031
f 605//1032 621//1032 554//1032
f 621//1033 573//1033 554//1033
f 622//1034 578//1034 579//1034
f 623//1035 622//1035 579//1035
f 585//1036 623//1036 579//1036
f 580//1037 624//1037 548//1037
f 624//1038 586//1038 548//1038
f 625//1039 593//1039 578//1039
f 622//1040 625//1040 578//1040
f 594//1041 626//1041 552//1041
f 626//1042 580//1042 552//1042
f 627//1043 581//1043 570//1043
f 618//1044 627//1044 570//1044
f 571//1045 628//1045 562//1045
f 628//1046 619//1046 562//1046
f 629//1047 574//1047 563//1047
f 612//1048 629//1048 563//1048
f 609//1049 630//1049 575//1049
f 630//1050 613//1050 575//1050
f 631//1051 614//1051 559//1051
f 576//1052 631//1052 559//1052
f 615//1053 632//1053 577//1053
f 632//1054 611//1054 577//1054
f 633//1055 623//1055 585//1055
f 606//1056 633//1056 585//1056
f 586//1057 634//1057 558//1057
f 634//1058 607//1058 558//1058
f 635//1059 606//1059 581//1059
f 627//1060 635//1060 581//1060
f 582//1061 636//1061 571//1061
f 636//1062 628//1062 571//1062
f 637//1063 601//1063 565//1063
f 608//1064 637//1064 565//1064
f 602//1065 638//1065 603//1065
f 638//1066 639//1066 603//1066
f 639//1067 609//1067 603//1067
f 640//1068 620//1068 593//1068
f 625//1069 640//1069 593//1069
f 621//1070 641//1070 573//1070
f 641//1071 594//1071 573//1071
f 642//1072 610//1072 568//1072
f 601//1073 642//1073 568//1073
f 611//1074 643//1074 602//1074
f 643//1075 638//1075 602//1075
f 644//1076 645//1076 584//1076
f 583//1077 644//1077 584//1077
f 645//1078 588//1078 584//1078
f 646//1079 644//1079 583//1079
f 587//1080 646//1080 583//1080
f 645//1081 647//1081 588//1081
f 647//1082 598//1082 588//1082
f 648//1083 589//1083 590//1083
f 649//1084 648//1084 590//1084
f 595//1085 649//1085 590//1085
f 600//1086 650//1086 591//1086
f 650//1087 651//1087 591//1087
f 651//1088 592//1088 591//1088
f 652//1089 649//1089 595//1089
f 604//1090 652//1090 595//1090
f 651//1091 653//1091 592//1091
f 653//1092 596//1092 592//1092
f 654//1093 599//1093 589//1093
f 648//1094 654//1094 589//1094
f 613//1095 655//1095 600//1095
f 655//1096 650//1096 600//1096
f 656//1097 608//1097 574//1097
f 629//1098 656//1098 574//1098
f 639//1099 657//1099 609//1099
f 657//1100 630//1100 609//1100
f 658//1101 646//1101 587//1101
f 597//1101 658//1101 587//1101
f 647//1102 659//1102 598//1102
f 659//1103 615//1103 598//1103
f 660//1104 631//1104 576//1104
f 610//1105 660//1105 576//1105
f 632//1106 661//1106 611//1106
f 661//1107 643//1107 611//1107
f 662//1108 652//1108 604//1108
f 620//1109 662//1109 604//1109
f 653//1110 663//1110 596//1110
f 663//1111 605//1111 596//1111
f 664//1112 633//1112 606//1112
f 635//1113 664//1113 606//1113
f 607//1114 665//1114 582//1114
f 665//1115 636//1115 582//1115
f 666//1116 625//1116 622//1116
f 667//1117 666//1117 622//1117
f 623//1118 667//1118 622//1118
f 626//1119 668//1119 580//1119
f 668//1120 624//1120 580//1120
f 669//1121 612//1121 599//1121
f 654//1122 669//1122 599//1122
f 630//1123 670//1123 613//1123
f 670//1124 655//1124 613//1124
f 671//1125 667//1125 623//1125
f 633//1126 671//1126 623//1126
f 624//1127 672//1127 586//1127
f 672//1128 634//1128 586//1128
f 673//1129 658//1129 597//1129
f 614//1130 673//1130 597//1130
f 659//1103 674//1103 615//1103
f 674//1131 632//1131 615//1131
f 675//1132 640//1132 625//1132
f 666//1133 675//1133 625//1133
f 641//1134 676//1134 594//1134
f 676//1135 626//1135 594//1135
f 677//1136 662//1136 620//1136
f 640//1137 677//1137 620//1137
f 663//1138 678//1138 605//1138
f 678//1139 621//1139 605//1139
f 679//1140 618//1140 616//1140
f 680//1141 679//1141 616//1141
f 617//1142 680//1142 616//1142
f 681//1143 627//1143 618//1143
f 679//1144 681//1144 618//1144
f 619//1145 682//1145 617//1145
f 682//1146 680//1146 617//1146
f 683//1147 642//1147 601//1147
f 637//1148 683//1148 601//1148
f 643//1149 684//1149 638//1149
f 684//1150 685//1150 638//1150
f 685//1151 639//1151 638//1151
f 686//1152 629//1152 612//1152
f 669//1153 686//1153 612//1153
f 657//1154 687//1154 630//1154
f 687//1155 670//1155 630//1155
f 688//1156 671//1156 633//1156
f 664//1157 688//1157 633//1157
f 634//1158 689//1158 607//1158
f 689//1159 665//1159 607//1159
f 690//1160 637//1160 608//1160
f 656//1161 690//1161 608//1161
f 685//1162 691//1162 639//1162
f 691//1163 657//1163 639//1163
f 692//1164 635//1164 627//1164
f 681//1165 692//1165 627//1165
f 628//1166 693//1166 619//1166
f 693//1167 682//1167 619//1167
f 694//1168 673//1168 614//1168
f 631//1169 694//1169 614//1169
f 674//1170 695//1170 632//1170
f 695//1171 661//1171 632//1171
f 696//1172 660//1172 610//1172
f 642//1173 696//1173 610//1173
f 661//1174 697//1174 643//1174
f 697//1175 684//1175 643//1175
f 698//1176 677//1176 640//1176
f 675//1177 698//1177 640//1177
f 678//1178 699//1178 621//1178
f 699//1178 641//1178 621//1178
f 700//1179 664//1179 635//1179
f 692//1180 700//1180 635//1180
f 636//1181 701//1181 628//1181
f 701//1182 693//1182 628//1182
f 702//1183 666//1183 667//1183
f 703//1184 702//1184 667//1184
f 671//1185 703//1185 667//1185
f 668//1186 704//1186 624//1186
f 704//1187 672//1187 624//1187
f 705//1188 675//1188 666//1188
f 702//1189 705//1189 666//1189
f 676//1190 706//1190 626//1190
f 706//1191 668//1191 626//1191
f 707//1192 656//1192 629//1192
f 686//1193 707//1193 629//1193
f 691//1194 708//1194 657//1194
f 708//1195 687//1195 657//1195
f 709//1196 648//1196 649//1196
f 652//1197 709//1197 649//1197
f 655//1198 3//1198 650//1198
f 3//1199 651//1199 650//1199
f 710//1200 711//1200 645//1200
f 644//1201 710//1201 645//1201
f 711//1202 647//1202 645//1202
f 662//1203 709//1203 652//1203
f 3//1204 6//1204 651//1204
f 6//1205 653//1205 651//1205
f 712//1206 710//1206 644//1206
f 646//1207 712//1207 644//1207
f 711//1208 713//1208 647//1208
f 713//1209 659//1209 647//1209
f 714//1210 694//1210 631//1210
f 660//1211 714//1211 631//1211
f 695//1212 715//1212 661//1212
f 715//1213 697//1213 661//1213
f 709//1214 716//1214 648//1214
f 716//1215 654//1215 648//1215
f 670//1216 1//1216 655//1216
f 1//1217 3//1217 655//1217
f 717//1218 703//1218 671//1218
f 688//1219 717//1219 671//1219
f 672//1220 718//1220 634//1220
f 718//1220 689//1220 634//1220
f 719//1221 709//1221 662//1221
f 677//1222 719//1222 662//1222
f 6//1223 663//1223 653//1223
f 720//1224 688//1224 664//1224
f 700//1225 720//1225 664//1225
f 665//1226 721//1226 636//1226
f 721//1227 701//1227 636//1227
f 722//1228 712//1228 646//1228
f 658//1229 722//1229 646//1229
f 713//1230 723//1230 659//1230
f 723//1231 674//1231 659//1231
f 724//1232 698//1232 675//1232
f 705//1233 724//1233 675//1233
f 699//1234 725//1234 641//1234
f 725//1235 676//1235 641//1235
f 726//1236 683//1236 637//1236
f 690//1237 726//1237 637//1237
f 684//1238 727//1238 685//1238
f 727//1239 728//1239 685//1239
f 728//1240 691//1240 685//1240
f 716//1241 729//1241 654//1241
f 729//1242 669//1242 654//1242
f 687//1243 730//1243 670//1243
f 730//1244 1//1244 670//1244
f 731//1245 696//1245 642//1245
f 683//1246 731//1246 642//1246
f 697//1247 732//1247 684//1247
f 732//1248 727//1248 684//1248
f 733//1249 719//1249 677//1249
f 698//1250 733//1250 677//1250
f 6//1251 9//1251 663//1251
f 9//1252 678//1252 663//1252
f 734//1253 722//1253 658//1253
f 673//1254 734//1254 658//1254
f 723//1255 735//1255 674//1255
f 735//1256 695//1256 674//1256
f 736//1257 690//1257 656//1257
f 707//1258 736//1258 656//1258
f 728//1259 737//1259 691//1259
f 737//1260 708//1260 691//1260
f 729//1261 686//1261 669//1261
f 708//1262 730//1262 687//1262
f 738//1263 714//1263 660//1263
f 696//1264 738//1264 660//1264
f 715//1265 739//1265 697//1265
f 739//1266 732//1266 697//1266
f 740//1267 717//1267 688//1267
f 720//1268 740//1268 688//1268
f 689//1269 741//1269 665//1269
f 741//1270 721//1270 665//1270
f 742//1271 681//1271 679//1271
f 743//1272 742//1272 679//1272
f 680//1273 743//1273 679//1273
f 744//1274 705//1274 702//1274
f 745//1275 744//1275 702//1275
f 703//1276 745//1276 702//1276
f 706//1277 746//1277 668//1277
f 746//1278 704//1278 668//1278
f 747//1279 692//1279 681//1279
f 742//1280 747//1280 681//1280
f 682//1281 748//1281 680//1281
f 748//1281 743//1281 680//1281
f 749//1282 745//1282 703//1282
f 717//1218 749//1218 703//1218
f 704//1283 750//1283 672//1283
f 750//1284 718//1284 672//1284
f 751//1285 734//1285 673//1285
f 694//1286 751//1286 673//1286
f 735//1287 752//1287 695//1287
f 752//1288 715//1288 695//1288
f 724//1289 733//1289 698//1289
f 9//1290 699//1290 678//1290
f 753//1291 724//1291 705//1291
f 744//1292 753//1292 705//1292
f 725//1293 754//1293 676//1293
f 754//1294 706//1294 676//1294
f 755//1295 700//1295 692//1295
f 747//1279 755//1279 692//1279
f 693//1296 756//1296 682//1296
f 756//1297 748//1297 682//1297
f 729//1298 757//1298 686//1298
f 757//1299 707//1299 686//1299
f 737//1300 730//1300 708//1300
f 758//1301 720//1301 700//1301
f 755//1302 758//1302 700//1302
f 701//1303 759//1303 693//1303
f 759//1304 756//1304 693//1304
f 760//1305 731//1305 683//1305
f 726//1306 760//1306 683//1306
f 732//1307 761//1307 727//1307
f 761//1308 762//1308 727//1308
f 762//1309 728//1309 727//1309
f 763//1310 749//1310 717//1310
f 740//1311 763//1311 717//1311
f 718//1312 764//1312 689//1312
f 764//1313 741//1313 689//1313
f 765//1314 726//1314 690//1314
f 736//1315 765//1315 690//1315
f 762//1316 766//1316 728//1316
f 766//1317 737//1317 728//1317
f 767//2 768//2 709//2
f 1//1318 769//1318 3//1318
f 770//1319 751//1319 694//1319
f 714//1320 770//1320 694//1320
f 752//1321 771//1321 715//1321
f 771//1322 739//1322 715//1322
f 719//2 767//2 709//2
f 772//1323 6//1323 3//1323
f 769//1324 772//1324 3//1324
f 773//1325 733//1325 724//1325
f 753//1326 773//1326 724//1326
f 9//1327 14//1327 699//1327
f 14//1328 725//1328 699//1328
f 774//1329 738//1329 696//1329
f 731//1330 774//1330 696//1330
f 739//1331 775//1331 732//1331
f 775//1332 761//1332 732//1332
f 768//2 716//2 709//2
f 776//1333 769//1333 1//1333
f 730//1334 776//1334 1//1334
f 777//1335 778//1335 711//1335
f 710//1336 777//1336 711//1336
f 778//1337 713//1337 711//1337
f 733//2 779//2 719//2
f 779//2 767//2 719//2
f 772//1338 780//1338 6//1338
f 781//1339 777//1339 710//1339
f 712//1340 781//1340 710//1340
f 778//1341 782//1341 713//1341
f 782//1342 723//1342 713//1342
f 783//1343 740//1343 720//1343
f 758//1344 783//1344 720//1344
f 721//1345 784//1345 701//1345
f 784//1346 759//1346 701//1346
f 785//2 729//2 716//2
f 768//2 785//2 716//2
f 786//1347 781//1347 712//1347
f 722//1348 786//1348 712//1348
f 782//1349 787//1349 723//1349
f 787//1350 735//1350 723//1350
f 788//1351 744//1351 745//1351
f 789//1352 788//1352 745//1352
f 749//1353 789//1353 745//1353
f 746//1354 790//1354 704//1354
f 790//1355 750//1355 704//1355
f 757//1356 736//1356 707//1356
f 766//1357 11//1357 737//1357
f 11//1358 730//1358 737//1358
f 791//1359 753//1359 744//1359
f 788//1360 791//1360 744//1360
f 754//1361 792//1361 706//1361
f 792//1362 746//1362 706//1362
f 780//1363 9//1363 6//1363
f 793//1364 770//1364 714//1364
f 738//1365 793//1365 714//1365
f 771//1366 794//1366 739//1366
f 794//1367 775//1367 739//1367
f 795//1368 786//1368 722//1368
f 734//1369 795//1369 722//1369
f 787//1370 796//1370 735//1370
f 796//1371 752//1371 735//1371
f 785//2 71//2 729//2
f 18//1372 776//1372 730//1372
f 797//1373 789//1373 749//1373
f 763//1374 797//1374 749//1374
f 750//1375 798//1375 718//1375
f 798//1376 764//1376 718//1376
f 799//1377 763//1377 740//1377
f 783//1378 799//1378 740//1378
f 741//1379 800//1379 721//1379
f 800//1380 784//1380 721//1380
f 791//1381 773//1381 753//1381
f 14//1382 801//1382 725//1382
f 801//1383 754//1383 725//1383
f 773//2 802//2 733//2
f 802//2 779//2 733//2
f 780//1384 8//1384 9//1384
f 803//1385 760//1385 726//1385
f 765//1386 803//1386 726//1386
f 761//1387 804//1387 762//1387
f 804//1388 805//1388 762//1388
f 805//1389 766//1389 762//1389
f 806//1390 774//1390 731//1390
f 760//1391 806//1391 731//1391
f 775//1392 807//1392 761//1392
f 807//1393 804//1393 761//1393
f 808//1394 747//1394 742//1394
f 809//1395 808//1395 742//1395
f 743//1396 809//1396 742//1396
f 810//1397 795//1397 734//1397
f 751//1398 810//1398 734//1398
f 796//1399 811//1399 752//1399
f 811//1400 771//1400 752//1400
f 812//1401 755//1401 747//1401
f 808//1402 812//1402 747//1402
f 748//1403 813//1403 743//1403
f 813//1404 809//1404 743//1404
f 71//2 757//2 729//2
f 11//1405 18//1405 730//1405
f 757//1406 765//1406 736//1406
f 805//1407 17//1407 766//1407
f 17//1408 11//1408 766//1408
f 814//1409 758//1409 755//1409
f 812//1410 814//1410 755//1410
f 756//1411 815//1411 748//1411
f 815//1412 813//1412 748//1412
f 816//1413 797//1413 763//1413
f 799//1414 816//1414 763//1414
f 764//1415 817//1415 741//1415
f 817//1416 800//1416 741//1416
f 818//1417 793//1417 738//1417
f 774//1418 818//1418 738//1418
f 794//1419 819//1419 775//1419
f 819//1420 807//1420 775//1420
f 820//1421 791//1421 788//1421
f 821//1422 820//1422 788//1422
f 789//1423 821//1423 788//1423
f 792//1424 822//1424 746//1424
f 822//1425 790//1425 746//1425
f 8//43 14//43 9//43
f 823//1426 783//1426 758//1426
f 814//1427 823//1427 758//1427
f 759//1428 824//1428 756//1428
f 824//1429 815//1429 756//1429
f 825//1430 810//1430 751//1430
f 770//1431 825//1431 751//1431
f 811//1432 826//1432 771//1432
f 826//1433 794//1433 771//1433
f 827//1434 821//1434 789//1434
f 797//1435 827//1435 789//1435
f 790//1436 828//1436 750//1436
f 828//1437 798//1437 750//1437
f 829//1438 773//1438 791//1438
f 820//1439 829//1439 791//1439
f 801//1440 792//1440 754//1440
f 71//2 830//2 757//2
f 831//1441 18//1441 11//1441
f 17//1442 831//1442 11//1442
f 832//1443 799//1443 783//1443
f 823//1444 832//1444 783//1444
f 784//1445 833//1445 759//1445
f 833//1446 824//1446 759//1446
f 834//1447 835//1447 778//1447
f 777//1448 834//1448 778//1448
f 835//1449 782//1449 778//1449
f 836//1450 834//1450 777//1450
f 781//1451 836//1451 777//1451
f 835//1452 837//1452 782//1452
f 837//1453 787//1453 782//1453
f 838//1454 806//1454 760//1454
f 803//1455 838//1455 760//1455
f 807//1456 839//1456 804//1456
f 839//1457 840//1457 804//1457
f 840//1458 805//1458 804//1458
f 757//1459 841//1459 765//1459
f 841//1460 803//1460 765//1460
f 840//1461 17//1461 805//1461
f 842//1462 827//1462 797//1462
f 816//1463 842//1463 797//1463
f 798//1464 843//1464 764//1464
f 843//1465 817//1465 764//1465
f 844//1466 836//1466 781//1466
f 786//1467 844//1467 781//1467
f 837//1468 845//1468 787//1468
f 845//1469 796//1469 787//1469
f 846//1470 825//1470 770//1470
f 793//1471 846//1471 770//1471
f 826//1472 847//1472 794//1472
f 847//1473 819//1473 794//1473
f 829//2 848//2 773//2
f 848//2 802//2 773//2
f 8//1474 849//1474 14//1474
f 849//1475 801//1475 14//1475
f 850//1476 818//1476 774//1476
f 806//1477 850//1477 774//1477
f 819//1478 851//1478 807//1478
f 851//1479 839//1479 807//1479
f 852//1480 816//1480 799//1480
f 832//1481 852//1481 799//1481
f 800//1482 853//1482 784//1482
f 853//1483 833//1483 784//1483
f 854//1484 844//1484 786//1484
f 795//1485 854//1485 786//1485
f 845//1486 855//1486 796//1486
f 855//1487 811//1487 796//1487
f 856//1488 820//1488 821//1488
f 857//1489 856//1489 821//1489
f 827//1490 857//1490 821//1490
f 822//1491 858//1491 790//1491
f 858//1492 828//1492 790//1492
f 856//1493 829//1493 820//1493
f 801//1494 859//1494 792//1494
f 859//1495 822//1495 792//1495
f 860//1496 854//1496 795//1496
f 810//1497 860//1497 795//1497
f 855//1498 861//1498 811//1498
f 861//1499 826//1499 811//1499
f 862//1500 846//1500 793//1500
f 818//1501 862//1501 793//1501
f 847//1502 863//1502 819//1502
f 863//1503 851//1503 819//1503
f 864//1504 812//1504 808//1504
f 865//1505 864//1505 808//1505
f 809//1506 865//1506 808//1506
f 866//1507 814//1507 812//1507
f 864//1508 866//1508 812//1508
f 813//1509 867//1509 809//1509
f 867//1510 865//1510 809//1510
f 868//1511 842//1511 816//1511
f 852//1512 868//1512 816//1512
f 817//1513 869//1513 800//1513
f 869//1514 853//1514 800//1514
f 870//1515 857//1515 827//1515
f 842//1516 870//1516 827//1516
f 828//1517 871//1517 798//1517
f 871//1518 843//1518 798//1518
f 872//2 848//2 829//2
f 873//1519 823//1519 814//1519
f 866//1520 873//1520 814//1520
f 815//1521 874//1521 813//1521
f 874//1522 867//1522 813//1522
f 841//1523 838//1523 803//1523
f 839//1524 875//1524 840//1524
f 875//1525 37//1525 840//1525
f 37//1526 17//1526 840//1526
f 876//1527 860//1527 810//1527
f 825//1528 876//1528 810//1528
f 861//1529 877//1529 826//1529
f 877//1530 847//1530 826//1530
f 878//1531 850//1531 806//1531
f 838//1532 878//1532 806//1532
f 851//1533 879//1533 839//1533
f 879//1534 875//1534 839//1534
f 880//1535 832//1535 823//1535
f 873//1536 880//1536 823//1536
f 824//1537 881//1537 815//1537
f 881//1538 874//1538 815//1538
f 882//2 841//2 757//2
f 830//2 882//2 757//2
f 883//1539 831//1539 17//1539
f 37//1540 883//1540 17//1540
f 884//1541 870//1541 842//1541
f 868//1542 884//1542 842//1542
f 843//1543 885//1543 817//1543
f 885//1544 869//1544 817//1544
f 886//1545 852//1545 832//1545
f 880//1546 886//1546 832//1546
f 833//1547 887//1547 824//1547
f 887//1548 881//1548 824//1548
f 888//1549 862//1549 818//1549
f 850//1550 888//1550 818//1550
f 863//1551 889//1551 851//1551
f 889//1552 879//1552 851//1552
f 890//1553 829//1553 856//1553
f 891//1554 890//1554 856//1554
f 857//1555 891//1555 856//1555
f 859//1556 858//1556 822//1556
f 892//1557 876//1557 825//1557
f 846//1558 892//1558 825//1558
f 877//1559 893//1559 847//1559
f 893//1560 863//1560 847//1560
f 894//1561 895//1561 835//1561
f 834//1562 894//1562 835//1562
f 895//1563 837//1563 835//1563
f 896//1564 894//1564 834//1564
f 836//1565 896//1565 834//1565
f 895//1566 897//1566 837//1566
f 897//1567 845//1567 837//1567
f 890//2 872//2 829//2
f 898//43 859//43 801//43
f 849//43 898//43 801//43
f 899//1568 891//1568 857//1568
f 870//1569 899//1569 857//1569
f 858//1570 900//1570 828//1570
f 900//1571 871//1571 828//1571
f 901//1572 896//1572 836//1572
f 844//1573 901//1573 836//1573
f 897//1574 902//1574 845//1574
f 902//1575 855//1575 845//1575
f 903//1576 868//1576 852//1576
f 886//1577 903//1577 852//1577
f 853//1578 904//1578 833//1578
f 904//1579 887//1579 833//1579
f 905//1580 901//1580 844//1580
f 854//1581 905//1581 844//1581
f 902//1582 906//1582 855//1582
f 906//1583 861//1583 855//1583
f 841//1584 878//1584 838//1584
f 879//1585 907//1585 875//1585
f 907//1586 37//1586 875//1586
f 908//1587 899//1587 870//1587
f 884//1588 908//1588 870//1588
f 871//1589 909//1589 843//1589
f 909//1590 885//1590 843//1590
f 910//1591 892//1591 846//1591
f 862//1592 910//1592 846//1592
f 893//1593 911//1593 863//1593
f 911//1594 889//1594 863//1594
f 912//1595 888//1595 850//1595
f 878//1596 912//1596 850//1596
f 889//1597 913//1597 879//1597
f 913//1598 907//1598 879//1598
f 914//1599 905//1599 854//1599
f 860//1600 914//1600 854//1600
f 906//1601 915//1601 861//1601
f 915//1602 877//1602 861//1602
f 916//1603 884//1603 868//1603
f 903//1604 916//1604 868//1604
f 869//1605 917//1605 853//1605
f 917//1606 904//1606 853//1606
f 779//1607 918//1607 767//1607
f 918//1608 768//1608 767//1608
f 918//1609 67//1609 768//1609
f 67//1610 785//1610 768//1610
f 769//1611 919//1611 772//1611
f 919//1612 780//1612 772//1612
f 776//1613 920//1613 769//1613
f 920//1614 919//1614 769//1614
f 921//1615 866//1615 864//1615
f 922//1616 921//1616 864//1616
f 865//1617 922//1617 864//1617
f 923//1618 873//1618 866//1618
f 921//1619 923//1619 866//1619
f 867//1620 924//1620 865//1620
f 924//1621 922//1621 865//1621
f 925//2 872//2 890//2
f 898//43 926//43 859//43
f 927//1622 890//1622 891//1622
f 899//1623 927//1623 891//1623
f 859//1624 50//1624 858//1624
f 50//1625 900//1625 858//1625
f 928//1626 880//1626 873//1626
f 923//1627 928//1627 873//1627
f 874//1628 929//1628 867//1628
f 929//1629 924//1629 867//1629
f 930//1630 914//1630 860//1630
f 876//1631 930//1631 860//1631
f 915//1632 931//1632 877//1632
f 931//1633 893//1633 877//1633
f 802//1634 69//1634 779//1634
f 69//1635 918//1635 779//1635
f 67//1636 932//1636 785//1636
f 932//1637 71//1637 785//1637
f 919//1638 933//1638 780//1638
f 933//1639 8//1639 780//1639
f 18//1640 934//1640 776//1640
f 934//1641 920//1641 776//1641
f 935//1642 910//1642 862//1642
f 888//1643 935//1643 862//1643
f 911//1644 936//1644 889//1644
f 936//1645 913//1645 889//1645
f 937//1646 886//1646 880//1646
f 928//1647 937//1647 880//1647
f 881//1648 938//1648 874//1648
f 938//1649 929//1649 874//1649
f 939//1650 908//1650 884//1650
f 916//1651 939//1651 884//1651
f 885//1652 940//1652 869//1652
f 940//1653 917//1653 869//1653
f 941//1654 927//1654 899//1654
f 908//1655 941//1655 899//1655
f 900//1656 942//1656 871//1656
f 942//1657 909//1657 871//1657
f 882//2 943//2 841//2
f 907//1658 53//1658 37//1658
f 944//1659 883//1659 37//1659
f 53//1660 944//1660 37//1660
f 945//1661 930//1661 876//1661
f 892//1662 945//1662 876//1662
f 931//1663 946//1663 893//1663
f 946//1664 911//1664 893//1664
f 947//1665 903//1665 886//1665
f 937//1666 947//1666 886//1666
f 887//1667 948//1667 881//1667
f 948//1668 938//1668 881//1668
f 841//1669 949//1669 878//1669
f 949//1670 912//1670 878//1670
f 913//1671 950//1671 907//1671
f 950//1672 53//1672 907//1672
f 848//1673 951//1673 802//1673
f 951//1674 70//1674 802//1674
f 70//1675 69//1675 802//1675
f 932//1676 952//1676 71//1676
f 952//1677 830//1677 71//1677
f 933//1678 953//1678 8//1678
f 953//1679 849//1679 8//1679
f 831//1680 954//1680 18//1680
f 954//1681 934//1681 18//1681
f 955//1682 956//1682 895//1682
f 894//1683 955//1683 895//1683
f 956//1684 897//1684 895//1684
f 957//1685 955//1685 894//1685
f 896//1686 957//1686 894//1686
f 956//1687 958//1687 897//1687
f 958//1688 902//1688 897//1688
f 959//1689 916//1689 903//1689
f 947//1690 959//1690 903//1690
f 904//1691 960//1691 887//1691
f 960//1692 948//1692 887//1692
f 961//1693 941//1693 908//1693
f 939//1694 961//1694 908//1694
f 909//1695 962//1695 885//1695
f 962//1696 940//1696 885//1696
f 963//1697 935//1697 888//1697
f 912//1698 963//1698 888//1698
f 936//1699 964//1699 913//1699
f 964//1700 950//1700 913//1700
f 965//1701 957//1701 896//1701
f 901//1702 965//1702 896//1702
f 958//1703 966//1703 902//1703
f 966//1704 906//1704 902//1704
f 927//1705 967//1705 890//1705
f 967//2 925//2 890//2
f 926//1706 50//1706 859//1706
f 968//1707 945//1707 892//1707
f 910//1708 968//1708 892//1708
f 946//1709 969//1709 911//1709
f 969//1710 936//1710 911//1710
f 970//1711 965//1711 901//1711
f 905//1712 970//1712 901//1712
f 966//1713 971//1713 906//1713
f 971//1714 915//1714 906//1714
f 972//1715 967//1715 927//1715
f 941//1716 972//1716 927//1716
f 50//1717 942//1717 900//1717
f 919//1718 67//1718 918//1718
f 919//1719 920//1719 67//1719
f 973//1720 939//1720 916//1720
f 959//1721 973//1721 916//1721
f 917//1722 974//1722 904//1722
f 974//1723 960//1723 904//1723
f 975//1724 970//1724 905//1724
f 914//1725 975//1725 905//1725
f 971//1726 976//1726 915//1726
f 976//1727 931//1727 915//1727
f 933//1728 919//1728 918//1728
f 69//1729 933//1729 918//1729
f 934//1730 67//1730 920//1730
f 943//2 949//2 841//2
f 88//1731 944//1731 53//1731
f 934//1732 932//1732 67//1732
f 872//1733 977//1733 848//1733
f 977//1734 951//1734 848//1734
f 952//1735 882//1735 830//1735
f 953//1736 978//1736 849//1736
f 978//1737 898//1737 849//1737
f 883//1738 954//1738 831//1738
f 979//1739 972//1739 941//1739
f 961//1740 979//1740 941//1740
f 942//1741 980//1741 909//1741
f 980//1742 962//1742 909//1742
f 981//1743 968//1743 910//1743
f 935//1744 981//1744 910//1744
f 969//1745 982//1745 936//1745
f 982//1746 964//1746 936//1746
f 983//1747 923//1747 921//1747
f 984//1748 983//1748 921//1748
f 922//1749 984//1749 921//1749
f 985//1750 975//1750 914//1750
f 930//1751 985//1751 914//1751
f 976//1752 986//1752 931//1752
f 986//1753 946//1753 931//1753
f 949//1754 963//1754 912//1754
f 964//1755 987//1755 950//1755
f 987//1756 53//1756 950//1756
f 988//1757 928//1757 923//1757
f 983//1758 988//1758 923//1758
f 924//1759 989//1759 922//1759
f 989//1760 984//1760 922//1760
f 990//1761 961//1761 939//1761
f 973//1762 990//1762 939//1762
f 940//1763 991//1763 917//1763
f 991//1763 974//1763 917//1763
f 992//1764 937//1764 928//1764
f 988//1765 992//1765 928//1765
f 929//1766 993//1766 924//1766
f 993//1767 989//1767 924//1767
f 70//1768 933//1768 69//1768
f 994//1769 947//1769 937//1769
f 992//1770 994//1770 937//1770
f 938//1771 995//1771 929//1771
f 995//1772 993//1772 929//1772
f 996//2 925//2 967//2
f 926//1773 49//1773 50//1773
f 953//1774 933//1774 70//1774
f 951//1775 953//1775 70//1775
f 934//1776 952//1776 932//1776
f 954//1776 952//1776 934//1776
f 997//1777 985//1777 930//1777
f 945//1778 997//1778 930//1778
f 986//1779 998//1779 946//1779
f 998//1780 969//1780 946//1780
f 999//1781 959//1781 947//1781
f 994//1782 999//1782 947//1782
f 948//1783 1000//1783 938//1783
f 1000//1784 995//1784 938//1784
f 1001//1785 981//1785 935//1785
f 963//1786 1001//1786 935//1786
f 982//1787 1002//1787 964//1787
f 1002//1788 987//1788 964//1788
f 1003//1789 979//1789 961//1789
f 990//1761 1003//1761 961//1761
f 962//1790 1004//1790 940//1790
f 1004//1791 991//1791 940//1791
f 1005//1792 967//1792 972//1792
f 979//1793 1005//1793 972//1793
f 50//1794 84//1794 942//1794
f 84//1795 980//1795 942//1795
f 1006//1796 973//1796 959//1796
f 999//1797 1006//1797 959//1797
f 960//1798 1007//1798 948//1798
f 1007//1799 1000//1799 948//1799
f 1008//1800 997//1800 945//1800
f 968//1801 1008//1801 945//1801
f 998//1802 1009//1802 969//1802
f 1009//1803 982//1803 969//1803
f 943//2 1010//2 949//2
f 987//1804 87//1804 53//1804
f 1011//1805 1012//1805 956//1805
f 955//1806 1011//1806 956//1806
f 1012//1807 958//1807 956//1807
f 1013//1808 1011//1808 955//1808
f 957//1809 1013//1809 955//1809
f 1012//1810 1014//1810 958//1810
f 1014//1811 966//1811 958//1811
f 925//1812 1015//1812 872//1812
f 1015//1813 977//1813 872//1813
f 952//1814 1016//1814 882//1814
f 1016//1815 1017//1815 882//1815
f 1017//1816 943//1816 882//1816
f 978//1817 1018//1817 898//1817
f 1018//1818 926//1818 898//1818
f 944//1819 1019//1819 883//1819
f 1019//1820 954//1820 883//1820
f 1020//1821 1013//1821 957//1821
f 965//1822 1020//1822 957//1822
f 1014//1823 1021//1823 966//1823
f 1021//1824 971//1824 966//1824
f 978//1825 953//1825 951//1825
f 977//1825 978//1825 951//1825
f 1022//1826 1020//1826 965//1826
f 970//1827 1022//1827 965//1827
f 1021//1828 1023//1828 971//1828
f 1023//1829 976//1829 971//1829
f 1024//1830 990//1830 973//1830
f 1006//1831 1024//1831 973//1831
f 974//1832 1025//1832 960//1832
f 1025//1833 1007//1833 960//1833
f 1026//1834 1005//1834 979//1834
f 1003//1835 1026//1835 979//1835
f 980//1836 1027//1836 962//1836
f 1027//1837 1004//1837 962//1837
f 949//1838 1001//1838 963//1838
f 1002//1839 1028//1839 987//1839
f 1028//1840 87//1840 987//1840
f 1029//1841 1008//1841 968//1841
f 981//1842 1029//1842 968//1842
f 1009//1843 1030//1843 982//1843
f 1030//1844 1002//1844 982//1844
f 1031//1845 1022//1845 970//1845
f 975//1846 1031//1846 970//1846
f 1023//1847 1032//1847 976//1847
f 1032//1848 986//1848 976//1848
f 1005//1849 1033//1849 967//1849
f 1033//2 996//2 967//2
f 49//1850 84//1850 50//1850
f 1034//1851 1003//1851 990//1851
f 1024//1852 1034//1852 990//1852
f 991//1853 1035//1853 974//1853
f 1035//1854 1025//1854 974//1854
f 1036//1855 1031//1855 975//1855
f 985//1856 1036//1856 975//1856
f 1032//1857 1037//1857 986//1857
f 1037//1858 998//1858 986//1858
f 1038//1859 988//1859 983//1859
f 1039//1860 1038//1860 983//1860
f 984//1861 1039//1861 983//1861
f 954//1862 1016//1862 952//1862
f 1019//1862 1016//1862 954//1862
f 1040//1863 992//1863 988//1863
f 1038//1859 1040//1859 988//1859
f 989//1864 1041//1864 984//1864
f 1041//1865 1039//1865 984//1865
f 1042//1866 1033//1866 1005//1866
f 1026//1867 1042//1867 1005//1867
f 84//1868 1027//1868 980//1868
f 1043//1869 1029//1869 981//1869
f 1001//1870 1043//1870 981//1870
f 1030//1871 1044//1871 1002//1871
f 1044//1872 1028//1872 1002//1872
f 1045//1873 994//1873 992//1873
f 1040//1874 1045//1874 992//1874
f 993//1875 1046//1875 989//1875
f 1046//1876 1041//1876 989//1876
f 1047//1877 1036//1877 985//1877
f 997//1878 1047//1878 985//1878
f 1037//1879 1048//1879 998//1879
f 1048//1880 1009//1880 998//1880
f 1010//2 128//2 949//2
f 1049//1881 88//1881 87//1881
f 1050//1882 999//1882 994//1882
f 1045//1883 1050//1883 994//1883
f 995//1884 1051//1884 993//1884
f 1051//1885 1046//1885 993//1885
f 1052//1886 1026//1886 1003//1886
f 1034//1887 1052//1887 1003//1887
f 1004//1888 1053//1888 991//1888
f 1053//1889 1035//1889 991//1889
f 1018//1890 978//1890 977//1890
f 1015//1890 1018//1890 977//1890
f 1019//1891 1017//1891 1016//1891
f 1054//1892 1006//1892 999//1892
f 1050//1893 1054//1893 999//1893
f 1000//1894 1055//1894 995//1894
f 1055//1895 1051//1895 995//1895
f 996//1896 111//1896 925//1896
f 111//1897 1015//1897 925//1897
f 1017//1898 112//1898 943//1898
f 112//1899 1010//1899 943//1899
f 1018//1900 1056//1900 926//1900
f 1056//1901 49//1901 926//1901
f 88//1902 1057//1902 944//1902
f 1057//1903 1058//1903 944//1903
f 1058//1904 1019//1904 944//1904
f 1059//1905 1047//1905 997//1905
f 1008//1906 1059//1906 997//1906
f 1048//1907 1060//1907 1009//1907
f 1060//1908 1030//1908 1009//1908
f 1061//1909 1024//1909 1006//1909
f 1054//1910 1061//1910 1006//1910
f 1007//1911 1062//1911 1000//1911
f 1062//1912 1055//1912 1000//1912
f 949//1913 1063//1913 1001//1913
f 1063//1914 1043//1914 1001//1914
f 1044//1915 1064//1915 1028//1915
f 1064//1916 87//1916 1028//1916
f 1065//2 996//2 1033//2
f 49//1917 1066//1917 84//1917
f 1067//1918 1042//1918 1026//1918
f 1052//1919 1067//1919 1026//1919
f 1027//1920 1068//1920 1004//1920
f 1068//1921 1053//1921 1004//1921
f 1069//1922 1070//1922 1012//1922
f 1011//1923 1069//1923 1012//1923
f 1070//1924 1014//1924 1012//1924
f 1071//1925 1069//1925 1011//1925
f 1013//1926 1071//1926 1011//1926
f 1070//1927 1072//1927 1014//1927
f 1072//1928 1021//1928 1014//1928
f 1073//1929 1034//1929 1024//1929
f 1061//1930 1073//1930 1024//1930
f 1025//1931 1074//1931 1007//1931
f 1074//1932 1062//1932 1007//1932
f 1075//1933 1071//1933 1013//1933
f 1020//1934 1075//1934 1013//1934
f 1072//1935 1076//1935 1021//1935
f 1076//1936 1023//1936 1021//1936
f 1077//1937 1059//1937 1008//1937
f 1029//1938 1077//1938 1008//1938
f 1060//1939 1078//1939 1030//1939
f 1078//1940 1044//1940 1030//1940
f 1079//1941 1075//1941 1020//1941
f 1022//1942 1079//1942 1020//1942
f 1076//1943 1080//1943 1023//1943
f 1080//1944 1032//1944 1023//1944
f 1058//1891 1017//1891 1019//1891
f 1081//1945 1079//1945 1022//1945
f 1031//1946 1081//1946 1022//1946
f 1080//1947 1082//1947 1032//1947
f 1082//1948 1037//1948 1032//1948
f 1083//1949 1052//1949 1034//1949
f 1073//1950 1083//1950 1034//1950
f 1035//1951 1084//1951 1025//1951
f 1084//1952 1074//1952 1025//1952
f 1085//1953 1033//1953 1042//1953
f 1067//1954 1085//1954 1042//1954
f 84//1955 116//1955 1027//1955
f 116//1956 1068//1956 1027//1956
f 128//2 1063//2 949//2
f 1086//1957 1077//1957 1029//1957
f 1043//1958 1086//1958 1029//1958
f 1078//1959 1087//1959 1044//1959
f 1087//1960 1064//1960 1044//1960
f 1056//1961 1018//1961 1015//1961
f 111//1961 1056//1961 1015//1961
f 1058//1962 112//1962 1017//1962
f 1057//1963 112//1963 1058//1963
f 1088//1964 1081//1964 1031//1964
f 1036//1965 1088//1965 1031//1965
f 1082//1966 1089//1966 1037//1966
f 1089//1967 1048//1967 1037//1967
f 1090//1968 1067//1968 1052//1968
f 1083//1969 1090//1969 1052//1969
f 1053//1970 1091//1970 1035//1970
f 1091//1971 1084//1971 1035//1971
f 1092//1972 1040//1972 1038//1972
f 1093//1973 1092//1973 1038//1973
f 1039//1974 1093//1974 1038//1974
f 1094//1975 1088//1975 1036//1975
f 1047//1976 1094//1976 1036//1976
f 1089//1977 1095//1977 1048//1977
f 1095//1978 1060//1978 1048//1978
f 1096//1979 1045//1979 1040//1979
f 1092//1980 1096//1980 1040//1980
f 1041//1981 1097//1981 1039//1981
f 1097//1982 1093//1982 1039//1982
f 1098//1983 1050//1983 1045//1983
f 1096//1984 1098//1984 1045//1984
f 1046//1985 1099//1985 1041//1985
f 1099//1986 1097//1986 1041//1986
f 1085//1987 1100//1987 1033//1987
f 1100//2 1065//2 1033//2
f 1066//43 116//43 84//43
f 1065//1988 127//1988 996//1988
f 127//1989 111//1989 996//1989
f 112//1990 1101//1990 1010//1990
f 1101//1991 128//1991 1010//1991
f 1056//1992 1102//1992 49//1992
f 1102//1993 1066//1993 49//1993
f 1049//1994 1103//1994 88//1994
f 1103//1995 1057//1995 88//1995
f 1063//1996 1086//1996 1043//1996
f 1087//1997 1104//1997 1064//1997
f 1104//1998 87//1998 1064//1998
f 1105//1999 1054//1999 1050//1999
f 1098//2000 1105//2000 1050//2000
f 1051//2001 1106//2001 1046//2001
f 1106//2002 1099//2002 1046//2002
f 1107//2003 1094//2003 1047//2003
f 1059//2004 1107//2004 1047//2004
f 1095//2005 1108//2005 1060//2005
f 1108//2006 1078//2006 1060//2006
f 1109//2007 1061//2007 1054//2007
f 1105//2008 1109//2008 1054//2008
f 1055//2009 1110//2009 1051//2009
f 1110//2010 1106//2010 1051//2010
f 1111//2011 1085//2011 1067//2011
f 1090//2012 1111//2012 1067//2012
f 1068//2013 1112//2013 1053//2013
f 1112//2014 1091//2014 1053//2014
f 1113//2015 1073//2015 1061//2015
f 1109//2016 1113//2016 1061//2016
f 1062//2017 1114//2017 1055//2017
f 1114//2018 1110//2018 1055//2018
f 1115//2019 1107//2019 1059//2019
f 1077//2020 1115//2020 1059//2020
f 1108//2021 1116//2021 1078//2021
f 1116//2022 1087//2022 1078//2022
f 128//2 1117//2 1063//2
f 1104//2023 119//2023 87//2023
f 1118//43 1049//43 87//43
f 119//43 1118//43 87//43
f 1119//2024 1083//2024 1073//2024
f 1113//2025 1119//2025 1073//2025
f 1074//2026 1120//2026 1062//2026
f 1120//2027 1114//2027 1062//2027
f 1121//2028 1100//2028 1085//2028
f 1111//2029 1121//2029 1085//2029
f 116//2030 1112//2030 1068//2030
f 1122//2031 1123//2031 1070//2031
f 1069//2032 1122//2032 1070//2032
f 1123//2033 1072//2033 1070//2033
f 1124//2034 1122//2034 1069//2034
f 1071//2035 1124//2035 1069//2035
f 1123//2036 1125//2036 1072//2036
f 1125//2037 1076//2037 1072//2037
f 1126//2038 1124//2038 1071//2038
f 1075//2039 1126//2039 1071//2039
f 1125//2040 1127//2040 1076//2040
f 1127//2041 1080//2041 1076//2041
f 1102//2042 1056//2042 111//2042
f 127//2042 1102//2042 111//2042
f 1057//2043 1101//2043 112//2043
f 1103//2044 1101//2044 1057//2044
f 1128//2045 1115//2045 1077//2045
f 1086//2046 1128//2046 1077//2046
f 1116//2047 1129//2047 1087//2047
f 1129//2048 1104//2048 1087//2048
f 1130//2049 1126//2049 1075//2049
f 1079//2050 1130//2050 1075//2050
f 1127//2051 1131//2051 1080//2051
f 1131//2052 1082//2052 1080//2052
f 1132//2053 1090//2053 1083//2053
f 1119//2054 1132//2054 1083//2054
f 1084//2055 1133//2055 1074//2055
f 1133//2056 1120//2056 1074//2056
f 1134//2057 1130//2057 1079//2057
f 1081//2058 1134//2058 1079//2058
f 1131//2059 1135//2059 1082//2059
f 1135//2060 1089//2060 1082//2060
f 1136//2 1065//2 1100//2
f 1066//43 1137//43 116//43
f 1138//2061 1134//2061 1081//2061
f 1088//2062 1138//2062 1081//2062
f 1135//2063 1139//2063 1089//2063
f 1139//2064 1095//2064 1089//2064
f 1140//2065 1111//2065 1090//2065
f 1132//2066 1140//2066 1090//2066
f 1091//2067 1141//2067 1084//2067
f 1141//2068 1133//2068 1084//2068
f 1063//2069 1128//2069 1086//2069
f 1129//2070 1142//2070 1104//2070
f 1142//2071 119//2071 1104//2071
f 1143//2072 1138//2072 1088//2072
f 1094//2073 1143//2073 1088//2073
f 1139//2074 1144//2074 1095//2074
f 1144//2075 1108//2075 1095//2075
f 1145//2076 1121//2076 1111//2076
f 1140//2077 1145//2077 1111//2077
f 1112//2078 1146//2078 1091//2078
f 1146//2079 1141//2079 1091//2079
f 1147//2080 1096//2080 1092//2080
f 1148//2081 1147//2081 1092//2081
f 1093//2082 1148//2082 1092//2082
f 1136//2083 1149//2083 1065//2083
f 1149//2084 127//2084 1065//2084
f 1101//2085 1150//2085 128//2085
f 1150//2086 1117//2086 128//2086
f 1102//2087 1151//2087 1066//2087
f 1151//2088 1137//2088 1066//2088
f 1118//2089 1152//2089 1049//2089
f 1152//2090 1103//2090 1049//2090
f 1153//2091 1098//2091 1096//2091
f 1147//2092 1153//2092 1096//2092
f 1097//2093 1154//2093 1093//2093
f 1154//2094 1148//2094 1093//2094
f 1155//2095 1105//2095 1098//2095
f 1153//2096 1155//2096 1098//2096
f 1099//2097 1156//2097 1097//2097
f 1156//2098 1154//2098 1097//2098
f 1157//2099 1143//2099 1094//2099
f 1107//2100 1157//2100 1094//2100
f 1144//2101 1158//2101 1108//2101
f 1158//2102 1116//2102 1108//2102
f 1159//2103 1109//2103 1105//2103
f 1155//2104 1159//2104 1105//2104
f 1106//2105 1160//2105 1099//2105
f 1160//2106 1156//2106 1099//2106
f 1161//2107 1113//2107 1109//2107
f 1159//2108 1161//2108 1109//2108
f 1110//2109 1162//2109 1106//2109
f 1162//2110 1160//2110 1106//2110
f 1163//2111 1157//2111 1107//2111
f 1115//2112 1163//2112 1107//2112
f 1158//2113 1164//2113 1116//2113
f 1164//2114 1129//2114 1116//2114
f 1165//2115 1100//2115 1121//2115
f 1145//2116 1165//2116 1121//2116
f 116//2117 138//2117 1112//2117
f 138//2118 1146//2118 1112//2118
f 1166//2119 1119//2119 1113//2119
f 1161//2120 1166//2120 1113//2120
f 1114//2121 1167//2121 1110//2121
f 1167//2122 1162//2122 1110//2122
f 1168//2123 1132//2123 1119//2123
f 1166//2124 1168//2124 1119//2124
f 1120//2125 1169//2125 1114//2125
f 1169//2126 1167//2126 1114//2126
f 1151//2127 1102//2127 127//2127
f 1149//2127 1151//2127 127//2127
f 1103//2128 1150//2128 1101//2128
f 1152//2129 1150//2129 1103//2129
f 1170//2130 1163//2130 1115//2130
f 1128//2131 1170//2131 1115//2131
f 1164//2132 1171//2132 1129//2132
f 1171//2133 1142//2133 1129//2133
f 1172//2 1136//2 1100//2
f 1137//2134 138//2134 116//2134
f 1173//2135 1140//2135 1132//2135
f 1168//2136 1173//2136 1132//2136
f 1133//2137 1174//2137 1120//2137
f 1174//2138 1169//2138 1120//2138
f 1175//2139 1176//2139 1123//2139
f 1122//2140 1175//2140 1123//2140
f 1176//2141 1125//2141 1123//2141
f 1177//2142 1175//2142 1122//2142
f 1124//2143 1177//2143 1122//2143
f 1176//2144 1178//2144 1125//2144
f 1178//2145 1127//2145 1125//2145
f 1179//2146 1177//2146 1124//2146
f 1126//2147 1179//2147 1124//2147
f 1178//2148 1180//2148 1127//2148
f 1180//2149 1131//2149 1127//2149
f 1181//2150 1179//2150 1126//2150
f 1130//2151 1181//2151 1126//2151
f 1180//2152 1182//2152 1131//2152
f 1182//2153 1135//2153 1131//2153
f 1063//2154 1183//2154 1128//2154
f 1183//2155 1170//2155 1128//2155
f 1171//2156 1184//2156 1142//2156
f 1184//2157 119//2157 1142//2157
f 1185//2158 1145//2158 1140//2158
f 1173//2159 1185//2159 1140//2159
f 1141//2160 1186//2160 1133//2160
f 1186//2161 1174//2161 1133//2161
f 1187//2162 1181//2162 1130//2162
f 1134//2163 1187//2163 1130//2163
f 1182//2164 1188//2164 1135//2164
f 1188//2165 1139//2165 1135//2165
f 1189//2166 1187//2166 1134//2166
f 1138//2167 1189//2167 1134//2167
f 1188//2168 1190//2168 1139//2168
f 1190//2169 1144//2169 1139//2169
f 1191//2170 1165//2170 1145//2170
f 1185//2171 1191//2171 1145//2171
f 1146//2172 1192//2172 1141//2172
f 1192//2173 1186//2173 1141//2173
f 1117//2 1193//2 1063//2
f 1193//2 1183//2 1063//2
f 1184//2174 142//2174 119//2174
f 1194//43 1118//43 119//43
f 142//2175 1194//2175 119//2175
f 1195//2176 1189//2176 1138//2176
f 1143//2177 1195//2177 1138//2177
f 1190//2178 1196//2178 1144//2178
f 1196//2179 1158//2179 1144//2179
f 1197//2180 1195//2180 1143//2180
f 1157//2181 1197//2181 1143//2181
f 1196//2182 1198//2182 1158//2182
f 1198//2183 1164//2183 1158//2183
f 1172//2184 1199//2184 1136//2184
f 1199//2185 1149//2185 1136//2185
f 1150//2186 1200//2186 1117//2186
f 1200//2187 1193//2187 1117//2187
f 1151//2188 1201//2188 1137//2188
f 1201//2189 1202//2189 1137//2189
f 1202//2190 138//2190 1137//2190
f 1194//2191 1203//2191 1118//2191
f 1203//2192 1152//2192 1118//2192
f 1204//2193 1100//2193 1165//2193
f 1191//2194 1204//2194 1165//2194
f 138//2195 1192//2195 1146//2195
f 1205//2196 1153//2196 1147//2196
f 1206//2197 1205//2197 1147//2197
f 1148//2198 1206//2198 1147//2198
f 1207//2199 1155//2199 1153//2199
f 1205//2200 1207//2200 1153//2200
f 1154//2201 1208//2201 1148//2201
f 1208//2202 1206//2202 1148//2202
f 1209//2203 1159//2203 1155//2203
f 1207//2204 1209//2204 1155//2204
f 1156//2205 1210//2205 1154//2205
f 1210//2206 1208//2206 1154//2206
f 1211//2207 1197//2207 1157//2207
f 1163//2208 1211//2208 1157//2208
f 1198//2209 1212//2209 1164//2209
f 1212//2210 1171//2210 1164//2210
f 1213//2211 1161//2211 1159//2211
f 1209//2212 1213//2212 1159//2212
f 1160//2213 1214//2213 1156//2213
f 1214//2214 1210//2214 1156//2214
f 1215//2215 1166//2215 1161//2215
f 1213//2216 1215//2216 1161//2216
f 1162//2217 1216//2217 1160//2217
f 1216//2218 1214//2218 1160//2218
f 1204//2219 1217//2219 1100//2219
f 1217//2 1172//2 1100//2
f 1218//2220 1211//2220 1163//2220
f 1170//2221 1218//2221 1163//2221
f 1212//2222 1219//2222 1171//2222
f 1219//2223 1184//2223 1171//2223
f 1220//2224 1168//2224 1166//2224
f 1215//2225 1220//2225 1166//2225
f 1167//2226 1221//2226 1162//2226
f 1221//2227 1216//2227 1162//2227
f 1201//2228 1151//2228 1149//2228
f 1199//2228 1201//2228 1149//2228
f 1152//2229 1200//2229 1150//2229
f 1203//2229 1200//2229 1152//2229
f 1222//2230 1173//2230 1168//2230
f 1220//2231 1222//2231 1168//2231
f 1169//2232 1223//2232 1167//2232
f 1223//2233 1221//2233 1167//2233
f 1183//2234 1218//2234 1170//2234
f 1219//2235 1224//2235 1184//2235
f 1224//2236 142//2236 1184//2236
f 1225//2237 1185//2237 1173//2237
f 1222//2238 1225//2238 1173//2238
f 1174//2239 1226//2239 1169//2239
f 1226//2240 1223//2240 1169//2240
f 1227//2241 1191//2241 1185//2241
f 1225//2242 1227//2242 1185//2242
f 1186//2243 1228//2243 1174//2243
f 1228//2244 1226//2244 1174//2244
f 1229//2245 1230//2245 1176//2245
f 1175//2246 1229//2246 1176//2246
f 1230//2247 1178//2247 1176//2247
f 1231//2248 1229//2248 1175//2248
f 1177//2249 1231//2249 1175//2249
f 1230//2250 1232//2250 1178//2250
f 1232//2251 1180//2251 1178//2251
f 1233//2252 1231//2252 1177//2252
f 1179//2253 1233//2253 1177//2253
f 1232//2254 1234//2254 1180//2254
f 1234//2255 1182//2255 1180//2255
f 1235//2256 1233//2256 1179//2256
f 1181//2257 1235//2257 1179//2257
f 1234//2258 1236//2258 1182//2258
f 1236//2259 1188//2259 1182//2259
f 1237//2260 1204//2260 1191//2260
f 1227//2261 1237//2261 1191//2261
f 1192//2262 1238//2262 1186//2262
f 1238//2263 1228//2263 1186//2263
f 1239//2264 1235//2264 1181//2264
f 1187//2265 1239//2265 1181//2265
f 1236//2266 1240//2266 1188//2266
f 1240//2267 1190//2267 1188//2267
f 1241//2268 1239//2268 1187//2268
f 1189//2269 1241//2269 1187//2269
f 1240//2270 1242//2270 1190//2270
f 1242//2271 1196//2271 1190//2271
f 1243//2272 1217//2272 1204//2272
f 1237//2273 1243//2273 1204//2273
f 138//2274 175//2274 1192//2274
f 175//2275 1238//2275 1192//2275
f 1244//2276 1241//2276 1189//2276
f 1195//2277 1244//2277 1189//2277
f 1242//2278 1245//2278 1196//2278
f 1245//2279 1198//2279 1196//2279
f 1246//2280 1244//2280 1195//2280
f 1197//2281 1246//2281 1195//2281
f 1245//2282 1247//2282 1198//2282
f 1247//2283 1212//2283 1198//2283
f 1248//2 1172//2 1217//2
f 1202//2284 1249//2284 138//2284
f 1249//2285 175//2285 138//2285
f 1250//2286 1246//2286 1197//2286
f 1211//2287 1250//2287 1197//2287
f 1247//2288 1251//2288 1212//2288
f 1251//2289 1219//2289 1212//2289
f 1248//2290 158//2290 1172//2290
f 158//2291 1199//2291 1172//2291
f 160//2292 1252//2292 1193//2292
f 1200//2293 160//2293 1193//2293
f 1252//2 1183//2 1193//2
f 1253//2294 1249//2294 1202//2294
f 1201//2295 1253//2295 1202//2295
f 1254//2296 1255//2296 1194//2296
f 1255//2297 1203//2297 1194//2297
f 142//2298 1254//2298 1194//2298
f 1256//2299 1250//2299 1211//2299
f 1218//2300 1256//2300 1211//2300
f 1251//2301 1257//2301 1219//2301
f 1257//2302 1224//2302 1219//2302
f 1258//2303 1207//2303 1205//2303
f 1259//2304 1258//2304 1205//2304
f 1206//2305 1259//2305 1205//2305
f 1260//2306 1209//2306 1207//2306
f 1258//2307 1260//2307 1207//2307
f 1208//2308 1261//2308 1206//2308
f 1261//2309 1259//2309 1206//2309
f 1262//2310 1213//2310 1209//2310
f 1260//2311 1262//2311 1209//2311
f 1210//2312 1263//2312 1208//2312
f 1263//2313 1261//2313 1208//2313
f 1264//2314 1215//2314 1213//2314
f 1262//2315 1264//2315 1213//2315
f 1214//2316 1265//2316 1210//2316
f 1265//2317 1263//2317 1210//2317
f 1266//2318 1220//2318 1215//2318
f 1264//2319 1266//2319 1215//2319
f 1216//2320 1267//2320 1214//2320
f 1267//2321 1265//2321 1214//2321
f 1183//2322 1268//2322 1218//2322
f 1268//2323 1256//2323 1218//2323
f 1257//2324 1269//2324 1224//2324
f 1269//2325 142//2325 1224//2325
f 1270//2326 1222//2326 1220//2326
f 1266//2327 1270//2327 1220//2327
f 1221//2328 1271//2328 1216//2328
f 1271//2329 1267//2329 1216//2329
f 1253//2330 1201//2330 1199//2330
f 158//2331 1253//2331 1199//2331
f 1203//2332 160//2332 1200//2332
f 1255//2333 160//2333 1203//2333
f 1272//2334 1225//2334 1222//2334
f 1270//2335 1272//2335 1222//2335
f 1223//2336 1273//2336 1221//2336
f 1273//2337 1271//2337 1221//2337
f 1252//2 1268//2 1183//2
f 1269//2338 178//2338 142//2338
f 178//2339 1254//2339 142//2339
f 1274//2340 1227//2340 1225//2340
f 1272//2341 1274//2341 1225//2341
f 1226//2342 1275//2342 1223//2342
f 1275//2343 1273//2343 1223//2343
f 1276//2344 1237//2344 1227//2344
f 1274//2345 1276//2345 1227//2345
f 1228//2346 1277//2346 1226//2346
f 1277//2347 1275//2347 1226//2347
f 1278//2348 1243//2348 1237//2348
f 1276//2349 1278//2349 1237//2349
f 1238//2350 1279//2350 1228//2350
f 1279//2351 1277//2351 1228//2351
f 1280//2352 1217//2352 1243//2352
f 1278//2353 1280//2353 1243//2353
f 175//2354 1281//2354 1238//2354
f 1281//2355 1279//2355 1238//2355
f 1282//2356 1283//2356 1230//2356
f 1229//2357 1282//2357 1230//2357
f 1283//2358 1232//2358 1230//2358
f 1284//2359 1282//2359 1229//2359
f 1231//2360 1284//2360 1229//2360
f 1283//2361 1285//2361 1232//2361
f 1285//2362 1234//2362 1232//2362
f 1286//2363 1284//2363 1231//2363
f 1233//2364 1286//2364 1231//2364
f 1285//2365 1287//2365 1234//2365
f 1287//2366 1236//2366 1234//2366
f 1288//2367 1286//2367 1233//2367
f 1235//2368 1288//2368 1233//2368
f 1287//2369 1289//2369 1236//2369
f 1289//2370 1240//2370 1236//2370
f 1290//2371 1288//2371 1235//2371
f 1239//2372 1290//2372 1235//2372
f 1289//2373 1291//2373 1240//2373
f 1291//2374 1242//2374 1240//2374
f 1280//2375 1292//2375 1217//2375
f 1292//2 1248//2 1217//2
f 1249//2376 1281//2376 175//2376
f 1293//2377 1290//2377 1239//2377
f 1241//2378 1293//2378 1239//2378
f 1291//2379 1294//2379 1242//2379
f 1294//2380 1245//2380 1242//2380
f 1295//2381 1293//2381 1241//2381
f 1244//2382 1295//2382 1241//2382
f 1294//2383 1296//2383 1245//2383
f 1296//2384 1247//2384 1245//2384
f 1297//2385 1295//2385 1244//2385
f 1246//2386 1297//2386 1244//2386
f 1296//2387 1298//2387 1247//2387
f 1298//2388 1251//2388 1247//2388
f 1299//2389 1297//2389 1246//2389
f 1250//2390 1299//2390 1246//2390
f 1298//2391 1300//2391 1251//2391
f 1300//2392 1257//2392 1251//2392
f 1301//2393 1299//2393 1250//2393
f 1256//2394 1301//2394 1250//2394
f 1300//2395 1302//2395 1257//2395
f 1302//2396 1269//2396 1257//2396
f 1268//2397 1301//2397 1256//2397
f 1302//2398 1303//2398 1269//2398
f 1303//2399 178//2399 1269//2399
f 1304//2400 181//2400 1248//2400
f 181//2401 158//2401 1248//2401
f 1292//2 1304//2 1248//2
f 160//2402 1305//2402 1252//2402
f 1305//2 1268//2 1252//2
f 1253//2403 182//2403 1249//2403
f 182//2404 1281//2404 1249//2404
f 184//2405 1306//2405 1254//2405
f 1306//2406 1255//2406 1254//2406
f 178//2407 184//2407 1254//2407
f 1307//2408 1260//2408 1258//2408
f 1308//2409 1307//2409 1258//2409
f 1259//2410 1308//2410 1258//2410
f 1309//2411 1262//2411 1260//2411
f 1307//2412 1309//2412 1260//2412
f 1261//2413 1310//2413 1259//2413
f 1310//2414 1308//2414 1259//2414
f 1311//2415 1264//2415 1262//2415
f 1309//2416 1311//2416 1262//2416
f 1263//2417 1312//2417 1261//2417
f 1312//2418 1310//2418 1261//2418
f 1313//2419 1266//2419 1264//2419
f 1311//2420 1313//2420 1264//2420
f 1265//2421 1314//2421 1263//2421
f 1314//2422 1312//2422 1263//2422
f 1315//2423 1270//2423 1266//2423
f 1313//2424 1315//2424 1266//2424
f 1267//2425 1316//2425 1265//2425
f 1316//2426 1314//2426 1265//2426
f 1317//2427 1272//2427 1270//2427
f 1315//2428 1317//2428 1270//2428
f 1271//2429 1318//2429 1267//2429
f 1318//2430 1316//2430 1267//2430
f 1319//2431 1253//2431 158//2431
f 181//284 1319//284 158//284
f 183//2432 1305//2432 160//2432
f 1255//2433 183//2433 160//2433
f 1319//2434 182//2434 1253//2434
f 1306//2435 183//2435 1255//2435
f 1320//2436 1274//2436 1272//2436
f 1317//2437 1320//2437 1272//2437
f 1273//2438 1321//2438 1271//2438
f 1321//2439 1318//2439 1271//2439
f 1322//2440 1276//2440 1274//2440
f 1320//2441 1322//2441 1274//2441
f 1275//2442 1323//2442 1273//2442
f 1323//2443 1321//2443 1273//2443
f 1324//2444 1278//2444 1276//2444
f 1322//2445 1324//2445 1276//2445
f 1277//2446 1325//2446 1275//2446
f 1325//2447 1323//2447 1275//2447
f 1326//2448 1280//2448 1278//2448
f 1324//2449 1326//2449 1278//2449
f 1279//2450 1327//2450 1277//2450
f 1327//2451 1325//2451 1277//2451
f 1328//2452 1292//2452 1280//2452
f 1326//2453 1328//2453 1280//2453
f 1281//2454 1327//2454 1279//2454
f 1329//2455 1330//2455 1283//2455
f 1282//2456 1329//2456 1283//2456
f 1330//2457 1285//2457 1283//2457
f 1331//2458 1329//2458 1282//2458
f 1284//2459 1331//2459 1282//2459
f 1330//2460 1332//2460 1285//2460
f 1332//2461 1287//2461 1285//2461
f 1333//2462 1331//2462 1284//2462
f 1286//2463 1333//2463 1284//2463
f 1332//2464 1334//2464 1287//2464
f 1334//2465 1289//2465 1287//2465
f 1335//2466 1333//2466 1286//2466
f 1288//2467 1335//2467 1286//2467
f 1334//2468 1336//2468 1289//2468
f 1336//2469 1291//2469 1289//2469
f 1337//2470 1335//2470 1288//2470
f 1290//2471 1337//2471 1288//2471
f 1336//2472 1338//2472 1291//2472
f 1338//2473 1294//2473 1291//2473
f 1339//2474 1337//2474 1290//2474
f 1293//2475 1339//2475 1290//2475
f 1338//2476 1340//2476 1294//2476
f 1340//2477 1296//2477 1294//2477
f 1341//2478 1339//2478 1293//2478
f 1295//2479 1341//2479 1293//2479
f 1340//2480 1342//2480 1296//2480
f 1342//2481 1298//2481 1296//2481
f 1343//2482 1341//2482 1295//2482
f 1297//2483 1343//2483 1295//2483
f 1342//2484 1344//2484 1298//2484
f 1344//2485 1300//2485 1298//2485
f 1345//2486 1343//2486 1297//2486
f 1299//2487 1345//2487 1297//2487
f 1344//2488 1346//2488 1300//2488
f 1346//2489 1302//2489 1300//2489
f 1347//2490 1345//2490 1299//2490
f 1301//2491 1347//2491 1299//2491
f 1346//2492 1348//2492 1302//2492
f 1348//2493 1303//2493 1302//2493
f 1268//2494 1349//2494 1301//2494
f 1349//2495 1347//2495 1301//2495
f 1348//2496 1350//2496 1303//2496
f 1350//2497 178//2497 1303//2497
f 1305//2 1349//2 1268//2
f 1350//2498 193//2498 178//2498
f 1328//2499 1351//2499 1292//2499
f 1351//2500 1352//2500 1292//2500
f 1352//2 1304//2 1292//2
f 1352//2 1353//2 1304//2
f 195//2501 181//2501 1304//2501
f 1353//2502 195//2502 1304//2502
f 1354//2 1349//2 1305//2
f 183//2503 1354//2503 1305//2503
f 1355//2504 1351//2504 1328//2504
f 1326//2505 1355//2505 1328//2505
f 195//2506 1356//2506 181//2506
f 1356//2506 1319//2506 181//2506
f 1306//261 196//261 183//261
f 196//2507 1354//2507 183//2507
f 1357//2508 1355//2508 1326//2508
f 1324//2509 1357//2509 1326//2509
f 1358//2510 1357//2510 1324//2510
f 1322//2511 1358//2511 1324//2511
f 1359//2512 1358//2512 1322//2512
f 1320//2513 1359//2513 1322//2513
f 1360//2514 1359//2514 1320//2514
f 1317//2515 1360//2515 1320//2515
f 1361//2516 1360//2516 1317//2516
f 1315//2517 1361//2517 1317//2517
f 1362//2518 1361//2518 1315//2518
f 1313//2519 1362//2519 1315//2519
f 1363//2520 1362//2520 1313//2520
f 1311//2521 1363//2521 1313//2521
f 1364//2522 1363//2522 1311//2522
f 1309//2523 1364//2523 1311//2523
f 1307//2524 1365//2524 1309//2524
f 1365//2525 1364//2525 1309//2525
f 1366//2526 1365//2526 1307//2526
f 1308//2527 1366//2527 1307//2527
f 1310//2528 1367//2528 1308//2528
f 1367//2529 1366//2529 1308//2529
f 1312//2530 1368//2530 1310//2530
f 1368//2531 1367//2531 1310//2531
f 1314//2532 1369//2532 1312//2532
f 1369//2533 1368//2533 1312//2533
f 1316//2534 1370//2534 1314//2534
f 1370//2535 1369//2535 1314//2535
f 1318//2536 1371//2536 1316//2536
f 1371//2537 1370//2537 1316//2537
f 1321//2538 1372//2538 1318//2538
f 1372//2539 1371//2539 1318//2539
f 1323//2540 1373//2540 1321//2540
f 1373//2541 1372//2541 1321//2541
f 1325//2542 1374//2542 1323//2542
f 1374//2543 1373//2543 1323//2543
f 1327//2544 1375//2544 1325//2544
f 1375//2545 1374//2545 1325//2545
f 1376//2546 182//2546 1319//2546
f 1356//2547 1376//2547 1319//2547
f 1377//261 196//261 1306//261
f 184//261 1377//261 1306//261
f 1281//2548 190//2548 1327//2548
f 190//2549 1375//2549 1327//2549
f 182//2550 190//2550 1281//2550
f 1376//2551 190//2551 182//2551
f 193//2552 1378//2552 184//2552
f 1378//2553 1377//2553 184//2553
f 1350//2554 1379//2554 193//2554
f 1349//2555 1380//2555 1347//2555
f 1380//2556 1345//2556 1347//2556
f 1381//2557 1379//2557 1350//2557
f 1348//2558 1381//2558 1350//2558
f 1380//2559 1382//2559 1345//2559
f 1382//2560 1343//2560 1345//2560
f 1383//2561 1381//2561 1348//2561
f 1346//2562 1383//2562 1348//2562
f 1382//2563 1384//2563 1343//2563
f 1384//2564 1341//2564 1343//2564
f 1385//2565 1383//2565 1346//2565
f 1344//2566 1385//2566 1346//2566
f 1384//2567 1386//2567 1341//2567
f 1386//2568 1339//2568 1341//2568
f 1387//2569 1385//2569 1344//2569
f 1342//2570 1387//2570 1344//2570
f 1386//2571 1388//2571 1339//2571
f 1388//2572 1337//2572 1339//2572
f 1389//2573 1387//2573 1342//2573
f 1340//2574 1389//2574 1342//2574
f 1388//2575 1390//2575 1337//2575
f 1390//2576 1335//2576 1337//2576
f 1391//2577 1389//2577 1340//2577
f 1338//2578 1391//2578 1340//2578
f 1390//2579 1392//2579 1335//2579
f 1392//2580 1333//2580 1335//2580
f 1393//2581 1391//2581 1338//2581
f 1336//2582 1393//2582 1338//2582
f 1392//2583 1394//2583 1333//2583
f 1394//2584 1331//2584 1333//2584
f 1395//2585 1393//2585 1336//2585
f 1334//2586 1395//2586 1336//2586
f 1394//2587 1396//2587 1331//2587
f 1396//2588 1329//2588 1331//2588
f 1397//2589 1395//2589 1334//2589
f 1332//2590 1397//2590 1334//2590
f 1396//2591 1398//2591 1329//2591
f 1398//2592 1330//2592 1329//2592
f 1330//2593 1399//2593 1332//2593
f 1399//2594 1397//2594 1332//2594
f 1398//2595 1399//2595 1330//2595
f 1351//2596 1400//2596 1352//2596
f 1355//2597 1401//2597 1351//2597
f 1401//2598 1400//2598 1351//2598
f 1402//2599 1374//2599 1375//2599
f 190//2600 1402//2600 1375//2600
f 1357//2601 1403//2601 1355//2601
f 1403//2602 1401//2602 1355//2602
f 1404//2603 1373//2603 1374//2603
f 1402//2604 1404//2604 1374//2604
f 1358//2605 1405//2605 1357//2605
f 1405//2606 1403//2606 1357//2606
f 1406//2607 1372//2607 1373//2607
f 1404//2608 1406//2608 1373//2608
f 1359//2609 1407//2609 1358//2609
f 1407//2610 1405//2610 1358//2610
f 1408//2611 1371//2611 1372//2611
f 1406//2612 1408//2612 1372//2612
f 1360//2613 1409//2613 1359//2613
f 1409//2614 1407//2614 1359//2614
f 1410//2615 1370//2615 1371//2615
f 1408//2616 1410//2616 1371//2616
f 1361//2617 1411//2617 1360//2617
f 1411//2617 1409//2617 1360//2617
f 1412//2618 1369//2618 1370//2618
f 1410//2619 1412//2619 1370//2619
f 1362//2620 1413//2620 1361//2620
f 1413//2621 1411//2621 1361//2621
f 1414//2622 1368//2622 1369//2622
f 1412//2618 1414//2618 1369//2618
f 1363//2623 1415//2623 1362//2623
f 1415//2624 1413//2624 1362//2624
f 1416//2625 1367//2625 1368//2625
f 1414//2626 1416//2626 1368//2626
f 1417//2627 1418//2627 195//2627
f 1418//2628 1356//2628 195//2628
f 1353//2629 1419//2629 195//2629
f 1419//2630 1417//2630 195//2630
f 1377//2631 1420//2631 196//2631
f 1421//2632 1354//2632 196//2632
f 1420//2633 1421//2633 196//2633
f 1422//2634 1376//2634 1356//2634
f 1418//2635 1422//2635 1356//2635
f 1423//2631 1420//2631 1377//2631
f 1378//2636 1424//2636 1377//2636
f 1424//2637 1423//2637 1377//2637
f 1364//2638 1425//2638 1363//2638
f 1425//2639 1415//2639 1363//2639
f 1426//2640 1366//2640 1367//2640
f 1416//2641 1426//2641 1367//2641
f 1365//2642 1427//2642 1364//2642
f 1427//2643 1425//2643 1364//2643
f 1428//2644 1365//2644 1366//2644
f 1426//2645 1428//2645 1366//2645
f 1428//2646 1427//2646 1365//2646
f 1429//2 1419//2 1353//2
f 1352//2 1429//2 1353//2
f 1421//2 1430//2 1354//2
f 1430//2 1349//2 1354//2
f 1422//43 209//43 1376//43
f 209//2647 190//2647 1376//2647
f 193//2648 210//2648 1378//2648
f 210//2649 1424//2649 1378//2649
f 1430//2650 1380//2650 1349//2650
f 1431//2651 210//2651 193//2651
f 1379//2652 1431//2652 193//2652
f 1430//2653 1432//2653 1380//2653
f 1432//2654 1382//2654 1380//2654
f 1433//2655 1431//2655 1379//2655
f 1381//2656 1433//2656 1379//2656
f 1432//2657 1434//2657 1382//2657
f 1434//2658 1384//2658 1382//2658
f 1435//2659 1433//2659 1381//2659
f 1383//2660 1435//2660 1381//2660
f 1434//2661 1436//2661 1384//2661
f 1436//2662 1386//2662 1384//2662
f 1437//2663 1435//2663 1383//2663
f 1385//2664 1437//2664 1383//2664
f 1436//2665 1438//2665 1386//2665
f 1438//2666 1388//2666 1386//2666
f 1439//2667 1437//2667 1385//2667
f 1387//2668 1439//2668 1385//2668
f 1438//2669 1440//2669 1388//2669
f 1440//2670 1390//2670 1388//2670
f 1441//2671 1439//2671 1387//2671
f 1389//2672 1441//2672 1387//2672
f 1440//2673 1442//2673 1390//2673
f 1442//2674 1392//2674 1390//2674
f 1443//2675 1441//2675 1389//2675
f 1391//2676 1443//2676 1389//2676
f 1400//2677 1444//2677 1352//2677
f 1444//2678 1429//2678 1352//2678
f 209//2679 1402//2679 190//2679
f 1442//2680 1445//2680 1392//2680
f 1445//2681 1394//2681 1392//2681
f 1446//2682 1443//2682 1391//2682
f 1393//2683 1446//2683 1391//2683
f 1445//2684 1447//2684 1394//2684
f 1447//2685 1396//2685 1394//2685
f 1448//2686 1446//2686 1393//2686
f 1395//2687 1448//2687 1393//2687
f 1447//2688 1449//2688 1396//2688
f 1449//2689 1398//2689 1396//2689
f 1450//2690 1448//2690 1395//2690
f 1397//2691 1450//2691 1395//2691
f 1449//2692 1451//2692 1398//2692
f 1451//2693 1399//2693 1398//2693
f 1399//2694 1452//2694 1397//2694
f 1452//2695 1450//2695 1397//2695
f 1451//2696 1452//2696 1399//2696
f 1401//2697 1453//2697 1400//2697
f 1453//2698 1444//2698 1400//2698
f 1454//2699 1404//2699 1402//2699
f 209//2700 1454//2700 1402//2700
f 1403//2701 1455//2701 1401//2701
f 1455//2702 1453//2702 1401//2702
f 1456//2703 1406//2703 1404//2703
f 1454//2704 1456//2704 1404//2704
f 1405//2705 1457//2705 1403//2705
f 1457//2706 1455//2706 1403//2706
f 1458//2707 1408//2707 1406//2707
f 1456//2708 1458//2708 1406//2708
f 1407//2709 1459//2709 1405//2709
f 1459//2710 1457//2710 1405//2710
f 1460//2711 1410//2711 1408//2711
f 1458//2712 1460//2712 1408//2712
f 1431//2713 1461//2713 210//2713
f 1409//2714 1462//2714 1407//2714
f 1462//2715 1459//2715 1407//2715
f 1463//2716 1412//2716 1410//2716
f 1460//2717 1463//2717 1410//2717
f 1411//2718 1464//2718 1409//2718
f 1464//2719 1462//2719 1409//2719
f 1465//2720 1414//2720 1412//2720
f 1463//2721 1465//2721 1412//2721
f 1430//2722 1466//2722 1432//2722
f 1466//2723 1434//2723 1432//2723
f 1467//2724 1461//2724 1431//2724
f 1433//2725 1467//2725 1431//2725
f 1413//2726 1468//2726 1411//2726
f 1468//2727 1464//2727 1411//2727
f 1469//2728 1416//2728 1414//2728
f 1465//2729 1469//2729 1414//2729
f 1470//2730 1471//2730 1417//2730
f 1471//2731 1418//2731 1417//2731
f 1472//2732 1470//2732 1417//2732
f 1419//2733 1472//2733 1417//2733
f 1423//2734 1473//2734 1420//2734
f 1474//2735 1421//2735 1420//2735
f 1473//2736 1474//2736 1420//2736
f 1475//2737 1422//2737 1418//2737
f 1471//2738 1475//2738 1418//2738
f 1476//2739 1473//2739 1423//2739
f 1477//2740 1476//2740 1423//2740
f 1424//2741 1477//2741 1423//2741
f 1415//2742 1478//2742 1413//2742
f 1478//2743 1468//2743 1413//2743
f 1479//2744 1426//2744 1416//2744
f 1469//2745 1479//2745 1416//2745
f 1425//2746 1480//2746 1415//2746
f 1480//2747 1478//2747 1415//2747
f 1481//2748 1428//2748 1426//2748
f 1479//2749 1481//2749 1426//2749
f 1427//2750 1482//2750 1425//2750
f 1482//2751 1480//2751 1425//2751
f 1483//2752 1427//2752 1428//2752
f 1481//2753 1483//2753 1428//2753
f 1483//2754 1482//2754 1427//2754
f 1466//2755 1484//2755 1434//2755
f 1484//2756 1436//2756 1434//2756
f 1485//2757 1467//2757 1433//2757
f 1435//2758 1485//2758 1433//2758
f 1429//2 1472//2 1419//2
f 1474//2 1486//2 1421//2
f 1486//2 1430//2 1421//2
f 1475//43 241//43 1422//43
f 241//43 209//43 1422//43
f 227//2759 1477//2759 1424//2759
f 210//2760 227//2760 1424//2760
f 1484//2761 1487//2761 1436//2761
f 1487//2762 1438//2762 1436//2762
f 1488//2763 1485//2763 1435//2763
f 1437//2764 1488//2764 1435//2764
f 1444//2765 1489//2765 1429//2765
f 1487//2766 1490//2766 1438//2766
f 1490//2767 1440//2767 1438//2767
f 1491//2768 1488//2768 1437//2768
f 1439//2769 1491//2769 1437//2769
f 1490//2770 1492//2770 1440//2770
f 1492//2771 1442//2771 1440//2771
f 1493//2772 1491//2772 1439//2772
f 1441//2773 1493//2773 1439//2773
f 1453//2774 1494//2774 1444//2774
f 1494//2775 1489//2775 1444//2775
f 1495//2776 1456//2776 1454//2776
f 209//2777 1495//2777 1454//2777
f 1492//2778 1496//2778 1442//2778
f 1496//2779 1445//2779 1442//2779
f 1497//2780 1493//2780 1441//2780
f 1443//2781 1497//2781 1441//2781
f 1496//2782 1498//2782 1445//2782
f 1498//2783 1447//2783 1445//2783
f 1499//2784 1497//2784 1443//2784
f 1446//2785 1499//2785 1443//2785
f 1455//2786 1500//2786 1453//2786
f 1500//2787 1494//2787 1453//2787
f 1501//2788 1458//2788 1456//2788
f 1495//2789 1501//2789 1456//2789
f 1498//2790 1502//2790 1447//2790
f 1502//2791 1449//2791 1447//2791
f 1503//2792 1499//2792 1446//2792
f 1448//2793 1503//2793 1446//2793
f 1502//2791 1504//2791 1449//2791
f 1504//2794 1451//2794 1449//2794
f 1505//2795 1503//2795 1448//2795
f 1450//2796 1505//2796 1448//2796
f 1504//2797 1506//2797 1451//2797
f 1506//2798 1452//2798 1451//2798
f 1452//2799 1507//2799 1450//2799
f 1507//2800 1505//2800 1450//2800
f 1506//2801 1507//2801 1452//2801
f 1486//2802 1466//2802 1430//2802
f 1508//2803 227//2803 210//2803
f 1461//2804 1508//2804 210//2804
f 1457//2805 1509//2805 1455//2805
f 1509//2806 1500//2806 1455//2806
f 1510//2807 1460//2807 1458//2807
f 1501//2808 1510//2808 1458//2808
f 1459//2809 1511//2809 1457//2809
f 1511//2810 1509//2810 1457//2810
f 1512//2811 1463//2811 1460//2811
f 1510//2812 1512//2812 1460//2812
f 1486//2813 1513//2813 1466//2813
f 1513//2814 1484//2814 1466//2814
f 1514//2815 1508//2815 1461//2815
f 1467//2816 1514//2816 1461//2816
f 1462//2817 1515//2817 1459//2817
f 1515//2818 1511//2818 1459//2818
f 1516//2819 1465//2819 1463//2819
f 1512//2820 1516//2820 1463//2820
f 1464//2821 1517//2821 1462//2821
f 1517//2822 1515//2822 1462//2822
f 1518//2823 1469//2823 1465//2823
f 1516//2824 1518//2824 1465//2824
f 1513//2825 1519//2825 1484//2825
f 1519//2826 1487//2826 1484//2826
f 1520//2827 1514//2827 1467//2827
f 1485//2828 1520//2828 1467//2828
f 1489//2829 1521//2829 1429//2829
f 1521//2830 1522//2830 1429//2830
f 1522//2 1472//2 1429//2
f 241//2831 1495//2831 209//2831
f 1523//2832 1524//2832 1470//2832
f 1524//2833 1471//2833 1470//2833
f 161//2834 1523//2834 1470//2834
f 1472//2835 161//2835 1470//2835
f 1476//2836 1525//2836 1473//2836
f 225//2837 1474//2837 1473//2837
f 1525//2838 225//2838 1473//2838
f 1526//2839 1475//2839 1471//2839
f 1524//2840 1526//2840 1471//2840
f 1527//2841 1525//2841 1476//2841
f 1528//2842 1527//2842 1476//2842
f 1477//2843 1528//2843 1476//2843
f 1468//2844 1529//2844 1464//2844
f 1529//2845 1517//2845 1464//2845
f 1530//2846 1479//2846 1469//2846
f 1518//2847 1530//2847 1469//2847
f 1478//2848 1531//2848 1468//2848
f 1531//2849 1529//2849 1468//2849
f 1532//2850 1481//2850 1479//2850
f 1530//2851 1532//2851 1479//2851
f 1519//2852 1533//2852 1487//2852
f 1533//2853 1490//2853 1487//2853
f 1534//2854 1520//2854 1485//2854
f 1488//2854 1534//2854 1485//2854
f 1480//2855 1535//2855 1478//2855
f 1535//2856 1531//2856 1478//2856
f 1536//2857 1483//2857 1481//2857
f 1532//2858 1536//2858 1481//2858
f 1482//2859 1537//2859 1480//2859
f 1537//2860 1535//2860 1480//2860
f 1538//2861 1482//2861 1483//2861
f 1536//2862 1538//2862 1483//2862
f 1538//2863 1537//2863 1482//2863
f 1494//2864 1539//2864 1489//2864
f 1539//2865 1521//2865 1489//2865
f 1540//2866 1501//2866 1495//2866
f 241//2867 1540//2867 1495//2867
f 1522//2 161//2 1472//2
f 225//2 1486//2 1474//2
f 1526//43 241//43 1475//43
f 227//2868 1541//2868 1477//2868
f 1541//43 1528//43 1477//43
f 1533//2853 1542//2853 1490//2853
f 1542//2869 1492//2869 1490//2869
f 1543//2870 1534//2870 1488//2870
f 1491//2871 1543//2871 1488//2871
f 1542//2872 1544//2872 1492//2872
f 1544//2873 1496//2873 1492//2873
f 1545//2874 1543//2874 1491//2874
f 1493//2875 1545//2875 1491//2875
f 1546//2876 1541//2876 227//2876
f 1508//2877 1546//2877 227//2877
f 1500//2878 1547//2878 1494//2878
f 1547//2879 1539//2879 1494//2879
f 1548//2880 1510//2880 1501//2880
f 1540//2881 1548//2881 1501//2881
f 1544//2882 1549//2882 1496//2882
f 1549//2883 1498//2883 1496//2883
f 1550//2884 1545//2884 1493//2884
f 1497//2885 1550//2885 1493//2885
f 1549//2886 1551//2886 1498//2886
f 1551//2887 1502//2887 1498//2887
f 1552//2888 1550//2888 1497//2888
f 1499//2889 1552//2889 1497//2889
f 1509//2890 1553//2890 1500//2890
f 1553//2891 1547//2891 1500//2891
f 1554//2892 1512//2892 1510//2892
f 1548//2893 1554//2893 1510//2893
f 1486//2894 1555//2894 1513//2894
f 1555//2895 1519//2895 1513//2895
f 1556//2896 1546//2896 1508//2896
f 1514//2897 1556//2897 1508//2897
f 1551//2898 1557//2898 1502//2898
f 1557//2899 1504//2899 1502//2899
f 1558//2900 1552//2900 1499//2900
f 1503//2901 1558//2901 1499//2901
f 1557//2902 1559//2902 1504//2902
f 1559//2903 1506//2903 1504//2903
f 1560//2904 1558//2904 1503//2904
f 1505//2905 1560//2905 1503//2905
f 1559//2906 1561//2906 1506//2906
f 1561//2907 1507//2907 1506//2907
f 1507//2908 1562//2908 1505//2908
f 1562//2909 1560//2909 1505//2909
f 1561//2910 1562//2910 1507//2910
f 1511//2911 1563//2911 1509//2911
f 1563//2912 1553//2912 1509//2912
f 1564//2913 1516//2913 1512//2913
f 1554//2914 1564//2914 1512//2914
f 1521//2915 1565//2915 1522//2915
f 1555//2916 1566//2916 1519//2916
f 1566//2917 1533//2917 1519//2917
f 1567//2918 1556//2918 1514//2918
f 1520//2919 1567//2919 1514//2919
f 1515//2920 1568//2920 1511//2920
f 1568//2921 1563//2921 1511//2921
f 1569//2922 1518//2922 1516//2922
f 1564//2923 1569//2923 1516//2923
f 1517//2924 1570//2924 1515//2924
f 1570//2925 1568//2925 1515//2925
f 1571//2926 1530//2926 1518//2926
f 1569//2927 1571//2927 1518//2927
f 162//2928 1572//2928 1523//2928
f 1572//2929 1524//2929 1523//2929
f 1573//2930 162//2930 1523//2930
f 161//2931 1573//2931 1523//2931
f 1527//2932 224//2932 1525//2932
f 1574//2933 225//2933 1525//2933
f 224//2934 1574//2934 1525//2934
f 260//2935 1526//2935 1524//2935
f 1572//2936 260//2936 1524//2936
f 1575//2932 224//2932 1527//2932
f 261//2937 1575//2937 1527//2937
f 1528//2938 261//2938 1527//2938
f 1539//2939 1576//2939 1521//2939
f 1576//2940 1565//2940 1521//2940
f 1577//2941 1548//2941 1540//2941
f 241//2942 1577//2942 1540//2942
f 1566//2943 1578//2943 1533//2943
f 1578//2944 1542//2944 1533//2944
f 1579//2945 1567//2945 1520//2945
f 1534//2946 1579//2946 1520//2946
f 1529//2947 1580//2947 1517//2947
f 1580//2948 1570//2948 1517//2948
f 1581//2949 1532//2949 1530//2949
f 1571//2950 1581//2950 1530//2950
f 1546//2951 1582//2951 1541//2951
f 1531//2952 1583//2952 1529//2952
f 1583//2953 1580//2953 1529//2953
f 1584//2954 1536//2954 1532//2954
f 1581//2955 1584//2955 1532//2955
f 1578//2956 1585//2956 1542//2956
f 1585//2957 1544//2957 1542//2957
f 1586//2958 1579//2958 1534//2958
f 1543//2959 1586//2959 1534//2959
f 1535//2960 1587//2960 1531//2960
f 1587//2961 1583//2961 1531//2961
f 1588//2962 1538//2962 1536//2962
f 1584//2963 1588//2963 1536//2963
f 1537//2964 1589//2964 1535//2964
f 1589//2965 1587//2965 1535//2965
f 1590//2966 1537//2966 1538//2966
f 1588//2967 1590//2967 1538//2967
f 1522//2 1591//2 161//2
f 1591//2 1573//2 161//2
f 1574//2 1592//2 225//2
f 1592//2 1593//2 225//2
f 1593//2 1486//2 225//2
f 260//2968 259//2968 1526//2968
f 259//2969 241//2969 1526//2969
f 244//2970 261//2970 1528//2970
f 1541//2971 244//2971 1528//2971
f 1590//2972 1589//2972 1537//2972
f 1547//2973 1594//2973 1539//2973
f 1594//2974 1576//2974 1539//2974
f 1595//2975 1554//2975 1548//2975
f 1577//2976 1595//2976 1548//2976
f 1585//2977 1596//2977 1544//2977
f 1596//2978 1549//2978 1544//2978
f 1597//2979 1586//2979 1543//2979
f 1545//2980 1597//2980 1543//2980
f 1486//2981 1598//2981 1555//2981
f 1598//2982 1566//2982 1555//2982
f 1599//2983 1582//2983 1546//2983
f 1556//2984 1599//2984 1546//2984
f 1553//2985 1600//2985 1547//2985
f 1600//2986 1594//2986 1547//2986
f 1601//2987 1564//2987 1554//2987
f 1595//2988 1601//2988 1554//2988
f 1596//2989 1602//2989 1549//2989
f 1602//2990 1551//2990 1549//2990
f 1603//2991 1597//2991 1545//2991
f 1550//2992 1603//2992 1545//2992
f 1565//2993 1604//2993 1522//2993
f 259//2994 1577//2994 241//2994
f 1602//2995 1605//2995 1551//2995
f 1605//2996 1557//2996 1551//2996
f 1606//2997 1603//2997 1550//2997
f 1552//2998 1606//2998 1550//2998
f 1563//2999 1607//2999 1553//2999
f 1607//3000 1600//3000 1553//3000
f 1608//3001 1569//3001 1564//3001
f 1601//3002 1608//3002 1564//3002
f 1605//3003 1609//3003 1557//3003
f 1609//3004 1559//3004 1557//3004
f 1610//3005 1606//3005 1552//3005
f 1558//3006 1610//3006 1552//3006
f 1598//3007 1611//3007 1566//3007
f 1611//3008 1578//3008 1566//3008
f 1612//3009 1599//3009 1556//3009
f 1567//3010 1612//3010 1556//3010
f 1609//3011 1613//3011 1559//3011
f 1613//3012 1561//3012 1559//3012
f 1614//3013 1610//3013 1558//3013
f 1560//3014 1614//3014 1558//3014
f 1613//3015 1615//3015 1561//3015
f 1615//3016 1562//3016 1561//3016
f 1562//3017 1616//3017 1560//3017
f 1616//3018 1614//3018 1560//3018
f 1615//3019 1616//3019 1562//3019
f 1576//3020 1617//3020 1565//3020
f 1617//3021 1604//3021 1565//3021
f 1618//3022 1595//3022 1577//3022
f 259//3023 1618//3023 1577//3023
f 1568//3024 1619//3024 1563//3024
f 1619//3025 1607//3025 1563//3025
f 1620//3026 1571//3026 1569//3026
f 1608//3027 1620//3027 1569//3027
f 1593//3028 1598//3028 1486//3028
f 1621//3029 244//3029 1541//3029
f 1582//3030 1621//3030 1541//3030
f 163//3031 1622//3031 162//3031
f 1622//3032 1572//3032 162//3032
f 1623//3033 163//3033 162//3033
f 1573//3034 1623//3034 162//3034
f 1575//3035 1624//3035 224//3035
f 1625//3036 1574//3036 224//3036
f 1624//3037 1625//3037 224//3037
f 1626//3038 260//3038 1572//3038
f 1622//3039 1626//3039 1572//3039
f 1627//3035 1624//3035 1575//3035
f 1628//3040 1627//3040 1575//3040
f 261//3041 1628//3041 1575//3041
f 1611//3042 1629//3042 1578//3042
f 1629//3043 1585//3043 1578//3043
f 1630//3044 1612//3044 1567//3044
f 1579//3045 1630//3045 1567//3045
f 1570//3046 1631//3046 1568//3046
f 1631//3047 1619//3047 1568//3047
f 1632//3048 1581//3048 1571//3048
f 1620//3049 1632//3049 1571//3049
f 1594//3050 1633//3050 1576//3050
f 1633//3051 1617//3051 1576//3051
f 1634//3052 1601//3052 1595//3052
f 1618//3022 1634//3022 1595//3022
f 1580//3053 1635//3053 1570//3053
f 1635//3054 1631//3054 1570//3054
f 1636//3055 1584//3055 1581//3055
f 1632//3056 1636//3056 1581//3056
f 1629//3057 1637//3057 1585//3057
f 1637//3058 1596//3058 1585//3058
f 1638//3059 1630//3059 1579//3059
f 1586//3060 1638//3060 1579//3060
f 1583//3061 1639//3061 1580//3061
f 1639//3062 1635//3062 1580//3062
f 1640//3063 1588//3063 1584//3063
f 1636//3064 1640//3064 1584//3064
f 1593//3065 1641//3065 1598//3065
f 1641//3066 1611//3066 1598//3066
f 1642//3067 1621//3067 1582//3067
f 1599//3068 1642//3068 1582//3068
f 1643//2 1623//2 1573//2
f 1591//2 1643//2 1573//2
f 1625//2 1644//2 1574//2
f 1644//2 1592//2 1574//2
f 1626//43 1645//43 260//43
f 1645//3069 279//3069 260//3069
f 244//3070 262//3070 261//3070
f 262//3071 1628//3071 261//3071
f 1604//3072 1646//3072 1522//3072
f 1646//3073 1591//3073 1522//3073
f 1587//3074 1647//3074 1583//3074
f 1647//3075 1639//3075 1583//3075
f 1648//3076 1590//3076 1588//3076
f 1640//3077 1648//3077 1588//3077
f 1589//3078 1649//3078 1587//3078
f 1649//3079 1647//3079 1587//3079
f 1650//3080 1589//3080 1590//3080
f 1648//3081 1650//3081 1590//3081
f 1637//3082 1651//3082 1596//3082
f 1651//3083 1602//3083 1596//3083
f 1652//3084 1638//3084 1586//3084
f 1597//3085 1652//3085 1586//3085
f 1650//3086 1649//3086 1589//3086
f 1600//3087 1653//3087 1594//3087
f 1653//3088 1633//3088 1594//3088
f 1654//3089 1608//3089 1601//3089
f 1634//3090 1654//3090 1601//3090
f 1651//3091 1655//3091 1602//3091
f 1655//3092 1605//3092 1602//3092
f 1656//3093 1652//3093 1597//3093
f 1603//3094 1656//3094 1597//3094
f 1657//3095 1624//3095 1627//3095
f 1628//3096 1657//3096 1627//3096
f 1641//3097 1658//3097 1611//3097
f 1658//3098 1629//3098 1611//3098
f 1659//3099 1642//3099 1599//3099
f 1612//3100 1659//3100 1599//3100
f 1592//3101 1641//3101 1593//3101
f 1621//3102 1660//3102 244//3102
f 1617//3103 1661//3103 1604//3103
f 1661//3104 1646//3104 1604//3104
f 1662//3105 1634//3105 1618//3105
f 259//3106 1662//3106 1618//3106
f 1607//3107 1663//3107 1600//3107
f 1663//3108 1653//3108 1600//3108
f 1664//3109 1620//3109 1608//3109
f 1654//3110 1664//3110 1608//3110
f 1655//3111 1665//3111 1605//3111
f 1665//3112 1609//3112 1605//3112
f 1666//3113 1656//3113 1603//3113
f 1606//3114 1666//3114 1603//3114
f 1667//3115 1668//3115 163//3115
f 1668//3116 1622//3116 163//3116
f 1669//3117 1667//3117 163//3117
f 1623//3118 1669//3118 163//3118
f 1657//3095 1670//3095 1624//3095
f 1671//3119 1625//3119 1624//3119
f 1670//3120 1671//3120 1624//3120
f 1672//3121 1626//3121 1622//3121
f 1668//3122 1672//3122 1622//3122
f 1628//3123 1673//3123 1657//3123
f 1665//3124 1674//3124 1609//3124
f 1674//3125 1613//3125 1609//3125
f 1675//3126 1666//3126 1606//3126
f 1610//3127 1675//3127 1606//3127
f 1658//3128 1676//3128 1629//3128
f 1676//3129 1637//3129 1629//3129
f 1677//3130 1659//3130 1612//3130
f 1630//3131 1677//3131 1612//3131
f 1674//3132 1678//3132 1613//3132
f 1678//3133 1615//3133 1613//3133
f 1679//3134 1675//3134 1610//3134
f 1614//3135 1679//3135 1610//3135
f 1619//3136 1680//3136 1607//3136
f 1680//3137 1663//3137 1607//3137
f 1681//3138 1632//3138 1620//3138
f 1664//3139 1681//3139 1620//3139
f 1678//3140 1682//3140 1615//3140
f 1682//3141 1616//3141 1615//3141
f 1616//3142 1683//3142 1614//3142
f 1683//3143 1679//3143 1614//3143
f 1682//3144 1683//3144 1616//3144
f 1633//3145 1684//3145 1617//3145
f 1684//3146 1661//3146 1617//3146
f 1685//3147 1654//3147 1634//3147
f 1662//3148 1685//3148 1634//3148
f 1646//3149 1686//3149 1591//3149
f 1686//3150 1643//3150 1591//3150
f 279//3151 1662//3151 259//3151
f 1592//3152 1687//3152 1641//3152
f 1687//3153 1658//3153 1641//3153
f 1688//3154 1660//3154 1621//3154
f 1642//3155 1688//3155 1621//3155
f 1631//3156 1689//3156 1619//3156
f 1689//3157 1680//3157 1619//3157
f 1690//3158 1636//3158 1632//3158
f 1681//3159 1690//3159 1632//3159
f 1676//3160 1691//3160 1637//3160
f 1691//3161 1651//3161 1637//3161
f 1692//3162 1677//3162 1630//3162
f 1638//3163 1692//3163 1630//3163
f 1693//2 1669//2 1623//2
f 1643//2 1693//2 1623//2
f 1671//2 1644//2 1625//2
f 1672//43 1694//43 1626//43
f 1694//43 1645//43 1626//43
f 282//43 1673//43 1628//43
f 262//3164 282//3164 1628//3164
f 1635//3165 1695//3165 1631//3165
f 1695//3166 1689//3166 1631//3166
f 1696//3167 1640//3167 1636//3167
f 1690//3168 1696//3168 1636//3168
f 1657//3169 1697//3169 1670//3169
f 1697//3170 1671//3170 1670//3170
f 1698//3169 1697//3169 1657//3169
f 1673//3171 1698//3171 1657//3171
f 1653//3172 1699//3172 1633//3172
f 1699//3173 1684//3173 1633//3173
f 1700//3174 1664//3174 1654//3174
f 1685//3175 1700//3175 1654//3175
f 1639//3176 1701//3176 1635//3176
f 1701//3177 1695//3177 1635//3177
f 1702//3178 1648//3178 1640//3178
f 1696//3179 1702//3179 1640//3179
f 1703//3180 262//3180 244//3180
f 1660//3181 1703//3181 244//3181
f 1691//3182 1704//3182 1651//3182
f 1704//3183 1655//3183 1651//3183
f 1705//3184 1692//3184 1638//3184
f 1652//3185 1705//3185 1638//3185
f 1647//3186 1706//3186 1639//3186
f 1706//3187 1701//3187 1639//3187
f 1707//3188 1650//3188 1648//3188
f 1702//3189 1707//3189 1648//3189
f 1687//3190 1708//3190 1658//3190
f 1708//3191 1676//3191 1658//3191
f 1709//3192 1688//3192 1642//3192
f 1659//3193 1709//3193 1642//3193
f 1661//3194 1710//3194 1646//3194
f 1710//3195 1686//3195 1646//3195
f 1711//3196 1685//3196 1662//3196
f 279//3197 1711//3197 1662//3197
f 1649//3198 1712//3198 1647//3198
f 1712//3199 1706//3199 1647//3199
f 1713//3200 1649//3200 1650//3200
f 1707//3201 1713//3201 1650//3201
f 1669//3202 1714//3202 1667//3202
f 1715//3203 1671//3203 1697//3203
f 1716//3204 1672//3204 1668//3204
f 1673//3205 1717//3205 1698//3205
f 1713//3206 1712//3206 1649//3206
f 1704//3207 1718//3207 1655//3207
f 1718//3208 1665//3208 1655//3208
f 1719//3209 1705//3209 1652//3209
f 1656//3210 1719//3210 1652//3210
f 1663//3211 1720//3211 1653//3211
f 1720//3212 1699//3212 1653//3212
f 1721//3213 1681//3213 1664//3213
f 1700//3214 1721//3214 1664//3214
f 1686//3215 1722//3215 1643//3215
f 1645//3216 1711//3216 279//3216
f 1718//3217 1723//3217 1665//3217
f 1723//3218 1674//3218 1665//3218
f 1724//3219 1719//3219 1656//3219
f 1666//3220 1724//3220 1656//3220
f 1708//3221 1725//3221 1676//3221
f 1725//3222 1691//3222 1676//3222
f 1726//3223 1709//3223 1659//3223
f 1677//3224 1726//3224 1659//3224
f 1592//3225 1727//3225 1687//3225
f 1727//3226 1708//3226 1687//3226
f 1728//3227 1703//3227 1660//3227
f 1688//3228 1728//3228 1660//3228
f 1684//3229 1729//3229 1661//3229
f 1729//3230 1710//3230 1661//3230
f 1730//3231 1700//3231 1685//3231
f 1711//3232 1730//3232 1685//3232
f 1680//3233 1731//3233 1663//3233
f 1731//3233 1720//3233 1663//3233
f 1732//3234 1690//3234 1681//3234
f 1721//3235 1732//3235 1681//3235
f 1723//3236 1733//3236 1674//3236
f 1733//3237 1678//3237 1674//3237
f 1734//3238 1724//3238 1666//3238
f 1675//3239 1734//3239 1666//3239
f 1735//3240 1736//3240 1667//3240
f 1736//3240 1668//3240 1667//3240
f 1714//3241 1735//3241 1667//3241
f 1698//3242 220//3242 1697//3242
f 220//3243 1715//3243 1697//3243
f 1736//3244 1716//3244 1668//3244
f 1737//3242 220//3242 1698//3242
f 1717//3245 1737//3245 1698//3245
f 1733//3246 1738//3246 1678//3246
f 1738//3247 1682//3247 1678//3247
f 1739//3248 1734//3248 1675//3248
f 1679//3249 1739//3249 1675//3249
f 1693//2 1740//2 1669//2
f 1740//2 1714//2 1669//2
f 1715//2 1741//2 1671//2
f 1741//2 1644//2 1671//2
f 1716//43 1694//43 1672//43
f 294//43 1717//43 1673//43
f 282//43 294//43 1673//43
f 1738//3250 1742//3250 1682//3250
f 1742//3251 1683//3251 1682//3251
f 1683//3252 1743//3252 1679//3252
f 1743//3253 1739//3253 1679//3253
f 1742//3254 1743//3254 1683//3254
f 1644//3255 1727//3255 1592//3255
f 1703//3256 1744//3256 262//3256
f 1745//3257 1746//3257 1735//3257
f 1746//3257 1736//3257 1735//3257
f 165//3258 1745//3258 1735//3258
f 1714//3259 165//3259 1735//3259
f 1747//3260 1715//3260 220//3260
f 304//3261 1716//3261 1736//3261
f 1746//3262 304//3262 1736//3262
f 1717//3263 305//3263 1737//3263
f 1725//3264 1748//3264 1691//3264
f 1748//3265 1704//3265 1691//3265
f 1749//3266 1726//3266 1677//3266
f 1692//3267 1749//3267 1677//3267
f 1689//3268 1750//3268 1680//3268
f 1750//3269 1731//3269 1680//3269
f 1751//3270 1696//3270 1690//3270
f 1732//3234 1751//3234 1690//3234
f 1710//3271 1752//3271 1686//3271
f 1752//3272 1722//3272 1686//3272
f 1753//3273 1730//3273 1711//3273
f 1645//3274 1753//3274 1711//3274
f 1699//3275 1754//3275 1684//3275
f 1754//3276 1729//3276 1684//3276
f 1755//3277 1721//3277 1700//3277
f 1730//3278 1755//3278 1700//3278
f 1727//3279 1756//3279 1708//3279
f 1756//3280 1725//3280 1708//3280
f 1757//3281 1728//3281 1688//3281
f 1709//3282 1757//3282 1688//3282
f 1695//3283 1758//3283 1689//3283
f 1758//3284 1750//3284 1689//3284
f 1759//3285 1702//3285 1696//3285
f 1751//3286 1759//3286 1696//3286
f 1748//3287 1760//3287 1704//3287
f 1760//3288 1718//3288 1704//3288
f 1761//3289 1749//3289 1692//3289
f 1705//3290 1761//3290 1692//3290
f 1737//3291 223//3291 220//3291
f 223//3292 1747//3292 220//3292
f 1762//3291 223//3291 1737//3291
f 305//3293 1762//3293 1737//3293
f 1722//3294 1763//3294 1643//3294
f 1701//3295 1764//3295 1695//3295
f 1764//3296 1758//3296 1695//3296
f 1765//3297 1707//3297 1702//3297
f 1759//3298 1765//3298 1702//3298
f 165//3299 166//3299 1745//3299
f 1766//3300 1747//3300 223//3300
f 1767//3301 304//3301 1746//3301
f 305//3302 1768//3302 1762//3302
f 1706//3303 1769//3303 1701//3303
f 1769//3304 1764//3304 1701//3304
f 1770//3305 1713//3305 1707//3305
f 1765//3306 1770//3306 1707//3306
f 1720//3307 1771//3307 1699//3307
f 1771//3308 1754//3308 1699//3308
f 1772//3309 1732//3309 1721//3309
f 1755//3310 1772//3310 1721//3310
f 1712//3311 1773//3311 1706//3311
f 1773//3312 1769//3312 1706//3312
f 1774//3313 1712//3313 1713//3313
f 1770//3314 1774//3314 1713//3314
f 1644//3315 1775//3315 1727//3315
f 1775//3316 1756//3316 1727//3316
f 1776//3317 1744//3317 1703//3317
f 1728//3318 1776//3318 1703//3318
f 1760//3319 1777//3319 1718//3319
f 1777//3320 1723//3320 1718//3320
f 1778//3321 1761//3321 1705//3321
f 1719//3322 1778//3322 1705//3322
f 1774//3323 1773//3323 1712//3323
f 1756//3324 1779//3324 1725//3324
f 1779//3325 1748//3325 1725//3325
f 1780//3326 1757//3326 1709//3326
f 1726//3327 1780//3327 1709//3327
f 1729//3328 1781//3328 1710//3328
f 1781//3329 1752//3329 1710//3329
f 1782//3330 1755//3330 1730//3330
f 1753//3331 1782//3331 1730//3331
f 1740//2 165//2 1714//2
f 1747//2 1783//2 1715//2
f 1783//2 1741//2 1715//2
f 316//43 1694//43 1716//43
f 304//43 316//43 1716//43
f 306//3332 305//3332 1717//3332
f 294//43 306//43 1717//43
f 1784//3333 1785//3333 1745//3333
f 1785//3333 1746//3333 1745//3333
f 166//3334 1784//3334 1745//3334
f 1785//3335 1767//3335 1746//3335
f 1786//3336 282//3336 262//3336
f 1744//3337 1786//3337 262//3337
f 166//3338 1787//3338 1784//3338
f 1762//3339 1788//3339 223//3339
f 1789//3340 1766//3340 223//3340
f 1788//3341 1789//3341 223//3341
f 1790//3342 1767//3342 1785//3342
f 1791//3339 1788//3339 1762//3339
f 1792//3343 1791//3343 1762//3343
f 1768//3344 1792//3344 1762//3344
f 1777//3345 1793//3345 1723//3345
f 1793//3346 1733//3346 1723//3346
f 1794//3347 1778//3347 1719//3347
f 1724//3348 1794//3348 1719//3348
f 1731//3349 1795//3349 1720//3349
f 1795//3350 1771//3350 1720//3350
f 1796//3351 1751//3351 1732//3351
f 1772//3352 1796//3352 1732//3352
f 1788//3353 1791//3353 1784//3353
f 1791//3353 1785//3353 1784//3353
f 1789//3354 1788//3354 1784//3354
f 1787//3355 1789//3355 1784//3355
f 1792//3356 1790//3356 1785//3356
f 1791//3357 1792//3357 1785//3357
f 1752//3358 1797//3358 1722//3358
f 1797//3359 1763//3359 1722//3359
f 1798//3360 1782//3360 1753//3360
f 1645//3361 1798//3361 1753//3361
f 1793//3362 1799//3362 1733//3362
f 1799//3363 1738//3363 1733//3363
f 1800//3364 1794//3364 1724//3364
f 1734//3365 1800//3365 1724//3365
f 1779//3366 1801//3366 1748//3366
f 1801//3367 1760//3367 1748//3367
f 1802//3368 1780//3368 1726//3368
f 1749//3369 1802//3369 1726//3369
f 1763//3370 1803//3370 1643//3370
f 1803//3371 1693//3371 1643//3371
f 1694//3372 1798//3372 1645//3372
f 1799//3373 1804//3373 1738//3373
f 1804//3374 1742//3374 1738//3374
f 1805//3375 1800//3375 1734//3375
f 1739//3376 1805//3376 1734//3376
f 1775//3377 1806//3377 1756//3377
f 1806//3378 1779//3378 1756//3378
f 1807//3379 1776//3379 1728//3379
f 1757//3380 1807//3380 1728//3380
f 1754//3381 1808//3381 1729//3381
f 1808//3382 1781//3382 1729//3382
f 1809//3383 1772//3383 1755//3383
f 1782//3384 1809//3384 1755//3384
f 1750//3385 1810//3385 1731//3385
f 1810//3386 1795//3386 1731//3386
f 1811//3387 1759//3387 1751//3387
f 1796//3388 1811//3388 1751//3388
f 1804//3389 1812//3389 1742//3389
f 1812//3390 1743//3390 1742//3390
f 1743//3391 1813//3391 1739//3391
f 1813//3392 1805//3392 1739//3392
f 1812//3393 1813//3393 1743//3393
f 1814//2 166//2 165//2
f 1740//2 1814//2 165//2
f 1766//2 1815//2 1747//2
f 1815//2 1783//2 1747//2
f 1767//43 316//43 304//43
f 306//3394 1768//3394 305//3394
f 1644//3395 1816//3395 1775//3395
f 1816//3396 1806//3396 1775//3396
f 1817//3397 1786//3397 1744//3397
f 1776//3398 1817//3398 1744//3398
f 1758//3399 1818//3399 1750//3399
f 1818//3400 1810//3400 1750//3400
f 1819//3401 1765//3401 1759//3401
f 1811//3402 1819//3402 1759//3402
f 1801//3403 1820//3403 1760//3403
f 1820//3404 1777//3404 1760//3404
f 1821//3405 1802//3405 1749//3405
f 1761//3406 1821//3406 1749//3406
f 1786//3407 1822//3407 282//3407
f 1781//3408 1823//3408 1752//3408
f 1823//3409 1797//3409 1752//3409
f 1824//3410 1809//3410 1782//3410
f 1798//3411 1824//3411 1782//3411
f 1771//3412 1825//3412 1754//3412
f 1825//3413 1808//3413 1754//3413
f 1826//3414 1796//3414 1772//3414
f 1809//3415 1826//3415 1772//3415
f 1764//3416 1827//3416 1758//3416
f 1827//3417 1818//3417 1758//3417
f 1828//3418 1770//3418 1765//3418
f 1819//3419 1828//3419 1765//3419
f 1806//3420 1829//3420 1779//3420
f 1829//3421 1801//3421 1779//3421
f 1830//3422 1807//3422 1757//3422
f 1780//3423 1830//3423 1757//3423
f 1831//2 1787//2 166//2
f 1814//2 1831//2 166//2
f 1789//2 1832//2 1766//2
f 1832//2 1815//2 1766//2
f 330//3424 316//3424 1767//3424
f 1790//3425 330//3425 1767//3425
f 306//43 319//43 1768//43
f 319//43 1792//43 1768//43
f 1820//3426 1833//3426 1777//3426
f 1833//3427 1793//3427 1777//3427
f 1834//3428 1821//3428 1761//3428
f 1778//3429 1834//3429 1761//3429
f 1769//3430 1835//3430 1764//3430
f 1835//3431 1827//3431 1764//3431
f 1836//3432 1774//3432 1770//3432
f 1828//3433 1836//3433 1770//3433
f 1797//3434 1837//3434 1763//3434
f 1837//3435 1803//3435 1763//3435
f 1838//3436 1824//3436 1798//3436
f 1694//3437 1838//3437 1798//3437
f 1803//3438 1839//3438 1693//3438
f 1839//3439 1740//3439 1693//3439
f 1773//3440 1840//3440 1769//3440
f 1840//3441 1835//3441 1769//3441
f 1841//3442 1773//3442 1774//3442
f 1836//3443 1841//3443 1774//3443
f 1841//3444 1840//3444 1773//3444
f 1831//2 1789//2 1787//2
f 1831//2 1842//2 1789//2
f 1842//2 1832//2 1789//2
f 332//3445 330//3445 1790//3445
f 1792//43 332//43 1790//43
f 319//43 332//43 1792//43
f 1795//3446 1843//3446 1771//3446
f 1843//3447 1825//3447 1771//3447
f 1844//3448 1811//3448 1796//3448
f 1826//3449 1844//3449 1796//3449
f 1833//3450 1845//3450 1793//3450
f 1845//3451 1799//3451 1793//3451
f 1846//3452 1834//3452 1778//3452
f 1794//3453 1846//3453 1778//3453
f 1816//3454 1847//3454 1806//3454
f 1847//3455 1829//3455 1806//3455
f 1848//3456 1817//3456 1776//3456
f 1807//3457 1848//3457 1776//3457
f 1829//3458 1849//3458 1801//3458
f 1849//3459 1820//3459 1801//3459
f 1850//3460 1830//3460 1780//3460
f 1802//3461 1850//3461 1780//3461
f 1808//3462 1851//3462 1781//3462
f 1851//3463 1823//3463 1781//3463
f 1852//3464 1826//3464 1809//3464
f 1824//3465 1852//3465 1809//3465
f 1853//3466 1816//3466 1644//3466
f 1741//3467 1853//3467 1644//3467
f 1854//3468 294//3468 282//3468
f 1822//3469 1854//3469 282//3469
f 1853//3470 1847//3470 1816//3470
f 1855//3471 1822//3471 1786//3471
f 1817//3472 1855//3472 1786//3472
f 1845//3473 1856//3473 1799//3473
f 1856//3474 1804//3474 1799//3474
f 1857//3475 1846//3475 1794//3475
f 1800//3476 1857//3476 1794//3476
f 1810//3477 1858//3477 1795//3477
f 1858//3478 1843//3478 1795//3478
f 1859//3479 1819//3479 1811//3479
f 1844//3480 1859//3480 1811//3480
f 1856//3481 1860//3481 1804//3481
f 1860//3482 1812//3482 1804//3482
f 1861//3483 1857//3483 1800//3483
f 1805//3484 1861//3484 1800//3484
f 1823//3485 1862//3485 1797//3485
f 1862//3486 1837//3486 1797//3486
f 1863//3487 1852//3487 1824//3487
f 1838//3488 1863//3488 1824//3488
f 1839//3489 1864//3489 1740//3489
f 1865//3490 1838//3490 1694//3490
f 1860//3491 1866//3491 1812//3491
f 1866//3492 1813//3492 1812//3492
f 1813//3493 1867//3493 1805//3493
f 1867//3494 1861//3494 1805//3494
f 1866//3495 1867//3495 1813//3495
f 1849//3496 1868//3496 1820//3496
f 1868//3497 1833//3497 1820//3497
f 1869//3498 1850//3498 1802//3498
f 1821//3499 1869//3499 1802//3499
f 1837//3500 1870//3500 1803//3500
f 1870//3501 1839//3501 1803//3501
f 1865//3502 1863//3502 1838//3502
f 1847//3503 1871//3503 1829//3503
f 1871//3504 1849//3504 1829//3504
f 1872//3505 1848//3505 1807//3505
f 1830//3506 1872//3506 1807//3506
f 1818//3507 1873//3507 1810//3507
f 1873//3508 1858//3508 1810//3508
f 1874//3509 1828//3509 1819//3509
f 1859//3510 1874//3510 1819//3510
f 1825//3511 1875//3511 1808//3511
f 1875//3512 1851//3512 1808//3512
f 1876//3513 1844//3513 1826//3513
f 1852//3514 1876//3514 1826//3514
f 1877//3515 1853//3515 1741//3515
f 1783//3516 1877//3516 1741//3516
f 1854//3517 1878//3517 294//3517
f 1827//3518 1879//3518 1818//3518
f 1879//3519 1873//3519 1818//3519
f 1880//3520 1836//3520 1828//3520
f 1874//3521 1880//3521 1828//3521
f 1853//3522 1881//3522 1847//3522
f 1881//3523 1871//3523 1847//3523
f 1882//3524 1855//3524 1817//3524
f 1848//3525 1882//3525 1817//3525
f 1868//3526 1883//3526 1833//3526
f 1883//3527 1845//3527 1833//3527
f 1884//3528 1869//3528 1821//3528
f 1834//3529 1884//3529 1821//3529
f 1877//3530 1881//3530 1853//3530
f 1885//3531 1854//3531 1822//3531
f 1855//3532 1885//3532 1822//3532
f 1835//3533 1886//3533 1827//3533
f 1886//3534 1879//3534 1827//3534
f 1887//3535 1841//3535 1836//3535
f 1880//3536 1887//3536 1836//3536
f 1864//3537 1888//3537 1740//3537
f 1889//3538 1865//3538 1694//3538
f 316//3539 1889//3539 1694//3539
f 1851//3540 1890//3540 1823//3540
f 1890//3541 1862//3541 1823//3541
f 1891//3542 1876//3542 1852//3542
f 1863//3543 1891//3543 1852//3543
f 1843//3544 1892//3544 1825//3544
f 1892//3545 1875//3545 1825//3545
f 1893//3546 1859//3546 1844//3546
f 1876//3547 1893//3547 1844//3547
f 1840//3548 1894//3548 1835//3548
f 1894//3549 1886//3549 1835//3549
f 1895//3550 1840//3550 1841//3550
f 1887//3551 1895//3551 1841//3551
f 1895//3552 1894//3552 1840//3552
f 1871//3553 1896//3553 1849//3553
f 1896//3554 1868//3554 1849//3554
f 1897//3555 1872//3555 1830//3555
f 1850//3556 1897//3556 1830//3556
f 1883//3557 1898//3557 1845//3557
f 1898//3558 1856//3558 1845//3558
f 1899//3559 1884//3559 1834//3559
f 1846//3560 1899//3560 1834//3560
f 1870//3561 1900//3561 1839//3561
f 1900//3562 1864//3562 1839//3562
f 1901//3563 1863//3563 1865//3563
f 1889//3564 1901//3564 1865//3564
f 1862//3565 1902//3565 1837//3565
f 1902//3566 1870//3566 1837//3566
f 1901//3567 1891//3567 1863//3567
f 1903//3568 1877//3568 1783//3568
f 1904//3569 306//3569 294//3569
f 1878//3570 1904//3570 294//3570
f 1898//3571 1905//3571 1856//3571
f 1905//3572 1860//3572 1856//3572
f 1906//3573 1899//3573 1846//3573
f 1857//3574 1906//3574 1846//3574
f 1858//3575 1907//3575 1843//3575
f 1907//3576 1892//3576 1843//3576
f 1908//3577 1874//3577 1859//3577
f 1893//3578 1908//3578 1859//3578
f 1881//3579 1909//3579 1871//3579
f 1909//3580 1896//3580 1871//3580
f 1910//3581 1882//3581 1848//3581
f 1872//3582 1910//3582 1848//3582
f 1888//3583 1911//3583 1740//3583
f 1911//3584 1814//3584 1740//3584
f 1912//3585 1889//3585 316//3585
f 1896//3586 1913//3586 1868//3586
f 1913//3587 1883//3587 1868//3587
f 1914//3588 1897//3588 1850//3588
f 1869//3589 1914//3589 1850//3589
f 1905//3590 1915//3590 1860//3590
f 1915//3591 1866//3591 1860//3591
f 1916//3592 1906//3592 1857//3592
f 1861//3593 1916//3593 1857//3593
f 1875//3594 1917//3594 1851//3594
f 1917//3595 1890//3595 1851//3595
f 1918//3596 1893//3596 1876//3596
f 1891//3597 1918//3597 1876//3597
f 1903//3598 1919//3598 1877//3598
f 1919//3599 1881//3599 1877//3599
f 1920//3600 1878//3600 1854//3600
f 1885//3601 1920//3601 1854//3601
f 1919//3602 1909//3602 1881//3602
f 1921//3603 1885//3603 1855//3603
f 1882//3604 1921//3604 1855//3604
f 1915//3605 1922//3605 1866//3605
f 1922//3606 1867//3606 1866//3606
f 1867//3607 1923//3607 1861//3607
f 1923//3608 1916//3608 1861//3608
f 1922//3609 1923//3609 1867//3609
f 1873//3610 1924//3610 1858//3610
f 1924//3611 1907//3611 1858//3611
f 1925//3612 1880//3612 1874//3612
f 1908//3613 1925//3613 1874//3613
f 1926//3614 1903//3614 1783//3614
f 1815//3615 1926//3615 1783//3615
f 1904//3616 1927//3616 306//3616
f 1900//3617 1928//3617 1864//3617
f 1928//3618 1888//3618 1864//3618
f 1929//3619 1901//3619 1889//3619
f 1912//3620 1929//3620 1889//3620
f 1890//3621 1930//3621 1862//3621
f 1930//3622 1902//3622 1862//3622
f 1931//3623 1918//3623 1891//3623
f 1901//3624 1931//3624 1891//3624
f 1913//3625 1932//3625 1883//3625
f 1932//3626 1898//3626 1883//3626
f 1933//3627 1914//3627 1869//3627
f 1884//3628 1933//3628 1869//3628
f 1879//3629 1934//3629 1873//3629
f 1934//3630 1924//3630 1873//3630
f 1935//3631 1887//3631 1880//3631
f 1925//3632 1935//3632 1880//3632
f 1911//3633 1936//3633 1814//3633
f 1937//3634 1912//3634 316//3634
f 1902//3635 1938//3635 1870//3635
f 1938//3636 1900//3636 1870//3636
f 1929//3637 1931//3637 1901//3637
f 1909//3638 1939//3638 1896//3638
f 1939//3639 1913//3639 1896//3639
f 1940//3640 1910//3640 1872//3640
f 1897//3641 1940//3641 1872//3641
f 1892//3642 1941//3642 1875//3642
f 1941//3643 1917//3643 1875//3643
f 1942//3644 1908//3644 1893//3644
f 1918//3645 1942//3645 1893//3645
f 1886//3646 1943//3646 1879//3646
f 1943//3647 1934//3647 1879//3647
f 1944//3648 1895//3648 1887//3648
f 1935//3649 1944//3649 1887//3649
f 1926//3650 1945//3650 1903//3650
f 1945//3651 1919//3651 1903//3651
f 1946//3652 1904//3652 1878//3652
f 1920//3653 1946//3653 1878//3653
f 1947//3654 1926//3654 1815//3654
f 1927//3655 1948//3655 306//3655
f 1894//3656 1949//3656 1886//3656
f 1949//3657 1943//3657 1886//3657
f 1950//3658 1894//3658 1895//3658
f 1944//3659 1950//3659 1895//3659
f 1932//3660 1951//3660 1898//3660
f 1951//3661 1905//3661 1898//3661
f 1952//3662 1933//3662 1884//3662
f 1899//3663 1952//3663 1884//3663
f 1950//3664 1949//3664 1894//3664
f 1919//3665 1953//3665 1909//3665
f 1953//3666 1939//3666 1909//3666
f 1954//3667 1921//3667 1882//3667
f 1910//3668 1954//3668 1882//3668
f 1945//3669 1953//3669 1919//3669
f 1955//3670 1920//3670 1885//3670
f 1921//3671 1955//3671 1885//3671
f 1936//3672 1956//3672 1814//3672
f 1957//3673 1937//3673 316//3673
f 330//3674 1957//3674 316//3674
f 1928//3675 1958//3675 1888//3675
f 1958//3676 1911//3676 1888//3676
f 1959//3677 1929//3677 1912//3677
f 1937//3678 1959//3678 1912//3678
f 1907//3679 1960//3679 1892//3679
f 1960//3680 1941//3680 1892//3680
f 1961//3681 1925//3681 1908//3681
f 1942//3682 1961//3682 1908//3682
f 1917//3683 1962//3683 1890//3683
f 1962//3684 1930//3684 1890//3684
f 1963//3685 1942//3685 1918//3685
f 1931//3686 1963//3686 1918//3686
f 1964//3687 1947//3687 1815//3687
f 1832//3688 1964//3688 1815//3688
f 1965//3689 319//3689 306//3689
f 1948//3690 1965//3690 306//3690
f 1951//3691 1966//3691 1905//3691
f 1966//3692 1915//3692 1905//3692
f 1967//3693 1952//3693 1899//3693
f 1906//3694 1967//3694 1899//3694
f 1939//3695 1968//3695 1913//3695
f 1968//3696 1932//3696 1913//3696
f 1969//3697 1940//3697 1897//3697
f 1914//3698 1969//3698 1897//3698
f 1956//3699 1970//3699 1814//3699
f 1970//3700 1831//3700 1814//3700
f 1971//3701 1957//3701 330//3701
f 1938//3702 1972//3702 1900//3702
f 1972//3703 1928//3703 1900//3703
f 1973//3704 1931//3704 1929//3704
f 1959//3705 1973//3705 1929//3705
f 1947//3706 1974//3706 1926//3706
f 1974//3707 1945//3707 1926//3707
f 1975//3708 1927//3708 1904//3708
f 1946//3708 1975//3708 1904//3708
f 1930//3709 1976//3709 1902//3709
f 1976//3710 1938//3710 1902//3710
f 1973//3711 1963//3711 1931//3711
f 1966//3712 1977//3712 1915//3712
f 1977//3713 1922//3713 1915//3713
f 1978//3714 1967//3714 1906//3714
f 1916//3715 1978//3715 1906//3715
f 1979//3716 1964//3716 1832//3716
f 1980//3717 332//3717 319//3717
f 1965//3718 1980//3718 319//3718
f 1924//3719 1981//3719 1907//3719
f 1981//3720 1960//3720 1907//3720
f 1982//3721 1935//3721 1925//3721
f 1961//3722 1982//3722 1925//3722
f 1977//3723 1983//3723 1922//3723
f 1983//3724 1923//3724 1922//3724
f 1923//3725 1984//3725 1916//3725
f 1984//3726 1978//3726 1916//3726
f 1970//3727 1985//3727 1831//3727
f 1986//3728 1971//3728 330//3728
f 332//3729 1986//3729 330//3729
f 1983//3730 1984//3730 1923//3730
f 1987//3731 1979//3731 1832//3731
f 1980//3732 1988//3732 332//3732
f 1953//3733 1989//3733 1939//3733
f 1989//3734 1968//3734 1939//3734
f 1990//3735 1954//3735 1910//3735
f 1940//3736 1990//3736 1910//3736
f 1958//3737 1991//3737 1911//3737
f 1991//3738 1936//3738 1911//3738
f 1992//3739 1959//3739 1937//3739
f 1957//3740 1992//3740 1937//3740
f 1985//3741 1842//3741 1831//3741
f 1993//3742 1986//3742 332//3742
f 1988//3743 1993//3743 332//3743
f 1968//3744 1994//3744 1932//3744
f 1994//3745 1951//3745 1932//3745
f 1995//3746 1969//3746 1914//3746
f 1933//3747 1995//3747 1914//3747
f 1996//3748 1987//3748 1832//3748
f 1842//3749 1996//3749 1832//3749
f 1985//3750 1996//3750 1842//3750
f 1974//3751 1997//3751 1945//3751
f 1997//3752 1953//3752 1945//3752
f 1998//3753 1946//3753 1920//3753
f 1955//3754 1998//3754 1920//3754
f 1941//3755 1999//3755 1917//3755
f 1999//3756 1962//3756 1917//3756
f 2000//3757 1961//3757 1942//3757
f 1963//3758 2000//3758 1942//3758
f 1997//3759 1989//3759 1953//3759
f 2001//3760 1955//3760 1921//3760
f 1954//3761 2001//3761 1921//3761
f 1934//3762 2002//3762 1924//3762
f 2002//3763 1981//3763 1924//3763
f 2003//3764 1944//3764 1935//3764
f 1982//3765 2003//3765 1935//3765
f 1964//3766 2004//3766 1947//3766
f 2004//3706 1974//3706 1947//3706
f 2005//3767 1948//3767 1927//3767
f 1975//3768 2005//3768 1927//3768
f 1943//3769 2006//3769 1934//3769
f 2006//3770 2002//3770 1934//3770
f 2007//3771 1950//3771 1944//3771
f 2003//3772 2007//3772 1944//3772
f 1972//3773 2008//3773 1928//3773
f 2008//3774 1958//3774 1928//3774
f 2009//3775 1973//3775 1959//3775
f 1992//3776 2009//3776 1959//3776
f 1991//3777 2010//3777 1936//3777
f 2010//3778 1956//3778 1936//3778
f 2011//3779 1992//3779 1957//3779
f 1971//3780 2011//3780 1957//3780
f 1994//3781 2012//3781 1951//3781
f 2012//3782 1966//3782 1951//3782
f 2013//3783 1995//3783 1933//3783
f 1952//3784 2013//3784 1933//3784
f 1962//3785 2014//3785 1930//3785
f 2014//3786 1976//3786 1930//3786
f 2015//3787 2000//3787 1963//3787
f 1973//3788 2015//3788 1963//3788
f 1949//3789 2016//3789 1943//3789
f 2016//3790 2006//3790 1943//3790
f 2017//3791 1949//3791 1950//3791
f 2007//3792 2017//3792 1950//3792
f 1976//3793 2018//3793 1938//3793
f 2018//3794 1972//3794 1938//3794
f 2009//3795 2015//3795 1973//3795
f 2017//3796 2016//3796 1949//3796
f 1960//3797 2019//3797 1941//3797
f 2019//3798 1999//3798 1941//3798
f 2020//3799 1982//3799 1961//3799
f 2000//3800 2020//3800 1961//3800
f 1989//3801 2021//3801 1968//3801
f 2021//3802 1994//3802 1968//3802
f 2022//3803 1990//3803 1940//3803
f 1969//3804 2022//3804 1940//3804
f 1979//3805 2023//3805 1964//3805
f 2023//3806 2004//3806 1964//3806
f 2024//3807 1965//3807 1948//3807
f 2005//3808 2024//3808 1948//3808
f 2004//3809 2025//3809 1974//3809
f 2025//3810 1997//3810 1974//3810
f 2026//3811 1975//3811 1946//3811
f 1998//3812 2026//3812 1946//3812
f 2012//3813 2027//3813 1966//3813
f 2027//3814 1977//3814 1966//3814
f 2028//3815 2013//3815 1952//3815
f 1967//3816 2028//3816 1952//3816
f 2010//3817 2029//3817 1956//3817
f 2029//3818 1970//3818 1956//3818
f 2030//3819 2011//3819 1971//3819
f 1986//3820 2030//3820 1971//3820
f 1997//3821 2031//3821 1989//3821
f 2031//3822 2021//3822 1989//3822
f 2032//3823 2001//3823 1954//3823
f 1990//3824 2032//3824 1954//3824
f 1987//3825 2033//3825 1979//3825
f 2033//3826 2023//3826 1979//3826
f 2034//3827 1980//3827 1965//3827
f 2024//3828 2034//3828 1965//3828
f 2025//3829 2031//3829 1997//3829
f 2035//3830 1998//3830 1955//3830
f 2001//3831 2035//3831 1955//3831
f 2008//3832 2036//3832 1958//3832
f 2036//3833 1991//3833 1958//3833
f 2037//3834 2009//3834 1992//3834
f 2011//3835 2037//3835 1992//3835
f 2027//3836 2038//3836 1977//3836
f 2038//3837 1983//3837 1977//3837
f 2039//3838 2028//3838 1967//3838
f 1978//3839 2039//3839 1967//3839
f 1981//3840 2040//3840 1960//3840
f 2040//3841 2019//3841 1960//3841
f 2041//3842 2003//3842 1982//3842
f 2020//3843 2041//3843 1982//3843
f 2029//3844 2042//3844 1970//3844
f 2042//3845 1985//3845 1970//3845
f 2043//3846 2030//3846 1986//3846
f 1993//3847 2043//3847 1986//3847
f 1999//3848 2044//3848 1962//3848
f 2044//3849 2014//3849 1962//3849
f 2045//3850 2020//3850 2000//3850
f 2015//3851 2045//3851 2000//3851
f 1996//3852 2046//3852 1987//3852
f 2046//3853 2033//3853 1987//3853
f 2047//3854 1988//3854 1980//3854
f 2034//3855 2047//3855 1980//3855
f 2021//3856 2048//3856 1994//3856
f 2048//3857 2012//3857 1994//3857
f 2049//3858 2022//3858 1969//3858
f 1995//3859 2049//3859 1969//3859
f 2038//3860 2050//3860 1983//3860
f 2050//3861 1984//3861 1983//3861
f 1984//3862 2051//3862 1978//3862
f 2051//3863 2039//3863 1978//3863
f 2042//3864 2052//3864 1985//3864
f 2052//3865 1996//3865 1985//3865
f 2053//3866 2043//3866 1993//3866
f 1988//3867 2053//3867 1993//3867
f 2050//3868 2051//3868 1984//3868
f 2052//3869 2046//3869 1996//3869
f 2047//3870 2053//3870 1988//3870
f 2023//3871 2054//3871 2004//3871
f 2054//3872 2025//3872 2004//3872
f 2055//3873 2005//3873 1975//3873
f 2026//3874 2055//3874 1975//3874
f 2018//3875 2056//3875 1972//3875
f 2056//3876 2008//3876 1972//3876
f 2057//3877 2015//3877 2009//3877
f 2037//3878 2057//3878 2009//3878
f 2014//3879 2058//3879 1976//3879
f 2058//3880 2018//3880 1976//3880
f 2057//3881 2045//3881 2015//3881
f 2002//3882 2059//3882 1981//3882
f 2059//3883 2040//3883 1981//3883
f 2060//3884 2007//3884 2003//3884
f 2041//3885 2060//3885 2003//3885
f 2036//3886 2061//3886 1991//3886
f 2061//3887 2010//3887 1991//3887
f 2062//3888 2037//3888 2011//3888
f 2030//3889 2062//3889 2011//3889
f 2031//3890 2063//3890 2021//3890
f 2063//3891 2048//3891 2021//3891
f 2064//3892 2032//3892 1990//3892
f 2022//3893 2064//3893 1990//3893
f 2048//3894 2065//3894 2012//3894
f 2065//3895 2027//3895 2012//3895
f 2066//3896 2049//3896 1995//3896
f 2013//3897 2066//3897 1995//3897
f 2006//3898 2067//3898 2002//3898
f 2067//3899 2059//3899 2002//3899
f 2068//3900 2017//3900 2007//3900
f 2060//3901 2068//3901 2007//3901
f 2054//3902 2069//3902 2025//3902
f 2069//3903 2031//3903 2025//3903
f 2070//3904 2026//3904 1998//3904
f 2035//3905 2070//3905 1998//3905
f 2019//3906 2071//3906 1999//3906
f 2071//3907 2044//3907 1999//3907
f 2072//3908 2041//3908 2020//3908
f 2045//3909 2072//3909 2020//3909
f 2033//3910 2073//3910 2023//3910
f 2073//3911 2054//3911 2023//3911
f 2074//3912 2024//3912 2005//3912
f 2055//3913 2074//3913 2005//3913
f 2069//3914 2063//3914 2031//3914
f 2075//3915 2035//3915 2001//3915
f 2032//3916 2075//3916 2001//3916
f 2016//3917 2076//3917 2006//3917
f 2076//3918 2067//3918 2006//3918
f 2077//3919 2016//3919 2017//3919
f 2068//3920 2077//3920 2017//3920
f 2077//3921 2076//3921 2016//3921
f 2061//3922 2078//3922 2010//3922
f 2078//3923 2029//3923 2010//3923
f 2079//3924 2062//3924 2030//3924
f 2043//3925 2079//3925 2030//3925
f 2056//3926 2080//3926 2008//3926
f 2080//3927 2036//3927 2008//3927
f 2081//3928 2057//3928 2037//3928
f 2062//3929 2081//3929 2037//3929
f 2065//3930 2082//3930 2027//3930
f 2082//3931 2038//3931 2027//3931
f 2083//3932 2066//3932 2013//3932
f 2028//3933 2083//3933 2013//3933
f 2044//3934 2084//3934 2014//3934
f 2084//3935 2058//3935 2014//3935
f 2085//3936 2072//3936 2045//3936
f 2057//3937 2085//3937 2045//3937
f 2046//3938 2086//3938 2033//3938
f 2086//3939 2073//3939 2033//3939
f 2087//3940 2034//3940 2024//3940
f 2074//3941 2087//3941 2024//3941
f 2058//3942 2088//3942 2018//3942
f 2088//3943 2056//3943 2018//3943
f 2081//3944 2085//3944 2057//3944
f 2040//3945 2089//3945 2019//3945
f 2089//3946 2071//3946 2019//3946
f 2090//3947 2060//3947 2041//3947
f 2072//3948 2090//3948 2041//3948
f 2078//3949 2091//3949 2029//3949
f 2091//3950 2042//3950 2029//3950
f 2092//3951 2079//3951 2043//3951
f 2053//3952 2092//3952 2043//3952
f 2063//3953 2093//3953 2048//3953
f 2093//3954 2065//3954 2048//3954
f 2094//3955 2064//3955 2022//3955
f 2049//3956 2094//3956 2022//3956
f 2082//3957 2095//3957 2038//3957
f 2095//3958 2050//3958 2038//3958
f 2096//3959 2083//3959 2028//3959
f 2039//3960 2096//3960 2028//3960
f 2073//3961 2097//3961 2054//3961
f 2097//3962 2069//3962 2054//3962
f 2098//3963 2055//3963 2026//3963
f 2070//3964 2098//3964 2026//3964
f 2052//3965 2099//3965 2046//3965
f 2099//3966 2086//3966 2046//3966
f 2100//3967 2047//3967 2034//3967
f 2087//3968 2100//3968 2034//3968
f 2091//3969 2101//3969 2042//3969
f 2101//3970 2052//3970 2042//3970
f 2102//3971 2092//3971 2053//3971
f 2047//3972 2102//3972 2053//3972
f 2101//3973 2099//3973 2052//3973
f 2100//3974 2102//3974 2047//3974
f 2095//3975 2103//3975 2050//3975
f 2103//3976 2051//3976 2050//3976
f 2051//3977 2104//3977 2039//3977
f 2104//3978 2096//3978 2039//3978
f 2103//3979 2104//3979 2051//3979
f 2069//3980 2105//3980 2063//3980
f 2105//3981 2093//3981 2063//3981
f 2106//3982 2075//3982 2032//3982
f 2064//3983 2106//3983 2032//3983
f 2080//3984 2107//3984 2036//3984
f 2107//3985 2061//3985 2036//3985
f 2108//3986 2081//3986 2062//3986
f 2079//3987 2108//3987 2062//3987
f 2097//3988 2105//3988 2069//3988
f 2109//3989 2070//3989 2035//3989
f 2075//3990 2109//3990 2035//3990
f 2059//3991 2110//3991 2040//3991
f 2110//3992 2089//3992 2040//3992
f 2111//3993 2068//3993 2060//3993
f 2090//3994 2111//3994 2060//3994
f 2071//3995 2112//3995 2044//3995
f 2112//3996 2084//3996 2044//3996
f 2113//3997 2090//3997 2072//3997
f 2085//3998 2113//3998 2072//3998
f 2093//3999 2114//3999 2065//3999
f 2114//4000 2082//4000 2065//4000
f 2115//4001 2094//4001 2049//4001
f 2066//4002 2115//4002 2049//4002
f 2086//4003 2116//4003 2073//4003
f 2116//4004 2097//4004 2073//4004
f 2117//4005 2074//4005 2055//4005
f 2098//4006 2117//4006 2055//4006
f 2067//4007 2118//4007 2059//4007
f 2118//4008 2110//4008 2059//4008
f 2119//4009 2077//4009 2068//4009
f 2111//4010 2119//4010 2068//4010
f 2088//4011 2120//4011 2056//4011
f 2120//4012 2080//4012 2056//4012
f 2121//4013 2085//4013 2081//4013
f 2108//4014 2121//4014 2081//4014
f 2084//4015 2122//4015 2058//4015
f 2122//4016 2088//4016 2058//4016
f 2121//4017 2113//4017 2085//4017
f 2107//4018 2123//4018 2061//4018
f 2123//4019 2078//4019 2061//4019
f 2124//4020 2108//4020 2079//4020
f 2092//4021 2124//4021 2079//4021
f 2076//4022 2125//4022 2067//4022
f 2125//4023 2118//4023 2067//4023
f 2126//4024 2076//4024 2077//4024
f 2119//4025 2126//4025 2077//4025
f 2126//4026 2125//4026 2076//4026
f 2114//4027 2127//4027 2082//4027
f 2127//4028 2095//4028 2082//4028
f 2128//4029 2115//4029 2066//4029
f 2083//4030 2128//4030 2066//4030
f 2099//4031 2129//4031 2086//4031
f 2129//4032 2116//4032 2086//4032
f 2130//4033 2087//4033 2074//4033
f 2117//4034 2130//4034 2074//4034
f 2105//4035 2131//4035 2093//4035
f 2131//4036 2114//4036 2093//4036
f 2132//4037 2106//4037 2064//4037
f 2094//4038 2132//4038 2064//4038
f 2116//4039 2133//4039 2097//4039
f 2133//4040 2105//4040 2097//4040
f 2134//4041 2098//4041 2070//4041
f 2109//4042 2134//4042 2070//4042
f 2089//4043 2135//4043 2071//4043
f 2135//4044 2112//4044 2071//4044
f 2136//4045 2111//4045 2090//4045
f 2113//4046 2136//4046 2090//4046
f 2123//4047 2137//4047 2078//4047
f 2137//4048 2091//4048 2078//4048
f 2138//4049 2124//4049 2092//4049
f 2102//4050 2138//4050 2092//4050
f 2133//4051 2131//4051 2105//4051
f 2139//4052 2109//4052 2075//4052
f 2106//4053 2139//4053 2075//4053
f 2101//4054 2140//4054 2099//4054
f 2140//4055 2129//4055 2099//4055
f 2141//4056 2100//4056 2087//4056
f 2130//4057 2141//4057 2087//4057
f 2127//4058 2142//4058 2095//4058
f 2142//4059 2103//4059 2095//4059
f 2143//4060 2128//4060 2083//4060
f 2096//4061 2143//4061 2083//4061
f 2137//4062 2144//4062 2091//4062
f 2144//4063 2101//4063 2091//4063
f 2145//4064 2138//4064 2102//4064
f 2100//4065 2145//4065 2102//4065
f 2120//4066 2146//4066 2080//4066
f 2146//4067 2107//4067 2080//4067
f 2147//4068 2121//4068 2108//4068
f 2124//4069 2147//4069 2108//4069
f 2144//4070 2140//4070 2101//4070
f 2141//4071 2145//4071 2100//4071
f 2142//4072 2148//4072 2103//4072
f 2148//4073 2104//4073 2103//4073
f 2104//4074 2149//4074 2096//4074
f 2149//4075 2143//4075 2096//4075
f 2112//4076 2150//4076 2084//4076
f 2150//4077 2122//4077 2084//4077
f 2151//4078 2136//4078 2113//4078
f 2121//4079 2151//4079 2113//4079
f 2148//4080 2149//4080 2104//4080
f 2110//4081 2152//4081 2089//4081
f 2152//4082 2135//4082 2089//4082
f 2153//4083 2119//4083 2111//4083
f 2136//4084 2153//4084 2111//4084
f 2122//4085 2154//4085 2088//4085
f 2154//4086 2120//4086 2088//4086
f 2147//4087 2151//4087 2121//4087
f 2131//4088 2155//4088 2114//4088
f 2155//4089 2127//4089 2114//4089
f 2156//4090 2132//4090 2094//4090
f 2115//4091 2156//4091 2094//4091
f 2129//4092 2157//4092 2116//4092
f 2157//4093 2133//4093 2116//4093
f 2158//4094 2117//4094 2098//4094
f 2134//4095 2158//4095 2098//4095
f 2146//4096 2159//4096 2107//4096
f 2159//4097 2123//4097 2107//4097
f 2160//4098 2147//4098 2124//4098
f 2138//4099 2160//4099 2124//4099
f 2118//4100 2161//4100 2110//4100
f 2161//4101 2152//4101 2110//4101
f 2162//4102 2126//4102 2119//4102
f 2153//4103 2162//4103 2119//4103
f 2133//4104 2163//4104 2131//4104
f 2163//4105 2155//4105 2131//4105
f 2164//4106 2139//4106 2106//4106
f 2132//4107 2164//4107 2106//4107
f 2157//4108 2163//4108 2133//4108
f 2165//4109 2134//4109 2109//4109
f 2139//4110 2165//4110 2109//4110
f 2140//4111 2166//4111 2129//4111
f 2166//4112 2157//4112 2129//4112
f 2167//4113 2130//4113 2117//4113
f 2158//4114 2167//4114 2117//4114
f 2125//4115 2168//4115 2118//4115
f 2168//4116 2161//4116 2118//4116
f 2169//4117 2125//4117 2126//4117
f 2162//4118 2169//4118 2126//4118
f 2155//4119 2170//4119 2127//4119
f 2170//4120 2142//4120 2127//4120
f 2171//4121 2156//4121 2115//4121
f 2128//4122 2171//4122 2115//4122
f 2135//4123 2172//4123 2112//4123
f 2172//4124 2150//4124 2112//4124
f 2173//4125 2153//4125 2136//4125
f 2151//4126 2173//4126 2136//4126
f 2169//4127 2168//4127 2125//4127
f 2159//4128 2174//4128 2123//4128
f 2174//4129 2137//4129 2123//4129
f 2175//4130 2160//4130 2138//4130
f 2145//4131 2175//4131 2138//4131
f 2154//4132 2176//4132 2120//4132
f 2176//4133 2146//4133 2120//4133
f 2177//4134 2151//4134 2147//4134
f 2160//4135 2177//4135 2147//4135
f 2144//4136 2178//4136 2140//4136
f 2178//4137 2166//4137 2140//4137
f 2179//4138 2141//4138 2130//4138
f 2167//4139 2179//4139 2130//4139
f 2150//4140 2180//4140 2122//4140
f 2180//4141 2154//4141 2122//4141
f 2177//4142 2173//4142 2151//4142
f 2174//4143 2181//4143 2137//4143
f 2181//4144 2144//4144 2137//4144
f 2182//4145 2175//4145 2145//4145
f 2141//4146 2182//4146 2145//4146
f 2170//4147 2183//4147 2142//4147
f 2183//4148 2148//4148 2142//4148
f 2184//4149 2171//4149 2128//4149
f 2143//4150 2184//4150 2128//4150
f 2181//4151 2178//4151 2144//4151
f 2179//4152 2182//4152 2141//4152
f 2166//4153 2185//4153 2157//4153
f 2185//4154 2163//4154 2157//4154
f 2186//4155 2158//4155 2134//4155
f 2165//4156 2186//4156 2134//4156
f 2163//4157 2187//4157 2155//4157
f 2187//4158 2170//4158 2155//4158
f 2188//4159 2164//4159 2132//4159
f 2156//4160 2188//4160 2132//4160
f 2152//4161 2189//4161 2135//4161
f 2189//4162 2172//4162 2135//4162
f 2190//4163 2162//4163 2153//4163
f 2173//4164 2190//4164 2153//4164
f 2183//4165 2191//4165 2148//4165
f 2191//4166 2149//4166 2148//4166
f 2149//4167 2192//4167 2143//4167
f 2192//4168 2184//4168 2143//4168
f 2191//4169 2192//4169 2149//4169
f 2185//4170 2187//4170 2163//4170
f 2193//4171 2165//4171 2139//4171
f 2164//4172 2193//4172 2139//4172
f 2176//4173 2194//4173 2146//4173
f 2194//4174 2159//4174 2146//4174
f 2195//4175 2177//4175 2160//4175
f 2175//4176 2195//4176 2160//4176
f 2161//4177 2196//4177 2152//4177
f 2196//4178 2189//4178 2152//4178
f 2197//4179 2169//4179 2162//4179
f 2190//4180 2197//4180 2162//4180
f 2172//4181 2198//4181 2150//4181
f 2198//4182 2180//4182 2150//4182
f 2199//4183 2190//4183 2173//4183
f 2177//4184 2199//4184 2173//4184
f 2178//4185 2200//4185 2166//4185
f 2200//4186 2185//4186 2166//4186
f 2201//4187 2167//4187 2158//4187
f 2186//4188 2201//4188 2158//4188
f 2187//4189 2202//4189 2170//4189
f 2202//4190 2183//4190 2170//4190
f 2203//4191 2188//4191 2156//4191
f 2171//4192 2203//4192 2156//4192
f 2180//4193 2204//4193 2154//4193
f 2204//4194 2176//4194 2154//4194
f 2195//4195 2199//4195 2177//4195
f 2168//4196 2205//4196 2161//4196
f 2205//4197 2196//4197 2161//4197
f 2206//4198 2168//4198 2169//4198
f 2197//4199 2206//4199 2169//4199
f 2194//4200 2207//4200 2159//4200
f 2207//4201 2174//4201 2159//4201
f 2208//4202 2195//4202 2175//4202
f 2182//4203 2208//4203 2175//4203
f 2206//4204 2205//4204 2168//4204
f 2181//4205 2209//4205 2178//4205
f 2209//4206 2200//4206 2178//4206
f 2210//4207 2179//4207 2167//4207
f 2201//4208 2210//4208 2167//4208
f 2200//4209 2211//4209 2185//4209
f 2211//4210 2187//4210 2185//4210
f 2212//4211 2186//4211 2165//4211
f 2193//4212 2212//4212 2165//4212
f 2211//4213 2202//4213 2187//4213
f 2213//4214 2193//4214 2164//4214
f 2188//4215 2213//4215 2164//4215
f 2207//4216 2214//4216 2174//4216
f 2214//4217 2181//4217 2174//4217
f 2215//4218 2208//4218 2182//4218
f 2179//4219 2215//4219 2182//4219
f 2202//4220 2216//4220 2183//4220
f 2216//4221 2191//4221 2183//4221
f 2217//4222 2203//4222 2171//4222
f 2184//4223 2217//4223 2171//4223
f 2214//4224 2209//4224 2181//4224
f 2210//4225 2215//4225 2179//4225
f 2189//4226 2218//4226 2172//4226
f 2218//4227 2198//4227 2172//4227
f 2219//4228 2197//4228 2190//4228
f 2199//4229 2219//4229 2190//4229
f 2204//4230 2220//4230 2176//4230
f 2220//4231 2194//4231 2176//4231
f 2221//4232 2199//4232 2195//4232
f 2208//4233 2221//4233 2195//4233
f 2216//4234 2222//4234 2191//4234
f 2222//4235 2192//4235 2191//4235
f 2192//4236 2223//4236 2184//4236
f 2223//4237 2217//4237 2184//4237
f 2222//4238 2223//4238 2192//4238
f 2198//4239 2224//4239 2180//4239
f 2224//4240 2204//4240 2180//4240
f 2221//4241 2219//4241 2199//4241
f 2209//4242 2225//4242 2200//4242
f 2225//4243 2211//4243 2200//4243
f 2226//4244 2201//4244 2186//4244
f 2212//4245 2226//4245 2186//4245
f 2196//4246 2227//4246 2189//4246
f 2227//4247 2218//4247 2189//4247
f 2228//4248 2206//4248 2197//4248
f 2219//4249 2228//4249 2197//4249
f 2211//4250 2229//4250 2202//4250
f 2229//4251 2216//4251 2202//4251
f 2230//4252 2213//4252 2188//4252
f 2203//4253 2230//4253 2188//4253
f 2220//4254 2231//4254 2194//4254
f 2231//4255 2207//4255 2194//4255
f 2232//4256 2221//4256 2208//4256
f 2215//4257 2232//4257 2208//4257
f 2225//4258 2229//4258 2211//4258
f 2233//4259 2212//4259 2193//4259
f 2213//4260 2233//4260 2193//4260
f 2205//4261 2234//4261 2196//4261
f 2234//4262 2227//4262 2196//4262
f 2235//4263 2205//4263 2206//4263
f 2228//4264 2235//4264 2206//4264
f 2214//4265 2236//4265 2209//4265
f 2236//4266 2225//4266 2209//4266
f 2237//4267 2210//4267 2201//4267
f 2226//4268 2237//4268 2201//4268
f 2235//4269 2234//4269 2205//4269
f 2231//4270 2238//4270 2207//4270
f 2238//4271 2214//4271 2207//4271
f 2239//4272 2232//4272 2215//4272
f 2210//4273 2239//4273 2215//4273
f 2218//4274 2240//4274 2198//4274
f 2240//4275 2224//4275 2198//4275
f 2241//4276 2228//4276 2219//4276
f 2221//4277 2241//4277 2219//4277
f 2238//4278 2236//4278 2214//4278
f 2237//4279 2239//4279 2210//4279
f 2229//4280 2242//4280 2216//4280
f 2242//4281 2222//4281 2216//4281
f 2243//4282 2230//4282 2203//4282
f 2217//4283 2243//4283 2203//4283
f 2224//4284 2244//4284 2204//4284
f 2244//4285 2220//4285 2204//4285
f 2232//4286 2241//4286 2221//4286
f 2242//4287 2245//4287 2222//4287
f 2245//4288 2223//4288 2222//4288
f 2223//4289 2246//4289 2217//4289
f 2246//4290 2243//4290 2217//4290
f 2236//4291 2247//4291 2225//4291
f 2247//4292 2229//4292 2225//4292
f 2248//4293 2226//4293 2212//4293
f 2233//4294 2248//4294 2212//4294
f 2247//4295 2242//4295 2229//4295
f 2249//4296 2233//4296 2213//4296
f 2230//4297 2249//4297 2213//4297
f 2245//4298 2246//4298 2223//4298
f 2227//4299 2250//4299 2218//4299
f 2250//4300 2240//4300 2218//4300
f 2251//4301 2235//4301 2228//4301
f 2241//4302 2251//4302 2228//4302
f 2244//4303 2252//4303 2220//4303
f 2252//4304 2231//4304 2220//4304
f 2253//4305 2241//4305 2232//4305
f 2239//4306 2253//4306 2232//4306
f 2238//4307 2254//4307 2236//4307
f 2254//4308 2247//4308 2236//4308
f 2255//4309 2237//4309 2226//4309
f 2248//4310 2255//4310 2226//4310
f 2240//4311 2256//4311 2224//4311
f 2256//4312 2244//4312 2224//4312
f 2253//4313 2251//4313 2241//4313
f 2234//4314 2257//4314 2227//4314
f 2257//4315 2250//4315 2227//4315
f 2258//4316 2234//4316 2235//4316
f 2251//4317 2258//4317 2235//4317
f 2252//4318 2259//4318 2231//4318
f 2259//4319 2238//4319 2231//4319
f 2260//4320 2253//4320 2239//4320
f 2237//4321 2260//4321 2239//4321
f 2258//4322 2257//4322 2234//4322
f 2247//4323 2261//4323 2242//4323
f 2261//4324 2245//4324 2242//4324
f 2262//4325 2249//4325 2230//4325
f 2243//4326 2262//4326 2230//4326
f 2259//4327 2254//4327 2238//4327
f 2255//4328 2260//4328 2237//4328
f 2254//4329 2261//4329 2247//4329
f 2263//4330 2248//4330 2233//4330
f 2249//4331 2263//4331 2233//4331
f 2261//4332 2264//4332 2245//4332
f 2264//4333 2246//4333 2245//4333
f 2246//4334 2265//4334 2243//4334
f 2265//4335 2262//4335 2243//4335
f 2250//4336 2266//4336 2240//4336
f 2266//4337 2256//4337 2240//4337
f 2267//4338 2258//4338 2251//4338
f 2253//4339 2267//4339 2251//4339
f 2256//4340 2268//4340 2244//4340
f 2268//4341 2252//4341 2244//4341
f 2260//4342 2267//4342 2253//4342
f 2264//4343 2265//4343 2246//4343
f 2259//4344 2269//4344 2254//4344
f 2269//4345 2261//4345 2254//4345
f 2270//4346 2255//4346 2248//4346
f 2263//4347 2270//4347 2248//4347
f 2269//4348 2264//4348 2261//4348
f 2271//4349 2263//4349 2249//4349
f 2262//4350 2271//4350 2249//4350
f 2257//4351 2272//4351 2250//4351
f 2272//4352 2266//4352 2250//4352
f 2273//4353 2257//4353 2258//4353
f 2267//4354 2273//4354 2258//4354
f 2268//4355 2274//4355 2252//4355
f 2274//4356 2259//4356 2252//4356
f 2275//4357 2267//4357 2260//4357
f 2255//4358 2275//4358 2260//4358
f 2274//4359 2269//4359 2259//4359
f 2270//4360 2275//4360 2255//4360
f 2273//4361 2272//4361 2257//4361
f 2266//4362 2276//4362 2256//4362
f 2276//4363 2268//4363 2256//4363
f 2275//4364 2273//4364 2267//4364
f 2269//4365 2277//4365 2264//4365
f 2277//4366 2265//4366 2264//4366
f 2265//4367 2278//4367 2262//4367
f 2278//4368 2271//4368 2262//4368
f 2277//4369 2278//4369 2265//4369
f 2274//4370 2277//4370 2269//4370
f 2279//4371 2270//4371 2263//4371
f 2271//4372 2279//4372 2263//4372
f 2276//4373 2280//4373 2268//4373
f 2280//4374 2274//4374 2268//4374
f 2281//4375 2273//4375 2275//4375
f 2270//4376 2281//4376 2275//4376
f 2272//4377 2282//4377 2266//4377
f 2282//4378 2276//4378 2266//4378
f 2281//4379 2272//4379 2273//4379
f 2280//4380 2277//4380 2274//4380
f 2279//4381 2281//4381 2270//4381
f 2281//4382 2282//4382 2272//4382
f 2280//4383 2278//4383 2277//4383
f 2278//4384 2283//4384 2271//4384
f 2283//4385 2279//4385 2271//4385
f 2280//4386 2283//4386 2278//4386
f 2282//4387 2283//4387 2276//4387
f 2283//4388 2280//4388 2276//4388
f 2283//4389 2282//4389 2281//4389
f 2279//4390 2283//4390 2281//4390
