# Blender v3.0.0 OBJ File: ''
# www.blender.org
mtllib Carriage1_lh.mtl
o /ambf/env/Carriage1_lh_Carriage1_lh
v 0.003471 0.005572 -0.006413
v 0.001820 0.004404 -0.008213
v 0.002507 0.006067 -0.006413
v 0.001820 0.004404 -0.006413
v 0.001028 0.004653 -0.006413
v 0.001474 0.006397 -0.006413
v 0.001027 0.004649 -0.008213
v 0.000204 0.004760 -0.006413
v 0.000402 0.006552 -0.006413
v 0.002554 0.004019 -0.008213
v 0.004340 0.004925 -0.006413
v 0.002556 0.004021 -0.006413
v -0.000625 0.004723 -0.006413
v -0.000682 0.006529 -0.006413
v 0.000205 0.004754 -0.008213
v 0.003211 0.003512 -0.008213
v 0.005091 0.004143 -0.006413
v 0.003215 0.003516 -0.006413
v 0.002649 0.005153 -0.016279
v 0.002311 0.005593 -0.016131
v 0.002311 0.005593 -0.011775
v 0.002647 0.005156 -0.011632
v 0.001784 0.005523 -0.011632
v 0.002397 0.004661 -0.011307
v 0.001588 0.005497 -0.016320
v 0.001592 0.004994 -0.016599
v 0.001592 0.004994 -0.011307
v 0.002397 0.004661 -0.016599
v 0.000742 0.005188 -0.016599
v 0.001140 0.005438 -0.011489
v 0.003183 0.004458 -0.011446
v 0.003030 0.004657 -0.016417
v -0.001435 0.004543 -0.006413
v -0.001747 0.006327 -0.006413
v -0.000623 0.004715 -0.008213
v 0.003769 0.002900 -0.008213
v 0.005703 0.003249 -0.006413
v 0.003777 0.002905 -0.006413
v 0.000232 0.005318 -0.016550
v 0.000742 0.005188 -0.011307
v 0.003589 0.003931 -0.011356
v 0.003136 0.004199 -0.016599
v -0.000393 0.005235 -0.016594
v 0.003973 0.003431 -0.011312
v 0.001028 0.004653 -0.011307
v 0.001820 0.004404 -0.011307
v 0.001820 0.004404 -0.016599
v 0.002556 0.004021 -0.016599
v -0.002202 0.004225 -0.006413
v -0.003132 0.005768 -0.006286
v -0.001431 0.004533 -0.008213
v 0.004213 0.002200 -0.008213
v 0.006160 0.002266 -0.006413
v 0.004223 0.002205 -0.006413
v -0.000082 0.005276 -0.011328
v 0.003789 0.003621 -0.016599
v 0.000204 0.004760 -0.011307
v 0.002556 0.004021 -0.011307
v 0.001028 0.004653 -0.016599
v 0.003215 0.003516 -0.016599
v -0.000625 0.004723 -0.011307
v 0.003777 0.002905 -0.016599
v 0.003215 0.003516 -0.011307
v 0.000204 0.004760 -0.016599
v -0.000625 0.004723 -0.016599
v -0.004757 0.000206 0.006413
v 0.002422 0.004091 0.005937
v 0.001820 0.004404 0.006413
v 0.000886 0.004682 0.005937
v 0.000241 0.004759 0.005937
v 0.003215 0.003516 0.006413
v -0.000982 0.005157 -0.011312
v -0.001607 0.005074 -0.011356
v -0.001435 0.004543 -0.011307
v 0.004335 0.002960 -0.016594
v 0.004527 0.002711 -0.011328
v 0.003777 0.002905 -0.011307
v -0.001293 0.005115 -0.016578
v 0.004720 0.002460 -0.016550
v 0.004223 0.002205 -0.016599
v -0.000625 0.004723 0.006413
v 0.003777 0.002905 0.006413
v -0.002902 0.003778 -0.006413
v -0.003706 0.005417 -0.006413
v -0.002195 0.004213 -0.008213
v 0.004529 0.001435 -0.008213
v 0.006462 0.001151 -0.006286
v 0.004542 0.001439 -0.006413
v 0.004906 0.002217 -0.011390
v -0.002202 0.004225 -0.011307
v -0.002058 0.004819 -0.011307
v 0.004860 0.001961 -0.016599
v 0.004542 0.001439 -0.016599
v -0.002066 0.004816 -0.016599
v 0.004223 0.002205 -0.011307
v -0.001435 0.004543 -0.016599
v -0.001435 0.004543 0.006413
v 0.004223 0.002205 0.006413
v -0.003122 0.004873 -0.011627
v 0.005278 0.001733 -0.011489
v 0.005553 0.001375 -0.016320
v -0.002515 0.004953 -0.016417
v -0.002824 0.004414 -0.011307
v 0.005116 0.001134 -0.016599
v -0.002902 0.003778 -0.011307
v 0.004722 0.000628 -0.016599
v 0.005119 0.001120 -0.011307
v 0.004542 0.001439 -0.011307
v -0.002835 0.004407 -0.016599
v -0.002202 0.004225 -0.016599
v -0.002266 0.004191 0.005937
v 0.004511 0.001508 0.005937
v 0.005674 0.001219 -0.011632
v -0.003159 0.004868 -0.016274
v -0.003513 0.003217 -0.006413
v -0.004708 0.004572 -0.006286
v -0.002893 0.003767 -0.008213
v 0.004681 0.000887 -0.008213
v 0.006554 -0.000333 -0.006286
v 0.004722 0.000628 -0.006413
v -0.003686 0.004798 -0.011775
v 0.005998 0.000797 -0.016131
v 0.005998 0.000797 -0.011775
v 0.005234 0.000256 -0.011307
v -0.003686 0.004798 -0.016131
v -0.003526 0.003876 -0.016599
v -0.002815 0.003843 0.005937
v 0.004722 0.000628 0.006413
v 0.004722 0.000628 -0.011307
v -0.002902 0.003778 -0.016599
v -0.003889 0.004306 -0.011632
v 0.005794 0.000305 -0.016274
v 0.005714 0.000112 -0.011582
v -0.003969 0.004112 -0.016324
v -0.003512 0.003888 -0.011307
v 0.005233 0.000275 -0.016599
v -0.004018 0.002558 -0.006413
v -0.005263 0.003920 -0.006413
v -0.003502 0.003206 -0.008213
v 0.004762 0.000105 -0.008213
v 0.006495 -0.000938 -0.006413
v 0.004759 -0.000201 -0.006413
v -0.004278 0.003364 -0.016479
v -0.004136 0.003709 -0.011490
v 0.005405 -0.000637 -0.011427
v 0.005548 -0.000292 -0.016417
v -0.003513 0.003217 0.006413
v 0.004759 -0.000201 0.006413
v -0.003513 0.003217 -0.011307
v 0.004759 -0.000201 -0.011307
v -0.004468 0.002906 -0.016547
v -0.003513 0.003217 -0.016599
v 0.004759 -0.000201 -0.016599
v -0.004370 0.003143 -0.011390
v 0.005314 -0.000858 -0.016516
v 0.005029 -0.001468 -0.011307
v -0.004018 0.002558 0.006413
v -0.001818 -0.004399 0.006413
v 0.004615 -0.001171 0.005937
v -0.005175 -0.000804 0.006413
v -0.004561 -0.001365 0.005937
v -0.004221 -0.002201 0.006413
v -0.003775 -0.002900 0.006413
v -0.003505 -0.003890 0.006413
v -0.002943 -0.004331 0.006413
v 0.004652 -0.001024 -0.006413
v -0.004004 0.002549 -0.008213
v -0.004018 0.002558 -0.011307
v 0.004714 -0.000680 -0.008213
v 0.004652 -0.001024 -0.011307
v -0.004710 0.002319 -0.016592
v -0.004018 0.002558 -0.016599
v 0.004652 -0.001024 -0.016599
v -0.005836 0.003000 -0.006413
v 0.004538 -0.001447 -0.008213
v 0.006252 -0.001994 -0.006413
v -0.004614 0.002552 -0.011327
v 0.005037 -0.001440 -0.016599
v -0.004401 0.001821 0.005937
v -0.004401 0.001821 -0.006413
v 0.004403 -0.001816 0.005937
v 0.004403 -0.001816 -0.006413
v -0.004401 0.001821 -0.008213
v -0.004401 0.001821 -0.011307
v 0.004843 -0.001998 -0.011307
v -0.004429 0.001751 -0.016599
v 0.004373 -0.001885 -0.016599
v -0.004972 0.001686 -0.011314
v -0.006250 0.001999 -0.006413
v 0.004237 -0.002174 -0.008213
v 0.005743 -0.003174 -0.006286
v -0.004650 0.001029 -0.006413
v -0.004613 0.001176 0.005937
v 0.004097 -0.002423 0.005937
v 0.004020 -0.002553 -0.006413
v -0.004634 0.001025 -0.008213
v -0.004650 0.001029 -0.011307
v -0.005214 0.001099 -0.011360
v 0.004020 -0.002553 -0.011307
v 0.004610 -0.002563 -0.011328
v 0.004712 -0.002315 -0.016592
v -0.005074 0.001438 -0.016578
v 0.004470 -0.002901 -0.016547
v 0.003984 -0.002609 -0.016599
v -0.004663 0.000964 -0.016599
v 0.003821 -0.002841 -0.008213
v -0.006535 0.000585 -0.006286
v 0.005265 -0.003915 -0.006413
v -0.004757 0.000206 -0.011307
v -0.005445 0.000541 -0.011442
v 0.004372 -0.003138 -0.011390
v -0.005201 0.000619 -0.016599
v 0.004239 -0.003460 -0.016464
v -0.005544 0.000300 -0.016417
v 0.004139 -0.003701 -0.011489
v -0.004757 0.000206 -0.006413
v 0.003515 -0.003212 0.006413
v -0.000239 -0.004754 0.005937
v 0.000627 -0.004719 0.006413
v 0.001437 -0.004538 0.006413
v -0.000884 -0.004677 0.005937
v 0.002133 -0.004247 0.005937
v 0.003099 -0.004223 0.006413
v 0.003515 -0.003212 -0.006413
v 0.004548 -0.004728 -0.006413
v 0.003515 -0.003212 -0.011307
v -0.004759 0.000148 -0.016599
v -0.005232 -0.000252 -0.016599
v 0.003476 -0.003255 -0.016599
v -0.004760 -0.000100 -0.008213
v 0.003301 -0.003431 -0.008213
v -0.004720 -0.000624 -0.011307
v -0.005232 -0.000252 -0.011307
v 0.003528 -0.003871 -0.011307
v 0.003528 -0.003871 -0.016599
v -0.005791 -0.000297 -0.016275
v 0.003898 -0.004284 -0.016275
v -0.005785 -0.000283 -0.011632
v -0.006559 -0.000139 -0.006413
v -0.004720 -0.000624 -0.006413
v 0.002904 -0.003773 -0.006413
v 0.003708 -0.005412 -0.006413
v 0.002904 -0.003773 -0.011307
v -0.004713 -0.000673 -0.016599
v -0.005117 -0.001116 -0.016599
v 0.002864 -0.003804 -0.016599
v 0.003893 -0.004298 -0.011631
v -0.004706 -0.000622 -0.008213
v 0.002691 -0.003928 -0.008213
v -0.005996 -0.000793 -0.011775
v -0.005657 -0.001233 -0.011627
v -0.005117 -0.001116 -0.011307
v 0.002837 -0.004402 -0.011307
v 0.003688 -0.004794 -0.016131
v 0.003137 -0.004867 -0.016279
v 0.002837 -0.004402 -0.016599
v -0.006447 -0.001217 -0.006413
v -0.005017 -0.001502 -0.006286
v 0.002494 -0.004605 -0.006286
v 0.002766 -0.005949 -0.006413
v -0.004540 -0.001434 -0.011307
v 0.002204 -0.004220 -0.011307
v 0.002068 -0.004811 -0.011307
v -0.004527 -0.001473 -0.016599
v -0.005123 -0.001927 -0.016460
v 0.002167 -0.004239 -0.016599
v 0.003688 -0.004794 -0.011775
v -0.005996 -0.000793 -0.016131
v -0.004469 -0.001641 -0.008213
v 0.002008 -0.004317 -0.008213
v -0.005276 -0.001729 -0.011489
v -0.004904 -0.002213 -0.011390
v 0.002965 -0.004889 -0.011586
v -0.005659 -0.001230 -0.016274
v 0.002517 -0.004949 -0.016417
v 0.001912 -0.005029 -0.016516
v -0.006288 -0.001871 -0.006286
v -0.004221 -0.002201 -0.006413
v 0.001437 -0.004538 -0.006413
v 0.001514 -0.006383 -0.006286
v -0.004221 -0.002201 -0.011307
v 0.001437 -0.004538 -0.011307
v 0.001250 -0.005117 -0.011331
v -0.004206 -0.002230 -0.016599
v -0.004497 -0.002743 -0.016575
v 0.001405 -0.004548 -0.016599
v -0.004211 -0.002196 -0.008213
v 0.001269 -0.004588 -0.008213
v -0.005701 -0.003245 -0.006413
v -0.003775 -0.002900 -0.006413
v 0.000627 -0.004719 -0.006413
v 0.000534 -0.006538 -0.006286
v -0.004152 -0.003191 -0.011307
v -0.004525 -0.002706 -0.011328
v 0.000689 -0.005191 -0.011307
v 0.001249 -0.005117 -0.016580
v -0.004152 -0.003191 -0.016599
v 0.000602 -0.004722 -0.016599
v -0.003767 -0.002895 -0.008213
v 0.000497 -0.004734 -0.008213
v -0.005089 -0.004139 -0.006413
v -0.003213 -0.003512 -0.006413
v -0.000202 -0.004756 -0.006413
v -0.000400 -0.006547 -0.006413
v -0.003213 -0.003512 -0.011307
v -0.000202 -0.004756 -0.011307
v 0.000084 -0.005271 -0.011328
v -0.003201 -0.003523 -0.016599
v -0.003808 -0.003638 -0.016580
v 0.000395 -0.005230 -0.016594
v -0.000219 -0.004755 -0.016599
v -0.003148 -0.003570 -0.008213
v -0.000290 -0.004751 -0.008213
v -0.004478 -0.004793 -0.006286
v -0.002554 -0.004017 -0.006413
v -0.001026 -0.004648 -0.006413
v -0.001920 -0.006272 -0.006286
v -0.002554 -0.004017 -0.011307
v -0.003808 -0.003639 -0.011331
v -0.001026 -0.004648 -0.011307
v -0.000533 -0.005353 -0.011390
v -0.002547 -0.004021 -0.016599
v -0.003254 -0.004359 -0.016477
v -0.000230 -0.005313 -0.016550
v -0.001034 -0.004646 -0.016599
v -0.002552 -0.004014 -0.008213
v -0.001068 -0.004639 -0.008213
v -0.003469 -0.005567 -0.006413
v -0.001818 -0.004399 -0.006413
v -0.002505 -0.006062 -0.006413
v -0.001818 -0.004399 -0.011307
v -0.003181 -0.004454 -0.011446
v -0.001590 -0.004989 -0.011307
v -0.001818 -0.004399 -0.016599
v -0.002395 -0.004656 -0.016599
v -0.000890 -0.005400 -0.016460
v -0.001818 -0.004399 -0.008213
v -0.002395 -0.004656 -0.011307
v -0.001590 -0.004989 -0.016599
v -0.001139 -0.005433 -0.011489
v -0.002645 -0.005151 -0.011632
v -0.002309 -0.005589 -0.011775
v -0.001782 -0.005519 -0.011632
v -0.002633 -0.005167 -0.016274
v -0.001762 -0.005516 -0.016274
v -0.002309 -0.005589 -0.016131
v 0.002996 0.008605 0.000701
v 0.003638 0.008354 0.000701
v 0.003488 0.008442 0.000064
v 0.003003 0.008626 0.000064
v 0.002996 0.008605 -0.000574
v 0.003638 0.008354 -0.000574
v 0.004259 0.008055 0.000701
v 0.004270 0.008074 0.000064
v 0.002342 0.008828 0.000064
v 0.002337 0.008807 -0.000574
v 0.004228 0.007996 0.001336
v 0.003611 0.008292 0.001336
v 0.004259 0.008055 -0.000574
v 0.003611 0.008292 -0.001209
v 0.002974 0.008542 -0.001209
v 0.002974 0.008542 0.001336
v 0.002337 0.008807 0.000701
v 0.002320 0.008742 -0.001209
v 0.004856 0.007710 0.000701
v 0.004868 0.007729 0.000064
v 0.004820 0.007653 0.001336
v 0.004856 0.007710 -0.000574
v 0.004228 0.007996 -0.001209
v 0.001668 0.008980 0.000064
v 0.001664 0.008958 -0.000574
v 0.004176 0.007898 0.001965
v 0.003567 0.008191 0.001965
v 0.003567 0.008191 -0.001838
v 0.002937 0.008437 -0.001838
v 0.002320 0.008742 0.001336
v 0.001664 0.008958 0.000701
v 0.001652 0.008892 -0.001209
v 0.002937 0.008437 0.001965
v 0.002291 0.008635 -0.001838
v 0.004761 0.007559 0.001965
v 0.004820 0.007653 -0.001209
v 0.004176 0.007898 -0.001838
v 0.005425 0.007320 0.000701
v 0.005438 0.007338 0.000064
v 0.005385 0.007267 0.001336
v 0.005425 0.007320 -0.000574
v 0.002291 0.008635 0.001965
v 0.001652 0.008892 0.001336
v 0.001632 0.008783 -0.001838
v 0.000984 0.009080 0.000064
v 0.000982 0.009058 -0.000574
v 0.004104 0.007761 0.002584
v 0.003505 0.008049 0.002584
v 0.003505 0.008049 -0.002457
v 0.002887 0.008291 -0.002457
v 0.002887 0.008291 0.002584
v 0.002251 0.008485 -0.002457
v 0.000982 0.009058 0.000701
v 0.000975 0.008992 -0.001209
v 0.005319 0.007178 0.001965
v 0.005385 0.007267 -0.001209
v 0.004761 0.007559 -0.001838
v 0.004679 0.007428 0.002584
v 0.004104 0.007761 -0.002457
v 0.005963 0.006889 0.000701
v 0.005977 0.006906 0.000064
v 0.002251 0.008485 0.002584
v 0.001632 0.008783 0.001965
v 0.001603 0.008631 -0.002457
v 0.000975 0.008992 0.001336
v 0.000963 0.008882 -0.001838
v 0.005919 0.006839 0.001336
v 0.005963 0.006889 -0.000574
v 0.005227 0.007053 0.002584
v 0.005319 0.007178 -0.001838
v 0.004679 0.007428 -0.002457
v 0.004011 0.007586 0.003191
v 0.003426 0.007868 0.003191
v 0.003426 0.007868 -0.003064
v 0.002822 0.008104 -0.003064
v 0.005846 0.006755 0.001965
v 0.005919 0.006839 -0.001209
v 0.000295 0.009129 0.000064
v 0.000294 0.009107 -0.000574
v 0.002822 0.008104 0.003191
v 0.002201 0.008295 -0.003064
v 0.000294 0.009107 0.000701
v 0.000292 0.009040 -0.001209
v 0.001603 0.008631 0.002584
v 0.000963 0.008882 0.001965
v 0.000946 0.008728 -0.002457
v 0.004574 0.007261 0.003191
v 0.004011 0.007586 -0.003064
v 0.002201 0.008295 0.003191
v 0.001567 0.008437 -0.003064
v 0.000292 0.009040 0.001336
v 0.000289 0.008929 -0.001838
v 0.006467 0.006419 0.000701
v 0.006482 0.006434 0.000064
v 0.005745 0.006638 0.002584
v 0.005846 0.006755 -0.001838
v 0.005227 0.007053 -0.002457
v 0.005109 0.006895 0.003191
v 0.004574 0.007261 -0.003064
v 0.006419 0.006372 0.001336
v 0.006467 0.006419 -0.000574
v 0.001567 0.008437 0.003191
v 0.000946 0.008728 0.002584
v 0.000925 0.008532 -0.003064
v 0.006340 0.006293 0.001965
v 0.006419 0.006372 -0.001209
v 0.003900 0.007375 0.003782
v 0.003331 0.007648 0.003782
v 0.003331 0.007648 -0.003655
v 0.002743 0.007878 -0.003655
v 0.000289 0.008929 0.001965
v 0.000284 0.008774 -0.002457
v 0.002743 0.007878 0.003782
v 0.002139 0.008063 -0.003655
v -0.000396 0.009125 0.000064
v -0.000395 0.009103 -0.000574
v 0.004446 0.007059 0.003782
v 0.003900 0.007375 -0.003655
v -0.000395 0.009103 0.000701
v -0.000392 0.009036 -0.001209
v 0.005616 0.006489 0.003191
v 0.005745 0.006638 -0.002457
v 0.005109 0.006895 -0.003064
v 0.002139 0.008063 0.003782
v 0.001524 0.008202 -0.003655
v 0.006231 0.006184 0.002584
v 0.006340 0.006293 -0.001838
v -0.000392 0.009036 0.001336
v -0.000387 0.008925 -0.001838
v 0.004967 0.006702 0.003782
v 0.004446 0.007059 -0.003655
v 0.000925 0.008532 0.003191
v 0.000284 0.008774 0.002584
v 0.000277 0.008577 -0.003064
v 0.006933 0.005911 0.000701
v 0.006950 0.005926 0.000064
v 0.006883 0.005868 0.001336
v 0.006933 0.005911 -0.000574
v 0.001524 0.008202 0.003782
v 0.000899 0.008294 -0.003655
v -0.000387 0.008925 0.001965
v -0.000381 0.008771 -0.002457
v 0.003769 0.007127 0.004356
v 0.003219 0.007392 0.004356
v 0.003219 0.007392 -0.004229
v 0.002651 0.007614 -0.004229
v 0.006798 0.005796 0.001965
v 0.006883 0.005868 -0.001209
v 0.002651 0.007614 0.004356
v 0.002068 0.007792 -0.004229
v 0.006091 0.006045 0.003191
v 0.006231 0.006184 -0.002457
v 0.005616 0.006489 -0.003064
v 0.005459 0.006308 0.003782
v 0.004967 0.006702 -0.003655
v 0.004297 0.006822 0.004356
v 0.003769 0.007127 -0.004229
v -0.001085 0.009069 0.000064
v -0.001082 0.009047 -0.000574
v 0.002068 0.007792 0.004356
v 0.001473 0.007926 -0.004229
v -0.001082 0.009047 0.000701
v -0.001074 0.008980 -0.001209
v 0.000899 0.008294 0.003782
v 0.000277 0.008577 0.003191
v 0.000270 0.008338 -0.003655
v 0.006680 0.005696 0.002584
v 0.006798 0.005796 -0.001838
v 0.004800 0.006477 0.004356
v 0.004297 0.006822 -0.004229
v -0.000381 0.008771 0.002584
v -0.000372 0.008573 -0.003064
v -0.001074 0.008980 0.001336
v -0.001061 0.008870 -0.001838
v 0.001473 0.007926 0.004356
v 0.000869 0.008015 -0.004229
v 0.005921 0.005877 0.003782
v 0.006091 0.006045 -0.003064
v 0.005459 0.006308 -0.003655
v 0.007360 0.005370 0.000701
v 0.007378 0.005383 0.000064
v 0.007306 0.005331 0.001336
v 0.007360 0.005370 -0.000574
v -0.001061 0.008870 0.001965
v -0.001043 0.008717 -0.002457
v 0.006530 0.005568 0.003191
v 0.006680 0.005696 -0.002457
v 0.005276 0.006096 0.004356
v 0.004800 0.006477 -0.004229
v 0.003619 0.006845 0.004908
v 0.003091 0.007099 0.004908
v 0.003091 0.007099 -0.004781
v 0.002546 0.007312 -0.004781
v 0.007217 0.005265 0.001965
v 0.007306 0.005331 -0.001209
v 0.002546 0.007312 0.004908
v 0.001986 0.007484 -0.004781
v 0.000270 0.008338 0.003782
v -0.000372 0.008573 0.003191
v -0.000362 0.008334 -0.003655
v 0.004126 0.006551 0.004908
v 0.003619 0.006845 -0.004781
v 0.000869 0.008015 0.004356
v 0.000261 0.008058 -0.004229
v 0.001986 0.007484 0.004908
v 0.001414 0.007612 -0.004781
v -0.001767 0.008961 0.000064
v -0.001763 0.008939 -0.000574
v -0.001043 0.008717 0.002584
v -0.001019 0.008521 -0.003064
v 0.007092 0.005174 0.002584
v 0.007217 0.005265 -0.001838
v -0.001763 0.008939 0.000701
v -0.001750 0.008873 -0.001209
v 0.004610 0.006221 0.004908
v 0.004126 0.006551 -0.004781
v 0.005722 0.005679 0.004356
v 0.005921 0.005877 -0.003655
v 0.005276 0.006096 -0.004229
v 0.006348 0.005412 0.003782
v 0.006530 0.005568 -0.003064
v -0.001750 0.008873 0.001336
v -0.001729 0.008764 -0.001838
v 0.001414 0.007612 0.004908
v 0.000835 0.007697 -0.004781
v 0.005067 0.005854 0.004908
v 0.004610 0.006221 -0.004781
v 0.006932 0.005058 0.003191
v 0.007092 0.005174 -0.002457
v 0.000261 0.008058 0.004356
v -0.000362 0.008334 0.003782
v -0.000349 0.008054 -0.004229
v -0.001729 0.008764 0.001965
v -0.001699 0.008613 -0.002457
v 0.007745 0.004798 0.000701
v 0.007764 0.004810 0.000064
v -0.001019 0.008521 0.003191
v -0.000991 0.008283 -0.003655
v 0.007688 0.004763 0.001336
v 0.007745 0.004798 -0.000574
v 0.003452 0.006529 0.005437
v 0.002949 0.006771 0.005437
v 0.002949 0.006771 -0.005310
v 0.002428 0.006975 -0.005310
v 0.000835 0.007697 0.004908
v 0.000250 0.007738 -0.004781
v 0.002428 0.006975 0.005437
v 0.001894 0.007138 -0.005310
v 0.007594 0.004704 0.001965
v 0.007688 0.004763 -0.001209
v 0.003936 0.006249 0.005437
v 0.003452 0.006529 -0.005310
v 0.006135 0.005231 0.004356
v 0.006348 0.005412 -0.003655
v 0.005722 0.005679 -0.004229
v 0.001894 0.007138 0.005437
v 0.001349 0.007261 -0.005310
v -0.001699 0.008613 0.002584
v -0.001660 0.008419 -0.003064
v 0.005495 0.005454 0.004908
v 0.005067 0.005854 -0.004781
v 0.006739 0.004917 0.003782
v 0.006932 0.005058 -0.003064
v 0.004397 0.005934 0.005437
v 0.003936 0.006249 -0.005310
v 0.007463 0.004623 0.002584
v 0.007594 0.004704 -0.001838
v -0.002440 0.008801 0.000064
v -0.002434 0.008780 -0.000574
v -0.002434 0.008780 0.000701
v -0.002416 0.008715 -0.001209
v 0.001349 0.007261 0.005437
v 0.000796 0.007342 -0.005310
v -0.000349 0.008054 0.004356
v -0.000991 0.008283 0.003782
v -0.000957 0.008005 -0.004229
v 0.000250 0.007738 0.004908
v -0.000335 0.007735 -0.004781
v -0.002416 0.008715 0.001336
v -0.002386 0.008609 -0.001838
v 0.004833 0.005584 0.005437
v 0.004397 0.005934 -0.005310
v 0.007295 0.004519 0.003191
v 0.007463 0.004623 -0.002457
v -0.001660 0.008419 0.003191
v -0.001614 0.008184 -0.003655
v -0.002386 0.008609 0.001965
v -0.002345 0.008460 -0.002457
v 0.005892 0.005023 0.004908
v 0.006135 0.005231 -0.004229
v 0.005495 0.005454 -0.004781
v 0.000796 0.007342 0.005437
v 0.000239 0.007381 -0.005310
v 0.006513 0.004752 0.004356
v 0.006739 0.004917 -0.003655
v 0.008086 0.004199 0.000701
v 0.008106 0.004209 0.000064
v 0.008026 0.004168 0.001336
v 0.008086 0.004199 -0.000574
v 0.003268 0.006181 0.005940
v 0.002792 0.006410 0.005940
v 0.002792 0.006410 -0.005813
v 0.002299 0.006603 -0.005813
v 0.002299 0.006603 0.005940
v 0.001793 0.006758 -0.005813
v 0.003726 0.005916 0.005940
v 0.003268 0.006181 -0.005813
v 0.005241 0.005203 0.005437
v 0.004833 0.005584 -0.005310
v 0.007928 0.004117 0.001965
v 0.008026 0.004168 -0.001209
v 0.007091 0.004393 0.003782
v 0.007295 0.004519 -0.003064
v 0.001793 0.006758 0.005940
v 0.001277 0.006874 -0.005813
v -0.002345 0.008460 0.002584
v -0.002292 0.008269 -0.003064
v -0.000335 0.007735 0.004908
v -0.000957 0.008005 0.004356
v -0.000919 0.007687 -0.004781
v 0.004163 0.005618 0.005940
v 0.003726 0.005916 -0.005813
v -0.001614 0.008184 0.003782
v -0.001560 0.007909 -0.004229
v 0.007791 0.004046 0.002584
v 0.007928 0.004117 -0.001838
v 0.000239 0.007381 0.005437
v -0.000320 0.007378 -0.005310
v 0.001277 0.006874 0.005940
v 0.000754 0.006951 -0.005813
v -0.003098 0.008592 0.000064
v -0.003091 0.008571 -0.000574
v -0.003091 0.008571 0.000701
v -0.003068 0.008508 -0.001209
v 0.006254 0.004563 0.004908
v 0.006513 0.004752 -0.004229
v 0.005892 0.005023 -0.004781
v 0.004576 0.005287 0.005940
v 0.004163 0.005618 -0.005813
v -0.002292 0.008269 0.003191
v -0.002228 0.008039 -0.003655
v 0.005620 0.004791 0.005437
v 0.005241 0.005203 -0.005310
v -0.003068 0.008508 0.001336
v -0.003030 0.008403 -0.001838
v 0.007615 0.003955 0.003191
v 0.007791 0.004046 -0.002457
v 0.006853 0.004246 0.004356
v 0.007091 0.004393 -0.003655
v 0.000754 0.006951 0.005940
v 0.000226 0.006988 -0.005813
v -0.003030 0.008403 0.001965
v -0.002978 0.008258 -0.002457
v -0.000919 0.007687 0.004908
v -0.001560 0.007909 0.004356
v -0.001498 0.007596 -0.004781
v -0.000320 0.007378 0.005437
v -0.000877 0.007333 -0.005310
v 0.004962 0.004926 0.005940
v 0.004576 0.005287 -0.005813
v 0.002621 0.006018 0.006413
v 0.008380 0.003575 0.000701
v 0.008401 0.003584 0.000064
v 0.008319 0.003549 0.001336
v 0.008380 0.003575 -0.000574
v 0.007403 0.003844 0.003782
v 0.007615 0.003955 -0.003064
v 0.003498 0.005554 0.006413
v -0.002228 0.008039 0.003782
v -0.002153 0.007769 -0.004229
v 0.001684 0.006345 0.006413
v -0.002978 0.008258 0.002584
v -0.002911 0.008072 -0.003064
v 0.008216 0.003505 0.001965
v 0.008319 0.003549 -0.001209
v 0.000226 0.006988 0.005940
v -0.000303 0.006985 -0.005813
v 0.005966 0.004353 0.005437
v 0.006254 0.004563 -0.004781
v 0.005620 0.004791 -0.005310
v 0.004296 0.004963 0.006413
v 0.003908 0.005274 -0.006286
v 0.006581 0.004077 0.004908
v 0.006853 0.004246 -0.004229
v 0.000708 0.006526 0.006413
v 0.008074 0.003445 0.002584
v 0.008216 0.003505 -0.001838
v 0.005320 0.004536 0.005940
v 0.004962 0.004926 -0.005813
v 0.007154 0.003715 0.004356
v 0.007403 0.003844 -0.003655
v -0.002911 0.008072 0.003191
v -0.002830 0.007847 -0.003655
v -0.003739 0.008333 0.000064
v -0.003730 0.008312 -0.000574
v -0.000877 0.007333 0.005437
v -0.001498 0.007596 0.004908
v -0.001429 0.007245 -0.005310
v -0.003730 0.008312 0.000701
v -0.003702 0.008251 -0.001209
v -0.002153 0.007769 0.004356
v -0.002068 0.007461 -0.004781
v 0.007893 0.003367 0.003191
v 0.008074 0.003445 -0.002457
v -0.000303 0.006985 0.005940
v -0.000830 0.006942 -0.005813
v -0.003702 0.008251 0.001336
v -0.003657 0.008150 -0.001838
v 0.004995 0.004259 0.006413
v -0.003657 0.008150 0.001965
v -0.003594 0.008009 -0.002457
v 0.006278 0.003889 0.005437
v 0.006581 0.004077 -0.004781
v 0.005966 0.004353 -0.005310
v -0.002830 0.007847 0.003782
v -0.002735 0.007583 -0.004229
v 0.005648 0.004121 0.005940
v 0.005320 0.004536 -0.005813
v 0.001666 0.004969 0.006413
v 0.002327 0.004696 0.006413
v 0.002327 0.004696 -0.006286
v 0.007672 0.003273 0.003782
v 0.007893 0.003367 -0.003064
v 0.001666 0.004969 -0.006286
v 0.006871 0.003568 0.004908
v 0.007154 0.003715 -0.004229
v 0.002945 0.004336 -0.006286
v 0.008626 0.002931 0.000701
v 0.008647 0.002938 0.000064
v 0.000974 0.005150 0.006413
v 0.000974 0.005150 -0.006286
v 0.008563 0.002910 0.001336
v 0.008626 0.002931 -0.000574
v -0.003594 0.008009 0.002584
v -0.003513 0.007829 -0.003064
v 0.002945 0.004336 0.006413
v 0.008458 0.002874 0.001965
v 0.008563 0.002910 -0.001209
v -0.001429 0.007245 0.005437
v -0.002068 0.007461 0.004908
v -0.001972 0.007116 -0.005310
v -0.000830 0.006942 0.005940
v -0.001353 0.006859 -0.005813
v 0.007415 0.003164 0.004356
v 0.007672 0.003273 -0.003655
v 0.008311 0.002824 0.002584
v 0.008458 0.002874 -0.001838
v -0.002735 0.007583 0.004356
v -0.002626 0.007283 -0.004781
v -0.003513 0.007829 0.003191
v -0.003415 0.007610 -0.003655
v -0.000779 0.006518 0.006413
v -0.001270 0.006440 -0.006286
v 0.000264 0.005234 0.006413
v 0.005943 0.003682 0.005940
v 0.006278 0.003889 -0.005310
v 0.005648 0.004121 -0.005813
v 0.006554 0.003403 0.005437
v 0.006871 0.003568 -0.004781
v -0.004358 0.008026 0.000064
v -0.004348 0.008006 -0.000574
v 0.008124 0.002761 0.003191
v 0.008311 0.002824 -0.002457
v -0.004348 0.008006 0.000701
v -0.004316 0.007948 -0.001209
v -0.004316 0.007948 0.001336
v -0.004263 0.007850 -0.001838
v -0.003415 0.007610 0.003782
v -0.003300 0.007355 -0.004229
v 0.007121 0.003038 0.004908
v 0.007415 0.003164 -0.004229
v -0.001353 0.006859 0.005940
v -0.001972 0.007116 0.005437
v -0.001867 0.006737 -0.005813
v -0.004263 0.007850 0.001965
v -0.004189 0.007714 -0.002457
v 0.007898 0.002684 0.003782
v 0.008124 0.002761 -0.003064
v -0.002626 0.007283 0.004908
v -0.002505 0.006947 -0.005310
v 0.004005 0.003381 0.006413
v 0.004005 0.003381 -0.006286
v -0.004189 0.007714 0.002584
v -0.004095 0.007541 -0.003064
v 0.008823 0.002271 0.000701
v 0.008845 0.002276 0.000064
v 0.008758 0.002254 0.001336
v 0.008823 0.002271 -0.000574
v 0.006205 0.003222 0.005940
v 0.006554 0.003403 -0.005310
v 0.005943 0.003682 -0.005813
v 0.005825 0.003025 0.006413
v -0.003300 0.007355 0.004356
v -0.003169 0.007063 -0.004781
v 0.008651 0.002226 0.001965
v 0.008758 0.002254 -0.001209
v 0.007633 0.002594 0.004356
v 0.007898 0.002684 -0.003655
v -0.000450 0.005222 0.006413
v -0.000450 0.005222 -0.006286
v 0.006792 0.002898 0.005437
v 0.007121 0.003038 -0.004781
v -0.004095 0.007541 0.003191
v -0.003980 0.007330 -0.003655
v 0.008501 0.002188 0.002584
v 0.008651 0.002226 -0.001838
v -0.001867 0.006737 0.005940
v -0.002505 0.006947 0.005437
v -0.002371 0.006577 -0.005813
v -0.001753 0.006325 0.006413
v -0.002226 0.006175 -0.006286
v 0.008310 0.002139 0.003191
v 0.008501 0.002188 -0.002457
v 0.007330 0.002491 0.004908
v 0.007633 0.002594 -0.004229
v -0.004953 0.007673 0.000064
v -0.004941 0.007654 -0.000574
v -0.004941 0.007654 0.000701
v -0.004904 0.007598 -0.001209
v -0.003980 0.007330 0.003782
v -0.003847 0.007084 -0.004229
v -0.003169 0.007063 0.004908
v -0.003023 0.006737 -0.005310
v -0.001157 0.005111 0.006413
v -0.004904 0.007598 0.001336
v -0.004844 0.007505 -0.001838
v 0.006205 0.003222 -0.005813
v 0.008078 0.002079 0.003782
v 0.008310 0.002139 -0.003064
v 0.006430 0.002744 0.005940
v 0.006792 0.002898 -0.005310
v -0.004844 0.007505 0.001965
v -0.004760 0.007375 -0.002457
v 0.004427 0.002804 0.006413
v 0.004427 0.002804 -0.006286
v -0.003847 0.007084 0.004356
v -0.003694 0.006803 -0.004781
v -0.004760 0.007375 0.002584
v -0.004653 0.007209 -0.003064
v 0.006992 0.002376 0.005437
v 0.007330 0.002491 -0.004781
v -0.002371 0.006577 0.005940
v 0.007807 0.002009 0.004356
v 0.008078 0.002079 -0.003655
v 0.008969 0.001597 0.000701
v 0.008991 0.001601 0.000064
v 0.008904 0.001585 0.001336
v 0.008969 0.001597 -0.000574
v -0.001157 0.005111 -0.006286
v -0.003023 0.006737 0.005437
v -0.002862 0.006379 -0.005813
v 0.008794 0.001566 0.001965
v 0.008904 0.001585 -0.001209
v -0.004653 0.007209 0.003191
v -0.004523 0.007008 -0.003655
v 0.008642 0.001539 0.002584
v 0.008794 0.001566 -0.001838
v 0.006430 0.002744 -0.005813
v -0.003694 0.006803 0.004908
v -0.003524 0.006489 -0.005310
v 0.007497 0.001930 0.004908
v 0.007807 0.002009 -0.004229
v 0.006619 0.002250 0.005940
v 0.006992 0.002376 -0.005310
v 0.008448 0.001504 0.003191
v 0.008642 0.001539 -0.002457
v -0.004523 0.007008 0.003782
v -0.004371 0.006773 -0.004229
v 0.001515 0.004518 0.005937
v 0.001515 0.004518 -0.005810
v 0.002116 0.004270 -0.005810
v -0.005519 0.007277 0.000064
v -0.005505 0.007259 -0.000574
v -0.005505 0.007259 0.000701
v -0.005465 0.007206 -0.001209
v -0.002687 0.005989 0.006413
v -0.001842 0.004906 0.006413
v -0.001842 0.004906 -0.006286
v -0.002862 0.006379 0.005940
v -0.005465 0.007206 0.001336
v -0.005398 0.007117 -0.001838
v 0.008212 0.001462 0.003782
v 0.008448 0.001504 -0.003064
v 0.002979 0.003705 0.005937
v 0.000505 0.004727 -0.005810
v 0.002979 0.003705 -0.005810
v 0.007151 0.001841 0.005437
v 0.007497 0.001930 -0.004781
v -0.005398 0.007117 0.001965
v -0.005304 0.006994 -0.002457
v -0.004371 0.006773 0.004356
v -0.004198 0.006504 -0.004781
v -0.003524 0.006489 0.005437
v -0.003336 0.006144 -0.005813
v 0.004768 0.002175 0.006413
v 0.004768 0.002175 -0.006286
v 0.007936 0.001413 0.004356
v 0.008212 0.001462 -0.003655
v -0.005304 0.006994 0.002584
v -0.005185 0.006837 -0.003064
v 0.006356 0.001636 0.006413
v 0.006619 0.002250 -0.005813
v -0.000409 0.004747 0.005937
v 0.003641 0.003074 0.005937
v -0.000409 0.004747 -0.005810
v 0.003641 0.003074 -0.005810
v 0.009064 0.000914 0.000701
v 0.009086 0.000916 0.000064
v 0.008998 0.000907 0.001336
v 0.009064 0.000914 -0.000574
v -0.005185 0.006837 0.003191
v -0.005040 0.006646 -0.003655
v -0.004198 0.006504 0.004908
v -0.004004 0.006204 -0.005310
v 0.006770 0.001743 0.005940
v 0.007151 0.001841 -0.005310
v 0.008887 0.000896 0.001965
v 0.008998 0.000907 -0.001209
v 0.007622 0.001357 0.004908
v 0.007936 0.001413 -0.004229
v 0.008734 0.000881 0.002584
v 0.008887 0.000896 -0.001838
v -0.003336 0.006144 0.005940
v -0.005040 0.006646 0.003782
v -0.004871 0.006423 -0.004229
v 0.008537 0.000861 0.003191
v 0.008734 0.000881 -0.002457
v -0.001052 0.004647 0.005937
v -0.001052 0.004647 -0.005810
v -0.004004 0.006204 0.005437
v -0.003791 0.005874 -0.005813
v 0.007270 0.001295 0.005437
v 0.007622 0.001357 -0.004781
v -0.006053 0.006838 0.000064
v -0.006038 0.006822 -0.000574
v 0.008299 0.000837 0.003782
v 0.008537 0.000861 -0.003064
v 0.006770 0.001743 -0.005813
v -0.006038 0.006822 0.000701
v -0.005994 0.006772 -0.001209
v -0.004871 0.006423 0.004356
v -0.004678 0.006168 -0.004781
v -0.005994 0.006772 0.001336
v -0.005920 0.006689 -0.001838
v -0.005920 0.006689 0.001965
v -0.005818 0.006573 -0.002457
v -0.003559 0.005515 0.006413
v -0.002492 0.004610 0.006413
v 0.008020 0.000809 0.004356
v 0.008299 0.000837 -0.003655
v -0.005818 0.006573 0.002584
v -0.005687 0.006425 -0.003064
v 0.006882 0.001226 0.005940
v 0.007270 0.001295 -0.005310
v -0.004678 0.006168 0.004908
v -0.004462 0.005884 -0.005310
v -0.003791 0.005874 0.005940
v -0.005687 0.006425 0.003191
v -0.005528 0.006246 -0.003655
v 0.007702 0.000777 0.004908
v 0.008020 0.000809 -0.004229
v 0.005019 0.001506 0.006413
v 0.009107 0.000226 0.000701
v 0.009130 0.000227 0.000064
v 0.009040 0.000224 0.001336
v 0.009107 0.000226 -0.000574
v 0.004025 0.002550 0.005937
v 0.004334 0.001978 0.005937
v -0.001674 0.004460 -0.005810
v 0.004025 0.002550 -0.005810
v 0.008929 0.000222 0.001965
v 0.009040 0.000224 -0.001209
v 0.008775 0.000218 0.002584
v 0.008929 0.000222 -0.001838
v -0.005528 0.006246 0.003782
v -0.005342 0.006036 -0.004229
v -0.004462 0.005884 0.005437
v -0.004224 0.005570 -0.005813
v 0.006882 0.001226 -0.005813
v 0.007347 0.000741 0.005437
v 0.007702 0.000777 -0.004781
v 0.008578 0.000213 0.003191
v 0.008775 0.000218 -0.002457
v -0.005342 0.006036 0.004356
v -0.005131 0.005797 -0.004781
v 0.008338 0.000207 0.003782
v 0.008578 0.000213 -0.003064
v -0.006553 0.006361 0.000064
v -0.006537 0.006345 -0.000574
v -0.006537 0.006345 0.000701
v -0.006489 0.006299 -0.001209
v -0.004224 0.005570 0.005940
v 0.006955 0.000702 0.005940
v 0.007347 0.000741 -0.005310
v -0.006489 0.006299 0.001336
v -0.006409 0.006222 -0.001838
v 0.008058 0.000200 0.004356
v 0.008338 0.000207 -0.003655
v 0.005177 0.000809 -0.006286
v -0.006409 0.006222 0.001965
v -0.006298 0.006114 -0.002457
v -0.005131 0.005797 0.004908
v -0.004894 0.005529 -0.005310
v -0.006298 0.006114 0.002584
v -0.006156 0.005976 -0.003064
v -0.001674 0.004460 0.005937
v -0.002266 0.004191 -0.005810
v 0.004563 0.001369 -0.005810
v 0.004334 0.001978 -0.005810
v 0.007739 0.000192 0.004908
v 0.008058 0.000200 -0.004229
v -0.006156 0.005976 0.003191
v -0.005984 0.005810 -0.003655
v 0.006561 0.000163 0.006413
v 0.006955 0.000702 -0.005813
v -0.003097 0.004227 0.006413
v -0.003097 0.004227 -0.006286
v -0.004894 0.005529 0.005437
v -0.004633 0.005235 -0.005813
v 0.009098 -0.000463 0.000701
v 0.009120 -0.000464 0.000064
v 0.009031 -0.000460 0.001336
v 0.009098 -0.000463 -0.000574
v -0.005984 0.005810 0.003782
v -0.005783 0.005615 -0.004229
v 0.008921 -0.000454 0.001965
v 0.009031 -0.000460 -0.001209
v 0.007382 0.000184 0.005437
v 0.007739 0.000192 -0.004781
v 0.008766 -0.000446 0.002584
v 0.008921 -0.000454 -0.001838
v 0.008569 -0.000436 0.003191
v 0.008766 -0.000446 -0.002457
v -0.005783 0.005615 0.004356
v -0.005554 0.005392 -0.004781
v -0.004633 0.005235 0.005940
v 0.006988 0.000174 0.005940
v 0.007382 0.000184 -0.005310
v 0.008330 -0.000424 0.003782
v 0.008569 -0.000436 -0.003064
v -0.005554 0.005392 0.004908
v -0.005298 0.005143 -0.005310
v -0.007015 0.005847 0.000064
v -0.006998 0.005833 -0.000574
v 0.008050 -0.000410 0.004356
v 0.008330 -0.000424 -0.003655
v -0.006998 0.005833 0.000701
v -0.006946 0.005790 -0.001209
v -0.006946 0.005790 0.001336
v -0.006861 0.005719 -0.001838
v -0.004349 0.004915 0.006413
v 0.004681 0.000851 0.005937
v -0.002815 0.003843 -0.005810
v 0.004707 0.000735 -0.005810
v 0.006988 0.000174 -0.005813
v -0.006861 0.005719 0.001965
v -0.006742 0.005620 -0.002457
v 0.007731 -0.000393 0.004908
v 0.008050 -0.000410 -0.004229
v -0.006742 0.005620 0.002584
v -0.006590 0.005494 -0.003064
v -0.005298 0.005143 0.005437
v -0.005015 0.004869 -0.005813
v -0.006590 0.005494 0.003191
v -0.006407 0.005340 -0.003655
v 0.007374 -0.000375 0.005437
v 0.007731 -0.000393 -0.004781
v 0.005239 0.000096 0.006413
v 0.005239 0.000096 -0.006286
v -0.006407 0.005340 0.003782
v -0.006191 0.005161 -0.004229
v -0.005015 0.004869 0.005940
v 0.009037 -0.001150 0.000701
v 0.009059 -0.001153 0.000064
v 0.008971 -0.001142 0.001336
v 0.009037 -0.001150 -0.000574
v 0.008860 -0.001128 0.001965
v 0.008971 -0.001142 -0.001209
v 0.006981 -0.000355 0.005940
v 0.007374 -0.000375 -0.005310
v 0.008707 -0.001108 0.002584
v 0.008860 -0.001128 -0.001838
v -0.006191 0.005161 0.004356
v -0.005946 0.004957 -0.004781
v 0.008511 -0.001083 0.003191
v 0.008707 -0.001108 -0.002457
v -0.005041 0.004202 0.006413
v -0.003643 0.003766 0.006413
v -0.003643 0.003766 -0.006286
v 0.008274 -0.001053 0.003782
v 0.008511 -0.001083 -0.003064
v -0.005946 0.004957 0.004908
v -0.005671 0.004728 -0.005310
v 0.006981 -0.000355 -0.005813
v 0.007996 -0.001017 0.004356
v 0.008274 -0.001053 -0.003655
v -0.005671 0.004728 0.005437
v -0.005369 0.004476 -0.005813
v -0.007437 0.005300 0.000064
v -0.007418 0.005287 -0.000574
v -0.003312 0.003424 0.005937
v 0.004763 0.000088 0.005937
v -0.003312 0.003424 -0.005810
v 0.004763 0.000088 -0.005810
v -0.007418 0.005287 0.000701
v -0.007364 0.005248 -0.001209
v -0.007364 0.005248 0.001336
v -0.007274 0.005184 -0.001838
v 0.007679 -0.000977 0.004908
v 0.007996 -0.001017 -0.004229
v -0.007274 0.005184 0.001965
v -0.007148 0.005094 -0.002457
v -0.007148 0.005094 0.002584
v -0.006987 0.004979 -0.003064
v 0.007324 -0.000932 0.005437
v 0.007679 -0.000977 -0.004781
v -0.005369 0.004476 0.005940
v -0.006987 0.004979 0.003191
v -0.006792 0.004840 -0.003655
v -0.006792 0.004840 0.003782
v -0.006564 0.004678 -0.004229
v 0.006934 -0.000882 0.005940
v 0.007324 -0.000932 -0.005310
v -0.004122 0.003235 0.006413
v -0.006564 0.004678 0.004356
v -0.006303 0.004493 -0.004781
v 0.008924 -0.001830 0.000701
v 0.008946 -0.001835 0.000064
v 0.008858 -0.001817 0.001336
v 0.008924 -0.001830 -0.000574
v 0.008750 -0.001794 0.001965
v 0.008858 -0.001817 -0.001209
v 0.008598 -0.001763 0.002584
v 0.008750 -0.001794 -0.001838
v 0.006429 -0.001318 0.006413
v 0.006934 -0.000882 -0.005813
v -0.006303 0.004493 0.004908
v -0.006012 0.004285 -0.005310
v 0.008405 -0.001723 0.003191
v 0.008598 -0.001763 -0.002457
v 0.008170 -0.001675 0.003782
v 0.008405 -0.001723 -0.003064
v -0.006012 0.004285 0.005437
v -0.005692 0.004057 -0.005813
v 0.005203 -0.000618 0.006413
v 0.005203 -0.000618 -0.006286
v 0.007896 -0.001619 0.004356
v 0.008170 -0.001675 -0.003655
v 0.007583 -0.001555 0.004908
v 0.007896 -0.001619 -0.004229
v -0.003747 0.002941 0.005937
v 0.004733 -0.000502 0.005937
v -0.003747 0.002941 -0.005810
v -0.004122 0.003235 -0.006286
v 0.004733 -0.000502 -0.005810
v -0.005692 0.004057 0.005940
v -0.007816 0.004722 0.000064
v -0.007797 0.004711 -0.000574
v -0.007797 0.004711 0.000701
v -0.007740 0.004676 -0.001209
v -0.007740 0.004676 0.001336
v -0.007645 0.004619 -0.001838
v 0.007233 -0.001483 0.005437
v 0.007583 -0.001555 -0.004781
v -0.007645 0.004619 0.001965
v -0.007512 0.004539 -0.002457
v -0.007512 0.004539 0.002584
v -0.007343 0.004437 -0.003064
v -0.005616 0.003394 0.006413
v 0.006847 -0.001404 0.005940
v 0.007233 -0.001483 -0.005310
v -0.007343 0.004437 0.003191
v -0.007138 0.004313 -0.003655
v -0.007138 0.004313 0.003782
v -0.006899 0.004168 -0.004229
v 0.006847 -0.001404 -0.005813
v -0.006899 0.004168 0.004356
v -0.006625 0.004003 -0.004781
v -0.006625 0.004003 0.004908
v -0.006319 0.003818 -0.005310
v 0.008760 -0.002500 0.000701
v 0.008781 -0.002506 0.000064
v 0.008695 -0.002481 0.001336
v 0.008760 -0.002500 -0.000574
v 0.008589 -0.002451 0.001965
v 0.008695 -0.002481 -0.001209
v 0.008440 -0.002408 0.002584
v 0.008589 -0.002451 -0.001838
v -0.006319 0.003818 0.005437
v -0.005982 0.003615 -0.005813
v 0.008250 -0.002354 0.003191
v 0.008440 -0.002408 -0.002457
v 0.008020 -0.002288 0.003782
v 0.008250 -0.002354 -0.003064
v -0.005982 0.003615 0.005940
v 0.007751 -0.002211 0.004356
v 0.008020 -0.002288 -0.003655
v 0.007443 -0.002124 0.004908
v 0.007751 -0.002211 -0.004229
v -0.004523 0.002643 0.006413
v -0.004523 0.002643 -0.006286
v 0.007100 -0.002026 0.005437
v 0.007443 -0.002124 -0.004781
v -0.004112 0.002403 0.005937
v 0.005070 -0.001320 0.006413
v -0.004112 0.002403 -0.005810
v 0.005070 -0.001320 -0.006286
v 0.004609 -0.001200 -0.005810
v 0.006722 -0.001917 0.005940
v 0.007100 -0.002026 -0.005310
v -0.008151 0.004117 0.000064
v -0.008131 0.004107 -0.000574
v -0.008131 0.004107 0.000701
v -0.008071 0.004077 -0.001209
v -0.008071 0.004077 0.001336
v -0.007972 0.004027 -0.001838
v -0.007972 0.004027 0.001965
v -0.007834 0.003958 -0.002457
v -0.007834 0.003958 0.002584
v -0.007658 0.003869 -0.003064
v 0.006156 -0.002272 0.006413
v 0.006722 -0.001917 -0.005813
v -0.007658 0.003869 0.003191
v -0.007444 0.003761 -0.003655
v -0.007444 0.003761 0.003782
v -0.007194 0.003634 -0.004229
v -0.007194 0.003634 0.004356
v -0.006909 0.003490 -0.004781
v -0.006909 0.003490 0.004908
v -0.006590 0.003329 -0.005310
v -0.006590 0.003329 0.005437
v -0.006238 0.003152 -0.005813
v -0.006238 0.003152 0.005940
v -0.006064 0.002508 -0.006286
v 0.008545 -0.003155 0.000701
v 0.008566 -0.003163 0.000064
v 0.008483 -0.003132 0.001336
v 0.008545 -0.003155 -0.000574
v 0.008379 -0.003093 0.001965
v 0.008483 -0.003132 -0.001209
v 0.008234 -0.003040 0.002584
v 0.008379 -0.003093 -0.001838
v 0.008048 -0.002971 0.003191
v 0.008234 -0.003040 -0.002457
v -0.006064 0.002508 0.006413
v 0.007824 -0.002888 0.003782
v 0.008048 -0.002971 -0.003064
v 0.007561 -0.002791 0.004356
v 0.007824 -0.002888 -0.003655
v 0.007261 -0.002680 0.004908
v 0.007561 -0.002791 -0.004229
v 0.006926 -0.002557 0.005437
v 0.007261 -0.002680 -0.004781
v 0.006557 -0.002420 0.005940
v 0.006926 -0.002557 -0.005310
v 0.006557 -0.002420 -0.005813
v -0.004841 0.002003 0.006413
v 0.004843 -0.001998 0.006413
v 0.004403 -0.001816 -0.005810
v -0.008438 0.003489 0.000064
v -0.008418 0.003481 -0.000574
v -0.008418 0.003481 0.000701
v -0.008356 0.003455 -0.001209
v -0.008356 0.003455 0.001336
v -0.008253 0.003413 -0.001838
v -0.008253 0.003413 0.001965
v -0.008111 0.003354 -0.002457
v -0.008111 0.003354 0.002584
v -0.007928 0.003278 -0.003064
v -0.007928 0.003278 0.003191
v -0.007707 0.003187 -0.003655
v -0.004401 0.001821 -0.005810
v -0.007707 0.003187 0.003782
v -0.007448 0.003080 -0.004229
v -0.007448 0.003080 0.004356
v -0.007153 0.002958 -0.004781
v -0.007153 0.002958 0.004908
v -0.006822 0.002821 -0.005310
v -0.006822 0.002821 0.005437
v -0.006459 0.002671 -0.005813
v -0.006459 0.002671 0.005940
v 0.008282 -0.003792 0.000701
v 0.008302 -0.003801 0.000064
v 0.008221 -0.003764 0.001336
v 0.008282 -0.003792 -0.000574
v 0.008120 -0.003718 0.001965
v 0.008221 -0.003764 -0.001209
v 0.007980 -0.003654 0.002584
v 0.008120 -0.003718 -0.001838
v 0.007800 -0.003571 0.003191
v 0.007980 -0.003654 -0.002457
v 0.007583 -0.003472 0.003782
v 0.007800 -0.003571 -0.003064
v 0.007328 -0.003355 0.004356
v 0.007583 -0.003472 -0.003655
v 0.007038 -0.003222 0.004908
v 0.007328 -0.003355 -0.004229
v 0.006713 -0.003073 0.005437
v 0.007038 -0.003222 -0.004781
v 0.006355 -0.002909 0.005940
v 0.006713 -0.003073 -0.005310
v 0.005743 -0.003174 0.006413
v 0.006355 -0.002909 -0.005813
v -0.006642 0.002175 0.005940
v -0.006372 0.001565 0.006413
v -0.005068 0.001325 0.006413
v 0.004525 -0.002639 0.006413
v -0.007016 0.002297 0.005437
v -0.004613 0.001176 -0.005810
v -0.007356 0.002408 0.004908
v -0.007659 0.002508 0.004356
v -0.007926 0.002595 0.003782
v -0.008153 0.002669 0.003191
v -0.008341 0.002731 0.002584
v -0.008488 0.002779 0.001965
v -0.008593 0.002813 0.001336
v -0.008657 0.002834 0.000701
v -0.008678 0.002841 0.000064
v -0.008657 0.002834 -0.000574
v -0.008593 0.002813 -0.001209
v -0.008488 0.002779 -0.001838
v -0.008341 0.002731 -0.002457
v -0.008153 0.002669 -0.003064
v -0.007926 0.002595 -0.003655
v -0.007659 0.002508 -0.004229
v -0.007356 0.002408 -0.004781
v -0.007016 0.002297 -0.005310
v -0.006642 0.002175 -0.005813
v -0.005068 0.001325 -0.006286
v 0.004097 -0.002423 -0.005810
v 0.004525 -0.002639 -0.006286
v 0.006117 -0.003381 -0.005813
v 0.006117 -0.003381 0.005940
v 0.006461 -0.003572 -0.005310
v 0.006461 -0.003572 0.005437
v 0.006774 -0.003745 -0.004781
v 0.006774 -0.003745 0.004908
v 0.007053 -0.003899 -0.004229
v 0.007053 -0.003899 0.004356
v 0.007298 -0.004035 -0.003655
v 0.007298 -0.004035 0.003782
v 0.007508 -0.004151 -0.003064
v 0.007508 -0.004151 0.003191
v 0.007681 -0.004247 -0.002457
v 0.007681 -0.004247 0.002584
v 0.007816 -0.004321 -0.001838
v 0.007816 -0.004321 0.001965
v 0.007913 -0.004375 -0.001209
v 0.007913 -0.004375 0.001336
v 0.007971 -0.004407 -0.000574
v 0.007971 -0.004407 0.000701
v 0.007991 -0.004418 0.000064
v -0.006787 0.001666 0.005940
v -0.007170 0.001760 0.005437
v -0.006787 0.001666 -0.005813
v -0.007517 0.001845 0.004908
v -0.007170 0.001760 -0.005310
v -0.007827 0.001921 0.004356
v -0.007517 0.001845 -0.004781
v -0.008099 0.001988 0.003782
v -0.007827 0.001921 -0.004229
v -0.008331 0.002045 0.003191
v -0.008099 0.001988 -0.003655
v -0.008523 0.002092 0.002584
v -0.008331 0.002045 -0.003064
v -0.008673 0.002129 0.001965
v -0.008523 0.002092 -0.002457
v -0.008781 0.002155 0.001336
v -0.008673 0.002129 -0.001838
v -0.004731 0.000507 0.005937
v -0.004728 0.000566 -0.005810
v -0.005201 0.000622 0.006413
v 0.003709 -0.002980 0.005937
v 0.004123 -0.003230 0.006413
v -0.005201 0.000622 -0.006286
v 0.003709 -0.002980 -0.005810
v 0.004123 -0.003230 -0.006286
v -0.008846 0.002171 0.000701
v -0.008781 0.002155 -0.001209
v -0.008868 0.002176 0.000064
v -0.008846 0.002171 -0.000574
v -0.006535 0.000585 0.006413
v 0.005198 -0.004004 0.006413
v 0.005843 -0.003834 -0.005813
v 0.005843 -0.003834 0.005940
v 0.006172 -0.004050 -0.005310
v 0.006172 -0.004050 0.005437
v 0.006471 -0.004246 -0.004781
v 0.006471 -0.004246 0.004908
v 0.006738 -0.004422 -0.004229
v 0.006738 -0.004422 0.004356
v 0.006972 -0.004575 -0.003655
v 0.006972 -0.004575 0.003782
v 0.007172 -0.004707 -0.003064
v 0.007172 -0.004707 0.003191
v 0.007337 -0.004815 -0.002457
v -0.006894 0.001148 0.005940
v 0.007337 -0.004815 0.002584
v 0.007466 -0.004900 -0.001838
v 0.007466 -0.004900 0.001965
v 0.007559 -0.004961 -0.001209
v 0.007559 -0.004961 0.001336
v 0.007615 -0.004998 -0.000574
v 0.007615 -0.004998 0.000701
v 0.007634 -0.005010 0.000064
v -0.007282 0.001213 0.005437
v -0.006894 0.001148 -0.005813
v -0.007634 0.001271 0.004908
v -0.007282 0.001213 -0.005310
v -0.007950 0.001324 0.004356
v -0.007634 0.001271 -0.004781
v -0.008226 0.001370 0.003782
v -0.007950 0.001324 -0.004229
v 0.005536 -0.004265 -0.005813
v -0.008462 0.001409 0.003191
v -0.008226 0.001370 -0.003655
v -0.008657 0.001441 0.002584
v -0.008462 0.001409 -0.003064
v 0.005536 -0.004265 0.005940
v 0.005848 -0.004505 -0.005310
v -0.008809 0.001467 0.001965
v -0.008657 0.001441 -0.002457
v -0.004753 -0.000172 0.005937
v -0.004753 -0.000172 -0.005810
v -0.005237 -0.000092 0.006413
v 0.003314 -0.003419 0.005937
v 0.003645 -0.003761 0.006413
v -0.005237 -0.000092 -0.006286
v 0.003246 -0.003476 -0.005810
v 0.003645 -0.003761 -0.006286
v -0.008919 0.001485 0.001336
v -0.008809 0.001467 -0.001838
v -0.008985 0.001496 0.000701
v -0.008919 0.001485 -0.001209
v -0.009007 0.001499 0.000064
v -0.008985 0.001496 -0.000574
v 0.005848 -0.004505 0.005437
v 0.006131 -0.004723 -0.004781
v 0.004534 -0.004742 0.006413
v 0.006131 -0.004723 0.004908
v 0.006384 -0.004918 -0.004229
v -0.006961 0.000623 0.005940
v 0.006384 -0.004918 0.004356
v 0.006606 -0.005089 -0.003655
v 0.006606 -0.005089 0.003782
v 0.006795 -0.005236 -0.003064
v -0.007353 0.000658 0.005437
v -0.006961 0.000623 -0.005813
v 0.006795 -0.005236 0.003191
v 0.006952 -0.005356 -0.002457
v 0.006952 -0.005356 0.002584
v 0.007074 -0.005451 -0.001838
v -0.007708 0.000690 0.004908
v -0.007353 0.000658 -0.005310
v 0.007074 -0.005451 0.001965
v 0.007162 -0.005518 -0.001209
v 0.007162 -0.005518 0.001336
v 0.007215 -0.005559 -0.000574
v 0.007215 -0.005559 0.000701
v 0.007233 -0.005573 0.000064
v 0.005198 -0.004671 -0.005813
v -0.008027 0.000719 0.004356
v -0.007708 0.000690 -0.004781
v -0.008306 0.000743 0.003782
v -0.008027 0.000719 -0.004229
v 0.005198 -0.004671 0.005940
v 0.005490 -0.004935 -0.005310
v -0.008544 0.000765 0.003191
v -0.008306 0.000743 -0.003655
v -0.008741 0.000782 0.002584
v -0.008544 0.000765 -0.003064
v 0.005490 -0.004935 0.005437
v 0.005756 -0.005173 -0.004781
v -0.006988 0.000095 0.005940
v -0.006548 -0.000407 0.006413
v -0.004679 -0.000846 0.005937
v -0.004705 -0.000731 -0.005810
v 0.002717 -0.003902 0.005937
v -0.005175 -0.000804 -0.006286
v 0.002717 -0.003902 -0.005810
v 0.003099 -0.004223 -0.006286
v -0.008895 0.000796 0.001965
v -0.008741 0.000782 -0.002457
v -0.009005 0.000806 0.001336
v -0.008895 0.000796 -0.001838
v 0.005756 -0.005173 0.004908
v 0.005994 -0.005387 -0.004229
v -0.009072 0.000812 0.000701
v -0.009005 0.000806 -0.001209
v -0.009094 0.000814 0.000064
v -0.009072 0.000812 -0.000574
v -0.007381 0.000100 0.005437
v -0.006988 0.000095 -0.005813
v 0.004162 -0.005071 -0.006286
v 0.005994 -0.005387 0.004356
v 0.006202 -0.005574 -0.003655
v 0.006202 -0.005574 0.003782
v 0.006380 -0.005735 -0.003064
v 0.004829 -0.005051 -0.005813
v -0.007738 0.000105 0.004908
v -0.007381 0.000100 -0.005310
v 0.006380 -0.005735 0.003191
v 0.006527 -0.005867 -0.002457
v 0.006527 -0.005867 0.002584
v 0.006642 -0.005970 -0.001838
v -0.008058 0.000109 0.004356
v -0.007738 0.000105 -0.004781
v 0.004829 -0.005051 0.005940
v 0.005101 -0.005336 -0.005310
v 0.006642 -0.005970 0.001965
v 0.006724 -0.006044 -0.001209
v 0.006724 -0.006044 0.001336
v 0.006774 -0.006089 -0.000574
v 0.006774 -0.006089 0.000701
v 0.006790 -0.006104 0.000064
v -0.008338 0.000113 0.003782
v -0.008058 0.000109 -0.004229
v -0.006975 -0.000434 0.005940
v 0.005101 -0.005336 0.005437
v 0.005348 -0.005594 -0.004781
v -0.008577 0.000116 0.003191
v -0.008338 0.000113 -0.003655
v -0.008775 0.000119 0.002584
v -0.008577 0.000116 -0.003064
v -0.004509 -0.001503 -0.005810
v -0.005017 -0.001502 0.006413
v 0.002494 -0.004605 0.006413
v 0.002133 -0.004247 -0.005810
v -0.007367 -0.000458 0.005437
v -0.006975 -0.000434 -0.005813
v 0.005348 -0.005594 0.004908
v 0.005569 -0.005825 -0.004229
v -0.008929 0.000121 0.001965
v -0.008775 0.000119 -0.002457
v 0.004433 -0.005402 -0.005813
v -0.009040 0.000122 0.001336
v -0.008929 0.000121 -0.001838
v 0.005569 -0.005825 0.004356
v 0.005762 -0.006027 -0.003655
v -0.009107 0.000123 0.000701
v -0.009040 0.000122 -0.001209
v -0.009130 0.000124 0.000064
v -0.009107 0.000123 -0.000574
v -0.006411 -0.001390 0.006413
v 0.002913 -0.005878 0.006413
v 0.003767 -0.005371 0.006413
v -0.007724 -0.000480 0.004908
v -0.007367 -0.000458 -0.005310
v 0.005762 -0.006027 0.003782
v 0.005928 -0.006201 -0.003064
v 0.004433 -0.005402 0.005940
v 0.004683 -0.005706 -0.005310
v -0.008043 -0.000500 0.004356
v -0.007724 -0.000480 -0.004781
v 0.005928 -0.006201 0.003191
v 0.006064 -0.006343 -0.002457
v -0.006922 -0.000960 0.005940
v 0.006064 -0.006343 0.002584
v 0.006171 -0.006455 -0.001838
v -0.008323 -0.000518 0.003782
v -0.008043 -0.000500 -0.004229
v 0.006171 -0.006455 0.001965
v 0.006248 -0.006535 -0.001209
v 0.004683 -0.005706 0.005437
v 0.004910 -0.005982 -0.004781
v 0.006248 -0.006535 0.001336
v 0.006294 -0.006584 -0.000574
v 0.006294 -0.006584 0.000701
v 0.006309 -0.006600 0.000064
v -0.007311 -0.001014 0.005437
v -0.006922 -0.000960 -0.005813
v -0.008561 -0.000533 0.003191
v -0.008323 -0.000518 -0.003655
v 0.004012 -0.005722 -0.005813
v -0.004332 -0.001973 0.005937
v -0.004332 -0.001973 -0.005810
v -0.004766 -0.002171 0.006413
v 0.001676 -0.004456 0.005937
v 0.001844 -0.004902 0.006413
v -0.004766 -0.002171 -0.006286
v 0.001676 -0.004456 -0.005810
v 0.001844 -0.004902 -0.006286
v 0.004910 -0.005982 0.004908
v 0.005112 -0.006229 -0.004229
v -0.008759 -0.000545 0.002584
v -0.008561 -0.000533 -0.003064
v -0.007665 -0.001063 0.004908
v -0.007311 -0.001014 -0.005310
v -0.008913 -0.000555 0.001965
v -0.008759 -0.000545 -0.002457
v 0.005112 -0.006229 0.004356
v 0.005290 -0.006446 -0.003655
v -0.009024 -0.000562 0.001336
v -0.008913 -0.000555 -0.001838
v 0.004012 -0.005722 0.005940
v 0.004238 -0.006044 -0.005310
v -0.006128 -0.002341 0.006413
v 0.001993 -0.006250 0.006413
v -0.005933 -0.002798 -0.006286
v -0.006829 -0.001481 0.005940
v -0.009090 -0.000566 0.000701
v -0.009024 -0.000562 -0.001209
v -0.009113 -0.000567 0.000064
v -0.009090 -0.000566 -0.000574
v 0.005290 -0.006446 0.003782
v 0.005442 -0.006631 -0.003064
v -0.007982 -0.001107 0.004356
v -0.007665 -0.001063 -0.004781
v 0.005442 -0.006631 0.003191
v 0.005567 -0.006784 -0.002457
v 0.001054 -0.004642 -0.005810
v 0.004238 -0.006044 0.005437
v 0.004443 -0.006336 -0.004781
v 0.003568 -0.006009 -0.005813
v -0.007214 -0.001564 0.005437
v -0.006829 -0.001481 -0.005813
v -0.008259 -0.001146 0.003782
v -0.007982 -0.001107 -0.004229
v 0.005567 -0.006784 0.002584
v 0.005665 -0.006903 -0.001838
v -0.003901 -0.002712 0.005937
v -0.003901 -0.002712 -0.005810
v -0.004425 -0.002800 0.006413
v 0.001054 -0.004642 0.005937
v 0.001159 -0.005107 0.006413
v -0.004425 -0.002800 -0.006286
v 0.001159 -0.005107 -0.006286
v 0.005665 -0.006903 0.001965
v 0.005735 -0.006989 -0.001209
v 0.004443 -0.006336 0.004908
v 0.004626 -0.006598 -0.004229
v 0.005735 -0.006989 0.001336
v 0.005778 -0.007041 -0.000574
v -0.008496 -0.001179 0.003191
v -0.008259 -0.001146 -0.003655
v 0.005778 -0.007041 0.000701
v 0.005792 -0.007058 0.000064
v -0.007563 -0.001640 0.004908
v -0.007214 -0.001564 -0.005310
v -0.006698 -0.001993 0.005940
v 0.003568 -0.006009 0.005940
v 0.003768 -0.006347 -0.005310
v -0.008692 -0.001206 0.002584
v -0.008496 -0.001179 -0.003064
v 0.004626 -0.006598 0.004356
v 0.004787 -0.006827 -0.003655
v -0.005705 -0.003239 0.006413
v -0.005443 -0.003661 -0.006286
v -0.008845 -0.001227 0.001965
v -0.008692 -0.001206 -0.002457
v 0.000411 -0.004742 0.005937
v 0.000411 -0.004742 -0.005810
v -0.007875 -0.001708 0.004356
v -0.007563 -0.001640 -0.004781
v -0.008955 -0.001243 0.001336
v -0.008845 -0.001227 -0.001838
v 0.003103 -0.006261 -0.005813
v 0.004787 -0.006827 0.003782
v 0.004924 -0.007023 -0.003064
v -0.009021 -0.001252 0.000701
v -0.008955 -0.001243 -0.001209
v 0.003768 -0.006347 0.005437
v 0.003951 -0.006654 -0.004781
v -0.007075 -0.002105 0.005437
v -0.006698 -0.001993 -0.005813
v -0.009043 -0.001255 0.000064
v -0.009021 -0.001252 -0.000574
v -0.004003 -0.003376 0.006413
v 0.000452 -0.005217 0.006413
v -0.004003 -0.003376 -0.006286
v 0.000452 -0.005217 -0.006286
v 0.004924 -0.007023 0.003191
v 0.005038 -0.007185 -0.002457
v -0.008149 -0.001767 0.003782
v -0.007875 -0.001708 -0.004229
v -0.006527 -0.002494 0.005940
v 0.005038 -0.007185 0.002584
v 0.005126 -0.007312 -0.001838
v 0.003951 -0.006654 0.004908
v 0.004114 -0.006929 -0.004229
v 0.003103 -0.006261 0.005940
v 0.003277 -0.006614 -0.005310
v -0.007417 -0.002207 0.004908
v -0.007075 -0.002105 -0.005310
v -0.008383 -0.001818 0.003191
v -0.008149 -0.001767 -0.003655
v 0.005126 -0.007312 0.001965
v 0.005190 -0.007403 -0.001209
v -0.003474 -0.003239 0.005937
v -0.003187 -0.003536 -0.005810
v -0.000239 -0.004754 -0.005810
v 0.005190 -0.007403 0.001336
v 0.005228 -0.007457 -0.000574
v -0.005150 -0.004062 0.006413
v 0.001027 -0.006479 0.006413
v 0.005228 -0.007457 0.000701
v 0.005241 -0.007476 0.000064
v 0.002620 -0.006478 -0.005813
v -0.000263 -0.005230 0.006413
v 0.004114 -0.006929 0.004356
v 0.004257 -0.007170 -0.003655
v -0.008576 -0.001860 0.002584
v -0.008383 -0.001818 -0.003064
v -0.006895 -0.002634 0.005437
v -0.006527 -0.002494 -0.005813
v -0.007723 -0.002299 0.004356
v -0.007417 -0.002207 -0.004781
v 0.003277 -0.006614 0.005437
v 0.003436 -0.006934 -0.004781
v -0.008727 -0.001893 0.001965
v -0.008576 -0.001860 -0.002457
v 0.004257 -0.007170 0.003782
v 0.004379 -0.007376 -0.003064
v -0.002977 -0.003700 0.005937
v -0.000884 -0.004677 -0.005810
v -0.006320 -0.002981 0.005940
v -0.008835 -0.001916 0.001336
v -0.008727 -0.001893 -0.001838
v -0.002675 -0.003937 -0.005810
v -0.000973 -0.005145 0.006413
v -0.002943 -0.004331 -0.006286
v -0.000973 -0.005145 -0.006286
v -0.008901 -0.001931 0.000701
v -0.008835 -0.001916 -0.001209
v -0.007992 -0.002379 0.003782
v -0.007723 -0.002299 -0.004229
v -0.008922 -0.001935 0.000064
v -0.008901 -0.001931 -0.000574
v 0.002620 -0.006478 0.005940
v 0.002768 -0.006842 -0.005310
v 0.004379 -0.007376 0.003191
v 0.004480 -0.007546 -0.002457
v 0.003436 -0.006934 0.004908
v 0.003578 -0.007220 -0.004229
v -0.007229 -0.002762 0.004908
v -0.006895 -0.002634 -0.005310
v 0.000038 -0.006559 0.006413
v -0.002114 -0.004265 0.005937
v 0.002123 -0.006657 -0.005813
v -0.001813 -0.004389 -0.005810
v -0.002325 -0.004692 0.006413
v -0.001513 -0.004513 0.005937
v -0.001664 -0.004965 0.006413
v -0.002325 -0.004692 -0.006286
v -0.001664 -0.004965 -0.006286
v 0.004480 -0.007546 0.002584
v 0.004559 -0.007678 -0.001838
v -0.008221 -0.002447 0.003191
v -0.007992 -0.002379 -0.003655
v -0.006676 -0.003148 0.005437
v -0.006320 -0.002981 -0.005813
v 0.004559 -0.007678 0.001965
v 0.004615 -0.007774 -0.001209
v 0.003578 -0.007220 0.004356
v 0.003702 -0.007471 -0.003655
v -0.006076 -0.003450 0.005940
v 0.004615 -0.007774 0.001336
v 0.004649 -0.007831 -0.000574
v 0.002768 -0.006842 0.005437
v 0.002902 -0.007174 -0.004781
v -0.007527 -0.002876 0.004356
v -0.007229 -0.002762 -0.004781
v -0.008410 -0.002503 0.002584
v -0.008221 -0.002447 -0.003064
v 0.004649 -0.007831 0.000701
v 0.004661 -0.007851 0.000064
v -0.004103 -0.005118 0.006413
v -0.000952 -0.006490 0.006413
v -0.000952 -0.006490 -0.006286
v 0.002123 -0.006657 0.005940
v 0.002242 -0.007032 -0.005310
v -0.008559 -0.002547 0.001965
v -0.008410 -0.002503 -0.002457
v 0.003702 -0.007471 0.003782
v 0.003808 -0.007686 -0.003064
v 0.001613 -0.006799 -0.005813
v -0.006999 -0.003301 0.004908
v -0.006676 -0.003148 -0.005310
v -0.007789 -0.002976 0.003782
v -0.007527 -0.002876 -0.004229
v -0.008665 -0.002579 0.001336
v -0.008559 -0.002547 -0.001838
v 0.002902 -0.007174 0.004908
v 0.003021 -0.007470 -0.004229
v -0.003284 -0.005678 0.006413
v -0.001920 -0.006272 0.006413
v 0.003808 -0.007686 0.003191
v 0.003896 -0.007863 -0.002457
v -0.008729 -0.002598 0.000701
v -0.008665 -0.002579 -0.001209
v -0.006418 -0.003644 0.005437
v -0.006076 -0.003450 -0.005813
v -0.005798 -0.003900 0.005940
v -0.008750 -0.002605 0.000064
v -0.008729 -0.002598 -0.000574
v -0.002505 -0.006062 0.006413
v -0.008012 -0.003062 0.003191
v -0.007789 -0.002976 -0.003655
v 0.003896 -0.007863 0.002584
v 0.003965 -0.008001 -0.001838
v 0.002242 -0.007032 0.005437
v 0.002351 -0.007373 -0.004781
v 0.003021 -0.007470 0.004356
v 0.003126 -0.007730 -0.003655
v -0.007288 -0.003437 0.004356
v -0.006999 -0.003301 -0.004781
v 0.001613 -0.006799 0.005940
v 0.001094 -0.006901 -0.005813
v 0.001704 -0.007181 -0.005310
v 0.003965 -0.008001 0.001965
v 0.004014 -0.008101 -0.001209
v -0.008197 -0.003132 0.002584
v -0.008012 -0.003062 -0.003064
v 0.004014 -0.008101 0.001336
v 0.004044 -0.008160 -0.000574
v -0.006729 -0.003821 0.004908
v -0.006418 -0.003644 -0.005310
v -0.005486 -0.004327 0.005940
v -0.005798 -0.003900 -0.005813
v 0.004044 -0.008160 0.000701
v 0.004053 -0.008180 0.000064
v 0.003126 -0.007730 0.003782
v 0.003216 -0.007952 -0.003064
v -0.006124 -0.004119 0.005437
v 0.002351 -0.007373 0.004908
v 0.002448 -0.007677 -0.004229
v -0.008341 -0.003187 0.001965
v -0.008197 -0.003132 -0.002457
v -0.007541 -0.003557 0.003782
v -0.007288 -0.003437 -0.004229
v 0.001094 -0.006901 0.005940
v 0.000569 -0.006964 -0.005813
v -0.008445 -0.003227 0.001336
v -0.008341 -0.003187 -0.001838
v 0.001704 -0.007181 0.005437
v 0.001786 -0.007529 -0.004781
v 0.003216 -0.007952 0.003191
v 0.003290 -0.008135 -0.002457
v 0.001156 -0.007290 -0.005310
v -0.008507 -0.003251 0.000701
v -0.008445 -0.003227 -0.001209
v -0.005143 -0.004730 0.005940
v -0.005486 -0.004327 -0.005813
v -0.007007 -0.003979 0.004356
v -0.006729 -0.003821 -0.004781
v -0.007758 -0.003659 0.003191
v -0.007541 -0.003557 -0.003655
v -0.008528 -0.003259 0.000064
v -0.008507 -0.003251 -0.000574
v 0.002448 -0.007677 0.004356
v 0.002533 -0.007944 -0.003655
v 0.003290 -0.008135 0.002584
v 0.003348 -0.008278 -0.001838
v -0.005795 -0.004571 0.005437
v -0.006124 -0.004119 -0.005310
v -0.006421 -0.004319 0.004908
v 0.000569 -0.006964 0.005940
v 0.000040 -0.006987 -0.005813
v 0.003348 -0.008278 0.001965
v 0.003390 -0.008381 -0.001209
v -0.007936 -0.003743 0.002584
v -0.007758 -0.003659 -0.003064
v 0.001786 -0.007529 0.004908
v 0.001860 -0.007840 -0.004229
v -0.004770 -0.005105 0.005940
v -0.005143 -0.004730 -0.005813
v 0.002533 -0.007944 0.003782
v 0.002605 -0.008172 -0.003064
v 0.003390 -0.008381 0.001336
v 0.003415 -0.008443 -0.000574
v -0.007250 -0.004117 0.003782
v -0.007007 -0.003979 -0.004229
v 0.001156 -0.007290 0.005437
v 0.000601 -0.007356 -0.005310
v 0.001211 -0.007643 -0.004781
v 0.003415 -0.008443 0.000701
v 0.003423 -0.008464 0.000064
v -0.008076 -0.003809 0.001965
v -0.007936 -0.003743 -0.002457
v 0.000040 -0.006987 0.005940
v -0.000488 -0.006970 -0.005813
v -0.005432 -0.004996 0.005437
v -0.005795 -0.004571 -0.005310
v -0.006686 -0.004497 0.004356
v -0.006421 -0.004319 -0.004781
v 0.002605 -0.008172 0.003191
v 0.002665 -0.008360 -0.002457
v -0.008176 -0.003857 0.001336
v -0.008076 -0.003809 -0.001838
v -0.004370 -0.005451 0.005940
v -0.004770 -0.005105 -0.005813
v -0.006075 -0.004792 0.004908
v 0.001860 -0.007840 0.004356
v 0.001924 -0.008113 -0.003655
v -0.007459 -0.004235 0.003191
v -0.007250 -0.004117 -0.003655
v -0.008237 -0.003885 0.000701
v -0.008176 -0.003857 -0.001209
v 0.000601 -0.007356 0.005437
v 0.000043 -0.007380 -0.005310
v -0.000488 -0.006970 0.005940
v -0.001014 -0.006913 -0.005813
v -0.008257 -0.003895 0.000064
v -0.008237 -0.003885 -0.000574
v 0.002665 -0.008360 0.002584
v 0.002712 -0.008507 -0.001838
v 0.001211 -0.007643 0.004908
v 0.001261 -0.007958 -0.004229
v 0.000630 -0.007712 -0.004781
v -0.003945 -0.005766 0.005940
v -0.004370 -0.005451 -0.005813
v -0.005039 -0.005393 0.005437
v -0.005432 -0.004996 -0.005310
v -0.007630 -0.004333 0.002584
v -0.007459 -0.004235 -0.003064
v -0.006918 -0.004654 0.003782
v -0.006686 -0.004497 -0.004229
v -0.001014 -0.006913 0.005940
v -0.001534 -0.006816 -0.005813
v 0.002712 -0.008507 0.001965
v 0.002746 -0.008613 -0.001209
v 0.001924 -0.008113 0.003782
v 0.001980 -0.008346 -0.003064
v -0.003498 -0.006048 0.005940
v -0.003945 -0.005766 -0.005813
v -0.005695 -0.005238 0.004908
v -0.006075 -0.004792 -0.004781
v 0.000043 -0.007380 0.005437
v -0.000516 -0.007362 -0.005310
v -0.006326 -0.004990 0.004356
v 0.002746 -0.008613 0.001336
v 0.002766 -0.008677 -0.000574
v -0.001534 -0.006816 0.005940
v -0.002046 -0.006681 -0.005813
v -0.007765 -0.004409 0.001965
v -0.007630 -0.004333 -0.002457
v 0.002766 -0.008677 0.000701
v 0.002773 -0.008698 0.000064
v -0.003030 -0.006296 0.005940
v -0.003498 -0.006048 -0.005813
v -0.002046 -0.006681 0.005940
v -0.002545 -0.006507 -0.005813
v 0.001261 -0.007958 0.004356
v 0.001305 -0.008235 -0.003655
v -0.004616 -0.005758 0.005437
v -0.005039 -0.005393 -0.005310
v -0.003030 -0.006296 -0.005813
v 0.001980 -0.008346 0.003191
v 0.002025 -0.008538 -0.002457
v -0.002545 -0.006507 0.005940
v 0.000630 -0.007712 0.004908
v 0.000045 -0.007738 -0.004781
v -0.007117 -0.004787 0.003191
v -0.006918 -0.004654 -0.003655
v 0.000656 -0.008031 -0.004229
v -0.007861 -0.004464 0.001336
v -0.007765 -0.004409 -0.001838
v -0.000516 -0.007362 0.005437
v -0.001071 -0.007302 -0.005310
v -0.007919 -0.004497 0.000701
v -0.007861 -0.004464 -0.001209
v -0.005283 -0.005654 0.004908
v -0.005695 -0.005238 -0.004781
v -0.004167 -0.006091 0.005437
v -0.004616 -0.005758 -0.005310
v 0.002025 -0.008538 0.002584
v 0.002061 -0.008688 -0.001838
v -0.006546 -0.005164 0.003782
v -0.006326 -0.004990 -0.004229
v -0.007939 -0.004508 0.000064
v -0.007919 -0.004497 -0.000574
v -0.005931 -0.005454 0.004356
v -0.007281 -0.004898 0.002584
v -0.007117 -0.004787 -0.003064
v 0.001305 -0.008235 0.003782
v 0.001343 -0.008471 -0.003064
v -0.001071 -0.007302 0.005437
v -0.001621 -0.007200 -0.005310
v 0.000045 -0.007738 0.004908
v -0.000541 -0.007719 -0.004781
v 0.002061 -0.008688 0.001965
v 0.002086 -0.008796 -0.001209
v -0.003695 -0.006389 0.005437
v -0.004167 -0.006091 -0.005310
v 0.000656 -0.008031 0.004356
v 0.000679 -0.008310 -0.003655
v -0.001621 -0.007200 0.005437
v -0.002161 -0.007057 -0.005310
v 0.000046 -0.008057 -0.004229
v -0.004840 -0.006037 0.004908
v -0.005283 -0.005654 -0.004781
v 0.002086 -0.008796 0.001336
v 0.002102 -0.008861 -0.000574
v -0.007409 -0.004984 0.001965
v -0.007281 -0.004898 -0.002457
v -0.003201 -0.006650 0.005437
v -0.003695 -0.006389 -0.005310
v -0.006734 -0.005312 0.003191
v -0.006546 -0.005164 -0.003655
v -0.002161 -0.007057 0.005437
v -0.002689 -0.006873 -0.005310
v 0.001343 -0.008471 0.003191
v 0.001374 -0.008666 -0.002457
v 0.002102 -0.008861 0.000701
v 0.002107 -0.008883 0.000064
v -0.002689 -0.006873 0.005437
v -0.003201 -0.006650 -0.005310
v -0.000541 -0.007719 0.004908
v -0.001123 -0.007656 -0.004781
v -0.005501 -0.005887 0.004356
v -0.005931 -0.005454 -0.004229
v -0.006137 -0.005644 0.003782
v -0.007501 -0.005046 0.001336
v -0.007409 -0.004984 -0.001838
v -0.004369 -0.006386 0.004908
v -0.004840 -0.006037 -0.004781
v 0.000679 -0.008310 0.003782
v 0.000698 -0.008548 -0.003064
v 0.001374 -0.008666 0.002584
v 0.001398 -0.008819 -0.001838
v -0.007556 -0.005083 0.000701
v -0.007501 -0.005046 -0.001209
v 0.000046 -0.008057 0.004356
v -0.000563 -0.008038 -0.004229
v -0.006889 -0.005434 0.002584
v -0.006734 -0.005312 -0.003064
v -0.001123 -0.007656 0.004908
v -0.001699 -0.007549 -0.004781
v 0.000048 -0.008337 -0.003655
v -0.007575 -0.005096 0.000064
v -0.007556 -0.005083 -0.000574
v -0.003874 -0.006698 0.004908
v -0.004369 -0.006386 -0.004781
v -0.005040 -0.006286 0.004356
v -0.005501 -0.005887 -0.004229
v 0.001398 -0.008819 0.001965
v 0.001415 -0.008929 -0.001209
v -0.006313 -0.005806 0.003191
v -0.006137 -0.005644 -0.003655
v -0.001699 -0.007549 0.004908
v -0.002265 -0.007399 -0.004781
v -0.005692 -0.006092 0.003782
v -0.007010 -0.005530 0.001965
v -0.006889 -0.005434 -0.002457
v -0.003356 -0.006972 0.004908
v -0.003874 -0.006698 -0.004781
v 0.000698 -0.008548 0.003191
v 0.000714 -0.008745 -0.002457
v 0.001415 -0.008929 0.001336
v 0.001426 -0.008995 -0.000574
v -0.000563 -0.008038 0.004356
v -0.001170 -0.007972 -0.004229
v -0.002265 -0.007399 0.004908
v -0.002819 -0.007206 -0.004781
v -0.002819 -0.007206 0.004908
v -0.003356 -0.006972 -0.004781
v 0.001426 -0.008995 0.000701
v 0.001429 -0.009017 0.000064
v 0.000048 -0.008337 0.003782
v 0.000049 -0.008577 -0.003064
v -0.004550 -0.006650 0.004356
v -0.005040 -0.006286 -0.004229
v -0.000583 -0.008317 -0.003655
v -0.007098 -0.005599 0.001336
v -0.007010 -0.005530 -0.001838
v -0.006458 -0.005940 0.002584
v -0.006313 -0.005806 -0.003064
v 0.000714 -0.008745 0.002584
v 0.000727 -0.008899 -0.001838
v -0.001170 -0.007972 0.004356
v -0.001769 -0.007860 -0.004229
v -0.007150 -0.005640 0.000701
v -0.007098 -0.005599 -0.001209
v -0.005215 -0.006505 0.003782
v -0.005692 -0.006092 -0.003655
v -0.005856 -0.006267 0.003191
v -0.004034 -0.006975 0.004356
v -0.004550 -0.006650 -0.004229
v -0.007168 -0.005654 0.000064
v -0.007150 -0.005640 -0.000574
v 0.000727 -0.008899 0.001965
v 0.000736 -0.009010 -0.001209
v -0.001769 -0.007860 0.004356
v -0.002359 -0.007704 -0.004229
v 0.000049 -0.008577 0.003191
v 0.000050 -0.008774 -0.002457
v -0.000583 -0.008317 0.003782
v -0.001210 -0.008249 -0.003655
v -0.006572 -0.006044 0.001965
v -0.006458 -0.005940 -0.002457
v -0.003494 -0.007260 0.004356
v -0.004034 -0.006975 -0.004229
v -0.000600 -0.008556 -0.003064
v -0.002359 -0.007704 0.004356
v -0.002935 -0.007503 -0.004229
v 0.000736 -0.009010 0.001336
v 0.000741 -0.009077 -0.000574
v -0.002935 -0.007503 0.004356
v -0.003494 -0.007260 -0.004229
v -0.004708 -0.006881 0.003782
v -0.005215 -0.006505 -0.003655
v 0.000741 -0.009077 0.000701
v 0.000743 -0.009099 0.000064
v -0.005990 -0.006411 0.002584
v -0.005856 -0.006267 -0.003064
v -0.006654 -0.006120 0.001336
v -0.006572 -0.006044 -0.001838
v -0.005365 -0.006692 0.003191
v 0.000050 -0.008774 0.002584
v 0.000051 -0.008929 -0.001838
v -0.001210 -0.008249 0.003782
v -0.001831 -0.008134 -0.003655
v -0.004174 -0.007217 0.003782
v -0.004708 -0.006881 -0.003655
v -0.006703 -0.006165 0.000701
v -0.006654 -0.006120 -0.001209
v -0.000600 -0.008556 0.003191
v -0.000613 -0.008753 -0.002457
v -0.001245 -0.008486 -0.003064
v -0.001831 -0.008134 0.003782
v -0.002441 -0.007972 -0.003655
v -0.006719 -0.006180 0.000064
v -0.006703 -0.006165 -0.000574
v 0.000051 -0.008929 0.001965
v 0.000052 -0.009040 -0.001209
v -0.006096 -0.006524 0.001965
v -0.005990 -0.006411 -0.002457
v -0.003616 -0.007512 0.003782
v -0.004174 -0.007217 -0.003655
v -0.004843 -0.007078 0.003191
v -0.005365 -0.006692 -0.003064
v -0.002441 -0.007972 0.003782
v -0.003037 -0.007764 -0.003655
v -0.005488 -0.006846 0.002584
v -0.003037 -0.007764 0.003782
v -0.003616 -0.007512 -0.003655
v 0.000052 -0.009040 0.001336
v 0.000052 -0.009107 -0.000574
v -0.001245 -0.008486 0.003191
v -0.001884 -0.008367 -0.003064
v -0.000613 -0.008753 0.002584
v -0.000624 -0.008907 -0.001838
v -0.006172 -0.006605 0.001336
v -0.006096 -0.006524 -0.001838
v 0.000052 -0.009107 0.000701
v 0.000052 -0.009129 0.000064
v -0.001274 -0.008681 -0.002457
v -0.004294 -0.007425 0.003191
v -0.004843 -0.007078 -0.003064
v -0.006217 -0.006654 0.000701
v -0.006172 -0.006605 -0.001209
v -0.005585 -0.006967 0.001965
v -0.005488 -0.006846 -0.002457
v -0.001884 -0.008367 0.003191
v -0.002511 -0.008201 -0.003064
v -0.000624 -0.008907 0.001965
v -0.000632 -0.009018 -0.001209
v -0.004954 -0.007241 0.002584
v -0.006232 -0.006670 0.000064
v -0.006217 -0.006654 -0.000574
v -0.003720 -0.007728 0.003191
v -0.004294 -0.007425 -0.003064
v -0.002511 -0.008201 0.003191
v -0.003124 -0.007987 -0.003064
v -0.001274 -0.008681 0.002584
v -0.001927 -0.008560 -0.002457
v -0.001296 -0.008834 -0.001838
v -0.003124 -0.007987 0.003191
v -0.003720 -0.007728 -0.003064
v -0.000632 -0.009018 0.001336
v -0.000637 -0.009084 -0.000574
v -0.005654 -0.007053 0.001336
v -0.005585 -0.006967 -0.001838
v -0.004392 -0.007596 0.002584
v -0.004954 -0.007241 -0.002457
v -0.000637 -0.009084 0.000701
v -0.000638 -0.009107 0.000064
v -0.005042 -0.007369 0.001965
v -0.001927 -0.008560 0.002584
v -0.002569 -0.008390 -0.002457
v -0.005696 -0.007105 0.000701
v -0.005654 -0.007053 -0.001209
v -0.001296 -0.008834 0.001965
v -0.001312 -0.008944 -0.001209
v -0.003805 -0.007906 0.002584
v -0.004392 -0.007596 -0.002457
v -0.001961 -0.008711 -0.001838
v -0.005710 -0.007123 0.000064
v -0.005696 -0.007105 -0.000574
v -0.002569 -0.008390 0.002584
v -0.003196 -0.008171 -0.002457
v -0.003196 -0.008171 0.002584
v -0.003805 -0.007906 -0.002457
v -0.005104 -0.007461 0.001336
v -0.005042 -0.007369 -0.001838
v -0.001312 -0.008944 0.001336
v -0.001322 -0.009010 -0.000574
v -0.004470 -0.007729 0.001965
v -0.001322 -0.009010 0.000701
v -0.001325 -0.009032 0.000064
v -0.001961 -0.008711 0.001965
v -0.002614 -0.008537 -0.001838
v -0.001985 -0.008819 -0.001209
v -0.005142 -0.007516 0.000701
v -0.005104 -0.007461 -0.001209
v -0.003872 -0.008045 0.001965
v -0.004470 -0.007729 -0.001838
v -0.002614 -0.008537 0.001965
v -0.003253 -0.008315 -0.001838
v -0.004525 -0.007825 0.001336
v -0.005155 -0.007534 0.000064
v -0.005142 -0.007516 -0.000574
v -0.003253 -0.008315 0.001965
v -0.003872 -0.008045 -0.001838
v -0.001985 -0.008819 0.001336
v -0.002000 -0.008884 -0.000574
v -0.002647 -0.008644 -0.001209
v -0.002000 -0.008884 0.000701
v -0.002005 -0.008906 0.000064
v -0.004559 -0.007883 0.000701
v -0.004525 -0.007825 -0.001209
v -0.003920 -0.008145 0.001336
v -0.002647 -0.008644 0.001336
v -0.003293 -0.008419 -0.001209
v -0.002666 -0.008707 -0.000574
v -0.004570 -0.007903 0.000064
v -0.004559 -0.007883 -0.000574
v -0.003293 -0.008419 0.001336
v -0.003920 -0.008145 -0.001209
v -0.003949 -0.008206 0.000701
v -0.002666 -0.008707 0.000701
v -0.002673 -0.008729 0.000064
v -0.003317 -0.008481 -0.000574
v -0.003317 -0.008481 0.000701
v -0.003949 -0.008206 -0.000574
v -0.003959 -0.008226 0.000064
v -0.003325 -0.008502 0.000064
vn 0.3236 0.6302 -0.7058
vn 0.0000 0.0000 1.0000
vn 0.2151 0.6734 -0.7073
vn 0.2092 0.6772 -0.7055
vn 0.1014 0.7010 -0.7059
vn 0.3283 0.6260 -0.7074
vn 0.4231 0.5682 -0.7058
vn -0.0150 0.7082 -0.7058
vn 0.0894 0.6998 -0.7088
vn 0.4310 0.5585 -0.7087
vn 0.5110 0.4907 -0.7057
vn 0.7930 0.6092 0.0000
vn 0.7928 0.6095 -0.0001
vn -0.1317 0.9913 0.0000
vn 0.2230 0.4538 0.8627
vn 0.1765 0.4547 0.8730
vn -0.1316 0.9913 0.0000
vn 0.1618 0.4796 -0.8624
vn 0.1974 0.4454 -0.8733
vn 0.1913 0.4625 0.8658
vn 0.1920 0.4641 -0.8647
vn -0.3458 0.9383 0.0093
vn -0.1390 0.9896 -0.0376
vn 0.1281 0.4850 0.8651
vn 0.7931 0.6090 -0.0001
vn 0.2515 0.4339 -0.8652
vn -0.1320 0.6960 -0.7058
vn -0.0331 0.7034 -0.7100
vn 0.5204 0.4745 -0.7099
vn 0.5846 0.4002 -0.7057
vn 0.2642 0.4326 0.8620
vn 0.1102 0.4828 -0.8688
vn 0.2405 0.9684 -0.0661
vn -0.5072 0.8589 0.0706
vn 0.1069 0.4683 0.8771
vn 0.7922 0.6103 0.0000
vn 0.2547 0.4074 -0.8770
vn -0.1342 0.9902 0.0376
vn 0.7931 0.6091 -0.0002
vn 0.9572 0.2664 -0.1128
vn 0.1079 -0.2423 0.9642
vn 0.0000 0.0000 -1.0000
vn 0.0999 -0.0216 0.9948
vn -0.3227 0.6415 -0.6960
vn -0.1545 0.6861 -0.7109
vn 0.5938 0.3766 -0.7110
vn 0.6424 0.2986 -0.7058
vn 0.1065 0.9942 -0.0140
vn 0.6628 0.7488 0.0038
vn -0.0225 0.0282 0.9993
vn -0.7939 -0.6077 0.0230
vn 0.0832 0.1916 0.9779
vn 0.0928 0.1784 0.9796
vn 0.0123 0.3945 -0.9188
vn -0.0045 -0.0024 -1.0000
vn -0.7124 0.7009 0.0366
vn 0.9992 -0.0167 -0.0354
vn -0.0018 0.0397 0.9992
vn 0.0077 0.0101 0.9999
vn 0.0016 0.0126 -0.9999
vn -0.0004 0.0100 -1.0000
vn 0.3386 -0.5305 0.7771
vn -0.2919 0.4574 0.8400
vn 0.4613 0.8872 0.0000
vn 0.2999 0.9540 0.0000
vn 0.2848 0.9586 0.0010
vn 0.4616 0.8871 -0.0000
vn 0.4645 0.8856 0.0000
vn 0.2952 0.9554 0.0000
vn 0.4616 0.8871 0.0009
vn 0.2999 0.9540 0.0013
vn 0.0110 0.0920 0.9957
vn 0.1288 0.9917 -0.0008
vn 0.1185 0.9929 -0.0003
vn -0.1899 0.4573 0.8688
vn 0.5863 0.8101 0.0018
vn 0.6083 0.7937 0.0000
vn 0.1267 0.9919 0.0013
vn 0.1288 0.9917 0.0019
vn 0.6083 0.7937 0.0018
vn 0.6109 0.7917 0.0009
vn -0.9109 0.4127 0.0000
vn 0.7723 0.6353 0.0000
vn -0.0647 -0.0417 0.9970
vn -0.0191 0.0857 0.9961
vn -0.0968 0.9908 -0.0950
vn 0.7925 0.6098 -0.0001
vn 0.0278 -0.0008 0.9996
vn 0.0074 0.0068 1.0000
vn 0.5049 0.8624 -0.0367
vn 0.0163 -0.0752 -0.9970
vn 0.0740 0.0472 -0.9961
vn 0.4518 -0.4133 0.7906
vn -0.0446 0.9990 0.0002
vn -0.0415 0.9991 0.0000
vn 0.7360 0.6770 0.0000
vn -0.0470 0.9989 0.0020
vn -0.0446 0.9990 0.0026
vn 0.7360 0.6770 0.0030
vn 0.7390 0.6738 0.0018
vn 0.0379 -0.0593 0.9975
vn -0.1672 -0.0820 0.9825
vn -0.2668 0.6825 -0.6805
vn -0.2826 0.6747 -0.6819
vn 0.6491 0.2681 -0.7119
vn 0.7098 0.1130 -0.6953
vn -0.0508 0.0994 0.9937
vn -0.1316 0.9913 -0.0001
vn 0.7923 0.6101 -0.0000
vn 0.7934 0.6087 0.0001
vn -0.0336 0.0810 0.9961
vn 0.1249 -0.0303 0.9917
vn -0.1095 0.0667 -0.9918
vn 0.0809 0.0337 -0.9962
vn -0.4939 0.8692 -0.0229
vn -0.3608 0.9327 0.0000
vn 0.1211 -0.0316 0.9921
vn 0.0335 0.0213 0.9992
vn -0.0086 0.0388 -0.9992
vn 0.0143 0.0331 -0.9993
vn -0.2169 0.9762 0.0000
vn 0.8434 0.5373 0.0000
vn -0.2197 0.9756 0.0027
vn -0.2169 0.9762 0.0034
vn 0.8434 0.5373 0.0036
vn 0.8445 0.5356 0.0030
vn 0.9620 0.2721 -0.0219
vn 0.0509 0.9987 -0.0006
vn 0.7929 0.6094 -0.0000
vn 0.6551 0.7543 -0.0429
vn 0.3119 0.9485 0.0554
vn -0.2366 0.4476 0.8624
vn 0.4736 0.1466 -0.8684
vn 0.4334 0.1514 0.8884
vn 0.0466 0.0844 0.9953
vn 0.1196 0.0498 0.9916
vn -0.2258 0.4246 -0.8768
vn -0.5795 0.4439 0.6835
vn -0.3830 0.9238 0.0000
vn -0.3903 0.9207 0.0005
vn 0.1172 -0.5266 0.8420
vn 0.9242 0.3819 0.0000
vn 0.9231 0.3844 0.0002
vn -0.3863 0.9224 0.0035
vn -0.3830 0.9237 0.0044
vn 0.9231 0.3844 0.0044
vn 0.9242 0.3818 0.0036
vn 0.7921 0.6103 -0.0001
vn 0.4833 0.1316 0.8655
vn -0.1309 0.9914 -0.0000
vn -0.2495 0.4347 -0.8653
vn 0.1172 0.0103 0.9931
vn -0.5134 0.5044 -0.6943
vn -0.3778 0.5912 -0.7126
vn 0.7066 0.1960 -0.6799
vn 0.7305 0.0453 -0.6814
vn -0.0715 -0.0044 0.9974
vn -0.0683 -0.0151 0.9976
vn -0.1318 0.9913 -0.0000
vn -0.2822 0.4186 0.8632
vn 0.7924 0.6100 -0.0002
vn 0.4958 0.0996 -0.8627
vn 0.7932 0.6090 0.0000
vn 0.4821 0.0743 0.8730
vn 0.4954 0.0659 0.8661
vn -0.2891 0.3929 -0.8729
vn -0.3046 0.3964 -0.8660
vn -0.1221 0.1926 0.9736
vn -0.5382 0.8428 -0.0005
vn -0.5354 0.8446 -0.0007
vn -0.0210 0.4718 0.8815
vn 0.9723 0.2337 0.0011
vn 0.9762 0.2167 0.0000
vn -0.5384 0.8427 0.0045
vn -0.5382 0.8428 0.0046
vn 0.9762 0.2167 -0.0052
vn 0.9636 0.2673 0.0044
vn -0.9244 0.3814 0.0000
vn -0.3050 0.3797 0.8734
vn 0.9237 -0.3830 0.0000
vn 0.9238 -0.3830 -0.0000
vn 0.5045 0.0339 0.8628
vn -0.3331 0.3802 -0.8629
vn 0.4839 0.0533 -0.8735
vn -0.3044 0.3982 0.8653
vn 0.4974 0.0678 -0.8649
vn 0.0567 -0.0435 0.9974
vn -0.1091 -0.0998 0.9890
vn -0.4818 0.5439 -0.6871
vn -0.4923 0.5345 -0.6870
vn 0.7388 0.0765 -0.6696
vn 0.7383 0.0688 -0.6709
vn -0.0836 -0.1969 0.9769
vn -0.0708 -0.0032 0.9975
vn -0.9242 0.3818 -0.0000
vn -0.9240 0.3823 -0.0001
vn -0.3551 0.3528 0.8657
vn 0.9244 -0.3814 0.0001
vn 0.9246 -0.3810 0.0002
vn 0.5012 0.0007 -0.8653
vn 0.7031 -0.2905 0.6490
vn -0.6763 0.7366 0.0009
vn -0.6677 0.7445 0.0000
vn 0.9990 0.0446 0.0000
vn -0.6775 0.7355 0.0046
vn -0.6763 0.7366 0.0050
vn 0.9990 0.0446 -0.0054
vn 0.9947 0.1030 0.0046
vn 0.1881 0.0084 0.9821
vn -0.1114 -0.1533 0.9819
vn -0.0073 -0.0465 -0.9989
vn -0.0837 0.0912 -0.9923
vn 0.4918 -0.0228 0.8704
vn -0.3642 0.3308 -0.8706
vn -0.3468 0.3003 0.8886
vn -0.0964 0.0001 0.9953
vn 0.4553 -0.0326 -0.8897
vn 0.0683 -0.0680 -0.9953
vn -0.3287 0.2707 -0.9048
vn -0.9237 0.3832 -0.0002
vn -0.9241 0.3821 0.0000
vn 0.9109 -0.4125 -0.0024
vn 0.9238 -0.3829 0.0057
vn -0.7937 0.6083 0.0000
vn 0.2910 -0.4559 0.8411
vn 0.0378 -0.6222 0.7820
vn -0.1025 0.4604 0.8818
vn 0.9892 -0.1468 0.0000
vn 0.9917 -0.1289 0.0014
vn -0.7946 0.6071 0.0050
vn -0.7937 0.6082 0.0054
vn -0.1028 0.0788 0.9916
vn 0.9916 -0.1289 -0.0055
vn 0.9981 -0.0610 0.0051
vn 0.2118 0.0451 0.9763
vn -0.0908 0.1133 -0.9894
vn -0.0138 0.0105 -0.9998
vn 0.1285 -0.0167 -0.9916
vn -0.5568 0.4254 -0.7135
vn 0.7071 -0.0432 -0.7058
vn -0.6013 0.3745 -0.7058
vn 0.6904 -0.1584 -0.7058
vn 0.6904 -0.1589 -0.7057
vn -0.9245 0.3811 0.0001
vn -0.0345 0.1200 0.9922
vn 0.1008 0.0933 -0.9905
vn -0.9243 0.3816 -0.0000
vn 0.9030 -0.4296 -0.0009
vn 0.9747 -0.2236 0.0053
vn -0.9129 0.2868 0.2904
vn -0.8873 0.4611 0.0000
vn 0.0882 -0.0290 0.9957
vn 0.9500 -0.3122 -0.0009
vn 0.9540 -0.2999 0.0000
vn -0.8779 0.4788 0.0054
vn -0.0337 0.0175 0.9993
vn 0.9794 0.1921 0.0623
vn -0.0123 0.0063 -0.9999
vn -0.6166 0.3363 -0.7118
vn -0.9241 0.3820 -0.0001
vn 0.5555 -0.8288 -0.0670
vn 0.9436 -0.3311 -0.0003
vn -0.0175 0.0222 0.9996
vn -0.6577 0.2720 -0.7025
vn 0.6546 -0.2710 -0.7057
vn 0.6412 -0.3501 -0.6828
vn 0.0099 0.1028 0.9947
vn 0.9124 -0.3778 0.1572
vn -0.8926 -0.4404 -0.0971
vn -0.9540 0.2999 0.0000
vn -0.9500 0.3122 -0.0009
vn -0.8970 0.2948 0.3294
vn 0.8930 -0.4502 0.0000
vn 0.0962 -0.0485 0.9942
vn 0.8873 -0.4611 -0.0007
vn -0.0619 0.0322 0.9976
vn -0.9597 0.2809 0.0000
vn -0.6740 0.1973 -0.7119
vn -0.0132 0.0042 0.9999
vn -0.0981 -0.0375 0.9945
vn -0.9540 0.2999 0.0053
vn 0.5580 -0.8275 0.0622
vn 0.0347 -0.0514 0.9981
vn 0.9245 -0.3812 -0.0000
vn 0.7845 0.6176 -0.0565
vn -0.9183 0.3856 -0.0896
vn -0.4349 0.8993 0.0468
vn -0.0502 -0.0558 -0.9972
vn 0.0805 -0.0433 -0.9958
vn -0.0380 0.0113 -0.9992
vn 0.9243 -0.3817 -0.0001
vn 0.6189 -0.3860 -0.6840
vn 0.8485 -0.5292 0.0053
vn 0.0483 0.0797 0.9956
vn -0.7188 0.0829 -0.6902
vn 0.6493 -0.2990 -0.6993
vn -0.1087 -0.0994 0.9891
vn -0.0921 0.0120 0.9957
vn -0.2172 -0.0533 0.9747
vn 0.0333 -0.1207 0.9921
vn -0.0182 0.0285 -0.9994
vn 0.0141 -0.1525 -0.9882
vn -0.6983 0.7126 -0.0670
vn -0.9880 0.1536 -0.0165
vn 0.9240 -0.3824 -0.0000
vn -0.9917 0.1289 0.0014
vn -0.9892 0.1468 0.0000
vn 0.8051 -0.5931 0.0012
vn -0.3703 0.6889 0.6231
vn -0.0666 0.2981 0.9522
vn 0.2465 -0.5446 0.8017
vn 0.5970 -0.6428 0.4799
vn -0.4062 0.4374 0.8023
vn -0.8272 0.3404 -0.4472
vn 0.0693 -0.0090 0.9976
vn 0.7937 -0.6083 0.0000
vn -0.9916 0.1289 0.0053
vn 0.7937 -0.6082 -0.0056
vn 0.1028 -0.0788 0.9916
vn 0.1436 -0.1129 -0.9832
vn -0.9239 0.3825 -0.0001
vn 0.9242 -0.3819 0.0001
vn -0.9937 0.1113 0.0100
vn -0.7187 0.0805 -0.6906
vn 0.5314 -0.4684 -0.7058
vn 0.7502 -0.6612 0.0051
vn -0.1967 -0.0088 0.9804
vn 0.1487 0.2046 0.9675
vn 0.3481 -0.3002 0.8881
vn 0.0962 0.0019 0.9954
vn -0.4810 0.0171 -0.8765
vn 0.1781 0.0150 -0.9839
vn -0.5071 0.0105 0.8618
vn 0.3657 -0.3492 -0.8627
vn 0.0333 -0.1738 0.9842
vn -0.7013 0.1457 -0.6978
vn 0.5313 -0.4686 -0.7058
vn -0.9990 -0.0445 0.0000
vn -0.9236 0.3823 -0.0274
vn 0.9248 -0.3805 0.0000
vn 0.6759 -0.7361 -0.0361
vn -0.9990 -0.0445 -0.0054
vn 0.6763 -0.7366 -0.0054
vn 0.9246 -0.3810 -0.0002
vn 0.3559 -0.3525 0.8655
vn -0.5016 0.0017 -0.8651
vn -0.9947 -0.1029 0.0046
vn -0.7046 -0.0729 -0.7058
vn 0.4475 -0.5492 -0.7058
vn 0.6316 -0.7752 0.0046
vn -0.5050 -0.0329 0.8625
vn -0.4808 -0.0766 0.8735
vn -0.4980 -0.0663 0.8646
vn 0.3047 -0.3966 0.8659
vn -0.4964 -0.0661 -0.8656
vn 0.3315 -0.3803 -0.8634
vn 0.2867 -0.3932 -0.8736
vn 0.3058 -0.3979 -0.8649
vn -0.7047 -0.0732 -0.7058
vn 0.4474 -0.5494 -0.7057
vn -0.9481 0.3165 -0.0292
vn -0.6601 -0.7505 0.0330
vn 0.0424 -0.9985 -0.0357
vn -0.0554 0.1613 0.9854
vn 0.8987 -0.4369 0.0393
vn 0.3349 -0.0212 0.9420
vn -0.9762 -0.2169 0.0046
vn 0.5382 -0.8428 -0.0052
vn -0.1942 -0.0451 -0.9799
vn 0.1835 -0.1674 -0.9687
vn -0.9240 0.3823 0.0000
vn 0.9247 -0.3808 -0.0002
vn 0.9242 -0.3820 0.0000
vn 0.3053 -0.3797 0.8733
vn -0.9242 0.3820 0.0000
vn -0.4845 -0.0533 -0.8732
vn -0.9740 -0.2265 0.0072
vn -0.6829 -0.1588 -0.7130
vn 0.3506 -0.6157 -0.7057
vn 0.4949 -0.8689 0.0041
vn -0.4842 -0.1312 0.8651
vn -0.4334 -0.1514 0.8884
vn -0.0465 -0.0843 0.9954
vn 0.2808 -0.4205 0.8628
vn 0.2323 -0.4368 0.8690
vn -0.4961 -0.1003 -0.8625
vn -0.4864 -0.1441 -0.8618
vn 0.2000 -0.4127 -0.8887
vn 0.2500 -0.4342 -0.8654
vn -0.0236 -0.0969 -0.9950
vn -0.7922 -0.6103 0.0000
vn 0.1313 -0.9913 0.0000
vn 0.1303 -0.9915 0.0001
vn -0.7919 -0.6107 -0.0001
vn -0.6769 -0.2955 -0.6742
vn 0.3509 -0.6155 -0.7058
vn -0.6565 -0.7536 0.0329
vn -0.9263 -0.3767 0.0000
vn 0.4079 -0.9122 0.0388
vn -0.0517 0.1782 0.9826
vn 0.0392 -0.1352 0.9900
vn -0.0633 -0.9980 0.0000
vn -0.1151 0.0634 0.9913
vn 0.1241 -0.0684 0.9899
vn -0.9233 -0.3840 -0.0045
vn -0.1196 -0.0498 0.9916
vn 0.3830 -0.9237 -0.0047
vn 0.0198 -0.0478 0.9987
vn -0.0321 0.0074 0.9995
vn -0.0471 -0.0200 -0.9987
vn -0.2101 -0.0234 -0.9774
vn 0.0486 -0.1199 -0.9916
vn -0.9068 -0.4215 0.0036
vn -0.6719 -0.3123 -0.6715
vn 0.2439 -0.6651 -0.7058
vn 0.3443 -0.9389 0.0035
vn -0.7929 -0.6094 -0.0001
vn -0.7930 -0.6092 -0.0001
vn -0.0891 -0.9960 -0.0079
vn 0.1228 -0.9917 0.0376
vn -0.7927 -0.6096 -0.0001
vn 0.3484 -0.9357 0.0559
vn 0.1311 -0.9914 -0.0001
vn -0.6813 -0.2267 -0.6961
vn 0.1765 -0.7089 -0.6828
vn -0.8430 -0.5379 0.0000
vn 0.2181 -0.9759 0.0000
vn 0.0499 -0.0708 0.9962
vn -0.0157 0.0704 0.9974
vn -0.0108 0.0682 0.9976
vn -0.9976 -0.0695 0.0033
vn -0.1211 0.0317 0.9921
vn -0.0618 -0.0043 0.9981
vn 0.6575 -0.7531 0.0235
vn 0.0502 -0.0576 0.9971
vn 0.1040 -0.0617 -0.9927
vn -0.0748 -0.0042 -0.9972
vn 0.0077 -0.0355 -0.9993
vn -0.7928 -0.6095 -0.0001
vn -0.8340 -0.5297 0.1545
vn -0.5935 -0.3770 -0.7110
vn 0.1355 -0.7163 -0.6845
vn 0.1836 -0.9707 0.1548
vn -0.7934 -0.6087 0.0001
vn 0.1316 -0.9913 -0.0000
vn -0.5845 -0.4001 -0.7058
vn 0.1145 -0.7241 -0.6801
vn -0.7366 -0.6764 0.0000
vn -0.9643 -0.2630 -0.0297
vn 0.0404 -0.9992 0.0000
vn 0.0446 -0.9990 0.0003
vn -0.1351 0.0759 0.9879
vn -0.3207 -0.9382 0.1297
vn -0.4363 -0.8937 0.1049
vn -0.0273 -0.0558 0.9981
vn -0.0203 -0.0580 -0.9981
vn 0.0187 -0.0175 -0.9997
vn 0.0004 -0.0100 -0.9999
vn -0.7370 -0.6759 0.0028
vn -0.5190 -0.4759 -0.7101
vn 0.0158 -0.7298 -0.6835
vn 0.0216 -0.9998 0.0022
vn 0.1312 -0.9914 -0.0000
vn -0.7927 -0.6096 0.0001
vn 0.1308 -0.9914 0.0000
vn -0.7923 -0.6101 0.0000
vn -0.4649 -0.5665 -0.6804
vn 0.1019 -0.7073 -0.6995
vn -0.6078 -0.7932 -0.0372
vn -0.6169 -0.7861 -0.0380
vn -0.1185 -0.9929 -0.0002
vn -0.0489 0.1462 0.9880
vn 0.0431 0.0563 0.9975
vn -0.1300 -0.9915 -0.0008
vn 0.0095 0.0727 0.9973
vn 0.0816 -0.0090 0.9966
vn -0.6083 -0.7937 -0.0021
vn -0.0248 -0.0724 0.9971
vn -0.0315 -0.0411 0.9987
vn -0.1300 -0.9915 -0.0021
vn -0.0168 -0.1285 0.9916
vn -0.0878 -0.0892 0.9921
vn -0.1044 -0.1371 -0.9850
vn -0.0037 -0.1442 -0.9895
vn -0.0586 -0.0862 -0.9946
vn -0.0117 -0.0872 -0.9961
vn -0.5974 -0.8019 0.0012
vn -0.4394 -0.5898 -0.6776
vn -0.1009 -0.7012 -0.7058
vn -0.1425 -0.9898 0.0009
vn -0.7932 -0.6090 0.0000
vn 0.1311 -0.9914 0.0000
vn -0.7925 -0.6099 -0.0001
vn 0.1316 -0.9913 0.0001
vn -0.4884 -0.5220 -0.6992
vn -0.1850 -0.7079 -0.6817
vn -0.4604 -0.8870 -0.0357
vn -0.0603 -0.9982 0.0000
vn -0.2848 -0.9586 0.0010
vn 0.0862 -0.0509 0.9950
vn -0.2999 -0.9540 0.0000
vn -0.1539 0.1609 0.9749
vn -0.4607 -0.8876 0.0012
vn -0.0784 -0.1982 0.9770
vn -0.0927 -0.1786 0.9795
vn -0.2999 -0.9540 -0.0013
vn 0.0498 -0.0824 0.9954
vn -0.1529 -0.0366 -0.9876
vn -0.1065 -0.1999 -0.9740
vn -0.0605 -0.1921 -0.9795
vn -0.4645 -0.8856 0.0000
vn -0.3283 -0.6260 -0.7074
vn -0.1168 -0.7316 -0.6716
vn -0.2159 -0.6747 -0.7058
vn -0.3048 -0.9524 0.0000
vn -0.3236 -0.6302 -0.7058
vn -0.1081 0.2427 0.9641
vn 0.2476 0.0957 -0.9641
vn -0.7929 -0.6093 -0.0001
vn 0.1317 -0.9913 0.0001
vn 0.1309 -0.9914 -0.0000
vn -0.7926 -0.6098 -0.0000
vn 0.1307 -0.9914 -0.0000
vn -0.0856 -0.4511 0.8884
vn -0.2239 -0.4534 0.8627
vn -0.1766 -0.4543 0.8732
vn -0.1911 -0.4619 0.8661
vn -0.2637 -0.4328 0.8621
vn -0.1277 -0.4844 0.8655
vn -0.1911 -0.4619 -0.8661
vn -0.2695 -0.4243 -0.8645
vn -0.1616 -0.4793 -0.8627
vn -0.1959 -0.4463 -0.8732
vn -0.1183 -0.4930 -0.8620
vn -0.7929 -0.6094 -0.0000
vn 0.1326 -0.9912 0.0001
vn 0.1319 -0.9913 -0.0001
vn -0.7934 -0.6087 0.0000
vn 0.1323 -0.9912 -0.0001
vn 0.1317 -0.9913 0.0000
vn 0.3638 0.9305 0.0429
vn 0.3545 0.9344 0.0347
vn 0.3545 0.9344 -0.0346
vn 0.3638 0.9305 -0.0428
vn 0.4255 0.9043 0.0343
vn 0.4337 0.9008 0.0223
vn 0.4257 0.9045 -0.0247
vn 0.2921 0.9558 0.0347
vn 0.2921 0.9558 -0.0338
vn 0.2929 0.9555 -0.0347
vn 0.4314 0.8961 0.1043
vn 0.4301 0.8966 0.1058
vn 0.3621 0.9261 0.1058
vn 0.4336 0.9005 -0.0343
vn 0.4314 0.8959 -0.1058
vn 0.3633 0.9256 -0.1058
vn 0.3621 0.9263 -0.1044
vn 0.3633 0.9258 0.1044
vn 0.2915 0.9509 0.1044
vn 0.2929 0.9555 0.0338
vn 0.2908 0.9511 -0.1044
vn 0.2914 0.9508 -0.1051
vn 0.4994 0.8656 0.0352
vn 0.5001 0.8653 0.0344
vn 0.4994 0.8657 -0.0344
vn 0.4976 0.8610 0.1055
vn 0.4986 0.8605 0.1043
vn 0.5000 0.8653 -0.0352
vn 0.4976 0.8611 -0.1043
vn 0.4302 0.8967 -0.1043
vn 0.2199 0.9749 0.0339
vn 0.2199 0.9749 -0.0350
vn 0.2188 0.9752 -0.0338
vn 0.4260 0.8879 0.1736
vn 0.4271 0.8876 0.1724
vn 0.3599 0.9169 0.1724
vn 0.4261 0.8881 -0.1724
vn 0.3583 0.9176 -0.1724
vn 0.3598 0.9166 -0.1742
vn 0.2908 0.9510 0.1051
vn 0.2177 0.9703 0.1052
vn 0.2188 0.9751 0.0351
vn 0.2179 0.9703 -0.1052
vn 0.2177 0.9704 -0.1050
vn 0.3582 0.9173 0.1742
vn 0.2880 0.9417 0.1741
vn 0.2886 0.9415 -0.1741
vn 0.2880 0.9418 -0.1735
vn 0.4937 0.8521 0.1737
vn 0.4938 0.8521 0.1736
vn 0.4985 0.8604 -0.1055
vn 0.4937 0.8521 -0.1736
vn 0.4270 0.8875 -0.1736
vn 0.5653 0.8241 0.0348
vn 0.5650 0.8243 0.0352
vn 0.5653 0.8241 -0.0352
vn 0.5623 0.8204 0.1039
vn 0.5610 0.8211 0.1055
vn 0.5650 0.8243 -0.0348
vn 0.5622 0.8202 -0.1055
vn 0.2886 0.9416 0.1735
vn 0.2158 0.9609 0.1734
vn 0.2179 0.9703 0.1050
vn 0.2158 0.9609 -0.1734
vn 0.1446 0.9889 0.0351
vn 0.1446 0.9889 -0.0346
vn 0.1450 0.9888 -0.0350
vn 0.4206 0.8743 0.2424
vn 0.4204 0.8743 0.2427
vn 0.3529 0.9037 0.2426
vn 0.4206 0.8742 -0.2427
vn 0.3537 0.9033 -0.2427
vn 0.3529 0.9039 -0.2417
vn 0.3538 0.9035 0.2417
vn 0.2844 0.9277 0.2418
vn 0.2831 0.9281 -0.2418
vn 0.2843 0.9274 -0.2431
vn 0.1443 0.9840 0.1050
vn 0.1450 0.9888 0.0346
vn 0.1453 0.9838 -0.1050
vn 0.1443 0.9841 -0.1039
vn 0.5556 0.8132 0.1734
vn 0.5553 0.8133 0.1736
vn 0.5611 0.8212 -0.1039
vn 0.5555 0.8132 -0.1736
vn 0.4938 0.8521 -0.1737
vn 0.4865 0.8395 0.2421
vn 0.4862 0.8396 0.2424
vn 0.4864 0.8394 -0.2424
vn 0.4204 0.8744 -0.2424
vn 0.6250 0.7798 0.0345
vn 0.6248 0.7800 0.0348
vn 0.6250 0.7798 -0.0347
vn 0.2830 0.9278 0.2431
vn 0.2126 0.9464 0.2431
vn 0.2132 0.9463 -0.2431
vn 0.2126 0.9466 -0.2424
vn 0.1439 0.9743 0.1734
vn 0.1453 0.9839 0.1039
vn 0.1442 0.9742 -0.1734
vn 0.1439 0.9743 -0.1731
vn 0.6218 0.7762 0.1042
vn 0.6220 0.7761 0.1040
vn 0.6249 0.7800 -0.0345
vn 0.6218 0.7762 -0.1040
vn 0.5470 0.8011 0.2431
vn 0.5479 0.8007 0.2420
vn 0.5553 0.8133 -0.1734
vn 0.5471 0.8013 -0.2421
vn 0.4862 0.8396 -0.2421
vn 0.4120 0.8568 0.3101
vn 0.4130 0.8567 0.3092
vn 0.3468 0.8855 0.3092
vn 0.4121 0.8571 -0.3092
vn 0.3461 0.8858 -0.3092
vn 0.3467 0.8853 -0.3099
vn 0.6159 0.7684 0.1741
vn 0.6165 0.7680 0.1734
vn 0.6220 0.7760 -0.1042
vn 0.6159 0.7685 -0.1734
vn 0.0709 0.9969 0.0347
vn 0.0709 0.9969 -0.0345
vn 0.0710 0.9969 -0.0346
vn 0.3460 0.8856 0.3099
vn 0.2774 0.9094 0.3099
vn 0.2795 0.9088 -0.3099
vn 0.2776 0.9101 -0.3077
vn 0.0707 0.9921 0.1039
vn 0.0710 0.9969 0.0345
vn 0.0697 0.9921 -0.1039
vn 0.0706 0.9920 -0.1049
vn 0.2132 0.9465 0.2424
vn 0.1420 0.9597 0.2423
vn 0.1442 0.9743 0.1731
vn 0.1417 0.9598 -0.2423
vn 0.1420 0.9597 -0.2427
vn 0.4766 0.8230 0.3089
vn 0.4753 0.8233 0.3102
vn 0.4764 0.8227 -0.3102
vn 0.4128 0.8564 -0.3101
vn 0.2797 0.9094 0.3077
vn 0.2091 0.9282 0.3078
vn 0.2080 0.9285 -0.3078
vn 0.2090 0.9278 -0.3089
vn 0.0690 0.9825 0.1731
vn 0.0697 0.9920 0.1049
vn 0.0685 0.9825 -0.1731
vn 0.0690 0.9824 -0.1737
vn 0.6825 0.7302 0.0333
vn 0.6816 0.7309 0.0345
vn 0.6824 0.7301 -0.0344
vn 0.6073 0.7567 0.2421
vn 0.6065 0.7570 0.2430
vn 0.6164 0.7679 -0.1741
vn 0.6072 0.7565 -0.2430
vn 0.5478 0.8005 -0.2431
vn 0.5371 0.7850 0.3087
vn 0.5370 0.7850 0.3089
vn 0.5371 0.7849 -0.3089
vn 0.4755 0.8237 -0.3089
vn 0.6782 0.7273 0.1051
vn 0.6789 0.7268 0.1043
vn 0.6816 0.7309 -0.0332
vn 0.6783 0.7274 -0.1043
vn 0.2079 0.9281 0.3089
vn 0.1389 0.9409 0.3089
vn 0.1417 0.9597 0.2427
vn 0.1392 0.9408 -0.3090
vn 0.1389 0.9410 -0.3086
vn 0.6721 0.7196 0.1748
vn 0.6726 0.7192 0.1741
vn 0.6788 0.7268 -0.1051
vn 0.6722 0.7196 -0.1741
vn 0.4027 0.8355 0.3739
vn 0.4009 0.8356 0.3755
vn 0.3373 0.8632 0.3756
vn 0.4025 0.8349 -0.3755
vn 0.3376 0.8631 -0.3756
vn 0.3373 0.8634 -0.3752
vn 0.0675 0.9678 0.2426
vn 0.0685 0.9824 0.1737
vn 0.0672 0.9678 -0.2426
vn 0.0675 0.9677 -0.2429
vn 0.3377 0.8632 0.3752
vn 0.2725 0.8860 0.3752
vn 0.2715 0.8863 -0.3752
vn 0.2724 0.8856 -0.3762
vn -0.0058 0.9994 0.0345
vn -0.0058 0.9994 -0.0345
vn -0.0058 0.9994 -0.0344
vn 0.4635 0.8029 0.3748
vn 0.4646 0.8027 0.3739
vn 0.4637 0.8033 -0.3739
vn 0.4012 0.8362 -0.3739
vn -0.0058 0.9945 0.1049
vn -0.0058 0.9945 -0.1049
vn -0.0058 0.9945 -0.1050
vn 0.5947 0.7423 0.3086
vn 0.5945 0.7424 0.3088
vn 0.6066 0.7572 -0.2421
vn 0.5947 0.7423 -0.3088
vn 0.5370 0.7850 -0.3087
vn 0.2713 0.8859 0.3762
vn 0.2025 0.9041 0.3762
vn 0.2043 0.9037 -0.3762
vn 0.2027 0.9048 -0.3745
vn 0.6628 0.7087 0.2415
vn 0.6623 0.7090 0.2421
vn 0.6725 0.7191 -0.1748
vn 0.6627 0.7086 -0.2421
vn -0.0058 0.9848 0.1738
vn -0.0058 0.9945 0.1050
vn -0.0058 0.9848 -0.1738
vn 0.5233 0.7649 0.3755
vn 0.5240 0.7648 0.3749
vn 0.5234 0.7652 -0.3749
vn 0.4644 0.8024 -0.3748
vn 0.1392 0.9409 0.3086
vn 0.0659 0.9489 0.3087
vn 0.0672 0.9677 0.2429
vn 0.0659 0.9489 -0.3087
vn 0.7350 0.6771 0.0356
vn 0.7365 0.6756 0.0333
vn 0.7351 0.6772 -0.0332
vn 0.7330 0.6724 0.1032
vn 0.7316 0.6736 0.1052
vn 0.7364 0.6756 -0.0355
vn 0.7328 0.6722 -0.1052
vn 0.2044 0.9044 0.3745
vn 0.1357 0.9172 0.3746
vn 0.1350 0.9173 -0.3746
vn 0.1357 0.9169 -0.3752
vn -0.0057 0.9700 0.2429
vn -0.0044 0.9700 -0.2429
vn -0.0057 0.9704 -0.2415
vn 0.3887 0.8102 0.4388
vn 0.3903 0.8101 0.4375
vn 0.3276 0.8375 0.4374
vn 0.3890 0.8107 -0.4375
vn 0.3274 0.8376 -0.4374
vn 0.3275 0.8374 -0.4376
vn 0.7244 0.6669 0.1742
vn 0.7241 0.6672 0.1747
vn 0.7318 0.6737 -0.1032
vn 0.7244 0.6669 -0.1747
vn 0.3273 0.8375 0.4376
vn 0.2633 0.8597 0.4376
vn 0.2626 0.8600 -0.4376
vn 0.2632 0.8594 -0.4383
vn 0.6493 0.6950 0.3089
vn 0.6495 0.6949 0.3086
vn 0.6624 0.7091 -0.2415
vn 0.6493 0.6951 -0.3086
vn 0.5946 0.7425 -0.3086
vn 0.5793 0.7235 0.3755
vn 0.5793 0.7235 -0.3755
vn 0.5239 0.7645 -0.3755
vn 0.4503 0.7780 0.4381
vn 0.4495 0.7781 0.4388
vn 0.4501 0.7777 -0.4388
vn 0.3900 0.8095 -0.4388
vn -0.0810 0.9961 0.0345
vn -0.0810 0.9961 -0.0347
vn -0.0812 0.9961 -0.0345
vn 0.2625 0.8596 0.4383
vn 0.1981 0.8767 0.4384
vn 0.1975 0.8768 -0.4384
vn 0.1981 0.8764 -0.4390
vn -0.0808 0.9912 0.1050
vn -0.0812 0.9961 0.0348
vn -0.0814 0.9911 -0.1050
vn -0.0808 0.9911 -0.1056
vn 0.1350 0.9170 0.3752
vn 0.0642 0.9247 0.3752
vn 0.0647 0.9247 -0.3752
vn 0.0642 0.9249 -0.3748
vn 0.7135 0.6575 0.2422
vn 0.7141 0.6571 0.2415
vn 0.7241 0.6673 -0.1742
vn 0.7136 0.6576 -0.2415
vn 0.5080 0.7414 0.4384
vn 0.5085 0.7413 0.4381
vn 0.5081 0.7415 -0.4381
vn 0.4496 0.7784 -0.4381
vn -0.0043 0.9512 0.3086
vn -0.0044 0.9704 0.2415
vn -0.0059 0.9512 -0.3086
vn -0.0043 0.9507 -0.3102
vn -0.0806 0.9815 0.1738
vn -0.0814 0.9911 0.1056
vn -0.0801 0.9815 -0.1738
vn -0.0806 0.9816 -0.1733
vn 0.1974 0.8765 0.4390
vn 0.1308 0.8889 0.4390
vn 0.1310 0.8889 -0.4390
vn 0.1309 0.8889 -0.4389
vn 0.6331 0.6773 0.3747
vn 0.6322 0.6777 0.3755
vn 0.6495 0.6948 -0.3089
vn 0.6329 0.6771 -0.3755
vn 0.5793 0.7234 -0.3755
vn 0.7849 0.6187 0.0348
vn 0.7845 0.6192 0.0355
vn 0.7849 0.6186 -0.0355
vn 0.7807 0.6162 0.1042
vn 0.7814 0.6155 0.1032
vn 0.7845 0.6192 -0.0347
vn 0.7808 0.6162 -0.1032
vn -0.0789 0.9672 0.2414
vn -0.0801 0.9816 0.1733
vn -0.0789 0.9672 -0.2414
vn 0.6999 0.6440 0.3088
vn 0.6998 0.6441 0.3089
vn 0.7140 0.6569 -0.2422
vn 0.6999 0.6440 -0.3089
vn 0.5619 0.7016 0.4383
vn 0.5616 0.7017 0.4384
vn 0.5618 0.7015 -0.4384
vn 0.5084 0.7412 -0.4384
vn 0.3758 0.7799 0.5005
vn 0.3752 0.7799 0.5010
vn 0.3151 0.8061 0.5009
vn 0.3757 0.7797 -0.5010
vn 0.3150 0.8061 -0.5009
vn 0.3151 0.8061 -0.5009
vn 0.7737 0.6094 0.1734
vn 0.7730 0.6100 0.1743
vn 0.7813 0.6154 -0.1042
vn 0.7735 0.6093 -0.1743
vn 0.3150 0.8061 0.5009
vn 0.2527 0.8278 0.5009
vn 0.2541 0.8273 -0.5010
vn 0.2529 0.8284 -0.4998
vn 0.0647 0.9249 0.3748
vn -0.0057 0.9271 0.3748
vn -0.0059 0.9507 0.3102
vn -0.0059 0.9271 -0.3748
vn -0.0057 0.9270 -0.3750
vn 0.4327 0.7490 0.5018
vn 0.4343 0.7489 0.5006
vn 0.4330 0.7496 -0.5006
vn 0.3753 0.7801 -0.5005
vn 0.1310 0.8889 0.4389
vn 0.0627 0.8963 0.4389
vn 0.0634 0.8963 -0.4390
vn 0.0627 0.8966 -0.4384
vn 0.2543 0.8280 0.4998
vn 0.1903 0.8450 0.4998
vn 0.1892 0.8453 -0.4997
vn 0.1902 0.8445 -0.5007
vn -0.1563 0.9871 0.0348
vn -0.1563 0.9871 -0.0350
vn -0.1565 0.9871 -0.0348
vn -0.0773 0.9475 0.3102
vn -0.0762 0.9476 -0.3102
vn -0.0773 0.9479 -0.3091
vn 0.7617 0.6010 0.2422
vn 0.7616 0.6011 0.2423
vn 0.7731 0.6101 -0.1734
vn 0.7616 0.6010 -0.2423
vn -0.1558 0.9821 0.1056
vn -0.1565 0.9870 0.0351
vn -0.1555 0.9822 -0.1056
vn -0.1558 0.9822 -0.1053
vn 0.4899 0.7142 0.4999
vn 0.4873 0.7147 0.5018
vn 0.4893 0.7133 -0.5018
vn 0.4339 0.7483 -0.5018
vn 0.6129 0.6570 0.4391
vn 0.6139 0.6566 0.4382
vn 0.6325 0.6780 -0.3746
vn 0.6132 0.6573 -0.4382
vn 0.5617 0.7017 -0.4383
vn 0.6819 0.6276 0.3757
vn 0.6829 0.6271 0.3747
vn 0.6999 0.6441 -0.3088
vn 0.6822 0.6279 -0.3747
vn -0.1540 0.9728 0.1733
vn -0.1555 0.9822 0.1053
vn -0.1544 0.9727 -0.1733
vn -0.1540 0.9727 -0.1737
vn 0.1890 0.8447 0.5007
vn 0.1262 0.8564 0.5006
vn 0.1257 0.8565 -0.5006
vn 0.1262 0.8562 -0.5010
vn 0.5408 0.6757 0.5010
vn 0.5423 0.6753 0.4999
vn 0.5412 0.6762 -0.4999
vn 0.4879 0.7156 -0.4998
vn 0.7465 0.5892 0.3093
vn 0.7470 0.5888 0.3088
vn 0.7616 0.6011 -0.2422
vn 0.7466 0.5893 -0.3088
vn 0.0634 0.8966 0.4383
vn -0.0057 0.8988 0.4383
vn -0.0059 0.9270 0.3750
vn -0.0059 0.8988 -0.4383
vn -0.0057 0.8987 -0.4385
vn -0.1521 0.9585 0.2413
vn -0.1543 0.9726 0.1737
vn -0.1520 0.9585 -0.2413
vn -0.1521 0.9585 -0.2412
vn 0.8289 0.5584 0.0352
vn 0.8291 0.5580 0.0348
vn 0.8289 0.5584 -0.0348
vn -0.0743 0.9241 0.3750
vn -0.0762 0.9480 0.3091
vn -0.0749 0.9240 -0.3749
vn -0.0742 0.9238 -0.3755
vn 0.8250 0.5553 0.1047
vn 0.8253 0.5550 0.1043
vn 0.8291 0.5580 -0.0352
vn 0.8251 0.5553 -0.1043
vn 0.3593 0.7469 0.5596
vn 0.3593 0.7469 0.5595
vn 0.3017 0.7719 0.5596
vn 0.3593 0.7469 -0.5595
vn 0.3022 0.7717 -0.5596
vn 0.3018 0.7721 -0.5592
vn 0.1257 0.8563 0.5010
vn 0.0611 0.8633 0.5011
vn 0.0605 0.8633 -0.5011
vn 0.0610 0.8630 -0.5015
vn 0.3023 0.7720 0.5592
vn 0.2434 0.7925 0.5592
vn 0.2420 0.7930 -0.5591
vn 0.2432 0.7918 -0.5602
vn 0.8172 0.5496 0.1737
vn 0.8174 0.5493 0.1733
vn 0.8252 0.5550 -0.1047
vn 0.8172 0.5496 -0.1733
vn 0.4160 0.7173 0.5589
vn 0.4150 0.7174 0.5596
vn 0.4158 0.7170 -0.5595
vn 0.3593 0.7468 -0.5596
vn 0.6623 0.6082 0.4376
vn 0.6606 0.6090 0.4391
vn 0.6826 0.6268 -0.3757
vn 0.6618 0.6077 -0.4391
vn 0.6136 0.6563 -0.4391
vn 0.2418 0.7922 0.5602
vn 0.1809 0.8084 0.5602
vn 0.1824 0.8080 -0.5602
vn 0.1811 0.8091 -0.5591
vn -0.1489 0.9393 0.3092
vn -0.1520 0.9585 0.2412
vn -0.1494 0.9392 -0.3092
vn -0.1489 0.9391 -0.3097
vn 0.5911 0.6323 0.5008
vn 0.5909 0.6323 0.5010
vn 0.5911 0.6322 -0.5010
vn 0.5419 0.6748 -0.5010
vn 0.7281 0.5739 0.3747
vn 0.7273 0.5745 0.3756
vn 0.7468 0.5887 -0.3094
vn 0.7279 0.5737 -0.3756
vn 0.4669 0.6848 0.5595
vn 0.4678 0.6847 0.5589
vn 0.4671 0.6851 -0.5589
vn 0.4152 0.7178 -0.5589
vn 0.8055 0.5413 0.2413
vn 0.8048 0.5419 0.2422
vn 0.8174 0.5493 -0.1737
vn 0.8053 0.5412 -0.2422
vn -0.2312 0.9723 0.0350
vn -0.2312 0.9723 -0.0342
vn -0.2304 0.9725 -0.0350
vn -0.2293 0.9676 0.1053
vn -0.2304 0.9725 0.0342
vn -0.2295 0.9676 -0.1053
vn -0.2293 0.9676 -0.1055
vn 0.1825 0.8088 0.5591
vn 0.1204 0.8203 0.5591
vn 0.1202 0.8204 -0.5591
vn 0.1204 0.8202 -0.5593
vn -0.0059 0.8987 0.4385
vn -0.0726 0.8957 0.4386
vn -0.0749 0.9238 0.3756
vn -0.0722 0.8958 -0.4386
vn -0.0726 0.8959 -0.4382
vn 0.0605 0.8630 0.5015
vn -0.0057 0.8652 0.5014
vn -0.0044 0.8652 -0.5015
vn -0.0057 0.8657 -0.5005
vn -0.2273 0.9582 0.1736
vn -0.2295 0.9676 0.1055
vn -0.2261 0.9585 -0.1736
vn -0.2274 0.9584 -0.1724
vn 0.5190 0.6463 0.5594
vn 0.5188 0.6463 0.5596
vn 0.5190 0.6462 -0.5595
vn 0.4676 0.6843 -0.5595
vn 0.7888 0.5311 0.3093
vn 0.7887 0.5312 0.3094
vn 0.8050 0.5420 -0.2413
vn 0.7888 0.5311 -0.3094
vn -0.1456 0.9153 0.3755
vn -0.1494 0.9390 0.3097
vn -0.1455 0.9153 -0.3755
vn -0.1457 0.9154 -0.3753
vn -0.2228 0.9445 0.2412
vn -0.2262 0.9587 0.1724
vn -0.2237 0.9443 -0.2412
vn -0.2228 0.9443 -0.2421
vn 0.6363 0.5866 0.5011
vn 0.6366 0.5864 0.5008
vn 0.6611 0.6095 -0.4375
vn 0.6364 0.5867 -0.5008
vn 0.5910 0.6324 -0.5008
vn 0.1201 0.8202 0.5593
vn 0.0580 0.8270 0.5592
vn 0.0579 0.8270 -0.5592
vn 0.0580 0.8270 -0.5593
vn 0.7055 0.5572 0.4379
vn 0.7059 0.5570 0.4376
vn 0.7276 0.5747 -0.3747
vn 0.7056 0.5574 -0.4376
vn 0.8686 0.4943 0.0350
vn 0.8685 0.4944 0.0352
vn 0.8686 0.4943 -0.0352
vn 0.8642 0.4920 0.1057
vn 0.8647 0.4912 0.1047
vn 0.8685 0.4944 -0.0350
vn 0.8643 0.4920 -0.1047
vn 0.3415 0.7098 0.6160
vn 0.2872 0.7335 0.6161
vn 0.3415 0.7098 -0.6160
vn 0.2872 0.7335 -0.6161
vn 0.2871 0.7335 0.6161
vn 0.2300 0.7533 0.6161
vn 0.2307 0.7531 -0.6161
vn 0.2301 0.7537 -0.6156
vn 0.3944 0.6818 0.6161
vn 0.3945 0.6818 0.6160
vn 0.3945 0.6818 -0.6160
vn 0.5661 0.6057 0.5592
vn 0.5657 0.6058 0.5594
vn 0.5660 0.6056 -0.5594
vn 0.5189 0.6464 -0.5594
vn 0.8564 0.4865 0.1729
vn 0.8560 0.4870 0.1736
vn 0.8646 0.4912 -0.1057
vn 0.8563 0.4864 -0.1736
vn 0.7687 0.5177 0.3757
vn 0.7696 0.5170 0.3747
vn 0.7888 0.5312 -0.3093
vn 0.7690 0.5179 -0.3747
vn 0.2308 0.7535 0.6156
vn 0.1735 0.7687 0.6156
vn 0.1729 0.7689 -0.6156
vn 0.1734 0.7684 -0.6160
vn -0.2191 0.9252 0.3098
vn -0.2236 0.9441 0.2421
vn -0.2196 0.9251 -0.3098
vn -0.2191 0.9251 -0.3102
vn -0.0044 0.8658 0.5004
vn -0.0695 0.8630 0.5005
vn -0.0722 0.8960 0.4382
vn -0.0709 0.8629 -0.5004
vn -0.0695 0.8623 -0.5016
vn 0.4446 0.6507 0.6156
vn 0.4438 0.6508 0.6161
vn 0.4444 0.6504 -0.6161
vn 0.3945 0.6818 -0.6161
vn -0.1411 0.8877 0.4383
vn -0.1455 0.9154 0.3753
vn -0.1413 0.8877 -0.4383
vn -0.1410 0.8876 -0.4385
vn 0.8434 0.4799 0.2417
vn 0.8437 0.4796 0.2413
vn 0.8561 0.4871 -0.1729
vn 0.8435 0.4799 -0.2413
vn 0.0579 0.8270 0.5593
vn -0.0043 0.8289 0.5593
vn -0.0044 0.8289 -0.5593
vn -0.0043 0.8288 -0.5595
vn 0.1728 0.7685 0.6160
vn 0.1142 0.7794 0.6160
vn 0.1147 0.7793 -0.6160
vn 0.1142 0.7797 -0.6156
vn -0.3025 0.9525 0.0342
vn -0.3025 0.9525 -0.0347
vn -0.3030 0.9524 -0.0342
vn -0.3015 0.9476 0.1055
vn -0.3030 0.9524 0.0347
vn -0.3009 0.9478 -0.1055
vn -0.3015 0.9477 -0.1049
vn 0.6789 0.5358 0.5020
vn 0.6801 0.5352 0.5011
vn 0.7057 0.5569 -0.4380
vn 0.6794 0.5361 -0.5011
vn 0.6365 0.5863 -0.5011
vn 0.4935 0.6148 0.6152
vn 0.4928 0.6149 0.6156
vn 0.4933 0.6146 -0.6156
vn 0.4440 0.6511 -0.6156
vn -0.2140 0.9019 0.3753
vn -0.2195 0.9250 0.3102
vn -0.2130 0.9021 -0.3753
vn -0.2141 0.9022 -0.3743
vn 0.6095 0.5615 0.5597
vn 0.6101 0.5612 0.5592
vn 0.6097 0.5616 -0.5593
vn 0.5658 0.6059 -0.5592
vn -0.2981 0.9388 0.1724
vn -0.3009 0.9479 0.1049
vn -0.3001 0.9382 -0.1724
vn -0.2979 0.9385 -0.1747
vn 0.8265 0.4698 0.3101
vn 0.8271 0.4693 0.3093
vn 0.8436 0.4795 -0.2417
vn 0.8267 0.4700 -0.3093
vn 0.7463 0.5013 0.4378
vn 0.7462 0.5014 0.4379
vn 0.7693 0.5168 -0.3757
vn 0.7463 0.5013 -0.4379
vn 0.1148 0.7796 0.6156
vn 0.0550 0.7861 0.6157
vn 0.0551 0.7861 -0.6157
vn 0.0550 0.7861 -0.6156
vn -0.2956 0.9241 0.2420
vn -0.3000 0.9378 0.1747
vn -0.2950 0.9243 -0.2420
vn -0.2957 0.9243 -0.2414
vn -0.0709 0.8622 0.5016
vn -0.1360 0.8544 0.5016
vn -0.1413 0.8875 0.4385
vn -0.1343 0.8546 -0.5016
vn -0.1361 0.8551 -0.5002
vn -0.0044 0.8288 0.5595
vn -0.0679 0.8261 0.5594
vn -0.0667 0.8262 -0.5594
vn -0.0679 0.8267 -0.5586
vn 0.5379 0.5760 0.6156
vn 0.5385 0.5758 0.6152
vn 0.5381 0.5762 -0.6152
vn 0.4931 0.6152 -0.6152
vn 0.3217 0.6686 0.6704
vn 0.2705 0.6909 0.6704
vn 0.3516 0.7309 -0.5849
vn 0.2979 0.7609 -0.5765
vn 0.9037 0.4266 0.0358
vn 0.9041 0.4260 0.0351
vn 0.9038 0.4266 -0.0350
vn 0.2089 0.6818 0.7011
vn 0.2440 0.7637 -0.5977
vn 0.2365 0.7719 -0.5901
vn 0.8997 0.4239 0.1038
vn 0.8988 0.4254 0.1057
vn 0.9040 0.4259 -0.0358
vn 0.8996 0.4238 -0.1057
vn 0.8062 0.4574 0.3751
vn 0.8057 0.4579 0.3757
vn 0.8269 0.4692 -0.3101
vn 0.8060 0.4573 -0.3757
vn 0.3400 0.6427 0.6866
vn 0.3715 0.6421 0.6705
vn 0.4085 0.7061 -0.5784
vn 0.3657 0.7122 -0.5992
vn -0.2066 0.8747 0.4385
vn -0.2131 0.9025 0.3743
vn -0.2065 0.8747 -0.4385
vn -0.2066 0.8747 -0.4384
vn 0.2449 0.7017 0.6691
vn 0.1628 0.7243 0.6700
vn 0.1794 0.7979 -0.5755
vn -0.2890 0.9057 0.3102
vn -0.2950 0.9245 0.2413
vn -0.2883 0.9059 -0.3102
vn -0.2891 0.9059 -0.3095
vn 0.8899 0.4212 0.1752
vn 0.8912 0.4194 0.1729
vn 0.8990 0.4255 -0.1038
vn 0.8902 0.4214 -0.1729
vn 0.0551 0.7861 0.6156
vn -0.0042 0.7880 0.6156
vn -0.0045 0.7880 -0.6156
vn -0.0042 0.7879 -0.6158
vn 0.6518 0.5130 0.5585
vn 0.6503 0.5137 0.5597
vn 0.6796 0.5348 -0.5020
vn 0.6513 0.5125 -0.5596
vn 0.6099 0.5611 -0.5597
vn 0.4420 0.5968 0.6697
vn 0.4012 0.5884 0.7020
vn 0.4178 0.6127 -0.6708
vn 0.5678 0.5865 -0.5776
vn 0.7181 0.4825 0.5016
vn 0.7176 0.4828 0.5020
vn 0.7462 0.5014 -0.4378
vn 0.7179 0.4824 -0.5020
vn 0.1327 0.7154 0.6860
vn 0.1081 0.7342 0.6702
vn 0.1150 0.7956 -0.5948
vn 0.1169 0.7940 -0.5966
vn 0.8780 0.4132 0.2415
vn 0.8779 0.4134 0.2417
vn 0.8908 0.4192 -0.1752
vn 0.8780 0.4132 -0.2417
vn 0.5797 0.5333 0.6161
vn 0.5806 0.5330 0.6155
vn 0.5800 0.5336 -0.6155
vn 0.5383 0.5756 -0.6156
vn 0.4638 0.5786 0.6709
vn 0.4638 0.5787 -0.6709
vn 0.7813 0.4440 0.4387
vn 0.7821 0.4434 0.4378
vn 0.8059 0.4580 -0.3751
vn 0.7816 0.4442 -0.4379
vn -0.2812 0.8836 0.3743
vn -0.2884 0.9061 0.3095
vn -0.2818 0.8835 -0.3743
vn -0.2812 0.8834 -0.3749
vn -0.3744 0.9266 0.0347
vn -0.3744 0.9266 -0.0358
vn -0.3754 0.9262 -0.0346
vn -0.0668 0.8268 0.5586
vn -0.1288 0.8194 0.5586
vn -0.1344 0.8554 0.5002
vn -0.1306 0.8191 -0.5585
vn -0.1286 0.8185 -0.5599
vn -0.3736 0.9216 0.1050
vn -0.3754 0.9262 0.0358
vn -0.3736 0.9216 -0.1050
vn -0.1990 0.8427 0.5002
vn -0.2065 0.8747 0.4384
vn -0.1996 0.8426 -0.5002
vn -0.1989 0.8425 -0.5007
vn 0.8605 0.4052 0.3087
vn 0.8595 0.4064 0.3101
vn 0.8779 0.4134 -0.2415
vn 0.8601 0.4050 -0.3101
vn 0.0519 0.7403 0.6702
vn 0.0572 0.8155 -0.5759
vn -0.0045 0.7879 0.6158
vn -0.0635 0.7854 0.6158
vn -0.0641 0.7853 -0.6158
vn -0.0634 0.7850 -0.6162
vn -0.3699 0.9125 0.1747
vn -0.3684 0.9131 -0.1747
vn -0.3700 0.9128 -0.1730
vn 0.5267 0.5230 0.6701
vn 0.4873 0.5210 0.7008
vn 0.4867 0.5204 -0.7016
vn -0.3631 0.8999 0.2413
vn -0.3686 0.9134 0.1730
vn -0.3637 0.8997 -0.2413
vn -0.3631 0.8998 -0.2419
vn 0.6881 0.4630 0.5587
vn 0.6884 0.4629 0.5585
vn 0.7178 0.4830 -0.5015
vn 0.6882 0.4631 -0.5585
vn 0.6509 0.5142 -0.5585
vn -0.2731 0.8563 0.4385
vn -0.2817 0.8832 0.3749
vn -0.2736 0.8561 -0.4384
vn -0.2730 0.8560 -0.4389
vn 0.6181 0.4883 0.6160
vn 0.6179 0.4884 0.6161
vn 0.6181 0.4882 -0.6161
vn 0.5803 0.5326 -0.6161
vn -0.0444 -0.0864 -0.9953
vn 0.8376 0.3960 0.3762
vn 0.8386 0.3951 0.3750
vn 0.8599 0.4066 -0.3087
vn 0.8381 0.3962 -0.3750
vn -0.0295 -0.0925 -0.9953
vn -0.0361 -0.0875 -0.9955
vn -0.0040 0.7133 0.7008
vn -0.0171 0.8065 -0.5910
vn -0.0045 0.7975 -0.6033
vn 0.7534 0.4271 0.5000
vn 0.7517 0.4283 0.5015
vn 0.7818 0.4431 -0.4387
vn 0.7527 0.4266 -0.5015
vn -0.0477 -0.0820 -0.9955
vn 0.1660 -0.1705 -0.9713
vn 0.9340 0.3557 0.0347
vn 0.9336 0.3566 0.0358
vn 0.9339 0.3556 -0.0358
vn -0.0240 -0.0918 -0.9955
vn 0.9291 0.3549 0.1039
vn 0.9292 0.3548 0.1038
vn 0.9336 0.3566 -0.0346
vn 0.9291 0.3549 -0.1038
vn -0.3564 0.8816 0.3095
vn -0.3636 0.8996 0.2419
vn -0.3559 0.8818 -0.3095
vn -0.3564 0.8817 -0.3090
vn 0.9200 0.3513 0.1737
vn 0.9192 0.3525 0.1752
vn 0.9292 0.3548 -0.1039
vn 0.9198 0.3512 -0.1752
vn -0.1304 0.8182 0.5599
vn -0.1910 0.8063 0.5599
vn -0.1995 0.8423 0.5007
vn -0.1915 0.8061 -0.5599
vn -0.1909 0.8060 -0.5603
vn 0.5470 0.5021 0.6699
vn 0.5852 0.5371 -0.6075
vn 0.4617 0.7461 -0.4798
vn -0.0641 0.7850 0.6162
vn -0.1240 0.7778 0.6162
vn -0.1234 0.7779 -0.6162
vn -0.1240 0.7781 -0.6158
vn -0.0139 -0.0958 -0.9953
vn 0.8136 0.3833 0.4371
vn 0.8121 0.3847 0.4387
vn 0.8382 0.3949 -0.3762
vn 0.8129 0.3830 -0.4387
vn 0.9057 0.3473 0.2431
vn 0.9066 0.3460 0.2415
vn 0.9195 0.3526 -0.1737
vn 0.9060 0.3475 -0.2415
vn -0.1127 0.1157 -0.9869
vn -0.2635 0.8246 0.5007
vn -0.2735 0.8559 0.4389
vn -0.2631 0.8247 -0.5007
vn -0.2636 0.8248 -0.5003
vn -0.3470 0.8597 0.3749
vn -0.3560 0.8819 0.3090
vn -0.3481 0.8593 -0.3748
vn -0.3469 0.8593 -0.3759
vn -0.0038 0.7135 0.7006
vn -0.0604 0.7400 0.6699
vn -0.2331 0.8395 -0.4908
vn -0.0580 0.7111 -0.7007
vn 0.1721 -0.0190 -0.9849
vn 0.6536 0.4395 0.6162
vn 0.6538 0.4394 0.6160
vn 0.6883 0.4628 -0.5587
vn 0.6537 0.4396 -0.6160
vn 0.6180 0.4885 -0.6160
vn 0.7201 0.4103 0.5595
vn 0.7212 0.4096 0.5587
vn 0.7525 0.4287 -0.5000
vn 0.7206 0.4106 -0.5587
vn -0.4440 0.8953 0.0358
vn -0.4440 0.8953 -0.0350
vn -0.4434 0.8956 -0.0357
vn 0.8886 0.3391 0.3089
vn 0.8888 0.3388 0.3086
vn 0.9062 0.3459 -0.2431
vn 0.8887 0.3392 -0.3086
vn -0.4413 0.8912 0.1051
vn -0.4435 0.8956 0.0351
vn -0.4401 0.8918 -0.1051
vn -0.4413 0.8913 -0.1037
vn -0.1742 0.1391 -0.9748
vn 0.5825 0.4604 0.6699
vn 0.6410 0.5067 -0.5765
vn 0.5828 0.5597 -0.5891
vn -0.4359 0.8832 0.1730
vn -0.4402 0.8919 0.1036
vn -0.4370 0.8827 -0.1730
vn -0.4358 0.8830 -0.1743
vn -0.3374 0.8328 0.4389
vn -0.3479 0.8588 0.3759
vn -0.3363 0.8333 -0.4389
vn -0.3376 0.8333 -0.4378
vn 0.7821 0.3705 0.5011
vn 0.7833 0.3695 0.5000
vn 0.8129 0.3850 -0.4371
vn 0.7827 0.3707 -0.5000
vn -0.1235 0.7782 0.6158
vn -0.1821 0.7666 0.6158
vn -0.1914 0.8059 0.5603
vn -0.1820 0.7666 -0.6158
vn -0.1821 0.7667 -0.6157
vn -0.4305 0.8696 0.2419
vn -0.4369 0.8825 0.1743
vn -0.4310 0.8693 -0.2419
vn -0.4304 0.8694 -0.2425
vn 0.8665 0.3303 0.3744
vn 0.8650 0.3319 0.3763
vn 0.8887 0.3388 -0.3089
vn 0.8658 0.3300 -0.3762
vn -0.2517 0.7891 0.5603
vn -0.2631 0.8249 0.5003
vn -0.2503 0.7895 -0.5603
vn -0.2519 0.7898 -0.5593
vn -0.1164 0.7333 0.6699
vn -0.1164 0.7332 -0.6699
vn 0.1392 -0.1111 -0.9840
vn -0.0695 -0.0668 -0.9953
vn -0.4225 0.8521 0.3090
vn -0.4309 0.8692 0.2425
vn -0.4218 0.8524 -0.3091
vn -0.4226 0.8523 -0.3083
vn 0.9575 0.2864 0.0353
vn 0.9576 0.2858 0.0347
vn 0.9575 0.2864 -0.0347
vn 0.9529 0.2844 0.1052
vn 0.9534 0.2834 0.1040
vn 0.9576 0.2858 -0.0353
vn 0.9530 0.2845 -0.1040
vn 0.6853 0.3892 0.6155
vn 0.6844 0.3898 0.6162
vn 0.7207 0.4093 -0.5595
vn 0.6849 0.3889 -0.6162
vn 0.6537 0.4393 -0.6162
vn 0.5918 0.3981 0.7009
vn 0.5923 0.3980 0.7006
vn 0.6640 0.4462 -0.6000
vn -0.3240 0.8029 0.5003
vn -0.3365 0.8337 0.4378
vn -0.3251 0.8025 -0.5003
vn -0.3238 0.8024 -0.5013
vn 0.9441 0.2806 0.1731
vn 0.9438 0.2811 0.1736
vn 0.9532 0.2834 -0.1052
vn 0.9440 0.2806 -0.1736
vn 0.8393 0.3220 0.4380
vn 0.8401 0.3213 0.4371
vn 0.8657 0.3322 -0.3743
vn 0.8397 0.3222 -0.4371
vn -0.2849 -0.1427 -0.9479
vn -0.1908 -0.1284 -0.9732
vn 0.7495 0.3535 0.5597
vn 0.7497 0.3533 0.5595
vn 0.7827 0.3692 -0.5011
vn 0.7496 0.3536 -0.5595
vn -0.4110 0.8305 0.3759
vn -0.4219 0.8526 0.3083
vn -0.4115 0.8303 -0.3759
vn -0.4109 0.8304 -0.3764
vn 0.9298 0.2769 0.2423
vn 0.9294 0.2777 0.2431
vn 0.9439 0.2811 -0.1731
vn 0.9296 0.2769 -0.2431
vn -0.1820 0.7667 0.6157
vn -0.2382 0.7511 0.6157
vn -0.2506 0.7902 0.5592
vn -0.2384 0.7511 -0.6157
vn -0.2381 0.7510 -0.6159
vn -0.1414 0.7136 0.6861
vn -0.1714 0.7221 0.6703
vn -0.1985 0.7161 -0.6692
vn -0.1649 0.6946 -0.7002
vn 0.9113 0.2723 0.3087
vn 0.9112 0.2725 0.3090
vn 0.9296 0.2777 -0.2423
vn 0.9113 0.2722 -0.3090
vn 0.8082 0.3091 0.5013
vn 0.8084 0.3089 0.5011
vn 0.8397 0.3211 -0.4380
vn 0.8083 0.3091 -0.5011
vn -0.5099 0.8595 0.0350
vn -0.5099 0.8595 -0.0352
vn -0.5101 0.8594 -0.0349
vn -0.5077 0.8553 0.1037
vn -0.5101 0.8594 0.0352
vn -0.5087 0.8547 -0.1037
vn -0.5076 0.8552 -0.1050
vn -0.3992 0.8056 0.4379
vn -0.4114 0.8301 0.3764
vn -0.3991 0.8056 -0.4379
vn -0.3992 0.8056 -0.4378
vn -0.3113 0.7683 0.5592
vn -0.3249 0.8019 0.5013
vn -0.3115 0.7683 -0.5592
vn -0.3113 0.7683 -0.5594
vn -0.5037 0.8461 0.1743
vn -0.5087 0.8545 0.1050
vn -0.5028 0.8467 -0.1743
vn -0.5038 0.8463 -0.1732
vn 0.6445 0.3671 0.6707
vn 0.6848 0.3901 -0.6155
vn 0.7103 0.4045 -0.5761
vn 0.6640 0.4546 -0.5937
vn 0.8880 0.2655 0.3755
vn 0.8888 0.2644 0.3743
vn 0.9113 0.2725 -0.3087
vn 0.8884 0.2657 -0.3743
vn 0.7127 0.3359 0.6158
vn 0.7131 0.3356 0.6155
vn 0.7496 0.3533 -0.5597
vn 0.7129 0.3360 -0.6155
vn -0.4953 0.8342 0.2425
vn -0.5029 0.8468 0.1732
vn -0.4953 0.8342 -0.2425
vn -0.4953 0.8342 -0.2424
vn -0.0769 -0.0563 -0.9954
vn -0.0800 -0.0547 -0.9953
vn -0.3841 0.7753 0.5013
vn -0.3991 0.8056 0.4378
vn -0.3840 0.7754 -0.5013
vn -0.3842 0.7754 -0.5012
vn -0.4856 0.8180 0.3083
vn -0.4953 0.8342 0.2424
vn -0.4864 0.8175 -0.3083
vn -0.4855 0.8177 -0.3092
vn 0.7745 0.2959 0.5592
vn 0.7738 0.2965 0.5597
vn 0.8083 0.3088 -0.5013
vn 0.7741 0.2958 -0.5597
vn -0.2246 0.7073 0.6702
vn -0.2384 0.7509 0.6159
vn -0.2246 0.7075 -0.6701
vn 0.8616 0.2563 0.4381
vn 0.8617 0.2563 0.4380
vn 0.8883 0.2643 -0.3755
vn 0.8617 0.2564 -0.4380
vn 0.9768 0.2113 0.0351
vn 0.9767 0.2116 0.0354
vn 0.9768 0.2113 -0.0353
vn 0.9721 0.2106 0.1035
vn 0.9716 0.2120 0.1051
vn 0.9767 0.2116 -0.0350
vn 0.9719 0.2105 -0.1051
vn -0.2960 0.7301 0.6159
vn -0.3114 0.7682 0.5594
vn -0.2946 0.7306 -0.6159
vn -0.2963 0.7308 -0.6150
vn 0.9620 0.2099 0.1746
vn 0.9626 0.2086 0.1730
vn 0.9718 0.2121 -0.1035
vn 0.9623 0.2100 -0.1730
vn -0.4737 0.7962 0.3764
vn -0.4863 0.8173 0.3092
vn -0.4725 0.7969 -0.3764
vn -0.4740 0.7966 -0.3752
vn 0.9483 0.2055 0.2418
vn 0.9481 0.2060 0.2424
vn 0.9623 0.2085 -0.1746
vn 0.9482 0.2054 -0.2424
vn 0.6711 0.3159 0.6707
vn 0.7129 0.3356 -0.6158
vn 0.7281 0.3427 -0.5937
vn -0.3679 0.7428 0.5593
vn -0.3840 0.7755 0.5012
vn -0.3677 0.7429 -0.5593
vn -0.3679 0.7429 -0.5592
vn 0.8295 0.2467 0.5011
vn 0.8293 0.2469 0.5013
vn 0.8616 0.2563 -0.4381
vn 0.8294 0.2467 -0.5013
vn 0.7356 0.2818 0.6161
vn 0.7359 0.2815 0.6158
vn 0.7742 0.2966 -0.5591
vn 0.7357 0.2819 -0.6158
vn 0.9295 0.2019 0.3087
vn 0.9294 0.2020 0.3088
vn 0.9482 0.2060 -0.2418
vn 0.9295 0.2019 -0.3088
vn -0.4586 0.7734 0.4377
vn -0.4728 0.7973 0.3752
vn -0.4589 0.7732 -0.4377
vn -0.4585 0.7732 -0.4380
vn -0.1792 -0.6851 0.7060
vn -0.2704 -0.6546 0.7060
vn -0.2916 -0.6193 0.7290
vn -0.3563 -0.6117 0.7063
vn -0.2704 -0.6546 -0.7060
vn -0.1792 -0.6851 -0.7060
vn -0.3566 -0.6121 -0.7058
vn -0.2702 -0.6548 -0.7058
vn -0.5729 0.8189 0.0352
vn -0.5729 0.8188 -0.0357
vn -0.5733 0.8186 -0.0352
vn -0.5705 0.8146 0.1051
vn -0.5733 0.8186 0.0357
vn -0.5696 0.8152 -0.1051
vn -0.5706 0.8147 -0.1039
vn -0.2462 0.6844 0.6863
vn -0.2776 0.6883 0.6702
vn -0.2949 0.7314 0.6149
vn -0.3045 0.6777 -0.6693
vn -0.2665 0.6609 -0.7016
vn -0.5641 0.8073 0.1732
vn -0.5697 0.8153 0.1039
vn -0.5650 0.8067 -0.1732
vn -0.5640 0.8072 -0.1743
vn 0.9056 0.1968 0.3756
vn 0.9057 0.1967 0.3755
vn 0.9295 0.2020 -0.3087
vn 0.9057 0.1968 -0.3755
vn -0.0832 -0.7029 0.7064
vn -0.1786 -0.6849 0.7064
vn -0.3930 -0.5672 0.7238
vn -0.8974 -0.2955 0.3276
vn -0.1384 -0.6687 -0.7306
vn 0.4701 -0.8369 -0.2805
vn -0.9239 -0.2609 -0.2798
vn -0.3740 -0.5713 -0.7306
vn 0.7944 0.2365 0.5594
vn 0.7947 0.2362 0.5591
vn 0.8294 0.2469 -0.5011
vn 0.7946 0.2365 -0.5591
vn -0.5565 0.7947 0.2424
vn -0.5649 0.8066 0.1743
vn -0.5566 0.7947 -0.2424
vn -0.5565 0.7947 -0.2424
vn -0.4416 0.7441 0.5012
vn -0.4588 0.7731 0.4380
vn -0.4415 0.7442 -0.5012
vn -0.4417 0.7442 -0.5011
vn -0.3498 0.7067 0.6150
vn -0.3678 0.7430 0.5592
vn -0.3503 0.7065 -0.6150
vn -0.3497 0.7065 -0.6153
vn 0.7276 0.3382 -0.5969
vn -0.0833 -0.0452 -0.9955
vn -0.0881 -0.0410 -0.9953
vn 0.8782 0.1907 0.4386
vn 0.8786 0.1902 0.4380
vn 0.9057 0.1967 -0.3756
vn 0.8785 0.1908 -0.4380
vn -0.5456 0.7790 0.3092
vn -0.5566 0.7947 0.2424
vn -0.5450 0.7794 -0.3092
vn -0.5457 0.7791 -0.3085
vn 0.6663 0.2547 0.7009
vn 0.6660 0.2548 0.7011
vn 0.7357 0.2815 -0.6161
vn 0.7634 0.2921 -0.5762
vn 0.0119 -0.7073 0.7068
vn 0.0131 -0.7081 0.7060
vn -0.0840 -0.7033 0.7059
vn -0.6889 -0.7228 0.0546
vn -0.1338 -0.7831 0.6074
vn -0.0219 -0.9988 -0.0438
vn -0.5456 -0.6162 -0.5679
vn -0.0492 -0.8218 -0.5676
vn -0.6893 -0.7232 -0.0431
vn 0.9899 0.1373 0.0346
vn 0.9899 0.1377 0.0351
vn 0.9899 0.1373 -0.0350
vn 0.9851 0.1370 0.1039
vn 0.9852 0.1366 0.1034
vn 0.9899 0.1377 -0.0346
vn 0.9852 0.1370 -0.1034
vn -0.5312 0.7597 0.3752
vn -0.5451 0.7796 0.3085
vn -0.5317 0.7593 -0.3752
vn -0.5311 0.7595 -0.3757
vn -0.4230 0.7130 0.5592
vn -0.4415 0.7443 0.5011
vn -0.4233 0.7129 -0.5592
vn -0.4229 0.7129 -0.5594
vn 0.7553 0.2245 0.6158
vn 0.7549 0.2248 0.6161
vn 0.7945 0.2361 -0.5594
vn 0.7550 0.2244 -0.6161
vn 0.9753 0.1352 0.1745
vn 0.9753 0.1354 0.1746
vn 0.9852 0.1366 -0.1039
vn 0.9753 0.1352 -0.1746
vn 0.8464 0.1832 0.5000
vn 0.8455 0.1844 0.5012
vn 0.8784 0.1901 -0.4386
vn 0.8458 0.1831 -0.5012
vn 0.9613 0.1334 0.2409
vn 0.9610 0.1344 0.2418
vn 0.9753 0.1354 -0.1745
vn 0.9611 0.1334 -0.2418
vn -0.3297 0.6649 0.6702
vn -0.3502 0.7063 0.6153
vn -0.3295 0.6647 -0.6705
vn -0.4259 -0.9048 0.0000
vn -0.3814 -0.9244 -0.0041
vn -0.5156 0.7364 0.4380
vn -0.5315 0.7591 0.3758
vn -0.5155 0.7365 -0.4380
vn -0.5156 0.7364 -0.4379
vn 0.9416 0.1317 0.3099
vn 0.9422 0.1304 0.3086
vn 0.9612 0.1344 -0.2408
vn 0.9420 0.1317 -0.3087
vn -0.2026 -0.9793 0.0000
vn -0.2523 -0.9676 0.0045
vn -0.5477 -0.8366 0.0015
vn -0.1020 0.1995 -0.9746
vn -0.5696 -0.8219 0.0000
vn 0.1098 -0.6995 0.7061
vn 0.1087 -0.6990 0.7069
vn -0.5713 -0.4179 0.7064
vn 0.1087 -0.6990 -0.7069
vn 0.1098 -0.6995 -0.7061
vn -0.5713 -0.4179 -0.7064
vn -0.4024 0.6778 0.6153
vn -0.4232 0.7127 0.5594
vn -0.4023 0.6779 -0.6153
vn -0.4025 0.6779 -0.6152
vn 0.8098 0.1766 0.5595
vn 0.8099 0.1765 0.5594
vn 0.8461 0.1846 -0.5000
vn 0.8098 0.1767 -0.5594
vn -0.6346 0.7720 0.0358
vn -0.6347 0.7720 -0.0343
vn -0.6336 0.7728 -0.0357
vn 0.9183 0.1271 0.3750
vn 0.9179 0.1278 0.3756
vn 0.9418 0.1304 -0.3099
vn 0.9180 0.1271 -0.3756
vn 0.7112 0.2118 0.6704
vn 0.7551 0.2249 -0.6158
vn 0.7757 0.2310 -0.5873
vn -0.6306 0.7691 0.1039
vn -0.6337 0.7729 0.0343
vn -0.6308 0.7689 -0.1039
vn -0.6306 0.7691 -0.1043
vn -0.4963 0.7090 0.5010
vn -0.5155 0.7365 0.4379
vn -0.4963 0.7090 -0.5010
vn -0.6246 0.7613 0.1742
vn -0.6308 0.7689 0.1043
vn -0.6243 0.7615 -0.1742
vn -0.6246 0.7613 -0.1739
vn -0.1185 -0.9929 0.0000
vn -0.6151 0.7502 0.2425
vn -0.6244 0.7615 0.1739
vn -0.6147 0.7505 -0.2425
vn -0.6152 0.7503 -0.2420
vn -0.3474 0.6391 0.6861
vn 0.0908 0.1360 -0.9865
vn -0.0219 -0.9998 0.0022
vn 0.0185 -0.9998 0.0000
vn -0.6900 -0.7239 0.0000
vn 0.8901 0.1239 0.4387
vn 0.8901 0.1238 0.4386
vn 0.9182 0.1278 -0.3750
vn 0.8901 0.1239 -0.4386
vn -0.6027 0.7359 0.3085
vn -0.6148 0.7506 0.2420
vn -0.6035 0.7353 -0.3085
vn -0.6026 0.7357 -0.3094
vn 0.7693 0.1677 0.6164
vn 0.7701 0.1668 0.6158
vn 0.8098 0.1765 -0.5595
vn 0.7698 0.1678 -0.6158
vn -0.4753 0.6791 0.5594
vn -0.4747 0.6795 -0.5594
vn -0.4755 0.6793 -0.5589
vn -0.3787 0.6383 0.6702
vn -0.4023 0.6780 0.6152
vn -0.2749 0.6914 -0.6682
vn -0.4127 0.6955 -0.5882
vn -0.5879 0.7164 0.3758
vn -0.6033 0.7351 0.3094
vn -0.5875 0.7167 -0.3758
vn -0.5881 0.7165 -0.3752
vn 0.8573 0.1192 0.5008
vn 0.8579 0.1183 0.5000
vn 0.8901 0.1238 -0.4387
vn 0.8578 0.1193 -0.5000
vn 0.7494 0.1290 -0.6494
vn 0.9973 0.0637 0.0361
vn 0.9975 0.0623 0.0346
vn 0.9974 0.0637 -0.0346
vn 0.9925 0.0620 0.1049
vn 0.9927 0.0610 0.1039
vn 0.9974 0.0623 -0.0361
vn 0.9927 0.0620 -0.1039
vn 0.2030 -0.6784 0.7061
vn -0.5713 -0.4187 0.7059
vn -0.6232 -0.3366 0.7059
vn -0.6220 -0.3372 0.7067
vn 0.2039 -0.6782 -0.7061
vn 0.2029 -0.6778 -0.7067
vn -0.6226 -0.3376 -0.7060
vn -0.5713 -0.4187 -0.7059
vn 0.9829 0.0604 0.1737
vn 0.9828 0.0612 0.1745
vn 0.9926 0.0610 -0.1049
vn 0.9828 0.0604 -0.1745
vn 0.1537 -0.9881 0.0000
vn 0.9686 0.0604 0.2414
vn 0.9687 0.0599 0.2409
vn 0.9829 0.0613 -0.1736
vn 0.9687 0.0604 -0.2409
vn -0.5699 0.6953 0.4379
vn -0.5876 0.7169 0.3752
vn -0.5707 0.6946 -0.4379
vn -0.5696 0.6949 -0.4388
vn -0.4515 0.6463 0.6152
vn -0.4749 0.6798 0.5589
vn -0.4530 0.6453 -0.6152
vn -0.4510 0.6455 -0.6164
vn 0.7252 0.1571 0.6703
vn 0.7695 0.1667 -0.6165
vn 0.7259 0.1573 -0.6695
vn 0.8214 0.1133 0.5589
vn 0.8209 0.1141 0.5596
vn 0.8574 0.1183 -0.5008
vn 0.8210 0.1132 -0.5596
vn 0.9494 0.0587 0.3086
vn 0.9489 0.0600 0.3099
vn 0.9686 0.0599 -0.2414
vn 0.9490 0.0587 -0.3099
vn 0.1224 0.1545 -0.9804
vn -0.5494 0.6687 0.5010
vn -0.5704 0.6943 0.4388
vn -0.5483 0.6695 -0.5010
vn -0.5498 0.6692 -0.4999
vn 0.9247 0.0585 0.3761
vn 0.9253 0.0573 0.3749
vn 0.9493 0.0601 -0.3086
vn 0.9252 0.0585 -0.3750
vn -0.6899 0.7231 0.0344
vn -0.6898 0.7231 -0.0354
vn -0.6906 0.7224 -0.0344
vn -0.8066 -0.5911 0.0000
vn -0.6872 0.7189 0.1042
vn -0.6906 0.7224 0.0355
vn -0.6871 0.7191 -0.1042
vn -0.6872 0.7189 -0.1040
vn -0.4265 0.6074 0.6702
vn -0.4525 0.6445 0.6164
vn -0.4697 0.6690 -0.5761
vn 0.7800 0.1084 0.6163
vn 0.7799 0.1086 0.6165
vn 0.8213 0.1142 -0.5589
vn 0.7799 0.1084 -0.6165
vn -0.6803 0.7120 0.1740
vn -0.6871 0.7191 0.1040
vn -0.6801 0.7122 -0.1740
vn -0.6804 0.7120 -0.1737
vn 0.8971 0.0555 0.4383
vn 0.8969 0.0560 0.4387
vn 0.9248 0.0572 -0.3761
vn 0.8969 0.0555 -0.4387
vn 0.0417 -0.1568 -0.9867
vn -0.6701 0.7017 0.2419
vn -0.6802 0.7122 0.1737
vn -0.6706 0.7013 -0.2419
vn -0.6700 0.7016 -0.2426
vn -0.5254 0.6415 0.5589
vn -0.5488 0.6701 0.4999
vn -0.5265 0.6407 -0.5589
vn -0.5250 0.6410 -0.5599
vn 0.2879 -0.9577 0.0000
vn -0.8798 -0.4753 0.0000
vn -0.6572 0.6873 0.3094
vn -0.6705 0.7012 0.2426
vn -0.6576 0.6869 -0.3094
vn -0.6571 0.6872 -0.3099
vn 0.2934 -0.6442 0.7064
vn 0.2927 -0.6441 0.7068
vn 0.2037 -0.6775 0.7067
vn -0.6620 -0.2493 0.7068
vn -0.6628 -0.2487 0.7063
vn 0.2927 -0.6441 -0.7068
vn 0.8770 -0.4760 0.0662
vn -0.9570 0.2825 0.0661
vn -0.6622 -0.2490 -0.7068
vn -0.6225 -0.3363 -0.7067
vn 0.8642 0.0539 0.5002
vn 0.8638 0.0546 0.5008
vn 0.8971 0.0560 -0.4383
vn 0.8639 0.0539 -0.5008
vn -0.6410 0.6696 0.3752
vn -0.6575 0.6868 0.3099
vn -0.6406 0.6700 -0.3753
vn -0.6412 0.6697 -0.3747
vn 0.7067 0.0984 0.7006
vn 0.7066 0.0984 0.7007
vn 0.7800 0.1087 -0.6163
vn 0.7357 0.1025 -0.6695
vn -0.1387 -0.1750 -0.9747
vn -0.5000 0.6084 0.6164
vn -0.5260 0.6401 0.5600
vn -0.4990 0.6092 -0.6164
vn -0.5004 0.6089 -0.6155
vn 0.9993 -0.0145 0.0345
vn 0.9993 -0.0131 0.0361
vn 0.9992 -0.0145 -0.0360
vn 0.9944 -0.0130 0.1050
vn 0.9944 -0.0131 0.1049
vn 0.9993 -0.0131 -0.0345
vn 0.9944 -0.0130 -0.1049
vn -0.6210 0.6495 0.4388
vn -0.6407 0.6701 0.3747
vn -0.6205 0.6499 -0.4388
vn -0.6212 0.6497 -0.4382
vn 0.9849 -0.0130 0.1724
vn 0.9847 -0.0117 0.1737
vn 0.9944 -0.0131 -0.1050
vn 0.9847 -0.0130 -0.1737
vn 0.8274 0.0523 0.5592
vn 0.8276 0.0520 0.5589
vn 0.8642 0.0547 -0.5002
vn 0.8276 0.0523 -0.5589
vn 0.9700 -0.0115 0.2430
vn 0.9704 -0.0132 0.2413
vn 0.9850 -0.0117 -0.1724
vn 0.9704 -0.0115 -0.2413
vn 0.9510 -0.0129 0.3089
vn 0.9511 -0.0132 0.3086
vn 0.9699 -0.0131 -0.2430
vn 0.9511 -0.0129 -0.3086
vn -0.5981 0.6265 0.4999
vn -0.6207 0.6502 0.4382
vn -0.5990 0.6256 -0.4998
vn -0.5977 0.6261 -0.5009
vn -0.4524 0.5523 0.7002
vn -0.4994 0.6097 0.6155
vn -0.5509 0.5603 -0.6185
vn -0.4517 0.5515 -0.7013
vn 0.7858 0.0494 0.6165
vn 0.7860 0.0491 0.6163
vn 0.8274 0.0520 -0.5592
vn 0.7859 0.0494 -0.6163
vn 0.4137 -0.9104 0.0000
vn -0.9358 -0.3524 0.0000
vn -0.9360 -0.3520 0.0000
vn 0.9269 -0.0129 0.3751
vn 0.9265 -0.0117 0.3761
vn 0.9510 -0.0132 -0.3089
vn 0.9265 -0.0128 -0.3761
vn -0.5730 0.5985 0.5599
vn -0.5986 0.6252 0.5009
vn -0.5724 0.5991 -0.5599
vn -0.5733 0.5988 -0.5593
vn -0.7433 0.6681 0.0354
vn -0.7433 0.6681 -0.0345
vn -0.7427 0.6687 -0.0354
vn 0.8986 -0.0114 0.4386
vn 0.8988 -0.0118 0.4383
vn 0.9269 -0.0117 -0.3751
vn 0.8988 -0.0114 -0.4383
vn -0.7391 0.6655 0.1041
vn -0.7427 0.6687 0.0345
vn -0.7401 0.6644 -0.1041
vn -0.7390 0.6654 -0.1056
vn -0.7328 0.6579 0.1737
vn -0.7399 0.6643 0.1056
vn -0.7325 0.6582 -0.1737
vn -0.7328 0.6580 -0.1733
vn -0.4491 0.5914 0.6697
vn -0.0255 -0.1190 -0.9926
vn 0.3785 -0.5979 0.7066
vn 0.3790 -0.5979 0.7063
vn -0.6736 -0.1743 0.7182
vn -0.9228 0.3122 0.2257
vn 0.5354 -0.8446 0.0092
vn -0.0861 -0.7997 -0.5942
vn -0.5033 -0.6271 -0.5945
vn -0.9751 -0.2215 0.0082
vn 0.7409 0.0463 0.6700
vn 0.7858 0.0491 -0.6165
vn 0.7125 0.0445 -0.7003
vn -0.7216 0.6484 0.2425
vn -0.7326 0.6583 0.1733
vn -0.7215 0.6485 -0.2425
vn -0.7216 0.6485 -0.2424
vn 0.8656 -0.0114 0.5006
vn 0.8658 -0.0118 0.5002
vn 0.8986 -0.0118 -0.4386
vn 0.8658 -0.0114 -0.5002
vn -0.7071 0.6356 0.3099
vn -0.7216 0.6485 0.2424
vn -0.7065 0.6362 -0.3099
vn -0.7073 0.6357 -0.3091
vn -0.5444 0.5698 0.6156
vn -0.5727 0.5994 0.5593
vn -0.5452 0.5691 -0.6155
vn -0.5440 0.5694 -0.6163
vn -0.6890 0.6204 0.3748
vn -0.7068 0.6364 0.3091
vn -0.6891 0.6202 -0.3748
vn -0.6889 0.6203 -0.3750
vn 0.8287 -0.0113 0.5596
vn 0.8289 -0.0119 0.5592
vn 0.8656 -0.0118 -0.5006
vn 0.8289 -0.0113 -0.5592
vn 0.7121 0.0441 -0.7007
vn -0.6681 0.6013 0.4382
vn -0.6891 0.6202 0.3750
vn -0.6686 0.6008 -0.4382
vn -0.6679 0.6011 -0.4388
vn -0.5132 0.5357 0.6706
vn -0.5448 0.5686 0.6163
vn -0.5136 0.5361 -0.6700
vn 0.9955 -0.0881 0.0348
vn 0.9955 -0.0884 0.0345
vn 0.9955 -0.0881 -0.0345
vn 0.9907 -0.0880 0.1041
vn 0.9907 -0.0872 0.1049
vn 0.9955 -0.0884 -0.0347
vn 0.9906 -0.0880 -0.1049
vn 0.9808 -0.0863 0.1750
vn 0.9810 -0.0888 0.1724
vn 0.9907 -0.0872 -0.1041
vn 0.9812 -0.0863 -0.1724
vn 0.5354 -0.8446 0.0000
vn -0.9681 -0.2505 -0.0013
vn -0.9752 -0.2215 0.0000
vn 0.7877 -0.0113 0.6159
vn 0.7873 -0.0104 0.6165
vn 0.8287 -0.0119 -0.5596
vn 0.7873 -0.0113 -0.6165
vn 0.9664 -0.0875 0.2417
vn 0.9662 -0.0861 0.2430
vn 0.9806 -0.0887 -0.1750
vn 0.9661 -0.0874 -0.2430
vn -0.6438 0.5786 0.5008
vn -0.6683 0.6006 0.4388
vn -0.6430 0.5794 -0.5008
vn -0.6442 0.5789 -0.4999
vn 0.9472 -0.0844 0.3093
vn 0.9473 -0.0849 0.3088
vn 0.9665 -0.0861 -0.2417
vn 0.9474 -0.0844 -0.3089
vn -0.5222 0.5068 0.6859
vn 0.9235 -0.0828 0.3745
vn 0.9233 -0.0822 0.3751
vn 0.9472 -0.0849 -0.3093
vn 0.9233 -0.0828 -0.3751
vn -0.6158 0.5550 0.5592
vn -0.6434 0.5798 0.4998
vn -0.6166 0.5542 -0.5592
vn -0.6154 0.5546 -0.5600
vn 0.7424 -0.0098 0.6699
vn 0.7878 -0.0104 -0.6159
vn 0.7420 -0.0098 -0.6703
vn 0.8952 -0.0797 0.4385
vn 0.8951 -0.0796 0.4386
vn 0.9236 -0.0822 -0.3745
vn 0.8951 -0.0797 -0.4386
vn -0.5857 0.5264 0.6163
vn -0.6162 0.5538 0.5600
vn -0.5851 0.5271 -0.6163
vn -0.5860 0.5267 -0.6157
vn -0.7913 0.6105 0.0345
vn -0.7912 0.6104 -0.0360
vn -0.7922 0.6093 -0.0345
vn 0.4567 -0.5409 0.7063
vn 0.4561 -0.5410 0.7066
vn -0.9936 -0.1068 0.0356
vn -0.5795 -0.5632 0.5890
vn 0.4561 -0.5410 -0.7066
vn 0.4567 -0.5409 -0.7063
vn -0.7053 -0.0613 -0.7063
vn -0.7055 -0.0611 -0.7061
vn -0.7882 0.6063 0.1056
vn -0.7921 0.6093 0.0361
vn -0.7874 0.6073 -0.1056
vn -0.7883 0.6064 -0.1043
vn -0.7799 0.6015 0.1733
vn -0.7875 0.6074 0.1043
vn -0.7796 0.6018 -0.1733
vn -0.7799 0.6015 -0.1728
vn 0.8622 -0.0767 0.5007
vn 0.8622 -0.0768 0.5006
vn 0.8952 -0.0796 -0.4385
vn 0.8622 -0.0767 -0.5007
vn -0.7680 0.5928 0.2425
vn -0.7797 0.6019 0.1728
vn -0.7680 0.5928 -0.2425
vn -0.7679 0.5928 -0.2425
vn -0.7528 0.5811 0.3091
vn -0.7532 0.5806 -0.3091
vn -0.7527 0.5810 -0.3097
vn 0.8252 -0.0735 0.5600
vn 0.8255 -0.0741 0.5596
vn 0.8622 -0.0768 -0.5007
vn 0.8255 -0.0735 -0.5596
vn -0.5515 0.4967 0.6702
vn -0.5855 0.5274 0.6157
vn -0.4963 0.5529 -0.6693
vn -0.5940 0.5350 -0.6007
vn -0.7342 0.5660 0.3748
vn -0.7531 0.5805 0.3097
vn -0.7346 0.5656 -0.3748
vn -0.7341 0.5659 -0.3753
vn -0.7120 0.5482 0.4389
vn -0.7344 0.5655 0.3753
vn -0.7112 0.5492 -0.4389
vn -0.7124 0.5485 -0.4378
vn 0.6446 -0.7646 0.0000
vn -0.9943 -0.1069 -0.0011
vn -0.9963 -0.0862 0.0000
vn 0.7849 -0.0705 0.6156
vn 0.7847 -0.0700 0.6159
vn 0.8251 -0.0741 -0.5600
vn 0.7847 -0.0704 -0.6159
vn 0.0887 0.1172 -0.9891
vn -0.6855 0.5294 0.4999
vn -0.7116 0.5495 0.4378
vn -0.6864 0.5281 -0.4999
vn -0.6849 0.5289 -0.5011
vn 0.9859 -0.1634 0.0353
vn 0.9859 -0.1638 0.0348
vn 0.9860 -0.1634 -0.0348
vn 0.9810 -0.1630 0.1053
vn 0.9809 -0.1642 0.1040
vn 0.9859 -0.1638 -0.0353
vn 0.9811 -0.1630 -0.1040
vn 0.9714 -0.1626 0.1727
vn 0.9714 -0.1604 0.1750
vn 0.9808 -0.1642 -0.1053
vn 0.9711 -0.1626 -0.1750
vn 0.9571 -0.1581 0.2429
vn 0.9572 -0.1593 0.2417
vn 0.9718 -0.1605 -0.1727
vn 0.9574 -0.1581 -0.2417
vn 0.7108 -0.0634 0.7005
vn 0.7850 -0.0700 -0.6156
vn 0.7391 -0.0659 -0.6703
vn -0.6566 0.5052 0.5600
vn -0.6859 0.5277 0.5011
vn -0.6565 0.5053 -0.5600
vn -0.6567 0.5053 -0.5599
vn 0.9383 -0.1561 0.3086
vn 0.9382 -0.1554 0.3093
vn 0.9569 -0.1592 -0.2429
vn 0.9381 -0.1561 -0.3093
vn 0.9142 -0.1514 0.3758
vn 0.9145 -0.1529 0.3745
vn 0.9384 -0.1554 -0.3086
vn 0.9148 -0.1515 -0.3745
vn -0.6244 0.4806 0.6157
vn -0.6566 0.5054 0.5599
vn -0.6241 0.4811 -0.6157
vn -0.6246 0.4808 -0.6153
vn 0.8041 0.0460 -0.5927
vn -0.0442 0.2094 -0.9768
vn 0.8868 -0.1483 0.4378
vn 0.8865 -0.1473 0.4386
vn 0.9140 -0.1528 -0.3758
vn 0.8864 -0.1482 -0.4386
vn 0.8539 -0.1419 0.5007
vn 0.8539 -0.1418 0.5007
vn 0.8869 -0.1473 -0.4378
vn 0.8539 -0.1418 -0.5007
vn 0.5254 -0.4739 0.7066
vn 0.5261 -0.4738 0.7062
vn -0.7070 0.0359 0.7063
vn -0.7068 0.0356 0.7065
vn 0.5261 -0.4738 -0.7062
vn 0.5254 -0.4739 -0.7066
vn 0.0719 -0.0648 -0.9953
vn -0.7068 0.0356 -0.7065
vn -0.7070 0.0359 -0.7063
vn -0.5878 0.4532 0.6701
vn -0.6243 0.4813 0.6153
vn -0.6471 0.4988 -0.5766
vn -0.8357 0.5480 0.0361
vn -0.8358 0.5480 -0.0343
vn -0.8348 0.5493 -0.0361
vn -0.8308 0.5467 0.1042
vn -0.8349 0.5493 0.0344
vn -0.8311 0.5463 -0.1042
vn -0.8308 0.5466 -0.1047
vn -0.8231 0.5410 0.1728
vn -0.8310 0.5463 0.1047
vn -0.8233 0.5406 -0.1728
vn -0.8230 0.5410 -0.1733
vn 0.8177 -0.1358 0.5595
vn 0.8174 -0.1350 0.5600
vn 0.8173 -0.1357 -0.5600
vn -0.8110 0.5325 0.2425
vn -0.8232 0.5406 0.1733
vn -0.8112 0.5321 -0.2425
vn -0.8108 0.5324 -0.2430
vn -0.7951 0.5215 0.3097
vn -0.8111 0.5320 0.2430
vn -0.7947 0.5220 -0.3097
vn -0.7953 0.5216 -0.3091
vn -0.5926 0.4217 0.6863
vn 0.7769 -0.1283 0.6164
vn 0.7773 -0.1296 0.6156
vn 0.8178 -0.1351 -0.5595
vn 0.7775 -0.1284 -0.6156
vn -0.7747 0.5089 0.3753
vn -0.7949 0.5221 0.3091
vn -0.7748 0.5087 -0.3753
vn -0.7747 0.5088 -0.3755
vn 0.7431 -0.6692 0.0000
vn -0.9987 0.0508 0.0000
vn -0.7516 0.4934 0.4378
vn -0.7748 0.5087 0.3755
vn -0.7515 0.4936 -0.4378
vn -0.7516 0.4935 -0.4376
vn 0.7326 -0.1221 0.6696
vn 0.7767 -0.1295 -0.6164
vn 0.8057 -0.1343 -0.5769
vn -0.7233 0.4751 0.5012
vn -0.7515 0.4937 0.4376
vn -0.7232 0.4752 -0.5012
vn -0.7233 0.4751 -0.5011
vn -0.6925 0.4550 0.5598
vn -0.7232 0.4753 0.5011
vn -0.6924 0.4552 -0.5598
vn -0.6925 0.4551 -0.5597
vn 0.9705 -0.2386 0.0342
vn 0.9707 -0.2376 0.0354
vn 0.9705 -0.2386 -0.0353
vn 0.9659 -0.2364 0.1059
vn 0.9658 -0.2371 0.1052
vn 0.9708 -0.2376 -0.0342
vn 0.9659 -0.2364 -0.1052
vn 0.9566 -0.2348 0.1724
vn 0.9566 -0.2344 0.1728
vn 0.9657 -0.2371 -0.1059
vn 0.9566 -0.2348 -0.1728
vn 0.9422 -0.2309 0.2428
vn 0.9422 -0.2308 0.2429
vn 0.9567 -0.2344 -0.1724
vn 0.9422 -0.2309 -0.2429
vn -0.6587 0.4330 0.6153
vn -0.6924 0.4552 0.5597
vn -0.6591 0.4324 -0.6153
vn -0.6584 0.4328 -0.6158
vn 0.9237 -0.2263 0.3093
vn 0.9237 -0.2269 0.3087
vn 0.9422 -0.2308 -0.2428
vn 0.9239 -0.2263 -0.3087
vn 0.9002 -0.2211 0.3750
vn 0.9001 -0.2203 0.3758
vn 0.9235 -0.2269 -0.3093
vn 0.8999 -0.2211 -0.3758
vn -0.6205 0.4071 0.6703
vn -0.6588 0.4322 0.6158
vn -0.6864 0.4275 -0.5884
vn -0.6638 0.4355 -0.6080
vn 0.8733 -0.2137 0.4379
vn 0.8733 -0.2139 0.4377
vn 0.9004 -0.2203 -0.3750
vn 0.8733 -0.2137 -0.4377
vn 0.8404 -0.2058 0.5014
vn 0.8406 -0.2068 0.5006
vn 0.8732 -0.2139 -0.4379
vn 0.8408 -0.2059 -0.5006
vn 0.0788 -0.0534 -0.9955
vn 0.0823 -0.0513 -0.9953
vn 0.8053 -0.1981 0.5588
vn 0.8050 -0.1972 0.5595
vn 0.8402 -0.2067 -0.5014
vn 0.8049 -0.1980 -0.5595
vn 0.5861 -0.3970 0.7063
vn 0.5855 -0.3972 0.7066
vn -0.6956 0.1318 0.7062
vn -0.6913 0.1219 0.7123
vn 0.5861 -0.3970 -0.7063
vn 0.5855 -0.3972 -0.7066
vn -0.6953 0.1317 -0.7066
vn -0.6911 0.1228 -0.7123
vn -0.0935 0.0177 -0.9955
vn 0.7653 -0.1875 0.6158
vn 0.7651 -0.1864 0.6164
vn 0.8055 -0.1973 -0.5588
vn 0.7649 -0.1873 -0.6164
vn -0.8743 0.4841 0.0344
vn -0.8743 0.4841 -0.0350
vn -0.8746 0.4836 -0.0344
vn -0.8703 0.4813 0.1046
vn -0.8746 0.4836 0.0351
vn -0.8705 0.4810 -0.1046
vn -0.8703 0.4812 -0.1050
vn -0.8620 0.4763 0.1734
vn -0.8704 0.4810 0.1050
vn -0.8621 0.4762 -0.1734
vn -0.8620 0.4763 -0.1735
vn -0.8491 0.4690 0.2431
vn -0.8621 0.4762 0.1735
vn -0.8484 0.4702 -0.2431
vn -0.8494 0.4692 -0.2417
vn -0.8318 0.4610 0.3091
vn -0.8487 0.4704 0.2417
vn -0.8317 0.4612 -0.3091
vn -0.8319 0.4611 -0.3088
vn 0.7147 -0.2045 0.6688
vn 0.6922 -0.1687 0.7017
vn 0.7656 -0.1865 -0.6157
vn 0.7758 -0.1890 -0.6020
vn -0.8105 0.4495 0.3755
vn -0.8318 0.4613 0.3088
vn -0.8106 0.4494 -0.3755
vn -0.8105 0.4495 -0.3756
vn 0.8275 -0.5614 0.0000
vn -0.9848 0.1737 0.0000
vn -0.9846 0.1749 0.0001
vn -0.7864 0.4360 0.4376
vn -0.8106 0.4493 0.3756
vn -0.7871 0.4348 -0.4376
vn -0.7859 0.4357 -0.4387
vn 0.7854 -0.1807 -0.5920
vn -0.0945 0.0218 -0.9953
vn -0.7575 0.4185 0.5011
vn -0.7866 0.4345 0.4387
vn -0.7571 0.4191 -0.5011
vn -0.7578 0.4186 -0.5005
vn -0.7250 0.4014 0.5597
vn -0.7574 0.4193 0.5005
vn -0.7248 0.4017 -0.5597
vn -0.7251 0.4014 -0.5595
vn -0.6891 0.3819 0.6158
vn -0.7250 0.4018 0.5595
vn -0.6895 0.3812 -0.6158
vn -0.6888 0.3817 -0.6163
vn -0.6494 0.3591 0.6703
vn -0.6891 0.3810 0.6163
vn -0.8383 0.2656 -0.4762
vn -0.6248 0.3455 -0.7002
vn 0.9498 -0.3108 0.0352
vn 0.9496 -0.3117 0.0342
vn 0.9498 -0.3108 -0.0342
vn 0.9450 -0.3102 0.1035
vn 0.9455 -0.3079 0.1060
vn 0.9495 -0.3117 -0.0352
vn 0.9448 -0.3101 -0.1060
vn 0.9364 -0.3049 0.1737
vn 0.9362 -0.3062 0.1724
vn 0.9457 -0.3080 -0.1035
vn 0.9366 -0.3050 -0.1724
vn 0.9222 -0.3017 0.2419
vn 0.9223 -0.3006 0.2429
vn 0.9360 -0.3062 -0.1737
vn 0.9220 -0.3016 -0.2429
vn 0.9038 -0.2946 0.3104
vn 0.9038 -0.2959 0.3092
vn 0.9225 -0.3007 -0.2419
vn 0.9042 -0.2947 -0.3092
vn -0.6494 0.3283 0.6859
vn 0.0228 -0.2597 -0.9654
vn 0.8812 -0.2885 0.3745
vn 0.8812 -0.2878 0.3751
vn 0.9034 -0.2958 -0.3104
vn 0.8810 -0.2884 -0.3751
vn 0.8543 -0.2791 0.4386
vn 0.8543 -0.2799 0.4379
vn 0.8814 -0.2879 -0.3745
vn 0.8546 -0.2792 -0.4379
vn 0.8224 -0.2694 0.5011
vn 0.8224 -0.2692 0.5013
vn 0.8540 -0.2798 -0.4386
vn 0.8223 -0.2694 -0.5013
vn 0.7880 -0.2579 0.5590
vn 0.7881 -0.2582 0.5588
vn 0.8224 -0.2692 -0.5011
vn 0.7881 -0.2580 -0.5588
vn 0.7486 -0.2453 0.6160
vn 0.7486 -0.2456 0.6158
vn 0.7879 -0.2582 -0.5590
vn 0.7487 -0.2453 -0.6158
vn 0.7052 -0.2313 0.6702
vn 0.7485 -0.2455 -0.6160
vn 0.7768 -0.2548 -0.5758
vn 0.6339 -0.3150 0.7064
vn 0.6341 -0.3149 0.7063
vn -0.6686 0.2238 0.7092
vn 0.7897 0.2065 -0.5777
vn -0.0132 0.1508 -0.9885
vn -0.5967 0.8024 0.0000
vn -0.6711 0.2244 -0.7066
vn 0.0213 0.2210 -0.9750
vn -0.9090 0.4154 0.0351
vn -0.9090 0.4154 -0.0337
vn -0.9085 0.4165 -0.0350
vn -0.9040 0.4145 0.1050
vn -0.9085 0.4165 0.0338
vn -0.9041 0.4143 -0.1050
vn -0.9040 0.4144 -0.1052
vn -0.8953 0.4102 0.1735
vn -0.9041 0.4142 0.1052
vn -0.8955 0.4098 -0.1735
vn -0.8952 0.4102 -0.1740
vn -0.8823 0.4038 0.2417
vn -0.8954 0.4098 0.1740
vn -0.8820 0.4045 -0.2417
vn -0.8825 0.4039 -0.2409
vn -0.8645 0.3965 0.3088
vn -0.8822 0.4046 0.2409
vn -0.8651 0.3952 -0.3088
vn -0.8641 0.3963 -0.3101
vn -0.8430 0.3851 0.3756
vn -0.8647 0.3950 0.3102
vn -0.8425 0.3860 -0.3756
vn -0.8433 0.3853 -0.3747
vn 0.8957 -0.4447 0.0000
vn 0.8957 -0.4448 0.0000
vn -0.6726 0.2211 0.7062
vn -0.9500 0.3122 -0.0003
vn -0.9484 0.3172 0.0000
vn -0.8170 0.3743 0.4387
vn -0.8429 0.3862 0.3747
vn -0.8169 0.3745 -0.4387
vn -0.8171 0.3744 -0.4385
vn -0.7870 0.3608 0.5005
vn -0.8170 0.3746 0.4385
vn -0.7869 0.3609 -0.5005
vn -0.7870 0.3608 -0.5004
vn -0.7534 0.3455 0.5595
vn -0.7870 0.3610 0.5004
vn -0.7540 0.3443 -0.5595
vn -0.7528 0.3453 -0.5604
vn -0.7163 0.3271 0.6164
vn -0.7533 0.3440 0.5605
vn -0.7155 0.3288 -0.6164
vn -0.7171 0.3275 -0.6152
vn -0.6745 0.3099 0.6701
vn -0.7164 0.3292 0.6152
vn -0.6745 0.3099 -0.6701
vn 0.9235 -0.3821 0.0344
vn 0.9237 -0.3814 0.0352
vn 0.9234 -0.3821 -0.0352
vn 0.9192 -0.3795 0.1050
vn 0.9188 -0.3809 0.1035
vn 0.9238 -0.3814 -0.0343
vn 0.9194 -0.3796 -0.1035
vn 0.9097 -0.3771 0.1737
vn 0.9098 -0.3770 0.1738
vn 0.9187 -0.3808 -0.1050
vn 0.9097 -0.3771 -0.1738
vn 0.8965 -0.3715 0.2412
vn 0.8966 -0.3709 0.2418
vn 0.9098 -0.3770 -0.1737
vn 0.8964 -0.3715 -0.2418
vn 0.8785 -0.3634 0.3102
vn 0.8785 -0.3631 0.3105
vn 0.8968 -0.3710 -0.2412
vn 0.8784 -0.3634 -0.3105
vn 0.8571 -0.3543 0.3740
vn 0.8571 -0.3537 0.3745
vn 0.8786 -0.3631 -0.3102
vn 0.8569 -0.3542 -0.3745
vn 0.8306 -0.3428 0.4389
vn 0.8306 -0.3431 0.4386
vn 0.8573 -0.3538 -0.3740
vn 0.8307 -0.3428 -0.4386
vn 0.8003 -0.3306 0.5001
vn 0.8003 -0.3293 0.5011
vn 0.8305 -0.3431 -0.4389
vn 0.7998 -0.3304 -0.5011
vn 0.7664 -0.3153 0.5597
vn 0.7665 -0.3164 0.5589
vn 0.8008 -0.3295 -0.5001
vn 0.7668 -0.3155 -0.5590
vn 0.7280 -0.3005 0.6162
vn 0.7281 -0.3008 0.6160
vn 0.7660 -0.3162 -0.5597
vn 0.7281 -0.3006 -0.6160
vn 0.6755 -0.3093 0.6694
vn 0.6595 -0.2724 0.7006
vn 0.7280 -0.3007 -0.6162
vn 0.7426 -0.3068 -0.5953
vn 0.6631 -0.3568 -0.6580
vn -0.6964 0.2569 0.6701
vn -0.6916 0.2259 0.6861
vn 0.6726 -0.2211 0.7062
vn 0.6686 -0.2238 0.7092
vn -0.6341 0.3146 0.7064
vn -0.7392 0.2727 0.6158
vn -0.7393 0.2737 0.6152
vn 0.9500 -0.3122 0.0000
vn -0.8930 0.4502 0.0000
vn -0.6292 0.3172 0.7096
vn -0.7771 0.2877 0.5598
vn -0.7770 0.2868 0.5604
vn -0.8123 0.2998 0.5002
vn -0.8123 0.2996 0.5003
vn -0.8429 0.3109 0.4392
vn -0.8429 0.3118 0.4385
vn -0.8697 0.3217 0.3743
vn -0.8697 0.3213 0.3747
vn -0.8919 0.3295 0.3099
vn -0.8919 0.3293 0.3101
vn -0.9102 0.3360 0.2422
vn -0.9100 0.3373 0.2409
vn -0.9236 0.3423 0.1727
vn -0.9238 0.3410 0.1740
vn -0.9329 0.3444 0.1054
vn -0.9328 0.3446 0.1052
vn -0.9372 0.3471 0.0338
vn -0.9375 0.3463 0.0347
vn -0.9372 0.3471 -0.0347
vn -0.9375 0.3463 -0.0337
vn -0.9329 0.3444 -0.1052
vn -0.9328 0.3446 -0.1054
vn -0.9233 0.3423 -0.1741
vn -0.9240 0.3411 -0.1727
vn -0.9105 0.3361 -0.2409
vn -0.9097 0.3372 -0.2422
vn -0.8918 0.3295 -0.3101
vn -0.8919 0.3293 -0.3099
vn -0.8696 0.3217 -0.3747
vn -0.8698 0.3214 -0.3743
vn -0.8432 0.3110 -0.4385
vn -0.8426 0.3117 -0.4392
vn -0.8123 0.2998 -0.5003
vn -0.8124 0.2997 -0.5002
vn -0.7767 0.2875 -0.5604
vn -0.7774 0.2869 -0.5598
vn -0.7397 0.2729 -0.6152
vn -0.7389 0.2736 -0.6158
vn 0.5967 -0.8024 0.0000
vn 0.6698 -0.2201 -0.7092
vn -0.6325 0.3971 -0.6650
vn -0.7634 0.2816 -0.5813
vn 0.0226 0.2343 -0.9719
vn -0.0213 -0.2210 -0.9750
vn -0.0714 -0.1624 -0.9841
vn -0.7724 -0.2072 -0.6005
vn 0.6627 -0.3342 -0.6702
vn 0.6627 -0.3342 0.6702
vn 0.7033 -0.3546 0.6162
vn 0.7035 -0.3547 -0.6158
vn 0.7031 -0.3551 -0.6162
vn 0.7033 -0.3552 0.6158
vn 0.7397 -0.3736 0.5597
vn 0.7397 -0.3735 -0.5598
vn 0.7398 -0.3734 -0.5597
vn 0.7397 -0.3734 0.5598
vn 0.7730 -0.3902 0.5001
vn 0.7733 -0.3903 -0.4997
vn 0.7728 -0.3907 -0.5001
vn 0.7730 -0.3908 0.4997
vn 0.8019 -0.4054 0.4389
vn 0.8021 -0.4055 -0.4384
vn 0.8017 -0.4058 -0.4389
vn 0.8019 -0.4059 0.4384
vn 0.8275 -0.4189 0.3740
vn 0.8268 -0.4185 -0.3759
vn 0.8284 -0.4170 -0.3740
vn 0.8277 -0.4167 0.3759
vn 0.8491 -0.4275 0.3103
vn 0.8493 -0.4276 -0.3097
vn 0.8489 -0.4280 -0.3102
vn 0.8490 -0.4281 0.3097
vn 0.8666 -0.4369 0.2412
vn 0.8665 -0.4369 -0.2412
vn 0.8666 -0.4369 -0.2412
vn 0.8794 -0.4433 0.1736
vn 0.8794 -0.4433 -0.1737
vn 0.8794 -0.4433 -0.1736
vn 0.8794 -0.4433 0.1737
vn 0.8880 -0.4476 0.1050
vn 0.8881 -0.4477 -0.1037
vn 0.8874 -0.4488 -0.1050
vn 0.8876 -0.4488 0.1037
vn 0.8919 -0.4510 0.0344
vn 0.8924 -0.4498 -0.0343
vn 0.8918 -0.4510 -0.0357
vn 0.8924 -0.4498 0.0358
vn -0.7140 0.2034 0.6699
vn -0.7574 0.2172 0.6158
vn -0.7570 0.2157 0.6167
vn -0.7578 0.2159 -0.6158
vn -0.7847 0.2235 -0.5782
vn -0.7967 0.2278 0.5598
vn -0.7968 0.2285 0.5594
vn -0.7965 0.2284 -0.5598
vn -0.7567 0.2170 -0.6167
vn -0.8325 0.2383 0.5001
vn -0.8325 0.2381 0.5003
vn -0.8326 0.2381 -0.5001
vn -0.7970 0.2279 -0.5594
vn -0.8640 0.2462 0.4392
vn -0.8641 0.2473 0.4383
vn -0.8637 0.2472 -0.4392
vn -0.8324 0.2382 -0.5003
vn -0.8917 0.2544 0.3744
vn -0.8917 0.2541 0.3746
vn -0.8918 0.2542 -0.3744
vn -0.8644 0.2464 -0.4384
vn -0.9144 0.2604 0.3098
vn -0.9144 0.2608 0.3094
vn -0.9143 0.2608 -0.3098
vn -0.8916 0.2543 -0.3745
vn -0.9332 0.2656 0.2422
vn -0.9332 0.2658 0.2420
vn -0.9331 0.2658 -0.2422
vn -0.9145 0.2605 -0.3094
vn -0.9471 0.2706 0.1727
vn -0.9472 0.2696 0.1738
vn -0.9473 0.2696 -0.1727
vn -0.9332 0.2656 -0.2420
vn 0.9848 -0.1737 -0.0006
vn 0.9827 -0.1853 0.0000
vn 0.6957 -0.1316 0.7062
vn 0.6914 -0.1219 0.7121
vn -0.8205 0.5716 0.0000
vn -0.5851 0.3980 0.7066
vn -0.5762 0.4014 0.7120
vn 0.6957 -0.1316 -0.7062
vn 0.6955 -0.1311 -0.7065
vn -0.5851 0.3980 -0.7066
vn -0.5762 0.4014 -0.7120
vn -0.9563 0.2726 0.1054
vn -0.9562 0.2732 0.1048
vn -0.9562 0.2732 -0.1054
vn -0.9469 0.2705 -0.1738
vn -0.9609 0.2746 0.0347
vn -0.9611 0.2740 0.0353
vn -0.9611 0.2740 -0.0346
vn -0.9564 0.2726 -0.1048
vn -0.9609 0.2745 -0.0353
vn 0.0501 -0.0994 -0.9938
vn 0.0580 0.1322 -0.9895
vn -0.0786 0.0535 -0.9955
vn 0.6210 -0.4077 0.6694
vn 0.6991 -0.3435 -0.6271
vn 0.6350 -0.3841 -0.6702
vn 0.6109 -0.3695 0.7002
vn 0.6741 -0.4077 0.6159
vn 0.6741 -0.4077 -0.6160
vn 0.6742 -0.4076 -0.6159
vn 0.6741 -0.4076 0.6160
vn 0.7091 -0.4287 0.5598
vn 0.7092 -0.4288 -0.5597
vn 0.7091 -0.4288 -0.5598
vn 0.7091 -0.4289 0.5597
vn 0.7412 -0.4483 0.4997
vn 0.7405 -0.4479 -0.5010
vn 0.7420 -0.4469 -0.4997
vn 0.7414 -0.4465 0.5010
vn 0.7699 -0.4637 0.4385
vn 0.7702 -0.4639 -0.4377
vn 0.7694 -0.4645 -0.4385
vn 0.7697 -0.4647 0.4377
vn 0.7933 -0.4789 0.3759
vn 0.7934 -0.4790 -0.3755
vn 0.7931 -0.4793 -0.3759
vn 0.7932 -0.4794 0.3755
vn 0.8138 -0.4918 0.3097
vn 0.8140 -0.4919 -0.3088
vn 0.8133 -0.4926 -0.3097
vn -0.7270 0.1502 0.6700
vn -0.7173 0.1193 0.6864
vn -0.7680 0.0979 -0.6330
vn 0.8136 -0.4927 0.3088
vn 0.8301 -0.5027 0.2411
vn 0.8299 -0.5026 -0.2420
vn 0.8305 -0.5020 -0.2412
vn 0.8304 -0.5019 0.2420
vn 0.8428 -0.5095 0.1737
vn 0.8427 -0.5094 -0.1740
vn 0.8429 -0.5092 -0.1737
vn 0.8429 -0.5092 0.1740
vn 0.8513 -0.5143 0.1037
vn 0.8512 -0.5142 -0.1050
vn 0.8520 -0.5132 -0.1037
vn 0.8519 -0.5131 0.1050
vn 0.8560 -0.5157 0.0358
vn 0.8558 -0.5161 -0.0357
vn 0.8561 -0.5157 -0.0352
vn 0.8558 -0.5161 0.0352
vn -0.7712 0.1579 0.6167
vn -0.7716 0.1594 0.6158
vn -0.7709 0.1592 -0.6167
vn -0.6980 0.1442 -0.7014
vn -0.8122 0.1656 0.5594
vn -0.8124 0.1663 0.5588
vn -0.8121 0.1663 -0.5594
vn -0.7719 0.1580 -0.6158
vn -0.8480 0.1747 0.5003
vn -0.8476 0.1728 0.5018
vn -0.8484 0.1729 -0.5003
vn -0.8126 0.1656 -0.5588
vn -0.8804 0.1809 0.4383
vn -0.8805 0.1814 0.4379
vn -0.8803 0.1814 -0.4383
vn -0.8472 0.1746 -0.5018
vn 0.6653 -0.4739 -0.5769
vn -0.9081 0.1871 0.3745
vn -0.9081 0.1866 0.3749
vn -0.9082 0.1866 -0.3745
vn -0.8806 0.1810 -0.4379
vn -0.9314 0.1917 0.3095
vn -0.9314 0.1918 0.3093
vn -0.9314 0.1918 -0.3095
vn -0.9080 0.1870 -0.3749
vn 0.6048 -0.4308 0.6699
vn 0.6416 -0.4570 0.6160
vn 0.6416 -0.4570 -0.6160
vn 0.6417 -0.4570 -0.6160
vn -0.9504 0.1953 0.2420
vn -0.9504 0.1956 0.2416
vn -0.9504 0.1956 -0.2420
vn -0.9314 0.1917 -0.3093
vn 0.9995 -0.0324 0.0000
vn 0.9994 -0.0339 0.0001
vn 0.6991 -0.0227 0.7147
vn 0.7068 -0.0356 0.7065
vn -0.7434 0.6689 0.0000
vn -0.5261 0.4736 0.7063
vn -0.5263 0.4736 0.7062
vn 0.7068 -0.0356 -0.7065
vn 0.6990 -0.0237 -0.7147
vn -0.7310 0.6824 0.0009
vn -0.5114 0.4774 -0.7145
vn -0.5261 0.4736 -0.7063
vn -0.9645 0.1987 0.1738
vn -0.9645 0.1982 0.1743
vn -0.9646 0.1982 -0.1738
vn -0.9505 0.1953 -0.2416
vn -0.9741 0.2006 0.1048
vn -0.9741 0.2006 0.1047
vn -0.9741 0.2006 -0.1048
vn -0.9644 0.1986 -0.1743
vn -0.9790 0.2010 0.0354
vn -0.9789 0.2016 0.0348
vn -0.9788 0.2016 -0.0353
vn -0.9741 0.2006 -0.1047
vn -0.9790 0.2010 -0.0347
vn 0.6417 -0.4569 0.6160
vn 0.6751 -0.4807 0.5597
vn 0.6752 -0.4808 -0.5594
vn 0.6748 -0.4810 -0.5597
vn 0.0958 -0.0048 -0.9954
vn -0.0048 0.1729 -0.9849
vn -0.0713 0.0642 -0.9954
vn -0.0724 0.0638 -0.9953
vn 0.6750 -0.4811 0.5594
vn 0.7047 -0.5023 0.5010
vn 0.7049 -0.5025 -0.5006
vn 0.7044 -0.5028 -0.5010
vn -0.7360 0.0939 0.6704
vn 0.7046 -0.5029 0.5006
vn 0.7319 -0.5224 0.4376
vn 0.7315 -0.5221 -0.4385
vn 0.7324 -0.5215 -0.4376
vn 0.7321 -0.5213 0.4385
vn 0.7550 -0.5376 0.3756
vn 0.7551 -0.5377 -0.3752
vn 0.7547 -0.5379 -0.3756
vn -0.7815 0.1000 0.6158
vn -0.7815 0.0997 0.6159
vn -0.7816 0.0997 -0.6158
vn -0.7360 0.0939 -0.6704
vn 0.7549 -0.5380 0.3752
vn 0.7746 -0.5520 0.3088
vn 0.7744 -0.5519 -0.3094
vn 0.7749 -0.5515 -0.3088
vn 0.7748 -0.5514 0.3094
vn 0.7905 -0.5626 0.2420
vn 0.7905 -0.5626 -0.2421
vn 0.7906 -0.5625 -0.2420
vn -0.8226 0.1048 0.5589
vn -0.8228 0.1053 0.5585
vn -0.8226 0.1052 -0.5589
vn -0.7814 0.1000 -0.6159
vn 0.7906 -0.5624 0.2421
vn 0.8024 -0.5709 0.1740
vn 0.8025 -0.5709 -0.1731
vn 0.8019 -0.5716 -0.1740
vn 0.8020 -0.5716 0.1731
vn 0.8098 -0.5772 0.1050
vn 0.8098 -0.5772 -0.1049
vn 0.8097 -0.5773 -0.1050
vn 0.8097 -0.5774 0.1049
vn 0.8137 -0.5802 0.0352
vn 0.8140 -0.5798 -0.0351
vn 0.8137 -0.5802 -0.0357
vn 0.8140 -0.5798 0.0357
vn 0.5525 -0.4971 0.6691
vn 0.6001 -0.5292 -0.5998
vn 0.6236 -0.5191 -0.5845
vn -0.8581 0.1092 0.5017
vn -0.8581 0.1093 0.5017
vn -0.8581 0.1093 -0.5017
vn -0.8228 0.1048 -0.5585
vn -0.8918 0.1138 0.4379
vn -0.8917 0.1135 0.4382
vn -0.8918 0.1135 -0.4379
vn -0.8581 0.1092 -0.5017
vn 0.5481 -0.4563 0.7010
vn 0.6054 -0.5040 0.6160
vn 0.6054 -0.5040 -0.6160
vn -0.9196 0.1171 0.3750
vn -0.9197 0.1173 0.3747
vn -0.9196 0.1173 -0.3750
vn -0.8917 0.1138 -0.4382
vn -0.9433 0.1202 0.3094
vn -0.9433 0.1201 0.3095
vn -0.9433 0.1201 -0.3094
vn -0.9197 0.1171 -0.3747
vn 0.6370 -0.5304 0.5594
vn 0.6372 -0.5305 -0.5591
vn 0.6368 -0.5307 -0.5594
vn -0.7410 0.0379 0.6704
vn -0.7271 0.0095 0.6865
vn -0.7299 0.1415 -0.6687
vn 0.9940 0.1091 -0.0011
vn 0.9963 0.0856 0.0000
vn 0.6937 0.0762 0.7162
vn 0.7050 0.0614 0.7065
vn -0.6290 0.7774 -0.0001
vn -0.4573 0.5404 0.7063
vn -0.4383 0.5418 0.7172
vn 0.7050 0.0614 -0.7065
vn 0.7056 0.0606 -0.7060
vn -0.6272 0.7789 0.0000
vn -0.4372 0.5429 -0.7170
vn -0.4571 0.5402 -0.7066
vn -0.9625 0.1234 0.2415
vn -0.9624 0.1227 0.2422
vn -0.9626 0.1227 -0.2415
vn -0.9433 0.1202 -0.3095
vn -0.9769 0.1237 0.1744
vn -0.9770 0.1252 0.1728
vn -0.9767 0.1252 -0.1744
vn -0.9624 0.1233 -0.2422
vn 0.6369 -0.5308 0.5591
vn 0.6650 -0.5542 0.5006
vn 0.6647 -0.5539 -0.5013
vn 0.6656 -0.5535 -0.5006
vn -0.9866 0.1255 0.1047
vn -0.9866 0.1250 0.1053
vn -0.9866 0.1250 -0.1047
vn -0.9771 0.1238 -0.1728
vn -0.9914 0.1259 0.0348
vn -0.9914 0.1261 0.0346
vn -0.9914 0.1261 -0.0348
vn -0.9865 0.1255 -0.1053
vn -0.9914 0.1259 -0.0346
vn -0.7868 0.0395 0.6159
vn -0.7872 0.0403 0.6154
vn -0.7868 0.0402 -0.6159
vn -0.8051 0.0412 -0.5917
vn 0.0953 0.0083 -0.9954
vn -0.2356 -0.0930 -0.9674
vn 0.6653 -0.5532 0.5013
vn 0.6910 -0.5746 0.4385
vn 0.6913 -0.5749 -0.4378
vn 0.6906 -0.5752 -0.4384
vn 0.6908 -0.5754 0.4378
vn 0.7122 -0.5932 0.3753
vn 0.7120 -0.5931 -0.3760
vn 0.7126 -0.5927 -0.3753
vn 0.4291 -0.6960 -0.5757
vn 0.5847 -0.5678 -0.5795
vn -0.8284 0.0425 0.5585
vn -0.8280 0.0415 0.5592
vn -0.8285 0.0416 -0.5585
vn -0.7872 0.0395 -0.6154
vn 0.7124 -0.5925 0.3760
vn 0.7311 -0.6081 0.3093
vn 0.7312 -0.6081 -0.3093
vn 0.7311 -0.6081 -0.3093
vn 0.7459 -0.6204 0.2422
vn 0.7460 -0.6205 -0.2418
vn 0.7457 -0.6207 -0.2422
vn -0.8640 0.0439 0.5016
vn -0.8642 0.0443 0.5013
vn -0.8640 0.0443 -0.5016
vn -0.8280 0.0425 -0.5592
vn 0.5326 -0.5172 0.6700
vn 0.5651 -0.5487 0.6161
vn 0.5650 -0.5486 -0.6163
vn 0.5654 -0.5485 -0.6161
vn 0.7458 -0.6208 0.2418
vn 0.7570 -0.6301 0.1730
vn 0.7570 -0.6301 -0.1728
vn 0.7569 -0.6302 -0.1730
vn 0.7569 -0.6303 0.1728
vn 0.7642 -0.6364 0.1049
vn 0.7642 -0.6363 -0.1053
vn 0.7645 -0.6361 -0.1049
vn 0.7644 -0.6361 0.1053
vn 0.7682 -0.6392 0.0358
vn 0.7674 -0.6402 -0.0357
vn 0.7682 -0.6392 -0.0343
vn 0.7674 -0.6402 0.0344
vn -0.8977 0.0456 0.4382
vn -0.8977 0.0456 -0.4382
vn -0.8642 0.0439 -0.5013
vn -0.7416 -0.0182 0.6706
vn 0.5652 -0.5483 0.6163
vn 0.5951 -0.5773 0.5590
vn 0.5950 -0.5772 -0.5593
vn 0.5954 -0.5770 -0.5590
vn -0.9260 0.0471 0.3746
vn -0.9260 0.0470 0.3747
vn -0.9260 0.0470 -0.3746
vn -0.9496 0.0487 0.3096
vn -0.9495 0.0483 0.3100
vn -0.9497 0.0483 -0.3096
vn -0.9260 0.0471 -0.3747
vn 0.9751 0.2217 0.0017
vn 0.9692 0.2461 0.0003
vn 0.6902 0.1569 0.7064
vn 0.6908 0.1564 0.7060
vn -0.5086 0.8610 0.0000
vn -0.3778 0.5983 0.7066
vn -0.3537 0.5988 0.7186
vn 0.6907 0.1564 -0.7060
vn 0.6738 0.1711 -0.7188
vn -0.3537 0.5988 -0.7186
vn -0.3778 0.5983 -0.7066
vn -0.7879 -0.0198 0.6154
vn -0.7882 -0.0194 0.6152
vn -0.7879 -0.0194 -0.6154
vn -0.8170 -0.0201 -0.5763
vn 0.5953 -0.5769 0.5593
vn 0.6213 -0.6022 0.5013
vn 0.6215 -0.6023 -0.5009
vn 0.6210 -0.6025 -0.5013
vn -0.9690 0.0488 0.2422
vn -0.9692 0.0497 0.2413
vn -0.9690 0.0497 -0.2422
vn -0.9495 0.0487 -0.3100
vn 0.4921 -0.5552 -0.6705
vn -0.9837 0.0503 0.1728
vn -0.9836 0.0495 0.1736
vn -0.9837 0.0495 -0.1728
vn -0.9692 0.0488 -0.2413
vn 0.6211 -0.6027 0.5009
vn 0.6452 -0.6261 0.4378
vn 0.6454 -0.6262 -0.4374
vn 0.6449 -0.6264 -0.4378
vn -0.9932 0.0504 0.1053
vn -0.9932 0.0508 0.1049
vn -0.9931 0.0508 -0.1053
vn -0.9835 0.0503 -0.1736
vn -0.9980 0.0521 0.0346
vn -0.9981 0.0507 0.0361
vn -0.9981 0.0507 -0.0346
vn -0.9932 0.0505 -0.1049
vn 0.0926 0.0210 -0.9955
vn 0.0961 0.0100 -0.9953
vn -0.0507 0.0803 -0.9955
vn 0.1404 0.1760 -0.9743
vn -0.9980 0.0521 -0.0361
vn -0.8288 -0.0198 0.5592
vn -0.8283 -0.0208 0.5599
vn -0.8288 -0.0208 -0.5591
vn -0.7881 -0.0198 -0.6152
vn 0.6451 -0.6266 0.4374
vn 0.6647 -0.6456 0.3761
vn 0.6645 -0.6454 -0.3767
vn 0.6651 -0.6451 -0.3761
vn 0.4924 -0.5555 0.6700
vn 0.5223 -0.5893 0.6164
vn 0.5225 -0.5895 -0.6160
vn 0.5219 -0.5897 -0.6163
vn -0.8650 -0.0213 0.5013
vn -0.8653 -0.0207 0.5008
vn -0.8650 -0.0207 -0.5013
vn -0.8284 -0.0198 -0.5598
vn 0.6649 -0.6450 0.3767
vn 0.6826 -0.6621 0.3093
vn 0.6829 -0.6624 -0.3080
vn 0.6817 -0.6631 -0.3093
vn -0.7381 -0.0744 0.6706
vn -0.7994 -0.0831 -0.5951
vn 0.6820 -0.6634 0.3080
vn 0.6956 -0.6766 0.2418
vn 0.6954 -0.6764 -0.2426
vn 0.6961 -0.6760 -0.2418
vn -0.8986 -0.0214 0.4382
vn -0.8983 -0.0221 0.4389
vn -0.8986 -0.0221 -0.4382
vn -0.8653 -0.0213 -0.5008
vn 0.6960 -0.6759 0.2426
vn 0.7066 -0.6862 0.1728
vn 0.7065 -0.6861 -0.1737
vn 0.7072 -0.6856 -0.1728
vn 0.5221 -0.5899 0.6160
vn 0.5494 -0.6207 0.5593
vn 0.5493 -0.6206 -0.5595
vn 0.5497 -0.6205 -0.5593
vn 0.7071 -0.6855 0.1737
vn 0.7140 -0.6922 0.1053
vn 0.7140 -0.6922 -0.1051
vn 0.7139 -0.6923 -0.1053
vn 0.7139 -0.6923 0.1051
vn 0.7175 -0.6957 0.0344
vn 0.7175 -0.6958 -0.0344
vn 0.7175 -0.6957 -0.0343
vn 0.7175 -0.6958 0.0344
vn -0.7845 -0.0790 0.6151
vn -0.7844 -0.0790 0.6151
vn -0.7845 -0.0790 -0.6151
vn -0.7980 -0.0804 -0.5973
vn -0.9269 -0.0229 0.3747
vn -0.9272 -0.0220 0.3739
vn -0.9269 -0.0220 -0.3747
vn -0.8983 -0.0214 -0.4389
vn 0.4612 -0.5624 0.6863
vn 0.5850 -0.5606 -0.5861
vn 0.4489 -0.5906 -0.6705
vn 0.9358 0.3525 0.0000
vn 0.9358 0.3524 0.0000
vn 0.6618 0.2493 0.7071
vn 0.6627 0.2486 0.7064
vn -0.4159 0.9094 0.0000
vn -0.2940 0.6434 0.7068
vn -0.2943 0.6434 0.7067
vn 0.6625 0.2486 -0.7066
vn 0.6618 0.2492 -0.7071
vn -0.2943 0.6434 -0.7067
vn -0.2940 0.6434 -0.7068
vn 0.5496 -0.6204 0.5595
vn 0.5739 -0.6479 0.5009
vn 0.5742 -0.6482 -0.5002
vn 0.5733 -0.6485 -0.5009
vn -0.9505 -0.0229 0.3099
vn -0.9503 -0.0234 0.3104
vn -0.9505 -0.0234 -0.3099
vn -0.9272 -0.0229 -0.3740
vn -0.8244 -0.0834 0.5598
vn -0.8246 -0.0831 0.5595
vn -0.8244 -0.0830 -0.5598
vn -0.7844 -0.0790 -0.6151
vn -0.9702 -0.0230 0.2413
vn -0.9701 -0.0234 0.2417
vn -0.9702 -0.0234 -0.2413
vn -0.9503 -0.0229 -0.3104
vn 0.5735 -0.6488 0.5002
vn 0.5956 -0.6738 0.4374
vn 0.5951 -0.6732 -0.4390
vn 0.5970 -0.6725 -0.4374
vn -0.9845 -0.0230 0.1737
vn -0.9845 -0.0233 0.1740
vn -0.9845 -0.0233 -0.1737
vn -0.9701 -0.0230 -0.2417
vn 0.4488 -0.5905 0.6707
vn 0.4767 -0.6272 0.6160
vn 0.4768 -0.6273 -0.6158
vn 0.4765 -0.6273 -0.6160
vn -0.0481 0.0843 -0.9953
vn -0.0393 0.0861 -0.9955
vn -0.7018 -0.1253 0.7013
vn -0.7355 -0.1025 0.6697
vn -0.9942 -0.0245 0.1049
vn -0.9944 -0.0233 0.1035
vn -0.9942 -0.0233 -0.1049
vn -0.9845 -0.0230 -0.1740
vn -0.9990 -0.0246 0.0360
vn -0.9990 -0.0247 0.0361
vn -0.9990 -0.0247 -0.0360
vn -0.9943 -0.0245 -0.1035
vn 0.5965 -0.6719 0.4390
vn 0.6150 -0.6928 0.3767
vn 0.6154 -0.6932 -0.3753
vn 0.6138 -0.6938 -0.3767
vn -0.9990 -0.0246 -0.0361
vn -0.8612 -0.0865 0.5008
vn -0.8609 -0.0871 0.5013
vn -0.8612 -0.0871 -0.5008
vn -0.8246 -0.0834 -0.5595
vn 0.6142 -0.6942 0.3753
vn 0.6304 -0.7125 0.3079
vn 0.6302 -0.7122 -0.3093
vn 0.6315 -0.7116 -0.3080
vn -0.2865 0.9581 0.0000
vn -0.2027 0.6779 -0.7067
vn 0.4766 -0.6274 0.6158
vn 0.5013 -0.6600 0.5595
vn 0.5016 -0.6604 -0.5589
vn 0.5007 -0.6605 -0.5595
vn 0.3790 -0.6383 0.6700
vn 0.4429 -0.6851 -0.5784
vn -0.7764 -0.1369 0.6152
vn -0.7753 -0.1384 0.6163
vn -0.7762 -0.1385 -0.6151
vn -0.8049 -0.1437 -0.5757
vn -0.8939 -0.0911 0.4389
vn -0.8946 -0.0899 0.4378
vn -0.8940 -0.0898 -0.4389
vn -0.8609 -0.0865 -0.5013
vn 0.6312 -0.7113 0.3093
vn 0.6439 -0.7256 0.2426
vn 0.6441 -0.7258 -0.2415
vn 0.6431 -0.7263 -0.2426
vn 0.8638 0.5038 0.0000
vn 0.5975 0.3485 0.7222
vn 0.6217 0.3370 0.7070
vn -0.2029 0.6778 0.7067
vn -0.2027 0.6778 0.7068
vn 0.6217 0.3370 -0.7070
vn 0.5975 0.3485 -0.7222
vn -0.2028 0.6777 -0.7068
vn 0.6433 -0.7265 0.2415
vn 0.6528 -0.7373 0.1737
vn 0.6528 -0.7374 -0.1735
vn 0.6527 -0.7375 -0.1737
vn 0.5009 -0.6608 0.5589
vn 0.5231 -0.6901 0.5002
vn 0.5229 -0.6898 -0.5008
vn 0.5236 -0.6896 -0.5002
vn 0.6527 -0.7375 0.1735
vn 0.6591 -0.7447 0.1052
vn 0.6590 -0.7447 -0.1056
vn 0.6593 -0.7445 -0.1052
vn -0.9228 -0.0928 0.3740
vn -0.9222 -0.0940 0.3751
vn -0.9227 -0.0940 -0.3740
vn -0.8944 -0.0912 -0.4378
vn 0.6593 -0.7444 0.1056
vn 0.6626 -0.7482 0.0344
vn 0.6627 -0.7481 -0.0343
vn 0.6626 -0.7482 -0.0345
vn 0.6627 -0.7481 0.0345
vn -0.8162 -0.1443 0.5595
vn -0.8164 -0.1440 0.5593
vn -0.8162 -0.1440 -0.5595
vn -0.7756 -0.1368 -0.6162
vn -0.7187 -0.1839 0.6705
vn -0.6966 -0.2073 0.6869
vn -0.7408 -0.2971 -0.6024
vn 0.3869 -0.5985 0.7015
vn 0.4277 -0.6617 0.6158
vn 0.4280 -0.6621 -0.6151
vn 0.4269 -0.6622 -0.6158
vn -0.9458 -0.0959 0.3104
vn -0.9461 -0.0952 0.3097
vn -0.9458 -0.0952 -0.3104
vn -0.9223 -0.0928 -0.3751
vn 0.5234 -0.6894 0.5007
vn 0.5433 -0.7156 0.4390
vn 0.5436 -0.7159 -0.4381
vn 0.5425 -0.7162 -0.4390
vn -0.1092 0.0243 -0.9937
vn -0.9654 -0.0977 0.2418
vn -0.9653 -0.0979 0.2419
vn -0.9654 -0.0979 -0.2418
vn -0.9460 -0.0959 -0.3097
vn -0.1537 0.9881 0.0000
vn -0.1087 0.6990 0.7068
vn -0.1087 0.6990 -0.7068
vn -0.8519 -0.1517 0.5013
vn -0.8526 -0.1507 0.5004
vn -0.8521 -0.1506 -0.5013
vn -0.8163 -0.1443 -0.5593
vn -0.9797 -0.0993 0.1740
vn -0.9798 -0.0991 0.1739
vn -0.9797 -0.0991 -0.1740
vn -0.9654 -0.0977 -0.2419
vn 0.4000 -0.7017 -0.5896
vn 0.3787 -0.6988 -0.6069
vn 0.5428 -0.7166 0.4381
vn 0.5597 -0.7389 0.3752
vn 0.5598 -0.7390 -0.3748
vn 0.5593 -0.7391 -0.3752
vn -0.9896 -0.0995 0.1035
vn -0.9895 -0.1003 0.1043
vn -0.9896 -0.1003 -0.1035
vn -0.9798 -0.0993 -0.1739
vn 0.4272 -0.6626 0.6151
vn 0.4493 -0.6970 0.5589
vn 0.4491 -0.6966 -0.5596
vn 0.4501 -0.6964 -0.5589
vn -0.7628 -0.1960 0.6162
vn -0.7634 -0.1953 0.6157
vn -0.7630 -0.1952 -0.6162
vn -0.7188 -0.1839 -0.6705
vn -0.9942 -0.1012 0.0361
vn -0.9944 -0.1000 0.0348
vn -0.9943 -0.1000 -0.0360
vn -0.9896 -0.0995 -0.1043
vn 0.5712 0.4185 0.7061
vn -0.1087 0.6990 0.7069
vn 0.5712 0.4185 -0.7061
vn -0.1087 0.6990 -0.7069
vn -0.9943 -0.1012 -0.0348
vn 0.5594 -0.7393 0.3749
vn 0.5739 -0.7583 0.3093
vn 0.5737 -0.7581 -0.3101
vn 0.5745 -0.7578 -0.3093
vn -0.8853 -0.1568 0.4379
vn -0.8848 -0.1575 0.4386
vn -0.8851 -0.1576 -0.4379
vn -0.8524 -0.1517 -0.5005
vn -0.7025 -0.2398 0.6701
vn -0.6935 -0.2656 -0.6697
vn 0.5743 -0.7576 0.3101
vn 0.5862 -0.7733 0.2415
vn 0.5861 -0.7732 -0.2420
vn 0.5866 -0.7730 -0.2415
vn 0.4499 -0.6960 0.5596
vn 0.4699 -0.7269 0.5008
vn 0.4698 -0.7269 -0.5009
vn 0.4699 -0.7269 -0.5008
vn 0.3536 -0.6524 0.6703
vn 0.3757 -0.6932 0.6151
vn 0.3754 -0.6926 -0.6159
vn 0.3766 -0.6926 -0.6152
vn -0.8028 -0.2067 0.5593
vn -0.8031 -0.2063 0.5590
vn -0.8029 -0.2063 -0.5593
vn -0.7632 -0.1961 -0.6157
vn -0.9128 -0.1614 0.3751
vn -0.9127 -0.1617 0.3753
vn -0.9128 -0.1617 -0.3751
vn -0.8849 -0.1568 -0.4385
vn 0.5865 -0.7729 0.2420
vn 0.5953 -0.7845 0.1735
vn 0.5953 -0.7845 -0.1741
vn 0.5957 -0.7842 -0.1735
vn 0.7770 0.6295 0.0031
vn 0.7557 0.6549 0.0000
vn 0.5373 0.4353 0.7224
vn -0.0185 0.9998 0.0000
vn -0.0131 0.7072 0.7069
vn 0.5146 0.4459 -0.7323
vn -0.0131 0.7072 -0.7069
vn 0.5957 -0.7841 0.1741
vn 0.6015 -0.7919 0.1056
vn 0.6017 -0.7920 -0.1034
vn 0.5999 -0.7931 -0.1056
vn 0.6000 -0.7933 0.1034
vn 0.6029 -0.7971 0.0345
vn 0.6040 -0.7962 -0.0345
vn 0.6029 -0.7970 -0.0360
vn 0.6040 -0.7962 0.0361
vn 0.2785 -0.6887 0.6695
vn 0.3350 -0.7457 -0.5759
vn 0.5082 0.4924 0.7066
vn -0.0129 0.7074 0.7067
vn 0.1745 0.9841 0.0316
vn 0.5716 0.8199 0.0324
vn 0.4699 -0.7269 0.5009
vn 0.4880 -0.7549 0.4381
vn 0.4879 -0.7548 -0.4385
vn 0.4884 -0.7547 -0.4381
vn -0.9362 -0.1661 0.3097
vn -0.9365 -0.1656 0.3092
vn -0.9363 -0.1656 -0.3097
vn -0.9127 -0.1614 -0.3753
vn -0.7460 -0.2538 0.6157
vn -0.7454 -0.2544 0.6162
vn -0.7458 -0.2545 -0.6156
vn -0.6756 -0.2306 -0.7003
vn -0.8385 -0.2156 0.5005
vn -0.8383 -0.2159 0.5007
vn -0.8384 -0.2159 -0.5005
vn -0.8030 -0.2068 -0.5590
vn 0.3764 -0.6921 0.6159
vn 0.3959 -0.7281 0.5595
vn 0.3960 -0.7281 -0.5595
vn 0.3959 -0.7282 -0.5595
vn -0.9554 -0.1693 0.2419
vn -0.9553 -0.1694 0.2421
vn -0.9554 -0.1695 -0.2419
vn -0.9364 -0.1661 -0.3092
vn 0.4883 -0.7545 0.4385
vn 0.5037 -0.7783 0.3749
vn 0.5036 -0.7782 -0.3752
vn 0.5040 -0.7781 -0.3749
vn 0.6801 0.7332 -0.0019
vn 0.4697 0.5064 0.7231
vn 0.1185 0.9929 0.0000
vn 0.0839 0.7025 0.7067
vn 0.1185 0.9929 0.0040
vn -0.6831 -0.2903 0.6701
vn -0.9695 -0.1729 0.1739
vn -0.9699 -0.1718 0.1728
vn -0.9697 -0.1718 -0.1739
vn -0.9554 -0.1693 -0.2421
vn 0.6166 0.7873 -0.0000
vn 0.4368 0.5566 0.7067
vn 0.0841 0.7026 0.7066
vn 0.9506 0.3090 -0.0287
vn 0.4363 0.5570 -0.7067
vn -0.4398 0.6802 -0.5865
vn -0.9794 -0.1731 0.1042
vn -0.9789 -0.1746 0.1059
vn -0.9791 -0.1746 -0.1042
vn -0.9697 -0.1729 -0.1728
vn -0.8705 -0.2233 0.4385
vn -0.8702 -0.2238 0.4390
vn -0.8704 -0.2239 -0.4385
vn -0.8384 -0.2156 -0.5007
vn -0.9839 -0.1751 0.0348
vn -0.9842 -0.1739 0.0335
vn -0.9841 -0.1739 -0.0348
vn -0.9792 -0.1731 -0.1059
vn 0.2923 -0.6505 0.7010
vn 0.3228 -0.7186 0.6160
vn 0.3230 -0.7190 -0.6154
vn 0.3220 -0.7190 -0.6160
vn 0.5039 -0.7780 0.3752
vn 0.5168 -0.7980 0.3100
vn 0.5169 -0.7981 -0.3095
vn 0.5164 -0.7982 -0.3100
vn -0.9840 -0.1751 -0.0335
vn 0.3959 -0.7282 0.5595
vn 0.4134 -0.7604 0.5009
vn 0.4135 -0.7606 -0.5005
vn 0.4130 -0.7606 -0.5009
vn -0.7853 -0.2660 0.5590
vn -0.7844 -0.2669 0.5599
vn -0.7850 -0.2671 -0.5590
vn -0.7457 -0.2537 -0.6161
vn -0.1501 0.0503 -0.9874
vn 0.1773 -0.0196 -0.9840
vn 0.1347 0.0084 -0.9909
vn 0.5477 0.8366 -0.0028
vn 0.3740 0.5713 0.7306
vn 0.1853 -0.7278 -0.6602
vn 0.2715 -0.7537 -0.5985
vn 0.4644 0.8856 0.0026
vn 0.3570 0.6111 0.7065
vn 0.2523 0.9676 0.0000
vn 0.1784 0.6848 0.7066
vn 0.1785 0.6846 0.7067
vn 0.3569 0.6110 -0.7066
vn 0.3182 0.6067 -0.7284
vn 0.2961 0.9552 0.0025
vn 0.2029 0.6544 -0.7284
vn 0.1784 0.6848 -0.7066
vn 0.5165 -0.7984 0.3095
vn 0.5270 -0.8146 0.2421
vn 0.5272 -0.8149 -0.2410
vn 0.5262 -0.8152 -0.2421
vn -0.8976 -0.2312 0.3753
vn -0.8981 -0.2304 0.3745
vn -0.8978 -0.2303 -0.3754
vn -0.8703 -0.2233 -0.4390
vn 0.3814 0.9244 0.0000
vn 0.2699 0.6540 0.7067
vn 0.2702 0.6541 0.7065
vn 0.2701 0.6539 -0.7067
vn -0.7246 -0.3087 0.6161
vn -0.7252 -0.3083 0.6156
vn -0.7249 -0.3081 -0.6161
vn -0.6826 -0.2901 -0.6707
vn 0.5263 -0.8154 0.2411
vn 0.5341 -0.8273 0.1740
vn 0.5341 -0.8274 -0.1738
vn 0.5339 -0.8275 -0.1740
vn 0.4131 -0.7609 0.5005
vn 0.4288 -0.7899 0.4385
vn 0.4289 -0.7900 -0.4381
vn 0.4285 -0.7900 -0.4385
vn -0.6321 -0.3289 0.7016
vn -0.6725 -0.3168 0.6688
vn -0.6456 -0.3665 -0.6700
vn 0.5339 -0.8275 0.1738
vn 0.5393 -0.8358 0.1033
vn 0.5392 -0.8357 -0.1039
vn 0.5397 -0.8355 -0.1033
vn 0.3222 -0.7194 0.6154
vn 0.3388 -0.7565 0.5594
vn 0.3386 -0.7560 -0.5602
vn 0.3398 -0.7560 -0.5595
vn -0.8196 -0.2784 0.5007
vn -0.8202 -0.2778 0.5001
vn -0.8198 -0.2777 -0.5008
vn -0.7848 -0.2658 -0.5598
vn -0.9208 -0.2377 0.3092
vn -0.9211 -0.2372 0.3087
vn -0.9209 -0.2372 -0.3092
vn -0.8979 -0.2313 -0.3745
vn 0.5397 -0.8355 0.1039
vn 0.5422 -0.8395 0.0361
vn 0.5426 -0.8392 -0.0360
vn 0.5422 -0.8394 -0.0365
vn 0.5426 -0.8392 0.0366
vn 0.0420 -0.1396 -0.9893
vn -0.2217 0.0245 -0.9748
vn -0.1613 -0.0025 -0.9869
vn 0.2515 -0.6984 0.6701
vn 0.2671 -0.7417 0.6153
vn 0.2670 -0.7413 -0.6158
vn 0.2678 -0.7414 -0.6153
vn -0.9397 -0.2414 0.2421
vn -0.9392 -0.2425 0.2433
vn -0.9394 -0.2425 -0.2421
vn -0.9210 -0.2378 -0.3087
vn 0.4286 -0.7902 0.4381
vn 0.4419 -0.8148 0.3752
vn 0.4418 -0.8147 -0.3756
vn 0.4423 -0.8146 -0.3752
vn 0.1990 -0.7148 -0.6704
vn -0.7621 -0.3252 0.5599
vn -0.7625 -0.3249 0.5595
vn -0.7623 -0.3248 -0.5599
vn -0.7250 -0.3089 -0.6156
vn -0.8507 -0.2893 0.4390
vn -0.8509 -0.2890 0.4387
vn -0.8508 -0.2890 -0.4390
vn -0.8199 -0.2785 -0.5002
vn -0.9541 -0.2446 0.1728
vn -0.9539 -0.2450 0.1732
vn -0.9540 -0.2451 -0.1728
vn -0.9395 -0.2413 -0.2433
vn 0.3396 -0.7556 0.5602
vn 0.3549 -0.7897 0.5004
vn 0.3550 -0.7899 -0.5001
vn 0.3545 -0.7899 -0.5004
vn -0.0352 0.1170 -0.9925
vn 0.0479 0.0819 -0.9955
vn 0.4422 -0.8145 0.3756
vn 0.4537 -0.8357 0.3095
vn 0.4537 -0.8357 -0.3095
vn 0.4536 -0.8357 -0.3095
vn -0.9629 -0.2483 0.1059
vn -0.9634 -0.2470 0.1045
vn -0.9632 -0.2470 -0.1059
vn -0.9540 -0.2446 -0.1732
vn -0.6992 -0.3637 0.6156
vn -0.6991 -0.3637 0.6156
vn -0.6991 -0.3637 -0.6156
vn -0.6332 -0.3294 -0.7004
vn -0.6318 -0.3903 0.6697
vn -0.6028 -0.4065 0.6866
vn -0.9680 -0.2485 0.0335
vn -0.9677 -0.2496 0.0346
vn -0.9678 -0.2496 -0.0334
vn -0.9630 -0.2483 -0.1045
vn -0.9680 -0.2485 -0.0346
vn 0.0444 0.0864 -0.9953
vn 0.0362 0.0875 -0.9955
vn 0.1986 -0.0389 -0.9793
vn -0.8779 -0.2983 0.3745
vn -0.8778 -0.2985 0.3747
vn -0.8779 -0.2985 -0.3745
vn -0.8508 -0.2893 -0.4387
vn 0.4536 -0.8357 0.3095
vn 0.4630 -0.8530 0.2410
vn 0.4629 -0.8528 -0.2417
vn 0.4636 -0.8526 -0.2410
vn 0.2677 -0.7410 0.6158
vn 0.2814 -0.7791 0.5602
vn 0.2814 -0.7791 -0.5602
vn 0.3546 -0.7900 0.5001
vn 0.3681 -0.8201 0.4381
vn 0.3680 -0.8199 -0.4387
vn 0.3686 -0.8198 -0.4381
vn -0.7966 -0.3394 0.5002
vn -0.7962 -0.3398 0.5006
vn -0.7965 -0.3399 -0.5002
vn -0.7623 -0.3253 -0.5595
vn 0.1991 -0.7151 0.6701
vn 0.1677 -0.7075 0.6865
vn 0.1137 -0.7186 -0.6861
vn 0.1431 -0.7281 -0.6703
vn 0.2113 -0.7590 0.6158
vn 0.2115 -0.7596 -0.6151
vn 0.2103 -0.7593 -0.6158
vn 0.4635 -0.8525 0.2417
vn 0.4704 -0.8651 0.1739
vn 0.4704 -0.8651 -0.1742
vn 0.4706 -0.8650 -0.1739
vn -0.9009 -0.3051 0.3087
vn -0.9003 -0.3059 0.3097
vn -0.9006 -0.3061 -0.3087
vn -0.8779 -0.2983 -0.3746
vn 0.4706 -0.8650 0.1742
vn 0.4753 -0.8736 0.1039
vn 0.4754 -0.8737 -0.1036
vn 0.4751 -0.8738 -0.1039
vn -0.7355 -0.3819 0.5596
vn -0.7350 -0.3823 0.5600
vn -0.7353 -0.3825 -0.5596
vn -0.5989 -0.4376 0.6706
vn -0.6311 -0.3899 -0.6706
vn 0.4752 -0.8738 0.1036
vn 0.4774 -0.8779 0.0366
vn 0.4756 -0.8789 -0.0365
vn 0.4775 -0.8780 -0.0343
vn 0.4756 -0.8790 0.0343
vn 0.3685 -0.8196 0.4387
vn 0.3801 -0.8452 0.3757
vn 0.3801 -0.8453 -0.3754
vn 0.3798 -0.8453 -0.3757
vn -0.6701 -0.4148 0.6156
vn -0.6707 -0.4144 0.6151
vn -0.6704 -0.4142 -0.6156
vn 0.2941 -0.8145 0.5001
vn 0.2941 -0.8144 -0.5002
vn 0.2942 -0.8144 -0.5001
vn -0.9182 -0.3127 0.2432
vn -0.9191 -0.3112 0.2415
vn -0.9187 -0.3111 -0.2433
vn -0.9006 -0.3050 -0.3097
vn -0.8265 -0.3528 0.4387
vn -0.8270 -0.3523 0.4382
vn -0.8267 -0.3522 -0.4387
vn -0.7964 -0.3393 -0.5006
vn 0.1431 -0.7283 0.6701
vn 0.0599 -0.7406 0.6692
vn 0.0884 -0.7369 -0.6702
vn -0.9326 -0.3166 0.1733
vn -0.9321 -0.3175 0.1743
vn -0.9323 -0.3176 -0.1733
vn -0.9186 -0.3129 -0.2415
vn 0.2104 -0.7598 0.6151
vn 0.2211 -0.7983 0.5602
vn 0.2212 -0.7986 -0.5597
vn 0.2205 -0.7985 -0.5602
vn 0.3799 -0.8454 0.3754
vn 0.3897 -0.8674 0.3094
vn 0.3898 -0.8675 -0.3091
vn 0.3894 -0.8675 -0.3094
vn 0.1521 -0.7737 0.6151
vn 0.1519 -0.7727 -0.6163
vn 0.1538 -0.7733 -0.6151
vn -0.9416 -0.3201 0.1045
vn -0.9418 -0.3197 0.1040
vn -0.9417 -0.3197 -0.1045
vn -0.9324 -0.3166 -0.1743
vn -0.5649 -0.4808 0.6706
vn -0.5989 -0.4376 -0.6706
vn -0.5428 -0.4627 -0.7009
vn -0.7686 -0.3985 0.5006
vn -0.7681 -0.3988 0.5010
vn -0.7683 -0.3989 -0.5005
vn -0.7353 -0.3818 -0.5600
vn -0.8531 -0.3630 0.3747
vn -0.8523 -0.3638 0.3757
vn -0.8527 -0.3640 -0.3747
vn -0.8267 -0.3529 -0.4382
vn -0.9464 -0.3212 0.0347
vn -0.9462 -0.3217 0.0352
vn -0.9462 -0.3217 -0.0347
vn -0.9416 -0.3201 -0.1040
vn -0.9463 -0.3212 -0.0352
vn 0.2942 -0.8144 0.5002
vn 0.3053 -0.8452 0.4387
vn 0.3054 -0.8453 -0.4384
vn 0.3050 -0.8453 -0.4387
vn 0.3894 -0.8677 0.3091
vn 0.3974 -0.8853 0.2417
vn 0.3973 -0.8853 -0.2417
vn 0.3974 -0.8852 -0.2417
vn -0.6374 -0.4640 0.6151
vn -0.6360 -0.4647 0.6161
vn -0.6704 -0.4149 -0.6151
vn -0.6366 -0.4652 -0.6151
vn -0.7046 -0.4358 0.5600
vn -0.7043 -0.4359 0.5603
vn -0.7045 -0.4360 -0.5600
vn 0.0849 -0.7077 0.7013
vn 0.0934 -0.7690 -0.6324
vn 0.0322 -0.7415 -0.6702
vn 0.3974 -0.8852 0.2417
vn 0.4033 -0.8983 0.1742
vn 0.4033 -0.8984 -0.1740
vn 0.4031 -0.8984 -0.1742
vn -0.8744 -0.3735 0.3096
vn -0.8754 -0.3724 0.3082
vn -0.8750 -0.3723 -0.3096
vn -0.8528 -0.3628 -0.3757
vn 0.2206 -0.7988 0.5597
vn 0.2305 -0.8347 0.5002
vn 0.2303 -0.8343 -0.5009
vn 0.2313 -0.8344 -0.5002
vn -0.5050 -0.5023 0.7019
vn -0.5067 -0.5023 0.7007
vn -0.5427 -0.4619 -0.7015
vn 0.3051 -0.8454 0.4384
vn 0.3146 -0.8718 0.3754
vn 0.3147 -0.8721 -0.3748
vn 0.3140 -0.8721 -0.3754
vn 0.4031 -0.8984 0.1740
vn 0.4072 -0.9075 0.1036
vn 0.4071 -0.9074 -0.1046
vn 0.4081 -0.9070 -0.1036
vn -0.7976 -0.4145 0.4382
vn -0.7983 -0.4139 0.4375
vn -0.7980 -0.4137 -0.4382
vn -0.7683 -0.3983 -0.5010
vn 0.0938 -0.7819 0.6163
vn 0.1536 -0.7724 0.6163
vn 0.0939 -0.7824 -0.6157
vn 0.0930 -0.7820 -0.6163
vn 0.1617 -0.8128 0.5597
vn 0.1617 -0.8130 -0.5593
vn 0.1612 -0.8129 -0.5597
vn 0.4081 -0.9069 0.1046
vn 0.4101 -0.9114 0.0344
vn 0.4107 -0.9111 -0.0344
vn 0.4101 -0.9114 -0.0351
vn 0.4107 -0.9111 0.0352
vn -0.8928 -0.3804 0.2415
vn -0.8922 -0.3811 0.2424
vn -0.8924 -0.3812 -0.2415
vn -0.8748 -0.3737 -0.3083
vn 0.0322 -0.7410 0.6707
vn -0.0516 -0.7406 0.6699
vn -0.0262 -0.8152 -0.5786
vn -0.5989 -0.5116 0.6161
vn -0.6004 -0.5110 0.6152
vn -0.6368 -0.4635 -0.6161
vn -0.5998 -0.5105 -0.6161
vn -0.7357 -0.4559 0.5010
vn -0.7364 -0.4554 0.5004
vn -0.7361 -0.4552 -0.5010
vn -0.7045 -0.4357 -0.5602
vn 0.3141 -0.8723 0.3748
vn 0.3222 -0.8948 0.3090
vn 0.3222 -0.8948 -0.3090
vn 0.3221 -0.8948 -0.3090
vn -0.9056 -0.3867 0.1743
vn -0.9060 -0.3860 0.1735
vn -0.9059 -0.3860 -0.1743
vn -0.8925 -0.3803 -0.2424
vn -0.4858 -0.5617 0.6697
vn -0.5262 -0.5234 -0.6701
vn -0.6686 -0.4890 0.5602
vn -0.6705 -0.4880 0.5588
vn -0.6697 -0.4875 -0.5603
vn 0.2312 -0.8340 0.5009
vn 0.2401 -0.8661 0.4384
vn 0.2401 -0.8660 -0.4386
vn 0.2403 -0.8660 -0.4384
vn -0.8225 -0.4270 0.3757
vn -0.8222 -0.4273 0.3761
vn -0.8223 -0.4273 -0.3757
vn -0.7979 -0.4146 -0.4375
vn -0.9150 -0.3897 0.1041
vn -0.9146 -0.3905 0.1051
vn -0.9147 -0.3906 -0.1041
vn -0.9057 -0.3867 -0.1735
vn 0.0342 -0.7872 0.6157
vn 0.0930 -0.7825 0.6157
vn 0.0342 -0.7874 -0.6154
vn 0.0339 -0.7873 -0.6157
vn -0.0230 -0.7129 0.7009
vn -0.2266 -0.7111 -0.6656
vn -0.0876 -0.8081 -0.5825
vn -0.9194 -0.3918 0.0352
vn -0.9195 -0.3916 0.0350
vn -0.9195 -0.3916 -0.0352
vn -0.9149 -0.3896 -0.1051
vn 0.3221 -0.8948 0.3090
vn 0.3287 -0.9130 0.2417
vn 0.3287 -0.9130 -0.2418
vn 0.3287 -0.9130 -0.2417
vn -0.9194 -0.3918 -0.0350
vn 0.1612 -0.8131 0.5593
vn 0.1683 -0.8490 0.5009
vn 0.1684 -0.8495 -0.5000
vn 0.1673 -0.8492 -0.5009
vn 0.0979 -0.8231 0.5594
vn 0.0979 -0.8232 -0.5593
vn 0.0978 -0.8231 -0.5594
vn -0.4422 -0.5966 0.6697
vn -0.4856 -0.5614 -0.6701
vn -0.5091 -0.5559 -0.6571
vn -0.5603 -0.5546 0.6152
vn -0.5582 -0.5553 0.6165
vn -0.5995 -0.5120 -0.6152
vn -0.5590 -0.5560 -0.6152
vn -0.8445 -0.4380 0.3083
vn -0.8442 -0.4382 0.3086
vn -0.8443 -0.4383 -0.3082
vn -0.8224 -0.4269 -0.3761
vn -0.7649 -0.4729 0.4375
vn -0.7640 -0.4735 0.4383
vn -0.7644 -0.4737 -0.4375
vn -0.7360 -0.4561 -0.5004
vn -0.0800 -0.7378 0.6703
vn -0.1632 -0.7247 0.6695
vn -0.1599 -0.7099 -0.6860
vn -0.1361 -0.7295 -0.6703
vn 0.3287 -0.9130 0.2418
vn 0.3336 -0.9265 0.1740
vn 0.3336 -0.9265 -0.1742
vn 0.3338 -0.9265 -0.1740
vn 0.2403 -0.8659 0.4386
vn 0.2479 -0.8933 0.3748
vn 0.2478 -0.8930 -0.3756
vn 0.2486 -0.8931 -0.3748
vn -0.3810 -0.6039 0.7001
vn -0.4193 -0.6132 0.6694
vn -0.4789 -0.6462 -0.5942
vn -0.6312 -0.5378 0.5588
vn -0.6302 -0.5383 0.5596
vn -0.6693 -0.4896 -0.5588
vn -0.6306 -0.5386 -0.5588
vn -0.0254 -0.7878 0.6154
vn 0.0339 -0.7874 0.6154
vn -0.0254 -0.7878 -0.6154
vn -0.6992 -0.5106 0.5003
vn -0.6985 -0.5110 0.5009
vn -0.6988 -0.5112 -0.5003
vn 0.3337 -0.9264 0.1742
vn 0.3371 -0.9356 0.1046
vn 0.3371 -0.9356 -0.1049
vn 0.3373 -0.9356 -0.1046
vn -0.1309 -0.7018 0.7003
vn -0.1891 -0.7173 -0.6706
vn -0.8613 -0.4465 0.2424
vn -0.8612 -0.4466 0.2427
vn -0.8612 -0.4467 -0.2424
vn -0.8444 -0.4379 -0.3086
vn 0.3373 -0.9355 0.1049
vn 0.3390 -0.9401 0.0352
vn 0.3385 -0.9403 -0.0352
vn 0.3390 -0.9402 -0.0347
vn -0.3475 -0.6558 0.6702
vn -0.4363 -0.6916 -0.5755
vn -0.3680 -0.7167 -0.5924
vn 0.3385 -0.9403 0.0347
vn -0.1891 -0.7173 0.6706
vn -0.2442 -0.7004 -0.6707
vn -0.1539 -0.7887 -0.5952
vn 0.1674 -0.8497 0.5000
vn 0.1737 -0.8817 0.4387
vn 0.1737 -0.8816 -0.4388
vn 0.1738 -0.8817 -0.4387
vn -0.5144 -0.5961 0.6164
vn -0.5155 -0.5959 0.6158
vn -0.5596 -0.5540 -0.6164
vn -0.5151 -0.5955 -0.6165
vn -0.3230 -0.6553 0.6828
vn -0.3738 -0.7054 -0.6022
vn -0.3258 -0.7489 -0.5771
vn 0.2486 -0.8928 0.3756
vn 0.2551 -0.9162 0.3090
vn 0.2551 -0.9163 -0.3087
vn 0.2548 -0.9163 -0.3090
vn -0.2442 -0.7004 0.6707
vn -0.2494 -0.6947 0.6747
vn -0.2971 -0.6828 0.6675
vn 0.0356 -0.8282 0.5593
vn 0.0978 -0.8232 0.5593
vn 0.0356 -0.8276 -0.5602
vn 0.0368 -0.8281 -0.5593
vn -0.7877 -0.4880 0.3760
vn -0.7884 -0.4875 0.3752
vn -0.7882 -0.4873 -0.3760
vn -0.7645 -0.4727 -0.4383
vn 0.1021 -0.8600 0.5000
vn 0.1020 -0.8592 -0.5013
vn 0.1037 -0.8598 -0.5000
vn -0.8741 -0.4536 0.1736
vn -0.8744 -0.4532 0.1731
vn -0.8743 -0.4532 -0.1736
vn -0.8613 -0.4464 -0.2427
vn -0.0849 -0.7836 0.6154
vn -0.0849 -0.7835 -0.6156
vn -0.0847 -0.7836 -0.6154
vn -0.8825 -0.4585 0.1050
vn -0.8827 -0.4581 0.1044
vn -0.8827 -0.4581 -0.1050
vn -0.8742 -0.4537 -0.1731
vn -0.5889 -0.5832 0.5596
vn -0.5891 -0.5831 0.5594
vn -0.6309 -0.5375 -0.5595
vn -0.5890 -0.5831 -0.5596
vn -0.4694 -0.6329 0.6158
vn -0.4691 -0.6329 0.6160
vn -0.5147 -0.5965 -0.6158
vn -0.4692 -0.6330 -0.6158
vn 0.2549 -0.9164 0.3087
vn 0.2600 -0.9349 0.2418
vn 0.2600 -0.9349 -0.2417
vn 0.2599 -0.9349 -0.2417
vn -0.7261 -0.5297 0.4384
vn -0.7257 -0.5299 0.4388
vn -0.7259 -0.5300 -0.4384
vn -0.6990 -0.5104 -0.5009
vn -0.8871 -0.4602 0.0351
vn -0.8868 -0.4608 0.0358
vn -0.8868 -0.4608 -0.0350
vn -0.8825 -0.4586 -0.1044
vn -0.6590 -0.5610 0.5009
vn -0.6587 -0.5612 0.5012
vn -0.6588 -0.5613 -0.5009
vn -0.8871 -0.4602 -0.0357
vn -0.8092 -0.4999 0.3087
vn -0.8082 -0.5007 0.3099
vn -0.8086 -0.5010 -0.3087
vn -0.7880 -0.4882 -0.3752
vn 0.1738 -0.8816 0.4388
vn 0.1792 -0.9093 0.3755
vn 0.1793 -0.9096 -0.3748
vn 0.1785 -0.9095 -0.3755
vn -0.1445 -0.7747 0.6155
vn -0.0847 -0.7835 0.6156
vn -0.1444 -0.7743 -0.6161
vn -0.1437 -0.7749 -0.6156
vn -0.0267 -0.8279 0.5602
vn 0.0368 -0.8276 0.5602
vn -0.0267 -0.8280 -0.5601
vn -0.0268 -0.8279 -0.5602
vn 0.2599 -0.9349 0.2417
vn 0.2638 -0.9487 0.1741
vn 0.2638 -0.9489 -0.1734
vn 0.2631 -0.9489 -0.1741
vn -0.4205 -0.6661 0.6160
vn -0.4202 -0.6661 0.6162
vn -0.4693 -0.6328 -0.6160
vn -0.4203 -0.6663 -0.6160
vn 0.1037 -0.8590 0.5013
vn 0.1076 -0.8921 0.4388
vn 0.1077 -0.8925 -0.4381
vn 0.1069 -0.8922 -0.4388
vn -0.2008 -0.7616 0.6162
vn -0.1436 -0.7745 0.6161
vn -0.2009 -0.7620 -0.6156
vn -0.2016 -0.7614 -0.6161
vn 0.0384 -0.8644 0.5013
vn 0.0385 -0.8651 -0.5000
vn 0.0368 -0.8645 -0.5013
vn -0.5421 -0.6270 0.5594
vn -0.5412 -0.6273 0.5600
vn -0.5889 -0.5833 -0.5594
vn -0.5415 -0.6276 -0.5594
vn 0.2631 -0.9490 0.1734
vn 0.2657 -0.9583 0.1050
vn 0.2657 -0.9583 -0.1048
vn 0.2656 -0.9584 -0.1050
vn -0.8248 -0.5107 0.2426
vn -0.8256 -0.5100 0.2416
vn -0.8254 -0.5098 -0.2426
vn -0.8089 -0.4997 -0.3099
vn -0.3679 -0.6964 0.6162
vn -0.3690 -0.6964 0.6155
vn -0.4205 -0.6660 -0.6162
vn -0.3688 -0.6959 -0.6162
vn -0.7489 -0.5463 0.3751
vn -0.7489 -0.5463 0.3750
vn -0.7489 -0.5463 -0.3751
vn -0.7260 -0.5295 -0.4388
vn -0.2595 -0.7441 0.6156
vn -0.2017 -0.7618 0.6156
vn -0.2595 -0.7441 -0.6157
vn -0.2593 -0.7442 -0.6156
vn 0.1785 -0.9098 0.3748
vn 0.1831 -0.9333 0.3088
vn 0.1831 -0.9332 -0.3092
vn 0.1835 -0.9333 -0.3088
vn 0.2656 -0.9584 0.1048
vn 0.2669 -0.9631 0.0347
vn 0.2675 -0.9629 -0.0346
vn 0.2669 -0.9631 -0.0353
vn -0.3147 -0.7226 0.6155
vn -0.3143 -0.7225 0.6157
vn -0.3682 -0.6968 -0.6156
vn -0.3144 -0.7227 -0.6155
vn 0.2675 -0.9629 0.0354
vn -0.2593 -0.7441 0.6157
vn -0.3146 -0.7224 -0.6157
vn -0.0890 -0.8237 0.5601
vn -0.0268 -0.8280 0.5601
vn -0.0891 -0.8237 -0.5600
vn -0.0892 -0.8236 -0.5601
vn -0.6140 -0.6098 0.5011
vn -0.6152 -0.6093 0.5002
vn -0.6589 -0.5609 -0.5012
vn -0.6149 -0.6089 -0.5012
vn -0.6840 -0.5828 0.4388
vn -0.6844 -0.5826 0.4384
vn -0.6842 -0.5825 -0.4388
vn -0.8376 -0.5181 0.1731
vn -0.8373 -0.5184 0.1736
vn -0.8374 -0.5185 -0.1731
vn -0.8251 -0.5108 -0.2416
vn -0.4933 -0.6657 0.5600
vn -0.4937 -0.6656 0.5597
vn -0.5419 -0.6267 -0.5600
vn -0.4935 -0.6655 -0.5600
vn 0.1069 -0.8925 0.4381
vn 0.1103 -0.9206 0.3747
vn 0.1103 -0.9207 -0.3743
vn 0.1099 -0.9206 -0.3747
vn 0.1835 -0.9331 0.3091
vn 0.1872 -0.9521 0.2416
vn 0.1872 -0.9519 -0.2425
vn 0.1881 -0.9520 -0.2416
vn -0.8455 -0.5237 0.1044
vn -0.8459 -0.5232 0.1038
vn -0.8458 -0.5232 -0.1044
vn -0.8375 -0.5181 -0.1736
vn -0.0281 -0.8655 0.5001
vn 0.0369 -0.8652 0.5001
vn -0.0280 -0.8650 -0.5010
vn -0.0270 -0.8655 -0.5001
vn -0.7674 -0.5612 0.3100
vn -0.7684 -0.5605 0.3089
vn -0.7681 -0.5603 -0.3100
vn -0.7489 -0.5463 -0.3750
vn -0.1511 -0.8146 0.5600
vn -0.0892 -0.8237 0.5600
vn -0.1511 -0.8147 -0.5598
vn -0.1513 -0.8146 -0.5600
vn 0.0383 -0.8981 0.4381
vn 0.0383 -0.8981 -0.4382
vn 0.0384 -0.8981 -0.4381
vn -0.8497 -0.5260 0.0358
vn -0.8496 -0.5263 0.0361
vn -0.8496 -0.5263 -0.0357
vn -0.8455 -0.5238 -0.1038
vn -0.8497 -0.5260 -0.0360
vn -0.4419 -0.7011 0.5597
vn -0.4426 -0.7010 0.5592
vn -0.4934 -0.6658 -0.5597
vn -0.4424 -0.7007 -0.5597
vn -0.5667 -0.6547 0.5002
vn -0.5662 -0.6549 0.5006
vn -0.6144 -0.6102 -0.5002
vn -0.5663 -0.6551 -0.5002
vn 0.1881 -0.9517 0.2425
vn 0.1909 -0.9662 0.1735
vn 0.1909 -0.9661 -0.1741
vn 0.1915 -0.9660 -0.1735
vn -0.7056 -0.6013 0.3750
vn -0.7056 -0.6013 0.3749
vn -0.7056 -0.6012 -0.3750
vn -0.6841 -0.5829 -0.4385
vn -0.2121 -0.8010 0.5598
vn -0.1513 -0.8147 0.5598
vn -0.2121 -0.8011 -0.5596
vn -0.2123 -0.8010 -0.5598
vn -0.6376 -0.6334 0.4385
vn -0.6377 -0.6333 0.4384
vn -0.6377 -0.6333 -0.4385
vn -0.7835 -0.5725 0.2416
vn -0.7832 -0.5728 0.2419
vn -0.7833 -0.5728 -0.2416
vn -0.7677 -0.5615 -0.3089
vn -0.3876 -0.7328 0.5592
vn -0.3872 -0.7328 0.5595
vn -0.4420 -0.7013 -0.5592
vn -0.3873 -0.7330 -0.5592
vn 0.1099 -0.9208 0.3743
vn 0.1127 -0.9443 0.3091
vn 0.1127 -0.9442 -0.3094
vn 0.1130 -0.9443 -0.3091
vn 0.1915 -0.9659 0.1741
vn 0.1934 -0.9755 0.1047
vn 0.1934 -0.9755 -0.1047
vn -0.0931 -0.8604 0.5010
vn -0.0270 -0.8650 0.5010
vn -0.0932 -0.8606 -0.5006
vn -0.0936 -0.8604 -0.5010
vn -0.2727 -0.7826 0.5596
vn -0.2123 -0.8011 0.5596
vn -0.2727 -0.7826 -0.5596
vn -0.3311 -0.7598 0.5595
vn -0.3309 -0.7598 0.5596
vn -0.3875 -0.7326 -0.5595
vn -0.3310 -0.7599 -0.5595
vn -0.2726 -0.7826 0.5596
vn -0.3311 -0.7598 -0.5596
vn 0.1943 -0.9803 0.0354
vn 0.1938 -0.9804 -0.0353
vn 0.1943 -0.9803 -0.0347
vn 0.1938 -0.9804 0.0348
vn 0.0384 -0.8981 0.4382
vn 0.0396 -0.9264 0.3744
vn 0.0396 -0.9258 -0.3760
vn 0.0414 -0.9264 -0.3744
vn -0.5162 -0.6950 0.5005
vn -0.5151 -0.6952 0.5014
vn -0.5665 -0.6546 -0.5005
vn -0.5154 -0.6956 -0.5005
vn -0.0280 -0.8985 0.4382
vn -0.0280 -0.8986 -0.4378
vn -0.0285 -0.8984 -0.4382
vn -0.7959 -0.5800 0.1736
vn -0.7949 -0.5809 0.1749
vn -0.7951 -0.5811 -0.1736
vn -0.7834 -0.5725 -0.2419
vn -0.7241 -0.6167 0.3088
vn -0.7238 -0.6169 0.3091
vn -0.7239 -0.6169 -0.3088
vn -0.7056 -0.6013 -0.3749
vn 0.1130 -0.9442 0.3094
vn 0.1153 -0.9633 0.2426
vn 0.1153 -0.9634 -0.2421
vn 0.1149 -0.9633 -0.2426
vn -0.1581 -0.8511 0.5007
vn -0.0936 -0.8606 0.5006
vn -0.1582 -0.8516 -0.4998
vn -0.1591 -0.8509 -0.5007
vn -0.8037 -0.5859 0.1038
vn -0.8038 -0.5858 0.1036
vn -0.8038 -0.5858 -0.1038
vn -0.7957 -0.5799 -0.1749
vn -0.5883 -0.6795 0.4384
vn -0.5881 -0.6795 0.4386
vn -0.6377 -0.6334 -0.4384
vn -0.5882 -0.6796 -0.4384
vn -0.6584 -0.6527 0.3750
vn -0.6575 -0.6531 0.3758
vn -0.6577 -0.6533 -0.3749
vn -0.4611 -0.7321 0.5014
vn -0.4614 -0.7321 0.5011
vn -0.5160 -0.6946 -0.5014
vn -0.4614 -0.7320 -0.5014
vn -0.8074 -0.5889 0.0361
vn -0.8076 -0.5887 0.0358
vn -0.8076 -0.5887 -0.0360
vn -0.8038 -0.5859 -0.1036
vn -0.8074 -0.5889 -0.0357
vn 0.1149 -0.9634 0.2421
vn 0.1166 -0.9778 0.1741
vn 0.1166 -0.9778 -0.1742
vn 0.1166 -0.9778 -0.1741
vn -0.2219 -0.8372 0.4998
vn -0.1592 -0.8514 0.4998
vn -0.2218 -0.8370 -0.5002
vn -0.2214 -0.8373 -0.4998
vn 0.0414 -0.9257 0.3760
vn 0.0424 -0.9500 0.3094
vn 0.0425 -0.9503 -0.3085
vn 0.0415 -0.9500 -0.3094
vn -0.0972 -0.8938 0.4378
vn -0.0285 -0.8986 0.4378
vn -0.0972 -0.8937 -0.4380
vn -0.0969 -0.8938 -0.4378
vn -0.7385 -0.6293 0.2420
vn -0.7387 -0.6292 0.2418
vn -0.7386 -0.6292 -0.2420
vn -0.7240 -0.6167 -0.3091
vn -0.4039 -0.7653 0.5011
vn -0.4048 -0.7653 0.5005
vn -0.4612 -0.7322 -0.5011
vn -0.4046 -0.7649 -0.5011
vn -0.0294 -0.9261 0.3760
vn -0.0294 -0.9264 -0.3755
vn -0.0300 -0.9261 -0.3760
vn -0.2849 -0.8177 0.5003
vn -0.2213 -0.8371 0.5002
vn -0.2849 -0.8179 -0.4999
vn -0.2853 -0.8175 -0.5003
vn 0.1166 -0.9778 0.1742
vn 0.1178 -0.9875 0.1047
vn 0.1178 -0.9875 -0.1051
vn 0.1182 -0.9875 -0.1047
vn -0.3451 -0.7940 0.5005
vn -0.3460 -0.7940 0.4999
vn -0.4041 -0.7656 -0.5005
vn -0.3458 -0.7936 -0.5005
vn -0.5353 -0.7218 0.4386
vn -0.5361 -0.7217 0.4380
vn -0.5883 -0.6794 -0.4386
vn -0.5359 -0.7214 -0.4386
vn -0.2853 -0.8177 0.4999
vn -0.3453 -0.7943 -0.4999
vn 0.1182 -0.9874 0.1051
vn 0.1188 -0.9923 0.0348
vn 0.1186 -0.9923 -0.0348
vn 0.1188 -0.9923 -0.0346
vn -0.6746 -0.6703 0.3091
vn -0.6756 -0.6698 0.3080
vn -0.6754 -0.6695 -0.3091
vn -0.6581 -0.6524 -0.3758
vn 0.1186 -0.9923 0.0346
vn -0.7494 -0.6386 0.1749
vn -0.7494 -0.6386 -0.1749
vn -0.7386 -0.6294 -0.2418
vn -0.6065 -0.7007 0.3758
vn -0.6066 -0.7006 0.3757
vn -0.6066 -0.7006 -0.3758
vn 0.0415 -0.9503 0.3085
vn 0.0423 -0.9693 0.2420
vn 0.0423 -0.9692 -0.2427
vn 0.0430 -0.9693 -0.2421
vn -0.1652 -0.8837 0.4380
vn -0.0969 -0.8937 0.4380
vn -0.1651 -0.8830 -0.4393
vn -0.1637 -0.8840 -0.4380
vn -0.4788 -0.7609 0.4380
vn -0.4792 -0.7608 0.4376
vn -0.5355 -0.7221 -0.4380
vn -0.4791 -0.7607 -0.4380
vn -0.7573 -0.6448 0.1036
vn -0.7570 -0.6451 0.1041
vn -0.7570 -0.6451 -0.1036
vn -0.0300 -0.9263 0.3755
vn -0.0308 -0.9507 0.3085
vn -0.0308 -0.9505 -0.3091
vn -0.0301 -0.9507 -0.3085
vn -0.0999 -0.9214 0.3755
vn -0.0999 -0.9214 -0.3754
vn -0.1000 -0.9214 -0.3755
vn -0.2296 -0.8685 0.4394
vn -0.1636 -0.8833 0.4393
vn -0.2297 -0.8689 -0.4385
vn -0.2306 -0.8682 -0.4394
vn -0.7601 -0.6488 0.0357
vn -0.7610 -0.6479 0.0344
vn -0.7609 -0.6479 -0.0357
vn -0.7573 -0.6448 -0.1041
vn 0.0430 -0.9691 0.2427
vn 0.0437 -0.9837 0.1742
vn 0.0437 -0.9838 -0.1737
vn 0.0431 -0.9838 -0.1742
vn -0.6890 -0.6833 0.2417
vn -0.6882 -0.6838 0.2427
vn -0.6883 -0.6839 -0.2417
vn -0.6749 -0.6706 -0.3081
vn -0.7601 -0.6489 -0.0343
vn -0.4202 -0.7949 0.4376
vn -0.4196 -0.7950 0.4382
vn -0.4789 -0.7610 -0.4376
vn -0.4197 -0.7952 -0.4376
vn -0.5510 -0.7452 0.3756
vn -0.5523 -0.7448 0.3744
vn -0.6065 -0.7007 -0.3757
vn -0.5521 -0.7444 -0.3757
vn -0.2961 -0.8486 0.4385
vn -0.2307 -0.8686 0.4385
vn -0.2961 -0.8486 -0.4385
vn -0.2961 -0.8485 -0.4385
vn -0.6230 -0.7190 0.3081
vn -0.6225 -0.7192 0.3086
vn -0.6226 -0.7193 -0.3081
vn -0.3587 -0.8242 0.4381
vn -0.3583 -0.8242 0.4385
vn -0.4201 -0.7947 -0.4382
vn -0.3584 -0.8244 -0.4381
vn 0.0432 -0.9839 0.1737
vn 0.0436 -0.9935 0.1052
vn 0.0436 -0.9935 -0.1048
vn 0.0433 -0.9935 -0.1052
vn -0.3587 -0.8241 -0.4384
vn -0.1688 -0.9113 0.3755
vn -0.1000 -0.9214 0.3754
vn -0.1688 -0.9117 -0.3746
vn -0.1697 -0.9112 -0.3754
vn -0.0301 -0.9505 0.3091
vn -0.0307 -0.9696 0.2427
vn -0.0307 -0.9698 -0.2418
vn -0.0316 -0.9696 -0.2427
vn -0.6984 -0.6940 0.1749
vn -0.6993 -0.6934 0.1738
vn -0.6991 -0.6933 -0.1749
vn -0.6888 -0.6831 -0.2427
vn 0.0433 -0.9935 0.1048
vn 0.0435 -0.9985 0.0346
vn 0.0433 -0.9985 -0.0346
vn 0.0435 -0.9985 -0.0344
vn 0.0433 -0.9985 0.0345
vn -0.1026 -0.9455 0.3091
vn -0.1026 -0.9456 -0.3087
vn -0.1030 -0.9455 -0.3091
vn -0.4954 -0.7838 0.3744
vn -0.4934 -0.7842 0.3762
vn -0.5513 -0.7456 -0.3744
vn -0.4938 -0.7848 -0.3744
vn -0.7054 -0.7011 0.1041
vn -0.7054 -0.7011 -0.1041
vn -0.6985 -0.6942 -0.1738
vn -0.6355 -0.7330 0.2426
vn -0.6353 -0.7331 0.2429
vn -0.6353 -0.7332 -0.2426
vn -0.6229 -0.7189 -0.3086
vn -0.2380 -0.8961 0.3746
vn -0.1698 -0.9115 0.3746
vn -0.2379 -0.8958 -0.3753
vn -0.2373 -0.8963 -0.3746
vn -0.0316 -0.9698 0.2418
vn -0.0321 -0.9843 0.1736
vn -0.0321 -0.9842 -0.1741
vn -0.0317 -0.9843 -0.1736
vn -0.5657 -0.7647 0.3086
vn -0.5655 -0.7648 0.3088
vn -0.5655 -0.7648 -0.3086
vn -0.7089 -0.7045 0.0344
vn -0.7089 -0.7045 -0.0343
vn -0.4325 -0.8194 0.3762
vn -0.4331 -0.8193 0.3757
vn -0.4950 -0.7832 -0.3762
vn -0.4330 -0.8191 -0.3762
vn -0.3054 -0.8751 0.3753
vn -0.2372 -0.8960 0.3753
vn -0.3054 -0.8752 -0.3752
vn -0.3055 -0.8751 -0.3753
vn -0.1741 -0.9351 0.3087
vn -0.1030 -0.9456 0.3087
vn -0.1741 -0.9348 -0.3096
vn -0.1733 -0.9352 -0.3087
vn -0.1051 -0.9646 0.2419
vn -0.1051 -0.9645 -0.2421
vn -0.1048 -0.9646 -0.2419
vn -0.3694 -0.8500 0.3756
vn -0.3699 -0.8499 0.3752
vn -0.4326 -0.8196 -0.3757
vn -0.3698 -0.8498 -0.3757
vn -0.0317 -0.9842 0.1741
vn -0.0320 -0.9940 0.1049
vn -0.0320 -0.9941 -0.1036
vn -0.0332 -0.9939 -0.1049
vn -0.3055 -0.8752 0.3752
vn -0.3694 -0.8502 -0.3752
vn -0.6442 -0.7449 0.1738
vn -0.6452 -0.7443 0.1725
vn -0.6451 -0.7441 -0.1738
vn -0.6354 -0.7330 -0.2429
vn -0.5079 -0.8041 0.3088
vn -0.5082 -0.8041 0.3086
vn -0.5656 -0.7647 -0.3088
vn -0.5082 -0.8040 -0.3088
vn -0.0332 -0.9941 0.1036
vn -0.0333 -0.9988 0.0345
vn -0.0318 -0.9989 -0.0344
vn -0.0333 -0.9988 -0.0361
vn -0.0318 -0.9988 0.0361
vn -0.5772 -0.7797 0.2429
vn -0.5768 -0.7798 0.2433
vn -0.5769 -0.7799 -0.2429
vn -0.2434 -0.9192 0.3095
vn -0.1732 -0.9350 0.3096
vn -0.2434 -0.9192 -0.3095
vn -0.6509 -0.7520 0.1042
vn -0.6506 -0.7522 0.1046
vn -0.6506 -0.7522 -0.1042
vn -0.6443 -0.7450 -0.1725
vn -0.1048 -0.9646 0.2421
vn -0.1063 -0.9790 0.1741
vn -0.1063 -0.9790 -0.1739
vn -0.1065 -0.9789 -0.1741
vn -0.4442 -0.8411 0.3087
vn -0.4440 -0.8411 0.3088
vn -0.5080 -0.8042 -0.3086
vn -0.4440 -0.8412 -0.3087
vn -0.1768 -0.9540 0.2421
vn -0.1768 -0.9539 -0.2424
vn -0.1765 -0.9541 -0.2421
vn -0.6550 -0.7548 0.0344
vn -0.6541 -0.7556 0.0357
vn -0.6541 -0.7556 -0.0343
vn -0.6509 -0.7519 -0.1046
vn -0.3134 -0.8978 0.3095
vn -0.3134 -0.8978 -0.3093
vn -0.3136 -0.8977 -0.3095
vn -0.6550 -0.7548 -0.0357
vn -0.3795 -0.8721 0.3089
vn -0.3790 -0.8722 0.3093
vn -0.4442 -0.8410 -0.3088
vn -0.3791 -0.8723 -0.3089
vn -0.5869 -0.7911 0.1725
vn -0.5860 -0.7915 0.1735
vn -0.5861 -0.7917 -0.1725
vn -0.5771 -0.7796 -0.2433
vn -0.3136 -0.8978 0.3093
vn -0.3794 -0.8720 -0.3093
vn -0.1065 -0.9790 0.1739
vn -0.1076 -0.9888 0.1036
vn -0.1076 -0.9887 -0.1045
vn -0.1068 -0.9889 -0.1036
vn -0.5167 -0.8209 0.2432
vn -0.5182 -0.8204 0.2416
vn -0.5180 -0.8201 -0.2432
vn -0.1068 -0.9888 0.1045
vn -0.1073 -0.9936 0.0360
vn -0.1085 -0.9934 -0.0360
vn -0.1073 -0.9936 -0.0348
vn -0.2483 -0.9378 0.2424
vn -0.1765 -0.9540 0.2424
vn -0.2484 -0.9382 -0.2409
vn -0.2498 -0.9375 -0.2424
vn -0.1791 -0.9683 0.1739
vn -0.1791 -0.9685 -0.1731
vn -0.1798 -0.9682 -0.1739
vn -0.1085 -0.9935 0.0348
vn -0.5925 -0.7987 0.1046
vn -0.5925 -0.7987 -0.1046
vn -0.5867 -0.7910 -0.1735
vn -0.4534 -0.8580 0.2415
vn -0.4531 -0.8580 0.2417
vn -0.5169 -0.8213 -0.2416
vn -0.4532 -0.8581 -0.2415
vn -0.3200 -0.9163 0.2409
vn -0.2499 -0.9378 0.2409
vn -0.3199 -0.9159 -0.2425
vn -0.3185 -0.9168 -0.2409
vn -0.5241 -0.8337 0.1736
vn -0.5246 -0.8336 0.1731
vn -0.5246 -0.8335 -0.1736
vn -0.5947 -0.8031 0.0358
vn -0.5955 -0.8026 0.0348
vn -0.5954 -0.8026 -0.0357
vn -0.3880 -0.8894 0.2417
vn -0.3871 -0.8896 0.2426
vn -0.4534 -0.8579 -0.2417
vn -0.3872 -0.8898 -0.2417
vn -0.5948 -0.8031 -0.0348
vn -0.1799 -0.9683 0.1731
vn -0.1816 -0.9778 0.1045
vn -0.1816 -0.9778 -0.1044
vn -0.1817 -0.9778 -0.1045
vn -0.3184 -0.9164 0.2425
vn -0.3879 -0.8892 -0.2426
vn -0.2536 -0.9517 0.1731
vn -0.2535 -0.9514 -0.1751
vn -0.2517 -0.9522 -0.1731
vn -0.1817 -0.9778 0.1044
vn -0.1826 -0.9826 0.0348
vn -0.1821 -0.9827 -0.0347
vn -0.1826 -0.9826 -0.0353
vn -0.5298 -0.8416 0.1046
vn -0.5293 -0.8419 0.1052
vn -0.5293 -0.8420 -0.1046
vn -0.5242 -0.8338 -0.1731
vn -0.4605 -0.8706 0.1731
vn -0.4601 -0.8707 0.1735
vn -0.4602 -0.8708 -0.1731
vn -0.1821 -0.9826 0.0354
vn -0.3231 -0.9300 0.1752
vn -0.2516 -0.9519 0.1751
vn -0.3232 -0.9301 -0.1743
vn -0.3238 -0.9298 -0.1752
vn -0.2542 -0.9615 0.1044
vn -0.2542 -0.9616 -0.1030
vn -0.2554 -0.9612 -0.1044
vn -0.5332 -0.8453 0.0348
vn -0.5324 -0.8457 0.0357
vn -0.5324 -0.8458 -0.0347
vn -0.5298 -0.8416 -0.1052
vn -0.3944 -0.9024 0.1736
vn -0.3937 -0.9026 0.1743
vn -0.4605 -0.8706 -0.1735
vn -0.3937 -0.9027 -0.1736
vn -0.3239 -0.9299 0.1743
vn -0.3943 -0.9023 -0.1743
vn -0.5332 -0.8453 -0.0357
vn -0.4654 -0.8789 0.1052
vn -0.4649 -0.8790 0.1057
vn -0.4650 -0.8791 -0.1052
vn -0.2555 -0.9613 0.1030
vn -0.2567 -0.9658 0.0354
vn -0.2560 -0.9660 -0.0353
vn -0.2567 -0.9658 -0.0361
vn -0.2560 -0.9660 0.0362
vn -0.3272 -0.9393 0.1030
vn -0.3271 -0.9392 -0.1041
vn -0.3262 -0.9397 -0.1030
vn -0.3968 -0.9118 0.1057
vn -0.3983 -0.9114 0.1040
vn -0.4653 -0.8788 -0.1057
vn -0.3982 -0.9112 -0.1057
vn -0.4671 -0.8835 0.0358
vn -0.4677 -0.8832 0.0351
vn -0.4677 -0.8832 -0.0358
vn -0.3262 -0.9396 0.1041
vn -0.3968 -0.9120 -0.1040
vn -0.4671 -0.8835 -0.0350
vn -0.3277 -0.9441 0.0362
vn -0.3286 -0.9438 -0.0361
vn -0.3278 -0.9441 -0.0352
vn -0.3286 -0.9438 0.0352
vn -0.3989 -0.9163 0.0350
vn -0.3987 -0.9164 0.0352
vn -0.3989 -0.9163 -0.0350
vn -0.3987 -0.9164 -0.0352
usemtl Carriage1_lhmat
s off
f 1//1 2//1 3//1
f 4//2 1//2 3//2
f 5//2 4//2 3//2
f 6//2 5//2 3//2
f 7//3 6//3 3//3
f 2//4 7//4 3//4
f 8//2 5//2 6//2
f 9//2 8//2 6//2
f 7//5 9//5 6//5
f 10//6 2//6 1//6
f 11//7 10//7 1//7
f 12//2 11//2 1//2
f 4//2 12//2 1//2
f 13//2 8//2 9//2
f 14//2 13//2 9//2
f 15//8 14//8 9//8
f 7//9 15//9 9//9
f 16//10 10//10 11//10
f 17//11 16//11 11//11
f 18//2 17//2 11//2
f 12//2 18//2 11//2
f 19//12 20//12 21//12
f 22//13 19//13 21//13
f 20//14 23//14 21//14
f 24//15 22//15 21//15
f 23//16 24//16 21//16
f 25//17 23//17 20//17
f 26//18 25//18 20//18
f 19//19 26//19 20//19
f 27//20 24//20 23//20
f 28//21 26//21 19//21
f 25//22 29//22 23//22
f 29//23 30//23 23//23
f 30//24 27//24 23//24
f 22//25 31//25 19//25
f 31//12 32//12 19//12
f 32//26 28//26 19//26
f 33//2 13//2 14//2
f 34//2 33//2 14//2
f 35//27 34//27 14//27
f 15//28 35//28 14//28
f 36//29 16//29 17//29
f 37//30 36//30 17//30
f 38//2 37//2 17//2
f 18//2 38//2 17//2
f 24//31 31//31 22//31
f 26//32 29//32 25//32
f 29//33 39//33 30//33
f 39//34 40//34 30//34
f 40//35 27//35 30//35
f 31//36 41//36 32//36
f 42//37 28//37 32//37
f 39//38 43//38 40//38
f 41//39 44//39 32//39
f 44//40 42//40 32//40
f 45//2 46//2 27//2
f 40//2 45//2 27//2
f 46//2 24//2 27//2
f 46//41 31//41 24//41
f 28//42 47//42 26//42
f 47//42 29//42 26//42
f 42//42 48//42 28//42
f 48//42 47//42 28//42
f 49//2 33//2 34//2
f 50//43 49//43 34//43
f 51//44 50//44 34//44
f 35//45 51//45 34//45
f 52//46 36//46 37//46
f 53//47 52//47 37//47
f 54//2 53//2 37//2
f 38//2 54//2 37//2
f 43//48 55//48 40//48
f 44//49 56//49 42//49
f 57//2 45//2 40//2
f 55//50 57//50 40//50
f 44//51 41//51 31//51
f 58//52 44//52 31//52
f 46//53 58//53 31//53
f 43//54 39//54 29//54
f 47//42 59//42 29//42
f 59//55 43//55 29//55
f 56//42 60//42 42//42
f 60//42 48//42 42//42
f 61//56 55//56 43//56
f 44//57 62//57 56//57
f 61//58 57//58 55//58
f 58//59 63//59 44//59
f 59//60 64//60 43//60
f 64//61 65//61 43//61
f 62//42 60//42 56//42
f 66//62 67//62 68//62
f 69//63 66//63 68//63
f 67//64 4//64 68//64
f 4//65 5//65 68//65
f 5//66 69//66 68//66
f 67//67 12//67 4//67
f 10//68 46//68 2//68
f 46//69 7//69 2//69
f 10//70 58//70 46//70
f 45//71 7//71 46//71
f 70//72 66//72 69//72
f 5//73 8//73 69//73
f 8//74 70//74 69//74
f 66//75 71//75 67//75
f 71//76 12//76 67//76
f 71//77 18//77 12//77
f 15//78 7//78 45//78
f 57//79 15//79 45//79
f 16//80 63//80 58//80
f 10//81 16//81 58//81
f 65//82 61//82 43//82
f 65//83 72//83 61//83
f 72//84 73//84 61//84
f 73//85 74//85 61//85
f 75//86 62//86 44//86
f 76//87 75//87 44//87
f 77//88 76//88 44//88
f 63//89 77//89 44//89
f 78//90 72//90 65//90
f 75//91 79//91 62//91
f 79//92 80//92 62//92
f 81//93 66//93 70//93
f 8//94 13//94 70//94
f 13//95 81//95 70//95
f 66//2 82//2 71//2
f 82//96 18//96 71//96
f 82//96 38//96 18//96
f 35//97 15//97 57//97
f 61//98 35//98 57//98
f 36//99 77//99 63//99
f 16//100 36//100 63//100
f 83//101 49//101 50//101
f 84//102 83//102 50//102
f 85//103 84//103 50//103
f 51//104 85//104 50//104
f 86//105 52//105 53//105
f 87//106 86//106 53//106
f 88//107 87//107 53//107
f 54//2 88//2 53//2
f 78//108 73//108 72//108
f 76//109 79//109 75//109
f 76//110 89//110 79//110
f 90//111 74//111 73//111
f 91//112 90//112 73//112
f 92//113 93//113 79//113
f 93//114 80//114 79//114
f 91//115 73//115 78//115
f 94//116 91//116 78//116
f 95//117 89//117 76//117
f 77//118 95//118 76//118
f 65//119 96//119 78//119
f 96//120 94//120 78//120
f 97//2 66//2 81//2
f 13//121 33//121 81//121
f 33//121 97//121 81//121
f 66//2 98//2 82//2
f 98//122 38//122 82//122
f 98//122 54//122 38//122
f 51//123 35//123 61//123
f 74//124 51//124 61//124
f 52//125 95//125 77//125
f 36//126 52//126 77//126
f 89//127 92//127 79//127
f 99//128 91//128 94//128
f 100//129 101//129 89//129
f 101//130 92//130 89//130
f 102//131 99//131 94//131
f 99//132 103//132 91//132
f 101//133 104//133 92//133
f 105//2 90//2 91//2
f 103//2 105//2 91//2
f 106//42 93//42 92//42
f 104//42 106//42 92//42
f 107//134 100//134 89//134
f 108//135 107//135 89//135
f 95//136 108//136 89//136
f 109//137 102//137 94//137
f 96//42 110//42 94//42
f 110//42 109//42 94//42
f 111//138 66//138 97//138
f 33//139 49//139 97//139
f 49//140 111//140 97//140
f 66//141 112//141 98//141
f 112//142 54//142 98//142
f 112//143 88//143 54//143
f 85//144 51//144 74//144
f 90//145 85//145 74//145
f 86//146 108//146 95//146
f 52//147 86//147 95//147
f 113//148 101//148 100//148
f 107//149 113//149 100//149
f 114//150 99//150 102//150
f 109//151 114//151 102//151
f 115//2 83//2 84//2
f 116//152 115//152 84//152
f 117//153 116//153 84//153
f 85//154 117//154 84//154
f 118//155 86//155 87//155
f 119//156 118//156 87//156
f 120//157 119//157 87//157
f 88//158 120//158 87//158
f 114//159 121//159 99//159
f 121//160 103//160 99//160
f 113//161 122//161 101//161
f 122//162 104//162 101//162
f 123//163 122//163 113//163
f 124//164 123//164 113//164
f 107//165 124//165 113//165
f 125//14 121//14 114//14
f 126//166 125//166 114//166
f 109//167 126//167 114//167
f 127//168 66//168 111//168
f 49//169 83//169 111//169
f 83//170 127//170 111//170
f 66//171 128//171 112//171
f 128//172 88//172 112//172
f 128//173 120//173 88//173
f 117//174 85//174 90//174
f 105//175 117//175 90//175
f 118//176 129//176 108//176
f 86//177 118//177 108//177
f 129//2 107//2 108//2
f 130//42 109//42 110//42
f 125//178 131//178 121//178
f 131//179 103//179 121//179
f 132//180 122//180 123//180
f 133//181 132//181 123//181
f 124//182 133//182 123//182
f 134//178 131//178 125//178
f 126//183 134//183 125//183
f 132//184 104//184 122//184
f 131//185 135//185 103//185
f 135//2 105//2 103//2
f 132//186 136//186 104//186
f 136//42 106//42 104//42
f 129//2 124//2 107//2
f 130//42 126//42 109//42
f 137//187 115//187 116//187
f 138//188 137//188 116//188
f 139//189 138//189 116//189
f 117//190 139//190 116//190
f 140//191 118//191 119//191
f 141//192 140//192 119//192
f 142//193 141//193 119//193
f 120//194 142//194 119//194
f 134//195 143//195 131//195
f 143//196 144//196 131//196
f 144//197 135//197 131//197
f 133//198 145//198 132//198
f 145//199 146//199 132//199
f 146//200 136//200 132//200
f 147//201 66//201 127//201
f 83//202 115//202 127//202
f 115//203 147//203 127//203
f 66//2 148//2 128//2
f 148//204 120//204 128//204
f 148//204 142//204 120//204
f 139//205 117//205 105//205
f 149//206 139//206 105//206
f 135//2 149//2 105//2
f 140//207 150//207 129//207
f 118//208 140//208 129//208
f 150//209 145//209 129//209
f 145//210 124//210 129//210
f 151//211 126//211 130//211
f 152//212 151//212 130//212
f 136//42 153//42 106//42
f 124//213 145//213 133//213
f 126//214 143//214 134//214
f 144//215 154//215 135//215
f 154//216 149//216 135//216
f 146//217 155//217 136//217
f 155//218 153//218 136//218
f 151//219 143//219 126//219
f 143//220 151//220 144//220
f 151//221 154//221 144//221
f 145//222 156//222 146//222
f 156//223 155//223 146//223
f 157//2 66//2 147//2
f 115//224 137//224 147//224
f 137//224 157//224 147//224
f 158//225 159//225 148//225
f 66//2 160//2 148//2
f 160//226 161//226 148//226
f 161//227 162//227 148//227
f 162//2 163//2 148//2
f 163//2 164//2 148//2
f 164//2 165//2 148//2
f 165//2 158//2 148//2
f 159//228 142//228 148//228
f 166//2 141//2 142//2
f 159//229 166//229 142//229
f 167//230 139//230 149//230
f 168//231 167//231 149//231
f 154//232 168//232 149//232
f 169//233 170//233 150//233
f 140//234 169//234 150//234
f 170//2 156//2 150//2
f 156//235 145//235 150//235
f 171//236 151//236 152//236
f 172//237 171//237 152//237
f 155//238 173//238 153//238
f 167//239 138//239 139//239
f 141//240 169//240 140//240
f 174//2 137//2 138//2
f 167//241 174//241 138//241
f 175//242 169//242 141//242
f 176//243 175//243 141//243
f 166//2 176//2 141//2
f 151//244 171//244 154//244
f 177//245 168//245 154//245
f 178//246 173//246 155//246
f 171//247 177//247 154//247
f 156//248 178//248 155//248
f 175//249 170//249 169//249
f 179//250 66//250 157//250
f 137//251 180//251 157//251
f 180//251 179//251 157//251
f 158//252 181//252 159//252
f 181//253 166//253 159//253
f 174//2 180//2 137//2
f 182//2 176//2 166//2
f 181//254 182//254 166//254
f 183//255 167//255 168//255
f 184//251 183//251 168//251
f 177//256 184//256 168//256
f 175//257 185//257 170//257
f 185//2 156//2 170//2
f 186//258 171//258 172//258
f 178//42 187//42 173//42
f 183//259 174//259 167//259
f 171//260 188//260 177//260
f 185//261 187//261 178//261
f 156//262 185//262 178//262
f 188//263 184//263 177//263
f 189//2 180//2 174//2
f 183//264 189//264 174//264
f 190//265 175//265 176//265
f 191//266 190//266 176//266
f 182//267 191//267 176//267
f 190//268 185//268 175//268
f 186//269 188//269 171//269
f 180//270 192//270 179//270
f 192//271 193//271 179//271
f 193//272 66//272 179//272
f 194//273 182//273 181//273
f 158//274 194//274 181//274
f 189//2 192//2 180//2
f 194//275 195//275 182//275
f 195//276 191//276 182//276
f 184//277 196//277 183//277
f 196//278 189//278 183//278
f 197//279 184//279 188//279
f 198//280 197//280 188//280
f 197//281 196//281 184//281
f 190//282 199//282 185//282
f 199//283 200//283 185//283
f 200//284 201//284 185//284
f 201//285 187//285 185//285
f 198//286 188//286 186//286
f 202//287 198//287 186//287
f 201//288 203//288 187//288
f 203//289 204//289 187//289
f 205//290 202//290 186//290
f 200//291 203//291 201//291
f 191//292 206//292 190//292
f 206//293 199//293 190//293
f 207//294 192//294 189//294
f 196//295 207//295 189//295
f 208//296 206//296 191//296
f 195//297 208//297 191//297
f 209//298 197//298 198//298
f 210//299 209//299 198//299
f 199//300 211//300 200//300
f 205//301 212//301 202//301
f 213//302 204//302 203//302
f 212//303 214//303 198//303
f 202//304 212//304 198//304
f 200//305 211//305 203//305
f 211//305 215//305 203//305
f 192//306 216//306 193//306
f 216//307 66//307 193//307
f 217//308 195//308 194//308
f 218//309 219//309 194//309
f 219//310 220//310 194//310
f 158//311 221//311 194//311
f 221//2 218//2 194//2
f 220//312 222//312 194//312
f 222//313 223//313 194//313
f 223//314 217//314 194//314
f 207//315 216//315 192//315
f 217//316 224//316 195//316
f 224//2 225//2 195//2
f 225//2 208//2 195//2
f 209//317 196//317 197//317
f 206//318 226//318 199//318
f 226//319 211//319 199//319
f 227//42 228//42 205//42
f 228//42 212//42 205//42
f 213//320 229//320 204//320
f 214//321 210//321 198//321
f 215//322 213//322 203//322
f 209//323 230//323 196//323
f 230//324 207//324 196//324
f 208//325 231//325 206//325
f 231//326 226//326 206//326
f 232//327 209//327 210//327
f 233//328 232//328 210//328
f 234//329 215//329 211//329
f 226//330 234//330 211//330
f 228//331 214//331 212//331
f 235//332 229//332 213//332
f 214//196 236//196 210//196
f 237//305 213//305 215//305
f 236//178 238//178 210//178
f 238//333 233//333 210//333
f 237//334 235//334 213//334
f 239//335 216//335 207//335
f 230//336 239//336 207//336
f 225//337 231//337 208//337
f 216//338 240//338 66//338
f 240//339 160//339 66//339
f 223//340 224//340 217//340
f 239//2 240//2 216//2
f 223//341 241//341 224//341
f 241//2 242//2 224//2
f 242//2 225//2 224//2
f 232//342 230//342 209//342
f 231//343 243//343 226//343
f 243//2 234//2 226//2
f 244//42 245//42 227//42
f 245//42 228//42 227//42
f 235//42 246//42 229//42
f 247//344 237//344 215//344
f 234//345 247//345 215//345
f 228//346 236//346 214//346
f 232//347 248//347 230//347
f 248//348 239//348 230//348
f 225//349 249//349 231//349
f 249//350 243//350 231//350
f 238//351 250//351 233//351
f 250//352 251//352 233//352
f 251//353 252//353 233//353
f 252//2 232//2 233//2
f 253//354 247//354 234//354
f 243//2 253//2 234//2
f 245//355 236//355 228//355
f 237//356 254//356 235//356
f 254//357 255//357 235//357
f 255//358 256//358 235//358
f 256//42 246//42 235//42
f 257//359 239//359 248//359
f 225//360 242//360 249//360
f 240//361 258//361 160//361
f 258//362 161//362 160//362
f 222//363 241//363 223//363
f 239//2 257//2 240//2
f 257//364 258//364 240//364
f 222//365 259//365 241//365
f 259//366 260//366 241//366
f 260//2 242//2 241//2
f 261//367 248//367 232//367
f 252//2 261//2 232//2
f 249//368 262//368 243//368
f 262//2 263//2 243//2
f 263//2 253//2 243//2
f 264//369 265//369 244//369
f 265//370 245//370 244//370
f 256//42 266//42 246//42
f 236//371 250//371 238//371
f 247//372 254//372 237//372
f 267//373 254//373 247//373
f 253//374 267//374 247//374
f 268//375 250//375 236//375
f 245//376 268//376 236//376
f 261//377 269//377 248//377
f 269//378 257//378 248//378
f 242//379 270//379 249//379
f 270//380 262//380 249//380
f 251//381 271//381 252//381
f 271//382 272//382 252//382
f 272//383 261//383 252//383
f 273//384 267//384 253//384
f 263//385 273//385 253//385
f 274//386 268//386 245//386
f 265//387 274//387 245//387
f 275//388 276//388 256//388
f 255//389 275//389 256//389
f 276//390 266//390 256//390
f 268//391 251//391 250//391
f 255//392 254//392 267//392
f 273//393 255//393 267//393
f 274//394 251//394 268//394
f 277//395 257//395 269//395
f 242//396 260//396 270//396
f 258//397 278//397 161//397
f 278//398 162//398 161//398
f 220//399 259//399 222//399
f 257//400 277//400 258//400
f 277//401 278//401 258//401
f 220//402 279//402 259//402
f 279//403 280//403 259//403
f 280//404 260//404 259//404
f 281//405 269//405 261//405
f 272//406 281//406 261//406
f 270//407 282//407 262//407
f 282//408 283//408 262//408
f 283//409 263//409 262//409
f 284//410 285//410 264//410
f 285//411 265//411 264//411
f 276//412 286//412 266//412
f 281//413 287//413 269//413
f 287//414 277//414 269//414
f 260//415 288//415 270//415
f 288//416 282//416 270//416
f 272//417 271//417 274//417
f 271//418 251//418 274//418
f 273//419 263//419 255//419
f 263//420 275//420 255//420
f 265//421 272//421 274//421
f 263//422 283//422 275//422
f 283//423 276//423 275//423
f 289//424 277//424 287//424
f 260//425 280//425 288//425
f 278//426 290//426 162//426
f 290//426 163//426 162//426
f 219//427 279//427 220//427
f 277//428 289//428 278//428
f 289//2 290//2 278//2
f 219//427 291//427 279//427
f 291//429 292//429 279//429
f 292//430 280//430 279//430
f 293//431 287//431 281//431
f 272//432 294//432 281//432
f 294//433 293//433 281//433
f 288//434 295//434 282//434
f 295//435 283//435 282//435
f 296//436 286//436 276//436
f 297//437 285//437 284//437
f 296//438 298//438 286//438
f 294//439 272//439 265//439
f 293//440 299//440 287//440
f 299//441 289//441 287//441
f 280//442 300//442 288//442
f 300//443 295//443 288//443
f 285//444 294//444 265//444
f 283//445 296//445 276//445
f 301//446 289//446 299//446
f 280//447 292//447 300//447
f 290//448 302//448 163//448
f 302//449 164//449 163//449
f 218//450 291//450 219//450
f 289//2 301//2 290//2
f 301//2 302//2 290//2
f 218//451 303//451 291//451
f 303//2 304//2 291//2
f 304//452 292//452 291//452
f 305//453 299//453 293//453
f 300//454 306//454 295//454
f 306//455 307//455 295//455
f 308//456 309//456 297//456
f 296//457 310//457 298//457
f 310//458 311//458 298//458
f 305//459 312//459 299//459
f 312//460 301//460 299//460
f 292//461 313//461 300//461
f 313//462 306//462 300//462
f 310//463 296//463 283//463
f 293//464 294//464 285//464
f 295//465 310//465 283//465
f 297//466 293//466 285//466
f 314//467 301//467 312//467
f 292//468 304//468 313//468
f 302//469 315//469 164//469
f 315//470 165//470 164//470
f 221//471 303//471 218//471
f 301//472 314//472 302//472
f 314//473 315//473 302//473
f 221//474 316//474 303//474
f 316//475 317//475 303//475
f 317//476 304//476 303//476
f 318//477 312//477 305//477
f 293//478 319//478 305//478
f 319//479 318//479 305//479
f 313//480 320//480 306//480
f 320//481 321//481 306//481
f 321//482 307//482 306//482
f 322//483 323//483 308//483
f 323//484 309//484 308//484
f 310//485 324//485 311//485
f 324//486 325//486 311//486
f 318//487 326//487 312//487
f 326//488 314//488 312//488
f 304//489 327//489 313//489
f 327//490 320//490 313//490
f 297//491 319//491 293//491
f 307//492 310//492 295//492
f 309//493 319//493 297//493
f 307//494 324//494 310//494
f 328//495 314//495 326//495
f 304//496 317//496 327//496
f 315//497 329//497 165//497
f 329//498 158//498 165//498
f 158//499 316//499 221//499
f 314//500 328//500 315//500
f 328//2 329//2 315//2
f 158//501 329//501 316//501
f 329//2 330//2 316//2
f 330//502 317//502 316//502
f 331//503 326//503 318//503
f 319//504 332//504 318//504
f 332//505 331//505 318//505
f 327//506 331//506 320//506
f 331//2 333//2 320//2
f 333//507 321//507 320//507
f 334//42 335//42 322//42
f 335//508 323//508 322//508
f 324//509 336//509 325//509
f 336//510 334//510 325//510
f 331//511 337//511 326//511
f 337//512 328//512 326//512
f 317//513 330//513 327//513
f 330//514 337//514 327//514
f 337//515 331//515 327//515
f 328//2 330//2 329//2
f 330//516 328//516 337//516
f 332//517 338//517 331//517
f 338//2 333//2 331//2
f 336//518 339//518 334//518
f 339//42 335//42 334//42
f 309//519 323//519 319//519
f 307//520 321//520 324//520
f 321//521 340//521 324//521
f 323//522 332//522 319//522
f 340//523 336//523 324//523
f 333//524 340//524 321//524
f 341//525 342//525 338//525
f 342//526 343//526 338//526
f 343//527 333//527 338//527
f 332//528 341//528 338//528
f 343//529 340//529 333//529
f 339//530 344//530 335//530
f 344//531 323//531 335//531
f 345//532 346//532 339//532
f 346//533 344//533 339//533
f 336//534 345//534 339//534
f 323//535 344//535 332//535
f 340//536 343//536 336//536
f 344//464 341//464 332//464
f 343//537 345//537 336//537
f 344//538 342//538 341//538
f 343//539 346//539 345//539
f 342//540 346//540 343//540
f 346//491 342//491 344//491
f 347//541 348//541 349//541
f 350//542 347//542 349//542
f 351//543 350//543 349//543
f 352//544 351//544 349//544
f 353//545 354//545 349//545
f 348//546 353//546 349//546
f 354//547 352//547 349//547
f 355//548 347//548 350//548
f 356//549 355//549 350//549
f 351//550 356//550 350//550
f 357//551 353//551 348//551
f 358//552 357//552 348//552
f 347//553 358//553 348//553
f 354//554 359//554 352//554
f 359//555 360//555 352//555
f 360//556 361//556 352//556
f 361//557 351//557 352//557
f 362//558 358//558 347//558
f 363//559 362//559 347//559
f 355//560 363//560 347//560
f 361//561 364//561 351//561
f 364//562 356//562 351//562
f 365//563 366//563 354//563
f 353//564 365//564 354//564
f 366//565 359//565 354//565
f 367//566 365//566 353//566
f 357//567 367//567 353//567
f 366//568 368//568 359//568
f 368//569 369//569 359//569
f 369//570 360//570 359//570
f 370//571 363//571 355//571
f 371//572 370//572 355//572
f 356//573 371//573 355//573
f 372//574 357//574 358//574
f 373//575 372//575 358//575
f 362//576 373//576 358//576
f 369//577 374//577 360//577
f 374//578 375//578 360//578
f 375//579 361//579 360//579
f 376//580 362//580 363//580
f 377//581 376//581 363//581
f 370//582 377//582 363//582
f 364//583 378//583 356//583
f 378//584 371//584 356//584
f 379//585 373//585 362//585
f 376//586 379//586 362//586
f 375//587 380//587 361//587
f 380//588 364//588 361//588
f 381//589 367//589 357//589
f 372//590 381//590 357//590
f 368//591 382//591 369//591
f 382//592 383//592 369//592
f 383//593 374//593 369//593
f 384//594 385//594 366//594
f 365//595 384//595 366//595
f 385//596 368//596 366//596
f 386//597 384//597 365//597
f 367//598 386//598 365//598
f 385//599 387//599 368//599
f 387//600 382//600 368//600
f 388//601 379//601 376//601
f 389//602 388//602 376//602
f 377//603 389//603 376//603
f 380//604 390//604 364//604
f 390//604 378//604 364//604
f 391//605 377//605 370//605
f 392//606 391//606 370//606
f 371//607 392//607 370//607
f 393//608 372//608 373//608
f 394//609 393//609 373//609
f 379//610 394//610 373//610
f 383//611 395//611 374//611
f 395//612 396//612 374//612
f 396//613 375//613 374//613
f 397//614 394//614 379//614
f 388//615 397//615 379//615
f 396//616 398//616 375//616
f 398//617 380//617 375//617
f 399//618 389//618 377//618
f 391//619 399//619 377//619
f 378//620 400//620 371//620
f 400//621 392//621 371//621
f 401//622 386//622 367//622
f 381//623 401//623 367//623
f 387//624 402//624 382//624
f 402//625 403//625 382//625
f 403//626 383//626 382//626
f 404//627 381//627 372//627
f 393//628 404//628 372//628
f 403//629 405//629 383//629
f 405//630 395//630 383//630
f 406//631 407//631 385//631
f 384//632 406//632 385//632
f 407//633 387//633 385//633
f 408//634 397//634 388//634
f 409//635 408//635 388//635
f 389//602 409//602 388//602
f 398//636 410//636 380//636
f 410//637 390//637 380//637
f 411//638 409//638 389//638
f 399//639 411//639 389//639
f 390//640 412//640 378//640
f 412//641 400//641 378//641
f 413//642 406//642 384//642
f 386//643 413//643 384//643
f 407//644 414//644 387//644
f 414//645 402//645 387//645
f 415//646 401//646 381//646
f 404//647 415//647 381//647
f 402//648 416//648 403//648
f 416//649 417//649 403//649
f 417//650 405//650 403//650
f 418//651 393//651 394//651
f 419//652 418//652 394//652
f 397//653 419//653 394//653
f 405//654 420//654 395//654
f 420//655 421//655 395//655
f 421//656 396//656 395//656
f 422//657 413//657 386//657
f 401//658 422//658 386//658
f 414//659 423//659 402//659
f 423//660 416//660 402//660
f 424//661 399//661 391//661
f 425//662 424//662 391//662
f 392//663 425//663 391//663
f 426//664 419//664 397//664
f 408//665 426//665 397//665
f 421//666 427//666 396//666
f 427//667 398//667 396//667
f 428//668 411//668 399//668
f 424//669 428//669 399//669
f 400//670 429//670 392//670
f 429//671 425//671 392//671
f 430//672 408//672 409//672
f 431//673 430//673 409//673
f 411//674 431//674 409//674
f 410//675 432//675 390//675
f 432//676 412//676 390//676
f 433//677 404//677 393//677
f 418//678 433//678 393//678
f 417//679 434//679 405//679
f 434//680 420//680 405//680
f 435//681 426//681 408//681
f 430//682 435//682 408//682
f 427//683 436//683 398//683
f 436//684 410//684 398//684
f 437//685 431//685 411//685
f 428//686 437//686 411//686
f 412//687 438//687 400//687
f 438//688 429//688 400//688
f 439//689 440//689 407//689
f 406//690 439//690 407//690
f 440//691 414//691 407//691
f 441//692 422//692 401//692
f 415//693 441//693 401//693
f 423//694 442//694 416//694
f 442//695 443//695 416//695
f 443//696 417//696 416//696
f 444//697 415//697 404//697
f 433//698 444//698 404//698
f 443//699 445//699 417//699
f 445//700 434//700 417//700
f 446//701 439//701 406//701
f 413//702 446//702 406//702
f 440//703 447//703 414//703
f 447//704 423//704 414//704
f 448//705 435//705 430//705
f 449//706 448//706 430//706
f 431//707 449//707 430//707
f 436//708 450//708 410//708
f 450//709 432//709 410//709
f 451//710 446//710 413//710
f 422//711 451//711 413//711
f 447//712 452//712 423//712
f 452//713 442//713 423//713
f 453//714 418//714 419//714
f 454//715 453//715 419//715
f 426//716 454//716 419//716
f 434//717 455//717 420//717
f 455//718 456//718 420//718
f 456//719 421//719 420//719
f 457//720 449//720 431//720
f 437//721 457//721 431//721
f 432//722 458//722 412//722
f 458//723 438//723 412//723
f 459//724 454//724 426//724
f 435//725 459//725 426//725
f 456//726 460//726 421//726
f 460//727 427//727 421//727
f 461//728 428//728 424//728
f 462//729 461//729 424//729
f 425//730 462//730 424//730
f 463//731 433//731 418//731
f 453//732 463//732 418//732
f 445//733 464//733 434//733
f 464//734 455//734 434//734
f 465//735 437//735 428//735
f 461//728 465//728 428//728
f 429//736 466//736 425//736
f 466//737 462//737 425//737
f 467//738 441//738 415//738
f 444//739 467//739 415//739
f 442//740 468//740 443//740
f 468//741 469//741 443//741
f 469//742 445//742 443//742
f 470//743 459//743 435//743
f 448//744 470//744 435//744
f 460//745 471//745 427//745
f 471//746 436//746 427//746
f 472//747 451//747 422//747
f 441//748 472//748 422//748
f 452//749 473//749 442//749
f 473//750 468//750 442//750
f 474//751 457//751 437//751
f 465//752 474//752 437//752
f 438//753 475//753 429//753
f 475//753 466//753 429//753
f 476//754 444//754 433//754
f 463//755 476//755 433//755
f 469//756 477//756 445//756
f 477//757 464//757 445//757
f 478//758 448//758 449//758
f 479//759 478//759 449//759
f 457//760 479//760 449//760
f 450//761 480//761 432//761
f 480//761 458//761 432//761
f 481//762 482//762 440//762
f 439//763 481//763 440//763
f 482//764 447//764 440//764
f 483//765 481//765 439//765
f 446//766 483//766 439//766
f 482//767 484//767 447//767
f 484//768 452//768 447//768
f 485//769 470//769 448//769
f 478//770 485//770 448//770
f 471//771 486//771 436//771
f 486//772 450//772 436//772
f 487//773 479//773 457//773
f 474//751 487//751 457//751
f 458//774 488//774 438//774
f 488//775 475//775 438//775
f 489//776 453//776 454//776
f 490//777 489//777 454//777
f 459//778 490//778 454//778
f 464//779 491//779 455//779
f 491//780 492//780 455//780
f 492//781 456//781 455//781
f 493//782 483//782 446//782
f 451//783 493//783 446//783
f 484//784 494//784 452//784
f 494//785 473//785 452//785
f 495//786 490//786 459//786
f 470//787 495//787 459//787
f 492//788 496//788 456//788
f 496//789 460//789 456//789
f 497//790 472//790 441//790
f 467//791 497//791 441//791
f 473//792 498//792 468//792
f 498//793 499//793 468//793
f 499//794 469//794 468//794
f 500//795 467//795 444//795
f 476//795 500//795 444//795
f 499//796 501//796 469//796
f 501//797 477//797 469//797
f 502//798 463//798 453//798
f 489//799 502//799 453//799
f 477//800 503//800 464//800
f 503//801 491//801 464//801
f 504//802 465//802 461//802
f 505//803 504//803 461//803
f 462//804 505//804 461//804
f 506//805 495//805 470//805
f 485//806 506//806 470//806
f 496//807 507//807 460//807
f 507//808 471//808 460//808
f 508//809 474//809 465//809
f 504//810 508//810 465//810
f 466//811 509//811 462//811
f 509//812 505//812 462//812
f 510//813 485//813 478//813
f 511//814 510//814 478//814
f 479//759 511//759 478//759
f 486//815 512//815 450//815
f 512//816 480//816 450//816
f 513//817 493//817 451//817
f 472//818 513//818 451//818
f 494//819 514//819 473//819
f 514//820 498//820 473//820
f 515//821 476//821 463//821
f 502//822 515//822 463//822
f 501//823 516//823 477//823
f 516//824 503//824 477//824
f 517//825 511//825 479//825
f 487//826 517//826 479//826
f 480//827 518//827 458//827
f 518//828 488//828 458//828
f 519//829 487//829 474//829
f 508//830 519//830 474//830
f 475//831 520//831 466//831
f 520//832 509//832 466//832
f 521//833 506//833 485//833
f 510//834 521//834 485//834
f 507//835 522//835 471//835
f 522//836 486//836 471//836
f 523//837 497//837 467//837
f 500//838 523//838 467//838
f 498//839 524//839 499//839
f 524//840 525//840 499//840
f 525//841 501//841 499//841
f 526//842 527//842 482//842
f 481//843 526//843 482//843
f 527//844 484//844 482//844
f 528//845 526//845 481//845
f 483//846 528//846 481//846
f 527//847 529//847 484//847
f 529//848 494//848 484//848
f 530//849 517//849 487//849
f 519//850 530//850 487//850
f 488//851 531//851 475//851
f 531//851 520//851 475//851
f 532//852 513//852 472//852
f 497//853 532//853 472//853
f 514//854 533//854 498//854
f 533//855 524//855 498//855
f 534//856 500//856 476//856
f 515//857 534//857 476//857
f 525//858 535//858 501//858
f 535//859 516//859 501//859
f 536//860 489//860 490//860
f 537//861 536//861 490//861
f 495//862 537//862 490//862
f 503//863 538//863 491//863
f 538//864 539//864 491//864
f 539//865 492//865 491//865
f 540//866 528//866 483//866
f 493//867 540//867 483//867
f 529//868 541//868 494//868
f 541//869 514//869 494//869
f 542//870 537//870 495//870
f 506//871 542//871 495//871
f 539//872 543//872 492//872
f 543//873 496//873 492//873
f 544//874 510//874 511//874
f 545//875 544//875 511//875
f 517//876 545//876 511//876
f 512//877 546//877 480//877
f 546//878 518//878 480//878
f 547//879 502//879 489//879
f 536//880 547//880 489//880
f 516//881 548//881 503//881
f 548//882 538//882 503//882
f 549//883 521//883 510//883
f 544//884 549//884 510//884
f 522//885 550//885 486//885
f 550//886 512//886 486//886
f 551//887 542//887 506//887
f 521//888 551//888 506//888
f 543//889 552//889 496//889
f 552//890 507//890 496//890
f 553//891 508//891 504//891
f 554//892 553//892 504//892
f 505//893 554//893 504//893
f 555//894 545//894 517//894
f 530//849 555//849 517//849
f 518//895 556//895 488//895
f 556//896 531//896 488//896
f 557//897 540//897 493//897
f 513//898 557//898 493//898
f 541//899 558//899 514//899
f 558//900 533//900 514//900
f 559//901 519//901 508//901
f 553//902 559//902 508//902
f 509//903 560//903 505//903
f 560//904 554//904 505//904
f 561//905 515//905 502//905
f 547//906 561//906 502//906
f 535//907 562//907 516//907
f 562//908 548//908 516//908
f 563//909 523//909 500//909
f 534//910 563//910 500//910
f 524//911 564//911 525//911
f 564//912 565//912 525//912
f 565//913 535//913 525//913
f 566//914 532//914 497//914
f 523//915 566//915 497//915
f 533//916 567//916 524//916
f 567//917 564//917 524//917
f 568//918 530//918 519//918
f 559//919 568//919 519//919
f 520//920 569//920 509//920
f 569//921 560//921 509//921
f 570//922 551//922 521//922
f 549//923 570//923 521//923
f 552//924 571//924 507//924
f 571//925 522//925 507//925
f 572//926 534//926 515//926
f 561//927 572//927 515//927
f 565//928 573//928 535//928
f 573//929 562//929 535//929
f 574//930 557//930 513//930
f 532//931 574//931 513//931
f 558//932 575//932 533//932
f 575//933 567//933 533//933
f 576//934 549//934 544//934
f 577//935 576//935 544//935
f 545//936 577//936 544//936
f 550//937 578//937 512//937
f 578//938 546//938 512//938
f 579//939 555//939 530//939
f 568//940 579//940 530//940
f 531//941 580//941 520//941
f 580//942 569//942 520//942
f 581//943 582//943 527//943
f 526//944 581//944 527//944
f 582//945 529//945 527//945
f 583//946 577//946 545//946
f 555//947 583//947 545//947
f 546//948 584//948 518//948
f 584//949 556//949 518//949
f 585//950 581//950 526//950
f 528//951 585//951 526//951
f 582//952 586//952 529//952
f 586//953 541//953 529//953
f 587//954 536//954 537//954
f 588//955 587//955 537//955
f 542//956 588//956 537//956
f 548//957 589//957 538//957
f 589//958 590//958 538//958
f 590//959 539//959 538//959
f 591//960 570//960 549//960
f 576//961 591//961 549//961
f 571//962 592//962 522//962
f 592//963 550//963 522//963
f 593//964 588//964 542//964
f 551//965 593//965 542//965
f 590//966 594//966 539//966
f 594//967 543//967 539//967
f 595//968 585//968 528//968
f 540//969 595//969 528//969
f 586//970 596//970 541//970
f 596//971 558//971 541//971
f 597//972 547//972 536//972
f 587//973 597//973 536//973
f 562//974 598//974 548//974
f 598//975 589//975 548//975
f 599//976 566//976 523//976
f 563//977 599//977 523//977
f 567//978 600//978 564//978
f 600//979 601//979 564//979
f 601//980 565//980 564//980
f 602//981 593//981 551//981
f 570//982 602//982 551//982
f 594//983 603//983 543//983
f 603//984 552//984 543//984
f 604//985 583//985 555//985
f 579//986 604//986 555//986
f 556//987 605//987 531//987
f 605//988 580//988 531//988
f 606//989 563//989 534//989
f 572//990 606//990 534//990
f 601//991 607//991 565//991
f 607//992 573//992 565//992
f 608//993 574//993 532//993
f 566//994 608//994 532//994
f 575//995 609//995 567//995
f 609//996 600//996 567//996
f 610//997 561//997 547//997
f 597//998 610//998 547//998
f 573//999 611//999 562//999
f 611//1000 598//1000 562//1000
f 612//1001 595//1001 540//1001
f 557//1002 612//1002 540//1002
f 596//1003 613//1003 558//1003
f 613//1004 575//1004 558//1004
f 614//1005 559//1005 553//1005
f 615//1006 614//1006 553//1006
f 554//1007 615//1007 553//1007
f 616//1008 568//1008 559//1008
f 614//1009 616//1009 559//1009
f 560//1010 617//1010 554//1010
f 617//1011 615//1011 554//1011
f 618//1012 602//1012 570//1012
f 591//1013 618//1013 570//1013
f 603//1014 619//1014 552//1014
f 619//1015 571//1015 552//1015
f 620//1016 576//1016 577//1016
f 621//1017 620//1017 577//1017
f 583//1018 621//1018 577//1018
f 578//1019 622//1019 546//1019
f 622//1020 584//1020 546//1020
f 623//1021 591//1021 576//1021
f 620//1022 623//1022 576//1022
f 592//1023 624//1023 550//1023
f 624//1024 578//1024 550//1024
f 625//1025 579//1025 568//1025
f 616//1026 625//1026 568//1026
f 569//1027 626//1027 560//1027
f 626//1028 617//1028 560//1028
f 627//1029 572//1029 561//1029
f 610//1030 627//1030 561//1030
f 607//1031 628//1031 573//1031
f 628//1032 611//1032 573//1032
f 629//1033 612//1033 557//1033
f 574//1034 629//1034 557//1034
f 613//1035 630//1035 575//1035
f 630//1036 609//1036 575//1036
f 631//1037 621//1037 583//1037
f 604//1038 631//1038 583//1038
f 584//1039 632//1039 556//1039
f 632//1040 605//1040 556//1040
f 633//1041 604//1041 579//1041
f 625//1042 633//1042 579//1042
f 580//1043 634//1043 569//1043
f 634//1044 626//1044 569//1044
f 635//1045 599//1045 563//1045
f 606//1046 635//1046 563//1046
f 600//1047 636//1047 601//1047
f 636//1048 637//1048 601//1048
f 637//1049 607//1049 601//1049
f 638//1050 618//1050 591//1050
f 623//1051 638//1051 591//1051
f 619//1052 639//1052 571//1052
f 639//1053 592//1053 571//1053
f 640//1054 608//1054 566//1054
f 599//1055 640//1055 566//1055
f 609//1056 641//1056 600//1056
f 641//1057 636//1057 600//1057
f 642//1058 643//1058 582//1058
f 581//1059 642//1059 582//1059
f 643//1060 586//1060 582//1060
f 644//1061 642//1061 581//1061
f 585//1062 644//1062 581//1062
f 643//1063 645//1063 586//1063
f 645//1064 596//1064 586//1064
f 646//1065 587//1065 588//1065
f 647//1065 646//1065 588//1065
f 593//1066 647//1066 588//1066
f 598//1067 648//1067 589//1067
f 648//1068 649//1068 589//1068
f 649//1068 590//1068 589//1068
f 650//1069 647//1069 593//1069
f 602//1070 650//1070 593//1070
f 649//1071 651//1071 590//1071
f 651//1072 594//1072 590//1072
f 652//1073 597//1073 587//1073
f 646//1074 652//1074 587//1074
f 611//1075 653//1075 598//1075
f 653//1067 648//1067 598//1067
f 654//1076 606//1076 572//1076
f 627//1077 654//1077 572//1077
f 637//1078 655//1078 607//1078
f 655//1079 628//1079 607//1079
f 656//1080 644//1080 585//1080
f 595//1081 656//1081 585//1081
f 645//1082 657//1082 596//1082
f 657//1083 613//1083 596//1083
f 658//1084 629//1084 574//1084
f 608//1085 658//1085 574//1085
f 630//1086 659//1086 609//1086
f 659//1087 641//1087 609//1087
f 660//1088 650//1088 602//1088
f 618//1089 660//1089 602//1089
f 651//1090 661//1090 594//1090
f 661//1091 603//1091 594//1091
f 662//1092 631//1092 604//1092
f 633//1093 662//1093 604//1093
f 605//1094 663//1094 580//1094
f 663//1095 634//1095 580//1095
f 664//1096 623//1096 620//1096
f 665//1097 664//1097 620//1097
f 621//1098 665//1098 620//1098
f 624//1099 666//1099 578//1099
f 666//1100 622//1100 578//1100
f 667//1101 610//1101 597//1101
f 652//1102 667//1102 597//1102
f 628//1103 668//1103 611//1103
f 668//1104 653//1104 611//1104
f 669//1105 665//1105 621//1105
f 631//1106 669//1106 621//1106
f 622//1107 670//1107 584//1107
f 670//1108 632//1108 584//1108
f 671//1109 656//1109 595//1109
f 612//1110 671//1110 595//1110
f 657//1111 672//1111 613//1111
f 672//1112 630//1112 613//1112
f 673//1113 638//1113 623//1113
f 664//1114 673//1114 623//1114
f 639//1115 674//1115 592//1115
f 674//1116 624//1116 592//1116
f 675//1117 660//1117 618//1117
f 638//1118 675//1118 618//1118
f 661//1119 676//1119 603//1119
f 676//1120 619//1120 603//1120
f 677//1121 616//1121 614//1121
f 678//1122 677//1122 614//1122
f 615//1123 678//1123 614//1123
f 679//1124 625//1124 616//1124
f 677//1125 679//1125 616//1125
f 617//1126 680//1126 615//1126
f 680//1127 678//1127 615//1127
f 681//1128 640//1128 599//1128
f 635//1129 681//1129 599//1129
f 641//1130 682//1130 636//1130
f 682//1131 683//1131 636//1131
f 683//1132 637//1132 636//1132
f 684//1133 627//1133 610//1133
f 667//1134 684//1134 610//1134
f 655//1135 685//1135 628//1135
f 685//1136 668//1136 628//1136
f 686//1137 669//1137 631//1137
f 662//1138 686//1138 631//1138
f 632//1139 687//1139 605//1139
f 687//1140 663//1140 605//1140
f 688//1141 635//1141 606//1141
f 654//1142 688//1142 606//1142
f 683//1143 689//1143 637//1143
f 689//1144 655//1144 637//1144
f 690//1145 633//1145 625//1145
f 679//1146 690//1146 625//1146
f 626//1147 691//1147 617//1147
f 691//1148 680//1148 617//1148
f 692//1149 671//1149 612//1149
f 629//1150 692//1150 612//1150
f 672//1151 693//1151 630//1151
f 693//1152 659//1152 630//1152
f 694//1153 658//1153 608//1153
f 640//1154 694//1154 608//1154
f 659//1155 695//1155 641//1155
f 695//1156 682//1156 641//1156
f 696//1157 675//1157 638//1157
f 673//1158 696//1158 638//1158
f 676//1159 697//1159 619//1159
f 697//1160 639//1160 619//1160
f 698//1161 662//1161 633//1161
f 690//1162 698//1162 633//1162
f 634//1163 699//1163 626//1163
f 699//1164 691//1164 626//1164
f 700//1165 664//1165 665//1165
f 701//1166 700//1166 665//1166
f 669//1167 701//1167 665//1167
f 666//1168 702//1168 622//1168
f 702//1169 670//1169 622//1169
f 703//1170 673//1170 664//1170
f 700//1171 703//1171 664//1171
f 674//1172 704//1172 624//1172
f 704//1173 666//1173 624//1173
f 705//1174 654//1174 627//1174
f 684//1175 705//1175 627//1175
f 689//1176 706//1176 655//1176
f 706//1177 685//1177 655//1177
f 707//1178 646//1178 647//1178
f 650//1179 707//1179 647//1179
f 653//1180 3//1180 648//1180
f 3//1181 649//1181 648//1181
f 708//1182 709//1182 643//1182
f 642//1183 708//1183 643//1183
f 709//1184 645//1184 643//1184
f 660//1185 707//1185 650//1185
f 3//1186 6//1186 649//1186
f 6//1187 651//1187 649//1187
f 710//1188 708//1188 642//1188
f 644//1189 710//1189 642//1189
f 709//1190 711//1190 645//1190
f 711//1191 657//1191 645//1191
f 712//1192 692//1192 629//1192
f 658//1193 712//1193 629//1193
f 693//1194 713//1194 659//1194
f 713//1195 695//1195 659//1195
f 707//1196 714//1196 646//1196
f 714//1197 652//1197 646//1197
f 668//1198 1//1198 653//1198
f 1//1199 3//1199 653//1199
f 715//1200 701//1200 669//1200
f 686//1201 715//1201 669//1201
f 670//1202 716//1202 632//1202
f 716//1203 687//1203 632//1203
f 717//1204 707//1204 660//1204
f 675//1205 717//1205 660//1205
f 6//1206 661//1206 651//1206
f 718//1207 686//1207 662//1207
f 698//1208 718//1208 662//1208
f 663//1209 719//1209 634//1209
f 719//1210 699//1210 634//1210
f 720//1211 710//1211 644//1211
f 656//1212 720//1212 644//1212
f 711//1213 721//1213 657//1213
f 721//1214 672//1214 657//1214
f 722//1215 696//1215 673//1215
f 703//1216 722//1216 673//1216
f 697//1217 723//1217 639//1217
f 723//1218 674//1218 639//1218
f 724//1219 681//1219 635//1219
f 688//1220 724//1220 635//1220
f 682//1221 725//1221 683//1221
f 725//1222 726//1222 683//1222
f 726//1223 689//1223 683//1223
f 714//1224 727//1224 652//1224
f 727//1225 667//1225 652//1225
f 685//1226 728//1226 668//1226
f 728//1227 1//1227 668//1227
f 729//1228 694//1228 640//1228
f 681//1229 729//1229 640//1229
f 695//1230 730//1230 682//1230
f 730//1231 725//1231 682//1231
f 731//1232 717//1232 675//1232
f 696//1233 731//1233 675//1233
f 6//1234 9//1234 661//1234
f 9//1235 676//1235 661//1235
f 732//1236 720//1236 656//1236
f 671//1237 732//1237 656//1237
f 721//1238 733//1238 672//1238
f 733//1239 693//1239 672//1239
f 734//1240 688//1240 654//1240
f 705//1241 734//1241 654//1241
f 726//1242 735//1242 689//1242
f 735//1243 706//1243 689//1243
f 727//1244 684//1244 667//1244
f 706//1245 728//1245 685//1245
f 736//1246 712//1246 658//1246
f 694//1247 736//1247 658//1247
f 713//1248 737//1248 695//1248
f 737//1249 730//1249 695//1249
f 738//1250 715//1250 686//1250
f 718//1251 738//1251 686//1251
f 687//1252 739//1252 663//1252
f 739//1253 719//1253 663//1253
f 740//1254 679//1254 677//1254
f 741//1255 740//1255 677//1255
f 678//1256 741//1256 677//1256
f 742//1257 703//1257 700//1257
f 743//1258 742//1258 700//1258
f 701//1259 743//1259 700//1259
f 704//1260 744//1260 666//1260
f 744//1261 702//1261 666//1261
f 745//1262 690//1262 679//1262
f 740//1263 745//1263 679//1263
f 680//1264 746//1264 678//1264
f 746//1264 741//1264 678//1264
f 747//1265 743//1265 701//1265
f 715//1266 747//1266 701//1266
f 702//1267 748//1267 670//1267
f 748//1268 716//1268 670//1268
f 749//1269 732//1269 671//1269
f 692//1270 749//1270 671//1270
f 733//1271 750//1271 693//1271
f 750//1272 713//1272 693//1272
f 722//1273 731//1273 696//1273
f 9//1274 697//1274 676//1274
f 751//1275 722//1275 703//1275
f 742//1276 751//1276 703//1276
f 723//1277 752//1277 674//1277
f 752//1278 704//1278 674//1278
f 753//1279 698//1279 690//1279
f 745//1262 753//1262 690//1262
f 691//1280 754//1280 680//1280
f 754//1281 746//1281 680//1281
f 727//1282 755//1282 684//1282
f 755//1283 705//1283 684//1283
f 735//1284 728//1284 706//1284
f 756//1285 718//1285 698//1285
f 753//1286 756//1286 698//1286
f 699//1287 757//1287 691//1287
f 757//1288 754//1288 691//1288
f 758//1289 729//1289 681//1289
f 724//1290 758//1290 681//1290
f 730//1291 759//1291 725//1291
f 759//1292 760//1292 725//1292
f 760//1293 726//1293 725//1293
f 761//1294 747//1294 715//1294
f 738//1295 761//1295 715//1295
f 716//1296 762//1296 687//1296
f 762//1297 739//1297 687//1297
f 763//1298 724//1298 688//1298
f 734//1299 763//1299 688//1299
f 760//1300 764//1300 726//1300
f 764//1301 735//1301 726//1301
f 765//2 766//2 707//2
f 1//1302 767//1302 3//1302
f 768//1303 749//1303 692//1303
f 712//1304 768//1304 692//1304
f 750//1305 769//1305 713//1305
f 769//1306 737//1306 713//1306
f 717//2 765//2 707//2
f 770//1307 6//1307 3//1307
f 767//1308 770//1308 3//1308
f 751//1309 731//1309 722//1309
f 9//1310 14//1310 697//1310
f 14//1311 723//1311 697//1311
f 771//1312 736//1312 694//1312
f 729//1313 771//1313 694//1313
f 737//1314 772//1314 730//1314
f 772//1315 759//1315 730//1315
f 766//2 714//2 707//2
f 773//1316 767//1316 1//1316
f 728//1317 773//1317 1//1317
f 774//1318 775//1318 709//1318
f 708//1319 774//1319 709//1319
f 775//1320 711//1320 709//1320
f 731//2 776//2 717//2
f 776//2 765//2 717//2
f 770//1321 777//1321 6//1321
f 778//1322 774//1322 708//1322
f 710//1323 778//1323 708//1323
f 775//1324 779//1324 711//1324
f 779//1325 721//1325 711//1325
f 780//1326 738//1326 718//1326
f 756//1327 780//1327 718//1327
f 719//1328 781//1328 699//1328
f 781//1329 757//1329 699//1329
f 782//2 727//2 714//2
f 766//2 782//2 714//2
f 783//1330 778//1330 710//1330
f 720//1331 783//1331 710//1331
f 779//1332 784//1332 721//1332
f 784//1333 733//1333 721//1333
f 785//1334 742//1334 743//1334
f 786//1335 785//1335 743//1335
f 747//1336 786//1336 743//1336
f 744//1337 787//1337 702//1337
f 787//1338 748//1338 702//1338
f 755//1339 734//1339 705//1339
f 764//1340 11//1340 735//1340
f 11//1341 728//1341 735//1341
f 788//1342 751//1342 742//1342
f 785//1343 788//1343 742//1343
f 752//1344 789//1344 704//1344
f 789//1345 744//1345 704//1345
f 777//1346 9//1346 6//1346
f 790//1347 768//1347 712//1347
f 736//1348 790//1348 712//1348
f 769//1349 791//1349 737//1349
f 791//1350 772//1350 737//1350
f 792//1351 783//1351 720//1351
f 732//1352 792//1352 720//1352
f 784//1353 793//1353 733//1353
f 793//1354 750//1354 733//1354
f 782//2 71//2 727//2
f 18//1355 773//1355 728//1355
f 794//1356 786//1356 747//1356
f 761//1357 794//1357 747//1357
f 748//1358 795//1358 716//1358
f 795//1359 762//1359 716//1359
f 796//1360 761//1360 738//1360
f 780//1361 796//1361 738//1361
f 739//1362 797//1362 719//1362
f 797//1363 781//1363 719//1363
f 798//1364 731//1364 751//1364
f 788//1365 798//1365 751//1365
f 14//1366 799//1366 723//1366
f 799//1367 752//1367 723//1367
f 800//2 776//2 731//2
f 777//1368 8//1368 9//1368
f 801//1369 758//1369 724//1369
f 763//1370 801//1370 724//1370
f 759//1371 802//1371 760//1371
f 802//1372 803//1372 760//1372
f 803//1373 764//1373 760//1373
f 804//1374 771//1374 729//1374
f 758//1375 804//1375 729//1375
f 772//1376 805//1376 759//1376
f 805//1377 802//1377 759//1377
f 806//1378 745//1378 740//1378
f 807//1379 806//1379 740//1379
f 741//1380 807//1380 740//1380
f 808//1381 792//1381 732//1381
f 749//1382 808//1382 732//1382
f 793//1383 809//1383 750//1383
f 809//1384 769//1384 750//1384
f 810//1385 753//1385 745//1385
f 806//1386 810//1386 745//1386
f 746//1387 811//1387 741//1387
f 811//1388 807//1388 741//1388
f 71//2 755//2 727//2
f 11//1389 18//1389 728//1389
f 755//1390 763//1390 734//1390
f 803//1391 17//1391 764//1391
f 17//1392 11//1392 764//1392
f 812//1393 756//1393 753//1393
f 810//1394 812//1394 753//1394
f 754//1395 813//1395 746//1395
f 813//1396 811//1396 746//1396
f 814//1397 794//1397 761//1397
f 796//1398 814//1398 761//1398
f 762//1399 815//1399 739//1399
f 815//1400 797//1400 739//1400
f 816//1401 790//1401 736//1401
f 771//1402 816//1402 736//1402
f 791//1403 817//1403 772//1403
f 817//1404 805//1404 772//1404
f 818//1405 788//1405 785//1405
f 819//1406 818//1406 785//1406
f 786//1407 819//1407 785//1407
f 789//1408 820//1408 744//1408
f 820//1409 787//1409 744//1409
f 798//2 800//2 731//2
f 8//42 14//42 9//42
f 821//1410 780//1410 756//1410
f 812//1411 821//1411 756//1411
f 757//1412 822//1412 754//1412
f 822//1413 813//1413 754//1413
f 823//1414 808//1414 749//1414
f 768//1415 823//1415 749//1415
f 809//1416 824//1416 769//1416
f 824//1417 791//1417 769//1417
f 825//1418 819//1418 786//1418
f 794//1419 825//1419 786//1419
f 787//1420 826//1420 748//1420
f 826//1421 795//1421 748//1421
f 818//1422 798//1422 788//1422
f 799//1423 789//1423 752//1423
f 71//2 827//2 755//2
f 828//1424 18//1424 11//1424
f 17//1425 828//1425 11//1425
f 829//1426 796//1426 780//1426
f 821//1427 829//1427 780//1427
f 781//1428 830//1428 757//1428
f 830//1429 822//1429 757//1429
f 831//1430 832//1430 775//1430
f 774//1431 831//1431 775//1431
f 832//1432 779//1432 775//1432
f 833//1433 831//1433 774//1433
f 778//1434 833//1434 774//1434
f 832//1435 834//1435 779//1435
f 834//1436 784//1436 779//1436
f 835//1437 804//1437 758//1437
f 801//1438 835//1438 758//1438
f 805//1439 836//1439 802//1439
f 836//1440 837//1440 802//1440
f 837//1441 803//1441 802//1441
f 755//1442 838//1442 763//1442
f 838//1443 801//1443 763//1443
f 837//1444 17//1444 803//1444
f 839//1445 825//1445 794//1445
f 814//1446 839//1446 794//1446
f 795//1447 840//1447 762//1447
f 840//1448 815//1448 762//1448
f 841//1449 833//1449 778//1449
f 783//1450 841//1450 778//1450
f 834//1451 842//1451 784//1451
f 842//1452 793//1452 784//1452
f 843//1453 823//1453 768//1453
f 790//1454 843//1454 768//1454
f 824//1455 844//1455 791//1455
f 844//1456 817//1456 791//1456
f 845//2 800//2 798//2
f 8//1457 846//1457 14//1457
f 846//1458 799//1458 14//1458
f 847//1459 816//1459 771//1459
f 804//1460 847//1460 771//1460
f 817//1461 848//1461 805//1461
f 848//1462 836//1462 805//1462
f 849//1463 814//1463 796//1463
f 829//1464 849//1464 796//1464
f 797//1465 850//1465 781//1465
f 850//1466 830//1466 781//1466
f 851//1467 841//1467 783//1467
f 792//1468 851//1468 783//1468
f 842//1469 852//1469 793//1469
f 852//1470 809//1470 793//1470
f 853//1471 818//1471 819//1471
f 854//1472 853//1472 819//1472
f 825//1473 854//1473 819//1473
f 820//1474 855//1474 787//1474
f 855//1475 826//1475 787//1475
f 856//1476 798//1476 818//1476
f 853//1477 856//1477 818//1477
f 799//1478 857//1478 789//1478
f 857//1479 820//1479 789//1479
f 858//1480 851//1480 792//1480
f 808//1481 858//1481 792//1481
f 852//1482 859//1482 809//1482
f 859//1483 824//1483 809//1483
f 860//1484 843//1484 790//1484
f 816//1485 860//1485 790//1485
f 844//1486 861//1486 817//1486
f 861//1487 848//1487 817//1487
f 862//1488 810//1488 806//1488
f 863//1489 862//1489 806//1489
f 807//1490 863//1490 806//1490
f 864//1491 812//1491 810//1491
f 862//1492 864//1492 810//1492
f 811//1493 865//1493 807//1493
f 865//1494 863//1494 807//1494
f 866//1495 839//1495 814//1495
f 849//1496 866//1496 814//1496
f 815//1497 867//1497 797//1497
f 867//1498 850//1498 797//1498
f 868//1499 854//1499 825//1499
f 839//1500 868//1500 825//1500
f 826//1501 869//1501 795//1501
f 869//1502 840//1502 795//1502
f 870//2 845//2 798//2
f 856//2 870//2 798//2
f 871//1503 821//1503 812//1503
f 864//1504 871//1504 812//1504
f 813//1505 872//1505 811//1505
f 872//1506 865//1506 811//1506
f 838//1507 835//1507 801//1507
f 836//1508 873//1508 837//1508
f 873//1509 37//1509 837//1509
f 37//1510 17//1510 837//1510
f 874//1511 858//1511 808//1511
f 823//1512 874//1512 808//1512
f 859//1513 875//1513 824//1513
f 875//1514 844//1514 824//1514
f 876//1515 847//1515 804//1515
f 835//1516 876//1516 804//1516
f 848//1517 877//1517 836//1517
f 877//1518 873//1518 836//1518
f 878//1519 829//1519 821//1519
f 871//1520 878//1520 821//1520
f 822//1521 879//1521 813//1521
f 879//1522 872//1522 813//1522
f 880//2 838//2 755//2
f 827//2 880//2 755//2
f 881//1523 828//1523 17//1523
f 37//1524 881//1524 17//1524
f 882//1525 868//1525 839//1525
f 866//1526 882//1526 839//1526
f 840//1527 883//1527 815//1527
f 883//1528 867//1528 815//1528
f 884//1529 849//1529 829//1529
f 878//1530 884//1530 829//1530
f 830//1531 885//1531 822//1531
f 885//1532 879//1532 822//1532
f 886//1533 860//1533 816//1533
f 847//1534 886//1534 816//1534
f 861//1535 887//1535 848//1535
f 887//1536 877//1536 848//1536
f 888//1537 856//1537 853//1537
f 854//1538 888//1538 853//1538
f 857//1539 855//1539 820//1539
f 889//1540 874//1540 823//1540
f 843//1541 889//1541 823//1541
f 875//1542 890//1542 844//1542
f 890//1543 861//1543 844//1543
f 891//1544 892//1544 832//1544
f 831//1545 891//1545 832//1545
f 892//1546 834//1546 832//1546
f 893//1547 891//1547 831//1547
f 833//1548 893//1548 831//1548
f 892//1549 894//1549 834//1549
f 894//1550 842//1550 834//1550
f 895//42 857//42 799//42
f 846//42 895//42 799//42
f 896//1551 888//1551 854//1551
f 868//1552 896//1552 854//1552
f 855//1553 897//1553 826//1553
f 897//1554 869//1554 826//1554
f 898//1555 893//1555 833//1555
f 841//1556 898//1556 833//1556
f 894//1557 899//1557 842//1557
f 899//1558 852//1558 842//1558
f 900//1559 866//1559 849//1559
f 884//1560 900//1560 849//1560
f 850//1561 901//1561 830//1561
f 901//1562 885//1562 830//1562
f 902//1563 898//1563 841//1563
f 851//1564 902//1564 841//1564
f 899//1565 903//1565 852//1565
f 903//1566 859//1566 852//1566
f 838//1567 876//1567 835//1567
f 877//1568 904//1568 873//1568
f 904//1569 37//1569 873//1569
f 905//1570 896//1570 868//1570
f 882//1571 905//1571 868//1571
f 869//1572 906//1572 840//1572
f 906//1573 883//1573 840//1573
f 907//1574 889//1574 843//1574
f 860//1575 907//1575 843//1575
f 890//1576 908//1576 861//1576
f 908//1577 887//1577 861//1577
f 909//1578 886//1578 847//1578
f 876//1579 909//1579 847//1579
f 887//1580 910//1580 877//1580
f 910//1581 904//1581 877//1581
f 911//1582 902//1582 851//1582
f 858//1583 911//1583 851//1583
f 903//1584 912//1584 859//1584
f 912//1585 875//1585 859//1585
f 913//1586 882//1586 866//1586
f 900//1587 913//1587 866//1587
f 867//1588 914//1588 850//1588
f 914//1589 901//1589 850//1589
f 776//1590 915//1590 765//1590
f 915//1591 766//1591 765//1591
f 915//1592 67//1592 766//1592
f 67//1593 782//1593 766//1593
f 767//1594 916//1594 770//1594
f 916//1595 777//1595 770//1595
f 773//1596 917//1596 767//1596
f 917//1597 916//1597 767//1597
f 918//1598 864//1598 862//1598
f 919//1599 918//1599 862//1599
f 863//1600 919//1600 862//1600
f 920//1601 871//1601 864//1601
f 918//1602 920//1602 864//1602
f 865//1603 921//1603 863//1603
f 921//1604 919//1604 863//1604
f 888//1605 922//1605 856//1605
f 923//2 870//2 856//2
f 922//2 923//2 856//2
f 895//42 924//42 857//42
f 925//1606 922//1606 888//1606
f 896//1607 925//1607 888//1607
f 857//1608 50//1608 855//1608
f 50//1609 897//1609 855//1609
f 926//1610 878//1610 871//1610
f 920//1611 926//1611 871//1611
f 872//1612 927//1612 865//1612
f 927//1613 921//1613 865//1613
f 928//1614 911//1614 858//1614
f 874//1615 928//1615 858//1615
f 912//1616 929//1616 875//1616
f 929//1617 890//1617 875//1617
f 800//1618 69//1618 776//1618
f 69//1619 915//1619 776//1619
f 67//1620 930//1620 782//1620
f 930//1621 71//1621 782//1621
f 916//1622 931//1622 777//1622
f 931//1623 8//1623 777//1623
f 18//1624 932//1624 773//1624
f 932//1625 917//1625 773//1625
f 933//1626 907//1626 860//1626
f 886//1627 933//1627 860//1627
f 908//1628 934//1628 887//1628
f 934//1629 910//1629 887//1629
f 935//1630 884//1630 878//1630
f 926//1631 935//1631 878//1631
f 879//1632 936//1632 872//1632
f 936//1633 927//1633 872//1633
f 937//1634 905//1634 882//1634
f 913//1635 937//1635 882//1635
f 883//1636 938//1636 867//1636
f 938//1637 914//1637 867//1637
f 939//1638 925//1638 896//1638
f 905//1639 939//1639 896//1639
f 897//1640 940//1640 869//1640
f 940//1641 906//1641 869//1641
f 880//2 941//2 838//2
f 904//1642 53//1642 37//1642
f 942//1643 881//1643 37//1643
f 53//1644 942//1644 37//1644
f 943//1645 928//1645 874//1645
f 889//1646 943//1646 874//1646
f 929//1647 944//1647 890//1647
f 944//1648 908//1648 890//1648
f 945//1649 900//1649 884//1649
f 935//1650 945//1650 884//1650
f 885//1651 946//1651 879//1651
f 946//1652 936//1652 879//1652
f 838//1653 947//1653 876//1653
f 947//1654 909//1654 876//1654
f 910//1655 948//1655 904//1655
f 948//1656 53//1656 904//1656
f 845//1657 949//1657 800//1657
f 949//1658 70//1658 800//1658
f 70//1659 69//1659 800//1659
f 930//1660 950//1660 71//1660
f 950//1661 827//1661 71//1661
f 931//1662 951//1662 8//1662
f 951//1663 846//1663 8//1663
f 828//1664 952//1664 18//1664
f 952//1665 932//1665 18//1665
f 953//1666 954//1666 892//1666
f 891//1667 953//1667 892//1667
f 954//1668 894//1668 892//1668
f 955//1669 953//1669 891//1669
f 893//1670 955//1670 891//1670
f 954//1671 956//1671 894//1671
f 956//1672 899//1672 894//1672
f 957//1673 913//1673 900//1673
f 945//1674 957//1674 900//1674
f 901//1675 958//1675 885//1675
f 958//1676 946//1676 885//1676
f 959//1677 939//1677 905//1677
f 937//1678 959//1678 905//1678
f 906//1679 960//1679 883//1679
f 960//1680 938//1680 883//1680
f 961//1681 933//1681 886//1681
f 909//1682 961//1682 886//1682
f 934//1683 962//1683 910//1683
f 962//1684 948//1684 910//1684
f 963//1685 955//1685 893//1685
f 898//1686 963//1686 893//1686
f 956//1687 964//1687 899//1687
f 964//1688 903//1688 899//1688
f 924//42 50//42 857//42
f 965//1689 943//1689 889//1689
f 907//1690 965//1690 889//1690
f 944//1691 966//1691 908//1691
f 966//1692 934//1692 908//1692
f 967//1693 963//1693 898//1693
f 902//1694 967//1694 898//1694
f 964//1695 968//1695 903//1695
f 968//1696 912//1696 903//1696
f 969//1697 922//1697 925//1697
f 939//1698 969//1698 925//1698
f 50//1699 940//1699 897//1699
f 916//1700 67//1700 915//1700
f 916//1701 917//1701 67//1701
f 970//1702 937//1702 913//1702
f 957//1703 970//1703 913//1703
f 914//1704 971//1704 901//1704
f 971//1705 958//1705 901//1705
f 972//1706 967//1706 902//1706
f 911//1707 972//1707 902//1707
f 968//1708 973//1708 912//1708
f 973//1709 929//1709 912//1709
f 931//1710 916//1710 915//1710
f 69//1711 931//1711 915//1711
f 932//1712 67//1712 917//1712
f 941//2 947//2 838//2
f 88//1713 942//1713 53//1713
f 932//1714 930//1714 67//1714
f 870//1715 974//1715 845//1715
f 974//1716 949//1716 845//1716
f 950//1717 880//1717 827//1717
f 951//1718 975//1718 846//1718
f 975//1719 895//1719 846//1719
f 881//1720 952//1720 828//1720
f 976//1721 969//1721 939//1721
f 959//1722 976//1722 939//1722
f 940//1723 977//1723 906//1723
f 977//1724 960//1724 906//1724
f 978//1725 965//1725 907//1725
f 933//1726 978//1726 907//1726
f 966//1727 979//1727 934//1727
f 979//1728 962//1728 934//1728
f 980//1729 920//1729 918//1729
f 981//1730 980//1730 918//1730
f 919//1731 981//1731 918//1731
f 982//1732 972//1732 911//1732
f 928//1733 982//1733 911//1733
f 973//1734 983//1734 929//1734
f 983//1735 944//1735 929//1735
f 947//1736 961//1736 909//1736
f 962//1737 984//1737 948//1737
f 984//1738 53//1738 948//1738
f 985//1739 926//1739 920//1739
f 980//1740 985//1740 920//1740
f 921//1741 986//1741 919//1741
f 986//1742 981//1742 919//1742
f 987//1743 959//1743 937//1743
f 970//1744 987//1744 937//1744
f 938//1745 988//1745 914//1745
f 988//1745 971//1745 914//1745
f 989//1746 935//1746 926//1746
f 985//1747 989//1747 926//1747
f 927//1748 990//1748 921//1748
f 990//1749 986//1749 921//1749
f 70//1750 931//1750 69//1750
f 991//1751 945//1751 935//1751
f 989//1752 991//1752 935//1752
f 936//1753 992//1753 927//1753
f 992//1754 990//1754 927//1754
f 969//1755 993//1755 922//1755
f 994//2 923//2 922//2
f 993//2 994//2 922//2
f 924//1756 49//1756 50//1756
f 951//1757 931//1757 70//1757
f 949//1758 951//1758 70//1758
f 932//1759 950//1759 930//1759
f 952//1759 950//1759 932//1759
f 995//1760 982//1760 928//1760
f 943//1761 995//1761 928//1761
f 983//1762 996//1762 944//1762
f 996//1763 966//1763 944//1763
f 997//1764 957//1764 945//1764
f 991//1765 997//1765 945//1765
f 946//1766 998//1766 936//1766
f 998//1767 992//1767 936//1767
f 999//1768 978//1768 933//1768
f 961//1769 999//1769 933//1769
f 979//1770 1000//1770 962//1770
f 1000//1771 984//1771 962//1771
f 1001//1772 976//1772 959//1772
f 987//1743 1001//1743 959//1743
f 960//1773 1002//1773 938//1773
f 1002//1774 988//1774 938//1774
f 1003//1775 993//1775 969//1775
f 976//1776 1003//1776 969//1776
f 50//1777 84//1777 940//1777
f 84//1778 977//1778 940//1778
f 1004//1779 970//1779 957//1779
f 997//1780 1004//1780 957//1780
f 958//1781 1005//1781 946//1781
f 1005//1782 998//1782 946//1782
f 1006//1783 995//1783 943//1783
f 965//1784 1006//1784 943//1784
f 996//1785 1007//1785 966//1785
f 1007//1786 979//1786 966//1786
f 941//2 1008//2 947//2
f 984//1787 87//1787 53//1787
f 1009//1788 1010//1788 954//1788
f 953//1789 1009//1789 954//1789
f 1010//1790 956//1790 954//1790
f 1011//1791 1009//1791 953//1791
f 955//1792 1011//1792 953//1792
f 1010//1793 1012//1793 956//1793
f 1012//1794 964//1794 956//1794
f 923//1795 974//1795 870//1795
f 950//1796 1013//1796 880//1796
f 1013//1797 1014//1797 880//1797
f 1014//1798 941//1798 880//1798
f 975//1799 1015//1799 895//1799
f 1015//1800 924//1800 895//1800
f 942//1801 1016//1801 881//1801
f 1016//1802 952//1802 881//1802
f 1017//1803 1011//1803 955//1803
f 963//1804 1017//1804 955//1804
f 1012//1805 1018//1805 964//1805
f 1018//1806 968//1806 964//1806
f 975//1807 951//1807 949//1807
f 974//1807 975//1807 949//1807
f 1019//1808 1017//1808 963//1808
f 967//1809 1019//1809 963//1809
f 1018//1810 1020//1810 968//1810
f 1020//1811 973//1811 968//1811
f 1021//1812 987//1812 970//1812
f 1004//1813 1021//1813 970//1813
f 971//1814 1022//1814 958//1814
f 1022//1815 1005//1815 958//1815
f 1023//1816 1003//1816 976//1816
f 1001//1817 1023//1817 976//1817
f 977//1818 1024//1818 960//1818
f 1024//1819 1002//1819 960//1819
f 947//1820 999//1820 961//1820
f 1000//1821 1025//1821 984//1821
f 1025//1822 87//1822 984//1822
f 1026//1823 1006//1823 965//1823
f 978//1824 1026//1824 965//1824
f 1007//1825 1027//1825 979//1825
f 1027//1826 1000//1826 979//1826
f 1028//1827 1019//1827 967//1827
f 972//1828 1028//1828 967//1828
f 1020//1829 1029//1829 973//1829
f 1029//1830 983//1830 973//1830
f 49//1831 84//1831 50//1831
f 1030//1832 1001//1832 987//1832
f 1021//1833 1030//1833 987//1833
f 988//1834 1031//1834 971//1834
f 1031//1835 1022//1835 971//1835
f 1032//1836 1028//1836 972//1836
f 982//1837 1032//1837 972//1837
f 1029//1838 1033//1838 983//1838
f 1033//1839 996//1839 983//1839
f 1034//1840 985//1840 980//1840
f 1035//1841 1034//1841 980//1841
f 981//1842 1035//1842 980//1842
f 952//1843 1013//1843 950//1843
f 1016//1843 1013//1843 952//1843
f 1036//1844 989//1844 985//1844
f 1034//1845 1036//1845 985//1845
f 986//1846 1037//1846 981//1846
f 1037//1847 1035//1847 981//1847
f 1038//1848 993//1848 1003//1848
f 1023//1849 1038//1849 1003//1849
f 84//1850 1024//1850 977//1850
f 1039//1851 1026//1851 978//1851
f 999//1852 1039//1852 978//1852
f 1027//1853 1040//1853 1000//1853
f 1040//1854 1025//1854 1000//1854
f 1041//1855 991//1855 989//1855
f 1036//1856 1041//1856 989//1856
f 990//1857 1042//1857 986//1857
f 1042//1858 1037//1858 986//1858
f 1043//1859 1032//1859 982//1859
f 995//1860 1043//1860 982//1860
f 1033//1861 1044//1861 996//1861
f 1044//1862 1007//1862 996//1862
f 1008//2 128//2 947//2
f 1045//1863 88//1863 87//1863
f 1046//1864 997//1864 991//1864
f 1041//1865 1046//1865 991//1865
f 992//1866 1047//1866 990//1866
f 1047//1867 1042//1867 990//1867
f 1048//1868 1023//1868 1001//1868
f 1030//1869 1048//1869 1001//1869
f 1002//1870 1049//1870 988//1870
f 1049//1871 1031//1871 988//1871
f 1015//1872 975//1872 974//1872
f 1016//1873 1014//1873 1013//1873
f 1050//1874 1004//1874 997//1874
f 1046//1875 1050//1875 997//1875
f 998//1876 1051//1876 992//1876
f 1051//1877 1047//1877 992//1877
f 994//1878 111//1878 923//1878
f 111//1879 1052//1879 923//1879
f 1052//1880 974//1880 923//1880
f 1014//1881 112//1881 941//1881
f 112//1882 1008//1882 941//1882
f 1015//1883 1053//1883 924//1883
f 1053//1884 49//1884 924//1884
f 88//1885 1054//1885 942//1885
f 1054//1886 1055//1886 942//1886
f 1055//1887 1016//1887 942//1887
f 1056//1888 1043//1888 995//1888
f 1006//1889 1056//1889 995//1889
f 1044//1890 1057//1890 1007//1890
f 1057//1891 1027//1891 1007//1891
f 1058//1892 1021//1892 1004//1892
f 1050//1893 1058//1893 1004//1893
f 1005//1894 1059//1894 998//1894
f 1059//1895 1051//1895 998//1895
f 947//1896 1060//1896 999//1896
f 1060//1897 1039//1897 999//1897
f 1040//1898 1061//1898 1025//1898
f 1061//1899 87//1899 1025//1899
f 1062//2 994//2 993//2
f 49//1900 1063//1900 84//1900
f 1064//1901 1038//1901 1023//1901
f 1048//1902 1064//1902 1023//1902
f 1024//1903 1065//1903 1002//1903
f 1065//1904 1049//1904 1002//1904
f 1066//1905 1067//1905 1010//1905
f 1009//1906 1066//1906 1010//1906
f 1067//1907 1012//1907 1010//1907
f 1068//1908 1066//1908 1009//1908
f 1011//1909 1068//1909 1009//1909
f 1067//1910 1069//1910 1012//1910
f 1069//1911 1018//1911 1012//1911
f 1070//1912 1030//1912 1021//1912
f 1058//1913 1070//1913 1021//1913
f 1022//1914 1071//1914 1005//1914
f 1071//1915 1059//1915 1005//1915
f 1072//1916 1068//1916 1011//1916
f 1017//1917 1072//1917 1011//1917
f 1069//1918 1073//1918 1018//1918
f 1073//1919 1020//1919 1018//1919
f 1074//1920 1056//1920 1006//1920
f 1026//1921 1074//1921 1006//1921
f 1057//1922 1075//1922 1027//1922
f 1075//1923 1040//1923 1027//1923
f 1076//1924 1072//1924 1017//1924
f 1019//1925 1076//1925 1017//1925
f 1073//1926 1077//1926 1020//1926
f 1077//1927 1029//1927 1020//1927
f 1052//1872 1015//1872 974//1872
f 1055//1873 1014//1873 1016//1873
f 1078//1928 1076//1928 1019//1928
f 1028//1929 1078//1929 1019//1929
f 1077//1930 1079//1930 1029//1930
f 1079//1931 1033//1931 1029//1931
f 1080//1932 1048//1932 1030//1932
f 1070//1933 1080//1933 1030//1933
f 1031//1934 1081//1934 1022//1934
f 1081//1935 1071//1935 1022//1935
f 1082//1936 993//1936 1038//1936
f 1064//1937 1082//1937 1038//1937
f 84//1938 116//1938 1024//1938
f 116//1939 1065//1939 1024//1939
f 128//2 1060//2 947//2
f 1083//1940 1074//1940 1026//1940
f 1039//1941 1083//1941 1026//1941
f 1075//1942 1084//1942 1040//1942
f 1084//1943 1061//1943 1040//1943
f 1053//1944 1015//1944 1052//1944
f 111//1944 1053//1944 1052//1944
f 1055//1945 112//1945 1014//1945
f 1054//1946 112//1946 1055//1946
f 1085//1947 1078//1947 1028//1947
f 1032//1948 1085//1948 1028//1948
f 1079//1949 1086//1949 1033//1949
f 1086//1950 1044//1950 1033//1950
f 1087//1951 1064//1951 1048//1951
f 1080//1952 1087//1952 1048//1952
f 1049//1953 1088//1953 1031//1953
f 1088//1954 1081//1954 1031//1954
f 1089//1955 1036//1955 1034//1955
f 1090//1956 1089//1956 1034//1956
f 1035//1957 1090//1957 1034//1957
f 1091//1958 1085//1958 1032//1958
f 1043//1959 1091//1959 1032//1959
f 1086//1960 1092//1960 1044//1960
f 1092//1961 1057//1961 1044//1961
f 1093//1962 1041//1962 1036//1962
f 1089//1963 1093//1963 1036//1963
f 1037//1964 1094//1964 1035//1964
f 1094//1965 1090//1965 1035//1965
f 1095//1966 1046//1966 1041//1966
f 1093//1967 1095//1967 1041//1967
f 1042//1968 1096//1968 1037//1968
f 1096//1969 1094//1969 1037//1969
f 1082//1970 1097//1970 993//1970
f 1097//2 1062//2 993//2
f 1063//1971 116//1971 84//1971
f 1062//1972 127//1972 994//1972
f 127//1973 111//1973 994//1973
f 112//1974 1098//1974 1008//1974
f 1098//1975 128//1975 1008//1975
f 1053//1976 1099//1976 49//1976
f 1099//1977 1063//1977 49//1977
f 1045//1978 1100//1978 88//1978
f 1100//1979 1054//1979 88//1979
f 1060//1980 1083//1980 1039//1980
f 1084//1981 1101//1981 1061//1981
f 1101//1982 87//1982 1061//1982
f 1102//1983 1050//1983 1046//1983
f 1095//1984 1102//1984 1046//1984
f 1047//1985 1103//1985 1042//1985
f 1103//1986 1096//1986 1042//1986
f 1104//1987 1091//1987 1043//1987
f 1056//1988 1104//1988 1043//1988
f 1092//1989 1105//1989 1057//1989
f 1105//1990 1075//1990 1057//1990
f 1106//1991 1058//1991 1050//1991
f 1102//1992 1106//1992 1050//1992
f 1051//1993 1107//1993 1047//1993
f 1107//1994 1103//1994 1047//1994
f 1108//1995 1082//1995 1064//1995
f 1087//1996 1108//1996 1064//1996
f 1065//1997 1109//1997 1049//1997
f 1109//1998 1088//1998 1049//1998
f 1110//1999 1070//1999 1058//1999
f 1106//2000 1110//2000 1058//2000
f 1059//2001 1111//2001 1051//2001
f 1111//2002 1107//2002 1051//2002
f 1112//2003 1104//2003 1056//2003
f 1074//2004 1112//2004 1056//2004
f 1105//2005 1113//2005 1075//2005
f 1113//2006 1084//2006 1075//2006
f 128//2 1114//2 1060//2
f 1101//2007 119//2007 87//2007
f 1115//42 1045//42 87//42
f 119//42 1115//42 87//42
f 1116//2008 1080//2008 1070//2008
f 1110//2009 1116//2009 1070//2009
f 1071//2010 1117//2010 1059//2010
f 1117//2011 1111//2011 1059//2011
f 1118//2012 1097//2012 1082//2012
f 1108//2013 1118//2013 1082//2013
f 116//2014 1109//2014 1065//2014
f 1119//2015 1120//2015 1067//2015
f 1066//2016 1119//2016 1067//2016
f 1120//2017 1069//2017 1067//2017
f 1121//2018 1119//2018 1066//2018
f 1068//2019 1121//2019 1066//2019
f 1120//2020 1122//2020 1069//2020
f 1122//2021 1073//2021 1069//2021
f 1123//2022 1121//2022 1068//2022
f 1072//2023 1123//2023 1068//2023
f 1122//2024 1124//2024 1073//2024
f 1124//2025 1077//2025 1073//2025
f 1099//2026 1053//2026 111//2026
f 127//2026 1099//2026 111//2026
f 1054//2027 1098//2027 112//2027
f 1100//2028 1098//2028 1054//2028
f 1125//2029 1112//2029 1074//2029
f 1083//2030 1125//2030 1074//2030
f 1113//2031 1126//2031 1084//2031
f 1126//2032 1101//2032 1084//2032
f 1127//2033 1123//2033 1072//2033
f 1076//2034 1127//2034 1072//2034
f 1124//2035 1128//2035 1077//2035
f 1128//2036 1079//2036 1077//2036
f 1129//2037 1087//2037 1080//2037
f 1116//2038 1129//2038 1080//2038
f 1081//2039 1130//2039 1071//2039
f 1130//2040 1117//2040 1071//2040
f 1131//2041 1127//2041 1076//2041
f 1078//2042 1131//2042 1076//2042
f 1128//2043 1132//2043 1079//2043
f 1132//2044 1086//2044 1079//2044
f 1118//2045 1133//2045 1097//2045
f 1134//2 1062//2 1097//2
f 1133//2 1134//2 1097//2
f 1063//42 1135//42 116//42
f 1136//2046 1131//2046 1078//2046
f 1085//2047 1136//2047 1078//2047
f 1132//2048 1137//2048 1086//2048
f 1137//2049 1092//2049 1086//2049
f 1138//2050 1108//2050 1087//2050
f 1129//2051 1138//2051 1087//2051
f 1088//2052 1139//2052 1081//2052
f 1139//2053 1130//2053 1081//2053
f 1060//2054 1125//2054 1083//2054
f 1126//2055 1140//2055 1101//2055
f 1140//2056 119//2056 1101//2056
f 1141//2057 1136//2057 1085//2057
f 1091//2058 1141//2058 1085//2058
f 1137//2059 1142//2059 1092//2059
f 1142//2060 1105//2060 1092//2060
f 1143//2061 1118//2061 1108//2061
f 1138//2062 1143//2062 1108//2062
f 1109//2063 1144//2063 1088//2063
f 1144//2064 1139//2064 1088//2064
f 1145//2065 1093//2065 1089//2065
f 1146//2066 1145//2066 1089//2066
f 1090//2067 1146//2067 1089//2067
f 1134//2068 1147//2068 1062//2068
f 1147//2069 127//2069 1062//2069
f 1098//2070 1148//2070 128//2070
f 1148//2071 1114//2071 128//2071
f 1099//2072 1149//2072 1063//2072
f 1149//2073 1135//2073 1063//2073
f 1115//2074 1150//2074 1045//2074
f 1150//2075 1100//2075 1045//2075
f 1151//2076 1095//2076 1093//2076
f 1145//2077 1151//2077 1093//2077
f 1094//2078 1152//2078 1090//2078
f 1152//2079 1146//2079 1090//2079
f 1153//2080 1102//2080 1095//2080
f 1151//2081 1153//2081 1095//2081
f 1096//2082 1154//2082 1094//2082
f 1154//2083 1152//2083 1094//2083
f 1155//2084 1141//2084 1091//2084
f 1104//2085 1155//2085 1091//2085
f 1142//2086 1156//2086 1105//2086
f 1156//2087 1113//2087 1105//2087
f 1157//2088 1106//2088 1102//2088
f 1153//2089 1157//2089 1102//2089
f 1103//2090 1158//2090 1096//2090
f 1158//2091 1154//2091 1096//2091
f 1159//2092 1110//2092 1106//2092
f 1157//2088 1159//2088 1106//2088
f 1107//2093 1160//2093 1103//2093
f 1160//2094 1158//2094 1103//2094
f 1161//2095 1155//2095 1104//2095
f 1112//2096 1161//2096 1104//2096
f 1156//2097 1162//2097 1113//2097
f 1162//2098 1126//2098 1113//2098
f 1163//2099 1133//2099 1118//2099
f 1143//2100 1163//2100 1118//2100
f 116//2101 138//2101 1109//2101
f 138//2102 1144//2102 1109//2102
f 1164//2103 1116//2103 1110//2103
f 1159//2104 1164//2104 1110//2104
f 1111//2105 1165//2105 1107//2105
f 1165//2106 1160//2106 1107//2106
f 1166//2107 1129//2107 1116//2107
f 1164//2108 1166//2108 1116//2108
f 1117//2109 1167//2109 1111//2109
f 1167//2110 1165//2110 1111//2110
f 1149//2111 1099//2111 127//2111
f 1147//2111 1149//2111 127//2111
f 1100//2112 1148//2112 1098//2112
f 1150//2113 1148//2113 1100//2113
f 1168//2114 1161//2114 1112//2114
f 1125//2115 1168//2115 1112//2115
f 1162//2116 1169//2116 1126//2116
f 1169//2117 1140//2117 1126//2117
f 1170//2 1134//2 1133//2
f 1135//2118 138//2118 116//2118
f 1171//2119 1138//2119 1129//2119
f 1166//2120 1171//2120 1129//2120
f 1130//2121 1172//2121 1117//2121
f 1172//2122 1167//2122 1117//2122
f 1173//2123 1174//2123 1120//2123
f 1119//2124 1173//2124 1120//2124
f 1174//2125 1122//2125 1120//2125
f 1175//2126 1173//2126 1119//2126
f 1121//2127 1175//2127 1119//2127
f 1174//2128 1176//2128 1122//2128
f 1176//2129 1124//2129 1122//2129
f 1177//2130 1175//2130 1121//2130
f 1123//2131 1177//2131 1121//2131
f 1176//2132 1178//2132 1124//2132
f 1178//2133 1128//2133 1124//2133
f 1179//2134 1177//2134 1123//2134
f 1127//2135 1179//2135 1123//2135
f 1178//2136 1180//2136 1128//2136
f 1180//2137 1132//2137 1128//2137
f 1060//2138 1181//2138 1125//2138
f 1181//2138 1168//2138 1125//2138
f 1169//2139 1182//2139 1140//2139
f 1182//2140 119//2140 1140//2140
f 1183//2141 1143//2141 1138//2141
f 1171//2142 1183//2142 1138//2142
f 1139//2143 1184//2143 1130//2143
f 1184//2144 1172//2144 1130//2144
f 1185//2145 1179//2145 1127//2145
f 1131//2146 1185//2146 1127//2146
f 1180//2147 1186//2147 1132//2147
f 1186//2148 1137//2148 1132//2148
f 1187//2149 1185//2149 1131//2149
f 1136//2150 1187//2150 1131//2150
f 1186//2151 1188//2151 1137//2151
f 1188//2152 1142//2152 1137//2152
f 1189//2153 1163//2153 1143//2153
f 1183//2154 1189//2154 1143//2154
f 1144//2155 1190//2155 1139//2155
f 1190//2156 1184//2156 1139//2156
f 1114//2 1191//2 1060//2
f 1191//2 1181//2 1060//2
f 1182//2157 141//2157 119//2157
f 1192//42 1115//42 119//42
f 141//2158 1192//2158 119//2158
f 1193//2159 1187//2159 1136//2159
f 1141//2160 1193//2160 1136//2160
f 1188//2161 1194//2161 1142//2161
f 1194//2162 1156//2162 1142//2162
f 1195//2163 1193//2163 1141//2163
f 1155//2164 1195//2164 1141//2164
f 1194//2165 1196//2165 1156//2165
f 1196//2166 1162//2166 1156//2166
f 1170//2167 1197//2167 1134//2167
f 1197//2168 1147//2168 1134//2168
f 1148//2169 1198//2169 1114//2169
f 1198//2170 1191//2170 1114//2170
f 1149//2171 1199//2171 1135//2171
f 1199//2172 1200//2172 1135//2172
f 1200//2173 138//2173 1135//2173
f 1192//2174 1201//2174 1115//2174
f 1201//2175 1150//2175 1115//2175
f 1202//2176 1133//2176 1163//2176
f 1189//2177 1202//2177 1163//2177
f 138//2178 1190//2178 1144//2178
f 1203//2179 1151//2179 1145//2179
f 1204//2180 1203//2180 1145//2180
f 1146//2181 1204//2181 1145//2181
f 1205//2182 1153//2182 1151//2182
f 1203//2183 1205//2183 1151//2183
f 1152//2184 1206//2184 1146//2184
f 1206//2185 1204//2185 1146//2185
f 1207//2186 1157//2186 1153//2186
f 1205//2187 1207//2187 1153//2187
f 1154//2188 1208//2188 1152//2188
f 1208//2189 1206//2189 1152//2189
f 1209//2190 1195//2190 1155//2190
f 1161//2191 1209//2191 1155//2191
f 1196//2166 1210//2166 1162//2166
f 1210//2192 1169//2192 1162//2192
f 1211//2193 1159//2193 1157//2193
f 1207//2194 1211//2194 1157//2194
f 1158//2195 1212//2195 1154//2195
f 1212//2196 1208//2196 1154//2196
f 1213//2197 1164//2197 1159//2197
f 1211//2198 1213//2198 1159//2198
f 1160//2199 1214//2199 1158//2199
f 1214//2200 1212//2200 1158//2200
f 1202//2201 1215//2201 1133//2201
f 1215//2 1170//2 1133//2
f 1216//2202 1209//2202 1161//2202
f 1168//2203 1216//2203 1161//2203
f 1210//2204 1217//2204 1169//2204
f 1217//2205 1182//2205 1169//2205
f 1218//2206 1166//2206 1164//2206
f 1213//2207 1218//2207 1164//2207
f 1165//2208 1219//2208 1160//2208
f 1219//2209 1214//2209 1160//2209
f 1199//2210 1149//2210 1147//2210
f 1197//2210 1199//2210 1147//2210
f 1150//2211 1198//2211 1148//2211
f 1201//2211 1198//2211 1150//2211
f 1220//2212 1171//2212 1166//2212
f 1218//2213 1220//2213 1166//2213
f 1167//2214 1221//2214 1165//2214
f 1221//2215 1219//2215 1165//2215
f 1181//2216 1216//2216 1168//2216
f 1217//2217 1222//2217 1182//2217
f 1222//2218 141//2218 1182//2218
f 1223//2219 1183//2219 1171//2219
f 1220//2220 1223//2220 1171//2220
f 1172//2221 1224//2221 1167//2221
f 1224//2222 1221//2222 1167//2222
f 1225//2223 1189//2223 1183//2223
f 1223//2224 1225//2224 1183//2224
f 1184//2225 1226//2225 1172//2225
f 1226//2226 1224//2226 1172//2226
f 1227//2227 1228//2227 1174//2227
f 1173//2228 1227//2228 1174//2228
f 1228//2229 1176//2229 1174//2229
f 1229//2230 1227//2230 1173//2230
f 1175//2231 1229//2231 1173//2231
f 1228//2232 1230//2232 1176//2232
f 1230//2233 1178//2233 1176//2233
f 1231//2234 1229//2234 1175//2234
f 1177//2235 1231//2235 1175//2235
f 1230//2236 1232//2236 1178//2236
f 1232//2237 1180//2237 1178//2237
f 1233//2238 1231//2238 1177//2238
f 1179//2239 1233//2239 1177//2239
f 1232//2240 1234//2240 1180//2240
f 1234//2241 1186//2241 1180//2241
f 1235//2242 1202//2242 1189//2242
f 1225//2243 1235//2243 1189//2243
f 1190//2244 1236//2244 1184//2244
f 1236//2245 1226//2245 1184//2245
f 1237//2246 1233//2246 1179//2246
f 1185//2247 1237//2247 1179//2247
f 1234//2248 1238//2248 1186//2248
f 1238//2249 1188//2249 1186//2249
f 1239//2250 1237//2250 1185//2250
f 1187//2251 1239//2251 1185//2251
f 1238//2252 1240//2252 1188//2252
f 1240//2253 1194//2253 1188//2253
f 1241//2254 1215//2254 1202//2254
f 1235//2255 1241//2255 1202//2255
f 138//2256 174//2256 1190//2256
f 174//2257 1236//2257 1190//2257
f 1242//2258 1239//2258 1187//2258
f 1193//2259 1242//2259 1187//2259
f 1240//2260 1243//2260 1194//2260
f 1243//2261 1196//2261 1194//2261
f 1244//2262 1242//2262 1193//2262
f 1195//2263 1244//2263 1193//2263
f 1243//2264 1245//2264 1196//2264
f 1245//2265 1210//2265 1196//2265
f 1246//2 1170//2 1215//2
f 1200//2266 1247//2266 138//2266
f 1247//2267 174//2267 138//2267
f 1248//2268 1244//2268 1195//2268
f 1209//2269 1248//2269 1195//2269
f 1245//2270 1249//2270 1210//2270
f 1249//2271 1217//2271 1210//2271
f 1246//2272 1250//2272 1170//2272
f 1250//2273 1197//2273 1170//2273
f 159//2274 1251//2274 1191//2274
f 1198//2275 159//2275 1191//2275
f 1251//2 1181//2 1191//2
f 1252//2276 1247//2276 1200//2276
f 1199//2277 1252//2277 1200//2277
f 1253//2278 1254//2278 1192//2278
f 1254//2279 1201//2279 1192//2279
f 141//2280 1253//2280 1192//2280
f 1255//2281 1248//2281 1209//2281
f 1216//2282 1255//2282 1209//2282
f 1249//2283 1256//2283 1217//2283
f 1256//2284 1222//2284 1217//2284
f 1257//2285 1205//2285 1203//2285
f 1258//2286 1257//2286 1203//2286
f 1204//2287 1258//2287 1203//2287
f 1259//2288 1207//2288 1205//2288
f 1257//2289 1259//2289 1205//2289
f 1206//2290 1260//2290 1204//2290
f 1260//2291 1258//2291 1204//2291
f 1261//2292 1211//2292 1207//2292
f 1259//2293 1261//2293 1207//2293
f 1208//2294 1262//2294 1206//2294
f 1262//2295 1260//2295 1206//2295
f 1263//2296 1213//2296 1211//2296
f 1261//2297 1263//2297 1211//2297
f 1212//2298 1264//2298 1208//2298
f 1264//2299 1262//2299 1208//2299
f 1265//2300 1218//2300 1213//2300
f 1263//2301 1265//2301 1213//2301
f 1214//2302 1266//2302 1212//2302
f 1266//2303 1264//2303 1212//2303
f 1181//2304 1267//2304 1216//2304
f 1267//2305 1255//2305 1216//2305
f 1256//2306 1268//2306 1222//2306
f 1268//2307 141//2307 1222//2307
f 1269//2308 1220//2308 1218//2308
f 1265//2309 1269//2309 1218//2309
f 1219//2310 1270//2310 1214//2310
f 1270//2311 1266//2311 1214//2311
f 1252//2312 1199//2312 1197//2312
f 1250//2312 1252//2312 1197//2312
f 1201//2313 159//2313 1198//2313
f 1254//2314 159//2314 1201//2314
f 1271//2315 1223//2315 1220//2315
f 1269//2316 1271//2316 1220//2316
f 1221//2317 1272//2317 1219//2317
f 1272//2318 1270//2318 1219//2318
f 1251//2 1267//2 1181//2
f 1268//2319 176//2319 141//2319
f 176//2320 1253//2320 141//2320
f 1273//2321 1225//2321 1223//2321
f 1271//2322 1273//2322 1223//2322
f 1224//2323 1274//2323 1221//2323
f 1274//2324 1272//2324 1221//2324
f 1275//2325 1235//2325 1225//2325
f 1273//2326 1275//2326 1225//2326
f 1226//2327 1276//2327 1224//2327
f 1276//2328 1274//2328 1224//2328
f 1277//2329 1241//2329 1235//2329
f 1275//2330 1277//2330 1235//2330
f 1236//2331 1278//2331 1226//2331
f 1278//2332 1276//2332 1226//2332
f 1279//2333 1215//2333 1241//2333
f 1277//2334 1279//2334 1241//2334
f 174//2335 1280//2335 1236//2335
f 1280//2336 1278//2336 1236//2336
f 1281//2337 1282//2337 1228//2337
f 1227//2338 1281//2338 1228//2338
f 1282//2339 1230//2339 1228//2339
f 1283//2340 1281//2340 1227//2340
f 1229//2341 1283//2341 1227//2341
f 1282//2342 1284//2342 1230//2342
f 1284//2343 1232//2343 1230//2343
f 1285//2344 1283//2344 1229//2344
f 1231//2345 1285//2345 1229//2345
f 1284//2346 1286//2346 1232//2346
f 1286//2347 1234//2347 1232//2347
f 1287//2348 1285//2348 1231//2348
f 1233//2349 1287//2349 1231//2349
f 1286//2350 1288//2350 1234//2350
f 1288//2351 1238//2351 1234//2351
f 1289//2352 1287//2352 1233//2352
f 1237//2353 1289//2353 1233//2353
f 1288//2354 1290//2354 1238//2354
f 1290//2355 1240//2355 1238//2355
f 1279//2356 1291//2356 1215//2356
f 1291//2 1246//2 1215//2
f 1247//2357 1280//2357 174//2357
f 1292//2358 1289//2358 1237//2358
f 1239//2359 1292//2359 1237//2359
f 1290//2360 1293//2360 1240//2360
f 1293//2361 1243//2361 1240//2361
f 1294//2362 1292//2362 1239//2362
f 1242//2363 1294//2363 1239//2363
f 1293//2364 1295//2364 1243//2364
f 1295//2365 1245//2365 1243//2365
f 1296//2366 1294//2366 1242//2366
f 1244//2367 1296//2367 1242//2367
f 1295//2368 1297//2368 1245//2368
f 1297//2369 1249//2369 1245//2369
f 1298//2370 1296//2370 1244//2370
f 1248//2371 1298//2371 1244//2371
f 1297//2372 1299//2372 1249//2372
f 1299//2373 1256//2373 1249//2373
f 1300//2374 1298//2374 1248//2374
f 1255//2375 1300//2375 1248//2375
f 1299//2376 1301//2376 1256//2376
f 1301//2377 1268//2377 1256//2377
f 1267//2378 1300//2378 1255//2378
f 1301//2379 1302//2379 1268//2379
f 1302//2380 176//2380 1268//2380
f 1303//2381 179//2381 1246//2381
f 179//2382 1250//2382 1246//2382
f 1291//2 1303//2 1246//2
f 159//2383 1304//2383 1251//2383
f 1304//2 1267//2 1251//2
f 1252//2384 180//2384 1247//2384
f 180//2385 1280//2385 1247//2385
f 182//2386 1305//2386 1253//2386
f 1305//2387 1254//2387 1253//2387
f 176//2388 182//2388 1253//2388
f 1306//2389 1259//2389 1257//2389
f 1307//2390 1306//2390 1257//2390
f 1258//2391 1307//2391 1257//2391
f 1308//2392 1261//2392 1259//2392
f 1306//2393 1308//2393 1259//2393
f 1260//2394 1309//2394 1258//2394
f 1309//2395 1307//2395 1258//2395
f 1310//2396 1263//2396 1261//2396
f 1308//2397 1310//2397 1261//2397
f 1262//2398 1311//2398 1260//2398
f 1311//2399 1309//2399 1260//2399
f 1312//2400 1265//2400 1263//2400
f 1310//2401 1312//2401 1263//2401
f 1264//2402 1313//2402 1262//2402
f 1313//2403 1311//2403 1262//2403
f 1314//2404 1269//2404 1265//2404
f 1312//2405 1314//2405 1265//2405
f 1266//2406 1315//2406 1264//2406
f 1315//2407 1313//2407 1264//2407
f 1316//2408 1271//2408 1269//2408
f 1314//2409 1316//2409 1269//2409
f 1270//2410 1317//2410 1266//2410
f 1317//2411 1315//2411 1266//2411
f 1318//2412 1252//2412 1250//2412
f 179//2413 1318//2413 1250//2413
f 181//2414 1304//2414 159//2414
f 1254//2415 181//2415 159//2415
f 1318//2413 180//2413 1252//2413
f 1305//2416 181//2416 1254//2416
f 1319//2417 1273//2417 1271//2417
f 1316//2418 1319//2418 1271//2418
f 1272//2419 1320//2419 1270//2419
f 1320//2420 1317//2420 1270//2420
f 1321//2421 1275//2421 1273//2421
f 1319//2422 1321//2422 1273//2422
f 1274//2423 1322//2423 1272//2423
f 1322//2424 1320//2424 1272//2424
f 1323//2425 1277//2425 1275//2425
f 1321//2426 1323//2426 1275//2426
f 1276//2427 1324//2427 1274//2427
f 1324//2428 1322//2428 1274//2428
f 1325//2429 1279//2429 1277//2429
f 1323//2430 1325//2430 1277//2430
f 1278//2431 1326//2431 1276//2431
f 1326//2432 1324//2432 1276//2432
f 1327//2433 1291//2433 1279//2433
f 1325//2434 1327//2434 1279//2434
f 1280//2435 1326//2435 1278//2435
f 1328//2436 1329//2436 1282//2436
f 1281//2437 1328//2437 1282//2437
f 1329//2438 1284//2438 1282//2438
f 1330//2439 1328//2439 1281//2439
f 1283//2440 1330//2440 1281//2440
f 1329//2441 1331//2441 1284//2441
f 1331//2442 1286//2442 1284//2442
f 1332//2443 1330//2443 1283//2443
f 1285//2444 1332//2444 1283//2444
f 1331//2445 1333//2445 1286//2445
f 1333//2446 1288//2446 1286//2446
f 1334//2447 1332//2447 1285//2447
f 1287//2448 1334//2448 1285//2448
f 1333//2449 1335//2449 1288//2449
f 1335//2450 1290//2450 1288//2450
f 1336//2451 1334//2451 1287//2451
f 1289//2452 1336//2452 1287//2452
f 1335//2453 1337//2453 1290//2453
f 1337//2454 1293//2454 1290//2454
f 1338//2455 1336//2455 1289//2455
f 1292//2456 1338//2456 1289//2456
f 1337//2457 1339//2457 1293//2457
f 1339//2458 1295//2458 1293//2458
f 1340//2459 1338//2459 1292//2459
f 1294//2460 1340//2460 1292//2460
f 1339//2461 1341//2461 1295//2461
f 1341//2462 1297//2462 1295//2462
f 1342//2463 1340//2463 1294//2463
f 1296//2464 1342//2464 1294//2464
f 1341//2465 1343//2465 1297//2465
f 1343//2466 1299//2466 1297//2466
f 1344//2467 1342//2467 1296//2467
f 1298//2468 1344//2468 1296//2468
f 1343//2469 1345//2469 1299//2469
f 1345//2470 1301//2470 1299//2470
f 1346//2471 1344//2471 1298//2471
f 1300//2472 1346//2472 1298//2472
f 1345//2473 1347//2473 1301//2473
f 1347//2474 1302//2474 1301//2474
f 1267//2475 1348//2475 1300//2475
f 1348//2476 1346//2476 1300//2476
f 1347//2477 1349//2477 1302//2477
f 1349//2478 176//2478 1302//2478
f 1304//2 1348//2 1267//2
f 1349//2479 191//2479 176//2479
f 1327//2480 1350//2480 1291//2480
f 1350//2481 1351//2481 1291//2481
f 1351//2 1303//2 1291//2
f 1351//2 1352//2 1303//2
f 193//2482 179//2482 1303//2482
f 1352//2483 193//2483 1303//2483
f 1353//2 1348//2 1304//2
f 181//2484 1353//2484 1304//2484
f 1354//2485 1350//2485 1327//2485
f 1325//2486 1354//2486 1327//2486
f 193//2487 1355//2487 179//2487
f 1355//2487 1318//2487 179//2487
f 1305//2488 194//2488 181//2488
f 194//2489 1353//2489 181//2489
f 1356//2490 1354//2490 1325//2490
f 1323//2491 1356//2491 1325//2491
f 1357//2492 1356//2492 1323//2492
f 1321//2493 1357//2493 1323//2493
f 1358//2494 1357//2494 1321//2494
f 1319//2495 1358//2495 1321//2495
f 1359//2496 1358//2496 1319//2496
f 1316//2497 1359//2497 1319//2497
f 1360//2498 1359//2498 1316//2498
f 1314//2499 1360//2499 1316//2499
f 1361//2500 1360//2500 1314//2500
f 1312//2501 1361//2501 1314//2501
f 1362//2502 1361//2502 1312//2502
f 1310//2503 1362//2503 1312//2503
f 1363//2504 1362//2504 1310//2504
f 1308//2505 1363//2505 1310//2505
f 1306//2506 1364//2506 1308//2506
f 1364//2507 1363//2507 1308//2507
f 1365//2508 1364//2508 1306//2508
f 1307//2509 1365//2509 1306//2509
f 1309//2510 1366//2510 1307//2510
f 1366//2511 1365//2511 1307//2511
f 1311//2512 1367//2512 1309//2512
f 1367//2513 1366//2513 1309//2513
f 1313//2514 1368//2514 1311//2514
f 1368//2515 1367//2515 1311//2515
f 1315//2516 1369//2516 1313//2516
f 1369//2517 1368//2517 1313//2517
f 1317//2518 1370//2518 1315//2518
f 1370//2519 1369//2519 1315//2519
f 1320//2520 1371//2520 1317//2520
f 1371//2521 1370//2521 1317//2521
f 1322//2522 1372//2522 1320//2522
f 1372//2523 1371//2523 1320//2523
f 1324//2524 1373//2524 1322//2524
f 1373//2525 1372//2525 1322//2525
f 1326//2526 1374//2526 1324//2526
f 1374//2527 1373//2527 1324//2527
f 1375//2528 180//2528 1318//2528
f 1355//2529 1375//2529 1318//2529
f 1376//2488 194//2488 1305//2488
f 182//2488 1376//2488 1305//2488
f 1280//2530 189//2530 1326//2530
f 189//2531 1374//2531 1326//2531
f 180//2532 189//2532 1280//2532
f 1375//2533 189//2533 180//2533
f 191//2534 1377//2534 182//2534
f 1377//2535 1376//2535 182//2535
f 1349//2536 1378//2536 191//2536
f 1348//2537 1379//2537 1346//2537
f 1379//2538 1344//2538 1346//2538
f 1380//2539 1378//2539 1349//2539
f 1347//2540 1380//2540 1349//2540
f 1379//2541 1381//2541 1344//2541
f 1381//2542 1342//2542 1344//2542
f 1382//2543 1380//2543 1347//2543
f 1345//2544 1382//2544 1347//2544
f 1381//2545 1383//2545 1342//2545
f 1383//2546 1340//2546 1342//2546
f 1384//2547 1382//2547 1345//2547
f 1343//2548 1384//2548 1345//2548
f 1383//2549 1385//2549 1340//2549
f 1385//2550 1338//2550 1340//2550
f 1386//2551 1384//2551 1343//2551
f 1341//2552 1386//2552 1343//2552
f 1385//2553 1387//2553 1338//2553
f 1387//2554 1336//2554 1338//2554
f 1388//2555 1386//2555 1341//2555
f 1339//2556 1388//2556 1341//2556
f 1387//2557 1389//2557 1336//2557
f 1389//2558 1334//2558 1336//2558
f 1390//2559 1388//2559 1339//2559
f 1337//2560 1390//2560 1339//2560
f 1389//2561 1391//2561 1334//2561
f 1391//2562 1332//2562 1334//2562
f 1392//2563 1390//2563 1337//2563
f 1335//2564 1392//2564 1337//2564
f 1391//2562 1393//2562 1332//2562
f 1393//2565 1330//2565 1332//2565
f 1394//2566 1392//2566 1335//2566
f 1333//2567 1394//2567 1335//2567
f 1393//2568 1395//2568 1330//2568
f 1395//2569 1328//2569 1330//2569
f 1396//2570 1394//2570 1333//2570
f 1331//2571 1396//2571 1333//2571
f 1395//2572 1397//2572 1328//2572
f 1397//2573 1329//2573 1328//2573
f 1329//2574 1398//2574 1331//2574
f 1398//2575 1396//2575 1331//2575
f 1397//2576 1398//2576 1329//2576
f 1350//2577 1399//2577 1351//2577
f 1354//2578 1400//2578 1350//2578
f 1400//2579 1399//2579 1350//2579
f 1401//2580 1373//2580 1374//2580
f 189//2581 1401//2581 1374//2581
f 1356//2582 1402//2582 1354//2582
f 1402//2583 1400//2583 1354//2583
f 1403//2584 1372//2584 1373//2584
f 1401//2585 1403//2585 1373//2585
f 1357//2586 1404//2586 1356//2586
f 1404//2587 1402//2587 1356//2587
f 1405//2588 1371//2588 1372//2588
f 1403//2589 1405//2589 1372//2589
f 1358//2590 1406//2590 1357//2590
f 1406//2591 1404//2591 1357//2591
f 1407//2592 1370//2592 1371//2592
f 1405//2593 1407//2593 1371//2593
f 1359//2594 1408//2594 1358//2594
f 1408//2595 1406//2595 1358//2595
f 1409//2596 1369//2596 1370//2596
f 1407//2597 1409//2597 1370//2597
f 1360//2598 1410//2598 1359//2598
f 1410//2599 1408//2599 1359//2599
f 1411//2600 1368//2600 1369//2600
f 1409//2601 1411//2601 1369//2601
f 1361//2602 1412//2602 1360//2602
f 1412//2603 1410//2603 1360//2603
f 1413//2604 1367//2604 1368//2604
f 1411//2605 1413//2605 1368//2605
f 1362//2606 1414//2606 1361//2606
f 1414//2607 1412//2607 1361//2607
f 1415//2608 1366//2608 1367//2608
f 1413//2609 1415//2609 1367//2609
f 1416//2610 1417//2610 193//2610
f 1417//2611 1355//2611 193//2611
f 1352//2612 1418//2612 193//2612
f 1418//2613 1416//2613 193//2613
f 1376//2614 1419//2614 194//2614
f 1420//2615 1353//2615 194//2615
f 1419//2616 1420//2616 194//2616
f 1421//2617 1375//2617 1355//2617
f 1417//2618 1421//2618 1355//2618
f 1422//2614 1419//2614 1376//2614
f 1377//2619 1423//2619 1376//2619
f 1423//2620 1422//2620 1376//2620
f 1363//2621 1424//2621 1362//2621
f 1424//2622 1414//2622 1362//2622
f 1425//2623 1365//2623 1366//2623
f 1415//2624 1425//2624 1366//2624
f 1364//2625 1426//2625 1363//2625
f 1426//2626 1424//2626 1363//2626
f 1427//2627 1364//2627 1365//2627
f 1425//2628 1427//2628 1365//2628
f 1427//2629 1426//2629 1364//2629
f 1428//2 1418//2 1352//2
f 1351//2 1428//2 1352//2
f 1420//2 1429//2 1353//2
f 1429//2 1348//2 1353//2
f 1421//42 207//42 1375//42
f 207//2630 189//2630 1375//2630
f 191//2631 208//2631 1377//2631
f 208//2632 1423//2632 1377//2632
f 1429//2633 1379//2633 1348//2633
f 1430//2634 208//2634 191//2634
f 1378//2635 1430//2635 191//2635
f 1429//2636 1431//2636 1379//2636
f 1431//2637 1381//2637 1379//2637
f 1432//2638 1430//2638 1378//2638
f 1380//2639 1432//2639 1378//2639
f 1431//2640 1433//2640 1381//2640
f 1433//2641 1383//2641 1381//2641
f 1434//2642 1432//2642 1380//2642
f 1382//2643 1434//2643 1380//2643
f 1433//2644 1435//2644 1383//2644
f 1435//2645 1385//2645 1383//2645
f 1436//2646 1434//2646 1382//2646
f 1384//2647 1436//2647 1382//2647
f 1435//2648 1437//2648 1385//2648
f 1437//2649 1387//2649 1385//2649
f 1438//2650 1436//2650 1384//2650
f 1386//2651 1438//2651 1384//2651
f 1437//2652 1439//2652 1387//2652
f 1439//2653 1389//2653 1387//2653
f 1440//2654 1438//2654 1386//2654
f 1388//2655 1440//2655 1386//2655
f 1439//2656 1441//2656 1389//2656
f 1441//2657 1391//2657 1389//2657
f 1442//2658 1440//2658 1388//2658
f 1390//2659 1442//2659 1388//2659
f 1399//2660 1443//2660 1351//2660
f 1443//2661 1428//2661 1351//2661
f 207//2662 1401//2662 189//2662
f 1441//2663 1444//2663 1391//2663
f 1444//2664 1393//2664 1391//2664
f 1445//2665 1442//2665 1390//2665
f 1392//2666 1445//2666 1390//2666
f 1444//2667 1446//2667 1393//2667
f 1446//2668 1395//2668 1393//2668
f 1447//2669 1445//2669 1392//2669
f 1394//2670 1447//2670 1392//2670
f 1446//2671 1448//2671 1395//2671
f 1448//2672 1397//2672 1395//2672
f 1449//2673 1447//2673 1394//2673
f 1396//2674 1449//2674 1394//2674
f 1448//2675 1450//2675 1397//2675
f 1450//2676 1398//2676 1397//2676
f 1398//2677 1451//2677 1396//2677
f 1451//2678 1449//2678 1396//2678
f 1450//2679 1451//2679 1398//2679
f 1400//2680 1452//2680 1399//2680
f 1452//2681 1443//2681 1399//2681
f 1453//2682 1403//2682 1401//2682
f 207//2683 1453//2683 1401//2683
f 1402//2684 1454//2684 1400//2684
f 1454//2685 1452//2685 1400//2685
f 1455//2686 1405//2686 1403//2686
f 1453//2687 1455//2687 1403//2687
f 1404//2688 1456//2688 1402//2688
f 1456//2689 1454//2689 1402//2689
f 1457//2690 1407//2690 1405//2690
f 1455//2691 1457//2691 1405//2691
f 1406//2692 1458//2692 1404//2692
f 1458//2693 1456//2693 1404//2693
f 1459//2694 1409//2694 1407//2694
f 1457//2695 1459//2695 1407//2695
f 1430//2696 1460//2696 208//2696
f 1408//2697 1461//2697 1406//2697
f 1461//2698 1458//2698 1406//2698
f 1462//2699 1411//2699 1409//2699
f 1459//2700 1462//2700 1409//2700
f 1410//2701 1463//2701 1408//2701
f 1463//2702 1461//2702 1408//2702
f 1464//2703 1413//2703 1411//2703
f 1462//2704 1464//2704 1411//2704
f 1429//2705 1465//2705 1431//2705
f 1465//2706 1433//2706 1431//2706
f 1466//2707 1460//2707 1430//2707
f 1432//2708 1466//2708 1430//2708
f 1412//2709 1467//2709 1410//2709
f 1467//2710 1463//2710 1410//2710
f 1468//2711 1415//2711 1413//2711
f 1464//2712 1468//2712 1413//2712
f 1469//2713 1470//2713 1416//2713
f 1470//2714 1417//2714 1416//2714
f 1471//2715 1469//2715 1416//2715
f 1418//2716 1471//2716 1416//2716
f 1422//2717 1472//2717 1419//2717
f 1473//2718 1420//2718 1419//2718
f 1472//2719 1473//2719 1419//2719
f 1474//2720 1421//2720 1417//2720
f 1470//2721 1474//2721 1417//2721
f 1475//2722 1472//2722 1422//2722
f 1476//2723 1475//2723 1422//2723
f 1423//2724 1476//2724 1422//2724
f 1414//2725 1477//2725 1412//2725
f 1477//2726 1467//2726 1412//2726
f 1478//2727 1425//2727 1415//2727
f 1468//2728 1478//2728 1415//2728
f 1424//2729 1479//2729 1414//2729
f 1479//2730 1477//2730 1414//2730
f 1480//2731 1427//2731 1425//2731
f 1478//2732 1480//2732 1425//2732
f 1426//2733 1481//2733 1424//2733
f 1481//2734 1479//2734 1424//2734
f 1482//2735 1426//2735 1427//2735
f 1480//2736 1482//2736 1427//2736
f 1482//2737 1481//2737 1426//2737
f 1465//2738 1483//2738 1433//2738
f 1483//2739 1435//2739 1433//2739
f 1484//2740 1466//2740 1432//2740
f 1434//2741 1484//2741 1432//2741
f 1428//2 1471//2 1418//2
f 1473//2 1485//2 1420//2
f 1485//2 1429//2 1420//2
f 1474//2742 239//2742 1421//2742
f 239//2743 207//2743 1421//2743
f 225//2744 1476//2744 1423//2744
f 208//2745 225//2745 1423//2745
f 1483//2746 1486//2746 1435//2746
f 1486//2747 1437//2747 1435//2747
f 1487//2748 1484//2748 1434//2748
f 1436//2749 1487//2749 1434//2749
f 1443//2750 1488//2750 1428//2750
f 1486//2751 1489//2751 1437//2751
f 1489//2752 1439//2752 1437//2752
f 1490//2753 1487//2753 1436//2753
f 1438//2754 1490//2754 1436//2754
f 1489//2755 1491//2755 1439//2755
f 1491//2756 1441//2756 1439//2756
f 1492//2757 1490//2757 1438//2757
f 1440//2758 1492//2758 1438//2758
f 1452//2759 1493//2759 1443//2759
f 1493//2760 1488//2760 1443//2760
f 1494//2761 1455//2761 1453//2761
f 207//2762 1494//2762 1453//2762
f 1491//2763 1495//2763 1441//2763
f 1495//2764 1444//2764 1441//2764
f 1496//2765 1492//2765 1440//2765
f 1442//2766 1496//2766 1440//2766
f 1495//2767 1497//2767 1444//2767
f 1497//2768 1446//2768 1444//2768
f 1498//2769 1496//2769 1442//2769
f 1445//2770 1498//2770 1442//2770
f 1454//2771 1499//2771 1452//2771
f 1499//2772 1493//2772 1452//2772
f 1500//2773 1457//2773 1455//2773
f 1494//2774 1500//2774 1455//2774
f 1497//2775 1501//2775 1446//2775
f 1501//2776 1448//2776 1446//2776
f 1502//2777 1498//2777 1445//2777
f 1447//2778 1502//2778 1445//2778
f 1501//2779 1503//2779 1448//2779
f 1503//2780 1450//2780 1448//2780
f 1504//2781 1502//2781 1447//2781
f 1449//2782 1504//2782 1447//2782
f 1503//2783 1505//2783 1450//2783
f 1505//2784 1451//2784 1450//2784
f 1451//2785 1506//2785 1449//2785
f 1506//2786 1504//2786 1449//2786
f 1505//2787 1506//2787 1451//2787
f 1485//2788 1465//2788 1429//2788
f 1507//2789 225//2789 208//2789
f 1460//2790 1507//2790 208//2790
f 1456//2791 1508//2791 1454//2791
f 1508//2792 1499//2792 1454//2792
f 1509//2793 1459//2793 1457//2793
f 1500//2794 1509//2794 1457//2794
f 1458//2795 1510//2795 1456//2795
f 1510//2796 1508//2796 1456//2796
f 1511//2797 1462//2797 1459//2797
f 1509//2798 1511//2798 1459//2798
f 1485//2799 1512//2799 1465//2799
f 1512//2800 1483//2800 1465//2800
f 1513//2801 1507//2801 1460//2801
f 1466//2801 1513//2801 1460//2801
f 1461//2802 1514//2802 1458//2802
f 1514//2803 1510//2803 1458//2803
f 1515//2804 1464//2804 1462//2804
f 1511//2805 1515//2805 1462//2805
f 1463//2806 1516//2806 1461//2806
f 1516//2807 1514//2807 1461//2807
f 1517//2808 1468//2808 1464//2808
f 1515//2809 1517//2809 1464//2809
f 1512//2800 1518//2800 1483//2800
f 1518//2810 1486//2810 1483//2810
f 1519//2811 1513//2811 1466//2811
f 1484//2812 1519//2812 1466//2812
f 1488//2813 1520//2813 1428//2813
f 1520//2814 1521//2814 1428//2814
f 1521//2 1471//2 1428//2
f 239//2815 1494//2815 207//2815
f 1522//2816 1523//2816 1469//2816
f 1523//2817 1470//2817 1469//2817
f 160//2818 1522//2818 1469//2818
f 1471//2819 160//2819 1469//2819
f 1475//2820 1524//2820 1472//2820
f 223//2821 1473//2821 1472//2821
f 1524//2822 223//2822 1472//2822
f 1525//2823 1474//2823 1470//2823
f 1523//2824 1525//2824 1470//2824
f 1526//2825 1524//2825 1475//2825
f 1527//2826 1526//2826 1475//2826
f 1476//2827 1527//2827 1475//2827
f 1467//2828 1528//2828 1463//2828
f 1528//2829 1516//2829 1463//2829
f 1529//2830 1478//2830 1468//2830
f 1517//2831 1529//2831 1468//2831
f 1477//2832 1530//2832 1467//2832
f 1530//2833 1528//2833 1467//2833
f 1531//2834 1480//2834 1478//2834
f 1529//2835 1531//2835 1478//2835
f 1518//2836 1532//2836 1486//2836
f 1532//2837 1489//2837 1486//2837
f 1533//2838 1519//2838 1484//2838
f 1487//2839 1533//2839 1484//2839
f 1479//2840 1534//2840 1477//2840
f 1534//2841 1530//2841 1477//2841
f 1535//2842 1482//2842 1480//2842
f 1531//2843 1535//2843 1480//2843
f 1481//2844 1536//2844 1479//2844
f 1536//2845 1534//2845 1479//2845
f 1537//2846 1481//2846 1482//2846
f 1535//2847 1537//2847 1482//2847
f 1537//2848 1536//2848 1481//2848
f 1493//2849 1538//2849 1488//2849
f 1538//2850 1520//2850 1488//2850
f 1539//2851 1500//2851 1494//2851
f 239//2852 1539//2852 1494//2852
f 1521//2 160//2 1471//2
f 223//2 1485//2 1473//2
f 1525//2853 239//2853 1474//2853
f 225//2854 1540//2854 1476//2854
f 1540//42 1527//42 1476//42
f 1532//2855 1541//2855 1489//2855
f 1541//2856 1491//2856 1489//2856
f 1542//2857 1533//2857 1487//2857
f 1490//2858 1542//2858 1487//2858
f 1541//2859 1543//2859 1491//2859
f 1543//2860 1495//2860 1491//2860
f 1544//2861 1542//2861 1490//2861
f 1492//2862 1544//2862 1490//2862
f 1545//2863 1540//2863 225//2863
f 1507//2864 1545//2864 225//2864
f 1499//2865 1546//2865 1493//2865
f 1546//2866 1538//2866 1493//2866
f 1547//2867 1509//2867 1500//2867
f 1539//2868 1547//2868 1500//2868
f 1543//2869 1548//2869 1495//2869
f 1548//2870 1497//2870 1495//2870
f 1549//2871 1544//2871 1492//2871
f 1496//2872 1549//2872 1492//2872
f 1548//2870 1550//2870 1497//2870
f 1550//2873 1501//2873 1497//2873
f 1551//2874 1549//2874 1496//2874
f 1498//2875 1551//2875 1496//2875
f 1508//2876 1552//2876 1499//2876
f 1552//2877 1546//2877 1499//2877
f 1553//2878 1511//2878 1509//2878
f 1547//2879 1553//2879 1509//2879
f 1485//2880 1554//2880 1512//2880
f 1554//2881 1518//2881 1512//2881
f 1555//2882 1545//2882 1507//2882
f 1513//2883 1555//2883 1507//2883
f 1550//2884 1556//2884 1501//2884
f 1556//2885 1503//2885 1501//2885
f 1557//2886 1551//2886 1498//2886
f 1502//2887 1557//2887 1498//2887
f 1556//2888 1558//2888 1503//2888
f 1558//2889 1505//2889 1503//2889
f 1559//2890 1557//2890 1502//2890
f 1504//2891 1559//2891 1502//2891
f 1558//2892 1560//2892 1505//2892
f 1560//2893 1506//2893 1505//2893
f 1506//2894 1561//2894 1504//2894
f 1561//2895 1559//2895 1504//2895
f 1560//2896 1561//2896 1506//2896
f 1510//2897 1562//2897 1508//2897
f 1562//2897 1552//2897 1508//2897
f 1563//2898 1515//2898 1511//2898
f 1553//2899 1563//2899 1511//2899
f 1520//2900 1564//2900 1521//2900
f 1554//2901 1565//2901 1518//2901
f 1565//2902 1532//2902 1518//2902
f 1566//2903 1555//2903 1513//2903
f 1519//2904 1566//2904 1513//2904
f 1514//2905 1567//2905 1510//2905
f 1567//2906 1562//2906 1510//2906
f 1568//2907 1517//2907 1515//2907
f 1563//2898 1568//2898 1515//2898
f 1516//2908 1569//2908 1514//2908
f 1569//2909 1567//2909 1514//2909
f 1570//2910 1529//2910 1517//2910
f 1568//2911 1570//2911 1517//2911
f 161//2912 1571//2912 1522//2912
f 1571//2913 1523//2913 1522//2913
f 1572//2914 161//2914 1522//2914
f 160//2915 1572//2915 1522//2915
f 1526//2916 222//2916 1524//2916
f 1573//2917 223//2917 1524//2917
f 222//2918 1573//2918 1524//2918
f 258//2919 1525//2919 1523//2919
f 1571//2920 258//2920 1523//2920
f 1574//2916 222//2916 1526//2916
f 259//2921 1574//2921 1526//2921
f 1527//2922 259//2922 1526//2922
f 1538//2923 1575//2923 1520//2923
f 1575//2924 1564//2924 1520//2924
f 1576//2925 1547//2925 1539//2925
f 239//2926 1576//2926 1539//2926
f 1565//2927 1577//2927 1532//2927
f 1577//2928 1541//2928 1532//2928
f 1578//2929 1566//2929 1519//2929
f 1533//2930 1578//2930 1519//2930
f 1528//2931 1579//2931 1516//2931
f 1579//2932 1569//2932 1516//2932
f 1580//2933 1531//2933 1529//2933
f 1570//2934 1580//2934 1529//2934
f 1545//2935 1581//2935 1540//2935
f 1530//2936 1582//2936 1528//2936
f 1582//2937 1579//2937 1528//2937
f 1583//2938 1535//2938 1531//2938
f 1580//2939 1583//2939 1531//2939
f 1577//2940 1584//2940 1541//2940
f 1584//2941 1543//2941 1541//2941
f 1585//2942 1578//2942 1533//2942
f 1542//2943 1585//2943 1533//2943
f 1534//2944 1586//2944 1530//2944
f 1586//2945 1582//2945 1530//2945
f 1587//2946 1537//2946 1535//2946
f 1583//2947 1587//2947 1535//2947
f 1536//2948 1588//2948 1534//2948
f 1588//2949 1586//2949 1534//2949
f 1589//2950 1536//2950 1537//2950
f 1587//2951 1589//2951 1537//2951
f 1521//2 1590//2 160//2
f 1590//2 1572//2 160//2
f 1573//2 1591//2 223//2
f 1591//2 1592//2 223//2
f 1592//2 1485//2 223//2
f 258//2952 257//2952 1525//2952
f 257//2953 239//2953 1525//2953
f 242//2954 259//2954 1527//2954
f 1540//2955 242//2955 1527//2955
f 1589//2956 1588//2956 1536//2956
f 1546//2957 1593//2957 1538//2957
f 1593//2958 1575//2958 1538//2958
f 1594//2959 1553//2959 1547//2959
f 1576//2960 1594//2960 1547//2960
f 1584//2961 1595//2961 1543//2961
f 1595//2962 1548//2962 1543//2962
f 1596//2963 1585//2963 1542//2963
f 1544//2964 1596//2964 1542//2964
f 1485//2965 1597//2965 1554//2965
f 1597//2966 1565//2966 1554//2966
f 1598//2967 1581//2967 1545//2967
f 1555//2968 1598//2968 1545//2968
f 1552//2969 1599//2969 1546//2969
f 1599//2970 1593//2970 1546//2970
f 1600//2971 1563//2971 1553//2971
f 1594//2972 1600//2972 1553//2972
f 1595//2973 1601//2973 1548//2973
f 1601//2974 1550//2974 1548//2974
f 1602//2975 1596//2975 1544//2975
f 1549//2976 1602//2976 1544//2976
f 1564//2977 1603//2977 1521//2977
f 257//2978 1576//2978 239//2978
f 1601//2979 1604//2979 1550//2979
f 1604//2980 1556//2980 1550//2980
f 1605//2981 1602//2981 1549//2981
f 1551//2982 1605//2982 1549//2982
f 1562//2983 1606//2983 1552//2983
f 1606//2984 1599//2984 1552//2984
f 1607//2985 1568//2985 1563//2985
f 1600//2986 1607//2986 1563//2986
f 1604//2987 1608//2987 1556//2987
f 1608//2988 1558//2988 1556//2988
f 1609//2989 1605//2989 1551//2989
f 1557//2990 1609//2990 1551//2990
f 1597//2991 1610//2991 1565//2991
f 1610//2992 1577//2992 1565//2992
f 1611//2993 1598//2993 1555//2993
f 1566//2994 1611//2994 1555//2994
f 1608//2995 1612//2995 1558//2995
f 1612//2996 1560//2996 1558//2996
f 1613//2997 1609//2997 1557//2997
f 1559//2998 1613//2998 1557//2998
f 1612//2999 1614//2999 1560//2999
f 1614//3000 1561//3000 1560//3000
f 1561//3001 1615//3001 1559//3001
f 1615//3002 1613//3002 1559//3002
f 1614//3003 1615//3003 1561//3003
f 1575//3004 1616//3004 1564//3004
f 1616//3005 1603//3005 1564//3005
f 1617//3006 1594//3006 1576//3006
f 257//3007 1617//3007 1576//3007
f 1567//3008 1618//3008 1562//3008
f 1618//3009 1606//3009 1562//3009
f 1619//3010 1570//3010 1568//3010
f 1607//3011 1619//3011 1568//3011
f 1592//3012 1597//3012 1485//3012
f 1620//3013 242//3013 1540//3013
f 1581//3014 1620//3014 1540//3014
f 1621//3015 1622//3015 161//3015
f 1622//3016 1571//3016 161//3016
f 1623//3017 1621//3017 161//3017
f 1572//3018 1623//3018 161//3018
f 1574//3019 1624//3019 222//3019
f 1625//3020 1573//3020 222//3020
f 1624//3021 1625//3021 222//3021
f 1626//3022 258//3022 1571//3022
f 1622//3023 1626//3023 1571//3023
f 1627//3019 1624//3019 1574//3019
f 1628//3024 1627//3024 1574//3024
f 259//3025 1628//3025 1574//3025
f 1610//3026 1629//3026 1577//3026
f 1629//3027 1584//3027 1577//3027
f 1630//3028 1611//3028 1566//3028
f 1578//3029 1630//3029 1566//3029
f 1569//3030 1631//3030 1567//3030
f 1631//3031 1618//3031 1567//3031
f 1632//3032 1580//3032 1570//3032
f 1619//3033 1632//3033 1570//3033
f 1593//3034 1633//3034 1575//3034
f 1633//3035 1616//3035 1575//3035
f 1634//3036 1600//3036 1594//3036
f 1617//3037 1634//3037 1594//3037
f 1579//3038 1635//3038 1569//3038
f 1635//3039 1631//3039 1569//3039
f 1636//3040 1583//3040 1580//3040
f 1632//3041 1636//3041 1580//3041
f 1629//3042 1637//3042 1584//3042
f 1637//3043 1595//3043 1584//3043
f 1638//3044 1630//3044 1578//3044
f 1585//3045 1638//3045 1578//3045
f 1582//3046 1639//3046 1579//3046
f 1639//3047 1635//3047 1579//3047
f 1640//3048 1587//3048 1583//3048
f 1636//3049 1640//3049 1583//3049
f 1592//3050 1641//3050 1597//3050
f 1641//3051 1610//3051 1597//3051
f 1642//3052 1620//3052 1581//3052
f 1598//3053 1642//3053 1581//3053
f 1643//2 1623//2 1572//2
f 1590//2 1643//2 1572//2
f 1625//2 1644//2 1573//2
f 1644//2 1591//2 1573//2
f 1626//42 1645//42 258//42
f 1645//42 277//42 258//42
f 242//3054 260//3054 259//3054
f 260//3055 1628//3055 259//3055
f 1603//3056 1646//3056 1521//3056
f 1646//3057 1590//3057 1521//3057
f 1586//3058 1647//3058 1582//3058
f 1647//3059 1639//3059 1582//3059
f 1648//3060 1589//3060 1587//3060
f 1640//3061 1648//3061 1587//3061
f 1588//3062 1649//3062 1586//3062
f 1649//3063 1647//3063 1586//3063
f 1650//3064 1588//3064 1589//3064
f 1648//3065 1650//3065 1589//3065
f 1637//3066 1651//3066 1595//3066
f 1651//3067 1601//3067 1595//3067
f 1652//3068 1638//3068 1585//3068
f 1596//3069 1652//3069 1585//3069
f 1650//3070 1649//3070 1588//3070
f 1599//3071 1653//3071 1593//3071
f 1653//3072 1633//3072 1593//3072
f 1654//3073 1607//3073 1600//3073
f 1634//3074 1654//3074 1600//3074
f 1651//3075 1655//3075 1601//3075
f 1655//3076 1604//3076 1601//3076
f 1656//3077 1652//3077 1596//3077
f 1602//3078 1656//3078 1596//3078
f 1657//3079 1624//3079 1627//3079
f 1628//3080 1657//3080 1627//3080
f 1641//3081 1658//3081 1610//3081
f 1658//3082 1629//3082 1610//3082
f 1659//3083 1642//3083 1598//3083
f 1611//3084 1659//3084 1598//3084
f 1591//3085 1641//3085 1592//3085
f 1620//3086 1660//3086 242//3086
f 1616//3087 1661//3087 1603//3087
f 1661//3088 1646//3088 1603//3088
f 1662//3089 1634//3089 1617//3089
f 257//3090 1662//3090 1617//3090
f 1606//3091 1663//3091 1599//3091
f 1663//3092 1653//3092 1599//3092
f 1664//3093 1619//3093 1607//3093
f 1654//3094 1664//3094 1607//3094
f 1655//3095 1665//3095 1604//3095
f 1665//3096 1608//3096 1604//3096
f 1666//3097 1656//3097 1602//3097
f 1605//3098 1666//3098 1602//3098
f 1667//3099 1668//3099 1621//3099
f 1668//3099 1622//3099 1621//3099
f 1669//3100 1667//3100 1621//3100
f 1623//3101 1669//3101 1621//3101
f 1657//3079 1670//3079 1624//3079
f 1671//3102 1625//3102 1624//3102
f 1670//3103 1671//3103 1624//3103
f 1672//3104 1626//3104 1622//3104
f 1668//3105 1672//3105 1622//3105
f 1628//3106 1673//3106 1657//3106
f 1665//3107 1674//3107 1608//3107
f 1674//3108 1612//3108 1608//3108
f 1675//3109 1666//3109 1605//3109
f 1609//3110 1675//3110 1605//3110
f 1658//3111 1676//3111 1629//3111
f 1676//3112 1637//3112 1629//3112
f 1677//3113 1659//3113 1611//3113
f 1630//3114 1677//3114 1611//3114
f 1674//3115 1678//3115 1612//3115
f 1678//3116 1614//3116 1612//3116
f 1679//3117 1675//3117 1609//3117
f 1613//3118 1679//3118 1609//3118
f 1618//3119 1680//3119 1606//3119
f 1680//3120 1663//3120 1606//3120
f 1681//3121 1632//3121 1619//3121
f 1664//3122 1681//3122 1619//3122
f 1678//3123 1682//3123 1614//3123
f 1682//3124 1615//3124 1614//3124
f 1615//3125 1683//3125 1613//3125
f 1683//3126 1679//3126 1613//3126
f 1682//3127 1683//3127 1615//3127
f 1633//3128 1684//3128 1616//3128
f 1684//3129 1661//3129 1616//3129
f 1685//3130 1654//3130 1634//3130
f 1662//3131 1685//3131 1634//3131
f 1646//3132 1686//3132 1590//3132
f 1686//3133 1643//3133 1590//3133
f 277//3134 1662//3134 257//3134
f 1591//3135 1687//3135 1641//3135
f 1687//3136 1658//3136 1641//3136
f 1688//3137 1660//3137 1620//3137
f 1642//3138 1688//3138 1620//3138
f 1631//3139 1689//3139 1618//3139
f 1689//3140 1680//3140 1618//3140
f 1690//3141 1636//3141 1632//3141
f 1681//3142 1690//3142 1632//3142
f 1676//3143 1691//3143 1637//3143
f 1691//3144 1651//3144 1637//3144
f 1692//3145 1677//3145 1630//3145
f 1638//3146 1692//3146 1630//3146
f 1693//2 1669//2 1623//2
f 1643//2 1693//2 1623//2
f 1671//2 1644//2 1625//2
f 1672//42 1694//42 1626//42
f 1694//42 1645//42 1626//42
f 280//42 1673//42 1628//42
f 260//3147 280//3147 1628//3147
f 1635//3148 1695//3148 1631//3148
f 1695//3149 1689//3149 1631//3149
f 1696//3150 1640//3150 1636//3150
f 1690//3151 1696//3151 1636//3151
f 1657//3152 1697//3152 1670//3152
f 1697//3153 1671//3153 1670//3153
f 1698//3152 1697//3152 1657//3152
f 1673//3154 1698//3154 1657//3154
f 1653//3155 1699//3155 1633//3155
f 1699//3156 1684//3156 1633//3156
f 1700//3157 1664//3157 1654//3157
f 1685//3158 1700//3158 1654//3158
f 1639//3159 1701//3159 1635//3159
f 1701//3160 1695//3160 1635//3160
f 1702//3161 1648//3161 1640//3161
f 1696//3162 1702//3162 1640//3162
f 1703//3163 260//3163 242//3163
f 1660//3164 1703//3164 242//3164
f 1691//3165 1704//3165 1651//3165
f 1704//3166 1655//3166 1651//3166
f 1705//3167 1692//3167 1638//3167
f 1652//3168 1705//3168 1638//3168
f 1647//3169 1706//3169 1639//3169
f 1706//3170 1701//3170 1639//3170
f 1707//3171 1650//3171 1648//3171
f 1702//3172 1707//3172 1648//3172
f 1687//3173 1708//3173 1658//3173
f 1708//3174 1676//3174 1658//3174
f 1709//3175 1688//3175 1642//3175
f 1659//3176 1709//3176 1642//3176
f 1661//3177 1710//3177 1646//3177
f 1710//3178 1686//3178 1646//3178
f 1711//3179 1685//3179 1662//3179
f 277//3180 1711//3180 1662//3180
f 1649//3181 1712//3181 1647//3181
f 1712//3182 1706//3182 1647//3182
f 1713//3183 1649//3183 1650//3183
f 1707//3184 1713//3184 1650//3184
f 1669//3185 1714//3185 1667//3185
f 1715//3186 1671//3186 1697//3186
f 1716//3187 1672//3187 1668//3187
f 1673//3188 1717//3188 1698//3188
f 1713//3189 1712//3189 1649//3189
f 1704//3190 1718//3190 1655//3190
f 1718//3191 1665//3191 1655//3191
f 1719//3192 1705//3192 1652//3192
f 1656//3193 1719//3193 1652//3193
f 1663//3194 1720//3194 1653//3194
f 1720//3195 1699//3195 1653//3195
f 1721//3196 1681//3196 1664//3196
f 1700//3197 1721//3197 1664//3197
f 1686//3198 1722//3198 1643//3198
f 1645//3199 1711//3199 277//3199
f 1718//3200 1723//3200 1665//3200
f 1723//3201 1674//3201 1665//3201
f 1724//3202 1719//3202 1656//3202
f 1666//3203 1724//3203 1656//3203
f 1708//3204 1725//3204 1676//3204
f 1725//3205 1691//3205 1676//3205
f 1726//3206 1709//3206 1659//3206
f 1677//3207 1726//3207 1659//3207
f 1591//3208 1727//3208 1687//3208
f 1727//3209 1708//3209 1687//3209
f 1728//3210 1703//3210 1660//3210
f 1688//3211 1728//3211 1660//3211
f 1684//3212 1729//3212 1661//3212
f 1729//3213 1710//3213 1661//3213
f 1730//3214 1700//3214 1685//3214
f 1711//3215 1730//3215 1685//3215
f 1680//3216 1731//3216 1663//3216
f 1731//3217 1720//3217 1663//3217
f 1732//3218 1690//3218 1681//3218
f 1721//3219 1732//3219 1681//3219
f 1723//3220 1733//3220 1674//3220
f 1733//3221 1678//3221 1674//3221
f 1734//3222 1724//3222 1666//3222
f 1675//3223 1734//3223 1666//3223
f 1735//3224 1736//3224 1667//3224
f 1736//3225 1668//3225 1667//3225
f 1714//3226 1735//3226 1667//3226
f 1698//3227 218//3227 1697//3227
f 218//3228 1715//3228 1697//3228
f 1736//3229 1716//3229 1668//3229
f 1737//3227 218//3227 1698//3227
f 1717//3230 1737//3230 1698//3230
f 1733//3231 1738//3231 1678//3231
f 1738//3232 1682//3232 1678//3232
f 1739//3233 1734//3233 1675//3233
f 1679//3234 1739//3234 1675//3234
f 1693//2 1740//2 1669//2
f 1740//2 1714//2 1669//2
f 1715//2 1741//2 1671//2
f 1741//2 1644//2 1671//2
f 1716//42 1694//42 1672//42
f 292//42 1717//42 1673//42
f 280//42 292//42 1673//42
f 1738//3235 1742//3235 1682//3235
f 1742//3236 1683//3236 1682//3236
f 1683//3237 1743//3237 1679//3237
f 1743//3238 1739//3238 1679//3238
f 1742//3239 1743//3239 1683//3239
f 1644//3240 1727//3240 1591//3240
f 1703//3241 1744//3241 260//3241
f 1714//3242 164//3242 1735//3242
f 1745//3243 1715//3243 218//3243
f 302//3244 1716//3244 1736//3244
f 1717//3245 303//3245 1737//3245
f 1725//3246 1746//3246 1691//3246
f 1746//3247 1704//3247 1691//3247
f 1747//3248 1726//3248 1677//3248
f 1692//3249 1747//3249 1677//3249
f 1689//3250 1748//3250 1680//3250
f 1748//3251 1731//3251 1680//3251
f 1749//3252 1696//3252 1690//3252
f 1732//3253 1749//3253 1690//3253
f 1710//3254 1750//3254 1686//3254
f 1750//3255 1722//3255 1686//3255
f 1751//3256 1730//3256 1711//3256
f 1645//3257 1751//3257 1711//3257
f 1699//3258 1752//3258 1684//3258
f 1752//3259 1729//3259 1684//3259
f 1753//3260 1721//3260 1700//3260
f 1730//3261 1753//3261 1700//3261
f 1727//3262 1754//3262 1708//3262
f 1754//3263 1725//3263 1708//3263
f 1755//3264 1728//3264 1688//3264
f 1709//3265 1755//3265 1688//3265
f 1695//3266 1756//3266 1689//3266
f 1756//3267 1748//3267 1689//3267
f 1757//3268 1702//3268 1696//3268
f 1749//3269 1757//3269 1696//3269
f 1746//3270 1758//3270 1704//3270
f 1758//3271 1718//3271 1704//3271
f 1759//3272 1747//3272 1692//3272
f 1705//3273 1759//3273 1692//3273
f 1760//3274 1736//3274 1735//3274
f 164//3275 1760//3275 1735//3275
f 1737//3276 221//3276 218//3276
f 221//3277 1745//3277 218//3277
f 1761//3276 221//3276 1737//3276
f 303//3278 1761//3278 1737//3278
f 1722//3279 1762//3279 1643//3279
f 1701//3280 1763//3280 1695//3280
f 1763//3281 1756//3281 1695//3281
f 1764//3282 1707//3282 1702//3282
f 1757//3283 1764//3283 1702//3283
f 1765//3284 1736//3284 1760//3284
f 164//3285 165//3285 1760//3285
f 1766//3286 1745//3286 221//3286
f 1767//3287 302//3287 1736//3287
f 1765//3288 1767//3288 1736//3288
f 303//3289 1768//3289 1761//3289
f 1706//3290 1769//3290 1701//3290
f 1769//3291 1763//3291 1701//3291
f 1770//3292 1713//3292 1707//3292
f 1764//3293 1770//3293 1707//3293
f 1720//3294 1771//3294 1699//3294
f 1771//3295 1752//3295 1699//3295
f 1772//3296 1732//3296 1721//3296
f 1753//3297 1772//3297 1721//3297
f 1712//3298 1773//3298 1706//3298
f 1773//3299 1769//3299 1706//3299
f 1774//3300 1712//3300 1713//3300
f 1770//3301 1774//3301 1713//3301
f 1644//3302 1775//3302 1727//3302
f 1775//3303 1754//3303 1727//3303
f 1776//3304 1744//3304 1703//3304
f 1728//3305 1776//3305 1703//3305
f 1758//3306 1777//3306 1718//3306
f 1777//3307 1723//3307 1718//3307
f 1778//3308 1759//3308 1705//3308
f 1719//3309 1778//3309 1705//3309
f 1774//3310 1773//3310 1712//3310
f 1754//3311 1779//3311 1725//3311
f 1779//3312 1746//3312 1725//3312
f 1780//3313 1755//3313 1709//3313
f 1726//3314 1780//3314 1709//3314
f 1729//3315 1781//3315 1710//3315
f 1781//3316 1750//3316 1710//3316
f 1782//3317 1753//3317 1730//3317
f 1751//3318 1782//3318 1730//3318
f 1740//2 164//2 1714//2
f 1745//2 1783//2 1715//2
f 1783//2 1741//2 1715//2
f 314//42 1694//42 1716//42
f 302//3319 314//3319 1716//3319
f 304//3320 303//3320 1717//3320
f 292//3321 304//3321 1717//3321
f 1784//3322 1765//3322 1760//3322
f 165//3323 1784//3323 1760//3323
f 1785//3324 280//3324 260//3324
f 1744//3325 1785//3325 260//3325
f 1786//3326 1765//3326 1784//3326
f 165//3327 1787//3327 1784//3327
f 1761//3328 1788//3328 221//3328
f 1789//3329 1766//3329 221//3329
f 1788//3330 1789//3330 221//3330
f 1790//3331 1767//3331 1765//3331
f 1786//3332 1790//3332 1765//3332
f 1786//3333 1788//3333 1761//3333
f 1791//3334 1786//3334 1761//3334
f 1768//3335 1791//3335 1761//3335
f 1777//3336 1792//3336 1723//3336
f 1792//3337 1733//3337 1723//3337
f 1793//3338 1778//3338 1719//3338
f 1724//3339 1793//3339 1719//3339
f 1731//3340 1794//3340 1720//3340
f 1794//3341 1771//3341 1720//3341
f 1795//3342 1749//3342 1732//3342
f 1772//3343 1795//3343 1732//3343
f 1788//3344 1786//3344 1784//3344
f 1789//3345 1788//3345 1784//3345
f 1787//3346 1789//3346 1784//3346
f 1791//3347 1790//3347 1786//3347
f 1750//3348 1796//3348 1722//3348
f 1796//3349 1762//3349 1722//3349
f 1797//3350 1782//3350 1751//3350
f 1645//3351 1797//3351 1751//3351
f 1792//3352 1798//3352 1733//3352
f 1798//3353 1738//3353 1733//3353
f 1799//3354 1793//3354 1724//3354
f 1734//3355 1799//3355 1724//3355
f 1779//3356 1800//3356 1746//3356
f 1800//3357 1758//3357 1746//3357
f 1801//3358 1780//3358 1726//3358
f 1747//3359 1801//3359 1726//3359
f 1762//3360 1802//3360 1643//3360
f 1802//3361 1693//3361 1643//3361
f 1694//3362 1797//3362 1645//3362
f 1798//3363 1803//3363 1738//3363
f 1803//3364 1742//3364 1738//3364
f 1804//3365 1799//3365 1734//3365
f 1739//3366 1804//3366 1734//3366
f 1775//3367 1805//3367 1754//3367
f 1805//3368 1779//3368 1754//3368
f 1806//3369 1776//3369 1728//3369
f 1755//3370 1806//3370 1728//3370
f 1752//3371 1807//3371 1729//3371
f 1807//3372 1781//3372 1729//3372
f 1808//3373 1772//3373 1753//3373
f 1782//3374 1808//3374 1753//3374
f 1748//3375 1809//3375 1731//3375
f 1809//3376 1794//3376 1731//3376
f 1810//3377 1757//3377 1749//3377
f 1795//3378 1810//3378 1749//3378
f 1803//3379 1811//3379 1742//3379
f 1811//3380 1743//3380 1742//3380
f 1743//3381 1812//3381 1739//3381
f 1812//3382 1804//3382 1739//3382
f 1811//3383 1812//3383 1743//3383
f 1813//2 165//2 164//2
f 1740//2 1813//2 164//2
f 1766//2 1814//2 1745//2
f 1814//2 1783//2 1745//2
f 1767//3384 314//3384 302//3384
f 304//3385 1815//3385 303//3385
f 1815//3386 1768//3386 303//3386
f 1644//3387 1816//3387 1775//3387
f 1816//3388 1805//3388 1775//3388
f 1817//3389 1785//3389 1744//3389
f 1776//3390 1817//3390 1744//3390
f 1756//3391 1818//3391 1748//3391
f 1818//3392 1809//3392 1748//3392
f 1819//3393 1764//3393 1757//3393
f 1810//3394 1819//3394 1757//3394
f 1800//3395 1820//3395 1758//3395
f 1820//3396 1777//3396 1758//3396
f 1821//3397 1801//3397 1747//3397
f 1759//3398 1821//3398 1747//3398
f 1785//3399 1822//3399 280//3399
f 1781//3400 1823//3400 1750//3400
f 1823//3401 1796//3401 1750//3401
f 1824//3402 1808//3402 1782//3402
f 1797//3403 1824//3403 1782//3403
f 1771//3404 1825//3404 1752//3404
f 1825//3405 1807//3405 1752//3405
f 1826//3406 1795//3406 1772//3406
f 1808//3407 1826//3407 1772//3407
f 1763//3408 1827//3408 1756//3408
f 1827//3409 1818//3409 1756//3409
f 1828//3410 1770//3410 1764//3410
f 1819//3411 1828//3411 1764//3411
f 1805//3412 1829//3412 1779//3412
f 1829//3413 1800//3413 1779//3413
f 1830//3414 1806//3414 1755//3414
f 1780//3415 1830//3415 1755//3415
f 1831//2 1787//2 165//2
f 1813//2 1831//2 165//2
f 1789//2 1832//2 1766//2
f 1832//2 1814//2 1766//2
f 328//3416 314//3416 1767//3416
f 1790//3417 328//3417 1767//3417
f 1815//42 317//42 1768//42
f 317//42 1791//42 1768//42
f 1820//3418 1833//3418 1777//3418
f 1833//3419 1792//3419 1777//3419
f 1834//3420 1821//3420 1759//3420
f 1778//3421 1834//3421 1759//3421
f 1769//3422 1835//3422 1763//3422
f 1835//3423 1827//3423 1763//3423
f 1836//3424 1774//3424 1770//3424
f 1828//3425 1836//3425 1770//3425
f 1796//3426 1837//3426 1762//3426
f 1837//3427 1802//3427 1762//3427
f 1838//3428 1824//3428 1797//3428
f 1694//3429 1838//3429 1797//3429
f 1802//3430 1839//3430 1693//3430
f 1839//3431 1740//3431 1693//3431
f 1773//3432 1840//3432 1769//3432
f 1840//3433 1835//3433 1769//3433
f 1841//3434 1773//3434 1774//3434
f 1836//3435 1841//3435 1774//3435
f 1841//3436 1840//3436 1773//3436
f 1831//2 1789//2 1787//2
f 1831//2 1842//2 1789//2
f 1842//2 1832//2 1789//2
f 330//3437 328//3437 1790//3437
f 1791//3438 330//3438 1790//3438
f 317//3439 330//3439 1791//3439
f 1794//3440 1843//3440 1771//3440
f 1843//3441 1825//3441 1771//3441
f 1844//3442 1810//3442 1795//3442
f 1826//3443 1844//3443 1795//3443
f 1833//3444 1845//3444 1792//3444
f 1845//3445 1798//3445 1792//3445
f 1846//3446 1834//3446 1778//3446
f 1793//3447 1846//3447 1778//3447
f 1816//3448 1847//3448 1805//3448
f 1847//3449 1829//3449 1805//3449
f 1848//3450 1817//3450 1776//3450
f 1806//3450 1848//3450 1776//3450
f 1829//3451 1849//3451 1800//3451
f 1849//3452 1820//3452 1800//3452
f 1850//3453 1830//3453 1780//3453
f 1801//3454 1850//3454 1780//3454
f 1807//3455 1851//3455 1781//3455
f 1851//3456 1823//3456 1781//3456
f 1852//3457 1826//3457 1808//3457
f 1824//3458 1852//3458 1808//3458
f 1853//3459 1816//3459 1644//3459
f 1741//3460 1853//3460 1644//3460
f 1854//3461 292//3461 280//3461
f 1822//3462 1854//3462 280//3462
f 1853//3463 1847//3463 1816//3463
f 1855//3464 1822//3464 1785//3464
f 1817//3465 1855//3465 1785//3465
f 1845//3466 1856//3466 1798//3466
f 1856//3467 1803//3467 1798//3467
f 1857//3468 1846//3468 1793//3468
f 1799//3469 1857//3469 1793//3469
f 1809//3470 1858//3470 1794//3470
f 1858//3471 1843//3471 1794//3471
f 1859//3472 1819//3472 1810//3472
f 1844//3473 1859//3473 1810//3473
f 1856//3474 1860//3474 1803//3474
f 1860//3475 1811//3475 1803//3475
f 1861//3476 1857//3476 1799//3476
f 1804//3477 1861//3477 1799//3477
f 1823//3478 1862//3478 1796//3478
f 1862//3479 1837//3479 1796//3479
f 1863//3480 1852//3480 1824//3480
f 1838//3428 1863//3428 1824//3428
f 1839//3481 1864//3481 1740//3481
f 1865//3482 1838//3482 1694//3482
f 1860//3483 1866//3483 1811//3483
f 1866//3484 1812//3484 1811//3484
f 1812//3485 1867//3485 1804//3485
f 1867//3486 1861//3486 1804//3486
f 1866//3487 1867//3487 1812//3487
f 1849//3488 1868//3488 1820//3488
f 1868//3489 1833//3489 1820//3489
f 1869//3490 1850//3490 1801//3490
f 1821//3491 1869//3491 1801//3491
f 1837//3492 1870//3492 1802//3492
f 1870//3493 1839//3493 1802//3493
f 1865//3494 1863//3494 1838//3494
f 1847//3449 1871//3449 1829//3449
f 1871//3495 1849//3495 1829//3495
f 1872//3496 1848//3496 1806//3496
f 1830//3497 1872//3497 1806//3497
f 1818//3498 1873//3498 1809//3498
f 1873//3499 1858//3499 1809//3499
f 1874//3500 1828//3500 1819//3500
f 1859//3501 1874//3501 1819//3501
f 1825//3502 1875//3502 1807//3502
f 1875//3503 1851//3503 1807//3503
f 1876//3504 1844//3504 1826//3504
f 1852//3505 1876//3505 1826//3505
f 1877//3506 1853//3506 1741//3506
f 1783//3507 1877//3507 1741//3507
f 1854//3508 1878//3508 292//3508
f 1827//3509 1879//3509 1818//3509
f 1879//3510 1873//3510 1818//3510
f 1880//3511 1836//3511 1828//3511
f 1874//3512 1880//3512 1828//3512
f 1853//3513 1881//3513 1847//3513
f 1881//3514 1871//3514 1847//3514
f 1882//3515 1855//3515 1817//3515
f 1848//3516 1882//3516 1817//3516
f 1868//3517 1883//3517 1833//3517
f 1883//3518 1845//3518 1833//3518
f 1884//3519 1869//3519 1821//3519
f 1834//3520 1884//3520 1821//3520
f 1877//3521 1881//3521 1853//3521
f 1885//3522 1854//3522 1822//3522
f 1855//3523 1885//3523 1822//3523
f 1835//3524 1886//3524 1827//3524
f 1886//3525 1879//3525 1827//3525
f 1887//3526 1841//3526 1836//3526
f 1880//3527 1887//3527 1836//3527
f 1864//3528 1888//3528 1740//3528
f 1889//3529 1865//3529 1694//3529
f 314//3530 1889//3530 1694//3530
f 1851//3531 1890//3531 1823//3531
f 1890//3532 1862//3532 1823//3532
f 1891//3533 1876//3533 1852//3533
f 1863//3534 1891//3534 1852//3534
f 1843//3535 1892//3535 1825//3535
f 1892//3536 1875//3536 1825//3536
f 1893//3537 1859//3537 1844//3537
f 1876//3538 1893//3538 1844//3538
f 1840//3539 1894//3539 1835//3539
f 1894//3540 1886//3540 1835//3540
f 1895//3541 1840//3541 1841//3541
f 1887//3542 1895//3542 1841//3542
f 1895//3543 1894//3543 1840//3543
f 1871//3544 1896//3544 1849//3544
f 1896//3545 1868//3545 1849//3545
f 1897//3546 1872//3546 1830//3546
f 1850//3547 1897//3547 1830//3547
f 1883//3548 1898//3548 1845//3548
f 1898//3549 1856//3549 1845//3549
f 1899//3550 1884//3550 1834//3550
f 1846//3551 1899//3551 1834//3551
f 1870//3552 1900//3552 1839//3552
f 1900//3553 1864//3553 1839//3553
f 1901//3554 1863//3554 1865//3554
f 1889//3555 1901//3555 1865//3555
f 1862//3556 1902//3556 1837//3556
f 1902//3557 1870//3557 1837//3557
f 1901//3558 1891//3558 1863//3558
f 1903//3559 1877//3559 1783//3559
f 1904//3560 304//3560 292//3560
f 1878//3561 1904//3561 292//3561
f 1898//3562 1905//3562 1856//3562
f 1905//3563 1860//3563 1856//3563
f 1906//3564 1899//3564 1846//3564
f 1857//3565 1906//3565 1846//3565
f 1858//3566 1907//3566 1843//3566
f 1907//3567 1892//3567 1843//3567
f 1908//3568 1874//3568 1859//3568
f 1893//3569 1908//3569 1859//3569
f 1881//3570 1909//3570 1871//3570
f 1909//3571 1896//3571 1871//3571
f 1910//3572 1882//3572 1848//3572
f 1872//3573 1910//3573 1848//3573
f 1888//3574 1911//3574 1740//3574
f 1911//3575 1813//3575 1740//3575
f 1912//3576 1889//3576 314//3576
f 1896//3577 1913//3577 1868//3577
f 1913//3578 1883//3578 1868//3578
f 1914//3579 1897//3579 1850//3579
f 1869//3580 1914//3580 1850//3580
f 1905//3581 1915//3581 1860//3581
f 1915//3582 1866//3582 1860//3582
f 1916//3583 1906//3583 1857//3583
f 1861//3584 1916//3584 1857//3584
f 1875//3585 1917//3585 1851//3585
f 1917//3586 1890//3586 1851//3586
f 1918//3587 1893//3587 1876//3587
f 1891//3588 1918//3588 1876//3588
f 1903//3589 1919//3589 1877//3589
f 1919//3590 1881//3590 1877//3590
f 1920//3591 1878//3591 1854//3591
f 1885//3592 1920//3592 1854//3592
f 1919//3593 1909//3593 1881//3593
f 1921//3594 1885//3594 1855//3594
f 1882//3595 1921//3595 1855//3595
f 1915//3596 1922//3596 1866//3596
f 1922//3597 1867//3597 1866//3597
f 1867//3598 1923//3598 1861//3598
f 1923//3599 1916//3599 1861//3599
f 1922//3600 1923//3600 1867//3600
f 1873//3601 1924//3601 1858//3601
f 1924//3602 1907//3602 1858//3602
f 1925//3603 1880//3603 1874//3603
f 1908//3604 1925//3604 1874//3604
f 1926//3605 1903//3605 1783//3605
f 1814//3606 1926//3606 1783//3606
f 1904//3607 1927//3607 304//3607
f 1900//3608 1928//3608 1864//3608
f 1928//3609 1888//3609 1864//3609
f 1929//3610 1901//3610 1889//3610
f 1912//3611 1929//3611 1889//3611
f 1890//3612 1930//3612 1862//3612
f 1930//3613 1902//3613 1862//3613
f 1931//3614 1918//3614 1891//3614
f 1901//3615 1931//3615 1891//3615
f 1913//3616 1932//3616 1883//3616
f 1932//3617 1898//3617 1883//3617
f 1933//3618 1914//3618 1869//3618
f 1884//3619 1933//3619 1869//3619
f 1879//3620 1934//3620 1873//3620
f 1934//3621 1924//3621 1873//3621
f 1935//3622 1887//3622 1880//3622
f 1925//3623 1935//3623 1880//3623
f 1911//3624 1936//3624 1813//3624
f 1937//3625 1912//3625 314//3625
f 1902//3626 1938//3626 1870//3626
f 1938//3627 1900//3627 1870//3627
f 1929//3628 1931//3628 1901//3628
f 1909//3629 1939//3629 1896//3629
f 1939//3630 1913//3630 1896//3630
f 1940//3631 1910//3631 1872//3631
f 1897//3632 1940//3632 1872//3632
f 1892//3633 1941//3633 1875//3633
f 1941//3634 1917//3634 1875//3634
f 1942//3635 1908//3635 1893//3635
f 1918//3636 1942//3636 1893//3636
f 1886//3637 1943//3637 1879//3637
f 1943//3638 1934//3638 1879//3638
f 1944//3639 1895//3639 1887//3639
f 1935//3640 1944//3640 1887//3640
f 1926//3641 1945//3641 1903//3641
f 1945//3642 1919//3642 1903//3642
f 1946//3643 1904//3643 1878//3643
f 1920//3644 1946//3644 1878//3644
f 1947//3645 1926//3645 1814//3645
f 1948//3646 1815//3646 304//3646
f 1927//3647 1948//3647 304//3647
f 1894//3648 1949//3648 1886//3648
f 1949//3649 1943//3649 1886//3649
f 1950//3650 1894//3650 1895//3650
f 1944//3651 1950//3651 1895//3651
f 1932//3652 1951//3652 1898//3652
f 1951//3653 1905//3653 1898//3653
f 1952//3654 1933//3654 1884//3654
f 1899//3655 1952//3655 1884//3655
f 1950//3656 1949//3656 1894//3656
f 1919//3657 1953//3657 1909//3657
f 1953//3658 1939//3658 1909//3658
f 1954//3659 1921//3659 1882//3659
f 1910//3660 1954//3660 1882//3660
f 1945//3661 1953//3661 1919//3661
f 1955//3662 1920//3662 1885//3662
f 1921//3663 1955//3663 1885//3663
f 1936//3664 1956//3664 1813//3664
f 1957//3665 1937//3665 314//3665
f 328//3666 1957//3666 314//3666
f 1928//3667 1958//3667 1888//3667
f 1958//3668 1911//3668 1888//3668
f 1959//3669 1929//3669 1912//3669
f 1937//3670 1959//3670 1912//3670
f 1907//3671 1960//3671 1892//3671
f 1960//3672 1941//3672 1892//3672
f 1961//3673 1925//3673 1908//3673
f 1942//3674 1961//3674 1908//3674
f 1917//3675 1962//3675 1890//3675
f 1962//3676 1930//3676 1890//3676
f 1963//3677 1942//3677 1918//3677
f 1931//3678 1963//3678 1918//3678
f 1964//3679 1947//3679 1814//3679
f 1832//3680 1964//3680 1814//3680
f 1965//3681 317//3681 1815//3681
f 1948//3682 1965//3682 1815//3682
f 1951//3683 1966//3683 1905//3683
f 1966//3684 1915//3684 1905//3684
f 1967//3685 1952//3685 1899//3685
f 1906//3686 1967//3686 1899//3686
f 1939//3687 1968//3687 1913//3687
f 1968//3688 1932//3688 1913//3688
f 1969//3689 1940//3689 1897//3689
f 1914//3690 1969//3690 1897//3690
f 1956//3691 1970//3691 1813//3691
f 1970//3692 1831//3692 1813//3692
f 1971//3693 1957//3693 328//3693
f 1938//3694 1972//3694 1900//3694
f 1972//3695 1928//3695 1900//3695
f 1973//3696 1931//3696 1929//3696
f 1959//3697 1973//3697 1929//3697
f 1947//3698 1974//3698 1926//3698
f 1974//3699 1945//3699 1926//3699
f 1975//3700 1927//3700 1904//3700
f 1946//3700 1975//3700 1904//3700
f 1930//3701 1976//3701 1902//3701
f 1976//3702 1938//3702 1902//3702
f 1973//3703 1963//3703 1931//3703
f 1966//3704 1977//3704 1915//3704
f 1977//3705 1922//3705 1915//3705
f 1978//3706 1967//3706 1906//3706
f 1916//3707 1978//3707 1906//3707
f 1979//3708 1964//3708 1832//3708
f 1965//3709 1980//3709 317//3709
f 1924//3710 1981//3710 1907//3710
f 1981//3711 1960//3711 1907//3711
f 1982//3712 1935//3712 1925//3712
f 1961//3713 1982//3713 1925//3713
f 1977//3714 1983//3714 1922//3714
f 1983//3715 1923//3715 1922//3715
f 1923//3716 1984//3716 1916//3716
f 1984//3717 1978//3717 1916//3717
f 1970//3718 1985//3718 1831//3718
f 1986//3719 1971//3719 328//3719
f 330//3720 1986//3720 328//3720
f 1983//3721 1984//3721 1923//3721
f 1987//3722 1979//3722 1832//3722
f 1980//3723 1988//3723 317//3723
f 1988//3724 330//3724 317//3724
f 1953//3725 1989//3725 1939//3725
f 1989//3726 1968//3726 1939//3726
f 1990//3727 1954//3727 1910//3727
f 1940//3728 1990//3728 1910//3728
f 1958//3729 1991//3729 1911//3729
f 1991//3730 1936//3730 1911//3730
f 1992//3731 1959//3731 1937//3731
f 1957//3732 1992//3732 1937//3732
f 1985//3733 1842//3733 1831//3733
f 1993//3734 1986//3734 330//3734
f 1988//3735 1993//3735 330//3735
f 1968//3736 1994//3736 1932//3736
f 1994//3737 1951//3737 1932//3737
f 1995//3738 1969//3738 1914//3738
f 1933//3739 1995//3739 1914//3739
f 1996//3740 1987//3740 1832//3740
f 1842//3741 1996//3741 1832//3741
f 1985//3742 1996//3742 1842//3742
f 1974//3743 1997//3743 1945//3743
f 1997//3744 1953//3744 1945//3744
f 1998//3745 1946//3745 1920//3745
f 1955//3746 1998//3746 1920//3746
f 1941//3747 1999//3747 1917//3747
f 1999//3748 1962//3748 1917//3748
f 2000//3749 1961//3749 1942//3749
f 1963//3750 2000//3750 1942//3750
f 1997//3751 1989//3751 1953//3751
f 2001//3752 1955//3752 1921//3752
f 1954//3753 2001//3753 1921//3753
f 1934//3754 2002//3754 1924//3754
f 2002//3755 1981//3755 1924//3755
f 2003//3756 1944//3756 1935//3756
f 1982//3757 2003//3757 1935//3757
f 1964//3758 2004//3758 1947//3758
f 2004//3698 1974//3698 1947//3698
f 2005//3759 1948//3759 1927//3759
f 1975//3760 2005//3760 1927//3760
f 1943//3761 2006//3761 1934//3761
f 2006//3762 2002//3762 1934//3762
f 2007//3763 1950//3763 1944//3763
f 2003//3764 2007//3764 1944//3764
f 1972//3765 2008//3765 1928//3765
f 2008//3766 1958//3766 1928//3766
f 2009//3767 1973//3767 1959//3767
f 1992//3768 2009//3768 1959//3768
f 1991//3769 2010//3769 1936//3769
f 2010//3770 1956//3770 1936//3770
f 2011//3771 1992//3771 1957//3771
f 1971//3772 2011//3772 1957//3772
f 1994//3773 2012//3773 1951//3773
f 2012//3774 1966//3774 1951//3774
f 2013//3775 1995//3775 1933//3775
f 1952//3776 2013//3776 1933//3776
f 1962//3777 2014//3777 1930//3777
f 2014//3778 1976//3778 1930//3778
f 2015//3779 2000//3779 1963//3779
f 1973//3780 2015//3780 1963//3780
f 1949//3781 2016//3781 1943//3781
f 2016//3782 2006//3782 1943//3782
f 2017//3783 1949//3783 1950//3783
f 2007//3784 2017//3784 1950//3784
f 1976//3785 2018//3785 1938//3785
f 2018//3786 1972//3786 1938//3786
f 2009//3787 2015//3787 1973//3787
f 2017//3788 2016//3788 1949//3788
f 1960//3789 2019//3789 1941//3789
f 2019//3790 1999//3790 1941//3790
f 2020//3791 1982//3791 1961//3791
f 2000//3792 2020//3792 1961//3792
f 1989//3793 2021//3793 1968//3793
f 2021//3794 1994//3794 1968//3794
f 2022//3795 1990//3795 1940//3795
f 1969//3796 2022//3796 1940//3796
f 1979//3797 2023//3797 1964//3797
f 2023//3798 2004//3798 1964//3798
f 2024//3799 1965//3799 1948//3799
f 2005//3800 2024//3800 1948//3800
f 2004//3801 2025//3801 1974//3801
f 2025//3802 1997//3802 1974//3802
f 2026//3803 1975//3803 1946//3803
f 1998//3804 2026//3804 1946//3804
f 2012//3805 2027//3805 1966//3805
f 2027//3806 1977//3806 1966//3806
f 2028//3807 2013//3807 1952//3807
f 1967//3808 2028//3808 1952//3808
f 2010//3809 2029//3809 1956//3809
f 2029//3810 1970//3810 1956//3810
f 2030//3811 2011//3811 1971//3811
f 1986//3812 2030//3812 1971//3812
f 1997//3813 2031//3813 1989//3813
f 2031//3814 2021//3814 1989//3814
f 2032//3815 2001//3815 1954//3815
f 1990//3816 2032//3816 1954//3816
f 1987//3817 2033//3817 1979//3817
f 2033//3818 2023//3818 1979//3818
f 2034//3819 1980//3819 1965//3819
f 2024//3820 2034//3820 1965//3820
f 2025//3821 2031//3821 1997//3821
f 2035//3822 1998//3822 1955//3822
f 2001//3823 2035//3823 1955//3823
f 2008//3824 2036//3824 1958//3824
f 2036//3825 1991//3825 1958//3825
f 2037//3826 2009//3826 1992//3826
f 2011//3827 2037//3827 1992//3827
f 2027//3828 2038//3828 1977//3828
f 2038//3829 1983//3829 1977//3829
f 2039//3830 2028//3830 1967//3830
f 1978//3831 2039//3831 1967//3831
f 1981//3832 2040//3832 1960//3832
f 2040//3833 2019//3833 1960//3833
f 2041//3834 2003//3834 1982//3834
f 2020//3835 2041//3835 1982//3835
f 2029//3836 2042//3836 1970//3836
f 2042//3837 1985//3837 1970//3837
f 2043//3838 2030//3838 1986//3838
f 1993//3839 2043//3839 1986//3839
f 1999//3840 2044//3840 1962//3840
f 2044//3841 2014//3841 1962//3841
f 2045//3842 2020//3842 2000//3842
f 2015//3843 2045//3843 2000//3843
f 1996//3844 2046//3844 1987//3844
f 2046//3845 2033//3845 1987//3845
f 2047//3846 1988//3846 1980//3846
f 2034//3847 2047//3847 1980//3847
f 2021//3848 2048//3848 1994//3848
f 2048//3849 2012//3849 1994//3849
f 2049//3850 2022//3850 1969//3850
f 1995//3851 2049//3851 1969//3851
f 2038//3852 2050//3852 1983//3852
f 2050//3853 1984//3853 1983//3853
f 1984//3854 2051//3854 1978//3854
f 2051//3855 2039//3855 1978//3855
f 2042//3856 2052//3856 1985//3856
f 2052//3857 1996//3857 1985//3857
f 2053//3858 2043//3858 1993//3858
f 1988//3859 2053//3859 1993//3859
f 2050//3860 2051//3860 1984//3860
f 2052//3861 2046//3861 1996//3861
f 2047//3862 2053//3862 1988//3862
f 2023//3863 2054//3863 2004//3863
f 2054//3864 2025//3864 2004//3864
f 2055//3865 2005//3865 1975//3865
f 2026//3866 2055//3866 1975//3866
f 2018//3867 2056//3867 1972//3867
f 2056//3868 2008//3868 1972//3868
f 2057//3869 2015//3869 2009//3869
f 2037//3870 2057//3870 2009//3870
f 2014//3871 2058//3871 1976//3871
f 2058//3872 2018//3872 1976//3872
f 2057//3873 2045//3873 2015//3873
f 2002//3874 2059//3874 1981//3874
f 2059//3875 2040//3875 1981//3875
f 2060//3876 2007//3876 2003//3876
f 2041//3877 2060//3877 2003//3877
f 2036//3878 2061//3878 1991//3878
f 2061//3879 2010//3879 1991//3879
f 2062//3880 2037//3880 2011//3880
f 2030//3881 2062//3881 2011//3881
f 2031//3882 2063//3882 2021//3882
f 2063//3883 2048//3883 2021//3883
f 2064//3884 2032//3884 1990//3884
f 2022//3885 2064//3885 1990//3885
f 2048//3886 2065//3886 2012//3886
f 2065//3887 2027//3887 2012//3887
f 2066//3888 2049//3888 1995//3888
f 2013//3889 2066//3889 1995//3889
f 2006//3890 2067//3890 2002//3890
f 2067//3891 2059//3891 2002//3891
f 2068//3892 2017//3892 2007//3892
f 2060//3893 2068//3893 2007//3893
f 2054//3894 2069//3894 2025//3894
f 2069//3895 2031//3895 2025//3895
f 2070//3896 2026//3896 1998//3896
f 2035//3897 2070//3897 1998//3897
f 2019//3898 2071//3898 1999//3898
f 2071//3899 2044//3899 1999//3899
f 2072//3900 2041//3900 2020//3900
f 2045//3901 2072//3901 2020//3901
f 2033//3902 2073//3902 2023//3902
f 2073//3903 2054//3903 2023//3903
f 2074//3904 2024//3904 2005//3904
f 2055//3905 2074//3905 2005//3905
f 2069//3906 2063//3906 2031//3906
f 2075//3907 2035//3907 2001//3907
f 2032//3908 2075//3908 2001//3908
f 2016//3909 2076//3909 2006//3909
f 2076//3910 2067//3910 2006//3910
f 2077//3911 2016//3911 2017//3911
f 2068//3912 2077//3912 2017//3912
f 2077//3913 2076//3913 2016//3913
f 2061//3914 2078//3914 2010//3914
f 2078//3915 2029//3915 2010//3915
f 2079//3916 2062//3916 2030//3916
f 2043//3917 2079//3917 2030//3917
f 2056//3918 2080//3918 2008//3918
f 2080//3919 2036//3919 2008//3919
f 2081//3920 2057//3920 2037//3920
f 2062//3921 2081//3921 2037//3921
f 2065//3922 2082//3922 2027//3922
f 2082//3923 2038//3923 2027//3923
f 2083//3924 2066//3924 2013//3924
f 2028//3925 2083//3925 2013//3925
f 2044//3926 2084//3926 2014//3926
f 2084//3927 2058//3927 2014//3927
f 2085//3928 2072//3928 2045//3928
f 2057//3929 2085//3929 2045//3929
f 2046//3930 2086//3930 2033//3930
f 2086//3931 2073//3931 2033//3931
f 2087//3932 2034//3932 2024//3932
f 2074//3933 2087//3933 2024//3933
f 2058//3934 2088//3934 2018//3934
f 2088//3935 2056//3935 2018//3935
f 2081//3936 2085//3936 2057//3936
f 2040//3937 2089//3937 2019//3937
f 2089//3938 2071//3938 2019//3938
f 2090//3939 2060//3939 2041//3939
f 2072//3940 2090//3940 2041//3940
f 2078//3941 2091//3941 2029//3941
f 2091//3942 2042//3942 2029//3942
f 2092//3943 2079//3943 2043//3943
f 2053//3944 2092//3944 2043//3944
f 2063//3945 2093//3945 2048//3945
f 2093//3946 2065//3946 2048//3946
f 2094//3947 2064//3947 2022//3947
f 2049//3948 2094//3948 2022//3948
f 2082//3949 2095//3949 2038//3949
f 2095//3950 2050//3950 2038//3950
f 2096//3951 2083//3951 2028//3951
f 2039//3951 2096//3951 2028//3951
f 2073//3952 2097//3952 2054//3952
f 2097//3953 2069//3953 2054//3953
f 2098//3954 2055//3954 2026//3954
f 2070//3955 2098//3955 2026//3955
f 2052//3956 2099//3956 2046//3956
f 2099//3957 2086//3957 2046//3957
f 2100//3958 2047//3958 2034//3958
f 2087//3958 2100//3958 2034//3958
f 2091//3959 2101//3959 2042//3959
f 2101//3960 2052//3960 2042//3960
f 2102//3961 2092//3961 2053//3961
f 2047//3962 2102//3962 2053//3962
f 2101//3963 2099//3963 2052//3963
f 2100//3964 2102//3964 2047//3964
f 2095//3950 2103//3950 2050//3950
f 2103//3965 2051//3965 2050//3965
f 2051//3966 2104//3966 2039//3966
f 2104//3967 2096//3967 2039//3967
f 2103//3968 2104//3968 2051//3968
f 2069//3969 2105//3969 2063//3969
f 2105//3970 2093//3970 2063//3970
f 2106//3971 2075//3971 2032//3971
f 2064//3972 2106//3972 2032//3972
f 2080//3973 2107//3973 2036//3973
f 2107//3974 2061//3974 2036//3974
f 2108//3975 2081//3975 2062//3975
f 2079//3976 2108//3976 2062//3976
f 2097//3977 2105//3977 2069//3977
f 2109//3978 2070//3978 2035//3978
f 2075//3979 2109//3979 2035//3979
f 2059//3980 2110//3980 2040//3980
f 2110//3981 2089//3981 2040//3981
f 2111//3982 2068//3982 2060//3982
f 2090//3983 2111//3983 2060//3983
f 2071//3984 2112//3984 2044//3984
f 2112//3985 2084//3985 2044//3985
f 2113//3986 2090//3986 2072//3986
f 2085//3987 2113//3987 2072//3987
f 2093//3988 2114//3988 2065//3988
f 2114//3989 2082//3989 2065//3989
f 2115//3990 2094//3990 2049//3990
f 2066//3991 2115//3991 2049//3991
f 2086//3992 2116//3992 2073//3992
f 2116//3993 2097//3993 2073//3993
f 2117//3994 2074//3994 2055//3994
f 2098//3995 2117//3995 2055//3995
f 2067//3996 2118//3996 2059//3996
f 2118//3997 2110//3997 2059//3997
f 2119//3998 2077//3998 2068//3998
f 2111//3999 2119//3999 2068//3999
f 2088//4000 2120//4000 2056//4000
f 2120//4001 2080//4001 2056//4001
f 2121//4002 2085//4002 2081//4002
f 2108//4003 2121//4003 2081//4003
f 2084//4004 2122//4004 2058//4004
f 2122//4005 2088//4005 2058//4005
f 2121//4006 2113//4006 2085//4006
f 2107//4007 2123//4007 2061//4007
f 2123//4008 2078//4008 2061//4008
f 2124//4009 2108//4009 2079//4009
f 2092//4010 2124//4010 2079//4010
f 2076//4011 2125//4011 2067//4011
f 2125//4012 2118//4012 2067//4012
f 2126//4013 2076//4013 2077//4013
f 2119//4014 2126//4014 2077//4014
f 2126//4015 2125//4015 2076//4015
f 2114//4016 2127//4016 2082//4016
f 2127//4017 2095//4017 2082//4017
f 2128//4018 2115//4018 2066//4018
f 2083//4019 2128//4019 2066//4019
f 2099//4020 2129//4020 2086//4020
f 2129//4021 2116//4021 2086//4021
f 2130//4022 2087//4022 2074//4022
f 2117//4023 2130//4023 2074//4023
f 2105//4024 2131//4024 2093//4024
f 2131//4025 2114//4025 2093//4025
f 2132//4026 2106//4026 2064//4026
f 2094//4027 2132//4027 2064//4027
f 2116//4028 2133//4028 2097//4028
f 2133//4029 2105//4029 2097//4029
f 2134//4030 2098//4030 2070//4030
f 2109//4031 2134//4031 2070//4031
f 2089//4032 2135//4032 2071//4032
f 2135//4033 2112//4033 2071//4033
f 2136//4034 2111//4034 2090//4034
f 2113//4035 2136//4035 2090//4035
f 2123//4036 2137//4036 2078//4036
f 2137//4037 2091//4037 2078//4037
f 2138//4038 2124//4038 2092//4038
f 2102//4039 2138//4039 2092//4039
f 2133//4040 2131//4040 2105//4040
f 2139//4041 2109//4041 2075//4041
f 2106//4042 2139//4042 2075//4042
f 2101//4043 2140//4043 2099//4043
f 2140//4044 2129//4044 2099//4044
f 2141//4045 2100//4045 2087//4045
f 2130//4046 2141//4046 2087//4046
f 2127//4047 2142//4047 2095//4047
f 2142//4048 2103//4048 2095//4048
f 2143//4049 2128//4049 2083//4049
f 2096//4050 2143//4050 2083//4050
f 2137//4051 2144//4051 2091//4051
f 2144//4052 2101//4052 2091//4052
f 2145//4053 2138//4053 2102//4053
f 2100//4054 2145//4054 2102//4054
f 2120//4055 2146//4055 2080//4055
f 2146//4056 2107//4056 2080//4056
f 2147//4057 2121//4057 2108//4057
f 2124//4058 2147//4058 2108//4058
f 2144//4059 2140//4059 2101//4059
f 2141//4060 2145//4060 2100//4060
f 2142//4061 2148//4061 2103//4061
f 2148//4062 2104//4062 2103//4062
f 2104//4063 2149//4063 2096//4063
f 2149//4064 2143//4064 2096//4064
f 2112//4065 2150//4065 2084//4065
f 2150//4066 2122//4066 2084//4066
f 2151//4067 2136//4067 2113//4067
f 2121//4068 2151//4068 2113//4068
f 2148//4069 2149//4069 2104//4069
f 2110//4070 2152//4070 2089//4070
f 2152//4070 2135//4070 2089//4070
f 2153//4071 2119//4071 2111//4071
f 2136//4072 2153//4072 2111//4072
f 2122//4073 2154//4073 2088//4073
f 2154//4074 2120//4074 2088//4074
f 2147//4075 2151//4075 2121//4075
f 2131//4076 2155//4076 2114//4076
f 2155//4077 2127//4077 2114//4077
f 2156//4078 2132//4078 2094//4078
f 2115//4079 2156//4079 2094//4079
f 2129//4080 2157//4080 2116//4080
f 2157//4081 2133//4081 2116//4081
f 2158//4082 2117//4082 2098//4082
f 2134//4083 2158//4083 2098//4083
f 2146//4084 2159//4084 2107//4084
f 2159//4085 2123//4085 2107//4085
f 2160//4086 2147//4086 2124//4086
f 2138//4087 2160//4087 2124//4087
f 2118//4088 2161//4088 2110//4088
f 2161//4089 2152//4089 2110//4089
f 2162//4090 2126//4090 2119//4090
f 2153//4071 2162//4071 2119//4071
f 2133//4091 2163//4091 2131//4091
f 2163//4092 2155//4092 2131//4092
f 2164//4093 2139//4093 2106//4093
f 2132//4094 2164//4094 2106//4094
f 2157//4095 2163//4095 2133//4095
f 2165//4096 2134//4096 2109//4096
f 2139//4097 2165//4097 2109//4097
f 2140//4098 2166//4098 2129//4098
f 2166//4099 2157//4099 2129//4099
f 2167//4100 2130//4100 2117//4100
f 2158//4101 2167//4101 2117//4101
f 2125//4102 2168//4102 2118//4102
f 2168//4103 2161//4103 2118//4103
f 2169//4104 2125//4104 2126//4104
f 2162//4105 2169//4105 2126//4105
f 2155//4106 2170//4106 2127//4106
f 2170//4107 2142//4107 2127//4107
f 2171//4108 2156//4108 2115//4108
f 2128//4109 2171//4109 2115//4109
f 2135//4110 2172//4110 2112//4110
f 2172//4111 2150//4111 2112//4111
f 2173//4112 2153//4112 2136//4112
f 2151//4113 2173//4113 2136//4113
f 2169//4114 2168//4114 2125//4114
f 2159//4115 2174//4115 2123//4115
f 2174//4116 2137//4116 2123//4116
f 2175//4117 2160//4117 2138//4117
f 2145//4118 2175//4118 2138//4118
f 2154//4119 2176//4119 2120//4119
f 2176//4120 2146//4120 2120//4120
f 2177//4121 2151//4121 2147//4121
f 2160//4122 2177//4122 2147//4122
f 2144//4123 2178//4123 2140//4123
f 2178//4124 2166//4124 2140//4124
f 2179//4125 2141//4125 2130//4125
f 2167//4126 2179//4126 2130//4126
f 2150//4127 2180//4127 2122//4127
f 2180//4128 2154//4128 2122//4128
f 2177//4129 2173//4129 2151//4129
f 2174//4130 2181//4130 2137//4130
f 2181//4131 2144//4131 2137//4131
f 2182//4132 2175//4132 2145//4132
f 2141//4133 2182//4133 2145//4133
f 2170//4134 2183//4134 2142//4134
f 2183//4135 2148//4135 2142//4135
f 2184//4136 2171//4136 2128//4136
f 2143//4137 2184//4137 2128//4137
f 2181//4123 2178//4123 2144//4123
f 2179//4138 2182//4138 2141//4138
f 2166//4139 2185//4139 2157//4139
f 2185//4140 2163//4140 2157//4140
f 2186//4141 2158//4141 2134//4141
f 2165//4142 2186//4142 2134//4142
f 2163//4143 2187//4143 2155//4143
f 2187//4144 2170//4144 2155//4144
f 2188//4145 2164//4145 2132//4145
f 2156//4146 2188//4146 2132//4146
f 2152//4147 2189//4147 2135//4147
f 2189//4148 2172//4148 2135//4148
f 2190//4149 2162//4149 2153//4149
f 2173//4150 2190//4150 2153//4150
f 2183//4151 2191//4151 2148//4151
f 2191//4152 2149//4152 2148//4152
f 2149//4153 2192//4153 2143//4153
f 2192//4154 2184//4154 2143//4154
f 2191//4155 2192//4155 2149//4155
f 2185//4156 2187//4156 2163//4156
f 2193//4157 2165//4157 2139//4157
f 2164//4158 2193//4158 2139//4158
f 2176//4159 2194//4159 2146//4159
f 2194//4160 2159//4160 2146//4160
f 2195//4161 2177//4161 2160//4161
f 2175//4162 2195//4162 2160//4162
f 2161//4163 2196//4163 2152//4163
f 2196//4163 2189//4163 2152//4163
f 2197//4164 2169//4164 2162//4164
f 2190//4165 2197//4165 2162//4165
f 2172//4166 2198//4166 2150//4166
f 2198//4167 2180//4167 2150//4167
f 2199//4168 2190//4168 2173//4168
f 2177//4169 2199//4169 2173//4169
f 2178//4170 2200//4170 2166//4170
f 2200//4171 2185//4171 2166//4171
f 2201//4172 2167//4172 2158//4172
f 2186//4173 2201//4173 2158//4173
f 2187//4174 2202//4174 2170//4174
f 2202//4175 2183//4175 2170//4175
f 2203//4176 2188//4176 2156//4176
f 2171//4177 2203//4177 2156//4177
f 2180//4178 2204//4178 2154//4178
f 2204//4179 2176//4179 2154//4179
f 2195//4180 2199//4180 2177//4180
f 2168//4181 2205//4181 2161//4181
f 2205//4181 2196//4181 2161//4181
f 2206//4182 2168//4182 2169//4182
f 2197//4164 2206//4164 2169//4164
f 2194//4183 2207//4183 2159//4183
f 2207//4184 2174//4184 2159//4184
f 2208//4185 2195//4185 2175//4185
f 2182//4186 2208//4186 2175//4186
f 2206//4182 2205//4182 2168//4182
f 2181//4187 2209//4187 2178//4187
f 2209//4188 2200//4188 2178//4188
f 2210//4189 2179//4189 2167//4189
f 2201//4190 2210//4190 2167//4190
f 2200//4191 2211//4191 2185//4191
f 2211//4192 2187//4192 2185//4192
f 2212//4193 2186//4193 2165//4193
f 2193//4194 2212//4194 2165//4194
f 2211//4195 2202//4195 2187//4195
f 2213//4196 2193//4196 2164//4196
f 2188//4197 2213//4197 2164//4197
f 2207//4198 2214//4198 2174//4198
f 2214//4199 2181//4199 2174//4199
f 2215//4200 2208//4200 2182//4200
f 2179//4201 2215//4201 2182//4201
f 2202//4202 2216//4202 2183//4202
f 2216//4203 2191//4203 2183//4203
f 2217//4204 2203//4204 2171//4204
f 2184//4205 2217//4205 2171//4205
f 2214//4206 2209//4206 2181//4206
f 2210//4207 2215//4207 2179//4207
f 2189//4208 2218//4208 2172//4208
f 2218//4209 2198//4209 2172//4209
f 2219//4210 2197//4210 2190//4210
f 2199//4211 2219//4211 2190//4211
f 2204//4212 2220//4212 2176//4212
f 2220//4213 2194//4213 2176//4213
f 2221//4214 2199//4214 2195//4214
f 2208//4215 2221//4215 2195//4215
f 2216//4216 2222//4216 2191//4216
f 2222//4217 2192//4217 2191//4217
f 2192//4218 2223//4218 2184//4218
f 2223//4219 2217//4219 2184//4219
f 2222//4220 2223//4220 2192//4220
f 2198//4221 2224//4221 2180//4221
f 2224//4222 2204//4222 2180//4222
f 2221//4223 2219//4223 2199//4223
f 2209//4224 2225//4224 2200//4224
f 2225//4225 2211//4225 2200//4225
f 2226//4226 2201//4226 2186//4226
f 2212//4226 2226//4226 2186//4226
f 2196//4227 2227//4227 2189//4227
f 2227//4228 2218//4228 2189//4228
f 2228//4229 2206//4229 2197//4229
f 2219//4230 2228//4230 2197//4230
f 2211//4231 2229//4231 2202//4231
f 2229//4232 2216//4232 2202//4232
f 2230//4233 2213//4233 2188//4233
f 2203//4234 2230//4234 2188//4234
f 2220//4235 2231//4235 2194//4235
f 2231//4236 2207//4236 2194//4236
f 2232//4237 2221//4237 2208//4237
f 2215//4238 2232//4238 2208//4238
f 2225//4239 2229//4239 2211//4239
f 2233//4240 2212//4240 2193//4240
f 2213//4241 2233//4241 2193//4241
f 2205//4242 2234//4242 2196//4242
f 2234//4243 2227//4243 2196//4243
f 2235//4244 2205//4244 2206//4244
f 2228//4245 2235//4245 2206//4245
f 2214//4246 2236//4246 2209//4246
f 2236//4224 2225//4224 2209//4224
f 2237//4247 2210//4247 2201//4247
f 2226//4248 2237//4248 2201//4248
f 2235//4249 2234//4249 2205//4249
f 2231//4250 2238//4250 2207//4250
f 2238//4251 2214//4251 2207//4251
f 2239//4252 2232//4252 2215//4252
f 2210//4253 2239//4253 2215//4253
f 2218//4254 2240//4254 2198//4254
f 2240//4255 2224//4255 2198//4255
f 2241//4256 2228//4256 2219//4256
f 2221//4257 2241//4257 2219//4257
f 2238//4258 2236//4258 2214//4258
f 2237//4259 2239//4259 2210//4259
f 2229//4260 2242//4260 2216//4260
f 2242//4261 2222//4261 2216//4261
f 2243//4262 2230//4262 2203//4262
f 2217//4263 2243//4263 2203//4263
f 2224//4264 2244//4264 2204//4264
f 2244//4265 2220//4265 2204//4265
f 2232//4266 2241//4266 2221//4266
f 2242//4267 2245//4267 2222//4267
f 2245//4268 2223//4268 2222//4268
f 2223//4269 2246//4269 2217//4269
f 2246//4270 2243//4270 2217//4270
f 2236//4271 2247//4271 2225//4271
f 2247//4272 2229//4272 2225//4272
f 2248//4273 2226//4273 2212//4273
f 2233//4274 2248//4274 2212//4274
f 2247//4275 2242//4275 2229//4275
f 2249//4276 2233//4276 2213//4276
f 2230//4277 2249//4277 2213//4277
f 2245//4278 2246//4278 2223//4278
f 2227//4279 2250//4279 2218//4279
f 2250//4279 2240//4279 2218//4279
f 2251//4280 2235//4280 2228//4280
f 2241//4281 2251//4281 2228//4281
f 2244//4282 2252//4282 2220//4282
f 2252//4283 2231//4283 2220//4283
f 2253//4284 2241//4284 2232//4284
f 2239//4285 2253//4285 2232//4285
f 2238//4286 2254//4286 2236//4286
f 2254//4287 2247//4287 2236//4287
f 2255//4288 2237//4288 2226//4288
f 2248//4289 2255//4289 2226//4289
f 2240//4290 2256//4290 2224//4290
f 2256//4291 2244//4291 2224//4291
f 2253//4292 2251//4292 2241//4292
f 2234//4293 2257//4293 2227//4293
f 2257//4294 2250//4294 2227//4294
f 2258//4295 2234//4295 2235//4295
f 2251//4280 2258//4280 2235//4280
f 2252//4296 2259//4296 2231//4296
f 2259//4297 2238//4297 2231//4297
f 2260//4298 2253//4298 2239//4298
f 2237//4299 2260//4299 2239//4299
f 2258//4300 2257//4300 2234//4300
f 2247//4301 2261//4301 2242//4301
f 2261//4302 2245//4302 2242//4302
f 2262//4303 2249//4303 2230//4303
f 2243//4304 2262//4304 2230//4304
f 2259//4305 2254//4305 2238//4305
f 2255//4306 2260//4306 2237//4306
f 2254//4307 2261//4307 2247//4307
f 2263//4308 2248//4308 2233//4308
f 2249//4309 2263//4309 2233//4309
f 2261//4310 2264//4310 2245//4310
f 2264//4311 2246//4311 2245//4311
f 2246//4312 2265//4312 2243//4312
f 2265//4313 2262//4313 2243//4313
f 2250//4314 2266//4314 2240//4314
f 2266//4315 2256//4315 2240//4315
f 2267//4316 2258//4316 2251//4316
f 2253//4317 2267//4317 2251//4317
f 2256//4318 2268//4318 2244//4318
f 2268//4319 2252//4319 2244//4319
f 2260//4320 2267//4320 2253//4320
f 2264//4321 2265//4321 2246//4321
f 2259//4322 2269//4322 2254//4322
f 2269//4323 2261//4323 2254//4323
f 2270//4324 2255//4324 2248//4324
f 2263//4325 2270//4325 2248//4325
f 2269//4326 2264//4326 2261//4326
f 2271//4327 2263//4327 2249//4327
f 2262//4328 2271//4328 2249//4328
f 2257//4329 2272//4329 2250//4329
f 2272//4330 2266//4330 2250//4330
f 2273//4331 2257//4331 2258//4331
f 2267//4332 2273//4332 2258//4332
f 2268//4333 2274//4333 2252//4333
f 2274//4334 2259//4334 2252//4334
f 2275//4335 2267//4335 2260//4335
f 2255//4336 2275//4336 2260//4336
f 2274//4337 2269//4337 2259//4337
f 2270//4338 2275//4338 2255//4338
f 2273//4339 2272//4339 2257//4339
f 2266//4340 2276//4340 2256//4340
f 2276//4341 2268//4341 2256//4341
f 2275//4342 2273//4342 2267//4342
f 2269//4343 2277//4343 2264//4343
f 2277//4344 2265//4344 2264//4344
f 2265//4345 2278//4345 2262//4345
f 2278//4346 2271//4346 2262//4346
f 2277//4347 2278//4347 2265//4347
f 2274//4348 2277//4348 2269//4348
f 2279//4349 2270//4349 2263//4349
f 2271//4350 2279//4350 2263//4350
f 2276//4351 2280//4351 2268//4351
f 2280//4352 2274//4352 2268//4352
f 2281//4353 2273//4353 2275//4353
f 2270//4354 2281//4354 2275//4354
f 2272//4355 2282//4355 2266//4355
f 2282//4356 2276//4356 2266//4356
f 2281//4357 2272//4357 2273//4357
f 2280//4358 2277//4358 2274//4358
f 2279//4359 2281//4359 2270//4359
f 2281//4360 2282//4360 2272//4360
f 2280//4361 2278//4361 2277//4361
f 2278//4362 2283//4362 2271//4362
f 2283//4363 2279//4363 2271//4363
f 2280//4364 2283//4364 2278//4364
f 2282//4365 2283//4365 2276//4365
f 2283//4366 2280//4366 2276//4366
f 2283//4367 2282//4367 2281//4367
f 2279//4368 2283//4368 2281//4368
