# Blender v3.0.0 OBJ File: ''
# www.blender.org
mtllib Chassis.mtl
o /ambf/env/Chassis_Chassis
v -0.014389 0.328836 0.009987
v 0.014389 0.328836 0.009987
v -0.014389 0.328836 -0.005012
v -0.043098 0.326858 -0.005012
v 0.014389 0.328836 -0.005012
v 0.027250 0.327949 -0.005012
v -0.065200 0.323798 -0.005012
v -0.070512 0.323062 0.009987
v -0.043098 0.326858 0.009987
v 0.043098 0.326858 0.009987
v 0.070650 0.323043 -0.005012
v 0.043098 0.326858 -0.005012
v 0.024250 0.328156 0.009987
v -0.071604 0.322911 0.009987
v -0.071604 0.322911 -0.005012
v 0.071175 0.322970 0.009987
v 0.070650 0.317417 -0.005012
v 0.071604 0.322911 -0.005012
v -0.290000 -0.185786 0.009987
v -0.290000 -0.179136 -0.005013
v -0.290000 -0.185786 -0.005013
v -0.290000 0.166482 0.009987
v -0.275000 0.166482 -0.005012
v -0.290000 0.166482 -0.005012
v -0.290000 0.144901 0.009987
v -0.290000 0.147189 -0.005012
v -0.290000 0.107003 0.002223
v -0.290000 0.107003 0.002752
v -0.272186 0.171356 0.001624
v -0.271967 0.171735 0.000864
v -0.275000 0.166482 0.009987
v -0.272262 0.171224 0.002487
v -0.271631 0.172317 0.000301
v -0.271000 0.173411 -0.000038
v -0.268602 0.177564 -0.005012
v 0.275000 0.166482 0.009987
v 0.290000 0.166482 -0.005012
v 0.275000 0.166482 -0.005012
v 0.290000 0.166482 0.009987
v 0.290000 0.144901 0.009987
v 0.290000 0.107003 0.002223
v 0.290000 0.147189 -0.005012
v -0.290000 0.111189 -0.005013
v -0.290000 0.106482 0.001319
v -0.290000 0.106822 0.001725
v 0.289725 0.106584 0.001863
v 0.290000 0.111189 -0.005013
v -0.290000 0.105237 0.000986
v -0.290000 0.106023 0.001054
v -0.290000 -0.138236 -0.005013
v -0.290000 0.104739 0.001167
v 0.290000 0.106482 0.001319
v 0.290000 0.106023 0.001054
v 0.289725 0.105502 0.001237
v 0.290000 0.104739 0.001167
v 0.290000 -0.125024 0.001167
v 0.290000 -0.125521 0.000986
v 0.290000 -0.138236 -0.005013
v -0.290000 -0.127107 0.001725
v -0.290000 -0.126549 0.001167
v -0.290000 -0.161661 -0.005013
v -0.290000 0.104333 0.001507
v -0.290000 -0.126051 0.000986
v -0.290000 0.104000 0.002223
v 0.290000 -0.126051 0.000986
v 0.290000 -0.126549 0.001167
v 0.289725 -0.126744 0.001684
v 0.290000 -0.127219 0.001966
v 0.290000 -0.161661 -0.005013
v -0.290000 -0.127288 0.002223
v -0.290000 -0.175386 -0.005013
v 0.290000 -0.127311 0.002487
v 0.290000 -0.175386 -0.005013
v 0.290000 -0.179136 -0.005013
v 0.290000 -0.185786 -0.005013
v -0.289022 -0.197018 -0.005013
v 0.289022 -0.197018 0.009987
v 0.289022 -0.197018 -0.005013
v 0.290000 -0.185786 0.009987
v 0.290000 -0.163924 0.009987
v 0.290000 -0.174986 0.009987
v 0.290000 -0.179536 0.009987
v -0.287451 -0.202911 -0.005013
v -0.288867 -0.197599 0.009987
v -0.289022 -0.197018 0.009987
v 0.288867 -0.197599 0.009987
v 0.287451 -0.202911 -0.005013
v -0.284750 -0.210861 -0.005013
v -0.284669 -0.211036 0.009987
v -0.286118 -0.207913 -0.005013
v -0.286118 -0.207913 0.009987
v 0.286118 -0.207913 0.009987
v 0.284751 -0.210861 -0.005013
v 0.286118 -0.207913 -0.005013
v 0.287108 -0.204199 0.009987
v -0.280822 -0.218936 -0.005013
v -0.281374 -0.218142 0.009987
v -0.281374 -0.218142 -0.005013
v 0.281374 -0.218142 0.009987
v 0.280822 -0.218936 -0.005013
v 0.281374 -0.218142 -0.005013
v 0.284669 -0.211036 0.009987
v -0.266993 -0.235400 -0.005013
v -0.274935 -0.227397 0.009987
v -0.274935 -0.227397 -0.005013
v 0.266993 -0.235400 0.009987
v 0.266993 -0.235400 -0.005013
v 0.274935 -0.227397 -0.005013
v 0.274935 -0.227397 0.009987
v -0.257788 -0.241910 -0.005013
v -0.266993 -0.235400 0.009987
v 0.257788 -0.241910 0.009987
v 0.257788 -0.241910 -0.005013
v -0.200105 -0.235786 -0.005013
v -0.225500 -0.235786 -0.002525
v -0.225500 -0.235786 -0.005013
v -0.225500 -0.250784 -0.005013
v 0.225500 -0.235786 -0.002525
v 0.221680 -0.235786 -0.005013
v 0.225500 -0.235786 -0.005013
v -0.247596 -0.246732 -0.005013
v -0.257788 -0.241910 0.009987
v 0.247596 -0.246732 0.009987
v 0.247596 -0.246732 -0.005013
v -0.243150 -0.247954 -0.005013
v -0.245837 -0.247215 0.009987
v -0.247596 -0.246732 0.009987
v 0.237737 -0.249442 0.009987
v 0.237075 -0.249624 -0.005013
v -0.232175 -0.250151 0.009987
v -0.236724 -0.249720 0.009987
v -0.236724 -0.249720 -0.005013
v -0.230905 -0.250272 -0.005013
v 0.236724 -0.249720 0.009987
v 0.231225 -0.250241 -0.005013
v -0.228430 -0.250506 0.009987
v -0.225500 -0.250784 0.009987
v 0.228430 -0.250506 0.009987
v 0.225500 -0.250784 0.009987
v 0.225500 -0.250784 -0.005013
v 0.069037 0.308132 0.009987
v 0.077477 0.304636 0.002487
v 0.069037 0.308132 -0.005012
v 0.077618 0.304578 0.001624
v 0.078023 0.304410 0.000864
v 0.070650 0.307464 -0.005012
v 0.220724 0.245301 0.002487
v 0.232250 0.240527 0.009988
v 0.232250 0.240527 -0.005012
v 0.231225 0.240952 -0.005012
v 0.220179 0.245528 0.000864
v 0.220584 0.245360 0.001624
v 0.027250 0.249403 -0.005012
v -0.065200 0.249403 -0.005012
v -0.069037 0.308132 -0.005012
v -0.070512 0.316626 0.009987
v 0.071175 0.320440 0.009987
v -0.075450 0.305476 -0.005012
v -0.078643 0.304153 0.000301
v -0.078023 0.304410 0.000864
v -0.077618 0.304578 0.001624
v -0.069037 0.308132 0.009987
v 0.070650 0.249403 -0.005012
v 0.082271 0.255350 -0.005012
v 0.081563 0.255160 -0.005012
v 0.094994 0.297381 -0.005012
v 0.083729 0.255350 -0.005012
v 0.083000 0.255413 -0.005012
v 0.080900 0.254851 -0.005012
v 0.080300 0.254431 -0.005012
v 0.079783 0.253913 -0.005012
v 0.079363 0.253313 -0.005012
v 0.078643 0.304153 0.000301
v 0.079810 0.303670 -0.000038
v -0.080900 0.254851 -0.005012
v -0.081563 0.255160 -0.005012
v -0.080300 0.254431 -0.005012
v -0.082271 0.255350 -0.005012
v -0.083000 0.255413 -0.005012
v -0.094994 0.297381 -0.005012
v -0.079053 0.252650 -0.005012
v -0.079363 0.253313 -0.005012
v -0.079783 0.253913 -0.005012
v -0.075450 0.249403 -0.005012
v -0.080215 0.303502 0.000001
v -0.079405 0.303838 0.000001
v -0.084436 0.255160 -0.005012
v -0.085100 0.254851 -0.005012
v -0.083729 0.255350 -0.005012
v -0.085700 0.254431 -0.005012
v -0.086217 0.253913 -0.005012
v -0.086637 0.253313 -0.005012
v -0.094994 0.249403 -0.005012
v -0.111194 0.249403 -0.005012
v -0.111194 0.290670 -0.005012
v -0.081830 0.302833 0.001225
v -0.080976 0.303187 0.000301
v -0.082143 0.302704 0.002487
v 0.085700 0.254431 -0.005012
v 0.085100 0.254851 -0.005012
v 0.084436 0.255160 -0.005012
v 0.086947 0.252650 -0.005012
v 0.086637 0.253313 -0.005012
v 0.086217 0.253913 -0.005012
v 0.094994 0.249403 -0.005012
v 0.114455 0.289320 -0.005012
v -0.120761 0.249403 -0.005012
v -0.120761 0.286708 -0.005012
v 0.124740 0.255865 -0.005012
v 0.123657 0.255960 -0.005012
v 0.132461 0.281861 -0.005012
v 0.122972 0.255711 -0.005012
v 0.122203 0.254942 -0.005012
v 0.114455 0.249403 -0.005012
v 0.146909 0.275877 0.001624
v -0.123304 0.255865 -0.005012
v -0.124022 0.255992 -0.005012
v -0.132461 0.281861 -0.005012
v -0.122049 0.254610 -0.005012
v -0.122672 0.255501 -0.005012
v -0.149506 0.274801 0.000001
v -0.139782 0.253913 -0.005012
v -0.140300 0.254431 -0.005012
v -0.140900 0.254851 -0.005012
v -0.141563 0.255160 -0.005012
v -0.142271 0.255350 -0.005012
v -0.143000 0.255413 -0.005012
v -0.151720 0.273884 -0.005012
v -0.132461 0.249403 -0.005012
v -0.139053 0.252650 -0.005012
v -0.139363 0.253313 -0.005012
v -0.125072 0.255711 -0.005012
v -0.125631 0.255242 -0.005012
v -0.126090 0.254257 -0.005012
v 0.125372 0.255501 -0.005012
v 0.126122 0.253892 -0.005012
v 0.125995 0.254610 -0.005012
v 0.132461 0.249403 -0.005012
v 0.139350 0.253286 -0.005012
v 0.139350 0.279008 -0.005012
v 0.145650 0.276398 -0.005012
v 0.143000 0.255413 -0.005012
v 0.142271 0.255350 -0.005012
v 0.141563 0.255160 -0.005012
v 0.140900 0.254851 -0.005012
v 0.140300 0.254431 -0.005012
v 0.139782 0.253913 -0.005012
v 0.147314 0.275709 0.000864
v 0.145100 0.254851 -0.005012
v 0.144436 0.255160 -0.005012
v 0.143729 0.255350 -0.005012
v 0.167120 0.267505 -0.005012
v 0.145700 0.254431 -0.005012
v 0.148303 0.275299 0.000115
v 0.149101 0.274969 -0.000038
v -0.143729 0.255350 -0.005012
v -0.144436 0.255160 -0.005012
v -0.145100 0.254851 -0.005012
v -0.145700 0.254431 -0.005012
v -0.146217 0.253913 -0.005012
v -0.200105 0.249403 -0.005012
v -0.200105 0.253842 -0.005012
v -0.146637 0.253313 -0.005012
v -0.151720 0.249403 -0.005012
v -0.150267 0.274486 0.000301
v -0.150888 0.274229 0.000864
v 0.147136 0.251943 -0.005012
v 0.146947 0.252650 -0.005012
v 0.146637 0.253313 -0.005012
v 0.146217 0.253913 -0.005012
v 0.167120 0.249403 -0.005012
v 0.200105 0.253842 -0.005012
v 0.150267 0.274486 0.000301
v 0.150888 0.274229 0.000864
v 0.216094 0.247219 0.002049
v 0.151293 0.274061 0.001624
v -0.124022 0.255992 0.009562
v 0.124387 0.255960 0.009562
v -0.123304 0.255865 0.009562
v 0.123657 0.255960 0.009562
v -0.125072 0.255711 0.009562
v 0.122972 0.255711 0.009562
v 0.125072 0.255711 0.009562
v -0.122672 0.255501 0.009562
v 0.125631 0.255242 0.009562
v -0.125631 0.255242 0.009562
v -0.122203 0.254942 0.009562
v -0.143000 0.255413 0.005037
v -0.142271 0.255350 0.005038
v -0.083000 0.255413 0.005037
v -0.082271 0.255350 0.005038
v 0.083000 0.255413 0.005037
v 0.083729 0.255350 0.005038
v 0.143729 0.255350 0.005038
v 0.143000 0.255413 0.005037
v -0.143729 0.255350 0.005038
v -0.141563 0.255160 0.005037
v -0.083729 0.255350 0.005038
v -0.081563 0.255160 0.005037
v 0.082271 0.255350 0.005038
v 0.084436 0.255160 0.005037
v 0.142271 0.255350 0.005038
v 0.144436 0.255160 0.005037
v 0.122203 0.254942 0.009562
v -0.144436 0.255160 0.005037
v -0.140900 0.254851 0.005037
v -0.084436 0.255160 0.005037
v -0.080900 0.254851 0.005037
v 0.081563 0.255160 0.005037
v 0.085100 0.254851 0.005037
v 0.141563 0.255160 0.005037
v 0.145100 0.254851 0.005037
v -0.121954 0.254257 0.009562
v 0.121954 0.254257 -0.005012
v 0.125995 0.254610 0.009562
v -0.145100 0.254851 0.005037
v -0.140300 0.254431 0.005037
v -0.085100 0.254851 0.005037
v -0.080300 0.254431 0.005037
v 0.080900 0.254851 0.005037
v 0.085700 0.254431 0.005037
v 0.140900 0.254851 0.005037
v -0.126090 0.254257 0.009562
v 0.121954 0.254257 0.009562
v 0.145700 0.254431 0.005037
v -0.145700 0.254431 0.005037
v -0.139782 0.253913 0.005037
v -0.085700 0.254431 0.005037
v -0.079783 0.253913 0.005037
v 0.080300 0.254431 0.005037
v 0.086217 0.253913 0.005037
v 0.140300 0.254431 0.005037
v 0.146217 0.253913 0.005037
v -0.126090 0.253527 -0.005012
v -0.121922 0.253892 -0.005012
v -0.121954 0.253527 0.009562
v 0.121954 0.253527 -0.005012
v 0.126090 0.253527 0.009562
v -0.146217 0.253913 0.005037
v -0.139363 0.253313 0.005038
v -0.086217 0.253913 0.005037
v -0.079363 0.253313 0.005038
v 0.079783 0.253913 0.005037
v 0.086637 0.253313 0.005038
v 0.139782 0.253913 0.005037
v 0.146637 0.253313 0.005038
v -0.122049 0.253174 -0.005012
v 0.121954 0.253527 0.009562
v 0.125995 0.253174 -0.005012
v -0.210823 0.249403 -0.005012
v -0.218392 0.246268 -0.000038
v -0.151293 0.274061 0.001624
v 0.200105 0.249403 -0.005012
v 0.210823 0.249403 -0.005012
v 0.216371 0.247105 0.001225
v -0.125995 0.253174 0.009562
v -0.146947 0.252650 -0.005012
v -0.146637 0.253313 0.005038
v -0.139053 0.252650 0.005037
v -0.086947 0.252650 -0.005012
v -0.086637 0.253313 0.005038
v -0.079053 0.252650 0.005037
v 0.079053 0.252650 -0.005012
v 0.079363 0.253313 0.005038
v 0.086947 0.252650 0.005037
v 0.139362 0.253313 0.005038
v 0.146947 0.252650 0.005037
v 0.139053 0.252650 -0.005012
v 0.139053 0.252650 0.005037
v -0.125631 0.252542 -0.005012
v -0.122413 0.252542 0.009562
v 0.122203 0.252842 -0.005012
v 0.125631 0.252542 -0.005012
v 0.125631 0.252542 0.009562
v -0.125631 0.252542 0.009562
v -0.122413 0.252542 -0.005012
v 0.122672 0.252283 -0.005012
v 0.122413 0.252542 0.009562
v -0.147136 0.251943 -0.005012
v -0.146947 0.252650 0.005037
v -0.138864 0.251943 -0.005012
v -0.138864 0.251943 0.005038
v -0.087136 0.251943 -0.005012
v -0.086947 0.252650 0.005037
v -0.078864 0.251943 -0.005012
v -0.078864 0.251943 0.005038
v 0.078864 0.251943 -0.005012
v 0.079053 0.252650 0.005037
v 0.087136 0.251943 -0.005012
v 0.087136 0.251943 0.005038
v 0.138864 0.251943 -0.005012
v 0.147136 0.251943 0.005038
v -0.125072 0.252073 -0.005012
v 0.125072 0.252073 -0.005012
v -0.123304 0.251919 -0.005012
v -0.123304 0.251919 0.009562
v 0.124740 0.251919 0.009562
v -0.124387 0.251824 -0.005012
v -0.124740 0.251919 0.009562
v 0.123657 0.251824 -0.005012
v 0.122972 0.252073 0.009562
v -0.147200 0.251213 -0.005012
v -0.147136 0.251943 0.005038
v -0.138800 0.251213 -0.005012
v -0.138800 0.251213 0.005038
v -0.087200 0.251213 -0.005012
v -0.087136 0.251943 0.005038
v -0.078800 0.251213 -0.005012
v -0.078800 0.251213 0.005038
v 0.078800 0.251213 -0.005012
v 0.078864 0.251943 0.005038
v 0.087200 0.251213 -0.005012
v 0.087200 0.251213 0.005038
v 0.138800 0.251213 -0.005012
v 0.138864 0.251943 0.005038
v 0.147200 0.251213 -0.005012
v 0.147200 0.251213 0.005038
v 0.123657 0.251824 0.009562
v 0.124387 0.251824 -0.005012
v -0.124022 0.251792 0.009562
v -0.147136 0.250484 -0.005012
v -0.147200 0.251213 0.005038
v -0.138864 0.250484 -0.005012
v -0.138864 0.250484 0.005038
v -0.087136 0.250484 -0.005012
v -0.087200 0.251213 0.005038
v -0.078864 0.250484 -0.005012
v -0.078864 0.250484 0.005038
v 0.078864 0.250484 -0.005012
v 0.078800 0.251213 0.005038
v 0.087136 0.250484 -0.005012
v 0.087136 0.250484 0.005038
v 0.138864 0.250484 -0.005012
v 0.138800 0.251213 0.005038
v 0.147136 0.250484 -0.005012
v 0.147136 0.250484 0.005038
v -0.146772 0.249403 -0.005012
v -0.147136 0.250484 0.005038
v -0.139228 0.249403 -0.005012
v -0.139053 0.249777 0.005037
v -0.086772 0.249403 -0.005012
v -0.087136 0.250484 0.005038
v -0.079053 0.249777 -0.005012
v -0.079053 0.249777 0.005037
v 0.079053 0.249777 -0.005012
v 0.078864 0.250484 0.005038
v 0.086947 0.249777 -0.005012
v 0.086947 0.249777 0.005037
v 0.139053 0.249777 -0.005012
v 0.138864 0.250484 0.005038
v 0.146947 0.249777 -0.005012
v 0.146947 0.249777 0.005037
v -0.146947 0.249777 0.005037
v -0.086947 0.249777 0.005037
v 0.079363 0.249113 -0.005012
v 0.079053 0.249777 0.005037
v 0.086637 0.249113 -0.005012
v 0.139053 0.249777 0.005037
v -0.200105 0.230866 -0.005012
v -0.230905 0.230866 -0.005012
v -0.230905 0.241084 -0.005012
v -0.151720 0.230866 -0.005012
v -0.146637 0.249113 0.005037
v -0.139363 0.249113 0.005037
v -0.139782 0.248514 -0.005012
v -0.120761 0.230866 -0.005012
v -0.132461 0.230866 -0.005012
v -0.111194 0.230866 -0.005012
v -0.094994 0.230866 -0.005012
v -0.086637 0.249113 0.005037
v -0.079363 0.249113 -0.005012
v -0.079363 0.249113 0.005037
v -0.079783 0.248514 -0.005012
v -0.065200 0.230866 -0.005012
v -0.075450 0.230866 -0.005012
v 0.027250 0.230866 -0.005012
v 0.070650 0.230866 -0.005012
v 0.079363 0.249113 0.005037
v 0.086637 0.249113 0.005037
v 0.086217 0.248514 -0.005012
v 0.114455 0.230866 -0.005012
v 0.094994 0.230866 -0.005012
v 0.132461 0.230866 -0.005012
v 0.139350 0.249141 -0.005012
v 0.146637 0.249113 -0.005012
v 0.146637 0.249113 0.005037
v 0.200105 0.230866 -0.005012
v 0.167120 0.230866 -0.005012
v 0.221680 0.230866 -0.005012
v 0.221680 0.244906 -0.005012
v 0.216892 0.246889 0.000553
v 0.217594 0.246598 0.000115
v 0.139350 0.230866 -0.005012
v -0.146217 0.248514 -0.005012
v -0.139782 0.248514 0.005037
v -0.086217 0.248514 -0.005012
v -0.079783 0.248514 0.005037
v 0.079783 0.248514 -0.005012
v 0.086217 0.248514 0.005037
v 0.139782 0.248514 -0.005012
v 0.139362 0.249113 0.005037
v 0.146217 0.248514 -0.005012
v 0.146217 0.248514 0.005037
v -0.145700 0.247996 -0.005012
v -0.146217 0.248514 0.005037
v -0.140300 0.247996 -0.005012
v -0.140300 0.247996 0.005037
v -0.085700 0.247996 -0.005012
v -0.086217 0.248514 0.005037
v -0.080300 0.247996 -0.005012
v -0.080300 0.247996 0.005037
v 0.080300 0.247996 -0.005012
v 0.079783 0.248514 0.005037
v 0.085700 0.247996 -0.005012
v 0.085700 0.247996 0.005037
v 0.140300 0.247996 -0.005012
v 0.139782 0.248514 0.005037
v 0.145700 0.247996 -0.005012
v 0.145700 0.247996 0.005037
v -0.145100 0.247576 -0.005012
v -0.145700 0.247996 0.005037
v -0.140900 0.247576 -0.005012
v -0.140900 0.247576 0.005037
v -0.085100 0.247576 -0.005012
v -0.085700 0.247996 0.005037
v -0.080900 0.247576 -0.005012
v -0.080900 0.247576 0.005037
v 0.080900 0.247576 -0.005012
v 0.080300 0.247996 0.005037
v 0.085100 0.247576 -0.005012
v 0.085100 0.247576 0.005037
v 0.140900 0.247576 -0.005012
v 0.140300 0.247996 0.005037
v 0.145650 0.230866 -0.005012
v 0.145100 0.247576 -0.005012
v 0.145100 0.247576 0.005037
v -0.144436 0.247267 -0.005012
v -0.145100 0.247576 0.005037
v -0.141563 0.247267 -0.005012
v -0.141563 0.247267 0.005037
v -0.084436 0.247267 -0.005012
v -0.085100 0.247576 0.005037
v -0.081563 0.247267 -0.005012
v -0.081563 0.247267 0.005037
v 0.081563 0.247267 -0.005012
v 0.080900 0.247576 0.005037
v 0.084436 0.247267 -0.005012
v 0.084436 0.247267 0.005037
v 0.141563 0.247267 -0.005012
v 0.140900 0.247576 0.005037
v 0.144436 0.247267 -0.005012
v 0.144436 0.247267 0.005037
v -0.143729 0.247077 -0.005012
v -0.144436 0.247267 0.005037
v -0.142271 0.247077 -0.005012
v -0.142271 0.247077 0.005037
v -0.083729 0.247077 -0.005012
v -0.084436 0.247267 0.005037
v -0.082271 0.247077 -0.005012
v -0.082271 0.247077 0.005037
v 0.082271 0.247077 -0.005012
v 0.081563 0.247267 0.005037
v 0.083729 0.247077 -0.005012
v 0.083729 0.247077 0.005037
v 0.142271 0.247077 -0.005012
v 0.141563 0.247267 0.005037
v 0.143729 0.247077 -0.005012
v 0.143729 0.247077 0.005037
v -0.143000 0.247013 -0.005012
v -0.143729 0.247077 0.005037
v -0.143000 0.247013 0.005037
v -0.083000 0.247013 -0.005012
v -0.083729 0.247077 0.005037
v -0.083000 0.247013 0.005037
v 0.083000 0.247013 -0.005012
v 0.082271 0.247077 0.005037
v 0.083000 0.247013 0.005037
v 0.143000 0.247013 -0.005012
v 0.142271 0.247077 0.005037
v 0.143000 0.247013 0.005037
v 0.218392 0.246268 -0.000038
v 0.219558 0.245785 0.000301
v -0.236850 0.232560 -0.005012
v -0.232250 0.240527 -0.005012
v -0.220412 0.245431 0.001225
v -0.219891 0.245647 0.000553
v -0.219189 0.245937 0.000115
v 0.231225 0.230866 -0.005012
v -0.235156 0.235493 0.001225
v -0.235006 0.235753 0.002049
v -0.235006 0.235753 0.002926
v -0.232175 0.240559 0.009987
v -0.235818 0.234347 0.000115
v -0.235438 0.235005 0.000553
v -0.236250 0.233599 -0.000038
v -0.220724 0.245301 0.002487
v 0.234987 0.235786 0.002487
v 0.235063 0.235654 0.001624
v 0.235438 0.235005 0.000553
v 0.235818 0.234347 0.000115
v 0.237075 0.232170 -0.005012
v -0.237828 0.230866 -0.005012
v -0.236682 0.232851 0.000115
v -0.236850 0.230866 -0.005012
v 0.236250 0.233599 -0.000038
v 0.237828 0.230866 -0.005012
v 0.237075 0.230866 -0.005012
v -0.243150 0.221648 -0.005012
v -0.237061 0.232194 0.000553
v -0.230905 0.210158 -0.005012
v -0.236850 0.210158 -0.005012
v -0.200105 0.210158 -0.005012
v -0.159689 0.214226 -0.005012
v -0.160158 0.213668 -0.005012
v -0.158704 0.214686 -0.005012
v -0.160407 0.212982 -0.005012
v -0.132461 0.210158 -0.005012
v -0.151720 0.210158 -0.005012
v -0.157289 0.214436 -0.005012
v -0.157975 0.214686 -0.005012
v -0.156271 0.212982 -0.005012
v -0.156731 0.213968 -0.005012
v -0.120761 0.210158 -0.005012
v -0.111194 0.210158 -0.005012
v -0.094994 0.210158 -0.005012
v -0.075450 0.210158 -0.005012
v -0.065200 0.210158 -0.005012
v 0.027250 0.210158 -0.005012
v 0.070650 0.210158 -0.005012
v 0.094994 0.210158 -0.005012
v 0.114455 0.210158 -0.005012
v 0.132461 0.210158 -0.005012
v 0.139350 0.210158 -0.005012
v 0.145650 0.210158 -0.005012
v 0.158704 0.214686 -0.005012
v 0.157621 0.214591 -0.005012
v 0.156989 0.214226 -0.005012
v 0.156521 0.213668 -0.005012
v 0.200105 0.210158 -0.005012
v 0.167120 0.210158 -0.005012
v 0.159389 0.214436 -0.005012
v 0.160313 0.213336 -0.005012
v 0.159948 0.213968 -0.005012
v 0.221680 0.210158 -0.005012
v 0.231225 0.210158 -0.005012
v 0.237075 0.210158 -0.005012
v 0.249784 0.210158 -0.005012
v -0.249784 0.210158 -0.005012
v -0.237436 0.231544 0.001624
v -0.243150 0.210158 -0.005012
v -0.157975 0.214686 0.009562
v 0.158339 0.214718 0.009562
v -0.158704 0.214686 0.009562
v 0.157621 0.214591 0.009562
v 0.159389 0.214436 0.009562
v -0.159389 0.214436 0.009562
v -0.157289 0.214436 0.009562
v -0.156731 0.213968 0.009562
v -0.159948 0.213968 0.009562
v 0.156989 0.214226 0.009562
v 0.159948 0.213968 0.009562
v -0.156366 0.213336 0.009562
v 0.156521 0.213668 0.009562
v 0.160407 0.212982 0.009562
v -0.160407 0.212982 0.009562
v -0.156239 0.212618 0.009562
v 0.156239 0.212618 -0.005012
v 0.156271 0.212982 0.009562
v 0.160439 0.212618 -0.005012
v 0.160407 0.212253 0.009562
v -0.160407 0.212253 -0.005012
v -0.160407 0.212253 0.009562
v -0.156271 0.212253 -0.005012
v -0.156366 0.211899 0.009562
v 0.160313 0.211899 -0.005012
v -0.156521 0.211568 -0.005012
v 0.156521 0.211568 -0.005012
v 0.156271 0.212253 0.009562
v -0.159948 0.211268 -0.005012
v -0.160158 0.211568 0.009562
v -0.156731 0.211268 0.009562
v 0.156521 0.211568 0.009562
v 0.159948 0.211268 -0.005012
v 0.159948 0.211268 0.009562
v -0.157289 0.210799 -0.005012
v -0.157289 0.210799 0.009562
v 0.157289 0.210799 -0.005012
v 0.159389 0.210799 -0.005012
v -0.159389 0.210799 -0.005012
v -0.159689 0.211009 0.009562
v 0.156989 0.211009 0.009562
v 0.159057 0.210644 0.009562
v -0.158704 0.210550 -0.005012
v -0.157975 0.210550 -0.005012
v -0.157975 0.210550 0.009562
v 0.158704 0.210550 -0.005012
v -0.158704 0.210550 0.009562
v 0.157975 0.210550 -0.005012
v 0.157621 0.210644 0.009562
v 0.158339 0.210518 0.009562
v -0.256136 0.199156 -0.005012
v -0.243150 0.199156 -0.005012
v -0.236850 0.199156 -0.005012
v -0.230905 0.199156 -0.005012
v -0.200105 0.199156 -0.005012
v -0.151720 0.199156 -0.005012
v -0.132461 0.199156 -0.005012
v -0.120761 0.199156 -0.005012
v -0.111194 0.199156 -0.005012
v -0.104888 0.209798 -0.005012
v -0.105938 0.209517 -0.005012
v -0.106497 0.209048 -0.005012
v -0.106861 0.208416 -0.005012
v -0.106988 0.207698 -0.005012
v -0.106861 0.206980 -0.005012
v -0.103538 0.209307 -0.005012
v -0.104170 0.209672 -0.005012
v -0.094994 0.199156 -0.005012
v -0.102820 0.207334 -0.005012
v -0.075450 0.199156 -0.005012
v -0.102820 0.208063 -0.005012
v -0.103069 0.208748 -0.005012
v -0.065200 0.199156 -0.005012
v 0.027250 0.199156 -0.005012
v 0.070650 0.199156 -0.005012
v 0.094994 0.199156 -0.005012
v 0.104523 0.209766 -0.005012
v 0.102915 0.208416 -0.005012
v 0.102788 0.207698 -0.005012
v 0.103838 0.209517 -0.005012
v 0.103279 0.209048 -0.005012
v 0.132461 0.199156 -0.005012
v 0.114455 0.199156 -0.005012
v 0.105606 0.209672 -0.005012
v 0.106988 0.207698 -0.005012
v 0.106707 0.208748 -0.005012
v 0.106861 0.206980 -0.005012
v 0.106238 0.209307 -0.005012
v 0.139350 0.199156 -0.005012
v 0.145650 0.199156 -0.005012
v 0.167120 0.199156 -0.005012
v 0.200105 0.199156 -0.005012
v 0.221680 0.199156 -0.005012
v 0.231225 0.199156 -0.005012
v 0.237075 0.199156 -0.005012
v 0.256136 0.199156 -0.005012
v 0.269813 0.175465 0.001624
v -0.104170 0.209672 0.009562
v -0.104888 0.209798 0.009562
v 0.105606 0.209672 0.009562
v 0.104888 0.209798 0.009562
v -0.105606 0.209672 0.009562
v 0.104170 0.209672 0.009562
v -0.103538 0.209307 0.009562
v 0.106238 0.209307 0.009562
v 0.103538 0.209307 0.009562
v -0.106497 0.209048 0.009562
v -0.102915 0.208416 0.009562
v 0.106861 0.208416 0.009562
v -0.106861 0.208416 0.009562
v 0.102915 0.208416 0.009562
v 0.106988 0.207698 0.009562
v -0.102788 0.207698 0.009562
v 0.102788 0.207698 0.009562
v -0.106988 0.207698 0.009562
v -0.102915 0.206980 0.009562
v -0.106861 0.206980 0.009562
v 0.102915 0.206980 -0.005012
v 0.106707 0.206648 0.009562
v -0.103069 0.206648 -0.005012
v -0.103279 0.206348 0.009562
v 0.103279 0.206348 -0.005012
v 0.102915 0.206980 0.009562
v -0.106238 0.206090 -0.005012
v -0.103538 0.206090 -0.005012
v 0.103279 0.206348 0.009562
v 0.106238 0.206090 -0.005012
v 0.106238 0.206090 0.009562
v -0.106238 0.206090 0.009562
v -0.103838 0.205880 0.009562
v 0.103838 0.205880 -0.005012
v 0.105606 0.205725 0.009562
v -0.105253 0.205630 -0.005012
v -0.105606 0.205725 0.009562
v -0.104523 0.205630 -0.005012
v 0.103838 0.205880 0.009562
v 0.105253 0.205630 -0.005012
v -0.104888 0.205598 0.009562
v 0.104523 0.205630 -0.005012
v 0.104888 0.205598 0.009562
v -0.251250 0.191843 -0.005012
v -0.252178 0.191193 -0.005012
v -0.250223 0.192322 -0.005012
v -0.248000 0.192714 -0.005012
v -0.249128 0.192615 -0.005012
v -0.252979 0.190392 -0.005012
v -0.253629 0.189464 -0.005012
v -0.243150 0.190521 -0.005012
v -0.243822 0.191193 -0.005012
v -0.244750 0.191843 -0.005012
v -0.245777 0.192322 -0.005012
v -0.246871 0.192615 -0.005012
v -0.242371 0.189464 -0.005012
v -0.241500 0.186214 -0.005012
v -0.241599 0.187342 -0.005012
v -0.241892 0.188437 -0.005012
v -0.230905 0.177564 -0.005012
v -0.236850 0.177564 -0.005012
v -0.223011 0.190830 -0.005012
v -0.223879 0.190754 -0.005012
v -0.224721 0.190528 -0.005012
v -0.225511 0.190160 -0.005012
v -0.226225 0.189660 -0.005012
v -0.226841 0.189044 -0.005012
v -0.227341 0.188330 -0.005012
v -0.227709 0.187540 -0.005012
v -0.227935 0.186698 -0.005012
v -0.221301 0.190528 -0.005012
v -0.222143 0.190754 -0.005012
v -0.228011 0.185830 -0.005012
v -0.151720 0.177564 -0.005012
v -0.200105 0.177564 -0.005012
v -0.218312 0.187540 -0.005012
v -0.218681 0.188330 -0.005012
v -0.219181 0.189044 -0.005012
v -0.219797 0.189660 -0.005012
v -0.220511 0.190160 -0.005012
v -0.218011 0.185830 -0.005012
v -0.218087 0.186698 -0.005012
v -0.132461 0.177564 -0.005012
v -0.120761 0.177564 -0.005012
v -0.111194 0.177564 -0.005012
v -0.094994 0.177564 -0.005012
v -0.075450 0.177564 -0.005012
v -0.065200 0.177564 -0.005012
v 0.027250 0.177564 -0.005012
v 0.070650 0.177564 -0.005012
v 0.094994 0.177564 -0.005012
v 0.114455 0.177564 -0.005012
v 0.132461 0.177564 -0.005012
v 0.139350 0.177564 -0.005012
v 0.145650 0.177564 -0.005012
v 0.167120 0.177564 -0.005012
v 0.200105 0.177564 -0.005012
v 0.221680 0.190630 -0.005012
v 0.220511 0.190160 -0.005012
v 0.219797 0.189660 -0.005012
v 0.219181 0.189044 -0.005012
v 0.218681 0.188330 -0.005012
v 0.218312 0.187540 -0.005012
v 0.218087 0.186698 -0.005012
v 0.223011 0.190830 -0.005012
v 0.224721 0.190528 -0.005012
v 0.223879 0.190754 -0.005012
v 0.227935 0.186698 -0.005012
v 0.227709 0.187540 -0.005012
v 0.228011 0.185830 -0.005012
v 0.227341 0.188330 -0.005012
v 0.226841 0.189044 -0.005012
v 0.226225 0.189660 -0.005012
v 0.225511 0.190160 -0.005012
v 0.237075 0.177564 -0.005012
v 0.231225 0.177564 -0.005012
v 0.248000 0.192714 -0.005012
v 0.246871 0.192615 -0.005012
v 0.245777 0.192322 -0.005012
v 0.244750 0.191843 -0.005012
v 0.243822 0.191193 -0.005012
v 0.243020 0.190392 -0.005012
v 0.242371 0.189464 -0.005012
v 0.241892 0.188437 -0.005012
v 0.241598 0.187342 -0.005012
v 0.270033 0.175086 0.000864
v 0.268602 0.177564 -0.005012
v 0.251250 0.191843 -0.005012
v 0.250223 0.192322 -0.005012
v 0.253629 0.189464 -0.005012
v 0.252979 0.190392 -0.005012
v 0.252178 0.191193 -0.005012
v 0.249128 0.192615 -0.005012
v 0.254108 0.188437 -0.005012
v -0.248000 0.192714 0.003988
v -0.246871 0.192615 0.003988
v 0.249128 0.192615 0.003988
v 0.248000 0.192714 0.003988
v -0.249128 0.192615 0.003988
v -0.245777 0.192322 0.003988
v 0.246871 0.192615 0.003988
v 0.250223 0.192322 0.003988
v -0.250223 0.192322 0.003988
v -0.244750 0.191843 0.003988
v 0.245777 0.192322 0.003988
v 0.251250 0.191843 0.003988
v -0.251250 0.191843 0.003988
v -0.243822 0.191193 0.003988
v 0.244750 0.191843 0.003988
v 0.252178 0.191193 0.003988
v -0.252178 0.191193 0.003988
v 0.243822 0.191193 0.003988
v 0.252979 0.190392 0.003988
v -0.222143 0.190754 0.009987
v -0.223011 0.190830 0.009987
v 0.223011 0.190830 0.009987
v 0.223879 0.190754 0.009987
v -0.223879 0.190754 0.009987
v -0.221301 0.190528 0.009987
v 0.222143 0.190754 0.009987
v 0.224721 0.190528 0.009987
v 0.221301 0.190528 0.009987
v -0.224721 0.190528 0.009987
v -0.220511 0.190160 0.009987
v 0.225511 0.190160 0.009987
v -0.243020 0.190392 0.003988
v -0.252979 0.190392 0.003988
v -0.242371 0.189464 0.003988
v 0.243020 0.190392 0.003988
v 0.253629 0.189464 0.003988
v -0.225511 0.190160 0.009987
v -0.219797 0.189660 0.009987
v 0.220511 0.190160 0.009987
v 0.226225 0.189660 0.009987
v -0.226225 0.189660 0.009987
v -0.219181 0.189044 0.009987
v 0.219797 0.189660 0.009987
v 0.226841 0.189044 0.009987
v -0.254108 0.188437 -0.005012
v -0.253629 0.189464 0.003988
v -0.241892 0.188437 0.003988
v 0.242371 0.189464 0.003988
v 0.254108 0.188437 0.003988
v -0.226841 0.189044 0.009987
v -0.218681 0.188330 0.009987
v 0.219181 0.189044 0.009987
v 0.227341 0.188330 0.009987
v -0.254401 0.187342 -0.005012
v -0.254108 0.188437 0.003988
v -0.241599 0.187342 0.003988
v 0.241892 0.188437 0.003988
v 0.254401 0.187342 -0.005012
v 0.254401 0.187342 0.003988
v -0.227341 0.188330 0.009987
v -0.218312 0.187540 0.009987
v 0.218681 0.188330 0.009987
v 0.227709 0.187540 0.009987
v -0.227709 0.187540 0.009987
v -0.218087 0.186698 0.009987
v 0.218312 0.187540 0.009987
v 0.227935 0.186698 0.009987
v -0.254500 0.186214 -0.005012
v -0.254401 0.187342 0.003988
v -0.241500 0.186214 0.003988
v 0.241500 0.186214 -0.005012
v 0.241598 0.187342 0.003988
v 0.254500 0.186214 -0.005012
v 0.254500 0.186214 0.003988
v -0.227935 0.186698 0.009987
v -0.218011 0.185830 0.009987
v 0.218011 0.185830 -0.005012
v 0.218087 0.186698 0.009987
v 0.228011 0.185830 0.009987
v -0.254401 0.185085 -0.005012
v -0.254500 0.186214 0.003988
v -0.241599 0.185085 -0.005012
v -0.241599 0.185085 0.003988
v 0.241598 0.185085 -0.005012
v 0.241500 0.186214 0.003988
v 0.254401 0.185085 -0.005012
v 0.254401 0.185085 0.003988
v -0.227935 0.184962 -0.005012
v -0.228011 0.185830 0.009987
v -0.218087 0.184962 -0.005012
v -0.218087 0.184962 0.009987
v 0.218087 0.184962 -0.005012
v 0.218011 0.185830 0.009987
v 0.227935 0.184962 -0.005012
v 0.227935 0.184962 0.009987
v -0.254108 0.183990 -0.005012
v -0.254401 0.185085 0.003988
v -0.241892 0.183990 -0.005012
v -0.241892 0.183990 0.003988
v 0.241892 0.183990 -0.005012
v 0.241598 0.185085 0.003988
v 0.254108 0.183990 -0.005012
v 0.254108 0.183990 0.003988
v -0.227709 0.184120 -0.005012
v -0.227935 0.184962 0.009987
v -0.218312 0.184120 -0.005012
v -0.218312 0.184120 0.009987
v 0.218312 0.184120 -0.005012
v 0.218087 0.184962 0.009987
v 0.227709 0.184120 -0.005012
v 0.227709 0.184120 0.009987
v -0.227341 0.183330 -0.005012
v -0.227709 0.184120 0.009987
v -0.218681 0.183330 -0.005012
v -0.218681 0.183330 0.009987
v 0.218681 0.183330 -0.005012
v 0.218312 0.184120 0.009987
v 0.227341 0.183330 -0.005012
v 0.227341 0.183330 0.009987
v -0.253629 0.182964 -0.005012
v -0.254108 0.183990 0.003988
v -0.242371 0.182964 -0.005012
v -0.242371 0.182964 0.003988
v 0.242371 0.182964 -0.005012
v 0.241892 0.183990 0.003988
v 0.253629 0.182964 -0.005012
v 0.253629 0.182964 0.003988
v -0.226841 0.182616 -0.005012
v -0.227341 0.183330 0.009987
v -0.219181 0.182616 -0.005012
v -0.219181 0.182616 0.009987
v 0.219181 0.182616 -0.005012
v 0.218681 0.183330 0.009987
v 0.226841 0.182616 -0.005012
v 0.226841 0.182616 0.009987
v -0.252979 0.182035 -0.005012
v -0.253629 0.182964 0.003988
v -0.243150 0.181906 -0.005012
v -0.243020 0.182035 0.003988
v 0.243020 0.182035 -0.005012
v 0.242371 0.182964 0.003988
v 0.252979 0.182035 -0.005012
v 0.252979 0.182035 0.003988
v -0.226225 0.182000 -0.005012
v -0.226841 0.182616 0.009987
v -0.219797 0.182000 -0.005012
v -0.219797 0.182000 0.009987
v 0.219797 0.182000 -0.005012
v 0.219181 0.182616 0.009987
v 0.226225 0.182000 -0.005012
v 0.226225 0.182000 0.009987
v -0.252178 0.181234 -0.005012
v -0.252979 0.182035 0.003988
v 0.243822 0.181234 -0.005012
v 0.243020 0.182035 0.003988
v 0.252178 0.181234 -0.005012
v 0.252178 0.181234 0.003988
v -0.225511 0.181500 -0.005012
v -0.226225 0.182000 0.009987
v -0.220511 0.181500 -0.005012
v -0.220511 0.181500 0.009987
v 0.221680 0.177564 -0.005012
v 0.220511 0.181500 -0.005012
v 0.219797 0.182000 0.009987
v 0.225511 0.181500 -0.005012
v 0.225511 0.181500 0.009987
v -0.243150 0.177564 -0.005012
v -0.243822 0.181234 -0.005012
v -0.243822 0.181234 0.003988
v -0.224721 0.181131 -0.005012
v -0.225511 0.181500 0.009987
v -0.221301 0.181131 -0.005012
v -0.221301 0.181131 0.009987
v 0.221301 0.181131 -0.005012
v 0.220511 0.181500 0.009987
v 0.224721 0.181131 -0.005012
v 0.224721 0.181131 0.009987
v -0.251250 0.180584 -0.005012
v -0.252178 0.181234 0.003988
v -0.244750 0.180584 -0.005012
v -0.244750 0.180584 0.003988
v 0.244750 0.180584 -0.005012
v 0.243822 0.181234 0.003988
v 0.251250 0.180584 -0.005012
v 0.251250 0.180584 0.003988
v -0.223879 0.180906 -0.005012
v -0.224721 0.181131 0.009987
v -0.222143 0.180906 -0.005012
v -0.222143 0.180906 0.009987
v 0.222143 0.180906 -0.005012
v 0.221301 0.181131 0.009987
v 0.223879 0.180906 -0.005012
v 0.223879 0.180906 0.009987
v 0.222143 0.180906 0.009987
v -0.223011 0.180830 -0.005012
v -0.223879 0.180906 0.009987
v -0.223011 0.180830 0.009987
v 0.223011 0.180830 -0.005012
v 0.223011 0.180830 0.009987
v -0.250223 0.180106 -0.005012
v -0.251250 0.180584 0.003988
v -0.245777 0.180106 -0.005012
v -0.245777 0.180106 0.003988
v 0.245777 0.180106 -0.005012
v 0.244750 0.180584 0.003988
v 0.250223 0.180106 -0.005012
v 0.250223 0.180106 0.003988
v -0.249128 0.179812 -0.005012
v -0.250223 0.180106 0.003988
v -0.246871 0.179812 -0.005012
v -0.246871 0.179812 0.003988
v 0.246871 0.179812 -0.005012
v 0.245777 0.180106 0.003988
v 0.249128 0.179812 -0.005012
v 0.249128 0.179812 0.003988
v -0.248000 0.179714 -0.005012
v -0.249128 0.179812 0.003988
v -0.248000 0.179714 0.003988
v 0.248000 0.179714 -0.005012
v 0.246871 0.179812 0.003988
v 0.248000 0.179714 0.003988
v -0.236850 0.147189 -0.005012
v -0.243150 0.147189 -0.005012
v -0.230905 0.147189 -0.005012
v -0.200105 0.147189 -0.005012
v -0.151720 0.147189 -0.005012
v -0.147136 0.171943 -0.005012
v -0.147200 0.171214 -0.005012
v -0.143000 0.175414 -0.005012
v -0.143729 0.175350 -0.005012
v -0.144436 0.175160 -0.005012
v -0.145100 0.174851 -0.005012
v -0.145700 0.174431 -0.005012
v -0.146217 0.173913 -0.005012
v -0.146637 0.173314 -0.005012
v -0.146947 0.172650 -0.005012
v -0.147136 0.170484 -0.005012
v -0.120761 0.147189 -0.005012
v -0.132461 0.147189 -0.005012
v -0.141563 0.175160 -0.005012
v -0.142271 0.175350 -0.005012
v -0.138800 0.171214 -0.005012
v -0.138864 0.171943 -0.005012
v -0.139053 0.169777 -0.005012
v -0.138864 0.170484 -0.005012
v -0.139053 0.172650 -0.005012
v -0.139363 0.173314 -0.005012
v -0.139782 0.173913 -0.005012
v -0.140300 0.174431 -0.005012
v -0.140900 0.174851 -0.005012
v -0.111194 0.147189 -0.005012
v -0.094994 0.147189 -0.005012
v -0.083000 0.175414 -0.005012
v -0.083729 0.175350 -0.005012
v -0.084436 0.175160 -0.005012
v -0.085100 0.174851 -0.005012
v -0.085700 0.174431 -0.005012
v -0.086217 0.173913 -0.005012
v -0.086637 0.173314 -0.005012
v -0.086947 0.172650 -0.005012
v -0.087136 0.171943 -0.005012
v -0.087200 0.171214 -0.005012
v -0.087136 0.170484 -0.005012
v -0.082271 0.175350 -0.005012
v -0.079783 0.173913 -0.005012
v -0.080300 0.174431 -0.005012
v -0.079363 0.173314 -0.005012
v -0.080900 0.174851 -0.005012
v -0.081563 0.175160 -0.005012
v -0.078864 0.170484 -0.005012
v -0.078800 0.171214 -0.005012
v -0.078864 0.171943 -0.005012
v -0.079053 0.172650 -0.005012
v -0.075450 0.147189 -0.005012
v -0.065200 0.147189 -0.005012
v 0.027250 0.147189 -0.005012
v 0.070650 0.147189 -0.005012
v 0.083000 0.175414 -0.005012
v 0.082271 0.175350 -0.005012
v 0.081563 0.175160 -0.005012
v 0.080900 0.174851 -0.005012
v 0.080300 0.174431 -0.005012
v 0.079783 0.173913 -0.005012
v 0.079363 0.173314 -0.005012
v 0.079053 0.172650 -0.005012
v 0.078864 0.171943 -0.005012
v 0.078800 0.171214 -0.005012
v 0.078864 0.170484 -0.005012
v 0.083729 0.175350 -0.005012
v 0.114455 0.147189 -0.005012
v 0.094994 0.147189 -0.005012
v 0.086217 0.173913 -0.005012
v 0.085700 0.174431 -0.005012
v 0.086637 0.173314 -0.005012
v 0.085100 0.174851 -0.005012
v 0.084436 0.175160 -0.005012
v 0.087200 0.171214 -0.005012
v 0.087136 0.171943 -0.005012
v 0.086947 0.172650 -0.005012
v 0.086947 0.169777 -0.005012
v 0.087136 0.170484 -0.005012
v 0.132461 0.147189 -0.005012
v 0.138864 0.171943 -0.005012
v 0.138800 0.171214 -0.005012
v 0.139350 0.173286 -0.005012
v 0.139053 0.172650 -0.005012
v 0.138864 0.170484 -0.005012
v 0.143000 0.175414 -0.005012
v 0.142271 0.175350 -0.005012
v 0.141563 0.175160 -0.005012
v 0.140900 0.174851 -0.005012
v 0.140300 0.174431 -0.005012
v 0.139782 0.173913 -0.005012
v 0.145650 0.174466 -0.005012
v 0.145100 0.174851 -0.005012
v 0.144436 0.175160 -0.005012
v 0.143729 0.175350 -0.005012
v 0.146217 0.173913 -0.005012
v 0.147136 0.171943 -0.005012
v 0.146947 0.172650 -0.005012
v 0.146947 0.169777 -0.005012
v 0.147136 0.170484 -0.005012
v 0.147200 0.171214 -0.005012
v 0.146637 0.173314 -0.005012
v 0.167120 0.147189 -0.005012
v 0.200105 0.147189 -0.005012
v 0.221680 0.147189 -0.005012
v 0.231225 0.147189 -0.005012
v 0.237075 0.147189 -0.005012
v 0.270368 0.174504 0.000301
v 0.271219 0.173031 0.000001
v 0.270780 0.173790 0.000001
v -0.142271 0.175350 0.005037
v -0.143000 0.175414 0.005037
v -0.082271 0.175350 0.005037
v -0.083000 0.175414 0.005037
v 0.083729 0.175350 0.005037
v 0.083000 0.175414 0.005037
v 0.143000 0.175414 0.005037
v 0.143729 0.175350 0.005037
v -0.143729 0.175350 0.005037
v -0.141563 0.175160 0.005037
v -0.083729 0.175350 0.005037
v -0.081563 0.175160 0.005037
v 0.082271 0.175350 0.005037
v 0.084436 0.175160 0.005037
v 0.142271 0.175350 0.005037
v 0.144436 0.175160 0.005037
v -0.144436 0.175160 0.005037
v -0.140900 0.174851 0.005037
v -0.084436 0.175160 0.005037
v -0.080900 0.174851 0.005037
v 0.081563 0.175160 0.005037
v 0.085100 0.174851 0.005037
v 0.141563 0.175160 0.005037
v 0.145100 0.174851 0.005037
v -0.145100 0.174851 0.005037
v -0.140300 0.174431 0.005037
v -0.085100 0.174851 0.005037
v -0.080300 0.174431 0.005037
v 0.080900 0.174851 0.005037
v 0.085700 0.174431 0.005037
v 0.140900 0.174851 0.005037
v 0.145700 0.174431 0.005037
v -0.145700 0.174431 0.005037
v -0.139782 0.173913 0.005037
v -0.085700 0.174431 0.005037
v -0.079783 0.173913 0.005037
v 0.080300 0.174431 0.005037
v 0.086217 0.173913 0.005037
v 0.140300 0.174431 0.005037
v 0.146217 0.173913 0.005037
v -0.146217 0.173913 0.005037
v -0.139363 0.173314 0.005037
v -0.086217 0.173913 0.005037
v -0.079363 0.173314 0.005037
v 0.079783 0.173913 0.005037
v 0.086637 0.173314 0.005037
v 0.139782 0.173913 0.005037
v 0.146637 0.173314 0.005037
v -0.146637 0.173314 0.005037
v -0.139053 0.172650 0.005037
v -0.086637 0.173314 0.005037
v -0.079053 0.172650 0.005037
v 0.079363 0.173314 0.005037
v 0.086947 0.172650 0.005037
v 0.139362 0.173314 0.005037
v 0.146947 0.172650 0.005037
v 0.139053 0.172650 0.005037
v -0.146947 0.172650 0.005037
v -0.138864 0.171943 0.005037
v -0.086947 0.172650 0.005037
v -0.078864 0.171943 0.005037
v 0.079053 0.172650 0.005037
v 0.087136 0.171943 0.005037
v 0.147136 0.171943 0.005037
v -0.147136 0.171943 0.005037
v -0.138800 0.171214 0.005037
v -0.087136 0.171943 0.005037
v -0.078800 0.171214 0.005037
v 0.078864 0.171943 0.005037
v 0.087200 0.171214 0.005037
v 0.138864 0.171943 0.005037
v 0.147200 0.171214 0.005037
v -0.147200 0.171214 0.005037
v -0.138864 0.170484 0.005037
v -0.087200 0.171214 0.005037
v -0.078864 0.170484 0.005037
v 0.078800 0.171214 0.005037
v 0.087136 0.170484 0.005037
v 0.138800 0.171214 0.005037
v 0.147136 0.170484 0.005037
v -0.146947 0.169777 -0.005012
v -0.147136 0.170484 0.005037
v -0.139053 0.169777 0.005037
v -0.086947 0.169777 -0.005012
v -0.087136 0.170484 0.005037
v -0.079053 0.169777 -0.005012
v -0.079053 0.169777 0.005037
v 0.079053 0.169777 -0.005012
v 0.078864 0.170484 0.005037
v 0.086947 0.169777 0.005037
v 0.139053 0.169777 -0.005012
v 0.138864 0.170484 0.005037
v 0.146947 0.169777 0.005037
v -0.146637 0.169114 -0.005012
v -0.146947 0.169777 0.005037
v -0.139363 0.169114 -0.005012
v -0.139363 0.169114 0.005037
v -0.086637 0.169114 -0.005012
v -0.086947 0.169777 0.005037
v -0.079363 0.169114 -0.005012
v -0.079363 0.169114 0.005037
v 0.079363 0.169114 -0.005012
v 0.079053 0.169777 0.005037
v 0.086637 0.169114 -0.005012
v 0.086637 0.169114 0.005037
v 0.139362 0.169114 -0.005012
v 0.139350 0.147189 -0.005012
v 0.139053 0.169777 0.005037
v 0.146637 0.169114 -0.005012
v 0.146637 0.169114 0.005037
v -0.146217 0.168514 -0.005012
v -0.146637 0.169114 0.005037
v -0.139782 0.168514 -0.005012
v -0.139782 0.168514 0.005037
v -0.086217 0.168514 -0.005012
v -0.086637 0.169114 0.005037
v -0.079783 0.168514 -0.005012
v -0.079783 0.168514 0.005037
v 0.079783 0.168514 -0.005012
v 0.079363 0.169114 0.005037
v 0.086217 0.168514 -0.005012
v 0.086217 0.168514 0.005037
v 0.139782 0.168514 -0.005012
v 0.139362 0.169114 0.005037
v 0.146217 0.168514 -0.005012
v 0.146217 0.168514 0.005037
v -0.145700 0.167996 -0.005012
v -0.146217 0.168514 0.005037
v -0.140300 0.167996 -0.005012
v -0.140300 0.167996 0.005037
v -0.085700 0.167996 -0.005012
v -0.086217 0.168514 0.005037
v -0.080300 0.167996 -0.005012
v -0.080300 0.167996 0.005037
v 0.080300 0.167996 -0.005012
v 0.079783 0.168514 0.005037
v 0.085700 0.167996 -0.005012
v 0.085700 0.167996 0.005037
v 0.140300 0.167996 -0.005012
v 0.139782 0.168514 0.005037
v 0.145650 0.167961 -0.005012
v 0.145700 0.167996 0.005037
v -0.145100 0.167576 -0.005012
v -0.145700 0.167996 0.005037
v -0.140900 0.167576 -0.005012
v -0.140900 0.167576 0.005037
v -0.085100 0.167576 -0.005012
v -0.085700 0.167996 0.005037
v -0.080900 0.167576 -0.005012
v -0.080900 0.167576 0.005037
v 0.080900 0.167576 -0.005012
v 0.080300 0.167996 0.005037
v 0.085100 0.167576 -0.005012
v 0.085100 0.167576 0.005037
v 0.140900 0.167576 -0.005012
v 0.140300 0.167996 0.005037
v 0.145650 0.147189 -0.005012
v 0.145100 0.167576 -0.005012
v 0.145100 0.167576 0.005037
v -0.144436 0.167267 -0.005012
v -0.145100 0.167576 0.005037
v -0.141563 0.167267 -0.005012
v -0.141563 0.167267 0.005037
v -0.084436 0.167267 -0.005012
v -0.085100 0.167576 0.005037
v -0.081563 0.167267 -0.005012
v -0.081563 0.167267 0.005037
v 0.081563 0.167267 -0.005012
v 0.080900 0.167576 0.005037
v 0.084436 0.167267 -0.005012
v 0.084436 0.167267 0.005037
v 0.141563 0.167267 -0.005012
v 0.140900 0.167576 0.005037
v 0.144436 0.167267 -0.005012
v 0.144436 0.167267 0.005037
v -0.143729 0.167077 -0.005012
v -0.144436 0.167267 0.005037
v -0.142271 0.167077 -0.005012
v -0.142271 0.167077 0.005037
v -0.083729 0.167077 -0.005012
v -0.084436 0.167267 0.005037
v -0.082271 0.167077 -0.005012
v -0.082271 0.167077 0.005037
v 0.082271 0.167077 -0.005012
v 0.081563 0.167267 0.005037
v 0.083729 0.167077 -0.005012
v 0.083729 0.167077 0.005037
v 0.142271 0.167077 -0.005012
v 0.141563 0.167267 0.005037
v 0.143729 0.167077 -0.005012
v 0.143729 0.167077 0.005037
v -0.143000 0.167014 -0.005012
v -0.143729 0.167077 0.005037
v -0.143000 0.167014 0.005037
v -0.083000 0.167014 -0.005012
v -0.083729 0.167077 0.005037
v -0.083000 0.167014 0.005037
v 0.083000 0.167014 -0.005012
v 0.082271 0.167077 0.005037
v 0.083000 0.167014 0.005037
v 0.143000 0.167014 -0.005012
v 0.142271 0.167077 0.005037
v 0.143000 0.167014 0.005037
v 0.271631 0.172317 0.000301
v 0.272093 0.171517 0.001225
v 0.272243 0.171257 0.002049
v -0.243150 0.111189 -0.005013
v -0.236850 0.111189 -0.005013
v -0.230905 0.111189 -0.005013
v -0.200105 0.111189 -0.005013
v -0.151720 0.111189 -0.005013
v -0.132461 0.111189 -0.005013
v -0.120761 0.111189 -0.005013
v -0.111194 0.111189 -0.005013
v -0.094994 0.111189 -0.005013
v -0.075450 0.111189 -0.005013
v -0.065200 0.111189 -0.005013
v 0.027250 0.111189 -0.005013
v 0.070650 0.111189 -0.005013
v 0.094994 0.111189 -0.005013
v 0.114455 0.111189 -0.005013
v 0.132461 0.111189 -0.005013
v 0.139350 0.111189 -0.005013
v 0.145650 0.111189 -0.005013
v 0.167120 0.111189 -0.005013
v 0.200105 0.111189 -0.005013
v 0.221680 0.111189 -0.005013
v 0.226713 0.127339 -0.005013
v 0.226175 0.127143 -0.005013
v 0.225736 0.126774 -0.005013
v 0.225449 0.126278 -0.005013
v 0.225375 0.125427 -0.005013
v 0.228625 0.125427 -0.005013
v 0.228550 0.126278 -0.005013
v 0.231225 0.111189 -0.005013
v 0.237075 0.111189 -0.005013
v 0.228264 0.126774 -0.005013
v 0.227825 0.127143 -0.005013
v 0.227286 0.127339 -0.005013
v 0.240571 0.126539 -0.005013
v 0.240350 0.125714 -0.005013
v 0.242000 0.127364 -0.005013
v 0.241175 0.127143 -0.005013
v 0.242564 0.127264 -0.005013
v 0.243650 0.125714 -0.005013
v 0.243429 0.126539 -0.005013
v 0.243060 0.126978 -0.005013
v 0.227564 0.127264 0.009612
v 0.227000 0.127364 0.009612
v 0.242564 0.127264 0.009612
v 0.242000 0.127364 0.009612
v 0.226435 0.127264 0.009612
v 0.241435 0.127264 0.009612
v 0.225939 0.126978 0.009612
v 0.228060 0.126978 0.009612
v 0.240939 0.126978 0.009612
v 0.243060 0.126978 0.009612
v 0.228429 0.126539 0.009612
v 0.243429 0.126539 0.009612
v 0.225571 0.126539 0.009612
v 0.240449 0.126278 0.009612
v 0.243625 0.126000 0.009612
v 0.225375 0.126000 0.009612
v 0.228650 0.125714 0.009612
v 0.240350 0.125714 0.009612
v 0.228550 0.125149 0.009612
v 0.243550 0.125149 -0.005013
v 0.243625 0.125427 0.009612
v 0.225449 0.125149 0.009612
v 0.228429 0.124889 -0.005013
v 0.240449 0.125149 -0.005013
v 0.243429 0.124889 0.009612
v 0.225571 0.124889 -0.005013
v 0.228264 0.124653 0.009612
v 0.240736 0.124653 -0.005013
v 0.240571 0.124889 0.009612
v 0.225939 0.124450 -0.005013
v 0.225736 0.124653 0.009612
v 0.243264 0.124653 -0.005013
v 0.243060 0.124450 0.009612
v 0.227825 0.124285 -0.005013
v 0.227825 0.124285 0.009612
v 0.241175 0.124285 -0.005013
v 0.240939 0.124450 0.009612
v 0.242825 0.124285 -0.005013
v 0.226175 0.124285 0.009612
v 0.226713 0.124089 -0.005013
v 0.227286 0.124089 -0.005013
v 0.242286 0.124089 0.009612
v 0.226713 0.124089 0.009612
v 0.227286 0.124089 0.009612
v 0.242000 0.124064 -0.005013
v 0.241713 0.124089 0.009612
v -0.243818 0.097264 -0.005013
v -0.244068 0.096578 -0.005013
v -0.244068 0.095849 -0.005013
v -0.243818 0.095164 -0.005013
v -0.243150 0.097962 -0.005013
v -0.241282 0.098187 -0.005013
v -0.242364 0.098282 -0.005013
v -0.240026 -0.132068 -0.005013
v -0.240391 -0.131436 -0.005013
v -0.240026 0.095495 -0.005013
v -0.239932 0.096578 -0.005013
v -0.240181 0.097264 -0.005013
v -0.240650 0.097822 -0.005013
v -0.230905 -0.138236 -0.005013
v -0.236850 -0.138236 -0.005013
v -0.200105 -0.138236 -0.005013
v -0.151720 -0.138236 -0.005013
v -0.132461 -0.138236 -0.005013
v -0.120761 -0.138236 -0.005013
v -0.111194 -0.138236 -0.005013
v -0.094994 -0.138236 -0.005013
v -0.075450 -0.138236 -0.005013
v -0.065200 -0.138236 -0.005013
v 0.027250 -0.138236 -0.005013
v 0.070650 -0.138236 -0.005013
v 0.094994 -0.138236 -0.005013
v 0.114455 -0.138236 -0.005013
v 0.132461 -0.138236 -0.005013
v 0.139350 -0.138236 -0.005013
v 0.141282 -0.130813 -0.005013
v 0.140650 -0.131177 -0.005013
v 0.142000 0.098314 -0.005013
v 0.140950 0.098032 -0.005013
v 0.140391 0.097563 -0.005013
v 0.140181 -0.131736 -0.005013
v 0.140026 0.096932 -0.005013
v 0.142000 -0.130686 -0.005013
v 0.142718 0.098187 -0.005013
v 0.139900 0.096214 -0.005013
v 0.139900 -0.132786 -0.005013
v 0.144068 -0.132421 -0.005013
v 0.143818 -0.131736 -0.005013
v 0.144068 0.095849 -0.005013
v 0.143973 0.096932 -0.005013
v 0.143350 0.097822 -0.005013
v 0.167120 -0.138236 -0.005013
v 0.145650 -0.138236 -0.005013
v 0.200105 -0.138236 -0.005013
v 0.221680 -0.138236 -0.005013
v 0.231225 -0.138236 -0.005013
v 0.237075 -0.138236 -0.005013
v -0.241282 0.098187 0.009562
v -0.242364 0.098282 0.009562
v 0.142000 0.098314 0.009562
v 0.141282 0.098187 0.009562
v 0.143050 0.098032 0.009562
v -0.243050 0.098032 0.009562
v -0.240650 0.097822 0.009562
v 0.140650 0.097822 0.009562
v -0.243608 0.097563 0.009562
v 0.143608 0.097563 0.009562
v -0.240026 0.096932 0.009562
v 0.140181 0.097264 0.009562
v 0.143973 0.096932 0.009562
v -0.243973 0.096932 0.009562
v 0.139932 0.096578 0.009562
v -0.244100 0.096214 0.009562
v -0.239900 0.096214 0.009562
v 0.144068 0.095849 0.009562
v -0.240026 0.095495 0.009562
v 0.142718 -0.130813 -0.005013
v 0.143350 -0.131177 -0.005013
v 0.140026 0.095495 -0.005013
v 0.139932 0.095849 0.009562
v 0.143818 0.095164 -0.005013
v 0.143818 0.095164 0.009562
v -0.243973 0.095495 0.009562
v -0.240391 0.094864 -0.005013
v 0.140181 0.095164 0.009562
v -0.243350 0.094605 -0.005013
v -0.240650 0.094605 0.009562
v 0.140391 0.094864 -0.005013
v 0.143350 0.094605 -0.005013
v 0.143350 0.094605 0.009562
v -0.243608 -0.131436 -0.005013
v -0.243150 -0.131037 -0.005013
v -0.243350 0.094605 0.009562
v -0.240950 0.094395 -0.005013
v 0.141282 0.094240 -0.005013
v 0.140950 0.094395 0.009562
v 0.142718 0.094240 -0.005013
v 0.142718 0.094240 0.009562
v -0.241282 -0.130813 -0.005013
v -0.242000 -0.130686 -0.005013
v -0.242718 0.094240 -0.005013
v -0.241635 0.094146 0.009562
v -0.242718 0.094240 0.009562
v -0.242000 0.094114 -0.005013
v 0.142000 0.094114 -0.005013
v 0.142000 0.094114 0.009562
v -0.242000 -0.130686 0.009562
v 0.142718 -0.130813 0.009562
v 0.142000 -0.130686 0.009562
v -0.242718 -0.130813 0.009562
v -0.240950 -0.130967 0.009562
v 0.141282 -0.130813 0.009562
v 0.140650 -0.131177 0.009562
v 0.143350 -0.131177 0.009562
v -0.243608 -0.131436 0.009562
v -0.240391 -0.131436 0.009562
v -0.243973 -0.132068 -0.005013
v -0.240026 -0.132068 0.009562
v 0.143973 -0.132068 0.009562
v -0.243973 -0.132068 0.009562
v 0.140026 -0.132068 0.009562
v -0.244100 -0.132786 -0.005013
v 0.144100 -0.132786 0.009562
v -0.239932 -0.133151 -0.005013
v -0.239932 -0.133151 0.009562
v 0.144068 -0.133151 -0.005013
v -0.243973 -0.133504 -0.005013
v -0.244100 -0.132786 0.009562
v 0.139900 -0.132786 0.009562
v 0.143973 -0.133504 0.009562
v -0.240181 -0.133836 0.009562
v 0.140026 -0.133504 -0.005013
v 0.140026 -0.133504 0.009562
v -0.243973 -0.133504 0.009562
v -0.240391 -0.134136 -0.005013
v 0.143608 -0.134136 -0.005013
v -0.243608 -0.134136 -0.005013
v -0.243608 -0.134136 0.009562
v -0.240650 -0.134395 0.009562
v 0.140391 -0.134136 -0.005013
v 0.143350 -0.134395 0.009562
v -0.243150 -0.138236 -0.005013
v -0.240950 -0.134605 -0.005013
v 0.140650 -0.134395 0.009562
v 0.143050 -0.134605 -0.005013
v -0.243150 -0.134535 -0.005013
v 0.140950 -0.134605 -0.005013
v -0.243050 -0.134605 0.009562
v -0.241635 -0.134854 -0.005013
v -0.241635 -0.134854 0.009562
v 0.141635 -0.134854 -0.005013
v 0.142364 -0.134854 -0.005013
v 0.142364 -0.134854 0.009562
v -0.242364 -0.134854 -0.005013
v 0.141282 -0.134759 0.009562
v -0.242364 -0.134854 0.009562
v -0.243150 -0.161661 -0.005013
v -0.240100 -0.142149 -0.005013
v -0.240699 -0.142569 -0.005013
v -0.241217 -0.143086 -0.005013
v -0.238729 -0.141650 -0.005013
v -0.239436 -0.141839 -0.005013
v -0.241637 -0.143686 -0.005013
v -0.241946 -0.144350 -0.005013
v -0.242136 -0.145057 -0.005013
v -0.242200 -0.145786 -0.005013
v -0.236563 -0.141839 -0.005013
v -0.237270 -0.141650 -0.005013
v -0.238000 -0.141586 -0.005013
v -0.235900 -0.142149 -0.005013
v -0.233800 -0.145786 -0.005013
v -0.233864 -0.145057 -0.005013
v -0.234053 -0.144350 -0.005013
v -0.234362 -0.143686 -0.005013
v -0.234782 -0.143086 -0.005013
v -0.235300 -0.142569 -0.005013
v -0.200105 -0.161661 -0.005013
v -0.230905 -0.161661 -0.005013
v -0.179436 -0.141839 -0.005013
v -0.180100 -0.142149 -0.005013
v -0.178729 -0.141650 -0.005013
v -0.180700 -0.142569 -0.005013
v -0.181217 -0.143086 -0.005013
v -0.181637 -0.143686 -0.005013
v -0.178000 -0.141586 -0.005013
v -0.181947 -0.144350 -0.005013
v -0.132461 -0.161661 -0.005013
v -0.151720 -0.161661 -0.005013
v -0.173864 -0.146515 -0.005013
v -0.177270 -0.141650 -0.005013
v -0.173800 -0.145786 -0.005013
v -0.173864 -0.145057 -0.005013
v -0.174053 -0.144350 -0.005013
v -0.174363 -0.143686 -0.005013
v -0.174782 -0.143086 -0.005013
v -0.175300 -0.142569 -0.005013
v -0.175900 -0.142149 -0.005013
v -0.176563 -0.141839 -0.005013
v -0.120761 -0.161661 -0.005013
v -0.111194 -0.161661 -0.005013
v -0.094994 -0.161661 -0.005013
v -0.075450 -0.161661 -0.005013
v -0.065200 -0.161661 -0.005013
v 0.027250 -0.161661 -0.005013
v 0.070650 -0.161661 -0.005013
v 0.094994 -0.161661 -0.005013
v 0.114455 -0.161661 -0.005013
v 0.132461 -0.161661 -0.005013
v 0.139350 -0.161661 -0.005013
v 0.145650 -0.161661 -0.005013
v 0.167120 -0.161661 -0.005013
v 0.177270 -0.141650 -0.005013
v 0.176563 -0.141839 -0.005013
v 0.175900 -0.142149 -0.005013
v 0.175300 -0.142569 -0.005013
v 0.174782 -0.143086 -0.005013
v 0.174362 -0.143686 -0.005013
v 0.174053 -0.144350 -0.005013
v 0.178000 -0.141586 -0.005013
v 0.173864 -0.145057 -0.005013
v 0.221680 -0.161661 -0.005013
v 0.200105 -0.161661 -0.005013
v 0.182136 -0.146515 -0.005013
v 0.178729 -0.141650 -0.005013
v 0.182200 -0.145786 -0.005013
v 0.182136 -0.145057 -0.005013
v 0.181947 -0.144350 -0.005013
v 0.181637 -0.143686 -0.005013
v 0.181217 -0.143086 -0.005013
v 0.180700 -0.142569 -0.005013
v 0.180100 -0.142149 -0.005013
v 0.179436 -0.141839 -0.005013
v 0.231225 -0.161661 -0.005013
v 0.235300 -0.142569 -0.005013
v 0.234782 -0.143086 -0.005013
v 0.236563 -0.141839 -0.005013
v 0.235900 -0.142149 -0.005013
v 0.234362 -0.143686 -0.005013
v 0.234053 -0.144350 -0.005013
v 0.233863 -0.145057 -0.005013
v 0.233800 -0.145786 -0.005013
v 0.238000 -0.141586 -0.005013
v 0.237075 -0.141702 -0.005013
v 0.238729 -0.141650 -0.005013
v 0.240100 -0.142149 -0.005013
v 0.239436 -0.141839 -0.005013
v 0.242136 -0.146515 -0.005013
v 0.242200 -0.145786 -0.005013
v 0.242136 -0.145057 -0.005013
v 0.241946 -0.144350 -0.005013
v 0.241637 -0.143686 -0.005013
v 0.241217 -0.143086 -0.005013
v 0.240699 -0.142569 -0.005013
v -0.238000 -0.141586 0.005037
v -0.237270 -0.141650 0.005037
v -0.177270 -0.141650 0.005037
v -0.178000 -0.141586 0.005037
v 0.178729 -0.141650 0.005037
v 0.178000 -0.141586 0.005037
v 0.238000 -0.141586 0.005037
v 0.238729 -0.141650 0.005037
v -0.238729 -0.141650 0.005037
v -0.178729 -0.141650 0.005037
v -0.176563 -0.141839 0.005037
v 0.177270 -0.141650 0.005037
v 0.179436 -0.141839 0.005037
v 0.237270 -0.141650 0.005037
v 0.239436 -0.141839 0.005037
v 0.236563 -0.141839 0.005037
v -0.236563 -0.141839 0.005037
v -0.239436 -0.141839 0.005037
v -0.235900 -0.142149 0.005037
v -0.179436 -0.141839 0.005037
v -0.175900 -0.142149 0.005037
v 0.176563 -0.141839 0.005037
v 0.180100 -0.142149 0.005037
v 0.240100 -0.142149 0.005037
v -0.240100 -0.142149 0.005037
v -0.235300 -0.142569 0.005037
v -0.180100 -0.142149 0.005037
v -0.175300 -0.142569 0.005037
v 0.175900 -0.142149 0.005037
v 0.180700 -0.142569 0.005037
v 0.235900 -0.142149 0.005037
v 0.240699 -0.142569 0.005037
v -0.240699 -0.142569 0.005037
v -0.234782 -0.143086 0.005037
v -0.180700 -0.142569 0.005037
v -0.174782 -0.143086 0.005037
v 0.175300 -0.142569 0.005037
v 0.181217 -0.143086 0.005037
v 0.235300 -0.142569 0.005037
v 0.241217 -0.143086 0.005037
v -0.241217 -0.143086 0.005037
v -0.234362 -0.143686 0.005037
v -0.181217 -0.143086 0.005037
v -0.174363 -0.143686 0.005037
v 0.174782 -0.143086 0.005037
v 0.181637 -0.143686 0.005037
v 0.234782 -0.143086 0.005037
v 0.241637 -0.143686 0.005037
v -0.241637 -0.143686 0.005037
v -0.234053 -0.144350 0.005037
v -0.181637 -0.143686 0.005037
v -0.174053 -0.144350 0.005037
v 0.174362 -0.143686 0.005037
v 0.181947 -0.144350 0.005037
v 0.234362 -0.143686 0.005037
v 0.241946 -0.144350 0.005037
v -0.241946 -0.144350 0.005037
v -0.233864 -0.145057 0.005037
v -0.182136 -0.145057 -0.005013
v -0.181947 -0.144350 0.005037
v -0.173864 -0.145057 0.005037
v 0.174053 -0.144350 0.005037
v 0.182136 -0.145057 0.005037
v 0.234053 -0.144350 0.005037
v 0.242136 -0.145057 0.005037
v -0.242136 -0.145057 0.005037
v -0.233800 -0.145786 0.005037
v -0.182200 -0.145786 -0.005013
v -0.182136 -0.145057 0.005037
v -0.173800 -0.145786 0.005037
v 0.173800 -0.145786 -0.005013
v 0.173864 -0.145057 0.005037
v 0.182200 -0.145786 0.005037
v 0.233863 -0.145057 0.005037
v 0.242200 -0.145786 0.005037
v -0.242136 -0.146515 -0.005013
v -0.242200 -0.145786 0.005037
v -0.233864 -0.146515 -0.005013
v -0.233864 -0.146515 0.005037
v -0.182136 -0.146515 -0.005013
v -0.182200 -0.145786 0.005037
v -0.173864 -0.146515 0.005037
v 0.173864 -0.146515 -0.005013
v 0.173800 -0.145786 0.005037
v 0.182136 -0.146515 0.005037
v 0.233863 -0.146515 -0.005013
v 0.233800 -0.145786 0.005037
v 0.242136 -0.146515 0.005037
v -0.241946 -0.147223 -0.005013
v -0.242136 -0.146515 0.005037
v -0.234053 -0.147223 -0.005013
v -0.234053 -0.147223 0.005037
v -0.181947 -0.147223 -0.005013
v -0.182136 -0.146515 0.005037
v -0.174053 -0.147223 -0.005013
v -0.174053 -0.147223 0.005037
v 0.174053 -0.147223 -0.005013
v 0.173864 -0.146515 0.005037
v 0.181947 -0.147223 -0.005013
v 0.181947 -0.147223 0.005037
v 0.234053 -0.147223 -0.005013
v 0.233863 -0.146515 0.005037
v 0.241946 -0.147223 -0.005013
v 0.241946 -0.147223 0.005037
v -0.241637 -0.147886 -0.005013
v -0.241946 -0.147223 0.005037
v -0.234362 -0.147886 -0.005013
v -0.234362 -0.147886 0.005037
v -0.181637 -0.147886 -0.005013
v -0.181947 -0.147223 0.005037
v -0.174363 -0.147886 -0.005013
v -0.174363 -0.147886 0.005037
v 0.174362 -0.147886 -0.005013
v 0.174053 -0.147223 0.005037
v 0.181637 -0.147886 -0.005013
v 0.181637 -0.147886 0.005037
v 0.234362 -0.147886 -0.005013
v 0.234053 -0.147223 0.005037
v 0.241637 -0.147886 -0.005013
v 0.241637 -0.147886 0.005037
v -0.241217 -0.148486 -0.005013
v -0.241637 -0.147886 0.005037
v -0.234782 -0.148486 -0.005013
v -0.234782 -0.148486 0.005037
v -0.181217 -0.148486 -0.005013
v -0.181637 -0.147886 0.005037
v -0.174782 -0.148486 -0.005013
v -0.174782 -0.148486 0.005037
v 0.174782 -0.148486 -0.005013
v 0.174362 -0.147886 0.005037
v 0.181217 -0.148486 -0.005013
v 0.181217 -0.148486 0.005037
v 0.234782 -0.148486 -0.005013
v 0.234362 -0.147886 0.005037
v 0.241217 -0.148486 -0.005013
v 0.241217 -0.148486 0.005037
v -0.240699 -0.149004 -0.005013
v -0.241217 -0.148486 0.005037
v -0.235300 -0.149004 -0.005013
v -0.235300 -0.149004 0.005037
v -0.180700 -0.149004 -0.005013
v -0.181217 -0.148486 0.005037
v -0.175300 -0.149004 -0.005013
v -0.175300 -0.149004 0.005037
v 0.175300 -0.149004 -0.005013
v 0.174782 -0.148486 0.005037
v 0.180700 -0.149004 -0.005013
v 0.180700 -0.149004 0.005037
v 0.235300 -0.149004 -0.005013
v 0.234782 -0.148486 0.005037
v 0.240699 -0.149004 -0.005013
v 0.240699 -0.149004 0.005037
v -0.240100 -0.149423 -0.005013
v -0.240699 -0.149004 0.005037
v -0.235900 -0.149423 -0.005013
v -0.235900 -0.149423 0.005037
v -0.180100 -0.149423 -0.005013
v -0.180700 -0.149004 0.005037
v -0.175900 -0.149423 -0.005013
v -0.175900 -0.149423 0.005037
v 0.175900 -0.149423 -0.005013
v 0.175300 -0.149004 0.005037
v 0.180100 -0.149423 -0.005013
v 0.180100 -0.149423 0.005037
v 0.235900 -0.149423 -0.005013
v 0.235300 -0.149004 0.005037
v 0.240100 -0.149423 -0.005013
v 0.240100 -0.149423 0.005037
v -0.239436 -0.149733 -0.005013
v -0.240100 -0.149423 0.005037
v -0.236563 -0.149733 -0.005013
v -0.236563 -0.149733 0.005037
v -0.179436 -0.149733 -0.005013
v -0.180100 -0.149423 0.005037
v -0.176563 -0.149733 -0.005013
v -0.176563 -0.149733 0.005037
v 0.176563 -0.149733 -0.005013
v 0.175900 -0.149423 0.005037
v 0.179436 -0.149733 -0.005013
v 0.179436 -0.149733 0.005037
v 0.236563 -0.149733 -0.005013
v 0.235900 -0.149423 0.005037
v 0.237075 -0.161661 -0.005013
v 0.239436 -0.149733 -0.005013
v 0.239436 -0.149733 0.005037
v -0.238729 -0.149922 -0.005013
v -0.239436 -0.149733 0.005037
v -0.237270 -0.149922 -0.005013
v -0.178729 -0.149922 -0.005013
v -0.179436 -0.149733 0.005037
v -0.177270 -0.149922 -0.005013
v -0.177270 -0.149922 0.005037
v 0.177270 -0.149922 -0.005013
v 0.176563 -0.149733 0.005037
v 0.178729 -0.149922 -0.005013
v 0.178729 -0.149922 0.005037
v 0.237270 -0.149922 -0.005013
v 0.236563 -0.149733 0.005037
v 0.238729 -0.149922 -0.005013
v 0.238729 -0.149922 0.005037
v -0.236850 -0.161661 -0.005013
v -0.237270 -0.149922 0.005037
v 0.237270 -0.149922 0.005037
v -0.238000 -0.149986 -0.005013
v -0.238729 -0.149922 0.005037
v -0.238000 -0.149986 0.005037
v -0.178000 -0.149986 -0.005013
v -0.178729 -0.149922 0.005037
v -0.178000 -0.149986 0.005037
v 0.178000 -0.149986 -0.005013
v 0.177270 -0.149922 0.005037
v 0.178000 -0.149986 0.005037
v 0.238000 -0.149986 -0.005013
v 0.238000 -0.149986 0.005037
v -0.243150 -0.175386 -0.005013
v -0.236850 -0.175386 -0.005013
v -0.230905 -0.175386 -0.005013
v -0.200105 -0.175386 -0.005013
v -0.151720 -0.175386 -0.005013
v -0.132461 -0.175386 -0.005013
v -0.120761 -0.175386 -0.005013
v -0.118218 -0.173463 -0.005013
v -0.118850 -0.173827 -0.005013
v -0.116782 -0.173463 -0.005013
v -0.117500 -0.173336 -0.005013
v -0.119473 -0.174718 -0.005013
v -0.115891 -0.174086 -0.005013
v -0.115527 -0.174718 -0.005013
v -0.094994 -0.175386 -0.005013
v -0.111194 -0.175386 -0.005013
v -0.075450 -0.175386 -0.005013
v -0.065200 -0.175386 -0.005013
v 0.027250 -0.175386 -0.005013
v 0.070650 -0.175386 -0.005013
v 0.094994 -0.175386 -0.005013
v 0.114455 -0.175386 -0.005013
v 0.132461 -0.175386 -0.005013
v 0.139350 -0.175386 -0.005013
v 0.145650 -0.175386 -0.005013
v 0.167120 -0.175386 -0.005013
v 0.200105 -0.175386 -0.005013
v 0.221680 -0.175386 -0.005013
v 0.231225 -0.175386 -0.005013
v 0.237075 -0.175386 -0.005013
v -0.117500 -0.173336 0.009562
v -0.116782 -0.173463 0.009562
v -0.118218 -0.173463 0.009562
v -0.118850 -0.173827 0.009562
v -0.116150 -0.173827 0.009562
v -0.119319 -0.174386 0.009562
v -0.115681 -0.174386 0.009562
v -0.115404 -0.175386 -0.005013
v -0.115432 -0.175071 0.009562
v -0.119600 -0.175436 -0.005013
v -0.119568 -0.175071 0.009562
v -0.243150 -0.179136 -0.005013
v -0.236850 -0.179136 -0.005013
v -0.230905 -0.179136 -0.005013
v -0.200105 -0.179136 -0.005013
v -0.151720 -0.179136 -0.005013
v -0.132461 -0.179136 -0.005013
v -0.120761 -0.179136 -0.005013
v -0.119473 -0.176154 -0.005013
v -0.115432 -0.175801 0.009562
v -0.115527 -0.176154 -0.005013
v -0.094994 -0.179136 -0.005013
v -0.111194 -0.179136 -0.005013
v -0.075450 -0.179136 -0.005013
v -0.065200 -0.179136 -0.005013
v 0.027250 -0.179136 -0.005013
v 0.070650 -0.179136 -0.005013
v 0.094994 -0.179136 -0.005013
v 0.114455 -0.179136 -0.005013
v 0.132461 -0.179136 -0.005013
v 0.139350 -0.179136 -0.005013
v 0.145650 -0.179136 -0.005013
v 0.167120 -0.179136 -0.005013
v 0.200105 -0.179136 -0.005013
v 0.221680 -0.179136 -0.005013
v 0.226713 -0.177461 -0.005013
v 0.226175 -0.177657 -0.005013
v 0.225736 -0.178025 -0.005013
v 0.225449 -0.178522 -0.005013
v 0.227286 -0.177461 -0.005013
v 0.228625 -0.178800 -0.005013
v 0.228429 -0.178261 -0.005013
v 0.228060 -0.177822 -0.005013
v 0.237075 -0.179136 -0.005013
v 0.231225 -0.179136 -0.005013
v 0.242286 -0.177461 -0.005013
v 0.241435 -0.177536 -0.005013
v 0.240939 -0.177822 -0.005013
v 0.240571 -0.178261 -0.005013
v 0.240375 -0.178800 -0.005013
v 0.242825 -0.177657 -0.005013
v 0.243645 -0.179136 -0.005013
v 0.243550 -0.178522 -0.005013
v 0.243264 -0.178025 -0.005013
v -0.119568 -0.175801 0.009562
v -0.115681 -0.176486 0.009562
v -0.119109 -0.176786 -0.005013
v -0.115891 -0.176786 -0.005013
v -0.119319 -0.176486 0.009562
v -0.116150 -0.177045 0.009562
v -0.118550 -0.177255 -0.005013
v -0.118850 -0.177045 0.009562
v -0.116450 -0.177255 -0.005013
v -0.117865 -0.177504 -0.005013
v -0.117135 -0.177504 -0.005013
v -0.117135 -0.177504 0.009562
v -0.117865 -0.177504 0.009562
v 0.227564 -0.177536 0.009612
v 0.227000 -0.177436 0.009612
v 0.242286 -0.177461 0.009612
v 0.241713 -0.177461 0.009612
v 0.226175 -0.177657 0.009612
v 0.228060 -0.177822 0.009612
v 0.241175 -0.177657 0.009612
v 0.242825 -0.177657 0.009612
v 0.243264 -0.178025 0.009612
v 0.240736 -0.178025 0.009612
v 0.225571 -0.178261 0.009612
v 0.228550 -0.178522 0.009612
v 0.243550 -0.178522 0.009612
v 0.225354 -0.179136 -0.005013
v 0.228650 -0.179086 0.009612
v 0.240449 -0.178522 0.009612
v 0.243650 -0.179086 0.009612
v 0.225375 -0.178800 0.009612
v 0.240375 -0.179373 -0.005013
v 0.240350 -0.179086 0.009612
v 0.225375 -0.179373 0.009612
v 0.228550 -0.179650 0.009612
v -0.236850 -0.202911 -0.005013
v -0.243150 -0.202911 -0.005013
v -0.230905 -0.202911 -0.005013
v -0.200105 -0.202911 -0.005013
v -0.151720 -0.202911 -0.005013
v -0.132461 -0.202911 -0.005013
v -0.120761 -0.202911 -0.005013
v -0.111194 -0.202911 -0.005013
v -0.094994 -0.202911 -0.005013
v -0.075450 -0.202911 -0.005013
v -0.070365 -0.198368 -0.005013
v -0.071350 -0.198827 -0.005013
v -0.071819 -0.199386 -0.005013
v -0.072068 -0.200071 -0.005013
v -0.001710 -0.195738 -0.005013
v -0.002500 -0.196106 -0.005013
v 0.000000 -0.195436 -0.005013
v -0.000868 -0.195512 -0.005013
v -0.003214 -0.196606 -0.005013
v -0.003830 -0.197222 -0.005013
v -0.004330 -0.197936 -0.005013
v -0.004698 -0.198726 -0.005013
v -0.004924 -0.199568 -0.005013
v -0.065200 -0.202911 -0.005013
v -0.068950 -0.198617 -0.005013
v -0.069635 -0.198368 -0.005013
v -0.068027 -0.199718 -0.005013
v -0.068391 -0.199086 -0.005013
v 0.004924 -0.199568 -0.005013
v 0.004698 -0.198726 -0.005013
v 0.004330 -0.197936 -0.005013
v 0.003830 -0.197222 -0.005013
v 0.003214 -0.196606 -0.005013
v 0.002500 -0.196106 -0.005013
v 0.001710 -0.195738 -0.005013
v 0.000868 -0.195512 -0.005013
v 0.070650 -0.202911 -0.005013
v 0.027250 -0.202911 -0.005013
v 0.094994 -0.202911 -0.005013
v 0.114455 -0.202911 -0.005013
v 0.132461 -0.202911 -0.005013
v 0.139350 -0.202911 -0.005013
v 0.145650 -0.202911 -0.005013
v 0.167120 -0.202911 -0.005013
v 0.200105 -0.202911 -0.005013
v 0.221680 -0.202911 -0.005013
v 0.225449 -0.179650 -0.005013
v 0.225736 -0.180147 -0.005013
v 0.228550 -0.179650 -0.005013
v 0.228264 -0.180147 -0.005013
v 0.237075 -0.202911 -0.005013
v 0.231225 -0.202911 -0.005013
v 0.240736 -0.180147 -0.005013
v 0.243550 -0.179650 -0.005013
v 0.243550 -0.179650 0.009612
v 0.225571 -0.179911 0.009612
v 0.228264 -0.180147 0.009612
v 0.240449 -0.179650 0.009612
v 0.243264 -0.180147 -0.005013
v 0.243264 -0.180147 0.009612
v 0.225939 -0.180350 0.009612
v 0.227825 -0.180515 0.009612
v 0.240939 -0.180350 0.009612
v 0.242825 -0.180515 0.009612
v 0.226175 -0.180515 -0.005013
v 0.227825 -0.180515 -0.005013
v 0.241175 -0.180515 -0.005013
v 0.242564 -0.180637 -0.005013
v 0.227286 -0.180711 -0.005013
v 0.241713 -0.180711 -0.005013
v 0.242286 -0.180711 0.009612
v 0.226713 -0.180711 -0.005013
v 0.226435 -0.180637 0.009612
v 0.227000 -0.180736 0.009612
v 0.241713 -0.180711 0.009612
v 0.000868 -0.195512 0.009987
v 0.000000 -0.195436 0.009987
v -0.000868 -0.195512 0.009987
v 0.001710 -0.195738 0.009987
v -0.001710 -0.195738 0.009987
v 0.002500 -0.196106 0.009987
v -0.002500 -0.196106 0.009987
v 0.003214 -0.196606 0.009987
v -0.003214 -0.196606 0.009987
v 0.003830 -0.197222 0.009987
v -0.003830 -0.197222 0.009987
v -0.004330 -0.197936 0.009987
v 0.004698 -0.198726 0.009987
v 0.004330 -0.197936 0.009987
v -0.069635 -0.198368 0.009562
v -0.070718 -0.198463 0.009562
v -0.068950 -0.198617 0.009562
v -0.071350 -0.198827 0.009562
v -0.068391 -0.199086 0.009562
v -0.004698 -0.198726 0.009987
v 0.004924 -0.199568 0.009987
v -0.071819 -0.199386 0.009562
v -0.068027 -0.199718 0.009562
v -0.005000 -0.200436 -0.005013
v -0.004924 -0.199568 0.009987
v 0.005000 -0.200436 -0.005013
v 0.005000 -0.200436 0.009987
v -0.072100 -0.200436 0.009562
v -0.067932 -0.200801 -0.005013
v -0.067900 -0.200436 0.009562
v -0.072068 -0.200801 -0.005013
v -0.068027 -0.201154 0.009562
v -0.004924 -0.201304 -0.005013
v -0.005000 -0.200436 0.009987
v 0.004924 -0.201304 -0.005013
v 0.004924 -0.201304 0.009987
v -0.071819 -0.201486 -0.005013
v -0.071819 -0.201486 0.009562
v -0.068391 -0.201786 -0.005013
v -0.068391 -0.201786 0.009562
v -0.004698 -0.202146 -0.005013
v -0.004924 -0.201304 0.009987
v 0.004698 -0.202146 -0.005013
v 0.004698 -0.202146 0.009987
v -0.071350 -0.202045 -0.005013
v -0.068950 -0.202255 -0.005013
v -0.068950 -0.202255 0.009562
v -0.071350 -0.202045 0.009562
v -0.004342 -0.202911 -0.005013
v -0.004698 -0.202146 0.009987
v 0.004342 -0.202911 -0.005013
v -0.070365 -0.202504 -0.005013
v -0.069635 -0.202504 -0.005013
v -0.069635 -0.202504 0.009562
v -0.070365 -0.202504 0.009562
v -0.287108 -0.204199 0.009987
v -0.236850 -0.210861 -0.005013
v -0.243150 -0.210861 -0.005013
v -0.230905 -0.210861 -0.005013
v -0.200105 -0.210861 -0.005013
v -0.151720 -0.210861 -0.005013
v -0.132461 -0.210861 -0.005013
v -0.120761 -0.210861 -0.005013
v -0.111194 -0.210861 -0.005013
v -0.094994 -0.210861 -0.005013
v -0.075450 -0.210861 -0.005013
v -0.065200 -0.210861 -0.005013
v -0.056000 -0.203286 -0.005013
v -0.057129 -0.203385 -0.005013
v -0.058223 -0.203678 -0.005013
v -0.059250 -0.204157 -0.005013
v -0.060178 -0.204807 -0.005013
v -0.060979 -0.205608 -0.005013
v -0.061629 -0.206536 -0.005013
v -0.062108 -0.207563 -0.005013
v -0.049599 -0.208657 -0.005013
v -0.049892 -0.207563 -0.005013
v -0.050371 -0.206536 -0.005013
v -0.051021 -0.205608 -0.005013
v -0.051822 -0.204807 -0.005013
v -0.052750 -0.204157 -0.005013
v -0.053777 -0.203678 -0.005013
v -0.054871 -0.203385 -0.005013
v -0.049500 -0.209786 -0.005013
v 0.004330 -0.202936 0.009987
v 0.053777 -0.203678 -0.005013
v 0.052750 -0.204157 -0.005013
v 0.051822 -0.204807 -0.005013
v 0.051021 -0.205608 -0.005013
v 0.049599 -0.208657 -0.005013
v 0.027250 -0.210861 -0.005013
v 0.056000 -0.203286 -0.005013
v 0.054871 -0.203385 -0.005013
v 0.050371 -0.206536 -0.005013
v 0.049892 -0.207563 -0.005013
v 0.062500 -0.209786 -0.005013
v 0.062401 -0.208657 -0.005013
v 0.062108 -0.207563 -0.005013
v 0.059250 -0.204157 -0.005013
v 0.058223 -0.203678 -0.005013
v 0.060178 -0.204807 -0.005013
v 0.057129 -0.203385 -0.005013
v 0.061629 -0.206536 -0.005013
v 0.060979 -0.205608 -0.005013
v 0.094994 -0.210861 -0.005013
v 0.070650 -0.210861 -0.005013
v 0.114455 -0.210861 -0.005013
v 0.132461 -0.210861 -0.005013
v 0.139350 -0.210861 -0.005013
v 0.145650 -0.210861 -0.005013
v 0.167120 -0.210861 -0.005013
v 0.200105 -0.210861 -0.005013
v 0.221680 -0.210861 -0.005013
v 0.231225 -0.210861 -0.005013
v 0.237075 -0.210861 -0.005013
v -0.003830 -0.203650 -0.005013
v -0.004330 -0.202936 0.009987
v 0.003830 -0.203650 -0.005013
v 0.003830 -0.203650 0.009987
v -0.056000 -0.203286 0.003987
v -0.054871 -0.203385 0.003987
v 0.056000 -0.203286 0.003987
v 0.057129 -0.203385 0.003987
v -0.057129 -0.203385 0.003987
v -0.053777 -0.203678 0.003987
v 0.054871 -0.203385 0.003987
v 0.058223 -0.203678 0.003987
v -0.003214 -0.204266 -0.005013
v -0.003830 -0.203650 0.009987
v -0.003282 -0.204199 0.009987
v 0.003214 -0.204266 -0.005013
v 0.003214 -0.204266 0.009987
v -0.058223 -0.203678 0.003987
v -0.052750 -0.204157 0.003987
v 0.053777 -0.203678 0.003987
v 0.059250 -0.204157 0.003987
v -0.059250 -0.204157 0.003987
v -0.051822 -0.204807 0.003987
v 0.052750 -0.204157 0.003987
v 0.060178 -0.204807 0.003987
v -0.002500 -0.204766 -0.005013
v 0.002500 -0.204766 -0.005013
v 0.002500 -0.204766 0.009987
v -0.049594 -0.210861 -0.005013
v -0.001710 -0.205135 -0.005013
v -0.002500 -0.204766 0.009987
v 0.001710 -0.205135 -0.005013
v 0.001710 -0.205135 0.009987
v -0.060178 -0.204807 0.003987
v -0.051021 -0.205608 0.003987
v 0.051822 -0.204807 0.003987
v 0.060979 -0.205608 0.003987
v -0.000868 -0.205360 -0.005013
v -0.001710 -0.205135 0.009987
v 0.000868 -0.205360 -0.005013
v 0.000868 -0.205360 0.009987
v 0.000000 -0.205436 -0.005013
v -0.000868 -0.205360 0.009987
v 0.000000 -0.205436 0.009987
v -0.060979 -0.205608 0.003987
v -0.050371 -0.206536 0.003987
v 0.051021 -0.205608 0.003987
v 0.061629 -0.206536 0.003987
v -0.061629 -0.206536 0.003987
v -0.049892 -0.207563 0.003987
v 0.050371 -0.206536 0.003987
v 0.062108 -0.207563 0.003987
v -0.062401 -0.208657 -0.005013
v -0.062108 -0.207563 0.003987
v -0.049599 -0.208657 0.003987
v 0.049892 -0.207563 0.003987
v 0.062401 -0.208657 0.003987
v -0.062500 -0.209786 -0.005013
v -0.062401 -0.208657 0.003987
v -0.049500 -0.209786 0.003987
v 0.049500 -0.209786 -0.005013
v 0.049599 -0.208657 0.003987
v 0.062500 -0.209786 0.003987
v -0.062406 -0.210861 -0.005013
v -0.062500 -0.209786 0.003987
v 0.049594 -0.210861 -0.005013
v 0.049500 -0.209786 0.003987
v 0.062406 -0.210861 -0.005013
v -0.236850 -0.218936 -0.005013
v -0.243150 -0.218936 -0.005013
v -0.230905 -0.218936 -0.005013
v -0.200105 -0.218936 -0.005013
v -0.151720 -0.218936 -0.005013
v -0.132461 -0.218936 -0.005013
v -0.120761 -0.218936 -0.005013
v -0.111194 -0.218936 -0.005013
v -0.094994 -0.218936 -0.005013
v -0.075450 -0.218936 -0.005013
v -0.065200 -0.218936 -0.005013
v -0.062108 -0.212009 -0.005013
v -0.062401 -0.210915 0.003987
v -0.049599 -0.210915 0.003987
v 0.027250 -0.218936 -0.005013
v 0.049599 -0.210915 0.003987
v 0.062401 -0.210915 0.003987
v 0.062108 -0.212009 -0.005013
v 0.094994 -0.218936 -0.005013
v 0.070650 -0.218936 -0.005013
v 0.114455 -0.218936 -0.005013
v 0.132461 -0.218936 -0.005013
v 0.139350 -0.218936 -0.005013
v 0.145650 -0.218936 -0.005013
v 0.167120 -0.218936 -0.005013
v 0.200105 -0.218936 -0.005013
v 0.221680 -0.218936 -0.005013
v 0.231225 -0.218936 -0.005013
v 0.237075 -0.218936 -0.005013
v -0.049892 -0.212009 -0.005013
v -0.049892 -0.212009 0.003987
v 0.049892 -0.212009 -0.005013
v 0.062108 -0.212009 0.003987
v -0.061629 -0.213036 -0.005013
v -0.062108 -0.212009 0.003987
v -0.050371 -0.213036 -0.005013
v -0.050371 -0.213036 0.003987
v 0.050371 -0.213036 -0.005013
v 0.049892 -0.212009 0.003987
v 0.061629 -0.213036 -0.005013
v 0.061629 -0.213036 0.003987
v -0.060979 -0.213964 -0.005013
v -0.061629 -0.213036 0.003987
v -0.051021 -0.213964 -0.005013
v -0.051021 -0.213964 0.003987
v 0.051021 -0.213964 -0.005013
v 0.050371 -0.213036 0.003987
v 0.060979 -0.213964 -0.005013
v 0.060979 -0.213964 0.003987
v -0.060178 -0.214765 -0.005013
v -0.060979 -0.213964 0.003987
v -0.051822 -0.214765 -0.005013
v -0.051822 -0.214765 0.003987
v 0.051822 -0.214765 -0.005013
v 0.051021 -0.213964 0.003987
v 0.060178 -0.214765 -0.005013
v 0.060178 -0.214765 0.003987
v -0.059250 -0.215415 -0.005013
v -0.060178 -0.214765 0.003987
v -0.052750 -0.215415 -0.005013
v -0.052750 -0.215415 0.003987
v 0.052750 -0.215415 -0.005013
v 0.051822 -0.214765 0.003987
v 0.059250 -0.215415 -0.005013
v 0.059250 -0.215415 0.003987
v -0.058223 -0.215894 -0.005013
v -0.059250 -0.215415 0.003987
v -0.053777 -0.215894 -0.005013
v -0.053777 -0.215894 0.003987
v 0.053777 -0.215894 -0.005013
v 0.052750 -0.215415 0.003987
v 0.058223 -0.215894 -0.005013
v 0.058223 -0.215894 0.003987
v -0.057129 -0.216187 -0.005013
v -0.058223 -0.215894 0.003987
v -0.054871 -0.216187 -0.005013
v -0.054871 -0.216187 0.003987
v 0.054871 -0.216187 -0.005013
v 0.053777 -0.215894 0.003987
v 0.057129 -0.216187 -0.005013
v 0.057129 -0.216187 0.003987
v -0.056000 -0.216286 -0.005013
v -0.057129 -0.216187 0.003987
v -0.056000 -0.216286 0.003987
v 0.056000 -0.216286 -0.005013
v 0.054871 -0.216187 0.003987
v 0.056000 -0.216286 0.003987
v -0.240100 -0.222149 -0.005013
v -0.240699 -0.222569 -0.005013
v -0.241217 -0.223086 -0.005013
v -0.238729 -0.221650 -0.005013
v -0.239436 -0.221839 -0.005013
v -0.242136 -0.225057 -0.005013
v -0.242200 -0.225786 -0.005013
v -0.241637 -0.223686 -0.005013
v -0.241946 -0.224350 -0.005013
v -0.236563 -0.221839 -0.005013
v -0.237270 -0.221650 -0.005013
v -0.238000 -0.221586 -0.005013
v -0.235900 -0.222149 -0.005013
v -0.235300 -0.222569 -0.005013
v -0.233864 -0.226515 -0.005013
v -0.233800 -0.225786 -0.005013
v -0.233864 -0.225057 -0.005013
v -0.234053 -0.224350 -0.005013
v -0.234362 -0.223686 -0.005013
v -0.234782 -0.223086 -0.005013
v -0.180100 -0.222149 -0.005013
v -0.180700 -0.222569 -0.005013
v -0.179436 -0.221839 -0.005013
v -0.178000 -0.221586 -0.005013
v -0.178729 -0.221650 -0.005013
v -0.181217 -0.223086 -0.005013
v -0.181637 -0.223686 -0.005013
v -0.181947 -0.224350 -0.005013
v -0.182136 -0.225057 -0.005013
v -0.182200 -0.225786 -0.005013
v -0.175900 -0.222149 -0.005013
v -0.176563 -0.221839 -0.005013
v -0.175300 -0.222569 -0.005013
v -0.177270 -0.221650 -0.005013
v -0.173864 -0.226515 -0.005013
v -0.173800 -0.225786 -0.005013
v -0.173864 -0.225057 -0.005013
v -0.174053 -0.224350 -0.005013
v -0.174363 -0.223686 -0.005013
v -0.174782 -0.223086 -0.005013
v -0.132461 -0.235786 -0.005013
v -0.151720 -0.235786 -0.005013
v -0.120761 -0.235786 -0.005013
v -0.118218 -0.223463 -0.005013
v -0.118850 -0.223827 -0.005013
v -0.117500 -0.223336 -0.005013
v -0.119473 -0.224718 -0.005013
v -0.119600 -0.225436 -0.005013
v -0.116150 -0.223827 -0.005013
v -0.116782 -0.223463 -0.005013
v -0.115432 -0.225801 -0.005013
v -0.115527 -0.224718 -0.005013
v -0.111194 -0.235786 -0.005013
v -0.094994 -0.235786 -0.005013
v -0.079750 -0.235786 -0.005013
v -0.065200 -0.235786 -0.005013
v -0.075450 -0.235786 -0.005013
v 0.000000 -0.235786 -0.005013
v 0.070650 -0.235786 -0.005013
v 0.027250 -0.235786 -0.005013
v 0.079750 -0.235786 -0.005013
v 0.114455 -0.235786 -0.005013
v 0.094994 -0.235786 -0.005013
v 0.132461 -0.235786 -0.005013
v 0.139350 -0.235786 -0.005013
v 0.145650 -0.235786 -0.005013
v 0.167120 -0.235786 -0.005013
v 0.175900 -0.222149 -0.005013
v 0.175300 -0.222569 -0.005013
v 0.176563 -0.221839 -0.005013
v 0.178000 -0.221586 -0.005013
v 0.177270 -0.221650 -0.005013
v 0.174782 -0.223086 -0.005013
v 0.174362 -0.223686 -0.005013
v 0.174053 -0.224350 -0.005013
v 0.173864 -0.225057 -0.005013
v 0.173800 -0.225786 -0.005013
v 0.180100 -0.222149 -0.005013
v 0.179436 -0.221839 -0.005013
v 0.180700 -0.222569 -0.005013
v 0.178729 -0.221650 -0.005013
v 0.182136 -0.226515 -0.005013
v 0.182200 -0.225786 -0.005013
v 0.182136 -0.225057 -0.005013
v 0.181947 -0.224350 -0.005013
v 0.181637 -0.223686 -0.005013
v 0.181217 -0.223086 -0.005013
v 0.200105 -0.235786 -0.005013
v 0.235300 -0.222569 -0.005013
v 0.234782 -0.223086 -0.005013
v 0.236563 -0.221839 -0.005013
v 0.235900 -0.222149 -0.005013
v 0.234362 -0.223686 -0.005013
v 0.234053 -0.224350 -0.005013
v 0.233863 -0.225057 -0.005013
v 0.233800 -0.225786 -0.005013
v 0.233863 -0.226515 -0.005013
v 0.239436 -0.221839 -0.005013
v 0.238729 -0.221650 -0.005013
v 0.238000 -0.221586 -0.005013
v 0.237075 -0.221702 -0.005013
v 0.240100 -0.222149 -0.005013
v 0.242200 -0.225786 -0.005013
v 0.242136 -0.225057 -0.005013
v 0.241946 -0.224350 -0.005013
v 0.240699 -0.222569 -0.005013
v 0.241637 -0.223686 -0.005013
v 0.241217 -0.223086 -0.005013
v -0.238000 -0.221586 0.005037
v -0.237270 -0.221650 0.005037
v -0.177270 -0.221650 0.005037
v -0.178000 -0.221586 0.005037
v 0.178729 -0.221650 0.005037
v 0.178000 -0.221586 0.005037
v 0.238000 -0.221586 0.005037
v 0.238729 -0.221650 0.005037
v -0.238729 -0.221650 0.005037
v -0.178729 -0.221650 0.005037
v -0.176563 -0.221839 0.005037
v 0.177270 -0.221650 0.005037
v 0.179436 -0.221839 0.005037
v 0.237270 -0.221650 0.005037
v 0.239436 -0.221839 0.005037
v 0.236563 -0.221839 0.005037
v -0.236563 -0.221839 0.005037
v -0.239436 -0.221839 0.005037
v -0.235900 -0.222149 0.005037
v -0.179436 -0.221839 0.005037
v -0.175900 -0.222149 0.005037
v 0.176563 -0.221839 0.005037
v 0.180100 -0.222149 0.005037
v 0.240100 -0.222149 0.005037
v -0.240100 -0.222149 0.005037
v -0.235300 -0.222569 0.005037
v -0.180100 -0.222149 0.005037
v -0.175300 -0.222569 0.005037
v 0.175900 -0.222149 0.005037
v 0.180700 -0.222569 0.005037
v 0.235900 -0.222149 0.005037
v 0.240699 -0.222569 0.005037
v -0.240699 -0.222569 0.005037
v -0.234782 -0.223086 0.005037
v -0.180700 -0.222569 0.005037
v -0.174782 -0.223086 0.005037
v 0.175300 -0.222569 0.005037
v 0.181217 -0.223086 0.005037
v 0.235300 -0.222569 0.005037
v 0.241217 -0.223086 0.005037
v -0.241217 -0.223086 0.005037
v -0.234362 -0.223686 0.005037
v -0.181217 -0.223086 0.005037
v -0.174363 -0.223686 0.005037
v 0.174782 -0.223086 0.005037
v 0.181637 -0.223686 0.005037
v 0.234782 -0.223086 0.005037
v 0.241637 -0.223686 0.005037
v -0.117135 -0.223368 0.009562
v -0.117865 -0.223368 0.009562
v -0.118550 -0.223617 0.009562
v -0.116450 -0.223617 0.009562
v -0.115891 -0.224086 0.009562
v -0.241637 -0.223686 0.005037
v -0.234053 -0.224350 0.005037
v -0.181637 -0.223686 0.005037
v -0.174053 -0.224350 0.005037
v 0.174362 -0.223686 0.005037
v 0.181947 -0.224350 0.005037
v 0.234362 -0.223686 0.005037
v 0.241946 -0.224350 0.005037
v -0.119109 -0.224086 0.009562
v -0.115527 -0.224718 0.009562
v -0.241946 -0.224350 0.005037
v -0.233864 -0.225057 0.005037
v -0.181947 -0.224350 0.005037
v -0.173864 -0.225057 0.005037
v 0.174053 -0.224350 0.005037
v 0.182136 -0.225057 0.005037
v 0.234053 -0.224350 0.005037
v 0.242136 -0.225057 0.005037
v -0.119568 -0.225071 0.009562
v -0.242136 -0.225057 0.005037
v -0.233800 -0.225786 0.005037
v -0.182136 -0.225057 0.005037
v -0.173800 -0.225786 0.005037
v 0.173864 -0.225057 0.005037
v 0.182200 -0.225786 0.005037
v 0.233863 -0.225057 0.005037
v 0.242200 -0.225786 0.005037
v -0.115400 -0.225436 0.009562
v -0.119473 -0.226154 -0.005013
v -0.119568 -0.225801 0.009562
v -0.115527 -0.226154 0.009562
v -0.242136 -0.226515 -0.005013
v -0.242200 -0.225786 0.005037
v -0.233864 -0.226515 0.005037
v -0.182136 -0.226515 -0.005013
v -0.182200 -0.225786 0.005037
v -0.173864 -0.226515 0.005037
v 0.173864 -0.226515 -0.005013
v 0.173800 -0.225786 0.005037
v 0.182136 -0.226515 0.005037
v 0.233800 -0.225786 0.005037
v 0.242136 -0.226515 -0.005013
v 0.242136 -0.226515 0.005037
v -0.115681 -0.226486 -0.005013
v -0.115891 -0.226786 0.009562
v -0.119109 -0.226786 -0.005013
v -0.119109 -0.226786 0.009562
v -0.116150 -0.227045 -0.005013
v -0.241946 -0.227223 -0.005013
v -0.242136 -0.226515 0.005037
v -0.234053 -0.227223 -0.005013
v -0.234053 -0.227223 0.005037
v -0.181947 -0.227223 -0.005013
v -0.182136 -0.226515 0.005037
v -0.174053 -0.227223 -0.005013
v -0.174053 -0.227223 0.005037
v 0.174053 -0.227223 -0.005013
v 0.173864 -0.226515 0.005037
v 0.181947 -0.227223 -0.005013
v 0.181947 -0.227223 0.005037
v 0.234053 -0.227223 -0.005013
v 0.233863 -0.226515 0.005037
v 0.241946 -0.227223 -0.005013
v 0.241946 -0.227223 0.005037
v -0.116450 -0.227255 0.009562
v -0.118218 -0.227409 -0.005013
v -0.116782 -0.227409 -0.005013
v -0.241637 -0.227886 -0.005013
v -0.241946 -0.227223 0.005037
v -0.234362 -0.227886 -0.005013
v -0.234362 -0.227886 0.005037
v -0.181637 -0.227886 -0.005013
v -0.181947 -0.227223 0.005037
v -0.174363 -0.227886 -0.005013
v -0.174363 -0.227886 0.005037
v 0.174362 -0.227886 -0.005013
v 0.174053 -0.227223 0.005037
v 0.181637 -0.227886 -0.005013
v 0.181637 -0.227886 0.005037
v 0.234362 -0.227886 -0.005013
v 0.234053 -0.227223 0.005037
v 0.241637 -0.227886 -0.005013
v 0.241637 -0.227886 0.005037
v -0.118550 -0.227255 0.009562
v -0.117135 -0.227504 0.009562
v -0.117500 -0.227536 -0.005013
v -0.117865 -0.227504 0.009562
v -0.241217 -0.228486 -0.005013
v -0.241637 -0.227886 0.005037
v -0.234782 -0.228486 -0.005013
v -0.234782 -0.228486 0.005037
v -0.181217 -0.228486 -0.005013
v -0.181637 -0.227886 0.005037
v -0.174782 -0.228486 -0.005013
v -0.174782 -0.228486 0.005037
v 0.174782 -0.228486 -0.005013
v 0.174362 -0.227886 0.005037
v 0.181217 -0.228486 -0.005013
v 0.181217 -0.228486 0.005037
v 0.234782 -0.228486 -0.005013
v 0.234362 -0.227886 0.005037
v 0.241217 -0.228486 -0.005013
v 0.241217 -0.228486 0.005037
v -0.240699 -0.229003 -0.005013
v -0.241217 -0.228486 0.005037
v -0.235300 -0.229003 -0.005013
v -0.235300 -0.229003 0.005037
v -0.180700 -0.229003 -0.005013
v -0.181217 -0.228486 0.005037
v -0.169750 -0.235786 -0.005013
v -0.175300 -0.229003 -0.005013
v -0.175300 -0.229003 0.005037
v 0.169750 -0.235786 -0.005013
v 0.175300 -0.229003 -0.005013
v 0.174782 -0.228486 0.005037
v 0.180700 -0.229003 -0.005013
v 0.180700 -0.229003 0.005037
v 0.235300 -0.229003 -0.005013
v 0.234782 -0.228486 0.005037
v 0.240699 -0.229003 -0.005013
v 0.240699 -0.229003 0.005037
v -0.240100 -0.229423 -0.005013
v -0.240699 -0.229003 0.005037
v -0.235900 -0.229423 -0.005013
v -0.235900 -0.229423 0.005037
v -0.180100 -0.229423 -0.005013
v -0.180700 -0.229003 0.005037
v -0.175900 -0.229423 -0.005013
v -0.175900 -0.229423 0.005037
v 0.175900 -0.229423 -0.005013
v 0.175300 -0.229003 0.005037
v 0.180100 -0.229423 -0.005013
v 0.180100 -0.229423 0.005037
v 0.235900 -0.229423 -0.005013
v 0.235300 -0.229003 0.005037
v 0.240100 -0.229423 -0.005013
v 0.240100 -0.229423 0.005037
v -0.239436 -0.229733 -0.005013
v -0.240100 -0.229423 0.005037
v -0.236563 -0.229733 -0.005013
v -0.236563 -0.229733 0.005037
v -0.179436 -0.229733 -0.005013
v -0.180100 -0.229423 0.005037
v -0.176563 -0.229733 -0.005013
v -0.176563 -0.229733 0.005037
v 0.176563 -0.229733 -0.005013
v 0.175900 -0.229423 0.005037
v 0.179436 -0.229733 -0.005013
v 0.179436 -0.229733 0.005037
v 0.236563 -0.229733 -0.005013
v 0.235900 -0.229423 0.005037
v 0.239436 -0.229733 -0.005013
v 0.239436 -0.229733 0.005037
v -0.238729 -0.229922 -0.005013
v -0.239436 -0.229733 0.005037
v -0.237270 -0.229922 -0.005013
v -0.178729 -0.229922 -0.005013
v -0.179436 -0.229733 0.005037
v -0.177270 -0.229922 -0.005013
v -0.177270 -0.229922 0.005037
v 0.177270 -0.229922 -0.005013
v 0.176563 -0.229733 0.005037
v 0.178729 -0.229922 -0.005013
v 0.178729 -0.229922 0.005037
v 0.237075 -0.229870 -0.005013
v 0.236563 -0.229733 0.005037
v 0.238729 -0.229922 -0.005013
v 0.238729 -0.229922 0.005037
v -0.237270 -0.229922 0.005037
v 0.237270 -0.229922 0.005037
v -0.238000 -0.229986 -0.005013
v -0.238729 -0.229922 0.005037
v -0.238000 -0.229986 0.005037
v -0.178000 -0.229986 -0.005013
v -0.178729 -0.229922 0.005037
v -0.178000 -0.229986 0.005037
v 0.178000 -0.229986 -0.005013
v 0.177270 -0.229922 0.005037
v 0.178000 -0.229986 0.005037
v 0.238000 -0.229986 -0.005013
v 0.238000 -0.229986 0.005037
v -0.169750 -0.235786 -0.002525
v -0.079750 -0.235786 -0.002525
v 0.000000 -0.235786 -0.002525
v 0.079750 -0.235786 -0.002525
v 0.169750 -0.235786 -0.002525
v 0.221387 -0.235786 -0.002525
v 0.232262 -0.250143 0.009987
v -0.216373 -0.235786 0.000553
v -0.217122 -0.235786 0.001624
v -0.217275 -0.235786 0.002487
v -0.225500 -0.235786 0.009987
v -0.215188 -0.235786 0.000001
v -0.212377 -0.235786 0.001624
v -0.212816 -0.235786 0.000864
v -0.169750 -0.235786 0.009987
v -0.212225 -0.235786 0.002487
v -0.213886 -0.235786 0.000115
v -0.126684 -0.235786 0.000864
v -0.127123 -0.235786 0.001624
v -0.127275 -0.235786 0.002487
v -0.125188 -0.235786 0.000001
v -0.126012 -0.235786 0.000301
v -0.079750 -0.235786 0.009987
v -0.122225 -0.235786 0.002487
v -0.122377 -0.235786 0.001624
v -0.122816 -0.235786 0.000864
v -0.123487 -0.235786 0.000301
v -0.124311 -0.235786 0.000001
v -0.036373 -0.235786 0.000553
v -0.037123 -0.235786 0.001624
v -0.037275 -0.235786 0.002487
v -0.035614 -0.235786 0.000115
v -0.034750 -0.235786 -0.000038
v -0.032225 -0.235786 0.002487
v -0.032563 -0.235786 0.001225
v -0.033127 -0.235786 0.000553
v -0.033886 -0.235786 0.000115
v 0.034311 -0.235786 0.000001
v 0.033487 -0.235786 0.000301
v 0.032816 -0.235786 0.000864
v 0.032377 -0.235786 0.001624
v 0.035188 -0.235786 0.000001
v 0.032225 -0.235786 0.002487
v 0.000000 -0.235786 0.009987
v 0.037123 -0.235786 0.003351
v 0.037275 -0.235786 0.002487
v 0.037123 -0.235786 0.001624
v 0.036684 -0.235786 0.000864
v 0.036012 -0.235786 0.000301
v 0.079750 -0.235786 0.009987
v 0.122816 -0.235786 0.000864
v 0.122377 -0.235786 0.001624
v 0.124311 -0.235786 0.000001
v 0.123487 -0.235786 0.000301
v 0.122225 -0.235786 0.002487
v 0.125188 -0.235786 0.000001
v 0.127275 -0.235786 0.002487
v 0.127123 -0.235786 0.001624
v 0.126684 -0.235786 0.000864
v 0.126012 -0.235786 0.000301
v 0.213886 -0.235786 0.000115
v 0.212816 -0.235786 0.000864
v 0.212377 -0.235786 0.001624
v 0.212225 -0.235786 0.002487
v 0.169750 -0.235786 0.009987
v 0.214750 -0.235786 -0.000038
v 0.217122 -0.235786 0.003351
v 0.217236 -0.235786 0.002049
v 0.216936 -0.235786 0.001225
v 0.216373 -0.235786 0.000553
v 0.215613 -0.235786 0.000115
v 0.225500 -0.235786 0.009987
v 0.221387 -0.235786 0.009987
v -0.079984 0.303138 0.000419
v 0.146768 0.275935 0.002487
v 0.080608 0.303340 0.000115
v 0.079647 0.303277 0.000388
v -0.148696 0.275137 0.000001
v -0.149275 0.274437 0.000419
v 0.148938 0.274576 0.000388
v -0.151433 0.274003 0.002487
v -0.218892 0.245600 0.000514
v -0.218229 0.245875 0.000388
v 0.218229 0.245875 0.000388
v -0.236241 0.232765 0.000514
v -0.235882 0.233387 0.000388
v 0.269737 0.175597 0.002487
v 0.235882 0.233387 0.000388
v -0.237512 0.231413 0.002487
v -0.270991 0.172576 0.000514
v -0.270632 0.173198 0.000388
v 0.270449 0.173514 0.000419
v 0.270814 0.172882 0.000419
v -0.214385 -0.235361 0.000419
v -0.215114 -0.235361 0.000419
v -0.124385 -0.235361 0.000419
v -0.125115 -0.235361 0.000419
v -0.035115 -0.235361 0.000419
v -0.034385 -0.235361 0.000419
v 0.034385 -0.235361 0.000419
v 0.035468 -0.235361 0.000514
v 0.124750 -0.235361 0.000387
v -0.079310 0.303417 0.000419
v 0.078677 0.303679 0.000669
v -0.148601 0.274716 0.000419
v 0.148274 0.274851 0.000514
v -0.217594 0.246598 0.000115
v 0.217259 0.246277 0.000669
v 0.235523 0.234009 0.000514
v 0.236881 0.232506 0.000301
v -0.270568 0.174158 0.000115
v 0.270107 0.174107 0.000669
v 0.125468 -0.235361 0.000514
v 0.214750 -0.235361 0.000387
v 0.215468 -0.235361 0.000514
v -0.080894 0.302761 0.000879
v 0.080311 0.303003 0.000514
v -0.147934 0.275452 0.000301
v -0.150185 0.274060 0.000879
v 0.149602 0.274301 0.000514
v -0.217565 0.246150 0.000514
v 0.219199 0.245473 0.000669
v -0.235523 0.234009 0.000514
v 0.236241 0.232765 0.000514
v -0.270272 0.173820 0.000514
v 0.271157 0.172289 0.000669
v -0.213700 -0.235361 0.000669
v -0.125800 -0.235361 0.000669
v -0.123700 -0.235361 0.000669
v -0.033700 -0.235361 0.000669
v 0.124032 -0.235361 0.000514
v 0.214032 -0.235361 0.000514
v -0.078677 0.303679 0.000669
v 0.081597 0.302930 0.000864
v -0.147968 0.274978 0.000669
v 0.147691 0.275093 0.000879
v -0.216892 0.246889 0.000553
v -0.219476 0.245359 0.000879
v 0.235207 0.234556 0.000879
v -0.236557 0.232218 0.000879
v -0.270188 0.174816 0.000553
v -0.271307 0.172029 0.000879
v -0.215800 -0.235361 0.000669
v -0.035800 -0.235361 0.000669
v 0.033700 -0.235361 0.000669
v 0.036100 -0.235361 0.000879
v 0.126100 -0.235361 0.000879
v 0.213400 -0.235361 0.000879
v 0.216100 -0.235361 0.000879
v -0.075065 0.292214 0.000388
v 0.074728 0.292354 0.000419
v 0.075401 0.292075 0.000419
v 0.074582 0.291048 0.002487
v -0.144355 0.263513 0.000388
v -0.213646 0.234812 0.000388
v 0.213163 0.233646 0.002487
v 0.214310 0.234537 0.000514
v 0.213646 0.234812 0.000388
v -0.225693 0.227083 0.000419
v -0.224418 0.226768 0.002487
v -0.225329 0.227715 0.000419
v -0.260443 0.166895 0.000419
v 0.259902 0.167833 0.000514
v 0.260261 0.167211 0.000388
v -0.259168 0.166580 0.002487
v -0.260079 0.167526 0.000419
v 0.259168 0.166580 0.002487
v -0.214750 -0.222124 0.002487
v -0.215468 -0.223386 0.000514
v -0.214750 -0.223386 0.000387
v -0.124385 -0.223386 0.000419
v -0.124750 -0.222124 0.002487
v -0.125115 -0.223386 0.000419
v -0.034750 -0.222124 0.002487
v -0.035115 -0.223386 0.000419
v -0.034385 -0.223386 0.000419
v 0.124750 -0.222124 0.002487
v 0.124032 -0.223386 0.000514
v 0.124750 -0.223386 0.000387
v 0.034750 -0.223386 0.000387
v -0.075728 0.291939 0.000514
v -0.074582 0.291048 0.002487
v -0.074401 0.292489 0.000514
v 0.076035 0.291812 0.000669
v 0.143692 0.263788 0.000514
v 0.144355 0.263513 0.000388
v -0.145019 0.263238 0.000514
v -0.143873 0.262347 0.002487
v -0.143692 0.263788 0.000514
v 0.143873 0.262347 0.002487
v 0.145325 0.263111 0.000669
v 0.212983 0.235086 0.000514
v -0.214310 0.234537 0.000514
v -0.213163 0.233646 0.002487
v -0.212983 0.235086 0.000514
v 0.225152 0.228021 0.000514
v 0.225511 0.227399 0.000388
v 0.224418 0.226768 0.002487
v 0.225870 0.226777 0.000514
v 0.260786 0.166301 0.000669
v -0.214032 -0.223386 0.000514
v 0.034750 -0.222124 0.002487
v 0.034032 -0.223386 0.000514
v 0.035468 -0.223386 0.000514
v 0.125800 -0.223386 0.000669
v 0.214750 -0.222124 0.002487
v 0.214032 -0.223386 0.000514
v 0.214750 -0.223386 0.000387
v 0.215468 -0.223386 0.000514
v 0.074094 0.292616 0.000669
v -0.226036 0.226490 0.000669
v -0.224986 0.228309 0.000669
v -0.260786 0.166301 0.000669
v -0.259736 0.168120 0.000669
v -0.125800 -0.223386 0.000669
v -0.123700 -0.223386 0.000669
v -0.036100 -0.223386 0.000879
v -0.033700 -0.223386 0.000669
v 0.213400 -0.223386 0.000879
v 0.077967 0.303973 0.001437
v -0.081327 0.302581 0.001437
v 0.080894 0.302761 0.000879
v -0.147314 0.275709 0.000864
v -0.150618 0.273880 0.001437
v 0.150185 0.274060 0.000879
v -0.216982 0.246392 0.000879
v 0.216549 0.246571 0.001437
v -0.219909 0.245179 0.001437
v -0.235207 0.234556 0.000879
v -0.236791 0.231812 0.001437
v 0.237217 0.231924 0.000864
v 0.236686 0.231994 0.001138
v -0.269957 0.174367 0.000879
v 0.269827 0.174591 0.001138
v -0.271541 0.171623 0.001437
v -0.213141 -0.235361 0.001138
v -0.123141 -0.235361 0.001138
v -0.033141 -0.235361 0.001138
v 0.123400 -0.235361 0.000879
v 0.216568 -0.235361 0.001437
v -0.076312 0.291697 0.000879
v -0.073817 0.292731 0.000879
v 0.143108 0.264029 0.000879
v -0.145602 0.262996 0.000879
v -0.143108 0.264029 0.000879
v 0.212399 0.235328 0.000879
v -0.214893 0.234295 0.000879
v -0.212399 0.235328 0.000879
v 0.214893 0.234295 0.000879
v 0.224836 0.228568 0.000879
v -0.226315 0.226006 0.001138
v 0.226186 0.226230 0.000879
v 0.259586 0.168380 0.000879
v -0.261065 0.165817 0.001138
v -0.216100 -0.223386 0.000879
v -0.213400 -0.223386 0.000879
v 0.033400 -0.223386 0.000879
v 0.036100 -0.223386 0.000879
v 0.123400 -0.223386 0.000879
v 0.216100 -0.223386 0.000879
v -0.078161 0.303893 0.001138
v -0.147452 0.275192 0.001138
v 0.147115 0.275331 0.001769
v -0.150888 0.274229 0.004111
v -0.151293 0.274061 0.003351
v -0.149506 0.274801 0.004974
v -0.150267 0.274486 0.004674
v -0.216371 0.247105 0.001225
v 0.219715 0.245259 0.001138
v 0.234972 0.234962 0.001437
v -0.269906 0.175304 0.001225
v 0.271436 0.171805 0.001138
v -0.216358 -0.235361 0.001138
v -0.126359 -0.235361 0.001138
v -0.036359 -0.235361 0.001138
v -0.032777 -0.235361 0.001769
v 0.033141 -0.235361 0.001138
v 0.036723 -0.235361 0.001769
v 0.126569 -0.235361 0.001437
v 0.073578 0.292830 0.001138
v -0.076745 0.291518 0.001437
v 0.076551 0.291598 0.001138
v -0.146036 0.262817 0.001437
v 0.145842 0.262897 0.001138
v -0.215327 0.234116 0.001437
v -0.224707 0.228792 0.001138
v -0.259457 0.168604 0.001138
v 0.261065 0.165817 0.001138
v -0.126568 -0.223386 0.001437
v -0.122931 -0.223386 0.001437
v -0.033141 -0.223386 0.001138
v 0.126359 -0.223386 0.001138
v 0.216568 -0.223386 0.001437
v -0.289725 0.105074 0.003662
v -0.290000 0.104521 0.003656
v -0.290000 -0.125265 0.001054
v -0.290000 0.104181 0.003250
v -0.290000 0.104000 0.002752
v -0.289725 0.105719 0.003718
v 0.289725 -0.124829 0.001684
v 0.081470 0.302522 0.001769
v -0.073384 0.292910 0.001437
v 0.142675 0.264209 0.001437
v 0.150618 0.273880 0.001437
v -0.142675 0.264209 0.001437
v -0.216549 0.246571 0.001437
v 0.211966 0.235508 0.001437
v 0.220052 0.245120 0.001769
v -0.211966 0.235508 0.001437
v -0.234972 0.234962 0.001437
v 0.224524 0.229108 0.001769
v 0.215327 0.234116 0.001437
v 0.226420 0.225824 0.001437
v -0.269722 0.174773 0.001437
v 0.259352 0.168786 0.001437
v -0.216723 -0.223386 0.001769
v -0.212776 -0.223386 0.001769
v -0.036569 -0.223386 0.001437
v -0.032777 -0.223386 0.001769
v 0.032931 -0.223386 0.001437
v 0.036569 -0.223386 0.001437
v 0.122777 -0.223386 0.001769
v 0.122777 -0.235361 0.001769
v 0.212776 -0.223386 0.001769
v 0.212931 -0.235361 0.001437
v 0.289725 -0.124536 0.002487
v 0.290000 -0.124353 0.001966
v -0.290000 -0.124806 0.001319
v 0.082107 0.302719 0.002049
v -0.146909 0.275877 0.001624
v -0.236916 0.231596 0.002123
v 0.237436 0.231544 0.001624
v 0.269645 0.174907 0.001769
v -0.212776 -0.235361 0.001769
v -0.122777 -0.235361 0.001769
v -0.283500 0.105502 0.001237
v 0.282749 0.105502 0.002487
v 0.283500 0.104877 0.001405
v 0.283500 0.105502 0.001237
v -0.283500 -0.126003 0.001256
v 0.283500 -0.125359 0.001313
v 0.282749 -0.125786 0.002487
v 0.283500 -0.126214 0.001313
v -0.282749 -0.125786 0.002487
v -0.283500 -0.125359 0.001313
v -0.282749 0.105502 0.002487
v -0.283500 0.106127 0.001405
v 0.283500 0.106127 0.001405
v -0.283500 0.104877 0.001405
v 0.290000 0.104333 0.001507
v 0.283500 0.106584 0.001863
v -0.283500 -0.126869 0.001862
v -0.077824 0.304033 0.001769
v 0.073241 0.292969 0.001769
v 0.076888 0.291459 0.001769
v -0.147115 0.275331 0.001769
v 0.150849 0.273785 0.002123
v 0.146179 0.262758 0.001769
v -0.226498 0.225690 0.001769
v 0.236916 0.231596 0.002123
v -0.224524 0.229108 0.001769
v -0.261295 0.165420 0.002123
v 0.271618 0.171489 0.001769
v -0.259274 0.168920 0.001769
v 0.261248 0.165502 0.001769
v -0.216723 -0.235361 0.001769
v -0.126723 -0.235361 0.001769
v -0.036723 -0.235361 0.001769
v 0.032777 -0.235361 0.001769
v 0.126723 -0.223386 0.001769
v 0.289725 0.104327 0.002060
v -0.290000 -0.124465 0.001725
v -0.283500 -0.124829 0.001684
v 0.283500 -0.124704 0.001862
v 0.283500 -0.126961 0.002060
v 0.077736 0.304069 0.002123
v -0.081558 0.302486 0.002123
v -0.150849 0.273785 0.002123
v -0.216094 0.247219 0.002049
v 0.216318 0.246666 0.002123
v -0.220140 0.245084 0.002123
v 0.234848 0.235178 0.002123
v 0.237512 0.231413 0.002487
v -0.269756 0.175564 0.002049
v -0.271682 0.171379 0.002487
v -0.032650 -0.235361 0.002487
v 0.126850 -0.235361 0.002487
v 0.216818 -0.235361 0.002123
v -0.283500 0.106676 0.002060
v -0.283500 0.104327 0.002060
v 0.283500 0.104327 0.002060
v -0.290000 -0.124284 0.002223
v -0.076975 0.291423 0.002123
v 0.081587 0.302474 0.002487
v -0.073154 0.293005 0.002123
v 0.142415 0.264316 0.002487
v -0.146266 0.262721 0.002123
v -0.142445 0.264304 0.002123
v -0.216318 0.246666 0.002123
v 0.211736 0.235603 0.002123
v -0.215557 0.234020 0.002123
v 0.220169 0.245071 0.002487
v -0.211736 0.235603 0.002123
v -0.234848 0.235178 0.002123
v 0.215557 0.234020 0.002123
v 0.226545 0.225608 0.002123
v -0.269598 0.174989 0.002123
v 0.259227 0.169002 0.002123
v -0.216850 -0.223386 0.002487
v -0.216850 -0.235361 0.002487
v -0.126850 -0.223386 0.002487
v -0.126850 -0.235361 0.002487
v -0.122650 -0.223386 0.002487
v -0.036818 -0.223386 0.002123
v -0.036850 -0.235361 0.002487
v 0.032650 -0.223386 0.002487
v 0.032650 -0.235361 0.002487
v 0.036818 -0.223386 0.002123
v 0.122650 -0.223386 0.002487
v 0.122650 -0.235361 0.002487
v 0.212650 -0.235361 0.002487
v 0.216850 -0.223386 0.002487
v -0.077477 0.304636 0.002487
v -0.146768 0.275935 0.002487
v 0.146998 0.275380 0.002487
v 0.151433 0.274003 0.002487
v 0.269582 0.175017 0.002487
v -0.212650 -0.235361 0.002487
v -0.122650 -0.235361 0.002487
v 0.036850 -0.235361 0.002487
v -0.283500 -0.124555 0.002270
v -0.077707 0.304081 0.002487
v 0.073124 0.293018 0.002487
v 0.077005 0.291410 0.002487
v -0.146998 0.275380 0.002487
v 0.146296 0.262709 0.002487
v 0.224461 0.229218 0.002487
v -0.226561 0.225581 0.002487
v -0.224461 0.229218 0.002487
v 0.271682 0.171379 0.002487
v -0.259211 0.169029 0.002487
v 0.261311 0.165392 0.002487
v -0.212650 -0.223386 0.002487
v -0.032650 -0.223386 0.002487
v 0.126850 -0.223386 0.002487
v 0.212650 -0.223386 0.002487
v 0.290000 0.103977 0.002487
v 0.283500 0.106752 0.002487
v 0.283500 -0.124536 0.002487
v -0.283500 -0.127017 0.002705
v 0.077736 0.304069 0.002852
v -0.120761 0.286708 0.009987
v -0.081558 0.302486 0.002852
v 0.147080 0.275806 0.003750
v 0.148303 0.275299 0.004860
v 0.147601 0.275590 0.004422
v 0.082107 0.302719 0.002926
v 0.149506 0.274801 0.004974
v -0.076975 0.291423 0.002852
v -0.073154 0.293005 0.002852
v -0.076745 0.291518 0.003537
v -0.076312 0.291697 0.004096
v -0.075728 0.291939 0.004461
v -0.075065 0.292214 0.004588
v -0.074401 0.292489 0.004461
v -0.073817 0.292731 0.004096
v -0.073384 0.292910 0.003537
v 0.073241 0.292969 0.003206
v 0.073578 0.292830 0.003837
v 0.074401 0.292489 0.004461
v 0.075401 0.292075 0.004556
v 0.076035 0.291812 0.004306
v 0.076551 0.291598 0.003837
v 0.076888 0.291459 0.003206
v -0.147115 0.275331 0.003206
v -0.150849 0.273785 0.002852
v 0.216094 0.247219 0.002926
v -0.146266 0.262721 0.002852
v 0.150849 0.273785 0.002852
v -0.142445 0.264304 0.002852
v -0.146036 0.262817 0.003537
v -0.145602 0.262996 0.004096
v -0.145019 0.263238 0.004461
v -0.144355 0.263513 0.004588
v -0.143692 0.263788 0.004461
v -0.143108 0.264029 0.004096
v -0.142675 0.264209 0.003537
v 0.142532 0.264268 0.003206
v 0.142869 0.264128 0.003837
v 0.143385 0.263915 0.004306
v 0.144018 0.263652 0.004556
v 0.145019 0.263238 0.004461
v 0.145842 0.262897 0.003837
v 0.146179 0.262758 0.003206
v -0.216199 0.247176 0.003351
v 0.216318 0.246666 0.002852
v -0.216406 0.246630 0.003206
v 0.211736 0.235603 0.002852
v -0.220140 0.245084 0.002852
v -0.215557 0.234020 0.002852
v 0.234895 0.235096 0.003206
v -0.211736 0.235603 0.002852
v -0.234895 0.235096 0.003206
v 0.215557 0.234020 0.002852
v -0.215327 0.234116 0.003537
v -0.214893 0.234295 0.004096
v -0.214310 0.234537 0.004461
v -0.213646 0.234812 0.004587
v -0.212983 0.235086 0.004461
v -0.212399 0.235328 0.004096
v -0.211966 0.235508 0.003537
v 0.212160 0.235427 0.003837
v 0.212676 0.235213 0.004306
v 0.213309 0.234951 0.004556
v 0.214310 0.234537 0.004461
v 0.214893 0.234295 0.004096
v 0.215327 0.234116 0.003537
v -0.236916 0.231596 0.002852
v 0.236916 0.231596 0.002852
v -0.254526 0.201943 0.009987
v 0.251241 0.207633 0.009987
v -0.226498 0.225690 0.003206
v -0.226315 0.226006 0.003837
v -0.226036 0.226490 0.004306
v -0.225693 0.227083 0.004556
v -0.225152 0.228021 0.004461
v -0.224836 0.228568 0.004096
v -0.224602 0.228974 0.003537
v 0.224524 0.229108 0.003206
v 0.224707 0.228792 0.003837
v 0.225152 0.228021 0.004461
v 0.225693 0.227083 0.004556
v 0.226036 0.226490 0.004306
v 0.226315 0.226006 0.003837
v 0.226498 0.225690 0.003206
v -0.269756 0.175564 0.002926
v 0.269645 0.174907 0.003206
v -0.269645 0.174907 0.003206
v 0.259274 0.168920 0.003206
v -0.261295 0.165420 0.002852
v 0.271618 0.171489 0.003206
v 0.272243 0.171257 0.002926
v -0.261170 0.165636 0.003537
v -0.260936 0.166042 0.004096
v -0.260620 0.166589 0.004461
v -0.260261 0.167211 0.004587
v -0.259902 0.167833 0.004461
v -0.259586 0.168380 0.004096
v -0.259352 0.168786 0.003537
v 0.259457 0.168604 0.003837
v 0.259902 0.167833 0.004461
v 0.260443 0.166895 0.004556
v 0.260786 0.166301 0.004306
v 0.261065 0.165817 0.003837
v 0.261248 0.165502 0.003206
v 0.289725 0.106733 0.002705
v -0.283500 0.106584 0.003112
v 0.283500 0.106584 0.003112
v -0.283500 0.104419 0.003112
v -0.283500 0.104877 0.003570
v -0.283500 0.105502 0.003737
v -0.283500 0.106127 0.003570
v 0.283500 0.105719 0.003718
v 0.283500 0.105074 0.003662
v 0.283500 0.104544 0.003291
v 0.283500 0.104271 0.002705
v 0.289725 0.104419 0.003112
v 0.289725 -0.124704 0.003112
v -0.290000 0.111214 0.009987
v -0.289725 -0.124555 0.002705
v 0.283500 -0.124704 0.003112
v -0.283500 -0.126744 0.003291
v -0.283500 -0.126003 0.003718
v -0.283500 -0.125161 0.003570
v -0.283500 -0.124704 0.003112
v 0.283500 -0.125359 0.003662
v 0.283500 -0.126003 0.003718
v 0.283500 -0.126590 0.003445
v 0.283500 -0.126961 0.002915
v -0.290000 -0.127288 0.002752
v -0.290000 -0.179536 0.009987
v -0.290000 -0.174986 0.009987
v -0.290000 -0.163924 0.009987
v -0.212776 -0.223386 0.003206
v -0.213141 -0.223386 0.003837
v -0.213700 -0.223386 0.004306
v -0.214385 -0.223386 0.004556
v -0.215468 -0.223386 0.004461
v -0.216100 -0.223386 0.004096
v -0.216723 -0.223386 0.003206
v -0.122777 -0.223386 0.003206
v -0.123141 -0.223386 0.003837
v -0.124032 -0.223386 0.004461
v -0.124750 -0.223386 0.004587
v -0.125468 -0.223386 0.004461
v -0.126100 -0.223386 0.004096
v -0.126568 -0.223386 0.003537
v -0.032931 -0.223386 0.003537
v -0.033400 -0.223386 0.004096
v -0.034032 -0.223386 0.004461
v -0.034750 -0.223386 0.004587
v -0.035468 -0.223386 0.004461
v -0.036100 -0.223386 0.004096
v -0.036569 -0.223386 0.003537
v -0.036818 -0.223386 0.002852
v 0.036723 -0.223386 0.003206
v 0.036359 -0.223386 0.003837
v 0.035800 -0.223386 0.004306
v 0.034750 -0.223386 0.004587
v 0.034032 -0.223386 0.004461
v 0.033400 -0.223386 0.004096
v 0.032931 -0.223386 0.003537
v 0.126723 -0.223386 0.003206
v 0.126359 -0.223386 0.003837
v 0.125800 -0.223386 0.004306
v 0.125115 -0.223386 0.004556
v 0.124385 -0.223386 0.004556
v 0.123700 -0.223386 0.004306
v 0.123141 -0.223386 0.003837
v 0.122777 -0.223386 0.003206
v 0.216568 -0.223386 0.003537
v 0.215800 -0.223386 0.004306
v 0.215114 -0.223386 0.004556
v 0.214385 -0.223386 0.004556
v 0.213700 -0.223386 0.004306
v 0.213141 -0.223386 0.003837
v 0.212776 -0.223386 0.003206
v -0.212776 -0.235361 0.003206
v 0.216723 -0.235361 0.003206
v 0.289725 0.106459 0.003291
v -0.290000 -0.127107 0.003250
v 0.290000 -0.127219 0.003009
v -0.077967 0.303973 0.003537
v -0.077790 0.304507 0.003750
v 0.081470 0.302522 0.003206
v -0.147080 0.275806 0.003750
v 0.147115 0.275331 0.003206
v 0.151293 0.274061 0.003351
v 0.220052 0.245120 0.003206
v 0.220584 0.245360 0.003351
v -0.235156 0.235493 0.003750
v 0.237436 0.231544 0.003351
v -0.269906 0.175304 0.003750
v -0.271618 0.171489 0.003206
v -0.216723 -0.235361 0.003206
v -0.126723 -0.235361 0.003206
v -0.036723 -0.235361 0.003206
v 0.032777 -0.235361 0.003206
v 0.122777 -0.235361 0.003206
v 0.212931 -0.235361 0.003537
v -0.217122 -0.235786 0.003351
v -0.127123 -0.235786 0.003351
v -0.122931 -0.235361 0.003537
v -0.037123 -0.235786 0.003351
v -0.032777 -0.235361 0.003206
v 0.032377 -0.235786 0.003351
v 0.036569 -0.235361 0.003537
v 0.122377 -0.235786 0.003351
v 0.126569 -0.235361 0.003537
v 0.212377 -0.235786 0.003351
v -0.289725 0.106584 0.003112
v 0.077790 0.304507 0.003750
v -0.111194 0.290670 0.009987
v -0.082002 0.302762 0.003351
v 0.114455 0.289320 0.009987
v 0.097256 0.296443 0.009987
v -0.130198 0.282798 0.009987
v 0.164857 0.268442 0.009987
v -0.153982 0.272947 0.009987
v -0.202580 0.252817 0.009987
v 0.216371 0.247105 0.003750
v -0.220584 0.245360 0.003351
v 0.235063 0.235654 0.003351
v -0.251241 0.207633 0.009987
v -0.237436 0.231544 0.003351
v 0.254526 0.201943 0.009987
v 0.269906 0.175304 0.003750
v -0.272186 0.171356 0.003351
v -0.212377 -0.235786 0.003351
v -0.153982 -0.235786 0.009987
v -0.097256 -0.235786 0.009987
v -0.122377 -0.235786 0.003351
v -0.073187 -0.235786 0.009987
v -0.070512 -0.235786 0.009987
v -0.032377 -0.235786 0.003351
v 0.071175 -0.235786 0.009987
v 0.097256 -0.235786 0.009987
v 0.148337 -0.235786 0.009987
v 0.127123 -0.235786 0.003351
v 0.164857 -0.235786 0.009987
v -0.290000 -0.124465 0.003250
v 0.290000 -0.135974 0.009987
v -0.290000 0.106482 0.003656
v -0.290000 -0.124806 0.003656
v 0.289725 -0.126590 0.003445
v 0.077967 0.303973 0.003537
v -0.081327 0.302581 0.003537
v 0.081830 0.302833 0.003750
v -0.150618 0.273880 0.003537
v 0.150618 0.273880 0.003537
v 0.216549 0.246571 0.003537
v -0.219909 0.245179 0.003537
v -0.236791 0.231812 0.003537
v 0.236791 0.231812 0.003537
v 0.272093 0.171517 0.003750
v -0.126359 -0.235361 0.003837
v -0.036359 -0.235361 0.003837
v 0.289725 -0.125161 0.003570
v -0.290000 -0.135974 0.009987
v -0.290000 -0.126766 0.003656
v -0.097256 0.296443 0.009987
v 0.202580 0.252817 0.009987
v -0.245837 0.216993 0.009987
v -0.266851 0.180597 0.009987
v 0.024250 -0.235786 0.009987
v 0.114455 -0.235786 0.009987
v 0.202580 -0.235786 0.009987
v 0.289725 0.105074 0.003662
v 0.290000 0.104521 0.003656
v -0.290000 -0.125265 0.003921
v 0.290000 0.111214 0.009987
v 0.081133 0.302662 0.003837
v -0.147452 0.275192 0.003837
v 0.147452 0.275192 0.003837
v 0.150888 0.274229 0.004111
v -0.216982 0.246392 0.004096
v -0.216605 0.247008 0.004111
v 0.219715 0.245259 0.003837
v 0.220179 0.245528 0.004111
v -0.235077 0.234780 0.003837
v 0.235077 0.234780 0.003837
v 0.237217 0.231924 0.004111
v -0.269827 0.174591 0.003837
v 0.269827 0.174591 0.003837
v -0.271436 0.171805 0.003837
v 0.271436 0.171805 0.003837
v -0.216358 -0.235361 0.003837
v 0.033141 -0.235361 0.003837
v 0.123141 -0.235361 0.003837
v -0.216684 -0.235786 0.004111
v -0.213141 -0.235361 0.003837
v -0.126684 -0.235786 0.004111
v -0.036684 -0.235786 0.004111
v -0.033400 -0.235361 0.004096
v 0.032816 -0.235786 0.004111
v 0.122816 -0.235786 0.004111
v 0.212816 -0.235786 0.004111
v 0.216358 -0.235361 0.003837
v 0.289725 0.105719 0.003718
v 0.290000 0.106264 0.003808
v -0.290000 -0.126308 0.003921
v 0.289725 -0.126003 0.003718
v -0.290000 -0.125786 0.004012
v 0.290000 -0.125521 0.003989
v -0.070512 0.307521 0.009987
v -0.081597 0.302930 0.004111
v -0.220179 0.245528 0.004111
v 0.228430 0.242110 0.009987
v 0.235283 0.235274 0.004111
v -0.237217 0.231924 0.004111
v 0.239134 0.228603 0.009988
v 0.266851 0.180597 0.009987
v -0.271967 0.171735 0.004111
v -0.202580 -0.235786 0.009987
v -0.212816 -0.235786 0.004111
v -0.130198 -0.235786 0.009987
v -0.111194 -0.235786 0.009987
v -0.122816 -0.235786 0.004111
v -0.032816 -0.235786 0.004111
v 0.036684 -0.235786 0.004111
v 0.136662 -0.235786 0.009987
v 0.126684 -0.235786 0.004111
v 0.216684 -0.235786 0.004111
v -0.078677 0.303679 0.004306
v -0.078310 0.304291 0.004422
v 0.078400 0.303794 0.004096
v -0.080894 0.302761 0.004096
v 0.081309 0.303049 0.004422
v -0.147968 0.274978 0.004306
v -0.147601 0.275590 0.004422
v -0.150185 0.274060 0.004096
v 0.150185 0.274060 0.004096
v 0.216982 0.246392 0.004096
v -0.219476 0.245359 0.004096
v -0.235438 0.235005 0.004422
v -0.236557 0.232218 0.004096
v 0.236557 0.232218 0.004096
v -0.270188 0.174816 0.004422
v 0.271811 0.172005 0.004422
v 0.213400 -0.235361 0.004096
v -0.123400 -0.235361 0.004096
v 0.036100 -0.235361 0.004096
v 0.126100 -0.235361 0.004096
v -0.248000 0.198714 0.009987
v -0.245829 0.198524 0.009987
v 0.250170 0.198524 0.009987
v 0.248000 0.198714 0.009987
v -0.250170 0.198524 0.009987
v -0.243725 0.197960 0.009987
v 0.245829 0.198524 0.009987
v 0.252275 0.197960 0.009987
v -0.252275 0.197960 0.009987
v -0.241750 0.197039 0.009987
v 0.243724 0.197960 0.009987
v 0.254250 0.197039 0.009987
v -0.254250 0.197039 0.009987
v -0.239965 0.195789 0.009987
v 0.241750 0.197039 0.009987
v 0.256035 0.195789 0.009987
v -0.256035 0.195789 0.009987
v -0.238424 0.194248 0.009987
v 0.239965 0.195789 0.009987
v 0.257575 0.194248 0.009987
v -0.257575 0.194248 0.009987
v -0.237174 0.192464 0.009987
v 0.237737 0.193267 0.009987
v 0.238424 0.194248 0.009987
v 0.258825 0.192464 0.009987
v -0.258825 0.192464 0.009987
v -0.236254 0.190489 0.009987
v 0.237174 0.192464 0.009987
v 0.259746 0.190489 0.009987
v -0.259746 0.190489 0.009987
v -0.235690 0.188384 0.009987
v 0.236254 0.190489 0.009987
v 0.260310 0.188384 0.009987
v -0.260310 0.188384 0.009987
v -0.235500 0.186214 0.009987
v 0.235690 0.188384 0.009987
v 0.260500 0.186214 0.009987
v -0.260500 0.186214 0.009987
v -0.235690 0.184043 0.009987
v 0.235500 0.186214 0.009987
v 0.260310 0.184043 0.009987
v -0.260310 0.184043 0.009987
v -0.236254 0.181938 0.009987
v 0.235690 0.184043 0.009987
v 0.259746 0.181938 0.009987
v -0.259120 0.180597 0.009987
v -0.259746 0.181938 0.009987
v -0.236879 0.180597 0.009987
v 0.236879 0.180597 0.009987
v 0.236254 0.181938 0.009987
v 0.259120 0.180597 0.009987
v -0.258825 0.179964 0.009987
v -0.238424 0.178179 0.009987
v -0.237174 0.179964 0.009987
v 0.237174 0.179964 0.009987
v 0.237737 0.179160 0.009987
v 0.257575 0.178179 0.009987
v 0.258825 0.179964 0.009987
v -0.257575 0.178179 0.009987
v -0.239965 0.176638 0.009987
v 0.238424 0.178179 0.009987
v 0.256035 0.176638 0.009987
v -0.256035 0.176638 0.009987
v -0.241750 0.175388 0.009987
v 0.239965 0.176638 0.009987
v 0.254250 0.175388 0.009987
v -0.254250 0.175388 0.009987
v -0.243725 0.174467 0.009987
v 0.241750 0.175388 0.009987
v 0.252275 0.174467 0.009987
v -0.252275 0.174467 0.009987
v -0.245837 0.173903 0.009987
v 0.243724 0.174467 0.009987
v 0.250170 0.173903 0.009987
v -0.250170 0.173903 0.009987
v 0.245829 0.173903 0.009987
v 0.248000 0.173714 0.009987
v -0.248000 0.173714 0.009987
v -0.053829 -0.197476 0.009987
v -0.056000 -0.197286 0.009987
v 0.058171 -0.197476 0.009987
v 0.056000 -0.197286 0.009987
v -0.058171 -0.197476 0.009987
v 0.053372 -0.197599 0.009987
v -0.060275 -0.198040 0.009987
v -0.049750 -0.198961 0.009987
v -0.051725 -0.198040 0.009987
v 0.051725 -0.198040 0.009987
v 0.062250 -0.198961 0.009987
v 0.060275 -0.198040 0.009987
v -0.062250 -0.198961 0.009987
v -0.047965 -0.200211 0.009987
v 0.049750 -0.198961 0.009987
v 0.064035 -0.200211 0.009987
v -0.064035 -0.200211 0.009987
v -0.046424 -0.201751 0.009987
v 0.047965 -0.200211 0.009987
v 0.065575 -0.201751 0.009987
v -0.065575 -0.201751 0.009987
v -0.045175 -0.203536 0.009987
v 0.046424 -0.201751 0.009987
v 0.066825 -0.203536 0.009987
v -0.067134 -0.204199 0.009987
v -0.066825 -0.203536 0.009987
v -0.044866 -0.204199 0.009987
v 0.044866 -0.204199 0.009987
v 0.045175 -0.203536 0.009987
v 0.067134 -0.204199 0.009987
v -0.067746 -0.205511 0.009987
v -0.043690 -0.207615 0.009987
v -0.044254 -0.205511 0.009987
v 0.044254 -0.205511 0.009987
v 0.068310 -0.207615 0.009987
v 0.067746 -0.205511 0.009987
v -0.068310 -0.207615 0.009987
v -0.043500 -0.209786 0.009987
v 0.043690 -0.207615 0.009987
v 0.068500 -0.209786 0.009987
v -0.068500 -0.209786 0.009987
v -0.068391 -0.211036 0.009987
v -0.043609 -0.211036 0.009987
v 0.043500 -0.209786 0.009987
v 0.043609 -0.211036 0.009987
v 0.068391 -0.211036 0.009987
v -0.068310 -0.211957 0.009987
v -0.044254 -0.214061 0.009987
v -0.043690 -0.211957 0.009987
v 0.043690 -0.211957 0.009987
v 0.067746 -0.214061 0.009987
v 0.068310 -0.211957 0.009987
v -0.067746 -0.214061 0.009987
v -0.045175 -0.216036 0.009987
v 0.044254 -0.214061 0.009987
v 0.066825 -0.216036 0.009987
v -0.066825 -0.216036 0.009987
v -0.046424 -0.217821 0.009987
v 0.045175 -0.216036 0.009987
v 0.065575 -0.217821 0.009987
v -0.065575 -0.217821 0.009987
v -0.047965 -0.219362 0.009987
v 0.046424 -0.217821 0.009987
v 0.064035 -0.219362 0.009987
v -0.064035 -0.219362 0.009987
v -0.049750 -0.220611 0.009987
v 0.047965 -0.219362 0.009987
v 0.062250 -0.220611 0.009987
v -0.062250 -0.220611 0.009987
v -0.051725 -0.221532 0.009987
v 0.049750 -0.220611 0.009987
v 0.060275 -0.221532 0.009987
v -0.060275 -0.221532 0.009987
v -0.053829 -0.222096 0.009987
v 0.051725 -0.221532 0.009987
v 0.058171 -0.222096 0.009987
v -0.058171 -0.222096 0.009987
v -0.056000 -0.222286 0.009987
v 0.053829 -0.222096 0.009987
v 0.056000 -0.222286 0.009987
v 0.078310 0.304291 0.004422
v 0.080617 0.302876 0.004306
v 0.147968 0.274978 0.004306
v 0.150267 0.274486 0.004674
v -0.217225 0.246751 0.004674
v 0.216892 0.246889 0.004422
v 0.218893 0.245600 0.004461
v 0.219558 0.245785 0.004674
v -0.235523 0.234009 0.004461
v 0.235357 0.234296 0.004306
v 0.236881 0.232506 0.004674
v -0.270107 0.174107 0.004306
v -0.270568 0.174158 0.004860
v 0.270107 0.174107 0.004306
v 0.270188 0.174816 0.004422
v -0.271157 0.172289 0.004306
v 0.271157 0.172289 0.004306
v -0.215800 -0.235361 0.004306
v -0.125800 -0.235361 0.004306
v -0.035800 -0.235361 0.004306
v 0.033700 -0.235361 0.004306
v 0.123700 -0.235361 0.004306
v -0.216012 -0.235786 0.004674
v -0.214032 -0.235361 0.004461
v -0.126012 -0.235786 0.004674
v -0.035614 -0.235786 0.004860
v 0.033487 -0.235786 0.004674
v 0.035468 -0.235361 0.004461
v 0.123487 -0.235786 0.004674
v 0.213487 -0.235786 0.004674
v 0.215468 -0.235361 0.004461
v -0.073187 0.306413 0.009987
v 0.071175 0.307247 0.009987
v -0.228430 0.242110 0.009987
v -0.239134 0.228603 0.009988
v 0.274188 0.167889 0.009987
v -0.079405 0.303838 0.004974
v 0.078984 0.303552 0.004461
v -0.080311 0.303003 0.004461
v -0.080976 0.303187 0.004674
v 0.080608 0.303340 0.004860
v -0.148696 0.275137 0.004974
v 0.148601 0.274716 0.004556
v -0.149602 0.274301 0.004461
v 0.149602 0.274301 0.004461
v -0.217565 0.246150 0.004461
v -0.217986 0.246435 0.004974
v 0.217565 0.246150 0.004461
v -0.218892 0.245600 0.004461
v -0.219558 0.245785 0.004674
v -0.236031 0.233979 0.004974
v 0.235818 0.234347 0.004860
v -0.236241 0.232765 0.004461
v -0.236881 0.232506 0.004674
v 0.236241 0.232765 0.004461
v -0.270449 0.173514 0.004556
v -0.271631 0.172317 0.004674
v 0.271431 0.172663 0.004860
v -0.125115 -0.235361 0.004556
v 0.214032 -0.235361 0.004461
v -0.213487 -0.235786 0.004674
v -0.124385 -0.235361 0.004556
v -0.123487 -0.235786 0.004674
v -0.034385 -0.235361 0.004556
v -0.033487 -0.235786 0.004674
v 0.036012 -0.235786 0.004674
v 0.125468 -0.235361 0.004461
v 0.126012 -0.235786 0.004674
v 0.216012 -0.235786 0.004674
v -0.217311 0.246715 0.009987
v -0.274188 0.167889 0.009987
v -0.120761 -0.235786 0.009987
v 0.130198 -0.235786 0.009987
v -0.079647 0.303277 0.004588
v 0.079405 0.303838 0.004974
v 0.079647 0.303277 0.004588
v -0.148938 0.274576 0.004587
v 0.217986 0.246435 0.004974
v 0.218797 0.246100 0.004974
v 0.235699 0.233703 0.004556
v 0.236469 0.233220 0.004974
v 0.270449 0.173514 0.004556
v 0.270568 0.174158 0.004860
v -0.270814 0.172882 0.004556
v 0.270814 0.172882 0.004556
v -0.214750 -0.235361 0.004587
v -0.035115 -0.235361 0.004556
v 0.034385 -0.235361 0.004556
v 0.124385 -0.235361 0.004556
v -0.215188 -0.235786 0.004974
v -0.214311 -0.235786 0.004974
v -0.125188 -0.235786 0.004974
v 0.034311 -0.235786 0.004974
v 0.124311 -0.235786 0.004974
v 0.214750 -0.235786 0.005012
v -0.080215 0.303502 0.004974
v -0.218229 0.245875 0.004587
v -0.218797 0.246100 0.004974
v 0.218229 0.245875 0.004587
v -0.235882 0.233387 0.004587
v -0.236469 0.233220 0.004974
v -0.271219 0.173031 0.004974
v 0.271000 0.173411 0.005012
v 0.214750 -0.235361 0.004587
v -0.124311 -0.235786 0.004974
v -0.034312 -0.235786 0.004974
v 0.035188 -0.235786 0.004974
v 0.125188 -0.235786 0.004974
v 0.148337 0.275285 0.009987
v 0.217311 0.246715 0.009987
v 0.237737 0.231023 0.009987
v 0.136662 0.280121 0.009988
v 0.130198 0.282798 0.009987
v -0.141411 0.260224 0.009987
v -0.143000 0.260363 0.009987
v -0.081411 0.260224 0.009987
v -0.083000 0.260363 0.009987
v 0.084589 0.260224 0.009987
v 0.083000 0.260363 0.009987
v 0.144589 0.260224 0.009987
v 0.143000 0.260363 0.009987
v -0.144589 0.260224 0.009987
v -0.139870 0.259812 0.009987
v -0.084589 0.260224 0.009987
v -0.079870 0.259812 0.009987
v 0.081411 0.260224 0.009987
v 0.086129 0.259812 0.009987
v 0.141411 0.260224 0.009987
v 0.146129 0.259812 0.009987
v -0.146129 0.259812 0.009987
v -0.138425 0.259138 0.009987
v -0.086129 0.259812 0.009987
v -0.078425 0.259138 0.009987
v 0.079870 0.259812 0.009987
v 0.087575 0.259138 0.009987
v 0.139870 0.259812 0.009987
v 0.147575 0.259138 0.009987
v -0.147575 0.259138 0.009987
v -0.137118 0.258223 0.009987
v -0.087575 0.259138 0.009987
v -0.077118 0.258223 0.009987
v 0.078425 0.259138 0.009987
v 0.088881 0.258223 0.009987
v 0.138425 0.259138 0.009987
v 0.148337 0.258604 0.009987
v -0.148881 0.258223 0.009987
v -0.135991 0.257095 0.009987
v -0.088881 0.258223 0.009987
v -0.075991 0.257095 0.009987
v 0.077118 0.258223 0.009987
v 0.090009 0.257095 0.009987
v 0.136662 0.257767 0.009987
v 0.137118 0.258223 0.009987
v 0.150009 0.257095 0.009987
v 0.148881 0.258223 0.009987
v -0.150009 0.257095 0.009987
v -0.135076 0.255788 0.009987
v -0.090009 0.257095 0.009987
v -0.075076 0.255788 0.009987
v 0.075991 0.257095 0.009987
v 0.090924 0.255788 0.009987
v 0.135991 0.257095 0.009987
v 0.150924 0.255788 0.009987
v -0.150924 0.255788 0.009987
v -0.134402 0.254343 0.009987
v -0.090924 0.255788 0.009987
v -0.074402 0.254343 0.009987
v 0.075076 0.255788 0.009987
v 0.091598 0.254343 0.009987
v 0.135076 0.255788 0.009987
v 0.151598 0.254343 0.009987
v -0.151598 0.254343 0.009987
v -0.133989 0.252802 0.009987
v -0.091598 0.254343 0.009987
v -0.073989 0.252802 0.009987
v 0.074402 0.254343 0.009987
v 0.092011 0.252802 0.009987
v 0.134402 0.254343 0.009987
v 0.152011 0.252802 0.009987
v -0.152011 0.252802 0.009987
v -0.133850 0.251213 0.009988
v -0.092011 0.252802 0.009987
v -0.073850 0.251213 0.009988
v 0.073989 0.252802 0.009987
v 0.092150 0.251213 0.009988
v 0.133989 0.252802 0.009987
v 0.152150 0.251213 0.009988
v -0.152150 0.251213 0.009988
v -0.133989 0.249625 0.009987
v -0.092150 0.251213 0.009988
v -0.073989 0.249625 0.009987
v 0.073850 0.251213 0.009988
v 0.092011 0.249625 0.009987
v 0.133850 0.251213 0.009988
v 0.152011 0.249625 0.009987
v -0.152011 0.249625 0.009987
v -0.134402 0.248084 0.009988
v -0.092011 0.249625 0.009987
v -0.074402 0.248084 0.009988
v 0.073989 0.249625 0.009987
v 0.091598 0.248084 0.009988
v 0.133989 0.249625 0.009987
v 0.151598 0.248084 0.009988
v -0.151598 0.248084 0.009988
v -0.150960 0.246715 0.009987
v -0.135040 0.246715 0.009987
v -0.091598 0.248084 0.009988
v -0.090924 0.246638 0.009987
v -0.075076 0.246638 0.009987
v 0.074402 0.248084 0.009988
v 0.075076 0.246638 0.009987
v 0.090924 0.246638 0.009987
v 0.135076 0.246638 0.009987
v 0.134402 0.248084 0.009988
v 0.150924 0.246638 0.009987
v -0.135991 0.245332 0.009988
v -0.075991 0.245332 0.009988
v 0.090009 0.245332 0.009988
v 0.150009 0.245332 0.009988
v -0.150009 0.245332 0.009988
v -0.137118 0.244204 0.009987
v -0.090009 0.245332 0.009988
v -0.077118 0.244204 0.009987
v 0.075991 0.245332 0.009988
v 0.088881 0.244204 0.009987
v 0.135991 0.245332 0.009988
v 0.136662 0.244660 0.009988
v 0.148881 0.244204 0.009987
v -0.148881 0.244204 0.009987
v -0.138425 0.243289 0.009987
v -0.088881 0.244204 0.009987
v -0.078425 0.243289 0.009987
v 0.077118 0.244204 0.009987
v 0.087575 0.243289 0.009987
v 0.137118 0.244204 0.009987
v 0.148337 0.243823 0.009987
v -0.147575 0.243289 0.009987
v -0.139870 0.242615 0.009987
v -0.087575 0.243289 0.009987
v -0.079870 0.242615 0.009987
v 0.078425 0.243289 0.009987
v 0.086129 0.242615 0.009987
v 0.138425 0.243289 0.009987
v 0.146129 0.242615 0.009987
v 0.147575 0.243289 0.009987
v -0.146129 0.242615 0.009987
v -0.141411 0.242202 0.009987
v -0.086129 0.242615 0.009987
v -0.081411 0.242202 0.009987
v 0.079870 0.242615 0.009987
v 0.084589 0.242202 0.009987
v 0.139870 0.242615 0.009987
v 0.144589 0.242202 0.009987
v -0.144589 0.242202 0.009987
v -0.143000 0.242063 0.009987
v -0.084589 0.242202 0.009987
v -0.083000 0.242063 0.009987
v 0.081411 0.242202 0.009987
v 0.083000 0.242063 0.009987
v 0.141411 0.242202 0.009987
v 0.143000 0.242063 0.009987
v -0.141411 0.180225 0.009987
v -0.143000 0.180364 0.009987
v -0.081411 0.180225 0.009987
v -0.083000 0.180364 0.009987
v 0.084589 0.180225 0.009987
v 0.083000 0.180364 0.009987
v 0.144589 0.180225 0.009987
v 0.143000 0.180364 0.009987
v -0.144589 0.180225 0.009987
v -0.139870 0.179812 0.009987
v -0.084589 0.180225 0.009987
v -0.079870 0.179812 0.009987
v 0.081411 0.180225 0.009987
v 0.086129 0.179812 0.009987
v 0.141411 0.180225 0.009987
v 0.146129 0.179812 0.009987
v -0.146129 0.179812 0.009987
v -0.138425 0.179138 0.009987
v -0.086129 0.179812 0.009987
v -0.078425 0.179138 0.009987
v 0.079870 0.179812 0.009987
v 0.087575 0.179138 0.009987
v 0.139870 0.179812 0.009987
v 0.147575 0.179138 0.009987
v -0.147575 0.179138 0.009987
v -0.137118 0.178223 0.009987
v -0.087575 0.179138 0.009987
v -0.077118 0.178223 0.009987
v 0.078425 0.179138 0.009987
v 0.088881 0.178223 0.009987
v 0.138425 0.179138 0.009987
v 0.148337 0.178604 0.009987
v -0.148881 0.178223 0.009987
v -0.135991 0.177095 0.009987
v -0.088881 0.178223 0.009987
v -0.075991 0.177095 0.009987
v 0.077118 0.178223 0.009987
v 0.090009 0.177095 0.009987
v 0.136662 0.177767 0.009987
v 0.137118 0.178223 0.009987
v 0.150009 0.177095 0.009987
v 0.148881 0.178223 0.009987
v -0.150009 0.177095 0.009987
v -0.135076 0.175789 0.009987
v -0.090009 0.177095 0.009987
v -0.075076 0.175789 0.009987
v 0.075991 0.177095 0.009987
v 0.090924 0.175789 0.009987
v 0.135991 0.177095 0.009987
v 0.150924 0.175789 0.009987
v -0.150924 0.175789 0.009987
v -0.134402 0.174343 0.009987
v -0.090924 0.175789 0.009987
v -0.074402 0.174343 0.009987
v 0.075076 0.175789 0.009987
v 0.091598 0.174343 0.009987
v 0.135076 0.175789 0.009987
v 0.151598 0.174343 0.009987
v -0.151598 0.174343 0.009987
v -0.133989 0.172802 0.009987
v -0.091598 0.174343 0.009987
v -0.073989 0.172802 0.009987
v 0.074402 0.174343 0.009987
v 0.092011 0.172802 0.009987
v 0.134402 0.174343 0.009987
v 0.152011 0.172802 0.009987
v -0.152011 0.172802 0.009987
v -0.133850 0.171214 0.009987
v -0.092011 0.172802 0.009987
v -0.073850 0.171214 0.009987
v 0.073989 0.172802 0.009987
v 0.092150 0.171214 0.009987
v 0.133989 0.172802 0.009987
v 0.152150 0.171214 0.009987
v -0.152150 0.171214 0.009987
v -0.133989 0.169625 0.009987
v -0.092150 0.171214 0.009987
v -0.073989 0.169625 0.009987
v 0.073850 0.171214 0.009987
v 0.092011 0.169625 0.009987
v 0.133850 0.171214 0.009987
v 0.152011 0.169625 0.009987
v -0.152011 0.169625 0.009987
v -0.134493 0.167889 0.009987
v -0.092011 0.169625 0.009987
v -0.074493 0.167889 0.009987
v 0.073989 0.169625 0.009987
v 0.091598 0.168084 0.009987
v 0.133989 0.169625 0.009987
v 0.151507 0.167889 0.009987
v -0.151507 0.167889 0.009987
v -0.091598 0.168084 0.009987
v 0.074402 0.168084 0.009987
v 0.134402 0.168084 0.009987
v -0.150924 0.166639 0.009987
v -0.135991 0.165332 0.009987
v -0.135076 0.166639 0.009987
v -0.090924 0.166639 0.009987
v -0.075991 0.165332 0.009987
v -0.075076 0.166639 0.009987
v 0.075076 0.166639 0.009987
v 0.090009 0.165332 0.009987
v 0.090924 0.166639 0.009987
v 0.135076 0.166639 0.009987
v 0.150009 0.165332 0.009987
v 0.150924 0.166639 0.009987
v -0.150009 0.165332 0.009987
v -0.137118 0.164204 0.009987
v -0.090009 0.165332 0.009987
v -0.077118 0.164204 0.009987
v 0.075991 0.165332 0.009987
v 0.088881 0.164204 0.009987
v 0.135991 0.165332 0.009987
v 0.136662 0.164660 0.009987
v 0.148881 0.164204 0.009987
v -0.148881 0.164204 0.009987
v -0.138425 0.163289 0.009987
v -0.088881 0.164204 0.009987
v -0.078425 0.163289 0.009987
v 0.077118 0.164204 0.009987
v 0.087575 0.163289 0.009987
v 0.137118 0.164204 0.009987
v 0.148337 0.163823 0.009987
v -0.147575 0.163289 0.009987
v -0.139870 0.162615 0.009987
v -0.087575 0.163289 0.009987
v -0.079870 0.162615 0.009987
v 0.078425 0.163289 0.009987
v 0.086129 0.162615 0.009987
v 0.138425 0.163289 0.009987
v 0.146129 0.162615 0.009987
v 0.147575 0.163289 0.009987
v -0.146129 0.162615 0.009987
v -0.141411 0.162203 0.009987
v -0.086129 0.162615 0.009987
v -0.081411 0.162203 0.009987
v 0.079870 0.162615 0.009987
v 0.084589 0.162203 0.009987
v 0.139870 0.162615 0.009987
v 0.144589 0.162203 0.009987
v -0.144589 0.162203 0.009987
v -0.143000 0.162064 0.009987
v -0.084589 0.162203 0.009987
v -0.083000 0.162064 0.009987
v 0.081411 0.162203 0.009987
v 0.083000 0.162064 0.009987
v 0.141411 0.162203 0.009987
v 0.143000 0.162064 0.009987
v -0.236411 -0.136775 0.009987
v -0.238000 -0.136636 0.009987
v -0.176411 -0.136775 0.009987
v -0.178000 -0.136636 0.009987
v 0.179589 -0.136775 0.009987
v 0.178000 -0.136636 0.009987
v 0.237737 -0.136659 0.009987
v 0.239589 -0.136775 0.009987
v -0.239589 -0.136775 0.009987
v -0.234870 -0.137188 0.009987
v -0.179589 -0.136775 0.009987
v -0.174870 -0.137188 0.009987
v 0.176411 -0.136775 0.009987
v 0.181129 -0.137188 0.009987
v 0.236411 -0.136775 0.009987
v 0.241129 -0.137188 0.009987
v -0.241129 -0.137188 0.009987
v -0.233425 -0.137862 0.009987
v -0.181129 -0.137188 0.009987
v -0.173425 -0.137862 0.009987
v 0.174870 -0.137188 0.009987
v 0.182575 -0.137862 0.009987
v 0.234870 -0.137188 0.009987
v 0.242575 -0.137862 0.009987
v -0.242575 -0.137862 0.009987
v -0.232175 -0.138737 0.009987
v -0.182575 -0.137862 0.009987
v -0.172118 -0.138777 0.009987
v 0.173425 -0.137862 0.009987
v 0.183881 -0.138777 0.009987
v 0.232262 -0.138676 0.009987
v 0.233425 -0.137862 0.009987
v 0.243881 -0.138777 0.009987
v -0.243881 -0.138777 0.009987
v -0.230990 -0.139905 0.009987
v -0.183881 -0.138777 0.009987
v -0.170991 -0.139905 0.009987
v 0.172118 -0.138777 0.009987
v 0.185009 -0.139905 0.009987
v 0.245009 -0.139905 0.009987
v -0.245924 -0.141211 0.009987
v -0.245009 -0.139905 0.009987
v -0.230076 -0.141211 0.009987
v -0.185009 -0.139905 0.009987
v -0.170076 -0.141211 0.009987
v 0.170990 -0.139905 0.009987
v 0.185924 -0.141211 0.009987
v 0.230990 -0.139905 0.009987
v 0.245924 -0.141211 0.009987
v -0.229402 -0.142657 0.009987
v -0.185924 -0.141211 0.009987
v -0.169402 -0.142657 0.009987
v 0.170076 -0.141211 0.009987
v 0.186598 -0.142657 0.009987
v 0.230076 -0.141211 0.009987
v 0.246598 -0.142657 0.009987
v -0.246598 -0.142657 0.009987
v -0.228989 -0.144197 0.009987
v -0.186598 -0.142657 0.009987
v -0.168989 -0.144197 0.009987
v 0.169402 -0.142657 0.009987
v 0.187011 -0.144197 0.009987
v 0.229402 -0.142657 0.009987
v 0.247011 -0.144197 0.009987
v -0.247011 -0.144197 0.009987
v -0.228850 -0.145786 0.009987
v -0.187011 -0.144197 0.009987
v -0.168850 -0.145786 0.009987
v 0.168989 -0.144197 0.009987
v 0.187150 -0.145786 0.009987
v 0.228989 -0.144197 0.009987
v 0.247150 -0.145786 0.009987
v -0.247150 -0.145786 0.009987
v -0.228989 -0.147375 0.009987
v -0.187150 -0.145786 0.009987
v -0.168989 -0.147375 0.009987
v 0.168850 -0.145786 0.009987
v 0.187011 -0.147375 0.009987
v 0.228850 -0.145786 0.009987
v 0.247011 -0.147375 0.009987
v -0.247011 -0.147375 0.009987
v -0.229402 -0.148916 0.009987
v -0.187011 -0.147375 0.009987
v -0.169402 -0.148916 0.009987
v 0.168989 -0.147375 0.009987
v 0.186598 -0.148916 0.009987
v 0.228989 -0.147375 0.009987
v 0.246598 -0.148916 0.009987
v -0.246598 -0.148916 0.009987
v -0.230076 -0.150361 0.009987
v -0.186598 -0.148916 0.009987
v -0.170076 -0.150361 0.009987
v 0.169402 -0.148916 0.009987
v 0.185924 -0.150361 0.009987
v 0.229402 -0.148916 0.009987
v 0.245924 -0.150361 0.009987
v -0.245837 -0.150485 0.009987
v -0.230990 -0.151668 0.009987
v -0.185924 -0.150361 0.009987
v -0.170991 -0.151668 0.009987
v 0.170076 -0.150361 0.009987
v 0.185009 -0.151668 0.009987
v 0.230076 -0.150361 0.009987
v 0.245009 -0.151668 0.009987
v -0.245009 -0.151668 0.009987
v -0.232175 -0.152835 0.009987
v -0.185009 -0.151668 0.009987
v -0.172118 -0.152795 0.009987
v 0.170990 -0.151668 0.009987
v 0.183881 -0.152795 0.009987
v 0.230990 -0.151668 0.009987
v 0.243881 -0.152795 0.009987
v -0.243881 -0.152795 0.009987
v -0.183881 -0.152795 0.009987
v -0.173425 -0.153710 0.009987
v 0.172118 -0.152795 0.009987
v 0.182575 -0.153710 0.009987
v 0.232262 -0.152896 0.009987
v 0.242575 -0.153710 0.009987
v -0.242575 -0.153710 0.009987
v -0.234870 -0.154384 0.009987
v -0.233425 -0.153710 0.009987
v -0.182575 -0.153710 0.009987
v -0.174870 -0.154384 0.009987
v 0.173425 -0.153710 0.009987
v 0.181129 -0.154384 0.009987
v 0.233425 -0.153710 0.009987
v 0.241129 -0.154384 0.009987
v -0.241129 -0.154384 0.009987
v -0.236411 -0.154797 0.009987
v -0.181129 -0.154384 0.009987
v -0.176411 -0.154797 0.009987
v 0.174870 -0.154384 0.009987
v 0.179589 -0.154797 0.009987
v 0.234870 -0.154384 0.009987
v 0.239589 -0.154797 0.009987
v -0.239589 -0.154797 0.009987
v -0.238000 -0.154936 0.009987
v -0.179589 -0.154797 0.009987
v -0.178000 -0.154936 0.009987
v 0.176411 -0.154797 0.009987
v 0.178000 -0.154936 0.009987
v 0.236411 -0.154797 0.009987
v 0.238000 -0.154936 0.009987
v -0.236411 -0.216775 0.009987
v -0.238000 -0.216636 0.009987
v -0.176411 -0.216775 0.009987
v -0.178000 -0.216636 0.009987
v 0.179589 -0.216775 0.009987
v 0.178000 -0.216636 0.009987
v 0.237737 -0.216659 0.009987
v 0.239589 -0.216775 0.009987
v -0.239589 -0.216775 0.009987
v -0.234870 -0.217188 0.009987
v -0.179589 -0.216775 0.009987
v -0.174870 -0.217188 0.009987
v 0.176411 -0.216775 0.009987
v 0.181129 -0.217188 0.009987
v 0.236411 -0.216775 0.009987
v 0.241129 -0.217188 0.009987
v -0.241129 -0.217188 0.009987
v -0.233425 -0.217862 0.009987
v -0.181129 -0.217188 0.009987
v -0.173425 -0.217862 0.009987
v 0.174870 -0.217188 0.009987
v 0.182575 -0.217862 0.009987
v 0.234870 -0.217188 0.009987
v 0.242575 -0.217862 0.009987
v -0.242575 -0.217862 0.009987
v -0.232175 -0.218737 0.009987
v -0.182575 -0.217862 0.009987
v -0.172118 -0.218777 0.009987
v 0.173425 -0.217862 0.009987
v 0.183881 -0.218777 0.009987
v 0.232118 -0.218777 0.009987
v 0.233425 -0.217862 0.009987
v 0.243881 -0.218777 0.009987
v -0.243881 -0.218777 0.009987
v -0.230990 -0.219905 0.009987
v -0.183881 -0.218777 0.009987
v -0.170991 -0.219905 0.009987
v 0.172118 -0.218777 0.009987
v 0.185009 -0.219905 0.009987
v 0.245009 -0.219905 0.009987
v -0.245924 -0.221211 0.009987
v -0.245009 -0.219905 0.009987
v -0.230076 -0.221211 0.009987
v -0.185009 -0.219905 0.009987
v -0.170076 -0.221211 0.009987
v 0.170990 -0.219905 0.009987
v 0.185924 -0.221211 0.009987
v 0.230990 -0.219905 0.009987
v 0.245924 -0.221211 0.009987
v -0.229402 -0.222657 0.009987
v -0.185924 -0.221211 0.009987
v -0.169402 -0.222657 0.009987
v 0.170076 -0.221211 0.009987
v 0.186598 -0.222657 0.009987
v 0.230076 -0.221211 0.009987
v 0.246598 -0.222657 0.009987
v -0.246598 -0.222657 0.009987
v -0.228989 -0.224197 0.009987
v -0.186598 -0.222657 0.009987
v -0.168989 -0.224197 0.009987
v 0.169402 -0.222657 0.009987
v 0.187011 -0.224197 0.009987
v 0.229402 -0.222657 0.009987
v 0.247011 -0.224197 0.009987
v -0.247011 -0.224197 0.009987
v -0.228850 -0.225786 0.009987
v -0.187011 -0.224197 0.009987
v -0.168850 -0.225786 0.009987
v 0.168989 -0.224197 0.009987
v 0.187150 -0.225786 0.009987
v 0.228989 -0.224197 0.009987
v 0.247150 -0.225786 0.009987
v -0.247150 -0.225786 0.009987
v -0.228989 -0.227375 0.009987
v -0.187150 -0.225786 0.009987
v -0.168989 -0.227375 0.009987
v 0.168850 -0.225786 0.009987
v 0.187011 -0.227375 0.009987
v 0.228850 -0.225786 0.009987
v 0.247011 -0.227375 0.009987
v -0.247011 -0.227375 0.009987
v -0.229402 -0.228916 0.009987
v -0.187011 -0.227375 0.009987
v -0.169402 -0.228916 0.009987
v 0.168989 -0.227375 0.009987
v 0.186598 -0.228916 0.009987
v 0.228989 -0.227375 0.009987
v 0.246598 -0.228916 0.009987
v -0.246598 -0.228916 0.009987
v -0.230076 -0.230361 0.009987
v -0.186598 -0.228916 0.009987
v -0.170076 -0.230361 0.009987
v 0.169402 -0.228916 0.009987
v 0.185924 -0.230361 0.009987
v 0.229402 -0.228916 0.009987
v 0.245924 -0.230361 0.009987
v -0.245924 -0.230361 0.009987
v -0.230990 -0.231668 0.009987
v -0.185924 -0.230361 0.009987
v -0.170991 -0.231668 0.009987
v 0.170076 -0.230361 0.009987
v 0.185009 -0.231668 0.009987
v 0.230076 -0.230361 0.009987
v 0.245009 -0.231668 0.009987
v -0.245009 -0.231668 0.009987
v -0.232175 -0.232835 0.009987
v -0.185009 -0.231668 0.009987
v -0.172118 -0.232795 0.009987
v 0.170990 -0.231668 0.009987
v 0.183881 -0.232795 0.009987
v 0.230990 -0.231668 0.009987
v 0.243881 -0.232795 0.009987
v -0.243881 -0.232795 0.009987
v -0.183881 -0.232795 0.009987
v -0.173425 -0.233710 0.009987
v 0.172118 -0.232795 0.009987
v 0.182575 -0.233710 0.009987
v 0.232262 -0.232896 0.009987
v 0.242575 -0.233710 0.009987
v -0.242575 -0.233710 0.009987
v -0.234870 -0.234384 0.009987
v -0.233425 -0.233710 0.009987
v -0.182575 -0.233710 0.009987
v -0.174870 -0.234384 0.009987
v 0.173425 -0.233710 0.009987
v 0.181129 -0.234384 0.009987
v 0.233425 -0.233710 0.009987
v 0.241129 -0.234384 0.009987
v -0.241129 -0.234384 0.009987
v -0.236411 -0.234797 0.009987
v -0.181129 -0.234384 0.009987
v -0.176411 -0.234797 0.009987
v 0.174870 -0.234384 0.009987
v 0.179589 -0.234797 0.009987
v 0.234870 -0.234384 0.009987
v 0.239589 -0.234797 0.009987
v -0.239589 -0.234797 0.009987
v -0.238000 -0.234936 0.009987
v -0.179589 -0.234797 0.009987
v -0.178000 -0.234936 0.009987
v 0.176411 -0.234797 0.009987
v 0.178000 -0.234936 0.009987
v 0.236411 -0.234797 0.009987
v 0.238000 -0.234936 0.009987
v -0.123159 0.256265 0.009987
v -0.124022 0.256417 0.009987
v 0.124886 0.256265 0.009987
v 0.123584 0.256379 0.009987
v -0.124886 0.256265 0.009987
v 0.122760 0.256079 0.009987
v -0.122399 0.255826 0.009987
v 0.125645 0.255826 0.009987
v -0.125645 0.255826 0.009987
v -0.121835 0.255155 0.009987
v 0.122088 0.255515 0.009987
v -0.126209 0.255155 0.009987
v 0.126209 0.255155 0.009987
v 0.121649 0.254756 0.009987
v 0.126509 0.254331 0.009987
v -0.121535 0.254331 0.009987
v -0.126547 0.253892 0.009987
v 0.121497 0.253892 0.009987
v 0.126509 0.253454 0.009987
v -0.121535 0.253454 0.009987
v -0.121835 0.252630 0.009987
v 0.126209 0.252630 0.009987
v -0.126209 0.252630 0.009987
v 0.121649 0.253029 0.009988
v -0.122399 0.251958 0.009987
v 0.122088 0.252269 0.009987
v 0.125645 0.251958 0.009987
v -0.125645 0.251958 0.009987
v -0.123159 0.251519 0.009987
v 0.122760 0.251705 0.009987
v 0.124886 0.251519 0.009987
v -0.124886 0.251519 0.009987
v -0.124022 0.251367 0.009987
v 0.123584 0.251405 0.009987
v -0.158339 0.215143 0.009987
v 0.159203 0.214990 0.009987
v 0.157901 0.215104 0.009987
v -0.157476 0.214990 0.009987
v -0.159203 0.214990 0.009987
v -0.156716 0.214552 0.009987
v 0.157077 0.214804 0.009987
v -0.159962 0.214552 0.009987
v 0.160274 0.214241 0.009987
v -0.156153 0.213880 0.009987
v 0.156405 0.214241 0.009987
v -0.160712 0.213481 0.009987
v 0.155967 0.213481 0.009987
v 0.160712 0.213481 0.009987
v -0.155853 0.213056 0.009987
v -0.160864 0.212618 0.009987
v -0.155853 0.212179 0.009987
v 0.160826 0.212179 0.009987
v 0.155853 0.212179 0.009987
v -0.156153 0.211355 0.009987
v 0.160526 0.211355 0.009987
v -0.160526 0.211355 0.009987
v -0.156716 0.210683 0.009987
v 0.156153 0.211355 0.009987
v 0.159962 0.210683 0.009987
v 0.156716 0.210683 0.009987
v -0.159962 0.210683 0.009987
v -0.157476 0.210245 0.009987
v 0.159203 0.210245 0.009987
v -0.159203 0.210245 0.009987
v -0.158339 0.210093 0.009987
v 0.157901 0.210131 0.009987
v -0.104024 0.210071 0.009987
v -0.104888 0.210223 0.009987
v 0.105752 0.210071 0.009987
v 0.104888 0.210223 0.009987
v -0.105752 0.210071 0.009987
v 0.104024 0.210071 0.009987
v -0.102954 0.209321 0.009987
v 0.103265 0.209632 0.009987
v 0.106511 0.209632 0.009987
v -0.106511 0.209632 0.009987
v -0.107075 0.208961 0.009987
v 0.102701 0.208961 0.009987
v 0.107075 0.208961 0.009987
v -0.102515 0.208562 0.009987
v -0.107375 0.208137 0.009987
v -0.102363 0.207698 0.009987
v 0.102401 0.208137 0.009987
v 0.107413 0.207698 0.009987
v -0.107407 0.207633 0.009987
v 0.102401 0.207260 0.009987
v -0.107261 0.206835 0.009987
v -0.102515 0.206835 0.009987
v 0.107261 0.206835 0.009987
v -0.102954 0.206075 0.009987
v 0.102701 0.206436 0.009987
v 0.106511 0.205764 0.009987
v -0.106511 0.205764 0.009987
v -0.104024 0.205325 0.009987
v 0.103265 0.205764 0.009987
v 0.104024 0.205325 0.009987
v 0.105752 0.205325 0.009987
v -0.105326 0.205212 0.009987
v 0.104888 0.205173 0.009987
v -0.241136 0.098586 0.009987
v -0.242000 0.098739 0.009987
v 0.142438 0.098700 0.009987
v -0.242863 0.098586 0.009987
v 0.141136 0.098586 0.009987
v 0.143623 0.098148 0.009987
v -0.243623 0.098148 0.009987
v -0.240066 0.097837 0.009987
v 0.140377 0.098148 0.009987
v -0.244186 0.097476 0.009987
v 0.144187 0.097476 0.009987
v -0.239627 0.097077 0.009987
v 0.139813 0.097476 0.009987
v -0.239475 0.096214 0.009987
v 0.139513 0.096652 0.009987
v 0.144486 0.096652 0.009987
v -0.244486 0.096652 0.009987
v -0.244486 0.095775 0.009987
v 0.139513 0.095775 0.009987
v 0.144486 0.095775 0.009987
v -0.239813 0.094951 0.009987
v 0.144187 0.094951 0.009987
v -0.244186 0.094951 0.009987
v -0.240377 0.094279 0.009987
v 0.140066 0.094591 0.009987
v 0.143623 0.094279 0.009987
v -0.243623 0.094279 0.009987
v -0.241136 0.093841 0.009987
v 0.140737 0.094027 0.009987
v 0.142863 0.093841 0.009987
v -0.242863 0.093841 0.009987
v 0.142000 0.093689 0.009987
v -0.242000 0.093689 0.009987
v -0.241561 -0.130299 0.009987
v 0.142438 -0.130299 0.009987
v -0.242863 -0.130413 0.009987
v 0.141136 -0.130413 0.009987
v -0.240737 -0.130599 0.009987
v 0.143262 -0.130599 0.009987
v -0.243934 -0.131163 0.009987
v -0.239813 -0.131524 0.009987
v 0.140066 -0.131163 0.009987
v 0.144187 -0.131524 0.009987
v -0.244372 -0.131923 0.009987
v 0.139627 -0.131923 0.009987
v 0.144486 -0.132348 0.009987
v -0.239513 -0.132348 0.009987
v -0.244525 -0.132786 0.009987
v -0.239513 -0.133225 0.009987
v 0.139513 -0.133225 0.009987
v 0.144373 -0.133650 0.009987
v -0.244372 -0.133650 0.009987
v -0.240066 -0.134409 0.009987
v 0.139813 -0.134049 0.009987
v 0.143934 -0.134409 0.009987
v -0.243934 -0.134409 0.009987
v 0.143262 -0.134973 0.009987
v -0.241136 -0.135159 0.009987
v 0.140377 -0.134720 0.009987
v -0.243262 -0.134973 0.009987
v 0.141136 -0.135159 0.009987
v 0.142438 -0.135273 0.009987
v -0.242438 -0.135273 0.009987
v -0.116636 -0.173063 0.009987
v -0.117500 -0.172911 0.009987
v -0.118363 -0.173063 0.009987
v -0.119123 -0.173502 0.009987
v -0.115566 -0.173813 0.009987
v -0.119687 -0.174174 0.009987
v -0.115013 -0.174998 0.009987
v -0.120025 -0.175436 0.009987
v -0.115127 -0.176300 0.009987
v -0.119873 -0.176300 0.009987
v -0.119434 -0.177059 0.009987
v -0.115877 -0.177370 0.009987
v -0.118762 -0.177623 0.009987
v -0.116636 -0.177809 0.009987
v -0.117938 -0.177923 0.009987
v -0.069561 -0.197949 0.009987
v -0.070512 -0.197969 0.009987
v -0.068737 -0.198249 0.009987
v -0.071623 -0.198502 0.009987
v -0.067813 -0.199174 0.009987
v -0.072187 -0.199174 0.009987
v -0.067513 -0.199998 0.009987
v -0.072487 -0.199998 0.009987
v -0.072487 -0.200875 0.009987
v -0.067513 -0.200875 0.009987
v -0.067813 -0.201699 0.009987
v -0.072187 -0.201699 0.009987
v -0.071623 -0.202370 0.009987
v -0.068737 -0.202623 0.009987
v -0.070512 -0.202903 0.009987
v -0.070000 -0.202961 0.009987
v -0.117500 -0.222911 0.009987
v -0.116237 -0.223249 0.009987
v -0.118762 -0.223249 0.009987
v -0.115566 -0.223813 0.009987
v -0.119687 -0.224174 0.009987
v -0.115127 -0.224572 0.009987
v -0.119987 -0.224998 0.009987
v -0.115013 -0.225874 0.009987
v -0.119987 -0.225874 0.009987
v -0.115313 -0.226699 0.009987
v -0.119687 -0.226699 0.009987
v -0.115877 -0.227370 0.009987
v -0.119123 -0.227370 0.009987
v -0.116636 -0.227809 0.009987
v -0.118363 -0.227809 0.009987
v -0.117500 -0.227961 0.009987
v 0.227692 0.127616 0.009987
v 0.227000 0.127739 0.009987
v 0.242000 0.127739 0.009987
v 0.226307 0.127616 0.009987
v 0.241307 0.127616 0.009987
v 0.242692 0.127616 0.009987
v 0.243301 0.127265 0.009987
v 0.228301 0.127265 0.009987
v 0.240698 0.127265 0.009987
v 0.225448 0.127015 0.009987
v 0.228753 0.126726 0.009987
v 0.240246 0.126726 0.009987
v 0.243753 0.126726 0.009987
v 0.228994 0.126065 0.009987
v 0.225097 0.126406 0.009987
v 0.244025 0.125714 0.009987
v 0.224975 0.125714 0.009987
v 0.240005 0.126065 0.009987
v 0.228903 0.125021 0.009987
v 0.225097 0.125021 0.009987
v 0.240097 0.125021 0.009987
v 0.243903 0.125021 0.009987
v 0.228551 0.124412 0.009987
v 0.243551 0.124412 0.009987
v 0.225448 0.124412 0.009987
v 0.240449 0.124412 0.009987
v 0.243012 0.123960 0.009987
v 0.228012 0.123960 0.009987
v 0.240987 0.123960 0.009987
v 0.226307 0.123811 0.009987
v 0.227351 0.123719 0.009987
v 0.242351 0.123719 0.009987
v 0.241648 0.123719 0.009987
v 0.227692 -0.177183 0.009987
v 0.227000 -0.177061 0.009987
v 0.242351 -0.177092 0.009987
v 0.226307 -0.177183 0.009987
v 0.241648 -0.177092 0.009987
v 0.240987 -0.177332 0.009987
v 0.243012 -0.177332 0.009987
v 0.228551 -0.177784 0.009987
v 0.243551 -0.177784 0.009987
v 0.225448 -0.177784 0.009987
v 0.240449 -0.177784 0.009987
v 0.228903 -0.178394 0.009987
v 0.225097 -0.178394 0.009987
v 0.243994 -0.178734 0.009987
v 0.240097 -0.178394 0.009987
v 0.228968 -0.179536 0.009987
v 0.243994 -0.179438 0.009987
v 0.225005 -0.179438 0.009987
v 0.240005 -0.179438 0.009987
v 0.228753 -0.180099 0.009987
v 0.243753 -0.180099 0.009987
v 0.225246 -0.180099 0.009987
v 0.228430 -0.180508 0.009987
v 0.240246 -0.180099 0.009987
v 0.240698 -0.180637 0.009987
v 0.243301 -0.180637 0.009987
v 0.225987 -0.180840 0.009987
v 0.227692 -0.180989 0.009987
v 0.242692 -0.180989 0.009987
v 0.241307 -0.180989 0.009987
v 0.227000 -0.181111 0.009987
v 0.242000 -0.181111 0.009987
v 0.024250 0.246715 0.009987
v -0.070512 0.246715 0.009987
v 0.071175 0.246715 0.009987
v -0.073187 0.246715 0.009987
v -0.097256 0.246715 0.009987
v 0.097256 0.246715 0.009987
v 0.114455 0.246715 0.009987
v -0.111194 0.246715 0.009987
v -0.120761 0.246715 0.009987
v -0.130198 0.246715 0.009987
v 0.130198 0.246715 0.009987
v -0.153982 0.246715 0.009987
v 0.202580 0.246715 0.009987
v 0.164857 0.246715 0.009987
v -0.202580 0.246715 0.009987
v -0.228430 0.228603 0.009988
v -0.202580 0.228603 0.009988
v -0.153982 0.228603 0.009988
v -0.120761 0.228603 0.009988
v -0.130198 0.228603 0.009988
v -0.111194 0.228603 0.009988
v -0.097256 0.228603 0.009988
v -0.070512 0.228603 0.009988
v -0.073187 0.228603 0.009988
v 0.024250 0.228603 0.009988
v 0.071175 0.228603 0.009988
v 0.114455 0.228603 0.009988
v 0.097256 0.228603 0.009988
v 0.130198 0.228603 0.009988
v 0.164857 0.228603 0.009988
v 0.202580 0.228603 0.009988
v 0.228430 0.228603 0.009988
v 0.136662 0.228603 0.009988
v 0.148337 0.228603 0.009988
v 0.232262 0.228603 0.009988
v -0.232175 0.228603 0.009988
v 0.237737 0.228603 0.009988
v -0.232175 0.207633 0.009987
v -0.228430 0.207633 0.009987
v -0.202580 0.207633 0.009987
v -0.130198 0.207633 0.009987
v -0.153982 0.207633 0.009987
v -0.120761 0.207633 0.009987
v -0.111194 0.207633 0.009987
v -0.073187 0.207633 0.009987
v -0.097256 0.207633 0.009987
v -0.070512 0.207633 0.009987
v 0.024250 0.207633 0.009987
v 0.071175 0.207633 0.009987
v 0.097256 0.207633 0.009987
v 0.114455 0.207633 0.009987
v 0.130198 0.207633 0.009987
v 0.136662 0.207633 0.009987
v 0.148337 0.207633 0.009987
v 0.202580 0.207633 0.009987
v 0.164857 0.207633 0.009987
v 0.228430 0.207633 0.009987
v 0.232262 0.207633 0.009987
v 0.237737 0.207633 0.009987
v -0.245837 0.207633 0.009987
v -0.245837 0.201943 0.009987
v -0.232175 0.201943 0.009987
v -0.228430 0.201943 0.009987
v -0.202580 0.201943 0.009987
v -0.153982 0.201943 0.009987
v -0.130198 0.201943 0.009987
v -0.120761 0.201943 0.009987
v -0.111194 0.201943 0.009987
v -0.073187 0.201943 0.009987
v -0.097256 0.201943 0.009987
v -0.070512 0.201943 0.009987
v 0.024250 0.201943 0.009987
v 0.071175 0.201943 0.009987
v 0.097256 0.201943 0.009987
v 0.130198 0.201943 0.009987
v 0.114455 0.201943 0.009987
v 0.136662 0.201943 0.009987
v 0.148337 0.201943 0.009987
v 0.164857 0.201943 0.009987
v 0.202580 0.201943 0.009987
v 0.228430 0.201943 0.009987
v 0.232262 0.201943 0.009987
v 0.237737 0.201943 0.009987
v -0.232175 0.180597 0.009987
v -0.228430 0.180597 0.009987
v -0.202580 0.180597 0.009987
v -0.153982 0.180597 0.009987
v -0.130198 0.180597 0.009987
v -0.120761 0.180597 0.009987
v -0.111194 0.180597 0.009987
v -0.097256 0.180597 0.009987
v -0.073187 0.180597 0.009987
v -0.070512 0.180597 0.009987
v 0.024250 0.180597 0.009987
v 0.071175 0.180597 0.009987
v 0.097256 0.180597 0.009987
v 0.114455 0.180597 0.009987
v 0.130198 0.180597 0.009987
v 0.136662 0.180597 0.009987
v 0.148337 0.180597 0.009987
v 0.164857 0.180597 0.009987
v 0.202580 0.180597 0.009987
v 0.232262 0.180597 0.009987
v 0.228430 0.180597 0.009987
v -0.228430 0.167889 0.009987
v -0.232175 0.167889 0.009987
v -0.202580 0.167889 0.009987
v -0.153982 0.167889 0.009987
v -0.120761 0.167889 0.009987
v -0.130198 0.167889 0.009987
v -0.111194 0.167889 0.009987
v -0.097256 0.167889 0.009987
v -0.070512 0.167889 0.009987
v -0.073187 0.167889 0.009987
v 0.024250 0.167889 0.009987
v 0.071175 0.167889 0.009987
v 0.114455 0.167889 0.009987
v 0.097256 0.167889 0.009987
v 0.130198 0.167889 0.009987
v 0.164857 0.167889 0.009987
v 0.202580 0.167889 0.009987
v 0.228430 0.167889 0.009987
v 0.232262 0.167889 0.009987
v 0.237737 0.167889 0.009987
v -0.245837 0.167889 0.009987
v -0.245837 0.144901 0.009987
v -0.232175 0.144901 0.009987
v -0.228430 0.144901 0.009987
v -0.202580 0.144901 0.009987
v -0.153982 0.144901 0.009987
v -0.120761 0.144901 0.009987
v -0.130198 0.144901 0.009987
v -0.111194 0.144901 0.009987
v -0.097256 0.144901 0.009987
v -0.073187 0.144901 0.009987
v -0.070512 0.144901 0.009987
v 0.024250 0.144901 0.009987
v 0.071175 0.144901 0.009987
v 0.114455 0.144901 0.009987
v 0.097256 0.144901 0.009987
v 0.130198 0.144901 0.009987
v 0.164857 0.144901 0.009987
v 0.202580 0.144901 0.009987
v 0.228430 0.144901 0.009987
v 0.232262 0.144901 0.009987
v 0.237737 0.144901 0.009987
v 0.136662 0.144901 0.009987
v 0.148337 0.144901 0.009987
v -0.245837 0.111214 0.009987
v -0.232175 0.111214 0.009987
v -0.228430 0.111214 0.009987
v -0.202580 0.111214 0.009987
v -0.153982 0.111214 0.009987
v -0.130198 0.111214 0.009987
v -0.120761 0.111214 0.009987
v -0.111194 0.111214 0.009987
v -0.097256 0.111214 0.009987
v -0.073187 0.111214 0.009987
v -0.070512 0.111214 0.009987
v 0.024250 0.111214 0.009987
v 0.071175 0.111214 0.009987
v 0.097256 0.111214 0.009987
v 0.114455 0.111214 0.009987
v 0.130198 0.111214 0.009987
v 0.136662 0.111214 0.009987
v 0.148337 0.111214 0.009987
v 0.164857 0.111214 0.009987
v 0.202580 0.111214 0.009987
v 0.232262 0.111214 0.009987
v 0.237737 0.111214 0.009987
v 0.228430 0.111214 0.009987
v -0.245837 -0.135974 0.009987
v -0.232175 -0.135974 0.009987
v -0.228430 -0.135974 0.009987
v -0.202580 -0.135974 0.009987
v -0.153982 -0.135974 0.009987
v -0.130198 -0.135974 0.009987
v -0.120761 -0.135974 0.009987
v -0.111194 -0.135974 0.009987
v -0.097256 -0.135974 0.009987
v -0.073187 -0.135974 0.009987
v -0.070512 -0.135974 0.009987
v 0.024250 -0.135974 0.009987
v 0.071175 -0.135974 0.009987
v 0.097256 -0.135974 0.009987
v 0.114455 -0.135974 0.009987
v 0.130198 -0.135974 0.009987
v 0.136662 -0.135974 0.009987
v 0.148337 -0.135974 0.009987
v 0.164857 -0.135974 0.009987
v 0.202580 -0.135974 0.009987
v 0.228430 -0.135974 0.009987
v 0.232262 -0.135974 0.009987
v 0.237737 -0.135974 0.009987
v -0.202580 -0.163924 0.009987
v -0.228430 -0.163924 0.009987
v -0.153982 -0.163924 0.009987
v -0.130198 -0.163924 0.009987
v -0.120761 -0.163924 0.009987
v -0.111194 -0.163924 0.009987
v -0.097256 -0.163924 0.009987
v -0.073187 -0.163924 0.009987
v -0.070512 -0.163924 0.009987
v 0.024250 -0.163924 0.009987
v 0.071175 -0.163924 0.009987
v 0.097256 -0.163924 0.009987
v 0.114455 -0.163924 0.009987
v 0.130198 -0.163924 0.009987
v 0.136662 -0.163924 0.009987
v 0.148337 -0.163924 0.009987
v 0.164857 -0.163924 0.009987
v 0.228430 -0.163924 0.009987
v 0.202580 -0.163924 0.009987
v -0.245837 -0.163924 0.009987
v -0.232175 -0.163924 0.009987
v 0.232262 -0.163924 0.009987
v 0.237737 -0.163924 0.009987
v -0.245837 -0.174986 0.009987
v -0.232175 -0.174986 0.009987
v -0.228430 -0.174986 0.009987
v -0.202580 -0.174986 0.009987
v -0.153982 -0.174986 0.009987
v -0.130198 -0.174986 0.009987
v -0.120761 -0.174986 0.009987
v -0.111194 -0.174986 0.009987
v -0.097256 -0.174986 0.009987
v -0.073187 -0.174986 0.009987
v -0.070512 -0.174986 0.009987
v 0.024250 -0.174986 0.009987
v 0.071175 -0.174986 0.009987
v 0.097256 -0.174986 0.009987
v 0.114455 -0.174986 0.009987
v 0.130198 -0.174986 0.009987
v 0.136662 -0.174986 0.009987
v 0.148337 -0.174986 0.009987
v 0.164857 -0.174986 0.009987
v 0.202580 -0.174986 0.009987
v 0.228430 -0.174986 0.009987
v 0.232262 -0.174986 0.009987
v 0.237737 -0.174986 0.009987
v -0.245837 -0.179536 0.009987
v -0.232175 -0.179536 0.009987
v -0.228430 -0.179536 0.009987
v -0.202580 -0.179536 0.009987
v -0.153982 -0.179536 0.009987
v -0.130198 -0.179536 0.009987
v -0.120761 -0.179536 0.009987
v -0.097256 -0.179536 0.009987
v -0.111194 -0.179536 0.009987
v -0.073187 -0.179536 0.009987
v -0.070512 -0.179536 0.009987
v 0.024250 -0.179536 0.009987
v 0.071175 -0.179536 0.009987
v 0.097256 -0.179536 0.009987
v 0.114455 -0.179536 0.009987
v 0.130198 -0.179536 0.009987
v 0.136662 -0.179536 0.009987
v 0.148337 -0.179536 0.009987
v 0.164857 -0.179536 0.009987
v 0.202580 -0.179536 0.009987
v 0.237737 -0.179536 0.009987
v 0.232262 -0.179536 0.009987
v -0.232175 -0.197599 0.009987
v -0.245837 -0.197599 0.009987
v -0.228430 -0.197599 0.009987
v -0.202580 -0.197599 0.009987
v -0.153982 -0.197599 0.009987
v -0.130198 -0.197599 0.009987
v -0.120761 -0.197599 0.009987
v -0.111194 -0.197599 0.009987
v -0.097256 -0.197599 0.009987
v -0.073187 -0.197599 0.009987
v 0.024250 -0.197599 0.009987
v 0.097256 -0.197599 0.009987
v 0.071175 -0.197599 0.009987
v 0.114455 -0.197599 0.009987
v 0.130198 -0.197599 0.009987
v 0.136662 -0.197599 0.009987
v 0.148337 -0.197599 0.009987
v 0.164857 -0.197599 0.009987
v 0.202580 -0.197599 0.009987
v 0.237737 -0.197599 0.009987
v 0.232262 -0.197599 0.009987
v 0.228430 -0.197599 0.009987
v -0.232175 -0.204199 0.009987
v -0.245837 -0.204199 0.009987
v -0.228430 -0.204199 0.009987
v -0.202580 -0.204199 0.009987
v -0.153982 -0.204199 0.009987
v -0.130198 -0.204199 0.009987
v -0.120761 -0.204199 0.009987
v -0.111194 -0.204199 0.009987
v -0.097256 -0.204199 0.009987
v -0.073187 -0.204199 0.009987
v 0.024250 -0.204199 0.009987
v 0.097256 -0.204199 0.009987
v 0.071175 -0.204199 0.009987
v 0.114455 -0.204199 0.009987
v 0.130198 -0.204199 0.009987
v 0.136662 -0.204199 0.009987
v 0.148337 -0.204199 0.009987
v 0.164857 -0.204199 0.009987
v 0.202580 -0.204199 0.009987
v 0.228430 -0.204199 0.009987
v 0.232262 -0.204199 0.009987
v 0.237737 -0.204199 0.009987
v -0.070512 -0.204199 0.009987
v -0.232175 -0.211036 0.009987
v -0.245837 -0.211036 0.009987
v -0.228430 -0.211036 0.009987
v -0.202580 -0.211036 0.009987
v -0.153982 -0.211036 0.009987
v -0.130198 -0.211036 0.009987
v -0.120761 -0.211036 0.009987
v -0.111194 -0.211036 0.009987
v -0.097256 -0.211036 0.009987
v -0.073187 -0.211036 0.009987
v -0.070512 -0.211036 0.009987
v 0.024250 -0.211036 0.009987
v 0.097256 -0.211036 0.009987
v 0.071175 -0.211036 0.009987
v 0.114455 -0.211036 0.009987
v 0.130198 -0.211036 0.009987
v 0.136662 -0.211036 0.009987
v 0.148337 -0.211036 0.009987
v 0.164857 -0.211036 0.009987
v 0.202580 -0.211036 0.009987
v 0.228430 -0.211036 0.009987
v 0.232262 -0.211036 0.009987
v 0.237737 -0.211036 0.009987
vn 0.0000 1.0000 0.0000
vn -0.0687 0.9976 0.0000
vn 0.0688 0.9976 0.0000
vn -0.1371 0.9906 0.0000
vn -0.1372 0.9905 0.0000
vn 0.1372 0.9905 0.0000
vn 0.0687 0.9976 0.0000
vn 0.9848 -0.1710 0.0288
vn 0.1371 0.9906 0.0000
vn -1.0000 0.0000 0.0000
vn -0.8660 0.5001 -0.0001
vn -0.8660 0.5000 0.0000
vn -0.8661 0.4998 0.0002
vn -0.8662 0.4997 0.0004
vn -0.8660 0.5000 -0.0001
vn 1.0000 0.0000 0.0000
vn 0.9992 0.0000 0.0400
vn 0.8416 -0.0957 -0.5315
vn -1.0000 -0.0001 0.0000
vn -1.0000 0.0001 0.0000
vn 0.8283 0.4496 0.3344
vn 1.0000 -0.0001 0.0000
vn 0.7110 -0.5353 -0.4559
vn 0.9031 0.2970 0.3100
vn 0.8938 -0.2096 0.3964
vn 0.8731 0.2609 -0.4119
vn -0.9962 -0.0867 0.0000
vn 0.9962 -0.0867 0.0000
vn -0.9663 -0.2576 0.0000
vn -0.9662 -0.2578 0.0000
vn 0.9663 -0.2576 0.0000
vn 0.9662 -0.2578 0.0000
vn -0.9071 -0.4209 -0.0000
vn -0.9663 -0.2575 0.0000
vn 0.9072 -0.4207 0.0000
vn 0.9663 -0.2575 0.0000
vn -0.8211 -0.5708 0.0000
vn -0.9072 -0.4207 0.0000
vn 0.8211 -0.5708 0.0000
vn 0.9072 -0.4207 0.0001
vn -0.7098 -0.7044 0.0000
vn -0.8209 -0.5711 0.0000
vn 0.7098 -0.7044 0.0000
vn 0.8209 -0.5711 0.0000
vn -0.5774 -0.8165 0.0000
vn 0.5774 -0.8165 0.0000
vn 0.0000 -1.0000 0.0000
vn -0.4277 -0.9039 0.0000
vn 0.4277 -0.9039 0.0000
vn -0.2650 -0.9642 0.0000
vn -0.2648 -0.9643 0.0000
vn 0.2650 -0.9642 0.0000
vn -0.0943 -0.9955 0.0000
vn -0.0944 -0.9955 0.0000
vn 0.1049 -0.9945 -0.0039
vn -0.0945 -0.9955 0.0000
vn 0.0945 -0.9955 0.0000
vn 0.0944 -0.9955 0.0000
vn 0.3827 0.9239 0.0000
vn 0.3824 0.9240 0.0004
vn 0.3826 0.9239 0.0001
vn 0.3828 0.9238 -0.0002
vn 0.3830 0.9237 0.0006
vn 0.3828 0.9238 0.0002
vn 0.3832 0.9237 0.0010
vn 0.0000 0.0000 -1.0000
vn -0.1370 0.9906 0.0001
vn -0.9852 -0.1712 0.0000
vn -0.9852 -0.1711 0.0000
vn 0.9994 0.0000 -0.0350
vn 0.9852 -0.1712 0.0000
vn -0.3826 0.9239 0.0001
vn -0.3828 0.9238 -0.0002
vn -0.3826 0.9239 0.0000
vn -0.9853 -0.1711 0.0000
vn 0.9852 -0.1711 0.0000
vn 0.3825 0.9240 0.0004
vn -0.3832 0.9237 -0.0005
vn -0.3822 0.9241 0.0005
vn -0.3827 0.9239 0.0001
vn -0.3827 0.9239 0.0002
vn -0.3826 0.9239 -0.0004
vn -0.3825 0.9240 -0.0004
vn 0.3827 0.9239 0.0001
vn -0.3826 0.9239 -0.0003
vn 0.3827 0.9239 -0.0002
vn -0.3827 0.9239 -0.0003
vn -0.3827 0.9239 0.0000
vn 0.3827 0.9239 -0.0001
vn 0.3828 0.9238 -0.0003
vn 0.3822 0.9241 0.0003
vn 0.3829 0.9238 -0.0001
vn -0.3825 0.9240 -0.0001
vn -0.3827 0.9239 -0.0001
vn 0.3826 0.9239 -0.0002
vn -0.1742 -0.9847 0.0000
vn -0.0874 -0.9962 0.0044
vn 0.2585 -0.9660 0.0000
vn 0.3416 -0.9398 0.0000
vn -0.4991 -0.8665 0.0022
vn -0.3416 -0.9398 -0.0022
vn 0.6427 -0.7661 0.0000
vn -0.4991 -0.8666 0.0000
vn -0.4991 -0.8665 0.0000
vn -0.6427 -0.7661 -0.0022
vn -0.7661 -0.6427 0.0000
vn 0.7071 -0.7071 0.0000
vn 0.0861 -0.9963 0.0000
vn -0.0861 -0.9963 0.0000
vn 0.2595 -0.9657 0.0000
vn -0.2592 -0.9658 0.0000
vn 0.2592 -0.9658 0.0000
vn -0.2595 -0.9657 0.0000
vn -0.8195 -0.5730 0.0044
vn 0.4219 -0.9066 0.0000
vn -0.4224 -0.9064 0.0000
vn 0.4224 -0.9064 0.0000
vn -0.4219 -0.9066 0.0000
vn 0.9064 -0.4224 0.0000
vn -0.9398 -0.3416 -0.0021
vn 0.9398 -0.3416 0.0000
vn -0.8666 -0.4991 0.0000
vn 0.5735 -0.8192 0.0000
vn -0.5735 -0.8192 0.0000
vn -0.9847 -0.1742 0.0000
vn 0.7078 -0.7064 0.0000
vn -0.7071 -0.7071 0.0000
vn -0.7078 -0.7064 0.0000
vn -0.9847 -0.1742 -0.0065
vn -1.0000 0.0000 0.0065
vn -0.9962 -0.0874 -0.0044
vn 0.8192 -0.5735 0.0000
vn -0.8199 -0.5726 0.0000
vn -0.8199 -0.5725 0.0000
vn -0.8192 -0.5735 0.0000
vn 0.8235 -0.5674 0.0000
vn -0.9847 0.1742 0.0022
vn -0.9847 0.1741 0.0022
vn -0.3827 0.9239 0.0003
vn 0.3824 0.9240 0.0007
vn 0.3826 0.9239 0.0000
vn 0.9962 0.0874 -0.0044
vn 0.9059 -0.4236 0.0000
vn -0.9059 -0.4236 0.0000
vn 0.8192 -0.5735 0.0006
vn -0.9059 -0.4235 0.0000
vn 0.9061 -0.4231 0.0000
vn 0.9064 0.4224 0.0043
vn -0.9064 0.4224 -0.0043
vn 0.9398 0.3416 0.0000
vn -0.8666 0.4991 0.0000
vn 0.8666 0.4991 0.0000
vn 0.9064 0.4224 -0.0044
vn 0.7661 0.6427 0.0022
vn 0.9661 -0.2583 0.0000
vn 0.9059 -0.4235 0.0000
vn -0.9661 -0.2583 0.0000
vn 0.9661 -0.2582 0.0000
vn -0.9661 -0.2582 0.0000
vn 0.6427 0.7661 0.0000
vn -0.6427 0.7661 0.0000
vn -0.5730 0.8195 0.0000
vn -0.5730 0.8195 -0.0044
vn 0.5730 0.8195 -0.0044
vn 0.3416 0.9398 0.0021
vn 0.6427 0.7661 -0.0022
vn 0.4224 0.9064 0.0044
vn 0.9962 -0.0874 0.0000
vn -0.9962 -0.0873 0.0000
vn -0.9962 -0.0874 0.0000
vn 0.9962 -0.0873 0.0000
vn 0.3416 0.9398 0.0000
vn -0.3416 0.9398 0.0021
vn -0.0874 0.9962 0.0044
vn -0.1742 0.9847 0.0000
vn -0.0874 0.9962 -0.0044
vn 0.1742 0.9847 -0.0022
vn 0.9962 0.0874 0.0000
vn -0.9962 0.0875 0.0000
vn -0.9962 0.0874 0.0000
vn 0.9962 0.0875 0.0000
vn 0.9477 0.3191 0.0000
vn -0.9661 0.2583 0.0000
vn -0.9477 0.3191 0.0046
vn 0.9661 0.2583 0.0000
vn 0.9660 0.2583 0.0072
vn 0.9661 0.2582 0.0072
vn 0.9061 0.4230 0.0000
vn -0.9061 0.4230 0.0000
vn 0.9061 0.4231 0.0000
vn 0.8483 0.5296 0.0039
vn -0.8194 0.5732 0.0055
vn -0.8487 0.5289 0.0000
vn -0.8188 0.5741 0.0000
vn 0.8188 0.5741 0.0000
vn 0.8235 0.5673 0.0006
vn 0.9066 0.4219 0.0001
vn 0.7078 0.7064 0.0000
vn -0.7071 0.7071 0.0000
vn -0.7078 0.7064 0.0000
vn 0.7071 0.7071 0.0000
vn 0.5735 0.8192 0.0000
vn -0.5735 0.8192 0.0000
vn 0.4219 0.9066 0.0000
vn -0.4224 0.9064 0.0000
vn -0.4225 0.9064 0.0000
vn 0.4224 0.9064 0.0000
vn -0.4219 0.9066 0.0000
vn 0.2595 0.9657 0.0000
vn -0.2592 0.9658 0.0000
vn 0.2592 0.9658 0.0000
vn -0.2595 0.9657 0.0000
vn 0.4225 0.9064 0.0000
vn 0.0875 0.9962 0.0000
vn -0.0875 0.9962 0.0000
vn 0.3821 0.9241 -0.0005
vn -0.3828 0.9238 0.0001
vn -0.3823 0.9240 -0.0010
vn -0.3833 0.9236 0.0017
vn -0.8661 0.4999 -0.0001
vn -0.8661 0.4999 0.0000
vn -0.8637 0.5040 0.0032
vn -0.8660 0.5001 0.0001
vn -0.8660 0.5001 0.0002
vn -0.3826 0.9239 -0.0001
vn -0.3829 0.9238 0.0005
vn 0.8660 0.5000 0.0000
vn 0.8662 0.4997 -0.0002
vn 0.8660 0.5001 0.0002
vn 0.8660 0.5001 0.0001
vn -0.8660 0.5001 -0.0000
vn 0.8660 0.5001 -0.0000
vn 0.8659 0.5001 -0.0001
vn -0.8662 0.4997 0.0001
vn -0.8661 0.4999 0.0002
vn 0.0874 -0.9962 0.0044
vn -0.3424 -0.9395 0.0000
vn 0.1742 -0.9847 0.0000
vn -0.3429 -0.9394 0.0000
vn -0.2594 -0.9658 -0.0044
vn 0.3429 -0.9394 0.0000
vn 0.4231 -0.9061 0.0043
vn 0.5001 -0.8659 0.0000
vn -0.6426 -0.7662 0.0000
vn 0.6419 -0.7668 -0.0022
vn 0.7655 -0.6434 0.0022
vn 0.5001 -0.8660 0.0000
vn -0.6419 -0.7668 0.0000
vn 0.7662 -0.6426 0.0000
vn 0.9400 -0.3412 -0.0065
vn -0.9062 -0.4228 0.0044
vn -0.8659 -0.5001 0.0000
vn -0.8659 -0.5001 -0.0066
vn -0.9066 -0.4220 0.0000
vn 0.9066 -0.4220 0.0000
vn -0.9847 -0.1742 -0.0022
vn 0.9395 -0.3424 0.0000
vn 0.9658 -0.2594 0.0044
vn -0.9849 -0.1729 0.0022
vn -1.0000 0.0000 -0.0022
vn -1.0000 0.0000 -0.0065
vn -0.9847 0.1739 0.0065
vn -0.9850 0.1726 0.0022
vn -0.9394 0.3428 0.0022
vn 1.0000 0.0000 -0.0022
vn 0.9658 0.2594 0.0044
vn 0.9398 0.3417 0.0000
vn 0.9064 0.4224 0.0044
vn -0.8656 0.5007 -0.0022
vn 0.9394 0.3429 0.0000
vn -0.8656 0.5007 0.0000
vn -0.9064 0.4224 -0.0044
vn -0.7076 0.7067 0.0000
vn -0.6434 0.7655 0.0065
vn 0.7076 0.7066 0.0000
vn 0.7661 0.6427 -0.0022
vn 0.6427 0.7661 0.0022
vn 0.7667 0.6419 0.0065
vn -0.5736 0.8191 -0.0044
vn 0.3416 0.9398 -0.0065
vn -0.3412 0.9400 0.0000
vn -0.3416 0.9398 0.0022
vn 0.5001 0.8660 -0.0022
vn 0.3412 0.9400 0.0022
vn -0.1728 0.9849 -0.0022
vn 0.1728 0.9849 -0.0022
vn 0.0000 1.0000 0.0022
vn -0.8660 0.5000 0.0001
vn 0.8660 0.5000 0.0001
vn -0.1728 -0.9850 0.0000
vn -0.0865 -0.9963 0.0000
vn -0.1728 -0.9849 0.0065
vn 0.1728 -0.9850 0.0000
vn 0.2585 -0.9660 0.0044
vn 0.1728 -0.9849 -0.0022
vn 0.3416 -0.9398 0.0022
vn -0.5001 -0.8660 0.0000
vn 0.6427 -0.7661 -0.0065
vn 0.5001 -0.8659 -0.0022
vn 0.6427 -0.7661 0.0022
vn 0.5736 -0.8191 0.0000
vn 0.8665 -0.4991 0.0000
vn -0.8195 -0.5730 -0.0044
vn 0.8665 -0.4991 -0.0065
vn 0.8195 -0.5730 0.0000
vn 0.9847 -0.1742 0.0000
vn -0.9398 -0.3416 0.0021
vn -0.9660 -0.2585 0.0000
vn -0.9847 -0.1742 0.0064
vn -0.9847 -0.1741 -0.0022
vn 0.9847 -0.1741 0.0000
vn 0.9847 0.1741 0.0000
vn -0.9847 0.1741 0.0065
vn -0.9847 0.1741 0.0000
vn 0.9847 0.1742 0.0000
vn -0.9660 0.2585 -0.0043
vn -0.9400 0.3412 -0.0065
vn -0.8665 0.4991 0.0065
vn 0.8192 0.5735 0.0000
vn -0.7655 0.6434 0.0022
vn 0.8665 0.4991 0.0000
vn -0.8192 0.5735 0.0000
vn -0.7655 0.6434 0.0066
vn -0.6419 0.7668 -0.0022
vn 0.6419 0.7668 0.0000
vn -0.5001 0.8660 0.0000
vn 0.5001 0.8660 0.0000
vn 0.4231 0.9061 0.0043
vn -0.4231 0.9061 0.0043
vn -0.2594 0.9658 -0.0044
vn 0.3428 0.9394 0.0000
vn 0.2594 0.9658 -0.0044
vn -0.1742 0.9847 -0.0022
vn 0.8659 0.5002 0.0012
vn 0.0874 -0.9962 0.0000
vn -0.0874 -0.9962 0.0000
vn -0.2587 -0.9660 0.0000
vn 0.2587 -0.9660 0.0000
vn -0.2585 -0.9660 0.0000
vn 0.4227 -0.9063 0.0000
vn -0.4227 -0.9063 0.0000
vn 0.5737 -0.8191 0.0000
vn -0.5737 -0.8191 0.0000
vn 0.7067 -0.7076 0.0000
vn -0.0872 -0.9962 0.0000
vn 0.0872 -0.9962 0.0000
vn 0.1486 -0.9889 0.0000
vn 0.0872 -0.9962 0.0055
vn 0.4223 -0.9065 0.0000
vn -0.4223 -0.9065 0.0000
vn 0.3730 -0.9278 0.0031
vn -0.7067 -0.7075 0.0001
vn 0.8191 -0.5737 0.0000
vn -0.8195 -0.5731 0.0036
vn -0.8050 -0.5933 0.0000
vn 0.7067 -0.7075 0.0000
vn 0.8195 -0.5731 0.0000
vn -0.8191 -0.5737 0.0000
vn -0.5736 -0.8191 0.0000
vn 0.9063 -0.4227 0.0000
vn -0.9063 -0.4227 0.0000
vn 0.8191 -0.5736 0.0000
vn -0.8191 -0.5736 0.0000
vn 0.9660 -0.2585 0.0000
vn -0.9660 -0.2584 0.0000
vn 0.9658 -0.2593 0.0000
vn 0.9065 -0.4223 0.0000
vn -0.9060 -0.4232 0.0000
vn 0.9060 -0.4232 0.0000
vn -0.9065 -0.4223 0.0000
vn -0.9065 -0.4222 0.0000
vn 0.9065 -0.4222 0.0000
vn -0.9658 -0.2593 0.0000
vn -0.9658 -0.2592 0.0000
vn 0.9660 -0.2584 0.0000
vn 0.9962 -0.0865 0.0000
vn -0.9962 -0.0875 0.0000
vn 0.9658 -0.2592 0.0000
vn 0.9962 -0.0872 0.0000
vn -0.9962 -0.0872 0.0000
vn 0.9962 -0.0875 0.0000
vn -0.9962 0.0873 0.0000
vn 0.9963 0.0865 0.0000
vn 0.9962 0.0872 0.0000
vn -0.9962 0.0872 0.0000
vn 0.9660 0.2584 0.0000
vn 0.9962 0.0873 0.0000
vn -0.9660 0.2585 0.0000
vn -0.9660 0.2584 0.0000
vn 0.9658 0.2593 0.0000
vn 0.9658 0.2592 0.0000
vn -0.9661 0.2582 0.0000
vn 0.9661 0.2582 0.0000
vn -0.9658 0.2592 0.0000
vn 0.9065 0.4222 0.0000
vn -0.9060 0.4232 0.0000
vn 0.9060 0.4232 0.0000
vn -0.9065 0.4222 0.0000
vn -0.9065 0.4223 0.0000
vn 0.9660 0.2585 0.0000
vn 0.9065 0.4223 0.0000
vn 0.8191 0.5736 0.0000
vn -0.8191 0.5736 0.0000
vn 0.8194 0.5733 0.0000
vn -0.8198 0.5727 0.0000
vn -0.8052 0.5929 0.0031
vn 0.8198 0.5727 0.0000
vn -0.8194 0.5733 0.0000
vn 0.7067 0.7075 0.0000
vn 0.5736 0.8191 0.0000
vn -0.5736 0.8191 0.0000
vn -0.7067 0.7075 0.0001
vn 0.4232 0.9060 0.0000
vn -0.4232 0.9060 0.0000
vn 0.5737 0.8191 0.0000
vn -0.5737 0.8191 0.0000
vn 0.7067 0.7076 0.0000
vn 0.2582 0.9661 0.0000
vn -0.2582 0.9661 0.0000
vn 0.0872 0.9962 0.0000
vn -0.0872 0.9962 0.0000
vn 0.4220 0.9066 0.0000
vn -0.4220 0.9066 0.0000
vn 0.2593 0.9658 0.0000
vn -0.2593 0.9658 0.0000
vn 0.0866 0.9962 0.0000
vn -0.0865 0.9963 0.0000
vn 0.0865 0.9963 0.0000
vn -0.0866 0.9962 0.0000
vn 0.8665 0.4992 -0.0005
vn 0.8661 0.4998 -0.0000
vn 0.8656 0.5007 0.0008
vn -0.0875 -0.9962 0.0000
vn 0.0875 -0.9962 0.0000
vn -0.4225 -0.9064 0.0000
vn 0.4225 -0.9064 0.0000
vn -0.7078 -0.7064 0.0011
vn -0.6982 -0.7159 0.0000
vn 0.8188 -0.5741 0.0000
vn -0.8194 -0.5732 0.0000
vn -0.8188 -0.5741 0.0000
vn 0.9061 -0.4230 0.0000
vn -0.9061 -0.4230 0.0000
vn 0.8188 -0.5741 0.0006
vn 0.9066 -0.4219 0.0001
vn 0.9059 0.4235 0.0000
vn -0.9059 0.4236 0.0000
vn 0.9059 0.4236 0.0000
vn -0.9059 0.4235 0.0000
vn 0.9064 0.4224 0.0000
vn 0.8192 0.5734 0.0000
vn -0.8199 0.5725 0.0000
vn -0.8192 0.5734 0.0000
vn -0.6982 0.7159 0.0010
vn 0.0861 0.9963 0.0000
vn -0.0861 0.9963 0.0000
vn 0.8661 0.4999 0.0002
vn 0.8661 0.4999 0.0001
vn -0.0001 0.0000 -1.0000
vn 0.0000 0.0001 -1.0000
vn -0.0002 0.0000 -1.0000
vn 0.0002 0.0000 -1.0000
vn 0.0001 0.0000 -1.0000
vn 0.0000 -1.0000 -0.0051
vn -0.1746 -0.9846 0.0051
vn -0.1746 -0.9846 0.0000
vn 0.1743 -0.9847 -0.0017
vn 0.1743 -0.9847 0.0000
vn 0.2588 -0.9659 0.0034
vn 0.3423 -0.9396 0.0017
vn -0.3417 -0.9398 0.0017
vn 0.4995 -0.8663 -0.0017
vn 0.6435 -0.7655 0.0017
vn -0.6434 -0.7655 0.0017
vn -0.4995 -0.8663 -0.0017
vn -0.4995 -0.8663 0.0000
vn -0.7655 -0.6434 -0.0017
vn 0.7071 -0.7071 0.0034
vn -0.7655 -0.6434 0.0000
vn -0.7655 -0.6435 0.0000
vn 0.7663 -0.6424 -0.0017
vn 0.8655 -0.5008 0.0017
vn -0.8663 -0.4995 0.0017
vn 0.8192 -0.5735 -0.0034
vn -0.9398 -0.3418 0.0000
vn 0.9398 -0.3418 -0.0017
vn -0.9659 -0.2588 -0.0034
vn 0.9659 -0.2588 0.0034
vn -0.9659 -0.2588 0.0034
vn 0.9962 -0.0866 0.0034
vn -0.9961 -0.0878 0.0034
vn 0.9849 -0.1729 0.0000
vn -0.9847 0.1743 -0.0017
vn -0.9847 0.1743 0.0017
vn -1.0000 0.0000 -0.0017
vn 0.9962 0.0866 -0.0034
vn -0.9396 0.3423 0.0017
vn 0.9850 0.1726 0.0000
vn -0.9396 0.3423 -0.0017
vn 0.9396 0.3423 0.0018
vn -0.8663 0.4996 -0.0017
vn 0.9659 0.2588 -0.0035
vn 0.8655 0.5008 0.0017
vn 0.8655 0.5008 -0.0017
vn 0.7664 0.6424 0.0017
vn -0.8663 0.4995 -0.0051
vn -0.7655 0.6435 0.0051
vn -0.6424 0.7663 0.0051
vn 0.7664 0.6424 -0.0017
vn 0.6424 0.7664 0.0017
vn -0.6424 0.7664 0.0017
vn 0.6424 0.7663 -0.0017
vn 0.4227 0.9063 0.0034
vn -0.3417 0.9398 0.0000
vn -0.4227 0.9063 -0.0034
vn 0.3423 0.9396 0.0000
vn 0.4227 0.9063 -0.0034
vn 0.2588 0.9659 0.0034
vn -0.2588 0.9659 0.0034
vn 0.0000 1.0000 -0.0017
vn 0.3771 -0.9262 0.0000
vn 0.2594 -0.9658 0.0044
vn 0.3424 -0.9395 0.0022
vn 0.5001 -0.8660 -0.0022
vn 0.6428 -0.7661 0.0022
vn -0.5001 -0.8660 0.0022
vn 0.6434 -0.7655 -0.0007
vn 0.7225 -0.6914 0.0038
vn -0.6434 -0.7655 -0.0022
vn -0.7655 -0.6434 -0.0065
vn 0.7655 -0.6435 -0.0022
vn 0.8656 -0.5007 0.0022
vn -0.8192 -0.5734 0.0043
vn -0.8656 -0.5007 0.0000
vn 0.9396 -0.3424 0.0022
vn 0.8656 -0.5007 -0.0022
vn -0.9400 -0.3412 0.0022
vn 0.9400 -0.3412 -0.0022
vn 0.9849 -0.1729 0.0022
vn 1.0000 0.0000 0.0022
vn 0.9847 -0.1742 -0.0022
vn -0.9849 -0.1729 -0.0022
vn -0.9850 0.1726 0.0065
vn -0.9963 0.0865 0.0000
vn 0.9394 0.3428 -0.0065
vn 0.9850 0.1726 0.0022
vn -0.9394 0.3428 0.0000
vn 0.9847 0.1739 0.0065
vn 0.9398 0.3416 -0.0022
vn 0.7667 0.6419 -0.0064
vn -0.8188 0.5741 -0.0043
vn 0.8656 0.5007 0.0022
vn -0.7668 0.6419 0.0000
vn -0.6428 0.7661 0.0022
vn 0.7071 0.7071 -0.0044
vn 0.5737 0.8191 0.0044
vn -0.4224 0.9064 -0.0044
vn -0.2585 0.9660 0.0044
vn 0.1728 0.9849 -0.0065
vn -0.1729 0.9849 0.0000
vn 0.1729 0.9849 0.0000
vn 0.2585 0.9660 0.0000
vn 0.0865 0.9962 -0.0044
vn 0.2919 -0.9564 0.0060
vn -0.2585 -0.9660 -0.0043
vn -0.5730 -0.8195 0.0044
vn 0.4991 -0.8666 0.0000
vn 0.6569 -0.7540 0.0000
vn 0.5735 -0.8192 -0.0044
vn -0.6427 -0.7661 0.0000
vn 0.7661 -0.6428 0.0000
vn -0.7668 -0.6419 0.0000
vn 0.8659 -0.5001 0.0000
vn -0.8660 -0.5001 0.0000
vn -0.8195 -0.5730 -0.0043
vn 0.8660 -0.5001 0.0000
vn 0.8191 -0.5736 -0.0044
vn 0.9660 -0.2585 0.0044
vn -0.9394 -0.3428 -0.0065
vn -0.9847 -0.1741 0.0065
vn -0.9963 -0.0865 0.0000
vn -1.0000 0.0000 0.0022
vn -0.9847 0.1742 -0.0022
vn -0.9398 0.3416 0.0000
vn 0.9849 0.1729 0.0000
vn -0.9064 0.4224 0.0044
vn -0.9061 0.4231 0.0043
vn 0.8659 0.5001 0.0000
vn -0.7661 0.6428 -0.0022
vn -0.8195 0.5730 -0.0043
vn -0.6427 0.7661 0.0022
vn 0.8191 0.5736 -0.0044
vn -0.6434 0.7655 0.0022
vn 0.6569 0.7540 0.0000
vn 0.6428 0.7661 0.0022
vn 0.6434 0.7655 -0.0007
vn -0.3416 0.9398 0.0000
vn -0.4220 0.9066 -0.0044
vn 0.3761 0.9266 0.0019
vn 0.4991 0.8665 0.0064
vn 0.3412 0.9400 0.0000
vn 0.0875 0.9962 -0.0044
vn -0.0873 -0.9962 0.0000
vn 0.0873 -0.9962 0.0000
vn 0.1244 -0.9922 0.0000
vn 0.2583 -0.9661 0.0000
vn -0.2582 -0.9661 0.0000
vn 0.2582 -0.9661 0.0000
vn 0.0873 -0.9962 0.0035
vn -0.2583 -0.9661 0.0000
vn 0.4231 -0.9061 0.0000
vn -0.4236 -0.9059 0.0000
vn -0.4235 -0.9059 0.0000
vn 0.4230 -0.9061 0.0000
vn 0.4236 -0.9059 0.0000
vn -0.4230 -0.9061 0.0000
vn -0.4231 -0.9061 0.0000
vn 0.5741 -0.8188 0.0000
vn 0.4235 -0.9059 0.0000
vn -0.5741 -0.8188 0.0000
vn 0.7064 -0.7078 0.0000
vn -0.7064 -0.7078 0.0000
vn 0.8192 -0.5734 0.0000
vn -0.8192 -0.5734 0.0000
vn 0.9066 -0.4219 0.0000
vn -0.9066 -0.4219 0.0000
vn -0.9061 -0.4231 0.0000
vn -0.9067 -0.4219 0.0000
vn 0.9657 -0.2596 0.0000
vn 0.9067 -0.4219 0.0000
vn -0.9657 -0.2596 0.0000
vn 0.9963 -0.0861 0.0000
vn 0.9963 0.0861 0.0000
vn -0.9662 0.2580 0.0000
vn -0.9662 0.2579 0.0000
vn 0.9662 0.2579 0.0000
vn -0.9064 0.4224 0.0000
vn 0.9064 0.4225 0.0000
vn -0.8193 0.5734 0.0000
vn 0.8193 0.5734 0.0000
vn 0.5732 0.8194 0.0000
vn -0.5726 0.8199 0.0000
vn 0.5725 0.8199 0.0000
vn -0.5725 0.8199 0.0000
vn 0.5726 0.8199 0.0000
vn -0.5732 0.8194 0.0000
vn 0.4230 0.9061 0.0000
vn -0.4235 0.9059 0.0000
vn -0.4236 0.9059 0.0000
vn 0.4236 0.9059 0.0000
vn -0.4230 0.9061 0.0000
vn 0.4235 0.9059 0.0000
vn -0.4231 0.9061 0.0000
vn 0.4231 0.9061 0.0000
vn -0.2583 0.9661 0.0000
vn 0.2583 0.9661 0.0000
vn -0.0873 0.9962 0.0000
vn 0.0873 0.9962 0.0000
vn 0.4991 -0.8665 0.0000
vn 0.8195 -0.5730 0.0044
vn -0.7661 -0.6427 -0.0022
vn -0.8666 -0.4991 0.0022
vn -0.9835 -0.1811 0.0020
vn 0.9398 -0.3416 -0.0021
vn 0.9847 -0.1742 0.0022
vn -1.0000 0.0000 -0.0019
vn 0.9847 0.1742 0.0022
vn -0.9874 0.1581 0.0026
vn -0.9398 0.3416 -0.0021
vn 0.8665 0.4991 -0.0064
vn -0.8666 0.4991 0.0022
vn 0.9398 0.3416 0.0065
vn -0.7661 0.6427 -0.0022
vn 0.0878 -0.9961 0.0000
vn 0.0000 -1.0000 0.0051
vn -0.3417 -0.9398 0.0000
vn 0.3423 -0.9396 0.0000
vn 0.2588 -0.9659 -0.0034
vn -0.4995 -0.8663 0.0051
vn 0.4995 -0.8663 0.0017
vn 0.3423 -0.9396 -0.0017
vn 0.6424 -0.7663 0.0000
vn -0.6424 -0.7663 0.0000
vn -0.6424 -0.7664 0.0000
vn 0.7664 -0.6424 0.0017
vn 0.6424 -0.7664 -0.0017
vn 0.7071 -0.7071 -0.0034
vn -0.8193 -0.5734 -0.0035
vn -0.8667 -0.4988 0.0000
vn 0.8660 -0.5001 0.0017
vn 0.9398 -0.3417 -0.0051
vn 0.9882 -0.1529 -0.0055
vn -0.9846 -0.1746 0.0050
vn -0.9398 -0.3417 -0.0051
vn 0.8660 -0.5001 0.0051
vn -0.9846 -0.1746 0.0000
vn -0.9882 -0.1529 0.0009
vn 0.9398 -0.3417 0.0065
vn 1.0000 0.0000 0.0017
vn 0.9849 -0.1729 -0.0017
vn 1.0000 0.0000 -0.0014
vn -0.9846 0.1746 0.0051
vn -0.9961 0.0879 0.0000
vn -0.9834 0.1817 -0.0003
vn 0.9834 0.1817 0.0015
vn -0.9846 0.1746 0.0000
vn 0.8660 0.5001 0.0017
vn 0.9396 0.3423 -0.0017
vn -0.8668 0.4987 0.0000
vn 0.9063 0.4227 0.0034
vn 0.9849 0.1729 -0.0017
vn -0.8667 0.4988 0.0000
vn -0.6424 0.7663 0.0000
vn 0.8192 0.5735 -0.0034
vn -0.6424 0.7664 0.0000
vn 0.6424 0.7663 0.0017
vn -0.5735 0.8192 0.0034
vn 0.3423 0.9396 -0.0051
vn -0.3417 0.9398 -0.0017
vn 0.3423 0.9396 0.0017
vn 0.5008 0.8656 -0.0017
vn -0.2588 0.9659 -0.0034
vn 0.4227 0.9063 0.0000
vn 0.1726 0.9850 -0.0017
vn 0.0000 1.0000 0.0017
vn -0.0866 0.9962 0.0034
vn 0.0874 -0.9962 -0.0044
vn 0.4224 -0.9064 0.0043
vn -0.3416 -0.9398 0.0000
vn 0.7661 -0.6427 0.0000
vn 0.9660 -0.2585 -0.0044
vn -0.9962 -0.0874 0.0044
vn 0.9660 0.2585 -0.0044
vn -0.8665 0.4991 0.0064
vn 0.7661 0.6428 0.0000
vn 0.9066 0.4219 0.0000
vn -0.9066 0.4219 0.0000
vn 0.8220 0.5695 0.0003
vn -0.8220 0.5695 0.0000
vn -0.8191 0.5736 0.0003
vn 0.7078 0.7065 0.0000
vn 0.5736 0.8191 -0.0011
vn 0.5870 0.8096 0.0000
vn 0.9660 -0.2587 0.0000
vn -0.9660 -0.2587 0.0000
vn 0.9962 0.0871 0.0000
vn -0.9962 0.0871 0.0000
vn 0.9071 -0.4209 0.0000
vn 0.9679 0.2513 0.0010
vn -0.9660 0.2587 0.0010
vn -0.9679 0.2513 0.0000
vn 0.9063 0.4227 0.0000
vn 0.9660 0.2587 0.0000
vn -0.9063 0.4227 0.0000
vn 0.8191 0.5737 0.0000
vn -0.8191 0.5737 0.0000
vn -0.4227 0.9063 0.0000
vn 0.2587 0.9660 0.0000
vn -0.2587 0.9660 0.0000
vn 0.0874 0.9962 0.0000
vn -0.0874 0.9962 0.0000
vn 0.0000 -1.0000 -0.0022
vn 0.1742 -0.9847 0.0022
vn -0.1742 -0.9847 0.0022
vn 0.3416 -0.9398 -0.0021
vn 0.4991 -0.8665 0.0022
vn -0.3416 -0.9398 -0.0021
vn 0.6427 -0.7661 -0.0022
vn -0.8195 -0.5730 0.0000
vn -0.8665 -0.4991 0.0065
vn 0.9064 -0.4224 -0.0043
vn -0.9398 0.3416 -0.0065
vn 0.9064 0.4224 -0.0043
vn -0.7661 0.6427 0.0022
vn -0.6427 0.7661 -0.0022
vn 0.5730 0.8195 0.0000
vn -0.4991 0.8665 0.0022
vn 0.6427 0.7661 0.0065
vn -0.3416 0.9398 -0.0021
vn 0.3416 0.9398 -0.0021
vn 0.1742 0.9847 0.0022
vn -0.1742 0.9847 0.0022
vn 0.0000 1.0000 -0.0022
vn -0.8199 0.5726 0.0000
vn 0.7064 0.7078 0.0000
vn -0.7064 0.7078 0.0000
vn 0.5741 0.8188 0.0000
vn -0.5741 0.8188 0.0000
vn 0.1244 0.9922 0.0027
vn -0.2651 -0.9642 0.0000
vn 0.2647 -0.9643 0.0000
vn 0.0943 -0.9955 -0.0000
vn 0.0000 -1.0000 -0.0001
vn 0.0000 -1.0000 0.0008
vn 0.0000 -1.0000 0.0002
vn -0.2688 0.6479 0.7127
vn 0.3827 0.9239 0.0004
vn 0.3828 0.9238 -0.0042
vn 0.1535 0.6963 0.7012
vn 0.3831 -0.9236 -0.0154
vn 0.3831 0.6012 0.7012
vn -0.1553 0.6957 0.7013
vn 0.3831 0.6013 0.7012
vn -0.5473 0.4578 0.7006
vn 0.8660 0.5000 -0.0002
vn 0.6705 0.2440 0.7006
vn -0.8660 0.5000 -0.0004
vn -0.5468 0.4576 0.7011
vn 0.6071 0.3506 0.7131
vn 0.6072 0.3512 0.7127
vn 0.0000 -0.7012 0.7130
vn -0.0676 -0.6317 0.7722
vn 0.0000 -0.7012 0.7129
vn 0.1290 -0.6727 0.7286
vn 0.0000 -0.7323 0.6810
vn -0.0575 -0.7531 0.6554
vn 0.0000 -0.6723 0.7403
vn -0.2681 0.6476 0.7133
vn 0.4378 0.5711 0.6944
vn 0.4380 0.5707 0.6946
vn -0.2680 0.6476 0.7133
vn 0.3821 0.6007 0.7023
vn 0.0938 0.7136 0.6943
vn -0.3828 0.9238 0.0042
vn -0.3831 0.6012 0.7013
vn 0.4455 0.6311 0.6351
vn -0.1540 0.6953 0.7020
vn 0.0938 0.7136 0.6942
vn -0.6705 0.2440 0.7006
vn 0.6693 0.2441 0.7017
vn -0.5454 0.4585 0.7016
vn 0.5095 0.5093 0.6936
vn -0.8661 0.4998 0.0051
vn -0.6702 0.2440 0.7009
vn 0.7298 0.1387 0.6694
vn -0.4473 0.4899 0.7483
vn -0.1290 -0.6726 0.7286
vn -0.1187 -0.7318 0.6711
vn 0.1242 -0.7016 0.7016
vn -0.1241 -0.7016 0.7016
vn -0.1244 -0.7014 0.7019
vn -0.4931 0.5544 0.6704
vn 0.0154 0.7582 0.6518
vn -0.0929 0.7952 0.5992
vn 0.1538 0.6955 0.7019
vn -0.3827 0.9238 0.0023
vn 0.0153 0.7582 0.6518
vn 0.0925 0.5906 0.8017
vn -0.3821 0.6007 0.7022
vn 0.0938 0.7124 0.6955
vn -0.6693 0.2441 0.7017
vn 0.4336 0.4125 0.8011
vn -0.6682 0.2444 0.7027
vn 0.7300 0.1401 0.6690
vn 0.4863 0.5618 0.6692
vn 0.4844 0.5627 0.6699
vn 0.3038 -0.6944 0.6523
vn -0.2336 -0.7320 0.6400
vn 0.2438 -0.7015 0.6697
vn 0.2445 -0.7010 0.6700
vn -0.2444 -0.7012 0.6697
vn -0.2437 -0.7018 0.6694
vn 0.2439 -0.7013 0.6698
vn -0.2532 -0.6726 0.6954
vn 0.2531 -0.6729 0.6951
vn 0.1187 -0.7319 0.6710
vn -0.2532 -0.6725 0.6954
vn 0.1241 -0.7015 0.7018
vn -0.4940 0.5550 0.6693
vn -0.1151 0.7995 0.5896
vn -0.4940 0.5550 0.6692
vn 0.5984 0.5109 0.6172
vn 0.6524 0.4147 0.6343
vn -0.3827 0.9239 -0.0005
vn -0.5974 0.5115 0.6177
vn 0.5989 0.4806 0.6406
vn 0.0617 0.7847 0.6168
vn 0.0604 0.7850 0.6166
vn -0.7857 0.0429 0.6172
vn 0.7859 0.0424 0.6169
vn 0.7860 0.0433 0.6167
vn -0.4294 0.6597 0.6168
vn -0.4302 0.6593 0.6166
vn -0.8660 0.5000 0.0002
vn -0.7850 0.0420 0.6180
vn 0.8372 -0.0453 0.5450
vn -0.4638 0.6614 0.5895
vn 0.2781 -0.5833 0.7631
vn -0.4441 -0.6326 0.6345
vn 0.3696 -0.6731 0.6405
vn 0.2336 -0.7320 0.6400
vn -0.3696 -0.6731 0.6405
vn 0.2442 -0.7018 0.6692
vn -0.3408 -0.7319 0.5901
vn 0.4441 -0.6327 0.6344
vn 0.3563 -0.7016 0.6170
vn -0.3566 -0.7012 0.6174
vn -0.3557 -0.7019 0.6172
vn 0.0010 -0.0024 1.0000
vn 0.0010 0.0024 1.0000
vn 0.3268 0.7885 0.5211
vn 0.1597 0.0662 0.9849
vn 0.2435 0.8230 0.5132
vn -0.1595 0.0661 0.9850
vn 0.0888 0.1483 0.9850
vn -0.7397 0.4260 0.5209
vn -0.0022 0.0013 1.0000
vn 0.0887 0.1483 0.9850
vn 0.0796 -0.1536 0.9849
vn 0.0069 0.0040 1.0000
vn -0.7394 0.4265 0.5209
vn 0.7843 0.3486 0.5132
vn 0.0907 -0.8536 0.5130
vn 0.1742 -0.0027 0.9847
vn 0.0000 -0.8536 0.5209
vn 0.0000 0.0000 1.0000
vn 0.1742 0.0000 0.9847
vn 0.0000 0.0027 1.0000
vn -0.0874 0.0053 0.9962
vn 0.2368 -0.1039 0.9660
vn 0.1587 0.0687 0.9849
vn -0.1607 0.0636 0.9850
vn -0.4097 0.7542 0.5132
vn -0.1606 -0.0636 0.9850
vn -0.2438 0.8229 0.5132
vn 0.1623 0.8567 0.4897
vn -0.3152 0.1334 0.9396
vn 0.1597 -0.0662 0.9849
vn 0.1595 -0.0661 0.9850
vn 0.1585 0.0686 0.9850
vn -0.4102 0.7540 0.5130
vn -0.1608 -0.0637 0.9849
vn 0.4103 0.7540 0.5130
vn -0.2435 0.8231 0.5131
vn 0.1989 0.8366 0.5104
vn -0.2368 0.1039 0.9660
vn -0.1595 -0.0661 0.9850
vn 0.1598 -0.0662 0.9849
vn 0.1595 0.0661 0.9850
vn -0.2409 0.0940 0.9660
vn -0.4093 0.7544 0.5132
vn -0.1598 -0.0662 0.9849
vn 0.4093 0.7544 0.5132
vn -0.2435 0.8230 0.5132
vn -0.0841 -0.1510 0.9850
vn 0.0864 -0.1497 0.9850
vn 0.0864 -0.1496 0.9850
vn -0.0864 0.1497 0.9850
vn 0.7842 0.3487 0.5132
vn 0.6942 0.5046 0.5132
vn -0.0864 0.1496 0.9850
vn -0.0840 -0.1509 0.9850
vn 0.1692 -0.2984 0.9393
vn -0.1645 0.3009 0.9394
vn 0.6671 0.5425 0.5105
vn -0.1292 0.2238 0.9660
vn -0.0907 -0.8536 0.5130
vn -0.1742 -0.0027 0.9847
vn 0.3428 0.0000 0.9394
vn -0.1742 0.0000 0.9847
vn -0.1370 -0.8490 0.5102
vn -0.2594 0.0000 0.9658
vn -0.1742 -0.0079 0.9847
vn -0.3157 -0.1336 0.9394
vn 0.3163 -0.1310 0.9396
vn 0.3930 0.1570 0.9061
vn 0.4909 0.7206 0.4897
vn 0.1691 0.2982 0.9394
vn -0.8284 0.2723 0.4896
vn -0.1735 -0.2952 0.9395
vn -0.6496 0.5820 0.4892
vn 0.1689 0.2979 0.9395
vn -0.8284 0.2724 0.4895
vn -0.6501 0.5813 0.4893
vn 0.3424 0.0027 0.9396
vn 0.1786 -0.8536 0.4894
vn -0.1786 -0.8536 0.4894
vn -0.3428 0.0000 0.9394
vn 0.2235 -0.8491 0.4787
vn 0.4231 -0.0053 0.9061
vn 0.3428 0.0027 0.9394
vn 0.2606 -0.8536 0.4512
vn 0.5001 0.0000 0.8660
vn -0.3428 0.0027 0.9394
vn -0.6916 0.4732 0.5457
vn 0.7355 0.4476 0.5086
vn 0.6736 0.5544 0.4887
vn 0.3509 0.7769 0.5228
vn 0.2043 0.8361 0.5091
vn -0.1520 0.6945 0.7032
vn -0.3827 0.9239 -0.0004
vn -0.6916 0.4732 0.5456
vn 0.3508 0.7769 0.5228
vn 0.0841 0.8681 0.4891
vn -0.1811 0.8038 0.5667
vn -0.0356 0.8069 0.5897
vn -0.5983 0.5124 0.6160
vn 0.7176 0.5185 0.4649
vn 0.2346 0.8571 0.4586
vn -0.1549 0.8230 0.5465
vn -0.7863 0.0430 0.6163
vn -0.3356 0.8231 0.4582
vn 0.3799 0.7471 0.5455
vn 0.4639 0.7035 0.5384
vn -0.7868 0.0422 0.6157
vn 0.8363 -0.0456 0.5464
vn -0.1943 0.8302 0.5226
vn -0.4626 0.7398 0.4885
vn 0.3480 0.7879 0.5081
vn -0.4578 -0.7019 0.5457
vn 0.4577 -0.7014 0.5464
vn -0.4376 -0.7324 0.5216
vn 0.4578 -0.7019 0.5457
vn -0.4751 -0.6728 0.5671
vn 0.4753 -0.6732 0.5665
vn 0.3406 -0.7323 0.5897
vn -0.5458 -0.7018 0.4578
vn 0.4620 0.1913 0.8660
vn -0.4635 0.1891 0.8657
vn -0.5674 0.6889 0.4511
vn -0.4630 -0.1889 0.8660
vn -0.0861 0.8883 0.4512
vn 0.4622 -0.1914 0.8659
vn 0.4625 -0.1916 0.8657
vn 0.4625 0.1916 0.8657
vn -0.4637 0.1892 0.8656
vn -0.5666 0.6893 0.4515
vn -0.4632 -0.1890 0.8659
vn 0.5666 0.6893 0.4515
vn -0.0862 0.8882 0.4513
vn -0.4625 -0.1915 0.8657
vn 0.4630 -0.1889 0.8660
vn 0.4625 0.1915 0.8657
vn 0.4622 0.1914 0.8659
vn -0.4620 -0.1914 0.8660
vn 0.5674 0.6889 0.4511
vn 0.0862 0.8882 0.4513
vn -0.4614 0.1940 0.8657
vn -0.2478 -0.4346 0.8659
vn 0.2502 -0.4333 0.8658
vn 0.2502 -0.4333 0.8659
vn 0.3283 0.5529 0.7659
vn 0.2433 0.4372 0.8658
vn -0.2870 0.4971 0.8189
vn 0.8694 0.2012 0.4512
vn -0.5718 0.7166 0.3994
vn 0.6088 0.6526 0.4510
vn -0.2570 0.4293 0.8658
vn -0.2480 -0.4349 0.8657
vn 0.2524 -0.4319 0.8659
vn -0.5720 0.7166 0.3992
vn 0.2605 -0.8536 0.4512
vn 0.5001 -0.0027 0.8660
vn -0.2606 -0.8536 0.4512
vn -0.5001 -0.0027 0.8660
vn -0.5001 0.0000 0.8660
vn -0.2605 -0.8536 0.4511
vn -0.5001 0.0027 0.8660
vn -0.6918 0.4735 0.5451
vn 0.7857 0.4901 0.3774
vn 0.3348 0.8666 0.3700
vn -0.3827 0.9239 0.0008
vn -0.3827 0.9239 0.0005
vn -0.7727 0.4401 0.4575
vn 0.7728 0.4393 0.4579
vn 0.2361 0.8568 0.4584
vn -0.1549 0.8233 0.5461
vn -0.8809 -0.1210 0.4576
vn 0.8806 -0.1202 0.4584
vn 0.8647 -0.2339 0.4445
vn -0.2308 0.8656 0.4445
vn -0.8660 0.5000 0.0003
vn -0.8809 -0.1210 0.4575
vn 0.2435 0.7437 0.6226
vn 0.6344 -0.6330 0.4437
vn 0.4379 -0.7326 0.5210
vn 0.6345 -0.6325 0.4443
vn 0.4376 -0.7324 0.5216
vn -0.7042 -0.5823 0.4062
vn -0.4883 -0.7704 0.4098
vn 0.6170 -0.7016 0.3564
vn -0.5386 -0.7534 0.3771
vn -0.5215 -0.7320 0.4383
vn -0.5464 -0.7014 0.4577
vn -0.5930 -0.2486 0.7659
vn 0.5941 -0.2461 0.7659
vn 0.6511 -0.2754 0.7073
vn 0.7075 0.2930 0.6431
vn 0.7073 0.2930 0.6433
vn 0.6363 0.6604 0.3988
vn 0.0421 0.9414 0.3346
vn 0.0174 0.9167 0.3991
vn -0.5930 0.2485 0.7659
vn -0.5930 -0.2485 0.7659
vn 0.7070 0.2928 0.6438
vn 0.7073 0.2929 0.6433
vn 0.0421 0.9414 0.3347
vn -0.5925 0.2483 0.7664
vn 0.6510 -0.2754 0.7073
vn -0.5951 0.2436 0.7659
vn 0.3852 0.6619 0.6431
vn -0.9068 0.1364 0.3989
vn -0.3241 -0.5560 0.7654
vn 0.3190 -0.5579 0.7662
vn -0.3215 0.5568 0.7659
vn -0.9069 0.1363 0.3988
vn -0.3238 -0.5555 0.7659
vn 0.5720 0.7166 0.3991
vn 0.6434 0.0027 0.7655
vn 0.3736 -0.8490 0.3736
vn 0.7071 -0.0053 0.7071
vn 0.6427 0.0000 0.7661
vn -0.3733 -0.8491 0.3738
vn -0.7066 0.0000 0.7076
vn 0.6427 0.0027 0.7661
vn -0.3349 -0.8536 0.3991
vn -0.6427 0.0000 0.7661
vn -0.6427 -0.0027 0.7661
vn -0.3992 -0.8536 0.3348
vn -0.7662 0.0000 0.6426
vn -0.6427 0.0027 0.7661
vn -0.6427 -0.0079 0.7661
vn 0.0015 -0.0116 0.9999
vn -0.9999 0.0014 -0.0159
vn -0.9999 0.0014 -0.0158
vn 0.8361 -0.1877 0.5155
vn -0.7587 0.3085 0.5738
vn -0.2089 0.9022 0.3773
vn -0.6950 0.6361 0.3352
vn -0.7085 -0.2907 0.6430
vn 0.7073 -0.2930 0.6434
vn 0.7547 -0.3184 0.5736
vn -0.7083 0.2905 0.6433
vn -0.2012 0.8758 0.4387
vn -0.6954 0.6360 0.3344
vn -0.7083 -0.2905 0.6434
vn 0.6954 0.6360 0.3344
vn -0.7075 -0.2931 0.6431
vn -0.7724 0.4395 0.4585
vn -0.7969 0.3387 0.5002
vn -0.3022 0.8842 0.3562
vn -0.6955 0.6358 0.3346
vn -0.7073 -0.2930 0.6434
vn 0.6955 0.6359 0.3346
vn -0.3805 -0.6642 0.6435
vn -0.8800 -0.1216 0.4591
vn 0.4095 -0.7092 0.5739
vn 0.3896 -0.6589 0.6435
vn -0.0421 0.9414 0.3347
vn -0.7100 0.2854 0.6438
vn 0.9516 0.0499 0.3033
vn 0.5399 0.7721 0.3353
vn -0.3806 0.6645 0.6431
vn -0.3804 -0.6642 0.6435
vn 0.3852 -0.6619 0.6431
vn 0.9388 0.0810 0.3348
vn 0.4328 -0.8490 0.3030
vn 0.8192 -0.0052 0.5734
vn -0.4325 -0.8491 0.3033
vn -0.8188 -0.0053 0.5741
vn 0.3988 -0.8536 0.3352
vn 0.7655 -0.0026 0.6434
vn -0.4513 -0.8536 0.2603
vn -0.8662 0.0000 0.4997
vn -0.3988 -0.8536 0.3351
vn -0.7655 0.0000 0.6434
vn 0.8192 0.0000 0.5735
vn 0.4325 -0.8491 0.3033
vn 0.8188 -0.0053 0.5741
vn 0.7655 0.0000 0.6434
vn -0.8192 0.0054 0.5735
vn 0.5386 -0.7534 0.3771
vn -0.7655 0.0026 0.6434
vn 0.5215 -0.7321 0.4383
vn 0.8367 -0.2739 0.4743
vn 0.8841 0.0016 0.4672
vn 0.7180 -0.0024 -0.6960
vn 0.8829 0.0000 0.4696
vn -1.0000 0.0012 -0.0021
vn 0.8362 0.1873 0.5154
vn -0.8387 0.4124 0.3558
vn 0.8497 0.3759 0.3697
vn -0.4075 0.8526 0.3271
vn -0.3827 0.9239 -0.0002
vn -0.8387 0.4124 0.3557
vn 0.8391 0.4112 0.3563
vn -0.3348 0.8666 0.3700
vn -0.3018 0.8843 0.3563
vn -0.3150 0.9202 0.2324
vn 0.8660 0.5000 0.0005
vn 0.3003 0.8849 0.3559
vn 0.9161 -0.1840 0.3563
vn 0.9161 -0.1832 0.3566
vn -0.2621 0.8916 0.3691
vn -0.6168 -0.7017 0.3568
vn -0.6174 -0.7012 0.3566
vn -0.6173 -0.7016 0.3561
vn -0.6167 -0.7020 0.3562
vn 0.6167 -0.7020 0.3562
vn -0.6409 -0.6725 0.3702
vn 0.6409 -0.6725 0.3702
vn -0.0349 -0.0861 0.9957
vn 0.8491 0.1371 0.5101
vn 0.0000 0.2596 0.9657
vn -0.0407 -0.0861 0.9955
vn 0.8424 0.0000 0.5389
vn 0.0502 0.0000 0.9987
vn -0.8491 -0.0466 0.5262
vn -0.0409 -0.0881 0.9953
vn -0.8491 -0.1371 0.5101
vn -0.0479 -0.2593 0.9646
vn 0.8491 -0.1371 0.5101
vn 0.0000 -0.2596 0.9657
vn 0.0562 0.3043 0.9509
vn -0.0478 0.2593 0.9646
vn -0.0416 0.3413 0.9390
vn -0.8491 0.1371 0.5101
vn 0.0348 -0.0789 0.9963
vn 0.0180 -0.7065 0.7075
vn -0.0415 0.3413 0.9390
vn 0.0179 0.7060 0.7080
vn 1.0000 -0.0012 -0.0014
vn -0.0387 -0.4996 0.8654
vn 0.8490 -0.3740 0.3732
vn 0.0268 -0.7076 0.7061
vn 0.0000 -0.8218 0.5698
vn -0.0417 -0.4996 0.8653
vn -0.0593 0.5723 0.8179
vn -0.8335 0.3168 0.4527
vn -0.7987 -0.3338 0.5006
vn -0.8386 0.4118 0.3565
vn 0.8010 -0.3289 0.5002
vn 0.7430 0.6163 0.2611
vn -0.0904 0.9614 0.2600
vn -0.8000 0.3313 0.5002
vn -0.7989 -0.3339 0.5002
vn -0.8386 0.4112 0.3573
vn -0.8651 0.3669 0.3421
vn -0.3115 0.9214 0.2325
vn -0.8030 0.3240 0.5002
vn 0.4304 0.7509 0.5009
vn 0.4722 0.8125 0.3419
vn -0.4577 0.7821 0.4229
vn 0.3556 0.8925 0.2776
vn -0.9645 0.0365 0.2614
vn -0.4351 -0.7482 0.5009
vn -0.5136 0.8175 0.2604
vn 0.4306 -0.7512 0.5004
vn 0.4486 0.7877 0.4222
vn -0.4329 0.7498 0.5004
vn 0.3391 0.8767 0.3412
vn -0.4959 0.8394 0.2225
vn 0.5135 0.8179 0.2594
vn -0.4330 0.7500 0.5000
vn 0.8656 0.0000 0.5007
vn 0.8662 0.0026 0.4997
vn 0.8662 0.0027 0.4997
vn -0.4512 -0.8536 0.2603
vn -0.8662 -0.0027 0.4997
vn 0.6171 -0.7012 0.3570
vn -0.8656 0.0000 0.5007
vn 0.6169 -0.7020 0.3559
vn -0.8662 0.0027 0.4997
vn 0.8954 0.0008 0.4453
vn 0.8367 0.3517 0.4199
vn -1.0000 0.0012 -0.0010
vn -0.0417 0.6415 0.7660
vn 0.0348 0.9033 0.4275
vn -0.8490 -0.3030 0.4329
vn -0.0480 -0.5728 0.8183
vn 0.8424 -0.3461 0.4130
vn 0.0090 -0.6424 0.7664
vn -0.0408 0.7065 0.7065
vn 0.8335 0.3907 0.3907
vn 0.0181 0.7070 0.7070
vn 0.8718 0.4308 0.2333
vn 0.3505 0.9044 0.2433
vn 0.4492 0.8707 0.2004
vn 0.3115 0.9214 0.2325
vn -0.3827 0.9239 0.0009
vn -0.8869 0.3924 0.2438
vn 0.8867 0.3925 0.2442
vn 0.8871 0.3919 0.2440
vn 0.3506 0.9044 0.2433
vn 0.4486 0.8709 0.2006
vn -0.3797 0.9167 0.1243
vn -0.9423 -0.2292 0.2438
vn 0.9544 -0.1882 0.2318
vn 0.8660 0.5000 -0.0004
vn 0.2191 0.9673 0.1275
vn -0.9423 -0.2292 0.2439
vn -0.3343 0.9269 0.1706
vn 0.2349 0.9384 0.2534
vn -0.7996 -0.5836 0.1414
vn -0.6948 -0.6947 0.1861
vn -0.6353 -0.7533 0.1700
vn 0.6282 -0.7702 0.1106
vn -0.6696 -0.7015 0.2440
vn -0.6699 -0.7013 0.2439
vn -0.0503 -0.7657 0.6412
vn -0.8424 -0.4130 0.3461
vn -0.0503 -0.7654 0.6416
vn -0.0539 0.7647 0.6421
vn -0.8425 0.4126 0.3464
vn 0.8425 0.4126 0.3464
vn 0.0000 0.7658 0.6431
vn -0.0388 -0.7652 0.6427
vn 0.0331 0.5243 0.8509
vn -1.0000 0.0012 -0.0004
vn 0.8669 -0.3620 0.3426
vn 0.8685 0.3597 0.3410
vn 0.8681 0.3596 0.3421
vn -0.9099 0.3768 0.1735
vn -0.3403 0.9329 0.1179
vn -0.7789 0.6014 0.1779
vn -0.8695 -0.3573 0.3410
vn 0.1260 0.9760 0.1774
vn 0.8944 -0.3648 0.2586
vn 0.8684 0.3596 0.3415
vn 0.7961 0.5895 0.1371
vn 0.1254 0.9759 0.1786
vn -0.8681 -0.3596 0.3421
vn -0.8869 0.3920 0.2444
vn 0.8685 -0.3598 0.3410
vn 0.8682 -0.3596 0.3421
vn 0.8683 0.3596 0.3415
vn -0.9068 0.3841 0.1740
vn -0.3799 0.9166 0.1245
vn -0.7791 0.6012 0.1779
vn -0.8685 -0.3597 0.3410
vn 0.7791 0.6012 0.1780
vn -0.4677 -0.8154 0.3413
vn -0.9430 -0.2280 0.2422
vn 0.4677 -0.8154 0.3413
vn 0.1253 0.9759 0.1786
vn -0.1253 0.9759 0.1786
vn -0.8713 0.3524 0.3415
vn 0.4944 0.8508 0.1778
vn -0.4699 0.8138 0.3419
vn -0.4676 -0.8154 0.3413
vn -0.9431 -0.2280 0.2422
vn 0.4722 -0.8125 0.3419
vn 0.4874 0.8338 0.2592
vn 0.9840 0.0028 0.1784
vn 0.5130 -0.8536 0.0907
vn 0.9847 0.0000 0.1742
vn 0.5102 -0.8490 0.1370
vn 0.9658 0.0000 0.2594
vn 0.9847 -0.0079 0.1742
vn -0.5103 -0.8491 0.1366
vn -0.9660 -0.0053 0.2585
vn 0.4896 -0.8536 0.1777
vn 0.9400 0.0079 0.3412
vn 0.9847 -0.0078 0.1742
vn 0.5103 -0.8491 0.1366
vn 0.9660 0.0000 0.2585
vn -0.4896 -0.8536 0.1777
vn -0.9400 -0.0026 0.3412
vn 0.9660 0.0053 0.2585
vn -0.5102 -0.8490 0.1371
vn -0.9658 0.0000 0.2594
vn 0.7019 -0.7013 0.1242
vn 0.7011 -0.7022 0.1240
vn -0.9847 0.0000 0.1742
vn -0.9660 0.0053 0.2585
vn 0.6948 -0.6948 0.1859
vn -0.9395 -0.0079 0.3424
vn -0.0350 0.9062 0.4214
vn -0.0504 -0.9386 0.3412
vn -0.3831 0.9237 0.0005
vn -0.9168 0.3796 0.1243
vn 0.9307 0.3423 0.1290
vn -0.3827 0.9239 0.0004
vn -0.9170 0.3790 0.1244
vn 0.9172 0.3789 0.1236
vn 0.9167 0.3799 0.1243
vn 0.4159 0.9004 0.1279
vn -0.4159 0.9004 0.1279
vn -0.9643 -0.2650 0.0000
vn 0.9473 -0.2935 0.1283
vn -0.2191 0.9673 0.1275
vn 0.9586 -0.2565 0.1234
vn 0.9587 -0.2562 0.1236
vn -0.2562 0.9586 0.1240
vn 0.7016 -0.7016 0.1244
vn -0.7022 -0.7012 0.1232
vn -0.7017 -0.7017 0.1235
vn 0.7017 -0.7017 0.1236
vn -0.7011 -0.7022 0.1240
vn -0.7017 -0.7017 0.1236
vn -0.0387 -0.9391 0.3413
vn -0.8491 -0.4785 0.2238
vn -0.0408 -0.9051 0.4232
vn 0.0141 -0.5157 0.8567
vn -0.0416 0.9390 0.3414
vn 0.0416 0.9839 0.1737
vn -0.9089 -0.3793 0.1734
vn -0.9167 0.3799 0.1240
vn 0.9108 -0.3744 0.1740
vn 0.8005 0.5925 0.0900
vn -0.1472 0.9849 0.0912
vn -0.9098 0.3768 0.1740
vn -0.9088 -0.3793 0.1740
vn -0.9168 0.3799 0.1235
vn 0.9098 -0.3769 0.1740
vn -0.1471 0.9849 0.0912
vn -0.9088 0.3793 0.1740
vn 0.4947 -0.8515 0.1739
vn 0.4902 0.8543 0.1727
vn -0.9958 -0.0175 0.0901
vn -0.4947 -0.8515 0.1739
vn 0.9958 -0.0175 0.0901
vn -0.4826 0.8712 0.0899
vn 0.4901 -0.8542 0.1739
vn -0.4923 0.8527 0.1746
vn 0.2985 0.9470 0.1185
vn -0.9958 -0.0175 0.0900
vn -0.4948 -0.8517 0.1727
vn 0.4828 0.8710 0.0910
vn -0.4923 0.8529 0.1738
vn -0.5130 -0.8536 0.0900
vn -0.9849 0.0000 0.1729
vn -0.5130 -0.8536 0.0908
vn -0.5130 -0.8536 0.0907
vn 0.5130 -0.8536 0.0900
vn 0.9849 0.0000 0.1729
vn -0.9847 0.0027 0.1742
vn 0.8404 -0.0010 -0.5420
vn 0.8491 -0.5101 0.1374
vn 0.0000 -0.9656 0.2600
vn 0.0559 -0.6715 0.7389
vn 0.8491 -0.5101 0.1371
vn 0.0479 -0.9646 0.2593
vn 0.0000 -0.9435 -0.3314
vn -0.0538 0.9835 0.1727
vn -0.8426 0.5305 0.0932
vn 0.9096 0.4155 0.0000
vn 0.9229 -0.3851 0.0000
vn 0.3492 0.9371 0.0000
vn 0.3827 0.9239 0.0005
vn 0.3827 0.9239 0.0003
vn 0.3828 0.9238 -0.0041
vn -0.4262 0.9046 0.0000
vn 0.9239 0.3827 0.0000
vn -0.8078 0.5894 0.0000
vn -0.9249 -0.3802 0.0000
vn 0.1548 0.9879 0.0000
vn 0.0423 0.9415 -0.3342
vn 0.1259 0.9760 -0.1776
vn -0.0862 0.8883 -0.4510
vn -0.4104 0.7541 -0.5128
vn -0.2433 0.8233 -0.5128
vn -0.6952 0.6361 -0.3348
vn -0.5674 0.6890 -0.4510
vn -0.7788 0.6015 -0.1781
vn 0.8006 0.5925 -0.0898
vn 0.7430 0.6163 -0.2610
vn 0.6050 0.6685 -0.4325
vn 0.1624 0.8567 -0.4895
vn 0.3675 0.7669 -0.5261
vn 0.0175 0.9168 -0.3990
vn -0.1472 0.9849 -0.0911
vn -0.0903 0.9614 -0.2600
vn -0.9128 -0.3695 -0.1737
vn -0.9168 0.3799 -0.1233
vn 0.3497 0.9369 0.0000
vn -0.9249 0.3802 0.0000
vn -0.3497 0.9369 0.0000
vn -0.9208 -0.3900 0.0000
vn 0.1544 0.9880 0.0000
vn 0.0423 0.9415 -0.3343
vn 0.1252 0.9759 -0.1788
vn -0.0864 0.8883 -0.4511
vn -0.4109 0.7539 -0.5126
vn -0.2430 0.8235 -0.5127
vn -0.6957 0.6360 -0.3341
vn -0.5666 0.6894 -0.4513
vn 0.8003 0.5926 -0.0907
vn 0.7433 0.6163 -0.2602
vn 0.4923 0.7202 -0.4888
vn 0.6356 0.6608 -0.3992
vn 0.2820 0.8025 -0.5259
vn 0.0451 0.9004 -0.4327
vn -0.1471 0.9849 -0.0910
vn -0.9279 0.3674 -0.0627
vn 0.9268 0.3754 0.0000
vn -0.9204 -0.3812 -0.0875
vn -0.9275 0.3684 -0.0631
vn 0.9239 -0.3827 0.0000
vn 0.3483 0.9374 0.0000
vn 0.9801 -0.1899 -0.0569
vn -0.8080 0.5892 0.0000
vn 0.8080 0.5892 0.0000
vn -0.4935 -0.8654 -0.0869
vn -0.9802 -0.1898 -0.0569
vn 0.4935 -0.8654 -0.0870
vn 0.1543 0.9880 0.0000
vn -0.1543 0.9880 0.0000
vn -0.9229 0.3851 0.0000
vn -0.0863 0.8883 -0.4511
vn -0.4093 0.7545 -0.5131
vn -0.2435 0.8231 -0.5130
vn -0.6958 0.6358 -0.3342
vn -0.5674 0.6890 -0.4509
vn -0.7790 0.6012 -0.1782
vn 0.7674 0.6011 -0.2229
vn 0.4914 0.7206 -0.4892
vn 0.6363 0.6605 -0.3987
vn 0.2819 0.8024 -0.5260
vn 0.0863 0.8883 -0.4511
vn -0.1252 0.9759 -0.1788
vn -0.0423 0.9415 -0.3343
vn 0.5023 0.8647 0.0000
vn -0.2935 0.9560 0.0000
vn -0.5000 0.8660 0.0000
vn 0.2935 0.9560 0.0000
vn -0.4826 0.8712 -0.0898
vn -0.5137 0.8175 -0.2604
vn -0.6497 0.5820 -0.4890
vn -0.5719 0.7166 -0.3993
vn -0.7587 0.3843 -0.5260
vn -0.9390 0.0808 -0.3344
vn -0.8695 0.2013 -0.4511
vn -0.9904 -0.0174 -0.1370
vn 0.9958 -0.0175 -0.0899
vn 0.9645 0.0366 -0.2614
vn 0.8870 0.1619 -0.4325
vn 0.6498 0.5820 -0.4890
vn 0.7587 0.3843 -0.5260
vn 0.5719 0.7166 -0.3993
vn 0.5137 0.8175 -0.2604
vn 0.4722 0.8803 -0.0462
vn -0.4935 0.8654 -0.0870
vn 0.9587 -0.2562 -0.1232
vn 0.5027 -0.8601 -0.0870
vn 0.4924 -0.8529 -0.1736
vn 0.4976 0.8674 0.0000
vn -0.4923 0.8528 -0.1742
vn 0.2985 0.9470 -0.1183
vn 0.2125 0.9772 0.0000
vn 0.9985 -0.0312 -0.0457
vn -0.4788 0.8779 0.0000
vn -0.5398 0.7723 -0.3349
vn -0.4945 0.8507 -0.1780
vn -0.6089 0.6526 -0.4509
vn -0.7844 0.3487 -0.5130
vn -0.6943 0.5047 -0.5130
vn -0.9390 0.0809 -0.3344
vn 0.8870 0.1618 -0.4326
vn 0.6502 0.5813 -0.4892
vn 0.5721 0.7166 -0.3990
vn 0.5136 0.8179 -0.2594
vn 0.4828 0.8710 -0.0909
vn -0.4924 0.8529 -0.1737
vn 0.8863 -0.0929 0.4536
vn -0.0502 -0.9987 0.0000
vn -0.8334 -0.5506 -0.0482
vn -0.0593 -0.9944 -0.0870
vn 0.8491 -0.5101 -0.1371
vn 0.0267 -0.9654 -0.2595
vn -0.0115 -0.8696 -0.4936
vn -0.8336 0.5503 -0.0481
vn -0.8492 0.3734 -0.3734
vn -0.8492 -0.1363 -0.5102
vn -0.8492 0.1363 -0.5102
vn -0.8491 -0.3739 -0.3730
vn 0.8335 -0.3171 -0.4526
vn 0.8492 0.0457 -0.5261
vn 0.8493 0.3028 -0.4325
vn 0.8493 0.4786 -0.2230
vn 0.8492 0.5261 0.0457
vn -0.0522 0.9948 -0.0870
vn -0.0643 0.9979 0.0000
vn -0.0293 0.9958 0.0864
vn 0.0000 0.9962 -0.0871
vn 0.8143 0.5782 -0.0506
vn 1.0000 -0.0012 -0.0003
vn -0.9990 0.0015 -0.0451
vn -0.8723 -0.0161 0.4886
vn -0.0332 -0.8792 -0.4754
vn 0.0000 -0.9657 -0.2596
vn -0.8492 0.4786 -0.2230
vn -0.8426 0.2689 -0.4666
vn -0.8426 -0.0932 -0.5305
vn -0.8425 -0.5305 -0.0939
vn -0.8491 -0.3739 -0.3731
vn 0.8492 -0.0458 -0.5261
vn 0.8425 -0.3464 -0.4126
vn 0.8492 0.2227 -0.4788
vn 0.8493 0.4325 -0.3028
vn 0.8426 0.5385 0.0000
vn -0.0417 0.9991 0.0000
vn 0.0538 0.9986 0.0000
vn -0.5130 -0.8537 -0.0899
vn -0.4508 -0.8537 -0.2608
vn -0.1785 -0.8537 -0.4892
vn -0.3348 -0.8536 -0.3990
vn 0.0461 -0.8492 -0.5261
vn 0.2605 -0.8537 -0.4510
vn 0.5130 -0.8536 -0.0906
vn 0.4327 -0.8491 -0.3029
vn -0.5130 -0.8536 -0.0906
vn -0.4512 -0.8536 -0.2603
vn -0.0900 -0.8537 -0.5130
vn -0.3030 -0.8491 -0.4326
vn 0.0900 -0.8537 -0.5130
vn 0.3994 -0.8536 -0.3344
vn 0.5103 -0.8490 -0.1370
vn -0.5103 -0.8491 -0.1366
vn -0.3990 -0.8537 -0.3348
vn -0.2605 -0.8537 -0.4510
vn 0.0900 -0.8536 -0.5130
vn 0.3990 -0.8537 -0.3348
vn 0.4895 -0.8536 -0.1780
vn 0.5209 -0.8536 0.0000
vn -0.5263 -0.8491 -0.0462
vn -0.1366 -0.8491 -0.5103
vn 0.5103 -0.8491 -0.1366
vn 0.1786 -0.8537 -0.4892
vn 0.0000 -0.8537 -0.5207
vn 0.3348 -0.8537 -0.3990
vn 0.4512 -0.8536 -0.2603
vn -0.5102 -0.8490 -0.1371
vn -0.3738 -0.8491 -0.3733
vn -0.1783 -0.8537 -0.4893
vn 0.1785 -0.8537 -0.4892
vn 0.3348 -0.8536 -0.3990
vn 0.5130 -0.8537 -0.0899
vn 0.4508 -0.8537 -0.2608
vn 1.0000 -0.0027 0.0000
vn -0.9962 -0.0053 -0.0874
vn -0.9848 0.0000 -0.1739
vn -0.9850 0.0000 -0.1726
vn -0.7018 -0.7017 -0.1230
vn -0.9962 0.0053 -0.0874
vn -0.7170 -0.6942 -0.0629
vn -0.7017 -0.7017 -0.1235
vn -0.7168 -0.6944 -0.0628
vn -0.0060 -0.9058 -0.4236
vn -0.0122 -0.9846 -0.1742
vn -0.0416 0.9390 -0.3413
vn 0.0416 0.9840 -0.1734
vn 0.9153 0.0000 0.4027
vn -0.8903 -0.3745 -0.2590
vn -0.9080 0.3753 -0.1862
vn -0.9076 0.3761 -0.1865
vn 0.9108 -0.3744 -0.1737
vn -0.9099 0.3768 -0.1733
vn -0.3402 0.9329 -0.1177
vn -0.8683 -0.3597 -0.3414
vn -0.9098 0.3768 -0.1737
vn -0.9334 0.2980 -0.2001
vn 0.9099 -0.3769 -0.1732
vn 0.9098 -0.3769 -0.1737
vn 0.9168 0.3799 -0.1233
vn -0.4160 0.9004 -0.1278
vn -0.8694 -0.3572 -0.3415
vn -0.9088 0.3793 -0.1737
vn -0.9108 0.3744 -0.1737
vn -0.3797 0.9167 -0.1243
vn -0.3798 0.9167 -0.1242
vn -0.8694 -0.3572 -0.3414
vn -0.9305 -0.2650 -0.2530
vn 0.4902 0.8544 -0.1725
vn 0.2190 0.9674 -0.1274
vn -0.4875 -0.8337 -0.2592
vn 0.4946 0.8515 -0.1743
vn -0.2562 0.9586 -0.1239
vn -0.4876 -0.8339 -0.2585
vn 0.9848 0.0000 -0.1739
vn 0.9658 -0.0053 -0.2594
vn 0.9398 -0.0026 -0.3416
vn 0.9848 0.0027 -0.1739
vn -0.9660 0.0000 -0.2585
vn 0.9660 -0.0053 -0.2585
vn 0.9850 0.0080 -0.1726
vn 0.9660 0.0000 -0.2585
vn -0.9658 -0.0053 -0.2594
vn 0.7020 -0.7013 -0.1240
vn 0.7017 -0.7016 -0.1242
vn 0.7012 -0.7022 -0.1238
vn 0.7017 -0.7017 -0.1235
vn -0.9660 0.0053 -0.2585
vn -0.6948 -0.6948 -0.1859
vn 0.7012 -0.7022 -0.1239
vn -0.9847 -0.0079 -0.1739
vn -0.7017 -0.7016 -0.1240
vn -0.6351 -0.7535 -0.1699
vn 0.7012 -0.7021 -0.1239
vn 0.7017 -0.7017 -0.1234
vn 0.6351 -0.7535 -0.1700
vn 0.0000 -0.6517 -0.7585
vn -0.3824 0.9240 -0.0003
vn 0.3824 0.9240 -0.0003
vn 0.9335 0.2970 -0.2010
vn -0.3826 0.9239 0.0003
vn -0.3826 0.9239 0.0004
vn 0.4156 0.9005 -0.1282
vn 0.3826 0.9239 0.0003
vn -0.3828 0.9238 0.0003
vn 0.9334 0.2980 -0.2001
vn 0.4160 0.9004 -0.1278
vn 0.3826 0.9239 -0.0008
vn 0.8870 0.3920 -0.2440
vn -0.3832 0.9237 -0.0010
vn 0.4151 0.9006 -0.1288
vn 0.3832 0.9237 -0.0010
vn -0.8631 0.5051 0.0023
vn 0.8661 0.4998 0.0002
vn 0.9586 -0.2565 -0.1235
vn -0.8660 0.5001 0.0004
vn -0.2190 0.9674 -0.1274
vn 0.8660 0.5001 0.0004
vn 0.9219 -0.3317 -0.2003
vn -0.8662 0.4998 -0.0002
vn -0.2561 0.9587 -0.1239
vn -0.7021 -0.7013 -0.1235
vn -0.6280 -0.7703 -0.1105
vn -0.7013 -0.7021 -0.1234
vn -0.6281 -0.7703 -0.1105
vn -0.8437 -0.1007 0.5273
vn 1.0000 -0.0066 -0.0031
vn -0.8919 0.0129 -0.4521
vn 0.0000 -0.9829 -0.1843
vn -0.0480 -0.7071 -0.7055
vn -0.0409 0.7065 -0.7065
vn 0.0061 0.9064 -0.4223
vn -0.0063 -0.9664 -0.2569
vn -0.8363 -0.4198 -0.3527
vn -0.0479 0.9054 -0.4218
vn 0.0348 0.5796 -0.8142
vn 0.7969 -0.3387 -0.5002
vn 0.8708 -0.3522 -0.3431
vn 0.8872 0.3915 -0.2443
vn 0.8683 0.3597 -0.3415
vn 0.8680 0.3595 -0.3426
vn 0.3112 0.9214 -0.2327
vn -0.3854 0.8876 -0.2524
vn -0.8000 0.3313 -0.5003
vn 0.7998 -0.3313 -0.5006
vn 0.8682 0.3596 -0.3419
vn -0.8690 0.3570 -0.3426
vn -0.3112 0.9214 -0.2327
vn -0.7990 0.3338 -0.5002
vn 0.8374 -0.3468 -0.4224
vn 0.8710 -0.3522 -0.3425
vn 0.8865 0.3929 -0.2444
vn 0.3112 0.9214 -0.2328
vn -0.8672 0.3621 -0.3419
vn 0.4721 0.8123 -0.3423
vn -0.3152 0.9201 -0.2326
vn -0.4721 0.8123 -0.3423
vn 0.3152 0.9201 -0.2326
vn 0.4327 -0.7496 -0.5009
vn 0.4674 0.8151 -0.3423
vn 0.2349 0.9384 -0.2534
vn -0.8656 0.0000 -0.5007
vn 0.8662 0.0026 -0.4997
vn 0.8662 0.0027 -0.4997
vn -0.8662 -0.0027 -0.4997
vn 0.8656 -0.0026 -0.5007
vn 0.6169 -0.7020 -0.3559
vn -0.9992 0.0000 -0.0400
vn -0.8288 0.4482 -0.3349
vn 0.9991 -0.0001 -0.0430
vn 0.9363 0.2189 0.2747
vn -0.0504 0.7657 -0.6412
vn -0.0387 0.7652 -0.6427
vn 0.0000 0.8192 -0.5735
vn 0.3824 0.9240 0.0008
vn -0.8660 0.5000 -0.0002
vn 0.8661 0.4999 -0.0001
vn -0.0180 -0.0874 -0.9960
vn 0.0120 -0.5737 -0.8190
vn -0.0091 0.6430 -0.7658
vn 0.7872 0.3966 -0.4723
vn -0.0387 -0.4996 -0.8654
vn 0.0000 -0.6431 -0.7658
vn 0.0121 -0.7078 -0.7063
vn -0.0503 0.4986 -0.8653
vn 0.9992 0.0000 -0.0410
vn 0.8933 -0.0118 -0.4493
vn -0.7998 0.3312 -0.5006
vn -0.2639 0.9022 -0.3411
vn -0.7990 -0.3338 -0.5002
vn -0.8247 0.4513 -0.3410
vn 0.8000 -0.3314 -0.5002
vn 0.8247 0.4513 -0.3410
vn -0.3343 0.8669 -0.3698
vn -0.7547 -0.3184 -0.5736
vn -0.7857 0.4900 -0.3775
vn -0.8382 0.4125 -0.3566
vn -0.8010 0.3289 -0.5002
vn -0.3022 0.8842 -0.3562
vn -0.3018 0.8843 -0.3563
vn -0.4307 -0.7511 -0.5003
vn -0.9292 -0.1444 -0.3403
vn 0.4328 -0.7495 -0.5009
vn 0.4330 -0.7498 -0.5003
vn 0.9163 -0.1833 -0.3561
vn -0.7065 0.2955 -0.6431
vn 0.4305 0.7509 -0.5009
vn 0.2637 0.8911 -0.3695
vn -0.4305 0.7509 -0.5009
vn -0.4306 -0.7511 -0.5004
vn -0.9291 -0.1445 -0.3403
vn 0.4329 -0.7498 -0.5003
vn 0.9291 -0.1445 -0.3403
vn 0.4352 0.7485 -0.5004
vn -0.2984 0.8851 -0.3572
vn -0.4329 0.7498 -0.5003
vn 0.3391 0.8767 -0.3412
vn -0.4330 0.7500 -0.5000
vn 0.8192 -0.0052 -0.5734
vn 0.8656 0.0000 -0.5007
vn 0.8662 0.0000 -0.4997
vn 0.6161 -0.7024 -0.3564
vn 0.6177 -0.7013 -0.3560
vn -0.6172 -0.7012 -0.3570
vn 0.6170 -0.7017 -0.3564
vn 0.6170 -0.7016 -0.3564
vn -0.8192 0.0053 -0.5735
vn -0.5890 -0.6950 -0.4123
vn 0.6173 -0.7016 -0.3561
vn 0.6167 -0.7020 -0.3562
vn 0.6405 -0.6729 -0.3700
vn -0.8656 0.0026 -0.5007
vn 0.0000 -0.4998 -0.8661
vn 0.7866 -0.3086 -0.5348
vn -0.0142 0.0179 -0.9997
vn 0.0000 0.5735 -0.8192
vn -0.0505 0.5002 -0.8645
vn 0.8656 0.3908 -0.3130
vn 0.8069 0.4058 -0.4291
vn -0.0503 -0.1729 -0.9837
vn -0.0120 -0.0866 -0.9962
vn 0.0000 -0.1731 -0.9849
vn 0.0000 0.4217 -0.9067
vn -0.0293 0.0865 -0.9958
vn 0.0294 -0.2580 -0.9657
vn 0.0000 0.0865 -0.9963
vn -0.0061 0.2581 -0.9661
vn -0.0502 -0.1718 -0.9838
vn 0.7866 -0.1069 -0.6081
vn -0.0388 0.1716 -0.9844
vn 0.3343 0.8669 -0.3698
vn -0.3826 0.9239 -0.0002
vn 0.8658 0.5004 -0.0004
vn 0.9158 -0.1839 -0.3570
vn -0.8661 0.4999 -0.0004
vn -0.2637 0.8911 -0.3695
vn -0.3000 0.8854 -0.3551
vn -0.6171 -0.7016 -0.3564
vn -0.6405 -0.6730 -0.3699
vn -0.5523 -0.7702 -0.3190
vn -0.6405 -0.6730 -0.3700
vn -0.6168 -0.7023 -0.3555
vn -0.9206 -0.3127 0.2338
vn 0.8019 -0.4662 0.3736
vn 0.9996 0.0117 -0.0252
vn -0.6535 -0.2707 -0.7069
vn -0.7179 0.5185 -0.4646
vn -0.7734 0.4388 -0.4575
vn 0.7070 -0.2958 -0.6424
vn 0.7729 0.4389 -0.4582
vn 0.7081 0.2933 -0.6424
vn 0.7078 0.2931 -0.6427
vn 0.2013 0.8762 -0.4379
vn -0.2652 0.8390 -0.4752
vn -0.7050 -0.3006 -0.6423
vn -0.5971 -0.2388 -0.7658
vn -0.6849 0.5095 -0.5210
vn -0.7809 0.4058 -0.4750
vn 0.7075 0.2930 -0.6431
vn 0.7078 0.2932 -0.6427
vn 0.2013 0.8761 -0.4381
vn -0.7089 0.2907 -0.6427
vn -0.2013 0.8761 -0.4381
vn -0.7048 -0.3005 -0.6427
vn 0.7070 -0.2957 -0.6424
vn 0.7726 0.4400 -0.4576
vn 0.2013 0.8761 -0.4380
vn -0.7078 -0.2932 -0.6427
vn -0.8662 -0.1540 -0.4753
vn 0.3855 0.6624 -0.6424
vn -0.3742 0.8178 -0.4373
vn -0.3855 0.6623 -0.6424
vn 0.3742 0.8178 -0.4373
vn -0.3855 -0.6623 -0.6424
vn 0.3808 0.6650 -0.6424
vn 0.2998 0.8273 -0.4750
vn -0.3855 -0.6624 -0.6424
vn 0.7668 -0.0027 -0.6419
vn 0.7661 -0.0027 -0.6427
vn -0.7661 0.0000 -0.6427
vn 0.7661 0.0027 -0.6427
vn -0.7076 -0.0053 -0.7066
vn -0.7661 0.0027 -0.6427
vn -0.5217 -0.7323 -0.4377
vn 0.5217 -0.7323 -0.4377
vn -0.5566 0.4134 0.7206
vn 0.0619 -0.7057 0.7058
vn -0.0619 -0.7057 0.7058
vn -0.0618 -0.7057 0.7058
vn 0.0618 -0.7057 0.7058
vn 0.1831 -0.6843 0.7058
vn -0.1833 -0.6843 0.7058
vn -0.1834 -0.6842 0.7058
vn 0.1833 -0.6843 0.7058
vn -0.1831 -0.6843 0.7058
vn 0.2994 -0.6420 0.7058
vn -0.2994 -0.6420 0.7058
vn 0.4064 -0.5803 0.7058
vn -0.4064 -0.5802 0.7058
vn -0.4064 -0.5803 0.7058
vn 0.2995 -0.6420 0.7058
vn 0.4064 -0.5802 0.7058
vn -0.4063 -0.5803 0.7058
vn 0.4063 -0.5803 0.7058
vn 0.5009 -0.5009 0.7058
vn -0.5006 -0.5012 0.7058
vn -0.5009 -0.5009 0.7058
vn 0.5006 -0.5012 0.7058
vn -0.5011 -0.5007 0.7058
vn 0.5011 -0.5008 0.7058
vn 0.5802 -0.4064 0.7058
vn -0.5805 -0.4060 0.7059
vn -0.5802 -0.4065 0.7058
vn 0.5805 -0.4060 0.7058
vn 0.5803 -0.4064 0.7058
vn -0.5802 -0.4064 0.7058
vn 0.5802 -0.4065 0.7058
vn 0.6420 -0.2994 0.7058
vn -0.6420 -0.2994 0.7058
vn -0.6421 -0.2991 0.7059
vn 0.5800 -0.4067 0.7058
vn 0.6420 -0.2994 0.7059
vn -0.6420 -0.2995 0.7058
vn 0.6843 -0.1831 0.7058
vn -0.6843 -0.1831 0.7058
vn -0.6843 -0.1834 0.7058
vn 0.6421 -0.2991 0.7058
vn 0.6842 -0.1837 0.7058
vn -0.6843 -0.1833 0.7058
vn 0.6842 -0.1833 0.7058
vn 0.7057 -0.0619 0.7058
vn -0.7057 -0.0619 0.7058
vn -0.7057 -0.0618 0.7058
vn 0.6843 -0.1834 0.7058
vn 0.7058 -0.0613 0.7057
vn 0.7057 -0.0618 0.7058
vn 0.7057 0.0618 0.7058
vn -0.7057 0.0619 0.7058
vn -0.7057 0.0618 0.7058
vn 0.7057 0.0613 0.7058
vn 0.6843 0.1831 0.7058
vn -0.6843 0.1831 0.7058
vn -0.6842 0.1833 0.7058
vn 0.6842 0.1837 0.7057
vn -0.6844 0.1831 0.7058
vn 0.6419 0.2997 0.7058
vn 0.6843 0.1833 0.7058
vn -0.6419 0.2997 0.7058
vn -0.6421 0.2993 0.7058
vn 0.6843 0.1834 0.7058
vn 0.6421 0.2993 0.7058
vn 0.6421 0.2992 0.7058
vn 0.5804 0.4061 0.7058
vn -0.5808 0.4057 0.7057
vn -0.5802 0.4063 0.7059
vn -0.6421 0.2992 0.7059
vn 0.6421 0.2992 0.7059
vn 0.5802 0.4063 0.7059
vn 0.5807 0.4057 0.7058
vn -0.5805 0.4061 0.7058
vn -0.5803 0.4064 0.7058
vn -0.6421 0.2992 0.7058
vn 0.5803 0.4064 0.7058
vn 0.5009 0.5009 0.7058
vn -0.5006 0.5012 0.7058
vn -0.5009 0.5009 0.7058
vn 0.5006 0.5012 0.7058
vn -0.5011 0.5008 0.7058
vn 0.5011 0.5007 0.7058
vn 0.4064 0.5802 0.7058
vn -0.4064 0.5802 0.7058
vn -0.4064 0.5803 0.7058
vn -0.4063 0.5803 0.7058
vn 0.4063 0.5803 0.7058
vn 0.2989 0.6423 0.7058
vn -0.2989 0.6422 0.7059
vn -0.2994 0.6420 0.7058
vn 0.4064 0.5803 0.7058
vn 0.2994 0.6420 0.7059
vn 0.1837 0.6841 0.7059
vn -0.1839 0.6842 0.7057
vn -0.1828 0.6844 0.7058
vn 0.2995 0.6419 0.7059
vn 0.1838 0.6840 0.7059
vn -0.1837 0.6842 0.7058
vn -0.1833 0.6842 0.7059
vn 0.1833 0.6843 0.7058
vn 0.0613 0.7057 0.7058
vn -0.0613 0.7058 0.7058
vn 0.0613 0.7058 0.7058
vn -0.0613 0.7057 0.7058
vn -0.0615 0.7057 0.7058
vn 0.0615 0.7057 0.7058
vn -0.0617 0.7057 0.7058
vn 0.0614 0.7057 0.7058
vn -0.0618 -0.7058 0.7058
vn 0.0619 -0.7058 0.7057
vn 0.0619 -0.7058 0.7058
vn 0.1833 -0.6844 0.7057
vn 0.0842 -0.7067 0.7025
vn 0.1834 -0.6843 0.7058
vn 0.2995 -0.6421 0.7057
vn -0.2995 -0.6421 0.7058
vn -0.2994 -0.6421 0.7057
vn -0.1834 -0.6843 0.7058
vn 0.1832 -0.6844 0.7057
vn 0.2994 -0.6421 0.7058
vn 0.4064 -0.5803 0.7057
vn -0.4064 -0.5803 0.7057
vn 0.2994 -0.6421 0.7057
vn 0.4065 -0.5803 0.7057
vn 0.5010 -0.5010 0.7058
vn -0.5008 -0.5011 0.7058
vn -0.5010 -0.5010 0.7058
vn 0.5009 -0.5010 0.7058
vn -0.5803 -0.4064 0.7058
vn -0.5804 -0.4061 0.7058
vn 0.5008 -0.5011 0.7058
vn -0.5803 -0.4064 0.7057
vn 0.6421 -0.2995 0.7057
vn 0.5803 -0.4064 0.7057
vn 0.6421 -0.2993 0.7058
vn -0.6421 -0.2995 0.7057
vn -0.6421 -0.2993 0.7058
vn 0.5805 -0.4062 0.7058
vn 0.6420 -0.2995 0.7058
vn 0.6844 -0.1833 0.7057
vn -0.6843 -0.1834 0.7057
vn -0.7058 -0.0619 0.7057
vn 0.7058 -0.0618 0.7057
vn 0.7058 0.0615 0.7058
vn 0.7057 0.0619 0.7058
vn -0.7058 0.0615 0.7058
vn 0.7058 -0.0618 0.7058
vn 0.7057 0.0621 0.7058
vn -0.6843 0.1833 0.7057
vn -0.6843 0.1834 0.7058
vn -0.7057 0.0621 0.7058
vn 0.6843 0.1834 0.7057
vn 0.6421 0.2995 0.7058
vn -0.6421 0.2995 0.7058
vn -0.6421 0.2994 0.7057
vn 0.6421 0.2995 0.7057
vn -0.6420 0.2995 0.7058
vn 0.6421 0.2994 0.7057
vn 0.5803 0.4065 0.7057
vn -0.5802 0.4064 0.7058
vn -0.5805 0.4062 0.7058
vn 0.6421 0.2994 0.7058
vn -0.5803 0.4064 0.7057
vn 0.5011 0.5008 0.7058
vn -0.4064 0.5803 0.7057
vn -0.4061 0.5804 0.7058
vn 0.4062 0.5805 0.7058
vn 0.2995 0.6421 0.7058
vn -0.2995 0.6421 0.7057
vn -0.2994 0.6421 0.7058
vn 0.2994 0.6421 0.7057
vn 0.1833 0.6843 0.7057
vn -0.1833 0.6843 0.7058
vn -0.1834 0.6843 0.7058
vn 0.1833 0.6844 0.7057
vn 0.1834 0.6843 0.7058
vn 0.0619 0.7057 0.7058
vn -0.0619 0.7057 0.7058
vn -0.0618 0.7057 0.7058
vn -0.0619 0.7058 0.7057
vn 0.0618 0.7058 0.7058
vn 0.9989 0.0041 -0.0474
vn 0.8654 -0.2493 -0.4346
vn 0.5321 -0.2147 -0.8190
vn 0.7732 0.4397 -0.4570
vn -0.5941 0.2460 -0.7659
vn -0.1237 0.8444 -0.5213
vn 0.5943 -0.2462 -0.7656
vn 0.5940 -0.2461 -0.7659
vn 0.7809 0.4058 -0.4750
vn 0.6849 0.5095 -0.5210
vn -0.1811 0.8038 -0.5667
vn -0.5280 0.2244 -0.8191
vn -0.6968 0.4402 -0.5663
vn 0.5951 -0.2436 -0.7659
vn 0.7727 0.4401 -0.4576
vn -0.5324 0.2148 -0.8188
vn -0.0609 0.8399 -0.5393
vn -0.1546 0.8232 -0.5463
vn -0.2823 -0.4995 -0.8190
vn -0.8411 0.0507 -0.5385
vn 0.2870 -0.4971 -0.8189
vn 0.3281 -0.5526 -0.7662
vn 0.8363 -0.0456 -0.5464
vn 0.3192 0.5582 -0.7659
vn 0.3460 0.7478 -0.5666
vn -0.3192 0.5582 -0.7659
vn -0.3190 -0.5579 -0.7662
vn -0.7659 -0.1601 -0.6227
vn -0.8265 0.1097 -0.5522
vn 0.8662 -0.1540 -0.4753
vn 0.8530 -0.0121 -0.5217
vn 0.3238 0.5555 -0.7659
vn -0.3799 0.7473 -0.5452
vn -0.3215 0.5568 -0.7659
vn 0.4160 0.7450 -0.5214
vn 0.6434 0.0027 -0.7655
vn -0.6427 0.0000 -0.7661
vn 0.6427 0.0027 -0.7661
vn -0.5736 -0.0053 -0.8191
vn -0.6427 -0.0027 -0.7661
vn 0.6427 0.0000 -0.7661
vn 0.6427 -0.0027 -0.7661
vn 0.4587 -0.7013 -0.5457
vn 0.4571 -0.7024 -0.5456
vn -0.5736 0.0053 -0.8191
vn -0.4124 -0.6950 -0.5889
vn 0.4581 -0.7014 -0.5461
vn 0.4575 -0.7018 -0.5461
vn 0.5223 -0.5829 -0.6225
vn 0.4123 -0.6950 -0.5890
vn 0.4578 -0.7019 -0.5457
vn -0.5001 0.0027 -0.8660
vn -0.4063 -0.5831 -0.7035
vn 0.4754 -0.6731 -0.5665
vn -0.5741 0.0053 -0.8188
vn -0.4124 -0.6956 -0.5883
vn -0.3831 0.9237 0.0004
vn 0.3831 0.9237 0.0005
vn 0.3825 0.9240 -0.0003
vn 0.3827 0.9239 0.0002
vn -0.8637 0.5039 0.0035
vn -0.8660 0.5001 -0.0002
vn 0.8660 0.5001 -0.0002
vn 0.8661 0.4999 -0.0002
vn 0.8659 0.5002 0.0001
vn -0.5440 0.4593 -0.7022
vn 0.4620 -0.1914 -0.8660
vn 0.5977 0.5126 -0.6164
vn 0.4620 0.1913 -0.8660
vn 0.4625 0.1916 -0.8657
vn 0.1811 0.8037 -0.5668
vn 0.0343 0.8068 -0.5898
vn -0.0834 0.7633 -0.6407
vn -0.4630 -0.1889 -0.8660
vn 0.3167 -0.1312 -0.9394
vn 0.4804 0.4327 -0.7629
vn 0.4627 0.1917 -0.8656
vn 0.1811 0.8038 -0.5667
vn 0.0356 0.8069 -0.5897
vn -0.4627 0.1917 -0.8656
vn -0.0356 0.8069 -0.5897
vn -0.4632 -0.1890 -0.8659
vn -0.4625 -0.1916 -0.8657
vn -0.5991 0.3818 -0.7038
vn -0.4969 0.6280 -0.5990
vn 0.4615 -0.1940 -0.8657
vn 0.5983 0.5124 -0.6160
vn 0.4622 0.1914 -0.8659
vn 0.0356 0.8069 -0.5896
vn -0.4620 -0.1913 -0.8660
vn -0.4625 0.1916 -0.8657
vn -0.7111 0.0332 -0.7023
vn 0.7700 -0.0682 -0.6344
vn 0.2524 0.4319 -0.8659
vn -0.3460 0.7478 -0.5666
vn -0.4638 0.6613 -0.5895
vn -0.2524 0.4319 -0.8659
vn 0.4638 0.6613 -0.5895
vn -0.2502 -0.4333 -0.8658
vn -0.1783 -0.2931 -0.9393
vn -0.7509 0.1633 -0.6399
vn 0.2478 0.4346 -0.8659
vn -0.3796 0.7470 -0.5458
vn 0.3987 0.6565 -0.6404
vn -0.2433 -0.4372 -0.8658
vn 0.5001 -0.0027 -0.8660
vn 0.5001 0.0079 -0.8659
vn 0.3428 -0.0079 -0.9394
vn -0.5001 0.0000 -0.8660
vn 0.5001 0.0027 -0.8660
vn -0.4099 -0.7704 -0.4884
vn 0.2443 -0.7015 -0.6695
vn -0.4231 0.0053 -0.9061
vn -0.4753 -0.6732 -0.5665
vn -0.2783 -0.7534 -0.5958
vn -0.4753 -0.6731 -0.5665
vn -0.4099 -0.7698 -0.4892
vn -0.4751 -0.6728 -0.5671
vn -0.3408 -0.7319 -0.5901
vn 0.3406 -0.7323 -0.5897
vn -0.3829 0.9238 0.0001
vn -0.3826 0.9239 0.0002
vn 0.3826 0.9239 0.0002
vn -0.8661 0.4999 -0.0002
vn -0.2376 -0.1042 -0.9658
vn -0.4459 0.6299 -0.6359
vn 0.5440 0.4591 -0.7023
vn -0.2397 0.0993 -0.9658
vn 0.1299 0.7612 -0.6354
vn -0.1608 -0.0666 -0.9847
vn -0.3192 0.1237 -0.9396
vn -0.2368 -0.1039 -0.9660
vn -0.4454 0.6306 -0.6356
vn 0.3166 -0.1311 -0.9395
vn 0.5892 0.5894 -0.5528
vn 0.0230 0.7181 -0.6955
vn -0.1609 -0.0668 -0.9847
vn 0.3177 -0.1287 -0.9394
vn 0.5446 0.4589 -0.7019
vn 0.0230 0.7181 -0.6956
vn -0.1598 -0.0662 -0.9849
vn 0.1692 -0.2984 -0.9393
vn 0.7509 0.1632 -0.6399
vn 0.1691 0.2982 -0.9394
vn 0.4562 0.5553 -0.6954
vn -0.1691 0.2982 -0.9394
vn 0.7678 0.0172 -0.6405
vn 0.7509 0.1633 -0.6399
vn 0.1737 0.2956 -0.9394
vn -0.4858 0.5630 -0.6686
vn -0.1714 0.2969 -0.9394
vn 0.5170 0.5688 -0.6397
vn -0.0888 -0.1483 -0.9850
vn -0.1712 0.2966 -0.9395
vn 0.2585 0.0053 -0.9660
vn -0.3428 -0.0027 -0.9394
vn -0.1728 -0.0027 -0.9849
vn 0.3428 0.0027 -0.9394
vn -0.2585 -0.0053 -0.9660
vn 0.3428 0.0000 -0.9394
vn 0.3428 -0.0027 -0.9394
vn -0.3424 -0.0027 -0.9396
vn 0.1700 -0.7535 -0.6351
vn 0.2438 -0.7015 -0.6697
vn -0.1728 0.0027 -0.9849
vn -0.2531 -0.6729 -0.6951
vn -0.1177 -0.7323 -0.6707
vn 0.2440 -0.7010 -0.6701
vn 0.2336 -0.7320 -0.6400
vn 0.2444 -0.7012 -0.6697
vn 0.2437 -0.7018 -0.6694
vn 0.2003 -0.6320 -0.7486
vn -0.2575 0.6206 -0.7406
vn 0.0808 -0.0335 -0.9962
vn 0.1640 -0.0593 -0.9847
vn 0.3900 0.6302 -0.6714
vn 0.1610 0.0667 -0.9847
vn 0.1608 0.0666 -0.9847
vn -0.0236 0.7189 -0.6947
vn -0.1697 0.7221 -0.6707
vn 0.1788 0.6089 -0.7728
vn -0.2578 0.6215 -0.7397
vn 0.1596 0.0660 -0.9850
vn -0.0230 0.7181 -0.6955
vn -0.1715 0.7214 -0.6710
vn -0.0807 0.0334 -0.9962
vn 0.2353 0.7176 -0.6555
vn -0.1595 -0.0661 -0.9850
vn -0.3529 0.4854 -0.7999
vn -0.2942 0.7123 -0.6372
vn 0.1585 -0.0686 -0.9850
vn 0.3890 0.6320 -0.6703
vn 0.1595 0.0661 -0.9850
vn 0.1597 0.0662 -0.9849
vn -0.0230 0.7180 -0.6956
vn -0.1716 0.7212 -0.6712
vn -0.1595 0.0661 -0.9850
vn 0.0940 0.5933 -0.7995
vn 0.2939 0.7114 -0.6383
vn -0.0787 0.0383 -0.9962
vn -0.0864 -0.1496 -0.9850
vn -0.5757 0.1702 -0.7997
vn -0.6670 0.3849 -0.6380
vn 0.0483 -0.0730 -0.9962
vn 0.0888 0.1483 -0.9850
vn -0.4562 0.5553 -0.6954
vn -0.5754 0.4680 -0.6708
vn -0.0483 0.0730 -0.9962
vn 0.6233 0.4266 -0.6554
vn -0.0482 -0.0731 -0.9962
vn 0.0022 -0.0013 -1.0000
vn -0.6071 0.3506 -0.7131
vn -0.5807 0.2573 -0.7724
vn 0.0840 0.1510 -0.9850
vn -0.4852 0.5616 -0.6702
vn 0.6331 0.3656 -0.6823
vn 0.5180 0.4467 -0.7295
vn 0.0874 -0.0052 -0.9962
vn 0.1729 -0.0027 -0.9849
vn 0.1728 -0.0027 -0.9849
vn 0.0000 0.0079 -1.0000
vn 0.0000 -0.0026 -1.0000
vn 0.1728 0.0027 -0.9849
vn 0.0000 -0.7012 -0.7130
vn 0.0000 0.0026 -1.0000
vn -0.2439 -0.7013 -0.6699
vn 0.0000 -0.7012 -0.7129
vn 0.0676 -0.6317 -0.7722
vn -0.2437 -0.7010 -0.6702
vn -0.0874 0.0052 -0.9962
vn -0.2532 -0.6726 -0.6954
vn -0.0575 -0.7531 -0.6554
vn -0.0874 0.0000 -0.9962
vn -0.0575 -0.7532 -0.6553
vn 0.1231 -0.7017 -0.7017
vn -0.2005 -0.6319 -0.7487
vn -0.1231 -0.7017 -0.7017
vn 0.3042 0.5581 -0.7720
vn 0.5807 0.2573 -0.7724
vn 0.6459 0.2251 -0.7295
vn 0.0000 -0.6733 -0.7394
vn 0.3825 0.9240 -0.0005
vn 0.3830 0.9238 -0.0008
vn -0.3825 0.9240 -0.0005
vn -0.3835 0.9236 0.0001
vn 0.3833 0.9236 0.0000
vn -0.8645 0.5025 0.0054
vn 0.8661 0.4999 0.0000
vn 0.8660 0.5000 -0.0001
vn 0.3824 0.9240 -0.0001
vn -0.3825 0.9240 0.0000
vn 0.3825 0.9240 0.0000
vn -0.8661 0.4998 -0.0001
vn -0.3832 0.9237 0.0008
vn -0.3832 0.9237 -0.0006
vn -0.3818 0.9242 -0.0002
vn 0.3818 0.9242 -0.0002
vn -0.8643 0.5030 0.0045
vn 0.8659 0.5002 0.0002
vn -0.8659 0.5002 0.0002
vn 0.8658 0.5005 -0.0009
vn 0.8664 0.4994 -0.0009
vn 0.0000 -1.0000 0.0007
vn -0.0620 -0.7057 0.7058
vn -0.0617 -0.7058 0.7058
vn 0.0620 -0.7058 0.7057
vn 0.0620 -0.7057 0.7057
vn 0.0617 -0.7057 0.7058
vn 0.1829 -0.6844 0.7058
vn -0.1827 -0.6845 0.7058
vn -0.1830 -0.6844 0.7058
vn 0.1827 -0.6844 0.7058
vn -0.1829 -0.6844 0.7058
vn 0.1831 -0.6844 0.7058
vn 0.2989 -0.6423 0.7058
vn -0.2993 -0.6421 0.7058
vn -0.2995 -0.6420 0.7058
vn 0.1830 -0.6844 0.7058
vn 0.2992 -0.6421 0.7058
vn -0.2989 -0.6423 0.7057
vn 0.2993 -0.6421 0.7058
vn 0.4063 -0.5804 0.7058
vn -0.4063 -0.5804 0.7058
vn -0.4063 -0.5804 0.7057
vn -0.4065 -0.5802 0.7057
vn -0.4066 -0.5802 0.7058
vn 0.4065 -0.5802 0.7057
vn 0.5015 -0.5005 0.7057
vn -0.5010 -0.5010 0.7057
vn -0.5012 -0.5007 0.7058
vn -0.5014 -0.5004 0.7058
vn 0.5010 -0.5009 0.7058
vn 0.5810 -0.4055 0.7057
vn -0.5813 -0.4048 0.7059
vn -0.5804 -0.4063 0.7057
vn -0.5808 -0.4054 0.7059
vn -0.5804 -0.4063 0.7058
vn 0.5012 -0.5007 0.7058
vn 0.5013 -0.5006 0.7057
vn 0.5803 -0.4062 0.7058
vn 0.6412 -0.3009 0.7059
vn -0.6415 -0.3010 0.7056
vn -0.6420 -0.2994 0.7059
vn 0.5803 -0.4063 0.7058
vn 0.6417 -0.3001 0.7058
vn 0.6848 -0.1821 0.7056
vn -0.6845 -0.1820 0.7059
vn 0.6848 -0.1821 0.7057
vn 0.6842 -0.1834 0.7058
vn -0.7057 -0.0613 0.7058
vn 0.7058 -0.0613 0.7058
vn 0.7057 0.0620 0.7058
vn -0.7057 0.0620 0.7058
vn -0.7058 0.0613 0.7058
vn 0.6845 0.1820 0.7059
vn -0.6848 0.1821 0.7056
vn -0.6841 0.1838 0.7058
vn 0.6843 0.1838 0.7057
vn 0.6424 0.2989 0.7057
vn -0.6424 0.2989 0.7057
vn 0.5810 0.4073 0.7047
vn -0.5806 0.4061 0.7056
vn -0.5841 0.4022 0.7050
vn 0.5801 0.4067 0.7057
vn -0.5801 0.4067 0.7057
vn -0.5800 0.4069 0.7057
vn 0.5801 0.4068 0.7057
vn -0.5800 0.4069 0.7058
vn 0.5838 0.4019 0.7054
vn 0.5015 0.5005 0.7057
vn -0.5009 0.5010 0.7058
vn -0.5015 0.5005 0.7057
vn 0.5800 0.4069 0.7057
vn 0.5014 0.5005 0.7057
vn -0.5015 0.5004 0.7057
vn -0.5013 0.5007 0.7057
vn 0.5014 0.5007 0.7057
vn 0.5010 0.5010 0.7057
vn 0.5013 0.5007 0.7057
vn 0.4063 0.5804 0.7057
vn -0.4063 0.5804 0.7058
vn 0.5015 0.5004 0.7057
vn 0.4063 0.5804 0.7058
vn -0.4065 0.5802 0.7057
vn 0.5018 0.5002 0.7057
vn -0.4063 0.5804 0.7057
vn 0.4065 0.5802 0.7058
vn 0.2989 0.6423 0.7057
vn -0.2993 0.6421 0.7058
vn -0.2995 0.6420 0.7058
vn 0.2993 0.6421 0.7058
vn -0.2989 0.6422 0.7058
vn -0.2989 0.6423 0.7058
vn -0.4066 0.5802 0.7058
vn 0.1838 0.6841 0.7058
vn -0.1836 0.6842 0.7058
vn 0.2995 0.6420 0.7058
vn 0.1836 0.6842 0.7058
vn -0.1839 0.6842 0.7058
vn -0.1835 0.6842 0.7058
vn 0.1835 0.6843 0.7058
vn 0.0620 0.7057 0.7058
vn -0.0620 0.7058 0.7057
vn -0.0620 0.7057 0.7057
vn 0.0617 0.7058 0.7058
vn 0.1839 -0.6842 0.7058
vn -0.1836 -0.6842 0.7058
vn 0.1836 -0.6842 0.7058
vn -0.1838 -0.6841 0.7058
vn -0.1835 -0.6843 0.7058
vn 0.1835 -0.6842 0.7058
vn 0.2989 -0.6422 0.7058
vn -0.4065 -0.5802 0.7058
vn 0.5014 -0.5005 0.7057
vn 0.5801 -0.4067 0.7058
vn -0.5805 -0.4061 0.7058
vn -0.5803 -0.4065 0.7057
vn -0.5801 -0.4067 0.7057
vn 0.5801 -0.4067 0.7057
vn 0.6419 -0.2997 0.7058
vn -0.6420 -0.2997 0.7057
vn 0.5803 -0.4065 0.7057
vn 0.6424 -0.2989 0.7057
vn 0.6422 -0.2993 0.7057
vn 0.6845 -0.1830 0.7057
vn -0.6844 -0.1829 0.7058
vn 0.6421 -0.2993 0.7057
vn -0.6844 -0.1830 0.7058
vn 0.7057 -0.0620 0.7058
vn -0.7057 -0.0619 0.7057
vn -0.7057 -0.0620 0.7057
vn -0.7058 0.0617 0.7058
vn 0.7058 0.0617 0.7058
vn 0.6844 0.1830 0.7058
vn -0.6871 0.1837 0.7030
vn -0.6811 0.1977 0.7050
vn -0.6810 0.1977 0.7050
vn -0.6845 0.1830 0.7057
vn 0.6821 0.1980 0.7039
vn 0.6418 0.3001 0.7057
vn -0.6418 0.3001 0.7057
vn 0.6422 0.2993 0.7057
vn 0.6420 0.2994 0.7058
vn 0.5804 0.4062 0.7058
vn -0.5809 0.4056 0.7057
vn -0.5804 0.4063 0.7058
vn 0.6420 0.2995 0.7058
vn 0.5804 0.4063 0.7058
vn -0.6420 0.2994 0.7058
vn 0.5804 0.4063 0.7057
vn -0.5804 0.4062 0.7058
vn 0.5014 0.5004 0.7058
vn -0.5012 0.5008 0.7057
vn -0.5014 0.5005 0.7058
vn -0.5012 0.5007 0.7058
vn 0.5013 0.5006 0.7057
vn 0.5012 0.5007 0.7058
vn -0.1836 0.6843 0.7057
vn -0.1830 0.6844 0.7058
vn -0.1839 0.6843 0.7057
vn -0.1831 0.6844 0.7058
vn 0.1831 0.6844 0.7057
vn 0.0610 0.7059 0.7057
vn -0.0610 0.7058 0.7058
vn -0.0617 0.7058 0.7057
vn 0.1830 0.6844 0.7057
vn 0.0620 -0.7057 0.7058
vn -0.0444 -0.7092 0.7036
vn -0.1830 -0.6845 0.7057
vn 0.1835 -0.6843 0.7057
vn 0.2997 -0.6420 0.7057
vn -0.3001 -0.6417 0.7058
vn -0.2995 -0.6421 0.7057
vn 0.1834 -0.6843 0.7057
vn 0.3001 -0.6418 0.7057
vn -0.2997 -0.6419 0.7058
vn -0.2993 -0.6421 0.7057
vn 0.4067 -0.5801 0.7058
vn 0.4062 -0.5804 0.7058
vn -0.4067 -0.5800 0.7058
vn 0.4065 -0.5802 0.7058
vn 0.5004 -0.5014 0.7058
vn -0.5005 -0.5015 0.7057
vn -0.4977 -0.5050 0.7052
vn 0.5010 -0.5010 0.7057
vn -0.5005 -0.5015 0.7056
vn 0.5020 -0.5029 0.7036
vn -0.5009 -0.5010 0.7058
vn 0.5804 -0.4062 0.7058
vn 0.5802 -0.4065 0.7057
vn -0.5805 -0.4062 0.7057
vn 0.5804 -0.4063 0.7057
vn -0.5808 -0.4056 0.7058
vn -0.5802 -0.4065 0.7057
vn 0.4927 -0.5099 0.7051
vn -0.5804 -0.4062 0.7058
vn 0.6423 -0.2989 0.7058
vn -0.6423 -0.2989 0.7058
vn -0.6422 -0.2993 0.7057
vn 0.5805 -0.4062 0.7057
vn 0.6424 -0.2990 0.7057
vn 0.6841 -0.1839 0.7058
vn -0.6843 -0.1835 0.7057
vn 0.6842 -0.1839 0.7058
vn -0.6842 -0.1839 0.7058
vn -0.6842 -0.1835 0.7058
vn 0.6843 -0.1835 0.7058
vn -0.7058 -0.0620 0.7057
vn -0.7057 -0.0617 0.7058
vn 0.6843 -0.1835 0.7057
vn 0.7059 -0.0610 0.7057
vn 0.7058 -0.0617 0.7058
vn 0.7058 0.0620 0.7057
vn 0.7058 0.0610 0.7058
vn 0.7057 0.0617 0.7058
vn 0.6842 0.1836 0.7058
vn -0.6845 0.1827 0.7057
vn 0.6844 0.1827 0.7058
vn -0.6845 0.1828 0.7057
vn 0.7058 0.0617 0.7057
vn 0.6843 0.1837 0.7057
vn -0.6842 0.1836 0.7058
vn -0.6422 0.2993 0.7057
vn -0.6421 0.2995 0.7057
vn -0.6417 0.3001 0.7058
vn 0.6386 0.3097 0.7045
vn -0.5806 0.4060 0.7057
vn -0.5803 0.4063 0.7058
vn 0.5009 0.5010 0.7058
vn -0.5016 0.5016 0.7049
vn -0.4973 0.5049 0.7055
vn 0.5014 0.5005 0.7058
vn -0.5010 0.5010 0.7057
vn 0.5806 0.4060 0.7058
vn -0.5015 0.5006 0.7056
vn -0.5007 0.5012 0.7058
vn 0.5007 0.5012 0.7057
vn 0.4061 0.5805 0.7057
vn -0.4057 0.5809 0.7057
vn 0.5008 0.5012 0.7057
vn 0.4057 0.5809 0.7057
vn -0.4056 0.5808 0.7058
vn -0.4066 0.5803 0.7057
vn 0.4931 0.5108 0.7042
vn -0.4061 0.5805 0.7058
vn -0.4065 0.5803 0.7057
vn 0.2997 0.6419 0.7058
vn -0.3001 0.6418 0.7057
vn 0.3001 0.6417 0.7058
vn -0.2997 0.6420 0.7057
vn 0.4062 0.5804 0.7058
vn 0.2993 0.6421 0.7057
vn 0.1830 0.6845 0.7057
vn -0.1829 0.6844 0.7058
vn -0.1834 0.6843 0.7057
vn 0.2995 0.6421 0.7057
vn -0.1835 0.6843 0.7057
vn -0.0619 0.7058 0.7058
vn 0.0617 0.7057 0.7058
vn 0.0619 0.7058 0.7058
vn -0.0620 0.7057 0.7058
vn 0.0617 -0.7058 0.7058
vn 0.6423 -0.2989 0.7057
vn -0.6423 -0.2989 0.7057
vn 0.6842 -0.1838 0.7058
vn -0.7057 -0.0620 0.7058
vn 0.7057 0.0620 0.7057
vn -0.6417 0.3000 0.7058
vn 0.5005 0.5014 0.7058
vn -0.5010 0.5020 0.7049
vn -0.5004 0.5014 0.7058
vn 0.5005 0.5015 0.7057
vn 0.5007 0.5012 0.7058
vn 0.4067 0.5800 0.7058
vn 0.4931 0.5107 0.7043
vn -0.4067 0.5800 0.7058
vn -0.4065 0.5802 0.7058
vn 0.2993 0.6422 0.7057
vn -0.0617 0.7058 0.7058
vn -0.1236 -0.7016 0.7017
vn -0.0675 -0.7713 0.6329
vn 0.0000 -0.7121 0.7021
vn 0.1234 -0.7017 0.7017
vn 0.1700 -0.6351 0.7535
vn -0.1240 -0.7012 0.7021
vn 0.2433 -0.6694 0.7019
vn 0.2438 -0.6697 0.7015
vn -0.2326 -0.6399 0.7324
vn 0.5222 -0.6224 0.5830
vn -0.3559 -0.6179 0.7011
vn -0.3562 -0.6167 0.7020
vn -0.4380 -0.5221 0.7318
vn -0.3704 -0.6404 0.6728
vn 0.3196 -0.5526 0.7698
vn -0.5456 -0.4578 0.7019
vn -0.5457 -0.4587 0.7013
vn 0.4582 -0.5460 0.7014
vn 0.4652 -0.4652 0.7531
vn 0.5664 -0.4760 0.6728
vn -0.5663 -0.4760 0.6728
vn 0.5959 -0.2777 0.7535
vn -0.6696 -0.2434 0.7017
vn 0.6405 -0.3705 0.6727
vn 0.6399 -0.2326 0.7324
vn -0.7031 -0.4050 0.5845
vn -0.5992 -0.2182 0.7703
vn -0.6691 -0.2436 0.7021
vn 0.7482 -0.2002 0.6325
vn -0.7121 0.0000 0.7021
vn 0.7283 -0.1281 0.6731
vn 0.6810 0.0000 0.7323
vn -0.7161 -0.0628 0.6952
vn -0.6372 0.0000 0.7707
vn 0.6549 0.0575 0.7536
vn -0.6694 0.2437 0.7018
vn 0.7479 0.2003 0.6329
vn 0.5902 0.3399 0.7322
vn -0.5962 0.2778 0.7532
vn 0.7286 0.1291 0.6726
vn 0.5969 0.2782 0.7525
vn -0.5669 0.4758 0.6725
vn 0.6178 0.3560 0.7011
vn 0.5669 0.4758 0.6725
vn 0.3770 0.5391 0.7531
vn -0.3770 0.5391 0.7532
vn 0.4582 0.5462 0.7012
vn -0.3562 0.6166 0.7020
vn 0.4583 0.5460 0.7014
vn 0.2435 0.6698 0.7014
vn -0.3564 0.6161 0.7024
vn 0.3564 0.6161 0.7024
vn -0.1235 0.7012 0.7021
vn 0.1233 0.7012 0.7023
vn 0.1241 0.7016 0.7016
vn -0.1241 0.7016 0.7016
vn 0.2437 0.6694 0.7018
vn -0.0628 0.7161 0.6951
vn -0.0627 0.7159 0.6954
vn 0.0000 -0.6810 0.7323
vn -0.0676 -0.7723 0.6317
vn 0.1187 -0.6711 0.7318
vn 0.2788 -0.7639 0.5820
vn -0.1292 -0.7285 0.6728
vn -0.1706 -0.6351 0.7533
vn 0.1112 -0.6281 0.7701
vn -0.2781 -0.7631 0.5834
vn -0.3187 -0.5531 0.7697
vn 0.2532 -0.6954 0.6725
vn 0.3696 -0.6405 0.6732
vn 0.4373 -0.5223 0.7321
vn -0.4376 -0.5218 0.7323
vn 0.3408 -0.5901 0.7319
vn -0.4437 -0.6345 0.6329
vn -0.5671 -0.4751 0.6728
vn 0.4751 -0.5671 0.6728
vn -0.4573 -0.5463 0.7017
vn 0.5217 -0.4376 0.7323
vn 0.6349 -0.4446 0.6319
vn 0.5960 -0.2775 0.7535
vn -0.5901 -0.3407 0.7319
vn 0.6409 -0.3694 0.6729
vn 0.6402 -0.2333 0.7319
vn -0.5960 -0.2775 0.7535
vn -0.6172 -0.3557 0.7018
vn -0.6711 -0.1187 0.7318
vn -0.6954 -0.2532 0.6726
vn 0.7282 -0.1283 0.6732
vn -0.7403 0.0000 0.6723
vn -0.7713 -0.0675 0.6328
vn -0.6710 0.1186 0.7319
vn 0.7722 -0.0676 0.6318
vn 0.7130 0.0000 0.7012
vn 0.7637 0.2776 0.5828
vn -0.6954 0.2532 0.6726
vn 0.6697 0.2444 0.7012
vn -0.6691 0.2436 0.7021
vn 0.6948 0.1859 0.6948
vn -0.5897 0.3410 0.7321
vn -0.5959 0.2777 0.7535
vn -0.5667 0.4747 0.6734
vn 0.6694 0.2437 0.7018
vn -0.5665 0.4755 0.6731
vn 0.5457 0.4578 0.7019
vn -0.4379 0.5211 0.7326
vn 0.5459 0.4574 0.7020
vn 0.5463 0.4574 0.7017
vn 0.5457 0.4580 0.7018
vn -0.3694 0.6409 0.6729
vn -0.3771 0.5384 0.7536
vn 0.3037 0.6518 0.6950
vn -0.2324 0.6402 0.7322
vn 0.3562 0.6168 0.7019
vn -0.3561 0.6171 0.7017
vn 0.3186 0.5522 0.7704
vn -0.1283 0.7282 0.6732
vn 0.3272 0.7023 0.6322
vn 0.1177 0.6708 0.7322
vn -0.1232 0.7020 0.7014
vn 0.1281 0.7283 0.6731
vn 0.0000 0.6810 0.7323
vn -0.0675 0.7714 0.6328
vn -0.1232 -0.7020 0.7014
vn -0.1235 -0.7017 0.7017
vn 0.1231 -0.7018 0.7017
vn 0.1235 -0.7019 0.7014
vn 0.1235 -0.7020 0.7014
vn -0.3564 -0.6170 0.7016
vn 0.3563 -0.6170 0.7017
vn 0.4126 -0.5891 0.6948
vn -0.4448 -0.6345 0.6321
vn 0.3569 -0.6171 0.7012
vn -0.3569 -0.6171 0.7012
vn 0.3196 -0.5525 0.7698
vn 0.5663 -0.4760 0.6728
vn 0.5898 -0.3397 0.7326
vn -0.5391 -0.3770 0.7532
vn 0.5457 -0.4587 0.7013
vn 0.5384 -0.3765 0.7539
vn -0.5384 -0.3765 0.7539
vn -0.6162 -0.3564 0.7024
vn 0.6944 -0.2528 0.6738
vn -0.7011 -0.1234 0.7023
vn 0.6702 -0.1186 0.7327
vn -0.7017 -0.1241 0.7016
vn -0.7477 -0.2001 0.6331
vn 0.6701 -0.1185 0.7327
vn 0.7148 -0.0454 0.6978
vn 0.6972 0.1233 0.7062
vn -0.7016 0.1241 0.7016
vn 0.7394 0.0000 0.6733
vn 0.7000 0.1281 0.7025
vn -0.7013 0.1235 0.7021
vn 0.6703 0.1186 0.7326
vn -0.6353 0.1700 0.7533
vn -0.7017 0.1236 0.7017
vn -0.6179 0.3559 0.7011
vn -0.6167 0.3562 0.7020
vn 0.7035 0.4052 0.5839
vn 0.5890 0.4123 0.6951
vn 0.5995 0.2182 0.7701
vn -0.5453 0.4583 0.7019
vn -0.6348 0.4446 0.6319
vn 0.5891 0.4125 0.6948
vn -0.4577 0.5467 0.7012
vn -0.4443 0.6338 0.6332
vn 0.4373 0.5223 0.7321
vn -0.3562 0.6168 0.7019
vn 0.3701 0.6398 0.6735
vn -0.3564 0.6162 0.7024
vn 0.1187 0.6710 0.7319
vn -0.1704 0.6345 0.7539
vn 0.1704 0.6345 0.7539
vn -0.1234 0.7011 0.7023
vn -0.0670 0.7720 0.6321
vn 0.1235 0.7017 0.7017
vn -0.0629 -0.7167 0.6945
vn -0.1112 -0.6279 0.7703
vn 0.1417 -0.8011 0.5815
vn 0.1292 -0.7285 0.6727
vn 0.2333 -0.6402 0.7319
vn 0.0628 -0.7168 0.6945
vn -0.1707 -0.6355 0.7530
vn -0.3270 -0.7021 0.6326
vn 0.3693 -0.6409 0.6729
vn 0.4379 -0.5210 0.7326
vn -0.4063 -0.7035 0.5831
vn -0.4124 -0.5892 0.6948
vn 0.3560 -0.6169 0.7019
vn 0.5453 -0.4584 0.7018
vn -0.4379 -0.5210 0.7326
vn 0.5667 -0.4747 0.6735
vn -0.5385 -0.3776 0.7533
vn -0.5660 -0.4750 0.6738
vn 0.5896 -0.3411 0.7321
vn -0.6173 -0.3566 0.7012
vn 0.5460 -0.4582 0.7014
vn 0.6700 -0.2432 0.7014
vn -0.5890 -0.3407 0.7328
vn 0.8005 -0.1416 0.5824
vn -0.7021 -0.1236 0.7013
vn 0.6691 -0.2436 0.7021
vn -0.6953 -0.2523 0.6730
vn 0.5998 -0.2183 0.7698
vn -0.7017 -0.1231 0.7017
vn -0.6553 -0.0575 0.7531
vn 0.7403 0.0000 0.6723
vn -0.7017 0.1230 0.7017
vn 0.7121 0.0000 0.7021
vn -0.7130 0.0000 0.7012
vn 0.6710 0.1185 0.7319
vn -0.7488 0.2004 0.6318
vn 0.6692 0.2433 0.7021
vn -0.6684 0.2440 0.7026
vn -0.6701 0.2432 0.7014
vn 0.6954 0.2532 0.6726
vn 0.5390 0.3773 0.7531
vn -0.5888 0.4128 0.6949
vn -0.4887 0.4102 0.7700
vn 0.7021 0.3279 0.6321
vn -0.5463 0.4574 0.7017
vn -0.5451 0.4575 0.7026
vn 0.4652 0.4652 0.7531
vn 0.5461 0.4575 0.7018
vn -0.3560 0.6169 0.7019
vn 0.4583 0.5453 0.7019
vn -0.3565 0.6174 0.7012
vn -0.3557 0.6172 0.7019
vn 0.3557 0.6172 0.7019
vn 0.3565 0.6174 0.7012
vn -0.2777 0.5958 0.7536
vn 0.1859 0.6948 0.6948
vn -0.1231 0.7017 0.7017
vn -0.1237 0.7021 0.7013
vn 0.0622 0.7170 0.6943
vn -0.1281 0.7283 0.6731
vn 0.1106 0.6280 0.7703
vn 0.1416 -0.8004 0.5825
vn -0.1186 -0.6703 0.7325
vn 0.1415 -0.8002 0.5828
vn 0.0627 -0.7160 0.6953
vn -0.1699 -0.6349 0.7537
vn 0.0627 -0.7159 0.6954
vn -0.2437 -0.6694 0.7018
vn 0.3552 -0.6167 0.7025
vn -0.2529 -0.6946 0.6735
vn 0.4123 -0.5890 0.6950
vn -0.3399 -0.5902 0.7322
vn 0.4125 -0.5891 0.6948
vn -0.5227 -0.6230 0.5819
vn -0.5087 -0.5082 0.6950
vn 0.4448 -0.6345 0.6321
vn -0.5481 -0.5481 0.6319
vn 0.6168 -0.3562 0.7019
vn -0.5901 -0.3408 0.7319
vn 0.5390 -0.3775 0.7530
vn -0.5388 -0.3767 0.7535
vn 0.6177 -0.3560 0.7013
vn 0.6173 -0.3566 0.7012
vn 0.7018 -0.1244 0.7014
vn 0.7017 -0.1241 0.7016
vn -0.7161 -0.0621 0.6952
vn -0.6380 0.0000 0.7701
vn 0.7022 -0.1232 0.7013
vn 0.7714 -0.0676 0.6327
vn 0.6707 0.1177 0.7323
vn -0.7010 0.1240 0.7023
vn -0.7720 0.0670 0.6321
vn 0.7016 0.1243 0.7016
vn 0.7018 0.1241 0.7015
vn -0.6692 0.2433 0.7021
vn 0.6170 0.3563 0.7017
vn -0.7021 0.3279 0.6321
vn 0.6951 0.2531 0.6729
vn -0.6162 0.3564 0.7024
vn -0.5221 0.4380 0.7318
vn 0.5385 0.3771 0.7535
vn -0.5391 0.3769 0.7532
vn 0.6169 0.3560 0.7019
vn -0.4758 0.5669 0.6725
vn 0.4583 0.5453 0.7018
vn -0.4448 0.6346 0.6321
vn 0.5457 0.4587 0.7013
vn 0.4582 0.5460 0.7013
vn 0.3570 0.6172 0.7012
vn 0.3552 0.6167 0.7025
vn -0.3033 0.6516 0.6952
vn -0.2182 0.5995 0.7701
vn 0.2438 0.6697 0.7015
vn 0.2429 0.6693 0.7021
vn 0.0000 0.7121 0.7021
vn -0.0675 0.7713 0.6328
vn 0.0629 0.7159 0.6954
vn 0.0627 0.7161 0.6951
vn -0.1240 -0.7010 0.7023
vn -0.1234 -0.7017 0.7017
vn 0.1241 -0.7016 0.7016
vn 0.1235 -0.7012 0.7021
vn 0.3554 -0.6171 0.7021
vn 0.3566 -0.6174 0.7012
vn -0.4061 -0.7051 0.5813
vn -0.4124 -0.5884 0.6955
vn 0.5462 -0.4582 0.7012
vn -0.5221 -0.4380 0.7318
vn -0.7023 -0.3278 0.6319
vn 0.6949 -0.1861 0.6946
vn 0.7637 -0.2776 0.5828
vn -0.6695 -0.2434 0.7018
vn -0.7713 0.0675 0.6328
vn -0.6399 0.2326 0.7324
vn 0.7283 0.1281 0.6731
vn 0.6399 0.2326 0.7324
vn 0.6405 0.3705 0.6727
vn -0.5462 0.4582 0.7012
vn -0.6344 0.4447 0.6323
vn 0.5221 0.4380 0.7318
vn 0.4758 0.5669 0.6725
vn -0.3570 0.6171 0.7012
vn 0.2778 0.5961 0.7533
vn 0.0000 0.7121 0.7020
vn 0.0628 -0.7162 0.6951
vn 0.0138 -0.6554 0.7552
vn -0.2436 -0.6691 0.7021
vn 0.3963 -0.6882 0.6078
vn -0.2434 -0.6696 0.7017
vn 0.3109 -0.6481 0.6952
vn -0.4578 -0.5457 0.7019
vn -0.5482 -0.5476 0.6322
vn -0.5902 -0.3399 0.7322
vn -0.6946 -0.2529 0.6735
vn 0.6950 -0.1860 0.6946
vn 0.5991 -0.2181 0.7704
vn -0.6703 -0.1186 0.7325
vn -0.6702 0.1185 0.7327
vn -0.7394 0.0000 0.6733
vn 0.6349 0.1699 0.7537
vn -0.5898 0.3397 0.7326
vn -0.6943 0.2528 0.6738
vn 0.5453 0.4583 0.7019
vn 0.5462 0.4582 0.7012
vn -0.4578 0.5457 0.7019
vn -0.5476 0.5476 0.6327
vn 0.3040 0.6524 0.6942
vn -0.2434 0.6696 0.7017
vn 0.3064 0.6388 0.7057
vn -0.2002 0.7482 0.6325
vn 0.0000 0.7291 0.6845
vn 0.0733 0.6472 0.7588
vn 0.2776 -0.7637 0.5828
vn -0.2002 -0.7482 0.6326
vn 0.1861 -0.6949 0.6946
vn 0.4582 -0.5461 0.7014
vn -0.4587 -0.5457 0.7013
vn 0.5480 -0.5481 0.6319
vn -0.6167 -0.3552 0.7025
vn -0.6172 -0.3569 0.7012
vn 0.5962 -0.2778 0.7533
vn 0.6694 -0.2437 0.7018
vn 0.7121 0.0000 0.7020
vn -0.8002 -0.1415 0.5828
vn -0.7159 -0.0627 0.6954
vn -0.6703 0.1186 0.7326
vn -0.6946 0.2526 0.6736
vn 0.6694 0.2434 0.7018
vn 0.5959 0.2777 0.7536
vn -0.5664 0.4761 0.6727
vn 0.5664 0.4761 0.6727
vn -0.4380 0.5221 0.7318
vn 0.4380 0.5221 0.7318
vn 0.2779 0.7646 0.5815
vn -0.2326 0.6400 0.7324
vn -0.3705 0.6405 0.6727
vn 0.3190 0.5523 0.7702
vn 0.1283 0.7284 0.6731
vn -0.1245 -0.7019 0.7013
vn -0.1247 -0.7016 0.7016
vn 0.1242 -0.7017 0.7016
vn -0.1244 -0.7016 0.7016
vn 0.1246 -0.7018 0.7014
vn -0.1247 -0.7018 0.7014
vn 0.3561 -0.6176 0.7013
vn -0.3560 -0.6176 0.7013
vn -0.3561 -0.6175 0.7014
vn -0.3560 -0.6177 0.7013
vn 0.3559 -0.6175 0.7014
vn -0.3560 -0.6175 0.7014
vn 0.4408 -0.6300 0.6393
vn 0.5241 -0.4394 0.7296
vn -0.5455 -0.4585 0.7015
vn -0.5455 -0.4586 0.7015
vn -0.5466 -0.4584 0.7008
vn 0.5461 -0.4579 0.7015
vn 0.5433 -0.3803 0.7485
vn 0.7547 -0.2744 0.5959
vn -0.6702 -0.2443 0.7009
vn -0.6704 -0.2437 0.7008
vn 0.5593 -0.3224 0.7637
vn -0.6407 -0.1716 0.7484
vn 0.7918 -0.1390 0.5947
vn -0.7423 -0.1995 0.6397
vn 0.7255 -0.1279 0.6763
vn 0.6059 -0.2209 0.7642
vn 0.6607 0.0574 0.7485
vn -0.7010 0.1240 0.7022
vn -0.7656 0.0667 0.6399
vn -0.6840 0.0000 0.7295
vn 0.7021 0.1236 0.7012
vn 0.7649 0.0674 0.6406
vn 0.6402 0.1715 0.7488
vn -0.6425 0.2341 0.7297
vn -0.7256 0.1277 0.6762
vn 0.6171 0.3571 0.7012
vn -0.6175 0.3560 0.7014
vn -0.6166 0.3564 0.7020
vn -0.6377 0.3686 0.6763
vn 0.6168 0.3555 0.7022
vn 0.6377 0.3686 0.6764
vn 0.5242 0.4394 0.7295
vn -0.5233 0.4399 0.7298
vn 0.4575 0.5457 0.7021
vn -0.4579 0.5462 0.7015
vn -0.4731 0.5642 0.6766
vn -0.4579 0.5461 0.7015
vn 0.4738 0.5640 0.6763
vn 0.4403 0.6293 0.6404
vn 0.2341 0.6425 0.7297
vn -0.2440 0.6693 0.7017
vn 0.2801 0.6006 0.7489
vn -0.3038 0.6514 0.6953
vn -0.2210 0.6063 0.7639
vn -0.2433 0.6690 0.7023
vn 0.2439 0.6689 0.7022
vn 0.0000 0.7118 0.7024
vn 0.0000 0.7118 0.7023
vn 0.0674 0.7652 0.6403
vn -0.1243 -0.7009 0.7023
vn -0.1237 -0.7017 0.7017
vn 0.0000 -0.7128 0.7014
vn 0.1235 -0.7017 0.7017
vn 0.1715 -0.6402 0.7488
vn 0.2440 -0.6698 0.7013
vn -0.3557 -0.6169 0.7021
vn 0.2431 -0.6694 0.7020
vn -0.2435 -0.6696 0.7017
vn -0.2433 -0.6699 0.7014
vn -0.4403 -0.6294 0.6403
vn 0.4574 -0.5456 0.7022
vn -0.4579 -0.5462 0.7015
vn -0.4579 -0.5460 0.7015
vn 0.4403 -0.6293 0.6404
vn 0.4683 -0.4683 0.7493
vn 0.4584 -0.5457 0.7015
vn -0.5890 -0.4123 0.6951
vn -0.5587 -0.3224 0.7642
vn -0.6178 -0.3556 0.7013
vn 0.6383 -0.3673 0.6765
vn 0.6172 -0.3564 0.7014
vn -0.6960 -0.3245 0.6405
vn 0.6427 -0.2337 0.7296
vn -0.7010 -0.1242 0.7023
vn 0.6175 -0.3563 0.7013
vn 0.7022 -0.1233 0.7012
vn -0.6733 -0.1194 0.7297
vn 0.8033 0.0000 0.5955
vn -0.7878 -0.0448 0.6143
vn -0.7369 0.0000 0.6760
vn 0.7159 -0.0631 0.6954
vn -0.6810 0.1207 0.7223
vn 0.7650 -0.0674 0.6405
vn 0.6689 0.2437 0.7023
vn 0.6730 0.1181 0.7301
vn -0.6733 0.1194 0.7297
vn -0.5929 0.3412 0.7294
vn -0.6831 0.2608 0.6821
vn -0.6919 0.2522 0.6765
vn 0.6690 0.2439 0.7021
vn 0.5456 0.4574 0.7022
vn -0.5707 0.4507 0.6864
vn 0.6919 0.2523 0.6765
vn 0.5429 0.3800 0.7489
vn -0.4493 0.5359 0.7148
vn 0.5457 0.4584 0.7015
vn -0.4398 0.5246 0.7289
vn -0.5646 0.4744 0.6755
vn 0.5432 0.5432 0.6402
vn -0.4129 0.6336 0.6543
vn -0.3688 0.6382 0.6758
vn 0.3425 0.5920 0.7296
vn 0.3567 0.6171 0.7014
vn 0.2802 0.6008 0.7487
vn -0.2337 0.6428 0.7295
vn 0.1388 0.7920 0.5945
vn -0.1861 0.6948 0.6948
vn -0.1121 0.6357 0.7638
vn -0.1279 0.7255 0.6763
vn 0.0000 0.8033 0.5955
vn 0.1119 0.6359 0.7636
vn -0.0061 0.0001 1.0000
vn 0.0015 0.0000 1.0000
vn -0.0002 -0.0000 1.0000
vn 0.0001 -0.0000 1.0000
vn -0.0010 0.0010 1.0000
vn 0.0007 -0.0009 1.0000
vn -0.0027 0.0009 1.0000
vn 0.0012 0.0007 1.0000
vn -0.0008 0.0007 1.0000
vn -0.0017 0.0008 1.0000
vn 0.0008 0.0007 1.0000
vn -0.0012 0.0007 1.0000
vn 0.0003 0.0007 1.0000
vn 0.0008 -0.0006 1.0000
vn -0.0005 -0.0006 1.0000
vn 0.0003 -0.0006 1.0000
vn -0.0017 -0.0005 1.0000
vn 0.0006 -0.0006 1.0000
vn -0.0003 -0.0006 1.0000
vn 0.0005 -0.0006 1.0000
vn -0.0001 -0.0006 1.0000
vn -0.0007 0.0005 1.0000
vn 0.0004 0.0005 1.0000
vn -0.0003 0.0006 1.0000
vn 0.0012 0.0003 1.0000
vn -0.0005 0.0005 1.0000
vn 0.0003 0.0006 1.0000
vn -0.0004 0.0005 1.0000
vn 0.0001 0.0006 1.0000
vn 0.0000 -0.0007 1.0000
vn 0.0000 0.0001 1.0000
vn 0.0000 0.0007 1.0000
vn -0.0002 0.0001 1.0000
vn 0.0000 0.0008 1.0000
vn -0.0001 0.0001 1.0000
vn 0.0007 0.0002 1.0000
vn 0.0009 0.0001 1.0000
vn 0.0007 0.0003 1.0000
vn 0.0005 0.0004 1.0000
vn 0.0007 -0.0002 1.0000
vn -0.0007 -0.0002 1.0000
vn 0.0006 -0.0003 1.0000
vn -0.0008 -0.0001 1.0000
vn -0.0006 -0.0003 1.0000
vn -0.0005 -0.0004 1.0000
vn 0.0022 0.0000 1.0000
vn -0.0003 -0.0000 1.0000
vn 0.0009 0.0004 1.0000
vn 0.0000 0.0004 1.0000
vn -0.0000 -0.0001 1.0000
vn -0.0001 -0.0000 1.0000
vn 0.0001 -0.0001 1.0000
vn -0.0001 -0.0001 1.0000
usemtl Chassismat
s off
f 1//1 2//1 3//1
f 4//2 1//2 3//2
f 2//1 5//1 3//1
f 2//3 6//3 5//3
f 7//4 8//4 4//4
f 9//2 1//2 4//2
f 8//5 9//5 4//5
f 10//6 11//6 12//6
f 13//7 10//7 12//7
f 6//7 13//7 12//7
f 14//5 7//5 15//5
f 16//8 17//8 18//8
f 11//9 16//9 18//9
f 19//10 20//10 21//10
f 22//1 23//1 24//1
f 25//10 22//10 24//10
f 26//10 27//10 24//10
f 27//10 28//10 24//10
f 28//10 25//10 24//10
f 29//11 30//11 23//11
f 31//12 32//12 23//12
f 32//13 29//13 23//13
f 30//12 33//12 23//12
f 33//14 34//14 23//14
f 34//15 35//15 23//15
f 22//1 31//1 23//1
f 36//1 37//1 38//1
f 39//16 40//16 37//16
f 40//16 41//16 37//16
f 41//16 42//16 37//16
f 36//1 39//1 37//1
f 43//10 44//10 26//10
f 44//10 45//10 26//10
f 45//10 27//10 26//10
f 46//17 47//17 42//17
f 41//18 46//18 42//18
f 48//10 49//10 43//10
f 49//19 44//19 43//19
f 50//10 51//10 43//10
f 51//20 48//20 43//20
f 46//21 52//21 47//21
f 52//22 53//22 47//22
f 53//23 54//23 47//23
f 54//24 55//24 47//24
f 55//16 56//16 47//16
f 56//16 57//16 47//16
f 57//16 58//16 47//16
f 59//10 60//10 50//10
f 61//10 59//10 50//10
f 62//10 51//10 50//10
f 60//10 63//10 50//10
f 63//10 64//10 50//10
f 64//10 62//10 50//10
f 57//16 65//16 58//16
f 65//16 66//16 58//16
f 66//25 67//25 58//25
f 67//26 68//26 58//26
f 68//16 69//16 58//16
f 70//10 59//10 61//10
f 71//10 70//10 61//10
f 68//16 72//16 69//16
f 72//16 73//16 69//16
f 20//10 19//10 71//10
f 19//10 70//10 71//10
f 72//16 74//16 73//16
f 72//16 75//16 74//16
f 76//27 19//27 21//27
f 77//28 78//28 75//28
f 79//28 77//28 75//28
f 80//16 81//16 75//16
f 81//16 82//16 75//16
f 82//16 79//16 75//16
f 72//16 80//16 75//16
f 83//29 84//29 76//29
f 84//30 85//30 76//30
f 85//27 19//27 76//27
f 86//31 87//31 78//31
f 77//32 86//32 78//32
f 88//33 89//33 90//33
f 89//33 91//33 90//33
f 91//34 83//34 90//34
f 92//35 93//35 94//35
f 95//36 92//36 94//36
f 87//36 95//36 94//36
f 96//37 97//37 98//37
f 97//38 88//38 98//38
f 99//39 100//39 101//39
f 102//35 99//35 101//35
f 93//40 102//40 101//40
f 103//41 104//41 105//41
f 104//42 96//42 105//42
f 106//43 107//43 108//43
f 109//43 106//43 108//43
f 100//44 109//44 108//44
f 110//45 111//45 103//45
f 111//41 104//41 103//41
f 112//46 113//46 107//46
f 106//46 112//46 107//46
f 114//47 115//47 116//47
f 115//16 117//16 116//16
f 118//47 119//47 120//47
f 121//48 122//48 110//48
f 122//45 111//45 110//45
f 123//49 124//49 113//49
f 112//49 123//49 113//49
f 125//50 126//50 121//50
f 126//51 127//51 121//51
f 127//48 122//48 121//48
f 128//52 129//52 124//52
f 123//52 128//52 124//52
f 130//53 131//53 132//53
f 133//54 130//54 132//54
f 134//55 135//55 129//55
f 136//53 133//53 117//53
f 137//56 136//56 117//56
f 138//57 139//57 140//57
f 135//58 138//58 140//58
f 141//59 142//59 143//59
f 142//60 144//60 143//60
f 145//61 146//61 143//61
f 144//62 145//62 143//62
f 147//59 148//59 149//59
f 150//63 151//63 149//63
f 151//64 152//64 149//64
f 152//65 147//65 149//65
f 5//66 153//66 3//66
f 153//66 4//66 3//66
f 6//66 153//66 5//66
f 12//66 153//66 6//66
f 2//3 13//3 6//3
f 153//66 154//66 4//66
f 154//66 7//66 4//66
f 17//66 153//66 12//66
f 11//66 17//66 12//66
f 155//66 15//66 7//66
f 154//66 155//66 7//66
f 14//67 8//67 7//67
f 18//66 17//66 11//66
f 10//6 16//6 11//6
f 156//68 14//68 15//68
f 155//69 156//69 15//69
f 143//66 153//66 17//66
f 16//70 157//70 17//70
f 157//71 143//71 17//71
f 154//66 158//66 155//66
f 158//72 159//72 155//72
f 159//73 160//73 155//73
f 160//73 161//73 155//73
f 161//74 162//74 155//74
f 162//75 156//75 155//75
f 146//66 163//66 143//66
f 163//66 153//66 143//66
f 157//76 141//76 143//76
f 164//66 165//66 146//66
f 166//66 167//66 146//66
f 167//66 168//66 146//66
f 168//66 164//66 146//66
f 165//66 169//66 146//66
f 169//66 170//66 146//66
f 170//66 171//66 146//66
f 171//66 172//66 146//66
f 172//66 163//66 146//66
f 145//62 173//62 146//62
f 173//77 174//77 146//77
f 174//59 166//59 146//59
f 175//66 176//66 158//66
f 177//66 175//66 158//66
f 176//66 178//66 158//66
f 178//66 179//66 158//66
f 179//66 180//66 158//66
f 181//66 182//66 158//66
f 182//66 183//66 158//66
f 183//66 177//66 158//66
f 154//66 184//66 158//66
f 184//66 181//66 158//66
f 185//78 186//78 158//78
f 186//79 159//79 158//79
f 180//80 185//80 158//80
f 187//66 188//66 180//66
f 179//66 189//66 180//66
f 189//66 187//66 180//66
f 188//66 190//66 180//66
f 190//66 191//66 180//66
f 191//66 192//66 180//66
f 192//66 193//66 180//66
f 193//66 194//66 180//66
f 194//66 195//66 180//66
f 196//81 197//81 180//81
f 197//82 185//82 180//82
f 195//80 198//80 180//80
f 198//83 196//83 180//83
f 199//66 200//66 166//66
f 200//66 201//66 166//66
f 201//66 167//66 166//66
f 202//66 203//66 166//66
f 203//66 204//66 166//66
f 204//66 199//66 166//66
f 205//66 202//66 166//66
f 206//66 205//66 166//66
f 174//84 206//84 166//84
f 194//66 207//66 195//66
f 207//66 208//66 195//66
f 208//85 198//85 195//85
f 209//66 210//66 206//66
f 211//66 209//66 206//66
f 210//66 212//66 206//66
f 212//66 213//66 206//66
f 214//66 205//66 206//66
f 213//66 214//66 206//66
f 174//59 215//59 206//59
f 215//86 211//86 206//86
f 216//66 217//66 208//66
f 217//66 218//66 208//66
f 219//66 220//66 208//66
f 220//66 216//66 208//66
f 207//66 219//66 208//66
f 218//87 221//87 208//87
f 221//88 198//88 208//88
f 222//66 223//66 218//66
f 223//66 224//66 218//66
f 224//66 225//66 218//66
f 225//66 226//66 218//66
f 226//66 227//66 218//66
f 227//66 228//66 218//66
f 229//66 230//66 218//66
f 230//66 231//66 218//66
f 231//66 222//66 218//66
f 217//66 232//66 218//66
f 232//66 233//66 218//66
f 233//66 234//66 218//66
f 234//66 229//66 218//66
f 228//88 221//88 218//88
f 235//66 209//66 211//66
f 236//66 237//66 211//66
f 237//66 235//66 211//66
f 238//66 236//66 211//66
f 239//66 238//66 211//66
f 240//66 239//66 211//66
f 215//61 240//61 211//61
f 241//66 242//66 240//66
f 242//66 243//66 240//66
f 243//66 244//66 240//66
f 244//66 245//66 240//66
f 245//66 246//66 240//66
f 246//66 247//66 240//66
f 247//66 239//66 240//66
f 248//89 241//89 240//89
f 215//90 248//90 240//90
f 249//66 250//66 241//66
f 250//66 251//66 241//66
f 251//66 242//66 241//66
f 252//66 253//66 241//66
f 253//66 249//66 241//66
f 254//91 255//91 241//91
f 255//89 252//89 241//89
f 248//92 254//92 241//92
f 227//66 256//66 228//66
f 256//66 257//66 228//66
f 257//66 258//66 228//66
f 258//66 259//66 228//66
f 259//66 260//66 228//66
f 261//66 262//66 228//66
f 260//66 263//66 228//66
f 263//66 264//66 228//66
f 264//66 261//66 228//66
f 265//93 221//93 228//93
f 262//94 266//94 228//94
f 266//93 265//93 228//93
f 267//66 268//66 252//66
f 268//66 269//66 252//66
f 269//66 270//66 252//66
f 270//66 253//66 252//66
f 271//66 267//66 252//66
f 272//66 271//66 252//66
f 273//95 274//95 252//95
f 275//59 272//59 252//59
f 274//64 276//64 252//64
f 276//59 275//59 252//59
f 255//59 273//59 252//59
f 216//96 277//96 217//96
f 209//97 278//97 210//97
f 277//98 232//98 217//98
f 279//96 277//96 216//96
f 278//47 280//47 210//47
f 280//99 212//99 210//99
f 277//98 281//98 232//98
f 280//99 282//99 212//99
f 235//100 283//100 209//100
f 283//101 278//101 209//101
f 281//102 233//102 232//102
f 220//103 284//103 216//103
f 284//104 279//104 216//104
f 285//105 283//105 235//105
f 281//102 286//102 233//102
f 287//106 284//106 220//106
f 282//107 213//107 212//107
f 288//108 256//108 227//108
f 289//109 288//109 227//109
f 226//109 289//109 227//109
f 290//108 189//108 179//108
f 291//109 290//109 179//109
f 178//109 291//109 179//109
f 292//108 164//108 168//108
f 293//109 292//109 168//109
f 167//109 293//109 168//109
f 251//109 294//109 242//109
f 294//109 295//109 242//109
f 295//108 243//108 242//108
f 296//110 257//110 256//110
f 288//108 296//108 256//108
f 297//111 289//111 226//111
f 225//111 297//111 226//111
f 298//110 187//110 189//110
f 290//108 298//108 189//108
f 299//111 291//111 178//111
f 176//111 299//111 178//111
f 300//112 165//112 164//112
f 292//108 300//108 164//108
f 301//113 293//113 167//113
f 201//113 301//113 167//113
f 295//108 302//108 243//108
f 302//112 244//112 243//112
f 250//113 303//113 251//113
f 303//113 294//113 251//113
f 219//114 287//114 220//114
f 282//107 304//107 213//107
f 237//114 285//114 235//114
f 305//115 258//115 257//115
f 296//110 305//110 257//110
f 306//116 297//116 225//116
f 224//116 306//116 225//116
f 307//115 188//115 187//115
f 298//110 307//110 187//110
f 308//116 299//116 176//116
f 175//116 308//116 176//116
f 309//117 169//117 165//117
f 300//112 309//112 165//112
f 310//118 301//118 201//118
f 200//118 310//118 201//118
f 302//112 311//112 244//112
f 311//117 245//117 244//117
f 249//118 312//118 250//118
f 312//118 303//118 250//118
f 286//119 234//119 233//119
f 313//120 287//120 219//120
f 314//66 214//66 213//66
f 304//121 314//121 213//121
f 315//122 285//122 237//122
f 316//123 259//123 258//123
f 305//115 316//115 258//115
f 317//124 306//124 224//124
f 223//124 317//124 224//124
f 318//123 190//123 188//123
f 307//115 318//115 188//115
f 319//124 308//124 175//124
f 177//124 319//124 175//124
f 320//123 170//123 169//123
f 309//117 320//117 169//117
f 321//124 310//124 200//124
f 199//124 321//124 200//124
f 311//117 322//117 245//117
f 322//123 246//123 245//123
f 253//124 312//124 249//124
f 286//119 323//119 234//119
f 304//121 324//121 314//121
f 236//125 315//125 237//125
f 325//124 312//124 253//124
f 326//126 260//126 259//126
f 316//123 326//123 259//123
f 327//127 317//127 223//127
f 222//127 327//127 223//127
f 328//126 191//126 190//126
f 318//123 328//123 190//123
f 329//128 319//128 177//128
f 183//128 329//128 177//128
f 330//126 171//126 170//126
f 320//123 330//123 170//123
f 331//128 321//128 199//128
f 204//128 331//128 199//128
f 322//123 332//123 246//123
f 332//107 247//107 246//107
f 270//128 333//128 253//128
f 333//128 325//128 253//128
f 334//66 229//66 234//66
f 323//16 334//16 234//16
f 207//66 335//66 219//66
f 335//129 336//129 219//129
f 336//130 313//130 219//130
f 337//66 214//66 314//66
f 324//16 337//16 314//16
f 338//131 315//131 236//131
f 339//132 263//132 260//132
f 326//126 339//126 260//126
f 340//133 327//133 222//133
f 231//134 340//134 222//134
f 341//132 192//132 191//132
f 328//126 341//126 191//126
f 342//135 329//135 183//135
f 182//135 342//135 183//135
f 343//132 172//132 171//132
f 330//126 343//126 171//126
f 344//135 331//135 204//135
f 203//135 344//135 204//135
f 332//107 345//107 247//107
f 345//136 239//136 247//136
f 269//135 346//135 270//135
f 346//135 333//135 270//135
f 207//66 347//66 335//66
f 347//137 336//137 335//137
f 324//16 348//16 337//16
f 238//66 349//66 236//66
f 349//138 338//138 236//138
f 261//66 350//66 262//66
f 350//74 351//74 262//74
f 352//139 266//139 262//139
f 351//94 352//94 262//94
f 353//66 271//66 272//66
f 354//66 353//66 272//66
f 275//140 355//140 272//140
f 355//141 354//141 272//141
f 323//142 356//142 334//142
f 357//66 264//66 263//66
f 358//143 357//143 263//143
f 339//132 358//132 263//132
f 359//144 340//144 231//144
f 230//144 359//144 231//144
f 360//66 193//66 192//66
f 361//143 360//143 192//143
f 341//132 361//132 192//132
f 362//144 342//144 182//144
f 181//144 362//144 182//144
f 363//66 163//66 172//66
f 364//143 363//143 172//143
f 343//132 364//132 172//132
f 365//144 344//144 203//144
f 202//144 365//144 203//144
f 345//145 366//145 239//145
f 268//146 367//146 269//146
f 367//144 346//144 269//144
f 368//66 238//66 239//66
f 366//119 369//119 239//119
f 369//147 368//147 239//147
f 370//66 229//66 334//66
f 356//148 370//148 334//148
f 371//149 336//149 347//149
f 372//66 214//66 337//66
f 348//150 372//150 337//150
f 238//66 373//66 349//66
f 373//151 374//151 349//151
f 374//149 338//149 349//149
f 356//152 375//152 370//152
f 207//66 376//66 347//66
f 376//151 371//151 347//151
f 377//66 214//66 372//66
f 348//153 378//153 372//153
f 378//154 377//154 372//154
f 379//66 264//66 357//66
f 380//155 379//155 357//155
f 358//156 380//156 357//156
f 229//66 381//66 230//66
f 382//157 359//157 230//157
f 381//157 382//157 230//157
f 383//66 193//66 360//66
f 384//158 383//158 360//158
f 361//143 384//143 360//143
f 184//66 385//66 181//66
f 386//157 362//157 181//157
f 385//159 386//159 181//159
f 387//66 163//66 363//66
f 388//155 387//155 363//155
f 364//143 388//143 363//143
f 205//66 389//66 202//66
f 390//159 365//159 202//159
f 389//157 390//157 202//157
f 391//66 238//66 368//66
f 369//155 391//155 368//155
f 267//157 392//157 268//157
f 392//157 367//157 268//157
f 393//66 229//66 370//66
f 375//160 393//160 370//160
f 238//66 394//66 373//66
f 394//161 374//161 373//161
f 207//66 395//66 376//66
f 395//162 396//162 376//162
f 396//162 371//162 376//162
f 397//163 374//163 394//163
f 398//66 229//66 393//66
f 375//164 399//164 393//164
f 399//165 398//165 393//165
f 400//66 214//66 377//66
f 378//166 401//166 377//166
f 401//167 400//167 377//167
f 402//66 264//66 379//66
f 403//168 402//168 379//168
f 380//155 403//155 379//155
f 229//66 404//66 381//66
f 405//169 382//169 381//169
f 404//170 405//170 381//170
f 406//66 193//66 383//66
f 407//171 406//171 383//171
f 384//155 407//155 383//155
f 184//66 408//66 385//66
f 409//170 386//170 385//170
f 408//169 409//169 385//169
f 410//66 163//66 387//66
f 411//168 410//168 387//168
f 388//158 411//158 387//158
f 205//66 412//66 389//66
f 413//169 390//169 389//169
f 412//169 413//169 389//169
f 414//66 238//66 391//66
f 369//155 415//155 391//155
f 415//171 414//171 391//171
f 271//66 416//66 267//66
f 416//169 417//169 267//169
f 417//170 392//170 267//170
f 401//172 418//172 400//172
f 238//66 419//66 394//66
f 419//173 397//173 394//173
f 207//66 229//66 398//66
f 207//66 398//66 395//66
f 398//174 420//174 395//174
f 420//175 396//175 395//175
f 419//66 214//66 400//66
f 418//1 419//1 400//1
f 418//176 397//176 419//176
f 399//177 420//177 398//177
f 238//66 214//66 419//66
f 421//66 264//66 402//66
f 422//178 421//178 402//178
f 403//171 422//171 402//171
f 229//66 423//66 404//66
f 424//179 405//179 404//179
f 423//180 424//180 404//180
f 425//66 193//66 406//66
f 426//181 425//181 406//181
f 407//171 426//171 406//171
f 184//66 427//66 408//66
f 428//179 409//179 408//179
f 427//179 428//179 408//179
f 429//66 163//66 410//66
f 430//181 429//181 410//181
f 411//171 430//171 410//171
f 205//66 431//66 412//66
f 432//179 413//179 412//179
f 431//179 432//179 412//179
f 433//66 238//66 414//66
f 415//168 434//168 414//168
f 434//181 433//181 414//181
f 271//66 435//66 416//66
f 435//179 436//179 416//179
f 436//180 417//180 416//180
f 437//66 264//66 421//66
f 438//182 437//182 421//182
f 422//181 438//181 421//181
f 229//66 439//66 423//66
f 440//183 424//183 423//183
f 439//184 440//184 423//184
f 441//66 193//66 425//66
f 442//182 441//182 425//182
f 426//181 442//181 425//181
f 184//66 443//66 427//66
f 444//183 428//183 427//183
f 443//183 444//183 427//183
f 445//66 163//66 429//66
f 446//185 445//185 429//185
f 430//181 446//181 429//181
f 205//66 447//66 431//66
f 448//183 432//183 431//183
f 447//183 448//183 431//183
f 449//66 238//66 433//66
f 434//178 450//178 433//178
f 450//185 449//185 433//185
f 271//66 451//66 435//66
f 451//183 452//183 435//183
f 452//183 436//183 435//183
f 438//186 453//186 437//186
f 442//187 454//187 441//187
f 455//66 163//66 445//66
f 456//188 455//188 445//188
f 446//185 456//185 445//185
f 205//66 457//66 447//66
f 457//189 448//189 447//189
f 450//185 458//185 449//185
f 261//66 459//66 350//66
f 459//66 460//66 350//66
f 460//66 461//66 350//66
f 461//94 351//94 350//94
f 264//66 462//66 261//66
f 462//66 459//66 261//66
f 437//66 462//66 264//66
f 453//188 463//188 437//188
f 464//189 440//189 439//189
f 465//66 439//66 229//66
f 207//66 466//66 229//66
f 466//66 467//66 229//66
f 467//66 465//66 229//66
f 194//66 468//66 207//66
f 468//66 466//66 207//66
f 193//66 469//66 194//66
f 469//66 468//66 194//66
f 441//66 469//66 193//66
f 454//188 470//188 441//188
f 184//66 471//66 443//66
f 472//189 444//189 443//189
f 471//189 472//189 443//189
f 473//66 471//66 184//66
f 154//66 474//66 184//66
f 474//66 475//66 184//66
f 475//66 473//66 184//66
f 153//66 476//66 154//66
f 476//66 474//66 154//66
f 163//66 477//66 153//66
f 477//66 476//66 153//66
f 455//66 477//66 163//66
f 456//188 478//188 455//188
f 479//189 448//189 457//189
f 480//66 457//66 205//66
f 214//66 481//66 205//66
f 481//66 482//66 205//66
f 482//66 480//66 205//66
f 238//66 483//66 214//66
f 483//66 481//66 214//66
f 449//66 484//66 238//66
f 484//66 483//66 238//66
f 458//190 484//190 449//190
f 271//66 485//66 451//66
f 485//189 486//189 451//189
f 486//189 452//189 451//189
f 353//66 487//66 271//66
f 487//66 488//66 271//66
f 488//66 485//66 271//66
f 354//66 487//66 353//66
f 489//66 487//66 354//66
f 490//66 489//66 354//66
f 491//62 492//62 354//62
f 355//62 491//62 354//62
f 492//84 490//84 354//84
f 493//66 483//66 484//66
f 494//66 462//66 437//66
f 463//191 494//191 437//191
f 495//192 464//192 439//192
f 465//193 495//193 439//193
f 496//66 469//66 441//66
f 470//191 496//191 441//191
f 497//194 472//194 471//194
f 473//194 497//194 471//194
f 498//66 477//66 455//66
f 478//195 498//195 455//195
f 499//194 479//194 457//194
f 480//194 499//194 457//194
f 500//66 493//66 484//66
f 501//196 500//196 484//196
f 458//197 501//197 484//197
f 488//66 502//66 485//66
f 502//194 503//194 485//194
f 503//194 486//194 485//194
f 504//66 462//66 494//66
f 505//198 504//198 494//198
f 463//195 505//195 494//195
f 467//66 506//66 465//66
f 507//199 495//199 465//199
f 506//199 507//199 465//199
f 508//66 469//66 496//66
f 509//198 508//198 496//198
f 470//195 509//195 496//195
f 475//66 510//66 473//66
f 511//200 497//200 473//200
f 510//200 511//200 473//200
f 512//66 477//66 498//66
f 513//198 512//198 498//198
f 478//195 513//195 498//195
f 482//66 514//66 480//66
f 515//200 499//200 480//200
f 514//200 515//200 480//200
f 516//66 493//66 500//66
f 517//201 516//201 500//201
f 501//195 517//195 500//195
f 488//66 518//66 502//66
f 519//200 503//200 502//200
f 518//200 519//200 502//200
f 520//66 462//66 504//66
f 521//202 520//202 504//202
f 505//198 521//198 504//198
f 467//66 522//66 506//66
f 523//203 507//203 506//203
f 522//203 523//203 506//203
f 524//66 469//66 508//66
f 525//202 524//202 508//202
f 509//198 525//198 508//198
f 475//66 526//66 510//66
f 527//203 511//203 510//203
f 526//203 527//203 510//203
f 528//66 477//66 512//66
f 529//202 528//202 512//202
f 513//198 529//198 512//198
f 482//66 530//66 514//66
f 531//203 515//203 514//203
f 530//203 531//203 514//203
f 532//66 493//66 516//66
f 533//202 532//202 516//202
f 517//201 533//201 516//201
f 534//66 535//66 518//66
f 488//66 534//66 518//66
f 536//203 519//203 518//203
f 535//203 536//203 518//203
f 537//66 462//66 520//66
f 538//204 537//204 520//204
f 521//202 538//202 520//202
f 467//66 539//66 522//66
f 540//205 523//205 522//205
f 539//206 540//206 522//206
f 541//66 469//66 524//66
f 542//204 541//204 524//204
f 525//202 542//202 524//202
f 475//66 543//66 526//66
f 544//205 527//205 526//205
f 543//205 544//205 526//205
f 545//66 477//66 528//66
f 546//207 545//207 528//207
f 529//202 546//202 528//202
f 482//66 547//66 530//66
f 548//208 531//208 530//208
f 547//208 548//208 530//208
f 549//66 493//66 532//66
f 550//207 549//207 532//207
f 533//202 550//202 532//202
f 534//66 551//66 535//66
f 552//208 536//208 535//208
f 551//208 552//208 535//208
f 553//66 462//66 537//66
f 554//209 553//209 537//209
f 538//204 554//204 537//204
f 467//66 555//66 539//66
f 556//210 540//210 539//210
f 555//210 556//210 539//210
f 557//66 469//66 541//66
f 558//209 557//209 541//209
f 542//204 558//204 541//204
f 475//66 559//66 543//66
f 560//210 544//210 543//210
f 559//210 560//210 543//210
f 561//66 477//66 545//66
f 562//211 561//211 545//211
f 546//207 562//207 545//207
f 482//66 563//66 547//66
f 564//212 548//212 547//212
f 563//212 564//212 547//212
f 565//66 493//66 549//66
f 566//211 565//211 549//211
f 550//213 566//213 549//213
f 534//66 567//66 551//66
f 568//212 552//212 551//212
f 567//212 568//212 551//212
f 569//66 462//66 553//66
f 570//214 569//214 553//214
f 554//209 570//209 553//209
f 467//66 569//66 555//66
f 571//215 556//215 555//215
f 569//215 571//215 555//215
f 475//66 469//66 557//66
f 572//66 475//66 557//66
f 573//214 572//214 557//214
f 558//209 573//209 557//209
f 475//66 572//66 559//66
f 574//215 560//215 559//215
f 572//215 574//215 559//215
f 482//66 477//66 561//66
f 575//66 482//66 561//66
f 576//214 575//214 561//214
f 562//211 576//211 561//211
f 482//66 575//66 563//66
f 577//215 564//215 563//215
f 575//215 577//215 563//215
f 534//66 493//66 565//66
f 578//66 534//66 565//66
f 579//214 578//214 565//214
f 566//211 579//211 565//211
f 534//66 578//66 567//66
f 580//215 568//215 567//215
f 578//215 580//215 567//215
f 467//66 462//66 569//66
f 570//214 571//214 569//214
f 573//214 574//214 572//214
f 576//214 577//214 575//214
f 579//214 580//214 578//214
f 150//66 489//66 490//66
f 581//59 582//59 490//59
f 582//59 150//59 490//59
f 492//216 581//216 490//216
f 460//66 583//66 461//66
f 583//66 584//66 461//66
f 584//85 585//85 461//85
f 585//217 586//217 461//217
f 586//218 587//218 461//218
f 587//219 351//219 461//219
f 588//66 489//66 150//66
f 149//66 588//66 150//66
f 582//95 151//95 150//95
f 589//220 590//220 584//220
f 590//221 591//221 584//221
f 591//222 592//222 584//222
f 593//223 594//223 584//223
f 594//224 589//224 584//224
f 595//224 593//224 584//224
f 583//12 595//12 584//12
f 592//225 596//225 584//225
f 596//226 585//226 584//226
f 148//227 597//227 149//227
f 597//228 598//228 149//228
f 598//229 599//229 149//229
f 599//230 600//230 149//230
f 600//227 601//227 149//227
f 601//66 588//66 149//66
f 602//12 603//12 583//12
f 603//231 595//231 583//231
f 604//66 602//66 583//66
f 460//66 604//66 583//66
f 605//232 606//232 601//232
f 600//233 605//233 601//233
f 607//66 588//66 601//66
f 606//66 607//66 601//66
f 608//12 609//12 602//12
f 609//234 603//234 602//234
f 604//66 608//66 602//66
f 460//66 610//66 604//66
f 610//66 611//66 604//66
f 611//66 608//66 604//66
f 459//66 612//66 460//66
f 612//66 610//66 460//66
f 613//66 614//66 459//66
f 462//66 615//66 459//66
f 615//66 613//66 459//66
f 614//66 616//66 459//66
f 616//66 612//66 459//66
f 467//66 617//66 462//66
f 617//66 618//66 462//66
f 619//66 620//66 462//66
f 620//66 615//66 462//66
f 618//66 621//66 462//66
f 621//66 622//66 462//66
f 622//66 619//66 462//66
f 466//66 623//66 467//66
f 623//66 617//66 467//66
f 468//66 624//66 466//66
f 624//66 623//66 466//66
f 469//66 625//66 468//66
f 625//66 624//66 468//66
f 475//66 626//66 469//66
f 626//66 625//66 469//66
f 474//66 627//66 475//66
f 627//66 626//66 475//66
f 476//66 628//66 474//66
f 628//66 627//66 474//66
f 477//66 629//66 476//66
f 629//66 628//66 476//66
f 482//66 630//66 477//66
f 630//66 629//66 477//66
f 481//66 631//66 482//66
f 631//66 630//66 482//66
f 483//66 632//66 481//66
f 632//66 631//66 481//66
f 493//66 633//66 483//66
f 633//66 632//66 483//66
f 534//66 634//66 493//66
f 634//66 633//66 493//66
f 488//66 635//66 534//66
f 635//66 636//66 534//66
f 636//66 637//66 534//66
f 637//66 638//66 534//66
f 638//66 634//66 534//66
f 487//66 639//66 488//66
f 639//66 640//66 488//66
f 641//66 635//66 488//66
f 640//66 642//66 488//66
f 642//66 643//66 488//66
f 643//66 641//66 488//66
f 489//66 644//66 487//66
f 644//66 639//66 487//66
f 588//66 645//66 489//66
f 645//66 644//66 489//66
f 607//66 646//66 588//66
f 646//66 645//66 588//66
f 606//66 647//66 607//66
f 647//66 646//66 607//66
f 605//227 647//227 606//227
f 648//12 649//12 608//12
f 649//235 609//235 608//235
f 611//66 650//66 608//66
f 650//66 648//66 608//66
f 620//47 651//47 615//47
f 652//236 636//236 635//236
f 651//47 653//47 615//47
f 619//237 651//237 620//237
f 652//238 654//238 636//238
f 641//239 655//239 635//239
f 655//240 652//240 635//240
f 653//241 656//241 615//241
f 656//242 613//242 615//242
f 657//237 651//237 619//237
f 654//243 637//243 636//243
f 622//244 658//244 619//244
f 658//244 657//244 619//244
f 656//245 659//245 613//245
f 659//246 614//246 613//246
f 654//247 660//247 637//247
f 643//248 661//248 641//248
f 661//248 655//248 641//248
f 660//249 638//249 637//249
f 659//250 616//250 614//250
f 621//251 662//251 622//251
f 662//252 658//252 622//252
f 660//249 663//249 638//249
f 642//253 664//253 643//253
f 664//254 661//254 643//254
f 659//255 665//255 616//255
f 666//256 662//256 621//256
f 667//66 634//66 638//66
f 663//257 668//257 638//257
f 668//258 667//258 638//258
f 640//66 669//66 642//66
f 669//259 664//259 642//259
f 670//260 664//260 669//260
f 671//66 612//66 616//66
f 665//16 672//16 616//16
f 672//16 671//16 616//16
f 618//66 673//66 621//66
f 673//261 674//261 621//261
f 674//262 666//262 621//262
f 640//66 675//66 669//66
f 675//263 670//263 669//263
f 618//66 676//66 673//66
f 676//264 674//264 673//264
f 677//66 634//66 667//66
f 668//265 678//265 667//265
f 678//266 677//266 667//266
f 679//66 612//66 671//66
f 672//267 680//267 671//267
f 680//268 679//268 671//268
f 681//269 674//269 676//269
f 678//270 682//270 677//270
f 640//66 683//66 675//66
f 683//271 684//271 675//271
f 684//272 670//272 675//272
f 618//66 685//66 676//66
f 685//273 686//273 676//273
f 686//274 681//274 676//274
f 687//66 634//66 677//66
f 682//275 687//275 677//275
f 640//66 688//66 683//66
f 688//161 684//161 683//161
f 689//66 612//66 679//66
f 680//276 690//276 679//276
f 690//277 689//277 679//277
f 682//278 691//278 687//278
f 692//279 684//279 688//279
f 693//66 612//66 689//66
f 690//280 693//280 689//280
f 618//66 694//66 685//66
f 694//281 695//281 685//281
f 695//281 686//281 685//281
f 640//66 696//66 688//66
f 696//282 692//282 688//282
f 690//207 697//207 693//207
f 698//66 634//66 687//66
f 691//283 699//283 687//283
f 699//284 698//284 687//284
f 700//285 692//285 696//285
f 618//66 693//66 694//66
f 693//1 695//1 694//1
f 699//286 700//286 698//286
f 640//66 698//66 696//66
f 698//287 700//287 696//287
f 618//66 612//66 693//66
f 697//1 695//1 693//1
f 640//66 634//66 698//66
f 701//288 649//288 648//288
f 650//66 702//66 648//66
f 702//66 701//66 648//66
f 611//66 703//66 650//66
f 703//66 702//66 650//66
f 610//66 704//66 611//66
f 704//66 703//66 611//66
f 612//66 705//66 610//66
f 705//66 704//66 610//66
f 618//66 706//66 612//66
f 706//66 705//66 612//66
f 617//66 707//66 618//66
f 707//66 706//66 618//66
f 623//66 708//66 617//66
f 708//66 707//66 617//66
f 624//66 709//66 623//66
f 709//66 708//66 623//66
f 625//66 710//66 624//66
f 710//66 711//66 624//66
f 711//66 712//66 624//66
f 712//66 713//66 624//66
f 713//66 714//66 624//66
f 714//66 715//66 624//66
f 715//66 709//66 624//66
f 716//66 717//66 625//66
f 717//66 710//66 625//66
f 718//66 719//66 625//66
f 720//66 718//66 625//66
f 626//66 720//66 625//66
f 719//66 721//66 625//66
f 721//66 722//66 625//66
f 722//66 716//66 625//66
f 723//66 720//66 626//66
f 627//66 723//66 626//66
f 724//66 723//66 627//66
f 628//66 724//66 627//66
f 725//66 724//66 628//66
f 629//66 725//66 628//66
f 726//66 725//66 629//66
f 630//66 726//66 629//66
f 631//66 727//66 630//66
f 728//66 729//66 630//66
f 727//66 730//66 630//66
f 730//66 731//66 630//66
f 731//66 728//66 630//66
f 729//66 726//66 630//66
f 632//66 732//66 631//66
f 732//66 733//66 631//66
f 734//66 727//66 631//66
f 735//66 736//66 631//66
f 733//66 737//66 631//66
f 737//66 735//66 631//66
f 736//66 738//66 631//66
f 738//66 734//66 631//66
f 633//66 739//66 632//66
f 739//66 732//66 632//66
f 634//66 740//66 633//66
f 740//66 739//66 633//66
f 640//66 741//66 634//66
f 741//66 740//66 634//66
f 639//66 742//66 640//66
f 742//66 741//66 640//66
f 644//66 743//66 639//66
f 743//66 742//66 639//66
f 645//66 744//66 644//66
f 744//66 743//66 644//66
f 646//66 745//66 645//66
f 745//66 744//66 645//66
f 647//66 746//66 646//66
f 746//66 745//66 646//66
f 605//289 747//289 647//289
f 747//289 746//289 647//289
f 717//290 748//290 710//290
f 748//290 749//290 710//290
f 734//291 750//291 727//291
f 750//292 751//292 727//292
f 749//293 752//293 710//293
f 752//294 711//294 710//294
f 751//295 753//295 727//295
f 753//296 730//296 727//296
f 716//297 754//297 717//297
f 754//297 748//297 717//297
f 755//297 750//297 734//297
f 752//298 712//298 711//298
f 753//299 756//299 730//299
f 756//300 731//300 730//300
f 738//297 755//297 734//297
f 752//301 757//301 712//301
f 722//106 754//106 716//106
f 736//106 755//106 738//106
f 757//302 713//302 712//302
f 758//303 754//303 722//303
f 756//304 728//304 731//304
f 759//303 755//303 736//303
f 757//302 760//302 713//302
f 756//305 761//305 728//305
f 760//306 714//306 713//306
f 721//307 758//307 722//307
f 761//306 729//306 728//306
f 735//308 762//308 736//308
f 762//309 759//309 736//309
f 763//310 758//310 721//310
f 761//306 764//306 729//306
f 760//311 765//311 714//311
f 765//312 715//312 714//312
f 719//261 766//261 721//261
f 766//313 763//313 721//313
f 737//314 762//314 735//314
f 765//315 767//315 715//315
f 768//66 726//66 729//66
f 764//315 768//315 729//315
f 769//316 762//316 737//316
f 718//66 770//66 719//66
f 770//317 771//317 719//317
f 771//318 766//318 719//318
f 772//66 726//66 768//66
f 764//315 773//315 768//315
f 773//152 772//152 768//152
f 774//66 709//66 715//66
f 767//319 774//319 715//319
f 718//66 775//66 770//66
f 775//320 771//320 770//320
f 773//321 776//321 772//321
f 733//66 777//66 737//66
f 777//322 778//322 737//322
f 778//323 769//323 737//323
f 767//319 779//319 774//319
f 780//324 771//324 775//324
f 781//66 726//66 772//66
f 776//325 781//325 772//325
f 782//326 778//326 777//326
f 783//66 709//66 774//66
f 779//327 784//327 774//327
f 784//328 783//328 774//328
f 718//66 785//66 775//66
f 785//329 780//329 775//329
f 776//325 786//325 781//325
f 733//66 787//66 777//66
f 787//329 782//329 777//329
f 788//330 780//330 785//330
f 789//66 726//66 781//66
f 786//331 789//331 781//331
f 784//177 788//177 783//177
f 718//66 783//66 785//66
f 783//287 788//287 785//287
f 733//66 726//66 789//66
f 787//66 733//66 789//66
f 786//332 790//332 789//332
f 790//287 787//287 789//287
f 790//333 782//333 787//333
f 718//66 709//66 783//66
f 35//12 34//12 701//12
f 34//12 649//12 701//12
f 791//66 792//66 701//66
f 793//66 791//66 701//66
f 702//66 794//66 701//66
f 794//66 795//66 701//66
f 795//66 793//66 701//66
f 792//66 796//66 701//66
f 796//66 797//66 701//66
f 797//66 35//66 701//66
f 798//66 799//66 702//66
f 799//66 800//66 702//66
f 800//66 801//66 702//66
f 801//66 802//66 702//66
f 802//66 794//66 702//66
f 703//66 798//66 702//66
f 803//66 798//66 703//66
f 804//66 805//66 703//66
f 805//66 806//66 703//66
f 806//66 803//66 703//66
f 704//66 807//66 703//66
f 807//66 808//66 703//66
f 808//66 804//66 703//66
f 809//66 810//66 704//66
f 810//66 811//66 704//66
f 811//66 812//66 704//66
f 812//66 813//66 704//66
f 813//66 814//66 704//66
f 814//66 815//66 704//66
f 815//66 816//66 704//66
f 816//66 817//66 704//66
f 705//66 818//66 704//66
f 818//66 819//66 704//66
f 819//66 809//66 704//66
f 817//66 820//66 704//66
f 820//66 807//66 704//66
f 706//66 821//66 705//66
f 821//66 822//66 705//66
f 823//66 824//66 705//66
f 824//66 825//66 705//66
f 825//66 826//66 705//66
f 826//66 827//66 705//66
f 827//66 818//66 705//66
f 822//66 828//66 705//66
f 828//66 829//66 705//66
f 829//66 823//66 705//66
f 707//66 830//66 706//66
f 830//66 821//66 706//66
f 708//66 831//66 707//66
f 831//66 830//66 707//66
f 709//66 832//66 708//66
f 832//66 831//66 708//66
f 718//66 833//66 709//66
f 833//66 832//66 709//66
f 720//66 834//66 718//66
f 834//66 833//66 718//66
f 723//66 835//66 720//66
f 835//66 834//66 720//66
f 724//66 836//66 723//66
f 836//66 835//66 723//66
f 725//66 837//66 724//66
f 837//66 836//66 724//66
f 726//66 838//66 725//66
f 838//66 837//66 725//66
f 733//66 839//66 726//66
f 839//66 838//66 726//66
f 732//66 840//66 733//66
f 840//66 839//66 733//66
f 739//66 841//66 732//66
f 841//66 840//66 732//66
f 740//66 842//66 739//66
f 842//66 841//66 739//66
f 741//66 843//66 740//66
f 843//66 842//66 740//66
f 742//66 844//66 741//66
f 844//66 843//66 741//66
f 743//66 845//66 742//66
f 845//66 846//66 742//66
f 846//66 847//66 742//66
f 847//66 848//66 742//66
f 848//66 849//66 742//66
f 849//66 850//66 742//66
f 850//66 851//66 742//66
f 851//66 844//66 742//66
f 852//66 845//66 743//66
f 744//66 853//66 743//66
f 853//66 854//66 743//66
f 854//66 852//66 743//66
f 855//66 856//66 744//66
f 857//66 855//66 744//66
f 856//66 858//66 744//66
f 858//66 859//66 744//66
f 859//66 860//66 744//66
f 860//66 861//66 744//66
f 861//66 853//66 744//66
f 745//66 862//66 744//66
f 862//66 863//66 744//66
f 863//66 857//66 744//66
f 746//66 864//66 745//66
f 864//66 865//66 745//66
f 865//66 866//66 745//66
f 866//66 867//66 745//66
f 867//66 868//66 745//66
f 868//66 869//66 745//66
f 869//66 870//66 745//66
f 870//66 871//66 745//66
f 871//66 872//66 745//66
f 872//66 862//66 745//66
f 873//227 874//227 746//227
f 747//334 873//334 746//334
f 875//66 876//66 746//66
f 877//66 878//66 746//66
f 878//66 879//66 746//66
f 879//66 875//66 746//66
f 876//66 880//66 746//66
f 880//66 864//66 746//66
f 881//66 877//66 746//66
f 874//66 881//66 746//66
f 882//335 795//335 794//335
f 883//336 882//336 794//336
f 802//336 883//336 794//336
f 880//336 884//336 864//336
f 884//336 885//336 864//336
f 885//335 865//335 864//335
f 886//98 793//98 795//98
f 882//335 886//335 795//335
f 887//337 883//337 802//337
f 801//337 887//337 802//337
f 885//335 888//335 865//335
f 888//338 866//338 865//338
f 876//339 889//339 880//339
f 889//339 884//339 880//339
f 890//340 791//340 793//340
f 886//98 890//98 793//98
f 891//341 887//341 801//341
f 800//341 891//341 801//341
f 888//338 892//338 866//338
f 892//340 867//340 866//340
f 875//341 893//341 876//341
f 893//341 889//341 876//341
f 894//342 792//342 791//342
f 890//340 894//340 791//340
f 895//343 891//343 800//343
f 799//343 895//343 800//343
f 892//340 896//340 867//340
f 896//342 868//342 867//342
f 879//343 897//343 875//343
f 897//343 893//343 875//343
f 898//107 796//107 792//107
f 894//342 898//342 792//342
f 798//127 895//127 799//127
f 896//342 899//342 868//342
f 899//344 869//344 868//344
f 878//127 900//127 879//127
f 900//127 897//127 879//127
f 819//345 901//345 809//345
f 901//345 902//345 809//345
f 902//346 810//346 809//346
f 903//347 845//347 852//347
f 904//345 903//345 852//345
f 854//345 904//345 852//345
f 902//346 905//346 810//346
f 905//112 811//112 810//112
f 818//111 906//111 819//111
f 906//111 901//111 819//111
f 903//348 907//348 845//348
f 908//111 904//111 854//111
f 853//111 908//111 854//111
f 907//112 909//112 845//112
f 905//112 910//112 811//112
f 910//349 812//349 811//349
f 827//350 911//350 818//350
f 911//350 906//350 818//350
f 909//351 846//351 845//351
f 912//350 908//350 853//350
f 861//350 912//350 853//350
f 913//352 895//352 798//352
f 914//353 797//353 796//353
f 898//107 914//107 796//107
f 915//354 913//354 798//354
f 803//355 915//355 798//355
f 899//356 916//356 869//356
f 916//357 870//357 869//357
f 877//358 917//358 878//358
f 917//358 900//358 878//358
f 910//349 918//349 812//349
f 918//301 813//301 812//301
f 826//359 919//359 827//359
f 919//359 911//359 827//359
f 920//301 847//301 846//301
f 909//349 920//349 846//349
f 921//359 912//359 861//359
f 860//359 921//359 861//359
f 918//301 922//301 813//301
f 922//107 814//107 813//107
f 825//127 923//127 826//127
f 923//127 919//127 826//127
f 924//107 848//107 847//107
f 920//301 924//301 847//301
f 925//127 921//127 860//127
f 859//127 925//127 860//127
f 926//66 35//66 797//66
f 927//360 926//360 797//360
f 914//353 927//353 797//353
f 928//361 915//361 803//361
f 806//361 928//361 803//361
f 916//357 929//357 870//357
f 929//360 871//360 870//360
f 881//361 930//361 877//361
f 930//361 917//361 877//361
f 922//107 931//107 814//107
f 931//362 815//362 814//362
f 824//363 932//363 825//363
f 932//363 923//363 825//363
f 933//362 849//362 848//362
f 924//107 933//107 848//107
f 934//363 925//363 859//363
f 858//363 934//363 859//363
f 935//66 35//66 926//66
f 936//364 935//364 926//364
f 927//360 936//360 926//360
f 937//365 928//365 806//365
f 805//308 937//308 806//308
f 929//360 938//360 871//360
f 938//366 872//366 871//366
f 874//66 939//66 881//66
f 939//365 940//365 881//365
f 940//308 930//308 881//308
f 931//362 941//362 815//362
f 941//367 816//367 815//367
f 823//368 942//368 824//368
f 942//368 932//368 824//368
f 943//369 850//369 849//369
f 933//362 943//362 849//362
f 944//370 934//370 858//370
f 856//371 944//371 858//371
f 941//372 945//372 816//372
f 945//366 817//366 816//366
f 829//159 946//159 823//159
f 946//159 942//159 823//159
f 947//158 851//158 850//158
f 943//369 947//369 850//369
f 948//373 944//373 856//373
f 855//374 948//374 856//374
f 949//66 35//66 935//66
f 950//168 949//168 935//168
f 936//375 950//375 935//375
f 951//170 937//170 805//170
f 804//170 951//170 805//170
f 952//66 862//66 872//66
f 938//366 953//366 872//366
f 953//376 952//376 872//376
f 874//66 954//66 939//66
f 954//377 955//377 939//377
f 955//170 940//170 939//170
f 945//378 956//378 817//378
f 956//379 820//379 817//379
f 828//380 957//380 829//380
f 957//380 946//380 829//380
f 958//66 844//66 851//66
f 959//379 958//379 851//379
f 947//158 959//158 851//158
f 960//380 948//380 855//380
f 857//380 960//380 855//380
f 961//66 35//66 949//66
f 962//178 961//178 949//178
f 950//381 962//381 949//381
f 808//66 963//66 804//66
f 964//382 951//382 804//382
f 963//382 964//382 804//382
f 965//66 862//66 952//66
f 953//376 966//376 952//376
f 966//383 965//383 952//383
f 874//66 967//66 954//66
f 967//382 968//382 954//382
f 968//180 955//180 954//180
f 969//66 807//66 820//66
f 956//379 970//379 820//379
f 970//384 969//384 820//384
f 822//66 971//66 828//66
f 971//385 972//385 828//385
f 972//385 957//385 828//385
f 973//66 844//66 958//66
f 974//384 973//384 958//384
f 959//379 974//379 958//379
f 863//66 975//66 857//66
f 976//385 960//385 857//385
f 975//385 976//385 857//385
f 977//66 35//66 961//66
f 978//386 977//386 961//386
f 962//387 978//387 961//387
f 808//66 979//66 963//66
f 980//388 964//388 963//388
f 979//389 980//389 963//389
f 981//66 862//66 965//66
f 966//383 982//383 965//383
f 982//390 981//390 965//390
f 874//66 983//66 967//66
f 983//388 984//388 967//388
f 984//389 968//389 967//389
f 985//66 807//66 969//66
f 970//384 986//384 969//384
f 986//391 985//391 969//391
f 822//66 987//66 971//66
f 987//392 988//392 971//392
f 988//392 972//392 971//392
f 989//66 844//66 973//66
f 990//393 989//393 973//393
f 974//384 990//384 973//384
f 863//66 991//66 975//66
f 992//394 976//394 975//394
f 991//394 992//394 975//394
f 993//66 807//66 985//66
f 986//391 994//391 985//391
f 994//395 993//395 985//395
f 822//66 995//66 987//66
f 995//396 996//396 987//396
f 996//396 988//396 987//396
f 997//66 844//66 989//66
f 998//397 997//397 989//397
f 990//393 998//393 989//393
f 863//66 999//66 991//66
f 1000//398 992//398 991//398
f 999//399 1000//399 991//399
f 1001//66 35//66 977//66
f 1002//188 1001//188 977//188
f 978//400 1002//400 977//400
f 808//66 1003//66 979//66
f 1004//189 980//189 979//189
f 1003//189 1004//189 979//189
f 1005//66 862//66 981//66
f 982//390 1006//390 981//390
f 1006//188 1005//188 981//188
f 874//66 1007//66 983//66
f 1007//189 1008//189 983//189
f 1008//189 984//189 983//189
f 1009//66 807//66 993//66
f 994//401 1010//401 993//401
f 1010//402 1009//402 993//402
f 822//66 1011//66 995//66
f 1011//403 1012//403 995//403
f 1012//403 996//403 995//403
f 1013//66 844//66 997//66
f 1014//402 1013//402 997//402
f 998//397 1014//397 997//397
f 863//66 1015//66 999//66
f 1016//403 1000//403 999//403
f 1015//403 1016//403 999//403
f 1017//66 35//66 1001//66
f 1018//404 1017//404 1001//404
f 1002//188 1018//188 1001//188
f 808//66 1019//66 1003//66
f 1020//405 1004//405 1003//405
f 1019//406 1020//406 1003//406
f 1021//66 862//66 1005//66
f 1006//188 1022//188 1005//188
f 1022//407 1021//407 1005//407
f 874//66 1023//66 1007//66
f 1023//408 1024//408 1007//408
f 1024//408 1008//408 1007//408
f 1025//66 807//66 1009//66
f 1010//402 1026//402 1009//402
f 1026//201 1025//201 1009//201
f 822//66 1027//66 1011//66
f 1027//199 1028//199 1011//199
f 1028//199 1012//199 1011//199
f 1029//66 844//66 1013//66
f 1030//201 1029//201 1013//201
f 1014//402 1030//402 1013//402
f 863//66 1031//66 1015//66
f 1032//199 1016//199 1015//199
f 1031//199 1032//199 1015//199
f 1033//66 35//66 1017//66
f 1034//201 1033//201 1017//201
f 1018//404 1034//404 1017//404
f 1035//66 862//66 1021//66
f 1022//407 1036//407 1021//407
f 1036//409 1035//409 1021//409
f 874//66 1037//66 1023//66
f 1037//199 1038//199 1023//199
f 1038//199 1024//199 1023//199
f 1039//66 807//66 1025//66
f 1026//201 1040//201 1025//201
f 1040//410 1039//410 1025//410
f 822//66 1041//66 1027//66
f 1041//411 1042//411 1027//411
f 1042//411 1028//411 1027//411
f 1043//66 844//66 1029//66
f 1044//66 1043//66 1029//66
f 1045//410 1044//410 1029//410
f 1030//201 1045//201 1029//201
f 863//66 1046//66 1031//66
f 1047//411 1032//411 1031//411
f 1046//411 1047//411 1031//411
f 1048//66 1049//66 1019//66
f 808//66 1048//66 1019//66
f 1050//412 1020//412 1019//412
f 1049//199 1050//199 1019//199
f 1051//66 807//66 1039//66
f 1040//410 1052//410 1039//410
f 1052//413 1051//413 1039//413
f 822//66 1053//66 1041//66
f 1053//414 1054//414 1041//414
f 1054//414 1042//414 1041//414
f 1055//66 1043//66 1044//66
f 1056//413 1055//413 1044//413
f 1045//410 1056//410 1044//410
f 863//66 1057//66 1046//66
f 1058//414 1047//414 1046//414
f 1057//414 1058//414 1046//414
f 1059//66 35//66 1033//66
f 1060//415 1059//415 1033//415
f 1034//201 1060//201 1033//201
f 1048//66 1061//66 1049//66
f 1062//416 1050//416 1049//416
f 1061//416 1062//416 1049//416
f 1063//66 862//66 1035//66
f 1036//417 1064//417 1035//417
f 1064//415 1063//415 1035//415
f 874//66 1065//66 1037//66
f 1065//416 1066//416 1037//416
f 1066//416 1038//416 1037//416
f 1067//66 807//66 1051//66
f 1052//413 1068//413 1051//413
f 1068//418 1067//418 1051//418
f 822//66 1069//66 1053//66
f 1069//419 1070//419 1053//419
f 1070//419 1054//419 1053//419
f 1071//66 1043//66 1055//66
f 1072//418 1071//418 1055//418
f 1056//413 1072//413 1055//413
f 863//66 1073//66 1057//66
f 1074//419 1058//419 1057//419
f 1073//419 1074//419 1057//419
f 1072//418 1075//418 1071//418
f 1076//66 807//66 1067//66
f 1068//418 1077//418 1067//418
f 1077//420 1076//420 1067//420
f 807//66 1076//66 1069//66
f 822//66 807//66 1069//66
f 1076//421 1078//421 1069//421
f 1078//421 1070//421 1069//421
f 1079//66 1043//66 1071//66
f 1075//420 1079//420 1071//420
f 1043//66 1079//66 1073//66
f 863//66 1043//66 1073//66
f 1080//421 1074//421 1073//421
f 1079//421 1080//421 1073//421
f 1077//420 1078//420 1076//420
f 1075//420 1080//420 1079//420
f 1081//66 35//66 1059//66
f 1082//422 1081//422 1059//422
f 1060//415 1082//415 1059//415
f 1048//66 1083//66 1061//66
f 1084//423 1062//423 1061//423
f 1083//423 1084//423 1061//423
f 1085//66 862//66 1063//66
f 1064//415 1086//415 1063//415
f 1086//422 1085//422 1063//422
f 874//66 1087//66 1065//66
f 1087//423 1088//423 1065//423
f 1088//423 1066//423 1065//423
f 1089//66 35//66 1081//66
f 1090//424 1089//424 1081//424
f 1082//422 1090//422 1081//422
f 1048//66 1091//66 1083//66
f 1092//212 1084//212 1083//212
f 1091//212 1092//212 1083//212
f 1093//66 862//66 1085//66
f 1086//422 1094//422 1085//422
f 1094//209 1093//209 1085//209
f 874//66 1095//66 1087//66
f 1095//425 1096//425 1087//425
f 1096//425 1088//425 1087//425
f 1048//66 35//66 1089//66
f 1097//66 1048//66 1089//66
f 1098//426 1097//426 1089//426
f 1090//424 1098//424 1089//424
f 1048//66 1097//66 1091//66
f 1099//427 1092//427 1091//427
f 1097//427 1099//427 1091//427
f 1100//66 862//66 1093//66
f 1094//209 1101//209 1093//209
f 1101//428 1100//428 1093//428
f 874//66 1100//66 1095//66
f 1100//429 1102//429 1095//429
f 1102//429 1096//429 1095//429
f 1098//426 1099//426 1097//426
f 874//66 862//66 1100//66
f 1101//428 1102//428 1100//428
f 1048//66 23//66 35//66
f 808//66 1103//66 1048//66
f 1103//66 1104//66 1048//66
f 1104//66 23//66 1048//66
f 807//66 1105//66 808//66
f 1105//66 1103//66 808//66
f 822//66 1106//66 807//66
f 1106//66 1105//66 807//66
f 821//66 1107//66 822//66
f 1107//66 1106//66 822//66
f 1108//66 1109//66 821//66
f 830//66 1110//66 821//66
f 1110//66 1111//66 821//66
f 1111//66 1112//66 821//66
f 1112//66 1113//66 821//66
f 1113//66 1114//66 821//66
f 1114//66 1115//66 821//66
f 1115//66 1116//66 821//66
f 1116//66 1117//66 821//66
f 1117//66 1108//66 821//66
f 1109//66 1118//66 821//66
f 1118//66 1107//66 821//66
f 831//66 1119//66 830//66
f 1119//66 1120//66 830//66
f 1121//66 1122//66 830//66
f 1122//66 1110//66 830//66
f 1123//66 1124//66 830//66
f 1120//66 1125//66 830//66
f 1125//66 1126//66 830//66
f 1126//66 1123//66 830//66
f 1124//66 1127//66 830//66
f 1127//66 1128//66 830//66
f 1128//66 1129//66 830//66
f 1129//66 1130//66 830//66
f 1130//66 1131//66 830//66
f 1131//66 1121//66 830//66
f 832//66 1132//66 831//66
f 1132//66 1119//66 831//66
f 833//66 1133//66 832//66
f 1133//66 1132//66 832//66
f 834//66 1134//66 833//66
f 1134//66 1135//66 833//66
f 1135//66 1136//66 833//66
f 1136//66 1137//66 833//66
f 1137//66 1138//66 833//66
f 1138//66 1139//66 833//66
f 1139//66 1140//66 833//66
f 1140//66 1141//66 833//66
f 1141//66 1142//66 833//66
f 1142//66 1143//66 833//66
f 1143//66 1144//66 833//66
f 1144//66 1133//66 833//66
f 1145//66 1134//66 834//66
f 1146//66 1147//66 834//66
f 1148//66 1146//66 834//66
f 1147//66 1149//66 834//66
f 1149//66 1150//66 834//66
f 1150//66 1145//66 834//66
f 1151//66 1152//66 834//66
f 1152//66 1153//66 834//66
f 1153//66 1154//66 834//66
f 1154//66 1148//66 834//66
f 1155//66 1151//66 834//66
f 1156//66 1155//66 834//66
f 835//66 1156//66 834//66
f 1157//66 1156//66 835//66
f 836//66 1157//66 835//66
f 1158//66 1157//66 836//66
f 837//66 1158//66 836//66
f 838//66 1159//66 837//66
f 1159//66 1160//66 837//66
f 1160//66 1161//66 837//66
f 1161//66 1162//66 837//66
f 1162//66 1163//66 837//66
f 1163//66 1164//66 837//66
f 1164//66 1165//66 837//66
f 1165//66 1166//66 837//66
f 1166//66 1167//66 837//66
f 1167//66 1168//66 837//66
f 1169//66 1158//66 837//66
f 1168//66 1169//66 837//66
f 1170//66 1159//66 838//66
f 839//66 1171//66 838//66
f 1171//66 1172//66 838//66
f 1173//66 1174//66 838//66
f 1175//66 1173//66 838//66
f 1174//66 1176//66 838//66
f 1176//66 1177//66 838//66
f 1177//66 1170//66 838//66
f 1178//66 1179//66 838//66
f 1179//66 1180//66 838//66
f 1180//66 1175//66 838//66
f 1172//66 1181//66 838//66
f 1181//66 1182//66 838//66
f 1182//66 1178//66 838//66
f 840//66 1183//66 839//66
f 1183//66 1171//66 839//66
f 1184//66 1185//66 840//66
f 841//66 1186//66 840//66
f 1186//66 1187//66 840//66
f 1187//66 1184//66 840//66
f 1185//66 1188//66 840//66
f 1188//66 1183//66 840//66
f 842//66 1189//66 841//66
f 1189//66 1190//66 841//66
f 1190//66 1191//66 841//66
f 1191//66 1192//66 841//66
f 1192//66 1193//66 841//66
f 1193//66 1194//66 841//66
f 1194//66 1186//66 841//66
f 1195//66 1196//66 842//66
f 1196//66 1197//66 842//66
f 1197//66 1198//66 842//66
f 1198//66 1189//66 842//66
f 843//66 1199//66 842//66
f 1199//66 1195//66 842//66
f 1200//66 1201//66 843//66
f 1202//66 1203//66 843//66
f 1203//66 1204//66 843//66
f 1204//66 1200//66 843//66
f 1201//66 1205//66 843//66
f 1205//66 1199//66 843//66
f 1206//66 1202//66 843//66
f 1207//66 1206//66 843//66
f 844//66 1207//66 843//66
f 1208//66 1207//66 844//66
f 1043//66 1208//66 844//66
f 1209//66 1208//66 1043//66
f 863//66 1209//66 1043//66
f 1210//66 1209//66 863//66
f 862//66 1210//66 863//66
f 874//66 1210//66 862//66
f 873//430 1211//430 874//430
f 1212//227 38//227 874//227
f 1211//431 1213//431 874//431
f 1213//432 1212//432 874//432
f 38//66 1210//66 874//66
f 1122//433 1214//433 1110//433
f 1214//433 1215//433 1110//433
f 1215//434 1111//434 1110//434
f 1145//433 1216//433 1134//433
f 1216//433 1217//433 1134//433
f 1217//434 1135//434 1134//434
f 1170//433 1218//433 1159//433
f 1218//433 1219//433 1159//433
f 1219//434 1160//434 1159//434
f 1220//434 1190//434 1189//434
f 1221//433 1220//433 1189//433
f 1198//433 1221//433 1189//433
f 1215//434 1222//434 1111//434
f 1222//110 1112//110 1111//110
f 1121//111 1223//111 1122//111
f 1223//111 1214//111 1122//111
f 1217//434 1224//434 1135//434
f 1224//110 1136//110 1135//110
f 1150//111 1225//111 1145//111
f 1225//111 1216//111 1145//111
f 1219//434 1226//434 1160//434
f 1226//112 1161//112 1160//112
f 1177//113 1227//113 1170//113
f 1227//113 1218//113 1170//113
f 1228//112 1191//112 1190//112
f 1220//434 1228//434 1190//434
f 1229//113 1221//113 1198//113
f 1197//113 1229//113 1198//113
f 1222//110 1230//110 1112//110
f 1230//115 1113//115 1112//115
f 1131//116 1231//116 1121//116
f 1231//435 1223//435 1121//435
f 1224//110 1232//110 1136//110
f 1232//115 1137//115 1136//115
f 1149//116 1233//116 1150//116
f 1233//116 1225//116 1150//116
f 1226//112 1234//112 1161//112
f 1234//117 1162//117 1161//117
f 1176//118 1235//118 1177//118
f 1235//118 1227//118 1177//118
f 1236//436 1192//436 1191//436
f 1228//112 1236//112 1191//112
f 1237//118 1229//118 1197//118
f 1196//118 1237//118 1197//118
f 1230//115 1238//115 1113//115
f 1238//123 1114//123 1113//123
f 1130//124 1239//124 1131//124
f 1239//124 1231//124 1131//124
f 1232//115 1240//115 1137//115
f 1240//123 1138//123 1137//123
f 1147//124 1241//124 1149//124
f 1241//124 1233//124 1149//124
f 1234//117 1242//117 1162//117
f 1242//123 1163//123 1162//123
f 1174//124 1243//124 1176//124
f 1243//124 1235//124 1176//124
f 1244//123 1193//123 1192//123
f 1236//117 1244//117 1192//117
f 1195//124 1237//124 1196//124
f 1245//124 1237//124 1195//124
f 1238//123 1246//123 1114//123
f 1246//126 1115//126 1114//126
f 1129//127 1247//127 1130//127
f 1247//127 1239//127 1130//127
f 1240//123 1248//123 1138//123
f 1248//126 1139//126 1138//126
f 1146//128 1249//128 1147//128
f 1249//128 1241//128 1147//128
f 1242//123 1250//123 1163//123
f 1250//126 1164//126 1163//126
f 1173//128 1251//128 1174//128
f 1251//128 1243//128 1174//128
f 1252//107 1194//107 1193//107
f 1244//123 1252//123 1193//123
f 1253//437 1245//437 1195//437
f 1199//438 1253//438 1195//438
f 1246//126 1254//126 1115//126
f 1254//439 1116//439 1115//439
f 1128//440 1255//440 1129//440
f 1255//440 1247//440 1129//440
f 1248//126 1256//126 1139//126
f 1256//439 1140//439 1139//439
f 1148//441 1257//441 1146//441
f 1257//441 1249//441 1146//441
f 1250//126 1258//126 1164//126
f 1258//439 1165//439 1164//439
f 1175//441 1259//441 1173//441
f 1259//441 1251//441 1173//441
f 1260//136 1186//136 1194//136
f 1252//107 1260//107 1194//107
f 1261//441 1253//441 1199//441
f 1205//441 1261//441 1199//441
f 1254//439 1262//439 1116//439
f 1262//442 1117//442 1116//442
f 1127//443 1263//443 1128//443
f 1263//443 1255//443 1128//443
f 1256//439 1264//439 1140//439
f 1264//442 1141//442 1140//442
f 1154//443 1265//443 1148//443
f 1265//443 1257//443 1148//443
f 1258//439 1266//439 1165//439
f 1266//442 1166//442 1165//442
f 1180//443 1267//443 1175//443
f 1267//443 1259//443 1175//443
f 1260//444 1268//444 1186//444
f 1269//443 1261//443 1205//443
f 1201//443 1269//443 1205//443
f 1268//445 1270//445 1186//445
f 1270//147 1187//147 1186//147
f 1262//442 1271//442 1117//442
f 1271//155 1108//155 1117//155
f 1124//159 1272//159 1127//159
f 1272//157 1263//157 1127//157
f 1264//442 1273//442 1141//442
f 1273//158 1142//158 1141//158
f 1153//159 1274//159 1154//159
f 1274//157 1265//157 1154//157
f 1266//442 1275//442 1166//442
f 1275//155 1167//155 1166//155
f 1179//157 1276//157 1180//157
f 1276//159 1267//159 1180//159
f 1270//155 1184//155 1187//155
f 1277//157 1269//157 1201//157
f 1200//159 1277//159 1201//159
f 1271//158 1278//158 1108//158
f 1278//381 1109//381 1108//381
f 1123//377 1279//377 1124//377
f 1279//170 1272//170 1124//170
f 1273//155 1280//155 1142//155
f 1280//381 1143//381 1142//381
f 1152//377 1281//377 1153//377
f 1281//170 1274//170 1153//170
f 1275//158 1282//158 1167//158
f 1282//168 1168//168 1167//168
f 1178//170 1283//170 1179//170
f 1283//377 1276//377 1179//377
f 1284//168 1185//168 1184//168
f 1270//158 1284//158 1184//158
f 1285//377 1277//377 1200//377
f 1204//170 1285//170 1200//170
f 1278//168 1286//168 1109//168
f 1286//387 1118//387 1109//387
f 1126//382 1287//382 1123//382
f 1287//180 1279//180 1123//180
f 1280//168 1288//168 1143//168
f 1288//387 1144//387 1143//387
f 1151//382 1289//382 1152//382
f 1289//382 1281//382 1152//382
f 1282//381 1290//381 1168//381
f 1290//387 1169//387 1168//387
f 1182//382 1291//382 1178//382
f 1291//382 1283//382 1178//382
f 1292//178 1188//178 1185//178
f 1284//381 1292//381 1185//381
f 1293//382 1285//382 1204//382
f 1203//180 1293//180 1204//180
f 1294//66 1107//66 1118//66
f 1286//178 1295//178 1118//178
f 1295//393 1294//393 1118//393
f 1125//183 1296//183 1126//183
f 1296//392 1287//392 1126//392
f 1297//66 1133//66 1144//66
f 1288//387 1298//387 1144//387
f 1298//185 1297//185 1144//185
f 1155//66 1299//66 1151//66
f 1299//183 1300//183 1151//183
f 1300//392 1289//392 1151//392
f 1301//66 1158//66 1169//66
f 1290//387 1302//387 1169//387
f 1302//393 1301//393 1169//393
f 1181//392 1303//392 1182//392
f 1303//183 1291//183 1182//183
f 1304//66 1183//66 1188//66
f 1305//393 1304//393 1188//393
f 1292//387 1305//387 1188//387
f 1306//392 1293//392 1203//392
f 1202//183 1306//183 1203//183
f 1307//66 1107//66 1294//66
f 1295//185 1308//185 1294//185
f 1308//446 1307//446 1294//446
f 1120//66 1309//66 1125//66
f 1309//447 1310//447 1125//447
f 1310//447 1296//447 1125//447
f 1311//66 1133//66 1297//66
f 1298//393 1312//393 1297//393
f 1312//448 1311//448 1297//448
f 1155//66 1313//66 1299//66
f 1313//449 1314//449 1299//449
f 1314//447 1300//447 1299//447
f 1315//66 1158//66 1301//66
f 1302//185 1316//185 1301//185
f 1316//448 1315//448 1301//448
f 1172//66 1317//66 1181//66
f 1317//447 1318//447 1181//447
f 1318//447 1303//447 1181//447
f 1319//66 1320//66 1304//66
f 1320//66 1183//66 1304//66
f 1305//185 1321//185 1304//185
f 1321//450 1319//450 1304//450
f 1206//66 1322//66 1202//66
f 1323//449 1306//449 1202//449
f 1322//447 1323//447 1202//447
f 1324//66 1107//66 1307//66
f 1308//448 1325//448 1307//448
f 1325//451 1324//451 1307//451
f 1120//66 1326//66 1309//66
f 1326//452 1327//452 1309//452
f 1327//452 1310//452 1309//452
f 1328//66 1133//66 1311//66
f 1312//448 1329//448 1311//448
f 1329//451 1328//451 1311//451
f 1155//66 1330//66 1313//66
f 1330//322 1331//322 1313//322
f 1331//322 1314//322 1313//322
f 1332//66 1158//66 1315//66
f 1316//446 1333//446 1315//446
f 1333//319 1332//319 1315//319
f 1172//66 1334//66 1317//66
f 1334//322 1335//322 1317//322
f 1335//453 1318//453 1317//453
f 1336//66 1320//66 1319//66
f 1337//451 1336//451 1319//451
f 1321//450 1337//450 1319//450
f 1206//66 1338//66 1322//66
f 1339//453 1323//453 1322//453
f 1338//322 1339//322 1322//322
f 1340//66 1107//66 1324//66
f 1325//319 1341//319 1324//319
f 1341//198 1340//198 1324//198
f 1120//66 1342//66 1326//66
f 1342//199 1343//199 1326//199
f 1343//199 1327//199 1326//199
f 1344//66 1133//66 1328//66
f 1329//319 1345//319 1328//319
f 1345//198 1344//198 1328//198
f 1155//66 1346//66 1330//66
f 1346//200 1347//200 1330//200
f 1347//200 1331//200 1330//200
f 1348//66 1158//66 1332//66
f 1333//319 1349//319 1332//319
f 1349//198 1348//198 1332//198
f 1172//66 1350//66 1334//66
f 1350//200 1351//200 1334//200
f 1351//200 1335//200 1334//200
f 1352//66 1320//66 1336//66
f 1353//201 1352//201 1336//201
f 1337//319 1353//319 1336//319
f 1206//66 1354//66 1338//66
f 1355//200 1339//200 1338//200
f 1354//454 1355//454 1338//454
f 1356//66 1107//66 1340//66
f 1341//198 1357//198 1340//198
f 1357//202 1356//202 1340//202
f 1120//66 1358//66 1342//66
f 1358//203 1359//203 1342//203
f 1359//203 1343//203 1342//203
f 1360//66 1133//66 1344//66
f 1345//198 1361//198 1344//198
f 1361//202 1360//202 1344//202
f 1155//66 1362//66 1346//66
f 1362//203 1363//203 1346//203
f 1363//203 1347//203 1346//203
f 1364//66 1158//66 1348//66
f 1349//198 1365//198 1348//198
f 1365//202 1364//202 1348//202
f 1172//66 1366//66 1350//66
f 1366//203 1367//203 1350//203
f 1367//203 1351//203 1350//203
f 1368//66 1320//66 1352//66
f 1369//202 1368//202 1352//202
f 1353//201 1369//201 1352//201
f 1206//66 1370//66 1354//66
f 1370//66 1371//66 1354//66
f 1372//203 1355//203 1354//203
f 1371//203 1372//203 1354//203
f 1373//66 1107//66 1356//66
f 1357//202 1374//202 1356//202
f 1374//204 1373//204 1356//204
f 1120//66 1375//66 1358//66
f 1375//206 1376//206 1358//206
f 1376//205 1359//205 1358//205
f 1377//66 1133//66 1360//66
f 1361//202 1378//202 1360//202
f 1378//204 1377//204 1360//204
f 1155//66 1379//66 1362//66
f 1379//205 1380//205 1362//205
f 1380//205 1363//205 1362//205
f 1381//66 1158//66 1364//66
f 1365//202 1382//202 1364//202
f 1382//207 1381//207 1364//207
f 1172//66 1383//66 1366//66
f 1383//208 1384//208 1366//208
f 1384//208 1367//208 1366//208
f 1385//66 1320//66 1368//66
f 1386//207 1385//207 1368//207
f 1369//202 1386//202 1368//202
f 1370//66 1387//66 1371//66
f 1388//208 1372//208 1371//208
f 1387//208 1388//208 1371//208
f 1389//66 1107//66 1373//66
f 1374//204 1390//204 1373//204
f 1390//209 1389//209 1373//209
f 1120//66 1391//66 1375//66
f 1391//210 1392//210 1375//210
f 1392//210 1376//210 1375//210
f 1393//66 1133//66 1377//66
f 1378//204 1394//204 1377//204
f 1394//209 1393//209 1377//209
f 1155//66 1395//66 1379//66
f 1395//210 1396//210 1379//210
f 1396//210 1380//210 1379//210
f 1397//66 1158//66 1381//66
f 1382//207 1398//207 1381//207
f 1398//211 1397//211 1381//211
f 1172//66 1399//66 1383//66
f 1399//212 1400//212 1383//212
f 1400//212 1384//212 1383//212
f 1401//66 1320//66 1385//66
f 1402//211 1401//211 1385//211
f 1386//213 1402//213 1385//213
f 1370//66 1403//66 1387//66
f 1404//212 1388//212 1387//212
f 1403//212 1404//212 1387//212
f 1405//66 1107//66 1389//66
f 1390//209 1406//209 1389//209
f 1406//455 1405//455 1389//455
f 1120//66 1405//66 1391//66
f 1405//456 1407//456 1391//456
f 1407//456 1392//456 1391//456
f 1155//66 1133//66 1393//66
f 1408//66 1155//66 1393//66
f 1394//209 1409//209 1393//209
f 1409//455 1408//455 1393//455
f 1155//66 1408//66 1395//66
f 1408//456 1410//456 1395//456
f 1410//456 1396//456 1395//456
f 1172//66 1158//66 1397//66
f 1411//66 1172//66 1397//66
f 1398//211 1412//211 1397//211
f 1412//455 1411//455 1397//455
f 1172//66 1411//66 1399//66
f 1411//456 1413//456 1399//456
f 1413//456 1400//456 1399//456
f 1370//66 1320//66 1401//66
f 1414//66 1370//66 1401//66
f 1415//455 1414//455 1401//455
f 1402//211 1415//211 1401//211
f 1370//66 1414//66 1403//66
f 1416//456 1404//456 1403//456
f 1414//456 1416//456 1403//456
f 1120//66 1107//66 1405//66
f 1406//455 1407//455 1405//455
f 1409//455 1410//455 1408//455
f 1412//455 1413//455 1411//455
f 1415//455 1416//455 1414//455
f 1104//66 26//66 24//66
f 23//66 1104//66 24//66
f 1212//457 1417//457 38//457
f 1417//232 1418//232 38//232
f 1418//458 1419//458 38//458
f 1419//227 36//227 38//227
f 37//66 42//66 38//66
f 42//66 1210//66 38//66
f 1104//66 1420//66 26//66
f 1420//66 43//66 26//66
f 1103//66 1421//66 1104//66
f 1421//66 1420//66 1104//66
f 1105//66 1422//66 1103//66
f 1422//66 1421//66 1103//66
f 1106//66 1423//66 1105//66
f 1423//66 1422//66 1105//66
f 1107//66 1424//66 1106//66
f 1424//66 1423//66 1106//66
f 1120//66 1425//66 1107//66
f 1425//66 1424//66 1107//66
f 1119//66 1426//66 1120//66
f 1426//66 1425//66 1120//66
f 1132//66 1427//66 1119//66
f 1427//66 1426//66 1119//66
f 1133//66 1428//66 1132//66
f 1428//66 1427//66 1132//66
f 1155//66 1429//66 1133//66
f 1429//66 1428//66 1133//66
f 1156//66 1430//66 1155//66
f 1430//66 1429//66 1155//66
f 1157//66 1431//66 1156//66
f 1431//66 1430//66 1156//66
f 1158//66 1432//66 1157//66
f 1432//66 1431//66 1157//66
f 1172//66 1433//66 1158//66
f 1433//66 1432//66 1158//66
f 1171//66 1434//66 1172//66
f 1434//66 1433//66 1172//66
f 1183//66 1435//66 1171//66
f 1435//66 1434//66 1171//66
f 1320//66 1436//66 1183//66
f 1436//66 1435//66 1183//66
f 1370//66 1437//66 1320//66
f 1437//66 1436//66 1320//66
f 1206//66 1438//66 1370//66
f 1438//66 1437//66 1370//66
f 1207//66 1439//66 1206//66
f 1439//66 1438//66 1206//66
f 1208//66 1440//66 1207//66
f 1440//66 1439//66 1207//66
f 1441//66 1442//66 1208//66
f 1442//66 1443//66 1208//66
f 1443//459 1444//459 1208//459
f 1209//460 1441//460 1208//460
f 1444//461 1445//461 1208//461
f 1445//459 1440//459 1208//459
f 1446//462 1447//462 1209//462
f 1448//462 1446//462 1209//462
f 1449//66 1448//66 1209//66
f 1210//66 1449//66 1209//66
f 1447//463 1450//463 1209//463
f 1450//66 1451//66 1209//66
f 1451//66 1452//66 1209//66
f 1452//460 1441//460 1209//460
f 1453//459 1454//459 1210//459
f 1455//66 1456//66 1210//66
f 1456//66 1453//66 1210//66
f 42//460 1457//460 1210//460
f 1457//460 1455//460 1210//460
f 1454//459 1449//459 1210//459
f 47//66 1458//66 42//66
f 1458//66 1459//66 42//66
f 1459//66 1460//66 42//66
f 1460//66 1457//66 42//66
f 1452//464 1461//464 1441//464
f 1461//465 1462//465 1441//465
f 1463//466 1464//466 1455//466
f 1462//467 1465//467 1441//467
f 1464//468 1466//468 1455//468
f 1466//469 1456//469 1455//469
f 1457//466 1463//466 1455//466
f 1465//470 1442//470 1441//470
f 1451//471 1461//471 1452//471
f 1465//472 1467//472 1442//472
f 1467//473 1443//473 1442//473
f 1450//474 1468//474 1451//474
f 1468//475 1461//475 1451//475
f 1466//472 1469//472 1456//472
f 1460//476 1470//476 1457//476
f 1470//476 1463//476 1457//476
f 1471//477 1468//477 1450//477
f 1469//478 1453//478 1456//478
f 1459//479 1472//479 1460//479
f 1472//480 1470//480 1460//480
f 1467//481 1473//481 1443//481
f 1473//482 1444//482 1443//482
f 1447//483 1471//483 1450//483
f 1469//484 1474//484 1453//484
f 1475//485 1472//485 1459//485
f 1473//486 1476//486 1444//486
f 1477//487 1471//487 1447//487
f 1474//488 1454//488 1453//488
f 1458//489 1475//489 1459//489
f 1476//490 1445//490 1444//490
f 1446//491 1477//491 1447//491
f 1474//492 1478//492 1454//492
f 1479//493 1477//493 1446//493
f 47//66 1480//66 1458//66
f 1480//494 1481//494 1458//494
f 1481//495 1475//495 1458//495
f 1476//496 1482//496 1445//496
f 1448//66 1483//66 1446//66
f 1483//497 1479//497 1446//497
f 1484//66 1449//66 1454//66
f 1478//498 1484//498 1454//498
f 1485//499 1481//499 1480//499
f 1486//66 1440//66 1445//66
f 1482//500 1486//500 1445//500
f 1487//501 1479//501 1483//501
f 1488//66 1449//66 1484//66
f 1478//502 1489//502 1484//502
f 1489//503 1488//503 1484//503
f 1490//66 1440//66 1486//66
f 1482//504 1491//504 1486//504
f 1491//505 1490//505 1486//505
f 47//66 1492//66 1480//66
f 1492//506 1493//506 1480//506
f 1493//507 1485//507 1480//507
f 1448//66 1494//66 1483//66
f 1494//199 1495//199 1483//199
f 1495//508 1487//508 1483//508
f 1496//66 1449//66 1488//66
f 1489//509 1497//509 1488//509
f 1497//510 1496//510 1488//510
f 47//66 1498//66 1492//66
f 1498//511 1493//511 1492//511
f 1491//512 1499//512 1490//512
f 1500//66 1440//66 1490//66
f 1499//513 1500//513 1490//513
f 1448//66 1501//66 1494//66
f 1501//514 1495//514 1494//514
f 1502//515 1493//515 1498//515
f 1499//516 1503//516 1500//516
f 1504//514 1495//514 1501//514
f 1505//66 1449//66 1496//66
f 1497//517 1506//517 1496//517
f 1506//518 1505//518 1496//518
f 1449//66 1505//66 1498//66
f 47//66 1449//66 1498//66
f 1505//519 1502//519 1498//519
f 1448//66 1440//66 1500//66
f 1448//66 1500//66 1501//66
f 1500//1 1503//1 1501//1
f 1503//1 1504//1 1501//1
f 1506//520 1502//520 1505//520
f 1507//66 1508//66 43//66
f 1508//66 1509//66 43//66
f 1509//66 1510//66 43//66
f 1510//66 50//66 43//66
f 1420//66 1511//66 43//66
f 1511//66 1507//66 43//66
f 1421//66 1512//66 1420//66
f 1512//66 1513//66 1420//66
f 1513//66 1511//66 1420//66
f 1514//66 1515//66 1421//66
f 1515//66 1516//66 1421//66
f 1516//66 1517//66 1421//66
f 1517//66 1518//66 1421//66
f 1518//66 1519//66 1421//66
f 1519//66 1512//66 1421//66
f 1422//66 1520//66 1421//66
f 1520//66 1521//66 1421//66
f 1521//66 1514//66 1421//66
f 1423//66 1522//66 1422//66
f 1522//66 1520//66 1422//66
f 1424//66 1523//66 1423//66
f 1523//66 1522//66 1423//66
f 1425//66 1524//66 1424//66
f 1524//66 1523//66 1424//66
f 1426//66 1525//66 1425//66
f 1525//66 1524//66 1425//66
f 1427//66 1526//66 1426//66
f 1526//66 1525//66 1426//66
f 1428//66 1527//66 1427//66
f 1527//66 1526//66 1427//66
f 1429//66 1528//66 1428//66
f 1528//66 1527//66 1428//66
f 1430//66 1529//66 1429//66
f 1529//66 1528//66 1429//66
f 1431//66 1530//66 1430//66
f 1530//66 1529//66 1430//66
f 1432//66 1531//66 1431//66
f 1531//66 1530//66 1431//66
f 1433//66 1532//66 1432//66
f 1532//66 1531//66 1432//66
f 1434//66 1533//66 1433//66
f 1533//66 1532//66 1433//66
f 1435//66 1534//66 1434//66
f 1534//66 1533//66 1434//66
f 1436//66 1535//66 1435//66
f 1535//66 1534//66 1435//66
f 1536//66 1537//66 1436//66
f 1538//66 1539//66 1436//66
f 1539//66 1540//66 1436//66
f 1537//66 1541//66 1436//66
f 1540//66 1542//66 1436//66
f 1543//66 1536//66 1436//66
f 1544//66 1538//66 1436//66
f 1437//66 1544//66 1436//66
f 1542//66 1545//66 1436//66
f 1545//66 1543//66 1436//66
f 1541//66 1546//66 1436//66
f 1546//66 1535//66 1436//66
f 1547//66 1548//66 1437//66
f 1548//66 1549//66 1437//66
f 1549//66 1550//66 1437//66
f 1550//66 1551//66 1437//66
f 1551//66 1544//66 1437//66
f 1438//66 1552//66 1437//66
f 1552//66 1553//66 1437//66
f 1553//66 1547//66 1437//66
f 1439//66 1554//66 1438//66
f 1554//66 1552//66 1438//66
f 1440//66 1555//66 1439//66
f 1555//66 1554//66 1439//66
f 1448//66 1556//66 1440//66
f 1556//66 1555//66 1440//66
f 1449//66 1557//66 1448//66
f 1557//66 1556//66 1448//66
f 47//66 58//66 1449//66
f 58//66 1557//66 1449//66
f 1558//433 1559//433 1513//433
f 1512//433 1558//433 1513//433
f 1544//96 1560//96 1538//96
f 1559//521 1511//521 1513//521
f 1560//238 1561//238 1538//238
f 1561//522 1539//522 1538//522
f 1562//240 1560//240 1544//240
f 1559//523 1563//523 1511//523
f 1564//297 1558//297 1512//297
f 1519//297 1564//297 1512//297
f 1561//524 1565//524 1539//524
f 1565//525 1540//525 1539//525
f 1551//526 1562//526 1544//526
f 1563//527 1566//527 1511//527
f 1566//528 1507//528 1511//528
f 1567//529 1562//529 1551//529
f 1568//441 1564//441 1519//441
f 1518//530 1568//530 1519//530
f 1565//531 1569//531 1540//531
f 1569//532 1542//532 1540//532
f 1550//533 1567//533 1551//533
f 1570//534 1567//534 1550//534
f 1571//535 1508//535 1507//535
f 1566//536 1571//536 1507//536
f 1517//537 1568//537 1518//537
f 1569//538 1572//538 1542//538
f 1572//539 1545//539 1542//539
f 1573//540 1509//540 1508//540
f 1571//541 1573//541 1508//541
f 1574//542 1568//542 1517//542
f 1549//170 1575//170 1550//170
f 1575//170 1570//170 1550//170
f 1576//543 1574//543 1517//543
f 1516//544 1576//544 1517//544
f 1577//66 1543//66 1545//66
f 1578//66 1577//66 1545//66
f 1573//545 1510//545 1509//545
f 1548//66 1578//66 1545//66
f 1579//66 1548//66 1545//66
f 1572//265 1580//265 1545//265
f 1580//546 1579//546 1545//546
f 1548//66 1581//66 1549//66
f 1581//547 1582//547 1549//547
f 1582//547 1575//547 1549//547
f 1573//548 1583//548 1510//548
f 1515//66 1584//66 1516//66
f 1584//271 1576//271 1516//271
f 1580//549 1585//549 1579//549
f 1586//66 50//66 1510//66
f 1583//550 1586//550 1510//550
f 1587//551 1576//551 1584//551
f 1588//66 1548//66 1579//66
f 1585//552 1588//552 1579//552
f 1548//66 1589//66 1581//66
f 1589//553 1590//553 1581//553
f 1590//553 1582//553 1581//553
f 1591//66 50//66 1586//66
f 1592//66 1591//66 1586//66
f 1583//451 1593//451 1586//451
f 1515//66 1594//66 1584//66
f 1594//554 1587//554 1584//554
f 1595//66 1548//66 1588//66
f 1585//555 1596//555 1588//555
f 1596//556 1595//556 1588//556
f 1548//66 1597//66 1589//66
f 1597//326 1598//326 1589//326
f 1598//326 1590//326 1589//326
f 1599//66 1600//66 1586//66
f 1600//66 1592//66 1586//66
f 1601//66 1599//66 1586//66
f 1593//327 1601//327 1586//327
f 1602//557 1587//557 1594//557
f 1593//327 1603//327 1601//327
f 1515//66 1604//66 1594//66
f 1604//558 1602//558 1594//558
f 1605//66 1548//66 1595//66
f 1596//559 1605//559 1595//559
f 1548//66 1605//66 1597//66
f 1605//560 1606//560 1597//560
f 1606//560 1598//560 1597//560
f 1604//66 1599//66 1601//66
f 1603//561 1604//561 1601//561
f 1596//562 1606//562 1605//562
f 1515//66 1599//66 1604//66
f 1603//563 1602//563 1604//563
f 1599//96 1607//96 1600//96
f 1608//96 1609//96 1543//96
f 1609//238 1536//238 1543//238
f 1610//564 1592//564 1600//564
f 1607//238 1610//238 1600//238
f 1611//565 1607//565 1599//565
f 1609//238 1612//238 1536//238
f 1577//96 1608//96 1543//96
f 1515//566 1611//566 1599//566
f 1612//567 1613//567 1536//567
f 1613//567 1537//567 1536//567
f 1578//103 1614//103 1577//103
f 1614//103 1608//103 1577//103
f 1615//568 1591//568 1592//568
f 1610//569 1615//569 1592//569
f 1616//570 1611//570 1515//570
f 1613//571 1541//571 1537//571
f 1548//572 1614//572 1578//572
f 1617//66 50//66 1591//66
f 1615//573 1617//573 1591//573
f 1618//574 1616//574 1515//574
f 1619//575 1614//575 1548//575
f 1615//576 1620//576 1617//576
f 1514//252 1618//252 1515//252
f 1613//577 1621//577 1541//577
f 1622//66 50//66 1617//66
f 1620//306 1622//306 1617//306
f 1621//578 1546//578 1541//578
f 1547//579 1623//579 1548//579
f 1623//580 1619//580 1548//580
f 1521//66 1624//66 1514//66
f 1625//581 1618//581 1514//581
f 1624//581 1625//581 1514//581
f 1553//66 1626//66 1547//66
f 1626//582 1623//582 1547//582
f 1627//66 50//66 1622//66
f 1628//315 1627//315 1622//315
f 1620//306 1628//306 1622//306
f 1621//492 1629//492 1546//492
f 1630//583 1623//583 1626//583
f 1631//584 1625//584 1624//584
f 1632//66 1535//66 1546//66
f 1629//585 1633//585 1546//585
f 1633//585 1632//585 1546//585
f 1628//315 1634//315 1627//315
f 1521//66 1635//66 1624//66
f 1635//586 1631//586 1624//586
f 1553//66 1636//66 1626//66
f 1636//587 1630//587 1626//587
f 1637//66 50//66 1627//66
f 1638//588 1637//588 1627//588
f 1634//232 1638//232 1627//232
f 1639//589 1631//589 1635//589
f 1640//66 1535//66 1632//66
f 1633//588 1640//588 1632//588
f 1641//590 1630//590 1636//590
f 1642//66 50//66 1637//66
f 1521//66 1643//66 1635//66
f 1643//591 1639//591 1635//591
f 1633//592 1644//592 1640//592
f 1553//66 1645//66 1636//66
f 1645//593 1641//593 1636//593
f 1646//66 1642//66 1637//66
f 1638//594 1646//594 1637//594
f 1647//66 1535//66 1640//66
f 1644//595 1647//595 1640//595
f 1638//596 1648//596 1646//596
f 1521//66 1649//66 1643//66
f 1650//557 1639//557 1643//557
f 1649//597 1650//597 1643//597
f 1651//66 1535//66 1647//66
f 1644//280 1651//280 1647//280
f 1553//66 1652//66 1645//66
f 1652//281 1653//281 1645//281
f 1653//598 1641//598 1645//598
f 1654//66 1642//66 1646//66
f 1648//599 1654//599 1646//599
f 1644//600 1655//600 1651//600
f 1648//601 1656//601 1654//601
f 1642//66 1654//66 1649//66
f 1521//66 1642//66 1649//66
f 1656//1 1650//1 1649//1
f 1654//1 1656//1 1649//1
f 1553//66 1651//66 1652//66
f 1651//1 1653//1 1652//1
f 1553//66 1535//66 1651//66
f 1655//602 1653//602 1651//602
f 1642//66 1657//66 50//66
f 1657//66 61//66 50//66
f 1658//66 1659//66 1642//66
f 1659//66 1660//66 1642//66
f 1521//66 1661//66 1642//66
f 1661//66 1662//66 1642//66
f 1662//66 1658//66 1642//66
f 1660//66 1663//66 1642//66
f 1663//66 1664//66 1642//66
f 1664//66 1665//66 1642//66
f 1665//66 1666//66 1642//66
f 1666//66 1657//66 1642//66
f 1667//66 1668//66 1521//66
f 1668//66 1669//66 1521//66
f 1669//66 1661//66 1521//66
f 1520//66 1670//66 1521//66
f 1670//66 1667//66 1521//66
f 1671//66 1672//66 1520//66
f 1672//66 1673//66 1520//66
f 1673//66 1674//66 1520//66
f 1674//66 1675//66 1520//66
f 1675//66 1676//66 1520//66
f 1676//66 1670//66 1520//66
f 1522//66 1677//66 1520//66
f 1677//66 1678//66 1520//66
f 1678//66 1671//66 1520//66
f 1679//66 1680//66 1522//66
f 1681//66 1679//66 1522//66
f 1680//66 1682//66 1522//66
f 1682//66 1683//66 1522//66
f 1683//66 1684//66 1522//66
f 1685//66 1681//66 1522//66
f 1523//66 1685//66 1522//66
f 1684//66 1686//66 1522//66
f 1686//66 1677//66 1522//66
f 1524//66 1687//66 1523//66
f 1687//66 1688//66 1523//66
f 1688//66 1689//66 1523//66
f 1690//66 1685//66 1523//66
f 1689//66 1691//66 1523//66
f 1691//66 1692//66 1523//66
f 1692//66 1693//66 1523//66
f 1693//66 1694//66 1523//66
f 1694//66 1695//66 1523//66
f 1695//66 1696//66 1523//66
f 1696//66 1697//66 1523//66
f 1697//66 1698//66 1523//66
f 1698//66 1690//66 1523//66
f 1525//66 1699//66 1524//66
f 1699//66 1687//66 1524//66
f 1526//66 1700//66 1525//66
f 1700//66 1699//66 1525//66
f 1527//66 1701//66 1526//66
f 1701//66 1700//66 1526//66
f 1528//66 1702//66 1527//66
f 1702//66 1701//66 1527//66
f 1529//66 1703//66 1528//66
f 1703//66 1702//66 1528//66
f 1530//66 1704//66 1529//66
f 1704//66 1703//66 1529//66
f 1531//66 1705//66 1530//66
f 1705//66 1704//66 1530//66
f 1532//66 1706//66 1531//66
f 1706//66 1705//66 1531//66
f 1533//66 1707//66 1532//66
f 1707//66 1706//66 1532//66
f 1534//66 1708//66 1533//66
f 1708//66 1707//66 1533//66
f 1535//66 1709//66 1534//66
f 1709//66 1708//66 1534//66
f 1553//66 1710//66 1535//66
f 1710//66 1709//66 1535//66
f 1552//66 1711//66 1553//66
f 1711//66 1710//66 1553//66
f 1712//66 1713//66 1552//66
f 1713//66 1714//66 1552//66
f 1714//66 1715//66 1552//66
f 1715//66 1716//66 1552//66
f 1716//66 1717//66 1552//66
f 1717//66 1718//66 1552//66
f 1719//66 1712//66 1552//66
f 1554//66 1719//66 1552//66
f 1718//66 1720//66 1552//66
f 1720//66 1711//66 1552//66
f 1555//66 1721//66 1554//66
f 1721//66 1722//66 1554//66
f 1722//66 1723//66 1554//66
f 1724//66 1719//66 1554//66
f 1723//66 1725//66 1554//66
f 1725//66 1726//66 1554//66
f 1726//66 1727//66 1554//66
f 1727//66 1728//66 1554//66
f 1728//66 1729//66 1554//66
f 1729//66 1730//66 1554//66
f 1730//66 1731//66 1554//66
f 1731//66 1732//66 1554//66
f 1732//66 1724//66 1554//66
f 1556//66 1733//66 1555//66
f 1733//66 1721//66 1555//66
f 1734//66 1735//66 1556//66
f 1557//66 1736//66 1556//66
f 1736//66 1737//66 1556//66
f 1737//66 1734//66 1556//66
f 1735//66 1738//66 1556//66
f 1738//66 1739//66 1556//66
f 1739//66 1740//66 1556//66
f 1740//66 1741//66 1556//66
f 1741//66 1733//66 1556//66
f 1742//66 1743//66 1557//66
f 1744//66 1742//66 1557//66
f 58//66 1745//66 1557//66
f 1745//66 1746//66 1557//66
f 1746//66 1744//66 1557//66
f 1743//66 1736//66 1557//66
f 69//66 1747//66 58//66
f 1747//66 1748//66 58//66
f 1748//66 1749//66 58//66
f 1749//66 1750//66 58//66
f 1750//66 1751//66 58//66
f 1751//66 1752//66 58//66
f 1752//66 1753//66 58//66
f 1753//66 1745//66 58//66
f 1754//434 1661//434 1669//434
f 1755//603 1754//603 1669//603
f 1668//603 1755//603 1669//603
f 1690//603 1756//603 1685//603
f 1756//603 1757//603 1685//603
f 1757//434 1681//434 1685//434
f 1724//433 1758//433 1719//433
f 1758//433 1759//433 1719//433
f 1759//604 1712//604 1719//604
f 1760//605 1743//605 1742//605
f 1761//433 1760//433 1742//433
f 1744//433 1761//433 1742//433
f 1762//606 1662//606 1661//606
f 1754//434 1762//434 1661//434
f 1667//607 1755//607 1668//607
f 1757//434 1763//434 1681//434
f 1763//608 1679//608 1681//608
f 1698//607 1764//607 1690//607
f 1764//607 1756//607 1690//607
f 1759//604 1765//604 1712//604
f 1765//608 1713//608 1712//608
f 1732//607 1766//607 1724//607
f 1766//607 1758//607 1724//607
f 1760//609 1767//609 1743//609
f 1768//610 1761//610 1744//610
f 1746//607 1768//607 1744//607
f 1769//98 1736//98 1743//98
f 1767//606 1769//606 1743//606
f 1770//607 1755//607 1667//607
f 1771//611 1658//611 1662//611
f 1762//608 1771//608 1662//608
f 1772//612 1770//612 1667//612
f 1670//613 1772//613 1667//613
f 1763//608 1773//608 1679//608
f 1773//614 1680//614 1679//614
f 1697//612 1774//612 1698//612
f 1774//612 1764//612 1698//612
f 1765//608 1775//608 1713//608
f 1775//615 1714//615 1713//615
f 1731//616 1776//616 1732//616
f 1776//616 1766//616 1732//616
f 1769//615 1737//615 1736//615
f 1777//617 1768//617 1746//617
f 1745//616 1777//616 1746//616
f 1778//618 1659//618 1658//618
f 1771//614 1778//614 1658//614
f 1779//124 1772//124 1670//124
f 1676//124 1779//124 1670//124
f 1773//614 1780//614 1680//614
f 1780//123 1682//123 1680//123
f 1696//124 1781//124 1697//124
f 1781//124 1774//124 1697//124
f 1775//615 1782//615 1714//615
f 1782//123 1715//123 1714//123
f 1730//124 1783//124 1731//124
f 1783//124 1776//124 1731//124
f 1784//123 1734//123 1737//123
f 1769//619 1784//619 1737//619
f 1785//620 1777//620 1745//620
f 1753//620 1785//620 1745//620
f 1786//621 1660//621 1659//621
f 1778//618 1786//618 1659//618
f 1787//622 1779//622 1676//622
f 1675//622 1787//622 1676//622
f 1780//123 1788//123 1682//123
f 1788//107 1683//107 1682//107
f 1695//622 1789//622 1696//622
f 1789//622 1781//622 1696//622
f 1782//123 1790//123 1715//123
f 1790//621 1716//621 1715//621
f 1729//127 1791//127 1730//127
f 1791//127 1783//127 1730//127
f 1792//621 1735//621 1734//621
f 1784//123 1792//123 1734//123
f 1793//622 1785//622 1753//622
f 1752//622 1793//622 1753//622
f 1794//623 1663//623 1660//623
f 1786//621 1794//621 1660//621
f 1795//624 1787//624 1675//624
f 1674//624 1795//624 1675//624
f 1788//107 1796//107 1683//107
f 1796//132 1684//132 1683//132
f 1694//134 1797//134 1695//134
f 1797//133 1789//133 1695//133
f 1790//621 1798//621 1716//621
f 1798//132 1717//132 1716//132
f 1728//135 1799//135 1729//135
f 1799//135 1791//135 1729//135
f 1800//623 1738//623 1735//623
f 1792//621 1800//621 1735//621
f 1801//624 1793//624 1752//624
f 1751//135 1801//135 1752//135
f 1802//625 1664//625 1663//625
f 1794//132 1802//132 1663//132
f 1803//626 1795//626 1674//626
f 1673//626 1803//626 1674//626
f 1796//132 1804//132 1684//132
f 1804//442 1686//442 1684//442
f 1693//627 1805//627 1694//627
f 1805//443 1797//443 1694//443
f 1798//623 1806//623 1717//623
f 1806//625 1718//625 1717//625
f 1727//443 1807//443 1728//443
f 1807//443 1799//443 1728//443
f 1808//625 1739//625 1738//625
f 1800//623 1808//623 1738//623
f 1809//626 1801//626 1751//626
f 1750//628 1809//628 1751//628
f 1810//629 1665//629 1664//629
f 1802//630 1810//630 1664//630
f 1811//157 1803//157 1673//157
f 1672//157 1811//157 1673//157
f 1812//66 1677//66 1686//66
f 1804//442 1813//442 1686//442
f 1813//155 1812//155 1686//155
f 1692//157 1814//157 1693//157
f 1814//159 1805//159 1693//159
f 1806//625 1815//625 1718//625
f 1815//158 1720//158 1718//158
f 1726//157 1816//157 1727//157
f 1816//157 1807//157 1727//157
f 1817//629 1740//629 1739//629
f 1808//625 1817//625 1739//625
f 1818//631 1809//631 1750//631
f 1749//631 1818//631 1750//631
f 1819//168 1666//168 1665//168
f 1810//629 1819//629 1665//629
f 1820//170 1811//170 1672//170
f 1671//377 1820//377 1672//377
f 1821//66 1677//66 1812//66
f 1813//155 1822//155 1812//155
f 1822//381 1821//381 1812//381
f 1691//170 1823//170 1692//170
f 1823//377 1814//377 1692//377
f 1824//66 1711//66 1720//66
f 1815//155 1825//155 1720//155
f 1825//381 1824//381 1720//381
f 1725//170 1826//170 1726//170
f 1826//377 1816//377 1726//377
f 1827//632 1741//632 1740//632
f 1817//629 1827//629 1740//629
f 1828//170 1818//170 1749//170
f 1748//170 1828//170 1749//170
f 1829//66 1657//66 1666//66
f 1830//178 1829//178 1666//178
f 1819//168 1830//168 1666//168
f 1678//66 1831//66 1671//66
f 1832//179 1820//179 1671//179
f 1831//180 1832//180 1671//180
f 1833//66 1677//66 1821//66
f 1822//168 1834//168 1821//168
f 1834//178 1833//178 1821//178
f 1689//179 1835//179 1691//179
f 1835//180 1823//180 1691//180
f 1836//66 1711//66 1824//66
f 1825//168 1837//168 1824//168
f 1837//178 1836//178 1824//178
f 1723//179 1838//179 1725//179
f 1838//180 1826//180 1725//180
f 1839//66 1733//66 1741//66
f 1840//633 1839//633 1741//633
f 1827//632 1840//632 1741//632
f 1841//180 1828//180 1748//180
f 1747//180 1841//180 1748//180
f 1842//66 1657//66 1829//66
f 1843//391 1842//391 1829//391
f 1830//178 1843//178 1829//178
f 1678//66 1844//66 1831//66
f 1845//634 1832//634 1831//634
f 1844//635 1845//635 1831//635
f 1846//66 1677//66 1833//66
f 1834//181 1847//181 1833//181
f 1847//636 1846//636 1833//636
f 1688//66 1848//66 1689//66
f 1848//635 1849//635 1689//635
f 1849//635 1835//635 1689//635
f 1850//66 1711//66 1836//66
f 1837//181 1851//181 1836//181
f 1851//636 1850//636 1836//636
f 1722//66 1852//66 1723//66
f 1852//635 1853//635 1723//635
f 1853//635 1838//635 1723//635
f 1854//66 1733//66 1839//66
f 1855//391 1854//391 1839//391
f 1840//633 1855//633 1839//633
f 69//66 1856//66 1747//66
f 1857//394 1841//394 1747//394
f 1856//394 1857//394 1747//394
f 1858//66 1657//66 1842//66
f 1859//450 1858//450 1842//450
f 1843//391 1859//391 1842//391
f 1678//66 1860//66 1844//66
f 1861//637 1845//637 1844//637
f 1860//637 1861//637 1844//637
f 1862//66 1677//66 1846//66
f 1847//636 1863//636 1846//636
f 1863//448 1862//448 1846//448
f 1688//66 1864//66 1848//66
f 1864//447 1865//447 1848//447
f 1865//447 1849//447 1848//447
f 1866//66 1711//66 1850//66
f 1851//636 1867//636 1850//636
f 1867//638 1866//638 1850//638
f 1722//66 1868//66 1852//66
f 1868//449 1869//449 1852//449
f 1869//447 1853//447 1852//447
f 1870//66 1733//66 1854//66
f 1871//450 1870//450 1854//450
f 1855//391 1871//391 1854//391
f 69//66 1872//66 1856//66
f 1873//637 1857//637 1856//637
f 1872//637 1873//637 1856//637
f 1874//66 1657//66 1858//66
f 1875//319 1874//319 1858//319
f 1859//450 1875//450 1858//450
f 1678//66 1876//66 1860//66
f 1877//639 1861//639 1860//639
f 1876//639 1877//639 1860//639
f 1878//66 1677//66 1862//66
f 1863//446 1879//446 1862//446
f 1879//319 1878//319 1862//319
f 1688//66 1880//66 1864//66
f 1880//452 1881//452 1864//452
f 1881//452 1865//452 1864//452
f 1882//66 1711//66 1866//66
f 1867//450 1883//450 1866//450
f 1883//640 1882//640 1866//640
f 1722//66 1884//66 1868//66
f 1884//322 1885//322 1868//322
f 1885//322 1869//322 1868//322
f 1886//66 1733//66 1870//66
f 1887//640 1886//640 1870//640
f 1871//450 1887//450 1870//450
f 69//66 1888//66 1872//66
f 1889//322 1873//322 1872//322
f 1888//639 1889//639 1872//639
f 1890//66 1657//66 1874//66
f 1891//201 1890//201 1874//201
f 1875//640 1891//640 1874//640
f 1678//66 1892//66 1876//66
f 1893//199 1877//199 1876//199
f 1892//199 1893//199 1876//199
f 1894//66 1677//66 1878//66
f 1879//319 1895//319 1878//319
f 1895//198 1894//198 1878//198
f 1688//66 1896//66 1880//66
f 1896//199 1897//199 1880//199
f 1897//199 1881//199 1880//199
f 1898//66 1711//66 1882//66
f 1883//319 1899//319 1882//319
f 1899//201 1898//201 1882//201
f 1722//66 1900//66 1884//66
f 1900//200 1901//200 1884//200
f 1901//200 1885//200 1884//200
f 1902//66 1733//66 1886//66
f 1903//201 1902//201 1886//201
f 1887//640 1903//640 1886//640
f 69//66 1904//66 1888//66
f 1905//199 1889//199 1888//199
f 1904//199 1905//199 1888//199
f 1906//66 1657//66 1890//66
f 1907//641 1906//641 1890//641
f 1891//201 1907//201 1890//201
f 1678//66 1908//66 1892//66
f 1909//642 1893//642 1892//642
f 1908//642 1909//642 1892//642
f 1910//66 1677//66 1894//66
f 1895//198 1911//198 1894//198
f 1911//643 1910//643 1894//643
f 1688//66 1912//66 1896//66
f 1912//644 1913//644 1896//644
f 1913//642 1897//642 1896//642
f 1914//66 1711//66 1898//66
f 1899//201 1915//201 1898//201
f 1915//645 1914//645 1898//645
f 1722//66 1916//66 1900//66
f 1916//644 1917//644 1900//644
f 1917//644 1901//644 1900//644
f 1918//66 1733//66 1902//66
f 1919//645 1918//645 1902//645
f 1903//201 1919//201 1902//201
f 69//66 1920//66 1904//66
f 1921//646 1905//646 1904//646
f 1920//646 1921//646 1904//646
f 1922//66 1657//66 1906//66
f 1923//647 1922//647 1906//647
f 1907//641 1923//641 1906//641
f 1678//66 1924//66 1908//66
f 1925//648 1909//648 1908//648
f 1924//649 1925//649 1908//649
f 1926//66 1677//66 1910//66
f 1911//643 1927//643 1910//643
f 1927//647 1926//647 1910//647
f 1688//66 1928//66 1912//66
f 1928//649 1929//649 1912//649
f 1929//649 1913//649 1912//649
f 1930//66 1711//66 1914//66
f 1915//643 1931//643 1914//643
f 1931//650 1930//650 1914//650
f 1722//66 1932//66 1916//66
f 1932//651 1933//651 1916//651
f 1933//651 1917//651 1916//651
f 1934//66 1733//66 1918//66
f 1935//652 1934//652 1918//652
f 1919//645 1935//645 1918//645
f 1936//66 1937//66 1920//66
f 69//66 1936//66 1920//66
f 1938//651 1921//651 1920//651
f 1937//653 1938//653 1920//653
f 1939//66 1657//66 1922//66
f 1940//418 1939//418 1922//418
f 1923//654 1940//654 1922//654
f 1678//66 1941//66 1924//66
f 1941//419 1925//419 1924//419
f 1942//66 1677//66 1926//66
f 1927//647 1943//647 1926//647
f 1943//418 1942//418 1926//418
f 1688//66 1944//66 1928//66
f 1944//419 1945//419 1928//419
f 1945//419 1929//419 1928//419
f 1946//66 1711//66 1930//66
f 1931//650 1947//650 1930//650
f 1947//418 1946//418 1930//418
f 1722//66 1948//66 1932//66
f 1948//419 1949//419 1932//419
f 1949//419 1933//419 1932//419
f 1936//66 1733//66 1934//66
f 1950//66 1936//66 1934//66
f 1951//418 1950//418 1934//418
f 1935//650 1951//650 1934//650
f 1936//66 1952//66 1937//66
f 1953//419 1938//419 1937//419
f 1952//655 1953//655 1937//655
f 1678//66 1954//66 1941//66
f 1955//419 1925//419 1941//419
f 1951//418 1956//418 1950//418
f 1957//66 1954//66 1939//66
f 1954//66 1657//66 1939//66
f 1958//214 1957//214 1939//214
f 1940//656 1958//656 1939//656
f 1954//66 1957//66 1941//66
f 1959//657 1955//657 1941//657
f 1957//657 1959//657 1941//657
f 1960//66 1677//66 1942//66
f 1943//418 1961//418 1942//418
f 1961//214 1960//214 1942//214
f 1688//66 1960//66 1944//66
f 1960//657 1962//657 1944//657
f 1962//657 1945//657 1944//657
f 1963//66 1711//66 1946//66
f 1947//418 1964//418 1946//418
f 1964//658 1963//658 1946//658
f 1722//66 1963//66 1948//66
f 1963//215 1965//215 1948//215
f 1965//215 1949//215 1948//215
f 1966//66 1936//66 1950//66
f 1956//658 1966//658 1950//658
f 1936//66 1966//66 1952//66
f 1967//215 1953//215 1952//215
f 1966//215 1967//215 1952//215
f 1958//214 1959//214 1957//214
f 1688//66 1677//66 1960//66
f 1961//214 1962//214 1960//214
f 1722//66 1711//66 1963//66
f 1964//658 1965//658 1963//658
f 1956//658 1967//658 1966//658
f 1657//66 1968//66 61//66
f 1968//66 71//66 61//66
f 1954//66 1969//66 1657//66
f 1969//66 1968//66 1657//66
f 1678//66 1970//66 1954//66
f 1970//66 1969//66 1954//66
f 1677//66 1971//66 1678//66
f 1971//66 1970//66 1678//66
f 1688//66 1972//66 1677//66
f 1972//66 1971//66 1677//66
f 1687//66 1973//66 1688//66
f 1973//66 1972//66 1688//66
f 1699//66 1974//66 1687//66
f 1974//66 1973//66 1687//66
f 1975//66 1976//66 1699//66
f 1700//66 1977//66 1699//66
f 1977//66 1978//66 1699//66
f 1978//66 1975//66 1699//66
f 1976//66 1979//66 1699//66
f 1979//66 1974//66 1699//66
f 1980//66 1977//66 1700//66
f 1981//66 1980//66 1700//66
f 1701//66 1982//66 1700//66
f 1982//66 1983//66 1700//66
f 1983//66 1981//66 1700//66
f 1702//66 1984//66 1701//66
f 1984//66 1982//66 1701//66
f 1703//66 1985//66 1702//66
f 1985//66 1984//66 1702//66
f 1704//66 1986//66 1703//66
f 1986//66 1985//66 1703//66
f 1705//66 1987//66 1704//66
f 1987//66 1986//66 1704//66
f 1706//66 1988//66 1705//66
f 1988//66 1987//66 1705//66
f 1707//66 1989//66 1706//66
f 1989//66 1988//66 1706//66
f 1708//66 1990//66 1707//66
f 1990//66 1989//66 1707//66
f 1709//66 1991//66 1708//66
f 1991//66 1990//66 1708//66
f 1710//66 1992//66 1709//66
f 1992//66 1991//66 1709//66
f 1711//66 1993//66 1710//66
f 1993//66 1992//66 1710//66
f 1722//66 1994//66 1711//66
f 1994//66 1993//66 1711//66
f 1721//66 1995//66 1722//66
f 1995//66 1994//66 1722//66
f 1733//66 1996//66 1721//66
f 1996//66 1995//66 1721//66
f 1936//66 1997//66 1733//66
f 1997//66 1996//66 1733//66
f 69//66 73//66 1936//66
f 73//66 1997//66 1936//66
f 1998//238 1975//238 1978//238
f 1999//96 1998//96 1978//96
f 1977//96 1999//96 1978//96
f 1998//238 2000//238 1975//238
f 2000//659 1976//659 1975//659
f 2000//659 2001//659 1976//659
f 2002//104 1999//104 1977//104
f 1980//566 2002//566 1977//566
f 2003//660 1979//660 1976//660
f 2001//571 2003//571 1976//571
f 2004//661 2002//661 1980//661
f 1981//662 2004//662 1980//662
f 1983//66 2005//66 1981//66
f 2006//120 2004//120 1981//120
f 2005//663 2006//663 1981//663
f 2007//66 1974//66 1979//66
f 2003//664 2008//664 1979//664
f 2008//665 2007//665 1979//665
f 1968//66 2009//66 71//66
f 2009//66 20//66 71//66
f 1969//66 2010//66 1968//66
f 2010//66 2009//66 1968//66
f 1970//66 2011//66 1969//66
f 2011//66 2010//66 1969//66
f 1971//66 2012//66 1970//66
f 2012//66 2011//66 1970//66
f 1972//66 2013//66 1971//66
f 2013//66 2012//66 1971//66
f 1973//66 2014//66 1972//66
f 2014//66 2013//66 1972//66
f 1974//66 2015//66 1973//66
f 2015//66 2014//66 1973//66
f 2007//66 2016//66 1974//66
f 2016//66 2015//66 1974//66
f 2017//666 2006//666 2005//666
f 2018//66 2005//66 1983//66
f 1982//66 2019//66 1983//66
f 2019//66 2020//66 1983//66
f 2020//66 2018//66 1983//66
f 1984//66 2021//66 1982//66
f 2021//66 2019//66 1982//66
f 1985//66 2022//66 1984//66
f 2022//66 2021//66 1984//66
f 1986//66 2023//66 1985//66
f 2023//66 2022//66 1985//66
f 1987//66 2024//66 1986//66
f 2024//66 2023//66 1986//66
f 1988//66 2025//66 1987//66
f 2025//66 2024//66 1987//66
f 1989//66 2026//66 1988//66
f 2026//66 2025//66 1988//66
f 1990//66 2027//66 1989//66
f 2027//66 2026//66 1989//66
f 1991//66 2028//66 1990//66
f 2028//66 2027//66 1990//66
f 1992//66 2029//66 1991//66
f 2029//66 2028//66 1991//66
f 1993//66 2030//66 1992//66
f 2030//66 2029//66 1992//66
f 1994//66 2031//66 1993//66
f 2031//66 2030//66 1993//66
f 1995//66 2032//66 1994//66
f 2032//66 2031//66 1994//66
f 2033//66 2034//66 1995//66
f 1996//66 2033//66 1995//66
f 2034//66 2035//66 1995//66
f 2035//66 2036//66 1995//66
f 2036//66 2032//66 1995//66
f 2037//66 2033//66 1996//66
f 2038//66 2039//66 1996//66
f 2039//66 2040//66 1996//66
f 2040//66 2037//66 1996//66
f 1997//66 2041//66 1996//66
f 2041//66 2042//66 1996//66
f 2042//66 2038//66 1996//66
f 2043//66 2044//66 1997//66
f 2044//66 2045//66 1997//66
f 73//66 2043//66 1997//66
f 2045//66 2046//66 1997//66
f 2046//66 2047//66 1997//66
f 2047//66 2041//66 1997//66
f 2048//66 2043//66 73//66
f 2049//66 2050//66 73//66
f 2050//66 2051//66 73//66
f 2051//66 2048//66 73//66
f 74//66 2049//66 73//66
f 2052//667 2016//667 2007//667
f 2008//265 2052//265 2007//265
f 2018//668 2017//668 2005//668
f 2053//669 2017//669 2018//669
f 2054//66 2015//66 2016//66
f 2052//670 2054//670 2016//670
f 2020//66 2055//66 2018//66
f 2055//671 2053//671 2018//671
f 2052//672 2056//672 2054//672
f 2057//673 2053//673 2055//673
f 2058//66 2015//66 2054//66
f 2059//277 2058//277 2054//277
f 2056//276 2059//276 2054//276
f 2020//66 2060//66 2055//66
f 2060//591 2057//591 2055//591
f 2061//66 2015//66 2058//66
f 2059//280 2061//280 2058//280
f 2020//66 2062//66 2060//66
f 2063//557 2057//557 2060//557
f 2062//597 2063//597 2060//597
f 2059//207 2064//207 2061//207
f 2065//465 2066//465 2033//465
f 2037//464 2065//464 2033//464
f 2067//674 2044//674 2043//674
f 2067//675 2068//675 2044//675
f 2048//676 2067//676 2043//676
f 2062//66 2015//66 2061//66
f 2064//1 2062//1 2061//1
f 2069//677 2034//677 2033//677
f 2066//678 2069//678 2033//678
f 2070//679 2065//679 2037//679
f 2040//341 2070//341 2037//341
f 2071//680 2045//680 2044//680
f 2068//681 2071//681 2044//681
f 2072//676 2067//676 2048//676
f 2020//66 2015//66 2062//66
f 2064//1 2063//1 2062//1
f 2069//682 2035//682 2034//682
f 2073//683 2072//683 2048//683
f 2051//684 2073//684 2048//684
f 2039//480 2070//480 2040//480
f 2074//685 2046//685 2045//685
f 2071//686 2074//686 2045//686
f 2069//687 2075//687 2035//687
f 2076//688 2070//688 2039//688
f 2077//689 2073//689 2051//689
f 2050//689 2077//689 2051//689
f 2075//690 2036//690 2035//690
f 2074//691 2047//691 2046//691
f 2078//66 2032//66 2036//66
f 2075//692 2078//692 2036//692
f 2079//693 2076//693 2039//693
f 2038//694 2079//694 2039//694
f 2074//695 2080//695 2047//695
f 2081//696 2077//696 2050//696
f 2049//697 2081//697 2050//697
f 2075//698 2082//698 2078//698
f 2083//66 2041//66 2047//66
f 2084//699 2083//699 2047//699
f 2080//700 2084//700 2047//700
f 2082//701 2085//701 2078//701
f 2086//702 2079//702 2038//702
f 2009//66 21//66 20//66
f 76//66 21//66 2009//66
f 2010//66 2087//66 2009//66
f 2087//66 2088//66 2009//66
f 2088//66 76//66 2009//66
f 2011//66 2089//66 2010//66
f 2089//66 2087//66 2010//66
f 2012//66 2090//66 2011//66
f 2090//66 2089//66 2011//66
f 2013//66 2091//66 2012//66
f 2091//66 2090//66 2012//66
f 2014//66 2092//66 2013//66
f 2092//66 2091//66 2013//66
f 2015//66 2093//66 2014//66
f 2093//66 2092//66 2014//66
f 2020//66 2094//66 2015//66
f 2094//66 2093//66 2015//66
f 2019//66 2095//66 2020//66
f 2095//66 2094//66 2020//66
f 2021//66 2096//66 2019//66
f 2096//66 2095//66 2019//66
f 2022//66 2097//66 2021//66
f 2097//66 2098//66 2021//66
f 2098//66 2099//66 2021//66
f 2099//66 2100//66 2021//66
f 2100//66 2096//66 2021//66
f 2101//66 2102//66 2022//66
f 2023//66 2103//66 2022//66
f 2103//66 2104//66 2022//66
f 2104//66 2101//66 2022//66
f 2102//66 2105//66 2022//66
f 2105//66 2106//66 2022//66
f 2106//66 2107//66 2022//66
f 2107//66 2108//66 2022//66
f 2108//66 2109//66 2022//66
f 2109//66 2110//66 2022//66
f 2111//66 2112//66 2022//66
f 2112//66 2097//66 2022//66
f 2113//66 2114//66 2022//66
f 2114//66 2111//66 2022//66
f 2110//66 2113//66 2022//66
f 2115//66 2116//66 2023//66
f 2116//66 2117//66 2023//66
f 2117//66 2118//66 2023//66
f 2118//66 2119//66 2023//66
f 2119//66 2120//66 2023//66
f 2120//66 2121//66 2023//66
f 2121//66 2122//66 2023//66
f 2122//66 2103//66 2023//66
f 2024//66 2123//66 2023//66
f 2123//66 2124//66 2023//66
f 2124//66 2115//66 2023//66
f 2025//66 2125//66 2024//66
f 2125//66 2123//66 2024//66
f 2026//66 2126//66 2025//66
f 2126//66 2125//66 2025//66
f 2027//66 2127//66 2026//66
f 2127//66 2126//66 2026//66
f 2028//66 2128//66 2027//66
f 2128//66 2127//66 2027//66
f 2029//66 2129//66 2028//66
f 2129//66 2128//66 2028//66
f 2030//66 2130//66 2029//66
f 2130//66 2129//66 2029//66
f 2031//66 2131//66 2030//66
f 2131//66 2130//66 2030//66
f 2032//66 2132//66 2031//66
f 2132//66 2131//66 2031//66
f 2078//66 2133//66 2032//66
f 2133//66 2134//66 2032//66
f 2134//66 2132//66 2032//66
f 2042//66 2135//66 2038//66
f 2135//703 2086//703 2038//703
f 2136//66 2135//66 2042//66
f 2041//66 2137//66 2042//66
f 2137//66 2138//66 2042//66
f 2138//66 2136//66 2042//66
f 2083//66 2139//66 2041//66
f 2139//66 2137//66 2041//66
f 74//66 2140//66 2049//66
f 2140//704 2081//704 2049//704
f 75//66 2140//66 74//66
f 2085//705 2133//705 2078//705
f 2141//706 2081//706 2140//706
f 2142//707 2134//707 2133//707
f 2085//708 2142//708 2133//708
f 2143//709 2086//709 2135//709
f 2136//709 2143//709 2135//709
f 2144//710 2139//710 2083//710
f 2084//711 2144//711 2083//711
f 78//66 2145//66 2140//66
f 75//66 78//66 2140//66
f 2146//709 2141//709 2140//709
f 2145//712 2146//712 2140//712
f 78//66 87//66 2145//66
f 2142//509 2147//509 2134//509
f 2148//713 2143//713 2136//713
f 2144//714 2149//714 2139//714
f 2150//715 2146//715 2145//715
f 2151//66 2132//66 2134//66
f 2147//716 2151//716 2134//716
f 2138//66 2152//66 2136//66
f 2152//715 2148//715 2136//715
f 2153//66 2137//66 2139//66
f 2149//510 2153//510 2139//510
f 87//66 2154//66 2145//66
f 2154//717 2150//717 2145//717
f 2138//66 2155//66 2152//66
f 2155//514 2148//514 2152//514
f 2156//66 2137//66 2153//66
f 2149//718 2156//718 2153//718
f 2157//719 2150//719 2154//719
f 2158//66 2132//66 2151//66
f 2159//720 2158//720 2151//720
f 2147//721 2159//721 2151//721
f 2160//722 2148//722 2155//722
f 2149//723 2161//723 2156//723
f 87//66 2137//66 2154//66
f 2138//66 2132//66 2158//66
f 2159//724 2160//724 2158//724
f 2138//66 2158//66 2155//66
f 2158//725 2160//725 2155//725
f 2137//66 2156//66 2154//66
f 2156//726 2157//726 2154//726
f 2161//1 2157//1 2156//1
f 2122//345 2162//345 2103//345
f 2162//345 2163//345 2103//345
f 2163//346 2104//346 2103//346
f 2163//346 2164//346 2104//346
f 2164//112 2101//112 2104//112
f 2121//111 2165//111 2122//111
f 2165//111 2162//111 2122//111
f 2164//112 2166//112 2101//112
f 2166//349 2102//349 2101//349
f 2120//350 2167//350 2121//350
f 2167//350 2165//350 2121//350
f 2166//349 2168//349 2102//349
f 2168//301 2105//301 2102//301
f 2119//359 2169//359 2120//359
f 2169//359 2167//359 2120//359
f 2168//301 2170//301 2105//301
f 2170//107 2106//107 2105//107
f 2118//127 2171//127 2119//127
f 2171//127 2169//127 2119//127
f 2088//66 83//66 76//66
f 2170//107 2172//107 2106//107
f 2172//362 2107//362 2106//362
f 2117//363 2171//363 2118//363
f 2172//362 2173//362 2107//362
f 2173//367 2108//367 2107//367
f 2116//370 2174//370 2117//370
f 2174//370 2175//370 2117//370
f 2175//363 2171//363 2117//363
f 2112//47 2176//47 2097//47
f 2176//727 2177//727 2097//727
f 2177//728 2098//728 2097//728
f 2111//729 2178//729 2112//729
f 2178//729 2176//729 2112//729
f 2177//659 2179//659 2098//659
f 2114//570 2180//570 2111//570
f 2180//570 2178//570 2111//570
f 2173//367 2181//367 2108//367
f 2181//378 2109//378 2108//378
f 2115//374 2182//374 2116//374
f 2182//374 2174//374 2116//374
f 2179//730 2099//730 2098//730
f 2179//730 2183//730 2099//730
f 2113//122 2184//122 2114//122
f 2184//122 2180//122 2114//122
f 2183//121 2100//121 2099//121
f 2185//66 2110//66 2109//66
f 2181//378 2186//378 2109//378
f 2186//379 2185//379 2109//379
f 2124//66 2187//66 2115//66
f 2187//380 2188//380 2115//380
f 2188//380 2182//380 2115//380
f 2183//731 2189//731 2100//731
f 2110//66 2190//66 2113//66
f 2190//732 2191//732 2113//732
f 2191//125 2184//125 2113//125
f 2192//66 2096//66 2100//66
f 2189//540 2192//540 2100//540
f 2193//583 2191//583 2190//583
f 2194//66 2110//66 2185//66
f 2186//379 2195//379 2185//379
f 2195//384 2194//384 2185//384
f 2124//66 2196//66 2187//66
f 2196//385 2197//385 2187//385
f 2197//385 2188//385 2187//385
f 2198//66 2096//66 2192//66
f 2189//733 2199//733 2192//733
f 2199//150 2198//150 2192//150
f 2110//66 2200//66 2190//66
f 2200//637 2201//637 2190//637
f 2201//734 2193//734 2190//734
f 2202//66 2110//66 2194//66
f 2195//384 2203//384 2194//384
f 2203//391 2202//391 2194//391
f 2124//66 2204//66 2196//66
f 2204//394 2205//394 2196//394
f 2205//394 2197//394 2196//394
f 2206//66 2096//66 2198//66
f 2199//735 2206//735 2198//735
f 2110//66 2207//66 2200//66
f 2207//161 2208//161 2200//161
f 2208//161 2201//161 2200//161
f 2199//735 2209//735 2206//735
f 2210//66 2110//66 2202//66
f 2203//391 2211//391 2202//391
f 2211//736 2210//736 2202//736
f 2124//66 2212//66 2204//66
f 2212//737 2205//737 2204//737
f 2213//66 2096//66 2206//66
f 2209//207 2213//207 2206//207
f 2110//66 2214//66 2207//66
f 2214//597 2215//597 2207//597
f 2215//597 2208//597 2207//597
f 2209//207 2216//207 2213//207
f 2214//66 2096//66 2213//66
f 2216//1 2214//1 2213//1
f 2110//66 2096//66 2214//66
f 2216//1 2215//1 2214//1
f 2088//66 90//66 83//66
f 91//29 2217//29 83//29
f 2217//34 84//34 83//34
f 2087//66 2218//66 2088//66
f 2218//66 2219//66 2088//66
f 2219//66 90//66 2088//66
f 2089//66 2220//66 2087//66
f 2220//66 2218//66 2087//66
f 2090//66 2221//66 2089//66
f 2221//66 2220//66 2089//66
f 2091//66 2222//66 2090//66
f 2222//66 2221//66 2090//66
f 2092//66 2223//66 2091//66
f 2223//66 2222//66 2091//66
f 2093//66 2224//66 2092//66
f 2224//66 2223//66 2092//66
f 2094//66 2225//66 2093//66
f 2225//66 2224//66 2093//66
f 2095//66 2226//66 2094//66
f 2226//66 2225//66 2094//66
f 2096//66 2227//66 2095//66
f 2227//66 2226//66 2095//66
f 2110//66 2228//66 2096//66
f 2228//66 2227//66 2096//66
f 2210//66 2229//66 2110//66
f 2229//66 2230//66 2110//66
f 2230//66 2231//66 2110//66
f 2231//66 2232//66 2110//66
f 2232//66 2233//66 2110//66
f 2233//66 2234//66 2110//66
f 2234//66 2235//66 2110//66
f 2235//66 2236//66 2110//66
f 2236//66 2228//66 2110//66
f 2237//66 2238//66 2210//66
f 2238//66 2239//66 2210//66
f 2239//66 2240//66 2210//66
f 2240//66 2241//66 2210//66
f 2241//66 2242//66 2210//66
f 2242//66 2243//66 2210//66
f 2243//66 2244//66 2210//66
f 2244//66 2229//66 2210//66
f 2245//66 2237//66 2210//66
f 2246//399 2205//399 2212//399
f 2247//66 2248//66 2124//66
f 2248//66 2249//66 2124//66
f 2249//66 2250//66 2124//66
f 2251//66 2252//66 2124//66
f 2252//66 2212//66 2124//66
f 2123//66 2253//66 2124//66
f 2253//66 2254//66 2124//66
f 2254//66 2247//66 2124//66
f 2250//66 2255//66 2124//66
f 2255//66 2256//66 2124//66
f 2256//66 2251//66 2124//66
f 2257//66 2258//66 2123//66
f 2258//66 2259//66 2123//66
f 2260//66 2261//66 2123//66
f 2262//66 2260//66 2123//66
f 2261//66 2263//66 2123//66
f 2263//66 2253//66 2123//66
f 2259//66 2264//66 2123//66
f 2264//66 2265//66 2123//66
f 2265//66 2262//66 2123//66
f 2125//66 2266//66 2123//66
f 2266//66 2267//66 2123//66
f 2267//66 2257//66 2123//66
f 2126//66 2268//66 2125//66
f 2268//66 2266//66 2125//66
f 2127//66 2269//66 2126//66
f 2269//66 2268//66 2126//66
f 2128//66 2270//66 2127//66
f 2270//66 2269//66 2127//66
f 2129//66 2271//66 2128//66
f 2271//66 2270//66 2128//66
f 2130//66 2272//66 2129//66
f 2272//66 2271//66 2129//66
f 2131//66 2273//66 2130//66
f 2273//66 2272//66 2130//66
f 2132//66 2274//66 2131//66
f 2274//66 2273//66 2131//66
f 2138//66 2275//66 2132//66
f 2275//66 2274//66 2132//66
f 2137//66 2276//66 2138//66
f 2276//66 2275//66 2138//66
f 87//66 94//66 2137//66
f 94//66 2276//66 2137//66
f 86//36 95//36 87//36
f 2277//66 2245//66 2210//66
f 2278//738 2277//738 2210//738
f 2211//401 2278//401 2210//401
f 2252//66 2279//66 2212//66
f 2279//739 2280//739 2212//739
f 2280//740 2246//740 2212//740
f 2281//604 2230//604 2229//604
f 2282//603 2281//603 2229//603
f 2244//603 2282//603 2229//603
f 2283//604 2254//604 2253//604
f 2284//603 2283//603 2253//603
f 2263//603 2284//603 2253//603
f 2285//338 2231//338 2230//338
f 2281//604 2285//604 2230//604
f 2286//337 2282//337 2244//337
f 2243//337 2286//337 2244//337
f 2287//338 2247//338 2254//338
f 2283//604 2287//604 2254//604
f 2288//337 2284//337 2263//337
f 2261//337 2288//337 2263//337
f 2289//66 2245//66 2277//66
f 2278//402 2290//402 2277//402
f 2290//741 2291//741 2277//741
f 2291//201 2289//201 2277//201
f 2252//66 2292//66 2279//66
f 2292//199 2293//199 2279//199
f 2293//199 2280//199 2279//199
f 2294//340 2232//340 2231//340
f 2285//338 2294//338 2231//338
f 2295//341 2286//341 2243//341
f 2242//341 2295//341 2243//341
f 2296//340 2248//340 2247//340
f 2287//338 2296//338 2247//338
f 2297//341 2288//341 2261//341
f 2260//341 2297//341 2261//341
f 2298//342 2233//342 2232//342
f 2294//340 2298//340 2232//340
f 2299//343 2295//343 2242//343
f 2241//343 2299//343 2242//343
f 2300//342 2249//342 2248//342
f 2296//340 2300//340 2248//340
f 2301//343 2297//343 2260//343
f 2262//343 2301//343 2260//343
f 2302//66 2245//66 2289//66
f 2291//742 2302//742 2289//742
f 2252//66 2303//66 2292//66
f 2303//411 2304//411 2292//411
f 2304//411 2293//411 2292//411
f 2305//66 2245//66 2302//66
f 2306//66 2305//66 2302//66
f 2291//743 2307//743 2302//743
f 2307//413 2306//413 2302//413
f 2252//66 2308//66 2303//66
f 2308//414 2309//414 2303//414
f 2309//414 2304//414 2303//414
f 2310//107 2234//107 2233//107
f 2298//342 2310//342 2233//342
f 2311//127 2299//127 2241//127
f 2240//127 2311//127 2241//127
f 2312//107 2250//107 2249//107
f 2300//342 2312//342 2249//342
f 2313//127 2301//127 2262//127
f 2265//127 2313//127 2262//127
f 2314//66 2305//66 2306//66
f 2307//413 2315//413 2306//413
f 2315//418 2314//418 2306//418
f 2252//66 2316//66 2308//66
f 2316//419 2317//419 2308//419
f 2317//419 2309//419 2308//419
f 2318//66 2305//66 2314//66
f 2315//418 2319//418 2314//418
f 2319//420 2318//420 2314//420
f 2252//66 2318//66 2316//66
f 2318//421 2320//421 2316//421
f 2320//421 2317//421 2316//421
f 2252//66 2305//66 2318//66
f 2319//420 2320//420 2318//420
f 2321//353 2235//353 2234//353
f 2310//107 2321//107 2234//107
f 2322//358 2311//358 2240//358
f 2239//358 2322//358 2240//358
f 2323//353 2255//353 2250//353
f 2312//107 2323//107 2250//107
f 2324//358 2313//358 2265//358
f 2264//358 2324//358 2265//358
f 2325//360 2236//360 2235//360
f 2321//353 2325//353 2235//353
f 2326//361 2322//361 2239//361
f 2238//361 2326//361 2239//361
f 2327//360 2256//360 2255//360
f 2323//353 2327//353 2255//353
f 2328//361 2324//361 2264//361
f 2259//361 2328//361 2264//361
f 2329//66 2228//66 2236//66
f 2330//744 2329//744 2236//744
f 2325//360 2330//360 2236//360
f 2331//745 2326//745 2238//745
f 2237//745 2331//745 2238//745
f 2332//744 2251//744 2256//744
f 2327//360 2332//360 2256//360
f 2333//745 2328//745 2259//745
f 2258//745 2333//745 2259//745
f 2219//66 88//66 90//66
f 93//66 2276//66 94//66
f 2334//66 2228//66 2329//66
f 2335//171 2334//171 2329//171
f 2330//744 2335//744 2329//744
f 2336//170 2331//170 2237//170
f 2245//170 2336//170 2237//170
f 2337//66 2252//66 2251//66
f 2338//168 2337//168 2251//168
f 2332//744 2338//744 2251//744
f 2339//169 2333//169 2258//169
f 2257//170 2339//170 2258//170
f 2340//66 2228//66 2334//66
f 2341//746 2340//746 2334//746
f 2335//168 2341//168 2334//168
f 2305//747 2336//747 2245//747
f 2342//66 2252//66 2337//66
f 2343//746 2342//746 2337//746
f 2338//168 2343//168 2337//168
f 2267//66 2344//66 2257//66
f 2344//747 2339//747 2257//747
f 2219//66 98//66 88//66
f 97//38 89//38 88//38
f 96//66 98//66 2219//66
f 2218//66 2345//66 2219//66
f 2345//66 2346//66 2219//66
f 2346//66 96//66 2219//66
f 2220//66 2347//66 2218//66
f 2347//66 2345//66 2218//66
f 2221//66 2348//66 2220//66
f 2348//66 2347//66 2220//66
f 2222//66 2349//66 2221//66
f 2349//66 2348//66 2221//66
f 2223//66 2350//66 2222//66
f 2350//66 2349//66 2222//66
f 2224//66 2351//66 2223//66
f 2351//66 2350//66 2223//66
f 2225//66 2352//66 2224//66
f 2352//66 2351//66 2224//66
f 2226//66 2353//66 2225//66
f 2353//66 2352//66 2225//66
f 2227//66 2354//66 2226//66
f 2354//66 2353//66 2226//66
f 2228//66 2355//66 2227//66
f 2355//66 2354//66 2227//66
f 2340//66 2356//66 2228//66
f 2356//66 2355//66 2228//66
f 2341//178 2357//178 2340//178
f 2358//180 2336//180 2305//180
f 2359//66 2305//66 2252//66
f 2342//66 2359//66 2252//66
f 2343//178 2360//178 2342//178
f 2361//180 2339//180 2344//180
f 2362//66 2344//66 2267//66
f 2266//66 2363//66 2267//66
f 2363//66 2364//66 2267//66
f 2364//66 2362//66 2267//66
f 2268//66 2365//66 2266//66
f 2365//66 2363//66 2266//66
f 2269//66 2366//66 2268//66
f 2366//66 2365//66 2268//66
f 2270//66 2367//66 2269//66
f 2367//66 2366//66 2269//66
f 2271//66 2368//66 2270//66
f 2368//66 2367//66 2270//66
f 2272//66 2369//66 2271//66
f 2369//66 2368//66 2271//66
f 2273//66 2370//66 2272//66
f 2370//66 2369//66 2272//66
f 2274//66 2371//66 2273//66
f 2371//66 2370//66 2273//66
f 2275//66 2372//66 2274//66
f 2372//66 2371//66 2274//66
f 2276//66 2373//66 2275//66
f 2373//66 2372//66 2275//66
f 93//66 101//66 2276//66
f 101//66 2373//66 2276//66
f 92//748 102//748 93//748
f 2357//749 2356//749 2340//749
f 2359//66 2374//66 2305//66
f 2375//750 2358//750 2305//750
f 2374//751 2375//751 2305//751
f 2376//66 2359//66 2342//66
f 2360//749 2376//749 2342//749
f 2377//750 2361//750 2344//750
f 2362//751 2377//751 2344//751
f 2378//66 2355//66 2356//66
f 2379//752 2378//752 2356//752
f 2357//753 2379//753 2356//753
f 2359//66 2380//66 2374//66
f 2381//754 2375//754 2374//754
f 2380//754 2381//754 2374//754
f 2382//66 2359//66 2376//66
f 2383//752 2382//752 2376//752
f 2360//753 2383//753 2376//753
f 2364//66 2384//66 2362//66
f 2385//754 2377//754 2362//754
f 2384//754 2385//754 2362//754
f 2386//66 2355//66 2378//66
f 2387//755 2386//755 2378//755
f 2379//752 2387//752 2378//752
f 2359//66 2388//66 2380//66
f 2389//756 2381//756 2380//756
f 2388//756 2389//756 2380//756
f 2390//66 2359//66 2382//66
f 2391//755 2390//755 2382//755
f 2383//752 2391//752 2382//752
f 2364//66 2392//66 2384//66
f 2393//756 2385//756 2384//756
f 2392//756 2393//756 2384//756
f 2394//66 2355//66 2386//66
f 2395//201 2394//201 2386//201
f 2387//755 2395//755 2386//755
f 2359//66 2396//66 2388//66
f 2397//199 2389//199 2388//199
f 2396//199 2397//199 2388//199
f 2398//66 2359//66 2390//66
f 2399//201 2398//201 2390//201
f 2391//755 2399//755 2390//755
f 2364//66 2400//66 2392//66
f 2401//199 2393//199 2392//199
f 2400//199 2401//199 2392//199
f 2402//66 2355//66 2394//66
f 2403//415 2402//415 2394//415
f 2395//201 2403//201 2394//201
f 2359//66 2404//66 2396//66
f 2405//416 2397//416 2396//416
f 2404//416 2405//416 2396//416
f 2406//66 2359//66 2398//66
f 2407//415 2406//415 2398//415
f 2399//201 2407//201 2398//201
f 2364//66 2408//66 2400//66
f 2409//416 2401//416 2400//416
f 2408//416 2409//416 2400//416
f 2410//66 2355//66 2402//66
f 2411//723 2410//723 2402//723
f 2403//415 2411//415 2402//415
f 2359//66 2412//66 2404//66
f 2413//757 2405//757 2404//757
f 2412//757 2413//757 2404//757
f 2414//66 2359//66 2406//66
f 2415//723 2414//723 2406//723
f 2407//415 2415//415 2406//415
f 2364//66 2416//66 2408//66
f 2417//757 2409//757 2408//757
f 2416//757 2417//757 2408//757
f 2418//66 2355//66 2410//66
f 2419//758 2418//758 2410//758
f 2411//723 2419//723 2410//723
f 2359//66 2420//66 2412//66
f 2421//759 2413//759 2412//759
f 2420//759 2421//759 2412//759
f 2422//66 2359//66 2414//66
f 2423//758 2422//758 2414//758
f 2415//723 2423//723 2414//723
f 2364//66 2424//66 2416//66
f 2425//759 2417//759 2416//759
f 2424//759 2425//759 2416//759
f 2426//66 2355//66 2418//66
f 2427//760 2426//760 2418//760
f 2419//758 2427//758 2418//758
f 2355//66 2426//66 2420//66
f 2359//66 2355//66 2420//66
f 2428//761 2421//761 2420//761
f 2426//761 2428//761 2420//761
f 2429//66 2359//66 2422//66
f 2430//760 2429//760 2422//760
f 2423//758 2430//758 2422//758
f 2364//66 2429//66 2424//66
f 2431//761 2425//761 2424//761
f 2429//761 2431//761 2424//761
f 2427//760 2428//760 2426//760
f 2364//66 2359//66 2429//66
f 2430//760 2431//760 2429//760
f 100//66 2373//66 101//66
f 2346//66 105//66 96//66
f 104//42 97//42 96//42
f 2432//66 2433//66 2346//66
f 2433//66 2434//66 2346//66
f 2345//66 2435//66 2346//66
f 2435//66 2436//66 2346//66
f 2436//66 2432//66 2346//66
f 2437//66 2438//66 2346//66
f 2434//66 2439//66 2346//66
f 2439//66 2440//66 2346//66
f 2440//66 2437//66 2346//66
f 125//66 121//66 2346//66
f 2438//66 125//66 2346//66
f 121//66 110//66 2346//66
f 110//66 103//66 2346//66
f 103//66 105//66 2346//66
f 2441//66 2442//66 2345//66
f 2442//66 2443//66 2345//66
f 2443//66 2435//66 2345//66
f 2444//66 2441//66 2345//66
f 2347//66 2444//66 2345//66
f 2445//66 2444//66 2347//66
f 133//66 2446//66 2347//66
f 2446//66 2447//66 2347//66
f 2447//66 2448//66 2347//66
f 2448//66 2449//66 2347//66
f 2449//66 2450//66 2347//66
f 2450//66 2451//66 2347//66
f 2451//66 2445//66 2347//66
f 116//66 133//66 2347//66
f 114//66 116//66 2347//66
f 2348//66 114//66 2347//66
f 2452//66 2453//66 2348//66
f 2454//66 2452//66 2348//66
f 2349//66 2455//66 2348//66
f 2455//66 2456//66 2348//66
f 2456//66 2454//66 2348//66
f 2453//66 2457//66 2348//66
f 2457//66 2458//66 2348//66
f 2458//66 2459//66 2348//66
f 2459//66 2460//66 2348//66
f 2460//66 2461//66 2348//66
f 2461//66 114//66 2348//66
f 2462//66 2463//66 2349//66
f 2464//66 2462//66 2349//66
f 2463//66 2465//66 2349//66
f 2465//66 2455//66 2349//66
f 2466//66 2467//66 2349//66
f 2467//66 2468//66 2349//66
f 2468//66 2469//66 2349//66
f 2469//66 2470//66 2349//66
f 2470//66 2471//66 2349//66
f 2471//66 2464//66 2349//66
f 2350//66 2472//66 2349//66
f 2472//66 2473//66 2349//66
f 2473//66 2466//66 2349//66
f 2351//66 2474//66 2350//66
f 2474//66 2472//66 2350//66
f 2475//66 2476//66 2351//66
f 2352//66 2477//66 2351//66
f 2477//66 2475//66 2351//66
f 2476//66 2478//66 2351//66
f 2478//66 2479//66 2351//66
f 2479//66 2474//66 2351//66
f 2480//66 2481//66 2352//66
f 2481//66 2477//66 2352//66
f 2482//66 2483//66 2352//66
f 2483//66 2480//66 2352//66
f 2484//66 2482//66 2352//66
f 2485//66 2484//66 2352//66
f 2353//66 2485//66 2352//66
f 2486//66 2485//66 2353//66
f 2354//66 2486//66 2353//66
f 2355//66 2487//66 2354//66
f 2487//66 2488//66 2354//66
f 2488//66 2486//66 2354//66
f 2359//66 2489//66 2355//66
f 2489//66 2487//66 2355//66
f 2364//66 2490//66 2359//66
f 2490//66 2491//66 2359//66
f 2491//66 2489//66 2359//66
f 2363//66 2492//66 2364//66
f 2492//66 2490//66 2364//66
f 2365//66 2493//66 2363//66
f 2493//66 2494//66 2363//66
f 2494//66 2492//66 2363//66
f 2366//66 2495//66 2365//66
f 2495//66 2493//66 2365//66
f 2367//66 2496//66 2366//66
f 2496//66 2495//66 2366//66
f 2368//66 2497//66 2367//66
f 2497//66 2496//66 2367//66
f 2369//66 2498//66 2368//66
f 2498//66 2497//66 2368//66
f 2499//66 2500//66 2369//66
f 2501//66 2499//66 2369//66
f 2370//66 2502//66 2369//66
f 2502//66 2503//66 2369//66
f 2503//66 2501//66 2369//66
f 2500//66 2504//66 2369//66
f 2504//66 2505//66 2369//66
f 2505//66 2506//66 2369//66
f 2506//66 2507//66 2369//66
f 2507//66 2508//66 2369//66
f 2508//66 2498//66 2369//66
f 2509//66 2510//66 2370//66
f 2511//66 2509//66 2370//66
f 2510//66 2512//66 2370//66
f 2512//66 2502//66 2370//66
f 2513//66 2514//66 2370//66
f 2514//66 2515//66 2370//66
f 2515//66 2516//66 2370//66
f 2516//66 2517//66 2370//66
f 2517//66 2518//66 2370//66
f 2518//66 2511//66 2370//66
f 2519//66 2513//66 2370//66
f 119//66 2519//66 2370//66
f 2371//66 119//66 2370//66
f 2372//66 120//66 2371//66
f 120//66 119//66 2371//66
f 2520//66 2521//66 2372//66
f 2373//66 2522//66 2372//66
f 2522//66 2523//66 2372//66
f 2523//66 2520//66 2372//66
f 2521//66 2524//66 2372//66
f 2524//66 2525//66 2372//66
f 2525//66 2526//66 2372//66
f 2526//66 2527//66 2372//66
f 2527//66 2528//66 2372//66
f 2528//66 135//66 2372//66
f 135//66 140//66 2372//66
f 140//66 120//66 2372//66
f 2529//66 2530//66 2373//66
f 2530//66 2531//66 2373//66
f 2531//66 2532//66 2373//66
f 2533//66 2529//66 2373//66
f 100//66 2533//66 2373//66
f 2532//66 2522//66 2373//66
f 108//66 2534//66 100//66
f 2534//66 2535//66 100//66
f 2535//66 2536//66 100//66
f 2537//66 2533//66 100//66
f 2536//66 2538//66 100//66
f 2538//66 2539//66 100//66
f 2539//66 2537//66 100//66
f 99//44 109//44 100//44
f 2540//434 2435//434 2443//434
f 2541//603 2540//603 2443//603
f 2442//603 2541//603 2443//603
f 2465//603 2542//603 2455//603
f 2542//603 2543//603 2455//603
f 2543//434 2456//434 2455//434
f 2512//433 2544//433 2502//433
f 2544//433 2545//433 2502//433
f 2545//604 2503//604 2502//604
f 2546//605 2532//605 2531//605
f 2547//433 2546//433 2531//433
f 2530//433 2547//433 2531//433
f 2548//606 2436//606 2435//606
f 2540//434 2548//434 2435//434
f 2441//607 2541//607 2442//607
f 2543//434 2549//434 2456//434
f 2549//608 2454//608 2456//608
f 2463//607 2550//607 2465//607
f 2550//607 2542//607 2465//607
f 2545//604 2551//604 2503//604
f 2551//608 2501//608 2503//608
f 2510//607 2552//607 2512//607
f 2552//607 2544//607 2512//607
f 2546//609 2553//609 2532//609
f 2554//610 2547//610 2530//610
f 2529//607 2554//607 2530//607
f 2555//98 2522//98 2532//98
f 2553//606 2555//606 2532//606
f 2556//607 2541//607 2441//607
f 2557//611 2432//611 2436//611
f 2548//608 2557//608 2436//608
f 2558//612 2556//612 2441//612
f 2444//613 2558//613 2441//613
f 2549//608 2559//608 2454//608
f 2559//614 2452//614 2454//614
f 2462//612 2560//612 2463//612
f 2560//612 2550//612 2463//612
f 2551//608 2561//608 2501//608
f 2561//615 2499//615 2501//615
f 2509//616 2562//616 2510//616
f 2562//616 2552//616 2510//616
f 2555//615 2523//615 2522//615
f 2563//617 2554//617 2529//617
f 2533//616 2563//616 2529//616
f 2564//618 2433//618 2432//618
f 2557//614 2564//614 2432//614
f 2565//124 2558//124 2444//124
f 2445//124 2565//124 2444//124
f 2559//614 2566//614 2452//614
f 2566//123 2453//123 2452//123
f 2464//124 2567//124 2462//124
f 2567//124 2560//124 2462//124
f 2561//615 2568//615 2499//615
f 2568//123 2500//123 2499//123
f 2511//124 2569//124 2509//124
f 2569//124 2562//124 2509//124
f 2570//123 2520//123 2523//123
f 2555//619 2570//619 2523//619
f 2571//620 2563//620 2533//620
f 2537//620 2571//620 2533//620
f 2572//621 2434//621 2433//621
f 2564//618 2572//618 2433//618
f 2573//622 2565//622 2445//622
f 2451//622 2573//622 2445//622
f 2566//123 2574//123 2453//123
f 2574//107 2457//107 2453//107
f 2471//622 2575//622 2464//622
f 2575//622 2567//622 2464//622
f 2568//123 2576//123 2500//123
f 2576//621 2504//621 2500//621
f 2518//127 2577//127 2511//127
f 2577//127 2569//127 2511//127
f 2578//621 2521//621 2520//621
f 2570//123 2578//123 2520//123
f 2579//622 2571//622 2537//622
f 2539//622 2579//622 2537//622
f 2580//623 2439//623 2434//623
f 2572//621 2580//621 2434//621
f 2581//624 2573//624 2451//624
f 2450//624 2581//624 2451//624
f 2574//107 2582//107 2457//107
f 2582//132 2458//132 2457//132
f 2470//134 2583//134 2471//134
f 2583//133 2575//133 2471//133
f 2576//621 2584//621 2504//621
f 2584//132 2505//132 2504//132
f 2517//135 2585//135 2518//135
f 2585//135 2577//135 2518//135
f 2586//623 2524//623 2521//623
f 2578//621 2586//621 2521//621
f 2587//624 2579//624 2539//624
f 2538//135 2587//135 2539//135
f 2588//762 2589//762 2477//762
f 2589//763 2475//763 2477//763
f 2481//764 2588//764 2477//764
f 2589//765 2590//765 2475//765
f 2590//766 2476//766 2475//766
f 2480//100 2591//100 2481//100
f 2591//767 2588//767 2481//767
f 2592//105 2591//105 2480//105
f 2593//625 2440//625 2439//625
f 2580//132 2593//132 2439//132
f 2594//626 2581//626 2450//626
f 2449//626 2594//626 2450//626
f 2582//132 2595//132 2458//132
f 2595//442 2459//442 2458//442
f 2469//627 2596//627 2470//627
f 2596//443 2583//443 2470//443
f 2584//623 2597//623 2505//623
f 2597//625 2506//625 2505//625
f 2516//443 2598//443 2517//443
f 2598//443 2585//443 2517//443
f 2599//625 2525//625 2524//625
f 2586//623 2599//623 2524//623
f 2600//626 2587//626 2538//626
f 2536//628 2600//628 2538//628
f 2590//768 2601//768 2476//768
f 2601//660 2478//660 2476//660
f 2483//769 2602//769 2480//769
f 2602//770 2592//770 2480//770
f 2603//629 2437//629 2440//629
f 2593//630 2603//630 2440//630
f 2604//157 2594//157 2449//157
f 2448//157 2604//157 2449//157
f 2595//442 2605//442 2459//442
f 2605//155 2460//155 2459//155
f 2468//157 2606//157 2469//157
f 2606//159 2596//159 2469//159
f 2597//625 2607//625 2506//625
f 2607//158 2507//158 2506//158
f 2515//157 2608//157 2516//157
f 2608//157 2598//157 2516//157
f 2609//629 2526//629 2525//629
f 2599//625 2609//625 2525//625
f 2610//631 2600//631 2536//631
f 2535//631 2610//631 2536//631
f 2601//771 2611//771 2478//771
f 2611//665 2479//665 2478//665
f 2612//168 2438//168 2437//168
f 2603//629 2612//629 2437//629
f 2613//170 2604//170 2448//170
f 2447//377 2613//377 2448//377
f 2605//155 2614//155 2460//155
f 2614//381 2461//381 2460//381
f 2467//170 2615//170 2468//170
f 2615//377 2606//377 2468//377
f 2607//155 2616//155 2507//155
f 2616//381 2508//381 2507//381
f 2514//170 2617//170 2515//170
f 2617//377 2608//377 2515//377
f 2618//632 2527//632 2526//632
f 2609//629 2618//629 2526//629
f 2619//170 2610//170 2535//170
f 2534//170 2619//170 2535//170
f 2482//732 2620//732 2483//732
f 2620//125 2602//125 2483//125
f 2621//66 2474//66 2479//66
f 2611//265 2622//265 2479//265
f 2622//667 2621//667 2479//667
f 2623//583 2620//583 2482//583
f 2624//66 125//66 2438//66
f 2625//178 2624//178 2438//178
f 2612//168 2625//168 2438//168
f 2626//179 2613//179 2447//179
f 2446//180 2626//180 2447//180
f 2627//66 114//66 2461//66
f 2614//168 2628//168 2461//168
f 2628//178 2627//178 2461//178
f 2466//179 2629//179 2467//179
f 2629//180 2615//180 2467//180
f 2630//66 2498//66 2508//66
f 2616//168 2631//168 2508//168
f 2631//178 2630//178 2508//178
f 2513//179 2632//179 2514//179
f 2632//180 2617//180 2514//180
f 2633//633 2528//633 2527//633
f 2618//632 2633//632 2527//632
f 108//66 2634//66 2534//66
f 2635//180 2619//180 2534//180
f 2634//180 2635//180 2534//180
f 2484//66 2636//66 2482//66
f 2636//772 2637//772 2482//772
f 2637//734 2623//734 2482//734
f 2638//66 2474//66 2621//66
f 2622//773 2639//773 2621//773
f 2639//152 2638//152 2621//152
f 2484//66 2640//66 2636//66
f 2640//774 2637//774 2636//774
f 2641//66 125//66 2624//66
f 2642//391 2641//391 2624//391
f 2625//178 2642//178 2624//178
f 133//66 2643//66 2446//66
f 2644//634 2626//634 2446//634
f 2643//635 2644//635 2446//635
f 2645//66 114//66 2627//66
f 2628//181 2646//181 2627//181
f 2646//636 2645//636 2627//636
f 2473//66 2647//66 2466//66
f 2647//635 2648//635 2466//635
f 2648//635 2629//635 2466//635
f 2649//66 2498//66 2630//66
f 2631//181 2650//181 2630//181
f 2650//636 2649//636 2630//636
f 2519//66 2651//66 2513//66
f 2651//635 2652//635 2513//635
f 2652//635 2632//635 2513//635
f 2653//66 135//66 2528//66
f 2654//391 2653//391 2528//391
f 2633//633 2654//633 2528//633
f 108//66 2655//66 2634//66
f 2656//394 2635//394 2634//394
f 2655//394 2656//394 2634//394
f 2657//775 2637//775 2640//775
f 2658//66 2474//66 2638//66
f 2639//776 2658//776 2638//776
f 2484//66 2659//66 2640//66
f 2659//777 2657//777 2640//777
f 2660//66 125//66 2641//66
f 2661//450 2660//450 2641//450
f 2642//391 2661//391 2641//391
f 133//66 2662//66 2643//66
f 2663//637 2644//637 2643//637
f 2662//637 2663//637 2643//637
f 2664//66 114//66 2645//66
f 2646//636 2665//636 2645//636
f 2665//448 2664//448 2645//448
f 2473//66 2666//66 2647//66
f 2666//447 2667//447 2647//447
f 2667//447 2648//447 2647//447
f 2668//66 2498//66 2649//66
f 2650//636 2669//636 2649//636
f 2669//638 2668//638 2649//638
f 2519//66 2670//66 2651//66
f 2670//449 2671//449 2651//449
f 2671//447 2652//447 2651//447
f 2672//66 135//66 2653//66
f 2673//450 2672//450 2653//450
f 2654//391 2673//391 2653//391
f 107//66 2674//66 2655//66
f 108//66 107//66 2655//66
f 2675//637 2656//637 2655//637
f 2674//637 2675//637 2655//637
f 2639//778 2676//778 2658//778
f 2677//779 2657//779 2659//779
f 2678//66 2474//66 2658//66
f 2676//780 2679//780 2658//780
f 2679//781 2678//781 2658//781
f 2484//66 2678//66 2659//66
f 2678//782 2677//782 2659//782
f 2679//783 2677//783 2678//783
f 2484//66 2474//66 2678//66
f 2680//66 125//66 2660//66
f 2681//319 2680//319 2660//319
f 2661//450 2681//450 2660//450
f 133//66 2682//66 2662//66
f 2683//453 2663//453 2662//453
f 2682//453 2683//453 2662//453
f 2684//66 114//66 2664//66
f 2665//446 2685//446 2664//446
f 2685//319 2684//319 2664//319
f 2473//66 2686//66 2666//66
f 2686//784 2687//784 2666//784
f 2687//452 2667//452 2666//452
f 2688//66 2498//66 2668//66
f 2669//450 2689//450 2668//450
f 2689//451 2688//451 2668//451
f 2519//66 2690//66 2670//66
f 2690//322 2691//322 2670//322
f 2691//322 2671//322 2670//322
f 2692//66 135//66 2672//66
f 2693//451 2692//451 2672//451
f 2673//450 2693//450 2672//450
f 113//66 2694//66 2674//66
f 107//66 113//66 2674//66
f 2695//322 2675//322 2674//322
f 2694//453 2695//453 2674//453
f 2696//66 125//66 2680//66
f 2697//785 2696//785 2680//785
f 2681//451 2697//451 2680//451
f 133//66 2698//66 2682//66
f 2699//786 2683//786 2682//786
f 2698//786 2699//786 2682//786
f 2700//66 114//66 2684//66
f 2685//319 2701//319 2684//319
f 2701//201 2700//201 2684//201
f 2702//66 2703//66 2686//66
f 2473//66 2702//66 2686//66
f 2703//786 2704//786 2686//786
f 2704//786 2687//786 2686//786
f 2705//66 2498//66 2688//66
f 2706//66 2705//66 2688//66
f 2689//319 2707//319 2688//319
f 2707//785 2706//785 2688//785
f 2519//66 2708//66 2690//66
f 2708//199 2709//199 2690//199
f 2709//199 2691//199 2690//199
f 2710//66 135//66 2692//66
f 2711//785 2710//785 2692//785
f 2693//451 2711//451 2692//451
f 113//66 2712//66 2694//66
f 2713//786 2695//786 2694//786
f 2712//786 2713//786 2694//786
f 2714//66 125//66 2696//66
f 2715//787 2714//787 2696//787
f 2697//785 2715//785 2696//785
f 133//66 2716//66 2698//66
f 2717//203 2699//203 2698//203
f 2716//203 2717//203 2698//203
f 2718//66 114//66 2700//66
f 2701//201 2719//201 2700//201
f 2719//202 2718//202 2700//202
f 2702//66 2720//66 2703//66
f 2720//203 2721//203 2703//203
f 2721//203 2704//203 2703//203
f 2722//66 2705//66 2706//66
f 2707//785 2723//785 2706//785
f 2723//202 2722//202 2706//202
f 2519//66 2724//66 2708//66
f 2724//203 2725//203 2708//203
f 2725//203 2709//203 2708//203
f 2726//66 135//66 2710//66
f 2727//202 2726//202 2710//202
f 2711//785 2727//785 2710//785
f 113//66 2728//66 2712//66
f 2729//788 2713//788 2712//788
f 2728//788 2729//788 2712//788
f 2730//66 125//66 2714//66
f 2731//647 2730//647 2714//647
f 2715//787 2731//787 2714//787
f 133//66 2732//66 2716//66
f 2733//648 2717//648 2716//648
f 2732//649 2733//649 2716//649
f 2734//66 114//66 2718//66
f 2719//202 2735//202 2718//202
f 2735//647 2734//647 2718//647
f 2702//66 2736//66 2720//66
f 2736//649 2737//649 2720//649
f 2737//649 2721//649 2720//649
f 2738//66 2705//66 2722//66
f 2723//202 2739//202 2722//202
f 2739//650 2738//650 2722//650
f 2519//66 2740//66 2724//66
f 2740//651 2741//651 2724//651
f 2741//651 2725//651 2724//651
f 2742//66 135//66 2726//66
f 2743//652 2742//652 2726//652
f 2727//202 2743//202 2726//202
f 113//66 124//66 2728//66
f 124//66 2744//66 2728//66
f 2745//651 2729//651 2728//651
f 2744//653 2745//653 2728//653
f 2746//66 125//66 2730//66
f 2747//418 2746//418 2730//418
f 2731//654 2747//654 2730//654
f 132//66 2748//66 2732//66
f 133//66 132//66 2732//66
f 2748//419 2733//419 2732//419
f 2749//66 114//66 2734//66
f 2735//647 2750//647 2734//647
f 2750//418 2749//418 2734//418
f 2702//66 2751//66 2736//66
f 2751//419 2752//419 2736//419
f 2752//419 2737//419 2736//419
f 2753//66 2705//66 2738//66
f 2739//650 2754//650 2738//650
f 2754//418 2753//418 2738//418
f 2519//66 2755//66 2740//66
f 2755//419 2756//419 2740//419
f 2756//419 2741//419 2740//419
f 129//66 135//66 2742//66
f 2757//66 129//66 2742//66
f 2758//562 2757//562 2742//562
f 2743//650 2758//650 2742//650
f 124//66 2759//66 2744//66
f 2760//419 2745//419 2744//419
f 2759//655 2760//655 2744//655
f 2761//419 2733//419 2748//419
f 2758//656 2762//656 2757//656
f 2763//66 132//66 2746//66
f 132//66 125//66 2746//66
f 2764//214 2763//214 2746//214
f 2747//656 2764//656 2746//656
f 132//66 2763//66 2748//66
f 2765//657 2761//657 2748//657
f 2763//657 2765//657 2748//657
f 2702//66 114//66 2749//66
f 2766//66 2702//66 2749//66
f 2750//418 2767//418 2749//418
f 2767//214 2766//214 2749//214
f 2702//66 2766//66 2751//66
f 2766//657 2768//657 2751//657
f 2768//657 2752//657 2751//657
f 2769//66 2705//66 2753//66
f 2754//418 2770//418 2753//418
f 2770//658 2769//658 2753//658
f 2519//66 2769//66 2755//66
f 2769//215 2771//215 2755//215
f 2771//215 2756//215 2755//215
f 2772//66 129//66 2757//66
f 2762//789 2772//789 2757//789
f 129//66 2772//66 2759//66
f 124//66 129//66 2759//66
f 2773//215 2760//215 2759//215
f 2772//215 2773//215 2759//215
f 2764//214 2765//214 2763//214
f 2767//214 2768//214 2766//214
f 2519//66 2705//66 2769//66
f 2770//658 2771//658 2769//658
f 2762//658 2773//658 2772//658
f 117//66 133//66 116//66
f 2774//47 115//47 114//47
f 2702//47 2774//47 114//47
f 2473//47 2774//47 2702//47
f 2472//47 2774//47 2473//47
f 2474//47 2774//47 2472//47
f 2775//47 2774//47 2474//47
f 2484//47 2775//47 2474//47
f 2485//47 2775//47 2484//47
f 2486//47 2775//47 2485//47
f 2488//47 2775//47 2486//47
f 2487//47 2775//47 2488//47
f 2776//47 2775//47 2487//47
f 2489//47 2776//47 2487//47
f 2491//47 2776//47 2489//47
f 2777//47 2776//47 2491//47
f 2490//47 2777//47 2491//47
f 2492//47 2777//47 2490//47
f 2494//47 2777//47 2492//47
f 2493//47 2777//47 2494//47
f 2495//47 2777//47 2493//47
f 2778//47 2777//47 2495//47
f 2496//47 2778//47 2495//47
f 2497//47 2778//47 2496//47
f 2498//47 2778//47 2497//47
f 2705//47 2778//47 2498//47
f 2519//47 2778//47 2705//47
f 2779//47 2778//47 2519//47
f 119//47 2779//47 2519//47
f 118//47 2779//47 119//47
f 140//10 118//10 120//10
f 132//50 131//50 125//50
f 131//790 126//790 125//790
f 128//791 134//791 129//791
f 134//58 2780//58 135//58
f 2780//792 138//792 135//792
f 136//54 130//54 133//54
f 115//16 137//16 117//16
f 139//10 118//10 140//10
f 2781//47 2782//47 115//47
f 2783//47 2784//47 115//47
f 2782//47 2783//47 115//47
f 2785//47 2781//47 115//47
f 2774//47 2785//47 115//47
f 2784//16 137//16 115//16
f 2786//47 2787//47 2774//47
f 2788//47 2789//47 2774//47
f 2789//47 2786//47 2774//47
f 2787//793 2790//793 2774//793
f 2790//47 2785//47 2774//47
f 2791//47 2792//47 2774//47
f 2792//47 2793//47 2774//47
f 2793//47 2788//47 2774//47
f 2794//47 2795//47 2774//47
f 2795//47 2791//47 2774//47
f 2775//47 2794//47 2774//47
f 2796//47 2797//47 2775//47
f 2797//47 2798//47 2775//47
f 2798//47 2799//47 2775//47
f 2799//793 2800//793 2775//793
f 2800//47 2801//47 2775//47
f 2801//794 2794//794 2775//794
f 2802//47 2803//47 2775//47
f 2803//47 2804//47 2775//47
f 2804//47 2796//47 2775//47
f 2805//47 2802//47 2775//47
f 2776//47 2806//47 2775//47
f 2806//47 2805//47 2775//47
f 2807//47 2808//47 2776//47
f 2808//47 2809//47 2776//47
f 2809//47 2810//47 2776//47
f 2810//795 2806//795 2776//795
f 2811//47 2812//47 2776//47
f 2812//47 2813//47 2776//47
f 2813//47 2814//47 2776//47
f 2777//47 2815//47 2776//47
f 2815//47 2811//47 2776//47
f 2814//47 2816//47 2776//47
f 2816//47 2817//47 2776//47
f 2817//47 2807//47 2776//47
f 2818//47 2819//47 2777//47
f 2819//47 2820//47 2777//47
f 2820//47 2821//47 2777//47
f 2821//793 2822//793 2777//793
f 2822//47 2815//47 2777//47
f 2823//47 2818//47 2777//47
f 2824//47 2825//47 2777//47
f 2826//47 2827//47 2777//47
f 2827//793 2824//793 2777//793
f 2825//47 2828//47 2777//47
f 2828//47 2823//47 2777//47
f 2778//47 2829//47 2777//47
f 2829//794 2826//794 2777//794
f 2830//47 2831//47 2778//47
f 2831//47 2832//47 2778//47
f 2832//47 2833//47 2778//47
f 2833//47 2829//47 2778//47
f 2834//793 2835//793 2778//793
f 2835//47 2836//47 2778//47
f 2836//47 2837//47 2778//47
f 2837//47 2838//47 2778//47
f 2838//47 2830//47 2778//47
f 2779//47 2839//47 2778//47
f 2839//47 2834//47 2778//47
f 2840//47 2841//47 2779//47
f 2841//47 2842//47 2779//47
f 2842//47 2843//47 2779//47
f 2843//47 2844//47 2779//47
f 2844//47 2839//47 2779//47
f 118//47 2845//47 2779//47
f 2845//47 2846//47 2779//47
f 2846//47 2840//47 2779//47
f 139//10 2845//10 118//10
f 2847//796 186//796 185//796
f 2848//797 215//797 174//797
f 2849//798 2848//798 174//798
f 2850//799 2849//799 174//799
f 2851//800 198//800 221//800
f 2852//796 2851//796 221//796
f 254//801 2853//801 255//801
f 2854//88 352//88 351//88
f 2855//802 2856//802 351//802
f 492//803 2857//803 581//803
f 2858//804 2859//804 595//804
f 2860//805 747//805 605//805
f 600//806 2861//806 605//806
f 2862//807 649//807 34//807
f 2863//808 2864//808 34//808
f 2865//809 2866//809 1212//809
f 1213//810 2865//810 1212//810
f 2867//811 2868//811 2785//811
f 2790//812 2867//812 2785//812
f 2869//811 2870//811 2794//811
f 2801//813 2869//813 2794//813
f 2871//814 2805//814 2806//814
f 2872//815 2871//815 2806//815
f 2873//811 2811//811 2815//811
f 2874//816 2873//816 2815//816
f 2875//817 2826//817 2829//817
f 2847//818 2876//818 186//818
f 2877//819 2850//819 174//819
f 173//820 2877//820 174//820
f 2852//821 2878//821 2851//821
f 2879//822 2853//822 254//822
f 2853//823 273//823 255//823
f 2880//824 2854//824 351//824
f 2856//825 2880//825 351//825
f 2881//826 2857//826 492//826
f 587//827 2855//827 351//827
f 2857//828 582//828 581//828
f 2859//829 593//829 595//829
f 2882//830 2861//830 600//830
f 603//831 2858//831 595//831
f 2883//289 2860//289 605//289
f 2861//832 2883//832 605//832
f 2884//833 2862//833 34//833
f 2864//834 2884//834 34//834
f 2885//835 2865//835 1213//835
f 33//836 2863//836 34//836
f 2810//837 2872//837 2806//837
f 2886//838 2875//838 2829//838
f 2887//839 2834//839 2839//839
f 2888//840 2887//840 2839//840
f 2844//841 2888//841 2839//841
f 2876//842 159//842 186//842
f 2889//843 2847//843 185//843
f 197//844 2889//844 185//844
f 2850//845 2890//845 2849//845
f 2891//846 198//846 2851//846
f 2878//842 2891//842 2851//842
f 2892//847 2852//847 221//847
f 265//844 2892//844 221//844
f 2853//848 2893//848 273//848
f 2856//849 2894//849 2880//849
f 2857//850 2895//850 582//850
f 2859//851 2896//851 593//851
f 2861//852 2897//852 2883//852
f 2864//853 2898//853 2884//853
f 1211//854 2885//854 1213//854
f 2899//855 1417//855 1212//855
f 2866//856 2899//856 1212//856
f 2868//857 2781//857 2785//857
f 2900//858 2867//858 2790//858
f 2901//859 2795//859 2794//859
f 2870//860 2901//860 2794//860
f 2902//861 2869//861 2801//861
f 2800//862 2902//862 2801//862
f 2903//858 2872//858 2810//858
f 2873//863 2812//863 2811//863
f 2822//864 2874//864 2815//864
f 2904//865 2827//865 2826//865
f 2875//866 2904//866 2826//866
f 2833//867 2886//867 2829//867
f 2887//868 2905//868 2834//868
f 2876//869 2906//869 159//869
f 2907//797 2848//797 2849//797
f 2890//870 2907//870 2849//870
f 2878//871 2908//871 2891//871
f 2909//872 2879//872 254//872
f 248//873 2909//873 254//873
f 2910//874 2854//874 2880//874
f 2894//875 2910//875 2880//875
f 491//876 2881//876 492//876
f 2911//877 2855//877 587//877
f 586//878 2911//878 587//878
f 2896//879 594//879 593//879
f 2912//880 2882//880 600//880
f 599//881 2912//881 600//881
f 2913//882 2858//882 603//882
f 609//883 2913//883 603//883
f 2914//884 2862//884 2884//884
f 2898//885 2914//885 2884//885
f 873//886 2885//886 1211//886
f 2915//887 2863//887 33//887
f 2868//888 2916//888 2781//888
f 2787//889 2900//889 2790//889
f 2917//890 2802//890 2805//890
f 2871//891 2917//891 2805//891
f 2809//892 2903//892 2810//892
f 2873//893 2918//893 2812//893
f 2919//894 2874//894 2822//894
f 2920//894 2886//894 2833//894
f 2921//895 2835//895 2834//895
f 2905//896 2921//896 2834//896
f 2922//897 2888//897 2844//897
f 2843//898 2922//898 2844//898
f 2923//899 2876//899 2847//899
f 2924//900 2925//900 2850//900
f 2924//901 2926//901 2925//901
f 2927//899 2878//899 2852//899
f 2855//902 2928//902 2856//902
f 2929//903 2930//903 2931//903
f 2930//904 2857//904 2931//904
f 2858//905 2932//905 2859//905
f 2933//906 2934//906 2932//906
f 2934//907 2859//907 2932//907
f 2863//908 2935//908 2864//908
f 2936//909 2937//909 2866//909
f 2865//910 2936//910 2866//910
f 2938//911 2939//911 2935//911
f 2939//907 2864//907 2935//907
f 2936//912 2940//912 2937//912
f 2941//913 2942//913 2943//913
f 2942//914 2868//914 2943//914
f 2944//915 2945//915 2946//915
f 2870//916 2944//916 2946//916
f 2947//915 2948//915 2949//915
f 2948//916 2871//916 2949//916
f 2950//913 2951//913 2952//913
f 2951//917 2875//917 2952//917
f 2867//918 2943//918 2868//918
f 2869//916 2944//916 2870//916
f 2872//916 2949//916 2871//916
f 2874//919 2953//919 2873//919
f 2877//920 2924//920 2850//920
f 2954//921 2923//921 2847//921
f 2925//922 2890//922 2850//922
f 2955//923 2956//923 2923//923
f 2956//924 2876//924 2923//924
f 2954//925 2955//925 2923//925
f 2926//926 2957//926 2925//926
f 2957//927 2890//927 2925//927
f 2958//928 2959//928 2853//928
f 2879//929 2958//929 2853//929
f 2960//930 2927//930 2852//930
f 2959//904 2893//904 2853//904
f 2961//931 2962//931 2927//931
f 2962//932 2878//932 2927//932
f 2958//933 2963//933 2959//933
f 2960//934 2961//934 2927//934
f 2963//935 2964//935 2959//935
f 2964//936 2893//936 2959//936
f 2928//937 2894//937 2856//937
f 2965//938 2931//938 2857//938
f 2881//920 2965//920 2857//920
f 2966//939 2928//939 2855//939
f 2930//940 2895//940 2857//940
f 2967//941 2968//941 2928//941
f 2968//942 2894//942 2928//942
f 2965//943 2929//943 2931//943
f 2966//944 2967//944 2928//944
f 2934//945 2896//945 2859//945
f 2969//946 2970//946 2861//946
f 2882//947 2969//947 2861//947
f 2970//948 2897//948 2861//948
f 2969//949 2971//949 2970//949
f 2971//950 2972//950 2970//950
f 2972//951 2897//951 2970//951
f 2939//952 2898//952 2864//952
f 2885//953 2936//953 2865//953
f 2937//954 2899//954 2866//954
f 2940//955 2973//955 2937//955
f 2973//956 2899//956 2937//956
f 2974//957 2941//957 2943//957
f 2867//958 2974//958 2943//958
f 2901//959 2870//959 2946//959
f 2975//913 2976//913 2953//913
f 2976//914 2873//914 2953//914
f 2977//957 2975//957 2953//957
f 2874//960 2977//960 2953//960
f 2904//917 2875//917 2951//917
f 2978//961 2950//961 2952//961
f 2875//962 2978//962 2952//962
f 2979//913 2980//913 2981//913
f 2980//917 2905//917 2981//917
f 2905//917 2887//917 2981//917
f 2982//957 2979//957 2981//957
f 2887//960 2982//960 2981//960
f 2886//963 2978//963 2875//963
f 2888//960 2982//960 2887//960
f 2956//964 2906//964 2876//964
f 2983//965 2924//965 2877//965
f 2889//966 2954//966 2847//966
f 2983//967 2926//967 2924//967
f 2962//964 2908//964 2878//964
f 2892//966 2960//966 2852//966
f 2984//968 2932//968 2858//968
f 2933//969 2985//969 2934//969
f 2985//970 2896//970 2934//970
f 2984//971 2933//971 2932//971
f 2986//972 2935//972 2863//972
f 2938//973 2987//973 2939//973
f 2987//970 2898//970 2939//970
f 2986//974 2938//974 2935//974
f 2916//975 2868//975 2942//975
f 2945//976 2988//976 2946//976
f 2988//959 2901//959 2946//959
f 2989//977 2945//977 2944//977
f 2869//978 2989//978 2944//978
f 2947//979 2990//979 2948//979
f 2990//980 2917//980 2948//980
f 2917//959 2871//959 2948//959
f 2991//977 2947//977 2949//977
f 2872//978 2991//978 2949//978
f 2918//981 2873//981 2976//981
f 2979//982 2992//982 2980//982
f 2992//983 2921//983 2980//983
f 2921//983 2905//983 2980//983
f 2900//984 2974//984 2867//984
f 2902//978 2989//978 2869//978
f 2903//978 2991//978 2872//978
f 2906//985 160//985 159//985
f 2993//986 2877//986 173//986
f 145//987 2993//987 173//987
f 2994//988 2889//988 197//988
f 196//989 2994//989 197//989
f 2890//990 2995//990 2907//990
f 2996//991 198//991 2891//991
f 2908//992 2996//992 2891//992
f 2997//993 2892//993 265//993
f 266//994 2997//994 265//994
f 2998//995 274//995 273//995
f 2893//996 2998//996 273//996
f 2894//997 2999//997 2910//997
f 3000//998 2881//998 491//998
f 3001//999 2911//999 586//999
f 2895//1000 151//1000 582//1000
f 2896//1001 3002//1001 594//1001
f 3003//1002 2913//1002 609//1002
f 3004//227 2860//227 2883//227
f 3005//1003 3004//1003 2883//1003
f 2897//1004 3005//1004 2883//1004
f 2898//1005 3006//1005 2914//1005
f 3007//1006 2885//1006 873//1006
f 3008//1007 2915//1007 33//1007
f 30//1008 3008//1008 33//1008
f 2899//1009 1418//1009 1417//1009
f 3009//1010 2900//1010 2787//1010
f 2901//1011 2791//1011 2795//1011
f 3010//1010 2902//1010 2800//1010
f 2799//1010 3010//1010 2800//1010
f 3011//1012 2903//1012 2809//1012
f 2918//1013 2813//1013 2812//1013
f 2821//1014 2919//1014 2822//1014
f 3012//1015 2824//1015 2827//1015
f 2904//1016 3012//1016 2827//1016
f 2832//1014 2920//1014 2833//1014
f 3013//1017 2922//1017 2843//1017
f 3014//1018 2954//1018 2889//1018
f 2957//1019 2995//1019 2890//1019
f 2955//1020 3015//1020 2956//1020
f 3015//1021 2906//1021 2956//1021
f 3014//1022 2955//1022 2954//1022
f 3016//1023 2958//1023 2879//1023
f 2909//1024 3016//1024 2879//1024
f 3017//1025 2960//1025 2892//1025
f 2964//1026 2998//1026 2893//1026
f 2961//1027 3018//1027 2962//1027
f 3018//1028 2908//1028 2962//1028
f 3016//1029 2963//1029 2958//1029
f 3017//1030 2961//1030 2960//1030
f 2968//1031 2999//1031 2894//1031
f 3019//1032 2965//1032 2881//1032
f 3020//1033 2966//1033 2855//1033
f 2911//1034 3020//1034 2855//1034
f 2967//1020 3021//1020 2968//1020
f 3021//1035 2999//1035 2968//1035
f 3019//1036 2929//1036 2965//1036
f 3020//1030 2967//1030 2966//1030
f 2929//1037 3022//1037 2930//1037
f 3022//1038 2895//1038 2930//1038
f 2985//1039 3002//1039 2896//1039
f 3023//1040 2969//1040 2882//1040
f 2912//1041 3023//1041 2882//1041
f 3024//1042 2984//1042 2858//1042
f 2913//1043 3024//1043 2858//1043
f 2972//1044 3005//1044 2897//1044
f 3023//1045 2971//1045 2969//1045
f 3024//1046 2933//1046 2984//1046
f 2971//1047 3025//1047 2972//1047
f 3025//1048 3005//1048 2972//1048
f 2987//1049 3006//1049 2898//1049
f 3026//1050 2936//1050 2885//1050
f 3027//1042 2986//1042 2863//1042
f 2915//1043 3027//1043 2863//1043
f 3026//1045 2940//1045 2936//1045
f 3027//1051 2938//1051 2986//1051
f 2941//1052 3028//1052 2942//1052
f 3028//1053 2916//1053 2942//1053
f 3029//1054 2941//1054 2974//1054
f 2900//1055 3029//1055 2974//1055
f 2975//982 3030//982 2976//982
f 3030//1053 2918//1053 2976//1053
f 3031//1054 2975//1054 2977//1054
f 2874//1056 3031//1056 2977//1056
f 2950//982 3032//982 2951//982
f 3032//983 3012//983 2951//983
f 3012//983 2904//983 2951//983
f 3033//1057 2979//1057 2982//1057
f 2888//1056 3033//1056 2982//1056
f 2919//1056 3031//1056 2874//1056
f 2920//1058 2978//1058 2886//1058
f 2922//1056 3033//1056 2888//1056
f 2906//1059 3034//1059 160//1059
f 2908//1059 3035//1059 2996//1059
f 3036//1060 2909//1060 248//1060
f 352//1061 2997//1061 266//1061
f 3037//991 3038//991 2910//991
f 3039//1062 3040//1062 2910//1062
f 3038//94 2854//94 2910//94
f 3040//1063 3037//1063 2910//1063
f 3041//87 3039//87 2910//87
f 2999//1064 3041//1064 2910//1064
f 355//1065 3000//1065 491//1065
f 585//1066 3001//1066 586//1066
f 2895//1067 3042//1067 151//1067
f 3002//1068 589//1068 594//1068
f 3043//1069 2912//1069 599//1069
f 598//1070 3043//1070 599//1070
f 649//1071 3003//1071 609//1071
f 3044//1072 2862//1072 2914//1072
f 3006//1073 3044//1073 2914//1073
f 2899//1074 3045//1074 1418//1074
f 3046//1075 2782//1075 2781//1075
f 2916//1076 3046//1076 2781//1076
f 2901//1013 3047//1013 2791//1013
f 3048//1077 2803//1077 2802//1077
f 2917//1078 3048//1078 2802//1078
f 3049//1079 3011//1079 2809//1079
f 2808//1080 3049//1080 2809//1080
f 3050//1081 2814//1081 2813//1081
f 2918//1013 3050//1013 2813//1013
f 3051//1082 2919//1082 2821//1082
f 3052//1083 2920//1083 2832//1083
f 2842//1084 3013//1084 2843//1084
f 3015//1085 3034//1085 2906//1085
f 3053//1086 2983//1086 2877//1086
f 2993//1087 3053//1087 2877//1087
f 3054//1088 3014//1088 2889//1088
f 2994//1089 3054//1089 2889//1089
f 3053//1090 2926//1090 2983//1090
f 3054//1091 2955//1091 3014//1091
f 2926//1092 3055//1092 2957//1092
f 3055//1093 2995//1093 2957//1093
f 3018//1094 3035//1094 2908//1094
f 3056//1095 3017//1095 2892//1095
f 2997//1096 3056//1096 2892//1096
f 3056//1097 2961//1097 3017//1097
f 2963//1092 3057//1092 2964//1092
f 3057//1098 2998//1098 2964//1098
f 3000//1099 3019//1099 2881//1099
f 3058//1095 3020//1095 2911//1095
f 3001//1096 3058//1096 2911//1096
f 3022//1100 3042//1100 2895//1100
f 3058//1097 2967//1097 3020//1097
f 3003//1101 3024//1101 2913//1101
f 2933//1102 3059//1102 2985//1102
f 3059//1103 3002//1103 2985//1103
f 3007//1104 3026//1104 2885//1104
f 3008//1101 3027//1101 2915//1101
f 2973//1105 3045//1105 2899//1105
f 2938//1106 3060//1106 2987//1106
f 3060//1107 3006//1107 2987//1107
f 2940//1108 3061//1108 2973//1108
f 3061//1105 3045//1105 2973//1105
f 3046//1109 2916//1109 3028//1109
f 2945//1110 3062//1110 2988//1110
f 3062//1111 3047//1111 2988//1111
f 3047//1112 2901//1112 2988//1112
f 3063//1113 2945//1113 2989//1113
f 2902//1114 3063//1114 2989//1114
f 3048//1115 2917//1115 2990//1115
f 3064//1116 2947//1116 2991//1116
f 2903//1117 3064//1117 2991//1117
f 3050//1115 2918//1115 3030//1115
f 3065//1116 2950//1116 2978//1116
f 2920//1118 3065//1118 2978//1118
f 3066//1119 2979//1119 3033//1119
f 2922//1120 3066//1120 3033//1120
f 3009//1121 3029//1121 2900//1121
f 3010//1122 3063//1122 2902//1122
f 3011//1117 3064//1117 2903//1117
f 3013//1120 3066//1120 2922//1120
f 3067//1123 3068//1123 63//1123
f 3069//1124 3067//1124 63//1124
f 3070//10 3071//10 63//10
f 3068//10 3070//10 63//10
f 3071//10 64//10 63//10
f 3072//1125 3067//1125 3069//1125
f 56//1126 3073//1126 57//1126
f 3055//1127 3074//1127 2995//1127
f 3074//1128 2907//1128 2995//1128
f 2955//1129 3075//1129 3015//1129
f 3075//1130 3034//1130 3015//1130
f 3076//1131 3016//1131 2909//1131
f 3036//1132 3076//1132 2909//1132
f 3057//1133 3077//1133 2998//1133
f 3077//1134 274//1134 2998//1134
f 2961//1135 3078//1135 3018//1135
f 3078//1136 3035//1136 3018//1136
f 3076//1137 2963//1137 3016//1137
f 3021//1138 3079//1138 2999//1138
f 3079//1139 3041//1139 2999//1139
f 3080//1131 3019//1131 3000//1131
f 3022//1140 3081//1140 3042//1140
f 3081//1141 151//1141 3042//1141
f 2967//1142 3082//1142 3021//1142
f 3082//1143 3079//1143 3021//1143
f 3080//1144 2929//1144 3019//1144
f 3059//1145 3083//1145 3002//1145
f 3083//1146 589//1146 3002//1146
f 3084//1147 3023//1147 2912//1147
f 3043//1148 3084//1148 2912//1148
f 2929//1149 3085//1149 3022//1149
f 3085//1150 3081//1150 3022//1150
f 3084//1151 2971//1151 3023//1151
f 2971//1152 3086//1152 3025//1152
f 3086//1153 3005//1153 3025//1153
f 3060//1154 3087//1154 3006//1154
f 3087//1146 3044//1146 3006//1146
f 3088//1155 3026//1155 3007//1155
f 3088//1156 2940//1156 3026//1156
f 2941//1157 3089//1157 3028//1157
f 3089//1158 3046//1158 3028//1158
f 3090//1159 2941//1159 3029//1159
f 3009//1160 3090//1160 3029//1160
f 2947//1161 3091//1161 2990//1161
f 3091//1162 3048//1162 2990//1162
f 3092//1163 2947//1163 3064//1163
f 3011//1164 3092//1164 3064//1164
f 2975//1161 3093//1161 3030//1161
f 3093//1162 3050//1162 3030//1162
f 3094//1165 2975//1165 3031//1165
f 2919//1166 3094//1166 3031//1166
f 2950//1157 3095//1157 3032//1157
f 3095//1167 3096//1167 3032//1167
f 3096//1167 3012//1167 3032//1167
f 2979//1168 3097//1168 2992//1168
f 3097//1169 3098//1169 2992//1169
f 3098//1170 2921//1170 2992//1170
f 3049//1164 3092//1164 3011//1164
f 3051//1171 3094//1171 2919//1171
f 3096//1172 2824//1172 3012//1172
f 3052//1173 3065//1173 2920//1173
f 3098//1174 2835//1174 2921//1174
f 52//1175 46//1175 53//1175
f 3099//1176 3100//1176 55//1176
f 3100//1177 3073//1177 55//1177
f 3073//1178 56//1178 55//1178
f 3101//1179 3072//1179 3069//1179
f 65//1180 67//1180 66//1180
f 3034//1181 161//1181 160//1181
f 144//1182 2993//1182 145//1182
f 3102//86 2848//86 2907//86
f 3074//1183 3102//1183 2907//1183
f 3103//1184 198//1184 2996//1184
f 3035//1185 3103//1185 2996//1185
f 215//1186 3036//1186 248//1186
f 3077//1187 276//1187 274//1187
f 3081//1188 152//1188 151//1188
f 3104//1189 3003//1189 649//1189
f 3105//1190 2860//1190 3004//1190
f 3005//1191 3105//1191 3004//1191
f 3106//1192 3007//1192 873//1192
f 747//1193 3106//1193 873//1193
f 29//1194 3008//1194 30//1194
f 3107//1195 3009//1195 2787//1195
f 2786//1196 3107//1196 2787//1196
f 3047//1081 2792//1081 2791//1081
f 3108//1197 3010//1197 2799//1197
f 2798//1198 3108//1198 2799//1198
f 2820//1198 3051//1198 2821//1198
f 3096//1199 2825//1199 2824//1199
f 2831//1200 3052//1200 2832//1200
f 3098//1201 2836//1201 2835//1201
f 3109//1202 49//1202 48//1202
f 3110//1203 3111//1203 3112//1203
f 3111//1204 54//1204 3112//1204
f 3113//1205 3069//1205 63//1205
f 3114//1206 3115//1206 3116//1206
f 65//1207 3114//1207 3116//1207
f 57//1207 3114//1207 65//1207
f 3117//1208 3118//1208 3113//1208
f 3118//1209 3069//1209 3113//1209
f 3119//1210 3120//1210 3109//1210
f 3120//1211 49//1211 3109//1211
f 3121//1212 3110//1212 3112//1212
f 54//1213 3121//1213 3112//1213
f 53//1214 3121//1214 54//1214
f 3122//1215 3109//1215 48//1215
f 51//1216 3122//1216 48//1216
f 3122//1217 3119//1217 3109//1217
f 55//1218 54//1218 3111//1218
f 3073//1219 3114//1219 57//1219
f 60//1220 3113//1220 63//1220
f 67//1221 65//1221 3116//1221
f 3123//1222 3099//1222 55//1222
f 3120//1223 44//1223 49//1223
f 3124//1224 3110//1224 3121//1224
f 53//1225 3124//1225 3121//1225
f 46//1226 3124//1226 53//1226
f 3118//1227 3101//1227 3069//1227
f 3125//1228 3113//1228 60//1228
f 3125//1229 3117//1229 3113//1229
f 3075//1230 3126//1230 3034//1230
f 3126//1231 161//1231 3034//1231
f 3127//1232 3053//1232 2993//1232
f 3127//1233 2926//1233 3053//1233
f 2926//1234 3128//1234 3055//1234
f 3128//1235 3074//1235 3055//1235
f 3078//1236 3129//1236 3035//1236
f 3129//1237 3103//1237 3035//1237
f 3057//1238 3130//1238 3077//1238
f 3130//1239 276//1239 3077//1239
f 2963//1234 3131//1234 3057//1234
f 3131//1240 3130//1240 3057//1240
f 3132//1241 3024//1241 3003//1241
f 3104//1242 3132//1242 3003//1242
f 3086//1243 3133//1243 3005//1243
f 3133//1244 3105//1244 3005//1244
f 2933//1245 3134//1245 3059//1245
f 3134//1246 3083//1246 3059//1246
f 3132//1247 2933//1247 3024//1247
f 3106//1248 3088//1248 3007//1248
f 3135//1249 3027//1249 3008//1249
f 3061//1250 3136//1250 3045//1250
f 3136//1251 1418//1251 3045//1251
f 2938//1245 3137//1245 3060//1245
f 3137//1246 3087//1246 3060//1246
f 3135//1252 2938//1252 3027//1252
f 2940//1253 3138//1253 3061//1253
f 3138//1254 3136//1254 3061//1254
f 3139//1255 3046//1255 3089//1255
f 3140//1256 3047//1256 3062//1256
f 3141//1257 3048//1257 3091//1257
f 3142//1257 3050//1257 3093//1257
f 3143//1258 2950//1258 3065//1258
f 3052//1259 3143//1259 3065//1259
f 3139//1260 2782//1260 3046//1260
f 3107//1261 3090//1261 3009//1261
f 3140//1262 2792//1262 3047//1262
f 3108//1263 3063//1263 3010//1263
f 3141//1262 2803//1262 3048//1262
f 3142//1262 2814//1262 3050//1262
f 3144//1264 3099//1264 3123//1264
f 55//1265 3144//1265 3123//1265
f 3145//1266 3072//1266 3101//1266
f 62//1267 3122//1267 51//1267
f 3144//1268 55//1268 3111//1268
f 3117//1269 3146//1269 3118//1269
f 3146//1270 3101//1270 3118//1270
f 3147//1271 3115//1271 3114//1271
f 3073//1272 3147//1272 3114//1272
f 59//1273 3125//1273 60//1273
f 3115//1274 3148//1274 3116//1274
f 3148//1275 67//1275 3116//1275
f 3149//1276 2993//1276 144//1276
f 3150//1277 2994//1277 196//1277
f 198//1278 3150//1278 196//1278
f 3151//1279 2997//1279 352//1279
f 3152//1280 3039//1280 3041//1280
f 3079//1281 3152//1281 3041//1281
f 3153//1282 3000//1282 355//1282
f 275//1283 3153//1283 355//1283
f 3154//1284 3001//1284 585//1284
f 596//1285 3154//1285 585//1285
f 3081//1286 147//1286 152//1286
f 3083//1287 590//1287 589//1287
f 3155//1288 3043//1288 598//1288
f 3156//1289 2860//1289 3105//1289
f 3133//1290 3156//1290 3105//1290
f 3157//15 2862//15 3044//15
f 3087//1291 3157//1291 3044//1291
f 3158//1292 3008//1292 29//1292
f 3136//1293 1419//1293 1418//1293
f 3159//1294 3049//1294 2808//1294
f 2807//1295 3159//1295 2808//1295
f 3160//1296 3052//1296 2831//1296
f 3098//1297 2837//1297 2836//1297
f 3161//1298 3013//1298 2842//1298
f 2841//1299 3161//1299 2842//1299
f 3120//1300 45//1300 44//1300
f 3119//1301 3162//1301 3120//1301
f 3162//1302 45//1302 3120//1302
f 3163//1303 3122//1303 62//1303
f 3163//1304 3119//1304 3122//1304
f 3110//1305 3164//1305 3111//1305
f 3164//1306 3144//1306 3111//1306
f 3146//1307 3145//1307 3101//1307
f 68//1308 67//1308 3148//1308
f 3165//1309 3072//1309 3145//1309
f 3149//1310 3127//1310 2993//1310
f 3166//1311 3054//1311 2994//1311
f 3150//1312 3166//1312 2994//1312
f 3128//1313 3167//1313 3074//1313
f 3167//1314 3102//1314 3074//1314
f 2955//1315 3168//1315 3075//1315
f 3168//1316 3126//1316 3075//1316
f 3166//1317 2955//1317 3054//1317
f 3169//1318 3076//1318 3036//1318
f 3170//1319 3056//1319 2997//1319
f 3151//1312 3170//1312 2997//1312
f 2961//1315 3171//1315 3078//1315
f 3171//1316 3129//1316 3078//1316
f 3169//1320 2963//1320 3076//1320
f 3170//1321 2961//1321 3056//1321
f 3082//1322 3172//1322 3079//1322
f 3172//1323 3152//1323 3079//1323
f 3173//1324 3080//1324 3000//1324
f 3153//1325 3173//1325 3000//1325
f 3174//1326 3058//1326 3001//1326
f 3154//1312 3174//1312 3001//1312
f 3085//1327 3175//1327 3081//1327
f 3175//1328 147//1328 3081//1328
f 2967//1329 3176//1329 3082//1329
f 3176//1330 3172//1330 3082//1330
f 3173//1331 2929//1331 3080//1331
f 3134//1332 3177//1332 3083//1332
f 3177//1333 590//1333 3083//1333
f 3155//1334 3084//1334 3043//1334
f 3174//1335 2967//1335 3058//1335
f 2929//1336 3178//1336 3085//1336
f 3178//1337 3175//1337 3085//1337
f 2971//1338 3179//1338 3086//1338
f 3179//1339 3133//1339 3086//1339
f 3137//1340 3180//1340 3087//1340
f 3180//1341 3157//1341 3087//1341
f 3181//1342 3088//1342 3106//1342
f 3158//1343 3135//1343 3008//1343
f 3181//1344 2940//1344 3088//1344
f 2941//1345 3182//1345 3089//1345
f 3182//1346 3183//1346 3089//1346
f 3183//1346 3139//1346 3089//1346
f 2945//1347 3184//1347 3062//1347
f 3184//1348 3185//1348 3062//1348
f 3185//1349 3140//1349 3062//1349
f 3186//1350 2945//1350 3063//1350
f 3108//1351 3186//1351 3063//1351
f 2947//1352 3187//1352 3091//1352
f 3187//1353 3188//1353 3091//1353
f 3188//1354 3141//1354 3091//1354
f 2975//1355 3189//1355 3093//1355
f 3189//1356 3190//1356 3093//1356
f 3190//1354 3142//1354 3093//1354
f 3191//1357 2975//1357 3094//1357
f 3051//1358 3191//1358 3094//1358
f 2950//1345 3192//1345 3095//1345
f 3192//1346 3193//1346 3095//1346
f 3193//1346 3096//1346 3095//1346
f 3194//1359 3098//1359 3097//1359
f 3195//1360 2979//1360 3066//1360
f 3013//1361 3195//1361 3066//1361
f 3183//1362 2782//1362 3139//1362
f 3185//1363 2792//1363 3140//1363
f 3188//1363 2803//1363 3141//1363
f 3159//1364 3092//1364 3049//1364
f 3190//1363 2814//1363 3142//1363
f 3193//1363 2825//1363 3096//1363
f 3160//1365 3143//1365 3052//1365
f 3194//1366 2837//1366 3098//1366
f 3161//1367 3195//1367 3013//1367
f 64//1368 3163//1368 62//1368
f 3146//1369 3165//1369 3145//1369
f 3196//1370 162//1370 161//1370
f 3126//1371 3196//1371 161//1371
f 142//1372 3149//1372 144//1372
f 3197//1373 198//1373 3103//1373
f 3129//1374 3197//1374 3103//1374
f 3198//1375 3036//1375 215//1375
f 2848//1376 3198//1376 215//1376
f 2854//1377 3151//1377 352//1377
f 3199//84 275//84 276//84
f 3130//1378 3199//1378 276//1378
f 3177//1379 591//1379 590//1379
f 597//1380 3155//1380 598//1380
f 2862//1381 3104//1381 649//1381
f 3200//1382 3106//1382 747//1382
f 2860//1383 3200//1383 747//1383
f 32//1384 3158//1384 29//1384
f 3183//1385 2783//1385 2782//1385
f 3201//1386 3107//1386 2786//1386
f 2789//1387 3201//1387 2786//1387
f 3185//1388 2793//1388 2792//1388
f 3202//1389 3108//1389 2798//1389
f 2797//1390 3202//1390 2798//1390
f 3188//1388 2804//1388 2803//1388
f 3190//1388 2816//1388 2814//1388
f 3203//1389 3051//1389 2820//1389
f 2819//1390 3203//1390 2820//1390
f 3193//1388 2828//1388 2825//1388
f 2830//1390 3160//1390 2831//1390
f 3162//1391 27//1391 45//1391
f 3117//1392 3204//1392 3146//1392
f 3204//1393 3165//1393 3146//1393
f 3100//1394 3147//1394 3073//1394
f 70//1395 3125//1395 59//1395
f 72//1396 68//1396 3148//1396
f 3168//1397 3205//1397 3126//1397
f 3205//1398 3196//1398 3126//1398
f 3206//1399 3127//1399 3149//1399
f 3206//1400 2926//1400 3127//1400
f 2926//1401 3207//1401 3128//1401
f 3207//1402 3167//1402 3128//1402
f 3171//1403 3208//1403 3129//1403
f 3208//1404 3197//1404 3129//1404
f 3198//1405 3169//1405 3036//1405
f 2963//1406 3209//1406 3131//1406
f 3209//1407 3130//1407 3131//1407
f 3210//1408 3084//1408 3155//1408
f 3211//1409 3132//1409 3104//1409
f 2933//1410 3212//1410 3134//1410
f 3212//1411 3177//1411 3134//1411
f 3210//1412 2971//1412 3084//1412
f 3211//1413 2933//1413 3132//1413
f 3200//1414 3181//1414 3106//1414
f 3138//1415 3213//1415 3136//1415
f 3213//1416 1419//1416 3136//1416
f 2938//1417 3214//1417 3137//1417
f 3214//1418 3180//1418 3137//1418
f 2940//1419 3215//1419 3138//1419
f 3215//1420 3213//1420 3138//1420
f 3216//1421 2941//1421 3090//1421
f 3107//1422 3216//1422 3090//1422
f 3217//1423 2947//1423 3092//1423
f 3159//1364 3217//1364 3092//1364
f 3218//1424 2950//1424 3143//1424
f 3160//1364 3218//1364 3143//1364
f 2979//1425 3219//1425 3097//1425
f 3219//1426 3194//1426 3097//1426
f 3201//1422 3216//1422 3107//1422
f 3202//1364 3186//1364 3108//1364
f 3203//1427 3191//1427 3051//1427
f 3220//1428 3099//1428 3144//1428
f 3221//1429 3110//1429 3124//1429
f 46//1430 3221//1430 3124//1430
f 41//1431 3221//1431 46//1431
f 3222//1432 3115//1432 3147//1432
f 3100//1433 3222//1433 3147//1433
f 3099//1434 3222//1434 3100//1434
f 3223//1435 3125//1435 70//1435
f 3223//1436 3117//1436 3125//1436
f 3224//1437 3149//1437 142//1437
f 3224//1438 3206//1438 3149//1438
f 3197//88 3225//88 198//88
f 3226//1439 3150//1439 198//1439
f 3227//86 2848//86 3102//86
f 3228//1440 3229//1440 3102//1440
f 3229//1441 3227//1441 3102//1441
f 3230//59 3231//59 3102//59
f 3231//1442 3228//1442 3102//1442
f 3167//1443 3230//1443 3102//1443
f 3232//1444 3166//1444 3150//1444
f 3226//1444 3232//1444 3150//1444
f 2955//1445 3233//1445 3168//1445
f 3233//1446 3205//1446 3168//1446
f 3232//1447 2955//1447 3166//1447
f 3234//1448 3235//1448 2955//1448
f 3232//1449 3234//1449 2955//1449
f 3235//1450 3236//1450 2955//1450
f 3237//1451 3238//1451 2955//1451
f 3236//1452 3237//1452 2955//1452
f 3239//1453 3240//1453 2955//1453
f 3238//1454 3239//1454 2955//1454
f 3240//1455 3233//1455 2955//1455
f 3206//1456 3241//1456 2926//1456
f 3241//1457 3242//1457 2926//1457
f 3242//1458 3243//1458 2926//1458
f 3244//1459 3245//1459 2926//1459
f 3243//1460 3244//1460 2926//1460
f 3245//1461 3246//1461 2926//1461
f 3247//1462 3207//1462 2926//1462
f 3246//1463 3247//1463 2926//1463
f 3171//1464 3248//1464 3208//1464
f 3248//1465 3197//1465 3208//1465
f 3249//1466 3151//1466 2854//1466
f 3250//59 275//59 3199//59
f 3251//1444 3170//1444 3151//1444
f 3249//1444 3251//1444 3151//1444
f 3209//1467 3252//1467 3130//1467
f 3252//1468 3199//1468 3130//1468
f 2961//1445 3253//1445 3171//1445
f 3253//1469 3248//1469 3171//1469
f 3251//1470 2961//1470 3170//1470
f 3254//1471 3255//1471 2961//1471
f 3251//1472 3254//1472 2961//1472
f 3255//1473 3256//1473 2961//1473
f 3257//1474 3258//1474 2961//1474
f 3256//1475 3257//1475 2961//1475
f 3259//1476 3260//1476 2961//1476
f 3258//1477 3259//1477 2961//1477
f 3260//1455 3253//1455 2961//1455
f 3169//1478 3261//1478 2963//1478
f 3261//1479 3262//1479 2963//1479
f 3263//1480 3264//1480 2963//1480
f 3262//1481 3263//1481 2963//1481
f 3264//1482 3265//1482 2963//1482
f 3265//1483 3266//1483 2963//1483
f 3267//1484 3209//1484 2963//1484
f 3266//1463 3267//1463 2963//1463
f 3268//991 3039//991 3152//991
f 3172//1485 3268//1485 3152//1485
f 3269//1486 3153//1486 275//1486
f 3250//1486 3269//1486 275//1486
f 3176//1487 3270//1487 3172//1487
f 3270//1488 3268//1488 3172//1488
f 3271//1489 3173//1489 3153//1489
f 3269//1489 3271//1489 3153//1489
f 3272//1490 3154//1490 596//1490
f 3273//1444 3174//1444 3154//1444
f 3272//1444 3273//1444 3154//1444
f 3274//1491 3155//1491 597//1491
f 2967//1492 3275//1492 3176//1492
f 3275//1469 3270//1469 3176//1469
f 3271//1493 2929//1493 3173//1493
f 3212//1494 3276//1494 3177//1494
f 3276//1495 591//1495 3177//1495
f 3274//1496 3210//1496 3155//1496
f 3273//1497 2967//1497 3174//1497
f 2929//1498 3277//1498 3178//1498
f 3277//1499 3175//1499 3178//1499
f 3278//1471 3279//1471 2967//1471
f 3273//1472 3278//1472 2967//1472
f 3279//1500 3280//1500 2967//1500
f 3281//1501 3282//1501 2967//1501
f 3280//1502 3281//1502 2967//1502
f 3283//1503 3284//1503 2967//1503
f 3282//1504 3283//1504 2967//1504
f 3284//1505 3275//1505 2967//1505
f 3271//1506 3285//1506 2929//1506
f 3286//1507 3287//1507 2929//1507
f 3285//1508 3286//1508 2929//1508
f 3287//1509 3288//1509 2929//1509
f 3288//1510 3289//1510 2929//1510
f 3290//1511 3277//1511 2929//1511
f 3289//1512 3290//1512 2929//1512
f 3291//1513 3211//1513 3104//1513
f 2862//1514 3291//1514 3104//1514
f 3179//1515 3292//1515 3133//1515
f 3292//1516 3156//1516 3133//1516
f 3157//12 3293//12 2862//12
f 3294//227 2860//227 3156//227
f 3211//1517 3295//1517 2933//1517
f 3295//1518 3296//1518 2933//1518
f 3297//1519 3298//1519 2933//1519
f 3296//1520 3297//1520 2933//1520
f 3298//1521 3299//1521 2933//1521
f 3300//1522 3301//1522 2933//1522
f 3299//1523 3300//1523 2933//1523
f 3301//1524 3212//1524 2933//1524
f 3210//1525 3302//1525 2971//1525
f 3302//1526 3303//1526 2971//1526
f 3303//1527 3304//1527 2971//1527
f 3305//1528 3306//1528 2971//1528
f 3304//1529 3305//1529 2971//1529
f 3306//1530 3307//1530 2971//1530
f 3307//1531 3308//1531 2971//1531
f 3308//1532 3179//1532 2971//1532
f 3308//1533 3292//1533 3179//1533
f 3309//12 3293//12 3157//12
f 3180//1379 3309//1379 3157//1379
f 3310//1534 3200//1534 2860//1534
f 3214//1494 3311//1494 3180//1494
f 3311//1495 3309//1495 3180//1495
f 3312//1535 3181//1535 3200//1535
f 3310//1536 3312//1536 3200//1536
f 3313//1537 3135//1537 3158//1537
f 3215//1538 3314//1538 3213//1538
f 3314//1539 3315//1539 3213//1539
f 3315//1540 1419//1540 3213//1540
f 3315//232 36//232 1419//232
f 3312//1541 2940//1541 3181//1541
f 3135//1542 3313//1542 2938//1542
f 3316//1543 3317//1543 2938//1543
f 3313//1544 3316//1544 2938//1544
f 3317//1545 3318//1545 2938//1545
f 3319//1546 3320//1546 2938//1546
f 3318//1547 3319//1547 2938//1547
f 3321//1548 3322//1548 2938//1548
f 3320//1523 3321//1523 2938//1523
f 3322//1524 3214//1524 2938//1524
f 3312//1526 3323//1526 2940//1526
f 3323//1549 3324//1549 2940//1549
f 3325//1550 3326//1550 2940//1550
f 3324//1529 3325//1529 2940//1529
f 3326//1551 3327//1551 2940//1551
f 3327//1552 3328//1552 2940//1552
f 3328//1553 3215//1553 2940//1553
f 3328//1554 3314//1554 3215//1554
f 40//1555 3329//1555 41//1555
f 3162//1556 28//1556 27//1556
f 3119//1557 3330//1557 3162//1557
f 3330//1558 28//1558 3162//1558
f 3331//1559 3110//1559 3221//1559
f 41//1560 3331//1560 3221//1560
f 3329//1561 3331//1561 41//1561
f 3163//1562 3332//1562 3119//1562
f 3332//1563 3333//1563 3119//1563
f 3334//1564 3335//1564 3119//1564
f 3333//1565 3334//1565 3119//1565
f 3335//1566 3330//1566 3119//1566
f 3331//1567 3336//1567 3110//1567
f 3336//1568 3337//1568 3110//1568
f 3337//1569 3338//1569 3110//1569
f 3338//1570 3339//1570 3110//1570
f 3339//1571 3164//1571 3110//1571
f 3332//1572 3163//1572 64//1572
f 3071//1573 3332//1573 64//1573
f 3339//1574 3340//1574 3164//1574
f 3340//1575 3144//1575 3164//1575
f 3340//1576 3220//1576 3144//1576
f 3341//1577 3099//1577 3220//1577
f 3342//1578 3072//1578 3165//1578
f 3343//1579 3342//1579 3165//1579
f 3204//1580 3343//1580 3165//1580
f 3344//1559 3115//1559 3222//1559
f 3099//1581 3344//1581 3222//1581
f 3341//1581 3344//1581 3099//1581
f 3223//1582 3345//1582 3117//1582
f 3345//1583 3346//1583 3117//1583
f 3346//1584 3347//1584 3117//1584
f 3348//1585 3204//1585 3117//1585
f 3347//1586 3348//1586 3117//1586
f 3349//1587 3350//1587 3115//1587
f 3344//1588 3349//1588 3115//1588
f 3350//1589 3351//1589 3115//1589
f 3351//1590 3352//1590 3115//1590
f 3352//1591 3148//1591 3115//1591
f 3353//1592 3223//1592 70//1592
f 3352//1593 72//1593 3148//1593
f 3354//10 3355//10 70//10
f 3355//10 3356//10 70//10
f 3356//10 3353//10 70//10
f 19//10 3354//10 70//10
f 3216//1594 3357//1594 2941//1594
f 3357//1595 3358//1595 2941//1595
f 3359//1596 3360//1596 2941//1596
f 3358//1597 3359//1597 2941//1597
f 3360//1598 3361//1598 2941//1598
f 3361//1599 3362//1599 2941//1599
f 3363//1600 3182//1600 2941//1600
f 3362//1601 3363//1601 2941//1601
f 3186//1602 3364//1602 2945//1602
f 3364//1603 3365//1603 2945//1603
f 3366//1604 3367//1604 2945//1604
f 3365//1605 3366//1605 2945//1605
f 3367//1606 3368//1606 2945//1606
f 3369//1607 3370//1607 2945//1607
f 3368//1599 3369//1599 2945//1599
f 3370//1608 3184//1608 2945//1608
f 3217//1609 3371//1609 2947//1609
f 3371//1610 3372//1610 2947//1610
f 3372//1611 3373//1611 2947//1611
f 3374//1612 3375//1612 2947//1612
f 3373//1604 3374//1604 2947//1604
f 3376//1613 3377//1613 2947//1613
f 3375//1599 3376//1599 2947//1599
f 3377//1614 3378//1614 2947//1614
f 3378//1615 3187//1615 2947//1615
f 3191//1616 3379//1616 2975//1616
f 3379//1603 3380//1603 2975//1603
f 3381//1617 3382//1617 2975//1617
f 3380//1597 3381//1597 2975//1597
f 3382//1606 3383//1606 2975//1606
f 3384//1613 3385//1613 2975//1613
f 3383//1599 3384//1599 2975//1599
f 3385//1618 3189//1618 2975//1618
f 3218//1602 3386//1602 2950//1602
f 3386//1603 3387//1603 2950//1603
f 3388//1596 3389//1596 2950//1596
f 3387//1597 3388//1597 2950//1597
f 3390//1619 3391//1619 2950//1619
f 3389//1620 3390//1620 2950//1620
f 3391//1621 3392//1621 2950//1621
f 3393//1600 3192//1600 2950//1600
f 3392//1622 3393//1622 2950//1622
f 3195//1623 3394//1623 2979//1623
f 3394//1624 3395//1624 2979//1624
f 3395//1625 3396//1625 2979//1625
f 3397//1626 3398//1626 2979//1626
f 3396//1620 3397//1620 2979//1620
f 3398//1627 3399//1627 2979//1627
f 3400//1628 3219//1628 2979//1628
f 3399//1629 3400//1629 2979//1629
f 3378//1630 3188//1630 3187//1630
f 3203//1631 3379//1631 3191//1631
f 3160//1632 3386//1632 3218//1632
f 3401//1633 3216//1633 3201//1633
f 2789//1634 3401//1634 3201//1634
f 3402//1635 3195//1635 3161//1635
f 2841//1636 3402//1636 3161//1636
f 2818//1637 3203//1637 2819//1637
f 2840//1638 3402//1638 2841//1638
f 3403//1639 3331//1639 3329//1639
f 3348//1640 3343//1640 3204//1640
f 3404//1641 3223//1641 3353//1641
f 3405//1642 72//1642 3352//1642
f 3340//1643 3341//1643 3220//1643
f 3356//10 3404//10 3353//10
f 3405//16 80//16 72//16
f 3233//1644 3406//1644 3205//1644
f 3406//1645 3407//1645 3205//1645
f 3407//1646 3196//1646 3205//1646
f 3241//1647 3206//1647 3224//1647
f 3207//1648 3408//1648 3167//1648
f 3408//1649 3230//1649 3167//1649
f 3240//1650 3406//1650 3233//1650
f 3247//1651 3408//1651 3207//1651
f 3409//1652 3197//1652 3248//1652
f 3261//1653 3169//1653 3198//1653
f 3410//1654 3261//1654 3198//1654
f 2848//1655 3410//1655 3198//1655
f 3411//1656 3199//1656 3252//1656
f 3260//1657 3248//1657 3253//1657
f 3267//1658 3252//1658 3209//1658
f 3277//1659 3412//1659 3175//1659
f 3412//1660 3413//1660 3175//1660
f 3413//1661 147//1661 3175//1661
f 3284//1662 3270//1662 3275//1662
f 3414//1663 591//1663 3276//1663
f 3302//1536 3210//1536 3274//1536
f 3295//1664 3211//1664 3291//1664
f 3415//1665 3156//1665 3292//1665
f 3301//1666 3276//1666 3212//1666
f 3416//1663 3309//1663 3311//1663
f 3417//1667 3313//1667 3158//1667
f 32//1668 3417//1668 3158//1668
f 3322//1669 3311//1669 3214//1669
f 3363//1670 3418//1670 3182//1670
f 3418//1670 3183//1670 3182//1670
f 3401//1633 3357//1633 3216//1633
f 3370//1671 3419//1671 3184//1671
f 3419//1670 3185//1670 3184//1670
f 3202//1632 3364//1632 3186//1632
f 3377//1672 3420//1672 3378//1672
f 3420//1673 3188//1673 3378//1673
f 3159//1674 3371//1674 3217//1674
f 3385//1675 3421//1675 3189//1675
f 3421//1670 3190//1670 3189//1670
f 3393//1670 3422//1670 3192//1670
f 3422//1670 3193//1670 3192//1670
f 3400//1676 3423//1676 3219//1676
f 3423//1677 3194//1677 3219//1677
f 3402//1678 3394//1678 3195//1678
f 3418//1679 3424//1679 3183//1679
f 3424//1680 2783//1680 3183//1680
f 3419//1681 3425//1681 3185//1681
f 3425//1682 2793//1682 3185//1682
f 3426//1683 3364//1683 3202//1683
f 2797//1684 3426//1684 3202//1684
f 3420//1685 3427//1685 3188//1685
f 3427//1682 2804//1682 3188//1682
f 3428//1686 3371//1686 3159//1686
f 2807//1687 3428//1687 3159//1687
f 3421//1685 3429//1685 3190//1685
f 3429//1682 2816//1682 3190//1682
f 3430//1683 3379//1683 3203//1683
f 2818//1688 3430//1688 3203//1688
f 3422//1689 3431//1689 3193//1689
f 3431//1690 2828//1690 3193//1690
f 3432//1683 3386//1683 3160//1683
f 2830//1684 3432//1684 3160//1684
f 3423//1691 3433//1691 3194//1691
f 3433//1690 2837//1690 3194//1690
f 3330//1692 3434//1692 28//1692
f 3070//1641 3332//1641 3071//1641
f 3407//1693 162//1693 3196//1693
f 141//1694 3435//1694 142//1694
f 3435//1695 3224//1695 142//1695
f 3225//1696 3436//1696 198//1696
f 3436//1697 3437//1697 198//1697
f 3437//1698 3226//1698 198//1698
f 3438//59 3231//59 3230//59
f 3439//1699 3438//1699 3230//1699
f 3409//225 3440//225 3197//225
f 3440//1700 3225//1700 3197//1700
f 3227//1701 3410//1701 2848//1701
f 3038//1702 3249//1702 2854//1702
f 3441//84 3250//84 3199//84
f 3411//59 3441//59 3199//59
f 3442//88 3039//88 3268//88
f 3443//88 3442//88 3268//88
f 3441//1703 3444//1703 3250//1703
f 3444//1704 3269//1704 3250//1704
f 592//1705 3445//1705 596//1705
f 3445//1706 3272//1706 596//1706
f 3413//1707 148//1707 147//1707
f 3414//1708 592//1708 591//1708
f 148//1709 3446//1709 597//1709
f 3446//1710 3274//1710 597//1710
f 3293//12 3447//12 2862//12
f 3447//1711 3448//1711 2862//1711
f 3448//1712 3291//1712 2862//1712
f 3415//1713 3294//1713 3156//1713
f 3416//288 3293//288 3309//288
f 3294//289 3449//289 2860//289
f 3449//289 3450//289 2860//289
f 3450//1714 3310//1714 2860//1714
f 31//1715 3451//1715 32//1715
f 3451//1716 3417//1716 32//1716
f 3424//47 2784//47 2783//47
f 2788//47 3452//47 2789//47
f 3452//1717 3401//1717 2789//1717
f 3453//47 2788//47 2793//47
f 3425//47 3453//47 2793//47
f 2796//47 3454//47 2797//47
f 3454//47 3455//47 2797//47
f 3455//1718 3426//1718 2797//1718
f 3456//47 2796//47 2804//47
f 3457//793 3456//793 2804//793
f 3427//47 3457//47 2804//47
f 2817//47 3458//47 2807//47
f 3458//1719 3428//1719 2807//1719
f 3429//47 2817//47 2816//47
f 2823//47 3459//47 2818//47
f 3460//47 2823//47 2828//47
f 3431//47 3460//47 2828//47
f 3461//47 3462//47 2830//47
f 2838//47 3463//47 2830//47
f 3463//47 3461//47 2830//47
f 3462//1720 3432//1720 2830//1720
f 3433//47 2838//47 2837//47
f 3434//1721 25//1721 28//1721
f 40//1722 3403//1722 3329//1722
f 3464//1723 3342//1723 3343//1723
f 3465//16 80//16 3405//16
f 3330//1724 3466//1724 3434//1724
f 3335//1725 3466//1725 3330//1725
f 3333//1726 3332//1726 3070//1726
f 3338//1727 3340//1727 3339//1727
f 3348//1728 3467//1728 3343//1728
f 3467//1729 3464//1729 3343//1729
f 3347//1725 3467//1725 3348//1725
f 3345//1730 3223//1730 3404//1730
f 3468//1731 3405//1731 3352//1731
f 3242//1732 3241//1732 3224//1732
f 3469//1733 3242//1733 3224//1733
f 3435//1734 3469//1734 3224//1734
f 3234//1735 3232//1735 3226//1735
f 3470//1736 3234//1736 3226//1736
f 3437//1737 3470//1737 3226//1737
f 3471//1738 3230//1738 3408//1738
f 3246//1739 3408//1739 3247//1739
f 3262//1740 3261//1740 3410//1740
f 3254//1741 3251//1741 3249//1741
f 3472//1736 3254//1736 3249//1736
f 3038//1737 3472//1737 3249//1737
f 3267//1742 3473//1742 3252//1742
f 3473//1743 3411//1743 3252//1743
f 3266//1744 3473//1744 3267//1744
f 3285//1745 3271//1745 3269//1745
f 3474//1746 3285//1746 3269//1746
f 3444//1747 3474//1747 3269//1747
f 3278//1741 3273//1741 3272//1741
f 3475//1736 3278//1736 3272//1736
f 3445//1748 3475//1748 3272//1748
f 3290//1749 3412//1749 3277//1749
f 3476//1750 3295//1750 3291//1750
f 3448//1751 3476//1751 3291//1751
f 3308//1752 3477//1752 3292//1752
f 3477//1753 3415//1753 3292//1753
f 3323//1754 3312//1754 3310//1754
f 3316//1755 3313//1755 3417//1755
f 3478//1756 3315//1756 3314//1756
f 3401//1757 3358//1757 3357//1757
f 3479//1758 3419//1758 3370//1758
f 3480//1759 3420//1759 3377//1759
f 3430//1760 3380//1760 3379//1760
f 3399//1761 3423//1761 3400//1761
f 3479//1762 3425//1762 3419//1762
f 3480//1762 3427//1762 3420//1762
f 3342//1763 25//1763 3434//1763
f 3466//1764 3342//1764 3434//1764
f 3481//16 3341//16 3340//16
f 3465//1765 3481//1765 3340//1765
f 3467//10 3342//10 3464//10
f 3356//10 3482//10 3404//10
f 3468//1766 3465//1766 3405//1766
f 3068//1767 3333//1767 3070//1767
f 3483//1768 3345//1768 3404//1768
f 3351//1769 3468//1769 3352//1769
f 3436//80 3484//80 3437//80
f 3471//1770 3439//1770 3230//1770
f 3441//59 3485//59 3444//59
f 3447//12 3486//12 3448//12
f 3487//1771 3293//1771 3416//1771
f 3478//1772 36//1772 3315//1772
f 3488//47 2817//47 3429//47
f 3489//47 3460//47 3431//47
f 3490//47 2838//47 3433//47
f 3335//1773 3072//1773 3466//1773
f 3403//1774 3336//1774 3331//1774
f 3491//1775 3340//1775 3338//1775
f 3491//1776 3492//1776 3340//1776
f 3347//1777 3493//1777 3467//1777
f 3341//1778 3349//1778 3344//1778
f 3481//1779 3349//1779 3341//1779
f 3346//1780 3345//1780 3483//1780
f 40//1781 3494//1781 3403//1781
f 3492//1782 3465//1782 3340//1782
f 3482//10 3483//10 3404//10
f 3246//1783 3495//1783 3408//1783
f 3495//1784 3471//1784 3408//1784
f 3260//1785 3496//1785 3248//1785
f 3496//1786 3409//1786 3248//1786
f 3497//1787 3262//1787 3410//1787
f 3227//1788 3497//1788 3410//1788
f 3498//1789 3411//1789 3473//1789
f 3284//1790 3499//1790 3270//1790
f 3499//1791 3500//1791 3270//1791
f 3500//1792 3268//1792 3270//1792
f 3290//1793 3501//1793 3412//1793
f 3501//1794 3502//1794 3412//1794
f 3502//1795 3413//1795 3412//1795
f 3301//1796 3503//1796 3276//1796
f 3503//1797 3414//1797 3276//1797
f 3303//1798 3302//1798 3274//1798
f 3504//1799 3303//1799 3274//1799
f 3446//1800 3504//1800 3274//1800
f 3289//1801 3501//1801 3290//1801
f 3296//1802 3295//1802 3476//1802
f 3505//1803 3415//1803 3477//1803
f 3307//1804 3477//1804 3308//1804
f 3322//1805 3506//1805 3311//1805
f 3506//1806 3416//1806 3311//1806
f 3507//1807 3323//1807 3310//1807
f 3450//1808 3507//1808 3310//1808
f 3508//1809 3316//1809 3417//1809
f 3451//1810 3508//1810 3417//1810
f 3328//1811 3509//1811 3314//1811
f 3509//1812 3478//1812 3314//1812
f 3327//1813 3509//1813 3328//1813
f 3362//1814 3510//1814 3363//1814
f 3510//1815 3418//1815 3363//1815
f 3426//1760 3365//1760 3364//1760
f 3511//1759 3421//1759 3385//1759
f 3392//1816 3512//1816 3393//1816
f 3512//1816 3422//1816 3393//1816
f 3432//1760 3387//1760 3386//1760
f 3510//1817 3513//1817 3418//1817
f 3513//1818 3424//1818 3418//1818
f 3514//1757 3358//1757 3401//1757
f 3452//1819 3514//1819 3401//1819
f 3515//1820 3425//1820 3479//1820
f 3516//1821 3427//1821 3480//1821
f 3517//1822 3371//1822 3428//1822
f 3458//1823 3517//1823 3428//1823
f 3511//1824 3518//1824 3421//1824
f 3518//1825 3429//1825 3421//1825
f 3512//1824 3519//1824 3422//1824
f 3519//1825 3431//1825 3422//1825
f 3520//1826 3433//1826 3423//1826
f 3521//1827 3394//1827 3402//1827
f 2840//1819 3521//1819 3402//1819
f 3522//1828 3336//1828 3403//1828
f 3523//1829 3522//1829 3403//1829
f 3067//1830 3333//1830 3068//1830
f 3337//1831 3491//1831 3338//1831
f 3524//1832 3346//1832 3483//1832
f 3494//1833 3523//1833 3403//1833
f 3494//16 3465//16 3492//16
f 3491//1834 3494//1834 3492//1834
f 3493//10 3342//10 3467//10
f 3346//1835 3493//1835 3347//1835
f 3481//1836 3350//1836 3349//1836
f 3525//1837 3350//1837 3481//1837
f 3350//1838 3525//1838 3351//1838
f 3525//1838 3468//1838 3351//1838
f 3335//1839 3067//1839 3072//1839
f 3334//1840 3067//1840 3335//1840
f 3522//1841 3337//1841 3336//1841
f 3491//1841 3337//1841 3522//1841
f 3334//1842 3333//1842 3067//1842
f 3346//1843 3526//1843 3493//1843
f 3481//1844 3527//1844 3525//1844
f 3526//1845 3346//1845 3524//1845
f 3528//88 162//88 3407//88
f 3484//73 3529//73 3437//73
f 3529//1846 3470//1846 3437//1846
f 3037//1846 3472//1846 3038//1846
f 3498//62 3441//62 3411//62
f 3500//1847 3443//1847 3268//1847
f 592//73 3530//73 3445//73
f 3530//1846 3475//1846 3445//1846
f 3502//62 3531//62 3413//62
f 3531//62 148//62 3413//62
f 148//1848 3532//1848 3446//1848
f 3532//1849 3504//1849 3446//1849
f 3486//1850 3533//1850 3448//1850
f 3533//1851 3476//1851 3448//1851
f 3505//228 3534//228 3415//228
f 3534//227 3294//227 3415//227
f 3449//805 3535//805 3450//805
f 31//223 3536//223 3451//223
f 3536//1852 3508//1852 3451//1852
f 3513//793 2784//793 3424//793
f 3537//47 3538//47 3452//47
f 2788//47 3537//47 3452//47
f 3538//1853 3514//1853 3452//1853
f 3539//47 3453//47 3425//47
f 3515//47 3539//47 3425//47
f 3454//47 3540//47 3455//47
f 3540//47 3541//47 3455//47
f 3541//1854 3426//1854 3455//1854
f 3516//47 3457//47 3427//47
f 2817//47 3542//47 3458//47
f 3542//1855 3517//1855 3458//1855
f 3518//47 3488//47 3429//47
f 3459//47 3543//47 2818//47
f 3543//1856 3430//1856 2818//1856
f 3519//47 3489//47 3431//47
f 3544//47 3545//47 3462//47
f 3461//47 3544//47 3462//47
f 3545//1856 3432//1856 3462//1856
f 3520//47 3490//47 3433//47
f 2846//47 3546//47 2840//47
f 3546//1857 3521//1857 2840//1857
f 3072//1858 3342//1858 3466//1858
f 3494//1859 3522//1859 3523//1859
f 3482//10 3342//10 3493//10
f 3482//10 3524//10 3483//10
f 3525//1860 3465//1860 3468//1860
f 3240//1861 3547//1861 3406//1861
f 3547//1862 3548//1862 3406//1862
f 3548//1863 3407//1863 3406//1863
f 3549//1864 3242//1864 3469//1864
f 3435//1865 3549//1865 3469//1865
f 3235//1866 3234//1866 3470//1866
f 3550//1867 3235//1867 3470//1867
f 3529//1868 3550//1868 3470//1868
f 3551//1869 3471//1869 3495//1869
f 3239//1870 3547//1870 3240//1870
f 3260//1871 3552//1871 3496//1871
f 3552//1872 3553//1872 3496//1872
f 3553//1873 3409//1873 3496//1873
f 3255//1874 3254//1874 3472//1874
f 3554//1875 3255//1875 3472//1875
f 3037//1876 3554//1876 3472//1876
f 3266//1877 3555//1877 3473//1877
f 3555//1878 3498//1878 3473//1878
f 3259//1879 3552//1879 3260//1879
f 3556//1880 3285//1880 3474//1880
f 3444//1881 3556//1881 3474//1881
f 3279//1874 3278//1874 3475//1874
f 3557//1875 3279//1875 3475//1875
f 3530//1882 3557//1882 3475//1882
f 3283//1883 3499//1883 3284//1883
f 3558//1884 3414//1884 3503//1884
f 3559//1885 3296//1885 3476//1885
f 3533//1886 3559//1886 3476//1886
f 3307//1887 3560//1887 3477//1887
f 3560//1888 3505//1888 3477//1888
f 3300//1889 3503//1889 3301//1889
f 3561//1884 3416//1884 3506//1884
f 3317//1890 3316//1890 3508//1890
f 3562//1891 3478//1891 3509//1891
f 3321//1892 3506//1892 3322//1892
f 3369//1893 3479//1893 3370//1893
f 3376//1894 3480//1894 3377//1894
f 3517//1895 3372//1895 3371//1895
f 3384//1894 3511//1894 3385//1894
f 3563//1896 3423//1896 3399//1896
f 3521//1897 3395//1897 3394//1897
f 3564//1898 3365//1898 3426//1898
f 3541//1899 3564//1899 3426//1899
f 3565//1898 3380//1898 3430//1898
f 3543//1899 3565//1899 3430//1899
f 3566//1898 3387//1898 3432//1898
f 3545//1899 3566//1899 3432//1899
f 3563//1900 3520//1900 3423//1900
f 3465//1901 3527//1901 3481//1901
f 3567//1902 886//1902 882//1902
f 883//1903 3568//1903 882//1903
f 3568//1904 3567//1904 882//1904
f 884//1903 3569//1903 885//1903
f 3569//1904 3570//1904 885//1904
f 3570//1902 888//1902 885//1902
f 3567//1905 3571//1905 886//1905
f 3571//1906 890//1906 886//1906
f 887//1907 3572//1907 883//1907
f 3572//1908 3568//1908 883//1908
f 3570//1905 3573//1905 888//1905
f 3573//1909 892//1909 888//1909
f 889//1910 3574//1910 884//1910
f 3574//1907 3569//1907 884//1907
f 3571//1909 3575//1909 890//1909
f 3575//1911 894//1911 890//1911
f 891//1912 3576//1912 887//1912
f 3576//1912 3572//1912 887//1912
f 3573//1909 3577//1909 892//1909
f 3577//1911 896//1911 892//1911
f 893//1912 3578//1912 889//1912
f 3578//1912 3574//1912 889//1912
f 3575//1911 3579//1911 894//1911
f 3579//1913 898//1913 894//1913
f 895//1914 3580//1914 891//1914
f 3580//1915 3576//1915 891//1915
f 3577//1916 3581//1916 896//1916
f 3581//1917 899//1917 896//1917
f 897//1914 3582//1914 893//1914
f 3582//1918 3578//1918 893//1918
f 3579//1919 3583//1919 898//1919
f 3583//1920 914//1920 898//1920
f 913//1921 3584//1921 895//1921
f 3584//1922 3580//1922 895//1922
f 3581//1919 3585//1919 899//1919
f 3585//1923 916//1923 899//1923
f 900//1922 3586//1922 897//1922
f 3586//1924 3582//1924 897//1924
f 3583//1925 3587//1925 914//1925
f 3587//1926 927//1926 914//1926
f 915//1927 3588//1927 913//1927
f 3588//1928 3584//1928 913//1928
f 3589//1929 929//1929 916//1929
f 3585//1920 3590//1920 916//1920
f 3590//1930 3589//1930 916//1930
f 917//1931 3591//1931 900//1931
f 3591//1928 3586//1928 900//1928
f 3587//1932 3592//1932 927//1932
f 3592//1933 936//1933 927//1933
f 928//1934 3593//1934 915//1934
f 3593//1935 3588//1935 915//1935
f 3589//1936 3594//1936 929//1936
f 3594//1937 938//1937 929//1937
f 930//1938 3595//1938 917//1938
f 3595//1934 3591//1934 917//1934
f 3592//1933 3596//1933 936//1933
f 3596//1939 950//1939 936//1939
f 937//1940 3597//1940 928//1940
f 3597//1941 3593//1941 928//1941
f 3594//1942 3598//1942 938//1942
f 3598//1943 953//1943 938//1943
f 940//1940 3599//1940 930//1940
f 3599//1944 3595//1944 930//1944
f 3596//1945 3600//1945 950//1945
f 3600//1946 962//1946 950//1946
f 951//1947 3601//1947 937//1947
f 3601//1948 3597//1948 937//1948
f 3598//1949 3602//1949 953//1949
f 3602//1950 966//1950 953//1950
f 955//1947 3603//1947 940//1947
f 3603//1948 3599//1948 940//1948
f 3600//1951 3604//1951 962//1951
f 3604//1952 978//1952 962//1952
f 964//1953 3605//1953 951//1953
f 3605//1954 3601//1954 951//1954
f 3602//1951 3606//1951 966//1951
f 3606//1955 982//1955 966//1955
f 968//1954 3607//1954 955//1954
f 3607//1954 3603//1954 955//1954
f 3604//1952 3608//1952 978//1952
f 3608//1956 1002//1956 978//1956
f 980//1957 3609//1957 964//1957
f 3609//1958 3605//1958 964//1958
f 3606//1952 3610//1952 982//1952
f 3610//1959 1006//1959 982//1959
f 984//1960 3611//1960 968//1960
f 3611//1958 3607//1958 968//1958
f 3612//1961 1018//1961 1002//1961
f 3608//1962 3613//1962 1002//1962
f 3613//1961 3612//1961 1002//1961
f 1004//1963 3614//1963 980//1963
f 3614//1964 3609//1964 980//1964
f 3615//1961 1022//1961 1006//1961
f 3610//1965 3616//1965 1006//1965
f 3616//1966 3615//1966 1006//1966
f 1008//1963 3617//1963 984//1963
f 3617//1963 3611//1963 984//1963
f 3612//1967 3618//1967 1018//1967
f 3618//1968 1034//1968 1018//1968
f 1020//1969 3619//1969 1004//1969
f 3619//1970 3620//1970 1004//1970
f 3620//1971 3614//1971 1004//1971
f 3615//1972 3621//1972 1022//1972
f 3621//1973 3622//1973 1022//1973
f 3622//1974 1036//1974 1022//1974
f 1024//1975 3623//1975 1008//1975
f 3623//1976 3624//1976 1008//1976
f 3624//1977 3617//1977 1008//1977
f 3618//1978 3625//1978 1034//1978
f 3625//1979 1060//1979 1034//1979
f 1050//1980 3626//1980 1020//1980
f 3626//1981 3619//1981 1020//1981
f 3622//1978 3627//1978 1036//1978
f 3627//1982 1064//1982 1036//1982
f 1038//1981 3628//1981 1024//1981
f 3628//1983 3623//1983 1024//1983
f 3625//1984 3629//1984 1060//1984
f 3629//1985 1082//1985 1060//1985
f 1062//1986 3630//1986 1050//1986
f 3630//1987 3626//1987 1050//1987
f 3627//1979 3631//1979 1064//1979
f 3631//1985 1086//1985 1064//1985
f 1066//1987 3632//1987 1038//1987
f 3632//1988 3628//1988 1038//1988
f 3629//1989 3633//1989 1082//1989
f 3633//1990 1090//1990 1082//1990
f 1084//1991 3634//1991 1062//1991
f 3634//1992 3630//1992 1062//1992
f 3631//1993 3635//1993 1086//1993
f 3635//1990 1094//1990 1086//1990
f 1088//1991 3636//1991 1066//1991
f 3636//1992 3632//1992 1066//1992
f 3633//1994 3637//1994 1090//1994
f 3637//1995 1098//1995 1090//1995
f 1092//1996 3638//1996 1084//1996
f 3638//1997 3634//1997 1084//1997
f 3635//1998 3639//1998 1094//1998
f 3639//1999 1101//1999 1094//1999
f 1096//2000 3640//2000 1088//2000
f 3640//2001 3636//2001 1088//2001
f 3637//2002 3641//2002 1098//2002
f 3641//2003 1099//2003 1098//2003
f 1099//2004 3638//2004 1092//2004
f 3639//2002 3642//2002 1101//2002
f 3642//2005 1102//2005 1101//2005
f 1102//2006 3643//2006 1096//2006
f 3643//2007 3640//2007 1096//2007
f 3641//2008 3644//2008 1099//2008
f 3644//2009 3638//2009 1099//2009
f 3642//2010 3643//2010 1102//2010
f 2282//1903 3645//1903 2281//1903
f 3645//2011 3646//2011 2281//2011
f 3646//2012 2285//2012 2281//2012
f 2284//1903 3647//1903 2283//1903
f 3647//2011 3648//2011 2283//2011
f 3648//2013 2287//2013 2283//2013
f 3649//1909 2294//1909 2285//1909
f 3646//1905 3649//1905 2285//1905
f 2286//1907 3645//1907 2282//1907
f 3650//2014 2296//2014 2287//2014
f 3648//2015 3650//2015 2287//2015
f 2288//1907 3647//1907 2284//1907
f 3649//2016 3651//2016 2294//2016
f 3651//2017 2298//2017 2294//2017
f 2295//2018 3652//2018 2286//2018
f 3652//2019 3653//2019 2286//2019
f 3653//2020 3645//2020 2286//2020
f 3650//2021 3654//2021 2296//2021
f 3654//2017 2300//2017 2296//2017
f 2297//2018 3655//2018 2288//2018
f 3655//2019 3656//2019 2288//2019
f 3656//2020 3647//2020 2288//2020
f 3651//2022 3657//2022 2298//2022
f 3657//2023 2310//2023 2298//2023
f 2299//1915 3658//1915 2295//1915
f 3658//2024 3652//2024 2295//2024
f 3654//2025 3659//2025 2300//2025
f 3659//2026 2312//2026 2300//2026
f 2301//1915 3660//1915 2297//1915
f 3660//2024 3655//2024 2297//2024
f 3657//1913 3661//1913 2310//1913
f 3661//2027 2321//2027 2310//2027
f 2311//1922 3662//1922 2299//1922
f 3662//2028 3658//2028 2299//2028
f 3659//1913 3663//1913 2312//1913
f 3663//2027 2323//2027 2312//2027
f 2313//1922 3664//1922 2301//1922
f 3664//2029 3660//2029 2301//2029
f 3661//2030 3665//2030 2321//2030
f 3665//1930 2325//1930 2321//1930
f 2322//2031 3666//2031 2311//2031
f 3666//2032 3662//2032 2311//2032
f 3663//2033 3667//2033 2323//2033
f 3667//1926 2327//1926 2323//1926
f 2324//2034 3668//2034 2313//2034
f 3668//2031 3664//2031 2313//2031
f 3669//2035 2330//2035 2325//2035
f 3665//2036 3670//2036 2325//2036
f 3670//2037 3669//2037 2325//2037
f 2326//2038 3671//2038 2322//2038
f 3671//2039 3666//2039 2322//2039
f 3672//2035 2332//2035 2327//2035
f 3667//2040 3673//2040 2327//2040
f 3673//2037 3672//2037 2327//2037
f 2328//2038 3674//2038 2324//2038
f 3674//2039 3668//2039 2324//2039
f 3669//2041 3675//2041 2330//2041
f 3675//2042 2335//2042 2330//2042
f 2331//1944 3676//1944 2326//1944
f 3676//2043 3677//2043 2326//2043
f 3677//2038 3671//2038 2326//2038
f 3672//2035 3678//2035 2332//2035
f 3678//2042 2338//2042 2332//2042
f 2333//1944 3679//1944 2328//1944
f 3679//2043 3680//2043 2328//2043
f 3680//1938 3674//1938 2328//1938
f 3675//1949 3681//1949 2335//1949
f 3681//1946 2341//1946 2335//1946
f 2336//2044 3682//2044 2331//2044
f 3682//1948 3676//1948 2331//1948
f 3678//1949 3683//1949 2338//1949
f 3683//1946 2343//1946 2338//1946
f 2339//2044 3684//2044 2333//2044
f 3684//1948 3679//1948 2333//1948
f 3681//2045 3685//2045 2341//2045
f 3685//2046 3686//2046 2341//2046
f 3686//2047 2357//2047 2341//2047
f 2358//1953 3687//1953 2336//1953
f 3687//2048 3682//2048 2336//2048
f 3683//2049 3688//2049 2343//2049
f 3688//2046 3689//2046 2343//2046
f 3689//2047 2360//2047 2343//2047
f 2361//1953 3690//1953 2339//1953
f 3690//2048 3684//2048 2339//2048
f 3686//2050 3691//2050 2357//2050
f 3691//1962 2379//1962 2357//1962
f 2375//2051 3692//2051 2358//2051
f 3692//2052 3693//2052 2358//2052
f 3693//2053 3687//2053 2358//2053
f 3689//2050 3694//2050 2360//2050
f 3694//1962 2383//1962 2360//1962
f 2377//2051 3695//2051 2361//2051
f 3695//2052 3696//2052 2361//2052
f 3696//2053 3690//2053 2361//2053
f 3691//2054 3697//2054 2379//2054
f 3697//2055 2387//2055 2379//2055
f 2381//2056 3698//2056 2375//2056
f 3698//2057 3692//2057 2375//2057
f 3694//2054 3699//2054 2383//2054
f 3699//2058 2391//2058 2383//2058
f 2385//2059 3700//2059 2377//2059
f 3700//2057 3695//2057 2377//2057
f 3697//2060 3701//2060 2387//2060
f 3701//2061 2395//2061 2387//2061
f 2389//2062 3702//2062 2381//2062
f 3702//2063 3698//2063 2381//2063
f 3699//2064 3703//2064 2391//2064
f 3703//2061 2399//2061 2391//2061
f 2393//1976 3704//1976 2385//1976
f 3704//2065 3700//2065 2385//2065
f 3701//1978 3705//1978 2395//1978
f 3705//1979 2403//1979 2395//1979
f 2397//1981 3706//1981 2389//1981
f 3706//1981 3702//1981 2389//1981
f 3703//1968 3707//1968 2399//1968
f 3707//1979 2407//1979 2399//1979
f 2401//1981 3708//1981 2393//1981
f 3708//1983 3704//1983 2393//1983
f 3705//2066 3709//2066 2403//2066
f 3709//1985 2411//1985 2403//1985
f 2405//2067 3710//2067 2397//2067
f 3710//2068 3706//2068 2397//2068
f 3707//1979 3711//1979 2407//1979
f 3711//1985 2415//1985 2407//1985
f 2409//2067 3712//2067 2401//2067
f 3712//2068 3708//2068 2401//2068
f 3709//2069 3713//2069 2411//2069
f 3713//2070 2419//2070 2411//2070
f 2413//2071 3714//2071 2405//2071
f 3714//2072 3710//2072 2405//2072
f 3711//2069 3715//2069 2415//2069
f 3715//2070 2423//2070 2415//2070
f 2417//2071 3716//2071 2409//2071
f 3716//2072 3712//2072 2409//2072
f 3713//2073 3717//2073 2419//2073
f 3717//2074 2427//2074 2419//2074
f 2421//2075 3718//2075 2413//2075
f 3718//2076 3714//2076 2413//2076
f 3715//2073 3719//2073 2423//2073
f 3719//2077 2430//2077 2423//2077
f 2425//2075 3720//2075 2417//2075
f 3720//2076 3716//2076 2417//2076
f 3717//2078 3721//2078 2427//2078
f 3721//2079 2428//2079 2427//2079
f 2428//2080 3722//2080 2421//2080
f 3722//2081 3718//2081 2421//2081
f 3719//2078 3723//2078 2430//2078
f 3723//2079 2431//2079 2430//2079
f 2431//2082 3724//2082 2425//2082
f 3724//2081 3720//2081 2425//2081
f 3721//2083 3722//2083 2428//2083
f 3723//2083 3724//2083 2431//2083
f 3522//2084 3494//2084 3491//2084
f 3526//10 3482//10 3493//10
f 3465//2085 3525//2085 3527//2085
f 3482//10 3526//10 3524//10
f 3243//2086 3242//2086 3549//2086
f 3435//2087 3725//2087 3549//2087
f 3246//2088 3726//2088 3495//2088
f 3726//2089 3551//2089 3495//2089
f 3245//2088 3726//2088 3246//2088
f 3263//2090 3262//2090 3497//2090
f 3727//2091 3263//2091 3497//2091
f 3227//2092 3229//2092 3497//2092
f 3229//2093 3727//2093 3497//2093
f 3728//2094 3498//2094 3555//2094
f 3265//2095 3555//2095 3266//2095
f 3729//2096 3500//2096 3499//2096
f 3286//2097 3285//2097 3556//2097
f 3444//2098 3730//2098 3556//2098
f 3289//2099 3731//2099 3501//2099
f 3731//2100 3732//2100 3501//2100
f 3732//2101 3502//2101 3501//2101
f 3300//2102 3733//2102 3503//2102
f 3733//2103 3558//2103 3503//2103
f 3304//2104 3303//2104 3504//2104
f 3734//2105 3304//2105 3504//2105
f 3532//2106 3734//2106 3504//2106
f 3297//2107 3296//2107 3559//2107
f 3735//2108 3505//2108 3560//2108
f 3306//2109 3560//2109 3307//2109
f 3321//2110 3736//2110 3506//2110
f 3736//2111 3737//2111 3506//2111
f 3737//2112 3561//2112 3506//2112
f 3324//2104 3323//2104 3507//2104
f 3738//2105 3324//2105 3507//2105
f 3450//2113 3739//2113 3507//2113
f 3739//2114 3738//2114 3507//2114
f 3740//2115 3317//2115 3508//2115
f 3536//2116 3740//2116 3508//2116
f 3327//2117 3741//2117 3509//2117
f 3741//2118 3562//2118 3509//2118
f 3326//2117 3741//2117 3327//2117
f 3742//2119 3510//2119 3362//2119
f 3514//2120 3359//2120 3358//2120
f 3743//2121 3479//2121 3369//2121
f 3564//2122 3366//2122 3365//2122
f 3744//2121 3480//2121 3376//2121
f 3745//2121 3511//2121 3384//2121
f 3565//2123 3381//2123 3380//2123
f 3391//2124 3746//2124 3392//2124
f 3746//2124 3512//2124 3392//2124
f 3566//2123 3388//2123 3387//2123
f 3398//2125 3563//2125 3399//2125
f 3742//2126 3747//2126 3510//2126
f 3747//2127 3513//2127 3510//2127
f 3748//2128 3359//2128 3514//2128
f 3538//2129 3748//2129 3514//2129
f 3743//2130 3749//2130 3479//2130
f 3749//2131 3515//2131 3479//2131
f 3744//2132 3750//2132 3480//2132
f 3750//2133 3516//2133 3480//2133
f 3745//2134 3751//2134 3511//2134
f 3751//2134 3518//2134 3511//2134
f 3752//2135 3381//2135 3565//2135
f 3543//2136 3752//2136 3565//2136
f 3746//2134 3753//2134 3512//2134
f 3753//2134 3519//2134 3512//2134
f 3754//2137 3520//2137 3563//2137
f 3755//2138 3395//2138 3521//2138
f 3546//2139 3755//2139 3521//2139
f 3756//80 3528//80 3407//80
f 3548//2140 3756//2140 3407//2140
f 3757//2141 3725//2141 3435//2141
f 141//2142 3757//2142 3435//2142
f 3551//62 3439//62 3471//62
f 3553//81 3440//81 3409//81
f 3485//2143 3730//2143 3444//2143
f 592//72 3758//72 3530//72
f 3558//2144 592//2144 3414//2144
f 3486//288 3759//288 3533//288
f 3561//2145 3487//2145 3416//2145
f 3535//2146 3739//2146 3450//2146
f 3760//2147 36//2147 3478//2147
f 3562//2148 3760//2148 3478//2148
f 3761//2149 3548//2149 3547//2149
f 3762//2150 3243//2150 3549//2150
f 3725//2151 3762//2151 3549//2151
f 3236//2152 3235//2152 3550//2152
f 3763//2153 3236//2153 3550//2153
f 3529//2154 3764//2154 3550//2154
f 3764//2155 3763//2155 3550//2155
f 3765//2156 3551//2156 3726//2156
f 3238//2157 3547//2157 3239//2157
f 3766//2149 3553//2149 3552//2149
f 3767//2158 3263//2158 3727//2158
f 3229//2159 3767//2159 3727//2159
f 3256//2153 3255//2153 3554//2153
f 3768//2160 3256//2160 3554//2160
f 3037//2161 3040//2161 3554//2161
f 3040//2162 3768//2162 3554//2162
f 3265//2163 3769//2163 3555//2163
f 3769//2164 3728//2164 3555//2164
f 3258//2165 3552//2165 3259//2165
f 3283//2166 3770//2166 3499//2166
f 3770//2167 3771//2167 3499//2167
f 3771//2168 3729//2168 3499//2168
f 3772//2169 3286//2169 3556//2169
f 3730//2170 3772//2170 3556//2170
f 3280//2153 3279//2153 3557//2153
f 3773//2171 3280//2171 3557//2171
f 3530//2161 3774//2161 3557//2161
f 3774//2172 3773//2172 3557//2172
f 3282//2173 3770//2173 3283//2173
f 3288//2174 3731//2174 3289//2174
f 3775//2175 3558//2175 3733//2175
f 3532//2176 3776//2176 3734//2176
f 3777//2177 3297//2177 3559//2177
f 3533//2178 3778//2178 3559//2178
f 3778//2179 3777//2179 3559//2179
f 3306//2180 3779//2180 3560//2180
f 3779//2181 3735//2181 3560//2181
f 3299//2182 3733//2182 3300//2182
f 3321//2183 3780//2183 3736//2183
f 3780//2184 3737//2184 3736//2184
f 3318//2185 3317//2185 3740//2185
f 3536//2186 3781//2186 3740//2186
f 3782//2187 3562//2187 3741//2187
f 3320//2188 3780//2188 3321//2188
f 3361//2189 3742//2189 3362//2189
f 3368//2190 3783//2190 3369//2190
f 3783//2191 3743//2191 3369//2191
f 3375//2189 3744//2189 3376//2189
f 3517//2192 3373//2192 3372//2192
f 3383//2189 3745//2189 3384//2189
f 3784//2193 3563//2193 3398//2193
f 3538//2194 3785//2194 3748//2194
f 3783//2195 3749//2195 3743//2195
f 3786//2196 3366//2196 3564//2196
f 3541//2197 3787//2197 3564//2197
f 3787//2198 3786//2198 3564//2198
f 3788//2196 3373//2196 3517//2196
f 3542//2199 3789//2199 3517//2199
f 3789//2198 3788//2198 3517//2198
f 3543//2200 3790//2200 3752//2200
f 3791//2135 3388//2135 3566//2135
f 3545//2201 3792//2201 3566//2201
f 3792//2202 3791//2202 3566//2202
f 3784//2203 3754//2203 3563//2203
f 3546//2200 3793//2200 3755//2200
f 3484//1696 3764//1696 3529//1696
f 3728//1699 3441//1699 3498//1699
f 3794//80 3443//80 3500//80
f 3729//2204 3794//2204 3500//2204
f 3758//2205 3774//2205 3530//2205
f 3732//2206 3531//2206 3502//2206
f 148//458 3776//458 3532//458
f 3759//12 3778//12 3533//12
f 3735//227 3534//227 3505//227
f 3737//15 3487//15 3561//15
f 31//2207 3795//2207 3536//2207
f 3795//15 3781//15 3536//15
f 3747//47 2784//47 3513//47
f 3537//47 3785//47 3538//47
f 3749//47 3539//47 3515//47
f 3540//47 3796//47 3541//47
f 3796//47 3787//47 3541//47
f 3750//47 3457//47 3516//47
f 2817//47 3789//47 3542//47
f 3751//47 3488//47 3518//47
f 3459//47 3790//47 3543//47
f 3753//47 3489//47 3519//47
f 3797//47 3792//47 3545//47
f 3544//47 3797//47 3545//47
f 3754//47 3490//47 3520//47
f 2846//47 3793//47 3546//47
f 3238//2208 3798//2208 3547//2208
f 3798//2209 3761//2209 3547//2209
f 3725//2210 3799//2210 3762//2210
f 3245//2211 3800//2211 3726//2211
f 3800//2212 3765//2212 3726//2212
f 3237//2213 3798//2213 3238//2213
f 3244//2214 3800//2214 3245//2214
f 3258//2215 3801//2215 3552//2215
f 3801//2216 3766//2216 3552//2216
f 3264//2217 3263//2217 3767//2217
f 3229//2218 3228//2218 3767//2218
f 3231//2219 3728//2219 3769//2219
f 3257//2220 3801//2220 3258//2220
f 3287//2221 3286//2221 3772//2221
f 3730//2222 3802//2222 3772//2222
f 3803//2223 3732//2223 3731//2223
f 3281//2224 3770//2224 3282//2224
f 3804//2225 3304//2225 3734//2225
f 3776//2226 3804//2226 3734//2226
f 3298//2227 3297//2227 3777//2227
f 3805//2228 3735//2228 3779//2228
f 3305//2229 3779//2229 3306//2229
f 3806//2225 3324//2225 3738//2225
f 3739//2230 3807//2230 3738//2230
f 3807//2231 3806//2231 3738//2231
f 3808//2232 3318//2232 3740//2232
f 3781//2233 3808//2233 3740//2233
f 3326//2234 3809//2234 3741//2234
f 3809//2235 3782//2235 3741//2235
f 3319//2236 3780//2236 3320//2236
f 3325//2237 3809//2237 3326//2237
f 3810//2238 3742//2238 3361//2238
f 3748//2239 3360//2239 3359//2239
f 3786//2240 3367//2240 3366//2240
f 3811//2241 3744//2241 3375//2241
f 3812//2241 3745//2241 3383//2241
f 3752//2242 3382//2242 3381//2242
f 3390//2243 3813//2243 3391//2243
f 3813//2243 3746//2243 3391//2243
f 3791//2239 3389//2239 3388//2239
f 3397//2244 3784//2244 3398//2244
f 3755//2245 3396//2245 3395//2245
f 3810//2246 3814//2246 3742//2246
f 3814//2247 3747//2247 3742//2247
f 3810//2248 3360//2248 3748//2248
f 3785//2249 3815//2249 3748//2249
f 3815//2250 3810//2250 3748//2250
f 3816//2251 3749//2251 3783//2251
f 3811//2252 3750//2252 3744//2252
f 3812//2253 3817//2253 3745//2253
f 3817//2254 3751//2254 3745//2254
f 3813//2253 3818//2253 3746//2253
f 3818//2254 3753//2254 3746//2254
f 3819//2255 3754//2255 3784//2255
f 3820//2256 3761//2256 3798//2256
f 3244//2257 3243//2257 3762//2257
f 3800//2258 3244//2258 3762//2258
f 3799//2259 3800//2259 3762//2259
f 3237//2260 3236//2260 3763//2260
f 3798//2261 3237//2261 3763//2261
f 3764//2262 3820//2262 3763//2262
f 3820//2263 3798//2263 3763//2263
f 3799//2264 3765//2264 3800//2264
f 3039//2265 3766//2265 3801//2265
f 3257//2261 3256//2261 3768//2261
f 3801//2266 3257//2266 3768//2266
f 3040//2267 3039//2267 3768//2267
f 3039//2268 3801//2268 3768//2268
f 3265//2269 3767//2269 3769//2269
f 3767//2270 3231//2270 3769//2270
f 3264//2269 3767//2269 3265//2269
f 3281//2271 3821//2271 3770//2271
f 3821//2272 3822//2272 3770//2272
f 3822//2273 3771//2273 3770//2273
f 3823//2274 3287//2274 3772//2274
f 3802//2275 3823//2275 3772//2275
f 3281//2276 3280//2276 3773//2276
f 3821//2277 3281//2277 3773//2277
f 3774//2278 3822//2278 3773//2278
f 3822//2279 3821//2279 3773//2279
f 3288//2280 3823//2280 3731//2280
f 3823//2281 3802//2281 3731//2281
f 3802//2282 3803//2282 3731//2282
f 3287//2283 3823//2283 3288//2283
f 3299//2284 3824//2284 3733//2284
f 3824//2285 3825//2285 3733//2285
f 3825//2286 3775//2286 3733//2286
f 3305//2287 3304//2287 3804//2287
f 3824//2288 3298//2288 3777//2288
f 3778//2289 3825//2289 3777//2289
f 3825//2290 3824//2290 3777//2290
f 3305//2291 3804//2291 3779//2291
f 3804//2292 3805//2292 3779//2292
f 3298//2293 3824//2293 3299//2293
f 3319//2294 3808//2294 3780//2294
f 3808//2295 3826//2295 3780//2295
f 3826//2296 3737//2296 3780//2296
f 3325//2287 3324//2287 3806//2287
f 3319//2297 3318//2297 3808//2297
f 3781//2298 3826//2298 3808//2298
f 3325//66 3806//66 3809//66
f 3806//2299 3827//2299 3809//2299
f 3827//2300 3782//2300 3809//2300
f 3360//2301 3810//2301 3361//2301
f 3367//2302 3783//2302 3368//2302
f 3374//2303 3811//2303 3375//2303
f 3788//2240 3374//2240 3373//2240
f 3382//2303 3812//2303 3383//2303
f 3791//2304 3390//2304 3389//2304
f 3396//2305 3828//2305 3397//2305
f 3828//2306 3784//2306 3397//2306
f 3829//2307 3816//2307 3783//2307
f 3783//2308 3367//2308 3786//2308
f 3787//2309 3829//2309 3786//2309
f 3829//2310 3783//2310 3786//2310
f 3830//2311 3750//2311 3811//2311
f 3811//2308 3374//2308 3788//2308
f 3789//2312 3830//2312 3788//2312
f 3830//2307 3811//2307 3788//2307
f 3812//2313 3382//2313 3752//2313
f 3790//2314 3831//2314 3752//2314
f 3831//2315 3812//2315 3752//2315
f 3832//2307 3818//2307 3813//2307
f 3813//2316 3390//2316 3791//2316
f 3792//2314 3832//2314 3791//2314
f 3832//2317 3813//2317 3791//2317
f 3828//2318 3819//2318 3784//2318
f 3828//2248 3396//2248 3755//2248
f 3793//2319 3819//2319 3755//2319
f 3819//2320 3828//2320 3755//2320
f 3228//2321 3231//2321 3767//2321
f 3776//2322 3805//2322 3804//2322
f 3807//2323 3827//2323 3806//2323
f 3815//2324 3814//2324 3810//2324
f 3831//2310 3817//2310 3812//2310
f 3761//1693 3756//1693 3548//1693
f 3757//2325 3799//2325 3725//2325
f 3765//2326 3439//2326 3551//2326
f 3766//2327 3440//2327 3553//2327
f 3833//84 3441//84 3728//84
f 3771//2328 3794//2328 3729//2328
f 3834//2329 3802//2329 3730//2329
f 3485//84 3834//84 3730//84
f 3834//61 3531//61 3732//61
f 3775//2330 592//2330 3558//2330
f 3835//2331 3534//2331 3735//2331
f 3535//2332 3807//2332 3739//2332
f 3782//588 3760//588 3562//588
f 3537//47 3815//47 3785//47
f 3484//1697 3820//1697 3764//1697
f 3442//80 3440//80 3766//80
f 3231//2333 3833//2333 3728//2333
f 3794//2334 3822//2334 3774//2334
f 3758//72 3794//72 3774//72
f 3803//2335 3834//2335 3732//2335
f 3759//2336 3825//2336 3778//2336
f 3805//431 3835//431 3735//431
f 3795//2207 3826//2207 3781//2207
f 3814//47 2784//47 3747//47
f 3816//47 3539//47 3749//47
f 3796//47 3829//47 3787//47
f 2817//47 3830//47 3789//47
f 3817//47 3488//47 3751//47
f 3459//47 3831//47 3790//47
f 3818//47 3489//47 3753//47
f 3797//47 3832//47 3792//47
f 3819//47 3490//47 3754//47
f 2846//47 3819//47 3793//47
f 3820//2337 3756//2337 3761//2337
f 3757//84 3439//84 3765//84
f 3799//2142 3757//2142 3765//2142
f 3039//2338 3442//2338 3766//2338
f 3822//2339 3794//2339 3771//2339
f 3802//2340 3834//2340 3803//2340
f 3825//2336 3759//2336 3775//2336
f 3759//2341 592//2341 3775//2341
f 3835//2342 3805//2342 3776//2342
f 148//227 3835//227 3776//227
f 3795//15 3487//15 3737//15
f 3826//2343 3795//2343 3737//2343
f 3535//2344 3827//2344 3807//2344
f 3827//2345 3760//2345 3782//2345
f 3537//47 3814//47 3815//47
f 3796//47 3539//47 3816//47
f 3829//47 3796//47 3816//47
f 2817//47 3457//47 3750//47
f 3830//2346 2817//2346 3750//2346
f 3488//47 3817//47 3831//47
f 3459//47 3488//47 3831//47
f 3797//47 3489//47 3818//47
f 3832//47 3797//47 3818//47
f 2846//47 3490//47 3819//47
f 3484//88 3756//88 3820//88
f 3836//59 3833//59 3231//59
f 3837//95 3836//95 3231//95
f 3438//797 3837//797 3231//797
f 3535//227 3760//227 3827//227
f 3537//47 2784//47 3814//47
f 289//2347 3838//2347 288//2347
f 3838//2348 3839//2348 288//2348
f 3839//2349 296//2349 288//2349
f 291//2347 3840//2347 290//2347
f 3840//2348 3841//2348 290//2348
f 3841//2349 298//2349 290//2349
f 293//2347 3842//2347 292//2347
f 3842//2348 3843//2348 292//2348
f 3843//2350 300//2350 292//2350
f 294//2347 3844//2347 295//2347
f 3844//2348 3845//2348 295//2348
f 3845//2349 302//2349 295//2349
f 3839//2351 3846//2351 296//2351
f 3846//2352 305//2352 296//2352
f 297//2353 3847//2353 289//2353
f 3847//2354 3838//2354 289//2354
f 3841//2351 3848//2351 298//2351
f 3848//2352 307//2352 298//2352
f 299//2353 3849//2353 291//2353
f 3849//2354 3840//2354 291//2354
f 3843//2351 3850//2351 300//2351
f 3850//2355 309//2355 300//2355
f 301//2356 3851//2356 293//2356
f 3851//1910 3842//1910 293//1910
f 3845//2351 3852//2351 302//2351
f 3852//2355 311//2355 302//2355
f 303//2356 3853//2356 294//2356
f 3853//1910 3844//1910 294//1910
f 3846//2357 3854//2357 305//2357
f 3854//2358 316//2358 305//2358
f 306//2359 3855//2359 297//2359
f 3855//2360 3847//2360 297//2360
f 3848//2357 3856//2357 307//2357
f 3856//2358 318//2358 307//2358
f 308//2359 3857//2359 299//2359
f 3857//2360 3849//2360 299//2360
f 3850//2361 3858//2361 309//2361
f 3858//2362 320//2362 309//2362
f 310//2363 3859//2363 301//2363
f 3859//2359 3851//2359 301//2359
f 3852//2361 3860//2361 311//2361
f 3860//2364 322//2364 311//2364
f 312//2363 3861//2363 303//2363
f 3861//2359 3853//2359 303//2359
f 3854//2364 3862//2364 316//2364
f 3862//2365 326//2365 316//2365
f 317//2366 3863//2366 306//2366
f 3863//2366 3855//2366 306//2366
f 3856//2364 3864//2364 318//2364
f 3864//2365 328//2365 318//2365
f 319//2366 3865//2366 308//2366
f 3865//2366 3857//2366 308//2366
f 3858//1916 3866//1916 320//1916
f 3866//2365 330//2365 320//2365
f 321//2367 3867//2367 310//2367
f 3867//2368 3859//2368 310//2368
f 3860//1916 3868//1916 322//1916
f 3868//2365 332//2365 322//2365
f 325//2367 3869//2367 312//2367
f 3869//2369 3861//2369 312//2369
f 3862//2370 3870//2370 326//2370
f 3870//2371 339//2371 326//2371
f 327//2372 3871//2372 317//2372
f 3871//2373 3863//2373 317//2373
f 3864//2370 3872//2370 328//2370
f 3872//2371 341//2371 328//2371
f 329//2374 3873//2374 319//2374
f 3873//2373 3865//2373 319//2373
f 3866//2365 3874//2365 330//2365
f 3874//2371 343//2371 330//2371
f 331//2374 3875//2374 321//2374
f 3875//2372 3867//2372 321//2372
f 3876//2375 345//2375 332//2375
f 3868//2365 3877//2365 332//2365
f 3877//1920 3876//1920 332//1920
f 333//2374 3878//2374 325//2374
f 3878//2372 3879//2372 325//2372
f 3879//2024 3869//2024 325//2024
f 3870//2030 3880//2030 339//2030
f 3880//2376 358//2376 339//2376
f 340//2377 3881//2377 327//2377
f 3881//2378 3871//2378 327//2378
f 3872//1920 3882//1920 341//1920
f 3882//2376 361//2376 341//2376
f 342//2379 3883//2379 329//2379
f 3883//2380 3873//2380 329//2380
f 3874//2381 3884//2381 343//2381
f 3884//2376 364//2376 343//2376
f 344//2379 3885//2379 331//2379
f 3885//2380 3875//2380 331//2380
f 3876//2382 3886//2382 345//2382
f 3886//2376 366//2376 345//2376
f 346//2379 3887//2379 333//2379
f 3887//2380 3878//2380 333//2380
f 3880//2383 3888//2383 358//2383
f 3888//2384 380//2384 358//2384
f 359//2385 3889//2385 340//2385
f 3889//2386 3881//2386 340//2386
f 3882//2387 3890//2387 361//2387
f 3890//2384 384//2384 361//2384
f 362//2385 3891//2385 342//2385
f 3891//2386 3883//2386 342//2386
f 3884//2383 3892//2383 364//2383
f 3892//2384 388//2384 364//2384
f 365//2385 3893//2385 344//2385
f 3893//2386 3885//2386 344//2386
f 3886//2387 3894//2387 366//2387
f 3894//2388 369//2388 366//2388
f 367//2385 3895//2385 346//2385
f 3895//2386 3887//2386 346//2386
f 3888//2035 3896//2035 380//2035
f 3896//2389 403//2389 380//2389
f 382//2390 3897//2390 359//2390
f 3897//2043 3889//2043 359//2043
f 3890//2035 3898//2035 384//2035
f 3898//2391 407//2391 384//2391
f 386//2390 3899//2390 362//2390
f 3899//2043 3891//2043 362//2043
f 3892//2035 3900//2035 388//2035
f 3900//2391 411//2391 388//2391
f 390//2390 3901//2390 365//2390
f 3901//2043 3893//2043 365//2043
f 3894//2035 3902//2035 369//2035
f 3902//2389 415//2389 369//2389
f 392//2390 3903//2390 367//2390
f 3903//2043 3895//2043 367//2043
f 3896//2392 3904//2392 403//2392
f 3904//1946 422//1946 403//1946
f 405//1947 3905//1947 382//1947
f 3905//2393 3897//2393 382//2393
f 3898//2392 3906//2392 407//2392
f 3906//1946 426//1946 407//1946
f 409//1947 3907//1947 386//1947
f 3907//2393 3899//2393 386//2393
f 3900//2392 3908//2392 411//2392
f 3908//1946 430//1946 411//1946
f 413//1947 3909//1947 390//1947
f 3909//2393 3901//2393 390//2393
f 3902//2392 3910//2392 415//2392
f 3910//1946 434//1946 415//1946
f 417//1947 3911//1947 392//1947
f 3911//2393 3903//2393 392//2393
f 3904//2394 3912//2394 422//2394
f 3912//2395 438//2395 422//2395
f 424//2396 3913//2396 405//2396
f 3913//2397 3905//2397 405//2397
f 3906//2394 3914//2394 426//2394
f 3914//2395 442//2395 426//2395
f 428//1953 3915//1953 409//1953
f 3915//2397 3907//2397 409//2397
f 3908//2394 3916//2394 430//2394
f 3916//2395 446//2395 430//2395
f 432//1953 3917//1953 413//1953
f 3917//2397 3909//2397 413//2397
f 3910//2394 3918//2394 434//2394
f 3918//2047 450//2047 434//2047
f 436//2396 3919//2396 417//2396
f 3919//2397 3911//2397 417//2397
f 3912//1955 3920//1955 438//1955
f 3920//2398 453//2398 438//2398
f 440//2399 3921//2399 424//2399
f 3921//2400 3913//2400 424//2400
f 3914//1955 3922//1955 442//1955
f 3922//2398 454//2398 442//2398
f 444//2399 3923//2399 428//2399
f 3923//2400 3915//2400 428//2400
f 3916//1955 3924//1955 446//1955
f 3924//2398 456//2398 446//2398
f 448//2399 3925//2399 432//2399
f 3925//2400 3917//2400 432//2400
f 3918//1955 3926//1955 450//1955
f 3926//2398 458//2398 450//2398
f 452//2399 3927//2399 436//2399
f 3927//2400 3919//2400 436//2400
f 3920//2401 3928//2401 453//2401
f 3928//2402 3929//2402 453//2402
f 3929//1961 463//1961 453//1961
f 464//1963 3930//1963 440//1963
f 3930//2403 3921//2403 440//2403
f 3922//2401 3931//2401 454//2401
f 3931//2402 3932//2402 454//2402
f 3932//1961 470//1961 454//1961
f 472//1963 3933//1963 444//1963
f 3933//2403 3923//2403 444//2403
f 3924//2401 3934//2401 456//2401
f 3934//2402 3935//2402 456//2402
f 3935//1961 478//1961 456//1961
f 479//1963 3936//1963 448//1963
f 3936//2403 3925//2403 448//2403
f 3937//2402 501//2402 458//2402
f 3926//2401 3938//2401 458//2401
f 3938//2402 3937//2402 458//2402
f 486//1963 3939//1963 452//1963
f 3939//2403 3927//2403 452//2403
f 3929//2404 505//2404 463//2404
f 495//2405 3940//2405 464//2405
f 3940//2406 3930//2406 464//2406
f 3932//2407 509//2407 470//2407
f 497//2408 3941//2408 472//2408
f 3941//2409 3933//2409 472//2409
f 3935//2407 513//2407 478//2407
f 499//2408 3942//2408 479//2408
f 3942//2409 3936//2409 479//2409
f 3937//2410 517//2410 501//2410
f 503//2408 3943//2408 486//2408
f 3943//2411 3939//2411 486//2411
f 3929//2412 3944//2412 505//2412
f 3944//2413 521//2413 505//2413
f 507//2414 3945//2414 495//2414
f 3945//2415 3940//2415 495//2415
f 3932//2416 3946//2416 509//2416
f 3946//2417 525//2417 509//2417
f 511//2415 3947//2415 497//2415
f 3947//2418 3941//2418 497//2418
f 3935//2416 3948//2416 513//2416
f 3948//2413 529//2413 513//2413
f 515//2415 3949//2415 499//2415
f 3949//2419 3942//2419 499//2419
f 3937//2416 3950//2416 517//2416
f 3950//2420 3951//2420 517//2420
f 3951//2421 533//2421 517//2421
f 519//2415 3952//2415 503//2415
f 3952//2419 3943//2419 503//2419
f 3944//2422 3953//2422 521//2422
f 3953//2423 538//2423 521//2423
f 523//2424 3954//2424 507//2424
f 3954//1988 3945//1988 507//1988
f 3946//2422 3955//2422 525//2422
f 3955//2423 542//2423 525//2423
f 527//2424 3956//2424 511//2424
f 3956//2424 3947//2424 511//2424
f 3948//2425 3957//2425 529//2425
f 3957//2426 546//2426 529//2426
f 531//2424 3958//2424 515//2424
f 3958//2427 3949//2427 515//2427
f 3951//2428 3959//2428 533//2428
f 3959//2426 550//2426 533//2426
f 536//2429 3960//2429 519//2429
f 3960//2067 3952//2067 519//2067
f 3953//2430 3961//2430 538//2430
f 3961//2431 554//2431 538//2431
f 540//2432 3962//2432 523//2432
f 3962//2433 3954//2433 523//2433
f 3955//2430 3963//2430 542//2430
f 3963//2431 558//2431 542//2431
f 544//2432 3964//2432 527//2432
f 3964//2433 3956//2433 527//2433
f 3957//2426 3965//2426 546//2426
f 3965//2434 562//2434 546//2434
f 548//2435 3966//2435 531//2435
f 3966//2432 3958//2432 531//2432
f 3959//2426 3967//2426 550//2426
f 3967//2434 566//2434 550//2434
f 552//2436 3968//2436 536//2436
f 3968//2432 3969//2432 536//2432
f 3969//2437 3960//2437 536//2437
f 3961//2434 3970//2434 554//2434
f 3970//2438 570//2438 554//2438
f 556//2439 3971//2439 540//2439
f 3971//2076 3962//2076 540//2076
f 3963//2434 3972//2434 558//2434
f 3972//2438 573//2438 558//2438
f 560//2439 3973//2439 544//2439
f 3973//2076 3964//2076 544//2076
f 3965//2440 3974//2440 562//2440
f 3974//2441 576//2441 562//2441
f 564//2442 3975//2442 548//2442
f 3975//2443 3966//2443 548//2443
f 3967//2440 3976//2440 566//2440
f 3976//2441 579//2441 566//2441
f 568//2442 3977//2442 552//2442
f 3977//2443 3968//2443 552//2443
f 3970//2444 3978//2444 570//2444
f 3978//2445 571//2445 570//2445
f 571//2446 3979//2446 556//2446
f 3979//2009 3971//2009 556//2009
f 3972//2444 3980//2444 573//2444
f 3980//2445 574//2445 573//2445
f 574//2447 3981//2447 560//2447
f 3981//2009 3973//2009 560//2009
f 3974//2078 3982//2078 576//2078
f 3982//2445 577//2445 576//2445
f 577//2446 3983//2446 564//2446
f 3983//2009 3975//2009 564//2009
f 3976//2078 3984//2078 579//2078
f 3984//2445 580//2445 579//2445
f 580//2447 3985//2447 568//2447
f 3985//2009 3977//2009 568//2009
f 3978//2448 3979//2448 571//2448
f 3980//2448 3981//2448 574//2448
f 3982//2448 3983//2448 577//2448
f 3984//2448 3985//2448 580//2448
f 1214//2347 3986//2347 1215//2347
f 3986//2348 3987//2348 1215//2348
f 3987//2350 1222//2350 1215//2350
f 1216//2347 3988//2347 1217//2347
f 3988//2348 3989//2348 1217//2348
f 3989//2349 1224//2349 1217//2349
f 1218//2347 3990//2347 1219//2347
f 3990//2348 3991//2348 1219//2348
f 3991//2350 1226//2350 1219//2350
f 1221//2347 3992//2347 1220//2347
f 3992//2348 3993//2348 1220//2348
f 3993//2349 1228//2349 1220//2349
f 3987//2351 3994//2351 1222//2351
f 3994//2449 1230//2449 1222//2449
f 1223//2450 3995//2450 1214//2450
f 3995//2020 3986//2020 1214//2020
f 3989//2351 3996//2351 1224//2351
f 3996//2449 1232//2449 1224//2449
f 1225//2450 3997//2450 1216//2450
f 3997//2020 3988//2020 1216//2020
f 3991//2351 3998//2351 1226//2351
f 3998//2451 1234//2451 1226//2451
f 1227//2452 3999//2452 1218//2452
f 3999//2453 3990//2453 1218//2453
f 3993//2351 4000//2351 1228//2351
f 4000//2451 1236//2451 1228//2451
f 1229//2452 4001//2452 1221//2452
f 4001//2453 3992//2453 1221//2453
f 3994//2454 4002//2454 1230//2454
f 4002//2358 1238//2358 1230//2358
f 1231//2359 4003//2359 1223//2359
f 4003//2360 3995//2360 1223//2360
f 3996//2454 4004//2454 1232//2454
f 4004//2455 1240//2455 1232//2455
f 1233//2359 4005//2359 1225//2359
f 4005//2360 3997//2360 1225//2360
f 3998//2016 4006//2016 1234//2016
f 4006//2364 1242//2364 1234//2364
f 1235//2363 4007//2363 1227//2363
f 4007//2359 3999//2359 1227//2359
f 4000//2016 4008//2016 1236//2016
f 4008//2364 1244//2364 1236//2364
f 1237//2363 4009//2363 1229//2363
f 4009//2359 4001//2359 1229//2359
f 4002//2364 4010//2364 1238//2364
f 4010//2365 1246//2365 1238//2365
f 1239//2366 4011//2366 1231//2366
f 4011//2366 4003//2366 1231//2366
f 4004//2364 4012//2364 1240//2364
f 4012//2365 1248//2365 1240//2365
f 1241//2366 4013//2366 1233//2366
f 4013//2366 4005//2366 1233//2366
f 4006//1916 4014//1916 1242//1916
f 4014//2365 1250//2365 1242//2365
f 1243//2367 4015//2367 1235//2367
f 4015//2456 4007//2456 1235//2456
f 4008//1916 4016//1916 1244//1916
f 4016//2365 1252//2365 1244//2365
f 1245//2367 4017//2367 1237//2367
f 4017//2369 4009//2369 1237//2369
f 4010//2370 4018//2370 1246//2370
f 4018//2371 1254//2371 1246//2371
f 1247//2372 4019//2372 1239//2372
f 4019//2373 4011//2373 1239//2373
f 4012//2370 4020//2370 1248//2370
f 4020//2371 1256//2371 1248//2371
f 1249//2374 4021//2374 1241//2374
f 4021//2373 4013//2373 1241//2373
f 4014//2365 4022//2365 1250//2365
f 4022//2457 1258//2457 1250//2457
f 1251//2374 4023//2374 1243//2374
f 4023//2372 4015//2372 1243//2372
f 4024//1920 1260//1920 1252//1920
f 4016//2365 4025//2365 1252//2365
f 4025//2375 4024//2375 1252//2375
f 1253//2374 4026//2374 1245//2374
f 4026//2372 4027//2372 1245//2372
f 4027//2024 4017//2024 1245//2024
f 4018//1920 4028//1920 1254//1920
f 4028//2458 1262//2458 1254//2458
f 1255//2459 4029//2459 1247//2459
f 4029//2460 4019//2460 1247//2460
f 4020//1920 4030//1920 1256//1920
f 4030//1936 1264//1936 1256//1936
f 1257//2461 4031//2461 1249//2461
f 4031//1928 4021//1928 1249//1928
f 4022//2381 4032//2381 1258//2381
f 4032//1936 1266//1936 1258//1936
f 1259//2461 4033//2461 1251//2461
f 4033//1928 4023//1928 1251//1928
f 4024//2382 4034//2382 1260//2382
f 4034//2462 1268//2462 1260//2462
f 1261//2461 4035//2461 1253//2461
f 4035//1928 4026//1928 1253//1928
f 4028//1932 4036//1932 1262//1932
f 4036//2463 1271//2463 1262//2463
f 1263//2464 4037//2464 1255//2464
f 4037//2039 4029//2039 1255//2039
f 4030//1932 4038//1932 1264//1932
f 4038//2463 1273//2463 1264//2463
f 1265//2464 4039//2464 1257//2464
f 4039//2039 4031//2039 1257//2039
f 4032//1932 4040//1932 1266//1932
f 4040//2463 1275//2463 1266//2463
f 1267//2464 4041//2464 1259//2464
f 4041//2039 4033//2039 1259//2039
f 4034//2465 4042//2465 1268//2465
f 4042//2466 1270//2466 1268//2466
f 1269//2464 4043//2464 1261//2464
f 4043//2039 4035//2039 1261//2039
f 4036//2467 4044//2467 1271//2467
f 4044//2468 1278//2468 1271//2468
f 1272//2469 4045//2469 1263//2469
f 4045//2043 4037//2043 1263//2043
f 4038//2470 4046//2470 1273//2470
f 4046//2468 1280//2468 1273//2468
f 1274//2469 4047//2469 1265//2469
f 4047//2043 4039//2043 1265//2043
f 4040//2470 4048//2470 1275//2470
f 4048//2468 1282//2468 1275//2468
f 1276//2471 4049//2471 1267//2471
f 4049//2043 4041//2043 1267//2043
f 4042//2470 4050//2470 1270//2470
f 4050//2468 1284//2468 1270//2468
f 1277//2471 4051//2471 1269//2471
f 4051//2043 4043//2043 1269//2043
f 4044//1949 4052//1949 1278//1949
f 4052//2472 1286//2472 1278//2472
f 1279//2473 4053//2473 1272//2473
f 4053//1948 4045//1948 1272//1948
f 4046//1949 4054//1949 1280//1949
f 4054//2472 1288//2472 1280//2472
f 1281//2474 4055//2474 1274//2474
f 4055//1948 4047//1948 1274//1948
f 4048//1949 4056//1949 1282//1949
f 4056//2472 1290//2472 1282//2472
f 1283//2474 4057//2474 1276//2474
f 4057//1948 4049//1948 1276//1948
f 4050//1949 4058//1949 1284//1949
f 4058//2472 1292//2472 1284//2472
f 1285//2474 4059//2474 1277//2474
f 4059//1948 4051//1948 1277//1948
f 4052//2049 4060//2049 1286//2049
f 4060//2047 1295//2047 1286//2047
f 1287//1953 4061//1953 1279//1953
f 4061//2475 4053//2475 1279//2475
f 4054//2049 4062//2049 1288//2049
f 4062//2047 1298//2047 1288//2047
f 1289//1953 4063//1953 1281//1953
f 4063//2475 4055//2475 1281//2475
f 4056//2049 4064//2049 1290//2049
f 4064//2047 1302//2047 1290//2047
f 1291//1953 4065//1953 1283//1953
f 4065//2475 4057//2475 1283//2475
f 4058//2049 4066//2049 1292//2049
f 4066//1952 1305//1952 1292//1952
f 1293//1953 4067//1953 1285//1953
f 4067//2475 4059//2475 1285//2475
f 4060//2476 4068//2476 1295//2476
f 4068//2477 1308//2477 1295//2477
f 1296//2478 4069//2478 1287//2478
f 4069//2479 4061//2479 1287//2479
f 4062//2476 4070//2476 1298//2476
f 4070//2477 1312//2477 1298//2477
f 1300//2478 4071//2478 1289//2478
f 4071//2480 4063//2480 1289//2480
f 4064//2476 4072//2476 1302//2476
f 4072//2477 1316//2477 1302//2477
f 1303//2481 4073//2481 1291//2481
f 4073//2052 4065//2052 1291//2052
f 4066//1952 4074//1952 1305//1952
f 4074//2477 1321//2477 1305//2477
f 1306//2478 4075//2478 1293//2478
f 4075//2480 4067//2480 1293//2480
f 4068//2482 4076//2482 1308//2482
f 4076//2483 1325//2483 1308//2483
f 1310//2484 4069//2484 1296//2484
f 4070//2054 4077//2054 1312//2054
f 4077//2483 1329//2483 1312//2483
f 1314//2484 4071//2484 1300//2484
f 4072//2054 4078//2054 1316//2054
f 4078//2483 1333//2483 1316//2483
f 1318//2484 4073//2484 1303//2484
f 4079//2485 1337//2485 1321//2485
f 4074//2054 4079//2054 1321//2054
f 1323//2484 4075//2484 1306//2484
f 4076//2486 4080//2486 1325//2486
f 4080//2487 1341//2487 1325//2487
f 1327//2488 4081//2488 1310//2488
f 4081//2489 4082//2489 1310//2489
f 4082//2059 4069//2059 1310//2059
f 4077//2490 4083//2490 1329//2490
f 4083//2491 1345//2491 1329//2491
f 1331//2489 4084//2489 1314//2489
f 4084//2489 4085//2489 1314//2489
f 4085//2492 4071//2492 1314//2492
f 4078//2490 4086//2490 1333//2490
f 4086//2491 1349//2491 1333//2491
f 1335//2489 4087//2489 1318//2489
f 4087//2489 4088//2489 1318//2489
f 4088//2059 4073//2059 1318//2059
f 4079//2058 4089//2058 1337//2058
f 4089//2493 1353//2493 1337//2493
f 1339//2494 4090//2494 1323//2494
f 4090//2489 4091//2489 1323//2489
f 4091//2492 4075//2492 1323//2492
f 4080//2491 4092//2491 1341//2491
f 4092//2495 1357//2495 1341//2495
f 1343//1981 4093//1981 1327//1981
f 4093//2496 4081//2496 1327//2496
f 4083//2491 4094//2491 1345//2491
f 4094//2495 1361//2495 1345//2495
f 1347//2497 4095//2497 1331//2497
f 4095//2498 4084//2498 1331//2498
f 4086//2491 4096//2491 1349//2491
f 4096//2495 1365//2495 1349//2495
f 1351//2415 4097//2415 1335//2415
f 4097//1981 4087//1981 1335//1981
f 4089//2493 4098//2493 1353//2493
f 4098//2499 4099//2499 1353//2499
f 4099//1979 1369//1979 1353//1979
f 1355//2415 4100//2415 1339//2415
f 4100//2414 4090//2414 1339//2414
f 4092//2421 4101//2421 1357//2421
f 4101//2423 1374//2423 1357//2423
f 1359//2424 4102//2424 1343//2424
f 4102//2424 4093//2424 1343//2424
f 4094//2421 4103//2421 1361//2421
f 4103//2423 1378//2423 1361//2423
f 1363//2424 4104//2424 1347//2424
f 4104//2424 4095//2424 1347//2424
f 4096//2500 4105//2500 1365//2500
f 4105//2426 1382//2426 1365//2426
f 1367//2424 4106//2424 1351//2424
f 4106//2427 4097//2427 1351//2427
f 4099//1979 4107//1979 1369//1979
f 4107//2426 1386//2426 1369//2426
f 1372//2429 4108//2429 1355//2429
f 4108//2067 4100//2067 1355//2067
f 4101//2430 4109//2430 1374//2430
f 4109//2431 1390//2431 1374//2431
f 1376//2432 4110//2432 1359//2432
f 4110//2433 4102//2433 1359//2433
f 4103//2430 4111//2430 1378//2430
f 4111//2431 1394//2431 1378//2431
f 1380//2432 4112//2432 1363//2432
f 4112//2433 4104//2433 1363//2433
f 4105//2426 4113//2426 1382//2426
f 4113//2434 1398//2434 1382//2434
f 1384//2435 4114//2435 1367//2435
f 4114//2432 4106//2432 1367//2432
f 4107//2426 4115//2426 1386//2426
f 4115//2434 1402//2434 1386//2434
f 1388//2435 4116//2435 1372//2435
f 4116//2432 4117//2432 1372//2432
f 4117//2437 4108//2437 1372//2437
f 4109//2434 4118//2434 1390//2434
f 4118//2438 1406//2438 1390//2438
f 1392//2501 4119//2501 1376//2501
f 4119//2502 4110//2502 1376//2502
f 4111//2434 4120//2434 1394//2434
f 4120//2438 1409//2438 1394//2438
f 1396//2501 4121//2501 1380//2501
f 4121//2502 4112//2502 1380//2502
f 4113//2440 4122//2440 1398//2440
f 4122//2441 1412//2441 1398//2441
f 1400//2503 4123//2503 1384//2503
f 4123//2504 4114//2504 1384//2504
f 4115//2440 4124//2440 1402//2440
f 4124//2441 1415//2441 1402//2441
f 1404//2503 4125//2503 1388//2503
f 4125//2504 4116//2504 1388//2504
f 4118//2505 4126//2505 1406//2505
f 4126//2506 1407//2506 1406//2506
f 1407//2507 4127//2507 1392//2507
f 4127//2508 4119//2508 1392//2508
f 4120//2505 4128//2505 1409//2505
f 4128//2506 1410//2506 1409//2506
f 1410//2507 4129//2507 1396//2507
f 4129//2508 4121//2508 1396//2508
f 4122//2509 4130//2509 1412//2509
f 4130//2506 1413//2506 1412//2506
f 1413//2507 4131//2507 1400//2507
f 4131//2508 4123//2508 1400//2508
f 4124//2509 4132//2509 1415//2509
f 4132//2506 1416//2506 1415//2506
f 1416//2507 4133//2507 1404//2507
f 4133//2508 4125//2508 1404//2508
f 4126//2448 4127//2448 1407//2448
f 4128//2448 4129//2448 1410//2448
f 4130//2448 4131//2448 1413//2448
f 4132//2448 4133//2448 1416//2448
f 1755//1903 4134//1903 1754//1903
f 4134//2348 4135//2348 1754//2348
f 4135//2510 1762//2510 1754//2510
f 1756//1903 4136//1903 1757//1903
f 4136//2348 4137//2348 1757//2348
f 4137//2350 1763//2350 1757//2350
f 1758//2347 4138//2347 1759//2347
f 4138//2348 4139//2348 1759//2348
f 4139//1902 1765//1902 1759//1902
f 4140//1902 1767//1902 1760//1902
f 1761//2347 4141//2347 1760//2347
f 4141//2511 4140//2511 1760//2511
f 4135//2351 4142//2351 1762//2351
f 4142//2352 1771//2352 1762//2352
f 1770//2512 4143//2512 1755//2512
f 4143//2020 4134//2020 1755//2020
f 4137//2351 4144//2351 1763//2351
f 4144//2352 1773//2352 1763//2352
f 1764//2512 4145//2512 1756//2512
f 4145//2020 4136//2020 1756//2020
f 4139//2351 4146//2351 1765//2351
f 4146//2361 1775//2361 1765//2361
f 1766//2512 4147//2512 1758//2512
f 4147//2453 4138//2453 1758//2453
f 4140//2351 4148//2351 1767//2351
f 4148//2352 1769//2352 1767//2352
f 1768//2512 4149//2512 1761//2512
f 4149//2453 4141//2453 1761//2453
f 4142//2513 4150//2513 1771//2513
f 4150//2514 1778//2514 1771//2514
f 1772//2515 4151//2515 1770//2515
f 4151//2516 4143//2516 1770//2516
f 4144//2513 4152//2513 1773//2513
f 4152//2514 1780//2514 1773//2514
f 1774//2515 4153//2515 1764//2515
f 4153//2516 4145//2516 1764//2516
f 4146//2517 4154//2517 1775//2517
f 4154//2518 1782//2518 1775//2518
f 1776//2519 4155//2519 1766//2519
f 4155//2520 4147//2520 1766//2520
f 4148//2517 4156//2517 1769//2517
f 4156//2518 1784//2518 1769//2518
f 1777//2519 4157//2519 1768//2519
f 4157//2520 4149//2520 1768//2520
f 4150//2364 4158//2364 1778//2364
f 4158//2521 1786//2521 1778//2521
f 1779//2366 4159//2366 1772//2366
f 4159//2366 4151//2366 1772//2366
f 4152//2364 4160//2364 1780//2364
f 4160//2365 1788//2365 1780//2365
f 1781//2366 4161//2366 1774//2366
f 4161//2366 4153//2366 1774//2366
f 4154//1916 4162//1916 1782//1916
f 4162//2365 1790//2365 1782//2365
f 1783//2367 4163//2367 1776//2367
f 4163//2456 4155//2456 1776//2456
f 4164//2365 1792//2365 1784//2365
f 4156//1916 4165//1916 1784//1916
f 4165//2522 4164//2522 1784//2522
f 1785//2523 4166//2523 1777//2523
f 4166//2456 4157//2456 1777//2456
f 4158//2524 4167//2524 1786//2524
f 4167//2525 1794//2525 1786//2525
f 1787//2526 4168//2526 1779//2526
f 4168//2527 4159//2527 1779//2527
f 4160//2370 4169//2370 1788//2370
f 4169//2528 1796//2528 1788//2528
f 1789//2529 4170//2529 1781//2529
f 4170//2373 4161//2373 1781//2373
f 4162//2365 4171//2365 1790//2365
f 4171//2525 1798//2525 1790//2525
f 1791//2372 4172//2372 1783//2372
f 4172//2372 4163//2372 1783//2372
f 4164//2530 1800//2530 1792//2530
f 1793//2526 4173//2526 1785//2526
f 4173//2531 4166//2531 1785//2531
f 4174//2532 1802//2532 1794//2532
f 4167//2528 4175//2528 1794//2528
f 4175//2533 4174//2533 1794//2533
f 1795//2378 4176//2378 1787//2378
f 4176//2534 4168//2534 1787//2534
f 4169//2528 4177//2528 1796//2528
f 4177//2535 1804//2535 1796//2535
f 1797//2536 4178//2536 1789//2536
f 4178//2460 4170//2460 1789//2460
f 4171//2528 4179//2528 1798//2528
f 4179//2535 1806//2535 1798//2535
f 1799//2380 4180//2380 1791//2380
f 4180//2537 4172//2537 1791//2537
f 4164//2538 4181//2538 1800//2538
f 4181//2535 1808//2535 1800//2535
f 1801//2539 4182//2539 1793//2539
f 4182//2537 4173//2537 1793//2537
f 4174//2540 1810//2540 1802//2540
f 1803//2541 4183//2541 1795//2541
f 4183//2542 4176//2542 1795//2542
f 4177//1932 4184//1932 1804//1932
f 4184//2463 1813//2463 1804//2463
f 1805//2464 4185//2464 1797//2464
f 4185//2039 4178//2039 1797//2039
f 4179//2543 4186//2543 1806//2543
f 4186//2466 1815//2466 1806//2466
f 1807//2464 4187//2464 1799//2464
f 4187//2039 4180//2039 1799//2039
f 4181//2543 4188//2543 1808//2543
f 4188//2544 1817//2544 1808//2544
f 1809//2541 4189//2541 1801//2541
f 4189//2039 4182//2039 1801//2039
f 4174//2037 4190//2037 1810//2037
f 4190//2545 1819//2545 1810//2545
f 1811//2469 4191//2469 1803//2469
f 4191//2546 4183//2546 1803//2546
f 4184//2470 4192//2470 1813//2470
f 4192//2468 1822//2468 1813//2468
f 1814//2471 4193//2471 1805//2471
f 4193//2546 4185//2546 1805//2546
f 4186//2467 4194//2467 1815//2467
f 4194//2468 1825//2468 1815//2468
f 1816//2471 4195//2471 1807//2471
f 4195//2546 4187//2546 1807//2546
f 4188//2467 4196//2467 1817//2467
f 4196//2547 1827//2547 1817//2547
f 1818//2548 4197//2548 1809//2548
f 4197//2549 4189//2549 1809//2549
f 4190//2550 4198//2550 1819//2550
f 4198//2472 1830//2472 1819//2472
f 1820//2551 4199//2551 1811//2551
f 4199//2552 4191//2552 1811//2552
f 4192//2550 4200//2550 1822//2550
f 4200//1946 1834//1946 1822//1946
f 1823//2551 4201//2551 1814//2551
f 4201//2552 4193//2552 1814//2552
f 4194//2550 4202//2550 1825//2550
f 4202//2472 1837//2472 1825//2472
f 1826//2551 4203//2551 1816//2551
f 4203//2552 4195//2552 1816//2552
f 4196//2553 4204//2553 1827//2553
f 4204//2554 1840//2554 1827//2554
f 1828//2551 4205//2551 1818//2551
f 4205//2552 4197//2552 1818//2552
f 4198//2555 4206//2555 1830//2555
f 4206//2556 1843//2556 1830//2556
f 1832//2396 4207//2396 1820//2396
f 4207//2475 4199//2475 1820//2475
f 4200//2555 4208//2555 1834//2555
f 4208//2556 1847//2556 1834//2556
f 1835//2396 4209//2396 1823//2396
f 4209//2475 4201//2475 1823//2475
f 4202//2555 4210//2555 1837//2555
f 4210//2556 1851//2556 1837//2556
f 1838//1953 4211//1953 1826//1953
f 4211//2475 4203//2475 1826//2475
f 4204//2555 4212//2555 1840//2555
f 4212//2557 1855//2557 1840//2557
f 1841//2396 4213//2396 1828//2396
f 4213//2475 4205//2475 1828//2475
f 4206//2558 4214//2558 1843//2558
f 4214//2559 1859//2559 1843//2559
f 1845//2560 4215//2560 1832//2560
f 4215//2052 4207//2052 1832//2052
f 4208//2558 4216//2558 1847//2558
f 4216//2561 1863//2561 1847//2561
f 1849//2562 4217//2562 1835//2562
f 4217//2052 4209//2052 1835//2052
f 4210//2558 4218//2558 1851//2558
f 4218//2561 1867//2561 1851//2561
f 1853//2562 4219//2562 1838//2562
f 4219//2052 4211//2052 1838//2052
f 4212//2563 4220//2563 1855//2563
f 4220//2564 1871//2564 1855//2564
f 1857//2565 4221//2565 1841//2565
f 4221//2052 4213//2052 1841//2052
f 4214//1965 4222//1965 1859//1965
f 4222//1967 1875//1967 1859//1967
f 1861//2566 4223//2566 1845//2566
f 4223//2567 4215//2567 1845//2567
f 4216//2054 4224//2054 1863//2054
f 4224//2483 1879//2483 1863//2483
f 1865//2568 4225//2568 1849//2568
f 4225//2567 4217//2567 1849//2567
f 4218//2054 4226//2054 1867//2054
f 4226//2485 1883//2485 1867//2485
f 1869//2568 4227//2568 1853//2568
f 4227//2567 4219//2567 1853//2567
f 4220//2054 4228//2054 1871//2054
f 4228//2485 1887//2485 1871//2485
f 1873//1964 4229//1964 1857//1964
f 4229//2059 4221//2059 1857//2059
f 4222//2569 4230//2569 1875//2569
f 4230//2493 1891//2493 1875//2493
f 1877//2489 4231//2489 1861//2489
f 4231//2570 4223//2570 1861//2570
f 4224//2490 4232//2490 1879//2490
f 4232//2487 1895//2487 1879//2487
f 1881//2488 4233//2488 1865//2488
f 4233//2571 4225//2571 1865//2571
f 4226//2058 4234//2058 1883//2058
f 4234//2493 1899//2493 1883//2493
f 1885//2494 4235//2494 1869//2494
f 4235//2489 4227//2489 1869//2489
f 4228//2058 4236//2058 1887//2058
f 4236//2493 1903//2493 1887//2493
f 1889//2494 4237//2494 1873//2494
f 4237//2489 4229//2489 1873//2489
f 4230//2487 4238//2487 1891//2487
f 4238//2572 1907//2572 1891//2572
f 1893//2573 4239//2573 1877//2573
f 4239//2574 4231//2574 1877//2574
f 4232//2491 4240//2491 1895//2491
f 4240//2575 1911//2575 1895//2575
f 1897//2576 4241//2576 1881//2576
f 4241//2576 4233//2576 1881//2576
f 4234//2577 4242//2577 1899//2577
f 4242//2572 1915//2572 1899//2572
f 1901//2578 4243//2578 1885//2578
f 4243//2579 4235//2579 1885//2579
f 4236//2577 4244//2577 1903//2577
f 4244//2572 1919//2572 1903//2572
f 1905//2576 4245//2576 1889//2576
f 4245//2579 4237//2579 1889//2579
f 4238//2580 4246//2580 1907//2580
f 4246//2581 1923//2581 1907//2581
f 1909//2582 4239//2582 1893//2582
f 4240//2583 4247//2583 1911//2583
f 4247//2584 1927//2584 1911//2584
f 1913//2585 4248//2585 1897//2585
f 4248//2429 4241//2429 1897//2429
f 4242//2580 4249//2580 1915//2580
f 4249//2584 1931//2584 1915//2584
f 1917//2585 4250//2585 1901//2585
f 4250//2586 4243//2586 1901//2586
f 4251//2584 1935//2584 1919//2584
f 4244//2587 4251//2587 1919//2587
f 1921//2588 4252//2588 1905//2588
f 4252//2589 4245//2589 1905//2589
f 4246//2430 4253//2430 1923//2430
f 4253//2590 1940//2590 1923//2590
f 1925//2591 4254//2591 1909//2591
f 4254//2433 4255//2433 1909//2433
f 4255//2424 4239//2424 1909//2424
f 4247//2430 4256//2430 1927//2430
f 4256//2590 1943//2590 1927//2590
f 1929//2591 4257//2591 1913//2591
f 4257//2433 4248//2433 1913//2433
f 4249//2426 4258//2426 1931//2426
f 4258//2592 1947//2592 1931//2592
f 1933//2593 4259//2593 1917//2593
f 4259//2432 4250//2432 1917//2432
f 4251//2594 4260//2594 1935//2594
f 4260//2592 1951//2592 1935//2592
f 1938//2593 4261//2593 1921//2593
f 4261//2432 4252//2432 1921//2432
f 4253//2595 4262//2595 1940//2595
f 4262//2596 1958//2596 1940//2596
f 1955//2597 4263//2597 1925//2597
f 4263//2598 4254//2598 1925//2598
f 4256//2595 4264//2595 1943//2595
f 4264//2596 1961//2596 1943//2596
f 1945//2502 4265//2502 1929//2502
f 4265//2598 4257//2598 1929//2598
f 4258//2599 4266//2599 1947//2599
f 4266//2596 1964//2596 1947//2596
f 1949//2597 4267//2597 1933//2597
f 4267//2600 4259//2600 1933//2600
f 4260//2599 4268//2599 1951//2599
f 4268//2596 1956//2596 1951//2596
f 1953//2597 4269//2597 1938//2597
f 4269//2600 4261//2600 1938//2600
f 4262//2444 4270//2444 1958//2444
f 4270//2445 1959//2445 1958//2445
f 1959//2601 4271//2601 1955//2601
f 4271//2009 4263//2009 1955//2009
f 4264//2444 4272//2444 1961//2444
f 4272//2445 1962//2445 1961//2445
f 1962//2601 4273//2601 1945//2601
f 4273//2009 4265//2009 1945//2009
f 4266//2078 4274//2078 1964//2078
f 4274//2079 1965//2079 1964//2079
f 1965//2447 4275//2447 1949//2447
f 4275//2009 4267//2009 1949//2009
f 4268//2078 4276//2078 1956//2078
f 4276//2602 4277//2602 1956//2602
f 4277//2603 1967//2603 1956//2603
f 1967//2604 4277//2604 1953//2604
f 4277//2009 4269//2009 1953//2009
f 4270//2448 4271//2448 1959//2448
f 4272//2448 4273//2448 1962//2448
f 4274//2448 4275//2448 1965//2448
f 2541//1903 4278//1903 2540//1903
f 4278//2348 4279//2348 2540//2348
f 4279//2510 2548//2510 2540//2510
f 2542//1903 4280//1903 2543//1903
f 4280//2348 4281//2348 2543//2348
f 4281//2350 2549//2350 2543//2350
f 2544//2347 4282//2347 2545//2347
f 4282//2348 4283//2348 2545//2348
f 4283//2013 2551//2013 2545//2013
f 4284//1902 2553//1902 2546//1902
f 2547//2347 4285//2347 2546//2347
f 4285//2511 4284//2511 2546//2511
f 4279//2605 4286//2605 2548//2605
f 4286//2352 2557//2352 2548//2352
f 2556//2512 4287//2512 2541//2512
f 4287//2020 4278//2020 2541//2020
f 4281//2351 4288//2351 2549//2351
f 4288//2352 2559//2352 2549//2352
f 2550//2512 4289//2512 2542//2512
f 4289//2020 4280//2020 2542//2020
f 4283//2605 4290//2605 2551//2605
f 4290//2361 2561//2361 2551//2361
f 2552//2512 4291//2512 2544//2512
f 4291//2453 4282//2453 2544//2453
f 4284//2351 4292//2351 2553//2351
f 4292//2352 2555//2352 2553//2352
f 2554//2512 4293//2512 2547//2512
f 4293//2453 4285//2453 2547//2453
f 4286//2513 4294//2513 2557//2513
f 4294//2514 2564//2514 2557//2514
f 2558//2515 4295//2515 2556//2515
f 4295//2516 4287//2516 2556//2516
f 4288//2513 4296//2513 2559//2513
f 4296//2514 2566//2514 2559//2514
f 2560//2515 4297//2515 2550//2515
f 4297//2516 4289//2516 2550//2516
f 4290//2517 4298//2517 2561//2517
f 4298//2518 2568//2518 2561//2518
f 2562//2519 4299//2519 2552//2519
f 4299//2520 4291//2520 2552//2520
f 4292//2517 4300//2517 2555//2517
f 4300//2518 2570//2518 2555//2518
f 2563//2519 4301//2519 2554//2519
f 4301//2520 4293//2520 2554//2520
f 4294//2364 4302//2364 2564//2364
f 4302//2521 2572//2521 2564//2521
f 2565//2366 4303//2366 2558//2366
f 4303//2366 4295//2366 2558//2366
f 4296//2364 4304//2364 2566//2364
f 4304//2365 2574//2365 2566//2365
f 2567//2366 4305//2366 2560//2366
f 4305//2366 4297//2366 2560//2366
f 4298//1916 4306//1916 2568//1916
f 4306//2365 2576//2365 2568//2365
f 2569//2367 4307//2367 2562//2367
f 4307//2456 4299//2456 2562//2456
f 4308//2365 2578//2365 2570//2365
f 4300//1916 4309//1916 2570//1916
f 4309//2365 4308//2365 2570//2365
f 2571//2523 4310//2523 2563//2523
f 4310//2456 4301//2456 2563//2456
f 4302//2524 4311//2524 2572//2524
f 4311//2525 2580//2525 2572//2525
f 2573//2526 4312//2526 2565//2526
f 4312//2527 4303//2527 2565//2527
f 4304//2370 4313//2370 2574//2370
f 4313//2528 2582//2528 2574//2528
f 2575//2529 4314//2529 2567//2529
f 4314//2373 4305//2373 2567//2373
f 4306//2365 4315//2365 2576//2365
f 4315//2525 2584//2525 2576//2525
f 2577//2372 4316//2372 2569//2372
f 4316//2372 4307//2372 2569//2372
f 4308//2525 2586//2525 2578//2525
f 2579//2526 4317//2526 2571//2526
f 4317//2531 4310//2531 2571//2531
f 4318//2532 2593//2532 2580//2532
f 4311//2528 4319//2528 2580//2528
f 4319//2533 4318//2533 2580//2533
f 2581//2378 4320//2378 2573//2378
f 4320//2534 4312//2534 2573//2534
f 4313//2528 4321//2528 2582//2528
f 4321//2535 2595//2535 2582//2535
f 2583//2536 4322//2536 2575//2536
f 4322//2460 4314//2460 2575//2460
f 4315//2528 4323//2528 2584//2528
f 4323//2535 2597//2535 2584//2535
f 2585//2380 4324//2380 2577//2380
f 4324//2537 4316//2537 2577//2537
f 4308//2528 4325//2528 2586//2528
f 4325//2535 2599//2535 2586//2535
f 2587//2539 4326//2539 2579//2539
f 4326//2537 4317//2537 2579//2537
f 4318//2606 2603//2606 2593//2606
f 2594//2607 4327//2607 2581//2607
f 4327//2542 4320//2542 2581//2542
f 4321//1932 4328//1932 2595//1932
f 4328//2463 2605//2463 2595//2463
f 2596//2464 4329//2464 2583//2464
f 4329//2039 4322//2039 2583//2039
f 4323//2543 4330//2543 2597//2543
f 4330//2466 2607//2466 2597//2466
f 2598//2464 4331//2464 2585//2464
f 4331//2039 4324//2039 2585//2039
f 4325//2543 4332//2543 2599//2543
f 4332//2544 2609//2544 2599//2544
f 2600//2541 4333//2541 2587//2541
f 4333//2039 4326//2039 2587//2039
f 4318//2037 4334//2037 2603//2037
f 4334//2545 2612//2545 2603//2545
f 2604//2469 4335//2469 2594//2469
f 4335//2546 4327//2546 2594//2546
f 4328//2470 4336//2470 2605//2470
f 4336//2468 2614//2468 2605//2468
f 2606//2471 4337//2471 2596//2471
f 4337//2546 4329//2546 2596//2546
f 4330//2470 4338//2470 2607//2470
f 4338//2468 2616//2468 2607//2468
f 2608//2471 4339//2471 2598//2471
f 4339//2546 4331//2546 2598//2546
f 4332//2470 4340//2470 2609//2470
f 4340//2608 2618//2608 2609//2608
f 2610//2548 4341//2548 2600//2548
f 4341//2549 4333//2549 2600//2549
f 4334//2550 4342//2550 2612//2550
f 4342//2472 2625//2472 2612//2472
f 2613//2609 4343//2609 2604//2609
f 4343//2552 4335//2552 2604//2552
f 4336//2550 4344//2550 2614//2550
f 4344//2472 2628//2472 2614//2472
f 2615//2609 4345//2609 2606//2609
f 4345//2552 4337//2552 2606//2552
f 4338//2550 4346//2550 2616//2550
f 4346//2472 2631//2472 2616//2472
f 2617//2609 4347//2609 2608//2609
f 4347//2552 4339//2552 2608//2552
f 4340//2553 4348//2553 2618//2553
f 4348//2554 2633//2554 2618//2554
f 2619//2609 4349//2609 2610//2609
f 4349//2552 4341//2552 2610//2552
f 4342//2555 4350//2555 2625//2555
f 4350//2610 2642//2610 2625//2610
f 2626//2396 4351//2396 2613//2396
f 4351//2475 4343//2475 2613//2475
f 4344//2555 4352//2555 2628//2555
f 4352//2610 2646//2610 2628//2610
f 2629//2396 4353//2396 2615//2396
f 4353//2475 4345//2475 2615//2475
f 4346//2555 4354//2555 2631//2555
f 4354//2610 2650//2610 2631//2610
f 2632//1953 4355//1953 2617//1953
f 4355//2475 4347//2475 2617//2475
f 4348//2555 4356//2555 2633//2555
f 4356//2557 2654//2557 2633//2557
f 2635//2396 4357//2396 2619//2396
f 4357//2475 4349//2475 2619//2475
f 4350//2476 4358//2476 2642//2476
f 4358//2559 2661//2559 2642//2559
f 2644//2560 4359//2560 2626//2560
f 4359//2052 4351//2052 2626//2052
f 4352//2476 4360//2476 2646//2476
f 4360//2561 2665//2561 2646//2561
f 2648//2562 4361//2562 2629//2562
f 4361//2052 4353//2052 2629//2052
f 4354//2476 4362//2476 2650//2476
f 4362//2561 2669//2561 2650//2561
f 2652//2562 4363//2562 2632//2562
f 4363//2052 4355//2052 2632//2052
f 4356//2563 4364//2563 2654//2563
f 4364//2564 2673//2564 2654//2564
f 2656//2565 4365//2565 2635//2565
f 4365//2052 4357//2052 2635//2052
f 4358//1965 4366//1965 2661//1965
f 4366//1967 2681//1967 2661//1967
f 2663//2566 4367//2566 2644//2566
f 4367//2567 4359//2567 2644//2567
f 4360//2054 4368//2054 2665//2054
f 4368//2483 2685//2483 2665//2483
f 2667//2611 4369//2611 2648//2611
f 4369//2567 4361//2567 2648//2567
f 4362//2054 4370//2054 2669//2054
f 4370//2485 2689//2485 2669//2485
f 2671//2611 4371//2611 2652//2611
f 4371//2567 4363//2567 2652//2567
f 4364//2054 4372//2054 2673//2054
f 4372//2485 2693//2485 2673//2485
f 2675//1964 4373//1964 2656//1964
f 4373//2059 4365//2059 2656//2059
f 4366//2490 4374//2490 2681//2490
f 4374//2487 2697//2487 2681//2487
f 2683//2489 4375//2489 2663//2489
f 4375//2570 4367//2570 2663//2570
f 4368//2490 4376//2490 2685//2490
f 4376//2491 2701//2491 2685//2491
f 2687//2488 4377//2488 2667//2488
f 4377//2571 4369//2571 2667//2571
f 4370//2058 4378//2058 2689//2058
f 4378//2493 2707//2493 2689//2493
f 2691//2494 4379//2494 2671//2494
f 4379//2489 4371//2489 2671//2489
f 4372//2058 4380//2058 2693//2058
f 4380//2493 2711//2493 2693//2493
f 2695//2494 4381//2494 2675//2494
f 4381//2489 4373//2489 2675//2489
f 4374//2491 4382//2491 2697//2491
f 4382//2612 2715//2612 2697//2612
f 2699//2613 4383//2613 2683//2613
f 4383//2574 4375//2574 2683//2574
f 4376//2491 4384//2491 2701//2491
f 4384//2572 2719//2572 2701//2572
f 2704//2614 4385//2614 2687//2614
f 4385//2576 4377//2576 2687//2576
f 4378//2577 4386//2577 2707//2577
f 4386//2615 2723//2615 2707//2615
f 2709//2576 4387//2576 2691//2576
f 4387//2579 4379//2579 2691//2579
f 4380//2577 4388//2577 2711//2577
f 4388//2612 2727//2612 2711//2612
f 2713//2614 4389//2614 2695//2614
f 4389//2579 4381//2579 2695//2579
f 4382//2616 4390//2616 2715//2616
f 4390//2617 2731//2617 2715//2617
f 2717//2424 4383//2424 2699//2424
f 4384//2583 4391//2583 2719//2583
f 4391//2423 2735//2423 2719//2423
f 2721//2424 4392//2424 2704//2424
f 4392//2424 4385//2424 2704//2424
f 4386//2616 4393//2616 2723//2616
f 4393//2426 2739//2426 2723//2426
f 2725//2424 4394//2424 2709//2424
f 4394//2427 4387//2427 2709//2427
f 4395//2426 2743//2426 2727//2426
f 4388//2618 4395//2618 2727//2618
f 2729//2619 4396//2619 2713//2619
f 4396//2620 4389//2620 2713//2620
f 4390//2430 4397//2430 2731//2430
f 4397//2590 2747//2590 2731//2590
f 2733//2591 4398//2591 2717//2591
f 4398//2433 4399//2433 2717//2433
f 4399//2424 4383//2424 2717//2424
f 4391//2430 4400//2430 2735//2430
f 4400//2590 2750//2590 2735//2590
f 2737//2591 4401//2591 2721//2591
f 4401//2433 4392//2433 2721//2433
f 4393//2426 4402//2426 2739//2426
f 4402//2592 2754//2592 2739//2592
f 2741//2593 4403//2593 2725//2593
f 4403//2432 4394//2432 2725//2432
f 4395//2594 4404//2594 2743//2594
f 4404//2592 2758//2592 2743//2592
f 2745//2593 4405//2593 2729//2593
f 4405//2432 4396//2432 2729//2432
f 4397//2621 4406//2621 2747//2621
f 4406//2596 2764//2596 2747//2596
f 2761//2597 4407//2597 2733//2597
f 4407//2598 4398//2598 2733//2598
f 4400//2621 4408//2621 2750//2621
f 4408//2596 2767//2596 2750//2596
f 2752//2502 4409//2502 2737//2502
f 4409//2598 4401//2598 2737//2598
f 4402//2599 4410//2599 2754//2599
f 4410//2596 2770//2596 2754//2596
f 2756//2597 4411//2597 2741//2597
f 4411//2600 4403//2600 2741//2600
f 4404//2599 4412//2599 2758//2599
f 4412//2596 2762//2596 2758//2596
f 2760//2597 4413//2597 2745//2597
f 4413//2600 4405//2600 2745//2600
f 4406//2444 4414//2444 2764//2444
f 4414//2445 2765//2445 2764//2445
f 2765//2601 4415//2601 2761//2601
f 4415//2009 4407//2009 2761//2009
f 4408//2444 4416//2444 2767//2444
f 4416//2445 2768//2445 2767//2445
f 2768//2601 4417//2601 2752//2601
f 4417//2622 4409//2622 2752//2622
f 4410//2078 4418//2078 2770//2078
f 4418//2079 2771//2079 2770//2079
f 2771//2446 4419//2446 2756//2446
f 4419//2009 4411//2009 2756//2009
f 4412//2078 4420//2078 2762//2078
f 4420//2602 4421//2602 2762//2602
f 4421//2603 2773//2603 2762//2603
f 2773//2604 4421//2604 2760//2604
f 4421//2009 4413//2009 2760//2009
f 4414//2448 4415//2448 2765//2448
f 4416//2448 4417//2448 2768//2448
f 4418//2448 4419//2448 2771//2448
f 4422//2623 4423//2623 277//2623
f 4424//2624 4425//2624 278//2624
f 4425//2625 280//2625 278//2625
f 4423//2626 4426//2626 277//2626
f 4426//2627 281//2627 277//2627
f 279//2628 4422//2628 277//2628
f 4425//2629 282//2629 280//2629
f 4425//2630 4427//2630 282//2630
f 283//2631 4424//2631 278//2631
f 4426//2632 286//2632 281//2632
f 284//2633 4428//2633 279//2633
f 4428//2634 4422//2634 279//2634
f 285//2635 4429//2635 283//2635
f 4429//2636 4424//2636 283//2636
f 4426//2637 4430//2637 286//2637
f 287//2638 4431//2638 284//2638
f 4431//2639 4428//2639 284//2639
f 4427//2640 4432//2640 282//2640
f 4432//2641 304//2641 282//2641
f 4430//2642 4433//2642 286//2642
f 4434//2643 4429//2643 285//2643
f 4433//2644 323//2644 286//2644
f 313//2645 4431//2645 287//2645
f 4432//2646 4435//2646 304//2646
f 4435//2647 324//2647 304//2647
f 315//2648 4436//2648 285//2648
f 4436//2649 4434//2649 285//2649
f 4437//2650 4431//2650 313//2650
f 4433//2651 4438//2651 323//2651
f 336//2652 4437//2652 313//2652
f 4435//2653 4439//2653 324//2653
f 4439//2654 348//2654 324//2654
f 338//2655 4440//2655 315//2655
f 4440//2656 4436//2656 315//2656
f 4438//2657 356//2657 323//2657
f 4441//2652 4437//2652 336//2652
f 4442//2658 4441//2658 336//2658
f 4443//2658 4440//2658 338//2658
f 4438//2659 4444//2659 356//2659
f 4444//2660 375//2660 356//2660
f 371//2661 4442//2661 336//2661
f 4439//2662 4445//2662 348//2662
f 4445//2663 378//2663 348//2663
f 374//2661 4443//2661 338//2661
f 4446//2664 4442//2664 371//2664
f 4445//2665 4447//2665 378//2665
f 4448//2664 4443//2664 374//2664
f 4444//2666 4449//2666 375//2666
f 4449//2667 399//2667 375//2667
f 396//2668 4446//2668 371//2668
f 4447//2669 401//2669 378//2669
f 397//2668 4448//2668 374//2668
f 4450//2670 4446//2670 396//2670
f 4447//2671 4451//2671 401//2671
f 4451//2672 418//2672 401//2672
f 4452//2673 4448//2673 397//2673
f 4449//2674 4453//2674 399//2674
f 4454//2675 4450//2675 396//2675
f 4453//2676 4454//2676 399//2676
f 4454//2677 420//2677 399//2677
f 420//2678 4454//2678 396//2678
f 4451//2679 4455//2679 418//2679
f 418//2680 4455//2680 397//2680
f 4455//2681 4452//2681 397//2681
f 4456//2682 653//2682 651//2682
f 4457//2683 4458//2683 652//2683
f 4458//2684 654//2684 652//2684
f 4456//2685 656//2685 653//2685
f 4459//2686 4456//2686 651//2686
f 655//2687 4457//2687 652//2687
f 4456//2688 4460//2688 656//2688
f 657//2689 4461//2689 651//2689
f 4461//2690 4459//2690 651//2690
f 4458//2691 4462//2691 654//2691
f 4460//2692 4463//2692 656//2692
f 4463//2693 659//2693 656//2693
f 658//2694 4461//2694 657//2694
f 4462//2695 660//2695 654//2695
f 4464//2696 4457//2696 655//2696
f 4465//2697 4461//2697 658//2697
f 4462//2698 4466//2698 660//2698
f 661//2699 4464//2699 655//2699
f 4466//2700 663//2700 660//2700
f 4463//2701 4467//2701 659//2701
f 4467//2702 665//2702 659//2702
f 662//2703 4465//2703 658//2703
f 4466//2704 4468//2704 663//2704
f 4468//2705 668//2705 663//2705
f 664//2706 4469//2706 661//2706
f 4469//2707 4464//2707 661//2707
f 666//2708 4470//2708 662//2708
f 4470//2709 4465//2709 662//2709
f 4467//2710 4471//2710 665//2710
f 4471//2654 672//2654 665//2654
f 4472//2711 4470//2711 666//2711
f 670//2652 4473//2652 664//2652
f 4473//2712 4469//2712 664//2712
f 674//2713 4472//2713 666//2713
f 4468//2714 4474//2714 668//2714
f 4474//2715 678//2715 668//2715
f 4471//2716 680//2716 672//2716
f 4475//2717 4472//2717 674//2717
f 4474//2718 682//2718 678//2718
f 4476//2719 4473//2719 670//2719
f 4471//2720 4477//2720 680//2720
f 681//2721 4475//2721 674//2721
f 684//2722 4476//2722 670//2722
f 4478//2723 4475//2723 681//2723
f 4474//2724 4479//2724 682//2724
f 4480//2725 4476//2725 684//2725
f 4477//2726 690//2726 680//2726
f 686//2727 4478//2727 681//2727
f 4479//2728 4481//2728 682//2728
f 4481//2729 691//2729 682//2729
f 4477//2730 4482//2730 690//2730
f 4483//2731 4478//2731 686//2731
f 692//2732 4480//2732 684//2732
f 4482//2733 697//2733 690//2733
f 695//2734 4483//2734 686//2734
f 4481//2735 699//2735 691//2735
f 4484//2736 4480//2736 692//2736
f 4482//2737 4485//2737 697//2737
f 4486//2738 4483//2738 695//2738
f 4481//2739 4487//2739 699//2739
f 4487//2740 700//2740 699//2740
f 700//2741 4484//2741 692//2741
f 4485//2742 4486//2742 697//2742
f 4486//2743 695//2743 697//2743
f 4487//2744 4484//2744 700//2744
f 748//2745 4488//2745 749//2745
f 4488//2746 4489//2746 749//2746
f 4489//2747 752//2747 749//2747
f 750//2745 4490//2745 751//2745
f 4490//2746 4491//2746 751//2746
f 4491//2747 753//2747 751//2747
f 4489//2748 4492//2748 752//2748
f 4491//2749 4493//2749 753//2749
f 754//2750 4488//2750 748//2750
f 4493//2751 756//2751 753//2751
f 755//2750 4490//2750 750//2750
f 4492//2752 757//2752 752//2752
f 4494//2753 4488//2753 754//2753
f 4493//2754 4495//2754 756//2754
f 4496//2755 4490//2755 755//2755
f 4492//2756 4497//2756 757//2756
f 4497//2757 4498//2757 757//2757
f 4498//2758 760//2758 757//2758
f 758//2759 4494//2759 754//2759
f 4495//2760 4499//2760 756//2760
f 4499//2761 761//2761 756//2761
f 759//2762 4500//2762 755//2762
f 4500//2639 4496//2639 755//2639
f 4501//2763 4494//2763 758//2763
f 4498//2764 4502//2764 760//2764
f 4503//2765 4501//2765 758//2765
f 4499//2764 4504//2764 761//2764
f 4504//2766 764//2766 761//2766
f 762//2767 4505//2767 759//2767
f 4505//2768 4500//2768 759//2768
f 4502//2769 765//2769 760//2769
f 763//2767 4503//2767 758//2767
f 4502//2770 4506//2770 765//2770
f 4506//2771 767//2771 765//2771
f 766//2772 4503//2772 763//2772
f 4504//2773 4507//2773 764//2773
f 4506//2774 4508//2774 767//2774
f 4509//2775 4503//2775 766//2775
f 4507//2776 773//2776 764//2776
f 769//2777 4510//2777 762//2777
f 4510//2778 4505//2778 762//2778
f 771//2779 4511//2779 766//2779
f 4511//2780 4509//2780 766//2780
f 4507//2781 776//2781 773//2781
f 4508//2782 779//2782 767//2782
f 4507//2783 4512//2783 776//2783
f 778//2784 4513//2784 769//2784
f 4513//2785 4510//2785 769//2785
f 4508//2786 4514//2786 779//2786
f 780//2787 4511//2787 771//2787
f 4514//2735 784//2735 779//2735
f 4515//2788 4511//2788 780//2788
f 4512//2666 4516//2666 776//2666
f 4516//2789 786//2789 776//2789
f 782//2790 4513//2790 778//2790
f 4516//2791 4517//2791 786//2791
f 4518//2792 4513//2792 782//2792
f 4514//2739 4519//2739 784//2739
f 4519//2793 788//2793 784//2793
f 788//2794 4515//2794 780//2794
f 4517//2795 790//2795 786//2795
f 4520//2796 4518//2796 782//2796
f 4519//2797 4515//2797 788//2797
f 790//2678 4520//2678 782//2678
f 4517//2798 4520//2798 790//2798
f 1558//2799 4521//2799 1559//2799
f 4521//2800 4522//2800 1559//2800
f 4523//2801 1561//2801 1560//2801
f 4522//2802 4524//2802 1559//2802
f 4524//2803 1563//2803 1559//2803
f 4523//2804 4525//2804 1561//2804
f 1562//2805 4523//2805 1560//2805
f 4525//2751 1565//2751 1561//2751
f 4526//2806 4523//2806 1562//2806
f 4524//2807 4527//2807 1563//2807
f 4527//2808 1566//2808 1563//2808
f 1564//2809 4528//2809 1558//2809
f 4528//2810 4521//2810 1558//2810
f 4525//2811 4529//2811 1565//2811
f 4529//2812 1569//2812 1565//2812
f 1567//2813 4526//2813 1562//2813
f 4527//2814 4530//2814 1566//2814
f 1568//2815 4528//2815 1564//2815
f 4531//2816 4526//2816 1567//2816
f 4530//2817 1571//2817 1566//2817
f 4532//2818 4528//2818 1568//2818
f 4529//2819 4533//2819 1569//2819
f 4533//2820 1572//2820 1569//2820
f 1570//2821 4531//2821 1567//2821
f 4530//2822 1573//2822 1571//2822
f 4534//2823 4532//2823 1568//2823
f 4533//2824 4535//2824 1572//2824
f 4536//2825 4531//2825 1570//2825
f 4530//2826 4537//2826 1573//2826
f 1574//2827 4534//2827 1568//2827
f 1575//2828 4536//2828 1570//2828
f 4537//2829 4538//2829 1573//2829
f 1576//2830 4534//2830 1574//2830
f 4535//2831 4539//2831 1572//2831
f 4539//2831 1580//2831 1572//2831
f 4540//2832 4536//2832 1575//2832
f 4538//2833 1583//2833 1573//2833
f 4541//2834 4534//2834 1576//2834
f 4539//2835 1585//2835 1580//2835
f 1582//2836 4542//2836 1575//2836
f 4542//2837 4540//2837 1575//2837
f 4538//2838 4543//2838 1583//2838
f 4543//2839 1593//2839 1583//2839
f 1587//2840 4544//2840 1576//2840
f 4544//2841 4541//2841 1576//2841
f 4539//2842 4545//2842 1585//2842
f 1590//2843 4546//2843 1582//2843
f 4546//2844 4542//2844 1582//2844
f 4545//2845 1596//2845 1585//2845
f 4543//2846 4547//2846 1593//2846
f 4548//2847 4544//2847 1587//2847
f 4545//2848 4549//2848 1596//2848
f 1598//2849 4550//2849 1590//2849
f 4550//2850 4546//2850 1590//2850
f 4547//2851 4551//2851 1593//2851
f 4551//2852 1603//2852 1593//2852
f 1602//2853 4548//2853 1587//2853
f 4549//2854 1606//2854 1596//2854
f 1606//2855 4552//2855 1598//2855
f 4552//2856 4550//2856 1598//2856
f 4551//2857 1602//2857 1603//2857
f 4553//2858 4548//2858 1602//2858
f 4549//2854 4552//2854 1606//2854
f 4551//2859 4553//2859 1602//2859
f 4554//2860 1610//2860 1607//2860
f 1608//2861 4555//2861 1609//2861
f 4555//2862 1612//2862 1609//2862
f 4554//2863 4556//2863 1610//2863
f 1611//2864 4554//2864 1607//2864
f 4555//2865 4557//2865 1612//2865
f 4558//2866 4554//2866 1611//2866
f 4557//2867 1613//2867 1612//2867
f 4559//2868 4555//2868 1608//2868
f 4556//2869 1615//2869 1610//2869
f 1614//2870 4559//2870 1608//2870
f 4556//2871 4560//2871 1615//2871
f 1616//2872 4561//2872 1611//2872
f 4561//2873 4558//2873 1611//2873
f 4557//2874 4562//2874 1613//2874
f 4563//2875 4559//2875 1614//2875
f 4560//2876 1620//2876 1615//2876
f 1618//2877 4561//2877 1616//2877
f 4562//2878 1621//2878 1613//2878
f 1619//2879 4563//2879 1614//2879
f 4560//2880 4564//2880 1620//2880
f 4562//2881 4565//2881 1621//2881
f 4566//2825 4563//2825 1619//2825
f 4567//2709 4561//2709 1618//2709
f 1623//2708 4566//2708 1619//2708
f 4564//2882 4568//2882 1620//2882
f 4568//2883 1628//2883 1620//2883
f 1625//2884 4569//2884 1618//2884
f 4569//2885 4567//2885 1618//2885
f 4565//2886 1629//2886 1621//2886
f 4565//2887 4570//2887 1629//2887
f 4570//2888 1633//2888 1629//2888
f 1630//2889 4571//2889 1623//2889
f 4571//2890 4566//2890 1623//2890
f 4568//2891 4572//2891 1628//2891
f 4572//2892 1634//2892 1628//2892
f 1631//2893 4569//2893 1625//2893
f 4572//2894 1638//2894 1634//2894
f 4573//2895 4569//2895 1631//2895
f 4570//2896 4574//2896 1633//2896
f 4575//2897 4571//2897 1630//2897
f 1639//2898 4573//2898 1631//2898
f 4574//2899 1644//2899 1633//2899
f 1641//2900 4575//2900 1630//2900
f 4572//2901 4576//2901 1638//2901
f 4577//2902 4575//2902 1641//2902
f 4576//2903 1648//2903 1638//2903
f 4578//2904 4573//2904 1639//2904
f 4574//2905 4579//2905 1644//2905
f 4576//2906 4580//2906 1648//2906
f 1650//2853 4578//2853 1639//2853
f 4579//2907 4581//2907 1644//2907
f 4581//2908 1655//2908 1644//2908
f 1653//2909 4582//2909 1641//2909
f 4582//2910 4577//2910 1641//2910
f 4580//2911 4583//2911 1648//2911
f 4583//2912 1656//2912 1648//2912
f 1656//2913 4583//2913 1650//2913
f 4583//2914 4578//2914 1650//2914
f 4581//2915 1653//2915 1655//2915
f 4581//2916 4582//2916 1653//2916
f 1999//2917 4584//2917 1998//2917
f 4584//2918 4585//2918 1998//2918
f 4585//2919 2000//2919 1998//2919
f 4585//2920 4586//2920 2000//2920
f 4586//2921 2001//2921 2000//2921
f 4586//2922 4587//2922 2001//2922
f 2002//2923 4588//2923 1999//2923
f 4588//2924 4584//2924 1999//2924
f 4587//2925 2003//2925 2001//2925
f 2004//2926 4588//2926 2002//2926
f 4587//2819 4589//2819 2003//2819
f 4590//2927 4588//2927 2004//2927
f 4589//2928 4591//2928 2003//2928
f 4591//2929 2008//2929 2003//2929
f 2006//2930 4590//2930 2004//2930
f 4591//2654 2052//2654 2008//2654
f 2017//2652 4590//2652 2006//2652
f 4592//2931 4590//2931 2017//2931
f 2053//2932 4592//2932 2017//2932
f 4591//2933 4593//2933 2052//2933
f 4593//2934 2056//2934 2052//2934
f 4593//2935 4594//2935 2056//2935
f 2057//2936 4595//2936 2053//2936
f 4595//2937 4592//2937 2053//2937
f 4594//2938 2059//2938 2056//2938
f 4594//2939 4596//2939 2059//2939
f 4597//2940 4595//2940 2057//2940
f 4596//2941 2064//2941 2059//2941
f 2063//2853 4597//2853 2057//2853
f 4596//2679 4598//2679 2064//2679
f 4598//2942 2063//2942 2064//2942
f 4598//2914 4597//2914 2063//2914
f 4599//2943 2177//2943 2176//2943
f 4599//2944 4600//2944 2177//2944
f 4601//2945 4599//2945 2176//2945
f 4600//2946 2179//2946 2177//2946
f 2178//2947 4601//2947 2176//2947
f 4600//2948 4602//2948 2179//2948
f 2180//2949 4601//2949 2178//2949
f 4602//2925 2183//2925 2179//2925
f 4603//2950 4601//2950 2180//2950
f 4602//2819 4604//2819 2183//2819
f 2184//2951 4603//2951 2180//2951
f 4605//2952 4603//2952 2184//2952
f 4604//2953 2189//2953 2183//2953
f 4604//2954 4606//2954 2189//2954
f 2191//2955 4605//2955 2184//2955
f 4606//2773 4607//2773 2189//2773
f 2193//2956 4608//2956 2191//2956
f 4608//2957 4605//2957 2191//2957
f 4607//2958 2199//2958 2189//2958
f 2201//2959 4609//2959 2193//2959
f 4609//2960 4608//2960 2193//2960
f 4607//2724 4610//2724 2199//2724
f 4610//2961 4611//2961 2199//2961
f 4611//2962 2209//2962 2199//2962
f 2208//2963 4612//2963 2201//2963
f 4612//2964 4609//2964 2201//2964
f 4611//2965 2216//2965 2209//2965
f 2215//2966 4612//2966 2208//2966
f 4611//2967 4613//2967 2216//2967
f 4614//2968 4612//2968 2215//2968
f 4613//2969 2215//2969 2216//2969
f 4613//2970 4614//2970 2215//2970
f 2588//2682 4615//2682 2589//2682
f 4615//2971 2590//2971 2589//2971
f 4616//2972 4615//2972 2588//2972
f 4615//2973 4617//2973 2590//2973
f 2591//2947 4616//2947 2588//2947
f 4617//2974 2601//2974 2590//2974
f 2592//2949 4616//2949 2591//2949
f 4618//2975 4616//2975 2592//2975
f 4617//2976 4619//2976 2601//2976
f 2602//2977 4620//2977 2592//2977
f 4620//2978 4618//2978 2592//2978
f 4619//2979 2611//2979 2601//2979
f 4619//2980 4621//2980 2611//2980
f 4621//2981 2622//2981 2611//2981
f 2620//2982 4622//2982 2602//2982
f 4622//2983 4620//2983 2602//2983
f 4621//2831 4623//2831 2622//2831
f 2623//2984 4622//2984 2620//2984
f 4624//2985 4622//2985 2623//2985
f 4623//2986 4625//2986 2622//2986
f 4625//2987 2639//2987 2622//2987
f 2637//2959 4624//2959 2623//2959
f 4626//2988 4624//2988 2637//2988
f 4625//2989 4627//2989 2639//2989
f 2657//2990 4626//2990 2637//2990
f 4627//2991 2676//2991 2639//2991
f 4627//2992 2679//2992 2676//2992
f 2677//2993 4628//2993 2657//2993
f 4628//2994 4626//2994 2657//2994
f 4627//2995 4629//2995 2679//2995
f 4629//2996 4630//2996 2679//2996
f 2679//2743 4630//2743 2677//2743
f 4630//2858 4628//2858 2677//2858
f 1461//2997 4631//2997 1462//2997
f 4631//2998 4632//2998 1462//2998
f 4632//2999 1465//2999 1462//2999
f 1463//3000 4633//3000 1464//3000
f 4633//2999 1466//2999 1464//2999
f 4632//3001 4634//3001 1465//3001
f 4633//3001 4635//3001 1466//3001
f 4636//3002 4633//3002 1463//3002
f 4634//3003 1467//3003 1465//3003
f 4635//3003 1469//3003 1466//3003
f 4637//3004 4636//3004 1463//3004
f 1468//3005 4638//3005 1461//3005
f 4638//3006 4631//3006 1461//3006
f 4635//3007 4639//3007 1469//3007
f 1470//3008 4637//3008 1463//3008
f 4634//3009 4640//3009 1467//3009
f 4640//3010 1473//3010 1467//3010
f 1471//3011 4638//3011 1468//3011
f 1472//3012 4637//3012 1470//3012
f 4641//3013 4638//3013 1471//3013
f 4639//3014 4642//3014 1469//3014
f 4642//3015 1474//3015 1469//3015
f 4643//3013 4637//3013 1472//3013
f 4640//3016 1476//3016 1473//3016
f 4644//3017 4641//3017 1471//3017
f 1475//3018 4643//3018 1472//3018
f 4640//3019 4645//3019 1476//3019
f 1477//3020 4644//3020 1471//3020
f 4642//3021 1478//3021 1474//3021
f 4646//3022 4643//3022 1475//3022
f 4645//3023 4647//3023 1476//3023
f 4642//3024 4648//3024 1478//3024
f 4647//3025 1482//3025 1476//3025
f 1479//3026 4649//3026 1477//3026
f 4649//3027 4644//3027 1477//3027
f 1481//3028 4646//3028 1475//3028
f 4647//3029 4650//3029 1482//3029
f 4648//3030 4651//3030 1478//3030
f 4651//3031 1489//3031 1478//3031
f 1485//3032 4652//3032 1481//3032
f 4652//3033 4646//3033 1481//3033
f 4650//3034 1491//3034 1482//3034
f 1487//3035 4653//3035 1479//3035
f 4653//3036 4649//3036 1479//3036
f 4654//3037 4652//3037 1485//3037
f 4650//3038 4655//3038 1491//3038
f 4651//3039 4656//3039 1489//3039
f 4656//3040 1497//3040 1489//3040
f 1493//3041 4654//3041 1485//3041
f 4655//3042 1499//3042 1491//3042
f 1495//3043 4653//3043 1487//3043
f 4657//3044 4654//3044 1493//3044
f 4658//3045 4653//3045 1495//3045
f 4656//3046 4659//3046 1497//3046
f 4655//3047 4660//3047 1499//3047
f 4660//3048 1503//3048 1499//3048
f 4661//3049 4658//3049 1495//3049
f 4659//3050 1506//3050 1497//3050
f 1502//3051 4662//3051 1493//3051
f 4662//3052 4657//3052 1493//3052
f 1504//3053 4661//3053 1495//3053
f 4659//3054 4663//3054 1506//3054
f 1503//3055 4661//3055 1504//3055
f 1506//3056 4663//3056 1502//3056
f 4663//3055 4662//3055 1502//3055
f 4660//3057 4661//3057 1503//3057
f 2065//3058 4664//3058 2066//3058
f 4664//3059 4665//3059 2066//3059
f 4666//3060 2068//3060 2067//3060
f 4665//3061 4667//3061 2066//3061
f 4667//3062 2069//3062 2066//3062
f 4666//3060 4668//3060 2068//3060
f 4668//3063 2071//3063 2068//3063
f 2070//3064 4664//3064 2065//3064
f 4668//3065 4669//3065 2071//3065
f 2072//3066 4670//3066 2067//3066
f 4670//3067 4666//3067 2067//3067
f 4671//3068 4664//3068 2070//3068
f 4669//3069 2074//3069 2071//3069
f 2073//3070 4672//3070 2072//3070
f 4672//3071 4670//3071 2072//3071
f 4667//3072 4673//3072 2069//3072
f 4673//3073 2075//3073 2069//3073
f 4669//3074 4674//3074 2074//3074
f 2076//3075 4675//3075 2070//3075
f 4675//3076 4671//3076 2070//3076
f 2077//3077 4672//3077 2073//3077
f 4673//3078 4676//3078 2075//3078
f 4674//3079 2080//3079 2074//3079
f 4677//3080 4672//3080 2077//3080
f 4676//3081 2082//3081 2075//3081
f 2079//3082 4675//3082 2076//3082
f 4674//3083 4678//3083 2080//3083
f 4678//3084 2084//3084 2080//3084
f 2081//3085 4677//3085 2077//3085
f 4676//3086 2085//3086 2082//3086
f 4679//3087 4675//3087 2079//3087
f 4680//3088 4677//3088 2081//3088
f 4676//3089 4681//3089 2085//3089
f 2086//3090 4679//3090 2079//3090
f 4678//3091 4682//3091 2084//3091
f 4681//3092 2142//3092 2085//3092
f 4682//3093 2144//3093 2084//3093
f 2141//3094 4680//3094 2081//3094
f 2143//3095 4683//3095 2086//3095
f 4683//3096 4679//3096 2086//3096
f 2146//3095 4684//3095 2141//3095
f 4684//3097 4680//3097 2141//3097
f 4681//3098 4685//3098 2142//3098
f 4685//3099 2147//3099 2142//3099
f 4686//3100 4683//3100 2143//3100
f 4682//3101 4687//3101 2144//3101
f 4687//3102 2149//3102 2144//3102
f 2148//3103 4686//3103 2143//3103
f 4687//3104 4688//3104 2149//3104
f 2150//3105 4689//3105 2146//3105
f 4689//3106 4684//3106 2146//3106
f 4685//3107 4690//3107 2147//3107
f 4691//3108 4686//3108 2148//3108
f 4692//3109 4689//3109 2150//3109
f 4690//3110 2159//3110 2147//3110
f 4688//3111 4693//3111 2149//3111
f 4693//3112 2161//3112 2149//3112
f 2157//3113 4692//3113 2150//3113
f 4690//3114 2160//3114 2159//3114
f 2160//3115 4694//3115 2148//3115
f 4694//3116 4691//3116 2148//3116
f 4695//3117 4692//3117 2157//3117
f 4690//2854 4694//2854 2160//2854
f 4693//3118 2157//3118 2161//3118
f 4693//3119 4695//3119 2157//3119
f 4696//916 2//916 1//916
f 9//916 4696//916 1//916
f 4696//916 13//916 2//916
f 4696//916 10//916 13//916
f 156//916 4696//916 9//916
f 8//916 156//916 9//916
f 4696//916 141//916 10//916
f 141//916 157//916 10//916
f 157//916 16//916 10//916
f 14//916 156//916 8//916
f 162//916 4696//916 156//916
f 3528//916 4697//916 162//916
f 4697//916 4696//916 162//916
f 4696//916 3757//916 141//916
f 3756//916 4697//916 3528//916
f 3908//916 3900//916 3757//916
f 3900//916 3892//916 3757//916
f 3892//916 3884//916 3757//916
f 3884//916 3874//916 3757//916
f 3874//916 3866//916 3757//916
f 3866//916 3858//916 3757//916
f 3858//916 3850//916 3757//916
f 3850//916 3843//916 3757//916
f 3843//916 3439//916 3757//916
f 4698//916 3908//916 3757//916
f 4696//916 4698//916 3757//916
f 3840//916 3849//916 3756//916
f 3849//916 3857//916 3756//916
f 3484//916 3848//916 3756//916
f 3848//916 3841//916 3756//916
f 3841//916 3840//916 3756//916
f 3857//916 3865//916 3756//916
f 3865//916 3873//916 3756//916
f 3873//916 3883//916 3756//916
f 3883//916 3891//916 3756//916
f 3891//916 3899//916 3756//916
f 3899//3120 3907//3120 3756//3120
f 3907//3121 4699//3121 3756//3121
f 4699//916 4697//916 3756//916
f 3898//916 3890//916 3484//916
f 3906//916 3898//916 3484//916
f 3890//916 3882//916 3484//916
f 3882//916 3872//916 3484//916
f 3872//916 3864//916 3484//916
f 3864//916 3856//916 3484//916
f 3856//916 3848//916 3484//916
f 4700//916 3906//916 3484//916
f 3436//916 4700//916 3484//916
f 3859//916 3867//916 3439//916
f 3851//916 3859//916 3439//916
f 3843//916 3842//916 3439//916
f 3842//916 3851//916 3439//916
f 3867//916 3875//916 3439//916
f 3875//916 3885//916 3439//916
f 3885//916 3893//916 3439//916
f 3893//916 4701//916 3439//916
f 4701//916 4702//916 3439//916
f 4702//916 3438//916 3439//916
f 4703//916 4700//916 3436//916
f 3225//916 4703//916 3436//916
f 4435//916 4432//916 3438//916
f 4425//916 3837//916 3438//916
f 4702//916 4439//916 3438//916
f 4439//916 4435//916 3438//916
f 4432//916 4427//916 3438//916
f 4427//916 4425//916 3438//916
f 3440//916 4426//916 3225//916
f 4426//916 4423//916 3225//916
f 4423//916 4422//916 3225//916
f 4422//916 4428//916 3225//916
f 4428//916 4431//916 3225//916
f 4431//916 4437//916 3225//916
f 4704//916 4703//916 3225//916
f 4437//916 4704//916 3225//916
f 3846//916 3839//916 3440//916
f 3442//916 3846//916 3440//916
f 3839//916 3838//916 3440//916
f 3838//916 3847//916 3440//916
f 3847//916 3855//916 3440//916
f 3855//916 3863//916 3440//916
f 3863//916 3871//916 3440//916
f 3871//916 3881//916 3440//916
f 3881//916 3889//916 3440//916
f 3889//916 3897//916 3440//916
f 3897//916 4705//916 3440//916
f 4433//916 4430//916 3440//916
f 4430//916 4426//916 3440//916
f 4705//916 4438//916 3440//916
f 4438//916 4433//916 3440//916
f 3886//3122 3836//3122 3837//3122
f 3894//916 3886//916 3837//916
f 4706//916 3910//916 3837//916
f 3910//916 3902//916 3837//916
f 3902//916 3894//916 3837//916
f 4429//916 4434//916 3837//916
f 4425//916 4424//916 3837//916
f 4424//916 4429//916 3837//916
f 4436//916 4706//916 3837//916
f 4434//916 4436//916 3837//916
f 3876//916 3877//916 3836//916
f 3877//916 3868//916 3836//916
f 3868//916 3860//916 3836//916
f 3860//916 3852//916 3836//916
f 3852//916 3845//916 3836//916
f 3845//3123 3833//3123 3836//3123
f 3886//916 3876//916 3836//916
f 3853//916 3861//916 3833//916
f 3861//916 3869//916 3833//916
f 3869//916 3441//916 3833//916
f 3845//916 3844//916 3833//916
f 3844//916 3853//916 3833//916
f 3896//916 3888//916 3442//916
f 3888//916 3880//916 3442//916
f 3880//916 3870//916 3442//916
f 3870//916 3862//916 3442//916
f 3854//916 3846//916 3442//916
f 3862//916 3854//916 3442//916
f 3443//916 4707//916 3442//916
f 4707//916 3904//916 3442//916
f 3904//916 3896//916 3442//916
f 3878//916 3887//916 3441//916
f 3869//916 3879//916 3441//916
f 3879//916 3878//916 3441//916
f 4708//916 3485//916 3441//916
f 3887//916 3895//916 3441//916
f 3895//916 4709//916 3441//916
f 4709//916 4708//916 3441//916
f 3901//916 4701//916 3893//916
f 3903//916 4709//916 3895//916
f 4440//916 4706//916 4436//916
f 4441//916 4704//916 4437//916
f 4705//916 4444//916 4438//916
f 4442//916 4704//916 4441//916
f 4702//3124 4445//3124 4439//3124
f 4443//916 4706//916 4440//916
f 4702//3125 4447//3125 4445//3125
f 4710//916 4707//916 3443//916
f 3794//916 4710//916 3443//916
f 4708//916 3834//916 3485//916
f 4707//3126 3912//3126 3904//3126
f 3905//3127 4705//3127 3897//3127
f 4700//3128 3914//3128 3906//3128
f 4698//3129 3916//3129 3908//3129
f 3909//3130 4701//3130 3901//3130
f 4706//3131 3918//3131 3910//3131
f 3911//3132 4709//3132 3903//3132
f 4705//916 4449//916 4444//916
f 4446//916 4704//916 4442//916
f 4448//916 4706//916 4443//916
f 4702//916 4451//916 4447//916
f 4705//916 4453//916 4449//916
f 4450//916 4704//916 4446//916
f 4452//916 4706//916 4448//916
f 4705//916 4454//916 4453//916
f 4454//916 4704//916 4450//916
f 4702//916 4455//916 4451//916
f 4455//916 4706//916 4452//916
f 4705//916 4704//916 4454//916
f 4702//916 4706//916 4455//916
f 4707//3133 3920//3133 3912//3133
f 3913//3134 4705//3134 3905//3134
f 4700//3135 3922//3135 3914//3135
f 3915//3136 4699//3136 3907//3136
f 4698//3137 3924//3137 3916//3137
f 3917//3138 4701//3138 3909//3138
f 4706//3139 3926//3139 3918//3139
f 3919//3140 4709//3140 3911//3140
f 4707//3141 3928//3141 3920//3141
f 3921//3142 4705//3142 3913//3142
f 4700//3143 3931//3143 3922//3143
f 3923//3144 4699//3144 3915//3144
f 4698//3145 3934//3145 3924//3145
f 3925//3146 4701//3146 3917//3146
f 4706//3147 3938//3147 3926//3147
f 3927//3148 4709//3148 3919//3148
f 4707//3149 3929//3149 3928//3149
f 3930//3149 4705//3149 3921//3149
f 4700//3149 3932//3149 3931//3149
f 3933//3149 4699//3149 3923//3149
f 4698//3149 3935//3149 3934//3149
f 3936//3149 4701//3149 3925//3149
f 4706//3149 3937//3149 3938//3149
f 3939//3149 4709//3149 3927//3149
f 4711//3150 4712//3150 3794//3150
f 3758//3150 4711//3150 3794//3150
f 4712//3150 4710//3150 3794//3150
f 4713//3150 4707//3150 4710//3150
f 4712//3150 4713//3150 4710//3150
f 3944//3151 3929//3151 4707//3151
f 4713//3152 3944//3152 4707//3152
f 4714//3150 4704//3150 4705//3150
f 4715//3150 4714//3150 4705//3150
f 3930//3150 4715//3150 4705//3150
f 4716//3150 4703//3150 4704//3150
f 4714//3150 4716//3150 4704//3150
f 4717//3150 4700//3150 4703//3150
f 4716//3150 4717//3150 4703//3150
f 3946//3153 3932//3153 4700//3153
f 4717//3154 3946//3154 4700//3154
f 4718//3150 4697//3150 4699//3150
f 4719//3150 4718//3150 4699//3150
f 3933//3150 4719//3150 4699//3150
f 4720//3150 4696//3150 4697//3150
f 4718//3150 4720//3150 4697//3150
f 4721//3150 4698//3150 4696//3150
f 4720//3150 4721//3150 4696//3150
f 3948//3153 3935//3153 4698//3153
f 4721//3152 3948//3152 4698//3152
f 4722//3150 4702//3150 4701//3150
f 4723//3150 4722//3150 4701//3150
f 3936//3150 4723//3150 4701//3150
f 4724//3150 4706//3150 4702//3150
f 4722//3150 4724//3150 4702//3150
f 3950//3153 3937//3153 4706//3153
f 4724//3152 3950//3152 4706//3152
f 4725//3150 4709//3150 3939//3150
f 4725//3150 4726//3150 4709//3150
f 4726//3150 4708//3150 4709//3150
f 4726//3150 3834//3150 4708//3150
f 4726//3150 4727//3150 3834//3150
f 4727//3150 3531//3150 3834//3150
f 3940//3155 4715//3155 3930//3155
f 3941//3156 4719//3156 3933//3156
f 3942//3157 4723//3157 3936//3157
f 3943//3158 4725//3158 3939//3158
f 4713//3159 3953//3159 3944//3159
f 3945//3160 4715//3160 3940//3160
f 4717//3161 3955//3161 3946//3161
f 3947//3162 4719//3162 3941//3162
f 4721//3159 3957//3159 3948//3159
f 3949//3163 4723//3163 3942//3163
f 4724//916 3951//916 3950//916
f 3952//3164 4725//3164 3943//3164
f 4728//3165 3959//3165 3951//3165
f 4724//916 4728//916 3951//916
f 4713//3150 3961//3150 3953//3150
f 3954//916 4715//916 3945//916
f 4717//916 3963//916 3955//916
f 3956//3150 4719//3150 3947//3150
f 4721//3150 3965//3150 3957//3150
f 3958//916 4723//916 3949//916
f 4728//3150 3967//3150 3959//3150
f 3960//3150 4729//3150 3952//3150
f 4729//3150 4725//3150 3952//3150
f 3969//3150 4729//3150 3960//3150
f 4713//3150 3970//3150 3961//3150
f 3962//3150 4715//3150 3954//3150
f 4717//3150 3972//3150 3963//3150
f 3964//3150 4719//3150 3956//3150
f 4721//3150 3974//3150 3965//3150
f 3966//3150 4723//3150 3958//3150
f 4728//3150 3976//3150 3967//3150
f 3968//3150 4729//3150 3969//3150
f 4713//3150 3978//3150 3970//3150
f 3971//3150 4715//3150 3962//3150
f 4717//3150 3980//3150 3972//3150
f 3973//3150 4719//3150 3964//3150
f 4721//3150 3982//3150 3974//3150
f 3975//3150 4723//3150 3966//3150
f 4728//3150 3984//3150 3976//3150
f 3977//3150 4729//3150 3968//3150
f 4713//3150 3979//3150 3978//3150
f 4713//3150 4715//3150 3971//3150
f 3979//3150 4713//3150 3971//3150
f 4717//3150 3981//3150 3980//3150
f 3981//3150 4719//3150 3973//3150
f 4721//3150 3983//3150 3982//3150
f 4721//3150 4723//3150 3975//3150
f 3983//3150 4721//3150 3975//3150
f 4728//3150 3985//3150 3984//3150
f 3985//3150 4729//3150 3977//3150
f 592//3150 4711//3150 3758//3150
f 4727//3150 4730//3150 3531//3150
f 4730//3166 148//3166 3531//3166
f 4717//3150 4719//3150 3981//3150
f 4728//3150 4729//3150 3985//3150
f 3759//3150 4731//3150 592//3150
f 4731//3150 4711//3150 592//3150
f 4730//916 4732//916 148//916
f 4732//3167 3835//3167 148//3167
f 4732//3168 3534//3168 3835//3168
f 4733//916 4731//916 3759//916
f 3486//3169 4733//3169 3759//3169
f 4734//916 4711//916 4731//916
f 4733//916 4734//916 4731//916
f 4735//916 4712//916 4711//916
f 4734//916 4735//916 4711//916
f 4735//916 4471//916 4712//916
f 4463//3169 4713//3169 4712//3169
f 4471//916 4467//916 4712//916
f 4467//916 4463//916 4712//916
f 4465//3170 4470//3170 4713//3170
f 4463//3171 4460//3171 4713//3171
f 4460//3169 4456//3169 4713//3169
f 4456//3169 4459//3169 4713//3169
f 4459//3169 4461//3169 4713//3169
f 4461//3172 4465//3172 4713//3172
f 4736//916 4715//916 4713//916
f 4737//916 4736//916 4713//916
f 4470//3170 4737//3170 4713//3170
f 4738//916 4714//916 4715//916
f 4736//916 4738//916 4715//916
f 4739//916 4716//916 4714//916
f 4738//916 4739//916 4714//916
f 4498//916 4497//916 4716//916
f 4492//3169 4489//3169 4716//3169
f 4489//3169 4717//3169 4716//3169
f 4497//916 4492//916 4716//916
f 4739//916 4498//916 4716//916
f 4489//3169 4488//3169 4717//3169
f 4488//916 4494//916 4717//916
f 4740//916 4719//916 4717//916
f 4741//916 4740//916 4717//916
f 4494//916 4741//916 4717//916
f 4742//916 4718//916 4719//916
f 4740//916 4742//916 4719//916
f 4743//916 4720//916 4718//916
f 4742//916 4743//916 4718//916
f 4744//916 4721//916 4720//916
f 4743//916 4744//916 4720//916
f 4745//916 4723//916 4721//916
f 4744//916 4745//916 4721//916
f 4495//916 4493//916 4723//916
f 4493//3169 4491//3169 4723//3169
f 4491//3169 4722//3169 4723//3169
f 4499//916 4495//916 4723//916
f 4745//916 4499//916 4723//916
f 4491//916 4490//916 4722//916
f 4490//916 4496//916 4722//916
f 4496//916 4500//916 4722//916
f 4500//916 4746//916 4722//916
f 4746//916 4747//916 4722//916
f 4747//916 4724//916 4722//916
f 4747//916 4748//916 4724//916
f 4748//916 4728//916 4724//916
f 4748//916 4749//916 4728//916
f 4749//916 4729//916 4728//916
f 4462//3169 4458//3169 4729//3169
f 4458//3169 4725//3169 4729//3169
f 4749//916 4468//916 4729//916
f 4468//3123 4466//3123 4729//3123
f 4466//916 4462//916 4729//916
f 4458//3169 4457//3169 4725//3169
f 4457//3169 4464//3169 4725//3169
f 4464//3170 4469//3170 4725//3170
f 4750//916 4726//916 4725//916
f 4751//916 4750//916 4725//916
f 4469//3170 4751//3170 4725//3170
f 4752//916 4727//916 4726//916
f 4750//916 4752//916 4726//916
f 4753//916 4730//916 4727//916
f 4752//916 4753//916 4727//916
f 4754//916 4732//916 4730//916
f 4753//916 4754//916 4730//916
f 4754//916 3534//916 4732//916
f 4754//916 3294//916 3534//916
f 4755//916 4733//916 3486//916
f 3447//916 4755//916 3486//916
f 4472//916 4737//916 4470//916
f 4749//916 4474//916 4468//916
f 4473//916 4751//916 4469//916
f 4735//916 4477//916 4471//916
f 4475//916 4737//916 4472//916
f 4476//916 4751//916 4473//916
f 4749//916 4479//916 4474//916
f 4478//916 4737//916 4475//916
f 4749//916 4481//916 4479//916
f 4480//916 4751//916 4476//916
f 4735//916 4482//916 4477//916
f 4483//916 4737//916 4478//916
f 4735//916 4485//916 4482//916
f 4749//916 4487//916 4481//916
f 4484//916 4751//916 4480//916
f 4735//916 4486//916 4485//916
f 4486//916 4737//916 4483//916
f 4735//916 4737//916 4486//916
f 4487//916 4751//916 4484//916
f 4749//916 4751//916 4487//916
f 4739//916 4502//916 4498//916
f 4501//916 4741//916 4494//916
f 4745//916 4504//916 4499//916
f 4503//916 4741//916 4501//916
f 4505//916 4746//916 4500//916
f 4739//916 4506//916 4502//916
f 4745//916 4507//916 4504//916
f 3293//916 4755//916 3447//916
f 3293//916 4756//916 4755//916
f 4756//916 4757//916 4755//916
f 4757//916 4733//916 4755//916
f 4757//916 4758//916 4733//916
f 4758//916 4734//916 4733//916
f 4758//916 4759//916 4734//916
f 4759//916 4735//916 4734//916
f 4759//916 4760//916 4735//916
f 4760//916 4737//916 4735//916
f 4760//916 4761//916 4737//916
f 4761//916 4736//916 4737//916
f 4761//916 4762//916 4736//916
f 4762//916 4738//916 4736//916
f 4762//916 4763//916 4738//916
f 4763//916 4739//916 4738//916
f 4508//916 4506//916 4739//916
f 4763//916 4508//916 4739//916
f 4509//916 4741//916 4503//916
f 4764//916 4740//916 4741//916
f 4765//916 4764//916 4741//916
f 4509//916 4765//916 4741//916
f 4766//916 4742//916 4740//916
f 4764//916 4766//916 4740//916
f 4767//916 4743//916 4742//916
f 4766//916 4767//916 4742//916
f 4768//916 4744//916 4743//916
f 4767//916 4768//916 4743//916
f 4769//916 4745//916 4744//916
f 4768//916 4769//916 4744//916
f 4769//916 4507//916 4745//916
f 4510//916 4746//916 4505//916
f 4770//916 4747//916 4746//916
f 4771//916 4770//916 4746//916
f 4510//916 4771//916 4746//916
f 4772//916 4748//916 4747//916
f 4770//916 4772//916 4747//916
f 4773//916 4749//916 4748//916
f 4772//916 4773//916 4748//916
f 4774//916 4751//916 4749//916
f 4773//916 4774//916 4749//916
f 4775//916 4750//916 4751//916
f 4774//916 4775//916 4751//916
f 4776//916 4752//916 4750//916
f 4775//916 4776//916 4750//916
f 4777//916 4753//916 4752//916
f 4776//916 4777//916 4752//916
f 4778//916 4754//916 4753//916
f 4777//916 4778//916 4753//916
f 4778//916 3294//916 4754//916
f 4778//916 3449//916 3294//916
f 4511//916 4765//916 4509//916
f 4769//916 4512//916 4507//916
f 4763//916 4514//916 4508//916
f 4513//916 4771//916 4510//916
f 4769//916 4516//916 4512//916
f 4515//916 4765//916 4511//916
f 4769//916 4517//916 4516//916
f 4763//916 4519//916 4514//916
f 4518//916 4771//916 4513//916
f 4520//916 4771//916 4518//916
f 4763//916 4765//916 4515//916
f 4519//916 4763//916 4515//916
f 4769//916 4520//916 4517//916
f 4769//916 4771//916 4520//916
f 3487//916 3592//916 3293//916
f 3592//916 3587//916 3293//916
f 3587//916 3583//916 3293//916
f 3583//916 3579//916 3293//916
f 3579//916 3575//916 3293//916
f 3575//916 3571//916 3293//916
f 3571//916 4756//916 3293//916
f 3571//916 3567//916 4756//916
f 3567//916 3568//916 4756//916
f 3568//916 4757//916 4756//916
f 3572//916 3576//916 4757//916
f 3576//916 3580//916 4757//916
f 3580//916 3584//916 4757//916
f 3584//916 3588//916 4757//916
f 3588//916 3593//916 4757//916
f 3593//916 3597//916 4757//916
f 3568//916 3572//916 4757//916
f 3597//916 4779//916 4757//916
f 4779//916 4780//916 4757//916
f 4780//916 4758//916 4757//916
f 945//916 941//916 4758//916
f 941//916 931//916 4758//916
f 931//916 922//916 4758//916
f 922//916 918//916 4758//916
f 918//916 910//916 4758//916
f 910//916 905//916 4758//916
f 4780//916 970//916 4758//916
f 970//916 956//916 4758//916
f 956//916 945//916 4758//916
f 905//916 902//916 4758//916
f 902//916 901//916 4758//916
f 901//916 4759//916 4758//916
f 911//916 919//916 4759//916
f 901//916 906//916 4759//916
f 906//916 911//916 4759//916
f 919//916 923//916 4759//916
f 923//916 932//916 4759//916
f 932//916 942//916 4759//916
f 942//916 4781//916 4759//916
f 4781//916 4782//916 4759//916
f 4782//916 4760//916 4759//916
f 4782//916 4783//916 4760//916
f 4783//916 4761//916 4760//916
f 4783//916 4784//916 4761//916
f 4784//916 4762//916 4761//916
f 4784//916 4785//916 4762//916
f 4785//916 4763//916 4762//916
f 4785//916 4786//916 4763//916
f 4786//916 4765//916 4763//916
f 4786//916 4787//916 4765//916
f 4787//916 4764//916 4765//916
f 4787//916 4788//916 4764//916
f 4788//916 4766//916 4764//916
f 4788//916 4789//916 4766//916
f 4789//916 4767//916 4766//916
f 4789//916 4790//916 4767//916
f 4790//916 4768//916 4767//916
f 4790//916 4791//916 4768//916
f 4791//916 4769//916 4768//916
f 4791//916 4792//916 4769//916
f 4792//916 4771//916 4769//916
f 4792//916 4793//916 4771//916
f 4793//916 4770//916 4771//916
f 4793//916 4794//916 4770//916
f 4794//916 4772//916 4770//916
f 4794//916 4795//916 4772//916
f 4795//916 4773//916 4772//916
f 4795//916 4796//916 4773//916
f 4796//916 4774//916 4773//916
f 4797//916 4775//916 4774//916
f 4796//916 4797//916 4774//916
f 943//916 933//916 4775//916
f 933//916 924//916 4775//916
f 4797//916 959//916 4775//916
f 959//916 947//916 4775//916
f 947//916 943//916 4775//916
f 924//916 920//916 4775//916
f 920//916 909//916 4775//916
f 909//916 4776//916 4775//916
f 921//916 925//916 4776//916
f 903//916 904//916 4776//916
f 904//916 908//916 4776//916
f 908//916 912//916 4776//916
f 912//916 921//916 4776//916
f 925//916 934//916 4776//916
f 934//916 944//916 4776//916
f 944//916 948//916 4776//916
f 909//916 907//916 4776//916
f 907//916 903//916 4776//916
f 4798//916 4777//916 4776//916
f 948//916 960//916 4776//916
f 960//916 4799//916 4776//916
f 4799//916 4798//916 4776//916
f 3602//916 3598//916 4777//916
f 3598//916 3594//916 4777//916
f 3594//916 4778//916 4777//916
f 4798//916 3606//916 4777//916
f 3606//916 3602//916 4777//916
f 3590//916 3585//916 4778//916
f 3585//916 3581//916 4778//916
f 3581//916 3577//916 4778//916
f 3577//916 3573//916 4778//916
f 3594//916 3589//916 4778//916
f 3589//916 3590//916 4778//916
f 3573//916 3449//916 4778//916
f 3570//916 3569//916 3449//916
f 3569//916 3574//916 3449//916
f 3574//916 3578//916 3449//916
f 3578//916 3582//916 3449//916
f 3582//916 3586//916 3449//916
f 3586//916 3591//916 3449//916
f 3591//916 3535//916 3449//916
f 3573//916 3570//916 3449//916
f 3487//916 3596//916 3592//916
f 3595//916 3535//916 3591//916
f 3487//916 3600//916 3596//916
f 3599//916 3535//916 3595//916
f 3487//916 3604//916 3600//916
f 3601//916 4779//916 3597//916
f 3603//916 3535//916 3599//916
f 946//916 4781//916 942//916
f 957//916 4781//916 946//916
f 4797//916 974//916 959//916
f 3487//916 3608//916 3604//916
f 3605//916 4779//916 3601//916
f 4798//916 3610//916 3606//916
f 3607//916 3535//916 3603//916
f 4780//916 986//916 970//916
f 972//916 4781//916 957//916
f 4797//916 990//916 974//916
f 976//916 4799//916 960//916
f 4780//916 994//916 986//916
f 988//916 4781//916 972//916
f 4797//916 998//916 990//916
f 992//916 4799//916 976//916
f 4780//916 1010//916 994//916
f 996//916 4781//916 988//916
f 4797//916 1014//916 998//916
f 1000//916 4799//916 992//916
f 3487//916 3613//916 3608//916
f 3609//916 4779//916 3605//916
f 4798//916 3616//916 3610//916
f 3611//916 3535//916 3607//916
f 4780//916 1026//916 1010//916
f 1012//916 4781//916 996//916
f 4797//916 1030//916 1014//916
f 1016//916 4799//916 1000//916
f 4780//916 1040//916 1026//916
f 1028//916 4781//916 1012//916
f 4797//916 1045//916 1030//916
f 1032//916 4799//916 1016//916
f 4780//916 1052//916 1040//916
f 1042//916 4781//916 1028//916
f 4797//916 1056//916 1045//916
f 1047//916 4799//916 1032//916
f 3487//916 3612//916 3613//916
f 3614//916 4779//916 3609//916
f 4798//916 3615//916 3616//916
f 3617//916 3535//916 3611//916
f 4780//916 1068//916 1052//916
f 1054//916 4781//916 1042//916
f 4797//916 1072//916 1056//916
f 1058//916 4799//916 1047//916
f 4780//916 1077//916 1068//916
f 1070//916 4781//916 1054//916
f 4797//916 1075//916 1072//916
f 1074//916 4799//916 1058//916
f 4780//916 1078//916 1077//916
f 1078//916 4781//916 1070//916
f 4797//916 1080//916 1075//916
f 1080//916 4799//916 1074//916
f 4780//916 4781//916 1078//916
f 4797//916 4799//916 1080//916
f 3795//916 3618//916 3487//916
f 3618//916 3612//916 3487//916
f 3620//916 4779//916 3614//916
f 4800//916 4780//916 4779//916
f 4801//916 4800//916 4779//916
f 3620//916 4801//916 4779//916
f 4802//916 4781//916 4780//916
f 4800//916 4802//916 4780//916
f 4803//916 4782//916 4781//916
f 4802//916 4803//916 4781//916
f 4060//916 4052//916 4782//916
f 4052//916 4044//916 4782//916
f 4044//916 4036//916 4782//916
f 4036//916 4028//916 4782//916
f 4028//916 4018//916 4782//916
f 4018//916 4010//916 4782//916
f 4010//916 4002//916 4782//916
f 4002//916 3994//916 4782//916
f 3994//916 3987//916 4782//916
f 3987//916 4783//916 4782//916
f 4803//916 4060//916 4782//916
f 4019//916 4029//916 4783//916
f 4029//916 4037//916 4783//916
f 4037//916 4045//916 4783//916
f 3995//916 4003//916 4783//916
f 4003//916 4011//916 4783//916
f 4011//916 4019//916 4783//916
f 3987//916 3986//916 4783//916
f 3986//916 3995//916 4783//916
f 4804//916 4784//916 4783//916
f 4805//916 4804//916 4783//916
f 4045//916 4805//916 4783//916
f 4806//916 4785//916 4784//916
f 4804//916 4806//916 4784//916
f 4807//916 4786//916 4785//916
f 4806//916 4807//916 4785//916
f 4012//916 4004//916 4786//916
f 4004//916 3996//916 4786//916
f 3996//916 3989//916 4786//916
f 3989//916 4787//916 4786//916
f 4062//916 4054//916 4786//916
f 4054//916 4046//916 4786//916
f 4046//916 4038//916 4786//916
f 4038//916 4030//916 4786//916
f 4030//916 4020//916 4786//916
f 4020//916 4012//916 4786//916
f 4807//916 4062//916 4786//916
f 3997//916 4005//916 4787//916
f 3989//916 3988//916 4787//916
f 3988//916 3997//916 4787//916
f 4005//916 4013//916 4787//916
f 4013//916 4021//916 4787//916
f 4021//916 4031//916 4787//916
f 4031//916 4039//916 4787//916
f 4039//916 4047//916 4787//916
f 4047//916 4055//916 4787//916
f 4808//916 4788//916 4787//916
f 4809//916 4808//916 4787//916
f 4055//916 4809//916 4787//916
f 4810//916 4789//916 4788//916
f 4808//916 4810//916 4788//916
f 4811//916 4790//916 4789//916
f 4810//916 4811//916 4789//916
f 4014//916 4006//916 4790//916
f 4006//916 3998//916 4790//916
f 3998//916 3991//916 4790//916
f 3991//916 4791//916 4790//916
f 4064//916 4056//916 4790//916
f 4056//916 4048//916 4790//916
f 4048//916 4040//916 4790//916
f 4040//916 4032//916 4790//916
f 4032//916 4022//916 4790//916
f 4022//916 4014//916 4790//916
f 4811//916 4064//916 4790//916
f 3999//916 4007//916 4791//916
f 4007//916 4015//916 4791//916
f 4015//916 4023//916 4791//916
f 3991//916 3990//916 4791//916
f 3990//916 3999//916 4791//916
f 4023//916 4033//916 4791//916
f 4033//916 4041//916 4791//916
f 4041//916 4049//916 4791//916
f 4812//916 4792//916 4791//916
f 4813//916 4812//916 4791//916
f 4049//916 4813//916 4791//916
f 4814//916 4793//916 4792//916
f 4812//916 4814//916 4792//916
f 4034//916 4794//916 4793//916
f 4042//916 4034//916 4793//916
f 4066//916 4058//916 4793//916
f 4058//916 4050//916 4793//916
f 4050//916 4042//916 4793//916
f 4814//916 4066//916 4793//916
f 4024//916 4025//916 4794//916
f 4025//916 4016//916 4794//916
f 4016//916 4008//916 4794//916
f 4008//916 4000//916 4794//916
f 4000//916 3993//916 4794//916
f 3993//916 4795//916 4794//916
f 4034//916 4024//916 4794//916
f 4001//916 4009//916 4795//916
f 4009//916 4017//916 4795//916
f 4017//916 4796//916 4795//916
f 3993//916 3992//916 4795//916
f 3992//916 4001//916 4795//916
f 4035//916 4043//916 4796//916
f 4026//916 4035//916 4796//916
f 4017//916 4027//916 4796//916
f 4027//916 4026//916 4796//916
f 4043//916 4051//916 4796//916
f 4051//916 4815//916 4796//916
f 4815//916 4816//916 4796//916
f 4816//916 4797//916 4796//916
f 4816//916 4817//916 4797//916
f 4817//916 4799//916 4797//916
f 4818//916 4798//916 4799//916
f 4817//916 4818//916 4799//916
f 4818//916 3622//916 4798//916
f 3622//916 3621//916 4798//916
f 3621//916 3615//916 4798//916
f 3624//916 3760//916 3617//916
f 3760//916 3535//916 3617//916
f 3795//916 3625//916 3618//916
f 3619//916 4801//916 3620//916
f 3623//916 3760//916 3624//916
f 4819//916 3627//916 3622//916
f 4818//916 4819//916 3622//916
f 3795//916 3629//916 3625//916
f 3626//916 4801//916 3619//916
f 4819//916 3631//916 3627//916
f 3628//916 3760//916 3623//916
f 3795//916 3633//916 3629//916
f 3630//916 4801//916 3626//916
f 4819//916 3635//916 3631//916
f 3632//916 3760//916 3628//916
f 3795//916 3637//916 3633//916
f 4820//916 4801//916 3630//916
f 3634//916 4820//916 3630//916
f 4819//916 3639//916 3635//916
f 3636//916 3760//916 3632//916
f 3795//916 3641//916 3637//916
f 3638//916 4820//916 3634//916
f 4819//916 3642//916 3639//916
f 3640//916 3760//916 3636//916
f 4820//916 3644//916 3641//916
f 3795//916 4820//916 3641//916
f 4819//916 3643//916 3642//916
f 4819//916 3760//916 3640//916
f 3643//916 4819//916 3640//916
f 3644//916 4820//916 3638//916
f 4053//916 4805//916 4045//916
f 4057//916 4813//916 4049//916
f 4059//916 4815//916 4051//916
f 4803//916 4068//916 4060//916
f 4061//916 4805//916 4053//916
f 4807//916 4070//916 4062//916
f 4063//916 4809//916 4055//916
f 4811//916 4072//916 4064//916
f 4065//916 4813//916 4057//916
f 4814//916 4074//916 4066//916
f 4067//916 4815//916 4059//916
f 4803//916 4076//916 4068//916
f 4069//916 4805//916 4061//916
f 4807//916 4077//916 4070//916
f 4071//916 4809//916 4063//916
f 4811//916 4078//916 4072//916
f 4073//916 4813//916 4065//916
f 4814//916 4079//916 4074//916
f 4075//916 4815//916 4067//916
f 4821//916 4820//916 3795//916
f 31//916 4821//916 3795//916
f 4822//916 4801//916 4820//916
f 4821//916 4822//916 4820//916
f 4823//916 4800//916 4801//916
f 4822//916 4823//916 4801//916
f 4824//916 4802//916 4800//916
f 4823//916 4824//916 4800//916
f 4825//916 4803//916 4802//916
f 4824//916 4825//916 4802//916
f 4080//916 4076//916 4803//916
f 4825//916 4080//916 4803//916
f 4082//916 4805//916 4069//916
f 4826//916 4804//916 4805//916
f 4827//916 4826//916 4805//916
f 4082//916 4827//916 4805//916
f 4828//916 4806//916 4804//916
f 4826//916 4828//916 4804//916
f 4829//916 4807//916 4806//916
f 4828//916 4829//916 4806//916
f 4083//916 4077//916 4807//916
f 4094//916 4083//916 4807//916
f 4829//916 4094//916 4807//916
f 4830//916 4809//916 4071//916
f 4085//916 4830//916 4071//916
f 4831//916 4808//916 4809//916
f 4830//916 4831//916 4809//916
f 4832//916 4810//916 4808//916
f 4831//916 4832//916 4808//916
f 4833//916 4811//916 4810//916
f 4832//916 4833//916 4810//916
f 4086//916 4078//916 4811//916
f 4096//916 4086//916 4811//916
f 4833//916 4096//916 4811//916
f 4088//916 4813//916 4073//916
f 4834//916 4812//916 4813//916
f 4835//916 4834//916 4813//916
f 4088//916 4835//916 4813//916
f 4836//916 4814//916 4812//916
f 4834//916 4836//916 4812//916
f 4098//916 4089//916 4814//916
f 4089//916 4079//916 4814//916
f 4836//916 4098//916 4814//916
f 4837//916 4815//916 4075//916
f 4091//916 4837//916 4075//916
f 4837//916 4838//916 4815//916
f 4838//916 4816//916 4815//916
f 4838//916 4839//916 4816//916
f 4839//916 4817//916 4816//916
f 4839//916 4840//916 4817//916
f 4840//916 4818//916 4817//916
f 4841//916 4819//916 4818//916
f 4840//916 4841//916 4818//916
f 36//916 3760//916 4819//916
f 4841//916 36//916 4819//916
f 4825//916 4092//916 4080//916
f 4081//916 4827//916 4082//916
f 4084//916 4830//916 4085//916
f 4087//916 4835//916 4088//916
f 4090//916 4837//916 4091//916
f 25//916 31//916 22//916
f 25//916 4821//916 31//916
f 4841//916 39//916 36//916
f 4841//916 40//916 39//916
f 4825//916 4101//916 4092//916
f 4093//916 4827//916 4081//916
f 4829//916 4103//916 4094//916
f 4095//916 4830//916 4084//916
f 4833//916 4105//916 4096//916
f 4097//916 4835//916 4087//916
f 4836//916 4099//916 4098//916
f 4100//916 4837//916 4090//916
f 4842//916 4107//916 4099//916
f 4836//916 4842//916 4099//916
f 4825//916 4109//916 4101//916
f 4102//916 4827//916 4093//916
f 4829//916 4111//916 4103//916
f 4104//916 4830//916 4095//916
f 4833//916 4113//916 4105//916
f 4106//916 4835//916 4097//916
f 4842//916 4115//916 4107//916
f 4108//916 4843//916 4100//916
f 4843//916 4837//916 4100//916
f 4117//916 4843//916 4108//916
f 4825//916 4118//916 4109//916
f 4110//916 4827//916 4102//916
f 4829//916 4120//916 4111//916
f 4112//916 4830//916 4104//916
f 4833//916 4122//916 4113//916
f 4114//916 4835//916 4106//916
f 4842//916 4124//916 4115//916
f 4116//916 4843//916 4117//916
f 4825//916 4126//916 4118//916
f 4119//916 4827//916 4110//916
f 4829//916 4128//916 4120//916
f 4121//916 4830//916 4112//916
f 4833//916 4130//916 4122//916
f 4123//916 4835//916 4114//916
f 4842//916 4132//916 4124//916
f 4125//916 4843//916 4116//916
f 4825//916 4127//916 4126//916
f 4825//916 4827//916 4119//916
f 4127//916 4825//916 4119//916
f 4829//916 4129//916 4128//916
f 4129//916 4830//916 4121//916
f 4833//916 4131//916 4130//916
f 4833//916 4835//916 4123//916
f 4131//916 4833//916 4123//916
f 4842//916 4133//916 4132//916
f 4133//916 4843//916 4125//916
f 4829//916 4830//916 4129//916
f 4842//916 4843//916 4133//916
f 4844//916 4821//916 25//916
f 3342//916 4844//916 25//916
f 4845//916 4822//916 4821//916
f 4844//916 4845//916 4821//916
f 4846//916 4823//916 4822//916
f 4845//916 4846//916 4822//916
f 4847//916 4824//916 4823//916
f 4846//916 4847//916 4823//916
f 4848//916 4825//916 4824//916
f 4847//916 4848//916 4824//916
f 4849//916 4827//916 4825//916
f 4848//916 4849//916 4825//916
f 4850//916 4826//916 4827//916
f 4849//916 4850//916 4827//916
f 4851//916 4828//916 4826//916
f 4850//916 4851//916 4826//916
f 4852//916 4829//916 4828//916
f 4851//916 4852//916 4828//916
f 4853//916 4830//916 4829//916
f 4852//916 4853//916 4829//916
f 4854//916 4831//916 4830//916
f 4853//916 4854//916 4830//916
f 4855//916 4832//916 4831//916
f 4854//916 4855//916 4831//916
f 4856//916 4833//916 4832//916
f 4855//916 4856//916 4832//916
f 4857//916 4835//916 4833//916
f 4856//916 4857//916 4833//916
f 4858//916 4834//916 4835//916
f 4857//916 4858//916 4835//916
f 4859//916 4836//916 4834//916
f 4858//916 4859//916 4834//916
f 4860//916 4842//916 4836//916
f 4859//916 4860//916 4836//916
f 4861//916 4843//916 4842//916
f 4860//916 4861//916 4842//916
f 4862//916 4837//916 4843//916
f 4861//916 4862//916 4843//916
f 4863//916 4838//916 4837//916
f 4862//916 4863//916 4837//916
f 4640//916 4634//916 4838//916
f 4647//916 4645//916 4838//916
f 4645//916 4640//916 4838//916
f 4634//916 4839//916 4838//916
f 4863//916 4647//916 4838//916
f 4634//916 4632//916 4839//916
f 4632//916 4631//916 4839//916
f 4631//916 4638//916 4839//916
f 4638//916 4840//916 4839//916
f 4864//916 4865//916 4840//916
f 4641//916 4644//916 4840//916
f 4644//916 4864//916 4840//916
f 4638//916 4641//916 4840//916
f 4865//916 4841//916 4840//916
f 4865//916 4648//916 4841//916
f 4648//916 4642//916 4841//916
f 4642//916 4639//916 4841//916
f 4639//916 4635//916 4841//916
f 4635//916 4633//916 4841//916
f 4636//916 40//916 4841//916
f 4633//916 4636//916 4841//916
f 4636//916 4637//916 40//916
f 4637//916 4643//916 40//916
f 4643//916 4646//916 40//916
f 4646//916 3494//916 40//916
f 4863//916 4650//916 4647//916
f 4649//916 4864//916 4644//916
f 4865//916 4651//916 4648//916
f 4652//916 3494//916 4646//916
f 4863//916 4655//916 4650//916
f 4653//916 4864//916 4649//916
f 4865//916 4656//916 4651//916
f 4654//916 3494//916 4652//916
f 4866//916 4864//916 4653//916
f 4865//916 4659//916 4656//916
f 4657//916 3494//916 4654//916
f 4658//916 4866//916 4653//916
f 4863//916 4660//916 4655//916
f 4661//916 4866//916 4658//916
f 4865//916 4663//916 4659//916
f 4865//916 3494//916 4657//916
f 4662//916 4865//916 4657//916
f 4863//916 4866//916 4660//916
f 4866//916 4661//916 4660//916
f 4663//916 4865//916 4662//916
f 3482//916 4867//916 3342//916
f 4867//916 4844//916 3342//916
f 4867//916 4538//916 4844//916
f 4538//916 4537//916 4844//916
f 4537//916 4530//916 4844//916
f 4530//916 4527//916 4844//916
f 4527//916 4524//916 4844//916
f 4524//916 4522//916 4844//916
f 4522//916 4845//916 4844//916
f 4521//916 4528//916 4845//916
f 4522//916 4521//916 4845//916
f 4528//916 4532//916 4845//916
f 4534//916 4554//916 4845//916
f 4532//916 4534//916 4845//916
f 4554//916 4558//916 4845//916
f 4558//916 4868//916 4845//916
f 4868//916 4869//916 4845//916
f 4869//916 4846//916 4845//916
f 4869//916 4870//916 4846//916
f 4870//916 4847//916 4846//916
f 4870//916 4871//916 4847//916
f 4871//916 4848//916 4847//916
f 4871//916 4872//916 4848//916
f 4872//916 4849//916 4848//916
f 4872//916 4873//916 4849//916
f 4873//916 4850//916 4849//916
f 4873//916 4874//916 4850//916
f 4874//916 4851//916 4850//916
f 4874//916 4875//916 4851//916
f 4875//916 4852//916 4851//916
f 4875//916 4876//916 4852//916
f 4876//916 4853//916 4852//916
f 4876//916 4877//916 4853//916
f 4877//916 4854//916 4853//916
f 4877//916 4878//916 4854//916
f 4878//916 4855//916 4854//916
f 4878//916 4879//916 4855//916
f 4879//916 4856//916 4855//916
f 4879//916 4880//916 4856//916
f 4880//916 4857//916 4856//916
f 4880//916 4881//916 4857//916
f 4881//916 4858//916 4857//916
f 4881//916 4882//916 4858//916
f 4882//916 4859//916 4858//916
f 4882//916 4883//916 4859//916
f 4883//916 4860//916 4859//916
f 4883//916 4539//916 4860//916
f 4539//916 4535//916 4860//916
f 4535//916 4533//916 4860//916
f 4533//916 4529//916 4860//916
f 4529//916 4525//916 4860//916
f 4525//916 4523//916 4860//916
f 4523//916 4861//916 4860//916
f 4523//916 4526//916 4861//916
f 4531//916 4536//916 4861//916
f 4526//916 4531//916 4861//916
f 4555//916 4559//916 4861//916
f 4536//916 4555//916 4861//916
f 4559//916 4563//916 4861//916
f 4563//916 4884//916 4861//916
f 4884//916 4885//916 4861//916
f 4885//916 4862//916 4861//916
f 4885//916 4886//916 4862//916
f 4886//916 4863//916 4862//916
f 4886//916 4887//916 4863//916
f 4887//916 4866//916 4863//916
f 4887//916 4888//916 4866//916
f 4888//916 4864//916 4866//916
f 4888//916 4889//916 4864//916
f 4889//916 4865//916 4864//916
f 4889//916 3465//916 4865//916
f 3465//916 3494//916 4865//916
f 4568//916 4564//916 4534//916
f 4564//916 4560//916 4534//916
f 4560//916 4556//916 4534//916
f 4556//916 4554//916 4534//916
f 4540//66 4565//66 4536//66
f 4565//916 4562//916 4536//916
f 4562//916 4557//916 4536//916
f 4557//916 4555//916 4536//916
f 4541//916 4568//916 4534//916
f 4570//916 4565//916 4540//916
f 4542//916 4570//916 4540//916
f 4867//916 4543//916 4538//916
f 4883//916 4545//916 4539//916
f 4544//916 4568//916 4541//916
f 4546//916 4570//916 4542//916
f 4867//916 4547//916 4543//916
f 4883//916 4549//916 4545//916
f 4867//916 4551//916 4547//916
f 4548//916 4568//916 4544//916
f 4550//916 4570//916 4546//916
f 4883//916 4552//916 4549//916
f 4552//916 4570//916 4550//916
f 4568//916 4553//916 4551//916
f 4867//916 4568//916 4551//916
f 4553//916 4568//916 4548//916
f 4883//916 4570//916 4552//916
f 4561//916 4868//916 4558//916
f 4566//916 4884//916 4563//916
f 4567//916 4868//916 4561//916
f 4569//916 4868//916 4567//916
f 4867//916 4572//916 4568//916
f 4571//916 4884//916 4566//916
f 4883//916 4574//916 4570//916
f 4573//916 4868//916 4569//916
f 4575//916 4884//916 4571//916
f 4867//916 4576//916 4572//916
f 4883//916 4579//916 4574//916
f 4577//916 4884//916 4575//916
f 4867//916 4580//916 4576//916
f 4578//916 4868//916 4573//916
f 4883//916 4581//916 4579//916
f 4867//916 4583//916 4580//916
f 4582//916 4884//916 4577//916
f 4583//916 4868//916 4578//916
f 4883//916 4582//916 4581//916
f 4867//916 4868//916 4583//916
f 4883//916 4884//916 4582//916
f 3356//916 4214//916 3482//916
f 4214//916 4206//916 3482//916
f 4206//916 4198//916 3482//916
f 4198//916 4190//916 3482//916
f 4190//916 4174//916 3482//916
f 4174//916 4867//916 3482//916
f 4175//916 4167//916 4867//916
f 4167//916 4158//916 4867//916
f 4158//916 4150//916 4867//916
f 4150//916 4142//916 4867//916
f 4142//916 4135//916 4867//916
f 4135//916 4868//916 4867//916
f 4174//916 4175//916 4867//916
f 4143//916 4151//916 4868//916
f 4151//916 4159//916 4868//916
f 4159//916 4869//916 4868//916
f 4135//916 4134//916 4868//916
f 4134//916 4143//916 4868//916
f 4168//916 4176//916 4869//916
f 4176//916 4183//916 4869//916
f 4183//916 4191//916 4869//916
f 4191//916 4199//916 4869//916
f 4159//916 4168//916 4869//916
f 4890//916 4870//916 4869//916
f 4891//916 4890//916 4869//916
f 4199//916 4891//916 4869//916
f 4160//916 4152//916 4870//916
f 4169//916 4160//916 4870//916
f 4152//916 4144//916 4870//916
f 4144//916 4137//916 4870//916
f 4137//916 4871//916 4870//916
f 4890//916 4216//916 4870//916
f 4216//916 4208//916 4870//916
f 4208//916 4200//916 4870//916
f 4200//916 4192//916 4870//916
f 4192//916 4184//916 4870//916
f 4184//916 4177//916 4870//916
f 4177//916 4169//916 4870//916
f 4145//916 4153//916 4871//916
f 4153//916 4161//916 4871//916
f 4161//916 4170//916 4871//916
f 4170//916 4178//916 4871//916
f 4137//916 4136//916 4871//916
f 4136//916 4145//916 4871//916
f 4178//916 4185//916 4871//916
f 4185//916 4193//916 4871//916
f 4193//916 4201//916 4871//916
f 4201//916 4892//916 4871//916
f 4892//916 4893//916 4871//916
f 4893//916 4872//916 4871//916
f 4893//916 4894//916 4872//916
f 4894//916 4873//916 4872//916
f 4894//916 4895//916 4873//916
f 4895//916 4874//916 4873//916
f 4895//916 4896//916 4874//916
f 4896//916 4875//916 4874//916
f 4896//916 4897//916 4875//916
f 4897//916 4876//916 4875//916
f 4897//916 4898//916 4876//916
f 4898//916 4877//916 4876//916
f 4898//916 4899//916 4877//916
f 4899//916 4878//916 4877//916
f 4899//916 4900//916 4878//916
f 4900//916 4879//916 4878//916
f 4900//916 4901//916 4879//916
f 4901//916 4880//916 4879//916
f 4901//916 4902//916 4880//916
f 4902//916 4881//916 4880//916
f 4902//916 4903//916 4881//916
f 4903//916 4882//916 4881//916
f 4903//916 4904//916 4882//916
f 4904//916 4883//916 4882//916
f 4904//916 4905//916 4883//916
f 4905//916 4884//916 4883//916
f 4905//916 4906//916 4884//916
f 4906//916 4885//916 4884//916
f 4162//916 4154//916 4885//916
f 4171//916 4162//916 4885//916
f 4154//916 4146//916 4885//916
f 4146//916 4139//916 4885//916
f 4139//916 4886//916 4885//916
f 4906//916 4210//916 4885//916
f 4210//916 4202//916 4885//916
f 4202//916 4194//916 4885//916
f 4194//916 4186//916 4885//916
f 4186//916 4179//916 4885//916
f 4179//916 4171//916 4885//916
f 4147//916 4155//916 4886//916
f 4155//916 4163//916 4886//916
f 4163//916 4172//916 4886//916
f 4172//916 4180//916 4886//916
f 4139//916 4138//916 4886//916
f 4138//916 4147//916 4886//916
f 4180//916 4187//916 4886//916
f 4187//916 4195//916 4886//916
f 4195//916 4203//916 4886//916
f 4907//916 4887//916 4886//916
f 4908//916 4907//916 4886//916
f 4203//916 4908//916 4886//916
f 4164//916 4888//916 4887//916
f 4212//916 4204//916 4887//916
f 4204//916 4196//916 4887//916
f 4196//916 4188//916 4887//916
f 4188//916 4181//916 4887//916
f 4181//916 4164//916 4887//916
f 4907//916 4212//916 4887//916
f 4165//916 4156//916 4888//916
f 4156//916 4148//916 4888//916
f 4148//916 4889//916 4888//916
f 4164//916 4165//916 4888//916
f 4141//916 3465//916 4889//916
f 4140//916 4141//916 4889//916
f 4148//916 4140//916 4889//916
f 4149//916 4157//916 3465//916
f 4157//916 4166//916 3465//916
f 4141//916 4149//916 3465//916
f 4166//916 4173//916 3465//916
f 4173//916 4182//916 3465//916
f 4182//916 4189//916 3465//916
f 4189//916 4197//916 3465//916
f 4197//916 4205//916 3465//916
f 4205//916 80//916 3465//916
f 4207//916 4891//916 4199//916
f 4209//916 4892//916 4201//916
f 4906//916 4218//916 4210//916
f 4211//916 4908//916 4203//916
f 4907//916 4220//916 4212//916
f 4213//916 80//916 4205//916
f 3356//916 4222//916 4214//916
f 4215//916 4891//916 4207//916
f 4890//916 4224//916 4216//916
f 4217//916 4892//916 4209//916
f 4906//916 4226//916 4218//916
f 4219//916 4908//916 4211//916
f 4907//916 4228//916 4220//916
f 4221//916 80//916 4213//916
f 3356//916 4230//916 4222//916
f 4223//916 4891//916 4215//916
f 4890//916 4232//916 4224//916
f 4225//916 4892//916 4217//916
f 4906//916 4234//916 4226//916
f 4227//916 4908//916 4219//916
f 4907//916 4236//916 4228//916
f 4229//916 80//916 4221//916
f 4231//916 4891//916 4223//916
f 4890//916 4240//916 4232//916
f 4233//916 4892//916 4225//916
f 4906//916 4242//916 4234//916
f 4235//916 4908//916 4227//916
f 4907//916 4244//916 4236//916
f 4237//916 80//916 4229//916
f 4909//916 4238//916 4230//916
f 3356//916 4909//916 4230//916
f 4909//916 4246//916 4238//916
f 4239//916 4891//916 4231//916
f 4890//916 4247//916 4240//916
f 4241//916 4892//916 4233//916
f 4906//916 4249//916 4242//916
f 4243//916 4908//916 4235//916
f 4907//916 4251//916 4244//916
f 4245//916 80//916 4237//916
f 4909//916 4253//916 4246//916
f 4910//916 4891//916 4239//916
f 4890//916 4256//916 4247//916
f 4248//916 4892//916 4241//916
f 4906//916 4258//916 4249//916
f 4250//916 4908//916 4243//916
f 4252//916 80//916 4245//916
f 4255//916 4910//916 4239//916
f 4911//916 4260//916 4251//916
f 4907//916 4911//916 4251//916
f 4909//916 4262//916 4253//916
f 4254//916 4910//916 4255//916
f 4890//916 4264//916 4256//916
f 4257//916 4892//916 4248//916
f 4906//916 4266//916 4258//916
f 4259//916 4908//916 4250//916
f 4911//916 4268//916 4260//916
f 4912//916 80//916 4252//916
f 4261//916 4912//916 4252//916
f 4909//916 4270//916 4262//916
f 4263//916 4910//916 4254//916
f 4890//916 4272//916 4264//916
f 4265//916 4892//916 4257//916
f 4906//916 4274//916 4266//916
f 4267//916 4908//916 4259//916
f 4911//916 4276//916 4268//916
f 4269//916 4912//916 4261//916
f 4909//916 4271//916 4270//916
f 4271//916 4910//916 4263//916
f 4890//916 4273//916 4272//916
f 4273//916 4892//916 4265//916
f 4906//916 4275//916 4274//916
f 4906//916 4908//916 4267//916
f 4275//916 4906//916 4267//916
f 4911//916 4277//916 4276//916
f 4277//916 4912//916 4269//916
f 4911//916 4912//916 4277//916
f 4909//916 4910//916 4271//916
f 4890//916 4892//916 4273//916
f 4913//916 4909//916 3356//916
f 3355//916 4913//916 3356//916
f 4914//916 4910//916 4909//916
f 4913//916 4914//916 4909//916
f 4915//916 4891//916 4910//916
f 4914//916 4915//916 4910//916
f 4916//916 4890//916 4891//916
f 4915//916 4916//916 4891//916
f 4917//916 4892//916 4890//916
f 4916//916 4917//916 4890//916
f 4918//916 4893//916 4892//916
f 4917//916 4918//916 4892//916
f 4919//916 4894//916 4893//916
f 4918//916 4919//916 4893//916
f 4589//916 4587//916 4894//916
f 4587//916 4586//916 4894//916
f 4586//916 4585//916 4894//916
f 4585//916 4895//916 4894//916
f 4919//916 4589//916 4894//916
f 4585//916 4584//916 4895//916
f 4584//916 4588//916 4895//916
f 4588//916 4920//916 4895//916
f 4920//916 4921//916 4895//916
f 4921//916 4896//916 4895//916
f 4921//916 4922//916 4896//916
f 4922//916 4897//916 4896//916
f 4922//916 4923//916 4897//916
f 4923//916 4898//916 4897//916
f 4923//916 4924//916 4898//916
f 4924//916 4899//916 4898//916
f 4924//916 4925//916 4899//916
f 4925//916 4900//916 4899//916
f 4925//916 4926//916 4900//916
f 4926//916 4901//916 4900//916
f 4926//916 4927//916 4901//916
f 4927//916 4902//916 4901//916
f 4927//916 4928//916 4902//916
f 4928//916 4903//916 4902//916
f 4928//916 4929//916 4903//916
f 4929//916 4904//916 4903//916
f 4929//916 4930//916 4904//916
f 4930//916 4905//916 4904//916
f 4930//916 4931//916 4905//916
f 4931//916 4906//916 4905//916
f 4931//916 4932//916 4906//916
f 4932//916 4908//916 4906//916
f 4932//916 4933//916 4908//916
f 4933//916 4907//916 4908//916
f 4933//916 4934//916 4907//916
f 4934//916 4911//916 4907//916
f 4934//916 4935//916 4911//916
f 4935//916 4912//916 4911//916
f 4935//916 81//916 4912//916
f 81//916 80//916 4912//916
f 4590//916 4920//916 4588//916
f 4919//916 4591//916 4589//916
f 4936//916 4913//916 3355//916
f 3354//916 4936//916 3355//916
f 4937//916 4914//916 4913//916
f 4936//916 4937//916 4913//916
f 4938//916 4915//916 4914//916
f 4937//916 4938//916 4914//916
f 4939//916 4916//916 4915//916
f 4938//916 4939//916 4915//916
f 4940//916 4917//916 4916//916
f 4939//916 4940//916 4916//916
f 4941//916 4918//916 4917//916
f 4940//916 4941//916 4917//916
f 4942//916 4919//916 4918//916
f 4941//916 4942//916 4918//916
f 4593//916 4591//916 4919//916
f 4942//916 4593//916 4919//916
f 4590//916 4592//916 4920//916
f 4943//916 4921//916 4920//916
f 4944//916 4943//916 4920//916
f 4592//916 4944//916 4920//916
f 4945//916 4922//916 4921//916
f 4943//916 4945//916 4921//916
f 4946//916 4923//916 4922//916
f 4945//916 4946//916 4922//916
f 4947//916 4924//916 4923//916
f 4946//916 4947//916 4923//916
f 4948//916 4925//916 4924//916
f 4947//916 4948//916 4924//916
f 4949//916 4926//916 4925//916
f 4948//916 4949//916 4925//916
f 4950//916 4927//916 4926//916
f 4949//916 4950//916 4926//916
f 4951//916 4928//916 4927//916
f 4950//916 4951//916 4927//916
f 4952//916 4929//916 4928//916
f 4951//916 4952//916 4928//916
f 4953//916 4930//916 4929//916
f 4952//916 4953//916 4929//916
f 4954//916 4931//916 4930//916
f 4953//916 4954//916 4930//916
f 4955//916 4932//916 4931//916
f 4954//916 4955//916 4931//916
f 4681//916 4676//916 4932//916
f 4676//916 4673//916 4932//916
f 4673//916 4667//916 4932//916
f 4667//916 4933//916 4932//916
f 4955//916 4681//916 4932//916
f 4667//916 4665//916 4933//916
f 4665//916 4664//916 4933//916
f 4664//916 4671//916 4933//916
f 4671//916 4934//916 4933//916
f 4671//916 4675//916 4934//916
f 4956//916 4935//916 4934//916
f 4957//916 4956//916 4934//916
f 4675//916 4957//916 4934//916
f 4678//916 4674//916 4935//916
f 4674//916 4669//916 4935//916
f 4669//916 4668//916 4935//916
f 4668//916 4666//916 4935//916
f 4666//916 81//916 4935//916
f 4956//916 4678//916 4935//916
f 4666//916 4670//916 81//916
f 4672//916 4677//916 81//916
f 4677//916 82//916 81//916
f 4670//916 4672//916 81//916
f 4942//916 4594//916 4593//916
f 4595//916 4944//916 4592//916
f 4942//916 4596//916 4594//916
f 4597//916 4944//916 4595//916
f 4942//916 4598//916 4596//916
f 4942//916 4944//916 4597//916
f 4598//916 4942//916 4597//916
f 4679//916 4957//916 4675//916
f 4956//916 4682//916 4678//916
f 4680//916 82//916 4677//916
f 19//916 4936//916 3354//916
f 19//916 85//916 4936//916
f 4958//916 4937//916 4936//916
f 4959//916 4958//916 4936//916
f 85//916 4959//916 4936//916
f 4960//916 4938//916 4937//916
f 4958//916 4960//916 4937//916
f 4961//916 4939//916 4938//916
f 4960//916 4961//916 4938//916
f 4962//916 4940//916 4939//916
f 4961//916 4962//916 4939//916
f 4963//916 4941//916 4940//916
f 4962//916 4963//916 4940//916
f 4964//916 4942//916 4941//916
f 4963//916 4964//916 4941//916
f 4965//916 4944//916 4942//916
f 4964//916 4965//916 4942//916
f 4966//916 4943//916 4944//916
f 4965//916 4966//916 4944//916
f 4967//916 4945//916 4943//916
f 4966//916 4967//916 4943//916
f 4600//916 4946//916 4945//916
f 4967//916 4600//916 4945//916
f 2170//916 2168//916 4946//916
f 3649//916 3646//916 4946//916
f 3646//916 3645//916 4946//916
f 2164//916 4947//916 4946//916
f 2166//916 2164//916 4946//916
f 2168//916 2166//916 4946//916
f 2172//916 2170//916 4946//916
f 3645//916 2172//916 4946//916
f 4600//916 3649//916 4946//916
f 4968//916 3650//916 4947//916
f 3650//916 4948//916 4947//916
f 2164//916 2163//916 4947//916
f 2163//916 2162//916 4947//916
f 2162//916 2165//916 4947//916
f 2165//916 2167//916 4947//916
f 2167//916 2169//916 4947//916
f 2169//916 2171//916 4947//916
f 2171//916 4968//916 4947//916
f 3650//916 3648//916 4948//916
f 3648//916 3647//916 4948//916
f 4969//916 4949//916 4948//916
f 4970//916 4969//916 4948//916
f 3647//916 4970//916 4948//916
f 4971//916 4950//916 4949//916
f 4969//916 4971//916 4949//916
f 4972//916 4951//916 4950//916
f 4971//916 4972//916 4950//916
f 4973//916 4952//916 4951//916
f 4972//916 4973//916 4951//916
f 4974//916 4953//916 4952//916
f 4973//916 4974//916 4952//916
f 4975//916 4954//916 4953//916
f 4974//916 4975//916 4953//916
f 4976//916 4955//916 4954//916
f 4975//916 4976//916 4954//916
f 4976//916 4681//916 4955//916
f 4679//916 4683//916 4957//916
f 4977//916 4956//916 4957//916
f 4978//916 4977//916 4957//916
f 4683//916 4978//916 4957//916
f 4688//916 4687//916 4956//916
f 4687//916 4682//916 4956//916
f 4977//916 4688//916 4956//916
f 79//916 82//916 4680//916
f 4976//916 4685//916 4681//916
f 86//916 77//916 4680//916
f 77//916 79//916 4680//916
f 4684//916 86//916 4680//916
f 4686//916 4978//916 4683//916
f 4976//916 4690//916 4685//916
f 4979//916 4978//916 4686//916
f 4689//916 86//916 4684//916
f 4691//916 4979//916 4686//916
f 4977//916 4693//916 4688//916
f 4692//916 86//916 4689//916
f 4977//916 86//916 4692//916
f 4979//916 4694//916 4690//916
f 4976//916 4979//916 4690//916
f 4694//916 4979//916 4691//916
f 4695//916 4977//916 4692//916
f 4977//916 4695//916 4693//916
f 84//916 4959//916 85//916
f 2217//916 4959//916 84//916
f 4980//916 4958//916 4959//916
f 4981//916 4980//916 4959//916
f 2217//916 4981//916 4959//916
f 4982//916 4960//916 4958//916
f 4980//916 4982//916 4958//916
f 4983//916 4961//916 4960//916
f 4982//916 4983//916 4960//916
f 4984//916 4962//916 4961//916
f 4983//916 4984//916 4961//916
f 4985//916 4963//916 4962//916
f 4984//916 4985//916 4962//916
f 4986//916 4964//916 4963//916
f 4985//916 4986//916 4963//916
f 4987//916 4965//916 4964//916
f 4986//916 4987//916 4964//916
f 4988//916 4966//916 4965//916
f 4987//916 4988//916 4965//916
f 4989//916 4967//916 4966//916
f 4988//916 4989//916 4966//916
f 4607//916 4606//916 4967//916
f 4606//916 4604//916 4967//916
f 4602//916 4600//916 4967//916
f 4604//916 4602//916 4967//916
f 4989//916 4607//916 4967//916
f 4599//916 3649//916 4600//916
f 4599//916 4601//916 3649//916
f 4601//916 3651//916 3649//916
f 3653//916 2172//916 3645//916
f 3652//916 3658//916 2172//916
f 3658//916 3662//916 2172//916
f 3662//916 2173//916 2172//916
f 3653//916 3652//916 2172//916
f 2175//916 4968//916 2171//916
f 3667//916 3663//916 4968//916
f 3663//916 3659//916 4968//916
f 3659//916 3654//916 4968//916
f 3654//916 3650//916 4968//916
f 4990//916 3672//916 4968//916
f 3672//916 3673//916 4968//916
f 3673//916 3667//916 4968//916
f 2175//916 2174//916 4968//916
f 2174//916 2182//916 4968//916
f 2182//916 2188//916 4968//916
f 2188//916 4990//916 4968//916
f 3656//916 4970//916 3647//916
f 3656//916 3655//916 4970//916
f 3655//916 3660//916 4970//916
f 3660//916 3664//916 4970//916
f 3664//916 3668//916 4970//916
f 4991//916 4969//916 4970//916
f 4992//916 4991//916 4970//916
f 3668//916 4992//916 4970//916
f 4993//916 4971//916 4969//916
f 4991//916 4993//916 4969//916
f 4994//916 4972//916 4971//916
f 4993//916 4994//916 4971//916
f 4995//916 4973//916 4972//916
f 4994//916 4995//916 4972//916
f 4996//916 4974//916 4973//916
f 4995//916 4996//916 4973//916
f 4997//916 4975//916 4974//916
f 4996//916 4997//916 4974//916
f 4998//916 4976//916 4975//916
f 4997//916 4998//916 4975//916
f 4999//916 4979//916 4976//916
f 4998//916 4999//916 4976//916
f 5000//916 4978//916 4979//916
f 4999//916 5000//916 4979//916
f 5001//916 4977//916 4978//916
f 5000//916 5001//916 4978//916
f 5001//916 86//916 4977//916
f 5001//916 95//916 86//916
f 3662//916 2181//916 2173//916
f 4601//916 3657//916 3651//916
f 3661//916 3657//916 4601//916
f 4603//916 3661//916 4601//916
f 3662//916 2186//916 2181//916
f 4605//916 3661//916 4603//916
f 3662//916 2195//916 2186//916
f 4605//916 3665//916 3661//916
f 4608//916 3665//916 4605//916
f 3666//916 2203//916 2195//916
f 3662//916 3666//916 2195//916
f 2197//916 4990//916 2188//916
f 4989//916 4610//916 4607//916
f 4609//916 3665//916 4608//916
f 3671//916 2211//916 2203//916
f 3666//916 3671//916 2203//916
f 2205//916 4990//916 2197//916
f 4989//916 4611//916 4610//916
f 3670//916 3665//916 4609//916
f 4612//916 3670//916 4609//916
f 3671//916 2278//916 2211//916
f 2246//916 4990//916 2205//916
f 3669//916 3670//916 4612//916
f 4989//916 4613//916 4611//916
f 4989//916 5002//916 4613//916
f 4614//916 5002//916 4612//916
f 5002//916 3669//916 4612//916
f 5002//916 4614//916 4613//916
f 3671//916 2290//916 2278//916
f 2280//916 4990//916 2246//916
f 3674//916 4992//916 3668//916
f 3671//916 2291//916 2290//916
f 2293//916 4990//916 2280//916
f 91//916 4981//916 2217//916
f 5003//916 4980//916 4981//916
f 5004//916 5003//916 4981//916
f 91//916 5004//916 4981//916
f 5005//916 4982//916 4980//916
f 5003//916 5005//916 4980//916
f 5006//916 4983//916 4982//916
f 5005//916 5006//916 4982//916
f 5007//916 4984//916 4983//916
f 5006//916 5007//916 4983//916
f 5008//916 4985//916 4984//916
f 5007//916 5008//916 4984//916
f 5009//916 4986//916 4985//916
f 5008//916 5009//916 4985//916
f 5010//916 4987//916 4986//916
f 5009//916 5010//916 4986//916
f 5011//916 4988//916 4987//916
f 5010//916 5011//916 4987//916
f 5012//916 4989//916 4988//916
f 5011//916 5012//916 4988//916
f 5013//916 5002//916 4989//916
f 5012//916 5013//916 4989//916
f 3685//916 3681//916 5002//916
f 3675//916 3669//916 5002//916
f 3681//916 3675//916 5002//916
f 5013//916 3685//916 5002//916
f 3677//916 2291//916 3671//916
f 3677//916 3676//916 2291//916
f 5014//916 4990//916 2293//916
f 3683//916 3678//916 4990//916
f 3678//916 3672//916 4990//916
f 5014//916 3688//916 4990//916
f 3688//916 3683//916 4990//916
f 3680//916 4992//916 3674//916
f 3680//916 3679//916 4992//916
f 5015//916 4991//916 4992//916
f 5016//916 5015//916 4992//916
f 3679//916 5016//916 4992//916
f 5017//916 4993//916 4991//916
f 5015//916 5017//916 4991//916
f 5018//916 4994//916 4993//916
f 5017//916 5018//916 4993//916
f 5019//916 4995//916 4994//916
f 5018//916 5019//916 4994//916
f 5020//916 4996//916 4995//916
f 5019//916 5020//916 4995//916
f 5021//916 4997//916 4996//916
f 5020//916 5021//916 4996//916
f 5022//916 4998//916 4997//916
f 5021//916 5022//916 4997//916
f 5023//916 4999//916 4998//916
f 5022//916 5023//916 4998//916
f 5024//916 5000//916 4999//916
f 5023//916 5024//916 4999//916
f 5025//916 5001//916 5000//916
f 5024//916 5025//916 5000//916
f 92//916 95//916 5001//916
f 5025//916 92//916 5001//916
f 3687//916 2307//916 2291//916
f 3676//916 3682//916 2291//916
f 3682//916 3687//916 2291//916
f 2304//916 5014//916 2293//916
f 3687//916 2315//916 2307//916
f 2309//916 5014//916 2304//916
f 3687//916 2319//916 2315//916
f 2317//916 5014//916 2309//916
f 3687//916 2320//916 2319//916
f 2320//916 5014//916 2317//916
f 3687//916 5014//916 2320//916
f 3684//916 5016//916 3679//916
f 89//916 5004//916 91//916
f 5025//916 102//916 92//916
f 5013//916 3686//916 3685//916
f 5014//916 3689//916 3688//916
f 3690//916 5016//916 3684//916
f 97//916 4342//916 89//916
f 4342//916 4334//916 89//916
f 4334//916 4318//916 89//916
f 4318//916 5004//916 89//916
f 4311//916 4302//916 5004//916
f 4319//916 4311//916 5004//916
f 4302//916 4294//916 5004//916
f 4294//916 4286//916 5004//916
f 4286//916 5003//916 5004//916
f 4318//916 4319//916 5004//916
f 4278//916 4287//916 5003//916
f 4287//916 4295//916 5003//916
f 4295//916 4303//916 5003//916
f 4303//916 5005//916 5003//916
f 4286//916 4279//916 5003//916
f 4279//916 4278//916 5003//916
f 4312//916 4320//916 5005//916
f 4320//916 4327//916 5005//916
f 4327//916 4335//916 5005//916
f 4335//916 4343//916 5005//916
f 4303//916 4312//916 5005//916
f 2784//916 5006//916 5005//916
f 136//916 2784//916 5005//916
f 4343//916 136//916 5005//916
f 4313//916 4304//916 5006//916
f 4304//916 4296//916 5006//916
f 4352//916 4344//916 5006//916
f 4344//916 4336//916 5006//916
f 4296//916 4288//916 5006//916
f 4288//916 4281//916 5006//916
f 4281//916 5007//916 5006//916
f 4336//916 4328//916 5006//916
f 4328//916 4321//916 5006//916
f 4321//916 4313//916 5006//916
f 3537//916 4352//916 5006//916
f 2784//916 3537//916 5006//916
f 4289//916 4297//916 5007//916
f 4297//916 4305//916 5007//916
f 4305//916 4314//916 5007//916
f 4281//916 4280//916 5007//916
f 4280//916 4289//916 5007//916
f 4314//916 4322//916 5007//916
f 4322//916 4329//916 5007//916
f 4329//916 4337//916 5007//916
f 3539//916 5008//916 5007//916
f 3453//916 3539//916 5007//916
f 4337//916 3453//916 5007//916
f 3796//916 5009//916 5008//916
f 3539//916 3796//916 5008//916
f 4617//916 4615//916 5009//916
f 4615//916 5010//916 5009//916
f 4623//916 4621//916 5009//916
f 4621//916 4619//916 5009//916
f 4619//916 4617//916 5009//916
f 3796//916 4623//916 5009//916
f 3454//916 5011//916 5010//916
f 3540//916 3454//916 5010//916
f 4615//916 4616//916 5010//916
f 4616//916 4618//916 5010//916
f 4618//916 4620//916 5010//916
f 4620//916 4622//916 5010//916
f 4622//916 3540//916 5010//916
f 2796//916 5012//916 5011//916
f 3454//916 2796//916 5011//916
f 3457//916 5013//916 5012//916
f 3456//916 3457//916 5012//916
f 2796//916 3456//916 5012//916
f 3697//916 3691//916 5013//916
f 3691//916 3686//916 5013//916
f 3457//916 3697//916 5013//916
f 3488//916 5014//916 3687//916
f 3693//916 3488//916 3687//916
f 3694//916 3689//916 5014//916
f 3488//916 3699//916 5014//916
f 3699//916 3694//916 5014//916
f 3696//916 5016//916 3690//916
f 2823//916 5015//916 5016//916
f 3459//916 2823//916 5016//916
f 3696//916 3459//916 5016//916
f 3489//916 5017//916 5015//916
f 3460//916 3489//916 5015//916
f 2823//916 3460//916 5015//916
f 3797//916 5018//916 5017//916
f 3489//916 3797//916 5017//916
f 3544//916 5019//916 5018//916
f 3797//916 3544//916 5018//916
f 3461//916 5020//916 5019//916
f 3544//916 3461//916 5019//916
f 3463//916 5021//916 5020//916
f 3461//916 3463//916 5020//916
f 4315//916 4306//916 5021//916
f 4306//916 4298//916 5021//916
f 4354//916 4346//916 5021//916
f 4346//916 4338//916 5021//916
f 4298//916 4290//916 5021//916
f 4290//916 4283//916 5021//916
f 4283//916 5022//916 5021//916
f 4338//916 4330//916 5021//916
f 4330//916 4323//916 5021//916
f 4323//916 4315//916 5021//916
f 3463//916 4354//916 5021//916
f 4291//916 4299//916 5022//916
f 4299//916 4307//916 5022//916
f 4307//916 4316//916 5022//916
f 4283//916 4282//916 5022//916
f 4282//916 4291//916 5022//916
f 4316//916 4324//916 5022//916
f 4324//916 4331//916 5022//916
f 4331//916 4339//916 5022//916
f 2846//916 5023//916 5022//916
f 3490//916 2846//916 5022//916
f 4339//916 3490//916 5022//916
f 4308//916 5024//916 5023//916
f 4340//916 4332//916 5023//916
f 4332//916 4325//916 5023//916
f 4325//916 4308//916 5023//916
f 138//916 4356//916 5023//916
f 4356//916 4348//916 5023//916
f 4348//916 4340//916 5023//916
f 2845//916 138//916 5023//916
f 2846//916 2845//916 5023//916
f 4300//916 5025//916 5024//916
f 4309//916 4300//916 5024//916
f 4308//916 4309//916 5024//916
f 4292//916 4284//916 5025//916
f 4284//916 4285//916 5025//916
f 4285//916 4293//916 5025//916
f 4300//916 4292//916 5025//916
f 4293//916 102//916 5025//916
f 4310//916 4317//916 102//916
f 4301//916 4310//916 102//916
f 4317//916 4326//916 102//916
f 4326//916 4333//916 102//916
f 4333//916 99//916 102//916
f 4293//916 4301//916 102//916
f 3692//916 3488//916 3693//916
f 3695//916 3459//916 3696//916
f 3457//916 3701//916 3697//916
f 2817//916 3488//916 3692//916
f 3698//916 2817//916 3692//916
f 3488//916 3703//916 3699//916
f 3700//916 3459//916 3695//916
f 3457//916 3705//916 3701//916
f 3702//916 2817//916 3698//916
f 3488//916 3707//916 3703//916
f 3704//916 3459//916 3700//916
f 3457//916 3709//916 3705//916
f 3706//916 2817//916 3702//916
f 3488//916 3711//916 3707//916
f 3708//916 3459//916 3704//916
f 104//916 4350//916 97//916
f 4350//916 4342//916 97//916
f 4333//916 4341//916 99//916
f 4341//916 109//916 99//916
f 3457//916 3713//916 3709//916
f 3710//916 2817//916 3706//916
f 3488//916 3715//916 3711//916
f 3712//916 3459//916 3708//916
f 3457//916 3717//916 3713//916
f 3714//916 2817//916 3710//916
f 3488//916 3719//916 3715//916
f 3716//916 3459//916 3712//916
f 3457//916 3721//916 3717//916
f 3457//916 2817//916 3714//916
f 3718//916 3457//916 3714//916
f 3488//916 3723//916 3719//916
f 3720//916 3459//916 3716//916
f 3457//916 3722//916 3721//916
f 3722//916 3457//916 3718//916
f 3488//916 3724//916 3723//916
f 3724//916 3459//916 3720//916
f 3488//916 3459//916 3724//916
f 4345//916 3453//916 4337//916
f 4347//916 3490//916 4339//916
f 4349//916 109//916 4341//916
f 104//916 4358//916 4350//916
f 4351//916 136//916 4343//916
f 3537//916 4360//916 4352//916
f 4353//916 3453//916 4345//916
f 3463//916 4362//916 4354//916
f 4355//916 3490//916 4347//916
f 138//916 4364//916 4356//916
f 4357//916 109//916 4349//916
f 3796//916 4625//916 4623//916
f 4624//916 3540//916 4622//916
f 3796//916 4627//916 4625//916
f 4626//916 3540//916 4624//916
f 104//916 4366//916 4358//916
f 4359//916 136//916 4351//916
f 3537//916 4368//916 4360//916
f 4361//916 3453//916 4353//916
f 3463//916 4370//916 4362//916
f 4363//916 3490//916 4355//916
f 138//916 4372//916 4364//916
f 106//916 109//916 4357//916
f 4365//916 106//916 4357//916
f 111//916 4366//916 104//916
f 3796//916 4629//916 4627//916
f 4628//916 3540//916 4626//916
f 3796//916 4630//916 4629//916
f 3796//916 3540//916 4628//916
f 4630//916 3796//916 4628//916
f 111//916 4374//916 4366//916
f 4367//916 136//916 4359//916
f 3537//916 4376//916 4368//916
f 4369//916 3453//916 4361//916
f 3463//916 4378//916 4370//916
f 4371//916 3490//916 4363//916
f 138//916 4380//916 4372//916
f 112//916 106//916 4365//916
f 4373//916 112//916 4365//916
f 111//916 122//916 4374//916
f 4375//916 136//916 4367//916
f 3537//916 4384//916 4376//916
f 4377//916 3453//916 4369//916
f 3463//916 4386//916 4378//916
f 4379//916 3490//916 4371//916
f 138//916 4388//916 4380//916
f 4381//916 112//916 4373//916
f 126//916 4382//916 4374//916
f 127//916 126//916 4374//916
f 122//916 127//916 4374//916
f 126//916 4390//916 4382//916
f 4383//916 136//916 4375//916
f 3537//916 4391//916 4384//916
f 2788//916 3453//916 4377//916
f 4385//916 2788//916 4377//916
f 3463//916 4393//916 4386//916
f 4387//916 3490//916 4379//916
f 138//916 4395//916 4388//916
f 4389//916 112//916 4381//916
f 126//916 4397//916 4390//916
f 130//916 136//916 4383//916
f 3537//916 4400//916 4391//916
f 4392//916 2788//916 4385//916
f 2838//916 4402//916 4393//916
f 3463//916 2838//916 4393//916
f 4394//916 3490//916 4387//916
f 123//916 112//916 4389//916
f 4396//916 123//916 4389//916
f 4399//916 130//916 4383//916
f 2780//916 4404//916 4395//916
f 138//916 2780//916 4395//916
f 126//916 4406//916 4397//916
f 4398//916 130//916 4399//916
f 3537//916 4408//916 4400//916
f 4401//916 2788//916 4392//916
f 2838//916 4410//916 4402//916
f 4403//916 3490//916 4394//916
f 2780//916 4412//916 4404//916
f 4405//916 123//916 4396//916
f 126//916 4414//916 4406//916
f 4407//916 130//916 4398//916
f 3537//916 4416//916 4408//916
f 4409//916 2788//916 4401//916
f 2838//916 4418//916 4410//916
f 4411//916 3490//916 4403//916
f 2780//916 4420//916 4412//916
f 4413//916 128//916 4405//916
f 128//916 123//916 4405//916
f 126//916 4415//916 4414//916
f 131//916 130//916 4407//916
f 4415//916 131//916 4407//916
f 3537//916 4417//916 4416//916
f 4417//916 2788//916 4409//916
f 2838//916 4419//916 4418//916
f 4419//916 3490//916 4411//916
f 134//916 4421//916 4420//916
f 2780//916 134//916 4420//916
f 4421//916 128//916 4413//916
f 134//916 128//916 4421//916
f 126//916 131//916 4415//916
f 3537//916 2788//916 4417//916
f 2838//916 3490//916 4419//916
f 136//916 137//916 2784//916
f 139//916 138//916 2845//916
