# Blender v3.0.0 OBJ File: ''
# www.blender.org
mtllib Roll Arm Base.mtl
o /ambf/env/Roll_Arm_Base_Roll_Arm_Base
v -0.008455 -0.030195 0.059418
v 0.003849 -0.038262 0.059418
v -0.001291 -0.038434 0.059418
v -0.006408 -0.037919 0.059418
v 0.001282 -0.038434 0.079418
v -0.001288 -0.038348 0.079418
v -0.003858 -0.038262 0.079418
v 0.003840 -0.038177 0.079418
v 0.001060 -0.031811 0.110602
v 0.000690 -0.031895 0.110257
v 0.000089 -0.031955 0.110011
v 0.001591 -0.031624 0.111380
v -0.000427 -0.031933 0.110098
v -0.006394 -0.037835 0.079418
v -0.001133 -0.031793 0.110676
v -0.001624 -0.031613 0.111422
v -0.002005 -0.031420 0.112229
v -0.002627 -0.030977 0.114093
v -0.003068 -0.030526 0.116013
v 0.008445 -0.030195 0.059418
v 0.008920 -0.037407 0.059418
v 0.006399 -0.037919 0.079418
v -0.008455 -0.037432 0.059418
v 0.008900 -0.037323 0.079418
v 0.001995 -0.031420 0.112229
v 0.003479 -0.029921 0.118629
v 0.003059 -0.030527 0.116009
v 0.002618 -0.030976 0.114096
v 0.003995 -0.027956 0.127492
v 0.003937 -0.028633 0.124372
v 0.003754 -0.029324 0.121264
v 0.004466 -0.026466 0.133929
v 0.006800 -0.025998 0.133929
v -0.008930 -0.037407 0.079418
v -0.003492 -0.029915 0.118659
v -0.011411 -0.036727 0.059418
v -0.011386 -0.036645 0.079418
v -0.003764 -0.029324 0.121264
v -0.003947 -0.028633 0.124374
v -0.006810 -0.025998 0.133929
v -0.006239 -0.026112 0.133929
v 0.013832 -0.035883 0.059418
v 0.011402 -0.036727 0.079418
v 0.007947 -0.025598 0.133929
v -0.016211 -0.034879 0.059418
v -0.013842 -0.035883 0.079418
v 0.013802 -0.035803 0.079418
v -0.009655 -0.025005 0.133929
v -0.016175 -0.034801 0.079418
v 0.015897 -0.030179 0.059418
v 0.018498 -0.033718 0.059418
v 0.017425 -0.034284 0.066946
v 0.017082 -0.034456 0.067360
v 0.016811 -0.034589 0.067824
v 0.016612 -0.034685 0.068335
v 0.016492 -0.034742 0.068868
v 0.016452 -0.034761 0.069418
v 0.018753 -0.033575 0.066220
v 0.017823 -0.034079 0.066607
v 0.016810 -0.034590 0.071008
v 0.017082 -0.034456 0.071476
v 0.016492 -0.034742 0.069964
v 0.016612 -0.034685 0.070500
v 0.017454 -0.034269 0.071920
v 0.017823 -0.034079 0.072229
v 0.016201 -0.034879 0.079418
v 0.010870 -0.024577 0.133929
v -0.020721 -0.032407 0.059418
v -0.016819 -0.034590 0.067827
v -0.017092 -0.034456 0.067360
v -0.017432 -0.034286 0.066948
v -0.017832 -0.034079 0.066607
v -0.016461 -0.034761 0.069418
v -0.016502 -0.034742 0.068871
v -0.016622 -0.034685 0.068335
v -0.018279 -0.033842 0.066351
v -0.018760 -0.033578 0.066192
v 0.018498 -0.033718 0.072574
v 0.018456 -0.033643 0.079418
v -0.018507 -0.033718 0.079418
v -0.018760 -0.033578 0.072644
v -0.018282 -0.033841 0.072486
v -0.017832 -0.034079 0.072229
v -0.017434 -0.034284 0.071890
v -0.017092 -0.034456 0.071476
v -0.016821 -0.034589 0.071011
v -0.016622 -0.034685 0.070500
v -0.016502 -0.034742 0.069968
v -0.010880 -0.024577 0.133929
v -0.017029 -0.032643 0.069418
v 0.017020 -0.032643 0.069418
v 0.017103 -0.032595 0.069965
v -0.017113 -0.032595 0.068871
v -0.017113 -0.032595 0.069965
v 0.017103 -0.032595 0.068871
v 0.017344 -0.032456 0.070446
v -0.017353 -0.032456 0.068389
v -0.017353 -0.032456 0.070446
v 0.017344 -0.032456 0.068389
v -0.017722 -0.032243 0.068032
v -0.017722 -0.032243 0.070804
v 0.017712 -0.032243 0.068032
v 0.017712 -0.032243 0.070804
v -0.018174 -0.031982 0.067842
v -0.018174 -0.031982 0.070994
v -0.020675 -0.032335 0.079418
v -0.019745 -0.033010 0.072642
v -0.019247 -0.033302 0.072698
v -0.012899 -0.023484 0.133929
v 0.018165 -0.031982 0.070994
v 0.018165 -0.031982 0.067842
v 0.016799 -0.030258 0.059418
v 0.022833 -0.030951 0.059418
v 0.019736 -0.033010 0.066192
v 0.019245 -0.033298 0.066138
v 0.019247 -0.033297 0.072698
v 0.020711 -0.032407 0.079418
v 0.014471 -0.022629 0.133929
v -0.019254 -0.033298 0.066138
v -0.019745 -0.033010 0.066192
v -0.018655 -0.031704 0.067842
v 0.018646 -0.031704 0.067842
v 0.019736 -0.033010 0.072644
v 0.018646 -0.031704 0.070994
v -0.018655 -0.031704 0.070994
v -0.020213 -0.032726 0.072485
v -0.020213 -0.032726 0.066351
v 0.022782 -0.030882 0.079418
v 0.020204 -0.032725 0.072485
v 0.020202 -0.032726 0.066350
v 0.020634 -0.032457 0.066607
v 0.019098 -0.031443 0.068032
v -0.020639 -0.032459 0.066616
v -0.019108 -0.031443 0.068032
v -0.020721 -0.032407 0.072169
v -0.019108 -0.031443 0.070804
v 0.020634 -0.032457 0.072229
v 0.019098 -0.031443 0.070804
v -0.010498 -0.021331 0.069418
v -0.010585 -0.021289 0.068871
v 0.010489 -0.021331 0.069418
v 0.010576 -0.021289 0.069965
v -0.010585 -0.021289 0.069965
v 0.010824 -0.021163 0.070446
v 0.010576 -0.021289 0.068871
v 0.021011 -0.032214 0.071888
v 0.021010 -0.032214 0.066946
v -0.010834 -0.021163 0.070446
v -0.011211 -0.020966 0.068032
v -0.010834 -0.021163 0.068389
v 0.011202 -0.020966 0.070804
v 0.010824 -0.021163 0.068389
v -0.021340 -0.032004 0.071476
v -0.019476 -0.031230 0.070446
v -0.023723 -0.030195 0.059418
v -0.021340 -0.032004 0.067360
v -0.019476 -0.031230 0.068389
v -0.022842 -0.030951 0.079418
v -0.014671 -0.022525 0.133929
v -0.011211 -0.020966 0.070804
v -0.011670 -0.020715 0.067842
v 0.011660 -0.020715 0.070994
v 0.011202 -0.020966 0.068032
v 0.021330 -0.032004 0.067360
v 0.019467 -0.031230 0.068389
v 0.021330 -0.032004 0.071476
v 0.019467 -0.031230 0.070446
v -0.024806 -0.029291 0.079418
v -0.021590 -0.031836 0.071012
v -0.025125 -0.029101 0.059418
v -0.021591 -0.031835 0.067827
v 0.021581 -0.031835 0.071010
v 0.021581 -0.031835 0.067825
v -0.012151 -0.020438 0.070994
v -0.011670 -0.020715 0.070994
v 0.012141 -0.020438 0.067842
v 0.011660 -0.020715 0.067842
v 0.000690 -0.031895 0.079418
v -0.000699 -0.031895 0.079418
v -0.002005 -0.031420 0.079418
v -0.000378 -0.030073 0.079418
v 0.000369 -0.030073 0.079418
v 0.001995 -0.031420 0.079418
v 0.001070 -0.029818 0.079418
v -0.021773 -0.031711 0.070500
v -0.019717 -0.031091 0.069965
v 0.021763 -0.031711 0.068335
v 0.019707 -0.031091 0.068871
v 0.021763 -0.031711 0.070500
v 0.019707 -0.031091 0.069965
v -0.021773 -0.031711 0.068335
v -0.019717 -0.031091 0.068871
v -0.021882 -0.031636 0.069968
v -0.021882 -0.031636 0.068871
v 0.021873 -0.031636 0.069966
v 0.021873 -0.031636 0.068869
v -0.012151 -0.020438 0.067842
v -0.012597 -0.020166 0.068032
v 0.012141 -0.020438 0.070994
v -0.021919 -0.031610 0.069418
v -0.019800 -0.031043 0.069418
v 0.021909 -0.031610 0.069418
v 0.019791 -0.031043 0.069418
v -0.012597 -0.020166 0.070804
v -0.012957 -0.019938 0.068389
v 0.012947 -0.019938 0.070446
v 0.012588 -0.020166 0.070804
v 0.012588 -0.020166 0.068032
v -0.003069 -0.030527 0.079418
v -0.001080 -0.029818 0.079418
v 0.003059 -0.030527 0.079418
v 0.001642 -0.029338 0.079418
v -0.012957 -0.019938 0.070446
v -0.013189 -0.019785 0.068871
v 0.013180 -0.019785 0.069965
v 0.012947 -0.019938 0.068389
v -0.013189 -0.019785 0.069965
v -0.013270 -0.019731 0.069418
v 0.013260 -0.019731 0.069418
v 0.013180 -0.019785 0.068871
v -0.015922 -0.021562 0.133929
v 0.023727 -0.030195 0.059418
v 0.024852 -0.029356 0.079418
v 0.017337 -0.020464 0.133929
v -0.003764 -0.029324 0.079418
v -0.001652 -0.029338 0.079418
v 0.003754 -0.029324 0.079418
v 0.002016 -0.028691 0.079418
v -0.008455 -0.024787 0.059418
v -0.002025 -0.028691 0.059418
v -0.001652 -0.029338 0.059418
v -0.001080 -0.029818 0.059418
v -0.000378 -0.030073 0.059418
v -0.002025 -0.027220 0.059418
v -0.002155 -0.027956 0.059418
v 0.015207 -0.029278 0.059155
v 0.008445 -0.024787 0.059418
v 0.015030 -0.028276 0.059155
v 0.001070 -0.029818 0.059418
v 0.001642 -0.029338 0.059418
v 0.000369 -0.030073 0.059418
v 0.002016 -0.028691 0.059418
v 0.002145 -0.027956 0.059418
v 0.017370 -0.030050 0.059418
v 0.017783 -0.029278 0.059155
v 0.025116 -0.029021 0.059418
v 0.015335 -0.029508 0.059653
v 0.016495 -0.028535 0.064328
v 0.016758 -0.030027 0.063418
v 0.016232 -0.030027 0.063418
v 0.015738 -0.029847 0.063418
v 0.017253 -0.029847 0.063418
v 0.015335 -0.029508 0.063418
v 0.017656 -0.029508 0.063418
v 0.017656 -0.029508 0.059653
v 0.015072 -0.029053 0.059653
v 0.015072 -0.029053 0.063418
v 0.017919 -0.029053 0.063418
v 0.017919 -0.029053 0.059653
v -0.025125 -0.024787 0.059418
v 0.026700 -0.027569 0.079418
v 0.018077 -0.019894 0.133929
v -0.002025 -0.028691 0.079418
v -0.004005 -0.027956 0.079418
v 0.003995 -0.027956 0.079418
v 0.002145 -0.027956 0.079418
v -0.026770 -0.027630 0.079418
v -0.018086 -0.019894 0.133929
v 0.014980 -0.028535 0.059653
v 0.017960 -0.028793 0.059155
v -0.028558 -0.025781 0.059418
v 0.014980 -0.028535 0.063418
v 0.018010 -0.028535 0.063418
v 0.018010 -0.028535 0.059653
v 0.025116 -0.024787 0.059418
v 0.026760 -0.027630 0.059418
v -0.002155 -0.027956 0.079418
v -0.004005 -0.027956 0.127492
v 0.015072 -0.028016 0.059653
v 0.015072 -0.028016 0.063418
v 0.015335 -0.027561 0.063418
v 0.016232 -0.027043 0.063418
v 0.016758 -0.027043 0.063418
v 0.015738 -0.027223 0.063418
v 0.017656 -0.027561 0.063418
v 0.017919 -0.028016 0.063418
v 0.017253 -0.027223 0.063418
v 0.017919 -0.028016 0.059653
v 0.017960 -0.028276 0.059155
v 0.015335 -0.027561 0.059653
v 0.017656 -0.027561 0.059653
v 0.017451 -0.027395 0.059155
v -0.003946 -0.027274 0.130707
v -0.003764 -0.026588 0.079418
v -0.002025 -0.027220 0.079418
v 0.002016 -0.027220 0.079418
v 0.002016 -0.027220 0.059418
v 0.003937 -0.027273 0.130711
v 0.003754 -0.026588 0.079418
v 0.015539 -0.027395 0.059155
v -0.028495 -0.025723 0.079418
v -0.018677 -0.019266 0.133929
v 0.029332 -0.024787 0.059418
v 0.028549 -0.025781 0.079418
v 0.019898 -0.017955 0.133929
v 0.015738 -0.027223 0.059653
v 0.017253 -0.027223 0.059653
v 0.017004 -0.027137 0.059155
v 0.015986 -0.027137 0.059155
v -0.003771 -0.026607 0.133929
v 0.003761 -0.026607 0.133929
v 0.016232 -0.027043 0.059653
v 0.016758 -0.027043 0.059653
v -0.001652 -0.026574 0.079418
v -0.003069 -0.025385 0.079418
v -0.001652 -0.026574 0.059418
v 0.001642 -0.026574 0.079418
v 0.001642 -0.026574 0.059418
v -0.006619 -0.025269 0.134418
v -0.003432 -0.025894 0.134418
v 0.003059 -0.025385 0.079418
v 0.003423 -0.025894 0.134418
v -0.001080 -0.026094 0.079418
v -0.002005 -0.024492 0.079418
v -0.001080 -0.026094 0.059418
v 0.001070 -0.026094 0.079418
v 0.001070 -0.026094 0.059418
v 0.006610 -0.025269 0.134418
v -0.000378 -0.025838 0.079418
v -0.000699 -0.024016 0.079418
v -0.000378 -0.025838 0.059418
v 0.000369 -0.025838 0.079418
v 0.000369 -0.025838 0.059418
v 0.001995 -0.024492 0.079418
v -0.003069 -0.025385 0.134418
v 0.009060 -0.022515 0.134418
v 0.003059 -0.025385 0.134418
v 0.000690 -0.024016 0.079418
v -0.029343 -0.024787 0.059418
v 0.030142 -0.023763 0.079418
v 0.029269 -0.020395 0.092581
v 0.028537 -0.020456 0.095226
v 0.027879 -0.020395 0.097898
v 0.027190 -0.020209 0.101029
v 0.026574 -0.019920 0.104164
v 0.026006 -0.019522 0.107426
v -0.030220 -0.023816 0.079418
v -0.021038 -0.016752 0.133929
v 0.010566 -0.023888 0.134418
v -0.003093 -0.024071 0.134418
v -0.007124 -0.023203 0.134418
v -0.002005 -0.024492 0.134418
v 0.005117 -0.023723 0.134418
v 0.001995 -0.024492 0.134418
v -0.010576 -0.023888 0.134418
v -0.031746 -0.021745 0.059418
v -0.029659 -0.018318 0.059418
v -0.028957 -0.018573 0.059418
v -0.019734 -0.013290 0.059418
v -0.017196 -0.016433 0.059418
v -0.014164 -0.019101 0.059418
v -0.010725 -0.021219 0.059418
v -0.025125 0.000044 0.059418
v -0.023049 -0.005956 0.059418
v -0.021703 -0.009764 0.059418
v -0.027509 -0.018318 0.059418
v -0.026937 -0.017838 0.059418
v -0.026563 -0.017191 0.059418
v -0.026434 -0.016456 0.059418
v -0.028210 -0.018573 0.059418
v -0.006978 -0.022724 0.059418
v -0.003029 -0.023575 0.059418
v 0.001006 -0.023747 0.059418
v -0.008455 -0.022131 0.059418
v 0.008874 -0.022051 0.059418
v 0.005012 -0.023234 0.059418
v 0.018522 -0.014915 0.059418
v 0.020784 -0.011569 0.059418
v 0.015728 -0.017831 0.059418
v 0.022447 -0.007889 0.059418
v 0.023465 -0.003980 0.059418
v 0.025116 0.000044 0.059418
v 0.012480 -0.020233 0.059418
v 0.027499 -0.018318 0.059418
v 0.028201 -0.018573 0.059418
v 0.026927 -0.017838 0.059418
v 0.026424 -0.016456 0.059418
v 0.026554 -0.017191 0.059418
v 0.030210 -0.023816 0.059418
v -0.001448 -0.024225 0.134418
v 0.001022 -0.024109 0.134283
v -0.000699 -0.024016 0.134176
v -0.003029 -0.023575 0.133918
v 0.005012 -0.023234 0.133918
v 0.001006 -0.023747 0.133918
v -0.000004 -0.023956 0.134105
v -0.010950 -0.021665 0.134418
v -0.014261 -0.021894 0.134418
v 0.012742 -0.020659 0.134418
v 0.014251 -0.021894 0.134418
v -0.031675 -0.021696 0.079418
v -0.031342 -0.019352 0.087161
v -0.031648 -0.019027 0.086732
v -0.029885 -0.020238 0.090648
v -0.030584 -0.019920 0.088741
v -0.031069 -0.019590 0.087659
v -0.027889 -0.020395 0.097898
v -0.028546 -0.020456 0.095229
v -0.029278 -0.020395 0.092581
v -0.026014 -0.019521 0.107431
v -0.026584 -0.019920 0.104164
v -0.027201 -0.020209 0.101021
v 0.028947 -0.018573 0.059418
v 0.029649 -0.018318 0.059418
v 0.033121 -0.019576 0.059418
v 0.031736 -0.021745 0.079418
v 0.029624 -0.020292 0.091472
v 0.008874 -0.022051 0.133918
v -0.006978 -0.022724 0.133918
v -0.010725 -0.021219 0.133918
v 0.017571 -0.019337 0.134418
v 0.012480 -0.020233 0.133918
v -0.014462 -0.019503 0.134418
v -0.017580 -0.019337 0.134418
v 0.016058 -0.018206 0.134418
v -0.034367 -0.017320 0.059418
v -0.030604 -0.017191 0.059418
v -0.030231 -0.017838 0.059418
v -0.033130 -0.019576 0.079418
v 0.033047 -0.019532 0.079418
v 0.032085 -0.018373 0.086482
v 0.031638 -0.019027 0.086732
v 0.031333 -0.019352 0.087161
v 0.030930 -0.019688 0.087923
v 0.030574 -0.019920 0.088741
v 0.030086 -0.020159 0.090036
v -0.014164 -0.019101 0.133918
v 0.015728 -0.017831 0.133918
v 0.027879 -0.020395 0.079418
v -0.027889 -0.020395 0.079418
v -0.029278 -0.020395 0.079418
v -0.030584 -0.019920 0.079418
v -0.028957 -0.018573 0.079418
v -0.028210 -0.018573 0.079418
v -0.026584 -0.019920 0.079418
v -0.027509 -0.018318 0.079418
v 0.026574 -0.019920 0.079418
v 0.029269 -0.020395 0.079418
v 0.028201 -0.018573 0.079418
v 0.028947 -0.018573 0.079418
v 0.030574 -0.019920 0.079418
v 0.029649 -0.018318 0.079418
v -0.031648 -0.019027 0.079418
v -0.029659 -0.018318 0.079418
v -0.025519 -0.019027 0.079418
v -0.026937 -0.017838 0.079418
v 0.025510 -0.019027 0.079418
v 0.027499 -0.018318 0.079418
v 0.031638 -0.019027 0.079418
v 0.030221 -0.017838 0.079418
v 0.020440 -0.016282 0.134418
v -0.034290 -0.017281 0.079418
v -0.031981 -0.018567 0.086485
v 0.030419 -0.017218 0.059418
v 0.035440 -0.014986 0.059418
v 0.030221 -0.017838 0.059418
v 0.034357 -0.017320 0.079418
v 0.025510 -0.019027 0.110691
v -0.025519 -0.019027 0.110691
v -0.017557 -0.016778 0.134418
v -0.020449 -0.016282 0.134418
v 0.018911 -0.015229 0.134418
v -0.017196 -0.016433 0.133918
v -0.032342 -0.017824 0.079418
v -0.030231 -0.017838 0.079418
v -0.025133 -0.018479 0.113688
v -0.024825 -0.017824 0.079418
v -0.026563 -0.017191 0.079418
v 0.025123 -0.018479 0.113689
v 0.024815 -0.017824 0.079418
v 0.026927 -0.017838 0.079418
v 0.032333 -0.017824 0.079418
v 0.030594 -0.017191 0.079418
v -0.024825 -0.017824 0.116676
v 0.024815 -0.017824 0.116676
v -0.035450 -0.014986 0.079418
v -0.032235 -0.018089 0.086566
v 0.018522 -0.014915 0.133918
v 0.032333 -0.017824 0.086732
v 0.024679 -0.017368 0.118442
v 0.021028 -0.016752 0.133929
v -0.030604 -0.017191 0.079418
v 0.026554 -0.017191 0.079418
v -0.032471 -0.017397 0.087161
v -0.032584 -0.016456 0.079418
v -0.024655 -0.017210 0.118996
v -0.024584 -0.016456 0.079418
v -0.026434 -0.016456 0.079418
v 0.024574 -0.016456 0.079418
v 0.032462 -0.017397 0.087160
v 0.032574 -0.016456 0.079418
v 0.030724 -0.016456 0.079418
v 0.032531 -0.017040 0.087660
v -0.032561 -0.016879 0.087925
v 0.024593 -0.016841 0.120193
v -0.034619 -0.016724 0.059418
v -0.030734 -0.016456 0.059418
v 0.035361 -0.014952 0.079418
v 0.032574 -0.016456 0.088741
v 0.032498 -0.015680 0.090681
v -0.024584 -0.016456 0.121284
v -0.030734 -0.016456 0.079418
v 0.026424 -0.016456 0.079418
v 0.030724 -0.016456 0.059418
v -0.032584 -0.016456 0.088741
v 0.022115 -0.015141 0.133929
v 0.024574 -0.016456 0.121284
v -0.020148 -0.013570 0.134418
v -0.036374 -0.012585 0.059418
v -0.034619 0.000044 0.059418
v -0.030231 -0.015074 0.059418
v -0.030604 -0.015720 0.059418
v -0.023131 -0.013651 0.133929
v -0.024969 -0.014742 0.124054
v -0.024693 -0.015527 0.123237
v -0.024605 -0.016039 0.122281
v -0.022793 -0.012809 0.134418
v -0.032511 -0.015695 0.090637
v -0.032342 -0.015088 0.079418
v -0.030604 -0.015720 0.079418
v -0.026563 -0.015720 0.079418
v -0.026830 -0.015443 0.059418
v -0.024825 -0.015088 0.079418
v 0.024616 -0.015880 0.122610
v 0.024815 -0.015088 0.079418
v 0.026554 -0.015720 0.079418
v 0.026554 -0.015720 0.059418
v 0.030594 -0.015720 0.079418
v 0.030594 -0.015720 0.059418
v 0.032333 -0.015088 0.079418
v -0.019734 -0.013290 0.133918
v 0.021220 -0.011813 0.134418
v 0.022784 -0.012809 0.134418
v 0.024683 -0.015526 0.123238
v -0.030231 -0.015074 0.079418
v -0.031648 -0.013885 0.079418
v -0.026937 -0.015074 0.079418
v 0.026927 -0.015074 0.079418
v 0.025510 -0.013885 0.079418
v 0.026927 -0.015074 0.059418
v 0.030221 -0.015074 0.079418
v 0.030221 -0.015074 0.059418
v 0.037127 -0.010127 0.059418
v -0.032342 -0.015088 0.092581
v 0.036365 -0.012585 0.079418
v 0.032333 -0.015088 0.092581
v 0.024815 -0.015088 0.123799
v 0.020784 -0.011569 0.133918
v 0.025173 -0.014351 0.124114
v 0.023440 -0.013179 0.133929
v -0.032041 -0.014444 0.095134
v -0.025274 -0.014209 0.124067
v -0.025519 -0.013885 0.079418
v 0.025510 -0.013885 0.123799
v 0.032019 -0.014423 0.095229
v 0.031638 -0.013885 0.079418
v -0.029659 -0.014594 0.079418
v -0.030584 -0.012992 0.079418
v -0.029659 -0.014594 0.059418
v -0.027509 -0.014594 0.079418
v -0.027282 -0.014904 0.059418
v 0.027499 -0.014594 0.079418
v 0.026574 -0.012992 0.079418
v 0.027499 -0.014594 0.059418
v 0.029649 -0.014594 0.079418
v 0.029649 -0.014594 0.059418
v 0.038152 -0.005087 0.059418
v -0.036293 -0.012556 0.079418
v -0.031676 -0.013919 0.097710
v -0.031142 -0.013381 0.101027
v -0.030584 -0.012992 0.104164
v -0.029954 -0.012698 0.107432
v -0.024720 -0.010433 0.133929
v -0.028957 -0.014338 0.079418
v -0.029278 -0.012516 0.079418
v -0.028957 -0.014338 0.059418
v -0.028210 -0.014338 0.079418
v -0.027891 -0.014553 0.059418
v -0.026584 -0.012992 0.079418
v 0.028201 -0.014338 0.079418
v 0.027879 -0.012516 0.079418
v 0.028201 -0.014338 0.059418
v 0.028947 -0.014338 0.079418
v 0.028947 -0.014338 0.059418
v 0.030574 -0.012992 0.079418
v 0.038495 0.000044 0.059418
v 0.031638 -0.013885 0.097898
v 0.023955 -0.012066 0.133929
v -0.027889 -0.012516 0.079418
v 0.029269 -0.012516 0.079418
v -0.023449 -0.013179 0.133929
v -0.025835 -0.013550 0.123235
v -0.026107 -0.013315 0.122608
v 0.025901 -0.013480 0.123072
v 0.026574 -0.012992 0.121284
v 0.026231 -0.013213 0.122262
v 0.030843 -0.013161 0.102687
v -0.022159 -0.009970 0.134418
v -0.024553 -0.009006 0.134418
v -0.026584 -0.012992 0.121284
v -0.021703 -0.009764 0.133918
v 0.025250 -0.009266 0.133929
v 0.030561 -0.013016 0.104175
v 0.029945 -0.012698 0.107428
v -0.027275 -0.012676 0.118989
v -0.027889 -0.012516 0.116676
v 0.025388 -0.008775 0.133929
v 0.027265 -0.012676 0.118993
v 0.027879 -0.012516 0.116676
v 0.022919 -0.008055 0.134418
v 0.024543 -0.009006 0.134418
v 0.029269 -0.012516 0.110691
v -0.029278 -0.012516 0.110691
v -0.037733 -0.007624 0.059418
v -0.037137 -0.010127 0.079418
v 0.037044 -0.010105 0.079418
v -0.025260 -0.009266 0.133929
v -0.028610 -0.012456 0.113690
v 0.028600 -0.012456 0.113691
v 0.022447 -0.007889 0.133918
v -0.037649 -0.007607 0.079418
v -0.025882 -0.007044 0.133929
v 0.037724 -0.007624 0.079418
v 0.026357 -0.005313 0.133929
v -0.023533 -0.006082 0.134418
v -0.025683 -0.004971 0.134418
v -0.023049 -0.005956 0.133918
v 0.023958 -0.004065 0.134418
v 0.025673 -0.004971 0.134418
v 0.023465 -0.003980 0.133918
v -0.038419 -0.002527 0.059418
v -0.038376 -0.003107 0.069416
v -0.038379 -0.003062 0.068870
v -0.038379 -0.003062 0.069966
v -0.038390 -0.002929 0.068333
v -0.038419 -0.002527 0.067523
v 0.038066 -0.005076 0.079418
v -0.038161 -0.005087 0.079418
v -0.038418 -0.002527 0.071267
v -0.038390 -0.002930 0.070500
v -0.026422 -0.005115 0.133929
v -0.024230 -0.002018 0.134418
v -0.026154 -0.000807 0.134418
v -0.023731 -0.001975 0.133918
v -0.023731 -0.001975 0.059418
v -0.026601 -0.003534 0.133929
v 0.026794 -0.001747 0.133929
v 0.026145 -0.000807 0.134418
v -0.038333 -0.002522 0.079418
v 0.038491 -0.000525 0.066192
v 0.038479 -0.001072 0.066351
v 0.038461 -0.001577 0.066606
v 0.038439 -0.002028 0.066948
v 0.038417 -0.002407 0.067358
v 0.038396 -0.002711 0.067827
v 0.038380 -0.002929 0.068333
v 0.038370 -0.003062 0.068870
v 0.038366 -0.003107 0.069417
v 0.038370 -0.003062 0.069966
v 0.038380 -0.002930 0.070501
v 0.038396 -0.002711 0.071009
v 0.038428 -0.002228 0.071690
v 0.038461 -0.001578 0.072229
v 0.038479 -0.001072 0.072485
v 0.038409 -0.002527 0.079418
v -0.026907 -0.000831 0.133929
v 0.024308 0.000044 0.134418
v 0.023808 0.000044 0.133918
v 0.023808 0.000044 0.071018
v 0.023801 -0.000503 0.070921
v 0.023785 -0.000984 0.070644
v 0.023767 -0.001341 0.070218
v 0.023756 -0.001531 0.069696
v 0.023808 0.000044 0.059418
v 0.023756 -0.001531 0.069140
v 0.023767 -0.001341 0.068618
v 0.023785 -0.000984 0.068192
v 0.023801 -0.000503 0.067914
v -0.036825 -0.001531 0.069696
v -0.036825 -0.001531 0.069140
v 0.036815 -0.001531 0.069140
v 0.036815 -0.001531 0.069696
v -0.036825 -0.001341 0.070218
v 0.036815 -0.001341 0.070218
v 0.036815 -0.001341 0.068618
v -0.036825 -0.001341 0.068618
v -0.038449 -0.002028 0.066948
v -0.036825 -0.000984 0.068192
v -0.038419 0.000044 0.059418
v -0.038471 -0.001576 0.066605
v -0.038489 -0.001072 0.066351
v -0.038501 -0.000523 0.066192
v 0.038491 -0.000525 0.072644
v 0.038495 0.000044 0.079418
v 0.026897 -0.000831 0.133929
v -0.038438 -0.002228 0.071690
v -0.038505 0.000044 0.079418
v -0.038505 0.000044 0.072698
v -0.038501 -0.000522 0.072644
v -0.038489 -0.001072 0.072485
v -0.038471 -0.001576 0.072231
v 0.036815 -0.000984 0.068192
v -0.036825 -0.000984 0.070644
v 0.036815 -0.000984 0.070644
v -0.024230 0.002106 0.134418
v -0.025955 0.003379 0.134418
v -0.023817 0.000044 0.133918
v -0.023765 -0.001531 0.069696
v -0.023731 0.000044 0.059418
v -0.023777 -0.001341 0.068618
v -0.023765 -0.001531 0.069140
v -0.023795 -0.000984 0.068192
v -0.023817 0.000044 0.067818
v -0.023811 -0.000503 0.067914
v 0.036815 -0.000503 0.070921
v 0.036815 -0.000503 0.067914
v -0.036825 -0.000503 0.070921
v -0.036825 -0.000503 0.067914
v -0.023777 -0.001341 0.070218
v -0.023731 0.002064 0.133918
v -0.023795 -0.000984 0.070644
v -0.023811 -0.000503 0.070921
v -0.026865 0.000042 0.133929
v 0.026770 0.001838 0.133929
v 0.025945 0.003379 0.134418
v -0.026702 0.003475 0.133929
v 0.023958 0.004153 0.134418
v 0.038495 0.000044 0.066138
v 0.036815 0.000044 0.067818
v 0.038495 0.000044 0.072698
v 0.036815 0.000044 0.071018
v -0.038505 0.000044 0.066138
v -0.036825 0.000044 0.067818
v -0.036825 0.000044 0.071018
v -0.023817 0.000044 0.071018
v 0.023808 0.000044 0.067818
v -0.038333 0.002610 0.079418
v 0.023465 0.004069 0.059418
v 0.023465 0.004069 0.133918
v 0.023756 0.001620 0.069696
v 0.023767 0.001430 0.070218
v 0.023785 0.001073 0.070644
v 0.023801 0.000591 0.070921
v -0.038501 0.000613 0.066192
v -0.036825 0.000591 0.070921
v 0.036815 0.000591 0.067914
v -0.038419 0.002616 0.059418
v -0.038501 0.000614 0.072644
v -0.030604 0.015809 0.059418
v -0.030231 0.015162 0.059418
v -0.034619 0.016813 0.059418
v -0.029659 0.014682 0.059418
v -0.028957 0.014427 0.059418
v -0.037733 0.007713 0.059418
v -0.036374 0.012673 0.059418
v -0.023049 0.006044 0.059418
v -0.023731 0.002064 0.059418
v -0.025125 0.021275 0.059418
v -0.026589 0.016896 0.059418
v -0.027509 0.014682 0.059418
v -0.026937 0.015162 0.059418
v -0.026563 0.015809 0.059418
v -0.028210 0.014427 0.059418
v -0.023811 0.000591 0.070921
v -0.023811 0.000591 0.067914
v 0.023801 0.000591 0.067914
v 0.025116 0.021275 0.059418
v 0.026424 0.016544 0.059418
v 0.026554 0.015809 0.059418
v 0.026927 0.015162 0.059418
v 0.027499 0.014682 0.059418
v 0.028201 0.014427 0.059418
v 0.038491 0.000611 0.066191
v 0.038409 0.002616 0.079418
v 0.028947 0.014427 0.059418
v 0.029649 0.014682 0.059418
v 0.038152 0.005176 0.059418
v 0.038479 0.001161 0.066351
v 0.038491 0.000613 0.072644
v -0.036825 0.000591 0.067914
v 0.036815 0.000591 0.070921
v -0.038471 0.001667 0.072229
v -0.036825 0.001073 0.070644
v -0.038489 0.001161 0.072485
v -0.036825 0.001073 0.068192
v -0.038471 0.001665 0.066606
v -0.038489 0.001161 0.066351
v -0.023795 0.001073 0.068192
v -0.023795 0.001073 0.070644
v 0.023785 0.001073 0.068192
v 0.036815 0.001073 0.068192
v 0.036815 0.001073 0.070644
v 0.038461 0.001667 0.072229
v 0.038479 0.001161 0.072485
v 0.038461 0.001664 0.066605
v 0.038066 0.005164 0.079418
v -0.038419 0.002616 0.071312
v -0.036825 0.001430 0.070218
v -0.038449 0.002117 0.071888
v -0.036825 0.001430 0.068618
v -0.038419 0.002616 0.067523
v -0.038449 0.002117 0.066948
v -0.023777 0.001430 0.068618
v -0.023777 0.001430 0.070218
v 0.023767 0.001430 0.068618
v 0.036815 0.001430 0.068618
v 0.036815 0.001430 0.070218
v 0.038417 0.002497 0.071476
v 0.038439 0.002117 0.071888
v 0.038417 0.002494 0.067357
v 0.038439 0.002117 0.066948
v -0.038390 0.003018 0.070500
v -0.036825 0.001620 0.069696
v -0.036825 0.001620 0.069140
v -0.038390 0.003017 0.068333
v -0.023765 0.001620 0.069140
v -0.023765 0.001620 0.069696
v 0.023756 0.001620 0.069140
v 0.036815 0.001620 0.069140
v 0.036815 0.001620 0.069696
v 0.038380 0.003019 0.070500
v 0.038396 0.002799 0.071009
v 0.038380 0.003017 0.068332
v 0.038396 0.002799 0.067827
v -0.038376 0.003195 0.069416
v -0.038379 0.003151 0.069966
v -0.038379 0.003151 0.068870
v 0.038366 0.003195 0.069416
v 0.038370 0.003151 0.069966
v 0.038370 0.003151 0.068870
v 0.026692 0.003475 0.133929
v -0.023049 0.006044 0.133918
v -0.023533 0.006170 0.134418
v -0.025090 0.007479 0.134418
v -0.038161 0.005176 0.079418
v -0.037649 0.007696 0.079418
v 0.022919 0.008144 0.134418
v 0.025080 0.007479 0.134418
v 0.026288 0.005388 0.133929
v -0.025927 0.007147 0.133929
v 0.022447 0.007977 0.059418
v 0.022447 0.007977 0.133918
v 0.037724 0.007713 0.079418
v 0.037127 0.010216 0.059418
v 0.025802 0.007693 0.133929
v -0.021703 0.009853 0.133918
v -0.022159 0.010059 0.134418
v -0.021703 0.009853 0.059418
v -0.023581 0.011388 0.134418
v -0.037137 0.010216 0.079418
v -0.025812 0.007693 0.133929
v -0.024718 0.010526 0.133929
v 0.021220 0.011901 0.134418
v 0.023571 0.011388 0.134418
v 0.025356 0.008848 0.133929
v -0.036293 0.012645 0.079418
v 0.037044 0.010193 0.079418
v 0.020784 0.011657 0.059418
v 0.020784 0.011657 0.133918
v 0.027263 0.012765 0.118998
v 0.026574 0.013080 0.121284
v 0.027879 0.012605 0.116676
v 0.029945 0.012787 0.107428
v 0.029269 0.012605 0.110691
v 0.028601 0.012544 0.113690
v 0.024250 0.011715 0.133929
v 0.036365 0.012673 0.079418
v -0.019734 0.013379 0.133918
v -0.020148 0.013659 0.134418
v -0.019734 0.013379 0.059418
v -0.021468 0.015007 0.134418
v 0.030221 0.015162 0.059418
v 0.035440 0.015074 0.059418
v -0.025200 0.014411 0.124108
v -0.025519 0.013973 0.123799
v -0.024260 0.011715 0.133929
v -0.025834 0.013639 0.123236
v -0.026232 0.013308 0.122285
v -0.026584 0.013080 0.121284
v -0.027273 0.012765 0.118998
v -0.027889 0.012605 0.116676
v -0.028611 0.012544 0.113686
v -0.029278 0.012605 0.110691
v -0.029955 0.012787 0.107427
v -0.035450 0.015074 0.079418
v -0.023089 0.013718 0.133929
v 0.018911 0.015318 0.134418
v 0.021458 0.015007 0.134418
v 0.023987 0.012165 0.133929
v 0.022076 0.015437 0.133929
v 0.018522 0.015004 0.059418
v 0.018522 0.015004 0.133918
v 0.026231 0.013302 0.122262
v 0.025900 0.013570 0.123074
v 0.025510 0.013973 0.123799
v 0.025223 0.014361 0.124093
v 0.024897 0.014969 0.123973
v 0.027879 0.012605 0.079418
v -0.027889 0.012605 0.079418
v -0.029278 0.012605 0.079418
v -0.030584 0.013080 0.079418
v -0.030584 0.013080 0.104164
v -0.028957 0.014427 0.079418
v -0.028210 0.014427 0.079418
v -0.026584 0.013080 0.079418
v -0.027509 0.014682 0.079418
v 0.026574 0.013080 0.079418
v 0.029269 0.012605 0.079418
v 0.028201 0.014427 0.079418
v 0.028947 0.014427 0.079418
v 0.030574 0.013080 0.104164
v 0.030574 0.013080 0.079418
v 0.029649 0.014682 0.079418
v 0.035361 0.015041 0.079418
v 0.032020 0.014512 0.095226
v 0.031638 0.013973 0.097898
v 0.031132 0.013469 0.101027
v 0.032498 0.015767 0.090684
v 0.032333 0.015176 0.092581
v -0.031141 0.013469 0.101031
v -0.031648 0.013973 0.079418
v -0.031676 0.014007 0.097710
v -0.029659 0.014682 0.079418
v -0.025519 0.013973 0.079418
v -0.026937 0.015162 0.079418
v 0.025510 0.013973 0.079418
v 0.027499 0.014682 0.079418
v 0.031638 0.013973 0.079418
v 0.030221 0.015162 0.079418
v -0.017196 0.016521 0.133918
v -0.017557 0.016867 0.134418
v -0.017196 0.016521 0.059418
v -0.018804 0.018241 0.134418
v -0.024825 0.015176 0.123799
v -0.022085 0.015437 0.133929
v -0.032342 0.015176 0.092581
v -0.032041 0.014533 0.095134
v -0.032342 0.015176 0.079418
v -0.030231 0.015162 0.079418
v -0.024825 0.015176 0.079418
v -0.026563 0.015809 0.079418
v 0.024815 0.015176 0.079418
v 0.026927 0.015162 0.079418
v 0.032333 0.015176 0.079418
v 0.030594 0.015809 0.079418
v 0.015728 0.017920 0.059418
v 0.015728 0.017920 0.133918
v -0.019345 0.018765 0.133929
v -0.021066 0.016674 0.133929
v 0.016058 0.018295 0.134418
v 0.018794 0.018241 0.134418
v 0.034357 0.017408 0.079418
v 0.032572 0.016544 0.088748
v -0.034290 0.017369 0.079418
v -0.032541 0.017129 0.087658
v -0.032471 0.017485 0.087161
v -0.032584 0.016544 0.088741
v -0.032510 0.015782 0.090641
v -0.032342 0.017912 0.086732
v 0.030594 0.015809 0.059418
v 0.030724 0.016544 0.059418
v 0.033121 0.019664 0.059418
v -0.030604 0.015809 0.079418
v 0.026554 0.015809 0.079418
v -0.032584 0.016544 0.079418
v -0.024693 0.015614 0.123239
v -0.024625 0.015968 0.122611
v -0.024584 0.016544 0.079418
v -0.026434 0.016544 0.079418
v 0.024683 0.015616 0.123235
v 0.024574 0.016544 0.079418
v 0.024574 0.016544 0.121284
v 0.024596 0.016126 0.122284
v 0.032574 0.016544 0.079418
v 0.030724 0.016544 0.079418
v 0.024593 0.016929 0.120193
v 0.024679 0.017456 0.118441
v 0.019913 0.018063 0.133929
v -0.030734 0.016544 0.079418
v -0.030734 0.016544 0.059418
v 0.026424 0.016544 0.079418
v -0.024584 0.016544 0.121284
v -0.014164 0.019189 0.133918
v -0.014462 0.019591 0.134418
v -0.014164 0.019189 0.059418
v 0.032551 0.016969 0.087923
v -0.032342 0.017912 0.079418
v -0.030604 0.017280 0.079418
v -0.030604 0.017280 0.059418
v -0.026563 0.017280 0.079418
v -0.024656 0.017299 0.118995
v -0.024825 0.017912 0.116676
v -0.024825 0.017912 0.079418
v 0.024815 0.017912 0.116676
v 0.024815 0.017912 0.079418
v 0.026554 0.017280 0.079418
v 0.026554 0.017280 0.059418
v 0.030594 0.017280 0.079418
v 0.030594 0.017280 0.059418
v 0.032462 0.017485 0.087161
v 0.032333 0.017912 0.079418
v -0.026015 0.019610 0.107429
v -0.025519 0.019115 0.110691
v -0.025133 0.018568 0.113686
v -0.030220 0.023905 0.079418
v -0.028495 0.025812 0.079418
v -0.034367 0.017408 0.059418
v -0.015657 0.021009 0.134418
v -0.030231 0.017926 0.079418
v -0.031648 0.019115 0.079418
v -0.030231 0.017926 0.059418
v -0.026937 0.017926 0.079418
v -0.026937 0.017926 0.059418
v 0.026927 0.017926 0.079418
v 0.025510 0.019115 0.079418
v 0.026927 0.017926 0.059418
v 0.030221 0.017926 0.079418
v 0.030221 0.017926 0.059418
v -0.033130 0.019664 0.079418
v -0.032160 0.018336 0.086506
v -0.032076 0.021275 0.059418
v 0.033047 0.019621 0.079418
v 0.031990 0.018626 0.086481
v 0.032230 0.018167 0.086571
v -0.025519 0.019115 0.079418
v 0.025123 0.018567 0.113693
v 0.025510 0.019115 0.110691
v 0.031638 0.019115 0.079418
v 0.012947 0.020026 0.070446
v 0.013180 0.019874 0.069965
v 0.012480 0.020321 0.133918
v 0.012588 0.020255 0.070804
v 0.013260 0.019820 0.069418
v 0.012480 0.020321 0.059418
v 0.013180 0.019874 0.068871
v 0.012947 0.020026 0.068389
v 0.012588 0.020255 0.068032
v -0.029659 0.018406 0.079418
v -0.030584 0.020008 0.079418
v -0.029659 0.018406 0.059418
v -0.027509 0.018406 0.079418
v -0.027509 0.018406 0.059418
v 0.027499 0.018406 0.079418
v 0.026574 0.020008 0.079418
v 0.027499 0.018406 0.059418
v 0.029649 0.018406 0.079418
v 0.029649 0.018406 0.059418
v 0.032015 0.021275 0.059418
v 0.026006 0.019611 0.107422
v 0.028549 0.025869 0.079418
v 0.019335 0.018765 0.133929
v -0.016108 0.021612 0.133929
v -0.018680 0.019350 0.133929
v 0.015648 0.021009 0.134418
v 0.012742 0.020747 0.134418
v -0.028957 0.018662 0.079418
v -0.029278 0.020483 0.079418
v -0.028957 0.018662 0.059418
v -0.028210 0.018662 0.079418
v -0.028210 0.018662 0.059418
v -0.026584 0.020008 0.079418
v 0.028201 0.018662 0.079418
v 0.027879 0.020483 0.079418
v 0.028201 0.018662 0.059418
v 0.028947 0.018662 0.079418
v 0.028947 0.018662 0.059418
v 0.030574 0.020008 0.079418
v -0.031823 0.018890 0.086566
v 0.031638 0.019115 0.086732
v -0.027889 0.020483 0.079418
v 0.029269 0.020483 0.079418
v -0.026770 0.027719 0.079418
v 0.026700 0.027657 0.079418
v 0.017320 0.020538 0.133929
v 0.031736 0.021833 0.079418
v -0.031675 0.021785 0.079418
v -0.031342 0.019441 0.087161
v -0.026584 0.020008 0.104164
v 0.026574 0.020008 0.104164
v 0.031334 0.019440 0.087159
v -0.013270 0.019820 0.069418
v -0.013189 0.019874 0.069965
v -0.012957 0.020026 0.070446
v -0.012597 0.020255 0.070804
v -0.012151 0.020526 0.070994
v -0.010725 0.021307 0.133918
v -0.010950 0.021753 0.134418
v -0.010776 0.021275 0.059418
v -0.012957 0.020026 0.068389
v -0.013189 0.019874 0.068871
v -0.012151 0.020526 0.067842
v -0.012597 0.020255 0.068032
v -0.024806 0.029379 0.079418
v 0.031060 0.019678 0.087657
v -0.030939 0.019777 0.087924
v -0.012110 0.023239 0.134418
v 0.030574 0.020008 0.088741
v -0.030584 0.020008 0.088741
v -0.019717 0.031180 0.069965
v -0.019800 0.031131 0.069418
v 0.019707 0.031180 0.068871
v 0.019791 0.031131 0.069418
v -0.019476 0.031318 0.070446
v -0.019717 0.031180 0.068871
v 0.019707 0.031180 0.069965
v 0.019467 0.031318 0.068389
v -0.029886 0.020326 0.090643
v -0.027199 0.020297 0.101032
v -0.027889 0.020483 0.097898
v 0.027191 0.020297 0.101025
v 0.027879 0.020483 0.097898
v 0.030086 0.020248 0.090035
v -0.019108 0.031531 0.070804
v -0.019476 0.031318 0.068389
v 0.019467 0.031318 0.070446
v 0.019098 0.031531 0.068032
v 0.029646 0.020398 0.091351
v -0.018655 0.031792 0.070994
v -0.019108 0.031531 0.068032
v 0.019098 0.031531 0.070804
v 0.012141 0.020526 0.067842
v 0.012141 0.020526 0.070994
v 0.018646 0.031792 0.070994
v 0.018646 0.031792 0.067842
v 0.008874 0.022140 0.133918
v 0.011660 0.020804 0.070994
v 0.010588 0.021275 0.059418
v -0.029278 0.020483 0.092581
v 0.030142 0.023851 0.079418
v 0.029269 0.020483 0.092581
v -0.028546 0.020544 0.095227
v 0.028535 0.020544 0.095234
v -0.011670 0.020804 0.070994
v -0.011670 0.020804 0.067842
v -0.018174 0.032070 0.067842
v -0.018655 0.031792 0.067842
v 0.018165 0.032070 0.070994
v 0.011660 0.020804 0.067842
v 0.024852 0.029445 0.079418
v 0.016098 0.021612 0.133929
v 0.012100 0.023239 0.134418
v 0.009060 0.022604 0.134418
v -0.011211 0.021055 0.070804
v -0.017722 0.032331 0.070804
v -0.018174 0.032070 0.070994
v -0.011211 0.021055 0.068032
v 0.011202 0.021055 0.070804
v 0.008445 0.022271 0.059418
v 0.011202 0.021055 0.068032
v 0.017712 0.032331 0.068032
v 0.018165 0.032070 0.067842
v 0.014433 0.022659 0.133929
v -0.010834 0.021252 0.070446
v -0.017353 0.032544 0.070446
v -0.010834 0.021252 0.068389
v -0.017722 0.032331 0.068032
v 0.010824 0.021252 0.070446
v 0.017712 0.032331 0.070804
v 0.010824 0.021252 0.068389
v 0.017344 0.032544 0.068389
v -0.010585 0.021377 0.069965
v -0.017353 0.032544 0.068389
v 0.010576 0.021377 0.069965
v 0.017344 0.032544 0.070446
v 0.010576 0.021377 0.068871
v 0.017103 0.032683 0.068871
v -0.031746 0.021833 0.059418
v -0.025125 0.025365 0.059418
v 0.008445 0.025365 0.059418
v 0.025116 0.025365 0.059418
v 0.030210 0.023905 0.059418
v 0.028889 0.025365 0.059418
v -0.006978 0.022813 0.133918
v -0.017113 0.032683 0.069965
v -0.010585 0.021377 0.068871
v -0.017113 0.032683 0.068871
v -0.007124 0.023291 0.134418
v -0.008455 0.022219 0.059418
v -0.010498 0.021420 0.069418
v -0.017029 0.032731 0.069418
v -0.006978 0.022813 0.059418
v 0.010489 0.021420 0.069418
v 0.017103 0.032683 0.069965
v 0.017020 0.032731 0.069418
v -0.022842 0.031039 0.079418
v 0.022782 0.030970 0.079418
v -0.020675 0.032423 0.079418
v -0.012920 0.023616 0.133929
v -0.008251 0.024874 0.134418
v -0.028957 0.025365 0.059418
v 0.005012 0.023322 0.133918
v -0.008455 0.025365 0.059418
v 0.005012 0.023322 0.059418
v 0.008242 0.024874 0.134418
v 0.005117 0.023811 0.134418
v 0.020711 0.032496 0.079418
v 0.012449 0.023907 0.133929
v -0.003029 0.023664 0.133918
v -0.003093 0.024160 0.134418
v -0.003029 0.023664 0.059418
v -0.009651 0.025096 0.133929
v -0.012458 0.023907 0.133929
v 0.011297 0.024394 0.133929
v -0.004182 0.025872 0.134418
v 0.001006 0.023835 0.133918
v 0.001006 0.023835 0.059418
v -0.018507 0.033807 0.079418
v 0.001027 0.024335 0.134418
v 0.004172 0.025872 0.134418
v -0.016175 0.034889 0.079418
v 0.018456 0.033731 0.079418
v -0.000005 0.026208 0.134418
v 0.013802 0.035891 0.079418
v 0.008479 0.025589 0.133929
v 0.016201 0.034967 0.079418
v -0.006224 0.026144 0.133929
v -0.008489 0.025589 0.133929
v 0.007961 0.025716 0.133929
v 0.004292 0.026615 0.133929
v -0.011386 0.036734 0.079418
v -0.013842 0.035972 0.079418
v -0.028558 0.025869 0.059418
v -0.017970 0.028881 0.059155
v -0.017793 0.027879 0.059155
v -0.017461 0.027484 0.059155
v -0.016809 0.026900 0.059418
v -0.025125 0.029190 0.059418
v -0.008455 0.030634 0.059418
v -0.016201 0.026900 0.059418
v -0.015549 0.027484 0.059155
v -0.015217 0.027879 0.059155
v 0.008445 0.030634 0.059418
v 0.023313 0.030634 0.059418
v 0.026760 0.027719 0.059418
v 0.025116 0.029109 0.059418
v -0.008930 0.037495 0.079418
v 0.011402 0.036816 0.079418
v 0.008900 0.037412 0.079418
v -0.000005 0.026961 0.133929
v -0.002692 0.026745 0.133929
v -0.004302 0.026615 0.133929
v -0.003069 0.030473 0.116676
v -0.003482 0.031067 0.113690
v -0.003764 0.031676 0.110691
v -0.003945 0.032353 0.107428
v 0.000890 0.026889 0.133929
v 0.003059 0.030473 0.116676
v 0.002614 0.030021 0.118990
v 0.001995 0.029580 0.121284
v 0.001563 0.029364 0.122421
v 0.003935 0.032352 0.107430
v 0.003754 0.031676 0.110691
v 0.003473 0.031068 0.113687
v 0.006399 0.038008 0.079418
v 0.000263 0.029053 0.124076
v -0.000699 0.029105 0.123799
v -0.001146 0.029211 0.123236
v -0.001631 0.029390 0.122285
v -0.002005 0.029580 0.121284
v -0.002620 0.030018 0.119006
v 0.000690 0.029105 0.123799
v -0.017262 0.027311 0.059653
v -0.017665 0.027649 0.059653
v -0.015747 0.027311 0.059653
v -0.016505 0.028623 0.064328
v -0.016242 0.027131 0.063418
v -0.016768 0.027131 0.063418
v -0.017262 0.027311 0.063418
v -0.015747 0.027311 0.063418
v -0.017665 0.027649 0.063418
v -0.015344 0.027649 0.063418
v -0.015344 0.027649 0.059653
v -0.017928 0.028105 0.059653
v -0.017928 0.028105 0.063418
v -0.015081 0.028105 0.063418
v -0.015081 0.028105 0.059653
v -0.018020 0.028623 0.059653
v -0.015040 0.028365 0.059155
v -0.018020 0.028623 0.063418
v -0.014990 0.028623 0.063418
v -0.014990 0.028623 0.059653
v -0.017793 0.029367 0.059155
v -0.017928 0.029141 0.059653
v -0.017928 0.029141 0.063418
v -0.017665 0.029597 0.063418
v -0.016768 0.030115 0.063418
v -0.016242 0.030115 0.063418
v -0.017262 0.029935 0.063418
v -0.015344 0.029597 0.063418
v -0.015081 0.029141 0.063418
v -0.015747 0.029935 0.063418
v -0.015081 0.029141 0.059653
v -0.015217 0.029367 0.059155
v -0.000699 0.029105 0.079418
v 0.000690 0.029105 0.079418
v -0.002005 0.029580 0.079418
v -0.000378 0.030927 0.079418
v 0.000369 0.030927 0.079418
v 0.001995 0.029580 0.079418
v 0.001070 0.031182 0.079418
v -0.017665 0.029597 0.059653
v -0.015344 0.029597 0.059653
v -0.023248 0.030634 0.059418
v -0.017461 0.029763 0.059155
v -0.021773 0.031800 0.070500
v -0.021882 0.031724 0.069965
v -0.021919 0.031699 0.069418
v -0.021471 0.032004 0.071254
v -0.021340 0.032092 0.067360
v -0.021882 0.031724 0.068868
v -0.021773 0.031800 0.068335
v -0.021590 0.031924 0.067824
v -0.003069 0.030473 0.079418
v -0.001080 0.031182 0.079418
v 0.003059 0.030473 0.079418
v 0.001642 0.031662 0.079418
v -0.017262 0.029935 0.059653
v -0.015747 0.029935 0.059653
v -0.015996 0.030021 0.059155
v -0.016505 0.030373 0.059418
v -0.017014 0.030021 0.059155
v -0.003764 0.031676 0.079418
v -0.001652 0.031662 0.079418
v 0.003754 0.031676 0.079418
v 0.002016 0.032309 0.079418
v -0.020721 0.032496 0.059418
v -0.002155 0.033044 0.059418
v -0.002025 0.032309 0.059418
v -0.001652 0.031662 0.059418
v -0.001080 0.031182 0.059418
v -0.002025 0.033780 0.059418
v -0.008455 0.037520 0.059418
v -0.016211 0.034967 0.059418
v -0.011411 0.036816 0.059418
v -0.000378 0.030927 0.059418
v 0.013832 0.035972 0.059418
v 0.018498 0.033807 0.059418
v 0.022833 0.031039 0.059418
v 0.000369 0.030927 0.059418
v 0.002016 0.032309 0.059418
v 0.001989 0.033396 0.059418
v 0.008445 0.037576 0.059418
v 0.001070 0.031182 0.059418
v 0.001642 0.031662 0.059418
v 0.021330 0.032092 0.071476
v 0.021010 0.032303 0.071890
v 0.021581 0.031924 0.071011
v 0.021909 0.031699 0.069418
v 0.021873 0.031724 0.069967
v 0.021763 0.031800 0.070500
v 0.020203 0.032815 0.072485
v 0.020634 0.032545 0.072229
v -0.020721 0.032496 0.072169
v 0.019247 0.033385 0.066138
v 0.019736 0.033098 0.066192
v 0.020204 0.032814 0.066351
v 0.020634 0.032545 0.066607
v 0.021011 0.032302 0.066947
v 0.021330 0.032092 0.067360
v 0.021581 0.031924 0.067826
v 0.021763 0.031800 0.068335
v 0.021873 0.031724 0.068869
v -0.020643 0.032545 0.066607
v -0.020211 0.032815 0.072486
v -0.020211 0.032815 0.066350
v -0.002025 0.032309 0.079418
v -0.004005 0.033044 0.079418
v -0.004005 0.033044 0.104164
v 0.003995 0.033044 0.104164
v 0.003995 0.033044 0.079418
v 0.002145 0.033044 0.079418
v -0.019253 0.033387 0.072698
v -0.019745 0.033098 0.072644
v -0.019254 0.033387 0.066138
v -0.019745 0.033098 0.066192
v 0.019246 0.033386 0.072698
v 0.019736 0.033098 0.072644
v -0.018279 0.033931 0.072485
v -0.018760 0.033667 0.072644
v -0.018281 0.033930 0.066350
v -0.018760 0.033667 0.066192
v 0.018753 0.033663 0.072616
v 0.018498 0.033807 0.066262
v -0.002155 0.033044 0.079418
v -0.017432 0.034374 0.071888
v -0.017832 0.034168 0.072229
v -0.017434 0.034373 0.066946
v -0.017832 0.034168 0.066607
v 0.017454 0.034358 0.071920
v 0.017823 0.034168 0.072229
v 0.017425 0.034373 0.066946
v 0.017823 0.034168 0.066607
v -0.016819 0.034678 0.071009
v -0.017092 0.034545 0.071476
v -0.016821 0.034678 0.067824
v -0.017092 0.034545 0.067360
v 0.016810 0.034678 0.071008
v 0.017082 0.034545 0.071476
v 0.016811 0.034678 0.067824
v 0.017082 0.034545 0.067360
v -0.016501 0.034831 0.069965
v -0.016622 0.034774 0.070500
v -0.016502 0.034831 0.068868
v -0.016622 0.034774 0.068335
v 0.016492 0.034831 0.069965
v 0.016612 0.034774 0.070500
v 0.016492 0.034831 0.068868
v 0.016612 0.034774 0.068335
v -0.016461 0.034850 0.069418
v 0.016452 0.034850 0.069418
v -0.003947 0.033722 0.101029
v -0.003764 0.034412 0.079418
v -0.003764 0.034412 0.097898
v -0.002025 0.033780 0.079418
v 0.002016 0.033780 0.079418
v 0.003937 0.033721 0.101031
v 0.003754 0.034412 0.097898
v 0.003754 0.034412 0.079418
v -0.001652 0.034426 0.079418
v -0.003069 0.035615 0.079418
v -0.001652 0.034426 0.059418
v 0.001642 0.034426 0.079418
v 0.001642 0.034426 0.059418
v -0.006394 0.037923 0.079418
v -0.003517 0.034958 0.095464
v -0.003069 0.035615 0.092581
v 0.003478 0.035012 0.095228
v 0.003059 0.035615 0.092581
v 0.003059 0.035615 0.079418
v -0.001080 0.034906 0.079418
v -0.002005 0.036508 0.079418
v -0.001080 0.034906 0.059418
v -0.006408 0.038008 0.059418
v 0.001070 0.034906 0.079418
v 0.001070 0.034906 0.059418
v 0.003849 0.038351 0.059418
v -0.000378 0.035162 0.079418
v -0.000699 0.036983 0.079418
v -0.000378 0.035162 0.059418
v -0.001291 0.038523 0.059418
v 0.000369 0.035162 0.079418
v 0.000369 0.035162 0.059418
v 0.001995 0.036508 0.079418
v -0.003858 0.038351 0.079418
v 0.000690 0.036983 0.079418
v -0.002627 0.036065 0.090637
v -0.002005 0.036508 0.088741
v 0.002619 0.036063 0.090643
v 0.001995 0.036508 0.088741
v -0.001477 0.036764 0.087659
v -0.000375 0.037027 0.086549
v -0.001134 0.036882 0.087161
v 0.001655 0.036684 0.087997
v 0.001226 0.036850 0.087293
v 0.003840 0.038265 0.079418
v 0.001282 0.038523 0.079418
v 0.000419 0.037022 0.086571
v -0.001288 0.038437 0.079418
v -0.003201 -0.023553 0.513417
v 0.001064 -0.023744 0.513417
v -0.000005 -0.023768 0.516417
v -0.000539 -0.023762 0.516663
v -0.001607 -0.023714 0.518623
v -0.001073 -0.023744 0.517398
v 0.000530 -0.023762 0.516663
v 0.001064 -0.023744 0.517398
v 0.001597 -0.023714 0.518623
v 0.005294 -0.023171 0.513417
v 0.002053 -0.022161 0.513417
v -0.002062 -0.022161 0.513418
v -0.002139 -0.023672 0.520337
v 0.002130 -0.023672 0.520337
v -0.002671 -0.023618 0.522539
v 0.002661 -0.023618 0.522540
v -0.003201 -0.023553 0.525229
v 0.003192 -0.023553 0.525229
v -0.007363 -0.022603 0.513417
v -0.003730 -0.023475 0.528405
v -0.006107 -0.021404 0.513417
v 0.003720 -0.023475 0.528405
v -0.004257 -0.023386 0.532064
v 0.004247 -0.023386 0.532064
v -0.004781 -0.023284 0.536206
v 0.004772 -0.023284 0.536206
v -0.005304 -0.023171 0.540829
v 0.005294 -0.023171 0.540829
v -0.005823 -0.023046 0.545929
v 0.009354 -0.021852 0.513418
v 0.005766 -0.023058 0.545445
v 0.006098 -0.021404 0.513418
v 0.006236 -0.022936 0.550455
v 0.000863 -0.022336 0.574993
v -0.000873 -0.022336 0.574993
v -0.006340 -0.022910 0.551505
v 0.006704 -0.022804 0.555855
v -0.006853 -0.022762 0.557553
v 0.007168 -0.022662 0.561644
v -0.007363 -0.022603 0.564071
v 0.007630 -0.022511 0.567820
v 0.002495 -0.022321 0.575587
v -0.007778 -0.022464 0.569750
v -0.011289 -0.020925 0.584928
v -0.011289 -0.020925 0.513417
v -0.002505 -0.022321 0.575587
v -0.009945 -0.019918 0.513417
v 0.008089 -0.022351 0.574379
v 0.003825 -0.022294 0.576704
v -0.008190 -0.022317 0.575738
v -0.003835 -0.022294 0.576704
v 0.008544 -0.022181 0.581319
v 0.004995 -0.022215 0.579917
v 0.004694 -0.022257 0.578207
v 0.000863 -0.012956 0.574993
v -0.000873 -0.012956 0.574993
v -0.002505 -0.012956 0.575587
v -0.003835 -0.012956 0.576704
v 0.002495 -0.012956 0.575587
v -0.008599 -0.022163 0.582035
v -0.004703 -0.022257 0.578207
v -0.004703 -0.012956 0.578207
v 0.003825 -0.012956 0.576704
v -0.005005 -0.022215 0.579917
v -0.005005 -0.012956 0.579917
v 0.004694 -0.012956 0.578207
v -0.000611 -0.022247 0.511856
v -0.000005 -0.022256 0.511917
v 0.000602 -0.022247 0.511856
v -0.000283 -0.020356 0.509993
v 0.000273 -0.020356 0.509993
v -0.000003 -0.022256 0.504918
v -0.000611 -0.022247 0.491856
v -0.000005 -0.022256 0.491918
v 0.000602 -0.022247 0.504979
v 0.000602 -0.022247 0.491856
v -0.000283 -0.020356 0.489993
v 0.000273 -0.020356 0.489993
v -0.000003 -0.022256 0.484918
v -0.000611 -0.022247 0.471856
v -0.000005 -0.022256 0.471918
v 0.000602 -0.022247 0.484979
v 0.000602 -0.022247 0.471856
v -0.000283 -0.020356 0.469993
v 0.000273 -0.020356 0.469993
v -0.000611 -0.022247 0.504979
v 0.000273 -0.020356 0.506842
v -0.000283 -0.020356 0.506842
v -0.000611 -0.022247 0.484979
v 0.000273 -0.020356 0.486842
v -0.000283 -0.020356 0.486842
v 0.002053 -0.022161 0.463918
v 0.000602 -0.022247 0.464979
v -0.000003 -0.022256 0.464918
v -0.002062 -0.022161 0.463918
v -0.000611 -0.022247 0.464979
v 0.000273 -0.020356 0.466842
v -0.000283 -0.020356 0.466842
v -0.001188 -0.022224 0.511678
v -0.001190 -0.022224 0.505158
v -0.001722 -0.022190 0.491391
v -0.001188 -0.022224 0.491678
v -0.001188 -0.022224 0.471678
v -0.001722 -0.022190 0.471391
v -0.001190 -0.022224 0.485158
v -0.001190 -0.022224 0.465158
v 0.001178 -0.022224 0.511678
v 0.001178 -0.022224 0.491678
v 0.001182 -0.022224 0.505158
v 0.001178 -0.022224 0.471678
v 0.001182 -0.022224 0.485158
v 0.001182 -0.022224 0.465158
v 0.002053 -0.022161 0.511130
v 0.000795 -0.020356 0.509803
v 0.001712 -0.022190 0.505444
v 0.001691 -0.022187 0.491357
v 0.000795 -0.020356 0.489803
v 0.001712 -0.022190 0.485444
v 0.001691 -0.022187 0.471357
v 0.000795 -0.020356 0.469803
v -0.001722 -0.022190 0.511391
v -0.000805 -0.020356 0.509803
v -0.000805 -0.020356 0.489803
v -0.000805 -0.020356 0.469803
v -0.001700 -0.022187 0.505478
v -0.000805 -0.020356 0.507032
v -0.001700 -0.022187 0.485478
v -0.000805 -0.020356 0.487032
v -0.001700 -0.022187 0.465478
v -0.000805 -0.020356 0.467032
v 0.000795 -0.020356 0.507032
v 0.000795 -0.020356 0.487032
v 0.001712 -0.022190 0.465444
v 0.000795 -0.020356 0.467032
v -0.005005 -0.022002 0.588638
v -0.009005 -0.022002 0.588638
v -0.005005 -0.013005 0.583727
v -0.005005 -0.014609 0.584010
v -0.005005 -0.016019 0.584825
v -0.005005 -0.017066 0.586072
v 0.004995 -0.022002 0.588638
v 0.004995 -0.012956 0.579917
v 0.004995 -0.017066 0.586072
v 0.004995 -0.016019 0.584825
v 0.004995 -0.014609 0.584010
v 0.004995 -0.017623 0.587603
v 0.009354 -0.021852 0.590068
v 0.008995 -0.022002 0.588638
v -0.002572 -0.022107 0.510572
v -0.002572 -0.022107 0.506263
v -0.002572 -0.022107 0.490572
v -0.001230 -0.020356 0.507389
v -0.002572 -0.022107 0.470572
v -0.002572 -0.022107 0.486263
v -0.001230 -0.020356 0.487389
v -0.006107 -0.021404 0.463918
v -0.002572 -0.022107 0.466263
v -0.001230 -0.020356 0.467389
v -0.002016 -0.021663 0.463418
v 0.002007 -0.021663 0.463418
v 0.002563 -0.022107 0.510572
v 0.001221 -0.020356 0.509446
v 0.002563 -0.022107 0.506263
v 0.001221 -0.020356 0.507389
v 0.002563 -0.022107 0.490572
v 0.001221 -0.020356 0.489446
v 0.002563 -0.022107 0.486263
v 0.001221 -0.020356 0.487389
v 0.002563 -0.022107 0.470572
v 0.001221 -0.020356 0.469446
v 0.002563 -0.022107 0.466263
v 0.001221 -0.020356 0.467389
v 0.006098 -0.021404 0.463918
v 0.005961 -0.020924 0.463418
v -0.001230 -0.020356 0.509446
v -0.001230 -0.020356 0.489446
v -0.001230 -0.020356 0.469446
v -0.003092 -0.022041 0.509541
v -0.003092 -0.022041 0.507294
v -0.006107 -0.021404 0.488667
v -0.003092 -0.022041 0.489541
v -0.001508 -0.020356 0.507870
v -0.003092 -0.022041 0.487294
v -0.003092 -0.022041 0.469541
v -0.001508 -0.020356 0.487870
v -0.003092 -0.022041 0.467294
v -0.001508 -0.020356 0.467870
v 0.003082 -0.022041 0.509541
v 0.001499 -0.020356 0.508965
v 0.006098 -0.021404 0.488668
v 0.003082 -0.022041 0.507294
v 0.003082 -0.022041 0.489541
v 0.001499 -0.020356 0.488965
v 0.003082 -0.022041 0.487294
v 0.003082 -0.022041 0.469541
v 0.001499 -0.020356 0.468965
v 0.003082 -0.022041 0.467294
v -0.003265 -0.022016 0.508417
v -0.001508 -0.020356 0.508965
v -0.001605 -0.020356 0.508417
v -0.003227 -0.022022 0.488667
v -0.001508 -0.020356 0.488965
v -0.001605 -0.020356 0.488417
v -0.003265 -0.022016 0.468418
v -0.001508 -0.020356 0.468965
v -0.001605 -0.020356 0.468418
v 0.003256 -0.022016 0.508417
v 0.001595 -0.020356 0.508418
v 0.001499 -0.020356 0.507870
v 0.003217 -0.022022 0.488668
v 0.001499 -0.020356 0.487870
v 0.003256 -0.022016 0.468418
v 0.001595 -0.020356 0.468418
v 0.001499 -0.020356 0.467870
v 0.001595 -0.020356 0.488418
v -0.009103 -0.021961 0.589298
v -0.005005 -0.021603 0.591077
v -0.005005 -0.017623 0.587603
v 0.004995 -0.021603 0.591077
v 0.004995 -0.017623 0.589232
v 0.009113 -0.021954 0.589375
v -0.009439 -0.021820 0.590232
v 0.011640 -0.020727 0.582954
v 0.009946 -0.021587 0.591073
v 0.013113 -0.019829 0.574897
v 0.013113 -0.019829 0.513417
v 0.009935 -0.019918 0.513418
v -0.009950 -0.021589 0.591074
v -0.000967 -0.018931 0.463418
v -0.004767 -0.018349 0.463418
v -0.005971 -0.020924 0.463418
v 0.002872 -0.018737 0.463418
v -0.005005 -0.020555 0.593316
v -0.005005 -0.017623 0.589232
v 0.004995 -0.020555 0.593316
v 0.004995 -0.017066 0.590762
v -0.009755 -0.020555 0.593316
v -0.010102 -0.018201 0.591417
v -0.010460 -0.018913 0.589459
v 0.009745 -0.020555 0.593316
v 0.010832 -0.018913 0.587376
v 0.010451 -0.018913 0.589459
v -0.009945 -0.019918 0.488668
v -0.009945 -0.019918 0.463918
v 0.009935 -0.019918 0.488668
v 0.009935 -0.019918 0.463918
v 0.009712 -0.019470 0.463418
v -0.012218 -0.020398 0.579845
v -0.011199 -0.018201 0.585418
v -0.010841 -0.018913 0.587376
v -0.013123 -0.019829 0.574897
v -0.014001 -0.019220 0.570094
v -0.014852 -0.018573 0.565445
v -0.014852 -0.018573 0.513417
v -0.013444 -0.017752 0.513417
v -0.008372 -0.017014 0.463418
v -0.009722 -0.019470 0.463418
v 0.006594 -0.017773 0.463418
v 0.011482 -0.016861 0.583821
v 0.011190 -0.018201 0.585417
v -0.005005 -0.018937 0.595185
v -0.009413 -0.018937 0.595185
v -0.009810 -0.016861 0.593014
v -0.005005 -0.017066 0.590762
v 0.009403 -0.018937 0.595185
v 0.004995 -0.018937 0.595185
v 0.004995 -0.016019 0.592010
v 0.010092 -0.018201 0.591417
v -0.011491 -0.016861 0.583821
v -0.001605 -0.018888 0.508417
v -0.001508 -0.018896 0.508965
v -0.001605 -0.018888 0.488417
v -0.001508 -0.018896 0.488965
v -0.001605 -0.018888 0.468418
v -0.001508 -0.018896 0.468965
v -0.001230 -0.018916 0.509446
v -0.001508 -0.018896 0.507870
v -0.001230 -0.018916 0.489446
v -0.001508 -0.018896 0.487870
v -0.000962 -0.018932 0.469221
v -0.001508 -0.018896 0.467870
v -0.001230 -0.018916 0.507389
v -0.000962 -0.018932 0.487614
v -0.000962 -0.018932 0.467614
v -0.000283 -0.018954 0.509993
v -0.000805 -0.018939 0.509803
v -0.000805 -0.018939 0.507032
v -0.000283 -0.018954 0.489993
v -0.000630 -0.018945 0.489500
v -0.000805 -0.018939 0.487032
v -0.000222 -0.018954 0.469649
v -0.000805 -0.018939 0.469803
v -0.000805 -0.018939 0.467032
v 0.000273 -0.018954 0.506842
v -0.000222 -0.018954 0.507187
v 0.000212 -0.018954 0.487187
v -0.000283 -0.018954 0.486842
v 0.000212 -0.018954 0.467187
v -0.000283 -0.018954 0.466842
v 0.000795 -0.018939 0.509803
v 0.000212 -0.018954 0.509649
v 0.000795 -0.018939 0.489803
v 0.000212 -0.018954 0.489649
v 0.000620 -0.018945 0.469500
v 0.000273 -0.018954 0.469993
v 0.000953 -0.018932 0.509221
v 0.000795 -0.018939 0.507032
v 0.000953 -0.018932 0.489221
v 0.000795 -0.018939 0.487032
v 0.001221 -0.018916 0.469446
v 0.000795 -0.018939 0.467032
v 0.001499 -0.018896 0.508965
v 0.000953 -0.018932 0.507614
v 0.001499 -0.018896 0.488965
v 0.000953 -0.018932 0.487614
v 0.001170 -0.018919 0.468845
v 0.000953 -0.018932 0.467614
v 0.001245 -0.018915 0.508417
v 0.001499 -0.018896 0.507870
v 0.001245 -0.018915 0.488418
v 0.001499 -0.018896 0.487870
v 0.001595 -0.018888 0.468418
v 0.001499 -0.018896 0.467870
v -0.013444 -0.017752 0.488668
v -0.013444 -0.017752 0.463918
v 0.013434 -0.017752 0.488668
v 0.013434 -0.017752 0.513418
v 0.013434 -0.017752 0.463918
v 0.013133 -0.017352 0.463418
v -0.011682 -0.015057 0.582779
v 0.013992 -0.019220 0.570094
v 0.011672 -0.015057 0.582779
v 0.014842 -0.018573 0.565445
v 0.016451 -0.017167 0.513417
v 0.016451 -0.017167 0.556646
v 0.015662 -0.017888 0.560959
v -0.011635 -0.014980 0.463418
v -0.013142 -0.017352 0.463418
v 0.010046 -0.016080 0.463418
v 0.011738 -0.013005 0.582417
v -0.000967 -0.018931 0.513417
v 0.002872 -0.018737 0.513417
v -0.005005 -0.016872 0.596544
v -0.009165 -0.016872 0.596544
v -0.009620 -0.015057 0.594056
v -0.005005 -0.016019 0.592010
v 0.009155 -0.016872 0.596544
v 0.004995 -0.016872 0.596544
v 0.004995 -0.014609 0.592825
v 0.009801 -0.016861 0.593014
v -0.004767 -0.018349 0.513417
v -0.000790 -0.012431 0.513418
v -0.003868 -0.011844 0.513417
v -0.004767 -0.018349 0.488418
v 0.002872 -0.018737 0.488418
v -0.009005 -0.018201 0.585417
v -0.009005 -0.018913 0.587376
v -0.009005 -0.018913 0.589459
v -0.009005 -0.017623 0.589232
v -0.009005 -0.017066 0.590762
v -0.009005 -0.018201 0.591417
v -0.009005 -0.017623 0.587603
v 0.008995 -0.018201 0.591417
v 0.008995 -0.018913 0.589459
v 0.008995 -0.018913 0.587376
v 0.008995 -0.017623 0.589232
v 0.008995 -0.017623 0.587603
v 0.008995 -0.018201 0.585417
v 0.008995 -0.017066 0.586072
v 0.006594 -0.017773 0.488418
v 0.006594 -0.017773 0.513417
v 0.002338 -0.012234 0.513417
v -0.015672 -0.017888 0.560959
v -0.011748 -0.013005 0.582417
v -0.016461 -0.017167 0.556646
v -0.017216 -0.016412 0.552514
v -0.017937 -0.015623 0.548571
v -0.017937 -0.015623 0.513417
v -0.016485 -0.014979 0.513417
v -0.008372 -0.017014 0.513417
v -0.008372 -0.017014 0.488418
v -0.009005 -0.016861 0.583821
v -0.009005 -0.016019 0.592010
v -0.009005 -0.016861 0.593014
v -0.009005 -0.017066 0.586072
v 0.008995 -0.016861 0.593014
v 0.008995 -0.017066 0.590762
v 0.008995 -0.016861 0.583821
v 0.008995 -0.016019 0.584825
v 0.010046 -0.016080 0.488418
v 0.010046 -0.016080 0.513418
v 0.005317 -0.011266 0.513417
v -0.016485 -0.014979 0.488668
v -0.016485 -0.014979 0.463918
v 0.016475 -0.014979 0.488668
v 0.016475 -0.014979 0.513418
v 0.016475 -0.014979 0.463918
v 0.016106 -0.014642 0.463418
v -0.014421 -0.012332 0.463418
v -0.016115 -0.014642 0.463418
v 0.017207 -0.016412 0.552514
v 0.017928 -0.015623 0.548571
v 0.019260 -0.013952 0.513417
v 0.019260 -0.013952 0.541286
v 0.018613 -0.014803 0.544826
v -0.009005 -0.016019 0.584825
v 0.008995 -0.016019 0.592010
v -0.011635 -0.014980 0.513417
v -0.006703 -0.010510 0.513417
v -0.011635 -0.014980 0.488418
v -0.005005 -0.014515 0.597290
v -0.009028 -0.014515 0.597290
v -0.005005 -0.014609 0.592825
v 0.009019 -0.014515 0.597290
v 0.004995 -0.014515 0.597290
v 0.009610 -0.015057 0.594056
v -0.009005 -0.015057 0.582779
v -0.009005 -0.014609 0.592825
v -0.009005 -0.015057 0.594056
v 0.008995 -0.015057 0.594056
v 0.008995 -0.015057 0.582779
v 0.008995 -0.014609 0.584010
v 0.013086 -0.013727 0.488418
v 0.013086 -0.013727 0.513418
v 0.007963 -0.009587 0.513418
v 0.013086 -0.013727 0.463418
v -0.009005 -0.014609 0.584010
v 0.008995 -0.014609 0.592825
v -0.018622 -0.014803 0.544826
v -0.019878 -0.013074 0.537959
v -0.020447 -0.012169 0.513417
v -0.019269 -0.013952 0.541286
v -0.018965 -0.011695 0.513417
v -0.009005 -0.013005 0.582417
v -0.009553 -0.013005 0.594417
v -0.009005 -0.013005 0.593107
v -0.009005 -0.013005 0.594417
v 0.008995 -0.013005 0.594417
v 0.008995 -0.013005 0.582417
v 0.008995 -0.013005 0.583727
v 0.009544 -0.013005 0.594418
v -0.014421 -0.012332 0.513417
v -0.009117 -0.008513 0.513417
v -0.014421 -0.012332 0.488418
v -0.018965 -0.011695 0.504795
v -0.018709 -0.012099 0.504394
v -0.018571 -0.012308 0.503932
v -0.018432 -0.012038 0.503418
v -0.018965 -0.011695 0.488668
v -0.018745 -0.011497 0.474500
v -0.018709 -0.012099 0.474394
v -0.018571 -0.012308 0.473932
v -0.018432 -0.012038 0.473418
v -0.018571 -0.012308 0.502903
v -0.018709 -0.012099 0.502441
v -0.018965 -0.011695 0.502040
v -0.018571 -0.012308 0.472903
v -0.018709 -0.012099 0.472441
v -0.018965 -0.011695 0.472040
v -0.018965 -0.011695 0.463918
v 0.018561 -0.012308 0.503932
v 0.018699 -0.012099 0.504394
v 0.018735 -0.011497 0.504500
v 0.018955 -0.011695 0.513417
v 0.018423 -0.012038 0.503418
v 0.018561 -0.012308 0.473932
v 0.018569 -0.011785 0.474221
v 0.018914 -0.011760 0.474741
v 0.018955 -0.011695 0.488668
v 0.018912 -0.011765 0.502087
v 0.018569 -0.011785 0.502614
v 0.018561 -0.012308 0.502903
v 0.018423 -0.012038 0.473418
v 0.018955 -0.011695 0.463918
v 0.018735 -0.011497 0.472335
v 0.018699 -0.012099 0.472441
v 0.018561 -0.012308 0.472903
v 0.018530 -0.011432 0.463418
v -0.016617 -0.009176 0.463418
v -0.018539 -0.011432 0.463418
v -0.005005 -0.013005 0.593107
v -0.009005 -0.013005 0.583727
v 0.004995 -0.013005 0.593107
v 0.008995 -0.013005 0.593107
v 0.004995 -0.013005 0.583727
v -0.005005 -0.012044 0.597366
v -0.009014 -0.012044 0.597366
v 0.009005 -0.012044 0.597366
v 0.004995 -0.012044 0.597366
v 0.019868 -0.013074 0.537959
v 0.020437 -0.012169 0.534850
v 0.021449 -0.010288 0.513417
v 0.021449 -0.010288 0.529313
v 0.020964 -0.011240 0.531966
v 0.015590 -0.010810 0.488418
v 0.015590 -0.010810 0.513418
v 0.015590 -0.010810 0.463418
v -0.020447 -0.012169 0.534850
v -0.021901 0.009403 0.526896
v -0.011682 -0.010953 0.582779
v 0.021891 0.009403 0.526896
v 0.011672 -0.010953 0.582779
v -0.009005 -0.010953 0.582779
v -0.009620 -0.010953 0.594056
v -0.009005 -0.011401 0.592825
v -0.009005 -0.010953 0.594056
v -0.005005 -0.011401 0.592825
v -0.009005 -0.011401 0.584010
v -0.005005 -0.009646 0.596767
v -0.005005 -0.011401 0.584010
v 0.004995 -0.011401 0.592825
v 0.008995 -0.011401 0.592825
v 0.004995 -0.011401 0.584010
v 0.008995 -0.010953 0.594056
v 0.008995 -0.011401 0.584010
v 0.008995 -0.010953 0.582779
v 0.009114 -0.009646 0.596767
v 0.009610 -0.010953 0.594056
v -0.012403 0.013668 0.539205
v -0.012301 -0.012956 0.540020
v -0.012422 -0.012956 0.539208
v -0.012406 -0.012956 0.536205
v -0.012472 0.013895 0.538663
v -0.008271 -0.012956 0.528395
v -0.010269 -0.012956 0.530637
v -0.012485 0.014561 0.537070
v -0.011675 -0.012956 0.533292
v -0.012385 0.014922 0.536207
v -0.012301 0.013327 0.540020
v -0.011972 0.015777 0.534162
v -0.012315 0.015174 0.535604
v -0.011655 0.016138 0.533299
v -0.010113 -0.007310 0.530418
v -0.010113 0.007398 0.530418
v -0.008271 -0.009332 0.528395
v -0.009117 -0.008513 0.529214
v -0.010795 0.016907 0.531460
v -0.011095 0.016660 0.532052
v -0.009996 0.017410 0.530259
v -0.010405 0.017152 0.530874
v -0.011462 0.016358 0.532773
v -0.005796 -0.012956 0.526694
v -0.005796 -0.011033 0.526694
v -0.006703 -0.010510 0.527217
v -0.002986 -0.012956 0.525632
v -0.002986 -0.012095 0.525632
v -0.003868 -0.011844 0.525883
v -0.005005 -0.001767 0.579917
v -0.005005 -0.009990 0.584825
v -0.000005 -0.012956 0.525271
v -0.000790 -0.012431 0.525296
v 0.002977 -0.012956 0.525632
v 0.008262 -0.012956 0.528395
v 0.005786 -0.012956 0.526694
v 0.002338 -0.012234 0.525493
v 0.012291 -0.012956 0.540020
v 0.005317 -0.011266 0.526461
v 0.002977 -0.012095 0.525632
v 0.004995 -0.001767 0.579917
v 0.007963 -0.009587 0.528140
v 0.005786 -0.011033 0.526694
v 0.010260 -0.012956 0.530637
v 0.009238 -0.008371 0.529356
v 0.012412 -0.012956 0.539208
v 0.012397 -0.012956 0.536205
v 0.011665 -0.012956 0.533292
v 0.010394 0.017152 0.530875
v 0.010103 0.007398 0.530417
v 0.010103 -0.007310 0.530417
v 0.011495 0.016317 0.532871
v 0.011086 0.016660 0.532052
v 0.010829 0.016875 0.531537
v 0.012382 0.014922 0.536206
v 0.011998 0.015728 0.534280
v 0.012390 0.013668 0.539205
v 0.012291 0.013327 0.540020
v 0.012455 0.013895 0.538662
v 0.012476 0.014467 0.537295
v -0.015799 -0.010518 0.503418
v -0.016138 -0.009992 0.504500
v -0.016617 -0.009176 0.513417
v -0.010959 -0.005978 0.513418
v -0.015799 -0.010518 0.473418
v -0.015960 -0.010273 0.474221
v -0.016350 -0.009643 0.474649
v -0.016617 -0.009176 0.488418
v -0.015960 -0.010273 0.502614
v -0.016350 -0.009643 0.502186
v -0.015960 -0.010273 0.472614
v -0.016350 -0.009643 0.472187
v -0.020974 -0.011240 0.531966
v -0.021459 -0.010288 0.529313
v -0.021901 -0.009315 0.526896
v -0.022299 -0.008323 0.513417
v -0.020799 -0.008011 0.513417
v -0.009124 -0.009646 0.596767
v 0.004995 -0.009646 0.596767
v 0.015789 -0.010518 0.503418
v 0.015950 -0.010273 0.504221
v 0.015789 -0.010518 0.473418
v 0.015950 -0.010273 0.474221
v 0.015950 -0.010273 0.502614
v 0.015950 -0.010273 0.472614
v -0.019575 -0.010646 0.504869
v -0.019317 -0.011106 0.501868
v -0.019166 -0.010768 0.474649
v -0.019200 -0.011306 0.474949
v -0.020799 -0.008011 0.488668
v -0.019317 -0.011106 0.471868
v -0.020799 -0.008011 0.463918
v 0.019172 -0.011338 0.504942
v 0.020789 -0.008011 0.513417
v 0.019308 -0.011105 0.501868
v 0.018939 -0.011144 0.474649
v 0.020789 -0.008011 0.488668
v 0.019172 -0.011338 0.471893
v 0.020789 -0.008011 0.463918
v 0.019441 -0.010872 0.471893
v 0.020323 -0.007831 0.463418
v -0.018949 -0.011144 0.504649
v 0.016340 -0.009643 0.504649
v 0.016557 -0.009267 0.474649
v -0.018133 -0.005644 0.463418
v -0.020333 -0.007831 0.463418
v -0.009005 -0.009990 0.592010
v -0.005005 -0.009990 0.592010
v -0.009005 -0.009990 0.584825
v -0.009005 -0.009148 0.583821
v -0.005005 -0.007501 0.595538
v 0.004995 -0.009990 0.592010
v 0.008995 -0.009990 0.592010
v 0.004995 -0.009990 0.584825
v 0.008995 -0.009148 0.593014
v 0.008995 -0.009990 0.584825
v -0.016617 -0.009176 0.504611
v 0.019441 -0.010872 0.504942
v 0.016340 -0.009643 0.502186
v 0.016340 -0.009643 0.472187
v 0.019441 -0.010872 0.474942
v -0.011491 -0.009148 0.583821
v -0.019151 0.014203 0.541936
v -0.019823 0.013246 0.538262
v -0.020447 0.012258 0.534850
v -0.020974 0.011328 0.531966
v -0.021459 0.010376 0.529313
v -0.009810 -0.009148 0.593014
v -0.009005 -0.009148 0.593014
v 0.011482 -0.009148 0.583821
v 0.008995 -0.009148 0.583821
v 0.009339 -0.007501 0.595538
v 0.009801 -0.009148 0.593014
v 0.019260 0.014041 0.541286
v 0.019868 0.013162 0.537959
v 0.021449 0.010376 0.529313
v 0.020964 0.011328 0.531966
v 0.020437 0.012258 0.534850
v -0.019576 -0.010646 0.501967
v -0.019575 -0.010646 0.471967
v 0.019566 -0.010646 0.501967
v 0.017455 -0.007448 0.513417
v 0.010108 -0.007303 0.513417
v 0.017455 -0.007448 0.488418
v 0.017455 -0.007448 0.463418
v -0.016617 -0.009176 0.502224
v -0.016763 -0.008909 0.474500
v -0.016763 -0.008909 0.472335
v 0.016908 -0.008614 0.504221
v 0.019360 -0.010414 0.504500
v 0.019360 -0.010414 0.474500
v 0.019360 -0.010414 0.472335
v -0.019690 -0.010434 0.474748
v -0.019873 -0.010082 0.504394
v -0.019873 -0.010082 0.502441
v -0.019873 -0.010082 0.474394
v -0.019873 -0.010082 0.472441
v 0.019863 -0.010082 0.504394
v 0.019527 -0.010126 0.502614
v 0.019863 -0.010082 0.474394
v 0.019635 -0.009938 0.473845
v 0.019863 -0.010082 0.472441
v -0.016917 -0.008614 0.502614
v -0.017015 -0.008420 0.472990
v 0.016753 -0.008909 0.502335
v 0.016908 -0.008614 0.474221
v 0.016753 -0.008909 0.472335
v 0.021891 -0.009315 0.526896
v 0.022289 -0.008323 0.524721
v 0.022950 -0.006291 0.513418
v 0.022950 -0.006291 0.521110
v 0.022642 -0.007314 0.522791
v -0.019985 -0.009858 0.503932
v -0.016917 -0.008614 0.504221
v -0.017049 -0.008353 0.503418
v -0.019645 -0.009938 0.502990
v -0.019985 -0.009858 0.473932
v -0.017015 -0.008420 0.473845
v -0.019645 -0.009938 0.472990
v 0.019673 -0.009873 0.503418
v 0.019635 -0.009938 0.472990
v 0.019976 -0.009858 0.503932
v 0.019976 -0.009858 0.502903
v -0.009005 -0.008943 0.590762
v -0.005005 -0.008943 0.590762
v -0.009005 -0.008943 0.586072
v -0.009005 -0.007808 0.585417
v -0.005005 -0.005771 0.593772
v -0.005005 -0.008943 0.586072
v 0.004995 -0.008943 0.590762
v 0.008995 -0.008943 0.590762
v 0.004995 -0.007501 0.595538
v 0.004995 -0.008943 0.586072
v 0.008995 -0.007808 0.591417
v 0.008995 -0.008943 0.586072
v -0.020023 -0.009782 0.503418
v -0.020023 -0.009782 0.473418
v 0.017006 -0.008420 0.502990
v 0.017005 -0.008420 0.472990
v 0.020014 -0.009782 0.473418
v -0.009348 -0.007501 0.595538
v -0.022299 -0.008323 0.524721
v -0.022299 0.008411 0.524721
v 0.022289 0.008411 0.524721
v -0.018133 -0.005644 0.513418
v -0.012112 -0.003064 0.513418
v -0.018133 -0.005644 0.488418
v -0.011199 -0.007808 0.585418
v -0.010102 -0.007808 0.591417
v -0.009005 -0.007808 0.591417
v 0.011190 -0.007808 0.585417
v 0.008995 -0.007808 0.585417
v 0.009662 -0.005771 0.593772
v 0.010092 -0.007808 0.591417
v 0.019141 0.014203 0.541936
v -0.009005 -0.008386 0.589232
v -0.005005 -0.008386 0.589232
v -0.009005 -0.008386 0.587603
v -0.009005 -0.007096 0.587376
v -0.005005 -0.004587 0.591602
v -0.005005 -0.008386 0.587603
v 0.004995 -0.008386 0.589232
v 0.008995 -0.008386 0.589232
v 0.004995 -0.005771 0.593772
v 0.004995 -0.008386 0.587603
v 0.004995 -0.003132 0.587756
v 0.008995 -0.007096 0.589459
v 0.008995 -0.008386 0.587603
v -0.009005 -0.007096 0.589459
v -0.005005 -0.003132 0.587756
v 0.004995 -0.004587 0.591602
v 0.008995 -0.007096 0.587376
v -0.022652 -0.007314 0.522791
v -0.022652 0.007403 0.522791
v -0.022959 -0.006291 0.521110
v -0.023220 -0.005255 0.519682
v -0.023435 -0.004208 0.513417
v -0.021925 -0.004053 0.513417
v -0.021925 -0.004053 0.488668
v -0.021925 -0.004053 0.463918
v 0.021915 -0.004053 0.488668
v 0.021915 -0.004053 0.513418
v 0.021915 -0.004053 0.463918
v 0.021424 -0.003961 0.463418
v -0.018907 -0.001878 0.463418
v -0.021434 -0.003961 0.463418
v -0.010841 -0.007096 0.587376
v -0.009671 -0.005771 0.593772
v -0.010460 -0.007096 0.589459
v 0.010832 -0.007096 0.587376
v 0.010059 -0.004587 0.591602
v 0.010451 -0.007096 0.589459
v 0.018606 -0.003780 0.488418
v 0.018606 -0.003780 0.513417
v 0.011617 -0.004557 0.513418
v 0.018606 -0.003780 0.463418
v -0.022959 0.006379 0.521110
v 0.022642 0.007403 0.522791
v -0.010959 -0.005978 0.530418
v -0.010959 0.006066 0.530418
v 0.011617 -0.004557 0.530418
v 0.011617 0.004646 0.530418
v -0.010068 -0.004587 0.591602
v 0.023211 -0.005255 0.519682
v 0.022950 0.006379 0.521110
v 0.023211 0.005343 0.519682
v 0.023712 -0.002090 0.513417
v 0.023712 -0.002090 0.516942
v 0.023592 -0.003152 0.517596
v 0.023425 -0.004208 0.518510
v -0.012112 -0.003064 0.530418
v -0.018907 -0.001878 0.513417
v -0.018907 -0.001878 0.488418
v -0.023435 -0.004208 0.518510
v -0.023435 0.004296 0.518510
v -0.023220 0.005343 0.519682
v 0.012397 -0.001522 0.513417
v 0.012397 -0.001522 0.530417
v -0.023602 -0.003152 0.517596
v -0.023721 -0.002090 0.516942
v -0.023793 -0.001024 0.516549
v -0.023817 0.000044 0.513417
v -0.022305 0.000044 0.513417
v 0.023425 0.004296 0.518510
v 0.023592 0.003241 0.517596
v -0.022305 0.000044 0.488668
v -0.022305 0.000044 0.463918
v 0.022295 0.000044 0.488667
v 0.022295 0.000044 0.513417
v 0.022295 0.000044 0.463918
v 0.021795 0.000044 0.463418
v -0.019005 0.000044 0.463418
v -0.021805 0.000044 0.463418
v 0.018995 0.000044 0.488418
v 0.018995 0.000044 0.513417
v 0.018995 0.000044 0.463418
v -0.023721 0.002179 0.516942
v -0.023602 0.003241 0.517596
v -0.013599 0.014649 0.540757
v 0.013590 0.014649 0.540757
v -0.012505 0.000044 0.530417
v -0.012112 0.003153 0.530418
v -0.012505 0.000044 0.513417
v 0.023784 -0.001024 0.516549
v 0.023712 0.002179 0.516942
v 0.023784 0.001113 0.516549
v 0.023808 0.000044 0.513417
v 0.023808 0.000044 0.516417
v -0.019005 0.000044 0.513417
v -0.018907 0.001966 0.488418
v 0.012397 0.001611 0.513417
v 0.012397 0.001611 0.530417
v -0.023817 0.000044 0.516417
v -0.023793 0.001113 0.516549
v 0.018606 0.003869 0.488418
v 0.018606 0.003869 0.513417
v 0.018606 0.003869 0.463418
v -0.018907 0.001966 0.513417
v -0.012112 0.003153 0.513418
v -0.023435 0.004296 0.513417
v -0.021925 0.004142 0.513417
v 0.021424 0.004050 0.463418
v 0.021915 0.004142 0.488668
v 0.021915 0.004142 0.513418
v 0.023712 0.002179 0.513417
v 0.022950 0.006379 0.513418
v 0.021915 0.004142 0.463918
v -0.018907 0.001966 0.463418
v -0.021925 0.004142 0.488668
v -0.021925 0.004142 0.463918
v -0.021434 0.004050 0.463418
v 0.011617 0.004646 0.513418
v 0.017455 0.007537 0.513417
v -0.018133 0.005732 0.513418
v -0.018133 0.005732 0.488418
v -0.018133 0.005732 0.463418
v -0.010959 0.006066 0.513418
v 0.017455 0.007537 0.488418
v 0.017455 0.007537 0.463418
v 0.020323 0.007919 0.463418
v -0.020333 0.007919 0.463418
v -0.020799 0.008100 0.463918
v -0.020799 0.008100 0.513417
v -0.020799 0.008100 0.488668
v 0.020789 0.008100 0.488668
v 0.020789 0.008100 0.513417
v 0.021449 0.010376 0.513417
v 0.020789 0.008100 0.463918
v -0.022299 0.008411 0.513417
v 0.010108 0.007392 0.513417
v 0.015590 0.010898 0.513418
v -0.016617 0.009265 0.513417
v -0.016617 0.009265 0.488418
v -0.016617 0.009265 0.463418
v -0.009117 0.008601 0.513417
v -0.009117 0.008601 0.529214
v 0.007963 0.009676 0.513418
v 0.013086 0.013815 0.513418
v 0.009238 0.008460 0.529356
v 0.007963 0.009676 0.528140
v 0.015590 0.010898 0.488418
v 0.015590 0.010898 0.463418
v 0.018530 0.011520 0.463418
v -0.018539 0.011520 0.463418
v -0.018965 0.011784 0.463918
v -0.018965 0.011784 0.513417
v -0.018965 0.011784 0.488668
v 0.018955 0.011784 0.488668
v 0.018955 0.011784 0.513417
v 0.019260 0.014041 0.513417
v 0.018955 0.011784 0.463918
v -0.020447 0.012258 0.513417
v 0.010009 0.017397 0.530289
v -0.008271 0.009421 0.528395
v -0.014421 0.012420 0.513417
v -0.006703 0.010598 0.513417
v -0.006703 0.010598 0.527217
v -0.014421 0.012420 0.488418
v -0.014421 0.012420 0.463418
v -0.009023 0.017888 0.529116
v -0.009588 0.017610 0.529780
v -0.008260 0.018184 0.528407
v -0.008660 0.018029 0.528778
v 0.009578 0.017610 0.529780
v 0.009052 0.017871 0.529156
v 0.008650 0.018029 0.528779
v 0.008251 0.018185 0.528406
v 0.007616 0.018402 0.527887
v 0.005786 0.011122 0.526694
v 0.005317 0.011355 0.513417
v 0.010046 0.016168 0.513418
v -0.005796 0.011122 0.526694
v -0.007626 0.018402 0.527886
v -0.011635 0.015069 0.513417
v -0.008372 0.017103 0.513417
v -0.003868 0.011932 0.513417
v -0.003868 0.011932 0.525883
v 0.013086 0.013815 0.488418
v 0.013086 0.013815 0.463418
v 0.016106 0.014731 0.463418
v -0.005790 0.018896 0.526705
v -0.006796 0.018657 0.527277
v 0.006492 0.018726 0.527111
v 0.005780 0.018896 0.526704
v 0.005317 0.011355 0.526461
v 0.005290 0.018998 0.526463
v 0.004024 0.019212 0.525949
v 0.002977 0.012183 0.525632
v 0.002338 0.012323 0.513417
v 0.002872 0.018825 0.513417
v 0.006594 0.017862 0.513417
v -0.016115 0.014731 0.463418
v -0.016485 0.015068 0.463918
v -0.016485 0.015068 0.513417
v -0.016485 0.015068 0.488668
v 0.016475 0.015068 0.488668
v 0.016475 0.015068 0.513418
v 0.016451 0.017256 0.513417
v 0.016475 0.015068 0.463918
v -0.004222 0.019189 0.526004
v -0.005300 0.018998 0.526462
v -0.002986 0.012183 0.525632
v -0.004767 0.018438 0.513417
v -0.000790 0.012520 0.513418
v -0.000790 0.012520 0.525296
v -0.001370 0.019463 0.525350
v -0.002984 0.019342 0.525639
v 0.002975 0.019342 0.525639
v 0.002338 0.012323 0.525493
v -0.017937 0.015711 0.537948
v -0.017937 0.015711 0.513417
v 0.001361 0.019463 0.525350
v -0.000005 0.012544 0.525271
v -0.000967 0.019020 0.513417
v -0.011635 0.015069 0.488418
v -0.011635 0.015069 0.463418
v -0.000005 0.019496 0.525271
v -0.013793 0.015236 0.539203
v 0.013669 0.014829 0.540280
v 0.010046 0.016168 0.488418
v 0.010046 0.016168 0.463418
v 0.013133 0.017441 0.463418
v 0.013760 0.015217 0.539255
v 0.013808 0.015421 0.538717
v 0.017861 0.015787 0.537748
v 0.016451 0.017256 0.533866
v 0.013784 0.015788 0.537745
v -0.013810 0.015829 0.537636
v 0.013770 0.016013 0.537150
v -0.013142 0.017441 0.463418
v -0.013444 0.017840 0.463918
v -0.013666 0.016358 0.536240
v 0.013644 0.016357 0.536242
v -0.013444 0.017840 0.513417
v -0.013444 0.017840 0.488668
v 0.013434 0.017840 0.488668
v 0.013434 0.017840 0.513418
v 0.013113 0.019918 0.513417
v 0.013434 0.017840 0.463918
v -0.008372 0.017103 0.488418
v -0.008372 0.017103 0.463418
v 0.013554 0.016600 0.535599
v -0.013313 0.016999 0.534544
v 0.013340 0.016916 0.534763
v -0.016461 0.017256 0.533866
v -0.014852 0.018662 0.513417
v -0.012895 0.017461 0.533322
v 0.013166 0.017173 0.534085
v 0.012877 0.017460 0.533325
v 0.006594 0.017862 0.488418
v 0.006594 0.017862 0.463418
v 0.005961 0.021012 0.463418
v 0.009712 0.019559 0.463418
v 0.012611 0.017724 0.532629
v -0.012135 0.018094 0.531649
v 0.012259 0.017981 0.531947
v 0.011898 0.018246 0.531249
v -0.011312 0.018595 0.530325
v -0.004767 0.018438 0.488418
v -0.009722 0.019559 0.463418
v -0.004767 0.018438 0.463418
v 0.011495 0.018474 0.530645
v 0.011038 0.018733 0.529962
v -0.014852 0.018662 0.530150
v 0.014842 0.018662 0.530150
v 0.013113 0.019918 0.526830
v -0.010348 0.019057 0.529105
v -0.009945 0.020006 0.463918
v 0.010593 0.018932 0.529434
v -0.009945 0.020006 0.513417
v -0.009945 0.020006 0.488668
v 0.009935 0.020006 0.488668
v 0.009935 0.020006 0.513418
v 0.009354 0.021940 0.513418
v 0.009935 0.020006 0.463918
v 0.002872 0.018825 0.488418
v 0.002872 0.018825 0.463418
v 0.002007 0.021751 0.463418
v 0.010044 0.019179 0.528783
v -0.009576 0.019351 0.528326
v 0.009564 0.019350 0.528329
v -0.008054 0.019839 0.527037
v 0.008929 0.019578 0.527726
v 0.008421 0.019724 0.527343
v -0.001255 0.019003 0.503418
v -0.001255 0.019003 0.473418
v -0.000967 0.019020 0.488418
v -0.000967 0.019020 0.502622
v -0.005971 0.021012 0.463418
v -0.000967 0.019020 0.463418
v -0.000967 0.019020 0.472622
v -0.013123 0.019918 0.526830
v 0.007707 0.019928 0.526803
v -0.007186 0.020048 0.526486
v -0.011289 0.021013 0.513417
v 0.007177 0.020047 0.526487
v -0.006755 0.020151 0.526212
v 0.000212 0.019043 0.504649
v 0.000953 0.019020 0.504221
v 0.001170 0.019008 0.502990
v 0.000620 0.019034 0.474500
v 0.001170 0.019008 0.473845
v -0.000222 0.019043 0.474649
v 0.000620 0.019034 0.502335
v 0.001170 0.019008 0.472990
v -0.002016 0.021751 0.463418
v 0.000212 0.019043 0.472187
v -0.005856 0.020318 0.525772
v 0.006395 0.020223 0.526022
v 0.005009 0.020461 0.525393
v 0.005846 0.020317 0.525773
v -0.005379 0.020406 0.525539
v 0.001245 0.022044 0.503418
v 0.001245 0.022044 0.473418
v 0.000953 0.022044 0.472614
v -0.000967 0.019020 0.504213
v -0.001255 0.022044 0.503418
v -0.000962 0.022044 0.502614
v -0.000967 0.019020 0.474213
v -0.001255 0.022044 0.473418
v 0.000620 0.022044 0.502335
v 0.000953 0.022044 0.474221
v -0.001169 0.022314 0.472441
v -0.000222 0.019043 0.502186
v -0.000962 0.022044 0.504221
v -0.000630 0.022044 0.474500
v 0.000620 0.022044 0.504500
v -0.000222 0.022044 0.504649
v -0.000630 0.022044 0.472335
v 0.000212 0.022044 0.472187
v -0.000533 0.022338 0.501967
v 0.000212 0.022044 0.474649
v 0.004446 0.020531 0.525208
v -0.004455 0.020531 0.525208
v -0.003940 0.020601 0.525023
v 0.003565 0.020640 0.524920
v -0.003002 0.020686 0.524800
v 0.011279 0.021013 0.523933
v -0.011289 0.021013 0.523933
v 0.002993 0.020685 0.524800
v -0.002458 0.020734 0.524671
v 0.002079 0.020758 0.524609
v -0.001512 0.020779 0.524553
v 0.001503 0.020779 0.524553
v -0.000950 0.020805 0.524483
v 0.000568 0.020813 0.524463
v -0.000004 0.020810 0.524471
v -0.006107 0.021493 0.463918
v 0.009354 0.021940 0.521483
v -0.006107 0.021493 0.513417
v -0.006107 0.021493 0.488667
v 0.006098 0.021493 0.488668
v 0.006098 0.021493 0.513418
v 0.005294 0.023260 0.513417
v 0.006098 0.021493 0.463918
v -0.009364 0.021940 0.521483
v 0.007354 0.022691 0.519498
v -0.007363 0.022691 0.519498
v 0.005294 0.023260 0.517996
v -0.005304 0.023260 0.517996
v 0.003192 0.023641 0.516987
v -0.003201 0.023641 0.516987
v 0.001064 0.023833 0.516481
v -0.001073 0.023833 0.516481
v -0.002062 0.022249 0.463918
v -0.007363 0.022691 0.513417
v -0.002062 0.022249 0.513418
v -0.002062 0.022249 0.488668
v 0.002053 0.022249 0.488667
v 0.002053 0.022249 0.513417
v 0.001064 0.023833 0.513417
v 0.002053 0.022249 0.463918
v -0.001419 0.022299 0.503932
v -0.001419 0.022299 0.502903
v -0.001419 0.022299 0.473932
v -0.001169 0.022314 0.474394
v -0.001419 0.022299 0.472903
v -0.000773 0.022331 0.504748
v -0.000005 0.022344 0.501868
v -0.000274 0.022343 0.474942
v -0.000274 0.022343 0.471893
v 0.000264 0.022343 0.504942
v 0.000764 0.022331 0.474748
v 0.000764 0.022331 0.472087
v 0.001159 0.022314 0.504394
v 0.001410 0.022299 0.503932
v 0.001159 0.022314 0.502441
v 0.001410 0.022299 0.502903
v 0.001410 0.022299 0.473932
v 0.001410 0.022299 0.472903
v -0.003201 0.023641 0.513417
v 0.002195 -0.012956 0.377843
v -0.001680 -0.012956 0.377843
v 0.002195 -0.012956 0.375918
v -0.001680 -0.012956 0.375918
v -0.001847 -0.010833 0.375918
v 0.002195 -0.012956 0.388418
v 0.001145 -0.012956 0.380918
v 0.000747 -0.013181 0.380644
v 0.000876 -0.012956 0.380178
v 0.000395 -0.013181 0.380225
v 0.000195 -0.012956 0.379785
v 0.002195 -0.012956 0.403418
v 0.001076 -0.012956 0.395524
v 0.000608 -0.013181 0.395403
v 0.000570 -0.012956 0.394922
v 0.000134 -0.013181 0.395130
v -0.001280 -0.012956 0.388418
v 0.000395 -0.013181 0.381610
v 0.000876 -0.012956 0.381657
v 0.000747 -0.013181 0.381191
v -0.000580 -0.012956 0.381914
v 0.000195 -0.012956 0.382050
v 0.000608 -0.013181 0.410403
v 0.000570 -0.012956 0.409922
v 0.000134 -0.013181 0.410130
v -0.001680 -0.012956 0.403418
v 0.001708 -0.012956 0.418418
v 0.000795 -0.013181 0.410918
v 0.001076 -0.012956 0.410524
v -0.000580 -0.012956 0.396913
v 0.000134 -0.013181 0.396705
v 0.000876 -0.012956 0.396657
v 0.000747 -0.013181 0.396191
v 0.000876 -0.012956 0.425178
v 0.000395 -0.013181 0.425225
v 0.000195 -0.012956 0.424785
v -0.001280 -0.012956 0.418418
v 0.002195 -0.012956 0.433418
v 0.001145 -0.012956 0.425918
v 0.000747 -0.013181 0.425644
v 0.000395 -0.013181 0.411610
v 0.000876 -0.012956 0.411657
v -0.000580 -0.012956 0.411914
v 0.000195 -0.012956 0.412050
v 0.002195 -0.012956 0.460918
v 0.001708 -0.012956 0.448418
v 0.001145 -0.012956 0.440918
v 0.000747 -0.013181 0.440644
v 0.000570 -0.012956 0.439922
v 0.000134 -0.013181 0.440130
v -0.001680 -0.012956 0.433418
v 0.000570 -0.012956 0.426913
v 0.000747 -0.013181 0.426191
v -0.000580 -0.012956 0.426913
v 0.000134 -0.013181 0.426705
v 0.000795 -0.013181 0.455918
v 0.001076 -0.012956 0.455524
v 0.000608 -0.013181 0.455403
v 0.000570 -0.012956 0.454922
v 0.000134 -0.013181 0.455130
v -0.001280 -0.012956 0.448418
v 0.000395 -0.013181 0.441610
v 0.000876 -0.012956 0.441657
v 0.000747 -0.013181 0.441191
v -0.000580 -0.012956 0.441913
v 0.000195 -0.012956 0.442050
v -0.001816 -0.011021 0.460918
v -0.001680 -0.012956 0.460918
v 0.000570 -0.012956 0.456913
v 0.000608 -0.013181 0.456432
v 0.001076 -0.012956 0.456311
v -0.000204 -0.012956 0.457050
v 0.000134 -0.013181 0.456705
v 0.001076 -0.010556 0.380524
v 0.001076 -0.010556 0.381311
v 0.001076 -0.010556 0.396311
v 0.001076 -0.010556 0.410524
v 0.001076 -0.010556 0.411311
v 0.001076 -0.010556 0.425524
v 0.000876 -0.010556 0.426657
v 0.001145 -0.010556 0.440918
v 0.000876 -0.010556 0.441657
v 0.001076 -0.010556 0.456311
v 0.001259 -0.010556 0.381978
v 0.001076 -0.010556 0.395524
v 0.001259 -0.010556 0.411978
v 0.000876 -0.010556 0.440178
v 0.000876 -0.010556 0.455178
v 0.000570 -0.010556 0.456913
v 0.000195 -0.010556 0.382050
v 0.000570 -0.010556 0.394922
v 0.000195 -0.010556 0.397050
v 0.001259 -0.010556 0.409857
v 0.000195 -0.010556 0.412050
v 0.001259 -0.010556 0.424857
v 0.000195 -0.010556 0.427050
v 0.000195 -0.010556 0.442050
v 0.000195 -0.010556 0.379785
v 0.000195 -0.010556 0.409785
v 0.000820 -0.010556 0.424489
v 0.000195 -0.010556 0.439785
v 0.000820 -0.010556 0.454489
v -0.000204 -0.010556 0.457050
v -0.000580 -0.012956 0.379922
v -0.000580 -0.010556 0.381914
v -0.000204 -0.012956 0.394785
v -0.000580 -0.010556 0.396913
v -0.000580 -0.012956 0.409922
v -0.000580 -0.010556 0.411914
v 0.000282 -0.010556 0.424293
v -0.000580 -0.012956 0.424922
v -0.000580 -0.010556 0.426913
v -0.000580 -0.012956 0.439922
v -0.000580 -0.010556 0.441913
v -0.000204 -0.010556 0.454785
v -0.000204 -0.012956 0.454785
v -0.000580 -0.010556 0.379922
v -0.000580 -0.010556 0.394922
v -0.000886 -0.012956 0.395178
v -0.000291 -0.010556 0.424293
v -0.000580 -0.010556 0.439922
v -0.000405 -0.013181 0.455225
v -0.000405 -0.013181 0.456610
v -0.000830 -0.010556 0.457346
v -0.001085 -0.012956 0.380524
v -0.001085 -0.012956 0.381311
v -0.001085 -0.010556 0.381311
v -0.000618 -0.013181 0.396432
v -0.001085 -0.010556 0.396311
v -0.000830 -0.010556 0.409489
v -0.000618 -0.013181 0.410403
v -0.000618 -0.013181 0.411432
v -0.000830 -0.010556 0.424489
v -0.000618 -0.013181 0.425403
v -0.000618 -0.013181 0.426432
v -0.001269 -0.010556 0.426978
v -0.000618 -0.013181 0.440403
v -0.001085 -0.012956 0.441311
v -0.001269 -0.010556 0.441978
v -0.000830 -0.010556 0.454489
v -0.001085 -0.012956 0.455524
v -0.000968 -0.012956 0.456268
v -0.001269 -0.010556 0.456978
v -0.001269 -0.010556 0.379857
v -0.001269 -0.010556 0.394857
v -0.001155 -0.012956 0.395918
v -0.001085 -0.010556 0.410524
v -0.001085 -0.012956 0.410524
v -0.001085 -0.012956 0.411311
v -0.001085 -0.010556 0.411311
v -0.001269 -0.010556 0.424857
v -0.001085 -0.012956 0.425524
v -0.001085 -0.012956 0.426311
v -0.001085 -0.010556 0.426311
v -0.001269 -0.010556 0.439857
v -0.001085 -0.012956 0.440524
v -0.001085 -0.010556 0.441311
v -0.001269 -0.010556 0.454857
v -0.001085 -0.010556 0.456311
v -0.001085 -0.010556 0.380524
v -0.001655 -0.010556 0.380918
v -0.001085 -0.010556 0.395524
v -0.001655 -0.010556 0.395918
v -0.000805 -0.013181 0.410918
v -0.001655 -0.010556 0.410918
v -0.001555 -0.010556 0.425353
v -0.000805 -0.013181 0.425918
v -0.001655 -0.010556 0.425918
v -0.001555 -0.010556 0.440353
v -0.001655 -0.010556 0.440918
v -0.001085 -0.010556 0.455524
v -0.001655 -0.010556 0.455918
v -0.002205 -0.012956 0.377843
v -0.002505 -0.012656 0.375918
v -0.002505 -0.011508 0.375918
v -0.002205 -0.012956 0.388418
v -0.002205 -0.012956 0.403418
v -0.002205 -0.012956 0.418418
v -0.002205 -0.012956 0.433418
v -0.002205 -0.012956 0.448418
v -0.002505 -0.012656 0.460918
v -0.002505 -0.011508 0.460918
v 0.001795 -0.010956 0.375918
v 0.002432 -0.011408 0.375918
v 0.002219 -0.011218 0.460918
v 0.001806 -0.010891 0.460918
v -0.002229 -0.010694 0.460918
v -0.001980 -0.009756 0.375918
v -0.002305 -0.009756 0.460918
v 0.002458 -0.010486 0.460918
v -0.002442 -0.010503 0.375918
v 0.002312 -0.010583 0.375918
v 0.002295 -0.009756 0.460918
v 0.001645 -0.009756 0.380918
v 0.001546 -0.010556 0.380353
v 0.001645 -0.010556 0.380918
v 0.001546 -0.010556 0.381482
v 0.001546 -0.009756 0.381482
v 0.001645 -0.009756 0.395918
v 0.001546 -0.010556 0.395353
v 0.001645 -0.010556 0.395918
v 0.001546 -0.010556 0.396482
v 0.001546 -0.009756 0.396482
v 0.001645 -0.009756 0.410918
v 0.001546 -0.010556 0.410353
v 0.001645 -0.010556 0.410918
v 0.001546 -0.010556 0.411482
v 0.001546 -0.009756 0.411482
v 0.001645 -0.009756 0.425918
v 0.001645 -0.010556 0.425918
v 0.001546 -0.010556 0.426482
v 0.001546 -0.009756 0.426482
v 0.001645 -0.009756 0.440918
v 0.001546 -0.010556 0.440353
v 0.001546 -0.010556 0.441482
v 0.001546 -0.009756 0.441482
v 0.001645 -0.009756 0.455918
v 0.001546 -0.010556 0.455353
v 0.001645 -0.010556 0.455918
v 0.001546 -0.010556 0.456482
v 0.001546 -0.009756 0.456482
v 0.001546 -0.009756 0.380353
v 0.001259 -0.010556 0.379857
v 0.001259 -0.009756 0.381978
v 0.001546 -0.009756 0.395353
v 0.001259 -0.010556 0.394857
v 0.001259 -0.010556 0.396978
v 0.001259 -0.009756 0.396978
v 0.001546 -0.009756 0.410353
v 0.001259 -0.009756 0.411978
v 0.001546 -0.009756 0.425353
v 0.001259 -0.009756 0.426978
v 0.001546 -0.009756 0.440353
v 0.001259 -0.009756 0.441978
v 0.001546 -0.009756 0.455353
v 0.001259 -0.010556 0.456978
v 0.001259 -0.009756 0.456978
v 0.001259 -0.009756 0.379857
v 0.000820 -0.010556 0.379489
v 0.000820 -0.010556 0.382347
v 0.000820 -0.009756 0.382347
v 0.001259 -0.009756 0.394857
v 0.000820 -0.010556 0.394489
v 0.000820 -0.010556 0.397347
v 0.000820 -0.009756 0.397347
v 0.001259 -0.009756 0.409857
v 0.000820 -0.010556 0.409489
v 0.000820 -0.010556 0.412347
v 0.000820 -0.009756 0.412347
v 0.001259 -0.009756 0.424857
v 0.000820 -0.010556 0.427346
v 0.000820 -0.009756 0.427346
v 0.001259 -0.009756 0.439857
v 0.000820 -0.010556 0.439489
v 0.000820 -0.010556 0.442347
v 0.000820 -0.009756 0.442347
v 0.001259 -0.009756 0.454857
v 0.000820 -0.009756 0.457346
v 0.000820 -0.009756 0.379489
v 0.000282 -0.010556 0.379293
v 0.000282 -0.010556 0.382543
v 0.000282 -0.009756 0.382543
v 0.000820 -0.009756 0.394489
v 0.000282 -0.010556 0.394293
v 0.000282 -0.010556 0.397543
v 0.000282 -0.009756 0.397543
v 0.000820 -0.009756 0.409489
v 0.000282 -0.010556 0.409293
v 0.000282 -0.010556 0.412543
v 0.000282 -0.009756 0.412543
v 0.000820 -0.009756 0.424489
v 0.000282 -0.009756 0.427542
v 0.000820 -0.009756 0.439489
v 0.000282 -0.010556 0.439293
v 0.000282 -0.010556 0.442542
v 0.000282 -0.009756 0.442542
v 0.000820 -0.009756 0.454489
v 0.000282 -0.010556 0.454293
v 0.000282 -0.010556 0.457542
v 0.000282 -0.009756 0.457542
v 0.000282 -0.009756 0.379293
v -0.000291 -0.010556 0.379293
v -0.000291 -0.010556 0.382543
v -0.000291 -0.009756 0.382543
v 0.000282 -0.009756 0.394293
v -0.000291 -0.010556 0.394293
v -0.000291 -0.010556 0.397543
v -0.000291 -0.009756 0.397543
v 0.000282 -0.009756 0.409293
v -0.000291 -0.010556 0.409293
v -0.000291 -0.010556 0.412543
v -0.000291 -0.009756 0.412543
v 0.000282 -0.009756 0.424293
v -0.000291 -0.010556 0.427542
v -0.000291 -0.009756 0.427542
v 0.000282 -0.009756 0.439293
v -0.000291 -0.010556 0.439293
v -0.000291 -0.010556 0.442542
v -0.000291 -0.009756 0.442542
v 0.000282 -0.009756 0.454293
v -0.000291 -0.009756 0.457542
v -0.000830 -0.010556 0.382347
v -0.000830 -0.010556 0.397347
v -0.000830 -0.010556 0.412347
v -0.000830 -0.010556 0.427346
v -0.000830 -0.010556 0.442347
v -0.000291 -0.009756 0.379293
v -0.000830 -0.010556 0.379489
v -0.000830 -0.009756 0.382347
v -0.000291 -0.009756 0.394293
v -0.000830 -0.010556 0.394489
v -0.000830 -0.009756 0.397347
v -0.000291 -0.009756 0.409293
v -0.000830 -0.009756 0.412347
v -0.000291 -0.009756 0.424293
v -0.000830 -0.009756 0.427346
v -0.000291 -0.009756 0.439293
v -0.000830 -0.010556 0.439489
v -0.000830 -0.009756 0.442347
v -0.000291 -0.009756 0.454293
v -0.000830 -0.009756 0.457346
v -0.001269 -0.010556 0.381978
v -0.001269 -0.010556 0.396978
v -0.001269 -0.010556 0.411978
v -0.000830 -0.009756 0.379489
v -0.001269 -0.009756 0.381978
v -0.000830 -0.009756 0.394489
v -0.001269 -0.009756 0.396978
v -0.000830 -0.009756 0.409489
v -0.001269 -0.010556 0.409857
v -0.001269 -0.009756 0.411978
v -0.000830 -0.009756 0.424489
v -0.001269 -0.009756 0.426978
v -0.000830 -0.009756 0.439489
v -0.001269 -0.009756 0.441978
v -0.000830 -0.009756 0.454489
v -0.001269 -0.009756 0.456978
v -0.001555 -0.010556 0.381482
v -0.001555 -0.010556 0.396482
v -0.001555 -0.010556 0.411482
v -0.001555 -0.010556 0.426482
v -0.001555 -0.010556 0.441482
v -0.001555 -0.010556 0.456482
v -0.001555 -0.010556 0.380353
v -0.001555 -0.010556 0.395353
v -0.001555 -0.010556 0.410353
v -0.001555 -0.010556 0.455353
v -0.001269 -0.009756 0.379857
v -0.001555 -0.009756 0.381482
v -0.001269 -0.009756 0.394857
v -0.001555 -0.009756 0.396482
v -0.001269 -0.009756 0.409857
v -0.001555 -0.009756 0.411482
v -0.001269 -0.009756 0.424857
v -0.001555 -0.009756 0.426482
v -0.001269 -0.009756 0.439857
v -0.001555 -0.009756 0.441482
v -0.001269 -0.009756 0.454857
v -0.001555 -0.009756 0.456482
v -0.001555 -0.009756 0.380353
v -0.001655 -0.009756 0.380918
v -0.001555 -0.009756 0.395353
v -0.001655 -0.009756 0.395918
v -0.001555 -0.009756 0.410353
v -0.001655 -0.009756 0.410918
v -0.001555 -0.009756 0.425353
v -0.001655 -0.009756 0.425918
v -0.001555 -0.009756 0.440353
v -0.001655 -0.009756 0.440918
v -0.001555 -0.009756 0.455353
v -0.001655 -0.009756 0.455918
v -0.002505 -0.009956 0.375918
v 0.002295 -0.009756 0.375918
v 0.002295 -0.009756 0.377593
v 0.002295 -0.009756 0.388418
v 0.002295 -0.009756 0.403418
v 0.002295 -0.009756 0.418418
v 0.002295 -0.009756 0.433418
v 0.002295 -0.009756 0.448418
v -0.001980 -0.009756 0.418418
v -0.002305 -0.009756 0.403418
v -0.002305 -0.009756 0.388418
v -0.001980 -0.009756 0.377593
v -0.002305 -0.009756 0.448418
v -0.002305 -0.009756 0.433418
v -0.006938 -0.021151 0.059418
v -0.005336 -0.012956 0.059418
v -0.000005 -0.022256 0.059418
v -0.001280 -0.012956 0.059418
v 0.001708 -0.012956 0.059418
v 0.006928 -0.021151 0.059418
v -0.006938 -0.021151 0.194084
v -0.000005 -0.022256 0.194084
v 0.006370 -0.021325 0.214335
v 0.005821 -0.021481 0.214990
v -0.000005 -0.022256 0.328751
v 0.006928 -0.021151 0.194084
v 0.007212 -0.021056 0.214187
v -0.005755 -0.021502 0.215418
v -0.006047 -0.021421 0.214614
v -0.007222 -0.021056 0.214187
v -0.000505 -0.022250 0.302918
v 0.001139 -0.022226 0.329650
v 0.000661 -0.022246 0.330477
v 0.000495 -0.022250 0.331418
v 0.002654 -0.022095 0.328751
v 0.001870 -0.022177 0.329036
v 0.005821 -0.021481 0.264990
v 0.005821 -0.021481 0.215845
v -0.006938 -0.021151 0.328751
v -0.003732 -0.021942 0.305626
v -0.000405 -0.022252 0.380225
v -0.002777 -0.022083 0.305626
v -0.001880 -0.022177 0.305299
v -0.001148 -0.022226 0.304685
v -0.000671 -0.022246 0.303858
v 0.000661 -0.022246 0.332358
v 0.001139 -0.022226 0.333185
v 0.001870 -0.022177 0.333799
v 0.002768 -0.022083 0.334126
v 0.000134 -0.022255 0.380130
v -0.000144 -0.022255 0.381705
v 0.000134 -0.022255 0.395130
v -0.000405 -0.022252 0.395225
v -0.000405 -0.022252 0.396610
v 0.000134 -0.022255 0.410130
v -0.000405 -0.022252 0.410225
v -0.000144 -0.022255 0.426705
v 0.000134 -0.022255 0.440130
v -0.000405 -0.022252 0.440225
v -0.000005 -0.022255 0.456705
v 0.006928 -0.021151 0.463418
v -0.000005 -0.022256 0.463418
v -0.006938 -0.021151 0.463418
v -0.000618 -0.022247 0.456432
v -0.000005 -0.022256 0.455118
v -0.000144 -0.013181 0.380130
v -0.000405 -0.013181 0.395225
v 0.003723 -0.021942 0.334126
v 0.000795 -0.022241 0.395918
v 0.000608 -0.022247 0.395403
v 0.000395 -0.022252 0.381610
v -0.000144 -0.013181 0.381705
v 0.000795 -0.022241 0.410918
v 0.000134 -0.022255 0.396705
v 0.000608 -0.022247 0.410403
v 0.000747 -0.022243 0.425644
v 0.000395 -0.022252 0.425225
v 0.000134 -0.022255 0.411705
v -0.000144 -0.022255 0.425130
v -0.000405 -0.022252 0.411610
v -0.000144 -0.013181 0.425130
v 0.000795 -0.022241 0.440918
v 0.000608 -0.022247 0.440403
v 0.000395 -0.022252 0.426610
v 0.000795 -0.022241 0.455918
v 0.000608 -0.022247 0.455403
v -0.000005 -0.022255 0.441705
v -0.000144 -0.013181 0.441705
v -0.000144 -0.013181 0.411705
v -0.000618 -0.013181 0.380403
v -0.000805 -0.022241 0.395918
v -0.000618 -0.022247 0.381432
v -0.000757 -0.022243 0.410644
v -0.000757 -0.022243 0.411191
v -0.000618 -0.022247 0.425403
v -0.000805 -0.022241 0.425918
v -0.000618 -0.022247 0.426432
v -0.000805 -0.022241 0.440918
v -0.000618 -0.022247 0.455403
v -0.000805 -0.022241 0.455918
v -0.000618 -0.022247 0.441432
v 0.005352 -0.021603 0.333185
v 0.005829 -0.021479 0.332358
v 0.000608 -0.022247 0.380403
v 0.004620 -0.021771 0.333799
v 0.000608 -0.022247 0.396432
v 0.000608 -0.022247 0.411432
v 0.000608 -0.022247 0.441432
v 0.000608 -0.022247 0.456432
v -0.000618 -0.013181 0.381432
v -0.000618 -0.013181 0.441432
v 0.000661 -0.018256 0.332358
v 0.000495 -0.018256 0.331418
v -0.005830 -0.021481 0.264990
v -0.005830 -0.021481 0.265845
v -0.000671 -0.022246 0.301977
v -0.000671 -0.018256 0.301977
v -0.000505 -0.018256 0.302918
v 0.000747 -0.022243 0.381191
v 0.000747 -0.022243 0.426191
v -0.000805 -0.022241 0.380918
v -0.000757 -0.013181 0.395644
v -0.000805 -0.013181 0.440918
v 0.000661 -0.018256 0.330477
v 0.001139 -0.018256 0.333185
v -0.001148 -0.022226 0.301150
v -0.001148 -0.018256 0.301150
v -0.000671 -0.018256 0.303858
v -0.000805 -0.013181 0.380918
v 0.001139 -0.018256 0.329650
v 0.001870 -0.018256 0.333799
v -0.001880 -0.022177 0.300536
v -0.001880 -0.018256 0.300536
v -0.001148 -0.018256 0.304685
v 0.001870 -0.018256 0.329036
v 0.002768 -0.018256 0.334126
v -0.002777 -0.022083 0.300210
v -0.002777 -0.018256 0.300210
v -0.001880 -0.018256 0.305299
v 0.002768 -0.018256 0.328709
v 0.005821 -0.021481 0.265845
v 0.003723 -0.021942 0.328709
v 0.003723 -0.018256 0.334126
v -0.006380 -0.021325 0.266500
v -0.007222 -0.021056 0.266649
v -0.003732 -0.021942 0.300210
v -0.003732 -0.018256 0.300210
v -0.002777 -0.018256 0.305626
v 0.003723 -0.018256 0.328709
v 0.004620 -0.018256 0.333799
v -0.004630 -0.021771 0.300536
v -0.004630 -0.018256 0.300536
v -0.004630 -0.021771 0.305299
v -0.003732 -0.018256 0.305626
v 0.006928 -0.021151 0.328751
v 0.004620 -0.021771 0.329036
v 0.004620 -0.018256 0.329036
v 0.005352 -0.021603 0.329650
v 0.005352 -0.018256 0.333185
v -0.005361 -0.021603 0.301150
v -0.005361 -0.018256 0.301150
v -0.005361 -0.021603 0.304685
v -0.004630 -0.018256 0.305299
v 0.005829 -0.021479 0.330477
v 0.005352 -0.018256 0.329650
v 0.005829 -0.018256 0.332358
v -0.005839 -0.021479 0.301977
v -0.005839 -0.018256 0.301977
v -0.005839 -0.021479 0.303858
v -0.005361 -0.018256 0.304685
v 0.005745 -0.010231 0.215418
v 0.006038 -0.010231 0.266221
v 0.005470 -0.009956 0.265418
v -0.005830 -0.010231 0.214990
v -0.005755 -0.010231 0.265418
v -0.005572 -0.009956 0.264896
v 0.006038 -0.010231 0.214614
v 0.006928 -0.021150 0.264187
v 0.006370 -0.021325 0.264335
v 0.006038 -0.010231 0.216221
v 0.006038 -0.010231 0.264614
v -0.006380 -0.010231 0.214335
v -0.006047 -0.021421 0.216221
v -0.006047 -0.010231 0.216221
v -0.007222 -0.021056 0.216649
v -0.006380 -0.010231 0.264335
v 0.005995 -0.021433 0.331418
v 0.005829 -0.018256 0.330477
v 0.005995 -0.018256 0.331418
v -0.006005 -0.021433 0.302918
v -0.006005 -0.018256 0.302918
v -0.005839 -0.018256 0.303858
v 0.006370 -0.021325 0.216500
v 0.006370 -0.021325 0.266500
v -0.006380 -0.021325 0.264335
v -0.006380 -0.010231 0.266500
v 0.006778 -0.010231 0.216649
v 0.007212 -0.010231 0.266649
v -0.007222 -0.010231 0.214187
v -0.007222 -0.021056 0.264187
v -0.007222 -0.010231 0.264187
v 0.007212 -0.010231 0.214187
v 0.006928 -0.021150 0.216649
v 0.006778 -0.010231 0.264187
v 0.006928 -0.021150 0.266649
v -0.007222 -0.010231 0.216649
v 0.007014 -0.012956 0.059418
v 0.013174 -0.017945 0.059418
v 0.008856 -0.020420 0.063630
v 0.008382 -0.020618 0.063904
v 0.009395 -0.020178 0.063725
v 0.008195 -0.020693 0.064418
v 0.013174 -0.017945 0.194084
v 0.009918 -0.019926 0.069925
v 0.010138 -0.019815 0.070379
v 0.008208 -0.020688 0.176528
v 0.008303 -0.020651 0.177068
v 0.008856 -0.020420 0.177456
v 0.013174 -0.017945 0.328751
v 0.008856 -0.020420 0.351630
v 0.008382 -0.020618 0.351903
v 0.008195 -0.020693 0.352418
v 0.008382 -0.020618 0.352932
v 0.013174 -0.017945 0.463418
v 0.008943 -0.016717 0.463418
v -0.013184 -0.017945 0.059418
v -0.018124 -0.012956 0.059418
v -0.008253 -0.020674 0.064144
v -0.008605 -0.020531 0.063725
v -0.009144 -0.020297 0.063630
v -0.008392 -0.020618 0.177182
v -0.008217 -0.020689 0.176529
v -0.013184 -0.017945 0.194084
v -0.009144 -0.020297 0.177456
v -0.008253 -0.020674 0.064692
v -0.009927 -0.019926 0.069925
v -0.010188 -0.019509 0.070221
v -0.008217 -0.020689 0.352279
v -0.008866 -0.020420 0.351630
v -0.013184 -0.017945 0.328751
v -0.013184 -0.017945 0.463418
v -0.009697 -0.020039 0.352818
v -0.009144 -0.020297 0.353206
v -0.008313 -0.020650 0.352819
v -0.003097 -0.018702 0.463418
v 0.007620 -0.010231 0.216500
v 0.007620 -0.010231 0.264335
v 0.007620 -0.020912 0.266500
v -0.007630 -0.010231 0.266500
v 0.007620 -0.020912 0.216500
v 0.007620 -0.020912 0.264335
v 0.007953 -0.010231 0.266221
v -0.007962 -0.020788 0.264614
v -0.007962 -0.020788 0.216221
v -0.007962 -0.010231 0.264614
v -0.007962 -0.020788 0.266221
v 0.007953 -0.020788 0.214614
v -0.007962 -0.020788 0.214614
v -0.007962 -0.010231 0.214614
v -0.007962 -0.010231 0.216221
v 0.007953 -0.010231 0.214614
v 0.008170 -0.020703 0.265845
v 0.008170 -0.020703 0.264990
v 0.008226 -0.020681 0.215636
v 0.008245 -0.010231 0.215418
v -0.008255 -0.010231 0.215418
v -0.008236 -0.020681 0.215200
v -0.008173 -0.009956 0.266398
v 0.008170 -0.010231 0.264990
v -0.008236 -0.020681 0.265200
v -0.008255 -0.010231 0.265418
v -0.007980 -0.012956 0.176668
v -0.011288 -0.019191 0.153149
v -0.010424 -0.019672 0.152546
v -0.010274 -0.019751 0.151701
v -0.008392 -0.013181 0.176154
v -0.007980 -0.012956 0.352418
v -0.008392 -0.013181 0.351903
v 0.008382 -0.013181 0.063904
v 0.008195 -0.013181 0.064418
v 0.008382 -0.013181 0.176154
v 0.008195 -0.013181 0.176668
v 0.008382 -0.013181 0.351903
v 0.008243 -0.013181 0.352691
v -0.008253 -0.013181 0.064692
v -0.008253 -0.013181 0.064144
v 0.009842 -0.019964 0.069418
v 0.009918 -0.019926 0.068911
v -0.009852 -0.019964 0.069418
v -0.008605 -0.020531 0.065111
v -0.008605 -0.020531 0.175975
v 0.008382 -0.020618 0.064932
v 0.010138 -0.019815 0.068457
v 0.008382 -0.013181 0.064932
v 0.008382 -0.013181 0.177182
v -0.008392 -0.013181 0.177182
v -0.008392 -0.013181 0.352932
v 0.008595 -0.020531 0.175975
v 0.008595 -0.013181 0.353110
v -0.008866 -0.013181 0.063630
v -0.011722 -0.018929 0.153149
v -0.008866 -0.013181 0.175880
v -0.008866 -0.013181 0.351630
v 0.008856 -0.013181 0.063630
v 0.008856 -0.020420 0.065206
v 0.008817 -0.012956 0.065427
v 0.008856 -0.013181 0.175880
v 0.008856 -0.013181 0.177456
v 0.008856 -0.020420 0.353206
v -0.009927 -0.019926 0.068911
v -0.008605 -0.013181 0.065111
v -0.012586 -0.018368 0.152545
v -0.012130 -0.018671 0.153000
v -0.008866 -0.013181 0.353206
v 0.010915 -0.019399 0.067918
v 0.010484 -0.019635 0.068108
v 0.010245 -0.019760 0.151918
v 0.009134 -0.020297 0.175880
v 0.008856 -0.013181 0.351630
v 0.009395 -0.013181 0.353110
v -0.009517 -0.012956 0.063530
v -0.009144 -0.020297 0.065206
v -0.009144 -0.013181 0.065206
v -0.009144 -0.020297 0.175880
v -0.009405 -0.013181 0.175975
v -0.008866 -0.013181 0.177456
v -0.009405 -0.020178 0.351725
v -0.009517 -0.012956 0.351530
v 0.012123 -0.018670 0.068457
v 0.011592 -0.019003 0.067991
v 0.009395 -0.020178 0.065111
v 0.009395 -0.013181 0.065111
v 0.009608 -0.020077 0.177182
v 0.009395 -0.013181 0.177361
v 0.009395 -0.020178 0.351725
v 0.009395 -0.020178 0.353110
v -0.010316 -0.019729 0.068257
v -0.010703 -0.019522 0.067990
v -0.009618 -0.020077 0.064932
v -0.009618 -0.020077 0.176154
v -0.009618 -0.020077 0.177182
v -0.009405 -0.013181 0.177361
v -0.009405 -0.013181 0.353110
v 0.009395 -0.013181 0.063725
v 0.009747 -0.013181 0.064692
v 0.009608 -0.020077 0.176154
v 0.009395 -0.013181 0.175975
v 0.009747 -0.013181 0.176941
v 0.009395 -0.013181 0.351725
v 0.009747 -0.013181 0.352691
v -0.009618 -0.020077 0.063904
v -0.009757 -0.013181 0.064144
v -0.009792 -0.019993 0.352278
v -0.009757 -0.013181 0.352144
v -0.011803 -0.018879 0.068108
v -0.009805 -0.019987 0.064418
v -0.011383 -0.019134 0.067918
v -0.009757 -0.013181 0.064692
v -0.009757 -0.013181 0.176941
v -0.009757 -0.013181 0.352691
v 0.009747 -0.020010 0.064692
v 0.009747 -0.020010 0.352691
v 0.009747 -0.020010 0.064144
v 0.009747 -0.013181 0.064144
v 0.009747 -0.013181 0.176394
v 0.009747 -0.020010 0.352144
v 0.009747 -0.013181 0.352144
v -0.009757 -0.013181 0.176394
v 0.009795 -0.019987 0.176668
v -0.009805 -0.019987 0.176668
v 0.010414 -0.019672 0.152544
v 0.010870 -0.019424 0.153000
v 0.011712 -0.018929 0.153149
v 0.011278 -0.019191 0.150687
v 0.010538 -0.019606 0.151114
v 0.011712 -0.018929 0.150687
v 0.010484 -0.019635 0.070727
v -0.010547 -0.019606 0.151114
v -0.011288 -0.019191 0.150687
v -0.010494 -0.019635 0.070727
v -0.010255 -0.013231 0.151918
v -0.010547 -0.013231 0.151114
v 0.010245 -0.013231 0.151918
v -0.010547 -0.013231 0.152721
v 0.010538 -0.013231 0.151114
v 0.010870 -0.013231 0.153000
v 0.006057 -0.012956 0.069418
v 0.006251 -0.012956 0.068793
v -0.006260 -0.012956 0.068793
v -0.006067 -0.012956 0.069418
v 0.006395 -0.012956 0.070221
v -0.006405 -0.012956 0.070221
v -0.011288 -0.013231 0.150687
v 0.010820 -0.019138 0.070649
v -0.011155 -0.019268 0.070943
v -0.007260 -0.012956 0.068187
v 0.010733 -0.012956 0.150597
v -0.011288 -0.013231 0.153149
v 0.006779 -0.012956 0.068335
v 0.007250 -0.012956 0.070649
v 0.011374 -0.019134 0.070918
v 0.011278 -0.013231 0.150687
v 0.011712 -0.013231 0.153149
v -0.011559 -0.018717 0.070500
v -0.011722 -0.018929 0.150687
v -0.012132 -0.018670 0.070379
v -0.011770 -0.012956 0.150416
v 0.007751 -0.012956 0.070649
v -0.007761 -0.012956 0.068187
v -0.007260 -0.012956 0.070649
v 0.011549 -0.018717 0.070500
v 0.000212 -0.013231 0.469649
v -0.000630 -0.013231 0.469500
v -0.000630 -0.013231 0.489500
v 0.000212 -0.013231 0.489649
v 0.000212 -0.013231 0.507187
v -0.000630 -0.013231 0.509500
v 0.000212 -0.013231 0.509649
v -0.000962 -0.013231 0.467614
v -0.000222 -0.013231 0.467187
v -0.000630 -0.013231 0.487335
v 0.000212 -0.013231 0.487187
v -0.000630 -0.013231 0.507335
v -0.003097 -0.018702 0.513417
v 0.000620 -0.013231 0.467335
v 0.001170 -0.013231 0.468845
v 0.000953 -0.013231 0.489221
v 0.000953 -0.013231 0.509221
v -0.001280 -0.012956 0.487622
v -0.001280 -0.012956 0.507622
v 0.000953 -0.013231 0.487614
v 0.001245 -0.013231 0.488418
v 0.000953 -0.013231 0.507614
v -0.001255 -0.013231 0.468418
v -0.001280 -0.012956 0.489213
v -0.001280 -0.012956 0.509213
v 0.012123 -0.018670 0.070379
v 0.012120 -0.018671 0.150835
v 0.012120 -0.018671 0.153000
v -0.012130 -0.018671 0.150835
v -0.012130 -0.013231 0.150835
v 0.008222 -0.012956 0.068335
v 0.008606 -0.012956 0.070221
v -0.007761 -0.012956 0.070649
v 0.001170 -0.013231 0.467990
v 0.001245 -0.013231 0.508417
v -0.001255 -0.013231 0.488418
v -0.001255 -0.013231 0.508417
v -0.012132 -0.018670 0.068457
v -0.008760 -0.012956 0.068793
v 0.007014 -0.012956 0.513418
v 0.001270 -0.012956 0.513417
v 0.008943 -0.016717 0.513418
v -0.001280 -0.012956 0.513418
v -0.008953 -0.016717 0.463418
v -0.008953 -0.016717 0.513417
v -0.005336 -0.012956 0.513417
v 0.012453 -0.013231 0.151114
v 0.012453 -0.013231 0.152721
v -0.012586 -0.018368 0.151290
v -0.012462 -0.013231 0.152721
v 0.012025 -0.018443 0.068990
v 0.012745 -0.018251 0.151918
v 0.012576 -0.018368 0.151290
v 0.012025 -0.018443 0.069845
v -0.012339 -0.018534 0.068911
v -0.012339 -0.018534 0.069925
v -0.012755 -0.018251 0.151918
v 0.008944 -0.012956 0.069418
v 0.008751 -0.012956 0.068793
v -0.008760 -0.012956 0.070043
v -0.008954 -0.012956 0.069418
v 0.012399 -0.018488 0.069418
v -0.012409 -0.018488 0.069418
v 0.012576 -0.018368 0.152546
v 0.012745 -0.013231 0.151918
v -0.012755 -0.013231 0.151918
v -0.012938 -0.012956 0.151396
v 0.004514 -0.018256 0.330956
v 0.004279 -0.018256 0.332285
v 0.003920 -0.018256 0.330249
v 0.003480 -0.018256 0.332747
v 0.004595 -0.012956 0.331418
v 0.004279 -0.012956 0.330550
v 0.004279 -0.012956 0.332285
v 0.003480 -0.012956 0.332747
v 0.003011 -0.012956 0.330088
v 0.002570 -0.018256 0.330249
v 0.002211 -0.012956 0.332285
v 0.002211 -0.018256 0.332285
v 0.002211 -0.012956 0.330550
v 0.001977 -0.018256 0.330956
v 0.001895 -0.012956 0.331418
v -0.001986 -0.018256 0.302456
v -0.001986 -0.018256 0.303379
v -0.002580 -0.018256 0.301749
v -0.002580 -0.018256 0.304087
v -0.003489 -0.018256 0.304247
v -0.001905 -0.012956 0.302918
v -0.002221 -0.012956 0.303785
v -0.002221 -0.012956 0.302050
v -0.003020 -0.012956 0.304247
v -0.003020 -0.012956 0.301588
v -0.003930 -0.018256 0.301749
v -0.003930 -0.012956 0.304087
v -0.003930 -0.012956 0.301749
v -0.004523 -0.018256 0.302456
v -0.004523 -0.018256 0.303379
v -0.004605 -0.012956 0.302918
v 0.018114 -0.012956 0.059418
v 0.018114 -0.012956 0.061405
v 0.018114 -0.012956 0.066805
v 0.018114 -0.012956 0.110530
v 0.018114 -0.012956 0.164543
v 0.018114 -0.012956 0.184055
v 0.018114 -0.012956 0.194084
v 0.018114 -0.012956 0.295993
v 0.018114 -0.012956 0.328751
v 0.018114 -0.012956 0.342080
v 0.018114 -0.012956 0.366668
v 0.018114 -0.012956 0.388418
v 0.018114 -0.012956 0.418418
v 0.018114 -0.012956 0.433418
v 0.018114 -0.012956 0.448418
v 0.018114 -0.012956 0.461918
v 0.018114 -0.012956 0.463418
v 0.013852 -0.012956 0.463418
v -0.018124 -0.012956 0.061405
v -0.018124 -0.012956 0.110530
v -0.018124 -0.012956 0.066805
v -0.018124 -0.012956 0.194084
v -0.018124 -0.012956 0.184055
v -0.018124 -0.012956 0.164543
v -0.018124 -0.012956 0.295993
v -0.018124 -0.012956 0.388418
v -0.018124 -0.012956 0.366668
v -0.018124 -0.012956 0.342080
v -0.018124 -0.012956 0.328751
v -0.018124 -0.012956 0.463418
v -0.018124 -0.012956 0.461918
v -0.018124 -0.012956 0.448418
v -0.018124 -0.012956 0.433418
v -0.018124 -0.012956 0.418418
v 0.013852 -0.012956 0.478417
v 0.013852 -0.012956 0.513417
v -0.013861 -0.012956 0.463418
v -0.013861 -0.012956 0.478418
v -0.013861 -0.012956 0.513418
v 0.012928 -0.012956 0.151396
v 0.012928 -0.012956 0.152439
v 0.012258 -0.012956 0.153239
v 0.012258 -0.012956 0.150597
v 0.011760 -0.012956 0.150416
v 0.011230 -0.012956 0.153420
v 0.010062 -0.012956 0.152439
v 0.010327 -0.012956 0.152898
v 0.010062 -0.012956 0.151396
v 0.001520 -0.012956 0.468418
v 0.001428 -0.012956 0.508939
v 0.001428 -0.012956 0.487896
v 0.001428 -0.012956 0.488939
v 0.001428 -0.012956 0.507896
v 0.001163 -0.012956 0.467437
v 0.000758 -0.012956 0.469738
v 0.001163 -0.012956 0.469398
v 0.000758 -0.012956 0.489738
v 0.000758 -0.012956 0.509738
v 0.000758 -0.012956 0.487097
v 0.000758 -0.012956 0.507097
v 0.000260 -0.012956 0.466916
v -0.000270 -0.012956 0.469919
v -0.000270 -0.012956 0.489919
v -0.000270 -0.012956 0.509919
v -0.000270 -0.012956 0.486916
v -0.000270 -0.012956 0.506916
v -0.000767 -0.012956 0.467097
v -0.001280 -0.012956 0.469213
v -0.001438 -0.012956 0.467896
v -0.010072 -0.012956 0.152439
v -0.010072 -0.012956 0.151396
v -0.010742 -0.012956 0.153239
v -0.010742 -0.012956 0.150597
v -0.012267 -0.012956 0.153239
v -0.011770 -0.012956 0.153420
v -0.012673 -0.012956 0.150938
v -0.012938 -0.012956 0.152439
v 0.007014 -0.012956 0.061405
v 0.007014 -0.012956 0.066805
v 0.007014 -0.012956 0.110530
v 0.007014 -0.012956 0.164543
v 0.012995 -0.012956 0.190418
v 0.007014 -0.012956 0.190418
v 0.007014 -0.012956 0.184055
v 0.012995 -0.012956 0.290418
v 0.007014 -0.012956 0.295993
v 0.007014 -0.012956 0.342080
v 0.007014 -0.012956 0.388418
v 0.007014 -0.012956 0.366668
v 0.007014 -0.012956 0.418418
v 0.007014 -0.012956 0.433418
v 0.007014 -0.012956 0.448418
v 0.007014 -0.012956 0.461918
v 0.007014 -0.012956 0.478418
v 0.012995 -0.009956 0.190418
v 0.012995 -0.009956 0.290418
v 0.007014 -0.012956 0.290418
v 0.001270 -0.012956 0.061405
v 0.001270 -0.012956 0.066805
v 0.001270 -0.012956 0.110530
v 0.001270 -0.012956 0.164543
v 0.001708 -0.012956 0.184055
v 0.001708 -0.012956 0.190418
v 0.001708 -0.012956 0.290418
v 0.001708 -0.012956 0.295993
v 0.001270 -0.012956 0.342080
v 0.001270 -0.012956 0.366668
v 0.001270 -0.012956 0.461918
v 0.001270 -0.012956 0.478418
v 0.001270 -0.012956 0.388418
v 0.001270 -0.012956 0.433418
v -0.001280 -0.012956 0.061405
v -0.001280 -0.012956 0.066805
v -0.001280 -0.012956 0.110530
v -0.001280 -0.012956 0.164543
v -0.001280 -0.012956 0.184055
v -0.001280 -0.012956 0.190418
v -0.013005 -0.009956 0.190418
v -0.001280 -0.012956 0.295993
v -0.001280 -0.012956 0.290418
v -0.013005 -0.009956 0.290418
v -0.001280 -0.012956 0.342080
v -0.001280 -0.012956 0.366668
v -0.001280 -0.012956 0.461918
v -0.001280 -0.012956 0.478418
v -0.005336 -0.012956 0.061405
v -0.005336 -0.012956 0.066805
v -0.005336 -0.012956 0.110530
v -0.005336 -0.012956 0.164543
v -0.005336 -0.012956 0.184055
v -0.005336 -0.012956 0.190418
v -0.005336 -0.012956 0.295993
v -0.005336 -0.012956 0.290418
v -0.005336 -0.012956 0.366668
v -0.005336 -0.012956 0.342080
v -0.005336 -0.012956 0.388418
v -0.005336 -0.012956 0.418418
v -0.005336 -0.012956 0.433418
v -0.005336 -0.012956 0.448418
v -0.005336 -0.012956 0.461918
v -0.005336 -0.012956 0.478418
v -0.013005 -0.012956 0.190418
v -0.013005 -0.012956 0.290418
v 0.008640 -0.009956 0.266016
v 0.008745 -0.009956 0.265418
v 0.008428 -0.009956 0.214896
v 0.008336 -0.009956 0.216543
v 0.008428 -0.009956 0.215939
v 0.008336 -0.009956 0.264293
v 0.007758 -0.009956 0.214097
v 0.007758 -0.009956 0.266738
v 0.007260 -0.009956 0.216920
v 0.007299 -0.009956 0.263694
v 0.006730 -0.009956 0.213916
v 0.006233 -0.009956 0.216738
v 0.006233 -0.009956 0.266738
v 0.006730 -0.009956 0.266920
v 0.006233 -0.009956 0.214097
v 0.006120 -0.009956 0.263902
v 0.005562 -0.009956 0.215939
v 0.005562 -0.009956 0.214896
v 0.005351 -0.009956 0.264819
v 0.005562 -0.009956 0.265939
v -0.005572 -0.009956 0.215939
v -0.005255 -0.009956 0.215418
v -0.005360 -0.009956 0.214819
v -0.005837 -0.009956 0.266398
v -0.005360 -0.009956 0.266016
v -0.005664 -0.009956 0.214293
v -0.005837 -0.009956 0.264437
v -0.006740 -0.009956 0.216920
v -0.006242 -0.009956 0.216738
v -0.006740 -0.009956 0.213916
v -0.006740 -0.009956 0.263916
v -0.007309 -0.009956 0.267141
v -0.006740 -0.009956 0.266920
v -0.007767 -0.009956 0.216738
v -0.007309 -0.009956 0.263694
v -0.007880 -0.009956 0.266933
v -0.007880 -0.009956 0.213902
v -0.008345 -0.009956 0.216543
v -0.007880 -0.009956 0.263902
v -0.008345 -0.009956 0.214293
v -0.008649 -0.009956 0.216016
v -0.008649 -0.009956 0.266016
v -0.008649 -0.009956 0.214819
v -0.008755 -0.009956 0.215418
v -0.008649 -0.009956 0.264819
v -0.008755 -0.009956 0.265418
v -0.038914 0.002706 0.057418
v -0.037887 -0.000599 0.057381
v -0.038914 -0.002617 0.057418
v -0.037974 -0.001893 0.057381
v -0.037598 -0.005626 0.057381
v -0.038189 -0.007891 0.057418
v -0.038914 -0.002617 0.059418
v -0.038189 -0.007891 0.059418
v -0.038914 0.002706 0.059418
v -0.036672 0.001624 0.057275
v -0.037713 0.000733 0.057418
v -0.035801 0.002517 0.057275
v -0.038189 0.007979 0.057418
v -0.038189 0.007979 0.059418
v -0.036653 -0.009252 0.057275
v -0.036753 -0.013016 0.057418
v -0.036753 -0.013016 0.059418
v -0.036753 0.013105 0.057418
v -0.034800 0.014124 0.057418
v -0.034433 0.013761 0.057418
v -0.034746 0.003182 0.057275
v -0.033608 0.003787 0.057381
v -0.036753 0.013105 0.059418
v -0.037456 -0.001866 0.056668
v -0.037378 -0.000694 0.056668
v -0.037028 0.000427 0.056668
v -0.037122 -0.005554 0.056900
v -0.037456 -0.001866 0.049418
v -0.036832 -0.007028 0.049418
v -0.033848 0.000044 0.049418
v -0.037291 -0.000312 0.049418
v -0.036427 0.001436 0.056668
v -0.036653 0.001116 0.049418
v -0.036789 -0.007019 0.056668
v -0.035755 -0.012891 0.057381
v -0.036353 -0.009176 0.056668
v -0.035500 -0.012054 0.049418
v -0.034632 -0.017898 0.057418
v -0.034928 -0.017218 0.059418
v -0.034736 0.015509 0.057381
v -0.035073 0.015103 0.057418
v -0.034632 0.017987 0.057418
v -0.034799 0.014652 0.057381
v -0.035606 0.002276 0.056668
v -0.035606 0.002276 0.049418
v -0.035302 -0.012727 0.056900
v -0.035473 -0.012045 0.056668
v -0.034306 -0.016352 0.057381
v -0.034613 0.002903 0.056668
v -0.034252 0.003057 0.049418
v -0.033848 -0.015983 0.049418
v -0.033838 -0.016128 0.056668
v -0.033388 0.017795 0.057275
v -0.034296 0.015313 0.056900
v -0.033508 0.003316 0.056900
v -0.034632 -0.017898 0.059418
v -0.022407 0.000044 0.059418
v -0.034632 0.017987 0.059418
v -0.034335 0.014781 0.056900
v -0.032721 -0.019773 0.057418
v -0.031867 -0.022446 0.057418
v -0.031867 -0.022446 0.059418
v -0.031867 0.022535 0.057418
v -0.032246 0.020191 0.057381
v -0.031715 0.022721 0.059418
v -0.033905 0.013768 0.057381
v -0.033115 0.017650 0.056668
v -0.032311 0.004137 0.057418
v -0.034262 0.015298 0.049418
v -0.034005 0.014377 0.049418
v -0.034299 0.014791 0.049418
v -0.032202 -0.019459 0.057109
v -0.033781 0.014233 0.056900
v -0.033848 0.016111 0.049418
v -0.031088 0.003517 0.057275
v -0.028053 0.012244 0.057359
v -0.033458 -0.016832 0.056668
v -0.033485 -0.016847 0.049418
v -0.029644 -0.015192 0.049418
v -0.030013 -0.015631 0.049418
v -0.030209 -0.016169 0.049418
v -0.032723 0.003382 0.049418
v -0.031168 0.003218 0.049418
v -0.028584 -0.014806 0.049418
v -0.029148 -0.014905 0.049418
v -0.025987 0.000044 0.049418
v -0.030518 0.003044 0.049418
v -0.032481 0.018794 0.049418
v -0.030013 0.017369 0.049418
v -0.030209 0.016831 0.049418
v -0.030209 0.016258 0.049418
v -0.027930 0.012703 0.056668
v -0.030013 0.015719 0.049418
v -0.029644 0.015280 0.049418
v -0.027930 0.012703 0.049418
v -0.032327 0.003530 0.057109
v -0.032720 0.003351 0.056668
v -0.030827 -0.021315 0.049418
v -0.030013 -0.017281 0.049418
v -0.030209 -0.016742 0.049418
v -0.031807 0.019916 0.056668
v -0.032461 0.018783 0.056668
v -0.030608 -0.022901 0.057418
v -0.030343 0.022085 0.049418
v -0.029644 0.017808 0.049418
v -0.030950 0.022526 0.057418
v -0.030459 0.022170 0.057109
v -0.030037 -0.022473 0.056900
v -0.031168 0.003218 0.056668
v -0.030792 -0.021291 0.056668
v -0.022407 -0.022206 0.059418
v -0.030158 0.022265 0.056668
v -0.028507 -0.026575 0.057418
v -0.028684 -0.026358 0.059418
v -0.022407 -0.026358 0.059418
v -0.028507 0.026664 0.057418
v -0.030450 0.022693 0.057381
v -0.022407 0.022721 0.059418
v -0.028507 0.026664 0.059418
v -0.030092 0.003060 0.056668
v -0.030497 0.003124 0.056990
v -0.030385 0.003542 0.057380
v -0.030114 -0.022206 0.049418
v -0.029644 -0.017720 0.049418
v -0.029148 -0.018006 0.049418
v -0.027872 -0.025508 0.057275
v -0.030110 0.023097 0.057418
v -0.029959 0.022510 0.057109
v -0.030209 -0.016742 0.059043
v -0.030209 -0.016169 0.059043
v -0.030209 0.016258 0.059043
v -0.030013 0.015719 0.059043
v -0.030209 0.016831 0.059043
v -0.030013 -0.017281 0.059043
v -0.029148 0.018095 0.049418
v -0.029644 -0.017720 0.059043
v -0.030013 -0.015631 0.059043
v -0.029644 0.015280 0.059043
v -0.030013 0.017369 0.059043
v -0.029923 0.022371 0.049418
v -0.028584 0.018194 0.049418
v -0.027644 -0.025299 0.056668
v -0.027577 -0.025373 0.049418
v -0.028019 -0.018006 0.049418
v -0.014294 -0.022206 0.049418
v -0.028584 -0.018106 0.049418
v -0.029617 0.022907 0.057381
v -0.029857 0.003331 0.057060
v -0.029852 0.003185 0.049418
v -0.029644 -0.015192 0.059043
v -0.029644 0.017808 0.059043
v -0.029613 0.003544 0.056668
v -0.029666 0.022391 0.056668
v -0.027698 0.011865 0.057275
v -0.029148 -0.018006 0.059043
v -0.029148 0.014994 0.059043
v -0.027458 0.012246 0.056884
v -0.025981 0.002309 0.049418
v -0.029206 0.022175 0.049418
v -0.029356 0.022453 0.057109
v -0.029148 -0.014905 0.059043
v -0.029148 0.014994 0.049418
v -0.029148 0.018095 0.059043
v -0.025234 0.006633 0.049418
v -0.027400 0.011785 0.049418
v -0.028102 0.009164 0.053067
v -0.027899 0.009922 0.052409
v -0.027830 0.009310 0.053692
v -0.027400 0.011785 0.056668
v -0.027985 0.009599 0.054306
v -0.029098 0.023002 0.057418
v -0.029206 0.022175 0.056668
v -0.028584 -0.018106 0.059043
v -0.028584 0.014894 0.059043
v -0.028019 0.018095 0.049418
v -0.021636 0.014604 0.049418
v -0.027155 0.017369 0.049418
v -0.027523 0.017808 0.049418
v -0.021395 0.014363 0.056668
v -0.028840 0.022541 0.057381
v -0.028584 -0.014806 0.059043
v -0.028584 0.014894 0.049418
v -0.028584 0.018194 0.059043
v -0.021169 0.014456 0.057196
v -0.024617 0.030297 0.057418
v -0.020532 0.028527 0.057418
v -0.020047 0.027274 0.057381
v -0.018554 0.025227 0.057275
v -0.020864 0.014893 0.057418
v -0.019702 0.025976 0.057418
v -0.028019 -0.018006 0.059043
v -0.025993 -0.002079 0.049418
v -0.028019 -0.014905 0.049418
v -0.028019 -0.014905 0.059043
v -0.028019 0.014994 0.059043
v -0.028019 0.014994 0.049418
v -0.028019 0.018095 0.059043
v -0.024617 -0.030208 0.057418
v -0.024617 -0.030208 0.059418
v -0.024617 0.030297 0.059418
v -0.025357 -0.028287 0.057381
v -0.027523 -0.017720 0.049418
v -0.027523 -0.017720 0.059043
v -0.025269 -0.006407 0.049418
v -0.027523 -0.015192 0.049418
v -0.027523 -0.015192 0.059043
v -0.023771 0.010771 0.049418
v -0.027523 0.015280 0.049418
v -0.027523 0.015280 0.059043
v -0.027523 0.017808 0.059043
v -0.027806 0.010266 0.054427
v -0.025036 -0.027928 0.056900
v -0.017241 0.006423 0.053418
v -0.017193 0.006604 0.053932
v -0.027720 0.010589 0.052530
v -0.017193 0.006604 0.052904
v -0.017070 0.007061 0.054206
v -0.027603 0.011025 0.053768
v -0.017070 0.007061 0.052630
v -0.027603 0.011025 0.053067
v -0.016876 0.007787 0.053932
v -0.023796 -0.028942 0.049418
v -0.016931 0.007582 0.052725
v -0.027155 -0.017281 0.049418
v -0.027155 -0.017281 0.059043
v -0.023829 -0.010553 0.049418
v -0.027155 -0.015631 0.049418
v -0.027155 -0.015631 0.059043
v -0.027155 0.015719 0.049418
v -0.027155 0.015719 0.059043
v -0.027155 0.017369 0.059043
v -0.016840 0.007922 0.053144
v -0.015718 -0.020764 0.049418
v -0.018985 -0.017834 0.049418
v -0.026959 -0.016742 0.049418
v -0.026959 -0.016742 0.059043
v -0.021715 -0.014398 0.049418
v -0.026959 -0.016169 0.049418
v -0.026959 -0.016169 0.059043
v -0.026959 0.016258 0.049418
v -0.026959 0.016258 0.059043
v -0.026959 0.016831 0.049418
v -0.026959 0.016831 0.059043
v -0.022407 -0.017218 0.059418
v -0.025269 -0.006407 0.043918
v -0.025993 -0.002079 0.043918
v -0.025981 0.002309 0.043918
v -0.021507 0.000309 0.043918
v -0.021507 -0.000221 0.043918
v -0.021325 -0.000718 0.043918
v -0.025234 0.006633 0.043918
v -0.020808 0.001002 0.044193
v -0.021325 0.000807 0.043918
v -0.022318 -0.030479 0.057275
v -0.024502 -0.008616 0.043918
v -0.020985 -0.001124 0.043918
v -0.024502 0.008705 0.043918
v -0.020526 0.001477 0.043918
v -0.023768 -0.028907 0.056668
v -0.020269 -0.033278 0.057418
v -0.022407 -0.031769 0.059418
v -0.020269 0.033367 0.057418
v -0.019455 0.032356 0.057418
v -0.020114 0.031177 0.057418
v -0.020251 0.029841 0.057381
v -0.024052 0.030696 0.059418
v -0.023829 -0.010553 0.043918
v -0.020526 -0.001389 0.043918
v -0.017778 -0.008616 0.043918
v -0.023771 0.010771 0.043918
v -0.020747 0.014153 0.043918
v -0.017778 0.008705 0.043918
v -0.020005 0.001569 0.043918
v -0.022407 0.030696 0.059418
v -0.022407 0.031857 0.059418
v -0.021715 -0.014398 0.043918
v -0.022135 -0.030229 0.056668
v -0.019558 -0.031954 0.049418
v -0.021636 0.014604 0.043918
v -0.019200 -0.032530 0.057275
v -0.008392 -0.026358 0.059418
v -0.020269 -0.033278 0.059418
v -0.008392 -0.017218 0.059418
v -0.008392 -0.013487 0.059418
v -0.009409 -0.012900 0.059418
v -0.011895 -0.010662 0.059418
v -0.013861 -0.007956 0.059418
v -0.015222 -0.004900 0.059418
v -0.015917 0.000044 0.059418
v -0.015917 0.001717 0.059418
v -0.015917 -0.001628 0.059418
v -0.015222 0.004989 0.059418
v -0.013861 0.008044 0.059418
v -0.011895 0.010750 0.059418
v -0.009409 0.012989 0.059418
v -0.008392 0.022721 0.059418
v -0.020269 0.033367 0.059418
v -0.017970 0.028365 0.059155
v -0.019545 -0.031934 0.056668
v -0.018985 -0.017834 0.043918
v -0.021236 -0.000173 0.050418
v -0.020005 0.000044 0.051169
v -0.020808 -0.000913 0.050418
v -0.020808 0.001002 0.050418
v -0.020864 0.014143 0.056668
v -0.020560 0.014456 0.057196
v -0.014690 0.020740 0.057381
v -0.020334 0.014363 0.056668
v -0.019927 0.028575 0.057109
v -0.020005 -0.001481 0.043918
v -0.019577 0.001219 0.044193
v -0.019553 0.030945 0.057109
v -0.014324 0.020374 0.056668
v -0.020005 -0.001206 0.050418
v -0.019577 0.001219 0.050418
v -0.017778 0.016920 0.043918
v -0.019821 0.014876 0.053418
v -0.019371 0.015008 0.052904
v -0.019036 0.015343 0.052630
v -0.019036 0.015343 0.054206
v -0.019371 0.015008 0.053932
v -0.018655 0.015724 0.054111
v -0.015542 -0.035727 0.057418
v -0.015542 -0.035727 0.059418
v -0.015542 0.035815 0.057418
v -0.017417 0.034101 0.057418
v -0.018253 0.033014 0.057275
v -0.015542 0.035815 0.059418
v -0.018964 0.032000 0.057109
v -0.019739 0.029760 0.056668
v -0.019185 0.026293 0.057109
v -0.019483 -0.001389 0.043918
v -0.019201 -0.000913 0.050418
v -0.018922 0.000669 0.050418
v -0.018774 -0.000173 0.050418
v -0.019555 0.027435 0.056668
v -0.019708 0.028203 0.056668
v -0.019739 0.029760 0.049418
v -0.019738 0.028197 0.049418
v -0.019254 0.026710 0.049418
v -0.018335 0.025446 0.049418
v -0.019257 0.031247 0.049418
v -0.019226 0.026723 0.056668
v -0.019025 -0.001124 0.043918
v -0.018922 0.000669 0.044193
v -0.019043 -0.032263 0.056668
v -0.014944 -0.034351 0.049418
v -0.019025 0.001212 0.043918
v -0.011743 0.007115 0.053418
v -0.011610 0.007248 0.053932
v -0.019230 0.031232 0.056668
v -0.016081 -0.034663 0.057418
v -0.011610 0.007248 0.052904
v -0.015826 -0.034113 0.057109
v -0.018339 0.032513 0.049418
v -0.011079 0.007779 0.054206
v -0.018922 -0.000581 0.044193
v -0.018335 0.025446 0.056668
v -0.018052 0.032779 0.056668
v -0.011275 0.007583 0.052630
v -0.017778 -0.018917 0.043918
v -0.016695 0.018002 0.043918
v -0.018655 0.015724 0.052725
v -0.017778 -0.017914 0.043918
v -0.018503 0.000309 0.043918
v -0.018503 -0.000221 0.043918
v -0.014324 0.020374 0.043918
v -0.014389 0.021369 0.057010
v -0.010894 0.007964 0.052725
v -0.010744 0.008114 0.053932
v -0.018406 0.015973 0.053144
v -0.018406 0.015973 0.053692
v -0.010645 0.008213 0.053144
v -0.017076 0.033433 0.049418
v -0.014294 0.034620 0.049418
v -0.017684 0.024794 0.049418
v -0.017076 0.033433 0.056668
v -0.016505 0.028623 0.054524
v -0.017970 0.028881 0.055418
v -0.017970 0.028365 0.055418
v -0.017793 0.027879 0.055418
v -0.017793 0.029367 0.055418
v -0.017461 0.027484 0.055418
v -0.017461 0.029763 0.055418
v -0.015718 -0.020764 0.043918
v -0.014303 -0.009160 0.043918
v -0.014303 -0.017914 0.043918
v -0.016240 -0.005231 0.043918
v -0.014788 -0.008491 0.043918
v -0.016982 0.001829 0.043918
v -0.016982 -0.001740 0.043918
v -0.014303 0.009248 0.043918
v -0.014697 0.008705 0.043918
v -0.016240 0.005319 0.043918
v -0.014294 0.024794 0.049418
v -0.014565 0.021675 0.049418
v -0.017014 0.027225 0.055418
v -0.017014 0.030021 0.055418
v -0.013814 0.035241 0.057275
v -0.016570 0.007071 0.053418
v -0.013702 0.034953 0.056668
v -0.016505 0.027136 0.055418
v -0.016505 0.030111 0.055418
v -0.014743 -0.002369 0.036191
v -0.014923 -0.001524 0.036191
v -0.014923 0.000856 0.036191
v -0.014923 0.001612 0.036191
v -0.014405 0.004046 0.036191
v -0.014303 0.018002 0.043918
v -0.015996 0.027225 0.055418
v -0.015549 0.027484 0.055418
v -0.015040 0.028365 0.055418
v -0.015040 0.028881 0.055418
v -0.015217 0.027879 0.055418
v -0.015549 0.029763 0.055418
v -0.015996 0.030021 0.055418
v -0.015217 0.029367 0.055418
v -0.013875 -0.005479 0.036191
v -0.014271 -0.004591 0.036191
v -0.014271 0.004679 0.036191
v -0.013215 0.007051 0.036191
v -0.012582 -0.036079 0.057418
v -0.015549 0.029763 0.059155
v -0.012382 -0.035506 0.057109
v -0.010753 -0.002005 0.054418
v -0.010945 -0.001106 0.054418
v -0.010945 0.000735 0.054418
v -0.014932 -0.034320 0.056668
v -0.014303 -0.021657 0.043918
v -0.014294 -0.021662 0.049418
v -0.010527 -0.037509 0.057418
v -0.010527 -0.037509 0.059418
v -0.010527 0.037598 0.057418
v -0.010278 0.036431 0.057275
v -0.010527 0.037598 0.059418
v -0.009905 -0.004616 0.054418
v -0.010466 -0.003355 0.054418
v -0.010466 0.003443 0.054418
v -0.015040 0.028881 0.059155
v -0.014458 0.004057 -0.030582
v -0.012151 0.006032 -0.030582
v -0.014983 0.000856 -0.030582
v -0.011646 0.000044 -0.030582
v -0.014939 0.000044 -0.030582
v -0.011646 0.005600 -0.030582
v -0.014294 -0.034582 0.049418
v -0.014807 -0.002382 -0.030582
v -0.012151 -0.005943 -0.030582
v -0.013939 -0.005508 -0.030582
v -0.012995 -0.007456 0.036191
v -0.012995 0.007544 0.036191
v -0.014565 0.021675 0.043918
v -0.013257 0.007070 -0.030582
v -0.012051 0.006683 -0.030357
v -0.014150 0.020785 0.056897
v -0.012006 -0.023104 0.043918
v -0.013432 -0.022206 0.049418
v -0.011371 -0.017914 0.043918
v -0.010985 -0.018444 0.043918
v -0.011325 -0.016514 0.043918
v -0.011507 -0.017011 0.043918
v -0.010985 -0.016108 0.043918
v -0.012691 -0.011378 0.043918
v -0.012360 -0.008330 0.036191
v -0.011507 0.017100 0.043918
v -0.011325 0.016602 0.043918
v -0.010985 0.016197 0.043918
v -0.012691 0.011467 0.043918
v -0.011406 0.009732 0.036191
v -0.011371 0.018002 0.043918
v -0.010985 0.018533 0.043918
v -0.014186 0.021244 0.043918
v -0.010731 0.023811 0.043918
v -0.010432 0.018539 0.044193
v -0.010044 -0.036087 0.049418
v -0.010032 -0.036047 0.056668
v -0.001630 -0.027669 0.049418
v -0.001630 -0.028242 0.049418
v -0.001434 -0.028781 0.049418
v -0.012006 -0.023104 0.049418
v -0.010731 0.023811 0.049418
v -0.001630 0.032758 0.049418
v -0.001434 0.032219 0.049418
v -0.007948 0.024794 0.049418
v -0.012294 0.035473 0.049418
v -0.001630 0.033331 0.049418
v -0.012273 -0.006634 -0.030582
v -0.012420 -0.008374 -0.030582
v -0.008179 -0.007316 0.054418
v -0.009531 -0.005456 0.054418
v -0.009531 0.005544 0.054418
v -0.010194 0.036133 0.056668
v -0.012280 0.035432 0.056668
v -0.011741 0.009307 -0.030582
v -0.011922 0.007329 -0.030582
v -0.010039 -0.013766 0.043918
v -0.010005 -0.015751 0.043918
v -0.010432 -0.016102 0.044193
v -0.010268 -0.010788 0.036191
v -0.011152 -0.009993 0.036191
v -0.010526 0.015932 0.043918
v -0.010039 0.013855 0.043918
v -0.008822 0.012179 0.036191
v -0.008906 -0.036917 0.057381
v -0.011646 -0.007400 -0.030582
v -0.011703 -0.009218 -0.030582
v -0.008784 -0.036413 0.056668
v -0.009909 0.036119 0.049418
v -0.001434 0.033869 0.049418
v -0.011263 -0.006456 -0.023901
v -0.011956 -0.006856 -0.024382
v -0.012051 -0.006317 -0.024382
v -0.011777 -0.005843 -0.024382
v -0.012051 0.006405 -0.024382
v -0.011956 0.006944 -0.024382
v -0.011263 0.006544 -0.023901
v -0.007955 -0.024789 0.043918
v -0.010526 -0.018709 0.043918
v -0.007955 -0.024789 0.049418
v -0.011777 0.005931 -0.024382
v -0.011646 -0.005511 -0.030582
v -0.006470 -0.008855 0.054418
v -0.008179 0.007405 0.054418
v -0.007496 0.008020 0.054418
v -0.011537 -0.007207 -0.024382
v -0.011263 0.005744 -0.024382
v -0.011537 0.007296 -0.024382
v -0.010837 0.007341 0.053418
v -0.010320 -0.010846 -0.030582
v -0.010989 -0.007207 -0.030357
v -0.005810 -0.009218 -0.030582
v -0.010940 0.000044 -0.030582
v -0.010983 0.000735 -0.030582
v -0.005823 0.009307 -0.030582
v -0.010989 0.007296 -0.030357
v -0.011437 0.009755 -0.030582
v -0.010989 -0.005704 -0.024382
v -0.010989 0.007296 -0.024382
v -0.011236 -0.017493 0.044193
v -0.011236 0.017582 0.044193
v -0.009562 0.011532 -0.030582
v -0.010749 -0.007069 -0.024382
v -0.010570 -0.006056 -0.024382
v -0.010475 -0.006595 -0.024382
v -0.010913 -0.005493 -0.030582
v -0.010810 -0.002017 -0.030582
v -0.010466 0.003443 -0.030582
v -0.010989 0.005793 -0.030357
v -0.010475 0.006683 -0.024382
v -0.010570 0.006144 -0.024382
v -0.011087 -0.017901 0.050418
v -0.011236 -0.017059 0.050418
v -0.010005 -0.017276 0.051169
v -0.011087 0.016740 0.050418
v -0.011236 0.017582 0.050418
v -0.010005 0.017365 0.051169
v -0.010808 0.018322 0.050418
v -0.010808 -0.016319 0.050418
v -0.010432 0.016190 0.050418
v -0.010570 -0.006056 -0.030357
v -0.009958 -0.004639 -0.030582
v -0.010005 -0.018526 0.050418
v -0.010570 -0.006856 -0.030357
v -0.010375 0.006032 -0.030582
v -0.010254 0.006722 -0.030582
v -0.006594 0.025273 0.043918
v -0.009577 0.018539 0.044193
v -0.010005 0.018890 0.043918
v -0.009292 0.005938 -0.030582
v -0.005315 -0.038592 0.057418
v -0.005315 -0.038592 0.059418
v -0.008392 -0.037953 0.059418
v -0.005315 0.038681 0.057418
v -0.006718 0.037700 0.057418
v -0.008392 0.038042 0.059418
v -0.010005 -0.018801 0.043918
v -0.010005 0.015840 0.043918
v -0.010005 -0.016026 0.050418
v -0.009577 0.018539 0.050418
v -0.006470 -0.008855 -0.030582
v -0.008480 -0.006967 -0.030582
v -0.007535 0.008063 -0.030582
v -0.009534 -0.011443 -0.030582
v -0.008822 -0.012091 0.036191
v -0.006587 0.036962 0.056668
v -0.007269 0.036805 0.056668
v -0.007275 0.036833 0.049418
v -0.004950 -0.037128 0.049418
v -0.001065 -0.029220 0.049418
v -0.006948 -0.015550 0.043918
v -0.009201 -0.016319 0.044193
v -0.009483 -0.015843 0.043918
v -0.007698 -0.012740 0.036191
v -0.009483 0.015932 0.043918
v -0.006948 0.015639 0.043918
v -0.006106 0.013747 0.036191
v -0.009577 -0.018451 0.044193
v -0.009201 -0.016319 0.050418
v -0.008774 -0.017059 0.050418
v -0.009201 -0.018234 0.050418
v -0.009577 0.016190 0.050418
v -0.008922 0.017990 0.050418
v -0.008922 0.016740 0.050418
v -0.000005 0.034694 0.049418
v -0.000569 0.034595 0.049418
v -0.001065 0.034308 0.049418
v -0.002117 0.037485 0.049418
v 0.003082 0.037417 0.049418
v 0.009932 0.036119 0.049418
v 0.008221 0.036631 0.049418
v -0.009025 0.016197 0.043918
v -0.009025 0.018533 0.043918
v -0.005634 0.011532 -0.030582
v -0.009082 0.011986 -0.030582
v -0.005634 -0.011443 -0.030582
v -0.007738 -0.012809 -0.030582
v -0.003677 -0.025771 0.043918
v -0.009025 -0.018444 0.043918
v -0.008392 0.013576 0.059418
v -0.006470 0.008943 0.054418
v -0.008684 -0.018039 0.043918
v -0.008684 0.016602 0.043918
v -0.008684 0.018127 0.043918
v -0.006303 0.013658 -0.030582
v -0.000005 -0.025981 0.043918
v -0.008684 -0.016514 0.043918
v -0.002270 0.026021 0.043918
v -0.005219 -0.037615 0.057381
v -0.008503 -0.017541 0.043918
v -0.008503 -0.017011 0.043918
v -0.008503 0.017100 0.043918
v -0.008503 0.017630 0.043918
v -0.004949 -0.037119 0.056668
v -0.000005 -0.017914 0.043918
v -0.003554 0.016742 0.043918
v -0.000005 0.026027 0.043918
v -0.000005 0.018002 0.043918
v -0.003554 -0.016653 0.043918
v 0.008383 -0.017218 0.059418
v -0.000005 -0.015956 0.059418
v -0.003331 -0.015606 0.059418
v -0.006513 -0.014572 0.059418
v -0.004479 -0.010005 0.054418
v -0.006513 0.014661 0.059418
v -0.005275 0.009634 0.054418
v -0.003331 0.015695 0.059418
v -0.005315 0.038681 0.059418
v -0.003677 -0.025771 0.049418
v -0.001434 -0.027131 0.049418
v -0.006594 0.025273 0.049418
v -0.005634 -0.013782 -0.030582
v -0.006106 -0.013659 0.036191
v -0.002916 0.037431 0.056668
v -0.004769 -0.014093 0.036191
v -0.003226 0.014683 0.036191
v -0.002940 0.037739 0.057275
v -0.002270 0.026021 0.049418
v -0.001065 0.031780 0.049418
v -0.004479 0.010093 0.054418
v -0.002728 0.010662 0.054418
v -0.004054 -0.010183 -0.030582
v -0.005634 0.013883 -0.030582
v -0.003229 0.014694 -0.030582
v -0.001014 -0.013134 -0.030582
v -0.004794 -0.014171 -0.030582
v -0.000005 -0.010956 -0.030582
v 0.005624 -0.011443 -0.030582
v -0.001383 -0.010869 -0.030582
v -0.000355 -0.011993 -0.030582
v -0.000698 -0.012556 -0.030357
v -0.005304 0.009684 -0.030582
v 0.005624 0.011532 -0.030582
v -0.000005 0.011044 -0.030582
v -0.002740 0.010699 -0.030582
v -0.000664 0.012259 -0.030582
v -0.000005 0.012019 -0.030582
v -0.001014 0.012866 -0.030582
v -0.000892 0.013557 -0.030582
v -0.000005 -0.038956 0.057418
v -0.000005 -0.038956 0.059418
v -0.000005 0.039044 0.057418
v -0.000005 0.039044 0.059418
v -0.001490 -0.038177 0.057418
v -0.001467 -0.037571 0.057109
v 0.000239 -0.037455 0.049418
v -0.000569 -0.029506 0.049418
v -0.000664 -0.013741 -0.030582
v -0.001627 -0.014868 -0.030582
v -0.003123 -0.014628 0.036191
v -0.002292 -0.010715 0.054418
v -0.000005 -0.026306 0.049418
v -0.000569 -0.026405 0.049418
v 0.000560 -0.026405 0.049418
v -0.001065 -0.026692 0.049418
v -0.000005 -0.017026 0.043918
v -0.001618 -0.014786 0.036191
v -0.000005 0.017115 0.043918
v -0.001377 -0.010811 0.054418
v -0.000005 0.016044 0.059418
v -0.000005 0.015044 -0.030582
v -0.000355 0.014007 -0.030582
v -0.000005 0.015044 0.036191
v 0.000790 0.037845 0.057275
v 0.000784 0.037536 0.056668
v -0.002116 0.037454 0.056668
v -0.000005 0.011044 0.054418
v -0.000569 0.031494 0.049418
v 0.002119 0.026033 0.049418
v -0.001630 -0.028242 0.059043
v -0.001434 -0.028781 0.059043
v -0.001630 -0.027669 0.059043
v -0.001434 0.032219 0.059043
v -0.001630 0.032758 0.059043
v -0.001630 0.033331 0.059043
v -0.001065 -0.029220 0.059043
v -0.001434 -0.027131 0.059043
v -0.001065 0.031780 0.059043
v -0.001434 0.033869 0.059043
v -0.000005 -0.014956 -0.030582
v -0.000005 -0.014956 0.036191
v 0.002258 -0.037697 0.057275
v 0.002239 -0.037388 0.056668
v 0.000239 -0.037410 0.056668
v -0.001065 -0.026692 0.059043
v -0.001065 0.034308 0.059043
v -0.000005 -0.010956 0.054418
v -0.000569 -0.029506 0.059043
v -0.000569 0.031494 0.059043
v -0.000569 -0.026405 0.059043
v -0.000569 0.034595 0.059043
v -0.000793 -0.013095 -0.024382
v -0.000005 -0.012956 -0.023901
v -0.000519 -0.013569 -0.024382
v -0.000698 -0.012556 -0.024382
v -0.000793 0.013183 -0.024382
v -0.000005 0.013044 -0.023901
v -0.000519 0.012431 -0.024382
v -0.000519 0.013657 -0.024382
v -0.000005 -0.029606 0.059043
v -0.000005 0.031394 0.059043
v -0.000005 -0.029606 0.049418
v -0.000005 -0.026306 0.059043
v -0.000005 0.031394 0.049418
v -0.000005 0.034694 0.059043
v -0.000278 -0.012204 -0.024382
v -0.000005 -0.013981 -0.030582
v 0.000269 -0.013707 -0.024382
v 0.000269 0.012292 -0.024382
v -0.000005 0.013844 -0.024382
v 0.000269 0.013796 -0.030357
v 0.000509 0.013657 -0.024382
v 0.000783 0.013183 -0.024382
v 0.000688 0.012644 -0.024382
v 0.005306 -0.038592 0.059418
v 0.000704 -0.026021 0.043918
v 0.008493 -0.017541 0.043918
v 0.008675 -0.018039 0.043918
v 0.003544 -0.016653 0.043918
v 0.008629 0.018002 0.043918
v 0.008493 0.017100 0.043918
v 0.003544 0.016742 0.043918
v 0.002119 0.026033 0.043918
v 0.009192 0.018322 0.044193
v 0.002731 0.010699 -0.030582
v 0.002282 0.010804 0.054418
v 0.005424 -0.037061 0.049418
v 0.000560 -0.029506 0.049418
v 0.000560 -0.029506 0.059043
v 0.000560 0.031494 0.049418
v 0.000560 0.031494 0.059043
v 0.000509 -0.012343 -0.024382
v 0.000269 -0.012204 -0.030357
v 0.005306 -0.038592 0.057418
v 0.001608 -0.014786 0.036191
v 0.003322 -0.015606 0.059418
v 0.001368 -0.010811 0.054418
v 0.000783 -0.012817 -0.024382
v 0.000688 -0.013356 -0.024382
v 0.003220 0.014694 -0.030582
v 0.003216 0.014683 0.036191
v 0.001617 -0.014868 -0.030582
v 0.000560 -0.026405 0.059043
v 0.000560 0.034595 0.059043
v 0.000560 0.034595 0.049418
v 0.001374 -0.010869 -0.030582
v 0.003322 0.015695 0.059418
v 0.005306 0.038681 0.057418
v 0.004512 0.037583 0.057275
v 0.005306 0.038681 0.059418
v 0.000509 -0.013569 -0.030357
v 0.000654 0.012259 -0.030582
v 0.000883 -0.012443 -0.030582
v 0.001005 0.013222 -0.030582
v 0.001056 -0.029220 0.049418
v 0.001056 -0.029220 0.059043
v 0.001056 -0.026692 0.049418
v 0.001056 -0.026692 0.059043
v 0.006447 0.025309 0.049418
v 0.001056 0.031780 0.049418
v 0.001056 0.031780 0.059043
v 0.001056 0.034308 0.049418
v 0.001056 0.034308 0.059043
v 0.004785 -0.014171 -0.030582
v 0.008383 -0.026358 0.059418
v 0.000783 -0.013095 -0.030357
v 0.005065 -0.025533 0.043918
v 0.009015 -0.018444 0.043918
v 0.005065 -0.025533 0.049418
v 0.003079 0.037374 0.056668
v 0.004475 0.037276 0.056668
v 0.005624 -0.013782 -0.030582
v 0.005624 0.013883 -0.030582
v 0.001424 -0.028781 0.049418
v 0.010504 -0.035953 0.049418
v 0.001424 -0.028781 0.059043
v 0.001424 -0.027131 0.049418
v 0.001424 -0.027131 0.059043
v 0.007928 0.024794 0.049418
v 0.001424 0.032219 0.049418
v 0.001424 0.032219 0.059043
v 0.001424 0.033869 0.049418
v 0.001424 0.033869 0.059043
v 0.008383 -0.037953 0.059418
v 0.002282 -0.010715 0.054418
v 0.004045 -0.010183 -0.030582
v 0.001620 -0.028242 0.049418
v 0.014285 -0.034558 0.049418
v 0.001620 -0.028242 0.059043
v 0.001620 -0.027669 0.049418
v 0.001620 -0.027669 0.059043
v 0.014285 0.034646 0.049418
v 0.014285 0.024794 0.049418
v 0.001620 0.032758 0.049418
v 0.001620 0.032758 0.059043
v 0.001620 0.033331 0.049418
v 0.001620 0.033331 0.059043
v 0.003114 -0.014628 0.036191
v 0.014285 -0.022206 0.049418
v 0.009282 -0.024321 0.049418
v 0.013203 0.035141 0.049418
v 0.006447 0.025309 0.043918
v 0.009474 0.018798 0.043918
v 0.005918 -0.036985 0.056668
v 0.005967 -0.037290 0.057275
v 0.004033 -0.010147 0.054418
v 0.004469 0.010093 0.054418
v 0.006503 0.014661 0.059418
v 0.005295 0.009684 -0.030582
v 0.008124 0.036653 0.056668
v 0.004760 -0.014093 0.036191
v 0.006283 0.013640 0.036191
v 0.006938 0.015639 0.043918
v 0.006503 -0.014572 0.059418
v 0.006938 -0.015550 0.043918
v 0.008675 -0.016514 0.043918
v 0.008493 -0.017011 0.043918
v 0.005624 -0.009315 -0.030582
v 0.006461 -0.008855 0.054418
v 0.008383 -0.013487 0.059418
v 0.005266 0.009634 0.054418
v 0.008191 0.036954 0.057275
v 0.006096 -0.013659 0.036191
v 0.009282 -0.024321 0.043918
v 0.009474 -0.018709 0.043918
v 0.006461 0.008943 0.054418
v 0.008383 0.013576 0.059418
v 0.005813 0.009307 -0.030582
v 0.010517 -0.037509 0.057418
v 0.010517 0.037598 0.057418
v 0.007729 -0.012809 -0.030582
v 0.007689 -0.012740 0.036191
v 0.009525 -0.011443 -0.030582
v 0.011428 0.009755 -0.030582
v 0.006294 0.013658 -0.030582
v 0.009073 0.011986 -0.030582
v 0.009552 0.011532 -0.030582
v 0.006461 -0.008855 -0.030582
v 0.010366 -0.006968 -0.030582
v 0.011637 -0.009284 -0.030582
v 0.010311 -0.010846 -0.030582
v 0.010595 0.007329 -0.030582
v 0.007525 0.008063 -0.030582
v 0.007487 0.008020 0.054418
v 0.009539 -0.036221 0.056668
v 0.009671 -0.036722 0.057381
v 0.008812 0.012179 0.036191
v 0.010029 0.013855 0.043918
v 0.010592 0.023869 0.043918
v 0.009995 0.018615 0.044193
v 0.008471 -0.006967 -0.030582
v 0.010244 -0.006278 -0.030582
v 0.008170 -0.007316 0.054418
v 0.009400 -0.012900 0.059418
v 0.009400 0.012989 0.059418
v 0.010029 -0.013766 0.043918
v 0.009474 -0.015843 0.043918
v 0.009015 -0.016108 0.043918
v 0.008675 0.016602 0.043918
v 0.009015 0.016197 0.043918
v 0.008170 0.007405 0.054418
v 0.011886 0.010750 0.059418
v 0.010244 0.006722 -0.030582
v 0.009283 0.005938 -0.030582
v 0.008812 -0.012091 0.036191
v 0.010592 0.023869 0.049418
v 0.011693 0.035673 0.056668
v 0.011886 -0.010662 0.059418
v 0.009521 0.005544 0.054418
v 0.011789 0.035967 0.057275
v 0.010517 -0.037509 0.059418
v 0.015539 -0.029674 0.059155
v 0.015207 -0.027791 0.059155
v 0.016495 -0.027047 0.059155
v 0.022397 -0.026358 0.059418
v 0.015030 -0.028793 0.059155
v 0.022397 -0.022206 0.059418
v 0.022397 -0.017218 0.059418
v 0.022397 0.022721 0.059418
v 0.022397 0.030696 0.059418
v 0.010517 0.037598 0.059418
v 0.015533 0.035815 0.059418
v 0.022397 0.031857 0.059418
v 0.020259 0.033367 0.059418
v 0.009521 -0.005456 0.054418
v 0.013852 -0.007956 0.059418
v 0.009948 -0.004639 -0.030582
v 0.008764 0.017582 0.044193
v 0.008913 -0.017901 0.050418
v 0.008913 -0.016651 0.050418
v 0.009995 -0.017276 0.051169
v 0.008913 0.016740 0.050418
v 0.008764 0.017582 0.050418
v 0.009995 0.017365 0.051169
v 0.010259 -0.010788 0.036191
v 0.009568 0.016190 0.050418
v 0.009192 0.018322 0.050418
v 0.009474 0.015932 0.043918
v 0.011142 0.010081 0.036191
v 0.012681 0.011467 0.043918
v 0.009568 -0.018451 0.050418
v 0.009568 -0.016102 0.050418
v 0.013852 0.008044 0.059418
v 0.013237 -0.022418 0.043918
v 0.009995 -0.018801 0.043918
v 0.013237 -0.022418 0.049418
v 0.010366 0.006032 -0.030582
v 0.010457 0.003443 -0.030582
v 0.009995 -0.016026 0.044193
v 0.009995 0.015840 0.043918
v 0.009895 -0.004616 0.054418
v 0.010457 0.003443 0.054418
v 0.015212 0.004989 0.059418
v 0.010493 -0.035919 0.056668
v 0.013080 -0.035138 0.056900
v 0.009995 0.018615 0.050418
v 0.013248 -0.035589 0.057381
v 0.010457 -0.003355 0.054418
v 0.015212 -0.004900 0.059418
v 0.010800 -0.002017 -0.030582
v 0.010595 -0.005671 -0.030582
v 0.010517 -0.018709 0.043918
v 0.010799 -0.018234 0.050418
v 0.010799 -0.016319 0.050418
v 0.011226 -0.017493 0.050418
v 0.010799 -0.016319 0.044193
v 0.010517 -0.015843 0.043918
v 0.010517 0.015932 0.043918
v 0.010423 0.016190 0.050418
v 0.010799 0.018322 0.050418
v 0.011226 0.017582 0.050418
v 0.011078 0.016740 0.050418
v 0.010517 0.018798 0.043918
v 0.012681 -0.011378 0.043918
v 0.011142 -0.009993 0.036191
v 0.010975 -0.018444 0.043918
v 0.010799 0.016407 0.044193
v 0.011078 0.017990 0.044193
v 0.010744 -0.002005 0.054418
v 0.010903 0.005581 -0.030582
v 0.010974 0.000735 -0.030582
v 0.010935 0.000735 0.054418
v 0.015908 0.001717 0.059418
v 0.010466 -0.006317 -0.024382
v 0.011254 -0.006456 -0.023901
v 0.010561 -0.006856 -0.024382
v 0.010466 0.006683 -0.024382
v 0.011254 0.006544 -0.023901
v 0.010739 0.005931 -0.024382
v 0.014293 -0.021669 0.043918
v 0.010975 0.018533 0.043918
v 0.015533 -0.035727 0.057418
v 0.015533 -0.035727 0.059418
v 0.015533 0.035815 0.057418
v 0.015273 0.034629 0.057275
v 0.010739 -0.005843 -0.024382
v 0.010739 0.007157 -0.024382
v 0.014293 0.021834 0.043918
v 0.014285 0.021838 0.049418
v 0.010903 -0.007419 -0.030582
v 0.010980 -0.007207 -0.024382
v 0.011254 -0.005656 -0.024382
v 0.011254 0.007344 -0.024382
v 0.010935 -0.001106 0.054418
v 0.015908 -0.001628 0.059418
v 0.011316 -0.018039 0.043918
v 0.010930 0.000044 -0.030582
v 0.011604 -0.005493 -0.030582
v 0.011604 -0.007419 -0.030582
v 0.011254 0.007569 -0.030582
v 0.011637 0.000044 -0.030582
v 0.015908 0.000044 0.059418
v 0.011604 0.005581 -0.030582
v 0.014293 -0.009160 0.043918
v 0.011316 -0.016514 0.043918
v 0.014293 0.009248 0.043918
v 0.011316 0.016602 0.043918
v 0.011527 0.005793 -0.024382
v 0.011226 -0.017493 0.044193
v 0.011497 0.017100 0.043918
v 0.011497 0.017630 0.043918
v 0.012350 -0.008330 0.036191
v 0.011497 -0.017011 0.043918
v 0.011527 -0.007207 -0.024382
v 0.011768 -0.005843 -0.024382
v 0.012041 -0.006317 -0.024382
v 0.011946 -0.006856 -0.024382
v 0.011768 0.007157 -0.024382
v 0.012041 0.006683 -0.024382
v 0.011946 0.006144 -0.024382
v 0.014293 -0.017914 0.043918
v 0.014293 0.018002 0.043918
v 0.013248 0.007070 -0.030582
v 0.012986 0.007544 0.036191
v 0.011912 0.007329 -0.030582
v 0.014798 -0.002382 -0.030582
v 0.014929 0.000044 -0.030582
v 0.014973 0.000856 -0.030582
v 0.013187 0.035100 0.056668
v 0.012411 -0.008374 -0.030582
v 0.015148 0.034347 0.056668
v 0.012263 0.006722 -0.030582
v 0.012263 -0.006634 -0.030582
v 0.012141 -0.005943 -0.030582
v 0.012141 0.006032 -0.030582
v 0.014448 0.004057 -0.030582
v 0.013930 -0.005508 -0.030582
v 0.012986 -0.007456 0.036191
v 0.014688 -0.008616 0.043918
v 0.013866 -0.005479 0.036191
v 0.013205 0.007051 0.036191
v 0.014688 0.008705 0.043918
v 0.015366 -0.034117 0.056668
v 0.016485 -0.033677 0.056900
v 0.016696 -0.034109 0.057381
v 0.014261 0.004679 0.036191
v 0.016230 0.005319 0.043918
v 0.014285 -0.021675 0.049418
v 0.014261 -0.004591 0.036191
v 0.016230 -0.005231 0.043918
v 0.014733 -0.002369 0.036191
v 0.014396 0.004046 0.036191
v 0.015382 -0.034154 0.049418
v 0.027896 -0.025012 0.049418
v 0.024162 -0.028630 0.049418
v 0.030084 -0.022206 0.049418
v 0.019964 -0.031697 0.049418
v 0.016816 -0.019880 0.049418
v 0.027145 -0.017281 0.049418
v 0.027513 -0.017720 0.049418
v 0.028010 0.018095 0.049418
v 0.027513 0.017808 0.049418
v 0.027145 0.017369 0.049418
v 0.026949 0.016831 0.049418
v 0.017874 0.019025 0.049418
v 0.017930 0.032977 0.049418
v 0.022313 0.030180 0.049418
v 0.028048 0.024794 0.049418
v 0.026266 0.026804 0.049418
v 0.016816 -0.019880 0.043918
v 0.017768 -0.017914 0.043918
v 0.017768 -0.018928 0.043918
v 0.017768 -0.008616 0.043918
v 0.017768 0.018002 0.043918
v 0.017768 0.008705 0.043918
v 0.014913 0.001612 0.036191
v 0.016972 0.001829 0.043918
v 0.017874 0.019025 0.043918
v 0.014913 -0.001524 0.036191
v 0.016972 -0.001740 0.043918
v 0.014913 0.000856 0.036191
v 0.016495 -0.028535 0.054524
v 0.015030 -0.028276 0.055418
v 0.015030 -0.028793 0.055418
v 0.015207 -0.029278 0.055418
v 0.015207 -0.027791 0.055418
v 0.017919 0.032955 0.056668
v 0.018455 0.032686 0.056668
v 0.015539 -0.029674 0.055418
v 0.015539 -0.027395 0.055418
v 0.022397 0.000044 0.059418
v 0.018607 0.032955 0.057275
v 0.020259 -0.033278 0.057418
v 0.020259 -0.033278 0.059418
v 0.020259 0.033367 0.057418
v 0.015986 -0.029932 0.055418
v 0.015986 -0.027137 0.055418
v 0.016495 -0.030022 0.055418
v 0.016495 -0.027047 0.055418
v 0.019709 -0.031856 0.056668
v 0.017004 -0.029932 0.055418
v 0.017451 -0.029674 0.055418
v 0.017960 -0.028793 0.055418
v 0.017960 -0.028276 0.055418
v 0.017783 -0.029278 0.055418
v 0.017451 -0.027395 0.055418
v 0.017004 -0.027137 0.055418
v 0.017783 -0.027791 0.055418
v 0.019872 -0.032119 0.057275
v 0.019919 -0.016777 0.049418
v 0.026949 -0.016169 0.049418
v 0.026949 -0.016742 0.049418
v 0.018782 -0.017914 0.043918
v 0.017783 -0.027791 0.059155
v 0.019919 -0.016777 0.043918
v 0.024360 -0.009243 0.043918
v 0.022458 -0.013197 0.043918
v 0.024540 -0.008616 0.043918
v 0.018493 0.000309 0.043918
v 0.018493 -0.000221 0.043918
v 0.018675 -0.000718 0.043918
v 0.019015 -0.001124 0.043918
v 0.019474 -0.001389 0.043918
v 0.019995 -0.001206 0.044193
v 0.023144 0.012046 0.043918
v 0.024533 0.008705 0.043918
v 0.019474 0.001477 0.043918
v 0.019015 0.001212 0.043918
v 0.018913 0.000669 0.044193
v 0.020517 0.001477 0.043918
v 0.019995 0.001569 0.043918
v 0.018791 0.018002 0.043918
v 0.020803 0.015758 0.043918
v 0.020803 0.015758 0.049418
v 0.021583 0.030707 0.056668
v 0.022397 -0.031769 0.059418
v 0.021761 0.030960 0.057275
v 0.018913 -0.000581 0.050418
v 0.018764 0.000261 0.050418
v 0.019995 0.000044 0.051169
v 0.019192 0.001002 0.050418
v 0.019995 -0.001206 0.050418
v 0.020423 0.001219 0.050418
v 0.022945 -0.030003 0.057275
v 0.022458 -0.013197 0.049418
v 0.027145 -0.015631 0.049418
v 0.022757 -0.029757 0.056668
v 0.020517 -0.001389 0.043918
v 0.021078 0.000669 0.050418
v 0.021078 -0.000581 0.050418
v 0.024608 -0.030208 0.057418
v 0.024608 -0.030208 0.059418
v 0.024608 0.030297 0.057418
v 0.020975 -0.001124 0.043918
v 0.021078 0.000669 0.044193
v 0.025573 -0.005025 0.043918
v 0.020975 0.001212 0.043918
v 0.021078 -0.000581 0.044193
v 0.023144 0.012046 0.049418
v 0.026949 0.016258 0.049418
v 0.024829 0.007994 0.043918
v 0.021497 0.000309 0.043918
v 0.021497 -0.000221 0.043918
v 0.026061 -0.000664 0.043918
v 0.025810 0.003717 0.043918
v 0.022292 0.030154 0.056668
v 0.024500 0.028430 0.056668
v 0.024702 0.028664 0.057275
v 0.028675 -0.026358 0.059418
v 0.032003 -0.022206 0.059418
v 0.031857 0.022535 0.059418
v 0.028498 0.026664 0.059418
v 0.024608 0.030297 0.059418
v 0.024042 0.030696 0.059418
v 0.024360 -0.009243 0.049418
v 0.027513 -0.015192 0.049418
v 0.024133 -0.028595 0.056668
v 0.025682 -0.027473 0.057109
v 0.026096 -0.027917 0.057418
v 0.027145 0.015719 0.049418
v 0.027513 0.015280 0.049418
v 0.024829 0.007994 0.049418
v 0.025573 -0.005025 0.049418
v 0.028010 -0.014905 0.049418
v 0.026238 0.026774 0.056668
v 0.027179 0.025876 0.056668
v 0.028498 -0.026575 0.057418
v 0.028498 0.026664 0.057418
v 0.027403 0.026089 0.057275
v 0.025810 0.003717 0.049418
v 0.028010 0.014994 0.049418
v 0.026061 -0.000664 0.049418
v 0.028574 -0.014806 0.049418
v 0.027883 -0.025000 0.056668
v 0.028269 -0.024807 0.057109
v 0.026020 0.000044 0.049418
v 0.028574 0.014894 0.049418
v 0.028725 -0.025208 0.057418
v 0.029138 -0.014905 0.049418
v 0.037423 0.000044 0.049418
v 0.026949 -0.016742 0.059043
v 0.026949 -0.016169 0.059043
v 0.026949 0.016258 0.059043
v 0.027145 0.015719 0.059043
v 0.026949 0.016831 0.059043
v 0.027145 -0.017281 0.059043
v 0.027513 -0.017720 0.059043
v 0.027145 -0.015631 0.059043
v 0.027513 0.015280 0.059043
v 0.027145 0.017369 0.059043
v 0.027513 -0.015192 0.059043
v 0.027513 0.017808 0.059043
v 0.029708 0.022907 0.056668
v 0.028010 -0.018006 0.059043
v 0.028010 0.014994 0.059043
v 0.029706 0.023159 0.057109
v 0.028010 -0.018006 0.049418
v 0.028010 -0.014905 0.059043
v 0.028010 0.018095 0.059043
v 0.030185 0.023532 0.057418
v 0.028574 -0.018106 0.059043
v 0.028574 0.014894 0.059043
v 0.028574 -0.018106 0.049418
v 0.028574 -0.014806 0.059043
v 0.028574 0.018194 0.049418
v 0.028574 0.018194 0.059043
v 0.029715 0.022913 0.049418
v 0.029138 0.018095 0.049418
v 0.030465 -0.021816 0.056668
v 0.030716 -0.021996 0.057275
v 0.031857 -0.022446 0.057418
v 0.031857 0.022535 0.057418
v 0.029138 -0.018006 0.059043
v 0.029138 -0.018006 0.049418
v 0.029138 -0.014905 0.059043
v 0.029138 0.014994 0.059043
v 0.029138 0.014994 0.049418
v 0.029138 0.018095 0.059043
v 0.029635 -0.017720 0.049418
v 0.031093 -0.020912 0.049418
v 0.029635 -0.017720 0.059043
v 0.037468 -0.001378 0.049418
v 0.029635 -0.015192 0.049418
v 0.029635 -0.015192 0.059043
v 0.029635 0.015280 0.049418
v 0.037305 0.003818 0.049418
v 0.029635 0.015280 0.059043
v 0.029635 0.017808 0.049418
v 0.029635 0.017808 0.059043
v 0.038904 -0.002617 0.059418
v 0.031718 0.020042 0.056668
v 0.030003 -0.017281 0.049418
v 0.033693 -0.016409 0.049418
v 0.030003 -0.017281 0.059043
v 0.036911 -0.006548 0.049418
v 0.030003 -0.015631 0.049418
v 0.030003 -0.015631 0.059043
v 0.034843 0.013896 0.049418
v 0.036424 0.008942 0.049418
v 0.030003 0.015719 0.049418
v 0.030003 0.015719 0.059043
v 0.032593 0.018582 0.049418
v 0.030003 0.017369 0.049418
v 0.030003 0.017369 0.059043
v 0.031980 0.020206 0.057275
v 0.036743 -0.013016 0.059418
v 0.038179 -0.007891 0.059418
v 0.038179 0.007979 0.059418
v 0.038904 0.002706 0.059418
v 0.034623 0.017987 0.059418
v 0.030199 -0.016742 0.049418
v 0.030199 -0.016742 0.059043
v 0.035645 -0.011590 0.049418
v 0.030199 -0.016169 0.049418
v 0.030199 -0.016169 0.059043
v 0.030199 0.016258 0.049418
v 0.030199 0.016258 0.059043
v 0.030199 0.016831 0.049418
v 0.030199 0.016831 0.059043
v 0.031061 -0.020891 0.056668
v 0.034623 -0.017898 0.059418
v 0.036743 0.013105 0.059418
v 0.034918 -0.017218 0.059418
v 0.032503 -0.018724 0.056900
v 0.033121 -0.019081 0.057418
v 0.034623 -0.017898 0.057418
v 0.032553 0.018560 0.056668
v 0.033535 0.016817 0.056668
v 0.034623 0.017987 0.057418
v 0.033812 0.016955 0.057275
v 0.033659 -0.016392 0.056668
v 0.034195 -0.015428 0.056900
v 0.034633 -0.015627 0.057381
v 0.034824 0.013887 0.056668
v 0.035059 0.013442 0.056900
v 0.035509 0.013614 0.057381
v 0.035518 -0.011970 0.056668
v 0.035811 -0.012069 0.057275
v 0.036743 -0.013016 0.057418
v 0.036743 0.013105 0.057418
v 0.036174 0.009911 0.056668
v 0.036472 0.009993 0.057275
v 0.036566 -0.008418 0.056900
v 0.037035 -0.008527 0.057381
v 0.036389 0.008935 0.056668
v 0.036970 0.006297 0.056668
v 0.038179 -0.007891 0.057418
v 0.037275 0.006349 0.057275
v 0.036866 -0.006540 0.056668
v 0.037185 -0.004768 0.056668
v 0.037492 -0.004807 0.057275
v 0.038179 0.007979 0.057418
v 0.037265 0.003814 0.056668
v 0.037406 0.002622 0.056668
v 0.037455 -0.001377 0.056668
v 0.037622 -0.001083 0.057109
v 0.037715 0.002643 0.057275
v 0.038228 -0.001101 0.057418
v 0.038904 -0.002617 0.057418
v 0.038904 0.002706 0.057418
v 0.018940 -0.011576 0.078918
v 0.018022 -0.012956 0.078918
v 0.018022 -0.012956 0.059918
v 0.019124 -0.011272 0.059918
v 0.013920 -0.012956 0.059918
v 0.015027 -0.012456 0.059418
v 0.017764 -0.012456 0.059418
v 0.017401 -0.012956 0.079418
v 0.018514 -0.011315 0.079418
v 0.013920 -0.012956 0.079418
v 0.016713 -0.009090 0.079418
v 0.015438 -0.011110 0.079418
v 0.015139 -0.011514 0.059918
v 0.015536 -0.011817 0.059418
v -0.017411 -0.012956 0.079418
v -0.018031 -0.012956 0.059918
v -0.013930 -0.012956 0.059918
v -0.013930 -0.012956 0.079418
v -0.015148 -0.011514 0.059918
v -0.015036 -0.012456 0.059418
v -0.017773 -0.012456 0.059418
v -0.015447 -0.011110 0.079418
v -0.018031 -0.012956 0.078918
v -0.018524 -0.011315 0.079418
v -0.018950 -0.011576 0.078918
v -0.019133 -0.011272 0.059918
v -0.018703 -0.011017 0.059418
v 0.018693 -0.011017 0.059418
v -0.015546 -0.011817 0.059418
v -0.016923 -0.009753 0.059418
v 0.016913 -0.009753 0.059418
v 0.015417 -0.011096 0.059918
v -0.016490 -0.009502 0.059918
v -0.015426 -0.011096 0.059918
v 0.019402 -0.010713 0.078918
v -0.019412 -0.010713 0.078918
v -0.019419 -0.010717 0.059918
v 0.017725 -0.006925 0.079418
v 0.019721 -0.009059 0.079418
v -0.016722 -0.009090 0.079418
v -0.019731 -0.009059 0.079418
v -0.020185 -0.009269 0.078918
v 0.019409 -0.010717 0.059918
v 0.016481 -0.009502 0.059918
v 0.019856 -0.008760 0.059418
v 0.020313 -0.008962 0.059918
v -0.019866 -0.008760 0.059418
v -0.018028 -0.007531 0.059418
v 0.020175 -0.009269 0.078918
v -0.020323 -0.008962 0.059918
v 0.018018 -0.007531 0.059418
v -0.017567 -0.007337 0.059918
v 0.020539 -0.008339 0.078918
v -0.020549 -0.008339 0.078918
v -0.020555 -0.008342 0.059918
v 0.017557 -0.007337 0.059918
v -0.017734 -0.006925 0.079418
v 0.020654 -0.006677 0.079418
v -0.020664 -0.006677 0.079418
v -0.021139 -0.006832 0.078918
v 0.020546 -0.008342 0.059918
v 0.020748 -0.006382 0.059418
v 0.021226 -0.006530 0.059918
v -0.020757 -0.006382 0.059418
v -0.018842 -0.005187 0.059418
v 0.021130 -0.006832 0.078918
v -0.021235 -0.006530 0.059918
v 0.018832 -0.005187 0.059418
v -0.018360 -0.005053 0.059918
v 0.018458 -0.004651 0.079418
v 0.018351 -0.005053 0.059918
v -0.018467 -0.004651 0.079418
v 0.021387 -0.005848 0.078918
v -0.021397 -0.005848 0.078918
v -0.021403 -0.005850 0.059918
v 0.021301 -0.004202 0.079418
v -0.021311 -0.004202 0.079418
v -0.021801 -0.004299 0.078918
v 0.021393 -0.005850 0.059918
v 0.021356 -0.003917 0.059418
v 0.021848 -0.004008 0.059918
v -0.021366 -0.003917 0.059418
v -0.019353 -0.002759 0.059418
v 0.021792 -0.004299 0.078918
v -0.021857 -0.004008 0.059918
v 0.019343 -0.002759 0.059418
v -0.018889 -0.002301 0.059918
v 0.018900 -0.002303 0.079418
v 0.018879 -0.002301 0.059918
v -0.018910 -0.002303 0.079418
v -0.021662 -0.001667 0.079418
v 0.021934 -0.003273 0.078918
v -0.021943 -0.003273 0.078918
v -0.021949 -0.003275 0.059918
v 0.021653 -0.001667 0.079418
v -0.022161 -0.001707 0.078918
v 0.021940 -0.003275 0.059918
v 0.021672 -0.001398 0.059418
v 0.022171 -0.001431 0.059918
v -0.021682 -0.001398 0.059418
v -0.019552 -0.000285 0.059418
v 0.022195 -0.001016 0.068357
v 0.022173 -0.001411 0.069161
v 0.021945 -0.001187 0.069635
v -0.022181 -0.001432 0.069419
v -0.022186 -0.001348 0.068911
v -0.022209 -0.000914 0.068277
v -0.022181 -0.001431 0.059918
v 0.022183 -0.001244 0.070162
v 0.022199 -0.000922 0.070570
v 0.022151 -0.001707 0.078918
v -0.022186 -0.001347 0.069926
v -0.022219 -0.000653 0.070762
v -0.022200 -0.001100 0.070380
v 0.019542 -0.000285 0.059418
v -0.019052 -0.000277 0.059918
v 0.019040 -0.000383 0.070593
v 0.019014 -0.001038 0.070043
v 0.019005 -0.001187 0.069201
v 0.019045 0.000082 0.079418
v -0.019015 -0.001187 0.069201
v -0.019024 -0.001038 0.070043
v -0.019050 -0.000383 0.070593
v -0.019055 0.000082 0.079418
v -0.021713 0.000891 0.079418
v 0.019040 -0.000383 0.068243
v 0.019043 -0.000277 0.059918
v -0.019038 -0.000759 0.068460
v -0.019055 0.000044 0.068168
v 0.022172 -0.000652 0.078918
v -0.022182 -0.000652 0.078918
v 0.021704 0.000891 0.079418
v -0.022213 0.000910 0.078918
v 0.022177 -0.000653 0.059918
v 0.021945 -0.000383 0.068243
v -0.022187 -0.000653 0.059918
v 0.021692 0.001141 0.059418
v 0.022192 0.001167 0.059918
v -0.021702 0.001141 0.059418
v -0.019436 0.002194 0.059418
v 0.021945 -0.001038 0.068793
v -0.022228 -0.000219 0.067917
v 0.021945 -0.000383 0.070593
v 0.022220 0.000044 0.067893
v -0.022201 0.001167 0.059918
v 0.022220 0.000044 0.070943
v 0.022203 0.000910 0.078918
v -0.022230 0.000044 0.070943
v 0.019427 0.002194 0.059418
v 0.021945 0.000472 0.068243
v -0.022224 0.000564 0.070845
v -0.022228 0.000310 0.067918
v 0.021945 0.000848 0.070375
v 0.018930 0.002139 0.059918
v -0.018939 0.002139 0.059918
v 0.019040 0.000472 0.068243
v 0.019028 0.000848 0.070375
v -0.018900 0.002466 0.079418
v -0.019050 0.000472 0.070593
v 0.018891 0.002466 0.079418
v -0.021463 0.003437 0.079418
v 0.022098 0.001978 0.078918
v 0.022214 0.000564 0.070845
v -0.022108 0.001978 0.078918
v 0.022103 0.001978 0.059918
v -0.022113 0.001978 0.059918
v -0.019038 0.000848 0.068460
v -0.021955 0.000848 0.070375
v -0.022217 0.000801 0.068109
v 0.022191 0.001190 0.068457
v 0.021945 0.001275 0.069635
v 0.019005 0.001275 0.069201
v -0.019024 0.001127 0.070043
v -0.021955 0.001275 0.069635
v -0.022200 0.001190 0.068457
v -0.022192 0.001333 0.070162
v 0.021454 0.003437 0.079418
v -0.021957 0.003515 0.078918
v 0.022173 0.001499 0.069161
v 0.022183 0.001333 0.070162
v -0.019015 0.001275 0.069201
v -0.022186 0.001436 0.068912
v 0.021416 0.003666 0.059418
v 0.021909 0.003749 0.059918
v -0.021426 0.003666 0.059418
v 0.021948 0.003515 0.078918
v -0.021919 0.003749 0.059918
v 0.018998 0.004638 0.059418
v 0.020847 0.006140 0.059418
v -0.019007 0.004638 0.059418
v 0.018512 0.004520 0.059918
v -0.018521 0.004520 0.059918
v 0.018439 0.004812 0.079418
v -0.018448 0.004812 0.079418
v -0.020916 0.005936 0.079418
v 0.020906 0.005936 0.079418
v 0.021714 0.004582 0.078918
v -0.021397 0.006071 0.078918
v -0.021723 0.004582 0.078918
v -0.021727 0.004582 0.059918
v 0.021327 0.006280 0.059918
v 0.021718 0.004582 0.059918
v -0.020857 0.006140 0.059418
v 0.021387 0.006071 0.078918
v -0.021337 0.006280 0.059918
v 0.018263 0.007008 0.059418
v 0.019994 0.008532 0.059418
v -0.018273 0.007008 0.059418
v 0.017683 0.007077 0.059918
v -0.017693 0.007077 0.059918
v 0.017697 0.007084 0.079418
v -0.017706 0.007084 0.079418
v -0.020078 0.008353 0.079418
v 0.020068 0.008353 0.079418
v 0.021024 0.007121 0.078918
v -0.020540 0.008545 0.078918
v -0.021033 0.007121 0.078918
v -0.021036 0.007122 0.059918
v 0.020454 0.008727 0.059918
v 0.021027 0.007122 0.059918
v -0.020003 0.008532 0.059418
v 0.017234 0.009266 0.059418
v 0.018867 0.010807 0.059418
v -0.017243 0.009266 0.059418
v 0.016665 0.009237 0.059918
v -0.016674 0.009237 0.059918
v 0.016677 0.009244 0.079418
v -0.016686 0.009244 0.079418
v -0.018962 0.010656 0.079418
v 0.020530 0.008545 0.078918
v -0.020464 0.008727 0.059918
v 0.018952 0.010656 0.079418
v 0.020038 0.009561 0.078918
v -0.019398 0.010900 0.078918
v -0.020047 0.009561 0.078918
v 0.019301 0.011055 0.059918
v 0.020040 0.009562 0.059918
v -0.020050 0.009562 0.059918
v -0.018876 0.010807 0.059418
v 0.015384 0.011252 0.059918
v 0.015927 0.011375 0.059418
v -0.015529 0.011085 0.059918
v -0.015936 0.011375 0.059418
v 0.015394 0.011260 0.079418
v -0.015403 0.011260 0.079418
v -0.017583 0.012811 0.079418
v 0.017482 0.012935 0.059418
v 0.019389 0.010900 0.078918
v -0.019311 0.011055 0.059918
v 0.017574 0.012811 0.079418
v 0.018770 0.011867 0.078918
v -0.017988 0.013104 0.078918
v -0.018779 0.011867 0.078918
v 0.017885 0.013232 0.059918
v 0.018772 0.011868 0.059918
v -0.018781 0.011868 0.059918
v -0.017492 0.012935 0.059418
v 0.013861 0.013091 0.059918
v 0.014363 0.013302 0.059418
v -0.013871 0.013091 0.059918
v -0.014373 0.013302 0.059418
v 0.013869 0.013099 0.079418
v -0.013878 0.013099 0.079418
v -0.015960 0.014789 0.079418
v 0.015859 0.014888 0.059418
v 0.017978 0.013104 0.078918
v -0.017894 0.013232 0.059918
v 0.015951 0.014789 0.079418
v 0.017238 0.014007 0.078918
v -0.016328 0.015128 0.078918
v -0.017247 0.014007 0.078918
v 0.016224 0.015229 0.059918
v 0.017239 0.014008 0.059918
v -0.017249 0.014008 0.059918
v -0.015868 0.014888 0.059418
v 0.012247 0.014632 0.059918
v 0.012568 0.015015 0.059418
v -0.012256 0.014632 0.059918
v -0.012578 0.015015 0.059418
v 0.012125 0.014733 0.079418
v -0.012135 0.014733 0.079418
v -0.014116 0.016562 0.079418
v 0.014018 0.016637 0.059418
v 0.016318 0.015128 0.078918
v -0.016233 0.015229 0.059918
v 0.010519 0.015923 0.068990
v 0.010056 0.016221 0.068335
v 0.010188 0.016129 0.059918
v 0.010571 0.016487 0.059418
v -0.010310 0.016066 0.059918
v -0.010347 0.016042 0.068614
v -0.010592 0.015881 0.069418
v -0.010580 0.016487 0.059418
v 0.010191 0.016136 0.079418
v 0.010056 0.016221 0.070500
v 0.010519 0.015923 0.069845
v 0.014107 0.016562 0.079418
v -0.010347 0.016042 0.070221
v -0.010201 0.016136 0.079418
v -0.012077 0.018106 0.079418
v 0.015463 0.015950 0.078918
v -0.014441 0.016942 0.078918
v -0.015473 0.015950 0.078918
v 0.014341 0.017019 0.059918
v 0.015464 0.015951 0.059918
v -0.015474 0.015951 0.059918
v -0.014028 0.016637 0.059418
v 0.011987 0.018160 0.059418
v 0.012361 0.018511 0.069418
v 0.011799 0.018575 0.068614
v -0.012371 0.018511 0.069418
v -0.012301 0.018558 0.069925
v 0.011987 0.018466 0.069845
v -0.012301 0.018558 0.068911
v -0.012095 0.018693 0.070379
v 0.014432 0.016942 0.078918
v -0.014351 0.017019 0.059918
v 0.011511 0.018741 0.070500
v -0.012095 0.018693 0.068457
v 0.008188 0.017243 0.059918
v 0.008403 0.017694 0.059418
v -0.008197 0.017243 0.059918
v -0.009717 0.016432 0.068187
v -0.008412 0.017694 0.059418
v 0.011158 0.018945 0.068187
v -0.011766 0.018902 0.068108
v -0.011521 0.018741 0.070500
v 0.008974 0.016846 0.070500
v 0.008097 0.017286 0.079418
v 0.012067 0.018106 0.079418
v -0.009717 0.016432 0.070649
v -0.008106 0.017286 0.079418
v -0.009870 0.019400 0.079418
v 0.008974 0.016846 0.068335
v 0.010782 0.019162 0.070649
v -0.010887 0.019423 0.067918
v -0.011346 0.019158 0.067918
v 0.009791 0.019435 0.059418
v -0.011996 0.018160 0.059418
v 0.013471 0.017670 0.078918
v -0.012355 0.018522 0.078918
v -0.013480 0.017670 0.078918
v 0.012263 0.018577 0.059918
v 0.013472 0.017671 0.059918
v -0.013481 0.017671 0.059918
v 0.010429 0.019366 0.068335
v -0.008983 0.016846 0.068335
v -0.008983 0.016846 0.070500
v -0.010792 0.019162 0.070649
v 0.010141 0.019532 0.070221
v -0.010456 0.019659 0.068108
v -0.010150 0.019532 0.070221
v 0.008485 0.017098 0.068990
v 0.009824 0.019978 0.069161
v 0.008485 0.017098 0.069845
v -0.008494 0.017098 0.068990
v -0.010150 0.019532 0.068614
v -0.008494 0.017098 0.069845
v -0.009897 0.019679 0.069418
v 0.009880 0.019950 0.069925
v 0.005943 0.018142 0.059918
v 0.006099 0.018617 0.059418
v -0.005953 0.018142 0.059918
v -0.006109 0.018617 0.059418
v 0.005875 0.018164 0.079418
v 0.009860 0.019400 0.079418
v -0.005884 0.018164 0.079418
v -0.007526 0.020426 0.079418
v 0.012085 0.018693 0.070379
v 0.012345 0.018522 0.078918
v -0.011345 0.019158 0.070915
v 0.011756 0.018902 0.068108
v 0.012291 0.018558 0.068911
v -0.012272 0.018577 0.059918
v 0.007462 0.020446 0.059418
v -0.009801 0.019435 0.059418
v 0.011289 0.019141 0.078918
v -0.010097 0.019846 0.078918
v -0.011299 0.019141 0.078918
v 0.003560 0.018755 0.059918
v 0.003697 0.019241 0.059418
v -0.003612 0.018750 0.059918
v -0.003707 0.019241 0.059418
v 0.010017 0.019882 0.059918
v 0.011290 0.019142 0.059918
v -0.011299 0.019142 0.059918
v 0.003560 0.018758 0.079418
v 0.007516 0.020426 0.079418
v -0.003570 0.018758 0.079418
v -0.005077 0.021169 0.079418
v 0.011336 0.019158 0.070918
v 0.005030 0.021178 0.059418
v -0.007471 0.020446 0.059418
v 0.001190 0.019056 0.059918
v 0.001236 0.019555 0.059418
v -0.001214 0.019056 0.059918
v -0.001245 0.019555 0.059418
v 0.001190 0.019057 0.079418
v 0.005068 0.021169 0.079418
v -0.001199 0.019057 0.079418
v -0.002559 0.021619 0.079418
v -0.000005 0.021769 0.079418
v 0.002549 0.021619 0.079418
v 0.010087 0.019846 0.078918
v 0.010878 0.019423 0.067918
v -0.010026 0.019882 0.059918
v 0.010446 0.019659 0.070727
v 0.002530 0.021621 0.059418
v -0.005040 0.021178 0.059418
v -0.010456 0.019659 0.070727
v 0.008948 0.020344 0.078918
v -0.007699 0.020895 0.078918
v -0.008958 0.020344 0.078918
v -0.008958 0.020345 0.059918
v 0.007633 0.020915 0.059918
v 0.008949 0.020345 0.059918
v 0.010101 0.019839 0.068457
v -0.009890 0.019950 0.069925
v -0.000005 0.021769 0.059418
v -0.002540 0.021621 0.059418
v -0.009890 0.019950 0.068911
v 0.007689 0.020895 0.078918
v -0.007643 0.020915 0.059918
v 0.006482 0.021261 0.078918
v -0.005194 0.021655 0.078918
v -0.006491 0.021261 0.078918
v 0.005146 0.021664 0.059918
v 0.006482 0.021262 0.059918
v -0.006492 0.021262 0.059918
v 0.005185 0.021655 0.078918
v 0.003924 0.021880 0.078918
v -0.002618 0.022115 0.078918
v -0.003934 0.021880 0.078918
v 0.002588 0.022117 0.059918
v 0.003924 0.021881 0.059918
v -0.005156 0.021664 0.059918
v -0.003934 0.021881 0.059918
v 0.002608 0.022115 0.078918
v 0.001311 0.022192 0.078918
v -0.000005 0.022269 0.078918
v -0.001321 0.022192 0.078918
v -0.000005 0.022269 0.059918
v 0.001311 0.022192 0.059918
v -0.002598 0.022117 0.059918
v -0.001321 0.022192 0.059918
v -0.001533 0.005588 0.175418
v -0.001152 0.001683 0.175218
v -0.005548 0.001572 0.175418
v -0.001643 0.001191 0.175418
v -0.001937 0.000562 0.175418
v -0.005755 0.000044 0.175418
v -0.005548 0.001572 0.179918
v -0.002729 0.003935 0.179918
v -0.001533 0.005588 0.179918
v -0.003896 0.002769 0.179918
v -0.005755 0.000044 0.179918
v -0.004737 -0.000370 0.179918
v -0.004593 0.001274 0.179918
v -0.000005 0.005794 0.179918
v -0.000005 0.005794 0.175418
v 0.000170 0.002037 0.175418
v -0.000522 0.001976 0.175218
v -0.001234 0.004632 0.179918
v -0.002505 0.004374 0.190418
v -0.003896 0.002769 0.190418
v -0.002462 0.001765 0.190418
v -0.002903 0.000821 0.190418
v -0.004593 0.001274 0.190418
v -0.000873 0.004968 0.190418
v -0.001726 0.002502 0.190418
v -0.002993 -0.000217 0.190418
v -0.004737 -0.000370 0.190418
v 0.000409 0.004776 0.190418
v 0.000409 0.004776 0.179918
v -0.000781 0.002942 0.190418
v -0.001997 -0.000130 0.175418
v -0.005548 -0.001483 0.175418
v -0.005548 -0.001483 0.179918
v -0.004310 -0.001963 0.179918
v 0.001523 0.005588 0.179918
v 0.001523 0.005588 0.175418
v 0.000840 0.001857 0.175218
v -0.002724 -0.001224 0.190418
v -0.004703 -0.001666 0.190418
v 0.002003 0.004349 0.190418
v 0.002003 0.004349 0.179918
v 0.000257 0.003033 0.190418
v -0.002903 0.000821 0.193918
v -0.002605 0.001541 0.193918
v -0.002605 0.001541 0.197918
v -0.002462 0.001765 0.290418
v -0.001726 0.002502 0.290418
v -0.002903 0.000821 0.290418
v 0.000772 -0.002854 0.290418
v -0.000781 0.002942 0.290418
v -0.002724 -0.001224 0.193918
v -0.002724 -0.001224 0.197918
v -0.002903 0.000821 0.197918
v -0.001817 -0.000801 0.175418
v -0.001419 -0.001370 0.175418
v -0.001533 -0.005499 0.175418
v -0.001533 -0.005499 0.179918
v -0.003364 -0.003314 0.179918
v 0.005539 0.001572 0.175418
v 0.001808 0.000889 0.175418
v 0.001409 0.001458 0.175418
v 0.003354 0.003403 0.179918
v 0.005539 0.001572 0.179918
v -0.002993 -0.000217 0.193918
v -0.002993 -0.000217 0.197918
v -0.002993 -0.000217 0.290418
v 0.000257 0.003033 0.290418
v 0.001716 -0.002413 0.290418
v 0.002453 -0.001676 0.290418
v 0.002893 -0.000732 0.290418
v 0.002984 0.000306 0.290418
v 0.002117 0.002166 0.290418
v 0.002714 0.001312 0.290418
v -0.001397 0.001019 0.174918
v -0.001647 0.000484 0.174918
v -0.002724 -0.001224 0.290418
v 0.001263 0.002763 0.190418
v 0.001263 0.002763 0.290418
v -0.001698 -0.000104 0.174918
v 0.000143 0.001738 0.174918
v -0.000393 0.001493 0.174918
v -0.000865 0.001273 0.174918
v -0.002126 -0.002077 0.190418
v -0.003835 -0.003170 0.190418
v 0.003825 0.003258 0.190418
v -0.000693 0.001027 0.167918
v -0.001234 0.000905 0.168218
v -0.001454 0.000432 0.168218
v -0.000393 0.001493 0.168218
v -0.001499 -0.000086 0.168218
v 0.000126 0.001539 0.168218
v -0.001546 -0.000674 0.174918
v 0.001191 0.000149 0.167918
v 0.000629 0.001404 0.174918
v 0.000502 0.001132 0.167918
v -0.002126 -0.002077 0.290418
v 0.002117 0.002166 0.190418
v -0.001364 -0.000590 0.168218
v -0.000853 -0.000804 0.167918
v -0.001207 -0.001158 0.174918
v 0.001197 0.001246 0.174918
v 0.001056 0.001105 0.168218
v 0.004300 0.002052 0.179918
v 0.004694 0.001754 0.190418
v -0.000639 -0.001315 0.174918
v -0.000850 -0.001768 0.175218
v 0.002595 0.001541 0.193918
v 0.002714 0.001312 0.190418
v 0.002595 0.001541 0.197918
v -0.000639 -0.001315 0.168218
v 0.001536 0.000763 0.174918
v 0.001355 0.000678 0.168218
v -0.002012 -0.004261 0.179918
v -0.001273 -0.002675 0.190418
v -0.002505 -0.004286 0.190418
v -0.001273 -0.002675 0.290418
v -0.000266 -0.002944 0.290418
v 0.000383 -0.001405 0.168218
v -0.000136 -0.001450 0.168218
v 0.000978 -0.000644 0.167918
v -0.000136 -0.001450 0.174918
v -0.000179 -0.001948 0.175218
v 0.001689 0.000192 0.174918
v -0.000005 -0.005706 0.175418
v 0.001988 0.000219 0.175418
v 0.001444 -0.000344 0.168218
v 0.002595 -0.001452 0.197918
v 0.002595 -0.001452 0.193918
v 0.000435 -0.001598 0.174918
v 0.001637 -0.000396 0.174918
v -0.000266 -0.002944 0.190418
v 0.002984 0.000306 0.190418
v 0.004995 0.000044 0.190418
v 0.002984 0.000306 0.193918
v 0.002893 -0.000732 0.193918
v 0.002984 0.000306 0.197918
v 0.002893 -0.000732 0.197918
v 0.000856 -0.001184 0.168218
v 0.001523 -0.005499 0.175418
v 0.000513 -0.001888 0.175418
v 0.001927 -0.000473 0.175418
v 0.005745 0.000044 0.175418
v 0.000970 -0.001348 0.174918
v 0.001388 -0.000931 0.174918
v -0.000419 -0.004688 0.179918
v -0.000419 -0.004688 0.190418
v 0.004727 0.000458 0.179918
v 0.005745 0.000044 0.179918
v 0.001142 -0.001594 0.175418
v 0.001634 -0.001103 0.175418
v 0.005539 -0.001483 0.175418
v 0.000772 -0.002854 0.190418
v 0.002893 -0.000732 0.190418
v 0.004583 -0.001185 0.190418
v 0.000863 -0.004880 0.190418
v 0.001716 -0.002413 0.190418
v 0.002453 -0.001676 0.190418
v 0.003886 -0.002680 0.190418
v -0.000005 -0.005706 0.179918
v 0.002495 -0.004286 0.190418
v 0.001225 -0.004544 0.179918
v 0.004583 -0.001185 0.179918
v 0.005539 -0.001483 0.179918
v 0.001523 -0.005499 0.179918
v 0.002720 -0.003847 0.179918
v 0.003886 -0.002680 0.179918
v -0.013505 -0.009456 0.290418
v -0.013505 -0.009456 0.190418
v 0.005655 -0.009956 0.266543
v 0.013495 -0.009456 0.290418
v 0.013495 -0.009456 0.190418
v -0.008345 -0.009956 0.264293
v -0.007309 -0.009956 0.213694
v -0.006130 -0.009956 0.213902
v -0.008755 -0.008956 0.265418
v -0.008649 -0.008956 0.264819
v -0.008755 -0.008956 0.215418
v -0.008649 -0.008956 0.214819
v -0.008649 -0.008956 0.266016
v -0.008345 -0.008956 0.264293
v -0.008649 -0.008956 0.216016
v -0.008345 -0.008956 0.214293
v -0.008345 -0.008956 0.266543
v -0.007880 -0.008956 0.263902
v -0.008345 -0.008956 0.216543
v -0.007880 -0.008956 0.213902
v -0.007880 -0.008956 0.266933
v 0.005655 -0.009956 0.216543
v -0.007309 -0.009956 0.217141
v -0.007309 -0.008956 0.263694
v -0.007880 -0.008956 0.216933
v -0.007309 -0.008956 0.213694
v -0.007309 -0.008956 0.267141
v -0.006701 -0.008956 0.263694
v -0.007309 -0.008956 0.217141
v -0.006701 -0.008956 0.213694
v -0.006130 -0.009956 0.266933
v -0.006701 -0.008956 0.267141
v -0.006130 -0.009956 0.263902
v -0.006130 -0.008956 0.263902
v 0.005655 -0.009956 0.214293
v 0.005245 -0.009956 0.215418
v -0.006701 -0.008956 0.217141
v -0.006130 -0.008956 0.213902
v -0.006130 -0.008956 0.266933
v 0.006691 -0.009956 0.217141
v 0.007870 -0.009956 0.216933
v -0.005664 -0.008956 0.264293
v -0.005664 -0.009956 0.216543
v -0.006130 -0.008956 0.216933
v -0.005664 -0.008956 0.214293
v -0.005664 -0.008956 0.266543
v -0.005360 -0.008956 0.264819
v -0.005664 -0.008956 0.216543
v -0.005360 -0.008956 0.214819
v -0.005255 -0.009956 0.265418
v -0.005360 -0.008956 0.266016
v 0.005655 -0.009956 0.264293
v -0.005255 -0.008956 0.265418
v -0.005360 -0.008956 0.216016
v -0.005255 -0.008956 0.215418
v 0.005245 -0.008956 0.265418
v 0.005351 -0.008956 0.264819
v 0.005245 -0.008956 0.215418
v 0.005351 -0.008956 0.214819
v 0.005351 -0.008956 0.266016
v 0.005655 -0.008956 0.264293
v 0.005351 -0.008956 0.216016
v 0.005655 -0.008956 0.214293
v 0.005655 -0.008956 0.266543
v 0.006120 -0.008956 0.263902
v 0.005655 -0.008956 0.216543
v 0.006120 -0.008956 0.213902
v 0.006120 -0.008956 0.266933
v 0.006691 -0.009956 0.263694
v 0.006691 -0.008956 0.263694
v 0.006120 -0.008956 0.216933
v 0.006691 -0.008956 0.213694
v 0.007299 -0.009956 0.267141
v 0.006691 -0.008956 0.267141
v 0.007299 -0.008956 0.263694
v 0.006691 -0.008956 0.217141
v 0.007299 -0.009956 0.213694
v 0.007299 -0.008956 0.213694
v 0.007299 -0.008956 0.267141
v 0.007870 -0.009956 0.263902
v 0.008745 -0.009956 0.215418
v 0.007870 -0.008956 0.263902
v 0.007299 -0.008956 0.217141
v 0.007870 -0.008956 0.213902
v 0.008336 -0.009956 0.266543
v 0.007870 -0.008956 0.266933
v 0.008336 -0.008956 0.264293
v 0.007870 -0.008956 0.216933
v 0.008336 -0.009956 0.214293
v 0.008336 -0.008956 0.214293
v 0.008336 -0.008956 0.266543
v 0.008640 -0.009956 0.264819
v 0.008640 -0.008956 0.264819
v 0.008336 -0.008956 0.216543
v 0.008640 -0.008956 0.214819
v 0.008640 -0.008956 0.266016
v 0.008745 -0.008956 0.265418
v 0.008640 -0.008956 0.216016
v 0.008745 -0.008956 0.215418
v -0.014005 -0.008956 0.292918
v -0.013505 -0.009456 0.292918
v -0.012255 -0.009121 0.292918
v -0.012920 -0.008563 0.292918
v -0.011005 -0.009456 0.292918
v -0.013505 -0.009456 0.185418
v -0.011005 -0.009456 0.185418
v -0.008005 -0.009456 0.185418
v 0.007995 -0.009456 0.185418
v -0.014005 -0.008956 0.185418
v -0.011860 -0.009305 0.185418
v -0.013170 -0.008206 0.185418
v -0.012612 -0.008871 0.185418
v 0.007995 -0.009456 0.292918
v -0.008005 -0.009456 0.292918
v -0.010571 -0.009418 0.295918
v -0.011439 -0.009418 0.295918
v -0.010150 -0.009305 0.185418
v -0.011005 -0.009456 0.182418
v -0.010150 -0.009305 0.182418
v -0.011860 -0.009305 0.182418
v -0.011005 -0.008399 0.182418
v 0.007995 -0.009456 0.296418
v -0.008005 -0.009456 0.296418
v -0.008005 -0.006956 0.296418
v -0.008005 -0.006956 0.292918
v -0.008656 -0.007811 0.292918
v -0.009090 -0.008563 0.292918
v -0.009755 -0.009121 0.292918
v -0.009398 -0.008871 0.185418
v -0.008840 -0.008206 0.185418
v -0.008543 -0.007390 0.185418
v -0.008005 -0.006456 0.185418
v -0.008005 -0.009456 0.181418
v 0.007995 -0.009456 0.181418
v -0.008005 -0.006456 0.181418
v -0.004005 -0.006884 0.181418
v -0.002075 -0.007683 0.181418
v -0.000005 -0.007956 0.181418
v -0.009405 0.001041 0.296201
v -0.009831 0.000559 0.296418
v 0.007995 -0.006956 0.296418
v -0.008152 -0.006029 0.296418
v 0.007995 -0.006956 0.292918
v 0.010561 -0.009418 0.292918
v 0.009745 -0.009121 0.292918
v 0.009080 -0.008563 0.292918
v 0.008646 -0.007811 0.292918
v 0.011429 -0.009418 0.292918
v 0.010995 -0.009456 0.185418
v 0.010140 -0.009305 0.185418
v 0.009388 -0.008871 0.185418
v 0.007995 -0.006456 0.185418
v 0.008533 -0.007390 0.185418
v 0.008830 -0.008206 0.185418
v 0.007995 -0.006456 0.181418
v 0.002066 -0.007683 0.181418
v 0.013495 -0.009456 0.292918
v 0.011429 -0.009418 0.295918
v 0.010561 -0.009418 0.295918
v 0.013495 -0.009456 0.185418
v 0.011850 -0.009305 0.185418
v 0.010995 -0.009456 0.182418
v 0.011850 -0.009305 0.182418
v 0.010140 -0.009305 0.182418
v 0.010995 -0.008399 0.182418
v 0.013995 -0.008956 0.185418
v 0.013995 -0.008956 0.292918
v 0.013344 -0.007811 0.292918
v 0.012910 -0.008563 0.292918
v 0.012245 -0.009121 0.292918
v 0.012602 -0.008871 0.185418
v -0.012255 -0.009121 0.295918
v -0.011005 -0.008399 0.295918
v -0.009755 -0.009121 0.295918
v -0.009755 -0.007677 0.295918
v 0.009745 -0.009121 0.295918
v 0.010995 -0.008399 0.295918
v 0.012245 -0.009121 0.295918
v 0.012245 -0.007677 0.295918
v -0.012612 -0.008871 0.182418
v -0.012255 -0.007677 0.182418
v -0.009398 -0.008871 0.182418
v 0.009388 -0.008871 0.182418
v 0.009745 -0.007677 0.182418
v 0.012602 -0.008871 0.182418
v -0.012920 -0.008563 0.295918
v -0.012255 -0.007677 0.295918
v -0.009090 -0.008563 0.295918
v -0.008656 -0.007811 0.295918
v 0.009080 -0.008563 0.295918
v 0.009745 -0.007677 0.295918
v 0.012910 -0.008563 0.295918
v 0.013344 -0.007811 0.295918
v -0.014005 -0.003322 0.291918
v -0.014005 -0.003099 0.188684
v -0.014005 -0.003956 0.292918
v -0.014005 -0.003441 0.188091
v -0.013505 -0.006956 0.292918
v -0.013354 -0.007811 0.292918
v -0.014005 -0.003099 0.187152
v -0.014005 -0.003456 0.185418
v -0.013467 -0.006522 0.185418
v -0.013467 -0.007390 0.185418
v -0.009824 -0.008956 0.264392
v -0.010005 -0.008956 0.265418
v -0.009824 -0.008956 0.266444
v -0.009936 -0.005396 0.266054
v -0.010005 -0.005328 0.265418
v -0.009916 -0.005417 0.264692
v -0.009801 -0.005531 0.216436
v -0.009824 -0.008956 0.216444
v -0.010005 -0.008956 0.215418
v -0.010005 -0.005328 0.215418
v -0.009916 -0.005417 0.214692
v -0.009824 -0.008956 0.214392
v -0.009303 -0.008956 0.267346
v -0.009681 -0.005651 0.266772
v -0.009303 -0.008956 0.263489
v -0.009635 -0.005697 0.263975
v -0.009276 -0.006056 0.263510
v -0.009303 -0.008956 0.217346
v -0.009635 -0.005697 0.213975
v -0.009303 -0.008956 0.213489
v -0.009276 -0.006056 0.213510
v -0.008505 -0.008956 0.268016
v -0.009273 -0.006059 0.267324
v -0.008505 -0.008956 0.262820
v -0.008162 -0.007170 0.262650
v -0.009273 -0.006059 0.217324
v -0.008505 -0.008956 0.218016
v -0.008505 -0.008956 0.212820
v -0.008162 -0.007170 0.212650
v -0.007526 -0.008956 0.268372
v -0.008162 -0.007170 0.268185
v -0.007526 -0.008956 0.262463
v -0.007526 -0.007170 0.262463
v -0.008162 -0.007170 0.218185
v -0.007526 -0.008956 0.218372
v -0.007526 -0.008956 0.212463
v -0.007526 -0.007170 0.212463
v -0.006484 -0.008956 0.268372
v -0.007526 -0.007170 0.268372
v -0.006484 -0.008956 0.262463
v -0.006484 -0.007170 0.262463
v -0.007526 -0.007170 0.218372
v -0.006484 -0.008956 0.218372
v -0.006484 -0.008956 0.212463
v -0.006484 -0.007170 0.212463
v -0.005505 -0.008956 0.262820
v -0.005505 -0.008956 0.212820
v -0.005505 -0.008956 0.268016
v -0.006484 -0.007170 0.268372
v -0.005505 -0.007170 0.262820
v -0.006484 -0.007170 0.218372
v -0.005505 -0.008956 0.218016
v -0.005505 -0.007170 0.212820
v -0.004707 -0.008956 0.263489
v -0.004707 -0.008956 0.213489
v -0.004707 -0.008956 0.267346
v -0.004186 -0.008956 0.264392
v -0.004707 -0.008956 0.217346
v -0.004186 -0.008956 0.214392
v -0.005505 -0.007170 0.268016
v -0.004707 -0.007170 0.263489
v -0.005505 -0.007170 0.218016
v -0.004707 -0.007170 0.213489
v -0.004186 -0.008956 0.266444
v -0.004005 -0.008956 0.265418
v -0.004186 -0.008956 0.216444
v -0.004005 -0.008956 0.215418
v -0.004707 -0.007170 0.267346
v -0.004186 -0.007170 0.264392
v -0.004707 -0.007170 0.217346
v -0.004186 -0.007170 0.214392
v -0.004186 -0.007170 0.266444
v -0.004005 -0.007170 0.265418
v -0.004186 -0.007170 0.216444
v -0.004005 -0.007170 0.215418
v 0.003995 -0.007170 0.265418
v 0.004176 -0.008956 0.266444
v 0.003995 -0.008956 0.265418
v 0.004176 -0.007170 0.264392
v 0.004176 -0.008956 0.264392
v 0.003995 -0.007170 0.215418
v 0.004176 -0.008956 0.216444
v 0.003995 -0.008956 0.215418
v 0.004176 -0.007170 0.214392
v 0.004176 -0.008956 0.214392
v 0.004176 -0.007170 0.266444
v 0.004697 -0.008956 0.267346
v 0.004697 -0.007170 0.263489
v 0.004697 -0.008956 0.263489
v 0.004176 -0.007170 0.216444
v 0.004697 -0.008956 0.217346
v 0.004697 -0.007170 0.213489
v 0.004697 -0.008956 0.213489
v 0.004697 -0.007170 0.267346
v 0.005495 -0.008956 0.268016
v 0.005495 -0.007170 0.262820
v 0.005495 -0.008956 0.262820
v 0.004697 -0.007170 0.217346
v 0.005495 -0.008956 0.218016
v 0.005495 -0.007170 0.212820
v 0.005495 -0.008956 0.212820
v 0.005495 -0.007170 0.268016
v 0.006474 -0.008956 0.268372
v 0.006474 -0.007170 0.262463
v 0.006474 -0.008956 0.262463
v 0.005495 -0.007170 0.218016
v 0.006474 -0.008956 0.218372
v 0.006474 -0.007170 0.212463
v 0.006474 -0.008956 0.212463
v 0.006474 -0.007170 0.268372
v 0.007516 -0.008956 0.268372
v 0.007516 -0.007170 0.262463
v 0.007516 -0.008956 0.262463
v 0.006474 -0.007170 0.218372
v 0.007516 -0.008956 0.218372
v 0.007516 -0.007170 0.212463
v 0.007516 -0.008956 0.212463
v 0.008495 -0.008956 0.262820
v 0.008495 -0.008956 0.212820
v 0.007516 -0.007170 0.268372
v 0.008495 -0.008956 0.268016
v 0.008153 -0.007170 0.262650
v 0.007516 -0.007170 0.218372
v 0.008495 -0.008956 0.218016
v 0.008153 -0.007170 0.212650
v 0.009293 -0.008956 0.263489
v 0.009293 -0.008956 0.213489
v 0.009293 -0.008956 0.267346
v 0.009814 -0.008956 0.264392
v 0.009293 -0.008956 0.217346
v 0.009814 -0.008956 0.214392
v 0.008153 -0.007170 0.268185
v 0.009073 -0.006250 0.263254
v 0.008153 -0.007170 0.218185
v 0.009073 -0.006250 0.213254
v 0.009814 -0.008956 0.266444
v 0.009995 -0.008956 0.265418
v 0.009814 -0.008956 0.216444
v 0.009995 -0.008956 0.215418
v 0.009059 -0.006264 0.267595
v 0.009672 -0.005651 0.264063
v 0.009059 -0.006264 0.217596
v 0.009672 -0.005651 0.214063
v 0.009906 -0.005417 0.266144
v 0.009626 -0.005697 0.266860
v 0.009927 -0.005396 0.264781
v 0.009906 -0.005417 0.216144
v 0.009626 -0.005697 0.216860
v 0.009927 -0.005396 0.214781
v 0.009995 -0.005328 0.265418
v 0.009995 -0.005328 0.215418
v 0.013995 -0.003441 0.292244
v 0.013995 -0.003956 0.292918
v 0.013779 -0.002959 0.291818
v 0.013495 -0.006956 0.292918
v 0.013779 -0.003134 0.187526
v 0.013779 -0.003134 0.188310
v 0.013779 -0.002456 0.291634
v 0.013995 -0.003456 0.185418
v 0.013457 -0.006522 0.185418
v 0.013457 -0.007390 0.185418
v 0.013160 -0.008206 0.185418
v -0.013170 -0.008206 0.182418
v -0.008840 -0.008206 0.182418
v -0.009755 -0.007677 0.182418
v 0.008830 -0.008206 0.182418
v 0.013160 -0.008206 0.182418
v 0.012245 -0.007677 0.182418
v -0.013354 -0.007811 0.295918
v 0.008646 -0.007811 0.295918
v -0.011005 -0.008399 0.294503
v -0.012255 -0.007677 0.294503
v -0.009755 -0.007677 0.294503
v -0.012255 -0.006234 0.294503
v -0.009755 -0.007677 0.183832
v -0.011005 -0.008399 0.183832
v -0.012255 -0.007677 0.183832
v 0.010995 -0.008399 0.294503
v 0.009745 -0.007677 0.294503
v 0.012245 -0.007677 0.294503
v 0.012245 -0.007677 0.183832
v 0.010995 -0.008399 0.183832
v 0.009745 -0.007677 0.183832
v 0.012245 -0.006234 0.183832
v -0.013467 -0.007390 0.182418
v -0.008543 -0.007390 0.182418
v 0.008533 -0.007390 0.182418
v 0.013457 -0.007390 0.182418
v -0.000005 -0.007956 0.179918
v 0.002066 -0.007683 0.179918
v -0.002075 -0.007683 0.179918
v -0.001936 -0.005900 0.179918
v -0.013505 -0.006956 0.295918
v -0.008505 -0.006956 0.295918
v 0.008495 -0.006956 0.295918
v 0.008495 -0.006956 0.292918
v 0.013495 -0.006956 0.295918
v -0.004005 -0.006884 0.179918
v -0.003678 -0.005012 0.179918
v 0.003995 -0.006884 0.181418
v 0.008142 -0.005529 0.181418
v 0.003995 -0.006884 0.179918
v 0.001927 -0.005900 0.179918
v -0.012255 -0.006234 0.295918
v -0.012255 -0.006234 0.182418
v -0.012255 -0.006234 0.183832
v -0.009755 -0.006234 0.295918
v -0.009755 -0.006234 0.294503
v -0.011005 -0.005512 0.294503
v -0.009755 -0.006234 0.183832
v -0.009755 -0.006234 0.182418
v -0.008543 -0.006522 0.182418
v 0.009745 -0.006234 0.295918
v 0.009745 -0.006234 0.294503
v 0.012245 -0.006234 0.294503
v 0.009745 -0.006234 0.182418
v 0.009745 -0.006234 0.183832
v 0.010995 -0.005512 0.183832
v 0.012245 -0.006234 0.295918
v 0.012245 -0.006234 0.182418
v 0.013457 -0.006522 0.182418
v -0.013467 -0.006522 0.182418
v -0.008543 -0.006522 0.185418
v 0.008533 -0.006522 0.185418
v 0.008533 -0.006522 0.182418
v 0.010910 -0.003100 0.290418
v 0.008153 -0.007170 0.290418
v -0.008162 -0.007170 0.290418
v -0.010612 -0.004720 0.290418
v 0.010602 -0.000456 0.290418
v 0.010602 -0.001357 0.290418
v -0.008162 -0.007170 0.190418
v -0.010612 -0.004720 0.190418
v 0.008153 -0.007170 0.190418
v 0.010602 -0.004720 0.290418
v 0.010602 -0.004720 0.190418
v 0.010602 -0.003154 0.190418
v -0.013354 -0.006101 0.295918
v -0.013354 -0.006101 0.292918
v -0.008656 -0.006101 0.292918
v -0.008656 -0.006101 0.295918
v 0.008142 -0.006029 0.296418
v 0.008142 -0.006029 0.292918
v 0.008646 -0.006101 0.295918
v 0.008646 -0.006101 0.292918
v 0.013344 -0.006101 0.292918
v 0.013344 -0.006101 0.295918
v -0.008152 -0.006029 0.292918
v -0.005662 -0.005613 0.181418
v -0.005662 -0.005613 0.179918
v 0.005652 -0.005613 0.181418
v 0.005652 -0.005613 0.179918
v 0.003669 -0.005012 0.179918
v -0.013170 -0.005706 0.185418
v -0.013170 -0.005706 0.182418
v -0.008152 -0.005529 0.185418
v -0.008840 -0.005706 0.185418
v -0.008840 -0.005706 0.182418
v 0.008830 -0.005706 0.185418
v 0.008830 -0.005706 0.182418
v 0.013160 -0.005706 0.185418
v 0.013160 -0.005706 0.182418
v -0.008152 -0.005529 0.181418
v 0.008142 -0.005529 0.185418
v -0.012255 -0.004791 0.295918
v -0.011439 -0.004494 0.295918
v -0.011005 -0.005512 0.295918
v -0.011005 -0.005512 0.182418
v -0.011005 -0.005512 0.183832
v -0.012612 -0.005041 0.182418
v -0.009090 -0.005349 0.295918
v -0.010571 -0.004494 0.295918
v -0.009755 -0.004791 0.295918
v -0.009398 -0.005041 0.182418
v 0.009745 -0.004791 0.295918
v 0.010561 -0.004494 0.295918
v 0.010995 -0.005512 0.295918
v 0.010995 -0.005512 0.294503
v 0.010995 -0.005512 0.182418
v 0.009388 -0.005041 0.182418
v 0.012910 -0.005349 0.295918
v 0.011429 -0.004494 0.295918
v 0.012245 -0.004791 0.295918
v 0.012602 -0.005041 0.182418
v 0.001927 -0.005900 0.181418
v -0.000005 -0.006206 0.181418
v -0.001936 -0.005900 0.181418
v -0.000873 -0.004880 0.181418
v -0.012920 -0.005349 0.295918
v -0.012920 -0.005349 0.292918
v -0.009090 -0.005349 0.292918
v 0.009080 -0.005349 0.295918
v 0.008568 -0.005192 0.292918
v 0.009080 -0.005349 0.292918
v 0.012910 -0.005349 0.292918
v -0.008578 -0.005192 0.296418
v -0.008578 -0.005192 0.292918
v 0.008568 -0.005192 0.296418
v -0.003678 -0.005012 0.181418
v -0.002505 -0.004286 0.181418
v 0.003669 -0.005012 0.181418
v 0.000863 -0.004880 0.181418
v -0.012612 -0.005041 0.185418
v -0.008578 -0.004692 0.185418
v -0.009398 -0.005041 0.185418
v 0.009388 -0.005041 0.185418
v 0.012602 -0.005041 0.185418
v -0.006933 -0.003956 0.181418
v -0.006933 -0.003956 0.179918
v -0.005061 -0.003629 0.179918
v 0.008568 -0.004692 0.181418
v 0.006923 -0.003956 0.181418
v 0.006923 -0.003956 0.179918
v -0.008578 -0.004692 0.181418
v 0.008568 -0.004692 0.185418
v -0.011860 -0.004607 0.182418
v -0.011005 -0.004456 0.182418
v -0.010150 -0.004607 0.182418
v 0.010140 -0.004607 0.182418
v 0.010995 -0.004456 0.182418
v 0.011850 -0.004607 0.182418
v -0.012255 -0.004791 0.292918
v -0.009755 -0.004791 0.292918
v 0.009232 -0.004529 0.292918
v 0.009745 -0.004791 0.292918
v 0.012245 -0.004791 0.292918
v -0.009241 -0.004529 0.296418
v -0.009241 -0.004529 0.292918
v 0.009232 -0.004529 0.296418
v -0.009221 0.001544 0.296201
v -0.011860 -0.004607 0.185418
v -0.009241 -0.004029 0.185418
v -0.010150 -0.004607 0.185418
v 0.010140 -0.004607 0.185418
v 0.011850 -0.004607 0.185418
v -0.005061 -0.003629 0.181418
v -0.003835 -0.003170 0.181418
v 0.005052 -0.003629 0.181418
v 0.005052 -0.003629 0.179918
v 0.002495 -0.004286 0.181418
v -0.010919 -0.003100 0.190418
v 0.010602 -0.001357 0.190418
v -0.011005 -0.003956 0.292918
v -0.011439 -0.004494 0.292918
v -0.010571 -0.004494 0.292918
v 0.010068 -0.004103 0.292918
v 0.010561 -0.004494 0.292918
v 0.011429 -0.004494 0.292918
v -0.010612 -0.003154 0.290418
v -0.009241 -0.004029 0.181418
v -0.007732 -0.002026 0.181418
v 0.009232 -0.004029 0.185418
v 0.009232 -0.004029 0.181418
v -0.011005 -0.004456 0.185418
v -0.011005 -0.003456 0.185418
v -0.010078 -0.003603 0.185418
v 0.010068 -0.003603 0.185418
v 0.010995 -0.004456 0.185418
v 0.010995 -0.003456 0.185418
v -0.010078 -0.004103 0.296418
v -0.010078 -0.004103 0.292918
v 0.010068 -0.004103 0.296418
v 0.009603 0.000866 0.296201
v 0.010995 -0.003956 0.292918
v -0.010612 -0.001357 0.190418
v 0.003825 -0.003170 0.181418
v -0.011005 -0.003956 0.296418
v 0.010995 -0.003956 0.296418
v 0.010387 0.000866 0.296201
v -0.010078 -0.003603 0.181418
v -0.008005 0.000044 0.181418
v 0.010200 0.001870 0.181418
v 0.010068 -0.003603 0.181418
v 0.009645 0.002072 0.181418
v -0.014005 0.004044 0.296418
v -0.014005 -0.002456 0.293418
v -0.014005 -0.003956 0.296418
v -0.014005 -0.003322 0.292918
v -0.010505 0.000678 0.296418
v -0.010741 0.001276 0.296201
v -0.007732 -0.002026 0.179918
v -0.005949 -0.001887 0.179918
v 0.007723 -0.002026 0.181418
v 0.007723 -0.002026 0.179918
v 0.013995 -0.003956 0.296418
v 0.013779 -0.002724 0.293154
v 0.013995 0.004044 0.296418
v 0.013779 -0.003134 0.292809
v 0.010731 0.001812 0.296201
v 0.010731 0.001276 0.296201
v -0.005949 -0.001887 0.181418
v -0.004703 -0.001666 0.181418
v 0.005939 -0.001887 0.181418
v 0.005939 -0.001887 0.179918
v -0.011005 -0.003456 0.181418
v 0.010995 -0.003456 0.181418
v -0.014005 -0.000206 0.186418
v -0.014005 -0.003456 0.181418
v -0.014005 -0.002114 0.186978
v -0.014005 -0.001590 0.187418
v -0.014005 0.011544 0.181418
v -0.012205 0.003544 0.181418
v -0.012102 0.002963 0.181418
v -0.011807 0.002452 0.181418
v -0.011355 0.002072 0.181418
v -0.010800 0.001870 0.181418
v 0.013995 -0.003456 0.181418
v 0.010790 0.001870 0.181418
v 0.013779 -0.002456 0.187134
v 0.013779 -0.001952 0.187318
v 0.013995 -0.000206 0.186418
v 0.013995 0.007294 0.186418
v 0.013995 0.011544 0.181418
v 0.011345 0.002072 0.181418
v 0.011797 0.002452 0.181418
v 0.012195 0.003544 0.181418
v 0.012093 0.002963 0.181418
v -0.014005 -0.002456 0.188918
v -0.014005 -0.002798 0.291478
v -0.009005 -0.002959 0.293018
v -0.009005 -0.003227 0.292282
v -0.009005 -0.003134 0.188310
v -0.009005 -0.003227 0.187782
v -0.008552 -0.002456 0.292418
v -0.009005 -0.002959 0.291818
v -0.008552 -0.002456 0.187918
v -0.009005 -0.002959 0.187318
v 0.008995 -0.002959 0.293018
v 0.008995 -0.003227 0.292282
v 0.008543 -0.002456 0.292418
v 0.008995 -0.003134 0.188310
v 0.008995 -0.003227 0.187782
v 0.008543 -0.002456 0.187918
v 0.008995 -0.002959 0.187318
v 0.004694 -0.001666 0.181418
v 0.010948 0.000020 0.290418
v -0.010919 -0.001412 0.290418
v 0.013495 0.004544 0.290418
v 0.011380 -0.001807 0.290418
v 0.008995 -0.002724 0.291681
v 0.008995 -0.002724 0.188654
v -0.011390 -0.002705 0.290418
v -0.011390 -0.002705 0.190418
v 0.011380 -0.002705 0.190418
v 0.013779 -0.002724 0.188654
v -0.009005 -0.002724 0.188654
v -0.009005 -0.002456 0.291634
v -0.009005 -0.002456 0.187134
v 0.008995 -0.002456 0.187134
v 0.011487 -0.002412 0.290418
v 0.013779 -0.002188 0.188654
v -0.009005 -0.002456 0.293201
v 0.008995 -0.002188 0.293154
v -0.011390 -0.001807 0.290418
v -0.011497 -0.002100 0.190418
v 0.011487 -0.002100 0.190418
v 0.011180 -0.001568 0.190418
v -0.014005 -0.000663 0.190418
v -0.014005 -0.002114 0.291478
v -0.014005 -0.001813 0.188684
v -0.009005 -0.001952 0.293018
v -0.009005 -0.002188 0.188654
v -0.009005 -0.001684 0.292282
v -0.009005 -0.001952 0.291818
v -0.009005 -0.001777 0.188310
v -0.009005 -0.001684 0.187782
v -0.009005 -0.001952 0.187318
v 0.008995 -0.001952 0.291818
v 0.008995 -0.001684 0.292282
v 0.008995 -0.001777 0.292809
v 0.008995 -0.001952 0.187318
v 0.008995 -0.001684 0.188054
v 0.008995 -0.001952 0.188518
v 0.013779 -0.002188 0.293154
v 0.013995 -0.000663 0.190418
v -0.014005 -0.001813 0.293184
v 0.013779 -0.001952 0.291818
v -0.014005 -0.000663 0.290418
v -0.008005 0.000044 0.179918
v -0.006255 0.000044 0.179918
v 0.008898 0.002963 0.181418
v 0.009193 0.002452 0.181418
v 0.007995 0.000044 0.181418
v 0.007995 0.000044 0.179918
v -0.014005 -0.001590 0.291918
v 0.013779 -0.001777 0.292809
v 0.013779 -0.001777 0.188310
v 0.013779 -0.001684 0.292282
v -0.006255 0.000044 0.181418
v -0.005005 0.000044 0.181418
v 0.006245 0.000044 0.181418
v -0.014005 0.004044 0.290418
v -0.011189 -0.001568 0.190418
v -0.014005 -0.001471 0.292591
v -0.014005 -0.001471 0.188091
v 0.013995 -0.001471 0.187744
v -0.010612 -0.000456 0.190418
v 0.004995 0.000044 0.181418
v 0.013995 0.004044 0.290418
v 0.013995 -0.000663 0.290418
v -0.010636 -0.000301 0.290418
v 0.010602 -0.000456 0.190418
v -0.013298 0.000044 0.290418
v -0.013548 -0.000206 0.190418
v 0.013288 0.000044 0.290418
v 0.013288 0.000044 0.190418
v -0.009802 -0.000139 0.190418
v 0.009793 -0.000139 0.190418
v -0.011112 0.000044 0.290418
v -0.014005 0.007294 0.186418
v -0.010505 -0.000206 0.186418
v -0.012205 0.003544 0.186418
v -0.012102 0.002963 0.186418
v -0.011807 0.002452 0.186418
v -0.010800 0.001870 0.186418
v -0.011355 0.002072 0.186418
v -0.011112 0.000044 0.190418
v -0.009802 -0.000139 0.186418
v -0.010210 0.001870 0.186418
v 0.010495 -0.000206 0.186418
v 0.011345 0.002072 0.186418
v 0.010790 0.001870 0.186418
v 0.009793 -0.000139 0.186418
v 0.011102 0.000044 0.190418
v 0.012195 0.003544 0.186418
v 0.012093 0.002963 0.186418
v 0.011797 0.002452 0.186418
v -0.008596 0.000316 0.190418
v -0.008596 0.000316 0.186418
v -0.009655 0.002072 0.186418
v 0.008586 0.000316 0.190418
v 0.010200 0.001870 0.186418
v 0.008586 0.000316 0.186418
v -0.013505 0.004544 0.290418
v -0.009203 0.002452 0.181418
v -0.007732 0.002115 0.181418
v -0.010210 0.001870 0.181418
v -0.009655 0.002072 0.181418
v -0.007732 0.002115 0.179918
v -0.005949 0.001976 0.179918
v -0.005949 0.001976 0.181418
v -0.004703 0.001754 0.181418
v -0.006976 0.002274 0.190418
v -0.007615 0.001154 0.190418
v 0.007606 0.001154 0.190418
v 0.004694 0.001754 0.181418
v 0.005939 0.001976 0.181418
v 0.005939 0.001976 0.179918
v 0.007723 0.002115 0.179918
v 0.007723 0.002115 0.181418
v -0.007615 0.001154 0.186418
v -0.009203 0.002452 0.186418
v 0.009645 0.002072 0.186418
v 0.007606 0.001154 0.186418
v 0.009056 0.001202 0.296418
v -0.010141 0.000773 0.291418
v -0.009405 0.001041 0.291418
v -0.010005 0.001544 0.290965
v 0.010131 0.000773 0.291418
v 0.009603 0.000866 0.291418
v 0.009995 0.001544 0.290965
v -0.010605 0.001041 0.291418
v 0.009259 0.001276 0.291418
v 0.010731 0.001276 0.291418
v -0.010788 0.001544 0.291418
v -0.006976 0.002274 0.186418
v -0.008907 0.002963 0.186418
v 0.006967 0.002274 0.190418
v 0.009193 0.002452 0.186418
v 0.006967 0.002274 0.186418
v -0.009405 0.002048 0.296201
v -0.009269 0.001812 0.291418
v 0.010731 0.001812 0.291418
v -0.010605 0.002048 0.296201
v -0.009613 0.002223 0.291418
v -0.010141 0.002316 0.291418
v -0.010605 0.002048 0.291418
v -0.010141 0.002316 0.296201
v 0.009056 0.001886 0.296418
v 0.009259 0.001812 0.291418
v 0.010131 0.002316 0.291418
v 0.009603 0.002223 0.291418
v -0.006755 0.003544 0.190418
v -0.003835 0.003258 0.181418
v 0.003825 0.003258 0.181418
v 0.005052 0.003718 0.181418
v -0.013505 0.004544 0.296418
v -0.005061 0.003718 0.181418
v -0.005061 0.003718 0.179918
v 0.005052 0.003718 0.179918
v 0.006923 0.004044 0.179918
v 0.009603 0.002223 0.296201
v 0.010131 0.002316 0.296201
v -0.008907 0.002963 0.181418
v -0.006933 0.004044 0.181418
v -0.006933 0.004044 0.179918
v 0.006923 0.004044 0.181418
v 0.008795 0.003544 0.181418
v 0.013495 0.004544 0.296418
v -0.006755 0.003544 0.186418
v -0.008805 0.003544 0.186418
v 0.006745 0.003544 0.190418
v 0.008898 0.002963 0.186418
v 0.006745 0.003544 0.186418
v -0.008805 0.003544 0.181418
v 0.008795 0.003544 0.186418
v -0.008596 0.006772 0.190418
v -0.007615 0.005935 0.190418
v -0.014005 0.011544 0.190418
v -0.013505 0.012044 0.190418
v -0.006976 0.004815 0.190418
v -0.002505 0.004374 0.181418
v 0.006967 0.004815 0.190418
v 0.007606 0.005935 0.190418
v 0.013995 0.011544 0.190418
v 0.008586 0.006772 0.190418
v 0.002495 0.004374 0.181418
v 0.003669 0.005101 0.181418
v -0.012102 0.004126 0.186418
v -0.012102 0.004126 0.181418
v -0.008907 0.004126 0.186418
v -0.008907 0.004126 0.181418
v -0.005662 0.005701 0.181418
v -0.006976 0.004815 0.186418
v 0.006967 0.004815 0.186418
v 0.008898 0.004126 0.186418
v 0.008898 0.004126 0.181418
v 0.012093 0.004126 0.186418
v 0.012093 0.004126 0.181418
v -0.003678 0.005101 0.181418
v -0.003678 0.005101 0.179918
v 0.003669 0.005101 0.179918
v 0.005652 0.005701 0.179918
v -0.005662 0.005701 0.179918
v 0.005652 0.005701 0.181418
v -0.011807 0.004637 0.186418
v -0.011005 0.006592 0.186418
v -0.011741 0.007044 0.186150
v -0.011807 0.004637 0.181418
v -0.009203 0.004637 0.186418
v -0.009203 0.004637 0.181418
v -0.004005 0.006972 0.181418
v 0.009193 0.004637 0.186418
v 0.009193 0.004637 0.181418
v 0.011797 0.004637 0.186418
v 0.011797 0.004637 0.181418
v -0.000873 0.004968 0.181418
v 0.013495 0.012044 0.190418
v 0.000863 0.004968 0.181418
v 0.001927 0.005988 0.181418
v -0.011355 0.005017 0.186418
v -0.011355 0.005017 0.181418
v -0.009655 0.005017 0.186418
v -0.009655 0.005017 0.181418
v 0.010259 0.007044 0.186150
v 0.010995 0.006592 0.186418
v 0.009645 0.005017 0.186418
v 0.003995 0.006972 0.181418
v 0.009645 0.005017 0.181418
v 0.011345 0.005017 0.186418
v 0.011345 0.005017 0.181418
v -0.007615 0.005935 0.186418
v -0.009802 0.007228 0.186418
v 0.007606 0.005935 0.186418
v -0.001936 0.005988 0.181418
v -0.000005 0.006294 0.181418
v -0.010800 0.005218 0.186418
v -0.010800 0.005218 0.181418
v -0.010210 0.005218 0.186418
v -0.010210 0.005218 0.181418
v -0.002075 0.007772 0.181418
v 0.010200 0.005218 0.186418
v 0.013495 0.012044 0.181418
v 0.010200 0.005218 0.181418
v 0.002066 0.007772 0.181418
v 0.011779 0.007044 0.186418
v 0.010790 0.005218 0.186418
v 0.010790 0.005218 0.181418
v -0.004005 0.006972 0.179918
v -0.001936 0.005988 0.179918
v 0.001927 0.005988 0.179918
v 0.002066 0.007772 0.179918
v 0.003995 0.006972 0.179918
v -0.013505 0.012044 0.181418
v -0.008596 0.006772 0.186418
v 0.008586 0.006772 0.186418
v -0.002075 0.007772 0.179918
v -0.000005 0.008044 0.179918
v -0.010405 0.007044 0.185914
v -0.010869 0.007044 0.185646
v -0.011397 0.007044 0.185739
v 0.011595 0.007044 0.185914
v 0.011131 0.007044 0.185646
v 0.010603 0.007044 0.185739
v -0.009802 0.007228 0.190418
v 0.009793 0.007228 0.190418
v 0.009793 0.007228 0.186418
v -0.011771 0.012044 0.185775
v -0.011788 0.011828 0.186418
v -0.011178 0.012044 0.185433
v -0.010505 0.012044 0.185552
v -0.010269 0.011828 0.186150
v 0.010495 0.012044 0.185552
v 0.010259 0.011828 0.186150
v 0.011169 0.012044 0.185433
v 0.011595 0.011828 0.185914
v -0.010505 0.007294 0.190418
v -0.010739 0.007294 0.187155
v -0.010336 0.007290 0.186824
v 0.010495 0.007294 0.190418
v 0.010256 0.007287 0.186677
v -0.010341 0.011828 0.186811
v 0.010259 0.011828 0.186686
v -0.010743 0.011828 0.187144
v -0.014005 0.007294 0.190418
v -0.011679 0.007294 0.186817
v -0.011270 0.007294 0.187155
v -0.011605 0.011828 0.186921
v 0.010730 0.007294 0.187155
v 0.013995 0.007294 0.190418
v 0.010603 0.011828 0.187096
v 0.011495 0.007294 0.187022
v 0.011131 0.011828 0.187189
v 0.011731 0.011828 0.186686
v -0.000005 0.008044 0.181418
v -0.011178 0.012044 0.187403
vn 0.0000 0.0000 -1.0000
vn 0.0334 -0.9994 -0.0043
vn -0.0334 -0.9994 0.0043
vn -0.1001 -0.9950 -0.0043
vn 0.1000 -0.9950 0.0043
vn 0.0282 -0.9778 0.2079
vn 0.0127 -0.9781 0.2076
vn -0.0327 -0.9780 0.2059
vn 0.0396 -0.9774 0.2079
vn 0.0978 -0.9735 0.2065
vn -0.0072 -0.9788 0.2049
vn -0.0327 -0.9781 0.2054
vn -0.1660 -0.9861 0.0043
vn -0.0264 -0.9784 0.2048
vn -0.0450 -0.9775 0.2062
vn -0.0566 -0.9767 0.2069
vn -0.0728 -0.9755 0.2075
vn -0.0911 -0.9739 0.2078
vn -0.1624 -0.9647 0.2074
vn 0.1663 -0.9861 -0.0043
vn 0.1003 -0.9949 0.0043
vn 0.0981 -0.9735 0.2065
vn -0.2314 -0.9728 0.0042
vn 0.2318 -0.9728 0.0043
vn 0.0676 -0.9769 0.2026
vn 0.1131 -0.9719 0.2067
vn 0.0989 -0.9736 0.2057
vn 0.0828 -0.9754 0.2043
vn 0.1376 -0.9685 0.2076
vn 0.1344 -0.9690 0.2075
vn 0.1226 -0.9706 0.2071
vn 0.1888 -0.9597 0.2083
vn 0.1923 -0.9590 0.2083
vn 0.2268 -0.9518 0.2065
vn -0.1664 -0.9861 -0.0027
vn -0.1206 -0.9713 0.2050
vn -0.1628 -0.9647 0.2068
vn -0.2320 -0.9727 -0.0043
vn -0.2963 -0.9551 0.0043
vn -0.1432 -0.9683 0.2047
vn -0.1539 -0.9664 0.2057
vn -0.2899 -0.9344 0.2068
vn -0.1915 -0.9592 0.2082
vn -0.1879 -0.9599 0.2082
vn 0.2963 -0.9551 -0.0043
vn 0.2317 -0.9728 0.0043
vn 0.3223 -0.9243 0.2044
vn 0.2266 -0.9514 0.2086
vn -0.3593 -0.9332 -0.0043
vn 0.3593 -0.9332 0.0043
vn 0.3514 -0.9127 0.2086
vn -0.2898 -0.9341 0.2087
vn -0.3224 -0.9236 0.2075
vn -0.4207 -0.9072 0.0043
vn -0.4115 -0.8872 0.2087
vn 0.4333 -0.9011 -0.0154
vn 0.4249 -0.9051 -0.0113
vn 0.4175 -0.9086 -0.0081
vn 0.4099 -0.9121 -0.0053
vn 0.4015 -0.9159 -0.0024
vn 0.4209 -0.9071 0.0033
vn 0.4646 -0.8848 -0.0359
vn 0.4434 -0.8961 -0.0213
vn 0.3798 -0.9250 0.0043
vn 0.4168 -0.9088 0.0180
vn 0.3801 -0.9249 0.0043
vn 0.3949 -0.9187 0.0093
vn 0.4051 -0.9142 0.0131
vn 0.4270 -0.9040 0.0230
vn 0.4380 -0.8985 0.0295
vn 0.3593 -0.9329 -0.0227
vn 0.3226 -0.9235 0.2075
vn 0.3516 -0.9130 0.2069
vn -0.4394 -0.8983 -0.0009
vn -0.4455 -0.8953 -0.0017
vn -0.4569 -0.8895 -0.0040
vn -0.4221 -0.9066 0.0001
vn -0.4287 -0.9035 -0.0001
vn -0.4336 -0.9011 -0.0004
vn -0.4655 -0.8850 -0.0065
vn -0.4782 -0.8782 -0.0113
vn -0.4806 -0.8768 -0.0124
vn -0.2827 -0.9592 0.0042
vn 0.4686 -0.8834 0.0074
vn 0.4806 -0.8768 0.0126
vn 0.4701 -0.8577 0.2081
vn -0.4212 -0.9070 -0.0030
vn -0.4761 -0.8791 0.0230
vn -0.4599 -0.8878 0.0168
vn -0.4486 -0.8936 0.0137
vn -0.4381 -0.8989 0.0115
vn -0.4267 -0.9043 0.0100
vn -0.4156 -0.9095 0.0090
vn -0.3995 -0.9167 0.0081
vn -0.3500 -0.9367 0.0063
vn -0.4121 -0.8874 0.2065
vn -0.3229 -0.9241 0.2047
vn -0.9639 -0.2585 0.0633
vn -0.9640 -0.2585 -0.0629
vn 0.9640 -0.2585 -0.0616
vn 0.9641 -0.2585 0.0612
vn 0.9548 -0.2717 -0.1210
vn 0.9456 -0.2690 -0.1831
vn -0.9545 -0.2716 0.1227
vn -0.9456 -0.2691 0.1831
vn -0.9545 -0.2718 -0.1227
vn -0.9453 -0.2693 -0.1844
vn 0.9547 -0.2719 0.1210
vn 0.9453 -0.2693 0.1840
vn -0.9089 -0.2902 -0.2994
vn -0.9093 -0.2901 0.2984
vn 0.9087 -0.2903 -0.2999
vn 0.9089 -0.2903 0.2994
vn 0.8559 -0.3210 -0.4055
vn 0.8822 -0.3133 -0.3515
vn -0.8831 -0.3130 0.3495
vn -0.8548 -0.3212 0.4075
vn -0.8829 -0.3129 -0.3501
vn -0.8553 -0.3210 -0.4066
vn 0.8824 -0.3134 0.3508
vn 0.8549 -0.3215 0.4072
vn -0.7871 -0.3605 -0.5005
vn -0.7870 -0.3603 0.5008
vn 0.7839 -0.3623 -0.5042
vn 0.7863 -0.3610 0.5014
vn -0.7465 -0.3914 0.5380
vn -0.7053 -0.4078 0.5798
vn -0.7471 -0.3913 -0.5373
vn -0.7046 -0.4082 -0.5804
vn 0.7474 -0.3909 0.5372
vn 0.7046 -0.4080 0.5806
vn 0.7480 -0.3907 -0.5364
vn 0.7003 -0.4107 -0.5838
vn -0.6113 -0.4621 -0.6425
vn -0.6123 -0.4615 0.6419
vn 0.5883 -0.4733 -0.6557
vn 0.5481 -0.4919 0.6765
vn -0.5641 -0.4968 0.6595
vn -0.5115 -0.5197 0.6843
vn -0.5641 -0.4967 -0.6597
vn -0.5119 -0.5194 -0.6842
vn -0.5378 -0.8430 0.0102
vn -0.5060 -0.8625 0.0023
vn -0.4930 -0.8700 0.0004
vn -0.5259 -0.8245 0.2089
vn -0.4655 -0.8599 0.2093
vn 0.5628 -0.4947 -0.6622
vn 0.5600 -0.4805 0.6749
vn 0.5061 -0.8624 -0.0024
vn 0.5380 -0.8429 -0.0102
vn 0.4906 -0.8714 -0.0001
vn 0.4884 -0.8725 0.0126
vn 0.4806 -0.8769 0.0114
vn 0.4654 -0.8603 0.2079
vn 0.4702 -0.8578 0.2077
vn -0.4070 -0.5801 -0.7056
vn -0.4924 -0.8703 -0.0079
vn -0.4062 -0.5805 0.7057
vn 0.4320 -0.5603 -0.7067
vn 0.4329 -0.5597 0.7066
vn -0.3036 -0.6512 -0.6956
vn -0.5063 -0.8624 -0.0038
vn -0.3563 -0.6166 0.7020
vn -0.2990 -0.6422 0.7058
vn 0.3563 -0.6166 0.7020
vn 0.2990 -0.6422 0.7058
vn 0.5065 -0.8622 0.0039
vn 0.3563 -0.6165 -0.7021
vn 0.2990 -0.6422 -0.7058
vn -0.3508 -0.6070 -0.7131
vn -0.5220 -0.8528 0.0133
vn -0.1957 -0.7014 -0.6853
vn -0.5191 -0.8547 -0.0013
vn -0.1940 -0.7028 0.6844
vn 0.5929 -0.8052 -0.0137
vn 0.5272 -0.8492 0.0297
vn 0.1950 -0.7023 -0.6847
vn 0.5249 -0.8509 -0.0187
vn 0.1956 -0.7020 0.6848
vn 0.5344 -0.8452 -0.0136
vn 0.1483 -0.7369 0.6595
vn 0.0925 -0.7615 0.6416
vn -0.5311 -0.8473 -0.0001
vn -0.1479 -0.7369 0.6596
vn -0.0825 -0.7653 0.6384
vn -0.5370 -0.8435 0.0118
vn -0.1479 -0.7369 -0.6596
vn -0.0832 -0.7650 -0.6386
vn 0.5388 -0.8421 0.0235
vn 0.1483 -0.7369 -0.6595
vn 0.0926 -0.7614 -0.6416
vn -0.8528 0.4924 -0.1742
vn -0.8529 0.4924 0.1735
vn -0.8528 0.4924 0.1742
vn 0.8530 0.4925 0.1726
vn 0.8529 0.4924 -0.1735
vn 0.8530 0.4925 -0.1726
vn -0.7502 0.4332 -0.4995
vn -0.8529 0.4924 -0.1735
vn -0.7506 0.4334 0.4987
vn 0.7500 0.4330 -0.5001
vn 0.7497 0.4328 -0.5007
vn 0.7501 0.4330 0.4999
vn 0.8529 0.4924 0.1735
vn 0.5527 -0.8332 0.0174
vn 0.0004 -0.8146 -0.5801
vn 0.5477 -0.8366 -0.0077
vn 0.0019 -0.8138 0.5812
vn -0.5571 0.3216 -0.7656
vn -0.7494 0.4326 -0.5013
vn -0.5562 0.3211 0.7665
vn -0.7498 0.4328 0.5005
vn -0.5571 0.3216 0.7657
vn 0.5573 0.3217 -0.7655
vn 0.5578 0.3220 -0.7650
vn 0.5569 0.3215 0.7659
vn 0.7503 0.4332 0.4993
vn -0.5548 -0.8319 0.0118
vn 0.0423 -0.8389 -0.5426
vn 0.0529 -0.8420 -0.5369
vn -0.5932 -0.8051 0.0009
vn -0.5597 -0.8284 -0.0207
vn 0.0478 -0.8353 0.5477
vn 0.0426 -0.8340 0.5502
vn 0.5800 -0.7877 0.2077
vn -0.5382 -0.8427 0.0099
vn -0.5267 -0.8246 0.2064
vn -0.4657 -0.8606 0.2062
vn -0.2962 0.1710 -0.9397
vn -0.5579 0.3221 -0.7648
vn -0.2957 0.1707 0.9399
vn -0.2963 0.1710 0.9397
vn 0.2961 0.1710 -0.9397
vn 0.2958 0.1708 -0.9399
vn 0.2958 0.1708 0.9399
vn 0.5564 0.3212 0.7663
vn 0.5537 -0.8327 -0.0056
vn -0.0342 -0.8423 0.5379
vn -0.0817 -0.8619 0.5004
vn 0.5623 -0.8268 0.0140
vn -0.0351 -0.8426 -0.5374
vn -0.0806 -0.8614 -0.5015
vn -0.5850 -0.8107 0.0217
vn -0.6454 -0.7636 -0.0208
vn 0.1494 -0.9012 -0.4068
vn -0.6152 -0.7884 0.0050
vn -0.5828 -0.8124 -0.0192
vn 0.1498 -0.9012 0.4066
vn 0.5726 -0.8198 0.0111
vn -0.1492 -0.9011 -0.4072
vn 0.5625 -0.8268 -0.0032
vn -0.1490 -0.9008 0.4078
vn -0.2957 0.1707 -0.9399
vn 0.0000 0.0000 1.0000
vn 0.2961 0.1710 0.9397
vn 0.0431 0.9991 0.0028
vn 0.0000 1.0000 0.0012
vn -0.0993 0.9951 0.0000
vn 0.1941 0.9810 -0.0005
vn 0.3418 0.9398 0.0017
vn -0.2262 0.9741 0.0054
vn -0.3420 0.9397 0.0000
vn -0.5943 -0.8041 0.0161
vn 0.1699 -0.9208 -0.3512
vn 0.2030 -0.9321 -0.3001
vn 0.5671 -0.8236 -0.0021
vn -0.1701 -0.9210 0.3503
vn -0.2031 -0.9323 0.2992
vn 0.5807 -0.8140 0.0093
vn -0.1699 -0.9209 -0.3509
vn -0.2033 -0.9323 -0.2992
vn -0.5902 -0.8072 -0.0144
vn 0.1702 -0.9209 0.3507
vn 0.2028 -0.9321 0.3002
vn -0.3345 0.9424 0.0018
vn 0.3463 0.9381 0.0015
vn -0.6033 -0.7974 0.0112
vn 0.2397 -0.9533 -0.1835
vn -0.5984 -0.8012 -0.0096
vn 0.2400 -0.9535 0.1822
vn 0.5890 -0.8081 0.0078
vn -0.2398 -0.9534 -0.1833
vn 0.5692 -0.8222 -0.0018
vn -0.2397 -0.9534 0.1833
vn 0.2958 -0.1708 -0.9399
vn 0.2961 -0.1709 0.9397
vn 0.2958 -0.1708 0.9399
vn -0.2962 -0.1710 -0.9397
vn -0.2962 -0.1710 0.9397
vn -0.6171 -0.7869 0.0043
vn 0.2422 -0.9626 -0.1212
vn 0.2580 -0.9641 -0.0629
vn 0.5827 -0.8127 0.0003
vn -0.2421 -0.9626 0.1217
vn -0.2581 -0.9641 0.0626
vn 0.6179 -0.7862 0.0033
vn -0.2421 -0.9626 -0.1217
vn -0.2581 -0.9641 -0.0627
vn -0.6094 -0.7928 -0.0035
vn 0.2423 -0.9626 0.1213
vn 0.2580 -0.9641 0.0633
vn -0.4507 0.8927 0.0000
vn 0.4519 0.8921 0.0000
vn -0.6210 -0.7838 0.0025
vn 0.6110 -0.7916 0.0043
vn 0.5578 -0.3220 -0.7650
vn 0.2961 -0.1709 -0.9397
vn 0.5564 -0.3213 0.7663
vn 0.5569 -0.3215 0.7658
vn -0.5571 -0.3217 -0.7656
vn -0.2956 -0.1707 -0.9399
vn -0.5580 -0.3221 -0.7647
vn -0.5562 -0.3211 0.7665
vn -0.2956 -0.1707 0.9399
vn 0.5801 0.8145 0.0000
vn 0.6429 0.7660 0.0017
vn -0.6429 0.7660 0.0000
vn -0.5864 0.8100 0.0030
vn 0.7497 -0.4328 -0.5007
vn 0.5574 -0.3218 -0.7654
vn 0.7506 -0.4333 0.4988
vn 0.7500 -0.4331 0.4999
vn -0.7496 -0.4328 -0.5008
vn -0.7503 -0.4331 -0.4995
vn -0.7506 -0.4334 0.4987
vn -0.5571 -0.3217 0.7656
vn 0.8530 -0.4925 -0.1727
vn 0.7502 -0.4332 -0.4996
vn 0.8527 -0.4923 0.1749
vn 0.8530 -0.4924 0.1727
vn -0.8529 -0.4924 -0.1734
vn -0.8528 -0.4924 -0.1742
vn -0.8528 -0.4923 0.1742
vn -0.7500 -0.4330 0.5000
vn 0.8527 -0.4922 -0.1749
vn -0.8529 -0.4924 0.1734
vn 0.7149 0.6992 -0.0000
vn -0.7134 0.7007 0.0000
vn -0.6313 -0.7469 0.2088
vn -0.5965 -0.7749 0.2092
vn 0.6457 -0.7636 0.0043
vn 0.5934 -0.8049 0.0004
vn 0.5896 -0.7805 0.2081
vn 0.5804 -0.7872 0.2084
vn 0.8659 0.5002 -0.0000
vn -0.8659 0.5002 0.0000
vn -0.8274 0.5616 0.0027
vn 0.8271 0.5621 0.0027
vn 0.0006 -0.2798 -0.9601
vn -0.0399 0.0000 -0.9992
vn -0.0380 -0.0067 -0.9993
vn -0.0073 -0.3190 -0.9477
vn 0.0374 -0.0442 -0.9983
vn 0.6455 -0.7637 -0.0043
vn 0.0000 1.0000 0.0000
vn 0.3414 0.9399 0.0000
vn -0.3419 0.9398 0.0000
vn 0.7785 0.6216 0.0870
vn 0.0000 0.5207 -0.8537
vn 0.1783 0.4893 -0.8537
vn 0.0000 0.9983 -0.0577
vn 0.0872 0.9952 -0.0451
vn 0.3416 0.9376 -0.0642
vn -0.1779 0.4893 -0.8537
vn -0.3412 0.9382 -0.0576
vn -0.3417 0.9380 -0.0577
vn -0.9083 0.4184 0.0000
vn 0.9084 0.4181 0.0000
vn 0.3353 0.3986 -0.8536
vn 0.6433 0.7647 -0.0379
vn 0.7666 0.6421 0.0000
vn -0.3352 0.3985 -0.8537
vn -0.6437 0.7653 0.0000
vn -0.8742 0.4830 -0.0501
vn -0.8829 0.4695 -0.0083
vn 0.6428 0.7660 0.0000
vn -0.6428 0.7660 0.0000
vn 0.8657 0.5004 0.0086
vn 0.4510 0.2607 -0.8536
vn 0.8658 0.5004 0.0000
vn -0.4508 0.2606 -0.8537
vn -0.8658 0.5004 0.0000
vn -0.8657 0.5004 0.0103
vn 0.6951 -0.7189 -0.0029
vn 0.5968 -0.7748 0.2087
vn 0.6801 -0.7034 0.2066
vn 0.8663 0.4995 0.0000
vn -0.8658 0.5005 0.0000
vn 0.9848 0.1735 0.0000
vn 0.9693 0.2457 0.0024
vn -0.9848 0.1735 0.0000
vn -0.9693 0.2457 0.0024
vn -0.6457 -0.7635 0.0030
vn -0.6318 -0.7471 0.2067
vn -0.5972 -0.7748 0.2072
vn 0.9677 0.1719 0.1847
vn 0.9676 0.1709 0.1860
vn 0.0363 -0.0132 -0.9993
vn -0.9346 0.3411 0.1011
vn -0.6952 -0.7188 -0.0043
vn 0.5128 0.0911 -0.8537
vn 0.9846 0.1749 0.0000
vn -0.5128 0.0901 -0.8538
vn -0.9849 0.1730 0.0000
vn -0.9849 0.1730 0.0092
vn 0.0367 0.0000 -0.9993
vn 0.6459 -0.7634 0.0043
vn 0.9847 0.1742 0.0000
vn -0.9849 0.1729 0.0000
vn -0.9964 0.0854 0.0000
vn -0.2022 -0.9578 0.2042
vn 0.9964 0.0854 0.0000
vn 0.9846 -0.1745 0.0081
vn 0.5128 -0.0909 -0.8537
vn 0.9846 -0.1745 0.0000
vn 0.4509 -0.2606 -0.8537
vn 0.0000 -0.5207 -0.8537
vn 0.1783 -0.4893 -0.8537
vn 0.3347 -0.3990 -0.8537
vn -0.4507 -0.2605 -0.8538
vn -0.3346 -0.3989 -0.8538
vn -0.1780 -0.4893 -0.8537
vn -0.5128 -0.0899 -0.8538
vn -0.9850 -0.1727 0.0000
vn -0.9849 -0.1727 0.0091
vn -0.9950 0.0000 0.0999
vn 0.8658 -0.5004 0.0000
vn 0.8508 -0.4918 0.1850
vn -0.8658 -0.5004 0.0000
vn -0.8506 -0.4917 0.1863
vn -0.8507 -0.4915 0.1866
vn -0.1950 -0.9587 0.2070
vn 0.9848 -0.1735 0.0000
vn 0.9953 -0.0967 0.0022
vn 0.9848 -0.1739 0.0000
vn -0.9850 -0.1726 0.0000
vn 0.2025 -0.9572 0.2067
vn -0.9954 -0.0953 0.0023
vn -0.9848 -0.1735 0.0000
vn -0.0306 0.0177 -0.9994
vn 0.8510 -0.4917 0.1847
vn 0.0287 0.0166 -0.9995
vn -0.7416 -0.6708 0.0043
vn -0.7253 -0.6561 0.2084
vn -0.7122 -0.6703 0.2086
vn 0.7416 -0.6709 -0.0043
vn 0.6951 -0.7189 0.0043
vn 0.7131 -0.6697 0.2071
vn 0.6798 -0.7030 0.2088
vn 0.6426 -0.7662 0.0000
vn 0.6426 -0.7662 0.0078
vn -0.6426 -0.7662 0.0000
vn -0.6314 -0.7529 0.1857
vn -0.4982 -0.8631 -0.0826
vn -0.0226 0.0392 -0.9990
vn 0.4974 -0.8618 0.0989
vn 0.0216 0.0374 -0.9991
vn -0.1923 -0.9588 0.2089
vn 0.9672 -0.2539 0.0000
vn 0.1918 -0.9589 0.2090
vn -0.9668 -0.2557 0.0000
vn 0.3424 -0.9396 0.0000
vn 0.3423 -0.9395 0.0082
vn -0.3417 -0.9398 0.0000
vn -0.3417 -0.9398 0.0086
vn 0.8660 -0.5000 0.0000
vn -0.8654 -0.5010 0.0000
vn 0.0000 -1.0000 0.0000
vn 0.0000 -0.9826 0.1855
vn 0.0000 0.1112 -0.9938
vn -0.1072 -0.5346 0.8383
vn 0.9031 -0.4294 -0.0000
vn -0.1037 -0.5286 0.8425
vn -0.8659 -0.5002 -0.0001
vn -0.9031 -0.4295 0.0020
vn 0.1056 -0.5279 0.8427
vn 0.8659 -0.5002 0.0011
vn 0.6428 -0.7660 0.0000
vn -0.6428 -0.7660 0.0000
vn 0.1039 -0.5300 0.8416
vn 0.1072 -0.5344 0.8384
vn -0.1067 -0.5344 0.8384
vn 0.3426 -0.9395 0.0000
vn -0.3430 -0.9393 0.0000
vn -0.1798 -0.5151 0.8381
vn 0.1797 -0.5153 0.8380
vn 0.8142 -0.5806 0.0000
vn -0.8134 -0.5817 0.0000
vn -0.7848 -0.6198 0.0043
vn 0.7849 -0.6196 -0.0001
vn 0.7681 -0.6063 0.2061
vn 0.7773 -0.5960 0.2014
vn 0.7713 -0.6030 0.2037
vn 0.7672 -0.6077 0.2049
vn 0.7616 -0.6143 0.2063
vn 0.7451 -0.6333 0.2092
vn 0.7560 -0.6209 0.2074
vn -0.7416 -0.6708 0.0000
vn -0.7255 -0.6563 0.2073
vn -0.7130 -0.6696 0.2077
vn 0.1800 -0.5153 0.8379
vn 0.1798 -0.5150 0.8381
vn 0.6429 -0.7660 0.0000
vn -0.6429 -0.7660 0.0000
vn -0.1800 -0.5153 0.8379
vn -0.7847 -0.6199 -0.0043
vn 0.7417 -0.6707 0.0043
vn -0.2599 -0.4800 0.8379
vn 0.4323 -0.9018 0.0000
vn 0.3424 -0.9395 0.0011
vn -0.0521 0.2116 0.9760
vn -0.3663 -0.9305 0.0000
vn -0.3427 -0.9395 0.0005
vn 0.2597 -0.4801 0.8379
vn 0.2688 -0.9632 0.0000
vn 0.0659 0.7042 0.7070
vn 0.0473 0.6788 0.7328
vn -0.0903 0.7051 0.7033
vn -0.0895 0.7026 0.7059
vn 0.1491 0.6924 0.7059
vn 0.0860 -0.9963 0.0000
vn 0.0281 0.6111 0.7911
vn 0.0000 -1.0000 0.0011
vn -0.1474 -0.9891 -0.0008
vn -0.0164 0.7096 0.7044
vn 0.0254 0.5956 0.8029
vn -0.2599 -0.4803 0.8377
vn 0.2596 -0.4798 0.8381
vn -0.8245 -0.5659 0.0043
vn -0.8262 -0.5315 0.1867
vn -0.8047 -0.5583 0.2019
vn -0.8129 -0.5480 0.1973
vn -0.8201 -0.5391 0.1919
vn -0.7866 -0.5818 0.2069
vn -0.7926 -0.5739 0.2059
vn -0.7979 -0.5671 0.2045
vn -0.7713 -0.6015 0.2080
vn -0.7811 -0.5889 0.2075
vn -0.7826 -0.5869 0.2074
vn -0.8070 -0.5538 0.2051
vn -0.7746 -0.5973 0.2079
vn 0.8244 -0.5660 -0.0043
vn 0.7847 -0.6198 0.0043
vn 0.7676 -0.6063 0.2076
vn 0.7922 -0.5765 0.2001
vn 0.0426 0.9991 0.0000
vn -0.1270 0.9919 0.0000
vn -0.2075 0.6772 0.7059
vn -0.2075 0.6774 0.7058
vn 0.2107 0.9776 0.0000
vn 0.1491 0.6919 0.7064
vn -0.2929 0.9561 0.0000
vn 0.2640 0.6568 0.7063
vn 0.3727 0.9279 -0.0002
vn 0.4183 0.9083 -0.0032
vn 0.3680 0.9298 0.0000
vn 0.2642 0.6576 0.7055
vn 0.3726 0.9280 0.0013
vn 0.3894 0.9210 0.0088
vn -0.3331 -0.4327 0.8377
vn 0.3439 -0.4466 0.8260
vn 0.3267 -0.4325 0.8404
vn -0.3189 0.6326 0.7057
vn -0.3188 0.6325 0.7059
vn 0.3728 0.9279 0.0014
vn -0.4609 0.8875 -0.0017
vn -0.4509 0.8926 -0.0014
vn -0.4311 0.9023 -0.0007
vn -0.4502 0.8929 -0.0005
vn -0.4990 0.8666 -0.0037
vn -0.4798 0.8774 -0.0026
vn -0.4072 0.9133 0.0000
vn -0.4418 0.8971 0.0072
vn -0.4543 0.8908 0.0106
vn -0.4749 0.8799 0.0175
vn -0.4502 0.8929 0.0073
vn -0.4210 0.9071 0.0027
vn -0.3333 -0.4326 0.8377
vn -0.3331 -0.4321 0.8380
vn -0.8604 -0.5096 -0.0043
vn 0.8604 -0.5097 0.0043
vn 0.8435 -0.4997 0.1969
vn 0.8429 -0.5006 0.1973
vn 0.8332 -0.5147 0.2024
vn 0.8259 -0.5251 0.2053
vn 0.8212 -0.5320 0.2065
vn 0.8153 -0.5406 0.2074
vn 0.8061 -0.5541 0.2080
vn 0.3715 0.6035 0.7055
vn 0.4515 0.8923 0.0000
vn 0.4631 0.8863 -0.0000
vn 0.4797 0.8774 -0.0002
vn 0.5244 0.8515 -0.0011
vn 0.3713 0.6029 0.7061
vn 0.5244 0.8514 0.0098
vn 0.4990 0.8666 0.0041
vn 0.4794 0.8776 0.0013
vn 0.4631 0.8863 0.0001
vn 0.4516 0.8922 -0.0001
vn 0.4990 0.8666 -0.0024
vn -0.4990 0.8666 0.0010
vn -0.4212 0.5695 0.7059
vn -0.4215 0.5698 0.7055
vn 0.3333 -0.4327 0.8377
vn 0.0923 0.9957 0.0000
vn -0.0602 0.9982 0.0064
vn 0.0602 0.9982 0.0064
vn -0.0924 0.9957 0.0000
vn 0.5211 0.8535 -0.0015
vn 0.5238 0.8518 0.0100
vn 0.2504 0.9681 0.0000
vn 0.3418 0.9398 0.0000
vn 0.3948 0.9187 0.0085
vn -0.2812 0.9596 0.0048
vn 0.3420 0.9397 0.0000
vn 0.2810 0.9597 0.0048
vn -0.2786 0.9604 0.0000
vn -0.3420 0.9397 0.0054
vn -0.2768 0.9609 -0.0001
vn -0.5198 0.8543 0.0000
vn -0.5946 0.8040 -0.0009
vn -0.5491 0.8357 -0.0002
vn -0.5361 0.8441 -0.0000
vn -0.5946 0.8040 -0.0044
vn -0.5306 0.8468 0.0361
vn -0.4242 0.9056 0.0000
vn 0.4247 0.9053 0.0000
vn 0.5357 0.8444 -0.0009
vn 0.5393 0.8421 0.0060
vn -0.5530 0.8328 0.0242
vn -0.4398 0.8981 0.0000
vn 0.5513 0.8343 -0.0005
vn 0.5548 0.8320 0.0030
vn -0.5713 0.8206 0.0157
vn 0.5625 0.8268 0.0000
vn 0.6429 0.7660 0.0000
vn 0.7154 0.6984 0.0188
vn 0.6491 0.7607 0.0077
vn -0.6425 0.7663 0.0000
vn -0.5882 0.8087 0.0039
vn 0.5886 0.8084 0.0039
vn -0.5460 0.8378 0.0000
vn -0.6429 0.7660 0.0068
vn -0.6343 0.7731 0.0055
vn -0.3977 -0.3742 0.8377
vn 0.3981 -0.3738 0.8377
vn 0.3980 -0.3738 0.8378
vn 0.5566 0.8308 -0.0004
vn 0.5629 0.8265 0.0018
vn -0.5705 0.8213 -0.0024
vn -0.5920 0.8059 0.0070
vn 0.5760 0.8174 0.0000
vn -0.6100 0.7924 0.0000
vn -0.8925 -0.4511 0.0043
vn -0.8735 -0.4415 0.2051
vn -0.8420 -0.4978 0.2080
vn 0.8925 -0.4509 -0.0043
vn 0.8604 -0.5096 0.0043
vn 0.8436 -0.4996 0.1969
vn 0.7453 -0.6330 0.2092
vn 0.7064 0.7078 0.0000
vn -0.7772 -0.5939 0.2080
vn -0.7064 0.7078 0.0000
vn 0.4679 0.5314 0.7061
vn -0.7292 0.6843 0.0000
vn -0.3977 -0.3735 0.8380
vn 0.6606 0.7507 0.0000
vn 0.4683 0.5322 0.7053
vn 0.8100 0.5864 0.0000
vn 0.8662 0.4997 0.0083
vn -0.7810 -0.5887 0.2082
vn -0.8662 0.4997 0.0000
vn -0.8261 0.5636 0.0033
vn 0.7549 -0.6210 0.2110
vn 0.8254 0.5645 0.0034
vn -0.8256 0.5643 0.0000
vn -0.8659 0.5002 0.0085
vn -0.3414 0.9399 0.0000
vn -0.7857 -0.5823 0.2086
vn -0.9049 0.4255 0.0000
vn 0.7624 -0.6112 0.2126
vn 0.9049 0.4255 0.0000
vn -0.8569 -0.4850 0.1749
vn 0.8834 0.4687 0.0042
vn -0.5117 0.4903 0.7055
vn -0.5115 0.4902 0.7058
vn 0.8542 -0.4785 0.2034
vn -0.9113 0.4117 0.0000
vn 0.7692 -0.6019 0.2146
vn 0.7148 -0.6715 0.1952
vn 0.3979 -0.3738 0.8378
vn 0.8663 0.4994 0.0000
vn -0.8663 0.4994 0.0069
vn -0.9526 0.3042 0.0000
vn -0.7221 0.6918 0.0000
vn -0.7220 0.6918 0.0000
vn -0.8674 -0.4597 0.1906
vn 0.9459 0.3244 -0.0021
vn 0.9847 0.1742 0.0068
vn -0.7928 -0.5724 0.2096
vn -0.9667 0.2558 0.0031
vn 0.9622 0.2723 0.0038
vn 0.8603 -0.4663 0.2059
vn -0.9622 0.2716 0.0191
vn 0.8649 -0.4573 0.2071
vn -0.9837 0.1795 0.0076
vn -0.8739 -0.4439 0.1980
vn 0.9866 0.1634 0.0055
vn 0.7955 -0.5684 0.2101
vn 0.9875 0.1577 0.0010
vn -0.9210 -0.3894 0.0043
vn 0.9207 -0.3903 0.0043
vn 0.8692 -0.4487 0.2078
vn 0.9012 -0.3821 0.2044
vn 0.8767 -0.4338 0.2079
vn -0.8925 -0.4511 0.0021
vn -0.7984 -0.5641 0.2107
vn -0.9956 0.0938 0.0000
vn -0.9847 0.1742 0.0000
vn -0.9284 0.3716 0.0076
vn -0.9973 0.0734 0.0000
vn -0.8774 -0.4356 0.2011
vn 0.9985 0.0543 0.0000
vn 0.8098 -0.5464 0.2137
vn 0.7960 -0.5663 0.2137
vn 0.9988 0.0493 0.0000
vn 0.5514 0.4454 0.7054
vn 0.4526 -0.3054 0.8378
vn -0.9206 -0.3904 -0.0043
vn -0.8102 -0.5468 0.2112
vn -0.8242 -0.5209 0.2221
vn -0.8122 -0.5421 0.2155
vn -0.8069 -0.5508 0.2134
vn -0.4522 -0.3052 0.8381
vn -0.8822 -0.4243 0.2043
vn 0.9954 -0.0955 0.0000
vn 0.9847 -0.1742 0.0054
vn -0.9849 -0.1726 0.0108
vn -0.9314 -0.3641 0.0000
vn -0.9982 -0.0594 0.0038
vn 0.8061 -0.5517 0.2141
vn 0.9974 -0.0727 0.0000
vn 0.9848 -0.1735 0.0014
vn -0.9848 -0.1739 0.0000
vn 0.7780 0.6283 0.0000
vn 0.5512 0.4451 0.7057
vn -0.9930 -0.1181 0.0083
vn 0.4527 -0.3055 0.8377
vn -0.9852 -0.1716 0.0012
vn 0.8160 -0.5364 0.2153
vn 0.9822 -0.1878 0.0011
vn -0.8654 -0.5010 0.0046
vn -0.8660 -0.5000 0.0000
vn -0.8869 -0.4135 0.2062
vn 0.9634 -0.2682 0.0000
vn 0.9012 -0.3823 0.2044
vn 0.8976 -0.3926 0.2003
vn -0.9633 -0.2685 0.0000
vn -0.9435 -0.3312 -0.0005
vn 0.8229 -0.5254 0.2166
vn 0.9575 -0.2886 0.0000
vn -0.5869 0.3968 0.7058
vn -0.5871 0.3968 0.7056
vn 0.8370 -0.5008 0.2205
vn 0.8105 -0.5474 0.2085
vn 0.4523 -0.3055 0.8379
vn -0.8906 -0.4049 0.2071
vn 0.8957 -0.4447 0.0066
vn 0.8662 -0.4997 0.0000
vn -0.8679 -0.4967 0.0011
vn -0.8662 -0.4997 0.0011
vn 0.8995 -0.4369 0.0000
vn 0.8659 -0.5002 0.0000
vn 0.8113 -0.5846 0.0031
vn 0.9010 -0.3833 0.2031
vn -0.8943 -0.4475 0.0063
vn -0.8659 -0.5002 0.0000
vn -0.6428 -0.7660 0.0046
vn -0.7662 -0.6425 0.0078
vn -0.9448 -0.3277 0.0043
vn -0.8940 -0.3972 0.2076
vn -0.8965 -0.3913 0.2078
vn -0.8979 -0.3880 0.2078
vn -0.9047 -0.3718 0.2079
vn -0.9315 0.3286 0.1559
vn -0.9240 -0.3205 0.2086
vn 0.9447 -0.3280 -0.0043
vn 0.9206 -0.3905 0.0043
vn -0.8285 0.5601 0.0000
vn -0.3430 -0.9393 0.0046
vn -0.4993 -0.8664 0.0078
vn -0.3426 -0.9395 0.0000
vn 0.8206 -0.5715 0.0002
vn 0.9038 -0.3757 0.2048
vn -0.8161 -0.5779 0.0000
vn 0.8881 -0.4109 0.2059
vn -0.1977 -0.9802 0.0074
vn -0.8468 -0.4896 0.2078
vn -0.8106 -0.5461 0.2112
vn -0.8878 -0.4109 0.2072
vn 0.8547 -0.4721 0.2160
vn 0.6429 -0.7660 -0.0004
vn 0.6942 -0.7197 0.0050
vn -0.8629 -0.4539 0.2223
vn -0.7611 -0.6486 -0.0005
vn -0.6425 -0.7663 0.0014
vn -0.6551 -0.7555 0.0011
vn 0.8660 -0.4518 0.2141
vn 0.7194 -0.6946 0.0000
vn 0.5494 -0.8356 0.0039
vn 0.6313 -0.7756 0.0015
vn 0.9069 -0.3676 0.2061
vn -0.6658 -0.7461 0.0023
vn -0.4526 -0.3049 0.8379
vn 0.6186 0.3455 0.7057
vn -0.8749 -0.4328 0.2174
vn 0.8752 -0.4342 0.2134
vn 0.5719 -0.8203 0.0000
vn -0.8815 -0.4204 0.2150
vn -0.5607 -0.8280 0.0000
vn 0.8731 0.4876 0.0000
vn 0.6182 0.3452 0.7061
vn 0.8867 -0.4101 0.2133
vn 0.8829 -0.4172 0.2154
vn -0.4953 -0.2293 0.8379
vn 0.4953 -0.2292 0.8379
vn 0.9110 -0.3564 0.2074
vn -0.4619 -0.8869 -0.0011
vn 0.9110 -0.3565 0.2074
vn -0.3427 -0.9395 -0.0011
vn -0.4388 -0.8986 0.0048
vn 0.4063 -0.9137 0.0039
vn 0.3424 -0.9395 0.0000
vn -0.8904 -0.4024 0.2127
vn -0.4159 -0.9094 0.0000
vn -0.2631 -0.9648 0.0031
vn -0.3427 -0.9395 0.0000
vn 0.9474 -0.2663 0.1777
vn 0.8936 -0.3939 0.2152
vn 0.4159 -0.9094 0.0000
vn 0.3427 -0.9395 0.0000
vn 0.2631 -0.9648 0.0031
vn -0.4952 -0.2292 0.8380
vn 0.4953 -0.2291 0.8380
vn 0.9137 -0.3488 0.2087
vn 0.9153 -0.3446 0.2084
vn -0.2600 -0.9656 0.0000
vn -0.9275 -0.3096 0.2097
vn 0.2600 -0.9656 0.0000
vn 0.9003 -0.3799 0.2124
vn -0.8977 -0.3866 0.2116
vn -0.9645 -0.2642 -0.0043
vn -0.9446 -0.3282 0.0043
vn 0.9645 -0.2641 0.0043
vn 0.9434 -0.2583 0.2080
vn -0.8883 -0.4111 0.2046
vn -0.9243 -0.3212 0.2065
vn -0.9133 -0.3489 0.2104
vn 0.0747 -0.9972 0.0033
vn -0.9043 -0.3710 0.2109
vn -0.0829 -0.9966 0.0000
vn 0.9044 -0.3709 0.2110
vn 0.0829 -0.9966 0.0000
vn -0.0746 -0.9972 0.0033
vn 0.9087 -0.3609 0.2099
vn -0.6458 0.2918 0.7055
vn -0.6453 0.2917 0.7060
vn -0.9113 0.4118 0.0000
vn -0.4953 -0.2292 0.8379
vn -0.9800 -0.1991 0.0043
vn -0.9416 -0.2636 0.2093
vn -0.9584 -0.1947 0.2089
vn 0.9799 -0.1993 -0.0043
vn 0.9644 -0.2643 0.0043
vn 0.9434 -0.2586 0.2077
vn 0.9420 -0.2637 0.2079
vn 0.6676 0.2359 0.7061
vn 0.9428 0.3333 0.0000
vn 0.6678 0.2360 0.7059
vn -0.5255 -0.1471 0.8380
vn 0.5253 -0.1476 0.8380
vn -0.5256 -0.1472 0.8379
vn 0.5252 -0.1470 0.8382
vn 0.5255 -0.1472 0.8380
vn -0.6852 0.1784 0.7061
vn -0.6853 0.1785 0.7061
vn -0.9677 0.2520 0.0000
vn -0.9916 -0.1296 -0.0052
vn -0.9876 -0.1571 0.0075
vn -0.9926 -0.1207 -0.0096
vn -0.9942 -0.1064 -0.0172
vn -0.9911 -0.1334 0.0000
vn -0.9887 -0.1499 0.0043
vn 0.9911 -0.1330 0.0043
vn 0.9695 -0.1301 0.2077
vn -0.9795 -0.1990 -0.0316
vn -0.9933 -0.1132 0.0232
vn -0.9910 -0.1332 0.0125
vn -0.9423 -0.2638 0.2061
vn -0.9589 -0.1948 0.2064
vn -0.5257 -0.1472 0.8378
vn 0.6981 0.1197 0.7059
vn 0.9856 0.1689 0.0000
vn 0.6976 0.1195 0.7065
vn -0.9717 -0.1100 0.2092
vn -0.5424 -0.0614 0.8378
vn 0.9709 -0.1190 0.2080
vn 0.5592 -0.0634 0.8266
vn 0.5378 -0.0659 0.8405
vn -0.9977 -0.0669 0.0104
vn -0.9758 -0.0654 0.2088
vn 0.9978 -0.0667 -0.0050
vn 0.9991 -0.0305 -0.0295
vn 0.9987 -0.0460 -0.0205
vn 0.9981 -0.0593 -0.0140
vn 0.9976 -0.0688 -0.0101
vn 0.9968 -0.0791 -0.0066
vn 0.9964 -0.0847 -0.0050
vn 0.9959 -0.0899 -0.0037
vn 0.9948 -0.1019 -0.0011
vn 0.9916 -0.1291 0.0043
vn 0.9939 -0.1099 0.0085
vn 0.9912 -0.1325 0.0036
vn 0.9950 -0.0988 0.0113
vn 0.9961 -0.0867 0.0147
vn 0.9974 -0.0685 0.0215
vn 0.9983 -0.0508 0.0301
vn 0.9909 -0.1333 -0.0180
vn 0.9693 -0.1304 0.2084
vn -0.5422 -0.0613 0.8380
vn -0.5425 -0.0614 0.8378
vn -0.7057 0.0601 0.7060
vn -0.7058 0.0601 0.7058
vn -0.9964 0.0849 0.0000
vn -0.9999 0.0136 -0.0046
vn -0.9994 0.0352 -0.0034
vn -0.9986 0.0534 -0.0025
vn -0.9930 0.1180 0.0000
vn -0.9980 0.0636 -0.0021
vn -0.9965 0.0825 0.0090
vn -0.9977 0.0666 0.0136
vn -0.9988 0.0453 0.0209
vn -0.9964 0.0849 0.0046
vn -0.9721 -0.1100 0.2072
vn -0.7127 0.7014 0.0000
vn -0.7059 0.7056 -0.0616
vn -0.7059 0.7056 0.0620
vn 0.7127 0.7014 0.0000
vn 0.7057 0.7056 0.0632
vn 0.7057 0.7057 -0.0630
vn -0.7059 0.6841 -0.1836
vn -0.7059 0.6841 0.1839
vn 0.7057 0.6847 -0.1821
vn 0.7057 0.6846 0.1827
vn -0.7126 0.6592 -0.2400
vn -0.6971 0.6239 -0.3533
vn 0.7060 0.6420 -0.2990
vn 0.7127 0.6592 -0.2399
vn 0.7126 0.6592 0.2400
vn 0.7060 0.6421 0.2989
vn -0.7126 0.6592 0.2400
vn -0.7000 0.6294 0.3374
vn 0.7043 0.5631 -0.4324
vn 0.7059 0.5795 0.4072
vn -0.9982 -0.0600 0.0000
vn -0.7111 0.5389 0.4516
vn -0.7046 0.5173 0.4857
vn -0.9988 -0.0491 -0.0007
vn -0.9993 -0.0369 -0.0024
vn -0.9997 -0.0234 -0.0052
vn -0.9999 0.0000 -0.0121
vn 0.9997 -0.0234 0.0052
vn 0.9994 -0.0334 0.0022
vn 0.9777 -0.0327 0.2075
vn 0.9719 -0.1093 0.2086
vn -0.9966 -0.0815 0.0104
vn -0.7041 0.5638 -0.4318
vn -0.9978 -0.0669 0.0000
vn -0.9997 -0.0092 0.0221
vn -0.9995 -0.0267 0.0169
vn -0.9990 -0.0425 0.0136
vn -0.9981 -0.0599 0.0113
vn -0.9762 -0.0654 0.2067
vn 0.7124 0.5379 0.4507
vn 0.7058 0.5010 0.5009
vn -0.7098 0.5399 -0.4524
vn 0.7098 0.5399 -0.4524
vn -0.7057 0.4062 0.5805
vn 0.7013 0.4336 -0.5658
vn 0.7057 0.4059 0.5807
vn 0.7710 0.0000 0.6368
vn 0.7062 0.0301 0.7074
vn -0.7014 0.4338 -0.5656
vn 0.9991 0.0426 -0.0002
vn 0.9971 0.0763 0.0000
vn 0.9979 0.0645 0.0005
vn 0.9986 0.0520 0.0014
vn 0.9999 0.0000 0.0102
vn 0.9999 0.0123 0.0073
vn 0.9994 0.0351 0.0033
vn 0.9971 0.0764 0.0000
vn 0.5427 -0.0610 0.8377
vn 0.7122 0.3503 -0.6083
vn 0.7058 0.2997 -0.6419
vn 0.7122 0.3513 0.6078
vn 0.7056 0.2992 0.6423
vn -0.7124 0.3502 -0.6082
vn -0.7059 0.2985 -0.6424
vn -0.7123 0.3512 0.6077
vn -0.7057 0.2986 0.6425
vn 0.0000 0.9397 -0.3420
vn 0.0000 0.9397 0.3420
vn 0.9979 0.0652 -0.0008
vn 0.0000 0.7665 -0.6423
vn 0.0000 0.7665 0.6423
vn 0.9991 -0.0425 0.0016
vn 0.9985 0.0547 -0.0036
vn -0.7058 0.1825 -0.6845
vn -0.7056 0.1829 0.6846
vn 0.7058 0.1834 -0.6842
vn 0.7056 0.1835 0.6844
vn 0.0000 0.4990 -0.8666
vn 0.0000 0.5004 0.8658
vn 0.9994 0.0348 -0.0027
vn -0.9769 0.0470 0.2086
vn -0.5450 0.0262 0.8380
vn 0.9769 0.0465 0.2086
vn 0.5456 0.0261 0.8377
vn 0.5451 0.0259 0.8380
vn -0.5452 0.0259 0.8379
vn -0.5453 0.0259 0.8378
vn 1.0000 -0.0070 0.0000
vn 0.7121 0.1214 0.6915
vn 0.7057 0.0620 0.7057
vn 0.7122 0.1226 -0.6912
vn 0.7057 0.0620 -0.7058
vn -0.9999 -0.0083 -0.0128
vn -0.7120 0.1214 0.6916
vn -0.7057 0.0622 0.7057
vn -0.7121 0.1226 -0.6913
vn -0.7057 0.0623 -0.7057
vn 0.0000 0.1746 -0.9846
vn 0.0000 0.1729 0.9849
vn 0.9999 0.0113 -0.0017
vn -0.9999 0.0128 0.0000
vn -0.9759 0.0654 0.2084
vn -0.9771 0.0464 0.2077
vn -0.9964 -0.0849 -0.0013
vn -0.9982 -0.0596 -0.0007
vn -0.9987 -0.0509 -0.0005
vn -0.9994 -0.0333 -0.0002
vn -0.9999 -0.0128 0.0000
vn -0.9964 -0.0849 0.0000
vn -0.7057 -0.0620 0.7057
vn 0.0000 -0.1746 -0.9846
vn 0.0000 -0.1729 0.9849
vn -0.9999 0.0000 -0.0128
vn -0.7122 -0.1226 -0.6912
vn -0.7057 -0.0619 -0.7058
vn 1.0000 0.0000 0.0094
vn 0.9999 -0.0128 0.0102
vn -0.7058 -0.0601 0.7058
vn -0.9993 -0.0184 0.0320
vn -0.7057 -0.0601 0.7059
vn 0.7122 -0.1213 0.6914
vn 0.7058 -0.0610 0.7058
vn 0.9994 0.0334 0.0000
vn 0.9977 0.0667 -0.0084
vn 0.9998 0.0222 -0.0013
vn 1.0000 0.0071 0.0000
vn 0.9999 0.0079 0.0098
vn 0.7057 -0.0620 -0.7058
vn -0.7121 -0.1214 0.6915
vn 0.7122 -0.1226 -0.6912
vn 0.7062 -0.0301 0.7074
vn 0.9999 -0.0112 -0.0010
vn -0.9977 0.0669 0.0050
vn -1.0000 0.0070 0.0000
vn -0.9999 0.0079 -0.0098
vn 0.9773 0.0327 0.2091
vn -0.7123 -0.3497 -0.6086
vn -0.7059 -0.1834 -0.6842
vn -0.7059 -0.2996 -0.6418
vn 0.0000 -0.4983 -0.8670
vn -0.7121 -0.3507 0.6081
vn -0.7057 -0.2996 0.6420
vn -0.7057 -0.1831 0.6845
vn 0.0000 -0.4996 0.8662
vn 0.9994 -0.0334 -0.0005
vn 0.9994 -0.0351 0.0033
vn -0.9988 -0.0452 0.0210
vn 0.7123 -0.3497 -0.6086
vn 0.7059 -0.2996 -0.6418
vn 0.7059 -0.1831 -0.6843
vn 0.7122 -0.3507 0.6081
vn 0.7057 -0.1837 0.6843
vn 0.7057 -0.2991 0.6423
vn -0.9997 0.0234 -0.0052
vn 0.9907 0.1334 -0.0274
vn 0.9986 0.0335 0.0401
vn -0.9995 0.0268 0.0169
vn -0.7110 -0.5390 -0.4517
vn -0.7057 -0.4057 -0.5809
vn -0.7046 -0.5178 -0.4853
vn 0.0000 -0.7665 -0.6423
vn -0.7111 -0.5389 0.4516
vn -0.7046 -0.5173 0.4857
vn -0.7057 -0.4053 0.5811
vn 0.0000 -0.7665 0.6423
vn 0.9987 -0.0506 -0.0002
vn 0.9986 -0.0520 0.0014
vn -0.9977 -0.0666 0.0136
vn 0.7123 -0.5379 -0.4508
vn 0.7057 -0.5016 -0.5003
vn 0.7057 -0.4057 -0.5809
vn 0.7122 -0.5380 0.4509
vn 0.7057 -0.4056 0.5809
vn 0.7057 -0.5016 0.5003
vn -0.9990 0.0424 0.0136
vn -0.9993 0.0369 -0.0023
vn 0.9983 0.0508 0.0302
vn 0.9987 0.0461 -0.0204
vn -0.7124 -0.6594 -0.2400
vn -0.6998 -0.6299 -0.3368
vn 0.0000 -0.9397 -0.3420
vn -0.7124 -0.6594 0.2400
vn -0.7000 -0.6298 0.3368
vn 0.0000 -0.9397 0.3420
vn 0.9980 -0.0633 -0.0001
vn 0.9979 -0.0645 0.0005
vn -0.9965 -0.0825 0.0090
vn 0.7126 -0.6593 -0.2400
vn 0.7058 -0.6419 -0.2996
vn 0.7058 -0.5800 -0.4068
vn 0.7125 -0.6594 0.2400
vn 0.7057 -0.5795 0.4076
vn 0.7058 -0.6420 0.2995
vn -0.7125 -0.7017 0.0000
vn -0.7058 -0.6838 -0.1849
vn -0.7058 -0.7058 -0.0603
vn -0.7059 -0.7057 0.0607
vn -0.7058 -0.6838 0.1851
vn 0.9971 -0.0763 0.0000
vn 0.9971 -0.0764 0.0000
vn -0.9930 -0.1180 0.0000
vn 0.7125 -0.7017 0.0000
vn 0.7057 -0.7059 -0.0616
vn 0.7057 -0.6846 -0.1824
vn 0.7057 -0.6844 0.1836
vn 0.7057 -0.7058 0.0620
vn 0.9982 0.0591 -0.0140
vn -0.9988 0.0492 -0.0007
vn 0.9976 0.0660 0.0227
vn -0.9983 0.0576 0.0116
vn 0.9768 0.0465 0.2092
vn 0.5452 0.0260 0.8379
vn 0.9856 -0.1689 0.0000
vn 0.6981 -0.1196 0.7059
vn 0.6977 -0.1197 0.7063
vn -0.9973 0.0722 0.0106
vn -0.9982 0.0600 0.0000
vn 0.9968 0.0773 0.0181
vn 0.9976 0.0690 -0.0100
vn 0.9969 0.0789 -0.0066
vn 0.9958 0.0904 0.0137
vn -0.9977 0.0669 0.0106
vn -0.9761 0.0654 0.2072
vn -0.9911 0.1334 0.0000
vn 0.9697 0.1305 0.2064
vn -0.9930 0.1157 0.0218
vn -0.9795 0.1990 -0.0317
vn -0.9942 0.1065 -0.0171
vn 0.9951 0.0986 0.0113
vn 0.9964 0.0847 -0.0050
vn 0.9960 0.0895 -0.0038
vn -0.9927 0.1204 -0.0097
vn -0.9911 0.1328 0.0127
vn 0.9939 0.1099 0.0086
vn -0.9893 0.1459 0.0063
vn -0.9915 0.1300 -0.0050
vn 0.9911 0.1333 0.0035
vn 0.9947 0.1025 -0.0010
vn -0.9887 0.1502 0.0043
vn 0.9916 0.1290 0.0043
vn -0.5340 0.1127 0.8379
vn 0.5340 0.1128 0.8379
vn 0.5342 0.1127 0.8378
vn 0.9574 0.2022 0.2060
vn -0.9586 0.1948 0.2076
vn -0.9571 0.2020 0.2078
vn -0.5342 0.1127 0.8378
vn -0.9677 -0.2521 0.0000
vn -0.6855 -0.1786 0.7059
vn -0.6851 -0.1784 0.7063
vn 0.9911 0.1330 0.0043
vn 0.9693 0.1300 0.2089
vn 0.9799 0.1993 -0.0043
vn 0.9568 0.2017 0.2093
vn 0.5341 0.1126 0.8379
vn 0.9429 -0.3332 0.0000
vn 0.6677 -0.2359 0.7061
vn 0.6678 -0.2359 0.7059
vn -0.9585 0.1947 0.2081
vn -0.9571 0.2016 0.2082
vn -0.5341 0.1125 0.8379
vn -0.5092 0.1966 0.8379
vn -0.5094 0.1966 0.8378
vn 0.5093 0.1966 0.8378
vn 0.5092 0.1966 0.8379
vn -0.9242 0.3211 0.2069
vn -0.9126 0.3524 0.2075
vn 0.9132 0.3526 0.2045
vn 0.9436 0.2587 0.2065
vn -0.9800 0.1991 0.0043
vn -0.9644 0.2643 -0.0043
vn 0.9644 0.2644 0.0043
vn -0.9113 -0.4118 0.0000
vn -0.6451 -0.2915 0.7063
vn -0.6457 -0.2920 0.7056
vn 0.8956 0.3887 0.2164
vn 0.9022 0.3747 0.2135
vn 0.9183 0.3363 0.2090
vn 0.9125 0.3509 0.2104
vn 0.9070 0.3639 0.2119
vn 0.9130 0.3522 0.2058
vn 0.9180 0.3369 0.2090
vn 0.9433 0.2583 0.2086
vn 0.5090 0.1964 0.8381
vn 0.8731 -0.4876 0.0000
vn 0.6186 -0.3454 0.7057
vn 0.6182 -0.3453 0.7061
vn 0.9645 0.2641 0.0043
vn -0.9446 0.3282 0.0043
vn 0.9447 0.3280 -0.0043
vn -0.8564 0.4644 0.2257
vn -0.9171 0.3533 0.1848
vn -0.8673 0.4463 0.2205
vn -0.8761 0.4306 0.2168
vn -0.8822 0.4190 0.2148
vn -0.8901 0.4030 0.2128
vn -0.8978 0.3863 0.2116
vn -0.9047 0.3703 0.2109
vn -0.9129 0.3498 0.2104
vn -0.9280 0.3079 0.2097
vn -0.9239 0.3207 0.2087
vn -0.9215 -0.3575 0.1516
vn -0.5091 0.1961 0.8381
vn -0.4717 0.2754 0.8377
vn -0.4710 0.2753 0.8381
vn 0.4710 0.2753 0.8381
vn 0.4711 0.2752 0.8380
vn 0.4714 0.2753 0.8378
vn -0.8285 -0.5599 0.0000
vn -0.5871 -0.3968 0.7056
vn -0.8429 0.4928 0.2160
vn 0.8444 0.4935 0.2085
vn -0.5870 -0.3966 0.7058
vn 0.8731 0.4397 0.2108
vn 0.8644 0.4562 0.2114
vn 0.8557 0.4717 0.2128
vn 0.8421 0.4942 0.2161
vn 0.8432 0.4925 0.2158
vn 0.8785 0.4288 0.2108
vn -0.0759 0.9971 0.0034
vn 0.0842 0.9964 0.0000
vn 0.0760 0.9971 0.0034
vn -0.0842 0.9964 0.0000
vn 0.2596 0.9657 0.0000
vn 0.4057 0.9140 0.0039
vn -0.2624 0.9650 0.0031
vn 0.2624 0.9650 0.0031
vn -0.2600 0.9656 0.0000
vn -0.4057 0.9140 0.0039
vn -0.9447 0.3279 0.0043
vn -0.9207 0.3903 -0.0043
vn 0.9207 0.3903 0.0043
vn 0.9041 0.3749 0.2049
vn 0.9065 0.3685 0.2060
vn 0.9085 0.3631 0.2066
vn 0.9012 0.3821 0.2044
vn 0.8977 0.3925 0.2003
vn 0.9008 0.3838 0.2030
vn 0.9117 0.3546 0.2075
vn -0.4158 0.9095 0.0000
vn 0.4158 0.9095 0.0000
vn -0.9019 0.3786 0.2079
vn -0.8978 0.3884 0.2078
vn 0.5726 0.8199 0.0000
vn 0.6429 0.7660 -0.0004
vn 0.6937 0.7202 0.0049
vn -0.5512 0.8344 0.0038
vn 0.5434 0.8395 0.0000
vn 0.6429 0.7660 0.0012
vn -0.5719 0.8203 0.0000
vn -0.6906 0.7232 0.0048
vn 0.6315 0.7754 0.0015
vn -0.6412 0.7674 0.0012
vn 0.7779 -0.6284 0.0000
vn 0.5510 -0.4451 0.7059
vn 0.5512 -0.4452 0.7057
vn -0.8966 0.3911 0.2078
vn 0.7186 0.6954 0.0000
vn -0.7275 0.6861 0.0000
vn -0.8396 0.4986 0.2156
vn -0.8432 0.4925 0.2154
vn -0.4718 0.2755 0.8376
vn 0.8954 0.4451 0.0065
vn 0.8662 0.4997 0.0000
vn 0.8211 0.5707 0.0002
vn 0.8659 0.5002 0.0007
vn 0.8812 0.4728 0.0016
vn 0.8040 0.5947 0.0000
vn -0.8159 0.5782 0.0000
vn -0.8945 0.4470 0.0064
vn -0.8943 0.3963 0.2076
vn -0.8094 0.5872 0.0033
vn -0.8904 0.4054 0.2071
vn -0.8979 0.4402 0.0000
vn -0.7220 -0.6918 0.0000
vn -0.7221 -0.6918 0.0000
vn -0.5115 -0.4901 0.7058
vn -0.4213 0.3470 0.8379
vn -0.4221 0.3474 0.8373
vn -0.4217 0.3474 0.8376
vn 0.4214 0.3471 0.8378
vn 0.9206 0.3905 0.0043
vn 0.9005 0.3820 0.2077
vn 0.8891 0.4121 0.1994
vn -0.8925 0.4511 0.0021
vn -0.8729 0.4464 0.1968
vn -0.8771 0.4363 0.2008
vn -0.8866 0.4141 0.2061
vn -0.8823 0.4240 0.2044
vn -0.8690 0.4558 0.1924
vn -0.8744 0.4420 0.2001
vn 0.8925 0.4509 -0.0043
vn -0.8663 0.4995 0.0000
vn -0.8663 0.4994 0.0000
vn 0.9637 0.2671 0.0000
vn 0.9930 0.1177 0.0085
vn -0.8162 0.5325 0.2241
vn -0.7579 0.6244 0.1889
vn -0.9575 0.2886 0.0000
vn -0.9848 0.1735 0.0014
vn -0.9817 0.1904 0.0011
vn 0.8305 0.5155 0.2111
vn 0.9495 0.3137 -0.0003
vn 0.9981 0.0615 0.0037
vn 0.9854 0.1704 0.0013
vn -0.9632 0.2689 0.0000
vn -0.9848 0.1735 -0.0002
vn -0.9932 0.1157 0.0085
vn 0.8217 0.5302 0.2092
vn 0.8147 0.5412 0.2083
vn 0.8093 0.5494 0.2080
vn -0.5117 -0.4904 0.7055
vn 0.8021 0.5599 0.2078
vn 0.7550 0.6219 0.2080
vn 0.4214 0.3471 0.8379
vn -0.8084 0.5459 0.2202
vn -0.9849 0.1729 0.0107
vn -0.9997 -0.0239 0.0000
vn -0.8013 0.5574 0.2172
vn -0.9975 0.0710 0.0000
vn 0.6606 -0.7507 0.0000
vn 0.4677 -0.5316 0.7062
vn 0.4680 -0.5317 0.7059
vn 0.8703 0.4465 0.2079
vn -0.9988 -0.0498 -0.0002
vn 0.9973 -0.0733 0.0000
vn 0.9847 -0.1742 0.0000
vn 0.9622 -0.2716 0.0190
vn 0.9832 -0.1824 0.0078
vn -0.9850 -0.1726 0.0046
vn -0.7907 0.5736 0.2141
vn -0.9955 -0.0949 0.0000
vn -0.9670 -0.2549 0.0031
vn 0.9988 -0.0493 0.0000
vn 0.9622 -0.2723 0.0038
vn 0.9875 -0.1577 0.0010
vn -0.9867 -0.1622 0.0054
vn -0.9848 -0.1735 0.0068
vn -0.7807 0.5878 0.2123
vn -0.7461 0.6321 0.2094
vn -0.7602 0.6147 0.2102
vn -0.7715 0.6002 0.2112
vn -0.7410 0.6381 0.2091
vn -0.7253 0.6560 0.2088
vn -0.7554 0.6217 0.2072
vn -0.9208 0.3900 0.0043
vn 0.8657 0.4555 0.2073
vn -0.9474 -0.3201 0.0074
vn -0.8925 0.4511 0.0043
vn -0.8598 0.4724 0.1939
vn -0.8740 0.4418 0.2024
vn -0.8603 0.5097 -0.0043
vn 0.8605 0.5094 0.0043
vn 0.8437 0.4995 0.1966
vn 0.8512 0.4846 0.2017
vn 0.8585 0.4698 0.2054
vn 0.7720 0.5985 0.2141
vn -0.9462 -0.3237 -0.0021
vn 0.8662 -0.4997 0.0076
vn 0.9189 -0.3945 0.0000
vn -0.9052 -0.4250 0.0000
vn -0.8662 -0.4997 0.0000
vn -0.8257 -0.5641 0.0034
vn 0.7660 0.6068 0.2123
vn 0.9049 -0.4255 0.0000
vn 0.8254 -0.5645 0.0034
vn -0.8865 -0.4628 0.0037
vn -0.8659 -0.5002 0.0085
vn -0.5515 -0.8342 -0.0035
vn -0.5944 -0.8041 -0.0002
vn -0.5408 -0.8412 -0.0042
vn -0.6100 -0.7924 0.0000
vn -0.5705 -0.8213 -0.0024
vn -0.4213 -0.5699 0.7055
vn -0.5920 -0.8059 0.0070
vn -0.5697 -0.8217 0.0163
vn -0.5542 -0.8321 0.0235
vn -0.5944 -0.8041 0.0013
vn 0.7576 0.6178 0.2104
vn 0.7498 0.6278 0.2090
vn 0.7480 0.6301 0.2087
vn 0.7550 0.6216 0.2086
vn 0.4213 0.3469 0.8379
vn -0.3605 0.4099 0.8379
vn -0.3604 0.4098 0.8380
vn -0.3605 0.4098 0.8379
vn 0.3605 0.4097 0.8379
vn -0.4211 -0.5695 0.7059
vn -0.8455 0.4918 0.2079
vn 0.8541 -0.5200 0.0045
vn 0.8408 0.5042 0.1969
vn -0.8116 -0.5842 0.0000
vn -0.7256 0.6564 0.2066
vn -0.6460 0.7343 0.2086
vn 0.6801 0.7034 0.2066
vn 0.6463 0.7345 0.2071
vn 0.3605 0.4097 0.8380
vn 0.8434 0.4999 0.1971
vn -0.8067 0.5534 0.2074
vn -0.8066 0.5536 0.2075
vn -0.8301 0.5266 0.1833
vn 0.7545 -0.6563 -0.0022
vn 0.6429 -0.7660 0.0068
vn -0.7064 -0.7078 0.0000
vn -0.5880 -0.8088 0.0039
vn -0.6425 -0.7663 0.0000
vn 0.7071 -0.7071 0.0000
vn 0.5879 -0.8089 0.0039
vn 0.8336 0.5141 0.2022
vn -0.7174 -0.6964 0.0193
vn 0.5566 -0.8308 -0.0004
vn 0.5489 -0.8359 -0.0006
vn 0.5374 -0.8434 -0.0009
vn 0.5198 -0.8543 -0.0015
vn 0.5244 -0.8515 -0.0013
vn 0.5766 -0.8170 0.0000
vn 0.3716 -0.6034 0.7055
vn 0.3712 -0.6030 0.7061
vn 0.5529 -0.8332 0.0034
vn 0.5243 -0.8515 0.0099
vn 0.5225 -0.8526 0.0105
vn 0.5407 -0.8412 0.0057
vn 0.5631 -0.8264 0.0018
vn -0.6314 0.7470 0.2084
vn -0.6460 0.7345 0.2077
vn 0.8270 0.5236 0.2048
vn -0.6477 -0.7618 0.0077
vn -0.8181 0.5415 0.1936
vn 0.6342 -0.7731 0.0055
vn -0.7756 0.5960 0.2078
vn 0.7557 0.6212 0.2074
vn 0.8603 0.5099 0.0043
vn -0.8246 0.5657 0.0021
vn 0.8244 0.5660 -0.0043
vn 0.8214 0.5316 0.2064
vn -0.5618 -0.8273 0.0000
vn -0.8122 0.5489 0.1977
vn 0.5454 -0.8382 0.0000
vn 0.8527 0.4923 -0.1749
vn 0.8527 0.4923 0.1749
vn -0.8529 0.4924 0.1734
vn -0.8526 0.4923 0.1750
vn -0.8529 0.4925 -0.1734
vn 0.7506 0.4333 -0.4989
vn 0.7500 0.4330 -0.5000
vn 0.7509 0.4336 0.4982
vn -0.8527 0.4922 -0.1750
vn -0.7500 0.4330 -0.5001
vn -0.7503 0.4332 0.4993
vn -0.7510 0.4335 0.4981
vn -0.8047 0.5583 0.2020
vn 0.4146 -0.9100 0.0000
vn 0.3418 -0.9398 0.0054
vn -0.7796 0.5909 0.2076
vn -0.4253 -0.9051 0.0000
vn -0.3420 -0.9397 0.0000
vn -0.2807 -0.9598 0.0048
vn 0.7617 0.6142 0.2063
vn 0.4242 -0.9056 0.0000
vn 0.2813 -0.9596 0.0048
vn 0.3420 -0.9397 0.0000
vn 0.8156 0.5402 0.2074
vn -0.4158 -0.9094 0.0119
vn 0.5569 0.3216 -0.7658
vn 0.7504 0.4332 0.4992
vn 0.5561 0.3210 0.7666
vn -0.7506 0.4334 -0.4988
vn -0.5576 0.3220 -0.7651
vn -0.5567 0.3214 0.7660
vn 0.8090 0.5498 0.2078
vn -0.3142 -0.9494 0.0032
vn 0.2963 0.1711 -0.9396
vn 0.2963 0.1711 0.9396
vn -0.5184 -0.8551 -0.0001
vn -0.2959 0.1708 0.9398
vn -0.7836 0.5856 0.2073
vn 0.7672 0.6078 0.2050
vn -0.5184 -0.8551 0.0000
vn -0.2959 0.1708 -0.9398
vn -0.2962 0.1710 0.9397
vn -0.4504 -0.8928 -0.0010
vn -0.5004 -0.8658 -0.0001
vn -0.3190 -0.6324 0.7059
vn -0.4502 -0.8929 0.0036
vn -0.7981 0.5668 0.2045
vn 0.2500 -0.9682 0.0000
vn 0.7877 0.5822 0.2012
vn 0.7677 0.6064 0.2074
vn -0.2199 -0.9755 0.0000
vn -0.7924 0.5742 0.2060
vn 0.0602 -0.9982 0.0064
vn -0.7871 0.5811 0.2069
vn -0.0924 -0.9957 0.0000
vn 0.7712 0.6031 0.2037
vn 0.0926 -0.9957 0.0000
vn -0.0600 -0.9982 0.0063
vn 0.7773 0.5960 0.2014
vn 0.7681 0.6063 0.2061
vn 0.5004 -0.8658 -0.0006
vn 0.5004 -0.8658 0.0047
vn -0.5003 -0.8657 0.0153
vn 0.6800 0.7028 0.2088
vn 0.6455 0.7345 0.2092
vn 0.3605 0.4102 0.8377
vn -0.3190 -0.6326 0.7057
vn 0.4797 -0.8774 -0.0002
vn -0.2957 -0.1707 -0.9399
vn -0.2963 -0.1710 -0.9397
vn 0.4792 -0.8777 0.0018
vn -0.2957 -0.1707 0.9399
vn -0.4798 -0.8774 -0.0026
vn 0.2961 -0.1710 -0.9397
vn -0.4215 -0.9068 0.0029
vn -0.4719 -0.8812 0.0266
vn 0.2961 -0.1710 0.9397
vn -0.2905 0.4621 0.8379
vn 0.2907 0.4623 0.8377
vn 0.2905 0.4622 0.8378
vn 0.4631 -0.8863 -0.0000
vn -0.5580 -0.3221 -0.7648
vn 0.4626 -0.8866 0.0007
vn -0.5570 -0.3216 0.7657
vn -0.4609 -0.8875 -0.0017
vn 0.5573 -0.3217 -0.7655
vn -0.4490 -0.8934 0.0176
vn 0.5563 -0.3212 0.7663
vn 0.4487 -0.8937 0.0000
vn -0.7497 -0.4328 -0.5006
vn -0.4481 -0.8940 -0.0013
vn 0.5578 -0.3221 -0.7650
vn 0.7503 -0.4332 -0.4994
vn -0.4314 -0.9021 0.0119
vn 0.7507 -0.4334 0.4986
vn -0.8607 0.5090 0.0043
vn 0.8245 0.5659 0.0043
vn 0.7847 0.6198 -0.0063
vn 0.3729 -0.9279 -0.0002
vn -0.7502 -0.4332 -0.4995
vn 0.4477 -0.8942 0.0006
vn -0.7501 -0.4331 0.4998
vn 0.2642 -0.6574 0.7057
vn 0.2643 -0.6576 0.7055
vn 0.3768 -0.9263 0.0024
vn 0.4247 -0.9053 -0.0036
vn -0.8527 -0.4924 -0.1743
vn 0.3731 -0.9278 0.0014
vn 0.3922 -0.9198 0.0099
vn -0.8528 -0.4924 0.1743
vn -0.4383 -0.8988 -0.0009
vn 0.8528 -0.4923 -0.1743
vn -0.4107 -0.9118 0.0064
vn 0.8527 -0.4924 0.1743
vn 0.8530 -0.4925 0.1726
vn 0.3680 -0.9298 0.0000
vn -0.8528 -0.4924 0.1742
vn -0.3869 -0.9221 0.0006
vn -0.6315 0.7472 0.2072
vn 0.5804 0.7878 0.2064
vn 0.5209 0.8284 0.2061
vn -0.5265 0.8244 0.2076
vn -0.5206 0.8281 0.2079
vn -0.2906 0.4623 0.8378
vn -0.8245 0.5659 0.0043
vn -0.7848 0.6197 -0.0043
vn -0.2927 -0.9562 0.0000
vn -0.2073 -0.6774 0.7058
vn -0.2073 -0.6773 0.7059
vn 0.5801 0.7873 0.2089
vn 0.5207 0.8277 0.2093
vn 0.2905 0.4618 0.8381
vn 0.2107 -0.9776 0.0000
vn 0.1492 -0.6924 0.7059
vn 0.1493 -0.6926 0.7057
vn -0.2129 0.5025 0.8380
vn -0.2130 0.5026 0.8379
vn -0.2909 0.4618 0.8379
vn 0.2131 0.5028 0.8377
vn 0.2124 0.5025 0.8381
vn -0.1270 -0.9919 0.0000
vn -0.0900 -0.7025 0.7060
vn -0.5263 0.8244 0.2081
vn -0.5213 0.8276 0.2082
vn 0.0423 -0.9991 0.0000
vn 0.0300 -0.7074 0.7062
vn 0.0301 -0.7077 0.7059
vn -0.0900 -0.7023 0.7061
vn 0.7849 0.6196 0.0043
vn -0.7416 0.6708 0.0021
vn 0.7415 0.6709 -0.0043
vn -0.4118 0.8875 0.2069
vn -0.3815 0.9008 0.2075
vn 0.4700 0.8582 0.2065
vn 0.3812 0.9016 0.2045
vn 0.3819 0.9006 0.2075
vn 0.3515 0.9126 0.2086
vn 0.4701 0.8576 0.2086
vn 0.2131 0.5024 0.8379
vn -0.1300 0.5301 0.8379
vn -0.2131 0.5022 0.8381
vn -0.1298 0.5299 0.8380
vn 0.1300 0.5300 0.8380
vn 0.1299 0.5300 0.8380
vn 0.1300 0.5304 0.8377
vn -0.3823 0.9011 0.2046
vn -0.4118 0.8871 0.2086
vn -0.2898 0.9341 0.2086
vn -0.7840 0.6207 0.0042
vn -0.0338 -0.0060 -0.9994
vn -0.0278 -0.0234 -0.9993
vn 0.0644 -0.3491 -0.9349
vn -0.0367 0.0000 -0.9993
vn -0.0684 -0.3452 -0.9360
vn 0.0296 -0.0249 -0.9993
vn 0.0389 0.0000 -0.9992
vn 0.7417 0.6708 0.0043
vn 0.6951 0.7189 -0.0063
vn -0.2327 0.9498 0.2093
vn -0.2896 0.9346 0.2065
vn 0.2329 0.9500 0.2081
vn 0.3519 0.9129 0.2069
vn 0.2328 0.9501 0.2079
vn 0.2267 0.9515 0.2081
vn -0.7416 0.6708 0.0042
vn -0.6953 0.7187 -0.0043
vn -0.0438 0.5441 0.8379
vn -0.0437 0.5440 0.8379
vn -0.0440 0.5443 0.8378
vn -0.1300 0.5304 0.8377
vn 0.0438 0.5443 0.8378
vn -0.2334 0.9524 0.1963
vn -0.1561 0.9644 0.2134
vn -0.1685 0.9628 0.2114
vn -0.1821 0.9607 0.2094
vn -0.1845 0.9603 0.2091
vn 0.0438 0.5441 0.8379
vn 0.1042 0.9721 0.2099
vn 0.0910 0.9731 0.2116
vn 0.0772 0.9737 0.2143
vn 0.1293 0.9695 0.2082
vn 0.1232 0.9702 0.2085
vn 0.1136 0.9713 0.2091
vn 0.1392 0.9682 0.2077
vn 0.2268 0.9516 0.2076
vn -0.0787 0.9741 0.2122
vn 0.0784 0.9737 0.2140
vn -0.0784 0.9756 0.2050
vn -0.0120 0.9744 0.2246
vn -0.0440 0.9749 0.2185
vn -0.0631 0.9744 0.2156
vn -0.0782 0.9737 0.2140
vn -0.0957 0.9724 0.2128
vn -0.1181 0.9701 0.2122
vn 0.0194 0.9768 0.2133
vn 0.0784 0.9747 0.2091
vn 0.0460 0.9761 0.2126
vn 0.6693 0.7430 -0.0093
vn 0.6426 0.7662 0.0094
vn -0.6689 0.7433 -0.0077
vn 0.3418 0.9380 -0.0577
vn 0.6719 0.7406 0.0000
vn -0.3417 0.9398 0.0000
vn -0.6559 0.7532 -0.0502
vn 0.3347 0.3990 -0.8537
vn 0.6426 0.7662 0.0000
vn -0.3346 0.3989 -0.8538
vn -0.6426 0.7662 0.0000
vn -0.6426 0.7661 0.0107
vn 0.8511 0.4909 0.1860
vn 0.7628 0.6411 -0.0842
vn -0.7616 0.6401 0.1014
vn 0.4512 0.2602 -0.8537
vn 0.8662 0.4996 0.0000
vn 0.8663 0.4996 0.0000
vn -0.4510 0.2601 -0.8538
vn -0.8662 0.4996 0.0000
vn -0.8662 0.4996 0.0098
vn 0.6953 0.7187 0.0043
vn -0.6455 0.7637 0.0031
vn 0.6456 0.7636 -0.0043
vn 0.9677 0.1719 0.1843
vn 0.9676 0.1709 0.1857
vn 0.0456 -0.0166 -0.9988
vn -0.9348 0.3405 0.1008
vn -0.0362 0.0132 -0.9993
vn 0.9846 -0.1749 0.0083
vn 0.9350 -0.3405 0.0989
vn 0.5128 -0.0911 -0.8537
vn 0.9846 -0.1749 0.0000
vn 0.4512 -0.2602 -0.8537
vn -0.4510 -0.2601 -0.8538
vn -0.1779 -0.4893 -0.8537
vn -0.5128 -0.0901 -0.8538
vn -0.9849 -0.1730 0.0000
vn -0.9675 -0.1700 0.1871
vn -0.9676 -0.1709 0.1857
vn 0.0376 0.0066 -0.9993
vn 0.0540 0.9985 0.0000
vn -0.1209 0.9927 0.0000
vn 0.2307 0.9730 0.0000
vn 0.4450 0.8955 0.0037
vn 0.3441 0.9389 0.0012
vn -0.2844 0.9587 0.0000
vn -0.3420 0.9397 0.0013
vn 0.6458 0.7635 -0.0043
vn 0.8663 -0.4996 0.0000
vn 0.8662 -0.4996 0.0000
vn 0.8662 -0.4996 0.0081
vn -0.8662 -0.4996 0.0000
vn -0.8662 -0.4996 0.0098
vn -0.0403 0.0338 -0.9986
vn -0.0370 0.0480 -0.9982
vn 0.7625 -0.6393 0.0993
vn -0.4472 0.8944 0.0000
vn -0.6053 0.7960 0.0102
vn -0.6147 0.7888 0.0055
vn -0.6454 0.7636 -0.0181
vn -0.5905 0.8068 0.0182
vn -0.6211 0.7837 0.0025
vn -0.6098 0.7926 0.0010
vn -0.6000 0.8000 -0.0086
vn -0.5892 0.8078 -0.0150
vn -0.5823 0.8127 -0.0195
vn -0.6071 0.7946 -0.0047
vn 0.5931 0.8051 0.0022
vn 0.7039 0.7103 0.0031
vn -0.5802 0.8144 0.0000
vn -0.7046 0.7096 0.0031
vn -0.6317 -0.7524 0.1864
vn 0.0318 0.0378 -0.9988
vn 0.4952 -0.8685 -0.0235
vn 0.5189 -0.8505 0.0864
vn -0.3415 -0.9391 -0.0381
vn -0.5003 -0.8658 0.0000
vn -0.5237 -0.8440 0.1161
vn 0.0000 -0.9979 -0.0644
vn 0.4909 -0.8506 0.1882
vn 0.0000 -0.5985 0.8011
vn -0.0360 0.0623 -0.9974
vn 0.0000 0.3943 -0.9190
vn 0.8210 0.5709 0.0000
vn 0.9011 0.4337 0.0033
vn -0.8208 0.5711 0.0000
vn -0.9013 0.4332 0.0034
vn -0.5932 0.8050 -0.0053
vn 0.6449 0.7643 0.0043
vn 0.5629 0.8264 0.0138
vn 0.5709 0.8209 0.0116
vn 0.6124 0.7905 0.0042
vn 0.5922 0.8057 0.0073
vn 0.5809 0.8139 0.0094
vn 0.5932 0.8050 -0.0064
vn 0.5404 0.8411 0.0228
vn 0.5523 0.8335 0.0176
vn 0.6116 0.7912 0.0043
vn -0.5382 0.8427 0.0119
vn -0.5532 0.8330 0.0056
vn 0.5382 0.8428 -0.0071
vn 0.5084 0.8607 -0.0292
vn 0.5235 0.8518 -0.0195
vn 0.5358 0.8442 -0.0130
vn 0.5469 0.8372 -0.0081
vn 0.5547 0.8321 -0.0054
vn 0.5609 0.8279 -0.0036
vn 0.5673 0.8235 -0.0022
vn 0.5726 0.8198 -0.0013
vn 0.5768 0.8169 -0.0006
vn 0.2419 0.9625 -0.1229
vn 0.2417 0.9625 0.1229
vn 0.2584 0.9641 0.0612
vn 0.2584 0.9641 -0.0615
vn -0.2416 0.9625 0.1233
vn -0.2416 0.9625 -0.1233
vn -0.2585 0.9641 -0.0608
vn -0.2585 0.9641 0.0608
vn 0.1741 0.9200 -0.3512
vn 0.2395 0.9533 -0.1842
vn 0.1936 0.9247 -0.3277
vn 0.1708 0.9214 0.3492
vn 0.2032 0.9324 0.2990
vn 0.2393 0.9532 0.1848
vn -0.1707 0.9213 -0.3495
vn -0.2035 0.9324 -0.2987
vn -0.2392 0.9531 -0.1853
vn -0.1712 0.9214 0.3490
vn -0.2392 0.9532 0.1849
vn -0.2030 0.9322 0.2997
vn 0.0804 0.8489 -0.5223
vn 0.0425 0.8388 -0.5428
vn 0.0456 0.8365 0.5461
vn 0.0460 0.8366 0.5459
vn 0.1496 0.9012 0.4069
vn -0.0350 0.8426 -0.5374
vn -0.0807 0.8614 -0.5014
vn -0.1497 0.9013 -0.4065
vn -0.0343 0.8423 0.5380
vn -0.1503 0.9015 0.4059
vn -0.0813 0.8617 0.5009
vn -0.1480 0.7369 -0.6596
vn -0.0821 0.7655 -0.6382
vn -0.1479 0.7369 0.6596
vn -0.0935 0.7609 0.6421
vn 0.1480 0.7366 -0.6599
vn 0.0945 0.7602 -0.6428
vn 0.0009 0.8143 -0.5804
vn 0.1481 0.7367 0.6597
vn 0.0012 0.8142 0.5806
vn 0.0936 0.7608 0.6422
vn 0.9661 0.2583 0.0000
vn 0.9945 0.1047 0.0039
vn -0.9660 0.2586 0.0000
vn -0.9945 0.1046 0.0039
vn -0.3563 0.6165 -0.7021
vn -0.1945 0.7025 -0.6846
vn -0.2996 0.6418 -0.7059
vn -0.3563 0.6164 0.7022
vn -0.3000 0.6416 0.7060
vn -0.1945 0.7025 0.6846
vn 0.3563 0.6165 -0.7021
vn 0.2995 0.6419 -0.7059
vn 0.1932 0.7032 -0.6842
vn 0.3563 0.6165 0.7021
vn 0.1940 0.7028 0.6844
vn 0.2990 0.6422 0.7058
vn -0.5641 0.4967 -0.6596
vn -0.4067 0.5800 -0.7058
vn -0.5114 0.5195 -0.6845
vn -0.5641 0.4967 0.6596
vn -0.5111 0.5197 0.6846
vn -0.4061 0.5803 0.7059
vn 0.5599 0.4805 -0.6749
vn 0.4322 0.5601 -0.7067
vn 0.5628 0.4946 0.6623
vn 0.4325 0.5599 0.7067
vn -0.5448 0.8386 0.0002
vn -0.9997 -0.0248 0.0000
vn -0.7471 0.3912 -0.5374
vn -0.6123 0.4614 -0.6420
vn -0.7048 0.4080 -0.5803
vn -0.7465 0.3914 0.5381
vn -0.7046 0.4081 0.5805
vn -0.6121 0.4615 0.6421
vn 0.7480 0.3906 -0.5365
vn 0.7003 0.4106 -0.5839
vn 0.5484 0.4916 -0.6764
vn 0.7474 0.3908 0.5373
vn 0.5882 0.4732 0.6558
vn 0.7046 0.4078 0.5806
vn 0.1387 0.9683 0.2077
vn -0.1698 0.9635 0.2071
vn -0.5381 0.8429 0.0071
vn -0.5077 0.8614 0.0161
vn -0.5223 0.8527 0.0133
vn -0.5356 0.8444 0.0119
vn -0.5300 0.8480 -0.0000
vn -0.5194 0.8546 -0.0011
vn -0.5075 0.8616 -0.0034
vn -0.4805 0.8769 -0.0114
vn 0.4803 0.8770 0.0088
vn 0.5186 0.8550 0.0013
vn -0.8828 0.3132 -0.3500
vn -0.7874 0.3602 -0.5003
vn -0.8545 0.3215 -0.4080
vn -0.8832 0.3127 0.3496
vn -0.8550 0.3210 0.4073
vn -0.7872 0.3601 0.5006
vn 0.8822 0.3133 -0.3515
vn 0.8556 0.3210 -0.4060
vn 0.7839 0.3622 -0.5043
vn 0.8824 0.3133 0.3509
vn 0.7863 0.3609 0.5015
vn 0.8549 0.3213 0.4072
vn -0.9545 0.2719 -0.1227
vn -0.9097 0.2897 -0.2974
vn -0.9451 0.2693 -0.1851
vn -0.9545 0.2717 0.1227
vn -0.9453 0.2692 0.1840
vn -0.9089 0.2902 0.2994
vn 0.9548 0.2716 -0.1210
vn 0.9455 0.2690 -0.1834
vn 0.9090 0.2900 -0.2994
vn 0.9547 0.2717 0.1210
vn 0.9089 0.2902 0.2994
vn 0.9453 0.2692 0.1840
vn -0.9641 0.2584 -0.0615
vn -0.9640 0.2584 0.0629
vn 0.9641 0.2584 0.0612
vn 0.9641 0.2584 -0.0615
vn -0.1615 0.9652 0.2058
vn 0.9964 -0.0852 0.0000
vn 0.9717 -0.2360 0.0048
vn 0.1299 0.9697 0.2071
vn -0.9964 -0.0854 0.0000
vn -0.9718 -0.2357 0.0048
vn 0.5079 0.8613 0.0155
vn 0.4909 0.8712 0.0000
vn 0.4882 0.8726 0.0126
vn -0.4915 0.8707 -0.0179
vn -0.4938 0.8696 0.0005
vn -0.4812 0.8766 -0.0001
vn -0.4783 0.8781 -0.0115
vn 0.1250 0.9704 0.2067
vn -0.1532 0.9669 0.2041
vn 0.4806 0.8768 0.0122
vn -0.9476 -0.3193 0.0074
vn -0.4209 0.9071 0.0024
vn 0.4742 0.8804 0.0092
vn 0.4716 0.8818 0.0000
vn 0.4209 0.9071 -0.0060
vn -0.4654 0.8851 -0.0066
vn -0.4607 0.8874 0.0172
vn -0.4485 0.8937 0.0137
vn -0.4554 0.8903 -0.0037
vn 0.3593 0.9329 -0.0226
vn 0.4379 0.8985 0.0296
vn 0.4434 0.8961 -0.0213
vn 0.4269 0.9040 0.0231
vn 0.4333 0.9011 -0.0154
vn -0.4473 0.8944 -0.0021
vn -0.4380 0.8989 0.0116
vn -0.1628 0.9648 0.2065
vn -0.1365 0.9695 0.2036
vn 0.9111 -0.4122 0.0000
vn 0.8376 -0.5462 0.0057
vn 0.1187 0.9713 0.2060
vn -0.9085 -0.4179 0.0000
vn -0.8341 -0.5516 0.0064
vn -0.4244 0.9054 0.0098
vn -0.4392 0.8984 -0.0010
vn 0.4151 0.9096 0.0173
vn 0.4249 0.9051 -0.0113
vn 0.4175 0.9086 -0.0081
vn -0.4335 0.9012 -0.0005
vn -0.4186 0.9081 0.0093
vn 0.4071 0.9133 0.0139
vn -0.3968 0.9179 0.0081
vn -0.4284 0.9036 -0.0002
vn 0.3948 0.9187 0.0093
vn 0.4099 0.9121 -0.0053
vn 0.4015 0.9158 -0.0024
vn -0.4214 0.9069 0.0001
vn -0.3551 0.9348 0.0065
vn 0.3798 0.9250 0.0044
vn -0.2794 0.9602 0.0042
vn 0.3797 0.9251 0.0043
vn -0.4211 0.9070 0.0043
vn -0.1628 0.9646 0.2074
vn -0.0906 0.9740 0.2079
vn -0.3595 0.9332 -0.0043
vn 0.1086 0.9728 0.2044
vn -0.0802 0.9750 0.2075
vn 0.7134 -0.7007 0.0000
vn 0.5974 -0.8019 0.0086
vn 0.1000 0.9742 0.2025
vn -0.7134 -0.7007 0.0000
vn -0.6429 -0.7660 0.0054
vn 0.3596 0.9331 0.0043
vn -0.2963 0.9551 0.0043
vn 0.2854 0.9584 -0.0058
vn 0.0891 0.9759 0.1991
vn -0.5806 -0.8142 0.0000
vn -0.0666 0.9762 0.2062
vn -0.0554 0.9774 0.2042
vn 0.4363 -0.8998 0.0000
vn 0.2063 -0.9782 0.0240
vn 0.3418 -0.9397 -0.0097
vn 0.3354 -0.9421 0.0078
vn 0.0796 0.9776 0.1949
vn -0.4597 -0.8881 0.0000
vn -0.3673 -0.9301 0.0045
vn -0.3420 -0.9397 0.0074
vn 0.0584 0.9790 0.1953
vn 0.0978 0.9740 0.2044
vn -0.2317 0.9728 0.0043
vn -0.2960 0.9552 -0.0058
vn -0.0444 0.9785 0.2013
vn 0.2317 0.9728 0.0027
vn 0.0224 0.9779 0.2079
vn 0.0982 0.9733 0.2075
vn -0.2063 -0.9785 -0.0025
vn -0.0291 0.9801 0.1962
vn 0.0000 -1.0000 0.0062
vn -0.0064 -1.0000 0.0052
vn 0.0005 0.9787 0.2054
vn -0.0328 0.9797 0.1979
vn 0.2318 0.9728 0.0027
vn -0.2319 0.9727 -0.0043
vn -0.1664 0.9860 0.0043
vn 0.1663 0.9861 -0.0043
vn -0.1001 0.9950 -0.0043
vn 0.0999 0.9950 0.0043
vn 0.1003 0.9949 0.0043
vn -0.0334 0.9994 0.0043
vn 0.0334 0.9994 -0.0043
vn -0.0447 -0.9987 -0.0239
vn -0.0296 -0.9988 -0.0400
vn 0.0001 -0.9997 0.0245
vn 0.0000 -0.9997 0.0245
vn 0.0128 -0.9999 -0.0034
vn -0.0001 -0.9997 0.0245
vn -0.0574 -0.9982 -0.0172
vn 0.0337 -0.9994 0.0000
vn -0.0745 -0.9972 -0.0080
vn 0.0562 -0.9984 0.0000
vn 0.1342 -0.9909 -0.0080
vn -0.0002 0.0002 -1.0000
vn 0.0000 0.0007 -1.0000
vn -0.0895 -0.9960 -0.0034
vn 0.1251 -0.9920 -0.0146
vn -0.1050 -0.9945 -0.0010
vn 0.1375 -0.9905 -0.0089
vn -0.1217 -0.9926 0.0000
vn 0.0000 -0.9997 0.0242
vn 0.1488 -0.9888 -0.0055
vn -0.2225 -0.9749 0.0000
vn -0.1983 -0.9801 -0.0090
vn 0.0000 -0.9997 0.0246
vn 0.0003 0.0005 -1.0000
vn 0.1631 -0.9866 -0.0029
vn -0.2088 -0.9779 -0.0063
vn 0.0000 -0.9997 0.0243
vn 0.1763 -0.9843 -0.0015
vn -0.2216 -0.9751 -0.0040
vn 0.1939 -0.9810 -0.0004
vn -0.2333 -0.9724 -0.0026
vn 0.0000 -0.9997 0.0244
vn 0.2116 -0.9774 0.0000
vn -0.2477 -0.9688 -0.0015
vn 0.2785 -0.9604 -0.0050
vn 0.3090 -0.9511 0.0000
vn 0.0001 0.0005 -1.0000
vn 0.2884 -0.9575 -0.0037
vn -0.0003 -0.9997 0.0244
vn -0.2619 -0.9651 -0.0007
vn 0.0001 -0.9997 0.0244
vn 0.2999 -0.9540 -0.0027
vn -0.2797 -0.9601 -0.0002
vn 0.3128 -0.9498 -0.0018
vn 0.0002 -0.9997 0.0245
vn -0.2976 -0.9547 0.0000
vn 0.3247 -0.9458 -0.0012
vn 0.0003 -0.9997 0.0245
vn -0.4372 -0.8993 -0.0099
vn -0.3930 -0.9195 0.0000
vn -0.0002 -0.9997 0.0246
vn 0.3380 -0.9412 -0.0007
vn -0.0001 -0.9997 0.0244
vn -0.0002 -0.9997 0.0244
vn -0.4275 -0.9040 -0.0072
vn -0.0002 -0.9997 0.0245
vn 0.0002 -0.9997 0.0243
vn 0.3541 -0.9352 -0.0003
vn 0.3419 0.0000 0.9397
vn 0.3420 0.0000 0.9397
vn -0.3419 0.0000 0.9397
vn 0.6432 0.0000 0.7657
vn 0.6431 0.0000 0.7658
vn -0.3420 0.0000 0.9397
vn -0.6432 0.0000 0.7657
vn -0.4228 -0.9062 -0.0053
vn 0.8660 0.0000 0.5001
vn -0.6431 0.0000 0.7658
vn -0.8657 0.0000 0.5005
vn 0.9848 0.0000 0.1739
vn -0.9849 0.0000 0.1734
vn -0.0186 -0.9991 0.0377
vn 0.0000 -0.9980 0.0632
vn 0.0186 -0.9991 0.0377
vn 0.0000 -0.7115 -0.7027
vn 0.0605 -0.7058 -0.7058
vn -0.0604 -0.7058 -0.7058
vn -0.0149 -0.9999 0.0000
vn 0.0149 -0.9999 -0.0000
vn 0.0148 -0.9999 0.0000
vn 0.0000 -0.7117 -0.7025
vn 0.0617 -0.7059 -0.7056
vn -0.0616 -0.7059 -0.7056
vn -0.0148 -0.9999 0.0000
vn 0.0000 -0.7115 0.7026
vn -0.0607 -0.7059 0.7057
vn 0.0604 -0.7058 0.7058
vn 0.0000 -0.7115 0.7027
vn -0.0607 -0.7059 0.7058
vn 0.0202 -0.9984 -0.0533
vn 0.0000 -0.9955 -0.0946
vn -0.0201 -0.9984 -0.0534
vn 0.0605 -0.7058 0.7058
vn -0.0441 -0.9989 0.0140
vn 0.1829 -0.7059 -0.6843
vn -0.0400 -0.9992 -0.0009
vn -0.0641 -0.9979 0.0011
vn -0.0398 -0.9992 0.0000
vn 0.1836 -0.7059 0.6842
vn 0.1834 -0.7059 0.6842
vn -0.0455 -0.9988 -0.0188
vn 0.1835 -0.7059 0.6842
vn 0.0442 -0.9989 0.0140
vn -0.1832 -0.7059 -0.6842
vn 0.0396 -0.9992 -0.0000
vn 0.0399 -0.9992 0.0000
vn -0.1833 -0.7059 0.6842
vn -0.1831 -0.7059 0.6842
vn 0.0454 -0.9988 -0.0188
vn 0.0718 -0.9974 0.0000
vn -0.2403 -0.7118 -0.6600
vn -0.3424 -0.6996 -0.6271
vn 0.0640 -0.9979 -0.0000
vn 0.0717 -0.9974 -0.0003
vn -0.3420 -0.6997 -0.6272
vn -0.0653 -0.9979 0.0033
vn 0.2403 -0.7118 -0.6600
vn 0.3001 -0.7057 -0.6418
vn 0.3000 -0.7057 -0.6418
vn -0.0722 -0.9974 0.0003
vn 0.2401 -0.7117 0.6601
vn 0.3427 -0.6996 0.6270
vn 0.2403 -0.7117 0.6601
vn 0.3426 -0.6996 0.6270
vn -0.0723 -0.9974 0.0001
vn 0.2402 -0.7117 0.6601
vn -0.2401 -0.7119 0.6600
vn -0.3008 -0.7058 0.6414
vn -0.2402 -0.7119 0.6600
vn 0.0663 -0.9978 -0.0042
vn 1.0000 0.0000 0.0000
vn -1.0000 0.0000 0.0000
vn 0.3909 -0.9205 -0.0016
vn 0.3763 -0.9265 0.0000
vn -0.4214 -0.9068 -0.0038
vn -0.1839 -0.9828 0.0143
vn -0.0955 -0.9954 -0.0018
vn -0.0914 -0.9958 0.0000
vn -0.0975 -0.9952 0.0004
vn 0.4416 -0.6996 0.5617
vn 0.4629 -0.6942 0.5512
vn 0.4415 -0.6996 0.5618
vn 0.4631 -0.6941 0.5512
vn -0.1839 -0.9826 0.0263
vn -0.1513 -0.9862 -0.0676
vn 0.4629 -0.6941 0.5512
vn -0.1303 -0.6965 -0.7057
vn 0.0000 -0.7085 -0.7057
vn 0.1839 -0.9829 0.0000
vn 0.1573 -0.9864 0.0483
vn -0.4882 -0.7050 -0.5145
vn -0.4516 -0.7110 -0.5390
vn 0.0974 -0.9952 -0.0004
vn -0.4577 -0.7017 0.5461
vn -0.4573 -0.7018 0.5463
vn 0.0914 -0.9958 0.0000
vn -0.4415 -0.6996 -0.5618
vn -0.4622 -0.6943 -0.5516
vn -0.4576 -0.7017 0.5461
vn 0.0949 -0.9955 0.0023
vn 0.1839 -0.9828 -0.0174
vn 0.1302 -0.6965 -0.7057
vn 0.1305 -0.6971 -0.7050
vn 0.4576 -0.7017 -0.5461
vn 0.4577 -0.7017 -0.5461
vn 0.4581 -0.7019 -0.5454
vn -0.1753 -0.9842 0.0254
vn 0.6170 -0.7018 -0.3561
vn -0.1458 -0.9893 -0.0102
vn -0.2074 -0.9782 0.0026
vn -0.1259 -0.9920 0.0000
vn 0.6170 -0.7018 0.3561
vn 0.6166 -0.7019 0.3565
vn -0.2297 -0.9718 -0.0537
vn -0.1936 -0.9811 0.0021
vn 0.6167 -0.7019 0.3564
vn -0.1779 -0.9837 -0.0267
vn 0.1754 -0.9842 0.0253
vn -0.6174 -0.7016 -0.3557
vn -0.6168 -0.7018 -0.3564
vn 0.1460 -0.9892 -0.0102
vn 0.1950 -0.9808 0.0000
vn -0.6172 -0.7018 0.3557
vn 0.2197 -0.9744 0.0482
vn -0.6167 -0.7019 -0.3564
vn 0.1262 -0.9920 0.0000
vn -0.6173 -0.7018 0.3556
vn 0.1456 -0.9893 0.0100
vn 0.2078 -0.9782 -0.0026
vn 0.1780 -0.9837 -0.0266
vn -0.1964 -0.9805 0.0084
vn 0.6167 -0.7018 -0.3565
vn 0.7016 -0.7018 -0.1236
vn -0.2067 -0.9784 0.0000
vn -0.2349 -0.9719 -0.0145
vn 0.7017 -0.7017 0.1237
vn 0.7014 -0.7018 0.1244
vn -0.2098 -0.9777 0.0112
vn 0.6168 -0.7017 -0.3565
vn 0.7015 -0.7018 -0.1236
vn -0.2098 -0.9777 -0.0071
vn 0.7014 -0.7019 0.1244
vn 0.7202 -0.6891 0.0803
vn -0.2317 -0.9727 0.0140
vn 0.7016 -0.7018 -0.1237
vn -0.1975 -0.9803 -0.0086
vn 0.7017 -0.7017 0.1236
vn 0.7014 -0.7018 0.1242
vn 0.1961 -0.9805 0.0086
vn -0.7015 -0.7018 -0.1242
vn -0.7019 -0.7015 -0.1232
vn 0.1754 -0.9845 -0.0053
vn -0.6170 -0.7015 0.3566
vn -0.7016 -0.7016 0.1243
vn 0.2097 -0.9777 0.0112
vn -0.7017 -0.7016 -0.1238
vn 0.2097 -0.9777 -0.0071
vn -0.7128 -0.6968 0.0797
vn 0.2321 -0.9726 0.0143
vn 0.2066 -0.9784 0.0000
vn -0.7014 -0.7018 -0.1243
vn 0.1973 -0.9803 -0.0087
vn -0.7016 -0.7016 0.1242
vn 0.7016 -0.7017 -0.1242
vn -0.7018 -0.7017 -0.1232
vn 0.7016 -0.7016 -0.1242
vn 0.7016 -0.7016 -0.1244
vn 0.2105 -0.9776 0.0000
vn -0.7014 -0.7021 0.1229
vn -0.7202 -0.6822 0.1262
vn -0.7015 -0.7020 0.1229
vn 0.0000 -0.9981 0.0620
vn -0.4189 -0.9080 -0.0058
vn 0.0161 -0.9868 0.1614
vn 0.0000 -0.9869 0.1614
vn 0.4007 -0.9162 -0.0045
vn -0.0545 -0.9958 0.0736
vn 0.0186 -0.9876 0.1558
vn -0.4112 -0.9115 -0.0104
vn -0.0211 -0.9880 0.1528
vn 0.4204 -0.9073 -0.0084
vn 0.4416 -0.8972 0.0000
vn 0.0033 -0.9674 0.2531
vn 0.5093 -0.8606 -0.0028
vn 0.4739 -0.8806 0.0000
vn -0.0004 0.0001 -1.0000
vn -0.0029 -0.9648 0.2629
vn -0.4206 -0.9072 -0.0064
vn -0.1303 -0.6973 -0.7048
vn -0.0028 -0.9057 0.4239
vn 0.0033 -0.9057 0.4239
vn 0.0000 -0.9081 0.4188
vn -0.9921 -0.0559 0.1121
vn -0.9773 -0.0643 0.2020
vn -0.9766 -0.0617 0.2061
vn 0.0000 -0.9085 0.4180
vn 0.9788 -0.0492 0.1990
vn 0.9808 -0.0769 0.1794
vn 0.9852 -0.1039 0.1361
vn -0.3611 -0.9325 0.0000
vn -0.2561 -0.6616 -0.7048
vn 0.3611 -0.9325 0.0000
vn 0.2563 -0.6612 -0.7050
vn 0.2558 -0.6605 -0.7059
vn -0.4934 -0.8698 0.0000
vn -0.9837 0.0002 0.1798
vn -0.9837 0.0001 0.1799
vn -0.5296 -0.8482 -0.0007
vn -0.5624 -0.8269 -0.0020
vn -0.5912 -0.8065 -0.0040
vn -0.5509 -0.8346 0.0000
vn -0.2560 -0.6604 -0.7059
vn 0.9837 -0.0001 0.1798
vn 0.9837 -0.0001 0.1799
vn 0.9837 -0.0000 0.1798
vn 0.0000 -0.7560 0.6545
vn -0.9837 0.0001 0.1800
vn -0.9837 0.0001 0.1798
vn 0.9836 0.0004 0.1802
vn 0.9837 0.0001 0.1799
vn -0.9837 0.0000 0.1799
vn -0.9837 -0.0001 0.1799
vn 0.9846 0.0000 0.1746
vn 0.9847 0.0000 -0.1743
vn 0.9847 0.0000 0.1743
vn 0.9846 0.0000 -0.1746
vn 0.8658 0.0000 -0.5004
vn 0.8658 0.0000 0.5004
vn 0.4245 0.0000 -0.9054
vn 0.8415 -0.2352 -0.4863
vn 0.6431 0.0000 -0.7658
vn 0.6433 0.0000 0.7656
vn 0.6252 -0.2352 0.7442
vn 0.4028 -0.2163 0.8894
vn 0.6251 -0.2353 -0.7443
vn 0.6251 -0.2353 0.7443
vn 0.4029 -0.2163 0.8893
vn 0.3421 0.0000 -0.9396
vn 0.6432 0.0000 -0.7657
vn 0.3421 0.0000 -0.9397
vn 0.0770 -0.2184 -0.9728
vn 0.7958 -0.2199 -0.5642
vn 0.3421 0.0000 0.9397
vn 0.9655 0.0000 0.2605
vn 0.3321 -0.2384 -0.9126
vn 0.9655 0.0000 -0.2604
vn -0.2555 0.0000 -0.9668
vn 0.9655 0.0000 0.2604
vn 0.5576 -0.2211 0.8001
vn -0.2559 -0.2205 0.9412
vn -0.5718 0.0000 0.8204
vn 0.0000 -0.2389 0.9710
vn 0.0000 -0.2383 -0.9712
vn -0.5717 0.0000 0.8205
vn -0.3421 0.0000 -0.9397
vn 0.2546 -0.2200 -0.9417
vn -0.5567 -0.2207 -0.8008
vn -0.3421 0.0000 0.9396
vn 0.2544 -0.2200 -0.9417
vn -0.5566 -0.2207 -0.8009
vn -0.3321 -0.2390 0.9125
vn -0.3322 -0.2372 -0.9129
vn -0.8177 0.0000 -0.5756
vn 0.5707 0.0000 -0.8212
vn -0.3322 -0.2390 0.9124
vn -0.6243 -0.2352 -0.7449
vn -0.9651 0.0000 -0.2620
vn -0.3418 0.0000 0.9398
vn -0.6423 0.0000 0.7665
vn -0.6242 -0.2352 -0.7450
vn 0.2569 0.0000 0.9664
vn -0.6424 0.0000 -0.7664
vn -0.0769 -0.2184 -0.9728
vn 0.2570 0.0000 0.9664
vn -0.8658 0.0000 -0.5004
vn -0.4028 -0.2163 -0.8894
vn -0.9412 -0.2180 0.2582
vn -0.8416 -0.2352 0.4862
vn -0.9412 -0.2179 0.2582
vn -0.8415 -0.2352 0.4863
vn -0.8419 -0.2334 -0.4866
vn -0.9964 0.0000 0.0846
vn -0.9412 -0.2179 0.2581
vn -0.9579 -0.2328 -0.1681
vn -0.9073 0.0000 0.4205
vn -0.4243 0.0000 0.9055
vn -0.9850 0.0000 0.1725
vn -0.9579 -0.2327 -0.1681
vn -0.9070 0.0000 0.4212
vn -0.4245 0.0000 0.9054
vn -0.9849 0.0000 -0.1729
vn -0.6844 -0.2149 -0.6967
vn -0.4246 0.0000 0.9054
vn -0.8829 -0.2148 -0.4175
vn -0.8833 -0.2145 -0.4169
vn -0.9850 0.0000 0.1726
vn -0.5263 -0.8503 0.0000
vn -0.3728 -0.6022 -0.7059
vn 0.5263 -0.8503 0.0000
vn -0.0004 0.0005 -1.0000
vn 0.3728 -0.6023 -0.7059
vn 0.3728 -0.6021 -0.7061
vn -0.9837 -0.0002 0.1800
vn -0.9837 0.0000 0.1798
vn 0.5695 -0.8220 0.0000
vn 0.9837 -0.0003 0.1800
vn 0.9837 0.0002 0.1797
vn 0.6030 -0.7978 -0.0008
vn 0.6235 -0.7818 0.0000
vn 0.6603 -0.7510 -0.0047
vn 0.6334 -0.7738 -0.0024
vn -0.0004 0.0006 -1.0000
vn -0.3726 -0.6017 -0.7065
vn -0.9837 -0.0005 0.1800
vn -0.0054 1.0000 -0.0078
vn 0.0291 0.9996 -0.0009
vn 0.0257 0.9997 -0.0001
vn 0.0260 0.9997 -0.0001
vn 0.0287 0.9996 0.0000
vn 0.0257 0.9997 0.0001
vn 0.0291 0.9996 0.0009
vn -0.0505 0.9986 0.0168
vn -0.0269 0.9989 0.0385
vn -0.0129 0.9987 -0.0484
vn -0.0505 0.9985 -0.0219
vn -0.0288 0.9996 0.0001
vn -0.0254 0.9997 -0.0014
vn -0.0665 0.9978 0.0015
vn -0.0469 0.9989 0.0007
vn 0.0503 -0.9987 0.0007
vn -0.0483 0.9988 -0.0006
vn -0.0261 0.9997 -0.0001
vn -0.0256 0.9997 0.0006
vn -0.0128 0.9987 0.0485
vn 0.0539 0.9985 0.0002
vn 0.0483 0.9988 0.0001
vn 0.0445 0.9990 0.0000
vn 0.0452 0.9990 0.0002
vn -0.0800 0.9967 -0.0097
vn -0.0464 0.9989 -0.0006
vn -0.0449 0.9990 0.0002
vn -0.0800 0.9967 0.0097
vn 0.0000 -0.5498 0.8353
vn -0.9837 -0.0002 0.1797
vn -0.9837 -0.0002 0.1798
vn 0.9837 -0.0006 0.1798
vn 0.1514 0.9885 -0.0063
vn 0.0000 0.0002 -1.0000
vn 0.0003 0.0001 -1.0000
vn 0.1514 0.9885 0.0001
vn 0.1245 0.9917 -0.0307
vn 0.0718 0.9974 0.0000
vn 0.1751 0.9827 -0.0603
vn 0.1579 0.9875 0.0013
vn 0.0658 0.9978 0.0000
vn 0.0914 0.9943 0.0552
vn -0.0720 0.9973 -0.0134
vn -0.0658 0.9978 0.0000
vn -0.3103 0.7732 0.5530
vn -0.1009 0.9949 -0.0005
vn -0.0720 0.9973 0.0134
vn 0.0002 0.9398 0.3417
vn 0.0000 0.9399 0.3416
vn 0.0000 0.9398 -0.3417
vn 0.1495 0.9887 -0.0120
vn 0.1230 0.9924 0.0073
vn 0.1680 0.9857 -0.0154
vn 0.1680 0.9857 0.0154
vn 0.1655 0.9862 0.0000
vn 0.2005 0.9795 -0.0212
vn 0.1495 0.9887 0.0120
vn -0.0067 -0.9993 0.0378
vn -0.1150 0.9934 0.0000
vn 0.0673 -0.9977 -0.0034
vn -0.1087 0.9939 0.0160
vn -0.1088 0.9939 -0.0159
vn -0.0755 0.9971 -0.0027
vn -0.1035 0.9946 0.0036
vn 0.1680 0.9858 0.0000
vn -0.1088 0.9941 0.0000
vn -0.1174 0.9931 0.0000
vn -0.2507 0.9681 0.0000
vn -0.0003 -0.0000 -1.0000
vn -0.6411 -0.7675 0.0000
vn -0.6994 -0.7147 -0.0028
vn -0.7240 -0.6898 -0.0056
vn -0.6911 -0.7227 0.0000
vn -0.6718 -0.7407 -0.0009
vn 0.9837 0.0002 0.1798
vn 0.3473 0.9378 0.0000
vn 0.0000 0.7661 0.6428
vn 0.0003 0.7659 0.6430
vn 0.0000 0.7661 -0.6428
vn 0.0000 0.7659 0.6430
vn -0.9837 -0.0002 0.1799
vn 0.9837 -0.0002 0.1799
vn -0.4403 0.8978 0.0000
vn -0.6738 -0.7389 0.0000
vn -0.4769 -0.5230 -0.7064
vn 0.6738 -0.7389 0.0000
vn -0.0005 0.0005 -1.0000
vn 0.4771 -0.5234 -0.7060
vn 0.4776 -0.5237 -0.7054
vn 0.0000 0.9397 -0.3421
vn 0.0000 0.9397 0.3419
vn -0.4771 -0.5235 -0.7059
vn -0.9837 0.0005 0.1798
vn 0.7066 -0.7076 0.0000
vn 0.7354 -0.6777 -0.0011
vn 0.7531 -0.6580 0.0000
vn 0.7820 -0.6233 -0.0069
vn 0.7598 -0.6501 -0.0034
vn 0.0000 0.7661 -0.6427
vn 0.5290 0.8486 0.0000
vn 0.0000 -0.3017 0.9534
vn -0.9837 0.0002 0.1800
vn 0.9837 0.0002 0.1800
vn 0.0000 0.5002 0.8659
vn 0.0000 0.5002 -0.8659
vn -0.6121 0.7908 0.0000
vn 0.0000 0.5004 -0.8658
vn -0.7675 -0.6411 0.0000
vn -0.8090 -0.5879 -0.0029
vn -0.8143 -0.5804 -0.0041
vn -0.7932 -0.6089 -0.0014
vn 0.0000 0.1737 0.9848
vn -0.9837 0.0005 0.1800
vn 0.0000 0.1732 -0.9849
vn 0.0018 0.1738 -0.9848
vn 0.6889 0.7248 0.0000
vn -0.7980 -0.6026 0.0000
vn -0.8316 -0.5547 0.0279
vn -0.8166 -0.5770 0.0171
vn 0.4200 -0.8452 -0.3304
vn -0.8338 -0.5520 0.0000
vn -0.7978 -0.6025 -0.0208
vn -0.9871 -0.0832 0.1370
vn -0.8212 -0.5706 0.0128
vn 0.6246 -0.7481 -0.2240
vn 0.6115 -0.7566 0.2316
vn -0.8208 -0.5710 -0.0131
vn -0.8354 -0.5492 -0.0200
vn 0.3868 -0.8556 0.3441
vn -0.8160 -0.5778 -0.0177
vn -0.8310 -0.5555 -0.0291
vn -0.5652 -0.4268 -0.7059
vn 0.8166 -0.5770 0.0171
vn 0.7976 -0.6023 -0.0331
vn 0.9732 -0.0951 0.2095
vn 0.8337 -0.5522 0.0000
vn -0.4215 -0.8445 -0.3305
vn -0.0004 -0.0000 -1.0000
vn 0.9886 -0.0840 0.1247
vn 0.3117 -0.9363 -0.1618
vn 0.7980 -0.6026 0.0005
vn 0.7980 -0.6026 -0.0006
vn 0.3118 -0.9353 0.1674
vn 0.9879 -0.0862 -0.1286
vn -0.6132 -0.7552 0.2316
vn -0.6264 -0.7466 -0.2240
vn 0.7975 -0.6023 0.0350
vn 0.9706 -0.0969 -0.2205
vn 0.8160 -0.5778 -0.0177
vn -0.3880 -0.8549 0.3442
vn 0.5656 -0.4272 -0.7054
vn 0.5656 -0.4271 -0.7054
vn -0.9837 0.0003 0.1799
vn 0.9837 0.0004 0.1799
vn -0.5651 -0.4268 -0.7060
vn 0.0000 0.1731 -0.9849
vn 0.0000 0.1738 0.9848
vn 0.0000 -0.0307 0.9995
vn -0.9837 -0.0007 0.1799
vn 0.8221 -0.5693 0.0000
vn 0.9837 0.0005 0.1799
vn 0.8439 -0.5365 -0.0017
vn 0.8585 -0.5129 0.0000
vn 0.8784 -0.4777 -0.0108
vn 0.8626 -0.5058 -0.0053
vn -0.7588 0.6513 0.0000
vn -0.8466 -0.5323 0.0000
vn -0.9837 0.0001 0.1801
vn 0.9837 0.0001 0.1801
vn 0.9837 0.0000 0.1799
vn 0.0000 -0.1737 0.9848
vn -0.9837 -0.0005 0.1799
vn 0.0000 -0.1732 -0.9849
vn 0.0000 -0.1731 -0.9849
vn 0.0000 -0.1738 0.9848
vn 0.0016 -0.1732 -0.9849
vn 0.0000 -0.1737 -0.9848
vn 0.9891 -0.0007 -0.1474
vn 1.0000 0.0020 0.0053
vn 0.9920 -0.0007 -0.1266
vn 1.0000 0.0031 -0.0069
vn 0.9699 -0.0007 0.2434
vn 0.9934 -0.0008 0.1148
vn 0.9923 0.0000 -0.1242
vn 0.9837 0.0000 -0.1799
vn 0.9726 0.0030 0.2326
vn 0.9926 0.0127 0.1205
vn 0.8837 -0.0007 0.4680
vn 0.9388 -0.0007 0.3445
vn 0.8144 0.0000 0.5802
vn 0.7466 0.0000 0.6653
vn 0.7141 0.0387 0.6989
vn 0.7721 0.0033 0.6355
vn 0.8914 0.0032 0.4531
vn -0.7874 -0.0006 -0.6165
vn 0.8328 -0.0006 0.5535
vn 0.8326 -0.0006 0.5539
vn 0.8907 0.0031 0.4546
vn 0.9370 0.0127 0.3492
vn 0.5664 0.0000 0.8241
vn 0.5280 0.0692 0.8464
vn 0.6007 0.0000 0.7995
vn 0.3535 0.0000 0.9354
vn 0.3096 0.1484 0.9392
vn 0.3877 0.0000 0.9218
vn 0.1192 0.1314 0.9841
vn 0.1513 0.0000 0.9885
vn -0.1198 0.0844 0.9892
vn -0.3535 0.0308 0.9349
vn -0.3339 0.0000 0.9426
vn -0.2125 0.0000 0.9772
vn -0.9837 0.0000 -0.1799
vn -0.5662 0.0121 0.8242
vn -0.5533 0.0000 0.8330
vn -0.4450 0.0000 0.8955
vn -0.7464 0.0195 0.6652
vn -0.6871 -0.0060 0.7265
vn -0.8384 -0.0006 0.5450
vn -0.8141 0.0000 0.5808
vn -0.7765 0.0030 0.6301
vn -0.8940 0.0035 0.4480
vn -0.8942 0.0035 0.4477
vn -0.8358 -0.0006 0.5490
vn -0.8839 0.0016 0.4677
vn -0.9698 -0.0005 0.2437
vn -0.9803 0.0046 0.1974
vn -0.9419 -0.0006 0.3360
vn -0.9891 -0.0008 -0.1474
vn -0.9927 0.0000 -0.1206
vn -0.9999 0.0034 -0.0139
vn -0.9963 -0.0005 0.0858
vn -1.0000 0.0017 0.0050
vn -0.9929 -0.0008 -0.1192
vn -0.0628 0.9969 0.0483
vn -0.2945 0.9557 0.0000
vn 0.5559 0.8312 0.0000
vn 0.1512 0.9885 0.0000
vn 0.1873 0.9823 0.0067
vn 0.8285 0.5599 -0.0126
vn 0.8208 0.5711 -0.0082
vn 0.7963 0.6049 0.0000
vn -0.0002 0.0003 -1.0000
vn 0.0001 0.0001 -1.0000
vn 0.8245 0.5658 -0.0073
vn 0.8208 0.5712 -0.0035
vn 0.8458 0.5333 -0.0143
vn 0.8245 0.5658 0.0073
vn 0.8208 0.5712 0.0035
vn 0.8458 0.5333 0.0143
vn 0.8210 0.5709 0.0096
vn 0.8436 0.5365 0.0211
vn 0.8208 0.5711 0.0054
vn -0.9612 -0.0278 -0.2745
vn -0.9612 -0.0278 -0.2746
vn 0.9614 -0.0297 -0.2737
vn 0.9729 0.1002 0.2082
vn 0.9729 0.1003 -0.2085
vn 0.9614 -0.0302 0.2735
vn -0.3090 0.9511 0.0000
vn -0.2176 0.9757 0.0245
vn -0.8698 -0.4934 0.0000
vn -0.9837 -0.0000 0.1797
vn -0.8885 -0.4589 -0.0023
vn -0.9039 -0.4278 -0.0069
vn -0.9010 -0.4339 -0.0053
vn 0.9837 -0.0000 0.1797
vn 0.2737 0.9618 0.0000
vn -0.3339 0.9426 0.0000
vn 0.0000 0.2423 0.9702
vn -0.4763 0.8250 -0.3040
vn -0.4763 0.8251 -0.3040
vn -0.4980 0.8627 -0.0874
vn -0.5537 0.7591 0.3422
vn -0.5072 0.7182 0.4764
vn -0.4981 0.8627 -0.0874
vn -0.5538 0.7591 0.3422
vn -0.5071 0.7183 0.4764
vn 0.4696 0.8138 -0.3424
vn 0.5548 0.8253 -0.1053
vn 0.4698 0.8140 0.3415
vn 0.4698 0.8139 -0.3419
vn 0.4979 0.8629 0.0868
vn 0.3877 0.9218 0.0000
vn 0.4258 0.9048 0.0066
vn -0.3889 0.5131 -0.7652
vn -0.5369 0.6803 -0.4989
vn -0.3889 0.5130 0.7652
vn -0.1683 0.1612 -0.9725
vn -0.5346 0.7724 -0.3429
vn -0.3144 0.3915 0.8648
vn -0.4254 0.4874 0.7626
vn 0.1682 0.1611 -0.9725
vn 0.4698 0.8138 0.3421
vn 0.1682 0.1611 0.9725
vn 0.5347 0.7725 0.3425
vn -0.8645 -0.5027 0.0000
vn -0.8952 -0.4456 0.0092
vn -0.8584 -0.5130 0.0000
vn -0.9971 0.0737 0.0192
vn -0.8951 -0.4456 -0.0166
vn -0.4029 -0.9150 -0.0190
vn -0.8952 -0.4457 -0.0040
vn -0.8952 -0.4456 -0.0066
vn -0.6339 -0.3156 -0.7061
vn 0.3682 -0.9293 -0.0297
vn 0.8952 -0.4457 0.0041
vn 0.8575 -0.5145 0.0001
vn 0.8017 -0.3118 0.5099
vn 0.9992 -0.0410 -0.0028
vn 0.8950 -0.4456 -0.0185
vn 0.8952 -0.4457 -0.0040
vn 0.8303 -0.1151 -0.5453
vn 0.3697 -0.9286 0.0315
vn 0.8952 -0.4456 -0.0086
vn 0.8661 -0.4999 -0.0012
vn 0.6345 -0.3159 -0.7055
vn 0.6347 -0.3159 -0.7052
vn 0.0543 -0.2573 -0.9648
vn -0.3417 0.3742 0.8621
vn -0.1876 0.1704 0.9674
vn -0.1879 0.1702 0.9673
vn 0.2714 0.4202 -0.8659
vn 0.3071 0.5320 0.7891
vn 0.1712 0.2965 -0.9396
vn 0.3122 0.3963 -0.8634
vn -0.6346 -0.3161 -0.7052
vn 0.0000 -0.5002 -0.8659
vn 0.0000 -0.5002 0.8659
vn -0.4707 -0.2132 -0.8561
vn -0.7310 -0.2965 -0.6146
vn -0.5358 0.8444 0.0000
vn -0.4538 0.8908 0.0226
vn -0.1819 0.1969 -0.9634
vn -0.0871 0.0840 -0.9927
vn -0.0653 0.1635 -0.9844
vn -0.2714 0.4202 -0.8659
vn 0.7173 -0.4141 -0.5603
vn 0.2326 0.3726 -0.8984
vn 0.2930 0.4066 0.8654
vn 0.7173 -0.4141 0.5603
vn 0.2328 0.3724 0.8984
vn 0.2711 0.4194 0.8664
vn 0.8656 -0.4997 0.0310
vn 0.4026 -0.9032 0.1487
vn 0.4995 0.8663 0.0000
vn -0.5533 0.8330 0.0000
vn 0.0000 -0.5000 0.8660
vn -0.9837 0.0003 0.1798
vn 0.0000 -0.5000 -0.8660
vn 0.9837 -0.0001 0.1800
vn 0.9836 -0.0001 0.1801
vn 0.9837 -0.0002 0.1798
vn -0.8728 -0.4879 -0.0164
vn -0.8742 -0.4848 -0.0258
vn 0.8731 -0.4872 -0.0163
vn -0.8744 0.4851 -0.0102
vn -0.8495 0.5276 -0.0024
vn -0.8349 0.5504 -0.0005
vn -0.8263 0.5632 0.0000
vn -0.0000 -0.0003 -1.0000
vn -0.0001 -0.0004 -1.0000
vn -0.8351 0.5500 0.0004
vn -0.8744 0.4851 -0.0071
vn -0.8744 0.4851 0.0065
vn -0.8498 0.5271 0.0016
vn -0.8558 0.5173 -0.0021
vn -0.8351 0.5500 -0.0004
vn -0.8349 0.5504 0.0005
vn -0.8495 0.5276 0.0025
vn -0.8744 0.4851 0.0102
vn -0.0520 -0.1105 0.9925
vn 0.0154 -0.2021 0.9792
vn 0.0652 -0.1632 -0.9844
vn -0.0062 -0.2010 0.9796
vn 0.0015 -0.2096 0.9778
vn -0.0538 -0.3580 -0.9322
vn -0.4201 -0.6676 -0.6147
vn 0.0008 -0.2112 0.9774
vn 0.6217 -0.4842 -0.6157
vn -0.1089 -0.1382 -0.9844
vn -0.2117 -0.6978 0.6843
vn -0.5202 -0.8475 0.1061
vn 0.9854 0.0101 0.1702
vn 0.9865 0.0174 -0.1628
vn 0.9915 0.0677 -0.1115
vn 0.6007 0.7995 0.0000
vn 0.6374 0.7705 0.0061
vn -0.8889 -0.4580 0.0139
vn -0.8880 -0.4597 -0.0094
vn -0.8906 -0.4548 0.0082
vn -0.5408 -0.7194 -0.4358
vn -0.8891 -0.4575 -0.0146
vn 0.5650 -0.8149 0.1291
vn 0.9959 -0.0315 0.0853
vn 0.5611 -0.8236 0.0831
vn 0.4463 -0.8026 -0.3959
vn 0.5656 -0.8134 -0.1362
vn 0.2098 -0.5626 -0.7997
vn 0.1733 -0.4974 0.8500
vn 0.2279 -0.5533 0.8012
vn 0.1211 -0.2338 -0.9647
vn 0.3398 -0.6863 0.6431
vn 0.1811 -0.5749 0.7979
vn -0.3783 -0.7325 0.5659
vn 0.0040 -0.2011 0.9796
vn -0.2281 -0.4450 -0.8660
vn -0.4045 -0.6507 -0.6427
vn -0.0865 -0.1499 0.9849
vn 0.9105 -0.4136 0.0000
vn 0.9257 -0.3781 -0.0031
vn 0.9362 -0.3516 0.0000
vn 0.9479 -0.3179 -0.0198
vn 0.9381 -0.3464 -0.0095
vn 0.0004 0.0001 -1.0000
vn 0.3686 -0.7982 -0.4764
vn 0.1925 -0.4880 -0.8513
vn 0.4019 -0.8495 0.3417
vn 0.5201 -0.8541 0.0080
vn 0.3718 -0.7967 -0.4764
vn 0.2897 -0.7102 -0.6417
vn 0.4998 -0.8659 0.0196
vn 0.4893 -0.8284 -0.2727
vn -0.4749 -0.7244 -0.4996
vn 0.4463 -0.8026 0.3959
vn -0.3830 -0.6634 0.6429
vn -0.9004 -0.4349 0.0074
vn -0.7561 0.6378 0.1467
vn -0.8988 -0.4384 0.0053
vn -0.8351 0.5068 0.2139
vn 0.8994 -0.4371 0.0080
vn 0.5047 -0.8188 -0.2736
vn 0.5470 -0.8336 -0.0769
vn 0.7504 0.6455 -0.1423
vn 0.8351 0.5068 0.2139
vn 0.0000 -0.7661 -0.6427
vn 0.0000 -0.7659 0.6430
vn -0.4698 -0.8776 -0.0950
vn 0.4758 -0.8451 0.2435
vn 0.3806 -0.8592 -0.3418
vn 0.4296 -0.8734 0.2292
vn -0.4495 -0.8762 -0.1739
vn 0.3987 -0.8930 0.2086
vn -0.4913 -0.8013 0.3414
vn -0.3608 -0.6751 0.6434
vn -0.4494 -0.8763 -0.1735
vn 0.3806 -0.9247 0.0000
vn -0.4999 -0.8661 0.0000
vn -0.3830 -0.6635 0.6427
vn 0.4999 -0.8661 0.0000
vn -0.9063 -0.4226 0.0045
vn -0.4583 -0.8850 -0.0822
vn -0.9041 -0.4274 0.0036
vn -0.4922 -0.8621 -0.1205
vn 0.3055 0.9294 -0.2072
vn 0.1844 0.9733 0.1368
vn 0.4550 -0.8869 0.0799
vn 0.4913 -0.8626 -0.1207
vn -0.9159 -0.4013 0.0000
vn 0.8577 -0.5141 0.0000
vn 0.9161 -0.4009 0.0000
vn 0.0000 0.4971 0.8677
vn 0.8624 0.5062 0.0000
vn -0.7289 0.6846 0.0000
vn 0.6956 0.7185 0.0000
vn -0.6952 0.7187 0.0102
vn -0.9281 -0.3724 0.0000
vn -0.9837 0.0000 0.1800
vn 0.9837 0.0000 0.1800
vn 0.8681 0.4963 0.0000
vn 0.8715 0.4904 0.0003
vn 0.8715 0.4904 -0.0004
vn -0.8770 0.4805 -0.0088
vn -0.8721 0.4892 0.0074
vn -0.8724 0.4886 0.0114
vn 0.9189 0.3944 0.0000
vn 0.0002 0.0001 -1.0000
vn -0.0001 0.0002 -1.0000
vn 0.9189 0.3944 -0.0021
vn 0.9189 0.3944 0.0032
vn 0.0003 -0.7661 0.6427
vn 0.0000 -0.7661 -0.6428
vn 0.9837 0.0001 0.1800
vn 0.9838 0.0002 0.1794
vn 0.9837 0.0003 0.1800
vn 0.0000 -0.9397 -0.3421
vn 0.0000 -0.9397 0.3419
vn 0.8901 0.4549 -0.0292
vn 0.8877 0.4599 0.0202
vn 0.8970 0.4417 -0.0153
vn 0.9000 0.4354 0.0212
vn -0.8821 0.4711 -0.0047
vn 0.9092 0.4162 -0.0142
vn 0.9057 0.4239 0.0111
vn -0.8898 0.4563 0.0030
vn -0.8912 0.4537 0.0042
vn 0.7703 0.6377 0.0000
vn 0.8090 0.5878 0.0058
vn 0.9276 0.3736 0.0000
vn -0.8983 0.4394 -0.0023
vn -0.8982 0.4396 -0.0015
vn -0.7751 0.6319 0.0000
vn 0.9284 0.3715 0.0000
vn -0.9078 0.4194 0.0000
vn -0.9075 0.4201 0.0000
vn -0.9439 -0.3302 0.0000
vn -0.9558 -0.2940 -0.0043
vn -0.9650 -0.2619 -0.0136
vn -0.9639 -0.2661 -0.0114
vn -0.9618 -0.2736 0.0000
vn -0.6819 -0.1940 -0.7053
vn 0.9618 -0.2736 0.0000
vn 0.0004 0.0002 -1.0000
vn 0.6818 -0.1940 -0.7054
vn 0.6819 -0.1940 -0.7052
vn -0.6818 -0.1940 -0.7053
vn 0.0000 -0.9398 0.3417
vn 0.0002 -0.9399 0.3416
vn 0.0000 -0.9398 -0.3417
vn 0.0000 -0.9399 0.3416
vn 0.9837 -0.0003 0.1798
vn 0.9836 -0.0003 0.1802
vn 0.0000 0.7144 0.6998
vn -0.9541 0.2994 0.0000
vn -0.0001 0.0000 -1.0000
vn 0.0000 0.0004 -1.0000
vn -0.9837 0.0000 0.1796
vn 0.9836 0.0000 0.1802
vn 0.8441 0.5361 0.0000
vn -0.8764 0.4816 -0.0001
vn -0.8762 0.4819 0.0000
vn 0.0007 0.0000 -1.0000
vn 0.0006 0.0000 -1.0000
vn 0.9697 -0.2443 0.0000
vn 0.9839 -0.1785 0.0000
vn 0.9890 -0.1404 -0.0465
vn 0.9846 -0.1737 -0.0208
vn 0.9783 -0.2072 -0.0065
vn -0.0003 -0.0002 -1.0000
vn 0.9299 0.3679 0.0000
vn 0.0000 0.8778 0.4790
vn 0.9795 0.2013 0.0000
vn 0.0001 -0.0002 -1.0000
vn -0.9796 -0.2012 0.0000
vn -0.9836 0.0000 0.1804
vn 0.9837 0.0000 0.1796
vn 0.0000 0.9353 0.3538
vn -0.9685 0.2489 0.0000
vn -0.0012 0.0000 -1.0000
vn -0.0001 -0.0003 -1.0000
vn -0.9877 -0.1562 0.0000
vn -0.9930 -0.1174 -0.0100
vn -0.9963 -0.0795 -0.0331
vn -0.9957 -0.0895 -0.0229
vn -0.9957 -0.0924 0.0000
vn -0.7060 -0.0655 -0.7052
vn 0.9957 -0.0924 0.0000
vn -0.0002 -0.0002 -1.0000
vn 0.7059 -0.0654 -0.7053
vn 0.7056 -0.0654 -0.7056
vn 0.0001 0.0000 -1.0000
vn -0.7056 -0.0654 -0.7056
vn -0.9949 0.1012 0.0000
vn -0.9838 0.0000 0.1790
vn 0.9836 0.0000 0.1805
vn 0.7400 0.6627 0.1154
vn -0.7399 0.6627 0.1154
vn 0.9921 0.1254 0.0000
vn 0.0025 0.0000 -1.0000
vn 0.0001 -0.0003 -1.0000
vn -0.9836 0.0000 0.1802
vn 0.9977 -0.0674 0.0000
vn 0.9990 -0.0449 0.0000
vn 0.9996 -0.0243 -0.0147
vn 0.9987 0.0509 0.0000
vn 1.0000 0.0000 -0.0039
vn 1.0000 0.0000 0.0039
vn 0.7402 0.6624 0.1153
vn -0.9997 -0.0225 0.0000
vn 0.9839 0.0000 0.1790
vn -0.9949 -0.1012 0.0000
vn 0.9921 -0.1254 0.0000
vn 0.0001 0.0003 -1.0000
vn -0.9960 0.0895 0.0000
vn -0.9962 0.0324 -0.0810
vn 0.7056 0.0653 -0.7056
vn 0.9957 0.0923 0.0000
vn -0.0005 0.0002 -1.0000
vn -0.0003 0.0002 -1.0000
vn 0.7059 0.0655 -0.7052
vn 0.9987 -0.0509 0.0000
vn -0.9957 0.0923 0.0000
vn -0.7056 0.0654 -0.7056
vn 0.9997 0.0225 0.0000
vn 0.9990 0.0449 -0.0077
vn -0.7059 0.0654 -0.7053
vn -0.9963 0.0795 -0.0331
vn 0.9977 0.0674 0.0000
vn -0.9685 -0.2489 0.0000
vn -0.0003 0.0003 -1.0000
vn 0.9795 -0.2013 0.0000
vn 0.0001 0.0002 -1.0000
vn -0.9930 0.1175 -0.0100
vn 0.9937 0.1123 0.0000
vn 0.9838 0.1785 -0.0171
vn 0.9298 -0.3680 0.0000
vn -0.9877 0.1563 0.0000
vn 0.9846 0.1738 -0.0207
vn -0.9541 -0.2994 0.0000
vn -0.6816 0.1940 -0.7056
vn -0.6819 0.1940 -0.7052
vn 0.6818 0.1940 -0.7053
vn -0.9618 0.2736 0.0000
vn 0.9618 0.2736 0.0000
vn 0.0004 -0.0001 -1.0000
vn 0.0003 -0.0001 -1.0000
vn 0.6817 0.1939 -0.7055
vn -0.9639 0.2661 0.0000
vn -0.9722 0.2323 -0.0292
vn 0.9783 0.2072 -0.0065
vn -0.8764 -0.4816 0.0000
vn -0.8762 -0.4820 -0.0001
vn 0.0003 -0.0002 -1.0000
vn -0.9650 0.2619 -0.0136
vn 0.9697 0.2443 0.0000
vn 0.9190 -0.3943 0.0000
vn 0.8441 -0.5361 0.0000
vn -0.0000 -0.0004 -1.0000
vn 0.8090 -0.5878 0.0000
vn 0.7755 -0.6312 0.0109
vn -0.9559 0.2938 -0.0044
vn 0.9576 0.2880 0.0000
vn 0.9361 0.3515 -0.0076
vn -0.7753 -0.6315 -0.0000
vn -0.6952 -0.7187 0.0102
vn -0.7289 -0.6846 0.0000
vn 0.7700 0.0011 0.6381
vn -0.7781 -0.0063 0.6281
vn -0.9438 0.3305 0.0000
vn 0.9380 0.3466 -0.0095
vn -0.8744 -0.4852 0.0000
vn -0.6335 0.3156 -0.7065
vn -0.6344 0.3158 -0.7055
vn 0.6343 0.3159 -0.7056
vn -0.8952 0.4457 0.0000
vn 0.8952 0.4457 0.0000
vn 0.6342 0.3157 -0.7058
vn -0.9010 0.4338 0.0000
vn -0.9167 0.3992 -0.0143
vn 0.9257 0.3781 -0.0031
vn -0.6974 -0.0146 0.7166
vn -0.8330 0.0141 0.5531
vn 0.7026 -0.0143 0.7115
vn 0.6960 -0.7181 0.0000
vn 0.6374 -0.7705 0.0000
vn 0.6048 -0.7963 0.0094
vn 0.8208 -0.5713 0.0000
vn -0.9039 0.4277 -0.0069
vn 0.9105 0.4136 0.0000
vn 0.7591 0.0120 0.6509
vn 0.7588 0.0119 0.6512
vn 0.6015 -0.0018 0.7988
vn 0.6804 -0.0019 0.7328
vn 0.6817 -0.0017 0.7316
vn -0.7601 0.0205 0.6495
vn -0.7589 0.0199 0.6509
vn -0.6841 0.0005 0.7294
vn -0.6829 0.0003 0.7305
vn -0.6334 -0.0028 0.7738
vn -0.5523 0.0022 0.8337
vn -0.5533 -0.8330 0.0000
vn -0.5358 -0.8443 0.0041
vn -0.8885 0.4589 -0.0022
vn 0.8910 0.4539 0.0000
vn 0.8585 0.5128 -0.0039
vn 0.5056 -0.0142 0.8626
vn 0.6332 0.0085 0.7740
vn 0.5002 -0.8659 0.0000
vn 0.4258 -0.9048 0.0000
vn 0.3908 -0.9204 0.0096
vn -0.7588 -0.6513 0.0000
vn 0.3883 -0.0016 0.9215
vn 0.4946 -0.0016 0.8691
vn 0.5883 0.0155 0.8085
vn -0.5667 0.0074 0.8239
vn -0.4965 -0.0015 0.8680
vn -0.4456 -0.0015 0.8952
vn -0.4449 -0.8956 0.0000
vn -0.8700 0.4930 0.0000
vn 0.8628 0.5055 -0.0053
vn -0.4416 -0.0018 0.8972
vn -0.3764 -0.0016 0.9265
vn -0.3317 0.0069 0.9433
vn -0.3336 -0.9427 0.0000
vn 0.0002 -0.0001 -1.0000
vn -0.3090 -0.9510 0.0053
vn -0.5653 0.4267 -0.7060
vn -0.5649 0.4265 -0.7064
vn 0.5653 0.4268 -0.7059
vn -0.7980 0.6026 0.0000
vn 0.7980 0.6026 0.0000
vn -0.0010 -0.0005 -1.0000
vn 0.5657 0.4272 -0.7054
vn 0.3905 0.0037 0.9206
vn 0.2744 -0.0026 0.9616
vn 0.4415 0.0160 0.8971
vn 0.2737 -0.9618 0.0000
vn 0.0003 0.0000 -1.0000
vn 0.1876 -0.9822 0.0000
vn 0.1531 -0.9882 0.0093
vn 0.1505 0.0049 0.9886
vn 0.1763 -0.0010 0.9843
vn 0.2829 -0.0010 0.9591
vn -0.2836 -0.0010 0.9589
vn -0.2128 -0.0010 0.9771
vn -0.2140 -0.9768 0.0000
vn -0.8089 0.5880 0.0000
vn -0.7957 0.6050 -0.0297
vn 0.8437 0.5368 -0.0017
vn -0.1765 -0.0044 0.9843
vn -0.0937 0.0071 0.9956
vn -0.0629 -0.9980 0.0000
vn -0.0947 -0.9955 0.0083
vn 0.6891 -0.7247 0.0000
vn 0.0317 0.0000 0.9995
vn 0.0579 -0.0029 0.9983
vn 0.0306 -0.9995 0.0000
vn 0.0000 -0.0002 -1.0000
vn -0.0578 0.0000 0.9983
vn 0.8224 0.5689 0.0000
vn -0.7949 0.6066 -0.0126
vn 0.7494 0.6390 0.1736
vn -0.7494 0.6383 0.1760
vn 0.7391 0.6554 0.1553
vn 0.7360 0.6527 0.1797
vn -0.7256 0.6749 0.1345
vn -0.7403 0.6472 0.1819
vn -0.6121 -0.7908 0.0000
vn -0.7392 0.6490 0.1800
vn 0.7382 0.6245 0.2551
vn -0.7393 0.6489 0.1801
vn -0.7280 0.6363 0.2551
vn 0.7889 0.6144 -0.0087
vn 0.7804 0.6253 0.0000
vn 0.7306 0.6828 -0.0070
vn 0.7531 0.6580 0.0000
vn -0.0001 0.9355 0.3534
vn 0.0001 0.9354 0.3537
vn -0.0002 0.9352 0.3540
vn 0.0002 0.9356 0.3531
vn -0.7290 0.6342 0.2575
vn 0.7227 0.6490 0.2378
vn -0.7291 0.6343 0.2570
vn -0.7108 0.6251 0.3225
vn 0.7221 0.6044 0.3365
vn -0.4771 0.5235 -0.7059
vn -0.4772 0.5234 -0.7059
vn 0.4775 0.5238 -0.7054
vn 0.7126 0.6285 0.3117
vn -0.7122 0.6180 0.3329
vn 0.7053 0.6212 0.3415
vn -0.6737 0.7390 0.0000
vn 0.6737 0.7390 0.0000
vn -0.0005 -0.0006 -1.0000
vn -0.0004 -0.0005 -1.0000
vn 0.5290 -0.8486 0.0000
vn -0.6804 0.6178 0.3942
vn -0.7121 0.6180 0.3332
vn 0.7046 0.6028 0.3745
vn 0.6744 0.6102 0.4156
vn 0.0003 0.9350 0.3545
vn 0.0000 0.9353 0.3539
vn -0.0000 0.9355 0.3532
vn -0.6835 0.6076 0.4046
vn -0.7231 0.6908 0.0000
vn 0.0001 0.9351 0.3544
vn -0.0001 0.9353 0.3539
vn -0.6912 0.7226 -0.0047
vn -0.6726 0.5660 0.4767
vn 0.6610 0.5743 0.4830
vn -0.0001 0.9351 0.3543
vn -0.0000 0.9353 0.3537
vn 0.6544 0.6056 0.4528
vn -0.6341 0.6550 0.4110
vn 0.6426 0.5938 0.4841
vn -0.6488 0.5969 0.4721
vn -0.4405 -0.8977 0.0000
vn -0.6085 0.5765 0.5453
vn -0.6484 0.5958 0.4738
vn -0.0003 0.9354 0.3535
vn 0.6390 0.5770 0.5086
vn 0.5958 0.5863 0.5488
vn 0.0002 0.9354 0.3536
vn -0.0003 0.9354 0.3536
vn 0.5969 0.5867 0.5473
vn -0.6052 0.5807 0.5445
vn -0.6102 0.5842 0.5350
vn -0.5612 0.5647 0.6051
vn -0.6071 0.5861 0.5365
vn 0.5850 0.5683 0.5787
vn 0.5490 0.5756 0.6060
vn -0.0000 0.9351 0.3544
vn 0.0002 0.9354 0.3537
vn 0.3473 -0.9378 0.0000
vn -0.5647 0.5736 0.5934
vn 0.5486 0.5756 0.6064
vn -0.0001 0.9355 0.3533
vn -0.5640 0.5731 0.5946
vn -0.5534 0.5740 0.6035
vn -0.6580 0.7530 0.0000
vn 0.0002 0.9353 0.3540
vn 0.6580 0.7530 0.0000
vn -0.0003 0.9350 0.3548
vn 0.6235 0.7818 0.0000
vn 0.5997 0.8002 -0.0096
vn -0.5075 0.5527 0.6610
vn 0.5347 0.5586 0.6341
vn 0.4950 0.5671 0.6583
vn -0.3732 0.6027 -0.7053
vn -0.3729 0.6023 -0.7058
vn 0.3731 0.6026 -0.7055
vn 0.4949 0.5670 0.6585
vn -0.5037 0.5591 0.6585
vn -0.5143 0.5640 0.6461
vn -0.0010 0.9356 0.3531
vn -0.5263 0.8503 0.0000
vn 0.5263 0.8503 0.0000
vn -0.0007 -0.0006 -1.0000
vn 0.3732 0.6028 -0.7053
vn -0.2505 -0.9681 0.0000
vn -0.4505 0.5436 0.7082
vn -0.5088 0.5699 0.6453
vn 0.4799 0.5503 0.6833
vn 0.4446 0.5499 0.7071
vn 0.0003 0.9350 0.3548
vn -0.4458 0.5493 0.7068
vn -0.4592 0.5542 0.6942
vn 0.4438 0.5495 0.7079
vn 0.0002 0.9352 0.3540
vn 0.4356 0.5412 0.7193
vn 0.4082 0.5514 0.7275
vn -0.4059 0.5528 0.7277
vn -0.4560 0.5598 0.6919
vn -0.0003 0.9355 0.3533
vn -0.3690 0.5369 0.7587
vn -0.3987 0.5460 0.7368
vn 0.3765 0.5518 0.7442
vn 0.1514 -0.9885 -0.0027
vn 0.1588 -0.9873 0.0000
vn 0.1514 -0.9885 -0.0018
vn 0.1514 -0.9885 0.0000
vn 0.0986 -0.9950 0.0144
vn 0.1085 -0.9939 0.0180
vn -0.0002 0.9353 0.3539
vn 0.0006 0.9352 0.3542
vn 0.0002 0.9353 0.3539
vn -0.0001 0.9352 0.3541
vn -0.3836 0.5733 0.7240
vn 0.3571 0.5354 0.7654
vn -0.5877 0.8091 0.0000
vn -0.5507 0.8347 -0.0072
vn -0.3193 0.5350 0.7821
vn -0.3386 0.5396 0.7708
vn 0.3582 0.5354 0.7649
vn 0.3124 0.5457 0.7775
vn -0.0009 0.9355 0.3534
vn -0.0386 -0.9992 -0.0131
vn -0.0507 -0.9987 -0.0094
vn -0.1069 -0.9943 0.0000
vn -0.0801 -0.9968 -0.0044
vn -0.0545 -0.9985 -0.0062
vn -0.0507 -0.9987 -0.0044
vn -0.0130 -0.9998 -0.0129
vn -0.0545 -0.9985 0.0062
vn -0.0507 -0.9987 0.0068
vn -0.0457 -0.9989 0.0110
vn -0.0507 -0.9987 0.0094
vn 0.2894 0.5345 0.7941
vn 0.2832 0.5353 0.7958
vn -0.2791 0.5381 0.7953
vn -0.3327 0.5485 0.7671
vn 0.0004 0.9351 0.3544
vn -0.2351 0.5440 0.8055
vn -0.2718 0.5335 0.8009
vn -0.2719 0.5336 0.8009
vn 0.2884 0.5362 0.7933
vn 0.2458 0.5410 0.8043
vn -0.9836 0.0488 -0.1738
vn -0.9396 -0.0249 0.3413
vn -0.9997 0.0247 0.0000
vn 0.0589 -0.9983 0.0000
vn 0.9402 0.0000 -0.3406
vn 0.9396 0.0000 0.3424
vn 0.9403 -0.0007 0.3402
vn 0.9403 0.0000 0.3402
vn -0.7658 0.0000 0.6430
vn -0.8651 -0.0490 0.4993
vn -0.9395 -0.0248 -0.3417
vn -0.7651 0.0250 -0.6434
vn 0.9922 0.0667 0.1058
vn 0.0195 -0.9998 0.0000
vn 0.0309 -0.9995 0.0000
vn -0.0111 -0.9999 0.0023
vn 0.9394 -0.0006 -0.3428
vn 0.8649 -0.0490 -0.4996
vn -0.8649 -0.0492 -0.4996
vn -0.4994 0.0249 -0.8660
vn -0.6406 0.0491 0.7663
vn 0.3455 0.0500 -0.9371
vn 0.5007 0.0015 -0.8656
vn 0.5050 0.0014 0.8631
vn 0.5043 0.0257 -0.8631
vn 0.2249 0.0672 0.9721
vn 0.3448 0.0505 0.9373
vn -0.4992 0.0000 0.8665
vn 0.8032 0.1147 0.5846
vn -0.2956 0.0355 0.9546
vn -0.1742 0.0000 0.9847
vn -0.1745 -0.0725 -0.9820
vn 0.1732 0.0000 0.9849
vn -0.1742 -0.0252 -0.9844
vn -0.5000 -0.0249 -0.8657
vn 0.1738 0.0722 -0.9821
vn 0.0004 0.9354 0.3535
vn -0.0006 0.9356 0.3530
vn -0.2050 0.5284 0.8239
vn 0.2230 0.5257 0.8209
vn -0.1807 0.5250 0.8317
vn 0.2234 0.5257 0.8208
vn 0.1767 0.5376 0.8245
vn -0.1996 0.5427 0.8159
vn 0.1516 0.5249 0.8376
vn -0.0001 0.9353 0.3538
vn -0.0003 0.9353 0.3537
vn 0.0003 0.9353 0.3537
vn -0.1348 0.5263 0.8395
vn 0.1522 0.5248 0.8375
vn 0.1091 0.5394 0.8350
vn -0.1093 0.5386 0.8355
vn -0.1334 0.5264 0.8397
vn 0.0811 0.5227 0.8487
vn -0.0638 0.5220 0.8506
vn 0.0812 0.5227 0.8486
vn 0.0360 0.5343 0.8445
vn -0.0360 0.5339 0.8448
vn -0.0628 0.5220 0.8507
vn 0.0093 0.5200 0.8541
vn 0.0082 0.5200 0.8541
vn -0.2560 0.6609 -0.7054
vn -0.2561 0.6611 -0.7053
vn 0.2561 0.6611 -0.7053
vn 0.0014 0.9350 0.3546
vn -0.0001 0.9354 0.3535
vn -0.0004 0.9352 0.3541
vn -0.5126 0.8586 0.0000
vn 0.5126 0.8586 0.0000
vn 0.4737 0.8807 0.0000
vn 0.4490 0.8934 -0.0147
vn -0.0004 0.9356 0.3531
vn -0.3613 0.9325 0.0000
vn 0.3614 0.9324 0.0000
vn -0.0003 -0.0007 -1.0000
vn 0.2560 0.6606 -0.7057
vn 0.0001 0.9353 0.3539
vn 0.0001 0.9353 0.3538
vn -0.0002 0.9353 0.3538
vn 0.0011 0.9355 0.3533
vn -0.0005 0.9352 0.3540
vn -0.0003 0.9354 0.3537
vn 0.0003 0.9353 0.3539
vn 0.0002 0.9353 0.3537
vn -0.0003 0.9353 0.3539
vn -0.0006 0.9352 0.3540
vn -0.0007 0.9353 0.3538
vn 0.0008 0.9353 0.3539
vn 0.0003 0.9353 0.3538
vn 0.0013 0.9353 0.3537
vn -0.0004 0.9353 0.3539
vn -0.1301 0.6965 -0.7057
vn -0.1302 0.6966 -0.7056
vn 0.1302 0.6965 -0.7057
vn -0.4339 0.9010 0.0000
vn -0.3930 0.9195 -0.0119
vn -0.1837 0.9830 0.0000
vn 0.0002 0.0002 -1.0000
vn 0.1837 0.9830 0.0000
vn -0.0001 -0.0006 -1.0000
vn 0.0000 0.7085 -0.7057
vn -0.3514 0.9362 0.0000
vn 0.3515 0.9362 0.0000
vn 0.3092 0.9510 0.0000
vn 0.2832 0.9587 -0.0253
vn 0.5742 0.7915 -0.2095
vn 0.5740 0.7917 0.2092
vn 0.4563 0.8465 -0.2744
vn 0.4733 0.8374 -0.2734
vn 0.4559 0.8468 0.2741
vn 0.3112 0.7832 -0.5382
vn 0.0769 0.8825 0.4639
vn 0.1090 0.7804 -0.6157
vn 0.1082 0.7808 0.6153
vn -0.1089 0.7804 -0.6157
vn -0.3109 0.7834 -0.5381
vn -0.3100 0.7838 0.5381
vn -0.4735 0.8336 -0.2843
vn -0.4655 0.8432 -0.2689
vn -0.4732 0.8375 0.2731
vn -0.4540 0.8478 0.2743
vn -0.5739 0.7919 -0.2087
vn -0.5738 0.7921 0.2084
vn 0.0000 0.9999 0.0111
vn -0.4675 0.8760 -0.1186
vn 0.4716 0.8783 0.0784
vn -0.7336 0.6717 -0.1027
vn 0.4693 0.8823 0.0365
vn -0.8922 -0.4472 -0.0628
vn 0.2462 0.9692 0.0000
vn 0.0001 -0.0006 -1.0000
vn -0.0002 -0.0009 -1.0000
vn 0.4752 0.8795 -0.0246
vn -0.8762 -0.4802 0.0413
vn -0.5091 0.8591 0.0528
vn -0.0000 0.9999 -0.0146
vn -0.0000 1.0000 -0.0072
vn -0.0124 0.9999 -0.0053
vn 0.5561 0.8274 0.0781
vn -0.5883 0.8055 -0.0711
vn 0.4427 0.8961 0.0318
vn -0.0612 0.9981 0.0007
vn -0.8750 -0.4825 -0.0398
vn -0.8949 -0.4413 0.0665
vn -0.0620 0.9981 -0.0011
vn 0.4389 0.8970 -0.0528
vn -0.5521 0.8259 0.1140
vn 0.5786 0.8036 -0.1392
vn 0.0000 0.9997 0.0248
vn 0.0616 0.9981 0.0011
vn -0.4394 0.8969 0.0500
vn 0.5570 0.8234 -0.1084
vn -0.2459 0.9693 0.0000
vn 0.8909 -0.4499 -0.0628
vn 0.3981 0.9157 0.0555
vn -0.4425 0.8962 -0.0329
vn 0.0610 0.9981 -0.0007
vn 0.8748 -0.4828 0.0412
vn -0.4756 0.8793 0.0237
vn 0.7716 0.6325 -0.0677
vn -0.4676 0.8826 0.0485
vn 0.8736 -0.4851 -0.0398
vn -0.4715 0.8779 -0.0832
vn 0.7276 0.6775 0.1080
vn -0.4683 0.8828 -0.0384
vn 0.8935 -0.4440 0.0664
vn -0.2664 0.9639 0.0000
vn -0.2225 0.9747 -0.0211
vn -0.1783 0.9840 0.0000
vn 0.1783 0.9840 0.0000
vn 0.1342 0.9910 0.0000
vn 0.1008 0.9938 -0.0467
vn -0.0899 0.9960 0.0000
vn -0.0449 0.9985 -0.0314
vn 0.4121 -0.9002 0.1407
vn -0.7727 -0.4609 -0.4365
vn 0.4304 -0.8693 0.2431
vn -0.3088 -0.8964 -0.3180
vn 0.4185 -0.9058 0.0659
vn -0.8015 -0.5635 -0.2003
vn 0.5015 -0.8560 0.1253
vn 0.0000 -0.9994 -0.0335
vn 0.4289 -0.8995 -0.0837
vn -0.9682 0.1639 0.1889
vn 0.4575 -0.8869 -0.0640
vn -0.5457 -0.8203 0.1714
vn 0.1910 -0.9816 0.0062
vn -0.7121 0.6930 -0.1121
vn -0.2681 -0.9566 0.1144
vn 0.2864 -0.9565 -0.0559
vn 0.4681 -0.8812 -0.0664
vn 0.4273 -0.9026 0.0526
vn -0.5884 -0.7964 -0.1398
vn 0.4732 -0.8803 0.0355
vn -0.9464 0.3013 -0.1165
vn 0.4273 -0.9026 -0.0526
vn -0.9916 -0.0438 0.1220
vn -0.5884 -0.7964 0.1398
vn 0.4574 -0.8870 0.0640
vn -0.5281 -0.8389 -0.1319
vn -0.5282 -0.8388 0.1319
vn 0.5015 -0.8560 -0.1253
vn 0.1835 -0.9830 -0.0071
vn -0.6738 0.7365 -0.0599
vn 0.4250 -0.9044 0.0378
vn -0.8686 -0.4716 -0.1520
vn 0.4888 -0.8682 0.0855
vn -0.9464 0.3014 0.1165
vn 0.4732 -0.8802 -0.0355
vn -0.6684 -0.6926 0.2712
vn 0.4101 -0.9066 -0.0996
vn -0.7583 0.6253 0.1842
vn -0.3675 -0.9016 0.2280
vn 0.5266 -0.8229 -0.2136
vn -0.6056 0.1119 0.7879
vn -0.6043 0.1118 -0.7889
vn -0.9996 -0.0287 0.0000
vn -0.9059 0.1319 -0.4023
vn -0.8142 0.0000 -0.5806
vn -0.9923 0.0942 0.0801
vn -0.9943 0.1064 0.0000
vn -0.6056 0.1119 0.7878
vn -0.6199 0.1666 -0.7668
vn -0.9832 -0.0568 -0.1736
vn -0.5670 0.0000 0.8237
vn -0.6200 0.1666 -0.7667
vn -0.9397 0.0000 -0.3420
vn -0.8453 0.1665 -0.5078
vn -0.8135 0.0000 0.5815
vn -0.9703 0.1118 -0.2146
vn -0.9700 0.1271 0.2071
vn -0.9587 0.1081 0.2630
vn -0.2502 0.0000 0.9682
vn -0.9703 0.1118 0.2146
vn -0.2503 0.0000 0.9682
vn -0.9577 0.1177 0.2628
vn -0.9597 0.0941 -0.2646
vn -0.9345 0.1062 0.3397
vn -0.9597 0.0941 0.2646
vn -0.9638 0.0000 0.2668
vn -0.9832 -0.0569 0.1736
vn -0.2989 0.1117 0.9477
vn -0.3210 0.1662 -0.9324
vn -0.7655 0.0000 -0.6435
vn 0.1672 -0.1543 0.9738
vn 0.0184 0.1666 -0.9858
vn -0.0668 0.1427 -0.9875
vn -0.7612 0.1062 0.6397
vn -0.9969 0.0000 0.0788
vn -0.6416 -0.0568 -0.7649
vn -0.9484 0.1811 -0.2602
vn -0.9397 0.2753 0.2030
vn -0.0669 0.1427 -0.9875
vn -0.9577 0.1177 -0.2627
vn 0.0378 0.1266 0.9912
vn -0.4996 -0.0286 -0.8658
vn -0.4998 0.0000 -0.8661
vn -0.9852 0.1117 0.1301
vn -0.9969 0.0000 -0.0788
vn -0.6406 0.0792 0.7638
vn -0.9104 0.0000 0.4138
vn -0.9104 0.0000 -0.4138
vn 0.4307 0.0000 0.9025
vn -0.1037 0.1320 -0.9858
vn -0.0674 0.0464 0.9966
vn 0.3802 0.1118 0.9181
vn -0.9103 0.0000 -0.4138
vn -0.6121 0.3038 0.7301
vn -0.8145 0.2751 0.5108
vn 0.3803 0.1118 -0.9181
vn -0.4996 -0.0286 0.8658
vn -0.9898 0.1176 0.0804
vn 0.3729 0.1270 0.9192
vn 0.3532 0.1665 -0.9206
vn -0.1743 0.0000 -0.9847
vn 0.1740 0.0000 0.9847
vn 0.1729 0.0000 -0.9849
vn -0.6480 0.1665 0.7432
vn -0.6233 -0.7748 0.1053
vn -0.2798 0.0000 -0.9601
vn 0.1728 0.1244 -0.9771
vn -0.2386 0.1320 0.9621
vn -0.3142 -0.9479 0.0531
vn -0.3353 0.2008 0.9205
vn 0.1708 0.1919 0.9664
vn -0.2797 0.0000 -0.9601
vn 0.1727 0.1244 -0.9771
vn 0.1741 0.0000 -0.9847
vn 0.1742 0.0000 -0.9847
vn 0.2741 0.1599 0.9483
vn -0.7142 0.0000 0.6999
vn -0.7143 0.0000 -0.6998
vn 0.1741 0.0000 0.9847
vn 0.0000 -0.0570 0.9984
vn 0.4991 0.0287 0.8661
vn 0.0000 0.2535 0.9673
vn 0.9096 0.0000 0.4155
vn 0.6292 -0.7700 -0.1063
vn 0.5107 -0.8374 0.1949
vn 0.8134 0.2753 -0.5123
vn -0.4274 0.0000 -0.9040
vn 0.7661 0.0000 0.6427
vn 0.7666 0.0000 -0.6421
vn 0.8737 -0.4634 0.1478
vn 0.9739 0.1661 -0.1547
vn 0.7661 0.0000 -0.6427
vn -0.2747 0.1429 0.9509
vn 0.9824 0.1270 0.1370
vn 0.8737 -0.4635 -0.1478
vn 0.9240 -0.3691 0.0995
vn 0.9969 0.0000 -0.0786
vn 0.3347 0.2010 0.9206
vn 0.9242 -0.3687 -0.0995
vn 0.9397 0.2753 -0.2030
vn -0.0939 0.0000 -0.9956
vn 0.9969 0.0000 0.0788
vn 0.7454 0.2309 -0.6253
vn -0.4205 0.1812 0.8890
vn 0.4665 0.3080 0.8292
vn -0.3107 -0.9505 0.0085
vn -0.3429 -0.9379 -0.0525
vn 0.5796 0.2972 -0.7588
vn 0.6121 0.3038 -0.7301
vn -0.0907 0.2602 0.9613
vn -0.0932 0.1174 0.9887
vn 0.9223 0.1920 0.3353
vn -0.3654 -0.9305 -0.0256
vn 0.7087 0.0938 -0.6993
vn 0.9585 0.1597 0.2362
vn 0.2508 0.0000 0.9680
vn -0.4262 -0.9039 0.0357
vn -0.4315 -0.9020 -0.0118
vn 0.2508 0.0000 -0.9680
vn 0.7623 0.1062 -0.6384
vn 0.6121 0.3037 0.7302
vn 0.3632 0.2752 0.8901
vn -0.4315 -0.9020 0.0118
vn -0.4262 -0.9039 -0.0357
vn 0.2510 0.0000 -0.9680
vn 0.9481 0.1807 0.2615
vn -0.0924 0.1808 0.9792
vn 0.9640 0.0000 0.2659
vn 0.6214 0.2537 0.7413
vn 0.9631 0.0422 0.2657
vn 0.9640 0.0000 -0.2659
vn 0.9729 0.2311 0.0000
vn 0.5677 0.0000 -0.8233
vn 0.9615 -0.0716 -0.2652
vn 0.5638 0.1174 -0.8176
vn 0.8152 0.0000 -0.5792
vn 0.6723 0.7381 -0.0563
vn 0.6412 0.7672 0.0176
vn 0.8505 0.2753 0.4482
vn 0.5676 0.0000 -0.8233
vn 0.8486 0.2010 0.4893
vn 0.8414 0.1274 -0.5252
vn 0.6412 0.7672 -0.0176
vn 0.6722 0.7382 0.0563
vn 0.8505 0.2754 0.4482
vn 0.9814 0.1922 0.0000
vn 0.9560 0.2518 -0.1503
vn 0.5671 0.0424 -0.8225
vn 0.5686 0.0000 0.8226
vn 0.5646 0.1176 0.8169
vn 0.5591 0.1811 0.8091
vn -0.3162 -0.9486 0.0084
vn 0.9382 0.3038 0.1660
vn -0.3162 -0.9486 -0.0084
vn 0.9524 0.2538 0.1686
vn 0.5687 0.0000 0.8226
vn -0.3403 -0.9357 -0.0928
vn -0.3417 -0.9397 -0.0109
vn 0.0000 -0.9997 0.0240
vn -0.7071 -0.7071 0.0000
vn 0.9885 -0.1513 0.0000
vn 0.9999 -0.0138 0.0025
vn -0.0002 0.0000 1.0000
vn 0.5787 0.8155 -0.0004
vn -0.5772 0.8166 0.0000
vn -0.7161 0.6980 0.0018
vn 0.6208 0.7840 -0.0007
vn -0.6208 -0.7840 -0.0015
vn 0.5277 -0.8495 0.0006
vn 0.5851 -0.8110 -0.0001
vn -0.4850 -0.8745 -0.0007
vn -0.5693 0.0000 0.8221
vn -0.7265 0.4541 -0.5157
vn -0.8150 0.0000 0.5795
vn -0.8388 0.5242 -0.1472
vn -0.8655 0.0000 0.5008
vn -0.8655 0.0000 -0.5008
vn -0.8388 0.5242 0.1470
vn -0.8591 0.4543 -0.2357
vn -0.2253 0.4538 -0.8622
vn -0.8655 0.0000 -0.5009
vn -0.2528 0.0000 0.9675
vn -0.2252 0.4538 -0.8622
vn -0.8656 0.0000 -0.5008
vn -0.2527 0.0000 0.9675
vn -0.6424 0.0000 0.7663
vn -0.6434 0.0000 -0.7655
vn -0.6435 0.0000 -0.7655
vn -0.6424 0.0000 0.7664
vn -0.9967 0.0000 -0.0810
vn -0.5471 0.5239 -0.6528
vn -0.7371 0.5241 0.4266
vn -0.8880 0.4541 0.0722
vn -0.9967 0.0000 -0.0809
vn -0.5480 0.5240 -0.6520
vn 0.0837 0.4540 -0.8871
vn -0.6424 0.0000 -0.7663
vn -0.3423 0.0000 0.9396
vn -0.3423 0.0000 -0.9396
vn -0.3422 0.0000 0.9396
vn -0.3422 0.0000 -0.9396
vn 0.3814 0.4538 -0.8053
vn -0.3408 0.0000 -0.9402
vn -0.9092 0.0000 -0.4163
vn -0.2915 0.5242 -0.8002
vn -0.7114 0.0000 -0.7028
vn 0.0000 0.5239 -0.8518
vn -0.3424 0.0000 0.9395
vn 0.7114 0.0000 0.7028
vn 0.6338 0.4540 -0.6262
vn 0.3418 0.0000 0.9398
vn 0.3418 0.0000 -0.9398
vn 0.3417 0.0000 -0.9398
vn 0.3417 0.0000 0.9398
vn 0.3402 0.0000 -0.9404
vn 0.0000 0.5238 0.8518
vn -0.3809 0.4539 0.8055
vn -0.4275 0.0000 -0.9040
vn 0.2912 0.5239 -0.8004
vn 0.6424 0.0000 0.7664
vn 0.6434 0.0000 -0.7655
vn 0.6424 0.0000 0.7663
vn 0.6435 0.0000 -0.7655
vn 0.6424 0.0000 -0.7663
vn 0.6424 0.0000 -0.7664
vn 0.8663 0.0000 0.4995
vn 0.8663 0.0000 -0.4995
vn 0.8663 0.0000 -0.4996
vn 0.8663 0.0000 0.4996
vn -0.9934 -0.1144 0.0022
vn -0.9967 -0.0808 0.0025
vn 0.9998 0.0206 -0.0017
vn 0.9760 0.2179 0.0000
vn -0.2290 0.9734 -0.0018
vn -0.4509 -0.8925 0.0098
vn -0.7071 0.7071 0.0000
vn -0.3284 0.9445 -0.0099
vn -0.3560 0.9345 0.0000
vn -0.1574 -0.9875 0.0000
vn 0.1574 -0.9875 0.0000
vn 0.2392 -0.9705 -0.0307
vn 0.1319 -0.9913 0.0000
vn 0.1574 -0.9875 0.0024
vn 0.2961 -0.9539 -0.0494
vn -0.2102 -0.9774 -0.0221
vn -0.2818 -0.9585 -0.0439
vn -0.1574 -0.9875 0.0024
vn -0.0120 -0.9999 0.0000
vn -0.1320 -0.9912 -0.0006
vn 0.0311 -0.9995 -0.0062
vn 0.0179 -0.9998 -0.0011
vn 0.0600 -0.9910 -0.1201
vn 0.0459 -0.9986 -0.0251
vn 0.0604 -0.9982 -0.0066
vn -0.1574 -0.9875 0.0120
vn -0.1574 -0.9875 -0.0011
vn 0.0111 -0.9999 0.0002
vn -0.1461 -0.9892 0.0101
vn -0.1025 -0.9947 0.0048
vn -0.0652 -0.9979 0.0019
vn -0.0407 -0.9992 0.0007
vn -0.0229 -0.9997 0.0002
vn 0.0405 -0.9992 0.0008
vn 0.0655 -0.9978 0.0016
vn 0.1029 -0.9947 0.0034
vn -0.0063 -1.0000 -0.0041
vn 0.0220 -0.9998 0.0004
vn -0.0055 -1.0000 0.0001
vn -0.0056 -1.0000 0.0000
vn 0.1574 -0.9875 -0.0001
vn -0.1574 -0.9875 0.0125
vn -0.0130 -0.9999 -0.0001
vn 0.1736 0.0000 0.9848
vn 0.1734 -0.0040 0.9848
vn 0.1736 0.0053 0.9848
vn 0.1735 0.0000 0.9848
vn 0.1737 0.0000 0.9848
vn 0.1461 -0.9893 0.0047
vn 0.0359 -0.9994 -0.0014
vn 0.5215 -0.8526 -0.0336
vn 0.0078 -0.9999 0.0128
vn 0.0171 -0.9999 -0.0004
vn -0.1735 0.0000 -0.9848
vn -0.1736 0.0000 -0.9848
vn 0.2707 -0.9626 -0.0116
vn 0.0337 -0.9994 -0.0006
vn 0.0169 -0.9999 0.0000
vn 0.1737 0.0000 -0.9848
vn 0.0259 -0.9997 -0.0003
vn 0.2282 -0.9736 -0.0092
vn 0.0055 -1.0000 0.0001
vn -0.0055 -1.0000 -0.0001
vn 0.1735 -0.0153 -0.9847
vn -0.1736 0.0000 0.9848
vn 0.2240 -0.9745 -0.0138
vn 0.0105 -0.9996 0.0280
vn -0.1736 0.0053 -0.9848
vn 0.0347 -0.9994 -0.0010
vn 0.1862 -0.9825 -0.0095
vn -0.1736 -0.0027 -0.9848
vn -0.1736 0.0153 -0.9847
vn 0.0147 -0.9999 -0.0001
vn 0.1736 -0.0027 -0.9848
vn 0.4991 -0.0053 0.8665
vn -0.0170 -0.9999 0.0002
vn -0.0280 -0.9996 -0.0003
vn 0.4990 0.0000 -0.8666
vn -0.0256 -0.9997 0.0000
vn 0.0256 0.9997 0.0000
vn -0.2106 -0.9776 -0.0045
vn 0.3413 -0.0104 0.9399
vn -0.0168 -0.9999 0.0001
vn -0.0324 -0.9995 -0.0001
vn -0.2043 -0.9789 -0.0050
vn 0.4990 0.0000 0.8666
vn 0.4991 0.0000 0.8665
vn -0.0309 -0.9992 0.0243
vn -0.2054 -0.9786 -0.0086
vn 0.4989 -0.0153 -0.8666
vn 0.3412 -0.0104 0.9399
vn -0.0347 -0.9994 -0.0010
vn -0.0147 -0.9999 -0.0001
vn -0.0132 -0.9999 0.0002
vn 0.4069 0.0062 -0.9134
vn 0.4217 0.0079 0.9067
vn 0.4069 0.0084 -0.9134
vn 0.2804 -0.9597 0.0178
vn 0.0245 -0.9996 -0.0133
vn 0.1901 -0.9817 0.0082
vn 0.2336 -0.9723 0.0125
vn -0.1736 -0.0053 0.9848
vn -0.4991 0.0053 0.8665
vn -0.4990 0.0000 0.8666
vn 0.0249 -0.9996 0.0140
vn -0.4988 -0.0154 -0.8666
vn -0.6425 0.0000 -0.7663
vn 0.0271 -0.9995 0.0178
vn -0.4991 0.0053 -0.8665
vn -0.1735 0.0000 0.9848
vn -0.6425 -0.0105 -0.7662
vn -0.4991 0.0000 0.8665
vn 0.0312 -0.9987 0.0408
vn -0.4069 0.0084 -0.9134
vn -0.4215 0.0053 0.9068
vn 0.0587 -0.9930 0.1027
vn -0.4068 0.0000 -0.9135
vn -0.4991 0.0076 -0.8665
vn 0.4991 0.0000 -0.8666
vn -0.0972 0.0000 0.9953
vn 0.3412 -0.0104 -0.9399
vn 0.7657 0.0054 0.6432
vn -0.0442 -0.9989 0.0157
vn 0.4991 -0.0053 -0.8665
vn 0.7657 0.0054 -0.6431
vn 0.3412 0.0000 -0.9400
vn -0.1772 -0.9842 -0.0019
vn 0.4992 0.0000 -0.8665
vn 0.9848 0.0000 -0.1739
vn 0.9848 0.0000 0.1737
vn -0.1443 -0.9895 0.0002
vn -0.1429 -0.9897 0.0000
vn 0.4479 -0.8902 -0.0828
vn -0.9848 0.0000 0.1737
vn -0.9848 0.0000 -0.1739
vn 0.0380 -0.9992 0.0104
vn -0.7657 0.0000 -0.6432
vn -0.4991 0.0000 0.8666
vn -0.8657 -0.0105 -0.5004
vn -0.7657 0.0000 0.6432
vn 0.0504 -0.9985 0.0209
vn -0.7656 0.0000 -0.6433
vn -0.6425 -0.0105 0.7662
vn -0.7657 -0.0054 -0.6432
vn 0.1316 -0.9906 0.0363
vn -0.9397 0.0000 -0.3419
vn -0.0528 -0.9985 -0.0147
vn 0.8654 0.0473 0.4988
vn 0.2448 -0.0133 0.9695
vn -0.0321 -0.9995 0.0000
vn 0.9397 0.0000 -0.3419
vn 0.8661 0.0105 0.4997
vn 0.9684 0.0489 -0.2445
vn -0.0479 -0.9988 0.0118
vn 0.8658 0.0105 -0.5003
vn 0.9399 -0.0053 0.3413
vn 0.9400 0.0000 0.3413
vn -0.0770 -0.9969 0.0164
vn 0.8661 0.0000 0.4999
vn 0.9398 0.0154 0.3413
vn -0.0940 -0.9953 0.0226
vn 0.9393 0.0428 0.3405
vn 0.4048 0.0084 0.9144
vn -0.1316 -0.9906 0.0363
vn 0.5204 0.0045 -0.8539
vn 0.9395 0.0294 -0.3414
vn -0.0069 -0.9998 -0.0202
vn -0.8662 0.0000 0.4996
vn -0.8662 0.0000 -0.4996
vn 0.0737 -0.9973 -0.0079
vn -0.7657 -0.0054 0.6432
vn -0.9847 0.0105 0.1737
vn -0.9400 0.0000 0.3413
vn 0.0611 -0.9981 0.0106
vn -0.9398 0.0053 -0.3418
vn -0.9399 0.0000 0.3413
vn 0.0673 -0.9976 0.0128
vn -0.9398 0.0000 -0.3418
vn 0.1740 -0.9848 0.0000
vn -0.9399 0.0053 0.3413
vn 0.0940 -0.9953 0.0226
vn -0.9396 -0.0153 -0.3420
vn -0.9999 0.0153 0.0000
vn 0.8151 0.0000 -0.5793
vn 0.2725 0.0489 -0.9609
vn 0.5752 0.0217 0.8177
vn 1.0000 0.0053 0.0000
vn 0.9397 -0.0053 -0.3419
vn 0.9876 0.0232 -0.1553
vn 0.1593 -0.9872 0.0011
vn -0.9847 -0.0105 0.1737
vn -0.1750 -0.9846 0.0000
vn 0.8144 0.0000 0.5803
vn 0.6970 0.0263 -0.7166
vn 0.8145 0.0000 0.5802
vn -0.0553 -0.9984 -0.0137
vn -0.6426 0.0000 0.7662
vn -0.6427 0.0000 0.7661
vn -0.8662 0.0000 -0.4997
vn -0.6427 0.0000 -0.7661
vn 0.3422 0.0000 -0.9396
vn -0.1012 -0.9948 -0.0084
vn -0.3416 0.0000 0.9398
vn -0.3416 0.0000 0.9399
vn -0.6426 0.0000 -0.7662
vn -0.3425 0.0000 -0.9395
vn 0.3421 0.0001 0.9397
vn 0.1416 -0.9899 -0.0025
vn 0.1903 -0.9817 0.0000
vn 0.0379 0.0098 0.9992
vn -0.2655 -0.9641 0.0067
vn -0.3026 -0.9531 0.0109
vn -0.1461 -0.9892 -0.0109
vn -0.1892 -0.9819 -0.0062
vn 0.3413 0.0000 0.9400
vn 0.3412 0.0000 0.9400
vn -0.1896 -0.9818 0.0073
vn 0.2387 -0.9589 -0.1533
vn 0.2396 -0.9709 0.0009
vn -0.3425 0.0000 0.9395
vn 0.2547 -0.9662 -0.0393
vn -0.2266 -0.9740 -0.0032
vn 0.6431 0.0000 0.7657
vn -0.2267 -0.9740 0.0034
vn 0.6431 0.0000 -0.7657
vn 0.2697 -0.9629 -0.0112
vn -0.2538 -0.9673 -0.0016
vn -0.2536 -0.9673 0.0015
vn 1.0000 0.0068 0.0000
vn 0.9998 -0.0193 0.0000
vn 0.8229 0.0461 -0.5663
vn -0.9397 0.0067 0.3419
vn -1.0000 0.0067 0.0000
vn -0.9465 0.0186 -0.3221
vn 0.9395 -0.0067 0.3424
vn 0.7656 0.0067 0.6433
vn 0.2992 -0.9542 -0.0003
vn 0.2733 -0.9619 0.0000
vn 0.9394 -0.0067 -0.3427
vn 0.8173 0.0035 0.5762
vn -0.7658 -0.0068 0.6431
vn -0.2673 -0.9636 0.0000
vn -0.9398 0.0000 -0.3417
vn -0.9847 -0.0131 -0.1736
vn -0.2966 -0.9550 0.0001
vn -0.5747 0.0195 0.8181
vn 0.2819 -0.9594 -0.0028
vn -0.8662 0.0000 0.4997
vn 0.2679 -0.9634 0.0002
vn -0.2717 -0.9624 -0.0009
vn -0.2709 -0.9626 0.0007
vn 0.2893 -0.9572 0.0000
vn -0.2925 -0.9563 -0.0001
vn 0.2730 -0.9620 0.0003
vn 0.7656 0.0067 -0.6433
vn 0.2731 -0.9620 0.0002
vn -0.2722 -0.9622 -0.0006
vn -0.7658 0.0000 0.6431
vn -0.7658 0.0000 -0.6431
vn -0.8658 -0.0132 -0.5001
vn 0.5006 -0.0068 -0.8656
vn 0.3425 -0.0134 -0.9394
vn -0.1731 0.0194 0.9847
vn -0.3415 0.0000 0.9399
vn -0.3043 -0.9526 0.0000
vn -0.1731 0.0000 0.9849
vn 0.3418 -0.0134 0.9397
vn 0.1731 0.0000 0.9849
vn 0.2992 -0.9542 0.0000
vn 0.2570 0.0035 -0.9664
vn 0.4998 -0.0068 0.8661
vn 0.2553 0.0035 0.9669
vn 0.2993 -0.9542 -0.0000
vn 0.2599 -0.0068 -0.9656
vn 0.3790 -0.9253 -0.0129
vn 0.4558 -0.8880 -0.0605
vn 0.4140 -0.9097 -0.0316
vn 0.3591 -0.9333 -0.0055
vn 0.3400 -0.9404 0.0000
vn 0.4566 -0.8896 -0.0022
vn 0.4473 -0.8944 0.0019
vn 0.4047 -0.9144 0.0007
vn 0.3563 -0.9344 0.0013
vn 0.3148 -0.9492 -0.0021
vn 0.3832 -0.9237 0.0038
vn 0.4566 -0.8896 0.0138
vn 0.4566 -0.8896 -0.0101
vn 0.4566 -0.8896 -0.0000
vn 0.3840 -0.9233 -0.0029
vn 0.3682 -0.9298 -0.0017
vn 0.3713 -0.9285 0.0004
vn 0.4566 -0.8896 0.0017
vn -0.3677 -0.9299 -0.0085
vn -0.4559 -0.8881 -0.0587
vn -0.3951 -0.9184 -0.0207
vn -0.3410 -0.9401 0.0000
vn -0.3684 -0.9297 0.0024
vn -0.4566 -0.8895 0.0149
vn -0.4566 -0.8896 -0.0022
vn -0.3912 -0.9203 0.0046
vn -0.4060 -0.9139 0.0008
vn -0.8427 -0.5381 0.0150
vn -0.2698 -0.9629 -0.0057
vn -0.3807 -0.9247 -0.0025
vn -0.4566 -0.8896 -0.0101
vn -0.4566 -0.8896 0.0007
vn -0.3397 -0.9405 0.0000
vn -0.4566 -0.8896 0.0024
vn -0.4236 -0.9058 0.0015
vn -0.3907 -0.9205 0.0007
vn -0.3742 -0.9273 0.0005
vn -0.1743 -0.0024 -0.9847
vn -0.1731 -0.0024 0.9849
vn 0.3282 -0.9445 0.0157
vn -0.2123 0.0055 -0.9772
vn 0.0000 -0.0138 -0.9999
vn 0.3252 -0.9456 0.0000
vn -0.2105 0.0000 -0.9776
vn -0.2092 0.0000 0.9779
vn -0.5002 -0.0070 -0.8659
vn -0.3405 -0.9402 0.0000
vn 0.5007 0.0000 -0.8656
vn 0.4997 0.0000 0.8662
vn 0.4998 0.0000 0.8661
vn -0.3474 -0.9376 0.0136
vn 0.5026 0.0070 -0.8645
vn 0.3591 -0.9325 -0.0378
vn -0.4993 0.0000 0.8664
vn -0.3594 -0.9324 -0.0377
vn 0.4998 0.0000 0.8662
vn 0.5011 -0.8654 -0.0019
vn -0.3552 0.9348 0.0000
vn 0.3552 -0.9348 0.0000
vn 0.3644 -0.9312 0.0066
vn -0.8659 0.0000 -0.5002
vn -0.8173 -0.0105 -0.5761
vn 0.3672 -0.9301 0.0116
vn -0.7669 0.0071 -0.6417
vn -0.3638 -0.9315 0.0000
vn -0.4865 -0.8737 0.0008
vn 0.1942 0.0198 -0.9808
vn 0.4226 -0.9061 -0.0180
vn -0.9661 0.0000 0.2581
vn -0.4062 -0.9135 -0.0232
vn 0.9053 -0.0072 0.4246
vn 0.9394 0.0000 -0.3428
vn 0.9660 0.0071 -0.2585
vn -0.3806 -0.9247 -0.0091
vn 0.9059 0.0000 0.4235
vn -0.3927 -0.9196 0.0090
vn 0.9958 0.0209 -0.0892
vn -0.9644 0.0343 -0.2622
vn -0.4825 -0.8759 0.0073
vn -0.3832 -0.9237 -0.0031
vn -0.7829 0.0128 0.6220
vn -0.7835 0.0128 0.6212
vn 0.9397 0.0000 0.3419
vn 0.9397 -0.0047 0.3419
vn 0.9847 -0.0126 0.1737
vn 0.4839 -0.8751 0.0000
vn -0.9399 0.0088 0.3414
vn 0.3671 -0.9301 0.0147
vn 0.4183 -0.9083 -0.0054
vn 0.9848 0.0049 -0.1736
vn -0.3558 -0.9344 0.0200
vn -0.3676 -0.9299 0.0153
vn -0.3622 -0.9320 -0.0121
vn -0.8178 0.0097 0.5755
vn -0.9836 0.0333 -0.1773
vn -0.9847 -0.0142 -0.1736
vn -0.4839 -0.8751 0.0000
vn 0.9395 -0.0054 0.3424
vn -0.5194 0.8521 0.0646
vn 0.4315 -0.9021 -0.0115
vn 0.9397 -0.0047 -0.3419
vn 0.9394 0.0065 -0.3427
vn -0.7803 0.0000 -0.6254
vn -0.7805 0.0012 -0.6252
vn 0.3749 -0.9271 -0.0008
vn 0.8180 0.0097 0.5752
vn 0.7657 -0.0065 -0.6432
vn -0.6425 0.0000 0.7663
vn -0.7687 -0.0190 0.6393
vn -0.5168 -0.8560 0.0105
vn -0.5005 -0.0066 0.8657
vn -0.4988 0.0318 0.8661
vn -0.7071 0.0000 0.7071
vn 0.5005 0.0000 0.8658
vn 0.3726 -0.9276 0.0257
vn 0.7512 0.0000 -0.6601
vn 0.4914 0.0283 -0.8705
vn 0.5005 -0.0066 0.8657
vn 0.5005 0.0079 -0.8657
vn 0.5744 0.0000 -0.8186
vn 0.4991 0.0000 0.8666
vn 0.3826 -0.9239 0.0058
vn 0.4984 0.0065 -0.8669
vn -0.1708 0.0067 0.9853
vn -0.4270 -0.9042 -0.0046
vn -0.5674 -0.8232 0.0204
vn -0.5381 -0.8427 0.0143
vn -0.4164 0.0163 -0.9090
vn -0.5005 0.0078 -0.8657
vn 0.4713 -0.8816 -0.0259
vn 0.4518 -0.8920 -0.0122
vn 0.4240 -0.9057 0.0001
vn 0.3979 -0.9174 -0.0021
vn 0.1707 0.0067 0.9853
vn 0.0000 -0.0133 -0.9999
vn -0.1498 0.0059 0.9887
vn -0.3970 -0.9178 0.0080
vn -0.3956 -0.9183 -0.0176
vn 0.1736 0.0189 0.9846
vn -0.1819 -0.0198 0.9831
vn -0.5004 0.0195 -0.8656
vn -0.4125 -0.9107 -0.0207
vn -0.1519 0.0000 0.9884
vn 0.1863 0.0294 0.9820
vn 0.7188 -0.5486 -0.4270
vn 0.4185 -0.9057 0.0670
vn 0.5090 -0.8585 -0.0632
vn -0.4725 0.0236 -0.8810
vn 0.4224 -0.9060 0.0252
vn -0.3478 0.0136 -0.9375
vn 0.4125 -0.9107 -0.0207
vn 0.4102 -0.9120 0.0044
vn -0.1753 0.0000 -0.9845
vn -0.4457 -0.8952 -0.0046
vn -0.4643 -0.8856 -0.0135
vn -0.4270 -0.9042 0.0126
vn 0.5004 0.0000 -0.8658
vn -0.4266 -0.9044 -0.0118
vn 0.5028 0.0069 0.8643
vn -0.4316 -0.9018 0.0227
vn 0.5029 0.0069 -0.8643
vn 0.1736 -0.0068 -0.9848
vn 0.5776 0.0102 -0.8163
vn 0.1753 -0.0069 -0.9845
vn 0.4214 -0.9069 -0.0008
vn -0.1735 -0.0068 0.9848
vn -0.5028 0.0069 0.8644
vn -0.7664 -0.0070 -0.6423
vn -0.4507 -0.8903 -0.0648
vn 0.9235 0.0521 0.3801
vn 0.4933 -0.0203 0.8696
vn -0.4468 -0.8945 -0.0134
vn 0.9280 0.0244 0.3717
vn 0.8204 0.0070 0.5718
vn -0.4649 -0.8853 0.0141
vn -0.5346 -0.8436 -0.0496
vn -0.4941 -0.8692 -0.0176
vn 0.9401 0.0071 -0.3408
vn 0.6425 -0.0137 -0.7662
vn 0.7664 -0.0070 -0.6423
vn 0.7656 -0.0052 -0.6433
vn 0.4573 -0.8889 0.0278
vn 0.4340 -0.9009 0.0034
vn 0.4715 -0.8808 -0.0430
vn -0.7657 -0.0070 0.6432
vn 0.4442 -0.8958 -0.0140
vn -0.4486 -0.8937 0.0028
vn 0.9849 0.0054 -0.1728
vn 0.5161 -0.8565 0.0000
vn 0.7657 -0.0070 0.6432
vn 0.4641 -0.8857 0.0138
vn -0.9401 0.0070 -0.3408
vn -0.4893 -0.8718 -0.0254
vn 0.9401 0.0071 0.3408
vn -0.5077 -0.8615 0.0015
vn 0.3221 0.9455 -0.0484
vn 1.0000 -0.0071 0.0000
vn -0.4641 -0.8857 0.0138
vn 0.9998 0.0202 0.0000
vn 0.9384 -0.0205 -0.3450
vn 1.0000 -0.0051 0.0000
vn 0.4345 -0.9007 -0.0004
vn -0.9401 0.0071 0.3408
vn 0.5040 -0.8636 -0.0107
vn 0.4611 -0.8873 0.0002
vn 0.4772 -0.8788 0.0008
vn 0.5074 -0.8617 0.0026
vn 0.5065 -0.8623 0.0025
vn -1.0000 -0.0071 0.0000
vn -0.5031 -0.8641 -0.0129
vn -0.5169 -0.8561 0.0000
vn -0.8724 -0.4799 -0.0931
vn 0.4891 -0.8722 -0.0002
vn 0.5168 -0.8561 -0.0007
vn 0.4609 -0.8874 0.0008
vn 0.4652 -0.8852 -0.0000
vn -0.4638 -0.8859 -0.0031
vn -0.4872 -0.8733 -0.0032
vn 0.3934 -0.9193 0.0090
vn -0.9844 0.0087 -0.1756
vn -0.9399 -0.0086 0.3414
vn -0.9067 0.0000 0.4217
vn -0.9398 -0.0087 -0.3417
vn 0.9654 0.0000 -0.2606
vn 0.8656 -0.0259 -0.5000
vn 0.8678 0.4687 -0.1652
vn 0.8488 0.4584 0.2635
vn 0.8717 0.4614 0.1652
vn -0.8719 0.4615 0.1636
vn -0.8491 0.4586 0.2622
vn -0.7420 0.4007 -0.5375
vn 0.7745 0.4156 0.4769
vn 0.7761 0.4125 -0.4769
vn 0.8302 0.4344 -0.3494
vn -0.7325 0.3948 0.5546
vn -0.8137 0.4697 -0.3425
vn 0.7071 0.0000 -0.7071
vn -0.5679 0.0115 -0.8230
vn 0.8278 -0.5609 -0.0078
vn -0.4854 -0.8743 0.0000
vn 0.5952 0.3008 0.7452
vn 0.5915 0.3056 -0.7462
vn -0.4709 0.2213 0.8540
vn -0.5036 0.2358 0.8311
vn -0.8043 0.4643 -0.3708
vn 0.9357 0.0000 0.3529
vn 0.4760 0.0543 0.8778
vn -0.5002 0.0000 -0.8659
vn 0.6208 0.3200 0.7157
vn 0.3286 0.1506 0.9324
vn -0.1239 -0.0716 -0.9897
vn 0.4384 0.2020 -0.8758
vn -0.2644 0.0891 -0.9603
vn 0.0060 -1.0000 0.0025
vn -0.1629 0.0000 0.9866
vn 0.1743 0.0000 -0.9847
vn -0.8062 -0.5917 -0.0008
vn -0.5168 -0.8561 -0.0001
vn -0.0806 -0.9967 -0.0056
vn -0.4901 0.0000 0.8717
vn 0.0275 0.0455 0.9986
vn -0.0506 -0.0968 0.9940
vn -0.0975 0.0138 0.9951
vn 0.0000 -0.0300 0.9996
vn -0.4358 0.2284 -0.8706
vn 0.9210 -0.3894 -0.0029
vn 0.3004 -0.7352 -0.6077
vn -0.0059 -0.9981 -0.0616
vn 0.0106 -0.9999 -0.0003
vn -0.1743 0.0132 -0.9846
vn 0.1741 -0.0132 -0.9846
vn 0.0479 -0.9989 0.0006
vn -0.0112 -0.9999 0.0027
vn 0.1230 -0.9924 -0.0047
vn 0.0141 -0.9999 -0.0046
vn 0.1508 -0.0114 0.9885
vn -0.0326 -0.9987 -0.0382
vn 0.4994 0.0379 0.8655
vn -0.0297 -0.9996 0.0000
vn -0.0186 -0.9998 0.0005
vn 0.5010 0.0132 -0.8654
vn 0.3422 0.0260 0.9393
vn -0.2698 0.9626 0.0233
vn -0.0246 -0.9997 -0.0041
vn -0.2579 -0.0433 0.9652
vn 0.1732 -0.0131 0.9848
vn -0.0053 -0.9981 0.0621
vn -0.0059 -0.9981 0.0616
vn -0.1503 -0.0478 -0.9875
vn 0.0446 -0.9987 -0.0260
vn -0.1731 -0.0131 0.9848
vn -0.4995 0.0132 0.8662
vn -0.6427 -0.0259 -0.7657
vn 0.0299 -0.9996 -0.0003
vn 0.0328 -0.9994 0.0055
vn -0.5001 0.0000 -0.8660
vn 0.1030 -0.9945 -0.0160
vn -0.9594 -0.1051 0.2617
vn 0.0447 -0.9987 0.0260
vn -0.5001 0.0000 -0.8659
vn -0.1274 -0.9918 0.0018
vn 0.4111 0.0207 0.9114
vn -0.0489 -0.9988 0.0064
vn 0.0897 0.0000 -0.9960
vn -0.0561 -0.9984 -0.0025
vn 0.6424 -0.0246 0.7660
vn 0.3815 -0.0607 0.9224
vn -0.0711 -0.9973 0.0203
vn 0.6401 -0.0603 -0.7659
vn 0.0658 -0.9978 0.0028
vn -0.0738 -0.9971 -0.0171
vn 0.4164 -0.1059 0.9030
vn 0.4255 0.0195 -0.9047
vn -0.0674 -0.9977 -0.0035
vn 0.4256 0.0214 0.9047
vn -0.0926 -0.9956 0.0121
vn 0.3920 -0.0327 -0.9194
vn 0.8655 -0.0123 -0.5008
vn -0.0747 -0.9972 -0.0017
vn 0.8654 -0.0123 0.5009
vn -0.0907 -0.9958 0.0110
vn 0.3922 -0.0327 -0.9193
vn 0.5345 -0.8452 0.0000
vn 0.0810 -0.9967 -0.0028
vn -0.3270 -0.0249 0.9447
vn 0.5348 -0.8450 0.0012
vn -0.3430 0.0000 -0.9393
vn -0.5345 -0.8452 0.0000
vn 0.7462 0.0362 0.6648
vn 0.3410 0.0000 0.9401
vn 0.3289 -0.0251 -0.9440
vn 0.0000 -0.0568 0.9984
vn -0.1341 -0.1161 -0.9841
vn -0.4370 -0.2169 -0.8729
vn 0.2928 -0.2123 0.9323
vn 0.0000 -0.0465 -0.9989
vn 0.4882 -0.3007 -0.8193
vn 0.0896 -0.9960 -0.0053
vn -0.7658 -0.0133 0.6430
vn -0.9845 0.0260 0.1733
vn 0.1122 -0.9937 -0.0002
vn 0.0582 -0.9983 -0.0000
vn 0.1013 -0.9947 -0.0158
vn -0.9398 0.0000 0.3417
vn 0.0821 -0.9966 0.0088
vn -0.9399 0.0000 -0.3414
vn -0.9399 0.0000 -0.3413
vn -0.1083 -0.9941 -0.0047
vn 0.9827 -0.0608 0.1748
vn -0.1833 -0.9829 0.0181
vn 0.8627 -0.0866 -0.4983
vn 0.9827 -0.0608 -0.1751
vn -0.0927 -0.9957 -0.0019
vn 0.9827 -0.0608 0.1751
vn 0.9982 -0.0402 -0.0452
vn -0.3580 -0.9324 0.0497
vn 0.9982 -0.0402 0.0453
vn 0.9827 -0.0608 -0.1748
vn -0.0888 -0.9961 -0.0012
vn 0.9827 -0.0608 0.1752
vn 0.9982 -0.0402 -0.0453
vn -0.1083 -0.9941 0.0047
vn 0.9982 -0.0402 0.0452
vn 0.1063 -0.9943 0.0000
vn -0.9399 0.0000 0.3414
vn -0.9398 0.0000 0.3418
vn -0.1237 -0.9923 0.0000
vn -0.5398 -0.8418 -0.0047
vn -0.5006 -0.3247 0.8025
vn 0.5545 -0.3710 0.7449
vn 0.4872 -0.3432 0.8031
vn 0.1973 -0.1048 -0.9747
vn 0.3157 -0.9489 0.0000
vn -0.0002 -0.0001 1.0000
vn 0.0000 -0.0002 1.0000
vn 0.0003 0.0001 1.0000
vn -0.3210 -0.9471 0.0000
vn -0.3414 -0.0273 0.9395
vn -0.5001 -0.0138 -0.8658
vn -0.5534 -0.8329 0.0000
vn 0.7063 0.0000 0.7079
vn 0.7086 0.0071 -0.7055
vn 0.3424 -0.0273 -0.9392
vn 0.9834 0.1313 0.1249
vn 0.5695 -0.8220 -0.0001
vn 0.5534 -0.8329 0.0000
vn 0.9256 0.3784 -0.0090
vn -0.0069 -0.9207 -0.3901
vn -0.5529 -0.8332 -0.0025
vn -0.5494 -0.8355 0.0002
vn -0.5695 -0.8220 -0.0001
vn -0.6414 -0.7672 -0.0010
vn -0.8692 -0.4919 0.0497
vn -0.8261 -0.5025 0.2551
vn -0.6012 -0.3956 0.6943
vn -0.6694 -0.3731 -0.6425
vn 0.7435 -0.4669 0.4788
vn 0.4886 -0.3357 -0.8054
vn 0.7305 -0.4868 -0.4789
vn 0.8258 -0.5024 -0.2563
vn -0.0533 -0.9969 -0.0583
vn -0.1157 -0.9933 0.0033
vn -0.1195 -0.9928 0.0000
vn -0.5582 -0.8297 -0.0018
vn -0.5503 -0.8350 0.0002
vn 0.5734 -0.8193 -0.0001
vn -0.5738 -0.8190 0.0000
vn -0.7087 0.0072 0.7055
vn 0.5538 -0.8327 0.0005
vn -0.7079 0.0071 -0.7063
vn -0.8084 -0.4804 -0.3403
vn -0.8719 -0.4896 0.0000
vn 0.8166 -0.5186 0.2535
vn 0.8368 -0.5226 0.1630
vn 0.8368 -0.5227 -0.1630
vn -0.9399 -0.0108 0.3413
vn 0.9394 -0.0109 -0.3428
vn -0.9397 -0.0109 -0.3417
vn 0.5751 0.0214 0.8178
vn 0.5696 -0.8219 0.0002
vn -0.9656 0.0000 -0.2599
vn -0.9656 0.0000 0.2599
vn 0.9667 0.0580 0.2493
vn -0.5696 -0.8219 0.0002
vn 0.9655 0.0000 -0.2602
vn -0.9843 0.0302 -0.1741
vn -0.7655 0.0153 0.6432
vn -0.9396 -0.0155 0.3420
vn -0.9395 0.0000 -0.3424
vn -0.5006 0.0000 -0.8657
vn -0.5005 0.0000 -0.8657
vn 0.0000 0.0304 0.9995
vn -0.3422 -0.0302 0.9391
vn 0.5001 -0.0153 0.8658
vn 0.7661 0.0154 0.6426
vn 0.9395 0.0000 -0.3424
vn 0.9396 -0.0153 0.3420
vn 0.9844 0.0303 -0.1733
vn -0.7649 -0.0443 0.6426
vn -0.9394 -0.0154 -0.3424
vn -0.9387 0.0442 0.3418
vn -0.7660 0.0153 -0.6427
vn -0.5005 -0.0154 -0.8656
vn -0.1733 0.0153 -0.9847
vn -0.5005 -0.0153 0.8656
vn 0.1731 -0.0153 -0.9848
vn 0.1742 0.0000 0.9847
vn 0.7662 0.0000 0.6426
vn 0.6427 0.0304 -0.7655
vn 0.8656 -0.0301 -0.4998
vn 0.8656 -0.0302 0.4998
vn 0.9999 0.0155 0.0000
vn 0.5807 -0.8141 0.0000
vn 0.9437 0.0000 -0.3309
vn 0.7106 -0.7036 0.0000
vn -0.7106 -0.7036 0.0000
vn 0.6082 -0.7938 0.0000
vn 0.0002 0.0001 1.0000
vn -0.6082 -0.7937 0.0000
vn 0.0001 -0.0001 1.0000
vn -0.5805 0.7865 0.2108
vn -0.5806 0.7863 -0.2111
vn -0.3084 0.7872 -0.5340
vn -0.1873 0.8362 0.5154
vn -0.1874 0.8362 0.5154
vn 0.1075 0.7870 -0.6075
vn 0.4751 0.8361 -0.2744
vn 0.4750 0.8362 -0.2742
vn 0.5798 0.7869 0.2113
vn -0.6178 0.7863 0.0000
vn -0.5805 0.7865 -0.2108
vn -0.5806 0.7864 -0.2111
vn -0.5806 0.7863 0.2111
vn -0.4729 0.7865 0.3971
vn -0.3526 0.8361 -0.4202
vn -0.3527 0.8361 -0.4202
vn -0.3089 0.7864 -0.5349
vn -0.3089 0.7865 -0.5348
vn -0.3082 0.7868 0.5347
vn -0.1069 0.7866 0.6081
vn 0.1076 0.7862 -0.6085
vn 0.1077 0.7862 -0.6085
vn 0.1069 0.7866 0.6081
vn 0.3086 0.7866 0.5348
vn 0.4749 0.8362 -0.2743
vn 0.5797 0.7869 0.2113
vn -0.3082 0.7868 0.5348
vn 0.1877 0.8365 -0.5148
vn 0.1876 0.8364 -0.5151
vn 0.4754 0.8357 0.2751
vn 0.5799 0.7867 -0.2116
vn -0.1503 0.5008 -0.8524
vn 0.2457 0.8704 0.4266
vn 0.2453 0.8709 -0.4259
vn 0.1556 0.8900 -0.4286
vn 0.1556 0.8900 0.4286
vn 0.2457 0.8704 -0.4266
vn 0.6264 0.7795 0.0000
vn 0.5881 0.7800 0.2138
vn -0.0103 0.9983 0.0582
vn 0.0000 0.9949 0.1006
vn -0.0211 0.9996 0.0177
vn -0.0269 0.9996 0.0000
vn -0.0222 0.9996 -0.0186
vn 0.0722 0.8702 -0.4874
vn 0.0000 1.0000 0.0068
vn -0.5291 0.8443 -0.0843
vn 0.7090 0.6976 0.1036
vn -0.4732 0.8789 -0.0600
vn 0.9143 -0.3882 0.1160
vn -0.0512 0.9987 0.0000
vn 0.9110 0.1333 -0.3903
vn -0.4125 0.8937 0.1767
vn 0.4934 0.8314 -0.2556
vn -0.4680 0.8498 0.2424
vn 0.0000 0.9997 -0.0241
vn -0.0031 0.9998 0.0173
vn 0.0000 0.9998 0.0198
vn -0.0123 0.9999 0.0103
vn -0.0157 0.9998 -0.0132
vn 0.0000 0.9994 -0.0336
vn 0.0000 0.9997 0.0236
vn -0.0035 0.9998 0.0201
vn -0.0134 0.9998 0.0112
vn -0.0112 0.9999 -0.0094
vn 0.0000 0.9999 -0.0166
vn 0.5730 0.7903 0.2172
vn 0.4556 0.8892 -0.0423
vn -0.4609 0.8701 -0.1747
vn -0.7476 0.6605 0.0694
vn 0.4300 0.8945 0.1223
vn 0.4838 0.8744 -0.0361
vn -0.8839 -0.4630 0.0659
vn -0.9539 -0.1797 -0.2402
vn 0.0848 0.9964 0.0000
vn -0.0063 0.9993 -0.0358
vn -0.1966 0.9461 -0.2573
vn 0.0170 0.9994 -0.0293
vn 0.0122 0.9997 0.0212
vn 0.0394 0.9969 0.0682
vn 0.0105 0.9998 0.0181
vn 0.0173 0.9997 -0.0146
vn 0.1090 0.9932 -0.0397
vn 0.0580 0.9981 -0.0211
vn 0.0983 0.9945 0.0358
vn 0.0402 0.9991 0.0146
vn 0.0724 0.9973 0.0128
vn 0.1872 0.9823 0.0000
vn 0.1801 0.9837 0.0000
vn -0.6360 0.7713 0.0245
vn -0.9959 0.0905 0.0000
vn -0.5048 0.8632 0.0084
vn 0.8203 -0.5718 -0.0137
vn -0.6296 0.7768 -0.0157
vn 0.8278 -0.5610 0.0053
vn -0.9790 0.2039 -0.0063
vn 0.8064 -0.5907 0.0285
vn 0.8325 -0.5540 0.0000
vn -0.5010 0.8654 0.0000
vn -0.5089 0.8606 -0.0180
vn 0.4347 0.8985 0.0607
vn -0.0029 0.9999 0.0164
vn -0.0183 0.9997 0.0154
vn -0.3951 0.9186 0.0000
vn -0.3952 0.9186 0.0000
vn -0.0341 0.9990 -0.0286
vn -0.0057 0.9995 -0.0323
vn 0.0000 0.9994 -0.0335
vn -0.0176 0.9994 0.0305
vn 0.0000 0.9995 0.0330
vn 0.0061 0.9994 0.0345
vn -0.1179 0.9928 0.0208
vn -0.3333 0.9428 0.0049
vn 0.0000 0.9995 -0.0330
vn -0.0428 0.9988 -0.0248
vn -0.2455 0.9694 0.0008
vn 0.4002 0.9056 0.1408
vn -0.0056 0.9995 0.0320
vn -0.0320 0.9991 0.0269
vn -0.2280 0.9737 0.0000
vn -0.2931 0.9561 -0.0086
vn -0.0246 0.9993 -0.0293
vn -0.0246 0.9993 0.0293
vn 0.2785 0.9572 0.0792
vn -0.2931 0.9561 0.0086
vn -0.0056 0.9995 -0.0319
vn -0.0320 0.9991 -0.0269
vn -0.0170 0.9994 0.0295
vn 0.0062 0.9994 0.0349
vn -0.0617 0.9978 0.0224
vn -0.3185 0.9479 -0.0103
vn 0.9977 0.0643 0.0193
vn -0.4505 0.8927 -0.0087
vn 0.0000 0.9986 0.0521
vn -0.5380 0.8359 -0.1087
vn 0.5230 0.8457 0.1057
vn -0.0221 0.9990 -0.0383
vn 0.0000 0.9991 -0.0431
vn -0.0843 0.9960 -0.0307
vn 0.9987 0.0492 -0.0118
vn 0.7725 0.6334 0.0456
vn 0.4582 0.8850 0.0830
vn -0.4532 0.8910 -0.0267
vn -0.4531 0.8910 0.0267
vn 0.0000 0.9995 -0.0313
vn 0.8157 0.5784 0.0000
vn 0.7140 0.6931 -0.0994
vn -0.4572 0.8871 0.0636
vn -0.0000 0.9973 -0.0728
vn -0.4498 0.8931 0.0000
vn 0.5205 0.8516 0.0619
vn 0.4956 0.8686 0.0000
vn 0.5554 0.8160 0.1603
vn 0.4773 0.8772 0.0514
vn 0.3006 0.9538 0.0000
vn 0.2322 0.9724 0.0250
vn 0.3142 0.9479 0.0531
vn 0.4772 0.8773 0.0514
vn 0.0073 0.9991 -0.0412
vn -0.9613 0.2709 0.0508
vn -0.9241 0.3691 -0.0995
vn 0.4256 0.9046 -0.0248
vn -0.9860 0.1665 0.0000
vn -0.9242 0.3687 -0.0995
vn 0.4560 0.8889 -0.0452
vn -0.5560 0.8285 -0.0661
vn -0.5560 0.8285 0.0661
vn -0.6070 0.7947 0.0000
vn -0.4914 0.8593 -0.1418
vn 0.4328 0.9015 -0.0061
vn 0.4315 0.9020 0.0118
vn 0.3606 0.9325 0.0199
vn -0.7430 0.6652 0.0736
vn 0.3896 0.9210 0.0000
vn 0.3847 0.9230 0.0021
vn 0.5113 0.8594 0.0066
vn 0.0700 0.9972 -0.0255
vn 0.0702 0.9972 0.0255
vn 0.0623 0.9978 -0.0227
vn 0.0624 0.9978 0.0227
vn 0.5873 0.8082 -0.0443
vn 0.5061 0.8624 0.0134
vn -0.7554 0.4322 0.4925
vn 0.4883 0.8293 -0.2715
vn -0.6205 0.7350 0.2734
vn -0.9194 0.3618 -0.1541
vn 0.4096 0.8660 0.2867
vn -0.3292 0.8893 -0.3176
vn 0.0672 0.9977 0.0000
vn 0.2290 0.8629 0.4506
vn -0.0363 0.9984 0.0433
vn -0.0769 0.9970 0.0000
vn -0.0479 0.9980 -0.0402
vn -0.0174 0.9950 -0.0986
vn 0.0000 0.9902 -0.1393
vn 0.4622 0.8836 0.0746
vn -0.4571 0.8873 -0.0617
vn 0.7170 0.6903 0.0967
vn -0.4756 0.8780 -0.0551
vn -0.0558 0.9984 0.0000
vn 0.9084 -0.4047 0.1053
vn 0.9289 0.0705 -0.3635
vn -0.4195 0.8928 0.1641
vn 0.5116 0.8236 -0.2447
vn -0.4676 0.8552 0.2236
vn 0.0037 0.9998 0.0210
vn 0.0000 0.9998 0.0197
vn -0.0097 0.9998 0.0168
vn -0.3931 0.9155 -0.0857
vn -0.0150 0.9995 -0.0260
vn -0.3504 0.9282 0.1254
vn 0.0066 0.9993 -0.0376
vn 0.3051 0.9427 0.1350
vn -0.0112 0.9997 0.0194
vn -0.3806 0.9196 -0.0973
vn -0.0084 0.9999 -0.0145
vn -0.4042 0.9116 0.0750
vn 0.0000 0.9999 -0.0167
vn 0.0027 0.9999 -0.0149
vn -0.0780 0.9455 0.3160
vn 0.0207 0.9995 -0.0246
vn 0.0157 0.9998 -0.0132
vn -0.2631 0.9345 0.2396
vn 0.0112 0.9999 -0.0094
vn 0.0123 0.9999 0.0103
vn 0.0269 0.9996 0.0000
vn 0.6039 0.7185 0.3450
vn -0.5397 0.8375 0.0860
vn 0.4420 0.8950 -0.0596
vn -0.4934 0.8314 -0.2556
vn 0.4119 0.8940 0.1765
vn -0.9143 -0.3882 0.1160
vn -0.9110 0.1333 -0.3903
vn 0.0512 0.9987 0.0000
vn -0.3883 0.9190 -0.0684
vn -0.3886 0.9189 -0.0682
vn -0.3412 0.9191 -0.1971
vn -0.7192 0.6861 -0.1095
vn -0.3303 0.9022 0.2773
vn -0.3081 0.7868 0.5347
vn -0.3089 0.7864 -0.5348
vn -0.1075 0.7870 -0.6075
vn -0.0746 0.9024 0.4245
vn 0.1874 0.8363 0.5153
vn 0.3093 0.7862 -0.5349
vn 0.1880 0.8360 -0.5156
vn 0.1882 0.8368 -0.5142
vn 0.1877 0.8361 0.5155
vn 0.2154 0.9023 0.3733
vn 0.3526 0.9331 -0.0701
vn 0.5397 0.8365 -0.0953
vn -0.5405 0.8359 -0.0953
vn -0.3072 0.9331 -0.1869
vn -0.4802 0.8731 0.0842
vn -0.3868 0.8631 0.3248
vn -0.4750 0.8361 -0.2744
vn -0.2248 0.9331 -0.2806
vn -0.3414 0.9190 0.1973
vn -0.4750 0.8362 0.2742
vn -0.1876 0.8364 -0.5150
vn -0.1884 0.8358 -0.5157
vn 0.0000 0.9190 -0.3943
vn -0.2626 0.6886 -0.6759
vn -0.1966 0.8411 0.5039
vn 0.2522 0.8634 0.4371
vn 0.1669 0.8731 -0.4581
vn 0.1730 0.8410 -0.5126
vn 0.1350 0.9190 0.3705
vn 0.4747 0.8409 -0.2600
vn 0.3139 0.8730 0.3733
vn 0.4747 0.8630 0.1730
vn 0.4053 0.9022 -0.1479
vn 0.4222 0.8732 -0.2435
vn 0.2252 0.9330 -0.2807
vn 0.3414 0.9190 0.1973
vn 0.4802 0.8730 -0.0851
vn 0.4052 0.9022 0.1477
vn 0.4802 0.8730 0.0850
vn 0.3449 0.8928 0.2897
vn -0.3585 0.8905 -0.2801
vn 0.0230 0.9996 0.0180
vn -0.9486 0.1634 -0.2709
vn 0.4414 0.8896 0.1177
vn -0.4608 0.8816 -0.1019
vn 0.6573 0.7394 0.1454
vn -0.4605 0.8835 -0.0859
vn 0.9400 -0.2926 0.1754
vn -0.0578 0.9983 0.0000
vn -0.3545 0.9329 0.0633
vn 0.8752 -0.4807 -0.0537
vn -0.3596 0.9328 0.0227
vn 0.5730 0.8184 -0.0447
vn -0.5120 0.8580 0.0400
vn 0.6573 0.7394 -0.1454
vn -0.4607 0.8817 0.1019
vn 0.4414 0.8896 -0.1177
vn -0.3850 0.8722 0.3019
vn 0.0000 0.9999 -0.0115
vn 0.0434 0.9990 -0.0074
vn -0.4391 0.8984 0.0126
vn 0.5885 -0.7901 -0.1716
vn 0.4488 0.8936 -0.0129
vn -0.8467 0.5308 0.0370
vn -0.3516 0.9308 0.0999
vn 0.8652 0.4371 -0.2458
vn -0.3861 0.9166 0.1032
vn 0.6275 0.7603 -0.1678
vn 0.4238 0.8989 -0.1111
vn -0.0732 0.8927 0.4447
vn 0.0325 0.8997 -0.4352
vn -0.6919 0.6967 0.1894
vn 0.0944 0.8637 -0.4950
vn 0.0049 0.7200 -0.6939
vn 0.0239 0.9996 -0.0138
vn 0.0000 0.7159 0.6982
vn -0.0021 1.0000 0.0064
vn 0.0546 0.6808 -0.7304
vn 0.0216 0.9998 -0.0007
vn -0.5532 0.8189 0.1529
vn 0.4317 0.8941 -0.1193
vn -0.1025 0.6201 0.7778
vn -0.0033 0.8843 0.4670
vn 0.0222 0.8873 -0.4606
vn 0.1299 0.1091 -0.9855
vn -0.0236 0.9997 0.0042
vn 0.0250 0.9997 -0.0044
vn -0.0726 0.8041 0.5901
vn 0.7285 0.6570 0.1942
vn -0.4414 0.8896 0.1177
vn 0.4173 0.9042 -0.0911
vn -0.9514 0.3079 0.0093
vn 0.3722 0.9281 0.0023
vn -0.0360 0.0000 -0.9994
vn -0.0415 0.0028 -0.9991
vn -0.0365 -0.0037 -0.9993
vn -0.0410 -0.0056 -0.9991
vn -0.9907 -0.1362 0.0000
vn -0.9831 0.1829 0.0000
vn -0.9707 0.0000 0.2402
vn -0.9831 -0.1828 0.0000
vn -0.0898 -0.0547 -0.9945
vn 0.0375 0.0228 -0.9990
vn -0.0433 0.0422 -0.9982
vn -0.0455 0.0063 -0.9989
vn -0.9907 0.1362 0.0000
vn -0.0870 0.0064 -0.9962
vn -0.1228 -0.0344 -0.9918
vn -0.9629 -0.2698 0.0000
vn -0.0129 0.0205 -0.9997
vn 0.0557 0.0697 -0.9960
vn -0.0051 0.0033 -1.0000
vn -0.9629 0.2698 0.0000
vn -0.8049 -0.0811 -0.5878
vn -0.8092 0.0544 -0.5849
vn -0.8088 0.0538 -0.5856
vn -0.7105 0.1121 -0.6947
vn -0.7742 0.2417 -0.5849
vn -0.6985 -0.1078 -0.7074
vn -0.9959 -0.0902 0.0000
vn -0.9927 -0.1200 -0.0148
vn -0.9944 0.1056 -0.0064
vn -0.9978 0.0664 0.0000
vn -0.6158 0.6474 -0.4491
vn -0.6095 0.3630 -0.7048
vn -0.9545 0.2980 0.0042
vn -0.6897 -0.1591 -0.7064
vn -0.9130 0.4079 -0.0085
vn -0.9217 -0.1530 -0.3565
vn -0.9749 -0.2226 0.0061
vn -0.0324 -0.0371 -0.9988
vn -0.8591 0.5117 0.0042
vn -0.9802 -0.1981 0.0061
vn -0.9666 -0.2562 -0.0120
vn -0.8734 -0.1765 -0.4538
vn -0.0351 -0.0153 -0.9993
vn -0.9172 -0.3985 -0.0003
vn -0.9172 -0.3984 0.0000
vn 0.7622 -0.6410 -0.0902
vn -0.0380 0.0165 -0.9991
vn -0.0565 0.0475 -0.9973
vn 0.0365 -0.0699 -0.9969
vn -0.8745 0.4849 0.0000
vn -0.8925 0.3877 0.2305
vn -0.6385 0.6227 -0.4523
vn -0.6383 0.6239 -0.4509
vn -0.7423 0.6700 -0.0064
vn -0.6819 -0.1889 -0.7066
vn -0.7151 0.6990 0.0000
vn -0.8462 -0.2801 -0.4533
vn -0.9560 -0.2932 0.0039
vn -0.9444 -0.2897 -0.1554
vn -0.0380 -0.0159 -0.9992
vn -0.4759 0.7549 -0.4513
vn -0.4761 0.7541 -0.4524
vn -0.6521 -0.2730 -0.7073
vn -0.4996 0.8662 -0.0065
vn -0.5339 0.8456 0.0000
vn -0.9703 -0.2419 0.0039
vn -0.9218 -0.3876 -0.0105
vn -0.7574 -0.2860 -0.5870
vn -0.9187 -0.3950 -0.0066
vn -0.1196 0.0088 -0.9928
vn -0.1112 0.0195 -0.9936
vn -0.1710 -0.9403 0.2944
vn -0.7259 0.0534 -0.6857
vn -0.2831 0.6552 -0.7004
vn -0.9090 0.4168 0.0000
vn -0.9093 -0.4162 0.0000
vn -0.0689 -0.0696 -0.9952
vn -0.2291 0.8644 -0.4475
vn -0.6233 0.3348 -0.7066
vn -0.7258 0.0532 -0.6859
vn -0.0195 -0.0198 -0.9996
vn -0.8545 -0.5195 0.0000
vn -0.0353 0.0215 -0.9991
vn -0.0998 0.0914 -0.9908
vn -0.8514 0.5246 0.0000
vn -0.8544 0.5194 0.0166
vn -0.0688 -0.0696 -0.9952
vn -0.8130 0.3659 -0.4530
vn -0.5307 -0.5367 -0.6559
vn 0.0269 0.0059 -0.9996
vn -0.0697 -0.0154 -0.9974
vn -0.9973 0.0731 -0.0047
vn -0.9973 0.0728 -0.0047
vn -0.4094 -0.1993 -0.8903
vn -0.5309 -0.5367 -0.6558
vn -0.8911 0.4538 -0.0050
vn -0.8927 0.4506 -0.0054
vn -0.3505 0.9365 0.0024
vn -0.8153 -0.5790 -0.0047
vn -0.7032 -0.7109 0.0074
vn -0.6935 -0.4183 -0.5866
vn -0.1286 -0.0251 -0.9914
vn -0.0012 0.0100 -0.9999
vn -0.8373 -0.4520 -0.3076
vn -0.8800 -0.4750 -0.0083
vn -0.9219 -0.3873 0.0042
vn -0.2079 0.9781 -0.0132
vn -0.8910 0.4540 -0.0063
vn -0.2096 -0.7969 -0.5666
vn -0.2050 -0.6768 -0.7071
vn -0.2656 -0.9640 -0.0106
vn -0.2530 -0.9675 0.0000
vn -0.0971 0.4536 -0.8859
vn -0.0055 0.7139 -0.7002
vn -0.1237 0.9530 -0.2765
vn -0.0431 0.9991 0.0043
vn -0.9025 -0.4308 0.0043
vn -0.8590 -0.5110 -0.0303
vn -0.7719 0.4455 -0.4536
vn -0.7209 0.3695 -0.5864
vn 0.9701 0.0000 -0.2425
vn -0.8661 0.4999 0.0031
vn 0.1049 0.9945 0.0042
vn -0.3765 -0.2543 -0.8908
vn -0.8386 0.5448 -0.0064
vn 0.0002 0.0158 -0.9999
vn -0.3922 0.2318 -0.8902
vn -0.5037 -0.3058 -0.8079
vn 0.0854 0.9963 0.0000
vn 0.0770 0.8981 -0.4331
vn 0.0694 0.8913 -0.4482
vn 0.1234 0.4476 -0.8857
vn -0.7965 -0.5556 -0.2386
vn -0.7918 -0.6108 0.0058
vn -0.6399 0.4973 -0.5858
vn -0.7506 0.5269 -0.3988
vn -0.7756 -0.6312 -0.0002
vn -0.7757 -0.6311 0.0000
vn -0.0287 0.0234 -0.9993
vn -0.0021 -0.2104 -0.9776
vn -0.7756 0.6312 0.0002
vn -0.8184 0.5745 0.0066
vn -0.7757 0.6311 0.0000
vn 0.2586 0.9660 0.0000
vn 0.1453 0.9893 -0.0107
vn 0.1453 0.9893 -0.0139
vn 0.3327 0.8278 -0.4516
vn 0.0868 0.6671 -0.7399
vn 0.1491 -0.0423 -0.9879
vn -0.2155 0.4535 -0.8648
vn -0.8433 -0.5375 0.0059
vn -0.7807 -0.6247 -0.0143
vn -0.1139 -0.0651 -0.9914
vn 0.2262 -0.1017 -0.9688
vn -0.3422 0.3672 -0.8649
vn 0.6164 0.1090 0.7798
vn 0.6165 -0.1089 0.7798
vn 0.5812 0.0000 0.8137
vn 0.5465 0.1987 0.8136
vn -0.3019 0.4440 -0.8437
vn -0.4286 -0.4055 -0.8074
vn 0.5274 0.4433 0.7248
vn 0.4776 0.2754 0.8343
vn 0.5420 -0.3130 0.7799
vn 0.5462 -0.1990 0.8136
vn 0.5271 0.4420 0.7259
vn -0.5508 0.8100 -0.2014
vn -0.3857 0.6825 -0.6208
vn 0.9398 0.3417 0.0000
vn 0.9396 -0.3423 0.0000
vn -0.5628 0.8265 -0.0062
vn -0.7637 -0.6454 -0.0152
vn -0.7805 -0.6252 -0.0008
vn -0.0638 0.0287 -0.9975
vn 0.1227 0.4868 -0.8648
vn -0.4770 0.1257 -0.8699
vn -0.2071 0.9783 0.0100
vn -0.0117 0.8258 -0.5639
vn 0.7655 0.6434 0.0000
vn 0.7655 -0.6434 0.0000
vn 0.4448 -0.3739 0.8139
vn -0.6983 -0.5541 -0.4531
vn 0.5861 0.5008 0.6369
vn -0.2282 0.8912 -0.3921
vn -0.2481 0.9687 0.0061
vn -0.8773 0.2325 -0.4198
vn -0.1626 0.0659 -0.9845
vn 0.3437 0.5961 0.7256
vn 0.3544 0.4223 0.8343
vn 0.4021 -0.4792 0.7802
vn 0.2901 0.5032 0.8140
vn -0.7095 0.7022 -0.0601
vn -0.9136 0.2345 -0.3323
vn -0.7107 0.7034 -0.0114
vn 0.2637 0.9645 -0.0120
vn 0.0922 0.9751 -0.2019
vn 0.5008 -0.8655 0.0000
vn 0.2910 -0.5030 0.8138
vn 0.0505 0.5345 -0.8437
vn -0.9625 0.2705 0.0183
vn -0.9622 0.2718 0.0162
vn -0.9616 0.2742 0.0103
vn -0.8665 0.4128 0.2807
vn -0.9658 0.2593 -0.0008
vn -0.9435 0.1358 -0.3021
vn -0.7494 0.2012 -0.6308
vn 0.0733 -0.0118 -0.9972
vn -0.0300 0.5010 -0.8650
vn 0.4250 0.9052 0.0000
vn 0.3910 0.8327 -0.3920
vn 0.1200 0.6767 0.7265
vn 0.1885 0.5190 0.8338
vn 0.2144 -0.5880 0.7799
vn 0.1885 0.5189 0.8338
vn 0.7072 0.7071 0.0000
vn 0.4053 0.2963 -0.8648
vn 0.1746 0.9846 0.0000
vn 0.1729 -0.9849 0.0000
vn 0.1004 -0.5722 0.8140
vn 0.6847 0.6987 -0.2076
vn 0.6503 0.6502 -0.3929
vn -0.0152 0.0236 -0.9996
vn -0.0331 0.0615 -0.9976
vn 0.3799 0.3797 -0.8435
vn -0.0071 -0.0122 -0.9999
vn 0.0134 -0.0249 -0.9996
vn -0.0426 0.1240 -0.9914
vn 0.2714 0.2786 -0.9213
vn -0.1200 0.6781 0.7251
vn 0.0000 0.5516 0.8341
vn -0.1743 0.9847 0.0000
vn -0.1726 -0.9850 0.0000
vn -0.1231 -0.7023 0.7012
vn -0.1379 -0.6840 0.7164
vn -0.1189 -0.6788 0.7247
vn -0.1197 -0.6772 0.7260
vn -0.0799 -0.0855 -0.9931
vn -0.6824 -0.7307 0.0189
vn -0.6875 -0.7262 0.0000
vn -0.6826 0.7308 0.0000
vn 0.0363 -0.0053 -0.9993
vn -0.4995 0.8663 0.0000
vn -0.3436 0.5958 0.7259
vn -0.5008 -0.8655 0.0000
vn -0.3565 -0.6161 0.7023
vn -0.3560 -0.6176 0.7013
vn -0.2912 -0.5033 0.8135
vn -0.4370 -0.7114 -0.5504
vn -0.3442 0.5961 0.7254
vn -0.1886 0.5186 0.8340
vn -0.5111 -0.4895 -0.7065
vn 0.2416 0.9164 -0.3192
vn 0.2389 0.9087 -0.3423
vn -0.9658 0.2591 0.0003
vn 0.1576 0.6229 0.7662
vn 0.2195 0.9136 0.3422
vn 0.2373 0.9006 -0.3640
vn 0.1061 0.4902 -0.8652
vn -0.9661 0.2583 -0.0001
vn -0.5764 -0.3795 -0.7236
vn -0.6126 -0.6477 -0.4531
vn 0.1115 0.4888 0.8653
vn 0.0306 0.1705 -0.9849
vn -0.9659 0.2589 0.0002
vn -0.9661 0.2581 0.0000
vn -0.0628 -0.1618 0.9848
vn -0.1159 -0.3235 -0.9391
vn -0.7100 -0.7042 0.0006
vn -0.6863 -0.7271 -0.0152
vn -0.6956 -0.7184 0.0000
vn -0.8658 -0.4999 0.0241
vn -0.0631 -0.1627 0.9847
vn -0.1750 -0.6184 -0.7661
vn -0.7664 0.6424 0.0000
vn -0.4455 0.3734 0.8137
vn -0.7664 -0.6424 0.0000
vn -0.5456 -0.4574 0.7022
vn -0.5456 -0.4576 0.7021
vn -0.5277 0.4424 0.7251
vn -0.4455 -0.3734 0.8137
vn -0.4025 -0.4796 0.7798
vn -0.2163 -0.7344 0.6434
vn -0.2164 -0.7346 0.6431
vn -0.2821 -0.9434 -0.1745
vn -0.2770 -0.9609 0.0000
vn -0.9922 -0.1248 0.0000
vn -0.5269 0.4423 0.7257
vn -0.9398 0.3417 0.0000
vn -0.5458 0.1985 0.8140
vn -0.5417 0.3131 0.7800
vn -0.9396 -0.3423 0.0000
vn -0.6469 -0.2357 0.7253
vn -0.6620 -0.2588 0.7034
vn -0.6689 -0.2437 0.7022
vn -0.6612 -0.2234 0.7162
vn -0.6876 0.0000 0.7261
vn -0.5435 0.0954 0.8339
vn -0.7103 -0.0170 0.7037
vn -0.9863 -0.1650 0.0000
vn -1.0000 0.0028 0.0000
vn -1.0000 0.0027 0.0000
vn -1.0000 0.0026 0.0000
vn -0.9854 0.1702 0.0000
vn 0.0509 -0.0088 -0.9987
vn 0.1916 0.5939 -0.7814
vn -0.0673 -0.0451 -0.9967
vn -0.4301 -0.5621 -0.7065
vn -0.9447 -0.3280 0.0000
vn -0.9446 -0.3281 0.0000
vn -0.9429 0.3331 0.0000
vn -0.3408 -0.3112 -0.8871
vn -0.9428 0.3333 0.0001
vn -0.6099 -0.7035 -0.3649
vn -0.6104 -0.7921 0.0062
vn -0.0740 -0.1049 -0.9917
vn -0.5768 -0.8169 -0.0002
vn -0.5769 -0.8168 0.0000
vn -0.0055 0.0282 -0.9996
vn -0.0112 -0.0258 -0.9996
vn -0.5769 0.8168 0.0000
vn -0.5768 0.8169 -0.0000
vn -0.9446 -0.3282 0.0000
vn -0.9427 0.3336 0.0000
vn -0.5766 0.8170 0.0004
vn -0.8763 -0.4818 0.0000
vn -0.6292 -0.7772 0.0062
vn -0.5793 -0.8150 -0.0120
vn -0.8736 0.4866 0.0000
vn -0.5606 -0.6924 -0.4542
vn -0.0644 -0.0979 -0.9931
vn -0.5766 -0.8170 0.0000
vn -0.1753 0.2348 0.9561
vn 0.0294 0.0247 0.9993
vn 0.0569 0.0000 0.9984
vn 0.0458 -0.0384 0.9982
vn 0.0515 -0.0188 0.9985
vn 0.0731 0.0266 0.9970
vn 0.0592 0.0000 0.9982
vn 0.0399 -0.0692 0.9968
vn -0.0311 -0.5690 0.8218
vn -0.4896 -0.7443 -0.4542
vn -0.5499 -0.8353 0.0033
vn -0.4903 -0.7448 -0.4526
vn -0.7830 -0.6221 0.0000
vn 0.7071 0.7071 0.0000
vn 0.4524 0.8918 0.0083
vn 0.9382 0.3436 -0.0417
vn 0.9991 0.0000 -0.0417
vn 0.4664 0.2698 -0.8424
vn 0.8644 0.4999 -0.0538
vn 0.9377 -0.3415 -0.0644
vn 0.9373 -0.3425 -0.0643
vn 0.5356 -0.1951 -0.8216
vn 0.3639 0.8782 -0.3104
vn 0.7660 0.6415 -0.0417
vn 0.3529 -0.9357 0.0000
vn 0.0000 0.4529 -0.8915
vn 0.3828 0.9238 0.0042
vn 0.0090 -0.0159 -0.9998
vn -0.2705 0.2798 -0.9212
vn 0.4996 0.8653 -0.0417
vn 0.0000 0.8602 -0.5099
vn -0.3644 0.8779 -0.3106
vn -0.6651 0.6330 -0.3962
vn -0.4409 -0.1445 -0.8858
vn -0.4582 0.0730 -0.8858
vn 0.0953 -0.5405 -0.8359
vn 0.0954 -0.5403 -0.8361
vn -0.4583 0.0715 -0.8859
vn -0.5723 0.5722 -0.5875
vn 0.1735 0.9827 -0.0644
vn 0.1847 0.5061 -0.8424
vn 0.3425 0.9387 -0.0397
vn 0.1736 -0.9848 0.0000
vn 0.0989 -0.5612 -0.8217
vn -0.3834 0.9236 -0.0028
vn -0.6755 0.7373 0.0097
vn -0.3235 0.9454 -0.0404
vn -0.6913 0.7217 0.0372
vn -0.6814 0.7311 0.0340
vn -0.6780 0.7321 -0.0661
vn -0.3710 0.9245 0.0874
vn -0.7044 0.7043 -0.0877
vn -0.7161 0.6905 -0.1027
vn -0.0565 -0.1090 -0.9924
vn -0.4600 -0.8879 0.0000
vn -0.0416 0.1617 -0.9860
vn -0.0821 -0.0661 -0.9944
vn -0.4599 0.8880 0.0000
vn -0.3985 0.2227 -0.8897
vn -0.3982 0.2223 -0.8899
vn -0.8139 -0.0848 -0.5748
vn -0.4419 -0.1427 -0.8857
vn -0.7481 0.3314 -0.5749
vn -0.1734 0.9840 -0.0416
vn -0.1845 0.5062 -0.8425
vn -0.3419 0.9382 -0.0539
vn -0.3463 -0.4124 -0.8426
vn -0.5305 -0.0932 -0.8426
vn -0.4665 0.2692 -0.8425
vn 0.4511 -0.1408 -0.8813
vn -0.8175 -0.0446 -0.5742
vn -0.9335 -0.1860 -0.3067
vn -0.9014 -0.0179 -0.4325
vn -0.6872 -0.4445 -0.5746
vn -0.9998 -0.0199 0.0000
vn -1.0000 -0.0006 0.0041
vn -0.9510 0.3083 -0.0245
vn -0.9879 0.1551 0.0000
vn -0.9807 -0.1954 0.0042
vn -0.9509 -0.3095 -0.0085
vn -0.3263 -0.3310 -0.8854
vn -0.8634 -0.3990 -0.3087
vn -0.5004 0.8648 -0.0416
vn -0.6431 -0.7658 0.0000
vn -0.5481 -0.8364 0.0033
vn -0.4610 -0.8874 -0.0051
vn -0.9078 -0.4195 0.0043
vn -0.4884 -0.7452 -0.4541
vn -0.4440 0.0739 -0.8930
vn -0.3976 -0.4735 -0.7860
vn 0.5432 0.5654 0.6207
vn 0.6506 0.6772 -0.3436
vn 0.5520 0.5520 -0.6250
vn -0.2997 0.3551 -0.8855
vn -0.8310 0.4640 -0.3067
vn 0.0699 0.0354 -0.9969
vn -0.6612 0.7502 0.0040
vn 0.6640 0.6641 0.3436
vn -0.2287 -0.3941 -0.8902
vn -0.8093 0.5868 -0.0266
vn -0.9457 0.3251 0.0042
vn -0.8088 -0.5881 0.0042
vn 0.3540 0.3540 0.8656
vn 0.2424 0.2424 -0.9394
vn 0.3450 0.3629 -0.8656
vn -0.9787 0.2024 -0.0331
vn -0.7368 -0.5060 -0.4484
vn -0.7389 -0.5155 -0.4340
vn -0.6960 0.5613 -0.4478
vn -0.8201 -0.5722 0.0000
vn -0.3967 -0.7980 -0.4536
vn -0.4952 -0.8683 -0.0299
vn 0.3540 0.3540 0.8657
vn 0.8105 0.1349 -0.5700
vn 0.8105 -0.1349 -0.5699
vn -0.6677 -0.7445 0.0001
vn -0.6678 -0.7443 0.0000
vn -0.7065 0.7072 0.0260
vn -0.7099 0.7039 0.0241
vn -0.8661 0.4998 -0.0122
vn -0.6501 0.7599 -0.0021
vn -0.1228 -0.1228 0.9848
vn -0.1197 -0.1259 -0.9848
vn -0.9997 0.0000 0.0238
vn -0.5487 0.0000 -0.8360
vn -0.9849 -0.1731 0.0000
vn -0.7070 0.7067 0.0255
vn -0.3666 -0.3362 -0.8675
vn -0.5209 -0.0450 -0.8525
vn -0.5208 0.0450 -0.8525
vn -0.3571 -0.3509 -0.8656
vn -0.6207 -0.6389 -0.4544
vn -0.7185 0.6954 0.0138
vn -0.7254 0.6879 -0.0223
vn -0.5413 -0.5414 0.6434
vn -0.5382 -0.5444 -0.6434
vn -0.7332 0.6800 0.0000
vn -0.7023 -0.6901 -0.1749
vn -0.5888 0.8083 -0.0063
vn -0.7076 -0.7066 0.0000
vn -0.7185 -0.6956 -0.0020
vn -0.5309 0.4985 -0.6853
vn -0.4967 0.7413 -0.4515
vn -0.5567 0.8307 0.0000
vn 0.5209 0.0000 0.8536
vn 0.4895 0.1783 0.8536
vn 0.9396 0.3422 0.0000
vn 0.4895 -0.1783 0.8536
vn 0.9396 -0.3422 0.0000
vn 0.3988 0.3352 0.8536
vn 0.3992 -0.3347 0.8536
vn 0.7663 -0.6425 0.0000
vn -0.6676 -0.7446 0.0000
vn -0.7071 -0.7071 -0.0121
vn 0.2612 0.4508 0.8536
vn 0.5013 0.8653 0.0000
vn 0.6609 0.7500 0.0271
vn 0.2604 -0.4511 0.8537
vn -0.0604 0.0661 -0.9960
vn -0.6827 0.7069 0.1852
vn -0.6827 0.7069 -0.1852
vn -0.2852 0.8445 -0.4533
vn -0.2906 0.6451 -0.7067
vn -0.7437 0.4795 0.4658
vn -0.7437 0.4795 -0.4658
vn -0.3924 0.9198 0.0000
vn -0.4107 0.9117 -0.0083
vn 0.0897 0.5132 0.8536
vn 0.1718 0.9826 0.0710
vn 0.0907 -0.5129 0.8537
vn 0.1738 -0.9827 0.0644
vn 0.5688 -0.8225 0.0000
vn -0.8383 0.1269 0.5303
vn -0.8443 0.0235 -0.5354
vn -0.9452 -0.2009 -0.2575
vn -0.9451 -0.2013 -0.2575
vn -0.9663 0.0000 -0.2575
vn -0.9451 0.2011 -0.2575
vn -0.9451 0.2009 -0.2576
vn -0.9205 -0.1805 0.3464
vn -0.9388 -0.3299 -0.0994
vn -0.0897 0.5132 0.8536
vn -0.1721 0.9841 0.0450
vn 0.0000 0.9967 0.0810
vn -0.2612 0.4508 0.8536
vn -0.5209 0.0000 0.8536
vn -0.4895 0.1783 0.8536
vn -0.3988 0.3352 0.8536
vn -0.2604 -0.4511 0.8536
vn -0.3992 -0.3347 0.8536
vn -0.4895 -0.1783 0.8536
vn -0.0907 -0.5129 0.8537
vn -0.1741 -0.9847 0.0000
vn -0.5487 -0.8342 0.0546
vn 0.0188 -0.5808 0.8138
vn -0.8827 -0.3931 -0.2575
vn -0.8825 -0.3936 -0.2575
vn -0.9452 -0.2008 -0.2575
vn -0.9453 0.2001 -0.2575
vn -0.8828 0.3930 -0.2575
vn -0.8800 0.4010 -0.2546
vn -0.1705 -0.4214 -0.8907
vn -0.5008 0.8644 0.0446
vn -0.6672 0.7449 0.0000
vn -0.1703 -0.4210 -0.8909
vn 0.6935 0.1473 0.7052
vn 0.6935 0.1481 0.7051
vn 0.7091 0.0000 0.7051
vn 0.6870 -0.1459 0.7118
vn 0.1437 0.2685 0.9525
vn -0.0305 -0.0529 0.9981
vn -0.3566 -0.8817 -0.3091
vn -0.2234 -0.9747 0.0045
vn -0.5337 -0.8457 0.0001
vn -0.5334 -0.8459 0.0000
vn -0.7655 0.6434 0.0000
vn -0.7663 -0.6425 0.0000
vn -0.3348 -0.9423 0.0000
vn -0.0402 0.1131 -0.9928
vn -0.0413 0.1227 -0.9916
vn -0.3350 0.9422 0.0000
vn -0.0236 0.0198 0.9995
vn -0.0336 -0.0282 0.9990
vn 0.6477 0.2885 0.7052
vn 0.6478 0.2882 0.7052
vn 0.6935 0.1474 0.7052
vn 0.6996 -0.1237 0.7037
vn 0.6476 -0.2885 0.7052
vn -0.9396 0.3422 0.0000
vn -0.9396 -0.3422 0.0000
vn -0.0302 0.0110 0.9995
vn -0.0364 -0.0133 0.9993
vn -0.9985 -0.0541 0.0009
vn -1.0000 0.0000 0.0009
vn -0.9868 0.1618 -0.0009
vn -0.3347 -0.9418 -0.0299
vn -0.4224 -0.9064 0.0046
vn -0.9985 -0.0543 -0.0010
vn -1.0000 0.0000 0.0002
vn -0.9781 -0.2083 0.0010
vn -0.9781 0.2082 0.0008
vn -0.9782 -0.2078 0.0010
vn -0.9635 -0.2675 -0.0011
vn -0.8828 -0.3929 -0.2575
vn -0.8833 0.3942 -0.2538
vn -0.0399 0.0000 0.9992
vn -0.0398 -0.0003 0.9992
vn -0.7823 -0.5672 -0.2575
vn -0.7821 0.5675 -0.2575
vn -0.8668 -0.4986 0.0000
vn 0.1628 -0.0649 -0.9845
vn -0.3018 0.3525 -0.8858
vn -0.9289 0.3703 -0.0008
vn -0.9783 0.2071 0.0008
vn -0.6564 -0.1247 -0.7440
vn -0.5741 0.5704 -0.5875
vn -0.5330 -0.8461 -0.0000
vn -0.7816 -0.5681 -0.2576
vn -0.7817 -0.5680 -0.2576
vn -0.7818 0.5678 -0.2576
vn -0.7818 0.5679 -0.2575
vn -0.7509 -0.6603 -0.0053
vn -0.4867 0.8736 0.0000
vn 0.3940 0.4489 -0.8020
vn 0.0281 -0.0505 -0.9983
vn -0.3338 -0.9426 0.0058
vn -0.2343 -0.9704 -0.0583
vn -0.3923 0.9198 -0.0102
vn -0.9133 -0.4073 0.0011
vn -0.9136 0.4067 0.0007
vn -0.9262 -0.3769 -0.0108
vn -0.3789 -0.3229 0.8673
vn -0.9877 0.1567 0.0000
vn -0.9239 0.3822 0.0161
vn -0.9136 -0.4067 0.0011
vn -0.8836 -0.4683 -0.0012
vn 0.5736 0.4167 0.7052
vn 0.5736 0.4169 0.7051
vn 0.6478 0.2884 0.7052
vn 0.6478 -0.2883 0.7051
vn 0.5736 -0.4168 0.7052
vn -0.2842 0.8445 -0.4539
vn -0.2842 0.8448 -0.4533
vn -0.3192 0.9477 0.0060
vn -0.5329 -0.8462 0.0000
vn 0.0659 -0.3399 -0.9381
vn -0.8278 0.5610 -0.0007
vn -0.9132 0.4075 0.0007
vn -0.8090 -0.5878 0.0011
vn -0.8091 0.5876 0.0003
vn 0.4383 0.1581 -0.8848
vn -0.3824 -0.2349 -0.8936
vn -0.6466 -0.7181 -0.2576
vn -0.6461 -0.7185 -0.2575
vn -0.7818 -0.5679 -0.2575
vn -0.6626 0.6997 -0.2673
vn -0.6466 0.7181 -0.2576
vn -0.0150 -0.0215 -0.9997
vn -0.1097 -0.4419 -0.8904
vn -0.7621 -0.6474 0.0011
vn -0.8091 -0.5877 -0.0001
vn -0.2648 -0.7655 -0.5864
vn -0.2678 -0.9133 -0.3068
vn -0.2614 0.9652 0.0060
vn -0.3185 0.9478 -0.0144
vn 0.5307 0.0935 -0.8424
vn 0.9839 0.1734 -0.0441
vn 0.8657 -0.5005 -0.0054
vn 0.9832 -0.1736 -0.0565
vn 0.4666 -0.2697 -0.8423
vn 0.9887 -0.1495 -0.0070
vn 0.9848 -0.1736 -0.0081
vn 0.5307 -0.0935 -0.8424
vn -0.3840 -0.9233 0.0000
vn 0.7737 0.6333 -0.0169
vn 0.4666 0.2697 -0.8423
vn 0.8649 0.5000 -0.0440
vn 0.9801 -0.1981 -0.0069
vn 0.4744 0.5270 0.7052
vn 0.4745 0.5269 0.7052
vn 0.5737 -0.4168 0.7051
vn 0.4745 -0.5269 0.7051
vn 0.4745 -0.5269 0.7052
vn 0.3461 0.4132 -0.8423
vn 0.6418 0.7661 -0.0351
vn 0.6498 -0.7596 -0.0269
vn 0.6498 0.7596 -0.0268
vn 0.1843 0.5065 -0.8423
vn 0.3416 0.9389 -0.0429
vn 0.6426 -0.7649 -0.0440
vn 0.3466 -0.4126 -0.8424
vn -0.2378 0.9535 0.1852
vn -0.2378 0.9535 -0.1852
vn -0.6687 -0.7435 -0.0031
vn -0.7621 -0.6474 0.0012
vn 0.3267 -0.0102 -0.9451
vn 0.0000 -0.1112 -0.9938
vn 0.2337 -0.0214 -0.9721
vn -0.8275 0.5615 0.0006
vn 0.1735 -0.9836 -0.0490
vn 0.0991 -0.5615 -0.8215
vn 0.0000 -1.0000 -0.0053
vn -0.0353 -0.9994 0.0000
vn 0.0000 -0.5388 -0.8424
vn 0.8050 0.1212 -0.5808
vn 0.8051 -0.1214 -0.5806
vn -0.4048 0.7864 0.4665
vn -0.4427 0.7191 -0.5357
vn -0.6879 0.7258 0.0006
vn -0.2738 0.9614 -0.0251
vn -0.0984 0.5619 -0.8213
vn -0.1725 0.9849 -0.0158
vn -0.5307 -0.0935 -0.8424
vn -0.3466 -0.4126 -0.8424
vn -0.4666 0.2697 -0.8423
vn 0.0245 -0.9991 -0.0337
vn 0.2797 0.1530 -0.9478
vn -0.2803 0.9599 -0.0050
vn -0.5307 0.0935 -0.8424
vn -0.4369 -0.3663 -0.8216
vn -0.2851 0.4939 -0.8215
vn 0.9590 -0.2805 -0.0413
vn 0.9846 0.1742 -0.0121
vn 0.8792 0.4754 -0.0331
vn 0.5305 0.0939 -0.8425
vn 0.9382 -0.3436 -0.0417
vn 0.9384 0.3430 -0.0416
vn 0.9833 0.1740 -0.0539
vn 0.8717 -0.4901 0.0000
vn 0.8656 -0.5007 0.0000
vn 0.9642 0.2473 -0.0957
vn 0.4664 -0.2698 -0.8424
vn -0.6876 0.7261 0.0006
vn 0.8078 0.5883 -0.0365
vn 0.8644 -0.4999 -0.0538
vn 0.7660 -0.6415 -0.0417
vn 0.7652 0.6424 -0.0417
vn 0.3464 0.4126 -0.8425
vn 0.6421 0.7647 -0.0538
vn 0.8082 -0.5875 -0.0411
vn -0.6619 0.5296 0.5305
vn -0.8486 -0.5283 -0.0284
vn -0.4998 0.8660 -0.0158
vn 0.9823 -0.1875 -0.0004
vn 0.9981 0.0621 -0.0004
vn 1.0000 0.0000 0.0001
vn 0.9980 0.0630 0.0009
vn 0.9779 0.2089 -0.0007
vn 0.5303 -0.0157 -0.8477
vn -0.7864 0.4048 -0.4665
vn -0.8873 0.3043 0.3465
vn -0.9779 0.1840 -0.0997
vn -0.2049 -0.0666 -0.9765
vn 0.9510 0.3090 0.0010
vn 0.9781 0.2079 -0.0007
vn 0.4990 0.8642 -0.0644
vn 0.2851 0.4936 -0.8216
vn 0.4991 0.8641 -0.0643
vn 0.0273 -0.9991 -0.0332
vn 0.4996 0.8653 -0.0416
vn -0.6421 0.7665 0.0081
vn -0.8657 0.5004 -0.0081
vn -0.6432 -0.7657 0.0000
vn -0.3716 0.9279 -0.0285
vn -0.6204 -0.7838 -0.0270
vn -0.3331 0.9429 0.0000
vn -0.3332 0.9429 0.0001
vn 0.0171 -0.0484 -0.9987
vn -0.4967 -0.0733 -0.8648
vn 0.5879 0.0867 -0.8043
vn -0.0297 0.0354 -0.9989
vn -0.1366 0.0643 -0.9885
vn -0.0529 -0.6091 -0.7913
vn -0.1267 0.2172 -0.9679
vn -0.9848 -0.1736 0.0000
vn -0.9844 0.1726 -0.0341
vn -0.0083 -0.0398 -0.9992
vn -0.2033 -0.9791 -0.0003
vn -0.2036 -0.9791 0.0000
vn -0.2034 -0.9791 0.0000
vn -0.0032 0.1209 -0.9927
vn -0.2036 0.9791 0.0000
vn -0.2034 0.9791 -0.0002
vn 0.0000 -0.6167 -0.7872
vn -0.9999 0.0000 0.0159
vn -0.9843 0.1735 -0.0340
vn 0.9137 0.4065 -0.0007
vn 0.9048 -0.4258 0.0006
vn 0.9136 -0.4066 0.0000
vn 0.1737 0.9839 -0.0416
vn 0.3428 -0.9393 -0.0120
vn 0.1847 -0.5061 -0.8424
vn 0.1736 -0.9845 -0.0238
vn 0.0990 -0.5616 -0.8215
vn -0.3413 -0.6205 -0.7060
vn -0.1126 -0.1198 -0.9864
vn -0.6694 -0.7429 0.0012
vn -0.6049 -0.7963 -0.0013
vn -0.1996 0.8684 -0.4540
vn -0.2132 0.6775 -0.7039
vn -0.6468 -0.7178 -0.2575
vn -0.1070 0.0000 -0.9943
vn -0.1466 -0.0931 -0.9848
vn 0.0078 0.0000 -1.0000
vn -0.2616 0.9651 -0.0121
vn -0.2239 0.9746 0.0039
vn -0.2002 -0.9797 -0.0093
vn -0.2814 -0.9596 0.0058
vn -0.0758 -0.1314 -0.9884
vn 0.8489 0.2272 -0.4772
vn -0.4830 -0.8369 -0.2575
vn -0.4832 -0.8368 -0.2575
vn -0.4831 0.8368 -0.2576
vn -0.4830 0.8369 -0.2575
vn 0.4434 0.1518 -0.8834
vn -0.6198 0.7840 -0.0332
vn -0.1845 -0.5062 -0.8425
vn -0.4665 -0.2692 -0.8425
vn -0.1839 0.5062 -0.8426
vn -0.5356 0.1946 -0.8217
vn -0.3422 -0.9390 0.0349
vn 0.2404 -0.9673 -0.0813
vn -0.0951 -0.5397 -0.8365
vn -0.1732 0.9828 -0.0643
vn 0.0000 0.5385 -0.8426
vn 0.0000 0.9992 -0.0397
vn -0.3460 -0.4128 -0.8425
vn -0.5698 0.0000 -0.8218
vn -0.3463 0.4124 -0.8426
vn 0.8442 0.5360 0.0009
vn 0.9135 0.4067 -0.0007
vn -0.3413 0.9399 -0.0121
vn -0.8603 -0.5097 0.0000
vn -0.6424 -0.7664 0.0000
vn -0.0518 -0.9953 -0.0823
vn -0.6872 0.7265 0.0006
vn -0.5000 -0.8660 -0.0031
vn -0.6054 -0.7959 0.0012
vn 0.8089 0.5880 -0.0005
vn 0.0106 0.0460 -0.9989
vn -0.4212 -0.3074 -0.8533
vn -0.4389 0.1583 -0.8845
vn 0.3545 0.6141 0.7052
vn 0.4742 -0.5271 0.7052
vn 0.3544 -0.6140 0.7052
vn 0.7707 -0.6372 0.0009
vn 0.8090 -0.5878 -0.0004
vn -0.4205 0.9073 -0.0062
vn -0.4206 0.3541 -0.8353
vn -0.7634 0.6427 -0.0641
vn -0.6425 0.7652 -0.0398
vn -0.7651 -0.6426 -0.0416
vn -0.5155 0.8569 -0.0005
vn -0.2653 0.4777 -0.8375
vn -0.0070 -0.0372 -0.9993
vn -0.9379 0.3409 -0.0644
vn -0.9379 0.3408 -0.0644
vn -0.8661 -0.4998 0.0000
vn -0.7105 -0.7028 -0.0348
vn -0.5155 -0.1877 -0.8361
vn -0.9390 0.3413 -0.0416
vn -0.9388 -0.3419 -0.0416
vn -0.5000 0.8660 0.0003
vn -0.1505 -0.7950 -0.5877
vn -0.1447 -0.7858 -0.6014
vn -0.1811 -0.9835 0.0012
vn -0.9991 0.0000 -0.0417
vn -0.9979 0.0000 -0.0643
vn 0.6846 0.7289 0.0006
vn 0.3546 0.6141 0.7051
vn 0.3546 0.6140 0.7051
vn 0.3549 -0.6138 0.7052
vn 0.3546 -0.6140 0.7051
vn -0.2033 0.9791 0.0000
vn 0.6692 0.7431 0.0000
vn 0.6691 -0.7431 -0.0007
vn -0.2237 -0.9747 0.0000
vn -0.3335 0.9427 0.0000
vn -0.4999 -0.8661 0.0012
vn -0.4197 -0.9076 -0.0013
vn -0.4831 -0.8369 -0.2574
vn 0.6688 -0.7434 -0.0007
vn 0.5878 -0.8090 0.0010
vn -0.1254 0.9921 -0.0064
vn -0.1267 0.9919 -0.0056
vn -0.2243 0.9745 0.0039
vn -0.2987 -0.9190 -0.2575
vn -0.2983 -0.9191 -0.2574
vn -0.2987 0.9189 -0.2576
vn -0.2986 0.9190 -0.2575
vn -0.0383 0.0548 -0.9978
vn -0.0264 0.8910 -0.4532
vn -0.0897 0.7020 -0.7065
vn -0.1705 0.9854 0.0000
vn 0.2191 0.6744 0.7051
vn 0.3542 -0.6142 0.7052
vn 0.2191 -0.6743 0.7052
vn 0.4819 0.8762 0.0000
vn 0.4816 0.8764 -0.0000
vn 0.5002 0.8659 0.0007
vn 0.5006 -0.8657 0.0001
vn -0.3188 0.9478 -0.0003
vn -0.3087 -0.9511 -0.0004
vn -0.3091 0.9510 0.0002
vn -0.3195 0.9476 -0.0003
vn -0.4202 -0.9074 0.0012
vn -0.0366 -0.3515 -0.9355
vn 0.1122 0.3066 -0.9452
vn 0.5877 -0.8091 -0.0007
vn -0.0026 -0.0376 -0.9993
vn -0.0684 -0.9977 0.0000
vn -0.0088 0.1284 -0.9917
vn -0.0682 0.9977 0.0000
vn 0.4995 -0.8663 -0.0007
vn 0.3681 -0.9298 0.0009
vn 0.0139 0.0265 -0.9996
vn -0.0592 -0.4517 -0.8902
vn -0.0324 -0.8147 -0.5790
vn -0.1289 -0.9917 0.0012
vn -0.0629 -0.9976 -0.0290
vn -0.3091 -0.9510 0.0012
vn -0.2149 -0.9766 -0.0013
vn 0.3090 -0.9510 -0.0005
vn 0.2488 0.9686 0.0009
vn 0.3088 0.9511 -0.0004
vn 0.2189 0.6744 0.7052
vn -0.0571 -0.9984 0.0000
vn -0.0001 0.0000 1.0000
vn -0.1477 -0.9872 -0.0609
vn -0.1009 -0.9610 -0.2575
vn -0.1010 -0.9610 -0.2575
vn -0.1009 0.9603 -0.2602
vn 0.0742 0.7051 0.7052
vn 0.0740 0.7052 0.7052
vn 0.0733 -0.6984 0.7119
vn -0.1079 0.9942 0.0002
vn -0.1044 -0.9945 0.0012
vn -0.1114 0.9938 0.0000
vn -0.1076 0.9603 -0.2574
vn -0.0033 0.1163 -0.9932
vn -0.0253 0.8911 -0.4531
vn -0.0253 0.8910 -0.4533
vn -0.0287 0.9996 0.0043
vn 0.1252 -0.9921 -0.0004
vn 0.1043 0.9945 -0.0007
vn 0.1389 -0.9903 0.0000
vn 0.0987 -0.7037 0.7037
vn -0.0026 1.0000 0.0000
vn -0.0027 1.0000 -0.0000
vn 0.0131 0.9998 -0.0123
vn -0.0283 0.9996 0.0043
vn 0.5424 0.3127 0.7798
vn 0.6465 0.2351 0.7258
vn 0.6467 0.2354 0.7255
vn 0.4448 0.3739 0.8139
vn 0.5462 -0.1990 0.8137
vn -0.1048 -0.9945 0.0012
vn -0.0542 -0.9985 0.0000
vn -0.1013 -0.9610 -0.2574
vn -0.0306 -0.0583 -0.9978
vn 0.0243 -0.4549 -0.8902
vn -0.0099 -0.8913 -0.4534
vn 0.0105 -0.9517 -0.3070
vn 0.0955 -0.9954 0.0062
vn 0.0630 0.9980 -0.0007
vn 0.1051 0.9945 0.0000
vn 0.0745 0.7051 0.7051
vn 0.3441 -0.5955 0.7259
vn 0.3442 -0.5958 0.7256
vn 0.3443 -0.5951 0.7262
vn 0.3448 -0.5958 0.7253
vn 0.8658 0.4992 -0.0340
vn 0.8653 0.5002 -0.0341
vn 0.9843 -0.1735 -0.0340
vn 0.8774 -0.4797 0.0000
vn 0.8649 0.4987 -0.0563
vn 0.5358 0.1952 -0.8214
vn 0.9391 0.3422 -0.0315
vn 0.9844 -0.1738 -0.0262
vn 0.8649 -0.5000 -0.0440
vn 0.6423 -0.7664 0.0000
vn 0.8485 -0.5284 -0.0285
vn 0.3462 -0.4131 -0.8423
vn 0.6421 -0.7662 -0.0263
vn 0.3420 0.9391 -0.0341
vn 0.0984 0.5619 -0.8213
vn 0.1723 0.9837 -0.0511
vn 0.0991 0.5615 -0.8215
vn 0.1735 0.9835 -0.0510
vn 0.3416 -0.9388 -0.0440
vn 0.1843 -0.5065 -0.8423
vn -0.3181 -0.9480 -0.0070
vn -0.1843 -0.5065 -0.8423
vn -0.4666 -0.2697 -0.8423
vn -0.3466 0.4126 -0.8424
vn 0.3063 -0.1034 -0.9463
vn -0.0562 -0.9959 -0.0710
vn -0.0028 1.0000 0.0000
vn 0.0001 -0.0355 -0.9994
vn 0.2769 0.2979 -0.9135
vn -0.1251 -0.9921 0.0006
vn -0.1044 -0.9945 0.0000
vn -0.1738 -0.9843 -0.0313
vn -0.3173 -0.9483 -0.0093
vn 0.0088 -0.1285 -0.9917
vn 0.0684 -0.9977 0.0000
vn 0.1013 -0.9610 -0.2574
vn 0.1010 -0.9610 -0.2575
vn -0.0742 0.7051 0.7052
vn -0.0745 0.7051 0.7051
vn -0.0992 -0.5615 -0.8215
vn -0.3461 0.4132 -0.8423
vn 0.0590 -0.6413 -0.7650
vn -0.0197 -0.1816 -0.9832
vn 0.1114 0.9938 0.0000
vn 0.1079 0.9942 0.0002
vn -0.1002 -0.5721 0.8140
vn 0.0000 -0.6253 0.7804
vn -0.1189 -0.6787 0.7247
vn -0.1050 0.9945 -0.0007
vn -0.0630 0.9980 0.0000
vn 0.1048 -0.9945 0.0000
vn 0.0542 -0.9985 0.0012
vn -0.0740 -0.7052 0.7052
vn 0.1010 0.9610 -0.2576
vn 0.1075 0.9595 -0.2603
vn 0.0084 0.1232 -0.9924
vn 0.0087 0.1241 -0.9922
vn 0.0682 0.9977 0.0000
vn 0.0110 -0.9999 0.0062
vn 0.0758 -0.9971 -0.0117
vn -0.6236 0.7817 -0.0070
vn -0.3421 0.9393 -0.0262
vn -0.3419 -0.9397 -0.0081
vn 0.1665 0.3045 -0.9379
vn -0.6421 0.7665 -0.0081
vn -0.3650 -0.9310 -0.0070
vn -0.6426 0.7649 -0.0440
vn -0.6138 -0.7895 0.0063
vn -0.3445 -0.5954 0.7258
vn -0.3445 -0.5958 0.7255
vn -0.0317 0.1442 -0.9890
vn -0.1093 0.5180 -0.8484
vn -0.1363 0.2051 -0.9692
vn -0.8657 0.5004 0.0081
vn -0.8649 -0.5000 -0.0441
vn -0.9888 0.1493 -0.0069
vn -0.9394 0.3424 -0.0161
vn -0.8653 -0.5002 -0.0341
vn 0.1110 -0.9916 -0.0663
vn 0.1900 -0.9818 0.0000
vn -0.9848 0.1736 -0.0081
vn -0.9842 0.1735 -0.0342
vn 0.0704 0.9975 0.0059
vn 0.0626 0.8892 -0.4533
vn 0.0626 0.8891 -0.4535
vn -0.0402 0.0867 -0.9954
vn -0.0429 0.0248 -0.9988
vn 0.0707 -0.3351 -0.9395
vn -0.0464 0.0000 -0.9989
vn -0.3547 0.4227 0.8340
vn -0.1045 0.9945 -0.0007
vn -0.0741 0.7051 0.7052
vn -0.2488 0.9686 0.0009
vn -0.6468 0.2352 0.7254
vn -0.5456 -0.1988 0.8141
vn -0.5413 -0.3134 0.7802
vn -0.6698 -0.2440 0.7013
vn -0.6617 -0.2229 0.7158
vn 0.1043 -0.9945 0.0012
vn 0.1008 -0.9610 -0.2575
vn 0.2149 -0.9766 -0.0013
vn -0.4773 0.2759 0.8343
vn -0.7111 -0.0177 0.7028
vn 0.1650 0.9863 0.0000
vn -0.3196 -0.3249 -0.8901
vn 0.1089 -0.9940 0.0030
vn 0.0971 -0.8862 -0.4531
vn 0.0972 -0.8857 -0.4539
vn -0.3086 0.9512 -0.0004
vn -0.2188 0.6744 0.7052
vn 0.0127 -0.1155 -0.9932
vn -0.3092 -0.9510 -0.0005
vn -0.2192 -0.6743 0.7052
vn -0.3681 -0.9298 0.0009
vn 0.0700 0.9975 0.0059
vn 0.1683 0.9857 -0.0132
vn 0.1512 0.9885 -0.0010
vn 0.3091 -0.9510 0.0012
vn 0.2987 -0.9190 -0.2575
vn 0.3197 0.9475 0.0002
vn 0.3220 0.9468 0.0003
vn 0.2986 0.9190 -0.2575
vn 0.3107 0.9135 -0.2627
vn -0.2192 0.6744 0.7051
vn -0.4817 0.8763 -0.0004
vn -0.4698 0.8828 -0.0002
vn -0.3324 0.6247 0.7065
vn -0.3511 0.6083 0.7118
vn -0.4991 -0.8666 -0.0007
vn -0.3538 -0.6144 0.7052
vn 0.1500 0.8785 -0.4535
vn 0.1503 0.8790 -0.4525
vn 0.0197 0.1151 -0.9932
vn 0.3090 -0.9511 0.0012
vn 0.2985 -0.9190 -0.2574
vn 0.4206 -0.9072 -0.0013
vn 0.2762 -0.9611 0.0000
vn -0.5006 -0.8657 -0.0007
vn -0.3544 -0.6141 0.7051
vn -0.3549 -0.6138 0.7052
vn -0.5885 -0.8085 0.0010
vn 0.0253 -0.1218 -0.9922
vn 0.2035 -0.9791 -0.0002
vn 0.2033 -0.9791 0.0000
vn 0.0261 0.1258 -0.9917
vn 0.2035 0.9791 0.0000
vn 0.3130 0.8891 0.3340
vn 0.2131 -0.9770 -0.0043
vn 0.4997 -0.8662 -0.0019
vn 0.4196 -0.9077 0.0012
vn 0.3183 0.9480 0.0003
vn -0.4816 0.8764 0.0000
vn -0.6688 -0.7434 0.0019
vn -0.5878 -0.8090 -0.0007
vn 0.2064 -0.9784 -0.0087
vn 0.1840 -0.8722 -0.4531
vn 0.1391 -0.7980 -0.5864
vn 0.0307 -0.0139 -0.9994
vn 0.4829 -0.8370 -0.2575
vn 0.5002 0.8659 0.0003
vn 0.4830 0.8369 -0.2575
vn 0.4833 0.8367 -0.2576
vn 0.5155 0.8569 -0.0005
vn 0.3282 0.9446 0.0001
vn 0.3284 0.9445 0.0000
vn -0.0175 -0.0503 -0.9986
vn 0.5179 0.2408 -0.8209
vn -0.6846 0.7289 0.0006
vn -0.6692 0.7431 0.0000
vn -0.4745 0.5269 0.7052
vn -0.3545 0.6141 0.7052
vn -0.3544 -0.6140 0.7052
vn -0.4742 -0.5271 0.7052
vn 0.4830 -0.8369 -0.2574
vn -0.6691 -0.7431 -0.0007
vn -0.4745 -0.5269 0.7052
vn -0.4745 -0.5269 0.7051
vn -0.7705 -0.6374 0.0009
vn 0.5004 -0.8658 0.0012
vn 0.4835 -0.8366 -0.2575
vn 0.6054 -0.7959 -0.0013
vn 0.3280 0.9447 0.0000
vn 0.2361 0.8599 -0.4525
vn -0.4744 0.5269 0.7052
vn -0.8092 -0.5875 -0.0005
vn -0.5738 -0.4166 0.7051
vn 0.2358 0.8595 -0.4536
vn 0.2867 0.9580 0.0009
vn 0.2648 0.9643 -0.0050
vn 0.0304 0.1108 -0.9934
vn -0.0081 0.0387 0.9992
vn 0.0187 0.0156 0.9997
vn 0.0385 0.0000 0.9993
vn 0.2037 -0.9790 0.0000
vn 0.0327 -0.0274 0.9991
vn 0.0358 -0.0131 0.9993
vn 0.0293 -0.0508 0.9983
vn 0.0217 -0.1229 0.9922
vn 0.0000 -0.3566 0.9343
vn 0.0456 0.0166 0.9988
vn 0.0395 0.0000 0.9992
vn -0.0106 0.9999 0.0000
vn -0.8091 0.5877 -0.0005
vn -0.5736 0.4167 0.7052
vn -0.8444 0.5357 0.0009
vn 0.9979 0.0000 -0.0645
vn 0.5702 0.0000 -0.8215
vn 0.9382 -0.3436 -0.0416
vn 0.9520 0.3060 0.0000
vn 0.6692 -0.7431 -0.0001
vn 0.6466 -0.7181 -0.2575
vn 0.7660 -0.6415 -0.0416
vn 0.8645 -0.5000 -0.0503
vn 0.4941 -0.8694 0.0000
vn 0.6691 0.7431 0.0002
vn 0.6879 0.7258 0.0006
vn 0.6466 0.7181 -0.2576
vn 0.6425 0.7652 -0.0397
vn 0.6414 -0.7653 -0.0539
vn 0.4996 -0.8653 -0.0417
vn 0.3461 -0.4130 -0.8424
vn -0.5736 -0.4167 0.7052
vn 0.4336 -0.9011 0.0000
vn -0.9048 -0.4258 0.0006
vn 0.4317 -0.1154 -0.8946
vn 0.2116 -0.5799 -0.7867
vn -0.9135 0.4067 -0.0007
vn -0.6477 0.2884 0.7052
vn -0.9135 -0.4069 0.0000
vn -0.6477 -0.2883 0.7052
vn -0.6477 -0.2885 0.7052
vn 0.6049 -0.7963 0.0012
vn 0.3018 -0.9534 0.0049
vn 0.2982 -0.9420 -0.1541
vn 0.6877 0.7260 -0.0006
vn -0.3156 -0.9483 -0.0332
vn 0.3428 -0.9394 0.0000
vn 0.2718 -0.7630 -0.5865
vn 0.2136 -0.6743 -0.7069
vn 0.0111 -0.0350 -0.9993
vn -0.9134 0.4071 -0.0007
vn -0.6477 0.2887 0.7051
vn -0.6478 0.2883 0.7052
vn 0.2864 0.9580 -0.0106
vn -0.9510 0.3090 0.0010
vn -0.0989 0.5612 -0.8218
vn -0.0990 -0.5615 -0.8215
vn -0.5356 -0.1948 -0.8217
vn -0.4666 0.2689 -0.8426
vn -0.1736 -0.9845 -0.0239
vn -0.3424 -0.9396 0.0000
vn -0.4353 -0.1023 -0.8944
vn -0.2113 -0.5798 -0.7869
vn -0.5305 0.0932 -0.8426
vn -0.4680 0.0069 -0.8837
vn 0.6691 -0.7432 0.0012
vn 0.6465 -0.7181 -0.2575
vn 0.7623 -0.6472 -0.0012
vn -0.5004 0.8648 -0.0415
vn -0.8509 0.5243 -0.0331
vn -0.4997 -0.8659 0.0238
vn -0.2741 -0.4749 -0.8363
vn -0.9781 0.2079 -0.0007
vn -0.6936 0.1474 0.7051
vn -0.9823 -0.1875 -0.0005
vn -0.9848 -0.1738 0.0000
vn -0.6935 -0.1475 0.7052
vn -0.6916 -0.1221 0.7119
vn 0.9842 0.1740 -0.0341
vn 0.9842 0.1735 -0.0341
vn 0.5358 0.1945 -0.8216
vn 0.9388 0.3408 -0.0509
vn 0.8652 -0.5003 -0.0341
vn 0.2886 -0.9574 0.0049
vn 0.3461 -0.9380 -0.0170
vn 0.4607 -0.2233 -0.8590
vn 0.4611 0.2235 -0.8588
vn -0.2751 -0.4754 -0.8357
vn 0.0138 -0.0389 -0.9991
vn 0.3348 -0.9423 0.0000
vn -0.3294 0.2418 0.9127
vn 0.0395 0.1111 -0.9930
vn 0.0476 0.1241 -0.9911
vn 0.3349 0.9422 0.0000
vn 0.8660 -0.4988 -0.0341
vn 0.8652 -0.5003 -0.0340
vn 0.4668 -0.2689 -0.8425
vn 0.8661 -0.4988 -0.0340
vn 0.4818 0.8763 0.0000
vn 0.4819 0.8762 0.0001
vn 0.6428 0.7653 -0.0340
vn 0.6418 0.7661 -0.0342
vn 0.3411 -0.9394 -0.0340
vn 0.1839 -0.5065 -0.8424
vn 0.6429 0.7655 -0.0262
vn -0.9782 0.2078 -0.0007
vn -0.6935 0.1473 0.7052
vn -0.6935 0.1475 0.7052
vn -0.7643 0.6435 -0.0415
vn -0.6430 0.7658 -0.0121
vn -0.8661 -0.4998 -0.0122
vn -0.9980 0.0629 0.0009
vn -1.0000 0.0000 0.0001
vn -0.9980 0.0635 -0.0005
vn -0.7090 0.0000 0.7052
vn -0.4131 0.1672 -0.8952
vn 0.1578 -0.1147 -0.9808
vn 0.1580 0.1148 -0.9807
vn -0.4131 -0.1672 -0.8952
vn 0.3633 -0.3652 -0.8571
vn 0.0000 0.9994 -0.0342
vn 0.1737 -0.9847 -0.0161
vn 0.0984 0.5618 -0.8214
vn 0.1723 0.9837 -0.0510
vn 0.3420 -0.9391 -0.0341
vn -0.9892 -0.1216 -0.0823
vn -0.8664 0.4993 0.0000
vn -0.9398 -0.3418 0.0000
vn -0.5155 -0.1875 -0.8361
vn -0.7058 0.7084 -0.0063
vn -0.5154 0.1873 -0.8362
vn -0.6638 -0.7472 -0.0332
vn 0.8091 -0.5877 -0.0002
vn 0.7816 -0.5681 -0.2575
vn 0.7818 -0.5679 -0.2576
vn -0.5151 -0.1876 -0.8364
vn -0.9841 0.1730 -0.0398
vn 0.0000 0.5393 -0.8421
vn -0.5312 0.0936 -0.8421
vn -0.4672 -0.2691 -0.8422
vn -0.3463 0.4134 -0.8421
vn -0.3733 0.2483 -0.8939
vn -0.0188 0.4473 -0.8942
vn 0.8278 0.5611 0.0008
vn 0.8089 0.5879 -0.0010
vn 0.7818 0.5679 -0.2576
vn 0.7816 0.5681 -0.2575
vn -0.1391 -0.4306 -0.8918
vn -0.3416 -0.9388 -0.0440
vn -0.3417 -0.9392 -0.0341
vn -0.3425 -0.9389 -0.0340
vn 0.3581 0.9337 0.0061
vn 0.7617 -0.6479 0.0011
vn 0.3193 0.8321 -0.4535
vn -0.7655 0.6426 -0.0315
vn -0.6422 0.7666 -0.0054
vn -0.6421 -0.7662 -0.0263
vn -0.6428 0.7653 -0.0342
vn -0.6418 0.7661 -0.0340
vn -0.8661 -0.4988 -0.0340
vn -0.8652 -0.5003 -0.0341
vn 0.3197 0.8325 -0.4526
vn -0.8657 -0.4986 -0.0440
vn -0.9844 -0.1738 -0.0264
vn -0.9842 0.1735 -0.0341
vn -0.9839 0.1734 -0.0441
vn -0.9842 0.1740 -0.0341
vn 0.8086 -0.5884 0.0011
vn 0.7819 -0.5677 -0.2576
vn 0.7813 -0.5686 -0.2575
vn 0.8836 -0.4683 -0.0012
vn 0.9136 -0.4067 0.0011
vn 0.8837 -0.3933 -0.2537
vn 0.9139 0.4060 0.0007
vn 0.7814 0.5684 -0.2575
vn 0.8840 0.3927 -0.2537
vn 0.4074 -0.9133 -0.0052
vn 0.3894 -0.9076 -0.1570
vn 0.2791 -0.6504 -0.7065
vn 0.2790 -0.6500 -0.7069
vn 0.4160 0.9093 0.0061
vn 0.3585 0.9335 -0.0042
vn 0.9136 0.4067 0.0007
vn 0.8801 0.4008 -0.2547
vn 0.8828 0.3930 -0.2575
vn 0.5785 -0.8157 0.0000
vn 0.9290 0.3700 -0.0008
vn 0.0142 -0.0330 -0.9994
vn 0.5784 -0.8158 -0.0000
vn 0.9137 -0.4064 0.0011
vn 0.8796 -0.4007 -0.2563
vn 0.8829 -0.3927 -0.2575
vn 0.9635 -0.2675 -0.0011
vn 0.9782 -0.2078 0.0010
vn 0.9452 -0.2008 -0.2575
vn 0.9780 0.2086 0.0008
vn 0.9450 0.2015 -0.2575
vn 0.3456 -0.9384 0.0056
vn 0.4163 0.9092 -0.0121
vn 0.5784 -0.8157 0.0000
vn 0.9782 0.2078 0.0008
vn 0.9452 0.2010 -0.2574
vn 0.9452 0.2008 -0.2575
vn 0.6172 0.7868 0.0003
vn 0.6169 0.7871 0.0000
vn 0.9868 0.1618 -0.0009
vn 0.9781 -0.2083 0.0010
vn 0.9452 -0.2009 -0.2575
vn 0.9451 -0.2013 -0.2575
vn 0.9985 -0.0539 -0.0010
vn 1.0000 0.0000 0.0002
vn 0.9663 0.0000 -0.2575
vn 0.9985 -0.0541 0.0009
vn 1.0000 0.0000 0.0009
vn 0.4894 0.1786 0.8536
vn 0.9394 0.3428 0.0000
vn 0.4893 -0.1786 0.8536
vn 0.9394 -0.3428 0.0000
vn 0.4489 0.8936 0.0034
vn 0.0208 0.0000 -0.9998
vn 0.4002 0.7968 -0.4526
vn 0.3993 0.3348 0.8535
vn 0.7663 0.6425 0.0000
vn 0.4000 0.7966 -0.4532
vn 0.3649 -0.9310 0.0056
vn 0.4725 -0.8812 -0.0135
vn 0.0541 0.1078 -0.9927
vn 0.0189 -0.0364 -0.9992
vn 0.4601 -0.8879 0.0000
vn 0.0580 0.1119 -0.9920
vn 0.4599 0.8879 0.0000
vn 0.2605 0.4513 0.8535
vn 0.4999 0.8661 0.0000
vn 0.8009 0.5963 0.0546
vn 0.0907 0.5131 0.8535
vn 0.1738 0.9827 0.0645
vn 0.0871 0.9948 0.0521
vn 0.1741 -0.9847 0.0000
vn 0.4917 -0.8708 -0.0018
vn -0.0907 0.5131 0.8535
vn -0.1737 0.9822 0.0711
vn -0.2605 0.4513 0.8535
vn -0.4894 0.1786 0.8536
vn -0.3993 0.3348 0.8535
vn -0.2604 -0.4511 0.8537
vn -0.4893 -0.1786 0.8536
vn -0.0265 -0.1500 0.9883
vn 0.4134 -0.7897 -0.4532
vn 0.3590 -0.6106 -0.7059
vn 0.0361 -0.1105 -0.9932
vn -0.4994 0.8652 0.0449
vn -0.3411 0.9365 0.0811
vn -0.0389 -0.0674 0.9970
vn -0.7655 0.6418 0.0448
vn -0.8818 0.4717 0.0000
vn 0.2269 0.2031 0.9525
vn -0.0451 -0.0378 0.9983
vn -0.0002 0.0000 -1.0000
vn 0.4954 -0.1169 -0.8608
vn 0.0000 0.0371 -0.9993
vn -0.8119 -0.1351 -0.5679
vn 0.5200 0.0449 -0.8530
vn -0.9394 0.3428 0.0000
vn -0.9394 -0.3428 0.0000
vn 0.7446 0.6675 0.0000
vn 0.4485 0.8938 0.0034
vn 0.5379 0.8430 -0.0071
vn 0.5346 0.8451 -0.0048
vn -0.0476 0.0174 0.9987
vn -0.0322 0.0457 0.9984
vn -0.0511 -0.0187 0.9985
vn -0.0592 0.0000 0.9982
vn 0.4766 0.7533 -0.4532
vn 0.4764 0.7532 -0.4536
vn 0.9382 0.3436 -0.0416
vn 0.6629 -0.7480 -0.0332
vn 0.7445 0.6676 0.0000
vn 0.0617 0.0975 -0.9933
vn 0.7660 0.6415 -0.0416
vn 0.8659 -0.5001 -0.0121
vn 0.4665 -0.2694 -0.8425
vn 0.2742 -0.4750 -0.8362
vn 0.8204 -0.5717 -0.0062
vn -0.3314 0.9435 0.0000
vn 0.1732 -0.9828 -0.0643
vn 0.1735 -0.9827 -0.0643
vn 0.5054 -0.7340 -0.4537
vn 0.8157 -0.5785 0.0000
vn 0.5672 -0.8236 0.0019
vn 0.5054 -0.7339 -0.4539
vn 0.5899 -0.8074 -0.0112
vn -0.5239 -0.2916 -0.8003
vn -0.2849 0.4937 -0.8217
vn -0.1734 -0.9840 -0.0416
vn 0.0700 -0.0991 -0.9926
vn 0.0723 -0.1051 -0.9918
vn 0.5768 -0.8169 -0.0002
vn 0.5767 -0.8170 0.0000
vn 0.0743 0.1053 -0.9917
vn 0.5769 0.8168 0.0000
vn 0.5767 0.8170 0.0003
vn -0.0834 0.9965 0.0000
vn -0.2744 0.4743 -0.8365
vn -0.4988 0.8643 -0.0643
vn -0.6425 -0.7652 -0.0397
vn -0.8214 -0.5703 0.0000
vn -0.9825 0.1864 0.0000
vn 0.8458 0.5334 0.0000
vn 0.3213 0.3787 -0.8680
vn 0.5298 -0.3011 -0.7929
vn -0.0550 0.0062 -0.9985
vn -0.0548 -0.5650 -0.8232
vn -0.2804 0.3549 -0.8919
vn -0.0506 -0.0116 -0.9987
vn 0.6150 0.7885 0.0046
vn 0.0057 0.0000 1.0000
vn 0.5484 0.7025 -0.4536
vn 0.5485 0.7026 -0.4534
vn 0.0711 0.0911 -0.9933
vn 0.6154 0.7882 0.0046
vn 0.6494 0.7604 -0.0124
vn 0.5766 0.8170 0.0002
vn 0.9012 -0.4335 0.0000
vn 0.6452 -0.7640 0.0063
vn 0.5749 -0.6808 -0.4539
vn 0.6098 -0.6858 -0.3972
vn 0.2787 -0.3599 -0.8904
vn 0.9234 0.3839 0.0000
vn 0.9233 0.3840 -0.0001
vn 0.0793 -0.0515 -0.9955
vn 0.5762 0.8173 0.0000
vn 0.5854 -0.8107 0.0063
vn 0.6956 -0.7179 -0.0295
vn 0.9612 -0.2759 0.0000
vn 0.9610 -0.2764 -0.0001
vn 0.6898 0.7240 0.0057
vn 0.9232 0.3843 0.0000
vn 0.9610 -0.2765 0.0000
vn 0.6150 0.6451 -0.4534
vn 0.6826 -0.7308 0.0000
vn 0.6874 -0.7261 0.0179
vn 0.0830 0.0888 -0.9926
vn 0.0876 0.0919 -0.9919
vn 0.6826 0.7308 0.0000
vn 0.6150 0.6451 -0.4533
vn 0.9747 0.2236 0.0000
vn 0.9938 -0.1112 0.0000
vn 0.7472 -0.6646 0.0024
vn 0.6829 -0.6626 -0.3077
vn 0.3259 -0.3162 -0.8910
vn 0.9984 0.0572 0.0001
vn 0.9984 0.0571 0.0000
vn 0.3258 -0.3161 -0.8910
vn 0.9983 0.0578 0.0000
vn 0.6904 0.7234 0.0057
vn 0.7482 0.6634 -0.0093
vn 0.6885 0.0000 0.7252
vn 0.6468 -0.2354 0.7254
vn 0.5276 0.4422 0.7253
vn 0.4781 0.2756 0.8339
vn 0.5420 -0.3129 0.7799
vn 0.6465 -0.2355 0.7257
vn 0.7664 0.6424 0.0000
vn 0.7664 -0.6424 0.0000
vn 0.4455 -0.3735 0.8137
vn 0.7613 0.6484 -0.0055
vn 0.3436 0.5971 0.7248
vn 0.4025 -0.4796 0.7798
vn 0.3443 -0.5959 0.7255
vn 0.7146 0.6087 -0.3446
vn 0.6883 0.5667 -0.4529
vn 0.4988 0.8667 0.0000
vn 0.5001 -0.8660 0.0000
vn 0.2907 -0.5034 0.8137
vn 0.3441 -0.5958 0.7257
vn 0.1011 0.0545 -0.9934
vn 0.3320 0.3114 -0.8904
vn 0.1200 0.6766 0.7265
vn 0.7886 -0.6149 0.0024
vn 0.7484 0.6633 0.0013
vn 0.7767 -0.6298 -0.0069
vn 0.6925 -0.5616 -0.4529
vn 0.7136 -0.5998 -0.3621
vn 0.7757 -0.6311 -0.0002
vn 0.7757 0.6311 0.0000
vn 0.3680 -0.2677 -0.8905
vn -0.1202 0.6782 0.7250
vn -0.1746 0.9846 0.0000
vn -0.1729 -0.9849 0.0000
vn -0.1004 -0.5722 0.8140
vn -0.1193 0.6773 0.7260
vn 0.7802 -0.6253 0.0181
vn 0.0859 -0.0974 -0.9915
vn -0.4988 0.8667 0.0000
vn -0.3429 0.5958 0.7262
vn -0.5001 -0.8660 0.0000
vn -0.2907 -0.5034 0.8137
vn -0.2144 -0.5880 0.7799
vn -0.2898 0.5036 0.8139
vn -0.3442 -0.5960 0.7254
vn -0.3442 -0.5958 0.7256
vn -0.1884 0.5186 0.8340
vn 0.7787 0.5463 -0.3086
vn -0.5271 -0.4419 0.7259
vn -0.5273 -0.4425 0.7254
vn -0.4455 -0.3735 0.8137
vn 0.8186 0.5743 0.0013
vn 0.8328 0.5534 -0.0109
vn 0.7186 0.5279 -0.4528
vn -0.5275 0.4424 0.7253
vn 0.3834 0.2452 -0.8904
vn -0.6695 0.2435 0.7018
vn -0.6717 0.2145 0.7091
vn -0.5436 -0.0960 0.8339
vn -0.5465 0.1987 0.8136
vn -0.6467 -0.2354 0.7255
vn 0.8405 -0.5416 -0.0150
vn 0.7886 -0.6149 0.0053
vn 0.0377 0.0632 -0.9973
vn -0.8625 0.0000 0.5060
vn -0.4956 0.1984 0.8456
vn -0.6885 0.0000 0.7252
vn -0.5432 0.0961 0.8341
vn 0.7494 -0.4828 -0.4531
vn 0.7764 -0.4719 -0.4178
vn 0.4739 -0.3513 -0.8075
vn 0.8322 -0.5544 0.0053
vn 0.1004 -0.0611 -0.9931
vn -0.1086 0.1379 -0.9845
vn 0.8659 -0.5000 -0.0170
vn 0.8712 0.4909 0.0063
vn -0.1713 0.0000 0.9852
vn 0.7765 0.4375 -0.4534
vn 0.8544 -0.5196 -0.0000
vn 0.1096 0.0667 -0.9917
vn 0.8544 0.5196 0.0000
vn 0.7764 0.4375 -0.4537
vn 0.1020 0.0575 -0.9931
vn 0.8962 -0.4437 0.0052
vn 0.8788 -0.4511 -0.1558
vn 0.8712 0.4908 0.0063
vn 0.9014 0.4328 -0.0118
vn 0.5230 -0.2685 -0.8090
vn 0.6449 -0.2899 -0.7072
vn 0.0129 -0.0163 -0.9998
vn 0.9153 0.4027 0.0029
vn 0.9046 0.3980 -0.1530
vn 0.8734 -0.4869 0.0052
vn 0.8236 0.3408 -0.4533
vn 0.9268 -0.3754 -0.0130
vn 0.6397 0.3025 -0.7066
vn 0.9339 -0.3575 -0.0024
vn 0.8221 -0.3449 -0.4531
vn 0.1304 0.0348 -0.9908
vn 0.6657 -0.2414 -0.7061
vn 0.0379 -0.0164 -0.9991
vn 0.9172 -0.3983 0.0001
vn 0.9174 -0.3980 0.0000
vn 0.0365 0.0158 -0.9992
vn 0.9172 0.3983 0.0000
vn 0.9526 0.3040 -0.0078
vn 0.9469 0.3215 0.0029
vn 0.0916 -0.0599 -0.9940
vn 0.9172 -0.3984 0.0000
vn 0.8958 0.3042 -0.3240
vn 0.6784 0.2011 -0.7066
vn 0.8412 0.2954 -0.4529
vn 0.8626 -0.2249 -0.4531
vn 0.9591 -0.2831 0.0020
vn 0.9698 -0.2435 -0.0161
vn 0.0471 0.0418 -0.9980
vn 0.6752 -0.2122 -0.7064
vn 0.9766 0.2151 0.0049
vn -0.1226 0.0000 0.9925
vn 0.1185 -0.0332 -0.9924
vn 0.0194 0.0232 -0.9995
vn 0.8705 0.1917 -0.4533
vn 0.9855 0.1694 -0.0124
vn 0.8703 0.1918 -0.4537
vn 0.9876 -0.1570 0.0063
vn 0.9716 -0.1749 -0.1595
vn 0.8736 -0.1770 -0.4532
vn 0.9629 -0.2698 0.0000
vn 0.1241 0.0348 -0.9917
vn 0.9629 0.2698 0.0000
vn 0.6998 -0.1061 -0.7064
vn 0.9842 -0.1772 0.0063
vn 0.1124 0.0248 -0.9933
vn 0.9942 -0.1071 -0.0113
vn 0.9930 0.1180 0.0055
vn 0.8850 0.1050 -0.4537
vn 0.9968 -0.0794 0.0018
vn 0.9482 -0.0755 -0.3087
vn 0.0516 -0.0348 -0.9981
vn 0.9931 0.1175 0.0055
vn 0.8848 0.1050 -0.4540
vn 0.9995 0.0312 -0.0088
vn 0.8899 -0.0513 -0.4534
vn 0.9999 0.0123 -0.0020
vn 0.9995 0.0316 0.0018
vn 0.9326 0.0114 -0.3608
vn 0.8912 -0.0020 -0.4536
vn 0.4523 -0.0555 -0.8902
vn 0.1292 0.0153 -0.9915
vn 0.1276 -0.0175 -0.9917
vn 0.0598 0.0266 -0.9979
vn 0.4547 0.0283 -0.8902
vn 0.1205 -0.0214 -0.9925
vn 0.1185 0.0163 -0.9928
vn 0.9907 -0.1362 0.0000
vn 0.9907 0.1362 0.0000
vn 0.9797 0.0000 0.2004
vn 0.9884 0.1519 0.0000
vn 0.9884 -0.1519 0.0000
vn 0.8326 -0.5539 0.0000
vn 0.8368 -0.5476 -0.0007
vn 0.0000 -0.7071 -0.7071
vn 0.5978 -0.3912 -0.6997
vn 0.5771 -0.3914 0.7168
vn 0.5892 -0.3919 0.7066
vn -0.7637 0.6456 0.0000
vn -0.5239 0.4173 -0.7426
vn -0.5407 0.4570 -0.7063
vn -0.7724 0.6352 -0.0013
vn 0.7639 0.6453 0.0000
vn 0.5283 0.4462 -0.7224
vn 0.7726 0.6349 -0.0013
vn -0.5857 -0.3973 0.7065
vn -0.5792 -0.3857 0.7182
vn -0.8368 -0.5476 0.0000
vn -0.6010 -0.3884 -0.6985
vn -0.5920 -0.3874 -0.7067
vn -0.8323 -0.5543 -0.0009
vn 0.5938 -0.3834 -0.7074
vn 0.5526 0.4411 -0.7072
vn -0.5898 0.3922 -0.7059
vn -0.5887 0.3928 -0.7065
vn 0.5885 0.3926 -0.7068
vn 0.5881 0.3925 -0.7072
vn 0.5893 0.3919 -0.7065
vn 0.8816 -0.4720 0.0010
vn 0.6242 -0.3341 0.7062
vn -0.8816 -0.4720 0.0004
vn -0.8889 -0.4581 0.0012
vn -0.6242 -0.3341 0.7062
vn -0.8327 0.5538 0.0013
vn 0.8327 0.5538 0.0013
vn 0.6241 -0.3339 0.7064
vn -0.6239 -0.3338 0.7067
vn 0.8896 -0.4568 0.0004
vn 0.6291 -0.3230 -0.7070
vn -0.6292 -0.3242 -0.7064
vn -0.8456 0.5338 -0.0012
vn -0.8317 0.5552 0.0013
vn 0.8317 0.5552 0.0013
vn 0.8456 0.5338 -0.0012
vn -0.5889 0.3931 -0.7062
vn 0.6293 -0.3243 -0.7062
vn 0.6291 -0.3241 -0.7065
vn 0.8816 -0.4720 0.0004
vn 0.8890 -0.4579 -0.0009
vn -0.8890 -0.4579 0.0004
vn -0.6294 -0.3242 -0.7062
vn 0.6238 -0.3339 0.7067
vn -0.8816 -0.4720 -0.0012
vn -0.6340 0.3153 -0.7061
vn 0.6337 0.3151 -0.7065
vn 0.6334 0.3151 -0.7067
vn 0.9312 -0.3645 0.0009
vn 0.6589 -0.2579 0.7066
vn -0.9312 -0.3645 0.0004
vn -0.9366 -0.3505 0.0011
vn -0.6589 -0.2579 0.7066
vn -0.9059 0.4235 -0.0011
vn -0.8955 0.4451 0.0013
vn 0.8953 0.4454 0.0012
vn 0.9059 0.4235 -0.0012
vn -0.6337 0.3150 -0.7065
vn 0.6590 -0.2581 0.7065
vn -0.6592 -0.2582 0.7063
vn -0.6590 -0.2580 0.7065
vn 0.9361 -0.3518 0.0004
vn 0.6627 -0.2490 -0.7063
vn -0.6630 -0.2481 -0.7063
vn 0.6624 -0.2485 -0.7068
vn 0.6626 -0.2487 -0.7065
vn -0.6631 -0.2485 -0.7061
vn 0.9310 -0.3651 0.0004
vn 0.9362 -0.3514 -0.0009
vn -0.9362 -0.3514 0.0004
vn -0.6623 -0.2486 -0.7068
vn 0.6585 -0.2582 0.7069
vn -0.9312 -0.3646 -0.0011
vn -0.6686 0.2322 -0.7065
vn 0.6684 0.2321 -0.7066
vn 0.6686 0.2321 -0.7065
vn -0.9518 0.3068 -0.0011
vn -0.9446 0.3284 0.0012
vn 0.9447 0.3280 0.0012
vn 0.9518 0.3068 -0.0011
vn -0.6690 0.2326 -0.7059
vn 0.9675 -0.2527 0.0009
vn 0.6844 -0.1787 0.7069
vn -0.9673 -0.2536 0.0003
vn -0.9708 -0.2398 0.0011
vn -0.6848 -0.1796 0.7062
vn 0.6845 -0.1789 0.7068
vn -0.6851 -0.1791 0.7061
vn -0.6842 -0.1784 0.7071
vn 0.9711 -0.2385 0.0003
vn 0.6870 -0.1687 -0.7068
vn -0.6868 -0.1697 -0.7068
vn 0.6869 -0.1694 -0.7067
vn 0.6874 -0.1698 -0.7061
vn 0.9675 -0.2530 0.0003
vn 0.9708 -0.2398 -0.0008
vn -0.9709 -0.2393 0.0003
vn -0.6876 -0.1695 -0.7060
vn 0.6844 -0.1789 0.7068
vn -0.9676 -0.2524 -0.0010
vn -0.6931 0.1459 -0.7059
vn 0.6593 0.1388 -0.7389
vn 0.6953 0.1337 -0.7061
vn -0.9827 0.1850 0.0011
vn -0.9821 0.1884 0.0015
vn 0.9827 0.1854 0.0011
vn 0.9820 0.1888 0.0015
vn -0.6659 0.1278 -0.7350
vn 0.9906 -0.1371 0.0008
vn 0.7007 -0.0970 0.7069
vn -0.9906 -0.1371 0.0003
vn -0.9922 -0.1245 0.0010
vn -0.7014 -0.0971 0.7062
vn 0.7009 -0.0973 0.7066
vn -0.7006 -0.0970 0.7069
vn -0.7018 -0.0977 0.7056
vn 0.9922 -0.1245 0.0003
vn 0.7020 -0.0881 -0.7068
vn -0.7026 -0.0882 -0.7060
vn 0.7021 -0.0881 -0.7066
vn 0.7019 -0.0879 -0.7069
vn -0.7026 -0.0881 -0.7061
vn 0.9971 -0.0756 -0.0099
vn 0.9922 -0.1243 0.0033
vn 1.0000 -0.0039 0.0003
vn -0.4636 -0.8662 0.1864
vn -0.9955 -0.0949 -0.0059
vn -0.9975 -0.0695 -0.0114
vn -0.9922 -0.1248 0.0044
vn -0.9920 -0.1266 0.0003
vn -0.7021 -0.0883 -0.7066
vn 0.9977 -0.0661 0.0131
vn 0.9905 -0.1373 -0.0072
vn 0.2436 -0.9463 -0.2124
vn 0.7013 -0.0972 0.7062
vn -0.9953 -0.0962 0.0063
vn -0.9904 -0.1379 -0.0108
vn -0.9983 -0.0559 0.0158
vn -0.9970 -0.0761 0.0106
vn -0.7054 0.0567 -0.7066
vn 0.7055 0.0567 -0.7064
vn 0.7053 0.0568 -0.7066
vn -0.9990 0.0448 -0.0061
vn -0.9973 0.0731 -0.0023
vn -0.9982 0.0607 -0.0026
vn -0.9946 0.1035 0.0011
vn 0.9973 0.0731 -0.0023
vn 0.9990 0.0448 -0.0061
vn 0.9982 0.0607 -0.0026
vn 0.9946 0.1035 0.0011
vn -0.9986 0.0522 0.0073
vn -0.9967 0.0808 0.0007
vn -0.7062 0.0572 -0.7057
vn 0.9979 0.0638 0.0059
vn 0.9968 0.0803 -0.0028
vn 0.9996 0.0258 0.0128
vn 0.9998 -0.0199 0.0039
vn 0.7079 -0.0141 0.7062
vn -0.9998 -0.0199 0.0045
vn -0.7072 -0.0141 0.7069
vn -0.7073 -0.0141 0.7068
vn -0.7071 -0.0140 0.7069
vn 0.9996 -0.0077 0.0281
vn 0.9312 0.3641 -0.0206
vn 0.7076 -0.0055 -0.7066
vn -1.0000 -0.0077 -0.0029
vn -0.7076 -0.0055 -0.7066
vn 0.7072 -0.0056 -0.7069
vn 0.7079 -0.0058 -0.7063
vn -0.7077 -0.0056 -0.7065
vn 0.7992 0.5919 0.1047
vn 0.5834 0.7226 0.3710
vn -0.0257 0.9844 0.1742
vn 0.0258 0.9843 -0.1745
vn -0.0894 0.9806 -0.1745
vn -0.0874 0.9823 -0.1655
vn -0.0649 0.9844 0.1634
vn 0.8535 0.3923 -0.3430
vn -0.9994 -0.0302 -0.0144
vn 0.0735 0.6413 0.7637
vn 0.7878 0.3961 0.4717
vn 0.0105 0.9613 -0.2753
vn 0.0000 0.7660 0.6429
vn -0.0895 0.8613 0.5002
vn -0.0513 0.7674 -0.6391
vn -0.0728 0.8218 0.5652
vn -0.9996 -0.0292 -0.0035
vn 0.1032 0.6372 -0.7637
vn 0.0000 0.0426 -0.9991
vn -0.0707 0.3396 0.9379
vn -0.0951 0.6379 -0.7642
vn -0.1076 0.4550 0.8840
vn 0.9044 0.4266 -0.0109
vn 1.0000 -0.0082 -0.0047
vn 0.8549 -0.5173 0.0406
vn -1.0000 -0.0077 -0.0047
vn -0.7079 -0.0054 -0.7062
vn 0.8547 -0.5176 -0.0400
vn 0.9998 -0.0198 0.0043
vn 0.7080 -0.0141 0.7061
vn -0.9998 -0.0198 0.0043
vn -0.9998 -0.0170 0.0045
vn -0.0728 0.2496 -0.9656
vn -0.7077 -0.0328 -0.7057
vn 0.7070 -0.0331 -0.7064
vn -0.1317 -0.1821 -0.9744
vn 0.7863 0.0000 0.6178
vn -1.0000 0.0000 -0.0034
vn 0.8361 -0.0957 -0.5402
vn 0.0000 -0.1744 -0.9847
vn -0.0787 -0.0019 0.9969
vn 0.8635 0.4998 0.0673
vn -0.9989 -0.0467 -0.0010
vn -0.7070 -0.0331 -0.7064
vn 0.9989 -0.0467 0.0022
vn -0.9999 0.0000 0.0132
vn -1.0000 -0.0096 0.0011
vn 0.9979 -0.0649 0.0040
vn 0.9999 0.0000 -0.0170
vn -0.0791 0.0000 -0.9969
vn -0.9979 -0.0645 -0.0036
vn 0.9952 0.0978 -0.0085
vn 0.9998 0.0138 0.0120
vn 0.8395 -0.0912 -0.5356
vn -0.9998 0.0138 0.0120
vn -0.9952 0.0978 -0.0085
vn 0.9933 0.1090 0.0386
vn -0.9941 0.1079 0.0082
vn 0.9997 -0.0240 0.0080
vn -0.1020 -0.3377 0.9357
vn -0.0674 -0.8364 -0.5440
vn -0.0972 -0.3589 0.9283
vn 0.7954 0.5988 -0.0934
vn -0.9996 0.0259 -0.0090
vn -0.7954 0.5988 -0.0934
vn 0.9488 -0.3135 -0.0387
vn 0.0000 -0.2856 0.9583
vn 0.0000 -0.8661 -0.4998
vn -0.9988 -0.0478 0.0036
vn 0.1292 -0.7576 0.6398
vn 0.9990 -0.0453 -0.0067
vn 0.0736 -0.6430 -0.7623
vn -0.0744 -0.8637 -0.4984
vn -0.0724 -0.6632 0.7449
vn -0.7978 -0.5222 -0.3013
vn 0.7048 0.0693 0.7060
vn 0.7049 0.0692 0.7059
vn -0.7042 0.0692 0.7066
vn -0.7042 0.0692 0.7067
vn -0.7041 0.0692 0.7067
vn -0.9988 0.0487 -0.0057
vn -0.9046 -0.4245 0.0399
vn -0.0103 -0.9975 0.0698
vn 0.8738 -0.4366 0.2140
vn 0.0505 -0.9383 -0.3422
vn 0.7966 -0.5236 -0.3021
vn -0.9979 -0.0639 -0.0037
vn 0.9983 -0.0585 0.0027
vn -0.0936 -0.8614 0.4993
vn 0.0103 -0.9975 0.0698
vn -0.9135 -0.3455 0.2149
vn 0.7036 0.0769 -0.7065
vn 0.7031 0.0770 -0.7069
vn 0.7030 0.0772 -0.7070
vn -0.7038 0.0764 -0.7063
vn -0.7033 0.0769 -0.7068
vn 0.9039 -0.4259 0.0401
vn -0.9958 -0.0914 -0.0005
vn -0.9995 0.0302 -0.0054
vn -0.0256 -0.9845 -0.1733
vn 0.9961 -0.0887 -0.0005
vn 0.9977 0.0674 -0.0041
vn -0.0784 0.9942 -0.0740
vn -0.9979 0.0646 -0.0042
vn 0.0788 0.9941 -0.0740
vn -0.6519 0.7570 0.0442
vn 0.4434 0.8945 0.0575
vn 0.9764 -0.2159 0.0003
vn -0.9764 -0.2159 0.0003
vn 0.9953 0.0971 0.0003
vn 0.7043 0.0687 0.7066
vn -0.9952 0.0978 -0.0008
vn -0.9941 0.1089 0.0003
vn 0.9941 0.1089 -0.0007
vn -0.7035 0.0771 -0.7065
vn -0.6971 -0.1224 -0.7064
vn 0.6971 -0.1224 -0.7064
vn -0.9849 -0.1729 0.0009
vn -0.6971 -0.1224 -0.7065
vn 0.9849 -0.1729 0.0009
vn 0.6971 -0.1224 -0.7065
vn -0.9819 -0.1892 -0.0008
vn 0.9819 -0.1892 -0.0008
vn 0.6912 0.1516 0.7066
vn -0.6916 0.1514 0.7062
vn -0.6915 0.1514 0.7063
vn -0.6912 0.1516 0.7066
vn 0.9768 0.2142 0.0006
vn -0.9768 0.2142 0.0002
vn -0.9745 0.2246 0.0008
vn 0.6897 0.1586 -0.7065
vn 0.6892 0.1587 -0.7070
vn 0.6899 0.1582 -0.7065
vn -0.6897 0.1590 -0.7064
vn -0.6900 0.1587 -0.7062
vn 0.9747 0.2235 0.0002
vn 0.9767 0.2145 0.0002
vn 0.6915 0.1519 0.7062
vn -0.9769 0.2139 -0.0007
vn -0.9746 0.2239 0.0002
vn 0.9745 0.2244 -0.0006
vn -0.6897 0.1584 -0.7065
vn -0.6760 -0.2096 -0.7065
vn 0.6760 -0.2094 -0.7065
vn -0.9513 -0.3084 0.0011
vn -0.6525 -0.2115 -0.7277
vn 0.9514 -0.3081 0.0011
vn 0.6525 -0.2113 -0.7277
vn -0.9506 -0.3104 0.0008
vn 0.9506 -0.3104 0.0007
vn 0.6692 0.2313 0.7062
vn 0.6683 0.2317 0.7069
vn -0.6685 0.2318 0.7067
vn -0.6694 0.2317 0.7058
vn -0.6690 0.2319 0.7062
vn 0.9451 0.3267 0.0006
vn -0.9448 0.3275 0.0002
vn -0.9416 0.3366 0.0007
vn 0.6668 0.2378 -0.7062
vn 0.6661 0.2378 -0.7069
vn 0.6667 0.2375 -0.7065
vn -0.6664 0.2382 -0.7065
vn -0.6668 0.2381 -0.7062
vn 0.9420 0.3356 0.0002
vn -0.6440 -0.2935 -0.7065
vn 0.6439 -0.2937 -0.7064
vn -0.9046 -0.4263 0.0008
vn -0.6226 -0.2934 -0.7255
vn 0.9044 -0.4267 0.0008
vn 0.6225 -0.2937 -0.7254
vn -0.9042 -0.4270 0.0007
vn 0.9042 -0.4270 0.0007
vn 0.9448 0.3277 0.0002
vn 0.6684 0.2319 0.7067
vn -0.9450 0.3272 -0.0006
vn -0.9420 0.3357 0.0002
vn 0.9418 0.3362 -0.0005
vn -0.6663 0.2374 -0.7069
vn 0.6367 0.3083 0.7067
vn 0.6365 0.3084 0.7070
vn -0.6371 0.3087 0.7062
vn -0.6370 0.3087 0.7064
vn -0.6365 0.3089 0.7067
vn 0.6343 0.3142 -0.7064
vn 0.6349 0.3143 -0.7058
vn 0.6343 0.3145 -0.7062
vn -0.6338 0.3142 -0.7068
vn -0.6340 0.3141 -0.7066
vn 0.9000 0.4358 0.0006
vn -0.8997 0.4366 0.0002
vn -0.8959 0.4442 0.0007
vn 0.8959 0.4442 0.0001
vn -0.8439 -0.5365 0.0007
vn -0.6017 -0.3729 -0.7064
vn -0.5824 -0.3703 -0.7236
vn 0.8501 -0.5267 0.0007
vn 0.6019 -0.3729 -0.7062
vn 0.6017 -0.3729 -0.7064
vn -0.8436 -0.5369 0.0007
vn 0.8436 -0.5369 -0.0006
vn 0.8999 0.4362 0.0001
vn 0.6365 0.3085 0.7069
vn -0.8999 0.4362 -0.0006
vn -0.8962 0.4436 0.0002
vn 0.8962 0.4436 -0.0005
vn -0.6338 0.3137 -0.7070
vn 0.5958 0.3814 0.7068
vn 0.5963 0.3813 0.7064
vn -0.5962 0.3815 0.7064
vn -0.5968 0.3816 0.7058
vn -0.5963 0.3817 0.7062
vn 0.5928 0.3858 -0.7069
vn 0.5935 0.3860 -0.7062
vn 0.5933 0.3860 -0.7064
vn -0.5924 0.3862 -0.7070
vn -0.5935 0.3860 -0.7063
vn 0.8422 0.5391 0.0005
vn -0.8422 0.5391 0.0001
vn -0.8377 0.5461 0.0006
vn 0.8382 0.5454 0.0001
vn -0.7702 -0.6378 0.0007
vn -0.5495 -0.4460 -0.7065
vn -0.5332 -0.4416 -0.7216
vn 0.7708 -0.6371 0.0007
vn 0.5335 -0.4410 -0.7217
vn 0.5498 -0.4460 -0.7062
vn -0.7698 -0.6383 0.0006
vn 0.7698 -0.6383 0.0005
vn 0.8422 0.5392 0.0001
vn 0.5966 0.3820 0.7058
vn -0.8425 0.5387 -0.0005
vn -0.8383 0.5452 0.0001
vn 0.8383 0.5452 -0.0004
vn -0.5934 0.3859 -0.7063
vn 0.5479 0.4490 0.7058
vn 0.5472 0.4490 0.7063
vn -0.5469 0.4488 0.7068
vn -0.5477 0.4490 0.7060
vn -0.5472 0.4490 0.7064
vn 0.5446 0.4525 -0.7062
vn 0.5443 0.4524 -0.7064
vn 0.5436 0.4525 -0.7069
vn -0.5443 0.4524 -0.7064
vn -0.5441 0.4525 -0.7065
vn -0.6906 -0.7233 0.0006
vn -0.4886 -0.5119 -0.7066
vn -0.4889 -0.5121 -0.7062
vn 0.6903 -0.7235 0.0005
vn 0.4884 -0.5119 -0.7067
vn 0.4886 -0.5119 -0.7066
vn -0.6837 -0.7297 -0.0005
vn 0.6839 -0.7295 -0.0005
vn 0.7735 0.6338 0.0005
vn -0.7730 0.6344 0.0001
vn -0.7690 0.6392 0.0005
vn 0.7685 0.6398 0.0001
vn 0.7730 0.6344 0.0001
vn 0.5473 0.4491 0.7062
vn -0.7733 0.6340 -0.0005
vn -0.7687 0.6396 0.0001
vn 0.7690 0.6393 -0.0004
vn -0.5443 0.4529 -0.7062
vn -0.5540 -0.8324 0.0129
vn -0.5881 -0.8088 -0.0004
vn -0.5971 -0.8022 0.0004
vn -0.4201 -0.5699 -0.7062
vn -0.4097 -0.5635 -0.7173
vn 0.5932 -0.8050 0.0003
vn 0.5686 -0.8226 0.0086
vn 0.5987 -0.8010 0.0004
vn 0.4198 -0.5698 -0.7065
vn 0.4197 -0.5697 -0.7066
vn -0.5872 -0.8094 0.0012
vn -0.5521 -0.8337 -0.0110
vn -0.5953 -0.8035 0.0000
vn 0.5872 -0.8094 -0.0010
vn 0.5659 -0.8245 -0.0073
vn 0.4907 0.5104 0.7062
vn -0.4905 0.5101 0.7065
vn -0.4903 0.5100 0.7068
vn -0.4904 0.5100 0.7067
vn 0.4873 0.5129 -0.7067
vn 0.4882 0.5134 -0.7057
vn 0.4877 0.5134 -0.7061
vn -0.4880 0.5130 -0.7061
vn -0.4876 0.5130 -0.7064
vn 0.6931 0.7209 0.0004
vn -0.6931 0.7209 0.0001
vn -0.6892 0.7245 0.0004
vn 0.6887 0.7250 0.0001
vn -0.7250 0.4266 0.5407
vn -0.8147 0.5799 0.0000
vn 0.8171 0.5527 -0.1640
vn -0.6497 0.4048 0.6434
vn -0.7075 0.4084 -0.5767
vn -0.6633 0.3829 -0.6430
vn 0.8171 0.5527 0.1640
vn 0.7612 0.5508 0.3423
vn 0.7747 0.5313 -0.3429
vn 0.6977 0.5355 -0.4758
vn 0.6933 0.7206 0.0001
vn 0.4907 0.5100 0.7065
vn -0.6930 0.7209 -0.0004
vn -0.6891 0.7246 0.0001
vn 0.6891 0.7246 -0.0004
vn -0.4876 0.5127 -0.7067
vn -0.6633 0.3830 -0.6429
vn 0.7207 0.5034 0.4767
vn -0.4866 -0.8736 0.0019
vn -0.3443 -0.6184 -0.7065
vn -0.3446 -0.6186 -0.7061
vn 0.4866 -0.8736 0.0038
vn 0.5263 -0.8503 -0.0001
vn 0.3446 -0.6186 -0.7061
vn 0.3442 -0.6183 -0.7065
vn -0.4456 0.2273 0.8659
vn 0.5366 0.3979 0.7441
vn 0.1883 0.1817 -0.9652
vn -0.5002 -0.8659 -0.0007
vn -0.4814 -0.8765 -0.0041
vn 0.5262 -0.8504 0.0003
vn 0.4812 -0.8766 -0.0030
vn 0.3751 0.3388 0.8629
vn 0.4198 0.2721 -0.8659
vn -0.5002 -0.8659 0.0059
vn 0.0254 0.0440 0.9987
vn -0.1509 0.0871 -0.9847
vn 0.0256 0.0443 -0.9987
vn -0.0422 0.0731 0.9964
vn 0.2674 0.2516 0.9302
vn 0.4273 0.5641 0.7065
vn 0.4269 0.5640 0.7069
vn -0.4271 0.5640 0.7067
vn -0.4272 0.5641 0.7066
vn -0.4273 0.5641 0.7065
vn 0.4246 0.5662 -0.7065
vn 0.4240 0.5658 -0.7071
vn 0.4246 0.5659 -0.7067
vn -0.4243 0.5662 -0.7067
vn -0.4244 0.5662 -0.7066
vn 0.1499 -0.0866 0.9849
vn 0.4905 -0.8714 0.0047
vn -0.2025 0.0089 0.9793
vn 0.4905 -0.8714 -0.0052
vn 0.1639 0.0645 -0.9844
vn -0.1635 -0.0644 -0.9844
vn 0.4205 -0.2726 -0.8654
vn -0.3506 -0.1085 0.9302
vn -0.4201 -0.2724 -0.8656
vn 0.6038 0.7971 0.0003
vn -0.6038 0.7971 0.0001
vn -0.5997 0.8002 0.0004
vn -0.4573 -0.8893 0.0008
vn 0.6791 -0.3539 0.6431
vn 0.6109 -0.3527 0.7088
vn -0.4570 -0.8895 -0.0011
vn 0.6757 -0.3604 -0.6431
vn 0.4573 -0.8893 0.0008
vn -0.6757 -0.3604 0.6431
vn -0.8253 -0.4000 0.3987
vn 0.4570 -0.8895 -0.0011
vn -0.8486 -0.4042 -0.3414
vn -0.6263 -0.4462 -0.6392
vn 0.6001 0.7999 0.0001
vn -0.4361 -0.8999 0.0000
vn 0.5355 -0.2392 -0.8100
vn 0.8983 -0.4394 0.0000
vn 0.4360 -0.8999 0.0000
vn -0.8786 -0.4776 0.0000
vn -0.4373 -0.8993 -0.0001
vn 0.9056 -0.4162 -0.0816
vn 0.4373 -0.8993 -0.0001
vn -0.8007 -0.4919 0.3419
vn -0.3717 -0.9283 0.0003
vn -0.2633 -0.6573 -0.7061
vn -0.2631 -0.6571 -0.7064
vn 0.3719 -0.9283 0.0003
vn 0.2632 -0.6571 -0.7064
vn 0.2634 -0.6573 -0.7061
vn -0.3675 -0.9300 -0.0002
vn 0.3675 -0.9300 -0.0003
vn 0.1042 0.9894 0.1016
vn 0.9856 -0.0384 -0.1646
vn -0.0169 0.9958 0.0901
vn 0.6029 0.7968 -0.0390
vn 0.6035 0.7974 0.0001
vn 0.4269 0.5642 0.7067
vn -0.6037 0.7971 -0.0128
vn -0.8569 0.4972 -0.1362
vn -0.1042 0.9894 0.1016
vn -0.5607 0.8279 0.0082
vn -0.5796 0.8149 0.0045
vn 0.5991 0.7994 0.0445
vn 0.0529 0.9891 -0.1376
vn 0.9283 0.3432 0.1429
vn 0.0865 0.9925 -0.0865
vn 0.5791 0.8153 -0.0044
vn -0.5451 0.8383 -0.0119
vn -0.5606 0.8281 -0.0081
vn -0.5792 0.8152 -0.0044
vn -0.5262 0.8502 -0.0176
vn -0.5996 0.8002 0.0113
vn -0.4244 0.5663 -0.7065
vn 0.3578 0.6104 0.7067
vn 0.3579 0.6104 0.7066
vn -0.3578 0.6103 0.7068
vn -0.3580 0.6104 0.7065
vn -0.3578 0.6103 0.7067
vn -0.2491 -0.9685 0.0002
vn -0.1780 -0.6851 -0.7064
vn -0.1753 -0.6815 -0.7105
vn 0.2514 -0.9679 0.0002
vn 0.1779 -0.6850 -0.7065
vn 0.1780 -0.6851 -0.7064
vn 0.3550 0.6115 -0.7071
vn 0.3558 0.6121 -0.7062
vn 0.3554 0.6120 -0.7065
vn -0.3554 0.6120 -0.7065
vn -0.3555 0.6120 -0.7064
vn -0.2485 -0.9686 0.0001
vn 0.2486 -0.9686 -0.0001
vn -0.0232 0.9952 0.0955
vn 0.8897 0.4500 -0.0764
vn 0.5057 0.8627 0.0048
vn -0.5057 0.8627 0.0047
vn 0.1303 0.8377 0.5303
vn -0.0053 0.9206 -0.3904
vn 0.5020 0.8644 0.0286
vn -0.5022 0.8648 -0.0047
vn -0.1260 -0.9920 0.0002
vn -0.0895 -0.7018 -0.7067
vn -0.0890 -0.7009 -0.7077
vn 0.1266 -0.9920 0.0001
vn 0.0896 -0.7022 -0.7063
vn 0.0895 -0.7021 -0.7065
vn -0.1252 -0.9921 0.0001
vn 0.1251 -0.9921 -0.0000
vn 0.3004 0.7352 -0.6077
vn -0.2989 0.7336 -0.6103
vn 0.0000 -1.0000 0.0001
vn 0.0000 -0.7078 -0.7064
vn 0.0062 1.0000 0.0022
vn 0.5057 0.8622 -0.0288
vn 0.3579 0.6102 0.7068
vn -0.5059 0.8626 0.0047
vn 0.5026 0.8645 -0.0045
vn 0.8561 0.5161 0.0260
vn -0.5026 0.8645 -0.0047
vn -0.3555 0.6116 -0.7068
vn 0.4858 0.6272 0.6088
vn 0.6608 0.5301 -0.5314
vn -0.5000 0.8660 -0.0041
vn -0.0450 0.9959 -0.0786
vn -0.6602 0.5299 -0.5323
vn 0.2834 0.6482 0.7068
vn 0.2838 0.6484 0.7065
vn -0.2838 0.6484 0.7064
vn -0.2838 0.6483 0.7065
vn -0.2834 0.6482 0.7068
vn -0.0667 0.9957 0.0643
vn 0.4003 0.9154 -0.0421
vn 0.8314 0.5454 0.1064
vn -0.3977 0.9174 0.0098
vn -0.4003 0.9154 -0.0421
vn 0.2820 0.6497 -0.7059
vn 0.2809 0.6486 -0.7074
vn 0.2813 0.6488 -0.7071
vn -0.2814 0.6490 -0.7068
vn -0.2817 0.6492 -0.7066
vn 0.8270 0.5158 0.2236
vn -0.8896 0.4077 -0.2057
vn -0.4757 0.8795 -0.0133
vn -0.8314 0.5454 0.1064
vn 0.3975 0.9169 0.0368
vn -0.8898 0.4074 0.2055
vn -0.2069 0.9711 -0.1190
vn 0.2064 0.9712 -0.1190
vn 0.8103 0.5812 -0.0749
vn 0.2062 0.9712 0.1191
vn 0.8266 0.5594 0.0612
vn -0.8275 0.5581 0.0613
vn 0.4370 0.8995 -0.0057
vn -0.8274 0.5582 -0.0612
vn 0.9778 0.1790 0.1092
vn 0.9778 0.1790 -0.1092
vn 0.4139 0.9103 0.0030
vn 0.3862 0.9224 0.0001
vn -0.5782 0.8159 0.0000
vn 0.4009 0.9161 0.0001
vn 0.2838 0.6484 0.7064
vn -0.4009 0.9161 -0.0002
vn -0.3977 0.9175 0.0000
vn 0.3975 0.9176 -0.0002
vn -0.2816 0.6496 -0.7062
vn 0.2054 0.6773 0.7064
vn 0.2056 0.6775 0.7062
vn -0.2055 0.6773 0.7064
vn -0.2059 0.6779 0.7058
vn -0.2052 0.6774 0.7064
vn 0.2040 0.6779 -0.7063
vn 0.2039 0.6778 -0.7064
vn 0.2044 0.6781 -0.7060
vn -0.2044 0.6779 -0.7062
vn -0.2041 0.6777 -0.7065
vn 0.2902 0.9570 0.0002
vn -0.2900 0.9570 0.0001
vn -0.2886 0.9574 0.0002
vn 0.2886 0.9574 0.0001
vn 0.2057 0.6772 0.7064
vn 0.1243 0.6968 0.7064
vn 0.1245 0.6970 0.7062
vn -0.1246 0.6970 0.7061
vn -0.1244 0.6968 0.7064
vn 0.1236 0.6973 -0.7060
vn 0.1230 0.6964 -0.7070
vn 0.1238 0.6971 -0.7063
vn -0.2040 0.6779 -0.7063
vn -0.1238 0.6971 -0.7063
vn -0.1235 0.6968 -0.7066
vn 0.2907 0.9568 0.0001
vn -0.2907 0.9568 -0.0001
vn -0.2881 0.9576 0.0001
vn 0.2881 0.9576 -0.0001
vn 0.1245 0.6970 0.7061
vn 0.0420 0.7068 0.7061
vn 0.0415 0.7063 0.7067
vn -0.0415 0.7065 0.7065
vn -0.0413 0.7061 0.7069
vn -0.0420 0.7068 0.7061
vn 0.0412 0.7065 -0.7065
vn 0.0413 0.7067 -0.7063
vn 0.0415 0.7069 -0.7061
vn -0.1232 0.6974 -0.7061
vn -0.0415 0.7069 -0.7061
vn -0.0413 0.7066 -0.7064
vn 0.1757 0.9845 0.0001
vn -0.1758 0.9844 0.0001
vn -0.1748 0.9846 0.0001
vn 0.1748 0.9846 0.0001
vn -0.0413 0.7065 -0.7065
vn 0.0413 0.7065 0.7065
vn 0.1758 0.9844 0.0001
vn -0.1758 0.9844 -0.0001
vn -0.1740 0.9848 0.0001
vn 0.1740 0.9848 -0.0001
vn 0.0593 0.9982 0.0000
vn -0.0593 0.9982 0.0000
vn -0.0586 0.9983 0.0000
vn 0.0586 0.9983 0.0000
vn 0.0584 0.9983 0.0000
vn -0.0584 0.9983 0.0000
vn -0.0466 0.0466 -0.9978
vn -0.0339 -0.3472 -0.9372
vn -0.9909 0.1342 0.0000
vn -0.7072 0.7070 0.0000
vn 0.0001 0.0000 1.0000
vn -0.1336 0.9910 0.0000
vn 0.2650 0.1271 -0.9558
vn -0.0227 0.0489 -0.9985
vn -0.7067 0.7073 -0.0145
vn -0.7557 0.6549 0.0000
vn -0.9063 0.4226 0.0000
vn -0.4225 0.9062 -0.0145
vn -0.3418 0.9392 -0.0320
vn -0.9962 0.0873 0.0000
vn -0.0873 0.9962 0.0000
vn 0.1480 0.9883 -0.0367
vn -0.9909 -0.1343 0.0000
vn 0.1336 0.9910 0.0000
vn 0.0070 0.0522 -0.9986
vn -0.2893 -0.0135 -0.9571
vn -0.9659 -0.2589 0.0000
vn -0.9990 -0.0262 -0.0366
vn 0.2588 0.9659 0.0000
vn -0.9239 0.3824 -0.0133
vn -0.8429 0.5381 0.0000
vn -0.9060 0.4233 0.0000
vn -0.7076 0.7066 0.0000
vn -0.9060 0.4233 0.0004
vn -0.4221 0.9066 0.0000
vn -0.9991 0.0430 0.0000
vn -0.9240 0.3824 0.0000
vn -0.7072 -0.7070 0.0000
vn 0.3260 -0.0090 -0.9453
vn -0.9963 0.0864 0.0000
vn 0.0002 0.0000 1.0000
vn -0.7024 0.4917 -0.5147
vn -0.7798 0.3644 -0.5090
vn -0.7797 0.3645 -0.5091
vn -0.9661 -0.2581 0.0000
vn 0.2592 0.9658 0.0000
vn -0.8576 0.0744 -0.5090
vn 0.0735 0.8542 -0.5148
vn -0.2194 0.4718 -0.8540
vn -0.2161 0.4729 -0.8542
vn -0.2238 0.4687 -0.8546
vn -0.2196 0.4713 -0.8542
vn -0.8191 -0.5735 -0.0144
vn -0.8657 -0.4996 -0.0320
vn 0.5735 0.8191 -0.0144
vn 0.5137 0.8580 0.0000
vn -0.2409 0.9697 -0.0400
vn -0.4307 0.9021 -0.0258
vn -0.9063 0.4216 -0.0292
vn -0.9056 0.4232 -0.0294
vn -0.8408 0.5413 0.0000
vn -0.4221 0.9056 -0.0422
vn -0.9958 0.0865 -0.0294
vn -0.9958 0.0864 -0.0293
vn -0.0882 0.9957 -0.0293
vn -0.4157 0.9095 0.0000
vn -0.0499 0.5632 -0.8248
vn -0.8318 -0.2218 -0.5089
vn -0.8321 -0.2232 -0.5077
vn 0.0758 0.8540 -0.5148
vn -0.5115 0.2379 -0.8257
vn -0.1390 -0.2983 -0.9443
vn 0.2945 0.4285 -0.8542
vn -0.1117 0.0097 -0.9937
vn -0.0494 0.5626 -0.8252
vn -0.8188 -0.5740 0.0000
vn 0.5729 0.8196 0.0000
vn -0.9655 -0.2586 -0.0294
vn -0.9658 -0.2576 -0.0295
vn 0.7191 0.6938 -0.0400
vn 0.5662 0.8239 -0.0259
vn -0.1305 0.2800 -0.9511
vn -0.5457 -0.1462 -0.8252
vn -0.7056 -0.4942 -0.5079
vn -0.7056 -0.4936 -0.5084
vn 0.6062 0.6067 -0.5142
vn 0.1393 0.5008 -0.8543
vn -0.3973 -0.9174 -0.0223
vn -0.8170 -0.5723 -0.0703
vn 0.0607 0.9979 -0.0223
vn 0.2678 0.9626 -0.0423
vn 0.8191 0.5735 -0.0145
vn 0.8654 0.5000 -0.0319
vn -0.1385 -0.5012 -0.8542
vn 0.8196 0.5729 -0.0096
vn 0.7943 0.6075 0.0000
vn 0.8196 0.5729 0.0004
vn 0.2014 -0.4318 -0.8792
vn 0.7050 0.4948 -0.5082
vn 0.7050 0.4944 -0.5085
vn 0.8188 0.5733 -0.0294
vn 0.8182 0.5742 -0.0293
vn -0.3260 0.0090 -0.9453
vn -0.9057 -0.4186 -0.0670
vn -0.2664 -0.9639 0.0000
vn -0.6056 -0.6073 -0.5142
vn 0.4627 0.3240 -0.8252
vn 0.4628 0.3244 -0.8250
vn -0.5740 -0.8188 0.0000
vn -0.5736 -0.8190 -0.0145
vn -0.6425 -0.7657 -0.0320
vn -0.0305 -0.3459 -0.9378
vn -0.2041 0.0548 -0.9774
vn -0.2592 -0.9658 0.0000
vn -0.1349 -0.5027 -0.8539
vn 0.9631 -0.2606 -0.0669
vn 0.9655 0.2587 -0.0294
vn -0.0071 -0.0522 -0.9986
vn -0.0144 -0.0538 -0.9984
vn 0.8314 0.2227 -0.5091
vn 0.8315 0.2234 -0.5086
vn 0.6060 -0.1628 -0.7786
vn 0.0864 -0.9963 0.0000
vn -0.1304 -0.5033 -0.8542
vn -0.2508 -0.9677 -0.0259
vn 0.8949 0.4457 -0.0223
vn 0.9937 -0.0879 -0.0702
vn -0.2581 -0.9661 0.0000
vn 0.9658 0.2592 0.0000
vn 0.9537 0.3004 0.0128
vn 0.9658 0.2592 -0.0006
vn 0.9538 0.3004 0.0000
vn 0.2394 -0.5123 -0.8248
vn 0.0072 -0.0528 -0.9986
vn 0.2708 0.0757 -0.9597
vn 0.2206 -0.8284 -0.5149
vn 0.8574 -0.0758 -0.5090
vn 0.8576 -0.0756 -0.5088
vn 0.4231 -0.9056 -0.0294
vn 0.4232 -0.9056 -0.0294
vn 0.5702 -0.8188 -0.0670
vn 0.9062 -0.4218 -0.0294
vn 0.9725 -0.2320 -0.0222
vn 0.7045 -0.7062 -0.0702
vn -0.2589 -0.9658 -0.0145
vn -0.1892 -0.9819 0.0000
vn 0.9658 0.2587 -0.0145
vn 0.9844 0.1733 -0.0320
vn 0.6079 -0.6094 -0.5090
vn 0.3644 -0.7798 -0.5090
vn 0.3645 -0.7797 -0.5091
vn 0.7804 -0.3632 -0.5089
vn 0.7806 -0.3631 -0.5087
vn 0.9962 -0.0873 0.0000
vn 0.6081 -0.6094 -0.5088
vn 0.4233 -0.9060 0.0000
vn 0.9064 -0.4225 0.0000
vn 0.9239 -0.3824 -0.0130
vn 0.9240 -0.3824 0.0000
vn 0.9064 -0.4225 0.0004
vn -0.1342 -0.9909 0.0000
vn 0.9910 0.1336 0.0000
vn 0.8446 -0.5354 0.0000
vn 0.0873 -0.9962 0.0000
vn -0.1480 -0.9883 -0.0367
vn 0.9475 -0.3176 -0.0367
vn 0.1342 -0.9909 0.0000
vn 0.9910 -0.1337 0.0000
vn 0.4225 -0.9062 -0.0144
vn 0.3418 -0.9392 -0.0319
vn 0.9063 -0.4226 0.0000
vn 0.7073 -0.7067 -0.0144
vn 0.7559 -0.6547 0.0000
vn 0.9847 0.0000 -0.1745
vn 0.6259 0.0000 -0.7799
vn 0.8662 0.0000 -0.4996
vn 0.8457 0.2162 -0.4879
vn 0.8565 0.2153 -0.4691
vn 0.6436 0.0000 0.7653
vn 0.6435 0.0000 0.7654
vn 0.8662 0.0000 -0.4997
vn 0.3197 0.0000 -0.9475
vn 0.6436 0.0000 0.7654
vn 0.6426 0.0000 -0.7662
vn 0.3423 0.0000 -0.9396
vn 0.3423 0.0000 0.9396
vn 0.3422 0.0000 0.9396
vn 0.6273 0.2167 -0.7480
vn 0.6450 0.2158 -0.7331
vn -0.3621 0.0000 -0.9322
vn -0.3548 0.2158 0.9097
vn -0.3549 0.2158 0.9097
vn 0.0000 0.2158 -0.9764
vn 0.0208 0.2150 -0.9764
vn 0.0229 0.0000 0.9997
vn -0.3342 0.2167 0.9173
vn -0.3351 0.2158 -0.9171
vn -0.3341 0.2167 0.9173
vn -0.8771 0.0000 -0.4804
vn -0.8564 0.2157 0.4691
vn -0.6428 0.0000 0.7660
vn -0.3342 0.2163 -0.9173
vn -0.3122 0.2154 -0.9253
vn -0.6428 0.0000 0.7661
vn -0.6266 0.2169 -0.7486
vn -0.6103 0.2161 -0.7621
vn -0.8454 0.2168 0.4881
vn -0.8453 0.2166 0.4885
vn -0.6418 0.0000 -0.7669
vn -0.9886 0.0000 -0.1506
vn -0.8658 0.0000 0.5004
vn -0.8547 0.0000 0.5191
vn -0.9615 0.2168 0.1686
vn -0.8456 0.2168 -0.4878
vn -0.8341 0.2159 -0.5075
vn -0.9850 0.0000 0.1727
vn 0.9614 0.2163 -0.1698
vn 0.9808 0.0000 -0.1949
vn 0.9614 0.2163 0.1701
vn 0.8543 0.0000 -0.5198
vn 0.8347 0.2152 0.5069
vn 0.9614 0.2160 -0.1704
vn 0.9652 0.2151 -0.1486
vn 0.9883 0.0000 0.1524
vn 0.8454 0.2160 0.4886
vn 0.3136 0.2158 0.9247
vn 0.6274 0.2167 -0.7479
vn 0.3356 0.2167 -0.9167
vn 0.3341 0.2167 0.9173
vn 0.3342 0.2166 0.9173
vn 0.3343 0.2158 -0.9174
vn 0.3536 0.2150 -0.9104
vn 0.3634 0.0000 0.9316
vn 0.0000 0.2167 0.9762
vn -0.6598 0.0000 -0.7515
vn -0.6443 0.2153 0.7338
vn -0.3211 0.0000 0.9470
vn -0.6276 0.2161 0.7479
vn -0.9652 0.2160 0.1473
vn -0.9616 0.2168 0.1685
vn 0.0000 -0.9999 0.0127
vn 0.1739 -0.9848 0.0000
vn -0.1739 -0.9848 0.0000
vn 0.1598 0.2844 0.9453
vn -0.0125 0.0000 0.9999
vn 0.0148 -0.9994 0.0326
vn -0.0130 -0.9999 0.0000
vn -0.3418 -0.9390 -0.0376
vn -0.2589 -0.9659 0.0000
vn 0.2588 -0.9656 -0.0252
vn -0.6428 -0.7661 0.0000
vn 0.6428 -0.7661 0.0000
vn 0.9847 0.0119 -0.1737
vn 0.9942 0.0000 -0.1079
vn 0.9926 0.0000 0.1217
vn 0.9847 0.0109 0.1737
vn 0.9848 -0.0070 -0.1737
vn 0.9805 0.0000 -0.1965
vn 0.8659 0.0122 -0.5001
vn 0.9415 -0.0073 -0.3370
vn 0.9301 -0.0070 0.3672
vn 0.8661 -0.0117 0.4997
vn 0.8022 0.0298 0.5963
vn 0.8659 -0.0070 -0.5002
vn 0.6430 -0.0125 -0.7658
vn 0.7995 -0.0128 -0.6005
vn 0.6416 -0.0504 0.7654
vn 0.6039 -0.0114 0.7970
vn 0.8561 -0.0128 -0.5166
vn 0.5889 -0.0367 -0.8073
vn 0.3416 0.0233 -0.9396
vn 0.3426 0.0000 0.9395
vn 0.2819 0.0371 0.9587
vn 0.3417 0.0233 -0.9395
vn 0.2821 0.0000 -0.9594
vn -0.3417 0.0000 -0.9398
vn -0.3426 0.0000 0.9395
vn -0.3418 0.0000 -0.9398
vn -0.6430 0.0000 -0.7659
vn -0.6430 0.0000 -0.7658
vn -0.8662 0.0000 0.4998
vn -0.9848 0.0000 -0.1737
vn 0.9848 0.0000 -0.1737
vn 0.8659 0.0000 -0.5002
vn 0.8662 0.0000 0.4998
vn 0.8662 0.0000 0.4997
vn 0.6430 0.0000 -0.7658
vn 0.6430 0.0000 -0.7659
vn -0.2816 0.0000 0.9595
vn -0.3425 0.0238 0.9392
vn -0.2817 0.0000 0.9595
vn -0.2815 0.0368 -0.9588
vn -0.6422 -0.0506 -0.7649
vn -0.5334 -0.0217 0.8456
vn -0.6424 0.0143 0.7663
vn -0.6424 0.0143 0.7662
vn -0.8656 -0.0290 -0.5000
vn -0.5645 0.0272 -0.8250
vn -0.7991 -0.0128 0.6011
vn -0.8661 0.0125 0.4997
vn -0.8656 -0.0288 -0.5000
vn -0.5641 0.0276 -0.8252
vn -0.9847 0.0109 -0.1737
vn -0.9304 -0.0069 -0.3665
vn -0.8024 0.0298 -0.5960
vn -0.9415 -0.0069 0.3368
vn -0.9847 0.0123 0.1737
vn -0.8028 0.0297 -0.5956
vn -0.9926 0.0000 -0.1217
vn -0.9943 0.0000 0.1062
vn 0.8602 -0.0619 -0.5062
vn 0.9994 0.0360 0.0000
vn 0.9993 0.0371 0.0000
vn 1.0000 0.0007 0.0020
vn 0.9993 0.0372 -0.0002
vn 0.9948 0.0000 0.1019
vn -0.7660 -0.6428 0.0000
vn 0.7660 -0.6428 0.0000
vn -0.8661 -0.4999 0.0000
vn 0.8661 -0.4999 0.0000
vn -0.5002 0.8659 0.0000
vn 0.5002 0.8659 0.0000
vn -0.9397 -0.3420 0.0000
vn 0.9397 -0.3420 0.0000
vn -0.1308 -0.9914 0.0000
vn 0.1307 -0.9914 0.0000
vn 0.9718 -0.1716 0.1620
vn 0.7956 -0.6058 0.0000
vn -0.3825 -0.9239 0.0000
vn -0.3825 -0.9240 0.0000
vn 0.3827 -0.9239 0.0000
vn -0.7073 0.7070 0.0000
vn -0.9848 0.1739 0.0000
vn 0.9848 0.1739 0.0000
vn 0.7887 0.6005 0.1315
vn -0.0116 0.0018 0.9999
vn 0.9877 -0.1566 0.0000
vn -0.9877 -0.1566 0.0000
vn -0.6086 -0.7935 0.0000
vn 0.6086 -0.7935 0.0000
vn -0.9397 0.3420 0.0000
vn 0.9397 0.3420 0.0000
vn 0.7058 0.7084 -0.0000
vn -0.5002 -0.8659 0.0000
vn -0.1564 0.9877 0.0000
vn 0.0948 0.9444 0.3148
vn 0.1487 0.9381 0.3127
vn -0.1000 0.9950 0.0000
vn -0.8661 0.4999 0.0000
vn 0.8661 0.4999 0.0000
vn -0.8912 -0.4536 0.0000
vn -0.0103 0.0052 0.9999
vn 0.8912 -0.4536 0.0000
vn 0.4542 0.8909 0.0000
vn -0.4542 0.8909 0.0000
vn -0.7660 0.6428 0.0000
vn 0.7660 0.6428 0.0000
vn 0.7082 0.7060 0.0000
vn 0.7072 0.7070 0.0000
vn -0.7079 0.7063 -0.0000
vn -0.7935 -0.6086 0.0000
vn 0.7935 -0.6086 0.0000
vn 0.7060 0.7082 0.0001
vn 0.7030 0.7112 -0.0002
vn 0.7055 0.7088 -0.0000
vn -0.7072 0.7071 0.0000
vn -0.6428 0.7661 0.0000
vn 0.6428 0.7661 0.0000
vn 0.7077 0.7065 0.0000
vn -0.7077 0.7065 0.0000
vn -0.0088 0.0089 0.9999
vn -0.0107 0.0039 0.9999
vn -0.4999 0.8661 0.0000
vn 0.1481 0.9890 0.0000
vn 0.0000 0.9998 -0.0213
vn 0.1891 0.9815 -0.0305
vn -0.0012 0.0000 1.0000
vn 0.9825 0.1862 0.0000
vn 1.0000 0.0000 -0.0031
vn -0.9824 0.1868 0.0000
vn -1.0000 0.0000 0.0031
vn -0.1739 0.9848 0.0000
vn 0.1739 0.9848 0.0000
vn -0.4536 -0.8912 0.0000
vn -0.0212 0.0416 0.9989
vn 0.0014 0.0401 0.9992
vn 0.4540 -0.8910 0.0000
vn -0.7555 0.6544 -0.0305
vn -0.1566 -0.9877 0.0000
vn -0.0070 0.0441 0.9990
vn 0.0000 0.0436 0.9990
vn 0.1566 -0.9877 0.0000
vn -0.2935 0.2217 0.9299
vn 0.0663 0.0000 0.9978
vn -0.9240 -0.3825 0.0000
vn 0.9238 -0.3829 0.0000
vn 0.0000 0.0450 0.9990
vn 0.9978 0.0000 -0.0660
vn 0.9672 0.2541 0.0000
vn 0.9979 0.0422 -0.0501
vn -0.0663 0.0000 0.9978
vn -0.0284 0.0238 0.9993
vn 0.9385 0.2744 0.2097
vn 0.8909 0.4542 0.0000
vn -0.8911 0.4537 0.0000
vn 0.9775 0.2111 0.0000
vn 0.9941 0.0541 0.0936
vn 0.9991 -0.0147 0.0403
vn 0.9939 -0.0921 0.0599
vn -0.0613 0.9379 -0.3415
vn -0.0190 0.9998 0.0000
vn -0.0528 0.9835 -0.1732
vn -0.0191 0.9394 0.3422
vn -0.8314 0.5221 -0.1901
vn -0.0528 0.8647 0.4995
vn -0.8515 0.4540 0.2623
vn -0.8515 0.5163 -0.0909
vn -0.0408 0.8652 0.4998
vn 0.0194 0.9395 -0.3421
vn 0.8320 0.5213 -0.1898
vn 0.0343 0.8836 -0.4670
vn 0.0000 0.9848 -0.1735
vn 0.8521 0.5155 -0.0908
vn -0.0194 0.9998 0.0000
vn 0.0099 0.8659 0.5001
vn 0.8520 0.4533 0.2618
vn -0.9058 0.4223 -0.0337
vn -0.8657 0.5002 -0.0214
vn -0.0314 0.6427 0.7654
vn -0.0313 0.8658 -0.4993
vn 0.0377 0.7663 0.6414
vn 0.8323 0.4251 0.3558
vn 0.0000 0.6428 -0.7661
vn 0.8522 0.3363 -0.4009
vn 0.0113 0.6650 0.7467
vn 0.4999 0.8661 -0.0011
vn -0.4999 0.8661 0.0011
vn -0.0190 0.4999 -0.8659
vn -0.0527 0.6419 -0.7650
vn -0.0527 0.3431 0.9378
vn -0.8517 0.1800 0.4921
vn -0.8516 0.3369 -0.4015
vn -0.0408 0.3433 0.9384
vn -0.0099 0.6438 -0.7651
vn -0.0282 0.3434 0.9388
vn 0.8522 0.1797 0.4913
vn -0.0100 0.3435 0.9391
vn 0.0000 0.5005 0.8657
vn -0.7662 0.6426 -0.0011
vn -0.0408 0.3416 -0.9390
vn -0.0313 0.3418 -0.9393
vn -0.0188 0.1739 0.9846
vn -0.8516 0.1792 -0.4927
vn 0.0195 0.1737 -0.9846
vn 0.8321 0.0963 -0.5461
vn -0.0408 -0.3410 -0.9392
vn -0.0312 0.0000 0.9995
vn -0.0313 -0.3418 -0.9393
vn -0.0527 0.0000 -0.9986
vn -0.8516 -0.1789 -0.4927
vn -0.8516 0.0000 -0.5242
vn -0.8518 -0.4537 0.2620
vn -0.8318 -0.5216 -0.1899
vn -0.8518 -0.1797 0.4921
vn -0.8517 -0.3363 -0.4018
vn -0.8518 -0.5159 -0.0909
vn -0.8518 -0.1797 0.4922
vn 0.8324 -0.0968 0.5457
vn 0.8523 -0.5150 -0.0909
vn 0.8523 -0.4529 0.2616
vn 0.8521 -0.3364 -0.4008
vn 0.8523 -0.1794 0.4914
vn 0.8523 -0.4529 -0.2616
vn 0.8324 -0.5208 0.1896
vn 0.8322 -0.0962 -0.5461
vn 0.0194 -0.1747 0.9844
vn 0.0194 -0.1735 -0.9846
vn 0.9902 -0.1398 -0.0004
vn 0.9847 0.1742 -0.0016
vn -0.9847 0.1742 0.0005
vn -0.0407 -0.3417 -0.9389
vn -0.0527 -0.6410 -0.7658
vn -0.0677 -0.6416 0.7641
vn -0.0527 -0.3425 0.9381
vn -0.0060 -0.3429 0.9393
vn 0.0000 -0.6429 -0.7659
vn 0.0000 -0.3429 0.9394
vn 1.0000 -0.0008 0.0021
vn -0.9847 -0.1742 -0.0005
vn -0.9914 -0.1308 0.0000
vn 0.9915 -0.1303 0.0000
vn -0.0312 -0.6427 0.7654
vn -0.0099 -0.6418 -0.7668
vn 0.0000 -0.8659 0.5002
vn 0.9877 0.1565 0.0000
vn -0.9381 0.1487 0.3127
vn -0.9950 -0.1000 0.0000
vn 0.9994 -0.0213 -0.0254
vn 1.0000 -0.0036 0.0021
vn 0.9957 -0.0592 -0.0707
vn 0.8654 -0.5010 0.0005
vn -0.8661 -0.4998 0.0005
vn -0.0676 -0.8643 -0.4984
vn -0.0375 -0.9390 -0.3419
vn -0.0311 -0.8658 -0.4993
vn -0.0526 -0.8647 0.4995
vn 0.0000 -0.9848 -0.1738
vn 0.0059 -0.8659 -0.5001
vn 0.0117 -0.8815 -0.4721
vn 0.0000 -0.9396 0.3422
vn 0.0742 -0.6796 0.7298
vn -0.0312 -0.9842 0.1740
vn -0.0526 -0.9835 -0.1732
vn 0.9997 0.0262 0.0000
vn 0.9845 0.1739 -0.0213
vn -0.9481 0.3178 0.0000
vn -0.9846 0.1733 -0.0214
vn 0.9993 -0.0371 0.0000
vn 0.9959 0.0000 0.0900
vn 0.9533 -0.2975 -0.0525
vn 0.9040 -0.4093 0.1237
vn 0.9478 -0.2307 -0.2201
vn 0.6426 -0.7662 -0.0005
vn -0.5007 -0.8656 0.0000
vn -0.3429 -0.9394 -0.0016
vn 0.9783 -0.2070 0.0000
vn 0.3434 -0.9392 0.0005
vn 1.0000 0.0000 0.0031
vn 0.9691 -0.2468 0.0006
vn 0.5869 0.8097 -0.0011
vn -0.7048 0.7048 0.0805
vn 0.0000 0.9981 0.0624
vn 0.0848 0.9963 -0.0097
vn -0.3644 0.9312 0.0000
vn -0.0947 0.9937 0.0596
vn 0.3644 0.9300 0.0484
vn 0.0950 0.9955 0.0000
vn 0.0000 0.9981 -0.0624
vn -0.1826 0.9810 0.0662
vn 0.7048 0.7048 0.0805
vn -0.3530 0.9356 0.0000
vn 0.3527 0.9357 0.0000
vn -0.7071 0.7071 -0.0009
vn 0.0000 1.0000 -0.0025
vn -0.1021 0.9948 0.0000
vn -0.9914 0.1307 0.0000
vn 0.9877 -0.1564 0.0000
vn 0.9956 -0.0872 -0.0337
vn 0.9845 -0.1739 -0.0213
vn -0.9849 -0.1734 0.0000
vn -0.9877 -0.1564 0.0000
vn -0.9444 0.0948 0.3148
vn 0.9915 0.1302 0.0000
vn -0.0103 0.9999 0.0002
vn -0.6495 0.7604 0.0000
vn 0.6499 0.7600 0.0000
vn -0.0204 -0.5656 0.8244
vn 0.1738 0.9843 0.0314
vn -0.3415 0.9379 0.0613
vn -0.1901 0.5220 0.8315
vn 0.1735 0.9848 0.0000
vn 0.0000 0.9998 -0.0194
vn 0.0909 0.5164 0.8515
vn 0.4995 0.8647 0.0528
vn 0.2623 0.4540 0.8515
vn -0.7493 0.6622 0.0000
vn 0.5234 0.8521 0.0000
vn 0.7654 0.6422 0.0406
vn 0.4015 0.3369 0.8516
vn -0.6423 0.7662 0.0195
vn -0.3569 0.4256 0.8316
vn 0.9291 0.3697 0.0083
vn 0.9397 0.3419 0.0099
vn 0.4927 0.1792 0.8516
vn -0.7661 0.6428 0.0000
vn -0.8686 0.4956 0.0000
vn 0.8686 0.4956 0.0000
vn -0.0120 -0.0044 0.9999
vn -0.9848 0.1737 0.0000
vn -0.9388 0.3434 0.0287
vn -0.5469 0.0965 0.8316
vn -0.5241 0.0000 0.8516
vn 0.0577 -0.0102 0.9983
vn 0.9847 -0.1735 -0.0194
vn -0.4018 -0.3363 0.8518
vn 0.2620 -0.4537 0.8518
vn -0.0908 -0.5159 0.8518
vn 0.4927 -0.1789 0.8516
vn -0.9393 -0.3429 -0.0098
vn -0.0134 -0.0369 0.9992
vn -0.0113 0.0000 0.9999
vn 0.9992 0.0000 0.0406
vn 0.5241 0.0000 0.8516
vn -0.3571 -0.4251 0.8317
vn 0.0908 -0.5159 0.8518
vn 0.4018 -0.3363 0.8517
vn 0.9058 -0.4223 -0.0336
vn 0.8659 -0.4997 -0.0213
vn -0.8659 -0.5003 0.0000
vn 0.9400 -0.3413 0.0000
vn -0.7668 -0.6418 0.0099
vn 0.0401 -0.0402 0.9984
vn -0.0139 -0.1176 0.9930
vn 0.8909 -0.4542 0.0000
vn -0.8911 -0.4537 0.0000
vn 0.5340 -0.8448 0.0342
vn 0.7668 -0.6418 0.0000
vn 0.6435 0.7654 0.0000
vn -0.6435 0.7654 0.0000
vn -0.9239 0.3827 0.0000
vn 0.9237 0.3831 0.0000
vn 0.0559 0.4748 0.8783
vn -0.0360 -0.0429 0.9984
vn -0.0394 -0.0394 0.9984
vn -0.1734 -0.9844 -0.0285
vn -0.3422 -0.9396 0.0000
vn -0.9852 0.1714 0.0000
vn 0.9851 0.1722 0.0000
vn 0.1735 -0.9848 0.0000
vn 0.0300 -0.0519 0.9982
vn 0.8660 0.5000 0.0000
vn -0.8653 0.5012 0.0000
vn 0.0231 -0.1315 0.9910
vn 0.0000 -0.0931 0.9957
vn 0.9846 0.1746 0.0000
vn 0.7553 -0.6546 -0.0304
vn -0.5135 -0.8576 -0.0305
vn 0.9847 -0.1743 0.0000
vn -0.9852 -0.1713 0.0000
vn 0.9851 -0.1721 0.0000
vn -0.7935 0.6086 0.0000
vn 0.7935 0.6086 0.0000
vn -0.2729 0.1214 0.9543
vn 0.1254 0.0753 0.9892
vn -0.8653 -0.5012 0.0000
vn -0.2586 -0.9654 -0.0336
vn -0.3419 -0.9395 -0.0213
vn 0.6435 -0.7654 0.0000
vn -0.6435 -0.7654 0.0000
vn 0.0085 0.1069 0.9942
vn -0.2217 0.2043 0.9535
vn -0.8686 -0.4956 0.0000
vn 0.8686 -0.4956 0.0000
vn 0.1311 -0.0748 0.9885
vn -0.1481 -0.9890 0.0000
vn 0.0000 -0.9998 -0.0213
vn 0.3405 -0.9402 0.0000
vn 0.4538 -0.8911 0.0000
vn 0.4537 -0.8911 0.0000
vn -0.4538 -0.8911 0.0000
vn -0.4537 -0.8911 0.0000
vn -0.6086 0.7935 0.0000
vn 0.6086 0.7935 0.0000
vn -0.6491 -0.7607 0.0000
vn 0.6494 -0.7604 0.0000
vn 0.1893 -0.2216 0.9566
vn 0.1565 -0.9877 0.0000
vn -0.0949 -0.9444 0.3148
vn -0.1486 -0.9382 0.3127
vn 0.0999 -0.9950 0.0000
vn -0.2616 0.8523 0.4529
vn -0.4548 0.8603 0.2301
vn 0.0907 0.8524 0.5150
vn 0.4012 0.8522 0.3357
vn -0.4914 0.8523 0.1794
vn -0.3537 -0.9354 0.0000
vn 0.3534 -0.9355 0.0000
vn 0.2200 -0.5824 0.7825
vn -0.3829 0.9238 0.0000
vn 0.3831 0.9237 0.0000
vn 0.9995 0.0082 0.0292
vn 0.7658 0.0527 0.6409
vn 0.4993 0.0311 0.8658
vn 0.1733 0.0526 0.9835
vn -0.1740 0.0312 0.9842
vn -0.4994 0.0526 0.8647
vn -0.9291 0.0082 0.3696
vn -0.6376 -0.0199 0.7701
vn 0.7662 0.0405 0.6413
vn 0.9302 0.0000 0.3671
vn 0.1737 0.0406 0.9840
vn 0.1734 0.0406 0.9840
vn -0.5002 0.0000 0.8659
vn -0.7405 0.0342 0.6712
vn -0.9394 0.0000 0.3429
vn -0.0935 -0.9956 0.0067
vn -0.0215 -0.9997 -0.0141
vn -0.1153 -0.9933 0.0000
vn 0.0936 -0.9956 -0.0041
vn 0.1264 -0.9920 0.0000
vn -0.1174 -0.9021 0.4153
vn -0.9885 -0.1066 -0.1077
vn -0.6054 -0.0029 -0.7959
vn 1.0000 0.0000 0.0057
vn 1.0000 -0.0007 0.0000
vn -0.6379 -0.0029 -0.7701
vn -0.6347 -0.0024 -0.7727
vn 0.4342 -0.8560 0.2805
vn -0.1098 -0.9940 0.0000
vn 0.9950 0.0153 -0.0982
vn 0.9397 -0.0075 -0.3419
vn 0.6370 0.0073 -0.7708
vn 0.2503 -0.0314 -0.9677
vn 0.0000 -0.0024 -1.0000
vn 0.0138 -0.9999 0.0010
vn 0.7661 0.0008 -0.6428
vn 0.7100 0.0107 -0.7041
vn 0.1734 -0.0080 -0.9848
vn -0.1712 0.0225 -0.9850
vn -0.3156 -0.9200 0.2324
vn -0.6423 -0.0233 -0.7661
vn -0.9025 0.0151 -0.4305
vn 0.1121 -0.9937 0.0000
vn -0.9846 -0.0196 0.1735
vn -0.1303 0.9915 0.0000
vn 0.1302 0.9915 0.0000
vn 0.1289 0.8573 -0.4984
vn -0.2558 0.9463 -0.1975
vn 0.0000 0.9978 -0.0658
vn 0.5997 0.6528 0.4629
vn 0.0679 0.9974 -0.0247
vn 0.1248 0.9922 0.0000
vn -0.6025 0.7612 0.2398
vn 0.0103 0.9999 -0.0060
vn -0.0551 0.9458 0.3199
vn 0.0174 0.9950 -0.0982
vn 0.0106 0.9999 -0.0089
vn 0.0101 0.9999 0.0000
vn -0.0077 0.9999 -0.0092
vn -0.0156 0.9384 0.3451
vn 0.0009 0.9978 -0.0657
vn 0.0135 0.9970 -0.0766
vn -0.0347 0.9985 -0.0414
vn 0.2889 0.9426 0.1674
vn -0.0800 0.9967 0.0141
vn -0.1215 0.9926 0.0000
usemtl Roll_Arm_Basemat
s off
f 1//1 2//1 3//1
f 4//1 1//1 3//1
f 2//2 5//2 3//2
f 5//3 6//3 3//3
f 6//3 7//3 3//3
f 7//4 4//4 3//4
f 2//5 8//5 5//5
f 9//6 10//6 5//6
f 10//7 11//7 5//7
f 11//8 6//8 5//8
f 12//9 9//9 5//9
f 8//10 12//10 5//10
f 11//11 13//11 6//11
f 13//12 7//12 6//12
f 14//13 4//13 7//13
f 13//14 15//14 7//14
f 15//15 16//15 7//15
f 16//16 17//16 7//16
f 17//17 18//17 7//17
f 18//18 19//18 7//18
f 19//19 14//19 7//19
f 1//1 20//1 2//1
f 20//1 21//1 2//1
f 21//20 22//20 2//20
f 22//21 8//21 2//21
f 22//22 12//22 8//22
f 23//1 1//1 4//1
f 14//23 23//23 4//23
f 21//24 24//24 22//24
f 25//25 12//25 22//25
f 26//26 27//26 22//26
f 27//27 28//27 22//27
f 28//28 25//28 22//28
f 29//29 30//29 22//29
f 30//30 31//30 22//30
f 31//31 26//31 22//31
f 32//32 29//32 22//32
f 33//33 32//33 22//33
f 24//34 33//34 22//34
f 34//35 23//35 14//35
f 19//36 35//36 14//36
f 35//37 34//37 14//37
f 36//1 1//1 23//1
f 34//38 36//38 23//38
f 37//39 36//39 34//39
f 35//40 38//40 34//40
f 38//41 39//41 34//41
f 40//42 37//42 34//42
f 41//43 40//43 34//43
f 39//44 41//44 34//44
f 20//1 42//1 21//1
f 42//45 43//45 21//45
f 43//46 24//46 21//46
f 44//47 33//47 24//47
f 43//48 44//48 24//48
f 45//1 1//1 36//1
f 46//49 45//49 36//49
f 37//39 46//39 36//39
f 42//50 47//50 43//50
f 47//51 44//51 43//51
f 48//52 46//52 37//52
f 40//53 48//53 37//53
f 49//54 45//54 46//54
f 48//55 49//55 46//55
f 20//1 50//1 42//1
f 50//1 51//1 42//1
f 52//56 53//56 42//56
f 53//57 54//57 42//57
f 54//58 55//58 42//58
f 55//59 56//59 42//59
f 56//60 57//60 42//60
f 51//61 58//61 42//61
f 58//62 59//62 42//62
f 59//63 52//63 42//63
f 57//64 47//64 42//64
f 60//65 61//65 47//65
f 57//66 62//66 47//66
f 62//67 63//67 47//67
f 63//68 60//68 47//68
f 61//69 64//69 47//69
f 64//70 65//70 47//70
f 65//71 66//71 47//71
f 67//72 44//72 47//72
f 66//73 67//73 47//73
f 68//1 1//1 45//1
f 69//74 70//74 45//74
f 70//75 71//75 45//75
f 71//76 72//76 45//76
f 73//77 74//77 45//77
f 74//78 75//78 45//78
f 75//79 69//79 45//79
f 72//80 76//80 45//80
f 76//81 77//81 45//81
f 77//82 68//82 45//82
f 49//83 73//83 45//83
f 65//84 78//84 66//84
f 78//85 79//85 66//85
f 79//86 67//86 66//86
f 80//87 81//87 49//87
f 81//88 82//88 49//88
f 82//89 83//89 49//89
f 83//90 84//90 49//90
f 84//91 85//91 49//91
f 85//92 86//92 49//92
f 86//93 87//93 49//93
f 87//94 88//94 49//94
f 88//95 73//95 49//95
f 89//96 80//96 49//96
f 48//97 89//97 49//97
f 90//98 74//98 73//98
f 88//99 90//99 73//99
f 91//100 62//100 57//100
f 56//101 91//101 57//101
f 91//102 92//102 62//102
f 92//103 63//103 62//103
f 90//104 93//104 74//104
f 93//105 75//105 74//105
f 94//106 90//106 88//106
f 87//107 94//107 88//107
f 95//108 91//108 56//108
f 55//109 95//109 56//109
f 86//110 94//110 87//110
f 93//111 69//111 75//111
f 92//112 60//112 63//112
f 54//113 95//113 55//113
f 96//114 61//114 60//114
f 92//115 96//115 60//115
f 93//116 97//116 69//116
f 97//117 70//117 69//117
f 98//118 94//118 86//118
f 85//119 98//119 86//119
f 99//120 95//120 54//120
f 53//121 99//121 54//121
f 84//122 98//122 85//122
f 97//123 71//123 70//123
f 96//124 64//124 61//124
f 52//125 99//125 53//125
f 97//126 100//126 71//126
f 100//127 72//127 71//127
f 101//128 98//128 84//128
f 83//129 101//129 84//129
f 102//130 99//130 52//130
f 59//131 102//131 52//131
f 96//132 103//132 64//132
f 103//133 65//133 64//133
f 82//134 101//134 83//134
f 100//135 76//135 72//135
f 103//136 78//136 65//136
f 58//137 102//137 59//137
f 100//138 104//138 76//138
f 104//139 77//139 76//139
f 105//140 101//140 82//140
f 81//141 105//141 82//141
f 106//142 107//142 80//142
f 107//143 108//143 80//143
f 108//144 81//144 80//144
f 109//145 106//145 80//145
f 89//146 109//146 80//146
f 103//147 110//147 78//147
f 111//148 102//148 58//148
f 50//1 112//1 51//1
f 112//1 113//1 51//1
f 114//149 115//149 51//149
f 113//150 114//150 51//150
f 115//151 58//151 51//151
f 78//152 116//152 79//152
f 116//153 117//153 79//153
f 118//154 67//154 79//154
f 117//155 118//155 79//155
f 108//156 105//156 81//156
f 119//157 68//157 77//157
f 104//158 119//158 77//158
f 110//159 116//159 78//159
f 115//160 111//160 58//160
f 107//161 105//161 108//161
f 120//162 68//162 119//162
f 104//163 121//163 119//163
f 121//164 120//164 119//164
f 122//165 111//165 115//165
f 114//166 122//166 115//166
f 123//167 117//167 116//167
f 110//168 124//168 116//168
f 124//169 123//169 116//169
f 125//170 105//170 107//170
f 106//171 126//171 107//171
f 126//172 125//172 107//172
f 127//173 68//173 120//173
f 121//174 127//174 120//174
f 128//175 117//175 123//175
f 129//176 128//176 123//176
f 124//177 129//177 123//177
f 113//178 130//178 114//178
f 130//179 122//179 114//179
f 113//180 131//180 130//180
f 132//181 122//181 130//181
f 131//182 132//182 130//182
f 133//183 68//183 127//183
f 121//184 134//184 127//184
f 134//185 133//185 127//185
f 106//186 135//186 126//186
f 136//187 125//187 126//187
f 135//188 136//188 126//188
f 137//189 128//189 129//189
f 124//190 138//190 129//190
f 138//191 137//191 129//191
f 94//192 139//192 90//192
f 139//193 140//193 90//193
f 140//194 93//194 90//194
f 95//195 141//195 91//195
f 141//196 142//196 91//196
f 142//197 92//197 91//197
f 98//198 143//198 94//198
f 143//199 139//199 94//199
f 140//200 97//200 93//200
f 142//201 144//201 92//201
f 144//202 96//202 92//202
f 99//203 145//203 95//203
f 145//204 141//204 95//204
f 146//205 128//205 137//205
f 138//206 146//206 137//206
f 113//207 147//207 131//207
f 147//208 132//208 131//208
f 101//209 148//209 98//209
f 148//210 143//210 98//210
f 149//211 100//211 97//211
f 140//212 150//212 97//212
f 150//213 149//213 97//213
f 144//214 151//214 96//214
f 151//215 103//215 96//215
f 102//216 152//216 99//216
f 152//217 145//217 99//217
f 106//218 153//218 135//218
f 154//219 136//219 135//219
f 153//220 154//220 135//220
f 155//221 68//221 133//221
f 156//222 155//222 133//222
f 134//223 157//223 133//223
f 157//224 156//224 133//224
f 155//1 1//1 68//1
f 128//225 118//225 117//225
f 158//226 153//226 106//226
f 159//227 158//227 106//227
f 109//228 159//228 106//228
f 105//229 160//229 101//229
f 160//230 148//230 101//230
f 149//231 161//231 100//231
f 161//232 104//232 100//232
f 151//233 162//233 103//233
f 162//234 110//234 103//234
f 111//235 163//235 102//235
f 163//236 152//236 102//236
f 113//237 164//237 147//237
f 165//238 132//238 147//238
f 164//239 165//239 147//239
f 166//240 128//240 146//240
f 138//241 167//241 146//241
f 167//242 166//242 146//242
f 168//243 169//243 153//243
f 158//244 168//244 153//244
f 169//245 154//245 153//245
f 170//246 155//246 156//246
f 171//247 170//247 156//247
f 157//248 171//248 156//248
f 172//249 128//249 166//249
f 167//250 172//250 166//250
f 113//251 173//251 164//251
f 173//252 165//252 164//252
f 174//1 175//1 105//1
f 175//253 160//253 105//253
f 125//1 174//1 105//1
f 161//254 121//254 104//254
f 162//1 124//1 110//1
f 122//254 176//254 111//254
f 176//254 177//254 111//254
f 177//255 163//255 111//255
f 178//256 13//256 11//256
f 178//257 179//257 13//257
f 10//258 178//258 11//258
f 179//259 15//259 13//259
f 180//260 15//260 179//260
f 181//254 180//254 179//254
f 182//254 181//254 179//254
f 178//254 182//254 179//254
f 9//261 183//261 10//261
f 183//262 178//262 10//262
f 184//254 182//254 178//254
f 183//254 184//254 178//254
f 168//263 185//263 169//263
f 186//264 154//264 169//264
f 185//265 186//265 169//265
f 113//266 187//266 173//266
f 188//267 165//267 173//267
f 187//268 188//268 173//268
f 189//269 128//269 172//269
f 167//270 190//270 172//270
f 190//271 189//271 172//271
f 191//272 170//272 171//272
f 157//273 192//273 171//273
f 192//274 191//274 171//274
f 12//275 183//275 9//275
f 180//276 16//276 15//276
f 168//277 193//277 185//277
f 193//278 186//278 185//278
f 194//279 170//279 191//279
f 192//280 194//280 191//280
f 195//281 128//281 189//281
f 190//282 195//282 189//282
f 113//283 196//283 187//283
f 196//284 188//284 187//284
f 136//285 174//285 125//285
f 161//254 197//254 121//254
f 197//286 198//286 121//286
f 198//287 134//287 121//287
f 162//1 199//1 124//1
f 199//288 138//288 124//288
f 132//289 176//289 122//289
f 168//290 200//290 193//290
f 201//291 186//291 193//291
f 200//292 201//292 193//292
f 113//293 202//293 196//293
f 203//294 188//294 196//294
f 202//295 203//295 196//295
f 202//296 128//296 195//296
f 190//297 203//297 195//297
f 203//298 202//298 195//298
f 200//299 170//299 194//299
f 192//300 201//300 194//300
f 201//301 200//301 194//301
f 25//302 183//302 12//302
f 180//303 17//303 16//303
f 168//304 170//304 200//304
f 113//305 128//305 202//305
f 154//306 204//306 136//306
f 204//307 174//307 136//307
f 198//308 205//308 134//308
f 205//309 157//309 134//309
f 206//310 167//310 138//310
f 199//311 207//311 138//311
f 207//312 206//312 138//312
f 165//313 208//313 132//313
f 208//314 176//314 132//314
f 180//315 18//315 17//315
f 209//316 18//316 180//316
f 210//254 209//254 180//254
f 181//254 210//254 180//254
f 211//317 183//317 25//317
f 28//318 211//318 25//318
f 212//254 184//254 183//254
f 211//254 212//254 183//254
f 186//319 213//319 154//319
f 213//320 204//320 154//320
f 205//321 214//321 157//321
f 214//322 192//322 157//322
f 206//323 215//323 167//323
f 215//324 190//324 167//324
f 188//325 216//325 165//325
f 216//326 208//326 165//326
f 201//327 217//327 186//327
f 217//328 213//328 186//328
f 214//329 218//329 192//329
f 218//330 201//330 192//330
f 215//331 219//331 190//331
f 219//332 203//332 190//332
f 203//333 220//333 188//333
f 220//334 216//334 188//334
f 218//335 217//335 201//335
f 219//336 220//336 203//336
f 209//337 19//337 18//337
f 27//338 211//338 28//338
f 221//339 168//339 158//339
f 159//340 221//340 158//340
f 112//1 222//1 113//1
f 222//341 128//341 113//341
f 222//342 223//342 128//342
f 224//343 118//343 128//343
f 223//344 224//344 128//344
f 225//345 19//345 209//345
f 226//254 225//254 209//254
f 210//254 226//254 209//254
f 227//346 211//346 27//346
f 26//347 227//347 27//347
f 228//254 212//254 211//254
f 227//254 228//254 211//254
f 225//348 35//348 19//348
f 229//1 1//1 155//1
f 170//1 229//1 155//1
f 230//1 231//1 1//1
f 231//1 232//1 1//1
f 232//1 233//1 1//1
f 233//1 20//1 1//1
f 229//1 234//1 1//1
f 234//1 235//1 1//1
f 235//1 230//1 1//1
f 236//349 50//349 20//349
f 237//350 238//350 20//350
f 238//351 236//351 20//351
f 239//1 240//1 20//1
f 233//1 241//1 20//1
f 241//1 239//1 20//1
f 240//1 242//1 20//1
f 242//1 243//1 20//1
f 243//1 237//1 20//1
f 244//1 222//1 112//1
f 244//352 245//352 222//352
f 245//353 246//353 222//353
f 246//354 223//354 222//354
f 182//355 241//355 181//355
f 241//355 233//355 181//355
f 233//356 210//356 181//356
f 232//356 210//356 233//356
f 184//357 239//357 182//357
f 239//357 241//357 182//357
f 236//358 247//358 50//358
f 248//359 249//359 250//359
f 251//360 248//360 250//360
f 249//361 112//361 250//361
f 112//362 50//362 250//362
f 50//363 251//363 250//363
f 248//364 252//364 249//364
f 252//365 244//365 249//365
f 244//366 112//366 249//366
f 31//367 227//367 26//367
f 225//368 38//368 35//368
f 253//369 248//369 251//369
f 50//370 253//370 251//370
f 247//371 253//371 50//371
f 248//372 254//372 252//372
f 254//373 255//373 252//373
f 255//374 244//374 252//374
f 255//375 245//375 244//375
f 232//376 226//376 210//376
f 231//376 226//376 232//376
f 212//377 240//377 184//377
f 240//377 239//377 184//377
f 256//378 247//378 236//378
f 257//379 248//379 253//379
f 247//380 257//380 253//380
f 256//380 257//380 247//380
f 248//381 258//381 254//381
f 258//382 259//382 254//382
f 259//382 255//382 254//382
f 259//383 245//383 255//383
f 260//1 229//1 170//1
f 246//384 261//384 223//384
f 262//385 224//385 223//385
f 261//386 262//386 223//386
f 231//387 263//387 226//387
f 263//254 225//254 226//254
f 230//387 263//387 231//387
f 228//388 242//388 212//388
f 242//388 240//388 212//388
f 225//389 264//389 38//389
f 264//390 39//390 38//390
f 263//254 264//254 225//254
f 265//391 227//391 31//391
f 30//392 265//392 31//392
f 266//254 228//254 227//254
f 265//254 266//254 227//254
f 267//393 170//393 168//393
f 268//394 267//394 168//394
f 221//395 268//395 168//395
f 269//396 256//396 236//396
f 238//397 269//397 236//397
f 270//398 246//398 245//398
f 259//399 270//399 245//399
f 271//1 260//1 170//1
f 267//400 271//400 170//400
f 272//401 248//401 257//401
f 256//402 272//402 257//402
f 269//402 272//402 256//402
f 248//403 273//403 258//403
f 273//404 274//404 258//404
f 274//404 259//404 258//404
f 274//405 270//405 259//405
f 275//1 276//1 246//1
f 270//406 275//406 246//406
f 276//407 261//407 246//407
f 230//408 277//408 263//408
f 277//254 264//254 263//254
f 235//408 277//408 230//408
f 266//409 243//409 228//409
f 243//409 242//409 228//409
f 29//410 265//410 30//410
f 278//411 41//411 39//411
f 264//412 278//412 39//412
f 279//413 269//413 238//413
f 280//414 248//414 272//414
f 269//415 280//415 272//415
f 279//415 280//415 269//415
f 280//416 281//416 248//416
f 282//417 283//417 248//417
f 284//418 282//418 248//418
f 281//419 284//419 248//419
f 285//420 286//420 248//420
f 287//421 285//421 248//421
f 283//422 287//422 248//422
f 286//423 273//423 248//423
f 286//424 288//424 273//424
f 288//424 274//424 273//424
f 288//425 289//425 274//425
f 289//426 270//426 274//426
f 289//406 275//406 270//406
f 279//427 281//427 280//427
f 290//427 281//427 279//427
f 238//428 290//428 279//428
f 285//429 291//429 286//429
f 291//429 288//429 286//429
f 291//430 292//430 288//430
f 292//431 289//431 288//431
f 293//432 41//432 278//432
f 264//433 294//433 278//433
f 294//434 293//434 278//434
f 277//254 294//254 264//254
f 235//435 295//435 277//435
f 295//254 294//254 277//254
f 234//435 295//435 235//435
f 296//436 297//436 266//436
f 297//436 243//436 266//436
f 265//254 296//254 266//254
f 297//1 237//1 243//1
f 32//437 298//437 29//437
f 298//438 299//438 29//438
f 299//439 265//439 29//439
f 299//254 296//254 265//254
f 237//440 300//440 238//440
f 300//441 290//441 238//441
f 292//442 275//442 289//442
f 301//443 271//443 267//443
f 302//444 301//444 267//444
f 268//445 302//445 267//445
f 275//1 303//1 276//1
f 303//446 304//446 276//446
f 304//447 261//447 276//447
f 305//448 262//448 261//448
f 304//449 305//449 261//449
f 290//450 284//450 281//450
f 306//450 284//450 290//450
f 300//451 306//451 290//451
f 287//452 307//452 285//452
f 307//452 291//452 285//452
f 307//453 308//453 291//453
f 308//454 292//454 291//454
f 237//455 309//455 300//455
f 309//456 306//456 300//456
f 308//457 275//457 292//457
f 310//458 41//458 293//458
f 294//459 310//459 293//459
f 32//460 311//460 298//460
f 311//461 299//461 298//461
f 306//462 282//462 284//462
f 312//462 282//462 306//462
f 309//463 312//463 306//463
f 283//464 313//464 287//464
f 313//464 307//464 287//464
f 313//465 308//465 307//465
f 234//466 314//466 295//466
f 314//254 315//254 295//254
f 315//254 294//254 295//254
f 316//466 314//466 234//466
f 229//1 316//1 234//1
f 317//467 318//467 296//467
f 318//467 297//467 296//467
f 299//254 317//254 296//254
f 318//1 237//1 297//1
f 312//468 283//468 282//468
f 313//468 283//468 312//468
f 309//469 313//469 312//469
f 309//469 308//469 313//469
f 237//470 308//470 309//470
f 237//470 275//470 308//470
f 319//471 41//471 310//471
f 294//472 320//472 310//472
f 320//473 319//473 310//473
f 321//474 299//474 311//474
f 322//475 321//475 311//475
f 32//476 322//476 311//476
f 315//477 320//477 294//477
f 321//254 317//254 299//254
f 316//478 323//478 314//478
f 323//254 324//254 314//254
f 324//254 315//254 314//254
f 325//478 323//478 316//478
f 229//1 325//1 316//1
f 326//479 327//479 317//479
f 327//479 318//479 317//479
f 321//254 326//254 317//254
f 327//1 237//1 318//1
f 328//480 322//480 32//480
f 33//481 328//481 32//481
f 319//482 40//482 41//482
f 325//483 329//483 323//483
f 329//254 330//254 323//254
f 330//254 324//254 323//254
f 331//483 329//483 325//483
f 229//1 331//1 325//1
f 332//484 333//484 326//484
f 333//484 327//484 326//484
f 321//254 334//254 326//254
f 334//254 332//254 326//254
f 333//1 237//1 327//1
f 319//485 48//485 40//485
f 44//486 328//486 33//486
f 335//254 319//254 320//254
f 315//487 335//487 320//487
f 336//254 337//254 322//254
f 328//254 336//254 322//254
f 337//488 321//488 322//488
f 331//468 332//468 329//468
f 332//254 338//254 329//254
f 338//254 330//254 329//254
f 333//468 332//468 331//468
f 229//1 333//1 331//1
f 334//254 338//254 332//254
f 229//1 237//1 333//1
f 339//1 260//1 271//1
f 301//489 339//489 271//489
f 303//490 340//490 304//490
f 340//491 341//491 304//491
f 341//492 342//492 304//492
f 342//493 343//493 304//493
f 343//494 344//494 304//494
f 344//495 345//495 304//495
f 346//496 305//496 304//496
f 345//497 346//497 304//497
f 347//498 339//498 301//498
f 348//499 347//499 301//499
f 302//500 348//500 301//500
f 67//501 349//501 44//501
f 349//502 328//502 44//502
f 350//254 351//254 335//254
f 352//254 350//254 335//254
f 351//254 319//254 335//254
f 315//503 352//503 335//503
f 324//503 352//503 315//503
f 353//254 354//254 337//254
f 336//254 353//254 337//254
f 334//504 321//504 337//504
f 354//504 334//504 337//504
f 351//254 355//254 319//254
f 355//485 48//485 319//485
f 349//254 336//254 328//254
f 355//505 89//505 48//505
f 356//1 357//1 339//1
f 357//1 358//1 339//1
f 358//1 260//1 339//1
f 347//506 356//506 339//506
f 359//1 360//1 260//1
f 360//1 361//1 260//1
f 361//1 362//1 260//1
f 362//1 229//1 260//1
f 363//1 364//1 260//1
f 364//1 365//1 260//1
f 365//1 359//1 260//1
f 366//1 367//1 260//1
f 367//1 368//1 260//1
f 368//1 369//1 260//1
f 369//1 363//1 260//1
f 358//1 370//1 260//1
f 370//1 366//1 260//1
f 371//1 372//1 229//1
f 372//1 373//1 229//1
f 373//1 237//1 229//1
f 362//1 374//1 229//1
f 374//1 371//1 229//1
f 375//1 275//1 237//1
f 373//1 376//1 237//1
f 376//1 375//1 237//1
f 377//1 378//1 275//1
f 379//1 377//1 275//1
f 378//1 380//1 275//1
f 380//1 381//1 275//1
f 381//1 382//1 275//1
f 375//1 383//1 275//1
f 383//1 379//1 275//1
f 384//1 385//1 275//1
f 386//1 384//1 275//1
f 385//1 303//1 275//1
f 382//1 387//1 275//1
f 387//1 388//1 275//1
f 388//1 386//1 275//1
f 385//1 389//1 303//1
f 389//507 340//507 303//507
f 355//508 109//508 89//508
f 390//254 350//254 352//254
f 324//509 390//509 352//509
f 330//510 390//510 324//510
f 353//511 391//511 354//511
f 391//512 334//512 354//512
f 391//513 338//513 334//513
f 118//514 349//514 67//514
f 330//515 392//515 390//515
f 393//516 350//516 390//516
f 392//517 393//517 390//517
f 394//518 395//518 391//518
f 353//519 394//519 391//519
f 393//520 351//520 350//520
f 330//521 396//521 392//521
f 396//522 393//522 392//522
f 338//523 396//523 330//523
f 396//524 338//524 391//524
f 395//525 396//525 391//525
f 395//526 393//526 396//526
f 397//254 398//254 355//254
f 351//254 397//254 355//254
f 398//527 109//527 355//527
f 399//254 336//254 349//254
f 400//254 399//254 349//254
f 118//528 400//528 349//528
f 401//529 356//529 347//529
f 402//530 403//530 347//530
f 404//531 405//531 347//531
f 405//532 406//532 347//532
f 406//533 402//533 347//533
f 407//534 408//534 347//534
f 408//535 409//535 347//535
f 409//536 404//536 347//536
f 410//537 411//537 347//537
f 411//538 412//538 347//538
f 412//539 407//539 347//539
f 403//540 401//540 347//540
f 348//541 410//541 347//541
f 385//1 413//1 389//1
f 413//1 414//1 389//1
f 414//1 415//1 389//1
f 415//542 416//542 389//542
f 416//543 340//543 389//543
f 416//544 417//544 340//544
f 417//545 341//545 340//545
f 373//546 393//546 395//546
f 376//547 373//547 395//547
f 394//547 376//547 395//547
f 372//546 393//546 373//546
f 418//548 394//548 353//548
f 336//549 418//549 353//549
f 372//550 419//550 393//550
f 419//551 351//551 393//551
f 371//550 419//550 372//550
f 398//527 159//527 109//527
f 375//552 376//552 394//552
f 418//552 375//552 394//552
f 419//553 397//553 351//553
f 143//554 420//554 419//554
f 139//555 143//555 419//555
f 371//556 139//556 419//556
f 420//557 397//557 419//557
f 374//558 140//558 371//558
f 140//559 139//559 371//559
f 398//560 221//560 159//560
f 421//561 400//561 118//561
f 224//562 421//562 118//562
f 422//563 418//563 336//563
f 399//564 422//564 336//564
f 362//565 140//565 374//565
f 151//566 144//566 418//566
f 144//567 142//567 418//567
f 142//568 141//568 418//568
f 422//569 199//569 418//569
f 199//570 162//570 418//570
f 162//571 151//571 418//571
f 141//572 375//572 418//572
f 145//573 152//573 375//573
f 152//574 163//574 375//574
f 163//575 177//575 375//575
f 177//576 383//576 375//576
f 141//577 145//577 375//577
f 423//254 424//254 398//254
f 397//254 423//254 398//254
f 424//578 268//578 398//578
f 268//579 221//579 398//579
f 425//254 399//254 400//254
f 421//254 425//254 400//254
f 426//1 427//1 356//1
f 427//1 428//1 356//1
f 428//1 357//1 356//1
f 401//529 429//529 356//529
f 429//580 426//580 356//580
f 415//581 430//581 416//581
f 430//582 431//582 416//582
f 431//583 432//583 416//583
f 432//584 433//584 416//584
f 433//585 434//585 416//585
f 434//586 435//586 416//586
f 435//587 436//587 416//587
f 436//588 417//588 416//588
f 403//540 429//540 401//540
f 420//589 423//589 397//589
f 143//590 148//590 420//590
f 148//591 160//591 420//591
f 160//592 175//592 420//592
f 175//593 437//593 420//593
f 437//594 423//594 420//594
f 361//595 197//595 362//595
f 197//596 161//596 362//596
f 161//597 149//597 362//597
f 149//598 150//598 362//598
f 150//599 140//599 362//599
f 174//600 437//600 175//600
f 176//601 383//601 177//601
f 438//602 422//602 399//602
f 425//603 438//603 399//603
f 262//604 421//604 224//604
f 439//605 343//605 342//605
f 341//606 439//606 342//606
f 440//607 409//607 408//607
f 407//608 440//608 408//608
f 204//609 437//609 174//609
f 361//610 198//610 197//610
f 441//611 404//611 409//611
f 440//355 441//355 409//355
f 442//612 405//612 441//612
f 405//613 404//613 441//613
f 443//254 442//254 441//254
f 444//254 443//254 441//254
f 440//254 444//254 441//254
f 445//262 440//262 407//262
f 412//614 445//614 407//614
f 446//254 444//254 440//254
f 445//254 446//254 440//254
f 439//615 447//615 343//615
f 447//616 344//616 343//616
f 341//355 448//355 439//355
f 449//254 447//254 439//254
f 450//254 449//254 439//254
f 448//254 450//254 439//254
f 417//617 448//617 341//617
f 436//618 451//618 448//618
f 417//619 436//619 448//619
f 452//254 450//254 448//254
f 451//254 452//254 448//254
f 207//620 199//620 422//620
f 438//621 215//621 422//621
f 215//622 206//622 422//622
f 206//623 207//623 422//623
f 176//624 379//624 383//624
f 208//625 379//625 176//625
f 411//626 445//626 412//626
f 447//627 345//627 344//627
f 213//628 437//628 204//628
f 361//629 205//629 198//629
f 216//630 379//630 208//630
f 435//631 451//631 436//631
f 217//632 437//632 213//632
f 361//633 214//633 205//633
f 220//634 379//634 216//634
f 442//635 406//635 405//635
f 453//636 403//636 442//636
f 403//637 402//637 442//637
f 402//638 406//638 442//638
f 454//254 453//254 442//254
f 443//254 454//254 442//254
f 455//639 445//639 411//639
f 410//640 455//640 411//640
f 456//254 446//254 445//254
f 455//254 456//254 445//254
f 457//641 346//641 345//641
f 447//636 457//636 345//636
f 458//254 457//254 447//254
f 449//254 458//254 447//254
f 434//642 451//642 435//642
f 433//643 459//643 451//643
f 434//644 433//644 451//644
f 460//254 452//254 451//254
f 459//254 460//254 451//254
f 424//645 302//645 268//645
f 461//646 421//646 262//646
f 305//647 461//647 262//647
f 218//648 437//648 217//648
f 361//649 218//649 214//649
f 438//650 219//650 215//650
f 219//651 379//651 220//651
f 361//652 437//652 218//652
f 438//653 379//653 219//653
f 462//654 426//654 429//654
f 463//655 462//655 429//655
f 403//656 463//656 429//656
f 464//1 465//1 415//1
f 414//1 466//1 415//1
f 466//1 464//1 415//1
f 465//657 467//657 415//657
f 467//658 430//658 415//658
f 467//659 431//659 430//659
f 468//660 305//660 346//660
f 457//661 468//661 346//661
f 348//662 469//662 410//662
f 469//663 455//663 410//663
f 470//254 424//254 423//254
f 437//664 470//664 423//664
f 432//665 459//665 433//665
f 470//254 471//254 424//254
f 471//666 348//666 424//666
f 348//666 302//666 424//666
f 472//254 425//254 421//254
f 461//254 472//254 421//254
f 361//667 473//667 437//667
f 473//668 470//668 437//668
f 360//667 473//667 361//667
f 453//669 463//669 403//669
f 474//670 463//670 453//670
f 475//254 474//254 453//254
f 454//254 475//254 453//254
f 348//671 476//671 469//671
f 477//672 455//672 469//672
f 476//673 477//673 469//673
f 478//254 456//254 455//254
f 477//254 478//254 455//254
f 479//674 305//674 468//674
f 457//345 480//345 468//345
f 480//675 479//675 468//675
f 481//254 480//254 457//254
f 458//254 481//254 457//254
f 432//676 431//676 459//676
f 431//677 482//677 459//677
f 483//254 460//254 459//254
f 482//254 483//254 459//254
f 444//355 370//355 443//355
f 370//355 358//355 443//355
f 358//356 454//356 443//356
f 357//356 454//356 358//356
f 446//357 366//357 444//357
f 366//357 370//357 444//357
f 450//355 413//355 449//355
f 413//355 385//355 449//355
f 385//356 458//356 449//356
f 384//356 458//356 385//356
f 452//678 414//678 450//678
f 414//678 413//678 450//678
f 348//679 484//679 476//679
f 484//680 477//680 476//680
f 485//681 305//681 479//681
f 480//682 485//682 479//682
f 486//655 462//655 463//655
f 487//683 486//683 463//683
f 474//684 487//684 463//684
f 357//376 475//376 454//376
f 428//376 475//376 357//376
f 456//377 367//377 446//377
f 367//377 366//377 446//377
f 384//376 481//376 458//376
f 386//376 481//376 384//376
f 460//377 466//377 452//377
f 466//377 414//377 452//377
f 488//685 438//685 425//685
f 472//686 488//686 425//686
f 467//687 489//687 431//687
f 489//688 482//688 431//688
f 485//689 490//689 305//689
f 490//690 491//690 305//690
f 491//691 461//691 305//691
f 428//387 492//387 475//387
f 492//254 474//254 475//254
f 427//692 492//692 428//692
f 478//388 368//388 456//388
f 368//388 367//388 456//388
f 386//387 493//387 481//387
f 493//254 480//254 481//254
f 388//692 493//692 386//692
f 483//693 464//693 460//693
f 464//694 466//694 460//694
f 377//695 379//695 438//695
f 488//696 377//696 438//696
f 494//697 486//697 487//697
f 474//698 494//698 487//698
f 495//699 494//699 474//699
f 492//254 495//254 474//254
f 348//700 496//700 484//700
f 497//391 477//391 484//391
f 496//701 497//701 484//701
f 498//254 478//254 477//254
f 497//254 498//254 477//254
f 499//702 490//702 485//702
f 480//389 499//389 485//389
f 493//254 499//254 480//254
f 467//703 500//703 489//703
f 500//704 501//704 489//704
f 501//391 482//391 489//391
f 502//254 483//254 482//254
f 501//254 502//254 482//254
f 467//705 503//705 500//705
f 503//706 501//706 500//706
f 504//707 486//707 494//707
f 495//708 504//708 494//708
f 505//709 491//709 490//709
f 499//710 505//710 490//710
f 506//1 507//1 426//1
f 507//1 427//1 426//1
f 462//711 506//711 426//711
f 465//712 508//712 467//712
f 509//713 503//713 467//713
f 508//714 510//714 467//714
f 510//715 509//715 467//715
f 486//716 506//716 462//716
f 348//717 511//717 496//717
f 511//718 497//718 496//718
f 427//408 512//408 492//408
f 512//254 495//254 492//254
f 507//408 512//408 427//408
f 498//409 369//409 478//409
f 369//409 368//409 478//409
f 388//408 513//408 493//408
f 513//254 499//254 493//254
f 387//408 513//408 388//408
f 502//719 514//719 483//719
f 514//720 464//720 483//720
f 514//1 465//1 464//1
f 509//721 501//721 503//721
f 515//722 486//722 504//722
f 495//723 515//723 504//723
f 516//724 491//724 505//724
f 517//725 516//725 505//725
f 499//726 517//726 505//726
f 518//254 471//254 470//254
f 473//727 518//727 470//727
f 516//728 461//728 491//728
f 519//1 520//1 506//1
f 520//1 521//1 506//1
f 521//1 522//1 506//1
f 522//1 507//1 506//1
f 486//729 519//729 506//729
f 523//730 524//730 348//730
f 524//731 525//731 348//731
f 525//732 526//732 348//732
f 526//733 511//733 348//733
f 527//734 523//734 348//734
f 471//734 527//734 348//734
f 528//735 486//735 515//735
f 495//736 528//736 515//736
f 529//737 528//737 495//737
f 512//254 529//254 495//254
f 507//435 530//435 512//435
f 530//254 529//254 512//254
f 522//435 530//435 507//435
f 531//738 532//738 498//738
f 532//739 369//739 498//739
f 497//254 531//254 498//254
f 532//1 363//1 369//1
f 533//439 497//439 511//439
f 526//740 533//740 511//740
f 533//254 531//254 497//254
f 534//741 516//741 517//741
f 499//742 534//742 517//742
f 535//743 534//743 499//743
f 513//254 535//254 499//254
f 387//435 536//435 513//435
f 536//254 535//254 513//254
f 537//435 536//435 387//435
f 382//1 537//1 387//1
f 538//744 539//744 502//744
f 539//744 514//744 502//744
f 501//254 538//254 502//254
f 539//1 465//1 514//1
f 540//439 501//439 509//439
f 540//254 538//254 501//254
f 360//745 541//745 473//745
f 541//746 518//746 473//746
f 359//745 541//745 360//745
f 510//747 540//747 509//747
f 518//254 527//254 471//254
f 542//254 472//254 461//254
f 543//254 542//254 461//254
f 516//748 543//748 461//748
f 525//749 533//749 526//749
f 544//750 516//750 534//750
f 535//751 544//751 534//751
f 522//466 545//466 530//466
f 545//254 546//254 530//254
f 546//254 529//254 530//254
f 521//466 545//466 522//466
f 547//752 532//752 531//752
f 533//254 547//254 531//254
f 537//466 548//466 536//466
f 548//254 549//254 536//254
f 549//254 535//254 536//254
f 550//466 548//466 537//466
f 382//1 550//1 537//1
f 551//753 552//753 538//753
f 552//753 539//753 538//753
f 540//254 551//254 538//254
f 553//1 465//1 539//1
f 552//1 553//1 539//1
f 554//754 486//754 528//754
f 529//755 554//755 528//755
f 508//756 555//756 510//756
f 555//757 556//757 510//757
f 556//758 540//758 510//758
f 524//759 533//759 525//759
f 557//760 516//760 544//760
f 535//761 557//761 544//761
f 558//762 488//762 472//762
f 542//763 558//763 472//763
f 557//764 559//764 516//764
f 559//765 560//765 516//765
f 560//766 543//766 516//766
f 561//767 486//767 554//767
f 546//768 561//768 554//768
f 529//769 546//769 554//769
f 524//770 562//770 533//770
f 562//771 563//771 533//771
f 563//254 547//254 533//254
f 559//772 557//772 535//772
f 549//773 564//773 535//773
f 564//774 559//774 535//774
f 555//775 565//775 556//775
f 565//776 566//776 556//776
f 566//777 540//777 556//777
f 566//254 551//254 540//254
f 521//478 567//478 545//478
f 567//254 568//254 545//254
f 568//254 546//254 545//254
f 569//478 567//478 521//478
f 520//1 569//1 521//1
f 570//778 571//778 547//778
f 571//779 532//779 547//779
f 563//254 570//254 547//254
f 571//1 363//1 532//1
f 550//478 572//478 548//478
f 572//254 573//254 548//254
f 573//254 549//254 548//254
f 574//478 572//478 550//478
f 382//1 574//1 550//1
f 575//479 576//479 551//479
f 576//479 552//479 551//479
f 566//254 575//254 551//254
f 577//1 553//1 552//1
f 576//1 577//1 552//1
f 578//780 519//780 486//780
f 561//781 579//781 486//781
f 579//782 580//782 486//782
f 580//783 581//783 486//783
f 581//784 582//784 486//784
f 582//785 583//785 486//785
f 583//786 578//786 486//786
f 553//787 555//787 465//787
f 555//788 508//788 465//788
f 378//789 377//789 488//789
f 558//789 378//789 488//789
f 569//483 584//483 567//483
f 584//254 585//254 567//254
f 585//254 568//254 567//254
f 586//483 584//483 569//483
f 520//1 586//1 569//1
f 587//790 588//790 570//790
f 588//791 571//791 570//791
f 563//254 589//254 570//254
f 589//254 587//254 570//254
f 588//1 363//1 571//1
f 574//483 590//483 572//483
f 590//254 591//254 572//254
f 591//254 573//254 572//254
f 592//483 590//483 574//483
f 382//1 592//1 574//1
f 593//792 594//792 575//792
f 594//792 576//792 575//792
f 566//254 595//254 575//254
f 595//254 593//254 575//254
f 596//1 577//1 576//1
f 594//1 596//1 576//1
f 546//793 579//793 561//793
f 555//794 597//794 565//794
f 597//795 566//795 565//795
f 598//796 560//796 559//796
f 586//468 587//468 584//468
f 587//254 599//254 584//254
f 599//254 585//254 584//254
f 588//797 587//797 586//797
f 520//1 588//1 586//1
f 589//254 599//254 587//254
f 520//1 363//1 588//1
f 592//468 593//468 590//468
f 593//254 600//254 590//254
f 600//254 591//254 590//254
f 594//468 593//468 592//468
f 382//1 594//1 592//1
f 595//254 600//254 593//254
f 382//1 596//1 594//1
f 601//798 562//798 524//798
f 523//799 601//799 524//799
f 601//800 583//800 562//800
f 564//801 598//801 559//801
f 546//802 568//802 579//802
f 568//803 580//803 579//803
f 583//804 602//804 562//804
f 602//805 563//805 562//805
f 603//806 589//806 563//806
f 602//807 603//807 563//807
f 604//808 598//808 564//808
f 549//809 604//809 564//809
f 573//503 605//503 549//503
f 605//810 606//810 549//810
f 606//811 604//811 549//811
f 555//812 607//812 597//812
f 595//504 566//504 597//504
f 607//813 595//813 597//813
f 527//814 601//814 523//814
f 608//254 609//254 518//254
f 609//254 527//254 518//254
f 541//815 608//815 518//815
f 583//816 603//816 602//816
f 606//817 598//817 604//817
f 568//818 581//818 580//818
f 583//819 610//819 603//819
f 610//820 589//820 603//820
f 359//821 611//821 541//821
f 611//822 608//822 541//822
f 365//821 611//821 359//821
f 612//823 598//823 606//823
f 605//824 612//824 606//824
f 527//825 583//825 601//825
f 598//826 543//826 560//826
f 555//827 613//827 607//827
f 613//828 595//828 607//828
f 555//829 614//829 613//829
f 600//830 595//830 613//830
f 614//831 600//831 613//831
f 585//832 582//832 581//832
f 568//833 585//833 581//833
f 583//834 615//834 610//834
f 615//835 589//835 610//835
f 615//836 616//836 589//836
f 616//837 599//837 589//837
f 617//838 612//838 605//838
f 618//839 617//839 605//839
f 573//840 618//840 605//840
f 591//841 619//841 573//841
f 619//842 618//842 573//842
f 609//843 583//843 527//843
f 620//254 542//254 543//254
f 621//254 620//254 543//254
f 598//844 621//844 543//844
f 617//845 622//845 614//845
f 555//846 617//846 614//846
f 622//847 600//847 614//847
f 623//848 583//848 582//848
f 585//849 623//849 582//849
f 619//850 617//850 618//850
f 583//851 616//851 615//851
f 624//1 520//1 519//1
f 625//852 624//852 519//852
f 578//853 625//853 519//853
f 553//854 626//854 555//854
f 626//855 617//855 555//855
f 583//856 627//856 578//856
f 627//857 625//857 578//857
f 628//858 583//858 623//858
f 585//468 599//468 623//468
f 599//859 628//859 623//859
f 583//860 628//860 616//860
f 628//861 599//861 616//861
f 629//862 617//862 619//862
f 591//863 629//863 619//863
f 600//468 622//468 591//468
f 622//864 629//864 591//864
f 617//865 629//865 622//865
f 612//844 621//844 598//844
f 630//866 558//866 542//866
f 620//867 630//867 542//867
f 380//868 378//868 558//868
f 630//868 380//868 558//868
f 609//869 627//869 583//869
f 631//870 624//870 625//870
f 627//871 632//871 625//871
f 632//872 631//872 625//872
f 577//873 633//873 553//873
f 633//874 626//874 553//874
f 633//875 634//875 626//875
f 634//876 617//876 626//876
f 635//254 636//254 608//254
f 636//254 609//254 608//254
f 611//877 635//877 608//877
f 365//878 637//878 611//878
f 637//879 635//879 611//879
f 364//878 637//878 365//878
f 609//880 632//880 627//880
f 617//881 621//881 612//881
f 636//882 632//882 609//882
f 638//254 620//254 621//254
f 639//254 638//254 621//254
f 617//883 634//883 621//883
f 634//884 639//884 621//884
f 640//885 630//885 620//885
f 638//886 640//886 620//886
f 381//887 380//887 630//887
f 640//887 381//887 630//887
f 641//1 520//1 624//1
f 642//888 643//888 624//888
f 644//889 642//889 624//889
f 643//890 645//890 624//890
f 645//891 646//891 624//891
f 646//892 641//892 624//892
f 631//893 644//893 624//893
f 577//894 647//894 633//894
f 647//895 634//895 633//895
f 648//896 649//896 631//896
f 649//897 650//897 631//897
f 650//898 644//898 631//898
f 632//899 651//899 631//899
f 651//900 648//900 631//900
f 636//901 651//901 632//901
f 652//254 653//254 635//254
f 653//254 636//254 635//254
f 637//902 652//902 635//902
f 364//903 654//903 637//903
f 654//904 652//904 637//904
f 363//1 655//1 364//1
f 655//903 654//903 364//903
f 656//905 648//905 651//905
f 636//906 656//906 651//906
f 647//907 657//907 634//907
f 658//908 639//908 634//908
f 657//909 658//909 634//909
f 659//910 649//910 648//910
f 656//911 659//911 648//911
f 596//912 660//912 577//912
f 660//913 661//913 577//913
f 661//914 662//914 577//914
f 662//915 663//915 577//915
f 663//916 664//916 577//916
f 664//917 665//917 577//917
f 665//918 666//918 577//918
f 666//919 667//919 577//919
f 667//920 668//920 577//920
f 668//921 647//921 577//921
f 669//922 670//922 647//922
f 668//923 669//923 647//923
f 670//924 671//924 647//924
f 671//925 672//925 647//925
f 672//926 673//926 647//926
f 673//927 674//927 647//927
f 674//928 675//928 647//928
f 675//929 657//929 647//929
f 653//930 676//930 636//930
f 676//931 656//931 636//931
f 677//254 638//254 639//254
f 658//254 677//254 639//254
f 678//932 640//932 638//932
f 677//933 678//933 638//933
f 678//934 679//934 640//934
f 679//935 680//935 640//935
f 680//936 681//936 640//936
f 681//937 682//937 640//937
f 683//938 381//938 640//938
f 682//939 683//939 640//939
f 684//1 382//1 381//1
f 683//938 685//938 381//938
f 685//940 686//940 381//940
f 686//941 687//941 381//941
f 687//942 688//942 381//942
f 688//943 684//943 381//943
f 676//944 659//944 656//944
f 689//945 690//945 642//945
f 644//946 689//946 642//946
f 690//947 643//947 642//947
f 691//948 692//948 668//948
f 667//949 691//949 668//949
f 692//950 669//950 668//950
f 650//951 689//951 644//951
f 690//952 645//952 643//952
f 692//953 670//953 669//953
f 666//954 691//954 667//954
f 693//955 689//955 650//955
f 649//956 693//956 650//956
f 694//957 671//957 670//957
f 692//958 694//958 670//958
f 695//959 691//959 666//959
f 665//960 695//960 666//960
f 690//961 696//961 645//961
f 696//962 646//962 645//962
f 694//963 672//963 671//963
f 664//964 695//964 665//964
f 697//965 641//965 646//965
f 696//966 698//966 646//966
f 698//967 697//967 646//967
f 699//1 520//1 641//1
f 697//968 700//968 641//968
f 700//969 701//969 641//969
f 701//970 702//970 641//970
f 702//971 699//971 641//971
f 674//972 703//972 675//972
f 703//973 704//973 675//973
f 704//974 705//974 675//974
f 705//975 657//975 675//975
f 659//976 706//976 649//976
f 706//977 693//977 649//977
f 707//978 708//978 659//978
f 708//979 709//979 659//979
f 709//980 710//980 659//980
f 710//981 711//981 659//981
f 711//982 706//982 659//982
f 676//983 707//983 659//983
f 712//984 695//984 664//984
f 663//985 712//985 664//985
f 713//986 693//986 706//986
f 694//987 714//987 672//987
f 698//988 700//988 697//988
f 714//989 673//989 672//989
f 662//990 712//990 663//990
f 715//254 716//254 652//254
f 716//254 653//254 652//254
f 717//991 715//991 652//991
f 654//992 717//992 652//992
f 711//993 713//993 706//993
f 718//994 717//994 654//994
f 655//995 718//995 654//995
f 363//1 719//1 655//1
f 720//996 721//996 655//996
f 722//997 720//997 655//997
f 719//998 723//998 655//998
f 723//999 724//999 655//999
f 724//1000 722//1000 655//1000
f 721//1001 718//1001 655//1001
f 705//1002 658//1002 657//1002
f 714//1003 725//1003 673//1003
f 725//1004 674//1004 673//1004
f 726//1005 712//1005 662//1005
f 661//1006 726//1006 662//1006
f 727//1007 713//1007 711//1007
f 710//1008 727//1008 711//1008
f 698//1009 728//1009 700//1009
f 728//1010 701//1010 700//1010
f 693//1011 718//1011 689//1011
f 718//355 690//355 689//355
f 718//355 721//355 690//355
f 721//1012 720//1012 690//1012
f 720//1012 696//1012 690//1012
f 729//1013 717//1013 718//1013
f 693//1011 729//1011 718//1011
f 692//355 685//355 683//355
f 682//1011 692//1011 683//1011
f 695//1012 686//1012 685//1012
f 691//1012 695//1012 685//1012
f 692//355 691//355 685//355
f 682//1011 694//1011 692//1011
f 713//1014 729//1014 693//1014
f 720//1015 722//1015 696//1015
f 722//1015 698//1015 696//1015
f 730//1016 717//1016 729//1016
f 731//1017 730//1017 729//1017
f 713//1014 731//1014 729//1014
f 681//1014 694//1014 682//1014
f 712//1015 687//1015 686//1015
f 695//1015 712//1015 686//1015
f 681//1014 714//1014 694//1014
f 709//1018 727//1018 710//1018
f 728//1019 702//1019 701//1019
f 725//1020 703//1020 674//1020
f 660//1021 726//1021 661//1021
f 727//1022 731//1022 713//1022
f 722//1023 724//1023 698//1023
f 724//1023 728//1023 698//1023
f 732//1024 730//1024 731//1024
f 727//1022 732//1022 731//1022
f 680//1022 714//1022 681//1022
f 726//1023 688//1023 687//1023
f 712//1023 726//1023 687//1023
f 680//1022 725//1022 714//1022
f 733//1025 707//1025 676//1025
f 653//1026 733//1026 676//1026
f 704//1027 734//1027 705//1027
f 735//1028 658//1028 705//1028
f 734//1029 735//1029 705//1029
f 716//1030 736//1030 653//1030
f 736//1031 733//1031 653//1031
f 737//254 677//254 658//254
f 735//254 737//254 658//254
f 596//1032 738//1032 660//1032
f 739//1033 726//1033 660//1033
f 738//1034 739//1034 660//1034
f 740//1032 704//1032 703//1032
f 725//1035 741//1035 703//1035
f 741//1036 740//1036 703//1036
f 742//1037 699//1037 702//1037
f 728//1038 743//1038 702//1038
f 743//1039 742//1039 702//1039
f 744//1040 727//1040 709//1040
f 708//1041 744//1041 709//1041
f 744//1042 732//1042 727//1042
f 724//1043 723//1043 728//1043
f 723//1043 743//1043 728//1043
f 745//1044 730//1044 732//1044
f 744//1042 745//1042 732//1042
f 679//1042 725//1042 680//1042
f 746//1045 684//1045 688//1045
f 739//1043 746//1043 688//1043
f 726//1043 739//1043 688//1043
f 679//1042 741//1042 725//1042
f 747//1046 707//1046 733//1046
f 736//1047 747//1047 733//1047
f 748//1 382//1 684//1
f 749//1048 750//1048 678//1048
f 750//1049 751//1049 678//1049
f 751//1050 752//1050 678//1050
f 752//1051 753//1051 678//1051
f 753//1052 679//1052 678//1052
f 746//1053 748//1053 684//1053
f 743//1054 754//1054 742//1054
f 755//1055 745//1055 744//1055
f 756//1056 746//1056 739//1056
f 757//1 520//1 699//1
f 742//1057 757//1057 699//1057
f 758//1058 755//1058 744//1058
f 708//1059 758//1059 744//1059
f 759//1 760//1 520//1
f 761//1 759//1 520//1
f 760//1 762//1 520//1
f 762//1 763//1 520//1
f 763//1 363//1 520//1
f 757//1 764//1 520//1
f 764//1 765//1 520//1
f 765//1 761//1 520//1
f 766//1 767//1 363//1
f 767//1 719//1 363//1
f 768//1 766//1 363//1
f 769//1 768//1 363//1
f 770//1 771//1 363//1
f 771//1 772//1 363//1
f 772//1 769//1 363//1
f 763//1 773//1 363//1
f 773//1 770//1 363//1
f 755//1055 774//1055 745//1055
f 767//1060 775//1060 719//1060
f 775//1061 723//1061 719//1061
f 677//1062 749//1062 678//1062
f 776//1063 748//1063 746//1063
f 756//1056 776//1056 746//1056
f 737//1064 749//1064 677//1064
f 748//1 777//1 382//1
f 777//1 778//1 382//1
f 778//1 779//1 382//1
f 779//1 780//1 382//1
f 780//1 781//1 382//1
f 781//1 782//1 382//1
f 782//1 596//1 382//1
f 783//1065 756//1065 739//1065
f 738//1066 783//1066 739//1066
f 740//1067 784//1067 704//1067
f 782//1 785//1 596//1
f 785//1 786//1 596//1
f 786//1 787//1 596//1
f 787//1068 788//1068 596//1068
f 788//1069 783//1069 596//1069
f 783//1070 738//1070 596//1070
f 789//1071 784//1071 740//1071
f 741//1072 789//1072 740//1072
f 790//1073 754//1073 743//1073
f 791//1074 789//1074 741//1074
f 723//1056 775//1056 743//1056
f 775//1056 790//1056 743//1056
f 753//1055 741//1055 679//1055
f 753//1055 791//1055 741//1055
f 730//1075 715//1075 717//1075
f 774//1076 730//1076 745//1076
f 747//1077 758//1077 707//1077
f 758//1078 708//1078 707//1078
f 754//1079 757//1079 742//1079
f 784//1080 734//1080 704//1080
f 792//1081 793//1081 755//1081
f 758//1082 794//1082 755//1082
f 794//1083 792//1083 755//1083
f 793//1084 774//1084 755//1084
f 795//1085 796//1085 790//1085
f 796//1086 797//1086 790//1086
f 797//1087 754//1087 790//1087
f 775//1088 798//1088 790//1088
f 798//1088 795//1088 790//1088
f 799//1089 730//1089 774//1089
f 793//1084 799//1084 774//1084
f 767//1090 798//1090 775//1090
f 752//1084 791//1084 753//1084
f 800//1091 748//1091 776//1091
f 801//1088 800//1088 776//1088
f 756//1088 801//1088 776//1088
f 802//1092 803//1092 791//1092
f 803//1093 804//1093 791//1093
f 804//1094 789//1094 791//1094
f 752//1084 802//1084 791//1084
f 805//1095 801//1095 756//1095
f 783//1096 788//1096 756//1096
f 788//1097 805//1097 756//1097
f 797//1098 757//1098 754//1098
f 806//1099 784//1099 789//1099
f 804//1100 806//1100 789//1100
f 747//1101 794//1101 758//1101
f 807//1102 808//1102 793//1102
f 792//1103 809//1103 793//1103
f 809//1104 807//1104 793//1104
f 808//1105 799//1105 793//1105
f 810//1106 811//1106 795//1106
f 811//1107 812//1107 795//1107
f 812//1108 796//1108 795//1108
f 798//1109 813//1109 795//1109
f 813//1109 810//1109 795//1109
f 814//1110 730//1110 799//1110
f 808//1105 814//1105 799//1105
f 767//1111 813//1111 798//1111
f 751//1105 802//1105 752//1105
f 815//1112 748//1112 800//1112
f 816//1109 815//1109 800//1109
f 801//1109 816//1109 800//1109
f 817//1113 818//1113 802//1113
f 818//1114 819//1114 802//1114
f 819//1115 803//1115 802//1115
f 751//1105 817//1105 802//1105
f 820//1116 816//1116 801//1116
f 805//1117 821//1117 801//1117
f 821//1118 820//1118 801//1118
f 747//1119 792//1119 794//1119
f 796//1120 757//1120 797//1120
f 803//1121 806//1121 804//1121
f 787//1122 805//1122 788//1122
f 822//1123 823//1123 808//1123
f 807//1124 822//1124 808//1124
f 823//1125 814//1125 808//1125
f 824//1126 825//1126 810//1126
f 825//1127 811//1127 810//1127
f 813//1128 826//1128 810//1128
f 826//1128 824//1128 810//1128
f 827//1129 730//1129 814//1129
f 823//1125 827//1125 814//1125
f 767//1130 826//1130 813//1130
f 750//1125 817//1125 751//1125
f 828//1131 748//1131 815//1131
f 829//1128 828//1128 815//1128
f 816//1128 829//1128 815//1128
f 830//1132 831//1132 817//1132
f 831//1133 832//1133 817//1133
f 832//1134 818//1134 817//1134
f 750//1125 830//1125 817//1125
f 833//1135 829//1135 816//1135
f 820//1136 834//1136 816//1136
f 834//1137 833//1137 816//1137
f 835//1138 824//1138 823//1138
f 822//1139 836//1139 823//1139
f 836//1140 835//1140 823//1140
f 824//468 826//468 823//468
f 826//468 827//468 823//468
f 835//1141 837//1141 824//1141
f 837//1142 825//1142 824//1142
f 767//1143 730//1143 827//1143
f 826//1144 767//1144 827//1144
f 748//1145 828//1145 750//1145
f 749//1145 748//1145 750//1145
f 829//468 830//468 750//468
f 828//468 829//468 750//468
f 829//1146 838//1146 830//1146
f 838//1147 839//1147 830//1147
f 839//1148 831//1148 830//1148
f 833//1149 840//1149 829//1149
f 840//1150 838//1150 829//1150
f 787//1151 821//1151 805//1151
f 812//1152 757//1152 796//1152
f 819//1153 806//1153 803//1153
f 747//1154 809//1154 792//1154
f 784//1155 841//1155 734//1155
f 841//1156 735//1156 734//1156
f 767//1157 842//1157 730//1157
f 842//1158 843//1158 730//1158
f 843//1159 715//1159 730//1159
f 766//1157 842//1157 767//1157
f 843//254 844//254 715//254
f 844//254 716//254 715//254
f 747//1160 807//1160 809//1160
f 811//1161 757//1161 812//1161
f 818//1162 806//1162 819//1162
f 787//1163 820//1163 821//1163
f 787//1164 834//1164 820//1164
f 832//1165 806//1165 818//1165
f 845//1166 807//1166 747//1166
f 736//1167 845//1167 747//1167
f 764//1168 757//1168 811//1168
f 806//1169 841//1169 784//1169
f 846//1170 822//1170 807//1170
f 845//1171 846//1171 807//1171
f 825//1172 764//1172 811//1172
f 831//1173 806//1173 832//1173
f 787//1174 833//1174 834//1174
f 787//1175 840//1175 833//1175
f 837//1176 764//1176 825//1176
f 846//1177 836//1177 822//1177
f 839//1178 806//1178 831//1178
f 846//1179 835//1179 836//1179
f 835//1180 764//1180 837//1180
f 838//1181 806//1181 839//1181
f 787//1182 838//1182 840//1182
f 846//1183 764//1183 835//1183
f 787//1184 806//1184 838//1184
f 844//1185 736//1185 716//1185
f 847//254 737//254 735//254
f 848//254 847//254 735//254
f 841//1186 849//1186 735//1186
f 849//1187 848//1187 735//1187
f 806//1188 849//1188 841//1188
f 846//1189 845//1189 736//1189
f 850//1190 846//1190 736//1190
f 844//1191 850//1191 736//1191
f 851//1192 748//1192 749//1192
f 852//1192 851//1192 749//1192
f 737//1193 852//1193 749//1193
f 851//1 777//1 748//1
f 847//1194 852//1194 737//1194
f 787//1195 853//1195 806//1195
f 853//1196 849//1196 806//1196
f 786//1 854//1 787//1
f 854//1197 853//1197 787//1197
f 853//1198 855//1198 849//1198
f 855//1199 848//1199 849//1199
f 766//1200 856//1200 842//1200
f 856//1201 857//1201 842//1201
f 857//1202 843//1202 842//1202
f 768//1 858//1 766//1
f 858//1200 856//1200 766//1200
f 857//254 859//254 843//254
f 859//254 844//254 843//254
f 860//1203 846//1203 850//1203
f 861//1204 860//1204 850//1204
f 844//1205 861//1205 850//1205
f 862//1206 861//1206 844//1206
f 859//1207 862//1207 844//1207
f 863//254 847//254 848//254
f 864//254 863//254 848//254
f 865//1208 864//1208 848//1208
f 855//1209 865//1209 848//1209
f 866//1210 860//1210 861//1210
f 862//1211 866//1211 861//1211
f 867//1212 865//1212 855//1212
f 853//1213 867//1213 855//1213
f 860//1214 764//1214 846//1214
f 860//1215 765//1215 764//1215
f 854//1216 867//1216 853//1216
f 868//1217 851//1217 852//1217
f 869//1217 868//1217 852//1217
f 847//1218 869//1218 852//1218
f 868//1 777//1 851//1
f 863//1219 869//1219 847//1219
f 870//1220 871//1220 865//1220
f 872//1221 870//1221 865//1221
f 873//1222 874//1222 865//1222
f 874//1223 875//1223 865//1223
f 875//1224 872//1224 865//1224
f 871//1225 876//1225 865//1225
f 877//1226 873//1226 865//1226
f 867//1227 877//1227 865//1227
f 876//1228 864//1228 865//1228
f 858//1229 878//1229 856//1229
f 878//1230 879//1230 856//1230
f 879//1231 857//1231 856//1231
f 768//1 880//1 858//1
f 880//1229 878//1229 858//1229
f 879//254 881//254 857//254
f 881//254 859//254 857//254
f 854//1232 877//1232 867//1232
f 866//1233 765//1233 860//1233
f 882//1 883//1 854//1
f 786//1 882//1 854//1
f 883//1234 877//1234 854//1234
f 884//1235 885//1235 862//1235
f 886//1236 884//1236 862//1236
f 885//1237 887//1237 862//1237
f 887//1238 888//1238 862//1238
f 888//1239 889//1239 862//1239
f 889//1240 890//1240 862//1240
f 890//1241 891//1241 862//1241
f 891//1242 892//1242 862//1242
f 892//1243 893//1243 862//1243
f 893//1244 894//1244 862//1244
f 895//1245 866//1245 862//1245
f 894//1246 895//1246 862//1246
f 859//1247 886//1247 862//1247
f 881//1248 896//1248 859//1248
f 896//1249 886//1249 859//1249
f 897//254 863//254 864//254
f 898//254 897//254 864//254
f 876//1250 899//1250 864//1250
f 899//1251 900//1251 864//1251
f 900//1252 898//1252 864//1252
f 901//1253 868//1253 869//1253
f 902//1253 901//1253 869//1253
f 863//1254 902//1254 869//1254
f 901//1 777//1 868//1
f 896//1255 884//1255 886//1255
f 871//1256 899//1256 876//1256
f 897//1257 902//1257 863//1257
f 903//1258 904//1258 899//1258
f 904//1259 905//1259 899//1259
f 905//1260 906//1260 899//1260
f 906//1261 907//1261 899//1261
f 907//1262 900//1262 899//1262
f 871//1263 903//1263 899//1263
f 874//1264 908//1264 875//1264
f 908//1265 872//1265 875//1265
f 909//1266 893//1266 892//1266
f 891//1267 909//1267 892//1267
f 909//355 910//355 893//355
f 910//1268 894//1268 893//1268
f 911//612 912//612 910//612
f 912//1269 894//1269 910//1269
f 913//254 911//254 910//254
f 914//254 913//254 910//254
f 909//254 914//254 910//254
f 915//262 909//262 891//262
f 890//1270 915//1270 891//1270
f 916//254 914//254 909//254
f 915//254 916//254 909//254
f 908//615 917//615 872//615
f 917//1271 870//1271 872//1271
f 874//355 918//355 908//355
f 919//254 917//254 908//254
f 920//254 919//254 908//254
f 918//254 920//254 908//254
f 873//1272 918//1272 874//1272
f 921//262 922//262 918//262
f 873//1273 921//1273 918//1273
f 923//254 920//254 918//254
f 922//254 923//254 918//254
f 895//1274 765//1274 866//1274
f 895//1275 761//1275 765//1275
f 883//1276 924//1276 877//1276
f 925//1277 926//1277 877//1277
f 926//1278 927//1278 877//1278
f 927//1279 921//1279 877//1279
f 924//1280 928//1280 877//1280
f 928//1281 929//1281 877//1281
f 929//1282 925//1282 877//1282
f 921//1283 873//1283 877//1283
f 889//1284 915//1284 890//1284
f 917//1285 871//1285 870//1285
f 912//1286 895//1286 894//1286
f 930//1287 895//1287 912//1287
f 911//1288 930//1288 912//1288
f 931//1289 932//1289 911//1289
f 932//1290 930//1290 911//1290
f 933//254 931//254 911//254
f 913//254 933//254 911//254
f 934//639 915//639 889//639
f 888//1291 934//1291 889//1291
f 935//254 916//254 915//254
f 934//254 935//254 915//254
f 917//1292 903//1292 871//1292
f 936//1293 903//1293 917//1293
f 937//254 936//254 917//254
f 919//254 937//254 917//254
f 927//1294 922//1294 921//1294
f 926//317 938//317 922//317
f 927//1295 926//1295 922//1295
f 939//254 923//254 922//254
f 938//254 939//254 922//254
f 936//1296 904//1296 903//1296
f 887//1297 934//1297 888//1297
f 880//1298 940//1298 878//1298
f 940//1299 941//1299 878//1299
f 941//1300 879//1300 878//1300
f 768//1 942//1 880//1
f 942//1298 940//1298 880//1298
f 932//1301 895//1301 930//1301
f 936//1302 905//1302 904//1302
f 885//1303 934//1303 887//1303
f 941//254 943//254 879//254
f 943//254 881//254 879//254
f 944//1304 884//1304 896//1304
f 945//1305 944//1305 896//1305
f 881//1306 945//1306 896//1306
f 946//1307 947//1307 931//1307
f 948//1308 946//1308 931//1308
f 947//1309 932//1309 931//1309
f 949//254 948//254 931//254
f 933//254 949//254 931//254
f 950//672 934//672 885//672
f 951//254 935//254 934//254
f 950//254 951//254 934//254
f 952//1310 907//1310 936//1310
f 907//1311 906//1311 936//1311
f 906//1312 905//1312 936//1312
f 953//254 952//254 936//254
f 937//254 953//254 936//254
f 925//1313 938//1313 926//1313
f 929//346 954//346 938//346
f 925//1314 929//1314 938//1314
f 955//254 939//254 938//254
f 954//254 955//254 938//254
f 947//1315 895//1315 932//1315
f 884//1316 950//1316 885//1316
f 914//355 773//355 913//355
f 773//355 763//355 913//355
f 763//356 933//356 913//356
f 762//356 933//356 763//356
f 916//357 770//357 914//357
f 770//357 773//357 914//357
f 920//355 785//355 919//355
f 785//355 782//355 919//355
f 782//356 937//356 919//356
f 781//356 937//356 782//356
f 923//678 786//678 920//678
f 786//678 785//678 920//678
f 946//1317 895//1317 947//1317
f 944//1318 950//1318 884//1318
f 762//376 949//376 933//376
f 760//376 949//376 762//376
f 935//377 771//377 916//377
f 771//377 770//377 916//377
f 781//376 953//376 937//376
f 780//376 953//376 781//376
f 939//377 882//377 923//377
f 882//377 786//377 923//377
f 956//1319 901//1319 902//1319
f 957//1320 956//1320 902//1320
f 897//1321 957//1321 902//1321
f 956//1 777//1 901//1
f 943//1322 958//1322 881//1322
f 958//1323 959//1323 881//1323
f 959//1324 945//1324 881//1324
f 960//254 897//254 898//254
f 961//254 960//254 898//254
f 900//1325 961//1325 898//1325
f 883//1326 962//1326 924//1326
f 962//1327 963//1327 924//1327
f 963//1328 928//1328 924//1328
f 964//1329 761//1329 895//1329
f 965//1330 966//1330 895//1330
f 967//1331 965//1331 895//1331
f 946//1332 968//1332 895//1332
f 968//1333 967//1333 895//1333
f 966//1334 969//1334 895//1334
f 969//1335 964//1335 895//1335
f 970//1 971//1 883//1
f 971//1 972//1 883//1
f 882//1 970//1 883//1
f 972//1336 962//1336 883//1336
f 760//387 973//387 949//387
f 973//254 948//254 949//254
f 759//692 973//692 760//692
f 951//388 772//388 935//388
f 772//388 771//388 935//388
f 780//387 974//387 953//387
f 974//254 952//254 953//254
f 779//692 974//692 780//692
f 955//1337 970//1337 939//1337
f 970//1338 882//1338 939//1338
f 948//1339 968//1339 946//1339
f 975//408 967//408 948//408
f 967//1340 968//1340 948//1340
f 973//254 975//254 948//254
f 959//1341 976//1341 944//1341
f 945//1342 959//1342 944//1342
f 976//1343 950//1343 944//1343
f 977//1344 978//1344 950//1344
f 976//1345 977//1345 950//1345
f 979//254 951//254 950//254
f 978//254 979//254 950//254
f 980//1346 900//1346 907//1346
f 952//1347 980//1347 907//1347
f 981//389 982//389 952//389
f 982//1348 983//1348 952//1348
f 983//1349 980//1349 952//1349
f 974//254 981//254 952//254
f 928//1350 954//1350 929//1350
f 963//1351 984//1351 954//1351
f 928//1352 963//1352 954//1352
f 985//254 955//254 954//254
f 984//254 985//254 954//254
f 980//1353 983//1353 900//1353
f 983//1354 982//1354 900//1354
f 982//1355 986//1355 900//1355
f 960//1356 957//1356 897//1356
f 986//1357 987//1357 900//1357
f 987//1358 988//1358 900//1358
f 988//1359 961//1359 900//1359
f 959//1360 977//1360 976//1360
f 759//408 989//408 973//408
f 989//254 975//254 973//254
f 990//408 989//408 759//408
f 761//1 990//1 759//1
f 979//1361 769//1361 951//1361
f 769//1362 772//1362 951//1362
f 779//408 991//408 974//408
f 991//254 981//254 974//254
f 778//408 991//408 779//408
f 985//719 971//719 955//719
f 971//719 970//719 955//719
f 959//1363 992//1363 977//1363
f 992//1364 978//1364 977//1364
f 942//1365 993//1365 940//1365
f 993//1366 994//1366 940//1366
f 994//1367 941//1367 940//1367
f 768//1 995//1 942//1
f 995//1365 993//1365 942//1365
f 962//1368 996//1368 963//1368
f 996//1369 984//1369 963//1369
f 975//1370 965//1370 967//1370
f 997//1371 969//1371 975//1371
f 969//1372 966//1372 975//1372
f 966//1373 965//1373 975//1373
f 989//254 997//254 975//254
f 990//435 998//435 989//435
f 998//254 997//254 989//254
f 999//435 998//435 990//435
f 761//1 999//1 990//1
f 1000//1374 769//1374 979//1374
f 978//254 1000//254 979//254
f 959//1375 1001//1375 992//1375
f 1001//1376 978//1376 992//1376
f 1001//1377 1002//1377 978//1377
f 1002//439 1003//439 978//439
f 1003//254 1000//254 978//254
f 981//1378 986//1378 982//1378
f 1004//1379 987//1379 981//1379
f 1005//433 1004//433 981//433
f 987//1380 986//1380 981//1380
f 991//254 1005//254 981//254
f 778//435 1006//435 991//435
f 1006//254 1005//254 991//254
f 1007//435 1006//435 778//435
f 777//1 1007//1 778//1
f 1008//744 1009//744 985//744
f 1009//744 971//744 985//744
f 984//254 1008//254 985//254
f 1009//1 972//1 971//1
f 996//1381 1010//1381 984//1381
f 1010//1382 1011//1382 984//1382
f 1011//254 1008//254 984//254
f 1002//1383 1001//1383 959//1383
f 1012//1384 1013//1384 959//1384
f 1013//1385 1014//1385 959//1385
f 1014//1386 1002//1386 959//1386
f 1015//1387 1012//1387 959//1387
f 1016//1388 1015//1388 959//1388
f 958//1389 1016//1389 959//1389
f 1017//1 999//1 761//1
f 964//1390 1017//1390 761//1390
f 994//254 1018//254 941//254
f 1018//254 943//254 941//254
f 962//1391 1010//1391 996//1391
f 999//466 1019//466 998//466
f 1019//254 1020//254 998//254
f 1020//254 997//254 998//254
f 1021//466 1019//466 999//466
f 1017//1 1021//1 999//1
f 1022//467 1023//467 1000//467
f 1023//1392 769//1392 1000//1392
f 1003//254 1022//254 1000//254
f 1023//1 768//1 769//1
f 1007//466 1024//466 1006//466
f 1024//254 1025//254 1006//254
f 1025//254 1005//254 1006//254
f 1026//466 1024//466 1007//466
f 777//1 1026//1 1007//1
f 1027//753 1028//753 1008//753
f 1028//753 1009//753 1008//753
f 1011//254 1027//254 1008//254
f 1028//1 972//1 1009//1
f 1029//1393 1017//1393 964//1393
f 969//1394 1030//1394 964//1394
f 1030//1395 1029//1395 964//1395
f 1031//1 1021//1 1017//1
f 1029//1396 1031//1396 1017//1396
f 972//1397 1032//1397 962//1397
f 1032//1398 1033//1398 962//1398
f 1033//1399 1034//1399 962//1399
f 1034//1400 1010//1400 962//1400
f 1004//1401 988//1401 987//1401
f 1034//1402 1011//1402 1010//1402
f 1020//1403 1030//1403 997//1403
f 1030//1404 969//1404 997//1404
f 1014//1405 1003//1405 1002//1405
f 1013//1406 1035//1406 1003//1406
f 1014//1407 1013//1407 1003//1407
f 1035//254 1022//254 1003//254
f 1036//1408 988//1408 1004//1408
f 1005//1409 1036//1409 1004//1409
f 1037//1410 1036//1410 1005//1410
f 1025//773 1037//773 1005//773
f 1034//1411 1033//1411 1011//1411
f 1033//1412 1038//1412 1011//1412
f 1038//254 1027//254 1011//254
f 1039//1413 1040//1413 957//1413
f 1041//1414 1042//1414 957//1414
f 1042//1415 1039//1415 957//1415
f 1043//1416 956//1416 957//1416
f 1040//1417 1043//1417 957//1417
f 960//1418 1041//1418 957//1418
f 1044//1 777//1 956//1
f 1043//1419 1045//1419 956//1419
f 1045//1420 1046//1420 956//1420
f 1046//1421 1047//1421 956//1421
f 1047//1422 1044//1422 956//1422
f 1021//478 1048//478 1019//478
f 1048//254 1049//254 1019//254
f 1049//254 1020//254 1019//254
f 1050//478 1048//478 1021//478
f 1031//1 1050//1 1021//1
f 1051//479 1052//479 1022//479
f 1052//479 1023//479 1022//479
f 1035//254 1051//254 1022//254
f 1052//1 768//1 1023//1
f 1026//478 1053//478 1024//478
f 1053//254 1054//254 1024//254
f 1054//254 1025//254 1024//254
f 1055//478 1053//478 1026//478
f 777//1 1055//1 1026//1
f 1056//479 1057//479 1027//479
f 1057//479 1028//479 1027//479
f 1038//254 1056//254 1027//254
f 1058//1 972//1 1028//1
f 1057//1 1058//1 1028//1
f 1036//1423 1037//1423 988//1423
f 1037//1424 1059//1424 988//1424
f 1059//1425 1060//1425 988//1425
f 1060//1426 1061//1426 988//1426
f 1061//1427 961//1427 988//1427
f 1018//1428 1062//1428 943//1428
f 1062//1429 1063//1429 943//1429
f 1063//1430 958//1430 943//1430
f 1064//254 960//254 961//254
f 1061//1431 1064//1431 961//1431
f 1064//254 1065//254 960//254
f 1065//1432 1041//1432 960//1432
f 1050//483 1066//483 1048//483
f 1066//254 1067//254 1048//254
f 1067//254 1049//254 1048//254
f 1068//483 1066//483 1050//483
f 1031//1 1068//1 1050//1
f 1069//484 1070//484 1051//484
f 1070//484 1052//484 1051//484
f 1035//254 1071//254 1051//254
f 1071//254 1069//254 1051//254
f 1070//1 768//1 1052//1
f 1055//483 1072//483 1053//483
f 1072//254 1073//254 1053//254
f 1073//254 1054//254 1053//254
f 1074//483 1072//483 1055//483
f 777//1 1074//1 1055//1
f 1075//792 1076//792 1056//792
f 1076//792 1057//792 1056//792
f 1038//254 1077//254 1056//254
f 1077//254 1075//254 1056//254
f 1076//1 1058//1 1057//1
f 1078//1433 1029//1433 1030//1433
f 1020//1434 1078//1434 1030//1434
f 1032//1435 1079//1435 1033//1435
f 1079//1436 1038//1436 1033//1436
f 1068//468 1069//468 1066//468
f 1069//254 1080//254 1066//254
f 1080//254 1067//254 1066//254
f 1070//468 1069//468 1068//468
f 1031//1 1070//1 1068//1
f 1071//254 1080//254 1069//254
f 1031//1 768//1 1070//1
f 1074//468 1075//468 1072//468
f 1075//254 1081//254 1072//254
f 1081//254 1073//254 1072//254
f 1076//468 1075//468 1074//468
f 777//1 1076//1 1074//1
f 1077//254 1081//254 1075//254
f 777//1 1058//1 1076//1
f 1082//1437 1016//1437 958//1437
f 1063//1438 1082//1438 958//1438
f 1060//1439 1083//1439 1061//1439
f 1083//1440 1084//1440 1061//1440
f 1084//1441 1064//1441 1061//1441
f 1032//1442 1085//1442 1079//1442
f 1086//1443 1029//1443 1078//1443
f 1015//1444 1086//1444 1078//1444
f 1087//1445 1015//1445 1078//1445
f 1020//1446 1087//1446 1078//1446
f 1049//1447 1087//1447 1020//1447
f 1012//1448 1035//1448 1013//1448
f 1012//1449 1088//1449 1035//1449
f 1088//1450 1071//1450 1035//1450
f 1025//1451 1059//1451 1037//1451
f 1089//1452 1059//1452 1025//1452
f 1054//503 1089//503 1025//503
f 1085//1453 1090//1453 1079//1453
f 1090//1454 1077//1454 1079//1454
f 1077//504 1038//504 1079//504
f 1091//1455 1092//1455 993//1455
f 1092//1456 1093//1456 993//1456
f 1093//1457 1094//1457 993//1457
f 1094//1458 1095//1458 993//1458
f 1095//1459 1096//1459 993//1459
f 995//1460 1091//1460 993//1460
f 1096//1461 1097//1461 993//1461
f 1097//1462 994//1462 993//1462
f 768//1 1098//1 995//1
f 1099//1463 1100//1463 995//1463
f 1098//1464 1101//1464 995//1464
f 1101//1465 1102//1465 995//1465
f 1102//1466 1099//1466 995//1466
f 1100//1467 1091//1467 995//1467
f 1103//1468 1082//1468 1063//1468
f 1062//1469 1103//1469 1063//1469
f 1085//1470 1104//1470 1090//1470
f 1104//1471 1077//1471 1090//1471
f 1105//1472 1015//1472 1087//1472
f 1049//1473 1105//1473 1087//1473
f 1097//254 1106//254 994//254
f 1106//254 1018//254 994//254
f 1015//1474 1088//1474 1012//1474
f 1089//1475 1060//1475 1059//1475
f 972//1476 1085//1476 1032//1476
f 1086//1477 1031//1477 1029//1477
f 1058//1478 1085//1478 972//1478
f 1085//1479 1107//1479 1104//1479
f 1107//1480 1077//1480 1104//1480
f 1108//1481 1015//1481 1105//1481
f 1049//1482 1108//1482 1105//1482
f 1109//1483 1092//1483 1091//1483
f 1110//196 1109//196 1091//196
f 1100//1484 1110//1484 1091//1484
f 1111//1485 1045//1485 1043//1485
f 1112//1486 1111//1486 1043//1486
f 1040//1487 1112//1487 1043//1487
f 1113//1488 1093//1488 1092//1488
f 1109//1489 1113//1489 1092//1489
f 1114//204 1110//204 1100//204
f 1099//1490 1114//1490 1100//1490
f 1115//1491 1112//1491 1040//1491
f 1039//1492 1115//1492 1040//1492
f 1116//1493 1046//1493 1045//1493
f 1111//1494 1116//1494 1045//1494
f 1117//1495 1015//1495 1108//1495
f 1049//1496 1117//1496 1108//1496
f 1067//1497 1117//1497 1049//1497
f 1015//1498 1118//1498 1088//1498
f 1118//1499 1071//1499 1088//1499
f 1119//1500 1080//1500 1071//1500
f 1118//1501 1119//1501 1071//1501
f 1120//1502 1060//1502 1089//1502
f 1054//1503 1120//1503 1089//1503
f 1121//1504 1120//1504 1054//1504
f 1073//1505 1121//1505 1054//1505
f 1085//1506 1122//1506 1107//1506
f 1081//1500 1077//1500 1107//1500
f 1122//1507 1081//1507 1107//1507
f 1123//1508 1094//1508 1093//1508
f 1113//215 1123//215 1093//215
f 1124//1509 1114//1509 1099//1509
f 1102//1510 1124//1510 1099//1510
f 1125//1511 1115//1511 1039//1511
f 1042//1512 1125//1512 1039//1512
f 1126//1513 1047//1513 1046//1513
f 1116//211 1126//211 1046//211
f 1085//1514 1127//1514 1122//1514
f 1127//1515 1081//1515 1122//1515
f 1128//1516 1095//1516 1094//1516
f 1123//234 1128//234 1094//234
f 1129//216 1124//216 1102//216
f 1101//1517 1129//1517 1102//1517
f 1130//209 1125//209 1042//209
f 1131//1518 1044//1518 1047//1518
f 1126//1519 1131//1519 1047//1519
f 1015//1520 1119//1520 1118//1520
f 1121//1521 1060//1521 1120//1521
f 1041//1522 1132//1522 1042//1522
f 1133//229 1130//229 1042//229
f 1132//1523 1133//1523 1042//1523
f 1126//1524 1134//1524 1131//1524
f 1135//1525 1136//1525 1041//1525
f 1136//1526 1132//1526 1041//1526
f 1065//1527 1135//1527 1041//1527
f 1137//1 777//1 1044//1
f 1131//1528 1137//1528 1044//1528
f 1138//1529 1015//1529 1117//1529
f 1067//1530 1138//1530 1117//1530
f 1139//1531 1140//1531 1127//1531
f 1085//1532 1139//1532 1127//1532
f 1140//1533 1081//1533 1127//1533
f 1141//1534 1015//1534 1138//1534
f 1080//1535 1141//1535 1138//1535
f 1067//468 1080//468 1138//468
f 1015//1536 1141//1536 1119//1536
f 1141//1537 1080//1537 1119//1537
f 1142//1538 1060//1538 1121//1538
f 1073//1539 1142//1539 1121//1539
f 1140//1540 1142//1540 1073//1540
f 1081//468 1140//468 1073//468
f 1060//1541 1142//1541 1140//1541
f 1139//1542 1060//1542 1140//1542
f 1143//1543 1096//1543 1095//1543
f 1128//1 1143//1 1095//1
f 1098//1544 1144//1544 1101//1544
f 1144//254 1145//254 1101//254
f 1146//235 1129//235 1101//235
f 1145//254 1146//254 1101//254
f 1147//1 1133//1 1132//1
f 1136//1 1147//1 1132//1
f 1148//1545 1137//1545 1131//1545
f 1134//254 1148//254 1131//254
f 1083//1546 1149//1546 1084//1546
f 1149//1547 1150//1547 1084//1547
f 1150//1548 1064//1548 1084//1548
f 1064//254 1151//254 1065//254
f 1151//254 1152//254 1065//254
f 1152//1549 1135//1549 1065//1549
f 1153//1550 1096//1550 1143//1550
f 1154//1551 1153//1551 1143//1551
f 1155//1552 1154//1552 1143//1552
f 1128//1 1155//1 1143//1
f 1098//1553 1156//1553 1144//1553
f 1156//1554 1145//1554 1144//1554
f 1135//1555 1157//1555 1136//1555
f 1157//1556 1147//1556 1136//1556
f 1158//1557 1137//1557 1148//1557
f 1159//1558 1158//1558 1148//1558
f 1160//1559 1159//1559 1148//1559
f 1161//287 1160//287 1148//287
f 1134//254 1161//254 1148//254
f 1106//1560 1062//1560 1018//1560
f 1150//1561 1162//1561 1064//1561
f 1162//1562 1151//1562 1064//1562
f 1163//1563 1096//1563 1153//1563
f 1154//310 1164//310 1153//310
f 1164//1564 1163//1564 1153//1564
f 1098//1565 1165//1565 1156//1565
f 1166//289 1145//289 1156//289
f 1165//1566 1166//1566 1156//1566
f 1135//1567 1167//1567 1157//1567
f 1168//285 1147//285 1157//285
f 1167//1568 1168//1568 1157//1568
f 1169//1569 1158//1569 1159//1569
f 1170//1570 1169//1570 1159//1570
f 1160//309 1170//309 1159//309
f 1171//1571 1096//1571 1163//1571
f 1164//1572 1171//1572 1163//1572
f 1172//313 1166//313 1165//313
f 1135//1573 1173//1573 1167//1573
f 1174//1574 1168//1574 1167//1574
f 1173//1575 1174//1575 1167//1575
f 1175//1576 1158//1576 1169//1576
f 1176//1577 1175//1577 1169//1577
f 1170//322 1176//322 1169//322
f 1177//1 768//1 1031//1
f 1086//1578 1177//1578 1031//1578
f 1178//1 1098//1 768//1
f 1177//1 1178//1 768//1
f 1158//1 1179//1 1137//1
f 1179//1 1180//1 1137//1
f 1180//1 777//1 1137//1
f 1181//1 1058//1 777//1
f 1180//1 1182//1 777//1
f 1182//1 1181//1 777//1
f 1181//1579 1139//1579 1058//1579
f 1139//1580 1085//1580 1058//1580
f 1183//1581 1096//1581 1171//1581
f 1164//1582 1184//1582 1171//1582
f 1098//1583 1185//1583 1165//1583
f 1186//325 1172//325 1165//325
f 1185//1584 1186//1584 1165//1584
f 1183//1585 1187//1585 1096//1585
f 1187//1586 1097//1586 1096//1586
f 1178//1 1188//1 1098//1
f 1188//1587 1185//1587 1098//1587
f 1189//1588 1183//1588 1171//1588
f 1190//1589 1189//1589 1171//1589
f 1184//332 1190//332 1171//332
f 1188//1590 1191//1590 1185//1590
f 1191//1591 1189//1591 1185//1591
f 1189//1592 1186//1592 1185//1592
f 1135//1593 1192//1593 1173//1593
f 1193//319 1174//319 1173//319
f 1192//1594 1193//1594 1173//1594
f 1192//1595 1158//1595 1175//1595
f 1194//1596 1192//1596 1175//1596
f 1176//1597 1194//1597 1175//1597
f 1191//1598 1183//1598 1189//1598
f 1190//1599 1186//1599 1189//1599
f 1135//1600 1158//1600 1192//1600
f 1194//327 1193//327 1192//327
f 1195//1601 1103//1601 1062//1601
f 1149//1602 1196//1602 1150//1602
f 1196//1603 1162//1603 1150//1603
f 1197//1604 1195//1604 1062//1604
f 1198//1605 1197//1605 1062//1605
f 1106//1606 1198//1606 1062//1606
f 1187//254 1199//254 1097//254
f 1199//254 1106//254 1097//254
f 1015//1607 1177//1607 1086//1607
f 1200//1 1178//1 1177//1
f 1015//1608 1200//1608 1177//1608
f 1201//1609 1158//1609 1135//1609
f 1152//1610 1201//1610 1135//1610
f 1202//1 1191//1 1188//1
f 1178//1 1202//1 1188//1
f 1203//1 1179//1 1158//1
f 1201//1609 1203//1609 1158//1609
f 1151//254 1204//254 1152//254
f 1204//254 1205//254 1152//254
f 1205//1611 1201//1611 1152//1611
f 1196//1612 1206//1612 1162//1612
f 1206//1613 1207//1613 1162//1613
f 1207//1614 1151//1614 1162//1614
f 1191//1615 1208//1615 1183//1615
f 1208//1616 1209//1616 1183//1616
f 1209//1617 1187//1617 1183//1617
f 1202//1 1210//1 1191//1
f 1210//1615 1208//1615 1191//1615
f 1211//1618 1212//1618 1106//1618
f 1199//1619 1211//1619 1106//1619
f 1212//1620 1198//1620 1106//1620
f 1213//1621 1204//1621 1151//1621
f 1207//1622 1213//1622 1151//1622
f 1209//254 1214//254 1187//254
f 1214//254 1199//254 1187//254
f 1215//1623 1216//1623 1201//1623
f 1216//1623 1203//1623 1201//1623
f 1205//1624 1215//1624 1201//1624
f 1216//1 1179//1 1203//1
f 1217//1625 1197//1625 1198//1625
f 1212//1626 1217//1626 1198//1626
f 1210//1627 1215//1627 1208//1627
f 1215//1628 1218//1628 1208//1628
f 1218//1629 1209//1629 1208//1629
f 1202//1 1216//1 1210//1
f 1216//1627 1215//1627 1210//1627
f 1204//254 1219//254 1205//254
f 1219//254 1218//254 1205//254
f 1218//1630 1215//1630 1205//1630
f 1202//1 1179//1 1216//1
f 1181//1631 1060//1631 1139//1631
f 1016//1632 1200//1632 1015//1632
f 1182//1633 1060//1633 1181//1633
f 1220//1634 1217//1634 1212//1634
f 1211//1635 1220//1635 1212//1635
f 1206//1636 1221//1636 1207//1636
f 1221//1637 1213//1637 1207//1637
f 1218//254 1222//254 1209//254
f 1222//254 1214//254 1209//254
f 1219//254 1222//254 1218//254
f 1223//1638 1224//1638 1213//1638
f 1225//1639 1223//1639 1213//1639
f 1221//1640 1225//1640 1213//1640
f 1224//1641 1204//1641 1213//1641
f 1214//1642 1226//1642 1199//1642
f 1227//1643 1211//1643 1199//1643
f 1226//1644 1227//1644 1199//1644
f 1224//1645 1228//1645 1204//1645
f 1228//1646 1229//1646 1204//1646
f 1229//1647 1219//1647 1204//1647
f 1227//1648 1230//1648 1211//1648
f 1231//1649 1220//1649 1211//1649
f 1230//1650 1231//1650 1211//1650
f 1232//1 1178//1 1200//1
f 1016//1651 1232//1651 1200//1651
f 1233//1652 1234//1652 1178//1652
f 1234//1653 1235//1653 1178//1653
f 1235//1654 1236//1654 1178//1654
f 1236//1 1202//1 1178//1
f 1237//1655 1233//1655 1178//1655
f 1232//1 1237//1 1178//1
f 1238//1 1179//1 1202//1
f 1236//1 1239//1 1202//1
f 1239//1656 1240//1656 1202//1656
f 1240//1657 1241//1657 1202//1657
f 1241//1658 1238//1658 1202//1658
f 1238//1 1242//1 1179//1
f 1242//1 1243//1 1179//1
f 1243//1 1180//1 1179//1
f 1244//1 1182//1 1180//1
f 1243//1 1245//1 1180//1
f 1245//1 1244//1 1180//1
f 1244//1659 1083//1659 1182//1659
f 1083//1660 1060//1660 1182//1660
f 1226//1661 1246//1661 1227//1661
f 1246//1662 1230//1662 1227//1662
f 1247//1663 1228//1663 1224//1663
f 1223//1664 1247//1664 1224//1664
f 1248//1665 1229//1665 1228//1665
f 1247//1666 1248//1666 1228//1666
f 1082//1667 1232//1667 1016//1667
f 1082//1668 1237//1668 1232//1668
f 1222//1669 1249//1669 1214//1669
f 1249//1670 1250//1670 1214//1670
f 1250//1671 1251//1671 1214//1671
f 1251//1672 1226//1672 1214//1672
f 1229//1673 1222//1673 1219//1673
f 1251//1674 1252//1674 1226//1674
f 1252//1675 1253//1675 1226//1675
f 1253//1676 1254//1676 1226//1676
f 1254//1677 1255//1677 1226//1677
f 1255//1678 1246//1678 1226//1678
f 1229//1679 1256//1679 1222//1679
f 1256//1679 1249//1679 1222//1679
f 1257//1680 1258//1680 1229//1680
f 1258//1681 1259//1681 1229//1681
f 1259//1682 1260//1682 1229//1682
f 1261//1683 1262//1683 1229//1683
f 1262//1684 1263//1684 1229//1684
f 1263//1685 1257//1685 1229//1685
f 1264//1686 1261//1686 1229//1686
f 1248//1687 1264//1687 1229//1687
f 1250//1688 1252//1688 1251//1688
f 1260//1689 1256//1689 1229//1689
f 1249//1690 1265//1690 1250//1690
f 1265//1691 1266//1691 1250//1691
f 1266//1692 1267//1692 1250//1692
f 1267//1693 1268//1693 1250//1693
f 1268//1694 1269//1694 1250//1694
f 1269//1695 1270//1695 1250//1695
f 1270//1696 1252//1696 1250//1696
f 1271//1697 1265//1697 1256//1697
f 1265//1698 1249//1698 1256//1698
f 1260//1699 1271//1699 1256//1699
f 1235//1700 1272//1700 1236//1700
f 1273//1701 1272//1701 1235//1701
f 1239//1702 1274//1702 1240//1702
f 1275//359 1276//359 1277//359
f 1278//360 1275//360 1277//360
f 1276//361 1239//361 1277//361
f 1239//361 1236//361 1277//361
f 1236//1703 1278//1703 1277//1703
f 1272//1704 1278//1704 1236//1704
f 1275//364 1279//364 1276//364
f 1279//1705 1274//1705 1276//1705
f 1274//1706 1239//1706 1276//1706
f 1280//1707 1275//1707 1278//1707
f 1272//1708 1280//1708 1278//1708
f 1273//1708 1280//1708 1272//1708
f 1275//1709 1281//1709 1279//1709
f 1281//1710 1282//1710 1279//1710
f 1282//1710 1274//1710 1279//1710
f 1282//1711 1240//1711 1274//1711
f 1283//1712 1273//1712 1235//1712
f 1234//1713 1283//1713 1235//1713
f 1282//1714 1241//1714 1240//1714
f 1284//1715 1275//1715 1280//1715
f 1273//1716 1284//1716 1280//1716
f 1283//1717 1284//1717 1273//1717
f 1275//1718 1285//1718 1281//1718
f 1285//1719 1286//1719 1281//1719
f 1286//1719 1282//1719 1281//1719
f 1286//1720 1241//1720 1282//1720
f 1244//1721 1149//1721 1083//1721
f 1103//1722 1237//1722 1082//1722
f 1245//1723 1149//1723 1244//1723
f 1287//1724 1283//1724 1234//1724
f 1233//1725 1287//1725 1234//1725
f 1288//1726 1238//1726 1241//1726
f 1286//1727 1288//1727 1241//1727
f 1289//401 1275//401 1284//401
f 1283//402 1289//402 1284//402
f 1287//402 1289//402 1283//402
f 1275//403 1290//403 1285//403
f 1290//404 1291//404 1285//404
f 1291//404 1286//404 1285//404
f 1291//405 1288//405 1286//405
f 1237//1728 1292//1728 1233//1728
f 1293//1729 1287//1729 1233//1729
f 1292//1730 1293//1730 1233//1730
f 1294//1731 1275//1731 1289//1731
f 1287//1732 1294//1732 1289//1732
f 1293//1732 1294//1732 1287//1732
f 1294//1733 1295//1733 1275//1733
f 1296//417 1297//417 1275//417
f 1298//418 1296//418 1275//418
f 1295//419 1298//419 1275//419
f 1299//1734 1300//1734 1275//1734
f 1301//421 1299//421 1275//421
f 1297//1735 1301//1735 1275//1735
f 1300//1736 1290//1736 1275//1736
f 1300//1737 1302//1737 1290//1737
f 1302//1737 1291//1737 1290//1737
f 1302//1738 1303//1738 1291//1738
f 1303//1739 1288//1739 1291//1739
f 1303//1740 1238//1740 1288//1740
f 1304//1741 1266//1741 1265//1741
f 1271//1742 1305//1742 1265//1742
f 1305//257 1304//257 1265//257
f 1304//1743 1267//1743 1266//1743
f 1306//612 1269//612 1304//612
f 1269//1744 1268//1744 1304//1744
f 1268//1745 1267//1745 1304//1745
f 1307//254 1306//254 1304//254
f 1308//254 1307//254 1304//254
f 1305//254 1308//254 1304//254
f 1271//1746 1260//1746 1305//1746
f 1260//1747 1309//1747 1305//1747
f 1310//254 1308//254 1305//254
f 1309//254 1310//254 1305//254
f 1243//1748 1149//1748 1245//1748
f 1293//1749 1295//1749 1294//1749
f 1311//1750 1295//1750 1293//1750
f 1292//1751 1311//1751 1293//1751
f 1299//1752 1312//1752 1300//1752
f 1312//1752 1302//1752 1300//1752
f 1312//1753 1303//1753 1302//1753
f 1313//1754 1314//1754 1292//1754
f 1237//1755 1313//1755 1292//1755
f 1314//1756 1311//1756 1292//1756
f 1259//1757 1309//1757 1260//1757
f 1315//1758 1316//1758 1103//1758
f 1316//1759 1317//1759 1103//1759
f 1195//1760 1318//1760 1103//1760
f 1318//1761 1315//1761 1103//1761
f 1317//1762 1237//1762 1103//1762
f 1319//1763 1313//1763 1237//1763
f 1320//1764 1321//1764 1237//1764
f 1321//1765 1322//1765 1237//1765
f 1322//1766 1319//1766 1237//1766
f 1317//1767 1320//1767 1237//1767
f 1243//1768 1196//1768 1149//1768
f 1306//315 1270//315 1269//315
f 1323//636 1252//636 1306//636
f 1252//1769 1270//1769 1306//1769
f 1324//254 1323//254 1306//254
f 1307//254 1324//254 1306//254
f 1258//1770 1309//1770 1259//1770
f 1257//317 1325//317 1309//317
f 1258//1771 1257//1771 1309//1771
f 1326//254 1310//254 1309//254
f 1325//254 1326//254 1309//254
f 1311//450 1298//450 1295//450
f 1327//450 1298//450 1311//450
f 1314//451 1327//451 1311//451
f 1301//452 1328//452 1299//452
f 1328//452 1312//452 1299//452
f 1328//453 1329//453 1312//453
f 1329//1772 1303//1772 1312//1772
f 1329//1773 1238//1773 1303//1773
f 1327//462 1296//462 1298//462
f 1330//1774 1296//1774 1327//1774
f 1314//1775 1330//1775 1327//1775
f 1297//1776 1330//1776 1301//1776
f 1330//1777 1328//1777 1301//1777
f 1330//1778 1329//1778 1328//1778
f 1330//1779 1297//1779 1296//1779
f 1314//1780 1331//1780 1330//1780
f 1331//1781 1329//1781 1330//1781
f 1313//1782 1331//1782 1314//1782
f 1313//1783 1329//1783 1331//1783
f 1313//1783 1238//1783 1329//1783
f 1323//1784 1253//1784 1252//1784
f 1332//345 1254//345 1323//345
f 1254//1785 1253//1785 1323//1785
f 1333//254 1332//254 1323//254
f 1324//254 1333//254 1323//254
f 1263//1786 1325//1786 1257//1786
f 1262//346 1334//346 1325//346
f 1263//1787 1262//1787 1325//1787
f 1335//254 1326//254 1325//254
f 1334//254 1335//254 1325//254
f 1336//1 1238//1 1313//1
f 1319//1788 1336//1788 1313//1788
f 1337//1 1338//1 1238//1
f 1338//1 1339//1 1238//1
f 1339//1 1340//1 1238//1
f 1341//1 1337//1 1238//1
f 1342//1 1341//1 1238//1
f 1336//1 1343//1 1238//1
f 1343//1 1344//1 1238//1
f 1344//1 1342//1 1238//1
f 1340//1 1345//1 1238//1
f 1345//1 1242//1 1238//1
f 1346//1 1347//1 1242//1
f 1347//1 1348//1 1242//1
f 1348//1 1243//1 1242//1
f 1345//1 1349//1 1242//1
f 1350//1 1351//1 1242//1
f 1351//1 1352//1 1242//1
f 1352//1 1346//1 1242//1
f 1349//1 1353//1 1242//1
f 1353//1 1354//1 1242//1
f 1354//1 1350//1 1242//1
f 1348//1789 1196//1789 1243//1789
f 1308//355 1349//355 1307//355
f 1349//355 1345//355 1307//355
f 1345//356 1324//356 1307//356
f 1340//356 1324//356 1345//356
f 1310//357 1353//357 1308//357
f 1353//357 1349//357 1308//357
f 1355//1790 1356//1790 1196//1790
f 1357//1791 1355//1791 1196//1791
f 1358//1792 1359//1792 1196//1792
f 1359//1793 1360//1793 1196//1793
f 1360//1794 1357//1794 1196//1794
f 1361//1795 1206//1795 1196//1795
f 1362//1796 1361//1796 1196//1796
f 1356//1797 1362//1797 1196//1797
f 1348//1798 1358//1798 1196//1798
f 1197//1799 1363//1799 1195//1799
f 1363//1800 1318//1800 1195//1800
f 1347//1801 1364//1801 1348//1801
f 1364//1802 1365//1802 1348//1802
f 1365//1803 1366//1803 1348//1803
f 1366//1804 1367//1804 1348//1804
f 1367//1805 1368//1805 1348//1805
f 1368//1806 1369//1806 1348//1806
f 1369//1807 1370//1807 1348//1807
f 1370//1808 1371//1808 1348//1808
f 1371//1809 1372//1809 1348//1809
f 1372//1810 1358//1810 1348//1810
f 1316//1811 1109//1811 1110//1811
f 1114//1812 1320//1812 1110//1812
f 1320//1813 1317//1813 1110//1813
f 1317//1814 1316//1814 1110//1814
f 1372//1815 1111//1815 1112//1815
f 1115//1816 1359//1816 1112//1816
f 1359//1817 1358//1817 1112//1817
f 1358//1818 1372//1818 1112//1818
f 1318//1819 1113//1819 1109//1819
f 1316//1820 1315//1820 1109//1820
f 1315//1821 1318//1821 1109//1821
f 1124//1822 1322//1822 1114//1822
f 1322//1823 1321//1823 1114//1823
f 1321//1824 1320//1824 1114//1824
f 1125//1825 1357//1825 1115//1825
f 1357//1826 1360//1826 1115//1826
f 1360//1827 1359//1827 1115//1827
f 1370//1828 1116//1828 1111//1828
f 1372//1829 1371//1829 1111//1829
f 1371//1830 1370//1830 1111//1830
f 1340//376 1333//376 1324//376
f 1339//376 1333//376 1340//376
f 1326//377 1354//377 1310//377
f 1354//377 1353//377 1310//377
f 1318//1831 1363//1831 1113//1831
f 1363//1832 1123//1832 1113//1832
f 1129//1833 1373//1833 1124//1833
f 1373//1834 1319//1834 1124//1834
f 1319//1835 1322//1835 1124//1835
f 1130//1836 1356//1836 1125//1836
f 1356//1837 1355//1837 1125//1837
f 1355//1838 1357//1838 1125//1838
f 1368//1839 1126//1839 1116//1839
f 1370//1840 1369//1840 1116//1840
f 1369//1841 1368//1841 1116//1841
f 1374//1842 1128//1842 1123//1842
f 1363//1843 1374//1843 1123//1843
f 1146//1844 1375//1844 1129//1844
f 1375//1845 1373//1845 1129//1845
f 1133//1846 1361//1846 1130//1846
f 1361//1847 1362//1847 1130//1847
f 1362//1848 1356//1848 1130//1848
f 1366//1849 1134//1849 1126//1849
f 1368//1850 1367//1850 1126//1850
f 1367//1851 1366//1851 1126//1851
f 1339//387 1376//387 1333//387
f 1376//254 1332//254 1333//254
f 1338//387 1376//387 1339//387
f 1335//388 1350//388 1326//388
f 1350//388 1354//388 1326//388
f 1332//1852 1255//1852 1254//1852
f 1377//389 1378//389 1332//389
f 1378//1853 1255//1853 1332//1853
f 1376//254 1377//254 1332//254
f 1261//1854 1334//1854 1262//1854
f 1379//391 1380//391 1334//391
f 1261//1855 1379//1855 1334//1855
f 1381//254 1335//254 1334//254
f 1380//254 1381//254 1334//254
f 1382//1856 1155//1856 1128//1856
f 1374//1857 1383//1857 1128//1857
f 1383//1858 1382//1858 1128//1858
f 1145//1859 1384//1859 1146//1859
f 1384//1860 1385//1860 1146//1860
f 1385//1861 1375//1861 1146//1861
f 1147//1862 1386//1862 1133//1862
f 1386//1863 1387//1863 1133//1863
f 1387//1864 1361//1864 1133//1864
f 1364//1865 1161//1865 1134//1865
f 1366//1866 1365//1866 1134//1866
f 1365//1867 1364//1867 1134//1867
f 1388//1868 1154//1868 1155//1868
f 1382//1869 1389//1869 1155//1869
f 1389//1870 1388//1870 1155//1870
f 1166//1871 1390//1871 1145//1871
f 1390//1872 1391//1872 1145//1872
f 1391//1873 1384//1873 1145//1873
f 1168//1874 1392//1874 1147//1874
f 1392//1875 1386//1875 1147//1875
f 1393//1876 1160//1876 1161//1876
f 1364//1877 1393//1877 1161//1877
f 1373//1878 1336//1878 1319//1878
f 1338//408 1394//408 1376//408
f 1394//254 1377//254 1376//254
f 1337//408 1394//408 1338//408
f 1381//1361 1351//1361 1335//1361
f 1351//1879 1350//1879 1335//1879
f 1395//1880 1164//1880 1154//1880
f 1388//1881 1396//1881 1154//1881
f 1396//1882 1395//1882 1154//1882
f 1172//1883 1397//1883 1166//1883
f 1397//1884 1398//1884 1166//1884
f 1398//1885 1390//1885 1166//1885
f 1174//1886 1399//1886 1168//1886
f 1399//1887 1400//1887 1168//1887
f 1400//1888 1392//1888 1168//1888
f 1401//1889 1170//1889 1160//1889
f 1393//1890 1402//1890 1160//1890
f 1402//1891 1401//1891 1160//1891
f 1264//1892 1379//1892 1261//1892
f 1378//1893 1246//1893 1255//1893
f 1217//1894 1382//1894 1197//1894
f 1382//1895 1383//1895 1197//1895
f 1383//1896 1374//1896 1197//1896
f 1374//1897 1363//1897 1197//1897
f 1373//1898 1375//1898 1336//1898
f 1375//1899 1385//1899 1336//1899
f 1385//1900 1384//1900 1336//1900
f 1384//1901 1343//1901 1336//1901
f 1387//1902 1221//1902 1206//1902
f 1361//1903 1387//1903 1206//1903
f 1403//1904 1184//1904 1164//1904
f 1395//1905 1404//1905 1164//1905
f 1404//1906 1403//1906 1164//1906
f 1186//1907 1405//1907 1172//1907
f 1405//1908 1406//1908 1172//1908
f 1406//1909 1397//1909 1172//1909
f 1193//1910 1407//1910 1174//1910
f 1407//1911 1408//1911 1174//1911
f 1408//1912 1399//1912 1174//1912
f 1409//1913 1176//1913 1170//1913
f 1401//1914 1410//1914 1170//1914
f 1410//1915 1409//1915 1170//1915
f 1411//1916 1190//1916 1184//1916
f 1403//1917 1412//1917 1184//1917
f 1412//1918 1411//1918 1184//1918
f 1190//1919 1413//1919 1186//1919
f 1413//1920 1414//1920 1186//1920
f 1414//1921 1405//1921 1186//1921
f 1194//1922 1415//1922 1193//1922
f 1415//1923 1416//1923 1193//1923
f 1416//1924 1407//1924 1193//1924
f 1417//1925 1194//1925 1176//1925
f 1409//1926 1418//1926 1176//1926
f 1418//1927 1417//1927 1176//1927
f 1411//1928 1419//1928 1190//1928
f 1419//1929 1413//1929 1190//1929
f 1417//1930 1420//1930 1194//1930
f 1420//1931 1415//1931 1194//1931
f 1421//1932 1246//1932 1378//1932
f 1377//1933 1421//1933 1378//1933
f 1422//433 1423//433 1377//433
f 1423//1934 1421//1934 1377//1934
f 1394//254 1422//254 1377//254
f 1337//435 1424//435 1394//435
f 1424//254 1422//254 1394//254
f 1341//435 1424//435 1337//435
f 1425//1374 1351//1374 1381//1374
f 1380//254 1425//254 1381//254
f 1264//1935 1426//1935 1379//1935
f 1426//1936 1380//1936 1379//1936
f 1427//439 1428//439 1380//439
f 1426//1937 1427//1937 1380//1937
f 1428//254 1425//254 1380//254
f 1386//1938 1221//1938 1387//1938
f 1347//1939 1393//1939 1364//1939
f 1392//1940 1221//1940 1386//1940
f 1391//1941 1343//1941 1384//1941
f 1217//1942 1389//1942 1382//1942
f 1217//1943 1388//1943 1389//1943
f 1390//1944 1343//1944 1391//1944
f 1264//1945 1427//1945 1426//1945
f 1423//1946 1246//1946 1421//1946
f 1392//1947 1225//1947 1221//1947
f 1341//466 1429//466 1424//466
f 1429//254 1430//254 1424//254
f 1430//254 1422//254 1424//254
f 1431//466 1429//466 1341//466
f 1342//1 1431//1 1341//1
f 1432//467 1433//467 1425//467
f 1433//1948 1351//1948 1425//1948
f 1428//254 1432//254 1425//254
f 1433//1 1352//1 1351//1
f 1220//1949 1388//1949 1217//1949
f 1400//1950 1225//1950 1392//1950
f 1347//1951 1402//1951 1393//1951
f 1346//1952 1402//1952 1347//1952
f 1398//1953 1343//1953 1390//1953
f 1220//1954 1396//1954 1388//1954
f 1220//1955 1395//1955 1396//1955
f 1397//1956 1343//1956 1398//1956
f 1223//1957 1225//1957 1400//1957
f 1399//1958 1223//1958 1400//1958
f 1346//1959 1401//1959 1402//1959
f 1408//1960 1223//1960 1399//1960
f 1346//1961 1410//1961 1401//1961
f 1406//1962 1343//1962 1397//1962
f 1220//1963 1404//1963 1395//1963
f 1434//1964 1246//1964 1423//1964
f 1435//1965 1434//1965 1423//1965
f 1422//1966 1435//1966 1423//1966
f 1430//773 1436//773 1422//773
f 1436//1967 1435//1967 1422//1967
f 1264//1968 1437//1968 1427//1968
f 1437//1969 1428//1969 1427//1969
f 1438//777 1439//777 1428//777
f 1437//1970 1438//1970 1428//1970
f 1439//254 1432//254 1428//254
f 1431//478 1440//478 1429//478
f 1440//254 1441//254 1429//254
f 1441//254 1430//254 1429//254
f 1442//478 1440//478 1431//478
f 1342//1 1443//1 1431//1
f 1443//1 1442//1 1431//1
f 1444//479 1445//479 1432//479
f 1445//479 1433//479 1432//479
f 1439//254 1444//254 1432//254
f 1446//1 1352//1 1433//1
f 1445//1 1446//1 1433//1
f 1220//1971 1403//1971 1404//1971
f 1405//1972 1343//1972 1406//1972
f 1407//1973 1223//1973 1408//1973
f 1346//1974 1409//1974 1410//1974
f 1346//1975 1418//1975 1409//1975
f 1414//1976 1343//1976 1405//1976
f 1220//1977 1412//1977 1403//1977
f 1416//1978 1223//1978 1407//1978
f 1220//1979 1411//1979 1412//1979
f 1413//1980 1343//1980 1414//1980
f 1415//1981 1223//1981 1416//1981
f 1346//1982 1417//1982 1418//1982
f 1346//1983 1420//1983 1417//1983
f 1419//1984 1343//1984 1413//1984
f 1220//1985 1419//1985 1411//1985
f 1420//1986 1223//1986 1415//1986
f 1220//1987 1343//1987 1419//1987
f 1346//1988 1223//1988 1420//1988
f 1231//1989 1343//1989 1220//1989
f 1442//483 1447//483 1440//483
f 1447//254 1448//254 1440//254
f 1448//254 1441//254 1440//254
f 1449//483 1447//483 1442//483
f 1443//1 1450//1 1442//1
f 1450//1 1449//1 1442//1
f 1451//484 1452//484 1444//484
f 1452//484 1445//484 1444//484
f 1439//254 1453//254 1444//254
f 1453//254 1451//254 1444//254
f 1450//1 1446//1 1445//1
f 1452//1 1450//1 1445//1
f 1454//1990 1434//1990 1435//1990
f 1436//1991 1454//1991 1435//1991
f 1231//1992 1344//1992 1343//1992
f 1264//1993 1438//1993 1437//1993
f 1449//468 1451//468 1447//468
f 1451//254 1455//254 1447//254
f 1455//254 1448//254 1447//254
f 1452//468 1451//468 1449//468
f 1450//1 1452//1 1449//1
f 1453//254 1455//254 1451//254
f 1456//1994 1454//1994 1436//1994
f 1430//1995 1456//1995 1436//1995
f 1441//503 1457//503 1430//503
f 1457//1996 1456//1996 1430//1996
f 1264//1997 1458//1997 1438//1997
f 1458//1998 1439//1998 1438//1998
f 1458//1999 1453//1999 1439//1999
f 1346//2000 1247//2000 1223//2000
f 1230//2001 1344//2001 1231//2001
f 1352//2002 1247//2002 1346//2002
f 1264//2003 1459//2003 1458//2003
f 1459//2004 1453//2004 1458//2004
f 1457//2005 1454//2005 1456//2005
f 1460//2006 1454//2006 1457//2006
f 1441//2007 1460//2007 1457//2007
f 1461//2008 1462//2008 1441//2008
f 1448//2009 1461//2009 1441//2009
f 1462//2010 1460//2010 1441//2010
f 1264//2011 1463//2011 1459//2011
f 1463//2012 1453//2012 1459//2012
f 1463//2013 1464//2013 1453//2013
f 1464//2014 1455//2014 1453//2014
f 1465//2015 1464//2015 1463//2015
f 1264//2016 1465//2016 1463//2016
f 1342//2017 1344//2017 1230//2017
f 1246//2018 1342//2018 1230//2018
f 1462//2019 1454//2019 1460//2019
f 1352//2020 1248//2020 1247//2020
f 1466//2021 1467//2021 1464//2021
f 1465//2022 1466//2022 1464//2022
f 1467//2023 1455//2023 1464//2023
f 1461//2024 1454//2024 1462//2024
f 1455//2025 1461//2025 1448//2025
f 1467//2026 1461//2026 1455//2026
f 1466//2027 1461//2027 1467//2027
f 1468//2028 1454//2028 1461//2028
f 1466//2028 1468//2028 1461//2028
f 1352//2029 1264//2029 1248//2029
f 1443//2030 1342//2030 1246//2030
f 1434//2031 1443//2031 1246//2031
f 1446//2032 1264//2032 1352//2032
f 1454//2031 1443//2031 1434//2031
f 1454//2033 1450//2033 1443//2033
f 1446//2034 1465//2034 1264//2034
f 1446//2035 1466//2035 1465//2035
f 1468//2036 1450//2036 1454//2036
f 1450//2037 1466//2037 1446//2037
f 1466//2036 1450//2036 1468//2036
f 1469//2038 1470//2038 1471//2038
f 1472//2039 1469//2039 1471//2039
f 1473//2040 1472//2040 1471//2040
f 1473//2041 1474//2041 1472//2041
f 1470//2042 1475//2042 1471//2042
f 1475//2043 1476//2043 1471//2043
f 1476//2041 1473//2041 1471//2041
f 1474//2044 1469//2044 1472//2044
f 1470//2045 1476//2045 1475//2045
f 1473//2046 1469//2046 1474//2046
f 1470//2047 1477//2047 1476//2047
f 1477//2041 1473//2041 1476//2041
f 1478//2048 1477//2048 1470//2048
f 1479//1 1478//1 1470//1
f 1480//2049 1479//2049 1470//2049
f 1469//2050 1480//2050 1470//2050
f 1481//2051 1469//2051 1473//2051
f 1482//2041 1481//2041 1473//2041
f 1477//2041 1482//2041 1473//2041
f 1478//2052 1482//2052 1477//2052
f 1483//2053 1469//2053 1481//2053
f 1482//2041 1483//2041 1481//2041
f 1478//2054 1484//2054 1482//2054
f 1484//2041 1483//2041 1482//2041
f 1485//2055 1469//2055 1483//2055
f 1486//2056 1485//2056 1483//2056
f 1484//2056 1486//2056 1483//2056
f 1478//2057 1486//2057 1484//2057
f 1487//2058 1469//2058 1485//2058
f 1488//2059 1487//2059 1485//2059
f 1486//2060 1488//2060 1485//2060
f 1489//2061 1480//2061 1469//2061
f 1487//1 1489//1 1469//1
f 1478//2062 1490//2062 1486//2062
f 1490//2060 1488//2060 1486//2060
f 1491//2063 1487//2063 1488//2063
f 1490//2064 1491//2064 1488//2064
f 1478//2065 1492//2065 1490//2065
f 1492//2064 1491//2064 1490//2064
f 1493//2066 1487//2066 1491//2066
f 1492//2060 1493//2060 1491//2060
f 1478//2067 1494//2067 1492//2067
f 1494//2060 1493//2060 1492//2060
f 1495//2068 1487//2068 1493//2068
f 1494//2069 1495//2069 1493//2069
f 1478//2070 1496//2070 1494//2070
f 1496//2069 1495//2069 1494//2069
f 1497//2071 1487//2071 1495//2071
f 1496//2041 1497//2041 1495//2041
f 1498//2072 1499//2072 1496//2072
f 1478//2073 1498//2073 1496//2073
f 1499//2041 1497//2041 1496//2041
f 1500//2074 1498//2074 1478//2074
f 1479//2074 1500//2074 1478//2074
f 1498//2075 1501//2075 1499//2075
f 1501//2076 1502//2076 1499//2076
f 1502//2069 1503//2069 1499//2069
f 1503//2069 1497//2069 1499//2069
f 1504//2077 1487//2077 1497//2077
f 1503//2078 1504//2078 1497//2078
f 1498//2079 1505//2079 1501//2079
f 1505//2069 1502//2069 1501//2069
f 1506//2080 1487//2080 1504//2080
f 1503//2043 1506//2043 1504//2043
f 1498//2081 1507//2081 1505//2081
f 1507//2082 1502//2082 1505//2082
f 1508//2083 1487//2083 1506//2083
f 1503//2078 1508//2078 1506//2078
f 1498//2084 1509//2084 1507//2084
f 1509//2069 1510//2069 1507//2069
f 1510//2085 1502//2085 1507//2085
f 1511//2086 1512//2086 1508//2086
f 1513//2087 1487//2087 1508//2087
f 1512//2087 1513//2087 1508//2087
f 1514//2041 1511//2041 1508//2041
f 1503//2088 1514//2088 1508//2088
f 1515//1 1489//1 1487//1
f 1513//1 1515//1 1487//1
f 1498//2089 1516//2089 1509//2089
f 1516//2090 1517//2090 1509//2090
f 1517//2091 1510//2091 1509//2091
f 1518//2092 1512//2092 1511//2092
f 1519//2093 1518//2093 1511//2093
f 1514//2094 1519//2094 1511//2094
f 1498//2095 1520//2095 1516//2095
f 1520//2043 1521//2043 1516//2043
f 1521//2060 1522//2060 1516//2060
f 1522//2060 1517//2060 1516//2060
f 1502//254 1523//254 1503//254
f 1523//254 1524//254 1503//254
f 1524//2096 1525//2096 1503//2096
f 1525//2097 1514//2097 1503//2097
f 1510//2098 1523//2098 1502//2098
f 1525//2099 1526//2099 1514//2099
f 1526//2100 1519//2100 1514//2100
f 1527//2101 1523//2101 1510//2101
f 1517//2102 1527//2102 1510//2102
f 1528//2103 1512//2103 1518//2103
f 1529//2090 1528//2090 1518//2090
f 1519//2093 1529//2093 1518//2093
f 1526//2104 1530//2104 1519//2104
f 1530//2104 1529//2104 1519//2104
f 1531//2105 1527//2105 1517//2105
f 1522//2106 1531//2106 1517//2106
f 1532//2060 1528//2060 1529//2060
f 1530//2107 1533//2107 1529//2107
f 1533//2107 1532//2107 1529//2107
f 1534//2106 1531//2106 1522//2106
f 1521//2108 1534//2108 1522//2108
f 1480//2109 1535//2109 1536//2109
f 1479//2110 1480//2110 1536//2110
f 1537//2111 1479//2111 1536//2111
f 1538//2112 1539//2112 1536//2112
f 1535//2113 1538//2113 1536//2113
f 1539//2114 1537//2114 1536//2114
f 1540//2115 1541//2115 1542//2115
f 1543//2116 1540//2116 1542//2116
f 1544//2117 1543//2117 1542//2117
f 1545//2118 1546//2118 1542//2118
f 1541//2119 1545//2119 1542//2119
f 1546//2120 1544//2120 1542//2120
f 1547//2115 1548//2115 1549//2115
f 1550//2116 1547//2116 1549//2116
f 1551//2117 1550//2117 1549//2117
f 1552//2118 1553//2118 1549//2118
f 1548//2119 1552//2119 1549//2119
f 1553//2120 1551//2120 1549//2120
f 1554//2121 1541//2121 1540//2121
f 1555//2122 1556//2122 1540//2122
f 1543//2123 1555//2123 1540//2123
f 1556//2124 1554//2124 1540//2124
f 1557//2121 1548//2121 1547//2121
f 1558//2125 1559//2125 1547//2125
f 1550//2126 1558//2126 1547//2126
f 1559//2124 1557//2124 1547//2124
f 1560//2127 1561//2127 1562//2127
f 1563//2128 1560//2128 1562//2128
f 1564//2129 1563//2129 1562//2129
f 1565//2125 1566//2125 1562//2125
f 1561//2123 1565//2123 1562//2123
f 1566//2130 1564//2130 1562//2130
f 1480//2131 1567//2131 1535//2131
f 1567//2132 1538//2132 1535//2132
f 1568//2133 1569//2133 1554//2133
f 1569//2134 1570//2134 1554//2134
f 1570//2135 1541//2135 1554//2135
f 1556//2136 1568//2136 1554//2136
f 1570//2132 1545//2132 1541//2132
f 1571//2135 1548//2135 1557//2135
f 1572//2134 1571//2134 1557//2134
f 1573//2133 1572//2133 1557//2133
f 1559//2137 1573//2137 1557//2137
f 1571//2132 1552//2132 1548//2132
f 1574//2138 1563//2138 1564//2138
f 1566//2139 1574//2139 1564//2139
f 1575//2140 1479//2140 1537//2140
f 1539//2141 1575//2141 1537//2141
f 1576//2142 1577//2142 1543//2142
f 1544//2143 1576//2143 1543//2143
f 1577//2144 1555//2144 1543//2144
f 1546//2141 1576//2141 1544//2141
f 1578//2142 1579//2142 1550//2142
f 1551//2143 1578//2143 1550//2143
f 1579//2145 1558//2145 1550//2145
f 1553//2141 1578//2141 1551//2141
f 1560//2146 1580//2146 1561//2146
f 1580//2145 1565//2145 1561//2145
f 1581//2147 1479//2147 1575//2147
f 1539//2148 1582//2148 1575//2148
f 1582//2149 1581//2149 1575//2149
f 1583//2150 1577//2150 1576//2150
f 1584//2151 1583//2151 1576//2151
f 1546//2148 1585//2148 1576//2148
f 1585//2152 1584//2152 1576//2152
f 1586//2150 1579//2150 1578//2150
f 1587//2151 1586//2151 1578//2151
f 1553//2148 1588//2148 1578//2148
f 1588//2152 1587//2152 1578//2152
f 1480//2153 1589//2153 1567//2153
f 1590//2154 1538//2154 1567//2154
f 1589//2155 1590//2155 1567//2155
f 1591//2154 1545//2154 1570//2154
f 1569//2156 1591//2156 1570//2156
f 1592//2154 1552//2154 1571//2154
f 1572//2156 1592//2156 1571//2156
f 1593//2157 1569//2157 1568//2157
f 1556//2158 1594//2158 1568//2158
f 1594//2159 1593//2159 1568//2159
f 1595//2157 1572//2157 1573//2157
f 1559//2160 1596//2160 1573//2160
f 1596//2161 1595//2161 1573//2161
f 1597//2162 1563//2162 1574//2162
f 1566//2163 1598//2163 1574//2163
f 1598//2159 1597//2159 1574//2159
f 1599//2164 1555//2164 1577//2164
f 1583//2165 1599//2165 1577//2165
f 1600//2166 1558//2166 1579//2166
f 1586//2165 1600//2165 1579//2165
f 1560//2167 1601//2167 1580//2167
f 1602//2166 1565//2166 1580//2166
f 1601//2165 1602//2165 1580//2165
f 1603//2069 1604//2069 1532//2069
f 1604//2090 1528//2090 1532//2090
f 1533//2168 1605//2168 1532//2168
f 1605//2168 1606//2168 1532//2168
f 1606//2168 1607//2168 1532//2168
f 1607//2168 1608//2168 1532//2168
f 1608//2168 1603//2168 1532//2168
f 1520//2090 1609//2090 1521//2090
f 1610//2108 1534//2108 1521//2108
f 1611//2169 1612//2169 1521//2169
f 1612//2169 1613//2169 1521//2169
f 1613//2169 1610//2169 1521//2169
f 1614//2169 1611//2169 1521//2169
f 1609//2169 1614//2169 1521//2169
f 1615//2170 1616//2170 1520//2170
f 1498//2171 1615//2171 1520//2171
f 1616//2069 1609//2069 1520//2069
f 1604//2172 1512//2172 1528//2172
f 1489//2173 1617//2173 1480//2173
f 1617//2174 1589//2174 1480//2174
f 1618//2175 1619//2175 1593//2175
f 1619//2176 1569//2176 1593//2176
f 1620//2177 1618//2177 1593//2177
f 1594//2178 1620//2178 1593//2178
f 1621//2176 1572//2176 1595//2176
f 1622//2175 1621//2175 1595//2175
f 1623//2179 1622//2179 1595//2179
f 1596//2180 1623//2180 1595//2180
f 1624//2181 1563//2181 1597//2181
f 1625//2182 1624//2182 1597//2182
f 1626//2179 1625//2179 1597//2179
f 1598//2183 1626//2183 1597//2183
f 1624//2184 1627//2184 1563//2184
f 1627//2185 1628//2185 1563//2185
f 1628//2185 1560//2185 1563//2185
f 1581//2186 1500//2186 1479//2186
f 1629//2187 1500//2187 1581//2187
f 1630//2188 1629//2188 1581//2188
f 1582//2189 1630//2189 1581//2189
f 1584//2190 1631//2190 1583//2190
f 1632//2191 1599//2191 1583//2191
f 1631//2192 1632//2192 1583//2192
f 1633//2193 1631//2193 1584//2193
f 1634//2194 1633//2194 1584//2194
f 1585//2195 1634//2195 1584//2195
f 1587//2190 1635//2190 1586//2190
f 1636//2196 1600//2196 1586//2196
f 1635//2192 1636//2192 1586//2192
f 1637//2193 1635//2193 1587//2193
f 1638//2194 1637//2194 1587//2194
f 1588//2195 1638//2195 1587//2195
f 1560//2197 1639//2197 1601//2197
f 1640//2196 1602//2196 1601//2196
f 1639//2192 1640//2192 1601//2192
f 1641//2198 1639//2198 1560//2198
f 1628//2199 1642//2199 1560//2199
f 1642//2200 1641//2200 1560//2200
f 1617//2201 1590//2201 1589//2201
f 1619//2202 1591//2202 1569//2202
f 1621//2201 1592//2201 1572//2201
f 1643//2203 1590//2203 1617//2203
f 1644//2203 1591//2203 1619//2203
f 1645//2203 1592//2203 1621//2203
f 1489//2204 1646//2204 1617//2204
f 1646//2205 1643//2205 1617//2205
f 1647//2206 1648//2206 1618//2206
f 1648//2207 1649//2207 1618//2207
f 1649//2208 1619//2208 1618//2208
f 1650//2209 1647//2209 1618//2209
f 1620//2210 1650//2210 1618//2210
f 1649//2205 1644//2205 1619//2205
f 1651//2211 1648//2211 1622//2211
f 1648//2212 1652//2212 1622//2212
f 1652//2208 1621//2208 1622//2208
f 1653//2209 1651//2209 1622//2209
f 1623//2213 1653//2213 1622//2213
f 1652//2205 1645//2205 1621//2205
f 1654//2214 1624//2214 1625//2214
f 1655//2209 1654//2209 1625//2209
f 1626//2213 1655//2213 1625//2213
f 1656//2215 1500//2215 1629//2215
f 1657//2216 1656//2216 1629//2216
f 1630//2217 1657//2217 1629//2217
f 1658//2218 1659//2218 1631//2218
f 1633//2219 1658//2219 1631//2219
f 1659//2220 1632//2220 1631//2220
f 1660//2221 1658//2221 1633//2221
f 1634//2222 1661//2222 1633//2222
f 1661//2216 1660//2216 1633//2216
f 1637//2223 1662//2223 1635//2223
f 1662//2224 1636//2224 1635//2224
f 1663//2225 1658//2225 1637//2225
f 1658//2226 1662//2226 1637//2226
f 1664//2216 1663//2216 1637//2216
f 1638//2222 1664//2222 1637//2222
f 1641//2227 1665//2227 1639//2227
f 1665//2224 1640//2224 1639//2224
f 1489//2228 1666//2228 1646//2228
f 1667//2229 1643//2229 1646//2229
f 1666//2230 1667//2230 1646//2230
f 1489//2231 1648//2231 1647//2231
f 1666//2232 1489//2232 1647//2232
f 1668//2233 1666//2233 1647//2233
f 1650//2234 1668//2234 1647//2234
f 1648//2235 1669//2235 1649//2235
f 1670//2236 1644//2236 1649//2236
f 1669//2237 1670//2237 1649//2237
f 1669//2238 1648//2238 1651//2238
f 1653//2239 1671//2239 1651//2239
f 1671//2240 1669//2240 1651//2240
f 1624//2241 1672//2241 1652//2241
f 1648//2231 1624//2231 1652//2231
f 1673//2236 1645//2236 1652//2236
f 1672//2242 1673//2242 1652//2242
f 1672//2243 1624//2243 1654//2243
f 1674//2244 1672//2244 1654//2244
f 1655//2245 1674//2245 1654//2245
f 1675//2246 1500//2246 1656//2246
f 1676//2247 1675//2247 1656//2247
f 1657//2248 1676//2248 1656//2248
f 1658//2249 1675//2249 1659//2249
f 1677//2250 1632//2250 1659//2250
f 1675//2251 1677//2251 1659//2251
f 1678//2252 1658//2252 1660//2252
f 1661//2253 1678//2253 1660//2253
f 1658//2254 1678//2254 1662//2254
f 1679//2250 1636//2250 1662//2250
f 1678//2255 1679//2255 1662//2255
f 1680//2256 1641//2256 1663//2256
f 1641//2257 1658//2257 1663//2257
f 1681//2258 1680//2258 1663//2258
f 1664//2248 1681//2248 1663//2248
f 1641//2259 1680//2259 1665//2259
f 1682//2250 1640//2250 1665//2250
f 1680//2260 1682//2260 1665//2260
f 1671//2261 1670//2261 1669//2261
f 1661//2262 1683//2262 1678//2262
f 1668//2263 1667//2263 1666//2263
f 1674//2264 1673//2264 1672//2264
f 1658//2265 1500//2265 1675//2265
f 1676//2266 1677//2266 1675//2266
f 1683//2267 1679//2267 1678//2267
f 1681//2268 1682//2268 1680//2268
f 1603//2269 1684//2269 1604//2269
f 1684//2270 1512//2270 1604//2270
f 1685//2271 1684//2271 1603//2271
f 1608//2168 1686//2168 1603//2168
f 1686//2168 1685//2168 1603//2168
f 1616//2272 1687//2272 1609//2272
f 1688//2169 1614//2169 1609//2169
f 1687//2169 1688//2169 1609//2169
f 1615//2273 1689//2273 1616//2273
f 1689//2274 1687//2274 1616//2274
f 1685//2275 1690//2275 1684//2275
f 1690//2276 1512//2276 1684//2276
f 1615//2277 1687//2277 1689//2277
f 1691//2278 1692//2278 1615//2278
f 1498//2279 1691//2279 1615//2279
f 1692//2280 1687//2280 1615//2280
f 1693//2281 1691//2281 1498//2281
f 1694//2282 1693//2282 1498//2282
f 1695//2283 1694//2283 1498//2283
f 1500//1 1695//1 1498//1
f 1685//2284 1696//2284 1690//2284
f 1696//2285 1512//2285 1690//2285
f 1697//1 1628//1 1627//1
f 1698//1 1697//1 1627//1
f 1699//1 1698//1 1627//1
f 1624//2286 1699//2286 1627//2286
f 1700//1 1642//1 1628//1
f 1697//1 1700//1 1628//1
f 1701//2287 1696//2287 1685//2287
f 1686//2168 1702//2168 1685//2168
f 1702//2168 1701//2168 1685//2168
f 1692//2288 1703//2288 1687//2288
f 1704//2169 1688//2169 1687//2169
f 1703//2169 1704//2169 1687//2169
f 1701//2289 1705//2289 1696//2289
f 1705//2290 1706//2290 1696//2290
f 1706//2291 1707//2291 1696//2291
f 1707//2292 1512//2292 1696//2292
f 1708//2293 1703//2293 1692//2293
f 1691//2294 1709//2294 1692//2294
f 1709//2295 1710//2295 1692//2295
f 1710//2296 1708//2296 1692//2296
f 1515//2297 1648//2297 1489//2297
f 1515//2297 1711//2297 1648//2297
f 1711//2297 1624//2297 1648//2297
f 1711//2297 1712//2297 1624//2297
f 1712//2298 1699//2298 1624//2298
f 1658//2299 1713//2299 1500//2299
f 1713//2299 1695//2299 1500//2299
f 1641//2299 1714//2299 1658//2299
f 1714//2299 1713//2299 1658//2299
f 1642//2300 1715//2300 1641//2300
f 1715//2301 1714//2301 1641//2301
f 1716//2302 1513//2302 1512//2302
f 1717//2303 1716//2303 1512//2303
f 1707//2304 1718//2304 1512//2304
f 1718//2304 1717//2304 1512//2304
f 1716//2305 1719//2305 1513//2305
f 1719//2306 1720//2306 1513//2306
f 1720//2307 1721//2307 1513//2307
f 1721//2308 1722//2308 1513//2308
f 1723//1 1515//1 1513//1
f 1722//1 1723//1 1513//1
f 1724//1 1698//1 1699//1
f 1725//1 1724//1 1699//1
f 1712//2309 1725//2309 1699//2309
f 1726//1 1715//1 1642//1
f 1700//1 1726//1 1642//1
f 1693//2310 1727//2310 1691//2310
f 1727//2311 1728//2311 1691//2311
f 1728//2312 1709//2312 1691//2312
f 1701//2313 1729//2313 1705//2313
f 1729//2313 1730//2313 1705//2313
f 1730//2314 1731//2314 1705//2314
f 1731//2315 1706//2315 1705//2315
f 1702//2168 1732//2168 1701//2168
f 1732//2168 1729//2168 1701//2168
f 1733//2313 1734//2313 1703//2313
f 1708//2313 1733//2313 1703//2313
f 1735//2169 1704//2169 1703//2169
f 1734//2169 1735//2169 1703//2169
f 1710//2316 1736//2316 1708//2316
f 1736//2317 1733//2317 1708//2317
f 1717//2318 1737//2318 1716//2318
f 1737//2319 1719//2319 1716//2319
f 1650//2320 1738//2320 1668//2320
f 1738//2321 1739//2321 1668//2321
f 1739//2321 1667//2321 1668//2321
f 1653//2320 1740//2320 1671//2320
f 1740//2321 1741//2321 1671//2321
f 1741//2321 1670//2321 1671//2321
f 1655//2322 1742//2322 1674//2322
f 1742//2323 1743//2323 1674//2323
f 1743//2323 1673//2323 1674//2323
f 1739//2324 1744//2324 1667//2324
f 1744//2324 1643//2324 1667//2324
f 1620//2325 1745//2325 1650//2325
f 1745//2320 1738//2320 1650//2320
f 1741//2324 1746//2324 1670//2324
f 1746//2324 1644//2324 1670//2324
f 1623//2325 1747//2325 1653//2325
f 1747//2320 1740//2320 1653//2320
f 1743//2326 1748//2326 1673//2326
f 1748//2327 1645//2327 1673//2327
f 1626//2325 1749//2325 1655//2325
f 1749//2322 1742//2322 1655//2322
f 1744//2328 1590//2328 1643//2328
f 1594//2329 1750//2329 1620//2329
f 1750//2325 1745//2325 1620//2325
f 1746//2328 1591//2328 1644//2328
f 1596//2330 1751//2330 1623//2330
f 1751//2331 1747//2331 1623//2331
f 1748//2332 1592//2332 1645//2332
f 1598//2333 1752//2333 1626//2333
f 1752//2334 1749//2334 1626//2334
f 1753//2335 1538//2335 1590//2335
f 1744//2336 1754//2336 1590//2336
f 1754//2337 1753//2337 1590//2337
f 1556//2096 1755//2096 1594//2096
f 1755//2099 1750//2099 1594//2099
f 1756//2335 1545//2335 1591//2335
f 1746//2338 1757//2338 1591//2338
f 1757//2339 1756//2339 1591//2339
f 1559//2340 1758//2340 1596//2340
f 1758//2341 1751//2341 1596//2341
f 1759//2342 1552//2342 1592//2342
f 1748//2343 1760//2343 1592//2343
f 1760//2344 1759//2344 1592//2344
f 1566//2096 1761//2096 1598//2096
f 1761//2345 1752//2345 1598//2345
f 1753//1 1539//1 1538//1
f 1762//2346 1763//2346 1556//2346
f 1763//2347 1755//2347 1556//2347
f 1555//254 1762//254 1556//254
f 1756//1 1546//1 1545//1
f 1764//2348 1765//2348 1559//2348
f 1765//2097 1758//2097 1559//2097
f 1558//2349 1764//2349 1559//2349
f 1759//2350 1553//2350 1552//2350
f 1766//2351 1767//2351 1566//2351
f 1767//2097 1761//2097 1566//2097
f 1565//2349 1766//2349 1566//2349
f 1768//2352 1582//2352 1539//2352
f 1769//2353 1768//2353 1539//2353
f 1753//2354 1769//2354 1539//2354
f 1599//2355 1762//2355 1555//2355
f 1770//2352 1585//2352 1546//2352
f 1771//2356 1770//2356 1546//2356
f 1756//2357 1771//2357 1546//2357
f 1600//2358 1764//2358 1558//2358
f 1772//2359 1588//2359 1553//2359
f 1773//2360 1772//2360 1553//2360
f 1759//2361 1773//2361 1553//2361
f 1602//2362 1766//2362 1565//2362
f 1774//2363 1630//2363 1582//2363
f 1768//2364 1774//2364 1582//2364
f 1775//2365 1762//2365 1599//2365
f 1632//2366 1775//2366 1599//2366
f 1776//2367 1634//2367 1585//2367
f 1770//2364 1776//2364 1585//2364
f 1777//2368 1764//2368 1600//2368
f 1636//2366 1777//2366 1600//2366
f 1778//2369 1638//2369 1588//2369
f 1772//2370 1778//2370 1588//2370
f 1779//2371 1766//2371 1602//2371
f 1640//2366 1779//2366 1602//2366
f 1780//2372 1657//2372 1630//2372
f 1774//2373 1780//2373 1630//2373
f 1781//2374 1775//2374 1632//2374
f 1677//2375 1781//2375 1632//2375
f 1782//2372 1661//2372 1634//2372
f 1776//2373 1782//2373 1634//2373
f 1783//2376 1777//2376 1636//2376
f 1679//2377 1783//2377 1636//2377
f 1784//2378 1664//2378 1638//2378
f 1778//2379 1784//2379 1638//2379
f 1785//2380 1779//2380 1640//2380
f 1682//2377 1785//2377 1640//2377
f 1786//2381 1676//2381 1657//2381
f 1780//2382 1786//2382 1657//2382
f 1787//2383 1781//2383 1677//2383
f 1676//2384 1787//2384 1677//2384
f 1788//2385 1683//2385 1661//2385
f 1782//2386 1788//2386 1661//2386
f 1789//2387 1783//2387 1679//2387
f 1683//2384 1789//2384 1679//2384
f 1790//2388 1681//2388 1664//2388
f 1784//2389 1790//2389 1664//2389
f 1791//2390 1785//2390 1682//2390
f 1681//2384 1791//2384 1682//2384
f 1786//2391 1787//2391 1676//2391
f 1788//2392 1789//2392 1683//2392
f 1790//2393 1791//2393 1681//2393
f 1723//2394 1711//2394 1515//2394
f 1723//2394 1792//2394 1711//2394
f 1792//2394 1712//2394 1711//2394
f 1792//2394 1793//2394 1712//2394
f 1793//2395 1725//2395 1712//2395
f 1713//2396 1794//2396 1695//2396
f 1794//2396 1795//2396 1695//2396
f 1795//2397 1694//2397 1695//2397
f 1714//2396 1796//2396 1713//2396
f 1796//2396 1794//2396 1713//2396
f 1715//2398 1797//2398 1714//2398
f 1797//2399 1796//2399 1714//2399
f 1737//2400 1798//2400 1719//2400
f 1798//2401 1720//2401 1719//2401
f 1694//2402 1799//2402 1693//2402
f 1799//2403 1800//2403 1693//2403
f 1800//2404 1727//2404 1693//2404
f 1801//2405 1799//2405 1694//2405
f 1802//2406 1803//2406 1694//2406
f 1803//2407 1804//2407 1694//2407
f 1804//2408 1801//2408 1694//2408
f 1795//2409 1802//2409 1694//2409
f 1805//1 1724//1 1725//1
f 1806//1 1805//1 1725//1
f 1793//2410 1806//2410 1725//2410
f 1807//1 1797//1 1715//1
f 1726//1 1807//1 1715//1
f 1798//2411 1721//2411 1720//2411
f 1801//2317 1808//2317 1799//2317
f 1808//2317 1800//2317 1799//2317
f 1809//2412 1769//2412 1753//2412
f 1754//2413 1809//2413 1753//2413
f 1756//2414 1755//2414 1763//2414
f 1771//355 1756//355 1763//355
f 1762//355 1771//355 1763//355
f 1757//2415 1755//2415 1756//2415
f 1760//2416 1758//2416 1765//2416
f 1764//355 1773//355 1765//355
f 1773//355 1759//355 1765//355
f 1759//2417 1760//2417 1765//2417
f 1697//2418 1761//2418 1767//2418
f 1700//2419 1697//2419 1767//2419
f 1766//2420 1700//2420 1767//2420
f 1810//2421 1768//2421 1769//2421
f 1809//2422 1810//2422 1769//2422
f 1775//2423 1771//2423 1762//2423
f 1787//2424 1770//2424 1771//2424
f 1781//2425 1787//2425 1771//2425
f 1775//2426 1781//2426 1771//2426
f 1784//2427 1778//2427 1764//2427
f 1778//2428 1772//2428 1764//2428
f 1772//2429 1773//2429 1764//2429
f 1777//2430 1784//2430 1764//2430
f 1779//2431 1700//2431 1766//2431
f 1744//2432 1809//2432 1754//2432
f 1757//2433 1746//2433 1755//2433
f 1746//1741 1750//1741 1755//1741
f 1760//2434 1751//2434 1758//2434
f 1748//2434 1751//2434 1760//2434
f 1697//2435 1752//2435 1761//2435
f 1810//2436 1774//2436 1768//2436
f 1787//2437 1776//2437 1770//2437
f 1783//2438 1784//2438 1777//2438
f 1785//2439 1700//2439 1779//2439
f 1729//2440 1811//2440 1730//2440
f 1811//2440 1812//2440 1730//2440
f 1813//2441 1731//2441 1730//2441
f 1812//2442 1813//2442 1730//2442
f 1732//2168 1814//2168 1729//2168
f 1814//2168 1811//2168 1729//2168
f 1733//2440 1815//2440 1734//2440
f 1815//2440 1816//2440 1734//2440
f 1817//2169 1735//2169 1734//2169
f 1816//2169 1817//2169 1734//2169
f 1736//2443 1818//2443 1733//2443
f 1818//2403 1815//2403 1733//2403
f 1744//2444 1819//2444 1809//2444
f 1820//2445 1810//2445 1809//2445
f 1821//2446 1820//2446 1809//2446
f 1819//1 1821//1 1809//1
f 1698//2447 1752//2447 1697//2447
f 1739//2448 1819//2448 1744//2448
f 1746//2449 1745//2449 1750//2449
f 1741//2450 1822//2450 1746//2450
f 1822//2451 1745//2451 1746//2451
f 1748//2452 1743//2452 1751//2452
f 1743//2452 1747//2452 1751//2452
f 1698//2453 1749//2453 1752//2453
f 1810//2454 1780//2454 1774//2454
f 1787//2455 1782//2455 1776//2455
f 1789//2456 1823//2456 1783//2456
f 1823//2457 1784//2457 1783//2457
f 1791//2458 1700//2458 1785//2458
f 1824//2459 1717//2459 1718//2459
f 1825//2460 1824//2460 1718//2460
f 1707//355 1825//355 1718//355
f 1826//355 1825//355 1707//355
f 1706//2461 1826//2461 1707//2461
f 1827//2169 1825//2169 1826//2169
f 1828//2169 1827//2169 1826//2169
f 1829//2169 1828//2169 1826//2169
f 1706//2461 1829//2461 1826//2461
f 1830//2169 1824//2169 1825//2169
f 1827//2169 1830//2169 1825//2169
f 1831//2461 1710//2461 1832//2461
f 1710//355 1709//355 1832//355
f 1709//355 1833//355 1832//355
f 1834//2168 1831//2168 1832//2168
f 1835//2168 1834//2168 1832//2168
f 1833//2168 1835//2168 1832//2168
f 1709//2460 1728//2460 1833//2460
f 1728//2460 1836//2460 1833//2460
f 1837//2168 1835//2168 1833//2168
f 1836//2168 1837//2168 1833//2168
f 1831//2461 1736//2461 1710//2461
f 1738//2462 1819//2462 1739//2462
f 1822//2463 1738//2463 1745//2463
f 1740//2464 1822//2464 1741//2464
f 1822//2465 1740//2465 1747//2465
f 1743//2466 1822//2466 1747//2466
f 1742//2467 1698//2467 1743//2467
f 1698//2466 1822//2466 1743//2466
f 1698//2468 1742//2468 1749//2468
f 1810//2469 1786//2469 1780//2469
f 1823//2470 1782//2470 1787//2470
f 1786//2471 1823//2471 1787//2471
f 1823//2472 1788//2472 1782//2472
f 1788//2473 1823//2473 1789//2473
f 1823//2474 1790//2474 1784//2474
f 1790//2475 1700//2475 1791//2475
f 1822//2476 1819//2476 1738//2476
f 1810//2477 1823//2477 1786//2477
f 1823//2478 1700//2478 1790//2478
f 1838//2479 1823//2479 1810//2479
f 1839//2479 1838//2479 1810//2479
f 1840//1 1839//1 1810//1
f 1820//2480 1840//2480 1810//2480
f 1726//2479 1700//2479 1823//2479
f 1838//2479 1726//2479 1823//2479
f 1841//2481 1722//2481 1721//2481
f 1842//2303 1841//2303 1721//2303
f 1798//2304 1842//2304 1721//2304
f 1843//2482 1844//2482 1722//2482
f 1844//2483 1845//2483 1722//2483
f 1845//2484 1846//2484 1722//2484
f 1841//2485 1843//2485 1722//2485
f 1847//1 1723//1 1722//1
f 1846//1 1847//1 1722//1
f 1804//2486 1808//2486 1801//2486
f 1822//2487 1848//2487 1819//2487
f 1848//1 1821//1 1819//1
f 1849//2487 1848//2487 1822//2487
f 1698//2487 1849//2487 1822//2487
f 1724//2487 1849//2487 1698//2487
f 1850//2488 1737//2488 1717//2488
f 1824//2489 1850//2489 1717//2489
f 1731//2490 1829//2490 1706//2490
f 1851//2169 1828//2169 1829//2169
f 1852//2169 1851//2169 1829//2169
f 1731//2490 1852//2490 1829//2490
f 1853//2169 1850//2169 1824//2169
f 1830//2169 1853//2169 1824//2169
f 1854//2490 1736//2490 1831//2490
f 1855//2168 1854//2168 1831//2168
f 1834//2168 1855//2168 1831//2168
f 1728//2491 1727//2491 1836//2491
f 1727//2491 1856//2491 1836//2491
f 1857//2168 1837//2168 1836//2168
f 1856//2168 1857//2168 1836//2168
f 1854//2490 1818//2490 1736//2490
f 1842//2492 1843//2492 1841//2492
f 1803//2493 1808//2493 1804//2493
f 1858//2494 1838//2494 1839//2494
f 1859//2494 1858//2494 1839//2494
f 1860//2446 1859//2446 1839//2446
f 1840//1 1860//1 1839//1
f 1807//2494 1726//2494 1838//2494
f 1858//2494 1807//2494 1838//2494
f 1847//2495 1792//2495 1723//2495
f 1847//2495 1861//2495 1792//2495
f 1861//2495 1793//2495 1792//2495
f 1861//2495 1862//2495 1793//2495
f 1862//2496 1806//2496 1793//2496
f 1794//2497 1863//2497 1795//2497
f 1863//2497 1864//2497 1795//2497
f 1864//2498 1802//2498 1795//2498
f 1796//2497 1865//2497 1794//2497
f 1865//2497 1863//2497 1794//2497
f 1797//2499 1866//2499 1796//2499
f 1866//2500 1865//2500 1796//2500
f 1828//2501 1732//2501 1827//2501
f 1732//2501 1702//2501 1827//2501
f 1702//355 1830//355 1827//355
f 1702//355 1686//355 1830//355
f 1686//2502 1853//2502 1830//2502
f 1608//2502 1853//2502 1686//2502
f 1704//2501 1855//2501 1688//2501
f 1855//2501 1834//2501 1688//2501
f 1834//355 1614//355 1688//355
f 1834//355 1835//355 1614//355
f 1835//2502 1611//2502 1614//2502
f 1837//2502 1611//2502 1835//2502
f 1867//1 1805//1 1806//1
f 1868//1 1867//1 1806//1
f 1862//2503 1868//2503 1806//2503
f 1807//1 1866//1 1797//1
f 1842//2504 1844//2504 1843//2504
f 1802//2505 1869//2505 1803//2505
f 1869//2493 1808//2493 1803//2493
f 1870//2506 1869//2506 1802//2506
f 1871//2507 1872//2507 1802//2507
f 1872//2508 1873//2508 1802//2508
f 1873//2509 1870//2509 1802//2509
f 1864//2498 1871//2498 1802//2498
f 1851//2510 1814//2510 1828//2510
f 1814//2510 1732//2510 1828//2510
f 1608//2491 1874//2491 1853//2491
f 1874//2169 1850//2169 1853//2169
f 1607//2491 1874//2491 1608//2491
f 1735//2510 1875//2510 1704//2510
f 1875//2510 1855//2510 1704//2510
f 1837//2491 1612//2491 1611//2491
f 1875//2168 1854//2168 1855//2168
f 1857//2491 1612//2491 1837//2491
f 1849//2511 1876//2511 1848//2511
f 1877//1 1821//1 1848//1
f 1876//1 1877//1 1848//1
f 1878//2511 1876//2511 1849//2511
f 1724//2511 1878//2511 1849//2511
f 1805//2511 1878//2511 1724//2511
f 1811//2512 1879//2512 1812//2512
f 1879//2512 1880//2512 1812//2512
f 1880//2513 1813//2513 1812//2513
f 1814//2168 1881//2168 1811//2168
f 1881//2168 1879//2168 1811//2168
f 1815//2512 1882//2512 1816//2512
f 1882//2512 1883//2512 1816//2512
f 1883//2169 1817//2169 1816//2169
f 1818//2514 1884//2514 1815//2514
f 1884//2310 1882//2310 1815//2310
f 1885//2515 1798//2515 1737//2515
f 1850//2515 1885//2515 1737//2515
f 1813//2516 1852//2516 1731//2516
f 1886//2169 1851//2169 1852//2169
f 1887//2169 1886//2169 1852//2169
f 1813//2516 1887//2516 1852//2516
f 1874//2169 1885//2169 1850//2169
f 1888//2516 1818//2516 1854//2516
f 1875//2168 1888//2168 1854//2168
f 1727//2515 1800//2515 1856//2515
f 1800//2515 1889//2515 1856//2515
f 1890//2168 1857//2168 1856//2168
f 1889//2168 1890//2168 1856//2168
f 1888//2516 1884//2516 1818//2516
f 1842//2318 1845//2318 1844//2318
f 1870//2317 1808//2317 1869//2317
f 1891//2517 1858//2517 1859//2517
f 1892//2517 1891//2517 1859//2517
f 1860//2446 1893//2446 1859//2446
f 1893//1 1892//1 1859//1
f 1894//2517 1807//2517 1858//2517
f 1891//2517 1894//2517 1858//2517
f 1894//1 1866//1 1807//1
f 1886//2518 1881//2518 1851//2518
f 1881//2518 1814//2518 1851//2518
f 1607//1023 1895//1023 1874//1023
f 1895//2169 1885//2169 1874//2169
f 1606//1023 1895//1023 1607//1023
f 1817//2518 1896//2518 1735//2518
f 1896//2518 1875//2518 1735//2518
f 1857//1023 1613//1023 1612//1023
f 1896//2168 1888//2168 1875//2168
f 1890//1023 1613//1023 1857//1023
f 1897//2519 1846//2519 1845//2519
f 1842//2492 1897//2492 1845//2492
f 1898//2520 1899//2520 1846//2520
f 1900//2521 1898//2521 1846//2521
f 1897//2522 1900//2522 1846//2522
f 1901//1 1847//1 1846//1
f 1899//1 1901//1 1846//1
f 1873//2311 1808//2311 1870//2311
f 1902//2523 1842//2523 1798//2523
f 1885//2523 1902//2523 1798//2523
f 1880//2524 1903//2524 1813//2524
f 1903//2525 1887//2525 1813//2525
f 1904//2169 1886//2169 1887//2169
f 1905//2169 1904//2169 1887//2169
f 1903//2525 1905//2525 1887//2525
f 1895//2169 1902//2169 1885//2169
f 1906//2525 1884//2525 1888//2525
f 1896//2168 1906//2168 1888//2168
f 1800//2523 1808//2523 1889//2523
f 1808//2523 1907//2523 1889//2523
f 1908//2168 1890//2168 1889//2168
f 1907//2168 1908//2168 1889//2168
f 1909//2310 1882//2310 1884//2310
f 1906//2526 1909//2526 1884//2526
f 1878//2527 1910//2527 1876//2527
f 1911//1 1877//1 1876//1
f 1910//1 1911//1 1876//1
f 1912//2527 1910//2527 1878//2527
f 1805//2527 1912//2527 1878//2527
f 1867//2527 1912//2527 1805//2527
f 1901//2528 1913//2528 1847//2528
f 1913//2529 1914//2529 1847//2529
f 1914//2530 1915//2530 1847//2530
f 1915//2531 1916//2531 1847//2531
f 1916//2532 1861//2532 1847//2532
f 1917//2533 1918//2533 1861//2533
f 1918//2534 1919//2534 1861//2534
f 1919//2535 1920//2535 1861//2535
f 1920//2536 1921//2536 1861//2536
f 1916//2537 1922//2537 1861//2537
f 1922//2538 1923//2538 1861//2538
f 1923//2539 1924//2539 1861//2539
f 1924//2528 1917//2528 1861//2528
f 1921//2532 1862//2532 1861//2532
f 1921//2540 1925//2540 1862//2540
f 1925//2541 1926//2541 1862//2541
f 1926//2542 1927//2542 1862//2542
f 1927//2528 1928//2528 1862//2528
f 1928//2543 1868//2543 1862//2543
f 1929//2544 1930//2544 1864//2544
f 1931//2545 1932//2545 1864//2545
f 1930//2546 1931//2546 1864//2546
f 1863//2547 1933//2547 1864//2547
f 1933//2548 1929//2548 1864//2548
f 1932//2549 1871//2549 1864//2549
f 1934//2550 1935//2550 1863//2550
f 1935//2551 1936//2551 1863//2551
f 1936//2552 1937//2552 1863//2552
f 1937//2553 1938//2553 1863//2553
f 1938//2554 1939//2554 1863//2554
f 1939//2555 1940//2555 1863//2555
f 1940//2556 1933//2556 1863//2556
f 1865//2547 1941//2547 1863//2547
f 1941//2557 1934//2557 1863//2557
f 1942//2558 1943//2558 1865//2558
f 1943//2559 1944//2559 1865//2559
f 1944//2560 1945//2560 1865//2560
f 1945//2561 1941//2561 1865//2561
f 1866//2562 1946//2562 1865//2562
f 1946//2563 1942//2563 1865//2563
f 1842//2564 1900//2564 1897//2564
f 1872//2565 1808//2565 1873//2565
f 1947//1 1867//1 1868//1
f 1948//1 1947//1 1868//1
f 1928//2566 1948//2566 1868//2566
f 1894//1 1946//1 1866//1
f 1904//2567 1949//2567 1886//2567
f 1949//2567 1881//2567 1886//2567
f 1606//2568 1950//2568 1895//2568
f 1950//2169 1902//2169 1895//2169
f 1949//2168 1879//2168 1881//2168
f 1605//2568 1950//2568 1606//2568
f 1951//2567 1952//2567 1817//2567
f 1952//2567 1896//2567 1817//2567
f 1883//2169 1951//2169 1817//2169
f 1890//2568 1953//2568 1613//2568
f 1953//2169 1610//2169 1613//2169
f 1952//2168 1906//2168 1896//2168
f 1908//2568 1953//2568 1890//2568
f 1879//2569 1954//2569 1880//2569
f 1954//2569 1955//2569 1880//2569
f 1955//2401 1903//2401 1880//2401
f 1949//2168 1954//2168 1879//2168
f 1882//2569 1956//2569 1883//2569
f 1956//2569 1957//2569 1883//2569
f 1957//2169 1951//2169 1883//2169
f 1909//2312 1956//2312 1882//2312
f 1842//2570 1898//2570 1900//2570
f 1871//2571 1958//2571 1872//2571
f 1958//2572 1808//2572 1872//2572
f 1959//2573 1958//2573 1871//2573
f 1960//2574 1961//2574 1871//2574
f 1961//2575 1962//2575 1871//2575
f 1962//2576 1959//2576 1871//2576
f 1932//1 1960//1 1871//1
f 1963//2577 1891//2577 1892//2577
f 1964//2577 1963//2577 1892//2577
f 1893//1 1964//1 1892//1
f 1965//2577 1894//2577 1891//2577
f 1963//2577 1965//2577 1891//2577
f 1965//1 1946//1 1894//1
f 1966//2578 1899//2578 1898//2578
f 1967//2579 1966//2579 1898//2579
f 1968//2318 1967//2318 1898//2318
f 1842//2319 1968//2319 1898//2319
f 1959//2580 1969//2580 1958//2580
f 1970//2311 1808//2311 1958//2311
f 1969//2581 1970//2581 1958//2581
f 1971//2582 1968//2582 1842//2582
f 1902//2582 1971//2582 1842//2582
f 1955//2583 1972//2583 1903//2583
f 1972//2584 1905//2584 1903//2584
f 1973//2169 1904//2169 1905//2169
f 1974//2169 1973//2169 1905//2169
f 1972//2584 1974//2584 1905//2584
f 1973//2585 1975//2585 1904//2585
f 1975//2585 1949//2585 1904//2585
f 1605//2586 1976//2586 1950//2586
f 1976//2169 1971//2169 1950//2169
f 1971//2169 1902//2169 1950//2169
f 1977//2168 1954//2168 1949//2168
f 1975//2168 1977//2168 1949//2168
f 1978//2586 1976//2586 1605//2586
f 1533//2168 1978//2168 1605//2168
f 1979//2585 1980//2585 1951//2585
f 1980//2585 1952//2585 1951//2585
f 1957//2169 1979//2169 1951//2169
f 1908//2586 1981//2586 1953//2586
f 1981//2169 1610//2169 1953//2169
f 1982//2587 1909//2587 1906//2587
f 1952//2168 1982//2168 1906//2168
f 1980//2168 1982//2168 1952//2168
f 1983//2586 1981//2586 1908//2586
f 1907//2168 1983//2168 1908//2168
f 1808//2582 1970//2582 1907//2582
f 1970//2582 1984//2582 1907//2582
f 1984//2168 1983//2168 1907//2168
f 1985//2486 1956//2486 1909//2486
f 1986//2317 1985//2317 1909//2317
f 1982//2588 1986//2588 1909//2588
f 1987//2589 1988//2589 1989//2589
f 1990//2590 1991//2590 1989//2590
f 1991//2591 1987//2591 1989//2591
f 1988//355 1992//355 1989//355
f 1992//355 1993//355 1989//355
f 1993//355 1990//355 1989//355
f 1994//2592 1991//2592 1990//2592
f 1995//2593 1996//2593 1990//2593
f 1996//2594 1994//2594 1990//2594
f 1993//355 1995//355 1990//355
f 1987//2595 1997//2595 1988//2595
f 1997//2596 1533//2596 1988//2596
f 1533//355 1530//355 1988//355
f 1530//355 1526//355 1988//355
f 1526//355 1525//355 1988//355
f 1525//355 1524//355 1988//355
f 1524//355 1992//355 1988//355
f 1998//2597 1999//2597 1995//2597
f 1999//2598 1996//2598 1995//2598
f 1993//2599 2000//2599 1995//2599
f 2000//2600 1998//2600 1995//2600
f 2001//2601 2002//2601 1993//2601
f 1992//2602 2003//2602 1993//2602
f 2003//2603 2004//2603 1993//2603
f 2004//2604 2001//2604 1993//2604
f 2005//2605 2006//2605 1993//2605
f 2002//2606 2007//2606 1993//2606
f 2007//2607 2008//2607 1993//2607
f 2008//2608 2005//2608 1993//2608
f 2006//2609 2009//2609 1993//2609
f 2009//2610 2000//2610 1993//2610
f 2010//2611 2011//2611 1992//2611
f 2011//2612 2012//2612 1992//2612
f 2012//2613 2003//2613 1992//2613
f 1524//355 2010//355 1992//355
f 2013//2614 2014//2614 2010//2614
f 2014//2615 2015//2615 2010//2615
f 2015//2616 2011//2616 2010//2616
f 1524//355 2013//355 2010//355
f 2016//2168 2017//2168 1533//2168
f 2017//2168 1978//2168 1533//2168
f 1997//2596 2016//2596 1533//2596
f 2018//2617 2019//2617 2013//2617
f 2019//2618 2014//2618 2013//2618
f 1524//355 2018//355 2013//355
f 2020//355 2018//355 1524//355
f 1523//355 2021//355 1524//355
f 2021//355 2022//355 1524//355
f 2022//355 2020//355 1524//355
f 2020//2619 2023//2619 2018//2619
f 1527//355 2021//355 1523//355
f 2024//355 2021//355 1527//355
f 1531//355 2024//355 1527//355
f 2022//2620 2025//2620 2020//2620
f 2025//2621 2026//2621 2020//2621
f 2026//2622 2023//2622 2020//2622
f 1534//355 2024//355 1531//355
f 1610//355 2024//355 1534//355
f 1981//2169 2027//2169 1610//2169
f 2027//2623 2024//2623 1610//2623
f 2021//2624 2028//2624 2022//2624
f 2028//2625 2029//2625 2022//2625
f 2029//2626 2025//2626 2022//2626
f 2030//2627 2031//2627 2021//2627
f 2031//2628 2028//2628 2021//2628
f 2024//355 2032//355 2021//355
f 2032//355 2033//355 2021//355
f 2033//355 2034//355 2021//355
f 2034//355 2030//355 2021//355
f 2035//2629 2036//2629 2030//2629
f 2036//2630 2037//2630 2030//2630
f 2037//2631 2031//2631 2030//2631
f 2038//2632 2039//2632 2030//2632
f 2039//2633 2040//2633 2030//2633
f 2040//2634 2035//2634 2030//2634
f 2034//2635 2038//2635 2030//2635
f 2033//2636 2041//2636 2034//2636
f 2041//2637 2042//2637 2034//2637
f 2042//2638 2038//2638 2034//2638
f 2043//2639 2032//2639 2024//2639
f 2044//2640 2043//2640 2024//2640
f 2027//2623 2044//2623 2024//2623
f 2045//2641 2046//2641 2033//2641
f 2046//2642 2041//2642 2033//2642
f 2032//2643 2045//2643 2033//2643
f 2043//2644 2045//2644 2032//2644
f 1840//2645 1820//2645 2018//2645
f 2023//2646 1840//2646 2018//2646
f 1820//2647 2019//2647 2018//2647
f 1820//2648 2014//2648 2019//2648
f 1821//2649 2014//2649 1820//2649
f 2047//2650 2048//2650 1910//2650
f 2048//2651 2049//2651 1910//2651
f 1912//2652 2047//2652 1910//2652
f 2050//2653 1911//2653 1910//2653
f 2049//2654 2050//2654 1910//2654
f 2051//2655 2052//2655 1912//2655
f 2053//2656 2054//2656 1912//2656
f 2052//2657 2053//2657 1912//2657
f 2055//2658 2047//2658 1912//2658
f 2054//2659 2056//2659 1912//2659
f 2056//2660 2055//2660 1912//2660
f 1867//2652 2051//2652 1912//2652
f 2057//2661 2051//2661 1867//2661
f 2058//2662 2057//2662 1867//2662
f 1947//2663 2058//2663 1867//2663
f 1914//2664 1916//2664 1915//2664
f 1919//2665 1921//2665 1920//2665
f 1933//2666 1930//2666 1929//2666
f 1939//2667 1933//2667 1940//2667
f 1941//2668 1935//2668 1934//2668
f 1944//2669 1941//2669 1945//2669
f 1860//2670 1840//2670 2023//2670
f 2026//2671 1860//2671 2023//2671
f 2059//2672 1899//2672 1966//2672
f 1967//2673 2059//2673 1966//2673
f 2059//2674 2060//2674 1899//2674
f 2060//2675 2061//2675 1899//2675
f 2061//2676 2062//2676 1899//2676
f 2063//1 1901//1 1899//1
f 2062//1 2063//1 1899//1
f 1962//2677 1969//2677 1959//2677
f 1821//2678 2015//2678 2014//2678
f 2025//2679 1860//2679 2026//2679
f 1954//2680 1977//2680 1955//2680
f 1977//2680 2064//2680 1955//2680
f 2064//2400 1972//2400 1955//2400
f 1956//2680 1985//2680 1957//2680
f 1985//2680 2065//2680 1957//2680
f 2065//2169 1979//2169 1957//2169
f 2047//2681 1922//2681 1916//2681
f 2051//2682 1925//2682 1921//2682
f 1914//2683 2047//2683 1916//2683
f 2047//2684 2055//2684 1922//2684
f 2055//2685 1923//2685 1922//2685
f 1919//2686 2051//2686 1921//2686
f 2051//2687 2057//2687 1925//2687
f 2057//2688 1926//2688 1925//2688
f 2066//2689 2067//2689 1933//2689
f 2067//2690 1930//2690 1933//2690
f 1939//2691 2066//2691 1933//2691
f 2068//2689 2069//2689 1941//2689
f 2069//2692 1935//2692 1941//2692
f 1944//2693 2068//2693 1941//2693
f 1821//2694 2011//2694 2015//2694
f 1877//2695 2011//2695 1821//2695
f 1913//2696 2048//2696 1914//2696
f 2048//2697 2047//2697 1914//2697
f 2055//2698 1924//2698 1923//2698
f 1918//2699 2052//2699 1919//2699
f 2052//2700 2051//2700 1919//2700
f 2057//2701 2058//2701 1926//2701
f 2058//2702 1927//2702 1926//2702
f 2067//2703 1931//2703 1930//2703
f 2070//2704 2066//2704 1939//2704
f 1943//2705 2071//2705 1944//2705
f 2071//2706 2068//2706 1944//2706
f 2072//2707 1913//2707 1901//2707
f 2063//2708 2072//2708 1901//2708
f 2073//2709 1917//2709 1924//2709
f 2074//2710 2075//2710 1917//2710
f 2076//2711 2074//2711 1917//2711
f 2075//2712 1918//2712 1917//2712
f 2073//2713 2076//2713 1917//2713
f 2077//2709 1928//2709 1927//2709
f 2077//2714 2078//2714 1928//2714
f 2078//2715 1948//2715 1928//2715
f 1931//2716 2079//2716 1932//2716
f 2079//2717 2080//2717 1932//2717
f 2080//1 1960//1 1932//1
f 1937//2718 2081//2718 1938//2718
f 2081//2719 1939//2719 1938//2719
f 1936//2720 2082//2720 1937//2720
f 2082//2721 2083//2721 1937//2721
f 2083//2722 2081//2722 1937//2722
f 1935//2723 2082//2723 1936//2723
f 1942//2724 2084//2724 1943//2724
f 2085//2725 2086//2725 1942//2725
f 2086//2726 2084//2726 1942//2726
f 1946//2727 2087//2727 1942//2727
f 2087//2728 2085//2728 1942//2728
f 2088//2729 2048//2729 1913//2729
f 2055//2730 2056//2730 1924//2730
f 2056//2731 2073//2731 1924//2731
f 2058//2732 2077//2732 1927//2732
f 2067//2733 2089//2733 1931//2733
f 2081//2734 2070//2734 1939//2734
f 2069//2735 2090//2735 1935//2735
f 2090//2736 2082//2736 1935//2736
f 2091//1 1947//1 1948//1
f 2092//1 2091//1 1948//1
f 2078//2737 2092//2737 1948//2737
f 1965//1 2087//1 1946//1
f 2093//2738 2094//2738 1973//2738
f 2094//2738 1975//2738 1973//2738
f 1974//2169 2093//2169 1973//2169
f 1978//2739 2095//2739 1976//2739
f 2095//2169 2096//2169 1976//2169
f 2096//2169 1971//2169 1976//2169
f 2097//2168 1977//2168 1975//2168
f 2094//2168 2097//2168 1975//2168
f 2017//2739 2095//2739 1978//2739
f 2098//2738 2099//2738 1979//2738
f 2099//2738 1980//2738 1979//2738
f 2065//2169 2098//2169 1979//2169
f 1983//2739 2100//2739 1981//2739
f 2100//2169 2027//2169 1981//2169
f 2099//2168 2101//2168 1980//2168
f 2101//2168 1982//2168 1980//2168
f 2102//2739 2100//2739 1983//2739
f 1984//2168 2102//2168 1983//2168
f 2072//2740 2088//2740 1913//2740
f 2074//2741 1918//2741 2075//2741
f 1893//2742 1860//2742 2025//2742
f 2029//2743 1893//2743 2025//2743
f 1967//2401 2060//2401 2059//2401
f 1961//2312 1969//2312 1962//2312
f 2072//2744 2103//2744 2088//2744
f 2103//2745 2048//2745 2088//2745
f 2074//2746 2053//2746 1918//2746
f 2053//2747 2052//2747 1918//2747
f 2104//2748 2079//2748 1931//2748
f 2089//2749 2104//2749 1931//2749
f 2105//2750 2070//2750 2081//2750
f 2084//2751 2086//2751 1943//2751
f 2086//2752 2106//2752 1943//2752
f 2106//2753 2071//2753 1943//2753
f 2104//2754 2080//2754 2079//2754
f 2107//2755 2083//2755 2082//2755
f 1877//2756 2012//2756 2011//2756
f 2028//2757 1893//2757 2029//2757
f 2108//2513 2109//2513 1968//2513
f 2109//2318 2110//2318 1968//2318
f 2110//2318 2111//2318 1968//2318
f 2111//2442 2112//2442 1968//2442
f 2112//2319 2113//2319 1968//2319
f 2113//2318 1967//2318 1968//2318
f 2096//2758 2108//2758 1968//2758
f 1971//2758 2096//2758 1968//2758
f 2064//2759 2114//2759 1972//2759
f 2114//2760 1974//2760 1972//2760
f 2115//2169 2093//2169 1974//2169
f 2114//2760 2115//2760 1974//2760
f 2101//2760 1986//2760 1982//2760
f 1970//2758 2116//2758 1984//2758
f 2116//2758 2117//2758 1984//2758
f 2117//2168 2102//2168 1984//2168
f 2118//2761 1985//2761 1986//2761
f 2119//2762 2118//2762 1986//2762
f 2101//2760 2119//2760 1986//2760
f 2120//2763 2116//2763 1970//2763
f 2121//2310 2120//2310 1970//2310
f 2122//2311 2123//2311 1970//2311
f 2123//2763 2124//2763 1970//2763
f 2124//2514 2121//2514 1970//2514
f 1969//2581 2122//2581 1970//2581
f 2125//2764 2076//2764 2073//2764
f 2126//2765 2078//2765 2077//2765
f 2083//2766 2127//2766 2081//2766
f 2128//2767 2089//2767 1964//2767
f 2089//2768 2067//2768 1964//2768
f 2067//2769 2066//2769 1964//2769
f 2066//2770 1963//2770 1964//2770
f 2129//2771 2128//2771 1964//2771
f 1893//2772 2129//2772 1964//2772
f 2066//2773 2070//2773 1963//2773
f 2130//2774 2090//2774 1963//2774
f 2105//2775 2130//2775 1963//2775
f 2070//2776 2105//2776 1963//2776
f 2090//2777 2069//2777 1963//2777
f 2069//2778 2068//2778 1963//2778
f 2068//2770 1965//2770 1963//2770
f 2131//1 2087//1 1965//1
f 2068//2779 2071//2779 1965//2779
f 2071//2780 2106//2780 1965//2780
f 2106//2781 2131//2781 1965//2781
f 2056//2782 2132//2782 2073//2782
f 2132//2783 2125//2783 2073//2783
f 2133//2784 2053//2784 2074//2784
f 2058//2785 2134//2785 2077//2785
f 2134//2786 2126//2786 2077//2786
f 2089//2787 2135//2787 2104//2787
f 2135//2788 2136//2788 2104//2788
f 2127//2789 2105//2789 2081//2789
f 2137//2790 2107//2790 2082//2790
f 2090//2791 2137//2791 2082//2791
f 2138//2792 2106//2792 2086//2792
f 2076//2793 2139//2793 2074//2793
f 2085//2794 2138//2794 2086//2794
f 2136//2795 2080//2795 2104//2795
f 2137//2796 2083//2796 2107//2796
f 1877//2797 2003//2797 2012//2797
f 1911//2798 2003//2798 1877//2798
f 2063//2799 2140//2799 2072//2799
f 2141//2800 2076//2800 2125//2800
f 2076//2801 2142//2801 2139//2801
f 2142//2802 2074//2802 2139//2802
f 2143//2803 2078//2803 2126//2803
f 2144//2804 2080//2804 2136//2804
f 2083//2805 2145//2805 2127//2805
f 2146//2806 2083//2806 2137//2806
f 2147//2807 2146//2807 2137//2807
f 2085//2808 2148//2808 2138//2808
f 2140//2809 2103//2809 2072//2809
f 2132//2810 2149//2810 2125//2810
f 2149//2811 2141//2811 2125//2811
f 2142//2812 2133//2812 2074//2812
f 2134//2813 2150//2813 2126//2813
f 2150//2814 2143//2814 2126//2814
f 2145//2815 2151//2815 2127//2815
f 2151//2816 2105//2816 2127//2816
f 2090//2817 2152//2817 2137//2817
f 2152//2818 2147//2818 2137//2818
f 2153//2819 2106//2819 2138//2819
f 1967//2318 2061//2318 2060//2318
f 1960//2820 2154//2820 1961//2820
f 2154//2581 1969//2581 1961//2581
f 2155//2821 2154//2821 1960//2821
f 2156//2822 2157//2822 1960//2822
f 2157//2823 2158//2823 1960//2823
f 2158//2824 2155//2824 1960//2824
f 2080//2825 2156//2825 1960//2825
f 2159//2826 2160//2826 2140//2826
f 2160//2827 2103//2827 2140//2827
f 2149//2828 2161//2828 2141//2828
f 2161//2829 2162//2829 2141//2829
f 2163//2830 2164//2830 2142//2830
f 2164//2831 2133//2831 2142//2831
f 2150//2832 2165//2832 2143//2832
f 2166//2833 2144//2833 2136//2833
f 2135//2834 2166//2834 2136//2834
f 2148//2835 2167//2835 2138//2835
f 2167//2836 2153//2836 2138//2836
f 2063//2837 2159//2837 2140//2837
f 2162//2838 2076//2838 2141//2838
f 2076//2839 2163//2839 2142//2839
f 2165//2840 2078//2840 2143//2840
f 2168//2841 2080//2841 2144//2841
f 2166//2842 2168//2842 2144//2842
f 2083//2843 2169//2843 2145//2843
f 2147//2844 2083//2844 2146//2844
f 2085//2845 2167//2845 2148//2845
f 2170//2846 2171//2846 2093//2846
f 2171//2846 2094//2846 2093//2846
f 2115//2169 2170//2169 2093//2169
f 2017//2847 2172//2847 2095//2847
f 2172//2169 2173//2169 2095//2169
f 2173//2169 2096//2169 2095//2169
f 2174//2168 2097//2168 2094//2168
f 2171//2168 2174//2168 2094//2168
f 2175//2847 2172//2847 2017//2847
f 2016//2168 2175//2168 2017//2168
f 2176//2846 2177//2846 2098//2846
f 2177//2846 2099//2846 2098//2846
f 2065//2169 2178//2169 2098//2169
f 2178//2169 2176//2169 2098//2169
f 2102//2847 2179//2847 2100//2847
f 2179//2169 2027//2169 2100//2169
f 2177//2168 2180//2168 2099//2168
f 2180//2168 2101//2168 2099//2168
f 2181//2847 2179//2847 2102//2847
f 2117//2168 2181//2168 2102//2168
f 2182//2848 2162//2848 2159//2848
f 2162//2849 2161//2849 2159//2849
f 2161//2850 2160//2850 2159//2850
f 2183//2848 2165//2848 2163//2848
f 2165//2851 2164//2851 2163//2851
f 2135//2852 2184//2852 2166//2852
f 2169//2853 2166//2853 2145//2853
f 2166//2854 2184//2854 2145//2854
f 2184//2855 2151//2855 2145//2855
f 2152//2856 2185//2856 2147//2856
f 2186//2857 2147//2857 2167//2857
f 2147//2858 2185//2858 2167//2858
f 2185//2859 2153//2859 2167//2859
f 2150//2860 2164//2860 2165//2860
f 2063//2861 2182//2861 2159//2861
f 2182//2862 2076//2862 2162//2862
f 2076//2863 2183//2863 2163//2863
f 2183//2864 2078//2864 2165//2864
f 2166//2865 2080//2865 2168//2865
f 2083//2866 2166//2866 2169//2866
f 2186//2867 2083//2867 2147//2867
f 2085//2868 2186//2868 2167//2868
f 2063//2869 2076//2869 2182//2869
f 2076//2869 2078//2869 2183//2869
f 2083//2870 2080//2870 2166//2870
f 2085//2871 2083//2871 2186//2871
f 1977//2872 2097//2872 2064//2872
f 2097//2872 2187//2872 2064//2872
f 2187//2759 2114//2759 2064//2759
f 1985//2872 2118//2872 2065//2872
f 2118//2872 2178//2872 2065//2872
f 2103//2873 2049//2873 2048//2873
f 2129//2874 1893//2874 2028//2874
f 1911//2875 2004//2875 2003//2875
f 2031//2876 2129//2876 2028//2876
f 2188//2877 2062//2877 2061//2877
f 1967//2878 2189//2878 2061//2878
f 2189//2878 2188//2878 2061//2878
f 2190//2879 1969//2879 2154//2879
f 2155//2879 2190//2879 2154//2879
f 2054//2880 2132//2880 2056//2880
f 2133//2881 2054//2881 2053//2881
f 1947//2882 2134//2882 2058//2882
f 2128//2883 2135//2883 2089//2883
f 2151//2884 2130//2884 2105//2884
f 2153//2885 2131//2885 2106//2885
f 2103//2886 2191//2886 2049//2886
f 2192//2887 2050//2887 2049//2887
f 2191//2888 2192//2888 2049//2888
f 2193//2886 2132//2886 2054//2886
f 2133//2889 2193//2889 2054//2889
f 2091//2890 2134//2890 1947//2890
f 2194//2318 2109//2318 2108//2318
f 2173//2891 2194//2891 2108//2891
f 2096//2847 2173//2847 2108//2847
f 2187//2314 2195//2314 2114//2314
f 2195//2892 2115//2892 2114//2892
f 2196//2169 2170//2169 2115//2169
f 2195//2892 2196//2892 2115//2892
f 2180//2892 2119//2892 2101//2892
f 2116//2847 2197//2847 2117//2847
f 2197//2847 2198//2847 2117//2847
f 2198//2168 2181//2168 2117//2168
f 2199//2893 2118//2893 2119//2893
f 2200//2894 2199//2894 2119//2894
f 2180//2892 2200//2892 2119//2892
f 2201//2317 2197//2317 2116//2317
f 2120//2895 2201//2895 2116//2895
f 2202//2896 2203//2896 2170//2896
f 2203//2896 2171//2896 2170//2896
f 2196//2169 2202//2169 2170//2169
f 2175//2897 2204//2897 2172//2897
f 2204//2169 2205//2169 2172//2169
f 2205//2169 2173//2169 2172//2169
f 2206//2168 2174//2168 2171//2168
f 2203//2168 2206//2168 2171//2168
f 2207//2897 2204//2897 2175//2897
f 2016//2168 2207//2168 2175//2168
f 2208//2896 2209//2896 2176//2896
f 2209//2896 2177//2896 2176//2896
f 2178//2169 2210//2169 2176//2169
f 2210//2169 2208//2169 2176//2169
f 2181//2897 2211//2897 2179//2897
f 2211//2169 2212//2169 2179//2169
f 2212//2169 2027//2169 2179//2169
f 2209//2168 2213//2168 2177//2168
f 2213//2168 2180//2168 2177//2168
f 2214//2897 2211//2897 2181//2897
f 2198//2168 2214//2168 2181//2168
f 2160//2898 2191//2898 2103//2898
f 2193//2899 2149//2899 2132//2899
f 2164//2900 2193//2900 2133//2900
f 2091//2901 2150//2901 2134//2901
f 2130//2902 2152//2902 2090//2902
f 2161//2903 2191//2903 2160//2903
f 2193//2904 2161//2904 2149//2904
f 2184//2905 2130//2905 2151//2905
f 2185//2906 2131//2906 2153//2906
f 1911//2907 2001//2907 2004//2907
f 2050//2908 2001//2908 1911//2908
f 2150//2909 2193//2909 2164//2909
f 2128//2910 2184//2910 2135//2910
f 2130//2911 2185//2911 2152//2911
f 2204//468 2207//468 2202//468
f 2207//468 2203//468 2202//468
f 2196//2169 2215//2169 2202//2169
f 2215//2169 2204//2169 2202//2169
f 2215//2169 2205//2169 2204//2169
f 2216//2168 2206//2168 2203//2168
f 2207//2168 2216//2168 2203//2168
f 2016//2168 2216//2168 2207//2168
f 2211//468 2214//468 2208//468
f 2214//468 2209//468 2208//468
f 2210//2169 2217//2169 2208//2169
f 2217//2169 2211//2169 2208//2169
f 2217//2169 2212//2169 2211//2169
f 2214//2168 2218//2168 2209//2168
f 2218//2168 2213//2168 2209//2168
f 2198//2168 2218//2168 2214//2168
f 2037//2912 2129//2912 2031//2912
f 2193//2913 2191//2913 2161//2913
f 2091//2909 2193//2909 2150//2909
f 2128//2914 2130//2914 2184//2914
f 2130//2915 2131//2915 2185//2915
f 2219//2916 2062//2916 2188//2916
f 2189//2318 2220//2318 2188//2318
f 2220//2318 2219//2318 2188//2318
f 2219//2917 2221//2917 2062//2917
f 2221//2918 2222//2918 2062//2918
f 2222//2919 2223//2919 2062//2919
f 2224//1 2063//1 2062//1
f 2223//1 2224//1 2062//1
f 2158//2581 2190//2581 2155//2581
f 2224//2920 2076//2920 2063//2920
f 2225//2920 2078//2920 2076//2920
f 2224//2920 2225//2920 2076//2920
f 2225//2920 2226//2920 2078//2920
f 2226//2921 2092//2921 2078//2921
f 2083//2922 2227//2922 2080//2922
f 2227//2922 2228//2922 2080//2922
f 2228//2923 2156//2923 2080//2923
f 2085//2922 2229//2922 2083//2922
f 2229//2922 2227//2922 2083//2922
f 2087//2924 2230//2924 2085//2924
f 2230//2925 2229//2925 2085//2925
f 2231//1 2091//1 2092//1
f 2232//1 2231//1 2092//1
f 2226//2926 2232//2926 2092//2926
f 2131//1 2230//1 2087//1
f 2233//2318 2109//2318 2194//2318
f 2205//2927 2233//2927 2194//2927
f 2173//2928 2205//2928 2194//2928
f 2187//2314 2234//2314 2195//2314
f 2234//2304 2235//2304 2195//2304
f 2235//2929 2196//2929 2195//2929
f 2235//2929 2215//2929 2196//2929
f 2213//2929 2200//2929 2180//2929
f 2197//2930 2236//2930 2198//2930
f 2236//2930 2218//2930 2198//2930
f 2237//2931 2199//2931 2200//2931
f 2238//2932 2237//2932 2200//2932
f 2213//2929 2238//2929 2200//2929
f 2201//2310 2236//2310 2197//2310
f 2097//2933 2174//2933 2187//2933
f 2174//2933 2234//2933 2187//2933
f 2118//2933 2199//2933 2178//2933
f 2199//2933 2210//2933 2178//2933
f 2239//2934 2130//2934 2128//2934
f 2240//2934 2239//2934 2128//2934
f 2241//2935 2240//2935 2128//2935
f 2129//2936 2241//2936 2128//2936
f 2242//2934 2131//2934 2130//2934
f 2239//2934 2242//2934 2130//2934
f 2242//1 2230//1 2131//1
f 2220//2937 2243//2937 2219//2937
f 2243//2673 2221//2673 2219//2673
f 2244//2581 2190//2581 2158//2581
f 2157//2938 2244//2938 2158//2938
f 2050//2939 2245//2939 2001//2939
f 2246//1 2002//1 2001//1
f 2245//1 2246//1 2001//1
f 2241//2940 2129//2940 2037//2940
f 2247//2941 2241//2941 2037//2941
f 2036//2942 2248//2942 2037//2942
f 2248//2943 2247//2943 2037//2943
f 2235//2318 2249//2318 2233//2318
f 2249//2318 2109//2318 2233//2318
f 2215//468 2235//468 2233//468
f 2205//468 2215//468 2233//468
f 2234//2878 2249//2878 2235//2878
f 2218//468 2238//468 2213//468
f 2236//468 2238//468 2218//468
f 2201//2581 2237//2581 2238//2581
f 2236//2317 2201//2317 2238//2317
f 2243//2401 2222//2401 2221//2401
f 2156//2944 2250//2944 2157//2944
f 2251//2938 2244//2938 2157//2938
f 2252//2312 2251//2312 2157//2312
f 2250//2312 2252//2312 2157//2312
f 2253//2945 2254//2945 2156//2945
f 2254//2946 2255//2946 2156//2946
f 2255//2947 2256//2947 2156//2947
f 2256//2948 2250//2948 2156//2948
f 2228//2949 2253//2949 2156//2949
f 2050//2950 2257//2950 2245//2950
f 2257//1 2246//1 2245//1
f 2192//2950 2257//2950 2050//2950
f 2174//2951 2206//2951 2234//2951
f 2206//2951 2249//2951 2234//2951
f 2199//2951 2237//2951 2210//2951
f 2237//2951 2217//2951 2210//2951
f 2193//2952 2258//2952 2191//2952
f 2258//2953 2192//2953 2191//2953
f 2259//2952 2258//2952 2193//2952
f 2091//2952 2259//2952 2193//2952
f 2231//2952 2259//2952 2091//2952
f 2260//2954 2223//2954 2222//2954
f 2261//2955 2260//2955 2222//2955
f 2243//2401 2262//2401 2222//2401
f 2262//2955 2261//2955 2222//2955
f 2256//2956 2252//2956 2250//2956
f 2206//2957 2216//2957 2249//2957
f 2216//2957 2109//2957 2249//2957
f 2237//2957 2212//2957 2217//2957
f 2201//2957 2212//2957 2237//2957
f 2263//2958 2241//2958 2247//2958
f 2264//2958 2263//2958 2247//2958
f 2248//2959 2264//2959 2247//2959
f 2263//2960 2240//2960 2241//2960
f 2265//2961 2223//2961 2260//2961
f 2261//2673 2265//2673 2260//2673
f 2265//2962 2266//2962 2223//2962
f 2266//2963 2267//2963 2223//2963
f 2267//2964 2268//2964 2223//2964
f 2269//1 2224//1 2223//1
f 2268//1 2269//1 2223//1
f 2270//2956 2252//2956 2256//2956
f 2271//2312 2270//2312 2256//2312
f 2255//2677 2271//2677 2256//2677
f 2269//2965 2225//2965 2224//2965
f 2272//2965 2226//2965 2225//2965
f 2269//2965 2272//2965 2225//2965
f 2272//2965 2273//2965 2226//2965
f 2273//2966 2232//2966 2226//2966
f 2227//2967 2274//2967 2228//2967
f 2274//2967 2275//2967 2228//2967
f 2275//2968 2253//2968 2228//2968
f 2229//2967 2276//2967 2227//2967
f 2276//2967 2274//2967 2227//2967
f 2230//2969 2277//2969 2229//2969
f 2277//2970 2276//2970 2229//2970
f 2278//2971 2231//2971 2232//2971
f 2279//1 2278//1 2232//1
f 2273//2972 2279//2972 2232//2972
f 2242//1 2277//1 2230//1
f 2280//2973 2239//2973 2240//2973
f 2281//2973 2280//2973 2240//2973
f 2263//1 2281//1 2240//1
f 2282//2973 2242//2973 2239//2973
f 2280//2973 2282//2973 2239//2973
f 2282//1 2277//1 2242//1
f 2283//2974 2266//2974 2265//2974
f 2261//2673 2284//2673 2265//2673
f 2284//2974 2283//2974 2265//2974
f 2254//2975 2271//2975 2255//2975
f 2285//2957 2109//2957 2216//2957
f 2016//2976 2285//2976 2216//2976
f 2201//2957 2286//2957 2212//2957
f 2286//2977 2027//2977 2212//2977
f 2192//2978 2287//2978 2257//2978
f 2288//1 2246//1 2257//1
f 2287//2979 2288//2979 2257//2979
f 2258//2980 2289//2980 2192//2980
f 2289//2978 2287//2978 2192//2978
f 2283//2981 2267//2981 2266//2981
f 2253//2982 2290//2982 2254//2982
f 2291//2975 2271//2975 2254//2975
f 2292//2938 2291//2938 2254//2938
f 2290//2938 2292//2938 2254//2938
f 2293//2983 2294//2983 2253//2983
f 2294//2984 2290//2984 2253//2984
f 2275//1 2293//1 2253//1
f 2259//2985 2295//2985 2258//2985
f 2295//1 2289//1 2258//1
f 2278//2986 2296//2986 2259//2986
f 2296//2987 2295//2987 2259//2987
f 2231//2985 2278//2985 2259//2985
f 1997//2988 2285//2988 2016//2988
f 2286//2977 2044//2977 2027//2977
f 2297//2169 2263//2169 2264//2169
f 2298//2169 2297//2169 2264//2169
f 2248//2959 2298//2959 2264//2959
f 2297//1 2281//1 2263//1
f 2299//2989 2268//2989 2267//2989
f 2283//2981 2300//2981 2267//2981
f 2300//2974 2299//2974 2267//2974
f 2294//2990 2292//2990 2290//2990
f 2301//2991 2280//2991 2281//2991
f 2302//2991 2301//2991 2281//2991
f 2303//2991 2282//2991 2280//2991
f 2301//2991 2303//2991 2280//2991
f 2289//2992 2288//2992 2287//2992
f 2295//1 2304//1 2289//1
f 2304//2993 2305//2993 2289//2993
f 2305//2992 2288//2992 2289//2992
f 2306//2994 2268//2994 2299//2994
f 2300//2995 2306//2995 2299//2995
f 2307//1 2269//1 2268//1
f 2306//1 2307//1 2268//1
f 2297//1 2302//1 2281//1
f 2303//1 2308//1 2282//1
f 2308//1 2277//1 2282//1
f 2308//2996 2276//2996 2277//2996
f 2274//2997 2309//2997 2275//2997
f 2309//2997 2310//2997 2275//2997
f 2311//1 2293//1 2275//1
f 2310//2998 2312//2998 2275//2998
f 2312//2999 2311//2999 2275//2999
f 2276//2997 2313//2997 2274//2997
f 2313//2997 2309//2997 2274//2997
f 2308//3000 2313//3000 2276//3000
f 2279//1 2314//1 2278//1
f 2314//3001 2296//3001 2278//3001
f 2307//3002 2272//3002 2269//3002
f 2315//3002 2273//3002 2272//3002
f 2307//3002 2315//3002 2272//3002
f 2315//3002 2316//3002 2273//3002
f 2316//3003 2279//3003 2273//3003
f 2293//3004 2292//3004 2294//3004
f 2311//3005 2292//3005 2293//3005
f 2296//3001 2304//3001 2295//3001
f 2317//1 2314//1 2279//1
f 2316//3006 2317//3006 2279//3006
f 2283//3007 2306//3007 2300//3007
f 2311//3008 2291//3008 2292//3008
f 2318//3009 2297//3009 2298//3009
f 2248//3009 2318//3009 2298//3009
f 2318//3010 2319//3010 2297//3010
f 2319//1 2302//1 2297//1
f 2296//3011 2320//3011 2304//3011
f 2320//3012 2305//3012 2304//3012
f 2321//3011 2320//3011 2296//3011
f 2314//3011 2321//3011 2296//3011
f 2317//1 2322//1 2314//1
f 2322//3011 2321//3011 2314//3011
f 2284//3013 2306//3013 2283//3013
f 2311//3014 2271//3014 2291//3014
f 2312//3015 2271//3015 2311//3015
f 2305//3016 2246//3016 2288//3016
f 2320//1 2323//1 2305//1
f 2323//3016 2246//3016 2305//3016
f 2261//3017 2306//3017 2284//3017
f 2312//3018 2270//3018 2271//3018
f 2324//3019 2301//3019 2302//3019
f 2319//3019 2324//3019 2302//3019
f 2325//3019 2303//3019 2301//3019
f 2324//3019 2325//3019 2301//3019
f 2325//1 2326//1 2303//1
f 2326//1 2308//1 2303//1
f 2327//1 2322//1 2317//1
f 2328//3020 2327//3020 2317//3020
f 2316//3021 2328//3021 2317//3021
f 2326//3022 2313//3022 2308//3022
f 2329//3023 2315//3023 2307//3023
f 2306//1 2329//1 2307//1
f 2330//3023 2316//3023 2315//3023
f 2329//3023 2330//3023 2315//3023
f 2330//3023 2328//3023 2316//3023
f 2309//3024 2331//3024 2310//3024
f 2331//3024 2332//3024 2310//3024
f 2332//3025 2333//3025 2310//3025
f 2333//3026 2312//3026 2310//3026
f 2313//3024 2334//3024 2309//3024
f 2334//3024 2331//3024 2309//3024
f 2326//3027 2334//3027 2313//3027
f 2335//3028 2306//3028 2261//3028
f 2262//3029 2335//3029 2261//3029
f 2335//1 2329//1 2306//1
f 2312//3030 2252//3030 2270//3030
f 2336//3031 2318//3031 2248//3031
f 2036//3032 2336//3032 2248//3032
f 2336//3033 2337//3033 2318//3033
f 2337//2999 2319//2999 2318//2999
f 2243//3034 2335//3034 2262//3034
f 2312//3035 2251//3035 2252//3035
f 2321//3036 2338//3036 2320//3036
f 2338//2771 2323//2771 2320//2771
f 2339//3036 2338//3036 2321//3036
f 2322//3036 2339//3036 2321//3036
f 2327//1 2340//1 2322//1
f 2340//3036 2339//3036 2322//3036
f 2323//3037 2002//3037 2246//3037
f 2338//3038 2341//3038 2323//3038
f 2341//3039 2342//3039 2323//3039
f 2342//3040 2002//3040 2323//3040
f 2220//3041 2335//3041 2243//3041
f 2312//3042 2244//3042 2251//3042
f 2333//3043 2244//3043 2312//3043
f 2343//2653 2344//2653 2336//2653
f 2344//2654 2337//2654 2336//2654
f 2036//3044 2345//3044 2336//3044
f 2345//3045 2346//3045 2336//3045
f 2346//3046 2343//3046 2336//3046
f 2342//3047 2007//3047 2002//3047
f 2035//3048 2345//3048 2036//3048
f 2189//3049 2335//3049 2220//3049
f 2333//3050 2190//3050 2244//3050
f 2347//3051 2324//3051 2319//3051
f 2337//3051 2347//3051 2319//3051
f 2348//3051 2325//3051 2324//3051
f 2347//3051 2348//3051 2324//3051
f 2348//1 2349//1 2325//1
f 2349//1 2326//1 2325//1
f 2350//1 2340//1 2327//1
f 2351//3052 2350//3052 2327//3052
f 2328//3053 2351//3053 2327//3053
f 2349//3054 2334//3054 2326//3054
f 2352//3055 2330//3055 2329//3055
f 2335//1 2352//1 2329//1
f 2353//3055 2328//3055 2330//3055
f 2352//3055 2353//3055 2330//3055
f 2353//3055 2351//3055 2328//3055
f 2331//3056 2354//3056 2332//3056
f 2354//3056 2355//3056 2332//3056
f 2355//2971 2356//2971 2332//2971
f 2356//1 2333//1 2332//1
f 2334//3056 2357//3056 2331//3056
f 2357//3056 2354//3056 2331//3056
f 2349//3057 2357//3057 2334//3057
f 2358//3058 2335//3058 2189//3058
f 1967//3059 2358//3059 2189//3059
f 2358//1 2352//1 2335//1
f 2333//3060 1969//3060 2190//3060
f 2359//3061 2346//3061 2345//3061
f 2035//3062 2359//3062 2345//3062
f 2360//3063 2007//3063 2342//3063
f 2341//3064 2360//3064 2342//3064
f 2338//1 2361//1 2341//1
f 2361//1 2362//1 2341//1
f 2362//3065 2363//3065 2341//3065
f 2363//3066 2360//3066 2341//3066
f 2339//3067 2361//3067 2338//3067
f 2364//3067 2361//3067 2339//3067
f 2340//3067 2364//3067 2339//3067
f 2350//1 2365//1 2340//1
f 2365//3067 2364//3067 2340//3067
f 2113//3068 2358//3068 1967//3068
f 2333//3069 2122//3069 1969//3069
f 2366//3070 2367//3070 2360//3070
f 2367//3071 2007//3071 2360//3071
f 2363//3072 2368//3072 2360//3072
f 2368//3073 2369//3073 2360//3073
f 2369//3074 2366//3074 2360//3074
f 2370//3075 2371//3075 2346//3075
f 2359//3076 2370//3076 2346//3076
f 2371//3077 2372//3077 2346//3077
f 2372//3078 2373//3078 2346//3078
f 2373//3079 2374//3079 2346//3079
f 2374//3080 2375//3080 2346//3080
f 2375//3081 2343//3081 2346//3081
f 2376//3026 2377//3026 2343//3026
f 2377//1 2344//1 2343//1
f 2375//3082 2376//3082 2343//3082
f 2112//3083 2358//3083 2113//3083
f 2333//3084 2123//3084 2122//3084
f 2356//3085 2123//3085 2333//3085
f 2378//3086 2379//3086 2363//3086
f 2379//3087 2368//3087 2363//3087
f 2362//3088 2378//3088 2363//3088
f 2361//1 2380//1 2362//1
f 2380//1 2381//1 2362//1
f 2381//1 2382//1 2362//1
f 2382//3089 2383//3089 2362//3089
f 2383//3090 2378//3090 2362//3090
f 2384//3091 2347//3091 2337//3091
f 2344//3091 2384//3091 2337//3091
f 2385//3091 2348//3091 2347//3091
f 2384//3091 2385//3091 2347//3091
f 2385//1 2386//1 2348//1
f 2386//1 2349//1 2348//1
f 2383//3092 2387//3092 2378//3092
f 2387//3093 2388//3093 2378//3093
f 2388//3094 2379//3094 2378//3094
f 2374//3095 2389//3095 2375//3095
f 2389//3096 2390//3096 2375//3096
f 2390//3097 2391//3097 2375//3097
f 2391//3098 2376//3098 2375//3098
f 2111//3099 2358//3099 2112//3099
f 2356//3100 2124//3100 2123//3100
f 2390//3101 2392//3101 2391//3101
f 2392//3102 2393//3102 2391//3102
f 2393//3103 2394//3103 2391//3103
f 2394//3104 2376//3104 2391//3104
f 2395//1 2396//1 2376//1
f 2396//1 2397//1 2376//1
f 2397//3105 2377//3105 2376//3105
f 2394//3106 2395//3106 2376//3106
f 2398//1 2365//1 2350//1
f 2399//3107 2398//3107 2350//3107
f 2351//3108 2399//3108 2350//3108
f 2386//3109 2357//3109 2349//3109
f 2400//3110 2353//3110 2352//3110
f 2358//1 2400//1 2352//1
f 2401//3110 2351//3110 2353//3110
f 2400//3110 2401//3110 2353//3110
f 2401//3110 2399//3110 2351//3110
f 2354//3111 2402//3111 2355//3111
f 2402//3111 2403//3111 2355//3111
f 2403//3112 2404//3112 2355//3112
f 2404//1 2356//1 2355//1
f 2357//3111 2405//3111 2354//3111
f 2405//3111 2402//3111 2354//3111
f 2386//3113 2405//3113 2357//3113
f 2406//3114 2407//3114 2383//3114
f 2408//3115 2406//3115 2383//3115
f 2407//3116 2387//3116 2383//3116
f 2382//3117 2408//3117 2383//3117
f 2381//1 2409//1 2382//1
f 2409//3118 2410//3118 2382//3118
f 2410//3119 2411//3119 2382//3119
f 2411//3120 2408//3120 2382//3120
f 2411//3121 2412//3121 2408//3121
f 2412//3122 2413//3122 2408//3122
f 2413//3123 2406//3123 2408//3123
f 2393//3124 2414//3124 2394//3124
f 2414//3125 2415//3125 2394//3125
f 2415//3126 2395//3126 2394//3126
f 2416//3127 2358//3127 2111//3127
f 2110//3128 2416//3128 2111//3128
f 2416//3127 2417//3127 2358//3127
f 2417//1 2400//1 2358//1
f 2356//3129 2121//3129 2124//3129
f 2414//3130 2418//3130 2415//3130
f 2418//3131 2419//3131 2415//3131
f 2410//3132 2395//3132 2415//3132
f 2419//3133 2410//3133 2415//3133
f 2410//2949 2420//2949 2395//2949
f 2420//1 2396//1 2395//1
f 2364//3134 2380//3134 2361//3134
f 2421//3134 2380//3134 2364//3134
f 2365//3134 2421//3134 2364//3134
f 2398//1 2422//1 2365//1
f 2422//3134 2421//3134 2365//3134
f 2419//3135 2423//3135 2411//3135
f 2423//3136 2412//3136 2411//3136
f 2410//3137 2419//3137 2411//3137
f 2409//3138 2420//3138 2410//3138
f 2418//3139 2423//3139 2419//3139
f 2356//3140 2120//3140 2121//3140
f 2109//3141 2416//3141 2110//3141
f 1987//3142 2285//3142 1997//3142
f 2286//3143 2043//3143 2044//3143
f 2424//3144 2285//3144 1987//3144
f 1991//3145 2424//3145 1987//3145
f 2286//3146 2425//3146 2043//3146
f 2425//3147 2045//3147 2043//3147
f 2426//3148 2384//3148 2344//3148
f 2377//3148 2426//3148 2344//3148
f 2427//3148 2385//3148 2384//3148
f 2426//3148 2427//3148 2384//3148
f 2427//1 2428//1 2385//1
f 2428//1 2386//1 2385//1
f 2425//3149 2429//3149 2045//3149
f 1994//3150 2424//3150 1991//3150
f 2429//3151 2430//3151 2045//3151
f 2430//3152 2046//3152 2045//3152
f 2431//3153 2201//3153 2120//3153
f 2356//3154 2431//3154 2120//3154
f 2432//3155 2431//3155 2356//3155
f 2404//3156 2432//3156 2356//3156
f 2285//3157 2424//3157 2109//3157
f 2424//3158 2416//3158 2109//3158
f 2429//3159 2425//3159 2201//3159
f 2431//2957 2429//2957 2201//2957
f 2425//3160 2286//3160 2201//3160
f 2430//3161 2433//3161 2046//3161
f 2434//3162 2424//3162 1994//3162
f 2433//3163 2435//3163 2046//3163
f 2435//3164 2041//3164 2046//3164
f 1996//3165 2434//3165 1994//3165
f 2436//1 2422//1 2398//1
f 2437//3166 2436//3166 2398//3166
f 2399//3167 2437//3167 2398//3167
f 2428//3168 2405//3168 2386//3168
f 2438//3169 2434//3169 1996//3169
f 2435//3170 2439//3170 2041//3170
f 1999//3171 2438//3171 1996//3171
f 2440//3172 2401//3172 2400//3172
f 2417//1 2440//1 2400//1
f 2441//3172 2399//3172 2401//3172
f 2440//3172 2441//3172 2401//3172
f 2441//3172 2437//3172 2399//3172
f 2402//3173 2442//3173 2403//3173
f 2442//3173 2443//3173 2403//3173
f 2443//3174 2444//3174 2403//3174
f 2444//3175 2404//3175 2403//3175
f 2405//3173 2445//3173 2402//3173
f 2445//3173 2442//3173 2402//3173
f 2428//3168 2445//3168 2405//3168
f 2421//3176 2381//3176 2380//3176
f 2446//3176 2381//3176 2421//3176
f 2422//3176 2446//3176 2421//3176
f 2436//1 2447//1 2422//1
f 2447//3176 2446//3176 2422//3176
f 2448//3177 2042//3177 2041//3177
f 2439//3178 2448//3178 2041//3178
f 2449//3179 2438//3179 1999//3179
f 1998//3180 2449//3180 1999//3180
f 2431//3181 2430//3181 2429//3181
f 2434//3182 2416//3182 2424//3182
f 2431//3183 2433//3183 2430//3183
f 2448//3184 2450//3184 2042//3184
f 2451//3185 2417//3185 2416//3185
f 2434//3186 2438//3186 2416//3186
f 2438//3187 2451//3187 2416//3187
f 2451//3188 2452//3188 2417//3188
f 2452//1 2440//1 2417//1
f 2450//3189 2038//3189 2042//3189
f 2000//3190 2449//3190 1998//3190
f 2432//3182 2439//3182 2431//3182
f 2439//3191 2435//3191 2431//3191
f 2435//3192 2433//3192 2431//3192
f 2453//3193 2449//3193 2000//3193
f 2450//3194 2454//3194 2038//3194
f 2009//3195 2453//3195 2000//3195
f 2454//3196 2455//3196 2038//3196
f 2456//3197 2426//3197 2377//3197
f 2397//3197 2456//3197 2377//3197
f 2457//3197 2427//3197 2426//3197
f 2456//3197 2457//3197 2426//3197
f 2457//1 2458//1 2427//1
f 2458//1 2459//1 2427//1
f 2459//1 2428//1 2427//1
f 2460//3198 2039//3198 2038//3198
f 2455//3199 2460//3199 2038//3199
f 2432//3200 2448//3200 2439//3200
f 2461//3201 2453//3201 2009//3201
f 2006//3202 2461//3202 2009//3202
f 2449//3203 2451//3203 2438//3203
f 2432//3204 2450//3204 2448//3204
f 2005//3205 2461//3205 2006//3205
f 2462//3206 2040//3206 2039//3206
f 2460//3207 2462//3207 2039//3207
f 2463//3208 2035//3208 2040//3208
f 2462//3209 2463//3209 2040//3209
f 2464//3210 2461//3210 2005//3210
f 2008//3211 2464//3211 2005//3211
f 2432//3212 2454//3212 2450//3212
f 2453//3213 2451//3213 2449//3213
f 2446//3214 2409//3214 2381//3214
f 2465//3214 2409//3214 2446//3214
f 2447//3214 2465//3214 2446//3214
f 2436//1 2466//1 2447//1
f 2466//1 2467//1 2447//1
f 2467//3214 2465//3214 2447//3214
f 2463//3215 2468//3215 2035//3215
f 2007//3216 2464//3216 2008//3216
f 2432//3217 2455//3217 2454//3217
f 2468//3218 2469//3218 2035//3218
f 2469//3219 2359//3219 2035//3219
f 2470//3220 2452//3220 2451//3220
f 2453//3221 2470//3221 2451//3221
f 2404//3222 2471//3222 2432//3222
f 2471//3182 2460//3182 2432//3182
f 2460//3223 2455//3223 2432//3223
f 2444//3224 2472//3224 2404//3224
f 2472//3225 2471//3225 2404//3225
f 2469//3226 2370//3226 2359//3226
f 2473//3227 2464//3227 2007//3227
f 2367//3228 2473//3228 2007//3228
f 2474//3229 2466//3229 2436//3229
f 2437//3230 2474//3230 2436//3230
f 2459//3231 2445//3231 2428//3231
f 2461//3221 2470//3221 2453//3221
f 2366//3232 2473//3232 2367//3232
f 2475//3233 2371//3233 2370//3233
f 2469//3234 2475//3234 2370//3234
f 2471//3235 2462//3235 2460//3235
f 2476//3236 2441//3236 2440//3236
f 2452//1 2476//1 2440//1
f 2477//3236 2437//3236 2441//3236
f 2476//3236 2477//3236 2441//3236
f 2477//3236 2474//3236 2437//3236
f 2442//3237 2478//3237 2443//3237
f 2478//3237 2479//3237 2443//3237
f 2479//1 2480//1 2443//1
f 2480//3238 2444//3238 2443//3238
f 2445//3237 2481//3237 2442//3237
f 2481//3237 2478//3237 2442//3237
f 2459//3239 2481//3239 2445//3239
f 2482//3240 2456//3240 2397//3240
f 2396//3240 2482//3240 2397//3240
f 2483//3240 2457//3240 2456//3240
f 2482//3240 2483//3240 2456//3240
f 2483//1 2484//1 2457//1
f 2484//1 2458//1 2457//1
f 2485//3241 2372//3241 2371//3241
f 2475//3242 2485//3242 2371//3242
f 2486//3243 2473//3243 2366//3243
f 2369//3244 2486//3244 2366//3244
f 2471//3245 2463//3245 2462//3245
f 2487//3246 2373//3246 2372//3246
f 2485//3247 2487//3247 2372//3247
f 2368//3248 2486//3248 2369//3248
f 2464//3249 2470//3249 2461//3249
f 2488//3250 2486//3250 2368//3250
f 2379//3251 2488//3251 2368//3251
f 2489//3252 2374//3252 2373//3252
f 2487//3253 2489//3253 2373//3253
f 2471//3254 2468//3254 2463//3254
f 2490//3255 2389//3255 2374//3255
f 2489//3256 2490//3256 2374//3256
f 2388//3257 2488//3257 2379//3257
f 2491//3258 2420//3258 2409//3258
f 2465//3259 2491//3259 2409//3259
f 2492//3260 2493//3260 2465//3260
f 2493//3261 2494//3261 2465//3261
f 2494//3262 2491//3262 2465//3262
f 2467//3259 2492//3259 2465//3259
f 2466//1 2495//1 2467//1
f 2495//1 2496//1 2467//1
f 2496//3261 2497//3261 2467//3261
f 2497//3263 2492//3263 2467//3263
f 2471//3264 2472//3264 2468//3264
f 2472//3265 2469//3265 2468//3265
f 2498//3266 2470//3266 2464//3266
f 2473//3267 2498//3267 2464//3267
f 2490//3268 2499//3268 2389//3268
f 2500//3269 2488//3269 2388//3269
f 2498//3270 2452//3270 2470//3270
f 2498//3271 2501//3271 2452//3271
f 2501//1 2476//1 2452//1
f 2502//3272 2390//3272 2389//3272
f 2499//3273 2502//3273 2389//3273
f 2503//3274 2500//3274 2388//3274
f 2387//3275 2503//3275 2388//3275
f 2472//3276 2475//3276 2469//3276
f 2504//3277 2505//3277 2396//3277
f 2420//3278 2504//3278 2396//3278
f 2506//3279 2482//3279 2396//3279
f 2505//3280 2506//3280 2396//3280
f 2507//3281 2508//3281 2482//3281
f 2493//3282 2509//3282 2482//3282
f 2509//3283 2507//3283 2482//3283
f 2506//3284 2510//3284 2482//3284
f 2510//3285 2493//3285 2482//3285
f 2511//3279 2483//3279 2482//3279
f 2508//3279 2511//3279 2482//3279
f 2496//1 2512//1 2483//1
f 2512//1 2484//1 2483//1
f 2511//3286 2513//3286 2483//3286
f 2513//3287 2496//3287 2483//3287
f 2514//3288 2503//3288 2387//3288
f 2407//3289 2514//3289 2387//3289
f 2515//3290 2392//3290 2390//3290
f 2502//3291 2515//3291 2390//3291
f 2472//3292 2485//3292 2475//3292
f 2516//3293 2393//3293 2392//3293
f 2517//3294 2516//3294 2392//3294
f 2515//3295 2517//3295 2392//3295
f 2518//3296 2514//3296 2407//3296
f 2406//3297 2518//3297 2407//3297
f 2505//3298 2519//3298 2506//3298
f 2520//3299 2521//3299 2511//3299
f 2508//3300 2520//3300 2511//3300
f 2522//3301 2420//3301 2491//3301
f 2523//3302 2522//3302 2491//3302
f 2524//3303 2523//3303 2491//3303
f 2494//3304 2524//3304 2491//3304
f 2525//3301 2493//3301 2492//3301
f 2526//3302 2525//3302 2492//3302
f 2497//3305 2526//3305 2492//3305
f 2527//3306 2510//3306 2506//3306
f 2519//3307 2527//3307 2506//3307
f 2528//3308 2520//3308 2508//3308
f 2507//3309 2528//3309 2508//3309
f 2529//3310 2526//3310 2497//3310
f 2522//3311 2504//3311 2420//3311
f 2525//3312 2509//3312 2493//3312
f 2510//3313 2530//3313 2493//3313
f 2530//3312 2494//3312 2493//3312
f 2495//1 2512//1 2496//1
f 2513//3311 2497//3311 2496//3311
f 2523//3314 2531//3314 2522//3314
f 2526//3315 2532//3315 2525//3315
f 2533//3316 2519//3316 2505//3316
f 2504//3317 2533//3317 2505//3317
f 2521//3318 2513//3318 2511//3318
f 2534//3319 2504//3319 2522//3319
f 2531//3320 2534//3320 2522//3320
f 2530//3321 2524//3321 2494//3321
f 2532//3322 2509//3322 2525//3322
f 2535//3323 2529//3323 2497//3323
f 2513//3324 2535//3324 2497//3324
f 2521//3325 2536//3325 2513//3325
f 2537//3326 2524//3326 2530//3326
f 2527//3327 2537//3327 2530//3327
f 2510//3328 2527//3328 2530//3328
f 2532//3329 2507//3329 2509//3329
f 2536//3330 2535//3330 2513//3330
f 2534//3331 2533//3331 2504//3331
f 2538//3332 2528//3332 2507//3332
f 2532//3333 2538//3333 2507//3333
f 2486//3334 2498//3334 2473//3334
f 2472//3335 2487//3335 2485//3335
f 2516//3336 2539//3336 2393//3336
f 2540//3337 2518//3337 2406//3337
f 2539//3338 2414//3338 2393//3338
f 2541//3339 2540//3339 2406//3339
f 2413//3340 2541//3340 2406//3340
f 2539//3341 2542//3341 2414//3341
f 2543//3342 2541//3342 2413//3342
f 2544//3343 2489//3343 2487//3343
f 2472//3344 2544//3344 2487//3344
f 2545//3345 2498//3345 2486//3345
f 2542//3346 2546//3346 2414//3346
f 2547//3347 2543//3347 2413//3347
f 2412//3348 2547//3348 2413//3348
f 2548//3349 2418//3349 2414//3349
f 2546//3350 2548//3350 2414//3350
f 2549//3351 2547//3351 2412//3351
f 2548//3352 2550//3352 2418//3352
f 2551//3353 2549//3353 2412//3353
f 2423//3354 2551//3354 2412//3354
f 2552//3355 2423//3355 2418//3355
f 2550//3356 2552//3356 2418//3356
f 2488//3264 2545//3264 2486//3264
f 2552//3357 2553//3357 2423//3357
f 2553//3358 2551//3358 2423//3358
f 2554//3359 2495//3359 2466//3359
f 2474//3360 2554//3360 2466//3360
f 2458//3361 2481//3361 2459//3361
f 2544//3362 2490//3362 2489//3362
f 2544//3363 2499//3363 2490//3363
f 2500//3364 2545//3364 2488//3364
f 2545//3365 2501//3365 2498//3365
f 2444//3366 2544//3366 2472//3366
f 2480//3367 2555//3367 2444//3367
f 2555//3368 2544//3368 2444//3368
f 2544//3369 2502//3369 2499//3369
f 2556//3370 2477//3370 2476//3370
f 2501//1 2556//1 2476//1
f 2557//3370 2474//3370 2477//3370
f 2556//3370 2557//3370 2477//3370
f 2557//3370 2554//3370 2474//3370
f 2478//3371 2558//3371 2479//3371
f 2558//3371 2559//3371 2479//3371
f 2559//3372 2560//3372 2479//3372
f 2560//2446 2480//2446 2479//2446
f 2481//3371 2561//3371 2478//3371
f 2561//3371 2558//3371 2478//3371
f 2458//3373 2561//3373 2481//3373
f 2555//3374 2515//3374 2502//3374
f 2544//3375 2555//3375 2502//3375
f 2562//3376 2545//3376 2500//3376
f 2503//3377 2562//3377 2500//3377
f 2514//3378 2562//3378 2503//3378
f 2555//3379 2517//3379 2515//3379
f 2563//3380 2516//3380 2517//3380
f 2555//3182 2563//3182 2517//3182
f 2564//3343 2562//3343 2514//3343
f 2518//3381 2564//3381 2514//3381
f 2540//3381 2564//3381 2518//3381
f 2563//2957 2539//2957 2516//2957
f 2565//3182 2542//3182 2539//3182
f 2563//3380 2565//3380 2539//3380
f 2566//3382 2564//3382 2540//3382
f 2541//3182 2566//3182 2540//3182
f 2543//3383 2566//3383 2541//3383
f 2565//3384 2546//3384 2542//3384
f 2567//3385 2548//3385 2546//3385
f 2565//3382 2567//3382 2546//3382
f 2568//3386 2566//3386 2543//3386
f 2547//3387 2568//3387 2543//3387
f 2549//3382 2568//3382 2547//3382
f 2567//3344 2550//3344 2548//3344
f 2569//3187 2552//3187 2550//3187
f 2567//3266 2569//3266 2550//3266
f 2570//3264 2568//3264 2549//3264
f 2551//3385 2570//3385 2549//3385
f 2553//3388 2570//3388 2551//3388
f 2569//3182 2570//3182 2553//3182
f 2552//3182 2569//3182 2553//3182
f 2571//3389 2512//3389 2495//3389
f 2554//3390 2571//3390 2495//3390
f 2484//3391 2561//3391 2458//3391
f 2562//3392 2501//3392 2545//3392
f 2562//3393 2572//3393 2501//3393
f 2572//1 2556//1 2501//1
f 2573//3394 2557//3394 2556//3394
f 2572//3395 2573//3395 2556//3395
f 2574//3394 2554//3394 2557//3394
f 2573//3394 2574//3394 2557//3394
f 2574//3394 2571//3394 2554//3394
f 2558//3396 2575//3396 2559//3396
f 2575//3396 2576//3396 2559//3396
f 2576//3395 2577//3395 2559//3395
f 2577//3397 2560//3397 2559//3397
f 2561//3396 2578//3396 2558//3396
f 2578//3396 2575//3396 2558//3396
f 2484//3391 2578//3391 2561//3391
f 2578//3398 2484//3398 2512//3398
f 2571//3398 2578//3398 2512//3398
f 2564//3399 2572//3399 2562//3399
f 2480//3400 2563//3400 2555//3400
f 2560//3401 2565//3401 2480//3401
f 2565//3402 2563//3402 2480//3402
f 2579//3403 2531//3403 2523//3403
f 2580//3404 2523//3404 2524//3404
f 2581//3405 2582//3405 2526//3405
f 2582//3406 2532//3406 2526//3406
f 2529//3407 2583//3407 2526//3407
f 2584//3408 2534//3408 2531//3408
f 2527//3409 2585//3409 2537//3409
f 2586//3410 2538//3410 2532//3410
f 2536//3411 2587//3411 2535//3411
f 2534//3412 2588//3412 2533//3412
f 2538//3413 2589//3413 2528//3413
f 2590//3414 2536//3414 2521//3414
f 2591//3415 2592//3415 2533//3415
f 2592//3416 2519//3416 2533//3416
f 2519//3417 2593//3417 2527//3417
f 2594//3418 2593//3418 2519//3418
f 2595//3419 2520//3419 2528//3419
f 2520//3420 2596//3420 2521//3420
f 2576//3421 2588//3421 2573//3421
f 2588//3422 2534//3422 2573//3422
f 2534//3423 2584//3423 2573//3423
f 2584//3424 2531//3424 2573//3424
f 2531//3425 2579//3425 2573//3425
f 2579//3426 2523//3426 2573//3426
f 2523//3427 2574//3427 2573//3427
f 2572//3428 2597//3428 2573//3428
f 2597//3429 2576//3429 2573//3429
f 2580//3430 2524//3430 2574//3430
f 2523//3431 2580//3431 2574//3431
f 2524//3432 2537//3432 2574//3432
f 2575//3433 2538//3433 2574//3433
f 2585//3434 2575//3434 2574//3434
f 2537//3435 2585//3435 2574//3435
f 2538//3436 2586//3436 2574//3436
f 2586//3437 2532//3437 2574//3437
f 2532//3438 2582//3438 2574//3438
f 2582//3439 2581//3439 2574//3439
f 2581//3440 2526//3440 2574//3440
f 2526//3427 2571//3427 2574//3427
f 2526//3441 2583//3441 2571//3441
f 2583//3442 2529//3442 2571//3442
f 2529//3443 2535//3443 2571//3443
f 2535//3444 2587//3444 2571//3444
f 2587//3445 2536//3445 2571//3445
f 2536//3446 2578//3446 2571//3446
f 2592//3447 2591//3447 2576//3447
f 2591//3448 2533//3448 2576//3448
f 2533//3449 2588//3449 2576//3449
f 2575//3450 2519//3450 2576//3450
f 2519//3451 2592//3451 2576//3451
f 2597//1 2577//1 2576//1
f 2585//3452 2527//3452 2575//3452
f 2527//3453 2593//3453 2575//3453
f 2593//3454 2594//3454 2575//3454
f 2594//3455 2519//3455 2575//3455
f 2595//3456 2528//3456 2575//3456
f 2528//3457 2589//3457 2575//3457
f 2589//3458 2538//3458 2575//3458
f 2578//3450 2520//3450 2575//3450
f 2520//3459 2595//3459 2575//3459
f 2536//3460 2590//3460 2578//3460
f 2590//3461 2521//3461 2578//3461
f 2521//3462 2596//3462 2578//3462
f 2596//3463 2520//3463 2578//3463
f 2566//3464 2572//3464 2564//3464
f 2566//3465 2597//3465 2572//3465
f 2568//3466 2597//3466 2566//3466
f 2560//3467 2567//3467 2565//3467
f 2577//3468 2569//3468 2560//3468
f 2569//3469 2567//3469 2560//3469
f 2570//3470 2597//3470 2568//3470
f 2570//3471 2577//3471 2597//3471
f 2569//355 2577//355 2570//355
f 2598//468 2599//468 2600//468
f 2599//468 2601//468 2600//468
f 2601//1 2602//1 2600//1
f 2603//468 2604//468 2598//468
f 2604//3472 2605//3472 2598//3472
f 2605//3473 2606//3473 2598//3473
f 2606//3474 2607//3474 2598//3474
f 2607//3475 2608//3475 2598//3475
f 2608//468 2599//468 2598//468
f 2600//254 2603//254 2598//254
f 2609//468 2610//468 2603//468
f 2610//3476 2611//3476 2603//3476
f 2611//3477 2612//3477 2603//3477
f 2612//3478 2613//3478 2603//3478
f 2613//3479 2614//3479 2603//3479
f 2615//3480 2616//3480 2603//3480
f 2616//3481 2617//3481 2603//3481
f 2617//3482 2604//3482 2603//3482
f 2614//468 2618//468 2603//468
f 2618//468 2619//468 2603//468
f 2619//3483 2615//3483 2603//3483
f 2600//254 2609//254 2603//254
f 2620//3477 2621//3477 2609//3477
f 2621//3478 2622//3478 2609//3478
f 2622//3479 2623//3479 2609//3479
f 2624//3484 2625//3484 2609//3484
f 2625//3485 2626//3485 2609//3485
f 2626//3476 2620//3476 2609//3476
f 2623//468 2627//468 2609//468
f 2627//3486 2628//3486 2609//3486
f 2628//3487 2629//3487 2609//3487
f 2629//3481 2630//3481 2609//3481
f 2630//3488 2610//3488 2609//3488
f 2600//355 2624//355 2609//355
f 2631//3489 2632//3489 2624//3489
f 2632//3490 2633//3490 2624//3490
f 2633//468 2634//468 2624//468
f 2635//468 2636//468 2624//468
f 2636//3491 2637//3491 2624//3491
f 2637//3492 2631//3492 2624//3492
f 2638//3493 2639//3493 2624//3493
f 2639//3494 2625//3494 2624//3494
f 2634//468 2640//468 2624//468
f 2640//468 2641//468 2624//468
f 2641//3495 2638//3495 2624//3495
f 2600//468 2642//468 2624//468
f 2642//355 2635//355 2624//355
f 2643//468 2644//468 2635//468
f 2644//3496 2645//3496 2635//3496
f 2645//3497 2646//3497 2635//3497
f 2646//3478 2647//3478 2635//3478
f 2647//3479 2648//3479 2635//3479
f 2649//3498 2650//3498 2635//3498
f 2650//3482 2636//3482 2635//3482
f 2648//468 2651//468 2635//468
f 2651//3486 2652//3486 2635//3486
f 2652//3499 2649//3499 2635//3499
f 2642//468 2643//468 2635//468
f 2642//3500 2653//3500 2643//3500
f 2653//3501 2654//3501 2643//3501
f 2654//3502 2655//3502 2643//3502
f 2655//3503 2656//3503 2643//3503
f 2656//3504 2657//3504 2643//3504
f 2657//3479 2658//3479 2643//3479
f 2659//3493 2660//3493 2643//3493
f 2660//3505 2661//3505 2643//3505
f 2661//3506 2644//3506 2643//3506
f 2658//468 2662//468 2643//468
f 2662//468 2663//468 2643//468
f 2663//3495 2659//3495 2643//3495
f 2664//254 2665//254 2642//254
f 2666//3507 2667//3507 2642//3507
f 2667//3508 2668//3508 2642//3508
f 2668//3509 2653//3509 2642//3509
f 2665//468 2669//468 2642//468
f 2669//3510 2670//3510 2642//3510
f 2670//3511 2666//3511 2642//3511
f 2671//3512 2605//3512 2604//3512
f 2617//3513 2672//3513 2604//3513
f 2672//3514 2671//3514 2604//3514
f 2630//3515 2673//3515 2610//3515
f 2674//3516 2626//3516 2625//3516
f 2639//3517 2675//3517 2625//3517
f 2675//3518 2674//3518 2625//3518
f 2676//3519 2637//3519 2636//3519
f 2650//3520 2677//3520 2636//3520
f 2677//3521 2676//3521 2636//3521
f 2678//3522 2645//3522 2644//3522
f 2661//3523 2679//3523 2644//3523
f 2679//3524 2678//3524 2644//3524
f 2680//3525 2654//3525 2653//3525
f 2668//3526 2680//3526 2653//3526
f 2671//3527 2606//3527 2605//3527
f 2616//3528 2681//3528 2617//3528
f 2681//3529 2672//3529 2617//3529
f 2673//2169 2682//2169 2610//2169
f 2682//3530 2611//3530 2610//3530
f 2629//3531 2673//3531 2630//3531
f 2674//3532 2620//3532 2626//3532
f 2683//3533 2675//3533 2639//3533
f 2676//3527 2631//3527 2637//3527
f 2649//3534 2677//3534 2650//3534
f 2678//3535 2684//3535 2645//3535
f 2684//3536 2646//3536 2645//3536
f 2660//3537 2679//3537 2661//3537
f 2680//3538 2685//3538 2654//3538
f 2685//3539 2655//3539 2654//3539
f 2667//3540 2686//3540 2668//3540
f 2686//3541 2680//3541 2668//3541
f 2671//3542 2607//3542 2606//3542
f 2615//3543 2687//3543 2616//3543
f 2687//3544 2681//3544 2616//3544
f 2682//3545 2688//3545 2611//3545
f 2688//3546 2612//3546 2611//3546
f 2689//3547 2673//3547 2629//3547
f 2674//3548 2690//3548 2620//3548
f 2690//3549 2621//3549 2620//3549
f 2638//3543 2691//3543 2639//3543
f 2691//3550 2683//3550 2639//3550
f 2676//3551 2692//3551 2631//3551
f 2692//3552 2632//3552 2631//3552
f 2693//3553 2677//3553 2649//3553
f 2659//3543 2694//3543 2660//3543
f 2694//3554 2679//3554 2660//3554
f 2685//3555 2656//3555 2655//3555
f 2666//3556 2686//3556 2667//3556
f 2671//3557 2695//3557 2607//3557
f 2695//3558 2608//3558 2607//3558
f 2619//3559 2687//3559 2615//3559
f 2688//3560 2613//3560 2612//3560
f 2628//3561 2689//3561 2629//3561
f 2690//3562 2696//3562 2621//3562
f 2696//3563 2622//3563 2621//3563
f 2641//3564 2691//3564 2638//3564
f 2692//3565 2697//3565 2632//3565
f 2697//3566 2633//3566 2632//3566
f 2652//3567 2693//3567 2649//3567
f 2684//3568 2698//3568 2646//3568
f 2698//3563 2647//3563 2646//3563
f 2663//3559 2694//3559 2659//3559
f 2685//3569 2699//3569 2656//3569
f 2699//3570 2657//3570 2656//3570
f 2670//3571 2700//3571 2666//3571
f 2700//3572 2686//3572 2666//3572
f 2695//3573 2701//3573 2608//3573
f 2701//468 2599//468 2608//468
f 2618//3574 2702//3574 2619//3574
f 2702//3574 2687//3574 2619//3574
f 2688//3575 2703//3575 2613//3575
f 2703//3576 2614//3576 2613//3576
f 2627//3577 2704//3577 2628//3577
f 2704//3578 2689//3578 2628//3578
f 2696//3579 2705//3579 2622//3579
f 2705//3580 2623//3580 2622//3580
f 2640//3574 2706//3574 2641//3574
f 2706//3574 2691//3574 2641//3574
f 2697//3581 2707//3581 2633//3581
f 2707//3582 2708//3582 2633//3582
f 2708//468 2634//468 2633//468
f 2651//3583 2709//3583 2652//3583
f 2709//3584 2693//3584 2652//3584
f 2698//3579 2710//3579 2647//3579
f 2710//3580 2648//3580 2647//3580
f 2662//3585 2711//3585 2663//3585
f 2711//3586 2694//3586 2663//3586
f 2699//3587 2712//3587 2657//3587
f 2712//3588 2713//3588 2657//3588
f 2713//3576 2658//3576 2657//3576
f 2669//3589 2700//3589 2670//3589
f 2695//3590 2714//3590 2701//3590
f 2688//3591 2715//3591 2703//3591
f 2715//3592 2716//3592 2703//3592
f 2716//468 2614//468 2703//468
f 2707//3593 2717//3593 2708//3593
f 2698//3590 2718//3590 2710//3590
f 2712//3594 2719//3594 2713//3594
f 2719//3595 2658//3595 2713//3595
f 2665//3596 2720//3596 2669//3596
f 2720//3597 2721//3597 2669//3597
f 2721//3598 2700//3598 2669//3598
f 2714//3599 2722//3599 2701//3599
f 2722//468 2599//468 2701//468
f 2614//468 2723//468 2618//468
f 2723//3600 2724//3600 2618//3600
f 2724//3600 2702//3600 2618//3600
f 2623//3601 2725//3601 2627//3601
f 2725//3602 2726//3602 2627//3602
f 2726//3603 2704//3603 2627//3603
f 2696//3604 2727//3604 2705//3604
f 2727//3605 2728//3605 2705//3605
f 2728//3606 2623//3606 2705//3606
f 2634//3607 2729//3607 2640//3607
f 2729//3608 2706//3608 2640//3608
f 2717//3609 2730//3609 2708//3609
f 2730//3605 2731//3605 2708//3605
f 2731//3610 2634//3610 2708//3610
f 2648//3601 2732//3601 2651//3601
f 2732//3611 2733//3611 2651//3611
f 2733//3612 2709//3612 2651//3612
f 2718//3613 2734//3613 2710//3613
f 2734//3606 2648//3606 2710//3606
f 2658//468 2735//468 2662//468
f 2735//3614 2736//3614 2662//3614
f 2736//3612 2711//3612 2662//3612
f 2712//3615 2737//3615 2719//3615
f 2737//3616 2738//3616 2719//3616
f 2738//3617 2658//3617 2719//3617
f 2665//3618 2739//3618 2720//3618
f 2739//3619 2740//3619 2720//3619
f 2740//3620 2721//3620 2720//3620
f 2714//3621 2741//3621 2722//3621
f 2715//3622 2742//3622 2716//3622
f 2742//3623 2743//3623 2716//3623
f 2743//468 2614//468 2716//468
f 2623//3624 2743//3624 2725//3624
f 2743//3625 2726//3625 2725//3625
f 2727//3626 2744//3626 2728//3626
f 2744//3627 2745//3627 2728//3627
f 2745//3628 2623//3628 2728//3628
f 2634//3629 2746//3629 2729//3629
f 2746//3630 2747//3630 2729//3630
f 2747//3631 2706//3631 2729//3631
f 2730//3632 2748//3632 2731//3632
f 2748//3633 2749//3633 2731//3633
f 2749//3634 2634//3634 2731//3634
f 2648//3635 2750//3635 2732//3635
f 2750//3636 2751//3636 2732//3636
f 2751//3637 2733//3637 2732//3637
f 2718//3638 2752//3638 2734//3638
f 2752//3633 2753//3633 2734//3633
f 2753//3628 2648//3628 2734//3628
f 2754//3639 2736//3639 2735//3639
f 2737//3640 2755//3640 2738//3640
f 2756//3641 2740//3641 2739//3641
f 2741//3642 2757//3642 2722//3642
f 2614//468 2722//468 2723//468
f 2722//3643 2758//3643 2723//3643
f 2758//3644 2724//3644 2723//3644
f 2742//3645 2759//3645 2743//3645
f 2760//3646 2726//3646 2743//3646
f 2744//3647 2761//3647 2745//3647
f 2761//3648 2623//3648 2745//3648
f 2634//3649 2761//3649 2746//3649
f 2761//3650 2762//3650 2746//3650
f 2762//3651 2747//3651 2746//3651
f 2748//3652 2763//3652 2749//3652
f 2763//3653 2764//3653 2749//3653
f 2764//3654 2634//3654 2749//3654
f 2648//3655 2764//3655 2750//3655
f 2764//3656 2765//3656 2750//3656
f 2765//3651 2751//3651 2750//3651
f 2752//3652 2766//3652 2753//3652
f 2766//3657 2735//3657 2753//3657
f 2735//468 2648//468 2753//468
f 2767//3651 2754//3651 2735//3651
f 2755//3642 2768//3642 2738//3642
f 2665//468 2738//468 2739//468
f 2738//3658 2769//3658 2739//3658
f 2769//3659 2756//3659 2739//3659
f 2757//3660 2758//3660 2722//3660
f 2614//468 2599//468 2722//468
f 2759//3661 2760//3661 2743//3661
f 2623//468 2614//468 2743//468
f 2744//3662 2762//3662 2761//3662
f 2634//3663 2623//3663 2761//3663
f 2763//3664 2765//3664 2764//3664
f 2648//3665 2634//3665 2764//3665
f 2766//3666 2767//3666 2735//3666
f 2658//468 2648//468 2735//468
f 2768//3667 2769//3667 2738//3667
f 2665//468 2658//468 2738//468
f 2599//468 2770//468 2601//468
f 2770//3668 2771//3668 2601//3668
f 2772//1 2602//1 2601//1
f 2771//1 2772//1 2601//1
f 2614//468 2773//468 2599//468
f 2773//468 2770//468 2599//468
f 2623//468 2774//468 2614//468
f 2774//468 2773//468 2614//468
f 2634//468 2775//468 2623//468
f 2775//468 2774//468 2623//468
f 2648//468 2776//468 2634//468
f 2776//468 2775//468 2634//468
f 2658//468 2777//468 2648//468
f 2777//468 2776//468 2648//468
f 2665//3669 2778//3669 2658//3669
f 2778//3670 2777//3670 2658//3670
f 2664//254 2779//254 2665//254
f 2779//254 2778//254 2665//254
f 2773//3671 2771//3671 2770//3671
f 2774//3671 2771//3671 2773//3671
f 2775//3671 2771//3671 2774//3671
f 2778//3671 2771//3671 2775//3671
f 2776//3671 2778//3671 2775//3671
f 2777//3671 2778//3671 2776//3671
f 2602//1 2780//1 2600//1
f 2780//2971 2781//2971 2600//2971
f 2781//3672 2642//3672 2600//3672
f 2781//3673 2782//3673 2642//3673
f 2782//3674 2783//3674 2642//3674
f 2783//254 2664//254 2642//254
f 2779//2169 2772//2169 2771//2169
f 2778//2169 2779//2169 2771//2169
f 2780//3675 2782//3675 2781//3675
f 2779//3676 2664//3676 2772//3676
f 2664//3677 2602//3677 2772//3677
f 2780//3678 2783//3678 2782//3678
f 2784//254 2664//254 2783//254
f 2784//3679 2602//3679 2664//3679
f 2602//1 2785//1 2780//1
f 2786//254 2784//254 2783//254
f 2787//254 2786//254 2783//254
f 2788//2971 2785//2971 2602//2971
f 2785//1 2789//1 2780//1
f 2787//3680 2783//3680 2780//3680
f 2789//3681 2787//3681 2780//3681
f 2784//3682 2788//3682 2602//3682
f 2790//254 2786//254 2787//254
f 2791//2393 2792//2393 2793//2393
f 2671//355 2794//355 2793//355
f 2792//355 2671//355 2793//355
f 2794//2388 2795//2388 2793//2388
f 2795//2388 2791//2388 2793//2388
f 2796//2393 2797//2393 2798//2393
f 2673//355 2799//355 2798//355
f 2682//355 2673//355 2798//355
f 2797//355 2682//355 2798//355
f 2799//2388 2800//2388 2798//2388
f 2800//2388 2796//2388 2798//2388
f 2801//2393 2802//2393 2803//2393
f 2674//355 2804//355 2803//355
f 2802//355 2674//355 2803//355
f 2804//2388 2805//2388 2803//2388
f 2805//2388 2801//2388 2803//2388
f 2806//3683 2676//3683 2807//3683
f 2676//355 2808//355 2807//355
f 2808//2388 2809//2388 2807//2388
f 2809//2388 2806//2388 2807//2388
f 2810//3684 2811//3684 2678//3684
f 2811//355 2684//355 2678//355
f 2812//3685 2813//3685 2678//3685
f 2813//3686 2810//3686 2678//3686
f 2814//2393 2815//2393 2816//2393
f 2680//355 2817//355 2816//355
f 2685//355 2680//355 2816//355
f 2815//355 2685//355 2816//355
f 2817//2388 2818//2388 2816//2388
f 2818//2388 2814//2388 2816//2388
f 2791//2393 2819//2393 2792//2393
f 2819//3687 2820//3687 2792//3687
f 2820//355 2671//355 2792//355
f 2672//355 2681//355 2794//355
f 2671//355 2672//355 2794//355
f 2681//3688 2821//3688 2794//3688
f 2821//3688 2795//3688 2794//3688
f 2796//2393 2822//2393 2797//2393
f 2822//3687 2823//3687 2797//3687
f 2688//355 2682//355 2797//355
f 2823//355 2688//355 2797//355
f 2673//355 2824//355 2799//355
f 2824//3688 2825//3688 2799//3688
f 2825//3688 2800//3688 2799//3688
f 2801//2393 2826//2393 2802//2393
f 2826//3687 2690//3687 2802//3687
f 2690//355 2674//355 2802//355
f 2675//355 2683//355 2804//355
f 2674//355 2675//355 2804//355
f 2683//3688 2827//3688 2804//3688
f 2827//3688 2805//3688 2804//3688
f 2806//3689 2828//3689 2676//3689
f 2828//3690 2692//3690 2676//3690
f 2676//355 2677//355 2808//355
f 2677//3691 2829//3691 2808//3691
f 2829//3692 2809//3692 2808//3692
f 2810//2393 2830//2393 2811//2393
f 2830//3693 2684//3693 2811//3693
f 2678//355 2679//355 2812//355
f 2679//3694 2831//3694 2812//3694
f 2831//3695 2813//3695 2812//3695
f 2814//2393 2832//2393 2815//2393
f 2832//3696 2685//3696 2815//3696
f 2680//355 2833//355 2817//355
f 2833//3688 2834//3688 2817//3688
f 2834//3688 2818//3688 2817//3688
f 2819//3687 2835//3687 2820//3687
f 2835//3697 2836//3697 2820//3697
f 2695//355 2671//355 2820//355
f 2836//355 2695//355 2820//355
f 2837//3698 2838//3698 2681//3698
f 2838//3698 2821//3698 2681//3698
f 2822//3687 2839//3687 2823//3687
f 2839//3697 2840//3697 2823//3697
f 2840//355 2688//355 2823//355
f 2673//355 2841//355 2824//355
f 2841//3699 2842//3699 2824//3699
f 2842//3698 2825//3698 2824//3698
f 2826//3687 2843//3687 2690//3687
f 2843//3700 2844//3700 2690//3700
f 2844//355 2696//355 2690//355
f 2845//3699 2846//3699 2683//3699
f 2846//3698 2827//3698 2683//3698
f 2828//3687 2847//3687 2692//3687
f 2847//3697 2697//3697 2692//3697
f 2848//3701 2849//3701 2677//3701
f 2849//3702 2829//3702 2677//3702
f 2830//3703 2850//3703 2684//3703
f 2850//3704 2851//3704 2684//3704
f 2851//355 2698//355 2684//355
f 2852//3705 2853//3705 2679//3705
f 2853//3706 2831//3706 2679//3706
f 2832//3703 2854//3703 2685//3703
f 2854//3704 2699//3704 2685//3704
f 2680//355 2686//355 2833//355
f 2686//3707 2855//3707 2833//3707
f 2855//3708 2834//3708 2833//3708
f 2687//355 2837//355 2681//355
f 2689//355 2841//355 2673//355
f 2691//355 2845//355 2683//355
f 2693//355 2848//355 2677//355
f 2694//355 2852//355 2679//355
f 2835//3700 2856//3700 2836//3700
f 2856//3709 2857//3709 2836//3709
f 2857//355 2695//355 2836//355
f 2687//355 2858//355 2837//355
f 2858//3710 2859//3710 2837//3710
f 2859//3710 2838//3710 2837//3710
f 2839//3697 2860//3697 2840//3697
f 2860//3711 2861//3711 2840//3711
f 2861//355 2688//355 2840//355
f 2689//355 2862//355 2841//355
f 2862//3710 2863//3710 2841//3710
f 2863//3710 2842//3710 2841//3710
f 2843//3697 2864//3697 2844//3697
f 2864//3709 2865//3709 2844//3709
f 2865//355 2696//355 2844//355
f 2691//355 2866//355 2845//355
f 2866//3712 2867//3712 2845//3712
f 2867//3710 2846//3710 2845//3710
f 2847//3700 2868//3700 2697//3700
f 2868//3709 2707//3709 2697//3709
f 2693//3713 2869//3713 2848//3713
f 2869//3710 2849//3710 2848//3710
f 2850//3697 2870//3697 2851//3697
f 2870//3711 2871//3711 2851//3711
f 2871//355 2698//355 2851//355
f 2694//355 2872//355 2852//355
f 2872//3714 2873//3714 2852//3714
f 2873//3714 2853//3714 2852//3714
f 2854//3697 2874//3697 2699//3697
f 2874//3709 2875//3709 2699//3709
f 2875//355 2712//355 2699//355
f 2876//3715 2877//3715 2686//3715
f 2877//3716 2855//3716 2686//3716
f 2700//355 2876//355 2686//355
f 2856//3709 2878//3709 2857//3709
f 2878//254 2879//254 2857//254
f 2714//355 2695//355 2857//355
f 2879//355 2714//355 2857//355
f 2687//355 2880//355 2858//355
f 2880//1 2881//1 2858//1
f 2881//1 2859//1 2858//1
f 2860//3709 2882//3709 2861//3709
f 2882//254 2883//254 2861//254
f 2715//355 2688//355 2861//355
f 2883//355 2715//355 2861//355
f 2689//355 2884//355 2862//355
f 2884//1 2885//1 2862//1
f 2885//1 2863//1 2862//1
f 2864//3709 2886//3709 2865//3709
f 2886//254 2887//254 2865//254
f 2887//355 2696//355 2865//355
f 2691//355 2888//355 2866//355
f 2888//1 2889//1 2866//1
f 2889//1 2867//1 2866//1
f 2868//3711 2890//3711 2707//3711
f 2890//254 2717//254 2707//254
f 2891//3717 2892//3717 2693//3717
f 2892//3718 2869//3718 2693//3718
f 2870//3719 2893//3719 2871//3719
f 2893//254 2894//254 2871//254
f 2718//355 2698//355 2871//355
f 2894//355 2718//355 2871//355
f 2694//355 2895//355 2872//355
f 2895//1 2896//1 2872//1
f 2896//1 2873//1 2872//1
f 2874//3711 2897//3711 2875//3711
f 2897//3720 2712//3720 2875//3720
f 2700//3721 2898//3721 2876//3721
f 2898//1 2877//1 2876//1
f 2702//355 2880//355 2687//355
f 2704//355 2884//355 2689//355
f 2706//355 2888//355 2691//355
f 2709//355 2891//355 2693//355
f 2711//355 2895//355 2694//355
f 2899//355 2880//355 2702//355
f 2900//355 2884//355 2704//355
f 2887//355 2727//355 2696//355
f 2901//355 2888//355 2706//355
f 2902//355 2891//355 2709//355
f 2903//355 2895//355 2711//355
f 2878//254 2904//254 2879//254
f 2904//3722 2905//3722 2879//3722
f 2905//355 2714//355 2879//355
f 2899//3723 2906//3723 2880//3723
f 2906//3723 2881//3723 2880//3723
f 2882//254 2907//254 2883//254
f 2907//3722 2908//3722 2883//3722
f 2908//355 2715//355 2883//355
f 2900//3723 2909//3723 2884//3723
f 2909//3723 2885//3723 2884//3723
f 2886//254 2910//254 2887//254
f 2910//3722 2727//3722 2887//3722
f 2901//3723 2911//3723 2888//3723
f 2911//3724 2889//3724 2888//3724
f 2890//254 2912//254 2717//254
f 2912//3725 2730//3725 2717//3725
f 2902//3723 2913//3723 2891//3723
f 2913//3723 2892//3723 2891//3723
f 2893//254 2914//254 2894//254
f 2914//2096 2915//2096 2894//2096
f 2915//355 2718//355 2894//355
f 2903//3726 2916//3726 2895//3726
f 2916//3726 2896//3726 2895//3726
f 2897//3727 2917//3727 2712//3727
f 2917//3728 2737//3728 2712//3728
f 2721//3729 2918//3729 2700//3729
f 2918//3730 2898//3730 2700//3730
f 2905//355 2741//355 2714//355
f 2724//355 2919//355 2702//355
f 2919//355 2899//355 2702//355
f 2908//355 2742//355 2715//355
f 2726//355 2920//355 2704//355
f 2920//355 2900//355 2704//355
f 2921//355 2901//355 2706//355
f 2733//355 2902//355 2709//355
f 2915//355 2752//355 2718//355
f 2736//355 2903//355 2711//355
f 2904//3722 2922//3722 2905//3722
f 2922//3731 2741//3731 2905//3731
f 2919//3732 2923//3732 2899//3732
f 2923//3732 2906//3732 2899//3732
f 2907//3725 2924//3725 2908//3725
f 2924//3733 2742//3733 2908//3733
f 2920//3732 2925//3732 2900//3732
f 2925//3734 2909//3734 2900//3734
f 2910//3722 2926//3722 2727//3722
f 2926//3733 2927//3733 2727//3733
f 2927//355 2744//355 2727//355
f 2921//3732 2928//3732 2901//3732
f 2928//3734 2911//3734 2901//3734
f 2912//3722 2929//3722 2730//3722
f 2929//3731 2748//3731 2730//3731
f 2733//3735 2930//3735 2902//3735
f 2930//3736 2913//3736 2902//3736
f 2914//3725 2931//3725 2915//3725
f 2931//3733 2752//3733 2915//3733
f 2736//3734 2932//3734 2903//3734
f 2932//3732 2916//3732 2903//3732
f 2917//3722 2933//3722 2737//3722
f 2933//3733 2755//3733 2737//3733
f 2740//3735 2934//3735 2721//3735
f 2934//3735 2918//3735 2721//3735
f 2935//355 2919//355 2724//355
f 2936//355 2920//355 2726//355
f 2747//355 2937//355 2706//355
f 2937//355 2921//355 2706//355
f 2751//355 2938//355 2733//355
f 2754//355 2939//355 2736//355
f 2756//355 2940//355 2740//355
f 2741//355 2941//355 2757//355
f 2941//355 2758//355 2757//355
f 2758//355 2935//355 2724//355
f 2742//355 2942//355 2759//355
f 2942//355 2760//355 2759//355
f 2760//355 2936//355 2726//355
f 2927//355 2943//355 2744//355
f 2943//355 2762//355 2744//355
f 2762//355 2937//355 2747//355
f 2765//355 2938//355 2751//355
f 2767//355 2939//355 2754//355
f 2755//355 2944//355 2768//355
f 2944//355 2769//355 2768//355
f 2769//355 2940//355 2756//355
f 2922//3733 2945//3733 2741//3733
f 2945//3737 2941//3737 2741//3737
f 2935//3738 2946//3738 2919//3738
f 2946//3738 2923//3738 2919//3738
f 2924//3733 2947//3733 2742//3733
f 2947//3737 2942//3737 2742//3737
f 2936//3738 2948//3738 2920//3738
f 2948//3738 2925//3738 2920//3738
f 2926//3731 2949//3731 2927//3731
f 2949//3737 2943//3737 2927//3737
f 2937//3738 2950//3738 2921//3738
f 2950//3738 2928//3738 2921//3738
f 2929//3733 2951//3733 2748//3733
f 2951//3737 2763//3737 2748//3737
f 2938//3739 2952//3739 2733//3739
f 2952//3738 2930//3738 2733//3738
f 2931//3733 2953//3733 2752//3733
f 2953//3737 2766//3737 2752//3737
f 2939//3738 2954//3738 2736//3738
f 2954//3739 2932//3739 2736//3739
f 2933//3731 2955//3731 2755//3731
f 2955//3737 2944//3737 2755//3737
f 2940//3738 2956//3738 2740//3738
f 2956//3738 2934//3738 2740//3738
f 2945//3737 2957//3737 2941//3737
f 2957//2322 2758//2322 2941//2322
f 2758//2323 2958//2323 2935//2323
f 2958//2323 2946//2323 2935//2323
f 2947//3737 2959//3737 2942//3737
f 2959//2322 2760//2322 2942//2322
f 2760//2323 2960//2323 2936//2323
f 2960//2323 2948//2323 2936//2323
f 2949//3737 2961//3737 2943//3737
f 2961//2322 2762//2322 2943//2322
f 2762//2323 2962//2323 2937//2323
f 2962//2323 2950//2323 2937//2323
f 2951//3737 2963//3737 2763//3737
f 2963//2322 2765//2322 2763//2322
f 2765//2323 2964//2323 2938//2323
f 2964//2323 2952//2323 2938//2323
f 2953//3737 2965//3737 2766//3737
f 2965//2322 2767//2322 2766//2322
f 2767//2323 2966//2323 2939//2323
f 2966//2323 2954//2323 2939//2323
f 2955//3740 2967//3740 2944//3740
f 2967//2322 2769//2322 2944//2322
f 2769//2323 2968//2323 2940//2323
f 2968//2323 2956//2323 2940//2323
f 2957//2322 2958//2322 2758//2322
f 2959//2322 2960//2322 2760//2322
f 2961//2322 2962//2322 2762//2322
f 2963//2322 2964//2322 2765//2322
f 2965//2322 2966//2322 2767//2322
f 2967//2322 2968//2322 2769//2322
f 2969//1 2785//1 2788//1
f 2784//3741 2969//3741 2788//3741
f 2785//1 2970//1 2789//1
f 2784//3742 2786//3742 2969//3742
f 2970//3743 2787//3743 2789//3743
f 2970//3744 2790//3744 2787//3744
f 2971//254 2972//254 2970//254
f 2972//468 2973//468 2970//468
f 2973//254 2974//254 2970//254
f 2974//355 2790//355 2970//355
f 2974//254 2975//254 2790//254
f 2975//468 2976//468 2790//468
f 2786//3745 2977//3745 2969//3745
f 2977//3746 2978//3746 2969//3746
f 2978//3747 2979//3747 2969//3747
f 2979//3748 2980//3748 2969//3748
f 2981//254 2982//254 2786//254
f 2982//468 2977//468 2786//468
f 2785//355 2980//355 2970//355
f 2980//355 2971//355 2970//355
f 2856//355 2835//355 2971//355
f 2980//355 2904//355 2971//355
f 2904//355 2878//355 2971//355
f 2878//355 2856//355 2971//355
f 2835//355 2819//355 2971//355
f 2819//355 2791//355 2971//355
f 2791//355 2972//355 2971//355
f 2791//355 2795//355 2972//355
f 2795//355 2821//355 2972//355
f 2821//355 2838//355 2972//355
f 2838//355 2859//355 2972//355
f 2859//355 2979//355 2972//355
f 2979//355 2907//355 2972//355
f 2907//355 2882//355 2972//355
f 2882//355 2860//355 2972//355
f 2860//355 2839//355 2972//355
f 2839//355 2822//355 2972//355
f 2822//355 2796//355 2972//355
f 2796//355 2973//355 2972//355
f 2825//355 2842//355 2973//355
f 2796//355 2800//355 2973//355
f 2800//355 2825//355 2973//355
f 2978//355 2910//355 2973//355
f 2863//355 2978//355 2973//355
f 2842//355 2863//355 2973//355
f 2910//355 2886//355 2973//355
f 2886//355 2864//355 2973//355
f 2864//355 2843//355 2973//355
f 2843//355 2826//355 2973//355
f 2826//355 2801//355 2973//355
f 2801//355 2974//355 2973//355
f 2827//355 2846//355 2974//355
f 2801//355 2805//355 2974//355
f 2805//355 2827//355 2974//355
f 2977//355 2912//355 2974//355
f 2867//355 2977//355 2974//355
f 2846//355 2867//355 2974//355
f 2912//355 2890//355 2974//355
f 2890//355 2868//355 2974//355
f 2868//355 2847//355 2974//355
f 2847//355 2828//355 2974//355
f 2828//355 2806//355 2974//355
f 2806//355 2975//355 2974//355
f 2806//355 2809//355 2975//355
f 2809//355 2829//355 2975//355
f 2829//355 2849//355 2975//355
f 2849//355 2869//355 2975//355
f 2869//355 2982//355 2975//355
f 2870//355 2850//355 2975//355
f 2850//355 2830//355 2975//355
f 2830//355 2810//355 2975//355
f 2810//355 2976//355 2975//355
f 2982//355 2914//355 2975//355
f 2914//355 2893//355 2975//355
f 2893//355 2870//355 2975//355
f 2831//355 2853//355 2976//355
f 2853//355 2873//355 2976//355
f 2873//355 2981//355 2976//355
f 2810//355 2813//355 2976//355
f 2813//355 2831//355 2976//355
f 2874//355 2854//355 2976//355
f 2854//355 2832//355 2976//355
f 2832//355 2814//355 2976//355
f 2814//355 2790//355 2976//355
f 2981//355 2917//355 2976//355
f 2917//355 2897//355 2976//355
f 2897//355 2874//355 2976//355
f 2834//355 2855//355 2790//355
f 2855//355 2877//355 2790//355
f 2877//355 2786//355 2790//355
f 2814//355 2818//355 2790//355
f 2818//355 2834//355 2790//355
f 2881//355 2979//355 2859//355
f 2885//355 2978//355 2863//355
f 2889//355 2977//355 2867//355
f 2892//355 2982//355 2869//355
f 2896//355 2981//355 2873//355
f 2898//355 2786//355 2877//355
f 2980//355 2922//355 2904//355
f 2906//355 2979//355 2881//355
f 2979//355 2924//355 2907//355
f 2909//355 2978//355 2885//355
f 2978//355 2926//355 2910//355
f 2911//355 2977//355 2889//355
f 2977//355 2929//355 2912//355
f 2913//355 2982//355 2892//355
f 2982//355 2931//355 2914//355
f 2916//355 2981//355 2896//355
f 2981//355 2933//355 2917//355
f 2918//355 2786//355 2898//355
f 2980//355 2945//355 2922//355
f 2923//355 2979//355 2906//355
f 2979//355 2947//355 2924//355
f 2925//355 2978//355 2909//355
f 2978//355 2949//355 2926//355
f 2928//355 2977//355 2911//355
f 2977//355 2951//355 2929//355
f 2930//355 2982//355 2913//355
f 2982//355 2953//355 2931//355
f 2932//355 2981//355 2916//355
f 2981//355 2955//355 2933//355
f 2934//355 2786//355 2918//355
f 2980//355 2957//355 2945//355
f 2946//355 2979//355 2923//355
f 2979//355 2959//355 2947//355
f 2948//355 2978//355 2925//355
f 2978//355 2961//355 2949//355
f 2950//355 2977//355 2928//355
f 2977//355 2963//355 2951//355
f 2952//355 2982//355 2930//355
f 2982//355 2965//355 2953//355
f 2954//355 2981//355 2932//355
f 2981//355 2967//355 2955//355
f 2956//355 2786//355 2934//355
f 2980//355 2958//355 2957//355
f 2958//355 2979//355 2946//355
f 2979//355 2960//355 2959//355
f 2960//355 2978//355 2948//355
f 2978//355 2962//355 2961//355
f 2962//355 2977//355 2950//355
f 2977//355 2964//355 2963//355
f 2964//355 2982//355 2952//355
f 2982//355 2966//355 2965//355
f 2966//355 2981//355 2954//355
f 2981//355 2968//355 2967//355
f 2968//355 2786//355 2956//355
f 2980//355 2979//355 2958//355
f 2979//355 2978//355 2960//355
f 2978//355 2977//355 2962//355
f 2977//355 2982//355 2964//355
f 2982//355 2981//355 2966//355
f 2981//355 2786//355 2968//355
f 2969//3749 2980//3749 2785//3749
f 2983//1 2984//1 2985//1
f 2984//1 2986//1 2985//1
f 2987//1 2988//1 2985//1
f 2986//1 2987//1 2985//1
f 2989//3750 2983//3750 2985//3750
f 2990//3750 2989//3750 2985//3750
f 2988//3751 2990//3751 2985//3751
f 2991//3752 2992//3752 2990//3752
f 2992//3753 2993//3753 2990//3753
f 2994//3754 2995//3754 2990//3754
f 2995//3755 2991//3755 2990//3755
f 2996//3756 2997//3756 2990//3756
f 2997//3757 2998//3757 2990//3757
f 2998//3758 2989//3758 2990//3758
f 2993//3759 2999//3759 2990//3759
f 2999//3760 2996//3760 2990//3760
f 2988//3751 2994//3751 2990//3751
f 3000//3761 3001//3761 2993//3761
f 3001//3762 3002//3762 2993//3762
f 3003//3763 3004//3763 2993//3763
f 3004//3764 3000//3764 2993//3764
f 3005//3765 3003//3765 2993//3765
f 3006//3753 3005//3753 2993//3753
f 2992//3753 3006//3753 2993//3753
f 3007//3766 3008//3766 2993//3766
f 3009//3767 3007//3767 2993//3767
f 3002//3768 3009//3768 2993//3768
f 3008//3769 3010//3769 2993//3769
f 3010//3770 3011//3770 2993//3770
f 3011//3771 3012//3771 2993//3771
f 3012//3772 3013//3772 2993//3772
f 3013//3773 2999//3773 2993//3773
f 3014//3774 3015//3774 3009//3774
f 3015//3775 3016//3775 3009//3775
f 3016//3776 3017//3776 3009//3776
f 3017//3777 3018//3777 3009//3777
f 3002//3778 3014//3778 3009//3778
f 3019//3779 3020//3779 3021//3779
f 3022//3780 3023//3780 3024//3780
f 3025//3779 3026//3779 3027//3779
f 3028//3781 3029//3781 3030//3781
f 3031//3782 3032//3782 3030//3782
f 3032//3783 3028//3783 3030//3783
f 1700//254 3031//254 3030//254
f 3029//254 1700//254 3030//254
f 3023//3784 2622//3784 3024//3784
f 2657//3785 2719//3785 3033//3785
f 3018//3786 3034//3786 3009//3786
f 2613//3787 3035//3787 3021//3787
f 3020//3784 2613//3784 3021//3784
f 3026//3788 2647//3788 3027//3788
f 3017//3789 3036//3789 3018//3789
f 3037//3790 3038//3790 3019//3790
f 3029//3791 3037//3791 3019//3791
f 3039//3792 3029//3792 3019//3792
f 3038//3793 3020//3793 3019//3793
f 2615//3794 3039//3794 3019//3794
f 3040//3795 2615//3795 3019//3795
f 3029//3796 3041//3796 3042//3796
f 3041//3797 3043//3797 3042//3797
f 3043//3798 3023//3798 3042//3798
f 3023//3780 3022//3780 3042//3780
f 3022//3799 2628//3799 3042//3799
f 3044//3800 3045//3800 3046//3800
f 3029//3801 3044//3801 3046//3801
f 3045//3802 3047//3802 3046//3802
f 3047//3803 3048//3803 3046//3803
f 3048//3804 2638//3804 3046//3804
f 3045//3805 3049//3805 3047//3805
f 3050//3790 3051//3790 3025//3790
f 3029//3806 3050//3806 3025//3806
f 3052//3807 3029//3807 3025//3807
f 3051//3793 3026//3793 3025//3793
f 2652//3808 3052//3808 3025//3808
f 3053//3809 3054//3809 3055//3809
f 3029//3810 3053//3810 3055//3810
f 3056//3811 2659//3811 3055//3811
f 3057//3812 2638//3812 3048//3812
f 3054//3813 3033//3813 3055//3813
f 2720//3814 2670//3814 3028//3814
f 3034//3815 3058//3815 3009//3815
f 3059//3816 3060//3816 3019//3816
f 3021//3817 3059//3817 3019//3817
f 3060//3818 3040//3818 3019//3818
f 3024//3819 3061//3819 3022//3819
f 3061//3820 3062//3820 3022//3820
f 3062//3821 3031//3821 3022//3821
f 2622//3822 2728//3822 3024//3822
f 3047//3823 3063//3823 3048//3823
f 3063//3824 3064//3824 3048//3824
f 3064//3825 3031//3825 3048//3825
f 2731//3826 3063//3826 3047//3826
f 3049//3827 2731//3827 3047//3827
f 3031//3828 3065//3828 3025//3828
f 3027//3817 3066//3817 3025//3817
f 3066//3829 3031//3829 3025//3829
f 3065//3830 2652//3830 3025//3830
f 2647//3831 2734//3831 3027//3831
f 3067//3832 3068//3832 3055//3832
f 3033//3833 3067//3833 3055//3833
f 3068//3834 3069//3834 3055//3834
f 3069//3835 3056//3835 3055//3835
f 2719//3836 3067//3836 3033//3836
f 3032//3837 2720//3837 3028//3837
f 3070//3838 3071//3838 3018//3838
f 3071//3839 3072//3839 3018//3839
f 3036//3840 3073//3840 3018//3840
f 3073//3841 3070//3841 3018//3841
f 2607//3842 3034//3842 3018//3842
f 3072//3843 2607//3843 3018//3843
f 3038//3844 2613//3844 3020//3844
f 3074//3845 3029//3845 3042//3845
f 2630//3846 3074//3846 3042//3846
f 2628//3847 2630//3847 3042//3847
f 3043//3325 2622//3325 3023//3325
f 3075//3848 3029//3848 3046//3848
f 2638//3849 3075//3849 3046//3849
f 2632//3850 3049//3850 3045//3850
f 2652//3851 2650//3851 3052//3851
f 3051//3852 2647//3852 3026//3852
f 3076//3853 3029//3853 3055//3853
f 2659//3854 3076//3854 3055//3854
f 3054//3855 2657//3855 3033//3855
f 3077//3856 3029//3856 3028//3856
f 2667//3857 3077//3857 3028//3857
f 2670//3858 2667//3858 3028//3858
f 3078//3859 3040//3859 3060//3859
f 3035//3860 2716//3860 3021//3860
f 2725//3861 2628//3861 3022//3861
f 2728//3862 3061//3862 3024//3862
f 3031//3863 3062//3863 3048//3863
f 2729//3864 3057//3864 3048//3864
f 3062//3865 2729//3865 3048//3865
f 2732//3866 2652//3866 3065//3866
f 3068//3867 3031//3867 3069//3867
f 3079//3868 3056//3868 3069//3868
f 3080//3869 3014//3869 3002//3869
f 3081//3869 3080//3869 3002//3869
f 3001//3870 3081//3870 3002//3870
f 3082//3871 2996//3871 2999//3871
f 3083//3872 3082//3872 2999//3872
f 3084//3873 3083//3873 2999//3873
f 3085//3874 3084//3874 2999//3874
f 3086//3874 3085//3874 2999//3874
f 3013//3875 3086//3875 2999//3875
f 3087//3876 3029//3876 3039//3876
f 2617//3877 3087//3877 3039//3877
f 2615//3877 2617//3877 3039//3877
f 2611//3878 2613//3878 3038//3878
f 2620//3844 2622//3844 3043//3844
f 2638//3879 2625//3879 3075//3879
f 3044//3880 2632//3880 3045//3880
f 3088//3881 3029//3881 3052//3881
f 2650//3882 3088//3882 3052//3882
f 2645//3883 2647//3883 3051//3883
f 2659//3884 2661//3884 3076//3884
f 2655//3325 2657//3325 3054//3325
f 3053//3885 3029//3885 3077//3885
f 2653//3886 3053//3886 3077//3886
f 2667//3886 2653//3886 3077//3886
f 3089//3887 3007//3887 3009//3887
f 2722//3888 3089//3888 3009//3888
f 3058//3889 2722//3889 3009//3889
f 3059//3890 3089//3890 3060//3890
f 3089//3891 3078//3891 3060//3891
f 3090//3892 3059//3892 3021//3892
f 2716//3893 3090//3893 3021//3893
f 3031//3894 3059//3894 3022//3894
f 3059//3895 2725//3895 3022//3895
f 2728//3896 2761//3896 3061//3896
f 2764//3897 3064//3897 3063//3897
f 2731//3897 2764//3897 3063//3897
f 3031//3898 3064//3898 3065//3898
f 3064//3891 2732//3891 3065//3891
f 3091//3899 3066//3899 3027//3899
f 2734//3900 3091//3900 3027//3900
f 3031//3901 3066//3901 3069//3901
f 3066//3891 3079//3891 3069//3891
f 2738//3902 3068//3902 3067//3902
f 2719//3903 2738//3903 3067//3903
f 3031//3904 3068//3904 3032//3904
f 2739//3905 2720//3905 3032//3905
f 3068//3906 2739//3906 3032//3906
f 3092//3870 3081//3870 3001//3870
f 3000//2325 3092//2325 3001//2325
f 3093//2324 3015//2324 3014//2324
f 3080//2324 3093//2324 3014//2324
f 3094//3907 3083//3907 3084//3907
f 3095//3908 3094//3908 3084//3908
f 3085//3908 3095//3908 3084//3908
f 3096//3875 3086//3875 3013//3875
f 3012//3909 3096//3909 3013//3909
f 3071//3910 3087//3910 3072//3910
f 2605//3911 2607//3911 3072//3911
f 3087//3912 2605//3912 3072//3912
f 3037//3913 2611//3913 3038//3913
f 3037//3914 3029//3914 3074//3914
f 2630//3915 3037//3915 3074//3915
f 2625//3913 2620//3913 3043//3913
f 3041//3916 2625//3916 3043//3916
f 3041//3917 3029//3917 3075//3917
f 2625//3918 3041//3918 3075//3918
f 2637//3880 2632//3880 3044//3880
f 3044//3919 3029//3919 3088//3919
f 2650//2169 3044//2169 3088//2169
f 3050//3920 2645//3920 3051//3920
f 3050//3921 3029//3921 3076//3921
f 2645//3922 3050//3922 3076//3922
f 2661//3923 2645//3923 3076//3923
f 2653//3913 2655//3913 3054//3913
f 3053//3913 2653//3913 3054//3913
f 2722//3924 3097//3924 3089//3924
f 2723//3925 3078//3925 3089//3925
f 3090//3926 2743//3926 3059//3926
f 2761//3927 3062//3927 3061//3927
f 2761//3928 2729//3928 3062//3928
f 2764//3891 2732//3891 3064//3891
f 2735//3925 3079//3925 3066//3925
f 2738//3929 2739//3929 3068//3929
f 3071//3930 3029//3930 3087//3930
f 2617//2169 2605//2169 3087//2169
f 2630//3931 2611//3931 3037//3931
f 2650//2169 2637//2169 3044//2169
f 3059//3932 3007//3932 3089//3932
f 3097//3933 2723//3933 3089//3933
f 3031//3932 3007//3932 3059//3932
f 2743//3934 2725//3934 3059//3934
f 3091//3935 2735//3935 3066//3935
f 3098//2325 3092//2325 3000//2325
f 3004//2099 3098//2099 3000//2099
f 3099//2336 3016//2336 3015//2336
f 3093//2336 3099//2336 3015//2336
f 3100//3936 3083//3936 3094//3936
f 3101//3937 3100//3937 3094//3937
f 3095//3938 3101//3938 3094//3938
f 3102//3939 3096//3939 3012//3939
f 3011//3940 3102//3940 3012//3940
f 3103//2099 3098//2099 3004//2099
f 3003//3725 3103//3725 3004//3725
f 3104//3941 3017//3941 3016//3941
f 3099//2337 3104//2337 3016//2337
f 3105//3942 3083//3942 3100//3942
f 3106//3943 3105//3943 3100//3943
f 3101//3944 3106//3944 3100//3944
f 3107//3945 3102//3945 3011//3945
f 3010//3946 3107//3946 3011//3946
f 3108//3947 3103//3947 3003//3947
f 3109//3948 3110//3948 3003//3948
f 3005//3949 3109//3949 3003//3949
f 3110//3950 3108//3950 3003//3950
f 3111//1 3036//1 3017//1
f 3104//1 3111//1 3017//1
f 3112//3951 3083//3951 3105//3951
f 3113//3952 3112//3952 3105//3952
f 3114//3953 3113//3953 3105//3953
f 3115//254 3114//254 3105//254
f 3106//254 3115//254 3105//254
f 3116//3946 3107//3946 3010//3946
f 3008//2971 3116//2971 3010//2971
f 3117//254 3108//254 3110//254
f 3118//3946 3073//3946 3036//3946
f 3111//3946 3118//3946 3036//3946
f 3119//3954 3113//3954 3114//3954
f 3120//3955 3119//3955 3114//3955
f 3115//3956 3120//3956 3114//3956
f 3007//3957 3121//3957 3008//3957
f 3122//1 3116//1 3008//1
f 3121//2337 3122//2337 3008//2337
f 3123//3958 3124//3958 3110//3958
f 3109//3959 3123//3959 3110//3959
f 3125//3960 3117//3960 3110//3960
f 3124//3960 3125//3960 3110//3960
f 3123//3961 3126//3961 3124//3961
f 3126//3938 3125//3938 3124//3938
f 3127//3945 3070//3945 3073//3945
f 3118//3940 3127//3940 3073//3940
f 3128//3962 3113//3962 3119//3962
f 3129//2099 3128//2099 3119//2099
f 3120//3963 3129//3963 3119//3963
f 3007//3964 3130//3964 3121//3964
f 3131//3941 3122//3941 3121//3941
f 3130//3965 3131//3965 3121//3965
f 3123//3966 3132//3966 3126//3966
f 3133//3937 3125//3937 3126//3937
f 3132//3908 3133//3908 3126//3908
f 3134//3909 3071//3909 3070//3909
f 3127//3909 3134//3909 3070//3909
f 3135//3967 3113//3967 3128//3967
f 3136//2325 3135//2325 3128//2325
f 3129//2325 3136//2325 3128//2325
f 3007//3968 3137//3968 3130//3968
f 3138//2336 3131//2336 3130//2336
f 3137//2324 3138//2324 3130//2324
f 3139//3969 3006//3969 2992//3969
f 3140//3970 3109//3970 3005//3970
f 3141//3971 3140//3971 3005//3971
f 3142//3972 2997//3972 2996//3972
f 3083//3973 3143//3973 3082//3973
f 3143//3974 3144//3974 3082//3974
f 3145//3975 3139//3975 2992//3975
f 2991//3976 3145//3976 2992//3976
f 3146//3977 3147//3977 3006//3977
f 3147//3978 3005//3978 3006//3978
f 3139//3979 3148//3979 3006//3979
f 3149//3980 3141//3980 3005//3980
f 3142//3981 3150//3981 2997//3981
f 3082//3982 3151//3982 2996//3982
f 3151//3983 3152//3983 2996//3983
f 3152//3984 3142//3984 2996//3984
f 3153//3985 3151//3985 3082//3985
f 3144//3986 3154//3986 3082//3986
f 3123//3987 3155//3987 3132//3987
f 3156//3988 3133//3988 3132//3988
f 3155//3874 3156//3874 3132//3874
f 3155//3989 3029//3989 3071//3989
f 3157//3875 3155//3875 3071//3875
f 3134//3875 3157//3875 3071//3875
f 3158//3990 3113//3990 3135//3990
f 3159//3870 3158//3870 3135//3870
f 3136//3870 3159//3870 3135//3870
f 3007//3991 3158//3991 3137//3991
f 3160//2324 3138//2324 3137//2324
f 3158//3869 3160//3869 3137//3869
f 3123//3992 3029//3992 3155//3992
f 3157//3874 3156//3874 3155//3874
f 3007//3993 3113//3993 3158//3993
f 3159//3869 3160//3869 3158//3869
f 3161//3994 3146//3994 3006//3994
f 3148//3995 3161//3995 3006//3995
f 3147//3976 3149//3976 3005//3976
f 3162//3996 3123//3996 3109//3996
f 3140//3995 3162//3995 3109//3995
f 3163//3997 3153//3997 3082//3997
f 3154//3998 3163//3998 3082//3998
f 3112//3999 3164//3999 3083//3999
f 3164//4000 3143//4000 3083//4000
f 3148//4001 3165//4001 3161//4001
f 3140//4002 3166//4002 3162//4002
f 3150//4003 3167//4003 2997//4003
f 3167//4004 2998//4004 2997//4004
f 3153//3712 3152//3712 3151//3712
f 3168//4005 3153//4005 3163//4005
f 3154//4006 3169//4006 3163//4006
f 3169//4006 3168//4006 3163//4006
f 3170//4007 3145//4007 2991//4007
f 2995//4008 3170//4008 2991//4008
f 3171//4009 3146//4009 3161//4009
f 3165//4010 3171//4010 3161//4010
f 3172//4011 3149//4011 3147//4011
f 3146//4012 3172//4012 3147//4012
f 3173//4013 3123//4013 3162//4013
f 3166//4014 3173//4014 3162//4014
f 3174//3710 3152//3710 3153//3710
f 3113//3572 3164//3572 3112//3572
f 3175//1 3176//1 2988//1
f 2987//1 3175//1 2988//1
f 3177//4015 3178//4015 2988//4015
f 3176//4016 3179//4016 2988//4016
f 3179//4017 3177//4017 2988//4017
f 3178//4018 3180//4018 2988//4018
f 3180//4019 2994//4019 2988//4019
f 3181//4020 2995//4020 2994//4020
f 3182//4021 3183//4021 2994//4021
f 3180//4022 3182//4022 2994//4022
f 3184//4023 3185//4023 2994//4023
f 3183//4024 3184//4024 2994//4024
f 3185//4025 3186//4025 2994//4025
f 3186//4026 3181//4026 2994//4026
f 3187//4027 3188//4027 3123//4027
f 3173//4028 3187//4028 3123//4028
f 3188//4029 3189//4029 3123//4029
f 3189//4030 3190//4030 3123//4030
f 3190//4019 3029//4019 3123//4019
f 3190//4031 3191//4031 3029//4031
f 3191//4032 3192//4032 3029//4032
f 3192//254 3193//254 3029//254
f 3193//254 1700//254 3029//254
f 3194//1 3195//1 2983//1
f 3195//1 2984//1 2983//1
f 3196//4033 3197//4033 2983//4033
f 3198//4034 3194//4034 2983//4034
f 3197//4035 3198//4035 2983//4035
f 2989//4036 3196//4036 2983//4036
f 3199//4037 3200//4037 2989//4037
f 3201//4038 3202//4038 2989//4038
f 2998//4039 3201//4039 2989//4039
f 3202//4040 3199//4040 2989//4040
f 3203//4036 3196//4036 2989//4036
f 3204//4041 3203//4041 2989//4041
f 3205//4042 3204//4042 2989//4042
f 3200//4043 3205//4043 2989//4043
f 3206//4044 3207//4044 3007//4044
f 3207//4045 3208//4045 3007//4045
f 3208//4046 3113//4046 3007//4046
f 3031//4047 3206//4047 3007//4047
f 3209//4048 3210//4048 3031//4048
f 3210//4049 3211//4049 3031//4049
f 3211//4050 3212//4050 3031//4050
f 3212//4051 3206//4051 3031//4051
f 3213//254 3209//254 3031//254
f 1700//254 3213//254 3031//254
f 3165//4052 3214//4052 3171//4052
f 3215//4053 3172//4053 3146//4053
f 3216//4054 3187//4054 3173//4054
f 3166//4055 3216//4055 3173//4055
f 3217//4056 3164//4056 3113//4056
f 3218//4057 3146//4057 3171//4057
f 3214//4058 3218//4058 3171//4058
f 3218//4057 3219//4057 3146//4057
f 3219//4059 3215//4059 3146//4059
f 3166//4060 3220//4060 3216//4060
f 3221//4061 3222//4061 3153//4061
f 3168//4061 3221//4061 3153//4061
f 3222//4062 3174//4062 3153//4062
f 3169//4063 3223//4063 3168//4063
f 3223//4064 3221//4064 3168//4064
f 3208//4065 3224//4065 3113//4065
f 3224//4066 3217//4066 3113//4066
f 3181//4067 3225//4067 2995//4067
f 3225//4068 3170//4068 2995//4068
f 3226//4069 3201//4069 2998//4069
f 3167//4070 3227//4070 2998//4070
f 3227//4064 3226//4064 2998//4064
f 3228//4062 3174//4062 3222//4062
f 3229//4068 3170//4068 3225//4068
f 3187//4071 3230//4071 3218//4071
f 3230//4072 3231//4072 3218//4072
f 3231//4073 3219//4073 3218//4073
f 3232//4074 3187//4074 3218//4074
f 3214//4075 3233//4075 3218//4075
f 3233//4076 3232//4076 3218//4076
f 3231//3998 3215//3998 3219//3998
f 3230//4077 3187//4077 3216//4077
f 3220//4078 3230//4078 3216//4078
f 3227//3303 3234//3303 3226//3303
f 3235//4079 3222//4079 3221//4079
f 3201//4080 3235//4080 3221//4080
f 3236//4081 3217//4081 3224//4081
f 3181//4082 3232//4082 3225//4082
f 3232//4083 3229//4083 3225//4083
f 3237//3998 3215//3998 3231//3998
f 3235//4084 3201//4084 3226//4084
f 3234//4085 3235//4085 3226//4085
f 3234//4086 3228//4086 3222//4086
f 3235//4087 3234//4087 3222//4087
f 3238//4088 3201//4088 3221//4088
f 3223//4089 3238//4089 3221//4089
f 3208//4090 3238//4090 3224//4090
f 3239//4091 3236//4091 3224//4091
f 3238//4087 3239//4087 3224//4087
f 3199//4092 3240//4092 3200//4092
f 3241//4093 3242//4093 3200//4093
f 3243//4094 3205//4094 3200//4094
f 3242//1528 3243//1528 3200//1528
f 3240//4095 3244//4095 3200//4095
f 3245//4096 3246//4096 3206//4096
f 3247//4097 3248//4097 3180//4097
f 3249//4098 3250//4098 3184//4098
f 3251//4099 3252//4099 3190//4099
f 3203//2169 3253//2169 3196//2169
f 3253//2169 3254//2169 3196//2169
f 3181//4100 3187//4100 3232//4100
f 3233//4101 3229//4101 3232//4101
f 3230//2169 3237//2169 3231//2169
f 3255//4102 3182//4102 3180//4102
f 3256//4103 3255//4103 3180//4103
f 3250//4104 3185//4104 3184//4104
f 3257//4105 3258//4105 3203//4105
f 3204//4106 3257//4106 3203//4106
f 3258//3877 3253//3877 3203//3877
f 3259//4107 3241//4107 3200//4107
f 3244//4108 3259//4108 3200//4108
f 3212//4109 3245//4109 3206//4109
f 3220//4110 3237//4110 3230//4110
f 3208//4111 3201//4111 3238//4111
f 3223//4112 3239//4112 3238//4112
f 3260//4113 3261//4113 3180//4113
f 3261//4114 3256//4114 3180//4114
f 3248//3891 3262//3891 3180//3891
f 3262//3891 3260//3891 3180//3891
f 3250//4115 3263//4115 3185//4115
f 3252//4116 3191//4116 3190//4116
f 3178//4097 3247//4097 3180//4097
f 3189//3897 3251//3897 3190//3897
f 3264//4117 3240//4117 3199//4117
f 3265//4118 3245//4118 3212//4118
f 3183//4119 3266//4119 3184//4119
f 3266//4120 3249//4120 3184//4120
f 3252//4121 3267//4121 3191//4121
f 3254//4122 3268//4122 3196//4122
f 3268//4123 3197//4123 3196//4123
f 3269//4124 3241//4124 3259//4124
f 3244//4125 3270//4125 3259//4125
f 3246//4126 3271//4126 3206//4126
f 3271//4127 3207//4127 3206//4127
f 3272//4128 3247//4128 3178//4128
f 3177//4128 3272//4128 3178//4128
f 3273//4129 3261//4129 3260//4129
f 3262//4130 3274//4130 3260//4130
f 3274//4131 3273//4131 3260//4131
f 3275//4132 3249//4132 3266//4132
f 3263//4133 3276//4133 3185//4133
f 3276//4134 3186//4134 3185//4134
f 3188//4135 3251//4135 3189//4135
f 3277//4136 3192//4136 3191//4136
f 3267//4137 3277//4137 3191//4137
f 3268//4138 3198//4138 3197//4138
f 3257//4139 3278//4139 3258//4139
f 3279//3877 3253//3877 3258//3877
f 3280//4140 3281//4140 3259//4140
f 3281//4141 3269//4141 3259//4141
f 3202//3710 3264//3710 3199//3710
f 3211//4142 3282//4142 3212//4142
f 3282//4143 3265//4143 3212//4143
f 3283//4144 3284//4144 3273//4144
f 3284//4145 3261//4145 3273//4145
f 3183//4146 3285//4146 3266//4146
f 3285//4147 3286//4147 3266//4147
f 3286//4148 3275//4148 3266//4148
f 3287//3827 3251//3827 3188//3827
f 3267//4149 3288//4149 3277//4149
f 3268//4150 3289//4150 3198//4150
f 3278//4151 3290//4151 3258//4151
f 3290//3795 3291//3795 3258//3795
f 3291//3795 3279//3795 3258//3795
f 3292//4152 3280//4152 3259//4152
f 3270//4153 3293//4153 3259//4153
f 3293//4154 3292//4154 3259//4154
f 3294//4155 3264//4155 3202//4155
f 3295//4156 3208//4156 3207//4156
f 3271//4157 3296//4157 3207//4157
f 3296//4158 3295//4158 3207//4158
f 3179//3805 3272//3805 3177//3805
f 3297//4159 3298//4159 3273//4159
f 3299//4160 3297//4160 3273//4160
f 3298//4161 3283//4161 3273//4161
f 3274//4162 3300//4162 3273//4162
f 3300//3795 3299//3795 3273//3795
f 3301//4163 3181//4163 3186//4163
f 3276//3795 3302//3795 3186//3795
f 3302//4164 3301//4164 3186//4164
f 3187//4165 3303//4165 3188//4165
f 3303//3805 3287//3805 3188//3805
f 3304//4166 3192//4166 3277//4166
f 3288//4167 3304//4167 3277//4167
f 3278//4168 3305//4168 3290//4168
f 3305//4169 3306//4169 3290//4169
f 3306//4170 3307//4170 3290//4170
f 3307//4171 3291//4171 3290//4171
f 3308//4172 3280//4172 3292//4172
f 3293//4173 3308//4173 3292//4173
f 3201//4174 3309//4174 3202//4174
f 3309//4175 3310//4175 3202//4175
f 3310//4176 3294//4176 3202//4176
f 3210//4177 3311//4177 3211//4177
f 3311//4178 3282//4178 3211//4178
f 3312//3805 3272//3805 3179//3805
f 3300//3877 3313//3877 3299//3877
f 3285//4179 3314//4179 3286//4179
f 3315//4180 3275//4180 3286//4180
f 3314//4181 3315//4181 3286//4181
f 3302//4182 3316//4182 3301//4182
f 3317//3850 3287//3850 3303//3850
f 3288//3877 3318//3877 3304//3877
f 3319//4183 3194//4183 3198//4183
f 3289//4184 3320//4184 3198//4184
f 3320//4185 3319//4185 3198//4185
f 3321//4186 3208//4186 3295//4186
f 3296//4187 3322//4187 3295//4187
f 3322//4188 3321//4188 3295//4188
f 3323//4189 3324//4189 3307//4189
f 3325//4190 3323//4190 3307//4190
f 3306//4191 3325//4191 3307//4191
f 3324//4192 3326//4192 3307//4192
f 3326//4193 3291//4193 3307//4193
f 3327//4194 3310//4194 3309//4194
f 3328//4195 3311//4195 3210//4195
f 3329//4196 3297//4196 3299//4196
f 3313//3877 3329//3877 3299//3877
f 3330//4197 3192//4197 3304//4197
f 3318//3877 3330//3877 3304//3877
f 3176//4198 3331//4198 3179//4198
f 3332//3880 3312//3880 3179//3880
f 3331//3880 3332//3880 3179//3880
f 3333//4199 3315//4199 3314//4199
f 3187//4200 3334//4200 3303//4200
f 3335//3880 3317//3880 3303//3880
f 3334//3880 3335//3880 3303//3880
f 3209//4201 3321//4201 3210//4201
f 3321//4202 3328//4202 3210//4202
f 3176//4203 3329//4203 3331//4203
f 3329//2169 3332//2169 3331//2169
f 3334//4203 3192//4203 3330//4203
f 3318//2169 3334//2169 3330//2169
f 3293//4204 3336//4204 3308//4204
f 3337//4205 3181//4205 3301//4205
f 3316//4206 3337//4206 3301//4206
f 3187//4203 3192//4203 3334//4203
f 3324//4207 3194//4207 3319//4207
f 3320//4208 3324//4208 3319//4208
f 3201//4209 3280//4209 3308//4209
f 3338//4210 3201//4210 3308//4210
f 3336//4208 3338//4208 3308//4208
f 3320//4211 3326//4211 3324//4211
f 3201//4212 3338//4212 3309//4212
f 3336//4213 3327//4213 3309//4213
f 3338//4214 3336//4214 3309//4214
f 3322//4215 3328//4215 3321//4215
f 3285//4216 3337//4216 3314//4216
f 3337//4217 3333//4217 3314//4217
f 3176//4218 3297//4218 3329//4218
f 3313//2169 3332//2169 3329//2169
f 3285//4219 3339//4219 3337//4219
f 3339//4220 3340//4220 3337//4220
f 3341//4221 3181//4221 3337//4221
f 3340//4222 3341//4222 3337//4222
f 3316//4223 3333//4223 3337//4223
f 3318//2169 3335//2169 3334//2169
f 3323//4224 3194//4224 3324//4224
f 3209//4225 3208//4225 3321//4225
f 3205//4226 3257//4226 3204//4226
f 3342//4227 3343//4227 3183//4227
f 3344//4228 3342//4228 3183//4228
f 3345//4229 3344//4229 3183//4229
f 3343//4230 3285//4230 3183//4230
f 3243//4231 3346//4231 3205//4231
f 3346//4232 3347//4232 3205//4232
f 3347//4233 3348//4233 3205//4233
f 3242//4234 3349//4234 3243//4234
f 3349//4235 3350//4235 3243//4235
f 3350//4236 3346//4236 3243//4236
f 3343//3303 3351//3303 3285//3303
f 3352//4237 3349//4237 3242//4237
f 3351//4238 3339//4238 3285//4238
f 3353//3303 3351//3303 3343//3303
f 3351//4239 3354//4239 3339//4239
f 3355//4240 3182//4240 3255//4240
f 3356//4241 3355//4241 3255//4241
f 3256//4242 3356//4242 3255//4242
f 3357//4243 3278//4243 3257//4243
f 3358//4244 3357//4244 3257//4244
f 3205//4245 3358//4245 3257//4245
f 3261//4246 3356//4246 3256//4246
f 3359//4247 3183//4247 3182//4247
f 3355//4248 3359//4248 3182//4248
f 3357//4249 3305//4249 3278//4249
f 3360//4250 3358//4250 3205//4250
f 3354//4251 3340//4251 3339//4251
f 3350//4068 3361//4068 3346//4068
f 3361//4068 3347//4068 3346//4068
f 3241//4252 3352//4252 3242//4252
f 3362//4253 3344//4253 3345//4253
f 3347//4254 3363//4254 3348//4254
f 3284//4255 3356//4255 3261//4255
f 3359//4256 3345//4256 3183//4256
f 3364//4257 3306//4257 3305//4257
f 3357//4258 3364//4258 3305//4258
f 3348//4259 3360//4259 3205//4259
f 3365//4260 3353//4260 3343//4260
f 3342//4261 3365//4261 3343//4261
f 3366//4262 3352//4262 3241//4262
f 3367//4263 3356//4263 3284//4263
f 3283//4264 3367//4264 3284//4264
f 3368//4265 3362//4265 3345//4265
f 3359//4266 3368//4266 3345//4266
f 3363//4267 3360//4267 3348//4267
f 3369//4268 3344//4268 3362//4268
f 3370//4269 3365//4269 3342//4269
f 3344//254 3370//254 3342//254
f 3354//4270 3371//4270 3340//4270
f 3371//3586 3341//3586 3340//3586
f 3372//4271 3363//4271 3347//4271
f 3373//4272 3374//4272 3347//4272
f 3374//4273 3372//4273 3347//4273
f 3361//4274 3375//4274 3347//4274
f 3375//4275 3373//4275 3347//4275
f 3269//1 3366//1 3241//1
f 3298//4276 3367//4276 3283//4276
f 3368//1 3376//1 3362//1
f 3377//4277 3325//4277 3306//4277
f 3364//4278 3377//4278 3306//4278
f 3378//4279 3360//4279 3363//4279
f 3379//4280 3344//4280 3369//4280
f 3362//4281 3379//4281 3369//4281
f 3213//4282 1700//4282 1766//4282
f 1772//4283 1764//4283 1759//4283
f 3380//4284 1772//4284 1759//4284
f 3381//4285 3380//4285 1759//4285
f 1772//4286 1784//4286 1764//4286
f 1786//4287 1757//4287 1771//4287
f 1810//4288 1786//4288 1771//4288
f 3382//3586 3383//3586 1771//3586
f 1757//3586 3382//3586 1771//3586
f 1740//4289 1775//4289 1763//4289
f 1775//4290 3384//4290 1763//4290
f 3385//3585 3386//3585 1769//3585
f 1752//4291 3213//4291 1766//4291
f 3387//3722 1752//3722 1766//3722
f 3388//4292 3387//4292 1766//4292
f 1751//4293 1748//4293 1759//4293
f 1764//4294 1751//4294 1759//4294
f 1748//4295 3381//4295 1759//4295
f 3389//4296 1751//4296 1764//4296
f 3390//4008 3389//4008 1764//4008
f 3213//4297 1740//4297 1763//4297
f 1755//4298 3213//4298 1763//4298
f 3391//4299 1755//4299 1763//4299
f 3384//4300 3391//4300 1763//4300
f 3392//4301 1754//4301 1769//4301
f 1810//4302 3392//4302 1769//4302
f 1754//4303 3385//4303 1769//4303
f 1700//4304 1785//4304 1766//4304
f 3393//4305 3388//4305 1766//4305
f 1785//4306 3393//4306 1766//4306
f 3380//4307 3394//4307 1772//4307
f 1784//4308 1783//4308 1764//4308
f 1783//4068 3390//4068 1764//4068
f 1776//4309 1810//4309 1771//4309
f 3395//4262 1776//4262 1771//4262
f 3383//4310 3395//4310 1771//4310
f 1740//4311 1781//4311 1775//4311
f 1781//4312 3384//4312 1775//4312
f 1774//4313 1810//4313 1769//4313
f 3396//4314 1774//4314 1769//4314
f 3386//4262 3396//4262 1769//4262
f 3213//4315 1743//4315 1751//4315
f 3389//4316 3397//4316 1751//4316
f 1786//4317 1746//4317 1757//4317
f 1746//4318 3382//4318 1757//4318
f 1750//4319 3213//4319 1755//4319
f 3398//4320 1750//4320 1755//4320
f 3391//4321 3398//4321 1755//4321
f 3392//4322 1744//4322 1754//4322
f 1744//4323 3385//4323 1754//4323
f 3394//3999 1784//3999 1772//3999
f 3399//3325 3390//3325 1783//3325
f 1788//4324 1810//4324 1776//4324
f 3400//3918 1788//3918 1776//3918
f 3395//3983 3400//3983 1776//3983
f 3401//4068 3384//4068 1781//4068
f 1749//4325 3213//4325 1752//4325
f 3402//4326 1749//4326 1752//4326
f 3387//3303 3402//3303 1752//3303
f 1743//4327 3381//4327 1748//4327
f 1747//4328 3213//4328 1751//4328
f 3397//4329 1747//4329 1751//4329
f 1786//4330 1741//4330 1746//4330
f 3403//4331 3382//4331 1746//4331
f 1741//4332 3403//4332 1746//4332
f 1745//4333 3213//4333 1750//4333
f 3398//4334 1745//4334 1750//4334
f 3392//4335 1739//4335 1744//4335
f 3404//4336 3385//4336 1744//4336
f 1739//4332 3404//4332 1744//4332
f 3405//4337 3406//4337 3344//4337
f 3379//4338 3405//4338 3344//4338
f 3406//4339 3370//4339 3344//4339
f 3407//4340 3181//4340 3341//4340
f 3371//4341 3407//4341 3341//4341
f 3408//4342 3374//4342 3373//4342
f 3375//4343 3409//4343 3373//4343
f 3409//4344 3408//4344 3373//4344
f 3281//4345 3366//4345 3269//4345
f 3410//4346 3367//4346 3298//4346
f 3411//4347 3379//4347 3362//4347
f 3376//4348 3411//4348 3362//4348
f 3377//4349 3323//4349 3325//4349
f 3412//4350 3378//4350 3363//4350
f 3372//4351 3412//4351 3363//4351
f 1700//4352 1784//4352 1785//4352
f 3413//4353 3393//4353 1785//4353
f 1784//4354 3413//4354 1785//4354
f 1810//4355 1788//4355 1784//4355
f 1788//4356 1783//4356 1784//4356
f 1788//3916 3399//3916 1783//3916
f 1740//4357 1786//4357 1781//4357
f 1786//4358 3401//4358 1781//4358
f 1786//4359 1810//4359 1774//4359
f 3414//4360 1786//4360 1774//4360
f 3396//4361 3414//4361 1774//4361
f 1742//4362 3213//4362 1749//4362
f 3402//4363 1742//4363 1749//4363
f 3213//4364 1742//4364 1743//4364
f 3402//4365 3381//4365 1743//4365
f 1742//4366 3402//4366 1743//4366
f 1740//4367 3213//4367 1747//4367
f 3415//4368 1740//4368 1747//4368
f 3397//4369 3415//4369 1747//4369
f 1786//4370 1740//4370 1741//4370
f 3415//4371 3403//4371 1741//4371
f 1740//4372 3415//4372 1741//4372
f 1738//4373 3213//4373 1745//4373
f 3416//4374 1738//4374 1745//4374
f 3398//4375 3416//4375 1745//4375
f 3392//4376 1738//4376 1739//4376
f 3416//4377 3404//4377 1739//4377
f 1738//4372 3416//4372 1739//4372
f 1700//4378 1810//4378 1784//4378
f 3394//2169 3413//2169 1784//2169
f 3400//4379 3399//4379 1788//4379
f 3414//4380 3401//4380 1786//4380
f 3392//4381 3213//4381 1738//4381
f 3417//4382 3194//4382 3323//4382
f 3297//4383 3410//4383 3298//4383
f 3418//4384 3417//4384 3323//4384
f 3377//4385 3418//4385 3323//4385
f 3374//4386 3412//4386 3372//4386
f 3193//4387 1810//4387 1700//4387
f 3419//3674 3420//3674 1810//3674
f 3421//4388 3419//4388 1810//4388
f 3422//4389 3392//4389 1810//4389
f 3420//4390 3422//4390 1810//4390
f 3193//4387 3421//4387 1810//4387
f 3423//254 3209//254 3213//254
f 3392//4391 3424//4391 3213//4391
f 3424//4391 3423//4391 3213//4391
f 3425//254 3424//254 3392//254
f 3422//4388 3425//4388 3392//4388
f 3426//4392 3370//4392 3406//4392
f 3371//4393 3427//4393 3407//4393
f 3428//4394 3374//4394 3408//4394
f 3409//4395 3428//4395 3408//4395
f 3280//4396 3429//4396 3281//4396
f 3429//4397 3366//4397 3281//4397
f 3176//4398 3430//4398 3297//4398
f 3431//4399 3432//4399 3405//4399
f 3432//4400 3406//4400 3405//4400
f 3433//4401 3431//4401 3405//4401
f 3379//4402 3433//4402 3405//4402
f 3434//4403 3194//4403 3417//4403
f 3201//4404 3435//4404 3374//4404
f 3428//4405 3436//4405 3374//4405
f 3436//4406 3201//4406 3374//4406
f 3430//4407 3437//4407 3297//4407
f 3437//4408 3438//4408 3297//4408
f 3438//4409 3410//4409 3297//4409
f 3411//4410 3433//4410 3379//4410
f 3418//4411 3434//4411 3417//4411
f 3439//4412 3412//4412 3374//4412
f 3435//4413 3440//4413 3374//4413
f 3440//4414 3439//4414 3374//4414
f 3176//4415 3441//4415 3430//4415
f 3441//4416 3431//4416 3433//4416
f 3430//4417 3441//4417 3433//4417
f 3442//4418 3194//4418 3434//4418
f 3201//4419 3442//4419 3435//4419
f 3176//4420 3431//4420 3441//4420
f 3201//4421 3194//4421 3442//4421
f 3432//4422 3426//4422 3406//4422
f 3443//4423 3181//4423 3407//4423
f 3427//4424 3443//4424 3407//4424
f 3411//4425 3437//4425 3433//4425
f 3437//4426 3430//4426 3433//4426
f 3418//4427 3440//4427 3434//4427
f 3440//4428 3442//4428 3434//4428
f 3442//4429 3440//4429 3435//4429
f 3444//4430 3426//4430 3432//4430
f 3445//4431 3429//4431 3280//4431
f 3427//4432 3444//4432 3443//4432
f 3409//4433 3446//4433 3428//4433
f 3431//4434 3181//4434 3443//4434
f 3444//4435 3431//4435 3443//4435
f 3431//4436 3444//4436 3432//4436
f 3446//4437 3436//4437 3428//4437
f 3201//4438 3436//4438 3280//4438
f 3436//4439 3445//4439 3280//4439
f 3447//468 3156//468 3157//468
f 3448//468 3447//468 3157//468
f 3134//468 3448//468 3157//468
f 3447//468 3133//468 3156//468
f 3127//468 3448//468 3134//468
f 3449//468 3125//468 3133//468
f 3447//468 3449//468 3133//468
f 3450//468 3448//468 3127//468
f 3118//468 3450//468 3127//468
f 3449//468 3117//468 3125//468
f 3111//468 3450//468 3118//468
f 3448//4440 3451//4440 3447//4440
f 3452//4441 3449//4441 3447//4441
f 3451//4442 3452//4442 3447//4442
f 3453//4443 3451//4443 3448//4443
f 3450//4444 3453//4444 3448//4444
f 3454//4445 3453//4445 3450//4445
f 3449//468 3108//468 3117//468
f 3104//468 3450//468 3111//468
f 3455//4446 3456//4446 3449//4446
f 3452//4447 3455//4447 3449//4447
f 3456//468 3108//468 3449//468
f 3103//468 3108//468 3456//468
f 3457//2337 3454//2337 3450//2337
f 3458//2335 3457//2335 3450//2335
f 3104//468 3458//468 3450//468
f 3099//468 3458//468 3104//468
f 3455//4448 3459//4448 3456//4448
f 3098//468 3103//468 3456//468
f 3459//4449 3460//4449 3456//4449
f 3460//468 3092//468 3456//468
f 3092//468 3098//468 3456//468
f 3461//4450 3457//4450 3458//4450
f 3099//468 3093//468 3458//468
f 3459//4451 3461//4451 3460//4451
f 3081//468 3092//468 3460//468
f 3460//4452 3461//4452 3458//4452
f 3093//468 3080//468 3458//468
f 3080//468 3460//468 3458//468
f 3080//468 3081//468 3460//468
f 3462//468 3085//468 3086//468
f 3463//468 3462//468 3086//468
f 3096//468 3463//468 3086//468
f 3462//468 3095//468 3085//468
f 3102//468 3463//468 3096//468
f 3464//468 3101//468 3095//468
f 3462//468 3464//468 3095//468
f 3465//468 3463//468 3102//468
f 3107//468 3465//468 3102//468
f 3464//468 3106//468 3101//468
f 3466//468 3465//468 3107//468
f 3116//468 3466//468 3107//468
f 3463//3923 3467//3923 3462//3923
f 3467//4453 3464//4453 3462//4453
f 3468//4454 3467//4454 3463//4454
f 3467//4455 3469//4455 3464//4455
f 3465//4456 3468//4456 3463//4456
f 3470//4457 3468//4457 3465//4457
f 3466//4458 3470//4458 3465//4458
f 3464//468 3115//468 3106//468
f 3122//468 3466//468 3116//468
f 3471//4446 3472//4446 3464//4446
f 3469//4459 3471//4459 3464//4459
f 3472//468 3115//468 3464//468
f 3473//4460 3470//4460 3466//4460
f 3471//4461 3474//4461 3472//4461
f 3120//468 3115//468 3472//468
f 3131//468 3466//468 3122//468
f 3474//4462 3475//4462 3472//4462
f 3475//468 3129//468 3472//468
f 3129//468 3120//468 3472//468
f 3476//4463 3473//4463 3466//4463
f 3131//468 3476//468 3466//468
f 3136//468 3129//468 3475//468
f 3477//4464 3473//4464 3476//4464
f 3131//468 3138//468 3476//468
f 3474//4465 3477//4465 3475//4465
f 3159//468 3136//468 3475//468
f 3475//4466 3477//4466 3476//4466
f 3138//468 3160//468 3476//468
f 3160//468 3475//468 3476//468
f 3160//468 3159//468 3475//468
f 3176//4467 3181//4467 3431//4467
f 3446//4468 3445//4468 3436//4468
f 3175//1 3478//1 3176//1
f 3478//4469 3479//4469 3176//4469
f 3479//4469 3480//4469 3176//4469
f 3480//4469 3481//4469 3176//4469
f 3481//4469 3181//4469 3176//4469
f 3481//4469 3482//4469 3181//4469
f 3482//4469 3483//4469 3181//4469
f 3483//4469 3484//4469 3181//4469
f 3484//4469 3485//4469 3181//4469
f 3485//4469 3187//4469 3181//4469
f 3485//4469 3486//4469 3187//4469
f 3486//4469 3487//4469 3187//4469
f 3487//4469 3488//4469 3187//4469
f 3488//4469 3489//4469 3187//4469
f 3489//4469 3192//4469 3187//4469
f 3489//4469 3490//4469 3192//4469
f 3490//4469 3491//4469 3192//4469
f 3491//4469 3492//4469 3192//4469
f 3492//4469 3493//4469 3192//4469
f 3493//4469 3494//4469 3192//4469
f 3494//254 3495//254 3192//254
f 3495//254 3193//254 3192//254
f 3496//4470 3195//4470 3194//4470
f 3201//4470 3497//4470 3194//4470
f 3497//4470 3498//4470 3194//4470
f 3498//4470 3496//4470 3194//4470
f 3499//4470 3500//4470 3201//4470
f 3500//4470 3501//4470 3201//4470
f 3501//4470 3497//4470 3201//4470
f 3208//4470 3502//4470 3201//4470
f 3502//4470 3499//4470 3201//4470
f 3503//4470 3504//4470 3208//4470
f 3504//4470 3505//4470 3208//4470
f 3505//4470 3506//4470 3208//4470
f 3506//4470 3502//4470 3208//4470
f 3209//4470 3503//4470 3208//4470
f 3507//4470 3508//4470 3209//4470
f 3508//4470 3509//4470 3209//4470
f 3509//4470 3510//4470 3209//4470
f 3510//4470 3511//4470 3209//4470
f 3511//4470 3503//4470 3209//4470
f 3423//254 3507//254 3209//254
f 3495//4471 3512//4471 3193//4471
f 3512//4471 3421//4471 3193//4471
f 3513//4472 3419//4472 3421//4472
f 3512//4471 3513//4471 3421//4471
f 3514//254 3507//254 3423//254
f 3515//4473 3514//4473 3423//4473
f 3424//4473 3516//4473 3423//4473
f 3516//4473 3515//4473 3423//4473
f 3425//4474 3516//4474 3424//4474
f 3517//4475 3426//4475 3444//4475
f 3427//4476 3518//4476 3444//4476
f 3371//4477 3519//4477 3427//4477
f 3520//4478 3370//4478 3426//4478
f 3520//4479 3521//4479 3370//4479
f 3354//4480 3522//4480 3371//4480
f 3351//4481 3523//4481 3354//4481
f 3523//4482 3524//4482 3354//4482
f 3353//4483 3525//4483 3351//4483
f 3526//4484 3413//4484 3394//4484
f 3396//4485 3527//4485 3414//4485
f 3400//4475 3528//4475 3399//4475
f 3395//4486 3529//4486 3400//4486
f 3414//4487 3530//4487 3401//4487
f 3413//4488 3531//4488 3393//4488
f 3380//4489 3532//4489 3394//4489
f 3532//4490 3533//4490 3394//4490
f 3383//4491 3534//4491 3395//4491
f 3386//4492 3535//4492 3396//4492
f 3399//4493 3536//4493 3390//4493
f 3401//4493 3537//4493 3384//4493
f 3393//4494 3538//4494 3388//4494
f 3381//4495 3539//4495 3380//4495
f 3382//4496 3540//4496 3383//4496
f 3385//4496 3541//4496 3386//4496
f 3390//4497 3542//4497 3389//4497
f 3384//4497 3543//4497 3391//4497
f 3388//4498 3544//4498 3387//4498
f 3402//4499 3545//4499 3381//4499
f 3387//4500 3546//4500 3402//4500
f 3352//4476 3547//4476 3349//4476
f 3349//4475 3548//4475 3350//4475
f 3366//4477 3549//4477 3352//4477
f 3350//4501 3550//4501 3361//4501
f 3429//4502 3551//4502 3366//4502
f 3551//4503 3552//4503 3366//4503
f 3553//4504 3446//4504 3409//4504
f 3445//4505 3554//4505 3429//4505
f 3057//4506 2640//4506 2638//4506
f 2701//4507 3058//4507 3034//4507
f 3078//4508 2618//4508 3040//4508
f 2725//4509 2627//4509 2628//4509
f 2705//4510 2728//4510 2622//4510
f 2729//4508 2640//4508 3057//4508
f 2708//4507 2731//4507 3049//4507
f 2732//4509 2651//4509 2652//4509
f 2710//4510 2734//4510 2647//4510
f 3079//4511 2662//4511 3056//4511
f 3097//4512 2722//4512 2723//4512
f 2716//4513 2743//4513 3090//4513
f 3555//355 3479//355 3478//355
f 3175//355 3555//355 3478//355
f 3272//4514 3312//4514 3479//4514
f 3555//4515 3272//4515 3479//4515
f 3312//4516 3332//4516 3479//4516
f 3332//4517 3480//4517 3479//4517
f 3556//355 3410//355 3480//355
f 3410//355 3438//355 3480//355
f 3438//355 3437//355 3480//355
f 3437//355 3411//355 3480//355
f 3411//355 3481//355 3480//355
f 3313//4518 3300//4518 3480//4518
f 3300//4519 3274//4519 3480//4519
f 3274//355 3556//355 3480//355
f 3332//4517 3313//4517 3480//4517
f 3557//4520 3370//4520 3481//4520
f 3376//355 3557//355 3481//355
f 3411//355 3376//355 3481//355
f 3370//4521 3521//4521 3481//4521
f 3521//355 3520//355 3481//355
f 3520//4522 3426//4522 3481//4522
f 3426//4523 3517//4523 3481//4523
f 3517//4524 3444//4524 3481//4524
f 3444//4525 3482//4525 3481//4525
f 3444//4526 3518//4526 3482//4526
f 3518//4527 3427//4527 3482//4527
f 3427//4528 3519//4528 3482//4528
f 3519//4529 3371//4529 3482//4529
f 3371//4530 3558//4530 3482//4530
f 3275//4531 3315//4531 3482//4531
f 3558//4532 3275//4532 3482//4532
f 3315//4533 3333//4533 3482//4533
f 3333//4517 3483//4517 3482//4517
f 3559//355 3484//355 3483//355
f 3560//355 3559//355 3483//355
f 3561//355 3560//355 3483//355
f 3316//4534 3302//4534 3483//4534
f 3302//4535 3561//4535 3483//4535
f 3333//4517 3316//4517 3483//4517
f 3559//355 3485//355 3484//355
f 3559//355 3562//355 3485//355
f 3562//355 3563//355 3485//355
f 3563//355 3486//355 3485//355
f 3563//355 3564//355 3486//355
f 3564//355 3487//355 3486//355
f 3564//4536 3287//4536 3487//4536
f 3287//4537 3317//4537 3487//4537
f 3317//4538 3335//4538 3487//4538
f 3335//4517 3488//4517 3487//4517
f 3318//4539 3288//4539 3488//4539
f 3335//4517 3318//4517 3488//4517
f 3565//355 3489//355 3488//355
f 3566//355 3565//355 3488//355
f 3288//4540 3566//4540 3488//4540
f 3567//355 3490//355 3489//355
f 3565//355 3567//355 3489//355
f 3568//355 3491//355 3490//355
f 3567//355 3568//355 3490//355
f 3569//355 3492//355 3491//355
f 3568//355 3569//355 3491//355
f 3570//355 3493//355 3492//355
f 3569//355 3570//355 3492//355
f 3495//355 3494//355 3493//355
f 3570//355 3495//355 3493//355
f 3570//355 3512//355 3495//355
f 3570//355 3571//355 3512//355
f 3571//355 3419//355 3512//355
f 3419//355 3513//355 3512//355
f 3560//1 3572//1 3559//1
f 3572//2168 3573//2168 3559//2168
f 3573//2168 3562//2168 3559//2168
f 3574//355 3563//355 3562//355
f 3573//254 3574//254 3562//254
f 3522//4541 3558//4541 3371//4541
f 3557//4542 3365//4542 3370//4542
f 3354//4543 3558//4543 3522//4543
f 3557//4544 3353//4544 3365//4544
f 3524//4545 3558//4545 3354//4545
f 3557//4546 3525//4546 3353//4546
f 3523//355 3558//355 3524//355
f 3557//4547 3351//4547 3525//4547
f 3351//4548 3558//4548 3523//4548
f 3557//4549 3558//4549 3351//4549
f 3276//4550 3561//4550 3302//4550
f 3267//4540 3566//4540 3288//4540
f 3262//4551 3556//4551 3274//4551
f 3263//4552 3561//4552 3276//4552
f 3564//4553 3251//4553 3287//4553
f 3555//4554 3247//4554 3272//4554
f 3558//4555 3249//4555 3275//4555
f 3252//4556 3566//4556 3267//4556
f 3248//4557 3556//4557 3262//4557
f 3250//4558 3561//4558 3263//4558
f 3555//4559 3248//4559 3247//4559
f 3558//4560 3250//4560 3249//4560
f 3564//4561 3252//4561 3251//4561
f 3555//4562 3556//4562 3248//4562
f 3558//4562 3561//4562 3250//4562
f 3564//4563 3566//4563 3252//4563
f 3556//355 3367//355 3410//355
f 3368//355 3557//355 3376//355
f 3575//355 3555//355 3175//355
f 2987//355 3575//355 3175//355
f 3575//355 3576//355 3555//355
f 3576//355 3556//355 3555//355
f 3576//355 3356//355 3556//355
f 3356//355 3367//355 3556//355
f 3577//355 3557//355 3368//355
f 3359//355 3577//355 3368//355
f 3578//355 3558//355 3557//355
f 3577//355 3578//355 3557//355
f 3579//355 3561//355 3558//355
f 3578//355 3579//355 3558//355
f 3580//355 3560//355 3561//355
f 3579//355 3580//355 3561//355
f 3580//1 3572//1 3560//1
f 3581//355 3582//355 3574//355
f 3582//355 3563//355 3574//355
f 3573//254 3581//254 3574//254
f 3582//355 3455//355 3563//355
f 3455//355 3452//355 3563//355
f 3452//355 3451//355 3563//355
f 3451//355 3564//355 3563//355
f 3453//355 3454//355 3564//355
f 3451//355 3453//355 3564//355
f 3454//355 3583//355 3564//355
f 3583//355 3584//355 3564//355
f 3584//355 3566//355 3564//355
f 3584//355 2603//355 3566//355
f 2603//355 3565//355 3566//355
f 2603//355 2624//355 3565//355
f 2624//355 3567//355 3565//355
f 2624//355 2635//355 3567//355
f 2635//355 3568//355 3567//355
f 2635//355 2643//355 3568//355
f 2643//355 3569//355 3568//355
f 2643//355 3585//355 3569//355
f 3585//355 3570//355 3569//355
f 3585//355 3586//355 3570//355
f 3586//355 3571//355 3570//355
f 3586//355 3420//355 3571//355
f 3420//355 3419//355 3571//355
f 3576//355 3577//355 3359//355
f 3355//355 3576//355 3359//355
f 3576//355 3355//355 3356//355
f 3582//355 3459//355 3455//355
f 3457//355 3583//355 3454//355
f 3582//355 3461//355 3459//355
f 3461//355 3583//355 3457//355
f 3582//355 3583//355 3461//355
f 3587//355 2603//355 3584//355
f 3587//355 2624//355 2603//355
f 3588//355 2635//355 2624//355
f 3588//355 2643//355 2635//355
f 3413//4564 3526//4564 3585//4564
f 3526//468 3586//468 3585//468
f 3400//4565 3420//4565 3586//4565
f 3399//4566 3528//4566 3586//4566
f 3528//4567 3400//4567 3586//4567
f 3526//4568 3394//4568 3586//4568
f 3400//4569 3529//4569 3420//4569
f 3529//4570 3414//4570 3420//4570
f 3414//4571 3527//4571 3420//4571
f 3529//4572 3530//4572 3414//4572
f 3395//4573 3401//4573 3529//4573
f 3401//4573 3530//4573 3529//4573
f 3396//4574 3420//4574 3527//4574
f 3589//355 3575//355 2987//355
f 2986//355 3589//355 2987//355
f 3589//355 3590//355 3575//355
f 3590//355 3576//355 3575//355
f 3590//355 3591//355 3576//355
f 3591//355 3577//355 3576//355
f 3592//355 3578//355 3577//355
f 3591//355 3592//355 3577//355
f 3593//355 3579//355 3578//355
f 3592//355 3593//355 3578//355
f 3594//355 3580//355 3579//355
f 3593//355 3594//355 3579//355
f 3595//1 3572//1 3580//1
f 3594//1 3595//1 3580//1
f 3596//355 3582//355 3581//355
f 3597//355 3596//355 3581//355
f 3598//254 3597//254 3581//254
f 3573//254 3598//254 3581//254
f 3599//355 3583//355 3582//355
f 3596//355 3599//355 3582//355
f 3600//355 3584//355 3583//355
f 3599//355 3600//355 3583//355
f 3600//355 2701//355 3584//355
f 2701//4575 3034//4575 3584//4575
f 3034//4576 2607//4576 3584//4576
f 2607//4577 2605//4577 3584//4577
f 2605//4578 2617//4578 3584//4578
f 2617//4579 3587//4579 3584//4579
f 2617//4580 2615//4580 3587//4580
f 2615//4581 3040//4581 3587//4581
f 3040//4582 2614//4582 3587//4582
f 2613//4583 2611//4583 3587//4583
f 2614//4584 3035//4584 3587//4584
f 3035//4585 2613//4585 3587//4585
f 2611//4586 2630//4586 3587//4586
f 2630//4587 2624//4587 3587//4587
f 2638//4588 2634//4588 2624//4588
f 2625//4589 2638//4589 2624//4589
f 2630//4590 2625//4590 2624//4590
f 2634//355 2708//355 2624//355
f 2708//4591 3049//4591 2624//4591
f 3049//4592 2632//4592 2624//4592
f 2632//4593 2637//4593 2624//4593
f 2637//4594 2650//4594 2624//4594
f 2650//4595 3588//4595 2624//4595
f 2650//4596 2652//4596 3588//4596
f 2652//4582 2648//4582 3588//4582
f 2647//4597 2645//4597 3588//4597
f 2648//355 2710//355 3588//355
f 2710//4598 2647//4598 3588//4598
f 2645//4599 2643//4599 3588//4599
f 2659//4600 3056//4600 2643//4600
f 3056//4582 2658//4582 2643//4582
f 2645//4594 2661//4594 2643//4594
f 2661//4601 2659//4601 2643//4601
f 2657//4602 2655//4602 2643//4602
f 2658//4584 2719//4584 2643//4584
f 2719//4603 2657//4603 2643//4603
f 2655//4604 2653//4604 2643//4604
f 2653//4605 3585//4605 2643//4605
f 3531//4606 3413//4606 3585//4606
f 3393//4607 3531//4607 3585//4607
f 3601//4608 3388//4608 3585//4608
f 3388//4609 3538//4609 3585//4609
f 3538//4610 3393//4610 3585//4610
f 2667//4611 2670//4611 3585//4611
f 2670//4612 3601//4612 3585//4612
f 2653//4613 2667//4613 3585//4613
f 3533//4614 3586//4614 3394//4614
f 3536//4615 3399//4615 3586//4615
f 3602//355 3542//355 3586//355
f 3542//4616 3390//4616 3586//4616
f 3390//4617 3536//4617 3586//4617
f 3533//355 3532//355 3586//355
f 3532//4618 3380//4618 3586//4618
f 3380//4619 3602//4619 3586//4619
f 3395//4620 3534//4620 3401//4620
f 3396//4621 3535//4621 3420//4621
f 3535//4622 3386//4622 3420//4622
f 3386//4623 3422//4623 3420//4623
f 3534//4620 3537//4620 3401//4620
f 2630//355 2628//355 2625//355
f 2628//355 2620//355 2625//355
f 2628//355 2622//355 2620//355
f 3383//4624 3537//4624 3534//4624
f 3383//4624 3384//4624 3537//4624
f 3539//4625 3602//4625 3380//4625
f 3540//4626 3543//4626 3383//4626
f 3543//4626 3384//4626 3383//4626
f 3541//4627 3422//4627 3386//4627
f 2618//4628 2614//4628 3040//4628
f 2627//4629 2705//4629 2628//4629
f 2705//4629 2622//4629 2628//4629
f 2640//4630 2634//4630 2638//4630
f 2651//4631 2648//4631 2652//4631
f 2662//4632 2658//4632 3056//4632
f 2720//4633 3601//4633 2670//4633
f 3600//4634 3058//4634 2701//4634
f 3078//4635 2614//4635 2618//4635
f 2614//4636 2716//4636 3035//4636
f 2725//4637 2705//4637 2627//4637
f 2725//4637 2728//4637 2705//4637
f 3079//4638 2658//4638 2662//4638
f 3601//4639 3544//4639 3388//4639
f 3381//4640 3602//4640 3539//4640
f 3602//4641 3389//4641 3542//4641
f 3382//4642 3391//4642 3540//4642
f 3391//4642 3543//4642 3540//4642
f 3385//4643 3422//4643 3541//4643
f 3600//4644 2722//4644 3058//4644
f 2723//4645 2614//4645 3078//4645
f 2761//355 2728//355 2725//355
f 2735//4645 2658//4645 3079//4645
f 2739//4646 3601//4646 2720//4646
f 3601//4647 3387//4647 3544//4647
f 3545//4648 3602//4648 3381//4648
f 3602//4648 3397//4648 3389//4648
f 3403//4648 3398//4648 3382//4648
f 3398//4648 3391//4648 3382//4648
f 3404//4648 3422//4648 3385//4648
f 2743//4649 2634//4649 2725//4649
f 2634//4650 2761//4650 2725//4650
f 2761//4651 2634//4651 2729//4651
f 2634//4652 2764//4652 2731//4652
f 2764//4653 2648//4653 2732//4653
f 2648//4654 3091//4654 2734//4654
f 2648//4655 2735//4655 3091//4655
f 2738//355 3601//355 2739//355
f 3600//355 2614//355 2722//355
f 2614//355 2634//355 2743//355
f 2658//355 3601//355 2738//355
f 3603//355 3589//355 2986//355
f 2984//355 3603//355 2986//355
f 3603//355 3604//355 3589//355
f 3604//355 3590//355 3589//355
f 3604//355 3605//355 3590//355
f 3605//355 3591//355 3590//355
f 3606//355 3592//355 3591//355
f 3605//355 3606//355 3591//355
f 3607//355 3593//355 3592//355
f 3606//355 3607//355 3592//355
f 3608//355 3594//355 3593//355
f 3607//355 3608//355 3593//355
f 3608//1 3595//1 3594//1
f 3609//355 3596//355 3597//355
f 3610//355 3609//355 3597//355
f 3598//254 3610//254 3597//254
f 3609//355 3474//355 3596//355
f 3474//355 3471//355 3596//355
f 3471//355 3469//355 3596//355
f 3469//355 3467//355 3596//355
f 3467//355 3599//355 3596//355
f 3468//355 3470//355 3599//355
f 3467//355 3468//355 3599//355
f 3611//355 3600//355 3599//355
f 3612//355 3611//355 3599//355
f 3470//355 3612//355 3599//355
f 3613//355 2614//355 3600//355
f 3611//355 3613//355 3600//355
f 3614//355 2634//355 2614//355
f 3613//355 3614//355 2614//355
f 3615//355 2648//355 2634//355
f 3614//355 3615//355 2634//355
f 3616//355 2658//355 2648//355
f 3615//355 3616//355 2648//355
f 3617//355 3601//355 2658//355
f 3616//355 3617//355 2658//355
f 3546//4656 3387//4656 3601//4656
f 3617//355 3546//355 3601//355
f 3618//355 3602//355 3545//355
f 3618//355 3397//355 3602//355
f 3425//355 3422//355 3404//355
f 3617//4657 3402//4657 3546//4657
f 3617//355 3618//355 3545//355
f 3402//4658 3617//4658 3545//4658
f 3618//4659 3415//4659 3397//4659
f 3425//355 3398//355 3403//355
f 3415//4660 3425//4660 3403//4660
f 3425//4661 3416//4661 3398//4661
f 3416//4662 3425//4662 3404//4662
f 3618//4663 3425//4663 3415//4663
f 3473//355 3612//355 3470//355
f 3609//355 3477//355 3474//355
f 3477//355 3612//355 3473//355
f 3609//355 3612//355 3477//355
f 3195//355 3496//355 2984//355
f 3496//355 3603//355 2984//355
f 3496//355 3289//355 3603//355
f 3289//4664 3268//4664 3603//4664
f 3268//4665 3254//4665 3603//4665
f 3254//4666 3604//4666 3603//4666
f 3254//4666 3253//4666 3604//4666
f 3253//4667 3279//4667 3604//4667
f 3279//4668 3291//4668 3604//4668
f 3291//4669 3498//4669 3604//4669
f 3498//355 3377//355 3604//355
f 3377//355 3364//355 3604//355
f 3364//355 3357//355 3604//355
f 3357//355 3358//355 3604//355
f 3358//355 3605//355 3604//355
f 3378//355 3497//355 3605//355
f 3360//355 3378//355 3605//355
f 3358//355 3360//355 3605//355
f 3497//355 3375//355 3605//355
f 3375//4670 3361//4670 3605//4670
f 3361//4671 3550//4671 3605//4671
f 3550//4672 3350//4672 3605//4672
f 3350//4673 3548//4673 3605//4673
f 3349//4674 3606//4674 3605//4674
f 3548//4675 3349//4675 3605//4675
f 3349//4676 3547//4676 3606//4676
f 3547//4677 3352//4677 3606//4677
f 3352//4678 3549//4678 3606//4678
f 3549//4679 3366//4679 3606//4679
f 3366//4530 3501//4530 3606//4530
f 3293//4680 3270//4680 3606//4680
f 3501//4681 3293//4681 3606//4681
f 3270//4682 3244//4682 3606//4682
f 3240//355 3607//355 3606//355
f 3244//4683 3240//4683 3606//4683
f 3619//355 3608//355 3607//355
f 3264//4684 3294//4684 3607//4684
f 3240//4685 3264//4685 3607//4685
f 3294//4686 3310//4686 3607//4686
f 3310//4535 3500//4535 3607//4535
f 3500//355 3619//355 3607//355
f 3619//1 3595//1 3608//1
f 3620//355 3502//355 3610//355
f 3502//355 3609//355 3610//355
f 3598//254 3620//254 3610//254
f 3502//355 3612//355 3609//355
f 3502//355 3506//355 3612//355
f 3506//355 3505//355 3612//355
f 3505//355 3296//355 3612//355
f 3296//4687 3271//4687 3612//4687
f 3271//4688 3246//4688 3612//4688
f 3246//4689 3245//4689 3612//4689
f 3245//355 3611//355 3612//355
f 3265//4690 3282//4690 3611//4690
f 3245//4691 3265//4691 3611//4691
f 3503//355 3613//355 3611//355
f 3504//355 3503//355 3611//355
f 3282//4692 3504//4692 3611//4692
f 3511//355 3614//355 3613//355
f 3503//355 3511//355 3613//355
f 3510//355 3615//355 3614//355
f 3511//355 3510//355 3614//355
f 3509//355 3616//355 3615//355
f 3510//355 3509//355 3615//355
f 3508//355 3617//355 3616//355
f 3509//355 3508//355 3616//355
f 3514//355 3618//355 3617//355
f 3508//355 3514//355 3617//355
f 3515//355 3516//355 3618//355
f 3516//355 3425//355 3618//355
f 3514//355 3515//355 3618//355
f 3412//355 3497//355 3378//355
f 3498//355 3418//355 3377//355
f 3439//355 3497//355 3412//355
f 3498//355 3497//355 3439//355
f 3498//355 3440//355 3418//355
f 3440//355 3498//355 3439//355
f 3311//4693 3504//4693 3282//4693
f 3496//4694 3320//4694 3289//4694
f 3326//4695 3498//4695 3291//4695
f 3327//4696 3500//4696 3310//4696
f 3505//4697 3322//4697 3296//4697
f 3328//4698 3504//4698 3311//4698
f 3501//4699 3336//4699 3293//4699
f 3320//4700 3498//4700 3326//4700
f 3336//4700 3500//4700 3327//4700
f 3505//4700 3504//4700 3328//4700
f 3322//4700 3505//4700 3328//4700
f 3496//4700 3498//4700 3320//4700
f 3501//4700 3500//4700 3336//4700
f 3552//4701 3501//4701 3366//4701
f 3497//4702 3409//4702 3375//4702
f 3551//355 3501//355 3552//355
f 3497//4703 3553//4703 3409//4703
f 3429//4704 3501//4704 3551//4704
f 3497//355 3446//355 3553//355
f 3554//4705 3501//4705 3429//4705
f 3497//4706 3445//4706 3446//4706
f 3445//4707 3501//4707 3554//4707
f 3500//355 3499//355 3619//355
f 3499//355 3620//355 3619//355
f 3620//2169 3595//2169 3619//2169
f 3499//355 3502//355 3620//355
f 3598//2169 3595//2169 3620//2169
f 3497//4708 3501//4708 3445//4708
f 3508//355 3507//355 3514//355
f 3220//4709 3621//4709 3237//4709
f 3621//4710 3622//4710 3237//4710
f 3233//4475 3623//4475 3229//4475
f 3214//4711 3624//4711 3233//4711
f 3624//4712 3625//4712 3233//4712
f 3237//4713 3626//4713 3215//4713
f 3229//4714 3627//4714 3170//4714
f 3166//4715 3628//4715 3220//4715
f 3165//4716 3629//4716 3214//4716
f 3630//4717 3172//4717 3215//4717
f 3631//4718 3145//4718 3170//4718
f 3148//4719 3632//4719 3165//4719
f 3140//4720 3633//4720 3166//4720
f 3633//4721 3634//4721 3166//4721
f 3631//4722 3635//4722 3145//4722
f 3172//4723 3636//4723 3149//4723
f 3139//4505 3637//4505 3148//4505
f 3638//4483 3139//4483 3145//4483
f 3639//4724 3141//4724 3149//4724
f 3141//4725 3640//4725 3140//4725
f 3152//4726 3641//4726 3142//4726
f 3641//4727 3642//4727 3142//4727
f 3642//4728 3643//4728 3142//4728
f 3643//4729 3150//4729 3142//4729
f 3164//4730 3644//4730 3143//4730
f 3644//4731 3645//4731 3143//4731
f 3643//4732 3646//4732 3150//4732
f 3144//4733 3647//4733 3154//4733
f 3174//4734 3648//4734 3152//4734
f 3648//4735 3649//4735 3152//4735
f 3150//4494 3650//4494 3167//4494
f 3154//4494 3651//4494 3169//4494
f 3217//4736 3652//4736 3164//4736
f 3652//4737 3653//4737 3164//4737
f 3228//4719 3654//4719 3174//4719
f 3651//4738 3655//4738 3169//4738
f 3655//4739 3223//4739 3169//4739
f 3656//4740 3652//4740 3217//4740
f 3657//4723 3227//4723 3167//4723
f 3658//4741 3654//4741 3228//4741
f 3655//4742 3659//4742 3223//4742
f 3236//4743 3656//4743 3217//4743
f 3657//4744 3660//4744 3227//4744
f 3660//4745 3234//4745 3227//4745
f 3234//4746 3661//4746 3228//4746
f 3661//4747 3658//4747 3228//4747
f 3239//4748 3662//4748 3236//4748
f 3660//4749 3663//4749 3234//4749
f 3664//4750 3661//4750 3234//4750
f 3665//4751 3239//4751 3223//4751
f 3666//4750 3662//4750 3239//4750
f 3663//4752 3664//4752 3234//4752
f 3665//4752 3666//4752 3239//4752
f 3595//355 3650//355 3572//355
f 3650//4753 3150//4753 3572//4753
f 3150//4754 3646//4754 3572//4754
f 3646//4755 3145//4755 3572//4755
f 3145//4756 3635//4756 3572//4756
f 3635//355 3631//355 3572//355
f 3631//4757 3170//4757 3572//4757
f 3170//4758 3627//4758 3572//4758
f 3627//4759 3229//4759 3572//4759
f 3229//4760 3623//4760 3572//4760
f 3623//4761 3233//4761 3572//4761
f 3233//4762 3573//4762 3572//4762
f 3621//4763 3220//4763 3573//4763
f 3233//4764 3625//4764 3573//4764
f 3625//355 3624//355 3573//355
f 3624//4765 3214//4765 3573//4765
f 3214//4766 3629//4766 3573//4766
f 3629//4767 3165//4767 3573//4767
f 3220//4768 3628//4768 3573//4768
f 3628//4769 3166//4769 3573//4769
f 3166//4770 3634//4770 3573//4770
f 3634//355 3644//355 3573//355
f 3644//4771 3164//4771 3573//4771
f 3164//4772 3598//4772 3573//4772
f 3165//4773 3622//4773 3573//4773
f 3165//4774 3237//4774 3622//4774
f 3148//355 3152//355 3237//355
f 3152//4775 3626//4775 3237//4775
f 3165//4776 3632//4776 3237//4776
f 3632//4777 3148//4777 3237//4777
f 3152//4778 3215//4778 3626//4778
f 3152//4779 3630//4779 3215//4779
f 3152//4780 3172//4780 3630//4780
f 3152//4781 3649//4781 3172//4781
f 3649//4782 3636//4782 3172//4782
f 3633//355 3647//355 3634//355
f 3647//355 3144//355 3634//355
f 3144//4783 3143//4783 3634//4783
f 3143//4784 3645//4784 3634//4784
f 3645//355 3644//355 3634//355
f 3649//355 3648//355 3636//355
f 3648//4785 3149//4785 3636//4785
f 3140//4786 3647//4786 3633//4786
f 3643//4787 3638//4787 3145//4787
f 3646//4788 3643//4788 3145//4788
f 3637//4789 3152//4789 3148//4789
f 3654//4790 3658//4790 3149//4790
f 3651//4791 3639//4791 3149//4791
f 3658//4792 3651//4792 3149//4792
f 3648//4793 3174//4793 3149//4793
f 3174//4794 3654//4794 3149//4794
f 3640//4795 3647//4795 3140//4795
f 3643//4796 3139//4796 3638//4796
f 3139//4797 3642//4797 3637//4797
f 3642//355 3641//355 3637//355
f 3641//4789 3152//4789 3637//4789
f 3651//355 3141//355 3639//355
f 3154//4798 3647//4798 3640//4798
f 3141//4799 3154//4799 3640//4799
f 3643//4800 3642//4800 3139//4800
f 3651//4801 3154//4801 3141//4801
f 3653//4802 3598//4802 3164//4802
f 3595//4803 3167//4803 3650//4803
f 3658//355 3655//355 3651//355
f 3652//355 3598//355 3653//355
f 3595//4804 3657//4804 3167//4804
f 3658//355 3659//355 3655//355
f 3658//4805 3223//4805 3659//4805
f 3236//355 3598//355 3656//355
f 3661//355 3598//355 3658//355
f 3598//355 3666//355 3658//355
f 3666//355 3665//355 3658//355
f 3665//4806 3223//4806 3658//4806
f 3662//355 3598//355 3236//355
f 3664//355 3598//355 3661//355
f 3595//355 3598//355 3664//355
f 3667//4807 3668//4807 3669//4807
f 3668//4808 3670//4808 3669//4808
f 3670//4809 3671//4809 3669//4809
f 3671//4810 3672//4810 3669//4810
f 3672//4811 3673//4811 3669//4811
f 3673//4812 699//4812 3669//4812
f 699//4813 3667//4813 3669//4813
f 520//254 699//254 3673//254
f 3674//254 520//254 3673//254
f 3672//4811 3674//4811 3673//4811
f 520//254 3675//254 699//254
f 3675//4814 3667//4814 699//4814
f 3676//4815 3677//4815 3667//4815
f 3677//4816 3668//4816 3667//4816
f 3678//4817 3676//4817 3667//4817
f 3679//4818 3678//4818 3667//4818
f 3675//4819 3680//4819 3667//4819
f 3680//4819 3679//4819 3667//4819
f 520//254 3680//254 3675//254
f 3671//4820 3681//4820 3672//4820
f 3681//4821 3682//4821 3672//4821
f 3682//4822 3674//4822 3672//4822
f 3683//254 520//254 3674//254
f 3682//4822 3683//4822 3674//4822
f 3684//1 3685//1 3679//1
f 3685//1 3686//1 3679//1
f 3687//4823 3678//4823 3679//4823
f 3688//4824 3687//4824 3679//4824
f 3686//4825 3688//4825 3679//4825
f 3680//4826 3689//4826 3679//4826
f 3689//4826 3684//4826 3679//4826
f 520//254 3689//254 3680//254
f 3690//4827 3671//4827 3670//4827
f 3668//4828 3691//4828 3670//4828
f 3691//4829 3690//4829 3670//4829
f 3677//4830 3692//4830 3668//4830
f 3692//4831 3691//4831 3668//4831
f 3693//4832 3671//4832 3690//4832
f 3693//4833 3690//4833 3694//4833
f 3695//4834 3693//4834 3694//4834
f 3696//1 3695//1 3694//1
f 3697//1 3696//1 3694//1
f 3691//4835 3697//4835 3694//4835
f 3690//4836 3691//4836 3694//4836
f 3676//4837 3698//4837 3677//4837
f 3698//4838 3692//4838 3677//4838
f 3692//4839 3697//4839 3691//4839
f 3693//4840 3681//4840 3671//4840
f 3699//1 3696//1 3697//1
f 3692//4841 3699//4841 3697//4841
f 3700//4842 3681//4842 3693//4842
f 3695//4843 3700//4843 3693//4843
f 3701//4844 3682//4844 3681//4844
f 3698//4845 3699//4845 3692//4845
f 3702//4846 3700//4846 3695//4846
f 3703//4847 3702//4847 3695//4847
f 3696//1 3703//1 3695//1
f 3702//4848 3681//4848 3700//4848
f 3701//4849 3704//4849 3682//4849
f 3704//4850 3705//4850 3682//4850
f 3705//4851 3683//4851 3682//4851
f 426//254 520//254 3683//254
f 3705//254 426//254 3683//254
f 3706//4852 3707//4852 3684//4852
f 3708//4853 3706//4853 3684//4853
f 3707//4854 3709//4854 3684//4854
f 3709//4855 3685//4855 3684//4855
f 3689//4856 1017//4856 3684//4856
f 1017//4857 3708//4857 3684//4857
f 520//254 1017//254 3689//254
f 3678//4858 3710//4858 3676//4858
f 3710//4859 3698//4859 3676//4859
f 3711//1 3696//1 3699//1
f 3698//4860 3711//4860 3699//4860
f 3712//4861 3701//4861 3681//4861
f 3710//4862 3711//4862 3698//4862
f 3702//4863 3712//4863 3681//4863
f 3703//4864 3713//4864 3702//4864
f 3713//4865 3712//4865 3702//4865
f 3714//4866 3704//4866 3701//4866
f 3687//4867 3715//4867 3678//4867
f 3715//4868 3710//4868 3678//4868
f 3712//4869 3714//4869 3701//4869
f 3716//1 3696//1 3711//1
f 3715//4870 3716//4870 3711//4870
f 3710//4871 3715//4871 3711//4871
f 3712//4872 3713//4872 3703//4872
f 3717//4873 3712//4873 3703//4873
f 3696//1 3717//1 3703//1
f 3718//4874 3714//4874 3712//4874
f 3717//4875 3718//4875 3712//4875
f 3706//4876 3709//4876 3707//4876
f 3708//4877 3719//4877 3706//4877
f 3704//4878 426//4878 3705//4878
f 3706//4879 3720//4879 3709//4879
f 3688//4880 3721//4880 3687//4880
f 3722//254 427//254 426//254
f 3704//4881 3722//4881 426//4881
f 507//254 520//254 426//254
f 3723//254 763//254 520//254
f 762//254 759//254 520//254
f 759//254 1017//254 520//254
f 507//254 522//254 520//254
f 522//254 521//254 520//254
f 569//254 3723//254 520//254
f 990//254 3724//254 1017//254
f 759//254 990//254 1017//254
f 3724//4882 3708//4882 1017//4882
f 3709//4883 3686//4883 3685//4883
f 3721//4884 3715//4884 3687//4884
f 3719//4885 3720//4885 3706//4885
f 3720//4886 3725//4886 3709//4886
f 3714//4887 3726//4887 3704//4887
f 3726//1 3727//1 3704//1
f 3728//4888 3722//4888 3704//4888
f 3727//4888 3728//4888 3704//4888
f 3728//254 428//254 3722//254
f 428//254 427//254 3722//254
f 3729//4889 3730//4889 3708//4889
f 3730//4890 3719//4890 3708//4890
f 3724//4891 3731//4891 3708//4891
f 3731//4892 3729//4892 3708//4892
f 999//254 3731//254 3724//254
f 990//254 999//254 3724//254
f 3732//4893 3686//4893 3709//4893
f 3719//4894 3733//4894 3720//4894
f 3725//4895 3732//4895 3709//4895
f 3734//4896 3688//4896 3686//4896
f 3732//4897 3734//4897 3686//4897
f 3735//1 3736//1 3737//1
f 3725//4898 3720//4898 3737//4898
f 3720//4899 3735//4899 3737//4899
f 3738//4900 3726//4900 3714//4900
f 3739//4901 3732//4901 3725//4901
f 3720//4902 3740//4902 3735//4902
f 3740//1 3736//1 3735//1
f 3733//4903 3740//4903 3720//4903
f 3721//4904 3716//4904 3715//4904
f 3736//4905 3725//4905 3737//4905
f 3736//4906 3739//4906 3725//4906
f 3718//4907 3738//4907 3714//4907
f 3741//4908 3734//4908 3732//4908
f 3742//4909 3741//4909 3732//4909
f 3743//4910 3738//4910 3718//4910
f 3743//4911 3718//4911 3717//4911
f 3744//4912 3743//4912 3717//4912
f 3696//1 3745//1 3717//1
f 3745//1 3746//1 3717//1
f 3746//1 3747//1 3717//1
f 3747//1 3744//1 3717//1
f 3748//1 3749//1 3696//1
f 3716//1 3748//1 3696//1
f 3750//1 3751//1 3696//1
f 3751//1 3745//1 3696//1
f 3752//1 3750//1 3696//1
f 3753//1 3752//1 3696//1
f 3749//1 3753//1 3696//1
f 3721//4913 3748//4913 3716//4913
f 3733//4914 3754//4914 3740//4914
f 3754//1 3755//1 3740//1
f 3755//1 3756//1 3740//1
f 3756//1 3757//1 3740//1
f 3757//1 3736//1 3740//1
f 3758//4915 3742//4915 3732//4915
f 3739//4916 3758//4916 3732//4916
f 3757//1 3759//1 3736//1
f 3759//1 3760//1 3736//1
f 3760//1 3761//1 3736//1
f 3761//4917 3739//4917 3736//4917
f 3761//4918 3758//4918 3739//4918
f 3734//4919 3762//4919 3688//4919
f 3762//4920 3721//4920 3688//4920
f 3762//4921 3763//4921 3721//4921
f 3763//4922 3748//4922 3721//4922
f 3738//4923 3743//4923 3744//4923
f 3764//4924 3738//4924 3744//4924
f 3765//1 3764//1 3744//1
f 3747//1 3766//1 3744//1
f 3766//1 3765//1 3744//1
f 3767//4925 3733//4925 3719//4925
f 3730//4926 3767//4926 3719//4926
f 3767//4927 3768//4927 3733//4927
f 3768//4928 3754//4928 3733//4928
f 3763//4929 3749//4929 3748//4929
f 3769//1 3727//1 3726//1
f 3738//4930 3769//4930 3726//4930
f 3767//4931 3770//4931 3754//4931
f 3768//4928 3767//4928 3754//4928
f 3770//1 3771//1 3754//1
f 3771//1 3755//1 3754//1
f 3729//4932 3772//4932 3730//4932
f 3772//4933 3773//4933 3730//4933
f 3774//4934 3769//4934 3738//4934
f 3775//4935 3749//4935 3763//4935
f 3762//4936 3775//4936 3763//4936
f 3741//4937 3775//4937 3762//4937
f 3734//4938 3741//4938 3762//4938
f 3776//4939 3774//4939 3738//4939
f 3764//4940 3776//4940 3738//4940
f 3773//4941 3767//4941 3730//4941
f 370//254 358//254 3728//254
f 3777//254 370//254 3728//254
f 358//254 357//254 3728//254
f 357//254 428//254 3728//254
f 3773//4942 3778//4942 3767//4942
f 3769//1 3779//1 3727//1
f 3779//4943 3780//4943 3727//4943
f 3780//4944 3728//4944 3727//4944
f 3780//254 3781//254 3728//254
f 3781//254 3777//254 3728//254
f 3782//4945 3783//4945 3729//4945
f 3783//4946 3772//4946 3729//4946
f 3731//4947 3782//4947 3729//4947
f 999//254 1021//254 3731//254
f 3778//4948 3770//4948 3767//4948
f 1021//254 1050//254 3731//254
f 1050//254 1068//254 3731//254
f 1068//254 3784//254 3731//254
f 3784//254 3785//254 3731//254
f 3785//4949 3782//4949 3731//4949
f 3775//4950 3753//4950 3749//4950
f 3786//4951 3753//4951 3775//4951
f 3787//4952 3786//4952 3775//4952
f 3741//4953 3787//4953 3775//4953
f 3788//4954 3787//4954 3741//4954
f 3742//4955 3788//4955 3741//4955
f 3783//4956 3773//4956 3772//4956
f 3774//4957 3776//4957 3764//4957
f 3789//4958 3774//4958 3764//4958
f 3765//1 3790//1 3764//1
f 3790//1 3791//1 3764//1
f 3791//1 3789//1 3764//1
f 3792//4959 3779//4959 3769//4959
f 3782//4960 3793//4960 3783//4960
f 3793//4961 3794//4961 3783//4961
f 3795//4962 507//4962 427//4962
f 3796//4963 522//4963 507//4963
f 3795//4964 3796//4964 507//4964
f 3797//4962 990//4962 759//4962
f 3798//4965 3797//4965 759//4965
f 3799//4963 999//4963 990//4963
f 3797//4964 3799//4964 990//4964
f 3794//4966 3773//4966 3783//4966
f 3800//4965 3795//4965 427//4965
f 3774//4967 3792//4967 3769//4967
f 3801//1 3771//1 3770//1
f 3802//4968 3800//4968 427//4968
f 428//4969 3802//4969 427//4969
f 3803//4970 521//4970 522//4970
f 3796//4971 3803//4971 522//4971
f 3804//4968 3798//4968 759//4968
f 762//4972 3804//4972 759//4972
f 3805//4970 1021//4970 999//4970
f 3799//4971 3805//4971 999//4971
f 3794//4973 3778//4973 3773//4973
f 3788//4974 3786//4974 3787//4974
f 3747//2168 3796//2168 3766//2168
f 3796//2168 3795//2168 3766//2168
f 3795//4975 3765//4975 3766//4975
f 3800//4975 3765//4975 3795//4975
f 3746//4976 3803//4976 3747//4976
f 3803//4976 3796//4976 3747//4976
f 3756//2168 3799//2168 3757//2168
f 3799//2168 3797//2168 3757//2168
f 3797//4975 3759//4975 3757//4975
f 3798//4975 3759//4975 3797//4975
f 3755//4976 3805//4976 3756//4976
f 3805//4976 3799//4976 3756//4976
f 3806//1 3807//1 3770//1
f 3807//1 3801//1 3770//1
f 3778//4977 3806//4977 3770//4977
f 3808//4978 3774//4978 3789//4978
f 3809//4979 3808//4979 3789//4979
f 3810//1 3811//1 3789//1
f 3791//1 3812//1 3789//1
f 3812//1 3810//1 3789//1
f 3811//1 3809//1 3789//1
f 3782//4980 3813//4980 3793//4980
f 3813//4981 3794//4981 3793//4981
f 3742//4982 3814//4982 3788//4982
f 3815//1 3752//1 3753//1
f 3786//4983 3815//4983 3753//4983
f 3814//4984 3786//4984 3788//4984
f 3800//4985 3790//4985 3765//4985
f 3802//4985 3790//4985 3800//4985
f 3745//4986 3816//4986 3746//4986
f 3816//4986 3803//4986 3746//4986
f 3816//4987 521//4987 3803//4987
f 3798//4985 3760//4985 3759//4985
f 3804//4985 3760//4985 3798//4985
f 3771//4986 3817//4986 3755//4986
f 3817//4986 3805//4986 3755//4986
f 3817//4987 1021//4987 3805//4987
f 3808//4988 3792//4988 3774//4988
f 3814//4989 3818//4989 3788//4989
f 3819//4990 3778//4990 3794//4990
f 3778//4991 3819//4991 3806//4991
f 3820//4992 3818//4992 3814//4992
f 3742//4993 3820//4993 3814//4993
f 3821//4994 3802//4994 428//4994
f 357//4995 3821//4995 428//4995
f 3816//4996 569//4996 521//4996
f 3822//4997 3804//4997 762//4997
f 3817//4996 1050//4996 1021//4996
f 3818//4998 3786//4998 3814//4998
f 3820//4999 3823//4999 3818//4999
f 3824//1 3752//1 3815//1
f 3786//5000 3818//5000 3815//5000
f 3825//1 3807//1 3806//1
f 3819//5001 3825//5001 3806//5001
f 3794//5002 3826//5002 3819//5002
f 3802//2756 3791//2756 3790//2756
f 3821//2756 3791//2756 3802//2756
f 3751//5003 3827//5003 3745//5003
f 3827//5003 3816//5003 3745//5003
f 3827//5004 569//5004 3816//5004
f 3828//1 3761//1 3760//1
f 3804//2756 3828//2756 3760//2756
f 3822//2756 3828//2756 3804//2756
f 3801//5003 3829//5003 3771//5003
f 3829//5003 3817//5003 3771//5003
f 3829//5004 1050//5004 3817//5004
f 3813//5005 3826//5005 3794//5005
f 3830//1 3824//1 3815//1
f 3831//1 3830//1 3815//1
f 3818//5006 3832//5006 3815//5006
f 3832//5007 3833//5007 3815//5007
f 3833//5008 3831//5008 3815//5008
f 3834//5009 3832//5009 3818//5009
f 3835//5010 3836//5010 3818//5010
f 3836//5011 3834//5011 3818//5011
f 3823//5012 3835//5012 3818//5012
f 3782//5013 3837//5013 3813//5013
f 3837//5014 3826//5014 3813//5014
f 3819//5015 3838//5015 3825//5015
f 3826//5016 3838//5016 3819//5016
f 3839//5017 3821//5017 357//5017
f 358//5018 3839//5018 357//5018
f 586//254 3723//254 569//254
f 3827//5019 586//5019 569//5019
f 3840//5017 3822//5017 762//5017
f 763//5020 3840//5020 762//5020
f 3829//5019 1068//5019 1050//5019
f 3841//1 3807//1 3825//1
f 3842//1 3843//1 3825//1
f 3843//1 3844//1 3825//1
f 3844//1 3841//1 3825//1
f 3838//5021 3842//5021 3825//5021
f 3845//5021 3842//5021 3838//5021
f 3837//5022 3846//5022 3826//5022
f 3821//5023 3812//5023 3791//5023
f 3839//5023 3812//5023 3821//5023
f 3750//5024 3847//5024 3751//5024
f 3847//5024 3827//5024 3751//5024
f 3847//5025 586//5025 3827//5025
f 3848//1 3761//1 3828//1
f 3822//5023 3848//5023 3828//5023
f 3840//5023 3848//5023 3822//5023
f 3807//5024 3849//5024 3801//5024
f 3849//5024 3829//5024 3801//5024
f 3849//5025 1068//5025 3829//5025
f 3826//5026 3850//5026 3838//5026
f 3850//5027 3845//5027 3838//5027
f 3782//1 3851//1 3837//1
f 3851//1 3852//1 3837//1
f 3852//5028 3853//5028 3837//5028
f 3853//5029 3846//5029 3837//5029
f 3846//5030 3850//5030 3826//5030
f 3854//5031 3855//5031 3846//5031
f 3853//5032 3856//5032 3846//5032
f 3856//5033 3854//5033 3846//5033
f 3855//5034 3850//5034 3846//5034
f 3857//5035 3839//5035 358//5035
f 370//5036 3857//5036 358//5036
f 3839//5037 3810//5037 3812//5037
f 3857//5037 3810//5037 3839//5037
f 3858//1 3859//1 3750//1
f 3752//1 3858//1 3750//1
f 3859//5038 3860//5038 3750//5038
f 3860//5038 3847//5038 3750//5038
f 3860//5039 588//5039 3847//5039
f 588//5040 586//5040 3847//5040
f 588//254 3723//254 586//254
f 3723//254 773//254 763//254
f 3861//5035 3840//5035 763//5035
f 773//5036 3861//5036 763//5036
f 3862//1 3831//1 3848//1
f 3831//1 3761//1 3848//1
f 3840//5037 3862//5037 3848//5037
f 3861//5037 3862//5037 3840//5037
f 3841//5038 3863//5038 3807//5038
f 3863//5038 3849//5038 3807//5038
f 3863//5041 1052//5041 3849//5041
f 1052//5042 1068//5042 3849//5042
f 1052//254 3784//254 1068//254
f 3792//5043 3864//5043 3779//5043
f 3864//5044 3780//5044 3779//5044
f 3865//254 3781//254 3780//254
f 3864//5045 3865//5045 3780//5045
f 3785//5046 3866//5046 3782//5046
f 3866//5046 3851//5046 3782//5046
f 3784//254 3866//254 3785//254
f 3867//5047 3864//5047 3792//5047
f 3868//1 3811//1 3810//1
f 3857//5048 3868//5048 3810//5048
f 3869//5048 3868//5048 3857//5048
f 370//5049 3869//5049 3857//5049
f 3870//1 3871//1 3859//1
f 3858//1 3870//1 3859//1
f 3871//5050 3872//5050 3859//5050
f 3872//5050 3860//5050 3859//5050
f 3872//5051 571//5051 3860//5051
f 571//5052 588//5052 3860//5052
f 3830//1 3831//1 3862//1
f 3873//1 3830//1 3862//1
f 3874//1 3873//1 3862//1
f 3861//5048 3874//5048 3862//5048
f 3875//5048 3874//5048 3861//5048
f 773//5049 3875//5049 3861//5049
f 3844//5050 3876//5050 3841//5050
f 3876//5050 3863//5050 3841//5050
f 3876//5053 1052//5053 3863//5053
f 3758//5054 3823//5054 3742//5054
f 3835//5010 3877//5010 3836//5010
f 3777//254 367//254 370//254
f 367//5055 3869//5055 370//5055
f 571//254 3723//254 588//254
f 3723//254 770//254 773//254
f 770//5056 3875//5056 773//5056
f 3878//5057 3867//5057 3792//5057
f 3834//5058 3879//5058 3832//5058
f 3880//5059 3879//5059 3834//5059
f 3881//5060 3831//5060 3833//5060
f 3882//5061 3833//5061 3832//5061
f 3879//5062 3882//5062 3832//5062
f 3836//5063 3880//5063 3834//5063
f 3883//5064 3880//5064 3836//5064
f 3835//5065 3884//5065 3877//5065
f 3742//5066 3823//5066 3820//5066
f 3808//5067 3878//5067 3792//5067
f 3882//5068 3885//5068 3833//5068
f 3877//5069 3883//5069 3836//5069
f 3886//5070 3831//5070 3881//5070
f 3835//5071 3886//5071 3884//5071
f 3885//5072 3881//5072 3833//5072
f 3887//5073 3883//5073 3877//5073
f 3835//5071 3831//5071 3886//5071
f 3878//5074 3808//5074 3809//5074
f 3888//5075 3878//5075 3809//5075
f 3811//1 3888//1 3809//1
f 3761//5076 3823//5076 3758//5076
f 3831//5077 3823//5077 3761//5077
f 3885//5078 3889//5078 3881//5078
f 3884//5079 3887//5079 3877//5079
f 3890//1 3811//1 3868//1
f 3869//5080 3890//5080 3868//5080
f 3891//5080 3890//5080 3869//5080
f 367//5081 3891//5081 3869//5081
f 3892//1 3893//1 3871//1
f 3870//1 3892//1 3871//1
f 3893//5082 3894//5082 3871//5082
f 3894//5082 3872//5082 3871//5082
f 3894//5083 532//5083 3872//5083
f 532//5084 571//5084 3872//5084
f 3842//1 3873//1 3874//1
f 3895//1 3842//1 3874//1
f 3875//5080 3895//5080 3874//5080
f 3896//5080 3895//5080 3875//5080
f 770//5085 3896//5085 3875//5085
f 3843//5082 3897//5082 3844//5082
f 3897//5082 3876//5082 3844//5082
f 3897//5086 1023//5086 3876//5086
f 1023//5087 1052//5087 3876//5087
f 3889//5088 3886//5088 3881//5088
f 3889//5089 3898//5089 3886//5089
f 3898//5090 3887//5090 3884//5090
f 3886//5091 3898//5091 3884//5091
f 3835//5092 3823//5092 3831//5092
f 532//254 3723//254 571//254
f 3723//254 772//254 770//254
f 772//5093 3896//5093 770//5093
f 1023//254 3784//254 1052//254
f 3899//1 3811//1 3890//1
f 3900//1 3899//1 3890//1
f 3901//1 3900//1 3890//1
f 3891//5094 3901//5094 3890//5094
f 3902//5094 3901//5094 3891//5094
f 368//5095 3902//5095 3891//5095
f 367//5096 368//5096 3891//5096
f 3903//1 3904//1 3893//1
f 3892//1 3903//1 3893//1
f 3904//5097 3905//5097 3893//5097
f 3905//5097 3894//5097 3893//5097
f 3905//5098 369//5098 3894//5098
f 369//5099 532//5099 3894//5099
f 3906//1 3842//1 3895//1
f 3896//5094 3906//5094 3895//5094
f 3907//5094 3906//5094 3896//5094
f 772//5095 3907//5095 3896//5095
f 3842//1 3908//1 3843//1
f 3908//5097 3909//5097 3843//5097
f 3909//5097 3897//5097 3843//5097
f 3909//5100 769//5100 3897//5100
f 769//5101 1023//5101 3897//5101
f 3903//1 3900//1 3901//1
f 3904//1 3903//1 3901//1
f 3902//2169 3904//2169 3901//2169
f 3905//2169 3904//2169 3902//2169
f 368//5102 3905//5102 3902//5102
f 368//5103 369//5103 3905//5103
f 3908//1 3842//1 3906//1
f 3907//2169 3908//2169 3906//2169
f 3909//2169 3908//2169 3907//2169
f 772//5102 3909//5102 3907//5102
f 772//5104 769//5104 3909//5104
f 3777//254 368//254 367//254
f 3910//254 3723//254 532//254
f 369//254 3910//254 532//254
f 769//254 3784//254 1023//254
f 3777//254 3910//254 368//254
f 3910//254 369//254 368//254
f 3784//254 769//254 772//254
f 3723//254 3784//254 772//254
f 3911//5105 3858//5105 3912//5105
f 3858//5106 3752//5106 3912//5106
f 3752//5107 3913//5107 3912//5107
f 3913//1 3914//1 3912//1
f 3914//1 3915//1 3912//1
f 3915//1 3916//1 3912//1
f 3916//1 3911//1 3912//1
f 3911//5105 3870//5105 3858//5105
f 3824//5108 3913//5108 3752//5108
f 3824//5109 3830//5109 3913//5109
f 3830//5109 3917//5109 3913//5109
f 3917//5110 3918//5110 3913//5110
f 3918//5111 3919//5111 3913//5111
f 3919//1 3914//1 3913//1
f 3920//5112 3864//5112 3867//5112
f 3878//5113 3920//5113 3867//5113
f 3921//5114 3870//5114 3911//5114
f 3916//1 3922//1 3911//1
f 3922//1 3921//1 3911//1
f 3921//5115 3892//5115 3870//5115
f 3830//5116 3923//5116 3917//5116
f 3923//1 3924//1 3917//1
f 3924//5117 3918//5117 3917//5117
f 3873//5118 3923//5118 3830//5118
f 3925//5119 3920//5119 3878//5119
f 3888//5120 3925//5120 3878//5120
f 3920//5121 3926//5121 3864//5121
f 3926//5122 3927//5122 3864//5122
f 3927//5123 3865//5123 3864//5123
f 3927//254 3781//254 3865//254
f 3928//1 3929//1 3851//1
f 3929//1 3930//1 3851//1
f 3930//5124 3931//5124 3851//5124
f 3931//5125 3852//5125 3851//5125
f 3866//5126 3932//5126 3851//5126
f 3932//5127 3928//5127 3851//5127
f 3784//254 3932//254 3866//254
f 3933//5128 3892//5128 3921//5128
f 3922//1 3934//1 3921//1
f 3934//1 3935//1 3921//1
f 3935//1 3933//1 3921//1
f 3873//5129 3936//5129 3923//5129
f 3936//1 3937//1 3923//1
f 3937//1 3938//1 3923//1
f 3938//1 3939//1 3923//1
f 3939//1 3924//1 3923//1
f 3784//254 3940//254 3932//254
f 3940//254 3941//254 3932//254
f 3941//5130 3928//5130 3932//5130
f 3942//5131 3892//5131 3933//5131
f 3935//1 3942//1 3933//1
f 3942//5131 3903//5131 3892//5131
f 3943//5132 3925//5132 3888//5132
f 3944//5133 3943//5133 3888//5133
f 3811//1 3944//1 3888//1
f 3873//5134 3842//5134 3936//5134
f 3842//5134 3945//5134 3936//5134
f 3945//1 3937//1 3936//1
f 3943//5135 3920//5135 3925//5135
f 3946//5136 3926//5136 3920//5136
f 3947//254 3781//254 3927//254
f 3948//254 3947//254 3927//254
f 3926//5137 3948//5137 3927//5137
f 3947//254 374//254 3781//254
f 374//254 3777//254 3781//254
f 374//254 3949//254 3777//254
f 3949//254 3910//254 3777//254
f 3949//254 3950//254 3910//254
f 3950//254 3951//254 3910//254
f 3951//254 3952//254 3910//254
f 3952//254 3953//254 3910//254
f 3953//254 3954//254 3910//254
f 3954//254 3723//254 3910//254
f 3955//254 3956//254 3723//254
f 3956//254 3784//254 3723//254
f 3954//254 3957//254 3723//254
f 3957//254 3955//254 3723//254
f 3956//254 3958//254 3784//254
f 3958//254 3959//254 3784//254
f 3959//254 3960//254 3784//254
f 3960//254 3961//254 3784//254
f 3961//254 3962//254 3784//254
f 3962//254 1239//254 3784//254
f 1239//254 1236//254 3784//254
f 1236//5138 1235//5138 3784//5138
f 1235//5139 1234//5139 3784//5139
f 1234//5140 3940//5140 3784//5140
f 1238//254 3963//254 3940//254
f 3963//254 3941//254 3940//254
f 1292//5141 1314//5141 3940//5141
f 1233//5142 1292//5142 3940//5142
f 1234//5143 3964//5143 3940//5143
f 3964//5144 1233//5144 3940//5144
f 1314//5145 1331//5145 3940//5145
f 1331//5146 1330//5146 3940//5146
f 1330//254 1238//254 3940//254
f 3963//5126 3928//5126 3941//5126
f 3943//5147 3946//5147 3920//5147
f 3944//5148 3965//5148 3943//5148
f 3965//5149 3946//5149 3943//5149
f 3966//5150 3903//5150 3942//5150
f 3935//1 3966//1 3942//1
f 3966//5150 3900//5150 3903//5150
f 3845//5151 3945//5151 3842//5151
f 3845//5152 3937//5152 3945//5152
f 3967//5153 3916//5153 3915//5153
f 3914//5154 3967//5154 3915//5154
f 3968//5155 3969//5155 3967//5155
f 3969//5156 3916//5156 3967//5156
f 3970//5157 3967//5157 3914//5157
f 3919//5158 3970//5158 3914//5158
f 3970//5159 3968//5159 3967//5159
f 3971//5160 3845//5160 3850//5160
f 3969//5161 3922//5161 3916//5161
f 3918//5162 3970//5162 3919//5162
f 3855//5163 3972//5163 3850//5163
f 3845//5164 3971//5164 3937//5164
f 3854//5165 3973//5165 3855//5165
f 3973//5166 3972//5166 3855//5166
f 3969//5167 3934//5167 3922//5167
f 3972//5168 3971//5168 3850//5168
f 3972//5169 3974//5169 3971//5169
f 3973//5170 3974//5170 3972//5170
f 3975//5171 3853//5171 3852//5171
f 3931//5172 3975//5172 3852//5172
f 3976//1 3935//1 3934//1
f 3977//5173 3918//5173 3924//5173
f 3939//5174 3977//5174 3924//5174
f 3930//5175 3978//5175 3931//5175
f 3973//5176 3979//5176 3974//5176
f 3969//5177 3976//5177 3934//5177
f 3968//5178 3980//5178 3969//5178
f 3980//5179 3976//5179 3969//5179
f 3981//5180 3970//5180 3918//5180
f 3977//5180 3981//5180 3918//5180
f 3981//5181 3968//5181 3970//5181
f 3974//5182 3937//5182 3971//5182
f 3982//1 3938//1 3937//1
f 3974//5183 3983//5183 3937//5183
f 3983//5184 3984//5184 3937//5184
f 3984//5185 3985//5185 3937//5185
f 3985//5186 3982//5186 3937//5186
f 3986//5187 3987//5187 3974//5187
f 3987//5188 3983//5188 3974//5188
f 3979//5189 3988//5189 3974//5189
f 3988//5190 3986//5190 3974//5190
f 3946//5191 3989//5191 3926//5191
f 3989//5192 3948//5192 3926//5192
f 3990//254 3947//254 3948//254
f 3989//5192 3990//5192 3948//5192
f 3991//1 3992//1 3928//1
f 3992//5193 3993//5193 3928//5193
f 3993//5194 3929//5194 3928//5194
f 3963//5195 3994//5195 3928//5195
f 3994//5195 3991//5195 3928//5195
f 1238//254 3994//254 3963//254
f 3929//5196 3995//5196 3930//5196
f 3995//5197 3978//5197 3930//5197
f 3931//5198 3996//5198 3975//5198
f 3997//5199 3856//5199 3853//5199
f 3978//5200 3996//5200 3931//5200
f 3998//1 3935//1 3976//1
f 3980//5201 3998//5201 3976//5201
f 3968//5202 3999//5202 3980//5202
f 3999//5203 3998//5203 3980//5203
f 3981//5204 4000//5204 3968//5204
f 4000//5205 4001//5205 3968//5205
f 4001//5206 3999//5206 3968//5206
f 3938//5207 3977//5207 3939//5207
f 4002//5208 3853//5208 3975//5208
f 4003//5209 4002//5209 3975//5209
f 3996//5210 4003//5210 3975//5210
f 4002//5211 3997//5211 3853//5211
f 3996//5212 4004//5212 4003//5212
f 4004//5213 4005//5213 4003//5213
f 4006//1 4005//1 4004//1
f 4007//1 4006//1 4004//1
f 4008//1 4007//1 4004//1
f 3978//5214 4008//5214 4004//5214
f 3996//5215 3978//5215 4004//5215
f 4002//5216 4003//5216 4005//5216
f 4006//5217 4002//5217 4005//5217
f 3997//5218 3854//5218 3856//5218
f 4009//5219 3997//5219 4002//5219
f 3999//5220 4010//5220 3998//5220
f 4000//5221 3981//5221 3977//5221
f 4011//5221 4000//5221 3977//5221
f 4012//5222 3965//5222 3944//5222
f 4013//5223 4012//5223 3944//5223
f 3811//1 4013//1 3944//1
f 4006//5224 4009//5224 4002//5224
f 4012//5225 3946//5225 3965//5225
f 4010//1 3935//1 3998//1
f 3938//5226 4014//5226 3977//5226
f 4014//5227 4011//5227 3977//5227
f 4015//5228 3984//5228 3983//5228
f 4016//5229 4015//5229 3983//5229
f 3987//5230 4016//5230 3983//5230
f 3993//5231 3995//5231 3929//5231
f 3995//5232 4017//5232 3978//5232
f 4018//5233 3989//5233 3946//5233
f 4017//5234 4008//5234 3978//5234
f 4015//5235 4019//5235 3984//5235
f 4020//5236 4018//5236 3946//5236
f 4021//1 4007//1 4008//1
f 3995//5237 4021//5237 4008//5237
f 4017//5238 3995//5238 4008//5238
f 4007//5239 4009//5239 4006//5239
f 4019//5240 3985//5240 3984//5240
f 4022//5241 4016//5241 3987//5241
f 3986//5242 4022//5242 3987//5242
f 3999//5243 4023//5243 4010//5243
f 4024//5244 3854//5244 3997//5244
f 4009//5245 4024//5245 3997//5245
f 3993//5246 4025//5246 3995//5246
f 4007//5247 4024//5247 4009//5247
f 4012//5248 4020//5248 3946//5248
f 4013//5249 4020//5249 4012//5249
f 4019//5250 4026//5250 3985//5250
f 4023//5251 3935//5251 4010//5251
f 3938//5252 4011//5252 4014//5252
f 4027//5253 3899//5253 3900//5253
f 3966//5254 4027//5254 3900//5254
f 4028//5255 3982//5255 3985//5255
f 4029//5256 4028//5256 3985//5256
f 4001//5257 4023//5257 3999//5257
f 3935//1 4030//1 3966//1
f 4030//1 4027//1 3966//1
f 4025//5258 4021//5258 3995//5258
f 4026//5259 4029//5259 3985//5259
f 3988//5260 4022//5260 3986//5260
f 4001//5261 4011//5261 4023//5261
f 4011//5262 4031//5262 4023//5262
f 4031//5262 4032//5262 4023//5262
f 4000//5263 4011//5263 4001//5263
f 4033//5264 4028//5264 4029//5264
f 4034//5265 3973//5265 3854//5265
f 4032//5266 3935//5266 4023//5266
f 3938//5267 4031//5267 4011//5267
f 4026//5259 4035//5259 4029//5259
f 4036//5268 4022//5268 3988//5268
f 4024//5269 4034//5269 3854//5269
f 4037//5270 4033//5270 4029//5270
f 3979//5271 4038//5271 3988//5271
f 4035//5272 4037//5272 4029//5272
f 4038//5273 4036//5273 3988//5273
f 3938//1 3935//1 4032//1
f 4031//1 3938//1 4032//1
f 3979//5274 4033//5274 4037//5274
f 3979//5274 4037//5274 4038//5274
f 4035//5272 4039//5272 4037//5272
f 4039//5275 4036//5275 4038//5275
f 4037//3671 4039//3671 4038//3671
f 4040//1 4007//1 4021//1
f 4025//5276 4040//5276 4021//5276
f 4040//1 4041//1 4007//1
f 4041//1 4042//1 4007//1
f 4042//5277 4024//5277 4007//5277
f 4042//5278 4034//5278 4024//5278
f 3992//5279 4043//5279 3993//5279
f 4043//5280 4025//5280 3993//5280
f 4043//5281 4040//5281 4025//5281
f 4044//5282 4045//5282 4046//5282
f 4047//5283 4044//5283 4046//5283
f 4045//2168 1233//2168 4046//2168
f 1233//2168 3964//2168 4046//2168
f 3964//5284 4047//5284 4046//5284
f 1234//5284 4047//5284 3964//5284
f 4044//5285 4048//5285 4045//5285
f 4048//5286 1292//5286 4045//5286
f 1292//5286 1233//5286 4045//5286
f 4049//5287 4044//5287 4047//5287
f 1234//4985 4049//4985 4047//4985
f 1235//4985 4049//4985 1234//4985
f 4044//5288 4050//5288 4048//5288
f 4050//5289 1314//5289 4048//5289
f 1314//5289 1292//5289 4048//5289
f 4051//5290 3899//5290 4027//5290
f 4030//1 4051//1 4027//1
f 4052//1 4053//1 4030//1
f 3935//1 4052//1 4030//1
f 4053//1 4051//1 4030//1
f 4054//1 4055//1 3935//1
f 4055//1 4052//1 3935//1
f 3938//1 4056//1 3935//1
f 4056//1 4057//1 3935//1
f 4057//1 4054//1 3935//1
f 4058//1 4059//1 3938//1
f 4059//1 4060//1 3938//1
f 4060//1 4056//1 3938//1
f 3982//1 4058//1 3938//1
f 4028//1 4058//1 3982//1
f 4041//1 4061//1 4042//1
f 4061//1 4062//1 4042//1
f 4062//5291 4034//5291 4042//5291
f 4063//5292 4044//5292 4049//5292
f 1235//5293 4063//5293 4049//5293
f 1236//5294 4063//5294 1235//5294
f 4044//5295 4064//5295 4050//5295
f 4064//2860 1331//2860 4050//2860
f 1331//2860 1314//2860 4050//2860
f 3991//5296 4065//5296 3992//5296
f 4066//5297 3882//5297 3879//5297
f 3880//5298 4066//5298 3879//5298
f 4065//5299 4067//5299 3992//5299
f 4067//5300 4043//5300 3992//5300
f 4066//5301 3885//5301 3882//5301
f 3883//5302 4066//5302 3880//5302
f 4043//5303 4041//5303 4040//5303
f 4067//5304 4041//5304 4043//5304
f 4068//5305 4044//5305 4063//5305
f 1236//5306 4068//5306 4063//5306
f 4044//5307 4069//5307 4064//5307
f 4069//5308 1330//5308 4064//5308
f 1330//5309 1331//5309 4064//5309
f 4066//5310 3889//5310 3885//5310
f 3887//5311 4066//5311 3883//5311
f 4070//5312 4054//5312 4057//5312
f 4071//5313 4070//5313 4057//5313
f 4072//5314 4071//5314 4057//5314
f 4056//5314 4072//5314 4057//5314
f 4073//5314 4072//5314 4056//5314
f 4074//5315 4073//5315 4056//5315
f 4060//5316 4074//5316 4056//5316
f 4066//5317 3898//5317 3889//5317
f 3898//5318 4066//5318 3887//5318
f 4075//1 4058//1 4028//1
f 4033//1 4075//1 4028//1
f 4076//5319 4044//5319 4068//5319
f 1236//5320 4076//5320 4068//5320
f 1239//5321 4076//5321 1236//5321
f 4076//5322 4077//5322 4044//5322
f 4078//5323 4079//5323 4044//5323
f 4080//5324 4078//5324 4044//5324
f 4077//5325 4080//5325 4044//5325
f 4081//5326 4082//5326 4044//5326
f 4083//5327 4081//5327 4044//5327
f 4079//5328 4083//5328 4044//5328
f 4082//5329 4069//5329 4044//5329
f 4082//5330 1329//5330 4069//5330
f 1329//5331 1330//5331 4069//5331
f 1329//5332 1238//5332 1330//5332
f 4084//5333 4055//5333 4054//5333
f 4085//5334 4084//5334 4054//5334
f 4070//5335 4085//5335 4054//5335
f 4086//5336 4074//5336 4060//5336
f 4087//5337 4086//5337 4060//5337
f 4059//5338 4087//5338 4060//5338
f 4088//1 3989//1 4018//1
f 4020//5339 4088//5339 4018//5339
f 1239//5340 4077//5340 4076//5340
f 1240//5341 4077//5341 1239//5341
f 4081//2858 4089//2858 4082//2858
f 4089//2858 1329//2858 4082//2858
f 4090//5342 4088//5342 4020//5342
f 3954//5343 4091//5343 3957//5343
f 4091//5344 4092//5344 3957//5344
f 4092//5345 3955//5345 3957//5345
f 4092//5345 4093//5345 3955//5345
f 4093//5345 3956//5345 3955//5345
f 4093//5346 3958//5346 3956//5346
f 3962//5347 1240//5347 1239//5347
f 4089//5348 1238//5348 1329//5348
f 4094//5349 4090//5349 4020//5349
f 4013//5350 4094//5350 4020//5350
f 4095//5351 4096//5351 4051//5351
f 4096//5352 3899//5352 4051//5352
f 4053//1 4095//1 4051//1
f 4096//1 3811//1 3899//1
f 1240//5353 4080//5353 4077//5353
f 1241//5353 4080//5353 1240//5353
f 4083//5354 1303//5354 4081//5354
f 1303//5354 4089//5354 4081//5354
f 4088//1 4097//1 3989//1
f 4097//5355 3990//5355 3989//5355
f 4098//254 3947//254 3990//254
f 4097//5355 4098//5355 3990//5355
f 4099//5356 4100//5356 3991//5356
f 4100//5357 4065//5357 3991//5357
f 3994//5358 4101//5358 3991//5358
f 4101//5358 4099//5358 3991//5358
f 1238//254 4101//254 3994//254
f 3962//5359 1241//5359 1240//5359
f 1303//5360 1238//5360 4089//5360
f 3953//5361 4102//5361 3954//5361
f 4102//5362 4103//5362 3954//5362
f 4103//5363 4091//5363 3954//5363
f 4093//5364 4104//5364 3958//5364
f 4104//5365 3959//5365 3958//5365
f 1241//5366 4078//5366 4080//5366
f 1288//5366 4078//5366 1241//5366
f 4079//5367 4105//5367 4083//5367
f 4105//5367 1303//5367 4083//5367
f 1288//2169 4079//2169 4078//2169
f 4105//2169 4079//2169 1288//2169
f 3962//5368 1288//5368 1241//5368
f 4105//5369 1238//5369 1303//5369
f 4106//1 4107//1 4108//1
f 4109//1 4110//1 4108//1
f 4107//1 4111//1 4108//1
f 4111//1 4109//1 4108//1
f 4110//5370 4072//5370 4108//5370
f 4072//5371 4073//5371 4108//5371
f 4073//5372 4106//5372 4108//5372
f 4112//5373 4090//5373 4013//5373
f 4090//5374 4094//5374 4013//5374
f 3811//1 4112//1 4013//1
f 4109//1 4113//1 4110//1
f 4113//5375 4071//5375 4110//5375
f 4071//5376 4072//5376 4110//5376
f 4113//5377 4070//5377 4071//5377
f 4074//5378 4106//5378 4073//5378
f 4109//1 4114//1 4113//1
f 4114//1 4115//1 4113//1
f 4085//5379 4070//5379 4113//5379
f 4115//5380 4085//5380 4113//5380
f 4084//5381 4116//5381 4055//5381
f 4117//5382 4087//5382 4059//5382
f 1238//5383 4105//5383 1288//5383
f 3962//5384 1238//5384 1288//5384
f 4116//5385 4052//5385 4055//5385
f 4058//5386 4117//5386 4059//5386
f 4118//5387 4034//5387 4062//5387
f 4119//5388 4120//5388 4106//5388
f 4120//5389 4107//5389 4106//5389
f 4086//5390 4119//5390 4106//5390
f 4074//5391 4086//5391 4106//5391
f 4034//5392 4121//5392 3973//5392
f 4121//5393 3979//5393 3973//5393
f 4122//5394 4123//5394 4095//5394
f 4123//5351 4096//5351 4095//5351
f 4053//1 4124//1 4095//1
f 4124//1 4125//1 4095//1
f 4125//1 4122//1 4095//1
f 4126//1 4127//1 4053//1
f 4127//1 4124//1 4053//1
f 4052//1 4126//1 4053//1
f 4128//1 4126//1 4052//1
f 4129//1 4128//1 4052//1
f 4130//5395 4129//5395 4052//5395
f 4116//5396 4130//5396 4052//5396
f 4075//1 4131//1 4058//1
f 4131//1 4132//1 4058//1
f 4132//1 4133//1 4058//1
f 4133//1 4134//1 4058//1
f 4135//5397 4117//5397 4058//5397
f 4134//5398 4135//5398 4058//5398
f 4136//1 4131//1 4075//1
f 4033//1 4136//1 4075//1
f 4137//1 4136//1 4033//1
f 4138//5399 4034//5399 4118//5399
f 4062//5400 4139//5400 4118//5400
f 4137//1 4138//1 4118//1
f 4140//5401 4137//5401 4118//5401
f 4139//5402 4140//5402 4118//5402
f 4141//5403 4142//5403 4112//5403
f 4142//5404 4090//5404 4112//5404
f 3811//1 4143//1 4112//1
f 4143//1 4144//1 4112//1
f 4144//1 4145//1 4112//1
f 4145//1 4141//1 4112//1
f 4146//1 4143//1 3811//1
f 4123//1 4146//1 3811//1
f 4096//1 4123//1 3811//1
f 4061//1 4147//1 4062//1
f 4147//5400 4139//5400 4062//5400
f 4148//1 4149//1 4061//1
f 4041//1 4148//1 4061//1
f 4149//1 4150//1 4061//1
f 4150//1 4147//1 4061//1
f 4067//5405 4151//5405 4041//5405
f 4151//1 4152//1 4041//1
f 4152//1 4148//1 4041//1
f 4115//5406 4084//5406 4085//5406
f 4087//5407 4119//5407 4086//5407
f 4138//5408 4121//5408 4034//5408
f 4034//5409 3979//5409 4121//5409
f 4138//5410 4033//5410 3979//5410
f 4121//5411 4138//5411 3979//5411
f 4138//1 4137//1 4033//1
f 4153//1 4154//1 4115//1
f 4114//1 4153//1 4115//1
f 4116//5412 4084//5412 4115//5412
f 4154//5413 4116//5413 4115//5413
f 3952//5414 4155//5414 3953//5414
f 4155//5415 4156//5415 3953//5415
f 4156//5416 4102//5416 3953//5416
f 4104//5417 4157//5417 3959//5417
f 4157//5418 3960//5418 3959//5418
f 4100//5419 4158//5419 4065//5419
f 4158//5420 4067//5420 4065//5420
f 4158//254 4159//254 4067//254
f 4159//5421 4151//5421 4067//5421
f 4122//5422 4146//5422 4123//5422
f 4160//1 4161//1 4119//1
f 4161//5423 4120//5423 4119//5423
f 4117//5424 4160//5424 4119//5424
f 4087//5425 4117//5425 4119//5425
f 4154//5426 4130//5426 4116//5426
f 4135//5427 4160//5427 4117//5427
f 4162//1 4163//1 4129//1
f 4164//5428 4128//5428 4129//5428
f 4163//5429 4164//5429 4129//5429
f 4165//5430 4162//5430 4129//5430
f 4166//5431 4165//5431 4129//5431
f 4130//5432 4166//5432 4129//5432
f 4133//1 4167//1 4134//1
f 4167//1 4168//1 4134//1
f 4169//5433 4135//5433 4134//5433
f 4168//5434 4169//5434 4134//5434
f 4170//5435 4097//5435 4088//5435
f 4090//5436 4170//5436 4088//5436
f 4153//1 4171//1 4154//1
f 4171//1 4172//1 4154//1
f 4172//5437 4130//5437 4154//5437
f 4172//5438 4166//5438 4130//5438
f 4173//5439 4170//5439 4090//5439
f 4142//5440 4173//5440 4090//5440
f 4159//5441 4174//5441 4151//5441
f 4174//1 4175//1 4151//1
f 4175//1 4152//1 4151//1
f 4158//5442 4174//5442 4159//5442
f 4176//5443 4177//5443 4178//5443
f 4177//5444 4153//5444 4178//5444
f 4179//5445 4178//5445 4153//5445
f 4114//5446 4179//5446 4153//5446
f 4179//5447 4176//5447 4178//5447
f 4120//5448 4180//5448 4107//5448
f 4181//5449 4180//5449 4120//5449
f 4181//5450 4182//5450 4180//5450
f 4183//5451 4146//5451 4122//5451
f 4125//1 4184//1 4122//1
f 4184//1 4183//1 4122//1
f 4185//1 4143//1 4146//1
f 4183//5451 4185//5451 4146//5451
f 4177//5452 4171//5452 4153//5452
f 4182//5453 4186//5453 4180//5453
f 4186//5454 4107//5454 4180//5454
f 4161//5455 4181//5455 4120//5455
f 4109//1 4187//1 4114//1
f 3951//5456 4188//5456 3952//5456
f 4188//5457 4155//5457 3952//5457
f 4157//5458 4189//5458 3960//5458
f 4189//5459 4190//5459 3960//5459
f 4190//5460 3961//5460 3960//5460
f 4176//5461 4191//5461 4177//5461
f 4191//5462 4171//5462 4177//5462
f 4187//5463 4179//5463 4114//5463
f 4186//5464 4111//5464 4107//5464
f 4182//5465 4192//5465 4186//5465
f 4192//5466 4111//5466 4186//5466
f 4193//5467 4181//5467 4161//5467
f 4193//5468 4182//5468 4181//5468
f 4194//5469 4019//5469 4015//5469
f 4016//5470 4194//5470 4015//5470
f 4165//5471 4166//5471 4172//5471
f 4195//5472 4165//5472 4172//5472
f 4171//5473 4196//5473 4172//5473
f 4196//470 4197//470 4172//470
f 4197//1 4195//1 4172//1
f 4198//1 4187//1 4109//1
f 4199//1 4198//1 4109//1
f 4111//1 4199//1 4109//1
f 4200//5474 4201//5474 4160//5474
f 4201//5475 4161//5475 4160//5475
f 4202//1 4200//1 4160//1
f 4135//5476 4202//5476 4160//5476
f 4203//5477 4179//5477 4187//5477
f 4203//5478 4176//5478 4179//5478
f 4204//5479 4193//5479 4161//5479
f 4201//5480 4204//5480 4161//5480
f 4204//5481 4182//5481 4193//5481
f 4127//5482 4205//5482 4124//5482
f 4136//5483 4206//5483 4131//5483
f 4194//5484 4026//5484 4019//5484
f 4022//5485 4194//5485 4016//5485
f 4207//1 4200//1 4202//1
f 4135//5486 4207//5486 4202//5486
f 4191//5487 4196//5487 4171//5487
f 4176//5488 4208//5488 4191//5488
f 4208//5489 4196//5489 4191//5489
f 4209//5490 4210//5490 4176//5490
f 4203//5491 4209//5491 4176//5491
f 4210//5492 4208//5492 4176//5492
f 4211//5493 4203//5493 4187//5493
f 4212//1 4211//1 4187//1
f 4198//1 4212//1 4187//1
f 4213//1 4199//1 4111//1
f 4214//5494 4213//5494 4111//5494
f 4192//5495 4214//5495 4111//5495
f 4215//5496 4216//5496 4182//5496
f 4204//5497 4215//5497 4182//5497
f 4216//5498 4192//5498 4182//5498
f 4217//5499 4124//5499 4205//5499
f 4218//5500 4217//5500 4205//5500
f 4127//5501 4218//5501 4205//5501
f 4218//5502 4219//5502 4217//5502
f 4126//5503 4218//5503 4127//5503
f 4220//5504 4132//5504 4131//5504
f 4221//5505 4220//5505 4131//5505
f 4206//5506 4221//5506 4131//5506
f 4221//5502 4222//5502 4220//5502
f 4223//5507 4221//5507 4206//5507
f 4136//5508 4223//5508 4206//5508
f 4223//5509 4222//5509 4221//5509
f 4169//5510 4207//5510 4135//5510
f 4217//5511 4125//5511 4124//5511
f 4224//5512 4218//5512 4126//5512
f 4128//5513 4224//5513 4126//5513
f 4224//5509 4219//5509 4218//5509
f 4220//5514 4133//5514 4132//5514
f 4222//5515 4225//5515 4220//5515
f 4225//5516 4133//5516 4220//5516
f 4137//5517 4223//5517 4136//5517
f 4194//5518 4035//5518 4026//5518
f 4226//5519 4203//5519 4211//5519
f 4216//5520 4214//5520 4192//5520
f 4213//5521 4093//5521 4199//5521
f 4093//5522 4198//5522 4199//5522
f 4198//5523 4093//5523 4092//5523
f 4212//5524 4198//5524 4092//5524
f 4091//5525 4212//5525 4092//5525
f 4213//1371 4104//1371 4093//1371
f 4212//5526 4226//5526 4211//5526
f 4036//5527 4194//5527 4022//5527
f 4039//5528 4035//5528 4194//5528
f 4036//5529 4039//5529 4194//5529
f 4227//5530 4226//5530 4212//5530
f 4103//5531 4227//5531 4212//5531
f 4091//5532 4103//5532 4212//5532
f 4217//5533 4184//5533 4125//5533
f 4219//5534 4228//5534 4217//5534
f 4228//5535 4184//5535 4217//5535
f 4164//5536 4224//5536 4128//5536
f 4225//5537 4167//5537 4133//5537
f 4140//5536 4223//5536 4137//5536
f 4208//5538 4229//5538 4196//5538
f 4210//5539 4229//5539 4208//5539
f 4209//5540 4203//5540 4226//5540
f 4216//5541 4230//5541 4214//5541
f 4215//5354 4204//5354 4201//5354
f 4231//5542 4215//5542 4201//5542
f 4147//5543 4150//5543 4139//5543
f 4150//5544 4232//5544 4139//5544
f 4232//5545 4233//5545 4139//5545
f 4234//5546 4140//5546 4139//5546
f 4233//5547 4234//5547 4139//5547
f 4229//5548 4197//5548 4196//5548
f 4235//5549 4213//5549 4214//5549
f 4230//5550 4235//5550 4214//5550
f 4200//5551 4231//5551 4201//5551
f 4210//5552 4209//5552 4226//5552
f 4216//5553 4231//5553 4230//5553
f 4170//5554 4236//5554 4097//5554
f 4237//5555 4238//5555 4097//5555
f 4238//5556 4098//5556 4097//5556
f 4236//5557 4237//5557 4097//5557
f 4238//254 3947//254 4098//254
f 4239//1 4240//1 4099//1
f 4240//5558 4100//5558 4099//5558
f 4101//5559 4241//5559 4099//5559
f 4241//5560 4239//5560 4099//5560
f 1238//254 4241//254 4101//254
f 4242//1 4183//1 4184//1
f 4243//1 4168//1 4167//1
f 4234//5561 4233//5561 4140//5561
f 4210//5562 4226//5562 4229//5562
f 4215//5563 4231//5563 4216//5563
f 4102//5564 4227//5564 4103//5564
f 4235//5565 4157//5565 4213//5565
f 4157//5566 4104//5566 4213//5566
f 4228//5567 4242//5567 4184//5567
f 4244//5568 4224//5568 4164//5568
f 4244//5569 4219//5569 4224//5569
f 4225//5567 4243//5567 4167//5567
f 4245//5570 4223//5570 4140//5570
f 4233//468 4245//468 4140//468
f 4245//5571 4222//5571 4223//5571
f 4246//5572 4197//5572 4229//5572
f 4247//5573 4246//5573 4229//5573
f 4231//1 4235//1 4230//1
f 4200//1 4248//1 4231//1
f 4197//1 4249//1 4195//1
f 4250//5574 4165//5574 4195//5574
f 4249//5575 4250//5575 4195//5575
f 4251//5576 4158//5576 4100//5576
f 4240//5577 4251//5577 4100//5577
f 4250//5578 4162//5578 4165//5578
f 4226//5579 4247//5579 4229//5579
f 4227//5580 4247//5580 4226//5580
f 4248//1 4235//1 4231//1
f 4251//5581 4252//5581 4158//5581
f 4253//5582 4174//5582 4158//5582
f 4252//5583 4253//5583 4158//5583
f 4254//5584 4173//5584 4141//5584
f 4173//5585 4142//5585 4141//5585
f 4145//1 4255//1 4141//1
f 4255//1 4254//1 4141//1
f 4256//5586 4257//5586 4162//5586
f 4257//5587 4258//5587 4162//5587
f 4258//1 4163//1 4162//1
f 4259//5588 4256//5588 4162//5588
f 4250//5589 4259//5589 4162//5589
f 4260//1 4261//1 4168//1
f 4243//1 4260//1 4168//1
f 4262//5590 4169//5590 4168//5590
f 4261//5591 4262//5591 4168//5591
f 4263//5592 4183//5592 4242//5592
f 4228//5593 4263//5593 4242//5593
f 4244//5594 4264//5594 4219//5594
f 4264//5595 4265//5595 4219//5595
f 4266//5596 4228//5596 4219//5596
f 4265//5597 4266//5597 4219//5597
f 4264//5598 4244//5598 4164//5598
f 4258//5599 4264//5599 4164//5599
f 4163//5600 4258//5600 4164//5600
f 4225//5601 4260//5601 4243//5601
f 4222//5602 4267//5602 4225//5602
f 4267//5603 4260//5603 4225//5603
f 4245//5604 4268//5604 4222//5604
f 4268//5605 4269//5605 4222//5605
f 4269//5606 4267//5606 4222//5606
f 4156//5607 4247//5607 4227//5607
f 4102//5608 4156//5608 4227//5608
f 4270//1 4271//1 4174//1
f 4271//1 4272//1 4174//1
f 4272//1 4175//1 4174//1
f 4273//1 4274//1 4174//1
f 4253//1 4273//1 4174//1
f 4275//1 4270//1 4174//1
f 4276//1 4275//1 4174//1
f 4274//1 4276//1 4174//1
f 4266//5609 4263//5609 4228//5609
f 4257//5610 4264//5610 4258//5610
f 4267//5220 4277//5220 4260//5220
f 4268//5611 4245//5611 4233//5611
f 4278//5612 4268//5612 4233//5612
f 4279//1 4200//1 4207//1
f 4280//1 4279//1 4207//1
f 4169//5613 4280//5613 4207//5613
f 4281//1 4282//1 4249//1
f 4197//1 4281//1 4249//1
f 4259//5614 4250//5614 4249//5614
f 4282//5615 4259//5615 4249//5615
f 4155//5616 4247//5616 4156//5616
f 4283//5617 4183//5617 4263//5617
f 4284//5618 4283//5618 4263//5618
f 4277//1 4261//1 4260//1
f 4232//5619 4278//5619 4233//5619
f 3950//5620 4188//5620 3951//5620
f 4285//254 3962//254 3961//254
f 4190//5621 4286//5621 3961//5621
f 4286//5622 4285//5622 3961//5622
f 4248//5623 4189//5623 4235//5623
f 4189//5624 4157//5624 4235//5624
f 4266//5625 4287//5625 4263//5625
f 4287//5626 4284//5626 4263//5626
f 4267//5627 4288//5627 4277//5627
f 4269//5628 4288//5628 4267//5628
f 4289//5629 4268//5629 4278//5629
f 4290//1 4279//1 4280//1
f 4169//5630 4290//5630 4280//5630
f 4291//1 4283//1 4284//1
f 4287//1 4291//1 4284//1
f 4256//5631 4292//5631 4257//5631
f 4288//1 4261//1 4277//1
f 4293//1 4289//1 4278//1
f 4232//1 4293//1 4278//1
f 4294//5632 4236//5632 4170//5632
f 4266//5633 4295//5633 4287//5633
f 4265//5634 4295//5634 4266//5634
f 4265//5635 4264//5635 4257//5635
f 4296//5636 4265//5636 4257//5636
f 4292//5637 4296//5637 4257//5637
f 4269//5638 4297//5638 4288//5638
f 4298//5639 4268//5639 4289//5639
f 4262//5640 4290//5640 4169//5640
f 4173//5641 4294//5641 4170//5641
f 4299//5642 4294//5642 4173//5642
f 4254//5643 4299//5643 4173//5643
f 4265//5644 4296//5644 4295//5644
f 4269//5645 4298//5645 4297//5645
f 4268//5645 4298//5645 4269//5645
f 4300//1 4291//1 4287//1
f 4256//1 4296//1 4292//1
f 4301//1 4261//1 4288//1
f 4297//1 4301//1 4288//1
f 4293//1 4302//1 4289//1
f 4295//1 4300//1 4287//1
f 4303//1 4298//1 4289//1
f 4302//1 4303//1 4289//1
f 4296//1 4300//1 4295//1
f 4256//1 4304//1 4296//1
f 4304//1 4300//1 4296//1
f 4298//1 4301//1 4297//1
f 4303//1 4301//1 4298//1
f 4155//5646 4246//5646 4247//5646
f 232//254 231//254 4238//254
f 4237//254 232//254 4238//254
f 231//254 3947//254 4238//254
f 234//254 316//254 3947//254
f 231//254 230//254 3947//254
f 230//254 235//254 3947//254
f 235//254 234//254 3947//254
f 316//254 374//254 3947//254
f 316//254 331//254 374//254
f 331//254 375//254 374//254
f 375//254 4305//254 374//254
f 4305//254 3949//254 374//254
f 4306//254 4307//254 3949//254
f 4305//254 4306//254 3949//254
f 4307//254 4308//254 3949//254
f 4308//254 3950//254 3949//254
f 4308//5647 4309//5647 3950//5647
f 4309//5648 4188//5648 3950//5648
f 4310//254 3962//254 4285//254
f 4286//5649 4311//5649 4285//5649
f 4311//5650 4310//5650 4285//5650
f 4310//254 4312//254 3962//254
f 4312//254 1158//254 3962//254
f 1242//254 1238//254 3962//254
f 1158//254 1242//254 3962//254
f 1339//254 1337//254 1238//254
f 1337//254 4241//254 1238//254
f 1337//254 1341//254 4241//254
f 1341//254 4313//254 4241//254
f 4313//5651 4239//5651 4241//5651
f 4188//5652 4246//5652 4155//5652
f 4248//5653 4190//5653 4189//5653
f 4283//5654 4185//5654 4183//5654
f 4314//1 4315//1 4185//1
f 4315//1 4143//1 4185//1
f 4283//5654 4314//5654 4185//5654
f 4149//1 4316//1 4150//1
f 4316//5655 4232//5655 4150//5655
f 4281//1 4317//1 4282//1
f 4318//5656 4259//5656 4282//5656
f 4317//5657 4318//5657 4282//5657
f 4318//5658 4256//5658 4259//5658
f 4286//5659 4190//5659 4248//5659
f 4200//5660 4286//5660 4248//5660
f 4319//5661 4273//5661 4253//5661
f 4251//5662 4319//5662 4253//5662
f 4252//5663 4251//5663 4253//5663
f 4320//5664 4304//5664 4256//5664
f 4318//5665 4320//5665 4256//5665
f 4321//5666 4262//5666 4261//5666
f 4301//5667 4321//5667 4261//5667
f 4239//5668 4322//5668 4240//5668
f 4322//5669 4319//5669 4240//5669
f 4319//5670 4251//5670 4240//5670
f 4316//5671 4323//5671 4232//5671
f 4323//5671 4293//5671 4232//5671
f 4324//1 4323//1 4316//1
f 4149//1 4324//1 4316//1
f 4307//5672 4309//5672 4308//5672
f 4311//5673 4325//5673 4310//5673
f 4325//5674 4326//5674 4310//5674
f 4326//5674 4312//5674 4310//5674
f 4188//5675 4197//5675 4246//5675
f 4327//5676 4197//5676 4188//5676
f 4309//5677 4327//5677 4188//5677
f 4200//5678 4311//5678 4286//5678
f 4328//1 4279//1 4290//1
f 4262//5679 4328//5679 4290//5679
f 4317//5680 4320//5680 4318//5680
f 4321//5681 4329//5681 4262//5681
f 4329//5682 4328//5682 4262//5682
f 4281//1 4330//1 4317//1
f 4330//1 4331//1 4317//1
f 4331//5683 4320//5683 4317//5683
f 4332//1 4333//1 4281//1
f 4334//1 4332//1 4281//1
f 4197//1 4327//1 4281//1
f 4327//1 4334//1 4281//1
f 4333//1 4335//1 4281//1
f 4335//5684 4336//5684 4281//5684
f 4336//5685 4330//5685 4281//5685
f 4279//1 4337//1 4200//1
f 4337//5686 4311//5686 4200//5686
f 4338//1 4339//1 4279//1
f 4339//1 4340//1 4279//1
f 4340//1 4337//1 4279//1
f 4341//1 4342//1 4279//1
f 4342//1 4338//1 4279//1
f 4328//1 4343//1 4279//1
f 4343//1 4341//1 4279//1
f 4329//1 4344//1 4328//1
f 4344//1 4343//1 4328//1
f 4294//5687 4345//5687 4236//5687
f 4345//5688 4237//5688 4236//5688
f 233//254 232//254 4237//254
f 4346//254 233//254 4237//254
f 4345//5688 4346//5688 4237//5688
f 4347//5689 4322//5689 4239//5689
f 4348//5690 4347//5690 4239//5690
f 4313//5690 4348//5690 4239//5690
f 1341//254 1431//254 4313//254
f 1431//254 4348//254 4313//254
f 4325//5691 4311//5691 4337//5691
f 4340//5692 4325//5692 4337//5692
f 4349//5693 4345//5693 4294//5693
f 4350//5694 4349//5694 4294//5694
f 4299//5695 4350//5695 4294//5695
f 4350//5696 4299//5696 4254//5696
f 4351//5697 4350//5697 4254//5697
f 4255//1 4352//1 4254//1
f 4352//1 4351//1 4254//1
f 4330//1 4353//1 4331//1
f 4353//1 4354//1 4331//1
f 4355//5698 4320//5698 4331//5698
f 4354//5699 4355//5699 4331//5699
f 4355//5664 4304//5664 4320//5664
f 4340//5700 4326//5700 4325//5700
f 4356//5701 4334//5701 4327//5701
f 4309//5702 4356//5702 4327//5702
f 4307//5703 4356//5703 4309//5703
f 4291//5704 4314//5704 4283//5704
f 4357//1 4358//1 4314//1
f 4359//5705 4357//5705 4314//5705
f 4358//1 4360//1 4314//1
f 4360//1 4315//1 4314//1
f 4291//5706 4359//5706 4314//5706
f 4361//1 4300//1 4304//1
f 4355//5707 4362//5707 4304//5707
f 4362//5708 4361//5708 4304//5708
f 4303//1 4363//1 4301//1
f 4363//5709 4321//5709 4301//5709
f 4306//5710 4364//5710 4307//5710
f 4364//5711 4356//5711 4307//5711
f 4365//254 1158//254 4312//254
f 4326//5712 4365//5712 4312//5712
f 4366//1 4367//1 4329//1
f 4367//1 4344//1 4329//1
f 4321//5713 4366//5713 4329//5713
f 4354//5714 4362//5714 4355//5714
f 4368//5715 4366//5715 4321//5715
f 4363//5716 4368//5716 4321//5716
f 4347//5717 4369//5717 4322//5717
f 4370//5718 4319//5718 4322//5718
f 4369//5719 4370//5719 4322//5719
f 4370//3674 4371//3674 4319//3674
f 4371//5720 4273//5720 4319//5720
f 4339//5721 4326//5721 4340//5721
f 4364//5722 4334//5722 4356//5722
f 4339//5723 4372//5723 4326//5723
f 4372//5724 4365//5724 4326//5724
f 4323//5725 4302//5725 4293//5725
f 4373//1 4374//1 4323//1
f 4324//1 4373//1 4323//1
f 4374//5726 4302//5726 4323//5726
f 4370//5727 4274//5727 4273//5727
f 4371//5728 4370//5728 4273//5728
f 4375//4962 235//4962 230//4962
f 4376//4965 4375//4965 230//4965
f 231//5729 4376//5729 230//5729
f 4377//4963 234//4963 235//4963
f 4375//4964 4377//4964 235//4964
f 4378//5730 4379//5730 1337//5730
f 1339//5731 4378//5731 1337//5731
f 4380//4963 1341//4963 1337//4963
f 4379//4964 4380//4964 1337//4964
f 4381//5732 4376//5732 231//5732
f 4382//4970 316//4970 234//4970
f 4377//4971 4382//4971 234//4971
f 4383//5732 4378//5732 1339//5732
f 4384//4970 1431//4970 1341//4970
f 4380//5733 4384//5733 1341//5733
f 4143//2168 4377//2168 4144//2168
f 4377//2168 4375//2168 4144//2168
f 4375//4975 4145//4975 4144//4975
f 4376//4975 4145//4975 4375//4975
f 4315//4976 4382//4976 4143//4976
f 4382//4976 4377//4976 4143//4976
f 4152//2168 4380//2168 4148//2168
f 4380//2168 4379//2168 4148//2168
f 4379//4975 4149//4975 4148//4975
f 4378//4975 4149//4975 4379//4975
f 4175//4976 4384//4976 4152//4976
f 4384//4976 4380//4976 4152//4976
f 4353//1 4385//1 4354//1
f 4386//5734 4362//5734 4354//5734
f 4385//5735 4386//5735 4354//5735
f 4386//5736 4361//5736 4362//5736
f 4387//5737 4345//5737 4349//5737
f 4350//5738 4387//5738 4349//5738
f 4388//5739 4387//5739 4350//5739
f 4389//5740 4388//5740 4350//5740
f 4351//5741 4389//5741 4350//5741
f 4376//4985 4255//4985 4145//4985
f 4381//4985 4255//4985 4376//4985
f 4360//4986 4390//4986 4315//4986
f 4390//4986 4382//4986 4315//4986
f 4390//4987 316//4987 4382//4987
f 4378//4985 4324//4985 4149//4985
f 4383//4985 4324//4985 4378//4985
f 4272//4986 4391//4986 4175//4986
f 4391//4986 4384//4986 4175//4986
f 4391//4987 1431//4987 4384//4987
f 4364//5742 4332//5742 4334//5742
f 4392//5743 4332//5743 4364//5743
f 4306//5744 4392//5744 4364//5744
f 4393//4994 4381//4994 231//4994
f 232//4995 4393//4995 231//4995
f 4394//4994 4383//4994 1339//4994
f 1340//4995 4394//4995 1339//4995
f 1449//254 4348//254 1431//254
f 4391//5745 1449//5745 1431//5745
f 4395//5746 331//5746 316//5746
f 4390//5747 4395//5747 316//5747
f 4381//2756 4352//2756 4255//2756
f 4393//2756 4352//2756 4381//2756
f 4358//5003 4395//5003 4360//5003
f 4395//5003 4390//5003 4360//5003
f 4383//2756 4373//2756 4324//2756
f 4394//2756 4373//2756 4383//2756
f 4271//5003 4396//5003 4272//5003
f 4396//5003 4391//5003 4272//5003
f 4396//5748 1449//5748 4391//5748
f 4397//5749 4353//5749 4330//5749
f 4398//5453 4399//5453 4397//5453
f 4399//5750 4353//5750 4397//5750
f 4400//5751 4397//5751 4330//5751
f 4336//5752 4400//5752 4330//5752
f 4400//5450 4398//5450 4397//5450
f 4401//5753 4341//5753 4343//5753
f 4402//5754 4403//5754 4401//5754
f 4403//5755 4341//5755 4401//5755
f 4344//5756 4401//5756 4343//5756
f 4404//5757 4401//5757 4344//5757
f 4404//5447 4402//5447 4401//5447
f 4405//5017 4393//5017 232//5017
f 233//5020 4405//5020 232//5020
f 4406//5017 4394//5017 1340//5017
f 1345//5020 4406//5020 1340//5020
f 4407//1 4351//1 4352//1
f 4393//5023 4407//5023 4352//5023
f 4405//5023 4407//5023 4393//5023
f 4357//5024 4408//5024 4358//5024
f 4408//5024 4395//5024 4358//5024
f 4408//5025 331//5025 4395//5025
f 4409//1 4374//1 4373//1
f 4394//5023 4409//5023 4373//5023
f 4406//5023 4409//5023 4394//5023
f 4270//5024 4410//5024 4271//5024
f 4410//5024 4396//5024 4271//5024
f 4410//5025 1449//5025 4396//5025
f 4411//5758 4400//5758 4336//5758
f 4335//5759 4411//5759 4336//5759
f 4411//5760 4398//5760 4400//5760
f 4367//5761 4404//5761 4344//5761
f 4412//1 4385//1 4353//1
f 4399//5762 4412//5762 4353//5762
f 4398//5763 4413//5763 4399//5763
f 4413//5764 4412//5764 4399//5764
f 4403//5762 4342//5762 4341//5762
f 4402//5765 4414//5765 4403//5765
f 4414//5766 4342//5766 4403//5766
f 4415//5767 4404//5767 4367//5767
f 4415//5768 4402//5768 4404//5768
f 4416//5769 4415//5769 4367//5769
f 4415//5770 4417//5770 4402//5770
f 4418//5496 4419//5496 4402//5496
f 4417//5771 4418//5771 4402//5771
f 4419//5772 4414//5772 4402//5772
f 4366//5773 4416//5773 4367//5773
f 241//254 233//254 4346//254
f 4420//254 241//254 4346//254
f 4421//5774 4359//5774 4291//5774
f 4300//1 4422//1 4291//1
f 4422//1 4423//1 4291//1
f 4423//1 4421//1 4291//1
f 4361//1 4424//1 4300//1
f 4424//1 4422//1 4300//1
f 4425//1 4426//1 4303//1
f 4427//1 4363//1 4303//1
f 4426//1 4427//1 4303//1
f 4302//1 4425//1 4303//1
f 4374//5775 4428//5775 4302//5775
f 4428//5776 4429//5776 4302//5776
f 4429//5777 4425//5777 4302//5777
f 4430//5778 4431//5778 4339//5778
f 4431//5779 4372//5779 4339//5779
f 4432//1 4351//1 4407//1
f 4433//1 4432//1 4407//1
f 4405//5037 4433//5037 4407//5037
f 4434//5037 4433//5037 4405//5037
f 4435//1 4374//1 4409//1
f 4406//5037 4435//5037 4409//5037
f 4436//5037 4435//5037 4406//5037
f 4437//5780 4411//5780 4335//5780
f 4438//5781 4437//5781 4335//5781
f 4387//5782 4439//5782 4345//5782
f 4439//5783 4346//5783 4345//5783
f 4439//5783 4420//5783 4346//5783
f 4434//5035 4405//5035 233//5035
f 241//5036 4434//5036 233//5036
f 4386//5784 4440//5784 4361//5784
f 4440//5785 4424//5785 4361//5785
f 4305//254 4441//254 4306//254
f 4441//5786 4442//5786 4306//5786
f 4442//5787 4392//5787 4306//5787
f 4411//5788 4437//5788 4398//5788
f 4443//5496 4444//5496 4398//5496
f 4437//5771 4443//5771 4398//5771
f 4444//5789 4413//5789 4398//5789
f 4333//5790 4438//5790 4335//5790
f 4338//1 4430//1 4339//1
f 4445//5791 4416//5791 4366//5791
f 4368//5792 4446//5792 4366//5792
f 4446//5793 4445//5793 4366//5793
f 4436//5035 4406//5035 1345//5035
f 1349//5036 4436//5036 1345//5036
f 4447//1 4385//1 4412//1
f 333//254 375//254 331//254
f 1445//254 4348//254 1449//254
f 4448//5794 333//5794 4408//5794
f 333//5795 331//5795 4408//5795
f 4449//5796 1445//5796 4410//5796
f 1445//5042 1449//5042 4410//5042
f 4359//5038 4448//5038 4357//5038
f 4448//5038 4408//5038 4357//5038
f 4275//1 4450//1 4270//1
f 4450//5038 4449//5038 4270//5038
f 4449//5038 4410//5038 4270//5038
f 4451//1 4333//1 4332//1
f 4442//5797 4451//5797 4392//5797
f 4451//5798 4332//5798 4392//5798
f 4440//5799 4386//5799 4385//5799
f 4447//5800 4440//5800 4385//5800
f 4452//5801 4365//5801 4372//5801
f 4431//5801 4452//5801 4372//5801
f 4363//5802 4427//5802 4368//5802
f 4427//5803 4446//5803 4368//5803
f 4453//5804 4454//5804 4347//5804
f 4454//5805 4369//5805 4347//5805
f 4348//5806 4455//5806 4347//5806
f 4455//5806 4453//5806 4347//5806
f 1445//254 4455//254 4348//254
f 4452//254 1158//254 4365//254
f 4351//5807 4388//5807 4389//5807
f 4432//5808 4388//5808 4351//5808
f 4413//5809 4456//5809 4412//5809
f 4414//5810 4457//5810 4342//5810
f 4417//5811 4415//5811 4416//5811
f 4456//5812 4447//5812 4412//5812
f 4457//1 4338//1 4342//1
f 4444//5813 4456//5813 4413//5813
f 4458//5814 4437//5814 4438//5814
f 4419//5815 4457//5815 4414//5815
f 4459//5816 4417//5816 4416//5816
f 4460//1 4432//1 4433//1
f 4434//5048 4460//5048 4433//5048
f 4461//5048 4460//5048 4434//5048
f 241//5049 4461//5049 4434//5049
f 4462//5050 4463//5050 4359//5050
f 4463//5050 4448//5050 4359//5050
f 4463//5817 318//5817 4448//5817
f 318//5818 333//5818 4448//5818
f 4464//1 4374//1 4435//1
f 4465//1 4464//1 4435//1
f 4436//5048 4465//5048 4435//5048
f 4466//5048 4465//5048 4436//5048
f 1349//5049 4466//5049 4436//5049
f 4275//1 4467//1 4450//1
f 4467//5050 4468//5050 4450//5050
f 4468//5050 4449//5050 4450//5050
f 4468//5053 1445//5053 4449//5053
f 4469//5819 4447//5819 4456//5819
f 4333//5820 4458//5820 4438//5820
f 4445//5821 4459//5821 4416//5821
f 4420//254 239//254 241//254
f 239//5056 4461//5056 241//5056
f 318//254 4470//254 333//254
f 4470//254 375//254 333//254
f 1353//5056 4466//5056 1349//5056
f 4444//5822 4471//5822 4456//5822
f 4443//5823 4437//5823 4458//5823
f 4471//5824 4443//5824 4458//5824
f 4419//5825 4459//5825 4457//5825
f 4418//5826 4417//5826 4459//5826
f 4472//5827 4359//5827 4421//5827
f 4423//1 4473//1 4421//1
f 4473//1 4472//1 4421//1
f 4474//1 4462//1 4359//1
f 4472//5828 4474//5828 4359//5828
f 4443//5829 4471//5829 4444//5829
f 4418//5830 4459//5830 4419//5830
f 4475//5831 4274//5831 4370//5831
f 4476//1 4475//1 4370//1
f 4369//5832 4476//5832 4370//5832
f 4454//5833 4476//5833 4369//5833
f 4477//5834 4469//5834 4456//5834
f 4471//5835 4477//5835 4456//5835
f 4333//5836 4471//5836 4458//5836
f 4459//1 4338//1 4457//1
f 4333//5837 4477//5837 4471//5837
f 4478//1 4338//1 4459//1
f 4445//1 4478//1 4459//1
f 4479//1 4480//1 4460//1
f 4480//1 4432//1 4460//1
f 4461//5080 4479//5080 4460//5080
f 4481//5080 4479//5080 4461//5080
f 239//5085 4481//5085 4461//5085
f 4474//1 4482//1 4462//1
f 4482//5082 4483//5082 4462//5082
f 4483//5082 4463//5082 4462//5082
f 4483//5086 318//5086 4463//5086
f 4484//1 4464//1 4465//1
f 4485//1 4484//1 4465//1
f 4466//5080 4485//5080 4465//5080
f 4486//5080 4485//5080 4466//5080
f 1353//5085 4486//5085 4466//5085
f 4275//1 4487//1 4467//1
f 4487//5082 4488//5082 4467//5082
f 4488//5082 4468//5082 4467//5082
f 4488//5086 1433//5086 4468//5086
f 1433//5087 1445//5087 4468//5087
f 4420//254 4489//254 239//254
f 4489//254 240//254 239//254
f 240//5838 4481//5838 239//5838
f 1354//5838 4486//5838 1353//5838
f 1433//254 1352//254 1445//254
f 1352//254 4455//254 1445//254
f 4490//5839 4451//5839 4442//5839
f 4441//5840 4490//5840 4442//5840
f 4491//1 4333//1 4451//1
f 4490//5841 4491//5841 4451//5841
f 4492//1 4493//1 4479//1
f 4493//1 4480//1 4479//1
f 4481//5094 4492//5094 4479//5094
f 4494//5094 4492//5094 4481//5094
f 240//5842 4494//5842 4481//5842
f 4474//1 4495//1 4482//1
f 4495//5097 4496//5097 4482//5097
f 4496//5097 4483//5097 4482//5097
f 4496//5843 297//5843 4483//5843
f 297//5844 318//5844 4483//5844
f 4497//1 4498//1 4485//1
f 4499//1 4497//1 4485//1
f 4498//1 4484//1 4485//1
f 4486//5094 4499//5094 4485//5094
f 4500//5094 4499//5094 4486//5094
f 1354//5842 4500//5842 4486//5842
f 4275//1 4501//1 4487//1
f 4501//5097 4502//5097 4487//5097
f 4502//5097 4488//5097 4487//5097
f 4502//5845 1351//5845 4488//5845
f 1351//5846 1433//5846 4488//5846
f 4447//5847 4503//5847 4440//5847
f 4503//5848 4424//5848 4440//5848
f 4469//5849 4503//5849 4447//5849
f 4495//1 4504//1 4492//1
f 4504//1 4493//1 4492//1
f 4494//2169 4495//2169 4492//2169
f 4496//2169 4495//2169 4494//2169
f 240//5850 242//5850 4494//5850
f 242//5102 4496//5102 4494//5102
f 4474//1 4505//1 4495//1
f 4505//1 4504//1 4495//1
f 242//5102 297//5102 4496//5102
f 4506//1 4497//1 4499//1
f 4501//1 4506//1 4499//1
f 4500//2169 4501//2169 4499//2169
f 4502//2169 4501//2169 4500//2169
f 1354//5850 1350//5850 4500//5850
f 1350//5102 4502//5102 4500//5102
f 4275//1 4506//1 4501//1
f 1350//5851 1351//5851 4502//5851
f 4489//254 242//254 240//254
f 297//254 4470//254 318//254
f 4470//254 297//254 242//254
f 4489//254 4470//254 242//254
f 4464//5852 4507//5852 4428//5852
f 4374//5852 4464//5852 4428//5852
f 4507//1 4508//1 4428//1
f 4508//5853 4429//5853 4428//5853
f 4432//5854 4509//5854 4388//5854
f 4509//5855 4510//5855 4388//5855
f 4510//5856 4387//5856 4388//5856
f 4511//5857 4491//5857 4490//5857
f 4441//5858 4511//5858 4490//5858
f 4510//5859 4439//5859 4387//5859
f 4430//5860 4512//5860 4431//5860
f 4513//5861 4452//5861 4431//5861
f 4512//5861 4513//5861 4431//5861
f 4338//1 4514//1 4430//1
f 4514//5862 4512//5862 4430//5862
f 4476//5863 4274//5863 4475//5863
f 4476//5864 4515//5864 4274//5864
f 4515//5865 4276//5865 4274//5865
f 4469//5866 4516//5866 4503//5866
f 4516//5867 4424//5867 4503//5867
f 4478//5868 4445//5868 4446//5868
f 4517//5869 4478//5869 4446//5869
f 4427//5870 4518//5870 4446//5870
f 4518//5871 4517//5871 4446//5871
f 4305//254 4519//254 4441//254
f 4519//5872 4511//5872 4441//5872
f 4513//254 1158//254 4452//254
f 4520//1 4521//1 4424//1
f 4521//1 4522//1 4424//1
f 4522//1 4422//1 4424//1
f 4516//5867 4520//5867 4424//5867
f 4426//1 4518//1 4427//1
f 4523//1 4333//1 4491//1
f 4511//5873 4523//5873 4491//5873
f 4524//5874 4523//5874 4511//5874
f 4525//5875 4524//5875 4511//5875
f 4519//5876 4525//5876 4511//5876
f 4514//5877 4526//5877 4512//5877
f 4526//5878 4513//5878 4512//5878
f 4454//5879 4515//5879 4476//5879
f 4527//5880 4515//5880 4454//5880
f 4453//5881 4527//5881 4454//5881
f 4469//5882 4528//5882 4516//5882
f 4528//5883 4520//5883 4516//5883
f 4477//5884 4528//5884 4469//5884
f 4529//5885 4474//5885 4472//5885
f 4473//1 4530//1 4472//1
f 4530//1 4529//1 4472//1
f 4529//5885 4505//5885 4474//5885
f 4514//5886 4531//5886 4526//5886
f 4532//5887 4513//5887 4526//5887
f 4531//5888 4532//5888 4526//5888
f 4338//1 4533//1 4514//1
f 4533//5889 4531//5889 4514//5889
f 4510//5890 4534//5890 4439//5890
f 4534//5891 4489//5891 4439//5891
f 4489//5892 4420//5892 4439//5892
f 4535//5893 4527//5893 4453//5893
f 4455//5894 4535//5894 4453//5894
f 1352//5895 4535//5895 4455//5895
f 4480//5896 4509//5896 4432//5896
f 4333//1 4536//1 4477//1
f 4537//5897 4528//5897 4477//5897
f 4536//5898 4537//5898 4477//5898
f 4523//1 4538//1 4333//1
f 4538//1 4536//1 4333//1
f 4539//1 4533//1 4338//1
f 4478//1 4540//1 4338//1
f 4540//1 4541//1 4338//1
f 4541//1 4542//1 4338//1
f 4542//1 4539//1 4338//1
f 4517//5899 4540//5899 4478//5899
f 4543//1 4544//1 4523//1
f 4544//1 4545//1 4523//1
f 4546//1 4538//1 4523//1
f 4545//1 4546//1 4523//1
f 4524//5900 4543//5900 4523//5900
f 4539//1 4547//1 4533//1
f 4547//1 4548//1 4533//1
f 4549//5901 4531//5901 4533//5901
f 4548//5902 4549//5902 4533//5902
f 4480//5903 4550//5903 4509//5903
f 4550//5904 4510//5904 4509//5904
f 4550//5905 4551//5905 4510//5905
f 4551//5906 4534//5906 4510//5906
f 4537//5907 4520//5907 4528//5907
f 4552//5908 4540//5908 4517//5908
f 4518//5909 4553//5909 4517//5909
f 4553//5910 4552//5910 4517//5910
f 4552//5911 4541//5911 4540//5911
f 4484//5912 4554//5912 4507//5912
f 4464//5913 4484//5913 4507//5913
f 4554//5914 4555//5914 4507//5914
f 4555//5915 4508//5915 4507//5915
f 4556//1 4557//1 4543//1
f 4557//1 4544//1 4543//1
f 4558//5916 4556//5916 4543//5916
f 4524//5917 4558//5917 4543//5917
f 4559//5918 4558//5918 4524//5918
f 4525//5919 4559//5919 4524//5919
f 4560//5920 4532//5920 4531//5920
f 4549//5921 4560//5921 4531//5921
f 4305//254 4525//254 4519//254
f 4532//254 1158//254 4513//254
f 4561//1 4562//1 4520//1
f 4562//1 4563//1 4520//1
f 4563//1 4521//1 4520//1
f 4537//5922 4561//5922 4520//5922
f 4426//1 4564//1 4518//1
f 4564//1 4565//1 4518//1
f 4565//1 4553//1 4518//1
f 4548//5923 4566//5923 4549//5923
f 4567//5924 4560//5924 4549//5924
f 4566//5925 4567//5925 4549//5925
f 4547//1 4568//1 4548//1
f 4568//1 4569//1 4548//1
f 4569//5926 4566//5926 4548//5926
f 4536//5927 4570//5927 4537//5927
f 4570//5928 4561//5928 4537//5928
f 4538//5929 4570//5929 4536//5929
f 4498//1 4571//1 4484//1
f 4571//5930 4554//5930 4484//5930
f 4527//5931 4572//5931 4515//5931
f 4559//5932 4573//5932 4558//5932
f 4569//5933 4574//5933 4566//5933
f 4574//5934 4567//5934 4566//5934
f 4575//5935 4572//5935 4527//5935
f 4275//5936 4276//5936 4515//5936
f 4572//5937 4275//5937 4515//5937
f 4535//5938 4575//5938 4527//5938
f 4576//5939 4577//5939 4489//5939
f 4577//5940 236//5940 4489//5940
f 236//5941 4470//5941 4489//5941
f 4534//5942 4576//5942 4489//5942
f 4578//5943 300//5943 4470//5943
f 238//5944 4578//5944 4470//5944
f 300//5945 309//5945 4470//5945
f 309//5946 4579//5946 4470//5946
f 4579//5947 4580//5947 4470//5947
f 236//5948 4581//5948 4470//5948
f 4581//5949 238//5949 4470//5949
f 4580//254 4582//254 4470//254
f 4582//254 375//254 4470//254
f 4582//254 4583//254 375//254
f 4583//254 4305//254 375//254
f 4583//254 4559//254 4305//254
f 4559//254 4525//254 4305//254
f 4584//254 1158//254 4532//254
f 4560//254 4584//254 4532//254
f 4585//254 1242//254 1158//254
f 4584//254 4585//254 1158//254
f 4586//254 1352//254 1242//254
f 4587//254 4586//254 1242//254
f 4585//254 4588//254 1242//254
f 4588//254 4589//254 1242//254
f 4589//254 4587//254 1242//254
f 4586//5950 4535//5950 1352//5950
f 4590//5951 4556//5951 4558//5951
f 4591//5952 4590//5952 4558//5952
f 4573//5952 4591//5952 4558//5952
f 4592//1 4557//1 4556//1
f 4590//5953 4592//5953 4556//5953
f 4425//5483 4593//5483 4426//5483
f 4594//5504 4423//5504 4422//5504
f 4595//5954 4594//5954 4422//5954
f 4522//5954 4595//5954 4422//5954
f 4595//5955 4596//5955 4594//5955
f 4521//5956 4595//5956 4522//5956
f 4597//5504 4564//5504 4426//5504
f 4598//5505 4597//5505 4426//5505
f 4593//5506 4598//5506 4426//5506
f 4598//5502 4599//5502 4597//5502
f 4425//5957 4598//5957 4593//5957
f 4538//5958 4600//5958 4570//5958
f 4600//5959 4561//5959 4570//5959
f 4594//5514 4473//5514 4423//5514
f 4563//5960 4595//5960 4521//5960
f 4597//5514 4565//5514 4564//5514
f 4599//5515 4601//5515 4597//5515
f 4601//5516 4565//5516 4597//5516
f 4602//5961 4598//5961 4425//5961
f 4429//5962 4602//5962 4425//5962
f 4602//5509 4599//5509 4598//5509
f 4603//1 4553//1 4565//1
f 4604//5963 4542//5963 4552//5963
f 4542//5964 4541//5964 4552//5964
f 4553//5965 4605//5965 4552//5965
f 4605//5965 4604//5965 4552//5965
f 4594//5533 4530//5533 4473//5533
f 4596//5515 4606//5515 4594//5515
f 4606//5966 4530//5966 4594//5966
f 4607//5967 4595//5967 4563//5967
f 4562//5968 4607//5968 4563//5968
f 4607//5969 4596//5969 4595//5969
f 4601//5537 4603//5537 4565//5537
f 4608//5970 4567//5970 4574//5970
f 4609//5971 4505//5971 4529//5971
f 4530//1 4610//1 4529//1
f 4610//1 4609//1 4529//1
f 4611//1 4504//1 4505//1
f 4609//5971 4611//5971 4505//5971
f 4612//1 4613//1 4569//1
f 4568//1 4612//1 4569//1
f 4613//5972 4574//5972 4569//5972
f 4583//254 4573//254 4559//254
f 4567//254 4584//254 4560//254
f 4561//5973 4614//5973 4562//5973
f 4615//1 4553//1 4603//1
f 4555//5974 4429//5974 4508//5974
f 4616//5975 4592//5975 4590//5975
f 4591//5976 4616//5976 4590//5976
f 4613//5977 4617//5977 4574//5977
f 4618//5978 4608//5978 4574//5978
f 4617//5979 4618//5979 4574//5979
f 4546//5980 4600//5980 4538//5980
f 4480//5981 4619//5981 4550//5981
f 4619//5982 4620//5982 4550//5982
f 4604//5983 4539//5983 4542//5983
f 4606//5567 4610//5567 4530//5567
f 4614//5984 4607//5984 4562//5984
f 4601//5567 4615//5567 4603//5567
f 4621//5985 4602//5985 4429//5985
f 4555//5985 4621//5985 4429//5985
f 4621//5569 4599//5569 4602//5569
f 4620//5986 4551//5986 4550//5986
f 4620//5987 4622//5987 4551//5987
f 4622//5988 4534//5988 4551//5988
f 4623//5989 4592//5989 4616//5989
f 4624//5990 4623//5990 4616//5990
f 4591//5991 4624//5991 4616//5991
f 4572//5992 4506//5992 4275//5992
f 4625//1 4626//1 4592//1
f 4626//1 4557//1 4592//1
f 4623//5993 4625//5993 4592//5993
f 4627//1 4609//1 4610//1
f 4606//5601 4627//5601 4610//5601
f 4596//5994 4628//5994 4606//5994
f 4628//5601 4627//5601 4606//5601
f 4607//5995 4629//5995 4596//5995
f 4629//5996 4630//5996 4596//5996
f 4630//5997 4628//5997 4596//5997
f 4629//5998 4607//5998 4614//5998
f 4631//5999 4629//5999 4614//5999
f 4561//6000 4632//6000 4614//6000
f 4632//6001 4631//6001 4614//6001
f 4605//1 4553//1 4615//1
f 4633//1 4605//1 4615//1
f 4601//5601 4633//5601 4615//5601
f 4599//5602 4634//5602 4601//5602
f 4634//5603 4633//5603 4601//5603
f 4621//5594 4635//5594 4599//5594
f 4636//6002 4637//6002 4599//6002
f 4635//5595 4636//5595 4599//5595
f 4637//5606 4634//5606 4599//5606
f 4554//6003 4638//6003 4555//6003
f 4639//1 4632//1 4561//1
f 4600//5959 4639//5959 4561//5959
f 4546//6004 4640//6004 4600//6004
f 4640//6005 4639//6005 4600//6005
f 4545//6006 4640//6006 4546//6006
f 4628//6007 4641//6007 4627//6007
f 4634//6008 4642//6008 4633//6008
f 4635//5999 4621//5999 4555//5999
f 4643//6009 4635//6009 4555//6009
f 4638//6010 4643//6010 4555//6010
f 4644//6011 4625//6011 4623//6011
f 4624//6012 4644//6012 4623//6012
f 4612//1 4645//1 4613//1
f 4645//1 4646//1 4613//1
f 4646//6013 4647//6013 4613//6013
f 4647//6014 4617//6014 4613//6014
f 4648//6015 4618//6015 4617//6015
f 4647//6016 4648//6016 4617//6016
f 4649//6017 4544//6017 4557//6017
f 4650//5443 4651//5443 4649//5443
f 4651//6018 4544//6018 4649//6018
f 4568//6017 4652//6017 4612//6017
f 4653//6019 4654//6019 4652//6019
f 4654//6020 4612//6020 4652//6020
f 4547//6021 4652//6021 4568//6021
f 4480//6022 4620//6022 4619//6022
f 4493//6023 4620//6023 4480//6023
f 4655//1 4609//1 4627//1
f 4641//1 4655//1 4627//1
f 4639//6024 4631//6024 4632//6024
f 4642//6025 4605//6025 4633//6025
f 4554//1 4656//1 4638//1
f 4656//6026 4643//6026 4638//6026
f 4622//6027 4657//6027 4534//6027
f 4657//6028 4576//6028 4534//6028
f 4658//254 50//254 4576//254
f 50//6029 4577//6029 4576//6029
f 4657//6028 4658//6028 4576//6028
f 4659//6030 4660//6030 4535//6030
f 4660//6031 4575//6031 4535//6031
f 4586//6032 4587//6032 4535//6032
f 4587//6032 4659//6032 4535//6032
f 4661//6033 4649//6033 4557//6033
f 4626//6034 4661//6034 4557//6034
f 4661//6035 4650//6035 4649//6035
f 4662//6036 4652//6036 4547//6036
f 4662//6035 4653//6035 4652//6035
f 4571//6037 4663//6037 4554//6037
f 4663//1 4656//1 4554//1
f 4498//1 4664//1 4571//1
f 4664//6038 4663//6038 4571//6038
f 4665//1 4545//1 4544//1
f 4651//6039 4665//6039 4544//6039
f 4650//5461 4666//5461 4651//5461
f 4666//6040 4665//6040 4651//6040
f 4667//6041 4661//6041 4626//6041
f 4667//6042 4650//6042 4661//6042
f 4654//6043 4645//6043 4612//6043
f 4668//6041 4662//6041 4547//6041
f 4668//6042 4653//6042 4662//6042
f 4669//6044 4625//6044 4644//6044
f 4670//6045 4669//6045 4644//6045
f 4624//6046 4670//6046 4644//6046
f 4628//6047 4671//6047 4641//6047
f 4637//6048 4642//6048 4634//6048
f 4636//6049 4635//6049 4643//6049
f 4672//1 4673//1 4625//1
f 4673//1 4626//1 4625//1
f 4669//6050 4672//6050 4625//6050
f 4674//1 4545//1 4665//1
f 4539//1 4675//1 4547//1
f 4646//1 4676//1 4672//1
f 4676//1 4673//1 4672//1
f 4669//6051 4647//6051 4672//6051
f 4647//6052 4646//6052 4672//6052
f 4670//6053 4647//6053 4669//6053
f 4670//6053 4677//6053 4647//6053
f 4677//6053 4648//6053 4647//6053
f 4645//1 4678//1 4646//1
f 4678//1 4676//1 4646//1
f 4671//1 4655//1 4641//1
f 4679//6054 4680//6054 4631//6054
f 4639//6055 4679//6055 4631//6055
f 4681//6056 4605//6056 4642//6056
f 4682//6057 4681//6057 4642//6057
f 4663//6058 4643//6058 4656//6058
f 4666//6059 4674//6059 4665//6059
f 4673//6060 4667//6060 4626//6060
f 4653//6061 4683//6061 4654//6061
f 4683//6062 4645//6062 4654//6062
f 4675//6063 4668//6063 4547//6063
f 4628//6064 4684//6064 4671//6064
f 4630//6065 4684//6065 4628//6065
f 4630//6066 4629//6066 4631//6066
f 4684//6066 4630//6066 4631//6066
f 4680//6067 4684//6067 4631//6067
f 4637//6068 4685//6068 4642//6068
f 4685//6069 4682//6069 4642//6069
f 4686//6070 4636//6070 4643//6070
f 4545//6071 4687//6071 4640//6071
f 4679//6072 4639//6072 4640//6072
f 4687//6073 4679//6073 4640//6073
f 4680//6074 4688//6074 4684//6074
f 4637//5645 4686//5645 4685//5645
f 4636//6075 4686//6075 4637//6075
f 4650//6076 4689//6076 4666//6076
f 4689//6059 4674//6059 4666//6059
f 4667//5770 4690//5770 4650//5770
f 4691//6077 4692//6077 4650//6077
f 4690//6078 4691//6078 4650//6078
f 4692//6079 4689//6079 4650//6079
f 4683//6059 4678//6059 4645//6059
f 4668//5770 4693//5770 4653//5770
f 4693//6078 4694//6078 4653//6078
f 4695//6079 4683//6079 4653//6079
f 4694//6077 4695//6077 4653//6077
f 4696//1 4655//1 4671//1
f 4679//1 4688//1 4680//1
f 4685//1 4697//1 4682//1
f 4697//1 4681//1 4682//1
f 4663//6080 4686//6080 4643//6080
f 4684//6081 4696//6081 4671//6081
f 4663//1 4697//1 4686//1
f 4698//6082 4539//6082 4604//6082
f 4699//6083 4698//6083 4604//6083
f 4605//6084 4681//6084 4604//6084
f 4681//6085 4699//6085 4604//6085
f 4688//6086 4696//6086 4684//6086
f 4679//1 4696//1 4688//1
f 4686//1 4697//1 4685//1
f 4690//6087 4667//6087 4673//6087
f 4693//6088 4668//6088 4675//6088
f 4700//6089 4693//6089 4675//6089
f 4676//1 4701//1 4673//1
f 4702//1 4701//1 4676//1
f 4703//1 4702//1 4676//1
f 4678//1 4703//1 4676//1
f 4539//1 4700//1 4675//1
f 4704//6090 4506//6090 4572//6090
f 4674//1 4705//1 4545//1
f 4705//6091 4687//6091 4545//6091
f 4706//254 4704//254 4572//254
f 4698//1 4707//1 4539//1
f 4707//1 4700//1 4539//1
f 4575//6092 4706//6092 4572//6092
f 4689//6093 4708//6093 4674//6093
f 4692//6094 4708//6094 4689//6094
f 4709//6095 4690//6095 4673//6095
f 4683//6096 4710//6096 4678//6096
f 4695//6097 4710//6097 4683//6097
f 4694//6098 4693//6098 4700//6098
f 4707//6099 4694//6099 4700//6099
f 4660//6100 4706//6100 4575//6100
f 4583//254 4591//254 4573//254
f 4608//254 4584//254 4567//254
f 4708//1 4705//1 4674//1
f 4701//1 4709//1 4673//1
f 4711//1 4703//1 4678//1
f 4710//1 4711//1 4678//1
f 4691//6101 4690//6101 4709//6101
f 4708//6102 4691//6102 4709//6102
f 4694//6103 4710//6103 4695//6103
f 4691//6104 4708//6104 4692//6104
f 4694//6105 4707//6105 4710//6105
f 4712//1 4705//1 4708//1
f 4712//1 4708//1 4709//1
f 4701//1 4712//1 4709//1
f 4698//1 4711//1 4710//1
f 4707//1 4698//1 4710//1
f 4705//6106 4713//6106 4687//6106
f 4714//6107 4679//6107 4687//6107
f 4713//6108 4714//6108 4687//6108
f 4712//6109 4713//6109 4705//6109
f 4712//6110 4715//6110 4713//6110
f 4715//6111 4714//6111 4713//6111
f 4716//6112 4698//6112 4699//6112
f 4681//6113 4717//6113 4699//6113
f 4717//6114 4716//6114 4699//6114
f 4493//6115 4718//6115 4620//6115
f 4718//6116 4719//6116 4620//6116
f 4719//6117 4720//6117 4620//6117
f 4720//6118 4622//6118 4620//6118
f 4497//6119 4506//6119 4704//6119
f 4706//6120 4497//6120 4704//6120
f 4721//6121 4698//6121 4716//6121
f 4717//6122 4722//6122 4716//6122
f 4722//6123 4721//6123 4716//6123
f 4655//6124 4611//6124 4609//6124
f 4721//6125 4711//6125 4698//6125
f 4720//6126 4657//6126 4622//6126
f 4723//1 4504//1 4611//1
f 4655//6127 4723//6127 4611//6127
f 4583//254 4624//254 4591//254
f 4618//254 4584//254 4608//254
f 4712//6128 4724//6128 4715//6128
f 4725//6129 4714//6129 4715//6129
f 4724//6130 4725//6130 4715//6130
f 4701//6131 4724//6131 4712//6131
f 4701//6132 4726//6132 4724//6132
f 4726//6133 4725//6133 4724//6133
f 4727//6134 4711//6134 4721//6134
f 4722//6135 4727//6135 4721//6135
f 4728//6136 4718//6136 4493//6136
f 4504//1 4728//1 4493//1
f 4729//1 4730//1 4504//1
f 4731//1 4729//1 4504//1
f 4730//1 4732//1 4504//1
f 4732//1 4728//1 4504//1
f 4723//1 4733//1 4504//1
f 4733//1 4734//1 4504//1
f 4734//1 4735//1 4504//1
f 4735//1 4731//1 4504//1
f 4655//6124 4733//6124 4723//6124
f 4736//1 4737//1 4498//1
f 4737//1 4738//1 4498//1
f 4738//1 4739//1 4498//1
f 4740//1 4664//1 4498//1
f 4739//1 4740//1 4498//1
f 4741//1 4742//1 4498//1
f 4497//1 4741//1 4498//1
f 4743//1 4736//1 4498//1
f 4744//1 4743//1 4498//1
f 4742//1 4744//1 4498//1
f 4706//6137 4741//6137 4497//6137
f 4745//6138 4733//6138 4655//6138
f 4696//1 4745//1 4655//1
f 4746//1 4747//1 4696//1
f 4747//1 4745//1 4696//1
f 4679//1 4746//1 4696//1
f 4714//1 4748//1 4679//1
f 4748//1 4746//1 4679//1
f 4697//1 4749//1 4681//1
f 4749//1 4750//1 4681//1
f 4750//1 4717//1 4681//1
f 4663//1 4749//1 4697//1
f 4751//6139 4711//6139 4727//6139
f 4722//6140 4752//6140 4727//6140
f 4752//6141 4751//6141 4727//6141
f 4664//6142 4753//6142 4663//6142
f 4753//1 4749//1 4663//1
f 4740//6143 4753//6143 4664//6143
f 4751//6144 4703//6144 4711//6144
f 4701//6145 4754//6145 4726//6145
f 4755//6146 4725//6146 4726//6146
f 4754//6147 4755//6147 4726//6147
f 4725//1 4748//1 4714//1
f 4750//1 4722//1 4717//1
f 4702//6148 4754//6148 4701//6148
f 4702//6149 4756//6149 4754//6149
f 4756//6150 4755//6150 4754//6150
f 4702//6151 4703//6151 4756//6151
f 4703//6152 4751//6152 4756//6152
f 4752//6150 4755//6150 4756//6150
f 4751//6150 4752//6150 4756//6150
f 4757//5282 4758//5282 4759//5282
f 4760//6153 4757//6153 4759//6153
f 4758//2168 238//2168 4759//2168
f 238//2168 4581//2168 4759//2168
f 4581//6154 4760//6154 4759//6154
f 236//6154 4760//6154 4581//6154
f 4757//6155 4761//6155 4758//6155
f 4761//6156 4578//6156 4758//6156
f 4578//6156 238//6156 4758//6156
f 4762//6157 4741//6157 4706//6157
f 4763//6158 4762//6158 4706//6158
f 4660//6159 4763//6159 4706//6159
f 4764//6160 4757//6160 4760//6160
f 236//6161 4764//6161 4760//6161
f 4577//6161 4764//6161 236//6161
f 4757//5288 4765//5288 4761//5288
f 4765//5289 300//5289 4761//5289
f 300//5289 4578//5289 4761//5289
f 4583//254 4670//254 4624//254
f 4766//254 4584//254 4618//254
f 4648//254 4766//254 4618//254
f 4767//6162 4763//6162 4660//6162
f 4728//6163 4719//6163 4718//6163
f 4732//6164 4719//6164 4728//6164
f 4659//6165 4767//6165 4660//6165
f 4720//6166 4768//6166 4657//6166
f 4768//6167 4658//6167 4657//6167
f 4769//254 112//254 4658//254
f 112//254 50//254 4658//254
f 4768//6167 4769//6167 4658//6167
f 4770//6168 4767//6168 4659//6168
f 4587//6169 4589//6169 4659//6169
f 4589//6169 4770//6169 4659//6169
f 4771//6170 4757//6170 4764//6170
f 4577//6171 4771//6171 4764//6171
f 50//6172 4771//6172 4577//6172
f 4757//5295 4772//5295 4765//5295
f 4772//2860 309//2860 4765//2860
f 309//2860 300//2860 4765//2860
f 4766//254 4677//254 4670//254
f 4583//254 4766//254 4670//254
f 4766//254 4648//254 4677//254
f 4773//6173 4757//6173 4771//6173
f 50//6174 4773//6174 4771//6174
f 112//6175 4773//6175 50//6175
f 4757//5307 4774//5307 4772//5307
f 4774//6176 4579//6176 4772//6176
f 4579//6176 309//6176 4772//6176
f 4755//1 4748//1 4725//1
f 4750//1 4752//1 4722//1
f 4732//6177 4775//6177 4719//6177
f 4776//6178 4757//6178 4773//6178
f 112//6179 4776//6179 4773//6179
f 4776//6180 4777//6180 4757//6180
f 4778//5323 4779//5323 4757//5323
f 4780//6181 4778//6181 4757//6181
f 4777//6182 4780//6182 4757//6182
f 4781//6183 4782//6183 4757//6183
f 4783//5327 4781//5327 4757//5327
f 4779//6184 4783//6184 4757//6184
f 4782//5329 4774//5329 4757//5329
f 4782//5330 308//5330 4774//5330
f 308//5330 4579//5330 4774//5330
f 308//6185 4580//6185 4579//6185
f 4775//6186 4784//6186 4719//6186
f 4784//6187 4720//6187 4719//6187
f 4784//6188 4768//6188 4720//6188
f 4747//1451 4733//1451 4745//1451
f 4785//1 4786//1 4733//1
f 4786//1 4787//1 4733//1
f 4787//1 4734//1 4733//1
f 4747//1451 4788//1451 4733//1451
f 4788//1451 4785//1451 4733//1451
f 4752//1 4748//1 4755//1
f 4750//1 4748//1 4752//1
f 112//6189 4777//6189 4776//6189
f 244//6190 4777//6190 112//6190
f 4781//2858 292//2858 4782//2858
f 292//2858 308//2858 4782//2858
f 4769//254 244//254 112//254
f 292//6191 4580//6191 308//6191
f 244//6192 4780//6192 4777//6192
f 245//6193 4780//6193 244//6193
f 4783//5354 4789//5354 4781//5354
f 4789//5354 292//5354 4781//5354
f 4769//6194 245//6194 244//6194
f 4789//6195 4580//6195 292//6195
f 4746//1 4788//1 4747//1
f 4790//1 4788//1 4746//1
f 4748//1 4790//1 4746//1
f 4791//1 4792//1 4748//1
f 4793//1 4791//1 4748//1
f 4792//1 4790//1 4748//1
f 4750//1 4794//1 4748//1
f 4794//6196 4795//6196 4748//6196
f 4795//1 4796//1 4748//1
f 4796//1 4797//1 4748//1
f 4797//1 4798//1 4748//1
f 4798//6197 4799//6197 4748//6197
f 4799//6198 4793//6198 4748//6198
f 4800//1 4801//1 4750//1
f 4802//1 4803//1 4750//1
f 4803//6199 4804//6199 4750//6199
f 4804//6200 4794//6200 4750//6200
f 4801//1 4805//1 4750//1
f 4805//1 4806//1 4750//1
f 4806//1 4802//1 4750//1
f 4749//1 4807//1 4750//1
f 4807//1 4808//1 4750//1
f 4808//1 4800//1 4750//1
f 4753//1 4807//1 4749//1
f 245//6201 4778//6201 4780//6201
f 270//6201 4778//6201 245//6201
f 4779//6202 289//6202 4783//6202
f 289//6202 4789//6202 4783//6202
f 4740//6203 4807//6203 4753//6203
f 4739//1 4809//1 4740//1
f 4809//6203 4807//6203 4740//6203
f 4763//6204 4741//6204 4762//6204
f 4810//6205 4742//6205 4741//6205
f 4763//6206 4810//6206 4741//6206
f 270//2169 4779//2169 4778//2169
f 289//2169 4779//2169 270//2169
f 4811//6207 270//6207 245//6207
f 4769//6208 4811//6208 245//6208
f 289//6209 4580//6209 4789//6209
f 4811//6210 289//6210 270//6210
f 4811//6210 4580//6210 289//6210
f 4767//6211 4810//6211 4763//6211
f 4812//6212 4810//6212 4767//6212
f 4813//6213 4796//6213 4795//6213
f 4814//5505 4813//5505 4795//5505
f 4794//5154 4814//5154 4795//5154
f 4814//5502 4815//5502 4813//5502
f 4804//6214 4814//6214 4794//6214
f 4790//1451 4785//1451 4788//1451
f 4809//6215 4808//6215 4807//6215
f 4770//6216 4812//6216 4767//6216
f 4813//6217 4797//6217 4796//6217
f 4816//6218 4814//6218 4804//6218
f 4816//6219 4815//6219 4814//6219
f 4802//6220 4804//6220 4803//6220
f 4813//5533 4798//5533 4797//5533
f 4815//5534 4817//5534 4813//5534
f 4817//5535 4798//5535 4813//5535
f 4802//6221 4816//6221 4804//6221
f 4817//6222 4799//6222 4798//6222
f 4818//6223 4816//6223 4802//6223
f 4806//6224 4818//6224 4802//6224
f 4818//5181 4815//5181 4816//5181
f 4819//6225 4784//6225 4775//6225
f 4792//6226 4785//6226 4790//6226
f 4820//1 4821//1 4785//1
f 4821//1 4786//1 4785//1
f 4792//6226 4820//6226 4785//6226
f 4732//6227 4822//6227 4775//6227
f 4822//6228 4819//6228 4775//6228
f 4730//6229 4822//6229 4732//6229
f 4823//6230 4793//6230 4799//6230
f 4818//5204 4824//5204 4815//5204
f 4824//5605 4825//5605 4815//5605
f 4825//6231 4817//6231 4815//6231
f 4805//6232 4818//6232 4806//6232
f 4826//6233 4768//6233 4784//6233
f 4819//6234 4826//6234 4784//6234
f 4827//6235 4811//6235 4768//6235
f 4826//6236 4827//6236 4768//6236
f 4811//1460 4769//1460 4768//1460
f 4828//6237 4812//6237 4770//6237
f 4589//6238 4588//6238 4770//6238
f 4588//6239 4828//6239 4770//6239
f 4817//6240 4829//6240 4799//6240
f 4829//6241 4823//6241 4799//6241
f 4825//6242 4829//6242 4817//6242
f 4824//6243 4818//6243 4805//6243
f 4830//6244 4824//6244 4805//6244
f 4831//1 4793//1 4823//1
f 4829//1 4831//1 4823//1
f 4801//1 4832//1 4805//1
f 4832//6026 4830//6026 4805//6026
f 4825//6245 4833//6245 4829//6245
f 4809//6246 4834//6246 4808//6246
f 4834//6246 4800//6246 4808//6246
f 4739//1 4835//1 4809//1
f 4835//1 4834//1 4809//1
f 4833//6247 4831//6247 4829//6247
f 4836//6248 4830//6248 4832//6248
f 4801//1 4836//1 4832//1
f 4825//2169 4830//2169 4833//2169
f 4830//5262 4837//5262 4833//5262
f 4837//5262 4838//5262 4833//5262
f 4824//2169 4830//2169 4825//2169
f 4839//6249 4831//6249 4833//6249
f 4838//6250 4839//6250 4833//6250
f 4840//6251 4837//6251 4830//6251
f 4836//6252 4840//6252 4830//6252
f 4837//1 4839//1 4838//1
f 4840//1 4839//1 4837//1
f 4841//6253 4742//6253 4810//6253
f 4842//6254 4841//6254 4810//6254
f 4812//6255 4842//6255 4810//6255
f 4843//6256 4842//6256 4812//6256
f 4828//6257 4843//6257 4812//6257
f 4842//6258 4742//6258 4841//6258
f 4842//6259 4744//6259 4742//6259
f 4827//254 4580//254 4811//254
f 4827//254 4844//254 4580//254
f 4844//254 4582//254 4580//254
f 384//254 386//254 4582//254
f 385//254 384//254 4582//254
f 4845//254 385//254 4582//254
f 4844//254 4845//254 4582//254
f 386//254 388//254 4582//254
f 388//254 4583//254 4582//254
f 388//254 537//254 4583//254
f 537//254 4766//254 4583//254
f 781//254 780//254 4766//254
f 782//254 781//254 4766//254
f 786//254 782//254 4766//254
f 596//254 786//254 4766//254
f 780//254 779//254 4766//254
f 779//254 4584//254 4766//254
f 537//254 550//254 4766//254
f 550//254 574//254 4766//254
f 574//254 592//254 4766//254
f 592//254 596//254 4766//254
f 4846//254 4847//254 4584//254
f 779//254 778//254 4584//254
f 778//254 1026//254 4584//254
f 1026//254 1074//254 4584//254
f 1074//254 4846//254 4584//254
f 4848//254 4585//254 4584//254
f 4847//254 4848//254 4584//254
f 4848//254 4849//254 4585//254
f 4849//254 4588//254 4585//254
f 4849//6260 4828//6260 4588//6260
f 4791//6261 4820//6261 4792//6261
f 4850//1 4851//1 4820//1
f 4851//1 4821//1 4820//1
f 4791//6261 4850//6261 4820//6261
f 4730//6262 4852//6262 4822//6262
f 4852//6263 4819//6263 4822//6263
f 4852//6264 4853//6264 4819//6264
f 4853//6265 4854//6265 4819//6265
f 4834//6266 4801//6266 4800//6266
f 4835//1 4855//1 4834//1
f 4855//1 4856//1 4834//1
f 4856//1 4857//1 4834//1
f 4857//6267 4801//6267 4834//6267
f 4854//6268 4826//6268 4819//6268
f 4848//6269 4828//6269 4849//6269
f 4730//6270 4853//6270 4852//6270
f 4729//6271 4853//6271 4730//6271
f 4793//6272 4850//6272 4791//6272
f 4858//1 4859//1 4850//1
f 4859//1 4851//1 4850//1
f 4793//6273 4858//6273 4850//6273
f 4860//6274 4744//6274 4842//6274
f 4861//254 4860//254 4842//254
f 4857//6275 4836//6275 4801//6275
f 4831//6276 4858//6276 4793//6276
f 4843//6277 4861//6277 4842//6277
f 4854//1 4862//1 4826//1
f 4862//6278 4827//6278 4826//6278
f 4862//6279 4844//6279 4827//6279
f 4863//6280 4864//6280 4828//6280
f 4864//6281 4843//6281 4828//6281
f 4848//6282 4847//6282 4828//6282
f 4847//6282 4863//6282 4828//6282
f 4864//6283 4861//6283 4843//6283
f 4865//6284 4840//6284 4836//6284
f 4857//6284 4865//6284 4836//6284
f 4856//1 4866//1 4857//1
f 4866//1 4865//1 4857//1
f 4839//6285 4858//6285 4831//6285
f 4867//1 4868//1 4858//1
f 4868//1 4859//1 4858//1
f 4839//6285 4867//6285 4858//6285
f 4729//6286 4869//6286 4853//6286
f 4869//6287 4870//6287 4853//6287
f 4870//6288 4854//6288 4853//6288
f 4871//6289 4839//6289 4840//6289
f 4865//6290 4871//6290 4840//6290
f 4866//1 4872//1 4865//1
f 4872//1 4871//1 4865//1
f 4870//6291 4873//6291 4854//6291
f 4874//1 4868//1 4871//1
f 4868//1 4867//1 4871//1
f 4875//1 4874//1 4871//1
f 4872//1 4875//1 4871//1
f 4867//6292 4839//6292 4871//6292
f 4873//1 4862//1 4854//1
f 4861//6293 4744//6293 4860//6293
f 4861//6294 4743//6294 4744//6294
f 4876//6295 537//6295 388//6295
f 4876//6295 4877//6295 537//6295
f 4878//4962 778//4962 779//4962
f 4879//4965 4878//4965 779//4965
f 4880//6296 1026//6296 778//6296
f 4878//4964 4880//4964 778//4964
f 4881//4965 4876//4965 388//4965
f 4882//6297 4881//6297 388//6297
f 386//6298 4882//6298 388//6298
f 4883//6299 550//6299 537//6299
f 4877//4971 4883//4971 537//4971
f 4884//6297 4879//6297 779//6297
f 780//6298 4884//6298 779//6298
f 4880//6300 4885//6300 1026//6300
f 4786//2168 4877//2168 4787//2168
f 4877//2168 4876//2168 4787//2168
f 4876//4975 4734//4975 4787//4975
f 4881//4975 4734//4975 4876//4975
f 4821//4976 4883//4976 4786//4976
f 4883//4976 4877//4976 4786//4976
f 4739//2168 4880//2168 4835//2168
f 4880//2168 4878//2168 4835//2168
f 4878//4975 4855//4975 4835//4975
f 4879//4975 4855//4975 4878//4975
f 4738//4976 4885//4976 4739//4976
f 4885//4976 4880//4976 4739//4976
f 4881//6301 4735//6301 4734//6301
f 4882//6301 4735//6301 4881//6301
f 4851//6302 4886//6302 4821//6302
f 4886//6302 4883//6302 4821//6302
f 4886//6303 550//6303 4883//6303
f 4879//6301 4856//6301 4855//6301
f 4884//6301 4856//6301 4879//6301
f 4737//6302 4887//6302 4738//6302
f 4887//6302 4885//6302 4738//6302
f 4887//6303 1026//6303 4885//6303
f 4888//6304 4743//6304 4861//6304
f 4889//6305 4882//6305 386//6305
f 384//4995 4889//4995 386//4995
f 4886//6306 574//6306 550//6306
f 4890//6305 4884//6305 780//6305
f 781//4995 4890//4995 780//4995
f 4887//6307 1074//6307 1026//6307
f 4891//6308 4888//6308 4861//6308
f 4864//6309 4891//6309 4861//6309
f 4892//1 4731//1 4735//1
f 4882//6310 4892//6310 4735//6310
f 4889//6310 4892//6310 4882//6310
f 4859//6311 4893//6311 4851//6311
f 4893//6311 4886//6311 4851//6311
f 4893//6312 574//6312 4886//6312
f 4884//6310 4866//6310 4856//6310
f 4890//6310 4866//6310 4884//6310
f 4736//6311 4894//6311 4737//6311
f 4894//6311 4887//6311 4737//6311
f 4894//6313 1074//6313 4887//6313
f 4863//6314 4895//6314 4864//6314
f 4895//6315 4891//6315 4864//6315
f 4896//5017 4889//5017 384//5017
f 385//5020 4896//5020 384//5020
f 4893//5019 592//5019 574//5019
f 4897//6316 4890//6316 781//6316
f 782//5020 4897//5020 781//5020
f 4731//6317 4869//6317 4729//6317
f 4898//1 4731//1 4892//1
f 4889//5023 4898//5023 4892//5023
f 4896//5023 4898//5023 4889//5023
f 4868//5024 4899//5024 4859//5024
f 4899//5024 4893//5024 4859//5024
f 4899//5025 592//5025 4893//5025
f 4890//5023 4872//5023 4866//5023
f 4897//5023 4872//5023 4890//5023
f 4743//1 4900//1 4736//1
f 4900//5024 4901//5024 4736//5024
f 4901//5024 4894//5024 4736//5024
f 4901//5025 1074//5025 4894//5025
f 4888//6318 4902//6318 4743//6318
f 4903//1 4900//1 4743//1
f 4902//1 4903//1 4743//1
f 4731//6319 4904//6319 4869//6319
f 4904//6320 4905//6320 4869//6320
f 4905//6321 4870//6321 4869//6321
f 4873//1 4906//1 4862//1
f 4906//6322 4844//6322 4862//6322
f 4907//1 4895//1 4863//1
f 4847//6323 4846//6323 4863//6323
f 4846//6323 4907//6323 4863//6323
f 4905//6324 4873//6324 4870//6324
f 4845//254 413//254 385//254
f 4908//6325 4896//6325 385//6325
f 413//5036 4908//5036 385//5036
f 4909//1 4731//1 4898//1
f 4896//6326 4909//6326 4898//6326
f 4908//6326 4909//6326 4896//6326
f 4874//6327 4910//6327 4868//6327
f 4910//6327 4899//6327 4868//6327
f 4910//6328 594//6328 4899//6328
f 594//5795 592//5795 4899//5795
f 594//254 596//254 592//254
f 4911//6325 4897//6325 782//6325
f 786//6329 4911//6329 782//6329
f 4912//1 4875//1 4872//1
f 4897//6326 4912//6326 4872//6326
f 4911//6326 4912//6326 4897//6326
f 4903//6327 4913//6327 4900//6327
f 4913//6327 4901//6327 4900//6327
f 4913//6328 1076//6328 4901//6328
f 1076//5795 1074//5795 4901//5795
f 1076//254 4846//254 1074//254
f 4906//6330 4845//6330 4844//6330
f 4905//6331 4906//6331 4873//6331
f 4914//1 4915//1 4909//1
f 4915//1 4731//1 4909//1
f 4908//6332 4914//6332 4909//6332
f 4916//6332 4914//6332 4908//6332
f 413//6333 4916//6333 4908//6333
f 4917//1 4918//1 4874//1
f 4875//1 4917//1 4874//1
f 4918//6334 4919//6334 4874//6334
f 4919//6334 4910//6334 4874//6334
f 4919//6335 576//6335 4910//6335
f 576//6336 594//6336 4910//6336
f 4920//1 4921//1 4912//1
f 4921//1 4875//1 4912//1
f 4911//6332 4920//6332 4912//6332
f 4922//6332 4920//6332 4911//6332
f 786//6337 4922//6337 4911//6337
f 4902//1 4923//1 4903//1
f 4923//6334 4924//6334 4903//6334
f 4924//6334 4913//6334 4903//6334
f 4924//6338 1028//6338 4913//6338
f 1028//6339 1076//6339 4913//6339
f 4845//254 414//254 413//254
f 414//6340 4916//6340 413//6340
f 4925//254 596//254 594//254
f 576//254 4925//254 594//254
f 1028//254 4846//254 1076//254
f 4891//6341 4926//6341 4888//6341
f 4927//1 4928//1 4914//1
f 4928//1 4915//1 4914//1
f 4916//5080 4927//5080 4914//5080
f 4929//5080 4927//5080 4916//5080
f 414//5085 4929//5085 4916//5085
f 4930//1 4931//1 4918//1
f 4917//1 4930//1 4918//1
f 4931//5082 4932//5082 4918//5082
f 4932//5082 4919//5082 4918//5082
f 4932//6342 539//6342 4919//6342
f 539//6343 576//6343 4919//6343
f 4933//1 4934//1 4920//1
f 4934//1 4921//1 4920//1
f 4935//1 4933//1 4920//1
f 4922//5080 4935//5080 4920//5080
f 4936//5080 4935//5080 4922//5080
f 786//5085 4936//5085 4922//5085
f 4902//1 4937//1 4923//1
f 4937//1 4938//1 4923//1
f 4938//5082 4939//5082 4923//5082
f 4939//5082 4924//5082 4923//5082
f 4939//6344 1028//6344 4924//6344
f 4926//6345 4902//6345 4888//6345
f 4926//6346 4937//6346 4902//6346
f 4940//6347 4926//6347 4891//6347
f 4845//254 466//254 414//254
f 466//5838 4929//5838 414//5838
f 539//254 4941//254 576//254
f 4942//254 4925//254 576//254
f 4941//254 4942//254 576//254
f 4943//254 970//254 786//254
f 4944//254 4943//254 786//254
f 596//254 4944//254 786//254
f 970//6348 4936//6348 786//6348
f 4945//254 4846//254 1028//254
f 4895//6349 4940//6349 4891//6349
f 4946//1 4928//1 4927//1
f 4929//5094 4946//5094 4927//5094
f 4947//5094 4946//5094 4929//5094
f 464//6350 4947//6350 4929//6350
f 466//6351 464//6351 4929//6351
f 4948//1 4949//1 4931//1
f 4930//1 4948//1 4931//1
f 4949//5097 4950//5097 4931//5097
f 4950//5097 4932//5097 4931//5097
f 4950//5098 514//5098 4932//5098
f 514//6352 539//6352 4932//6352
f 4951//1 4933//1 4935//1
f 4936//5094 4951//5094 4935//5094
f 4952//5094 4951//5094 4936//5094
f 970//6353 4952//6353 4936//6353
f 4937//1 4953//1 4938//1
f 4953//5097 4954//5097 4938//5097
f 4954//5097 4939//5097 4938//5097
f 4954//5098 971//5098 4939//5098
f 971//6354 1028//6354 4939//6354
f 4955//6355 4904//6355 4731//6355
f 4915//6356 4955//6356 4731//6356
f 4907//6357 4940//6357 4895//6357
f 4949//1 4928//1 4946//1
f 4947//2169 4949//2169 4946//2169
f 4950//2169 4949//2169 4947//2169
f 464//6358 4950//6358 4947//6358
f 4948//1 4928//1 4949//1
f 464//6359 514//6359 4950//6359
f 4937//1 4933//1 4951//1
f 4953//1 4937//1 4951//1
f 4952//2169 4953//2169 4951//2169
f 4954//2169 4953//2169 4952//2169
f 970//6360 4954//6360 4952//6360
f 970//6361 971//6361 4954//6361
f 4956//254 464//254 466//254
f 4845//254 4956//254 466//254
f 514//254 4941//254 539//254
f 4943//254 4957//254 970//254
f 971//254 4945//254 1028//254
f 4956//254 4958//254 464//254
f 4955//6362 4905//6362 4904//6362
f 4955//6363 4959//6363 4905//6363
f 4958//254 514//254 464//254
f 4958//254 4941//254 514//254
f 4957//254 971//254 970//254
f 4957//254 4945//254 971//254
f 4959//6364 4960//6364 4905//6364
f 4915//6365 4959//6365 4955//6365
f 4961//6366 4906//6366 4905//6366
f 4960//6367 4961//6367 4905//6367
f 4928//6368 4959//6368 4915//6368
f 4962//6369 4937//6369 4926//6369
f 4963//6370 4962//6370 4926//6370
f 4940//6371 4963//6371 4926//6371
f 4961//6372 4845//6372 4906//6372
f 4964//6373 4940//6373 4907//6373
f 4846//6374 4945//6374 4907//6374
f 4945//6374 4964//6374 4907//6374
f 4965//6375 4963//6375 4940//6375
f 4961//6372 4956//6372 4845//6372
f 4964//6376 4965//6376 4940//6376
f 4928//6377 4966//6377 4959//6377
f 4966//6378 4967//6378 4959//6378
f 4963//6379 4937//6379 4962//6379
f 4963//6380 4933//6380 4937//6380
f 4967//6381 4960//6381 4959//6381
f 4967//6382 4968//6382 4960//6382
f 4968//6383 4961//6383 4960//6383
f 4969//6384 4933//6384 4963//6384
f 4970//6385 4969//6385 4963//6385
f 4928//6386 4967//6386 4966//6386
f 4965//6387 4970//6387 4963//6387
f 4948//6388 4967//6388 4928//6388
f 4971//6389 4970//6389 4965//6389
f 4948//6390 4972//6390 4967//6390
f 4972//6391 4973//6391 4967//6391
f 4964//6392 4971//6392 4965//6392
f 4973//6393 4968//6393 4967//6393
f 4968//6394 4974//6394 4961//6394
f 4974//6395 4958//6395 4961//6395
f 4958//6396 4956//6396 4961//6396
f 4975//6397 4971//6397 4964//6397
f 4945//6398 4957//6398 4964//6398
f 4957//6398 4975//6398 4964//6398
f 4976//6399 4934//6399 4933//6399
f 4969//6400 4976//6400 4933//6400
f 4973//6401 4974//6401 4968//6401
f 4974//6402 4941//6402 4958//6402
f 4970//6403 4976//6403 4969//6403
f 4971//6404 4977//6404 4970//6404
f 4977//6405 4976//6405 4970//6405
f 4972//6406 4978//6406 4973//6406
f 4948//6407 4978//6407 4972//6407
f 4930//6408 4978//6408 4948//6408
f 4975//6409 4977//6409 4971//6409
f 4978//6410 4979//6410 4973//6410
f 4980//6411 4934//6411 4976//6411
f 4981//6412 4980//6412 4976//6412
f 4982//6413 4974//6413 4973//6413
f 4979//6414 4982//6414 4973//6414
f 4977//6415 4981//6415 4976//6415
f 4981//6411 4934//6411 4980//6411
f 4981//6416 4921//6416 4934//6416
f 4983//6417 4981//6417 4977//6417
f 4930//6418 4984//6418 4978//6418
f 4984//6419 4985//6419 4978//6419
f 4985//6420 4986//6420 4978//6420
f 4982//6421 4941//6421 4974//6421
f 4982//6421 4942//6421 4941//6421
f 4987//6422 4977//6422 4975//6422
f 4957//6423 4943//6423 4975//6423
f 4943//6423 4987//6423 4975//6423
f 4986//6424 4979//6424 4978//6424
f 4930//6425 4985//6425 4984//6425
f 4987//6426 4983//6426 4977//6426
f 4917//6427 4985//6427 4930//6427
f 4988//6428 4921//6428 4981//6428
f 4989//254 4988//254 4981//254
f 4983//6429 4989//6429 4981//6429
f 4917//6430 4990//6430 4985//6430
f 4990//6431 4991//6431 4985//6431
f 4986//6432 4982//6432 4979//6432
f 4989//6433 4921//6433 4988//6433
f 4992//6434 4989//6434 4983//6434
f 4989//6435 4875//6435 4921//6435
f 4991//6436 4986//6436 4985//6436
f 4990//6437 4875//6437 4989//6437
f 4990//6438 4917//6438 4875//6438
f 4989//6439 4991//6439 4990//6439
f 4992//6440 4991//6440 4989//6440
f 4991//6441 4993//6441 4986//6441
f 4987//6442 4992//6442 4983//6442
f 4994//6443 4982//6443 4986//6443
f 4993//6444 4994//6444 4986//6444
f 4992//6445 4993//6445 4991//6445
f 4995//6446 4993//6446 4992//6446
f 4987//6447 4995//6447 4992//6447
f 4994//6448 4942//6448 4982//6448
f 4994//6448 4925//6448 4942//6448
f 4943//6449 4944//6449 4987//6449
f 4944//6449 4995//6449 4987//6449
f 4995//1 4994//1 4993//1
f 4995//6450 596//6450 4994//6450
f 596//6451 4925//6451 4994//6451
f 4995//6452 4944//6452 596//6452
f 4996//6453 4997//6453 4998//6453
f 4999//6454 4996//6454 4998//6454
f 4997//468 5000//468 4998//468
f 5001//6455 5002//6455 4998//6455
f 5000//6455 5001//6455 4998//6455
f 5002//6456 4999//6456 4998//6456
f 5003//468 5000//468 4997//468
f 5004//6457 5003//6457 4997//6457
f 4996//6458 5004//6458 4997//6458
f 5005//468 5000//468 5003//468
f 5004//254 5006//254 5003//254
f 5006//254 5007//254 5003//254
f 5007//254 5005//254 5003//254
f 5005//6459 5008//6459 5000//6459
f 5009//6460 5001//6460 5000//6460
f 5008//6461 5009//6461 5000//6461
f 5007//6462 5008//6462 5005//6462
f 5010//468 5011//468 5012//468
f 5013//468 5010//468 5012//468
f 5014//6463 5013//6463 5012//6463
f 5015//6464 5014//6464 5012//6464
f 5016//6455 5015//6455 5012//6455
f 5011//6455 5016//6455 5012//6455
f 5014//6465 5017//6465 5013//6465
f 5017//254 5010//254 5013//254
f 5018//468 5011//468 5010//468
f 5017//254 5019//254 5010//254
f 5019//6466 5020//6466 5010//6466
f 5020//6467 5018//6467 5010//6467
f 5018//6468 5021//6468 5011//6468
f 5022//6469 5016//6469 5011//6469
f 5021//6470 5022//6470 5011//6470
f 5020//6471 5021//6471 5018//6471
f 5009//1 5023//1 5002//1
f 5001//1 5009//1 5002//1
f 5023//6472 4999//6472 5002//6472
f 5016//1 5024//1 5015//1
f 5024//6473 5014//6473 5015//6473
f 5025//1 5024//1 5016//1
f 5022//1 5025//1 5016//1
f 5026//1 5023//1 5009//1
f 5008//6474 5027//6474 5009//6474
f 5027//6475 5026//6475 5009//6475
f 5025//6476 5028//6476 5024//6476
f 5028//6477 5029//6477 5024//6477
f 5029//6478 5014//6478 5024//6478
f 4999//6479 5030//6479 4996//6479
f 5030//6480 5004//6480 4996//6480
f 5031//6481 5032//6481 5020//6481
f 5032//6482 5021//6482 5020//6482
f 5019//6483 5031//6483 5020//6483
f 5007//6484 5027//6484 5008//6484
f 5029//6485 5017//6485 5014//6485
f 5033//254 5006//254 5004//254
f 5034//254 5033//254 5004//254
f 5030//6486 5034//6486 5004//6486
f 5035//254 5036//254 5019//254
f 5017//254 5035//254 5019//254
f 5036//6487 5037//6487 5019//6487
f 5037//6483 5031//6483 5019//6483
f 5038//6488 5030//6488 4999//6488
f 5023//6489 5038//6489 4999//6489
f 5032//6490 5022//6490 5021//6490
f 5006//6491 5039//6491 5007//6491
f 5039//6492 5027//6492 5007//6492
f 5029//6493 5028//6493 5017//6493
f 5028//6494 5035//6494 5017//6494
f 5039//6495 5026//6495 5027//6495
f 5040//6496 5041//6496 5023//6496
f 5041//6497 5038//6497 5023//6497
f 5026//1 5040//1 5023//1
f 5032//6490 5042//6490 5022//6490
f 5043//1 5025//1 5022//1
f 5042//1 5043//1 5022//1
f 5044//6498 5030//6498 5038//6498
f 5041//6499 5044//6499 5038//6499
f 5031//6500 5045//6500 5032//6500
f 5045//6501 5042//6501 5032//6501
f 5044//6502 5034//6502 5030//6502
f 5037//6503 5045//6503 5031//6503
f 5046//1 5040//1 5026//1
f 5039//6504 5046//6504 5026//6504
f 5043//6505 5047//6505 5025//6505
f 5047//6506 5028//6506 5025//6506
f 5041//6507 5048//6507 5044//6507
f 5048//6508 5034//6508 5044//6508
f 5049//6509 5050//6509 5037//6509
f 5050//6510 5045//6510 5037//6510
f 5036//6511 5049//6511 5037//6511
f 5033//6512 5051//6512 5006//6512
f 5051//6513 5039//6513 5006//6513
f 5028//6514 5047//6514 5035//6514
f 5047//6515 5052//6515 5035//6515
f 5052//254 5036//254 5035//254
f 5051//6516 5046//6516 5039//6516
f 5053//254 5033//254 5034//254
f 5048//6517 5053//6517 5034//6517
f 5052//254 5054//254 5036//254
f 5054//6518 5055//6518 5036//6518
f 5055//6519 5049//6519 5036//6519
f 5056//6520 5048//6520 5041//6520
f 5040//6521 5056//6521 5041//6521
f 5050//6522 5042//6522 5045//6522
f 5057//6523 5058//6523 5040//6523
f 5058//6524 5056//6524 5040//6524
f 5046//1 5057//1 5040//1
f 5050//6525 5059//6525 5042//6525
f 5060//1 5043//1 5042//1
f 5059//1 5060//1 5042//1
f 5061//6526 5048//6526 5056//6526
f 5058//6527 5061//6527 5056//6527
f 5049//6528 5062//6528 5050//6528
f 5062//6529 5059//6529 5050//6529
f 5061//6530 5053//6530 5048//6530
f 5055//6531 5062//6531 5049//6531
f 5063//1 5057//1 5046//1
f 5051//6532 5063//6532 5046//6532
f 5060//6533 5064//6533 5043//6533
f 5064//6534 5047//6534 5043//6534
f 5065//6535 5066//6535 5033//6535
f 5066//6536 5051//6536 5033//6536
f 5053//254 5065//254 5033//254
f 5047//6537 5064//6537 5052//6537
f 5064//6538 5067//6538 5052//6538
f 5067//254 5054//254 5052//254
f 5066//6539 5063//6539 5051//6539
f 5058//6540 5068//6540 5061//6540
f 5068//6541 5053//6541 5061//6541
f 5069//6542 5070//6542 5055//6542
f 5070//6543 5062//6543 5055//6543
f 5054//6544 5069//6544 5055//6544
f 5071//254 5065//254 5053//254
f 5068//6545 5071//6545 5053//6545
f 5067//254 5072//254 5054//254
f 5072//6546 5073//6546 5054//6546
f 5073//6547 5069//6547 5054//6547
f 5074//6548 5068//6548 5058//6548
f 5057//6549 5074//6549 5058//6549
f 5070//6550 5059//6550 5062//6550
f 5075//6551 5076//6551 5057//6551
f 5076//6552 5074//6552 5057//6552
f 5063//1 5075//1 5057//1
f 5070//6550 5077//6550 5059//6550
f 5078//1 5060//1 5059//1
f 5077//1 5078//1 5059//1
f 5079//6553 5068//6553 5074//6553
f 5076//6554 5079//6554 5074//6554
f 5069//6555 5080//6555 5070//6555
f 5080//6556 5077//6556 5070//6556
f 5079//6557 5071//6557 5068//6557
f 5073//6558 5080//6558 5069//6558
f 5081//1 5075//1 5063//1
f 5066//6559 5081//6559 5063//6559
f 5078//6560 5082//6560 5060//6560
f 5082//6561 5064//6561 5060//6561
f 5083//6562 5084//6562 5065//6562
f 5084//6563 5066//6563 5065//6563
f 5071//254 5083//254 5065//254
f 5082//6564 5085//6564 5067//6564
f 5064//6565 5082//6565 5067//6565
f 5085//254 5086//254 5067//254
f 5086//254 5072//254 5067//254
f 5084//6566 5081//6566 5066//6566
f 5076//6567 5087//6567 5079//6567
f 5087//6568 5071//6568 5079//6568
f 5088//6569 5089//6569 5073//6569
f 5089//6570 5080//6570 5073//6570
f 5072//6571 5088//6571 5073//6571
f 5090//254 5083//254 5071//254
f 5087//6572 5090//6572 5071//6572
f 5086//6573 5091//6573 5072//6573
f 5091//6574 5088//6574 5072//6574
f 5092//6575 5087//6575 5076//6575
f 5075//6576 5092//6576 5076//6576
f 5089//6577 5077//6577 5080//6577
f 5093//6578 5094//6578 5075//6578
f 5094//6579 5092//6579 5075//6579
f 5081//1 5093//1 5075//1
f 5089//6580 5095//6580 5077//6580
f 5096//1 5078//1 5077//1
f 5095//1 5096//1 5077//1
f 5097//6581 5098//6581 5092//6581
f 5094//6582 5097//6582 5092//6582
f 5099//6583 5087//6583 5092//6583
f 5098//6584 5099//6584 5092//6584
f 5100//6585 5101//6585 5089//6585
f 5101//6586 5102//6586 5089//6586
f 5102//6587 5103//6587 5089//6587
f 5088//6588 5100//6588 5089//6588
f 5103//6589 5095//6589 5089//6589
f 5104//6590 5105//6590 5087//6590
f 5105//6591 5106//6591 5087//6591
f 5099//6592 5104//6592 5087//6592
f 5106//6593 5090//6593 5087//6593
f 5107//6594 5100//6594 5088//6594
f 5091//6595 5108//6595 5088//6595
f 5108//6596 5109//6596 5088//6596
f 5109//6597 5107//6597 5088//6597
f 5110//1 5093//1 5081//1
f 5084//6598 5110//6598 5081//6598
f 5096//6599 5111//6599 5078//6599
f 5111//6600 5082//6600 5078//6600
f 5112//6601 5113//6601 5083//6601
f 5113//6602 5114//6602 5083//6602
f 5115//6603 5112//6603 5083//6603
f 5114//6604 5084//6604 5083//6604
f 5090//254 5115//254 5083//254
f 5116//6605 5117//6605 5085//6605
f 5117//6606 5118//6606 5085//6606
f 5118//6607 5119//6607 5085//6607
f 5082//6608 5116//6608 5085//6608
f 5119//254 5120//254 5085//254
f 5120//254 5086//254 5085//254
f 5114//6609 5121//6609 5084//6609
f 5121//6610 5122//6610 5084//6610
f 5122//6611 5110//6611 5084//6611
f 5123//6612 5116//6612 5082//6612
f 5111//6613 5124//6613 5082//6613
f 5124//6614 5123//6614 5082//6614
f 5105//6615 5125//6615 5106//6615
f 5125//6616 5090//6616 5106//6616
f 5126//6617 5108//6617 5091//6617
f 5086//6618 5126//6618 5091//6618
f 5127//254 5115//254 5090//254
f 5125//6616 5127//6616 5090//6616
f 5120//6619 5128//6619 5086//6619
f 5128//6620 5126//6620 5086//6620
f 5129//6621 5130//6621 5094//6621
f 5130//6622 5097//6622 5094//6622
f 5093//6623 5129//6623 5094//6623
f 5102//6624 5131//6624 5103//6624
f 5131//6625 5095//6625 5103//6625
f 5132//6626 5133//6626 5093//6626
f 5133//6627 5129//6627 5093//6627
f 5110//1 5132//1 5093//1
f 5131//6628 5134//6628 5095//6628
f 5135//1 5096//1 5095//1
f 5134//1 5135//1 5095//1
f 5136//6629 5099//6629 5098//6629
f 5097//6630 5136//6630 5098//6630
f 5136//6631 5114//6631 5099//6631
f 5114//6632 5113//6632 5099//6632
f 5107//6633 5117//6633 5116//6633
f 5100//6634 5107//6634 5116//6634
f 5101//6635 5100//6635 5116//6635
f 5099//6636 5105//6636 5104//6636
f 5108//6637 5107//6637 5109//6637
f 5130//6638 5114//6638 5136//6638
f 5097//6639 5130//6639 5136//6639
f 5113//6640 5105//6640 5099//6640
f 5130//6641 5121//6641 5114//6641
f 5123//6642 5101//6642 5116//6642
f 5107//6643 5108//6643 5117//6643
f 5123//6644 5102//6644 5101//6644
f 5137//6645 5131//6645 5102//6645
f 5113//6646 5112//6646 5105//6646
f 5112//6647 5138//6647 5105//6647
f 5124//6648 5102//6648 5123//6648
f 5108//6649 5118//6649 5117//6649
f 5124//6650 5137//6650 5102//6650
f 5138//6651 5125//6651 5105//6651
f 5133//6652 5139//6652 5129//6652
f 5139//6653 5130//6653 5129//6653
f 5137//6654 5140//6654 5131//6654
f 5140//6655 5134//6655 5131//6655
f 5138//6656 5141//6656 5125//6656
f 5141//6657 5142//6657 5125//6657
f 5142//6658 5127//6658 5125//6658
f 5128//6659 5143//6659 5126//6659
f 5143//6660 5108//6660 5126//6660
f 5108//6661 5143//6661 5118//6661
f 5144//1 5132//1 5110//1
f 5122//6662 5144//6662 5110//6662
f 5135//6663 5111//6663 5096//6663
f 5145//254 5121//254 5130//254
f 5146//6664 5118//6664 5143//6664
f 5139//6665 5145//6665 5130//6665
f 5147//6666 5140//6666 5137//6666
f 5148//6667 5141//6667 5138//6667
f 5112//6668 5148//6668 5138//6668
f 5124//6669 5147//6669 5137//6669
f 5133//6670 5145//6670 5139//6670
f 5121//6671 5149//6671 5122//6671
f 5149//6672 5144//6672 5122//6672
f 5150//6673 5124//6673 5111//6673
f 5135//6663 5150//6663 5111//6663
f 5151//6674 5149//6674 5121//6674
f 5145//254 5151//254 5121//254
f 5115//6675 5152//6675 5112//6675
f 5152//6668 5148//6668 5112//6668
f 5153//6676 5119//6676 5118//6676
f 5154//6677 5153//6677 5118//6677
f 5146//6678 5154//6678 5118//6678
f 5155//6679 5152//6679 5115//6679
f 5127//254 5155//254 5115//254
f 5153//254 5156//254 5119//254
f 5156//254 5120//254 5119//254
f 5157//6680 5142//6680 5141//6680
f 5158//6681 5157//6681 5141//6681
f 5148//6682 5158//6682 5141//6682
f 5159//6683 5146//6683 5143//6683
f 5128//6684 5159//6684 5143//6684
f 5133//6685 5160//6685 5145//6685
f 5161//6686 5140//6686 5147//6686
f 5150//6687 5162//6687 5124//6687
f 5162//6688 5147//6688 5124//6688
f 5146//6689 5163//6689 5154//6689
f 5162//6690 5164//6690 5147//6690
f 5148//6691 5157//6691 5158//6691
f 5164//6692 5161//6692 5147//6692
f 5159//6693 5163//6693 5146//6693
f 5160//6694 5165//6694 5145//6694
f 5165//6695 5151//6695 5145//6695
f 5152//6696 5166//6696 5148//6696
f 5167//6697 5149//6697 5151//6697
f 5165//6698 5167//6698 5151//6698
f 5168//6699 5153//6699 5154//6699
f 5169//6700 5168//6700 5154//6700
f 5163//6701 5169//6701 5154//6701
f 5162//6702 5170//6702 5164//6702
f 5171//6703 5169//6703 5163//6703
f 5172//254 5155//254 5127//254
f 5142//6704 5157//6704 5127//6704
f 5157//6705 5172//6705 5127//6705
f 5156//6706 5173//6706 5120//6706
f 5173//6707 5159//6707 5120//6707
f 5159//6708 5128//6708 5120//6708
f 5170//6709 5161//6709 5164//6709
f 5159//6710 5171//6710 5163//6710
f 5166//6711 5167//6711 5165//6711
f 5174//6712 5166//6712 5165//6712
f 5152//6713 5167//6713 5166//6713
f 5175//6714 5148//6714 5166//6714
f 5155//6715 5167//6715 5152//6715
f 5150//6716 5176//6716 5162//6716
f 5176//6717 5170//6717 5162//6717
f 5176//6718 5169//6718 5170//6718
f 5169//6719 5177//6719 5170//6719
f 5178//6720 5179//6720 5132//6720
f 5179//6721 5160//6721 5132//6721
f 5160//6722 5133//6722 5132//6722
f 5144//1 5178//1 5132//1
f 5140//6723 5161//6723 5134//6723
f 5161//6724 5180//6724 5134//6724
f 5180//1 5135//1 5134//1
f 5175//6725 5157//6725 5148//6725
f 5155//6726 5149//6726 5167//6726
f 5150//6727 5168//6727 5176//6727
f 5168//6728 5169//6728 5176//6728
f 5150//6729 5153//6729 5168//6729
f 5160//6730 5174//6730 5165//6730
f 5166//6731 5157//6731 5175//6731
f 5177//6732 5161//6732 5170//6732
f 5159//6733 5169//6733 5171//6733
f 5160//6734 5166//6734 5174//6734
f 5169//6735 5161//6735 5177//6735
f 5160//6736 5157//6736 5166//6736
f 5159//6737 5161//6737 5169//6737
f 5160//6738 5181//6738 5157//6738
f 5181//6739 5172//6739 5157//6739
f 5173//6740 5182//6740 5159//6740
f 5182//6741 5161//6741 5159//6741
f 5179//6742 5181//6742 5160//6742
f 5182//6743 5180//6743 5161//6743
f 5183//1 5184//1 5144//1
f 5184//1 5178//1 5144//1
f 5149//6744 5183//6744 5144//6744
f 5180//1 5185//1 5135//1
f 5185//6745 5150//6745 5135//6745
f 5155//6746 5186//6746 5149//6746
f 5186//6747 5183//6747 5149//6747
f 5187//6748 5153//6748 5150//6748
f 5185//6749 5187//6749 5150//6749
f 5188//6750 5186//6750 5155//6750
f 5172//254 5188//254 5155//254
f 5187//6751 5189//6751 5153//6751
f 5189//254 5190//254 5153//254
f 5190//254 5156//254 5153//254
f 5191//254 5188//254 5172//254
f 5181//6752 5192//6752 5172//6752
f 5192//6752 5191//6752 5172//6752
f 5190//6753 5193//6753 5156//6753
f 5193//6754 5194//6754 5156//6754
f 5194//6755 5173//6755 5156//6755
f 5179//6756 5192//6756 5181//6756
f 5194//6757 5195//6757 5173//6757
f 5195//6758 5182//6758 5173//6758
f 5184//6759 5196//6759 5178//6759
f 5196//6760 5197//6760 5178//6760
f 5197//6761 5179//6761 5178//6761
f 5182//6762 5195//6762 5180//6762
f 5195//6763 5198//6763 5180//6763
f 5198//1 5185//1 5180//1
f 5197//6764 5192//6764 5179//6764
f 5197//6765 5199//6765 5192//6765
f 5199//6766 5191//6766 5192//6766
f 5193//6767 5200//6767 5194//6767
f 5200//6768 5195//6768 5194//6768
f 5196//6769 5199//6769 5197//6769
f 5200//6770 5198//6770 5195//6770
f 5201//1 5202//1 5183//1
f 5202//1 5184//1 5183//1
f 5186//6771 5201//6771 5183//6771
f 5198//1 5203//1 5185//1
f 5203//6772 5187//6772 5185//6772
f 5188//6773 5204//6773 5186//6773
f 5204//6774 5201//6774 5186//6774
f 5205//6775 5189//6775 5187//6775
f 5203//6776 5205//6776 5187//6776
f 5206//6777 5204//6777 5188//6777
f 5191//254 5206//254 5188//254
f 5205//6778 5207//6778 5189//6778
f 5207//254 5208//254 5189//254
f 5208//254 5190//254 5189//254
f 5209//254 5206//254 5191//254
f 5199//6779 5210//6779 5191//6779
f 5210//6780 5209//6780 5191//6780
f 5208//6781 5211//6781 5190//6781
f 5211//6782 5212//6782 5190//6782
f 5212//6783 5193//6783 5190//6783
f 5196//6784 5210//6784 5199//6784
f 5212//6785 5213//6785 5193//6785
f 5213//6786 5200//6786 5193//6786
f 5202//6787 5214//6787 5184//6787
f 5214//6788 5215//6788 5184//6788
f 5215//6789 5196//6789 5184//6789
f 5200//6790 5213//6790 5198//6790
f 5213//6791 5216//6791 5198//6791
f 5216//1 5203//1 5198//1
f 5215//6792 5210//6792 5196//6792
f 5217//1 5218//1 5201//1
f 5218//1 5202//1 5201//1
f 5204//6793 5217//6793 5201//6793
f 5216//1 5219//1 5203//1
f 5219//6794 5205//6794 5203//6794
f 5206//6795 5220//6795 5204//6795
f 5220//6796 5217//6796 5204//6796
f 5221//6797 5207//6797 5205//6797
f 5219//6798 5221//6798 5205//6798
f 5222//6799 5220//6799 5206//6799
f 5209//254 5222//254 5206//254
f 5221//6800 5223//6800 5207//6800
f 5223//254 5224//254 5207//254
f 5224//254 5208//254 5207//254
f 5215//6801 5225//6801 5210//6801
f 5225//6802 5209//6802 5210//6802
f 5211//6803 5226//6803 5212//6803
f 5226//6804 5213//6804 5212//6804
f 5214//6805 5225//6805 5215//6805
f 5226//6806 5216//6806 5213//6806
f 5227//254 5222//254 5209//254
f 5225//6807 5228//6807 5209//6807
f 5228//6808 5227//6808 5209//6808
f 5224//6809 5229//6809 5208//6809
f 5229//6810 5230//6810 5208//6810
f 5230//6811 5211//6811 5208//6811
f 5218//6812 5231//6812 5202//6812
f 5231//6813 5232//6813 5202//6813
f 5232//6814 5214//6814 5202//6814
f 5226//6815 5233//6815 5216//6815
f 5233//6816 5234//6816 5216//6816
f 5234//1 5219//1 5216//1
f 5214//6817 5228//6817 5225//6817
f 5230//6818 5233//6818 5211//6818
f 5233//6819 5226//6819 5211//6819
f 5232//6820 5228//6820 5214//6820
f 5222//6821 5235//6821 5220//6821
f 5236//6822 5217//6822 5220//6822
f 5235//6823 5236//6823 5220//6823
f 5237//6824 5223//6824 5221//6824
f 5238//6825 5237//6825 5221//6825
f 5219//6826 5238//6826 5221//6826
f 5239//6827 5235//6827 5222//6827
f 5227//254 5239//254 5222//254
f 5237//6828 5240//6828 5223//6828
f 5240//254 5241//254 5223//254
f 5241//254 5224//254 5223//254
f 5236//1 5242//1 5217//1
f 5242//1 5218//1 5217//1
f 5234//1 5238//1 5219//1
f 5232//6829 5243//6829 5228//6829
f 5243//6830 5227//6830 5228//6830
f 5229//6831 5244//6831 5230//6831
f 5244//6832 5233//6832 5230//6832
f 5231//6833 5243//6833 5232//6833
f 5244//6834 5234//6834 5233//6834
f 5245//254 5239//254 5227//254
f 5243//6835 5246//6835 5227//6835
f 5246//6836 5245//6836 5227//6836
f 5241//6837 5247//6837 5224//6837
f 5247//6838 5248//6838 5224//6838
f 5248//6839 5229//6839 5224//6839
f 5242//6840 5249//6840 5218//6840
f 5249//6841 5250//6841 5218//6841
f 5250//6842 5231//6842 5218//6842
f 5244//6843 5251//6843 5234//6843
f 5251//6844 5252//6844 5234//6844
f 5252//1 5238//1 5234//1
f 5231//6845 5246//6845 5243//6845
f 5248//6846 5251//6846 5229//6846
f 5251//6847 5244//6847 5229//6847
f 5250//6848 5246//6848 5231//6848
f 5239//6849 5253//6849 5235//6849
f 5254//6850 5236//6850 5235//6850
f 5253//6851 5254//6851 5235//6851
f 5255//6852 5240//6852 5237//6852
f 5256//6853 5255//6853 5237//6853
f 5238//6854 5256//6854 5237//6854
f 5257//6855 5253//6855 5239//6855
f 5245//254 5257//254 5239//254
f 5255//6856 5258//6856 5240//6856
f 5258//254 5259//254 5240//254
f 5259//254 5241//254 5240//254
f 5254//1 5260//1 5236//1
f 5260//1 5242//1 5236//1
f 5252//1 5256//1 5238//1
f 5250//6857 5261//6857 5246//6857
f 5261//6858 5245//6858 5246//6858
f 5247//6859 5262//6859 5248//6859
f 5262//6860 5251//6860 5248//6860
f 5249//6861 5261//6861 5250//6861
f 5262//6862 5252//6862 5251//6862
f 5263//254 5257//254 5245//254
f 5261//6863 5264//6863 5245//6863
f 5264//6864 5263//6864 5245//6864
f 5259//6865 5265//6865 5241//6865
f 5265//6866 5266//6866 5241//6866
f 5266//6867 5247//6867 5241//6867
f 5260//6868 5267//6868 5242//6868
f 5267//6869 5268//6869 5242//6869
f 5268//6870 5249//6870 5242//6870
f 5262//6871 5269//6871 5252//6871
f 5269//6872 5270//6872 5252//6872
f 5270//1 5256//1 5252//1
f 5257//6873 5271//6873 5253//6873
f 5272//6874 5254//6874 5253//6874
f 5271//6875 5272//6875 5253//6875
f 5273//6876 5258//6876 5255//6876
f 5274//6877 5273//6877 5255//6877
f 5256//6878 5274//6878 5255//6878
f 5275//6879 5271//6879 5257//6879
f 5263//254 5275//254 5257//254
f 5273//6880 5276//6880 5258//6880
f 5276//254 5277//254 5258//254
f 5277//254 5259//254 5258//254
f 5249//6881 5264//6881 5261//6881
f 5266//6882 5269//6882 5247//6882
f 5269//6883 5262//6883 5247//6883
f 5268//6884 5264//6884 5249//6884
f 5272//1 5278//1 5254//1
f 5278//1 5260//1 5254//1
f 5270//1 5274//1 5256//1
f 5268//6885 5279//6885 5264//6885
f 5279//6886 5263//6886 5264//6886
f 5265//6887 5280//6887 5266//6887
f 5280//6888 5269//6888 5266//6888
f 5267//6889 5279//6889 5268//6889
f 5280//6890 5270//6890 5269//6890
f 5281//6891 5282//6891 5271//6891
f 5282//6892 5283//6892 5271//6892
f 5275//6893 5281//6893 5271//6893
f 5284//6894 5272//6894 5271//6894
f 5283//6895 5284//6895 5271//6895
f 5285//6896 5286//6896 5273//6896
f 5286//6897 5287//6897 5273//6897
f 5287//6898 5276//6898 5273//6898
f 5288//6899 5285//6899 5273//6899
f 5274//6900 5288//6900 5273//6900
f 5289//6901 5290//6901 5275//6901
f 5290//6902 5291//6902 5275//6902
f 5291//6903 5281//6903 5275//6903
f 5263//254 5292//254 5275//254
f 5292//254 5289//254 5275//254
f 5293//6904 5294//6904 5276//6904
f 5287//6905 5293//6905 5276//6905
f 5294//254 5295//254 5276//254
f 5295//254 5277//254 5276//254
f 5279//6906 5296//6906 5263//6906
f 5296//6906 5292//6906 5263//6906
f 5277//6907 5297//6907 5259//6907
f 5297//6908 5298//6908 5259//6908
f 5298//6909 5265//6909 5259//6909
f 5278//6910 5299//6910 5260//6910
f 5299//6911 5300//6911 5260//6911
f 5300//6912 5267//6912 5260//6912
f 5280//6913 5301//6913 5270//6913
f 5301//6914 5302//6914 5270//6914
f 5302//1 5274//1 5270//1
f 5284//1 5303//1 5272//1
f 5303//1 5278//1 5272//1
f 5302//1 5288//1 5274//1
f 5267//6915 5296//6915 5279//6915
f 5298//6916 5301//6916 5265//6916
f 5301//6917 5280//6917 5265//6917
f 5300//6918 5296//6918 5267//6918
f 5304//6919 5305//6919 5281//6919
f 5291//6920 5304//6920 5281//6920
f 5306//6921 5307//6921 5287//6921
f 5305//6922 5282//6922 5281//6922
f 5308//6923 5304//6923 5291//6923
f 5290//6924 5308//6924 5291//6924
f 5309//6925 5306//6925 5287//6925
f 5286//6926 5309//6926 5287//6926
f 5310//6927 5293//6927 5287//6927
f 5307//6928 5310//6928 5287//6928
f 5300//6929 5311//6929 5296//6929
f 5311//6930 5292//6930 5296//6930
f 5297//6931 5312//6931 5298//6931
f 5312//6932 5301//6932 5298//6932
f 5299//6933 5311//6933 5300//6933
f 5312//6934 5302//6934 5301//6934
f 5313//6935 5308//6935 5290//6935
f 5314//6936 5309//6936 5286//6936
f 5282//6937 5315//6937 5283//6937
f 5316//6938 5284//6938 5283//6938
f 5315//6939 5316//6939 5283//6939
f 5317//6940 5318//6940 5285//6940
f 5318//6941 5286//6941 5285//6941
f 5319//6942 5317//6942 5285//6942
f 5288//6943 5319//6943 5285//6943
f 5305//6944 5320//6944 5282//6944
f 5321//6945 5314//6945 5286//6945
f 5310//6946 5322//6946 5293//6946
f 5323//6947 5290//6947 5289//6947
f 5324//6948 5323//6948 5289//6948
f 5292//254 5325//254 5289//254
f 5325//254 5324//254 5289//254
f 5293//6949 5326//6949 5294//6949
f 5326//6950 5327//6950 5294//6950
f 5327//254 5328//254 5294//254
f 5328//254 5295//254 5294//254
f 5318//6951 5321//6951 5286//6951
f 5322//6952 5326//6952 5293//6952
f 5329//6953 5315//6953 5282//6953
f 5320//6954 5329//6954 5282//6954
f 5330//6955 5313//6955 5290//6955
f 5323//6956 5330//6956 5290//6956
f 5331//6957 5332//6957 5318//6957
f 5332//6958 5321//6958 5318//6958
f 5316//1 5333//1 5284//1
f 5333//1 5303//1 5284//1
f 5302//1 5334//1 5288//1
f 5334//1 5319//1 5288//1
f 5311//6959 5335//6959 5292//6959
f 5335//6960 5325//6960 5292//6960
f 5295//6961 5336//6961 5277//6961
f 5336//6962 5337//6962 5277//6962
f 5337//6963 5297//6963 5277//6963
f 5303//6964 5338//6964 5278//6964
f 5338//6965 5339//6965 5278//6965
f 5339//6966 5299//6966 5278//6966
f 5312//6967 5340//6967 5302//6967
f 5340//6968 5334//6968 5302//6968
f 5320//6969 5341//6969 5329//6969
f 5317//6970 5342//6970 5318//6970
f 5342//6971 5331//6971 5318//6971
f 5343//6972 5327//6972 5326//6972
f 5322//6973 5344//6973 5326//6973
f 5344//6974 5343//6974 5326//6974
f 5345//6975 5330//6975 5323//6975
f 5346//6976 5331//6976 5342//6976
f 5344//6977 5347//6977 5343//6977
f 5299//6978 5335//6978 5311//6978
f 5337//6979 5340//6979 5297//6979
f 5340//6980 5312//6980 5297//6980
f 5348//6981 5315//6981 5329//6981
f 5349//6982 5348//6982 5329//6982
f 5341//6983 5349//6983 5329//6983
f 5324//6984 5350//6984 5323//6984
f 5350//6985 5345//6985 5323//6985
f 5317//6986 5351//6986 5342//6986
f 5351//6987 5352//6987 5342//6987
f 5352//6988 5346//6988 5342//6988
f 5353//6989 5327//6989 5343//6989
f 5347//6990 5354//6990 5343//6990
f 5354//6991 5353//6991 5343//6991
f 5339//6992 5335//6992 5299//6992
f 5324//6993 5348//6993 5350//6993
f 5355//6994 5345//6994 5350//6994
f 5348//6995 5355//6995 5350//6995
f 5351//6996 5327//6996 5353//6996
f 5354//6997 5351//6997 5353//6997
f 5324//6998 5315//6998 5348//6998
f 5349//6999 5355//6999 5348//6999
f 5317//7000 5327//7000 5351//7000
f 5354//7001 5352//7001 5351//7001
f 5324//7002 5356//7002 5315//7002
f 5357//7003 5316//7003 5315//7003
f 5356//7004 5357//7004 5315//7004
f 5358//7005 5327//7005 5317//7005
f 5359//7006 5358//7006 5317//7006
f 5319//7007 5359//7007 5317//7007
f 5360//7008 5356//7008 5324//7008
f 5325//254 5361//254 5324//254
f 5361//254 5360//254 5324//254
f 5358//7009 5362//7009 5327//7009
f 5362//254 5363//254 5327//254
f 5363//254 5328//254 5327//254
f 5364//7010 5313//7010 5335//7010
f 5308//7011 5364//7011 5335//7011
f 5304//7012 5308//7012 5335//7012
f 5313//7013 5365//7013 5335//7013
f 5339//7014 5304//7014 5335//7014
f 5365//7015 5325//7015 5335//7015
f 5336//7016 5366//7016 5337//7016
f 5366//7017 5322//7017 5337//7017
f 5322//7018 5310//7018 5337//7018
f 5310//7019 5307//7019 5337//7019
f 5307//7020 5306//7020 5337//7020
f 5306//6979 5340//6979 5337//6979
f 5338//7021 5320//7021 5339//7021
f 5320//7022 5367//7022 5339//7022
f 5367//7023 5305//7023 5339//7023
f 5305//7024 5368//7024 5339//7024
f 5368//7025 5304//7025 5339//7025
f 5314//7026 5321//7026 5340//7026
f 5309//7027 5314//7027 5340//7027
f 5306//7028 5309//7028 5340//7028
f 5321//7029 5332//7029 5340//7029
f 5332//7030 5369//7030 5340//7030
f 5369//7031 5334//7031 5340//7031
f 5357//1 5370//1 5316//1
f 5370//1 5333//1 5316//1
f 5334//1 5371//1 5319//1
f 5371//1 5359//1 5319//1
f 5365//7032 5372//7032 5325//7032
f 5372//7033 5361//7033 5325//7033
f 5328//7034 5373//7034 5295//7034
f 5373//7035 5374//7035 5295//7035
f 5374//7036 5336//7036 5295//7036
f 5360//7037 5375//7037 5356//7037
f 5376//7038 5357//7038 5356//7038
f 5375//7039 5376//7039 5356//7039
f 5377//7040 5362//7040 5358//7040
f 5378//7041 5377//7041 5358//7041
f 5359//7042 5378//7042 5358//7042
f 5333//7043 5379//7043 5303//7043
f 5379//7044 5380//7044 5303//7044
f 5380//7045 5338//7045 5303//7045
f 5369//7046 5381//7046 5334//7046
f 5381//7047 5371//7047 5334//7047
f 5382//7048 5375//7048 5360//7048
f 5361//254 5383//254 5360//254
f 5383//254 5382//254 5360//254
f 5377//7049 5384//7049 5362//7049
f 5384//254 5385//254 5362//254
f 5385//254 5363//254 5362//254
f 5304//7050 5368//7050 5305//7050
f 5313//7051 5386//7051 5365//7051
f 5386//7052 5372//7052 5365//7052
f 5374//7053 5366//7053 5336//7053
f 5367//7054 5320//7054 5305//7054
f 5364//7055 5308//7055 5313//7055
f 5380//7056 5320//7056 5338//7056
f 5332//7057 5381//7057 5369//7057
f 5376//1 5387//1 5357//1
f 5387//1 5370//1 5357//1
f 5371//1 5388//1 5359//1
f 5388//1 5378//1 5359//1
f 5382//7058 5389//7058 5375//7058
f 5390//7059 5376//7059 5375//7059
f 5389//7060 5390//7060 5375//7060
f 5391//7061 5384//7061 5377//7061
f 5392//7062 5391//7062 5377//7062
f 5378//7063 5392//7063 5377//7063
f 5393//7064 5389//7064 5382//7064
f 5383//254 5394//254 5382//254
f 5394//254 5393//254 5382//254
f 5391//7065 5395//7065 5384//7065
f 5395//254 5396//254 5384//254
f 5396//254 5385//254 5384//254
f 5330//7066 5386//7066 5313//7066
f 5366//7067 5344//7067 5322//7067
f 5393//7068 5391//7068 5389//7068
f 5391//7069 5392//7069 5389//7069
f 5392//7069 5390//7069 5389//7069
f 5393//7068 5395//7068 5391//7068
f 5397//254 5395//254 5393//254
f 5394//254 5398//254 5393//254
f 5398//254 5397//254 5393//254
f 5397//254 5396//254 5395//254
f 5386//7070 5330//7070 5372//7070
f 5330//7071 5399//7071 5372//7071
f 5399//7072 5361//7072 5372//7072
f 5373//7073 5366//7073 5374//7073
f 5379//7074 5400//7074 5380//7074
f 5400//7075 5320//7075 5380//7075
f 5332//7076 5401//7076 5381//7076
f 5401//7077 5371//7077 5381//7077
f 5320//7078 5400//7078 5341//7078
f 5345//7079 5402//7079 5330//7079
f 5390//1 5403//1 5376//1
f 5403//1 5387//1 5376//1
f 5388//1 5404//1 5378//1
f 5404//1 5392//1 5378//1
f 5331//7080 5401//7080 5332//7080
f 5373//7081 5344//7081 5366//7081
f 5405//7082 5347//7082 5344//7082
f 5399//7083 5406//7083 5361//7083
f 5406//7084 5383//7084 5361//7084
f 5363//7085 5407//7085 5328//7085
f 5407//7086 5408//7086 5328//7086
f 5408//7087 5373//7087 5328//7087
f 5379//7088 5341//7088 5400//7088
f 5406//7089 5399//7089 5330//7089
f 5402//7090 5406//7090 5330//7090
f 5409//7091 5401//7091 5331//7091
f 5373//7092 5408//7092 5344//7092
f 5370//7093 5410//7093 5333//7093
f 5410//7094 5411//7094 5333//7094
f 5411//7095 5379//7095 5333//7095
f 5401//7096 5409//7096 5371//7096
f 5409//7097 5388//7097 5371//7097
f 5412//7098 5349//7098 5341//7098
f 5413//7099 5354//7099 5347//7099
f 5346//7100 5409//7100 5331//7100
f 5408//7101 5405//7101 5344//7101
f 5379//7102 5411//7102 5341//7102
f 5392//1 5414//1 5390//1
f 5414//1 5403//1 5390//1
f 5404//1 5415//1 5392//1
f 5415//1 5414//1 5392//1
f 5354//7103 5416//7103 5352//7103
f 5345//7104 5406//7104 5402//7104
f 5408//7105 5347//7105 5405//7105
f 5411//7106 5412//7106 5341//7106
f 5352//7107 5409//7107 5346//7107
f 5355//7108 5406//7108 5345//7108
f 5408//7109 5413//7109 5347//7109
f 5411//7110 5349//7110 5412//7110
f 5416//7111 5409//7111 5352//7111
f 5354//7112 5409//7112 5416//7112
f 5408//7113 5354//7113 5413//7113
f 5349//7114 5406//7114 5355//7114
f 5411//7115 5406//7115 5349//7115
f 5408//7116 5409//7116 5354//7116
f 5411//7117 5417//7117 5406//7117
f 5417//7118 5383//7118 5406//7118
f 5407//7119 5418//7119 5408//7119
f 5418//7120 5409//7120 5408//7120
f 5410//7121 5417//7121 5411//7121
f 5418//7122 5388//7122 5409//7122
f 5417//7123 5419//7123 5383//7123
f 5419//7124 5394//7124 5383//7124
f 5385//7125 5420//7125 5363//7125
f 5420//7126 5421//7126 5363//7126
f 5421//7127 5407//7127 5363//7127
f 5387//7128 5422//7128 5370//7128
f 5422//7129 5423//7129 5370//7129
f 5423//7130 5410//7130 5370//7130
f 5418//7131 5424//7131 5388//7131
f 5424//7132 5404//7132 5388//7132
f 5410//7133 5419//7133 5417//7133
f 5421//7134 5424//7134 5407//7134
f 5424//7135 5418//7135 5407//7135
f 5423//7136 5419//7136 5410//7136
f 5419//7137 5425//7137 5394//7137
f 5425//7138 5426//7138 5394//7138
f 5426//7139 5398//7139 5394//7139
f 5396//7140 5427//7140 5385//7140
f 5427//7141 5428//7141 5385//7141
f 5428//7141 5420//7141 5385//7141
f 5403//7142 5429//7142 5387//7142
f 5429//7143 5430//7143 5387//7143
f 5430//7144 5422//7144 5387//7144
f 5424//7145 5431//7145 5404//7145
f 5431//7146 5432//7146 5404//7146
f 5432//7147 5415//7147 5404//7147
f 5423//7148 5425//7148 5419//7148
f 5420//7149 5431//7149 5421//7149
f 5431//7150 5424//7150 5421//7150
f 5422//7151 5425//7151 5423//7151
f 5426//7152 5433//7152 5398//7152
f 5433//7153 5434//7153 5398//7153
f 5434//7154 5397//7154 5398//7154
f 5397//7155 5435//7155 5396//7155
f 5435//7156 5436//7156 5396//7156
f 5436//7157 5427//7157 5396//7157
f 5414//7158 5437//7158 5403//7158
f 5437//7159 5438//7159 5403//7159
f 5438//7160 5429//7160 5403//7160
f 5432//7161 5439//7161 5415//7161
f 5439//7162 5440//7162 5415//7162
f 5440//7163 5414//7163 5415//7163
f 5422//7164 5426//7164 5425//7164
f 5428//7165 5432//7165 5420//7165
f 5432//7166 5431//7166 5420//7166
f 5430//7167 5426//7167 5422//7167
f 5440//7168 5437//7168 5414//7168
f 5434//7169 5435//7169 5397//7169
f 5430//7170 5433//7170 5426//7170
f 5427//7171 5439//7171 5428//7171
f 5439//7172 5432//7172 5428//7172
f 5429//7173 5433//7173 5430//7173
f 5429//7174 5434//7174 5433//7174
f 5436//7175 5440//7175 5427//7175
f 5440//7176 5439//7176 5427//7176
f 5438//7177 5434//7177 5429//7177
f 5438//7178 5435//7178 5434//7178
f 5435//7179 5437//7179 5436//7179
f 5437//7179 5440//7179 5436//7179
f 5437//7178 5435//7178 5438//7178
f 5441//7180 5442//7180 5443//7180
f 5442//7181 5444//7181 5443//7181
f 5444//1 5445//1 5443//1
f 5445//1 5446//1 5443//1
f 5446//7182 5447//7182 5443//7182
f 5447//7183 5441//7183 5443//7183
f 5448//254 5449//254 5447//254
f 5450//7184 5448//7184 5447//7184
f 5451//254 5452//254 5447//254
f 5452//254 5453//254 5447//254
f 5453//254 5450//254 5447//254
f 5446//7182 5451//7182 5447//7182
f 5449//7183 5441//7183 5447//7183
f 5454//7185 5455//7185 5441//7185
f 5449//7185 5454//7185 5441//7185
f 5455//1 5456//1 5441//1
f 5456//7186 5457//7186 5441//7186
f 5457//7187 5442//7187 5441//7187
f 5458//254 5454//254 5449//254
f 5448//254 5458//254 5449//254
f 5459//7188 5448//7188 5450//7188
f 5460//7189 5459//7189 5450//7189
f 5453//7190 5460//7190 5450//7190
f 5461//254 5459//254 5460//254
f 5462//254 5461//254 5460//254
f 5463//254 5462//254 5460//254
f 5453//7190 5463//7190 5460//7190
f 5464//7191 5458//7191 5448//7191
f 5459//7192 5464//7192 5448//7192
f 5465//254 5464//254 5459//254
f 5461//254 5465//254 5459//254
f 5452//7193 5463//7193 5453//7193
f 5466//254 5462//254 5463//254
f 5467//254 5466//254 5463//254
f 5452//7193 5467//7193 5463//7193
f 5468//7194 5469//7194 5458//7194
f 5464//7195 5468//7195 5458//7195
f 5469//254 5454//254 5458//254
f 5465//254 5470//254 5464//254
f 5470//254 5468//254 5464//254
f 5445//1 5471//1 5446//1
f 5471//1 5472//1 5446//1
f 5472//7196 5451//7196 5446//7196
f 5473//254 5474//254 5451//254
f 5474//254 5452//254 5451//254
f 5472//7196 5473//7196 5451//7196
f 5475//7197 5476//7197 5455//7197
f 5454//7197 5475//7197 5455//7197
f 5476//7198 5477//7198 5455//7198
f 5477//7199 5456//7199 5455//7199
f 5469//254 5475//254 5454//254
f 5474//7200 5467//7200 5452//7200
f 5478//254 5466//254 5467//254
f 5479//254 5478//254 5467//254
f 5474//7201 5479//7201 5467//7201
f 5480//7202 5481//7202 5469//7202
f 5468//7202 5480//7202 5469//7202
f 5481//254 5475//254 5469//254
f 5482//254 5480//254 5468//254
f 5470//254 5482//254 5468//254
f 5483//7203 5484//7203 5461//7203
f 5484//7204 5485//7204 5461//7204
f 5462//7205 5483//7205 5461//7205
f 5485//7204 5486//7204 5461//7204
f 5486//7206 5487//7206 5461//7206
f 5487//7206 5465//7206 5461//7206
f 5485//7207 5488//7207 5486//7207
f 5489//254 5487//254 5486//254
f 5488//254 5489//254 5486//254
f 5487//7208 5490//7208 5465//7208
f 5490//7208 5470//7208 5465//7208
f 5489//254 5490//254 5487//254
f 5491//7209 5485//7209 5484//7209
f 5483//3674 5491//3674 5484//3674
f 5491//7209 5492//7209 5485//7209
f 5493//7210 5488//7210 5485//7210
f 5492//2971 5493//2971 5485//2971
f 5471//1 5494//1 5472//1
f 5494//1 5495//1 5472//1
f 5495//1 5496//1 5472//1
f 5497//7211 5473//7211 5472//7211
f 5496//7211 5497//7211 5472//7211
f 5497//254 5498//254 5473//254
f 5498//254 5474//254 5473//254
f 5499//1 5500//1 5476//1
f 5500//1 5501//1 5476//1
f 5501//7212 5477//7212 5476//7212
f 5475//5151 5499//5151 5476//5151
f 5502//254 5503//254 5475//254
f 5481//254 5502//254 5475//254
f 5503//5151 5499//5151 5475//5151
f 5466//7213 5483//7213 5462//7213
f 5466//7213 5504//7213 5483//7213
f 5504//7214 5491//7214 5483//7214
f 5505//7213 5488//7213 5493//7213
f 5492//6196 5505//6196 5493//6196
f 5505//7213 5506//7213 5488//7213
f 5506//5705 5489//5705 5488//5705
f 5490//7194 5507//7194 5470//7194
f 5507//7194 5482//7194 5470//7194
f 5489//254 5508//254 5490//254
f 5508//254 5509//254 5490//254
f 5509//254 5510//254 5490//254
f 5510//254 5511//254 5490//254
f 5512//254 5507//254 5490//254
f 5513//254 5512//254 5490//254
f 5511//254 5513//254 5490//254
f 5444//7215 5442//7215 5514//7215
f 5515//7216 5444//7216 5514//7216
f 5515//7217 5445//7217 5444//7217
f 5478//7218 5504//7218 5466//7218
f 5478//7218 5491//7218 5504//7218
f 5492//7218 5506//7218 5505//7218
f 5492//7218 5516//7218 5506//7218
f 5516//254 5489//254 5506//254
f 5517//254 5480//254 5482//254
f 5507//7219 5518//7219 5482//7219
f 5518//7219 5517//7219 5482//7219
f 5512//254 5518//254 5507//254
f 5519//7220 5445//7220 5515//7220
f 5519//7220 5471//7220 5445//7220
f 5456//7221 5520//7221 5457//7221
f 5521//7222 5442//7222 5457//7222
f 5520//7223 5521//7223 5457//7223
f 5442//7224 5522//7224 5514//7224
f 5521//7225 5522//7225 5442//7225
f 5498//7226 5479//7226 5474//7226
f 5523//254 5478//254 5479//254
f 5524//254 5523//254 5479//254
f 5498//7227 5524//7227 5479//7227
f 5525//7228 5502//7228 5481//7228
f 5480//7229 5525//7229 5481//7229
f 5517//254 5525//254 5480//254
f 5522//7230 5526//7230 5527//7230
f 5514//7231 5522//7231 5527//7231
f 5528//7232 5514//7232 5527//7232
f 5528//7233 5515//7233 5514//7233
f 5521//7234 5529//7234 5526//7234
f 5522//7235 5521//7235 5526//7235
f 5530//7236 5515//7236 5528//7236
f 5530//7237 5519//7237 5515//7237
f 5520//7238 5531//7238 5529//7238
f 5521//7239 5520//7239 5529//7239
f 5531//7240 5526//7240 5529//7240
f 5532//7241 5471//7241 5519//7241
f 5532//7242 5494//7242 5471//7242
f 5456//7243 5477//7243 5520//7243
f 5526//7244 5528//7244 5527//7244
f 5533//7245 5528//7245 5526//7245
f 5477//7246 5534//7246 5520//7246
f 5533//7247 5530//7247 5528//7247
f 5531//7248 5535//7248 5526//7248
f 5535//1 5533//1 5526//1
f 5523//7249 5491//7249 5478//7249
f 5536//7249 5516//7249 5492//7249
f 5536//254 5489//254 5516//254
f 5537//254 5525//254 5517//254
f 5518//7250 5512//7250 5517//7250
f 5512//7250 5537//7250 5517//7250
f 5538//7251 5519//7251 5530//7251
f 5538//7252 5532//7252 5519//7252
f 5534//7253 5535//7253 5531//7253
f 5520//7254 5534//7254 5531//7254
f 5523//7249 5492//7249 5491//7249
f 5523//7249 5536//7249 5492//7249
f 5533//7255 5539//7255 5530//7255
f 5539//7256 5538//7256 5530//7256
f 5540//7257 5494//7257 5532//7257
f 5540//7258 5495//7258 5494//7258
f 5501//7259 5541//7259 5477//7259
f 5541//7260 5534//7260 5477//7260
f 5539//7261 5532//7261 5538//7261
f 5539//7262 5540//7262 5532//7262
f 5541//7263 5542//7263 5535//7263
f 5534//7264 5541//7264 5535//7264
f 5543//254 5503//254 5502//254
f 5537//254 5544//254 5525//254
f 5544//7265 5543//7265 5502//7265
f 5525//7266 5544//7266 5502//7266
f 5545//7267 5546//7267 5540//7267
f 5547//7268 5548//7268 5537//7268
f 5549//7269 5547//7269 5537//7269
f 5512//7269 5549//7269 5537//7269
f 5513//7270 5549//7270 5512//7270
f 5533//7271 5550//7271 5539//7271
f 5500//7272 5551//7272 5541//7272
f 5501//7273 5500//7273 5541//7273
f 5551//7274 5552//7274 5542//7274
f 5541//7275 5551//7275 5542//7275
f 5497//254 5553//254 5498//254
f 5554//254 5523//254 5524//254
f 5555//254 5554//254 5524//254
f 5556//254 5557//254 5536//254
f 5557//254 5489//254 5536//254
f 5546//7276 5496//7276 5495//7276
f 5548//254 5544//254 5537//254
f 5550//7277 5540//7277 5539//7277
f 5550//7278 5545//7278 5540//7278
f 5546//7279 5495//7279 5540//7279
f 5542//7280 5552//7280 5535//7280
f 5552//7281 5533//7281 5535//7281
f 5554//7282 5536//7282 5523//7282
f 5554//7282 5556//7282 5536//7282
f 5553//7283 5524//7283 5498//7283
f 5553//7284 5555//7284 5524//7284
f 5558//1 5559//1 5550//1
f 5560//7285 5558//7285 5550//7285
f 5533//7286 5560//7286 5550//7286
f 5559//7287 5545//7287 5550//7287
f 5561//7288 5562//7288 5545//7288
f 5559//7287 5561//7287 5545//7287
f 5563//7289 5533//7289 5552//7289
f 5551//7290 5563//7290 5552//7290
f 5562//7288 5546//7288 5545//7288
f 5564//7291 5496//7291 5546//7291
f 5562//7292 5564//7292 5546//7292
f 5565//7293 5563//7293 5551//7293
f 5500//7294 5565//7294 5551//7294
f 5499//1 5565//1 5500//1
f 5566//7295 5560//7295 5533//7295
f 5549//2168 5567//2168 5547//2168
f 5567//2168 5568//2168 5547//2168
f 5558//7296 5561//7296 5559//7296
f 5569//7297 5562//7297 5561//7297
f 5558//7298 5569//7298 5561//7298
f 5570//7299 5566//7299 5533//7299
f 5563//7300 5570//7300 5533//7300
f 5555//254 5571//254 5554//254
f 5571//7301 5556//7301 5554//7301
f 5571//7301 5557//7301 5556//7301
f 5572//254 5573//254 5548//254
f 5573//254 5544//254 5548//254
f 5574//7302 5572//7302 5548//7302
f 5547//7303 5574//7303 5548//7303
f 5568//254 5575//254 5547//254
f 5575//5705 5574//5705 5547//5705
f 5513//7304 5511//7304 5549//7304
f 5511//7305 5576//7305 5549//7305
f 5576//1 5577//1 5549//1
f 5577//1 5567//1 5549//1
f 5560//7306 5578//7306 5558//7306
f 5579//7307 5564//7307 5562//7307
f 5580//7308 5579//7308 5562//7308
f 5569//7309 5580//7309 5562//7309
f 5581//7310 5570//7310 5563//7310
f 5565//7311 5581//7311 5563//7311
f 5582//1 5581//1 5565//1
f 5499//1 5582//1 5565//1
f 5578//7312 5569//7312 5558//7312
f 5578//7313 5583//7313 5569//7313
f 5584//7314 5560//7314 5566//7314
f 5570//7315 5584//7315 5566//7315
f 5560//7316 5583//7316 5578//7316
f 5560//7317 5584//7317 5583//7317
f 5585//7318 5555//7318 5553//7318
f 5497//254 5585//254 5553//254
f 5586//254 5571//254 5555//254
f 5585//7319 5586//7319 5555//7319
f 5573//7320 5587//7320 5543//7320
f 5544//7321 5573//7321 5543//7321
f 5587//254 5588//254 5543//254
f 5588//254 5503//254 5543//254
f 5584//7322 5589//7322 5583//7322
f 5589//7323 5569//7323 5583//7323
f 5589//7324 5580//7324 5569//7324
f 5589//1 5579//1 5580//1
f 5590//7325 5584//7325 5570//7325
f 5581//7326 5590//7326 5570//7326
f 5591//1 5590//1 5581//1
f 5582//1 5591//1 5581//1
f 5586//254 5592//254 5571//254
f 5592//7296 5557//7296 5571//7296
f 5592//7296 5489//7296 5557//7296
f 5593//254 5594//254 5572//254
f 5594//254 5573//254 5572//254
f 5575//7327 5593//7327 5572//7327
f 5574//7327 5575//7327 5572//7327
f 5511//7327 5510//7327 5576//7327
f 5510//7327 5577//7327 5576//7327
f 5591//1 5579//1 5589//1
f 5590//1 5591//1 5589//1
f 5584//7328 5590//7328 5589//7328
f 5586//254 5595//254 5592//254
f 5595//254 5596//254 5592//254
f 5596//7329 5489//7329 5592//7329
f 5596//7329 5508//7329 5489//7329
f 5597//254 5598//254 5593//254
f 5598//254 5594//254 5593//254
f 5575//7330 5597//7330 5593//7330
f 5568//7331 5597//7331 5575//7331
f 5510//7332 5567//7332 5577//7332
f 5509//7333 5567//7333 5510//7333
f 5564//7334 5497//7334 5496//7334
f 5599//254 5585//254 5497//254
f 5564//7334 5599//7334 5497//7334
f 5588//7335 5582//7335 5499//7335
f 5503//7335 5588//7335 5499//7335
f 5567//7336 5597//7336 5568//7336
f 5509//7336 5597//7336 5567//7336
f 5595//254 5600//254 5596//254
f 5600//254 5597//254 5596//254
f 5597//1451 5508//1451 5596//1451
f 5597//1451 5509//1451 5508//1451
f 5600//254 5598//254 5597//254
f 5601//7337 5586//7337 5585//7337
f 5599//254 5601//254 5585//254
f 5601//7338 5595//7338 5586//7338
f 5594//7327 5602//7327 5587//7327
f 5573//7339 5594//7339 5587//7339
f 5602//254 5603//254 5587//254
f 5603//254 5588//254 5587//254
f 5579//7340 5599//7340 5564//7340
f 5604//254 5601//254 5599//254
f 5579//7340 5604//7340 5599//7340
f 5603//7341 5591//7341 5582//7341
f 5588//7341 5603//7341 5582//7341
f 5605//7342 5595//7342 5601//7342
f 5604//254 5605//254 5601//254
f 5605//7343 5600//7343 5595//7343
f 5598//7344 5606//7344 5602//7344
f 5594//7344 5598//7344 5602//7344
f 5606//254 5603//254 5602//254
f 5606//7345 5600//7345 5605//7345
f 5603//254 5606//254 5605//254
f 5604//254 5603//254 5605//254
f 5606//7346 5598//7346 5600//7346
f 5603//1451 5604//1451 5579//1451
f 5591//1451 5603//1451 5579//1451
f 5607//3671 5608//3671 3598//3671
f 5608//3671 3595//3671 3598//3671
f 3595//468 3666//468 3598//468
f 3666//468 3662//468 3598//468
f 3656//468 3652//468 3598//468
f 3653//468 5609//468 3598//468
f 5609//468 3633//468 3598//468
f 3633//468 3573//468 3598//468
f 5610//254 5607//254 3598//254
f 3573//254 5610//254 3598//254
f 5611//1 3572//1 3595//1
f 5608//1 5611//1 3595//1
f 3659//468 5612//468 3595//468
f 5613//468 3657//468 3595//468
f 3657//468 3660//468 3595//468
f 3660//468 3663//468 3595//468
f 3663//468 3664//468 3595//468
f 3664//468 3659//468 3595//468
f 5612//468 3665//468 3595//468
f 3665//468 3666//468 3595//468
f 3572//468 5614//468 3595//468
f 5614//468 3650//468 3595//468
f 3650//468 5613//468 3595//468
f 5615//7347 3662//7347 3666//7347
f 3665//2322 5616//2322 3666//2322
f 5616//2322 5615//2322 3666//2322
f 3661//468 3659//468 3664//468
f 5617//7347 3661//7347 3664//7347
f 3663//2322 5618//2322 3664//2322
f 5618//2322 5617//2322 3664//2322
f 5615//7347 5619//7347 3662//7347
f 5619//7348 3236//7348 3662//7348
f 5612//2325 5620//2325 3665//2325
f 5620//2325 5616//2325 3665//2325
f 3658//468 3659//468 3661//468
f 5617//7347 5621//7347 3661//7347
f 5621//7349 3658//7349 3661//7349
f 3660//2325 5622//2325 3663//2325
f 5622//2325 5618//2325 3663//2325
f 5619//7350 5623//7350 3236//7350
f 5623//7351 3656//7351 3236//7351
f 3659//7352 5624//7352 5612//7352
f 5624//7353 5620//7353 5612//7353
f 3654//468 3659//468 3658//468
f 5621//7354 5625//7354 3658//7354
f 5625//7355 3654//7355 3658//7355
f 3657//7356 5626//7356 3660//7356
f 5626//7356 5622//7356 3660//7356
f 5623//7357 5627//7357 3656//7357
f 5627//7358 3652//7358 3656//7358
f 3648//468 5628//468 3659//468
f 5629//468 3648//468 3659//468
f 3654//468 5629//468 3659//468
f 5628//468 3655//468 3659//468
f 3655//7359 5630//7359 3659//7359
f 5630//7360 5624//7360 3659//7360
f 5625//7361 5631//7361 3654//7361
f 5631//7362 5629//7362 3654//7362
f 5613//7360 5632//7360 3657//7360
f 5632//7359 5626//7359 3657//7359
f 5627//7358 5633//7358 3652//7358
f 5633//7363 3653//7363 3652//7363
f 5628//468 3651//468 3655//468
f 3651//7364 5634//7364 3655//7364
f 5634//254 5630//254 3655//254
f 5631//7358 5635//7358 5629//7358
f 5635//7363 3648//7363 5629//7363
f 3650//7365 5636//7365 5613//7365
f 5636//254 5632//254 5613//254
f 5637//355 3141//355 3653//355
f 3141//468 3640//468 3653//468
f 3640//468 5609//468 3653//468
f 5633//7366 5638//7366 3653//7366
f 5638//7367 5637//7367 3653//7367
f 3632//468 5639//468 3651//468
f 5628//468 3632//468 3651//468
f 5639//7368 5640//7368 3651//7368
f 5640//7369 5634//7369 3651//7369
f 5641//468 3638//468 3648//468
f 3638//468 5642//468 3648//468
f 5642//468 3637//468 3648//468
f 3635//468 5641//468 3648//468
f 3649//468 3635//468 3648//468
f 3637//468 5628//468 3648//468
f 5635//7366 5643//7366 3648//7366
f 5643//7370 3649//7370 3648//7370
f 5614//7368 5644//7368 3650//7368
f 5644//7371 5636//7371 3650//7371
f 3644//468 3141//468 5637//468
f 5638//3710 5645//3710 5637//3710
f 5645//7372 3644//7372 5637//7372
f 3624//355 3625//355 5639//355
f 3625//468 3647//468 5639//468
f 5646//468 3629//468 5639//468
f 3629//468 5647//468 5639//468
f 5647//468 3624//468 5639//468
f 3632//468 5646//468 5639//468
f 3647//7373 5648//7373 5639//7373
f 5648//7374 5640//7374 5639//7374
f 3631//468 3635//468 3649//468
f 5649//468 3631//468 3649//468
f 5643//7375 5650//7375 3649//7375
f 5650//7376 5649//7376 3649//7376
f 3572//468 3646//468 5614//468
f 3646//7377 5651//7377 5614//7377
f 5651//3938 5644//3938 5614//3938
f 3645//468 3141//468 3644//468
f 5645//7378 5652//7378 3644//7378
f 5652//7379 3645//7379 3644//7379
f 3625//468 3144//468 3647//468
f 3144//7380 5653//7380 3647//7380
f 5653//7381 5648//7381 3647//7381
f 3641//468 3631//468 5649//468
f 5650//7382 5654//7382 5649//7382
f 5654//7383 3641//7383 5649//7383
f 3631//468 3643//468 3646//468
f 3572//468 3631//468 3646//468
f 3643//7384 5655//7384 3646//7384
f 5655//7384 5651//7384 3646//7384
f 5656//468 3141//468 3645//468
f 5652//3939 5657//3939 3645//3939
f 5657//2388 5656//2388 3645//2388
f 3625//468 3636//468 3144//468
f 3636//468 5658//468 3144//468
f 5658//468 3639//468 3144//468
f 3639//468 5656//468 3144//468
f 5656//7385 5659//7385 3144//7385
f 5659//7386 5653//7386 3144//7386
f 3642//468 3631//468 3641//468
f 5654//7387 5660//7387 3641//7387
f 5660//7388 3642//7388 3641//7388
f 3631//468 3642//468 3643//468
f 3642//7389 5661//7389 3643//7389
f 5661//7389 5655//7389 3643//7389
f 3639//468 3141//468 5656//468
f 5657//2388 5659//2388 5656//2388
f 5660//2388 5661//2388 3642//2388
f 5662//7390 3640//7390 3141//7390
f 3639//7391 5663//7391 3141//7391
f 5663//7392 5662//7392 3141//7392
f 5664//7393 3637//7393 5642//7393
f 3638//7394 5665//7394 5642//7394
f 5665//2322 5664//2322 5642//2322
f 5662//7395 5666//7395 3640//7395
f 5666//7396 5609//7396 3640//7396
f 5658//2325 5667//2325 3639//2325
f 5667//2325 5663//2325 3639//2325
f 5664//7395 5668//7395 3637//7395
f 5668//7396 5628//7396 3637//7396
f 5641//7397 5669//7397 3638//7397
f 5669//7398 5665//7398 3638//7398
f 5666//7354 5670//7354 5609//7354
f 5670//7355 3633//7355 5609//7355
f 3636//7352 5671//7352 5658//7352
f 5671//7353 5667//7353 5658//7353
f 5668//7354 5672//7354 5628//7354
f 5672//7355 3632//7355 5628//7355
f 3635//7399 5673//7399 5641//7399
f 5673//7356 5669//7356 5641//7356
f 3634//468 3573//468 3633//468
f 5670//7400 5674//7400 3633//7400
f 5674//7401 3634//7401 3633//7401
f 3625//468 5675//468 3636//468
f 5675//7359 5676//7359 3636//7359
f 5676//7360 5671//7360 3636//7360
f 5672//7361 5677//7361 3632//7361
f 5677//7362 5646//7362 3632//7362
f 3631//7402 5678//7402 3635//7402
f 5678//7403 5673//7403 3635//7403
f 5679//468 3573//468 3634//468
f 5674//7404 5680//7404 3634//7404
f 5680//7405 5679//7405 3634//7405
f 3625//468 3630//468 5675//468
f 3630//254 5681//254 5675//254
f 5681//254 5676//254 5675//254
f 5677//7358 5682//7358 5646//7358
f 5682//7363 3629//7363 5646//7363
f 3572//468 5683//468 3631//468
f 5683//7406 5684//7406 3631//7406
f 5684//7407 5678//7407 3631//7407
f 3628//468 3573//468 5679//468
f 5680//1 5685//1 5679//1
f 5685//7408 3628//7408 5679//7408
f 3572//468 5686//468 3630//468
f 5687//468 3572//468 3630//468
f 3625//468 5687//468 3630//468
f 5686//3711 5688//3711 3630//3711
f 5688//3709 5681//3709 3630//3709
f 5682//7366 5689//7366 3629//7366
f 5689//7367 5647//7367 3629//7367
f 3572//468 3627//468 5683//468
f 3627//7409 5690//7409 5683//7409
f 5690//3711 5684//3711 5683//3711
f 5691//468 3573//468 3628//468
f 5685//7375 5692//7375 3628//7375
f 5692//7376 5691//7376 3628//7376
f 3572//468 3626//468 5686//468
f 3626//3938 5693//3938 5686//3938
f 5693//7374 5688//7374 5686//7374
f 5689//3710 5694//3710 5647//3710
f 5694//7382 3624//7382 5647//7382
f 3572//468 5695//468 3627//468
f 5695//7410 5696//7410 3627//7410
f 5696//7411 5690//7411 3627//7411
f 3621//468 3573//468 5691//468
f 5692//7382 5697//7382 5691//7382
f 5697//3939 3621//3939 5691//3939
f 3572//468 5698//468 3626//468
f 5698//7384 5699//7384 3626//7384
f 5699//7384 5693//7384 3626//7384
f 5694//7382 5700//7382 3624//7382
f 5700//7383 3625//7383 3624//7383
f 3572//468 3623//468 5695//468
f 3623//7412 5701//7412 5695//7412
f 5701//7384 5696//7384 5695//7384
f 3622//468 3573//468 3621//468
f 5697//3939 5702//3939 3621//3939
f 5702//2388 3622//2388 3621//2388
f 3572//468 3622//468 5698//468
f 3622//7389 5703//7389 5698//7389
f 5703//7389 5699//7389 5698//7389
f 5700//7387 5704//7387 3625//7387
f 5704//7388 5687//7388 3625//7388
f 3572//468 5687//468 3623//468
f 5687//7385 5705//7385 3623//7385
f 5705//7413 5701//7413 3623//7413
f 3572//468 3573//468 3622//468
f 5702//2388 5703//2388 3622//2388
f 5704//2388 5705//2388 5687//2388
f 3572//1451 5610//1451 3573//1451
f 5611//1451 5610//1451 3572//1451
f 5706//3671 5607//3671 5707//3671
f 5708//254 5709//254 5707//254
f 5709//254 5706//254 5707//254
f 5710//254 5708//254 5707//254
f 5607//468 5710//468 5707//468
f 5711//468 5712//468 5608//468
f 5712//468 5713//468 5608//468
f 5713//468 5714//468 5608//468
f 5714//468 5611//468 5608//468
f 5706//3671 5715//3671 5608//3671
f 5715//3671 5711//3671 5608//3671
f 5607//3671 5706//3671 5608//3671
f 5716//1 5712//1 5711//1
f 5715//1 5717//1 5711//1
f 5717//1 5718//1 5711//1
f 5718//1 5716//1 5711//1
f 5610//468 5719//468 5607//468
f 5719//468 5720//468 5607//468
f 5720//468 5710//468 5607//468
f 5721//7414 5722//7414 5710//7414
f 5723//1 5713//1 5712//1
f 5724//7415 5725//7415 5712//7415
f 5725//7415 5723//7415 5712//7415
f 5716//7416 5724//7416 5712//7416
f 5716//7416 5726//7416 5724//7416
f 5727//1 5725//1 5724//1
f 5726//1 5727//1 5724//1
f 5719//468 5728//468 5729//468
f 5720//468 5719//468 5729//468
f 5730//2169 5720//2169 5729//2169
f 5728//254 5730//254 5729//254
f 5731//254 5732//254 5720//254
f 5732//254 5733//254 5720//254
f 5733//254 5734//254 5720//254
f 5734//254 5710//254 5720//254
f 5730//2169 5731//2169 5720//2169
f 5723//1 5735//1 5713//1
f 5735//1 5736//1 5713//1
f 5736//1 5737//1 5713//1
f 5737//1 5738//1 5713//1
f 5738//2169 5739//2169 5713//2169
f 5739//468 5740//468 5713//468
f 5740//468 5714//468 5713//468
f 5741//1 5742//1 5739//1
f 5742//1 5743//1 5739//1
f 5743//1 5744//1 5739//1
f 5744//1 5740//1 5739//1
f 5738//2169 5741//2169 5739//2169
f 5745//7417 5746//7417 5728//7417
f 5747//7418 5745//7418 5728//7418
f 5746//254 5748//254 5728//254
f 5748//254 5730//254 5728//254
f 5719//2168 5749//2168 5728//2168
f 5749//2168 5747//2168 5728//2168
f 5610//7419 5750//7419 5719//7419
f 5751//254 5752//254 5719//254
f 5752//254 5753//254 5719//254
f 5753//254 5749//254 5719//254
f 5750//254 5751//254 5719//254
f 5754//254 5750//254 5719//254
f 5755//468 5611//468 5714//468
f 5756//1 5755//1 5714//1
f 5757//1 5756//1 5714//1
f 5758//1 5759//1 5714//1
f 5759//1 5760//1 5714//1
f 5760//1 5757//1 5714//1
f 5761//2168 5758//2168 5714//2168
f 5740//2168 5761//2168 5714//2168
f 5744//1 5762//1 5740//1
f 5762//1 5761//1 5740//1
f 5610//7420 5763//7420 5750//7420
f 5763//254 5754//254 5750//254
f 5754//468 5764//468 5750//468
f 5764//468 5765//468 5750//468
f 5766//468 5611//468 5755//468
f 5767//1 5766//1 5755//1
f 5768//7415 5769//7415 5755//7415
f 5769//7415 5767//7415 5755//7415
f 5756//7416 5768//7416 5755//7416
f 5756//7416 5770//7416 5768//7416
f 5771//1 5769//1 5768//1
f 5770//1 5771//1 5768//1
f 5766//1451 5772//1451 5611//1451
f 5772//1451 5610//1451 5611//1451
f 5773//254 5774//254 5763//254
f 5774//254 5775//254 5763//254
f 5775//254 5776//254 5763//254
f 5776//254 5754//254 5763//254
f 5610//1451 5773//1451 5763//1451
f 5772//1451 5773//1451 5610//1451
f 5767//1 5777//1 5766//1
f 5777//1 5772//1 5766//1
f 5778//7421 5710//7421 5722//7421
f 5779//254 5778//254 5722//254
f 5721//254 5779//254 5722//254
f 5778//7422 5708//7422 5710//7422
f 5734//1505 5780//1505 5721//1505
f 5710//7423 5734//7423 5721//7423
f 5781//254 5779//254 5721//254
f 5780//254 5781//254 5721//254
f 5782//1500 5750//1500 5765//1500
f 5783//254 5782//254 5765//254
f 5764//254 5783//254 5765//254
f 5782//1500 5751//1500 5750//1500
f 5776//1505 5784//1505 5764//1505
f 5754//1505 5776//1505 5764//1505
f 5785//254 5783//254 5764//254
f 5784//254 5785//254 5764//254
f 5718//2858 5726//2858 5716//2858
f 5718//2858 5786//2858 5726//2858
f 5787//1 5727//1 5726//1
f 5786//1 5787//1 5726//1
f 5725//2860 5788//2860 5723//2860
f 5788//2860 5735//2860 5723//2860
f 5727//1 5788//1 5725//1
f 5757//2858 5770//2858 5756//2858
f 5757//2858 5789//2858 5770//2858
f 5790//1 5771//1 5770//1
f 5789//1 5790//1 5770//1
f 5769//2860 5791//2860 5767//2860
f 5791//2860 5777//2860 5767//2860
f 5771//1 5791//1 5769//1
f 5792//479 5708//479 5778//479
f 5793//254 5792//254 5778//254
f 5779//254 5793//254 5778//254
f 5792//7424 5709//7424 5708//7424
f 5733//478 5794//478 5780//478
f 5734//7425 5733//7425 5780//7425
f 5795//254 5781//254 5780//254
f 5794//3674 5795//3674 5780//3674
f 5796//479 5751//479 5782//479
f 5797//254 5796//254 5782//254
f 5783//254 5797//254 5782//254
f 5796//7424 5752//7424 5751//7424
f 5775//478 5798//478 5784//478
f 5776//7425 5775//7425 5784//7425
f 5799//254 5785//254 5784//254
f 5798//3674 5799//3674 5784//3674
f 5800//2169 5801//2169 5706//2169
f 5802//2169 5800//2169 5706//2169
f 5803//2169 5715//2169 5706//2169
f 5801//2169 5803//2169 5706//2169
f 5804//254 5802//254 5706//254
f 5709//254 5805//254 5706//254
f 5805//254 5804//254 5706//254
f 5803//2169 5806//2169 5715//2169
f 5806//2169 5807//2169 5715//2169
f 5807//1 5808//1 5715//1
f 5808//1 5809//1 5715//1
f 5809//1 5717//1 5715//1
f 5615//355 5810//355 5811//355
f 5619//355 5615//355 5811//355
f 5812//355 5619//355 5811//355
f 5813//7426 5812//7426 5811//7426
f 5814//7427 5813//7427 5811//7427
f 5815//7428 5814//7428 5811//7428
f 5810//7429 5815//7429 5811//7429
f 5816//7430 5817//7430 5818//7430
f 5819//7431 5816//7431 5818//7431
f 5820//7428 5819//7428 5818//7428
f 5821//7429 5820//7429 5818//7429
f 5617//355 5821//355 5818//355
f 5621//355 5617//355 5818//355
f 5817//355 5621//355 5818//355
f 5623//355 5619//355 5812//355
f 5822//355 5623//355 5812//355
f 5823//7432 5822//7432 5812//7432
f 5813//7433 5823//7433 5812//7433
f 5616//355 5824//355 5810//355
f 5615//355 5616//355 5810//355
f 5825//7434 5815//7434 5810//7434
f 5824//7435 5826//7435 5810//7435
f 5826//7436 5825//7436 5810//7436
f 5816//7437 5827//7437 5817//7437
f 5625//355 5621//355 5817//355
f 5827//355 5625//355 5817//355
f 5828//7434 5820//7434 5821//7434
f 5829//7435 5830//7435 5821//7435
f 5830//7436 5828//7436 5821//7436
f 5618//355 5829//355 5821//355
f 5617//355 5618//355 5821//355
f 5627//355 5623//355 5822//355
f 5831//355 5627//355 5822//355
f 5832//7438 5831//7438 5822//7438
f 5823//7439 5832//7439 5822//7439
f 5620//355 5833//355 5824//355
f 5616//355 5620//355 5824//355
f 5833//7440 5834//7440 5824//7440
f 5834//7441 5826//7441 5824//7441
f 5835//7438 5836//7438 5827//7438
f 5816//7442 5835//7442 5827//7442
f 5631//355 5625//355 5827//355
f 5836//355 5631//355 5827//355
f 5837//7440 5838//7440 5829//7440
f 5838//7441 5830//7441 5829//7441
f 5618//355 5622//355 5829//355
f 5622//355 5837//355 5829//355
f 5633//355 5627//355 5831//355
f 5839//355 5633//355 5831//355
f 5832//7443 5840//7443 5831//7443
f 5840//7444 5839//7444 5831//7444
f 5624//355 5841//355 5833//355
f 5620//355 5624//355 5833//355
f 5841//7445 5842//7445 5833//7445
f 5842//7446 5834//7446 5833//7446
f 5835//7443 5843//7443 5836//7443
f 5843//7447 5844//7447 5836//7447
f 5635//355 5631//355 5836//355
f 5844//355 5635//355 5836//355
f 5845//7445 5846//7445 5837//7445
f 5846//7446 5838//7446 5837//7446
f 5626//355 5845//355 5837//355
f 5622//355 5626//355 5837//355
f 5630//355 5841//355 5624//355
f 5632//355 5845//355 5626//355
f 5638//355 5633//355 5839//355
f 5847//355 5638//355 5839//355
f 5840//7448 5848//7448 5839//7448
f 5848//1 5847//1 5839//1
f 5630//355 5849//355 5841//355
f 5849//254 5850//254 5841//254
f 5850//254 5842//254 5841//254
f 5843//7448 5851//7448 5844//7448
f 5851//1 5852//1 5844//1
f 5643//355 5635//355 5844//355
f 5852//355 5643//355 5844//355
f 5853//254 5854//254 5845//254
f 5854//254 5846//254 5845//254
f 5632//355 5853//355 5845//355
f 5634//355 5849//355 5630//355
f 5636//355 5853//355 5632//355
f 5847//355 5645//355 5638//355
f 5640//355 5855//355 5634//355
f 5855//355 5849//355 5634//355
f 5852//355 5650//355 5643//355
f 5644//355 5856//355 5636//355
f 5856//355 5853//355 5636//355
f 5857//355 5645//355 5847//355
f 5848//1 5858//1 5847//1
f 5858//7449 5857//7449 5847//7449
f 5855//7450 5859//7450 5849//7450
f 5859//7450 5850//7450 5849//7450
f 5851//1 5860//1 5852//1
f 5860//7449 5861//7449 5852//7449
f 5861//355 5650//355 5852//355
f 5856//7450 5862//7450 5853//7450
f 5862//7450 5854//7450 5853//7450
f 5857//355 5652//355 5645//355
f 5648//355 5863//355 5640//355
f 5863//355 5855//355 5640//355
f 5861//355 5654//355 5650//355
f 5651//355 5864//355 5644//355
f 5864//355 5856//355 5644//355
f 5857//355 5865//355 5652//355
f 5865//355 5657//355 5652//355
f 5653//355 5866//355 5648//355
f 5866//355 5863//355 5648//355
f 5861//355 5867//355 5654//355
f 5867//355 5660//355 5654//355
f 5655//355 5868//355 5651//355
f 5868//355 5864//355 5651//355
f 5858//7451 5869//7451 5857//7451
f 5869//7452 5865//7452 5857//7452
f 5863//3697 5870//3697 5855//3697
f 5870//3697 5859//3697 5855//3697
f 5860//7451 5871//7451 5861//7451
f 5871//7452 5867//7452 5861//7452
f 5864//3697 5872//3697 5856//3697
f 5872//3697 5862//3697 5856//3697
f 5865//355 5873//355 5657//355
f 5873//355 5659//355 5657//355
f 5659//355 5874//355 5653//355
f 5874//355 5866//355 5653//355
f 5867//355 5875//355 5660//355
f 5875//355 5661//355 5660//355
f 5661//355 5876//355 5655//355
f 5876//355 5868//355 5655//355
f 5873//355 5874//355 5659//355
f 5875//355 5876//355 5661//355
f 5869//7453 5877//7453 5865//7453
f 5877//4075 5873//4075 5865//4075
f 5866//7454 5878//7454 5863//7454
f 5878//3988 5870//3988 5863//3988
f 5871//7452 5879//7452 5867//7452
f 5879//4075 5875//4075 5867//4075
f 5868//3988 5880//3988 5864//3988
f 5880//3988 5872//3988 5864//3988
f 5877//4075 5881//4075 5873//4075
f 5881//7455 5874//7455 5873//7455
f 5874//3874 5882//3874 5866//3874
f 5882//3874 5878//3874 5866//3874
f 5879//4075 5883//4075 5875//4075
f 5883//7455 5876//7455 5875//7455
f 5876//3874 5884//3874 5868//3874
f 5884//3874 5880//3874 5868//3874
f 5881//7455 5882//7455 5874//7455
f 5883//7455 5884//7455 5876//7455
f 5885//7456 5886//7456 5887//7456
f 5888//3870 5885//3870 5887//3870
f 5889//3870 5888//3870 5887//3870
f 5662//355 5889//355 5887//355
f 5666//355 5662//355 5887//355
f 5886//355 5666//355 5887//355
f 5890//7456 5891//7456 5892//7456
f 5893//3870 5890//3870 5892//3870
f 5894//3870 5893//3870 5892//3870
f 5668//355 5664//355 5892//355
f 5891//355 5668//355 5892//355
f 5664//355 5894//355 5892//355
f 5885//7456 5895//7456 5886//7456
f 5895//7457 5896//7457 5886//7457
f 5670//355 5666//355 5886//355
f 5896//355 5670//355 5886//355
f 5897//7458 5888//7458 5889//7458
f 5898//7459 5897//7459 5889//7459
f 5663//355 5898//355 5889//355
f 5662//355 5663//355 5889//355
f 5890//7456 5899//7456 5891//7456
f 5899//7457 5900//7457 5891//7457
f 5672//355 5668//355 5891//355
f 5900//355 5672//355 5891//355
f 5901//7459 5893//7459 5894//7459
f 5902//7458 5901//7458 5894//7458
f 5665//355 5902//355 5894//355
f 5664//355 5665//355 5894//355
f 5895//7457 5903//7457 5896//7457
f 5903//7460 5904//7460 5896//7460
f 5674//355 5670//355 5896//355
f 5904//355 5674//355 5896//355
f 5905//3733 5897//3733 5898//3733
f 5906//3733 5905//3733 5898//3733
f 5667//355 5906//355 5898//355
f 5663//355 5667//355 5898//355
f 5899//7457 5907//7457 5900//7457
f 5907//7461 5908//7461 5900//7461
f 5677//355 5672//355 5900//355
f 5908//355 5677//355 5900//355
f 5909//3733 5901//3733 5902//3733
f 5910//3733 5909//3733 5902//3733
f 5669//355 5910//355 5902//355
f 5665//355 5669//355 5902//355
f 5903//7461 5911//7461 5904//7461
f 5911//3723 5912//3723 5904//3723
f 5680//355 5674//355 5904//355
f 5912//355 5680//355 5904//355
f 5913//7445 5905//7445 5906//7445
f 5914//7445 5913//7445 5906//7445
f 5671//355 5914//355 5906//355
f 5667//355 5671//355 5906//355
f 5907//7461 5915//7461 5908//7461
f 5915//3723 5916//3723 5908//3723
f 5682//355 5677//355 5908//355
f 5916//355 5682//355 5908//355
f 5917//7445 5909//7445 5910//7445
f 5918//7445 5917//7445 5910//7445
f 5673//355 5918//355 5910//355
f 5669//355 5673//355 5910//355
f 5676//355 5914//355 5671//355
f 5678//355 5918//355 5673//355
f 5911//3724 5919//3724 5912//3724
f 5919//1 5920//1 5912//1
f 5685//355 5680//355 5912//355
f 5920//355 5685//355 5912//355
f 5921//254 5913//254 5914//254
f 5922//254 5921//254 5914//254
f 5676//355 5922//355 5914//355
f 5915//3724 5923//3724 5916//3724
f 5923//1 5924//1 5916//1
f 5689//355 5682//355 5916//355
f 5924//355 5689//355 5916//355
f 5925//254 5917//254 5918//254
f 5926//254 5925//254 5918//254
f 5678//355 5926//355 5918//355
f 5681//355 5922//355 5676//355
f 5684//355 5926//355 5678//355
f 5920//355 5692//355 5685//355
f 5688//355 5927//355 5681//355
f 5927//355 5922//355 5681//355
f 5924//355 5694//355 5689//355
f 5690//355 5928//355 5684//355
f 5928//355 5926//355 5684//355
f 5919//1 5929//1 5920//1
f 5929//7449 5930//7449 5920//7449
f 5930//355 5692//355 5920//355
f 5931//7462 5921//7462 5922//7462
f 5927//7463 5931//7463 5922//7463
f 5923//1 5932//1 5924//1
f 5932//7449 5933//7449 5924//7449
f 5933//355 5694//355 5924//355
f 5934//7464 5925//7464 5926//7464
f 5928//7463 5934//7463 5926//7463
f 5930//355 5697//355 5692//355
f 5693//355 5935//355 5688//355
f 5935//355 5927//355 5688//355
f 5933//355 5700//355 5694//355
f 5696//355 5936//355 5690//355
f 5936//355 5928//355 5690//355
f 5930//355 5937//355 5697//355
f 5937//355 5702//355 5697//355
f 5699//355 5938//355 5693//355
f 5938//355 5935//355 5693//355
f 5933//355 5939//355 5700//355
f 5939//355 5704//355 5700//355
f 5701//355 5940//355 5696//355
f 5940//355 5936//355 5696//355
f 5929//7465 5941//7465 5930//7465
f 5941//7466 5937//7466 5930//7466
f 5942//7467 5931//7467 5927//7467
f 5935//7468 5942//7468 5927//7468
f 5932//7465 5943//7465 5933//7465
f 5943//7466 5939//7466 5933//7466
f 5944//7467 5934//7467 5928//7467
f 5936//7469 5944//7469 5928//7469
f 5937//355 5945//355 5702//355
f 5945//355 5703//355 5702//355
f 5703//355 5946//355 5699//355
f 5946//355 5938//355 5699//355
f 5939//355 5947//355 5704//355
f 5947//355 5705//355 5704//355
f 5705//355 5948//355 5701//355
f 5948//355 5940//355 5701//355
f 5945//355 5946//355 5703//355
f 5947//355 5948//355 5705//355
f 5949//7470 5945//7470 5937//7470
f 5941//7471 5949//7471 5937//7471
f 5950//7472 5942//7472 5935//7472
f 5938//7473 5950//7473 5935//7473
f 5951//7474 5947//7474 5939//7474
f 5943//7475 5951//7475 5939//7475
f 5952//7472 5944//7472 5936//7472
f 5940//7473 5952//7473 5936//7473
f 5953//7476 5946//7476 5945//7476
f 5954//7477 5953//7477 5945//7477
f 5949//7478 5954//7478 5945//7478
f 5955//7479 5950//7479 5938//7479
f 5946//7480 5955//7480 5938//7480
f 5956//7476 5948//7476 5947//7476
f 5957//7477 5956//7477 5947//7477
f 5951//7481 5957//7481 5947//7481
f 5958//7479 5952//7479 5940//7479
f 5948//7480 5958//7480 5940//7480
f 5953//7482 5959//7482 5946//7482
f 5959//7483 5955//7483 5946//7483
f 5956//7482 5960//7482 5948//7482
f 5960//7483 5958//7483 5948//7483
f 5961//2168 5962//2168 5773//2168
f 5963//7484 5961//7484 5773//7484
f 5772//7485 5963//7485 5773//7485
f 5962//254 5964//254 5773//254
f 5964//254 5774//254 5773//254
f 5965//7486 5966//7486 5772//7486
f 5967//7487 5963//7487 5772//7487
f 5966//7488 5967//7488 5772//7488
f 5968//7489 5965//7489 5772//7489
f 5969//1 5968//1 5772//1
f 5970//1 5969//1 5772//1
f 5777//1 5971//1 5772//1
f 5971//2935 5970//2935 5772//2935
f 5717//7490 5786//7490 5718//7490
f 5717//7490 5972//7490 5786//7490
f 5972//1 5787//1 5786//1
f 5788//7491 5973//7491 5735//7491
f 5973//7491 5736//7491 5735//7491
f 5727//1 5974//1 5788//1
f 5974//1 5973//1 5788//1
f 5760//7490 5789//7490 5757//7490
f 5760//7490 5975//7490 5789//7490
f 5975//1 5790//1 5789//1
f 5791//7491 5976//7491 5777//7491
f 5976//7491 5971//7491 5777//7491
f 5771//1 5977//1 5791//1
f 5977//1 5976//1 5791//1
f 5978//7492 5709//7492 5792//7492
f 5793//254 5978//254 5792//254
f 5978//7492 5805//7492 5709//7492
f 5732//7493 5795//7493 5794//7493
f 5733//7493 5732//7493 5794//7493
f 5979//7492 5752//7492 5796//7492
f 5797//254 5979//254 5796//254
f 5979//7492 5753//7492 5752//7492
f 5774//7493 5799//7493 5798//7493
f 5775//7493 5774//7493 5798//7493
f 5781//7494 5980//7494 5779//7494
f 5980//7495 5981//7495 5779//7495
f 5981//7495 5793//7495 5779//7495
f 5781//7494 5982//7494 5980//7494
f 5982//254 5983//254 5980//254
f 5983//254 5981//254 5980//254
f 5984//7494 5727//7494 5985//7494
f 5787//7495 5986//7495 5985//7495
f 5727//7495 5787//7495 5985//7495
f 5986//1 5984//1 5985//1
f 5984//7494 5974//7494 5727//7494
f 5785//7494 5987//7494 5783//7494
f 5987//7495 5988//7495 5783//7495
f 5988//7495 5797//7495 5783//7495
f 5785//7494 5989//7494 5987//7494
f 5989//254 5988//254 5987//254
f 5990//7494 5771//7494 5991//7494
f 5790//7495 5992//7495 5991//7495
f 5771//7495 5790//7495 5991//7495
f 5992//1 5993//1 5991//1
f 5993//1 5990//1 5991//1
f 5990//7494 5977//7494 5771//7494
f 5809//7496 5972//7496 5717//7496
f 5809//7496 5994//7496 5972//7496
f 5994//1 5787//1 5972//1
f 5973//7497 5995//7497 5736//7497
f 5995//7497 5737//7497 5736//7497
f 5974//1 5995//1 5973//1
f 5759//7496 5975//7496 5760//7496
f 5759//7496 5996//7496 5975//7496
f 5996//1 5790//1 5975//1
f 5976//7497 5997//7497 5971//7497
f 5997//7497 5970//7497 5971//7497
f 5977//1 5997//1 5976//1
f 5743//7498 5998//7498 5744//7498
f 5998//7499 5999//7499 5744//7499
f 5999//7499 5762//7499 5744//7499
f 5743//7498 6000//7498 5998//7498
f 5599//1 5999//1 5998//1
f 6001//1 5599//1 5998//1
f 6000//1 6001//1 5998//1
f 6002//744 5805//744 5978//744
f 5793//254 6002//254 5978//254
f 6002//744 5804//744 5805//744
f 5731//7500 6003//7500 5795//7500
f 5732//7501 5731//7501 5795//7501
f 6003//254 5781//254 5795//254
f 6004//744 5753//744 5979//744
f 5797//254 6004//254 5979//254
f 6005//254 5749//254 5753//254
f 6004//744 6005//744 5753//744
f 5964//435 6006//435 5799//435
f 5774//435 5964//435 5799//435
f 6006//254 5785//254 5799//254
f 5742//7502 6000//7502 5743//7502
f 5742//7503 6007//7503 6000//7503
f 6008//1 6001//1 6000//1
f 6007//1 6008//1 6000//1
f 6009//1 6010//1 5762//1
f 6010//1 5761//1 5762//1
f 5999//7504 6011//7504 5762//7504
f 6011//7504 6009//7504 5762//7504
f 6012//1 6011//1 5999//1
f 5599//1 6012//1 5999//1
f 6013//254 6002//254 5793//254
f 5981//2168 5983//2168 5793//2168
f 5983//2168 6013//2168 5793//2168
f 6014//2168 6015//2168 5986//2168
f 5787//2168 6014//2168 5986//2168
f 6015//1 5984//1 5986//1
f 5994//1 6014//1 5787//1
f 6003//254 6016//254 5781//254
f 6016//2169 5982//2169 5781//2169
f 6016//2169 6017//2169 5982//2169
f 6017//254 6018//254 5982//254
f 6018//254 5983//254 5982//254
f 6019//2169 5974//2169 5984//2169
f 6015//1 6019//1 5984//1
f 6020//1 6021//1 5974//1
f 6021//1 5995//1 5974//1
f 6019//2169 6020//2169 5974//2169
f 6022//254 6004//254 5797//254
f 5988//2168 6023//2168 5797//2168
f 6023//2168 6022//2168 5797//2168
f 5989//254 6024//254 5988//254
f 6024//254 6023//254 5988//254
f 6025//2168 6026//2168 5992//2168
f 5790//2168 6025//2168 5992//2168
f 6026//1 6027//1 5992//1
f 6027//1 5993//1 5992//1
f 5996//1 6025//1 5790//1
f 6006//254 6028//254 5785//254
f 6028//2169 5989//2169 5785//2169
f 6028//2169 6024//2169 5989//2169
f 5993//2169 5977//2169 5990//2169
f 6029//1 6030//1 5977//1
f 6030//1 5997//1 5977//1
f 5993//2169 6029//2169 5977//2169
f 5808//2169 5994//2169 5809//2169
f 5808//2169 6031//2169 5994//2169
f 6031//1 6014//1 5994//1
f 6032//1 5738//1 5737//1
f 5995//2168 6021//2168 5737//2168
f 6021//2168 6032//2168 5737//2168
f 5758//1 6033//1 5759//1
f 6033//2169 5996//2169 5759//2169
f 6033//2169 6034//2169 5996//2169
f 6034//1 6025//1 5996//1
f 5997//2168 6030//2168 5970//2168
f 6030//2168 5969//2168 5970//2168
f 6035//1 6036//1 6037//1
f 6038//1 6039//1 6037//1
f 6040//1 6035//1 6037//1
f 6039//1 6040//1 6037//1
f 5840//5151 6038//5151 6037//5151
f 6036//355 5919//355 6037//355
f 5919//355 5911//355 6037//355
f 5911//355 5903//355 6037//355
f 5848//355 5840//355 6037//355
f 5858//355 5848//355 6037//355
f 5903//355 5877//355 6037//355
f 5877//355 5869//355 6037//355
f 5869//355 5858//355 6037//355
f 5851//355 5843//355 5834//355
f 5860//355 5851//355 5834//355
f 5842//355 5915//355 5834//355
f 5915//355 5879//355 5834//355
f 5879//355 5871//355 5834//355
f 5871//355 5860//355 5834//355
f 5846//355 6041//355 5838//355
f 5586//254 6042//254 6041//254
f 6043//254 5586//254 6041//254
f 6042//5151 5838//5151 6041//5151
f 5846//355 5854//355 6041//355
f 5854//355 5862//355 6041//355
f 5909//355 6043//355 6041//355
f 5901//355 5909//355 6041//355
f 5862//355 5901//355 6041//355
f 5850//355 5915//355 5842//355
f 5859//355 5888//355 5850//355
f 5888//355 5897//355 5850//355
f 5897//355 5905//355 5850//355
f 5905//355 5915//355 5850//355
f 5870//355 5888//355 5859//355
f 5872//355 5901//355 5862//355
f 5903//355 5881//355 5877//355
f 5878//355 5888//355 5870//355
f 5915//355 5883//355 5879//355
f 5880//355 5901//355 5872//355
f 5895//355 5882//355 5881//355
f 5903//355 5895//355 5881//355
f 5885//355 5888//355 5878//355
f 5882//355 5885//355 5878//355
f 5915//355 5907//355 5883//355
f 5907//355 5899//355 5883//355
f 5899//355 5884//355 5883//355
f 5884//355 5890//355 5880//355
f 5890//355 5893//355 5880//355
f 5893//355 5901//355 5880//355
f 5895//355 5885//355 5882//355
f 5899//355 5890//355 5884//355
f 5913//355 5915//355 5905//355
f 5913//355 5923//355 5915//355
f 5917//355 6043//355 5909//355
f 6036//355 5929//355 5919//355
f 5932//355 5923//355 5913//355
f 5921//355 5932//355 5913//355
f 5925//355 6043//355 5917//355
f 6036//355 5941//355 5929//355
f 5931//355 5932//355 5921//355
f 5931//355 5943//355 5932//355
f 5934//355 6043//355 5925//355
f 6035//1 6044//1 6036//1
f 6044//7505 5941//7505 6036//7505
f 6045//254 6046//254 6043//254
f 5595//254 5586//254 6043//254
f 6046//254 5595//254 6043//254
f 5934//7505 6045//7505 6043//7505
f 6047//7506 5804//7506 6002//7506
f 6013//254 6047//254 6002//254
f 6048//5705 5802//5705 5804//5705
f 6047//7506 6048//7506 5804//7506
f 6049//7507 6050//7507 6003//7507
f 5731//7508 6049//7508 6003//7508
f 6050//254 6016//254 6003//254
f 6051//7509 5745//7509 5747//7509
f 5749//7510 6051//7510 5747//7510
f 6005//254 6052//254 5749//254
f 6052//7510 6051//7510 5749//7510
f 6053//7506 6005//7506 6004//7506
f 6022//254 6053//254 6004//254
f 6054//5705 6052//5705 6005//5705
f 6053//7506 6054//7506 6005//7506
f 6055//7507 6056//7507 6006//7507
f 5964//7507 6055//7507 6006//7507
f 6056//254 6028//254 6006//254
f 5962//7184 6055//7184 5964//7184
f 5748//7511 6057//7511 5730//7511
f 6057//7511 5731//7511 5730//7511
f 6057//7184 6049//7184 5731//7184
f 5741//1 6058//1 5742//1
f 6058//7512 6007//7512 5742//7512
f 6058//7512 6059//7512 6007//7512
f 6059//1 6008//1 6007//1
f 6060//1 6010//1 6009//1
f 6011//7513 6061//7513 6009//7513
f 6061//7513 6060//7513 6009//7513
f 6012//1 6062//1 6011//1
f 6062//1 6061//1 6011//1
f 5832//5151 6038//5151 5840//5151
f 5826//5151 5834//5151 5843//5151
f 5835//5151 5826//5151 5843//5151
f 5942//3747 5943//3747 5931//3747
f 5944//3747 6045//3747 5934//3747
f 6042//5151 5830//5151 5838//5151
f 6044//3747 5949//3747 5941//3747
f 5942//3747 5951//3747 5943//3747
f 5807//1 6063//1 5808//1
f 6063//7514 6031//7514 5808//7514
f 6063//7514 6064//7514 6031//7514
f 6064//1 6014//1 6031//1
f 6065//1 5738//1 6032//1
f 6066//1 6065//1 6032//1
f 6021//7515 6067//7515 6032//7515
f 6067//7515 6066//7515 6032//7515
f 6020//1 6067//1 6021//1
f 5758//1 6068//1 6033//1
f 6068//7514 6034//7514 6033//7514
f 6068//7514 6069//7514 6034//7514
f 6069//1 6025//1 6034//1
f 6070//1 5968//1 5969//1
f 6030//7515 6071//7515 5969//7515
f 6071//7515 6070//7515 5969//7515
f 6029//1 6071//1 6030//1
f 6072//7511 5741//7511 5738//7511
f 6065//7511 6072//7511 5738//7511
f 6072//1 6058//1 5741//1
f 6073//1 6068//1 5758//1
f 5761//7510 6073//7510 5758//7510
f 6010//7510 6073//7510 5761//7510
f 5815//7516 5825//7516 5835//7516
f 5825//5151 5826//5151 5835//5151
f 5956//3747 5957//3747 5942//3747
f 5957//3747 5951//3747 5942//3747
f 6074//254 6047//254 6013//254
f 6075//254 6074//254 6013//254
f 6076//254 6075//254 6013//254
f 5983//3088 6018//3088 6013//3088
f 6018//3088 6076//3088 6013//3088
f 6077//3088 6078//3088 6015//3088
f 6014//3088 6077//3088 6015//3088
f 6078//1 6019//1 6015//1
f 6064//1 6079//1 6014//1
f 6079//1 6077//1 6014//1
f 6050//254 6080//254 6016//254
f 6081//254 6076//254 6016//254
f 6082//254 6081//254 6016//254
f 6080//254 6082//254 6016//254
f 6076//7517 6017//7517 6016//7517
f 6076//7517 6018//7517 6017//7517
f 6078//7517 6020//7517 6019//7517
f 6077//1 6083//1 6020//1
f 6083//1 6067//1 6020//1
f 6078//7517 6077//7517 6020//7517
f 6084//254 6053//254 6022//254
f 6085//254 6084//254 6022//254
f 6086//254 6085//254 6022//254
f 6023//3088 6087//3088 6022//3088
f 6087//3088 6086//3088 6022//3088
f 6024//254 6087//254 6023//254
f 6088//3088 6027//3088 6026//3088
f 6025//3088 6088//3088 6026//3088
f 6069//1 6089//1 6025//1
f 6089//1 6088//1 6025//1
f 6056//254 6090//254 6028//254
f 6091//254 6086//254 6028//254
f 6092//254 6091//254 6028//254
f 6090//254 6092//254 6028//254
f 6086//7517 6024//7517 6028//7517
f 6086//7517 6087//7517 6024//7517
f 6027//7517 6029//7517 5993//7517
f 6088//1 6093//1 6029//1
f 6093//1 6071//1 6029//1
f 6027//7517 6088//7517 6029//7517
f 6094//7518 6012//7518 6095//7518
f 6012//7519 5599//7519 6095//7519
f 5599//7520 6096//7520 6095//7520
f 6097//1 6094//1 6095//1
f 6096//1 6097//1 6095//1
f 6001//7521 6096//7521 5599//7521
f 6098//7522 6048//7522 6047//7522
f 6074//5705 6098//5705 6047//5705
f 6099//7184 5802//7184 6048//7184
f 6098//7522 6099//7522 6048//7522
f 6100//7523 6080//7523 6050//7523
f 6049//7523 6100//7523 6050//7523
f 6057//254 6100//254 6049//254
f 6101//7522 6054//7522 6053//7522
f 6084//5705 6101//5705 6053//5705
f 6102//254 6052//254 6054//254
f 6103//254 6102//254 6054//254
f 6101//7522 6103//7522 6054//7522
f 6104//7523 6090//7523 6056//7523
f 6055//7523 6104//7523 6056//7523
f 5962//254 6104//254 6055//254
f 5823//5151 6038//5151 5832//5151
f 5816//5151 5815//5151 5835//5151
f 5950//3747 5956//3747 5942//3747
f 5952//3747 6045//3747 5944//3747
f 6042//5151 5828//5151 5830//5151
f 6044//3747 5954//3747 5949//3747
f 6105//7524 6106//7524 5748//7524
f 6106//7524 6057//7524 5748//7524
f 5746//5705 6105//5705 5748//5705
f 6106//254 6100//254 6057//254
f 6107//7525 5745//7525 6051//7525
f 6052//7526 6107//7526 6051//7526
f 6102//7526 6107//7526 6052//7526
f 6001//7527 6108//7527 6096//7527
f 6109//1 6097//1 6096//1
f 6108//1 6109//1 6096//1
f 6008//7527 6108//7527 6001//7527
f 6110//7528 6062//7528 6094//7528
f 6062//7528 6012//7528 6094//7528
f 6111//1 6110//1 6094//1
f 6097//1 6111//1 6094//1
f 5807//1 6112//1 6063//1
f 6112//7529 6064//7529 6063//7529
f 6112//7529 6079//7529 6064//7529
f 6113//1 6065//1 6066//1
f 6114//1 6113//1 6066//1
f 6067//7530 6083//7530 6066//7530
f 6083//7530 6114//7530 6066//7530
f 6073//1 6115//1 6068//1
f 6115//7529 6069//7529 6068//7529
f 6115//7529 6089//7529 6069//7529
f 6116//1 5968//1 6070//1
f 6071//7530 6093//7530 6070//7530
f 6093//7530 6116//7530 6070//7530
f 6038//7531 5814//7531 5816//7531
f 5814//7532 5815//7532 5816//7532
f 6045//7533 5960//7533 5950//7533
f 5960//3747 5956//3747 5950//3747
f 6072//1 6117//1 6058//1
f 6117//7534 6059//7534 6058//7534
f 6117//7534 6118//7534 6059//7534
f 6119//1 6008//1 6059//1
f 6118//1 6119//1 6059//1
f 6120//1 6010//1 6060//1
f 6121//1 6120//1 6060//1
f 6061//7535 6122//7535 6060//7535
f 6122//7535 6121//7535 6060//7535
f 6062//1 6122//1 6061//1
f 5813//5151 6038//5151 5823//5151
f 5955//3747 6045//3747 5950//3747
f 5958//3747 6045//3747 5952//3747
f 6042//7536 5820//7536 5828//7536
f 6044//3747 5953//3747 5954//3747
f 6123//7524 6072//7524 6065//7524
f 6113//7524 6123//7524 6065//7524
f 6123//1 6117//1 6072//1
f 6124//1 6115//1 6073//1
f 6010//7526 6124//7526 6073//7526
f 6120//7526 6124//7526 6010//7526
f 6081//254 6075//254 6076//254
f 6079//1 6125//1 6077//1
f 6125//1 6126//1 6077//1
f 6126//1 6127//1 6077//1
f 6127//1 6083//1 6077//1
f 6091//254 6085//254 6086//254
f 6089//1 6128//1 6088//1
f 6128//1 6129//1 6088//1
f 6129//1 6130//1 6088//1
f 6130//1 6093//1 6088//1
f 6042//7532 5819//7532 5820//7532
f 6044//7183 5959//7183 5953//7183
f 5814//7537 6038//7537 5813//7537
f 5819//7538 6038//7538 5816//7538
f 5959//7539 6045//7539 5955//7539
f 5960//7183 6045//7183 5958//7183
f 6074//377 6099//377 6098//377
f 6131//254 5802//254 6099//254
f 6074//7540 6131//7540 6099//7540
f 6132//376 6082//376 6080//376
f 6100//7541 6132//7541 6080//7541
f 6106//7184 6132//7184 6100//7184
f 6084//377 6103//377 6101//377
f 6133//254 6102//254 6103//254
f 6134//5705 6133//5705 6103//5705
f 6084//7540 6134//7540 6103//7540
f 6135//376 6092//376 6090//376
f 6104//7541 6135//7541 6090//7541
f 5962//254 6135//254 6104//254
f 6042//7542 6038//7542 5819//7542
f 6044//7543 6045//7543 5959//7543
f 6136//3671 6137//3671 6105//3671
f 6137//3671 6106//3671 6105//3671
f 5746//254 6136//254 6105//254
f 6137//254 6132//254 6106//254
f 6138//7544 6139//7544 6107//7544
f 6139//7545 5745//7545 6107//7545
f 6102//2505 6138//2505 6107//2505
f 6133//2505 6138//2505 6102//2505
f 5807//1 6140//1 6112//1
f 6140//7546 6079//7546 6112//7546
f 6140//7546 6125//7546 6079//7546
f 6141//1 6113//1 6114//1
f 6142//1 6141//1 6114//1
f 6083//6171 6127//6171 6114//6171
f 6127//6171 6142//6171 6114//6171
f 6124//1 6143//1 6115//1
f 6143//7546 6089//7546 6115//7546
f 6143//7546 6128//7546 6089//7546
f 6144//1 5968//1 6116//1
f 6093//6171 6130//6171 6116//6171
f 6130//6171 6144//6171 6116//6171
f 6008//5151 6145//5151 6108//5151
f 6146//1 6109//1 6108//1
f 6145//1 6146//1 6108//1
f 6119//5151 6145//5151 6008//5151
f 6147//3747 6148//3747 6110//3747
f 6148//3747 6062//3747 6110//3747
f 6149//1 6147//1 6110//1
f 6111//1 6149//1 6110//1
f 6148//1 6122//1 6062//1
f 6150//254 6042//254 5586//254
f 5555//254 6150//254 5586//254
f 5595//7547 6111//7547 5586//7547
f 6111//7548 6097//7548 5586//7548
f 6097//7549 5555//7549 5586//7549
f 6109//615 5555//615 6097//615
f 6151//7550 5600//7550 5595//7550
f 6046//254 6151//254 5595//254
f 5600//262 6149//262 5595//262
f 6149//262 6111//262 5595//262
f 6075//262 6131//262 6074//262
f 6152//254 5802//254 6131//254
f 6153//254 6152//254 6131//254
f 6075//262 6153//262 6131//262
f 6154//615 6081//615 6082//615
f 6132//615 6154//615 6082//615
f 6137//254 6154//254 6132//254
f 6085//262 6134//262 6084//262
f 6155//254 6133//254 6134//254
f 6156//5705 6155//5705 6134//5705
f 6085//262 6156//262 6134//262
f 6157//615 6091//615 6092//615
f 6135//615 6157//615 6092//615
f 5962//254 6157//254 6135//254
f 6158//1 6039//1 6038//1
f 6042//7551 6150//7551 6038//7551
f 6150//7552 6158//7552 6038//7552
f 6035//7553 6045//7553 6044//7553
f 6035//7554 6046//7554 6045//7554
f 6159//3671 6123//3671 6113//3671
f 6141//3671 6159//3671 6113//3671
f 6159//1 6160//1 6123//1
f 6160//1 6117//1 6123//1
f 6161//1 6143//1 6124//1
f 6120//2505 6161//2505 6124//2505
f 6121//1 6162//1 6120//1
f 6162//2505 6161//2505 6120//2505
f 5807//1 6163//1 6140//1
f 6163//7555 6125//7555 6140//7555
f 6163//7555 6126//7555 6125//7555
f 6163//1 6164//1 6142//1
f 6165//1 6141//1 6142//1
f 6164//1 6165//1 6142//1
f 6127//7556 6126//7556 6142//7556
f 6126//7556 6163//7556 6142//7556
f 6166//1 6167//1 6143//1
f 6161//1 6166//1 6143//1
f 6167//7555 6128//7555 6143//7555
f 6167//7555 6129//7555 6128//7555
f 6167//1 6168//1 6144//1
f 6168//1 5968//1 6144//1
f 6130//7556 6129//7556 6144//7556
f 6129//7556 6167//7556 6144//7556
f 6169//7557 6170//7557 6136//7557
f 6170//7557 6137//7557 6136//7557
f 5746//254 6169//254 6136//254
f 6170//254 6154//254 6137//254
f 6171//7558 6172//7558 6138//7558
f 6172//7559 6139//7559 6138//7559
f 6133//7560 6171//7560 6138//7560
f 6155//7560 6171//7560 6133//7560
f 6081//355 6153//355 6075//355
f 6170//254 6152//254 6153//254
f 6154//254 6170//254 6153//254
f 6081//355 6154//355 6153//355
f 6091//355 6156//355 6085//355
f 6173//254 6155//254 6156//254
f 6157//254 6173//254 6156//254
f 6091//355 6157//355 6156//355
f 5962//254 6173//254 6157//254
f 5807//1 6164//1 6163//1
f 6166//1 6168//1 6167//1
f 6174//254 6150//254 5555//254
f 5524//254 6174//254 5555//254
f 6109//376 5524//376 5555//376
f 6146//376 5524//376 6109//376
f 6151//254 5598//254 5600//254
f 5598//7561 6175//7561 5600//7561
f 6175//377 6149//377 5600//377
f 6175//1 6147//1 6149//1
f 6176//7562 6152//7562 6169//7562
f 6152//7562 6170//7562 6169//7562
f 5746//254 6176//254 6169//254
f 6177//7563 6178//7563 6171//7563
f 6178//7564 6172//7564 6171//7564
f 6155//7565 6177//7565 6171//7565
f 6173//7565 6177//7565 6155//7565
f 6179//7557 6159//7557 6141//7557
f 6165//7557 6179//7557 6141//7557
f 6179//1 6180//1 6159//1
f 6180//1 6160//1 6159//1
f 6162//7560 6166//7560 6161//7560
f 6181//1 6182//1 6162//1
f 6121//1 6183//1 6162//1
f 6183//1 6181//1 6162//1
f 6182//7560 6166//7560 6162//7560
f 6184//2169 6185//2169 6186//2169
f 6185//2169 6187//2169 6186//2169
f 6187//2169 5802//2169 6186//2169
f 5802//468 6176//468 6186//468
f 6188//7566 6189//7566 6186//7566
f 6189//7567 6184//7567 6186//7567
f 6176//254 5746//254 6186//254
f 5746//254 6188//254 6186//254
f 6187//2169 5800//2169 5802//2169
f 6152//468 6176//468 5802//468
f 6160//7568 6118//7568 6117//7568
f 6160//7568 6190//7568 6118//7568
f 6191//1 6119//1 6118//1
f 6190//1 6191//1 6118//1
f 6192//1 6183//1 6121//1
f 6122//7569 6193//7569 6121//7569
f 6193//7569 6192//7569 6121//7569
f 6148//1 6193//1 6122//1
f 6194//7570 6178//7570 6177//7570
f 6173//468 6194//468 6177//468
f 5962//468 6194//468 6173//468
f 6195//7571 6196//7571 6194//7571
f 5962//7572 6197//7572 6194//7572
f 6197//7573 6195//7573 6194//7573
f 6196//7574 6198//7574 6194//7574
f 6198//7574 6199//7574 6194//7574
f 6199//7575 6178//7575 6194//7575
f 5961//7576 6197//7576 5962//7576
f 6119//7577 6200//7577 6145//7577
f 6201//1 6146//1 6145//1
f 6200//1 6201//1 6145//1
f 6191//7577 6200//7577 6119//7577
f 6202//7578 6203//7578 6147//7578
f 6203//7578 6148//7578 6147//7578
f 6175//1 6202//1 6147//1
f 6203//1 6193//1 6148//1
f 6204//7562 6179//7562 6165//7562
f 6164//7562 6204//7562 6165//7562
f 6204//1 6180//1 6179//1
f 6182//7565 6168//7565 6166//7565
f 6181//1 6205//1 6182//1
f 6205//7565 6168//7565 6182//7565
f 6206//2169 6207//2169 5807//2169
f 5806//2169 6208//2169 5807//2169
f 6208//2169 6209//2169 5807//2169
f 6209//2169 6206//2169 5807//2169
f 6204//468 6164//468 5807//468
f 6207//468 6204//468 5807//468
f 6206//2169 6210//2169 6207//2169
f 6210//1 6211//1 6207//1
f 6211//1 6212//1 6207//1
f 6212//2935 6213//2935 6207//2935
f 6213//1 6214//1 6207//1
f 6214//1 6215//1 6207//1
f 6215//1 6180//1 6207//1
f 6180//1 6204//1 6207//1
f 6205//468 6216//468 6168//468
f 6216//468 5968//468 6168//468
f 6217//1 6216//1 6205//1
f 6181//1 6217//1 6205//1
f 6216//7579 6218//7579 5968//7579
f 6218//7580 5965//7580 5968//7580
f 6219//7581 6218//7581 6216//7581
f 6220//7582 6219//7582 6216//7582
f 6221//2168 6220//2168 6216//2168
f 6222//2168 6221//2168 6216//2168
f 6223//1 6224//1 6216//1
f 6225//1 6222//1 6216//1
f 6226//1 6225//1 6216//1
f 6224//2971 6226//2971 6216//2971
f 6217//1 6223//1 6216//1
f 6227//2169 5801//2169 5800//2169
f 6228//2169 6227//2169 5800//2169
f 6229//7583 6230//7583 6187//7583
f 6230//7584 5800//7584 6187//7584
f 6231//7585 6232//7585 5803//7585
f 6232//7586 5806//7586 5803//7586
f 6229//7587 6233//7587 6230//7587
f 6234//7588 5800//7588 6230//7588
f 6233//7589 6234//7589 6230//7589
f 6235//7590 6232//7590 6231//7590
f 6236//7591 5806//7591 6232//7591
f 6235//7589 6236//7589 6232//7589
f 6237//7592 6197//7592 6238//7592
f 6239//7593 6237//7593 6238//7593
f 6197//7594 5961//7594 6238//7594
f 6240//7595 5966//7595 6241//7595
f 6242//7596 6240//7596 6241//7596
f 5966//7597 5965//7597 6241//7597
f 5965//7598 6243//7598 6241//7598
f 6243//7599 6242//7599 6241//7599
f 5479//254 6174//254 5524//254
f 6146//7523 5479//7523 5524//7523
f 6201//7523 5479//7523 6146//7523
f 6151//254 5594//254 5598//254
f 5594//7600 6244//7600 5598//7600
f 6244//7601 6175//7601 5598//7601
f 6244//1 6202//1 6175//1
f 6245//1 6039//1 6158//1
f 6246//1 6247//1 6158//1
f 6247//1 6245//1 6158//1
f 6040//1 6248//1 6035//1
f 6234//7602 6228//7602 5800//7602
f 5801//7603 6231//7603 5803//7603
f 5961//7604 6249//7604 6238//7604
f 6249//7605 6239//7605 6238//7605
f 6250//7606 5966//7606 6240//7606
f 6242//7607 6250//7607 6240//7607
f 5963//7608 6249//7608 5961//7608
f 6251//2971 6246//2971 6158//2971
f 6150//7609 6251//7609 6158//7609
f 6174//254 6252//254 6150//254
f 6252//1708 6251//1708 6150//1708
f 6253//7610 6046//7610 6035//7610
f 6253//254 6151//254 6046//254
f 6254//2168 5967//2168 5966//2168
f 6185//7611 6229//7611 6187//7611
f 6255//7612 6231//7612 5801//7612
f 6256//7613 6228//7613 6234//7613
f 6233//7614 6256//7614 6234//7614
f 6255//7615 6235//7615 6231//7615
f 6257//7616 5806//7616 6236//7616
f 6235//7614 6257//7614 6236//7614
f 6195//7617 6197//7617 6237//7617
f 6254//7606 5966//7606 6250//7606
f 5965//7618 6258//7618 6243//7618
f 6258//7619 6242//7619 6243//7619
f 5967//7620 6249//7620 5963//7620
f 6218//7621 6258//7621 5965//7621
f 6259//7622 6253//7622 6035//7622
f 6248//1 6259//1 6035//1
f 6260//2168 5967//2168 6254//2168
f 6261//7623 6229//7623 6185//7623
f 6227//7624 6255//7624 5801//7624
f 6257//7625 6208//7625 5806//7625
f 6261//7626 6233//7626 6229//7626
f 6262//7627 6195//7627 6237//7627
f 6239//7628 6262//7628 6237//7628
f 6260//1 6254//1 6250//1
f 6263//1 6246//1 6251//1
f 6174//254 6264//254 6252//254
f 6265//254 6266//254 6253//254
f 6266//7184 6151//7184 6253//7184
f 6267//2169 6227//2169 6228//2169
f 6268//2169 6267//2169 6228//2169
f 6267//2169 6269//2169 6227//2169
f 6270//7629 6261//7629 6185//7629
f 6256//7630 6268//7630 6228//7630
f 6269//7631 6271//7631 6227//7631
f 6271//7632 6255//7632 6227//7632
f 6270//7633 6233//7633 6261//7633
f 6271//7634 6235//7634 6255//7634
f 6272//7635 6273//7635 6233//7635
f 6270//7636 6272//7636 6233//7636
f 6273//7637 6256//7637 6233//7637
f 6271//7638 6274//7638 6235//7638
f 6275//7635 6276//7635 6235//7635
f 6274//7639 6275//7639 6235//7639
f 6276//7640 6257//7640 6235//7640
f 6249//7641 6277//7641 6239//7641
f 6278//7642 6279//7642 6239//7642
f 6277//7643 6278//7643 6239//7643
f 6279//7644 6262//7644 6239//7644
f 6258//7645 6280//7645 6242//7645
f 6281//7646 6282//7646 6242//7646
f 6280//7647 6281//7647 6242//7647
f 6282//7648 6250//7648 6242//7648
f 6283//1 6195//1 6262//1
f 5967//7649 6277//7649 6249//7649
f 6282//7650 6260//7650 6250//7650
f 6283//7571 6196//7571 6195//7571
f 6284//7651 5967//7651 6260//7651
f 6252//2168 6263//2168 6251//2168
f 6264//7652 6263//7652 6252//7652
f 6265//7653 6253//7653 6259//7653
f 6285//7654 6270//7654 6185//7654
f 6274//7655 6271//7655 6269//7655
f 6257//7656 6209//7656 6208//7656
f 6273//7657 6268//7657 6256//7657
f 6276//7658 6209//7658 6257//7658
f 6279//7659 6283//7659 6262//7659
f 6218//7660 6280//7660 6258//7660
f 6286//7660 6277//7660 5967//7660
f 6219//7660 6280//7660 6218//7660
f 6184//2169 6285//2169 6185//2169
f 6287//2169 6267//2169 6268//2169
f 6284//7661 6286//7661 5967//7661
f 6248//7662 6265//7662 6259//7662
f 6180//7663 6190//7663 6160//7663
f 6180//7663 6288//7663 6190//7663
f 6289//1 6191//1 6190//1
f 6288//1 6289//1 6190//1
f 6290//1 6291//1 6192//1
f 6291//1 6183//1 6192//1
f 6292//2971 6290//2971 6192//2971
f 6193//7664 6293//7664 6192//7664
f 6293//7664 6292//7664 6192//7664
f 6203//1 6293//1 6193//1
f 6273//7665 6294//7665 6268//7665
f 6295//7659 6283//7659 6279//7659
f 6296//7666 6260//7666 6282//7666
f 6297//7667 6277//7667 6286//7667
f 6191//7668 6298//7668 6200//7668
f 6299//1 6201//1 6200//1
f 6298//1 6299//1 6200//1
f 6289//7668 6298//7668 6191//7668
f 6300//7669 5588//7669 6202//7669
f 5588//7670 6203//7670 6202//7670
f 6244//1 6300//1 6202//1
f 5588//1 6293//1 6203//1
f 6301//2169 6287//2169 6268//2169
f 6294//2169 6301//2169 6268//2169
f 6295//7671 6196//7671 6283//7671
f 6284//7672 6297//7672 6286//7672
f 6296//7673 6284//7673 6260//7673
f 6174//5705 6302//5705 6264//5705
f 6302//7674 6263//7674 6264//7674
f 6266//7675 6265//7675 6248//7675
f 6303//7676 6272//7676 6285//7676
f 6272//7677 6270//7677 6285//7677
f 6304//7678 6274//7678 6269//7678
f 6272//7679 6294//7679 6273//7679
f 6275//7679 6209//7679 6276//7679
f 6278//7680 6297//7680 6279//7680
f 6297//7680 6295//7680 6279//7680
f 6297//7667 6278//7667 6277//7667
f 6281//7681 6305//7681 6282//7681
f 6305//7682 6296//7682 6282//7682
f 6219//7683 6281//7683 6280//7683
f 6305//7684 6281//7684 6219//7684
f 6294//7685 6272//7685 6303//7685
f 6209//7685 6275//7685 6304//7685
f 6275//7686 6274//7686 6304//7686
f 6306//254 6174//254 5479//254
f 5467//254 6306//254 5479//254
f 6201//7687 5467//7687 5479//7687
f 6299//7688 5467//7688 6201//7688
f 6151//254 5573//254 5594//254
f 5573//7689 6307//7689 5594//7689
f 6307//7690 6244//7690 5594//7690
f 6307//1 6300//1 6244//1
f 6184//2169 6303//2169 6285//2169
f 6267//2169 6304//2169 6269//2169
f 6308//7691 6196//7691 6295//7691
f 6309//7692 6308//7692 6295//7692
f 6297//7693 6309//7693 6295//7693
f 6305//7694 6284//7694 6296//7694
f 6220//7695 6305//7695 6219//7695
f 6302//7696 6246//7696 6263//7696
f 6040//7697 6151//7697 6248//7697
f 6151//7698 6266//7698 6248//7698
f 6184//2169 6294//2169 6303//2169
f 6184//2169 6301//2169 6294//2169
f 6267//2169 6209//2169 6304//2169
f 6267//2169 6206//2169 6209//2169
f 6284//7699 6309//7699 6297//7699
f 6220//2168 6284//2168 6305//2168
f 6174//7700 6246//7700 6302//7700
f 6310//1 6247//1 6246//1
f 6174//7701 6306//7701 6246//7701
f 6306//7702 6310//7702 6246//7702
f 6039//2169 6151//2169 6040//2169
f 6311//254 5573//254 6151//254
f 6039//2169 6311//2169 6151//2169
f 6301//2971 6312//2971 6287//2971
f 6312//3747 6313//3747 6287//3747
f 6313//3747 6267//3747 6287//3747
f 6314//2935 6308//2935 6309//2935
f 6315//5151 6314//5151 6309//5151
f 6284//5151 6315//5151 6309//5151
f 5467//254 6316//254 6306//254
f 6317//254 5573//254 6311//254
f 6318//1 6247//1 6310//1
f 6306//7703 6318//7703 6310//7703
f 6313//7704 6206//7704 6267//7704
f 6319//2169 6210//2169 6206//2169
f 6306//7705 6320//7705 6206//7705
f 6313//7706 6306//7706 6206//7706
f 6321//254 6319//254 6206//254
f 6322//254 6321//254 6206//254
f 6323//254 6322//254 6206//254
f 6320//254 6324//254 6206//254
f 6324//254 6325//254 6206//254
f 6325//254 6323//254 6206//254
f 6313//1 6326//1 6306//1
f 6316//7707 6327//7707 6306//7707
f 6327//7708 6320//7708 6306//7708
f 6327//254 6328//254 6320//254
f 6328//254 6324//254 6320//254
f 6329//7709 6317//7709 6311//7709
f 6220//254 6330//254 6329//254
f 6330//7184 6331//7184 6329//7184
f 6331//254 6332//254 6329//254
f 6332//7710 6317//7710 6329//7710
f 6315//7711 6220//7711 6329//7711
f 6311//7712 6315//7712 6329//7712
f 6333//1 6315//1 6311//1
f 6284//7713 6220//7713 6315//7713
f 6334//254 6335//254 6220//254
f 6221//254 6334//254 6220//254
f 6335//254 6336//254 6220//254
f 6336//254 6330//254 6220//254
f 6306//5151 6326//5151 6318//5151
f 5467//254 6337//254 6316//254
f 6337//7714 6338//7714 6316//7714
f 6338//7714 6327//7714 6316//7714
f 6338//254 6339//254 6327//254
f 6339//254 6328//254 6327//254
f 6340//254 5573//254 6317//254
f 6332//7715 6340//7715 6317//7715
f 6331//254 6341//254 6332//254
f 6341//254 6342//254 6332//254
f 6342//7715 6340//7715 6332//7715
f 6343//1 6247//1 6318//1
f 6245//3127 6311//3127 6039//3127
f 6245//7716 6333//7716 6311//7716
f 6301//1 6318//1 6312//1
f 6318//7717 6313//7717 6312//7717
f 6318//7718 6326//7718 6313//7718
f 6301//2935 6343//2935 6318//2935
f 6344//1 6345//1 6180//1
f 6215//1 6346//1 6180//1
f 6346//1 6347//1 6180//1
f 6347//1 6344//1 6180//1
f 6345//7719 6288//7719 6180//7719
f 6345//7719 6348//7719 6288//7719
f 6349//1 6289//1 6288//1
f 6348//1 6349//1 6288//1
f 6289//7720 6350//7720 6298//7720
f 6351//1 6299//1 6298//1
f 6350//1 6351//1 6298//1
f 6349//7720 6350//7720 6289//7720
f 5463//254 6352//254 5467//254
f 6352//254 6353//254 5467//254
f 6353//254 6337//254 5467//254
f 6299//7721 5463//7721 5467//7721
f 6351//7722 5463//7722 6299//7722
f 6340//254 6354//254 5573//254
f 6354//254 5544//254 5573//254
f 5544//7723 6355//7723 5573//7723
f 6355//7723 6307//7723 5573//7723
f 6355//1 6356//1 6307//1
f 6356//1 6300//1 6307//1
f 6356//7724 6357//7724 6300//7724
f 6357//7725 5588//7725 6300//7725
f 6357//1 6358//1 5588//1
f 6358//1 6293//1 5588//1
f 6359//1 6290//1 6292//1
f 6293//7726 6358//7726 6292//7726
f 6358//7726 6359//7726 6292//7726
f 6247//1 6314//1 6245//1
f 6314//7727 6333//7727 6245//7727
f 6314//355 6315//355 6333//355
f 6247//2971 6308//2971 6314//2971
f 6353//7728 6360//7728 6337//7728
f 6360//7728 6338//7728 6337//7728
f 6360//254 6361//254 6338//254
f 6361//254 6339//254 6338//254
f 6342//7729 6354//7729 6340//7729
f 6341//254 6362//254 6342//254
f 6362//254 6363//254 6342//254
f 6363//7729 6354//7729 6342//7729
f 6364//7730 6139//7730 6172//7730
f 6365//7731 6188//7731 5746//7731
f 6366//7732 6365//7732 5746//7732
f 6366//7733 6367//7733 6365//7733
f 6368//7734 6369//7734 6172//7734
f 6178//7735 6368//7735 6172//7735
f 6368//7736 6370//7736 6369//7736
f 6371//7737 6188//7737 6365//7737
f 6367//7738 6371//7738 6365//7738
f 5745//7739 6366//7739 5746//7739
f 6369//7740 6364//7740 6172//7740
f 6372//7741 6364//7741 6369//7741
f 6370//7742 6372//7742 6369//7742
f 6373//7743 6368//7743 6178//7743
f 6373//7744 6370//7744 6368//7744
f 6371//7745 6189//7745 6188//7745
f 6374//7746 6189//7746 6371//7746
f 6367//7747 6374//7747 6371//7747
f 6199//7748 6373//7748 6178//7748
f 6352//7749 6375//7749 6353//7749
f 6375//7749 6360//7749 6353//7749
f 6375//254 6376//254 6360//254
f 6376//254 6361//254 6360//254
f 6377//254 5544//254 6354//254
f 6363//7750 6377//7750 6354//7750
f 6362//254 6378//254 6363//254
f 6378//254 6379//254 6363//254
f 6379//7750 6377//7750 6363//7750
f 6380//7751 6139//7751 6364//7751
f 6381//7752 6366//7752 5745//7752
f 6139//7753 6381//7753 5745//7753
f 6381//7754 6367//7754 6366//7754
f 6382//2169 6373//2169 6199//2169
f 6198//2169 6382//2169 6199//2169
f 6382//7755 6370//7755 6373//7755
f 6383//7756 6184//7756 6189//7756
f 6374//7757 6383//7757 6189//7757
f 6381//7758 6384//7758 6367//7758
f 6385//7759 6386//7759 6367//7759
f 6384//7760 6385//7760 6367//7760
f 6386//7761 6374//7761 6367//7761
f 6380//7762 6381//7762 6139//7762
f 6387//7763 6380//7763 6364//7763
f 6388//7764 6387//7764 6364//7764
f 6372//7765 6388//7765 6364//7765
f 6389//7765 6388//7765 6372//7765
f 6370//7766 6389//7766 6372//7766
f 6382//7767 6390//7767 6370//7767
f 6390//7768 6391//7768 6370//7768
f 6391//7769 6389//7769 6370//7769
f 5460//254 6392//254 5463//254
f 6392//254 6352//254 5463//254
f 6351//7770 5460//7770 5463//7770
f 6350//1 6393//1 6351//1
f 6393//7771 5460//7771 6351//7771
f 6377//254 5525//254 5544//254
f 5525//7772 6394//7772 5544//7772
f 6394//7772 6355//7772 5544//7772
f 6394//1 6395//1 6355//1
f 6395//1 6356//1 6355//1
f 6386//7773 6383//7773 6374//7773
f 6384//7774 6381//7774 6380//7774
f 6328//355 6346//355 6324//355
f 6346//355 6215//355 6324//355
f 6215//615 6325//615 6324//615
f 6214//615 6325//615 6215//615
f 6339//262 6347//262 6328//262
f 6347//262 6346//262 6328//262
f 6331//355 6217//355 6341//355
f 6217//355 6181//355 6341//355
f 6181//615 6362//615 6341//615
f 6183//615 6362//615 6181//615
f 6330//262 6223//262 6331//262
f 6223//262 6217//262 6331//262
f 6396//7775 6184//7775 6383//7775
f 6396//7776 6387//7776 6388//7776
f 6349//7777 6397//7777 6350//7777
f 6397//1 6393//1 6350//1
f 6348//1 6398//1 6349//1
f 6398//7777 6397//7777 6349//7777
f 6395//7778 6399//7778 6356//7778
f 6399//7778 6357//7778 6356//7778
f 6399//1 6400//1 6357//1
f 6400//1 6358//1 6357//1
f 6389//7779 6401//7779 6388//7779
f 6391//7780 6401//7780 6389//7780
f 6390//5540 6382//5540 6198//5540
f 6402//5540 6390//5540 6198//5540
f 6214//7781 6323//7781 6325//7781
f 6213//7781 6323//7781 6214//7781
f 6361//7782 6344//7782 6339//7782
f 6344//7782 6347//7782 6339//7782
f 6183//7781 6378//7781 6362//7781
f 6291//7781 6378//7781 6183//7781
f 6336//7782 6224//7782 6330//7782
f 6224//7782 6223//7782 6330//7782
f 6344//1 6403//1 6345//1
f 6403//1 6404//1 6345//1
f 6404//7783 6348//7783 6345//7783
f 6404//7783 6405//7783 6348//7783
f 6405//1 6398//1 6348//1
f 6406//1 6407//1 6359//1
f 6407//1 6290//1 6359//1
f 6358//7784 6400//7784 6359//7784
f 6400//7784 6406//7784 6359//7784
f 6401//7785 6396//7785 6388//7785
f 6408//7786 6402//7786 6198//7786
f 6196//7787 6408//7787 6198//7787
f 6386//3088 6387//3088 6383//3088
f 6385//3088 6387//3088 6386//3088
f 6385//7788 6384//7788 6380//7788
f 6387//7789 6385//7789 6380//7789
f 6392//7790 6409//7790 6352//7790
f 6409//7790 6375//7790 6352//7790
f 6409//254 6410//254 6375//254
f 6410//254 6376//254 6375//254
f 6411//254 5525//254 6377//254
f 6379//7791 6411//7791 6377//7791
f 6378//254 6412//254 6379//254
f 6412//254 6413//254 6379//254
f 6413//7791 6411//7791 6379//7791
f 6391//7792 6402//7792 6401//7792
f 6390//7792 6402//7792 6391//7792
f 6387//7793 6396//7793 6383//7793
f 6213//7794 6322//7794 6323//7794
f 6212//7794 6322//7794 6213//7794
f 6376//7795 6403//7795 6361//7795
f 6403//7795 6344//7795 6361//7795
f 6291//7794 6412//7794 6378//7794
f 6290//7794 6412//7794 6291//7794
f 6335//7795 6226//7795 6336//7795
f 6226//7795 6224//7795 6336//7795
f 6402//7796 6408//7796 6401//7796
f 6408//7797 6396//7797 6401//7797
f 6212//7798 6321//7798 6322//7798
f 6211//7798 6321//7798 6212//7798
f 6410//409 6414//409 6376//409
f 6414//409 6403//409 6376//409
f 6414//1 6404//1 6403//1
f 6415//254 6413//254 6412//254
f 6290//7798 6415//7798 6412//7798
f 6407//7798 6415//7798 6290//7798
f 6334//409 6225//409 6335//409
f 6225//409 6226//409 6335//409
f 6416//254 6417//254 5460//254
f 6418//5705 6416//5705 5460//5705
f 6419//254 6418//254 5460//254
f 5459//254 6419//254 5460//254
f 6417//254 6420//254 5460//254
f 6420//254 6392//254 5460//254
f 6393//7799 5459//7799 5460//7799
f 6397//1 6421//1 6393//1
f 6421//478 5459//478 6393//478
f 6411//254 6422//254 5525//254
f 6422//254 6423//254 5525//254
f 6424//254 5480//254 5525//254
f 6425//5705 6424//5705 5525//5705
f 6423//254 6425//254 5525//254
f 5480//7800 6426//7800 5525//7800
f 6426//479 6394//479 5525//479
f 6426//1 6427//1 6394//1
f 6427//1 6395//1 6394//1
f 6428//7184 6319//7184 6321//7184
f 6211//7801 6428//7801 6321//7801
f 6429//7801 6428//7801 6211//7801
f 6210//1 6429//1 6211//1
f 6409//254 6430//254 6410//254
f 6430//436 6431//436 6410//436
f 6431//436 6414//436 6410//436
f 6432//1 6404//1 6414//1
f 6431//1 6432//1 6414//1
f 6420//7802 6433//7802 6392//7802
f 6433//7802 6409//7802 6392//7802
f 6433//254 6430//254 6409//254
f 6413//7803 6422//7803 6411//7803
f 6415//254 6434//254 6413//254
f 6434//7803 6422//7803 6413//7803
f 6435//254 6434//254 6415//254
f 6407//7801 6435//7801 6415//7801
f 6406//1 6436//1 6407//1
f 6436//7801 6435//7801 6407//7801
f 6221//5705 6437//5705 6334//5705
f 6437//436 6438//436 6334//436
f 6438//436 6225//436 6334//436
f 6438//1 6222//1 6225//1
f 6398//1451 6439//1451 6397//1451
f 6439//1 6421//1 6397//1
f 6405//1 6440//1 6398//1
f 6440//1451 6439//1451 6398//1451
f 6427//3671 6441//3671 6395//3671
f 6441//3671 6399//3671 6395//3671
f 6441//1 6442//1 6399//1
f 6442//1 6400//1 6399//1
f 6432//7804 6405//7804 6404//7804
f 6432//7804 6443//7804 6405//7804
f 6443//1 6440//1 6405//1
f 6444//1 6436//1 6406//1
f 6400//7805 6442//7805 6406//7805
f 6442//7805 6444//7805 6406//7805
f 6396//3747 6301//3747 6184//3747
f 6396//3747 6343//3747 6301//3747
f 6247//5151 6408//5151 6196//5151
f 6308//5151 6247//5151 6196//5151
f 6445//254 6446//254 6428//254
f 6446//7806 6447//7806 6428//7806
f 6447//7807 6319//7807 6428//7807
f 6429//466 6445//466 6428//466
f 6448//466 6445//466 6429//466
f 6210//1 6448//1 6429//1
f 6433//254 6449//254 6430//254
f 6449//7808 6450//7808 6430//7808
f 6450//7808 6431//7808 6430//7808
f 6451//1 6432//1 6431//1
f 6450//1 6451//1 6431//1
f 6452//254 6434//254 6435//254
f 6436//466 6452//466 6435//466
f 6444//1 6453//1 6436//1
f 6453//466 6452//466 6436//466
f 6221//7184 6454//7184 6437//7184
f 6454//7808 6455//7808 6437//7808
f 6455//7808 6438//7808 6437//7808
f 6455//1 6222//1 6438//1
f 5464//254 6419//254 5459//254
f 6421//1505 5464//1505 5459//1505
f 6439//1 6456//1 6421//1
f 6456//1505 5464//1505 6421//1505
f 6457//254 5468//254 5480//254
f 6424//254 6457//254 5480//254
f 5468//7809 6458//7809 5480//7809
f 6458//7810 6426//7810 5480//7810
f 6458//1 6459//1 6426//1
f 6459//1 6427//1 6426//1
f 6408//355 6343//355 6396//355
f 6408//355 6247//355 6343//355
f 6460//254 6446//254 6445//254
f 6448//7811 6460//7811 6445//7811
f 6461//7811 6460//7811 6448//7811
f 6210//1 6461//1 6448//1
f 6433//254 6462//254 6449//254
f 6462//7812 6463//7812 6449//7812
f 6463//7812 6450//7812 6449//7812
f 6463//1 6451//1 6450//1
f 6464//7813 6434//7813 6452//7813
f 6465//7814 6464//7814 6452//7814
f 6466//254 6465//254 6452//254
f 6453//7811 6466//7811 6452//7811
f 6467//1 6468//1 6453//1
f 6444//1 6467//1 6453//1
f 6468//7811 6466//7811 6453//7811
f 6221//254 6469//254 6454//254
f 6469//7812 6470//7812 6454//7812
f 6470//7812 6455//7812 6454//7812
f 6470//1 6222//1 6455//1
f 6417//7815 6471//7815 6420//7815
f 6471//7815 6433//7815 6420//7815
f 6471//254 6472//254 6433//254
f 6472//254 6462//254 6433//254
f 6434//7816 6423//7816 6422//7816
f 6464//7817 6473//7817 6434//7817
f 6473//7816 6423//7816 6434//7816
f 6457//254 6419//254 5464//254
f 5468//254 6457//254 5464//254
f 6456//7818 5468//7818 5464//7818
f 6439//1 6474//1 6456//1
f 6474//1 6458//1 6456//1
f 6458//7819 5468//7819 6456//7819
f 6474//1 6475//1 6458//1
f 6475//1 6459//1 6458//1
f 6476//254 6446//254 6460//254
f 6461//7820 6476//7820 6460//7820
f 6477//7820 6476//7820 6461//7820
f 6210//1 6477//1 6461//1
f 6472//254 6478//254 6462//254
f 6478//4061 6479//4061 6462//4061
f 6479//4061 6463//4061 6462//4061
f 6480//2971 6451//2971 6463//2971
f 6479//1 6480//1 6463//1
f 6481//254 6465//254 6466//254
f 6468//7820 6481//7820 6466//7820
f 6482//1 6483//1 6468//1
f 6484//1 6482//1 6468//1
f 6467//1 6484//1 6468//1
f 6483//7820 6481//7820 6468//7820
f 6485//254 6486//254 6469//254
f 6221//254 6485//254 6469//254
f 6486//4061 6487//4061 6469//4061
f 6487//4061 6470//4061 6469//4061
f 6482//2971 6222//2971 6470//2971
f 6487//2935 6482//2935 6470//2935
f 6440//7821 6474//7821 6439//7821
f 6443//1 6488//1 6440//1
f 6488//1 6489//1 6440//1
f 6489//7822 6474//7822 6440//7822
f 6459//7823 6490//7823 6427//7823
f 6490//7824 6441//7824 6427//7824
f 6490//1 6491//1 6441//1
f 6491//1 6492//1 6441//1
f 6492//1 6442//1 6441//1
f 6472//254 6446//254 6476//254
f 6478//254 6472//254 6476//254
f 6477//468 6478//468 6476//468
f 6479//468 6478//468 6477//468
f 6210//1 6493//1 6477//1
f 6493//1 6479//1 6477//1
f 6493//1 6480//1 6479//1
f 6486//254 6465//254 6481//254
f 6483//468 6486//468 6481//468
f 6482//1 6487//1 6483//1
f 6487//468 6486//468 6483//468
f 6485//254 6465//254 6486//254
f 6451//7825 6443//7825 6432//7825
f 6451//7825 6488//7825 6443//7825
f 6442//7826 6492//7826 6444//7826
f 6492//7826 6467//7826 6444//7826
f 6416//7827 6494//7827 6417//7827
f 6494//7827 6471//7827 6417//7827
f 6494//7184 6472//7184 6471//7184
f 6473//7828 6425//7828 6423//7828
f 6464//7829 6495//7829 6473//7829
f 6495//7828 6425//7828 6473//7828
f 6489//7830 6475//7830 6474//7830
f 6488//1 6496//1 6489//1
f 6496//1 5454//1 6489//1
f 5454//7831 6475//7831 6489//7831
f 6475//7832 5454//7832 6459//7832
f 5454//7833 6490//7833 6459//7833
f 5454//1 6497//1 6490//1
f 6497//1 6491//1 6490//1
f 6496//1 6497//1 5454//1
f 6498//7834 6499//7834 6446//7834
f 6472//7835 6498//7835 6446//7835
f 6499//7836 6500//7836 6446//7836
f 6500//7837 6447//7837 6446//7837
f 6501//7834 6502//7834 6465//7834
f 6485//7838 6501//7838 6465//7838
f 6502//7836 6503//7836 6465//7836
f 6503//7837 6464//7837 6465//7837
f 6418//254 6504//254 6416//254
f 6504//7839 6472//7839 6416//7839
f 6472//7839 6494//7839 6416//7839
f 6505//254 6424//254 6425//254
f 6495//7840 6505//7840 6425//7840
f 6464//7841 6506//7841 6495//7841
f 6506//7840 6505//7840 6495//7840
f 6480//7842 6488//7842 6451//7842
f 6480//7842 6496//7842 6488//7842
f 6492//7843 6491//7843 6467//7843
f 6491//7843 6484//7843 6467//7843
f 6507//7844 6508//7844 6447//7844
f 6500//7845 6507//7845 6447//7845
f 6509//7846 6507//7846 6500//7846
f 6499//7847 6509//7847 6500//7847
f 6510//7848 6509//7848 6499//7848
f 6498//7849 6510//7849 6499//7849
f 6511//7850 6510//7850 6498//7850
f 6472//7851 6511//7851 6498//7851
f 6503//7852 6512//7852 6464//7852
f 6512//7853 6513//7853 6464//7853
f 6514//7854 6512//7854 6503//7854
f 6502//7855 6514//7855 6503//7855
f 6501//7856 6515//7856 6502//7856
f 6515//7857 6514//7857 6502//7857
f 6485//7858 6515//7858 6501//7858
f 6418//254 6516//254 6504//254
f 6516//7859 6517//7859 6504//7859
f 6517//7860 6518//7860 6504//7860
f 6518//7861 6472//7861 6504//7861
f 6519//254 6424//254 6505//254
f 6520//7862 6519//7862 6505//7862
f 6506//7863 6520//7863 6505//7863
f 6464//7864 6520//7864 6506//7864
f 6521//7865 6511//7865 6472//7865
f 6518//7866 6521//7866 6472//7866
f 6513//7867 6520//7867 6464//7867
f 6513//7868 6522//7868 6520//7868
f 6523//7869 6521//7869 6518//7869
f 6517//7870 6523//7870 6518//7870
f 6516//254 6418//254 6524//254
f 6418//2169 6319//2169 6524//2169
f 6525//468 6526//468 6524//468
f 6526//468 6516//468 6524//468
f 6447//7871 6525//7871 6524//7871
f 6319//7872 6447//7872 6524//7872
f 6418//2169 6210//2169 6319//2169
f 6508//7873 6525//7873 6447//7873
f 6508//7874 6527//7874 6525//7874
f 6527//7875 6526//7875 6525//7875
f 6527//7876 6523//7876 6526//7876
f 6523//7877 6517//7877 6526//7877
f 6517//468 6516//468 6526//468
f 6528//468 6529//468 6519//468
f 6520//7878 6528//7878 6519//7878
f 6529//254 6424//254 6519//254
f 6522//7879 6530//7879 6520//7879
f 6530//7880 6528//7880 6520//7880
f 6531//468 6529//468 6528//468
f 6530//7881 6532//7881 6528//7881
f 6532//7882 6531//7882 6528//7882
f 6485//7883 6529//7883 6531//7883
f 6532//7884 6533//7884 6531//7884
f 6533//7885 6485//7885 6531//7885
f 6221//7886 6529//7886 6485//7886
f 6533//7887 6515//7887 6485//7887
f 6221//2168 6222//2168 6529//2168
f 6222//2168 6424//2168 6529//2168
f 6493//1 6534//1 6480//1
f 6534//7888 6496//7888 6480//7888
f 6534//7888 6497//7888 6496//7888
f 6534//1 6482//1 6484//1
f 6491//7889 6497//7889 6484//7889
f 6497//7889 6534//7889 6484//7889
f 6493//1 6482//1 6534//1
f 6419//3747 6210//3747 6418//3747
f 6419//3747 6493//3747 6210//3747
f 6222//5151 6482//5151 6424//5151
f 6482//5151 6457//5151 6424//5151
f 6535//7890 6523//7890 6527//7890
f 6535//7891 6527//7891 6419//7891
f 6457//7892 6523//7892 6419//7892
f 6523//7893 6535//7893 6419//7893
f 6527//7894 6508//7894 6419//7894
f 6508//7895 6493//7895 6419//7895
f 6512//355 6482//355 6493//355
f 6508//7896 6507//7896 6493//7896
f 6507//355 6509//355 6493//355
f 6509//7897 6513//7897 6493//7897
f 6513//7898 6512//7898 6493//7898
f 6510//7899 6530//7899 6509//7899
f 6530//7900 6522//7900 6509//7900
f 6522//7901 6513//7901 6509//7901
f 6457//7902 6521//7902 6523//7902
f 6511//7903 6530//7903 6510//7903
f 6530//355 6511//355 6521//355
f 6457//7904 6530//7904 6521//7904
f 6514//355 6482//355 6512//355
f 6457//7905 6532//7905 6530//7905
f 6457//7906 6533//7906 6532//7906
f 6515//7907 6482//7907 6514//7907
f 6533//7908 6482//7908 6515//7908
f 6457//7909 6482//7909 6533//7909
