# Blender v3.0.0 OBJ File: ''
# www.blender.org
mtllib Roll Arm Housing.mtl
o /ambf/env/Roll_Arm_Housing_Roll_Arm_Housing
v -0.012845 -0.023755 0.000500
v -0.012825 -0.023719 0.048500
v -0.014133 -0.023012 0.048500
v -0.015378 -0.022198 0.000500
v -0.015354 -0.022165 0.048500
v -0.013609 -0.022160 0.049500
v -0.010156 -0.025024 0.000500
v -0.011518 -0.024427 0.048500
v -0.012369 -0.022876 -0.000500
v -0.009779 -0.024098 -0.000500
v -0.011091 -0.023522 0.049500
v -0.010140 -0.024986 0.048500
v -0.016576 -0.021317 0.048500
v -0.017724 -0.020372 0.000500
v -0.014808 -0.021376 -0.000500
v -0.015962 -0.020528 0.049500
v -0.017697 -0.020341 0.048500
v -0.007343 -0.025990 0.000500
v -0.008763 -0.025546 0.048500
v -0.007071 -0.025027 -0.000500
v -0.008438 -0.024600 0.049500
v -0.007332 -0.025950 0.048500
v -0.018818 -0.019365 0.048500
v -0.019855 -0.018299 0.000500
v -0.017067 -0.019618 -0.000500
v -0.018121 -0.018648 0.049500
v -0.019825 -0.018271 0.048500
v -0.004442 -0.026640 0.000500
v -0.005902 -0.026355 0.048500
v -0.004277 -0.025654 -0.000500
v -0.005683 -0.025379 0.049500
v -0.013015 -0.021146 0.049500
v -0.010522 -0.022492 0.049500
v -0.011788 -0.021854 -0.000500
v -0.014200 -0.020368 -0.000500
v -0.007892 -0.023544 0.049500
v -0.016426 -0.018617 -0.000500
v -0.004435 -0.026599 0.048500
v -0.021746 -0.016003 0.039302
v -0.021746 -0.016003 0.009698
v -0.021736 -0.016016 0.009500
v -0.021746 -0.016003 0.009302
v -0.021746 -0.016003 0.000500
v -0.019120 -0.017621 -0.000500
v -0.015338 -0.019524 0.049500
v -0.009222 -0.023056 -0.000500
v -0.020832 -0.017177 0.048500
v -0.021736 -0.016016 0.039500
v -0.020060 -0.016541 0.049500
v -0.005159 -0.024291 0.049500
v -0.018439 -0.016623 -0.000500
v -0.021713 -0.015979 0.048500
v -0.021746 -0.016003 0.039698
v -0.001487 -0.026967 0.000500
v -0.002969 -0.026844 0.048500
v -0.001432 -0.025969 -0.000500
v -0.002859 -0.025850 0.049500
v -0.017461 -0.017649 0.049500
v -0.006536 -0.023957 -0.000500
v -0.002359 -0.024721 0.049500
v -0.020212 -0.014413 -0.000500
v -0.020940 -0.015411 -0.000500
v -0.011271 -0.020952 0.048500
v -0.012490 -0.020294 0.048500
v -0.013627 -0.019548 0.000500
v -0.011289 -0.020985 0.000500
v -0.008717 -0.022139 0.048500
v -0.010098 -0.021586 0.048500
v -0.021230 -0.014125 0.039500
v -0.021230 -0.014125 0.009500
v -0.001484 -0.026926 0.048500
v -0.021833 -0.015883 0.008473
v -0.021953 -0.015718 0.007989
v -0.022116 -0.015486 0.007540
v -0.022320 -0.015191 0.007143
v -0.022685 -0.014640 0.006675
v -0.022818 -0.014430 0.006560
v -0.022435 -0.015020 0.006967
v -0.022557 -0.014837 0.006811
v -0.022956 -0.014211 0.006469
v -0.023094 -0.013984 0.006403
v -0.023372 -0.013514 0.000500
v -0.021761 -0.015983 0.008981
v -0.021761 -0.015983 0.040019
v -0.021242 -0.014104 0.039778
v -0.021761 -0.015983 0.038981
v -0.021242 -0.014104 0.039222
v -0.021833 -0.015883 0.038473
v -0.021953 -0.015718 0.037989
v -0.022116 -0.015486 0.037540
v -0.021761 -0.015983 0.010019
v -0.021242 -0.014104 0.009778
v -0.021242 -0.014104 0.009222
v -0.021833 -0.015883 0.040527
v -0.021278 -0.014041 0.038953
v -0.021833 -0.015883 0.010527
v -0.021278 -0.014041 0.008953
v -0.022593 -0.014781 0.048500
v -0.023094 -0.013984 0.042597
v -0.022955 -0.014212 0.042531
v -0.022818 -0.014430 0.042440
v -0.022686 -0.014638 0.042326
v -0.022557 -0.014837 0.042189
v -0.022350 -0.015146 0.041907
v -0.022116 -0.015486 0.041460
v -0.021953 -0.015718 0.041011
v -0.021756 -0.014234 0.049500
v -0.021278 -0.014041 0.040047
v -0.021337 -0.013939 0.038700
v -0.021953 -0.015718 0.011011
v -0.021278 -0.014041 0.010047
v -0.021337 -0.013939 0.008700
v -0.021337 -0.013939 0.040300
v -0.021417 -0.013801 0.038471
v -0.022116 -0.015486 0.011460
v -0.021337 -0.013939 0.010300
v -0.021417 -0.013801 0.008472
v -0.013668 -0.019472 0.048500
v -0.014720 -0.018738 0.048500
v -0.008850 -0.022127 0.000500
v -0.008729 -0.022168 0.000500
v -0.021417 -0.013801 0.040528
v -0.022320 -0.015191 0.037143
v -0.021515 -0.013630 0.038274
v -0.022320 -0.015191 0.011857
v -0.021417 -0.013801 0.010528
v -0.021515 -0.013630 0.008274
v -0.019357 -0.015544 0.049500
v -0.003765 -0.024546 -0.000500
v -0.006040 -0.023015 0.048500
v -0.007574 -0.022596 0.048500
v -0.015892 -0.017741 0.000500
v -0.015764 -0.017867 0.000500
v -0.021515 -0.013630 0.040726
v -0.022435 -0.015020 0.036967
v -0.023234 -0.013750 0.012637
v -0.023094 -0.013984 0.012597
v -0.022955 -0.014212 0.012531
v -0.022818 -0.014430 0.012440
v -0.022686 -0.014638 0.012326
v -0.022557 -0.014837 0.012189
v -0.021515 -0.013630 0.010726
v -0.021630 -0.013432 0.040886
v -0.021630 -0.013432 0.010886
v -0.022557 -0.014837 0.036811
v -0.021630 -0.013432 0.038114
v -0.021630 -0.013432 0.008114
v -0.022685 -0.014640 0.036675
v -0.023336 -0.013494 0.048500
v -0.023372 -0.013514 0.042650
v -0.023234 -0.013750 0.042637
v 0.001487 -0.026967 0.000500
v 0.000000 -0.027008 0.048500
v 0.001432 -0.025969 -0.000500
v 0.000000 -0.026008 0.049500
v -0.022818 -0.014430 0.036560
v -0.021756 -0.013213 0.037996
v -0.021756 -0.013213 0.007996
v -0.021756 -0.013213 0.041003
v -0.021756 -0.013213 0.011003
v -0.015873 -0.017719 0.048500
v -0.016758 -0.016938 0.048500
v -0.006273 -0.022992 0.000500
v -0.006047 -0.023040 0.000500
v -0.022956 -0.014211 0.036469
v 0.000472 -0.024828 0.049500
v -0.021721 -0.012015 -0.000500
v -0.022506 -0.013014 -0.000500
v -0.021891 -0.012980 0.041076
v -0.021891 -0.012980 0.011076
v -0.023094 -0.013984 0.036403
v -0.021891 -0.012980 0.037924
v -0.021891 -0.012980 0.007924
v -0.023233 -0.013752 0.036363
v -0.023233 -0.013752 0.006363
v -0.003277 -0.023569 0.048500
v -0.004951 -0.023313 0.048500
v -0.017872 -0.015734 0.000500
v -0.017696 -0.015954 0.000500
v -0.023372 -0.013514 0.012650
v -0.023372 -0.013514 0.036350
v -0.022030 -0.012739 0.037900
v -0.023372 -0.013514 0.006350
v -0.022030 -0.012739 0.007900
v -0.022030 -0.012739 0.041100
v -0.022030 -0.012739 0.011100
v 0.001484 -0.026926 0.048500
v -0.023507 -0.013277 0.042637
v -0.023507 -0.013277 0.012637
v -0.023508 -0.013276 0.036363
v -0.023508 -0.013276 0.006363
v -0.024714 -0.010861 0.000500
v -0.024080 -0.012206 0.048500
v -0.023640 -0.013039 0.042597
v -0.022168 -0.012499 0.041076
v -0.023640 -0.013039 0.036403
v -0.023767 -0.012805 0.036469
v -0.023889 -0.012577 0.036560
v -0.024002 -0.012358 0.036674
v -0.024109 -0.012147 0.036811
v -0.024298 -0.011765 0.037143
v -0.023640 -0.013039 0.012597
v -0.024208 -0.011949 0.036968
v -0.022168 -0.012499 0.011076
v -0.022168 -0.012499 0.037924
v -0.023640 -0.013039 0.006403
v -0.022168 -0.012499 0.007924
v -0.021000 -0.013236 0.049500
v -0.023187 -0.011755 0.049500
v -0.000945 -0.024815 -0.000500
v -0.017856 -0.015718 0.048500
v -0.018577 -0.014918 0.048500
v -0.003613 -0.023557 0.000500
v -0.003281 -0.023589 0.000500
v -0.023768 -0.012804 0.042531
v -0.023768 -0.012804 0.012531
v -0.023767 -0.012805 0.006469
v -0.022303 -0.012265 0.037996
v -0.023889 -0.012577 0.006560
v -0.022303 -0.012265 0.007996
v -0.024677 -0.010845 0.048500
v -0.023889 -0.012577 0.042440
v -0.022303 -0.012265 0.041003
v -0.023889 -0.012577 0.012440
v -0.022303 -0.012265 0.011003
v -0.019779 -0.013280 0.039361
v -0.019776 -0.013285 0.039500
v -0.019779 -0.013280 0.039640
v -0.019779 -0.013280 0.009360
v -0.019776 -0.013285 0.009500
v -0.019779 -0.013280 0.009640
v -0.024002 -0.012358 0.042326
v -0.024002 -0.012358 0.012326
v -0.024002 -0.012358 0.006674
v -0.019789 -0.013265 0.039778
v -0.019806 -0.013240 0.039914
v -0.019806 -0.013240 0.039086
v -0.019789 -0.013265 0.039222
v -0.019789 -0.013265 0.009778
v -0.019806 -0.013240 0.009914
v -0.019806 -0.013240 0.009085
v -0.019789 -0.013265 0.009222
v -0.019829 -0.013205 0.040047
v -0.019859 -0.013160 0.040176
v -0.019859 -0.013160 0.038823
v -0.019829 -0.013205 0.038953
v -0.019829 -0.013205 0.010047
v -0.019859 -0.013160 0.010176
v -0.019859 -0.013160 0.008823
v -0.019829 -0.013205 0.008953
v -0.019894 -0.013107 0.040300
v -0.019982 -0.012972 0.038471
v -0.019894 -0.013107 0.038700
v -0.019894 -0.013107 0.010300
v -0.019982 -0.012972 0.008472
v -0.019894 -0.013107 0.008700
v -0.024109 -0.012147 0.042189
v -0.022430 -0.012046 0.040886
v -0.024109 -0.012147 0.012189
v -0.022430 -0.012046 0.010886
v -0.022430 -0.012046 0.038114
v -0.024109 -0.012147 0.006811
v -0.022430 -0.012046 0.008114
v -0.019982 -0.012972 0.040528
v -0.020089 -0.012806 0.038274
v -0.019982 -0.012972 0.010528
v -0.020089 -0.012806 0.008274
v 0.004442 -0.026640 0.000500
v 0.002969 -0.026844 0.048500
v 0.004277 -0.025654 -0.000500
v -0.000469 -0.023794 0.048500
v -0.002264 -0.023725 0.048500
v -0.019602 -0.013508 0.000500
v -0.019397 -0.013833 0.000500
v 0.002859 -0.025850 0.049500
v -0.024208 -0.011949 0.042032
v -0.024208 -0.011949 0.012032
v -0.024208 -0.011949 0.006968
v -0.020089 -0.012806 0.040726
v -0.020211 -0.012613 0.038114
v -0.020089 -0.012806 0.010726
v -0.020211 -0.012613 0.008114
v 0.003297 -0.024613 0.049500
v -0.022946 -0.009461 -0.000500
v -0.023799 -0.010460 -0.000500
v -0.024298 -0.011765 0.041857
v -0.022544 -0.011849 0.040726
v -0.024298 -0.011765 0.011857
v -0.022544 -0.011849 0.010726
v -0.022544 -0.011849 0.038274
v -0.024298 -0.011765 0.007143
v -0.022544 -0.011849 0.008274
v -0.020211 -0.012613 0.040886
v -0.020343 -0.012398 0.041003
v -0.020276 -0.012508 0.040950
v -0.020276 -0.012507 0.038050
v -0.020211 -0.012613 0.010886
v -0.020343 -0.012398 0.011003
v -0.020276 -0.012508 0.010950
v -0.020276 -0.012508 0.008050
v -0.024452 -0.011441 0.041460
v -0.024452 -0.011441 0.037540
v -0.022642 -0.011678 0.038471
v -0.024452 -0.011441 0.011460
v -0.024452 -0.011441 0.007540
v -0.022642 -0.011678 0.008472
v -0.020482 -0.012167 0.041076
v -0.020412 -0.012283 0.041046
v -0.020412 -0.012283 0.037954
v -0.020343 -0.012398 0.037996
v -0.020482 -0.012167 0.011076
v -0.020412 -0.012283 0.011046
v -0.020412 -0.012283 0.007954
v -0.020343 -0.012398 0.007996
v -0.019589 -0.013497 0.048500
v -0.020622 -0.011927 0.041100
v -0.020552 -0.012048 0.041094
v -0.020552 -0.012048 0.037906
v -0.020482 -0.012167 0.037924
v -0.020622 -0.011927 0.011100
v -0.020552 -0.012048 0.011094
v -0.020552 -0.012048 0.007906
v -0.020482 -0.012167 0.007924
v -0.024571 -0.011184 0.041011
v -0.022642 -0.011678 0.040528
v -0.024654 -0.010997 0.010527
v -0.024571 -0.011184 0.011011
v -0.024704 -0.010885 0.010019
v -0.024714 -0.010861 0.009698
v -0.024571 -0.011184 0.037989
v -0.022722 -0.011539 0.038700
v -0.022642 -0.011678 0.010528
v -0.024571 -0.011184 0.007989
v -0.022722 -0.011539 0.008700
v -0.000907 -0.023816 0.000500
v -0.020692 -0.011805 0.041094
v -0.020622 -0.011927 0.037900
v -0.020691 -0.011806 0.011094
v -0.020622 -0.011927 0.007900
v -0.024654 -0.010997 0.040527
v -0.022722 -0.011539 0.040300
v -0.024654 -0.010997 0.038473
v -0.022781 -0.011437 0.038953
v -0.022722 -0.011539 0.010300
v -0.024654 -0.010997 0.008473
v -0.022781 -0.011437 0.008953
v -0.022370 -0.010756 0.049500
v -0.020154 -0.012703 0.048500
v 0.001888 -0.024761 -0.000500
v -0.000471 -0.023807 0.000500
v -0.020826 -0.011567 0.041046
v -0.020760 -0.011685 0.041076
v -0.020692 -0.011805 0.037906
v -0.020760 -0.011685 0.037924
v -0.020826 -0.011566 0.011045
v -0.020760 -0.011685 0.011076
v -0.020692 -0.011805 0.007906
v -0.020760 -0.011685 0.007924
v -0.024704 -0.010885 0.040019
v -0.022781 -0.011437 0.040047
v -0.024704 -0.010885 0.038981
v -0.022817 -0.011375 0.039222
v -0.022781 -0.011437 0.010047
v -0.024704 -0.010885 0.008981
v -0.022817 -0.011375 0.009222
v -0.024714 -0.010861 0.039698
v -0.022817 -0.011375 0.039778
v -0.024714 -0.010861 0.039302
v -0.022817 -0.011375 0.009778
v -0.024714 -0.010861 0.009302
v -0.020952 -0.011337 0.040950
v -0.020890 -0.011450 0.041003
v -0.020826 -0.011567 0.037954
v -0.020890 -0.011450 0.037996
v -0.020952 -0.011337 0.010950
v -0.020890 -0.011450 0.011003
v -0.020826 -0.011566 0.007955
v -0.020890 -0.011450 0.007996
v -0.024338 -0.009133 0.049500
v 0.004435 -0.026599 0.048500
v -0.025757 -0.008077 0.000500
v -0.025274 -0.009483 0.048500
v -0.024721 -0.010847 0.039500
v -0.022830 -0.011354 0.039500
v -0.025718 -0.008064 0.048500
v -0.024721 -0.010847 0.009500
v -0.022830 -0.011354 0.009500
v -0.021076 -0.011103 0.040787
v -0.021011 -0.011227 0.040886
v -0.021076 -0.011103 0.038213
v -0.021011 -0.011227 0.038114
v -0.020952 -0.011337 0.038050
v -0.021076 -0.011103 0.010787
v -0.021011 -0.011227 0.010886
v -0.021076 -0.011103 0.008213
v -0.021011 -0.011227 0.008114
v -0.020952 -0.011337 0.008050
v -0.021117 -0.011025 0.040726
v -0.021208 -0.010849 0.038471
v -0.021117 -0.011025 0.038274
v -0.021117 -0.011025 0.010726
v -0.021208 -0.010849 0.008472
v -0.021117 -0.011025 0.008274
v -0.020845 -0.011532 0.000500
v -0.021208 -0.010849 0.040528
v -0.021280 -0.010707 0.038700
v -0.021208 -0.010849 0.010528
v -0.021280 -0.010707 0.008700
v -0.021309 -0.010649 0.040176
v -0.021280 -0.010707 0.040300
v -0.021309 -0.010649 0.038824
v -0.021309 -0.010649 0.010177
v -0.021280 -0.010707 0.010300
v -0.021309 -0.010649 0.008824
v -0.021351 -0.010563 0.039914
v -0.021333 -0.010601 0.040047
v -0.021351 -0.010563 0.039085
v -0.021333 -0.010601 0.038953
v -0.021352 -0.010563 0.009914
v -0.021333 -0.010601 0.010047
v -0.021351 -0.010563 0.009086
v -0.021333 -0.010601 0.008953
v 0.002346 -0.023684 0.048500
v 0.000453 -0.023829 0.048500
v -0.021056 -0.011093 0.000500
v -0.021373 -0.010520 0.039639
v -0.021365 -0.010536 0.039778
v -0.021365 -0.010536 0.039222
v -0.021373 -0.010520 0.039361
v -0.021373 -0.010520 0.009640
v -0.021365 -0.010536 0.009778
v -0.021365 -0.010536 0.009222
v -0.021373 -0.010520 0.009360
v -0.021376 -0.010514 0.039500
v -0.021376 -0.010514 0.009500
v -0.021047 -0.011086 0.048500
v 0.006079 -0.024077 0.049500
v 0.005683 -0.025379 0.049500
v -0.023873 -0.006784 -0.000500
v -0.024803 -0.007778 -0.000500
v 0.001812 -0.023764 0.000500
v 0.007343 -0.025990 0.000500
v 0.005902 -0.026355 0.048500
v 0.007071 -0.025027 -0.000500
v -0.023448 -0.008136 0.049500
v -0.021468 -0.010323 0.048500
v 0.004696 -0.024385 -0.000500
v 0.002345 -0.023692 0.000500
v -0.022021 -0.009081 0.000500
v -0.022210 -0.008520 0.048500
v -0.022214 -0.008524 0.000500
v -0.025192 -0.006400 0.049500
v -0.026162 -0.006646 0.048500
v 0.007332 -0.025950 0.048500
v -0.026487 -0.005194 0.000500
v 0.005129 -0.023243 0.048500
v 0.003164 -0.023622 0.048500
v 0.004507 -0.023403 0.000500
v 0.008782 -0.023227 0.049500
v 0.008438 -0.024600 0.049500
v -0.024488 -0.004019 -0.000500
v -0.025505 -0.005003 -0.000500
v -0.026447 -0.005186 0.048500
v 0.010156 -0.025024 0.000500
v 0.008763 -0.025546 0.048500
v 0.009779 -0.024098 -0.000500
v -0.024220 -0.005410 0.049500
v -0.022503 -0.007809 0.048500
v -0.023062 -0.005834 0.048500
v 0.007442 -0.023690 -0.000500
v 0.005128 -0.023246 0.000500
v -0.022911 -0.006511 0.000500
v -0.025741 -0.003590 0.049500
v 0.007841 -0.022476 0.048500
v 0.005834 -0.023107 0.048500
v -0.023061 -0.005836 0.000500
v 0.010140 -0.024986 0.048500
v -0.026732 -0.003727 0.048500
v -0.026895 -0.002249 0.000500
v 0.007143 -0.022737 0.000500
v 0.011370 -0.022075 0.049500
v 0.011091 -0.023522 0.049500
v -0.024784 -0.001201 -0.000500
v -0.025899 -0.002167 -0.000500
v -0.024677 -0.002614 0.049500
v -0.023244 -0.005193 0.048500
v -0.023591 -0.003066 0.048500
v 0.010092 -0.022688 -0.000500
v 0.007838 -0.022473 0.000500
v -0.026854 -0.002246 0.048500
v 0.012845 -0.023755 0.000500
v 0.011518 -0.024427 0.048500
v 0.012369 -0.022876 -0.000500
v -0.023501 -0.003857 0.000500
v -0.025978 -0.000737 0.049500
v -0.026977 -0.000764 0.048500
v 0.010443 -0.021394 0.048500
v 0.008428 -0.022292 0.048500
v -0.023786 -0.001154 0.000500
v -0.023584 -0.003067 0.000500
v 0.009685 -0.021774 0.000500
v 0.012825 -0.023719 0.048500
v -0.026977 0.000723 0.000500
v 0.013810 -0.020635 0.049500
v 0.013609 -0.022160 0.049500
v -0.024757 0.001632 -0.000500
v -0.025978 0.000696 -0.000500
v -0.024811 0.000216 0.049500
v -0.023682 -0.002510 0.048500
v -0.023789 -0.000255 0.048500
v 0.012610 -0.021390 -0.000500
v 0.010438 -0.021387 0.000500
v -0.026936 0.000722 0.048500
v 0.015378 -0.022198 0.000500
v 0.014133 -0.023012 0.048500
v 0.014808 -0.021376 -0.000500
v -0.025899 0.002126 0.049500
v 0.012900 -0.020013 0.048500
v 0.010912 -0.021186 0.048500
v -0.023760 0.001565 0.000500
v -0.023777 -0.000256 0.000500
v 0.012102 -0.020528 0.000500
v 0.015354 -0.022165 0.048500
v -0.026895 0.002208 0.048500
v -0.026732 0.003686 0.000500
v 0.016069 -0.018926 0.049500
v 0.015962 -0.020528 0.049500
v -0.024408 0.004443 -0.000500
v -0.025741 0.003549 -0.000500
v -0.024623 0.003042 0.049500
v -0.023811 0.000206 0.048500
v -0.023654 0.002561 0.048500
v 0.014964 -0.019813 -0.000500
v 0.012890 -0.020000 0.000500
v -0.026691 0.003681 0.048500
v 0.017724 -0.020372 0.000500
v 0.016576 -0.021317 0.048500
v 0.017067 -0.019618 -0.000500
v -0.025505 0.004962 0.049500
v -0.026487 0.005153 0.048500
v 0.015176 -0.018350 0.048500
v 0.013253 -0.019804 0.048500
v -0.023424 0.004263 0.000500
v -0.023636 0.002558 0.000500
v 0.014361 -0.019015 0.000500
v 0.017697 -0.020341 0.048500
v -0.026162 0.006605 0.000500
v 0.018120 -0.016971 0.049500
v 0.018121 -0.018648 0.049500
v -0.023740 0.007196 -0.000500
v -0.025192 0.006359 -0.000500
v -0.024113 0.005829 0.049500
v -0.023630 0.002919 0.048500
v -0.023187 0.005341 0.048500
v 0.017123 -0.017978 -0.000500
v 0.015162 -0.018334 0.000500
v -0.026122 0.006594 0.048500
v 0.019855 -0.018299 0.000500
v 0.018818 -0.019365 0.048500
v 0.019120 -0.017621 -0.000500
v -0.024803 0.007737 0.049500
v 0.017241 -0.016430 0.048500
v 0.015422 -0.018164 0.048500
v -0.022783 0.006905 0.000500
v -0.023164 0.005335 0.000500
v 0.016432 -0.017254 0.000500
v 0.019825 -0.018271 0.048500
v 0.020060 -0.016541 0.049500
v -0.025757 0.008036 0.048500
v -0.025274 0.009442 0.000500
v 0.019934 -0.014795 0.049500
v -0.022762 0.009855 -0.000500
v -0.024338 0.009092 -0.000500
v -0.023289 0.008540 0.049500
v -0.023141 0.005594 0.048500
v -0.022395 0.008048 0.048500
v 0.019058 -0.015909 -0.000500
v 0.017221 -0.016412 0.000500
v -0.025236 0.009428 0.048500
v 0.021746 -0.016003 0.009698
v 0.021746 -0.016003 0.039302
v 0.021746 -0.016003 0.000500
v 0.021746 -0.016003 0.009302
v 0.021736 -0.016016 0.009500
v 0.020940 -0.015411 -0.000500
v 0.021736 -0.016016 0.039500
v 0.020832 -0.017177 0.048500
v -0.023799 0.010419 0.049500
v 0.019065 -0.014279 0.048500
v 0.017390 -0.016288 0.048500
v -0.021845 0.009457 0.000500
v -0.022367 0.008037 0.000500
v 0.018290 -0.015269 0.000500
v 0.021746 -0.016003 0.039698
v 0.021713 -0.015979 0.048500
v 0.021756 -0.014234 0.049500
v -0.024714 0.010820 0.048500
v -0.024080 0.012165 0.000500
v 0.021488 -0.012427 0.049500
v -0.021488 0.012386 -0.000500
v -0.023187 0.011714 -0.000500
v -0.022161 0.011139 0.049500
v -0.022350 0.008195 0.048500
v -0.021268 0.010689 0.048500
v 0.020745 -0.013633 -0.000500
v 0.019038 -0.014259 0.000500
v 0.021230 -0.014125 0.039500
v 0.021230 -0.014125 0.009500
v -0.024043 0.012147 0.048500
v 0.023233 -0.013752 0.006363
v 0.023094 -0.013984 0.006403
v 0.023372 -0.013514 0.000500
v 0.022956 -0.014210 0.006469
v 0.022818 -0.014430 0.006560
v 0.022685 -0.014640 0.006674
v 0.022557 -0.014837 0.006811
v 0.022435 -0.015020 0.006967
v 0.022320 -0.015191 0.007143
v 0.022116 -0.015486 0.007540
v 0.021953 -0.015718 0.007989
v 0.021833 -0.015883 0.008473
v 0.021761 -0.015983 0.008981
v 0.022506 -0.013014 -0.000500
v 0.021761 -0.015983 0.040019
v 0.021242 -0.014104 0.039778
v 0.021761 -0.015983 0.038981
v 0.021242 -0.014104 0.039222
v 0.021761 -0.015983 0.010019
v 0.022116 -0.015486 0.037540
v 0.021953 -0.015718 0.037989
v 0.021833 -0.015883 0.038473
v 0.021242 -0.014104 0.009778
v 0.021242 -0.014104 0.009222
v 0.021833 -0.015883 0.040527
v 0.021953 -0.015718 0.041011
v 0.022116 -0.015486 0.041460
v 0.022557 -0.014837 0.042189
v 0.022686 -0.014638 0.042326
v 0.022435 -0.015021 0.042033
v 0.022215 -0.015345 0.041668
v 0.022320 -0.015191 0.041857
v 0.022818 -0.014430 0.042440
v 0.022955 -0.014212 0.042531
v 0.022593 -0.014781 0.048500
v 0.021278 -0.014041 0.040047
v 0.021833 -0.015883 0.010527
v 0.021278 -0.014041 0.010047
v -0.022506 0.012973 0.049500
v -0.023372 0.013473 0.048500
v 0.020622 -0.011927 0.048500
v 0.019131 -0.014200 0.048500
v -0.020622 0.011886 0.000500
v -0.021257 0.010626 0.000500
v 0.021337 -0.013939 0.040300
v 0.021278 -0.014041 0.038953
v 0.021953 -0.015718 0.011011
v 0.021337 -0.013939 0.010300
v 0.021278 -0.014041 0.008953
v 0.020211 -0.012613 0.040886
v 0.020089 -0.012806 0.040726
v 0.020276 -0.012508 0.040950
v 0.020412 -0.012284 0.041045
v 0.020343 -0.012398 0.041003
v 0.019982 -0.012972 0.040528
v 0.019894 -0.013107 0.040300
v 0.019859 -0.013161 0.040176
v 0.019829 -0.013205 0.040047
v 0.019806 -0.013240 0.039914
v 0.019789 -0.013265 0.039778
v 0.019779 -0.013280 0.039639
v 0.019776 -0.013285 0.039500
v 0.019779 -0.013280 0.039361
v 0.019894 -0.013107 0.008700
v 0.019982 -0.012972 0.008472
v 0.019894 -0.013107 0.038700
v 0.019982 -0.012972 0.038471
v 0.019789 -0.013265 0.039222
v 0.019806 -0.013240 0.039086
v 0.019829 -0.013205 0.038953
v 0.019859 -0.013161 0.038824
v 0.019779 -0.013280 0.009639
v 0.019776 -0.013285 0.009500
v 0.019779 -0.013280 0.009361
v 0.019789 -0.013265 0.009222
v 0.019806 -0.013240 0.009086
v 0.019829 -0.013205 0.008953
v 0.019859 -0.013161 0.008824
v 0.020089 -0.012806 0.008274
v 0.020211 -0.012613 0.008114
v 0.020276 -0.012508 0.008050
v 0.020343 -0.012398 0.007996
v 0.020412 -0.012284 0.007955
v 0.019909 -0.013085 0.000500
v 0.020552 -0.012048 0.041094
v 0.020482 -0.012167 0.041076
v 0.021417 -0.013801 0.040528
v 0.021337 -0.013939 0.038700
v 0.022320 -0.015191 0.037143
v 0.022116 -0.015486 0.011460
v 0.021417 -0.013801 0.010528
v 0.021337 -0.013939 0.008700
v 0.021417 -0.013801 0.038471
v 0.022215 -0.015345 0.011668
v 0.021417 -0.013801 0.008472
v 0.021515 -0.013630 0.040726
v 0.022320 -0.015191 0.011857
v 0.021515 -0.013630 0.010726
v 0.022557 -0.014837 0.012189
v 0.022686 -0.014638 0.012326
v 0.022818 -0.014430 0.012440
v 0.022955 -0.014212 0.012531
v 0.022435 -0.015021 0.012033
v 0.023094 -0.013984 0.012597
v 0.023234 -0.013750 0.012637
v 0.022435 -0.015020 0.036966
v 0.021515 -0.013630 0.038274
v 0.021515 -0.013630 0.008274
v 0.021630 -0.013432 0.040886
v 0.021630 -0.013432 0.010886
v 0.022557 -0.014837 0.036811
v 0.021630 -0.013432 0.038114
v 0.021630 -0.013432 0.008114
v 0.019789 -0.013265 0.009778
v 0.019806 -0.013240 0.009914
v 0.022685 -0.014640 0.036674
v 0.019829 -0.013205 0.010047
v 0.019859 -0.013161 0.010176
v 0.023094 -0.013984 0.042597
v 0.023234 -0.013750 0.042637
v 0.023336 -0.013494 0.048500
v 0.023187 -0.011755 0.049500
v -0.023372 0.013473 0.000500
v -0.022506 0.012973 -0.000500
v 0.019894 -0.013107 0.010300
v -0.021488 0.012386 0.049500
v 0.022161 -0.011180 -0.000500
v 0.020589 -0.011907 0.000500
v 0.019982 -0.012972 0.010528
v -0.020622 0.011886 0.048500
v 0.020482 -0.012167 0.007924
v 0.020552 -0.012047 0.007906
v 0.022818 -0.014430 0.036560
v 0.021756 -0.013213 0.037996
v 0.021756 -0.013213 0.007996
v 0.021756 -0.013213 0.041003
v 0.021756 -0.013213 0.011003
v 0.020089 -0.012806 0.038274
v 0.020089 -0.012806 0.010726
v 0.022956 -0.014210 0.036469
v 0.020211 -0.012613 0.038114
v 0.020211 -0.012613 0.010886
v 0.021891 -0.012980 0.041076
v 0.021891 -0.012980 0.011076
v 0.023094 -0.013984 0.036403
v 0.021891 -0.012980 0.037924
v 0.021891 -0.012980 0.007924
v 0.020343 -0.012398 0.037996
v 0.020276 -0.012508 0.038050
v 0.020276 -0.012508 0.010950
v 0.020343 -0.012398 0.011003
v 0.020482 -0.012167 0.037924
v 0.020412 -0.012284 0.037955
v 0.020552 -0.012048 0.011094
v 0.020482 -0.012167 0.011076
v 0.020412 -0.012284 0.011045
v 0.023233 -0.013752 0.036363
v 0.022030 -0.012739 0.041100
v 0.022030 -0.012739 0.037900
v 0.020622 -0.011927 0.037900
v 0.020552 -0.012048 0.037906
v 0.022030 -0.012739 0.011100
v 0.022030 -0.012739 0.007900
v 0.020622 -0.011927 0.007900
v 0.023372 -0.013514 0.036350
v 0.023372 -0.013514 0.006350
v 0.023372 -0.013514 0.042650
v 0.023372 -0.013514 0.012650
v 0.020622 -0.011927 0.011100
v 0.020622 -0.011927 0.041100
v 0.021845 -0.009498 0.048500
v 0.020760 -0.011685 0.041076
v 0.020692 -0.011806 0.041094
v 0.021268 -0.010730 0.000500
v 0.022168 -0.012499 0.037924
v 0.020691 -0.011806 0.037906
v 0.022168 -0.012499 0.007924
v 0.020691 -0.011806 0.007906
v 0.022762 -0.009896 0.049500
v -0.020940 0.015370 0.049500
v -0.021746 0.015962 0.048500
v -0.022559 0.014718 0.048500
v 0.024080 -0.012206 0.048500
v 0.023508 -0.013276 0.036363
v 0.020692 -0.011806 0.011094
v 0.023507 -0.013277 0.012637
v 0.023508 -0.013276 0.006363
v 0.024714 -0.010861 0.000500
v 0.023640 -0.013039 0.006403
v 0.023799 -0.010460 -0.000500
v -0.019848 0.013065 0.000500
v -0.021756 0.014193 -0.000500
v -0.019934 0.014754 -0.000500
v 0.023507 -0.013277 0.042637
v 0.022168 -0.012499 0.041076
v 0.022168 -0.012499 0.011076
v -0.020745 0.013592 0.049500
v -0.019909 0.013044 0.048500
v -0.022593 0.014740 0.000500
v 0.020760 -0.011685 0.037924
v 0.020760 -0.011685 0.011076
v 0.020760 -0.011685 0.007924
v 0.023640 -0.013039 0.042597
v 0.023889 -0.012577 0.036560
v 0.023767 -0.012805 0.036469
v 0.024208 -0.011950 0.036967
v 0.024109 -0.012147 0.036811
v 0.024003 -0.012357 0.036674
v 0.023640 -0.013039 0.036403
v 0.024298 -0.011765 0.037143
v 0.023640 -0.013039 0.012597
v 0.022303 -0.012265 0.041003
v 0.023767 -0.012805 0.042531
v 0.020826 -0.011567 0.041046
v 0.022303 -0.012265 0.037996
v 0.020826 -0.011566 0.037955
v 0.022303 -0.012265 0.011003
v 0.023767 -0.012805 0.012531
v 0.021011 -0.011227 0.038114
v 0.020826 -0.011567 0.011046
v 0.020952 -0.011337 0.038050
v 0.020890 -0.011450 0.037996
v 0.023767 -0.012805 0.006469
v 0.022303 -0.012265 0.007996
v 0.020826 -0.011566 0.007955
v 0.021850 -0.009389 0.000500
v 0.020890 -0.011450 0.041003
v 0.020890 -0.011450 0.011003
v 0.020890 -0.011450 0.007996
v 0.024677 -0.010845 0.048500
v 0.022430 -0.012046 0.040886
v 0.024002 -0.012358 0.042326
v 0.023889 -0.012577 0.042440
v 0.021880 -0.009402 0.048500
v 0.020952 -0.011337 0.040950
v 0.022430 -0.012046 0.038114
v 0.022430 -0.012046 0.010886
v 0.024002 -0.012358 0.012326
v 0.023889 -0.012577 0.012440
v 0.020952 -0.011337 0.010950
v 0.024003 -0.012357 0.006674
v 0.022430 -0.012046 0.008114
v 0.023889 -0.012577 0.006560
v 0.020952 -0.011337 0.008050
v 0.021011 -0.011227 0.008114
v 0.021011 -0.011227 0.040886
v 0.021011 -0.011227 0.010886
v 0.022544 -0.011849 0.040726
v 0.024208 -0.011950 0.042033
v 0.024109 -0.012147 0.042189
v 0.021117 -0.011025 0.040726
v 0.022544 -0.011849 0.038274
v 0.021117 -0.011025 0.038274
v 0.021117 -0.011025 0.010726
v 0.022544 -0.011849 0.010726
v 0.024208 -0.011950 0.012033
v 0.024109 -0.012147 0.012189
v 0.024208 -0.011950 0.006967
v 0.022544 -0.011849 0.008274
v 0.024109 -0.012147 0.006811
v 0.021117 -0.011025 0.008274
v 0.022642 -0.011678 0.040528
v 0.024298 -0.011765 0.041857
v 0.021208 -0.010849 0.040528
v 0.024452 -0.011441 0.037540
v 0.022642 -0.011678 0.038471
v 0.021208 -0.010849 0.038471
v 0.022642 -0.011678 0.010528
v 0.024298 -0.011765 0.011857
v 0.021208 -0.010849 0.010528
v 0.024452 -0.011441 0.007540
v 0.022642 -0.011678 0.008472
v 0.024298 -0.011765 0.007143
v 0.021208 -0.010849 0.008472
v 0.022722 -0.011539 0.040300
v 0.024452 -0.011441 0.041460
v 0.021280 -0.010707 0.040300
v 0.024571 -0.011184 0.037989
v 0.022722 -0.011539 0.038700
v 0.021365 -0.010536 0.009778
v 0.021351 -0.010563 0.009915
v 0.021373 -0.010520 0.009640
v 0.021333 -0.010601 0.010047
v 0.021309 -0.010649 0.010177
v 0.021280 -0.010707 0.010300
v 0.021280 -0.010707 0.038700
v 0.022722 -0.011539 0.010300
v 0.024452 -0.011441 0.011460
v 0.024571 -0.011184 0.007989
v 0.022722 -0.011539 0.008700
v 0.021280 -0.010707 0.008700
v 0.023289 -0.008581 -0.000500
v 0.022781 -0.011437 0.040047
v 0.024571 -0.011184 0.041011
v 0.021309 -0.010649 0.040176
v 0.024654 -0.010997 0.038473
v 0.022781 -0.011437 0.038953
v 0.021309 -0.010649 0.038823
v 0.022781 -0.011437 0.010047
v 0.024571 -0.011184 0.011011
v 0.024654 -0.010997 0.008473
v 0.022781 -0.011437 0.008953
v 0.021309 -0.010649 0.008823
v -0.019131 0.014159 0.000500
v -0.018290 0.015228 0.048500
v -0.019058 0.015868 0.049500
v -0.019120 0.017580 0.049500
v 0.024803 -0.007778 -0.000500
v 0.024338 -0.009133 0.049500
v -0.020060 0.016500 -0.000500
v -0.020832 0.017136 0.000500
v 0.021333 -0.010601 0.038953
v 0.021333 -0.010601 0.008953
v 0.021333 -0.010601 0.040047
v 0.022817 -0.011375 0.039778
v 0.024654 -0.010997 0.040527
v 0.021351 -0.010563 0.039915
v 0.024704 -0.010885 0.038981
v 0.022817 -0.011375 0.039222
v 0.021352 -0.010563 0.039086
v 0.022817 -0.011375 0.009778
v 0.024654 -0.010997 0.010527
v 0.024704 -0.010885 0.008981
v 0.022817 -0.011375 0.009222
v 0.021352 -0.010563 0.009086
v 0.021365 -0.010536 0.039222
v 0.021365 -0.010536 0.009222
v 0.021365 -0.010536 0.039778
v 0.022830 -0.011354 0.039500
v 0.024714 -0.010861 0.039698
v 0.024704 -0.010885 0.040019
v 0.021373 -0.010520 0.039640
v 0.024714 -0.010861 0.039302
v 0.021373 -0.010520 0.039360
v 0.022830 -0.011354 0.009500
v 0.024714 -0.010861 0.009698
v 0.024704 -0.010885 0.010019
v 0.024714 -0.010861 0.009302
v 0.021373 -0.010520 0.009360
v 0.021376 -0.010514 0.039500
v 0.021376 -0.010514 0.009500
v 0.024721 -0.010847 0.039500
v 0.024721 -0.010847 0.009500
v -0.018161 0.015321 0.000500
v -0.018185 0.015340 0.048500
v 0.022350 -0.008236 0.000500
v 0.022783 -0.006946 0.048500
v 0.023740 -0.007237 0.049500
v -0.018120 0.016930 -0.000500
v -0.019855 0.018258 0.048500
v -0.020800 0.017110 0.048500
v 0.025274 -0.009483 0.048500
v 0.025757 -0.008077 0.000500
v 0.025718 -0.008064 0.048500
v 0.022806 -0.006739 0.000500
v 0.024113 -0.005870 -0.000500
v -0.017390 0.016247 0.000500
v -0.016432 0.017213 0.048500
v -0.017123 0.017937 0.049500
v -0.017067 0.019577 0.049500
v 0.025505 -0.005003 -0.000500
v 0.025192 -0.006400 0.049500
v -0.018121 0.018607 -0.000500
v -0.018818 0.019324 0.000500
v 0.022831 -0.006747 0.048500
v -0.016220 0.017362 0.000500
v 0.023141 -0.005634 0.000500
v 0.023424 -0.004304 0.048500
v 0.024408 -0.004484 0.049500
v -0.016069 0.018885 -0.000500
v -0.017724 0.020331 0.048500
v -0.018790 0.019294 0.048500
v 0.026162 -0.006646 0.048500
v 0.026487 -0.005194 0.000500
v -0.016237 0.017379 0.048500
v 0.023441 -0.003994 0.000500
v 0.024623 -0.003083 -0.000500
v -0.015422 0.018123 0.000500
v -0.014361 0.018974 0.048500
v -0.014964 0.019772 0.049500
v -0.014808 0.021335 0.049500
v 0.025899 -0.002167 -0.000500
v 0.025741 -0.003590 0.049500
v -0.015962 0.020487 -0.000500
v -0.016576 0.021276 0.000500
v 0.026447 -0.005186 0.048500
v 0.023462 -0.003999 0.048500
v -0.014051 0.019160 0.000500
v 0.023630 -0.002960 0.000500
v 0.023760 -0.001606 0.048500
v 0.024757 -0.001673 0.049500
v -0.013810 0.020594 -0.000500
v -0.015378 0.022157 0.048500
v -0.016551 0.021244 0.048500
v 0.026732 -0.003727 0.048500
v 0.026895 -0.002249 0.000500
v -0.014063 0.019174 0.048500
v 0.023748 -0.001194 0.000500
v 0.024811 -0.000257 -0.000500
v -0.013253 0.019763 0.000500
v -0.012102 0.020487 0.048500
v -0.012610 0.021349 0.049500
v -0.012369 0.022835 0.049500
v 0.025978 0.000696 -0.000500
v 0.025978 -0.000737 0.049500
v -0.013609 0.022119 -0.000500
v -0.014133 0.022971 0.000500
v 0.026854 -0.002246 0.048500
v 0.023764 -0.001196 0.048500
v -0.011684 0.020689 0.000500
v 0.023811 -0.000247 0.000500
v 0.023786 0.001113 0.048500
v 0.024784 0.001160 0.049500
v -0.011370 0.022034 -0.000500
v -0.012845 0.023714 0.048500
v -0.014111 0.022936 0.048500
v 0.026977 -0.000764 0.048500
v 0.026977 0.000723 0.000500
v -0.011692 0.020699 0.048500
v 0.023722 0.001623 0.000500
v 0.024677 0.002573 -0.000500
v -0.010912 0.021145 0.000500
v -0.009685 0.021733 0.048500
v -0.010092 0.022647 0.049500
v -0.009779 0.024057 0.049500
v 0.025741 0.003549 -0.000500
v 0.025899 0.002126 0.049500
v -0.011091 0.023481 -0.000500
v -0.011518 0.024386 0.000500
v 0.026936 0.000722 0.048500
v 0.023732 0.001622 0.048500
v -0.009154 0.021927 0.000500
v 0.023682 0.002469 0.000500
v 0.023501 0.003817 0.048500
v 0.024488 0.003978 0.049500
v -0.008782 0.023186 -0.000500
v -0.010156 0.024983 0.048500
v -0.011500 0.024349 0.048500
v -0.009158 0.021933 0.048500
v 0.023364 0.004418 0.000500
v 0.026895 0.002208 0.048500
v 0.026732 0.003686 0.000500
v -0.008428 0.022251 0.000500
v -0.007143 0.022696 0.048500
v -0.007442 0.023649 0.049500
v -0.007071 0.024986 0.049500
v 0.024220 0.005369 -0.000500
v 0.025192 0.006359 -0.000500
v 0.025505 0.004962 0.049500
v -0.008438 0.024559 -0.000500
v -0.008763 0.025505 0.000500
v 0.023368 0.004417 0.048500
v -0.006494 0.022859 0.000500
v 0.026691 0.003681 0.048500
v 0.023244 0.005152 0.000500
v 0.022911 0.006470 0.048500
v 0.023873 0.006743 0.049500
v -0.006079 0.024036 -0.000500
v -0.007343 0.025949 0.048500
v -0.008750 0.025466 0.048500
v -0.006496 0.022859 0.048500
v 0.022678 0.007151 0.000500
v 0.026487 0.005153 0.048500
v -0.005834 0.023066 0.000500
v -0.004507 0.023362 0.048500
v -0.004696 0.024344 0.049500
v 0.026162 0.006605 0.000500
v -0.004277 0.025613 0.049500
v 0.023448 0.008095 -0.000500
v 0.024338 0.009092 -0.000500
v 0.024803 0.007737 0.049500
v -0.005683 0.025338 -0.000500
v -0.005902 0.026314 0.000500
v 0.022676 0.007149 0.048500
v -0.003743 0.023469 0.000500
v 0.022503 0.007768 0.000500
v 0.022021 0.009040 0.048500
v 0.022946 0.009420 0.049500
v 0.026122 0.006594 0.048500
v -0.003297 0.024572 -0.000500
v -0.003744 0.023464 0.048500
v 0.021673 0.009784 0.000500
v -0.004442 0.026599 0.048500
v -0.005893 0.026274 0.048500
v -0.001386 0.023752 0.010300
v -0.001226 0.023760 0.010528
v -0.001576 0.023740 0.009778
v -0.001545 0.023742 0.009914
v -0.001504 0.023744 0.010047
v -0.001450 0.023748 0.010176
v -0.001594 0.023739 0.039639
v -0.001576 0.023740 0.039778
v -0.001594 0.023739 0.039360
v -0.001600 0.023738 0.039500
v -0.001545 0.023742 0.039914
v -0.001504 0.023744 0.040047
v -0.001450 0.023748 0.040176
v -0.001386 0.023752 0.040300
v -0.001226 0.023760 0.040528
v -0.001028 0.023770 0.040726
v -0.001812 0.023723 0.048500
v -0.001594 0.023739 0.009639
v -0.001888 0.024720 0.049500
v -0.003164 0.023581 0.000500
v -0.001028 0.023770 0.008274
v -0.001226 0.023760 0.008472
v -0.001386 0.023752 0.008700
v -0.001450 0.023748 0.008824
v -0.001504 0.023744 0.008953
v -0.001546 0.023742 0.009086
v -0.001576 0.023740 0.009222
v -0.001594 0.023739 0.009360
v -0.001600 0.023738 0.009500
v -0.001432 0.025928 0.049500
v 0.022370 0.010715 -0.000500
v 0.023187 0.011714 -0.000500
v 0.025757 0.008036 0.048500
v 0.025274 0.009442 0.000500
v 0.021666 0.009780 0.048500
v -0.000939 0.023751 0.000500
v -0.000941 0.023773 0.008213
v 0.023799 0.010419 0.049500
v -0.002859 0.025809 -0.000500
v -0.002969 0.026803 0.000500
v 0.021468 0.010282 0.000500
v 0.020845 0.011491 0.048500
v 0.021721 0.011974 0.049500
v -0.000472 0.024787 -0.000500
v -0.000940 0.023740 0.048500
v 0.020365 0.012281 0.000500
v -0.001600 0.025417 0.039500
v -0.001600 0.025417 0.009500
v -0.001576 0.025417 0.039778
v -0.001576 0.025417 0.009778
v -0.001576 0.023740 0.039222
v -0.001576 0.025417 0.039222
v -0.001576 0.025417 0.009222
v -0.001546 0.023742 0.039086
v -0.001504 0.025417 0.040047
v -0.001504 0.025417 0.010047
v -0.001504 0.023744 0.038953
v -0.001504 0.025417 0.038953
v -0.001504 0.025417 0.008953
v -0.002984 0.026801 0.039500
v -0.002969 0.026803 0.039302
v -0.001450 0.023748 0.038824
v 0.025236 0.009428 0.048500
v -0.002969 0.026803 0.009302
v -0.002969 0.026803 0.009698
v -0.002984 0.026801 0.009500
v -0.001386 0.023752 0.038700
v -0.001386 0.025417 0.038700
v -0.001386 0.025417 0.008700
v -0.001386 0.025417 0.040300
v -0.001386 0.025417 0.010300
v -0.001226 0.025417 0.040528
v -0.001226 0.023760 0.038471
v -0.001226 0.025417 0.010528
v -0.001028 0.025417 0.040726
v -0.001028 0.023770 0.010726
v -0.001028 0.023770 0.038274
v -0.001226 0.025417 0.038471
v -0.001028 0.025417 0.010726
v -0.001226 0.025417 0.008472
v -0.001487 0.026926 0.048500
v -0.002964 0.026762 0.048500
v -0.000941 0.023773 0.040787
v -0.000941 0.023773 0.038213
v -0.001028 0.025417 0.038274
v -0.000941 0.023773 0.010787
v -0.001028 0.025417 0.008274
v -0.000800 0.023779 0.040886
v -0.000677 0.023782 0.040950
v -0.000547 0.023786 0.041003
v -0.000414 0.023788 0.041045
v -0.000278 0.023790 0.041076
v -0.000140 0.023792 0.041094
v 0.000907 0.023775 0.048500
v 0.000945 0.024774 0.049500
v -0.000453 0.023788 0.000500
v 0.000000 0.023792 0.007900
v -0.000140 0.023792 0.007906
v -0.000278 0.023790 0.007924
v -0.000414 0.023788 0.007954
v -0.000547 0.023786 0.007996
v -0.000677 0.023782 0.008050
v -0.000800 0.023779 0.008114
v -0.000800 0.025417 0.040886
v -0.000800 0.023779 0.010886
v -0.000800 0.023779 0.038114
v -0.000800 0.025417 0.038114
v -0.000800 0.025417 0.010886
v -0.000800 0.025417 0.008114
v -0.000677 0.023782 0.038050
v -0.000547 0.023786 0.037996
v -0.000677 0.023782 0.010950
v -0.000547 0.025417 0.037996
v -0.000547 0.025417 0.007996
v -0.000547 0.023786 0.011003
v -0.000547 0.025417 0.041003
v -0.000414 0.023788 0.011045
v -0.000278 0.023790 0.011076
v -0.000140 0.023792 0.011094
v -0.000415 0.023788 0.037955
v -0.000547 0.025417 0.011003
v 0.020353 0.012272 0.048500
v 0.001879 0.023699 0.000500
v 0.000140 0.023792 0.007906
v -0.000278 0.023790 0.037924
v -0.000278 0.025417 0.037924
v -0.000278 0.025417 0.007924
v -0.000278 0.025417 0.041076
v -0.000140 0.023792 0.037906
v -0.000278 0.025417 0.011076
v 0.001432 0.025928 0.049500
v 0.021000 0.013195 -0.000500
v 0.021756 0.014193 -0.000500
v 0.000000 0.023792 0.037900
v 0.000000 0.025417 0.037900
v 0.000000 0.025417 0.007900
v 0.000000 0.023792 0.041100
v 0.000000 0.023792 0.011100
v 0.000140 0.023792 0.041094
v 0.000000 0.025417 0.041100
v 0.000140 0.023792 0.037906
v 0.000278 0.025417 0.037924
v 0.000140 0.023792 0.011094
v 0.000000 0.025417 0.011100
v 0.000278 0.025417 0.007924
v 0.001877 0.023682 0.048500
v 0.000278 0.023790 0.041076
v 0.000278 0.025417 0.041076
v 0.000547 0.023786 0.037996
v 0.000414 0.023788 0.037954
v 0.000278 0.023790 0.011076
v 0.000278 0.023790 0.037924
v 0.000278 0.025417 0.011076
v 0.000278 0.023790 0.007924
v 0.000415 0.023788 0.041045
v 0.000547 0.025417 0.037996
v 0.000415 0.023788 0.011045
v 0.000414 0.023788 0.007954
v 0.000547 0.025417 0.007996
v 0.024714 0.010820 0.048500
v 0.020154 0.012662 0.000500
v 0.019397 0.013792 0.048500
v 0.000547 0.023786 0.007996
v 0.000547 0.023786 0.041003
v 0.000547 0.025417 0.041003
v 0.000547 0.023786 0.011003
v 0.000547 0.025417 0.011003
v -0.002969 0.026803 0.039698
v 0.024080 0.012165 0.000500
v 0.000676 0.023782 0.040950
v 0.000800 0.023779 0.010886
v 0.000676 0.023782 0.038050
v 0.000677 0.023782 0.010950
v 0.000800 0.025417 0.038114
v 0.000677 0.023782 0.008050
v 0.000800 0.025417 0.008114
v 0.022506 0.012973 0.049500
v 0.000000 0.025967 -0.000500
v 0.000000 0.026967 0.000500
v 0.000800 0.023779 0.040886
v 0.000800 0.025417 0.040886
v 0.000800 0.025417 0.010886
v 0.000800 0.023779 0.038114
v 0.000800 0.023779 0.008114
v 0.001028 0.023770 0.040726
v 0.001028 0.025417 0.040726
v 0.001028 0.023770 0.038274
v 0.001028 0.023770 0.010726
v 0.001028 0.025417 0.010726
v 0.001028 0.023770 0.008274
v 0.018770 0.014606 0.000500
v 0.001226 0.023760 0.040528
v 0.001226 0.025417 0.040528
v 0.001226 0.023760 0.038471
v 0.001028 0.025417 0.038274
v 0.001226 0.023760 0.010528
v 0.001226 0.025417 0.010528
v 0.001226 0.023760 0.008472
v 0.001028 0.025417 0.008274
v 0.001386 0.023752 0.040300
v 0.001386 0.025417 0.040300
v 0.001386 0.023752 0.038700
v 0.001386 0.023752 0.010300
v 0.001450 0.023748 0.010177
v 0.001504 0.023744 0.010047
v 0.001546 0.023742 0.009914
v 0.001576 0.023740 0.009778
v 0.001594 0.023739 0.009639
v 0.001600 0.023738 0.009500
v 0.001226 0.025417 0.038471
v 0.001386 0.025417 0.010300
v 0.001386 0.023752 0.008700
v 0.001226 0.025417 0.008472
v -0.002821 0.026819 0.040527
v -0.002944 0.026806 0.040019
v -0.002944 0.026806 0.038981
v -0.002821 0.026819 0.010527
v -0.002944 0.026806 0.010019
v -0.002944 0.026806 0.008981
v 0.020212 0.014372 0.049500
v 0.002359 0.024680 -0.000500
v -0.002618 0.026840 0.041011
v -0.002821 0.026819 0.038473
v -0.002618 0.026840 0.011011
v -0.002821 0.026819 0.008473
v 0.001450 0.023748 0.040177
v 0.001450 0.023748 0.038824
v 0.001386 0.025417 0.038700
v 0.001450 0.023748 0.008824
v 0.001386 0.025417 0.008700
v 0.001504 0.023744 0.040047
v 0.001504 0.025417 0.040047
v 0.001504 0.025417 0.010047
v 0.001504 0.023744 0.038953
v 0.001504 0.025417 0.038953
v 0.001504 0.023744 0.008953
v 0.001504 0.025417 0.008953
v 0.001546 0.023742 0.039914
v 0.001545 0.023742 0.039086
v 0.001545 0.023742 0.009086
v -0.002335 0.026866 0.041460
v -0.002618 0.026840 0.037989
v -0.002335 0.026866 0.011460
v -0.002618 0.026840 0.007989
v 0.001576 0.023740 0.039222
v 0.001576 0.025417 0.039222
v 0.001576 0.023740 0.009222
v 0.001576 0.025417 0.009222
v 0.001576 0.023740 0.039778
v 0.001576 0.025417 0.039778
v 0.001576 0.025417 0.009778
v 0.001594 0.023739 0.039639
v 0.001594 0.023739 0.039361
v 0.001594 0.023739 0.009360
v 0.001600 0.023738 0.039500
v 0.001600 0.025417 0.039500
v 0.001600 0.025417 0.009500
v -0.001978 0.026894 0.041857
v -0.002335 0.026866 0.037540
v -0.001978 0.026894 0.011857
v -0.002335 0.026866 0.007540
v 0.002264 0.023684 0.000500
v 0.003613 0.023516 0.048500
v 0.003765 0.024505 0.049500
v -0.001774 0.026909 0.042032
v -0.001773 0.026909 0.036967
v -0.001978 0.026894 0.037143
v -0.001774 0.026909 0.012032
v -0.001773 0.026909 0.006967
v -0.001978 0.026894 0.007143
v -0.001317 0.026935 0.042326
v -0.001553 0.026922 0.042189
v -0.001316 0.026935 0.036674
v -0.001553 0.026922 0.036811
v -0.001317 0.026935 0.012326
v -0.001553 0.026922 0.012189
v -0.001316 0.026935 0.006674
v -0.001553 0.026922 0.006811
v 0.018755 0.014592 0.048500
v 0.004672 0.023314 0.000500
v -0.000546 0.026961 0.042597
v -0.000812 0.026955 0.042531
v -0.001070 0.026946 0.042440
v 0.024043 0.012147 0.048500
v -0.001070 0.026946 0.006560
v -0.000813 0.026955 0.006469
v -0.000546 0.026961 0.006403
v 0.001487 0.026926 0.048500
v 0.000000 0.026926 0.048500
v -0.000813 0.026955 0.036469
v -0.001070 0.026946 0.036560
v -0.000812 0.026955 0.012531
v -0.001070 0.026946 0.012440
v -0.000274 0.026966 0.042637
v -0.000273 0.026966 0.036363
v -0.000546 0.026961 0.036403
v -0.000274 0.026966 0.012637
v -0.000546 0.026961 0.012597
v -0.000273 0.026966 0.006363
v 0.004277 0.025613 0.049500
v 0.019357 0.015503 -0.000500
v 0.020060 0.016500 -0.000500
v 0.000275 0.026966 0.042637
v 0.000000 0.026967 0.042650
v 0.000273 0.026966 0.036363
v 0.000000 0.026967 0.036350
v 0.000275 0.026966 0.012637
v 0.000000 0.026967 0.012650
v 0.000273 0.026966 0.006363
v 0.000000 0.026967 0.006350
v 0.018577 0.014877 0.000500
v 0.017696 0.015913 0.048500
v 0.000811 0.026955 0.042531
v 0.000546 0.026961 0.042597
v 0.000812 0.026955 0.036469
v 0.000546 0.026961 0.036403
v 0.000811 0.026955 0.012531
v 0.000546 0.026961 0.012597
v 0.000812 0.026955 0.006469
v 0.000546 0.026961 0.006403
v 0.004667 0.023292 0.048500
v 0.016912 0.016726 0.000500
v 0.001318 0.026935 0.042325
v 0.001070 0.026946 0.042440
v 0.001317 0.026935 0.036674
v 0.001070 0.026946 0.036560
v 0.001318 0.026935 0.012325
v 0.001070 0.026946 0.012440
v 0.001317 0.026935 0.006674
v 0.001070 0.026946 0.006560
v 0.001978 0.026894 0.041857
v 0.001553 0.026922 0.042189
v 0.001773 0.026909 0.036967
v 0.001553 0.026922 0.036811
v 0.001924 0.026898 0.011907
v 0.001553 0.026922 0.012189
v 0.001773 0.026909 0.006967
v 0.001553 0.026922 0.006811
v 0.020940 0.015370 0.049500
v 0.023372 0.013473 0.048500
v 0.002859 0.025809 -0.000500
v 0.002969 0.026803 0.000500
v 0.004951 0.023272 0.000500
v 0.006273 0.022951 0.048500
v 0.006536 0.023916 0.049500
v 0.002335 0.026866 0.041460
v 0.001978 0.026894 0.037143
v 0.002335 0.026866 0.011460
v 0.001978 0.026894 0.007143
v 0.005159 0.024250 -0.000500
v 0.018439 0.016582 0.049500
v 0.022593 0.014740 0.000500
v 0.002618 0.026840 0.041011
v 0.002335 0.026866 0.037540
v 0.002618 0.026840 0.011011
v 0.002335 0.026866 0.007540
v 0.016894 0.016707 0.048500
v 0.007401 0.022603 0.000500
v 0.002821 0.026819 0.040527
v 0.002618 0.026840 0.037989
v 0.002821 0.026819 0.010527
v 0.002618 0.026840 0.007989
v 0.002944 0.026806 0.040019
v 0.002821 0.026819 0.038473
v 0.002944 0.026806 0.010019
v 0.002821 0.026819 0.008473
v 0.002969 0.026803 0.039698
v 0.002969 0.026803 0.039302
v 0.002944 0.026806 0.038981
v 0.002969 0.026803 0.009698
v 0.002969 0.026803 0.009302
v 0.002944 0.026806 0.008981
v 0.002984 0.026801 0.039500
v 0.002984 0.026801 0.009500
v 0.016758 0.016897 0.000500
v 0.015764 0.017827 0.048500
v 0.017461 0.017608 -0.000500
v 0.007391 0.022576 0.048500
v 0.014816 0.018613 0.000500
v 0.007071 0.024986 0.049500
v 0.018121 0.018607 -0.000500
v 0.004442 0.026599 0.048500
v 0.002964 0.026762 0.048500
v 0.008850 0.022086 0.048500
v 0.009222 0.023015 0.049500
v 0.007574 0.022555 0.000500
v 0.007892 0.023504 -0.000500
v 0.014797 0.018588 0.048500
v 0.016426 0.018576 0.049500
v 0.010098 0.021545 0.000500
v 0.010012 0.021542 0.048500
v 0.022559 0.014718 0.048500
v 0.014720 0.018697 0.000500
v 0.013627 0.019507 0.048500
v 0.015338 0.019483 -0.000500
v 0.012490 0.020253 0.000500
v 0.019120 0.017580 0.049500
v 0.005683 0.025338 -0.000500
v 0.011312 0.020933 0.048500
v 0.011788 0.021813 0.049500
v 0.010522 0.022451 -0.000500
v 0.012492 0.020207 0.048500
v 0.014200 0.020327 0.049500
v 0.021746 0.015962 0.048500
v 0.005902 0.026314 0.000500
v 0.013015 0.021105 -0.000500
v 0.009779 0.024057 0.049500
v 0.015962 0.020487 -0.000500
v 0.020832 0.017136 0.000500
v 0.017067 0.019577 0.049500
v 0.008438 0.024559 -0.000500
v 0.007343 0.025949 0.048500
v 0.005893 0.026274 0.048500
v 0.012369 0.022835 0.049500
v 0.013609 0.022119 -0.000500
v 0.020800 0.017110 0.048500
v 0.014808 0.021335 0.049500
v 0.011091 0.023481 -0.000500
v 0.019855 0.018258 0.048500
v 0.008763 0.025505 0.000500
v 0.010156 0.024983 0.048500
v 0.008750 0.025466 0.048500
v 0.018818 0.019324 0.000500
v 0.018790 0.019294 0.048500
v 0.017724 0.020331 0.048500
v 0.011518 0.024386 0.000500
v 0.012845 0.023714 0.048500
v 0.011500 0.024349 0.048500
v 0.016576 0.021276 0.000500
v 0.016551 0.021244 0.048500
v 0.015378 0.022157 0.048500
v 0.014133 0.022971 0.000500
v 0.014111 0.022936 0.048500
v 0.000000 -0.022245 -0.000500
v 0.004135 -0.023471 -0.000500
v 0.000000 -0.023833 -0.000500
v -0.003859 -0.021908 -0.000500
v -0.004135 -0.023471 -0.000500
v 0.000000 -0.023833 0.226500
v -0.004135 -0.023471 0.226500
v 0.004135 -0.023471 0.226500
v 0.000000 -0.023833 0.453500
v -0.004135 -0.023471 0.453500
v 0.000000 -0.022245 0.453500
v 0.003859 -0.021908 0.453500
v 0.004135 -0.023471 0.453500
v 0.003859 -0.021908 -0.000500
v 0.008144 -0.022397 -0.000500
v 0.008144 -0.022397 0.226500
v 0.007601 -0.020905 0.453500
v 0.008144 -0.022397 0.453500
v -0.007601 -0.020905 -0.000500
v -0.008144 -0.022397 -0.000500
v -0.008144 -0.022397 0.226500
v -0.008144 -0.022397 0.453500
v -0.003859 -0.021908 0.453500
v 0.007601 -0.020905 -0.000500
v 0.011906 -0.020643 -0.000500
v 0.011906 -0.020643 0.226500
v 0.011906 -0.020643 0.441900
v 0.011786 -0.020712 0.441906
v 0.011665 -0.020780 0.441924
v 0.011546 -0.020847 0.441954
v 0.011429 -0.020911 0.441996
v 0.011316 -0.020972 0.442049
v 0.011207 -0.021031 0.442114
v 0.011004 -0.021138 0.442274
v 0.010829 -0.021228 0.442471
v 0.010686 -0.021301 0.442700
v 0.010628 -0.021330 0.442824
v 0.010580 -0.021353 0.442952
v 0.010543 -0.021372 0.443085
v 0.011112 -0.019268 0.453500
v 0.011906 -0.020643 0.453500
v 0.010686 -0.021301 0.444300
v 0.010829 -0.021228 0.444528
v 0.010516 -0.021385 0.443222
v 0.010499 -0.021393 0.443361
v 0.010494 -0.021396 0.443500
v 0.010499 -0.021393 0.443639
v 0.010516 -0.021385 0.443778
v 0.010543 -0.021372 0.443914
v 0.010580 -0.021353 0.444047
v 0.010628 -0.021330 0.444176
v 0.011004 -0.021138 0.444725
v 0.011207 -0.021031 0.444885
v 0.011315 -0.020973 0.444950
v 0.011429 -0.020911 0.445003
v 0.011546 -0.020846 0.445045
v -0.011112 -0.019268 -0.000500
v -0.011906 -0.020643 -0.000500
v -0.011906 -0.020643 0.226500
v -0.010516 -0.021385 0.443222
v -0.010543 -0.021372 0.443086
v -0.010580 -0.021353 0.442952
v -0.010629 -0.021329 0.442823
v -0.010686 -0.021301 0.442700
v -0.010829 -0.021228 0.442471
v -0.010499 -0.021393 0.443360
v -0.007601 -0.020905 0.453500
v -0.011906 -0.020643 0.453500
v -0.011665 -0.020780 0.445075
v -0.011546 -0.020846 0.445045
v -0.011429 -0.020911 0.445003
v -0.011315 -0.020973 0.444950
v -0.011207 -0.021031 0.444885
v -0.011004 -0.021138 0.444725
v -0.010829 -0.021228 0.444528
v -0.010686 -0.021301 0.444300
v -0.010628 -0.021330 0.444176
v -0.010580 -0.021353 0.444047
v -0.010543 -0.021372 0.443914
v -0.010516 -0.021385 0.443778
v -0.010499 -0.021393 0.443639
v -0.010494 -0.021396 0.443500
v 0.000000 -0.022245 0.226500
v -0.003859 -0.021908 0.226500
v 0.003859 -0.021908 0.226500
v 0.007601 -0.020905 0.226500
v -0.007601 -0.020905 0.226500
v 0.009703 -0.020015 0.443361
v 0.009698 -0.020018 0.443500
v -0.009704 -0.020015 0.443639
v -0.009698 -0.020018 0.443500
v 0.009720 -0.020007 0.443222
v 0.009703 -0.020015 0.443639
v -0.009720 -0.020007 0.443778
v -0.009704 -0.020015 0.443360
v 0.009747 -0.019994 0.443085
v 0.009720 -0.020007 0.443778
v -0.009720 -0.020007 0.443222
v -0.009747 -0.019994 0.443914
v -0.009747 -0.019994 0.443086
v 0.009785 -0.019976 0.442952
v 0.009747 -0.019994 0.443914
v -0.009785 -0.019976 0.444047
v 0.009833 -0.019952 0.442824
v 0.009785 -0.019976 0.444047
v -0.009785 -0.019976 0.442952
v -0.009833 -0.019952 0.444176
v -0.009891 -0.019923 0.444300
v 0.009833 -0.019952 0.444176
v 0.009891 -0.019923 0.442700
v -0.009833 -0.019952 0.442823
v 0.009891 -0.019923 0.444300
v 0.010034 -0.019851 0.444528
v -0.010034 -0.019851 0.442471
v -0.009891 -0.019923 0.442700
v 0.010034 -0.019851 0.442471
v 0.010210 -0.019761 0.444725
v -0.011004 -0.021138 0.442274
v -0.010210 -0.019761 0.442274
v -0.010034 -0.019851 0.444528
v 0.010210 -0.019761 0.442274
v 0.010412 -0.019655 0.444885
v -0.011207 -0.021031 0.442114
v -0.010413 -0.019655 0.442114
v -0.010210 -0.019761 0.444725
v 0.010522 -0.019597 0.442049
v 0.010412 -0.019655 0.442114
v -0.011316 -0.020972 0.442049
v -0.010521 -0.019597 0.444950
v -0.010413 -0.019655 0.444885
v -0.010635 -0.019536 0.445003
v 0.010521 -0.019597 0.444950
v 0.010635 -0.019536 0.441996
v -0.011429 -0.020911 0.441996
v -0.010522 -0.019597 0.442049
v 0.010752 -0.019472 0.441954
v 0.010635 -0.019536 0.445003
v -0.011545 -0.020847 0.441954
v -0.010635 -0.019536 0.441996
v -0.010752 -0.019471 0.445045
v 0.011112 -0.019268 -0.000500
v 0.011112 -0.019268 0.226500
v 0.010871 -0.019405 0.445075
v 0.010752 -0.019471 0.445045
v -0.011113 -0.019268 0.226500
v -0.010871 -0.019405 0.441924
v -0.010752 -0.019472 0.441954
v -0.011113 -0.019268 0.441900
v -0.010992 -0.019337 0.441906
v -0.011113 -0.019268 0.453500
v -0.011665 -0.020780 0.441924
v 0.010871 -0.019405 0.441924
v -0.010871 -0.019405 0.445075
v 0.011665 -0.020780 0.445075
v 0.010992 -0.019337 0.441906
v 0.011785 -0.020712 0.445094
v -0.011785 -0.020712 0.441906
v -0.011785 -0.020712 0.445094
v -0.010991 -0.019337 0.445094
v -0.011906 -0.020643 0.445100
v -0.011113 -0.019268 0.445100
v 0.011906 -0.020643 0.445100
v 0.010991 -0.019337 0.445094
v -0.011906 -0.020643 0.441900
v 0.011112 -0.019268 0.441900
v 0.015306 -0.018262 -0.000500
v 0.015306 -0.018262 0.226500
v 0.012952 -0.020003 0.442471
v 0.012786 -0.020109 0.442274
v 0.012592 -0.020231 0.442114
v 0.012487 -0.020296 0.442049
v 0.012377 -0.020364 0.441996
v 0.012263 -0.020432 0.441954
v 0.012146 -0.020502 0.441924
v 0.012027 -0.020573 0.441906
v 0.011233 -0.019198 0.441906
v 0.012027 -0.020572 0.445094
v 0.011112 -0.019268 0.445100
v 0.014286 -0.017046 0.453500
v 0.015306 -0.018262 0.453500
v 0.012146 -0.020502 0.445075
v -0.014286 -0.017046 -0.000500
v -0.015306 -0.018262 -0.000500
v -0.015306 -0.018262 0.226500
v -0.012027 -0.020573 0.441906
v -0.012027 -0.020572 0.445094
v -0.011233 -0.019198 0.445094
v -0.015306 -0.018262 0.453500
v -0.012263 -0.020433 0.445045
v -0.012146 -0.020502 0.445075
v -0.012146 -0.020502 0.441924
v -0.011233 -0.019198 0.441906
v 0.011352 -0.019127 0.441924
v -0.011352 -0.019127 0.445075
v 0.011233 -0.019198 0.445094
v 0.011470 -0.019057 0.441954
v 0.012263 -0.020433 0.445045
v 0.011352 -0.019127 0.445075
v -0.012263 -0.020432 0.441954
v -0.011352 -0.019127 0.441924
v -0.011469 -0.019058 0.445045
v -0.012377 -0.020364 0.445003
v -0.011583 -0.018988 0.445003
v 0.012377 -0.020364 0.445003
v 0.011469 -0.019058 0.445045
v -0.012377 -0.020364 0.441996
v -0.011469 -0.019057 0.441954
v 0.011583 -0.018988 0.441996
v 0.011693 -0.018921 0.442049
v 0.012487 -0.020296 0.444950
v 0.011583 -0.018988 0.445003
v -0.012487 -0.020296 0.442049
v -0.011583 -0.018988 0.441996
v -0.012487 -0.020296 0.444950
v -0.011693 -0.018921 0.444950
v 0.011798 -0.018855 0.442114
v -0.012592 -0.020231 0.442114
v -0.011693 -0.018921 0.442049
v -0.012592 -0.020231 0.444885
v -0.011798 -0.018855 0.444885
v 0.012592 -0.020231 0.444885
v 0.011693 -0.018921 0.444950
v 0.012786 -0.020109 0.444725
v 0.011798 -0.018855 0.444885
v 0.011991 -0.018733 0.444725
v -0.012786 -0.020109 0.442274
v -0.011798 -0.018855 0.442114
v -0.011991 -0.018733 0.442274
v -0.012786 -0.020109 0.444725
v 0.011991 -0.018733 0.442274
v 0.012952 -0.020003 0.444528
v 0.012157 -0.018626 0.444528
v -0.012952 -0.020003 0.442471
v -0.012157 -0.018626 0.442471
v -0.012952 -0.020003 0.444528
v -0.011991 -0.018733 0.444725
v 0.013086 -0.019915 0.442700
v 0.012157 -0.018626 0.442471
v 0.013086 -0.019915 0.444300
v 0.012291 -0.018538 0.444300
v -0.013086 -0.019915 0.442700
v -0.012291 -0.018538 0.442700
v -0.013086 -0.019915 0.444300
v -0.012157 -0.018626 0.444528
v 0.013140 -0.019879 0.442823
v 0.012344 -0.018502 0.442823
v 0.012291 -0.018538 0.442700
v 0.013140 -0.019879 0.444176
v -0.013140 -0.019879 0.442824
v -0.013140 -0.019879 0.444176
v -0.012345 -0.018502 0.444176
v -0.012291 -0.018538 0.444300
v 0.013185 -0.019850 0.442952
v 0.012389 -0.018472 0.442952
v -0.013185 -0.019850 0.442952
v -0.012345 -0.018502 0.442824
v -0.013185 -0.019850 0.444047
v -0.012389 -0.018472 0.444047
v 0.013185 -0.019850 0.444047
v 0.012345 -0.018502 0.444176
v 0.013220 -0.019826 0.443086
v 0.012424 -0.018448 0.443086
v 0.013219 -0.019827 0.443914
v 0.012389 -0.018472 0.444047
v -0.013220 -0.019826 0.443085
v -0.012389 -0.018472 0.442952
v -0.013220 -0.019827 0.443914
v -0.012424 -0.018449 0.443914
v 0.013245 -0.019810 0.443778
v 0.012424 -0.018449 0.443914
v -0.013245 -0.019810 0.443778
v -0.012449 -0.018432 0.443778
v -0.013245 -0.019810 0.443222
v -0.012424 -0.018449 0.443085
v 0.013245 -0.019810 0.443222
v 0.012449 -0.018432 0.443222
v 0.013260 -0.019800 0.443360
v 0.012464 -0.018421 0.443360
v 0.013260 -0.019800 0.443639
v 0.012449 -0.018432 0.443778
v -0.013260 -0.019799 0.443361
v -0.012449 -0.018432 0.443222
v -0.013260 -0.019799 0.443639
v -0.012464 -0.018421 0.443639
v 0.013265 -0.019796 0.443500
v 0.012469 -0.018418 0.443500
v 0.012464 -0.018421 0.443639
v -0.013265 -0.019796 0.443500
v -0.012469 -0.018418 0.443500
v -0.012464 -0.018421 0.443361
v 0.014286 -0.017046 -0.000500
v 0.014286 -0.017046 0.226500
v -0.014286 -0.017046 0.226500
v -0.014286 -0.017046 0.453500
v 0.018241 -0.015327 -0.000500
v 0.018241 -0.015327 0.226500
v 0.017025 -0.014306 0.453500
v 0.018241 -0.015327 0.453500
v -0.017025 -0.014306 -0.000500
v -0.018241 -0.015327 -0.000500
v -0.018241 -0.015327 0.226500
v -0.018241 -0.015327 0.453500
v 0.017025 -0.014306 -0.000500
v 0.017025 -0.014306 0.226500
v -0.017025 -0.014306 0.226500
v -0.017025 -0.014306 0.453500
v 0.020622 -0.011927 -0.000500
v 0.020622 -0.011927 0.226500
v 0.019247 -0.011133 0.453500
v 0.020622 -0.011927 0.453500
v -0.019247 -0.011133 -0.000500
v -0.020622 -0.011927 -0.000500
v -0.020622 -0.011927 0.226500
v -0.020622 -0.011927 0.453500
v 0.019247 -0.011133 -0.000500
v 0.018517 -0.012311 0.038700
v 0.018605 -0.012178 0.038471
v 0.018401 -0.012485 0.039639
v 0.018397 -0.012490 0.039500
v 0.018401 -0.012485 0.039361
v 0.018411 -0.012470 0.039222
v 0.018428 -0.012444 0.039086
v 0.018452 -0.012410 0.038953
v 0.018481 -0.012365 0.038824
v 0.018517 -0.012311 0.008700
v 0.018605 -0.012178 0.008472
v 0.018401 -0.012485 0.009639
v 0.018397 -0.012490 0.009500
v 0.018401 -0.012485 0.009361
v 0.018411 -0.012470 0.009222
v 0.018428 -0.012444 0.009086
v 0.018452 -0.012410 0.008953
v 0.018481 -0.012365 0.008824
v 0.018713 -0.012012 0.008274
v 0.018835 -0.011819 0.008114
v 0.018901 -0.011713 0.008050
v 0.018968 -0.011604 0.007996
v 0.019037 -0.011490 0.007955
v 0.019037 -0.011489 0.041046
v 0.018968 -0.011604 0.041003
v 0.019107 -0.011373 0.041076
v 0.019247 -0.011133 0.226500
v 0.019247 -0.011133 0.041100
v 0.019177 -0.011254 0.041094
v 0.018900 -0.011714 0.040950
v 0.018835 -0.011819 0.040886
v 0.018713 -0.012012 0.040726
v 0.018605 -0.012178 0.040528
v 0.018517 -0.012311 0.040300
v 0.018481 -0.012365 0.040176
v 0.018452 -0.012410 0.040047
v 0.018428 -0.012444 0.039914
v 0.018411 -0.012470 0.039778
v -0.018901 -0.011713 0.008050
v -0.018835 -0.011819 0.008114
v -0.018968 -0.011604 0.007996
v -0.019107 -0.011373 0.007924
v -0.019037 -0.011490 0.007955
v -0.018713 -0.012012 0.008274
v -0.018605 -0.012178 0.008472
v -0.018517 -0.012311 0.008700
v -0.018481 -0.012365 0.008823
v -0.018452 -0.012410 0.008953
v -0.018428 -0.012445 0.009086
v -0.018411 -0.012470 0.009222
v -0.018401 -0.012485 0.009360
v -0.018397 -0.012490 0.009500
v -0.018401 -0.012485 0.009640
v -0.018411 -0.012470 0.009778
v -0.018428 -0.012444 0.009915
v -0.018452 -0.012410 0.010047
v -0.018481 -0.012365 0.010176
v -0.018517 -0.012311 0.010300
v -0.018401 -0.012485 0.039640
v -0.018411 -0.012470 0.039778
v -0.018397 -0.012490 0.039500
v -0.018428 -0.012444 0.039915
v -0.018452 -0.012410 0.040047
v -0.018481 -0.012365 0.040176
v -0.018517 -0.012311 0.040300
v -0.018605 -0.012178 0.040528
v -0.019247 -0.011133 0.226500
v -0.019247 -0.011133 0.453500
v -0.018401 -0.012485 0.039360
v 0.018411 -0.012470 0.009778
v -0.018411 -0.012470 0.039222
v -0.018428 -0.012445 0.039086
v 0.018428 -0.012444 0.009915
v 0.018452 -0.012410 0.010047
v -0.018452 -0.012410 0.038953
v 0.018481 -0.012365 0.010176
v -0.018481 -0.012365 0.038823
v 0.018517 -0.012311 0.010300
v 0.018605 -0.012178 0.010528
v -0.018605 -0.012178 0.038471
v -0.018517 -0.012311 0.038700
v 0.018713 -0.012012 0.010726
v -0.018605 -0.012178 0.010528
v -0.018713 -0.012012 0.038274
v 0.018835 -0.011819 0.010886
v 0.018713 -0.012012 0.038274
v -0.018713 -0.012012 0.010726
v -0.018835 -0.011819 0.038114
v -0.018713 -0.012012 0.040726
v 0.018901 -0.011713 0.038050
v 0.018835 -0.011819 0.038114
v -0.018900 -0.011714 0.010950
v -0.018835 -0.011819 0.010886
v -0.018900 -0.011714 0.040950
v -0.018835 -0.011819 0.040886
v -0.018968 -0.011604 0.011003
v -0.018968 -0.011604 0.041003
v 0.018900 -0.011714 0.010950
v 0.018968 -0.011604 0.037996
v -0.018901 -0.011713 0.038050
v 0.018968 -0.011604 0.011003
v 0.019037 -0.011490 0.037955
v -0.019037 -0.011489 0.011046
v -0.018968 -0.011604 0.037996
v -0.019037 -0.011489 0.041046
v -0.019037 -0.011490 0.037955
v 0.019107 -0.011373 0.007924
v 0.019107 -0.011373 0.037924
v -0.019107 -0.011373 0.011076
v -0.019107 -0.011373 0.041076
v 0.019037 -0.011489 0.011046
v 0.019177 -0.011253 0.007906
v 0.019107 -0.011373 0.011076
v 0.019177 -0.011253 0.037906
v -0.019177 -0.011254 0.011094
v -0.019107 -0.011373 0.037924
v -0.019177 -0.011254 0.041094
v -0.019247 -0.011133 0.011100
v -0.019247 -0.011133 0.041100
v 0.019177 -0.011254 0.011094
v -0.019177 -0.011253 0.007906
v -0.019177 -0.011253 0.037906
v 0.019247 -0.011133 0.007900
v 0.019247 -0.011133 0.037900
v 0.022376 -0.008165 -0.000500
v 0.019317 -0.011012 0.007906
v 0.019247 -0.011133 0.011100
v 0.019317 -0.011012 0.037906
v 0.022376 -0.008165 0.226500
v 0.020885 -0.007622 0.453500
v 0.022376 -0.008165 0.453500
v -0.020885 -0.007622 -0.000500
v -0.022376 -0.008165 -0.000500
v -0.019247 -0.011133 0.007900
v -0.019317 -0.011012 0.011094
v -0.019247 -0.011133 0.037900
v -0.019317 -0.011012 0.041094
v -0.022376 -0.008165 0.226500
v -0.022376 -0.008165 0.453500
v -0.019317 -0.011012 0.007906
v -0.019317 -0.011012 0.037906
v 0.019385 -0.010891 0.007924
v 0.019385 -0.010891 0.037924
v -0.019385 -0.010891 0.011076
v -0.019385 -0.010891 0.041076
v 0.019317 -0.011012 0.011094
v 0.019317 -0.011012 0.041094
v 0.019451 -0.010772 0.007955
v 0.019385 -0.010891 0.011076
v 0.019451 -0.010772 0.037955
v 0.019385 -0.010891 0.041076
v -0.019385 -0.010891 0.007924
v -0.019451 -0.010773 0.011046
v -0.019385 -0.010891 0.037924
v -0.019451 -0.010773 0.041046
v -0.019515 -0.010656 0.011003
v -0.019515 -0.010656 0.041003
v 0.019451 -0.010773 0.011046
v 0.019451 -0.010773 0.041046
v -0.019451 -0.010772 0.007955
v -0.019451 -0.010772 0.037955
v 0.019515 -0.010656 0.007996
v 0.019515 -0.010656 0.037996
v 0.019576 -0.010542 0.008050
v 0.019515 -0.010656 0.011003
v 0.019576 -0.010542 0.038050
v 0.019515 -0.010656 0.041003
v -0.019515 -0.010656 0.007996
v -0.019577 -0.010542 0.010950
v -0.019515 -0.010656 0.037996
v -0.019577 -0.010542 0.040950
v 0.019635 -0.010433 0.008114
v 0.019635 -0.010433 0.038114
v -0.019576 -0.010542 0.008050
v -0.019576 -0.010542 0.038050
v -0.019635 -0.010433 0.010886
v -0.019635 -0.010433 0.040886
v 0.019577 -0.010542 0.010950
v 0.019577 -0.010542 0.040950
v 0.019635 -0.010433 0.010886
v 0.019741 -0.010230 0.010726
v 0.019635 -0.010433 0.040886
v 0.019741 -0.010230 0.040726
v -0.019635 -0.010433 0.008114
v -0.019741 -0.010230 0.008274
v -0.019635 -0.010433 0.038114
v -0.019741 -0.010230 0.038274
v 0.020885 -0.007622 -0.000500
v 0.020885 -0.007622 0.226500
v 0.019831 -0.010055 0.040528
v -0.020885 -0.007622 0.226500
v -0.020885 -0.007622 0.453500
v 0.019741 -0.010230 0.008274
v 0.019831 -0.010055 0.010528
v 0.019741 -0.010230 0.038274
v -0.019831 -0.010055 0.008472
v -0.019741 -0.010230 0.010726
v -0.019831 -0.010055 0.038471
v -0.019741 -0.010230 0.040726
v 0.019831 -0.010055 0.008472
v 0.019903 -0.009911 0.010300
v 0.019831 -0.010055 0.038471
v 0.019903 -0.009911 0.040300
v -0.019903 -0.009911 0.008700
v -0.019831 -0.010055 0.010528
v -0.019903 -0.009911 0.038700
v -0.019831 -0.010055 0.040528
v 0.019931 -0.009854 0.008823
v 0.019903 -0.009911 0.008700
v 0.019931 -0.009854 0.038823
v 0.019903 -0.009911 0.038700
v -0.019931 -0.009853 0.010176
v -0.019903 -0.009911 0.010300
v -0.019931 -0.009853 0.040176
v -0.019903 -0.009911 0.040300
v 0.019955 -0.009805 0.008953
v 0.019955 -0.009805 0.038953
v -0.019931 -0.009853 0.008824
v -0.019931 -0.009853 0.038824
v -0.019955 -0.009805 0.010047
v -0.019955 -0.009805 0.040047
v 0.019931 -0.009853 0.010176
v 0.019931 -0.009853 0.040176
v 0.019974 -0.009768 0.009086
v 0.019955 -0.009805 0.010047
v 0.019974 -0.009768 0.039086
v 0.019955 -0.009805 0.040047
v -0.019955 -0.009805 0.008953
v -0.019973 -0.009768 0.009915
v -0.019955 -0.009805 0.038953
v -0.019973 -0.009768 0.039914
v 0.019973 -0.009768 0.009915
v 0.019973 -0.009768 0.039915
v -0.019987 -0.009740 0.009778
v -0.019987 -0.009740 0.039778
v -0.019974 -0.009768 0.009086
v -0.019974 -0.009768 0.039086
v 0.019987 -0.009740 0.009222
v 0.019987 -0.009740 0.039222
v 0.019995 -0.009724 0.009360
v 0.019987 -0.009740 0.009778
v 0.019995 -0.009724 0.039360
v 0.019987 -0.009740 0.039778
v -0.019987 -0.009740 0.009222
v -0.019995 -0.009724 0.009639
v -0.019987 -0.009740 0.039222
v -0.019995 -0.009724 0.039639
v 0.019997 -0.009719 0.009500
v 0.019997 -0.009719 0.039500
v 0.019995 -0.009724 0.009640
v 0.019995 -0.009724 0.039640
v -0.019997 -0.009719 0.009500
v -0.019997 -0.009719 0.039500
v -0.019995 -0.009724 0.009361
v -0.019995 -0.009724 0.039361
v 0.023451 -0.004155 -0.000500
v 0.023451 -0.004155 0.226500
v 0.021887 -0.003880 0.453500
v 0.023451 -0.004155 0.453500
v -0.021887 -0.003880 -0.000500
v -0.023451 -0.004155 -0.000500
v -0.023451 -0.004155 0.226500
v -0.023451 -0.004155 0.453500
v 0.021887 -0.003880 -0.000500
v 0.021887 -0.003880 0.226500
v -0.021887 -0.003880 0.226500
v -0.021887 -0.003880 0.453500
v 0.023812 -0.000020 -0.000500
v 0.023811 -0.000298 0.441924
v 0.023809 -0.000434 0.441954
v 0.023812 -0.000020 0.226500
v 0.023812 -0.000020 0.441900
v 0.023812 -0.000160 0.441906
v 0.023806 -0.000568 0.441996
v 0.023803 -0.000697 0.442050
v 0.023799 -0.000820 0.442114
v 0.023790 -0.001049 0.442274
v 0.023781 -0.001246 0.442471
v 0.023772 -0.001406 0.442700
v 0.023768 -0.001471 0.442824
v 0.023765 -0.001524 0.442952
v 0.023762 -0.001566 0.443085
v 0.022225 -0.000020 0.453500
v 0.023812 -0.000020 0.453500
v 0.023772 -0.001406 0.444300
v 0.023781 -0.001246 0.444528
v 0.023760 -0.001596 0.443222
v 0.023759 -0.001614 0.443360
v 0.023759 -0.001620 0.443500
v 0.023759 -0.001614 0.443639
v 0.023760 -0.001596 0.443778
v 0.023762 -0.001566 0.443914
v 0.023765 -0.001524 0.444047
v 0.023768 -0.001471 0.444176
v 0.023790 -0.001049 0.444725
v 0.023799 -0.000820 0.444885
v 0.023803 -0.000697 0.444950
v 0.023806 -0.000568 0.445003
v 0.023809 -0.000435 0.445045
v -0.022225 -0.000020 -0.000500
v -0.023812 -0.000020 -0.000500
v -0.023812 -0.000020 0.226500
v -0.023760 -0.001596 0.443222
v -0.023762 -0.001566 0.443085
v -0.023765 -0.001524 0.442952
v -0.023768 -0.001471 0.442824
v -0.023772 -0.001406 0.442700
v -0.023781 -0.001246 0.442471
v -0.023759 -0.001614 0.443361
v -0.023812 -0.000020 0.453500
v -0.023811 -0.000298 0.445075
v -0.023809 -0.000434 0.445045
v -0.023806 -0.000568 0.445003
v -0.023803 -0.000697 0.444950
v -0.023799 -0.000820 0.444885
v -0.023790 -0.001049 0.444725
v -0.023781 -0.001246 0.444528
v -0.023772 -0.001406 0.444300
v -0.023768 -0.001471 0.444176
v -0.023765 -0.001524 0.444047
v -0.023762 -0.001566 0.443914
v -0.023760 -0.001596 0.443778
v -0.023759 -0.001614 0.443639
v -0.023759 -0.001620 0.443500
v 0.022225 -0.000020 -0.000500
v 0.022168 -0.001614 0.443360
v 0.022169 -0.001596 0.443222
v 0.022171 -0.001566 0.443085
v 0.022174 -0.001524 0.442952
v 0.022178 -0.001471 0.442824
v 0.022182 -0.001406 0.442700
v 0.022191 -0.001246 0.442471
v 0.022225 -0.000020 0.226500
v 0.022215 -0.000697 0.444950
v 0.022211 -0.000820 0.444885
v 0.022218 -0.000568 0.445003
v 0.022223 -0.000298 0.445075
v 0.022221 -0.000435 0.445045
v 0.022201 -0.001049 0.444725
v 0.022191 -0.001246 0.444528
v 0.022182 -0.001406 0.444300
v 0.022178 -0.001471 0.444176
v 0.022174 -0.001524 0.444047
v 0.022171 -0.001566 0.443914
v 0.022169 -0.001596 0.443778
v 0.022168 -0.001614 0.443639
v 0.022167 -0.001620 0.443500
v -0.022225 -0.000020 0.226500
v -0.022223 -0.000298 0.441924
v -0.022221 -0.000435 0.441954
v -0.022218 -0.000568 0.441996
v -0.022215 -0.000697 0.442050
v -0.022211 -0.000820 0.442114
v -0.022201 -0.001049 0.442274
v -0.022191 -0.001246 0.442471
v -0.022182 -0.001406 0.442700
v -0.022178 -0.001471 0.442824
v -0.022174 -0.001524 0.442952
v -0.022171 -0.001566 0.443085
v -0.022225 -0.000020 0.441900
v -0.022225 -0.000160 0.441906
v -0.022169 -0.001596 0.443222
v -0.022225 -0.000020 0.453500
v -0.022182 -0.001406 0.444300
v -0.022191 -0.001246 0.444528
v -0.022168 -0.001614 0.443361
v -0.022167 -0.001620 0.443500
v -0.022168 -0.001614 0.443639
v -0.022169 -0.001596 0.443778
v -0.022171 -0.001566 0.443914
v -0.022174 -0.001524 0.444047
v -0.022178 -0.001471 0.444176
v -0.022201 -0.001049 0.444725
v -0.022211 -0.000820 0.444885
v -0.022215 -0.000697 0.444950
v -0.022218 -0.000568 0.445003
v -0.022221 -0.000434 0.445045
v 0.022201 -0.001049 0.442274
v -0.023790 -0.001049 0.442274
v 0.022211 -0.000820 0.442114
v -0.023799 -0.000820 0.442114
v 0.022215 -0.000697 0.442050
v -0.023803 -0.000697 0.442050
v 0.022218 -0.000568 0.441996
v -0.023806 -0.000568 0.441996
v 0.022221 -0.000434 0.441954
v -0.023809 -0.000435 0.441954
v 0.023811 -0.000298 0.445075
v -0.023811 -0.000298 0.441924
v 0.022223 -0.000298 0.441924
v -0.022223 -0.000298 0.445075
v 0.022225 -0.000160 0.441906
v 0.023812 -0.000160 0.445094
v 0.022225 -0.000160 0.445094
v -0.023812 -0.000160 0.441906
v -0.022225 -0.000160 0.445094
v -0.023812 -0.000160 0.445094
v 0.022225 -0.000020 0.441900
v -0.022225 -0.000020 0.445100
v -0.023812 -0.000020 0.445100
v 0.023812 -0.000020 0.445100
v -0.023812 -0.000020 0.441900
v 0.022225 -0.000020 0.445100
v -0.021887 0.003839 0.226500
v -0.021887 0.003839 -0.000500
v -0.022191 0.001205 0.442471
v -0.022201 0.001008 0.442274
v -0.022211 0.000780 0.442114
v -0.022215 0.000655 0.442049
v -0.022218 0.000527 0.441996
v -0.022221 0.000394 0.441954
v -0.022223 0.000257 0.441924
v -0.022225 0.000119 0.441906
v -0.022225 0.000119 0.445094
v -0.022223 0.000257 0.445075
v -0.021887 0.003839 0.453500
v 0.023812 0.000119 0.445094
v 0.022225 0.000119 0.445094
v -0.023812 0.000119 0.441906
v 0.022225 0.000119 0.441906
v 0.023812 0.000119 0.441906
v -0.023451 0.004115 0.453500
v -0.023451 0.004115 -0.000500
v -0.023451 0.004115 0.226500
v -0.023812 0.000119 0.445094
v -0.023809 0.000394 0.445045
v -0.023811 0.000257 0.445075
v 0.021887 0.003839 -0.000500
v 0.023451 0.004115 -0.000500
v 0.021887 0.003839 0.226500
v 0.021887 0.003839 0.453500
v 0.022221 0.000394 0.445045
v 0.022223 0.000257 0.445075
v 0.023451 0.004115 0.226500
v 0.023781 0.001205 0.442471
v 0.023790 0.001008 0.442274
v 0.023799 0.000780 0.442114
v 0.023803 0.000655 0.442049
v 0.023806 0.000527 0.441996
v 0.023809 0.000394 0.441954
v 0.023811 0.000257 0.441924
v 0.023451 0.004115 0.453500
v 0.023811 0.000257 0.445075
v -0.023811 0.000257 0.441924
v 0.022223 0.000257 0.441924
v 0.022221 0.000394 0.441954
v 0.023809 0.000394 0.445045
v -0.023809 0.000394 0.441954
v -0.022221 0.000394 0.445045
v 0.023806 0.000527 0.445003
v -0.023806 0.000527 0.441996
v 0.022218 0.000527 0.445003
v 0.022218 0.000527 0.441996
v -0.022218 0.000527 0.445003
v -0.023806 0.000527 0.445003
v 0.022215 0.000655 0.442049
v 0.023803 0.000655 0.444950
v 0.022215 0.000655 0.444950
v -0.023803 0.000655 0.442049
v -0.022215 0.000655 0.444950
v -0.023803 0.000655 0.444950
v 0.022211 0.000780 0.442114
v -0.023799 0.000780 0.444885
v -0.022211 0.000780 0.444885
v 0.022211 0.000780 0.444885
v 0.023799 0.000780 0.444885
v -0.023799 0.000780 0.442114
v 0.023790 0.001008 0.444725
v 0.022201 0.001008 0.444725
v 0.022201 0.001008 0.442274
v -0.022201 0.001008 0.444725
v -0.023790 0.001008 0.444725
v -0.023790 0.001008 0.442274
v 0.023781 0.001205 0.444528
v 0.022191 0.001205 0.444528
v 0.022191 0.001205 0.442471
v -0.022191 0.001205 0.444528
v -0.023781 0.001205 0.444528
v -0.023781 0.001205 0.442471
v 0.023772 0.001365 0.442700
v 0.023772 0.001365 0.444300
v 0.022182 0.001365 0.444300
v 0.022182 0.001365 0.442700
v -0.022182 0.001365 0.442700
v -0.022182 0.001365 0.444300
v -0.023772 0.001365 0.444300
v -0.023772 0.001365 0.442700
v 0.023768 0.001429 0.442823
v 0.022178 0.001429 0.442823
v 0.023768 0.001429 0.444176
v 0.022178 0.001429 0.444176
v -0.022178 0.001429 0.442823
v -0.023768 0.001429 0.442823
v -0.022178 0.001429 0.444176
v -0.023768 0.001429 0.444176
v 0.023765 0.001483 0.442952
v 0.022174 0.001483 0.442952
v -0.023765 0.001483 0.444047
v -0.022174 0.001483 0.444047
v 0.022174 0.001483 0.444047
v 0.023765 0.001483 0.444047
v -0.022174 0.001483 0.442952
v -0.023765 0.001483 0.442952
v 0.023762 0.001525 0.443086
v 0.022171 0.001525 0.443086
v 0.023762 0.001525 0.443913
v 0.022171 0.001525 0.443913
v -0.022171 0.001525 0.443086
v -0.023762 0.001525 0.443086
v -0.022171 0.001525 0.443913
v -0.023762 0.001525 0.443913
v 0.023760 0.001555 0.443222
v 0.022169 0.001555 0.443222
v -0.023760 0.001555 0.443778
v -0.022169 0.001555 0.443778
v 0.022169 0.001555 0.443778
v 0.023760 0.001555 0.443778
v -0.022169 0.001555 0.443222
v -0.023760 0.001555 0.443222
v 0.023759 0.001573 0.443360
v 0.022168 0.001573 0.443360
v 0.023759 0.001573 0.443640
v 0.022168 0.001573 0.443640
v -0.022168 0.001573 0.443360
v -0.023759 0.001573 0.443360
v -0.022168 0.001573 0.443640
v -0.023759 0.001573 0.443640
v 0.023759 0.001580 0.443500
v 0.022167 0.001580 0.443500
v -0.023759 0.001580 0.443500
v -0.022167 0.001580 0.443500
v 0.020885 0.007581 -0.000500
v 0.022376 0.008124 -0.000500
v 0.020885 0.007581 0.226500
v 0.020885 0.007581 0.453500
v -0.020885 0.007581 -0.000500
v -0.020885 0.007581 0.226500
v -0.020885 0.007581 0.453500
v -0.022376 0.008124 0.453500
v 0.022376 0.008124 0.226500
v 0.022376 0.008124 0.453500
v -0.022376 0.008124 -0.000500
v -0.022376 0.008124 0.226500
v 0.019247 0.011092 -0.000500
v 0.020622 0.011886 -0.000500
v 0.019247 0.011092 0.226500
v 0.019247 0.011092 0.453500
v -0.019247 0.011092 -0.000500
v -0.019247 0.011092 0.226500
v -0.019247 0.011092 0.453500
v -0.020622 0.011886 0.453500
v 0.020622 0.011886 0.226500
v 0.020622 0.011886 0.453500
v -0.020622 0.011886 -0.000500
v -0.020622 0.011886 0.226500
v 0.017025 0.014265 -0.000500
v 0.018241 0.015286 -0.000500
v 0.017025 0.014265 0.226500
v 0.017025 0.014265 0.453500
v -0.017025 0.014265 -0.000500
v -0.017025 0.014265 0.226500
v -0.017025 0.014265 0.453500
v -0.018241 0.015286 0.453500
v 0.018241 0.015286 0.226500
v 0.018241 0.015286 0.453500
v -0.018241 0.015286 -0.000500
v -0.018241 0.015286 0.226500
v 0.014286 0.017005 -0.000500
v 0.015306 0.018221 -0.000500
v 0.014286 0.017005 0.226500
v 0.014286 0.017005 0.453500
v -0.014286 0.017005 -0.000500
v -0.014286 0.017005 0.226500
v -0.014286 0.017005 0.453500
v -0.015306 0.018221 0.453500
v 0.015306 0.018221 0.226500
v 0.015306 0.018221 0.453500
v -0.015306 0.018221 -0.000500
v -0.015306 0.018221 0.226500
v 0.011112 0.019227 -0.000500
v 0.011906 0.020602 -0.000500
v 0.012464 0.018380 0.443361
v 0.012449 0.018391 0.443222
v 0.012424 0.018408 0.443085
v 0.012389 0.018431 0.442952
v 0.012345 0.018461 0.442824
v 0.012291 0.018497 0.442700
v 0.012157 0.018585 0.442471
v 0.011112 0.019227 0.226500
v 0.011112 0.019227 0.453500
v 0.011352 0.019086 0.445075
v 0.011469 0.019017 0.445045
v 0.011583 0.018947 0.445003
v 0.011693 0.018880 0.444950
v 0.011798 0.018814 0.444885
v 0.011991 0.018692 0.444725
v 0.012157 0.018585 0.444528
v 0.012291 0.018497 0.444300
v 0.012345 0.018461 0.444176
v 0.012389 0.018431 0.444047
v 0.012424 0.018408 0.443914
v 0.012449 0.018391 0.443778
v 0.012464 0.018380 0.443639
v 0.012469 0.018377 0.443500
v -0.011112 0.019227 -0.000500
v -0.011113 0.019227 0.226500
v -0.011352 0.019086 0.441924
v -0.011470 0.019016 0.441954
v -0.011583 0.018947 0.441996
v -0.011693 0.018880 0.442049
v -0.011798 0.018814 0.442114
v -0.011991 0.018692 0.442274
v -0.012157 0.018585 0.442471
v -0.012291 0.018497 0.442700
v -0.012345 0.018461 0.442823
v -0.012389 0.018431 0.442952
v -0.012424 0.018407 0.443086
v -0.011113 0.019227 0.441900
v -0.011233 0.019157 0.441906
v -0.012449 0.018391 0.443222
v -0.011113 0.019227 0.453500
v -0.011906 0.020602 0.453500
v -0.012291 0.018497 0.444300
v -0.012157 0.018585 0.444528
v -0.012464 0.018380 0.443360
v -0.012469 0.018377 0.443500
v -0.012464 0.018380 0.443639
v -0.012449 0.018391 0.443778
v -0.012424 0.018408 0.443914
v -0.012389 0.018431 0.444047
v -0.012345 0.018461 0.444176
v -0.011991 0.018692 0.444725
v -0.011798 0.018814 0.444885
v -0.011693 0.018880 0.444950
v -0.011583 0.018947 0.445003
v -0.011469 0.019017 0.445045
v 0.011906 0.020602 0.226500
v 0.011906 0.020602 0.441900
v 0.012026 0.020532 0.441906
v 0.012146 0.020461 0.441924
v 0.012263 0.020391 0.441954
v 0.012377 0.020323 0.441996
v 0.012487 0.020255 0.442049
v 0.012592 0.020190 0.442114
v 0.012786 0.020068 0.442274
v 0.012952 0.019962 0.442471
v 0.013086 0.019874 0.442700
v 0.013140 0.019838 0.442824
v 0.013185 0.019809 0.442952
v 0.013220 0.019786 0.443085
v 0.011906 0.020602 0.453500
v 0.013086 0.019874 0.444300
v 0.012952 0.019962 0.444528
v 0.013245 0.019769 0.443222
v 0.013260 0.019759 0.443361
v 0.013265 0.019755 0.443500
v 0.013260 0.019759 0.443639
v 0.013245 0.019769 0.443778
v 0.013219 0.019786 0.443914
v 0.013185 0.019809 0.444047
v 0.013140 0.019838 0.444176
v 0.012786 0.020068 0.444725
v 0.012592 0.020190 0.444885
v 0.012487 0.020255 0.444950
v 0.012377 0.020323 0.445003
v 0.012263 0.020392 0.445045
v -0.011906 0.020602 -0.000500
v -0.011906 0.020602 0.226500
v -0.013245 0.019769 0.443222
v -0.013220 0.019785 0.443086
v -0.013185 0.019809 0.442952
v -0.013140 0.019839 0.442823
v -0.013086 0.019874 0.442700
v -0.012952 0.019962 0.442471
v -0.013260 0.019759 0.443360
v -0.012146 0.020461 0.445075
v -0.012263 0.020392 0.445045
v -0.012377 0.020323 0.445003
v -0.012487 0.020255 0.444950
v -0.012592 0.020190 0.444885
v -0.012786 0.020068 0.444725
v -0.012952 0.019962 0.444528
v -0.013086 0.019874 0.444300
v -0.013140 0.019838 0.444176
v -0.013185 0.019809 0.444047
v -0.013219 0.019786 0.443914
v -0.013245 0.019769 0.443778
v -0.013260 0.019759 0.443639
v -0.013265 0.019755 0.443500
v 0.011991 0.018692 0.442274
v 0.011798 0.018814 0.442114
v -0.012786 0.020068 0.442274
v 0.011693 0.018880 0.442049
v -0.012592 0.020190 0.442114
v -0.012487 0.020255 0.442049
v 0.011583 0.018947 0.441996
v -0.012377 0.020323 0.441996
v 0.011469 0.019016 0.441954
v -0.012263 0.020391 0.441954
v -0.012146 0.020461 0.441924
v 0.011352 0.019086 0.441924
v -0.011352 0.019086 0.445075
v 0.012146 0.020461 0.445075
v 0.011233 0.019157 0.441906
v 0.011233 0.019157 0.445094
v 0.012027 0.020531 0.445094
v -0.012027 0.020532 0.441906
v -0.011234 0.019157 0.445094
v -0.011113 0.019227 0.445100
v -0.012027 0.020531 0.445094
v 0.011112 0.019227 0.445100
v 0.011906 0.020602 0.445100
v -0.011906 0.020602 0.441900
v 0.011112 0.019227 0.441900
v 0.007601 0.020864 -0.000500
v 0.008144 0.022356 -0.000500
v 0.007601 0.020864 0.226500
v 0.010992 0.019296 0.441906
v 0.010991 0.019297 0.445094
v 0.011785 0.020671 0.445094
v 0.007601 0.020864 0.453500
v 0.010752 0.019430 0.445045
v 0.010871 0.019364 0.445075
v -0.007601 0.020864 -0.000500
v -0.007601 0.020864 0.226500
v -0.010034 0.019810 0.442471
v -0.010210 0.019721 0.442274
v -0.010413 0.019614 0.442114
v -0.010522 0.019556 0.442049
v -0.010635 0.019495 0.441996
v -0.010752 0.019431 0.441954
v -0.010871 0.019364 0.441924
v -0.010992 0.019296 0.441906
v -0.011786 0.020671 0.441906
v -0.010991 0.019296 0.445094
v -0.011906 0.020602 0.445100
v -0.007601 0.020864 0.453500
v -0.008144 0.022356 0.453500
v -0.010871 0.019364 0.445075
v -0.011665 0.020739 0.441924
v 0.010871 0.019364 0.441924
v 0.011785 0.020671 0.441906
v -0.011785 0.020671 0.445094
v 0.011665 0.020739 0.445075
v 0.010751 0.019431 0.441954
v 0.011665 0.020739 0.441924
v 0.011546 0.020805 0.445045
v -0.011546 0.020806 0.441954
v -0.010752 0.019430 0.445045
v -0.011665 0.020739 0.445075
v -0.010635 0.019495 0.445003
v -0.011546 0.020805 0.445045
v 0.010635 0.019495 0.445003
v 0.011429 0.020870 0.445003
v -0.011429 0.020870 0.441996
v 0.010635 0.019495 0.441996
v 0.011545 0.020806 0.441954
v 0.010522 0.019556 0.442049
v 0.011429 0.020870 0.441996
v 0.010521 0.019556 0.444950
v 0.011315 0.020932 0.444950
v -0.011316 0.020931 0.442049
v -0.010521 0.019556 0.444950
v -0.011429 0.020870 0.445003
v 0.010412 0.019614 0.442114
v 0.011316 0.020931 0.442049
v -0.011207 0.020990 0.442114
v -0.010413 0.019614 0.444885
v -0.011316 0.020932 0.444950
v 0.010412 0.019614 0.444885
v 0.011207 0.020990 0.444885
v 0.010210 0.019721 0.442274
v 0.011004 0.021097 0.442274
v 0.011207 0.020990 0.442114
v 0.010210 0.019721 0.444725
v -0.010210 0.019721 0.444725
v -0.011004 0.021097 0.444725
v -0.011207 0.020990 0.444885
v 0.010034 0.019810 0.442471
v 0.010829 0.021187 0.442471
v 0.010034 0.019810 0.444528
v 0.011004 0.021097 0.444725
v -0.011004 0.021097 0.442274
v -0.010034 0.019810 0.444528
v -0.010829 0.021187 0.444528
v 0.009891 0.019882 0.442700
v 0.010686 0.021260 0.442700
v 0.009891 0.019882 0.444300
v 0.010829 0.021187 0.444528
v -0.009891 0.019882 0.442700
v -0.010829 0.021187 0.442471
v -0.009891 0.019882 0.444300
v -0.010686 0.021260 0.444300
v 0.009833 0.019911 0.442823
v 0.009833 0.019911 0.444176
v 0.010686 0.021260 0.444300
v 0.010628 0.021289 0.444176
v -0.009833 0.019911 0.442824
v -0.010686 0.021260 0.442700
v -0.010628 0.021289 0.442824
v -0.009833 0.019911 0.444176
v 0.009785 0.019935 0.442952
v 0.010628 0.021288 0.442823
v -0.009785 0.019935 0.442952
v -0.010580 0.021312 0.442952
v -0.009785 0.019935 0.444047
v -0.010628 0.021289 0.444176
v 0.009785 0.019935 0.444047
v 0.010580 0.021312 0.444047
v 0.009747 0.019953 0.443086
v 0.010580 0.021312 0.442952
v 0.009747 0.019953 0.443914
v 0.010543 0.021331 0.443914
v -0.009747 0.019953 0.443085
v -0.010543 0.021331 0.443085
v -0.009747 0.019953 0.443914
v -0.010580 0.021312 0.444047
v 0.009720 0.019966 0.443778
v 0.010516 0.021344 0.443778
v -0.009720 0.019966 0.443778
v -0.010543 0.021331 0.443914
v -0.009720 0.019966 0.443222
v -0.010516 0.021344 0.443222
v 0.009720 0.019966 0.443222
v 0.010543 0.021331 0.443086
v 0.009704 0.019974 0.443360
v 0.010516 0.021344 0.443222
v 0.009703 0.019974 0.443639
v 0.010499 0.021352 0.443639
v -0.009703 0.019974 0.443361
v -0.010499 0.021352 0.443361
v -0.009703 0.019974 0.443639
v -0.010516 0.021344 0.443778
v 0.009698 0.019977 0.443500
v 0.010499 0.021352 0.443360
v 0.010494 0.021355 0.443500
v -0.009698 0.019977 0.443500
v -0.010499 0.021352 0.443639
v -0.010494 0.021355 0.443500
v 0.008144 0.022356 0.226500
v 0.008144 0.022356 0.453500
v -0.008144 0.022356 -0.000500
v -0.008144 0.022356 0.226500
v 0.003859 0.021867 -0.000500
v 0.004135 0.023430 -0.000500
v 0.003859 0.021867 0.226500
v 0.003859 0.021867 0.453500
v -0.003859 0.021867 -0.000500
v -0.003859 0.021867 0.226500
v -0.003859 0.021867 0.453500
v -0.004135 0.023430 0.453500
v 0.000000 0.022204 -0.000500
v 0.000000 0.023792 -0.000500
v 0.001386 0.022161 0.038700
v 0.001226 0.022171 0.038471
v 0.001594 0.022147 0.039639
v 0.001600 0.022147 0.039500
v 0.001594 0.022147 0.039361
v 0.001576 0.022149 0.039222
v 0.001545 0.022151 0.039086
v 0.001504 0.022154 0.038953
v 0.001450 0.022157 0.038824
v 0.001386 0.022161 0.008700
v 0.001226 0.022171 0.008472
v 0.001594 0.022147 0.009639
v 0.001600 0.022147 0.009500
v 0.001594 0.022147 0.009361
v 0.001576 0.022149 0.009222
v 0.001545 0.022151 0.009086
v 0.001504 0.022154 0.008953
v 0.001450 0.022157 0.008824
v 0.001028 0.022181 0.008274
v 0.000800 0.022190 0.008114
v 0.000676 0.022194 0.008050
v 0.000547 0.022198 0.007996
v 0.000414 0.022201 0.007955
v 0.000414 0.022201 0.041046
v 0.000547 0.022198 0.041003
v 0.000278 0.022203 0.041076
v 0.000000 0.022204 0.226500
v 0.000000 0.022204 0.041100
v 0.000140 0.022204 0.041094
v 0.000677 0.022194 0.040950
v 0.000800 0.022190 0.040886
v 0.001028 0.022181 0.040726
v 0.001226 0.022171 0.040528
v 0.001386 0.022161 0.040300
v 0.001450 0.022157 0.040176
v 0.001504 0.022154 0.040047
v 0.001545 0.022151 0.039914
v 0.001576 0.022149 0.039778
v 0.004135 0.023430 0.453500
v 0.000000 0.022204 0.453500
v -0.004135 0.023430 -0.000500
v -0.000676 0.022194 0.008050
v -0.000800 0.022190 0.008114
v -0.000547 0.022198 0.007996
v -0.000278 0.022203 0.007924
v -0.000415 0.022201 0.007955
v -0.001028 0.022181 0.008274
v -0.001226 0.022171 0.008472
v -0.001386 0.022161 0.008700
v -0.001450 0.022157 0.008823
v -0.001504 0.022154 0.008953
v -0.001546 0.022151 0.009086
v -0.001576 0.022149 0.009222
v -0.001594 0.022147 0.009360
v -0.001600 0.022147 0.009500
v -0.001594 0.022147 0.009640
v -0.001576 0.022149 0.009778
v -0.001545 0.022151 0.009915
v -0.001504 0.022154 0.010047
v -0.001450 0.022157 0.010176
v -0.001386 0.022161 0.010300
v -0.001594 0.022147 0.039640
v -0.001576 0.022149 0.039778
v -0.001600 0.022147 0.039500
v -0.001545 0.022151 0.039915
v -0.001504 0.022154 0.040047
v -0.001450 0.022157 0.040176
v -0.001386 0.022161 0.040300
v -0.001226 0.022171 0.040528
v 0.000000 0.023792 0.453500
v -0.001226 0.022171 0.010528
v -0.001594 0.022147 0.039360
v 0.001576 0.022149 0.009778
v -0.001576 0.022149 0.039222
v 0.001545 0.022151 0.009915
v -0.001546 0.022151 0.039086
v -0.001504 0.022154 0.038953
v 0.001504 0.022154 0.010047
v 0.001450 0.022157 0.010176
v -0.001450 0.022157 0.038823
v 0.001386 0.022161 0.010300
v -0.001386 0.022161 0.038700
v 0.001226 0.022171 0.010528
v -0.001226 0.022171 0.038471
v 0.001028 0.022181 0.038274
v 0.001028 0.022181 0.010726
v -0.001028 0.022181 0.010726
v -0.001028 0.022181 0.038274
v -0.001028 0.022181 0.040726
v 0.000800 0.022190 0.038114
v 0.000800 0.022190 0.010886
v -0.000800 0.022190 0.010886
v -0.000800 0.022190 0.038114
v -0.000800 0.022190 0.040886
v 0.000677 0.022194 0.010950
v 0.000547 0.022198 0.011003
v 0.000676 0.022194 0.038050
v -0.000677 0.022194 0.010950
v -0.000547 0.022198 0.011003
v -0.000676 0.022194 0.038050
v -0.000677 0.022194 0.040950
v -0.000547 0.022198 0.041003
v 0.000547 0.022198 0.037996
v -0.000547 0.022198 0.037996
v 0.000414 0.022201 0.037955
v 0.000278 0.022203 0.037924
v 0.000139 0.022204 0.037906
v 0.000414 0.022201 0.011046
v -0.000414 0.022201 0.011046
v -0.000139 0.022204 0.037906
v -0.000278 0.022203 0.037924
v -0.000415 0.022201 0.037955
v -0.000414 0.022201 0.041046
v 0.000278 0.022203 0.007924
v 0.000278 0.022203 0.011076
v -0.000278 0.022203 0.011076
v -0.000278 0.022203 0.041076
v 0.000139 0.022204 0.007906
v 0.000140 0.022204 0.011094
v -0.000139 0.022204 0.007906
v -0.000140 0.022204 0.011094
v -0.000140 0.022204 0.041094
v 0.000000 0.022204 0.037900
v 0.000000 0.022204 0.011100
v 0.000000 0.022204 0.007900
v 0.004135 0.023430 0.226500
v -0.004135 0.023430 0.226500
v 0.000000 0.023792 0.226500
vn -0.4755 -0.8797 0.0009
vn -0.5237 -0.8519 -0.0009
vn -0.5700 -0.8217 0.0008
vn -0.4033 -0.5814 0.7067
vn -0.3365 -0.6225 0.7066
vn -0.4268 -0.9044 -0.0009
vn -0.4763 -0.8793 0.0009
vn -0.3706 -0.6030 -0.7064
vn -0.3020 -0.6401 -0.7064
vn -0.3020 -0.6400 -0.7065
vn -0.3367 -0.6225 0.7065
vn -0.3369 -0.6220 0.7068
vn -0.3759 -0.9267 0.0009
vn -0.2659 -0.6555 0.7068
vn -0.5701 -0.8216 0.0008
vn -0.6142 -0.7891 -0.0008
vn -0.4346 -0.5583 -0.7067
vn -0.3707 -0.6027 -0.7067
vn -0.4035 -0.5814 0.7065
vn -0.4033 -0.5814 0.7066
vn -0.6566 -0.7542 0.0009
vn -0.4647 -0.5338 0.7065
vn -0.3248 -0.9458 -0.0009
vn -0.3767 -0.9263 0.0009
vn -0.2297 -0.6694 -0.7065
vn -0.2298 -0.6691 -0.7068
vn -0.2664 -0.6556 0.7065
vn -0.2665 -0.6554 0.7067
vn -0.2717 -0.9624 0.0009
vn -0.1922 -0.6809 0.7067
vn -0.6973 -0.7168 -0.0009
vn -0.4934 -0.5072 -0.7066
vn -0.4346 -0.5584 -0.7066
vn -0.4647 -0.5337 0.7066
vn -0.4647 -0.5337 0.7065
vn -0.7358 -0.6772 0.0009
vn -0.5207 -0.4793 0.7065
vn -0.2186 -0.9758 -0.0009
vn -0.2725 -0.9622 0.0009
vn -0.1549 -0.6902 -0.7068
vn -0.1547 -0.6906 -0.7065
vn -0.1926 -0.6811 0.7064
vn -0.1928 -0.6808 0.7067
vn 0.0000 0.0000 1.0000
vn 0.0000 0.0000 -1.0000
vn -0.1641 -0.9864 0.0009
vn -0.1161 -0.6980 0.7066
vn -0.7719 -0.6357 0.0000
vn -0.7646 -0.6445 0.0037
vn -0.7760 -0.6307 -0.0022
vn -0.7648 -0.6443 0.0009
vn -0.5463 -0.4499 -0.7065
vn -0.7357 -0.6772 -0.0135
vn -0.7524 -0.6586 -0.0053
vn -0.5206 -0.4792 0.7067
vn -0.5207 -0.4792 0.7066
vn -0.8056 -0.5924 0.0046
vn -0.7902 -0.6128 0.0003
vn -0.5700 -0.4192 0.7067
vn -0.1100 -0.9939 -0.0008
vn -0.1648 -0.9863 0.0009
vn -0.0779 -0.7035 -0.7065
vn -0.0779 -0.7035 -0.7064
vn -0.1164 -0.6981 0.7064
vn -0.1166 -0.6979 0.7066
vn -0.5462 -0.4498 -0.7066
vn 0.3361 0.6224 0.7068
vn 0.3360 0.6225 0.7068
vn 0.4050 0.5800 0.7068
vn 0.3711 0.6024 -0.7066
vn 0.3700 0.6019 -0.7077
vn 0.3002 0.6408 -0.7066
vn 0.2629 0.6572 0.7064
vn 0.2630 0.6569 0.7066
vn 0.3364 0.6225 0.7066
vn 0.4374 0.5561 -0.7067
vn -0.9639 0.2579 0.0656
vn -0.9639 0.2579 -0.0656
vn -0.0551 -0.9985 0.0009
vn -0.0390 -0.7065 0.7066
vn -0.8088 -0.5881 0.0000
vn -0.8176 -0.5758 -0.0007
vn -0.8217 -0.5700 -0.0013
vn -0.8425 -0.5386 -0.0092
vn -0.8283 -0.5602 -0.0031
vn -0.8305 -0.5570 -0.0038
vn -0.8365 -0.5479 -0.0063
vn -0.8441 -0.5361 -0.0102
vn -0.8523 -0.5228 -0.0158
vn -0.8372 -0.5469 -0.0041
vn -0.8000 -0.6001 0.0000
vn -0.8114 -0.5845 -0.0001
vn -0.5924 -0.3870 -0.7066
vn -0.7629 -0.6465 0.0046
vn -0.9641 0.2585 -0.0611
vn -0.9641 0.2584 -0.0612
vn -0.7999 -0.6001 0.0000
vn -0.9641 0.2585 0.0612
vn -0.9641 0.2584 0.0611
vn -0.8181 -0.5751 -0.0002
vn -0.7944 -0.6073 0.0007
vn -0.8115 -0.5844 -0.0000
vn -0.9641 0.2584 0.0612
vn -0.7998 -0.6003 0.0048
vn -0.9535 0.2400 -0.1824
vn -0.9535 0.2398 0.1824
vn -0.9533 0.2397 0.1837
vn -0.8113 -0.5846 0.0001
vn -0.8059 -0.5920 -0.0115
vn -0.8508 -0.5250 0.0216
vn -0.8434 -0.5370 0.0165
vn -0.8405 -0.5416 0.0148
vn -0.8352 -0.5498 0.0122
vn -0.8270 -0.5621 0.0089
vn -0.8196 -0.5730 0.0068
vn -0.8129 -0.5823 0.0058
vn -0.8019 -0.5975 0.0049
vn -0.5703 -0.4189 0.7065
vn -0.5700 -0.4191 0.7067
vn -0.9534 0.2394 -0.1837
vn -0.9321 0.2026 -0.3002
vn -0.9321 0.2028 0.3002
vn -0.9323 0.2029 0.2992
vn -0.8085 -0.5885 0.0002
vn -0.9323 0.2032 -0.2993
vn -0.9018 0.1504 -0.4051
vn -0.9018 0.1503 0.4051
vn -0.9017 0.1502 0.4055
vn -0.8182 -0.5749 0.0000
vn -0.9019 0.1501 0.4050
vn -0.9012 0.1495 0.4067
vn 0.4050 0.5804 0.7065
vn 0.4685 0.5305 0.7065
vn 0.3000 0.6407 -0.7068
vn 0.2270 0.6700 -0.7068
vn 0.2250 0.6708 -0.7066
vn -0.9014 0.1491 -0.4065
vn -0.8586 0.0757 -0.5071
vn -0.8225 -0.5688 0.0000
vn -0.8623 0.0816 0.4998
vn -0.8611 0.0803 0.5021
vn -0.8613 0.0797 -0.5018
vn -0.8631 0.0824 0.4983
vn 0.1866 0.6826 0.7066
vn 0.1865 0.6827 0.7065
vn 0.2627 0.6571 0.7065
vn 0.4981 0.5028 -0.7065
vn 0.4963 0.5042 -0.7067
vn -0.8618 0.0851 -0.5000
vn -0.8289 -0.5595 -0.0020
vn -0.8580 -0.5137 0.0018
vn -0.8537 -0.5208 0.0013
vn -0.8466 -0.5323 0.0007
vn -0.8442 -0.5360 0.0005
vn -0.8390 -0.5441 0.0003
vn -0.8310 -0.5563 0.0000
vn -0.8277 0.0205 0.5608
vn -0.8626 0.0834 -0.4989
vn -0.8142 -0.0038 -0.5806
vn -0.8105 -0.0084 -0.5857
vn -0.8133 -0.0022 -0.5819
vn -0.8144 -0.0009 -0.5804
vn -0.8314 -0.5557 -0.0017
vn -0.8151 -0.0053 0.5793
vn -0.8016 -0.0251 0.5974
vn -0.8016 -0.0252 0.5974
vn -0.7753 -0.0705 -0.6276
vn -0.8382 -0.5453 -0.0010
vn -0.7753 -0.0705 0.6276
vn -0.8660 -0.5000 0.0070
vn -0.8631 -0.5050 0.0056
vn -0.8579 -0.5138 0.0034
vn -0.6129 -0.3538 0.7065
vn 0.0000 -1.0000 -0.0009
vn -0.0552 -0.9985 0.0009
vn 0.0000 -0.7078 -0.7064
vn -0.0390 -0.7066 0.7066
vn -0.8447 -0.5353 -0.0005
vn -0.7632 -0.0948 0.6391
vn -0.7486 -0.1168 0.6526
vn -0.7623 -0.0967 -0.6400
vn -0.7486 -0.1174 -0.6526
vn 0.4685 0.5301 0.7068
vn 0.4683 0.5306 0.7065
vn 0.5259 0.4737 0.7065
vn 0.2251 0.6709 -0.7066
vn 0.1470 0.6922 -0.7066
vn 0.1471 0.6921 -0.7066
vn -0.7183 -0.1698 -0.6747
vn -0.8460 -0.5332 -0.0004
vn -0.7172 -0.1712 0.6755
vn 0.5722 0.8201 0.0025
vn 0.4750 0.8800 -0.0008
vn 0.5236 0.8519 -0.0009
vn 0.4240 0.9056 -0.0008
vn -0.7055 -0.1953 -0.6813
vn -0.6891 -0.2203 -0.6904
vn -0.8545 -0.5195 -0.0001
vn -0.7041 -0.1972 0.6822
vn -0.6899 -0.2188 0.6901
vn 0.4755 0.8797 0.0024
vn 0.3209 0.9471 -0.0023
vn 0.3717 0.9283 -0.0007
vn 0.6183 0.7860 0.0008
vn 0.5722 0.8201 -0.0008
vn -0.6581 -0.2739 -0.7013
vn -0.8578 -0.5140 -0.0000
vn -0.6583 -0.2735 0.7013
vn -0.8578 -0.5140 -0.0005
vn 0.1074 0.6992 0.7069
vn 0.1070 0.6996 0.7065
vn 0.1868 0.6826 0.7065
vn 0.5519 0.4428 -0.7066
vn 0.5527 0.4421 -0.7064
vn 0.6622 0.7493 -0.0008
vn 0.3181 0.9481 -0.0007
vn 0.3712 0.9285 0.0024
vn -0.8632 -0.5048 -0.0000
vn -0.8635 -0.5043 0.0000
vn -0.6442 -0.3015 0.7029
vn -0.6271 -0.3276 0.7067
vn -0.6442 -0.3015 -0.7029
vn -0.6270 -0.3277 -0.7067
vn 0.0552 -0.9985 0.0009
vn 0.0390 -0.7066 0.7066
vn -0.8691 -0.4946 0.0070
vn -0.5974 -0.3790 -0.7067
vn -0.8689 -0.4950 0.0000
vn -0.8682 -0.4961 -0.0000
vn -0.5970 -0.3797 0.7067
vn -0.5974 -0.3791 -0.7067
vn -0.8923 -0.4514 -0.0024
vn -0.6315 -0.3194 -0.7066
vn 0.2078 0.9782 -0.0024
vn 0.2635 0.9647 -0.0005
vn 0.7015 0.7127 -0.0006
vn -0.8659 -0.5002 0.0067
vn -0.6129 -0.3540 0.7064
vn 0.7038 0.7104 0.0008
vn 0.6617 0.7498 -0.0006
vn -0.8732 -0.4873 0.0037
vn -0.5838 -0.4060 -0.7031
vn -0.5655 -0.4339 -0.7014
vn -0.8736 -0.4866 -0.0000
vn -0.8789 -0.4770 -0.0001
vn -0.8818 -0.4717 -0.0003
vn -0.8888 -0.4582 -0.0008
vn -0.8922 -0.4517 -0.0011
vn -0.8731 -0.4876 0.0019
vn -0.8991 -0.4378 -0.0020
vn -0.8949 -0.4463 -0.0014
vn -0.5837 -0.4060 0.7032
vn -0.5658 -0.4335 0.7014
vn -0.8749 -0.4840 -0.0194
vn -0.6127 -0.3537 0.7067
vn 0.5258 0.4732 0.7069
vn 0.5257 0.4737 0.7066
vn 0.5765 0.4104 0.7066
vn 0.1470 0.6920 -0.7068
vn 0.0679 0.7042 -0.7068
vn 0.0672 0.7044 -0.7066
vn -0.8784 -0.4779 0.0020
vn -0.5356 -0.4857 -0.6908
vn -0.5357 -0.4856 0.6908
vn -0.8783 -0.4781 0.0013
vn -0.8805 -0.4738 -0.0146
vn 0.7433 0.6690 -0.0008
vn 0.2639 0.9645 -0.0005
vn 0.2078 0.9782 0.0008
vn -0.5227 -0.5115 0.6820
vn -0.5045 -0.5391 0.6744
vn -0.8837 -0.4679 -0.0122
vn -0.5227 -0.5114 0.6820
vn -0.8853 -0.4648 0.0177
vn -0.9157 -0.4017 -0.0076
vn -0.5217 -0.5135 -0.6813
vn -0.5047 -0.5393 -0.6741
vn -0.8826 -0.4701 0.0008
vn -0.4951 0.8645 0.0867
vn -0.4998 0.8651 0.0419
vn -0.4998 0.8651 -0.0416
vn -0.4951 0.8645 -0.0867
vn -0.4998 0.8651 0.0416
vn -0.8914 -0.4529 0.0135
vn -0.4773 -0.5868 -0.6542
vn -0.4770 -0.5868 0.6543
vn -0.8887 -0.4584 0.0004
vn -0.8903 -0.4553 -0.0077
vn -0.4958 0.8587 -0.1293
vn -0.4882 0.8455 -0.2164
vn -0.4795 0.8380 -0.2604
vn -0.4795 0.8380 0.2604
vn -0.4882 0.8455 0.2165
vn -0.4959 0.8588 0.1284
vn -0.4794 0.8381 0.2604
vn -0.4884 0.8458 0.2149
vn -0.4959 0.8587 0.1293
vn -0.4767 0.8263 -0.2999
vn -0.4610 0.7991 -0.3860
vn -0.4501 0.7868 -0.4222
vn -0.4499 0.7870 0.4222
vn -0.4615 0.8000 0.3834
vn -0.4767 0.8263 0.2999
vn -0.4764 0.8257 0.3020
vn -0.4448 0.7713 -0.4552
vn -0.4093 0.7098 -0.5732
vn -0.4105 0.7105 0.5716
vn -0.4087 0.7088 0.5749
vn -0.4440 0.7701 0.4581
vn -0.4447 0.7714 -0.4552
vn -0.4099 0.7095 0.5732
vn -0.4081 0.7078 0.5766
vn -0.8948 -0.4463 0.0115
vn -0.4650 -0.6116 -0.6401
vn -0.4491 -0.6355 -0.6280
vn -0.8919 -0.4522 0.0002
vn -0.4638 -0.6134 0.6392
vn -0.4491 -0.6355 0.6280
vn -0.8934 -0.4492 -0.0059
vn 0.1512 0.9885 -0.0008
vn 0.7809 0.6247 -0.0005
vn -0.4087 0.7074 -0.5766
vn -0.3545 0.6137 -0.7055
vn -0.3537 0.6121 0.7073
vn -0.3535 0.6119 0.7076
vn -0.3546 0.6137 0.7055
vn -0.3544 0.6134 0.7058
vn -0.6479 -0.2842 0.7067
vn 0.1100 -0.9939 -0.0008
vn 0.0551 -0.9985 0.0009
vn 0.0779 -0.7035 -0.7064
vn 0.0778 -0.7035 -0.7065
vn 0.0267 0.7074 0.7063
vn 0.0272 0.7070 0.7067
vn 0.1077 0.6993 0.7067
vn 0.5990 0.3769 -0.7065
vn 0.5984 0.3775 -0.7067
vn 0.0390 -0.7065 0.7066
vn -0.8976 -0.4407 0.0101
vn -0.4215 -0.6834 -0.5961
vn -0.4215 -0.6834 0.5961
vn -0.8945 -0.4472 0.0001
vn -0.8959 -0.4443 -0.0046
vn 0.7800 0.6257 0.0008
vn 0.7428 0.6695 -0.0005
vn -0.3544 0.6134 -0.7058
vn -0.2866 0.4959 -0.8197
vn -0.2863 0.4961 0.8197
vn -0.2873 0.4971 0.8187
vn -0.6317 -0.3198 -0.7062
vn -0.9014 -0.4328 0.0085
vn -0.4104 -0.7061 -0.5770
vn -0.3963 -0.7271 -0.5606
vn -0.8983 -0.4394 0.0000
vn -0.3963 -0.7271 0.5606
vn -0.4104 -0.7061 0.5770
vn -0.8995 -0.4370 -0.0031
vn -0.2870 0.4973 -0.8187
vn -0.2099 0.3640 -0.9074
vn -0.1839 0.3335 -0.9246
vn -0.2301 0.3987 -0.8878
vn -0.2087 0.3681 0.9061
vn -0.2288 0.3965 0.8891
vn -0.2085 0.3682 0.9061
vn -0.2301 0.3987 0.8878
vn -0.9063 -0.4225 0.0068
vn -0.3611 -0.7862 -0.5016
vn -0.9032 -0.4293 0.0000
vn -0.3610 -0.7862 0.5016
vn -0.3614 -0.7856 0.5022
vn -0.9039 -0.4277 -0.0016
vn -0.3612 -0.7862 0.5015
vn -0.3607 -0.7867 0.5009
vn -0.1308 0.2266 -0.9652
vn -0.1012 0.1914 -0.9763
vn -0.1526 0.2645 -0.9522
vn -0.1259 0.2256 0.9661
vn -0.1494 0.2589 0.9543
vn -0.1944 0.3369 0.9213
vn -0.1493 0.2589 0.9543
vn -0.1932 0.3350 0.9222
vn 0.8145 0.5801 -0.0008
vn 0.5766 0.4106 0.7064
vn 0.0959 0.9954 -0.0004
vn -0.0429 0.0744 -0.9963
vn -0.0150 0.0408 -0.9991
vn -0.0646 0.1120 -0.9916
vn -0.0397 0.0763 0.9963
vn -0.0646 0.1120 0.9916
vn -0.1081 0.1873 0.9763
vn -0.0429 0.0745 -0.9963
vn -0.0150 0.0409 -0.9991
vn -0.9112 -0.4119 0.0057
vn -0.3609 -0.7867 -0.5008
vn -0.3207 -0.8562 -0.4051
vn -0.9142 -0.4053 0.0002
vn -0.9134 -0.4071 0.0001
vn -0.9074 -0.4202 0.0000
vn -0.9276 -0.3737 0.0009
vn -0.9076 -0.4199 -0.0002
vn -0.3202 -0.8563 0.4053
vn -0.3212 -0.8552 0.4068
vn -0.9079 -0.4191 -0.0007
vn -0.3219 -0.8544 0.4079
vn 0.1522 0.9883 -0.0004
vn 0.0952 0.9955 0.0008
vn 0.0674 0.7046 -0.7064
vn 0.0464 -0.0729 -0.9963
vn 0.0213 -0.0369 -0.9991
vn 0.0431 -0.0748 0.9963
vn -0.0214 0.0371 0.9991
vn 0.0464 -0.0730 -0.9963
vn 0.0215 -0.0373 -0.9991
vn -0.0214 0.0372 0.9991
vn -0.9186 -0.3951 0.0049
vn -0.3211 -0.8545 -0.4083
vn -0.2902 -0.9083 -0.3012
vn -0.9140 -0.4057 -0.0000
vn -0.2905 -0.9083 0.3011
vn -0.2896 -0.9092 0.2990
vn -0.9140 -0.4056 -0.0000
vn 0.5766 0.4103 0.7065
vn 0.6195 0.3422 0.7065
vn -0.0146 0.7077 -0.7064
vn -0.0135 0.7074 -0.7067
vn 0.1339 -0.2239 -0.9654
vn 0.1084 -0.1876 -0.9763
vn 0.0648 -0.1120 -0.9916
vn 0.0648 -0.1120 0.9916
vn 0.1289 -0.2230 0.9663
vn 0.0278 -0.0332 0.9991
vn 0.1335 -0.2241 -0.9654
vn 0.1112 -0.1923 -0.9750
vn 0.0641 -0.1110 -0.9918
vn -0.9210 -0.3895 0.0048
vn -0.2902 -0.9091 -0.2989
vn -0.2688 -0.9458 -0.1821
vn -0.9132 -0.4076 -0.0000
vn -0.2688 -0.9458 0.1820
vn -0.2689 -0.9458 0.1821
vn -0.9133 -0.4073 -0.0001
vn -0.9433 -0.3320 0.0046
vn -0.2689 -0.9458 -0.1820
vn -0.2585 -0.9639 -0.0640
vn -0.9231 -0.3846 0.0000
vn -0.2585 -0.9639 0.0640
vn 0.2128 -0.3616 -0.9077
vn 0.1901 -0.3295 -0.9248
vn 0.1533 -0.2659 -0.9517
vn 0.1147 -0.1840 0.9762
vn 0.1502 -0.2603 0.9538
vn 0.2111 -0.3660 0.9064
vn 0.1900 -0.3295 -0.9248
vn 0.1510 -0.2618 -0.9532
vn 0.1166 -0.1893 0.9750
vn 0.1477 -0.2561 0.9553
vn -0.6479 -0.2844 0.7066
vn 0.1648 -0.9863 0.0009
vn 0.1166 -0.6979 0.7066
vn -0.9364 -0.3508 0.0000
vn -0.6630 -0.2484 -0.7062
vn -0.9169 -0.3992 0.0042
vn -0.9159 -0.4015 0.0046
vn -0.2587 -0.9641 -0.0607
vn -0.2585 -0.9642 -0.0590
vn -0.9534 -0.3015 -0.0124
vn -0.9403 -0.3403 0.0009
vn -0.2587 -0.9641 0.0607
vn -0.2585 -0.9642 0.0590
vn -0.9477 -0.3188 0.0110
vn -0.9292 -0.3694 -0.0067
vn -0.9543 -0.2986 -0.0134
vn -0.6483 -0.2842 0.7063
vn 0.0384 0.9993 -0.0008
vn 0.8458 0.5335 -0.0004
vn 0.2872 -0.4983 -0.8181
vn 0.2888 -0.5003 -0.8163
vn 0.2282 -0.3953 -0.8898
vn 0.2872 -0.4982 0.8181
vn 0.2888 -0.5003 0.8163
vn 0.1990 -0.3315 0.9222
vn 0.2282 -0.3953 0.8898
vn 0.2872 -0.4982 -0.8181
vn 0.3544 -0.6138 -0.7055
vn 0.2848 -0.4932 -0.8220
vn 0.3538 -0.6120 0.7073
vn 0.3528 -0.6109 0.7088
vn 0.2848 -0.4932 0.8220
vn 0.3547 -0.6136 0.7055
vn 0.3537 -0.6125 0.7070
vn 0.8387 0.5446 0.0034
vn 0.8562 0.5167 0.0081
vn 0.8553 0.5181 0.0078
vn 0.8465 0.5325 0.0029
vn 0.8653 0.5012 0.0122
vn 0.8612 0.5081 0.0103
vn 0.8525 0.5226 0.0069
vn 0.8487 0.5289 0.0057
vn 0.8436 0.5369 0.0044
vn 0.8355 0.5495 0.0029
vn 0.8318 0.5550 0.0025
vn 0.8290 0.5592 0.0022
vn 0.8315 0.5555 0.0024
vn 0.8224 0.5689 0.0018
vn 0.8240 0.5666 0.0019
vn 0.8293 0.5589 0.0022
vn 0.7814 0.6240 -0.0004
vn 0.5989 0.3768 -0.7066
vn 0.8369 0.5474 -0.0011
vn 0.8433 0.5374 -0.0011
vn 0.8282 0.5604 -0.0009
vn 0.8246 0.5657 -0.0009
vn 0.8339 0.5519 -0.0010
vn 0.8308 0.5566 -0.0010
vn 0.8334 0.5527 -0.0010
vn 0.6822 0.7312 0.0030
vn 0.8146 0.5800 -0.0033
vn 0.8173 0.5762 -0.0034
vn 0.8181 0.5751 -0.0035
vn 0.8284 0.5601 -0.0042
vn 0.8266 0.5627 -0.0040
vn 0.8298 0.5581 -0.0043
vn 0.8340 0.5517 -0.0048
vn 0.8376 0.5462 -0.0053
vn 0.8429 0.5381 -0.0064
vn 0.8481 0.5298 -0.0078
vn 0.8521 0.5233 -0.0090
vn 0.8557 0.5173 -0.0102
vn 0.8550 0.5185 -0.0100
vn 0.8148 0.5798 0.0059
vn 0.4094 -0.7081 -0.5753
vn 0.3540 -0.6123 -0.7070
vn 0.4094 -0.7095 0.5736
vn 0.4111 -0.7112 0.5703
vn 0.4088 -0.7085 0.5753
vn 0.4106 -0.7102 0.5719
vn 0.8671 0.4982 -0.0008
vn 0.8317 0.5553 0.0001
vn 0.8264 0.5630 0.0002
vn 0.8357 0.5492 0.0000
vn 0.4563 -0.7833 -0.4222
vn 0.4430 -0.7678 -0.4627
vn 0.4099 -0.7105 -0.5720
vn 0.4563 -0.7833 0.4222
vn 0.4430 -0.7678 0.4628
vn 0.4565 -0.7832 -0.4222
vn 0.4423 -0.7665 -0.4657
vn 0.8320 0.5548 0.0001
vn 0.4864 -0.8349 -0.2575
vn 0.4769 -0.8260 -0.3005
vn 0.4618 -0.7998 -0.3835
vn 0.4865 -0.8349 0.2575
vn 0.4766 -0.8254 0.3026
vn 0.4618 -0.7998 0.3835
vn 0.4866 -0.8348 -0.2575
vn 0.4764 -0.8251 -0.3038
vn 0.4623 -0.8007 -0.3810
vn 0.4864 -0.8349 0.2575
vn 0.4769 -0.8260 0.3005
vn -0.0537 0.7056 0.7066
vn -0.0541 0.7059 0.7062
vn 0.0269 0.7075 0.7062
vn 0.6381 0.3061 -0.7065
vn 0.6377 0.3065 -0.7067
vn 0.5012 -0.8608 -0.0885
vn 0.4962 -0.8588 -0.1274
vn 0.4883 -0.8450 -0.2180
vn 0.4962 -0.8588 0.1274
vn 0.5012 -0.8608 0.0885
vn 0.4884 -0.8453 0.2165
vn 0.4962 -0.8587 -0.1283
vn 0.4887 -0.8457 -0.2146
vn 0.4962 -0.8587 0.1283
vn 0.4883 -0.8450 0.2180
vn 0.4997 -0.8649 0.0481
vn 0.4997 -0.8649 -0.0481
vn 0.4997 -0.8649 0.0478
vn 0.4997 -0.8649 -0.0478
vn 0.8453 0.5343 0.0000
vn 0.8618 0.5072 -0.0015
vn 0.8655 0.5008 -0.0022
vn 0.8754 0.4834 -0.0047
vn 0.6194 0.3421 0.7066
vn -0.0206 0.9998 -0.0003
vn 0.8525 0.5227 0.0000
vn 0.8503 0.5264 -0.0000
vn 0.8519 0.5237 -0.0000
vn 0.8541 0.5202 0.0000
vn 0.1164 -0.6981 0.7064
vn -0.6628 -0.2481 -0.7065
vn 0.8575 0.5145 0.0000
vn 0.8562 0.5167 0.0000
vn 0.8619 0.5070 -0.0001
vn 0.0379 0.9993 -0.0003
vn -0.0188 0.9998 0.0008
vn -0.0133 0.7076 -0.7065
vn -0.6756 -0.2114 0.7063
vn 0.2186 -0.9758 -0.0009
vn 0.1641 -0.9864 0.0009
vn 0.1550 -0.6906 -0.7065
vn 0.1547 -0.6903 -0.7068
vn 0.8562 0.5167 0.0001
vn 0.1161 -0.6980 0.7066
vn 0.8619 0.5070 0.0000
vn 0.8656 0.5008 0.0000
vn 0.8656 0.5007 0.0000
vn 0.8675 0.4974 -0.0067
vn 0.8674 0.4977 0.0000
vn 0.8687 0.4954 0.0000
vn 0.8674 0.4977 0.0004
vn 0.8704 0.4923 -0.0061
vn 0.8774 0.4798 0.0001
vn 0.8687 0.4954 -0.0001
vn 0.8728 0.4881 0.0000
vn 0.8700 0.4930 0.0000
vn 0.8703 0.4925 0.0046
vn 0.9013 0.4332 -0.0027
vn 0.6194 0.3418 0.7067
vn 0.6543 0.2692 0.7067
vn -0.0947 0.7014 -0.7065
vn -0.0939 0.7012 -0.7067
vn 0.8733 0.4871 -0.0055
vn 0.8745 0.4850 -0.0000
vn 0.8749 0.4843 0.0037
vn 0.8761 0.4821 0.0036
vn 0.8781 0.4785 -0.0048
vn 0.8756 0.4831 0.0000
vn -0.0764 0.9971 -0.0008
vn 0.8777 0.4792 -0.0049
vn 0.8767 0.4810 0.0000
vn 0.8813 0.4726 -0.0000
vn 0.8774 0.4797 0.0034
vn 0.8823 0.4706 -0.0045
vn 0.8812 0.4727 0.0000
vn 0.8820 0.4713 0.0031
vn 0.8871 0.4615 -0.0044
vn 0.8857 0.4643 0.0000
vn 0.8866 0.4624 0.0029
vn 0.8756 0.4831 -0.0044
vn 0.8858 0.4641 -0.0019
vn 0.8852 0.4653 0.0000
vn 0.8851 0.4653 0.0000
vn 0.8861 0.4635 0.0029
vn 0.9017 0.4325 0.0033
vn 0.6381 0.3060 -0.7065
vn 0.9247 0.3806 0.0074
vn 0.8959 0.4440 -0.0171
vn 0.8883 0.4593 0.0000
vn 0.8957 0.4444 0.0166
vn 0.9445 0.3273 -0.0280
vn -0.6752 -0.2110 0.7068
vn -0.6756 -0.2116 0.7062
vn 0.9005 0.4345 -0.0138
vn 0.8943 0.4475 0.0037
vn 0.8919 0.4522 0.0000
vn 0.8944 0.4472 -0.0000
vn 0.8945 0.4471 -0.0000
vn 0.9015 0.4329 -0.0002
vn 0.9227 0.3855 -0.0008
vn 0.9003 0.4351 0.0133
vn 0.9040 0.4274 -0.0115
vn 0.8972 0.4415 0.0033
vn 0.9036 0.4281 0.0111
vn 0.9054 0.4244 -0.0105
vn 0.8979 0.4402 0.0032
vn 0.9050 0.4252 0.0102
vn 0.2725 -0.9622 0.0009
vn 0.1928 -0.6808 0.7067
vn -0.9543 -0.2988 0.0009
vn -0.9694 -0.2455 -0.0009
vn -0.6861 -0.1737 -0.7065
vn 0.9121 0.4100 -0.0063
vn 0.9064 0.4223 0.0020
vn 0.9116 0.4110 0.0060
vn 0.8950 0.4461 0.0036
vn 0.9062 0.4228 0.0093
vn 0.9067 0.4217 -0.0096
vn 0.9133 0.4073 -0.0057
vn 0.9030 0.4296 0.0025
vn 0.9488 0.3152 -0.0184
vn 0.9125 0.4089 0.0055
vn 0.9181 0.3963 -0.0027
vn 0.9278 0.3731 -0.0039
vn 0.9290 0.3701 0.0041
vn 0.9223 0.3865 -0.0001
vn 0.9173 0.3981 0.0026
vn 0.6543 0.2693 0.7066
vn -0.1339 0.9910 -0.0002
vn -0.1339 0.6948 0.7066
vn -0.1340 0.6949 0.7065
vn -0.0535 0.7057 0.7065
vn 0.6687 0.2316 -0.7065
vn 0.6687 0.2317 -0.7066
vn -0.0756 0.9971 -0.0002
vn -0.1325 0.9912 0.0008
vn -0.0938 0.7014 -0.7065
vn 0.1926 -0.6811 0.7064
vn -0.6859 -0.1735 -0.7067
vn -0.1894 0.9819 -0.0008
vn -0.9815 -0.1916 0.0008
vn -0.6943 -0.1355 0.7068
vn 0.3248 -0.9458 -0.0009
vn 0.2717 -0.9624 0.0009
vn 0.2295 -0.6691 -0.7068
vn 0.2299 -0.6694 -0.7065
vn 0.1922 -0.6809 0.7067
vn 0.6543 0.2696 0.7065
vn 0.6809 0.1927 0.7065
vn 0.6808 0.1928 0.7066
vn -0.1735 0.6861 -0.7065
vn -0.1737 0.6861 -0.7065
vn 0.9246 0.3810 -0.0001
vn 0.9450 0.3272 0.0008
vn 0.6687 0.2315 -0.7065
vn -0.6944 -0.1357 0.7067
vn 0.9622 0.2723 -0.0008
vn -0.2451 0.9695 -0.0001
vn -0.2123 0.6750 0.7066
vn -0.2122 0.6749 0.7067
vn -0.1340 0.6947 0.7067
vn 0.6908 0.1536 -0.7066
vn 0.6908 0.1535 -0.7065
vn 0.3767 -0.9263 0.0009
vn 0.2666 -0.6554 0.7067
vn -0.9815 -0.1917 0.0008
vn -0.9905 -0.1372 -0.0009
vn -0.7008 -0.0971 -0.7067
vn -0.6944 -0.1356 0.7067
vn -0.1894 0.9819 -0.0001
vn -0.2449 0.9695 0.0008
vn -0.1734 0.6865 -0.7061
vn -0.2999 0.9540 -0.0008
vn 0.9762 0.2169 0.0000
vn 0.2664 -0.6556 0.7065
vn -0.7011 -0.0974 -0.7063
vn 0.6808 0.1933 0.7065
vn 0.6985 0.1140 0.7065
vn 0.6982 0.1141 0.7067
vn -0.2515 0.6620 -0.7061
vn -0.2503 0.6620 -0.7065
vn -0.9966 -0.0821 0.0009
vn -0.7051 -0.0581 0.7067
vn 0.4268 -0.9044 -0.0009
vn 0.3759 -0.9267 0.0009
vn 0.3020 -0.6400 -0.7065
vn 0.3021 -0.6401 -0.7064
vn 0.9620 0.2731 0.0000
vn 0.9762 0.2170 0.0008
vn 0.6907 0.1536 -0.7066
vn 0.2659 -0.6555 0.7068
vn 0.9870 0.1610 -0.0008
vn -0.3551 0.9348 0.0001
vn -0.7054 -0.0586 0.7063
vn -0.7054 -0.0585 0.7064
vn -0.2877 0.6463 0.7068
vn -0.2881 0.6465 0.7064
vn -0.2117 0.6754 0.7064
vn 0.7041 0.0740 -0.7062
vn 0.7036 0.0743 -0.7067
vn 0.7038 0.0739 -0.7066
vn -0.2991 0.9542 0.0001
vn -0.3540 0.9353 0.0008
vn -0.2504 0.6617 -0.7067
vn 0.4763 -0.8793 0.0009
vn 0.3369 -0.6220 0.7068
vn -0.9966 -0.0827 0.0009
vn -0.9996 -0.0276 -0.0009
vn -0.7076 -0.0195 -0.7064
vn -0.4071 0.9134 -0.0008
vn 0.9945 0.1045 0.0001
vn 0.3367 -0.6225 0.7065
vn 0.6983 0.1143 0.7067
vn 0.7067 0.0335 0.7067
vn 0.7068 0.0335 0.7066
vn -0.3234 0.6292 -0.7067
vn -0.3243 0.6292 -0.7064
vn 0.9869 0.1615 0.0001
vn 0.9945 0.1050 0.0008
vn -0.9996 0.0276 0.0009
vn -0.7076 0.0195 0.7064
vn 0.5237 -0.8519 -0.0009
vn 0.4755 -0.8797 0.0009
vn 0.3708 -0.6029 -0.7064
vn 0.3705 -0.6028 -0.7067
vn 0.3365 -0.6225 0.7066
vn 0.9989 0.0474 -0.0008
vn -0.4571 0.8894 0.0002
vn -0.3597 0.6095 0.7065
vn -0.3596 0.6095 0.7065
vn -0.2869 0.6469 0.7065
vn 0.7079 -0.0067 -0.7063
vn 0.7077 -0.0066 -0.7064
vn 0.7080 -0.0071 -0.7062
vn -0.4054 0.9141 0.0002
vn -0.4587 0.8886 0.0008
vn -0.3245 0.6286 -0.7067
vn -0.5082 0.8613 -0.0008
vn 0.9999 -0.0100 0.0003
vn 0.5700 -0.8217 0.0008
vn 0.4033 -0.5814 0.7067
vn -0.9966 0.0824 -0.0008
vn -0.7055 0.0583 -0.7063
vn 0.4033 -0.5814 0.7066
vn -0.7051 0.0586 -0.7067
vn 0.7069 0.0337 0.7065
vn 0.7061 -0.0471 0.7066
vn 0.7060 -0.0470 0.7067
vn -0.3938 0.5878 -0.7067
vn 0.9989 0.0477 0.0002
vn 1.0000 -0.0093 0.0008
vn 0.9978 -0.0665 -0.0008
vn -0.5566 0.8308 0.0003
vn -0.9905 0.1372 0.0009
vn -0.7012 0.0971 0.7063
vn 0.6142 -0.7891 -0.0008
vn 0.5701 -0.8216 0.0008
vn 0.4345 -0.5584 -0.7067
vn 0.4346 -0.5584 -0.7066
vn 0.4035 -0.5814 0.7065
vn -0.7008 0.0974 0.7067
vn -0.7011 0.0972 0.7064
vn -0.4270 0.5644 0.7064
vn -0.4267 0.5644 0.7067
vn -0.3605 0.6088 0.7067
vn 0.7022 -0.0872 -0.7066
vn 0.7023 -0.0873 -0.7065
vn 0.7025 -0.0877 -0.7063
vn -0.5095 0.8605 0.0003
vn -0.5564 0.8309 0.0008
vn -0.3937 0.5880 -0.7066
vn -0.6031 0.7977 -0.0008
vn 0.9923 -0.1239 0.0004
vn 0.6566 -0.7542 0.0009
vn 0.4647 -0.5338 0.7065
vn -0.9905 0.1373 0.0009
vn -0.9815 0.1917 -0.0008
vn -0.6944 0.1356 -0.7067
vn 0.4647 -0.5337 0.7065
vn -0.6943 0.1356 -0.7068
vn 0.7059 -0.0473 0.7068
vn 0.6959 -0.1273 0.7067
vn 0.6960 -0.1274 0.7067
vn -0.4583 0.5391 -0.7066
vn -0.4582 0.5391 -0.7067
vn 0.9978 -0.0669 0.0004
vn 0.9924 -0.1234 0.0008
vn 0.9837 -0.1799 -0.0008
vn -0.6477 0.7619 0.0004
vn -0.9694 0.2455 0.0009
vn -0.6859 0.1737 0.7067
vn 0.6973 -0.7168 -0.0009
vn 0.4934 -0.5072 -0.7066
vn 0.4647 -0.5337 0.7066
vn -0.6861 0.1736 0.7065
vn -0.4883 0.5123 0.7064
vn -0.4884 0.5123 0.7064
vn -0.4269 0.5646 0.7064
vn 0.6876 -0.1669 -0.7066
vn 0.6877 -0.1669 -0.7066
vn 0.6876 -0.1668 -0.7066
vn -0.6031 0.7977 0.0004
vn -0.6478 0.7618 0.0008
vn -0.4583 0.5389 -0.7068
vn -0.6900 0.7238 -0.0008
vn 0.9718 -0.2357 0.0005
vn 0.7358 -0.6772 0.0009
vn 0.5207 -0.4792 0.7065
vn 0.5206 -0.4792 0.7067
vn -0.9694 0.2454 0.0009
vn -0.9543 0.2987 -0.0009
vn -0.6751 0.2113 -0.7068
vn -0.6861 0.1737 0.7065
vn -0.6757 0.2111 -0.7063
vn 0.6963 -0.1266 0.7065
vn 0.6771 -0.2058 0.7065
vn 0.6771 -0.2058 0.7066
vn -0.5162 0.4837 -0.7068
vn -0.5169 0.4835 -0.7064
vn 0.9839 -0.1789 0.0005
vn 0.9718 -0.2358 0.0008
vn 0.9568 -0.2909 -0.0008
vn -0.7297 0.6838 0.0006
vn -0.9365 0.3505 0.0008
vn -0.6628 0.2481 0.7065
vn 0.7719 -0.6357 0.0000
vn 0.7760 -0.6307 -0.0022
vn 0.7646 -0.6445 0.0037
vn 0.7648 -0.6443 0.0009
vn 0.5463 -0.4499 -0.7065
vn 0.5462 -0.4499 -0.7066
vn 0.7357 -0.6772 -0.0135
vn 0.7524 -0.6586 -0.0053
vn -0.5437 0.4533 0.7064
vn -0.5436 0.4533 0.7064
vn -0.4883 0.5124 0.7064
vn 0.6643 -0.2443 -0.7064
vn 0.6642 -0.2442 -0.7066
vn 0.6642 -0.2441 -0.7066
vn -0.7304 0.6831 0.0006
vn -0.6899 0.7239 0.0024
vn -0.7681 0.6404 -0.0008
vn 0.9386 -0.3449 0.0006
vn 0.8056 -0.5924 0.0046
vn 0.7902 -0.6128 0.0003
vn 0.5701 -0.4191 0.7067
vn 0.5699 -0.4191 0.7068
vn -0.9363 0.3511 0.0008
vn -0.9158 0.4016 -0.0008
vn -0.6483 0.2843 -0.7063
vn -0.6629 0.2486 0.7062
vn -0.6478 0.2844 -0.7067
vn 0.6765 -0.2071 0.7067
vn 0.6491 -0.2816 0.7067
vn 0.6492 -0.2818 0.7065
vn -0.5688 0.4212 -0.7064
vn -0.5685 0.4214 -0.7066
vn 0.9562 -0.2927 0.0006
vn 0.9386 -0.3450 0.0008
vn 0.9174 -0.3980 -0.0008
vn -0.8036 0.5952 0.0007
vn 0.9639 0.2579 -0.0656
vn 0.9639 0.2579 0.0656
vn -0.8924 0.4512 0.0009
vn -0.6318 0.3195 0.7062
vn 0.8562 -0.5163 -0.0190
vn 0.8372 -0.5469 -0.0024
vn 0.8514 -0.5243 -0.0151
vn 0.8451 -0.5345 -0.0107
vn 0.8425 -0.5386 -0.0092
vn 0.8365 -0.5479 -0.0063
vn 0.8305 -0.5570 -0.0038
vn 0.8283 -0.5602 -0.0031
vn 0.8217 -0.5700 -0.0013
vn 0.8176 -0.5758 -0.0007
vn 0.8088 -0.5881 0.0000
vn 0.8114 -0.5845 -0.0001
vn 0.8000 -0.6001 0.0000
vn 0.5924 -0.3870 -0.7066
vn 0.7629 -0.6466 0.0046
vn 0.9641 0.2584 -0.0612
vn 0.9641 0.2585 -0.0611
vn 0.8000 -0.6000 0.0000
vn 0.9641 0.2584 0.0611
vn 0.9641 0.2585 0.0612
vn 0.7944 -0.6074 0.0007
vn 0.8181 -0.5751 -0.0002
vn 0.8115 -0.5844 -0.0000
vn 0.9641 0.2584 0.0612
vn 0.7998 -0.6003 0.0048
vn 0.8019 -0.5975 0.0049
vn 0.8129 -0.5823 0.0058
vn 0.8352 -0.5498 0.0122
vn 0.8295 -0.5584 0.0099
vn 0.8143 -0.5805 0.0060
vn 0.8219 -0.5696 0.0075
vn 0.8243 -0.5661 0.0082
vn 0.8405 -0.5415 0.0148
vn 0.8434 -0.5370 0.0165
vn 0.8059 -0.5920 -0.0076
vn 0.5703 -0.4189 0.7065
vn 0.9535 0.2398 -0.1824
vn 0.9533 0.2397 -0.1837
vn 0.9535 0.2400 0.1824
vn 0.8113 -0.5846 0.0001
vn -0.6313 0.3196 0.7066
vn -0.6316 0.3196 0.7064
vn -0.5917 0.3883 0.7065
vn -0.5919 0.3883 0.7063
vn -0.5433 0.4539 0.7063
vn 0.6321 -0.3182 -0.7065
vn 0.6324 -0.3187 -0.7060
vn 0.6323 -0.3180 -0.7064
vn 0.9321 0.2028 -0.3002
vn 0.9323 0.2029 -0.2993
vn 0.9534 0.2394 0.1837
vn 0.9321 0.2026 0.3002
vn 0.8085 -0.5885 0.0002
vn 0.9323 0.2029 -0.2992
vn -0.8420 0.5394 -0.0087
vn -0.8471 0.5313 -0.0113
vn -0.7670 0.6408 0.0329
vn -0.8530 0.5217 -0.0145
vn -0.8511 0.5248 -0.0134
vn -0.8369 0.5473 -0.0065
vn -0.8336 0.5524 -0.0053
vn -0.8335 0.5524 -0.0053
vn -0.8231 0.5678 -0.0022
vn -0.8289 0.5594 -0.0039
vn -0.8219 0.5697 -0.0020
vn -0.8226 0.5686 -0.0022
vn -0.8243 0.5662 -0.0026
vn -0.7919 0.6106 0.0049
vn -0.8105 0.5857 0.0007
vn -0.8310 0.5562 0.0086
vn -0.8360 0.5487 0.0022
vn -0.8234 0.5675 0.0014
vn -0.8323 0.5543 0.0019
vn -0.8243 0.5662 0.0014
vn -0.8368 0.5475 0.0022
vn -0.7932 0.6090 -0.0009
vn -0.7670 0.6416 -0.0065
vn -0.8122 0.5834 0.0035
vn -0.8145 0.5802 0.0040
vn -0.8158 0.5783 0.0043
vn -0.8242 0.5663 0.0065
vn -0.8191 0.5736 0.0051
vn -0.8302 0.5574 0.0084
vn -0.8350 0.5502 0.0100
vn -0.8405 0.5416 0.0124
vn -0.8460 0.5330 0.0151
vn -0.8501 0.5263 0.0173
vn -0.8524 0.5226 0.0186
vn -0.8031 0.5958 -0.0098
vn -0.8255 0.5644 0.0015
vn -0.5685 0.4218 -0.7064
vn -0.8362 0.5485 -0.0011
vn -0.8607 0.5089 -0.0173
vn -0.8563 0.5162 -0.0145
vn 0.8934 -0.4494 0.0008
vn 0.9019 0.1501 -0.4050
vn 0.9012 0.1495 -0.4067
vn 0.9323 0.2032 0.2993
vn 0.9018 0.1504 0.4051
vn 0.8224 -0.5688 -0.0001
vn 0.8181 -0.5750 0.0001
vn 0.8719 0.0961 -0.4802
vn 0.9017 0.1501 0.4054
vn 0.8612 0.0799 0.5019
vn 0.8183 -0.5747 0.0001
vn 0.9014 0.1491 0.4065
vn 0.8613 0.0797 0.5018
vn 0.8642 0.0799 -0.4967
vn 0.8508 0.0605 -0.5220
vn 0.8262 -0.5633 0.0000
vn 0.8277 0.0206 -0.5607
vn 0.8390 -0.5441 0.0003
vn 0.8442 -0.5360 0.0005
vn 0.8466 -0.5323 0.0007
vn 0.8283 -0.5603 0.0000
vn 0.8334 -0.5527 0.0001
vn 0.8537 -0.5208 0.0013
vn 0.8580 -0.5137 0.0018
vn 0.8289 -0.5595 -0.0020
vn 0.8620 0.0822 0.5002
vn 0.8285 0.0219 0.5595
vn 0.8626 0.0834 0.4989
vn 0.8277 0.0205 0.5608
vn 0.8151 -0.0053 -0.5793
vn 0.8016 -0.0251 -0.5973
vn 0.8314 -0.5557 -0.0017
vn 0.8152 -0.0055 0.5792
vn 0.8006 -0.0268 0.5985
vn 0.8151 -0.0053 0.5793
vn 0.8016 -0.0252 0.5974
vn 0.4951 0.8645 -0.0867
vn 0.4998 0.8651 -0.0419
vn 0.4998 0.8651 0.0419
vn 0.4951 0.8645 0.0867
vn 0.4959 0.8589 -0.1284
vn -0.8317 0.5552 -0.0001
vn 0.4959 0.8588 -0.1284
vn 0.4959 0.8588 0.1284
vn 0.4795 0.8380 -0.2604
vn 0.4882 0.8455 -0.2164
vn 0.4882 0.8455 0.2165
vn 0.4795 0.8380 0.2604
vn -0.8264 0.5631 -0.0002
vn 0.4882 0.8455 0.2164
vn 0.7753 -0.0705 -0.6276
vn 0.8382 -0.5453 -0.0010
vn 0.7764 -0.0688 0.6265
vn 0.4767 0.8263 -0.2999
vn -0.8357 0.5492 -0.0000
vn 0.4768 0.8263 0.2999
vn 0.4767 0.8263 0.2999
vn 0.4497 0.7871 -0.4222
vn 0.4621 0.8010 -0.3807
vn 0.4621 0.8010 0.3807
vn 0.4497 0.7871 0.4222
vn -0.8260 0.5636 -0.0002
vn 0.8536 -0.5210 0.0021
vn 0.8579 -0.5138 0.0034
vn 0.8660 -0.5000 0.0068
vn 0.6129 -0.3538 0.7065
vn 0.6128 -0.3538 0.7066
vn -0.8794 0.4760 0.0009
vn -0.6220 0.3367 -0.7070
vn -0.6219 0.3364 -0.7071
vn -0.8923 0.4515 0.0000
vn 0.4435 0.7692 0.4601
vn 0.4435 0.7691 -0.4601
vn -0.8392 0.5439 0.0000
vn 0.4435 0.7692 -0.4601
vn 0.6224 -0.3359 0.7070
vn -0.6130 0.3539 -0.7064
vn 0.8930 -0.4500 0.0008
vn 0.4099 0.7095 -0.5732
vn 0.4081 0.7078 -0.5766
vn 0.4099 0.7109 0.5716
vn 0.4093 0.7085 0.5749
vn 0.4093 0.7098 0.5732
vn 0.4087 0.7074 0.5766
vn 0.8800 -0.4749 0.0000
vn -0.8578 0.5139 0.0027
vn -0.8635 0.5044 0.0043
vn -0.8661 0.4999 0.0051
vn 0.8447 -0.5353 -0.0005
vn 0.7634 -0.0949 0.6389
vn 0.7476 -0.1187 0.6535
vn 0.7623 -0.0967 -0.6400
vn 0.7486 -0.1174 -0.6526
vn 0.3546 0.6137 -0.7055
vn 0.3544 0.6134 -0.7058
vn 0.3536 0.6121 0.7073
vn 0.3535 0.6118 0.7076
vn 0.3545 0.6137 0.7055
vn 0.3544 0.6134 0.7058
vn 0.7183 -0.1698 -0.6747
vn 0.8471 -0.5315 -0.0004
vn 0.7175 -0.1707 0.6753
vn 0.2863 0.4961 -0.8197
vn 0.2873 0.4972 -0.8187
vn 0.2866 0.4959 0.8197
vn -0.8453 0.5343 0.0000
vn 0.2870 0.4973 0.8187
vn 0.2873 0.4971 -0.8187
vn 0.7055 -0.1953 -0.6813
vn 0.6891 -0.2203 -0.6904
vn 0.8535 -0.5212 -0.0001
vn 0.7042 -0.1972 0.6821
vn 0.6895 -0.2195 0.6902
vn 0.2068 0.3658 -0.9074
vn 0.2301 0.3987 -0.8878
vn 0.2114 0.3665 0.9061
vn 0.1874 0.3385 0.9221
vn 0.2301 0.3987 0.8878
vn -0.8503 0.5263 0.0000
vn -0.8540 0.5202 0.0000
vn -0.8503 0.5264 -0.0000
vn 0.2114 0.3666 0.9061
vn 0.1902 0.3297 -0.9247
vn -0.8541 0.5202 0.0000
vn 0.1277 0.2284 -0.9652
vn 0.1502 0.2604 -0.9537
vn 0.1291 0.2237 0.9661
vn 0.1053 0.1954 0.9751
vn 0.1470 0.2548 0.9558
vn -0.8555 0.5178 0.0001
vn -0.8619 0.5070 -0.0001
vn -0.8581 0.5134 -0.0000
vn -0.8555 0.5178 0.0000
vn 0.1502 0.2605 -0.9537
vn 0.6581 -0.2739 -0.7013
vn 0.8578 -0.5140 -0.0000
vn 0.6584 -0.2735 0.7013
vn 0.6583 -0.2735 0.7013
vn 0.1108 0.1921 -0.9751
vn -0.8582 0.5134 0.0000
vn 0.6442 -0.3015 -0.7029
vn 0.0397 0.0763 -0.9963
vn 0.0646 0.1120 -0.9916
vn 0.6442 -0.3015 0.7029
vn 0.0429 0.0744 0.9963
vn 0.0150 0.0408 0.9991
vn 0.0646 0.1120 0.9916
vn -0.8619 0.5070 0.0000
vn 0.0429 0.0745 0.9963
vn 0.0152 0.0411 0.9990
vn 0.0642 0.1113 0.9917
vn 0.8635 -0.5043 -0.0000
vn 0.6271 -0.3276 0.7067
vn 0.8631 -0.5050 0.0070
vn 0.6270 -0.3277 -0.7067
vn 0.8632 -0.5048 0.0000
vn -0.8656 0.5008 0.0000
vn -0.8656 0.5007 0.0000
vn -0.8637 0.5041 0.0052
vn 0.0214 0.0371 -0.9991
vn -0.8932 0.4497 -0.0019
vn -0.8718 0.4899 -0.0002
vn -0.8662 0.4997 0.0052
vn -0.6130 0.3536 -0.7065
vn -0.0464 -0.0730 0.9963
vn -0.0215 -0.0373 0.9991
vn -0.6322 0.3182 0.7064
vn -0.6321 0.3183 0.7065
vn -0.5924 0.3870 0.7066
vn -0.5922 0.3870 0.7068
vn -0.5925 0.3869 0.7066
vn 0.8659 -0.5002 0.0070
vn 0.6126 -0.3539 0.7067
vn 0.5837 -0.4060 0.7032
vn 0.5970 -0.3797 0.7067
vn -0.8687 0.4954 -0.0000
vn 0.8689 -0.4950 -0.0000
vn 0.8682 -0.4961 0.0000
vn -0.8688 0.4952 0.0043
vn 0.8923 -0.4514 -0.0042
vn 0.8737 -0.4865 -0.0005
vn 0.6314 -0.3196 -0.7066
vn 0.6318 -0.3196 -0.7062
vn 0.5916 -0.3884 -0.7065
vn 0.5916 -0.3882 -0.7066
vn 0.8690 -0.4947 0.0054
vn -0.0431 -0.0748 -0.9963
vn -0.0279 -0.0334 -0.9991
vn 0.5838 -0.4060 -0.7031
vn 0.5974 -0.3790 -0.7067
vn 0.5974 -0.3791 -0.7067
vn 0.6021 -0.3710 0.7070
vn 0.6024 -0.3709 0.7068
vn 0.8360 -0.5488 0.0008
vn 0.8515 -0.5243 0.0000
vn -0.8519 0.5238 0.0000
vn -0.8373 0.5468 0.0008
vn -0.6025 0.3704 -0.7070
vn -0.6025 0.3704 -0.7069
vn -0.0644 -0.1114 -0.9917
vn -0.8718 0.4899 0.0000
vn -0.0642 -0.1110 0.9918
vn -0.8689 0.4949 0.0042
vn -0.0641 -0.1110 0.9918
vn 0.8732 -0.4873 0.0037
vn 0.5655 -0.4339 -0.7014
vn 0.8818 -0.4717 -0.0003
vn 0.8939 -0.4482 -0.0013
vn 0.8930 -0.4500 -0.0012
vn 0.8880 -0.4598 -0.0007
vn 0.8789 -0.4770 -0.0001
vn 0.8736 -0.4866 -0.0000
vn 0.9000 -0.4358 -0.0022
vn 0.8731 -0.4876 0.0019
vn 0.5657 -0.4335 0.7014
vn 0.5658 -0.4335 0.7014
vn 0.5217 -0.5135 -0.6813
vn 0.5357 -0.4856 -0.6908
vn -0.1306 -0.2258 -0.9654
vn -0.8743 0.4852 -0.0151
vn -0.1153 -0.1837 -0.9762
vn 0.5227 -0.5115 0.6820
vn 0.5357 -0.4856 0.6908
vn -0.1316 -0.2214 0.9663
vn -0.1112 -0.1923 0.9750
vn -0.8745 0.4850 0.0000
vn -0.8728 0.4881 -0.0002
vn -0.8813 0.4726 0.0002
vn -0.8767 0.4810 0.0000
vn -0.8756 0.4831 0.0000
vn -0.1152 -0.1837 -0.9762
vn 0.5227 -0.5114 0.6820
vn -0.9173 0.3981 -0.0116
vn -0.8765 0.4810 0.0200
vn -0.8791 0.4764 -0.0121
vn -0.1533 -0.2659 -0.9517
vn -0.8773 0.4799 -0.0000
vn -0.1534 -0.2659 -0.9517
vn -0.1478 -0.2561 0.9553
vn -0.8782 0.4778 0.0189
vn -0.1477 -0.2561 0.9553
vn 0.9157 -0.4017 -0.0116
vn 0.8811 -0.4724 0.0208
vn 0.8790 -0.4768 0.0012
vn 0.8805 -0.4738 -0.0146
vn 0.4650 -0.6116 -0.6401
vn 0.4773 -0.5868 -0.6542
vn 0.5048 -0.5392 -0.6742
vn -0.2096 -0.3634 -0.9077
vn -0.8794 0.4760 -0.0139
vn -0.9391 0.3423 0.0305
vn -0.1964 -0.3260 -0.9248
vn 0.4639 -0.6134 0.6392
vn 0.5045 -0.5391 0.6744
vn 0.4772 -0.5864 0.6545
vn -0.1931 -0.3348 0.9223
vn -0.2140 -0.3643 0.9064
vn -0.8801 0.4744 0.0177
vn -0.2281 -0.3953 0.8898
vn -0.8847 0.4658 0.0150
vn -0.2282 -0.3953 0.8898
vn -0.8839 0.4676 -0.0112
vn -0.2282 -0.3953 -0.8898
vn -0.8812 0.4727 0.0000
vn 0.4104 -0.7061 -0.5770
vn 0.4213 -0.6836 -0.5959
vn 0.4491 -0.6355 -0.6280
vn -0.2876 -0.4980 -0.8181
vn -0.2872 -0.4976 -0.8185
vn -0.8883 0.4592 -0.0087
vn 0.4104 -0.7061 0.5770
vn 0.4489 -0.6361 0.6277
vn 0.4213 -0.6836 0.5959
vn -0.2875 -0.4981 0.8181
vn -0.8855 0.4647 0.0000
vn -0.2873 -0.4975 0.8185
vn 0.4489 -0.6360 0.6277
vn -0.8894 0.4570 0.0123
vn 0.8837 -0.4679 -0.0122
vn 0.8846 -0.4661 0.0182
vn 0.8819 -0.4715 0.0009
vn 0.3607 -0.7867 -0.5009
vn 0.3965 -0.7266 -0.5610
vn -0.3547 -0.6136 -0.7055
vn -0.3537 -0.6125 -0.7070
vn -0.8915 0.4530 -0.0071
vn 0.3612 -0.7856 0.5023
vn 0.3966 -0.7266 0.5610
vn 0.3611 -0.7862 0.5016
vn -0.3535 -0.6122 0.7073
vn -0.8883 0.4593 0.0000
vn -0.3531 -0.6108 0.7087
vn 0.3609 -0.7867 0.5008
vn 0.3965 -0.7266 0.5610
vn -0.3544 -0.6138 0.7055
vn -0.8930 0.4499 0.0105
vn -0.3540 -0.6123 0.7070
vn 0.8914 -0.4529 0.0135
vn 0.8887 -0.4584 0.0004
vn 0.8896 -0.4567 -0.0082
vn 0.3219 -0.8544 -0.4079
vn 0.3612 -0.7862 -0.5015
vn -0.4087 -0.7085 -0.5753
vn -0.4106 -0.7102 -0.5719
vn -0.8953 0.4453 -0.0054
vn 0.3205 -0.8562 0.4051
vn 0.3207 -0.8552 0.4071
vn -0.4099 -0.7091 0.5736
vn -0.8874 0.4609 0.0002
vn -0.8944 0.4474 -0.0000
vn -0.9040 0.4275 -0.0002
vn -0.8945 0.4471 -0.0000
vn -0.8944 0.4472 -0.0000
vn -0.8919 0.4522 0.0000
vn -0.9241 0.3822 -0.0009
vn -0.8933 0.4494 0.0022
vn -0.4105 -0.7115 0.5703
vn -0.4088 -0.7085 -0.5753
vn -0.4105 -0.7102 -0.5719
vn 0.3207 -0.8562 0.4051
vn 0.3211 -0.8545 0.4083
vn -0.4094 -0.7081 0.5753
vn -0.8973 0.4412 0.0085
vn -0.4099 -0.7105 0.5720
vn 0.8948 -0.4463 0.0115
vn 0.8919 -0.4522 0.0002
vn 0.8942 -0.4477 -0.0055
vn -0.6492 0.2818 -0.7065
vn -0.6492 0.2817 -0.7065
vn 0.2896 -0.9092 -0.2990
vn 0.3202 -0.8563 -0.4053
vn -0.4563 -0.7833 -0.4222
vn -0.4430 -0.7678 -0.4627
vn -0.8981 0.4399 -0.0043
vn 0.2902 -0.9083 0.3012
vn 0.2902 -0.9091 0.2989
vn -0.4423 -0.7665 0.4657
vn -0.4565 -0.7831 0.4222
vn -0.8961 0.4439 0.0019
vn -0.4565 -0.7832 -0.4222
vn -0.4423 -0.7665 -0.4657
vn -0.9005 0.4348 0.0073
vn 0.8364 -0.5482 0.0008
vn 0.5921 -0.3880 -0.7063
vn 0.8033 -0.5955 -0.0008
vn 0.5687 -0.4215 0.7064
vn 0.5686 -0.4215 0.7064
vn 0.6478 -0.2844 0.7067
vn -0.5701 0.4191 -0.7067
vn -0.5702 0.4191 -0.7065
vn -0.8965 0.4431 0.0019
vn -0.4623 -0.8007 0.3810
vn -0.9017 0.4323 0.0068
vn -0.8987 0.4385 -0.0040
vn -0.4618 -0.7998 -0.3835
vn -0.4623 -0.8007 -0.3810
vn -0.8371 0.5471 0.0008
vn 0.6481 -0.2843 0.7065
vn -0.8058 0.5922 -0.0009
vn 0.2688 -0.9458 -0.1820
vn 0.2905 -0.9083 -0.3011
vn -0.4865 -0.8349 -0.2575
vn -0.4766 -0.8254 -0.3026
vn -0.9058 0.4238 -0.0015
vn 0.2688 -0.9458 0.1821
vn 0.2689 -0.9458 0.1820
vn -0.4764 -0.8251 0.3038
vn -0.4866 -0.8348 0.2575
vn -0.8970 0.4419 0.0019
vn -0.9031 0.4293 0.0063
vn -0.9037 0.4282 0.0014
vn -0.4886 -0.8457 0.2146
vn -0.9091 0.4165 0.0042
vn -0.4887 -0.8457 0.2146
vn -0.8969 0.4422 -0.0045
vn -0.4885 -0.8453 -0.2165
vn -0.4884 -0.8453 -0.2165
vn 0.8968 -0.4423 0.0105
vn 0.8936 -0.4490 0.0001
vn 0.8951 -0.4459 -0.0050
vn 0.2587 -0.9641 -0.0607
vn 0.2585 -0.9639 -0.0640
vn 0.2689 -0.9458 -0.1821
vn -0.5012 -0.8608 -0.0885
vn -0.4962 -0.8587 -0.1283
vn -0.9030 0.4295 -0.0025
vn 0.2585 -0.9639 0.0640
vn 0.2587 -0.9641 0.0607
vn -0.4962 -0.8587 0.1283
vn -0.5012 -0.8608 0.0885
vn -0.8999 0.4360 0.0016
vn -0.9088 0.4172 0.0043
vn -0.9192 0.3938 0.0028
vn -0.9128 0.4084 0.0007
vn -0.4997 -0.8649 0.0478
vn -0.9148 0.4038 0.0023
vn -0.9067 0.4219 -0.0014
vn -0.4997 -0.8649 -0.0478
vn -0.9347 0.3555 -0.0048
vn 0.2585 -0.9642 0.0590
vn 0.2585 -0.9642 -0.0590
vn 0.9023 -0.4311 0.0082
vn 0.8992 -0.4374 0.0000
vn 0.9003 -0.4352 -0.0029
vn 0.9063 -0.4225 0.0068
vn 0.9032 -0.4293 0.0000
vn 0.9039 -0.4277 -0.0016
vn 0.9112 -0.4119 0.0057
vn 0.9074 -0.4202 0.0000
vn 0.9134 -0.4071 -0.0001
vn 0.9142 -0.4053 -0.0002
vn 0.9275 -0.3739 -0.0009
vn 0.9076 -0.4199 0.0002
vn 0.9079 -0.4191 -0.0007
vn 0.9186 -0.3951 0.0049
vn 0.9140 -0.4056 0.0000
vn 0.9141 -0.4056 -0.0000
vn -0.6650 0.2425 0.7064
vn 0.7677 -0.6408 0.0006
vn 0.7295 -0.6839 0.0024
vn 0.5434 -0.4536 -0.7063
vn -0.9174 0.3979 0.0007
vn -0.6491 0.2815 -0.7067
vn -0.9386 0.3451 -0.0008
vn -0.6641 0.2442 0.7066
vn -0.6642 0.2443 0.7065
vn 0.9210 -0.3895 0.0048
vn 0.9132 -0.4076 0.0000
vn 0.9133 -0.4074 -0.0001
vn 0.5435 -0.4531 -0.7067
vn -0.5463 0.4499 0.7065
vn -0.5465 0.4499 0.7063
vn -0.5461 0.4500 0.7066
vn 0.6631 -0.2482 -0.7062
vn 0.9433 -0.3320 0.0046
vn 0.9231 -0.3845 0.0000
vn 0.9159 -0.4015 0.0046
vn 0.6483 -0.2842 0.7063
vn 0.9169 -0.3992 0.0042
vn 0.9364 -0.3508 0.0000
vn 0.9534 -0.3015 -0.0124
vn 0.9403 -0.3403 0.0009
vn 0.9478 -0.3188 0.0110
vn 0.9292 -0.3694 -0.0067
vn -0.7717 0.6359 0.0009
vn 0.6627 -0.2483 -0.7065
vn 0.9543 -0.2986 -0.0134
vn 0.5164 -0.4841 0.7064
vn -0.9566 0.2914 0.0008
vn -0.6770 0.2058 -0.7067
vn -0.6774 0.2063 -0.7061
vn 0.7685 -0.6399 0.0006
vn 0.5439 -0.4529 -0.7064
vn 0.7301 -0.6833 -0.0008
vn 0.5169 -0.4834 0.7065
vn 0.5165 -0.4834 0.7068
vn 0.6757 -0.2111 0.7063
vn -0.5207 0.4792 -0.7065
vn -0.5206 0.4792 -0.7067
vn -0.7721 0.6355 0.0009
vn 0.6752 -0.2113 0.7067
vn -0.7358 0.6772 -0.0009
vn -0.9721 0.2345 0.0005
vn -0.6879 0.1659 0.7066
vn 0.6899 -0.7239 0.0008
vn 0.4883 -0.5124 -0.7064
vn -0.9570 0.2901 0.0005
vn -0.6771 0.2053 -0.7066
vn -0.9718 0.2359 -0.0008
vn -0.6876 0.1669 0.7066
vn -0.6875 0.1668 0.7067
vn 0.4883 -0.5123 -0.7065
vn -0.4934 0.5072 0.7066
vn 0.6861 -0.1736 -0.7065
vn 0.9543 -0.2988 0.0009
vn 0.6751 -0.2114 0.7068
vn -0.6973 0.7168 0.0009
vn 0.9694 -0.2455 -0.0009
vn 0.6859 -0.1737 -0.7067
vn 0.6482 -0.7614 0.0005
vn 0.4585 -0.5386 0.7068
vn -0.9837 0.1799 0.0008
vn -0.6960 0.1274 -0.7066
vn -0.6960 0.1273 -0.7067
vn 0.6901 -0.7237 0.0005
vn 0.4885 -0.5122 -0.7064
vn 0.6477 -0.7619 -0.0008
vn 0.4582 -0.5391 0.7067
vn 0.4584 -0.5391 0.7066
vn 0.6943 -0.1356 0.7068
vn -0.4648 0.5337 -0.7065
vn -0.4647 0.5337 -0.7066
vn 0.9815 -0.1916 0.0008
vn 0.6945 -0.1356 0.7066
vn -0.6566 0.7542 -0.0009
vn -0.9923 0.1236 0.0004
vn -0.7021 0.0875 0.7066
vn 0.6033 -0.7975 0.0008
vn 0.4270 -0.5645 -0.7064
vn -0.9837 0.1798 0.0004
vn -0.6960 0.1272 -0.7067
vn -0.9923 0.1236 -0.0008
vn -0.7025 0.0875 0.7063
vn -0.7022 0.0872 0.7066
vn 0.4270 -0.5644 -0.7065
vn -0.4345 0.5584 0.7067
vn -0.4346 0.5584 0.7066
vn 0.7008 -0.0974 -0.7067
vn 0.9815 -0.1917 0.0008
vn 0.6944 -0.1356 0.7067
vn -0.6142 0.7891 0.0008
vn 0.9905 -0.1372 -0.0009
vn 0.7012 -0.0971 -0.7063
vn 0.5573 -0.8303 0.0004
vn 0.3943 -0.5875 0.7066
vn -0.9978 0.0667 0.0008
vn -0.7059 0.0470 -0.7067
vn -0.7062 0.0472 -0.7065
vn 0.6029 -0.7978 0.0004
vn 0.4266 -0.5645 -0.7067
vn 0.5564 -0.8309 -0.0008
vn 0.3939 -0.5880 0.7065
vn 0.3936 -0.5879 0.7067
vn 0.7050 -0.0586 0.7067
vn -0.4033 0.5814 -0.7067
vn -0.4034 0.5815 -0.7065
vn 0.9966 -0.0821 0.0009
vn 0.7058 -0.0581 0.7060
vn -0.5700 0.8216 -0.0009
vn -1.0000 0.0097 0.0003
vn -0.7079 0.0069 0.7063
vn 0.5083 -0.8612 0.0008
vn 0.3596 -0.6093 -0.7067
vn -0.9978 0.0664 0.0003
vn -0.7061 0.0470 -0.7066
vn -1.0000 0.0095 -0.0008
vn -0.7080 0.0067 0.7062
vn 0.3596 -0.6094 -0.7067
vn -0.3708 0.6029 0.7064
vn -0.3704 0.6027 0.7068
vn -0.3706 0.6027 0.7067
vn 0.7076 -0.0195 -0.7064
vn 0.9966 -0.0827 0.0009
vn 0.7055 -0.0586 0.7063
vn -0.5238 0.8519 0.0009
vn 0.9996 -0.0276 -0.0009
vn 0.4593 -0.8883 0.0003
vn 0.3249 -0.6284 0.7068
vn -0.9989 -0.0475 0.0008
vn -0.7069 -0.0335 -0.7065
vn -0.7066 -0.0336 -0.7068
vn 0.5086 -0.8610 0.0003
vn 0.3599 -0.6093 -0.7065
vn 0.4580 -0.8890 -0.0008
vn 0.3243 -0.6290 0.7065
vn 0.3240 -0.6289 0.7067
vn 0.7076 0.0195 0.7064
vn -0.3366 0.6222 -0.7068
vn -0.3367 0.6223 -0.7066
vn -0.5236 0.8520 0.0009
vn 0.9996 0.0276 0.0009
vn -0.4759 0.8795 -0.0008
vn -0.9944 -0.1055 0.0002
vn -0.7041 -0.0747 0.7062
vn 0.4064 -0.9137 0.0008
vn 0.2876 -0.6466 -0.7065
vn -0.9989 -0.0472 0.0002
vn -0.7067 -0.0334 -0.7067
vn -0.9945 -0.1047 -0.0008
vn -0.7038 -0.0741 0.7066
vn -0.7039 -0.0739 0.7064
vn 0.2877 -0.6463 -0.7067
vn -0.3020 0.6400 0.7065
vn -0.3019 0.6400 0.7066
vn -0.3022 0.6400 0.7064
vn 0.7055 0.0586 -0.7063
vn 0.3548 -0.9349 0.0001
vn 0.2510 -0.6615 0.7067
vn -0.9869 -0.1610 0.0008
vn -0.6983 -0.1139 -0.7067
vn -0.4269 0.9043 0.0009
vn 0.9966 0.0824 -0.0008
vn 0.7051 0.0583 -0.7067
vn 0.4075 -0.9132 0.0001
vn 0.2884 -0.6463 -0.7064
vn 0.3541 -0.9352 -0.0008
vn 0.2503 -0.6620 0.7065
vn 0.2508 -0.6622 0.7061
vn -0.6985 -0.1142 -0.7065
vn 0.7011 0.0974 0.7063
vn -0.2664 0.6555 -0.7067
vn -0.2662 0.6554 -0.7068
vn -0.9763 -0.2164 0.0001
vn -0.6909 -0.1531 0.7066
vn 0.2999 -0.9540 0.0008
vn 0.2123 -0.6752 -0.7064
vn -0.4266 0.9044 0.0009
vn 0.9905 0.1372 0.0009
vn 0.7008 0.0970 0.7068
vn -0.3763 0.9265 -0.0008
vn -0.9869 -0.1614 0.0001
vn -0.9761 -0.2173 -0.0008
vn -0.6908 -0.1538 0.7065
vn -0.6909 -0.1537 0.7064
vn 0.2123 -0.6751 -0.7065
vn -0.2295 0.6691 0.7068
vn -0.2298 0.6693 0.7066
vn -0.2299 0.6693 0.7065
vn 0.6944 0.1357 -0.7067
vn 0.2443 -0.9697 0.0000
vn 0.1730 -0.6867 0.7061
vn -0.9622 -0.2724 0.0008
vn -0.6810 -0.1928 -0.7065
vn 0.9905 0.1373 0.0009
vn 0.7008 0.0971 0.7067
vn 0.2993 -0.9542 0.0000
vn 0.2452 -0.9695 -0.0008
vn 0.1737 -0.6862 0.7064
vn 0.1735 -0.6861 0.7065
vn 0.2117 -0.6751 -0.7067
vn -0.3249 0.9458 0.0009
vn 0.9815 0.1917 -0.0008
vn 0.6943 0.1356 -0.7068
vn -0.6810 -0.1929 -0.7064
vn 0.6859 0.1735 0.7067
vn -0.1925 0.6808 -0.7067
vn -0.1925 0.6809 -0.7067
vn -0.9450 -0.3271 -0.0001
vn -0.6688 -0.2315 0.7065
vn 0.1892 -0.9819 0.0008
vn 0.1339 -0.6947 -0.7067
vn -0.9621 -0.2729 -0.0001
vn -0.9449 -0.3273 -0.0008
vn -0.6687 -0.2316 0.7066
vn -0.6688 -0.2316 0.7065
vn -0.6808 -0.1931 -0.7065
vn -0.3247 0.9458 0.0009
vn 0.9694 0.2455 0.0009
vn 0.6862 0.1738 0.7064
vn -0.2721 0.9623 -0.0009
vn 0.1339 -0.6948 -0.7066
vn 0.1325 -0.9912 -0.0001
vn 0.0938 -0.7014 0.7065
vn -0.9247 -0.3807 0.0008
vn -0.6544 -0.2694 -0.7065
vn -0.1550 0.6906 0.7065
vn -0.1546 0.6902 0.7069
vn -0.1547 0.6903 0.7068
vn 0.6752 0.2110 -0.7068
vn 0.0557 -0.9984 -0.0041
vn 0.0767 -0.9971 -0.0028
vn 0.0608 -0.9981 -0.0037
vn 0.0800 -0.9968 -0.0026
vn 0.0687 -0.9976 -0.0033
vn 0.1022 -0.9947 -0.0061
vn 0.1308 -0.9914 0.0009
vn 0.1184 -0.9930 -0.0020
vn 0.1326 -0.9912 0.0014
vn 0.0968 -0.9953 -0.0074
vn 0.0837 -0.9964 -0.0108
vn 0.0934 -0.9956 -0.0082
vn 0.0835 -0.9964 -0.0110
vn 0.0708 -0.9974 -0.0147
vn 0.0664 -0.9977 -0.0161
vn 0.1329 -0.9911 0.0074
vn 0.1251 -0.9921 -0.0001
vn 0.0769 -0.9970 -0.0028
vn 0.0939 -0.7014 0.7066
vn 0.0940 -0.7014 0.7065
vn 0.1898 -0.9814 -0.0283
vn 0.0660 -0.9977 0.0156
vn 0.0702 -0.9974 0.0142
vn 0.0828 -0.9965 0.0106
vn 0.0926 -0.9957 0.0079
vn 0.0817 -0.9966 0.0108
vn 0.0971 -0.9952 0.0068
vn 0.1006 -0.9949 0.0059
vn 0.1307 -0.9914 -0.0015
vn 0.1156 -0.9933 0.0022
vn 0.1344 -0.6949 -0.7065
vn -0.6543 -0.2692 -0.7067
vn 0.9694 0.2454 0.0009
vn 0.6861 0.1737 0.7065
vn -0.2187 0.9758 0.0009
vn 0.9543 0.2987 -0.0009
vn 0.6756 0.2115 -0.7063
vn -0.9016 -0.4325 -0.0002
vn -0.6381 -0.3061 0.7065
vn 0.0762 -0.9971 0.0029
vn 0.0432 -0.9990 0.0125
vn 0.0539 -0.7057 -0.7065
vn 0.6628 0.2481 0.7065
vn -0.1164 0.6980 -0.7066
vn -0.1164 0.6979 -0.7067
vn -0.9247 -0.3807 -0.0002
vn -0.9016 -0.4326 -0.0008
vn -0.6381 -0.3062 0.7065
vn -0.6542 -0.2693 -0.7067
vn -0.6380 -0.3060 0.7067
vn 0.0537 -0.7059 -0.7062
vn 0.0195 -0.9998 -0.0041
vn 0.0138 -0.7076 0.7065
vn -0.8756 -0.4831 0.0008
vn -0.6194 -0.3418 -0.7067
vn 0.9991 0.0000 0.0428
vn 0.9991 0.0000 -0.0431
vn 0.9963 -0.0036 -0.0860
vn 0.9917 0.0000 -0.1284
vn 0.9916 0.0000 0.1293
vn 0.9963 -0.0036 0.0860
vn 0.9750 0.0000 -0.2222
vn 0.9765 0.0000 0.2154
vn 0.9660 -0.0031 -0.2586
vn 0.9556 0.0000 -0.2946
vn 0.9536 0.0000 0.3011
vn 0.9660 -0.0037 0.2585
vn 0.9660 -0.0037 0.2586
vn -0.2185 0.9757 -0.0135
vn -0.1921 0.9814 -0.0047
vn -0.1754 0.9845 0.0009
vn 0.9224 0.0000 -0.3861
vn 0.0742 -0.9972 0.0002
vn 0.9224 0.0000 0.3861
vn 0.9365 0.3505 0.0008
vn 0.6628 0.2481 0.7066
vn -0.1645 0.9864 0.0000
vn -0.1744 0.9847 0.0032
vn -0.1585 0.9874 -0.0020
vn 0.0625 -0.9980 0.0001
vn 0.8886 0.0000 0.4586
vn 0.9063 -0.0033 0.4227
vn 0.9063 -0.0033 -0.4227
vn 0.8886 0.0000 -0.4586
vn 0.8185 0.0000 -0.5744
vn 0.8186 0.0000 -0.5744
vn 0.8197 0.0000 0.5727
vn 0.8186 0.0000 0.5744
vn 0.7071 0.0000 -0.7071
vn 0.0504 -0.9987 0.0000
vn 0.7053 0.0000 0.7089
vn 0.7071 0.0000 0.7071
vn -0.0779 0.7035 0.7064
vn -0.0782 0.7038 0.7061
vn -0.0776 0.7035 0.7065
vn 0.6482 0.2845 -0.7063
vn 0.0374 -0.9993 -0.0043
vn 0.5741 0.0000 -0.8188
vn 0.0344 -0.9994 0.0000
vn 0.5741 0.0000 0.8188
vn 0.0455 -0.9990 -0.0043
vn 0.0268 -0.9996 -0.0046
vn 0.0326 -0.9995 -0.0044
vn 0.0167 -0.9998 -0.0053
vn 0.0159 -0.9999 -0.0053
vn 0.0152 -0.9999 -0.0054
vn 0.0189 -0.9998 -0.0050
vn 0.0135 -0.7077 0.7064
vn 0.0134 -0.7077 0.7064
vn 0.0759 -0.9971 -0.0041
vn 0.0002 -1.0000 0.0055
vn 0.0150 -0.9999 0.0039
vn 0.0156 -0.9999 0.0039
vn 0.0162 -0.9999 0.0038
vn 0.0320 -0.9995 0.0030
vn 0.0261 -0.9997 0.0032
vn 0.0445 -0.9990 0.0029
vn 0.5744 0.0000 -0.8186
vn 0.5746 0.0000 -0.8184
vn 0.0425 -0.9991 0.0000
vn 0.5746 0.0000 0.8184
vn 0.5744 0.0000 0.8185
vn 0.5744 0.0000 0.8186
vn 0.4616 0.0000 -0.8871
vn 0.0244 -0.9997 0.0000
vn 0.4616 0.0000 0.8871
vn 0.0308 -0.9995 -0.0000
vn 0.3836 0.0000 0.9235
vn 0.4227 -0.0037 0.9063
vn 0.3777 -0.0078 -0.9259
vn 0.3012 0.0000 -0.9536
vn 0.4197 0.0000 -0.9077
vn 0.0150 -0.9999 0.0000
vn 0.0147 -0.9999 -0.0000
vn 0.0145 -0.9999 -0.0000
vn 0.0151 -0.9999 0.0000
vn 0.2967 0.0000 0.9550
vn 0.3011 0.0000 -0.9536
vn 0.4197 0.0000 -0.9076
vn 0.3011 0.0000 0.9536
vn -0.8461 -0.5330 -0.0003
vn -0.5987 -0.3772 0.7066
vn -0.0381 -0.9993 0.0036
vn -0.0000 -1.0000 0.0005
vn -0.0270 -0.7075 -0.7062
vn 0.2224 -0.0070 -0.9749
vn 0.2223 -0.0070 -0.9749
vn 0.0146 -0.9999 0.0000
vn 0.2207 0.0000 0.9753
vn 0.2586 -0.0034 0.9660
vn 0.2154 0.0000 0.9765
vn 0.2586 -0.0038 0.9660
vn 0.2619 0.0000 -0.9651
vn 0.1293 0.0000 -0.9916
vn 0.1294 0.0000 0.9916
vn 0.1294 0.0000 -0.9916
vn 0.1293 0.0000 0.9916
vn -0.6196 -0.3423 -0.7063
vn 0.0000 -1.0000 0.0000
vn 0.0428 0.0000 0.9991
vn 0.0860 -0.0037 0.9963
vn 0.0001 -1.0000 -0.0023
vn 0.0428 -0.0074 -0.9991
vn -0.0001 -1.0000 -0.0023
vn -0.0428 0.0000 -0.9991
vn 0.0860 0.0000 -0.9963
vn -0.0428 -0.0074 0.9991
vn -0.0860 0.0000 0.9963
vn -0.0954 -0.9954 0.0076
vn -0.0159 -0.9998 -0.0111
vn -0.0860 -0.0037 -0.9963
vn -0.1293 0.0000 -0.9916
vn -0.0150 -0.9999 0.0000
vn -0.0145 -0.9999 -0.0000
vn -0.0147 -0.9999 0.0000
vn -0.1294 0.0000 -0.9916
vn -0.1294 0.0000 0.9916
vn -0.0157 -0.9998 0.0089
vn -0.1293 0.0000 0.9916
vn -0.0171 -0.9998 -0.0109
vn -0.2207 0.0000 -0.9753
vn -0.2586 0.0000 0.9660
vn -0.2155 -0.0076 0.9765
vn -0.0146 -0.9999 -0.0000
vn -0.0166 -0.9998 0.0087
vn 0.9363 0.3511 0.0008
vn 0.6629 0.2486 0.7062
vn -0.8748 -0.4845 -0.0003
vn -0.8465 -0.5324 -0.0008
vn -0.5988 -0.3766 0.7069
vn -0.3012 0.0000 0.9536
vn -0.0177 -0.9998 0.0085
vn -0.3011 0.0000 0.9536
vn -0.0185 -0.9998 -0.0106
vn -0.2619 -0.0037 -0.9651
vn -0.3032 0.0000 -0.9529
vn -0.0151 -0.9999 0.0000
vn -0.1096 0.9940 0.0047
vn -0.1356 0.9908 0.0003
vn 0.9158 0.4016 -0.0008
vn 0.6479 0.2841 -0.7067
vn -0.6191 -0.3429 -0.7065
vn -0.0342 -0.9994 -0.0078
vn -0.3800 0.0000 -0.9250
vn -0.0310 -0.9995 -0.0000
vn -0.0308 -0.9995 0.0000
vn -0.0244 -0.9997 0.0000
vn -0.4227 0.0000 0.9063
vn -0.3863 -0.0068 0.9224
vn -0.3775 0.0000 -0.9260
vn -0.0331 -0.9994 0.0057
vn -0.3838 -0.0073 0.9234
vn 0.6317 0.3198 0.7062
vn -0.0390 0.7066 -0.7066
vn -0.0390 0.7065 -0.7066
vn -0.0287 -0.9996 -0.0087
vn -0.4587 0.0000 -0.8886
vn -0.4197 -0.0037 -0.9076
vn -0.4616 0.0000 -0.8871
vn -0.4197 -0.0040 -0.9076
vn -0.0242 -0.9997 0.0000
vn -0.4586 0.0000 0.8886
vn -0.0278 -0.9996 0.0066
vn -0.4616 0.0000 0.8871
vn -0.0440 -0.9990 -0.0065
vn -0.5744 0.0000 -0.8186
vn -0.0394 -0.9992 0.0000
vn -0.5744 0.0000 0.8186
vn -0.0426 -0.9991 0.0045
vn -0.0676 -0.7046 0.7064
vn -0.8146 -0.5800 0.0008
vn -0.5765 -0.4104 -0.7065
vn -0.0557 -0.9984 -0.0052
vn -0.7071 0.0000 -0.7071
vn -0.0504 -0.9987 0.0000
vn -0.7053 0.0000 0.7089
vn -0.0537 -0.9986 0.0032
vn -0.7071 0.0000 0.7071
vn -0.0572 -0.9984 -0.0051
vn -0.8186 0.0000 -0.5744
vn -0.8185 0.0000 -0.5744
vn -0.0510 -0.9987 0.0007
vn -0.0625 -0.9980 -0.0001
vn -0.0742 -0.9972 -0.0002
vn -0.0473 -0.9989 0.0001
vn -0.0671 -0.9977 -0.0001
vn -0.2081 -0.9781 -0.0019
vn -0.1938 -0.9810 -0.0018
vn -0.8197 0.0000 0.5728
vn -0.0545 -0.9985 0.0032
vn -0.8186 0.0000 0.5744
vn 0.7058 0.7058 -0.0609
vn 0.7058 0.7058 0.0609
vn 0.7058 0.7058 0.0606
vn 0.7058 0.7058 -0.0606
vn 0.6845 0.7057 -0.1832
vn 0.7058 0.7058 -0.0616
vn 0.6842 0.7058 -0.1837
vn 0.6844 0.7058 0.1832
vn 0.7058 0.7058 0.0616
vn 0.6844 0.7057 -0.1832
vn 0.6843 0.7058 0.1832
vn -0.5989 -0.3768 0.7066
vn -0.0267 -0.7072 -0.7065
vn 0.6419 0.7057 -0.2999
vn 0.6422 0.7056 -0.2995
vn 0.6421 0.7057 0.2995
vn 0.6843 0.7057 0.1837
vn -0.0706 -0.9975 -0.0043
vn -0.8871 0.0000 -0.4616
vn -0.0635 -0.9980 0.0006
vn -0.8886 0.0000 0.4586
vn -0.8197 0.0000 0.5727
vn -0.0671 -0.9977 0.0024
vn -0.0826 -0.9966 -0.0037
vn -0.9063 -0.0036 -0.4227
vn -0.9235 0.0000 -0.3836
vn -0.0749 -0.9972 0.0004
vn -0.9224 0.0000 0.3861
vn -0.9063 -0.0033 0.4227
vn -0.0782 -0.9969 0.0018
vn -0.0621 -0.9981 -0.0046
vn -0.9536 0.0000 -0.3011
vn -0.0509 -0.9987 0.0007
vn -0.9556 0.0000 0.2946
vn -0.0577 -0.9983 0.0028
vn 0.5803 0.7056 -0.4066
vn 0.5800 0.7057 -0.4070
vn 0.5808 0.7056 0.4058
vn 0.6420 0.7056 0.2999
vn 0.5801 0.7056 0.4071
vn -0.0667 -0.9978 0.0005
vn -0.9750 0.0000 0.2223
vn -0.9660 -0.0031 0.2585
vn -0.0737 -0.9973 0.0021
vn -0.9750 0.0000 0.2222
vn -0.9660 -0.0031 0.2586
vn -0.0834 -0.9965 -0.0037
vn -0.9660 -0.0037 -0.2586
vn -0.9765 0.0000 -0.2154
vn -0.0840 -0.9965 -0.0037
vn -0.9917 0.0000 -0.1284
vn -0.0599 -0.9982 0.0006
vn -0.9917 0.0000 0.1284
vn -0.0721 -0.9974 0.0022
vn -0.9916 0.0000 0.1293
vn -0.1786 -0.9839 -0.0006
vn -0.9991 0.0000 -0.0431
vn -0.9963 -0.0036 -0.0860
vn -0.1608 -0.9870 -0.0002
vn -0.9963 -0.0036 0.0860
vn -0.9991 0.0000 0.0431
vn -0.1536 -0.9881 -0.0005
vn -0.9991 0.0000 0.0428
vn -0.1870 -0.9824 -0.0004
vn 0.5014 0.7057 -0.5006
vn 0.5009 0.7058 -0.5009
vn 0.4999 0.7054 0.5025
vn 0.5804 0.7055 0.4067
vn 0.5010 0.7057 0.5010
vn 0.5803 0.7057 0.4066
vn -0.0952 -0.9955 -0.0008
vn -0.0389 -0.9992 -0.0004
vn -0.0672 -0.7044 0.7066
vn -0.0673 -0.7043 0.7067
vn -0.0275 -0.7069 -0.7067
vn 0.4300 0.7067 -0.5618
vn 0.4054 0.7084 -0.5777
vn 0.4054 0.7085 0.5777
vn 0.4304 0.7068 0.5615
vn 0.5013 0.7058 0.5006
vn 0.4300 0.7068 -0.5618
vn 0.2962 0.7085 -0.6405
vn 0.3817 0.7067 -0.5957
vn 0.3257 0.7067 -0.6281
vn 0.2984 0.7083 0.6397
vn 0.3246 0.7067 0.6286
vn 0.3810 0.7067 0.5961
vn 0.3816 0.7067 -0.5957
vn -0.7799 -0.6259 -0.0004
vn -0.5519 -0.4429 0.7066
vn -0.1519 -0.9884 0.0008
vn -0.1075 -0.6993 -0.7067
vn -0.1104 0.9938 -0.0117
vn -0.0281 0.9994 0.0222
vn -0.0410 0.9990 0.0175
vn -0.0511 0.9986 0.0143
vn -0.0617 0.9980 0.0115
vn -0.0662 0.9978 0.0105
vn -0.0801 0.9968 0.0079
vn -0.0860 0.9963 0.0070
vn -0.1005 0.9949 0.0057
vn -0.1148 0.9934 0.0050
vn -0.1249 0.9922 0.0049
vn -0.1783 0.9840 0.0047
vn -0.1275 0.9918 -0.0007
vn -0.0917 0.9958 0.0002
vn -0.1030 0.9947 0.0000
vn -0.1051 0.9945 0.0000
vn -0.1192 0.9929 0.0000
vn 0.8924 0.4512 0.0009
vn 0.6314 0.3193 0.7067
vn -0.1053 0.9944 -0.0000
vn -0.1031 0.9947 -0.0001
vn -0.0924 0.9957 -0.0006
vn -0.0801 0.9968 -0.0017
vn -0.0485 0.9988 -0.0084
vn -0.0751 0.9972 -0.0025
vn -0.0624 0.9980 -0.0048
vn -0.0581 0.9983 -0.0058
vn -0.0390 0.9992 -0.0114
vn -0.0264 0.9995 -0.0159
vn -0.0552 0.9985 -0.0041
vn 0.0000 0.7078 0.7064
vn 0.6127 0.3537 -0.7067
vn 0.1848 0.7085 -0.6811
vn 0.2702 0.7068 -0.6537
vn 0.2133 0.7068 -0.6745
vn 0.1825 0.7084 0.6818
vn 0.2140 0.7066 0.6744
vn 0.2713 0.7066 0.6536
vn 0.2132 0.7068 -0.6745
vn 0.2141 0.7066 0.6744
vn -0.1058 0.9944 -0.0002
vn -0.1032 0.9947 -0.0001
vn 0.0607 0.7084 -0.7032
vn 0.1553 0.7068 -0.6901
vn 0.0902 0.7068 -0.7016
vn 0.0607 0.7084 0.7032
vn 0.0899 0.7068 0.7017
vn 0.1547 0.7068 0.6903
vn -0.0915 0.9958 0.0000
vn -0.0607 0.7085 -0.7031
vn 0.0309 0.7068 -0.7068
vn -0.0308 0.7068 -0.7068
vn -0.0607 0.7084 0.7032
vn -0.0311 0.7068 0.7068
vn 0.0311 0.7068 0.7068
vn -0.8145 -0.5801 -0.0004
vn -0.7802 -0.6255 -0.0008
vn -0.5519 -0.4425 0.7068
vn -0.5764 -0.4105 -0.7066
vn -0.0782 0.9969 0.0000
vn -0.1848 0.7084 -0.6811
vn -0.0905 0.7068 -0.7016
vn -0.1558 0.7068 -0.6900
vn -0.1825 0.7084 0.6818
vn -0.1553 0.7068 0.6901
vn -0.0899 0.7068 0.7017
vn -0.2079 -0.9782 -0.0005
vn -0.1471 -0.6920 0.7068
vn -0.7431 -0.6692 0.0008
vn -0.5258 -0.4735 -0.7066
vn -0.2963 0.7084 -0.6406
vn -0.2125 0.7068 -0.6747
vn -0.2715 0.7068 -0.6532
vn -0.2983 0.7084 0.6397
vn -0.2703 0.7066 0.6539
vn -0.2133 0.7066 0.6747
vn -0.2716 0.7068 -0.6532
vn -0.0730 0.9973 0.0000
vn -0.0549 0.9985 -0.0002
vn -0.0449 0.9990 -0.0005
vn -0.0353 0.9994 -0.0008
vn -0.0591 0.9983 -0.0001
vn -0.0228 0.9997 -0.0014
vn -0.0186 0.9998 -0.0016
vn -0.0753 0.9972 0.0023
vn -0.4070 0.7058 -0.5799
vn -0.3247 0.7067 -0.6286
vn -0.4067 0.7057 -0.5801
vn -0.4054 0.7085 0.5777
vn -0.3810 0.7067 0.5961
vn -0.3257 0.7067 0.6281
vn -0.4061 0.7072 -0.5787
vn -0.3990 0.7061 -0.5850
vn -0.0597 0.9982 0.0013
vn 0.6314 0.3195 0.7066
vn 0.5924 0.3870 0.7066
vn 0.0390 0.7065 -0.7066
vn 0.0390 0.7066 -0.7066
vn -0.2077 -0.9782 -0.0008
vn -0.1489 -0.9889 -0.0005
vn -0.1471 -0.6920 0.7067
vn -0.1470 -0.6922 0.7066
vn -0.5013 0.7058 -0.5006
vn -0.5010 0.7057 -0.5010
vn -0.4996 0.7059 0.5021
vn -0.4304 0.7068 0.5615
vn -0.4965 0.7046 -0.5069
vn -0.5009 0.7058 0.5009
vn -0.1054 -0.6999 -0.7064
vn -0.1074 -0.6992 -0.7068
vn -0.0557 0.9984 0.0011
vn 0.8923 0.4515 0.0009
vn -0.5520 -0.4429 0.7065
vn 0.0000 1.0000 0.0070
vn -0.0039 1.0000 0.0060
vn -0.0188 0.9998 0.0029
vn 0.8660 0.5001 -0.0009
vn 0.6128 0.3539 -0.7065
vn -0.5803 0.7057 -0.4066
vn -0.5801 0.7056 -0.4071
vn -0.5810 0.7055 0.4059
vn -0.5015 0.7055 0.5007
vn -0.5800 0.7057 0.4070
vn -0.5014 0.7057 0.5006
vn -0.7036 -0.7106 -0.0005
vn -0.4979 -0.5030 0.7065
vn -0.2634 -0.9647 0.0008
vn -0.1864 -0.6827 -0.7065
vn -0.0448 0.9990 0.0007
vn -0.6420 0.7056 -0.2999
vn -0.6421 0.7057 -0.2995
vn -0.6422 0.7056 0.2995
vn -0.5803 0.7056 0.4066
vn -0.6843 0.7057 -0.1837
vn -0.6843 0.7058 -0.1832
vn -0.6844 0.7057 0.1832
vn -0.6419 0.7057 0.2999
vn -0.7058 0.7058 -0.0616
vn -0.7058 0.7058 -0.0609
vn -0.7058 0.7058 0.0609
vn -0.7058 0.7058 0.0616
vn -0.6842 0.7058 0.1837
vn -0.0350 0.9994 0.0003
vn -0.7058 0.7058 -0.0606
vn -0.7058 0.7058 0.0606
vn -0.7431 -0.6692 -0.0005
vn -0.7040 -0.7102 -0.0008
vn -0.4981 -0.5025 0.7067
vn -0.0226 0.9997 0.0000
vn -0.5259 -0.4737 -0.7065
vn -0.5259 -0.4736 -0.7065
vn -0.3180 -0.9481 -0.0006
vn -0.2250 -0.6709 0.7066
vn -0.6622 -0.7494 0.0008
vn -0.4686 -0.5303 -0.7065
vn -0.0184 0.9998 0.0000
vn -0.0184 0.9998 -0.0007
vn 0.0779 0.7035 0.7065
vn 0.0776 0.7039 0.7060
vn 0.0781 0.7035 0.7064
vn 0.5702 0.4192 -0.7065
vn -0.0037 1.0000 0.0000
vn -0.3184 -0.9480 -0.0006
vn -0.2252 -0.6706 0.7068
vn -0.2674 -0.9636 -0.0023
vn -0.1891 -0.6815 -0.7069
vn -0.1863 -0.6827 -0.7066
vn 0.0000 1.0000 0.0068
vn 0.0040 1.0000 0.0070
vn -0.6184 -0.7858 -0.0007
vn -0.4377 -0.5562 0.7064
vn -0.4981 -0.5029 0.7064
vn -0.3715 -0.9284 -0.0007
vn -0.4240 -0.9057 0.0024
vn -0.2628 -0.6568 -0.7068
vn 0.8373 0.5468 0.0008
vn 0.5923 0.3868 0.7068
vn 0.0037 1.0000 0.0000
vn 0.0036 1.0000 0.0000
vn 0.0552 0.9985 -0.0024
vn 0.0348 0.9994 0.0003
vn 0.0446 0.9990 0.0007
vn 0.0559 0.9984 0.0011
vn 0.0184 0.9998 -0.0008
vn 0.0227 0.9997 0.0001
vn 0.0184 0.9998 0.0000
vn 0.0210 0.9996 -0.0182
vn 0.0189 0.9998 0.0029
vn -0.6585 -0.7526 -0.0007
vn -0.6177 -0.7864 -0.0008
vn -0.4375 -0.5570 0.7060
vn -0.4686 -0.5306 -0.7063
vn -0.4660 -0.5326 -0.7066
vn -0.2999 -0.6407 0.7068
vn -0.5722 -0.8201 0.0008
vn -0.4050 -0.5804 -0.7065
vn 0.0232 0.9997 0.0022
vn 0.0227 0.9997 -0.0007
vn 0.0265 0.9995 -0.0159
vn -0.4242 -0.9056 -0.0008
vn -0.3001 -0.6407 0.7067
vn -0.2630 -0.6569 -0.7066
vn -0.5249 -0.8511 -0.0008
vn -0.3714 -0.6022 0.7067
vn -0.4374 -0.5561 0.7067
vn -0.4752 -0.8799 -0.0008
vn -0.5240 -0.8517 0.0024
vn -0.3363 -0.6226 -0.7066
vn -0.3711 -0.6031 0.7061
vn 0.0409 0.9990 0.0176
vn 0.1104 0.9939 -0.0077
vn 0.0350 0.9994 -0.0003
vn 0.0389 0.9992 -0.0114
vn 0.5923 0.3871 0.7066
vn 0.5462 0.4498 0.7066
vn 0.1164 0.6979 -0.7067
vn 0.1164 0.6980 -0.7066
vn -0.4050 -0.5800 -0.7068
vn -0.3711 -0.6024 0.7067
vn -0.3361 -0.6225 -0.7068
vn 0.0510 0.9986 0.0144
vn 0.0445 0.9990 -0.0001
vn 0.0484 0.9988 -0.0084
vn 0.0550 0.9985 0.0000
vn 0.0583 0.9983 -0.0057
vn 0.0618 0.9980 0.0115
vn 0.8371 0.5471 0.0008
vn 0.8058 0.5922 -0.0009
vn 0.5701 0.4190 -0.7067
vn 0.0728 0.9973 0.0090
vn 0.0590 0.9983 0.0000
vn 0.0646 0.9979 0.0000
vn 0.0731 0.9973 -0.0001
vn 0.0624 0.9980 -0.0048
vn 0.0751 0.9972 -0.0025
vn 0.0860 0.9963 0.0070
vn 0.0782 0.9969 0.0000
vn 0.0776 0.9970 -0.0000
vn 0.0801 0.9968 -0.0017
vn 0.1549 0.6902 0.7068
vn 0.1548 0.6905 0.7066
vn 0.1547 0.6906 0.7065
vn 0.5206 0.4791 -0.7067
vn 0.1005 0.9949 0.0057
vn 0.1058 0.9944 0.0002
vn 0.1032 0.9947 0.0001
vn 0.0915 0.9958 0.0000
vn 0.1275 0.9918 0.0007
vn 0.0917 0.9958 -0.0002
vn 0.0924 0.9957 -0.0006
vn 0.1148 0.9934 0.0050
vn 0.1030 0.9947 -0.0000
vn 0.1031 0.9947 -0.0001
vn 0.1249 0.9922 0.0049
vn 0.1052 0.9945 -0.0000
vn 0.1053 0.9944 -0.0000
vn 0.1096 0.9940 0.0047
vn 0.1783 0.9840 0.0047
vn 0.1192 0.9929 0.0000
vn 0.1356 0.9908 0.0003
vn 0.1921 0.9814 -0.0047
vn 0.1645 0.9864 0.0000
vn 0.1754 0.9845 0.0009
vn 0.1744 0.9847 0.0032
vn 0.1585 0.9874 -0.0020
vn 0.7717 0.6359 0.0009
vn 0.5463 0.4502 0.7063
vn 0.2185 0.9757 -0.0135
vn 0.5464 0.4498 0.7065
vn 0.4934 0.5072 0.7066
vn 0.1925 0.6809 -0.7067
vn 0.1925 0.6808 -0.7067
vn 0.2297 0.6694 0.7065
vn 0.2298 0.6689 0.7069
vn 0.2297 0.6691 0.7068
vn 0.5207 0.4793 -0.7065
vn 0.4647 0.5337 -0.7066
vn 0.7721 0.6355 0.0009
vn 0.7358 0.6772 -0.0009
vn 0.4346 0.5584 0.7066
vn 0.2663 0.6554 -0.7068
vn 0.2663 0.6555 -0.7067
vn 0.2187 0.9758 0.0009
vn 0.3020 0.6401 0.7064
vn 0.3021 0.6398 0.7067
vn 0.3019 0.6401 0.7065
vn 0.4647 0.5338 -0.7065
vn 0.4033 0.5815 -0.7065
vn 0.6973 0.7168 0.0009
vn 0.2721 0.9623 -0.0009
vn 0.4346 0.5583 0.7067
vn 0.3706 0.6027 0.7067
vn 0.3366 0.6224 -0.7066
vn 0.3367 0.6222 -0.7068
vn 0.3706 0.6028 0.7065
vn 0.3706 0.6030 0.7064
vn 0.4033 0.5813 -0.7067
vn 0.3247 0.9458 0.0009
vn 0.6566 0.7542 -0.0009
vn 0.3249 0.9458 0.0009
vn 0.6142 0.7891 0.0008
vn 0.3763 0.9265 -0.0008
vn 0.4266 0.9044 0.0009
vn 0.5700 0.8216 -0.0009
vn 0.4269 0.9043 0.0009
vn 0.5238 0.8519 0.0009
vn 0.4759 0.8795 -0.0008
vn 0.5236 0.8520 0.0009
vn 0.0872 -0.9962 0.0000
vn -0.0872 -0.9962 0.0000
vn 0.2588 -0.9659 0.0000
vn -0.2588 -0.9659 0.0000
vn 0.4226 -0.9063 0.0000
vn 0.4984 -0.8669 -0.0016
vn 0.4898 -0.8719 -0.0015
vn 0.4903 -0.8715 -0.0015
vn 0.4796 -0.8775 -0.0013
vn 0.4746 -0.8802 -0.0012
vn 0.4755 -0.8797 -0.0012
vn 0.4657 -0.8850 -0.0010
vn 0.4566 -0.8897 -0.0009
vn 0.4536 -0.8912 -0.0008
vn 0.4460 -0.8950 -0.0007
vn 0.4310 -0.9023 -0.0005
vn 0.4545 -0.8908 -0.0008
vn 0.3929 -0.9196 0.0000
vn 0.4372 -0.8992 0.0137
vn 0.1048 -0.9918 -0.0734
vn 0.3530 -0.9356 -0.0107
vn 0.3668 -0.9303 -0.0069
vn 0.4097 -0.9122 0.0050
vn 0.4037 -0.9149 0.0033
vn 0.4113 -0.9115 0.0055
vn 0.4274 -0.9040 0.0103
vn 0.4167 -0.9090 0.0070
vn 0.4286 -0.9034 0.0108
vn 0.4431 -0.8963 0.0158
vn 0.4538 -0.8909 0.0201
vn 0.4619 -0.8866 0.0236
vn 0.4680 -0.8833 0.0265
vn 0.4770 -0.8784 0.0308
vn 0.4226 -0.9063 0.0038
vn -0.4226 -0.9063 0.0000
vn -0.4317 -0.9020 -0.0005
vn -0.4544 -0.8908 -0.0008
vn -0.4386 -0.8987 -0.0006
vn -0.4399 -0.8981 -0.0006
vn -0.4536 -0.8912 -0.0008
vn -0.4226 -0.9063 -0.0003
vn -0.3922 -0.9199 0.0000
vn -0.4231 -0.9061 -0.0004
vn -0.4226 -0.9063 0.0027
vn -0.4786 -0.8775 0.0316
vn -0.4770 -0.8784 0.0308
vn -0.4680 -0.8833 0.0265
vn -0.4619 -0.8866 0.0236
vn -0.4538 -0.8909 0.0201
vn -0.4431 -0.8963 0.0158
vn -0.4372 -0.8992 0.0137
vn -0.4286 -0.9034 0.0108
vn -0.4167 -0.9090 0.0070
vn -0.4274 -0.9040 0.0103
vn -0.4113 -0.9115 0.0055
vn -0.4037 -0.9149 0.0033
vn -0.4097 -0.9122 0.0050
vn -0.3669 -0.9302 -0.0068
vn -0.0870 0.9962 0.0000
vn 0.0870 0.9962 0.0000
vn -0.2589 0.9659 0.0000
vn 0.2589 0.9659 0.0000
vn 0.8651 0.4998 0.0419
vn 0.8652 0.4996 0.0419
vn 0.8651 0.4998 -0.0419
vn -0.8655 0.4991 -0.0419
vn -0.8649 0.4997 -0.0481
vn -0.8652 0.4998 0.0416
vn 0.8581 0.4959 0.1335
vn 0.8582 0.4956 0.1334
vn 0.8652 0.4996 -0.0419
vn 0.8582 0.4957 -0.1335
vn -0.8581 0.4958 -0.1335
vn -0.8591 0.4957 -0.1274
vn -0.8653 0.4990 0.0478
vn -0.8582 0.4953 0.1345
vn 0.8460 0.4888 0.2132
vn 0.8461 0.4886 0.2131
vn 0.8581 0.4958 -0.1335
vn 0.8457 0.4886 -0.2147
vn -0.8588 0.4960 0.1283
vn -0.8458 0.4884 0.2146
vn -0.8458 0.4885 -0.2146
vn -0.8456 0.4887 0.2147
vn -0.8272 0.4776 0.2961
vn 0.8266 0.4773 0.2982
vn 0.8260 0.4769 0.3004
vn 0.8459 0.4883 -0.2145
vn 0.8265 0.4775 -0.2981
vn -0.8266 0.4773 -0.2982
vn -0.8258 0.4772 -0.3006
vn 0.8001 0.4616 0.3830
vn 0.7989 0.4612 0.3861
vn 0.8260 0.4769 -0.3005
vn 0.8008 0.4624 -0.3805
vn -0.8266 0.4772 0.2985
vn -0.7980 0.4605 0.3887
vn -0.8009 0.4623 -0.3806
vn -0.7999 0.4617 -0.3835
vn -0.7679 0.4430 -0.4627
vn 0.8000 0.4615 -0.3835
vn 0.7679 0.4430 -0.4627
vn 0.7679 0.4430 0.4627
vn -0.7994 0.4624 0.3836
vn -0.7697 0.4449 0.4579
vn 0.7096 0.4093 0.5735
vn 0.7093 0.4092 -0.5740
vn 0.7084 0.4090 -0.5752
vn -0.7094 0.4096 0.5736
vn -0.7663 0.4424 0.4659
vn -0.7104 0.4097 0.5722
vn -0.7085 0.4088 -0.5752
vn 0.6130 0.3539 0.7063
vn 0.7101 0.4101 0.5724
vn 0.6117 0.3532 -0.7079
vn 0.6132 0.3536 -0.7063
vn -0.4572 -0.8893 -0.0001
vn -0.6117 0.3532 0.7079
vn -0.6133 0.3536 0.7063
vn -0.6130 0.3539 -0.7063
vn -0.7091 0.4094 -0.5740
vn 0.4958 0.2858 0.8200
vn 0.6119 0.3528 0.7079
vn 0.4976 0.2870 -0.8186
vn 0.4955 0.2862 -0.8201
vn -0.4662 -0.8847 -0.0001
vn -0.4965 0.2863 0.8195
vn -0.4957 0.2860 0.8201
vn -0.4956 0.2858 -0.8202
vn -0.6119 0.3528 -0.7079
vn 0.4020 0.2324 0.8857
vn 0.4012 0.2319 0.8861
vn 0.4974 0.2874 0.8185
vn 0.4060 0.2345 -0.8833
vn -0.4760 -0.8794 -0.0000
vn -0.4024 0.2322 0.8855
vn -0.4058 0.2343 -0.8834
vn -0.4062 0.2343 -0.8832
vn -0.4963 0.2864 -0.8195
vn -0.3275 0.1891 -0.9257
vn -0.3289 0.1896 -0.9251
vn 0.4035 0.2330 -0.8848
vn 0.3276 0.1890 -0.9257
vn 0.3305 0.1908 0.9243
vn -0.4750 -0.8800 -0.0000
vn -0.4033 0.2331 0.8849
vn -0.3308 0.1908 0.9242
vn 0.2606 0.1503 0.9537
vn 0.2602 0.1503 0.9538
vn 0.3286 0.1897 -0.9252
vn 0.2593 0.1497 -0.9541
vn -0.4831 -0.8756 -0.0000
vn -0.3300 0.1908 0.9245
vn -0.2621 0.1512 0.9531
vn -0.2593 0.1497 -0.9541
vn -0.4226 0.9063 0.0000
vn -0.4232 0.9060 0.0004
vn -0.4318 0.9020 0.0005
vn -0.4269 0.9043 0.0004
vn -0.4458 0.8951 0.0007
vn -0.4461 0.8950 0.0007
vn -0.4488 0.8936 0.0007
vn -0.4226 0.9063 0.0003
vn -0.3899 0.9209 0.0000
vn -0.4790 0.8773 -0.0297
vn -0.4226 0.9063 -0.0026
vn -0.4775 0.8782 -0.0290
vn -0.4635 0.8858 -0.0227
vn -0.4597 0.8878 -0.0212
vn -0.4531 0.8913 -0.0185
vn -0.4422 0.8968 -0.0146
vn -0.4344 0.9007 -0.0120
vn -0.4292 0.9031 -0.0104
vn -0.4264 0.9045 -0.0096
vn -0.4119 0.9112 -0.0056
vn -0.4113 0.9115 -0.0055
vn -0.4032 0.9151 -0.0033
vn -0.4094 0.9123 -0.0050
vn -0.3602 0.9328 0.0072
vn 0.4225 0.9064 0.0000
vn 0.4226 0.9063 0.0000
vn 0.4903 0.8715 0.0014
vn 0.4796 0.8775 0.0012
vn 0.4746 0.8802 0.0011
vn 0.4693 0.8830 0.0010
vn 0.4623 0.8867 0.0009
vn 0.4546 0.8907 0.0008
vn 0.4488 0.8936 0.0007
vn 0.4461 0.8950 0.0007
vn 0.4458 0.8951 0.0007
vn 0.4269 0.9043 0.0004
vn 0.4953 0.8687 0.0015
vn 0.4898 0.8719 0.0014
vn 0.3902 0.9207 0.0000
vn 0.4318 0.9020 0.0005
vn 0.4344 0.9007 -0.0120
vn 0.3739 0.9274 0.0039
vn 0.3099 0.9506 0.0191
vn 0.3997 0.9166 -0.0025
vn 0.4105 0.9118 -0.0052
vn 0.4113 0.9115 -0.0055
vn 0.4119 0.9112 -0.0056
vn 0.4264 0.9045 -0.0096
vn 0.4292 0.9031 -0.0104
vn 0.4422 0.8968 -0.0146
vn 0.4516 0.8920 -0.0180
vn 0.4625 0.8863 -0.0224
vn 0.4635 0.8858 -0.0227
vn 0.4775 0.8782 -0.0290
vn 0.4225 0.9064 -0.0037
vn -0.4875 -0.8731 -0.0000
vn -0.2602 0.1502 0.9538
vn -0.1844 0.1065 0.9771
vn 0.1857 0.1072 0.9767
vn -0.1863 0.1077 -0.9766
vn -0.1868 0.1077 -0.9765
vn 0.4849 -0.8745 0.0003
vn 0.1868 0.1077 -0.9765
vn 0.1111 0.0643 0.9917
vn 0.1116 0.0643 0.9917
vn 0.4930 -0.8700 0.0000
vn 0.1863 0.1077 -0.9766
vn 0.1183 0.0682 -0.9906
vn -0.4930 -0.8700 -0.0000
vn -0.1857 0.1072 0.9767
vn -0.1119 0.0647 0.9916
vn -0.1180 0.0682 -0.9907
vn -0.1185 0.0682 -0.9906
vn -0.4954 -0.8687 0.0000
vn -0.0373 0.0216 -0.9991
vn -0.0376 0.0215 -0.9991
vn 0.4954 -0.8687 0.0000
vn 0.1180 0.0682 -0.9907
vn 0.0376 0.0216 -0.9991
vn -0.1116 0.0643 0.9917
vn -0.0377 0.0215 0.9991
vn 0.0376 0.0216 0.9991
vn 0.5736 -0.8191 0.0000
vn 0.5736 -0.8191 -0.0004
vn 0.5383 -0.8428 -0.0001
vn 0.5324 -0.8465 -0.0001
vn 0.5264 -0.8502 -0.0001
vn 0.5258 -0.8506 -0.0000
vn 0.5123 -0.8588 -0.0000
vn 0.5134 -0.8581 -0.0000
vn 0.5124 -0.8588 -0.0000
vn 0.5008 -0.8656 0.0000
vn -0.0377 -0.0214 0.9991
vn -0.0367 -0.0214 0.9991
vn 0.5061 -0.8625 0.0000
vn 0.0368 0.0216 -0.9991
vn -0.0368 -0.0214 -0.9991
vn 0.5070 -0.8619 0.0000
vn 0.5736 -0.8191 0.0026
vn -0.5736 -0.8191 0.0000
vn -0.5008 -0.8656 -0.0017
vn -0.0368 0.0215 0.9991
vn 0.0372 -0.0214 0.9991
vn -0.5061 -0.8625 0.0000
vn 0.0366 -0.0215 -0.9991
vn 0.0374 -0.0216 -0.9991
vn -0.5736 -0.8191 0.0039
vn -0.5080 -0.8614 0.0001
vn -0.5070 -0.8619 0.0000
vn -0.5125 -0.8587 -0.0014
vn 0.0374 -0.0215 0.9991
vn 0.1114 -0.0644 0.9917
vn -0.1118 -0.0644 0.9916
vn -0.1113 -0.0644 0.9917
vn 0.1179 -0.0681 -0.9907
vn 0.1175 -0.0679 -0.9907
vn -0.0372 -0.0215 -0.9991
vn -0.1179 -0.0682 -0.9907
vn -0.1860 -0.1073 0.9767
vn -0.1848 -0.1068 0.9770
vn 0.5142 -0.8569 0.0349
vn -0.1174 -0.0679 -0.9908
vn -0.1868 -0.1079 -0.9765
vn -0.5137 -0.8580 -0.0014
vn 0.1118 -0.0644 0.9916
vn 0.1861 -0.1074 0.9766
vn 0.1866 -0.1079 -0.9765
vn 0.1871 -0.1079 -0.9764
vn -0.5255 -0.8503 0.0292
vn 0.2602 -0.1503 -0.9538
vn 0.2595 -0.1498 -0.9541
vn 0.5255 -0.8503 0.0292
vn -0.1871 -0.1079 -0.9764
vn -0.2604 -0.1503 -0.9537
vn -0.5127 -0.8586 -0.0014
vn 0.1860 -0.1074 0.9767
vn 0.2616 -0.1509 0.9533
vn -0.2616 -0.1508 0.9533
vn -0.2620 -0.1512 0.9532
vn -0.3281 -0.1897 0.9254
vn -0.3295 -0.1902 0.9248
vn 0.5343 -0.8449 0.0248
vn -0.2593 -0.1497 -0.9541
vn -0.3288 -0.1896 -0.9252
vn -0.5262 -0.8503 -0.0011
vn 0.2602 -0.1504 0.9538
vn 0.3285 -0.1896 0.9253
vn -0.5343 -0.8449 0.0248
vn 0.3285 -0.1897 -0.9253
vn 0.3299 -0.1902 -0.9246
vn -0.4035 -0.2329 0.8849
vn -0.4023 -0.2322 0.8855
vn -0.5269 -0.8499 -0.0011
vn 0.3296 -0.1903 0.9247
vn 0.4037 -0.2330 0.8847
vn -0.5368 -0.8434 0.0237
vn 0.4039 -0.2329 -0.8847
vn 0.4023 -0.2323 -0.8855
vn 0.5368 -0.8434 0.0237
vn -0.3296 -0.1903 -0.9247
vn -0.4036 -0.2331 -0.8848
vn -0.4960 -0.2863 0.8198
vn 0.5442 -0.8387 0.0203
vn -0.4026 -0.2322 -0.8854
vn -0.4973 -0.2869 -0.8187
vn -0.4959 -0.2865 -0.8197
vn -0.5329 -0.8461 -0.0010
vn 0.4022 -0.2322 0.8856
vn 0.4973 -0.2870 0.8187
vn 0.4961 -0.2865 0.8196
vn -0.5442 -0.8387 0.0203
vn 0.4960 -0.2862 -0.8198
vn -0.6126 -0.3540 0.7067
vn -0.4973 -0.2872 0.8186
vn 0.5522 -0.8335 0.0169
vn -0.6118 -0.3535 -0.7076
vn -0.6128 -0.3537 -0.7067
vn -0.5390 -0.8423 -0.0009
vn 0.6118 -0.3535 0.7076
vn 0.6127 -0.3538 0.7067
vn -0.5522 -0.8335 0.0169
vn 0.6126 -0.3540 -0.7067
vn 0.4971 -0.2872 -0.8188
vn 0.5498 -0.8353 -0.0007
vn -0.7098 -0.4099 0.5729
vn -0.6119 -0.3533 0.7076
vn 0.5636 -0.8260 0.0124
vn -0.7088 -0.4092 -0.5745
vn -0.7089 -0.4092 -0.5745
vn -0.5498 -0.8353 -0.0007
vn 0.7099 -0.4098 0.5728
vn 0.7098 -0.4098 0.5729
vn -0.5636 -0.8260 0.0124
vn 0.7088 -0.4092 -0.5745
vn 0.6119 -0.3533 -0.7076
vn 0.5557 -0.8314 -0.0007
vn -0.7661 -0.4428 0.4659
vn -0.7685 -0.4437 0.4610
vn -0.7099 -0.4098 0.5728
vn 0.5704 -0.8213 0.0099
vn -0.7676 -0.4432 -0.4629
vn -0.5557 -0.8314 -0.0007
vn 0.7678 -0.4431 0.4628
vn -0.5704 -0.8213 0.0099
vn 0.7679 -0.4430 -0.4627
vn 0.7675 -0.4433 -0.4631
vn 0.5434 -0.8395 -0.0008
vn -0.8001 -0.4619 0.3827
vn -0.7985 -0.4619 0.3861
vn -0.5434 -0.8395 -0.0008
vn 0.7677 -0.4432 0.4629
vn 0.7992 -0.4613 0.3854
vn -0.5652 -0.8249 0.0117
vn 0.7998 -0.4622 -0.3831
vn 0.8009 -0.4623 -0.3807
vn 0.5652 -0.8249 0.0117
vn -0.7677 -0.4432 -0.4629
vn -0.7999 -0.4620 -0.3830
vn -0.4552 0.8904 0.0001
vn 0.5668 -0.8239 -0.0005
vn -0.8259 -0.4768 0.3010
vn -0.8257 -0.4770 0.3011
vn 0.5790 -0.8153 0.0070
vn -0.8007 -0.4625 -0.3807
vn -0.8276 -0.4781 -0.2942
vn -0.5668 -0.8239 -0.0005
vn 0.7998 -0.4620 0.3832
vn 0.8250 -0.4769 0.3033
vn -0.5731 -0.8195 0.0091
vn 0.8260 -0.4773 -0.2999
vn 0.8262 -0.4770 -0.2998
vn 0.5762 -0.8173 0.0080
vn -0.8264 -0.4766 -0.2998
vn -0.8446 -0.4870 -0.2223
vn -0.5832 -0.8123 0.0057
vn 0.8454 -0.4883 -0.2164
vn -0.8778 -0.4673 -0.1056
vn -0.5999 -0.8001 0.0000
vn 0.8260 -0.4773 0.2998
vn 0.8461 -0.4892 0.2116
vn 0.5423 -0.8402 -0.0008
vn -0.8461 -0.4886 0.2130
vn -0.8459 -0.4889 0.2131
vn 0.5586 -0.8294 -0.0006
vn -0.8587 -0.4959 0.1293
vn -0.8584 -0.4955 0.1327
vn 0.5856 -0.8106 0.0049
vn -0.8453 -0.4885 -0.2165
vn -0.8588 -0.4961 -0.1284
vn -0.6111 -0.7915 -0.0033
vn 0.8456 -0.4886 0.2150
vn 0.8583 -0.4959 0.1319
vn -0.5974 -0.8019 0.0010
vn 0.8583 -0.4959 -0.1319
vn 0.5955 -0.8033 0.0017
vn 0.6009 -0.7993 0.0000
vn -0.8650 -0.4998 0.0452
vn -0.8653 -0.4996 0.0416
vn 0.6045 -0.7966 -0.0012
vn -0.8584 -0.4957 -0.1319
vn -0.8651 -0.4995 -0.0455
vn -0.5890 -0.8081 0.0038
vn 0.8651 -0.4998 -0.0419
vn 0.8652 -0.4996 -0.0419
vn -0.6173 -0.7867 -0.0052
vn 0.8583 -0.4960 0.1319
vn 0.8652 -0.4997 0.0419
vn -0.8652 -0.4996 -0.0419
vn 0.8651 -0.4998 0.0419
vn -0.4646 0.8855 0.0001
vn -0.4664 0.8846 0.0001
vn -0.4750 0.8800 0.0000
vn -0.4799 0.8773 0.0000
vn -0.4906 0.8714 0.0000
vn 0.4850 0.8745 -0.0003
vn -0.4899 0.8718 0.0000
vn -0.4930 0.8700 -0.0000
vn 0.4930 0.8700 0.0000
vn 0.4923 0.8704 0.0000
vn -0.4954 0.8687 0.0000
vn -0.4985 0.8669 0.0000
vn -0.5735 0.8192 0.0000
vn -0.5008 0.8656 0.0015
vn -0.5008 0.8656 0.0000
vn -0.5735 0.8192 -0.0039
vn -0.5080 0.8614 -0.0001
vn -0.5124 0.8588 -0.0002
vn 0.5736 0.8191 0.0000
vn 0.5735 0.8192 0.0000
vn 0.5736 0.8191 0.0003
vn 0.5419 0.8405 0.0001
vn 0.5344 0.8453 0.0001
vn 0.5322 0.8466 0.0001
vn 0.5202 0.8540 0.0000
vn 0.5178 0.8555 0.0000
vn 0.5134 0.8581 0.0000
vn 0.5124 0.8588 0.0000
vn 0.5039 0.8638 0.0000
vn 0.5736 0.8191 -0.0026
vn 0.5124 0.8588 -0.0002
vn -0.5125 0.8587 0.0013
vn -0.5105 0.8599 0.0014
vn 0.5139 0.8572 -0.0328
vn 0.5298 0.8477 -0.0252
vn -0.5298 0.8477 -0.0252
vn -0.5215 0.8533 0.0011
vn -0.5206 0.8538 0.0012
vn -0.5290 0.8482 -0.0256
vn 0.5290 0.8483 -0.0256
vn -0.5326 0.8464 0.0010
vn 0.5410 0.8408 -0.0203
vn -0.5410 0.8408 -0.0203
vn -0.5349 0.8449 0.0009
vn -0.5452 0.8381 -0.0185
vn 0.5452 0.8381 -0.0185
vn -0.5425 0.8401 0.0008
vn -0.5543 0.8322 -0.0150
vn 0.5543 0.8322 -0.0150
vn -0.5498 0.8353 0.0007
vn -0.5630 0.8264 -0.0119
vn 0.5498 0.8353 0.0007
vn 0.5630 0.8264 -0.0119
vn -0.5627 0.8267 0.0005
vn -0.5699 0.8217 -0.0097
vn 0.5557 0.8314 0.0006
vn 0.5699 0.8217 -0.0097
vn -0.5559 0.8312 0.0006
vn 0.5643 0.8255 0.0005
vn 0.5777 0.8162 -0.0072
vn -0.5777 0.8162 -0.0072
vn -0.5667 0.8239 0.0005
vn -0.5724 0.8199 -0.0088
vn 0.5510 0.8345 0.0007
vn 0.5724 0.8199 -0.0088
vn -0.5830 0.8125 -0.0057
vn 0.5830 0.8125 -0.0056
vn 0.5642 0.8257 0.0005
vn -0.5421 0.8403 0.0008
vn -0.6180 0.7861 0.0045
vn -0.6023 0.7983 0.0000
vn -0.5984 0.8012 -0.0011
vn 0.5922 0.8058 0.0001
vn 0.5984 0.8012 -0.0011
vn -0.6215 0.7834 0.0054
vn -0.5894 0.8078 -0.0038
vn 0.5893 0.8079 -0.0038
vn 0.6216 0.7833 0.0055
vn 0.6024 0.7982 0.0000
vn 0.7071 -0.7071 0.0000
vn -0.7071 -0.7071 0.0000
vn -0.7072 0.7070 0.0000
vn 0.7072 0.7070 0.0000
vn 0.8477 -0.5297 -0.0271
vn 0.8435 -0.5366 -0.0238
vn 0.8377 -0.5458 -0.0196
vn 0.8191 -0.5736 -0.0027
vn 0.8539 -0.5194 -0.0323
vn 0.8504 -0.5253 -0.0293
vn 0.8318 -0.5549 -0.0157
vn 0.8274 -0.5615 -0.0132
vn 0.8259 -0.5637 -0.0124
vn 0.8161 -0.5779 -0.0074
vn 0.8195 -0.5730 -0.0091
vn 0.8123 -0.5832 -0.0057
vn 0.8106 -0.5855 -0.0049
vn 0.8080 -0.5891 -0.0037
vn 0.7869 -0.6170 0.0052
vn 0.8346 -0.5508 -0.0040
vn 0.7975 -0.6033 0.0008
vn 0.8349 -0.5504 -0.0040
vn 0.8228 -0.5684 -0.0025
vn 0.8298 -0.5581 -0.0034
vn 0.8209 -0.5711 -0.0023
vn 0.8216 -0.5701 -0.0024
vn 0.8234 -0.5674 -0.0026
vn 0.7993 -0.6009 0.0000
vn 0.8291 -0.5591 0.0007
vn 0.8439 -0.5365 0.0011
vn 0.8253 -0.5646 0.0006
vn 0.8343 -0.5514 0.0008
vn 0.8254 -0.5645 0.0006
vn 0.8382 -0.5454 0.0009
vn 0.8370 -0.5471 0.0009
vn 0.8191 -0.5736 0.0004
vn 0.8191 -0.5736 0.0000
vn -0.7618 -0.6477 0.0152
vn -0.7870 -0.6169 0.0052
vn -0.8080 -0.5892 -0.0037
vn -0.8107 -0.5855 -0.0049
vn -0.8123 -0.5832 -0.0056
vn -0.8196 -0.5729 -0.0091
vn -0.8197 -0.5728 -0.0091
vn -0.8228 -0.5683 -0.0107
vn -0.8274 -0.5615 -0.0132
vn -0.8318 -0.5549 -0.0157
vn -0.8377 -0.5458 -0.0196
vn -0.8435 -0.5366 -0.0238
vn -0.8477 -0.5297 -0.0271
vn -0.8521 -0.5225 -0.0307
vn -0.8191 -0.5736 -0.0038
vn -0.8000 -0.5999 0.0000
vn -0.5469 -0.8329 0.0848
vn -0.8560 -0.5170 0.0015
vn -0.8572 -0.5149 0.0016
vn -0.8537 -0.5207 0.0015
vn -0.8499 -0.5269 0.0013
vn -0.8448 -0.5350 0.0011
vn -0.8400 -0.5426 0.0010
vn -0.8370 -0.5471 0.0009
vn -0.8253 -0.5646 0.0006
vn -0.8291 -0.5591 0.0007
vn -0.8439 -0.5365 0.0011
vn -0.8336 -0.5524 0.0008
vn -0.8311 -0.5561 0.0007
vn -0.8343 -0.5514 0.0008
vn -0.8371 -0.5470 0.0008
vn -0.1053 -0.9944 -0.0100
vn -0.8337 -0.5523 0.0007
vn -0.8312 -0.5559 0.0006
vn -0.8345 -0.5511 0.0007
vn -0.8191 -0.5736 0.0000
vn -0.8655 -0.5008 0.0019
vn -0.8618 -0.5072 0.0018
vn -0.8313 0.5558 0.0034
vn -0.8628 0.5056 0.0067
vn -0.7904 0.6126 -0.0007
vn -0.8219 0.5697 0.0024
vn -0.8294 0.5586 0.0031
vn -0.8141 0.5807 0.0015
vn -0.8355 0.5494 0.0038
vn -0.8288 0.5596 0.0031
vn -0.8250 0.5651 0.0112
vn -0.7956 0.6058 -0.0008
vn -0.8021 0.5971 0.0016
vn -0.7951 0.6065 -0.0011
vn -0.8105 0.5858 0.0049
vn -0.8176 0.5757 0.0078
vn -0.8091 0.5877 0.0042
vn -0.8253 0.5645 0.0114
vn -0.8216 0.5699 0.0097
vn -0.8304 0.5571 0.0141
vn -0.8381 0.5453 0.0187
vn -0.8427 0.5379 0.0218
vn -0.8463 0.5322 0.0243
vn -0.8507 0.5249 0.0276
vn -0.8191 0.5736 0.0039
vn -0.7978 0.6029 0.0000
vn -0.8572 0.5149 -0.0015
vn -0.8560 0.5169 -0.0014
vn -0.8191 0.5736 0.0000
vn -0.8656 0.5008 -0.0018
vn -0.8618 0.5072 -0.0017
vn -0.8503 0.5263 -0.0012
vn -0.8499 0.5269 -0.0012
vn -0.8449 0.5350 -0.0011
vn -0.8377 0.5461 -0.0009
vn -0.8334 0.5527 -0.0008
vn -0.8313 0.5558 -0.0007
vn -0.8394 0.5435 -0.0009
vn -0.8163 0.5777 -0.0004
vn -0.8351 0.5502 -0.0008
vn -0.8292 0.5590 -0.0007
vn 0.8427 0.5379 0.0218
vn 0.8463 0.5322 0.0243
vn 0.8191 0.5736 0.0027
vn 0.8542 0.5191 0.0304
vn 0.8507 0.5249 0.0276
vn 0.8381 0.5453 0.0187
vn 0.8304 0.5571 0.0141
vn 0.8250 0.5651 0.0112
vn 0.8217 0.5699 0.0097
vn 0.8253 0.5646 0.0113
vn 0.8136 0.5814 0.0062
vn 0.8123 0.5832 0.0057
vn 0.8105 0.5857 0.0049
vn 0.7951 0.6065 -0.0011
vn 0.7978 0.6029 0.0000
vn 0.8020 0.5973 0.0016
vn 0.8297 0.5582 -0.0006
vn 0.8353 0.5498 -0.0007
vn 0.8164 0.5774 -0.0003
vn 0.8395 0.5433 -0.0008
vn 0.8314 0.5557 -0.0006
vn 0.8292 0.5589 -0.0007
vn 0.7844 0.6202 0.0003
vn 0.7429 0.6694 0.0011
vn 0.8350 0.5502 -0.0008
vn 0.8163 0.5776 -0.0004
vn 0.8394 0.5435 -0.0009
vn 0.8313 0.5558 -0.0007
vn 0.8334 0.5527 -0.0008
vn 0.8191 0.5736 -0.0004
vn 0.8191 0.5736 0.0000
vn 0.4993 0.8654 0.0419
vn 0.4989 0.8654 0.0455
vn 0.4990 0.8656 -0.0419
vn 0.4990 0.8654 0.0455
vn -0.4993 0.8654 -0.0416
vn -0.4989 0.8655 -0.0452
vn -0.4990 0.8656 0.0416
vn -0.4990 0.8655 -0.0452
vn -0.4990 0.8656 0.0419
vn 0.4956 0.8590 0.1284
vn 0.4956 0.8590 0.1283
vn 0.4992 0.8653 -0.0455
vn 0.4956 0.8590 -0.1283
vn -0.4955 0.8589 -0.1293
vn -0.4955 0.8589 -0.1292
vn -0.4992 0.8653 0.0452
vn -0.4955 0.8589 0.1293
vn -0.4955 0.8591 0.1283
vn 0.4883 0.8454 0.2164
vn 0.4872 0.8445 0.2224
vn 0.4879 0.8457 -0.2164
vn -0.4880 0.8459 0.2149
vn -0.4874 0.8448 -0.2208
vn -0.4955 0.8589 0.1292
vn -0.4879 0.8457 0.2164
vn -0.4880 0.8456 0.2164
vn -0.4766 0.8257 0.3020
vn -0.4879 0.8456 0.2164
vn 0.4770 0.8262 0.2999
vn 0.4776 0.8267 0.2975
vn 0.4775 0.8267 0.2975
vn 0.4877 0.8446 -0.2208
vn 0.4770 0.8262 -0.2999
vn 0.4877 0.8442 -0.2224
vn 0.4772 0.8261 -0.2999
vn -0.4770 0.8262 -0.2999
vn -0.4771 0.8262 -0.2995
vn 0.4625 0.8007 0.3807
vn 0.4619 0.8000 0.3829
vn 0.4770 0.8263 -0.2996
vn 0.4623 0.8008 -0.3807
vn 0.4774 0.8268 -0.2975
vn 0.4624 0.8008 -0.3807
vn -0.4765 0.8253 0.3032
vn -0.4618 0.7998 0.3834
vn -0.4619 0.8000 -0.3829
vn -0.4456 0.7708 -0.4553
vn -0.4429 0.7678 -0.4629
vn -0.4430 0.7678 -0.4629
vn 0.4621 0.7999 -0.3829
vn 0.4441 0.7688 -0.4601
vn 0.4443 0.7686 0.4602
vn 0.4434 0.7675 0.4630
vn -0.4622 0.8011 0.3804
vn -0.4442 0.7699 0.4582
vn -0.8344 -0.5511 -0.0000
vn -0.4442 0.7699 0.4581
vn 0.4089 0.7073 0.5766
vn 0.8377 -0.5461 0.0000
vn 0.4436 0.7674 -0.4630
vn 0.4104 0.7099 -0.5725
vn 0.4095 0.7084 0.5749
vn 0.4103 0.7099 -0.5725
vn -0.4428 0.7660 0.4659
vn -0.4103 0.7099 0.5725
vn -0.4089 0.7073 -0.5766
vn -0.8377 -0.5461 0.0000
vn -0.4109 0.7109 0.5708
vn 0.3539 0.6137 0.7058
vn 0.4096 0.7103 0.5724
vn 0.8405 -0.5418 0.0000
vn 0.3534 0.6129 -0.7067
vn 0.3541 0.6136 -0.7058
vn 0.3530 0.6122 0.7076
vn 0.4102 0.7113 0.5707
vn 0.8404 -0.5419 0.0002
vn -0.3534 0.6129 0.7067
vn -0.3541 0.6136 0.7058
vn -0.8405 -0.5418 0.0000
vn -0.3539 0.6137 -0.7058
vn -0.4096 0.7103 -0.5724
vn -0.3525 0.6114 0.7085
vn -0.3532 0.6120 0.7076
vn 0.3536 0.6128 0.7067
vn 0.8453 -0.5343 0.0000
vn 0.2870 0.4973 -0.8187
vn 0.3527 0.6113 0.7085
vn 0.8452 -0.5344 0.0001
vn -0.2870 0.4973 0.8187
vn -0.8453 -0.5343 0.0000
vn -0.3536 0.6128 -0.7067
vn 0.2304 0.3985 0.8878
vn 0.2281 0.3952 0.8898
vn 0.8503 -0.5263 0.0000
vn 0.8540 -0.5202 0.0000
vn 0.8503 -0.5264 -0.0000
vn 0.8502 -0.5264 0.0001
vn -0.8503 -0.5263 0.0000
vn -0.8525 -0.5227 0.0000
vn -0.8540 -0.5202 0.0000
vn -0.1903 0.3296 -0.9247
vn -0.1896 0.3286 -0.9252
vn 0.1903 0.3297 -0.9247
vn 0.1934 0.3349 0.9222
vn 0.1947 0.3367 0.9213
vn 0.8541 -0.5202 0.0000
vn -0.2284 0.3950 0.8898
vn -0.1936 0.3348 0.9222
vn -0.8519 -0.5237 0.0000
vn -0.2282 0.3952 0.8898
vn -0.1945 0.3368 0.9213
vn 0.8339 0.5519 -0.0000
vn 0.7592 0.6509 0.0016
vn -0.8320 0.5548 -0.0000
vn 0.8320 0.5548 0.0000
vn -0.8371 0.5470 0.0001
vn 0.8265 0.5629 0.0001
vn 0.8244 0.5660 0.0002
vn -0.8164 0.5775 -0.0003
vn -0.8407 0.5415 0.0001
vn 0.8407 0.5415 -0.0001
vn 0.1471 0.2547 0.9558
vn 0.8555 -0.5178 0.0001
vn 0.8619 -0.5070 -0.0001
vn 0.8581 -0.5134 -0.0000
vn 0.8555 -0.5178 0.0000
vn 0.1897 0.3285 -0.9252
vn 0.1503 0.2604 -0.9537
vn 0.1897 0.3285 -0.9253
vn 0.1504 0.2604 -0.9537
vn -0.1945 0.3368 0.9212
vn -0.1495 0.2588 0.9543
vn -0.8575 -0.5145 0.0000
vn -0.8562 -0.5167 0.0000
vn -0.8619 -0.5070 -0.0001
vn -0.1527 0.2644 -0.9522
vn -0.1495 0.2589 0.9543
vn 0.8320 0.5547 0.0000
vn -0.8340 0.5518 0.0000
vn 0.8340 0.5518 0.0000
vn -0.8561 -0.5168 -0.0005
vn -0.1475 0.2545 0.9558
vn -0.1086 0.1870 0.9763
vn -0.1474 0.2545 0.9558
vn 0.1109 0.1920 0.9751
vn -0.8562 -0.5167 0.0001
vn -0.1081 0.1873 -0.9763
vn -0.1081 0.1872 -0.9763
vn -0.1081 0.1872 -0.9764
vn 0.1523 0.2647 -0.9522
vn 0.1105 0.1923 -0.9751
vn 0.1104 0.1923 -0.9751
vn -0.8382 0.5453 0.0000
vn 0.8382 0.5453 0.0000
vn 0.8381 0.5455 -0.0002
vn 0.8638 -0.5039 0.0000
vn 0.0643 0.1113 0.9917
vn 0.8619 -0.5070 0.0000
vn 0.1081 0.1873 -0.9763
vn 0.0647 0.1120 -0.9916
vn 0.0647 0.1119 0.9916
vn -0.8619 -0.5071 -0.0001
vn -0.1109 0.1920 0.9751
vn -0.0647 0.1120 0.9916
vn -0.8619 -0.5070 0.0000
vn -0.0647 0.1120 -0.9916
vn -0.8656 -0.5008 0.0000
vn -0.0214 0.0371 -0.9991
vn -0.0215 0.0371 -0.9991
vn 0.8656 -0.5008 0.0000
vn 0.8656 -0.5007 0.0000
vn -0.8656 -0.5007 0.0000
vn -0.0643 0.1112 0.9917
vn -0.0215 0.0371 0.9991
vn 0.8638 -0.5038 0.0000
vn 0.0216 0.0374 0.9991
vn 0.0215 0.0371 0.9991
vn 0.0216 0.0373 0.9991
vn 0.8452 0.5344 -0.0001
vn 0.8687 -0.4954 0.0000
vn 0.9063 -0.4226 -0.0038
vn 0.8745 -0.4850 -0.0004
vn -0.0215 -0.0371 0.9991
vn -0.0214 -0.0371 -0.9991
vn -0.0215 -0.0372 0.9991
vn -0.0214 -0.0371 0.9991
vn 0.9063 -0.4226 0.0000
vn 0.8656 -0.5007 0.0020
vn 0.0215 0.0371 -0.9991
vn -0.8674 -0.4977 0.0000
vn -0.8700 -0.4930 -0.0001
vn -0.9063 -0.4226 -0.0027
vn -0.0216 0.0374 0.9991
vn 0.0213 -0.0369 0.9991
vn -0.8687 -0.4954 0.0000
vn 0.0214 -0.0371 -0.9991
vn 0.0215 -0.0371 -0.9991
vn -0.8920 -0.4520 0.0002
vn -0.9063 -0.4226 0.0005
vn -0.8969 -0.4422 0.0003
vn -0.8954 -0.4453 0.0002
vn -0.8880 -0.4598 0.0001
vn -0.9043 -0.4269 0.0004
vn -0.8947 -0.4468 0.0002
vn -0.8946 -0.4469 0.0002
vn -0.8884 -0.4591 0.0001
vn -0.8855 -0.4646 0.0001
vn -0.8812 -0.4727 0.0001
vn -0.8767 -0.4810 0.0000
vn -0.8773 -0.4799 0.0000
vn -0.8728 -0.4882 0.0000
vn -0.8700 -0.4930 0.0000
vn -0.9063 -0.4226 0.0000
vn -0.8489 0.5286 0.0000
vn -0.8506 0.5258 -0.0000
vn 0.8503 0.5263 0.0000
vn 0.8506 0.5258 -0.0000
vn 0.8489 0.5286 0.0000
vn 0.8503 0.5263 -0.0001
vn 0.0214 -0.0372 0.9991
vn 0.0646 -0.1121 0.9916
vn -0.8745 -0.4850 0.0000
vn -0.8756 -0.4830 0.0001
vn 0.0214 -0.0371 0.9991
vn -0.0643 -0.1114 0.9917
vn 0.8687 -0.4953 -0.0001
vn 0.8774 -0.4798 0.0001
vn 0.8728 -0.4881 0.0000
vn 0.8718 -0.4899 0.0000
vn 0.0644 -0.1114 -0.9917
vn 0.0647 -0.1121 -0.9916
vn 0.0643 -0.1114 -0.9917
vn -0.0643 -0.1114 -0.9917
vn 0.8719 -0.4897 0.0017
vn 0.8506 0.5259 -0.0001
vn -0.8519 0.5237 0.0000
vn -0.1111 -0.1924 0.9750
vn -0.1083 -0.1876 -0.9763
vn 0.8745 -0.4851 -0.0000
vn 0.8729 -0.4878 0.0017
vn -0.8775 -0.4785 -0.0316
vn 0.0643 -0.1114 0.9917
vn 0.1111 -0.1924 0.9750
vn 0.1115 -0.1921 -0.9750
vn 0.1083 -0.1876 -0.9763
vn -0.8727 -0.4882 -0.0000
vn 0.1083 -0.1876 0.9763
vn -0.8638 0.5039 0.0001
vn -0.8575 0.5145 -0.0001
vn 0.8575 0.5145 -0.0001
vn 0.8638 0.5039 0.0001
vn 0.8581 0.5134 0.0000
vn 0.8555 0.5178 0.0000
vn 0.1511 -0.2617 -0.9532
vn 0.1539 -0.2656 -0.9517
vn 0.1535 -0.2658 -0.9517
vn -0.1535 -0.2658 -0.9517
vn 0.8776 -0.4795 0.0015
vn -0.8796 -0.4748 -0.0297
vn 0.1479 -0.2561 0.9553
vn 0.1107 -0.1926 0.9750
vn 0.1499 -0.2604 0.9538
vn 0.8796 -0.4748 -0.0297
vn -0.1479 -0.2561 0.9553
vn 0.8756 -0.4831 0.0000
vn -0.8581 0.5135 0.0004
vn 0.8562 0.5167 -0.0001
vn -0.8562 0.5167 -0.0001
vn 0.8819 -0.4706 -0.0277
vn -0.1933 -0.3347 0.9223
vn -0.1928 -0.3339 0.9227
vn 0.8812 -0.4727 -0.0000
vn 0.8767 -0.4810 0.0000
vn -0.1902 -0.3294 -0.9248
vn -0.1933 -0.3346 0.9223
vn 0.8770 -0.4805 0.0015
vn -0.8819 -0.4706 -0.0277
vn 0.1933 -0.3347 0.9223
vn -0.8812 -0.4727 -0.0000
vn 0.1904 -0.3293 -0.9248
vn 0.1891 -0.3275 -0.9257
vn -0.8638 0.5039 -0.0000
vn 0.8638 0.5039 -0.0000
vn 0.8867 -0.4618 -0.0237
vn -0.2296 -0.3974 0.8885
vn -0.8867 -0.4618 -0.0237
vn 0.1929 -0.3338 0.9227
vn 0.2283 -0.3952 0.8898
vn 0.2281 -0.3953 -0.8898
vn 0.2305 -0.3986 -0.8877
vn -0.1893 -0.3274 -0.9257
vn -0.2285 -0.3951 -0.8898
vn 0.8815 -0.4721 0.0013
vn 0.8916 -0.4524 -0.0195
vn -0.2871 -0.4976 0.8185
vn -0.2301 -0.3988 -0.8877
vn -0.2864 -0.4964 -0.8195
vn -0.2874 -0.4975 -0.8185
vn 0.8859 -0.4639 0.0011
vn -0.8916 -0.4524 -0.0195
vn 0.2294 -0.3975 0.8885
vn 0.2864 -0.4964 0.8195
vn 0.2874 -0.4975 0.8185
vn -0.8855 -0.4647 0.0000
vn 0.2871 -0.4976 -0.8185
vn 0.2872 -0.4976 -0.8185
vn -0.8718 0.4899 0.0002
vn -0.9062 0.4228 0.0027
vn -0.9062 0.4228 -0.0004
vn -0.8894 0.4572 -0.0001
vn -0.8865 0.4628 -0.0001
vn -0.8828 0.4697 -0.0001
vn -0.8785 0.4778 -0.0000
vn -0.8728 0.4882 -0.0000
vn -0.9062 0.4228 0.0000
vn 0.9062 0.4228 0.0038
vn 0.8745 0.4850 0.0004
vn 0.8718 0.4899 0.0002
vn 0.9062 0.4228 0.0000
vn 0.8656 0.5007 -0.0018
vn 0.8956 -0.4446 -0.0164
vn -0.3538 -0.6124 0.7070
vn -0.2867 -0.4962 0.8195
vn 0.8883 -0.4593 0.0000
vn -0.3550 -0.6145 -0.7045
vn -0.3533 -0.6127 -0.7070
vn -0.3529 -0.6108 0.7088
vn 0.8888 -0.4584 0.0010
vn -0.8956 -0.4446 -0.0164
vn 0.3550 -0.6145 0.7045
vn 0.3533 -0.6127 0.7070
vn -0.8883 -0.4593 0.0000
vn 0.3538 -0.6124 -0.7070
vn 0.2867 -0.4962 -0.8195
vn 0.3541 -0.6130 0.7063
vn 0.3524 -0.6111 0.7088
vn 0.8718 0.4899 0.0001
vn 0.8774 0.4798 -0.0001
vn 0.8727 0.4882 -0.0000
vn 0.8718 0.4899 0.0000
vn -0.8774 0.4798 -0.0001
vn -0.8718 0.4899 0.0001
vn -0.8727 0.4882 -0.0000
vn 0.8719 0.4897 -0.0016
vn -0.8774 0.4789 0.0296
vn 0.8729 0.4878 -0.0015
vn 0.9001 -0.4354 -0.0131
vn -0.4097 -0.7106 0.5720
vn -0.3545 -0.6148 0.7045
vn -0.4083 -0.7081 -0.5761
vn 0.8945 -0.4471 -0.0040
vn 0.9213 -0.3888 0.0008
vn -0.4103 -0.7116 0.5703
vn -0.3536 -0.6133 0.7063
vn 0.8925 -0.4511 0.0009
vn -0.9001 -0.4354 -0.0131
vn 0.4083 -0.7081 0.5761
vn 0.4105 -0.7102 0.5719
vn -0.8924 -0.4512 0.0008
vn -0.8919 -0.4523 0.0000
vn -0.8945 -0.4471 -0.0000
vn -0.8944 -0.4472 -0.0000
vn -0.9041 -0.4274 -0.0002
vn -0.8874 -0.4610 0.0002
vn -0.9113 0.4116 -0.0100
vn -0.8946 -0.4469 -0.0000
vn 0.4097 -0.7106 -0.5720
vn 0.3545 -0.6148 -0.7045
vn 0.4089 -0.7091 0.5745
vn 0.8775 0.4795 -0.0014
vn 0.8794 0.4753 0.0279
vn -0.8794 0.4753 0.0279
vn 0.9034 -0.4287 -0.0108
vn -0.4422 -0.7665 0.4657
vn -0.4449 -0.7696 0.4579
vn -0.4091 -0.7076 0.5761
vn -0.4429 -0.7662 -0.4657
vn 0.8974 -0.4412 -0.0035
vn -0.4097 -0.7087 0.5744
vn 0.8951 -0.4459 0.0008
vn -0.4437 -0.7675 -0.4627
vn -0.9034 -0.4286 -0.0108
vn 0.4437 -0.7675 0.4627
vn -0.8950 -0.4460 0.0007
vn 0.4424 -0.7664 -0.4657
vn 0.4444 -0.7688 -0.4599
vn 0.4091 -0.7076 -0.5761
vn 0.4434 -0.7676 -0.4627
vn -0.8859 0.4633 0.0226
vn -0.8817 0.4718 0.0000
vn -0.8794 0.4760 -0.0000
vn 0.8859 0.4633 0.0226
vn 0.8785 0.4778 -0.0000
vn 0.8794 0.4760 -0.0000
vn 0.8817 0.4718 0.0000
vn 0.8787 0.4773 -0.0013
vn 0.9048 -0.4257 -0.0099
vn -0.4625 -0.8006 0.3810
vn -0.4609 -0.7990 0.3862
vn 0.8981 -0.4398 -0.0034
vn -0.4624 -0.8006 0.3810
vn -0.9048 -0.4258 -0.0099
vn 0.4442 -0.7689 0.4599
vn 0.4619 -0.7997 0.3835
vn -0.8952 -0.4457 0.0007
vn 0.4625 -0.8006 -0.3810
vn 0.4617 -0.7998 -0.3835
vn 0.4619 -0.7997 -0.3835
vn 0.4620 -0.7997 -0.3835
vn -0.4439 -0.7690 -0.4599
vn 0.8953 -0.4455 0.0008
vn -0.4441 -0.7689 -0.4599
vn -0.4620 -0.7997 -0.3835
vn 0.9064 -0.4223 -0.0088
vn -0.4761 -0.8252 0.3038
vn -0.4774 -0.8265 0.2981
vn -0.4619 -0.7997 -0.3835
vn -0.4767 -0.8253 -0.3026
vn 0.8990 -0.4380 -0.0033
vn 0.9044 -0.4266 0.0005
vn -0.4768 -0.8253 -0.3026
vn -0.9112 -0.4120 -0.0056
vn 0.4771 -0.8259 0.3005
vn -0.8954 -0.4453 0.0007
vn 0.4760 -0.8253 -0.3038
vn 0.4776 -0.8269 -0.2969
vn 0.4768 -0.8253 0.3026
vn 0.4766 -0.8261 -0.3006
vn 0.4780 -0.8274 -0.2949
vn -0.4772 -0.8271 -0.2969
vn -0.4879 -0.8456 -0.2165
vn 0.8897 -0.4565 0.0010
vn -0.9020 -0.4317 0.0005
vn 0.4885 -0.8457 -0.2146
vn 0.4871 -0.8446 -0.2224
vn 0.4882 -0.8451 -0.2180
vn 0.4870 -0.8442 -0.2239
vn -0.9058 -0.4236 -0.0091
vn 0.4773 -0.8266 0.2982
vn 0.4880 -0.8452 0.2180
vn 0.4771 -0.8267 0.2982
vn 0.4880 -0.8456 0.2165
vn 0.9115 -0.4112 -0.0055
vn -0.4885 -0.8457 0.2146
vn -0.4874 -0.8449 0.2205
vn 0.9055 -0.4244 -0.0023
vn -0.8849 0.4652 0.0234
vn 0.8849 0.4652 0.0234
vn 0.8828 0.4697 0.0000
vn 0.8831 0.4692 -0.0012
vn -0.8828 0.4697 0.0000
vn 0.9119 -0.4104 -0.0053
vn -0.4961 -0.8588 0.1283
vn -0.4877 -0.8442 -0.2224
vn -0.4961 -0.8588 -0.1283
vn 0.9033 -0.4290 -0.0026
vn 0.8971 -0.4418 0.0008
vn -0.4960 -0.8588 -0.1283
vn -0.9119 -0.4104 -0.0053
vn 0.4879 -0.8446 0.2205
vn 0.4961 -0.8588 0.1283
vn -0.8967 -0.4426 0.0007
vn 0.4960 -0.8588 -0.1283
vn 0.4961 -0.8589 -0.1274
vn 0.4961 -0.8589 0.1274
vn 0.4961 -0.8588 -0.1274
vn 0.9163 -0.4005 -0.0025
vn -0.4989 -0.8654 0.0478
vn -0.4998 -0.8653 0.0380
vn 0.9096 -0.4156 -0.0017
vn -0.4989 -0.8653 0.0478
vn 0.9255 -0.3787 0.0036
vn -0.4996 -0.8649 -0.0478
vn 0.9200 -0.3918 0.0000
vn 0.9752 -0.2210 0.0115
vn -0.9255 -0.3787 0.0036
vn -0.9200 -0.3918 0.0000
vn 0.4989 -0.8654 -0.0478
vn 0.4998 -0.8653 -0.0383
vn 0.4989 -0.8653 -0.0481
vn -0.9163 -0.4006 -0.0025
vn 0.4960 -0.8589 0.1274
vn 0.4996 -0.8649 0.0478
vn 0.4996 -0.8649 0.0481
vn -0.4991 -0.8657 -0.0381
vn 0.4991 -0.8657 0.0383
vn -0.8920 0.4516 0.0179
vn -0.8864 0.4629 0.0000
vn 0.8920 0.4516 0.0179
vn 0.8864 0.4629 0.0000
vn 0.8868 0.4622 -0.0010
vn -0.8960 0.4438 0.0151
vn -0.8893 0.4573 0.0000
vn -0.8893 0.4574 0.0000
vn 0.8960 0.4438 0.0151
vn 0.8893 0.4573 0.0000
vn 0.8897 0.4565 -0.0009
vn -0.9015 0.4327 0.0114
vn -0.8945 0.4471 -0.0001
vn -0.8976 0.4408 0.0000
vn -0.8981 0.4397 0.0001
vn -0.8893 0.4573 -0.0001
vn -0.9076 0.4198 0.0003
vn -0.8943 0.4474 -0.0001
vn -0.9418 0.3363 0.0015
vn -0.8949 0.4463 -0.0008
vn 0.9015 0.4327 0.0114
vn 0.8966 0.4429 0.0034
vn 0.9006 0.4346 -0.0001
vn 0.8944 0.4473 0.0000
vn 0.8993 0.4373 -0.0001
vn 0.8943 0.4474 0.0000
vn 0.8944 0.4473 0.0001
vn 0.9223 0.3866 -0.0008
vn 0.8949 0.4463 -0.0008
vn -0.9052 0.4250 0.0091
vn -0.9010 0.4339 -0.0005
vn -0.9497 0.3132 0.0010
vn -0.9010 0.4337 -0.0006
vn 0.9070 0.4210 0.0079
vn 0.9027 0.4304 0.0025
vn 0.9010 0.4338 -0.0006
vn -0.9065 0.4220 0.0083
vn 0.9044 0.4266 0.0095
vn 0.8978 0.4403 0.0032
vn 0.8952 0.4456 -0.0008
vn -0.8951 0.4458 -0.0007
vn -0.8952 0.4456 -0.0008
vn -0.9036 0.4282 0.0100
vn -0.9000 0.4360 -0.0005
vn -0.9001 0.4357 -0.0006
vn 0.9037 0.4281 0.0100
vn 0.8948 0.4465 0.0036
vn 0.9001 0.4357 -0.0006
vn -0.8957 0.4447 -0.0006
vn -0.8958 0.4444 -0.0007
vn 0.8958 0.4444 -0.0007
vn 0.9141 0.4055 0.0039
vn 0.9098 0.4149 0.0016
vn -0.9141 0.4055 0.0039
vn -0.9118 0.4106 0.0052
vn -0.8965 0.4430 -0.0006
vn -0.8969 0.4423 -0.0007
vn 0.9118 0.4105 0.0052
vn 0.9029 0.4297 0.0025
vn 0.8969 0.4423 -0.0007
vn -0.9220 0.3872 -0.0007
vn -0.9209 0.3899 0.0000
vn -0.9192 0.3938 0.0009
vn -0.9268 0.3755 0.0002
vn 0.9192 0.3938 0.0009
vn 0.9030 0.4297 0.0024
vn 0.9209 0.3899 0.0000
vn 0.9220 0.3872 -0.0007
vn 0.9240 0.3824 -0.0005
vn 0.9659 -0.2589 0.0000
vn -0.9659 -0.2589 0.0000
vn -0.9660 0.2587 0.0000
vn 0.9660 0.2587 0.0000
vn 0.9962 -0.0870 0.0000
vn 0.9999 -0.0150 -0.0014
vn 1.0000 -0.0001 -0.0017
vn 1.0000 -0.0074 -0.0015
vn 0.9997 -0.0228 -0.0013
vn 0.9997 -0.0238 -0.0013
vn 0.9995 -0.0330 -0.0011
vn 0.9992 -0.0400 -0.0010
vn 0.9989 -0.0465 -0.0009
vn 0.9984 -0.0572 -0.0008
vn 0.9980 -0.0628 -0.0007
vn 0.9983 -0.0583 -0.0007
vn 0.9973 -0.0729 -0.0006
vn 0.9929 -0.1193 0.0000
vn 0.9972 -0.0741 0.0126
vn 0.8856 -0.4562 -0.0872
vn 0.9818 -0.1889 -0.0175
vn 0.9895 -0.1447 -0.0062
vn 0.9946 -0.1033 0.0045
vn 0.9951 -0.0987 0.0056
vn 0.9954 -0.0958 0.0065
vn 0.9956 -0.0934 0.0071
vn 0.9966 -0.0817 0.0104
vn 0.9966 -0.0813 0.0105
vn 0.9979 -0.0622 0.0166
vn 0.9984 -0.0531 0.0198
vn 0.9987 -0.0447 0.0231
vn 0.9990 -0.0344 0.0272
vn 0.9991 -0.0315 0.0284
vn 0.9962 -0.0870 0.0039
vn -0.9962 -0.0870 0.0000
vn -0.9976 -0.0694 -0.0006
vn -0.9973 -0.0729 -0.0006
vn -0.9983 -0.0583 -0.0007
vn -0.9980 -0.0628 -0.0007
vn -0.9984 -0.0572 -0.0008
vn -0.9962 -0.0870 -0.0004
vn -0.9927 -0.1203 0.0000
vn -0.9982 -0.0607 -0.0007
vn -0.9962 -0.0870 0.0028
vn -0.9992 -0.0219 0.0327
vn -0.9991 -0.0313 0.0285
vn -0.9990 -0.0344 0.0272
vn -0.9987 -0.0447 0.0231
vn -0.9984 -0.0531 0.0198
vn -0.9979 -0.0622 0.0166
vn -0.9972 -0.0741 0.0126
vn -0.9966 -0.0813 0.0105
vn -0.9966 -0.0817 0.0104
vn -0.9956 -0.0934 0.0071
vn -0.9954 -0.0958 0.0065
vn -0.9951 -0.0987 0.0056
vn -0.9946 -0.1033 0.0045
vn -0.9894 -0.1449 -0.0063
vn -0.9962 0.0872 0.0000
vn -0.9982 0.0604 0.0007
vn -0.9976 0.0693 0.0006
vn -0.9973 0.0728 0.0005
vn -0.9971 0.0764 0.0005
vn -0.9980 0.0627 0.0006
vn -0.9984 0.0572 0.0007
vn -0.9962 0.0872 0.0003
vn -0.9924 0.1231 0.0000
vn -0.9988 0.0440 -0.0219
vn -0.9991 0.0338 -0.0257
vn -0.9962 0.0872 -0.0026
vn -0.9993 0.0213 -0.0308
vn -0.9992 0.0310 -0.0268
vn -0.9983 0.0559 -0.0177
vn -0.9978 0.0653 -0.0146
vn -0.9972 0.0735 -0.0122
vn -0.9967 0.0808 -0.0102
vn -0.9957 0.0925 -0.0072
vn -0.9956 0.0932 -0.0070
vn -0.9954 0.0956 -0.0064
vn -0.9951 0.0988 -0.0056
vn -0.9916 0.1297 0.0015
vn -0.9936 0.1134 -0.0022
vn 0.9962 0.0872 0.0000
vn 0.9999 0.0149 0.0013
vn 0.9997 0.0229 0.0012
vn 0.9997 0.0238 0.0012
vn 0.9995 0.0330 0.0010
vn 0.9990 0.0442 0.0009
vn 0.9987 0.0515 0.0008
vn 0.9984 0.0572 0.0007
vn 0.9980 0.0627 0.0006
vn 0.9971 0.0764 0.0005
vn 0.9973 0.0728 0.0005
vn 1.0000 0.0001 0.0016
vn 0.9999 0.0147 0.0013
vn 0.9925 0.1225 0.0000
vn 0.9976 0.0693 0.0006
vn 0.9972 0.0735 -0.0122
vn 0.9768 0.2131 0.0205
vn 0.9936 0.1132 -0.0023
vn 0.9916 0.1297 0.0015
vn 0.9951 0.0988 -0.0056
vn 0.9954 0.0956 -0.0064
vn 0.9956 0.0932 -0.0070
vn 0.9957 0.0925 -0.0072
vn 0.9967 0.0808 -0.0102
vn 0.9978 0.0653 -0.0146
vn 0.9983 0.0559 -0.0177
vn 0.9988 0.0440 -0.0219
vn 0.9991 0.0338 -0.0257
vn 0.9992 0.0308 -0.0269
vn 0.9962 0.0872 -0.0038
vn 0.0000 0.9991 0.0428
vn 0.0000 0.9991 -0.0431
vn 0.0000 0.9991 0.0431
vn 0.0000 0.9917 -0.1284
vn 0.0000 0.9917 0.1284
vn 0.0000 0.9916 0.1293
vn 0.0000 0.9768 0.2140
vn 0.0000 0.9765 -0.2154
vn 0.0000 0.9536 -0.3011
vn 0.0000 0.9536 0.3011
vn 0.0000 0.9239 0.3826
vn 0.0000 0.9250 -0.3801
vn 0.0000 0.8857 0.4643
vn 0.0000 0.8857 -0.4643
vn 0.0000 0.8197 0.5727
vn 0.0000 0.8186 -0.5744
vn 0.0000 0.7071 0.7071
vn 0.0000 0.7071 -0.7071
vn -0.9987 0.0508 0.0001
vn -0.9990 -0.0458 -0.0001
vn 0.0000 0.5728 0.8197
vn 0.0000 0.5727 -0.8198
vn -0.9990 0.0437 0.0001
vn -0.9992 -0.0393 -0.0001
vn 0.0000 0.4615 0.8871
vn 0.0000 0.4674 -0.8841
vn -0.9995 0.0325 0.0001
vn -0.9995 -0.0325 -0.0001
vn -0.9997 0.0233 0.0000
vn 0.0000 0.3861 0.9224
vn 0.0000 0.3800 -0.9250
vn -0.9997 -0.0233 -0.0000
vn 0.0000 0.2992 0.9542
vn 0.0000 0.3011 -0.9536
vn -0.9997 0.0224 0.0000
vn 0.0000 0.3013 0.9535
vn 0.0000 0.2990 -0.9542
vn -0.9997 -0.0225 -0.0000
vn 0.0000 0.2140 -0.9768
vn 0.0000 0.2138 0.9769
vn 0.9999 -0.0147 0.0004
vn -0.9999 -0.0146 -0.0000
vn -0.9999 0.0147 0.0000
vn 0.0000 0.2153 0.9766
vn 0.9999 0.0148 -0.0002
vn 0.0000 0.2155 -0.9765
vn 0.0000 0.1293 0.9916
vn 1.0000 -0.0072 0.0001
vn 0.0000 0.1363 -0.9907
vn -0.9999 0.0145 0.0000
vn -0.9999 0.0145 -0.0002
vn 0.9999 0.0145 -0.0002
vn -1.0000 -0.0072 -0.0000
vn -1.0000 -0.0072 0.0001
vn -1.0000 0.0000 0.0000
vn 0.0000 0.0427 0.9991
vn 1.0000 0.0000 0.0000
vn 0.0000 0.0430 -0.9991
vn 0.9962 -0.0873 0.0000
vn 0.9962 -0.0873 0.0003
vn 0.9987 -0.0508 0.0001
vn 0.9990 -0.0439 0.0001
vn 0.9995 -0.0320 0.0001
vn 0.9997 -0.0235 0.0000
vn 0.9997 -0.0225 0.0000
vn 0.9999 -0.0146 0.0000
vn 0.9999 -0.0145 0.0000
vn 0.9999 -0.0145 -0.0002
vn 0.9962 -0.0873 -0.0026
vn 0.0000 -0.0433 -0.9991
vn 0.0000 -0.0431 0.9991
vn -0.9962 0.0870 0.0000
vn -0.9962 0.0870 0.0039
vn -0.9999 0.0147 0.0004
vn -1.0000 0.0072 0.0001
vn -1.0000 0.0001 -0.0017
vn -0.9962 -0.0873 0.0000
vn -1.0000 -0.0001 0.0016
vn -0.9962 -0.0873 -0.0038
vn -0.9999 -0.0147 -0.0002
vn -0.9999 -0.0145 -0.0002
vn 0.9962 0.0870 0.0000
vn 0.9962 0.0870 -0.0004
vn 0.9990 0.0458 -0.0001
vn 0.9992 0.0395 -0.0001
vn 0.9995 0.0320 -0.0001
vn 0.9997 0.0235 -0.0000
vn 0.9997 0.0225 -0.0000
vn 0.9999 0.0146 -0.0000
vn 1.0000 0.0072 -0.0000
vn 1.0000 0.0072 0.0001
vn 0.9962 0.0870 0.0027
vn 0.0000 -0.1363 -0.9907
vn 0.0000 -0.1293 0.9916
vn -1.0000 0.0074 -0.0015
vn -0.9999 -0.0147 0.0013
vn 0.0000 -0.2138 0.9769
vn 0.9992 0.0217 0.0327
vn 0.0000 -0.2140 -0.9768
vn -0.9999 -0.0149 0.0013
vn 0.9993 -0.0213 -0.0308
vn -0.9999 0.0149 -0.0014
vn 0.9991 0.0315 0.0284
vn 0.0000 -0.3011 -0.9536
vn -0.9997 0.0230 -0.0013
vn 0.0000 -0.3013 0.9535
vn -0.9992 -0.0310 -0.0268
vn -0.9997 -0.0229 0.0012
vn 0.9992 -0.0310 -0.0268
vn -0.9991 0.0315 0.0284
vn 0.0000 -0.3825 0.9240
vn 0.9990 0.0346 0.0271
vn 0.0000 -0.3825 -0.9240
vn -0.9997 -0.0239 0.0012
vn -0.9991 -0.0341 -0.0256
vn 0.9991 -0.0341 -0.0257
vn -0.9997 0.0239 -0.0012
vn -0.9990 0.0346 0.0271
vn 0.0000 -0.4613 0.8872
vn -0.9988 0.0441 0.0233
vn 0.0000 -0.4615 -0.8871
vn -0.9995 -0.0325 0.0010
vn 0.9988 -0.0435 -0.0221
vn -0.9988 -0.0435 -0.0221
vn 0.9988 0.0441 0.0233
vn -0.9995 0.0325 -0.0011
vn 0.0000 -0.5744 0.8185
vn 0.9984 0.0532 0.0197
vn 0.0000 -0.5744 -0.8186
vn -0.9990 -0.0444 0.0009
vn -0.9983 -0.0561 -0.0176
vn 0.9983 -0.0561 -0.0176
vn -0.9992 0.0401 -0.0010
vn -0.9984 0.0532 0.0197
vn 0.0000 -0.7071 0.7071
vn 0.9979 0.0621 0.0166
vn 0.0000 -0.7071 -0.7071
vn -0.9987 -0.0515 0.0008
vn -0.9978 -0.0653 -0.0146
vn 0.9978 -0.0653 -0.0146
vn -0.9989 0.0465 -0.0009
vn -0.9979 0.0621 0.0166
vn 0.9984 0.0572 -0.0008
vn 0.0000 -0.8197 0.5727
vn 0.9972 0.0741 0.0126
vn 0.0000 -0.8186 -0.5744
vn -0.9984 -0.0572 0.0007
vn -0.9972 -0.0735 -0.0122
vn 0.9984 -0.0572 0.0007
vn 0.9972 -0.0735 -0.0122
vn -0.9984 0.0572 -0.0008
vn -0.9972 0.0741 0.0126
vn 0.9980 0.0637 -0.0007
vn 0.0000 -0.8871 0.4616
vn 0.9966 0.0821 0.0102
vn 0.0000 -0.8886 -0.4586
vn -0.9980 -0.0636 0.0006
vn -0.9966 -0.0816 -0.0100
vn 0.9980 -0.0636 0.0006
vn 0.9966 -0.0816 -0.0100
vn -0.9980 0.0637 -0.0007
vn -0.9966 0.0821 0.0102
vn 0.9984 0.0573 -0.0008
vn 0.0000 -0.9225 0.3861
vn -0.9967 0.0808 0.0106
vn 0.0000 -0.9224 -0.3862
vn -0.9972 -0.0750 0.0005
vn 0.9958 -0.0915 -0.0074
vn -0.9958 -0.0915 -0.0074
vn 0.9972 -0.0750 0.0005
vn 0.9967 0.0808 0.0106
vn -0.9984 0.0574 -0.0008
vn 0.9973 0.0729 -0.0006
vn 0.0000 -0.9542 0.2991
vn 0.9956 0.0935 0.0070
vn 0.0000 -0.9542 -0.2991
vn -0.9973 -0.0729 0.0005
vn -0.9956 -0.0933 -0.0070
vn 0.9973 -0.0729 0.0005
vn 0.9956 -0.0933 -0.0070
vn -0.9973 0.0729 -0.0006
vn -0.9956 0.0935 0.0070
vn 0.9976 0.0694 -0.0006
vn 0.0000 -0.9765 0.2154
vn -0.9954 0.0956 0.0065
vn 0.0000 -0.9762 -0.2169
vn -0.9976 -0.0691 0.0006
vn 0.9954 -0.0955 -0.0065
vn -0.9954 -0.0955 -0.0065
vn 0.9976 -0.0692 0.0006
vn 0.9954 0.0956 0.0065
vn -0.8770 0.4718 -0.0914
vn -0.9929 0.1192 0.0000
vn 0.9982 0.0607 -0.0007
vn 0.0000 -0.9916 0.1293
vn 0.9951 0.0987 0.0057
vn 0.0000 -0.9916 -0.1293
vn -0.9764 -0.2148 0.0209
vn -0.9925 -0.1225 0.0000
vn -0.9951 -0.0987 -0.0057
vn 0.9982 -0.0605 0.0007
vn 0.9951 -0.0987 -0.0057
vn -0.9818 0.1889 -0.0175
vn -0.9951 0.0987 0.0057
vn 0.9887 0.1497 -0.0075
vn 0.9927 0.1203 0.0000
vn 0.0000 -0.9988 0.0499
vn -0.9949 0.1008 0.0050
vn 0.0000 -0.9988 -0.0499
vn -0.9930 -0.1179 -0.0012
vn 0.9920 -0.1263 0.0008
vn -0.9920 -0.1263 0.0008
vn 0.9930 -0.1178 -0.0012
vn 0.9924 -0.1231 0.0000
vn 0.9949 0.1009 0.0050
vn -0.9887 0.1498 -0.0075
vn -0.9660 -0.2587 0.0000
vn 0.9660 -0.2587 0.0000
vn 0.9659 0.2590 0.0000
vn -0.9659 0.2590 0.0000
vn -0.9062 -0.4228 0.0000
vn 0.9062 -0.4228 0.0000
vn 0.9063 0.4226 0.0000
vn -0.9063 0.4226 0.0000
vn -0.7072 -0.7070 0.0000
vn 0.7072 -0.7070 0.0000
vn 0.7071 0.7071 0.0000
vn -0.7071 0.7071 0.0000
vn -0.5735 -0.8192 0.0000
vn -0.5922 -0.8058 0.0001
vn -0.5642 -0.8256 0.0005
vn -0.5509 -0.8345 0.0007
vn -0.5643 -0.8256 0.0005
vn -0.5557 -0.8314 0.0006
vn -0.5498 -0.8353 0.0007
vn -0.5735 -0.8192 0.0003
vn -0.6024 -0.7982 0.0000
vn -0.5139 -0.8572 -0.0328
vn -0.5735 -0.8192 -0.0026
vn -0.5298 -0.8477 -0.0252
vn -0.5290 -0.8483 -0.0256
vn -0.5410 -0.8408 -0.0203
vn -0.5452 -0.8381 -0.0185
vn -0.5543 -0.8322 -0.0150
vn -0.5630 -0.8264 -0.0119
vn -0.5699 -0.8217 -0.0097
vn -0.5778 -0.8162 -0.0072
vn -0.5723 -0.8200 -0.0088
vn -0.5831 -0.8124 -0.0056
vn -0.5984 -0.8012 -0.0011
vn -0.5893 -0.8079 -0.0038
vn -0.6217 -0.7833 0.0055
vn 0.5735 -0.8192 0.0000
vn 0.5105 -0.8599 0.0014
vn 0.5215 -0.8533 0.0011
vn 0.5206 -0.8538 0.0012
vn 0.5326 -0.8464 0.0010
vn 0.5349 -0.8449 0.0009
vn 0.5425 -0.8401 0.0008
vn 0.5498 -0.8353 0.0007
vn 0.5556 -0.8314 0.0006
vn 0.5643 -0.8256 0.0005
vn 0.5667 -0.8239 0.0005
vn 0.5039 -0.8638 0.0015
vn 0.5125 -0.8587 0.0013
vn 0.6023 -0.7983 0.0000
vn 0.5421 -0.8403 0.0008
vn 0.5630 -0.8264 -0.0119
vn 0.6215 -0.7834 0.0054
vn 0.6180 -0.7861 0.0045
vn 0.5893 -0.8079 -0.0038
vn 0.5984 -0.8012 -0.0011
vn 0.5831 -0.8124 -0.0056
vn 0.5723 -0.8200 -0.0088
vn 0.5778 -0.8162 -0.0072
vn 0.5699 -0.8217 -0.0097
vn 0.5543 -0.8322 -0.0150
vn 0.5452 -0.8381 -0.0185
vn 0.5410 -0.8408 -0.0203
vn 0.5290 -0.8483 -0.0256
vn 0.5298 -0.8477 -0.0252
vn 0.5736 -0.8191 -0.0038
vn 0.5039 0.8637 -0.0016
vn 0.5094 0.8605 -0.0015
vn 0.5137 0.8580 -0.0014
vn 0.5127 0.8586 -0.0014
vn 0.5262 0.8503 -0.0011
vn 0.5269 0.8500 -0.0011
vn 0.5329 0.8461 -0.0010
vn 0.5390 0.8423 -0.0009
vn 0.5498 0.8353 -0.0007
vn 0.5557 0.8314 -0.0006
vn 0.5434 0.8395 -0.0008
vn 0.5511 0.8345 -0.0007
vn 0.6001 0.7999 0.0000
vn 0.5636 0.8260 0.0124
vn 0.8240 0.5607 -0.0811
vn 0.6473 0.7621 -0.0150
vn 0.5955 0.8033 0.0017
vn 0.6045 0.7966 -0.0012
vn 0.5856 0.8106 0.0049
vn 0.5762 0.8173 0.0080
vn 0.5790 0.8153 0.0070
vn 0.5652 0.8249 0.0117
vn 0.5704 0.8213 0.0099
vn 0.5522 0.8335 0.0169
vn 0.5442 0.8387 0.0203
vn 0.5368 0.8434 0.0237
vn 0.5343 0.8449 0.0248
vn 0.5255 0.8503 0.0292
vn 0.5736 0.8191 0.0039
vn -0.5736 0.8191 0.0000
vn -0.5423 0.8402 -0.0008
vn -0.5668 0.8239 -0.0005
vn -0.5560 0.8312 -0.0006
vn -0.5452 0.8383 -0.0008
vn -0.5498 0.8353 -0.0007
vn -0.5736 0.8191 -0.0004
vn -0.6009 0.7993 0.0000
vn -0.5587 0.8294 -0.0006
vn -0.5736 0.8191 0.0026
vn -0.5143 0.8569 0.0349
vn -0.5255 0.8503 0.0292
vn -0.5343 0.8449 0.0248
vn -0.5368 0.8434 0.0237
vn -0.5442 0.8387 0.0203
vn -0.5522 0.8335 0.0169
vn -0.5636 0.8260 0.0124
vn -0.5704 0.8213 0.0099
vn -0.5652 0.8249 0.0117
vn -0.5790 0.8153 0.0070
vn -0.5762 0.8173 0.0080
vn -0.5856 0.8106 0.0049
vn -0.6045 0.7966 -0.0012
vn -0.5954 0.8034 0.0017
vn -0.8652 0.4997 0.0419
vn -0.8650 0.4997 -0.0455
vn -0.8654 0.4994 -0.0419
vn 0.8652 0.4997 -0.0419
vn 0.8650 0.4998 0.0452
vn 0.8653 0.4996 0.0416
vn -0.8586 0.4954 0.1318
vn -0.8651 0.4995 0.0455
vn -0.8588 0.4959 -0.1284
vn -0.8583 0.4959 -0.1319
vn 0.8585 0.4956 -0.1319
vn 0.8651 0.4995 -0.0455
vn 0.8587 0.4959 0.1293
vn 0.8584 0.4955 0.1327
vn -0.8456 0.4886 0.2150
vn -0.8587 0.4962 0.1284
vn -0.8443 0.4876 -0.2223
vn -0.8457 0.4878 -0.2164
vn 0.8461 0.4886 0.2130
vn 0.8459 0.4889 0.2131
vn 0.8453 0.4884 -0.2165
vn 0.8587 0.4961 -0.1284
vn 0.8259 0.4768 0.3010
vn 0.8256 0.4772 0.3013
vn -0.8261 0.4772 0.2999
vn -0.8458 0.4884 0.2149
vn -0.8278 0.4777 -0.2943
vn -0.8260 0.4773 -0.2999
vn 0.8264 0.4767 -0.2998
vn 0.8447 0.4869 -0.2222
vn -0.7998 0.4620 0.3832
vn -0.8260 0.4773 0.2999
vn -0.7999 0.4620 -0.3829
vn -0.8007 0.4625 -0.3808
vn 0.7990 0.4613 0.3858
vn 0.8010 0.4621 0.3806
vn 0.8008 0.4624 -0.3806
vn 0.8274 0.4783 -0.2944
vn 0.7677 0.4431 -0.4629
vn 0.7999 0.4620 -0.3831
vn -0.7675 0.4433 -0.4631
vn -0.7676 0.4432 0.4630
vn -0.7991 0.4614 0.3855
vn 0.7677 0.4429 0.4631
vn 0.7663 0.4424 0.4659
vn -0.7098 0.4098 0.5729
vn -0.7098 0.4099 0.5729
vn -0.7677 0.4432 0.4629
vn -0.7090 0.4092 -0.5744
vn 0.7099 0.4098 0.5728
vn 0.7088 0.4093 -0.5745
vn 0.7677 0.4432 -0.4629
vn -0.5419 -0.8405 0.0001
vn -0.6118 0.3535 0.7076
vn -0.6127 0.3538 0.7067
vn -0.7087 0.4093 -0.5746
vn -0.6119 0.3533 -0.7076
vn 0.7098 0.4099 0.5729
vn 0.6119 0.3533 0.7076
vn 0.6118 0.3535 -0.7076
vn 0.6127 0.3538 -0.7067
vn -0.5344 -0.8453 0.0001
vn -0.4973 0.2870 0.8188
vn -0.4961 0.2865 0.8197
vn -0.6126 0.3540 -0.7067
vn -0.4971 0.2872 -0.8188
vn 0.6126 0.3540 0.7067
vn 0.4973 0.2872 0.8186
vn 0.4972 0.2870 -0.8188
vn 0.4959 0.2865 -0.8198
vn -0.5322 -0.8466 0.0001
vn -0.4022 0.2321 0.8856
vn -0.4960 0.2862 -0.8198
vn -0.4039 0.2329 -0.8847
vn -0.4023 0.2323 -0.8855
vn 0.4960 0.2863 0.8198
vn 0.4035 0.2329 0.8849
vn 0.4023 0.2322 0.8855
vn 0.4024 0.2322 -0.8855
vn 0.3295 0.1903 -0.9248
vn 0.4036 0.2331 -0.8847
vn -0.3285 0.1897 -0.9253
vn -0.3299 0.1902 -0.9246
vn -0.5202 -0.8540 0.0000
vn -0.3294 0.1903 0.9248
vn -0.4036 0.2330 0.8848
vn 0.3281 0.1897 0.9254
vn 0.3295 0.1902 0.9248
vn -0.5178 -0.8555 0.0000
vn -0.2604 0.1503 0.9537
vn -0.3284 0.1896 0.9253
vn -0.2607 0.1502 -0.9537
vn -0.2590 0.1498 -0.9542
vn 0.2616 0.1508 0.9533
vn 0.2620 0.1512 0.9532
vn 0.2594 0.1497 -0.9541
vn 0.3288 0.1895 -0.9252
vn 0.1860 0.1073 0.9767
vn 0.1848 0.1068 0.9770
vn -0.5134 -0.8581 0.0000
vn -0.1858 0.1074 0.9767
vn -0.2617 0.1509 0.9533
vn 0.5080 -0.8614 0.0000
vn 0.1869 0.1079 -0.9764
vn 0.2603 0.1503 -0.9537
vn -0.1866 0.1079 -0.9765
vn -0.1871 0.1079 -0.9764
vn -0.5124 -0.8588 0.0000
vn -0.1116 0.0644 0.9917
vn -0.1859 0.1074 0.9767
vn -0.5124 -0.8588 -0.0002
vn -0.1179 0.0681 -0.9907
vn -0.1175 0.0679 -0.9907
vn 0.1113 0.0644 0.9917
vn 0.1118 0.0644 0.9916
vn 0.5156 -0.8568 -0.0003
vn 0.1183 0.0683 -0.9906
vn 0.1866 0.1079 -0.9765
vn 0.0372 0.0215 -0.9991
vn 0.1180 0.0681 -0.9907
vn -0.5008 -0.8656 0.0000
vn -0.0366 0.0215 -0.9991
vn -0.0377 0.0215 -0.9991
vn 0.0372 0.0214 0.9991
vn 0.0374 0.0215 0.9991
vn -0.0372 0.0214 0.9991
vn -0.1106 0.0640 0.9918
vn -0.4984 -0.8669 0.0015
vn 0.0372 -0.0216 0.9991
vn -0.0374 0.0215 0.9991
vn 0.0373 -0.0216 -0.9991
vn 0.0372 -0.0215 -0.9991
vn -0.4226 -0.9063 -0.0038
vn -0.4850 -0.8745 -0.0003
vn -0.4874 -0.8732 -0.0003
vn 0.4225 -0.9064 0.0000
vn 0.4225 -0.9064 0.0003
vn 0.4511 -0.8925 0.0002
vn 0.4662 -0.8847 0.0001
vn 0.4697 -0.8828 0.0001
vn 0.4750 -0.8800 0.0000
vn 0.4799 -0.8773 0.0000
vn 0.4906 -0.8714 0.0000
vn 0.4899 -0.8718 0.0000
vn -0.0376 -0.0216 0.9991
vn -0.0373 -0.0215 0.9991
vn 0.4923 -0.8704 0.0000
vn -0.0374 -0.0214 -0.9991
vn 0.0371 0.0214 -0.9991
vn 0.4225 -0.9064 -0.0026
vn -0.1111 -0.0643 0.9917
vn -0.1116 -0.0643 0.9917
vn -0.4898 -0.8719 0.0014
vn 0.1114 -0.0643 0.9917
vn 0.0379 -0.0215 0.9991
vn -0.1178 -0.0682 -0.9907
vn -0.0379 -0.0216 -0.9990
vn 0.1180 -0.0682 -0.9907
vn 0.1184 -0.0684 -0.9906
vn -0.4873 -0.8733 0.0013
vn 0.1848 -0.1066 0.9770
vn 0.1118 -0.0647 0.9916
vn 0.1863 -0.1077 -0.9766
vn 0.1868 -0.1077 -0.9765
vn -0.1857 -0.1072 0.9767
vn -0.1862 -0.1072 0.9767
vn 0.4790 -0.8773 -0.0297
vn -0.1862 -0.1077 -0.9766
vn -0.1180 -0.0682 -0.9907
vn 0.4775 -0.8782 -0.0290
vn -0.2594 -0.1497 -0.9541
vn -0.1868 -0.1077 -0.9765
vn -0.4775 -0.8782 -0.0290
vn 0.2593 -0.1497 -0.9541
vn -0.2607 -0.1503 0.9537
vn -0.2602 -0.1503 0.9538
vn -0.4827 -0.8758 0.0012
vn 0.2618 -0.1512 0.9532
vn 0.1845 -0.1066 0.9770
vn -0.4747 -0.8802 0.0011
vn 0.3303 -0.1908 0.9244
vn 0.2622 -0.1512 0.9531
vn -0.4634 -0.8858 -0.0228
vn 0.3275 -0.1891 -0.9257
vn 0.3289 -0.1896 -0.9251
vn -0.3305 -0.1908 0.9243
vn 0.4635 -0.8858 -0.0228
vn -0.3285 -0.1897 -0.9253
vn -0.4660 -0.8848 0.0009
vn 0.4015 -0.2318 0.8860
vn 0.3305 -0.1908 0.9243
vn -0.4024 -0.2323 0.8855
vn -0.4035 -0.2329 0.8848
vn 0.4625 -0.8863 -0.0224
vn -0.4057 -0.2345 -0.8834
vn -0.3296 -0.1902 -0.9247
vn -0.4597 -0.8878 -0.0212
vn 0.4062 -0.2343 -0.8832
vn 0.4034 -0.2333 -0.8848
vn -0.4675 -0.8840 0.0010
vn 0.4970 -0.2867 0.8190
vn 0.4954 -0.2863 0.8201
vn 0.4022 -0.2324 0.8856
vn -0.4558 -0.8899 -0.0196
vn 0.4967 -0.2870 -0.8191
vn -0.4956 -0.2860 0.8201
vn 0.4544 -0.8906 -0.0191
vn -0.4956 -0.2860 -0.8201
vn -0.4040 -0.2330 -0.8846
vn -0.4506 -0.8927 0.0007
vn 0.6125 -0.3536 0.7070
vn 0.6131 -0.3538 0.7064
vn -0.4391 -0.8983 -0.0135
vn 0.4956 -0.2860 -0.8201
vn 0.6125 -0.3535 -0.7070
vn -0.4958 -0.2860 0.8200
vn -0.6125 -0.3535 0.7070
vn 0.4391 -0.8983 -0.0135
vn -0.6126 -0.3536 -0.7069
vn -0.6131 -0.3538 -0.7064
vn -0.4488 -0.8936 0.0007
vn 0.7093 -0.4096 0.5736
vn 0.7104 -0.4097 0.5723
vn -0.4344 -0.9006 -0.0120
vn 0.6130 -0.3540 -0.7063
vn 0.7091 -0.4094 -0.5740
vn 0.4488 -0.8936 0.0007
vn -0.6130 -0.3540 0.7063
vn -0.7101 -0.4101 0.5724
vn 0.4344 -0.9006 -0.0120
vn -0.7093 -0.4092 -0.5740
vn -0.7084 -0.4090 -0.5752
vn -0.4461 -0.8950 0.0007
vn 0.7664 -0.4423 0.4658
vn -0.4292 -0.9032 -0.0104
vn 0.7085 -0.4088 -0.5752
vn 0.4461 -0.8950 0.0007
vn -0.7096 -0.4093 0.5735
vn -0.7679 -0.4430 0.4627
vn -0.7677 -0.4432 0.4629
vn 0.4292 -0.9031 -0.0104
vn -0.7679 -0.4430 -0.4627
vn -0.4458 -0.8951 0.0007
vn 0.7997 -0.4619 0.3836
vn 0.4458 -0.8951 0.0007
vn -0.8003 -0.4614 0.3829
vn -0.7989 -0.4612 0.3861
vn 0.4264 -0.9045 -0.0096
vn -0.8000 -0.4615 -0.3835
vn -0.4264 -0.9045 -0.0096
vn 0.8009 -0.4623 -0.3806
vn 0.7999 -0.4617 -0.3835
vn -0.4268 -0.9043 0.0004
vn 0.8265 -0.4773 0.2985
vn 0.8000 -0.4616 0.3833
vn -0.4119 -0.9112 -0.0056
vn 0.8266 -0.4773 -0.2982
vn 0.8258 -0.4772 -0.3006
vn 0.4268 -0.9043 0.0004
vn -0.8266 -0.4773 0.2982
vn -0.8258 -0.4772 0.3006
vn 0.4119 -0.9112 -0.0056
vn -0.8260 -0.4769 -0.3005
vn -0.8008 -0.4625 -0.3806
vn -0.4113 -0.9115 -0.0055
vn 0.8458 -0.4885 -0.2146
vn 0.4112 -0.9115 -0.0055
vn -0.8459 -0.4883 -0.2145
vn -0.8265 -0.4775 -0.2982
vn 0.4319 -0.9019 0.0005
vn -0.8460 -0.4888 0.2132
vn -0.8461 -0.4886 0.2131
vn -0.4319 -0.9019 0.0005
vn 0.8456 -0.4887 0.2147
vn 0.8272 -0.4776 0.2960
vn -0.5383 0.8428 -0.0001
vn -0.3099 -0.9506 0.0192
vn -0.3902 -0.9207 0.0000
vn 0.8588 -0.4960 0.1283
vn 0.8458 -0.4885 0.2146
vn -0.4033 -0.9151 -0.0034
vn 0.8581 -0.4958 -0.1335
vn 0.4232 -0.9060 0.0004
vn -0.8581 -0.4959 0.1335
vn -0.8582 -0.4956 0.1334
vn 0.4032 -0.9151 -0.0034
vn -0.8581 -0.4959 -0.1335
vn -0.8456 -0.4887 -0.2147
vn -0.3741 -0.9274 0.0038
vn 0.8652 -0.4991 0.0478
vn 0.8582 -0.4953 0.1345
vn -0.4094 -0.9123 -0.0049
vn 0.4094 -0.9123 -0.0049
vn -0.8652 -0.4998 -0.0419
vn -0.8581 -0.4958 -0.1335
vn 0.3604 -0.9328 0.0071
vn 0.3899 -0.9209 0.0000
vn -0.8651 -0.4998 0.0419
vn -0.8652 -0.4996 0.0419
vn 0.8651 -0.4998 0.0416
vn -0.5324 0.8465 -0.0001
vn -0.5264 0.8503 -0.0001
vn -0.5258 0.8506 -0.0000
vn -0.5123 0.8588 -0.0000
vn -0.5134 0.8581 -0.0000
vn 0.5080 0.8614 0.0001
vn 0.5070 0.8619 0.0000
vn -0.5124 0.8588 -0.0000
vn -0.5070 0.8619 0.0000
vn -0.5061 0.8625 0.0000
vn 0.5061 0.8625 0.0000
vn 0.4226 0.9063 -0.0003
vn 0.4572 0.8893 -0.0001
vn 0.4662 0.8847 -0.0001
vn 0.4760 0.8794 -0.0000
vn 0.4750 0.8800 -0.0000
vn 0.4831 0.8756 -0.0000
vn 0.4875 0.8731 -0.0000
vn 0.4954 0.8687 0.0000
vn 0.4226 0.9063 0.0027
vn -0.4984 0.8669 -0.0016
vn -0.4226 0.9063 0.0038
vn -0.4849 0.8745 0.0003
vn -0.4898 0.8719 -0.0015
vn 0.4786 0.8775 0.0316
vn -0.4903 0.8715 -0.0015
vn -0.4770 0.8784 0.0308
vn 0.4770 0.8784 0.0308
vn -0.4796 0.8775 -0.0013
vn -0.2589 -0.9659 0.0000
vn 0.2589 -0.9659 0.0000
vn 0.4680 0.8833 0.0265
vn -0.4746 0.8802 -0.0012
vn -0.4708 0.8818 0.0278
vn -0.4755 0.8797 -0.0012
vn -0.4592 0.8881 0.0224
vn 0.4619 0.8866 0.0236
vn 0.4538 0.8909 0.0201
vn -0.4657 0.8850 -0.0010
vn -0.4538 0.8909 0.0201
vn 0.4431 0.8963 0.0158
vn -0.4566 0.8897 -0.0009
vn -0.4431 0.8963 0.0158
vn 0.4536 0.8912 -0.0008
vn 0.4372 0.8992 0.0137
vn -0.4536 0.8912 -0.0008
vn -0.4372 0.8992 0.0137
vn 0.4338 0.9010 -0.0005
vn 0.4287 0.9034 0.0108
vn -0.4460 0.8950 -0.0007
vn -0.4286 0.9034 0.0108
vn 0.4457 0.8952 -0.0007
vn -0.4310 0.9023 -0.0005
vn -0.4167 0.9090 0.0070
vn 0.4167 0.9090 0.0070
vn 0.4544 0.8908 -0.0008
vn 0.4274 0.9040 0.0103
vn -0.4545 0.8908 -0.0008
vn -0.4273 0.9040 0.0103
vn 0.4113 0.9115 0.0055
vn -0.4113 0.9115 0.0055
vn -0.1048 0.9918 -0.0735
vn -0.3929 0.9196 0.0000
vn 0.4318 0.9020 -0.0005
vn 0.4231 0.9061 -0.0004
vn 0.4037 0.9149 0.0033
vn -0.3530 0.9356 -0.0107
vn -0.4038 0.9148 0.0033
vn 0.3671 0.9302 -0.0068
vn 0.3922 0.9199 0.0000
vn 0.4097 0.9122 0.0049
vn -0.4096 0.9122 0.0049
vn -0.3670 0.9302 -0.0069
vn -0.0670 -0.9977 0.0033
vn -0.4655 -0.8848 -0.0201
vn -0.0701 -0.9975 0.0030
vn -0.1142 -0.9935 0.0005
vn -0.0762 -0.9971 0.0027
vn -0.0808 -0.9967 0.0024
vn -0.0637 -0.9980 0.0035
vn -0.0685 -0.9976 0.0032
vn -0.0779 -0.9969 0.0109
vn -0.1261 -0.9920 -0.0008
vn -0.1515 -0.9884 -0.0065
vn -0.1035 -0.9946 0.0045
vn -0.1183 -0.9930 0.0010
vn -0.0940 -0.9955 0.0068
vn -0.0945 -0.9955 0.0067
vn -0.0800 -0.9967 0.0103
vn -0.0815 -0.9966 0.0099
vn -0.0651 -0.9978 0.0147
vn -0.0526 -0.9984 0.0188
vn -0.0436 -0.9988 0.0220
vn -0.0406 -0.9989 0.0231
vn -0.0308 -0.9992 0.0269
vn -0.0870 -0.9962 0.0039
vn -0.1227 -0.9924 0.0000
vn -0.0230 -0.9997 -0.0014
vn -0.0150 -0.9999 -0.0015
vn -0.0870 -0.9962 0.0000
vn -0.0001 -1.0000 -0.0018
vn -0.0075 -1.0000 -0.0017
vn -0.0313 -0.9995 -0.0012
vn -0.0331 -0.9995 -0.0012
vn -0.0402 -0.9992 -0.0011
vn -0.0513 -0.9987 -0.0009
vn -0.0634 -0.9980 -0.0007
vn -0.0638 -0.9980 -0.0007
vn -0.0574 -0.9984 -0.0008
vn -0.0749 -0.9972 -0.0006
vn -0.0674 -0.9977 -0.0007
vn -0.1115 -0.9938 -0.0001
vn 0.0436 -0.9988 0.0220
vn 0.0406 -0.9989 0.0231
vn 0.0870 -0.9962 0.0028
vn 0.0215 -0.9993 0.0307
vn 0.0310 -0.9992 0.0268
vn 0.0526 -0.9984 0.0188
vn 0.0651 -0.9978 0.0147
vn 0.0779 -0.9969 0.0109
vn 0.0814 -0.9966 0.0100
vn 0.0802 -0.9967 0.0103
vn 0.0932 -0.9956 0.0070
vn 0.0956 -0.9954 0.0064
vn 0.1183 -0.9930 0.0010
vn 0.1036 -0.9946 0.0044
vn 0.1227 -0.9924 0.0000
vn 0.1512 -0.9885 -0.0065
vn 0.1114 -0.9938 -0.0001
vn 0.0670 -0.9978 -0.0006
vn 0.0746 -0.9972 -0.0005
vn 0.0572 -0.9984 -0.0007
vn 0.0636 -0.9980 -0.0006
vn 0.1115 -0.9938 -0.0001
vn 0.0272 -0.9996 -0.0012
vn 0.2095 -0.9778 0.0011
vn 0.0674 -0.9977 -0.0007
vn 0.0748 -0.9972 -0.0006
vn 0.0574 -0.9984 -0.0008
vn 0.0638 -0.9980 -0.0007
vn 0.0634 -0.9980 -0.0007
vn 0.0870 -0.9962 -0.0004
vn 0.0870 -0.9962 0.0000
vn 0.9991 0.0000 -0.0428
vn 0.0624 -0.9981 -0.0000
vn -0.0276 -0.9996 -0.0012
vn -0.9917 0.0001 0.1284
vn -0.1154 -0.9933 -0.0006
vn 0.9916 -0.0001 -0.1293
vn 0.1153 -0.9933 0.0006
vn -0.0645 -0.9979 -0.0000
vn -0.9753 0.0005 -0.2207
vn -0.9750 0.0006 -0.2223
vn 0.9753 0.0000 -0.2207
vn 0.0668 -0.9978 0.0000
vn 0.0715 -0.9974 0.0001
vn -0.0733 -0.9973 -0.0001
vn -0.9536 0.0004 -0.3011
vn -0.9550 0.0000 -0.2966
vn -0.9536 0.0006 -0.3011
vn -0.9556 0.0000 -0.2946
vn 0.9550 -0.0002 -0.2966
vn 0.9750 -0.0001 -0.2222
vn -0.0554 -0.9985 0.0001
vn -0.9224 0.0002 -0.3861
vn 0.9235 -0.0002 0.3836
vn 0.0553 -0.9985 -0.0001
vn 0.9224 0.0000 0.3862
vn 0.9224 0.0000 -0.3862
vn -0.0624 -0.9981 0.0000
vn -0.8871 0.0003 -0.4616
vn -0.8886 0.0000 -0.4586
vn -0.8886 0.0000 -0.4587
vn -0.9224 0.0000 0.3862
vn 0.8886 -0.0003 0.4586
vn 0.8871 0.0000 0.4616
vn 0.0506 -0.9987 -0.0002
vn 0.0394 -0.9992 0.0000
vn 0.0395 -0.9992 -0.0001
vn 0.5744 0.0000 -0.8185
vn -0.0325 -0.9995 0.0000
vn -0.0322 -0.9995 0.0000
vn -0.5744 0.0000 -0.8185
vn -0.4616 -0.0003 -0.8871
vn 0.4586 0.0003 0.8886
vn 0.0325 -0.9995 0.0000
vn 0.0322 -0.9995 0.0000
vn 0.4587 0.0003 0.8886
vn 0.0325 -0.9995 -0.0001
vn 0.3775 0.0000 -0.9260
vn 0.0308 -0.9995 -0.0001
vn 0.3776 0.0000 -0.9260
vn -0.3801 -0.0002 -0.9249
vn -0.3774 0.0000 -0.9260
vn -0.3861 0.0002 0.9224
vn -0.4616 0.0003 0.8871
vn -0.3861 0.0000 0.9225
vn 0.3836 0.0002 0.9235
vn 0.3861 0.0000 0.9224
vn 0.0310 -0.9995 0.0000
vn -0.2946 0.0000 0.9556
vn -0.3836 0.0000 0.9235
vn -0.0225 -0.9997 0.0000
vn -0.0072 -1.0000 0.0001
vn -0.0226 -0.9997 -0.0001
vn -0.3076 -0.0004 -0.9515
vn -0.3861 0.0000 0.9224
vn -0.3077 -0.0004 -0.9515
vn 0.2966 0.0004 0.9550
vn 0.0226 -0.9997 -0.0001
vn 0.0072 -1.0000 0.0001
vn 0.0227 -0.9997 0.0000
vn 0.3076 0.0000 -0.9515
vn 0.2966 0.0000 0.9550
vn 0.0226 -0.9997 -0.0000
vn 0.2154 0.0005 0.9765
vn -0.0148 -0.9999 0.0004
vn -0.2222 0.0006 0.9750
vn -0.3011 0.0006 0.9536
vn -0.2223 0.0006 0.9750
vn -0.2207 -0.0005 -0.9753
vn -0.2154 0.0000 -0.9765
vn 0.2154 -0.0006 -0.9765
vn 0.3011 -0.0006 -0.9536
vn 0.3012 -0.0006 -0.9536
vn -0.1284 0.0000 0.9917
vn -0.2154 0.0000 0.9765
vn -0.0072 -1.0000 -0.0000
vn 0.1284 0.0001 0.9917
vn 0.0072 -1.0000 -0.0000
vn 0.2222 0.0000 -0.9750
vn 0.2223 0.0000 -0.9750
vn 0.0428 0.0000 -0.9991
vn -0.0431 0.0000 0.9991
vn -0.1293 0.0001 0.9916
vn 0.0431 0.0000 0.9991
vn -0.0428 0.0000 0.9991
vn 0.2588 0.9659 0.0000
vn -0.2588 0.9659 0.0000
vn 0.0409 0.9989 -0.0246
vn 0.0378 0.9990 -0.0258
vn 0.0533 0.9984 -0.0198
vn 0.0872 0.9962 -0.0026
vn 0.0219 0.9992 -0.0327
vn 0.0249 0.9992 -0.0313
vn 0.0658 0.9977 -0.0154
vn 0.0699 0.9975 -0.0140
vn 0.0823 0.9966 -0.0103
vn 0.0918 0.9958 -0.0075
vn 0.0820 0.9966 -0.0103
vn 0.0944 0.9955 -0.0069
vn 0.0989 0.9951 -0.0057
vn 0.1270 0.9919 0.0016
vn 0.1115 0.9938 -0.0023
vn 0.0560 0.9984 -0.0043
vn 0.1241 0.9923 0.0009
vn 0.0689 0.9976 -0.0034
vn 0.0800 0.9968 -0.0026
vn 0.0612 0.9981 -0.0039
vn 0.0768 0.9970 -0.0028
vn 0.0771 0.9970 -0.0028
vn 0.1385 0.9904 0.0011
vn 0.1206 0.9927 0.0000
vn 0.0616 0.9981 0.0008
vn 0.1541 0.9881 -0.0005
vn 0.0697 0.9976 0.0007
vn 0.0506 0.9987 0.0010
vn 0.0753 0.9972 0.0006
vn 0.0639 0.9980 0.0008
vn 0.0513 0.9987 0.0010
vn 0.0872 0.9962 0.0004
vn 0.0872 0.9962 0.0000
vn -0.1888 0.9819 0.0174
vn -0.1115 0.9938 -0.0023
vn -0.1270 0.9919 0.0016
vn -0.0989 0.9951 -0.0057
vn -0.0959 0.9954 -0.0065
vn -0.0810 0.9967 -0.0106
vn -0.0918 0.9958 -0.0075
vn -0.0823 0.9966 -0.0103
vn -0.0699 0.9975 -0.0140
vn -0.0658 0.9977 -0.0154
vn -0.0533 0.9984 -0.0198
vn -0.0378 0.9990 -0.0258
vn -0.0409 0.9989 -0.0246
vn -0.0249 0.9992 -0.0313
vn -0.0872 0.9962 -0.0038
vn -0.1196 0.9928 0.0000
vn -0.5875 0.7999 0.1221
vn -0.0872 0.9962 0.0000
vn -0.0001 1.0000 0.0020
vn -0.0147 0.9999 0.0016
vn -0.0151 0.9999 0.0016
vn -0.0155 0.9999 0.0016
vn -0.0313 0.9995 0.0013
vn -0.0251 0.9997 0.0014
vn -0.0402 0.9992 0.0012
vn -0.0514 0.9987 0.0010
vn -0.0513 0.9987 0.0010
vn -0.0676 0.9977 0.0007
vn -0.0616 0.9981 0.0008
vn -0.1541 0.9881 -0.0005
vn -0.0639 0.9980 0.0008
vn -0.0753 0.9972 0.0006
vn -0.0518 0.9987 0.0010
vn -0.0511 0.9987 0.0008
vn -0.8080 0.5891 -0.0100
vn -0.0637 0.9980 0.0007
vn -0.0751 0.9972 0.0005
vn -0.0514 0.9987 0.0008
vn -0.2085 0.9780 -0.0019
vn 0.0552 0.9985 -0.0000
vn -0.0552 0.9985 0.0000
vn -0.0671 0.9977 -0.0001
vn -0.0473 0.9989 0.0001
vn 0.0499 0.9988 0.0000
vn -0.0499 0.9988 0.0000
vn 0.0504 0.9987 0.0000
vn 0.0506 0.9987 0.0002
vn -0.0504 0.9987 0.0000
vn 0.0394 0.9992 0.0000
vn 0.0395 0.9992 0.0001
vn -0.0394 0.9992 0.0000
vn 0.0244 0.9997 0.0000
vn 0.0308 0.9995 -0.0000
vn 0.0242 0.9997 0.0000
vn -0.0244 0.9997 0.0000
vn -0.0308 0.9995 -0.0000
vn 0.0310 0.9995 0.0001
vn 0.0310 0.9995 0.0000
vn 0.0151 0.9999 0.0000
vn 0.0145 0.9999 -0.0000
vn 0.0147 0.9999 -0.0000
vn 0.0150 0.9999 0.0000
vn -0.0151 0.9999 0.0000
vn -0.0146 0.9999 -0.0000
vn -0.0145 0.9999 -0.0000
vn -0.0150 0.9999 0.0000
vn -0.0148 0.9999 -0.0002
vn 0.0146 0.9999 0.0000
vn -0.0147 0.9999 0.0000
vn 0.0145 0.9999 -0.0002
vn -0.0145 0.9999 -0.0002
vn 0.0000 1.0000 0.0000
usemtl Roll_Arm_Housingmat
s off
f 1//1 2//1 3//1
f 4//2 1//2 3//2
f 5//3 4//3 3//3
f 6//4 5//4 3//4
f 2//5 6//5 3//5
f 7//6 8//6 1//6
f 8//7 2//7 1//7
f 4//8 9//8 1//8
f 9//9 10//9 1//9
f 10//10 7//10 1//10
f 11//11 6//11 2//11
f 8//12 11//12 2//12
f 7//13 12//13 8//13
f 12//14 11//14 8//14
f 5//15 13//15 4//15
f 13//16 14//16 4//16
f 14//17 15//17 4//17
f 15//18 9//18 4//18
f 16//19 13//19 5//19
f 6//20 16//20 5//20
f 17//21 14//21 13//21
f 16//22 17//22 13//22
f 18//23 19//23 7//23
f 19//24 12//24 7//24
f 10//25 20//25 7//25
f 20//26 18//26 7//26
f 21//27 11//27 12//27
f 19//28 21//28 12//28
f 18//29 22//29 19//29
f 22//30 21//30 19//30
f 23//31 24//31 14//31
f 17//21 23//21 14//21
f 24//32 25//32 14//32
f 25//33 15//33 14//33
f 26//34 23//34 17//34
f 16//35 26//35 17//35
f 27//36 24//36 23//36
f 26//37 27//37 23//37
f 28//38 29//38 18//38
f 29//39 22//39 18//39
f 20//40 30//40 18//40
f 30//41 28//41 18//41
f 31//42 21//42 22//42
f 29//43 31//43 22//43
f 32//44 16//44 6//44
f 33//44 32//44 6//44
f 11//44 33//44 6//44
f 34//45 10//45 9//45
f 35//45 34//45 9//45
f 15//45 35//45 9//45
f 36//44 33//44 11//44
f 21//44 36//44 11//44
f 37//45 35//45 15//45
f 25//45 37//45 15//45
f 28//46 38//46 29//46
f 38//47 31//47 29//47
f 39//48 40//48 24//48
f 40//49 41//49 24//49
f 41//50 42//50 24//50
f 42//48 43//48 24//48
f 27//51 39//51 24//51
f 43//52 44//52 24//52
f 44//32 25//32 24//32
f 45//44 26//44 16//44
f 32//44 45//44 16//44
f 46//45 20//45 10//45
f 34//45 46//45 10//45
f 47//53 48//53 27//53
f 48//54 39//54 27//54
f 49//55 47//55 27//55
f 26//56 49//56 27//56
f 50//44 36//44 21//44
f 31//44 50//44 21//44
f 51//45 37//45 25//45
f 44//45 51//45 25//45
f 52//57 53//57 47//57
f 53//58 48//58 47//58
f 49//59 52//59 47//59
f 54//60 55//60 28//60
f 55//61 38//61 28//61
f 30//62 56//62 28//62
f 56//63 54//63 28//63
f 57//64 31//64 38//64
f 55//65 57//65 38//65
f 58//44 49//44 26//44
f 45//44 58//44 26//44
f 59//45 30//45 20//45
f 46//45 59//45 20//45
f 60//44 50//44 31//44
f 57//44 60//44 31//44
f 61//45 51//45 44//45
f 62//45 61//45 44//45
f 43//66 62//66 44//66
f 33//67 63//67 32//67
f 63//68 64//68 32//68
f 64//69 45//69 32//69
f 35//70 65//70 34//70
f 65//71 66//71 34//71
f 66//72 46//72 34//72
f 36//73 67//73 33//73
f 67//74 68//74 33//74
f 68//75 63//75 33//75
f 37//76 65//76 35//76
f 69//77 39//77 48//77
f 53//78 69//78 48//78
f 70//77 42//77 41//77
f 40//78 70//78 41//78
f 54//79 71//79 55//79
f 71//80 57//80 55//80
f 72//81 73//81 43//81
f 73//82 74//82 43//82
f 74//83 75//83 43//83
f 76//84 77//84 43//84
f 75//85 78//85 43//85
f 78//86 79//86 43//86
f 79//87 76//87 43//87
f 77//88 80//88 43//88
f 80//89 81//89 43//89
f 81//90 82//90 43//90
f 42//91 83//91 43//91
f 83//92 72//92 43//92
f 82//93 62//93 43//93
f 52//94 84//94 53//94
f 85//95 69//95 53//95
f 84//96 85//96 53//96
f 86//97 40//97 39//97
f 87//98 86//98 39//98
f 69//99 87//99 39//99
f 88//81 89//81 40//81
f 89//100 90//100 40//100
f 90//101 91//101 40//101
f 86//102 88//102 40//102
f 92//95 70//95 40//95
f 91//96 92//96 40//96
f 93//103 83//103 42//103
f 70//99 93//99 42//99
f 52//104 94//104 84//104
f 94//105 85//105 84//105
f 95//106 88//106 86//106
f 87//107 95//107 86//107
f 90//108 96//108 91//108
f 96//105 92//105 91//105
f 97//106 72//106 83//106
f 93//107 97//107 83//107
f 98//109 99//109 52//109
f 99//110 100//110 52//110
f 100//111 101//111 52//111
f 101//112 102//112 52//112
f 102//113 103//113 52//113
f 103//114 104//114 52//114
f 104//115 105//115 52//115
f 105//116 106//116 52//116
f 106//117 94//117 52//117
f 107//118 98//118 52//118
f 49//119 107//119 52//119
f 108//120 85//120 94//120
f 106//121 108//121 94//121
f 109//122 89//122 88//122
f 95//123 109//123 88//123
f 90//124 110//124 96//124
f 111//120 92//120 96//120
f 110//121 111//121 96//121
f 112//122 73//122 72//122
f 97//123 112//123 72//123
f 113//125 108//125 106//125
f 105//126 113//126 106//126
f 114//127 90//127 89//127
f 109//128 114//128 89//128
f 90//129 115//129 110//129
f 116//125 111//125 110//125
f 115//126 116//126 110//126
f 117//130 74//130 73//130
f 112//131 117//131 73//131
f 64//132 118//132 45//132
f 118//132 119//132 45//132
f 119//133 58//133 45//133
f 66//134 120//134 46//134
f 120//135 121//135 46//135
f 121//136 59//136 46//136
f 122//137 113//137 105//137
f 104//138 122//138 105//138
f 123//139 115//139 90//139
f 114//140 124//140 90//140
f 124//141 123//141 90//141
f 123//139 125//139 115//139
f 126//137 116//137 115//137
f 125//142 126//142 115//142
f 117//143 127//143 74//143
f 127//141 75//141 74//141
f 128//44 107//44 49//44
f 58//44 128//44 49//44
f 129//45 56//45 30//45
f 59//45 129//45 30//45
f 50//144 130//144 36//144
f 130//145 131//145 36//145
f 131//146 67//146 36//146
f 51//147 132//147 37//147
f 132//148 133//148 37//148
f 133//76 65//76 37//76
f 134//149 122//149 104//149
f 135//150 136//150 123//150
f 136//151 137//151 123//151
f 137//152 138//152 123//152
f 138//153 139//153 123//153
f 139//154 140//154 123//154
f 140//155 141//155 123//155
f 141//156 125//156 123//156
f 124//157 135//157 123//157
f 142//158 126//158 125//158
f 127//157 78//157 75//157
f 143//159 134//159 104//159
f 103//160 143//160 104//160
f 144//161 142//161 125//161
f 141//162 144//162 125//162
f 145//163 136//163 135//163
f 124//164 146//164 135//164
f 146//165 145//165 135//165
f 127//164 147//164 78//164
f 147//166 79//166 78//166
f 102//167 143//167 103//167
f 148//168 136//168 145//168
f 146//169 148//169 145//169
f 140//167 144//167 141//167
f 147//169 76//169 79//169
f 149//170 150//170 98//170
f 150//171 151//171 98//171
f 151//172 99//172 98//172
f 107//173 149//173 98//173
f 152//174 153//174 54//174
f 153//175 71//175 54//175
f 56//176 154//176 54//176
f 154//176 152//176 54//176
f 155//177 57//177 71//177
f 153//177 155//177 71//177
f 156//178 136//178 148//178
f 146//179 157//179 148//179
f 157//180 156//180 148//180
f 147//179 158//179 76//179
f 158//180 77//180 76//180
f 159//181 143//181 102//181
f 101//182 159//182 102//182
f 160//181 144//181 140//181
f 139//182 160//182 140//182
f 119//183 161//183 58//183
f 161//184 162//184 58//184
f 162//185 128//185 58//185
f 121//186 163//186 59//186
f 163//187 164//187 59//187
f 164//188 129//188 59//188
f 100//189 159//189 101//189
f 165//190 136//190 156//190
f 157//191 165//191 156//191
f 138//189 160//189 139//189
f 158//191 80//191 77//191
f 66//192 118//192 64//192
f 63//193 66//193 64//193
f 65//194 118//194 66//194
f 63//195 120//195 66//195
f 166//44 60//44 57//44
f 155//44 166//44 57//44
f 167//45 61//45 62//45
f 168//45 167//45 62//45
f 82//93 168//93 62//93
f 169//196 159//196 100//196
f 99//197 169//197 100//197
f 170//196 160//196 138//196
f 137//197 170//197 138//197
f 171//198 136//198 165//198
f 157//199 172//199 165//199
f 172//200 171//200 165//200
f 158//199 173//199 80//199
f 173//200 81//200 80//200
f 68//201 120//201 63//201
f 121//202 120//202 68//202
f 67//203 121//203 68//203
f 133//204 119//204 65//204
f 119//205 118//205 65//205
f 151//206 169//206 99//206
f 174//207 136//207 171//207
f 172//208 174//208 171//208
f 136//206 170//206 137//206
f 175//209 82//209 81//209
f 173//208 175//208 81//208
f 60//210 176//210 50//210
f 176//211 177//211 50//211
f 177//212 130//212 50//212
f 61//213 178//213 51//213
f 178//214 179//214 51//214
f 179//147 132//147 51//147
f 133//215 161//215 119//215
f 67//216 163//216 121//216
f 131//217 163//217 67//217
f 180//218 136//218 174//218
f 181//219 180//219 174//219
f 172//220 182//220 174//220
f 182//221 181//221 174//221
f 183//219 82//219 175//219
f 173//220 184//220 175//220
f 184//221 183//221 175//221
f 185//222 169//222 151//222
f 150//223 185//223 151//223
f 186//222 170//222 136//222
f 180//223 186//223 136//223
f 152//224 187//224 153//224
f 187//225 155//225 153//225
f 149//226 188//226 150//226
f 188//227 185//227 150//227
f 189//228 180//228 181//228
f 190//229 189//229 181//229
f 182//230 190//230 181//230
f 189//231 186//231 180//231
f 191//229 82//229 183//229
f 184//230 191//230 183//230
f 191//232 192//232 82//232
f 192//233 168//233 82//233
f 164//234 163//234 131//234
f 130//235 164//235 131//235
f 132//236 161//236 133//236
f 193//237 188//237 149//237
f 107//238 193//238 149//238
f 179//239 162//239 132//239
f 162//240 161//240 132//240
f 193//241 194//241 188//241
f 195//242 185//242 188//242
f 194//243 195//243 188//243
f 190//244 196//244 189//244
f 196//245 197//245 189//245
f 197//246 198//246 189//246
f 198//247 199//247 189//247
f 199//248 200//248 189//248
f 201//249 202//249 189//249
f 203//250 201//250 189//250
f 200//251 203//251 189//251
f 204//242 186//242 189//242
f 202//243 204//243 189//243
f 182//252 205//252 190//252
f 205//253 196//253 190//253
f 206//254 192//254 191//254
f 184//252 207//252 191//252
f 207//253 206//253 191//253
f 208//44 209//44 107//44
f 128//44 208//44 107//44
f 209//255 193//255 107//255
f 210//45 154//45 56//45
f 129//45 210//45 56//45
f 162//256 211//256 128//256
f 211//257 212//257 128//257
f 212//258 208//258 128//258
f 164//259 213//259 129//259
f 213//260 214//260 129//260
f 214//261 210//261 129//261
f 193//262 215//262 194//262
f 215//263 195//263 194//263
f 205//264 197//264 196//264
f 201//265 216//265 202//265
f 216//263 204//263 202//263
f 217//266 192//266 206//266
f 207//264 217//264 206//264
f 179//267 211//267 162//267
f 130//268 177//268 164//268
f 177//269 213//269 164//269
f 205//270 218//270 197//270
f 218//271 198//271 197//271
f 219//272 192//272 217//272
f 207//273 220//273 217//273
f 220//271 219//271 217//271
f 221//274 222//274 215//274
f 193//275 221//275 215//275
f 223//276 195//276 215//276
f 222//277 223//277 215//277
f 201//278 224//278 216//278
f 225//276 204//276 216//276
f 224//277 225//277 216//277
f 226//279 87//279 69//279
f 227//280 226//280 69//280
f 228//281 227//281 69//281
f 85//282 228//282 69//282
f 229//279 93//279 70//279
f 230//283 229//283 70//283
f 231//281 230//281 70//281
f 92//282 231//282 70//282
f 221//284 232//284 222//284
f 232//285 223//285 222//285
f 218//286 199//286 198//286
f 201//287 233//287 224//287
f 233//285 225//285 224//285
f 234//288 192//288 219//288
f 220//286 234//286 219//286
f 235//289 228//289 85//289
f 236//290 235//290 85//290
f 108//291 236//291 85//291
f 237//292 95//292 87//292
f 238//293 237//293 87//293
f 226//294 238//294 87//294
f 239//289 231//289 92//289
f 240//290 239//290 92//290
f 111//291 240//291 92//291
f 241//295 97//295 93//295
f 242//296 241//296 93//296
f 229//297 242//297 93//297
f 243//298 236//298 108//298
f 244//299 243//299 108//299
f 113//300 244//300 108//300
f 245//301 109//301 95//301
f 246//302 245//302 95//302
f 237//303 246//303 95//303
f 247//298 240//298 111//298
f 248//299 247//299 111//299
f 116//300 248//300 111//300
f 249//301 112//301 97//301
f 250//302 249//302 97//302
f 241//304 250//304 97//304
f 251//305 244//305 113//305
f 122//306 251//306 113//306
f 252//307 114//307 109//307
f 253//308 252//308 109//308
f 245//309 253//309 109//309
f 254//310 248//310 116//310
f 126//306 254//306 116//306
f 255//311 117//311 112//311
f 256//312 255//312 112//312
f 249//309 256//309 112//309
f 221//313 257//313 232//313
f 258//314 223//314 232//314
f 257//315 258//315 232//315
f 201//316 259//316 233//316
f 260//314 225//314 233//314
f 259//315 260//315 233//315
f 218//317 261//317 199//317
f 261//318 200//318 199//318
f 262//319 192//319 234//319
f 220//317 263//317 234//317
f 263//318 262//318 234//318
f 176//320 213//320 177//320
f 178//321 211//321 179//321
f 264//322 251//322 122//322
f 134//323 264//323 122//323
f 265//324 124//324 114//324
f 252//325 265//325 114//325
f 266//322 254//322 126//322
f 142//323 266//323 126//323
f 267//326 127//326 117//326
f 255//327 267//327 117//327
f 209//328 221//328 193//328
f 268//329 269//329 152//329
f 269//330 187//330 152//330
f 154//331 270//331 152//331
f 270//332 268//332 152//332
f 166//333 271//333 60//333
f 271//334 272//334 60//334
f 272//335 176//335 60//335
f 167//336 273//336 61//336
f 273//337 274//337 61//337
f 274//213 178//213 61//213
f 275//225 155//225 187//225
f 269//338 275//338 187//338
f 221//339 276//339 257//339
f 276//340 258//340 257//340
f 261//341 203//341 200//341
f 201//342 277//342 259//342
f 277//340 260//340 259//340
f 278//343 192//343 262//343
f 263//341 278//341 262//341
f 274//344 212//344 178//344
f 212//345 211//345 178//345
f 279//346 264//346 134//346
f 143//347 279//347 134//347
f 280//348 146//348 124//348
f 265//349 280//349 124//349
f 281//346 266//346 142//346
f 144//347 281//347 142//347
f 282//348 147//348 127//348
f 267//349 282//349 127//349
f 283//44 166//44 155//44
f 275//44 283//44 155//44
f 284//45 167//45 168//45
f 285//45 284//45 168//45
f 192//350 285//350 168//350
f 221//351 286//351 276//351
f 287//352 258//352 276//352
f 286//353 287//353 276//353
f 201//354 288//354 277//354
f 289//352 260//352 277//352
f 288//353 289//353 277//353
f 290//355 201//355 203//355
f 261//356 290//356 203//356
f 291//357 192//357 278//357
f 292//355 291//355 278//355
f 263//356 292//356 278//356
f 293//358 279//358 143//358
f 159//359 294//359 143//359
f 294//360 295//360 143//360
f 295//361 293//361 143//361
f 296//362 157//362 146//362
f 280//363 296//363 146//363
f 297//358 281//358 144//358
f 160//359 298//359 144//359
f 298//360 299//360 144//360
f 299//361 297//361 144//361
f 300//364 158//364 147//364
f 282//365 300//365 147//365
f 221//366 301//366 286//366
f 301//367 287//367 286//367
f 302//368 288//368 201//368
f 303//369 302//369 201//369
f 290//370 303//370 201//370
f 302//368 304//368 288//368
f 304//367 289//367 288//367
f 305//371 192//371 291//371
f 306//372 305//372 291//372
f 292//373 306//373 291//373
f 169//374 307//374 159//374
f 307//375 308//375 159//375
f 308//376 294//376 159//376
f 309//377 172//377 157//377
f 310//378 309//378 157//378
f 296//379 310//379 157//379
f 170//374 311//374 160//374
f 311//375 312//375 160//375
f 312//376 298//376 160//376
f 313//377 173//377 158//377
f 314//380 313//380 158//380
f 300//381 314//381 158//381
f 274//382 315//382 212//382
f 315//383 208//383 212//383
f 176//384 214//384 213//384
f 185//385 316//385 169//385
f 316//386 317//386 169//386
f 317//387 307//387 169//387
f 318//388 182//388 172//388
f 319//389 318//389 172//389
f 309//390 319//390 172//390
f 186//391 320//391 170//391
f 320//392 321//392 170//392
f 321//387 311//387 170//387
f 322//388 184//388 173//388
f 323//389 322//389 173//389
f 313//390 323//390 173//390
f 221//393 324//393 301//393
f 325//394 287//394 301//394
f 324//395 325//395 301//395
f 326//396 327//396 302//396
f 328//397 326//397 302//397
f 327//398 304//398 302//398
f 329//399 328//399 302//399
f 330//400 329//400 302//400
f 331//401 330//401 302//401
f 303//402 331//402 302//402
f 332//394 289//394 304//394
f 327//395 332//395 304//395
f 333//403 192//403 305//403
f 334//401 333//401 305//401
f 306//404 334//404 305//404
f 176//405 272//405 214//405
f 272//406 335//406 214//406
f 335//407 210//407 214//407
f 195//408 336//408 185//408
f 336//409 316//409 185//409
f 337//410 205//410 182//410
f 318//411 337//411 182//411
f 204//412 338//412 186//412
f 338//413 320//413 186//413
f 339//410 207//410 184//410
f 322//414 339//414 184//414
f 221//415 340//415 324//415
f 341//416 325//416 324//416
f 340//417 341//417 324//417
f 342//418 329//418 330//418
f 343//419 342//419 330//419
f 331//420 343//420 330//420
f 344//416 332//416 327//416
f 326//417 344//417 327//417
f 345//421 192//421 333//421
f 346//419 345//419 333//419
f 334//420 346//420 333//420
f 347//44 209//44 208//44
f 315//422 348//422 208//422
f 348//423 347//423 208//423
f 349//45 154//45 210//45
f 335//424 350//424 210//424
f 350//425 349//425 210//425
f 223//426 351//426 195//426
f 351//427 352//427 195//427
f 352//428 336//428 195//428
f 353//429 354//429 205//429
f 354//430 218//430 205//430
f 337//431 353//431 205//431
f 225//432 355//432 204//432
f 355//433 356//433 204//433
f 356//434 338//434 204//434
f 357//429 358//429 207//429
f 358//430 220//430 207//430
f 339//431 357//431 207//431
f 221//435 359//435 340//435
f 360//436 341//436 340//436
f 359//437 360//437 340//437
f 361//438 329//438 342//438
f 343//439 362//439 342//439
f 362//440 361//440 342//440
f 363//436 344//436 326//436
f 328//437 363//437 326//437
f 364//441 192//441 345//441
f 346//439 365//439 345//439
f 365//440 364//440 345//440
f 221//442 366//442 359//442
f 367//443 360//443 359//443
f 366//444 367//444 359//444
f 368//445 329//445 361//445
f 362//446 368//446 361//446
f 369//443 363//443 328//443
f 329//444 369//444 328//444
f 370//445 192//445 364//445
f 365//446 370//446 364//446
f 258//447 371//447 223//447
f 371//448 372//448 223//448
f 372//449 351//449 223//449
f 354//450 373//450 218//450
f 373//451 374//451 218//451
f 374//452 261//452 218//452
f 260//447 375//447 225//447
f 375//453 376//453 225//453
f 376//454 355//454 225//454
f 358//455 377//455 220//455
f 377//456 378//456 220//456
f 378//452 263//452 220//452
f 347//44 379//44 209//44
f 379//457 221//457 209//457
f 349//45 270//45 154//45
f 268//458 380//458 269//458
f 380//459 275//459 269//459
f 370//460 381//460 192//460
f 381//461 285//461 192//461
f 382//462 383//462 366//462
f 221//463 382//463 366//463
f 384//464 367//464 366//464
f 383//465 384//465 366//465
f 383//466 385//466 368//466
f 381//460 329//460 368//460
f 385//467 381//467 368//467
f 362//468 384//468 368//468
f 384//469 383//469 368//469
f 381//470 386//470 329//470
f 387//464 369//464 329//464
f 386//465 387//465 329//465
f 386//471 381//471 370//471
f 365//468 387//468 370//468
f 387//469 386//469 370//469
f 382//472 385//472 383//472
f 379//473 382//473 221//473
f 271//474 335//474 272//474
f 273//475 315//475 274//475
f 287//476 388//476 258//476
f 388//477 389//477 258//477
f 389//478 371//478 258//478
f 390//479 290//479 261//479
f 391//480 390//480 261//480
f 374//481 392//481 261//481
f 392//482 391//482 261//482
f 289//483 393//483 260//483
f 393//477 394//477 260//477
f 394//478 375//478 260//478
f 395//479 292//479 263//479
f 396//480 395//480 263//480
f 378//481 397//481 263//481
f 397//482 396//482 263//482
f 325//484 398//484 287//484
f 398//485 388//485 287//485
f 399//486 303//486 290//486
f 400//487 399//487 290//487
f 390//488 400//488 290//488
f 332//484 401//484 289//484
f 401//485 393//485 289//485
f 402//489 306//489 292//489
f 403//490 402//490 292//490
f 395//488 403//488 292//488
f 267//491 255//491 273//491
f 313//492 314//492 273//492
f 323//493 313//493 273//493
f 404//494 339//494 273//494
f 339//495 322//495 273//495
f 322//496 323//496 273//496
f 314//497 300//497 273//497
f 300//498 282//498 273//498
f 282//499 267//499 273//499
f 255//500 256//500 273//500
f 256//501 249//501 273//501
f 249//502 250//502 273//502
f 250//503 241//503 273//503
f 241//504 242//504 273//504
f 242//505 229//505 273//505
f 229//506 230//506 273//506
f 230//507 315//507 273//507
f 167//508 404//508 273//508
f 254//509 266//509 315//509
f 230//510 231//510 315//510
f 231//511 239//511 315//511
f 239//512 240//512 315//512
f 240//513 247//513 315//513
f 247//514 248//514 315//514
f 248//515 254//515 315//515
f 266//516 227//516 315//516
f 227//517 228//517 315//517
f 228//518 235//518 315//518
f 235//519 236//519 315//519
f 236//520 243//520 315//520
f 243//521 244//521 315//521
f 244//522 251//522 315//522
f 251//523 264//523 315//523
f 264//524 279//524 315//524
f 279//525 293//525 315//525
f 293//526 295//526 315//526
f 295//527 294//527 315//527
f 294//528 308//528 315//528
f 308//529 307//529 315//529
f 307//530 348//530 315//530
f 341//531 405//531 325//531
f 405//532 398//532 325//532
f 406//533 331//533 303//533
f 399//534 406//534 303//534
f 344//531 407//531 332//531
f 407//532 401//532 332//532
f 408//535 334//535 306//535
f 402//536 408//536 306//536
f 266//537 226//537 227//537
f 266//538 238//538 226//538
f 266//539 237//539 238//539
f 266//540 246//540 237//540
f 360//541 409//541 341//541
f 409//542 410//542 341//542
f 410//543 405//543 341//543
f 411//544 343//544 331//544
f 406//545 411//545 331//545
f 363//546 412//546 344//546
f 412//547 413//547 344//547
f 413//543 407//543 344//543
f 414//544 346//544 334//544
f 408//545 414//545 334//545
f 266//548 245//548 246//548
f 367//549 415//549 360//549
f 415//550 416//550 360//550
f 416//551 409//551 360//551
f 417//552 362//552 343//552
f 418//553 417//553 343//553
f 411//554 418//554 343//554
f 369//555 419//555 363//555
f 419//556 420//556 363//556
f 420//557 412//557 363//557
f 421//558 365//558 346//558
f 422//559 421//559 346//559
f 414//554 422//554 346//554
f 283//560 423//560 166//560
f 423//561 424//561 166//561
f 424//562 271//562 166//562
f 284//563 425//563 167//563
f 425//564 404//564 167//564
f 384//565 426//565 367//565
f 426//566 427//566 367//566
f 427//567 415//567 367//567
f 428//568 429//568 362//568
f 429//569 384//569 362//569
f 417//570 428//570 362//570
f 387//565 430//565 369//565
f 430//571 431//571 369//571
f 431//572 419//572 369//572
f 432//573 433//573 365//573
f 433//569 387//569 365//569
f 421//574 432//574 365//574
f 429//575 434//575 384//575
f 434//576 426//576 384//576
f 433//577 435//577 387//577
f 435//578 430//578 387//578
f 281//579 297//579 265//579
f 297//579 280//579 265//579
f 307//580 317//580 348//580
f 317//581 316//581 348//581
f 316//582 436//582 348//582
f 436//583 347//583 348//583
f 271//584 350//584 335//584
f 297//585 296//585 280//585
f 299//586 310//586 297//586
f 310//587 296//587 297//587
f 298//588 310//588 299//588
f 437//44 283//44 275//44
f 438//44 437//44 275//44
f 380//589 438//589 275//589
f 439//45 284//45 285//45
f 440//45 439//45 285//45
f 381//590 440//590 285//590
f 298//591 312//591 310//591
f 312//592 311//592 310//592
f 311//593 321//593 310//593
f 321//591 309//591 310//591
f 271//594 424//594 350//594
f 424//595 441//595 350//595
f 441//596 349//596 350//596
f 379//597 385//597 382//597
f 442//598 443//598 268//598
f 443//599 380//599 268//599
f 270//600 444//600 268//600
f 444//601 442//601 268//601
f 321//602 319//602 309//602
f 443//603 438//603 380//603
f 321//604 318//604 319//604
f 321//605 337//605 318//605
f 320//606 337//606 321//606
f 336//607 436//607 316//607
f 320//608 353//608 337//608
f 338//609 353//609 320//609
f 404//610 357//610 339//610
f 352//611 436//611 336//611
f 374//612 373//612 338//612
f 356//613 374//613 338//613
f 373//614 354//614 338//614
f 354//615 353//615 338//615
f 425//616 358//616 357//616
f 404//617 425//617 357//617
f 445//44 379//44 347//44
f 436//618 446//618 347//618
f 446//619 445//619 347//619
f 447//45 270//45 349//45
f 441//620 448//620 349//620
f 448//621 447//621 349//621
f 351//622 436//622 352//622
f 355//623 374//623 356//623
f 425//624 377//624 358//624
f 425//625 378//625 377//625
f 372//626 436//626 351//626
f 376//627 374//627 355//627
f 423//628 441//628 424//628
f 371//629 436//629 372//629
f 394//630 392//630 374//630
f 376//630 375//630 374//630
f 375//631 394//631 374//631
f 425//632 397//632 378//632
f 389//633 436//633 371//633
f 394//634 391//634 392//634
f 425//635 396//635 397//635
f 388//636 436//636 389//636
f 394//637 390//637 391//637
f 393//637 390//637 394//637
f 425//638 395//638 396//638
f 446//639 436//639 388//639
f 398//640 446//640 388//640
f 393//641 400//641 390//641
f 401//642 400//642 393//642
f 425//643 403//643 395//643
f 449//644 403//644 425//644
f 284//645 449//645 425//645
f 450//646 446//646 398//646
f 405//647 450//647 398//647
f 401//648 399//648 400//648
f 407//648 399//648 401//648
f 451//649 402//649 403//649
f 449//650 451//650 403//650
f 445//44 452//44 379//44
f 452//651 453//651 379//651
f 453//652 385//652 379//652
f 447//45 444//45 270//45
f 410//653 450//653 405//653
f 451//654 406//654 399//654
f 407//655 413//655 399//655
f 413//656 412//656 399//656
f 412//657 420//657 399//657
f 420//656 419//656 399//656
f 419//658 431//658 399//658
f 431//659 451//659 399//659
f 451//660 408//660 402//660
f 409//661 450//661 410//661
f 451//662 411//662 406//662
f 451//663 414//663 408//663
f 416//664 450//664 409//664
f 451//665 418//665 411//665
f 451//666 422//666 414//666
f 442//667 454//667 443//667
f 454//668 438//668 443//668
f 385//669 453//669 381//669
f 453//670 455//670 381//670
f 455//671 440//671 381//671
f 415//672 450//672 416//672
f 451//673 417//673 418//673
f 451//674 421//674 422//674
f 451//675 428//675 417//675
f 451//676 432//676 421//676
f 427//677 450//677 415//677
f 426//678 450//678 427//678
f 451//679 429//679 428//679
f 430//680 451//680 431//680
f 451//681 433//681 432//681
f 434//682 450//682 426//682
f 435//683 451//683 430//683
f 450//684 434//684 429//684
f 451//685 450//685 429//685
f 451//686 435//686 433//686
f 450//687 445//687 446//687
f 423//688 448//688 441//688
f 437//689 456//689 283//689
f 456//690 457//690 283//690
f 457//691 423//691 283//691
f 439//692 451//692 284//692
f 451//693 449//693 284//693
f 423//694 457//694 448//694
f 457//695 458//695 448//695
f 458//696 447//696 448//696
f 459//44 437//44 438//44
f 460//44 459//44 438//44
f 454//697 460//697 438//697
f 461//45 439//45 440//45
f 462//45 461//45 440//45
f 455//698 462//698 440//698
f 456//699 458//699 457//699
f 463//700 455//700 453//700
f 452//701 463//701 453//701
f 464//702 465//702 442//702
f 465//703 454//703 442//703
f 444//704 466//704 442//704
f 466//705 464//705 442//705
f 465//706 460//706 454//706
f 467//44 452//44 445//44
f 450//707 468//707 445//707
f 468//708 469//708 445//708
f 469//709 467//709 445//709
f 470//45 444//45 447//45
f 458//710 471//710 447//710
f 471//711 470//711 447//711
f 468//712 450//712 451//712
f 472//713 468//713 451//713
f 439//714 472//714 451//714
f 467//44 473//44 452//44
f 473//715 463//715 452//715
f 470//45 466//45 444//45
f 472//716 469//716 468//716
f 456//717 471//717 458//717
f 459//718 474//718 437//718
f 474//719 475//719 437//719
f 475//720 456//720 437//720
f 461//721 476//721 439//721
f 476//722 472//722 439//722
f 464//723 477//723 465//723
f 477//724 460//724 465//724
f 463//725 478//725 455//725
f 478//726 479//726 455//726
f 479//727 462//727 455//727
f 473//728 478//728 463//728
f 456//729 475//729 471//729
f 475//730 480//730 471//730
f 480//731 470//731 471//731
f 474//732 480//732 475//732
f 476//733 469//733 472//733
f 481//44 459//44 460//44
f 482//44 481//44 460//44
f 477//734 482//734 460//734
f 483//45 461//45 462//45
f 484//45 483//45 462//45
f 479//735 484//735 462//735
f 485//44 473//44 467//44
f 469//736 486//736 467//736
f 486//737 487//737 467//737
f 487//738 485//738 467//738
f 488//45 466//45 470//45
f 480//739 489//739 470//739
f 489//740 488//740 470//740
f 490//741 479//741 478//741
f 473//742 490//742 478//742
f 491//743 492//743 464//743
f 492//744 477//744 464//744
f 466//745 493//745 464//745
f 493//746 491//746 464//746
f 486//747 469//747 476//747
f 494//748 486//748 476//748
f 461//749 494//749 476//749
f 492//750 482//750 477//750
f 494//751 487//751 486//751
f 474//752 489//752 480//752
f 485//44 495//44 473//44
f 495//753 496//753 473//753
f 496//754 490//754 473//754
f 488//45 493//45 466//45
f 481//755 497//755 459//755
f 497//756 498//756 459//756
f 498//757 474//757 459//757
f 483//758 499//758 461//758
f 499//759 500//759 461//759
f 500//760 494//760 461//760
f 498//761 489//761 474//761
f 498//762 501//762 489//762
f 501//763 488//763 489//763
f 491//764 502//764 492//764
f 502//765 482//765 492//765
f 490//766 496//766 479//766
f 496//767 503//767 479//767
f 503//768 484//768 479//768
f 497//769 501//769 498//769
f 500//770 487//770 494//770
f 504//44 481//44 482//44
f 505//44 504//44 482//44
f 502//771 505//771 482//771
f 506//45 483//45 484//45
f 507//45 506//45 484//45
f 503//768 507//768 484//768
f 508//44 495//44 485//44
f 487//772 509//772 485//772
f 509//773 510//773 485//773
f 510//774 508//774 485//774
f 511//45 493//45 488//45
f 501//775 512//775 488//775
f 512//776 511//776 488//776
f 500//777 509//777 487//777
f 499//778 509//778 500//778
f 513//779 503//779 496//779
f 495//780 513//780 496//780
f 514//781 515//781 491//781
f 515//782 502//782 491//782
f 493//783 516//783 491//783
f 516//784 514//784 491//784
f 515//785 505//785 502//785
f 499//786 510//786 509//786
f 497//787 512//787 501//787
f 508//44 517//44 495//44
f 517//780 513//780 495//780
f 511//45 516//45 493//45
f 504//788 518//788 481//788
f 518//789 519//789 481//789
f 519//790 497//790 481//790
f 506//791 520//791 483//791
f 520//792 521//792 483//792
f 521//793 499//793 483//793
f 519//794 512//794 497//794
f 519//795 522//795 512//795
f 522//796 511//796 512//796
f 518//797 522//797 519//797
f 521//798 510//798 499//798
f 514//799 523//799 515//799
f 523//800 505//800 515//800
f 513//779 524//779 503//779
f 524//801 525//801 503//801
f 525//802 507//802 503//802
f 517//780 524//780 513//780
f 526//44 504//44 505//44
f 527//44 526//44 505//44
f 523//803 527//803 505//803
f 528//45 506//45 507//45
f 529//45 528//45 507//45
f 525//804 529//804 507//804
f 530//44 517//44 508//44
f 510//805 531//805 508//805
f 531//806 532//806 508//806
f 532//807 530//807 508//807
f 533//45 516//45 511//45
f 522//808 534//808 511//808
f 534//808 533//808 511//808
f 521//809 531//809 510//809
f 520//810 531//810 521//810
f 520//811 532//811 531//811
f 518//812 534//812 522//812
f 535//813 525//813 524//813
f 517//814 535//814 524//814
f 536//815 537//815 514//815
f 537//816 523//816 514//816
f 516//817 538//817 514//817
f 538//818 536//818 514//818
f 537//819 527//819 523//819
f 530//44 539//44 517//44
f 539//820 540//820 517//820
f 540//821 535//821 517//821
f 533//45 538//45 516//45
f 526//822 541//822 504//822
f 541//823 542//823 504//823
f 542//824 518//824 504//824
f 528//825 543//825 506//825
f 543//826 544//826 506//826
f 544//827 520//827 506//827
f 542//828 534//828 518//828
f 542//829 545//829 534//829
f 545//830 533//830 534//830
f 541//831 545//831 542//831
f 544//832 532//832 520//832
f 536//833 546//833 537//833
f 546//834 527//834 537//834
f 535//835 540//835 525//835
f 540//836 547//836 525//836
f 547//837 529//837 525//837
f 548//44 526//44 527//44
f 549//44 548//44 527//44
f 546//838 549//838 527//838
f 550//45 528//45 529//45
f 551//45 550//45 529//45
f 547//839 551//839 529//839
f 552//44 539//44 530//44
f 532//840 553//840 530//840
f 553//841 554//841 530//841
f 554//842 552//842 530//842
f 555//45 538//45 533//45
f 545//843 556//843 533//843
f 556//844 555//844 533//844
f 544//845 553//845 532//845
f 543//846 553//846 544//846
f 543//847 554//847 553//847
f 541//848 556//848 545//848
f 557//849 547//849 540//849
f 539//850 557//850 540//850
f 558//851 559//851 536//851
f 559//833 546//833 536//833
f 538//852 560//852 536//852
f 560//852 558//852 536//852
f 559//853 549//853 546//853
f 552//44 561//44 539//44
f 561//854 557//854 539//854
f 555//45 560//45 538//45
f 548//855 562//855 526//855
f 562//856 563//856 526//856
f 563//857 541//857 526//857
f 550//858 564//858 528//858
f 564//859 565//859 528//859
f 565//860 543//860 528//860
f 563//861 556//861 541//861
f 563//862 566//862 556//862
f 566//863 555//863 556//863
f 562//864 566//864 563//864
f 565//865 554//865 543//865
f 558//866 567//866 559//866
f 568//867 549//867 559//867
f 567//868 568//868 559//868
f 557//869 569//869 547//869
f 569//870 570//870 547//870
f 570//871 551//871 547//871
f 561//872 569//872 557//872
f 571//44 548//44 549//44
f 568//44 571//44 549//44
f 572//45 550//45 551//45
f 573//45 572//45 551//45
f 570//873 573//873 551//873
f 574//44 561//44 552//44
f 554//874 575//874 552//874
f 575//875 576//875 552//875
f 576//876 574//876 552//876
f 577//45 560//45 555//45
f 566//877 578//877 555//877
f 578//878 577//878 555//878
f 565//879 575//879 554//879
f 564//880 575//880 565//880
f 564//881 576//881 575//881
f 562//882 578//882 566//882
f 579//883 570//883 569//883
f 561//884 579//884 569//884
f 580//885 581//885 558//885
f 582//885 583//885 558//885
f 583//886 584//886 558//886
f 584//887 580//887 558//887
f 581//888 567//888 558//888
f 560//889 585//889 558//889
f 585//890 582//890 558//890
f 586//891 587//891 567//891
f 581//892 586//892 567//892
f 587//868 568//868 567//868
f 574//44 588//44 561//44
f 588//884 579//884 561//884
f 577//45 585//45 560//45
f 571//893 589//893 548//893
f 589//894 590//894 548//894
f 590//895 562//895 548//895
f 572//896 591//896 550//896
f 591//897 592//897 550//897
f 592//898 564//898 550//898
f 593//899 578//899 562//899
f 590//900 593//900 562//900
f 593//878 577//878 578//878
f 589//901 593//901 590//901
f 592//902 576//902 564//902
f 594//903 595//903 587//903
f 586//904 594//904 587//904
f 596//905 568//905 587//905
f 595//906 596//906 587//906
f 579//907 597//907 570//907
f 597//908 598//908 570//908
f 598//909 573//909 570//909
f 588//910 597//910 579//910
f 596//44 599//44 568//44
f 599//44 571//44 568//44
f 600//45 572//45 573//45
f 601//45 600//45 573//45
f 598//911 601//911 573//911
f 602//44 588//44 574//44
f 576//912 603//912 574//912
f 603//913 604//913 574//913
f 604//914 602//914 574//914
f 605//45 585//45 577//45
f 593//915 606//915 577//915
f 606//916 605//916 577//916
f 592//917 603//917 576//917
f 591//918 603//918 592//918
f 591//919 604//919 603//919
f 589//920 606//920 593//920
f 607//921 594//921 586//921
f 581//922 607//922 586//922
f 608//921 580//921 584//921
f 583//922 608//922 584//922
f 609//923 598//923 597//923
f 588//924 609//924 597//924
f 610//925 611//925 582//925
f 612//926 610//926 582//926
f 611//927 613//927 582//927
f 613//928 614//928 582//928
f 614//929 615//929 582//929
f 615//930 616//930 582//930
f 616//931 617//931 582//931
f 617//932 618//932 582//932
f 618//933 619//933 582//933
f 619//934 620//934 582//934
f 620//935 621//935 582//935
f 621//936 622//936 582//936
f 622//937 583//937 582//937
f 585//938 623//938 582//938
f 623//938 612//938 582//938
f 624//939 595//939 594//939
f 625//940 624//940 594//940
f 607//941 625//941 594//941
f 580//942 626//942 581//942
f 627//943 607//943 581//943
f 626//944 627//944 581//944
f 628//945 629//945 580//945
f 629//946 630//946 580//946
f 630//935 631//935 580//935
f 631//947 626//947 580//947
f 632//940 628//940 580//940
f 608//941 632//941 580//941
f 633//943 608//943 583//943
f 622//948 633//948 583//948
f 624//949 634//949 595//949
f 634//950 635//950 595//950
f 635//951 636//951 595//951
f 637//952 638//952 595//952
f 639//953 637//953 595//953
f 636//954 640//954 595//954
f 640//955 641//955 595//955
f 641//956 639//956 595//956
f 638//957 642//957 595//957
f 642//958 643//958 595//958
f 643//959 644//959 595//959
f 644//960 596//960 595//960
f 645//961 634//961 624//961
f 625//962 645//962 624//962
f 631//963 627//963 626//963
f 646//964 629//964 628//964
f 647//961 646//961 628//961
f 632//962 647//962 628//962
f 621//963 633//963 622//963
f 602//44 648//44 588//44
f 648//965 649//965 588//965
f 649//966 609//966 588//966
f 605//45 623//45 585//45
f 599//967 650//967 571//967
f 650//968 651//968 571//968
f 651//969 589//969 571//969
f 600//970 652//970 572//970
f 652//971 653//971 572//971
f 653//972 591//972 572//972
f 654//973 635//973 634//973
f 645//974 654//974 634//974
f 655//975 627//975 631//975
f 630//976 655//976 631//976
f 656//977 629//977 646//977
f 657//973 656//973 646//973
f 647//978 657//978 646//978
f 658//975 633//975 621//975
f 620//976 658//976 621//976
f 659//979 660//979 589//979
f 661//980 659//980 589//980
f 651//981 662//981 589//981
f 662//982 663//982 589//982
f 663//983 661//983 589//983
f 660//984 664//984 589//984
f 664//985 665//985 589//985
f 665//986 666//986 589//986
f 666//987 667//987 589//987
f 667//988 668//988 589//988
f 668//989 669//989 589//989
f 669//990 670//990 589//990
f 670//991 671//991 589//991
f 671//992 672//992 589//992
f 672//993 606//993 589//993
f 673//994 674//994 606//994
f 675//995 676//995 606//995
f 677//996 678//996 606//996
f 678//997 679//997 606//997
f 679//998 680//998 606//998
f 680//999 675//999 606//999
f 676//1000 681//1000 606//1000
f 681//1001 682//1001 606//1001
f 682//1002 683//1002 606//1002
f 683//1003 684//1003 606//1003
f 684//1004 685//1004 606//1004
f 685//1005 686//1005 606//1005
f 686//1006 687//1006 606//1006
f 687//1007 673//1007 606//1007
f 674//1008 688//1008 606//1008
f 688//1009 689//1009 606//1009
f 689//1010 690//1010 606//1010
f 690//1011 691//1011 606//1011
f 691//1012 692//1012 606//1012
f 692//1013 693//1013 606//1013
f 672//1014 677//1014 606//1014
f 693//1015 605//1015 606//1015
f 650//1016 694//1016 651//1016
f 694//1017 695//1017 651//1017
f 695//1018 662//1018 651//1018
f 653//1019 604//1019 591//1019
f 696//1020 636//1020 635//1020
f 654//1021 696//1021 635//1021
f 697//1022 655//1022 630//1022
f 629//1023 697//1023 630//1023
f 698//1024 629//1024 656//1024
f 699//1025 698//1025 656//1025
f 700//1020 699//1020 656//1020
f 657//1021 700//1021 656//1021
f 701//1022 658//1022 620//1022
f 619//1023 701//1023 620//1023
f 696//1026 640//1026 636//1026
f 702//1027 697//1027 629//1027
f 698//1028 702//1028 629//1028
f 703//1029 698//1029 699//1029
f 700//1026 703//1026 699//1026
f 704//1030 701//1030 619//1030
f 618//1031 704//1031 619//1031
f 696//1032 705//1032 640//1032
f 705//1033 641//1033 640//1033
f 706//1034 698//1034 703//1034
f 700//1032 707//1032 703//1032
f 707//1033 706//1033 703//1033
f 705//1035 639//1035 641//1035
f 708//1036 709//1036 698//1036
f 709//1037 710//1037 698//1037
f 710//1038 711//1038 698//1038
f 706//1039 712//1039 698//1039
f 712//1040 708//1040 698//1040
f 711//1041 713//1041 698//1041
f 713//1042 714//1042 698//1042
f 714//1043 715//1043 698//1043
f 716//1044 702//1044 698//1044
f 715//1045 716//1045 698//1045
f 707//1035 712//1035 706//1035
f 717//1046 704//1046 618//1046
f 617//1047 717//1047 618//1047
f 705//1048 718//1048 639//1048
f 718//1049 637//1049 639//1049
f 707//1048 719//1048 712//1048
f 719//1049 708//1049 712//1049
f 714//1050 720//1050 715//1050
f 721//1051 716//1051 715//1051
f 720//1052 721//1052 715//1052
f 722//1053 717//1053 617//1053
f 616//1054 722//1054 617//1054
f 670//1055 625//1055 607//1055
f 671//1056 670//1056 607//1056
f 672//1057 671//1057 607//1057
f 627//1058 672//1058 607//1058
f 681//1055 632//1055 608//1055
f 682//1056 681//1056 608//1056
f 683//1057 682//1057 608//1057
f 633//1058 683//1058 608//1058
f 669//1059 625//1059 670//1059
f 676//1060 723//1060 681//1060
f 723//1061 632//1061 681//1061
f 627//1062 677//1062 672//1062
f 633//1062 684//1062 683//1062
f 668//1063 645//1063 625//1063
f 669//1064 668//1064 625//1064
f 678//1065 677//1065 627//1065
f 655//1066 678//1066 627//1066
f 724//1063 647//1063 632//1063
f 723//1064 724//1064 632//1064
f 676//1067 724//1067 723//1067
f 685//1068 684//1068 633//1068
f 658//1066 685//1066 633//1066
f 718//1069 638//1069 637//1069
f 714//1070 725//1070 720//1070
f 725//1071 721//1071 720//1071
f 719//1069 709//1069 708//1069
f 615//1071 722//1071 616//1071
f 667//1072 645//1072 668//1072
f 676//1073 726//1073 724//1073
f 726//1072 647//1072 724//1072
f 655//1074 679//1074 678//1074
f 658//1075 686//1075 685//1075
f 666//1076 654//1076 645//1076
f 667//1077 666//1077 645//1077
f 680//1078 679//1078 655//1078
f 697//1079 680//1079 655//1079
f 727//1076 657//1076 647//1076
f 726//1077 727//1077 647//1077
f 676//1080 727//1080 726//1080
f 687//1078 686//1078 658//1078
f 701//1079 687//1079 658//1079
f 643//1081 728//1081 644//1081
f 728//1082 729//1082 644//1082
f 729//1083 730//1083 644//1083
f 731//1084 596//1084 644//1084
f 730//1085 731//1085 644//1085
f 609//1086 732//1086 598//1086
f 732//1087 733//1087 598//1087
f 733//1088 601//1088 598//1088
f 649//1089 732//1089 609//1089
f 697//1090 675//1090 680//1090
f 701//1090 673//1090 687//1090
f 665//1091 654//1091 666//1091
f 676//1092 734//1092 727//1092
f 734//1093 657//1093 727//1093
f 731//44 599//44 596//44
f 733//45 600//45 601//45
f 735//44 648//44 602//44
f 604//1094 735//1094 602//1094
f 736//45 623//45 605//45
f 693//1095 737//1095 605//1095
f 737//1095 736//1095 605//1095
f 652//1096 604//1096 653//1096
f 664//1097 696//1097 654//1097
f 665//1098 664//1098 654//1098
f 702//1099 675//1099 697//1099
f 702//1100 676//1100 675//1100
f 738//1097 700//1097 657//1097
f 734//1098 738//1098 657//1098
f 704//1101 673//1101 701//1101
f 704//1102 674//1102 673//1102
f 652//1103 739//1103 604//1103
f 739//1094 735//1094 604//1094
f 692//1104 740//1104 693//1104
f 740//1105 741//1105 693//1105
f 741//1106 737//1106 693//1106
f 714//1107 742//1107 725//1107
f 743//1108 721//1108 725//1108
f 742//1109 743//1109 725//1109
f 744//1108 722//1108 615//1108
f 614//1109 744//1109 615//1109
f 718//1110 745//1110 638//1110
f 745//1111 642//1111 638//1111
f 719//1110 746//1110 709//1110
f 746//1111 710//1111 709//1111
f 660//1112 705//1112 696//1112
f 664//1113 660//1113 696//1113
f 716//1114 676//1114 702//1114
f 716//1115 747//1115 676//1115
f 748//1112 707//1112 700//1112
f 738//1113 748//1113 700//1113
f 717//1116 674//1116 704//1116
f 717//1117 688//1117 674//1117
f 745//1118 643//1118 642//1118
f 714//1119 749//1119 742//1119
f 749//1120 743//1120 742//1120
f 746//1118 711//1118 710//1118
f 613//1120 744//1120 614//1120
f 659//1121 718//1121 705//1121
f 660//1122 659//1122 705//1122
f 721//1123 747//1123 716//1123
f 750//1124 751//1124 747//1124
f 751//1124 748//1124 747//1124
f 721//1125 750//1125 747//1125
f 751//1121 719//1121 707//1121
f 748//1126 751//1126 707//1126
f 722//1123 688//1123 717//1123
f 722//1125 689//1125 688//1125
f 745//1127 752//1127 643//1127
f 752//1128 728//1128 643//1128
f 746//1127 753//1127 711//1127
f 753//1128 713//1128 711//1128
f 714//1129 754//1129 749//1129
f 755//1130 743//1130 749//1130
f 754//1131 755//1131 749//1131
f 756//1130 744//1130 613//1130
f 611//1131 756//1131 613//1131
f 661//1132 745//1132 718//1132
f 659//1133 661//1133 718//1133
f 743//1134 757//1134 721//1134
f 757//1135 758//1135 721//1135
f 758//1136 750//1136 721//1136
f 758//1137 751//1137 750//1137
f 759//1132 746//1132 719//1132
f 751//1133 759//1133 719//1133
f 758//1138 757//1138 751//1138
f 757//1139 759//1139 751//1139
f 744//1140 691//1140 722//1140
f 691//1135 690//1135 722//1135
f 690//1136 689//1136 722//1136
f 663//1141 745//1141 661//1141
f 757//1142 760//1142 759//1142
f 760//1141 746//1141 759//1141
f 662//1143 752//1143 745//1143
f 663//1144 662//1144 745//1144
f 755//1145 761//1145 743//1145
f 761//1146 762//1146 743//1146
f 762//1147 757//1147 743//1147
f 762//1148 763//1148 757//1148
f 763//1149 764//1149 757//1149
f 764//1150 765//1150 757//1150
f 765//1151 760//1151 757//1151
f 765//1143 753//1143 746//1143
f 760//1152 765//1152 746//1152
f 756//1145 740//1145 744//1145
f 740//1146 692//1146 744//1146
f 692//1147 691//1147 744//1147
f 752//1153 729//1153 728//1153
f 714//1154 766//1154 754//1154
f 766//1155 755//1155 754//1155
f 753//1153 714//1153 713//1153
f 610//1156 756//1156 611//1156
f 695//1157 752//1157 662//1157
f 764//1157 753//1157 765//1157
f 761//1158 763//1158 762//1158
f 767//1159 729//1159 752//1159
f 694//1160 767//1160 752//1160
f 695//1161 694//1161 752//1161
f 766//1162 768//1162 755//1162
f 768//1163 769//1163 755//1163
f 769//1164 770//1164 755//1164
f 770//1165 761//1165 755//1165
f 770//1166 763//1166 761//1166
f 771//1159 714//1159 753//1159
f 763//1160 771//1160 753//1160
f 764//1161 763//1161 753//1161
f 610//1162 772//1162 756//1162
f 772//1167 773//1167 756//1167
f 773//1168 741//1168 756//1168
f 741//1169 740//1169 756//1169
f 714//1170 774//1170 766//1170
f 774//1171 768//1171 766//1171
f 612//1170 775//1170 610//1170
f 775//1171 772//1171 610//1171
f 776//1172 730//1172 729//1172
f 767//1173 776//1173 729//1173
f 777//1174 774//1174 714//1174
f 771//1173 777//1173 714//1173
f 778//1175 763//1175 770//1175
f 769//1176 778//1176 770//1176
f 773//1177 737//1177 741//1177
f 650//1175 779//1175 694//1175
f 779//1178 767//1178 694//1178
f 778//1178 771//1178 763//1178
f 780//1179 781//1179 650//1179
f 781//1180 782//1180 650//1180
f 782//1176 779//1176 650//1176
f 773//1181 783//1181 737//1181
f 783//1182 736//1182 737//1182
f 784//1183 785//1183 768//1183
f 785//1184 769//1184 768//1184
f 786//1183 787//1183 772//1183
f 787//1184 773//1184 772//1184
f 731//44 788//44 599//44
f 788//1185 780//1185 599//1185
f 780//1186 650//1186 599//1186
f 735//44 789//44 648//44
f 789//1187 790//1187 648//1187
f 790//1188 791//1188 648//1188
f 791//1189 649//1189 648//1189
f 776//1190 792//1190 730//1190
f 792//1191 731//1191 730//1191
f 793//1192 784//1192 768//1192
f 774//1193 793//1193 768//1193
f 794//1175 778//1175 769//1175
f 785//1194 794//1194 769//1194
f 795//1195 793//1195 777//1195
f 793//1196 774//1196 777//1196
f 796//1192 786//1192 772//1192
f 775//1193 796//1193 772//1193
f 787//1197 783//1197 773//1197
f 797//1198 798//1198 612//1198
f 798//1199 796//1199 612//1199
f 796//1196 775//1196 612//1196
f 623//1200 799//1200 612//1200
f 799//1201 797//1201 612//1201
f 600//1202 800//1202 652//1202
f 736//45 799//45 623//45
f 733//45 801//45 600//45
f 801//45 802//45 600//45
f 802//1203 800//1203 600//1203
f 803//1204 792//1204 776//1204
f 779//1205 804//1205 767//1205
f 782//1206 804//1206 779//1206
f 778//1205 805//1205 771//1205
f 794//1206 805//1206 778//1206
f 804//1207 803//1207 767//1207
f 803//1208 776//1208 767//1208
f 805//1207 795//1207 771//1207
f 795//1209 777//1209 771//1209
f 806//1210 735//1210 739//1210
f 807//1211 806//1211 739//1211
f 800//1212 807//1212 652//1212
f 807//1213 739//1213 652//1213
f 806//44 789//44 735//44
f 808//1214 732//1214 649//1214
f 791//1215 808//1215 649//1215
f 801//1216 733//1216 732//1216
f 808//1217 801//1217 732//1217
f 781//1218 804//1218 782//1218
f 785//1194 809//1194 794//1194
f 809//1219 810//1219 794//1219
f 810//1218 805//1218 794//1218
f 784//1220 809//1220 785//1220
f 811//1221 783//1221 787//1221
f 786//1222 811//1222 787//1222
f 812//1223 792//1223 803//1223
f 804//1224 812//1224 803//1224
f 813//1225 814//1225 795//1225
f 815//1226 816//1226 795//1226
f 816//1227 817//1227 795//1227
f 817//1228 813//1228 795//1228
f 814//1229 818//1229 795//1229
f 818//1230 793//1230 795//1230
f 819//1231 815//1231 795//1231
f 820//1232 819//1232 795//1232
f 805//1224 820//1224 795//1224
f 818//1233 784//1233 793//1233
f 798//1234 786//1234 796//1234
f 821//1235 822//1235 804//1235
f 822//1236 812//1236 804//1236
f 781//1237 821//1237 804//1237
f 780//1238 823//1238 781//1238
f 823//1239 821//1239 781//1239
f 814//1240 824//1240 784//1240
f 818//1241 814//1241 784//1241
f 824//1242 825//1242 784//1242
f 825//1243 809//1243 784//1243
f 825//1244 810//1244 809//1244
f 826//1235 827//1235 805//1235
f 827//1236 820//1236 805//1236
f 810//1237 826//1237 805//1237
f 828//1245 829//1245 810//1245
f 830//1246 828//1246 810//1246
f 831//1247 830//1247 810//1247
f 825//1248 831//1248 810//1248
f 829//1249 826//1249 810//1249
f 832//1250 833//1250 786//1250
f 798//1241 832//1241 786//1241
f 833//1242 834//1242 786//1242
f 834//1243 811//1243 786//1243
f 835//1251 783//1251 811//1251
f 834//1252 835//1252 811//1252
f 780//1253 836//1253 823//1253
f 836//1254 821//1254 823//1254
f 828//1255 837//1255 829//1255
f 837//1256 826//1256 829//1256
f 824//1257 831//1257 825//1257
f 838//1258 835//1258 834//1258
f 833//1259 838//1259 834//1259
f 839//1260 792//1260 812//1260
f 822//1261 839//1261 812//1261
f 827//1262 819//1262 820//1262
f 797//1263 832//1263 798//1263
f 840//1264 841//1264 821//1264
f 841//1265 842//1265 821//1265
f 842//1266 822//1266 821//1266
f 836//1267 840//1267 821//1267
f 843//1268 844//1268 836//1268
f 780//1269 843//1269 836//1269
f 844//1270 840//1270 836//1270
f 817//1271 845//1271 824//1271
f 814//1272 813//1272 824//1272
f 813//1273 817//1273 824//1273
f 830//1274 831//1274 824//1274
f 845//1275 830//1275 824//1275
f 846//1264 847//1264 826//1264
f 847//1265 848//1265 826//1265
f 848//1266 827//1266 826//1266
f 837//1267 846//1267 826//1267
f 828//1247 849//1247 837//1247
f 849//1270 846//1270 837//1270
f 850//1271 851//1271 833//1271
f 832//1272 852//1272 833//1272
f 852//1273 850//1273 833//1273
f 853//1274 838//1274 833//1274
f 851//1275 853//1275 833//1275
f 853//1276 835//1276 838//1276
f 845//1277 828//1277 830//1277
f 854//1278 835//1278 853//1278
f 851//1279 854//1279 853//1279
f 843//1280 855//1280 844//1280
f 855//1281 840//1281 844//1281
f 828//1282 856//1282 849//1282
f 856//1281 846//1281 849//1281
f 857//1283 858//1283 840//1283
f 858//1284 859//1284 840//1284
f 859//1285 841//1285 840//1285
f 860//1286 857//1286 840//1286
f 855//1287 860//1287 840//1287
f 843//1288 860//1288 855//1288
f 815//1289 861//1289 845//1289
f 817//1290 816//1290 845//1290
f 816//1291 815//1291 845//1291
f 861//1292 828//1292 845//1292
f 862//1293 863//1293 828//1293
f 863//1293 856//1293 828//1293
f 861//1294 862//1294 828//1294
f 864//1283 865//1283 846//1283
f 865//1284 866//1284 846//1284
f 866//1285 847//1285 846//1285
f 863//1286 864//1286 846//1286
f 856//1287 863//1287 846//1287
f 867//1289 868//1289 851//1289
f 850//1295 869//1295 851//1295
f 869//1291 867//1291 851//1291
f 868//1292 854//1292 851//1292
f 870//1296 835//1296 854//1296
f 868//1294 870//1294 854//1294
f 797//1297 852//1297 832//1297
f 842//1298 839//1298 822//1298
f 848//1299 819//1299 827//1299
f 871//1300 872//1300 857//1300
f 872//1301 858//1301 857//1301
f 873//1302 871//1302 857//1302
f 860//1303 873//1303 857//1303
f 843//1304 873//1304 860//1304
f 874//1305 875//1305 861//1305
f 815//1306 819//1306 861//1306
f 819//1307 874//1307 861//1307
f 875//1308 862//1308 861//1308
f 876//1309 863//1309 862//1309
f 875//1310 876//1310 862//1310
f 877//1300 878//1300 864//1300
f 878//1301 865//1301 864//1301
f 879//1302 877//1302 864//1302
f 863//1303 879//1303 864//1303
f 876//1309 879//1309 863//1309
f 880//1311 881//1311 868//1311
f 867//1312 882//1312 868//1312
f 882//1307 880//1307 868//1307
f 881//1313 870//1313 868//1313
f 883//1314 835//1314 870//1314
f 881//1315 883//1315 870//1315
f 841//1316 839//1316 842//1316
f 847//1317 819//1317 848//1317
f 797//1318 850//1318 852//1318
f 884//1319 885//1319 871//1319
f 885//1320 872//1320 871//1320
f 886//1321 884//1321 871//1321
f 873//1322 886//1322 871//1322
f 843//1323 886//1323 873//1323
f 874//1324 887//1324 875//1324
f 887//1325 888//1325 875//1325
f 888//1326 876//1326 875//1326
f 889//1327 890//1327 876//1327
f 891//1328 889//1328 876//1328
f 890//1329 892//1329 876//1329
f 892//1330 893//1330 876//1330
f 893//1331 894//1331 876//1331
f 894//1332 879//1332 876//1332
f 835//1333 891//1333 876//1333
f 895//1334 835//1334 876//1334
f 888//1335 895//1335 876//1335
f 896//1319 897//1319 877//1319
f 897//1320 878//1320 877//1320
f 894//1336 896//1336 877//1336
f 879//1337 894//1337 877//1337
f 880//1338 898//1338 881//1338
f 898//1339 899//1339 881//1339
f 899//1340 883//1340 881//1340
f 900//1341 835//1341 883//1341
f 899//1342 900//1342 883//1342
f 859//1343 839//1343 841//1343
f 866//1344 819//1344 847//1344
f 797//1345 869//1345 850//1345
f 901//1346 736//1346 783//1346
f 835//1347 901//1347 783//1347
f 902//1348 903//1348 884//1348
f 903//1349 885//1349 884//1349
f 904//1350 902//1350 884//1350
f 886//1351 904//1351 884//1351
f 843//1352 904//1352 886//1352
f 887//1353 905//1353 888//1353
f 905//1354 906//1354 888//1354
f 907//1355 895//1355 888//1355
f 906//1356 907//1356 888//1356
f 907//1357 835//1357 895//1357
f 908//1348 909//1348 896//1348
f 909//1349 897//1349 896//1349
f 893//1358 908//1358 896//1358
f 894//1359 893//1359 896//1359
f 898//1353 910//1353 899//1353
f 910//1354 911//1354 899//1354
f 912//1355 900//1355 899//1355
f 911//1356 912//1356 899//1356
f 912//1360 835//1360 900//1360
f 913//1361 807//1361 800//1361
f 802//1362 913//1362 800//1362
f 913//1363 914//1363 807//1363
f 915//1364 806//1364 807//1364
f 914//1365 915//1365 807//1365
f 915//44 916//44 806//44
f 916//44 789//44 806//44
f 901//45 917//45 736//45
f 917//45 799//45 736//45
f 918//44 788//44 731//44
f 792//1366 918//1366 731//1366
f 919//45 802//45 801//45
f 920//1367 919//1367 801//1367
f 808//1368 920//1368 801//1368
f 921//1369 835//1369 907//1369
f 906//1370 921//1370 907//1370
f 922//1371 835//1371 912//1371
f 911//1370 922//1370 912//1370
f 843//1372 923//1372 904//1372
f 923//1373 902//1373 904//1373
f 892//1374 908//1374 893//1374
f 790//1375 808//1375 791//1375
f 839//1376 918//1376 792//1376
f 790//1377 920//1377 808//1377
f 924//1378 925//1378 902//1378
f 925//1379 903//1379 902//1379
f 926//1380 924//1380 902//1380
f 923//1381 926//1381 902//1381
f 843//1382 926//1382 923//1382
f 905//1383 927//1383 906//1383
f 927//1384 928//1384 906//1384
f 929//1385 921//1385 906//1385
f 928//1386 929//1386 906//1386
f 929//1387 835//1387 921//1387
f 930//1378 931//1378 908//1378
f 931//1379 909//1379 908//1379
f 890//1380 930//1380 908//1380
f 892//1381 890//1381 908//1381
f 910//1383 932//1383 911//1383
f 932//1384 933//1384 911//1384
f 934//1385 922//1385 911//1385
f 933//1386 934//1386 911//1386
f 934//1388 835//1388 922//1388
f 935//1389 835//1389 929//1389
f 928//1390 935//1390 929//1390
f 936//1391 835//1391 934//1391
f 933//1392 936//1392 934//1392
f 843//1393 937//1393 926//1393
f 937//1394 924//1394 926//1394
f 889//1395 930//1395 890//1395
f 858//1396 839//1396 859//1396
f 865//1397 819//1397 866//1397
f 797//1398 867//1398 869//1398
f 938//1399 939//1399 924//1399
f 939//1400 940//1400 924//1400
f 940//1401 925//1401 924//1401
f 941//1402 938//1402 924//1402
f 937//1403 941//1403 924//1403
f 843//1404 941//1404 937//1404
f 927//1405 942//1405 928//1405
f 942//1406 938//1406 928//1406
f 943//1407 935//1407 928//1407
f 938//1408 943//1408 928//1408
f 943//1409 835//1409 935//1409
f 944//1399 945//1399 930//1399
f 945//1400 946//1400 930//1400
f 946//1401 931//1401 930//1401
f 891//1402 944//1402 930//1402
f 889//1403 891//1403 930//1403
f 932//1405 947//1405 933//1405
f 947//1406 944//1406 933//1406
f 948//1407 936//1407 933//1407
f 944//1408 948//1408 933//1408
f 948//1410 835//1410 936//1410
f 949//1411 843//1411 943//1411
f 843//1412 835//1412 943//1412
f 938//1413 949//1413 943//1413
f 950//1414 835//1414 948//1414
f 944//1413 950//1413 948//1413
f 843//1415 949//1415 941//1415
f 949//1416 938//1416 941//1416
f 835//1417 950//1417 891//1417
f 950//1416 944//1416 891//1416
f 942//1418 951//1418 938//1418
f 951//1419 939//1419 938//1419
f 947//1418 952//1418 944//1418
f 952//1419 945//1419 944//1419
f 872//1420 839//1420 858//1420
f 878//1421 819//1421 865//1421
f 797//1422 882//1422 867//1422
f 885//1423 839//1423 872//1423
f 878//1424 874//1424 819//1424
f 897//1424 874//1424 878//1424
f 797//1425 880//1425 882//1425
f 903//1426 839//1426 885//1426
f 897//1427 887//1427 874//1427
f 927//1428 905//1428 897//1428
f 905//1429 887//1429 897//1429
f 942//1430 927//1430 897//1430
f 909//1431 942//1431 897//1431
f 797//1432 898//1432 880//1432
f 925//1433 839//1433 903//1433
f 931//1434 942//1434 909//1434
f 797//1435 910//1435 898//1435
f 788//1436 843//1436 780//1436
f 953//1437 954//1437 913//1437
f 954//1438 914//1438 913//1438
f 802//1439 953//1439 913//1439
f 843//1440 955//1440 835//1440
f 955//1441 901//1441 835//1441
f 956//1442 955//1442 843//1442
f 957//1443 956//1443 843//1443
f 788//1444 957//1444 843//1444
f 940//1445 839//1445 925//1445
f 946//1446 942//1446 931//1446
f 797//1447 932//1447 910//1447
f 918//44 957//44 788//44
f 919//45 958//45 802//45
f 958//1448 953//1448 802//1448
f 916//1449 959//1449 789//1449
f 959//1450 960//1450 789//1450
f 960//1451 790//1451 789//1451
f 917//1452 797//1452 799//1452
f 939//1453 839//1453 940//1453
f 945//1454 942//1454 946//1454
f 797//1454 947//1454 932//1454
f 939//1455 961//1455 839//1455
f 961//1456 918//1456 839//1456
f 951//1457 961//1457 939//1457
f 945//1458 962//1458 942//1458
f 963//1459 951//1459 942//1459
f 962//1460 963//1460 942//1460
f 952//1461 962//1461 945//1461
f 797//1458 962//1458 947//1458
f 962//1462 952//1462 947//1462
f 960//1463 920//1463 790//1463
f 917//1464 962//1464 797//1464
f 963//1465 961//1465 951//1465
f 954//1466 915//1466 914//1466
f 956//1467 964//1467 955//1467
f 965//1468 901//1468 955//1468
f 964//1469 965//1469 955//1469
f 966//1470 954//1470 953//1470
f 958//1471 966//1471 953//1471
f 966//1472 967//1472 954//1472
f 968//1473 915//1473 954//1473
f 967//1474 968//1474 954//1474
f 968//44 969//44 915//44
f 969//44 916//44 915//44
f 965//45 970//45 901//45
f 970//45 917//45 901//45
f 971//44 957//44 918//44
f 961//1475 971//1475 918//1475
f 972//45 958//45 919//45
f 973//1476 972//1476 919//1476
f 920//1477 973//1477 919//1477
f 959//1478 920//1478 960//1478
f 963//1479 971//1479 961//1479
f 959//1480 973//1480 920//1480
f 974//1481 964//1481 956//1481
f 957//1482 974//1482 956//1482
f 975//1483 967//1483 966//1483
f 958//1484 975//1484 966//1484
f 974//1485 976//1485 964//1485
f 976//1486 965//1486 964//1486
f 977//1487 976//1487 974//1487
f 978//1488 977//1488 974//1488
f 957//1489 978//1489 974//1489
f 971//44 978//44 957//44
f 972//45 979//45 958//45
f 979//1490 975//1490 958//1490
f 969//1491 980//1491 916//1491
f 980//1491 981//1491 916//1491
f 981//1491 959//1491 916//1491
f 970//1492 962//1492 917//1492
f 962//1493 982//1493 963//1493
f 982//1494 971//1494 963//1494
f 981//1495 973//1495 959//1495
f 983//1496 982//1496 962//1496
f 970//1497 983//1497 962//1497
f 975//1498 984//1498 967//1498
f 984//1499 968//1499 967//1499
f 977//1500 985//1500 976//1500
f 986//1501 965//1501 976//1501
f 985//1502 986//1502 976//1502
f 987//1503 984//1503 975//1503
f 979//1504 987//1504 975//1504
f 987//1505 988//1505 984//1505
f 989//1506 968//1506 984//1506
f 988//1507 989//1507 984//1507
f 989//44 990//44 968//44
f 990//44 969//44 968//44
f 986//45 991//45 965//45
f 991//45 970//45 965//45
f 992//44 978//44 971//44
f 982//1508 992//1508 971//1508
f 993//45 979//45 972//45
f 994//1509 993//1509 972//1509
f 973//1510 994//1510 972//1510
f 980//1495 973//1495 981//1495
f 983//1511 995//1511 982//1511
f 995//1512 992//1512 982//1512
f 980//1513 994//1513 973//1513
f 996//1514 985//1514 977//1514
f 978//1515 996//1515 977//1515
f 997//1516 988//1516 987//1516
f 979//1517 997//1517 987//1517
f 996//1518 998//1518 985//1518
f 998//1519 986//1519 985//1519
f 999//1520 998//1520 996//1520
f 1000//1521 999//1521 996//1521
f 978//1522 1000//1522 996//1522
f 992//44 1000//44 978//44
f 993//45 1001//45 979//45
f 1001//1523 997//1523 979//1523
f 990//1524 1002//1524 969//1524
f 1002//1525 1003//1525 969//1525
f 1003//1525 980//1525 969//1525
f 991//1526 983//1526 970//1526
f 983//1527 1004//1527 995//1527
f 1004//1528 992//1528 995//1528
f 1003//1529 994//1529 980//1529
f 1005//1530 1004//1530 983//1530
f 991//1531 1005//1531 983//1531
f 997//1532 1006//1532 988//1532
f 1006//1533 989//1533 988//1533
f 999//1534 1007//1534 998//1534
f 1008//1535 986//1535 998//1535
f 1007//1536 1008//1536 998//1536
f 1009//1537 1006//1537 997//1537
f 1001//1538 1009//1538 997//1538
f 1009//1539 1010//1539 1006//1539
f 1011//1540 989//1540 1006//1540
f 1010//1541 1011//1541 1006//1541
f 1011//44 1012//44 989//44
f 1012//44 990//44 989//44
f 1008//45 1013//45 986//45
f 1013//45 991//45 986//45
f 1014//44 1000//44 992//44
f 1004//1542 1014//1542 992//1542
f 1015//45 1001//45 993//45
f 1016//1543 1015//1543 993//1543
f 994//1544 1016//1544 993//1544
f 1002//1529 994//1529 1003//1529
f 1005//1545 1017//1545 1004//1545
f 1017//1546 1014//1546 1004//1546
f 1002//1547 1016//1547 994//1547
f 1018//1548 1007//1548 999//1548
f 1000//1549 1018//1549 999//1549
f 1019//1550 1010//1550 1009//1550
f 1001//1551 1019//1551 1009//1551
f 1018//1552 1020//1552 1007//1552
f 1020//1553 1008//1553 1007//1553
f 1021//1554 1020//1554 1018//1554
f 1022//1555 1021//1555 1018//1555
f 1000//1555 1022//1555 1018//1555
f 1014//44 1022//44 1000//44
f 1015//45 1023//45 1001//45
f 1023//1556 1019//1556 1001//1556
f 1012//1557 1024//1557 990//1557
f 1024//1558 1025//1558 990//1558
f 1025//1559 1002//1559 990//1559
f 1013//1560 1005//1560 991//1560
f 1005//1561 1026//1561 1017//1561
f 1026//1562 1014//1562 1017//1562
f 1025//1563 1016//1563 1002//1563
f 1027//1564 1026//1564 1005//1564
f 1013//1560 1027//1560 1005//1560
f 1019//1565 1028//1565 1010//1565
f 1028//1566 1011//1566 1010//1566
f 1021//1567 1029//1567 1020//1567
f 1030//1568 1008//1568 1020//1568
f 1029//1569 1030//1569 1020//1569
f 1031//1570 1028//1570 1019//1570
f 1023//1571 1031//1571 1019//1571
f 1031//1572 1032//1572 1028//1572
f 1033//1573 1011//1573 1028//1573
f 1032//1574 1033//1574 1028//1574
f 1033//44 1034//44 1011//44
f 1034//44 1012//44 1011//44
f 1030//45 1035//45 1008//45
f 1035//45 1013//45 1008//45
f 1036//44 1022//44 1014//44
f 1026//1575 1036//1575 1014//1575
f 1037//45 1023//45 1015//45
f 1038//1576 1037//1576 1015//1576
f 1016//1577 1038//1577 1015//1577
f 1024//1578 1016//1578 1025//1578
f 1027//1579 1039//1579 1026//1579
f 1039//1575 1036//1575 1026//1575
f 1024//1580 1038//1580 1016//1580
f 1040//1581 1029//1581 1021//1581
f 1022//1582 1040//1582 1021//1582
f 1041//1583 1032//1583 1031//1583
f 1023//1584 1041//1584 1031//1584
f 1040//1585 1042//1585 1029//1585
f 1042//1586 1030//1586 1029//1586
f 1043//1587 1042//1587 1040//1587
f 1044//1588 1043//1588 1040//1588
f 1022//1589 1044//1589 1040//1589
f 1036//44 1044//44 1022//44
f 1037//45 1045//45 1023//45
f 1045//1590 1041//1590 1023//1590
f 1034//1591 1046//1591 1012//1591
f 1046//1592 1047//1592 1012//1592
f 1047//1593 1024//1593 1012//1593
f 1035//1594 1027//1594 1013//1594
f 1041//1595 1048//1595 1032//1595
f 1048//1596 1033//1596 1032//1596
f 1043//1597 1049//1597 1042//1597
f 1049//1598 1030//1598 1042//1598
f 1027//1579 1050//1579 1039//1579
f 1050//1575 1036//1575 1039//1575
f 1047//1599 1038//1599 1024//1599
f 1051//1600 1050//1600 1027//1600
f 1035//1601 1051//1601 1027//1601
f 1052//1602 1048//1602 1041//1602
f 1045//1603 1052//1603 1041//1603
f 1052//1604 1053//1604 1048//1604
f 1054//1605 1033//1605 1048//1605
f 1053//1606 1054//1606 1048//1606
f 1054//44 1055//44 1033//44
f 1055//44 1034//44 1033//44
f 1056//45 1057//45 1030//45
f 1057//45 1035//45 1030//45
f 1049//1607 1056//1607 1030//1607
f 1058//44 1044//44 1036//44
f 1050//1608 1058//1608 1036//1608
f 1059//45 1045//45 1037//45
f 1060//1609 1059//1609 1037//1609
f 1038//1610 1060//1610 1037//1610
f 1061//1611 1049//1611 1043//1611
f 1044//1612 1061//1612 1043//1612
f 1062//1613 1053//1613 1052//1613
f 1045//1614 1062//1614 1052//1614
f 1046//1615 1038//1615 1047//1615
f 1051//1616 1063//1616 1050//1616
f 1063//1617 1058//1617 1050//1617
f 1046//1618 1060//1618 1038//1618
f 1061//1619 1064//1619 1049//1619
f 1064//1607 1056//1607 1049//1607
f 1065//1620 1064//1620 1061//1620
f 1066//1621 1065//1621 1061//1621
f 1044//1622 1066//1622 1061//1622
f 1058//44 1066//44 1044//44
f 1059//45 1067//45 1045//45
f 1067//1623 1062//1623 1045//1623
f 1055//1624 1068//1624 1034//1624
f 1068//1625 1069//1625 1034//1625
f 1069//1626 1046//1626 1034//1626
f 1057//1627 1051//1627 1035//1627
f 1062//1628 1070//1628 1053//1628
f 1070//1629 1054//1629 1053//1629
f 1065//1630 1071//1630 1064//1630
f 1071//1631 1056//1631 1064//1631
f 1051//1632 1072//1632 1063//1632
f 1072//1633 1058//1633 1063//1633
f 1062//1634 1073//1634 1070//1634
f 1073//1635 1074//1635 1070//1635
f 1075//1636 1054//1636 1070//1636
f 1074//1637 1075//1637 1070//1637
f 1067//1638 1073//1638 1062//1638
f 1069//1639 1060//1639 1046//1639
f 1076//1640 1072//1640 1051//1640
f 1057//1641 1076//1641 1051//1641
f 1075//44 1077//44 1054//44
f 1077//44 1055//44 1054//44
f 1078//45 1079//45 1056//45
f 1079//45 1057//45 1056//45
f 1071//1642 1078//1642 1056//1642
f 1080//44 1066//44 1058//44
f 1072//1643 1080//1643 1058//1643
f 1081//45 1067//45 1059//45
f 1082//1644 1081//1644 1059//1644
f 1060//1645 1082//1645 1059//1645
f 1083//1646 1071//1646 1065//1646
f 1066//1647 1083//1647 1065//1647
f 1084//1648 1074//1648 1073//1648
f 1067//1649 1084//1649 1073//1649
f 1085//1650 1071//1650 1083//1650
f 1086//1651 1085//1651 1083//1651
f 1087//1652 1086//1652 1083//1652
f 1066//1653 1087//1653 1083//1653
f 1085//1654 1078//1654 1071//1654
f 1068//1655 1060//1655 1069//1655
f 1076//1656 1088//1656 1072//1656
f 1088//1657 1080//1657 1072//1657
f 1068//1658 1082//1658 1060//1658
f 1080//44 1087//44 1066//44
f 1081//45 1089//45 1067//45
f 1089//1659 1084//1659 1067//1659
f 1084//1660 1090//1660 1074//1660
f 1090//1661 1075//1661 1074//1661
f 1086//1662 1091//1662 1085//1662
f 1091//1663 1078//1663 1085//1663
f 1077//1664 1092//1664 1055//1664
f 1092//1665 1093//1665 1055//1665
f 1093//1666 1068//1666 1055//1666
f 1079//1667 1076//1667 1057//1667
f 1094//1668 1095//1668 1090//1668
f 1096//1669 1097//1669 1090//1669
f 1097//1670 1098//1670 1090//1670
f 1098//1671 1099//1671 1090//1671
f 1099//1672 1094//1672 1090//1672
f 1100//1673 1101//1673 1090//1673
f 1095//1674 1102//1674 1090//1674
f 1102//1675 1103//1675 1090//1675
f 1103//1676 1100//1676 1090//1676
f 1101//1677 1104//1677 1090//1677
f 1104//1678 1105//1678 1090//1678
f 1105//1679 1106//1679 1090//1679
f 1106//1680 1107//1680 1090//1680
f 1107//1681 1108//1681 1090//1681
f 1108//1682 1109//1682 1090//1682
f 1109//1683 1110//1683 1090//1683
f 1084//1684 1111//1684 1090//1684
f 1111//1685 1096//1685 1090//1685
f 1112//1686 1075//1686 1090//1686
f 1110//1687 1112//1687 1090//1687
f 1113//1688 1114//1688 1084//1688
f 1114//1689 1115//1689 1084//1689
f 1115//1690 1116//1690 1084//1690
f 1116//1691 1117//1691 1084//1691
f 1117//1692 1118//1692 1084//1692
f 1118//1693 1119//1693 1084//1693
f 1119//1694 1120//1694 1084//1694
f 1120//1695 1121//1695 1084//1695
f 1121//1696 1122//1696 1084//1696
f 1122//1697 1111//1697 1084//1697
f 1089//1698 1113//1698 1084//1698
f 1112//44 1123//44 1075//44
f 1123//44 1077//44 1075//44
f 1124//45 1125//45 1078//45
f 1125//45 1079//45 1078//45
f 1091//1699 1124//1699 1078//1699
f 1076//1700 1126//1700 1088//1700
f 1126//1701 1080//1701 1088//1701
f 1093//1702 1082//1702 1068//1702
f 1127//1703 1126//1703 1076//1703
f 1079//1704 1127//1704 1076//1704
f 1128//1705 1091//1705 1086//1705
f 1087//1706 1128//1706 1086//1706
f 1129//1707 1130//1707 1113//1707
f 1130//1708 1114//1708 1113//1708
f 1089//1709 1129//1709 1113//1709
f 1131//44 1087//44 1080//44
f 1126//1710 1131//1710 1080//1710
f 1132//45 1089//45 1081//45
f 1133//1711 1132//1711 1081//1711
f 1082//1712 1133//1712 1081//1712
f 1134//1713 1091//1713 1128//1713
f 1135//1714 1134//1714 1128//1714
f 1087//1715 1135//1715 1128//1715
f 1134//1716 1124//1716 1091//1716
f 1131//44 1136//44 1087//44
f 1136//1717 1135//1717 1087//1717
f 1132//45 1137//45 1089//45
f 1137//1718 1129//1718 1089//1718
f 1109//1719 1138//1719 1110//1719
f 1138//1720 1112//1720 1110//1720
f 1135//1721 1139//1721 1134//1721
f 1139//1722 1124//1722 1134//1722
f 1102//1723 1140//1723 1103//1723
f 1140//1724 1100//1724 1103//1724
f 1121//1723 1141//1723 1122//1723
f 1141//1724 1111//1724 1122//1724
f 1140//1725 1142//1725 1100//1725
f 1142//1726 1101//1726 1100//1726
f 1141//1725 1143//1725 1111//1725
f 1143//1726 1096//1726 1111//1726
f 1144//1727 1145//1727 1102//1727
f 1145//1728 1140//1728 1102//1728
f 1120//1727 1146//1727 1121//1727
f 1146//1728 1141//1728 1121//1728
f 1142//1729 1104//1729 1101//1729
f 1147//1730 1145//1730 1144//1730
f 1143//1729 1097//1729 1096//1729
f 1119//1730 1146//1730 1120//1730
f 1142//1731 1148//1731 1104//1731
f 1148//1732 1105//1732 1104//1732
f 1143//1731 1149//1731 1097//1731
f 1149//1732 1098//1732 1097//1732
f 1150//1733 1151//1733 1147//1733
f 1151//1734 1145//1734 1147//1734
f 1118//1733 1152//1733 1119//1733
f 1152//1735 1146//1735 1119//1735
f 1092//1736 1153//1736 1093//1736
f 1153//1737 1154//1737 1093//1737
f 1154//1738 1082//1738 1093//1738
f 1148//1739 1106//1739 1105//1739
f 1095//1740 1155//1740 1150//1740
f 1155//1741 1151//1741 1150//1741
f 1149//1739 1099//1739 1098//1739
f 1117//1741 1152//1741 1118//1741
f 1127//1742 1156//1742 1126//1742
f 1156//1743 1131//1743 1126//1743
f 1157//1744 1133//1744 1082//1744
f 1154//1744 1158//1744 1082//1744
f 1158//1745 1159//1745 1082//1745
f 1159//1746 1157//1746 1082//1746
f 1095//1747 1160//1747 1155//1747
f 1160//1748 1161//1748 1155//1748
f 1161//1749 1151//1749 1155//1749
f 1116//1748 1162//1748 1117//1748
f 1162//1749 1152//1749 1117//1749
f 1148//1750 1163//1750 1106//1750
f 1163//1751 1107//1751 1106//1751
f 1149//1750 1164//1750 1099//1750
f 1164//1751 1094//1751 1099//1751
f 1163//1752 1165//1752 1107//1752
f 1165//1753 1108//1753 1107//1753
f 1166//1754 1161//1754 1160//1754
f 1164//1753 1167//1753 1094//1753
f 1167//1753 1095//1753 1094//1753
f 1115//1755 1162//1755 1116//1755
f 1165//1756 1168//1756 1108//1756
f 1168//1756 1109//1756 1108//1756
f 1169//1757 1170//1757 1166//1757
f 1095//1757 1169//1757 1166//1757
f 1170//1758 1171//1758 1166//1758
f 1171//1754 1161//1754 1166//1754
f 1167//1756 1172//1756 1095//1756
f 1172//1756 1169//1756 1095//1756
f 1114//1759 1173//1759 1115//1759
f 1173//1755 1162//1755 1115//1755
f 1123//1760 1174//1760 1077//1760
f 1174//1761 1175//1761 1077//1761
f 1175//1762 1092//1762 1077//1762
f 1125//1763 1127//1763 1079//1763
f 1176//1764 1138//1764 1109//1764
f 1168//1765 1176//1765 1109//1765
f 1169//1766 1177//1766 1170//1766
f 1177//1767 1178//1767 1170//1767
f 1178//1758 1171//1758 1170//1758
f 1179//1766 1177//1766 1169//1766
f 1172//1765 1179//1765 1169//1765
f 1130//1767 1180//1767 1114//1767
f 1180//1759 1173//1759 1114//1759
f 1176//1768 1181//1768 1138//1768
f 1181//1769 1182//1769 1138//1769
f 1182//1770 1183//1770 1138//1770
f 1183//1771 1184//1771 1138//1771
f 1184//1772 1185//1772 1138//1772
f 1185//1773 1186//1773 1138//1773
f 1186//1774 1187//1774 1138//1774
f 1188//1775 1112//1775 1138//1775
f 1187//1776 1188//1776 1138//1776
f 1189//1777 1190//1777 1129//1777
f 1190//1778 1191//1778 1129//1778
f 1191//1779 1192//1779 1129//1779
f 1192//1780 1193//1780 1129//1780
f 1193//1781 1194//1781 1129//1781
f 1194//1782 1195//1782 1129//1782
f 1195//1783 1196//1783 1129//1783
f 1196//1784 1130//1784 1129//1784
f 1137//1718 1189//1718 1129//1718
f 1168//1785 1197//1785 1176//1785
f 1197//1786 1181//1786 1176//1786
f 1198//1787 1199//1787 1177//1787
f 1179//1787 1198//1787 1177//1787
f 1199//1788 1200//1788 1177//1788
f 1200//1789 1178//1789 1177//1789
f 1172//1785 1201//1785 1179//1785
f 1201//1786 1198//1786 1179//1786
f 1196//1788 1202//1788 1130//1788
f 1202//1790 1180//1790 1130//1790
f 1197//1791 1182//1791 1181//1791
f 1198//1792 1203//1792 1199//1792
f 1203//1793 1200//1793 1199//1793
f 1204//1794 1203//1794 1198//1794
f 1205//1792 1204//1792 1198//1792
f 1201//1791 1205//1791 1198//1791
f 1195//1793 1202//1793 1196//1793
f 1204//1795 1206//1795 1203//1795
f 1206//1796 1200//1796 1203//1796
f 1194//1795 1207//1795 1195//1795
f 1207//1796 1202//1796 1195//1796
f 1197//1797 1183//1797 1182//1797
f 1208//1794 1204//1794 1205//1794
f 1201//1797 1208//1797 1205//1797
f 1209//1798 1184//1798 1183//1798
f 1197//1799 1209//1799 1183//1799
f 1208//1800 1210//1800 1204//1800
f 1210//1801 1211//1801 1204//1801
f 1211//1802 1212//1802 1204//1802
f 1212//1803 1213//1803 1204//1803
f 1213//1804 1206//1804 1204//1804
f 1214//1805 1210//1805 1208//1805
f 1201//1806 1214//1806 1208//1806
f 1193//1807 1207//1807 1194//1807
f 1215//1808 1139//1808 1135//1808
f 1136//1809 1215//1809 1135//1809
f 1216//1810 1217//1810 1189//1810
f 1217//1811 1190//1811 1189//1811
f 1137//1812 1216//1812 1189//1812
f 1209//1813 1185//1813 1184//1813
f 1214//1814 1211//1814 1210//1814
f 1212//1815 1218//1815 1213//1815
f 1218//1816 1219//1816 1213//1816
f 1219//1817 1206//1817 1213//1817
f 1192//1818 1220//1818 1193//1818
f 1220//1819 1207//1819 1193//1819
f 1209//1820 1221//1820 1185//1820
f 1221//1821 1186//1821 1185//1821
f 1212//1802 1222//1802 1218//1802
f 1222//1822 1219//1822 1218//1822
f 1214//1820 1223//1820 1211//1820
f 1223//1823 1212//1823 1211//1823
f 1191//1824 1220//1824 1192//1824
f 1188//44 1224//44 1112//44
f 1224//44 1123//44 1112//44
f 1225//45 1226//45 1124//45
f 1226//45 1125//45 1124//45
f 1139//1825 1225//1825 1124//1825
f 1212//1826 1227//1826 1222//1826
f 1227//1827 1228//1827 1222//1827
f 1228//1828 1219//1828 1222//1828
f 1190//1827 1229//1827 1191//1827
f 1229//1828 1220//1828 1191//1828
f 1230//1829 1187//1829 1186//1829
f 1221//1830 1230//1830 1186//1830
f 1231//1826 1227//1826 1212//1826
f 1223//1830 1231//1830 1212//1830
f 1232//1831 1187//1831 1230//1831
f 1233//1832 1232//1832 1230//1832
f 1221//1833 1233//1833 1230//1833
f 1231//1826 1234//1826 1227//1826
f 1234//1834 1235//1834 1227//1834
f 1235//1835 1228//1835 1227//1835
f 1236//1826 1234//1826 1231//1826
f 1237//1832 1236//1832 1231//1832
f 1223//1833 1237//1833 1231//1833
f 1217//1834 1238//1834 1190//1834
f 1238//1835 1229//1835 1190//1835
f 1239//1836 1187//1836 1232//1836
f 1240//1837 1239//1837 1232//1837
f 1233//1838 1241//1838 1232//1838
f 1241//1839 1240//1839 1232//1839
f 1242//1840 1243//1840 1236//1840
f 1244//1841 1242//1841 1236//1841
f 1243//1842 1245//1842 1236//1842
f 1245//1841 1234//1841 1236//1841
f 1237//1838 1246//1838 1236//1838
f 1246//1843 1244//1843 1236//1843
f 1245//1844 1235//1844 1234//1844
f 1216//1845 1247//1845 1217//1845
f 1247//1846 1238//1846 1217//1846
f 1248//1847 1239//1847 1240//1847
f 1241//1848 1248//1848 1240//1848
f 1249//1849 1235//1849 1245//1849
f 1243//1850 1249//1850 1245//1850
f 1250//1851 1242//1851 1244//1851
f 1246//1848 1250//1848 1244//1848
f 1216//1852 1251//1852 1247//1852
f 1252//1849 1238//1849 1247//1849
f 1251//1850 1252//1850 1247//1850
f 1127//1853 1253//1853 1156//1853
f 1253//1854 1131//1854 1156//1854
f 1254//1855 1139//1855 1215//1855
f 1255//1856 1254//1856 1215//1856
f 1136//1857 1255//1857 1215//1857
f 1242//1858 1249//1858 1243//1858
f 1216//1859 1256//1859 1251//1859
f 1256//1860 1252//1860 1251//1860
f 1257//1861 1239//1861 1248//1861
f 1241//1862 1258//1862 1248//1862
f 1258//1863 1257//1863 1248//1863
f 1259//1864 1242//1864 1250//1864
f 1246//1862 1260//1862 1250//1862
f 1260//1863 1259//1863 1250//1863
f 1175//1865 1261//1865 1092//1865
f 1261//1866 1153//1866 1092//1866
f 1262//1867 1253//1867 1127//1867
f 1125//1868 1262//1868 1127//1868
f 1254//1869 1225//1869 1139//1869
f 1263//1870 1239//1870 1257//1870
f 1258//1871 1263//1871 1257//1871
f 1264//1872 1265//1872 1242//1872
f 1259//1873 1266//1873 1242//1873
f 1266//1874 1264//1874 1242//1874
f 1267//1875 1249//1875 1242//1875
f 1265//1876 1267//1876 1242//1876
f 1260//1877 1266//1877 1259//1877
f 1216//1878 1268//1878 1256//1878
f 1269//1875 1252//1875 1256//1875
f 1268//1879 1269//1879 1256//1879
f 1270//44 1136//44 1131//44
f 1253//1880 1270//1880 1131//1880
f 1271//45 1137//45 1132//45
f 1272//1881 1271//1881 1132//1881
f 1133//1882 1272//1882 1132//1882
f 1273//1883 1239//1883 1263//1883
f 1274//1884 1273//1884 1263//1884
f 1258//1885 1274//1885 1263//1885
f 1275//1886 1264//1886 1266//1886
f 1260//1887 1275//1887 1266//1887
f 1264//1888 1276//1888 1265//1888
f 1276//1889 1267//1889 1265//1889
f 1216//1890 1277//1890 1268//1890
f 1277//1891 1269//1891 1268//1891
f 1278//1892 1239//1892 1273//1892
f 1279//1893 1278//1893 1273//1893
f 1274//1893 1279//1893 1273//1893
f 1264//1894 1280//1894 1276//1894
f 1280//1895 1267//1895 1276//1895
f 1281//1894 1280//1894 1264//1894
f 1282//1893 1281//1893 1264//1893
f 1275//1893 1282//1893 1264//1893
f 1216//1896 1283//1896 1277//1896
f 1283//1895 1269//1895 1277//1895
f 1239//1897 1188//1897 1187//1897
f 1255//1898 1284//1898 1254//1898
f 1284//1899 1225//1899 1254//1899
f 1285//1900 1239//1900 1278//1900
f 1286//1901 1285//1901 1278//1901
f 1279//1901 1286//1901 1278//1901
f 1281//1902 1287//1902 1280//1902
f 1287//1903 1288//1903 1280//1903
f 1288//1895 1267//1895 1280//1895
f 1289//1902 1287//1902 1281//1902
f 1290//1901 1289//1901 1281//1901
f 1282//1901 1290//1901 1281//1901
f 1216//1904 1291//1904 1283//1904
f 1291//1905 1292//1905 1283//1905
f 1292//1895 1269//1895 1283//1895
f 1293//1906 1239//1906 1285//1906
f 1286//1907 1294//1907 1285//1907
f 1294//1908 1293//1908 1285//1908
f 1216//1909 1295//1909 1287//1909
f 1296//1910 1297//1910 1287//1910
f 1297//1911 1298//1911 1287//1911
f 1298//1912 1299//1912 1287//1912
f 1299//1913 1300//1913 1287//1913
f 1301//1914 1302//1914 1287//1914
f 1302//1915 1216//1915 1287//1915
f 1295//1916 1303//1916 1287//1916
f 1303//1903 1288//1903 1287//1903
f 1290//1907 1304//1907 1289//1907
f 1304//1907 1296//1907 1289//1907
f 1216//1917 1305//1917 1291//1917
f 1305//1918 1306//1918 1291//1918
f 1306//1905 1292//1905 1291//1905
f 1261//1919 1142//1919 1140//1919
f 1145//1920 1154//1920 1140//1920
f 1154//1921 1153//1921 1140//1921
f 1153//1922 1261//1922 1140//1922
f 1158//1919 1143//1919 1141//1919
f 1146//1920 1157//1920 1141//1920
f 1157//1921 1159//1921 1141//1921
f 1159//1922 1158//1922 1141//1922
f 1307//1923 1148//1923 1142//1923
f 1261//1924 1308//1924 1142//1924
f 1308//1925 1307//1925 1142//1925
f 1151//1926 1309//1926 1145//1926
f 1309//1927 1154//1927 1145//1927
f 1310//1928 1149//1928 1143//1928
f 1158//1924 1311//1924 1143//1924
f 1311//1925 1310//1925 1143//1925
f 1152//1929 1312//1929 1146//1929
f 1312//1927 1157//1927 1146//1927
f 1270//44 1313//44 1136//44
f 1313//1930 1255//1930 1136//1930
f 1271//45 1314//45 1137//45
f 1314//1931 1216//1931 1137//1931
f 1307//1932 1315//1932 1148//1932
f 1315//1933 1163//1933 1148//1933
f 1161//1934 1316//1934 1151//1934
f 1316//1935 1309//1935 1151//1935
f 1310//1932 1317//1932 1149//1932
f 1317//1933 1164//1933 1149//1933
f 1162//1934 1318//1934 1152//1934
f 1318//1935 1312//1935 1152//1935
f 1319//1936 1239//1936 1293//1936
f 1294//1937 1319//1937 1293//1937
f 1216//1938 1320//1938 1295//1938
f 1320//1939 1321//1939 1295//1939
f 1321//1940 1303//1940 1295//1940
f 1304//1937 1297//1937 1296//1937
f 1216//1941 1322//1941 1305//1941
f 1322//1939 1323//1939 1305//1939
f 1323//1918 1306//1918 1305//1918
f 1324//1942 1239//1942 1319//1942
f 1294//1943 1325//1943 1319//1943
f 1325//1944 1324//1944 1319//1944
f 1304//1943 1326//1943 1297//1943
f 1326//1944 1298//1944 1297//1944
f 1216//1945 1327//1945 1320//1945
f 1327//1946 1328//1946 1320//1946
f 1328//1947 1321//1947 1320//1947
f 1216//1948 1329//1948 1322//1948
f 1329//1946 1330//1946 1322//1946
f 1330//1947 1323//1947 1322//1947
f 1331//1949 1239//1949 1324//1949
f 1325//1950 1331//1950 1324//1950
f 1216//1951 1332//1951 1327//1951
f 1332//1952 1328//1952 1327//1952
f 1326//1950 1299//1950 1298//1950
f 1216//1953 1333//1953 1329//1953
f 1333//1952 1330//1952 1329//1952
f 1315//1954 1334//1954 1163//1954
f 1334//1955 1165//1955 1163//1955
f 1171//1956 1335//1956 1161//1956
f 1335//1957 1316//1957 1161//1957
f 1317//1954 1336//1954 1164//1954
f 1336//1955 1167//1955 1164//1955
f 1173//1958 1337//1958 1162//1958
f 1337//1957 1318//1957 1162//1957
f 1216//1959 1338//1959 1332//1959
f 1338//1960 1339//1960 1332//1960
f 1339//1961 1328//1961 1332//1961
f 1216//1962 1340//1962 1333//1962
f 1340//1963 1341//1963 1333//1963
f 1341//1964 1330//1964 1333//1964
f 1342//1965 1239//1965 1331//1965
f 1325//1966 1343//1966 1331//1966
f 1343//1967 1342//1967 1331//1967
f 1326//1966 1344//1966 1299//1966
f 1344//1967 1300//1967 1299//1967
f 1345//1968 1239//1968 1342//1968
f 1343//1969 1345//1969 1342//1969
f 1216//1970 1346//1970 1338//1970
f 1346//1971 1339//1971 1338//1971
f 1344//1969 1301//1969 1300//1969
f 1216//1972 1347//1972 1340//1972
f 1347//1973 1341//1973 1340//1973
f 1348//1974 1239//1974 1345//1974
f 1349//1975 1348//1975 1345//1975
f 1343//1976 1349//1976 1345//1976
f 1350//1975 1302//1975 1301//1975
f 1344//1976 1350//1976 1301//1976
f 1216//1977 1348//1977 1346//1977
f 1349//1978 1339//1978 1346//1978
f 1348//1979 1349//1979 1346//1979
f 1216//1980 1302//1980 1347//1980
f 1350//1978 1341//1978 1347//1978
f 1302//1981 1350//1981 1347//1981
f 1216//1982 1239//1982 1348//1982
f 1334//1983 1351//1983 1165//1983
f 1351//1984 1168//1984 1165//1984
f 1178//1985 1352//1985 1171//1985
f 1352//1986 1335//1986 1171//1986
f 1336//1983 1353//1983 1167//1983
f 1353//1984 1172//1984 1167//1984
f 1180//1987 1354//1987 1173//1987
f 1354//1988 1337//1988 1173//1988
f 1355//1989 1356//1989 1239//1989
f 1216//1990 1355//1990 1239//1990
f 1357//1991 1188//1991 1239//1991
f 1356//1992 1357//1992 1239//1992
f 1314//1993 1355//1993 1216//1993
f 1351//1994 1358//1994 1168//1994
f 1358//1995 1197//1995 1168//1995
f 1200//1996 1359//1996 1178//1996
f 1359//1997 1360//1997 1178//1997
f 1360//1998 1352//1998 1178//1998
f 1353//1999 1361//1999 1172//1999
f 1361//1995 1201//1995 1172//1995
f 1202//1996 1362//1996 1180//1996
f 1362//1997 1363//1997 1180//1997
f 1363//1998 1354//1998 1180//1998
f 1364//2000 1209//2000 1197//2000
f 1358//2001 1365//2001 1197//2001
f 1365//2002 1364//2002 1197//2002
f 1206//2003 1366//2003 1200//2003
f 1366//2004 1367//2004 1200//2004
f 1367//2005 1359//2005 1200//2005
f 1368//2000 1214//2000 1201//2000
f 1361//2006 1369//2006 1201//2006
f 1369//2002 1368//2002 1201//2002
f 1207//2003 1370//2003 1202//2003
f 1370//2004 1371//2004 1202//2004
f 1371//2005 1362//2005 1202//2005
f 1372//2007 1284//2007 1255//2007
f 1313//2008 1372//2008 1255//2008
f 1373//2009 1356//2009 1355//2009
f 1314//2010 1373//2010 1355//2010
f 1174//2011 1374//2011 1175//2011
f 1374//2012 1375//2012 1175//2012
f 1375//2013 1376//2013 1175//2013
f 1376//2014 1364//2014 1175//2014
f 1364//2015 1365//2015 1175//2015
f 1365//2016 1358//2016 1175//2016
f 1358//2017 1351//2017 1175//2017
f 1351//2018 1334//2018 1175//2018
f 1334//2019 1315//2019 1175//2019
f 1315//2020 1307//2020 1175//2020
f 1307//2021 1308//2021 1175//2021
f 1308//2022 1261//2022 1175//2022
f 1309//2023 1336//2023 1154//2023
f 1336//2024 1317//2024 1154//2024
f 1317//2025 1310//2025 1154//2025
f 1310//2026 1311//2026 1154//2026
f 1311//2027 1158//2027 1154//2027
f 1312//2027 1133//2027 1157//2027
f 1262//2028 1377//2028 1253//2028
f 1377//2029 1270//2029 1253//2029
f 1312//2030 1318//2030 1133//2030
f 1318//2031 1337//2031 1133//2031
f 1337//2032 1354//2032 1133//2032
f 1354//2033 1363//2033 1133//2033
f 1370//2034 1378//2034 1133//2034
f 1363//2035 1362//2035 1133//2035
f 1362//2036 1371//2036 1133//2036
f 1371//2037 1370//2037 1133//2037
f 1378//2038 1379//2038 1133//2038
f 1379//2039 1380//2039 1133//2039
f 1380//2040 1272//2040 1133//2040
f 1224//2041 1381//2041 1123//2041
f 1381//2041 1382//2041 1123//2041
f 1382//2041 1174//2041 1123//2041
f 1226//2042 1262//2042 1125//2042
f 1375//2043 1221//2043 1209//2043
f 1364//2044 1376//2044 1209//2044
f 1376//2045 1375//2045 1209//2045
f 1219//2046 1383//2046 1206//2046
f 1383//2047 1384//2047 1206//2047
f 1384//2048 1366//2048 1206//2048
f 1385//2043 1223//2043 1214//2043
f 1368//2044 1386//2044 1214//2044
f 1386//2049 1385//2049 1214//2049
f 1220//2046 1379//2046 1207//2046
f 1379//2050 1378//2050 1207//2050
f 1378//2048 1370//2048 1207//2048
f 1316//2051 1336//2051 1309//2051
f 1335//2052 1336//2052 1316//2052
f 1387//2053 1233//2053 1221//2053
f 1375//2054 1374//2054 1221//2054
f 1374//2055 1387//2055 1221//2055
f 1228//2056 1388//2056 1219//2056
f 1388//2057 1389//2057 1219//2057
f 1389//2058 1383//2058 1219//2058
f 1390//2053 1237//2053 1223//2053
f 1385//2054 1391//2054 1223//2054
f 1391//2055 1390//2055 1223//2055
f 1229//2056 1392//2056 1220//2056
f 1392//2057 1380//2057 1220//2057
f 1380//2058 1379//2058 1220//2058
f 1357//44 1393//44 1188//44
f 1393//44 1224//44 1188//44
f 1394//45 1395//45 1225//45
f 1395//45 1226//45 1225//45
f 1284//1899 1394//1899 1225//1899
f 1352//2059 1336//2059 1335//2059
f 1396//2060 1241//2060 1233//2060
f 1387//2061 1397//2061 1233//2061
f 1397//2062 1396//2062 1233//2062
f 1235//2063 1398//2063 1228//2063
f 1398//2064 1399//2064 1228//2064
f 1399//2065 1388//2065 1228//2065
f 1400//2060 1246//2060 1237//2060
f 1390//2061 1401//2061 1237//2061
f 1401//2062 1400//2062 1237//2062
f 1238//2063 1402//2063 1229//2063
f 1402//2064 1403//2064 1229//2064
f 1403//2065 1392//2065 1229//2065
f 1404//2066 1284//2066 1372//2066
f 1405//2067 1404//2067 1372//2067
f 1313//2068 1405//2068 1372//2068
f 1404//2069 1394//2069 1284//2069
f 1360//2070 1336//2070 1352//2070
f 1360//2070 1353//2070 1336//2070
f 1406//2071 1258//2071 1241//2071
f 1396//2072 1407//2072 1241//2072
f 1407//2073 1406//2073 1241//2073
f 1249//2074 1408//2074 1235//2074
f 1408//2075 1409//2075 1235//2075
f 1409//2076 1398//2076 1235//2076
f 1410//2071 1260//2071 1246//2071
f 1400//2072 1411//2072 1246//2072
f 1411//2073 1410//2073 1246//2073
f 1252//2074 1412//2074 1238//2074
f 1412//2075 1413//2075 1238//2075
f 1413//2076 1402//2076 1238//2076
f 1373//2077 1414//2077 1356//2077
f 1414//2078 1357//2078 1356//2078
f 1405//2079 1415//2079 1404//2079
f 1415//2080 1394//2080 1404//2080
f 1416//2081 1274//2081 1258//2081
f 1406//2082 1417//2082 1258//2082
f 1417//2083 1416//2083 1258//2083
f 1267//2084 1418//2084 1249//2084
f 1418//2085 1419//2085 1249//2085
f 1419//2086 1408//2086 1249//2086
f 1420//2081 1275//2081 1260//2081
f 1410//2082 1421//2082 1260//2082
f 1421//2087 1420//2087 1260//2087
f 1269//2084 1422//2084 1252//2084
f 1422//2085 1423//2085 1252//2085
f 1423//2086 1412//2086 1252//2086
f 1359//2088 1353//2088 1360//2088
f 1367//2089 1366//2089 1353//2089
f 1366//2090 1384//2090 1353//2090
f 1384//2091 1383//2091 1353//2091
f 1359//2092 1367//2092 1353//2092
f 1383//2093 1389//2093 1353//2093
f 1389//2094 1388//2094 1353//2094
f 1388//2095 1361//2095 1353//2095
f 1424//2096 1279//2096 1274//2096
f 1416//2097 1425//2097 1274//2097
f 1425//2098 1424//2098 1274//2098
f 1288//2099 1426//2099 1267//2099
f 1426//2100 1427//2100 1267//2100
f 1427//2101 1418//2101 1267//2101
f 1428//2102 1282//2102 1275//2102
f 1420//2097 1429//2097 1275//2097
f 1429//2103 1428//2103 1275//2103
f 1292//2099 1430//2099 1269//2099
f 1430//2100 1431//2100 1269//2100
f 1431//2101 1422//2101 1269//2101
f 1388//2104 1369//2104 1361//2104
f 1432//44 1313//44 1270//44
f 1377//2105 1433//2105 1270//2105
f 1433//2106 1432//2106 1270//2106
f 1434//45 1314//45 1271//45
f 1435//2107 1434//2107 1271//2107
f 1272//2108 1435//2108 1271//2108
f 1436//2109 1437//2109 1414//2109
f 1373//2110 1436//2110 1414//2110
f 1438//2111 1357//2111 1414//2111
f 1437//2112 1438//2112 1414//2112
f 1424//2113 1439//2113 1279//2113
f 1439//2114 1286//2114 1279//2114
f 1303//2115 1440//2115 1288//2115
f 1440//2116 1426//2116 1288//2116
f 1428//2117 1441//2117 1282//2117
f 1441//2114 1290//2114 1282//2114
f 1306//2118 1442//2118 1292//2118
f 1442//2116 1430//2116 1292//2116
f 1443//2119 1436//2119 1373//2119
f 1314//2120 1443//2120 1373//2120
f 1388//2121 1368//2121 1369//2121
f 1262//2122 1433//2122 1377//2122
f 1432//44 1444//44 1313//44
f 1444//2123 1405//2123 1313//2123
f 1434//45 1443//45 1314//45
f 1382//2124 1397//2124 1174//2124
f 1397//2125 1387//2125 1174//2125
f 1387//2126 1374//2126 1174//2126
f 1445//2127 1433//2127 1262//2127
f 1226//2128 1445//2128 1262//2128
f 1439//2129 1446//2129 1286//2129
f 1446//2130 1294//2130 1286//2130
f 1321//2131 1447//2131 1303//2131
f 1447//2132 1440//2132 1303//2132
f 1441//2129 1448//2129 1290//2129
f 1448//2130 1304//2130 1290//2130
f 1323//2133 1449//2133 1306//2133
f 1449//2134 1442//2134 1306//2134
f 1450//2135 1415//2135 1405//2135
f 1444//2136 1450//2136 1405//2136
f 1451//2137 1437//2137 1436//2137
f 1443//2138 1451//2138 1436//2138
f 1388//2139 1386//2139 1368//2139
f 1446//2140 1452//2140 1294//2140
f 1452//2141 1325//2141 1294//2141
f 1328//2142 1453//2142 1321//2142
f 1453//2143 1447//2143 1321//2143
f 1448//2140 1454//2140 1304//2140
f 1454//2141 1326//2141 1304//2141
f 1330//2142 1455//2142 1323//2142
f 1455//2143 1449//2143 1323//2143
f 1452//2144 1456//2144 1325//2144
f 1456//2145 1343//2145 1325//2145
f 1339//2146 1457//2146 1328//2146
f 1457//2147 1453//2147 1328//2147
f 1454//2144 1458//2144 1326//2144
f 1458//2145 1344//2145 1326//2145
f 1341//2146 1459//2146 1330//2146
f 1459//2147 1455//2147 1330//2147
f 1456//2148 1460//2148 1343//2148
f 1460//2149 1349//2149 1343//2149
f 1349//2150 1461//2150 1339//2150
f 1461//2151 1462//2151 1339//2151
f 1462//2152 1457//2152 1339//2152
f 1458//2148 1463//2148 1344//2148
f 1463//2149 1350//2149 1344//2149
f 1350//2150 1464//2150 1341//2150
f 1464//2151 1465//2151 1341//2151
f 1465//2152 1459//2152 1341//2152
f 1388//2153 1385//2153 1386//2153
f 1460//2154 1466//2154 1349//2154
f 1466//2155 1461//2155 1349//2155
f 1463//2154 1467//2154 1350//2154
f 1467//2155 1464//2155 1350//2155
f 1468//2156 1415//2156 1450//2156
f 1469//2157 1468//2157 1450//2157
f 1444//2158 1469//2158 1450//2158
f 1388//2159 1391//2159 1385//2159
f 1470//2160 1394//2160 1415//2160
f 1468//2161 1470//2161 1415//2161
f 1451//2162 1471//2162 1437//2162
f 1471//2163 1438//2163 1437//2163
f 1469//2164 1472//2164 1468//2164
f 1472//2165 1470//2165 1468//2165
f 1388//2166 1390//2166 1391//2166
f 1392//2167 1272//2167 1380//2167
f 1438//44 1473//44 1357//44
f 1473//44 1393//44 1357//44
f 1470//45 1474//45 1394//45
f 1474//45 1395//45 1394//45
f 1393//2168 1475//2168 1224//2168
f 1475//2169 1476//2169 1224//2169
f 1476//2170 1381//2170 1224//2170
f 1395//2171 1445//2171 1226//2171
f 1388//2172 1401//2172 1390//2172
f 1399//2172 1401//2172 1388//2172
f 1403//2172 1272//2172 1392//2172
f 1451//2173 1477//2173 1471//2173
f 1478//2163 1438//2163 1471//2163
f 1477//2174 1478//2174 1471//2174
f 1479//2175 1477//2175 1451//2175
f 1480//2176 1479//2176 1451//2176
f 1443//2177 1480//2177 1451//2177
f 1381//2178 1396//2178 1382//2178
f 1396//2179 1397//2179 1382//2179
f 1481//2180 1472//2180 1469//2180
f 1482//2181 1481//2181 1469//2181
f 1444//2182 1482//2182 1469//2182
f 1483//2183 1484//2183 1479//2183
f 1484//2184 1477//2184 1479//2184
f 1480//2185 1483//2185 1479//2185
f 1445//2186 1485//2186 1433//2186
f 1485//2187 1432//2187 1433//2187
f 1398//2188 1400//2188 1399//2188
f 1400//2189 1401//2189 1399//2189
f 1402//2188 1272//2188 1403//2188
f 1402//2190 1435//2190 1272//2190
f 1421//2191 1410//2191 1398//2191
f 1420//2192 1421//2192 1398//2192
f 1429//2193 1420//2193 1398//2193
f 1409//2194 1429//2194 1398//2194
f 1410//2195 1411//2195 1398//2195
f 1411//2196 1400//2196 1398//2196
f 1413//2197 1435//2197 1402//2197
f 1381//2198 1407//2198 1396//2198
f 1486//2199 1472//2199 1481//2199
f 1487//2200 1486//2200 1481//2200
f 1482//2201 1487//2201 1481//2201
f 1488//2202 1470//2202 1472//2202
f 1486//2203 1488//2203 1472//2203
f 1484//2204 1478//2204 1477//2204
f 1487//2205 1489//2205 1486//2205
f 1489//2206 1488//2206 1486//2206
f 1432//44 1490//44 1444//44
f 1490//44 1482//44 1444//44
f 1434//45 1491//45 1443//45
f 1491//45 1480//45 1443//45
f 1381//2207 1406//2207 1407//2207
f 1408//2208 1429//2208 1409//2208
f 1412//2209 1435//2209 1413//2209
f 1483//2210 1492//2210 1484//2210
f 1493//2211 1478//2211 1484//2211
f 1492//2211 1493//2211 1484//2211
f 1480//2212 1494//2212 1483//2212
f 1495//2213 1489//2213 1487//2213
f 1496//2214 1495//2214 1487//2214
f 1482//2215 1496//2215 1487//2215
f 1489//2216 1495//2216 1483//2216
f 1495//2217 1492//2217 1483//2217
f 1494//2218 1489//2218 1483//2218
f 1496//2219 1492//2219 1495//2219
f 1476//2220 1417//2220 1406//2220
f 1381//2221 1476//2221 1406//2221
f 1419//2222 1429//2222 1408//2222
f 1423//2223 1435//2223 1412//2223
f 1485//2224 1497//2224 1432//2224
f 1497//2225 1490//2225 1432//2225
f 1498//2226 1491//2226 1434//2226
f 1435//2227 1498//2227 1434//2227
f 1499//2228 1488//2228 1489//2228
f 1496//2229 1493//2229 1492//2229
f 1494//2230 1499//2230 1489//2230
f 1476//2231 1416//2231 1417//2231
f 1418//2232 1429//2232 1419//2232
f 1422//2233 1435//2233 1423//2233
f 1478//44 1500//44 1438//44
f 1500//44 1473//44 1438//44
f 1488//45 1501//45 1470//45
f 1501//45 1474//45 1470//45
f 1427//2234 1429//2234 1418//2234
f 1431//2235 1435//2235 1422//2235
f 1476//2236 1425//2236 1416//2236
f 1445//2237 1497//2237 1485//2237
f 1502//2238 1497//2238 1445//2238
f 1395//2239 1502//2239 1445//2239
f 1476//2240 1424//2240 1425//2240
f 1426//2241 1429//2241 1427//2241
f 1440//2242 1428//2242 1429//2242
f 1426//2243 1440//2243 1429//2243
f 1430//2244 1435//2244 1431//2244
f 1442//2245 1435//2245 1430//2245
f 1476//2246 1439//2246 1424//2246
f 1447//2247 1441//2247 1440//2247
f 1441//2248 1428//2248 1440//2248
f 1449//2249 1435//2249 1442//2249
f 1490//44 1503//44 1482//44
f 1503//44 1496//44 1482//44
f 1491//45 1504//45 1480//45
f 1504//45 1494//45 1480//45
f 1473//2250 1505//2250 1393//2250
f 1505//2251 1506//2251 1393//2251
f 1506//2252 1475//2252 1393//2252
f 1474//2253 1502//2253 1395//2253
f 1476//2254 1446//2254 1439//2254
f 1458//2255 1454//2255 1447//2255
f 1454//2256 1448//2256 1447//2256
f 1448//2257 1441//2257 1447//2257
f 1463//2258 1458//2258 1447//2258
f 1453//2259 1463//2259 1447//2259
f 1455//2260 1435//2260 1449//2260
f 1493//44 1507//44 1478//44
f 1507//44 1500//44 1478//44
f 1499//45 1508//45 1488//45
f 1508//45 1501//45 1488//45
f 1476//2261 1452//2261 1446//2261
f 1457//2262 1463//2262 1453//2262
f 1459//2263 1435//2263 1455//2263
f 1476//2264 1456//2264 1452//2264
f 1462//2265 1463//2265 1457//2265
f 1465//2266 1435//2266 1459//2266
f 1475//2267 1460//2267 1476//2267
f 1460//2268 1456//2268 1476//2268
f 1461//2269 1463//2269 1462//2269
f 1464//2269 1435//2269 1465//2269
f 1475//2270 1466//2270 1460//2270
f 1466//2271 1506//2271 1461//2271
f 1498//2272 1463//2272 1461//2272
f 1506//2273 1498//2273 1461//2273
f 1498//2274 1467//2274 1463//2274
f 1498//2272 1435//2272 1464//2272
f 1467//2275 1498//2275 1464//2275
f 1502//2276 1509//2276 1497//2276
f 1509//2277 1490//2277 1497//2277
f 1475//2278 1506//2278 1466//2278
f 1503//44 1510//44 1496//44
f 1510//44 1493//44 1496//44
f 1504//45 1511//45 1494//45
f 1511//45 1499//45 1494//45
f 1510//44 1507//44 1493//44
f 1511//45 1508//45 1499//45
f 1509//2279 1512//2279 1490//2279
f 1512//2280 1503//2280 1490//2280
f 1513//2281 1504//2281 1491//2281
f 1498//2282 1513//2282 1491//2282
f 1500//2283 1514//2283 1473//2283
f 1514//2284 1515//2284 1473//2284
f 1515//2285 1505//2285 1473//2285
f 1516//2286 1502//2286 1474//2286
f 1501//2287 1516//2287 1474//2287
f 1502//2288 1512//2288 1509//2288
f 1516//2289 1512//2289 1502//2289
f 1512//2280 1517//2280 1503//2280
f 1517//2280 1518//2280 1503//2280
f 1518//2290 1510//2290 1503//2290
f 1519//2291 1511//2291 1504//2291
f 1513//2292 1519//2292 1504//2292
f 1505//2293 1498//2293 1506//2293
f 1507//2294 1520//2294 1500//2294
f 1520//2295 1521//2295 1500//2295
f 1521//2296 1514//2296 1500//2296
f 1522//2297 1516//2297 1501//2297
f 1508//2298 1522//2298 1501//2298
f 1516//2299 1517//2299 1512//2299
f 1505//2300 1513//2300 1498//2300
f 1518//2301 1523//2301 1510//2301
f 1523//2301 1524//2301 1510//2301
f 1524//2302 1507//2302 1510//2302
f 1525//2303 1508//2303 1511//2303
f 1519//2304 1525//2304 1511//2304
f 1524//2305 1526//2305 1507//2305
f 1526//2306 1520//2306 1507//2306
f 1525//2307 1522//2307 1508//2307
f 1516//2299 1518//2299 1517//2299
f 1515//2308 1513//2308 1505//2308
f 1522//2309 1518//2309 1516//2309
f 1514//2310 1513//2310 1515//2310
f 1522//2311 1523//2311 1518//2311
f 1514//2312 1519//2312 1513//2312
f 1522//2311 1524//2311 1523//2311
f 1521//2313 1519//2313 1514//2313
f 1525//2314 1524//2314 1522//2314
f 1520//2315 1519//2315 1521//2315
f 1525//2316 1526//2316 1524//2316
f 1520//2317 1525//2317 1519//2317
f 1525//2318 1520//2318 1526//2318
f 1527//45 1528//45 1529//45
f 1530//45 1527//45 1529//45
f 1531//45 1530//45 1529//45
f 1528//2319 1532//2319 1529//2319
f 1532//2320 1533//2320 1529//2320
f 1533//2320 1531//2320 1529//2320
f 1534//2319 1535//2319 1532//2319
f 1535//2320 1536//2320 1532//2320
f 1536//2320 1533//2320 1532//2320
f 1528//2319 1534//2319 1532//2319
f 1537//44 1536//44 1535//44
f 1538//44 1537//44 1535//44
f 1539//44 1538//44 1535//44
f 1534//2319 1539//2319 1535//2319
f 1540//45 1541//45 1528//45
f 1527//45 1540//45 1528//45
f 1541//2321 1534//2321 1528//2321
f 1542//2321 1539//2321 1534//2321
f 1541//2321 1542//2321 1534//2321
f 1543//44 1538//44 1539//44
f 1544//44 1543//44 1539//44
f 1542//2321 1544//2321 1539//2321
f 1545//45 1530//45 1531//45
f 1546//45 1545//45 1531//45
f 1533//2322 1547//2322 1531//2322
f 1547//2322 1546//2322 1531//2322
f 1536//2322 1548//2322 1533//2322
f 1548//2322 1547//2322 1533//2322
f 1549//44 1548//44 1536//44
f 1537//44 1549//44 1536//44
f 1550//45 1551//45 1541//45
f 1540//45 1550//45 1541//45
f 1551//2323 1542//2323 1541//2323
f 1552//2323 1553//2323 1542//2323
f 1553//2324 1554//2324 1542//2324
f 1554//2325 1555//2325 1542//2325
f 1555//2326 1556//2326 1542//2326
f 1556//2327 1557//2327 1542//2327
f 1557//2328 1558//2328 1542//2328
f 1558//2329 1559//2329 1542//2329
f 1559//2330 1560//2330 1542//2330
f 1560//2331 1561//2331 1542//2331
f 1561//2332 1562//2332 1542//2332
f 1562//2333 1563//2333 1542//2333
f 1563//2334 1564//2334 1542//2334
f 1564//2335 1565//2335 1542//2335
f 1565//2336 1544//2336 1542//2336
f 1551//2323 1552//2323 1542//2323
f 1566//44 1543//44 1544//44
f 1567//44 1566//44 1544//44
f 1568//2337 1569//2337 1544//2337
f 1565//2338 1570//2338 1544//2338
f 1570//2339 1571//2339 1544//2339
f 1571//2340 1572//2340 1544//2340
f 1572//2341 1573//2341 1544//2341
f 1573//2342 1574//2342 1544//2342
f 1574//2343 1575//2343 1544//2343
f 1575//2344 1576//2344 1544//2344
f 1576//2345 1577//2345 1544//2345
f 1577//2346 1568//2346 1544//2346
f 1569//2347 1578//2347 1544//2347
f 1578//2348 1579//2348 1544//2348
f 1579//2349 1580//2349 1544//2349
f 1580//2350 1581//2350 1544//2350
f 1581//2351 1582//2351 1544//2351
f 1582//2352 1567//2352 1544//2352
f 1583//45 1545//45 1546//45
f 1584//45 1583//45 1546//45
f 1547//2353 1585//2353 1546//2353
f 1585//2353 1584//2353 1546//2353
f 1586//2354 1587//2354 1547//2354
f 1587//2355 1588//2355 1547//2355
f 1588//2356 1589//2356 1547//2356
f 1589//2357 1590//2357 1547//2357
f 1590//2358 1591//2358 1547//2358
f 1591//2359 1585//2359 1547//2359
f 1548//2360 1592//2360 1547//2360
f 1592//2361 1586//2361 1547//2361
f 1593//44 1594//44 1548//44
f 1549//44 1593//44 1548//44
f 1594//2362 1595//2362 1548//2362
f 1595//2363 1596//2363 1548//2363
f 1596//2364 1597//2364 1548//2364
f 1597//2365 1598//2365 1548//2365
f 1598//2366 1599//2366 1548//2366
f 1599//2367 1600//2367 1548//2367
f 1600//2368 1601//2368 1548//2368
f 1601//2369 1602//2369 1548//2369
f 1602//2370 1603//2370 1548//2370
f 1603//2371 1604//2371 1548//2371
f 1604//2372 1605//2372 1548//2372
f 1605//2373 1606//2373 1548//2373
f 1606//2374 1607//2374 1548//2374
f 1607//2375 1608//2375 1548//2375
f 1608//2376 1592//2376 1548//2376
f 1609//2377 1540//2377 1527//2377
f 1610//2378 1609//2378 1527//2378
f 1530//2378 1610//2378 1527//2378
f 1537//2377 1611//2377 1609//2377
f 1549//2378 1537//2378 1609//2378
f 1610//2378 1549//2378 1609//2378
f 1611//2377 1540//2377 1609//2377
f 1538//2377 1611//2377 1537//2377
f 1611//2379 1550//2379 1540//2379
f 1538//2379 1612//2379 1611//2379
f 1612//2379 1550//2379 1611//2379
f 1543//2379 1612//2379 1538//2379
f 1613//2380 1610//2380 1530//2380
f 1545//2380 1613//2380 1530//2380
f 1593//2380 1549//2380 1610//2380
f 1613//2380 1593//2380 1610//2380
f 1571//2381 1614//2381 1572//2381
f 1614//2382 1615//2382 1572//2382
f 1615//2383 1573//2383 1572//2383
f 1607//2384 1616//2384 1608//2384
f 1616//2385 1617//2385 1608//2385
f 1617//2386 1592//2386 1608//2386
f 1570//2387 1618//2387 1571//2387
f 1618//2388 1614//2388 1571//2388
f 1615//2389 1619//2389 1573//2389
f 1619//2390 1574//2390 1573//2390
f 1606//2391 1620//2391 1607//2391
f 1620//2392 1616//2392 1607//2392
f 1617//2393 1621//2393 1592//2393
f 1621//2394 1586//2394 1592//2394
f 1565//2395 1622//2395 1570//2395
f 1622//2396 1618//2396 1570//2396
f 1619//2397 1623//2397 1574//2397
f 1623//2398 1575//2398 1574//2398
f 1621//2399 1624//2399 1586//2399
f 1624//2400 1587//2400 1586//2400
f 1605//2401 1625//2401 1606//2401
f 1625//2401 1620//2401 1606//2401
f 1624//2402 1626//2402 1587//2402
f 1626//2403 1588//2403 1587//2403
f 1564//2404 1627//2404 1565//2404
f 1627//2405 1622//2405 1565//2405
f 1623//2406 1628//2406 1575//2406
f 1628//2407 1576//2407 1575//2407
f 1604//2408 1629//2408 1605//2408
f 1629//2409 1625//2409 1605//2409
f 1563//2410 1630//2410 1564//2410
f 1630//2411 1627//2411 1564//2411
f 1628//2412 1631//2412 1576//2412
f 1631//2413 1577//2413 1576//2413
f 1626//2414 1632//2414 1588//2414
f 1632//2415 1589//2415 1588//2415
f 1603//2416 1633//2416 1604//2416
f 1633//2417 1629//2417 1604//2417
f 1602//2418 1634//2418 1603//2418
f 1634//2418 1633//2418 1603//2418
f 1631//2419 1635//2419 1577//2419
f 1635//2420 1568//2420 1577//2420
f 1562//2421 1636//2421 1563//2421
f 1636//2421 1630//2421 1563//2421
f 1632//2422 1637//2422 1589//2422
f 1637//2423 1590//2423 1589//2423
f 1561//2424 1636//2424 1562//2424
f 1635//2420 1638//2420 1568//2420
f 1638//2425 1639//2425 1568//2425
f 1639//2426 1569//2426 1568//2426
f 1640//2427 1591//2427 1590//2427
f 1637//2428 1641//2428 1590//2428
f 1641//2429 1640//2429 1590//2429
f 1601//2430 1634//2430 1602//2430
f 1560//2431 1642//2431 1561//2431
f 1642//2432 1636//2432 1561//2432
f 1639//2433 1643//2433 1569//2433
f 1643//2434 1578//2434 1569//2434
f 1644//2435 1585//2435 1591//2435
f 1640//2436 1645//2436 1591//2436
f 1645//2437 1644//2437 1591//2437
f 1600//2438 1646//2438 1601//2438
f 1646//2439 1634//2439 1601//2439
f 1559//2440 1647//2440 1560//2440
f 1647//2441 1642//2441 1560//2441
f 1643//2442 1648//2442 1578//2442
f 1648//2443 1579//2443 1578//2443
f 1649//2444 1585//2444 1644//2444
f 1645//2445 1650//2445 1644//2445
f 1650//2446 1649//2446 1644//2446
f 1599//2447 1651//2447 1600//2447
f 1651//2448 1646//2448 1600//2448
f 1558//2449 1652//2449 1559//2449
f 1652//2450 1653//2450 1559//2450
f 1653//2451 1647//2451 1559//2451
f 1648//2452 1580//2452 1579//2452
f 1654//2453 1585//2453 1649//2453
f 1650//2454 1654//2454 1649//2454
f 1598//2455 1655//2455 1599//2455
f 1655//2456 1656//2456 1599//2456
f 1656//2457 1651//2457 1599//2457
f 1597//2458 1657//2458 1598//2458
f 1657//2459 1655//2459 1598//2459
f 1648//2460 1658//2460 1580//2460
f 1658//2461 1581//2461 1580//2461
f 1557//2462 1659//2462 1558//2462
f 1659//2462 1652//2462 1558//2462
f 1660//2463 1585//2463 1654//2463
f 1650//2464 1661//2464 1654//2464
f 1661//2465 1660//2465 1654//2465
f 1556//2466 1662//2466 1557//2466
f 1662//2467 1659//2467 1557//2467
f 1658//2468 1663//2468 1581//2468
f 1663//2469 1582//2469 1581//2469
f 1664//2470 1585//2470 1660//2470
f 1661//2471 1665//2471 1660//2471
f 1665//2472 1664//2472 1660//2472
f 1596//2473 1666//2473 1597//2473
f 1666//2473 1657//2473 1597//2473
f 1667//45 1551//45 1550//45
f 1612//2474 1667//2474 1550//2474
f 1614//2475 1618//2475 1612//2475
f 1618//2476 1622//2476 1612//2476
f 1622//2477 1627//2477 1612//2477
f 1627//2478 1630//2478 1612//2478
f 1630//2479 1636//2479 1612//2479
f 1636//2480 1642//2480 1612//2480
f 1642//2481 1668//2481 1612//2481
f 1543//2482 1614//2482 1612//2482
f 1668//2474 1667//2474 1612//2474
f 1669//2483 1670//2483 1543//2483
f 1566//2484 1669//2484 1543//2484
f 1670//2485 1663//2485 1543//2485
f 1663//2486 1658//2486 1543//2486
f 1658//2487 1648//2487 1543//2487
f 1648//2488 1643//2488 1543//2488
f 1643//2489 1639//2489 1543//2489
f 1639//2490 1638//2490 1543//2490
f 1638//2491 1635//2491 1543//2491
f 1635//2492 1631//2492 1543//2492
f 1631//2493 1628//2493 1543//2493
f 1628//2494 1623//2494 1543//2494
f 1623//2495 1619//2495 1543//2495
f 1619//2496 1615//2496 1543//2496
f 1615//2497 1614//2497 1543//2497
f 1671//2498 1613//2498 1545//2498
f 1583//2499 1671//2499 1545//2499
f 1672//2500 1673//2500 1613//2500
f 1673//2501 1665//2501 1613//2501
f 1665//2502 1661//2502 1613//2502
f 1661//2503 1650//2503 1613//2503
f 1650//2504 1645//2504 1613//2504
f 1645//2505 1640//2505 1613//2505
f 1640//2506 1641//2506 1613//2506
f 1641//2507 1637//2507 1613//2507
f 1637//2508 1632//2508 1613//2508
f 1632//2509 1626//2509 1613//2509
f 1671//2498 1674//2498 1613//2498
f 1674//2510 1675//2510 1613//2510
f 1675//2511 1672//2511 1613//2511
f 1624//2512 1593//2512 1613//2512
f 1626//2513 1624//2513 1613//2513
f 1676//44 1594//44 1593//44
f 1634//2514 1646//2514 1593//2514
f 1621//2515 1617//2515 1593//2515
f 1624//2516 1621//2516 1593//2516
f 1617//2517 1616//2517 1593//2517
f 1616//2518 1620//2518 1593//2518
f 1620//2519 1625//2519 1593//2519
f 1625//2520 1629//2520 1593//2520
f 1629//2521 1633//2521 1593//2521
f 1633//2522 1634//2522 1593//2522
f 1646//2523 1651//2523 1593//2523
f 1651//2524 1656//2524 1593//2524
f 1656//2525 1655//2525 1593//2525
f 1655//2526 1657//2526 1593//2526
f 1657//2527 1666//2527 1593//2527
f 1666//2528 1676//2528 1593//2528
f 1677//2529 1585//2529 1664//2529
f 1665//2530 1673//2530 1664//2530
f 1673//2531 1677//2531 1664//2531
f 1555//2532 1678//2532 1556//2532
f 1678//2532 1662//2532 1556//2532
f 1595//2533 1679//2533 1596//2533
f 1679//2534 1666//2534 1596//2534
f 1680//2535 1567//2535 1582//2535
f 1663//2469 1670//2469 1582//2469
f 1670//2536 1680//2536 1582//2536
f 1554//2537 1681//2537 1555//2537
f 1681//2538 1678//2538 1555//2538
f 1682//2539 1567//2539 1680//2539
f 1670//2540 1669//2540 1680//2540
f 1669//2541 1682//2541 1680//2541
f 1683//2542 1585//2542 1677//2542
f 1673//2543 1672//2543 1677//2543
f 1672//2544 1683//2544 1677//2544
f 1594//2542 1684//2542 1595//2542
f 1684//2545 1685//2545 1595//2545
f 1685//2546 1679//2546 1595//2546
f 1594//2547 1686//2547 1684//2547
f 1686//2548 1687//2548 1684//2548
f 1687//2549 1685//2549 1684//2549
f 1688//2550 1567//2550 1682//2550
f 1669//2551 1689//2551 1682//2551
f 1689//2552 1688//2552 1682//2552
f 1690//2547 1585//2547 1683//2547
f 1672//2553 1675//2553 1683//2553
f 1675//2554 1690//2554 1683//2554
f 1553//2555 1691//2555 1554//2555
f 1691//2555 1681//2555 1554//2555
f 1667//45 1692//45 1551//45
f 1692//2556 1552//2556 1551//2556
f 1693//2557 1694//2557 1552//2557
f 1694//2558 1695//2558 1552//2558
f 1695//2559 1696//2559 1552//2559
f 1696//2560 1697//2560 1552//2560
f 1697//2561 1698//2561 1552//2561
f 1698//2562 1699//2562 1552//2562
f 1699//2563 1700//2563 1552//2563
f 1700//2564 1701//2564 1552//2564
f 1701//2565 1553//2565 1552//2565
f 1692//2556 1693//2556 1552//2556
f 1701//2566 1702//2566 1553//2566
f 1702//2567 1691//2567 1553//2567
f 1703//2568 1567//2568 1688//2568
f 1689//2569 1704//2569 1688//2569
f 1704//2570 1703//2570 1688//2570
f 1705//44 1566//44 1567//44
f 1706//44 1705//44 1567//44
f 1703//2571 1707//2571 1567//2571
f 1707//2572 1706//2572 1567//2572
f 1708//45 1583//45 1584//45
f 1709//45 1708//45 1584//45
f 1585//2573 1710//2573 1584//2573
f 1710//2573 1709//2573 1584//2573
f 1690//2573 1710//2573 1585//2573
f 1711//2574 1710//2574 1690//2574
f 1675//2575 1674//2575 1690//2575
f 1674//2576 1711//2576 1690//2576
f 1594//2577 1712//2577 1686//2577
f 1712//2578 1713//2578 1686//2578
f 1713//2579 1687//2579 1686//2579
f 1676//44 1714//44 1594//44
f 1714//2580 1715//2580 1594//2580
f 1715//2581 1716//2581 1594//2581
f 1716//2582 1712//2582 1594//2582
f 1717//2583 1710//2583 1711//2583
f 1674//2584 1718//2584 1711//2584
f 1718//2585 1717//2585 1711//2585
f 1700//2586 1719//2586 1701//2586
f 1719//2587 1702//2587 1701//2587
f 1716//2588 1720//2588 1712//2588
f 1720//2589 1713//2589 1712//2589
f 1704//2590 1721//2590 1703//2590
f 1721//2591 1707//2591 1703//2591
f 1699//2592 1722//2592 1700//2592
f 1722//2593 1719//2593 1700//2593
f 1723//2594 1706//2594 1707//2594
f 1721//2595 1724//2595 1707//2595
f 1724//2596 1723//2596 1707//2596
f 1725//2597 1710//2597 1717//2597
f 1718//2598 1726//2598 1717//2598
f 1726//2599 1725//2599 1717//2599
f 1715//2600 1727//2600 1716//2600
f 1727//2601 1720//2601 1716//2601
f 1714//2602 1728//2602 1715//2602
f 1728//2603 1729//2603 1715//2603
f 1729//2604 1727//2604 1715//2604
f 1730//2605 1706//2605 1723//2605
f 1724//2606 1731//2606 1723//2606
f 1731//2607 1730//2607 1723//2607
f 1732//2608 1710//2608 1725//2608
f 1726//2609 1733//2609 1725//2609
f 1733//2610 1732//2610 1725//2610
f 1698//2611 1734//2611 1699//2611
f 1734//2612 1722//2612 1699//2612
f 1697//2613 1735//2613 1698//2613
f 1735//2614 1734//2614 1698//2614
f 1736//2615 1706//2615 1730//2615
f 1731//2616 1737//2616 1730//2616
f 1737//2617 1736//2617 1730//2617
f 1738//2618 1710//2618 1732//2618
f 1733//2619 1739//2619 1732//2619
f 1739//2620 1738//2620 1732//2620
f 1714//2621 1740//2621 1728//2621
f 1740//2622 1741//2622 1728//2622
f 1741//2623 1729//2623 1728//2623
f 1696//2624 1742//2624 1697//2624
f 1742//2625 1735//2625 1697//2625
f 1743//2626 1710//2626 1738//2626
f 1739//2627 1744//2627 1738//2627
f 1744//2628 1743//2628 1738//2628
f 1714//2629 1745//2629 1740//2629
f 1745//2630 1746//2630 1740//2630
f 1746//2631 1741//2631 1740//2631
f 1747//2632 1706//2632 1736//2632
f 1737//2633 1748//2633 1736//2633
f 1748//2634 1747//2634 1736//2634
f 1695//2635 1742//2635 1696//2635
f 1749//2636 1706//2636 1747//2636
f 1748//2637 1750//2637 1747//2637
f 1750//2638 1751//2638 1747//2638
f 1751//2639 1749//2639 1747//2639
f 1752//2640 1710//2640 1743//2640
f 1744//2641 1753//2641 1743//2641
f 1753//2642 1754//2642 1743//2642
f 1754//2643 1752//2643 1743//2643
f 1714//2644 1755//2644 1745//2644
f 1755//2645 1746//2645 1745//2645
f 1694//2646 1756//2646 1695//2646
f 1756//2647 1742//2647 1695//2647
f 1757//2648 1706//2648 1749//2648
f 1751//2649 1758//2649 1749//2649
f 1758//2650 1757//2650 1749//2650
f 1759//2651 1710//2651 1752//2651
f 1754//2652 1760//2652 1752//2652
f 1760//2653 1759//2653 1752//2653
f 1714//2654 1761//2654 1755//2654
f 1761//2655 1762//2655 1755//2655
f 1762//2656 1746//2656 1755//2656
f 1693//2657 1763//2657 1694//2657
f 1763//2658 1764//2658 1694//2658
f 1764//2659 1756//2659 1694//2659
f 1765//2660 1706//2660 1757//2660
f 1758//2661 1766//2661 1757//2661
f 1766//2662 1765//2662 1757//2662
f 1767//2663 1710//2663 1759//2663
f 1760//2664 1768//2664 1759//2664
f 1768//2665 1767//2665 1759//2665
f 1714//2666 1769//2666 1761//2666
f 1769//2667 1770//2667 1761//2667
f 1770//2668 1762//2668 1761//2668
f 1693//2669 1771//2669 1763//2669
f 1771//2670 1772//2670 1763//2670
f 1772//2671 1773//2671 1763//2671
f 1773//2672 1764//2672 1763//2672
f 1774//2673 1706//2673 1765//2673
f 1766//2674 1774//2674 1765//2674
f 1775//2675 1710//2675 1767//2675
f 1768//2676 1775//2676 1767//2676
f 1714//2677 1776//2677 1769//2677
f 1776//2678 1777//2678 1769//2678
f 1777//2679 1778//2679 1769//2679
f 1778//2667 1770//2667 1769//2667
f 1693//2680 1779//2680 1771//2680
f 1779//2681 1780//2681 1771//2681
f 1780//2682 1772//2682 1771//2682
f 1781//2683 1710//2683 1775//2683
f 1768//2684 1782//2684 1775//2684
f 1782//2685 1781//2685 1775//2685
f 1714//2686 1783//2686 1776//2686
f 1783//2687 1784//2687 1776//2687
f 1784//2688 1777//2688 1776//2688
f 1785//2689 1706//2689 1774//2689
f 1766//2690 1786//2690 1774//2690
f 1786//2691 1785//2691 1774//2691
f 1647//2692 1668//2692 1642//2692
f 1693//2693 1787//2693 1779//2693
f 1787//2694 1788//2694 1779//2694
f 1788//2695 1780//2695 1779//2695
f 1789//2696 1706//2696 1785//2696
f 1786//2697 1790//2697 1785//2697
f 1790//2698 1789//2698 1785//2698
f 1791//2699 1710//2699 1781//2699
f 1782//2700 1792//2700 1781//2700
f 1792//2701 1791//2701 1781//2701
f 1714//2702 1793//2702 1783//2702
f 1793//2703 1794//2703 1783//2703
f 1794//2704 1784//2704 1783//2704
f 1795//2705 1706//2705 1789//2705
f 1790//2706 1796//2706 1789//2706
f 1796//2707 1795//2707 1789//2707
f 1714//2708 1797//2708 1793//2708
f 1797//2709 1798//2709 1793//2709
f 1798//2709 1794//2709 1793//2709
f 1799//2710 1714//2710 1791//2710
f 1714//2711 1710//2711 1791//2711
f 1792//2712 1800//2712 1791//2712
f 1800//2713 1799//2713 1791//2713
f 1693//2714 1801//2714 1787//2714
f 1801//2715 1802//2715 1787//2715
f 1802//2716 1788//2716 1787//2716
f 1693//2717 1803//2717 1801//2717
f 1803//2718 1804//2718 1801//2718
f 1804//2719 1802//2719 1801//2719
f 1805//2720 1706//2720 1795//2720
f 1796//2721 1806//2721 1795//2721
f 1806//2722 1805//2722 1795//2722
f 1807//2723 1714//2723 1799//2723
f 1800//2724 1808//2724 1799//2724
f 1808//2725 1807//2725 1799//2725
f 1714//2726 1809//2726 1797//2726
f 1809//2727 1810//2727 1797//2727
f 1810//2727 1798//2727 1797//2727
f 1706//2728 1811//2728 1803//2728
f 1693//2729 1706//2729 1803//2729
f 1811//2730 1812//2730 1803//2730
f 1812//2731 1804//2731 1803//2731
f 1811//2732 1706//2732 1805//2732
f 1806//2733 1813//2733 1805//2733
f 1813//2734 1811//2734 1805//2734
f 1714//2735 1814//2735 1809//2735
f 1814//2736 1815//2736 1809//2736
f 1815//2737 1810//2737 1809//2737
f 1814//2738 1714//2738 1807//2738
f 1808//2739 1816//2739 1807//2739
f 1816//2740 1814//2740 1807//2740
f 1813//2741 1812//2741 1811//2741
f 1816//2742 1815//2742 1814//2742
f 1653//2743 1668//2743 1647//2743
f 1652//2744 1668//2744 1653//2744
f 1659//2745 1668//2745 1652//2745
f 1662//2746 1668//2746 1659//2746
f 1678//2747 1668//2747 1662//2747
f 1679//2748 1676//2748 1666//2748
f 1681//2749 1668//2749 1678//2749
f 1566//2750 1689//2750 1669//2750
f 1685//2751 1676//2751 1679//2751
f 1687//2752 1676//2752 1685//2752
f 1566//2753 1704//2753 1689//2753
f 1691//2754 1668//2754 1681//2754
f 1817//45 1692//45 1667//45
f 1668//2755 1817//2755 1667//2755
f 1691//2755 1818//2755 1668//2755
f 1818//2755 1817//2755 1668//2755
f 1702//2756 1818//2756 1691//2756
f 1566//2757 1721//2757 1704//2757
f 1705//2758 1731//2758 1566//2758
f 1731//2759 1724//2759 1566//2759
f 1724//2760 1721//2760 1566//2760
f 1819//2761 1671//2761 1583//2761
f 1708//2762 1819//2762 1583//2762
f 1819//2763 1760//2763 1671//2763
f 1760//2764 1754//2764 1671//2764
f 1754//2765 1753//2765 1671//2765
f 1753//2766 1744//2766 1671//2766
f 1744//2767 1739//2767 1671//2767
f 1739//2768 1733//2768 1671//2768
f 1733//2769 1726//2769 1671//2769
f 1726//2770 1718//2770 1671//2770
f 1718//2771 1674//2771 1671//2771
f 1713//2771 1676//2771 1687//2771
f 1820//44 1714//44 1676//44
f 1720//2772 1820//2772 1676//2772
f 1713//2773 1720//2773 1676//2773
f 1719//2774 1818//2774 1702//2774
f 1722//2775 1818//2775 1719//2775
f 1727//2776 1820//2776 1720//2776
f 1729//2777 1820//2777 1727//2777
f 1705//2778 1737//2778 1731//2778
f 1734//2779 1818//2779 1722//2779
f 1735//2780 1818//2780 1734//2780
f 1705//2781 1748//2781 1737//2781
f 1741//2782 1820//2782 1729//2782
f 1742//2783 1818//2783 1735//2783
f 1746//2784 1820//2784 1741//2784
f 1705//2785 1750//2785 1748//2785
f 1756//2786 1818//2786 1742//2786
f 1705//2787 1751//2787 1750//2787
f 1762//2788 1820//2788 1746//2788
f 1764//2789 1818//2789 1756//2789
f 1705//2790 1758//2790 1751//2790
f 1770//2791 1820//2791 1762//2791
f 1773//2792 1818//2792 1764//2792
f 1705//2793 1766//2793 1758//2793
f 1819//2794 1768//2794 1760//2794
f 1778//2795 1820//2795 1770//2795
f 1772//2796 1818//2796 1773//2796
f 1705//2797 1786//2797 1766//2797
f 1819//2798 1782//2798 1768//2798
f 1777//2799 1820//2799 1778//2799
f 1780//2800 1818//2800 1772//2800
f 1819//2801 1792//2801 1782//2801
f 1784//2802 1820//2802 1777//2802
f 1705//2803 1790//2803 1786//2803
f 1788//2804 1818//2804 1780//2804
f 1705//2805 1796//2805 1790//2805
f 1819//2806 1800//2806 1792//2806
f 1794//2807 1820//2807 1784//2807
f 1705//2808 1806//2808 1796//2808
f 1798//2809 1820//2809 1794//2809
f 1819//2810 1808//2810 1800//2810
f 1802//2811 1818//2811 1788//2811
f 1804//2812 1705//2812 1802//2812
f 1705//2813 1818//2813 1802//2813
f 1705//2814 1813//2814 1806//2814
f 1819//2815 1816//2815 1808//2815
f 1810//2816 1820//2816 1798//2816
f 1812//2817 1705//2817 1804//2817
f 1705//2818 1812//2818 1813//2818
f 1815//2819 1820//2819 1810//2819
f 1820//2820 1815//2820 1816//2820
f 1819//2821 1820//2821 1816//2821
f 1817//45 1821//45 1692//45
f 1821//2822 1693//2822 1692//2822
f 1821//2822 1822//2822 1693//2822
f 1822//2822 1706//2822 1693//2822
f 1823//44 1705//44 1706//44
f 1824//44 1823//44 1706//44
f 1822//2822 1824//2822 1706//2822
f 1825//45 1708//45 1709//45
f 1826//45 1825//45 1709//45
f 1710//2823 1827//2823 1709//2823
f 1827//2823 1826//2823 1709//2823
f 1714//2823 1828//2823 1710//2823
f 1828//2823 1827//2823 1710//2823
f 1820//44 1828//44 1714//44
f 1829//45 1821//45 1817//45
f 1818//2824 1829//2824 1817//2824
f 1705//2824 1830//2824 1818//2824
f 1830//2824 1829//2824 1818//2824
f 1823//2824 1830//2824 1705//2824
f 1831//2825 1819//2825 1708//2825
f 1825//2825 1831//2825 1708//2825
f 1832//2825 1820//2825 1819//2825
f 1831//2825 1832//2825 1819//2825
f 1832//44 1828//44 1820//44
f 1829//45 1833//45 1821//45
f 691//2826 690//2826 1821//2826
f 690//2827 689//2827 1821//2827
f 689//2828 688//2828 1821//2828
f 1833//2829 740//2829 1821//2829
f 740//2830 692//2830 1821//2830
f 692//2831 691//2831 1821//2831
f 688//2832 674//2832 1821//2832
f 674//2833 673//2833 1821//2833
f 673//2834 687//2834 1821//2834
f 687//2835 686//2835 1821//2835
f 686//2836 685//2836 1821//2836
f 685//2837 684//2837 1821//2837
f 684//2838 683//2838 1821//2838
f 683//2839 682//2839 1821//2839
f 682//2840 681//2840 1821//2840
f 676//2841 675//2841 1821//2841
f 681//2842 676//2842 1821//2842
f 675//2843 680//2843 1821//2843
f 680//2844 679//2844 1821//2844
f 679//2845 678//2845 1821//2845
f 678//2846 677//2846 1821//2846
f 677//2847 672//2847 1821//2847
f 672//2848 671//2848 1821//2848
f 671//2849 1822//2849 1821//2849
f 670//2850 669//2850 1822//2850
f 671//2851 670//2851 1822//2851
f 669//2852 668//2852 1822//2852
f 668//2853 667//2853 1822//2853
f 667//2854 666//2854 1822//2854
f 666//2855 665//2855 1822//2855
f 665//2856 664//2856 1822//2856
f 664//2857 1834//2857 1822//2857
f 1834//2858 1824//2858 1822//2858
f 1835//44 1823//44 1824//44
f 1836//44 1835//44 1824//44
f 1834//2858 1836//2858 1824//2858
f 1837//45 1825//45 1826//45
f 1838//45 1837//45 1826//45
f 239//2859 231//2859 1826//2859
f 231//2860 230//2860 1826//2860
f 230//2861 229//2861 1826//2861
f 229//2862 242//2862 1826//2862
f 242//2863 241//2863 1826//2863
f 241//2864 250//2864 1826//2864
f 250//2865 249//2865 1826//2865
f 249//2866 256//2866 1826//2866
f 256//2867 255//2867 1826//2867
f 255//2868 267//2868 1826//2868
f 267//2869 282//2869 1826//2869
f 282//2870 300//2870 1826//2870
f 300//2871 314//2871 1826//2871
f 314//2872 313//2872 1826//2872
f 313//2873 1838//2873 1826//2873
f 1827//2874 240//2874 1826//2874
f 240//2875 239//2875 1826//2875
f 307//2876 308//2876 1827//2876
f 308//2877 294//2877 1827//2877
f 294//2878 295//2878 1827//2878
f 295//2879 293//2879 1827//2879
f 293//2880 279//2880 1827//2880
f 279//2881 264//2881 1827//2881
f 264//2882 251//2882 1827//2882
f 236//2883 235//2883 1827//2883
f 235//2884 228//2884 1827//2884
f 228//2885 227//2885 1827//2885
f 251//2886 244//2886 1827//2886
f 244//2887 243//2887 1827//2887
f 243//2888 236//2888 1827//2888
f 266//2889 254//2889 1827//2889
f 227//2890 266//2890 1827//2890
f 254//2891 248//2891 1827//2891
f 248//2892 247//2892 1827//2892
f 247//2893 240//2893 1827//2893
f 1839//2894 316//2894 1827//2894
f 316//2895 317//2895 1827//2895
f 317//2896 307//2896 1827//2896
f 1828//2894 1840//2894 1827//2894
f 1840//2894 1839//2894 1827//2894
f 1832//44 1840//44 1828//44
f 1841//45 1833//45 1829//45
f 1842//2897 1843//2897 1829//2897
f 1844//2898 1845//2898 1829//2898
f 1845//2899 1846//2899 1829//2899
f 1846//2900 1847//2900 1829//2900
f 1847//2901 1848//2901 1829//2901
f 1848//2902 1849//2902 1829//2902
f 1849//2903 1850//2903 1829//2903
f 1850//2904 1842//2904 1829//2904
f 1851//2905 1852//2905 1829//2905
f 1843//2906 1853//2906 1829//2906
f 1853//2907 1854//2907 1829//2907
f 1854//2908 1855//2908 1829//2908
f 1855//2909 1856//2909 1829//2909
f 1856//2910 1857//2910 1829//2910
f 1857//2911 1858//2911 1829//2911
f 1858//2912 1859//2912 1829//2912
f 1859//2913 1851//2913 1829//2913
f 1852//2914 1860//2914 1829//2914
f 1860//2915 1861//2915 1829//2915
f 1861//2916 1862//2916 1829//2916
f 1862//2917 1863//2917 1829//2917
f 1863//2918 1864//2918 1829//2918
f 1864//2919 1841//2919 1829//2919
f 1830//2920 1844//2920 1829//2920
f 1865//2921 1866//2921 1830//2921
f 1867//2922 1865//2922 1830//2922
f 1868//2923 1869//2923 1830//2923
f 1869//2924 1870//2924 1830//2924
f 1870//2925 1867//2925 1830//2925
f 1866//2926 1871//2926 1830//2926
f 1871//2927 1872//2927 1830//2927
f 1872//2928 1873//2928 1830//2928
f 1873//2929 1874//2929 1830//2929
f 1874//2930 1875//2930 1830//2930
f 1875//2931 1876//2931 1830//2931
f 1876//2932 1877//2932 1830//2932
f 1877//2933 1878//2933 1830//2933
f 1878//2934 1879//2934 1830//2934
f 1823//2923 1868//2923 1830//2923
f 1879//2935 1844//2935 1830//2935
f 1835//2923 1868//2923 1823//2923
f 1880//2936 1881//2936 1825//2936
f 1882//2937 1880//2937 1825//2937
f 1837//2938 1883//2938 1825//2938
f 1883//2939 1884//2939 1825//2939
f 1884//2940 1882//2940 1825//2940
f 1881//2941 1885//2941 1825//2941
f 1885//2942 1886//2942 1825//2942
f 1886//2943 1887//2943 1825//2943
f 1887//2944 1888//2944 1825//2944
f 1888//2945 1889//2945 1825//2945
f 1889//2946 1890//2946 1825//2946
f 1890//2947 1891//2947 1825//2947
f 1891//2948 1892//2948 1825//2948
f 1892//2949 1893//2949 1825//2949
f 1894//2950 1831//2950 1825//2950
f 1893//2951 1894//2951 1825//2951
f 1894//2952 1895//2952 1831//2952
f 1895//2953 1896//2953 1831//2953
f 1896//2954 1897//2954 1831//2954
f 1897//2955 1898//2955 1831//2955
f 1898//2956 1899//2956 1831//2956
f 1900//2957 1901//2957 1831//2957
f 1902//2958 1900//2958 1831//2958
f 1899//2959 1902//2959 1831//2959
f 1901//2960 1903//2960 1831//2960
f 1903//2961 1904//2961 1831//2961
f 1904//2962 1905//2962 1831//2962
f 1905//2963 1906//2963 1831//2963
f 1906//2964 1907//2964 1831//2964
f 1907//2965 1908//2965 1831//2965
f 1909//2966 1832//2966 1831//2966
f 1908//2966 1909//2966 1831//2966
f 1909//44 1840//44 1832//44
f 683//2967 1855//2967 682//2967
f 1855//2968 1854//2968 682//2968
f 1854//2969 681//2969 682//2969
f 672//2967 1846//2967 671//2967
f 1846//2970 1845//2970 671//2970
f 1845//2969 670//2969 671//2969
f 231//2971 1894//2971 230//2971
f 1894//2972 1893//2972 230//2972
f 1893//2973 229//2973 230//2973
f 228//2971 1900//2971 227//2971
f 1900//2974 1902//2974 227//2974
f 1902//2975 226//2975 227//2975
f 684//2976 1856//2976 683//2976
f 1856//2977 1855//2977 683//2977
f 677//2977 1847//2977 672//2977
f 1847//2977 1846//2977 672//2977
f 1854//2978 1853//2978 681//2978
f 1853//2979 723//2979 681//2979
f 1845//2978 1844//2978 670//2978
f 1844//2979 669//2979 670//2979
f 239//2980 1895//2980 231//2980
f 1895//2980 1894//2980 231//2980
f 235//2980 1901//2980 228//2980
f 1901//2981 1900//2981 228//2981
f 1893//2982 1892//2982 229//2982
f 1892//2983 242//2983 229//2983
f 1902//2982 1910//2982 226//2982
f 1910//2984 238//2984 226//2984
f 685//2985 1857//2985 684//2985
f 1857//2986 1856//2986 684//2986
f 1853//2979 1911//2979 723//2979
f 1911//2987 724//2987 723//2987
f 678//2985 1848//2985 677//2985
f 1848//2986 1847//2986 677//2986
f 1844//2979 1879//2979 669//2979
f 1879//2987 668//2987 669//2987
f 1892//2983 1891//2983 242//2983
f 1891//2988 241//2988 242//2988
f 240//290 1896//290 239//290
f 1896//2989 1895//2989 239//2989
f 1910//2990 1912//2990 238//2990
f 1912//2991 237//2991 238//2991
f 236//290 1903//290 235//290
f 1903//2989 1901//2989 235//2989
f 1891//2992 1890//2992 241//2992
f 1890//2993 250//2993 241//2993
f 1912//2994 1913//2994 237//2994
f 1913//303 246//303 237//303
f 686//2995 1858//2995 685//2995
f 1858//2996 1857//2996 685//2996
f 679//2995 1849//2995 678//2995
f 1849//2997 1848//2997 678//2997
f 1911//2998 1914//2998 724//2998
f 1914//2999 726//2999 724//2999
f 1879//3000 1878//3000 668//3000
f 1878//3001 667//3001 668//3001
f 247//3002 1897//3002 240//3002
f 1897//3003 1896//3003 240//3003
f 243//3002 1904//3002 236//3002
f 1904//3003 1903//3003 236//3003
f 687//3004 1859//3004 686//3004
f 1859//3005 1858//3005 686//3005
f 1914//3006 1915//3006 726//3006
f 1915//3007 727//3007 726//3007
f 680//3004 1850//3004 679//3004
f 1850//3005 1849//3005 679//3005
f 1878//3008 1877//3008 667//3008
f 1877//3009 666//3009 667//3009
f 1890//3010 1889//3010 250//3010
f 1889//3011 249//3011 250//3011
f 248//299 1898//299 247//299
f 1898//3012 1897//3012 247//3012
f 1913//3010 1916//3010 246//3010
f 1916//3011 245//3011 246//3011
f 244//299 1905//299 243//299
f 1905//3012 1904//3012 243//3012
f 254//3013 1899//3013 248//3013
f 1899//3014 1898//3014 248//3014
f 251//3013 1906//3013 244//3013
f 1906//3015 1905//3015 244//3015
f 1915//3016 1917//3016 727//3016
f 1917//3017 734//3017 727//3017
f 1877//3016 1876//3016 666//3016
f 1876//3017 665//3017 666//3017
f 673//3018 1851//3018 687//3018
f 1851//3019 1859//3019 687//3019
f 675//3018 1842//3018 680//3018
f 1842//3019 1850//3019 680//3019
f 1889//3020 1888//3020 249//3020
f 1888//3021 256//3021 249//3021
f 253//3022 266//3022 245//3022
f 1916//3020 1918//3020 245//3020
f 1918//3023 253//3023 245//3023
f 674//3024 1851//3024 673//3024
f 738//3025 676//3025 734//3025
f 1917//3026 1919//3026 734//3026
f 1919//3027 1920//3027 734//3027
f 1920//1098 738//1098 734//1098
f 676//3028 1842//3028 675//3028
f 1876//3026 1875//3026 665//3026
f 1875//3029 1874//3029 665//3029
f 1874//1098 664//1098 665//1098
f 1886//312 255//312 256//312
f 1888//3030 1887//3030 256//3030
f 1887//3031 1886//3031 256//3031
f 266//3032 1899//3032 254//3032
f 252//3033 266//3033 253//3033
f 1921//308 252//308 253//308
f 1918//3030 1922//3030 253//3030
f 1922//3034 1921//3034 253//3034
f 264//3032 1906//3032 251//3032
f 688//3035 1852//3035 674//3035
f 1852//3036 1851//3036 674//3036
f 747//3037 676//3037 738//3037
f 748//3037 747//3037 738//3037
f 1920//3038 1923//3038 738//3038
f 1923//3039 748//3039 738//3039
f 747//3040 1843//3040 676//3040
f 1843//3041 1842//3041 676//3041
f 660//3042 1834//3042 664//3042
f 1874//3038 1873//3038 664//3038
f 1873//3039 660//3039 664//3039
f 1886//3043 1885//3043 255//3043
f 1885//3044 267//3044 255//3044
f 252//3045 265//3045 266//3045
f 265//3045 281//3045 266//3045
f 281//3046 1924//3046 266//3046
f 1924//3047 1899//3047 266//3047
f 1921//3048 1925//3048 252//3048
f 1925//3049 265//3049 252//3049
f 279//3046 1907//3046 264//3046
f 1907//3047 1906//3047 264//3047
f 689//1125 1860//1125 688//1125
f 1860//3050 1852//3050 688//3050
f 750//3051 747//3051 748//3051
f 751//3051 750//3051 748//3051
f 1923//3052 1926//3052 748//3052
f 1926//3052 751//3052 748//3052
f 750//1125 1927//1125 747//1125
f 1927//3053 1843//3053 747//3053
f 659//3054 1834//3054 660//3054
f 1873//3052 1872//3052 660//3052
f 1872//3052 659//3052 660//3052
f 1885//3055 1881//3055 267//3055
f 1881//3055 282//3055 267//3055
f 265//3056 280//3056 281//3056
f 280//3056 297//3056 281//3056
f 297//358 1928//358 281//358
f 1928//3057 1924//3057 281//3057
f 1925//3055 1929//3055 265//3055
f 1929//3055 280//3055 265//3055
f 293//358 1930//358 279//358
f 1930//3057 1907//3057 279//3057
f 690//3058 1862//3058 689//3058
f 1862//3059 1861//3059 689//3059
f 1861//1125 1860//1125 689//1125
f 759//3060 750//3060 751//3060
f 1926//1133 759//1133 751//1133
f 759//3061 760//3061 750//3061
f 760//3062 758//3062 750//3062
f 758//3058 1931//3058 750//3058
f 1931//3059 1932//3059 750//3059
f 1932//1125 1927//1125 750//1125
f 661//3063 1834//3063 659//3063
f 1872//1133 661//1133 659//1133
f 1881//365 300//365 282//365
f 280//3064 299//3064 297//3064
f 299//361 1933//361 297//361
f 1933//361 1934//361 297//361
f 1934//358 1928//358 297//358
f 296//3065 298//3065 280//3065
f 298//3066 299//3066 280//3066
f 1929//363 296//363 280//363
f 295//361 1935//361 293//361
f 1935//361 1936//361 293//361
f 1936//358 1930//358 293//358
f 298//3067 1937//3067 299//3067
f 1937//3068 1933//3068 299//3068
f 294//3067 1938//3067 295//3067
f 1938//3068 1935//3068 295//3068
f 1926//1133 1939//1133 759//1133
f 1939//1141 760//1141 759//1141
f 663//3061 1834//3061 661//3061
f 1872//1133 1871//1133 661//1133
f 1871//3069 663//3069 661//3069
f 691//3070 1863//3070 690//3070
f 1863//3071 1862//3071 690//3071
f 760//3072 757//3072 758//3072
f 757//3070 1940//3070 758//3070
f 1940//3071 1931//3071 758//3071
f 1881//3073 1880//3073 300//3073
f 1880//3074 314//3074 300//3074
f 310//3075 298//3075 296//3075
f 1929//3076 1941//3076 296//3076
f 1941//3077 310//3077 296//3077
f 1899//3078 1924//3078 1902//3078
f 1924//3079 1910//3079 1902//3079
f 1843//3080 1911//3080 1853//3080
f 1924//3081 1912//3081 1910//3081
f 1843//3082 1914//3082 1911//3082
f 1924//3083 1913//3083 1912//3083
f 1924//3084 1916//3084 1913//3084
f 1843//3085 1915//3085 1914//3085
f 1843//3086 1917//3086 1915//3086
f 1924//3087 1918//3087 1916//3087
f 692//3088 1864//3088 691//3088
f 1864//3088 1863//3088 691//3088
f 765//3089 770//3089 760//3089
f 770//3090 761//3090 760//3090
f 761//3091 762//3091 760//3091
f 762//3092 757//3092 760//3092
f 1939//3093 1942//3093 760//3093
f 1942//3094 765//3094 760//3094
f 762//3088 1943//3088 757//3088
f 1943//3088 1940//3088 757//3088
f 662//3092 1834//3092 663//3092
f 1871//3095 1866//3095 663//3095
f 1866//3096 662//3096 663//3096
f 1880//3097 1882//3097 314//3097
f 1882//3098 313//3098 314//3098
f 310//3099 309//3099 298//3099
f 309//3100 319//3100 298//3100
f 319//3101 318//3101 298//3101
f 318//3099 312//3099 298//3099
f 312//3102 1944//3102 298//3102
f 1944//3102 1937//3102 298//3102
f 1941//3077 1945//3077 310//3077
f 1945//3103 309//3103 310//3103
f 308//3102 1946//3102 294//3102
f 1946//3102 1938//3102 294//3102
f 1843//3080 1919//3080 1917//3080
f 1924//3104 1922//3104 1918//3104
f 1843//3105 1920//3105 1919//3105
f 1924//3106 1921//3106 1922//3106
f 323//3107 1838//3107 313//3107
f 1882//3108 1884//3108 313//3108
f 1884//3109 323//3109 313//3109
f 1945//3110 1947//3110 309//3110
f 1947//3109 319//3109 309//3109
f 740//3111 1948//3111 692//3111
f 1948//3111 1864//3111 692//3111
f 761//3111 1949//3111 762//3111
f 1949//3111 1943//3111 762//3111
f 318//3112 311//3112 312//3112
f 311//3113 1950//3113 312//3113
f 1950//3114 1944//3114 312//3114
f 307//3113 1951//3113 308//3113
f 1951//3115 1946//3115 308//3115
f 764//3091 770//3091 765//3091
f 1942//3116 1952//3116 765//3116
f 1952//3117 764//3117 765//3117
f 695//3091 1834//3091 662//3091
f 1866//3116 1865//3116 662//3116
f 1865//3118 695//3118 662//3118
f 1843//3119 1923//3119 1920//3119
f 1927//3119 1923//3119 1843//3119
f 1928//3120 1925//3120 1924//3120
f 1925//3120 1921//3120 1924//3120
f 1930//3121 1908//3121 1907//3121
f 1833//3122 741//3122 740//3122
f 741//3123 1953//3123 740//3123
f 1953//3123 1948//3123 740//3123
f 763//3124 770//3124 764//3124
f 1952//3125 1954//3125 764//3125
f 1954//3126 763//3126 764//3126
f 770//3127 1955//3127 761//3127
f 1955//1169 1949//1169 761//1169
f 694//3124 1834//3124 695//3124
f 1865//3125 1867//3125 695//3125
f 1867//3126 694//3126 695//3126
f 322//3128 1838//3128 323//3128
f 1884//3129 1883//3129 323//3129
f 1883//3130 322//3130 323//3130
f 318//3131 321//3131 311//3131
f 321//3132 1956//3132 311//3132
f 1956//3132 1950//3132 311//3132
f 1947//3129 1957//3129 319//3129
f 1957//3130 318//3130 319//3130
f 317//387 1958//387 307//387
f 1958//3132 1951//3132 307//3132
f 318//3133 320//3133 321//3133
f 320//3134 1959//3134 321//3134
f 1959//3134 1956//3134 321//3134
f 316//3134 1960//3134 317//3134
f 1960//3135 1958//3135 317//3135
f 769//3136 770//3136 763//3136
f 778//3137 769//3137 763//3137
f 1954//3126 1961//3126 763//3126
f 1961//1178 778//1178 763//1178
f 779//3137 1834//3137 694//3137
f 1867//1161 1870//1161 694//1161
f 1870//1178 779//1178 694//1178
f 339//3138 1838//3138 322//3138
f 1883//3139 1962//3139 322//3139
f 1962//3140 339//3140 322//3140
f 337//3138 320//3138 318//3138
f 1957//3139 1963//3139 318//3139
f 1963//3140 337//3140 318//3140
f 1833//3141 773//3141 741//3141
f 773//3142 1964//3142 741//3142
f 1964//3142 1953//3142 741//3142
f 769//3143 1965//3143 770//3143
f 1965//3144 1955//3144 770//3144
f 1932//1124 1926//1124 1923//1124
f 1927//1124 1932//1124 1923//1124
f 1934//579 1929//579 1928//579
f 1929//579 1925//579 1928//579
f 1936//3145 1908//3145 1930//3145
f 1841//45 1966//45 1833//45
f 787//3146 773//3146 1833//3146
f 1966//3147 834//3147 1833//3147
f 834//3148 811//3148 1833//3148
f 811//3146 787//3146 1833//3146
f 787//1184 1967//1184 773//1184
f 1967//3149 1964//3149 773//3149
f 785//3146 769//3146 778//3146
f 794//3136 785//3136 778//3136
f 1961//1178 1968//1178 778//1178
f 1968//3150 794//3150 778//3150
f 785//3151 1969//3151 769//3151
f 1969//3152 1965//3152 769//3152
f 1970//3153 1834//3153 779//3153
f 782//3154 1970//3154 779//3154
f 1870//3155 1869//3155 779//3155
f 1869//3150 782//3150 779//3150
f 1970//3153 1836//3153 1834//3153
f 1971//44 1835//44 1836//44
f 1972//44 1971//44 1836//44
f 1970//3153 1972//3153 1836//3153
f 1973//45 1837//45 1838//45
f 1974//45 1973//45 1838//45
f 339//3156 357//3156 1838//3156
f 357//3157 358//3157 1838//3157
f 358//3158 1974//3158 1838//3158
f 1962//3159 1975//3159 339//3159
f 1975//3160 357//3160 339//3160
f 337//3161 338//3161 320//3161
f 338//413 1976//413 320//413
f 1976//3162 1959//3162 320//3162
f 353//3156 338//3156 337//3156
f 1963//3159 1977//3159 337//3159
f 1977//3160 353//3160 337//3160
f 1839//3156 336//3156 316//3156
f 336//409 1978//409 316//409
f 1978//3163 1960//3163 316//3163
f 410//3164 405//3164 1839//3164
f 1979//3165 434//3165 1839//3165
f 434//3166 426//3166 1839//3166
f 426//3167 427//3167 1839//3167
f 427//3168 415//3168 1839//3168
f 415//3169 416//3169 1839//3169
f 416//3170 409//3170 1839//3170
f 409//3171 410//3171 1839//3171
f 405//3172 398//3172 1839//3172
f 398//3173 389//3173 1839//3173
f 389//3174 371//3174 1839//3174
f 371//3175 372//3175 1839//3175
f 372//3176 351//3176 1839//3176
f 351//3177 352//3177 1839//3177
f 352//3178 336//3178 1839//3178
f 1840//3179 1980//3179 1839//3179
f 1980//3179 1979//3179 1839//3179
f 1909//44 1980//44 1840//44
f 1932//1137 1939//1137 1926//1137
f 1931//3180 1942//3180 1932//3180
f 1942//3181 1939//3181 1932//3181
f 1933//3182 1929//3182 1934//3182
f 1933//3183 1937//3183 1929//3183
f 1937//3184 1941//3184 1929//3184
f 1935//3185 1908//3185 1936//3185
f 1975//3186 1981//3186 357//3186
f 1981//3187 358//3187 357//3187
f 355//3188 356//3188 353//3188
f 356//3161 338//3161 353//3161
f 376//3189 355//3189 353//3189
f 354//3157 376//3157 353//3157
f 1977//3190 1982//3190 353//3190
f 1982//3187 354//3187 353//3187
f 811//1222 1983//1222 787//1222
f 1983//3191 1967//3191 787//3191
f 837//3192 809//3192 785//3192
f 829//3193 837//3193 785//3193
f 810//3194 829//3194 785//3194
f 794//3195 810//3195 785//3195
f 809//1222 1984//1222 785//1222
f 1984//3191 1969//3191 785//3191
f 356//434 1985//434 338//434
f 1985//3196 1976//3196 338//3196
f 352//3197 1986//3197 336//3197
f 1986//3198 1978//3198 336//3198
f 1968//3150 1987//3150 794//3150
f 1987//3199 810//3199 794//3199
f 781//3200 1970//3200 782//3200
f 1869//3150 1988//3150 782//3150
f 1988//3199 781//3199 782//3199
f 1938//3201 1908//3201 1935//3201
f 1940//3202 1942//3202 1931//3202
f 1937//587 1945//587 1941//587
f 834//3203 1989//3203 811//3203
f 1989//3203 1983//3203 811//3203
f 1987//3199 1990//3199 810//3199
f 1990//3204 829//3204 810//3204
f 837//3205 825//3205 809//3205
f 825//3203 1991//3203 809//3203
f 1991//3203 1984//3203 809//3203
f 823//3206 1970//3206 781//3206
f 1988//3199 1992//3199 781//3199
f 1992//3204 823//3204 781//3204
f 377//3207 1974//3207 358//3207
f 1981//3208 1993//3208 358//3208
f 1993//3209 377//3209 358//3209
f 355//3210 1994//3210 356//3210
f 1994//3211 1985//3211 356//3211
f 373//3212 376//3212 354//3212
f 1982//3208 1995//3208 354//3208
f 1995//3213 373//3213 354//3213
f 351//3211 1996//3211 352//3211
f 1996//3211 1986//3211 352//3211
f 1940//1151 1943//1151 1942//1151
f 1943//1150 1949//1150 1942//1150
f 1949//3214 1955//3214 1942//3214
f 1955//3215 1952//3215 1942//3215
f 1944//3216 1963//3216 1937//3216
f 1963//3217 1957//3217 1937//3217
f 1957//3218 1947//3218 1937//3218
f 1947//3219 1945//3219 1937//3219
f 1946//591 1908//591 1938//591
f 376//3220 1997//3220 355//3220
f 1997//3221 1994//3221 355//3221
f 372//3222 1998//3222 351//3222
f 1998//3222 1996//3222 351//3222
f 1990//3204 1999//3204 829//3204
f 1999//3223 837//3223 829//3223
f 836//3224 1970//3224 823//3224
f 1992//3204 2000//3204 823//3204
f 2000//3223 836//3223 823//3223
f 378//3225 1974//3225 377//3225
f 1993//3209 2001//3209 377//3209
f 2001//3226 378//3226 377//3226
f 374//3176 376//3176 373//3176
f 1995//3227 2002//3227 373//3227
f 2002//3228 374//3228 373//3228
f 1966//3229 838//3229 834//3229
f 838//3230 2003//3230 834//3230
f 2003//3230 1989//3230 834//3230
f 837//3231 831//3231 825//3231
f 831//3230 2004//3230 825//3230
f 2004//1257 1991//1257 825//1257
f 1948//3232 1841//3232 1864//3232
f 1950//3233 1963//3233 1944//3233
f 1951//592 1908//592 1946//592
f 1955//3234 1954//3234 1952//3234
f 1966//3235 853//3235 838//3235
f 853//3236 2005//3236 838//3236
f 2005//3237 2003//3237 838//3237
f 828//3238 830//3238 837//3238
f 830//3239 831//3239 837//3239
f 1999//3223 2006//3223 837//3223
f 2006//3240 849//3240 837//3240
f 830//3241 2007//3241 831//3241
f 2007//3237 2004//3237 831//3237
f 844//3242 1970//3242 836//3242
f 2000//3223 2008//3223 836//3223
f 2008//3240 844//3240 836//3240
f 397//3243 1974//3243 378//3243
f 2001//3226 2009//3226 378//3226
f 2009//3244 397//3244 378//3244
f 391//3175 375//3175 376//3175
f 374//3175 392//3175 376//3175
f 392//3245 391//3245 376//3245
f 375//3246 2010//3246 376//3246
f 2010//3247 1997//3247 376//3247
f 2002//3226 2011//3226 374//3226
f 2011//3244 392//3244 374//3244
f 371//3246 2012//3246 372//3246
f 2012//3247 1998//3247 372//3247
f 1953//3248 1841//3248 1948//3248
f 1955//1166 1961//1166 1954//1166
f 1837//3249 1962//3249 1883//3249
f 1956//604 1963//604 1950//604
f 1958//604 1908//604 1951//604
f 1966//3250 854//3250 853//3250
f 854//1277 2013//1277 853//1277
f 2013//3251 2005//3251 853//3251
f 828//1277 2014//1277 830//1277
f 2014//3251 2007//3251 830//3251
f 396//3252 1974//3252 397//3252
f 2009//3253 2015//3253 397//3253
f 2015//3254 396//3254 397//3254
f 2011//3253 2016//3253 392//3253
f 2016//3254 391//3254 392//3254
f 391//3245 394//3245 375//3245
f 394//3255 2017//3255 375//3255
f 2017//3256 2010//3256 375//3256
f 389//3255 2018//3255 371//3255
f 2018//3256 2012//3256 371//3256
f 2006//3257 2019//3257 849//3257
f 2019//3258 856//3258 849//3258
f 855//3259 1970//3259 844//3259
f 2008//3257 2020//3257 844//3257
f 2020//3258 855//3258 844//3258
f 1977//3249 1963//3249 1956//3249
f 1959//606 1977//606 1956//606
f 1960//606 1908//606 1958//606
f 1955//1175 1968//1175 1961//1175
f 1837//3249 1975//3249 1962//3249
f 1964//3248 1841//3248 1953//3248
f 1965//3248 1968//3248 1955//3248
f 1966//3260 870//3260 854//3260
f 870//3261 2013//3261 854//3261
f 2019//3262 2021//3262 856//3262
f 2021//3263 2022//3263 856//3263
f 2022//3264 863//3264 856//3264
f 862//3261 2014//3261 828//3261
f 860//3265 1970//3265 855//3265
f 2020//3262 2023//3262 855//3262
f 2023//3263 2024//3263 855//3263
f 2024//3264 860//3264 855//3264
f 403//3266 1974//3266 396//3266
f 2015//3267 2025//3267 396//3267
f 2025//3268 2026//3268 396//3268
f 2026//3269 403//3269 396//3269
f 391//3270 401//3270 394//3270
f 401//3271 2017//3271 394//3271
f 400//3270 401//3270 391//3270
f 2016//3267 2027//3267 391//3267
f 2027//3268 2028//3268 391//3268
f 2028//3269 400//3269 391//3269
f 398//3272 2018//3272 389//3272
f 2029//45 1966//45 1841//45
f 1964//1176 1967//1176 1841//1176
f 1967//3273 1983//3273 1841//3273
f 1983//3274 2029//3274 1841//3274
f 1965//1176 1987//1176 1968//1176
f 1969//1175 1987//1175 1965//1175
f 1868//1175 1988//1175 1869//1175
f 2030//3275 2031//3275 1868//3275
f 2031//3276 2024//3276 1868//3276
f 2024//3277 2023//3277 1868//3277
f 2023//3278 2020//3278 1868//3278
f 2020//3279 2008//3279 1868//3279
f 2008//1255 2000//1255 1868//1255
f 2000//3280 1992//3280 1868//3280
f 1992//1219 1988//1219 1868//1219
f 1835//3281 2030//3281 1868//3281
f 1971//3281 2030//3281 1835//3281
f 1981//606 1975//606 1837//606
f 1973//3282 2001//3282 1837//3282
f 2001//3283 1993//3283 1837//3283
f 1993//3284 1981//3284 1837//3284
f 1982//606 1977//606 1959//606
f 1976//605 1982//605 1959//605
f 2032//3285 1908//3285 1960//3285
f 1978//3286 2032//3286 1960//3286
f 2033//3285 1909//3285 1908//3285
f 2032//3285 2033//3285 1908//3285
f 2033//44 1980//44 1909//44
f 1966//3287 883//3287 870//3287
f 883//3288 2034//3288 870//3288
f 2034//3289 2013//3289 870//3289
f 879//3290 862//3290 863//3290
f 2022//3291 2035//3291 863//3291
f 2035//3292 879//3292 863//3292
f 879//3290 876//3290 862//3290
f 876//3293 2036//3293 862//3293
f 2036//3289 2014//3289 862//3289
f 873//3294 1970//3294 860//3294
f 2024//3291 2031//3291 860//3291
f 2031//3292 873//3292 860//3292
f 402//3295 1974//3295 403//3295
f 2026//3296 2037//3296 403//3296
f 2037//3297 402//3297 403//3297
f 400//3298 407//3298 401//3298
f 407//3299 2038//3299 401//3299
f 2038//3300 2017//3300 401//3300
f 399//3298 407//3298 400//3298
f 2028//3301 2039//3301 400//3301
f 2039//3302 399//3302 400//3302
f 405//3299 2040//3299 398//3299
f 2040//3300 2018//3300 398//3300
f 1997//3303 1995//3303 1982//3303
f 1994//3304 1997//3304 1982//3304
f 1985//3305 1994//3305 1982//3305
f 1976//3306 1985//3306 1982//3306
f 2006//3307 1999//3307 1969//3307
f 1984//3308 2006//3308 1969//3308
f 1999//3309 1990//3309 1969//3309
f 1990//1219 1987//1219 1969//1219
f 1986//3310 2032//3310 1978//3310
f 1989//3311 2029//3311 1983//3311
f 1991//1244 2006//1244 1984//1244
f 1997//623 2002//623 1995//623
f 1996//3312 2032//3312 1986//3312
f 1966//3313 900//3313 883//3313
f 900//3314 2041//3314 883//3314
f 2041//3315 2034//3315 883//3315
f 2035//3316 2042//3316 879//3316
f 2042//1337 894//1337 879//1337
f 1966//3317 895//3317 876//3317
f 891//3318 1966//3318 876//3318
f 895//3319 2043//3319 876//3319
f 2043//3320 2036//3320 876//3320
f 886//3321 1970//3321 873//3321
f 2031//3316 2044//3316 873//3316
f 2044//1337 886//1337 873//1337
f 408//3322 1974//3322 402//3322
f 2037//3323 2045//3323 402//3323
f 2045//3324 408//3324 402//3324
f 1979//3325 413//3325 407//3325
f 399//3326 406//3326 407//3326
f 406//3327 411//3327 407//3327
f 411//3328 418//3328 407//3328
f 418//3329 417//3329 407//3329
f 417//3330 428//3330 407//3330
f 434//3331 1979//3331 407//3331
f 429//3332 434//3332 407//3332
f 428//3328 429//3328 407//3328
f 413//3333 2046//3333 407//3333
f 2046//3334 2038//3334 407//3334
f 2039//3335 2047//3335 399//3335
f 2047//534 406//534 399//534
f 410//3333 2048//3333 405//3333
f 2048//3334 2040//3334 405//3334
f 1998//3336 2032//3336 1996//3336
f 1973//3337 2009//3337 2001//3337
f 1997//627 2011//627 2002//627
f 2003//3338 2029//3338 1989//3338
f 2004//1248 2006//1248 1991//1248
f 1966//3339 912//3339 900//3339
f 912//3340 2049//3340 900//3340
f 2049//3341 2050//3341 900//3341
f 2050//3342 2041//3342 900//3342
f 2042//3343 893//3343 894//3343
f 1966//3344 907//3344 895//3344
f 907//3340 2051//3340 895//3340
f 2051//3341 2052//3341 895//3341
f 2052//3345 2043//3345 895//3345
f 904//3346 1970//3346 886//3346
f 2044//3347 904//3347 886//3347
f 414//3348 1974//3348 408//3348
f 2045//3349 414//3349 408//3349
f 1979//3350 412//3350 413//3350
f 412//3351 2053//3351 413//3351
f 2053//3352 2054//3352 413//3352
f 2054//3353 2046//3353 413//3353
f 2047//3349 411//3349 406//3349
f 409//3354 2055//3354 410//3354
f 2055//3352 2056//3352 410//3352
f 2056//3353 2048//3353 410//3353
f 2005//3355 2029//3355 2003//3355
f 2014//3279 2019//3279 2006//3279
f 2004//3356 2007//3356 2006//3356
f 2007//3357 2014//3357 2006//3357
f 1973//3358 2015//3358 2009//3358
f 2010//3359 2027//3359 1997//3359
f 2027//3360 2016//3360 1997//3360
f 2016//3361 2011//3361 1997//3361
f 2012//3362 2032//3362 1998//3362
f 1966//3363 922//3363 912//3363
f 922//3364 2057//3364 912//3364
f 2057//3365 2049//3365 912//3365
f 1966//3366 921//3366 907//3366
f 921//3367 2058//3367 907//3367
f 2058//3365 2051//3365 907//3365
f 422//3368 1974//3368 414//3368
f 2045//3369 2059//3369 414//3369
f 2059//3370 422//3370 414//3370
f 2047//3369 2060//3369 411//3369
f 2060//3370 418//3370 411//3370
f 1979//3371 420//3371 412//3371
f 420//3372 2061//3372 412//3372
f 2061//3373 2053//3373 412//3373
f 416//3374 2062//3374 409//3374
f 2062//3375 2055//3375 409//3375
f 2042//3376 2063//3376 893//3376
f 2063//1374 892//1374 893//1374
f 923//3377 1970//3377 904//3377
f 2044//3378 2064//3378 904//3378
f 2064//3379 923//3379 904//3379
f 1966//3380 934//3380 922//3380
f 934//3381 2065//3381 922//3381
f 2065//3382 2057//3382 922//3382
f 2063//3383 2066//3383 892//3383
f 2066//3384 890//3384 892//3384
f 1966//3385 929//3385 921//3385
f 929//3381 2067//3381 921//3381
f 2067//3382 2058//3382 921//3382
f 926//3386 1970//3386 923//3386
f 2064//3383 2068//3383 923//3383
f 2068//3387 926//3387 923//3387
f 421//3388 1974//3388 422//3388
f 2059//3370 2069//3370 422//3370
f 2069//3389 421//3389 422//3389
f 1979//3390 419//3390 420//3390
f 419//3391 2070//3391 420//3391
f 2070//3392 2061//3392 420//3392
f 2060//3370 2071//3370 418//3370
f 2071//3393 417//3393 418//3393
f 415//3394 2072//3394 416//3394
f 2072//3395 2062//3395 416//3395
f 2066//3396 2073//3396 890//3396
f 2073//3397 889//3397 890//3397
f 937//3398 1970//3398 926//3398
f 2068//3396 2074//3396 926//3396
f 2074//3397 937//3397 926//3397
f 1979//3399 431//3399 419//3399
f 431//3400 2075//3400 419//3400
f 2075//3401 2070//3401 419//3401
f 427//3402 2076//3402 415//3402
f 2076//3403 2072//3403 415//3403
f 432//3404 1974//3404 421//3404
f 2069//3405 2077//3405 421//3405
f 2077//3406 432//3406 421//3406
f 2071//3407 2078//3407 417//3407
f 2078//3408 428//3408 417//3408
f 1966//3409 936//3409 934//3409
f 936//3410 2079//3410 934//3410
f 2079//3411 2065//3411 934//3411
f 1966//3412 935//3412 929//3412
f 935//3410 2080//3410 929//3410
f 2080//3411 2067//3411 929//3411
f 2013//3413 2029//3413 2005//3413
f 1973//3414 2025//3414 2015//3414
f 2017//3415 2027//3415 2010//3415
f 2018//3416 2032//3416 2012//3416
f 2014//3417 2021//3417 2019//3417
f 1966//3418 948//3418 936//3418
f 948//3419 2081//3419 936//3419
f 2081//3419 2079//3419 936//3419
f 2073//3420 2082//3420 889//3420
f 2082//3421 891//3421 889//3421
f 1966//3422 943//3422 935//3422
f 943//3419 2083//3419 935//3419
f 2083//3419 2080//3419 935//3419
f 941//3423 1970//3423 937//3423
f 2074//3420 2084//3420 937//3420
f 2084//3424 941//3424 937//3424
f 433//3425 1974//3425 432//3425
f 2077//3426 2085//3426 432//3426
f 2085//3427 433//3427 432//3427
f 1979//3428 430//3428 431//3428
f 430//3429 2086//3429 431//3429
f 2086//3430 2075//3430 431//3430
f 2078//3426 2087//3426 428//3426
f 2087//3431 429//3431 428//3431
f 426//3432 2088//3432 427//3432
f 2088//3430 2076//3430 427//3430
f 1966//3433 950//3433 948//3433
f 950//3434 2089//3434 948//3434
f 2089//3435 2081//3435 948//3435
f 1966//3436 949//3436 943//3436
f 949//3437 2090//3437 943//3437
f 2090//3435 2083//3435 943//3435
f 950//3438 1966//3438 891//3438
f 2082//3421 2091//3421 891//3421
f 2091//3439 950//3439 891//3439
f 1966//3440 1970//3440 941//3440
f 949//3441 1966//3441 941//3441
f 2084//3421 2092//3421 941//3421
f 2092//3439 949//3439 941//3439
f 1974//3442 435//3442 430//3442
f 1979//3443 1974//3443 430//3443
f 435//3444 2093//3444 430//3444
f 2093//3445 2086//3445 430//3445
f 434//3446 2094//3446 426//3446
f 2094//3445 2088//3445 426//3445
f 435//3447 1974//3447 433//3447
f 2085//3448 2095//3448 433//3448
f 2095//3449 435//3449 433//3449
f 2087//3431 2096//3431 429//3431
f 2096//3450 434//3450 429//3450
f 2091//3451 2089//3451 950//3451
f 2092//3451 2090//3451 949//3451
f 2095//3452 2093//3452 435//3452
f 2096//3452 2094//3452 434//3452
f 2034//3453 2029//3453 2013//3453
f 2014//3454 2022//3454 2021//3454
f 2036//3454 2022//3454 2014//3454
f 1973//3455 2026//3455 2025//3455
f 2038//3456 2027//3456 2017//3456
f 2038//3456 2028//3456 2027//3456
f 2040//3457 2032//3457 2018//3457
f 2041//3458 2029//3458 2034//3458
f 2036//3459 2035//3459 2022//3459
f 2043//3460 2035//3460 2036//3460
f 1973//3461 2037//3461 2026//3461
f 2046//3462 2028//3462 2038//3462
f 2046//3462 2039//3462 2028//3462
f 2048//3463 2032//3463 2040//3463
f 2050//3464 2029//3464 2041//3464
f 2090//3465 2042//3465 2035//3465
f 2043//1331 2052//1331 2035//1331
f 2052//3466 2051//3466 2035//3466
f 2051//3467 2058//3467 2035//3467
f 2058//3468 2067//3468 2035//3468
f 2067//3469 2080//3469 2035//3469
f 2080//3470 2083//3470 2035//3470
f 2083//3471 2090//3471 2035//3471
f 2030//3472 2044//3472 2031//3472
f 1973//3473 2045//3473 2037//3473
f 2054//656 2039//656 2046//656
f 1973//3474 2047//3474 2039//3474
f 2054//3475 2053//3475 2039//3475
f 2053//3476 2061//3476 2039//3476
f 2061//3477 2070//3477 2039//3477
f 2070//3478 2075//3478 2039//3478
f 2075//3479 2086//3479 2039//3479
f 2086//3480 1973//3480 2039//3480
f 2056//3481 2032//3481 2048//3481
f 2049//3482 2029//3482 2050//3482
f 2030//3483 2063//3483 2042//3483
f 2090//3484 2030//3484 2042//3484
f 2030//3485 2064//3485 2044//3485
f 1973//3486 2059//3486 2045//3486
f 1973//3487 2060//3487 2047//3487
f 2055//3488 2032//3488 2056//3488
f 2057//3489 2029//3489 2049//3489
f 1973//3490 2069//3490 2059//3490
f 1973//3491 2071//3491 2060//3491
f 2062//3492 2032//3492 2055//3492
f 2030//3493 2066//3493 2063//3493
f 2030//3494 2068//3494 2064//3494
f 2065//3495 2029//3495 2057//3495
f 2030//3496 2073//3496 2066//3496
f 2030//3497 2074//3497 2068//3497
f 1973//3498 2077//3498 2069//3498
f 1973//3499 2078//3499 2071//3499
f 2072//3500 2032//3500 2062//3500
f 2030//3501 2082//3501 2073//3501
f 2030//3502 2084//3502 2074//3502
f 2076//3503 2032//3503 2072//3503
f 1973//3504 2085//3504 2077//3504
f 1973//3505 2087//3505 2078//3505
f 2079//3506 2029//3506 2065//3506
f 2081//3507 2029//3507 2079//3507
f 2030//3508 2091//3508 2082//3508
f 2030//3509 2092//3509 2084//3509
f 1973//3510 2095//3510 2085//3510
f 1973//3511 2096//3511 2087//3511
f 2088//3512 2032//3512 2076//3512
f 2089//3513 2029//3513 2081//3513
f 2030//3514 2029//3514 2091//3514
f 2029//3515 2089//3515 2091//3515
f 2030//3516 2090//3516 2092//3516
f 2093//3517 1973//3517 2086//3517
f 2094//3518 1973//3518 2088//3518
f 1973//3519 2032//3519 2088//3519
f 1973//3520 2093//3520 2095//3520
f 1973//3521 2094//3521 2096//3521
f 2029//45 2097//45 1966//45
f 2097//3522 1970//3522 1966//3522
f 2098//3522 1972//3522 1970//3522
f 2097//3522 2098//3522 1970//3522
f 2099//44 1971//44 1972//44
f 2100//44 2099//44 1972//44
f 2098//3522 2100//3522 1972//3522
f 2101//45 1973//45 1974//45
f 2102//45 2101//45 1974//45
f 1979//3523 2103//3523 1974//3523
f 2103//3523 2102//3523 1974//3523
f 1980//3523 2104//3523 1979//3523
f 2104//3523 2103//3523 1979//3523
f 2033//44 2104//44 1980//44
f 2105//45 2097//45 2029//45
f 2030//3524 2105//3524 2029//3524
f 2106//3524 2105//3524 2030//3524
f 1971//3524 2106//3524 2030//3524
f 2099//3524 2106//3524 1971//3524
f 2107//3525 2032//3525 1973//3525
f 2101//3525 2107//3525 1973//3525
f 2108//3525 2033//3525 2032//3525
f 2107//3525 2108//3525 2032//3525
f 2108//44 2104//44 2033//44
f 2105//45 2109//45 2097//45
f 2109//3526 2098//3526 2097//3526
f 2110//3527 2111//3527 2098//3527
f 2112//3526 2113//3526 2098//3526
f 2113//3528 2114//3528 2098//3528
f 2114//3529 2110//3529 2098//3529
f 2111//3530 2115//3530 2098//3530
f 2115//3531 2116//3531 2098//3531
f 2116//3532 2117//3532 2098//3532
f 2117//3533 2118//3533 2098//3533
f 2118//3534 2119//3534 2098//3534
f 2119//3535 2120//3535 2098//3535
f 2120//3536 2121//3536 2098//3536
f 2121//3537 2122//3537 2098//3537
f 2122//3538 2123//3538 2098//3538
f 2123//3539 2100//3539 2098//3539
f 2109//3526 2112//3526 2098//3526
f 2124//44 2099//44 2100//44
f 2125//44 2124//44 2100//44
f 2126//3540 2127//3540 2100//3540
f 2123//3541 2128//3541 2100//3541
f 2128//3542 2129//3542 2100//3542
f 2129//3543 2130//3543 2100//3543
f 2130//3544 2131//3544 2100//3544
f 2131//3545 2132//3545 2100//3545
f 2132//3546 2133//3546 2100//3546
f 2133//3547 2134//3547 2100//3547
f 2134//3548 2135//3548 2100//3548
f 2135//3549 2126//3549 2100//3549
f 2127//3550 2136//3550 2100//3550
f 2136//3551 2137//3551 2100//3551
f 2137//3552 2138//3552 2100//3552
f 2138//3553 2139//3553 2100//3553
f 2139//3554 2140//3554 2100//3554
f 2140//3555 2125//3555 2100//3555
f 2141//45 2101//45 2102//45
f 2142//45 2141//45 2102//45
f 2103//3556 2143//3556 2102//3556
f 2143//3556 2142//3556 2102//3556
f 2144//3557 2145//3557 2103//3557
f 2145//3558 2146//3558 2103//3558
f 2146//3559 2147//3559 2103//3559
f 2147//3560 2148//3560 2103//3560
f 2148//3561 2149//3561 2103//3561
f 2149//3562 2143//3562 2103//3562
f 2104//3563 2150//3563 2103//3563
f 2150//3564 2144//3564 2103//3564
f 2108//44 2151//44 2104//44
f 2151//3565 2152//3565 2104//3565
f 2152//3566 2153//3566 2104//3566
f 2153//3567 2154//3567 2104//3567
f 2154//3568 2155//3568 2104//3568
f 2155//3569 2156//3569 2104//3569
f 2156//3570 2157//3570 2104//3570
f 2157//3571 2158//3571 2104//3571
f 2158//3572 2159//3572 2104//3572
f 2159//3573 2160//3573 2104//3573
f 2160//3574 2161//3574 2104//3574
f 2161//3575 2162//3575 2104//3575
f 2162//3576 2163//3576 2104//3576
f 2163//3577 2164//3577 2104//3577
f 2164//3578 2165//3578 2104//3578
f 2165//3579 2150//3579 2104//3579
f 2166//45 2109//45 2105//45
f 2106//3580 2166//3580 2105//3580
f 2167//3581 2168//3581 2106//3581
f 2168//3582 2169//3582 2106//3582
f 2169//3583 2170//3583 2106//3583
f 2170//3584 2171//3584 2106//3584
f 2171//3585 2172//3585 2106//3585
f 2172//3586 2173//3586 2106//3586
f 2173//3587 2174//3587 2106//3587
f 2174//3580 2166//3580 2106//3580
f 2099//3588 2167//3588 2106//3588
f 2175//3589 2176//3589 2099//3589
f 2177//3590 2175//3590 2099//3590
f 2124//3591 2178//3591 2099//3591
f 2178//3592 2179//3592 2099//3592
f 2179//3593 2177//3593 2099//3593
f 2176//3594 2180//3594 2099//3594
f 2180//3595 2181//3595 2099//3595
f 2181//3596 2182//3596 2099//3596
f 2182//3597 2183//3597 2099//3597
f 2183//3598 2184//3598 2099//3598
f 2184//3599 2185//3599 2099//3599
f 2185//3600 2186//3600 2099//3600
f 2186//3601 2187//3601 2099//3601
f 2187//3602 2188//3602 2099//3602
f 2188//3603 2167//3603 2099//3603
f 2189//3604 2107//3604 2101//3604
f 2141//3604 2189//3604 2101//3604
f 2190//3605 2191//3605 2107//3605
f 2191//3606 2192//3606 2107//3606
f 2192//3607 2193//3607 2107//3607
f 2193//3608 2194//3608 2107//3608
f 2194//3609 2195//3609 2107//3609
f 2195//3610 2196//3610 2107//3610
f 2196//3611 2197//3611 2107//3611
f 2197//3612 2198//3612 2107//3612
f 2198//3613 2199//3613 2107//3613
f 2199//3614 2200//3614 2107//3614
f 2189//3604 2201//3604 2107//3604
f 2201//3615 2202//3615 2107//3615
f 2202//3616 2190//3616 2107//3616
f 2203//3617 2108//3617 2107//3617
f 2200//3618 2203//3618 2107//3618
f 2204//44 2151//44 2108//44
f 2205//3619 2206//3619 2108//3619
f 2203//3620 2207//3620 2108//3620
f 2207//3621 2208//3621 2108//3621
f 2208//3622 2209//3622 2108//3622
f 2209//3623 2210//3623 2108//3623
f 2210//3624 2211//3624 2108//3624
f 2211//3625 2212//3625 2108//3625
f 2212//3626 2213//3626 2108//3626
f 2213//3627 2205//3627 2108//3627
f 2206//3628 2214//3628 2108//3628
f 2214//3629 2215//3629 2108//3629
f 2215//3630 2216//3630 2108//3630
f 2216//3631 2217//3631 2108//3631
f 2217//3632 2218//3632 2108//3632
f 2218//3633 2204//3633 2108//3633
f 2129//3634 2167//3634 2130//3634
f 2167//3634 2188//3634 2130//3634
f 2188//3635 2131//3635 2130//3635
f 2187//3635 2131//3635 2188//3635
f 2165//3635 2209//3635 2208//3635
f 2150//3636 2165//3636 2208//3636
f 2207//3636 2150//3636 2208//3636
f 2164//3635 2209//3635 2165//3635
f 2187//3637 2132//3637 2131//3637
f 2207//3638 2144//3638 2150//3638
f 2186//3637 2132//3637 2187//3637
f 2203//3638 2144//3638 2207//3638
f 2128//3639 2168//3639 2129//3639
f 2168//3639 2167//3639 2129//3639
f 2163//3637 2210//3637 2164//3637
f 2210//3637 2209//3637 2164//3637
f 2123//3640 2169//3640 2128//3640
f 2169//3640 2168//3640 2128//3640
f 2186//3641 2133//3641 2132//3641
f 2185//3641 2133//3641 2186//3641
f 2145//3640 2144//3640 2203//3640
f 2200//3640 2145//3640 2203//3640
f 2163//3641 2211//3641 2210//3641
f 2162//3641 2211//3641 2163//3641
f 2134//3642 2133//3642 2185//3642
f 2184//3642 2134//3642 2185//3642
f 2146//3643 2145//3643 2200//3643
f 2199//3643 2146//3643 2200//3643
f 2122//3643 2170//3643 2123//3643
f 2170//3643 2169//3643 2123//3643
f 2162//3642 2212//3642 2211//3642
f 2161//3642 2212//3642 2162//3642
f 2121//3644 2171//3644 2122//3644
f 2171//3644 2170//3644 2122//3644
f 2184//3645 2135//3645 2134//3645
f 2183//3645 2135//3645 2184//3645
f 2147//3644 2146//3644 2199//3644
f 2198//3644 2147//3644 2199//3644
f 2161//3645 2213//3645 2212//3645
f 2160//3645 2213//3645 2161//3645
f 2120//3646 2172//3646 2121//3646
f 2172//3646 2171//3646 2121//3646
f 2159//3647 2205//3647 2160//3647
f 2205//3647 2213//3647 2160//3647
f 2183//3647 2126//3647 2135//3647
f 2198//3646 2148//3646 2147//3646
f 2182//3647 2126//3647 2183//3647
f 2197//3646 2148//3646 2198//3646
f 2119//3648 2172//3648 2120//3648
f 2182//3649 2181//3649 2126//3649
f 2181//3649 2127//3649 2126//3649
f 2119//3648 2173//3648 2172//3648
f 2196//3648 2148//3648 2197//3648
f 2158//3649 2206//3649 2205//3649
f 2159//3649 2158//3649 2205//3649
f 2196//3648 2149//3648 2148//3648
f 2118//3650 2173//3650 2119//3650
f 2181//3651 2180//3651 2127//3651
f 2180//3651 2136//3651 2127//3651
f 2219//3652 2174//3652 2173//3652
f 2118//3650 2219//3650 2173//3650
f 2195//3650 2149//3650 2196//3650
f 2157//3651 2214//3651 2206//3651
f 2158//3651 2157//3651 2206//3651
f 2220//3653 2143//3653 2149//3653
f 2195//3650 2220//3650 2149//3650
f 2117//3654 2219//3654 2118//3654
f 2180//3655 2176//3655 2136//3655
f 2176//3655 2137//3655 2136//3655
f 2221//3656 2174//3656 2219//3656
f 2117//3654 2221//3654 2219//3654
f 2194//3654 2220//3654 2195//3654
f 2156//3655 2215//3655 2214//3655
f 2157//3655 2156//3655 2214//3655
f 2222//3657 2143//3657 2220//3657
f 2194//3654 2222//3654 2220//3654
f 2223//3658 2221//3658 2117//3658
f 2116//3658 2223//3658 2117//3658
f 2176//3659 2138//3659 2137//3659
f 2223//3660 2174//3660 2221//3660
f 2175//3659 2138//3659 2176//3659
f 2224//3658 2222//3658 2194//3658
f 2193//3658 2224//3658 2194//3658
f 2156//3659 2216//3659 2215//3659
f 2224//3661 2143//3661 2222//3661
f 2155//3659 2216//3659 2156//3659
f 2225//3662 2174//3662 2223//3662
f 2116//3663 2225//3663 2223//3663
f 2155//3664 2217//3664 2216//3664
f 2115//3663 2225//3663 2116//3663
f 2154//3664 2217//3664 2155//3664
f 2175//3664 2139//3664 2138//3664
f 2226//3665 2143//3665 2224//3665
f 2193//3663 2226//3663 2224//3663
f 2177//3664 2139//3664 2175//3664
f 2192//3663 2226//3663 2193//3663
f 2227//3666 2225//3666 2115//3666
f 2111//3666 2227//3666 2115//3666
f 2177//3667 2140//3667 2139//3667
f 2227//3668 2174//3668 2225//3668
f 2179//3667 2140//3667 2177//3667
f 2228//3669 2226//3669 2192//3669
f 2191//3669 2228//3669 2192//3669
f 2154//3670 2218//3670 2217//3670
f 2228//3671 2143//3671 2226//3671
f 2153//3670 2218//3670 2154//3670
f 2229//3672 2140//3672 2179//3672
f 2178//3672 2229//3672 2179//3672
f 2230//3673 2228//3673 2191//3673
f 2190//3673 2230//3673 2191//3673
f 2229//3674 2125//3674 2140//3674
f 2230//3675 2143//3675 2228//3675
f 2231//3676 2174//3676 2227//3676
f 2111//3677 2231//3677 2227//3677
f 2232//3678 2204//3678 2218//3678
f 2153//3679 2232//3679 2218//3679
f 2110//3677 2231//3677 2111//3677
f 2152//3679 2232//3679 2153//3679
f 2233//3680 2231//3680 2110//3680
f 2114//3680 2233//3680 2110//3680
f 2234//3681 2125//3681 2229//3681
f 2178//3682 2234//3682 2229//3682
f 2233//3683 2174//3683 2231//3683
f 2124//3684 2235//3684 2178//3684
f 2235//3682 2234//3682 2178//3682
f 2236//3680 2230//3680 2190//3680
f 2202//3680 2236//3680 2190//3680
f 2237//3685 2204//3685 2232//3685
f 2152//3682 2237//3682 2232//3682
f 2236//3686 2143//3686 2230//3686
f 2151//3687 2238//3687 2152//3687
f 2238//3682 2237//3682 2152//3682
f 2239//3688 2174//3688 2233//3688
f 2114//3689 2239//3689 2233//3689
f 2240//3690 2204//3690 2237//3690
f 2238//3691 2240//3691 2237//3691
f 2113//3689 2239//3689 2114//3689
f 2151//3688 2241//3688 2238//3688
f 2241//3691 2240//3691 2238//3691
f 2242//3690 2125//3690 2234//3690
f 2235//3691 2242//3691 2234//3691
f 2243//3688 2143//3688 2236//3688
f 2202//3689 2243//3689 2236//3689
f 2124//3688 2244//3688 2235//3688
f 2244//3691 2242//3691 2235//3691
f 2201//3689 2243//3689 2202//3689
f 2245//3692 2189//3692 2141//3692
f 2246//3692 2245//3692 2141//3692
f 2245//3693 2247//3693 2189//3693
f 2247//3694 2248//3694 2189//3694
f 2248//3695 2249//3695 2189//3695
f 2249//3696 2250//3696 2189//3696
f 2250//3697 2251//3697 2189//3697
f 2251//3698 2252//3698 2189//3698
f 2252//3699 2253//3699 2189//3699
f 2253//3700 2254//3700 2189//3700
f 2254//3690 2201//3690 2189//3690
f 2240//3690 2255//3690 2204//3690
f 2255//3701 2256//3701 2204//3701
f 2256//3702 2257//3702 2204//3702
f 2258//3703 2242//3703 2244//3703
f 2259//3703 2258//3703 2244//3703
f 2260//3704 2243//3704 2201//3704
f 2254//3704 2260//3704 2201//3704
f 2261//3704 2239//3704 2113//3704
f 2262//3704 2261//3704 2113//3704
f 2142//45 2246//45 2141//45
f 2241//3703 2255//3703 2240//3703
f 2257//44 2263//44 2204//44
f 2263//44 2151//44 2204//44
f 2264//45 2246//45 2142//45
f 2143//3705 2265//3705 2142//3705
f 2265//3705 2264//3705 2142//3705
f 2243//3705 2265//3705 2143//3705
f 2151//3688 2266//3688 2241//3688
f 2266//3703 2255//3703 2241//3703
f 2263//3706 2267//3706 2151//3706
f 2267//3707 2268//3707 2151//3707
f 2268//3708 2266//3708 2151//3708
f 2260//3709 2265//3709 2243//3709
f 2269//45 2270//45 2166//45
f 2270//45 2109//45 2166//45
f 2174//3710 2269//3710 2166//3710
f 2239//3710 2271//3710 2174//3710
f 2271//3710 2269//3710 2174//3710
f 2261//3711 2271//3711 2239//3711
f 2124//3688 2259//3688 2244//3688
f 2272//3712 2273//3712 2124//3712
f 2273//3713 2274//3713 2124//3713
f 2274//3714 2259//3714 2124//3714
f 2270//3715 2112//3715 2109//3715
f 2275//3716 2276//3716 2112//3716
f 2276//3717 2277//3717 2112//3717
f 2277//3718 2278//3718 2112//3718
f 2278//3719 2279//3719 2112//3719
f 2279//3720 2280//3720 2112//3720
f 2280//3721 2281//3721 2112//3721
f 2281//3722 2282//3722 2112//3722
f 2282//3723 2262//3723 2112//3723
f 2262//3690 2113//3690 2112//3690
f 2270//3715 2275//3715 2112//3715
f 2258//3690 2125//3690 2242//3690
f 2272//44 2124//44 2125//44
f 2283//44 2272//44 2125//44
f 2258//3724 2284//3724 2125//3724
f 2284//3725 2283//3725 2125//3725
f 2284//3726 2258//3726 2259//3726
f 2274//3726 2284//3726 2259//3726
f 2285//3727 2260//3727 2254//3727
f 2253//3727 2285//3727 2254//3727
f 2285//3728 2265//3728 2260//3728
f 2286//3727 2261//3727 2262//3727
f 2282//3727 2286//3727 2262//3727
f 2256//3726 2255//3726 2266//3726
f 2268//3726 2256//3726 2266//3726
f 2286//3729 2271//3729 2261//3729
f 2287//3730 2286//3730 2282//3730
f 2281//3730 2287//3730 2282//3730
f 2288//3731 2283//3731 2284//3731
f 2274//3732 2288//3732 2284//3732
f 2287//3733 2271//3733 2286//3733
f 2273//3732 2288//3732 2274//3732
f 2289//3730 2285//3730 2253//3730
f 2252//3730 2289//3730 2253//3730
f 2290//3734 2257//3734 2256//3734
f 2268//3732 2290//3732 2256//3732
f 2289//3735 2265//3735 2285//3735
f 2267//3732 2290//3732 2268//3732
f 2291//3736 2283//3736 2288//3736
f 2273//3737 2291//3737 2288//3737
f 2292//3738 2265//3738 2289//3738
f 2252//3739 2292//3739 2289//3739
f 2272//3740 2293//3740 2273//3740
f 2293//3737 2291//3737 2273//3737
f 2251//3739 2292//3739 2252//3739
f 2294//3741 2271//3741 2287//3741
f 2281//3739 2294//3739 2287//3739
f 2295//3742 2257//3742 2290//3742
f 2267//3737 2295//3737 2290//3737
f 2280//3739 2294//3739 2281//3739
f 2263//3743 2296//3743 2267//3743
f 2296//3737 2295//3737 2267//3737
f 2297//3744 2294//3744 2280//3744
f 2279//3744 2297//3744 2280//3744
f 2298//3745 2283//3745 2291//3745
f 2293//3746 2298//3746 2291//3746
f 2297//3747 2271//3747 2294//3747
f 2272//3748 2299//3748 2293//3748
f 2299//3746 2298//3746 2293//3746
f 2300//3744 2292//3744 2251//3744
f 2250//3744 2300//3744 2251//3744
f 2301//3749 2257//3749 2295//3749
f 2296//3746 2301//3746 2295//3746
f 2300//3750 2265//3750 2292//3750
f 2263//3751 2302//3751 2296//3751
f 2302//3746 2301//3746 2296//3746
f 2303//3752 2297//3752 2279//3752
f 2278//3752 2303//3752 2279//3752
f 2263//3753 2304//3753 2302//3753
f 2305//3754 2301//3754 2302//3754
f 2304//3754 2305//3754 2302//3754
f 2303//3755 2271//3755 2297//3755
f 2305//3756 2257//3756 2301//3756
f 2272//3757 2306//3757 2299//3757
f 2307//3754 2298//3754 2299//3754
f 2306//3754 2307//3754 2299//3754
f 2308//3752 2300//3752 2250//3752
f 2249//3752 2308//3752 2250//3752
f 2307//3758 2283//3758 2298//3758
f 2308//3759 2265//3759 2300//3759
f 2277//3760 2303//3760 2278//3760
f 2309//3761 2283//3761 2307//3761
f 2306//3762 2310//3762 2307//3762
f 2310//3762 2309//3762 2307//3762
f 2311//3763 2271//3763 2303//3763
f 2277//3760 2311//3760 2303//3760
f 2272//3764 2310//3764 2306//3764
f 2248//3760 2308//3760 2249//3760
f 2312//3765 2257//3765 2305//3765
f 2313//3762 2312//3762 2305//3762
f 2304//3762 2313//3762 2305//3762
f 2314//3766 2265//3766 2308//3766
f 2248//3760 2314//3760 2308//3760
f 2263//3767 2313//3767 2304//3767
f 2276//3768 2311//3768 2277//3768
f 2315//3769 2283//3769 2309//3769
f 2310//3770 2316//3770 2309//3770
f 2316//3770 2315//3770 2309//3770
f 2317//3771 2271//3771 2311//3771
f 2276//3768 2317//3768 2311//3768
f 2272//3772 2316//3772 2310//3772
f 2247//3768 2314//3768 2248//3768
f 2318//3773 2257//3773 2312//3773
f 2313//3770 2319//3770 2312//3770
f 2319//3770 2318//3770 2312//3770
f 2320//3774 2265//3774 2314//3774
f 2247//3768 2320//3768 2314//3768
f 2263//3775 2319//3775 2313//3775
f 2275//3776 2321//3776 2276//3776
f 2321//3777 2317//3777 2276//3777
f 2322//3778 2283//3778 2315//3778
f 2316//3779 2323//3779 2315//3779
f 2323//3779 2322//3779 2315//3779
f 2324//3780 2271//3780 2317//3780
f 2321//3777 2324//3777 2317//3777
f 2272//3781 2323//3781 2316//3781
f 2245//3782 2325//3782 2247//3782
f 2325//3777 2320//3777 2247//3777
f 2326//3783 2257//3783 2318//3783
f 2319//3779 2327//3779 2318//3779
f 2327//3779 2326//3779 2318//3779
f 2328//3784 2265//3784 2320//3784
f 2325//3777 2328//3777 2320//3777
f 2263//3785 2327//3785 2319//3785
f 2275//3786 2329//3786 2321//3786
f 2329//3787 2330//3787 2321//3787
f 2330//3787 2324//3787 2321//3787
f 2331//3788 2283//3788 2322//3788
f 2323//3789 2331//3789 2322//3789
f 2330//3790 2271//3790 2324//3790
f 2272//3791 2332//3791 2323//3791
f 2332//3789 2331//3789 2323//3789
f 2245//3792 2333//3792 2325//3792
f 2334//3787 2328//3787 2325//3787
f 2333//3787 2334//3787 2325//3787
f 2335//3793 2257//3793 2326//3793
f 2327//3789 2335//3789 2326//3789
f 2334//3794 2265//3794 2328//3794
f 2263//3795 2336//3795 2327//3795
f 2336//3789 2335//3789 2327//3789
f 2275//3796 2337//3796 2329//3796
f 2337//3797 2338//3797 2329//3797
f 2338//3797 2330//3797 2329//3797
f 2263//3798 2339//3798 2336//3798
f 2339//3799 2340//3799 2336//3799
f 2340//3799 2335//3799 2336//3799
f 2338//3800 2271//3800 2330//3800
f 2340//3801 2257//3801 2335//3801
f 2272//3802 2341//3802 2332//3802
f 2342//3799 2331//3799 2332//3799
f 2341//3799 2342//3799 2332//3799
f 2245//3803 2343//3803 2333//3803
f 2344//3797 2334//3797 2333//3797
f 2343//3797 2344//3797 2333//3797
f 2342//3804 2283//3804 2331//3804
f 2344//3805 2265//3805 2334//3805
f 2275//3806 2345//3806 2337//3806
f 2345//3807 2346//3807 2337//3807
f 2346//3807 2338//3807 2337//3807
f 2347//3808 2283//3808 2342//3808
f 2341//3809 2347//3809 2342//3809
f 2346//3810 2271//3810 2338//3810
f 2272//3811 2348//3811 2341//3811
f 2348//3809 2347//3809 2341//3809
f 2245//3812 2349//3812 2343//3812
f 2350//3807 2344//3807 2343//3807
f 2349//3807 2350//3807 2343//3807
f 2351//3813 2257//3813 2340//3813
f 2339//3809 2351//3809 2340//3809
f 2350//3814 2265//3814 2344//3814
f 2263//3815 2352//3815 2339//3815
f 2352//3809 2351//3809 2339//3809
f 2275//3816 2353//3816 2345//3816
f 2353//3817 2354//3817 2345//3817
f 2354//3817 2346//3817 2345//3817
f 2263//3818 2355//3818 2352//3818
f 2355//3819 2356//3819 2352//3819
f 2356//3819 2351//3819 2352//3819
f 2354//3820 2271//3820 2346//3820
f 2356//3821 2257//3821 2351//3821
f 2272//3822 2357//3822 2348//3822
f 2358//3819 2347//3819 2348//3819
f 2357//3819 2358//3819 2348//3819
f 2245//3823 2359//3823 2349//3823
f 2360//3817 2350//3817 2349//3817
f 2359//3817 2360//3817 2349//3817
f 2358//3824 2283//3824 2347//3824
f 2360//3825 2263//3825 2350//3825
f 2263//3826 2265//3826 2350//3826
f 2275//3827 2361//3827 2353//3827
f 2361//3828 2362//3828 2353//3828
f 2362//3828 2354//3828 2353//3828
f 2363//3829 2283//3829 2358//3829
f 2357//3830 2363//3830 2358//3830
f 2362//3831 2272//3831 2354//3831
f 2272//3832 2271//3832 2354//3832
f 2272//3833 2364//3833 2357//3833
f 2364//3830 2363//3830 2357//3830
f 2245//3834 2365//3834 2359//3834
f 2366//3828 2360//3828 2359//3828
f 2365//3828 2366//3828 2359//3828
f 2367//3835 2257//3835 2356//3835
f 2355//3830 2367//3830 2356//3830
f 2366//3836 2263//3836 2360//3836
f 2263//3837 2368//3837 2355//3837
f 2368//3830 2367//3830 2355//3830
f 2283//3838 2369//3838 2361//3838
f 2275//3839 2283//3839 2361//3839
f 2369//3840 2370//3840 2361//3840
f 2370//3840 2362//3840 2361//3840
f 2263//3841 2371//3841 2368//3841
f 2371//3842 2372//3842 2368//3842
f 2372//3842 2367//3842 2368//3842
f 2370//3843 2272//3843 2362//3843
f 2372//3844 2257//3844 2367//3844
f 2272//3845 2370//3845 2364//3845
f 2369//3842 2363//3842 2364//3842
f 2370//3842 2369//3842 2364//3842
f 2257//3846 2372//3846 2365//3846
f 2245//3847 2257//3847 2365//3847
f 2371//3840 2366//3840 2365//3840
f 2372//3840 2371//3840 2365//3840
f 2369//3848 2283//3848 2363//3848
f 2371//3849 2263//3849 2366//3849
f 2373//45 2374//45 2269//45
f 2374//45 2270//45 2269//45
f 2271//3850 2373//3850 2269//3850
f 2272//3850 2375//3850 2271//3850
f 2375//3850 2373//3850 2271//3850
f 2283//44 2376//44 2272//44
f 2376//3850 2375//3850 2272//3850
f 2264//45 2377//45 2246//45
f 2378//3851 2245//3851 2246//3851
f 2377//3851 2378//3851 2246//3851
f 2379//3851 2257//3851 2245//3851
f 2378//3851 2379//3851 2245//3851
f 2379//44 2380//44 2257//44
f 2380//44 2263//44 2257//44
f 2374//3852 2275//3852 2270//3852
f 2381//3852 2283//3852 2275//3852
f 2374//3852 2381//3852 2275//3852
f 2382//44 2376//44 2283//44
f 2381//3852 2382//3852 2283//3852
f 2383//45 2377//45 2264//45
f 2265//3853 2384//3853 2264//3853
f 2384//3853 2383//3853 2264//3853
f 2263//3853 2380//3853 2265//3853
f 2380//3853 2384//3853 2265//3853
f 2385//45 2386//45 2373//45
f 2386//45 2374//45 2373//45
f 2375//3854 2385//3854 2373//3854
f 2376//3854 2387//3854 2375//3854
f 2387//3854 2385//3854 2375//3854
f 2382//44 2388//44 2376//44
f 2388//3854 2387//3854 2376//3854
f 2383//45 2389//45 2377//45
f 2390//3855 2378//3855 2377//3855
f 2389//3855 2390//3855 2377//3855
f 2391//3855 2379//3855 2378//3855
f 2390//3855 2391//3855 2378//3855
f 2391//44 2392//44 2379//44
f 2392//44 2380//44 2379//44
f 2386//3856 2381//3856 2374//3856
f 2393//3856 2382//3856 2381//3856
f 2386//3856 2393//3856 2381//3856
f 2394//44 2388//44 2382//44
f 2393//3856 2394//3856 2382//3856
f 2395//45 2389//45 2383//45
f 2384//3857 2396//3857 2383//3857
f 2396//3857 2395//3857 2383//3857
f 2380//3857 2392//3857 2384//3857
f 2392//3857 2396//3857 2384//3857
f 2397//45 2398//45 2385//45
f 2398//45 2386//45 2385//45
f 2387//2894 2397//2894 2385//2894
f 2388//2894 2399//2894 2387//2894
f 2399//2894 2397//2894 2387//2894
f 2394//44 2400//44 2388//44
f 2400//2894 2399//2894 2388//2894
f 2395//45 2401//45 2389//45
f 2402//2858 2390//2858 2389//2858
f 2401//2858 2402//2858 2389//2858
f 2403//2858 2391//2858 2390//2858
f 2402//2858 2403//2858 2390//2858
f 2403//44 2404//44 2391//44
f 2404//44 2392//44 2391//44
f 2398//2966 2393//2966 2386//2966
f 2405//2966 2394//2966 2393//2966
f 2398//2966 2405//2966 2393//2966
f 2406//44 2400//44 2394//44
f 2405//2966 2406//2966 2394//2966
f 2407//45 2401//45 2395//45
f 2396//2923 2408//2923 2395//2923
f 2408//2923 2407//2923 2395//2923
f 2392//2923 2404//2923 2396//2923
f 2404//2923 2408//2923 2396//2923
f 2409//45 2410//45 2397//45
f 2410//45 2398//45 2397//45
f 2399//3858 2409//3858 2397//3858
f 2400//3858 2411//3858 2399//3858
f 2411//3858 2409//3858 2399//3858
f 2406//44 2412//44 2400//44
f 2412//3858 2411//3858 2400//3858
f 2407//45 2413//45 2401//45
f 2414//3859 2402//3859 2401//3859
f 2413//3859 2414//3859 2401//3859
f 2415//3859 2403//3859 2402//3859
f 2414//3859 2415//3859 2402//3859
f 2415//44 2416//44 2403//44
f 2416//44 2404//44 2403//44
f 2410//3860 2405//3860 2398//3860
f 2417//3860 2406//3860 2405//3860
f 2410//3860 2417//3860 2405//3860
f 2418//44 2412//44 2406//44
f 2417//3860 2418//3860 2406//3860
f 2419//45 2413//45 2407//45
f 2408//3861 2420//3861 2407//3861
f 2420//3861 2419//3861 2407//3861
f 2404//3861 2416//3861 2408//3861
f 2416//3861 2420//3861 2408//3861
f 2421//45 2422//45 2409//45
f 2422//45 2410//45 2409//45
f 2411//3862 2421//3862 2409//3862
f 2423//3863 2424//3863 2411//3863
f 2424//3864 2425//3864 2411//3864
f 2425//3865 2426//3865 2411//3865
f 2426//3866 2427//3866 2411//3866
f 2427//3867 2428//3867 2411//3867
f 2428//3868 2429//3868 2411//3868
f 2429//3869 2430//3869 2411//3869
f 2412//3870 2423//3870 2411//3870
f 2430//3862 2421//3862 2411//3862
f 2418//44 2431//44 2412//44
f 2432//3871 2433//3871 2412//3871
f 2431//3872 2432//3872 2412//3872
f 2433//3873 2434//3873 2412//3873
f 2434//3874 2435//3874 2412//3874
f 2435//3875 2436//3875 2412//3875
f 2436//3876 2437//3876 2412//3876
f 2437//3877 2438//3877 2412//3877
f 2438//3878 2439//3878 2412//3878
f 2439//3879 2440//3879 2412//3879
f 2440//3880 2441//3880 2412//3880
f 2441//3881 2442//3881 2412//3881
f 2442//3882 2443//3882 2412//3882
f 2443//3883 2444//3883 2412//3883
f 2444//3884 2445//3884 2412//3884
f 2445//3885 2423//3885 2412//3885
f 2419//45 2446//45 2413//45
f 2447//2556 2414//2556 2413//2556
f 2446//3886 2447//3886 2413//3886
f 2448//3887 2449//3887 2414//3887
f 2449//3888 2450//3888 2414//3888
f 2450//3889 2451//3889 2414//3889
f 2451//3890 2452//3890 2414//3890
f 2452//3891 2453//3891 2414//3891
f 2453//3892 2454//3892 2414//3892
f 2454//3893 2455//3893 2414//3893
f 2455//3894 2456//3894 2414//3894
f 2456//3895 2457//3895 2414//3895
f 2457//3896 2458//3896 2414//3896
f 2447//2556 2459//2556 2414//2556
f 2459//3897 2460//3897 2414//3897
f 2460//3898 2448//3898 2414//3898
f 2461//3899 2415//3899 2414//3899
f 2458//3900 2461//3900 2414//3900
f 2462//44 2463//44 2415//44
f 2463//44 2416//44 2415//44
f 2464//3901 2465//3901 2415//3901
f 2466//3902 2467//3902 2415//3902
f 2461//3903 2466//3903 2415//3903
f 2467//3904 2468//3904 2415//3904
f 2468//3905 2469//3905 2415//3905
f 2469//3906 2470//3906 2415//3906
f 2470//3907 2471//3907 2415//3907
f 2471//3908 2472//3908 2415//3908
f 2472//3909 2464//3909 2415//3909
f 2465//3910 2473//3910 2415//3910
f 2473//3911 2474//3911 2415//3911
f 2474//3912 2475//3912 2415//3912
f 2475//3913 2476//3913 2415//3913
f 2476//3914 2477//3914 2415//3914
f 2477//3915 2462//3915 2415//3915
f 2422//2761 2417//2761 2410//2761
f 2478//2761 2479//2761 2417//2761
f 2479//3916 2480//3916 2417//3916
f 2480//3917 2481//3917 2417//3917
f 2481//3918 2482//3918 2417//3918
f 2482//3919 2483//3919 2417//3919
f 2483//3920 2484//3920 2417//3920
f 2484//3921 2485//3921 2417//3921
f 2485//3922 2486//3922 2417//3922
f 2486//3923 2487//3923 2417//3923
f 2487//3924 2488//3924 2417//3924
f 2488//3925 2489//3925 2417//3925
f 2489//3926 2490//3926 2417//3926
f 2490//3927 2491//3927 2417//3927
f 2491//3928 2418//3928 2417//3928
f 2422//2761 2478//2761 2417//2761
f 2492//44 2431//44 2418//44
f 2493//3929 2494//3929 2418//3929
f 2491//3930 2495//3930 2418//3930
f 2495//3931 2496//3931 2418//3931
f 2496//3932 2497//3932 2418//3932
f 2497//3933 2498//3933 2418//3933
f 2498//3934 2499//3934 2418//3934
f 2499//3935 2500//3935 2418//3935
f 2500//3936 2501//3936 2418//3936
f 2501//3937 2502//3937 2418//3937
f 2502//3938 2493//3938 2418//3938
f 2494//3939 2503//3939 2418//3939
f 2503//3940 2504//3940 2418//3940
f 2504//3941 2505//3941 2418//3941
f 2505//3942 2506//3942 2418//3942
f 2506//3943 2507//3943 2418//3943
f 2507//3944 2492//3944 2418//3944
f 2508//45 2446//45 2419//45
f 2420//3945 2509//3945 2419//3945
f 2509//3945 2508//3945 2419//3945
f 2510//3946 2511//3946 2420//3946
f 2511//3947 2512//3947 2420//3947
f 2512//3948 2513//3948 2420//3948
f 2513//3949 2514//3949 2420//3949
f 2514//3950 2515//3950 2420//3950
f 2515//3951 2509//3951 2420//3951
f 2416//3952 2516//3952 2420//3952
f 2516//3953 2510//3953 2420//3953
f 2463//3954 2517//3954 2416//3954
f 2517//3955 2518//3955 2416//3955
f 2518//3956 2519//3956 2416//3956
f 2519//3957 2520//3957 2416//3957
f 2520//3958 2521//3958 2416//3958
f 2521//3959 2522//3959 2416//3959
f 2522//3960 2523//3960 2416//3960
f 2523//3961 2524//3961 2416//3961
f 2524//3962 2525//3962 2416//3962
f 2525//3963 2526//3963 2416//3963
f 2526//3964 2527//3964 2416//3964
f 2527//3965 2528//3965 2416//3965
f 2528//3966 2529//3966 2416//3966
f 2529//3967 2530//3967 2416//3967
f 2530//3968 2516//3968 2416//3968
f 2497//3969 2423//3969 2445//3969
f 2498//3970 2497//3970 2445//3970
f 2444//3971 2498//3971 2445//3971
f 2530//3972 2468//3972 2467//3972
f 2516//3973 2530//3973 2467//3973
f 2466//3974 2516//3974 2467//3974
f 2496//3975 2424//3975 2423//3975
f 2497//3976 2496//3976 2423//3976
f 2499//3977 2498//3977 2444//3977
f 2443//3978 2499//3978 2444//3978
f 2529//3979 2469//3979 2468//3979
f 2530//3980 2529//3980 2468//3980
f 2510//3981 2516//3981 2466//3981
f 2461//3982 2510//3982 2466//3982
f 2495//3983 2425//3983 2424//3983
f 2496//3984 2495//3984 2424//3984
f 2500//3985 2499//3985 2443//3985
f 2442//3986 2500//3986 2443//3986
f 2511//3987 2510//3987 2461//3987
f 2458//3988 2511//3988 2461//3988
f 2528//3989 2470//3989 2469//3989
f 2529//3990 2528//3990 2469//3990
f 2512//3991 2511//3991 2458//3991
f 2457//3992 2512//3992 2458//3992
f 2491//3993 2426//3993 2425//3993
f 2495//3994 2491//3994 2425//3994
f 2501//3995 2500//3995 2442//3995
f 2441//3996 2501//3996 2442//3996
f 2527//3997 2471//3997 2470//3997
f 2528//3998 2527//3998 2470//3998
f 2490//3999 2427//3999 2426//3999
f 2491//4000 2490//4000 2426//4000
f 2502//4001 2501//4001 2441//4001
f 2440//4002 2502//4002 2441//4002
f 2513//4003 2512//4003 2457//4003
f 2456//4004 2513//4004 2457//4004
f 2526//4005 2472//4005 2471//4005
f 2527//4006 2526//4006 2471//4006
f 2525//4007 2464//4007 2472//4007
f 2526//4008 2525//4008 2472//4008
f 2493//2418 2502//2418 2440//2418
f 2439//4009 2493//4009 2440//4009
f 2489//4010 2428//4010 2427//4010
f 2490//4011 2489//4011 2427//4011
f 2514//4012 2513//4012 2456//4012
f 2455//4013 2514//4013 2456//4013
f 2487//4014 2429//4014 2428//4014
f 2488//4015 2487//4015 2428//4015
f 2489//4016 2488//4016 2428//4016
f 2438//4017 2493//4017 2439//4017
f 2454//4018 2514//4018 2455//4018
f 2523//4019 2465//4019 2464//4019
f 2524//4019 2523//4019 2464//4019
f 2525//4020 2524//4020 2464//4020
f 2531//4021 2430//4021 2429//4021
f 2486//4022 2531//4022 2429//4022
f 2487//4023 2486//4023 2429//4023
f 2494//4024 2493//4024 2438//4024
f 2437//4025 2494//4025 2438//4025
f 2515//4026 2514//4026 2454//4026
f 2453//4027 2515//4027 2454//4027
f 2522//4028 2473//4028 2465//4028
f 2523//4029 2522//4029 2465//4029
f 2532//4030 2430//4030 2531//4030
f 2485//4031 2532//4031 2531//4031
f 2486//4032 2485//4032 2531//4032
f 2503//4033 2494//4033 2437//4033
f 2436//4034 2503//4034 2437//4034
f 2533//4035 2515//4035 2453//4035
f 2452//4036 2533//4036 2453//4036
f 2521//4037 2474//4037 2473//4037
f 2522//4038 2521//4038 2473//4038
f 2534//4039 2430//4039 2532//4039
f 2485//4040 2534//4040 2532//4040
f 2504//4041 2503//4041 2436//4041
f 2505//4042 2504//4042 2436//4042
f 2435//4043 2505//4043 2436//4043
f 2535//4044 2533//4044 2452//4044
f 2536//4045 2535//4045 2452//4045
f 2451//4046 2536//4046 2452//4046
f 2521//4047 2475//4047 2474//4047
f 2520//4048 2476//4048 2475//4048
f 2521//4049 2520//4049 2475//4049
f 2506//4050 2505//4050 2435//4050
f 2434//4051 2506//4051 2435//4051
f 2537//4052 2430//4052 2534//4052
f 2484//4053 2537//4053 2534//4053
f 2485//4054 2484//4054 2534//4054
f 2538//4055 2536//4055 2451//4055
f 2450//4056 2538//4056 2451//4056
f 2539//4057 2430//4057 2537//4057
f 2483//4058 2539//4058 2537//4058
f 2484//4059 2483//4059 2537//4059
f 2507//4060 2506//4060 2434//4060
f 2433//4061 2507//4061 2434//4061
f 2540//4062 2538//4062 2450//4062
f 2449//4063 2540//4063 2450//4063
f 2519//4064 2477//4064 2476//4064
f 2520//4065 2519//4065 2476//4065
f 2541//4066 2540//4066 2449//4066
f 2448//4067 2541//4067 2449//4067
f 2542//4068 2430//4068 2539//4068
f 2482//4069 2542//4069 2539//4069
f 2483//4070 2482//4070 2539//4070
f 2543//4071 2462//4071 2477//4071
f 2518//4072 2543//4072 2477//4072
f 2519//4073 2518//4073 2477//4073
f 2544//4074 2507//4074 2433//4074
f 2432//4075 2544//4075 2433//4075
f 2545//4076 2430//4076 2542//4076
f 2481//4077 2545//4077 2542//4077
f 2482//4078 2481//4078 2542//4078
f 2431//4079 2546//4079 2432//4079
f 2547//4080 2544//4080 2432//4080
f 2546//4081 2547//4081 2432//4081
f 2548//4082 2541//4082 2448//4082
f 2460//4083 2548//4083 2448//4083
f 2549//4084 2462//4084 2543//4084
f 2517//4085 2549//4085 2543//4085
f 2518//4086 2517//4086 2543//4086
f 2550//2565 2462//2565 2549//2565
f 2551//4087 2550//4087 2549//4087
f 2517//4088 2551//4088 2549//4088
f 2431//4089 2552//4089 2546//4089
f 2553//4090 2547//4090 2546//4090
f 2552//4091 2553//4091 2546//4091
f 2554//4092 2548//4092 2460//4092
f 2459//4093 2554//4093 2460//4093
f 2555//4089 2430//4089 2545//4089
f 2480//4094 2555//4094 2545//4094
f 2481//4095 2480//4095 2545//4095
f 2556//45 2557//45 2421//45
f 2557//45 2422//45 2421//45
f 2430//2353 2556//2353 2421//2353
f 2555//2353 2558//2353 2430//2353
f 2558//2353 2556//2353 2430//2353
f 2559//4096 2558//4096 2555//4096
f 2479//4097 2559//4097 2555//4097
f 2480//4098 2479//4098 2555//4098
f 2431//4089 2560//4089 2552//4089
f 2561//4099 2553//4099 2552//4099
f 2560//4100 2561//4100 2552//4100
f 2492//44 2562//44 2431//44
f 2562//4101 2563//4101 2431//4101
f 2563//4102 2564//4102 2431//4102
f 2564//4103 2560//4103 2431//4103
f 2508//45 2565//45 2446//45
f 2566//4104 2447//4104 2446//4104
f 2565//2323 2566//2323 2446//2323
f 2566//4105 2567//4105 2447//4105
f 2567//4106 2568//4106 2447//4106
f 2568//4107 2569//4107 2447//4107
f 2569//4108 2570//4108 2447//4108
f 2570//4109 2571//4109 2447//4109
f 2571//4110 2572//4110 2447//4110
f 2572//4111 2573//4111 2447//4111
f 2573//4112 2574//4112 2447//4112
f 2574//2550 2459//2550 2447//2550
f 2575//4113 2554//4113 2459//4113
f 2574//4114 2575//4114 2459//4114
f 2576//4115 2462//4115 2550//4115
f 2577//4116 2576//4116 2550//4116
f 2551//4117 2577//4117 2550//4117
f 2578//44 2579//44 2462//44
f 2579//44 2463//44 2462//44
f 2580//4118 2578//4118 2462//4118
f 2576//2539 2580//2539 2462//2539
f 2581//4119 2575//4119 2574//4119
f 2573//4120 2581//4120 2574//4120
f 2582//4121 2558//4121 2559//4121
f 2583//4122 2582//4122 2559//4122
f 2479//4123 2583//4123 2559//4123
f 2584//4124 2580//4124 2576//4124
f 2577//4125 2584//4125 2576//4125
f 2585//4126 2561//4126 2560//4126
f 2564//4127 2585//4127 2560//4127
f 2586//4128 2558//4128 2582//4128
f 2587//4129 2586//4129 2582//4129
f 2583//4130 2587//4130 2582//4130
f 2588//4131 2585//4131 2564//4131
f 2563//4132 2588//4132 2564//4132
f 2589//4133 2581//4133 2573//4133
f 2572//4134 2589//4134 2573//4134
f 2590//4135 2578//4135 2580//4135
f 2591//4136 2590//4136 2580//4136
f 2584//4137 2591//4137 2580//4137
f 2592//4138 2578//4138 2590//4138
f 2593//4139 2592//4139 2590//4139
f 2591//4140 2593//4140 2590//4140
f 2562//4141 2594//4141 2563//4141
f 2595//4142 2588//4142 2563//4142
f 2594//4142 2595//4142 2563//4142
f 2596//4143 2589//4143 2572//4143
f 2571//4144 2596//4144 2572//4144
f 2597//4145 2558//4145 2586//4145
f 2598//4146 2597//4146 2586//4146
f 2587//4147 2598//4147 2586//4147
f 2599//4148 2558//4148 2597//4148
f 2600//4149 2599//4149 2597//4149
f 2598//4150 2600//4150 2597//4150
f 2562//4151 2601//4151 2594//4151
f 2602//4152 2595//4152 2594//4152
f 2601//4153 2602//4153 2594//4153
f 2603//4154 2596//4154 2571//4154
f 2570//4154 2603//4154 2571//4154
f 2604//4155 2578//4155 2592//4155
f 2605//4156 2604//4156 2592//4156
f 2593//2616 2605//2616 2592//2616
f 2606//4157 2558//4157 2599//4157
f 2607//4158 2606//4158 2599//4158
f 2600//4159 2607//4159 2599//4159
f 2608//4160 2603//4160 2570//4160
f 2569//4161 2608//4161 2570//4161
f 2609//4162 2578//4162 2604//4162
f 2610//4163 2609//4163 2604//4163
f 2605//4164 2610//4164 2604//4164
f 2562//4165 2611//4165 2601//4165
f 2612//4166 2602//4166 2601//4166
f 2611//4167 2612//4167 2601//4167
f 2613//4168 2558//4168 2606//4168
f 2614//4169 2613//4169 2606//4169
f 2615//4170 2614//4170 2606//4170
f 2607//4171 2615//4171 2606//4171
f 2562//4172 2616//4172 2611//4172
f 2616//4173 2612//4173 2611//4173
f 2568//4174 2608//4174 2569//4174
f 2617//4175 2578//4175 2609//4175
f 2618//4176 2617//4176 2609//4176
f 2619//4176 2618//4176 2609//4176
f 2610//4177 2619//4177 2609//4177
f 2620//4178 2558//4178 2613//4178
f 2621//4179 2620//4179 2613//4179
f 2614//4180 2621//4180 2613//4180
f 2562//4181 2622//4181 2616//4181
f 2623//4182 2612//4182 2616//4182
f 2622//4183 2623//4183 2616//4183
f 2624//4184 2608//4184 2568//4184
f 2567//4185 2624//4185 2568//4185
f 2625//4186 2578//4186 2617//4186
f 2626//4187 2625//4187 2617//4187
f 2618//4188 2626//4188 2617//4188
f 2627//4189 2558//4189 2620//4189
f 2621//4190 2628//4190 2620//4190
f 2628//4191 2627//4191 2620//4191
f 2562//4192 2629//4192 2622//4192
f 2630//4193 2623//4193 2622//4193
f 2629//4194 2630//4194 2622//4194
f 2566//4195 2631//4195 2567//4195
f 2632//4196 2624//4196 2567//4196
f 2631//4197 2632//4197 2567//4197
f 2633//4198 2578//4198 2625//4198
f 2634//4199 2633//4199 2625//4199
f 2626//4200 2634//4200 2625//4200
f 2635//4201 2558//4201 2627//4201
f 2628//4202 2635//4202 2627//4202
f 2562//4203 2636//4203 2629//4203
f 2637//4204 2630//4204 2629//4204
f 2638//2678 2637//2678 2629//2678
f 2636//2678 2638//2678 2629//2678
f 2566//4205 2639//4205 2631//4205
f 2640//4206 2632//4206 2631//4206
f 2641//4207 2640//4207 2631//4207
f 2639//4208 2641//4208 2631//4208
f 2642//4209 2578//4209 2633//4209
f 2634//4210 2642//4210 2633//4210
f 2643//4211 2558//4211 2635//4211
f 2644//4212 2643//4212 2635//4212
f 2628//2684 2644//2684 2635//2684
f 2566//4213 2645//4213 2639//4213
f 2646//4214 2641//4214 2639//4214
f 2645//4215 2646//4215 2639//4215
f 2647//4216 2578//4216 2642//4216
f 2648//4217 2647//4217 2642//4217
f 2634//4210 2648//4210 2642//4210
f 2562//4218 2649//4218 2636//4218
f 2650//4219 2638//4219 2636//4219
f 2649//4220 2650//4220 2636//4220
f 2651//4221 2558//4221 2643//4221
f 2652//4222 2651//4222 2643//4222
f 2644//4223 2652//4223 2643//4223
f 2562//4224 2653//4224 2649//4224
f 2654//4225 2650//4225 2649//4225
f 2653//4226 2654//4226 2649//4226
f 2566//4227 2655//4227 2645//4227
f 2656//4228 2646//4228 2645//4228
f 2655//4229 2656//4229 2645//4229
f 2657//4230 2578//4230 2647//4230
f 2658//4231 2657//4231 2647//4231
f 2648//4232 2658//4232 2647//4232
f 2562//4233 2659//4233 2653//4233
f 2660//4234 2654//4234 2653//4234
f 2659//4234 2660//4234 2653//4234
f 2661//4235 2578//4235 2657//4235
f 2662//4236 2661//4236 2657//4236
f 2658//4237 2662//4237 2657//4237
f 2566//4238 2663//4238 2655//4238
f 2664//4239 2656//4239 2655//4239
f 2663//4240 2664//4240 2655//4240
f 2665//4241 2558//4241 2651//4241
f 2666//4242 2665//4242 2651//4242
f 2652//4243 2666//4243 2651//4243
f 2533//4244 2509//4244 2515//4244
f 2667//4245 2562//4245 2665//4245
f 2562//4246 2558//4246 2665//4246
f 2668//4247 2667//4247 2665//4247
f 2666//4248 2668//4248 2665//4248
f 2562//4249 2669//4249 2659//4249
f 2670//4250 2660//4250 2659//4250
f 2669//4250 2670//4250 2659//4250
f 2566//4251 2671//4251 2663//4251
f 2672//4252 2664//4252 2663//4252
f 2671//4253 2672//4253 2663//4253
f 2673//4254 2578//4254 2661//4254
f 2674//4255 2673//4255 2661//4255
f 2662//4256 2674//4256 2661//4256
f 2675//4257 2562//4257 2667//4257
f 2676//4258 2675//4258 2667//4258
f 2668//4259 2676//4259 2667//4259
f 2562//4260 2675//4260 2669//4260
f 2677//2737 2670//2737 2669//2737
f 2675//2736 2677//2736 2669//2736
f 2678//4261 2578//4261 2673//4261
f 2679//4262 2678//4262 2673//4262
f 2674//4263 2679//4263 2673//4263
f 2578//4264 2678//4264 2671//4264
f 2566//4265 2578//4265 2671//4265
f 2680//4266 2672//4266 2671//4266
f 2678//4267 2680//4267 2671//4267
f 2676//4268 2677//4268 2675//4268
f 2679//2741 2680//2741 2678//2741
f 2535//4269 2509//4269 2533//4269
f 2536//4270 2509//4270 2535//4270
f 2538//4271 2509//4271 2536//4271
f 2540//4272 2509//4272 2538//4272
f 2541//4273 2509//4273 2540//4273
f 2544//4274 2492//4274 2507//4274
f 2547//4275 2492//4275 2544//4275
f 2548//4276 2509//4276 2541//4276
f 2463//4277 2551//4277 2517//4277
f 2463//4278 2577//4278 2551//4278
f 2553//4279 2492//4279 2547//4279
f 2554//2757 2509//2757 2548//2757
f 2557//2499 2478//2499 2422//2499
f 2681//4280 2621//4280 2478//4280
f 2621//4281 2614//4281 2478//4281
f 2614//4282 2615//4282 2478//4282
f 2615//4283 2607//4283 2478//4283
f 2607//4284 2600//4284 2478//4284
f 2600//4285 2598//4285 2478//4285
f 2598//4286 2587//4286 2478//4286
f 2587//2751 2583//2751 2478//2751
f 2583//4287 2479//4287 2478//4287
f 2557//2499 2681//2499 2478//2499
f 2561//4287 2492//4287 2553//4287
f 2682//44 2562//44 2492//44
f 2561//2751 2585//2751 2492//2751
f 2585//4288 2682//4288 2492//4288
f 2683//45 2565//45 2508//45
f 2509//2474 2684//2474 2508//2474
f 2684//2474 2683//2474 2508//2474
f 2554//2474 2684//2474 2509//2474
f 2575//4289 2684//4289 2554//4289
f 2463//2753 2584//2753 2577//2753
f 2579//4290 2593//4290 2463//4290
f 2593//4291 2591//4291 2463//4291
f 2591//2750 2584//2750 2463//2750
f 2581//4292 2684//4292 2575//4292
f 2588//4293 2682//4293 2585//4293
f 2589//4294 2684//4294 2581//4294
f 2579//4295 2605//4295 2593//4295
f 2595//4296 2682//4296 2588//4296
f 2596//4297 2684//4297 2589//4297
f 2685//45 2686//45 2556//45
f 2686//45 2557//45 2556//45
f 2558//4298 2685//4298 2556//4298
f 2562//4298 2687//4298 2558//4298
f 2687//4298 2685//4298 2558//4298
f 2682//44 2688//44 2562//44
f 2688//4298 2687//4298 2562//4298
f 2683//45 2689//45 2565//45
f 2690//4299 2566//4299 2565//4299
f 2689//4299 2690//4299 2565//4299
f 2691//4299 2578//4299 2566//4299
f 2690//4299 2691//4299 2566//4299
f 2691//44 2692//44 2578//44
f 2692//44 2579//44 2578//44
f 2602//4300 2682//4300 2595//4300
f 2603//4301 2684//4301 2596//4301
f 2579//4302 2610//4302 2605//4302
f 2608//4303 2684//4303 2603//4303
f 2579//4304 2619//4304 2610//4304
f 2612//4305 2682//4305 2602//4305
f 2623//4306 2682//4306 2612//4306
f 2624//4307 2684//4307 2608//4307
f 2579//4308 2618//4308 2619//4308
f 2630//4309 2682//4309 2623//4309
f 2632//4310 2684//4310 2624//4310
f 2579//4311 2626//4311 2618//4311
f 2681//4312 2628//4312 2621//4312
f 2637//4313 2682//4313 2630//4313
f 2640//4314 2684//4314 2632//4314
f 2579//4315 2634//4315 2626//4315
f 2681//4316 2644//4316 2628//4316
f 2638//4317 2682//4317 2637//4317
f 2641//4318 2684//4318 2640//4318
f 2579//4319 2648//4319 2634//4319
f 2681//4320 2652//4320 2644//4320
f 2646//4321 2684//4321 2641//4321
f 2579//4322 2658//4322 2648//4322
f 2650//4323 2682//4323 2638//4323
f 2681//4324 2666//4324 2652//4324
f 2654//4325 2682//4325 2650//4325
f 2656//4326 2684//4326 2646//4326
f 2579//4327 2662//4327 2658//4327
f 2660//4328 2682//4328 2654//4328
f 2579//4329 2674//4329 2662//4329
f 2664//4330 2579//4330 2656//4330
f 2579//4331 2684//4331 2656//4331
f 2681//4332 2668//4332 2666//4332
f 2681//4333 2676//4333 2668//4333
f 2670//4334 2682//4334 2660//4334
f 2672//4335 2579//4335 2664//4335
f 2579//4336 2679//4336 2674//4336
f 2682//4337 2677//4337 2676//4337
f 2681//4338 2682//4338 2676//4338
f 2677//4339 2682//4339 2670//4339
f 2579//4340 2680//4340 2679//4340
f 2680//4341 2579//4341 2672//4341
f 2693//45 2694//45 2685//45
f 2694//45 2686//45 2685//45
f 2695//4342 2696//4342 2685//4342
f 2697//4343 2698//4343 2685//4343
f 2698//4344 2699//4344 2685//4344
f 2699//4345 2700//4345 2685//4345
f 2700//4346 2701//4346 2685//4346
f 2701//4347 2702//4347 2685//4347
f 2702//4348 2703//4348 2685//4348
f 2703//4349 2695//4349 2685//4349
f 2704//4350 2705//4350 2685//4350
f 2696//4351 2706//4351 2685//4351
f 2706//4352 2707//4352 2685//4352
f 2707//4353 2708//4353 2685//4353
f 2708//4354 2709//4354 2685//4354
f 2709//4355 2710//4355 2685//4355
f 2710//4356 2711//4356 2685//4356
f 2711//4357 2712//4357 2685//4357
f 2712//4358 2704//4358 2685//4358
f 2705//4359 2713//4359 2685//4359
f 2713//4360 2714//4360 2685//4360
f 2714//4361 2715//4361 2685//4361
f 2715//4362 2716//4362 2685//4362
f 2716//4363 2717//4363 2685//4363
f 2717//4364 2693//4364 2685//4364
f 2687//4365 2697//4365 2685//4365
f 2718//4366 2719//4366 2687//4366
f 2720//4367 2718//4367 2687//4367
f 2721//4368 2722//4368 2687//4368
f 2722//4369 2723//4369 2687//4369
f 2723//4370 2720//4370 2687//4370
f 2719//4371 2724//4371 2687//4371
f 2724//4372 2725//4372 2687//4372
f 2725//4373 2726//4373 2687//4373
f 2726//4374 2727//4374 2687//4374
f 2727//4375 2728//4375 2687//4375
f 2728//4376 2729//4376 2687//4376
f 2729//4377 2730//4377 2687//4377
f 2730//4378 2731//4378 2687//4378
f 2731//4379 2732//4379 2687//4379
f 2688//4368 2721//4368 2687//4368
f 2732//4380 2697//4380 2687//4380
f 2682//44 2733//44 2688//44
f 2733//44 2734//44 2688//44
f 2734//4368 2721//4368 2688//4368
f 2683//45 2735//45 2689//45
f 2735//45 2693//45 2689//45
f 2736//4381 2737//4381 2689//4381
f 2738//4382 2736//4382 2689//4382
f 2693//4383 2739//4383 2689//4383
f 2739//4384 2740//4384 2689//4384
f 2740//4385 2738//4385 2689//4385
f 2737//4386 2741//4386 2689//4386
f 2741//4387 2742//4387 2689//4387
f 2742//4388 2743//4388 2689//4388
f 2743//4389 2744//4389 2689//4389
f 2744//4390 2745//4390 2689//4390
f 2745//4391 2746//4391 2689//4391
f 2746//4392 2747//4392 2689//4392
f 2747//4393 2748//4393 2689//4393
f 2748//4394 2749//4394 2689//4394
f 2750//4395 2690//4395 2689//4395
f 2749//4396 2750//4396 2689//4396
f 2750//4397 2751//4397 2690//4397
f 2751//4398 2752//4398 2690//4398
f 2752//4399 2753//4399 2690//4399
f 2753//4400 2754//4400 2690//4400
f 2754//4401 2755//4401 2690//4401
f 2756//4402 2757//4402 2690//4402
f 2758//4403 2756//4403 2690//4403
f 2755//4404 2758//4404 2690//4404
f 2757//4405 2759//4405 2690//4405
f 2759//4406 2760//4406 2690//4406
f 2760//4407 2761//4407 2690//4407
f 2761//4408 2762//4408 2690//4408
f 2762//4409 2763//4409 2690//4409
f 2763//4410 2721//4410 2690//4410
f 2734//4411 2691//4411 2690//4411
f 2721//4411 2734//4411 2690//4411
f 2734//44 2764//44 2691//44
f 2764//44 2692//44 2691//44
f 1302//1979 2708//1979 2707//1979
f 1301//1975 1302//1975 2707//1975
f 2706//1975 1301//1975 2707//1975
f 1348//1979 2699//1979 2698//1979
f 1345//1975 1348//1975 2698//1975
f 2697//1975 1345//1975 2698//1975
f 1122//4412 2750//4412 2749//4412
f 1121//1723 1122//1723 2749//1723
f 2748//1723 1121//1723 2749//1723
f 2755//4413 2765//4413 2758//4413
f 2765//4414 2766//4414 2758//4414
f 1103//4412 2756//4412 2758//4412
f 1102//1723 1103//1723 2758//1723
f 2766//1723 1102//1723 2758//1723
f 1347//4415 2709//4415 2708//4415
f 1302//1981 1347//1981 2708//1981
f 1346//1971 2700//1971 2699//1971
f 1348//1979 1346//1979 2699//1979
f 2696//4416 2767//4416 2706//4416
f 1300//1969 1301//1969 2706//1969
f 2767//1969 1300//1969 2706//1969
f 1342//1969 1345//1969 2697//1969
f 2732//1969 1342//1969 2697//1969
f 1111//4417 2751//4417 2750//4417
f 1122//1724 1111//1724 2750//1724
f 1100//4417 2757//4417 2756//4417
f 1103//1724 1100//1724 2756//1724
f 1120//1727 1121//1727 2748//1727
f 2747//1727 1120//1727 2748//1727
f 2765//4418 2768//4418 2766//4418
f 1144//1727 1102//1727 2766//1727
f 2768//1727 1144//1727 2766//1727
f 1340//1963 2710//1963 2709//1963
f 1347//1973 1340//1973 2709//1973
f 2696//4419 2769//4419 2767//4419
f 1299//1967 1300//1967 2767//1967
f 2769//4420 1299//4420 2767//4420
f 1338//1963 2701//1963 2700//1963
f 1346//1971 1338//1971 2700//1971
f 1331//1967 1342//1967 2732//1967
f 2731//4421 1331//4421 2732//4421
f 1119//1730 1120//1730 2747//1730
f 2746//1730 1119//1730 2747//1730
f 1096//4422 2752//4422 2751//4422
f 1111//1726 1096//1726 2751//1726
f 2765//4423 2770//4423 2768//4423
f 1147//1730 1144//1730 2768//1730
f 2770//1730 1147//1730 2768//1730
f 1101//4422 2759//4422 2757//4422
f 1100//1726 1101//1726 2757//1726
f 1118//1733 1119//1733 2746//1733
f 2745//1733 1118//1733 2746//1733
f 2765//4424 2771//4424 2770//4424
f 1150//1733 1147//1733 2770//1733
f 2771//1733 1150//1733 2770//1733
f 1333//1952 2711//1952 2710//1952
f 1340//1963 1333//1963 2710//1963
f 1332//1952 2702//1952 2701//1952
f 1338//1963 1332//1963 2701//1963
f 2696//4425 2772//4425 2769//4425
f 1298//4426 1299//4426 2769//4426
f 2772//4427 1298//4427 2769//4427
f 1324//4428 1331//4428 2731//4428
f 2730//4429 1324//4429 2731//4429
f 1097//4430 2753//4430 2752//4430
f 1096//4431 1097//4431 2752//4431
f 1104//4430 2760//4430 2759//4430
f 1101//4431 1104//4431 2759//4431
f 1329//1946 2712//1946 2711//1946
f 1333//1952 1329//1952 2711//1952
f 2696//4432 2773//4432 2772//4432
f 1297//1944 1298//1944 2772//1944
f 2773//4433 1297//4433 2772//4433
f 1327//1946 2703//1946 2702//1946
f 1332//1952 1327//1952 2702//1952
f 1319//1944 1324//1944 2730//1944
f 2729//4433 1319//4433 2730//4433
f 1117//1741 1118//1741 2745//1741
f 2744//4434 1117//4434 2745//4434
f 1098//1739 2754//1739 2753//1739
f 1097//1732 1098//1732 2753//1732
f 2765//4435 2774//4435 2771//4435
f 1155//4436 1150//4436 2771//4436
f 2774//4434 1155//4434 2771//4434
f 1105//1739 2761//1739 2760//1739
f 1104//1732 1105//1732 2760//1732
f 1099//1751 2755//1751 2754//1751
f 1098//1739 1099//1739 2754//1739
f 1106//1751 2762//1751 2761//1751
f 1105//4437 1106//4437 2761//4437
f 2696//4438 2775//4438 2773//4438
f 1296//4439 1297//4439 2773//4439
f 2775//4440 1296//4440 2773//4440
f 1293//4439 1319//4439 2729//4439
f 2728//4441 1293//4441 2729//4441
f 1322//1939 2704//1939 2712//1939
f 1329//1946 1322//1946 2712//1946
f 1320//1939 2695//1939 2703//1939
f 1327//4442 1320//4442 2703//4442
f 1116//4443 1117//4443 2744//4443
f 2743//4444 1116//4444 2744//4444
f 2765//4413 2776//4413 2774//4413
f 1160//4443 1155//4443 2774//4443
f 2776//4444 1160//4444 2774//4444
f 1291//1918 2705//1918 2704//1918
f 1305//1918 1291//1918 2704//1918
f 1322//1939 1305//1939 2704//1939
f 2696//4438 2777//4438 2775//4438
f 2777//1907 1296//1907 2775//1907
f 1287//1940 2696//1940 2695//1940
f 1295//1940 1287//1940 2695//1940
f 1320//1939 1295//1939 2695//1939
f 2727//1907 1293//1907 2728//1907
f 2742//1755 1116//1755 2743//1755
f 1095//1753 2765//1753 2755//1753
f 1094//1753 1095//1753 2755//1753
f 1099//1751 1094//1751 2755//1751
f 2765//4413 2778//4413 2776//4413
f 2778//1754 1160//1754 2776//1754
f 1108//1753 2763//1753 2762//1753
f 1107//1752 1108//1752 2762//1752
f 1106//1751 1107//1751 2762//1751
f 1283//1905 2713//1905 2705//1905
f 1291//1905 1283//1905 2705//1905
f 2779//1902 2780//1902 2777//1902
f 2696//1902 2779//1902 2777//1902
f 1289//1907 1296//1907 2777//1907
f 2780//1901 1289//1901 2777//1901
f 1280//1903 2779//1903 2696//1903
f 1287//1903 1280//1903 2696//1903
f 1285//1907 1293//1907 2727//1907
f 2726//1901 1285//1901 2727//1901
f 1115//1755 1116//1755 2742//1755
f 2741//1759 1115//1759 2742//1759
f 2781//1757 2782//1757 2765//1757
f 2782//1757 2778//1757 2765//1757
f 1169//1756 2781//1756 2765//1756
f 1095//1756 1169//1756 2765//1756
f 1166//1754 1160//1754 2778//1754
f 2782//1758 1166//1758 2778//1758
f 2783//4445 2721//4445 2763//4445
f 1109//1756 2783//1756 2763//1756
f 1108//1756 1109//1756 2763//1756
f 1277//1895 2714//1895 2713//1895
f 1283//1895 1277//1895 2713//1895
f 2784//1894 2785//1894 2780//1894
f 2779//1894 2784//1894 2780//1894
f 1281//1901 1289//1901 2780//1901
f 2785//1893 1281//1893 2780//1893
f 1276//1895 2784//1895 2779//1895
f 1280//1895 1276//1895 2779//1895
f 1278//1901 1285//1901 2726//1901
f 2725//1893 1278//1893 2726//1893
f 1114//1759 1115//1759 2741//1759
f 2737//1790 1114//1790 2741//1790
f 2786//4446 2787//4446 2781//4446
f 2787//4446 2782//4446 2781//4446
f 1198//1785 2786//1785 2781//1785
f 1169//1785 1198//1785 2781//1785
f 1170//1758 1166//1758 2782//1758
f 2787//1790 1170//1790 2782//1790
f 2788//4447 2721//4447 2783//4447
f 1181//4448 2788//4448 2783//4448
f 1109//1785 1181//1785 2783//1785
f 1277//1889 2715//1889 2714//1889
f 2784//4449 2789//4449 2785//4449
f 1264//1893 1281//1893 2785//1893
f 1266//1886 1264//1886 2785//1886
f 2789//1886 1266//1886 2785//1886
f 2790//1873 2789//1873 2784//1873
f 2791//4450 2790//4450 2784//4450
f 1276//1889 2791//1889 2784//1889
f 1273//4451 1278//4451 2725//4451
f 1263//1884 1273//1884 2725//1884
f 2724//4452 1263//4452 2725//4452
f 1196//1790 1114//1790 2737//1790
f 1195//1793 1196//1793 2737//1793
f 2736//4453 1195//4453 2737//4453
f 2792//4454 2787//4454 2786//4454
f 1198//1791 2792//1791 2786//1791
f 2792//1794 2793//1794 2787//1794
f 2793//4455 2794//4455 2787//4455
f 1199//1790 1170//1790 2787//1790
f 1203//1793 1199//1793 2787//1793
f 2794//4456 1203//4456 2787//4456
f 2795//4457 2721//4457 2788//4457
f 1181//1791 2795//1791 2788//1791
f 1205//4458 2793//4458 2792//4458
f 1198//1791 1205//1791 2792//1791
f 2796//4459 2721//4459 2795//4459
f 1182//4460 2796//4460 2795//4460
f 1181//1791 1182//1791 2795//1791
f 1259//1877 1266//1877 2789//1877
f 2790//1877 1259//1877 2789//1877
f 1257//4461 1263//4461 2724//4461
f 2719//4462 1257//4462 2724//4462
f 1268//4463 2716//4463 2715//4463
f 1277//4464 1268//4464 2715//4464
f 2797//1872 2790//1872 2791//1872
f 1265//4465 2797//4465 2791//4465
f 1276//1889 1265//1889 2791//1889
f 1194//4466 1195//4466 2736//4466
f 2738//4467 1194//4467 2736//4467
f 2793//4468 2798//4468 2794//4468
f 1204//4466 1203//4466 2794//4466
f 2798//4467 1204//4467 2794//4467
f 1256//4469 2717//4469 2716//4469
f 1268//4470 1256//4470 2716//4470
f 2797//4471 2799//4471 2790//4471
f 2799//1842 2800//1842 2790//1842
f 2800//4472 2801//4472 2790//4472
f 2801//4473 2802//4473 2790//4473
f 1250//1863 1259//1863 2790//1863
f 2802//4474 1250//4474 2790//4474
f 1242//4469 2799//4469 2797//4469
f 1265//4475 1242//4475 2797//4475
f 1248//1863 1257//1863 2719//1863
f 2718//4476 1248//4476 2719//4476
f 1193//1807 1194//1807 2738//1807
f 2740//4477 1193//4477 2738//4477
f 2803//4478 2804//4478 2793//4478
f 2804//4479 2805//4479 2793//4479
f 2805//1815 2806//1815 2793//1815
f 2806//4480 2798//4480 2793//4480
f 1208//4481 2803//4481 2793//4481
f 1205//4458 1208//4458 2793//4458
f 1213//4482 1204//4482 2798//4482
f 2806//4482 1213//4482 2798//4482
f 2807//4483 2721//4483 2796//4483
f 1183//4481 2807//4481 2796//4481
f 1182//4458 1183//4458 2796//4458
f 1192//4484 1193//4484 2740//4484
f 2739//1816 1192//1816 2740//1816
f 1218//1816 1213//1816 2806//1816
f 2805//1816 1218//1816 2806//1816
f 2808//4485 2693//4485 2717//4485
f 1251//4486 2808//4486 2717//4486
f 1256//4487 1251//4487 2717//4487
f 1243//4488 2800//4488 2799//4488
f 1242//4487 1243//4487 2799//4487
f 2801//1842 2809//1842 2802//1842
f 1244//4489 1250//4489 2802//4489
f 2809//4490 1244//4490 2802//4490
f 1240//4489 1248//4489 2718//4489
f 2720//4490 1240//4490 2718//4490
f 2810//1801 2804//1801 2803//1801
f 1210//4491 2810//4491 2803//4491
f 1208//4492 1210//4492 2803//4492
f 2811//1801 2721//1801 2807//1801
f 1184//4491 2811//4491 2807//4491
f 1183//4493 1184//4493 2807//4493
f 2812//4472 2693//4472 2808//4472
f 1247//4494 2812//4494 2808//4494
f 1251//4495 1247//4495 2808//4495
f 2801//4496 2813//4496 2809//4496
f 1236//1839 1244//1839 2809//1839
f 2813//1843 1236//1843 2809//1843
f 1245//4494 2801//4494 2800//4494
f 1243//4495 1245//4495 2800//4495
f 1232//1839 1240//1839 2720//1839
f 2723//1843 1232//1843 2720//1843
f 2693//4479 2814//4479 2739//4479
f 1191//1824 1192//1824 2739//1824
f 2814//4497 1191//4497 2739//4497
f 2815//4498 2804//4498 2810//4498
f 1211//1821 2815//1821 2810//1821
f 1210//4499 1211//4499 2810//4499
f 1222//1824 1218//1824 2805//1824
f 2804//4497 1222//4497 2805//4497
f 2816//4498 2721//4498 2811//4498
f 1185//1821 2816//1821 2811//1821
f 1184//4500 1185//4500 2811//4500
f 2817//1826 2804//1826 2815//1826
f 2818//1826 2817//1826 2815//1826
f 1212//4501 2818//4501 2815//4501
f 1211//1821 1212//1821 2815//1821
f 2722//1826 2721//1826 2816//1826
f 1186//4501 2722//4501 2816//4501
f 1185//1823 1186//1823 2816//1823
f 2801//1826 2818//1826 2813//1826
f 1231//1832 1236//1832 2813//1832
f 2818//1832 1231//1832 2813//1832
f 1230//1832 1232//1832 2723//1832
f 2722//1832 1230//1832 2723//1832
f 2819//1826 2693//1826 2812//1826
f 1217//4502 2819//4502 2812//4502
f 1247//4503 1217//4503 2812//4503
f 2817//1826 2818//1826 2801//1826
f 1234//4502 2817//4502 2801//4502
f 1245//4503 1234//4503 2801//4503
f 2693//1826 2819//1826 2814//1826
f 1190//1827 1191//1827 2814//1827
f 2819//4504 1190//4504 2814//4504
f 1227//1827 1222//1827 2804//1827
f 2817//4504 1227//4504 2804//4504
f 1217//4505 1190//4505 2819//4505
f 1234//4505 1227//4505 2817//4505
f 1186//4501 1230//4501 2722//4501
f 1212//4501 1231//4501 2818//4501
f 2735//45 2694//45 2693//45
f 2733//44 2764//44 2734//44
f 2686//4506 2681//4506 2557//4506
f 2686//4506 2820//4506 2681//4506
f 2820//4506 2682//4506 2681//4506
f 2820//4506 2733//4506 2682//4506
f 2684//4507 2821//4507 2683//4507
f 2821//4507 2735//4507 2683//4507
f 2579//4507 2692//4507 2684//4507
f 2692//4507 2821//4507 2684//4507
f 1256//4508 1268//4508 2686//4508
f 1268//4509 1277//4509 2686//4509
f 1277//4510 1283//4510 2686//4510
f 2694//4511 1247//4511 2686//4511
f 1247//4512 1251//4512 2686//4512
f 1251//4513 1256//4513 2686//4513
f 1283//4514 1291//4514 2686//4514
f 1291//4515 1305//4515 2686//4515
f 1305//4516 1322//4516 2686//4516
f 1322//4517 1329//4517 2686//4517
f 1329//4518 1333//4518 2686//4518
f 1333//4519 1340//4519 2686//4519
f 1340//4520 1347//4520 2686//4520
f 1347//4521 1302//4521 2686//4521
f 1302//4522 1301//4522 2686//4522
f 1287//4523 1295//4523 2686//4523
f 1301//4524 1287//4524 2686//4524
f 1295//4525 1320//4525 2686//4525
f 1320//4526 1327//4526 2686//4526
f 1327//4527 1332//4527 2686//4527
f 1332//4528 1338//4528 2686//4528
f 1338//4529 1346//4529 2686//4529
f 1346//4530 1348//4530 2686//4530
f 1348//4531 2820//4531 2686//4531
f 1345//4532 1342//4532 2820//4532
f 1348//4533 1345//4533 2820//4533
f 1342//4534 1331//4534 2820//4534
f 1331//4535 1324//4535 2820//4535
f 1324//4536 1319//4536 2820//4536
f 1319//4537 1293//4537 2820//4537
f 1293//4538 1285//4538 2820//4538
f 1285//4539 2822//4539 2820//4539
f 2822//4540 2733//4540 2820//4540
f 2822//4540 2764//4540 2733//4540
f 1096//4541 1111//4541 2735//4541
f 1111//4542 1122//4542 2735//4542
f 1122//4543 1121//4543 2735//4543
f 1121//4544 1120//4544 2735//4544
f 1120//4545 1119//4545 2735//4545
f 1119//4546 1118//4546 2735//4546
f 1118//4547 1117//4547 2735//4547
f 1117//4548 1116//4548 2735//4548
f 1116//4549 1115//4549 2735//4549
f 1115//4550 1114//4550 2735//4550
f 1114//4551 1196//4551 2735//4551
f 1196//4552 1195//4552 2735//4552
f 1195//4553 1194//4553 2735//4553
f 1194//4554 1193//4554 2735//4554
f 1193//4555 2694//4555 2735//4555
f 2821//4556 1097//4556 2735//4556
f 1097//4557 1096//4557 2735//4557
f 2822//4558 1230//4558 2821//4558
f 1230//4559 1186//4559 2821//4559
f 1186//4560 1185//4560 2821//4560
f 1185//4561 1184//4561 2821//4561
f 1184//4562 1183//4562 2821//4562
f 1183//4563 1182//4563 2821//4563
f 1182//4564 1181//4564 2821//4564
f 1181//4565 1109//4565 2821//4565
f 1109//4566 1108//4566 2821//4566
f 1108//4567 1107//4567 2821//4567
f 1104//4568 1101//4568 2821//4568
f 1101//4569 1100//4569 2821//4569
f 1100//4570 1103//4570 2821//4570
f 1107//4571 1106//4571 2821//4571
f 1106//4572 1105//4572 2821//4572
f 1105//4573 1104//4573 2821//4573
f 1095//4574 1094//4574 2821//4574
f 1103//4575 1095//4575 2821//4575
f 1094//4576 1099//4576 2821//4576
f 1099//4577 1098//4577 2821//4577
f 1098//4578 1097//4578 2821//4578
f 2692//4558 2764//4558 2821//4558
f 2764//4558 2822//4558 2821//4558
f 1102//4579 1095//4579 1103//4579
f 1300//4580 1287//4580 1301//4580
f 1144//4581 1095//4581 1102//4581
f 1147//4582 1095//4582 1144//4582
f 1150//4583 1095//4583 1147//4583
f 1289//4584 1287//4584 1296//4584
f 1166//4585 1095//4585 1160//4585
f 1280//4586 1287//4586 1289//4586
f 1281//4586 1280//4586 1289//4586
f 1278//4587 2822//4587 1285//4587
f 1166//4588 1170//4588 1095//4588
f 1170//4588 1169//4588 1095//4588
f 1276//4589 1280//4589 1281//4589
f 1264//4589 1276//4589 1281//4589
f 1273//4590 2822//4590 1278//4590
f 1170//4591 1199//4591 1169//4591
f 1199//4591 1198//4591 1169//4591
f 1266//4592 1276//4592 1264//4592
f 1266//4593 1259//4593 1276//4593
f 1259//4594 1265//4594 1276//4594
f 1263//4594 2822//4594 1273//4594
f 1199//4595 1205//4595 1198//4595
f 1203//4595 1208//4595 1199//4595
f 1208//4596 1205//4596 1199//4596
f 1257//4597 2822//4597 1263//4597
f 1259//4598 1242//4598 1265//4598
f 1204//4596 1208//4596 1203//4596
f 1250//4599 1234//4599 1259//4599
f 1234//4600 1245//4600 1259//4600
f 1245//4601 1243//4601 1259//4601
f 1243//4602 1242//4602 1259//4602
f 1248//4599 2822//4599 1257//4599
f 1204//4603 1213//4603 1208//4603
f 1213//4604 1218//4604 1208//4604
f 1218//4605 1222//4605 1208//4605
f 1222//4606 1210//4606 1208//4606
f 1192//4607 2694//4607 1193//4607
f 1244//4608 1234//4608 1250//4608
f 1240//4608 2822//4608 1248//4608
f 1222//4609 1211//4609 1210//4609
f 2694//4610 1217//4610 1247//4610
f 1236//4600 1234//4600 1244//4600
f 1232//4600 2822//4600 1240//4600
f 1191//4611 2694//4611 1192//4611
f 1222//4605 1212//4605 1211//4605
f 1227//4612 1234//4612 1236//4612
f 1231//4612 1227//4612 1236//4612
f 1230//4612 2822//4612 1232//4612
f 1222//4612 1231//4612 1212//4612
f 1190//4612 2694//4612 1191//4612
f 1227//4612 1231//4612 1222//4612
f 2694//4612 1190//4612 1217//4612
