# Blender v3.0.0 OBJ File: ''
# www.blender.org
mtllib Stryker drill.mtl
o /ambf/env/Stryker_drill_Stryker_drill
v 0.090325 -0.002408 -0.000183
v 0.090325 0.002408 -0.000183
v 0.090325 0.002415 0.000000
v 0.090309 0.002483 0.000000
v 0.090325 -0.002415 0.000000
v 0.090325 0.002408 0.000183
v 0.090309 0.002460 0.000338
v 0.090325 -0.002388 -0.000362
v 0.090325 0.002388 -0.000362
v 0.090309 0.002460 -0.000338
v 0.090325 -0.002355 -0.000538
v 0.090325 0.002355 -0.000538
v 0.090325 -0.002308 -0.000711
v 0.090325 0.002308 -0.000711
v 0.090309 0.002391 -0.000670
v 0.090325 -0.002248 -0.000882
v 0.090325 0.002248 -0.000882
v 0.090325 -0.002176 -0.001048
v 0.090325 0.002176 -0.001048
v 0.090309 0.002277 -0.000989
v 0.090325 -0.002092 -0.001208
v 0.090325 0.002092 -0.001208
v 0.090325 -0.001996 -0.001360
v 0.090325 0.001996 -0.001360
v 0.090309 0.002122 -0.001290
v 0.090325 -0.001888 -0.001506
v 0.090325 0.001888 -0.001506
v 0.090325 -0.001770 -0.001643
v 0.090325 0.001770 -0.001643
v 0.090309 0.001926 -0.001567
v 0.090325 -0.001643 -0.001770
v 0.090325 0.001643 -0.001770
v 0.090309 0.001695 -0.001815
v 0.090325 -0.001506 -0.001888
v 0.090325 0.001506 -0.001888
v 0.090325 -0.001360 -0.001996
v 0.090325 0.001360 -0.001996
v 0.090309 0.001432 -0.002029
v 0.090325 -0.001208 -0.002092
v 0.090325 0.001208 -0.002092
v 0.090325 -0.001048 -0.002176
v 0.090325 0.001048 -0.002176
v 0.090309 0.001142 -0.002205
v 0.090325 -0.000882 -0.002248
v 0.090325 0.000882 -0.002248
v 0.090325 -0.000711 -0.002308
v 0.090325 0.000711 -0.002308
v 0.090309 0.000832 -0.002340
v 0.090325 -0.000538 -0.002355
v 0.090325 0.000538 -0.002355
v 0.090325 -0.000360 -0.002388
v 0.090325 0.000360 -0.002388
v 0.090309 0.000505 -0.002431
v 0.090325 -0.000180 -0.002409
v 0.090325 0.000180 -0.002409
v 0.090325 0.000000 -0.002415
v 0.090309 0.000169 -0.002477
v 0.090309 -0.000169 -0.002477
v 0.090309 -0.000505 -0.002431
v 0.090309 -0.000832 -0.002340
v 0.090309 -0.001142 -0.002205
v 0.090309 -0.001432 -0.002029
v 0.090309 -0.001695 -0.001815
v 0.090309 -0.001926 -0.001567
v 0.090309 -0.002122 -0.001290
v 0.090309 -0.002277 -0.000989
v 0.090309 -0.002391 -0.000670
v 0.090309 -0.002460 -0.000338
v 0.090325 -0.002408 0.000183
v 0.090309 -0.002483 -0.000000
v 0.090325 0.002388 0.000362
v 0.090325 -0.002388 0.000362
v 0.090309 -0.002460 0.000338
v 0.090325 0.002355 0.000538
v 0.090325 -0.002355 0.000538
v 0.090325 0.002308 0.000711
v 0.090325 -0.002308 0.000711
v 0.090309 -0.002391 0.000670
v 0.090325 0.002248 0.000882
v 0.090325 -0.002248 0.000882
v 0.090325 0.002176 0.001048
v 0.090325 -0.002176 0.001048
v 0.090309 -0.002277 0.000989
v 0.090325 0.002092 0.001208
v 0.090325 -0.002092 0.001208
v 0.090325 0.001996 0.001360
v 0.090325 -0.001996 0.001360
v 0.090309 -0.002122 0.001290
v 0.090325 0.001888 0.001506
v 0.090325 -0.001888 0.001506
v 0.090325 0.001770 0.001643
v 0.090325 -0.001770 0.001643
v 0.090309 -0.001926 0.001567
v 0.090325 0.001643 0.001770
v 0.090325 -0.001643 0.001770
v 0.090309 -0.001695 0.001815
v 0.090325 0.001506 0.001888
v 0.090325 -0.001506 0.001888
v 0.090325 0.001360 0.001996
v 0.090325 -0.001360 0.001996
v 0.090309 -0.001432 0.002029
v 0.090325 0.001208 0.002092
v 0.090325 -0.001208 0.002092
v 0.090325 0.001048 0.002176
v 0.090325 -0.001048 0.002176
v 0.090309 -0.001142 0.002205
v 0.090325 0.000882 0.002248
v 0.090325 -0.000882 0.002248
v 0.090325 0.000711 0.002308
v 0.090325 -0.000711 0.002308
v 0.090309 -0.000832 0.002340
v 0.090325 0.000538 0.002355
v 0.090325 -0.000538 0.002355
v 0.090325 0.000360 0.002388
v 0.090325 -0.000360 0.002388
v 0.090309 -0.000505 0.002431
v 0.090325 0.000180 0.002409
v 0.090325 -0.000180 0.002409
v 0.090325 0.000000 0.002415
v 0.090309 -0.000169 0.002477
v 0.090309 0.000169 0.002477
v 0.090309 0.000505 0.002431
v 0.090309 0.000832 0.002340
v 0.090309 0.001142 0.002205
v 0.090309 0.001432 0.002029
v 0.090309 0.001695 0.001815
v 0.090309 0.001926 0.001567
v 0.090309 0.002122 0.001290
v 0.090309 0.002277 0.000989
v 0.090309 0.002391 0.000670
v 0.090266 -0.002537 -0.000000
v 0.090266 -0.002514 -0.000345
v 0.090266 -0.002514 0.000345
v 0.090266 -0.002443 0.000685
v 0.090266 -0.002327 0.001011
v 0.090266 -0.002168 0.001318
v 0.090266 -0.001968 0.001601
v 0.090266 -0.001732 0.001854
v 0.090266 -0.001463 0.002073
v 0.090266 -0.001167 0.002253
v 0.090266 -0.000850 0.002391
v 0.090266 -0.000516 0.002484
v 0.090266 -0.000173 0.002531
v 0.090266 0.000173 0.002531
v 0.090266 0.000516 0.002484
v 0.090266 0.000850 0.002391
v 0.090266 0.001167 0.002253
v 0.090266 0.001463 0.002073
v 0.090266 0.001732 0.001854
v 0.090266 0.001968 0.001601
v 0.090266 0.002168 0.001318
v 0.090266 0.002327 0.001011
v 0.090266 0.002443 0.000685
v 0.090266 0.002514 0.000345
v 0.090266 0.002537 0.000000
v 0.090203 0.002560 0.000183
v 0.090203 0.002567 0.000000
v 0.090266 0.002514 -0.000345
v 0.090203 -0.002567 0.000000
v 0.090203 -0.002560 -0.000183
v 0.090203 -0.002540 0.000365
v 0.090203 -0.002560 0.000183
v 0.090203 -0.002463 0.000723
v 0.090203 -0.002508 0.000546
v 0.090203 -0.002335 0.001066
v 0.090203 -0.002405 0.000897
v 0.090203 -0.002159 0.001388
v 0.090203 -0.002253 0.001230
v 0.090203 -0.001940 0.001681
v 0.090203 -0.002055 0.001538
v 0.090203 -0.001681 0.001940
v 0.090203 -0.001815 0.001815
v 0.090203 -0.001388 0.002159
v 0.090203 -0.001538 0.002055
v 0.090203 -0.001066 0.002335
v 0.090203 -0.001230 0.002253
v 0.090203 -0.000723 0.002463
v 0.090203 -0.000897 0.002405
v 0.090203 -0.000365 0.002540
v 0.090203 -0.000546 0.002508
v 0.090203 -0.000000 0.002567
v 0.090203 -0.000183 0.002560
v 0.090203 0.000183 0.002560
v 0.090203 0.000546 0.002508
v 0.090203 0.000365 0.002540
v 0.090203 0.000897 0.002405
v 0.090203 0.000723 0.002463
v 0.090203 0.001230 0.002253
v 0.090203 0.001066 0.002335
v 0.090203 0.001538 0.002055
v 0.090203 0.001388 0.002159
v 0.090203 0.001815 0.001815
v 0.090203 0.001681 0.001940
v 0.090203 0.002055 0.001538
v 0.090203 0.001940 0.001681
v 0.090203 0.002253 0.001230
v 0.090203 0.002159 0.001388
v 0.090203 0.002405 0.000897
v 0.090203 0.002335 0.001066
v 0.090203 0.002508 0.000546
v 0.090203 0.002463 0.000723
v 0.090203 0.002540 0.000365
v 0.086027 0.003447 0.000217
v 0.086027 0.003454 0.000000
v 0.090203 0.002560 -0.000183
v 0.086027 -0.003454 0.000000
v 0.086027 -0.003447 -0.000217
v 0.086027 -0.003427 0.000433
v 0.086027 -0.003447 0.000217
v 0.086027 -0.003393 0.000647
v 0.086027 -0.003346 0.000859
v 0.086027 -0.003285 0.001067
v 0.086027 -0.003212 0.001272
v 0.086027 -0.003125 0.001471
v 0.086027 -0.003027 0.001664
v 0.086027 -0.002794 0.002030
v 0.086027 -0.002916 0.001851
v 0.086027 -0.002661 0.002202
v 0.086027 -0.002518 0.002364
v 0.086027 -0.002364 0.002518
v 0.086027 -0.002202 0.002661
v 0.086027 -0.002030 0.002794
v 0.086027 -0.001851 0.002916
v 0.086027 -0.001471 0.003125
v 0.086027 -0.001664 0.003027
v 0.086027 -0.001272 0.003212
v 0.086027 -0.001067 0.003285
v 0.086027 -0.000859 0.003346
v 0.086027 -0.000647 0.003393
v 0.086027 -0.000433 0.003427
v 0.086027 -0.000217 0.003447
v 0.086027 -0.000000 0.003454
v 0.086027 0.000433 0.003427
v 0.086027 0.000217 0.003447
v 0.086027 0.000647 0.003393
v 0.086027 0.000859 0.003346
v 0.086027 0.001067 0.003285
v 0.086027 0.001272 0.003212
v 0.086027 0.001471 0.003125
v 0.086027 0.001664 0.003027
v 0.086027 0.002030 0.002794
v 0.086027 0.001851 0.002916
v 0.086027 0.002202 0.002661
v 0.086027 0.002364 0.002518
v 0.086027 0.002518 0.002364
v 0.086027 0.002661 0.002202
v 0.086027 0.002794 0.002030
v 0.086027 0.002916 0.001851
v 0.086027 0.003125 0.001471
v 0.086027 0.003027 0.001664
v 0.086027 0.003212 0.001272
v 0.086027 0.003285 0.001067
v 0.086027 0.003346 0.000859
v 0.086027 0.003393 0.000647
v 0.086027 0.003427 0.000433
v 0.084971 -0.003656 -0.000000
v 0.084971 -0.003633 -0.000409
v 0.084971 -0.003633 0.000409
v 0.084971 -0.003564 0.000813
v 0.084971 -0.003450 0.001207
v 0.084971 -0.003294 0.001586
v 0.084971 -0.003095 0.001945
v 0.084971 -0.002858 0.002279
v 0.084971 -0.002585 0.002585
v 0.084971 -0.002279 0.002858
v 0.084971 -0.001945 0.003095
v 0.084971 -0.001586 0.003294
v 0.084971 -0.001207 0.003450
v 0.084971 -0.000813 0.003564
v 0.084971 -0.000409 0.003633
v 0.084971 -0.000000 0.003656
v 0.084971 0.000409 0.003633
v 0.084971 0.000813 0.003564
v 0.084971 0.001207 0.003450
v 0.084971 0.001586 0.003294
v 0.084971 0.001945 0.003095
v 0.084971 0.002279 0.002858
v 0.084971 0.002585 0.002585
v 0.084971 0.002858 0.002279
v 0.084971 0.003095 0.001945
v 0.084971 0.003294 0.001586
v 0.084971 0.003450 0.001207
v 0.084971 0.003564 0.000813
v 0.084971 0.003633 0.000409
v 0.084971 0.003656 0.000000
v 0.086027 0.003447 -0.000217
v 0.083903 -0.003813 -0.000000
v 0.083903 -0.003789 -0.000427
v 0.083903 -0.003789 0.000427
v 0.083903 -0.003718 0.000849
v 0.083903 -0.003599 0.001259
v 0.083903 -0.003436 0.001655
v 0.083903 -0.003229 0.002029
v 0.083903 -0.002981 0.002378
v 0.083903 -0.002697 0.002697
v 0.083903 -0.002378 0.002981
v 0.083903 -0.002029 0.003229
v 0.083903 -0.001655 0.003436
v 0.083903 -0.001259 0.003599
v 0.083903 -0.000849 0.003718
v 0.083903 -0.000427 0.003789
v 0.083903 -0.000000 0.003813
v 0.083903 0.000427 0.003789
v 0.083903 0.000849 0.003718
v 0.083903 0.001259 0.003599
v 0.083903 0.001655 0.003436
v 0.083903 0.002029 0.003229
v 0.083903 0.002378 0.002981
v 0.083903 0.002697 0.002697
v 0.083903 0.002981 0.002378
v 0.083903 0.003229 0.002029
v 0.083903 0.003436 0.001655
v 0.083903 0.003599 0.001259
v 0.083903 0.003718 0.000849
v 0.083903 0.003789 0.000427
v 0.083903 0.003813 0.000000
v 0.084971 0.003633 -0.000409
v 0.082829 0.003902 0.000440
v 0.082829 0.003926 0.000000
v 0.083903 0.003789 -0.000427
v 0.082829 -0.003926 -0.000000
v 0.082829 -0.003902 -0.000440
v 0.082829 -0.003902 0.000440
v 0.082829 -0.003828 0.000874
v 0.082829 -0.003706 0.001297
v 0.082829 -0.003538 0.001704
v 0.082829 -0.003325 0.002089
v 0.082829 -0.003070 0.002448
v 0.082829 -0.002776 0.002776
v 0.082829 -0.002448 0.003070
v 0.082829 -0.002089 0.003325
v 0.082829 -0.001704 0.003538
v 0.082829 -0.001297 0.003706
v 0.082829 -0.000874 0.003828
v 0.082829 -0.000440 0.003902
v 0.082829 -0.000000 0.003926
v 0.082829 0.000440 0.003902
v 0.082829 0.000874 0.003828
v 0.082829 0.001297 0.003706
v 0.082829 0.001704 0.003538
v 0.082829 0.002089 0.003325
v 0.082829 0.002448 0.003070
v 0.082829 0.002776 0.002776
v 0.082829 0.003070 0.002448
v 0.082829 0.003325 0.002089
v 0.082829 0.003538 0.001704
v 0.082829 0.003706 0.001297
v 0.082829 0.003828 0.000874
v 0.081752 0.003969 0.000447
v 0.081752 0.003994 0.000000
v 0.082829 0.003902 -0.000440
v 0.081752 -0.003994 -0.000000
v 0.081752 -0.003969 -0.000447
v 0.081752 -0.003969 0.000447
v 0.081752 -0.003894 0.000889
v 0.081752 -0.003770 0.001319
v 0.081752 -0.003599 0.001733
v 0.081752 -0.003382 0.002125
v 0.081752 -0.003123 0.002490
v 0.081752 -0.002824 0.002824
v 0.081752 -0.002490 0.003123
v 0.081752 -0.002125 0.003382
v 0.081752 -0.001733 0.003599
v 0.081752 -0.001319 0.003770
v 0.081752 -0.000889 0.003894
v 0.081752 -0.000447 0.003969
v 0.081752 -0.000000 0.003994
v 0.081752 0.000447 0.003969
v 0.081752 0.000889 0.003894
v 0.081752 0.001319 0.003770
v 0.081752 0.001733 0.003599
v 0.081752 0.002125 0.003382
v 0.081752 0.002490 0.003123
v 0.081752 0.002824 0.002824
v 0.081752 0.003123 0.002490
v 0.081752 0.003382 0.002125
v 0.081752 0.003599 0.001733
v 0.081752 0.003770 0.001319
v 0.081752 0.003894 0.000889
v 0.080674 0.003990 0.000466
v 0.080674 0.004017 0.000000
v 0.081752 0.003969 -0.000447
v 0.080674 -0.004017 0.000000
v 0.080674 -0.003990 -0.000466
v 0.080674 -0.003990 0.000466
v 0.080674 -0.003908 0.000926
v 0.080674 -0.003774 0.001374
v 0.080674 -0.003589 0.001803
v 0.080674 -0.003356 0.002207
v 0.080674 -0.003077 0.002582
v 0.080674 -0.002756 0.002922
v 0.080674 -0.002399 0.003222
v 0.080674 -0.002008 0.003479
v 0.080674 -0.001591 0.003688
v 0.080674 -0.001152 0.003848
v 0.080674 -0.000697 0.003956
v 0.080674 -0.000234 0.004010
v 0.080674 0.000234 0.004010
v 0.080674 0.000697 0.003956
v 0.080674 0.001152 0.003848
v 0.080674 0.001591 0.003688
v 0.080674 0.002008 0.003479
v 0.080674 0.002399 0.003222
v 0.080674 0.002756 0.002922
v 0.080674 0.003077 0.002582
v 0.080674 0.003356 0.002207
v 0.080674 0.003589 0.001803
v 0.080674 0.003774 0.001374
v 0.080674 0.003908 0.000926
v 0.061220 0.003990 0.000466
v 0.061220 0.004010 0.000234
v 0.061220 0.004017 0.000000
v 0.080674 0.003990 -0.000466
v 0.061220 -0.004017 0.000000
v 0.061220 -0.004010 -0.000234
v 0.061220 -0.003990 -0.000466
v 0.061220 -0.003990 0.000466
v 0.061220 -0.004010 0.000234
v 0.061220 -0.003908 0.000926
v 0.061220 -0.003956 0.000697
v 0.061220 -0.003774 0.001374
v 0.061220 -0.003848 0.001152
v 0.061220 -0.003589 0.001803
v 0.061220 -0.003688 0.001591
v 0.061220 -0.003356 0.002207
v 0.061220 -0.003479 0.002008
v 0.061220 -0.003077 0.002582
v 0.061220 -0.003222 0.002399
v 0.061220 -0.002756 0.002922
v 0.061220 -0.002922 0.002756
v 0.061220 -0.002399 0.003222
v 0.061220 -0.002582 0.003077
v 0.061220 -0.002008 0.003479
v 0.061220 -0.002207 0.003356
v 0.061220 -0.001591 0.003688
v 0.061220 -0.001803 0.003589
v 0.061220 -0.001152 0.003848
v 0.061220 -0.001374 0.003774
v 0.061220 -0.000697 0.003956
v 0.061220 -0.000926 0.003908
v 0.061220 -0.000234 0.004010
v 0.061220 -0.000466 0.003990
v 0.061220 0.000234 0.004010
v 0.061220 -0.000000 0.004017
v 0.061220 0.000697 0.003956
v 0.061220 0.000466 0.003990
v 0.061220 0.001152 0.003848
v 0.061220 0.000926 0.003908
v 0.061220 0.001591 0.003688
v 0.061220 0.001374 0.003774
v 0.061220 0.002008 0.003479
v 0.061220 0.001803 0.003589
v 0.061220 0.002399 0.003222
v 0.061220 0.002207 0.003356
v 0.061220 0.002756 0.002922
v 0.061220 0.002582 0.003077
v 0.061220 0.003077 0.002582
v 0.061220 0.002922 0.002756
v 0.061220 0.003356 0.002207
v 0.061220 0.003222 0.002399
v 0.061220 0.003589 0.001803
v 0.061220 0.003479 0.002008
v 0.061220 0.003774 0.001374
v 0.061220 0.003688 0.001591
v 0.061220 0.003908 0.000926
v 0.061220 0.003848 0.001152
v 0.061220 0.003956 0.000697
v 0.060358 -0.004044 -0.000000
v 0.060358 -0.004020 -0.000437
v 0.060358 -0.004020 0.000437
v 0.060358 -0.003949 0.000869
v 0.060358 -0.003832 0.001291
v 0.060358 -0.003670 0.001698
v 0.060358 -0.003465 0.002085
v 0.060358 -0.003219 0.002447
v 0.060358 -0.002936 0.002781
v 0.060358 -0.002618 0.003082
v 0.060358 -0.002269 0.003347
v 0.060358 -0.001894 0.003573
v 0.060358 -0.001497 0.003757
v 0.060358 -0.001082 0.003896
v 0.060358 -0.000654 0.003991
v 0.060358 -0.000219 0.004038
v 0.060358 0.000219 0.004038
v 0.060358 0.000654 0.003991
v 0.060358 0.001082 0.003896
v 0.060358 0.001497 0.003757
v 0.060358 0.001894 0.003573
v 0.060358 0.002269 0.003347
v 0.060358 0.002618 0.003082
v 0.060358 0.002936 0.002781
v 0.060358 0.003219 0.002447
v 0.060358 0.003465 0.002085
v 0.060358 0.003670 0.001698
v 0.060358 0.003832 0.001291
v 0.060358 0.003949 0.000869
v 0.060358 0.004020 0.000437
v 0.060358 0.004044 0.000000
v 0.061220 0.004010 -0.000234
v 0.059498 -0.004125 -0.000000
v 0.059498 -0.004101 -0.000446
v 0.059498 -0.004101 0.000446
v 0.059498 -0.004029 0.000887
v 0.059498 -0.003909 0.001317
v 0.059498 -0.003744 0.001732
v 0.059498 -0.003535 0.002127
v 0.059498 -0.003284 0.002496
v 0.059498 -0.002995 0.002837
v 0.059498 -0.002671 0.003144
v 0.059498 -0.002315 0.003414
v 0.059498 -0.001932 0.003645
v 0.059498 -0.001527 0.003832
v 0.059498 -0.001104 0.003975
v 0.059498 -0.000667 0.004071
v 0.059498 -0.000223 0.004119
v 0.059498 0.000223 0.004119
v 0.059498 0.000667 0.004071
v 0.059498 0.001104 0.003975
v 0.059498 0.001527 0.003832
v 0.059498 0.001932 0.003645
v 0.059498 0.002315 0.003414
v 0.059498 0.002671 0.003144
v 0.059498 0.002995 0.002837
v 0.059498 0.003284 0.002496
v 0.059498 0.003535 0.002127
v 0.059498 0.003744 0.001732
v 0.059498 0.003909 0.001317
v 0.059498 0.004029 0.000887
v 0.059498 0.004101 0.000446
v 0.059498 0.004125 0.000000
v 0.060358 0.004020 -0.000437
v 0.058645 0.004235 0.000461
v 0.058645 0.004260 0.000000
v 0.059498 0.004101 -0.000446
v 0.058645 -0.004260 -0.000000
v 0.058645 -0.004235 -0.000461
v 0.058645 -0.004235 0.000461
v 0.058645 -0.004161 0.000916
v 0.058645 -0.004037 0.001360
v 0.058645 -0.003867 0.001789
v 0.058645 -0.003650 0.002196
v 0.058645 -0.003392 0.002578
v 0.058645 -0.003093 0.002930
v 0.058645 -0.002758 0.003247
v 0.058645 -0.002391 0.003526
v 0.058645 -0.001996 0.003764
v 0.058645 -0.001577 0.003958
v 0.058645 -0.001140 0.004105
v 0.058645 -0.000689 0.004204
v 0.058645 -0.000231 0.004254
v 0.058645 0.000231 0.004254
v 0.058645 0.000689 0.004204
v 0.058645 0.001140 0.004105
v 0.058645 0.001577 0.003958
v 0.058645 0.001996 0.003764
v 0.058645 0.002391 0.003526
v 0.058645 0.002758 0.003247
v 0.058645 0.003093 0.002930
v 0.058645 0.003392 0.002578
v 0.058645 0.003650 0.002196
v 0.058645 0.003867 0.001789
v 0.058645 0.004037 0.001360
v 0.058645 0.004161 0.000916
v 0.057802 0.004423 0.000481
v 0.057802 0.004449 0.000000
v 0.058645 0.004235 -0.000461
v 0.057802 -0.004449 -0.000000
v 0.057802 -0.004423 -0.000481
v 0.057802 -0.004423 0.000481
v 0.057802 -0.004345 0.000956
v 0.057802 -0.004216 0.001421
v 0.057802 -0.004038 0.001868
v 0.057802 -0.003812 0.002294
v 0.057802 -0.003542 0.002692
v 0.057802 -0.003230 0.003059
v 0.057802 -0.002880 0.003391
v 0.057802 -0.002497 0.003682
v 0.057802 -0.002084 0.003931
v 0.057802 -0.001647 0.004133
v 0.057802 -0.001190 0.004287
v 0.057802 -0.000720 0.004390
v 0.057802 -0.000241 0.004442
v 0.057802 0.000241 0.004442
v 0.057802 0.000720 0.004390
v 0.057802 0.001190 0.004287
v 0.057802 0.001647 0.004133
v 0.057802 0.002084 0.003931
v 0.057802 0.002497 0.003682
v 0.057802 0.002880 0.003391
v 0.057802 0.003230 0.003059
v 0.057802 0.003542 0.002692
v 0.057802 0.003812 0.002294
v 0.057802 0.004038 0.001868
v 0.057802 0.004216 0.001421
v 0.057802 0.004345 0.000956
v 0.056976 0.004663 0.000490
v 0.056976 0.004689 0.000000
v 0.057802 0.004423 -0.000481
v 0.056976 -0.004689 0.000000
v 0.056976 -0.004663 -0.000490
v 0.056976 -0.004586 0.000975
v 0.056976 -0.004663 0.000490
v 0.056976 -0.004459 0.001449
v 0.056976 -0.004283 0.001907
v 0.056976 -0.004061 0.002344
v 0.056976 -0.003793 0.002756
v 0.056976 -0.003484 0.003137
v 0.056976 -0.003137 0.003484
v 0.056976 -0.002756 0.003793
v 0.056976 -0.002344 0.004061
v 0.056976 -0.001907 0.004283
v 0.056976 -0.001449 0.004459
v 0.056976 -0.000975 0.004586
v 0.056976 -0.000490 0.004663
v 0.056976 -0.000000 0.004689
v 0.056976 0.000490 0.004663
v 0.056976 0.000975 0.004586
v 0.056976 0.001449 0.004459
v 0.056976 0.001907 0.004283
v 0.056976 0.002344 0.004061
v 0.056976 0.002756 0.003793
v 0.056976 0.003137 0.003484
v 0.056976 0.003484 0.003137
v 0.056976 0.003793 0.002756
v 0.056976 0.004061 0.002344
v 0.056976 0.004283 0.001907
v 0.056976 0.004459 0.001449
v 0.056976 0.004586 0.000975
v 0.055848 0.005029 0.000511
v 0.055848 0.005055 0.000000
v 0.056976 0.004663 -0.000490
v 0.055848 -0.005055 0.000000
v 0.055848 -0.005029 -0.000511
v 0.055848 -0.004952 0.001018
v 0.055848 -0.005029 0.000511
v 0.055848 -0.004824 0.001513
v 0.055848 -0.004646 0.001994
v 0.055848 -0.004420 0.002453
v 0.055848 -0.004149 0.002888
v 0.055848 -0.003836 0.003293
v 0.055848 -0.003483 0.003664
v 0.055848 -0.003094 0.003998
v 0.055848 -0.002674 0.004290
v 0.055848 -0.002226 0.004539
v 0.055848 -0.001756 0.004741
v 0.055848 -0.001267 0.004894
v 0.055848 -0.000766 0.004997
v 0.055848 -0.000256 0.005049
v 0.055848 0.000256 0.005049
v 0.055848 0.000766 0.004997
v 0.055848 0.001267 0.004894
v 0.055848 0.001756 0.004741
v 0.055848 0.002226 0.004539
v 0.055848 0.002674 0.004290
v 0.055848 0.003094 0.003998
v 0.055848 0.003483 0.003664
v 0.055848 0.003836 0.003293
v 0.055848 0.004149 0.002888
v 0.055848 0.004420 0.002453
v 0.055848 0.004646 0.001994
v 0.055848 0.004824 0.001513
v 0.055848 0.004952 0.001018
v 0.055822 -0.005062 -0.000000
v 0.055795 -0.005038 -0.000512
v 0.055795 -0.005038 0.000512
v 0.055795 -0.005064 0.000000
v 0.055795 -0.004960 0.001019
v 0.055795 -0.004832 0.001516
v 0.055795 -0.004653 0.001997
v 0.055795 -0.004428 0.002457
v 0.055795 -0.004156 0.002893
v 0.055795 -0.003842 0.003298
v 0.055795 -0.003489 0.003670
v 0.055795 -0.003100 0.004004
v 0.055795 -0.002679 0.004297
v 0.055795 -0.002230 0.004546
v 0.055795 -0.001759 0.004749
v 0.055795 -0.001269 0.004902
v 0.055795 -0.000767 0.005005
v 0.055795 -0.000256 0.005057
v 0.055795 0.000256 0.005057
v 0.055795 0.000767 0.005005
v 0.055795 0.001269 0.004902
v 0.055795 0.001759 0.004749
v 0.055795 0.002230 0.004546
v 0.055795 0.002679 0.004297
v 0.055795 0.003100 0.004004
v 0.055795 0.003489 0.003670
v 0.055795 0.003842 0.003298
v 0.055795 0.004156 0.002893
v 0.055795 0.004428 0.002457
v 0.055795 0.004653 0.001997
v 0.055795 0.004832 0.001516
v 0.055795 0.004960 0.001019
v 0.055795 0.005038 0.000512
v 0.055822 0.005062 0.000000
v 0.055848 0.005029 -0.000511
v 0.055410 -0.005064 -0.000000
v 0.055410 -0.005037 -0.000515
v 0.055410 -0.005037 0.000515
v 0.055410 -0.004960 0.001020
v 0.055410 -0.004831 0.001516
v 0.055410 -0.004653 0.001997
v 0.055410 -0.004428 0.002457
v 0.055410 -0.004156 0.002893
v 0.055410 -0.003842 0.003298
v 0.055410 -0.003488 0.003671
v 0.055410 -0.003100 0.004004
v 0.055410 -0.002678 0.004298
v 0.055410 -0.002231 0.004546
v 0.055410 -0.001758 0.004749
v 0.055410 -0.001270 0.004902
v 0.055410 -0.000766 0.005005
v 0.055410 -0.000257 0.005057
v 0.055410 0.000257 0.005057
v 0.055410 0.000766 0.005005
v 0.055410 0.001270 0.004902
v 0.055410 0.001758 0.004749
v 0.055410 0.002231 0.004546
v 0.055410 0.002678 0.004298
v 0.055410 0.003100 0.004004
v 0.055410 0.003488 0.003671
v 0.055410 0.003842 0.003298
v 0.055410 0.004156 0.002893
v 0.055410 0.004428 0.002457
v 0.055410 0.004653 0.001997
v 0.055410 0.004831 0.001516
v 0.055410 0.004960 0.001020
v 0.055795 0.005064 0.000000
v 0.055410 0.005037 0.000515
v 0.055410 0.005064 0.000000
v 0.055795 0.005038 -0.000512
v 0.055410 -0.005300 0.000000
v 0.055410 -0.005292 -0.000271
v 0.055410 -0.005272 0.000539
v 0.055410 -0.005292 0.000271
v 0.055410 -0.005191 0.001067
v 0.055410 -0.005238 0.000805
v 0.055410 -0.005056 0.001586
v 0.055410 -0.005131 0.001328
v 0.055410 -0.004870 0.002090
v 0.055410 -0.004969 0.001841
v 0.055410 -0.004634 0.002572
v 0.055410 -0.004758 0.002333
v 0.055410 -0.004349 0.003028
v 0.055410 -0.004497 0.002804
v 0.055410 -0.004021 0.003452
v 0.055410 -0.004191 0.003243
v 0.055410 -0.003651 0.003842
v 0.055410 -0.003841 0.003651
v 0.055410 -0.003452 0.004021
v 0.055410 -0.003027 0.004350
v 0.055410 -0.003244 0.004190
v 0.055410 -0.002572 0.004633
v 0.055410 -0.002803 0.004498
v 0.055410 -0.002334 0.004758
v 0.055410 -0.001840 0.004970
v 0.055410 -0.002090 0.004870
v 0.055410 -0.001587 0.005056
v 0.055410 0.001329 0.005130
v 0.055410 0.001587 0.005056
v 0.055410 0.001840 0.004970
v 0.055410 0.002090 0.004870
v 0.055410 0.002572 0.004633
v 0.055410 0.002334 0.004758
v 0.055410 0.002803 0.004498
v 0.055410 0.003244 0.004190
v 0.055410 0.003027 0.004350
v 0.055410 0.003651 0.003842
v 0.055410 0.003452 0.004021
v 0.055410 0.003841 0.003651
v 0.055410 0.004191 0.003243
v 0.055410 0.004021 0.003452
v 0.055410 0.004497 0.002804
v 0.055410 0.004349 0.003028
v 0.055410 0.004758 0.002333
v 0.055410 0.004634 0.002572
v 0.055410 0.004969 0.001841
v 0.055410 0.004870 0.002090
v 0.055410 0.005131 0.001328
v 0.055410 0.005056 0.001586
v 0.055410 0.005238 0.000805
v 0.055410 0.005191 0.001067
v 0.055410 0.005292 0.000271
v 0.055410 0.005272 0.000539
v 0.055410 0.005300 0.000000
v 0.055410 0.005037 -0.000515
v 0.055410 -0.005238 -0.000805
v 0.055410 -0.004960 -0.001020
v 0.055410 -0.005272 -0.000539
v 0.055410 -0.005131 -0.001328
v 0.055410 -0.004831 -0.001516
v 0.055795 -0.004960 -0.001019
v 0.055410 -0.005191 -0.001067
v 0.055410 -0.004969 -0.001841
v 0.055410 -0.004653 -0.001997
v 0.055795 -0.004832 -0.001516
v 0.055410 -0.005056 -0.001586
v 0.055410 -0.004758 -0.002333
v 0.055410 -0.004428 -0.002457
v 0.055795 -0.004653 -0.001997
v 0.055410 -0.004870 -0.002090
v 0.055410 -0.004497 -0.002804
v 0.055410 -0.004156 -0.002893
v 0.055795 -0.004428 -0.002457
v 0.055410 -0.004634 -0.002572
v 0.055410 -0.004191 -0.003243
v 0.055410 -0.003842 -0.003298
v 0.055795 -0.004156 -0.002893
v 0.055410 -0.004349 -0.003028
v 0.055410 -0.003841 -0.003651
v 0.055410 -0.003488 -0.003671
v 0.055795 -0.003842 -0.003298
v 0.055410 -0.004021 -0.003452
v 0.055410 -0.003651 -0.003842
v 0.055410 -0.003100 -0.004004
v 0.055795 -0.003489 -0.003670
v 0.055410 -0.003244 -0.004190
v 0.055410 -0.002678 -0.004298
v 0.055795 -0.003100 -0.004004
v 0.055410 -0.003452 -0.004021
v 0.055410 -0.002803 -0.004498
v 0.055410 -0.002231 -0.004546
v 0.055795 -0.002679 -0.004297
v 0.055410 -0.003027 -0.004350
v 0.055410 -0.002572 -0.004633
v 0.055410 -0.001758 -0.004749
v 0.055795 -0.002230 -0.004546
v 0.055410 -0.002090 -0.004870
v 0.055410 -0.001270 -0.004902
v 0.055795 -0.001759 -0.004749
v 0.055410 -0.002334 -0.004758
v 0.055410 -0.001840 -0.004970
v 0.055410 -0.000766 -0.005005
v 0.055795 -0.001269 -0.004902
v 0.055410 -0.001587 -0.005056
v 0.055410 -0.000257 -0.005057
v 0.055795 -0.000767 -0.005005
v 0.055410 -0.001329 -0.005130
v 0.055410 0.000257 -0.005057
v 0.055795 -0.000256 -0.005057
v 0.055410 0.001587 -0.005056
v 0.055410 0.000766 -0.005005
v 0.055795 0.000256 -0.005057
v 0.055410 0.001840 -0.004970
v 0.055410 0.001270 -0.004902
v 0.055795 0.000767 -0.005005
v 0.055410 0.002334 -0.004758
v 0.055410 0.001758 -0.004749
v 0.055795 0.001269 -0.004902
v 0.055410 0.002090 -0.004870
v 0.055410 0.002572 -0.004633
v 0.055410 0.002231 -0.004546
v 0.055795 0.001759 -0.004749
v 0.055410 0.003027 -0.004350
v 0.055410 0.002678 -0.004298
v 0.055795 0.002230 -0.004546
v 0.055410 0.002803 -0.004498
v 0.055410 0.003452 -0.004021
v 0.055410 0.003100 -0.004004
v 0.055795 0.002679 -0.004297
v 0.055410 0.003244 -0.004190
v 0.055410 0.003651 -0.003842
v 0.055410 0.003488 -0.003671
v 0.055795 0.003100 -0.004004
v 0.055410 0.004021 -0.003452
v 0.055410 0.003842 -0.003298
v 0.055795 0.003489 -0.003670
v 0.055410 0.003841 -0.003651
v 0.055410 0.004349 -0.003028
v 0.055410 0.004156 -0.002893
v 0.055795 0.003842 -0.003298
v 0.055410 0.004191 -0.003243
v 0.055410 0.004634 -0.002572
v 0.055410 0.004428 -0.002457
v 0.055795 0.004156 -0.002893
v 0.055410 0.004497 -0.002804
v 0.055410 0.004870 -0.002090
v 0.055410 0.004653 -0.001997
v 0.055795 0.004428 -0.002457
v 0.055410 0.004758 -0.002333
v 0.055410 0.005056 -0.001586
v 0.055410 0.004831 -0.001516
v 0.055795 0.004653 -0.001997
v 0.055410 0.004969 -0.001841
v 0.055410 0.005191 -0.001067
v 0.055410 0.004960 -0.001020
v 0.055795 0.004832 -0.001516
v 0.055410 0.005131 -0.001328
v 0.055410 0.005272 -0.000539
v 0.055795 0.004960 -0.001019
v 0.055410 0.005238 -0.000805
v 0.055410 0.005292 -0.000271
v 0.055396 0.005369 0.000000
v 0.055396 0.005345 0.000510
v 0.055396 0.005345 -0.000510
v 0.055396 0.005272 -0.001016
v 0.055396 0.005152 -0.001513
v 0.055396 0.004985 -0.001996
v 0.055396 0.004772 -0.002460
v 0.055396 0.004517 -0.002903
v 0.055396 0.004221 -0.003319
v 0.055396 0.003886 -0.003705
v 0.055396 0.003516 -0.004058
v 0.055396 0.003115 -0.004374
v 0.055396 0.002685 -0.004650
v 0.055396 0.002231 -0.004884
v 0.055396 0.001756 -0.005074
v 0.055410 0.001329 -0.005130
v 0.055410 -0.001067 -0.005191
v 0.055410 0.001067 -0.005191
v 0.055396 0.001266 -0.005218
v 0.055410 -0.000802 -0.005238
v 0.055410 0.000802 -0.005238
v 0.055410 -0.000536 -0.005272
v 0.055410 0.000536 -0.005272
v 0.055396 0.000764 -0.005315
v 0.055410 -0.000269 -0.005293
v 0.055410 0.000269 -0.005293
v 0.055410 0.000000 -0.005299
v 0.055396 0.000255 -0.005363
v 0.055396 -0.000255 -0.005363
v 0.055396 -0.000764 -0.005315
v 0.055396 -0.001266 -0.005218
v 0.055396 -0.001756 -0.005074
v 0.055396 -0.002231 -0.004884
v 0.055396 -0.002685 -0.004650
v 0.055396 -0.003115 -0.004374
v 0.055396 -0.003516 -0.004058
v 0.055396 -0.003886 -0.003705
v 0.055396 -0.004221 -0.003319
v 0.055396 -0.004517 -0.002903
v 0.055396 -0.004772 -0.002460
v 0.055396 -0.004985 -0.001996
v 0.055396 -0.005152 -0.001513
v 0.055396 -0.005272 -0.001016
v 0.055396 -0.005345 -0.000510
v 0.055396 -0.005369 -0.000000
v 0.055396 -0.005345 0.000510
v 0.055396 -0.005272 0.001016
v 0.055396 -0.005152 0.001513
v 0.055396 -0.004985 0.001996
v 0.055396 -0.004772 0.002460
v 0.055396 -0.004517 0.002903
v 0.055396 -0.004221 0.003319
v 0.055396 -0.003886 0.003705
v 0.055396 -0.003516 0.004058
v 0.055396 -0.003115 0.004374
v 0.055396 -0.002685 0.004650
v 0.055396 -0.002231 0.004884
v 0.055396 -0.001756 0.005074
v 0.055410 -0.001329 0.005130
v 0.055410 0.001067 0.005191
v 0.055410 -0.001067 0.005191
v 0.055396 -0.001266 0.005218
v 0.055410 0.000802 0.005238
v 0.055410 -0.000802 0.005238
v 0.055410 0.000536 0.005272
v 0.055410 -0.000536 0.005272
v 0.055396 -0.000764 0.005315
v 0.055410 0.000269 0.005293
v 0.055410 -0.000269 0.005293
v 0.055410 0.000000 0.005299
v 0.055396 -0.000255 0.005363
v 0.055396 0.000255 0.005363
v 0.055396 0.000764 0.005315
v 0.055396 0.001266 0.005218
v 0.055396 0.001756 0.005074
v 0.055396 0.002231 0.004884
v 0.055396 0.002685 0.004650
v 0.055396 0.003115 0.004374
v 0.055396 0.003516 0.004058
v 0.055396 0.003886 0.003705
v 0.055396 0.004221 0.003319
v 0.055396 0.004517 0.002903
v 0.055396 0.004772 0.002460
v 0.055396 0.004985 0.001996
v 0.055396 0.005152 0.001513
v 0.055396 0.005272 0.001016
v 0.055354 -0.005427 -0.000000
v 0.055354 -0.005403 -0.000516
v 0.055354 -0.005403 0.000516
v 0.055354 -0.005329 0.001027
v 0.055354 -0.005207 0.001529
v 0.055354 -0.005038 0.002017
v 0.055354 -0.004824 0.002487
v 0.055354 -0.004566 0.002934
v 0.055354 -0.004266 0.003355
v 0.055354 -0.003928 0.003745
v 0.055354 -0.003554 0.004102
v 0.055354 -0.003148 0.004421
v 0.055354 -0.002714 0.004700
v 0.055354 -0.002255 0.004937
v 0.055354 -0.001775 0.005129
v 0.055354 -0.001280 0.005274
v 0.055354 -0.000772 0.005372
v 0.055354 -0.000258 0.005421
v 0.055354 0.000258 0.005421
v 0.055354 0.000772 0.005372
v 0.055354 0.001280 0.005274
v 0.055354 0.001775 0.005129
v 0.055354 0.002255 0.004937
v 0.055354 0.002714 0.004700
v 0.055354 0.003148 0.004421
v 0.055354 0.003554 0.004102
v 0.055354 0.003928 0.003745
v 0.055354 0.004266 0.003355
v 0.055354 0.004566 0.002934
v 0.055354 0.004824 0.002487
v 0.055354 0.005038 0.002017
v 0.055354 0.005207 0.001529
v 0.055354 0.005329 0.001027
v 0.055354 0.005403 0.000516
v 0.055354 0.005427 0.000000
v 0.055292 0.005456 0.000268
v 0.055292 0.005463 0.000000
v 0.055354 0.005403 -0.000516
v 0.055292 -0.005463 0.000000
v 0.055292 -0.005456 -0.000268
v 0.055292 -0.005437 0.000535
v 0.055292 -0.005456 0.000268
v 0.055292 -0.005358 0.001066
v 0.055292 -0.005404 0.000802
v 0.055292 -0.005228 0.001586
v 0.055292 -0.005299 0.001327
v 0.055292 -0.005047 0.002091
v 0.055292 -0.005144 0.001840
v 0.055292 -0.004818 0.002575
v 0.055292 -0.004938 0.002336
v 0.055292 -0.004542 0.003035
v 0.055292 -0.004686 0.002808
v 0.055292 -0.004223 0.003466
v 0.055292 -0.004388 0.003254
v 0.055292 -0.003863 0.003863
v 0.055292 -0.004048 0.003669
v 0.055292 -0.003466 0.004223
v 0.055292 -0.003669 0.004048
v 0.055292 -0.003035 0.004542
v 0.055292 -0.003254 0.004388
v 0.055292 -0.002575 0.004818
v 0.055292 -0.002808 0.004686
v 0.055292 -0.002091 0.005047
v 0.055292 -0.002336 0.004938
v 0.055292 -0.001586 0.005228
v 0.055292 -0.001840 0.005144
v 0.055292 -0.001066 0.005358
v 0.055292 -0.001327 0.005299
v 0.055292 -0.000535 0.005437
v 0.055292 -0.000802 0.005404
v 0.055292 -0.000000 0.005463
v 0.055292 -0.000268 0.005456
v 0.055292 0.000268 0.005456
v 0.055292 0.000802 0.005404
v 0.055292 0.000535 0.005437
v 0.055292 0.001327 0.005299
v 0.055292 0.001066 0.005358
v 0.055292 0.001840 0.005144
v 0.055292 0.001586 0.005228
v 0.055292 0.002336 0.004938
v 0.055292 0.002091 0.005047
v 0.055292 0.002808 0.004686
v 0.055292 0.002575 0.004818
v 0.055292 0.003254 0.004388
v 0.055292 0.003035 0.004542
v 0.055292 0.003669 0.004048
v 0.055292 0.003466 0.004223
v 0.055292 0.004048 0.003669
v 0.055292 0.003863 0.003863
v 0.055292 0.004388 0.003254
v 0.055292 0.004223 0.003466
v 0.055292 0.004686 0.002808
v 0.055292 0.004542 0.003035
v 0.055292 0.004938 0.002336
v 0.055292 0.004818 0.002575
v 0.055292 0.005144 0.001840
v 0.055292 0.005047 0.002091
v 0.055292 0.005299 0.001327
v 0.055292 0.005228 0.001586
v 0.055292 0.005404 0.000802
v 0.055292 0.005358 0.001066
v 0.055292 0.005437 0.000535
v 0.051771 0.006580 0.000595
v 0.051771 0.006607 0.000000
v 0.055292 0.005456 -0.000268
v 0.051771 -0.006607 0.000000
v 0.051771 -0.006580 -0.000595
v 0.051771 -0.006580 0.000595
v 0.051771 -0.006500 0.001180
v 0.051771 -0.006369 0.001757
v 0.051771 -0.006185 0.002322
v 0.051771 -0.005953 0.002866
v 0.051771 -0.005671 0.003389
v 0.051771 -0.005345 0.003883
v 0.051771 -0.004975 0.004347
v 0.051771 -0.004566 0.004775
v 0.051771 -0.004119 0.005165
v 0.051771 -0.003640 0.005514
v 0.051771 -0.003131 0.005818
v 0.051771 -0.002596 0.006075
v 0.051771 -0.002042 0.006283
v 0.051771 -0.001469 0.006441
v 0.051771 -0.000887 0.006547
v 0.051771 -0.000296 0.006600
v 0.051771 0.000296 0.006600
v 0.051771 0.000887 0.006547
v 0.051771 0.001469 0.006441
v 0.051771 0.002042 0.006283
v 0.051771 0.002596 0.006075
v 0.051771 0.003131 0.005818
v 0.051771 0.003640 0.005514
v 0.051771 0.004119 0.005165
v 0.051771 0.004566 0.004775
v 0.051771 0.004975 0.004347
v 0.051771 0.005345 0.003883
v 0.051771 0.005671 0.003389
v 0.051771 0.005953 0.002866
v 0.051771 0.006185 0.002322
v 0.051771 0.006369 0.001757
v 0.051771 0.006500 0.001180
v 0.051771 -0.006752 -0.000000
v 0.051771 -0.006745 -0.000306
v 0.051771 -0.006725 0.000608
v 0.051771 -0.006745 0.000306
v 0.051771 -0.006644 0.001206
v 0.051771 -0.006691 0.000909
v 0.051771 -0.006509 0.001796
v 0.051771 -0.006583 0.001502
v 0.051771 -0.006322 0.002373
v 0.051771 -0.006422 0.002087
v 0.051771 -0.006084 0.002929
v 0.051771 -0.006209 0.002654
v 0.051771 -0.005796 0.003464
v 0.051771 -0.005946 0.003200
v 0.051771 -0.005463 0.003968
v 0.051771 -0.005635 0.003720
v 0.051771 -0.005085 0.004443
v 0.051771 -0.005279 0.004210
v 0.051771 -0.004667 0.004880
v 0.051771 -0.004880 0.004667
v 0.051771 -0.004210 0.005279
v 0.051771 -0.004443 0.005085
v 0.051771 -0.003720 0.005635
v 0.051771 -0.003968 0.005463
v 0.051771 -0.003200 0.005946
v 0.051771 -0.003464 0.005796
v 0.051771 -0.002929 0.006084
v 0.051771 -0.002373 0.006322
v 0.051771 -0.002654 0.006209
v 0.051771 -0.001796 0.006509
v 0.051771 -0.002087 0.006422
v 0.051771 -0.001502 0.006583
v 0.051771 0.001206 0.006644
v 0.051771 0.001502 0.006583
v 0.051771 0.001796 0.006509
v 0.051771 0.002087 0.006422
v 0.051771 0.002654 0.006209
v 0.051771 0.002373 0.006322
v 0.051771 0.003200 0.005946
v 0.051771 0.002929 0.006084
v 0.051771 0.003464 0.005796
v 0.051771 0.003968 0.005463
v 0.051771 0.003720 0.005635
v 0.051771 0.004443 0.005085
v 0.051771 0.004210 0.005279
v 0.051771 0.004880 0.004667
v 0.051771 0.004667 0.004880
v 0.051771 0.005279 0.004210
v 0.051771 0.005085 0.004443
v 0.051771 0.005635 0.003720
v 0.051771 0.005463 0.003968
v 0.051771 0.005946 0.003200
v 0.051771 0.005796 0.003464
v 0.051771 0.006209 0.002654
v 0.051771 0.006084 0.002929
v 0.051771 0.006422 0.002087
v 0.051771 0.006322 0.002373
v 0.051771 0.006583 0.001502
v 0.051771 0.006509 0.001796
v 0.051771 0.006691 0.000909
v 0.051771 0.006644 0.001206
v 0.051771 0.006745 0.000306
v 0.051771 0.006725 0.000608
v 0.051771 0.006752 0.000000
v 0.051771 0.006580 -0.000595
v 0.051771 -0.006691 -0.000909
v 0.051771 -0.006500 -0.001180
v 0.055292 -0.005437 -0.000535
v 0.051771 -0.006725 -0.000608
v 0.051771 -0.006583 -0.001502
v 0.051771 -0.006369 -0.001757
v 0.055292 -0.005358 -0.001066
v 0.051771 -0.006644 -0.001206
v 0.055292 -0.005404 -0.000802
v 0.051771 -0.006422 -0.002087
v 0.051771 -0.006185 -0.002322
v 0.055292 -0.005228 -0.001586
v 0.051771 -0.006509 -0.001796
v 0.055292 -0.005299 -0.001327
v 0.051771 -0.006209 -0.002654
v 0.051771 -0.005953 -0.002866
v 0.055292 -0.005047 -0.002091
v 0.051771 -0.006322 -0.002373
v 0.055292 -0.005144 -0.001840
v 0.051771 -0.005946 -0.003200
v 0.051771 -0.005671 -0.003389
v 0.055292 -0.004818 -0.002575
v 0.051771 -0.006084 -0.002929
v 0.055292 -0.004938 -0.002336
v 0.051771 -0.005635 -0.003720
v 0.051771 -0.005345 -0.003883
v 0.055292 -0.004686 -0.002808
v 0.051771 -0.005796 -0.003464
v 0.051771 -0.005279 -0.004210
v 0.051771 -0.004975 -0.004347
v 0.055292 -0.004388 -0.003254
v 0.051771 -0.005463 -0.003968
v 0.055292 -0.004542 -0.003035
v 0.051771 -0.004880 -0.004667
v 0.051771 -0.004566 -0.004775
v 0.055292 -0.004048 -0.003669
v 0.051771 -0.005085 -0.004443
v 0.055292 -0.004223 -0.003466
v 0.051771 -0.004443 -0.005085
v 0.051771 -0.004119 -0.005165
v 0.055292 -0.003669 -0.004048
v 0.051771 -0.004667 -0.004880
v 0.055292 -0.003863 -0.003863
v 0.051771 -0.003968 -0.005463
v 0.051771 -0.003640 -0.005514
v 0.055292 -0.003254 -0.004388
v 0.051771 -0.004210 -0.005279
v 0.055292 -0.003466 -0.004223
v 0.051771 -0.003464 -0.005796
v 0.051771 -0.003131 -0.005818
v 0.055292 -0.002808 -0.004686
v 0.051771 -0.003720 -0.005635
v 0.055292 -0.003035 -0.004542
v 0.051771 -0.003200 -0.005946
v 0.051771 -0.002596 -0.006075
v 0.055292 -0.002575 -0.004818
v 0.051771 -0.002654 -0.006209
v 0.051771 -0.002042 -0.006283
v 0.055292 -0.002091 -0.005047
v 0.051771 -0.002929 -0.006084
v 0.055292 -0.002336 -0.004938
v 0.051771 -0.002087 -0.006422
v 0.051771 -0.001469 -0.006441
v 0.055292 -0.001586 -0.005228
v 0.051771 -0.002373 -0.006322
v 0.055292 -0.001840 -0.005144
v 0.051771 -0.001796 -0.006509
v 0.051771 -0.000887 -0.006547
v 0.055292 -0.001066 -0.005358
v 0.055292 -0.001327 -0.005299
v 0.051771 -0.001502 -0.006583
v 0.051771 -0.000296 -0.006600
v 0.055292 -0.000535 -0.005437
v 0.055292 -0.000802 -0.005404
v 0.051771 -0.001206 -0.006644
v 0.051771 0.000296 -0.006600
v 0.055292 0.000000 -0.005463
v 0.055292 -0.000268 -0.005456
v 0.051771 0.001502 -0.006583
v 0.051771 0.000887 -0.006547
v 0.055292 0.000268 -0.005456
v 0.051771 0.001796 -0.006509
v 0.051771 0.001469 -0.006441
v 0.055292 0.000802 -0.005404
v 0.055292 0.000535 -0.005437
v 0.051771 0.002373 -0.006322
v 0.051771 0.002042 -0.006283
v 0.055292 0.001327 -0.005299
v 0.051771 0.002087 -0.006422
v 0.055292 0.001066 -0.005358
v 0.051771 0.002929 -0.006084
v 0.051771 0.002596 -0.006075
v 0.055292 0.001840 -0.005144
v 0.051771 0.002654 -0.006209
v 0.055292 0.001586 -0.005228
v 0.051771 0.003200 -0.005946
v 0.051771 0.003131 -0.005818
v 0.055292 0.002336 -0.004938
v 0.055292 0.002091 -0.005047
v 0.051771 0.003720 -0.005635
v 0.051771 0.003640 -0.005514
v 0.055292 0.002808 -0.004686
v 0.051771 0.003464 -0.005796
v 0.055292 0.002575 -0.004818
v 0.051771 0.004210 -0.005279
v 0.051771 0.004119 -0.005165
v 0.055292 0.003035 -0.004542
v 0.051771 0.003968 -0.005463
v 0.051771 0.004667 -0.004880
v 0.051771 0.004566 -0.004775
v 0.055292 0.003466 -0.004223
v 0.051771 0.004443 -0.005085
v 0.055292 0.003254 -0.004388
v 0.051771 0.005085 -0.004443
v 0.051771 0.004975 -0.004347
v 0.055292 0.003863 -0.003863
v 0.051771 0.004880 -0.004667
v 0.055292 0.003669 -0.004048
v 0.051771 0.005463 -0.003968
v 0.051771 0.005345 -0.003883
v 0.055292 0.004223 -0.003466
v 0.051771 0.005279 -0.004210
v 0.055292 0.004048 -0.003669
v 0.051771 0.005796 -0.003464
v 0.051771 0.005671 -0.003389
v 0.055292 0.004542 -0.003035
v 0.051771 0.005635 -0.003720
v 0.055292 0.004388 -0.003254
v 0.051771 0.006084 -0.002929
v 0.051771 0.005953 -0.002866
v 0.055292 0.004818 -0.002575
v 0.051771 0.005946 -0.003200
v 0.055292 0.004686 -0.002808
v 0.051771 0.006322 -0.002373
v 0.051771 0.006185 -0.002322
v 0.055292 0.004938 -0.002336
v 0.051771 0.006209 -0.002654
v 0.051771 0.006509 -0.001796
v 0.051771 0.006369 -0.001757
v 0.055292 0.005144 -0.001840
v 0.051771 0.006422 -0.002087
v 0.055292 0.005047 -0.002091
v 0.051771 0.006644 -0.001206
v 0.051771 0.006500 -0.001180
v 0.055292 0.005299 -0.001327
v 0.051771 0.006583 -0.001502
v 0.055292 0.005228 -0.001586
v 0.051771 0.006725 -0.000608
v 0.055292 0.005404 -0.000802
v 0.051771 0.006691 -0.000909
v 0.055292 0.005358 -0.001066
v 0.051771 0.006745 -0.000306
v 0.055292 0.005437 -0.000535
v 0.051581 0.007014 0.000000
v 0.051581 0.007007 0.000306
v 0.051581 0.006987 -0.000611
v 0.051581 0.007007 -0.000306
v 0.051581 0.006954 -0.000915
v 0.051581 0.006907 -0.001218
v 0.051581 0.006847 -0.001518
v 0.051581 0.006775 -0.001815
v 0.051581 0.006689 -0.002109
v 0.051581 0.006591 -0.002399
v 0.051581 0.006480 -0.002684
v 0.051581 0.006357 -0.002964
v 0.051581 0.006221 -0.003239
v 0.051581 0.006074 -0.003507
v 0.051581 0.005915 -0.003768
v 0.051581 0.005745 -0.004023
v 0.051581 0.005564 -0.004270
v 0.051581 0.005373 -0.004508
v 0.051581 0.005171 -0.004738
v 0.051581 0.004959 -0.004959
v 0.051581 0.004738 -0.005171
v 0.051581 0.004508 -0.005373
v 0.051581 0.004270 -0.005564
v 0.051581 0.004023 -0.005745
v 0.051581 0.003768 -0.005915
v 0.051581 0.003507 -0.006074
v 0.051581 0.003239 -0.006221
v 0.051581 0.002964 -0.006357
v 0.051581 0.002684 -0.006480
v 0.051581 0.002399 -0.006591
v 0.051581 0.002109 -0.006689
v 0.051581 0.001815 -0.006775
v 0.051771 0.001206 -0.006644
v 0.051581 0.001518 -0.006847
v 0.051771 -0.000907 -0.006691
v 0.051771 0.000907 -0.006691
v 0.051581 0.001218 -0.006907
v 0.051771 -0.000605 -0.006725
v 0.051771 0.000605 -0.006725
v 0.051581 0.000915 -0.006954
v 0.051771 -0.000302 -0.006746
v 0.051771 0.000302 -0.006746
v 0.051581 0.000611 -0.006987
v 0.051771 0.000000 -0.006752
v 0.051581 0.000306 -0.007007
v 0.051581 0.000000 -0.007014
v 0.051581 -0.000611 -0.006987
v 0.051581 -0.000306 -0.007007
v 0.051581 -0.000915 -0.006954
v 0.051581 -0.001218 -0.006907
v 0.051581 -0.001518 -0.006847
v 0.051581 -0.001815 -0.006775
v 0.051581 -0.002109 -0.006689
v 0.051581 -0.002399 -0.006591
v 0.051581 -0.002684 -0.006480
v 0.051581 -0.002964 -0.006357
v 0.051581 -0.003239 -0.006221
v 0.051581 -0.003507 -0.006074
v 0.051581 -0.003768 -0.005915
v 0.051581 -0.004023 -0.005745
v 0.051581 -0.004270 -0.005564
v 0.051581 -0.004508 -0.005373
v 0.051581 -0.004738 -0.005171
v 0.051581 -0.004959 -0.004959
v 0.051581 -0.005171 -0.004738
v 0.051581 -0.005373 -0.004508
v 0.051581 -0.005564 -0.004270
v 0.051581 -0.005745 -0.004023
v 0.051581 -0.005915 -0.003768
v 0.051581 -0.006074 -0.003507
v 0.051581 -0.006221 -0.003239
v 0.051581 -0.006357 -0.002964
v 0.051581 -0.006480 -0.002684
v 0.051581 -0.006591 -0.002399
v 0.051581 -0.006689 -0.002109
v 0.051581 -0.006775 -0.001815
v 0.051581 -0.006847 -0.001518
v 0.051581 -0.006907 -0.001218
v 0.051581 -0.006954 -0.000915
v 0.051581 -0.006987 -0.000611
v 0.051581 -0.007007 -0.000306
v 0.051581 -0.007014 0.000000
v 0.051581 -0.006987 0.000611
v 0.051581 -0.007007 0.000306
v 0.051581 -0.006954 0.000915
v 0.051581 -0.006907 0.001218
v 0.051581 -0.006847 0.001518
v 0.051581 -0.006775 0.001815
v 0.051581 -0.006689 0.002109
v 0.051581 -0.006591 0.002399
v 0.051581 -0.006480 0.002684
v 0.051581 -0.006357 0.002964
v 0.051581 -0.006221 0.003239
v 0.051581 -0.006074 0.003507
v 0.051581 -0.005915 0.003768
v 0.051581 -0.005745 0.004023
v 0.051581 -0.005564 0.004270
v 0.051581 -0.005373 0.004508
v 0.051581 -0.005171 0.004738
v 0.051581 -0.004959 0.004959
v 0.051581 -0.004738 0.005171
v 0.051581 -0.004508 0.005373
v 0.051581 -0.004270 0.005564
v 0.051581 -0.004023 0.005745
v 0.051581 -0.003768 0.005915
v 0.051581 -0.003507 0.006074
v 0.051581 -0.003239 0.006221
v 0.051581 -0.002964 0.006357
v 0.051581 -0.002684 0.006480
v 0.051581 -0.002399 0.006591
v 0.051581 -0.002109 0.006689
v 0.051581 -0.001815 0.006775
v 0.051771 -0.001206 0.006644
v 0.051581 -0.001518 0.006847
v 0.051771 0.000907 0.006691
v 0.051771 -0.000907 0.006691
v 0.051581 -0.001218 0.006907
v 0.051771 0.000605 0.006725
v 0.051771 -0.000605 0.006725
v 0.051581 -0.000915 0.006954
v 0.051771 0.000302 0.006746
v 0.051771 -0.000302 0.006746
v 0.051581 -0.000611 0.006987
v 0.051771 0.000000 0.006752
v 0.051581 -0.000306 0.007007
v 0.051581 -0.000000 0.007014
v 0.051581 0.000611 0.006987
v 0.051581 0.000306 0.007007
v 0.051581 0.000915 0.006954
v 0.051581 0.001218 0.006907
v 0.051581 0.001518 0.006847
v 0.051581 0.001815 0.006775
v 0.051581 0.002109 0.006689
v 0.051581 0.002399 0.006591
v 0.051581 0.002684 0.006480
v 0.051581 0.002964 0.006357
v 0.051581 0.003239 0.006221
v 0.051581 0.003507 0.006074
v 0.051581 0.003768 0.005915
v 0.051581 0.004023 0.005745
v 0.051581 0.004270 0.005564
v 0.051581 0.004508 0.005373
v 0.051581 0.004738 0.005171
v 0.051581 0.004959 0.004959
v 0.051581 0.005171 0.004738
v 0.051581 0.005373 0.004508
v 0.051581 0.005564 0.004270
v 0.051581 0.005745 0.004023
v 0.051581 0.005915 0.003768
v 0.051581 0.006074 0.003507
v 0.051581 0.006221 0.003239
v 0.051581 0.006357 0.002964
v 0.051581 0.006480 0.002684
v 0.051581 0.006591 0.002399
v 0.051581 0.006689 0.002109
v 0.051581 0.006775 0.001815
v 0.051581 0.006847 0.001518
v 0.051581 0.006907 0.001218
v 0.051581 0.006954 0.000915
v 0.051581 0.006987 0.000611
v 0.048372 -0.008056 0.000000
v 0.048372 -0.008050 -0.000324
v 0.048372 -0.008030 0.000648
v 0.048372 -0.008050 0.000324
v 0.048372 -0.007998 0.000971
v 0.048372 -0.007952 0.001292
v 0.048372 -0.007894 0.001611
v 0.048372 -0.007822 0.001928
v 0.048372 -0.007738 0.002241
v 0.048372 -0.007642 0.002551
v 0.048372 -0.007533 0.002857
v 0.048372 -0.007412 0.003158
v 0.048372 -0.007279 0.003454
v 0.048372 -0.007134 0.003744
v 0.048372 -0.006977 0.004028
v 0.048372 -0.006630 0.004577
v 0.048372 -0.006809 0.004306
v 0.048372 -0.006441 0.004840
v 0.048372 -0.006241 0.005095
v 0.048372 -0.006030 0.005342
v 0.048372 -0.005810 0.005581
v 0.048372 -0.005581 0.005810
v 0.048372 -0.005342 0.006030
v 0.048372 -0.005095 0.006241
v 0.048372 -0.004840 0.006441
v 0.048372 -0.004577 0.006630
v 0.048372 -0.004306 0.006809
v 0.048372 -0.004028 0.006977
v 0.048372 -0.003454 0.007279
v 0.048372 -0.003744 0.007134
v 0.048372 -0.003158 0.007412
v 0.048372 -0.002857 0.007533
v 0.048372 -0.002551 0.007642
v 0.048372 -0.002241 0.007738
v 0.048372 -0.001928 0.007822
v 0.048372 -0.001611 0.007894
v 0.048372 -0.001292 0.007952
v 0.048372 -0.000971 0.007998
v 0.048372 -0.000648 0.008030
v 0.048372 -0.000324 0.008050
v 0.048372 -0.000000 0.008056
v 0.048372 0.000648 0.008030
v 0.048372 0.000324 0.008050
v 0.048372 0.000971 0.007998
v 0.048372 0.001292 0.007952
v 0.048372 0.001611 0.007894
v 0.048372 0.001928 0.007822
v 0.048372 0.002241 0.007738
v 0.048372 0.002551 0.007642
v 0.048372 0.002857 0.007533
v 0.048372 0.003158 0.007412
v 0.048372 0.003454 0.007279
v 0.048372 0.003744 0.007134
v 0.048372 0.004028 0.006977
v 0.048372 0.004577 0.006630
v 0.048372 0.004306 0.006809
v 0.048372 0.004840 0.006441
v 0.048372 0.005095 0.006241
v 0.048372 0.005342 0.006030
v 0.048372 0.005581 0.005810
v 0.048372 0.005810 0.005581
v 0.048372 0.006030 0.005342
v 0.048372 0.006241 0.005095
v 0.048372 0.006441 0.004840
v 0.048372 0.006630 0.004577
v 0.048372 0.006809 0.004306
v 0.048372 0.006977 0.004028
v 0.048372 0.007279 0.003454
v 0.048372 0.007134 0.003744
v 0.048372 0.007412 0.003158
v 0.048372 0.007533 0.002857
v 0.048372 0.007642 0.002551
v 0.048372 0.007738 0.002241
v 0.048372 0.007822 0.001928
v 0.048372 0.007894 0.001611
v 0.048372 0.007952 0.001292
v 0.048372 0.007998 0.000971
v 0.048372 0.008030 0.000648
v 0.048372 0.008050 0.000324
v 0.048372 0.008056 0.000000
v 0.046686 -0.008583 -0.000000
v 0.046686 -0.008561 -0.000612
v 0.046686 -0.008561 0.000612
v 0.046686 -0.008496 0.001222
v 0.046686 -0.008387 0.001824
v 0.046686 -0.008236 0.002418
v 0.046686 -0.008042 0.003000
v 0.046686 -0.007808 0.003566
v 0.046686 -0.007533 0.004114
v 0.046686 -0.007221 0.004640
v 0.046686 -0.006871 0.005144
v 0.046686 -0.006487 0.005621
v 0.046686 -0.006069 0.006069
v 0.046686 -0.005621 0.006487
v 0.046686 -0.005144 0.006871
v 0.046686 -0.004640 0.007221
v 0.046686 -0.004114 0.007533
v 0.046686 -0.003566 0.007808
v 0.046686 -0.003000 0.008042
v 0.046686 -0.002418 0.008236
v 0.046686 -0.001824 0.008387
v 0.046686 -0.001222 0.008496
v 0.046686 -0.000612 0.008561
v 0.046686 -0.000000 0.008583
v 0.046686 0.000612 0.008561
v 0.046686 0.001222 0.008496
v 0.046686 0.001824 0.008387
v 0.046686 0.002418 0.008236
v 0.046686 0.003000 0.008042
v 0.046686 0.003566 0.007808
v 0.046686 0.004114 0.007533
v 0.046686 0.004640 0.007221
v 0.046686 0.005144 0.006871
v 0.046686 0.005621 0.006487
v 0.046686 0.006069 0.006069
v 0.046686 0.006487 0.005621
v 0.046686 0.006871 0.005144
v 0.046686 0.007221 0.004640
v 0.046686 0.007533 0.004114
v 0.046686 0.007808 0.003566
v 0.046686 0.008042 0.003000
v 0.046686 0.008236 0.002418
v 0.046686 0.008387 0.001824
v 0.046686 0.008496 0.001222
v 0.046686 0.008561 0.000612
v 0.046686 0.008583 0.000000
v 0.048372 0.008050 -0.000324
v 0.044978 -0.009074 -0.000000
v 0.044978 -0.009051 -0.000647
v 0.044978 -0.009051 0.000647
v 0.044978 -0.008981 0.001291
v 0.044978 -0.008866 0.001929
v 0.044978 -0.008706 0.002556
v 0.044978 -0.008502 0.003171
v 0.044978 -0.008254 0.003769
v 0.044978 -0.007964 0.004349
v 0.044978 -0.007633 0.004906
v 0.044978 -0.007264 0.005438
v 0.044978 -0.006857 0.005942
v 0.044978 -0.006416 0.006416
v 0.044978 -0.005942 0.006857
v 0.044978 -0.005438 0.007264
v 0.044978 -0.004906 0.007633
v 0.044978 -0.004349 0.007964
v 0.044978 -0.003769 0.008254
v 0.044978 -0.003171 0.008502
v 0.044978 -0.002556 0.008706
v 0.044978 -0.001929 0.008866
v 0.044978 -0.001291 0.008981
v 0.044978 -0.000647 0.009051
v 0.044978 -0.000000 0.009074
v 0.044978 0.000647 0.009051
v 0.044978 0.001291 0.008981
v 0.044978 0.001929 0.008866
v 0.044978 0.002556 0.008706
v 0.044978 0.003171 0.008502
v 0.044978 0.003769 0.008254
v 0.044978 0.004349 0.007964
v 0.044978 0.004906 0.007633
v 0.044978 0.005438 0.007264
v 0.044978 0.005942 0.006857
v 0.044978 0.006416 0.006416
v 0.044978 0.006857 0.005942
v 0.044978 0.007264 0.005438
v 0.044978 0.007633 0.004906
v 0.044978 0.007964 0.004349
v 0.044978 0.008254 0.003769
v 0.044978 0.008502 0.003171
v 0.044978 0.008706 0.002556
v 0.044978 0.008866 0.001929
v 0.044978 0.008981 0.001291
v 0.044978 0.009051 0.000647
v 0.044978 0.009074 0.000000
v 0.046686 0.008561 -0.000612
v 0.043261 0.009501 0.000679
v 0.043261 0.009525 0.000000
v 0.044978 0.009051 -0.000647
v 0.043261 -0.009525 -0.000000
v 0.043261 -0.009501 -0.000679
v 0.043261 -0.009501 0.000679
v 0.043261 -0.009428 0.001356
v 0.043261 -0.009307 0.002025
v 0.043261 -0.009139 0.002683
v 0.043261 -0.008924 0.003329
v 0.043261 -0.008664 0.003957
v 0.043261 -0.008360 0.004565
v 0.043261 -0.008013 0.005150
v 0.043261 -0.007625 0.005708
v 0.043261 -0.007198 0.006237
v 0.043261 -0.006735 0.006735
v 0.043261 -0.006237 0.007198
v 0.043261 -0.005708 0.007625
v 0.043261 -0.005150 0.008013
v 0.043261 -0.004565 0.008360
v 0.043261 -0.003957 0.008664
v 0.043261 -0.003329 0.008924
v 0.043261 -0.002683 0.009139
v 0.043261 -0.002025 0.009307
v 0.043261 -0.001356 0.009428
v 0.043261 -0.000679 0.009501
v 0.043261 -0.000000 0.009525
v 0.043261 0.000679 0.009501
v 0.043261 0.001356 0.009428
v 0.043261 0.002025 0.009307
v 0.043261 0.002683 0.009139
v 0.043261 0.003329 0.008924
v 0.043261 0.003957 0.008664
v 0.043261 0.004565 0.008360
v 0.043261 0.005150 0.008013
v 0.043261 0.005708 0.007625
v 0.043261 0.006237 0.007198
v 0.043261 0.006735 0.006735
v 0.043261 0.007198 0.006237
v 0.043261 0.007625 0.005708
v 0.043261 0.008013 0.005150
v 0.043261 0.008360 0.004565
v 0.043261 0.008664 0.003957
v 0.043261 0.008924 0.003329
v 0.043261 0.009139 0.002683
v 0.043261 0.009307 0.002025
v 0.043261 0.009428 0.001356
v 0.041533 0.009911 0.000709
v 0.041533 0.009936 -0.000000
v 0.043261 0.009501 -0.000679
v 0.041533 -0.009936 0.000000
v 0.041533 -0.009911 -0.000709
v 0.041533 -0.009911 0.000709
v 0.041533 -0.009835 0.001414
v 0.041533 -0.009709 0.002112
v 0.041533 -0.009534 0.002799
v 0.041533 -0.009310 0.003472
v 0.041533 -0.009038 0.004128
v 0.041533 -0.008721 0.004762
v 0.041533 -0.008359 0.005372
v 0.041533 -0.007954 0.005955
v 0.041533 -0.007509 0.006507
v 0.041533 -0.007026 0.007026
v 0.041533 -0.006507 0.007509
v 0.041533 -0.005955 0.007954
v 0.041533 -0.005372 0.008359
v 0.041533 -0.004762 0.008721
v 0.041533 -0.004128 0.009038
v 0.041533 -0.003472 0.009310
v 0.041533 -0.002799 0.009534
v 0.041533 -0.002112 0.009709
v 0.041533 -0.001414 0.009835
v 0.041533 -0.000709 0.009911
v 0.041533 -0.000000 0.009936
v 0.041533 0.000709 0.009911
v 0.041533 0.001414 0.009835
v 0.041533 0.002112 0.009709
v 0.041533 0.002799 0.009534
v 0.041533 0.003472 0.009310
v 0.041533 0.004128 0.009038
v 0.041533 0.004762 0.008721
v 0.041533 0.005372 0.008359
v 0.041533 0.005955 0.007954
v 0.041533 0.006507 0.007509
v 0.041533 0.007026 0.007026
v 0.041533 0.007509 0.006507
v 0.041533 0.007954 0.005955
v 0.041533 0.008359 0.005372
v 0.041533 0.008721 0.004762
v 0.041533 0.009038 0.004128
v 0.041533 0.009310 0.003472
v 0.041533 0.009534 0.002799
v 0.041533 0.009709 0.002112
v 0.041533 0.009835 0.001414
v 0.039796 0.010282 0.000735
v 0.039796 0.010308 0.000000
v 0.041533 0.009911 -0.000709
v 0.039796 -0.010308 -0.000000
v 0.039796 -0.010282 -0.000735
v 0.039796 -0.010282 0.000735
v 0.039796 -0.010203 0.001467
v 0.039796 -0.010072 0.002191
v 0.039796 -0.009890 0.002904
v 0.039796 -0.009658 0.003602
v 0.039796 -0.009376 0.004282
v 0.039796 -0.009047 0.004940
v 0.039796 -0.008672 0.005573
v 0.039796 -0.008252 0.006177
v 0.039796 -0.007790 0.006750
v 0.039796 -0.007289 0.007289
v 0.039796 -0.006750 0.007790
v 0.039796 -0.006177 0.008252
v 0.039796 -0.005573 0.008672
v 0.039796 -0.004940 0.009047
v 0.039796 -0.004282 0.009376
v 0.039796 -0.003602 0.009658
v 0.039796 -0.002904 0.009890
v 0.039796 -0.002191 0.010072
v 0.039796 -0.001467 0.010203
v 0.039796 -0.000735 0.010282
v 0.039796 -0.000000 0.010308
v 0.039796 0.000735 0.010282
v 0.039796 0.001467 0.010203
v 0.039796 0.002191 0.010072
v 0.039796 0.002904 0.009890
v 0.039796 0.003602 0.009658
v 0.039796 0.004282 0.009376
v 0.039796 0.004940 0.009047
v 0.039796 0.005573 0.008672
v 0.039796 0.006177 0.008252
v 0.039796 0.006750 0.007790
v 0.039796 0.007289 0.007289
v 0.039796 0.007790 0.006750
v 0.039796 0.008252 0.006177
v 0.039796 0.008672 0.005573
v 0.039796 0.009047 0.004940
v 0.039796 0.009376 0.004282
v 0.039796 0.009658 0.003602
v 0.039796 0.009890 0.002904
v 0.039796 0.010072 0.002191
v 0.039796 0.010203 0.001467
v 0.038053 0.010612 0.000759
v 0.038053 0.010639 0.000000
v 0.039796 0.010282 -0.000735
v 0.038053 -0.010639 0.000000
v 0.038053 -0.010612 -0.000759
v 0.038053 -0.010612 0.000759
v 0.038053 -0.010531 0.001514
v 0.038053 -0.010396 0.002262
v 0.038053 -0.010208 0.002997
v 0.038053 -0.009968 0.003718
v 0.038053 -0.009678 0.004420
v 0.038053 -0.009338 0.005099
v 0.038053 -0.008950 0.005752
v 0.038053 -0.008517 0.006376
v 0.038053 -0.008041 0.006967
v 0.038053 -0.007523 0.007523
v 0.038053 -0.006967 0.008041
v 0.038053 -0.006376 0.008517
v 0.038053 -0.005752 0.008950
v 0.038053 -0.005099 0.009338
v 0.038053 -0.004420 0.009678
v 0.038053 -0.003718 0.009968
v 0.038053 -0.002997 0.010208
v 0.038053 -0.002262 0.010396
v 0.038053 -0.001514 0.010531
v 0.038053 -0.000759 0.010612
v 0.038053 -0.000000 0.010639
v 0.038053 0.000759 0.010612
v 0.038053 0.001514 0.010531
v 0.038053 0.002262 0.010396
v 0.038053 0.002997 0.010208
v 0.038053 0.003718 0.009968
v 0.038053 0.004420 0.009678
v 0.038053 0.005099 0.009338
v 0.038053 0.005752 0.008950
v 0.038053 0.006376 0.008517
v 0.038053 0.006967 0.008041
v 0.038053 0.007523 0.007523
v 0.038053 0.008041 0.006967
v 0.038053 0.008517 0.006376
v 0.038053 0.008950 0.005752
v 0.038053 0.009338 0.005099
v 0.038053 0.009678 0.004420
v 0.038053 0.009968 0.003718
v 0.038053 0.010208 0.002997
v 0.038053 0.010396 0.002262
v 0.038053 0.010531 0.001514
v 0.037730 0.010342 0.000743
v 0.037730 0.010369 0.000000
v 0.038053 0.010612 -0.000759
v 0.037730 -0.010369 0.000000
v 0.037730 -0.010342 -0.000743
v 0.037730 -0.010342 0.000743
v 0.037730 -0.010263 0.001477
v 0.037730 -0.010132 0.002203
v 0.037730 -0.009948 0.002922
v 0.037730 -0.009715 0.003623
v 0.037730 -0.009432 0.004307
v 0.037730 -0.009100 0.004970
v 0.037730 -0.008723 0.005605
v 0.037730 -0.008300 0.006214
v 0.037730 -0.007837 0.006790
v 0.037730 -0.007332 0.007332
v 0.037730 -0.006790 0.007837
v 0.037730 -0.006214 0.008300
v 0.037730 -0.005605 0.008723
v 0.037730 -0.004970 0.009100
v 0.037730 -0.004307 0.009432
v 0.037730 -0.003623 0.009715
v 0.037730 -0.002922 0.009948
v 0.037730 -0.002203 0.010132
v 0.037730 -0.001476 0.010263
v 0.037730 -0.000739 0.010342
v 0.037730 0.000000 0.010369
v 0.037730 0.000739 0.010342
v 0.037730 0.001476 0.010263
v 0.037730 0.002203 0.010132
v 0.037730 0.002922 0.009948
v 0.037730 0.003623 0.009715
v 0.037730 0.004307 0.009432
v 0.037730 0.004970 0.009100
v 0.037730 0.005605 0.008723
v 0.037730 0.006214 0.008300
v 0.037730 0.006790 0.007837
v 0.037730 0.007332 0.007332
v 0.037730 0.007837 0.006790
v 0.037730 0.008300 0.006214
v 0.037730 0.008723 0.005605
v 0.037730 0.009100 0.004970
v 0.037730 0.009432 0.004307
v 0.037730 0.009715 0.003623
v 0.037730 0.009948 0.002922
v 0.037730 0.010132 0.002203
v 0.037730 0.010263 0.001477
v 0.037730 -0.010339 0.000000
v 0.037730 -0.010311 -0.000758
v 0.037730 -0.010311 0.000758
v 0.037730 -0.010229 0.001507
v 0.037730 -0.010092 0.002247
v 0.037730 -0.009900 0.002979
v 0.037730 -0.009657 0.003693
v 0.037730 -0.009361 0.004388
v 0.037730 -0.009016 0.005061
v 0.037730 -0.008623 0.005704
v 0.037730 -0.008183 0.006320
v 0.037730 -0.007701 0.006899
v 0.037730 -0.007176 0.007443
v 0.037730 -0.006614 0.007947
v 0.037730 -0.006016 0.008408
v 0.037730 -0.005385 0.008826
v 0.037730 -0.004728 0.009195
v 0.037730 -0.004043 0.009516
v 0.037730 -0.003339 0.009785
v 0.037730 -0.002615 0.010003
v 0.037730 -0.001878 0.010167
v 0.037730 -0.001131 0.010277
v 0.037730 0.000377 0.010332
v 0.037730 -0.000377 0.010332
v 0.037730 0.001878 0.010167
v 0.037730 0.001131 0.010277
v 0.037730 0.002615 0.010003
v 0.037730 0.003339 0.009785
v 0.037730 0.004043 0.009516
v 0.037730 0.004728 0.009195
v 0.037730 0.005385 0.008826
v 0.037730 0.006016 0.008408
v 0.037730 0.006614 0.007947
v 0.037730 0.007176 0.007443
v 0.037730 0.007701 0.006899
v 0.037730 0.008183 0.006320
v 0.037730 0.008623 0.005704
v 0.037730 0.009016 0.005061
v 0.037730 0.009361 0.004388
v 0.037730 0.009657 0.003693
v 0.037730 0.009900 0.002979
v 0.037730 0.010092 0.002247
v 0.037730 0.010229 0.001507
v 0.037730 0.010311 0.000758
v 0.037730 0.010339 0.000000
v 0.037730 0.010342 -0.000743
v 0.037730 -0.010263 -0.001477
v 0.037730 -0.010229 -0.001507
v 0.037730 -0.010132 -0.002203
v 0.038053 -0.010531 -0.001514
v 0.037730 -0.010092 -0.002247
v 0.037730 -0.009948 -0.002922
v 0.038053 -0.010396 -0.002262
v 0.037730 -0.009900 -0.002979
v 0.037730 -0.009715 -0.003623
v 0.038053 -0.010208 -0.002997
v 0.037730 -0.009657 -0.003693
v 0.037730 -0.009432 -0.004307
v 0.038053 -0.009968 -0.003718
v 0.037730 -0.009361 -0.004388
v 0.037730 -0.009100 -0.004970
v 0.038053 -0.009678 -0.004420
v 0.037730 -0.009016 -0.005061
v 0.037730 -0.008723 -0.005605
v 0.038053 -0.009338 -0.005099
v 0.037730 -0.008623 -0.005704
v 0.037730 -0.008300 -0.006214
v 0.038053 -0.008950 -0.005752
v 0.037730 -0.008183 -0.006320
v 0.037730 -0.007837 -0.006790
v 0.038053 -0.008517 -0.006376
v 0.037730 -0.007701 -0.006899
v 0.037730 -0.007332 -0.007332
v 0.038053 -0.008041 -0.006967
v 0.037730 -0.007176 -0.007443
v 0.037730 -0.006790 -0.007837
v 0.038053 -0.007523 -0.007523
v 0.037730 -0.006614 -0.007947
v 0.037730 -0.006214 -0.008300
v 0.038053 -0.006967 -0.008041
v 0.037730 -0.006016 -0.008408
v 0.037730 -0.005605 -0.008723
v 0.038053 -0.006376 -0.008517
v 0.037730 -0.005385 -0.008826
v 0.037730 -0.004970 -0.009100
v 0.038053 -0.005752 -0.008950
v 0.037730 -0.004728 -0.009195
v 0.037730 -0.004307 -0.009432
v 0.038053 -0.005099 -0.009338
v 0.037730 -0.004043 -0.009516
v 0.037730 -0.003623 -0.009715
v 0.038053 -0.004420 -0.009678
v 0.037730 -0.003339 -0.009785
v 0.037730 -0.002922 -0.009948
v 0.038053 -0.003718 -0.009968
v 0.037730 -0.002615 -0.010003
v 0.037730 -0.002203 -0.010132
v 0.038053 -0.002997 -0.010208
v 0.037730 -0.001878 -0.010167
v 0.037730 -0.001476 -0.010263
v 0.038053 -0.002262 -0.010396
v 0.037730 -0.000377 -0.010332
v 0.037730 -0.000739 -0.010342
v 0.038053 -0.001514 -0.010531
v 0.037730 -0.001131 -0.010277
v 0.037730 0.000739 -0.010342
v 0.037730 0.000000 -0.010369
v 0.038053 -0.000759 -0.010612
v 0.038053 0.000000 -0.010639
v 0.037730 0.001131 -0.010277
v 0.037730 0.001476 -0.010263
v 0.038053 0.000759 -0.010612
v 0.037730 0.000377 -0.010332
v 0.037730 0.001878 -0.010167
v 0.037730 0.002203 -0.010132
v 0.038053 0.001514 -0.010531
v 0.037730 0.002615 -0.010003
v 0.037730 0.002922 -0.009948
v 0.038053 0.002262 -0.010396
v 0.037730 0.003339 -0.009785
v 0.037730 0.003623 -0.009715
v 0.038053 0.002997 -0.010208
v 0.037730 0.004043 -0.009516
v 0.037730 0.004307 -0.009432
v 0.038053 0.003718 -0.009968
v 0.037730 0.004728 -0.009195
v 0.037730 0.004970 -0.009100
v 0.038053 0.004420 -0.009678
v 0.037730 0.005385 -0.008826
v 0.037730 0.005605 -0.008723
v 0.038053 0.005099 -0.009338
v 0.037730 0.006016 -0.008408
v 0.037730 0.006214 -0.008300
v 0.038053 0.005752 -0.008950
v 0.037730 0.006614 -0.007947
v 0.037730 0.006790 -0.007837
v 0.038053 0.006376 -0.008517
v 0.037730 0.007176 -0.007443
v 0.037730 0.007332 -0.007332
v 0.038053 0.006967 -0.008041
v 0.037730 0.007701 -0.006899
v 0.037730 0.007837 -0.006790
v 0.038053 0.007523 -0.007523
v 0.037730 0.008183 -0.006320
v 0.037730 0.008300 -0.006214
v 0.038053 0.008041 -0.006967
v 0.037730 0.008623 -0.005704
v 0.037730 0.008723 -0.005605
v 0.038053 0.008517 -0.006376
v 0.037730 0.009016 -0.005061
v 0.037730 0.009100 -0.004970
v 0.038053 0.008950 -0.005752
v 0.037730 0.009361 -0.004388
v 0.037730 0.009432 -0.004307
v 0.038053 0.009338 -0.005099
v 0.037730 0.009657 -0.003693
v 0.037730 0.009715 -0.003623
v 0.038053 0.009678 -0.004420
v 0.037730 0.009900 -0.002979
v 0.037730 0.009948 -0.002922
v 0.038053 0.009968 -0.003718
v 0.037730 0.010092 -0.002247
v 0.037730 0.010132 -0.002203
v 0.038053 0.010208 -0.002997
v 0.037730 0.010229 -0.001507
v 0.037730 0.010263 -0.001477
v 0.038053 0.010396 -0.002262
v 0.037730 0.010311 -0.000758
v 0.038053 0.010531 -0.001514
v 0.037709 0.010222 0.000000
v 0.037709 0.010196 0.000729
v 0.037709 0.010118 -0.001455
v 0.037709 0.010196 -0.000729
v 0.037709 0.009988 -0.002173
v 0.037709 0.009808 -0.002880
v 0.037709 0.009577 -0.003572
v 0.037709 0.009298 -0.004246
v 0.037709 0.008971 -0.004899
v 0.037709 0.008599 -0.005526
v 0.037709 0.008183 -0.006126
v 0.037709 0.007725 -0.006694
v 0.037709 0.007228 -0.007228
v 0.037709 0.006694 -0.007725
v 0.037709 0.006126 -0.008183
v 0.037709 0.005526 -0.008599
v 0.037709 0.004899 -0.008971
v 0.037709 0.004246 -0.009298
v 0.037709 0.003572 -0.009577
v 0.037709 0.002880 -0.009808
v 0.037709 0.002173 -0.009988
v 0.037709 0.001455 -0.010118
v 0.037709 0.000729 -0.010196
v 0.037709 0.000000 -0.010222
v 0.037709 -0.000729 -0.010196
v 0.037709 -0.001455 -0.010118
v 0.037709 -0.002173 -0.009988
v 0.037709 -0.002880 -0.009808
v 0.037709 -0.003572 -0.009577
v 0.037709 -0.004246 -0.009298
v 0.037709 -0.004899 -0.008971
v 0.037709 -0.005526 -0.008599
v 0.037709 -0.006126 -0.008183
v 0.037709 -0.006694 -0.007725
v 0.037709 -0.007228 -0.007228
v 0.037709 -0.007725 -0.006694
v 0.037709 -0.008183 -0.006126
v 0.037709 -0.008599 -0.005526
v 0.037709 -0.008971 -0.004899
v 0.037709 -0.009298 -0.004246
v 0.037709 -0.009577 -0.003572
v 0.037709 -0.009808 -0.002880
v 0.037709 -0.009988 -0.002173
v 0.037709 -0.010118 -0.001455
v 0.037709 -0.010196 -0.000729
v 0.037709 -0.010222 -0.000000
v 0.037709 -0.010118 0.001455
v 0.037709 -0.010196 0.000729
v 0.037709 -0.009988 0.002173
v 0.037709 -0.009808 0.002880
v 0.037709 -0.009577 0.003572
v 0.037709 -0.009298 0.004246
v 0.037709 -0.008971 0.004899
v 0.037709 -0.008599 0.005526
v 0.037709 -0.008183 0.006126
v 0.037709 -0.007725 0.006694
v 0.037709 -0.007228 0.007228
v 0.037709 -0.006694 0.007725
v 0.037709 -0.006126 0.008183
v 0.037709 -0.005526 0.008599
v 0.037709 -0.004899 0.008971
v 0.037709 -0.004246 0.009298
v 0.037709 -0.003572 0.009577
v 0.037709 -0.002880 0.009808
v 0.037709 -0.002173 0.009988
v 0.037709 -0.001455 0.010118
v 0.037709 -0.000729 0.010196
v 0.037709 -0.000000 0.010222
v 0.037709 0.000729 0.010196
v 0.037709 0.001455 0.010118
v 0.037709 0.002173 0.009988
v 0.037709 0.002880 0.009808
v 0.037709 0.003572 0.009577
v 0.037709 0.004246 0.009298
v 0.037709 0.004899 0.008971
v 0.037709 0.005526 0.008599
v 0.037709 0.006126 0.008183
v 0.037709 0.006694 0.007725
v 0.037709 0.007228 0.007228
v 0.037709 0.007725 0.006694
v 0.037709 0.008183 0.006126
v 0.037709 0.008599 0.005526
v 0.037709 0.008971 0.004899
v 0.037709 0.009298 0.004246
v 0.037709 0.009577 0.003572
v 0.037709 0.009808 0.002880
v 0.037709 0.009988 0.002173
v 0.037709 0.010118 0.001455
v 0.037649 -0.010118 -0.000000
v 0.037649 -0.010093 -0.000722
v 0.037649 -0.010093 0.000722
v 0.037649 -0.010015 0.001440
v 0.037649 -0.009887 0.002151
v 0.037649 -0.009709 0.002851
v 0.037649 -0.009480 0.003536
v 0.037649 -0.009204 0.004203
v 0.037649 -0.008881 0.004849
v 0.037649 -0.008512 0.005470
v 0.037649 -0.008100 0.006064
v 0.037649 -0.007647 0.006626
v 0.037649 -0.007155 0.007155
v 0.037649 -0.006626 0.007647
v 0.037649 -0.006064 0.008100
v 0.037649 -0.005470 0.008512
v 0.037649 -0.004849 0.008881
v 0.037649 -0.004203 0.009204
v 0.037649 -0.003536 0.009480
v 0.037649 -0.002851 0.009709
v 0.037649 -0.002151 0.009887
v 0.037649 -0.001440 0.010015
v 0.037649 -0.000722 0.010093
v 0.037649 -0.000000 0.010118
v 0.037649 0.000722 0.010093
v 0.037649 0.001440 0.010015
v 0.037649 0.002151 0.009887
v 0.037649 0.002851 0.009709
v 0.037649 0.003536 0.009480
v 0.037649 0.004203 0.009204
v 0.037649 0.004849 0.008881
v 0.037649 0.005470 0.008512
v 0.037649 0.006064 0.008100
v 0.037649 0.006626 0.007647
v 0.037649 0.007155 0.007155
v 0.037649 0.007647 0.006626
v 0.037649 0.008100 0.006064
v 0.037649 0.008512 0.005470
v 0.037649 0.008881 0.004849
v 0.037649 0.009204 0.004203
v 0.037649 0.009480 0.003536
v 0.037649 0.009709 0.002851
v 0.037649 0.009887 0.002151
v 0.037649 0.010015 0.001440
v 0.037649 0.010093 0.000722
v 0.037649 0.010118 0.000000
v 0.037558 0.010016 0.000716
v 0.037558 0.010042 0.000000
v 0.037649 0.010093 -0.000722
v 0.037558 -0.010042 -0.000000
v 0.037558 -0.010016 -0.000716
v 0.037558 -0.010016 0.000716
v 0.037558 -0.009940 0.001429
v 0.037558 -0.009812 0.002135
v 0.037558 -0.009635 0.002829
v 0.037558 -0.009409 0.003509
v 0.037558 -0.009134 0.004171
v 0.037558 -0.008813 0.004813
v 0.037558 -0.008448 0.005429
v 0.037558 -0.008039 0.006018
v 0.037558 -0.007589 0.006576
v 0.037558 -0.007101 0.007101
v 0.037558 -0.006576 0.007589
v 0.037558 -0.006018 0.008039
v 0.037558 -0.005429 0.008448
v 0.037558 -0.004813 0.008813
v 0.037558 -0.004172 0.009134
v 0.037558 -0.003509 0.009409
v 0.037558 -0.002829 0.009635
v 0.037558 -0.002135 0.009812
v 0.037558 -0.001429 0.009940
v 0.037558 -0.000716 0.010016
v 0.037558 -0.000000 0.010042
v 0.037558 0.000716 0.010016
v 0.037558 0.001429 0.009940
v 0.037558 0.002135 0.009812
v 0.037558 0.002829 0.009635
v 0.037558 0.003509 0.009409
v 0.037558 0.004172 0.009134
v 0.037558 0.004813 0.008813
v 0.037558 0.005429 0.008448
v 0.037558 0.006018 0.008039
v 0.037558 0.006576 0.007589
v 0.037558 0.007101 0.007101
v 0.037558 0.007589 0.006576
v 0.037558 0.008039 0.006018
v 0.037558 0.008448 0.005429
v 0.037558 0.008813 0.004813
v 0.037558 0.009134 0.004171
v 0.037558 0.009409 0.003509
v 0.037558 0.009635 0.002829
v 0.037558 0.009812 0.002135
v 0.037558 0.009940 0.001429
v 0.037446 0.009976 0.000713
v 0.037446 0.010001 0.000000
v 0.037558 0.010016 -0.000716
v 0.037446 -0.010001 -0.000000
v 0.037446 -0.009976 -0.000713
v 0.037446 -0.009976 0.000713
v 0.037446 -0.009899 0.001423
v 0.037446 -0.009772 0.002126
v 0.037446 -0.009596 0.002818
v 0.037446 -0.009370 0.003495
v 0.037446 -0.009097 0.004155
v 0.037446 -0.008778 0.004793
v 0.037446 -0.008413 0.005407
v 0.037446 -0.008006 0.005993
v 0.037446 -0.007558 0.006549
v 0.037446 -0.007072 0.007072
v 0.037446 -0.006549 0.007558
v 0.037446 -0.005993 0.008006
v 0.037446 -0.005407 0.008413
v 0.037446 -0.004793 0.008778
v 0.037446 -0.004155 0.009097
v 0.037446 -0.003495 0.009370
v 0.037446 -0.002818 0.009596
v 0.037446 -0.002126 0.009772
v 0.037446 -0.001423 0.009899
v 0.037446 -0.000713 0.009976
v 0.037446 -0.000000 0.010001
v 0.037446 0.000713 0.009976
v 0.037446 0.001423 0.009899
v 0.037446 0.002126 0.009772
v 0.037446 0.002818 0.009596
v 0.037446 0.003495 0.009370
v 0.037446 0.004155 0.009097
v 0.037446 0.004793 0.008778
v 0.037446 0.005407 0.008413
v 0.037446 0.005993 0.008006
v 0.037446 0.006549 0.007558
v 0.037446 0.007072 0.007072
v 0.037446 0.007558 0.006549
v 0.037446 0.008006 0.005993
v 0.037446 0.008413 0.005407
v 0.037446 0.008778 0.004793
v 0.037446 0.009097 0.004155
v 0.037446 0.009370 0.003495
v 0.037446 0.009596 0.002818
v 0.037446 0.009772 0.002126
v 0.037446 0.009899 0.001423
v 0.037327 0.009974 0.000730
v 0.037327 0.010001 0.000000
v 0.037446 0.009976 -0.000713
v 0.037327 -0.010001 0.000000
v 0.037327 -0.009974 -0.000730
v 0.037327 -0.009974 0.000730
v 0.037327 -0.009895 0.001456
v 0.037327 -0.009762 0.002175
v 0.037327 -0.009577 0.002881
v 0.037327 -0.009341 0.003573
v 0.037327 -0.009055 0.004245
v 0.037327 -0.008721 0.004895
v 0.037327 -0.008341 0.005518
v 0.037327 -0.007916 0.006112
v 0.037327 -0.007449 0.006674
v 0.037327 -0.006942 0.007200
v 0.037327 -0.006397 0.007687
v 0.037327 -0.005819 0.008134
v 0.037327 -0.005210 0.008537
v 0.037327 -0.004573 0.008894
v 0.037327 -0.003911 0.009204
v 0.037327 -0.003229 0.009465
v 0.037327 -0.002530 0.009676
v 0.037327 -0.001817 0.009835
v 0.037327 -0.001094 0.009941
v 0.037327 -0.000365 0.009994
v 0.037327 0.000365 0.009994
v 0.037327 0.001094 0.009941
v 0.037327 0.001817 0.009835
v 0.037327 0.002530 0.009676
v 0.037327 0.003229 0.009465
v 0.037327 0.003911 0.009204
v 0.037327 0.004573 0.008894
v 0.037327 0.005210 0.008537
v 0.037327 0.005819 0.008134
v 0.037327 0.006397 0.007687
v 0.037327 0.006942 0.007200
v 0.037327 0.007449 0.006674
v 0.037327 0.007916 0.006112
v 0.037327 0.008341 0.005518
v 0.037327 0.008721 0.004895
v 0.037327 0.009055 0.004245
v 0.037327 0.009341 0.003573
v 0.037327 0.009577 0.002881
v 0.037327 0.009762 0.002175
v 0.037327 0.009895 0.001456
v 0.035919 0.010222 0.000748
v 0.035919 0.010242 0.000374
v 0.035919 0.010249 0.000000
v 0.037327 0.009974 -0.000730
v 0.035919 -0.010249 0.000000
v 0.035919 -0.010242 -0.000374
v 0.035919 -0.010222 -0.000748
v 0.035919 -0.010222 0.000748
v 0.035919 -0.010242 0.000374
v 0.035919 -0.010140 0.001492
v 0.035919 -0.010188 0.001121
v 0.035919 -0.010004 0.002229
v 0.035919 -0.010079 0.001862
v 0.035919 -0.009815 0.002953
v 0.035919 -0.009916 0.002592
v 0.035919 -0.009573 0.003661
v 0.035919 -0.009700 0.003309
v 0.035919 -0.009280 0.004350
v 0.035919 -0.009433 0.004009
v 0.035919 -0.008938 0.005016
v 0.035919 -0.009115 0.004686
v 0.035919 -0.008548 0.005655
v 0.035919 -0.008749 0.005339
v 0.035919 -0.008112 0.006264
v 0.035919 -0.008336 0.005964
v 0.035919 -0.007633 0.006840
v 0.035919 -0.007878 0.006556
v 0.035919 -0.007114 0.007379
v 0.035919 -0.007379 0.007114
v 0.035919 -0.006556 0.007878
v 0.035919 -0.006840 0.007633
v 0.035919 -0.005964 0.008336
v 0.035919 -0.006264 0.008112
v 0.035919 -0.005339 0.008749
v 0.035919 -0.005655 0.008548
v 0.035919 -0.004686 0.009115
v 0.035919 -0.005016 0.008938
v 0.035919 -0.004009 0.009433
v 0.035919 -0.004350 0.009280
v 0.035919 -0.003309 0.009700
v 0.035919 -0.003661 0.009573
v 0.035919 -0.002592 0.009916
v 0.035919 -0.002953 0.009815
v 0.035919 -0.001862 0.010079
v 0.035919 -0.002229 0.010004
v 0.035919 -0.001121 0.010188
v 0.035919 -0.001492 0.010140
v 0.035919 -0.000374 0.010242
v 0.035919 -0.000748 0.010222
v 0.035919 0.000374 0.010242
v 0.035919 -0.000000 0.010249
v 0.035919 0.001121 0.010188
v 0.035919 0.000748 0.010222
v 0.035919 0.001862 0.010079
v 0.035919 0.001492 0.010140
v 0.035919 0.002592 0.009916
v 0.035919 0.002229 0.010004
v 0.035919 0.003309 0.009700
v 0.035919 0.002953 0.009815
v 0.035919 0.004009 0.009433
v 0.035919 0.003661 0.009573
v 0.035919 0.004686 0.009115
v 0.035919 0.004350 0.009280
v 0.035919 0.005339 0.008749
v 0.035919 0.005016 0.008938
v 0.035919 0.005964 0.008336
v 0.035919 0.005655 0.008548
v 0.035919 0.006556 0.007878
v 0.035919 0.006264 0.008112
v 0.035919 0.007114 0.007379
v 0.035919 0.006840 0.007633
v 0.035919 0.007633 0.006840
v 0.035919 0.007379 0.007114
v 0.035919 0.008112 0.006264
v 0.035919 0.007878 0.006556
v 0.035919 0.008548 0.005655
v 0.035919 0.008336 0.005964
v 0.035919 0.008938 0.005016
v 0.035919 0.008749 0.005339
v 0.035919 0.009280 0.004350
v 0.035919 0.009115 0.004686
v 0.035919 0.009573 0.003661
v 0.035919 0.009433 0.004009
v 0.035919 0.009815 0.002953
v 0.035919 0.009700 0.003309
v 0.035919 0.010004 0.002229
v 0.035919 0.009916 0.002592
v 0.035919 0.010140 0.001492
v 0.035919 0.010079 0.001862
v 0.035919 0.010188 0.001121
v 0.035807 -0.010290 -0.000000
v 0.035807 -0.010265 -0.000718
v 0.035807 -0.010265 0.000718
v 0.035807 -0.010190 0.001432
v 0.035807 -0.010065 0.002139
v 0.035807 -0.009891 0.002836
v 0.035807 -0.009670 0.003519
v 0.035807 -0.009400 0.004185
v 0.035807 -0.009086 0.004831
v 0.035807 -0.008726 0.005453
v 0.035807 -0.008325 0.006048
v 0.035807 -0.007883 0.006614
v 0.035807 -0.007402 0.007148
v 0.035807 -0.006885 0.007647
v 0.035807 -0.006335 0.008109
v 0.035807 -0.005754 0.008531
v 0.035807 -0.005145 0.008911
v 0.035807 -0.004511 0.009249
v 0.035807 -0.003855 0.009541
v 0.035807 -0.003180 0.009786
v 0.035807 -0.002489 0.009984
v 0.035807 -0.001787 0.010134
v 0.035807 -0.001076 0.010234
v 0.035807 -0.000359 0.010284
v 0.035807 0.000359 0.010284
v 0.035807 0.001076 0.010234
v 0.035807 0.001787 0.010134
v 0.035807 0.002489 0.009984
v 0.035807 0.003180 0.009786
v 0.035807 0.003855 0.009541
v 0.035807 0.004511 0.009249
v 0.035807 0.005145 0.008911
v 0.035807 0.005754 0.008531
v 0.035807 0.006335 0.008109
v 0.035807 0.006885 0.007647
v 0.035807 0.007402 0.007148
v 0.035807 0.007883 0.006614
v 0.035807 0.008325 0.006048
v 0.035807 0.008726 0.005453
v 0.035807 0.009086 0.004831
v 0.035807 0.009400 0.004185
v 0.035807 0.009670 0.003519
v 0.035807 0.009891 0.002836
v 0.035807 0.010065 0.002139
v 0.035807 0.010190 0.001432
v 0.035807 0.010265 0.000718
v 0.035807 0.010290 0.000000
v 0.035919 0.010242 -0.000374
v 0.035716 -0.010367 -0.000000
v 0.035716 -0.010342 -0.000723
v 0.035716 -0.010342 0.000723
v 0.035716 -0.010266 0.001443
v 0.035716 -0.010140 0.002155
v 0.035716 -0.009965 0.002857
v 0.035716 -0.009742 0.003546
v 0.035716 -0.009471 0.004217
v 0.035716 -0.009153 0.004867
v 0.035716 -0.008792 0.005494
v 0.035716 -0.008387 0.006093
v 0.035716 -0.007941 0.006664
v 0.035716 -0.007457 0.007201
v 0.035716 -0.006937 0.007704
v 0.035716 -0.006382 0.008169
v 0.035716 -0.005797 0.008594
v 0.035716 -0.005183 0.008978
v 0.035716 -0.004545 0.009318
v 0.035716 -0.003883 0.009612
v 0.035716 -0.003204 0.009859
v 0.035716 -0.002508 0.010059
v 0.035716 -0.001800 0.010209
v 0.035716 -0.001084 0.010310
v 0.035716 -0.000362 0.010360
v 0.035716 0.000362 0.010360
v 0.035716 0.001084 0.010310
v 0.035716 0.001800 0.010209
v 0.035716 0.002508 0.010059
v 0.035716 0.003204 0.009859
v 0.035716 0.003883 0.009612
v 0.035716 0.004545 0.009318
v 0.035716 0.005183 0.008978
v 0.035716 0.005797 0.008594
v 0.035716 0.006382 0.008169
v 0.035716 0.006937 0.007704
v 0.035716 0.007457 0.007201
v 0.035716 0.007941 0.006664
v 0.035716 0.008387 0.006093
v 0.035716 0.008792 0.005494
v 0.035716 0.009153 0.004867
v 0.035716 0.009471 0.004217
v 0.035716 0.009742 0.003546
v 0.035716 0.009965 0.002857
v 0.035716 0.010140 0.002155
v 0.035716 0.010266 0.001443
v 0.035716 0.010342 0.000723
v 0.035716 0.010367 0.000000
v 0.035807 0.010265 -0.000718
v 0.035656 0.010445 0.000730
v 0.035656 0.010470 0.000000
v 0.035716 0.010342 -0.000723
v 0.035656 -0.010470 -0.000000
v 0.035656 -0.010445 -0.000730
v 0.035656 -0.010445 0.000730
v 0.035656 -0.010368 0.001457
v 0.035656 -0.010241 0.002177
v 0.035656 -0.010065 0.002886
v 0.035656 -0.009839 0.003581
v 0.035656 -0.009565 0.004259
v 0.035656 -0.009245 0.004915
v 0.035656 -0.008879 0.005548
v 0.035656 -0.008471 0.006154
v 0.035656 -0.008021 0.006730
v 0.035656 -0.007532 0.007273
v 0.035656 -0.007006 0.007781
v 0.035656 -0.006446 0.008251
v 0.035656 -0.005855 0.008680
v 0.035656 -0.005235 0.009067
v 0.035656 -0.004590 0.009411
v 0.035656 -0.003922 0.009708
v 0.035656 -0.003235 0.009958
v 0.035656 -0.002533 0.010159
v 0.035656 -0.001818 0.010311
v 0.035656 -0.001094 0.010413
v 0.035656 -0.000365 0.010464
v 0.035656 0.000365 0.010464
v 0.035656 0.001094 0.010413
v 0.035656 0.001818 0.010311
v 0.035656 0.002533 0.010159
v 0.035656 0.003235 0.009958
v 0.035656 0.003922 0.009708
v 0.035656 0.004590 0.009411
v 0.035656 0.005235 0.009067
v 0.035656 0.005855 0.008680
v 0.035656 0.006446 0.008251
v 0.035656 0.007006 0.007781
v 0.035656 0.007532 0.007273
v 0.035656 0.008021 0.006730
v 0.035656 0.008471 0.006154
v 0.035656 0.008879 0.005548
v 0.035656 0.009245 0.004915
v 0.035656 0.009565 0.004259
v 0.035656 0.009839 0.003581
v 0.035656 0.010065 0.002886
v 0.035656 0.010241 0.002177
v 0.035656 0.010368 0.001457
v 0.035636 0.010560 0.000759
v 0.035636 0.010587 0.000000
v 0.035656 0.010445 -0.000730
v 0.035636 -0.010587 0.000000
v 0.035636 -0.010560 -0.000759
v 0.035636 -0.010560 0.000759
v 0.035636 -0.010479 0.001508
v 0.035636 -0.010346 0.002250
v 0.035636 -0.010158 0.002983
v 0.035636 -0.009920 0.003700
v 0.035636 -0.009631 0.004398
v 0.035636 -0.009292 0.005075
v 0.035636 -0.008907 0.005723
v 0.035636 -0.008475 0.006345
v 0.035636 -0.008002 0.006933
v 0.035636 -0.007486 0.007486
v 0.035636 -0.006933 0.008002
v 0.035636 -0.006345 0.008475
v 0.035636 -0.005723 0.008907
v 0.035636 -0.005075 0.009292
v 0.035636 -0.004398 0.009631
v 0.035636 -0.003700 0.009920
v 0.035636 -0.002983 0.010158
v 0.035636 -0.002250 0.010346
v 0.035636 -0.001508 0.010479
v 0.035636 -0.000755 0.010560
v 0.035636 0.000000 0.010587
v 0.035636 0.000755 0.010560
v 0.035636 0.001508 0.010479
v 0.035636 0.002250 0.010346
v 0.035636 0.002983 0.010158
v 0.035636 0.003700 0.009920
v 0.035636 0.004398 0.009631
v 0.035636 0.005075 0.009292
v 0.035636 0.005723 0.008907
v 0.035636 0.006345 0.008475
v 0.035636 0.006933 0.008002
v 0.035636 0.007486 0.007486
v 0.035636 0.008002 0.006933
v 0.035636 0.008475 0.006345
v 0.035636 0.008907 0.005723
v 0.035636 0.009292 0.005075
v 0.035636 0.009631 0.004398
v 0.035636 0.009920 0.003700
v 0.035636 0.010158 0.002983
v 0.035636 0.010346 0.002250
v 0.035636 0.010479 0.001508
v 0.035636 0.010819 0.000760
v 0.035636 0.010846 0.000000
v 0.035636 0.010560 -0.000759
v 0.035636 -0.010846 0.000000
v 0.035636 -0.010819 -0.000760
v 0.035636 -0.010819 0.000760
v 0.035636 -0.010740 0.001511
v 0.035636 -0.010609 0.002254
v 0.035636 -0.010425 0.002990
v 0.035636 -0.010192 0.003710
v 0.035636 -0.009908 0.004411
v 0.035636 -0.009576 0.005093
v 0.035636 -0.009198 0.005747
v 0.035636 -0.008774 0.006375
v 0.035636 -0.008308 0.006972
v 0.035636 -0.007802 0.007534
v 0.035636 -0.007257 0.008061
v 0.035636 -0.006678 0.008546
v 0.035636 -0.006064 0.008992
v 0.035636 -0.005423 0.009393
v 0.035636 -0.004755 0.009748
v 0.035636 -0.004062 0.010056
v 0.035636 -0.003352 0.010315
v 0.035636 -0.002623 0.010524
v 0.035636 0.001883 0.010681
v 0.035636 0.002623 0.010524
v 0.035636 0.003352 0.010315
v 0.035636 0.004062 0.010056
v 0.035636 0.004755 0.009748
v 0.035636 0.005423 0.009393
v 0.035636 0.006064 0.008992
v 0.035636 0.006678 0.008546
v 0.035636 0.007257 0.008061
v 0.035636 0.007802 0.007534
v 0.035636 0.008308 0.006972
v 0.035636 0.008774 0.006375
v 0.035636 0.009198 0.005747
v 0.035636 0.009576 0.005093
v 0.035636 0.009908 0.004411
v 0.035636 0.010192 0.003710
v 0.035636 0.010425 0.002990
v 0.035636 0.010609 0.002254
v 0.035636 0.010740 0.001511
v 0.035636 -0.010479 -0.001508
v 0.035656 -0.010368 -0.001457
v 0.035636 -0.010740 -0.001511
v 0.035636 -0.010346 -0.002250
v 0.035656 -0.010241 -0.002177
v 0.035636 -0.010609 -0.002254
v 0.035636 -0.010158 -0.002983
v 0.035656 -0.010065 -0.002886
v 0.035636 -0.010425 -0.002990
v 0.035636 -0.009920 -0.003700
v 0.035656 -0.009839 -0.003581
v 0.035636 -0.010192 -0.003710
v 0.035636 -0.009631 -0.004398
v 0.035656 -0.009565 -0.004259
v 0.035636 -0.009908 -0.004411
v 0.035636 -0.009292 -0.005075
v 0.035656 -0.009245 -0.004915
v 0.035636 -0.009576 -0.005093
v 0.035636 -0.008907 -0.005723
v 0.035656 -0.008879 -0.005548
v 0.035636 -0.009198 -0.005747
v 0.035636 -0.008475 -0.006345
v 0.035656 -0.008471 -0.006154
v 0.035636 -0.008774 -0.006375
v 0.035636 -0.008002 -0.006933
v 0.035656 -0.008021 -0.006730
v 0.035636 -0.008308 -0.006972
v 0.035636 -0.007486 -0.007486
v 0.035656 -0.007532 -0.007273
v 0.035636 -0.007802 -0.007534
v 0.035636 -0.006933 -0.008002
v 0.035656 -0.007006 -0.007781
v 0.035636 -0.007257 -0.008061
v 0.035636 -0.006345 -0.008475
v 0.035656 -0.006446 -0.008251
v 0.035636 -0.006678 -0.008546
v 0.035636 -0.005723 -0.008907
v 0.035656 -0.005855 -0.008680
v 0.035636 -0.006064 -0.008992
v 0.035636 -0.005075 -0.009292
v 0.035656 -0.005235 -0.009067
v 0.035636 -0.005423 -0.009393
v 0.035636 -0.004398 -0.009631
v 0.035656 -0.004590 -0.009411
v 0.035636 -0.004755 -0.009748
v 0.035636 -0.003700 -0.009920
v 0.035656 -0.003922 -0.009708
v 0.035636 -0.004062 -0.010056
v 0.035636 -0.002983 -0.010158
v 0.035656 -0.003235 -0.009958
v 0.035636 -0.003352 -0.010315
v 0.035636 -0.002250 -0.010346
v 0.035656 -0.002533 -0.010159
v 0.035636 -0.002623 -0.010524
v 0.035636 -0.001508 -0.010479
v 0.035656 -0.001818 -0.010311
v 0.035636 -0.000755 -0.010560
v 0.035656 -0.001094 -0.010413
v 0.035636 -0.001883 -0.010681
v 0.035636 0.000000 -0.010587
v 0.035656 -0.000365 -0.010464
v 0.035636 0.002623 -0.010524
v 0.035636 0.000755 -0.010560
v 0.035656 0.000365 -0.010464
v 0.035636 0.001508 -0.010479
v 0.035656 0.001094 -0.010413
v 0.035636 0.003352 -0.010315
v 0.035636 0.002250 -0.010346
v 0.035656 0.001818 -0.010311
v 0.035636 0.002983 -0.010158
v 0.035656 0.002533 -0.010159
v 0.035636 0.004062 -0.010056
v 0.035636 0.003700 -0.009920
v 0.035656 0.003235 -0.009958
v 0.035636 0.004755 -0.009748
v 0.035636 0.004398 -0.009631
v 0.035656 0.003922 -0.009708
v 0.035636 0.005423 -0.009393
v 0.035636 0.005075 -0.009292
v 0.035656 0.004590 -0.009411
v 0.035636 0.006064 -0.008992
v 0.035636 0.005723 -0.008907
v 0.035656 0.005235 -0.009067
v 0.035636 0.006678 -0.008546
v 0.035636 0.006345 -0.008475
v 0.035656 0.005855 -0.008680
v 0.035636 0.007257 -0.008061
v 0.035636 0.006933 -0.008002
v 0.035656 0.006446 -0.008251
v 0.035636 0.007802 -0.007534
v 0.035636 0.007486 -0.007486
v 0.035656 0.007006 -0.007781
v 0.035636 0.008308 -0.006972
v 0.035636 0.008002 -0.006933
v 0.035656 0.007532 -0.007273
v 0.035636 0.008774 -0.006375
v 0.035636 0.008475 -0.006345
v 0.035656 0.008021 -0.006730
v 0.035636 0.009198 -0.005747
v 0.035636 0.008907 -0.005723
v 0.035656 0.008471 -0.006154
v 0.035636 0.009576 -0.005093
v 0.035636 0.009292 -0.005075
v 0.035656 0.008879 -0.005548
v 0.035636 0.009908 -0.004411
v 0.035636 0.009631 -0.004398
v 0.035656 0.009245 -0.004915
v 0.035636 0.010192 -0.003710
v 0.035636 0.009920 -0.003700
v 0.035656 0.009565 -0.004259
v 0.035636 0.010425 -0.002990
v 0.035636 0.010158 -0.002983
v 0.035656 0.009839 -0.003581
v 0.035636 0.010609 -0.002254
v 0.035636 0.010346 -0.002250
v 0.035656 0.010065 -0.002886
v 0.035636 0.010740 -0.001511
v 0.035636 0.010479 -0.001508
v 0.035656 0.010241 -0.002177
v 0.035636 0.010819 -0.000760
v 0.035656 0.010368 -0.001457
v 0.035458 0.011050 0.000000
v 0.035458 0.011023 0.000771
v 0.035458 0.011043 0.000386
v 0.035458 0.011023 -0.000771
v 0.035458 0.011043 -0.000386
v 0.035458 0.010942 -0.001538
v 0.035458 0.010989 -0.001155
v 0.035458 0.010808 -0.002297
v 0.035458 0.010882 -0.001919
v 0.035458 0.010622 -0.003046
v 0.035458 0.010722 -0.002673
v 0.035458 0.010384 -0.003779
v 0.035458 0.010509 -0.003415
v 0.035458 0.010095 -0.004494
v 0.035458 0.010245 -0.004139
v 0.035458 0.009757 -0.005188
v 0.035458 0.009932 -0.004844
v 0.035458 0.009371 -0.005856
v 0.035458 0.009570 -0.005525
v 0.035458 0.008940 -0.006495
v 0.035458 0.009161 -0.006179
v 0.035458 0.008465 -0.007103
v 0.035458 0.008707 -0.006803
v 0.035458 0.007949 -0.007676
v 0.035458 0.008212 -0.007394
v 0.035458 0.007394 -0.008212
v 0.035458 0.007676 -0.007949
v 0.035458 0.006803 -0.008707
v 0.035458 0.007103 -0.008465
v 0.035458 0.006179 -0.009161
v 0.035458 0.006495 -0.008940
v 0.035458 0.005525 -0.009570
v 0.035458 0.005856 -0.009371
v 0.035458 0.004844 -0.009932
v 0.035458 0.005188 -0.009757
v 0.035458 0.004139 -0.010245
v 0.035458 0.004494 -0.010095
v 0.035458 0.003415 -0.010509
v 0.035458 0.003779 -0.010384
v 0.035636 0.001883 -0.010681
v 0.035458 0.002673 -0.010722
v 0.035458 0.003046 -0.010622
v 0.035636 -0.001134 -0.010786
v 0.035636 0.001134 -0.010786
v 0.035458 0.001919 -0.010882
v 0.035458 0.002297 -0.010808
v 0.035636 -0.000378 -0.010839
v 0.035636 0.000378 -0.010839
v 0.035458 0.001155 -0.010989
v 0.035458 0.001538 -0.010942
v 0.035458 0.000386 -0.011043
v 0.035458 0.000771 -0.011023
v 0.035458 -0.000386 -0.011043
v 0.035458 0.000000 -0.011050
v 0.035458 -0.001155 -0.010989
v 0.035458 -0.000771 -0.011023
v 0.035458 -0.001919 -0.010882
v 0.035458 -0.001538 -0.010942
v 0.035458 -0.002673 -0.010722
v 0.035458 -0.002297 -0.010808
v 0.035458 -0.003415 -0.010509
v 0.035458 -0.003046 -0.010622
v 0.035458 -0.004139 -0.010245
v 0.035458 -0.003779 -0.010384
v 0.035458 -0.004844 -0.009932
v 0.035458 -0.004494 -0.010095
v 0.035458 -0.005525 -0.009570
v 0.035458 -0.005188 -0.009757
v 0.035458 -0.006179 -0.009161
v 0.035458 -0.005856 -0.009371
v 0.035458 -0.006803 -0.008707
v 0.035458 -0.006495 -0.008940
v 0.035458 -0.007394 -0.008212
v 0.035458 -0.007103 -0.008465
v 0.035458 -0.007949 -0.007676
v 0.035458 -0.007676 -0.007949
v 0.035458 -0.008465 -0.007103
v 0.035458 -0.008212 -0.007394
v 0.035458 -0.008940 -0.006495
v 0.035458 -0.008707 -0.006803
v 0.035458 -0.009371 -0.005856
v 0.035458 -0.009161 -0.006179
v 0.035458 -0.009757 -0.005188
v 0.035458 -0.009570 -0.005525
v 0.035458 -0.010095 -0.004494
v 0.035458 -0.009932 -0.004844
v 0.035458 -0.010384 -0.003779
v 0.035458 -0.010245 -0.004139
v 0.035458 -0.010622 -0.003046
v 0.035458 -0.010509 -0.003415
v 0.035458 -0.010808 -0.002297
v 0.035458 -0.010722 -0.002673
v 0.035458 -0.010942 -0.001538
v 0.035458 -0.010882 -0.001919
v 0.035458 -0.011023 -0.000771
v 0.035458 -0.010989 -0.001155
v 0.035458 -0.011050 0.000000
v 0.035458 -0.011043 -0.000386
v 0.035458 -0.011023 0.000771
v 0.035458 -0.011043 0.000386
v 0.035458 -0.010942 0.001538
v 0.035458 -0.010989 0.001155
v 0.035458 -0.010808 0.002297
v 0.035458 -0.010882 0.001919
v 0.035458 -0.010622 0.003046
v 0.035458 -0.010722 0.002673
v 0.035458 -0.010384 0.003779
v 0.035458 -0.010509 0.003415
v 0.035458 -0.010095 0.004494
v 0.035458 -0.010245 0.004139
v 0.035458 -0.009757 0.005188
v 0.035458 -0.009932 0.004844
v 0.035458 -0.009371 0.005856
v 0.035458 -0.009570 0.005525
v 0.035458 -0.008940 0.006495
v 0.035458 -0.009161 0.006179
v 0.035458 -0.008465 0.007103
v 0.035458 -0.008707 0.006803
v 0.035458 -0.007949 0.007676
v 0.035458 -0.008212 0.007394
v 0.035458 -0.007394 0.008212
v 0.035458 -0.007676 0.007949
v 0.035458 -0.006803 0.008707
v 0.035458 -0.007103 0.008465
v 0.035458 -0.006179 0.009161
v 0.035458 -0.006495 0.008940
v 0.035458 -0.005525 0.009570
v 0.035458 -0.005856 0.009371
v 0.035458 -0.004844 0.009932
v 0.035458 -0.005188 0.009757
v 0.035458 -0.004139 0.010245
v 0.035458 -0.004494 0.010095
v 0.035458 -0.003415 0.010509
v 0.035458 -0.003779 0.010384
v 0.035636 -0.001883 0.010681
v 0.035458 -0.002673 0.010722
v 0.035458 -0.003046 0.010622
v 0.035636 0.001134 0.010786
v 0.035636 -0.001134 0.010786
v 0.035458 -0.001919 0.010882
v 0.035458 -0.002297 0.010808
v 0.035636 0.000378 0.010839
v 0.035636 -0.000378 0.010839
v 0.035458 -0.001155 0.010989
v 0.035458 -0.001538 0.010942
v 0.035458 -0.000386 0.011043
v 0.035458 -0.000771 0.011023
v 0.035458 0.000386 0.011043
v 0.035458 -0.000000 0.011050
v 0.035458 0.001155 0.010989
v 0.035458 0.000771 0.011023
v 0.035458 0.001919 0.010882
v 0.035458 0.001538 0.010942
v 0.035458 0.002673 0.010722
v 0.035458 0.002297 0.010808
v 0.035458 0.003415 0.010509
v 0.035458 0.003046 0.010622
v 0.035458 0.004139 0.010245
v 0.035458 0.003779 0.010384
v 0.035458 0.004844 0.009932
v 0.035458 0.004494 0.010095
v 0.035458 0.005525 0.009570
v 0.035458 0.005188 0.009757
v 0.035458 0.006179 0.009161
v 0.035458 0.005856 0.009371
v 0.035458 0.006803 0.008707
v 0.035458 0.006495 0.008940
v 0.035458 0.007394 0.008212
v 0.035458 0.007103 0.008465
v 0.035458 0.007949 0.007676
v 0.035458 0.007676 0.007949
v 0.035458 0.008465 0.007103
v 0.035458 0.008212 0.007394
v 0.035458 0.008940 0.006495
v 0.035458 0.008707 0.006803
v 0.035458 0.009371 0.005856
v 0.035458 0.009161 0.006179
v 0.035458 0.009757 0.005188
v 0.035458 0.009570 0.005525
v 0.035458 0.010095 0.004494
v 0.035458 0.009932 0.004844
v 0.035458 0.010384 0.003779
v 0.035458 0.010245 0.004139
v 0.035458 0.010622 0.003046
v 0.035458 0.010509 0.003415
v 0.035458 0.010808 0.002297
v 0.035458 0.010722 0.002673
v 0.035458 0.010942 0.001538
v 0.035458 0.010882 0.001919
v 0.035458 0.010989 0.001155
v 0.033673 -0.011281 -0.000000
v 0.033673 -0.011256 -0.000753
v 0.033673 -0.011256 0.000753
v 0.033673 -0.011180 0.001504
v 0.033673 -0.011055 0.002247
v 0.033673 -0.010880 0.002980
v 0.033673 -0.010657 0.003700
v 0.033673 -0.010386 0.004404
v 0.033673 -0.010069 0.005088
v 0.033673 -0.009706 0.005749
v 0.033673 -0.009301 0.006384
v 0.033673 -0.008853 0.006991
v 0.033673 -0.008367 0.007567
v 0.033673 -0.007842 0.008109
v 0.033673 -0.007283 0.008615
v 0.033673 -0.006692 0.009082
v 0.033673 -0.006070 0.009509
v 0.033673 -0.005421 0.009893
v 0.033673 -0.004749 0.010233
v 0.033673 -0.004054 0.010527
v 0.033673 -0.003342 0.010775
v 0.033673 -0.002615 0.010974
v 0.033673 -0.001876 0.011124
v 0.033673 -0.001129 0.011224
v 0.033673 -0.000377 0.011275
v 0.033673 0.000377 0.011275
v 0.033673 0.001129 0.011224
v 0.033673 0.001876 0.011124
v 0.033673 0.002615 0.010974
v 0.033673 0.003342 0.010775
v 0.033673 0.004054 0.010527
v 0.033673 0.004749 0.010233
v 0.033673 0.005421 0.009893
v 0.033673 0.006070 0.009509
v 0.033673 0.006692 0.009082
v 0.033673 0.007283 0.008615
v 0.033673 0.007842 0.008109
v 0.033673 0.008367 0.007567
v 0.033673 0.008853 0.006991
v 0.033673 0.009301 0.006384
v 0.033673 0.009706 0.005749
v 0.033673 0.010069 0.005088
v 0.033673 0.010386 0.004404
v 0.033673 0.010657 0.003700
v 0.033673 0.010880 0.002980
v 0.033673 0.011055 0.002247
v 0.033673 0.011180 0.001504
v 0.033673 0.011256 0.000753
v 0.033673 0.011281 0.000000
v 0.031874 -0.011471 -0.000000
v 0.031874 -0.011446 -0.000766
v 0.031874 -0.011446 0.000766
v 0.031874 -0.011369 0.001529
v 0.031874 -0.011241 0.002285
v 0.031874 -0.011064 0.003031
v 0.031874 -0.010837 0.003763
v 0.031874 -0.010561 0.004478
v 0.031874 -0.010238 0.005174
v 0.031874 -0.009870 0.005846
v 0.031874 -0.009457 0.006492
v 0.031874 -0.009003 0.007109
v 0.031874 -0.008508 0.007695
v 0.031874 -0.007975 0.008246
v 0.031874 -0.007406 0.008760
v 0.031874 -0.006805 0.009235
v 0.031874 -0.006173 0.009669
v 0.031874 -0.005513 0.010060
v 0.031874 -0.004829 0.010406
v 0.031874 -0.004123 0.010705
v 0.031874 -0.003399 0.010956
v 0.031874 -0.002659 0.011159
v 0.031874 -0.001908 0.011312
v 0.031874 -0.001148 0.011414
v 0.031874 -0.000383 0.011465
v 0.031874 0.000383 0.011465
v 0.031874 0.001148 0.011414
v 0.031874 0.001908 0.011312
v 0.031874 0.002659 0.011159
v 0.031874 0.003399 0.010956
v 0.031874 0.004123 0.010705
v 0.031874 0.004829 0.010406
v 0.031874 0.005513 0.010060
v 0.031874 0.006173 0.009669
v 0.031874 0.006805 0.009235
v 0.031874 0.007406 0.008760
v 0.031874 0.007975 0.008246
v 0.031874 0.008508 0.007695
v 0.031874 0.009003 0.007109
v 0.031874 0.009457 0.006492
v 0.031874 0.009870 0.005846
v 0.031874 0.010238 0.005174
v 0.031874 0.010561 0.004478
v 0.031874 0.010837 0.003763
v 0.031874 0.011064 0.003031
v 0.031874 0.011241 0.002285
v 0.031874 0.011369 0.001529
v 0.031874 0.011446 0.000766
v 0.031874 0.011471 0.000000
v 0.033673 0.011256 -0.000753
v 0.030071 0.011593 0.000776
v 0.030071 0.011619 0.000000
v 0.031874 0.011446 -0.000766
v 0.030071 -0.011619 -0.000000
v 0.030071 -0.011593 -0.000776
v 0.030071 -0.011593 0.000776
v 0.030071 -0.011516 0.001549
v 0.030071 -0.011387 0.002314
v 0.030071 -0.011207 0.003070
v 0.030071 -0.010976 0.003811
v 0.030071 -0.010697 0.004536
v 0.030071 -0.010371 0.005240
v 0.030071 -0.009997 0.005921
v 0.030071 -0.009580 0.006576
v 0.030071 -0.009119 0.007201
v 0.030071 -0.008618 0.007794
v 0.030071 -0.008078 0.008352
v 0.030071 -0.007502 0.008873
v 0.030071 -0.006892 0.009354
v 0.030071 -0.006252 0.009794
v 0.030071 -0.005584 0.010190
v 0.030071 -0.004891 0.010540
v 0.030071 -0.004176 0.010843
v 0.030071 -0.003443 0.011098
v 0.030071 -0.002694 0.011303
v 0.030071 -0.001933 0.011458
v 0.030071 -0.001163 0.011561
v 0.030071 -0.000388 0.011613
v 0.030071 0.000388 0.011613
v 0.030071 0.001163 0.011561
v 0.030071 0.001933 0.011458
v 0.030071 0.002694 0.011303
v 0.030071 0.003443 0.011098
v 0.030071 0.004176 0.010843
v 0.030071 0.004891 0.010540
v 0.030071 0.005584 0.010190
v 0.030071 0.006252 0.009794
v 0.030071 0.006892 0.009354
v 0.030071 0.007502 0.008873
v 0.030071 0.008078 0.008352
v 0.030071 0.008618 0.007794
v 0.030071 0.009119 0.007201
v 0.030071 0.009580 0.006576
v 0.030071 0.009997 0.005921
v 0.030071 0.010371 0.005240
v 0.030071 0.010697 0.004536
v 0.030071 0.010976 0.003811
v 0.030071 0.011207 0.003070
v 0.030071 0.011387 0.002314
v 0.030071 0.011516 0.001549
v 0.028265 0.011699 0.000783
v 0.028265 0.011725 -0.000000
v 0.030071 0.011593 -0.000776
v 0.028265 -0.011725 0.000000
v 0.028265 -0.011699 -0.000783
v 0.028265 -0.011699 0.000783
v 0.028265 -0.011621 0.001563
v 0.028265 -0.011490 0.002336
v 0.028265 -0.011309 0.003098
v 0.028265 -0.011076 0.003846
v 0.028265 -0.010795 0.004577
v 0.028265 -0.010465 0.005288
v 0.028265 -0.010088 0.005975
v 0.028265 -0.009667 0.006636
v 0.028265 -0.009202 0.007267
v 0.028265 -0.008696 0.007865
v 0.028265 -0.008151 0.008428
v 0.028265 -0.007570 0.008954
v 0.028265 -0.006955 0.009440
v 0.028265 -0.006309 0.009883
v 0.028265 -0.005635 0.010282
v 0.028265 -0.004936 0.010636
v 0.028265 -0.004214 0.010942
v 0.028265 -0.003474 0.011199
v 0.028265 -0.002718 0.011406
v 0.028265 -0.001950 0.011562
v 0.028265 -0.001174 0.011666
v 0.028265 -0.000392 0.011719
v 0.028265 0.000392 0.011719
v 0.028265 0.001174 0.011666
v 0.028265 0.001950 0.011562
v 0.028265 0.002718 0.011406
v 0.028265 0.003474 0.011199
v 0.028265 0.004214 0.010942
v 0.028265 0.004936 0.010636
v 0.028265 0.005635 0.010282
v 0.028265 0.006309 0.009883
v 0.028265 0.006955 0.009440
v 0.028265 0.007570 0.008954
v 0.028265 0.008151 0.008428
v 0.028265 0.008696 0.007865
v 0.028265 0.009202 0.007267
v 0.028265 0.009667 0.006636
v 0.028265 0.010088 0.005975
v 0.028265 0.010465 0.005288
v 0.028265 0.010795 0.004577
v 0.028265 0.011076 0.003846
v 0.028265 0.011309 0.003098
v 0.028265 0.011490 0.002336
v 0.028265 0.011621 0.001563
v 0.026457 0.011762 0.000787
v 0.026457 0.011789 0.000000
v 0.028265 0.011699 -0.000783
v 0.026457 -0.011789 -0.000000
v 0.026457 -0.011762 -0.000787
v 0.026457 -0.011762 0.000787
v 0.026457 -0.011684 0.001571
v 0.026457 -0.011553 0.002348
v 0.026457 -0.011370 0.003115
v 0.026457 -0.011136 0.003867
v 0.026457 -0.010853 0.004602
v 0.026457 -0.010522 0.005317
v 0.026457 -0.010143 0.006008
v 0.026457 -0.009719 0.006672
v 0.026457 -0.009252 0.007306
v 0.026457 -0.008743 0.007908
v 0.026457 -0.008195 0.008474
v 0.026457 -0.007611 0.009003
v 0.026457 -0.006993 0.009491
v 0.026457 -0.006343 0.009937
v 0.026457 -0.005665 0.010338
v 0.026457 -0.004962 0.010693
v 0.026457 -0.004237 0.011001
v 0.026457 -0.003493 0.011259
v 0.026457 -0.002733 0.011468
v 0.026457 -0.001961 0.011625
v 0.026457 -0.001180 0.011730
v 0.026457 -0.000394 0.011782
v 0.026457 0.000394 0.011782
v 0.026457 0.001180 0.011730
v 0.026457 0.001961 0.011625
v 0.026457 0.002733 0.011468
v 0.026457 0.003493 0.011259
v 0.026457 0.004237 0.011001
v 0.026457 0.004962 0.010693
v 0.026457 0.005665 0.010338
v 0.026457 0.006343 0.009937
v 0.026457 0.006993 0.009491
v 0.026457 0.007611 0.009003
v 0.026457 0.008195 0.008474
v 0.026457 0.008743 0.007908
v 0.026457 0.009252 0.007306
v 0.026457 0.009719 0.006672
v 0.026457 0.010143 0.006008
v 0.026457 0.010522 0.005317
v 0.026457 0.010853 0.004602
v 0.026457 0.011136 0.003867
v 0.026457 0.011370 0.003115
v 0.026457 0.011553 0.002348
v 0.026457 0.011684 0.001571
v 0.024650 0.011784 0.000789
v 0.024650 0.011810 0.000000
v 0.026457 0.011762 -0.000787
v 0.024650 -0.011810 0.000000
v 0.024650 -0.011784 -0.000789
v 0.024650 -0.011784 0.000789
v 0.024650 -0.011705 0.001574
v 0.024650 -0.011573 0.002352
v 0.024650 -0.011390 0.003120
v 0.024650 -0.011156 0.003874
v 0.024650 -0.010873 0.004610
v 0.024650 -0.010541 0.005326
v 0.024650 -0.010161 0.006019
v 0.024650 -0.009737 0.006684
v 0.024650 -0.009268 0.007319
v 0.024650 -0.008759 0.007922
v 0.024650 -0.008210 0.008489
v 0.024650 -0.007625 0.009019
v 0.024650 -0.007005 0.009508
v 0.024650 -0.006355 0.009954
v 0.024650 -0.005676 0.010357
v 0.024650 -0.004971 0.010713
v 0.024650 -0.004245 0.011021
v 0.024650 -0.003499 0.011280
v 0.024650 -0.002738 0.011488
v 0.024650 -0.001964 0.011645
v 0.024650 -0.001182 0.011751
v 0.024650 -0.000395 0.011803
v 0.024650 0.000395 0.011803
v 0.024650 0.001182 0.011751
v 0.024650 0.001964 0.011645
v 0.024650 0.002738 0.011488
v 0.024650 0.003499 0.011280
v 0.024650 0.004245 0.011021
v 0.024650 0.004971 0.010713
v 0.024650 0.005676 0.010357
v 0.024650 0.006355 0.009954
v 0.024650 0.007005 0.009508
v 0.024650 0.007625 0.009019
v 0.024650 0.008210 0.008489
v 0.024650 0.008759 0.007922
v 0.024650 0.009268 0.007319
v 0.024650 0.009737 0.006684
v 0.024650 0.010161 0.006019
v 0.024650 0.010541 0.005326
v 0.024650 0.010873 0.004610
v 0.024650 0.011156 0.003874
v 0.024650 0.011390 0.003120
v 0.024650 0.011573 0.002352
v 0.024650 0.011705 0.001574
v 0.014865 0.011784 0.000789
v 0.014865 0.011810 0.000000
v 0.024650 0.011784 -0.000789
v 0.014865 -0.011810 0.000000
v 0.014865 -0.011784 -0.000789
v 0.014865 -0.011784 0.000789
v 0.014865 -0.011705 0.001574
v 0.014865 -0.011573 0.002352
v 0.014865 -0.011390 0.003120
v 0.014865 -0.011156 0.003874
v 0.014865 -0.010873 0.004610
v 0.014865 -0.010541 0.005326
v 0.014865 -0.010161 0.006019
v 0.014865 -0.009737 0.006684
v 0.014865 -0.009268 0.007319
v 0.014865 -0.008759 0.007922
v 0.014865 -0.008210 0.008489
v 0.014865 -0.007625 0.009019
v 0.014865 -0.007005 0.009508
v 0.014865 -0.006355 0.009954
v 0.014865 -0.005676 0.010357
v 0.014865 -0.004971 0.010713
v 0.014865 -0.004245 0.011021
v 0.014865 -0.003499 0.011280
v 0.014865 -0.002738 0.011488
v 0.014865 -0.001964 0.011645
v 0.014865 -0.001182 0.011751
v 0.014865 -0.000395 0.011803
v 0.014865 0.000395 0.011803
v 0.014865 0.001182 0.011751
v 0.014865 0.001964 0.011645
v 0.014865 0.002738 0.011488
v 0.014865 0.003499 0.011280
v 0.014865 0.004245 0.011021
v 0.014865 0.004971 0.010713
v 0.014865 0.005676 0.010357
v 0.014865 0.006355 0.009954
v 0.014865 0.007005 0.009508
v 0.014865 0.007625 0.009019
v 0.014865 0.008210 0.008489
v 0.014865 0.008759 0.007922
v 0.014865 0.009268 0.007319
v 0.014865 0.009737 0.006684
v 0.014865 0.010161 0.006019
v 0.014865 0.010541 0.005326
v 0.014865 0.010873 0.004610
v 0.014865 0.011156 0.003874
v 0.014865 0.011390 0.003120
v 0.014865 0.011573 0.002352
v 0.014865 0.011705 0.001574
v 0.014659 -0.011604 0.000000
v 0.014659 -0.011576 -0.000796
v 0.014659 -0.011576 0.000796
v 0.014659 -0.011495 0.001582
v 0.014659 -0.011361 0.002360
v 0.014659 -0.011173 0.003131
v 0.014659 -0.010934 0.003886
v 0.014659 -0.010643 0.004622
v 0.014659 -0.010302 0.005339
v 0.014659 -0.009915 0.006028
v 0.014659 -0.009480 0.006692
v 0.014659 -0.009001 0.007324
v 0.014659 -0.008481 0.007920
v 0.014659 -0.007920 0.008481
v 0.014659 -0.007324 0.009001
v 0.014659 -0.006692 0.009480
v 0.014659 -0.006028 0.009915
v 0.014659 -0.005339 0.010302
v 0.014659 -0.004622 0.010643
v 0.014659 -0.003886 0.010934
v 0.014659 -0.003131 0.011173
v 0.014659 -0.002360 0.011361
v 0.014659 -0.001581 0.011496
v 0.014659 -0.000791 0.011577
v 0.014659 0.000000 0.011604
v 0.014659 0.000791 0.011577
v 0.014659 0.001581 0.011496
v 0.014659 0.002360 0.011361
v 0.014659 0.003131 0.011173
v 0.014659 0.003886 0.010934
v 0.014659 0.004622 0.010643
v 0.014659 0.005339 0.010302
v 0.014659 0.006028 0.009915
v 0.014659 0.006692 0.009480
v 0.014659 0.007324 0.009001
v 0.014659 0.007920 0.008481
v 0.014659 0.008481 0.007920
v 0.014659 0.009001 0.007324
v 0.014659 0.009480 0.006692
v 0.014659 0.009915 0.006028
v 0.014659 0.010302 0.005339
v 0.014659 0.010643 0.004622
v 0.014659 0.010934 0.003886
v 0.014659 0.011173 0.003131
v 0.014659 0.011361 0.002360
v 0.014659 0.011495 0.001582
v 0.014659 0.011576 0.000796
v 0.014659 0.011604 0.000000
v 0.014865 0.011784 -0.000789
v 0.014659 -0.011501 0.000000
v 0.014659 -0.011474 -0.000789
v 0.014659 -0.011393 0.001568
v 0.014659 -0.011474 0.000789
v 0.014659 -0.011260 0.002339
v 0.014659 -0.011074 0.003103
v 0.014659 -0.010837 0.003852
v 0.014659 -0.010549 0.004581
v 0.014659 -0.010211 0.005292
v 0.014659 -0.009827 0.005975
v 0.014659 -0.009396 0.006632
v 0.014659 -0.008921 0.007259
v 0.014659 -0.008406 0.007849
v 0.014659 -0.007849 0.008406
v 0.014659 -0.007259 0.008921
v 0.014659 -0.006632 0.009396
v 0.014659 -0.005975 0.009827
v 0.014659 -0.005292 0.010211
v 0.014659 -0.004581 0.010549
v 0.014659 -0.003852 0.010837
v 0.014659 -0.003103 0.011074
v 0.014659 -0.002339 0.011260
v 0.014659 -0.001567 0.011394
v 0.014659 0.000000 0.011501
v 0.014659 -0.000784 0.011474
v 0.014659 0.000784 0.011474
v 0.014659 0.002339 0.011260
v 0.014659 0.001567 0.011394
v 0.014659 0.003103 0.011074
v 0.014659 0.003852 0.010837
v 0.014659 0.004581 0.010549
v 0.014659 0.005292 0.010211
v 0.014659 0.005975 0.009827
v 0.014659 0.006632 0.009396
v 0.014659 0.007259 0.008921
v 0.014659 0.007849 0.008406
v 0.014659 0.008406 0.007849
v 0.014659 0.008921 0.007259
v 0.014659 0.009396 0.006632
v 0.014659 0.009827 0.005975
v 0.014659 0.010211 0.005292
v 0.014659 0.010549 0.004581
v 0.014659 0.010837 0.003852
v 0.014659 0.011074 0.003103
v 0.014659 0.011260 0.002339
v 0.014659 0.011393 0.001568
v 0.014659 0.011474 0.000789
v 0.014659 0.011501 0.000000
v 0.014659 0.011576 -0.000796
v 0.014659 -0.011393 -0.001568
v 0.014659 -0.011495 -0.001582
v 0.014865 -0.011705 -0.001574
v 0.014659 -0.011260 -0.002339
v 0.014659 -0.011361 -0.002360
v 0.014865 -0.011573 -0.002352
v 0.014659 -0.011074 -0.003103
v 0.014659 -0.011173 -0.003131
v 0.014865 -0.011390 -0.003120
v 0.014659 -0.010837 -0.003852
v 0.014659 -0.010934 -0.003886
v 0.014865 -0.011156 -0.003874
v 0.014659 -0.010549 -0.004581
v 0.014659 -0.010643 -0.004622
v 0.014865 -0.010873 -0.004610
v 0.014659 -0.010211 -0.005292
v 0.014659 -0.010302 -0.005339
v 0.014865 -0.010541 -0.005326
v 0.014659 -0.009827 -0.005975
v 0.014659 -0.009915 -0.006028
v 0.014865 -0.010161 -0.006019
v 0.014659 -0.009396 -0.006632
v 0.014659 -0.009480 -0.006692
v 0.014865 -0.009737 -0.006684
v 0.014659 -0.008921 -0.007259
v 0.014659 -0.009001 -0.007324
v 0.014865 -0.009268 -0.007319
v 0.014659 -0.008406 -0.007849
v 0.014659 -0.008481 -0.007920
v 0.014865 -0.008759 -0.007922
v 0.014659 -0.007849 -0.008406
v 0.014659 -0.007920 -0.008481
v 0.014865 -0.008210 -0.008489
v 0.014659 -0.007259 -0.008921
v 0.014659 -0.007324 -0.009001
v 0.014865 -0.007625 -0.009019
v 0.014659 -0.006632 -0.009396
v 0.014659 -0.006692 -0.009480
v 0.014865 -0.007005 -0.009508
v 0.014659 -0.005975 -0.009827
v 0.014659 -0.006028 -0.009915
v 0.014865 -0.006355 -0.009954
v 0.014659 -0.005292 -0.010211
v 0.014659 -0.005339 -0.010302
v 0.014865 -0.005676 -0.010357
v 0.014659 -0.004581 -0.010549
v 0.014659 -0.004622 -0.010643
v 0.014865 -0.004971 -0.010713
v 0.014659 -0.003852 -0.010837
v 0.014659 -0.003886 -0.010934
v 0.014865 -0.004245 -0.011021
v 0.014659 -0.003103 -0.011074
v 0.014659 -0.003131 -0.011173
v 0.014865 -0.003499 -0.011280
v 0.014659 -0.002339 -0.011260
v 0.014659 -0.002360 -0.011361
v 0.014865 -0.002738 -0.011488
v 0.014659 -0.000784 -0.011474
v 0.014659 -0.001581 -0.011496
v 0.014865 -0.001964 -0.011645
v 0.014659 -0.001567 -0.011394
v 0.014659 0.000791 -0.011577
v 0.014659 -0.000791 -0.011577
v 0.014865 -0.001182 -0.011751
v 0.014659 0.000000 -0.011501
v 0.014659 0.000000 -0.011604
v 0.014865 -0.000395 -0.011803
v 0.014865 0.000395 -0.011803
v 0.014659 0.001581 -0.011496
v 0.014865 0.001182 -0.011751
v 0.014659 0.001567 -0.011394
v 0.014659 0.002360 -0.011361
v 0.014865 0.001964 -0.011645
v 0.014659 0.000784 -0.011474
v 0.014659 0.002339 -0.011260
v 0.014659 0.003131 -0.011173
v 0.014865 0.002738 -0.011488
v 0.014659 0.003103 -0.011074
v 0.014659 0.003886 -0.010934
v 0.014865 0.003499 -0.011280
v 0.014659 0.003852 -0.010837
v 0.014659 0.004622 -0.010643
v 0.014865 0.004245 -0.011021
v 0.014659 0.004581 -0.010549
v 0.014659 0.005339 -0.010302
v 0.014865 0.004971 -0.010713
v 0.014659 0.005292 -0.010211
v 0.014659 0.006028 -0.009915
v 0.014865 0.005676 -0.010357
v 0.014659 0.005975 -0.009827
v 0.014659 0.006692 -0.009480
v 0.014865 0.006355 -0.009954
v 0.014659 0.006632 -0.009396
v 0.014659 0.007324 -0.009001
v 0.014865 0.007005 -0.009508
v 0.014659 0.007259 -0.008921
v 0.014659 0.007920 -0.008481
v 0.014865 0.007625 -0.009019
v 0.014659 0.007849 -0.008406
v 0.014659 0.008481 -0.007920
v 0.014865 0.008210 -0.008489
v 0.014659 0.008406 -0.007849
v 0.014659 0.009001 -0.007324
v 0.014865 0.008759 -0.007922
v 0.014659 0.008921 -0.007259
v 0.014659 0.009480 -0.006692
v 0.014865 0.009268 -0.007319
v 0.014659 0.009396 -0.006632
v 0.014659 0.009915 -0.006028
v 0.014865 0.009737 -0.006684
v 0.014659 0.009827 -0.005975
v 0.014659 0.010302 -0.005339
v 0.014865 0.010161 -0.006019
v 0.014659 0.010211 -0.005292
v 0.014659 0.010643 -0.004622
v 0.014865 0.010541 -0.005326
v 0.014659 0.010549 -0.004581
v 0.014659 0.010934 -0.003886
v 0.014865 0.010873 -0.004610
v 0.014659 0.010837 -0.003852
v 0.014659 0.011173 -0.003131
v 0.014865 0.011156 -0.003874
v 0.014659 0.011074 -0.003103
v 0.014659 0.011361 -0.002360
v 0.014865 0.011390 -0.003120
v 0.014659 0.011260 -0.002339
v 0.014659 0.011495 -0.001582
v 0.014865 0.011573 -0.002352
v 0.014659 0.011393 -0.001568
v 0.014865 0.011705 -0.001574
v 0.014659 0.011474 -0.000789
v -0.118271 0.011501 0.000000
v -0.118271 0.011474 0.000785
v -0.118271 0.011474 -0.000785
v -0.118271 0.011394 -0.001566
v -0.118271 0.011260 -0.002340
v -0.118271 0.011074 -0.003103
v -0.118271 0.010837 -0.003851
v -0.118271 0.010549 -0.004582
v -0.118271 0.010211 -0.005291
v -0.118271 0.009827 -0.005976
v -0.118271 0.009396 -0.006632
v -0.118271 0.008921 -0.007258
v -0.118271 0.008405 -0.007850
v -0.118271 0.007850 -0.008405
v -0.118271 0.007258 -0.008921
v -0.118271 0.006632 -0.009396
v -0.118271 0.005976 -0.009827
v -0.118271 0.005291 -0.010211
v -0.118271 0.004582 -0.010549
v -0.118271 0.003851 -0.010837
v -0.118271 0.003103 -0.011074
v -0.118271 0.002340 -0.011260
v -0.118271 0.001566 -0.011394
v -0.118271 0.000785 -0.011474
v -0.118271 0.000000 -0.011501
v -0.118271 -0.000785 -0.011474
v -0.118271 -0.001566 -0.011394
v -0.118271 -0.002340 -0.011260
v -0.118271 -0.003103 -0.011074
v -0.118271 -0.003851 -0.010837
v -0.118271 -0.004582 -0.010549
v -0.118271 -0.005291 -0.010211
v -0.118271 -0.005976 -0.009827
v -0.118271 -0.006632 -0.009396
v -0.118271 -0.007258 -0.008921
v -0.118271 -0.007850 -0.008405
v -0.118271 -0.008405 -0.007850
v -0.118271 -0.008921 -0.007258
v -0.118271 -0.009396 -0.006632
v -0.118271 -0.009827 -0.005976
v -0.118271 -0.010211 -0.005291
v -0.118271 -0.010549 -0.004582
v -0.118271 -0.010837 -0.003851
v -0.118271 -0.011074 -0.003103
v -0.118271 -0.011260 -0.002340
v -0.118271 -0.011394 -0.001566
v -0.118271 -0.011474 -0.000785
v -0.118271 -0.011501 0.000000
v -0.118271 -0.011474 0.000785
v -0.118271 -0.011394 0.001566
v -0.118271 -0.011260 0.002340
v -0.118271 -0.011074 0.003103
v -0.118271 -0.010837 0.003851
v -0.118271 -0.010549 0.004582
v -0.118271 -0.010211 0.005291
v -0.118271 -0.009827 0.005976
v -0.118271 -0.009396 0.006632
v -0.118271 -0.008921 0.007258
v -0.118271 -0.008405 0.007850
v -0.118271 -0.007850 0.008405
v -0.118271 -0.007258 0.008921
v -0.118271 -0.006632 0.009396
v -0.118271 -0.005976 0.009827
v -0.118271 -0.005291 0.010211
v -0.118271 -0.004582 0.010549
v -0.118271 -0.003851 0.010837
v -0.118271 -0.003103 0.011074
v -0.118271 -0.002340 0.011260
v -0.118271 -0.001566 0.011394
v -0.118271 -0.000785 0.011474
v -0.118271 -0.000000 0.011501
v -0.118271 0.000785 0.011474
v -0.118271 0.001566 0.011394
v -0.118271 0.002340 0.011260
v -0.118271 0.003103 0.011074
v -0.118271 0.003851 0.010837
v -0.118271 0.004582 0.010549
v -0.118271 0.005291 0.010211
v -0.118271 0.005976 0.009827
v -0.118271 0.006632 0.009396
v -0.118271 0.007258 0.008921
v -0.118271 0.007850 0.008405
v -0.118271 0.008405 0.007850
v -0.118271 0.008921 0.007258
v -0.118271 0.009396 0.006632
v -0.118271 0.009827 0.005976
v -0.118271 0.010211 0.005291
v -0.118271 0.010549 0.004582
v -0.118271 0.010837 0.003851
v -0.118271 0.011074 0.003103
v -0.118271 0.011260 0.002340
v -0.118271 0.011394 0.001566
v -0.118442 -0.011329 0.000000
v -0.118442 -0.011322 -0.000398
v -0.118442 -0.011301 0.000794
v -0.118442 -0.011322 0.000398
v -0.118442 -0.011219 0.001579
v -0.118442 -0.011267 0.001188
v -0.118442 -0.011082 0.002355
v -0.118442 -0.011157 0.001967
v -0.118442 -0.010890 0.003123
v -0.118442 -0.010993 0.002740
v -0.118442 -0.010646 0.003875
v -0.118442 -0.010774 0.003502
v -0.118442 -0.010350 0.004607
v -0.118442 -0.010505 0.004243
v -0.118442 -0.010003 0.005320
v -0.118442 -0.010182 0.004967
v -0.118442 -0.009608 0.006003
v -0.118442 -0.009811 0.005665
v -0.118442 -0.009165 0.006659
v -0.118442 -0.009392 0.006335
v -0.118442 -0.008679 0.007282
v -0.118442 -0.008927 0.006976
v -0.118442 -0.008150 0.007869
v -0.118442 -0.008420 0.007580
v -0.118442 -0.007580 0.008420
v -0.118442 -0.007869 0.008150
v -0.118442 -0.006976 0.008927
v -0.118442 -0.007282 0.008679
v -0.118442 -0.006335 0.009392
v -0.118442 -0.006659 0.009165
v -0.118442 -0.005665 0.009811
v -0.118442 -0.006003 0.009608
v -0.118442 -0.004967 0.010182
v -0.118442 -0.005320 0.010003
v -0.118442 -0.004243 0.010505
v -0.118442 -0.004607 0.010350
v -0.118442 -0.003502 0.010774
v -0.118442 -0.003875 0.010646
v -0.118442 -0.002740 0.010993
v -0.118442 -0.003123 0.010890
v -0.118442 -0.001967 0.011157
v -0.118442 -0.002355 0.011082
v -0.118442 -0.001185 0.011267
v -0.118442 -0.001578 0.011219
v -0.118442 -0.000394 0.011322
v -0.118442 -0.000790 0.011301
v -0.118442 0.000000 0.011329
v -0.118442 0.000790 0.011301
v -0.118442 0.000394 0.011322
v -0.118442 0.001578 0.011219
v -0.118442 0.001185 0.011267
v -0.118442 0.002355 0.011082
v -0.118442 0.001967 0.011157
v -0.118442 0.003123 0.010890
v -0.118442 0.002740 0.010993
v -0.118442 0.003875 0.010646
v -0.118442 0.003502 0.010774
v -0.118442 0.004607 0.010350
v -0.118442 0.004243 0.010505
v -0.118442 0.005320 0.010003
v -0.118442 0.004967 0.010182
v -0.118442 0.006003 0.009608
v -0.118442 0.005665 0.009811
v -0.118442 0.006659 0.009165
v -0.118442 0.006335 0.009392
v -0.118442 0.007282 0.008679
v -0.118442 0.006976 0.008927
v -0.118442 0.007869 0.008150
v -0.118442 0.007580 0.008420
v -0.118442 0.008420 0.007580
v -0.118442 0.008150 0.007869
v -0.118442 0.008927 0.006976
v -0.118442 0.008679 0.007282
v -0.118442 0.009392 0.006335
v -0.118442 0.009165 0.006659
v -0.118442 0.009811 0.005665
v -0.118442 0.009608 0.006003
v -0.118442 0.010182 0.004967
v -0.118442 0.010003 0.005320
v -0.118442 0.010505 0.004243
v -0.118442 0.010350 0.004607
v -0.118442 0.010774 0.003502
v -0.118442 0.010646 0.003875
v -0.118442 0.010993 0.002740
v -0.118442 0.010890 0.003123
v -0.118442 0.011157 0.001967
v -0.118442 0.011082 0.002355
v -0.118442 0.011267 0.001188
v -0.118442 0.011219 0.001579
v -0.118442 0.011322 0.000398
v -0.118442 0.011301 0.000794
v -0.118442 0.011329 0.000000
v -0.118442 -0.010746 0.000000
v -0.118442 -0.010718 -0.000770
v -0.118442 -0.010718 0.000770
v -0.118442 -0.010636 0.001531
v -0.118442 -0.010500 0.002283
v -0.118442 -0.010310 0.003028
v -0.118442 -0.010068 0.003755
v -0.118442 -0.009774 0.004464
v -0.118442 -0.009431 0.005151
v -0.118442 -0.009040 0.005809
v -0.118442 -0.008602 0.006440
v -0.118442 -0.008121 0.007036
v -0.118442 -0.007598 0.007598
v -0.118442 -0.007036 0.008121
v -0.118442 -0.006440 0.008602
v -0.118442 -0.005809 0.009040
v -0.118442 -0.005151 0.009431
v -0.118442 -0.004464 0.009774
v -0.118442 -0.003755 0.010068
v -0.118442 -0.003028 0.010310
v -0.118442 -0.002283 0.010500
v -0.118442 -0.001530 0.010636
v -0.118442 -0.000766 0.010718
v -0.118442 0.000000 0.010746
v -0.118442 0.001530 0.010636
v -0.118442 0.000766 0.010718
v -0.118442 0.002283 0.010500
v -0.118442 0.003028 0.010310
v -0.118442 0.003755 0.010068
v -0.118442 0.004464 0.009774
v -0.118442 0.005151 0.009431
v -0.118442 0.005809 0.009040
v -0.118442 0.006440 0.008602
v -0.118442 0.007036 0.008121
v -0.118442 0.007598 0.007598
v -0.118442 0.008121 0.007036
v -0.118442 0.008602 0.006440
v -0.118442 0.009040 0.005809
v -0.118442 0.009431 0.005151
v -0.118442 0.009774 0.004464
v -0.118442 0.010068 0.003755
v -0.118442 0.010310 0.003028
v -0.118442 0.010500 0.002283
v -0.118442 0.010636 0.001531
v -0.118442 0.010718 0.000770
v -0.118442 0.010746 0.000000
v -0.118442 0.011322 -0.000398
v -0.118442 -0.011301 -0.000794
v -0.118442 -0.010636 -0.001531
v -0.118442 -0.011267 -0.001188
v -0.118442 -0.011219 -0.001579
v -0.118442 -0.010500 -0.002283
v -0.118442 -0.011157 -0.001967
v -0.118442 -0.011082 -0.002355
v -0.118442 -0.010310 -0.003028
v -0.118442 -0.010993 -0.002740
v -0.118442 -0.010890 -0.003123
v -0.118442 -0.010068 -0.003755
v -0.118442 -0.010774 -0.003502
v -0.118442 -0.010646 -0.003875
v -0.118442 -0.009774 -0.004464
v -0.118442 -0.010505 -0.004243
v -0.118442 -0.010350 -0.004607
v -0.118442 -0.009431 -0.005151
v -0.118442 -0.010182 -0.004967
v -0.118442 -0.010003 -0.005320
v -0.118442 -0.009040 -0.005809
v -0.118442 -0.009811 -0.005665
v -0.118442 -0.009608 -0.006003
v -0.118442 -0.008602 -0.006440
v -0.118442 -0.009392 -0.006335
v -0.118442 -0.009165 -0.006659
v -0.118442 -0.008121 -0.007036
v -0.118442 -0.008927 -0.006976
v -0.118442 -0.008679 -0.007282
v -0.118442 -0.007598 -0.007598
v -0.118442 -0.008420 -0.007580
v -0.118442 -0.008150 -0.007869
v -0.118442 -0.007036 -0.008121
v -0.118442 -0.007869 -0.008150
v -0.118442 -0.006440 -0.008602
v -0.118442 -0.007580 -0.008420
v -0.118442 -0.007282 -0.008679
v -0.118442 -0.005809 -0.009040
v -0.118442 -0.006976 -0.008927
v -0.118442 -0.006659 -0.009165
v -0.118442 -0.005151 -0.009431
v -0.118442 -0.006335 -0.009392
v -0.118442 -0.006003 -0.009608
v -0.118442 -0.004464 -0.009774
v -0.118442 -0.005665 -0.009811
v -0.118442 -0.003755 -0.010068
v -0.118442 -0.005320 -0.010003
v -0.118442 -0.004967 -0.010182
v -0.118442 -0.003028 -0.010310
v -0.118442 -0.004607 -0.010350
v -0.118442 -0.002283 -0.010500
v -0.118442 -0.004243 -0.010505
v -0.118442 -0.001530 -0.010636
v -0.118442 -0.003875 -0.010646
v -0.118442 0.000000 -0.010746
v -0.118442 -0.003502 -0.010774
v -0.118442 -0.000766 -0.010718
v -0.118442 0.003123 -0.010890
v -0.118442 -0.003123 -0.010890
v -0.118442 0.003502 -0.010774
v -0.118442 0.002740 -0.010993
v -0.118442 -0.002740 -0.010993
v -0.118442 0.002355 -0.011082
v -0.118442 -0.002355 -0.011082
v -0.118442 0.001967 -0.011157
v -0.118442 -0.001967 -0.011157
v -0.118442 0.001578 -0.011219
v -0.118442 -0.001578 -0.011219
v -0.118442 0.001185 -0.011267
v -0.118442 -0.001185 -0.011267
v -0.118442 0.000790 -0.011301
v -0.118442 -0.000790 -0.011301
v -0.118442 0.000394 -0.011322
v -0.118442 -0.000394 -0.011322
v -0.118442 0.000000 -0.011329
v -0.118442 0.000766 -0.010718
v -0.118442 0.003875 -0.010646
v -0.118442 0.001530 -0.010636
v -0.118442 0.004243 -0.010505
v -0.118442 0.002283 -0.010500
v -0.118442 0.004607 -0.010350
v -0.118442 0.003028 -0.010310
v -0.118442 0.004967 -0.010182
v -0.118442 0.003755 -0.010068
v -0.118442 0.005320 -0.010003
v -0.118442 0.004464 -0.009774
v -0.118442 0.005665 -0.009811
v -0.118442 0.006003 -0.009608
v -0.118442 0.005151 -0.009431
v -0.118442 0.006335 -0.009392
v -0.118442 0.005809 -0.009040
v -0.118442 0.006659 -0.009165
v -0.118442 0.006976 -0.008927
v -0.118442 0.006440 -0.008602
v -0.118442 0.007282 -0.008679
v -0.118442 0.007580 -0.008420
v -0.118442 0.007036 -0.008121
v -0.118442 0.007869 -0.008150
v -0.118442 0.008150 -0.007869
v -0.118442 0.007598 -0.007598
v -0.118442 0.008420 -0.007580
v -0.118442 0.008121 -0.007036
v -0.118442 0.008679 -0.007282
v -0.118442 0.008927 -0.006976
v -0.118442 0.008602 -0.006440
v -0.118442 0.009165 -0.006659
v -0.118442 0.009392 -0.006335
v -0.118442 0.009040 -0.005809
v -0.118442 0.009608 -0.006003
v -0.118442 0.009811 -0.005665
v -0.118442 0.009431 -0.005151
v -0.118442 0.010003 -0.005320
v -0.118442 0.010182 -0.004967
v -0.118442 0.009774 -0.004464
v -0.118442 0.010350 -0.004607
v -0.118442 0.010505 -0.004243
v -0.118442 0.010068 -0.003755
v -0.118442 0.010646 -0.003875
v -0.118442 0.010774 -0.003502
v -0.118442 0.010310 -0.003028
v -0.118442 0.010890 -0.003123
v -0.118442 0.010993 -0.002740
v -0.118442 0.010500 -0.002283
v -0.118442 0.011082 -0.002355
v -0.118442 0.011157 -0.001967
v -0.118442 0.010636 -0.001531
v -0.118442 0.011219 -0.001579
v -0.118442 0.011267 -0.001188
v -0.118442 0.010718 -0.000770
v -0.118442 0.011301 -0.000794
v -0.121532 0.010746 0.000000
v -0.121532 0.010718 0.000767
v -0.121532 0.010718 -0.000767
v -0.121532 0.010636 -0.001529
v -0.121532 0.010500 -0.002284
v -0.121532 0.010310 -0.003027
v -0.121532 0.010068 -0.003755
v -0.121532 0.009775 -0.004464
v -0.121532 0.009431 -0.005150
v -0.121532 0.009040 -0.005810
v -0.121532 0.008602 -0.006440
v -0.121532 0.008121 -0.007037
v -0.121532 0.007598 -0.007598
v -0.121532 0.007037 -0.008121
v -0.121532 0.006440 -0.008602
v -0.121532 0.005810 -0.009040
v -0.121532 0.005150 -0.009431
v -0.121532 0.004464 -0.009775
v -0.121532 0.003755 -0.010068
v -0.121532 0.003027 -0.010310
v -0.121532 0.002284 -0.010500
v -0.121532 0.001529 -0.010636
v -0.121532 0.000767 -0.010718
v -0.121532 0.000000 -0.010746
v -0.121532 -0.000767 -0.010718
v -0.121532 -0.001529 -0.010636
v -0.121532 -0.002284 -0.010500
v -0.121532 -0.003027 -0.010310
v -0.121532 -0.003755 -0.010068
v -0.121532 -0.004464 -0.009775
v -0.121532 -0.005150 -0.009431
v -0.121532 -0.005810 -0.009040
v -0.121532 -0.006440 -0.008602
v -0.121532 -0.007037 -0.008121
v -0.121532 -0.007598 -0.007598
v -0.121532 -0.008121 -0.007037
v -0.121532 -0.008602 -0.006440
v -0.121532 -0.009040 -0.005810
v -0.121532 -0.009431 -0.005150
v -0.121532 -0.009775 -0.004464
v -0.121532 -0.010068 -0.003755
v -0.121532 -0.010310 -0.003027
v -0.121532 -0.010500 -0.002284
v -0.121532 -0.010636 -0.001529
v -0.121532 -0.010718 -0.000767
v -0.121532 -0.010746 0.000000
v -0.121532 -0.010718 0.000767
v -0.121532 -0.010636 0.001529
v -0.121532 -0.010500 0.002284
v -0.121532 -0.010310 0.003027
v -0.121532 -0.010068 0.003755
v -0.121532 -0.009775 0.004464
v -0.121532 -0.009431 0.005150
v -0.121532 -0.009040 0.005810
v -0.121532 -0.008602 0.006440
v -0.121532 -0.008121 0.007037
v -0.121532 -0.007598 0.007598
v -0.121532 -0.007037 0.008121
v -0.121532 -0.006440 0.008602
v -0.121532 -0.005810 0.009040
v -0.121532 -0.005150 0.009431
v -0.121532 -0.004464 0.009775
v -0.121532 -0.003755 0.010068
v -0.121532 -0.003027 0.010310
v -0.121532 -0.002284 0.010500
v -0.121532 -0.001529 0.010636
v -0.121532 -0.000767 0.010718
v -0.121532 -0.000000 0.010746
v -0.121532 0.000767 0.010718
v -0.121532 0.001529 0.010636
v -0.121532 0.002284 0.010500
v -0.121532 0.003027 0.010310
v -0.121532 0.003755 0.010068
v -0.121532 0.004464 0.009775
v -0.121532 0.005150 0.009431
v -0.121532 0.005810 0.009040
v -0.121532 0.006440 0.008602
v -0.121532 0.007037 0.008121
v -0.121532 0.007598 0.007598
v -0.121532 0.008121 0.007037
v -0.121532 0.008602 0.006440
v -0.121532 0.009040 0.005810
v -0.121532 0.009431 0.005150
v -0.121532 0.009775 0.004464
v -0.121532 0.010068 0.003755
v -0.121532 0.010310 0.003027
v -0.121532 0.010500 0.002284
v -0.121532 0.010636 0.001529
v -0.130458 -0.007982 0.000000
v -0.130458 -0.007975 -0.000332
v -0.130458 -0.007954 0.000662
v -0.130458 -0.007975 0.000332
v -0.130458 -0.007873 0.001315
v -0.130458 -0.007920 0.000990
v -0.130458 -0.007738 0.001959
v -0.130458 -0.007812 0.001637
v -0.130458 -0.007650 0.002278
v -0.130458 -0.007436 0.002901
v -0.130458 -0.007549 0.002592
v -0.130458 -0.007171 0.003505
v -0.130458 -0.007310 0.003206
v -0.130458 -0.006857 0.004086
v -0.130458 -0.007019 0.003800
v -0.130458 -0.006683 0.004365
v -0.130458 -0.006299 0.004903
v -0.130458 -0.006496 0.004638
v -0.130458 -0.005873 0.005406
v -0.130458 -0.006090 0.005159
v -0.130458 -0.005645 0.005643
v -0.130458 -0.005158 0.006091
v -0.130458 -0.005406 0.005872
v -0.130458 -0.004639 0.006496
v -0.130458 -0.004902 0.006299
v -0.130458 -0.004085 0.006857
v -0.130458 -0.004366 0.006682
v -0.130458 -0.003798 0.007020
v -0.130458 -0.003207 0.007309
v -0.130458 -0.003506 0.007171
v -0.130458 -0.002591 0.007550
v -0.130458 -0.002901 0.007436
v -0.130458 -0.001960 0.007737
v -0.130458 -0.002277 0.007650
v -0.130458 -0.001638 0.007812
v -0.130458 -0.000987 0.007921
v -0.130458 -0.001313 0.007873
v -0.130458 -0.000331 0.007975
v -0.130458 -0.000660 0.007955
v -0.130458 0.000000 0.007982
v -0.130458 0.000660 0.007955
v -0.130458 0.000331 0.007975
v -0.130458 0.001313 0.007873
v -0.130458 0.000987 0.007921
v -0.130458 0.001960 0.007737
v -0.130458 0.001638 0.007812
v -0.130458 0.002277 0.007650
v -0.130458 0.002901 0.007436
v -0.130458 0.002591 0.007550
v -0.130458 0.003506 0.007171
v -0.130458 0.003207 0.007309
v -0.130458 0.004085 0.006857
v -0.130458 0.003798 0.007020
v -0.130458 0.004366 0.006682
v -0.130458 0.004902 0.006299
v -0.130458 0.004639 0.006496
v -0.130458 0.005406 0.005872
v -0.130458 0.005158 0.006091
v -0.130458 0.005645 0.005643
v -0.130458 0.006090 0.005159
v -0.130458 0.005873 0.005406
v -0.130458 0.006496 0.004638
v -0.130458 0.006299 0.004903
v -0.130458 0.006857 0.004086
v -0.130458 0.006683 0.004365
v -0.130458 0.007019 0.003800
v -0.130458 0.007310 0.003206
v -0.130458 0.007171 0.003505
v -0.130458 0.007549 0.002592
v -0.130458 0.007436 0.002901
v -0.130458 0.007738 0.001959
v -0.130458 0.007650 0.002278
v -0.130458 0.007812 0.001637
v -0.130458 0.007920 0.000990
v -0.130458 0.007873 0.001315
v -0.130458 0.007975 0.000332
v -0.130458 0.007954 0.000662
v -0.130458 0.007982 0.000000
v -0.130458 0.007975 -0.000332
v -0.130458 0.007954 -0.000662
v -0.130458 -0.007954 -0.000662
v -0.130458 0.007920 -0.000990
v -0.130458 -0.007920 -0.000990
v -0.130458 0.007873 -0.001315
v -0.130458 -0.007873 -0.001315
v -0.130458 0.007812 -0.001637
v -0.130458 -0.007812 -0.001637
v -0.130458 0.007738 -0.001959
v -0.130458 -0.007738 -0.001959
v -0.130458 0.007650 -0.002278
v -0.130458 -0.007650 -0.002278
v -0.130458 0.007549 -0.002592
v -0.130458 -0.007549 -0.002592
v -0.130458 0.007436 -0.002901
v -0.130458 -0.007436 -0.002901
v -0.130458 0.007310 -0.003206
v -0.130458 -0.007310 -0.003206
v -0.130458 0.007171 -0.003505
v -0.130458 -0.007171 -0.003505
v -0.130458 0.007019 -0.003800
v -0.130458 -0.007019 -0.003800
v -0.130458 0.006857 -0.004086
v -0.130458 -0.006857 -0.004086
v -0.130458 0.006683 -0.004365
v -0.130458 -0.006683 -0.004365
v -0.130458 0.006496 -0.004638
v -0.130458 -0.006496 -0.004638
v -0.130458 0.006299 -0.004903
v -0.130458 -0.006299 -0.004903
v -0.130458 0.006090 -0.005159
v -0.130458 -0.006090 -0.005159
v -0.130458 0.005873 -0.005406
v -0.130458 -0.005873 -0.005406
v -0.130458 0.005645 -0.005643
v -0.130458 -0.005645 -0.005643
v -0.130458 0.005406 -0.005872
v -0.130458 -0.005406 -0.005872
v -0.130458 0.005158 -0.006091
v -0.130458 -0.005158 -0.006091
v -0.130458 0.004902 -0.006299
v -0.130458 -0.004902 -0.006299
v -0.130458 0.004639 -0.006496
v -0.130458 -0.004639 -0.006496
v -0.130458 0.004366 -0.006682
v -0.130458 -0.004366 -0.006682
v -0.130458 0.004085 -0.006857
v -0.130458 -0.004085 -0.006857
v -0.130458 0.003798 -0.007020
v -0.130458 -0.003798 -0.007020
v -0.130458 0.003506 -0.007171
v -0.130458 -0.003506 -0.007171
v -0.130458 0.003207 -0.007309
v -0.130458 -0.003207 -0.007309
v -0.130458 0.002901 -0.007436
v -0.130458 -0.002901 -0.007436
v -0.130458 0.002591 -0.007550
v -0.130458 -0.002591 -0.007550
v -0.130458 0.002277 -0.007650
v -0.130458 -0.002277 -0.007650
v -0.130458 0.001960 -0.007737
v -0.130458 -0.001960 -0.007737
v -0.130458 0.001638 -0.007812
v -0.130458 -0.001638 -0.007812
v -0.130458 0.001313 -0.007873
v -0.130458 -0.001313 -0.007873
v -0.130458 0.000987 -0.007921
v -0.130458 -0.000987 -0.007921
v -0.130458 0.000660 -0.007955
v -0.130458 -0.000660 -0.007955
v -0.130458 0.000331 -0.007975
v -0.130458 -0.000331 -0.007975
v -0.130458 0.000000 -0.007982
v 0.090266 0.002443 -0.000685
v 0.090266 0.002327 -0.001011
v 0.090266 0.002168 -0.001318
v 0.090266 0.001968 -0.001601
v 0.090266 0.001732 -0.001854
v 0.090266 0.001463 -0.002073
v 0.090266 0.001167 -0.002253
v 0.090266 0.000850 -0.002391
v 0.090266 0.000516 -0.002484
v 0.090266 0.000173 -0.002531
v 0.090266 -0.000173 -0.002531
v 0.090266 -0.000516 -0.002484
v 0.090266 -0.000850 -0.002391
v 0.090266 -0.001167 -0.002253
v 0.090266 -0.001463 -0.002073
v 0.090266 -0.001732 -0.001854
v 0.090266 -0.001968 -0.001601
v 0.090266 -0.002168 -0.001318
v 0.090266 -0.002327 -0.001011
v 0.090266 -0.002443 -0.000685
v 0.090203 0.002540 -0.000365
v 0.090203 0.002463 -0.000723
v 0.090203 0.002508 -0.000546
v 0.090203 0.002335 -0.001066
v 0.090203 0.002405 -0.000897
v 0.090203 0.002159 -0.001388
v 0.090203 0.002253 -0.001230
v 0.090203 0.001940 -0.001681
v 0.090203 0.002055 -0.001538
v 0.090203 0.001681 -0.001940
v 0.090203 0.001815 -0.001815
v 0.090203 0.001388 -0.002159
v 0.090203 0.001538 -0.002055
v 0.090203 0.001066 -0.002335
v 0.090203 0.001230 -0.002253
v 0.090203 0.000723 -0.002463
v 0.090203 0.000897 -0.002405
v 0.090203 0.000365 -0.002540
v 0.090203 0.000546 -0.002508
v 0.090203 0.000000 -0.002567
v 0.090203 0.000183 -0.002560
v 0.090203 -0.000183 -0.002560
v 0.090203 -0.000546 -0.002508
v 0.090203 -0.000365 -0.002540
v 0.090203 -0.000897 -0.002405
v 0.090203 -0.000723 -0.002463
v 0.090203 -0.001230 -0.002253
v 0.090203 -0.001066 -0.002335
v 0.090203 -0.001538 -0.002055
v 0.090203 -0.001388 -0.002159
v 0.090203 -0.001815 -0.001815
v 0.090203 -0.001681 -0.001940
v 0.090203 -0.002055 -0.001538
v 0.090203 -0.001940 -0.001681
v 0.090203 -0.002253 -0.001230
v 0.090203 -0.002159 -0.001388
v 0.090203 -0.002405 -0.000897
v 0.090203 -0.002335 -0.001066
v 0.090203 -0.002508 -0.000546
v 0.090203 -0.002463 -0.000723
v 0.090203 -0.002540 -0.000365
v 0.086027 0.003427 -0.000433
v 0.086027 0.003393 -0.000647
v 0.086027 0.003346 -0.000859
v 0.086027 0.003285 -0.001067
v 0.086027 0.003212 -0.001272
v 0.086027 0.003125 -0.001471
v 0.086027 0.003027 -0.001664
v 0.086027 0.002794 -0.002030
v 0.086027 0.002916 -0.001851
v 0.086027 0.002661 -0.002202
v 0.086027 0.002518 -0.002364
v 0.086027 0.002364 -0.002518
v 0.086027 0.002202 -0.002661
v 0.086027 0.002030 -0.002794
v 0.086027 0.001851 -0.002916
v 0.086027 0.001471 -0.003125
v 0.086027 0.001664 -0.003027
v 0.086027 0.001272 -0.003212
v 0.086027 0.001067 -0.003285
v 0.086027 0.000859 -0.003346
v 0.086027 0.000647 -0.003393
v 0.086027 0.000433 -0.003427
v 0.086027 0.000217 -0.003447
v 0.086027 0.000000 -0.003454
v 0.086027 -0.000433 -0.003427
v 0.086027 -0.000217 -0.003447
v 0.086027 -0.000647 -0.003393
v 0.086027 -0.000859 -0.003346
v 0.086027 -0.001067 -0.003285
v 0.086027 -0.001272 -0.003212
v 0.086027 -0.001471 -0.003125
v 0.086027 -0.001664 -0.003027
v 0.086027 -0.002030 -0.002794
v 0.086027 -0.001851 -0.002916
v 0.086027 -0.002202 -0.002661
v 0.086027 -0.002364 -0.002518
v 0.086027 -0.002518 -0.002364
v 0.086027 -0.002661 -0.002202
v 0.086027 -0.002794 -0.002030
v 0.086027 -0.002916 -0.001851
v 0.086027 -0.003125 -0.001471
v 0.086027 -0.003027 -0.001664
v 0.086027 -0.003212 -0.001272
v 0.086027 -0.003285 -0.001067
v 0.086027 -0.003346 -0.000859
v 0.086027 -0.003393 -0.000647
v 0.086027 -0.003427 -0.000433
v 0.084971 0.003564 -0.000813
v 0.084971 0.003450 -0.001207
v 0.084971 0.003294 -0.001586
v 0.084971 0.003095 -0.001945
v 0.084971 0.002858 -0.002279
v 0.084971 0.002585 -0.002585
v 0.084971 0.002279 -0.002858
v 0.084971 0.001945 -0.003095
v 0.084971 0.001586 -0.003294
v 0.084971 0.001207 -0.003450
v 0.084971 0.000813 -0.003564
v 0.084971 0.000409 -0.003633
v 0.084971 0.000000 -0.003656
v 0.084971 -0.000409 -0.003633
v 0.084971 -0.000813 -0.003564
v 0.084971 -0.001207 -0.003450
v 0.084971 -0.001586 -0.003294
v 0.084971 -0.001945 -0.003095
v 0.084971 -0.002279 -0.002858
v 0.084971 -0.002585 -0.002585
v 0.084971 -0.002858 -0.002279
v 0.084971 -0.003095 -0.001945
v 0.084971 -0.003294 -0.001586
v 0.084971 -0.003450 -0.001207
v 0.084971 -0.003564 -0.000813
v 0.083903 0.003718 -0.000849
v 0.083903 0.003599 -0.001259
v 0.083903 0.003436 -0.001655
v 0.083903 0.003229 -0.002029
v 0.083903 0.002981 -0.002378
v 0.083903 0.002697 -0.002697
v 0.083903 0.002378 -0.002981
v 0.083903 0.002029 -0.003229
v 0.083903 0.001655 -0.003436
v 0.083903 0.001259 -0.003599
v 0.083903 0.000849 -0.003718
v 0.083903 0.000427 -0.003789
v 0.083903 0.000000 -0.003813
v 0.083903 -0.000427 -0.003789
v 0.083903 -0.000849 -0.003718
v 0.083903 -0.001259 -0.003599
v 0.083903 -0.001655 -0.003436
v 0.083903 -0.002029 -0.003229
v 0.083903 -0.002378 -0.002981
v 0.083903 -0.002697 -0.002697
v 0.083903 -0.002981 -0.002378
v 0.083903 -0.003229 -0.002029
v 0.083903 -0.003436 -0.001655
v 0.083903 -0.003599 -0.001259
v 0.083903 -0.003718 -0.000849
v 0.082829 0.003828 -0.000874
v 0.082829 0.003706 -0.001297
v 0.082829 0.003538 -0.001704
v 0.082829 0.003325 -0.002089
v 0.082829 0.003070 -0.002448
v 0.082829 0.002776 -0.002776
v 0.082829 0.002448 -0.003070
v 0.082829 0.002089 -0.003325
v 0.082829 0.001704 -0.003538
v 0.082829 0.001297 -0.003706
v 0.082829 0.000874 -0.003828
v 0.082829 0.000440 -0.003902
v 0.082829 0.000000 -0.003926
v 0.082829 -0.000440 -0.003902
v 0.082829 -0.000874 -0.003828
v 0.082829 -0.001297 -0.003706
v 0.082829 -0.001704 -0.003538
v 0.082829 -0.002089 -0.003325
v 0.082829 -0.002448 -0.003070
v 0.082829 -0.002776 -0.002776
v 0.082829 -0.003070 -0.002448
v 0.082829 -0.003325 -0.002089
v 0.082829 -0.003538 -0.001704
v 0.082829 -0.003706 -0.001297
v 0.082829 -0.003828 -0.000874
v 0.081752 0.003894 -0.000889
v 0.081752 0.003770 -0.001319
v 0.081752 0.003599 -0.001733
v 0.081752 0.003382 -0.002125
v 0.081752 0.003123 -0.002490
v 0.081752 0.002824 -0.002824
v 0.081752 0.002490 -0.003123
v 0.081752 0.002125 -0.003382
v 0.081752 0.001733 -0.003599
v 0.081752 0.001319 -0.003770
v 0.081752 0.000889 -0.003894
v 0.081752 0.000447 -0.003969
v 0.081752 0.000000 -0.003994
v 0.081752 -0.000447 -0.003969
v 0.081752 -0.000889 -0.003894
v 0.081752 -0.001319 -0.003770
v 0.081752 -0.001733 -0.003599
v 0.081752 -0.002125 -0.003382
v 0.081752 -0.002490 -0.003123
v 0.081752 -0.002824 -0.002824
v 0.081752 -0.003123 -0.002490
v 0.081752 -0.003382 -0.002125
v 0.081752 -0.003599 -0.001733
v 0.081752 -0.003770 -0.001319
v 0.081752 -0.003894 -0.000889
v 0.080674 0.003908 -0.000926
v 0.080674 0.003774 -0.001374
v 0.080674 0.003589 -0.001803
v 0.080674 0.003356 -0.002207
v 0.080674 0.003077 -0.002582
v 0.080674 0.002756 -0.002922
v 0.080674 0.002399 -0.003222
v 0.080674 0.002008 -0.003479
v 0.080674 0.001591 -0.003688
v 0.080674 0.001152 -0.003848
v 0.080674 0.000697 -0.003956
v 0.080674 0.000234 -0.004010
v 0.080674 -0.000234 -0.004010
v 0.080674 -0.000697 -0.003956
v 0.080674 -0.001152 -0.003848
v 0.080674 -0.001591 -0.003688
v 0.080674 -0.002008 -0.003479
v 0.080674 -0.002399 -0.003222
v 0.080674 -0.002756 -0.002922
v 0.080674 -0.003077 -0.002582
v 0.080674 -0.003356 -0.002207
v 0.080674 -0.003589 -0.001803
v 0.080674 -0.003774 -0.001374
v 0.080674 -0.003908 -0.000926
v 0.061220 0.003990 -0.000466
v 0.061220 0.003908 -0.000926
v 0.061220 0.003956 -0.000697
v 0.061220 0.003774 -0.001374
v 0.061220 0.003848 -0.001152
v 0.061220 0.003589 -0.001803
v 0.061220 0.003688 -0.001591
v 0.061220 0.003356 -0.002207
v 0.061220 0.003479 -0.002008
v 0.061220 0.003077 -0.002582
v 0.061220 0.003222 -0.002399
v 0.061220 0.002756 -0.002922
v 0.061220 0.002922 -0.002756
v 0.061220 0.002399 -0.003222
v 0.061220 0.002582 -0.003077
v 0.061220 0.002008 -0.003479
v 0.061220 0.002207 -0.003356
v 0.061220 0.001591 -0.003688
v 0.061220 0.001803 -0.003589
v 0.061220 0.001152 -0.003848
v 0.061220 0.001374 -0.003774
v 0.061220 0.000697 -0.003956
v 0.061220 0.000926 -0.003908
v 0.061220 0.000234 -0.004010
v 0.061220 0.000466 -0.003990
v 0.061220 -0.000234 -0.004010
v 0.061220 0.000000 -0.004017
v 0.061220 -0.000697 -0.003956
v 0.061220 -0.000466 -0.003990
v 0.061220 -0.001152 -0.003848
v 0.061220 -0.000926 -0.003908
v 0.061220 -0.001591 -0.003688
v 0.061220 -0.001374 -0.003774
v 0.061220 -0.002008 -0.003479
v 0.061220 -0.001803 -0.003589
v 0.061220 -0.002399 -0.003222
v 0.061220 -0.002207 -0.003356
v 0.061220 -0.002756 -0.002922
v 0.061220 -0.002582 -0.003077
v 0.061220 -0.003077 -0.002582
v 0.061220 -0.002922 -0.002756
v 0.061220 -0.003356 -0.002207
v 0.061220 -0.003222 -0.002399
v 0.061220 -0.003589 -0.001803
v 0.061220 -0.003479 -0.002008
v 0.061220 -0.003774 -0.001374
v 0.061220 -0.003688 -0.001591
v 0.061220 -0.003908 -0.000926
v 0.061220 -0.003848 -0.001152
v 0.061220 -0.003956 -0.000697
v 0.060358 0.003949 -0.000869
v 0.060358 0.003832 -0.001291
v 0.060358 0.003670 -0.001698
v 0.060358 0.003465 -0.002085
v 0.060358 0.003219 -0.002447
v 0.060358 0.002936 -0.002781
v 0.060358 0.002618 -0.003082
v 0.060358 0.002269 -0.003347
v 0.060358 0.001894 -0.003573
v 0.060358 0.001497 -0.003757
v 0.060358 0.001082 -0.003896
v 0.060358 0.000654 -0.003991
v 0.060358 0.000219 -0.004038
v 0.060358 -0.000219 -0.004038
v 0.060358 -0.000654 -0.003991
v 0.060358 -0.001082 -0.003896
v 0.060358 -0.001497 -0.003757
v 0.060358 -0.001894 -0.003573
v 0.060358 -0.002269 -0.003347
v 0.060358 -0.002618 -0.003082
v 0.060358 -0.002936 -0.002781
v 0.060358 -0.003219 -0.002447
v 0.060358 -0.003465 -0.002085
v 0.060358 -0.003670 -0.001698
v 0.060358 -0.003832 -0.001291
v 0.060358 -0.003949 -0.000869
v 0.059498 0.004029 -0.000887
v 0.059498 0.003909 -0.001317
v 0.059498 0.003744 -0.001732
v 0.059498 0.003535 -0.002127
v 0.059498 0.003284 -0.002496
v 0.059498 0.002995 -0.002837
v 0.059498 0.002671 -0.003144
v 0.059498 0.002315 -0.003414
v 0.059498 0.001932 -0.003645
v 0.059498 0.001527 -0.003832
v 0.059498 0.001104 -0.003975
v 0.059498 0.000667 -0.004071
v 0.059498 0.000223 -0.004119
v 0.059498 -0.000223 -0.004119
v 0.059498 -0.000667 -0.004071
v 0.059498 -0.001104 -0.003975
v 0.059498 -0.001527 -0.003832
v 0.059498 -0.001932 -0.003645
v 0.059498 -0.002315 -0.003414
v 0.059498 -0.002671 -0.003144
v 0.059498 -0.002995 -0.002837
v 0.059498 -0.003284 -0.002496
v 0.059498 -0.003535 -0.002127
v 0.059498 -0.003744 -0.001732
v 0.059498 -0.003909 -0.001317
v 0.059498 -0.004029 -0.000887
v 0.058645 0.004161 -0.000916
v 0.058645 0.004037 -0.001360
v 0.058645 0.003867 -0.001789
v 0.058645 0.003650 -0.002196
v 0.058645 0.003392 -0.002578
v 0.058645 0.003093 -0.002930
v 0.058645 0.002758 -0.003247
v 0.058645 0.002391 -0.003526
v 0.058645 0.001996 -0.003764
v 0.058645 0.001577 -0.003958
v 0.058645 0.001140 -0.004105
v 0.058645 0.000689 -0.004204
v 0.058645 0.000231 -0.004254
v 0.058645 -0.000231 -0.004254
v 0.058645 -0.000689 -0.004204
v 0.058645 -0.001140 -0.004105
v 0.058645 -0.001577 -0.003958
v 0.058645 -0.001996 -0.003764
v 0.058645 -0.002391 -0.003526
v 0.058645 -0.002758 -0.003247
v 0.058645 -0.003093 -0.002930
v 0.058645 -0.003392 -0.002578
v 0.058645 -0.003650 -0.002196
v 0.058645 -0.003867 -0.001789
v 0.058645 -0.004037 -0.001360
v 0.058645 -0.004161 -0.000916
v 0.057802 0.004345 -0.000956
v 0.057802 0.004216 -0.001421
v 0.057802 0.004038 -0.001868
v 0.057802 0.003812 -0.002294
v 0.057802 0.003542 -0.002692
v 0.057802 0.003230 -0.003059
v 0.057802 0.002880 -0.003391
v 0.057802 0.002497 -0.003682
v 0.057802 0.002084 -0.003931
v 0.057802 0.001647 -0.004133
v 0.057802 0.001190 -0.004287
v 0.057802 0.000720 -0.004390
v 0.057802 0.000241 -0.004442
v 0.057802 -0.000241 -0.004442
v 0.057802 -0.000720 -0.004390
v 0.057802 -0.001190 -0.004287
v 0.057802 -0.001647 -0.004133
v 0.057802 -0.002084 -0.003931
v 0.057802 -0.002497 -0.003682
v 0.057802 -0.002880 -0.003391
v 0.057802 -0.003230 -0.003059
v 0.057802 -0.003542 -0.002692
v 0.057802 -0.003812 -0.002294
v 0.057802 -0.004038 -0.001868
v 0.057802 -0.004216 -0.001421
v 0.057802 -0.004345 -0.000956
v 0.056976 0.004586 -0.000975
v 0.056976 0.004459 -0.001449
v 0.056976 0.004283 -0.001907
v 0.056976 0.004061 -0.002344
v 0.056976 0.003793 -0.002756
v 0.056976 0.003484 -0.003137
v 0.056976 0.003137 -0.003484
v 0.056976 0.002756 -0.003793
v 0.056976 0.002344 -0.004061
v 0.056976 0.001907 -0.004283
v 0.056976 0.001449 -0.004459
v 0.056976 0.000975 -0.004586
v 0.056976 0.000490 -0.004663
v 0.056976 0.000000 -0.004689
v 0.056976 -0.000490 -0.004663
v 0.056976 -0.000975 -0.004586
v 0.056976 -0.001449 -0.004459
v 0.056976 -0.001907 -0.004283
v 0.056976 -0.002344 -0.004061
v 0.056976 -0.002756 -0.003793
v 0.056976 -0.003137 -0.003484
v 0.056976 -0.003484 -0.003137
v 0.056976 -0.003793 -0.002756
v 0.056976 -0.004061 -0.002344
v 0.056976 -0.004283 -0.001907
v 0.056976 -0.004459 -0.001449
v 0.056976 -0.004586 -0.000975
v 0.055848 0.004952 -0.001018
v 0.055848 0.004824 -0.001513
v 0.055848 0.004646 -0.001994
v 0.055848 0.004420 -0.002453
v 0.055848 0.004149 -0.002888
v 0.055848 0.003836 -0.003293
v 0.055848 0.003483 -0.003664
v 0.055848 0.003094 -0.003998
v 0.055848 0.002674 -0.004290
v 0.055848 0.002226 -0.004539
v 0.055848 0.001756 -0.004741
v 0.055848 0.001267 -0.004894
v 0.055848 0.000766 -0.004997
v 0.055848 0.000256 -0.005049
v 0.055848 -0.000256 -0.005049
v 0.055848 -0.000766 -0.004997
v 0.055848 -0.001267 -0.004894
v 0.055848 -0.001756 -0.004741
v 0.055848 -0.002226 -0.004539
v 0.055848 -0.002674 -0.004290
v 0.055848 -0.003094 -0.003998
v 0.055848 -0.003483 -0.003664
v 0.055848 -0.003836 -0.003293
v 0.055848 -0.004149 -0.002888
v 0.055848 -0.004420 -0.002453
v 0.055848 -0.004646 -0.001994
v 0.055848 -0.004824 -0.001513
v 0.055848 -0.004952 -0.001018
v 0.055354 0.005329 -0.001027
v 0.055354 0.005207 -0.001529
v 0.055354 0.005038 -0.002017
v 0.055354 0.004824 -0.002487
v 0.055354 0.004566 -0.002934
v 0.055354 0.004266 -0.003355
v 0.055354 0.003928 -0.003745
v 0.055354 0.003554 -0.004102
v 0.055354 0.003148 -0.004421
v 0.055354 0.002714 -0.004700
v 0.055354 0.002255 -0.004937
v 0.055354 0.001775 -0.005129
v 0.055354 0.001280 -0.005274
v 0.055354 0.000772 -0.005372
v 0.055354 0.000258 -0.005421
v 0.055354 -0.000258 -0.005421
v 0.055354 -0.000772 -0.005372
v 0.055354 -0.001280 -0.005274
v 0.055354 -0.001775 -0.005129
v 0.055354 -0.002255 -0.004937
v 0.055354 -0.002714 -0.004700
v 0.055354 -0.003148 -0.004421
v 0.055354 -0.003554 -0.004102
v 0.055354 -0.003928 -0.003745
v 0.055354 -0.004266 -0.003355
v 0.055354 -0.004566 -0.002934
v 0.055354 -0.004824 -0.002487
v 0.055354 -0.005038 -0.002017
v 0.055354 -0.005207 -0.001529
v 0.055354 -0.005329 -0.001027
v 0.048372 0.008030 -0.000648
v 0.048372 0.007998 -0.000971
v 0.048372 0.007952 -0.001292
v 0.048372 0.007894 -0.001611
v 0.048372 0.007822 -0.001928
v 0.048372 0.007738 -0.002241
v 0.048372 0.007642 -0.002551
v 0.048372 0.007533 -0.002857
v 0.048372 0.007412 -0.003158
v 0.048372 0.007279 -0.003454
v 0.048372 0.007134 -0.003744
v 0.048372 0.006977 -0.004028
v 0.048372 0.006630 -0.004577
v 0.048372 0.006809 -0.004306
v 0.048372 0.006441 -0.004840
v 0.048372 0.006241 -0.005095
v 0.048372 0.006030 -0.005342
v 0.048372 0.005810 -0.005581
v 0.048372 0.005581 -0.005810
v 0.048372 0.005342 -0.006030
v 0.048372 0.005095 -0.006241
v 0.048372 0.004840 -0.006441
v 0.048372 0.004577 -0.006630
v 0.048372 0.004306 -0.006809
v 0.048372 0.004028 -0.006977
v 0.048372 0.003454 -0.007279
v 0.048372 0.003744 -0.007134
v 0.048372 0.003158 -0.007412
v 0.048372 0.002857 -0.007533
v 0.048372 0.002551 -0.007642
v 0.048372 0.002241 -0.007738
v 0.048372 0.001928 -0.007822
v 0.048372 0.001611 -0.007894
v 0.048372 0.001292 -0.007952
v 0.048372 0.000971 -0.007998
v 0.048372 0.000648 -0.008030
v 0.048372 0.000324 -0.008050
v 0.048372 0.000000 -0.008056
v 0.048372 -0.000648 -0.008030
v 0.048372 -0.000324 -0.008050
v 0.048372 -0.000971 -0.007998
v 0.048372 -0.001292 -0.007952
v 0.048372 -0.001611 -0.007894
v 0.048372 -0.001928 -0.007822
v 0.048372 -0.002241 -0.007738
v 0.048372 -0.002551 -0.007642
v 0.048372 -0.002857 -0.007533
v 0.048372 -0.003158 -0.007412
v 0.048372 -0.003454 -0.007279
v 0.048372 -0.003744 -0.007134
v 0.048372 -0.004028 -0.006977
v 0.048372 -0.004577 -0.006630
v 0.048372 -0.004306 -0.006809
v 0.048372 -0.004840 -0.006441
v 0.048372 -0.005095 -0.006241
v 0.048372 -0.005342 -0.006030
v 0.048372 -0.005581 -0.005810
v 0.048372 -0.005810 -0.005581
v 0.048372 -0.006030 -0.005342
v 0.048372 -0.006241 -0.005095
v 0.048372 -0.006441 -0.004840
v 0.048372 -0.006630 -0.004577
v 0.048372 -0.006809 -0.004306
v 0.048372 -0.006977 -0.004028
v 0.048372 -0.007279 -0.003454
v 0.048372 -0.007134 -0.003744
v 0.048372 -0.007412 -0.003158
v 0.048372 -0.007533 -0.002857
v 0.048372 -0.007642 -0.002551
v 0.048372 -0.007738 -0.002241
v 0.048372 -0.007822 -0.001928
v 0.048372 -0.007894 -0.001611
v 0.048372 -0.007952 -0.001292
v 0.048372 -0.007998 -0.000971
v 0.048372 -0.008030 -0.000648
v 0.046686 0.008496 -0.001222
v 0.046686 0.008387 -0.001824
v 0.046686 0.008236 -0.002418
v 0.046686 0.008042 -0.003000
v 0.046686 0.007808 -0.003566
v 0.046686 0.007533 -0.004114
v 0.046686 0.007221 -0.004640
v 0.046686 0.006871 -0.005144
v 0.046686 0.006487 -0.005621
v 0.046686 0.006069 -0.006069
v 0.046686 0.005621 -0.006487
v 0.046686 0.005144 -0.006871
v 0.046686 0.004640 -0.007221
v 0.046686 0.004114 -0.007533
v 0.046686 0.003566 -0.007808
v 0.046686 0.003000 -0.008042
v 0.046686 0.002418 -0.008236
v 0.046686 0.001824 -0.008387
v 0.046686 0.001222 -0.008496
v 0.046686 0.000612 -0.008561
v 0.046686 0.000000 -0.008583
v 0.046686 -0.000612 -0.008561
v 0.046686 -0.001222 -0.008496
v 0.046686 -0.001824 -0.008387
v 0.046686 -0.002418 -0.008236
v 0.046686 -0.003000 -0.008042
v 0.046686 -0.003566 -0.007808
v 0.046686 -0.004114 -0.007533
v 0.046686 -0.004640 -0.007221
v 0.046686 -0.005144 -0.006871
v 0.046686 -0.005621 -0.006487
v 0.046686 -0.006069 -0.006069
v 0.046686 -0.006487 -0.005621
v 0.046686 -0.006871 -0.005144
v 0.046686 -0.007221 -0.004640
v 0.046686 -0.007533 -0.004114
v 0.046686 -0.007808 -0.003566
v 0.046686 -0.008042 -0.003000
v 0.046686 -0.008236 -0.002418
v 0.046686 -0.008387 -0.001824
v 0.046686 -0.008496 -0.001222
v 0.044978 0.008981 -0.001291
v 0.044978 0.008866 -0.001929
v 0.044978 0.008706 -0.002556
v 0.044978 0.008502 -0.003171
v 0.044978 0.008254 -0.003769
v 0.044978 0.007964 -0.004349
v 0.044978 0.007633 -0.004906
v 0.044978 0.007264 -0.005438
v 0.044978 0.006857 -0.005942
v 0.044978 0.006416 -0.006416
v 0.044978 0.005942 -0.006857
v 0.044978 0.005438 -0.007264
v 0.044978 0.004906 -0.007633
v 0.044978 0.004349 -0.007964
v 0.044978 0.003769 -0.008254
v 0.044978 0.003171 -0.008502
v 0.044978 0.002556 -0.008706
v 0.044978 0.001929 -0.008866
v 0.044978 0.001291 -0.008981
v 0.044978 0.000647 -0.009051
v 0.044978 0.000000 -0.009074
v 0.044978 -0.000647 -0.009051
v 0.044978 -0.001291 -0.008981
v 0.044978 -0.001929 -0.008866
v 0.044978 -0.002556 -0.008706
v 0.044978 -0.003171 -0.008502
v 0.044978 -0.003769 -0.008254
v 0.044978 -0.004349 -0.007964
v 0.044978 -0.004906 -0.007633
v 0.044978 -0.005438 -0.007264
v 0.044978 -0.005942 -0.006857
v 0.044978 -0.006416 -0.006416
v 0.044978 -0.006857 -0.005942
v 0.044978 -0.007264 -0.005438
v 0.044978 -0.007633 -0.004906
v 0.044978 -0.007964 -0.004349
v 0.044978 -0.008254 -0.003769
v 0.044978 -0.008502 -0.003171
v 0.044978 -0.008706 -0.002556
v 0.044978 -0.008866 -0.001929
v 0.044978 -0.008981 -0.001291
v 0.043261 0.009428 -0.001356
v 0.043261 0.009307 -0.002025
v 0.043261 0.009139 -0.002683
v 0.043261 0.008924 -0.003329
v 0.043261 0.008664 -0.003957
v 0.043261 0.008360 -0.004565
v 0.043261 0.008013 -0.005150
v 0.043261 0.007625 -0.005708
v 0.043261 0.007198 -0.006237
v 0.043261 0.006735 -0.006735
v 0.043261 0.006237 -0.007198
v 0.043261 0.005708 -0.007625
v 0.043261 0.005150 -0.008013
v 0.043261 0.004565 -0.008360
v 0.043261 0.003957 -0.008664
v 0.043261 0.003329 -0.008924
v 0.043261 0.002683 -0.009139
v 0.043261 0.002025 -0.009307
v 0.043261 0.001356 -0.009428
v 0.043261 0.000679 -0.009501
v 0.043261 0.000000 -0.009525
v 0.043261 -0.000679 -0.009501
v 0.043261 -0.001356 -0.009428
v 0.043261 -0.002025 -0.009307
v 0.043261 -0.002683 -0.009139
v 0.043261 -0.003329 -0.008924
v 0.043261 -0.003957 -0.008664
v 0.043261 -0.004565 -0.008360
v 0.043261 -0.005150 -0.008013
v 0.043261 -0.005708 -0.007625
v 0.043261 -0.006237 -0.007198
v 0.043261 -0.006735 -0.006735
v 0.043261 -0.007198 -0.006237
v 0.043261 -0.007625 -0.005708
v 0.043261 -0.008013 -0.005150
v 0.043261 -0.008360 -0.004565
v 0.043261 -0.008664 -0.003957
v 0.043261 -0.008924 -0.003329
v 0.043261 -0.009139 -0.002683
v 0.043261 -0.009307 -0.002025
v 0.043261 -0.009428 -0.001356
v 0.041533 0.009835 -0.001414
v 0.041533 0.009709 -0.002112
v 0.041533 0.009534 -0.002799
v 0.041533 0.009310 -0.003472
v 0.041533 0.009038 -0.004128
v 0.041533 0.008721 -0.004762
v 0.041533 0.008359 -0.005372
v 0.041533 0.007954 -0.005955
v 0.041533 0.007509 -0.006507
v 0.041533 0.007026 -0.007026
v 0.041533 0.006507 -0.007509
v 0.041533 0.005955 -0.007954
v 0.041533 0.005372 -0.008359
v 0.041533 0.004762 -0.008721
v 0.041533 0.004128 -0.009038
v 0.041533 0.003472 -0.009310
v 0.041533 0.002799 -0.009534
v 0.041533 0.002112 -0.009709
v 0.041533 0.001414 -0.009835
v 0.041533 0.000709 -0.009911
v 0.041533 0.000000 -0.009936
v 0.041533 -0.000709 -0.009911
v 0.041533 -0.001414 -0.009835
v 0.041533 -0.002112 -0.009709
v 0.041533 -0.002799 -0.009534
v 0.041533 -0.003472 -0.009310
v 0.041533 -0.004128 -0.009038
v 0.041533 -0.004762 -0.008721
v 0.041533 -0.005372 -0.008359
v 0.041533 -0.005955 -0.007954
v 0.041533 -0.006507 -0.007509
v 0.041533 -0.007026 -0.007026
v 0.041533 -0.007509 -0.006507
v 0.041533 -0.007954 -0.005955
v 0.041533 -0.008359 -0.005372
v 0.041533 -0.008721 -0.004762
v 0.041533 -0.009038 -0.004128
v 0.041533 -0.009310 -0.003472
v 0.041533 -0.009534 -0.002799
v 0.041533 -0.009709 -0.002112
v 0.041533 -0.009835 -0.001414
v 0.039796 0.010203 -0.001467
v 0.039796 0.010072 -0.002191
v 0.039796 0.009890 -0.002904
v 0.039796 0.009658 -0.003602
v 0.039796 0.009376 -0.004282
v 0.039796 0.009047 -0.004940
v 0.039796 0.008672 -0.005573
v 0.039796 0.008252 -0.006177
v 0.039796 0.007790 -0.006750
v 0.039796 0.007289 -0.007289
v 0.039796 0.006750 -0.007790
v 0.039796 0.006177 -0.008252
v 0.039796 0.005573 -0.008672
v 0.039796 0.004940 -0.009047
v 0.039796 0.004282 -0.009376
v 0.039796 0.003602 -0.009658
v 0.039796 0.002904 -0.009890
v 0.039796 0.002191 -0.010072
v 0.039796 0.001467 -0.010203
v 0.039796 0.000735 -0.010282
v 0.039796 0.000000 -0.010308
v 0.039796 -0.000735 -0.010282
v 0.039796 -0.001467 -0.010203
v 0.039796 -0.002191 -0.010072
v 0.039796 -0.002904 -0.009890
v 0.039796 -0.003602 -0.009658
v 0.039796 -0.004282 -0.009376
v 0.039796 -0.004940 -0.009047
v 0.039796 -0.005573 -0.008672
v 0.039796 -0.006177 -0.008252
v 0.039796 -0.006750 -0.007790
v 0.039796 -0.007289 -0.007289
v 0.039796 -0.007790 -0.006750
v 0.039796 -0.008252 -0.006177
v 0.039796 -0.008672 -0.005573
v 0.039796 -0.009047 -0.004940
v 0.039796 -0.009376 -0.004282
v 0.039796 -0.009658 -0.003602
v 0.039796 -0.009890 -0.002904
v 0.039796 -0.010072 -0.002191
v 0.039796 -0.010203 -0.001467
v 0.037649 0.010015 -0.001440
v 0.037649 0.009887 -0.002151
v 0.037649 0.009709 -0.002851
v 0.037649 0.009480 -0.003536
v 0.037649 0.009204 -0.004203
v 0.037649 0.008881 -0.004849
v 0.037649 0.008512 -0.005470
v 0.037649 0.008100 -0.006064
v 0.037649 0.007647 -0.006626
v 0.037649 0.007155 -0.007155
v 0.037649 0.006626 -0.007647
v 0.037649 0.006064 -0.008100
v 0.037649 0.005470 -0.008512
v 0.037649 0.004849 -0.008881
v 0.037649 0.004203 -0.009204
v 0.037649 0.003536 -0.009480
v 0.037649 0.002851 -0.009709
v 0.037649 0.002151 -0.009887
v 0.037649 0.001440 -0.010015
v 0.037649 0.000722 -0.010093
v 0.037649 0.000000 -0.010118
v 0.037649 -0.000722 -0.010093
v 0.037649 -0.001440 -0.010015
v 0.037649 -0.002151 -0.009887
v 0.037649 -0.002851 -0.009709
v 0.037649 -0.003536 -0.009480
v 0.037649 -0.004203 -0.009204
v 0.037649 -0.004849 -0.008881
v 0.037649 -0.005470 -0.008512
v 0.037649 -0.006064 -0.008100
v 0.037649 -0.006626 -0.007647
v 0.037649 -0.007155 -0.007155
v 0.037649 -0.007647 -0.006626
v 0.037649 -0.008100 -0.006064
v 0.037649 -0.008512 -0.005470
v 0.037649 -0.008881 -0.004849
v 0.037649 -0.009204 -0.004203
v 0.037649 -0.009480 -0.003536
v 0.037649 -0.009709 -0.002851
v 0.037649 -0.009887 -0.002151
v 0.037649 -0.010015 -0.001440
v 0.037558 0.009940 -0.001429
v 0.037558 0.009812 -0.002135
v 0.037558 0.009635 -0.002829
v 0.037558 0.009409 -0.003509
v 0.037558 0.009134 -0.004171
v 0.037558 0.008813 -0.004813
v 0.037558 0.008448 -0.005429
v 0.037558 0.008039 -0.006018
v 0.037558 0.007589 -0.006576
v 0.037558 0.007101 -0.007101
v 0.037558 0.006576 -0.007589
v 0.037558 0.006018 -0.008039
v 0.037558 0.005429 -0.008448
v 0.037558 0.004813 -0.008813
v 0.037558 0.004172 -0.009134
v 0.037558 0.003509 -0.009409
v 0.037558 0.002829 -0.009635
v 0.037558 0.002135 -0.009812
v 0.037558 0.001429 -0.009940
v 0.037558 0.000716 -0.010016
v 0.037558 0.000000 -0.010042
v 0.037558 -0.000716 -0.010016
v 0.037558 -0.001429 -0.009940
v 0.037558 -0.002135 -0.009812
v 0.037558 -0.002829 -0.009635
v 0.037558 -0.003509 -0.009409
v 0.037558 -0.004172 -0.009134
v 0.037558 -0.004813 -0.008813
v 0.037558 -0.005429 -0.008448
v 0.037558 -0.006018 -0.008039
v 0.037558 -0.006576 -0.007589
v 0.037558 -0.007101 -0.007101
v 0.037558 -0.007589 -0.006576
v 0.037558 -0.008039 -0.006018
v 0.037558 -0.008448 -0.005429
v 0.037558 -0.008813 -0.004813
v 0.037558 -0.009134 -0.004171
v 0.037558 -0.009409 -0.003509
v 0.037558 -0.009635 -0.002829
v 0.037558 -0.009812 -0.002135
v 0.037558 -0.009940 -0.001429
v 0.037446 0.009899 -0.001423
v 0.037446 0.009772 -0.002126
v 0.037446 0.009596 -0.002818
v 0.037446 0.009370 -0.003495
v 0.037446 0.009097 -0.004155
v 0.037446 0.008778 -0.004793
v 0.037446 0.008413 -0.005407
v 0.037446 0.008006 -0.005993
v 0.037446 0.007558 -0.006549
v 0.037446 0.007072 -0.007072
v 0.037446 0.006549 -0.007558
v 0.037446 0.005993 -0.008006
v 0.037446 0.005407 -0.008413
v 0.037446 0.004793 -0.008778
v 0.037446 0.004155 -0.009097
v 0.037446 0.003495 -0.009370
v 0.037446 0.002818 -0.009596
v 0.037446 0.002126 -0.009772
v 0.037446 0.001423 -0.009899
v 0.037446 0.000713 -0.009976
v 0.037446 0.000000 -0.010001
v 0.037446 -0.000713 -0.009976
v 0.037446 -0.001423 -0.009899
v 0.037446 -0.002126 -0.009772
v 0.037446 -0.002818 -0.009596
v 0.037446 -0.003495 -0.009370
v 0.037446 -0.004155 -0.009097
v 0.037446 -0.004793 -0.008778
v 0.037446 -0.005407 -0.008413
v 0.037446 -0.005993 -0.008006
v 0.037446 -0.006549 -0.007558
v 0.037446 -0.007072 -0.007072
v 0.037446 -0.007558 -0.006549
v 0.037446 -0.008006 -0.005993
v 0.037446 -0.008413 -0.005407
v 0.037446 -0.008778 -0.004793
v 0.037446 -0.009097 -0.004155
v 0.037446 -0.009370 -0.003495
v 0.037446 -0.009596 -0.002818
v 0.037446 -0.009772 -0.002126
v 0.037446 -0.009899 -0.001423
v 0.037327 0.009895 -0.001456
v 0.037327 0.009762 -0.002175
v 0.037327 0.009577 -0.002881
v 0.037327 0.009341 -0.003573
v 0.037327 0.009055 -0.004245
v 0.037327 0.008721 -0.004895
v 0.037327 0.008341 -0.005518
v 0.037327 0.007916 -0.006112
v 0.037327 0.007449 -0.006674
v 0.037327 0.006942 -0.007200
v 0.037327 0.006397 -0.007687
v 0.037327 0.005819 -0.008134
v 0.037327 0.005210 -0.008537
v 0.037327 0.004573 -0.008894
v 0.037327 0.003911 -0.009204
v 0.037327 0.003229 -0.009465
v 0.037327 0.002530 -0.009676
v 0.037327 0.001817 -0.009835
v 0.037327 0.001094 -0.009941
v 0.037327 0.000365 -0.009994
v 0.037327 -0.000365 -0.009994
v 0.037327 -0.001094 -0.009941
v 0.037327 -0.001817 -0.009835
v 0.037327 -0.002530 -0.009676
v 0.037327 -0.003229 -0.009465
v 0.037327 -0.003911 -0.009204
v 0.037327 -0.004573 -0.008894
v 0.037327 -0.005210 -0.008537
v 0.037327 -0.005819 -0.008134
v 0.037327 -0.006397 -0.007687
v 0.037327 -0.006942 -0.007200
v 0.037327 -0.007449 -0.006674
v 0.037327 -0.007916 -0.006112
v 0.037327 -0.008341 -0.005518
v 0.037327 -0.008721 -0.004895
v 0.037327 -0.009055 -0.004245
v 0.037327 -0.009341 -0.003573
v 0.037327 -0.009577 -0.002881
v 0.037327 -0.009762 -0.002175
v 0.037327 -0.009895 -0.001456
v 0.035919 0.010222 -0.000748
v 0.035919 0.010140 -0.001492
v 0.035919 0.010188 -0.001121
v 0.035919 0.010004 -0.002229
v 0.035919 0.010079 -0.001862
v 0.035919 0.009815 -0.002953
v 0.035919 0.009916 -0.002592
v 0.035919 0.009573 -0.003661
v 0.035919 0.009700 -0.003309
v 0.035919 0.009280 -0.004350
v 0.035919 0.009433 -0.004009
v 0.035919 0.008938 -0.005016
v 0.035919 0.009115 -0.004686
v 0.035919 0.008548 -0.005655
v 0.035919 0.008749 -0.005339
v 0.035919 0.008112 -0.006264
v 0.035919 0.008336 -0.005964
v 0.035919 0.007633 -0.006840
v 0.035919 0.007878 -0.006556
v 0.035919 0.007114 -0.007379
v 0.035919 0.007379 -0.007114
v 0.035919 0.006556 -0.007878
v 0.035919 0.006840 -0.007633
v 0.035919 0.005964 -0.008336
v 0.035919 0.006264 -0.008112
v 0.035919 0.005339 -0.008749
v 0.035919 0.005655 -0.008548
v 0.035919 0.004686 -0.009115
v 0.035919 0.005016 -0.008938
v 0.035919 0.004009 -0.009433
v 0.035919 0.004350 -0.009280
v 0.035919 0.003309 -0.009700
v 0.035919 0.003661 -0.009573
v 0.035919 0.002592 -0.009916
v 0.035919 0.002953 -0.009815
v 0.035919 0.001862 -0.010079
v 0.035919 0.002229 -0.010004
v 0.035919 0.001121 -0.010188
v 0.035919 0.001492 -0.010140
v 0.035919 0.000374 -0.010242
v 0.035919 0.000748 -0.010222
v 0.035919 -0.000374 -0.010242
v 0.035919 0.000000 -0.010249
v 0.035919 -0.001121 -0.010188
v 0.035919 -0.000748 -0.010222
v 0.035919 -0.001862 -0.010079
v 0.035919 -0.001492 -0.010140
v 0.035919 -0.002592 -0.009916
v 0.035919 -0.002229 -0.010004
v 0.035919 -0.003309 -0.009700
v 0.035919 -0.002953 -0.009815
v 0.035919 -0.004009 -0.009433
v 0.035919 -0.003661 -0.009573
v 0.035919 -0.004686 -0.009115
v 0.035919 -0.004350 -0.009280
v 0.035919 -0.005339 -0.008749
v 0.035919 -0.005016 -0.008938
v 0.035919 -0.005964 -0.008336
v 0.035919 -0.005655 -0.008548
v 0.035919 -0.006556 -0.007878
v 0.035919 -0.006264 -0.008112
v 0.035919 -0.007114 -0.007379
v 0.035919 -0.006840 -0.007633
v 0.035919 -0.007633 -0.006840
v 0.035919 -0.007379 -0.007114
v 0.035919 -0.008112 -0.006264
v 0.035919 -0.007878 -0.006556
v 0.035919 -0.008548 -0.005655
v 0.035919 -0.008336 -0.005964
v 0.035919 -0.008938 -0.005016
v 0.035919 -0.008749 -0.005339
v 0.035919 -0.009280 -0.004350
v 0.035919 -0.009115 -0.004686
v 0.035919 -0.009573 -0.003661
v 0.035919 -0.009433 -0.004009
v 0.035919 -0.009815 -0.002953
v 0.035919 -0.009700 -0.003309
v 0.035919 -0.010004 -0.002229
v 0.035919 -0.009916 -0.002592
v 0.035919 -0.010140 -0.001492
v 0.035919 -0.010079 -0.001862
v 0.035919 -0.010188 -0.001121
v 0.035807 0.010190 -0.001432
v 0.035807 0.010065 -0.002139
v 0.035807 0.009891 -0.002836
v 0.035807 0.009670 -0.003519
v 0.035807 0.009400 -0.004185
v 0.035807 0.009086 -0.004831
v 0.035807 0.008726 -0.005453
v 0.035807 0.008325 -0.006048
v 0.035807 0.007883 -0.006614
v 0.035807 0.007402 -0.007148
v 0.035807 0.006885 -0.007647
v 0.035807 0.006335 -0.008109
v 0.035807 0.005754 -0.008531
v 0.035807 0.005145 -0.008911
v 0.035807 0.004511 -0.009249
v 0.035807 0.003855 -0.009541
v 0.035807 0.003180 -0.009786
v 0.035807 0.002489 -0.009984
v 0.035807 0.001787 -0.010134
v 0.035807 0.001076 -0.010234
v 0.035807 0.000359 -0.010284
v 0.035807 -0.000359 -0.010284
v 0.035807 -0.001076 -0.010234
v 0.035807 -0.001787 -0.010134
v 0.035807 -0.002489 -0.009984
v 0.035807 -0.003180 -0.009786
v 0.035807 -0.003855 -0.009541
v 0.035807 -0.004511 -0.009249
v 0.035807 -0.005145 -0.008911
v 0.035807 -0.005754 -0.008531
v 0.035807 -0.006335 -0.008109
v 0.035807 -0.006885 -0.007647
v 0.035807 -0.007402 -0.007148
v 0.035807 -0.007883 -0.006614
v 0.035807 -0.008325 -0.006048
v 0.035807 -0.008726 -0.005453
v 0.035807 -0.009086 -0.004831
v 0.035807 -0.009400 -0.004185
v 0.035807 -0.009670 -0.003519
v 0.035807 -0.009891 -0.002836
v 0.035807 -0.010065 -0.002139
v 0.035807 -0.010190 -0.001432
v 0.035716 0.010266 -0.001443
v 0.035716 0.010140 -0.002155
v 0.035716 0.009965 -0.002857
v 0.035716 0.009742 -0.003546
v 0.035716 0.009471 -0.004217
v 0.035716 0.009153 -0.004867
v 0.035716 0.008792 -0.005494
v 0.035716 0.008387 -0.006093
v 0.035716 0.007941 -0.006664
v 0.035716 0.007457 -0.007201
v 0.035716 0.006937 -0.007704
v 0.035716 0.006382 -0.008169
v 0.035716 0.005797 -0.008594
v 0.035716 0.005183 -0.008978
v 0.035716 0.004545 -0.009318
v 0.035716 0.003883 -0.009612
v 0.035716 0.003204 -0.009859
v 0.035716 0.002508 -0.010059
v 0.035716 0.001800 -0.010209
v 0.035716 0.001084 -0.010310
v 0.035716 0.000362 -0.010360
v 0.035716 -0.000362 -0.010360
v 0.035716 -0.001084 -0.010310
v 0.035716 -0.001800 -0.010209
v 0.035716 -0.002508 -0.010059
v 0.035716 -0.003204 -0.009859
v 0.035716 -0.003883 -0.009612
v 0.035716 -0.004545 -0.009318
v 0.035716 -0.005183 -0.008978
v 0.035716 -0.005797 -0.008594
v 0.035716 -0.006382 -0.008169
v 0.035716 -0.006937 -0.007704
v 0.035716 -0.007457 -0.007201
v 0.035716 -0.007941 -0.006664
v 0.035716 -0.008387 -0.006093
v 0.035716 -0.008792 -0.005494
v 0.035716 -0.009153 -0.004867
v 0.035716 -0.009471 -0.004217
v 0.035716 -0.009742 -0.003546
v 0.035716 -0.009965 -0.002857
v 0.035716 -0.010140 -0.002155
v 0.035716 -0.010266 -0.001443
v 0.033673 0.011180 -0.001504
v 0.033673 0.011055 -0.002247
v 0.033673 0.010880 -0.002980
v 0.033673 0.010657 -0.003700
v 0.033673 0.010386 -0.004404
v 0.033673 0.010069 -0.005088
v 0.033673 0.009706 -0.005749
v 0.033673 0.009301 -0.006384
v 0.033673 0.008853 -0.006991
v 0.033673 0.008367 -0.007567
v 0.033673 0.007842 -0.008109
v 0.033673 0.007283 -0.008615
v 0.033673 0.006692 -0.009082
v 0.033673 0.006070 -0.009509
v 0.033673 0.005421 -0.009893
v 0.033673 0.004749 -0.010233
v 0.033673 0.004054 -0.010527
v 0.033673 0.003342 -0.010775
v 0.033673 0.002615 -0.010974
v 0.033673 0.001876 -0.011124
v 0.033673 0.001129 -0.011224
v 0.033673 0.000377 -0.011275
v 0.033673 -0.000377 -0.011275
v 0.033673 -0.001129 -0.011224
v 0.033673 -0.001876 -0.011124
v 0.033673 -0.002615 -0.010974
v 0.033673 -0.003342 -0.010775
v 0.033673 -0.004054 -0.010527
v 0.033673 -0.004749 -0.010233
v 0.033673 -0.005421 -0.009893
v 0.033673 -0.006070 -0.009509
v 0.033673 -0.006692 -0.009082
v 0.033673 -0.007283 -0.008615
v 0.033673 -0.007842 -0.008109
v 0.033673 -0.008367 -0.007567
v 0.033673 -0.008853 -0.006991
v 0.033673 -0.009301 -0.006384
v 0.033673 -0.009706 -0.005749
v 0.033673 -0.010069 -0.005088
v 0.033673 -0.010386 -0.004404
v 0.033673 -0.010657 -0.003700
v 0.033673 -0.010880 -0.002980
v 0.033673 -0.011055 -0.002247
v 0.033673 -0.011180 -0.001504
v 0.031874 0.011369 -0.001529
v 0.031874 0.011241 -0.002285
v 0.031874 0.011064 -0.003031
v 0.031874 0.010837 -0.003763
v 0.031874 0.010561 -0.004478
v 0.031874 0.010238 -0.005174
v 0.031874 0.009870 -0.005846
v 0.031874 0.009457 -0.006492
v 0.031874 0.009003 -0.007109
v 0.031874 0.008508 -0.007695
v 0.031874 0.007975 -0.008246
v 0.031874 0.007406 -0.008760
v 0.031874 0.006805 -0.009235
v 0.031874 0.006173 -0.009669
v 0.031874 0.005513 -0.010060
v 0.031874 0.004829 -0.010406
v 0.031874 0.004123 -0.010705
v 0.031874 0.003399 -0.010956
v 0.031874 0.002659 -0.011159
v 0.031874 0.001908 -0.011312
v 0.031874 0.001148 -0.011414
v 0.031874 0.000383 -0.011465
v 0.031874 -0.000383 -0.011465
v 0.031874 -0.001148 -0.011414
v 0.031874 -0.001908 -0.011312
v 0.031874 -0.002659 -0.011159
v 0.031874 -0.003399 -0.010956
v 0.031874 -0.004123 -0.010705
v 0.031874 -0.004829 -0.010406
v 0.031874 -0.005513 -0.010060
v 0.031874 -0.006173 -0.009669
v 0.031874 -0.006805 -0.009235
v 0.031874 -0.007406 -0.008760
v 0.031874 -0.007975 -0.008246
v 0.031874 -0.008508 -0.007695
v 0.031874 -0.009003 -0.007109
v 0.031874 -0.009457 -0.006492
v 0.031874 -0.009870 -0.005846
v 0.031874 -0.010238 -0.005174
v 0.031874 -0.010561 -0.004478
v 0.031874 -0.010837 -0.003763
v 0.031874 -0.011064 -0.003031
v 0.031874 -0.011241 -0.002285
v 0.031874 -0.011369 -0.001529
v 0.030071 0.011516 -0.001549
v 0.030071 0.011387 -0.002314
v 0.030071 0.011207 -0.003070
v 0.030071 0.010976 -0.003811
v 0.030071 0.010697 -0.004536
v 0.030071 0.010371 -0.005240
v 0.030071 0.009997 -0.005921
v 0.030071 0.009580 -0.006576
v 0.030071 0.009119 -0.007201
v 0.030071 0.008618 -0.007794
v 0.030071 0.008078 -0.008352
v 0.030071 0.007502 -0.008873
v 0.030071 0.006892 -0.009354
v 0.030071 0.006252 -0.009794
v 0.030071 0.005584 -0.010190
v 0.030071 0.004891 -0.010540
v 0.030071 0.004176 -0.010843
v 0.030071 0.003443 -0.011098
v 0.030071 0.002694 -0.011303
v 0.030071 0.001933 -0.011458
v 0.030071 0.001163 -0.011561
v 0.030071 0.000388 -0.011613
v 0.030071 -0.000388 -0.011613
v 0.030071 -0.001163 -0.011561
v 0.030071 -0.001933 -0.011458
v 0.030071 -0.002694 -0.011303
v 0.030071 -0.003443 -0.011098
v 0.030071 -0.004176 -0.010843
v 0.030071 -0.004891 -0.010540
v 0.030071 -0.005584 -0.010190
v 0.030071 -0.006252 -0.009794
v 0.030071 -0.006892 -0.009354
v 0.030071 -0.007502 -0.008873
v 0.030071 -0.008078 -0.008352
v 0.030071 -0.008618 -0.007794
v 0.030071 -0.009119 -0.007201
v 0.030071 -0.009580 -0.006576
v 0.030071 -0.009997 -0.005921
v 0.030071 -0.010371 -0.005240
v 0.030071 -0.010697 -0.004536
v 0.030071 -0.010976 -0.003811
v 0.030071 -0.011207 -0.003070
v 0.030071 -0.011387 -0.002314
v 0.030071 -0.011516 -0.001549
v 0.028265 0.011621 -0.001563
v 0.028265 0.011490 -0.002336
v 0.028265 0.011309 -0.003098
v 0.028265 0.011076 -0.003846
v 0.028265 0.010795 -0.004577
v 0.028265 0.010465 -0.005288
v 0.028265 0.010088 -0.005975
v 0.028265 0.009667 -0.006636
v 0.028265 0.009202 -0.007267
v 0.028265 0.008696 -0.007865
v 0.028265 0.008151 -0.008428
v 0.028265 0.007570 -0.008954
v 0.028265 0.006955 -0.009440
v 0.028265 0.006309 -0.009883
v 0.028265 0.005635 -0.010282
v 0.028265 0.004936 -0.010636
v 0.028265 0.004214 -0.010942
v 0.028265 0.003474 -0.011199
v 0.028265 0.002718 -0.011406
v 0.028265 0.001950 -0.011562
v 0.028265 0.001174 -0.011666
v 0.028265 0.000392 -0.011719
v 0.028265 -0.000392 -0.011719
v 0.028265 -0.001174 -0.011666
v 0.028265 -0.001950 -0.011562
v 0.028265 -0.002718 -0.011406
v 0.028265 -0.003474 -0.011199
v 0.028265 -0.004214 -0.010942
v 0.028265 -0.004936 -0.010636
v 0.028265 -0.005635 -0.010282
v 0.028265 -0.006309 -0.009883
v 0.028265 -0.006955 -0.009440
v 0.028265 -0.007570 -0.008954
v 0.028265 -0.008151 -0.008428
v 0.028265 -0.008696 -0.007865
v 0.028265 -0.009202 -0.007267
v 0.028265 -0.009667 -0.006636
v 0.028265 -0.010088 -0.005975
v 0.028265 -0.010465 -0.005288
v 0.028265 -0.010795 -0.004577
v 0.028265 -0.011076 -0.003846
v 0.028265 -0.011309 -0.003098
v 0.028265 -0.011490 -0.002336
v 0.028265 -0.011621 -0.001563
v 0.026457 0.011684 -0.001571
v 0.026457 0.011553 -0.002348
v 0.026457 0.011370 -0.003115
v 0.026457 0.011136 -0.003867
v 0.026457 0.010853 -0.004602
v 0.026457 0.010522 -0.005317
v 0.026457 0.010143 -0.006008
v 0.026457 0.009719 -0.006672
v 0.026457 0.009252 -0.007306
v 0.026457 0.008743 -0.007908
v 0.026457 0.008195 -0.008474
v 0.026457 0.007611 -0.009003
v 0.026457 0.006993 -0.009491
v 0.026457 0.006343 -0.009937
v 0.026457 0.005665 -0.010338
v 0.026457 0.004962 -0.010693
v 0.026457 0.004237 -0.011001
v 0.026457 0.003493 -0.011259
v 0.026457 0.002733 -0.011468
v 0.026457 0.001961 -0.011625
v 0.026457 0.001180 -0.011730
v 0.026457 0.000394 -0.011782
v 0.026457 -0.000394 -0.011782
v 0.026457 -0.001180 -0.011730
v 0.026457 -0.001961 -0.011625
v 0.026457 -0.002733 -0.011468
v 0.026457 -0.003493 -0.011259
v 0.026457 -0.004237 -0.011001
v 0.026457 -0.004962 -0.010693
v 0.026457 -0.005665 -0.010338
v 0.026457 -0.006343 -0.009937
v 0.026457 -0.006993 -0.009491
v 0.026457 -0.007611 -0.009003
v 0.026457 -0.008195 -0.008474
v 0.026457 -0.008743 -0.007908
v 0.026457 -0.009252 -0.007306
v 0.026457 -0.009719 -0.006672
v 0.026457 -0.010143 -0.006008
v 0.026457 -0.010522 -0.005317
v 0.026457 -0.010853 -0.004602
v 0.026457 -0.011136 -0.003867
v 0.026457 -0.011370 -0.003115
v 0.026457 -0.011553 -0.002348
v 0.026457 -0.011684 -0.001571
v 0.024650 0.011705 -0.001574
v 0.024650 0.011573 -0.002352
v 0.024650 0.011390 -0.003120
v 0.024650 0.011156 -0.003874
v 0.024650 0.010873 -0.004610
v 0.024650 0.010541 -0.005326
v 0.024650 0.010161 -0.006019
v 0.024650 0.009737 -0.006684
v 0.024650 0.009268 -0.007319
v 0.024650 0.008759 -0.007922
v 0.024650 0.008210 -0.008489
v 0.024650 0.007625 -0.009019
v 0.024650 0.007005 -0.009508
v 0.024650 0.006355 -0.009954
v 0.024650 0.005676 -0.010357
v 0.024650 0.004971 -0.010713
v 0.024650 0.004245 -0.011021
v 0.024650 0.003499 -0.011280
v 0.024650 0.002738 -0.011488
v 0.024650 0.001964 -0.011645
v 0.024650 0.001182 -0.011751
v 0.024650 0.000395 -0.011803
v 0.024650 -0.000395 -0.011803
v 0.024650 -0.001182 -0.011751
v 0.024650 -0.001964 -0.011645
v 0.024650 -0.002738 -0.011488
v 0.024650 -0.003499 -0.011280
v 0.024650 -0.004245 -0.011021
v 0.024650 -0.004971 -0.010713
v 0.024650 -0.005676 -0.010357
v 0.024650 -0.006355 -0.009954
v 0.024650 -0.007005 -0.009508
v 0.024650 -0.007625 -0.009019
v 0.024650 -0.008210 -0.008489
v 0.024650 -0.008759 -0.007922
v 0.024650 -0.009268 -0.007319
v 0.024650 -0.009737 -0.006684
v 0.024650 -0.010161 -0.006019
v 0.024650 -0.010541 -0.005326
v 0.024650 -0.010873 -0.004610
v 0.024650 -0.011156 -0.003874
v 0.024650 -0.011390 -0.003120
v 0.024650 -0.011573 -0.002352
v 0.024650 -0.011705 -0.001574
vn 1.0000 0.0000 0.0000
vn 0.9744 0.2248 -0.0090
vn 0.9655 0.2601 0.0104
vn 0.9743 0.2247 0.0154
vn 0.9753 0.2195 -0.0248
vn 0.9700 0.2425 -0.0166
vn 0.9734 0.2253 -0.0425
vn 0.9755 0.2126 -0.0570
vn 0.9701 0.2376 -0.0494
vn 0.9718 0.2227 -0.0780
vn 0.9757 0.2008 -0.0875
vn 0.9710 0.2251 -0.0801
vn 0.9700 0.2150 -0.1133
vn 0.9754 0.1864 -0.1173
vn 0.9719 0.2091 -0.1084
vn 0.9673 0.2040 -0.1506
vn 0.9751 0.1684 -0.1445
vn 0.9734 0.1871 -0.1322
vn 0.9746 0.1583 -0.1583
vn 0.9697 0.1786 -0.1668
vn 0.9742 0.1472 -0.1712
vn 0.9753 0.1312 -0.1775
vn 0.9700 0.1535 -0.1887
vn 0.9731 0.1227 -0.1949
vn 0.9756 0.1024 -0.1942
vn 0.9702 0.1258 -0.2070
vn 0.9715 0.0947 -0.2172
vn 0.9757 0.0726 -0.2068
vn 0.9713 0.0948 -0.2184
vn 0.9693 0.0637 -0.2376
vn 0.9754 0.0409 -0.2166
vn 0.9722 0.0631 -0.2256
vn 0.9667 0.0287 -0.2541
vn 0.9749 0.0085 -0.2226
vn 0.9737 0.0310 -0.2257
vn 0.9749 -0.0085 -0.2226
vn 0.9696 0.0000 -0.2446
vn 0.9740 -0.0254 -0.2250
vn 0.9754 -0.0409 -0.2166
vn 0.9701 -0.0330 -0.2406
vn 0.9727 -0.0601 -0.2243
vn 0.9757 -0.0726 -0.2068
vn 0.9704 -0.0651 -0.2325
vn 0.9712 -0.0953 -0.2186
vn 0.9756 -0.1024 -0.1942
vn 0.9715 -0.0945 -0.2176
vn 0.9685 -0.1327 -0.2107
vn 0.9753 -0.1312 -0.1775
vn 0.9726 -0.1207 -0.1987
vn 0.9660 -0.1687 -0.1962
vn 0.9746 -0.1583 -0.1583
vn 0.9740 -0.1431 -0.1758
vn 0.9751 -0.1684 -0.1445
vn 0.9697 -0.1786 -0.1668
vn 0.9738 -0.1829 -0.1351
vn 0.9754 -0.1864 -0.1173
vn 0.9701 -0.1983 -0.1400
vn 0.9721 -0.2074 -0.1092
vn 0.9757 -0.2008 -0.0875
vn 0.9708 -0.2130 -0.1105
vn 0.9707 -0.2269 -0.0796
vn 0.9755 -0.2126 -0.0570
vn 0.9716 -0.2228 -0.0792
vn 0.9679 -0.2470 -0.0466
vn 0.9753 -0.2195 -0.0248
vn 0.9729 -0.2264 -0.0471
vn 0.9655 -0.2601 -0.0104
vn 0.9744 -0.2248 0.0090
vn 0.9743 -0.2247 -0.0154
vn 0.9753 -0.2195 0.0248
vn 0.9700 -0.2425 0.0166
vn 0.9734 -0.2253 0.0425
vn 0.9755 -0.2126 0.0570
vn 0.9701 -0.2376 0.0494
vn 0.9718 -0.2227 0.0780
vn 0.9757 -0.2008 0.0875
vn 0.9710 -0.2251 0.0801
vn 0.9700 -0.2150 0.1133
vn 0.9754 -0.1864 0.1173
vn 0.9719 -0.2091 0.1084
vn 0.9673 -0.2040 0.1506
vn 0.9751 -0.1684 0.1445
vn 0.9734 -0.1871 0.1322
vn 0.9746 -0.1583 0.1583
vn 0.9697 -0.1786 0.1668
vn 0.9742 -0.1472 0.1712
vn 0.9753 -0.1312 0.1775
vn 0.9700 -0.1535 0.1887
vn 0.9731 -0.1227 0.1949
vn 0.9756 -0.1024 0.1942
vn 0.9702 -0.1258 0.2070
vn 0.9715 -0.0947 0.2172
vn 0.9757 -0.0726 0.2068
vn 0.9713 -0.0948 0.2184
vn 0.9693 -0.0637 0.2376
vn 0.9754 -0.0409 0.2166
vn 0.9722 -0.0631 0.2256
vn 0.9667 -0.0287 0.2541
vn 0.9749 -0.0085 0.2226
vn 0.9737 -0.0310 0.2257
vn 0.9749 0.0085 0.2226
vn 0.9696 0.0000 0.2446
vn 0.9740 0.0254 0.2250
vn 0.9754 0.0409 0.2166
vn 0.9701 0.0330 0.2406
vn 0.9727 0.0601 0.2243
vn 0.9757 0.0726 0.2068
vn 0.9704 0.0651 0.2325
vn 0.9712 0.0953 0.2186
vn 0.9756 0.1024 0.1942
vn 0.9715 0.0945 0.2176
vn 0.9685 0.1327 0.2107
vn 0.9753 0.1312 0.1775
vn 0.9726 0.1207 0.1987
vn 0.9660 0.1687 0.1962
vn 0.9746 0.1583 0.1583
vn 0.9740 0.1431 0.1758
vn 0.9751 0.1684 0.1445
vn 0.9697 0.1786 0.1668
vn 0.9738 0.1829 0.1351
vn 0.9754 0.1864 0.1173
vn 0.9701 0.1983 0.1400
vn 0.9721 0.2074 0.1092
vn 0.9757 0.2008 0.0875
vn 0.9708 0.2130 0.1105
vn 0.9707 0.2269 0.0796
vn 0.9755 0.2126 0.0570
vn 0.9716 0.2228 0.0792
vn 0.9679 0.2470 0.0466
vn 0.9753 0.2195 0.0248
vn 0.9729 0.2264 0.0471
vn 0.7767 -0.6284 0.0430
vn 0.7766 -0.6285 -0.0430
vn 0.7767 -0.6284 -0.0430
vn 0.7767 -0.6167 0.1282
vn 0.7766 -0.6285 0.0430
vn 0.7766 -0.5936 0.2110
vn 0.7766 -0.6168 0.1282
vn 0.7765 -0.5595 0.2898
vn 0.7766 -0.5147 0.3633
vn 0.7767 -0.5593 0.2898
vn 0.7767 -0.4603 0.4300
vn 0.7767 -0.3974 0.4887
vn 0.7766 -0.4603 0.4300
vn 0.7766 -0.3273 0.5383
vn 0.7766 -0.2510 0.5778
vn 0.7766 -0.1700 0.6066
vn 0.7766 -0.0858 0.6241
vn 0.7766 0.0000 0.6300
vn 0.7766 0.0858 0.6241
vn 0.7766 0.1700 0.6066
vn 0.7766 0.0857 0.6241
vn 0.7766 0.2510 0.5778
vn 0.7766 0.1701 0.6066
vn 0.7766 0.3273 0.5383
vn 0.7767 0.3974 0.4887
vn 0.7766 0.4605 0.4300
vn 0.7766 0.5147 0.3633
vn 0.7766 0.4603 0.4300
vn 0.7766 0.5594 0.2898
vn 0.7767 0.5935 0.2110
vn 0.7766 0.6168 0.1282
vn 0.7766 0.5937 0.2109
vn 0.7767 0.6284 0.0430
vn 0.7767 0.6167 0.1282
vn 0.7766 0.6285 0.0430
vn 0.7767 0.6284 -0.0430
vn 0.4886 0.8705 0.0595
vn 0.4223 0.9059 0.0323
vn 0.4218 0.9046 -0.0619
vn 0.7766 0.6285 -0.0430
vn 0.4218 -0.9046 0.0619
vn 0.4223 -0.9059 -0.0323
vn 0.4886 -0.8705 -0.0595
vn 0.4340 -0.8821 0.1833
vn 0.5419 -0.8399 0.0300
vn 0.4163 -0.9040 0.0972
vn 0.4448 -0.8439 0.3000
vn 0.5274 -0.8361 0.1509
vn 0.4113 -0.8832 0.2254
vn 0.4543 -0.7909 0.4099
vn 0.5130 -0.8145 0.2710
vn 0.4074 -0.8437 0.3494
vn 0.4626 -0.7242 0.5114
vn 0.4995 -0.7747 0.3878
vn 0.4048 -0.7865 0.4665
vn 0.4697 -0.6451 0.6027
vn 0.4864 -0.7177 0.4983
vn 0.4033 -0.7125 0.5741
vn 0.4755 -0.5552 0.6824
vn 0.4741 -0.6444 0.5999
vn 0.4030 -0.6236 0.6698
vn 0.4803 -0.4557 0.7494
vn 0.4626 -0.5564 0.6903
vn 0.4039 -0.5218 0.7514
vn 0.4840 -0.3486 0.8026
vn 0.4520 -0.4551 0.7672
vn 0.4060 -0.4091 0.8172
vn 0.4866 -0.2357 0.8412
vn 0.4423 -0.3433 0.8286
vn 0.4092 -0.2882 0.8657
vn 0.4882 -0.1188 0.8646
vn 0.4336 -0.2229 0.8731
vn 0.4137 -0.1617 0.8960
vn 0.4887 0.0000 0.8724
vn 0.4258 -0.0967 0.8996
vn 0.4192 -0.0324 0.9073
vn 0.4281 0.1230 0.8953
vn 0.4192 0.0324 0.9073
vn 0.4395 0.2422 0.8649
vn 0.5347 0.0904 0.8402
vn 0.4137 0.1616 0.8960
vn 0.4497 0.3558 0.8193
vn 0.5202 0.2112 0.8275
vn 0.4092 0.2882 0.8657
vn 0.4586 0.4618 0.7593
vn 0.5062 0.3300 0.7968
vn 0.4060 0.4091 0.8172
vn 0.4662 0.5583 0.6862
vn 0.4929 0.4440 0.7483
vn 0.4039 0.5218 0.7514
vn 0.4727 0.6440 0.6015
vn 0.4802 0.5505 0.6829
vn 0.4030 0.6237 0.6698
vn 0.4781 0.7174 0.5066
vn 0.4683 0.6467 0.6021
vn 0.4033 0.7125 0.5741
vn 0.4823 0.7777 0.4031
vn 0.4572 0.7305 0.5072
vn 0.4048 0.7865 0.4665
vn 0.4855 0.8237 0.2928
vn 0.4470 0.7999 0.4004
vn 0.4074 0.8437 0.3494
vn 0.4876 0.8548 0.1777
vn 0.4377 0.8531 0.2839
vn 0.4113 0.8832 0.2254
vn 0.4295 0.8887 0.1603
vn 0.4162 0.9040 0.0972
vn 0.2080 0.9775 0.0349
vn 0.2078 0.9777 0.0307
vn 0.2078 0.9776 -0.0349
vn 0.5419 0.8399 -0.0300
vn 0.2078 -0.9776 0.0349
vn 0.2078 -0.9777 -0.0307
vn 0.2080 -0.9775 -0.0349
vn 0.2081 -0.9725 0.1046
vn 0.2080 -0.9776 0.0307
vn 0.2077 -0.9739 0.0921
vn 0.2082 -0.9625 0.1737
vn 0.2076 -0.9662 0.1530
vn 0.2083 -0.9477 0.2419
vn 0.2075 -0.9547 0.2134
vn 0.2083 -0.9280 0.3089
vn 0.2075 -0.9394 0.2729
vn 0.2082 -0.9036 0.3743
vn 0.2076 -0.9204 0.3314
vn 0.2080 -0.8747 0.4378
vn 0.2076 -0.8978 0.3885
vn 0.2079 -0.8412 0.4991
vn 0.2078 -0.8716 0.4441
vn 0.2081 -0.8034 0.5578
vn 0.2079 -0.8419 0.4979
vn 0.2077 -0.8090 0.5498
vn 0.2082 -0.7616 0.6137
vn 0.2076 -0.7729 0.5996
vn 0.2083 -0.7158 0.6665
vn 0.2076 -0.7338 0.6469
vn 0.2083 -0.6665 0.7158
vn 0.2075 -0.6917 0.6917
vn 0.2082 -0.6137 0.7616
vn 0.2075 -0.6469 0.7338
vn 0.2081 -0.5578 0.8034
vn 0.2076 -0.5996 0.7729
vn 0.2079 -0.4991 0.8412
vn 0.2077 -0.5498 0.8090
vn 0.2080 -0.4378 0.8747
vn 0.2079 -0.4979 0.8419
vn 0.2078 -0.4441 0.8716
vn 0.2082 -0.3743 0.9036
vn 0.2076 -0.3885 0.8977
vn 0.2083 -0.3089 0.9280
vn 0.2076 -0.3314 0.9204
vn 0.2083 -0.2419 0.9477
vn 0.2075 -0.2729 0.9394
vn 0.2082 -0.1736 0.9625
vn 0.2075 -0.2134 0.9547
vn 0.2081 -0.1046 0.9725
vn 0.2076 -0.1530 0.9662
vn 0.2080 -0.0349 0.9775
vn 0.2077 -0.0921 0.9739
vn 0.2078 0.0349 0.9776
vn 0.2078 -0.0307 0.9777
vn 0.2081 0.1046 0.9725
vn 0.2080 0.0307 0.9776
vn 0.2077 0.0921 0.9739
vn 0.2082 0.1736 0.9625
vn 0.2076 0.1530 0.9662
vn 0.2083 0.2419 0.9477
vn 0.2075 0.2134 0.9547
vn 0.2083 0.3089 0.9280
vn 0.2075 0.2729 0.9394
vn 0.2082 0.3743 0.9036
vn 0.2076 0.3314 0.9204
vn 0.2080 0.4378 0.8747
vn 0.2076 0.3885 0.8977
vn 0.2079 0.4991 0.8412
vn 0.2078 0.4441 0.8716
vn 0.2081 0.5578 0.8034
vn 0.2079 0.4979 0.8419
vn 0.2077 0.5498 0.8090
vn 0.2082 0.6137 0.7616
vn 0.2076 0.5996 0.7729
vn 0.2083 0.6665 0.7158
vn 0.2075 0.6469 0.7338
vn 0.2083 0.7158 0.6665
vn 0.2075 0.6917 0.6917
vn 0.2082 0.7616 0.6137
vn 0.2076 0.7338 0.6469
vn 0.2081 0.8034 0.5578
vn 0.2076 0.7729 0.5996
vn 0.2079 0.8412 0.4991
vn 0.2077 0.8090 0.5498
vn 0.2080 0.8747 0.4378
vn 0.2079 0.8419 0.4979
vn 0.2078 0.8716 0.4441
vn 0.2082 0.9036 0.3743
vn 0.2076 0.8978 0.3885
vn 0.2083 0.9280 0.3089
vn 0.2076 0.9204 0.3314
vn 0.2083 0.9477 0.2419
vn 0.2075 0.9394 0.2729
vn 0.2082 0.9625 0.1737
vn 0.2075 0.9547 0.2134
vn 0.2081 0.9725 0.1046
vn 0.2076 0.9662 0.1530
vn 0.2077 0.9739 0.0921
vn 0.1874 -0.9818 0.0309
vn 0.1872 -0.9808 -0.0551
vn 0.1783 -0.9835 -0.0309
vn 0.1884 -0.9777 0.0924
vn 0.1823 -0.9817 0.0551
vn 0.1857 -0.9705 0.1537
vn 0.1889 -0.9583 0.2142
vn 0.1829 -0.9692 0.1647
vn 0.1834 -0.9440 0.2743
vn 0.1888 -0.9240 0.3326
vn 0.1840 -0.9445 0.2721
vn 0.1805 -0.9027 0.3906
vn 0.1881 -0.8751 0.4459
vn 0.1857 -0.9078 0.3760
vn 0.1878 -0.8454 0.5000
vn 0.1823 -0.8606 0.4756
vn 0.1869 -0.8125 0.5522
vn 0.1887 -0.7760 0.6019
vn 0.1825 -0.8019 0.5690
vn 0.1850 -0.7372 0.6499
vn 0.1890 -0.6944 0.6944
vn 0.1832 -0.7330 0.6551
vn 0.1825 -0.6502 0.7375
vn 0.1887 -0.6019 0.7760
vn 0.1845 -0.6549 0.7328
vn 0.1794 -0.5530 0.8137
vn 0.1878 -0.5000 0.8454
vn 0.1864 -0.5685 0.8013
vn 0.1881 -0.4459 0.8751
vn 0.1823 -0.4756 0.8606
vn 0.1863 -0.3902 0.9017
vn 0.1888 -0.3326 0.9240
vn 0.1827 -0.3762 0.9083
vn 0.1842 -0.2742 0.9439
vn 0.1889 -0.2142 0.9583
vn 0.1836 -0.2721 0.9446
vn 0.1815 -0.1538 0.9713
vn 0.1884 -0.0924 0.9777
vn 0.1851 -0.1646 0.9688
vn 0.1782 -0.0309 0.9835
vn 0.1874 0.0309 0.9818
vn 0.1872 -0.0551 0.9808
vn 0.1884 0.0924 0.9777
vn 0.1823 0.0551 0.9817
vn 0.1857 0.1537 0.9705
vn 0.1889 0.2142 0.9583
vn 0.1829 0.1647 0.9692
vn 0.1834 0.2743 0.9440
vn 0.1888 0.3326 0.9240
vn 0.1840 0.2721 0.9445
vn 0.1805 0.3906 0.9027
vn 0.1881 0.4459 0.8751
vn 0.1857 0.3760 0.9078
vn 0.1878 0.5000 0.8454
vn 0.1823 0.4756 0.8606
vn 0.1869 0.5522 0.8125
vn 0.1887 0.6019 0.7760
vn 0.1825 0.5690 0.8019
vn 0.1850 0.6499 0.7372
vn 0.1890 0.6944 0.6944
vn 0.1832 0.6551 0.7330
vn 0.1825 0.7375 0.6502
vn 0.1887 0.7760 0.6019
vn 0.1845 0.7328 0.6549
vn 0.1794 0.8137 0.5530
vn 0.1878 0.8454 0.5000
vn 0.1864 0.8013 0.5685
vn 0.1881 0.8751 0.4459
vn 0.1823 0.8606 0.4756
vn 0.1863 0.9017 0.3902
vn 0.1888 0.9240 0.3326
vn 0.1827 0.9083 0.3762
vn 0.1842 0.9439 0.2742
vn 0.1889 0.9583 0.2142
vn 0.1836 0.9446 0.2721
vn 0.1815 0.9713 0.1538
vn 0.1884 0.9777 0.0924
vn 0.1851 0.9688 0.1646
vn 0.1783 0.9835 0.0309
vn 0.1872 0.9808 0.0551
vn 0.1874 0.9818 -0.0309
vn 0.2080 0.9776 -0.0307
vn 0.1460 -0.9877 0.0555
vn 0.1460 -0.9877 -0.0555
vn 0.1460 -0.9753 0.1657
vn 0.1460 -0.9506 0.2739
vn 0.1460 -0.9140 0.3786
vn 0.1460 -0.8658 0.4785
vn 0.1460 -0.8068 0.5725
vn 0.1460 -0.8659 0.4785
vn 0.1460 -0.7377 0.6592
vn 0.1460 -0.6592 0.7377
vn 0.1460 -0.5725 0.8068
vn 0.1460 -0.4785 0.8659
vn 0.1460 -0.3786 0.9140
vn 0.1460 -0.4785 0.8658
vn 0.1460 -0.2739 0.9506
vn 0.1460 -0.1657 0.9753
vn 0.1460 -0.0555 0.9877
vn 0.1460 0.0555 0.9877
vn 0.1460 0.1657 0.9753
vn 0.1460 0.2739 0.9506
vn 0.1460 0.3786 0.9140
vn 0.1460 0.4785 0.8658
vn 0.1460 0.5725 0.8068
vn 0.1460 0.4785 0.8659
vn 0.1460 0.6592 0.7377
vn 0.1460 0.7377 0.6592
vn 0.1460 0.8068 0.5725
vn 0.1460 0.8659 0.4785
vn 0.1460 0.9140 0.3786
vn 0.1460 0.9506 0.2739
vn 0.1460 0.9753 0.1657
vn 0.1460 0.9877 0.0555
vn 0.1460 0.9877 -0.0555
vn 0.1823 0.9817 -0.0551
vn 0.1044 0.9930 0.0558
vn 0.1044 0.9930 -0.0558
vn 0.1044 -0.9930 0.0558
vn 0.1044 -0.9930 -0.0558
vn 0.1044 -0.9805 0.1666
vn 0.1044 -0.9557 0.2753
vn 0.1044 -0.9188 0.3806
vn 0.1044 -0.8704 0.4811
vn 0.1044 -0.8111 0.5755
vn 0.1044 -0.7416 0.6627
vn 0.1044 -0.6627 0.7416
vn 0.1044 -0.5755 0.8111
vn 0.1044 -0.4811 0.8704
vn 0.1044 -0.3806 0.9188
vn 0.1044 -0.2753 0.9557
vn 0.1044 -0.1666 0.9805
vn 0.1044 -0.0558 0.9930
vn 0.1044 0.0558 0.9930
vn 0.1044 0.1666 0.9805
vn 0.1044 0.2753 0.9557
vn 0.1044 0.3806 0.9188
vn 0.1044 0.4811 0.8704
vn 0.1044 0.5755 0.8111
vn 0.1044 0.6627 0.7416
vn 0.1044 0.7416 0.6627
vn 0.1044 0.8111 0.5755
vn 0.1044 0.8704 0.4811
vn 0.1044 0.9188 0.3806
vn 0.1044 0.9557 0.2753
vn 0.1044 0.9805 0.1666
vn 0.0627 0.9965 0.0560
vn 0.0627 0.9965 -0.0560
vn 0.0627 -0.9965 0.0560
vn 0.0627 -0.9965 -0.0560
vn 0.0627 -0.9839 0.1672
vn 0.0627 -0.9590 0.2763
vn 0.0627 -0.9221 0.3819
vn 0.0627 -0.8735 0.4828
vn 0.0627 -0.8140 0.5775
vn 0.0627 -0.7442 0.6650
vn 0.0627 -0.6650 0.7442
vn 0.0627 -0.5775 0.8140
vn 0.0627 -0.4828 0.8735
vn 0.0627 -0.3819 0.9221
vn 0.0627 -0.2763 0.9590
vn 0.0627 -0.1672 0.9839
vn 0.0627 -0.0560 0.9965
vn 0.0627 0.0560 0.9965
vn 0.0627 0.1672 0.9839
vn 0.0627 0.2763 0.9590
vn 0.0627 0.3819 0.9221
vn 0.0627 0.4828 0.8735
vn 0.0627 0.5775 0.8140
vn 0.0627 0.6650 0.7442
vn 0.0627 0.7442 0.6650
vn 0.0627 0.8140 0.5775
vn 0.0627 0.8735 0.4828
vn 0.0627 0.9221 0.3819
vn 0.0627 0.9590 0.2763
vn 0.0627 0.9839 0.1672
vn 0.0200 0.9982 0.0561
vn 0.0209 0.9981 0.0581
vn 0.0209 0.9982 -0.0561
vn 0.0209 -0.9982 0.0561
vn 0.0209 -0.9981 -0.0581
vn 0.0200 -0.9982 -0.0561
vn 0.0217 -0.9856 0.1675
vn 0.0200 -0.9981 0.0581
vn 0.0225 -0.9607 0.2768
vn 0.0192 -0.9846 0.1736
vn 0.0232 -0.9236 0.3826
vn 0.0185 -0.9578 0.2868
vn 0.0239 -0.8750 0.4836
vn 0.0178 -0.9181 0.3960
vn 0.0244 -0.8153 0.5785
vn 0.0172 -0.8659 0.4999
vn 0.0250 -0.7454 0.6661
vn 0.0167 -0.8020 0.5971
vn 0.0254 -0.6661 0.7454
vn 0.0162 -0.7273 0.6861
vn 0.0258 -0.5785 0.8153
vn 0.0158 -0.6427 0.7659
vn 0.0261 -0.4835 0.8749
vn 0.0154 -0.5494 0.8354
vn 0.0264 -0.3825 0.9236
vn 0.0152 -0.4488 0.8935
vn 0.0266 -0.2767 0.9606
vn 0.0149 -0.3420 0.9396
vn 0.0267 -0.1674 0.9855
vn 0.0148 -0.2306 0.9729
vn 0.0268 -0.0561 0.9981
vn 0.0147 -0.1161 0.9931
vn 0.0268 0.0561 0.9981
vn 0.0146 0.0000 0.9999
vn 0.0267 0.1674 0.9855
vn 0.0147 0.1161 0.9931
vn 0.0266 0.2767 0.9606
vn 0.0148 0.2306 0.9729
vn 0.0264 0.3825 0.9236
vn 0.0149 0.3420 0.9396
vn 0.0261 0.4835 0.8749
vn 0.0152 0.4488 0.8935
vn 0.0258 0.5785 0.8153
vn 0.0154 0.5494 0.8354
vn 0.0254 0.6661 0.7454
vn 0.0158 0.6427 0.7659
vn 0.0250 0.7454 0.6661
vn 0.0162 0.7273 0.6862
vn 0.0244 0.8153 0.5785
vn 0.0167 0.8020 0.5971
vn 0.0239 0.8750 0.4836
vn 0.0172 0.8659 0.4999
vn 0.0232 0.9236 0.3826
vn 0.0178 0.9181 0.3960
vn 0.0225 0.9607 0.2768
vn 0.0185 0.9578 0.2868
vn 0.0217 0.9856 0.1675
vn 0.0192 0.9846 0.1736
vn 0.0000 0.9983 0.0581
vn 0.0007 0.9962 0.0872
vn 0.0000 0.9996 0.0291
vn 0.0000 0.9983 -0.0581
vn 0.0200 0.9981 -0.0581
vn 0.0000 -0.9983 0.0581
vn 0.0000 -0.9996 -0.0291
vn 0.0000 -0.9983 -0.0581
vn 0.0007 -0.9962 -0.0872
vn 0.0000 -0.9848 0.1736
vn 0.0007 -0.9996 0.0291
vn 0.0000 -0.9962 0.0872
vn 0.0000 -0.9580 0.2868
vn 0.0007 -0.9894 0.1449
vn 0.0000 -0.9793 0.2022
vn 0.0000 -0.9182 0.3961
vn 0.0007 -0.9659 0.2588
vn 0.0000 -0.9492 0.3145
vn 0.0000 -0.8660 0.5000
vn 0.0007 -0.9293 0.3692
vn 0.0000 -0.9063 0.4226
vn 0.0000 -0.8021 0.5972
vn 0.0007 -0.8802 0.4746
vn 0.0000 -0.8511 0.5250
vn 0.0000 -0.7274 0.6862
vn 0.0007 -0.8192 0.5736
vn 0.0000 -0.7844 0.6202
vn 0.0000 -0.6428 0.7660
vn 0.0007 -0.7470 0.6648
vn 0.0000 -0.7071 0.7071
vn 0.0000 -0.5495 0.8355
vn 0.0007 -0.6648 0.7470
vn 0.0000 -0.6202 0.7844
vn 0.0000 -0.4488 0.8936
vn 0.0007 -0.5736 0.8192
vn 0.0000 -0.5250 0.8511
vn 0.0000 -0.3420 0.9397
vn 0.0007 -0.4746 0.8802
vn 0.0000 -0.4226 0.9063
vn 0.0000 -0.2306 0.9730
vn 0.0007 -0.3692 0.9293
vn 0.0000 -0.3145 0.9492
vn 0.0000 -0.1161 0.9932
vn 0.0007 -0.2588 0.9659
vn 0.0000 -0.2022 0.9793
vn 0.0000 0.0000 1.0000
vn 0.0007 -0.1449 0.9894
vn 0.0000 -0.0872 0.9962
vn 0.0000 0.1161 0.9932
vn 0.0007 -0.0291 0.9996
vn 0.0000 0.0291 0.9996
vn 0.0000 0.2306 0.9730
vn 0.0007 0.0872 0.9962
vn 0.0000 0.1449 0.9894
vn 0.0000 0.3420 0.9397
vn 0.0007 0.2022 0.9793
vn 0.0000 0.2588 0.9659
vn 0.0000 0.4488 0.8936
vn 0.0007 0.3145 0.9492
vn 0.0000 0.3692 0.9293
vn 0.0000 0.5495 0.8355
vn 0.0007 0.4226 0.9063
vn 0.0000 0.4746 0.8802
vn 0.0000 0.6428 0.7660
vn 0.0007 0.5250 0.8511
vn 0.0000 0.5736 0.8192
vn 0.0000 0.7274 0.6862
vn 0.0007 0.6202 0.7844
vn 0.0000 0.6648 0.7470
vn 0.0000 0.8021 0.5972
vn 0.0007 0.7071 0.7071
vn 0.0000 0.7470 0.6648
vn 0.0000 0.8660 0.5000
vn 0.0007 0.7844 0.6202
vn 0.0000 0.8192 0.5736
vn 0.0000 0.9182 0.3961
vn 0.0007 0.8511 0.5250
vn 0.0000 0.8802 0.4746
vn 0.0000 0.9580 0.2868
vn 0.0007 0.9063 0.4226
vn 0.0000 0.9293 0.3692
vn 0.0000 0.9848 0.1737
vn 0.0007 0.9492 0.3145
vn 0.0000 0.9659 0.2588
vn 0.0007 0.9793 0.2022
vn 0.0000 0.9894 0.1449
vn 0.0314 -0.9991 0.0291
vn 0.0314 -0.9980 -0.0541
vn 0.0187 -0.9994 -0.0291
vn 0.0323 -0.9957 0.0871
vn 0.0246 -0.9982 0.0541
vn 0.0302 -0.9890 0.1449
vn 0.0330 -0.9788 0.2021
vn 0.0249 -0.9865 0.1617
vn 0.0286 -0.9655 0.2587
vn 0.0333 -0.9487 0.3144
vn 0.0255 -0.9632 0.2674
vn 0.0268 -0.9290 0.3691
vn 0.0334 -0.9058 0.4224
vn 0.0264 -0.9287 0.3700
vn 0.0246 -0.8799 0.4745
vn 0.0331 -0.8507 0.5247
vn 0.0276 -0.8832 0.4682
vn 0.0222 -0.8189 0.5734
vn 0.0325 -0.7840 0.6199
vn 0.0291 -0.8273 0.5609
vn 0.0194 -0.7469 0.6647
vn 0.0317 -0.7068 0.7068
vn 0.0309 -0.7618 0.6471
vn 0.0321 -0.6645 0.7466
vn 0.0246 -0.6875 0.7258
vn 0.0305 -0.6199 0.7841
vn 0.0328 -0.5733 0.8187
vn 0.0248 -0.6050 0.7958
vn 0.0290 -0.5248 0.8508
vn 0.0333 -0.4743 0.8797
vn 0.0253 -0.5154 0.8566
vn 0.0273 -0.4225 0.9060
vn 0.0334 -0.3690 0.9288
vn 0.0261 -0.4197 0.9073
vn 0.0252 -0.3144 0.9489
vn 0.0332 -0.2587 0.9654
vn 0.0272 -0.3192 0.9473
vn 0.0228 -0.2022 0.9791
vn 0.0327 -0.1449 0.9889
vn 0.0287 -0.2149 0.9762
vn 0.0201 -0.0871 0.9960
vn 0.0319 -0.0291 0.9991
vn 0.0304 -0.1081 0.9937
vn 0.0319 0.0291 0.9991
vn 0.0245 0.0000 0.9997
vn 0.0308 0.0871 0.9957
vn 0.0327 0.1449 0.9889
vn 0.0247 0.1081 0.9938
vn 0.0294 0.2021 0.9789
vn 0.0332 0.2587 0.9654
vn 0.0251 0.2149 0.9763
vn 0.0277 0.3144 0.9489
vn 0.0334 0.3690 0.9288
vn 0.0259 0.3192 0.9473
vn 0.0257 0.4225 0.9060
vn 0.0333 0.4743 0.8797
vn 0.0269 0.4197 0.9072
vn 0.0234 0.5248 0.8509
vn 0.0328 0.5733 0.8187
vn 0.0283 0.5153 0.8565
vn 0.0208 0.6201 0.7842
vn 0.0321 0.6645 0.7466
vn 0.0299 0.6049 0.7957
vn 0.0317 0.7068 0.7068
vn 0.0246 0.6875 0.7258
vn 0.0311 0.7467 0.6645
vn 0.0325 0.7840 0.6199
vn 0.0246 0.7619 0.6472
vn 0.0298 0.8188 0.5733
vn 0.0331 0.8507 0.5247
vn 0.0250 0.8274 0.5610
vn 0.0282 0.8799 0.4744
vn 0.0334 0.9058 0.4224
vn 0.0257 0.8832 0.4683
vn 0.0263 0.9290 0.3691
vn 0.0333 0.9487 0.3144
vn 0.0266 0.9286 0.3700
vn 0.0240 0.9656 0.2587
vn 0.0330 0.9788 0.2021
vn 0.0279 0.9632 0.2674
vn 0.0215 0.9892 0.1449
vn 0.0323 0.9957 0.0871
vn 0.0295 0.9864 0.1617
vn 0.0187 0.9994 0.0291
vn 0.0314 0.9980 0.0541
vn 0.0314 0.9991 -0.0291
vn 0.0007 0.9996 -0.0291
vn 0.0940 -0.9941 0.0539
vn 0.0940 -0.9941 -0.0539
vn 0.0940 -0.9825 0.1611
vn 0.0940 -0.9593 0.2663
vn 0.0940 -0.9249 0.3685
vn 0.0940 -0.8796 0.4663
vn 0.0940 -0.8240 0.5587
vn 0.0940 -0.7588 0.6445
vn 0.0940 -0.6847 0.7228
vn 0.0940 -0.6025 0.7926
vn 0.0940 -0.5133 0.8531
vn 0.0940 -0.4180 0.9036
vn 0.0940 -0.3179 0.9435
vn 0.0940 -0.2140 0.9723
vn 0.0940 -0.1076 0.9897
vn 0.0940 0.0000 0.9956
vn 0.0940 0.1076 0.9897
vn 0.0940 0.2140 0.9723
vn 0.0940 0.3179 0.9435
vn 0.0940 0.4180 0.9036
vn 0.0940 0.5133 0.8531
vn 0.0940 0.6025 0.7926
vn 0.0940 0.6847 0.7228
vn 0.0940 0.7588 0.6445
vn 0.0940 0.8240 0.5587
vn 0.0940 0.8796 0.4663
vn 0.0940 0.9249 0.3685
vn 0.0940 0.9593 0.2663
vn 0.0940 0.9825 0.1611
vn 0.0940 0.9941 0.0539
vn 0.0940 0.9941 -0.0539
vn 0.0246 0.9982 -0.0541
vn 0.1563 0.9863 0.0535
vn 0.1563 0.9863 -0.0535
vn 0.1563 -0.9863 0.0535
vn 0.1563 -0.9863 -0.0535
vn 0.1563 -0.9747 0.1598
vn 0.1563 -0.9517 0.2642
vn 0.1563 -0.9176 0.3656
vn 0.1563 -0.8727 0.4627
vn 0.1563 -0.8175 0.5543
vn 0.1563 -0.7528 0.6394
vn 0.1563 -0.6792 0.7171
vn 0.1563 -0.5977 0.7863
vn 0.1563 -0.5092 0.8463
vn 0.1563 -0.4147 0.8964
vn 0.1563 -0.3154 0.9360
vn 0.1563 -0.2123 0.9646
vn 0.1563 -0.1068 0.9819
vn 0.1563 0.0000 0.9877
vn 0.1563 0.1068 0.9819
vn 0.1563 0.2123 0.9646
vn 0.1563 0.3154 0.9360
vn 0.1563 0.4147 0.8964
vn 0.1563 0.5092 0.8463
vn 0.1563 0.5977 0.7863
vn 0.1563 0.6792 0.7171
vn 0.1563 0.7528 0.6394
vn 0.1563 0.8175 0.5543
vn 0.1563 0.8727 0.4627
vn 0.1563 0.9176 0.3656
vn 0.1563 0.8727 0.4626
vn 0.1563 0.9517 0.2642
vn 0.1563 0.9747 0.1598
vn 0.2180 0.9745 0.0528
vn 0.2180 0.9745 -0.0528
vn 0.2180 -0.9745 0.0528
vn 0.2180 -0.9745 -0.0528
vn 0.2180 -0.9631 0.1579
vn 0.2180 -0.9404 0.2611
vn 0.2180 -0.9066 0.3612
vn 0.2180 -0.8623 0.4571
vn 0.2180 -0.8078 0.5477
vn 0.2180 -0.7438 0.6318
vn 0.2180 -0.6712 0.7085
vn 0.2180 -0.5906 0.7769
vn 0.2180 -0.5032 0.8363
vn 0.2180 -0.4098 0.8857
vn 0.2180 -0.3116 0.9249
vn 0.2180 -0.2098 0.9531
vn 0.2180 -0.1055 0.9702
vn 0.2180 0.0000 0.9760
vn 0.2180 0.1055 0.9702
vn 0.2180 0.2098 0.9531
vn 0.2180 0.3116 0.9249
vn 0.2180 0.4098 0.8857
vn 0.2180 0.5032 0.8363
vn 0.2180 0.5906 0.7769
vn 0.2180 0.6712 0.7085
vn 0.2180 0.7438 0.6318
vn 0.2180 0.8078 0.5477
vn 0.2180 0.8623 0.4571
vn 0.2180 0.9066 0.3612
vn 0.2180 0.9404 0.2611
vn 0.2180 0.9631 0.1579
vn 0.2797 0.9587 0.0520
vn 0.2787 0.9591 0.0503
vn 0.2787 0.9590 -0.0520
vn 0.2787 -0.9590 0.0520
vn 0.2787 -0.9591 -0.0503
vn 0.2797 -0.9587 -0.0520
vn 0.2805 -0.9472 0.1553
vn 0.2797 -0.9588 0.0502
vn 0.2779 -0.9488 0.1503
vn 0.2814 -0.9246 0.2567
vn 0.2771 -0.9281 0.2487
vn 0.2821 -0.8912 0.3551
vn 0.2763 -0.8972 0.3444
vn 0.2828 -0.8474 0.4493
vn 0.2756 -0.8565 0.4364
vn 0.2834 -0.7938 0.5382
vn 0.2750 -0.8063 0.5236
vn 0.2840 -0.7308 0.6207
vn 0.2744 -0.7473 0.6052
vn 0.2845 -0.6593 0.6960
vn 0.2739 -0.6801 0.6801
vn 0.2849 -0.5801 0.7631
vn 0.2735 -0.6053 0.7475
vn 0.2852 -0.4941 0.8213
vn 0.2731 -0.5239 0.8068
vn 0.2855 -0.4024 0.8698
vn 0.2728 -0.4368 0.8572
vn 0.2858 -0.3060 0.9081
vn 0.2726 -0.3448 0.8982
vn 0.2859 -0.2060 0.9358
vn 0.2724 -0.2490 0.9294
vn 0.2860 -0.1036 0.9526
vn 0.2722 -0.1505 0.9504
vn 0.2861 0.0000 0.9582
vn 0.2722 -0.0504 0.9609
vn 0.2860 0.1036 0.9526
vn 0.2722 0.0504 0.9609
vn 0.2859 0.2060 0.9358
vn 0.2722 0.1505 0.9504
vn 0.2858 0.3060 0.9081
vn 0.2724 0.2490 0.9294
vn 0.2855 0.4024 0.8698
vn 0.2726 0.3448 0.8982
vn 0.2852 0.4941 0.8213
vn 0.2728 0.4368 0.8572
vn 0.2849 0.5801 0.7631
vn 0.2731 0.5239 0.8068
vn 0.2845 0.6593 0.6960
vn 0.2735 0.6053 0.7475
vn 0.2840 0.7308 0.6207
vn 0.2739 0.6801 0.6801
vn 0.2834 0.7938 0.5382
vn 0.2744 0.7473 0.6052
vn 0.2828 0.8474 0.4493
vn 0.2750 0.8063 0.5236
vn 0.2821 0.8912 0.3551
vn 0.2756 0.8565 0.4364
vn 0.2814 0.9246 0.2567
vn 0.2763 0.8972 0.3444
vn 0.2805 0.9472 0.1553
vn 0.2770 0.9281 0.2487
vn 0.2779 0.9488 0.1503
vn 0.3093 0.9497 0.0498
vn 0.3087 0.9500 0.0482
vn 0.3086 0.9499 -0.0498
vn 0.2797 0.9588 -0.0502
vn 0.3086 -0.9499 0.0498
vn 0.3087 -0.9500 -0.0482
vn 0.3093 -0.9497 -0.0498
vn 0.3099 -0.9391 0.1487
vn 0.3093 -0.9497 0.0482
vn 0.3081 -0.9404 0.1441
vn 0.3105 -0.9182 0.2460
vn 0.3075 -0.9212 0.2385
vn 0.3110 -0.8873 0.3406
vn 0.3070 -0.8925 0.3305
vn 0.3115 -0.8467 0.4314
vn 0.3065 -0.8546 0.4192
vn 0.3119 -0.7968 0.5175
vn 0.3061 -0.8079 0.5036
vn 0.3123 -0.7383 0.5978
vn 0.3057 -0.7529 0.5828
vn 0.3127 -0.6717 0.6717
vn 0.3054 -0.6902 0.6561
vn 0.3130 -0.5977 0.7381
vn 0.3051 -0.6203 0.7226
vn 0.3132 -0.5172 0.7965
vn 0.3048 -0.5441 0.7817
vn 0.3135 -0.4311 0.8461
vn 0.3046 -0.4622 0.8328
vn 0.3136 -0.3403 0.8865
vn 0.3044 -0.3756 0.8754
vn 0.3138 -0.2457 0.9171
vn 0.3042 -0.2852 0.9089
vn 0.3139 -0.1485 0.9378
vn 0.3041 -0.1918 0.9331
vn 0.3139 -0.0497 0.9482
vn 0.3041 -0.0964 0.9478
vn 0.3139 0.0497 0.9482
vn 0.3041 0.0000 0.9527
vn 0.3139 0.1485 0.9378
vn 0.3041 0.0964 0.9478
vn 0.3138 0.2457 0.9171
vn 0.3041 0.1918 0.9331
vn 0.3136 0.3403 0.8865
vn 0.3042 0.2852 0.9089
vn 0.3135 0.4311 0.8461
vn 0.3044 0.3756 0.8754
vn 0.3132 0.5172 0.7965
vn 0.3046 0.4622 0.8328
vn 0.3130 0.5977 0.7381
vn 0.3048 0.5441 0.7817
vn 0.3127 0.6717 0.6717
vn 0.3051 0.6203 0.7226
vn 0.3123 0.7383 0.5978
vn 0.3054 0.6902 0.6561
vn 0.3119 0.7968 0.5175
vn 0.3057 0.7529 0.5828
vn 0.3115 0.8467 0.4314
vn 0.3061 0.8079 0.5036
vn 0.3110 0.8873 0.3406
vn 0.3065 0.8546 0.4192
vn 0.3105 0.9182 0.2460
vn 0.3070 0.8925 0.3305
vn 0.3099 0.9391 0.1487
vn 0.3075 0.9212 0.2385
vn 0.3081 0.9404 0.1441
vn 0.2332 -0.9712 0.0493
vn 0.2331 -0.9708 -0.0575
vn 0.1562 -0.9865 -0.0500
vn 0.1562 -0.9763 0.1496
vn 0.0783 -0.9952 0.0587
vn 0.1563 -0.9864 0.0500
vn 0.1562 -0.9562 0.2476
vn 0.1562 -0.9263 0.3430
vn 0.1562 -0.8868 0.4350
vn 0.1563 -0.9262 0.3431
vn 0.1562 -0.8382 0.5225
vn 0.1562 -0.7810 0.6046
vn 0.1562 -0.8383 0.5224
vn 0.1562 -0.7160 0.6804
vn 0.1562 -0.6434 0.7494
vn 0.1562 -0.7159 0.6805
vn 0.1562 -0.5642 0.8107
vn 0.1563 -0.4794 0.8636
vn 0.1562 -0.3895 0.9077
vn 0.1562 -0.4793 0.8636
vn 0.1562 -0.2957 0.9424
vn 0.1563 -0.1988 0.9675
vn 0.1563 -0.2956 0.9424
vn 0.1562 -0.0999 0.9827
vn 0.1562 -0.1988 0.9675
vn 0.1562 0.0000 0.9877
vn 0.1563 -0.0999 0.9826
vn 0.1563 0.0999 0.9826
vn 0.1562 0.1988 0.9675
vn 0.1562 0.0999 0.9827
vn 0.1562 0.2957 0.9424
vn 0.1562 0.3895 0.9077
vn 0.1563 0.2956 0.9424
vn 0.1562 0.4794 0.8636
vn 0.1562 0.5642 0.8107
vn 0.1562 0.4793 0.8636
vn 0.1562 0.6435 0.7494
vn 0.1563 0.5642 0.8107
vn 0.1562 0.7160 0.6804
vn 0.1562 0.6433 0.7495
vn 0.1562 0.7811 0.6046
vn 0.1562 0.7159 0.6805
vn 0.1562 0.8383 0.5224
vn 0.1563 0.7810 0.6047
vn 0.1562 0.8868 0.4350
vn 0.1562 0.8382 0.5225
vn 0.1562 0.9263 0.3430
vn 0.1563 0.8868 0.4350
vn 0.1562 0.9562 0.2475
vn 0.1562 0.9262 0.3431
vn 0.1562 0.9763 0.1496
vn 0.1562 0.9562 0.2476
vn 0.1562 0.9865 0.0500
vn 0.2331 0.9708 0.0575
vn 0.2332 0.9712 -0.0493
vn 0.3093 0.9497 -0.0482
vn 0.0784 -0.9956 -0.0505
vn 0.0000 -0.9987 0.0506
vn 0.0000 -0.9987 -0.0514
vn -0.0010 -0.9987 -0.0506
vn -0.0002 -0.9885 0.1514
vn -0.0010 -0.9987 0.0514
vn 0.0000 -0.9681 0.2506
vn -0.0000 -0.9885 0.1513
vn -0.0006 -0.9378 0.3473
vn -0.0006 -0.9680 0.2511
vn 0.0000 -0.8978 0.4404
vn -0.0001 -0.9379 0.3469
vn -0.0006 -0.8486 0.5290
vn -0.0005 -0.8976 0.4408
vn 0.0000 -0.7908 0.6121
vn -0.0001 -0.8488 0.5287
vn -0.0006 -0.7248 0.6890
vn -0.0005 -0.7906 0.6124
vn -0.0000 -0.6514 0.7588
vn -0.0002 -0.7250 0.6888
vn -0.0006 -0.5713 0.8208
vn -0.0004 -0.6511 0.7590
vn -0.0001 -0.4853 0.8743
vn -0.0003 -0.5715 0.8206
vn -0.0005 -0.3944 0.9190
vn -0.0004 -0.4851 0.8745
vn -0.0001 -0.2994 0.9541
vn -0.0003 -0.3945 0.9189
vn -0.0005 -0.2013 0.9795
vn -0.0003 -0.2992 0.9542
vn -0.0002 -0.1012 0.9949
vn -0.0004 -0.2014 0.9795
vn -0.0004 0.0000 1.0000
vn -0.0002 -0.1011 0.9949
vn -0.0003 0.1012 0.9949
vn -0.0004 0.2013 0.9795
vn -0.0002 0.1011 0.9949
vn -0.0003 0.2994 0.9541
vn -0.0005 0.2014 0.9795
vn -0.0003 0.3944 0.9190
vn -0.0001 0.2992 0.9542
vn -0.0004 0.4853 0.8743
vn -0.0005 0.3945 0.9189
vn -0.0003 0.5713 0.8208
vn -0.0001 0.4851 0.8745
vn -0.0004 0.6514 0.7588
vn -0.0006 0.5714 0.8206
vn -0.0002 0.7248 0.6890
vn -0.0000 0.6511 0.7590
vn -0.0005 0.7908 0.6121
vn -0.0006 0.7250 0.6888
vn -0.0001 0.8486 0.5290
vn 0.0000 0.7906 0.6124
vn -0.0005 0.8978 0.4404
vn -0.0006 0.8488 0.5287
vn -0.0001 0.9378 0.3473
vn 0.0000 0.8976 0.4408
vn -0.0006 0.9681 0.2507
vn -0.0006 0.9379 0.3469
vn -0.0000 0.9885 0.1514
vn 0.0000 0.9680 0.2511
vn 0.0784 0.9956 0.0505
vn -0.0010 0.9987 0.0506
vn -0.0002 0.9885 0.1513
vn 0.0783 0.9952 -0.0587
vn 0.0000 0.9987 0.0514
vn 0.0000 0.9987 -0.0506
vn 0.1563 0.9864 -0.0500
vn 1.0000 -0.0001 0.0000
vn -0.0010 0.9987 -0.0514
vn -0.0002 -0.9885 -0.1513
vn 0.0000 -0.9680 -0.2511
vn -0.0000 -0.9885 -0.1514
vn -0.0006 -0.9379 -0.3469
vn -0.0006 -0.9681 -0.2507
vn 0.0000 -0.8976 -0.4408
vn -0.0001 -0.9378 -0.3473
vn -0.0006 -0.8488 -0.5287
vn -0.0005 -0.8978 -0.4404
vn 0.0000 -0.7906 -0.6124
vn 1.0000 0.0001 0.0000
vn -0.0001 -0.8486 -0.5290
vn -0.0006 -0.7250 -0.6888
vn -0.0005 -0.7908 -0.6121
vn -0.0000 -0.6511 -0.7590
vn -0.0002 -0.7248 -0.6890
vn -0.0006 -0.5714 -0.8206
vn -0.0004 -0.6514 -0.7588
vn -0.0001 -0.4851 -0.8745
vn -0.0003 -0.5713 -0.8208
vn -0.0005 -0.3945 -0.9189
vn -0.0004 -0.4853 -0.8743
vn -0.0001 -0.2992 -0.9542
vn -0.0003 -0.3944 -0.9190
vn -0.0005 -0.2014 -0.9795
vn -0.0003 -0.2994 -0.9541
vn -0.0002 -0.1011 -0.9949
vn -0.0004 -0.2013 -0.9795
vn -0.0004 0.0000 -1.0000
vn -0.0003 -0.1012 -0.9949
vn -0.0002 0.1011 -0.9949
vn -0.0004 0.2014 -0.9795
vn -0.0002 0.1012 -0.9949
vn -0.0003 0.2992 -0.9542
vn -0.0005 0.2013 -0.9795
vn -0.0003 0.3945 -0.9189
vn -0.0001 0.2994 -0.9541
vn -0.0004 0.4851 -0.8745
vn -0.0005 0.3944 -0.9190
vn -0.0003 0.5715 -0.8206
vn -0.0001 0.4853 -0.8743
vn -0.0004 0.6511 -0.7590
vn -0.0006 0.5713 -0.8208
vn -0.0002 0.7250 -0.6888
vn -0.0000 0.6514 -0.7588
vn -0.0005 0.7906 -0.6124
vn -0.0006 0.7248 -0.6890
vn -0.0001 0.8488 -0.5287
vn 0.0000 0.7908 -0.6121
vn -0.0005 0.8976 -0.4408
vn -0.0006 0.8486 -0.5290
vn -0.0001 0.9379 -0.3469
vn 0.0000 0.8978 -0.4404
vn -0.0006 0.9680 -0.2511
vn -0.0006 0.9378 -0.3473
vn -0.0000 0.9885 -0.1513
vn 0.0000 0.9681 -0.2506
vn -0.0002 0.9885 -0.1514
vn 0.9782 0.2076 -0.0055
vn 0.9700 0.2430 0.0065
vn 0.9781 0.2077 0.0099
vn 0.9788 0.2042 -0.0156
vn 0.9743 0.2252 -0.0107
vn 0.9777 0.2082 -0.0265
vn 0.9790 0.2008 -0.0360
vn 0.9743 0.2230 -0.0321
vn 0.9769 0.2083 -0.0484
vn 0.9792 0.1949 -0.0559
vn 0.9745 0.2179 -0.0528
vn 0.9761 0.2055 -0.0702
vn 0.9792 0.1883 -0.0751
vn 0.9751 0.2097 -0.0726
vn 0.9748 0.2026 -0.0931
vn 0.9792 0.1796 -0.0939
vn 0.9756 0.1999 -0.0913
vn 0.9737 0.1964 -0.1156
vn 0.9791 0.1699 -0.1119
vn 0.9764 0.1871 -0.1080
vn 0.9719 0.1898 -0.1395
vn 0.9788 0.1588 -0.1296
vn 0.9770 0.1737 -0.1236
vn 0.9701 0.1802 -0.1628
vn 0.9784 0.1461 -0.1460
vn 0.9781 0.1575 -0.1364
vn 0.9785 0.1381 -0.1529
vn 0.9740 0.1563 -0.1638
vn 0.9778 0.1324 -0.1625
vn 0.9790 0.1207 -0.1643
vn 0.9743 0.1393 -0.1771
vn 0.9772 0.1168 -0.1771
vn 0.9791 0.1032 -0.1753
vn 0.9745 0.1214 -0.1889
vn 0.9762 0.1003 -0.1923
vn 0.9793 0.0844 -0.1839
vn 0.9749 0.1019 -0.1977
vn 0.9753 0.0819 -0.2049
vn 0.9792 0.0656 -0.1920
vn 0.9754 0.0819 -0.2045
vn 0.9738 0.0624 -0.2186
vn 0.9792 0.0458 -0.1979
vn 0.9761 0.0612 -0.2084
vn 0.9725 0.0411 -0.2291
vn 0.9788 0.0259 -0.2030
vn 0.9769 0.0404 -0.2098
vn 0.9703 0.0183 -0.2412
vn 0.9785 0.0052 -0.2061
vn 0.9778 0.0199 -0.2088
vn 0.9785 -0.0052 -0.2061
vn 0.9742 0.0000 -0.2257
vn 0.9780 -0.0157 -0.2080
vn 0.9788 -0.0259 -0.2030
vn 0.9741 -0.0215 -0.2252
vn 0.9773 -0.0374 -0.2084
vn 0.9792 -0.0458 -0.1979
vn 0.9745 -0.0425 -0.2203
vn 0.9766 -0.0591 -0.2069
vn 0.9792 -0.0656 -0.1920
vn 0.9747 -0.0630 -0.2144
vn 0.9755 -0.0818 -0.2044
vn 0.9793 -0.0844 -0.1839
vn 0.9754 -0.0820 -0.2047
vn 0.9744 -0.1040 -0.1994
vn 0.9791 -0.1032 -0.1753
vn 0.9759 -0.1000 -0.1940
vn 0.9727 -0.1277 -0.1937
vn 0.9790 -0.1207 -0.1643
vn 0.9768 -0.1158 -0.1803
vn 0.9712 -0.1505 -0.1849
vn 0.9785 -0.1381 -0.1529
vn 0.9775 -0.1304 -0.1658
vn 0.9784 -0.1461 -0.1460
vn 0.9740 -0.1563 -0.1638
vn 0.9782 -0.1542 -0.1392
vn 0.9788 -0.1588 -0.1296
vn 0.9742 -0.1706 -0.1477
vn 0.9775 -0.1701 -0.1250
vn 0.9791 -0.1699 -0.1119
vn 0.9742 -0.1837 -0.1308
vn 0.9768 -0.1846 -0.1086
vn 0.9792 -0.1796 -0.0939
vn 0.9748 -0.1933 -0.1116
vn 0.9758 -0.1988 -0.0914
vn 0.9792 -0.1883 -0.0751
vn 0.9751 -0.2018 -0.0922
vn 0.9747 -0.2117 -0.0723
vn 0.9792 -0.1949 -0.0559
vn 0.9758 -0.2064 -0.0714
vn 0.9732 -0.2238 -0.0520
vn 0.9790 -0.2008 -0.0360
vn 0.9764 -0.2099 -0.0509
vn 0.9715 -0.2352 -0.0299
vn 0.9788 -0.2042 -0.0156
vn 0.9773 -0.2096 -0.0301
vn 0.9700 -0.2430 -0.0065
vn 0.9782 -0.2076 0.0055
vn 0.9781 -0.2077 -0.0099
vn 0.9788 -0.2042 0.0156
vn 0.9743 -0.2252 0.0107
vn 0.9777 -0.2082 0.0265
vn 0.9790 -0.2008 0.0360
vn 0.9743 -0.2230 0.0321
vn 0.9769 -0.2083 0.0484
vn 0.9792 -0.1949 0.0559
vn 0.9745 -0.2179 0.0528
vn 0.9761 -0.2055 0.0702
vn 0.9792 -0.1883 0.0751
vn 0.9751 -0.2097 0.0726
vn 0.9748 -0.2026 0.0931
vn 0.9792 -0.1796 0.0939
vn 0.9756 -0.1999 0.0913
vn 0.9737 -0.1964 0.1156
vn 0.9791 -0.1699 0.1119
vn 0.9764 -0.1871 0.1080
vn 0.9719 -0.1898 0.1395
vn 0.9788 -0.1588 0.1296
vn 0.9770 -0.1737 0.1236
vn 0.9701 -0.1802 0.1628
vn 0.9784 -0.1461 0.1460
vn 0.9781 -0.1575 0.1364
vn 0.9785 -0.1381 0.1529
vn 0.9740 -0.1563 0.1638
vn 0.9778 -0.1324 0.1625
vn 0.9790 -0.1207 0.1643
vn 0.9743 -0.1393 0.1771
vn 0.9772 -0.1168 0.1771
vn 0.9791 -0.1032 0.1753
vn 0.9745 -0.1214 0.1889
vn 0.9762 -0.1003 0.1923
vn 0.9793 -0.0844 0.1839
vn 0.9749 -0.1019 0.1977
vn 0.9753 -0.0819 0.2049
vn 0.9792 -0.0656 0.1920
vn 0.9754 -0.0819 0.2045
vn 0.9738 -0.0624 0.2186
vn 0.9792 -0.0458 0.1979
vn 0.9761 -0.0612 0.2084
vn 0.9725 -0.0411 0.2291
vn 0.9788 -0.0259 0.2030
vn 0.9769 -0.0404 0.2098
vn 0.9703 -0.0183 0.2412
vn 0.9785 -0.0052 0.2061
vn 0.9778 -0.0199 0.2088
vn 0.9785 0.0052 0.2061
vn 0.9742 0.0000 0.2257
vn 0.9780 0.0157 0.2080
vn 0.9788 0.0259 0.2030
vn 0.9741 0.0215 0.2252
vn 0.9773 0.0374 0.2084
vn 0.9792 0.0458 0.1979
vn 0.9745 0.0425 0.2203
vn 0.9766 0.0591 0.2069
vn 0.9792 0.0656 0.1920
vn 0.9747 0.0630 0.2144
vn 0.9755 0.0818 0.2044
vn 0.9793 0.0844 0.1839
vn 0.9754 0.0820 0.2047
vn 0.9744 0.1040 0.1994
vn 0.9791 0.1032 0.1753
vn 0.9759 0.1000 0.1940
vn 0.9727 0.1277 0.1937
vn 0.9790 0.1207 0.1643
vn 0.9768 0.1158 0.1803
vn 0.9712 0.1505 0.1849
vn 0.9785 0.1381 0.1529
vn 0.9775 0.1304 0.1658
vn 0.9784 0.1461 0.1460
vn 0.9740 0.1563 0.1638
vn 0.9782 0.1542 0.1392
vn 0.9788 0.1588 0.1296
vn 0.9742 0.1706 0.1477
vn 0.9775 0.1701 0.1250
vn 0.9791 0.1699 0.1119
vn 0.9742 0.1837 0.1308
vn 0.9768 0.1846 0.1086
vn 0.9792 0.1796 0.0939
vn 0.9748 0.1933 0.1116
vn 0.9758 0.1988 0.0914
vn 0.9792 0.1883 0.0751
vn 0.9751 0.2018 0.0922
vn 0.9747 0.2117 0.0723
vn 0.9792 0.1949 0.0559
vn 0.9758 0.2064 0.0714
vn 0.9732 0.2238 0.0520
vn 0.9790 0.2008 0.0360
vn 0.9764 0.2099 0.0509
vn 0.9715 0.2352 0.0299
vn 0.9788 0.2042 0.0156
vn 0.9773 0.2096 0.0301
vn 0.8088 -0.5874 0.0280
vn 0.8088 -0.5874 -0.0280
vn 0.8087 -0.5822 0.0837
vn 0.8088 -0.5715 0.1386
vn 0.8088 -0.5821 0.0837
vn 0.8088 -0.5557 0.1923
vn 0.8088 -0.5715 0.1387
vn 0.8088 -0.5350 0.2443
vn 0.8088 -0.5093 0.2940
vn 0.8089 -0.5349 0.2443
vn 0.8088 -0.4790 0.3411
vn 0.8088 -0.4444 0.3851
vn 0.8088 -0.4058 0.4256
vn 0.8088 -0.4445 0.3851
vn 0.8088 -0.3636 0.4623
vn 0.8088 -0.3180 0.4947
vn 0.8088 -0.3635 0.4623
vn 0.8088 -0.2695 0.5227
vn 0.8088 -0.3179 0.4947
vn 0.8088 -0.2186 0.5460
vn 0.8088 -0.2694 0.5227
vn 0.8088 -0.1657 0.5643
vn 0.8088 -0.1113 0.5775
vn 0.8088 -0.0559 0.5854
vn 0.8088 -0.1113 0.5774
vn 0.8088 0.0000 0.5881
vn 0.8088 0.0559 0.5854
vn 0.8088 0.1113 0.5775
vn 0.8088 0.1657 0.5643
vn 0.8088 0.2186 0.5460
vn 0.8088 0.1656 0.5643
vn 0.8088 0.2695 0.5227
vn 0.8088 0.2186 0.5459
vn 0.8088 0.3180 0.4947
vn 0.8088 0.2694 0.5227
vn 0.8088 0.3636 0.4623
vn 0.8088 0.4059 0.4256
vn 0.8088 0.3635 0.4623
vn 0.8088 0.4445 0.3851
vn 0.8088 0.4057 0.4256
vn 0.8088 0.4790 0.3411
vn 0.8088 0.5094 0.2940
vn 0.8088 0.5350 0.2443
vn 0.8088 0.5093 0.2940
vn 0.8088 0.5558 0.1923
vn 0.8089 0.5349 0.2443
vn 0.8088 0.5715 0.1386
vn 0.8088 0.5557 0.1924
vn 0.8087 0.5822 0.0837
vn 0.8088 0.5715 0.1387
vn 0.8088 0.5874 0.0280
vn 0.8088 0.5821 0.0837
vn 0.8088 0.5874 -0.0280
vn 0.5604 0.8273 0.0394
vn 0.4999 0.8658 0.0213
vn 0.4996 0.8653 -0.0412
vn 0.4996 -0.8653 0.0412
vn 0.4999 -0.8658 -0.0213
vn 0.5604 -0.8273 -0.0394
vn 0.5074 -0.8529 0.1226
vn 0.6100 -0.7921 0.0194
vn 0.4960 -0.8660 0.0639
vn 0.5146 -0.8333 0.2021
vn 0.6009 -0.7933 0.0978
vn 0.4925 -0.8575 0.1488
vn 0.5212 -0.8065 0.2791
vn 0.5919 -0.7864 0.1766
vn 0.4896 -0.8404 0.2326
vn 0.5272 -0.7730 0.3530
vn 0.5832 -0.7713 0.2548
vn 0.4871 -0.8148 0.3143
vn 0.5327 -0.7329 0.4232
vn 0.5747 -0.7481 0.3317
vn 0.4851 -0.7811 0.3931
vn 0.5376 -0.6868 0.4891
vn 0.5663 -0.7171 0.4062
vn 0.4837 -0.7395 0.4682
vn 0.5421 -0.6350 0.5503
vn 0.5584 -0.6782 0.4777
vn 0.4828 -0.6904 0.5388
vn 0.5460 -0.5782 0.6063
vn 0.5507 -0.6321 0.5452
vn 0.4824 -0.6344 0.6040
vn 0.5495 -0.5165 0.6568
vn 0.5432 -0.5790 0.6080
vn 0.4826 -0.5721 0.6632
vn 0.5524 -0.4506 0.7013
vn 0.5362 -0.5193 0.6654
vn 0.4832 -0.5041 0.7158
vn 0.5549 -0.3812 0.7394
vn 0.5295 -0.4538 0.7167
vn 0.4844 -0.4312 0.7612
vn 0.5569 -0.3087 0.7711
vn 0.5232 -0.3832 0.7612
vn 0.4861 -0.3541 0.7990
vn 0.5585 -0.2337 0.7959
vn 0.5172 -0.3080 0.7985
vn 0.4883 -0.2738 0.8287
vn 0.5596 -0.1569 0.8138
vn 0.5117 -0.2292 0.8280
vn 0.4910 -0.1909 0.8500
vn 0.5603 -0.0787 0.8246
vn 0.5066 -0.1474 0.8495
vn 0.4942 -0.1064 0.8628
vn 0.5605 0.0000 0.8282
vn 0.5020 -0.0636 0.8625
vn 0.4978 -0.0213 0.8670
vn 0.5036 0.0821 0.8601
vn 0.4978 0.0213 0.8670
vn 0.5110 0.1627 0.8440
vn 0.6054 0.0585 0.7938
vn 0.4942 0.1064 0.8628
vn 0.5180 0.2410 0.8208
vn 0.5964 0.1372 0.7909
vn 0.4910 0.1909 0.8500
vn 0.5243 0.3165 0.7906
vn 0.5875 0.2159 0.7799
vn 0.4883 0.2738 0.8286
vn 0.5300 0.3886 0.7537
vn 0.5789 0.2935 0.7608
vn 0.4861 0.3541 0.7990
vn 0.5353 0.4567 0.7106
vn 0.5705 0.3693 0.7336
vn 0.4844 0.4312 0.7612
vn 0.5399 0.5203 0.6616
vn 0.5624 0.4424 0.6986
vn 0.4832 0.5041 0.7158
vn 0.5441 0.5790 0.6072
vn 0.5545 0.5120 0.6561
vn 0.4826 0.5720 0.6633
vn 0.5478 0.6322 0.5479
vn 0.5469 0.5773 0.6063
vn 0.4824 0.6344 0.6040
vn 0.5510 0.6798 0.4841
vn 0.5397 0.6375 0.5499
vn 0.4828 0.6904 0.5388
vn 0.5537 0.7211 0.4164
vn 0.5328 0.6919 0.4873
vn 0.4837 0.7395 0.4682
vn 0.5560 0.7561 0.3453
vn 0.5263 0.7398 0.4191
vn 0.4851 0.7811 0.3931
vn 0.5577 0.7844 0.2715
vn 0.5202 0.7808 0.3461
vn 0.4871 0.8148 0.3143
vn 0.5591 0.8057 0.1955
vn 0.5144 0.8142 0.2690
vn 0.4895 0.8404 0.2326
vn 0.5600 0.8201 0.1179
vn 0.5092 0.8398 0.1886
vn 0.4925 0.8575 0.1488
vn 0.5043 0.8571 0.1057
vn 0.4960 0.8660 0.0639
vn 0.3059 0.9518 0.0234
vn 0.3087 0.9502 0.0433
vn 0.3089 0.9508 -0.0233
vn 0.6100 0.7921 -0.0194
vn 0.3089 -0.9508 0.0233
vn 0.3087 -0.9502 -0.0433
vn 0.3059 -0.9518 -0.0234
vn 0.3091 -0.9484 0.0700
vn 0.3074 -0.9506 0.0433
vn 0.3085 -0.9441 0.1164
vn 0.3094 -0.9369 0.1626
vn 0.3075 -0.9430 0.1276
vn 0.3080 -0.9283 0.2084
vn 0.3094 -0.9165 0.2536
vn 0.3077 -0.9276 0.2120
vn 0.3074 -0.9036 0.2985
vn 0.3093 -0.8872 0.3422
vn 0.3079 -0.9049 0.2938
vn 0.3067 -0.8702 0.3857
vn 0.3091 -0.8495 0.4276
vn 0.3083 -0.8747 0.3740
vn 0.3090 -0.8275 0.4688
vn 0.3074 -0.8380 0.4509
vn 0.3088 -0.8036 0.5088
vn 0.3092 -0.7775 0.5476
vn 0.3074 -0.7942 0.5242
vn 0.3084 -0.7499 0.5852
vn 0.3093 -0.7201 0.6211
vn 0.3075 -0.7439 0.5934
vn 0.3079 -0.6891 0.6560
vn 0.3094 -0.6557 0.6887
vn 0.3077 -0.6879 0.6574
vn 0.3073 -0.6216 0.7206
vn 0.3093 -0.5851 0.7497
vn 0.3080 -0.6258 0.7166
vn 0.3065 -0.5481 0.7782
vn 0.3091 -0.5088 0.8035
vn 0.3084 -0.5594 0.7694
vn 0.3090 -0.4688 0.8275
vn 0.3074 -0.4878 0.8171
vn 0.3088 -0.4276 0.8496
vn 0.3093 -0.3854 0.8694
vn 0.3074 -0.4132 0.8572
vn 0.3084 -0.3424 0.8875
vn 0.3093 -0.2983 0.9030
vn 0.3075 -0.3340 0.8910
vn 0.3078 -0.2538 0.9170
vn 0.3094 -0.2084 0.9278
vn 0.3077 -0.2533 0.9171
vn 0.3072 -0.1627 0.9376
vn 0.3093 -0.1164 0.9438
vn 0.3081 -0.1697 0.9361
vn 0.3064 -0.0700 0.9493
vn 0.3091 -0.0233 0.9508
vn 0.3085 -0.0854 0.9474
vn 0.3091 0.0233 0.9508
vn 0.3074 0.0000 0.9516
vn 0.3087 0.0700 0.9486
vn 0.3093 0.1164 0.9438
vn 0.3074 0.0854 0.9477
vn 0.3083 0.1626 0.9373
vn 0.3094 0.2084 0.9278
vn 0.3076 0.1697 0.9363
vn 0.3077 0.2538 0.9170
vn 0.3093 0.2983 0.9030
vn 0.3078 0.2533 0.9171
vn 0.3070 0.3425 0.8879
vn 0.3093 0.3854 0.8694
vn 0.3081 0.3340 0.8908
vn 0.3063 0.4280 0.8503
vn 0.3090 0.4688 0.8275
vn 0.3085 0.4130 0.8569
vn 0.3091 0.5088 0.8035
vn 0.3074 0.4878 0.8171
vn 0.3087 0.5477 0.7777
vn 0.3093 0.5851 0.7497
vn 0.3074 0.5596 0.7696
vn 0.3082 0.6214 0.7204
vn 0.3094 0.6557 0.6887
vn 0.3076 0.6258 0.7167
vn 0.3076 0.6891 0.6561
vn 0.3093 0.7201 0.6211
vn 0.3078 0.6879 0.6573
vn 0.3069 0.7503 0.5855
vn 0.3092 0.7775 0.5476
vn 0.3082 0.7437 0.5932
vn 0.3061 0.8043 0.5093
vn 0.3090 0.8275 0.4688
vn 0.3086 0.7939 0.5239
vn 0.3091 0.8495 0.4276
vn 0.3074 0.8380 0.4509
vn 0.3086 0.8696 0.3855
vn 0.3093 0.8872 0.3422
vn 0.3075 0.8749 0.3741
vn 0.3081 0.9033 0.2984
vn 0.3094 0.9165 0.2536
vn 0.3076 0.9050 0.2939
vn 0.3075 0.9284 0.2085
vn 0.3094 0.9369 0.1626
vn 0.3079 0.9275 0.2120
vn 0.3068 0.9446 0.1165
vn 0.3091 0.9484 0.0700
vn 0.3083 0.9427 0.1276
vn 0.3074 0.9506 -0.0433
vn 0.3083 -0.9427 -0.1276
vn 0.3091 -0.9484 -0.0700
vn 0.3079 -0.9275 -0.2120
vn 0.3094 -0.9369 -0.1626
vn 0.3068 -0.9446 -0.1165
vn 0.3076 -0.9050 -0.2939
vn 0.3094 -0.9165 -0.2536
vn 0.3075 -0.9284 -0.2085
vn 0.3075 -0.8749 -0.3741
vn 0.3093 -0.8872 -0.3422
vn 0.3081 -0.9033 -0.2984
vn 0.3074 -0.8380 -0.4509
vn 0.3091 -0.8495 -0.4276
vn 0.3086 -0.8696 -0.3855
vn 0.3086 -0.7939 -0.5239
vn 0.3090 -0.8275 -0.4688
vn 0.3082 -0.7437 -0.5932
vn 0.3092 -0.7775 -0.5476
vn 0.3061 -0.8043 -0.5093
vn 0.3078 -0.6879 -0.6573
vn 0.3093 -0.7201 -0.6211
vn 0.3069 -0.7503 -0.5855
vn 0.3076 -0.6258 -0.7167
vn 0.3094 -0.6557 -0.6887
vn 0.3076 -0.6891 -0.6561
vn 0.3074 -0.5596 -0.7696
vn 0.3093 -0.5851 -0.7497
vn 0.3082 -0.6214 -0.7204
vn 0.3074 -0.4878 -0.8171
vn 0.3091 -0.5088 -0.8035
vn 0.3087 -0.5477 -0.7777
vn 0.3085 -0.4130 -0.8569
vn 0.3090 -0.4688 -0.8275
vn 0.3081 -0.3340 -0.8908
vn 0.3093 -0.3854 -0.8694
vn 0.3063 -0.4280 -0.8503
vn 0.3078 -0.2533 -0.9171
vn 0.3093 -0.2983 -0.9030
vn 0.3070 -0.3425 -0.8879
vn 0.3076 -0.1697 -0.9363
vn 0.3094 -0.2084 -0.9278
vn 0.3077 -0.2538 -0.9170
vn 0.3074 -0.0854 -0.9477
vn 0.3093 -0.1164 -0.9438
vn 0.3083 -0.1626 -0.9373
vn 0.3074 0.0000 -0.9516
vn 0.3091 -0.0233 -0.9508
vn 0.3087 -0.0700 -0.9486
vn 0.3085 0.0854 -0.9474
vn 0.3091 0.0233 -0.9508
vn 0.3081 0.1697 -0.9361
vn 0.3093 0.1164 -0.9438
vn 0.3064 0.0700 -0.9493
vn 0.3077 0.2533 -0.9171
vn 0.3094 0.2084 -0.9278
vn 0.3072 0.1627 -0.9376
vn 0.3075 0.3340 -0.8910
vn 0.3093 0.2983 -0.9030
vn 0.3078 0.2538 -0.9170
vn 0.3074 0.4132 -0.8572
vn 0.3093 0.3854 -0.8694
vn 0.3084 0.3424 -0.8875
vn 0.3074 0.4878 -0.8171
vn 0.3090 0.4688 -0.8275
vn 0.3088 0.4276 -0.8496
vn 0.3084 0.5594 -0.7694
vn 0.3091 0.5088 -0.8035
vn 0.3080 0.6258 -0.7166
vn 0.3093 0.5851 -0.7497
vn 0.3065 0.5481 -0.7782
vn 0.3077 0.6879 -0.6574
vn 0.3094 0.6557 -0.6887
vn 0.3073 0.6216 -0.7206
vn 0.3075 0.7439 -0.5934
vn 0.3093 0.7201 -0.6211
vn 0.3079 0.6891 -0.6560
vn 0.3074 0.7942 -0.5242
vn 0.3092 0.7775 -0.5476
vn 0.3084 0.7499 -0.5852
vn 0.3074 0.8380 -0.4509
vn 0.3090 0.8275 -0.4688
vn 0.3088 0.8035 -0.5088
vn 0.3083 0.8747 -0.3740
vn 0.3091 0.8495 -0.4276
vn 0.3079 0.9049 -0.2938
vn 0.3093 0.8872 -0.3422
vn 0.3067 0.8702 -0.3857
vn 0.3077 0.9276 -0.2120
vn 0.3094 0.9165 -0.2536
vn 0.3074 0.9036 -0.2985
vn 0.3075 0.9430 -0.1276
vn 0.3094 0.9369 -0.1626
vn 0.3080 0.9283 -0.2084
vn 0.3091 0.9484 -0.0700
vn 0.3085 0.9441 -0.1164
vn 0.8089 0.5877 -0.0139
vn 0.8095 0.5869 0.0139
vn 0.8090 0.5877 0.0128
vn 0.8097 0.5855 -0.0397
vn 0.8096 0.5869 -0.0128
vn 0.8090 0.5865 -0.0384
vn 0.8097 0.5832 -0.0657
vn 0.8088 0.5846 -0.0640
vn 0.8097 0.5796 -0.0917
vn 0.8085 0.5817 -0.0895
vn 0.8099 0.5746 -0.1178
vn 0.8083 0.5775 -0.1149
vn 0.8102 0.5684 -0.1434
vn 0.8082 0.5721 -0.1400
vn 0.8104 0.5612 -0.1685
vn 0.8082 0.5654 -0.1648
vn 0.8104 0.5531 -0.1933
vn 0.8081 0.5578 -0.1894
vn 0.8104 0.5438 -0.2180
vn 0.8078 0.5493 -0.2136
vn 0.8106 0.5331 -0.2424
vn 0.8077 0.5397 -0.2375
vn 0.8108 0.5215 -0.2659
vn 0.8077 0.5288 -0.2608
vn 0.8108 0.5091 -0.2887
vn 0.8077 0.5169 -0.2836
vn 0.8107 0.4958 -0.3113
vn 0.8075 0.5042 -0.3060
vn 0.8108 0.4810 -0.3335
vn 0.8073 0.4906 -0.3278
vn 0.8110 0.4654 -0.3546
vn 0.8074 0.4758 -0.3489
vn 0.8110 0.4491 -0.3749
vn 0.8075 0.4600 -0.3692
vn 0.8110 0.4320 -0.3946
vn 0.8074 0.4435 -0.3890
vn 0.8109 0.4138 -0.4138
vn 0.8073 0.4263 -0.4081
vn 0.8109 0.3946 -0.4321
vn 0.8073 0.4081 -0.4263
vn 0.8110 0.3749 -0.4491
vn 0.8074 0.3890 -0.4435
vn 0.8110 0.3546 -0.4654
vn 0.8075 0.3692 -0.4600
vn 0.8108 0.3335 -0.4811
vn 0.8074 0.3489 -0.4758
vn 0.8107 0.3113 -0.4958
vn 0.8073 0.3278 -0.4906
vn 0.8108 0.2887 -0.5091
vn 0.8075 0.3060 -0.5042
vn 0.8108 0.2659 -0.5215
vn 0.8077 0.2836 -0.5169
vn 0.8106 0.2424 -0.5331
vn 0.8077 0.2608 -0.5288
vn 0.8104 0.2180 -0.5438
vn 0.8077 0.2375 -0.5397
vn 0.8104 0.1933 -0.5531
vn 0.8078 0.2136 -0.5494
vn 0.8104 0.1685 -0.5612
vn 0.8081 0.1893 -0.5578
vn 0.8102 0.1434 -0.5684
vn 0.8082 0.1648 -0.5654
vn 0.8099 0.1177 -0.5746
vn 0.8082 0.1400 -0.5720
vn 0.8097 0.0916 -0.5796
vn 0.8083 0.1149 -0.5775
vn 0.8097 0.0656 -0.5831
vn 0.8086 0.0895 -0.5815
vn 0.8096 0.0397 -0.5857
vn 0.8088 0.0640 -0.5845
vn 0.8093 0.0134 -0.5873
vn 0.8089 0.0384 -0.5867
vn 0.8090 -0.0134 -0.5877
vn 0.8090 0.0128 -0.5877
vn 0.8096 -0.0397 -0.5857
vn 0.8093 -0.0128 -0.5873
vn 0.8089 -0.0385 -0.5867
vn 0.8097 -0.0656 -0.5831
vn 0.8088 -0.0640 -0.5845
vn 0.8097 -0.0916 -0.5796
vn 0.8086 -0.0895 -0.5815
vn 0.8099 -0.1177 -0.5746
vn 0.8083 -0.1149 -0.5775
vn 0.8102 -0.1434 -0.5684
vn 0.8082 -0.1400 -0.5720
vn 0.8104 -0.1685 -0.5612
vn 0.8082 -0.1648 -0.5654
vn 0.8104 -0.1933 -0.5531
vn 0.8081 -0.1894 -0.5578
vn 0.8104 -0.2180 -0.5438
vn 0.8078 -0.2136 -0.5494
vn 0.8106 -0.2424 -0.5331
vn 0.8077 -0.2375 -0.5397
vn 0.8108 -0.2659 -0.5215
vn 0.8077 -0.2607 -0.5288
vn 0.8108 -0.2887 -0.5091
vn 0.8077 -0.2836 -0.5169
vn 0.8107 -0.3113 -0.4958
vn 0.8075 -0.3060 -0.5042
vn 0.8108 -0.3335 -0.4811
vn 0.8073 -0.3278 -0.4906
vn 0.8110 -0.3546 -0.4654
vn 0.8074 -0.3489 -0.4758
vn 0.8110 -0.3749 -0.4491
vn 0.8075 -0.3692 -0.4600
vn 0.8109 -0.3946 -0.4321
vn 0.8074 -0.3890 -0.4435
vn 0.8109 -0.4138 -0.4138
vn 0.8073 -0.4081 -0.4263
vn 0.8110 -0.4320 -0.3946
vn 0.8073 -0.4263 -0.4081
vn 0.8110 -0.4491 -0.3749
vn 0.8074 -0.4435 -0.3890
vn 0.8110 -0.4654 -0.3546
vn 0.8075 -0.4600 -0.3692
vn 0.8108 -0.4810 -0.3335
vn 0.8074 -0.4758 -0.3489
vn 0.8107 -0.4958 -0.3113
vn 0.8073 -0.4906 -0.3278
vn 0.8108 -0.5091 -0.2887
vn 0.8075 -0.5042 -0.3060
vn 0.8108 -0.5215 -0.2659
vn 0.8077 -0.5169 -0.2836
vn 0.8106 -0.5331 -0.2424
vn 0.8077 -0.5288 -0.2608
vn 0.8104 -0.5438 -0.2180
vn 0.8077 -0.5397 -0.2375
vn 0.8104 -0.5531 -0.1933
vn 0.8078 -0.5493 -0.2136
vn 0.8104 -0.5612 -0.1685
vn 0.8081 -0.5578 -0.1894
vn 0.8102 -0.5684 -0.1434
vn 0.8082 -0.5654 -0.1648
vn 0.8099 -0.5746 -0.1178
vn 0.8082 -0.5721 -0.1400
vn 0.8097 -0.5796 -0.0917
vn 0.8082 -0.5775 -0.1149
vn 0.8097 -0.5832 -0.0657
vn 0.8085 -0.5817 -0.0895
vn 0.8097 -0.5855 -0.0397
vn 0.8088 -0.5846 -0.0640
vn 0.8095 -0.5869 -0.0139
vn 0.8090 -0.5865 -0.0384
vn 0.8089 -0.5877 0.0139
vn 0.8090 -0.5877 -0.0128
vn 0.8097 -0.5855 0.0397
vn 0.8096 -0.5869 0.0128
vn 0.8090 -0.5865 0.0384
vn 0.8097 -0.5832 0.0657
vn 0.8088 -0.5846 0.0640
vn 0.8097 -0.5796 0.0917
vn 0.8085 -0.5817 0.0895
vn 0.8099 -0.5746 0.1178
vn 0.8083 -0.5775 0.1149
vn 0.8102 -0.5684 0.1434
vn 0.8082 -0.5721 0.1400
vn 0.8104 -0.5612 0.1685
vn 0.8082 -0.5654 0.1648
vn 0.8104 -0.5531 0.1933
vn 0.8081 -0.5578 0.1894
vn 0.8104 -0.5438 0.2180
vn 0.8078 -0.5493 0.2136
vn 0.8106 -0.5331 0.2424
vn 0.8077 -0.5397 0.2375
vn 0.8108 -0.5215 0.2659
vn 0.8077 -0.5288 0.2608
vn 0.8108 -0.5091 0.2887
vn 0.8077 -0.5169 0.2836
vn 0.8107 -0.4958 0.3113
vn 0.8075 -0.5042 0.3060
vn 0.8108 -0.4810 0.3335
vn 0.8073 -0.4906 0.3278
vn 0.8110 -0.4654 0.3546
vn 0.8074 -0.4758 0.3489
vn 0.8110 -0.4491 0.3749
vn 0.8075 -0.4600 0.3692
vn 0.8110 -0.4320 0.3946
vn 0.8074 -0.4435 0.3890
vn 0.8109 -0.4138 0.4138
vn 0.8073 -0.4263 0.4081
vn 0.8109 -0.3946 0.4321
vn 0.8073 -0.4081 0.4263
vn 0.8110 -0.3749 0.4491
vn 0.8074 -0.3890 0.4435
vn 0.8110 -0.3546 0.4654
vn 0.8075 -0.3692 0.4600
vn 0.8108 -0.3335 0.4811
vn 0.8074 -0.3489 0.4758
vn 0.8107 -0.3113 0.4958
vn 0.8073 -0.3278 0.4906
vn 0.8108 -0.2887 0.5091
vn 0.8075 -0.3060 0.5042
vn 0.8108 -0.2659 0.5215
vn 0.8077 -0.2836 0.5169
vn 0.8106 -0.2424 0.5331
vn 0.8077 -0.2608 0.5288
vn 0.8104 -0.2180 0.5438
vn 0.8077 -0.2375 0.5397
vn 0.8104 -0.1933 0.5531
vn 0.8078 -0.2136 0.5494
vn 0.8104 -0.1685 0.5612
vn 0.8081 -0.1893 0.5578
vn 0.8102 -0.1434 0.5684
vn 0.8082 -0.1648 0.5654
vn 0.8099 -0.1177 0.5746
vn 0.8082 -0.1400 0.5720
vn 0.8097 -0.0916 0.5796
vn 0.8083 -0.1149 0.5775
vn 0.8097 -0.0656 0.5831
vn 0.8086 -0.0895 0.5815
vn 0.8096 -0.0397 0.5857
vn 0.8088 -0.0640 0.5845
vn 0.8093 -0.0134 0.5873
vn 0.8089 -0.0384 0.5867
vn 0.8090 0.0134 0.5877
vn 0.8090 -0.0128 0.5877
vn 0.8096 0.0397 0.5857
vn 0.8093 0.0128 0.5873
vn 0.8089 0.0385 0.5867
vn 0.8097 0.0656 0.5831
vn 0.8088 0.0640 0.5845
vn 0.8097 0.0916 0.5796
vn 0.8086 0.0895 0.5815
vn 0.8099 0.1177 0.5746
vn 0.8083 0.1149 0.5775
vn 0.8102 0.1434 0.5684
vn 0.8082 0.1400 0.5720
vn 0.8104 0.1685 0.5612
vn 0.8082 0.1648 0.5654
vn 0.8104 0.1933 0.5531
vn 0.8081 0.1894 0.5578
vn 0.8104 0.2180 0.5438
vn 0.8078 0.2136 0.5494
vn 0.8106 0.2424 0.5331
vn 0.8077 0.2375 0.5397
vn 0.8108 0.2659 0.5215
vn 0.8077 0.2607 0.5288
vn 0.8108 0.2887 0.5091
vn 0.8077 0.2836 0.5169
vn 0.8107 0.3113 0.4958
vn 0.8075 0.3060 0.5042
vn 0.8108 0.3335 0.4811
vn 0.8073 0.3278 0.4906
vn 0.8110 0.3546 0.4654
vn 0.8074 0.3489 0.4758
vn 0.8110 0.3749 0.4491
vn 0.8075 0.3692 0.4600
vn 0.8109 0.3946 0.4321
vn 0.8074 0.3890 0.4435
vn 0.8109 0.4138 0.4138
vn 0.8073 0.4081 0.4263
vn 0.8110 0.4320 0.3946
vn 0.8073 0.4263 0.4081
vn 0.8110 0.4491 0.3749
vn 0.8074 0.4435 0.3890
vn 0.8110 0.4654 0.3546
vn 0.8075 0.4600 0.3692
vn 0.8108 0.4810 0.3335
vn 0.8074 0.4758 0.3489
vn 0.8107 0.4958 0.3113
vn 0.8073 0.4906 0.3278
vn 0.8108 0.5091 0.2887
vn 0.8075 0.5042 0.3060
vn 0.8108 0.5215 0.2659
vn 0.8077 0.5169 0.2836
vn 0.8106 0.5331 0.2424
vn 0.8077 0.5288 0.2608
vn 0.8104 0.5438 0.2180
vn 0.8077 0.5397 0.2375
vn 0.8104 0.5531 0.1933
vn 0.8078 0.5493 0.2136
vn 0.8104 0.5612 0.1685
vn 0.8081 0.5578 0.1894
vn 0.8102 0.5684 0.1434
vn 0.8082 0.5654 0.1648
vn 0.8099 0.5746 0.1178
vn 0.8082 0.5721 0.1400
vn 0.8097 0.5796 0.0917
vn 0.8082 0.5775 0.1149
vn 0.8097 0.5832 0.0657
vn 0.8085 0.5817 0.0895
vn 0.8097 0.5855 0.0397
vn 0.8088 0.5846 0.0640
vn 0.8090 0.5865 0.0384
vn 0.3090 -0.9509 0.0207
vn 0.3090 -0.9509 -0.0191
vn 0.3091 -0.9508 -0.0207
vn 0.3092 -0.9490 0.0622
vn 0.3091 -0.9508 0.0191
vn 0.3088 -0.9494 0.0574
vn 0.3093 -0.9453 0.1035
vn 0.3087 -0.9463 0.0956
vn 0.3094 -0.9399 0.1447
vn 0.3087 -0.9417 0.1336
vn 0.3094 -0.9326 0.1855
vn 0.3086 -0.9356 0.1715
vn 0.3095 -0.9237 0.2260
vn 0.3086 -0.9280 0.2090
vn 0.3095 -0.9129 0.2661
vn 0.3086 -0.9188 0.2462
vn 0.3094 -0.9005 0.3057
vn 0.3086 -0.9081 0.2830
vn 0.3094 -0.8863 0.3447
vn 0.3086 -0.8960 0.3193
vn 0.3093 -0.8704 0.3830
vn 0.3087 -0.8824 0.3551
vn 0.3092 -0.8529 0.4206
vn 0.3087 -0.8673 0.3904
vn 0.3091 -0.8338 0.4574
vn 0.3088 -0.8509 0.4250
vn 0.3090 -0.8131 0.4934
vn 0.3090 -0.8331 0.4589
vn 0.3092 -0.7907 0.5283
vn 0.3091 -0.8139 0.4920
vn 0.3088 -0.7935 0.5244
vn 0.3093 -0.7669 0.5623
vn 0.3087 -0.7717 0.5560
vn 0.3094 -0.7416 0.5952
vn 0.3087 -0.7487 0.5866
vn 0.3094 -0.7149 0.6270
vn 0.3086 -0.7245 0.6163
vn 0.3095 -0.6869 0.6576
vn 0.3086 -0.6991 0.6450
vn 0.3095 -0.6576 0.6869
vn 0.3086 -0.6726 0.6726
vn 0.3094 -0.6270 0.7149
vn 0.3086 -0.6450 0.6991
vn 0.3094 -0.5952 0.7416
vn 0.3086 -0.6163 0.7245
vn 0.3093 -0.5623 0.7669
vn 0.3087 -0.5866 0.7487
vn 0.3092 -0.5283 0.7907
vn 0.3087 -0.5560 0.7717
vn 0.3091 -0.4934 0.8130
vn 0.3088 -0.5244 0.7935
vn 0.3090 -0.4575 0.8338
vn 0.3090 -0.4920 0.8139
vn 0.3092 -0.4206 0.8529
vn 0.3091 -0.4588 0.8330
vn 0.3088 -0.4250 0.8509
vn 0.3093 -0.3830 0.8704
vn 0.3087 -0.3904 0.8673
vn 0.3094 -0.3447 0.8863
vn 0.3087 -0.3551 0.8824
vn 0.3094 -0.3057 0.9005
vn 0.3086 -0.3193 0.8960
vn 0.3095 -0.2661 0.9129
vn 0.3086 -0.2830 0.9081
vn 0.3095 -0.2260 0.9237
vn 0.3086 -0.2462 0.9188
vn 0.3094 -0.1855 0.9326
vn 0.3086 -0.2090 0.9280
vn 0.3094 -0.1447 0.9399
vn 0.3086 -0.1715 0.9356
vn 0.3093 -0.1035 0.9453
vn 0.3087 -0.1336 0.9417
vn 0.3092 -0.0622 0.9490
vn 0.3087 -0.0956 0.9463
vn 0.3091 -0.0207 0.9508
vn 0.3088 -0.0574 0.9494
vn 0.3090 0.0207 0.9509
vn 0.3090 -0.0191 0.9509
vn 0.3092 0.0622 0.9490
vn 0.3091 0.0191 0.9508
vn 0.3088 0.0574 0.9494
vn 0.3093 0.1035 0.9453
vn 0.3087 0.0956 0.9463
vn 0.3094 0.1447 0.9399
vn 0.3087 0.1336 0.9417
vn 0.3094 0.1855 0.9326
vn 0.3086 0.1715 0.9356
vn 0.3095 0.2260 0.9237
vn 0.3086 0.2090 0.9280
vn 0.3095 0.2661 0.9129
vn 0.3086 0.2462 0.9188
vn 0.3094 0.3057 0.9005
vn 0.3086 0.2830 0.9081
vn 0.3094 0.3447 0.8863
vn 0.3086 0.3193 0.8960
vn 0.3093 0.3830 0.8704
vn 0.3087 0.3551 0.8824
vn 0.3092 0.4206 0.8529
vn 0.3087 0.3904 0.8673
vn 0.3091 0.4574 0.8338
vn 0.3088 0.4250 0.8509
vn 0.3089 0.4934 0.8131
vn 0.3090 0.4589 0.8331
vn 0.3092 0.5283 0.7907
vn 0.3091 0.4920 0.8139
vn 0.3088 0.5244 0.7935
vn 0.3093 0.5623 0.7669
vn 0.3087 0.5560 0.7717
vn 0.3094 0.5952 0.7416
vn 0.3087 0.5866 0.7487
vn 0.3094 0.6270 0.7149
vn 0.3086 0.6163 0.7245
vn 0.3095 0.6576 0.6869
vn 0.3086 0.6450 0.6991
vn 0.3095 0.6869 0.6576
vn 0.3086 0.6726 0.6726
vn 0.3094 0.7149 0.6270
vn 0.3086 0.6991 0.6450
vn 0.3094 0.7416 0.5952
vn 0.3086 0.7245 0.6163
vn 0.3093 0.7669 0.5623
vn 0.3087 0.7487 0.5866
vn 0.3092 0.7907 0.5283
vn 0.3087 0.7717 0.5560
vn 0.3091 0.8130 0.4934
vn 0.3088 0.7935 0.5244
vn 0.3090 0.8338 0.4575
vn 0.3090 0.8139 0.4920
vn 0.3092 0.8529 0.4206
vn 0.3091 0.8330 0.4588
vn 0.3088 0.8509 0.4250
vn 0.3093 0.8704 0.3830
vn 0.3087 0.8673 0.3904
vn 0.3094 0.8863 0.3447
vn 0.3087 0.8824 0.3551
vn 0.3094 0.9005 0.3057
vn 0.3086 0.8960 0.3193
vn 0.3095 0.9129 0.2661
vn 0.3086 0.9081 0.2830
vn 0.3095 0.9237 0.2260
vn 0.3086 0.9188 0.2462
vn 0.3094 0.9326 0.1855
vn 0.3086 0.9280 0.2090
vn 0.3094 0.9399 0.1447
vn 0.3086 0.9356 0.1715
vn 0.3093 0.9453 0.1035
vn 0.3087 0.9417 0.1336
vn 0.3092 0.9490 0.0622
vn 0.3087 0.9463 0.0956
vn 0.3091 0.9508 0.0207
vn 0.3088 0.9494 0.0574
vn 0.3090 0.9509 0.0191
vn 0.3090 0.9509 -0.0207
vn 0.2981 -0.9544 0.0192
vn 0.2979 -0.9540 -0.0341
vn 0.2931 -0.9559 -0.0193
vn 0.2987 -0.9526 0.0576
vn 0.2953 -0.9548 0.0341
vn 0.2971 -0.9500 0.0960
vn 0.2990 -0.9448 0.1341
vn 0.2957 -0.9498 0.1021
vn 0.2957 -0.9396 0.1722
vn 0.2988 -0.9310 0.2097
vn 0.2964 -0.9399 0.1696
vn 0.2939 -0.9233 0.2474
vn 0.2984 -0.9112 0.2840
vn 0.2974 -0.9251 0.2361
vn 0.2985 -0.8990 0.3204
vn 0.2953 -0.9065 0.3017
vn 0.2975 -0.8857 0.3565
vn 0.2989 -0.8702 0.3917
vn 0.2955 -0.8826 0.3656
vn 0.2963 -0.8545 0.4267
vn 0.2989 -0.8359 0.4604
vn 0.2961 -0.8541 0.4275
vn 0.2947 -0.8178 0.4944
vn 0.2986 -0.7962 0.5262
vn 0.2970 -0.8212 0.4872
vn 0.2982 -0.7745 0.5579
vn 0.2953 -0.7848 0.5449
vn 0.2979 -0.7514 0.5887
vn 0.2988 -0.7269 0.6183
vn 0.2954 -0.7439 0.5995
vn 0.2968 -0.7019 0.6475
vn 0.2990 -0.6748 0.6748
vn 0.2958 -0.6991 0.6509
vn 0.2954 -0.6478 0.7022
vn 0.2988 -0.6183 0.7269
vn 0.2966 -0.6508 0.6990
vn 0.2935 -0.5896 0.7525
vn 0.2982 -0.5579 0.7745
vn 0.2977 -0.5990 0.7433
vn 0.2986 -0.5262 0.7962
vn 0.2953 -0.5449 0.7848
vn 0.2973 -0.4939 0.8171
vn 0.2989 -0.4604 0.8359
vn 0.2956 -0.4875 0.8216
vn 0.2960 -0.4268 0.8545
vn 0.2989 -0.3917 0.8702
vn 0.2962 -0.4275 0.8541
vn 0.2943 -0.3568 0.8866
vn 0.2985 -0.3204 0.8990
vn 0.2972 -0.3654 0.8821
vn 0.2984 -0.2840 0.9112
vn 0.2953 -0.3017 0.9065
vn 0.2977 -0.2471 0.9221
vn 0.2988 -0.2097 0.9310
vn 0.2954 -0.2363 0.9257
vn 0.2966 -0.1721 0.9394
vn 0.2990 -0.1341 0.9448
vn 0.2959 -0.1696 0.9400
vn 0.2950 -0.0960 0.9506
vn 0.2987 -0.0576 0.9526
vn 0.2968 -0.1021 0.9495
vn 0.2931 -0.0192 0.9559
vn 0.2981 0.0192 0.9544
vn 0.2979 -0.0341 0.9540
vn 0.2987 0.0576 0.9526
vn 0.2953 0.0341 0.9548
vn 0.2971 0.0960 0.9500
vn 0.2990 0.1341 0.9448
vn 0.2957 0.1021 0.9498
vn 0.2957 0.1722 0.9396
vn 0.2988 0.2097 0.9310
vn 0.2964 0.1696 0.9399
vn 0.2939 0.2474 0.9233
vn 0.2984 0.2840 0.9112
vn 0.2974 0.2361 0.9251
vn 0.2985 0.3204 0.8990
vn 0.2953 0.3017 0.9065
vn 0.2975 0.3565 0.8857
vn 0.2989 0.3917 0.8702
vn 0.2955 0.3656 0.8826
vn 0.2963 0.4267 0.8545
vn 0.2989 0.4604 0.8359
vn 0.2961 0.4275 0.8541
vn 0.2947 0.4944 0.8178
vn 0.2986 0.5262 0.7962
vn 0.2970 0.4872 0.8212
vn 0.2982 0.5579 0.7745
vn 0.2953 0.5449 0.7848
vn 0.2979 0.5887 0.7514
vn 0.2988 0.6183 0.7269
vn 0.2954 0.5995 0.7439
vn 0.2968 0.6475 0.7019
vn 0.2990 0.6748 0.6748
vn 0.2958 0.6509 0.6991
vn 0.2954 0.7022 0.6478
vn 0.2988 0.7269 0.6183
vn 0.2966 0.6990 0.6508
vn 0.2935 0.7525 0.5896
vn 0.2982 0.7745 0.5579
vn 0.2977 0.7433 0.5990
vn 0.2986 0.7962 0.5262
vn 0.2953 0.7848 0.5449
vn 0.2973 0.8171 0.4939
vn 0.2989 0.8359 0.4604
vn 0.2956 0.8216 0.4875
vn 0.2960 0.8545 0.4268
vn 0.2989 0.8702 0.3917
vn 0.2962 0.8541 0.4275
vn 0.2943 0.8866 0.3568
vn 0.2985 0.8990 0.3204
vn 0.2972 0.8821 0.3654
vn 0.2984 0.9112 0.2840
vn 0.2953 0.9065 0.3017
vn 0.2977 0.9221 0.2471
vn 0.2988 0.9310 0.2097
vn 0.2954 0.9257 0.2363
vn 0.2966 0.9394 0.1721
vn 0.2990 0.9448 0.1341
vn 0.2959 0.9400 0.1696
vn 0.2950 0.9506 0.0960
vn 0.2987 0.9526 0.0576
vn 0.2968 0.9495 0.1021
vn 0.2931 0.9559 0.0193
vn 0.2979 0.9540 0.0341
vn 0.2981 0.9544 -0.0192
vn 0.3091 0.9508 -0.0191
vn 0.2760 -0.9605 0.0343
vn 0.2760 -0.9606 -0.0343
vn 0.2760 -0.9605 -0.0343
vn 0.2760 -0.9557 0.1027
vn 0.2760 -0.9459 0.1707
vn 0.2760 -0.9313 0.2377
vn 0.2760 -0.9120 0.3035
vn 0.2760 -0.8880 0.3678
vn 0.2760 -0.8595 0.4302
vn 0.2760 -0.8266 0.4905
vn 0.2760 -0.7895 0.5482
vn 0.2760 -0.7484 0.6031
vn 0.2760 -0.7035 0.6550
vn 0.2760 -0.6550 0.7035
vn 0.2760 -0.6031 0.7484
vn 0.2760 -0.5482 0.7895
vn 0.2760 -0.4905 0.8266
vn 0.2760 -0.4302 0.8595
vn 0.2760 -0.3678 0.8880
vn 0.2760 -0.3035 0.9120
vn 0.2760 -0.2377 0.9313
vn 0.2760 -0.1707 0.9459
vn 0.2760 -0.1027 0.9557
vn 0.2760 -0.0343 0.9605
vn 0.2760 0.0343 0.9605
vn 0.2760 0.1027 0.9557
vn 0.2760 0.1707 0.9459
vn 0.2760 0.2377 0.9313
vn 0.2760 0.3035 0.9120
vn 0.2760 0.3678 0.8880
vn 0.2760 0.4302 0.8595
vn 0.2760 0.4905 0.8266
vn 0.2760 0.5482 0.7895
vn 0.2760 0.6031 0.7484
vn 0.2760 0.6550 0.7035
vn 0.2760 0.7035 0.6550
vn 0.2760 0.6549 0.7035
vn 0.2760 0.7484 0.6031
vn 0.2760 0.7895 0.5482
vn 0.2760 0.8266 0.4905
vn 0.2760 0.8595 0.4302
vn 0.2760 0.8880 0.3678
vn 0.2760 0.9120 0.3035
vn 0.2760 0.9313 0.2377
vn 0.2760 0.9459 0.1707
vn 0.2760 0.9557 0.1027
vn 0.2760 0.9605 0.0343
vn 0.2760 0.9606 0.0343
vn 0.2760 0.9605 -0.0343
vn 0.2953 0.9548 -0.0341
vn 0.2538 0.9666 0.0345
vn 0.2538 0.9666 -0.0345
vn 0.2538 -0.9666 0.0345
vn 0.2538 -0.9666 -0.0345
vn 0.2538 -0.9617 0.1034
vn 0.2538 -0.9519 0.1717
vn 0.2538 -0.9372 0.2392
vn 0.2538 -0.9178 0.3055
vn 0.2538 -0.8936 0.3702
vn 0.2538 -0.8649 0.4330
vn 0.2538 -0.8318 0.4936
vn 0.2538 -0.7945 0.5516
vn 0.2538 -0.7531 0.6069
vn 0.2538 -0.7079 0.6591
vn 0.2538 -0.6591 0.7079
vn 0.2538 -0.6069 0.7531
vn 0.2538 -0.5516 0.7945
vn 0.2538 -0.4936 0.8318
vn 0.2538 -0.4330 0.8649
vn 0.2538 -0.3701 0.8936
vn 0.2538 -0.3055 0.9178
vn 0.2538 -0.3702 0.8936
vn 0.2538 -0.2392 0.9372
vn 0.2538 -0.1717 0.9519
vn 0.2538 -0.1034 0.9617
vn 0.2538 -0.0345 0.9666
vn 0.2538 0.0345 0.9666
vn 0.2538 0.1034 0.9617
vn 0.2538 0.1717 0.9519
vn 0.2538 0.2392 0.9372
vn 0.2538 0.3055 0.9178
vn 0.2538 0.3702 0.8936
vn 0.2538 0.4330 0.8649
vn 0.2538 0.4936 0.8319
vn 0.2538 0.5516 0.7945
vn 0.2538 0.4936 0.8318
vn 0.2538 0.6069 0.7531
vn 0.2538 0.6591 0.7079
vn 0.2538 0.7079 0.6591
vn 0.2538 0.7531 0.6069
vn 0.2538 0.7945 0.5516
vn 0.2538 0.8319 0.4936
vn 0.2538 0.8649 0.4330
vn 0.2538 0.8318 0.4936
vn 0.2538 0.8936 0.3702
vn 0.2538 0.9178 0.3055
vn 0.2538 0.9372 0.2392
vn 0.2538 0.9519 0.1717
vn 0.2538 0.9617 0.1034
vn 0.2315 0.9722 0.0347
vn 0.2315 0.9722 -0.0347
vn 0.2315 -0.9722 0.0347
vn 0.2315 -0.9722 -0.0347
vn 0.2315 -0.9673 0.1040
vn 0.2315 -0.9574 0.1727
vn 0.2315 -0.9426 0.2406
vn 0.2315 -0.9230 0.3072
vn 0.2315 -0.8988 0.3723
vn 0.2315 -0.8699 0.4355
vn 0.2315 -0.8366 0.4964
vn 0.2315 -0.7991 0.5548
vn 0.2315 -0.7575 0.6104
vn 0.2315 -0.7120 0.6629
vn 0.2315 -0.6629 0.7120
vn 0.2315 -0.6104 0.7575
vn 0.2315 -0.5548 0.7991
vn 0.2315 -0.4964 0.8366
vn 0.2315 -0.4355 0.8699
vn 0.2315 -0.3723 0.8988
vn 0.2315 -0.3072 0.9230
vn 0.2315 -0.2406 0.9426
vn 0.2315 -0.1727 0.9574
vn 0.2315 -0.1040 0.9673
vn 0.2315 -0.0347 0.9722
vn 0.2315 0.0347 0.9722
vn 0.2315 0.1040 0.9673
vn 0.2315 0.1727 0.9574
vn 0.2315 0.2406 0.9426
vn 0.2315 0.3072 0.9230
vn 0.2315 0.3723 0.8988
vn 0.2315 0.4355 0.8699
vn 0.2315 0.4964 0.8366
vn 0.2315 0.5548 0.7991
vn 0.2315 0.6104 0.7575
vn 0.2315 0.6629 0.7120
vn 0.2315 0.7120 0.6629
vn 0.2315 0.7575 0.6104
vn 0.2315 0.7991 0.5548
vn 0.2315 0.8366 0.4964
vn 0.2315 0.8699 0.4355
vn 0.2315 0.8988 0.3723
vn 0.2315 0.9230 0.3072
vn 0.2315 0.9426 0.2406
vn 0.2315 0.9574 0.1727
vn 0.2315 0.9673 0.1040
vn 0.2091 0.9773 0.0349
vn 0.2091 0.9773 -0.0349
vn 0.2091 -0.9773 0.0349
vn 0.2091 -0.9773 -0.0349
vn 0.2091 -0.9723 0.1045
vn 0.2091 -0.9624 0.1736
vn 0.2091 -0.9475 0.2418
vn 0.2091 -0.9278 0.3088
vn 0.2091 -0.9035 0.3742
vn 0.2091 -0.8745 0.4377
vn 0.2091 -0.8410 0.4990
vn 0.2091 -0.8033 0.5577
vn 0.2091 -0.7614 0.6136
vn 0.2091 -0.7157 0.6664
vn 0.2091 -0.6664 0.7157
vn 0.2091 -0.6136 0.7614
vn 0.2091 -0.5577 0.8033
vn 0.2091 -0.4990 0.8410
vn 0.2091 -0.4377 0.8745
vn 0.2091 -0.3742 0.9035
vn 0.2091 -0.3088 0.9278
vn 0.2091 -0.2418 0.9475
vn 0.2091 -0.1736 0.9624
vn 0.2091 -0.1045 0.9723
vn 0.2091 -0.0349 0.9773
vn 0.2091 0.0349 0.9773
vn 0.2091 0.1045 0.9723
vn 0.2091 0.1736 0.9624
vn 0.2091 0.2418 0.9475
vn 0.2091 0.3088 0.9278
vn 0.2091 0.3742 0.9035
vn 0.2091 0.4377 0.8745
vn 0.2091 0.4990 0.8410
vn 0.2091 0.5577 0.8033
vn 0.2091 0.6136 0.7614
vn 0.2091 0.6664 0.7157
vn 0.2091 0.7157 0.6664
vn 0.2091 0.7614 0.6136
vn 0.2091 0.8033 0.5577
vn 0.2091 0.8410 0.4990
vn 0.2091 0.8745 0.4377
vn 0.2091 0.9035 0.3742
vn 0.2091 0.9278 0.3088
vn 0.2091 0.9475 0.2418
vn 0.2091 0.9624 0.1736
vn 0.2091 0.9723 0.1045
vn 0.1866 0.9818 0.0351
vn 0.1866 0.9818 -0.0351
vn 0.1866 -0.9818 0.0351
vn 0.1866 -0.9818 -0.0351
vn 0.1866 -0.9768 0.1050
vn 0.1866 -0.9668 0.1744
vn 0.1866 -0.9519 0.2430
vn 0.1866 -0.9322 0.3103
vn 0.1866 -0.9077 0.3760
vn 0.1866 -0.8785 0.4398
vn 0.1866 -0.8449 0.5013
vn 0.1866 -0.8070 0.5603
vn 0.1866 -0.7650 0.6164
vn 0.1866 -0.7190 0.6695
vn 0.1866 -0.7650 0.6165
vn 0.1866 -0.6694 0.7190
vn 0.1866 -0.6164 0.7650
vn 0.1866 -0.5603 0.8070
vn 0.1866 -0.5013 0.8449
vn 0.1866 -0.4398 0.8785
vn 0.1866 -0.3760 0.9077
vn 0.1866 -0.3103 0.9322
vn 0.1866 -0.2430 0.9519
vn 0.1866 -0.1744 0.9668
vn 0.1866 -0.1050 0.9768
vn 0.1866 -0.0351 0.9818
vn 0.1866 0.0351 0.9818
vn 0.1866 0.1050 0.9768
vn 0.1866 0.1744 0.9668
vn 0.1866 0.2430 0.9519
vn 0.1866 0.3103 0.9322
vn 0.1866 0.3760 0.9077
vn 0.1866 0.4398 0.8785
vn 0.1866 0.5013 0.8449
vn 0.1866 0.5603 0.8070
vn 0.1866 0.6164 0.7650
vn 0.1866 0.6694 0.7190
vn 0.1866 0.7190 0.6695
vn 0.1866 0.6695 0.7190
vn 0.1866 0.7650 0.6164
vn 0.1866 0.8070 0.5603
vn 0.1866 0.8449 0.5013
vn 0.1866 0.8785 0.4398
vn 0.1866 0.9077 0.3760
vn 0.1866 0.9322 0.3102
vn 0.1866 0.9519 0.2430
vn 0.1866 0.9322 0.3103
vn 0.1866 0.9668 0.1744
vn 0.1866 0.9768 0.1050
vn -0.6424 0.7659 0.0274
vn -0.6418 0.7663 0.0278
vn -0.6419 0.7663 -0.0274
vn -0.6419 -0.7663 0.0274
vn -0.6418 -0.7663 -0.0278
vn -0.6424 -0.7659 -0.0274
vn -0.6421 -0.7623 0.0820
vn -0.6424 -0.7659 0.0278
vn -0.6418 -0.7547 0.1362
vn -0.6420 -0.7623 0.0819
vn -0.6421 -0.7428 0.1896
vn -0.6420 -0.7545 0.1362
vn -0.6421 -0.7274 0.2421
vn -0.6422 -0.7427 0.1896
vn -0.6419 -0.7084 0.2934
vn -0.6418 -0.7277 0.2420
vn -0.6422 -0.6855 0.3431
vn -0.6422 -0.7081 0.2935
vn -0.6419 -0.6595 0.3913
vn -0.6420 -0.6857 0.3431
vn -0.6421 -0.6297 0.4372
vn -0.6420 -0.6593 0.3913
vn -0.6421 -0.5970 0.4810
vn -0.6419 -0.5612 0.5225
vn -0.6419 -0.5972 0.4810
vn -0.6422 -0.5223 0.5610
vn -0.6422 -0.5609 0.5225
vn -0.6419 -0.4812 0.5971
vn -0.6419 -0.5226 0.5611
vn -0.6421 -0.4372 0.6297
vn -0.6421 -0.4809 0.5970
vn -0.6420 -0.3912 0.6594
vn -0.6420 -0.3432 0.6856
vn -0.6419 -0.3913 0.6594
vn -0.6422 -0.2934 0.7082
vn -0.6422 -0.3430 0.6855
vn -0.6418 -0.2422 0.7276
vn -0.6419 -0.2936 0.7084
vn -0.6422 -0.1896 0.7428
vn -0.6421 -0.2419 0.7275
vn -0.6420 -0.1361 0.7546
vn -0.6421 -0.1897 0.7428
vn -0.6420 -0.0820 0.7623
vn -0.6419 -0.1362 0.7546
vn -0.6421 -0.0274 0.7661
vn -0.6422 -0.0818 0.7622
vn -0.6419 0.0274 0.7663
vn -0.6418 -0.0276 0.7663
vn -0.6422 0.0819 0.7622
vn -0.6421 0.0276 0.7661
vn -0.6419 0.1361 0.7546
vn -0.6420 0.0818 0.7623
vn -0.6421 0.1896 0.7428
vn -0.6420 0.1362 0.7545
vn -0.6421 0.2421 0.7274
vn -0.6422 0.1896 0.7427
vn -0.6419 0.2934 0.7084
vn -0.6418 0.2420 0.7276
vn -0.6422 0.3431 0.6855
vn -0.6422 0.2935 0.7081
vn -0.6419 0.3913 0.6595
vn -0.6420 0.3431 0.6857
vn -0.6421 0.4372 0.6297
vn -0.6420 0.3913 0.6593
vn -0.6421 0.4811 0.5970
vn -0.6419 0.5225 0.5612
vn -0.6419 0.4810 0.5972
vn -0.6422 0.5610 0.5223
vn -0.6422 0.5225 0.5609
vn -0.6419 0.5971 0.4812
vn -0.6419 0.5611 0.5226
vn -0.6421 0.6297 0.4372
vn -0.6421 0.5970 0.4809
vn -0.6420 0.6594 0.3912
vn -0.6420 0.6856 0.3432
vn -0.6419 0.6594 0.3914
vn -0.6422 0.7082 0.2934
vn -0.6422 0.6855 0.3430
vn -0.6418 0.7276 0.2422
vn -0.6419 0.7084 0.2936
vn -0.6422 0.7428 0.1896
vn -0.6421 0.7275 0.2419
vn -0.6420 0.7545 0.1361
vn -0.6421 0.7428 0.1897
vn -0.6420 0.7623 0.0820
vn -0.6418 0.7546 0.1363
vn -0.6421 0.7623 0.0819
vn -1.0000 0.0000 0.0000
vn -1.0000 -0.0002 0.0000
vn -1.0000 0.0002 0.0000
vn -1.0000 -0.0001 0.0000
vn -1.0000 0.0001 0.0000
vn -0.6424 0.7659 -0.0278
vn -0.6421 -0.7623 -0.0819
vn -0.6418 -0.7546 -0.1363
vn -0.6420 -0.7623 -0.0820
vn -0.6421 -0.7428 -0.1897
vn -0.6420 -0.7545 -0.1361
vn -0.6421 -0.7275 -0.2419
vn -0.6422 -0.7428 -0.1896
vn -0.6419 -0.7084 -0.2936
vn -0.6418 -0.7276 -0.2422
vn -0.6422 -0.6855 -0.3430
vn -0.6422 -0.7082 -0.2934
vn -0.6419 -0.6594 -0.3914
vn -0.6420 -0.6856 -0.3432
vn -0.6421 -0.6297 -0.4372
vn -0.6420 -0.6594 -0.3912
vn -0.6421 -0.5970 -0.4809
vn -0.6419 -0.5611 -0.5226
vn -0.6419 -0.5971 -0.4812
vn -0.6422 -0.5225 -0.5609
vn -0.6422 -0.5610 -0.5223
vn -0.6419 -0.4810 -0.5972
vn -0.6419 -0.5225 -0.5612
vn -0.6421 -0.4372 -0.6297
vn -0.6421 -0.4811 -0.5970
vn -0.6420 -0.3913 -0.6593
vn -0.6420 -0.3431 -0.6857
vn -0.6419 -0.3913 -0.6595
vn -0.6422 -0.2935 -0.7081
vn -0.6422 -0.3431 -0.6855
vn -0.6418 -0.2420 -0.7276
vn -0.6419 -0.2934 -0.7084
vn -0.6422 -0.1896 -0.7427
vn -0.6421 -0.2421 -0.7274
vn -0.6420 -0.1362 -0.7545
vn -0.6421 -0.1896 -0.7428
vn -0.6420 -0.0818 -0.7623
vn -0.6419 -0.1361 -0.7546
vn -0.6421 -0.0276 -0.7661
vn -0.6422 -0.0819 -0.7622
vn -0.6418 0.0276 -0.7663
vn -0.6419 -0.0274 -0.7663
vn -0.6422 0.0818 -0.7622
vn -0.6421 0.0274 -0.7661
vn -0.6419 0.1362 -0.7546
vn -0.6420 0.0820 -0.7623
vn -0.6421 0.1897 -0.7428
vn -0.6420 0.1361 -0.7546
vn -0.6421 0.2419 -0.7275
vn -0.6422 0.1896 -0.7428
vn -0.6419 0.2936 -0.7084
vn -0.6418 0.2422 -0.7276
vn -0.6422 0.3430 -0.6855
vn -0.6422 0.2934 -0.7082
vn -0.6419 0.3914 -0.6594
vn -0.6420 0.3432 -0.6856
vn -0.6421 0.4372 -0.6297
vn -0.6420 0.3912 -0.6594
vn -0.6421 0.4809 -0.5970
vn -0.6419 0.5226 -0.5611
vn -0.6419 0.4812 -0.5971
vn -0.6422 0.5609 -0.5225
vn -0.6422 0.5223 -0.5610
vn -0.6419 0.5972 -0.4810
vn -0.6419 0.5612 -0.5225
vn -0.6421 0.6297 -0.4372
vn -0.6421 0.5970 -0.4811
vn -0.6420 0.6593 -0.3913
vn -0.6420 0.6857 -0.3431
vn -0.6419 0.6595 -0.3913
vn -0.6422 0.7081 -0.2935
vn -0.6422 0.6855 -0.3431
vn -0.6418 0.7277 -0.2420
vn -0.6419 0.7084 -0.2934
vn -0.6422 0.7427 -0.1896
vn -0.6421 0.7274 -0.2421
vn -0.6420 0.7545 -0.1362
vn -0.6421 0.7428 -0.1896
vn -0.6420 0.7623 -0.0819
vn -0.6418 0.7547 -0.1362
vn -0.6421 0.7623 -0.0820
vn -0.9848 0.1736 -0.0064
vn -0.9845 0.1751 0.0065
vn -0.9848 0.1736 0.0062
vn -0.9845 0.1746 -0.0192
vn -0.9845 0.1751 -0.0063
vn -0.9849 0.1721 -0.0185
vn -0.9843 0.1735 -0.0321
vn -0.9851 0.1693 -0.0306
vn -0.9841 0.1716 -0.0449
vn -0.9852 0.1662 -0.0424
vn -0.9841 0.1683 -0.0574
vn -0.9853 0.1621 -0.0540
vn -0.9839 0.1646 -0.0700
vn -0.9854 0.1570 -0.0651
vn -0.9838 0.1595 -0.0819
vn -0.9855 0.1517 -0.0759
vn -0.9837 0.1536 -0.0938
vn -0.9857 0.1451 -0.0861
vn -0.9836 0.1469 -0.1051
vn -0.9857 0.1384 -0.0961
vn -0.9835 0.1391 -0.1158
vn -0.9858 0.1307 -0.1053
vn -0.9833 0.1308 -0.1262
vn -0.9859 0.1225 -0.1141
vn -0.9833 0.1214 -0.1355
vn -0.9859 0.1138 -0.1223
vn -0.9832 0.1115 -0.1445
vn -0.9860 0.1044 -0.1296
vn -0.9831 0.1009 -0.1525
vn -0.9861 0.0949 -0.1367
vn -0.9831 0.0896 -0.1597
vn -0.9861 0.0846 -0.1427
vn -0.9830 0.0779 -0.1663
vn -0.9862 0.0742 -0.1482
vn -0.9830 0.0656 -0.1715
vn -0.9862 0.0633 -0.1529
vn -0.9829 0.0530 -0.1762
vn -0.9863 0.0522 -0.1568
vn -0.9829 0.0401 -0.1797
vn -0.9862 0.0409 -0.1602
vn -0.9829 0.0268 -0.1822
vn -0.9863 0.0293 -0.1623
vn -0.9829 0.0135 -0.1839
vn -0.9863 0.0176 -0.1641
vn -0.9829 0.0000 -0.1842
vn -0.9863 0.0059 -0.1648
vn -0.9829 -0.0135 -0.1839
vn -0.9863 -0.0059 -0.1648
vn -0.9829 -0.0268 -0.1822
vn -0.9863 -0.0176 -0.1641
vn -0.9829 -0.0401 -0.1797
vn -0.9863 -0.0293 -0.1623
vn -0.9829 -0.0530 -0.1762
vn -0.9862 -0.0409 -0.1602
vn -0.9830 -0.0656 -0.1715
vn -0.9863 -0.0522 -0.1568
vn -0.9830 -0.0779 -0.1663
vn -0.9862 -0.0633 -0.1529
vn -0.9831 -0.0896 -0.1597
vn -0.9862 -0.0742 -0.1482
vn -0.9831 -0.1009 -0.1525
vn -0.9861 -0.0847 -0.1427
vn -0.9832 -0.1115 -0.1445
vn -0.9861 -0.0949 -0.1367
vn -0.9833 -0.1214 -0.1355
vn -0.9860 -0.1044 -0.1296
vn -0.9833 -0.1308 -0.1262
vn -0.9859 -0.1138 -0.1223
vn -0.9835 -0.1391 -0.1158
vn -0.9859 -0.1225 -0.1141
vn -0.9836 -0.1469 -0.1051
vn -0.9858 -0.1307 -0.1053
vn -0.9837 -0.1536 -0.0938
vn -0.9857 -0.1384 -0.0961
vn -0.9838 -0.1595 -0.0819
vn -0.9857 -0.1452 -0.0861
vn -0.9839 -0.1646 -0.0700
vn -0.9855 -0.1517 -0.0759
vn -0.9841 -0.1683 -0.0574
vn -0.9854 -0.1570 -0.0651
vn -0.9841 -0.1716 -0.0449
vn -0.9853 -0.1621 -0.0540
vn -0.9843 -0.1735 -0.0321
vn -0.9852 -0.1662 -0.0424
vn -0.9845 -0.1746 -0.0192
vn -0.9851 -0.1693 -0.0306
vn -0.9845 -0.1751 -0.0065
vn -0.9849 -0.1721 -0.0185
vn -0.9848 -0.1736 0.0064
vn -0.9848 -0.1736 -0.0062
vn -0.9845 -0.1746 0.0192
vn -0.9845 -0.1751 0.0063
vn -0.9849 -0.1721 0.0185
vn -0.9843 -0.1735 0.0321
vn -0.9851 -0.1693 0.0306
vn -0.9841 -0.1716 0.0449
vn -0.9852 -0.1662 0.0424
vn -0.9841 -0.1683 0.0574
vn -0.9853 -0.1621 0.0540
vn -0.9839 -0.1646 0.0700
vn -0.9854 -0.1570 0.0651
vn -0.9838 -0.1595 0.0819
vn -0.9855 -0.1517 0.0759
vn -0.9837 -0.1536 0.0938
vn -0.9857 -0.1451 0.0861
vn -0.9836 -0.1469 0.1051
vn -0.9857 -0.1384 0.0961
vn -0.9835 -0.1391 0.1158
vn -0.9858 -0.1307 0.1053
vn -0.9833 -0.1308 0.1262
vn -0.9859 -0.1225 0.1141
vn -0.9833 -0.1214 0.1355
vn -0.9859 -0.1138 0.1223
vn -0.9832 -0.1115 0.1445
vn -0.9860 -0.1044 0.1296
vn -0.9831 -0.1009 0.1525
vn -0.9861 -0.0949 0.1367
vn -0.9831 -0.0896 0.1597
vn -0.9861 -0.0846 0.1427
vn -0.9830 -0.0779 0.1663
vn -0.9862 -0.0742 0.1482
vn -0.9830 -0.0656 0.1715
vn -0.9862 -0.0633 0.1529
vn -0.9829 -0.0530 0.1762
vn -0.9863 -0.0522 0.1568
vn -0.9829 -0.0401 0.1797
vn -0.9862 -0.0409 0.1602
vn -0.9829 -0.0268 0.1822
vn -0.9863 -0.0293 0.1623
vn -0.9829 -0.0135 0.1839
vn -0.9863 -0.0176 0.1641
vn -0.9829 0.0000 0.1842
vn -0.9863 -0.0059 0.1648
vn -0.9829 0.0135 0.1839
vn -0.9863 0.0059 0.1648
vn -0.9829 0.0268 0.1822
vn -0.9863 0.0176 0.1641
vn -0.9829 0.0401 0.1797
vn -0.9863 0.0293 0.1623
vn -0.9829 0.0530 0.1762
vn -0.9862 0.0409 0.1602
vn -0.9830 0.0656 0.1715
vn -0.9863 0.0522 0.1568
vn -0.9830 0.0779 0.1663
vn -0.9862 0.0633 0.1529
vn -0.9831 0.0896 0.1597
vn -0.9862 0.0742 0.1482
vn -0.9831 0.1009 0.1525
vn -0.9861 0.0847 0.1427
vn -0.9832 0.1115 0.1445
vn -0.9861 0.0949 0.1367
vn -0.9833 0.1214 0.1355
vn -0.9860 0.1044 0.1296
vn -0.9833 0.1308 0.1262
vn -0.9859 0.1138 0.1223
vn -0.9835 0.1391 0.1158
vn -0.9859 0.1225 0.1141
vn -0.9836 0.1469 0.1051
vn -0.9858 0.1307 0.1053
vn -0.9837 0.1536 0.0938
vn -0.9857 0.1384 0.0961
vn -0.9838 0.1595 0.0819
vn -0.9857 0.1452 0.0861
vn -0.9839 0.1646 0.0700
vn -0.9855 0.1517 0.0759
vn -0.9841 0.1683 0.0574
vn -0.9854 0.1570 0.0651
vn -0.9841 0.1716 0.0449
vn -0.9853 0.1621 0.0540
vn -0.9843 0.1735 0.0321
vn -0.9852 0.1662 0.0424
vn -0.9845 0.1746 0.0192
vn -0.9851 0.1693 0.0306
vn -0.9849 0.1721 0.0185
vn -0.8658 -0.5000 0.0179
vn -0.8658 -0.5001 -0.0179
vn -0.8658 -0.5000 -0.0179
vn -0.8658 -0.4975 0.0535
vn -0.8658 -0.5001 0.0179
vn -0.8658 -0.4924 0.0888
vn -0.8658 -0.4848 0.1237
vn -0.8658 -0.4748 0.1580
vn -0.8658 -0.4849 0.1237
vn -0.8658 -0.4623 0.1915
vn -0.8658 -0.4474 0.2240
vn -0.8658 -0.4303 0.2553
vn -0.8658 -0.4475 0.2240
vn -0.8658 -0.4110 0.2854
vn -0.8658 -0.3896 0.3140
vn -0.8658 -0.3662 0.3410
vn -0.8658 -0.3410 0.3662
vn -0.8658 -0.3140 0.3896
vn -0.8658 -0.2854 0.4110
vn -0.8658 -0.2553 0.4303
vn -0.8658 -0.2240 0.4474
vn -0.8658 -0.2554 0.4303
vn -0.8658 -0.1915 0.4623
vn -0.8658 -0.1580 0.4748
vn -0.8658 -0.1237 0.4848
vn -0.8658 -0.0888 0.4924
vn -0.8658 -0.1238 0.4848
vn -0.8658 -0.0535 0.4975
vn -0.8658 -0.0179 0.5001
vn -0.8658 0.0179 0.5001
vn -0.8658 0.0535 0.4975
vn -0.8658 0.0888 0.4924
vn -0.8658 0.1237 0.4848
vn -0.8658 0.1580 0.4748
vn -0.8658 0.1238 0.4848
vn -0.8658 0.1915 0.4623
vn -0.8658 0.2240 0.4475
vn -0.8658 0.2553 0.4303
vn -0.8658 0.2240 0.4474
vn -0.8658 0.2854 0.4110
vn -0.8658 0.3140 0.3896
vn -0.8658 0.3410 0.3662
vn -0.8658 0.3662 0.3410
vn -0.8658 0.3896 0.3140
vn -0.8658 0.3663 0.3410
vn -0.8658 0.4110 0.2854
vn -0.8658 0.3897 0.3140
vn -0.8658 0.4303 0.2553
vn -0.8658 0.4475 0.2240
vn -0.8658 0.4623 0.1915
vn -0.8658 0.4748 0.1580
vn -0.8658 0.4848 0.1237
vn -0.8658 0.4924 0.0888
vn -0.8658 0.4849 0.1237
vn -0.8658 0.4975 0.0535
vn -0.8658 0.5000 0.0179
vn -0.8658 0.5001 0.0179
vn -0.8658 0.5000 -0.0179
vn -0.6421 0.7661 0.0274
vn -0.6421 0.7661 -0.0274
vn -0.8658 0.5001 -0.0179
vn -0.6421 -0.7661 0.0274
vn -0.6421 -0.7661 -0.0274
vn -0.6421 -0.7622 0.0819
vn -0.6421 -0.7544 0.1361
vn -0.6421 -0.7083 0.2934
vn -0.6421 -0.6855 0.3431
vn -0.6421 -0.6593 0.3912
vn -0.6421 -0.6855 0.3432
vn -0.6421 -0.5969 0.4810
vn -0.6421 -0.5611 0.5224
vn -0.6421 -0.5224 0.5611
vn -0.6422 -0.5610 0.5224
vn -0.6421 -0.4810 0.5969
vn -0.6421 -0.3912 0.6593
vn -0.6421 -0.3432 0.6855
vn -0.6421 -0.2934 0.7082
vn -0.6421 -0.3431 0.6855
vn -0.6421 -0.2421 0.7274
vn -0.6421 -0.1896 0.7428
vn -0.6421 -0.1361 0.7544
vn -0.6421 -0.0819 0.7622
vn -0.6421 0.0274 0.7661
vn -0.6421 0.0819 0.7622
vn -0.6421 0.1361 0.7544
vn -0.6421 0.2933 0.7082
vn -0.6421 0.3432 0.6855
vn -0.6421 0.2934 0.7082
vn -0.6421 0.3912 0.6593
vn -0.6421 0.3431 0.6855
vn -0.6421 0.4810 0.5969
vn -0.6421 0.5224 0.5611
vn -0.6421 0.5611 0.5224
vn -0.6421 0.5969 0.4810
vn -0.6421 0.6593 0.3912
vn -0.6421 0.6855 0.3432
vn -0.6421 0.7083 0.2934
vn -0.6421 0.6855 0.3431
vn -0.6421 0.7274 0.2421
vn -0.6421 0.7428 0.1896
vn -0.6421 0.7544 0.1361
vn -0.6421 0.7622 0.0819
vn -0.3410 0.9395 0.0336
vn -0.3410 0.9395 -0.0336
vn -0.3410 -0.9395 0.0336
vn -0.3410 -0.9395 -0.0336
vn -0.3410 -0.9347 0.1005
vn -0.3410 -0.9251 0.1669
vn -0.3410 -0.9109 0.2325
vn -0.3410 -0.8919 0.2969
vn -0.3410 -0.8685 0.3597
vn -0.3410 -0.8920 0.2969
vn -0.3410 -0.8406 0.4208
vn -0.3410 -0.8685 0.3598
vn -0.3410 -0.8085 0.4797
vn -0.3410 -0.7722 0.5361
vn -0.3410 -0.7320 0.5898
vn -0.3410 -0.6880 0.6406
vn -0.3410 -0.7320 0.5899
vn -0.3410 -0.6406 0.6880
vn -0.3410 -0.5899 0.7320
vn -0.3410 -0.5361 0.7722
vn -0.3410 -0.4797 0.8085
vn -0.3410 -0.4208 0.8406
vn -0.3410 -0.3597 0.8685
vn -0.3410 -0.2969 0.8919
vn -0.3410 -0.2325 0.9109
vn -0.3410 -0.2969 0.8920
vn -0.3410 -0.1669 0.9251
vn -0.3410 -0.1005 0.9347
vn -0.3410 -0.0335 0.9395
vn -0.3410 0.0336 0.9395
vn -0.3410 -0.0336 0.9395
vn -0.3410 0.1005 0.9347
vn -0.3410 0.1669 0.9251
vn -0.3410 0.2325 0.9109
vn -0.3410 0.2969 0.8920
vn -0.3410 0.3597 0.8685
vn -0.3410 0.4208 0.8406
vn -0.3410 0.4797 0.8085
vn -0.3410 0.5361 0.7722
vn -0.3410 0.5898 0.7320
vn -0.3410 0.6406 0.6880
vn -0.3410 0.5899 0.7320
vn -0.3410 0.6880 0.6406
vn -0.3410 0.7320 0.5899
vn -0.3410 0.7722 0.5361
vn -0.3410 0.8085 0.4797
vn -0.3410 0.8406 0.4208
vn -0.3410 0.8685 0.3597
vn -0.3410 0.8919 0.2969
vn -0.3410 0.8685 0.3598
vn -0.3410 0.9109 0.2325
vn -0.3410 0.8920 0.2969
vn -0.3410 0.9251 0.1669
vn -0.3410 0.9347 0.1005
vn -0.0046 0.9994 0.0357
vn 0.0005 0.9993 0.0365
vn 0.0005 0.9994 -0.0357
vn 0.0005 -0.9994 0.0357
vn 0.0005 -0.9993 -0.0365
vn -0.0046 -0.9994 -0.0357
vn 0.0054 -0.9943 0.1069
vn -0.0045 -0.9993 0.0365
vn 0.0100 -0.9841 0.1775
vn -0.0092 -0.9940 0.1094
vn 0.0144 -0.9688 0.2473
vn -0.0137 -0.9833 0.1816
vn 0.0186 -0.9487 0.3158
vn -0.0180 -0.9673 0.2529
vn 0.0225 -0.9236 0.3826
vn -0.0221 -0.9462 0.3228
vn 0.0263 -0.8939 0.4475
vn -0.0259 -0.9200 0.3910
vn 0.0297 -0.8596 0.5100
vn -0.0295 -0.8890 0.4570
vn 0.0330 -0.8210 0.5700
vn -0.0329 -0.8531 0.5207
vn 0.0360 -0.7781 0.6271
vn -0.0360 -0.8128 0.5815
vn 0.0388 -0.7313 0.6809
vn -0.0389 -0.7681 0.6392
vn 0.0413 -0.6808 0.7313
vn -0.0415 -0.7193 0.6935
vn 0.0436 -0.6269 0.7779
vn -0.0440 -0.6667 0.7440
vn 0.0457 -0.5697 0.8206
vn -0.0462 -0.6105 0.7907
vn 0.0475 -0.5097 0.8590
vn -0.0481 -0.5511 0.8330
vn 0.0492 -0.4471 0.8931
vn -0.0499 -0.4888 0.8710
vn 0.0506 -0.3822 0.9227
vn -0.0513 -0.4239 0.9043
vn 0.0517 -0.3154 0.9476
vn -0.0526 -0.3567 0.9327
vn 0.0526 -0.2470 0.9676
vn -0.0537 -0.2877 0.9562
vn 0.0533 -0.1773 0.9827
vn -0.0545 -0.2171 0.9746
vn 0.0538 -0.1067 0.9928
vn -0.0551 -0.1454 0.9878
vn 0.0540 -0.0356 0.9979
vn -0.0554 -0.0729 0.9958
vn 0.0540 0.0356 0.9979
vn -0.0555 0.0000 0.9985
vn 0.0538 0.1067 0.9928
vn -0.0554 0.0729 0.9958
vn 0.0533 0.1773 0.9827
vn -0.0550 0.1454 0.9878
vn 0.0526 0.2470 0.9676
vn -0.0545 0.2171 0.9746
vn 0.0517 0.3154 0.9476
vn -0.0537 0.2877 0.9562
vn 0.0506 0.3822 0.9227
vn -0.0526 0.3567 0.9327
vn 0.0492 0.4471 0.8931
vn -0.0513 0.4239 0.9043
vn 0.0475 0.5097 0.8590
vn -0.0499 0.4888 0.8710
vn 0.0457 0.5697 0.8206
vn -0.0481 0.5511 0.8330
vn 0.0436 0.6269 0.7779
vn -0.0462 0.6105 0.7907
vn 0.0413 0.6808 0.7313
vn -0.0440 0.6667 0.7440
vn 0.0388 0.7313 0.6809
vn -0.0415 0.7193 0.6935
vn 0.0360 0.7781 0.6271
vn -0.0389 0.7681 0.6392
vn 0.0330 0.8210 0.5700
vn -0.0360 0.8128 0.5815
vn 0.0297 0.8596 0.5100
vn -0.0329 0.8531 0.5207
vn 0.0263 0.8939 0.4475
vn -0.0295 0.8890 0.4570
vn 0.0225 0.9236 0.3826
vn -0.0259 0.9200 0.3910
vn 0.0186 0.9487 0.3158
vn -0.0221 0.9462 0.3228
vn 0.0144 0.9688 0.2473
vn -0.0180 0.9673 0.2529
vn 0.0100 0.9841 0.1775
vn -0.0137 0.9833 0.1816
vn 0.0054 0.9943 0.1069
vn -0.0092 0.9940 0.1094
vn 0.1735 0.9842 0.0360
vn 0.1827 0.9817 0.0539
vn 0.1736 0.9846 0.0180
vn 0.1735 0.9842 -0.0360
vn -0.0045 0.9993 -0.0365
vn 0.1735 -0.9842 0.0360
vn 0.1736 -0.9846 -0.0180
vn 0.1735 -0.9842 -0.0360
vn 0.1827 -0.9817 -0.0539
vn 0.1735 -0.9789 0.1077
vn 0.1827 -0.9830 0.0180
vn 0.1736 -0.9833 0.0539
vn 0.1735 -0.9684 0.1789
vn 0.1827 -0.9791 0.0897
vn 0.1736 -0.9768 0.1256
vn 0.1735 -0.9528 0.2491
vn 0.1827 -0.9699 0.1609
vn 0.1736 -0.9650 0.1965
vn 0.1735 -0.9321 0.3180
vn 0.1827 -0.9556 0.2313
vn 0.1736 -0.9481 0.2664
vn 0.1735 -0.9064 0.3852
vn 0.1827 -0.9362 0.3004
vn 0.1736 -0.9261 0.3349
vn 0.1735 -0.8758 0.4503
vn 0.1827 -0.9117 0.3679
vn 0.1736 -0.8992 0.4017
vn 0.1735 -0.8406 0.5130
vn 0.1827 -0.8824 0.4335
vn 0.1736 -0.8675 0.4662
vn 0.1735 -0.8009 0.5730
vn 0.1827 -0.8485 0.4968
vn 0.1736 -0.8311 0.5283
vn 0.1735 -0.7570 0.6300
vn 0.1827 -0.8099 0.5574
vn 0.1736 -0.7903 0.5876
vn 0.1735 -0.7090 0.6835
vn 0.1827 -0.7671 0.6150
vn 0.1736 -0.7453 0.6437
vn 0.1735 -0.6572 0.7335
vn 0.1827 -0.7201 0.6694
vn 0.1736 -0.6964 0.6964
vn 0.1735 -0.6019 0.7795
vn 0.1826 -0.6694 0.7201
vn 0.1736 -0.6437 0.7453
vn 0.1735 -0.5434 0.8213
vn 0.1827 -0.6150 0.7671
vn 0.1736 -0.5876 0.7903
vn 0.1735 -0.4820 0.8588
vn 0.1827 -0.5574 0.8099
vn 0.1736 -0.5283 0.8311
vn 0.1735 -0.4180 0.8917
vn 0.1827 -0.4968 0.8484
vn 0.1736 -0.4662 0.8675
vn 0.1735 -0.3518 0.9198
vn 0.1826 -0.4335 0.8824
vn 0.1736 -0.4017 0.8992
vn 0.1735 -0.2837 0.9431
vn 0.1827 -0.3679 0.9117
vn 0.1736 -0.3349 0.9261
vn 0.1735 -0.2141 0.9613
vn 0.1826 -0.3004 0.9362
vn 0.1736 -0.2665 0.9481
vn 0.1735 -0.1434 0.9743
vn 0.1827 -0.2313 0.9556
vn 0.1736 -0.1965 0.9650
vn 0.1735 -0.0719 0.9822
vn 0.1827 -0.1609 0.9699
vn 0.1736 -0.1256 0.9768
vn 0.1735 0.0000 0.9848
vn 0.1827 -0.0897 0.9791
vn 0.1736 -0.0539 0.9833
vn 0.1735 0.0719 0.9822
vn 0.1826 -0.0180 0.9830
vn 0.1736 0.0180 0.9846
vn 0.1735 0.1434 0.9743
vn 0.1827 0.0539 0.9817
vn 0.1736 0.0898 0.9807
vn 0.1735 0.2141 0.9613
vn 0.1827 0.1254 0.9752
vn 0.1736 0.1612 0.9715
vn 0.1735 0.2837 0.9431
vn 0.1827 0.1962 0.9634
vn 0.1736 0.2316 0.9572
vn 0.1735 0.3518 0.9198
vn 0.1826 0.2660 0.9465
vn 0.1736 0.3009 0.9377
vn 0.1735 0.4180 0.8917
vn 0.1827 0.3344 0.9246
vn 0.1736 0.3685 0.9133
vn 0.1735 0.4820 0.8588
vn 0.1827 0.4010 0.8977
vn 0.1736 0.4342 0.8839
vn 0.1735 0.5434 0.8213
vn 0.1827 0.4654 0.8660
vn 0.1736 0.4976 0.8499
vn 0.1735 0.6019 0.7795
vn 0.1827 0.5274 0.8297
vn 0.1736 0.5583 0.8113
vn 0.1735 0.6572 0.7335
vn 0.1827 0.5866 0.7890
vn 0.1736 0.6160 0.7684
vn 0.1735 0.7090 0.6835
vn 0.1827 0.6426 0.7441
vn 0.1736 0.6705 0.7213
vn 0.1735 0.7570 0.6300
vn 0.1827 0.6952 0.6952
vn 0.1736 0.7213 0.6705
vn 0.1735 0.8009 0.5730
vn 0.1827 0.7441 0.6426
vn 0.1736 0.7684 0.6160
vn 0.1735 0.8406 0.5130
vn 0.1827 0.7890 0.5866
vn 0.1736 0.8113 0.5583
vn 0.1735 0.8758 0.4503
vn 0.1827 0.8297 0.5274
vn 0.1736 0.8499 0.4976
vn 0.1735 0.9064 0.3852
vn 0.1827 0.8660 0.4654
vn 0.1736 0.8839 0.4342
vn 0.1735 0.9321 0.3180
vn 0.1827 0.8977 0.4010
vn 0.1736 0.9133 0.3685
vn 0.1735 0.9528 0.2491
vn 0.1827 0.9246 0.3344
vn 0.1736 0.9377 0.3009
vn 0.1735 0.9684 0.1789
vn 0.1827 0.9465 0.2660
vn 0.1736 0.9572 0.2316
vn 0.1735 0.9789 0.1077
vn 0.1827 0.9634 0.1962
vn 0.1736 0.9715 0.1612
vn 0.1827 0.9752 0.1254
vn 0.1736 0.9807 0.0898
vn 0.3420 -0.9396 0.0172
vn 0.3418 -0.9392 -0.0328
vn 0.2491 -0.9683 -0.0177
vn 0.3461 -0.9368 0.0514
vn 0.2945 -0.9551 0.0334
vn 0.3370 -0.9376 0.0859
vn 0.3494 -0.9293 0.1195
vn 0.2953 -0.9502 0.0999
vn 0.3313 -0.9308 0.1544
vn 0.3519 -0.9172 0.1868
vn 0.2970 -0.9404 0.1658
vn 0.3246 -0.9193 0.2225
vn 0.3535 -0.9005 0.2531
vn 0.2995 -0.9258 0.2308
vn 0.3171 -0.9030 0.2898
vn 0.3544 -0.8793 0.3180
vn 0.3029 -0.9064 0.2945
vn 0.3087 -0.8820 0.3560
vn 0.3545 -0.8537 0.3814
vn 0.3070 -0.8824 0.3565
vn 0.2994 -0.8564 0.4207
vn 0.3538 -0.8239 0.4428
vn 0.3120 -0.8539 0.4165
vn 0.2892 -0.8261 0.4837
vn 0.3523 -0.7898 0.5020
vn 0.3178 -0.8211 0.4741
vn 0.2779 -0.7913 0.5446
vn 0.3501 -0.7518 0.5589
vn 0.3243 -0.7842 0.5290
vn 0.2658 -0.7521 0.6030
vn 0.3470 -0.7098 0.6130
vn 0.3316 -0.7434 0.5808
vn 0.2526 -0.7087 0.6587
vn 0.3431 -0.6642 0.6642
vn 0.3397 -0.6989 0.6293
vn 0.3451 -0.6390 0.6875
vn 0.2944 -0.6639 0.6875
vn 0.3383 -0.6151 0.7122
vn 0.3486 -0.5863 0.7313
vn 0.2950 -0.6142 0.7319
vn 0.3328 -0.5626 0.7568
vn 0.3513 -0.5308 0.7713
vn 0.2965 -0.5613 0.7726
vn 0.3264 -0.5071 0.7977
vn 0.3532 -0.4727 0.8073
vn 0.2988 -0.5057 0.8093
vn 0.3191 -0.4487 0.8348
vn 0.3543 -0.4123 0.8393
vn 0.3020 -0.4476 0.8417
vn 0.3109 -0.3876 0.8678
vn 0.3546 -0.3499 0.8671
vn 0.3059 -0.3872 0.8698
vn 0.3018 -0.3242 0.8965
vn 0.3541 -0.2857 0.8905
vn 0.3107 -0.3251 0.8932
vn 0.2918 -0.2588 0.9208
vn 0.3528 -0.2201 0.9095
vn 0.3163 -0.2615 0.9119
vn 0.2809 -0.1915 0.9404
vn 0.3507 -0.1533 0.9239
vn 0.3226 -0.1968 0.9258
vn 0.2689 -0.1228 0.9553
vn 0.3478 -0.0855 0.9337
vn 0.3297 -0.1314 0.9349
vn 0.2560 -0.0529 0.9652
vn 0.3441 -0.0171 0.9388
vn 0.3376 -0.0657 0.9390
vn 0.3441 0.0171 0.9388
vn 0.2944 0.0000 0.9557
vn 0.3396 0.0515 0.9392
vn 0.3478 0.0855 0.9337
vn 0.2948 0.0667 0.9532
vn 0.3343 0.1202 0.9348
vn 0.3507 0.1533 0.9239
vn 0.2960 0.1329 0.9459
vn 0.3281 0.1885 0.9257
vn 0.3528 0.2201 0.9095
vn 0.2982 0.1985 0.9337
vn 0.3210 0.2562 0.9118
vn 0.3541 0.2857 0.8905
vn 0.3011 0.2629 0.9167
vn 0.3130 0.3230 0.8931
vn 0.3546 0.3499 0.8671
vn 0.3048 0.3258 0.8950
vn 0.3042 0.3885 0.8698
vn 0.3543 0.4123 0.8393
vn 0.3094 0.3868 0.8687
vn 0.2944 0.4524 0.8418
vn 0.3532 0.4727 0.8073
vn 0.3148 0.4456 0.8381
vn 0.2837 0.5144 0.8093
vn 0.3513 0.5308 0.7713
vn 0.3209 0.5019 0.8032
vn 0.2720 0.5741 0.7723
vn 0.3486 0.5863 0.7313
vn 0.3279 0.5553 0.7643
vn 0.2593 0.6313 0.7309
vn 0.3451 0.6390 0.6875
vn 0.3356 0.6055 0.7216
vn 0.3431 0.6642 0.6642
vn 0.2944 0.6639 0.6875
vn 0.3408 0.6886 0.6401
vn 0.3470 0.7098 0.6130
vn 0.2946 0.7102 0.6394
vn 0.3357 0.7349 0.5892
vn 0.3501 0.7518 0.5589
vn 0.2957 0.7528 0.5881
vn 0.3297 0.7777 0.5352
vn 0.3523 0.7898 0.5020
vn 0.2976 0.7915 0.5339
vn 0.3228 0.8168 0.4782
vn 0.3538 0.8239 0.4428
vn 0.3003 0.8261 0.4769
vn 0.3151 0.8518 0.4185
vn 0.3545 0.8537 0.3814
vn 0.3038 0.8563 0.4177
vn 0.3065 0.8827 0.3562
vn 0.3544 0.8793 0.3180
vn 0.3082 0.8821 0.3564
vn 0.2969 0.9092 0.2918
vn 0.3535 0.9005 0.2531
vn 0.3134 0.9032 0.2934
vn 0.2865 0.9312 0.2254
vn 0.3519 0.9172 0.1868
vn 0.3193 0.9195 0.2293
vn 0.2750 0.9485 0.1573
vn 0.3494 0.9293 0.1195
vn 0.3261 0.9310 0.1642
vn 0.2626 0.9609 0.0880
vn 0.3461 0.9368 0.0514
vn 0.3336 0.9376 0.0985
vn 0.2491 0.9683 0.0177
vn 0.3418 0.9392 0.0328
vn 0.3420 0.9396 -0.0172
vn 0.1827 0.9830 -0.0180
vn 0.6427 -0.7656 0.0267
vn 0.6427 -0.7656 -0.0267
vn 0.6427 -0.7657 -0.0267
vn 0.6427 -0.7619 0.0801
vn 0.6427 -0.7657 0.0267
vn 0.6427 -0.7545 0.1330
vn 0.6427 -0.7434 0.1853
vn 0.6427 -0.7286 0.2368
vn 0.6427 -0.7433 0.1853
vn 0.6427 -0.7103 0.2870
vn 0.6427 -0.7286 0.2367
vn 0.6427 -0.6886 0.3359
vn 0.6427 -0.6635 0.3831
vn 0.6427 -0.6886 0.3358
vn 0.6427 -0.6352 0.4284
vn 0.6427 -0.6037 0.4717
vn 0.6427 -0.6351 0.4284
vn 0.6427 -0.5693 0.5126
vn 0.6427 -0.5322 0.5511
vn 0.6427 -0.5694 0.5126
vn 0.6427 -0.4925 0.5869
vn 0.6427 -0.4503 0.6198
vn 0.6427 -0.4060 0.6497
vn 0.6427 -0.3597 0.6764
vn 0.6427 -0.3116 0.6999
vn 0.6427 -0.2620 0.7199
vn 0.6427 -0.2112 0.7364
vn 0.6427 -0.1593 0.7494
vn 0.6427 -0.1066 0.7587
vn 0.6427 -0.0534 0.7643
vn 0.6427 0.0000 0.7661
vn 0.6427 0.0534 0.7643
vn 0.6427 0.1066 0.7587
vn 0.6427 0.1593 0.7494
vn 0.6427 0.2112 0.7364
vn 0.6427 0.2620 0.7199
vn 0.6427 0.3116 0.6999
vn 0.6427 0.3597 0.6764
vn 0.6427 0.4060 0.6497
vn 0.6427 0.4503 0.6198
vn 0.6427 0.4925 0.5869
vn 0.6427 0.5322 0.5511
vn 0.6427 0.4924 0.5869
vn 0.6427 0.5693 0.5126
vn 0.6427 0.6037 0.4717
vn 0.6427 0.6352 0.4284
vn 0.6427 0.6635 0.3831
vn 0.6427 0.6351 0.4284
vn 0.6427 0.6886 0.3358
vn 0.6427 0.7103 0.2870
vn 0.6427 0.7286 0.2367
vn 0.6427 0.7434 0.1853
vn 0.6427 0.7286 0.2368
vn 0.6427 0.7545 0.1330
vn 0.6427 0.7433 0.1853
vn 0.6427 0.7619 0.0801
vn 0.6427 0.7657 0.0267
vn 0.6427 0.7656 0.0267
vn 0.6427 0.7656 -0.0267
vn 0.2945 0.9551 -0.0334
vn 0.8661 0.4995 0.0174
vn 0.8662 0.4995 0.0174
vn 0.8661 0.4995 -0.0174
vn 0.6427 0.7657 -0.0267
vn 0.8661 -0.4995 0.0174
vn 0.8662 -0.4995 -0.0174
vn 0.8661 -0.4995 -0.0174
vn 0.8661 -0.4971 0.0522
vn 0.8662 -0.4995 0.0174
vn 0.8661 -0.4922 0.0868
vn 0.8661 -0.4850 0.1209
vn 0.8661 -0.4753 0.1544
vn 0.8662 -0.4849 0.1209
vn 0.8661 -0.4634 0.1872
vn 0.8661 -0.4493 0.2191
vn 0.8662 -0.4634 0.1872
vn 0.8661 -0.4329 0.2499
vn 0.8662 -0.4492 0.2191
vn 0.8661 -0.4144 0.2795
vn 0.8662 -0.4328 0.2499
vn 0.8661 -0.3938 0.3077
vn 0.8661 -0.3714 0.3344
vn 0.8661 -0.3472 0.3595
vn 0.8662 -0.3714 0.3344
vn 0.8661 -0.3213 0.3829
vn 0.8662 -0.3471 0.3595
vn 0.8661 -0.2938 0.4043
vn 0.8661 -0.2649 0.4238
vn 0.8662 -0.2937 0.4043
vn 0.8661 -0.2347 0.4413
vn 0.8661 -0.2648 0.4239
vn 0.8661 -0.2033 0.4566
vn 0.8661 -0.2346 0.4413
vn 0.8661 -0.1710 0.4697
vn 0.8661 -0.1378 0.4804
vn 0.8661 -0.1709 0.4697
vn 0.8661 -0.1039 0.4889
vn 0.8661 -0.0696 0.4949
vn 0.8661 -0.0349 0.4986
vn 0.8661 0.0000 0.4998
vn 0.8661 0.0349 0.4986
vn 0.8661 0.0696 0.4949
vn 0.8661 0.1039 0.4889
vn 0.8661 0.1378 0.4804
vn 0.8661 0.1710 0.4697
vn 0.8661 0.1377 0.4804
vn 0.8661 0.2033 0.4566
vn 0.8661 0.1709 0.4697
vn 0.8661 0.2346 0.4413
vn 0.8662 0.2033 0.4566
vn 0.8661 0.2649 0.4238
vn 0.8661 0.2938 0.4043
vn 0.8662 0.2648 0.4239
vn 0.8661 0.3213 0.3829
vn 0.8662 0.2937 0.4043
vn 0.8661 0.3472 0.3595
vn 0.8661 0.3714 0.3344
vn 0.8662 0.3471 0.3595
vn 0.8661 0.3939 0.3077
vn 0.8662 0.3714 0.3344
vn 0.8661 0.4144 0.2795
vn 0.8662 0.3938 0.3077
vn 0.8661 0.4329 0.2499
vn 0.8662 0.4143 0.2795
vn 0.8661 0.4493 0.2191
vn 0.8662 0.4328 0.2499
vn 0.8661 0.4634 0.1872
vn 0.8662 0.4492 0.2191
vn 0.8661 0.4754 0.1544
vn 0.8662 0.4634 0.1872
vn 0.8661 0.4850 0.1209
vn 0.8662 0.4753 0.1544
vn 0.8661 0.4922 0.0868
vn 0.8662 0.4849 0.1209
vn 0.8661 0.4971 0.0522
vn 0.8662 0.4922 0.0868
vn 0.8662 0.4970 0.0522
vn 0.9846 0.1748 0.0061
vn 0.9849 0.1732 0.0063
vn 0.9848 0.1733 -0.0061
vn 0.8662 0.4995 -0.0174
vn 0.9848 -0.1733 0.0061
vn 0.9849 -0.1732 -0.0063
vn 0.9846 -0.1748 -0.0061
vn 0.9850 -0.1719 0.0181
vn 0.9846 -0.1746 0.0063
vn 0.9851 -0.1692 0.0298
vn 0.9845 -0.1741 0.0187
vn 0.9852 -0.1662 0.0414
vn 0.9844 -0.1731 0.0313
vn 0.9853 -0.1623 0.0527
vn 0.9842 -0.1714 0.0438
vn 0.9855 -0.1574 0.0636
vn 0.9842 -0.1682 0.0559
vn 0.9855 -0.1523 0.0743
vn 0.9840 -0.1646 0.0682
vn 0.9857 -0.1461 0.0843
vn 0.9839 -0.1598 0.0800
vn 0.9857 -0.1395 0.0941
vn 0.9838 -0.1542 0.0915
vn 0.9858 -0.1322 0.1033
vn 0.9837 -0.1479 0.1027
vn 0.9859 -0.1243 0.1119
vn 0.9836 -0.1404 0.1131
vn 0.9860 -0.1160 0.1201
vn 0.9835 -0.1325 0.1234
vn 0.9861 -0.1069 0.1274
vn 0.9834 -0.1236 0.1327
vn 0.9861 -0.0977 0.1345
vn 0.9833 -0.1140 0.1416
vn 0.9861 -0.0879 0.1407
vn 0.9832 -0.1040 0.1497
vn 0.9862 -0.0777 0.1461
vn 0.9832 -0.0931 0.1569
vn 0.9862 -0.0673 0.1512
vn 0.9831 -0.0818 0.1636
vn 0.9863 -0.0565 0.1551
vn 0.9831 -0.0701 0.1691
vn 0.9863 -0.0455 0.1587
vn 0.9831 -0.0578 0.1739
vn 0.9863 -0.0343 0.1613
vn 0.9830 -0.0454 0.1778
vn 0.9863 -0.0229 0.1632
vn 0.9830 -0.0326 0.1806
vn 0.9863 -0.0115 0.1645
vn 0.9830 -0.0196 0.1827
vn 0.9864 0.0000 0.1646
vn 0.9830 -0.0066 0.1836
vn 0.9863 0.0115 0.1645
vn 0.9830 0.0066 0.1836
vn 0.9863 0.0229 0.1632
vn 0.9830 0.0196 0.1827
vn 0.9863 0.0343 0.1613
vn 0.9830 0.0326 0.1806
vn 0.9863 0.0455 0.1587
vn 0.9830 0.0454 0.1778
vn 0.9863 0.0565 0.1551
vn 0.9831 0.0578 0.1739
vn 0.9862 0.0673 0.1512
vn 0.9831 0.0701 0.1691
vn 0.9862 0.0777 0.1461
vn 0.9831 0.0818 0.1636
vn 0.9861 0.0879 0.1407
vn 0.9832 0.0931 0.1569
vn 0.9861 0.0977 0.1345
vn 0.9832 0.1040 0.1497
vn 0.9861 0.1069 0.1274
vn 0.9833 0.1140 0.1416
vn 0.9860 0.1160 0.1201
vn 0.9834 0.1236 0.1327
vn 0.9859 0.1243 0.1119
vn 0.9835 0.1325 0.1234
vn 0.9858 0.1322 0.1033
vn 0.9836 0.1404 0.1131
vn 0.9857 0.1395 0.0941
vn 0.9837 0.1479 0.1027
vn 0.9857 0.1461 0.0843
vn 0.9838 0.1542 0.0915
vn 0.9855 0.1523 0.0743
vn 0.9839 0.1598 0.0800
vn 0.9855 0.1574 0.0636
vn 0.9840 0.1646 0.0682
vn 0.9853 0.1623 0.0527
vn 0.9842 0.1682 0.0559
vn 0.9852 0.1662 0.0414
vn 0.9842 0.1714 0.0438
vn 0.9851 0.1692 0.0298
vn 0.9844 0.1731 0.0313
vn 0.9850 0.1719 0.0181
vn 0.9845 0.1741 0.0187
vn 0.9846 0.1746 -0.0063
vn 0.9845 -0.1741 -0.0187
vn 0.9850 -0.1719 -0.0181
vn 0.9844 -0.1731 -0.0313
vn 0.9851 -0.1692 -0.0298
vn 0.9842 -0.1713 -0.0438
vn 0.9852 -0.1662 -0.0414
vn 0.9842 -0.1682 -0.0559
vn 0.9853 -0.1623 -0.0527
vn 0.9840 -0.1646 -0.0682
vn 0.9855 -0.1574 -0.0636
vn 0.9839 -0.1598 -0.0800
vn 0.9855 -0.1523 -0.0743
vn 0.9838 -0.1542 -0.0915
vn 0.9857 -0.1461 -0.0843
vn 0.9837 -0.1479 -0.1027
vn 0.9857 -0.1395 -0.0941
vn 0.9836 -0.1404 -0.1131
vn 0.9858 -0.1322 -0.1033
vn 0.9835 -0.1325 -0.1234
vn 0.9859 -0.1243 -0.1119
vn 0.9834 -0.1236 -0.1327
vn 0.9860 -0.1160 -0.1201
vn 0.9833 -0.1140 -0.1416
vn 0.9861 -0.1069 -0.1274
vn 0.9832 -0.1040 -0.1497
vn 0.9861 -0.0977 -0.1345
vn 0.9832 -0.0931 -0.1569
vn 0.9861 -0.0879 -0.1407
vn 0.9831 -0.0818 -0.1636
vn 0.9862 -0.0777 -0.1461
vn 0.9831 -0.0701 -0.1691
vn 0.9862 -0.0673 -0.1512
vn 0.9831 -0.0578 -0.1739
vn 0.9863 -0.0564 -0.1551
vn 0.9830 -0.0454 -0.1778
vn 0.9863 -0.0455 -0.1587
vn 0.9830 -0.0326 -0.1806
vn 0.9863 -0.0343 -0.1613
vn 0.9830 -0.0196 -0.1827
vn 0.9863 -0.0229 -0.1632
vn 0.9830 -0.0066 -0.1836
vn 0.9863 -0.0115 -0.1645
vn 0.9830 0.0066 -0.1836
vn 0.9864 0.0000 -0.1646
vn 0.9830 0.0196 -0.1827
vn 0.9863 0.0115 -0.1645
vn 0.9830 0.0326 -0.1806
vn 0.9863 0.0229 -0.1632
vn 0.9830 0.0454 -0.1778
vn 0.9863 0.0343 -0.1613
vn 0.9831 0.0578 -0.1739
vn 0.9863 0.0455 -0.1587
vn 0.9831 0.0701 -0.1691
vn 0.9863 0.0565 -0.1551
vn 0.9831 0.0818 -0.1636
vn 0.9862 0.0673 -0.1512
vn 0.9832 0.0931 -0.1569
vn 0.9862 0.0777 -0.1461
vn 0.9832 0.1040 -0.1497
vn 0.9861 0.0879 -0.1407
vn 0.9833 0.1140 -0.1416
vn 0.9861 0.0977 -0.1345
vn 0.9834 0.1236 -0.1327
vn 0.9861 0.1069 -0.1274
vn 0.9835 0.1325 -0.1234
vn 0.9860 0.1160 -0.1201
vn 0.9836 0.1404 -0.1131
vn 0.9859 0.1243 -0.1119
vn 0.9837 0.1479 -0.1027
vn 0.9858 0.1322 -0.1033
vn 0.9838 0.1542 -0.0915
vn 0.9857 0.1395 -0.0941
vn 0.9839 0.1598 -0.0800
vn 0.9857 0.1461 -0.0843
vn 0.9840 0.1646 -0.0682
vn 0.9855 0.1523 -0.0743
vn 0.9842 0.1682 -0.0559
vn 0.9855 0.1574 -0.0636
vn 0.9842 0.1713 -0.0438
vn 0.9853 0.1623 -0.0527
vn 0.9844 0.1731 -0.0313
vn 0.9852 0.1662 -0.0414
vn 0.9845 0.1741 -0.0187
vn 0.9851 0.1692 -0.0298
vn 0.9850 0.1719 -0.0181
vn 0.7547 0.6556 -0.0233
vn 0.7554 0.6548 0.0232
vn 0.7748 0.6313 0.0331
vn 0.7549 0.6557 0.0114
vn 0.7550 0.6521 -0.0685
vn 0.7755 0.6312 -0.0110
vn 0.7555 0.6543 -0.0343
vn 0.7547 0.6461 -0.1140
vn 0.7750 0.6295 -0.0551
vn 0.7550 0.6508 -0.0799
vn 0.7550 0.6363 -0.1587
vn 0.7749 0.6243 -0.0989
vn 0.7550 0.6436 -0.1251
vn 0.7551 0.6236 -0.2024
vn 0.7752 0.6156 -0.1421
vn 0.7553 0.6331 -0.1696
vn 0.7548 0.6082 -0.2459
vn 0.7748 0.6046 -0.1848
vn 0.7549 0.6201 -0.2135
vn 0.7551 0.5893 -0.2873
vn 0.7751 0.5899 -0.2264
vn 0.7552 0.6033 -0.2561
vn 0.7549 0.5680 -0.3279
vn 0.7750 0.5727 -0.2671
vn 0.7551 0.5842 -0.2976
vn 0.7550 0.5436 -0.3668
vn 0.7749 0.5528 -0.3064
vn 0.7550 0.5620 -0.3377
vn 0.7551 0.5168 -0.4035
vn 0.7752 0.5298 -0.3441
vn 0.7553 0.5369 -0.3759
vn 0.7547 0.4874 -0.4391
vn 0.7748 0.5049 -0.3805
vn 0.7549 0.5097 -0.4127
vn 0.7551 0.4555 -0.4715
vn 0.7751 0.4769 -0.4145
vn 0.7552 0.4794 -0.4470
vn 0.7549 0.4216 -0.5024
vn 0.7750 0.4468 -0.4468
vn 0.7551 0.4471 -0.4795
vn 0.7550 0.3854 -0.5306
vn 0.7749 0.4147 -0.4771
vn 0.7550 0.4126 -0.5096
vn 0.7551 0.3476 -0.5559
vn 0.7752 0.3802 -0.5045
vn 0.7553 0.3759 -0.5369
vn 0.7547 0.3078 -0.5793
vn 0.7748 0.3443 -0.5302
vn 0.7549 0.3378 -0.5622
vn 0.7551 0.2667 -0.5989
vn 0.7751 0.3063 -0.5526
vn 0.7552 0.2976 -0.5840
vn 0.7549 0.2243 -0.6163
vn 0.7750 0.2671 -0.5727
vn 0.7551 0.2562 -0.6035
vn 0.7550 0.1807 -0.6304
vn 0.7749 0.2265 -0.5901
vn 0.7550 0.2135 -0.6200
vn 0.7551 0.1365 -0.6413
vn 0.7752 0.1847 -0.6042
vn 0.7553 0.1696 -0.6331
vn 0.7548 0.0911 -0.6497
vn 0.7748 0.1422 -0.6160
vn 0.7549 0.1251 -0.6438
vn 0.7551 0.0458 -0.6540
vn 0.7751 0.0988 -0.6241
vn 0.7552 0.0799 -0.6506
vn 0.7549 0.0000 -0.6559
vn 0.7750 0.0551 -0.6295
vn 0.7551 0.0343 -0.6547
vn 0.7550 -0.0458 -0.6542
vn 0.7749 0.0110 -0.6320
vn 0.7550 -0.0114 -0.6556
vn 0.7551 -0.0911 -0.6493
vn 0.7752 -0.0331 -0.6309
vn 0.7553 -0.0571 -0.6529
vn 0.7548 -0.1366 -0.6416
vn 0.7748 -0.0771 -0.6275
vn 0.7549 -0.1026 -0.6478
vn 0.7551 -0.1806 -0.6302
vn 0.7751 -0.1206 -0.6202
vn 0.7552 -0.1475 -0.6387
vn 0.7549 -0.2243 -0.6163
vn 0.7750 -0.1636 -0.6104
vn 0.7551 -0.1917 -0.6270
vn 0.7550 -0.2668 -0.5990
vn 0.7749 -0.2058 -0.5977
vn 0.7550 -0.2350 -0.6121
vn 0.7551 -0.3077 -0.5790
vn 0.7752 -0.2469 -0.5815
vn 0.7553 -0.2770 -0.5940
vn 0.7548 -0.3478 -0.5562
vn 0.7748 -0.2870 -0.5633
vn 0.7549 -0.3179 -0.5736
vn 0.7551 -0.3853 -0.5304
vn 0.7751 -0.3254 -0.5416
vn 0.7552 -0.3570 -0.5497
vn 0.7549 -0.4216 -0.5024
vn 0.7750 -0.3624 -0.5177
vn 0.7551 -0.3946 -0.5236
vn 0.7550 -0.4556 -0.4717
vn 0.7749 -0.3978 -0.4912
vn 0.7550 -0.4302 -0.4949
vn 0.7551 -0.4871 -0.4388
vn 0.7752 -0.4309 -0.4620
vn 0.7553 -0.4635 -0.4635
vn 0.7547 -0.5171 -0.4037
vn 0.7748 -0.4624 -0.4311
vn 0.7549 -0.4950 -0.4303
vn 0.7551 -0.5434 -0.3667
vn 0.7751 -0.4910 -0.3976
vn 0.7552 -0.5235 -0.3945
vn 0.7549 -0.5680 -0.3279
vn 0.7750 -0.5176 -0.3625
vn 0.7551 -0.5499 -0.3571
vn 0.7550 -0.5895 -0.2874
vn 0.7749 -0.5418 -0.3256
vn 0.7550 -0.5735 -0.3179
vn 0.7551 -0.6078 -0.2458
vn 0.7752 -0.5629 -0.2868
vn 0.7553 -0.5940 -0.2770
vn 0.7547 -0.6240 -0.2026
vn 0.7748 -0.5819 -0.2470
vn 0.7549 -0.6123 -0.2350
vn 0.7551 -0.6361 -0.1587
vn 0.7751 -0.5974 -0.2057
vn 0.7552 -0.6268 -0.1916
vn 0.7549 -0.6459 -0.1140
vn 0.7750 -0.6104 -0.1636
vn 0.7551 -0.6388 -0.1475
vn 0.7549 -0.6522 -0.0685
vn 0.7747 -0.6207 -0.1206
vn 0.7549 -0.6477 -0.1026
vn 0.7554 -0.6548 -0.0232
vn 0.7750 -0.6273 -0.0770
vn 0.7553 -0.6529 -0.0571
vn 0.7547 -0.6556 0.0233
vn 0.7549 -0.6557 -0.0114
vn 0.7748 -0.6313 -0.0331
vn 0.7550 -0.6521 0.0685
vn 0.7755 -0.6312 0.0110
vn 0.7555 -0.6543 0.0343
vn 0.7547 -0.6461 0.1140
vn 0.7750 -0.6295 0.0551
vn 0.7550 -0.6508 0.0799
vn 0.7550 -0.6363 0.1587
vn 0.7749 -0.6243 0.0989
vn 0.7550 -0.6436 0.1251
vn 0.7551 -0.6236 0.2024
vn 0.7752 -0.6156 0.1421
vn 0.7553 -0.6331 0.1696
vn 0.7548 -0.6082 0.2459
vn 0.7748 -0.6046 0.1848
vn 0.7549 -0.6201 0.2135
vn 0.7551 -0.5893 0.2873
vn 0.7751 -0.5899 0.2264
vn 0.7552 -0.6033 0.2561
vn 0.7549 -0.5680 0.3279
vn 0.7750 -0.5727 0.2671
vn 0.7551 -0.5842 0.2976
vn 0.7550 -0.5436 0.3668
vn 0.7749 -0.5528 0.3064
vn 0.7550 -0.5620 0.3377
vn 0.7551 -0.5168 0.4035
vn 0.7752 -0.5298 0.3441
vn 0.7553 -0.5369 0.3759
vn 0.7547 -0.4874 0.4391
vn 0.7748 -0.5049 0.3805
vn 0.7549 -0.5097 0.4127
vn 0.7551 -0.4555 0.4715
vn 0.7751 -0.4769 0.4145
vn 0.7552 -0.4794 0.4470
vn 0.7549 -0.4216 0.5024
vn 0.7750 -0.4468 0.4468
vn 0.7551 -0.4471 0.4795
vn 0.7550 -0.3854 0.5306
vn 0.7749 -0.4147 0.4771
vn 0.7550 -0.4126 0.5096
vn 0.7551 -0.3476 0.5559
vn 0.7752 -0.3802 0.5045
vn 0.7553 -0.3759 0.5369
vn 0.7547 -0.3078 0.5793
vn 0.7748 -0.3443 0.5302
vn 0.7549 -0.3378 0.5622
vn 0.7551 -0.2667 0.5989
vn 0.7751 -0.3063 0.5526
vn 0.7552 -0.2976 0.5840
vn 0.7549 -0.2243 0.6163
vn 0.7750 -0.2671 0.5727
vn 0.7551 -0.2562 0.6035
vn 0.7550 -0.1807 0.6304
vn 0.7749 -0.2265 0.5901
vn 0.7550 -0.2135 0.6200
vn 0.7551 -0.1365 0.6413
vn 0.7752 -0.1847 0.6042
vn 0.7553 -0.1696 0.6331
vn 0.7548 -0.0911 0.6497
vn 0.7748 -0.1422 0.6160
vn 0.7549 -0.1251 0.6438
vn 0.7551 -0.0458 0.6540
vn 0.7751 -0.0988 0.6241
vn 0.7552 -0.0799 0.6506
vn 0.7549 0.0000 0.6559
vn 0.7750 -0.0551 0.6295
vn 0.7551 -0.0343 0.6547
vn 0.7550 0.0458 0.6542
vn 0.7749 -0.0110 0.6320
vn 0.7550 0.0114 0.6556
vn 0.7551 0.0911 0.6493
vn 0.7752 0.0331 0.6309
vn 0.7553 0.0571 0.6529
vn 0.7548 0.1366 0.6416
vn 0.7748 0.0771 0.6275
vn 0.7549 0.1026 0.6478
vn 0.7551 0.1806 0.6302
vn 0.7751 0.1206 0.6202
vn 0.7552 0.1475 0.6387
vn 0.7549 0.2243 0.6163
vn 0.7750 0.1636 0.6104
vn 0.7551 0.1917 0.6270
vn 0.7550 0.2668 0.5990
vn 0.7749 0.2058 0.5977
vn 0.7550 0.2350 0.6121
vn 0.7551 0.3077 0.5790
vn 0.7752 0.2469 0.5815
vn 0.7553 0.2770 0.5940
vn 0.7548 0.3478 0.5562
vn 0.7748 0.2870 0.5633
vn 0.7549 0.3179 0.5736
vn 0.7551 0.3853 0.5304
vn 0.7751 0.3254 0.5416
vn 0.7552 0.3570 0.5497
vn 0.7549 0.4216 0.5024
vn 0.7750 0.3624 0.5177
vn 0.7551 0.3946 0.5236
vn 0.7550 0.4556 0.4717
vn 0.7749 0.3978 0.4912
vn 0.7550 0.4302 0.4949
vn 0.7551 0.4871 0.4388
vn 0.7752 0.4309 0.4620
vn 0.7553 0.4635 0.4635
vn 0.7547 0.5171 0.4037
vn 0.7748 0.4624 0.4311
vn 0.7549 0.4950 0.4303
vn 0.7551 0.5434 0.3667
vn 0.7751 0.4910 0.3976
vn 0.7552 0.5235 0.3945
vn 0.7549 0.5680 0.3279
vn 0.7750 0.5176 0.3625
vn 0.7551 0.5499 0.3571
vn 0.7550 0.5895 0.2874
vn 0.7749 0.5418 0.3256
vn 0.7550 0.5735 0.3179
vn 0.7551 0.6078 0.2458
vn 0.7752 0.5629 0.2868
vn 0.7553 0.5940 0.2770
vn 0.7547 0.6240 0.2026
vn 0.7748 0.5819 0.2470
vn 0.7549 0.6123 0.2350
vn 0.7551 0.6361 0.1587
vn 0.7751 0.5974 0.2057
vn 0.7552 0.6268 0.1916
vn 0.7549 0.6459 0.1140
vn 0.7750 0.6104 0.1636
vn 0.7551 0.6388 0.1475
vn 0.7549 0.6522 0.0685
vn 0.7747 0.6207 0.1206
vn 0.7549 0.6477 0.1026
vn 0.7750 0.6273 0.0770
vn 0.7553 0.6529 0.0571
vn 0.1284 -0.9916 0.0173
vn 0.1283 -0.9912 -0.0331
vn 0.1218 -0.9924 -0.0173
vn 0.1287 -0.9903 0.0519
vn 0.1249 -0.9916 0.0332
vn 0.1280 -0.9880 0.0864
vn 0.1289 -0.9843 0.1209
vn 0.1250 -0.9872 0.0993
vn 0.1276 -0.9796 0.1552
vn 0.1291 -0.9734 0.1892
vn 0.1251 -0.9783 0.1650
vn 0.1272 -0.9665 0.2231
vn 0.1292 -0.9578 0.2566
vn 0.1253 -0.9651 0.2300
vn 0.1266 -0.9486 0.2900
vn 0.1293 -0.9376 0.3228
vn 0.1255 -0.9476 0.2939
vn 0.1261 -0.9261 0.3555
vn 0.1293 -0.9128 0.3875
vn 0.1257 -0.9258 0.3566
vn 0.1255 -0.8991 0.4193
vn 0.1293 -0.8835 0.4502
vn 0.1261 -0.8999 0.4176
vn 0.1248 -0.8678 0.4810
vn 0.1292 -0.8500 0.5107
vn 0.1264 -0.8699 0.4767
vn 0.1241 -0.8322 0.5404
vn 0.1290 -0.8123 0.5688
vn 0.1269 -0.8361 0.5337
vn 0.1233 -0.7925 0.5972
vn 0.1288 -0.7707 0.6241
vn 0.1273 -0.7985 0.5884
vn 0.1224 -0.7490 0.6511
vn 0.1286 -0.7253 0.6763
vn 0.1279 -0.7574 0.6403
vn 0.1284 -0.7012 0.7012
vn 0.1249 -0.7132 0.6897
vn 0.1283 -0.6764 0.7253
vn 0.1287 -0.6506 0.7484
vn 0.1250 -0.6655 0.7358
vn 0.1279 -0.6241 0.7708
vn 0.1289 -0.5968 0.7920
vn 0.1250 -0.6149 0.7786
vn 0.1275 -0.5689 0.8125
vn 0.1291 -0.5401 0.8316
vn 0.1251 -0.5615 0.8180
vn 0.1270 -0.5109 0.8502
vn 0.1292 -0.4807 0.8673
vn 0.1253 -0.5056 0.8536
vn 0.1265 -0.4503 0.8838
vn 0.1293 -0.4191 0.8987
vn 0.1255 -0.4474 0.8855
vn 0.1259 -0.3876 0.9132
vn 0.1293 -0.3554 0.9257
vn 0.1258 -0.3873 0.9133
vn 0.1253 -0.3230 0.9381
vn 0.1293 -0.2899 0.9483
vn 0.1262 -0.3254 0.9371
vn 0.1246 -0.2568 0.9584
vn 0.1291 -0.2231 0.9662
vn 0.1265 -0.2621 0.9567
vn 0.1239 -0.1893 0.9741
vn 0.1290 -0.1551 0.9794
vn 0.1270 -0.1976 0.9720
vn 0.1231 -0.1209 0.9850
vn 0.1288 -0.0864 0.9879
vn 0.1275 -0.1322 0.9830
vn 0.1222 -0.0519 0.9911
vn 0.1285 -0.0173 0.9916
vn 0.1280 -0.0662 0.9896
vn 0.1285 0.0173 0.9916
vn 0.1249 0.0000 0.9922
vn 0.1282 0.0519 0.9904
vn 0.1288 0.0864 0.9879
vn 0.1250 0.0663 0.9899
vn 0.1278 0.1209 0.9844
vn 0.1290 0.1551 0.9794
vn 0.1250 0.1322 0.9833
vn 0.1274 0.1893 0.9736
vn 0.1291 0.2231 0.9662
vn 0.1252 0.1976 0.9723
vn 0.1269 0.2567 0.9581
vn 0.1293 0.2899 0.9483
vn 0.1254 0.2621 0.9569
vn 0.1264 0.3230 0.9379
vn 0.1293 0.3554 0.9257
vn 0.1256 0.3254 0.9372
vn 0.1258 0.3876 0.9132
vn 0.1293 0.4191 0.8987
vn 0.1259 0.3873 0.9133
vn 0.1251 0.4504 0.8840
vn 0.1292 0.4807 0.8673
vn 0.1262 0.4474 0.8854
vn 0.1244 0.5110 0.8505
vn 0.1291 0.5401 0.8316
vn 0.1266 0.5055 0.8535
vn 0.1237 0.5692 0.8129
vn 0.1289 0.5968 0.7920
vn 0.1271 0.5614 0.8178
vn 0.1229 0.6246 0.7713
vn 0.1287 0.6506 0.7484
vn 0.1276 0.6147 0.7784
vn 0.1220 0.6769 0.7259
vn 0.1284 0.7012 0.7012
vn 0.1282 0.6653 0.7355
vn 0.1286 0.7253 0.6763
vn 0.1249 0.7132 0.6897
vn 0.1281 0.7485 0.6507
vn 0.1288 0.7707 0.6241
vn 0.1250 0.7577 0.6406
vn 0.1277 0.7921 0.5969
vn 0.1290 0.8123 0.5688
vn 0.1251 0.7987 0.5885
vn 0.1273 0.8318 0.5402
vn 0.1292 0.8500 0.5107
vn 0.1252 0.8363 0.5338
vn 0.1268 0.8676 0.4809
vn 0.1293 0.8835 0.4502
vn 0.1254 0.8700 0.4768
vn 0.1262 0.8991 0.4192
vn 0.1293 0.9128 0.3875
vn 0.1257 0.8999 0.4176
vn 0.1256 0.9262 0.3555
vn 0.1293 0.9376 0.3228
vn 0.1260 0.9257 0.3565
vn 0.1250 0.9488 0.2901
vn 0.1292 0.9578 0.2566
vn 0.1263 0.9474 0.2939
vn 0.1242 0.9668 0.2232
vn 0.1291 0.9734 0.1892
vn 0.1268 0.9649 0.2300
vn 0.1235 0.9801 0.1552
vn 0.1289 0.9843 0.1209
vn 0.1272 0.9781 0.1650
vn 0.1227 0.9887 0.0865
vn 0.1287 0.9903 0.0519
vn 0.1277 0.9868 0.0993
vn 0.1218 0.9924 0.0173
vn 0.1283 0.9912 0.0331
vn 0.1284 0.9916 -0.0173
vn 0.1051 -0.9939 0.0332
vn 0.1051 -0.9939 -0.0332
vn 0.1051 -0.9895 0.0995
vn 0.1051 -0.9806 0.1654
vn 0.1051 -0.9674 0.2305
vn 0.1051 -0.9498 0.2946
vn 0.1051 -0.9280 0.3574
vn 0.1051 -0.9021 0.4186
vn 0.1051 -0.8721 0.4779
vn 0.1051 -0.8382 0.5351
vn 0.1051 -0.8006 0.5899
vn 0.1051 -0.7594 0.6420
vn 0.1051 -0.7148 0.6913
vn 0.1051 -0.7594 0.6421
vn 0.1051 -0.6671 0.7375
vn 0.1051 -0.6163 0.7804
vn 0.1051 -0.5628 0.8199
vn 0.1051 -0.6163 0.7805
vn 0.1051 -0.5068 0.8556
vn 0.1051 -0.4485 0.8876
vn 0.1051 -0.3882 0.9155
vn 0.1051 -0.3262 0.9394
vn 0.1051 -0.2627 0.9591
vn 0.1051 -0.1981 0.9745
vn 0.1051 -0.1325 0.9856
vn 0.1051 -0.0664 0.9922
vn 0.1051 0.0000 0.9945
vn 0.1051 0.0664 0.9922
vn 0.1051 0.1325 0.9856
vn 0.1051 0.1981 0.9745
vn 0.1051 0.2627 0.9591
vn 0.1051 0.3262 0.9394
vn 0.1051 0.3882 0.9155
vn 0.1051 0.4485 0.8876
vn 0.1051 0.5068 0.8556
vn 0.1051 0.5628 0.8199
vn 0.1051 0.6163 0.7805
vn 0.1051 0.6671 0.7375
vn 0.1051 0.7148 0.6913
vn 0.1051 0.7594 0.6420
vn 0.1051 0.8006 0.5899
vn 0.1051 0.7594 0.6421
vn 0.1051 0.8382 0.5351
vn 0.1051 0.8721 0.4779
vn 0.1051 0.9021 0.4186
vn 0.1051 0.9280 0.3574
vn 0.1051 0.9498 0.2946
vn 0.1051 0.9674 0.2305
vn 0.1051 0.9806 0.1654
vn 0.1051 0.9895 0.0995
vn 0.1051 0.9939 0.0332
vn 0.1051 0.9939 -0.0332
vn 0.1249 0.9916 -0.0332
vn 0.0818 0.9961 0.0333
vn 0.0818 0.9961 -0.0333
vn 0.0818 -0.9961 0.0333
vn 0.0818 -0.9961 -0.0333
vn 0.0818 -0.9916 0.0998
vn 0.0818 -0.9828 0.1658
vn 0.0818 -0.9695 0.2310
vn 0.0818 -0.9519 0.2953
vn 0.0818 -0.9301 0.3582
vn 0.0818 -0.9040 0.4195
vn 0.0818 -0.8740 0.4790
vn 0.0818 -0.8401 0.5363
vn 0.0818 -0.8024 0.5912
vn 0.0818 -0.7611 0.6435
vn 0.0818 -0.7164 0.6929
vn 0.0818 -0.6685 0.7392
vn 0.0818 -0.6177 0.7822
vn 0.0818 -0.5640 0.8217
vn 0.0818 -0.5079 0.8575
vn 0.0818 -0.5641 0.8217
vn 0.0818 -0.4495 0.8895
vn 0.0818 -0.3891 0.9176
vn 0.0818 -0.3269 0.9415
vn 0.0818 -0.2633 0.9612
vn 0.0818 -0.1985 0.9767
vn 0.0818 -0.1328 0.9878
vn 0.0818 -0.0666 0.9944
vn 0.0818 0.0000 0.9966
vn 0.0818 0.0666 0.9944
vn 0.0818 0.1328 0.9878
vn 0.0818 0.1985 0.9767
vn 0.0818 0.2633 0.9612
vn 0.0818 0.3269 0.9415
vn 0.0818 0.3891 0.9176
vn 0.0818 0.4495 0.8895
vn 0.0818 0.5079 0.8575
vn 0.0818 0.5640 0.8217
vn 0.0818 0.6177 0.7822
vn 0.0818 0.6685 0.7392
vn 0.0818 0.7164 0.6929
vn 0.0818 0.7611 0.6435
vn 0.0818 0.8024 0.5912
vn 0.0818 0.8401 0.5363
vn 0.0818 0.8740 0.4790
vn 0.0818 0.9040 0.4195
vn 0.0818 0.9301 0.3582
vn 0.0818 0.9519 0.2953
vn 0.0818 0.9695 0.2310
vn 0.0818 0.9828 0.1658
vn 0.0818 0.9916 0.0998
vn 0.0585 0.9977 0.0334
vn 0.0585 0.9977 -0.0334
vn 0.0585 -0.9977 0.0334
vn 0.0585 -0.9977 -0.0334
vn 0.0585 -0.9933 0.0999
vn 0.0585 -0.9844 0.1660
vn 0.0585 -0.9711 0.2314
vn 0.0585 -0.9535 0.2958
vn 0.0585 -0.9316 0.3588
vn 0.0585 -0.9055 0.4202
vn 0.0585 -0.8754 0.4798
vn 0.0585 -0.8414 0.5372
vn 0.0585 -0.8755 0.4798
vn 0.0585 -0.8037 0.5922
vn 0.0585 -0.8415 0.5372
vn 0.0585 -0.7623 0.6445
vn 0.0585 -0.7176 0.6940
vn 0.0585 -0.6696 0.7404
vn 0.0585 -0.6187 0.7835
vn 0.0585 -0.5650 0.8230
vn 0.0585 -0.5087 0.8589
vn 0.0585 -0.4502 0.8910
vn 0.0585 -0.3897 0.9191
vn 0.0585 -0.3275 0.9431
vn 0.0585 -0.2637 0.9628
vn 0.0585 -0.1988 0.9783
vn 0.0585 -0.1331 0.9894
vn 0.0585 -0.0667 0.9961
vn 0.0585 0.0000 0.9983
vn 0.0585 0.0667 0.9961
vn 0.0585 0.1331 0.9894
vn 0.0585 0.1988 0.9783
vn 0.0585 0.2637 0.9628
vn 0.0585 0.3275 0.9431
vn 0.0585 0.3897 0.9191
vn 0.0585 0.4502 0.8910
vn 0.0585 0.5087 0.8589
vn 0.0585 0.5650 0.8230
vn 0.0585 0.6187 0.7835
vn 0.0585 0.6696 0.7404
vn 0.0585 0.7176 0.6940
vn 0.0585 0.7623 0.6445
vn 0.0585 0.8037 0.5922
vn 0.0585 0.8414 0.5372
vn 0.0585 0.8754 0.4798
vn 0.0585 0.8415 0.5372
vn 0.0585 0.9055 0.4202
vn 0.0585 0.8755 0.4798
vn 0.0585 0.9316 0.3588
vn 0.0585 0.9535 0.2958
vn 0.0585 0.9711 0.2314
vn 0.0585 0.9844 0.1660
vn 0.0585 0.9933 0.0999
vn 0.0351 0.9988 0.0334
vn 0.0351 0.9988 -0.0334
vn 0.0351 -0.9988 0.0334
vn 0.0351 -0.9988 -0.0334
vn 0.0351 -0.9944 0.1000
vn 0.0351 -0.9855 0.1662
vn 0.0351 -0.9722 0.2317
vn 0.0351 -0.9545 0.2961
vn 0.0351 -0.9326 0.3592
vn 0.0351 -0.9065 0.4207
vn 0.0351 -0.8764 0.4803
vn 0.0351 -0.8424 0.5378
vn 0.0351 -0.8046 0.5928
vn 0.0351 -0.7632 0.6452
vn 0.0351 -0.7184 0.6948
vn 0.0351 -0.6704 0.7412
vn 0.0351 -0.6194 0.7843
vn 0.0351 -0.5656 0.8239
vn 0.0351 -0.5093 0.8599
vn 0.0351 -0.4507 0.8920
vn 0.0351 -0.3901 0.9201
vn 0.0351 -0.3278 0.9441
vn 0.0351 -0.3902 0.9201
vn 0.0351 -0.2640 0.9639
vn 0.0351 -0.1991 0.9794
vn 0.0351 -0.1332 0.9905
vn 0.0351 -0.0668 0.9972
vn 0.0351 0.0000 0.9994
vn 0.0351 0.0668 0.9972
vn 0.0351 0.1332 0.9905
vn 0.0351 0.1991 0.9794
vn 0.0351 0.2640 0.9639
vn 0.0351 0.3278 0.9441
vn 0.0351 0.3901 0.9201
vn 0.0351 0.4507 0.8920
vn 0.0351 0.3902 0.9201
vn 0.0351 0.5093 0.8599
vn 0.0351 0.5656 0.8239
vn 0.0351 0.6194 0.7843
vn 0.0351 0.6704 0.7412
vn 0.0351 0.7184 0.6948
vn 0.0351 0.7632 0.6452
vn 0.0351 0.8046 0.5928
vn 0.0351 0.8424 0.5378
vn 0.0351 0.8764 0.4803
vn 0.0351 0.9065 0.4207
vn 0.0351 0.9326 0.3592
vn 0.0351 0.9545 0.2961
vn 0.0351 0.9722 0.2317
vn 0.0351 0.9855 0.1662
vn 0.0351 0.9944 0.1000
vn 0.0117 0.9994 0.0334
vn 0.0117 0.9994 -0.0334
vn 0.0117 -0.9994 0.0334
vn 0.0117 -0.9994 -0.0334
vn 0.0117 -0.9949 0.1001
vn 0.0117 -0.9860 0.1663
vn 0.0117 -0.9727 0.2318
vn 0.0117 -0.9550 0.2963
vn 0.0117 -0.9331 0.3594
vn 0.0117 -0.9070 0.4209
vn 0.0117 -0.8769 0.4806
vn 0.0117 -0.8428 0.5380
vn 0.0117 -0.8769 0.4805
vn 0.0117 -0.8050 0.5931
vn 0.0117 -0.7636 0.6456
vn 0.0117 -0.7188 0.6951
vn 0.0117 -0.6707 0.7416
vn 0.0117 -0.6197 0.7847
vn 0.0117 -0.5659 0.8244
vn 0.0117 -0.5096 0.8603
vn 0.0117 -0.4510 0.8925
vn 0.0117 -0.3904 0.9206
vn 0.0117 -0.3280 0.9446
vn 0.0117 -0.2642 0.9644
vn 0.0117 -0.1992 0.9799
vn 0.0117 -0.1333 0.9910
vn 0.0117 -0.0668 0.9977
vn 0.0117 0.0000 0.9999
vn 0.0117 0.0668 0.9977
vn 0.0117 0.1333 0.9910
vn 0.0117 0.1992 0.9799
vn 0.0117 0.2642 0.9644
vn 0.0117 0.3280 0.9446
vn 0.0117 0.3904 0.9206
vn 0.0117 0.4510 0.8925
vn 0.0117 0.5096 0.8603
vn 0.0117 0.5659 0.8244
vn 0.0117 0.6197 0.7847
vn 0.0117 0.6707 0.7416
vn 0.0117 0.7188 0.6951
vn 0.0117 0.7636 0.6456
vn 0.0117 0.8050 0.5931
vn 0.0117 0.8428 0.5380
vn 0.0117 0.8769 0.4805
vn 0.0117 0.9070 0.4209
vn 0.0117 0.9331 0.3594
vn 0.0117 0.9550 0.2963
vn 0.0117 0.9727 0.2318
vn 0.0117 0.9860 0.1663
vn 0.0117 0.9949 0.1001
vn 0.0000 0.9994 0.0334
vn 0.0000 0.9994 -0.0334
vn 0.0000 -0.9994 0.0334
vn 0.0000 -0.9994 -0.0334
vn 0.0000 -0.9950 0.1001
vn 0.0000 -0.9861 0.1663
vn 0.0000 -0.9728 0.2318
vn 0.0000 -0.9551 0.2963
vn 0.0000 -0.9332 0.3594
vn 0.0000 -0.9071 0.4209
vn 0.0000 -0.8769 0.4806
vn 0.0000 -0.8429 0.5381
vn 0.0000 -0.8770 0.4806
vn 0.0000 -0.8051 0.5932
vn 0.0000 -0.7637 0.6456
vn 0.0000 -0.7188 0.6952
vn 0.0000 -0.6708 0.7417
vn 0.0000 -0.6198 0.7848
vn 0.0000 -0.5659 0.8244
vn 0.0000 -0.5096 0.8604
vn 0.0000 -0.4510 0.8925
vn 0.0000 -0.3904 0.9206
vn 0.0000 -0.3280 0.9447
vn 0.0000 -0.2642 0.9645
vn 0.0000 -0.1992 0.9800
vn 0.0000 -0.1333 0.9911
vn 0.0000 -0.0668 0.9978
vn 0.0000 0.0668 0.9978
vn 0.0000 0.1333 0.9911
vn 0.0000 0.1992 0.9800
vn 0.0000 0.2642 0.9645
vn 0.0000 0.3280 0.9447
vn 0.0000 0.3904 0.9206
vn 0.0000 0.4510 0.8925
vn 0.0000 0.5096 0.8604
vn 0.0000 0.5659 0.8244
vn 0.0000 0.6198 0.7848
vn 0.0000 0.6708 0.7417
vn 0.0000 0.7188 0.6952
vn 0.0000 0.7637 0.6456
vn 0.0000 0.8051 0.5932
vn 0.0000 0.8429 0.5381
vn 0.0000 0.8770 0.4806
vn 0.0000 0.9071 0.4209
vn 0.0000 0.8769 0.4806
vn 0.0000 0.9332 0.3594
vn 0.0000 0.9551 0.2963
vn 0.0000 0.9728 0.2318
vn 0.0000 0.9861 0.1663
vn 0.0000 0.9950 0.1001
vn -0.7069 -0.7069 0.0236
vn -0.7069 -0.7069 -0.0245
vn -0.7087 -0.7052 -0.0236
vn -0.7063 -0.7044 0.0709
vn -0.7086 -0.7052 0.0245
vn -0.7050 -0.6993 0.1180
vn -0.7090 -0.7015 0.0721
vn -0.7044 -0.6905 0.1646
vn -0.7098 -0.6942 0.1197
vn -0.7037 -0.6786 0.2105
vn -0.7110 -0.6832 0.1666
vn -0.7025 -0.6641 0.2558
vn -0.7114 -0.6699 0.2124
vn -0.7022 -0.6458 0.2997
vn -0.7124 -0.6528 0.2576
vn -0.7013 -0.6251 0.3426
vn -0.7131 -0.6331 0.3010
vn -0.7005 -0.6015 0.3840
vn -0.7135 -0.6107 0.3433
vn -0.7002 -0.5748 0.4235
vn -0.7145 -0.5850 0.3839
vn -0.6992 -0.5459 0.4616
vn -0.7148 -0.5573 0.4224
vn -0.6990 -0.5140 0.4971
vn -0.7154 -0.5265 0.4593
vn -0.6984 -0.4801 0.5308
vn -0.7161 -0.4936 0.4936
vn -0.6978 -0.4439 0.5622
vn -0.7162 -0.4587 0.5259
vn -0.6977 -0.4054 0.5906
vn -0.7169 -0.4211 0.5556
vn -0.6970 -0.3654 0.6170
vn -0.7172 -0.3823 0.5826
vn -0.6969 -0.3235 0.6401
vn -0.7174 -0.3414 0.6073
vn -0.6967 -0.2801 0.6605
vn -0.7179 -0.2989 0.6287
vn -0.6961 -0.2355 0.6782
vn -0.7179 -0.2555 0.6475
vn -0.6963 -0.1896 0.6923
vn -0.7183 -0.2103 0.6632
vn -0.6958 -0.1431 0.7038
vn -0.7185 -0.1648 0.6758
vn -0.6958 -0.0957 0.7118
vn -0.7184 -0.1182 0.6855
vn -0.6959 -0.0480 0.7165
vn -0.7187 -0.0710 0.6917
vn -0.6955 0.0000 0.7185
vn -0.7186 -0.0239 0.6950
vn -0.6959 0.0480 0.7165
vn -0.7186 0.0239 0.6950
vn -0.6958 0.0957 0.7118
vn -0.7187 0.0710 0.6917
vn -0.6958 0.1431 0.7038
vn -0.7184 0.1182 0.6855
vn -0.6963 0.1896 0.6923
vn -0.7185 0.1648 0.6758
vn -0.6961 0.2355 0.6782
vn -0.7183 0.2103 0.6632
vn -0.6967 0.2801 0.6605
vn -0.7179 0.2555 0.6475
vn -0.6969 0.3235 0.6401
vn -0.7179 0.2989 0.6287
vn -0.6970 0.3654 0.6170
vn -0.7174 0.3414 0.6073
vn -0.6977 0.4054 0.5906
vn -0.7172 0.3823 0.5826
vn -0.6978 0.4439 0.5622
vn -0.7169 0.4211 0.5556
vn -0.6984 0.4801 0.5308
vn -0.7162 0.4587 0.5259
vn -0.6990 0.5140 0.4971
vn -0.7161 0.4936 0.4936
vn -0.6992 0.5459 0.4616
vn -0.7154 0.5265 0.4593
vn -0.7002 0.5748 0.4235
vn -0.7148 0.5573 0.4224
vn -0.7005 0.6015 0.3840
vn -0.7145 0.5850 0.3839
vn -0.7013 0.6251 0.3426
vn -0.7135 0.6107 0.3433
vn -0.7022 0.6458 0.2997
vn -0.7131 0.6331 0.3010
vn -0.7025 0.6641 0.2558
vn -0.7124 0.6528 0.2576
vn -0.7037 0.6786 0.2105
vn -0.7114 0.6699 0.2124
vn -0.7044 0.6905 0.1646
vn -0.7110 0.6832 0.1666
vn -0.7050 0.6993 0.1180
vn -0.7098 0.6942 0.1197
vn -0.7063 0.7044 0.0709
vn -0.7090 0.7015 0.0721
vn -0.7087 0.7052 0.0236
vn -0.7069 0.7069 0.0245
vn -0.7069 0.7069 -0.0236
vn -0.7086 0.7052 -0.0245
vn -0.7090 -0.7015 -0.0721
vn -0.7063 -0.7044 -0.0709
vn -0.7098 -0.6942 -0.1197
vn -0.7050 -0.6993 -0.1180
vn -0.7110 -0.6832 -0.1666
vn -0.7044 -0.6905 -0.1646
vn -0.7114 -0.6699 -0.2124
vn -0.7037 -0.6786 -0.2105
vn -0.7124 -0.6528 -0.2576
vn -0.7025 -0.6641 -0.2558
vn -0.7131 -0.6331 -0.3010
vn -0.7022 -0.6458 -0.2997
vn -0.7135 -0.6107 -0.3433
vn -0.7013 -0.6251 -0.3426
vn -0.7145 -0.5850 -0.3839
vn -0.7005 -0.6015 -0.3840
vn -0.7148 -0.5573 -0.4224
vn -0.7002 -0.5748 -0.4235
vn -0.7154 -0.5265 -0.4593
vn -0.6992 -0.5459 -0.4616
vn -0.7161 -0.4936 -0.4936
vn -0.6990 -0.5140 -0.4971
vn -0.7162 -0.4587 -0.5259
vn -0.6984 -0.4801 -0.5308
vn -0.7169 -0.4211 -0.5556
vn -0.6978 -0.4439 -0.5622
vn -0.7172 -0.3823 -0.5826
vn -0.6977 -0.4054 -0.5906
vn -0.7174 -0.3414 -0.6073
vn -0.6970 -0.3654 -0.6170
vn -0.7179 -0.2989 -0.6287
vn -0.6969 -0.3235 -0.6401
vn -0.7179 -0.2555 -0.6475
vn -0.6967 -0.2801 -0.6605
vn -0.7182 -0.2103 -0.6632
vn -0.6961 -0.2355 -0.6782
vn -0.7185 -0.1648 -0.6758
vn -0.6963 -0.1896 -0.6923
vn -0.7184 -0.1182 -0.6855
vn -0.6958 -0.1431 -0.7038
vn -0.7187 -0.0710 -0.6917
vn -0.6958 -0.0957 -0.7118
vn -0.7186 -0.0239 -0.6950
vn -0.6959 -0.0480 -0.7165
vn -0.7186 0.0239 -0.6950
vn -0.6955 0.0000 -0.7185
vn -0.7187 0.0710 -0.6917
vn -0.6959 0.0480 -0.7165
vn -0.7184 0.1182 -0.6855
vn -0.6958 0.0957 -0.7118
vn -0.7185 0.1648 -0.6758
vn -0.6958 0.1431 -0.7038
vn -0.7182 0.2103 -0.6632
vn -0.6963 0.1896 -0.6923
vn -0.7179 0.2555 -0.6475
vn -0.6961 0.2355 -0.6782
vn -0.7179 0.2989 -0.6287
vn -0.6967 0.2801 -0.6605
vn -0.7174 0.3414 -0.6073
vn -0.6969 0.3235 -0.6401
vn -0.7172 0.3823 -0.5826
vn -0.6970 0.3654 -0.6170
vn -0.7169 0.4211 -0.5556
vn -0.6977 0.4054 -0.5906
vn -0.7162 0.4587 -0.5259
vn -0.6978 0.4439 -0.5622
vn -0.7161 0.4936 -0.4936
vn -0.6984 0.4801 -0.5308
vn -0.7154 0.5265 -0.4593
vn -0.6990 0.5140 -0.4971
vn -0.7148 0.5573 -0.4224
vn -0.6992 0.5459 -0.4616
vn -0.7145 0.5850 -0.3839
vn -0.7002 0.5748 -0.4235
vn -0.7135 0.6107 -0.3433
vn -0.7005 0.6015 -0.3840
vn -0.7131 0.6331 -0.3010
vn -0.7013 0.6251 -0.3426
vn -0.7124 0.6528 -0.2576
vn -0.7022 0.6458 -0.2997
vn -0.7114 0.6699 -0.2124
vn -0.7025 0.6641 -0.2558
vn -0.7110 0.6832 -0.1666
vn -0.7037 0.6786 -0.2105
vn -0.7098 0.6942 -0.1197
vn -0.7044 0.6905 -0.1646
vn -0.7090 0.7015 -0.0721
vn -0.7050 0.6993 -0.1180
vn -0.7063 0.7044 -0.0709
vn 0.0000 0.9994 -0.0347
vn 0.0000 0.9994 0.0347
vn 0.0000 0.9994 0.0341
vn 0.0000 0.9948 -0.1022
vn 0.0000 0.9994 -0.0341
vn -0.0000 0.9854 -0.1700
vn 0.0000 0.9948 -0.1023
vn 0.0000 0.9715 -0.2369
vn 0.0000 0.9855 -0.1699
vn 0.0000 0.9532 -0.3023
vn 0.0000 0.9716 -0.2368
vn -0.0000 0.9302 -0.3671
vn 0.0000 0.9531 -0.3025
vn 0.0000 0.9031 -0.4294
vn 0.0000 0.9303 -0.3669
vn 0.0000 0.8717 -0.4900
vn 0.0000 0.9031 -0.4295
vn 0.0000 0.8361 -0.5486
vn 0.0000 0.8717 -0.4901
vn 0.0000 0.7970 -0.6040
vn 0.0000 0.8362 -0.5485
vn 0.0000 0.7536 -0.6573
vn 0.0000 0.7968 -0.6042
vn 0.0000 0.7071 -0.7071
vn 0.0000 0.7537 -0.6572
vn 0.0000 0.6573 -0.7536
vn 0.0000 0.6040 -0.7970
vn 0.0000 0.6572 -0.7537
vn 0.0000 0.5486 -0.8361
vn 0.0000 0.6042 -0.7968
vn 0.0000 0.4900 -0.8717
vn 0.0000 0.5485 -0.8362
vn 0.0000 0.4294 -0.9031
vn 0.0000 0.4901 -0.8717
vn 0.0000 0.3671 -0.9302
vn 0.0000 0.4295 -0.9031
vn 0.0000 0.3023 -0.9532
vn -0.0000 0.3669 -0.9303
vn 0.0000 0.2369 -0.9715
vn 0.0000 0.3025 -0.9531
vn 0.0000 0.1699 -0.9855
vn 0.0000 0.2368 -0.9716
vn 0.0000 0.1021 -0.9948
vn 0.0000 0.0344 -0.9994
vn 0.0000 0.1023 -0.9948
vn 0.0000 -0.0344 -0.9994
vn 0.0000 0.0341 -0.9994
vn 0.0000 -0.1021 -0.9948
vn 0.0000 -0.0341 -0.9994
vn 0.0000 -0.1699 -0.9855
vn 0.0000 -0.1023 -0.9948
vn 0.0000 -0.2369 -0.9715
vn 0.0000 -0.3023 -0.9532
vn 0.0000 -0.2368 -0.9716
vn -0.0000 -0.3671 -0.9302
vn 0.0000 -0.3025 -0.9531
vn 0.0000 -0.4294 -0.9031
vn 0.0000 -0.3669 -0.9303
vn 0.0000 -0.4900 -0.8717
vn 0.0000 -0.4295 -0.9031
vn 0.0000 -0.5486 -0.8361
vn 0.0000 -0.4901 -0.8717
vn 0.0000 -0.6040 -0.7970
vn 0.0000 -0.5485 -0.8362
vn 0.0000 -0.6573 -0.7536
vn 0.0000 -0.6042 -0.7968
vn 0.0000 -0.7071 -0.7071
vn 0.0000 -0.6572 -0.7537
vn 0.0000 -0.7536 -0.6573
vn 0.0000 -0.7970 -0.6040
vn 0.0000 -0.7537 -0.6572
vn 0.0000 -0.8361 -0.5486
vn 0.0000 -0.7968 -0.6042
vn 0.0000 -0.8717 -0.4900
vn 0.0000 -0.8362 -0.5485
vn 0.0000 -0.9031 -0.4294
vn 0.0000 -0.8717 -0.4901
vn 0.0000 -0.9302 -0.3671
vn 0.0000 -0.9031 -0.4295
vn 0.0000 -0.9532 -0.3023
vn -0.0000 -0.9303 -0.3669
vn 0.0000 -0.9715 -0.2369
vn 0.0000 -0.9531 -0.3025
vn 0.0000 -0.9854 -0.1700
vn 0.0000 -0.9716 -0.2368
vn 0.0000 -0.9948 -0.1022
vn -0.0000 -0.9855 -0.1699
vn 0.0000 -0.9994 -0.0347
vn 0.0000 -0.9948 -0.1023
vn 0.0000 -0.9994 0.0347
vn 0.0000 -0.9994 -0.0341
vn 0.0000 -0.9948 0.1022
vn 0.0000 -0.9994 0.0341
vn -0.0000 -0.9854 0.1700
vn 0.0000 -0.9948 0.1023
vn 0.0000 -0.9715 0.2369
vn 0.0000 -0.9855 0.1699
vn 0.0000 -0.9532 0.3023
vn 0.0000 -0.9716 0.2368
vn -0.0000 -0.9302 0.3671
vn 0.0000 -0.9531 0.3025
vn 0.0000 -0.9031 0.4294
vn 0.0000 -0.9303 0.3669
vn 0.0000 -0.8717 0.4900
vn 0.0000 -0.9031 0.4295
vn 0.0000 -0.8361 0.5486
vn 0.0000 -0.8717 0.4901
vn 0.0000 -0.7970 0.6040
vn 0.0000 -0.8362 0.5485
vn 0.0000 -0.7536 0.6573
vn 0.0000 -0.7968 0.6042
vn 0.0000 -0.7537 0.6572
vn 0.0000 -0.6573 0.7536
vn 0.0000 -0.6040 0.7970
vn 0.0000 -0.6572 0.7537
vn 0.0000 -0.5486 0.8361
vn 0.0000 -0.6042 0.7968
vn 0.0000 -0.4900 0.8717
vn 0.0000 -0.5485 0.8362
vn 0.0000 -0.4294 0.9031
vn 0.0000 -0.4901 0.8717
vn 0.0000 -0.3671 0.9302
vn 0.0000 -0.4295 0.9031
vn 0.0000 -0.3023 0.9532
vn -0.0000 -0.3669 0.9303
vn 0.0000 -0.2369 0.9715
vn 0.0000 -0.3025 0.9531
vn 0.0000 -0.1699 0.9855
vn 0.0000 -0.2368 0.9716
vn 0.0000 -0.1021 0.9948
vn 0.0000 -0.0344 0.9994
vn 0.0000 -0.1023 0.9948
vn 0.0000 0.0344 0.9994
vn 0.0000 -0.0341 0.9994
vn 0.0000 0.1021 0.9948
vn 0.0000 0.0341 0.9994
vn 0.0000 0.1699 0.9855
vn 0.0000 0.1023 0.9948
vn 0.0000 0.2369 0.9715
vn 0.0000 0.3023 0.9532
vn 0.0000 0.2368 0.9716
vn -0.0000 0.3671 0.9302
vn 0.0000 0.3025 0.9531
vn 0.0000 0.4294 0.9031
vn 0.0000 0.3669 0.9303
vn 0.0000 0.4900 0.8717
vn 0.0000 0.4295 0.9031
vn 0.0000 0.5486 0.8361
vn 0.0000 0.4901 0.8717
vn 0.0000 0.6040 0.7970
vn 0.0000 0.5485 0.8362
vn 0.0000 0.6573 0.7536
vn 0.0000 0.6042 0.7968
vn 0.0000 0.7071 0.7071
vn 0.0000 0.6572 0.7537
vn 0.0000 0.7536 0.6573
vn 0.0000 0.7970 0.6040
vn 0.0000 0.7537 0.6572
vn 0.0000 0.8361 0.5486
vn 0.0000 0.7968 0.6042
vn 0.0000 0.8717 0.4900
vn 0.0000 0.8362 0.5485
vn 0.0000 0.9031 0.4294
vn 0.0000 0.8717 0.4901
vn 0.0000 0.9302 0.3671
vn 0.0000 0.9031 0.4295
vn 0.0000 0.9532 0.3023
vn -0.0000 0.9303 0.3669
vn 0.0000 0.9715 0.2369
vn 0.0000 0.9531 0.3025
vn 0.0000 0.9854 0.1700
vn 0.0000 0.9716 0.2368
vn 0.0000 0.9948 0.1022
vn -0.0000 0.9855 0.1699
vn 0.0000 0.9948 0.1023
vn -0.7071 -0.7067 0.0241
vn -0.7072 -0.7069 -0.0130
vn -0.6937 -0.7198 -0.0246
vn -0.7062 -0.7043 0.0724
vn -0.6802 -0.7329 0.0134
vn -0.7086 -0.7046 0.0371
vn -0.7047 -0.6992 0.1205
vn -0.6812 -0.7293 0.0638
vn -0.7085 -0.7004 0.0859
vn -0.7040 -0.6900 0.1682
vn -0.6825 -0.7219 0.1143
vn -0.7090 -0.6922 0.1347
vn -0.7031 -0.6778 0.2151
vn -0.6851 -0.7098 0.1640
vn -0.7098 -0.6804 0.1823
vn -0.7016 -0.6628 0.2614
vn -0.6863 -0.6956 0.2125
vn -0.7097 -0.6662 0.2292
vn -0.7012 -0.6439 0.3062
vn -0.6883 -0.6772 0.2601
vn -0.7104 -0.6478 0.2752
vn -0.7000 -0.6225 0.3500
vn -0.6901 -0.6559 0.3059
vn -0.7106 -0.6270 0.3193
vn -0.6992 -0.5978 0.3921
vn -0.6910 -0.6323 0.3503
vn -0.7106 -0.6030 0.3625
vn -0.6987 -0.5701 0.4323
vn -0.6932 -0.6043 0.3926
vn -0.7111 -0.5759 0.4033
vn -0.6975 -0.5401 0.4710
vn -0.6942 -0.5749 0.4330
vn -0.7108 -0.5467 0.4426
vn -0.6973 -0.5068 0.5068
vn -0.6957 -0.5420 0.4713
vn -0.7112 -0.5140 0.4796
vn -0.6964 -0.4717 0.5409
vn -0.7111 -0.4796 0.5141
vn -0.6959 -0.4339 0.5722
vn -0.6980 -0.4699 0.5404
vn -0.7108 -0.4425 0.5467
vn -0.6956 -0.3940 0.6008
vn -0.6998 -0.4298 0.5706
vn -0.7111 -0.4033 0.5759
vn -0.6946 -0.3526 0.6270
vn -0.7005 -0.3888 0.5984
vn -0.7106 -0.3625 0.6030
vn -0.6948 -0.3089 0.6495
vn -0.7017 -0.3453 0.6233
vn -0.7106 -0.3193 0.6270
vn -0.6941 -0.2641 0.6697
vn -0.7029 -0.3006 0.6446
vn -0.7104 -0.2751 0.6478
vn -0.6939 -0.2178 0.6864
vn -0.7033 -0.2549 0.6636
vn -0.7097 -0.2292 0.6662
vn -0.6939 -0.1705 0.6996
vn -0.7047 -0.2072 0.6785
vn -0.7098 -0.1824 0.6804
vn -0.6932 -0.1225 0.7102
vn -0.7053 -0.1596 0.6907
vn -0.7090 -0.1347 0.6922
vn -0.6936 -0.0737 0.7166
vn -0.7060 -0.1106 0.6995
vn -0.7086 -0.0858 0.7004
vn -0.6933 -0.0246 0.7202
vn -0.7070 -0.0616 0.7045
vn -0.7083 -0.0371 0.7050
vn -0.7071 0.0241 0.7067
vn -0.7072 -0.0125 0.7069
vn -0.7064 0.0724 0.7041
vn -0.6790 0.0130 0.7340
vn -0.7083 0.0371 0.7050
vn -0.7049 0.1205 0.6990
vn -0.6812 0.0638 0.7294
vn -0.7086 0.0858 0.7004
vn -0.7039 0.1682 0.6901
vn -0.6824 0.1142 0.7220
vn -0.7090 0.1347 0.6922
vn -0.7031 0.2151 0.6778
vn -0.6851 0.1640 0.7097
vn -0.7098 0.1823 0.6804
vn -0.7016 0.2614 0.6629
vn -0.6863 0.2125 0.6956
vn -0.7097 0.2292 0.6662
vn -0.7012 0.3062 0.6439
vn -0.6882 0.2602 0.6772
vn -0.7104 0.2752 0.6478
vn -0.7000 0.3500 0.6225
vn -0.6901 0.3058 0.6559
vn -0.7106 0.3193 0.6270
vn -0.6992 0.3921 0.5978
vn -0.6910 0.3503 0.6323
vn -0.7106 0.3625 0.6030
vn -0.6987 0.4323 0.5701
vn -0.6933 0.3927 0.6043
vn -0.7111 0.4033 0.5759
vn -0.6975 0.4710 0.5401
vn -0.6942 0.4330 0.5749
vn -0.7108 0.4425 0.5467
vn -0.6973 0.5068 0.5068
vn -0.6958 0.4713 0.5420
vn -0.7111 0.4796 0.5141
vn -0.6964 0.5409 0.4717
vn -0.6973 0.5069 0.5068
vn -0.7111 0.5140 0.4796
vn -0.6959 0.5722 0.4340
vn -0.6979 0.5404 0.4699
vn -0.7108 0.5467 0.4426
vn -0.6956 0.6008 0.3940
vn -0.6998 0.5706 0.4298
vn -0.7111 0.5759 0.4033
vn -0.6946 0.6270 0.3525
vn -0.7005 0.5984 0.3888
vn -0.7106 0.6030 0.3625
vn -0.6947 0.6496 0.3089
vn -0.7016 0.6233 0.3453
vn -0.7106 0.6270 0.3193
vn -0.6941 0.6697 0.2641
vn -0.7029 0.6446 0.3006
vn -0.7104 0.6478 0.2752
vn -0.6939 0.6864 0.2178
vn -0.7033 0.6636 0.2549
vn -0.7097 0.6662 0.2292
vn -0.6939 0.6996 0.1705
vn -0.7047 0.6785 0.2073
vn -0.7098 0.6804 0.1823
vn -0.6932 0.7103 0.1225
vn -0.7053 0.6907 0.1597
vn -0.7090 0.6922 0.1347
vn -0.6935 0.7167 0.0737
vn -0.7059 0.6996 0.1108
vn -0.7085 0.7004 0.0859
vn -0.6938 0.7198 0.0246
vn -0.7071 0.7045 0.0616
vn -0.7086 0.7046 0.0371
vn -0.7072 0.7069 0.0130
vn -0.7071 0.7067 -0.0241
vn -0.6802 0.7329 -0.0134
vn -0.7086 -0.7046 -0.0371
vn -0.7071 -0.7045 -0.0616
vn -0.7085 -0.7004 -0.0859
vn -0.6935 -0.7167 -0.0737
vn -0.7059 -0.6996 -0.1108
vn -0.7090 -0.6922 -0.1347
vn -0.6932 -0.7102 -0.1225
vn -0.7053 -0.6907 -0.1597
vn -0.7098 -0.6804 -0.1823
vn -0.6939 -0.6996 -0.1705
vn -0.7047 -0.6785 -0.2073
vn -0.7097 -0.6662 -0.2292
vn -0.6939 -0.6864 -0.2178
vn -0.7033 -0.6636 -0.2549
vn -0.7104 -0.6478 -0.2752
vn -0.6941 -0.6697 -0.2641
vn -0.7029 -0.6446 -0.3006
vn -0.7106 -0.6270 -0.3193
vn -0.6947 -0.6496 -0.3089
vn -0.7016 -0.6233 -0.3453
vn -0.7106 -0.6030 -0.3625
vn -0.6947 -0.6270 -0.3526
vn -0.7005 -0.5984 -0.3888
vn -0.7111 -0.5759 -0.4033
vn -0.6956 -0.6008 -0.3940
vn -0.6998 -0.5706 -0.4298
vn -0.7108 -0.5467 -0.4426
vn -0.6959 -0.5722 -0.4340
vn -0.6979 -0.5404 -0.4699
vn -0.7112 -0.5140 -0.4796
vn -0.6964 -0.5409 -0.4717
vn -0.6973 -0.5069 -0.5068
vn -0.7111 -0.4796 -0.5141
vn -0.6973 -0.5068 -0.5068
vn -0.6958 -0.4713 -0.5420
vn -0.7108 -0.4425 -0.5467
vn -0.6975 -0.4709 -0.5401
vn -0.6942 -0.4330 -0.5749
vn -0.7111 -0.4033 -0.5759
vn -0.6987 -0.4323 -0.5701
vn -0.6933 -0.3927 -0.6043
vn -0.7106 -0.3625 -0.6030
vn -0.6992 -0.3921 -0.5978
vn -0.6910 -0.3503 -0.6323
vn -0.7106 -0.3193 -0.6270
vn -0.7000 -0.3500 -0.6225
vn -0.6901 -0.3058 -0.6559
vn -0.7104 -0.2751 -0.6478
vn -0.7012 -0.3062 -0.6439
vn -0.6882 -0.2602 -0.6772
vn -0.7097 -0.2292 -0.6662
vn -0.7016 -0.2614 -0.6629
vn -0.6863 -0.2125 -0.6956
vn -0.7098 -0.1823 -0.6804
vn -0.7031 -0.2151 -0.6778
vn -0.6851 -0.1640 -0.7097
vn -0.7090 -0.1347 -0.6922
vn -0.7039 -0.1682 -0.6901
vn -0.6824 -0.1142 -0.7220
vn -0.7086 -0.0858 -0.7004
vn -0.7049 -0.1205 -0.6990
vn -0.6812 -0.0638 -0.7293
vn -0.7083 -0.0371 -0.7050
vn -0.7064 -0.0724 -0.7041
vn -0.6790 -0.0130 -0.7340
vn -0.7072 0.0125 -0.7069
vn -0.7071 -0.0241 -0.7067
vn -0.7083 0.0371 -0.7050
vn -0.6933 0.0246 -0.7202
vn -0.7070 0.0616 -0.7045
vn -0.7086 0.0858 -0.7004
vn -0.6936 0.0737 -0.7166
vn -0.7060 0.1106 -0.6995
vn -0.7090 0.1347 -0.6922
vn -0.6932 0.1225 -0.7102
vn -0.7053 0.1596 -0.6907
vn -0.7098 0.1823 -0.6804
vn -0.6939 0.1705 -0.6996
vn -0.7047 0.2073 -0.6785
vn -0.7097 0.2292 -0.6662
vn -0.6939 0.2178 -0.6864
vn -0.7033 0.2549 -0.6636
vn -0.7104 0.2751 -0.6478
vn -0.6941 0.2641 -0.6697
vn -0.7029 0.3006 -0.6446
vn -0.7106 0.3193 -0.6270
vn -0.6948 0.3089 -0.6495
vn -0.7017 0.3453 -0.6233
vn -0.7106 0.3625 -0.6030
vn -0.6946 0.3526 -0.6270
vn -0.7005 0.3888 -0.5984
vn -0.7111 0.4033 -0.5759
vn -0.6956 0.3940 -0.6008
vn -0.6998 0.4298 -0.5706
vn -0.7108 0.4425 -0.5467
vn -0.6959 0.4339 -0.5722
vn -0.6980 0.4699 -0.5404
vn -0.7111 0.4796 -0.5141
vn -0.6964 0.4716 -0.5409
vn -0.6973 0.5069 -0.5068
vn -0.7112 0.5140 -0.4796
vn -0.6973 0.5068 -0.5068
vn -0.6958 0.5420 -0.4714
vn -0.7108 0.5467 -0.4426
vn -0.6975 0.5401 -0.4710
vn -0.6942 0.5749 -0.4330
vn -0.7111 0.5759 -0.4033
vn -0.6987 0.5701 -0.4323
vn -0.6932 0.6043 -0.3926
vn -0.7106 0.6030 -0.3625
vn -0.6992 0.5978 -0.3921
vn -0.6910 0.6323 -0.3503
vn -0.7106 0.6270 -0.3193
vn -0.7000 0.6225 -0.3500
vn -0.6901 0.6559 -0.3059
vn -0.7104 0.6478 -0.2752
vn -0.7012 0.6439 -0.3062
vn -0.6883 0.6772 -0.2601
vn -0.7097 0.6662 -0.2292
vn -0.7016 0.6629 -0.2614
vn -0.6863 0.6956 -0.2125
vn -0.7098 0.6804 -0.1823
vn -0.7031 0.6778 -0.2151
vn -0.6851 0.7098 -0.1640
vn -0.7090 0.6922 -0.1347
vn -0.7040 0.6901 -0.1682
vn -0.6825 0.7219 -0.1143
vn -0.7085 0.7004 -0.0859
vn -0.7047 0.6992 -0.1205
vn -0.6812 0.7293 -0.0638
vn -0.7086 0.7046 -0.0371
vn -0.7062 0.7043 -0.0724
vn 0.0000 0.9993 -0.0362
vn 0.0001 0.9993 0.0362
vn 0.0000 0.9994 0.0357
vn 0.0000 0.9943 -0.1068
vn 0.0001 0.9994 -0.0357
vn -0.0000 0.9841 -0.1777
vn 0.0000 0.9943 -0.1069
vn 0.0000 0.9689 -0.2474
vn 0.0000 0.9841 -0.1776
vn 0.0001 0.9489 -0.3156
vn 0.0001 0.9689 -0.2473
vn 0.0000 0.9238 -0.3829
vn -0.0000 0.9488 -0.3158
vn 0.0001 0.8943 -0.4474
vn 0.0001 0.9239 -0.3827
vn 0.0000 0.8600 -0.5104
vn 0.0000 0.8942 -0.4476
vn 0.0001 0.8214 -0.5703
vn 0.0000 0.8600 -0.5103
vn 0.0000 0.7788 -0.6273
vn 0.0000 0.7317 -0.6816
vn 0.0000 0.7786 -0.6275
vn 0.0001 0.6816 -0.7317
vn 0.0001 0.7319 -0.6814
vn 0.0000 0.6273 -0.7788
vn 0.0000 0.6814 -0.7319
vn 0.0001 0.5703 -0.8214
vn 0.0000 0.6275 -0.7786
vn 0.0000 0.5104 -0.8600
vn 0.0000 0.4474 -0.8943
vn 0.0000 0.5103 -0.8600
vn 0.0001 0.3829 -0.9238
vn 0.0001 0.4476 -0.8942
vn -0.0000 0.3156 -0.9489
vn 0.0000 0.3827 -0.9239
vn 0.0001 0.2474 -0.9689
vn 0.0001 0.3158 -0.9488
vn 0.0000 0.1776 -0.9841
vn 0.0000 0.2473 -0.9689
vn 0.0000 0.1067 -0.9943
vn 0.0001 0.0360 -0.9994
vn 0.0001 0.1069 -0.9943
vn 0.0000 -0.0360 -0.9994
vn 0.0000 0.0357 -0.9994
vn 0.0001 -0.1067 -0.9943
vn 0.0001 -0.0357 -0.9994
vn 0.0000 -0.1776 -0.9841
vn 0.0000 -0.1069 -0.9943
vn 0.0000 -0.2474 -0.9689
vn 0.0001 -0.3156 -0.9489
vn 0.0001 -0.2473 -0.9689
vn 0.0000 -0.3829 -0.9238
vn -0.0000 -0.3158 -0.9488
vn 0.0001 -0.4474 -0.8943
vn 0.0001 -0.3827 -0.9239
vn 0.0000 -0.5104 -0.8600
vn 0.0000 -0.4476 -0.8942
vn 0.0001 -0.5703 -0.8214
vn 0.0000 -0.5103 -0.8600
vn 0.0000 -0.6273 -0.7788
vn 0.0000 -0.6816 -0.7317
vn 0.0000 -0.6275 -0.7786
vn 0.0001 -0.7317 -0.6816
vn 0.0001 -0.6814 -0.7319
vn 0.0000 -0.7788 -0.6273
vn 0.0000 -0.7319 -0.6814
vn 0.0001 -0.8214 -0.5704
vn 0.0000 -0.7786 -0.6275
vn 0.0000 -0.8600 -0.5104
vn 0.0001 -0.8214 -0.5703
vn 0.0000 -0.8943 -0.4474
vn 0.0000 -0.8600 -0.5103
vn 0.0001 -0.9238 -0.3829
vn 0.0001 -0.8942 -0.4476
vn -0.0000 -0.9489 -0.3156
vn 0.0000 -0.9239 -0.3827
vn 0.0001 -0.9689 -0.2474
vn 0.0001 -0.9488 -0.3158
vn 0.0000 -0.9841 -0.1777
vn 0.0000 -0.9689 -0.2473
vn 0.0000 -0.9943 -0.1068
vn -0.0000 -0.9841 -0.1776
vn 0.0001 -0.9993 -0.0362
vn 0.0000 -0.9943 -0.1069
vn 0.0000 -0.9993 0.0362
vn 0.0000 -0.9994 -0.0357
vn 0.0000 -0.9943 0.1068
vn 0.0001 -0.9994 0.0357
vn -0.0000 -0.9841 0.1777
vn 0.0000 -0.9943 0.1069
vn 0.0000 -0.9689 0.2474
vn 0.0000 -0.9841 0.1776
vn 0.0001 -0.9489 0.3156
vn 0.0001 -0.9689 0.2473
vn 0.0000 -0.9238 0.3829
vn -0.0000 -0.9488 0.3158
vn 0.0001 -0.8943 0.4474
vn 0.0001 -0.9239 0.3827
vn 0.0000 -0.8600 0.5104
vn 0.0000 -0.8942 0.4476
vn 0.0001 -0.8214 0.5703
vn 0.0000 -0.8600 0.5103
vn 0.0000 -0.7788 0.6273
vn 0.0000 -0.7317 0.6816
vn 0.0000 -0.7786 0.6275
vn 0.0001 -0.6816 0.7317
vn 0.0001 -0.7319 0.6814
vn 0.0000 -0.6273 0.7788
vn 0.0000 -0.6814 0.7319
vn 0.0001 -0.5703 0.8214
vn 0.0000 -0.6275 0.7786
vn 0.0000 -0.5104 0.8600
vn 0.0000 -0.4474 0.8943
vn 0.0000 -0.5103 0.8600
vn 0.0001 -0.3829 0.9238
vn 0.0001 -0.4476 0.8942
vn -0.0000 -0.3156 0.9489
vn 0.0000 -0.3827 0.9239
vn 0.0001 -0.2474 0.9689
vn 0.0001 -0.3158 0.9488
vn 0.0000 -0.1776 0.9841
vn 0.0000 -0.2473 0.9689
vn 0.0000 -0.1067 0.9943
vn 0.0001 -0.0360 0.9994
vn 0.0001 -0.1069 0.9943
vn 0.0000 0.0360 0.9994
vn 0.0000 -0.0357 0.9994
vn 0.0001 0.1067 0.9943
vn 0.0001 0.0357 0.9994
vn 0.0000 0.1776 0.9841
vn 0.0000 0.1069 0.9943
vn 0.0000 0.2474 0.9689
vn 0.0001 0.3156 0.9489
vn 0.0001 0.2473 0.9689
vn 0.0000 0.3829 0.9238
vn -0.0000 0.3158 0.9488
vn 0.0001 0.4474 0.8943
vn 0.0001 0.3827 0.9239
vn 0.0000 0.5104 0.8600
vn 0.0000 0.4476 0.8942
vn 0.0001 0.5703 0.8214
vn 0.0000 0.5103 0.8600
vn 0.0000 0.6273 0.7788
vn 0.0000 0.6816 0.7317
vn 0.0000 0.6275 0.7786
vn 0.0001 0.7317 0.6816
vn 0.0001 0.6814 0.7319
vn 0.0000 0.7788 0.6273
vn 0.0000 0.7319 0.6814
vn 0.0001 0.8214 0.5704
vn 0.0000 0.7786 0.6275
vn 0.0000 0.8600 0.5104
vn 0.0001 0.8214 0.5703
vn 0.0000 0.8943 0.4474
vn 0.0000 0.8600 0.5103
vn 0.0001 0.9238 0.3829
vn 0.0001 0.8942 0.4476
vn -0.0000 0.9489 0.3156
vn 0.0000 0.9239 0.3827
vn 0.0001 0.9689 0.2474
vn 0.0001 0.9488 0.3158
vn 0.0000 0.9841 0.1777
vn 0.0000 0.9689 0.2473
vn 0.0000 0.9943 0.1068
vn -0.0000 0.9841 0.1776
vn 0.0000 0.9943 0.1069
vn -0.2956 -0.9547 0.0341
vn -0.2957 -0.9551 -0.0207
vn -0.2951 -0.9548 -0.0341
vn -0.2953 -0.9499 0.1021
vn -0.2946 -0.9554 0.0207
vn -0.2959 -0.9534 0.0594
vn -0.2952 -0.9403 0.1696
vn -0.2951 -0.9504 0.0985
vn -0.2959 -0.9452 0.1376
vn -0.2951 -0.9258 0.2363
vn -0.2955 -0.9388 0.1768
vn -0.2958 -0.9306 0.2156
vn -0.2955 -0.9065 0.3017
vn -0.2958 -0.9210 0.2537
vn -0.2953 -0.8827 0.3656
vn -0.2948 -0.9101 0.2913
vn -0.2959 -0.8969 0.3286
vn -0.2952 -0.8544 0.4277
vn -0.2953 -0.8826 0.3659
vn -0.2959 -0.8665 0.4019
vn -0.2951 -0.8217 0.4875
vn -0.2956 -0.8494 0.4371
vn -0.2958 -0.8307 0.4716
vn -0.2954 -0.7848 0.5449
vn -0.2958 -0.8103 0.5059
vn -0.2952 -0.7439 0.5995
vn -0.2950 -0.7888 0.5393
vn -0.2959 -0.7657 0.5710
vn -0.2951 -0.6993 0.6511
vn -0.2954 -0.7418 0.6020
vn -0.2959 -0.7161 0.6321
vn -0.2956 -0.6510 0.6992
vn -0.2957 -0.6891 0.6616
vn -0.2953 -0.5995 0.7439
vn -0.2946 -0.6615 0.6897
vn -0.2959 -0.6324 0.7159
vn -0.2952 -0.5449 0.7848
vn -0.2951 -0.6026 0.7415
vn -0.2959 -0.5709 0.7658
vn -0.2951 -0.4875 0.8217
vn -0.2955 -0.5387 0.7890
vn -0.2959 -0.5058 0.8103
vn -0.2955 -0.4276 0.8543
vn -0.2958 -0.4722 0.8304
vn -0.2953 -0.3656 0.8827
vn -0.2948 -0.4375 0.8495
vn -0.2959 -0.4014 0.8668
vn -0.2951 -0.3017 0.9066
vn -0.2953 -0.3654 0.8828
vn -0.2959 -0.3289 0.8968
vn -0.2951 -0.2363 0.9258
vn -0.2956 -0.2918 0.9097
vn -0.2958 -0.2535 0.9210
vn -0.2954 -0.1696 0.9402
vn -0.2959 -0.2150 0.9307
vn -0.2952 -0.1021 0.9500
vn -0.2950 -0.1767 0.9390
vn -0.2959 -0.1380 0.9452
vn -0.2951 -0.0341 0.9549
vn -0.2954 -0.0987 0.9503
vn -0.2959 -0.0589 0.9534
vn -0.2956 0.0341 0.9547
vn -0.2957 -0.0196 0.9551
vn -0.2953 0.1021 0.9499
vn -0.2946 0.0196 0.9554
vn -0.2959 0.0589 0.9534
vn -0.2952 0.1696 0.9403
vn -0.2951 0.0987 0.9503
vn -0.2959 0.1380 0.9452
vn -0.2951 0.2363 0.9258
vn -0.2955 0.1767 0.9389
vn -0.2959 0.2150 0.9307
vn -0.2955 0.3017 0.9065
vn -0.2958 0.2535 0.9210
vn -0.2953 0.3656 0.8827
vn -0.2948 0.2918 0.9099
vn -0.2959 0.3289 0.8968
vn -0.2951 0.4277 0.8544
vn -0.2953 0.3654 0.8828
vn -0.2959 0.4014 0.8668
vn -0.2951 0.4875 0.8217
vn -0.2956 0.4374 0.8493
vn -0.2958 0.4722 0.8304
vn -0.2954 0.5449 0.7848
vn -0.2959 0.5058 0.8103
vn -0.2952 0.5995 0.7439
vn -0.2949 0.5388 0.7891
vn -0.2959 0.5709 0.7658
vn -0.2951 0.6511 0.6993
vn -0.2954 0.6025 0.7414
vn -0.2959 0.6324 0.7159
vn -0.2956 0.6992 0.6510
vn -0.2957 0.6612 0.6894
vn -0.2953 0.7439 0.5995
vn -0.2946 0.6894 0.6618
vn -0.2959 0.7161 0.6321
vn -0.2952 0.7848 0.5449
vn -0.2951 0.7419 0.6021
vn -0.2959 0.7657 0.5710
vn -0.2951 0.8217 0.4875
vn -0.2955 0.7886 0.5392
vn -0.2958 0.8103 0.5059
vn -0.2955 0.8543 0.4276
vn -0.2958 0.8307 0.4716
vn -0.2953 0.8827 0.3656
vn -0.2948 0.8497 0.4372
vn -0.2959 0.8665 0.4019
vn -0.2951 0.9066 0.3017
vn -0.2953 0.8826 0.3659
vn -0.2959 0.8969 0.3285
vn -0.2951 0.9258 0.2363
vn -0.2956 0.9098 0.2912
vn -0.2958 0.9210 0.2537
vn -0.2954 0.9402 0.1696
vn -0.2958 0.9306 0.2156
vn -0.2952 0.9500 0.1021
vn -0.2949 0.9390 0.1768
vn -0.2959 0.9452 0.1376
vn -0.2951 0.9548 0.0341
vn -0.2954 0.9503 0.0985
vn -0.2959 0.9534 0.0594
vn -0.2957 0.9551 0.0207
vn -0.2956 0.9547 -0.0341
vn -0.2946 0.9554 -0.0207
vn -0.2959 -0.9534 -0.0594
vn -0.2954 -0.9503 -0.0985
vn -0.2959 -0.9452 -0.1376
vn -0.2952 -0.9500 -0.1021
vn -0.2949 -0.9390 -0.1768
vn -0.2958 -0.9306 -0.2156
vn -0.2954 -0.9402 -0.1696
vn -0.2958 -0.9210 -0.2537
vn -0.2951 -0.9258 -0.2363
vn -0.2956 -0.9098 -0.2912
vn -0.2959 -0.8969 -0.3285
vn -0.2951 -0.9066 -0.3017
vn -0.2953 -0.8826 -0.3659
vn -0.2959 -0.8665 -0.4019
vn -0.2953 -0.8827 -0.3656
vn -0.2948 -0.8497 -0.4372
vn -0.2958 -0.8307 -0.4716
vn -0.2955 -0.8543 -0.4276
vn -0.2958 -0.8103 -0.5059
vn -0.2951 -0.8217 -0.4875
vn -0.2955 -0.7886 -0.5392
vn -0.2959 -0.7657 -0.5710
vn -0.2952 -0.7848 -0.5449
vn -0.2951 -0.7419 -0.6021
vn -0.2959 -0.7161 -0.6321
vn -0.2953 -0.7439 -0.5995
vn -0.2946 -0.6894 -0.6618
vn -0.2957 -0.6612 -0.6895
vn -0.2956 -0.6992 -0.6510
vn -0.2959 -0.6324 -0.7159
vn -0.2951 -0.6511 -0.6993
vn -0.2954 -0.6025 -0.7414
vn -0.2959 -0.5709 -0.7658
vn -0.2952 -0.5995 -0.7439
vn -0.2949 -0.5388 -0.7891
vn -0.2959 -0.5058 -0.8103
vn -0.2954 -0.5449 -0.7848
vn -0.2958 -0.4722 -0.8304
vn -0.2951 -0.4875 -0.8217
vn -0.2956 -0.4374 -0.8493
vn -0.2959 -0.4014 -0.8668
vn -0.2951 -0.4277 -0.8544
vn -0.2953 -0.3654 -0.8828
vn -0.2959 -0.3289 -0.8968
vn -0.2953 -0.3656 -0.8827
vn -0.2948 -0.2918 -0.9099
vn -0.2958 -0.2535 -0.9210
vn -0.2955 -0.3017 -0.9065
vn -0.2959 -0.2150 -0.9307
vn -0.2951 -0.2363 -0.9258
vn -0.2955 -0.1767 -0.9389
vn -0.2959 -0.1380 -0.9452
vn -0.2952 -0.1696 -0.9403
vn -0.2951 -0.0987 -0.9503
vn -0.2959 -0.0589 -0.9534
vn -0.2953 -0.1021 -0.9499
vn -0.2946 -0.0196 -0.9554
vn -0.2957 0.0196 -0.9551
vn -0.2956 -0.0341 -0.9547
vn -0.2959 0.0589 -0.9534
vn -0.2951 0.0341 -0.9549
vn -0.2954 0.0987 -0.9503
vn -0.2959 0.1380 -0.9452
vn -0.2952 0.1021 -0.9500
vn -0.2950 0.1767 -0.9390
vn -0.2959 0.2150 -0.9307
vn -0.2954 0.1696 -0.9402
vn -0.2958 0.2535 -0.9210
vn -0.2951 0.2363 -0.9258
vn -0.2956 0.2918 -0.9097
vn -0.2959 0.3289 -0.8968
vn -0.2951 0.3017 -0.9066
vn -0.2953 0.3654 -0.8828
vn -0.2959 0.4014 -0.8668
vn -0.2953 0.3656 -0.8827
vn -0.2948 0.4375 -0.8495
vn -0.2958 0.4722 -0.8304
vn -0.2955 0.4276 -0.8543
vn -0.2959 0.5058 -0.8103
vn -0.2951 0.4875 -0.8217
vn -0.2955 0.5387 -0.7890
vn -0.2959 0.5709 -0.7658
vn -0.2952 0.5449 -0.7848
vn -0.2951 0.6026 -0.7415
vn -0.2959 0.6324 -0.7159
vn -0.2953 0.5995 -0.7439
vn -0.2946 0.6615 -0.6897
vn -0.2957 0.6891 -0.6616
vn -0.2956 0.6510 -0.6992
vn -0.2959 0.7161 -0.6321
vn -0.2951 0.6993 -0.6511
vn -0.2954 0.7418 -0.6020
vn -0.2959 0.7657 -0.5710
vn -0.2952 0.7439 -0.5995
vn -0.2950 0.7888 -0.5393
vn -0.2958 0.8103 -0.5059
vn -0.2954 0.7848 -0.5449
vn -0.2958 0.8307 -0.4716
vn -0.2951 0.8217 -0.4875
vn -0.2956 0.8494 -0.4371
vn -0.2959 0.8665 -0.4019
vn -0.2952 0.8544 -0.4277
vn -0.2953 0.8826 -0.3659
vn -0.2959 0.8969 -0.3285
vn -0.2953 0.8827 -0.3656
vn -0.2948 0.9101 -0.2913
vn -0.2958 0.9210 -0.2537
vn -0.2955 0.9065 -0.3017
vn -0.2958 0.9306 -0.2156
vn -0.2951 0.9258 -0.2363
vn -0.2955 0.9388 -0.1768
vn -0.2959 0.9452 -0.1376
vn -0.2952 0.9403 -0.1696
vn -0.2951 0.9504 -0.0985
vn -0.2959 0.9534 -0.0594
vn -0.2953 0.9499 -0.1021
vn 0.7767 0.6167 -0.1282
vn 0.7766 0.5936 -0.2110
vn 0.7766 0.6168 -0.1282
vn 0.7765 0.5595 -0.2898
vn 0.7766 0.5147 -0.3633
vn 0.7767 0.5593 -0.2898
vn 0.7767 0.4603 -0.4300
vn 0.7767 0.3974 -0.4887
vn 0.7766 0.4603 -0.4300
vn 0.7766 0.3273 -0.5383
vn 0.7766 0.2510 -0.5778
vn 0.7766 0.1700 -0.6066
vn 0.7766 0.0858 -0.6241
vn 0.7766 0.0000 -0.6300
vn 0.7766 -0.0858 -0.6241
vn 0.7766 -0.1700 -0.6066
vn 0.7766 -0.0857 -0.6241
vn 0.7766 -0.2510 -0.5778
vn 0.7766 -0.1701 -0.6066
vn 0.7766 -0.3273 -0.5383
vn 0.7767 -0.3974 -0.4887
vn 0.7766 -0.4605 -0.4300
vn 0.7766 -0.5147 -0.3633
vn 0.7766 -0.4603 -0.4300
vn 0.7766 -0.5594 -0.2898
vn 0.7767 -0.5935 -0.2110
vn 0.7766 -0.6168 -0.1282
vn 0.7766 -0.5937 -0.2109
vn 0.7767 -0.6167 -0.1282
vn 0.4340 0.8821 -0.1833
vn 0.4163 0.9040 -0.0972
vn 0.4448 0.8439 -0.3000
vn 0.5274 0.8361 -0.1509
vn 0.4113 0.8832 -0.2254
vn 0.4543 0.7909 -0.4099
vn 0.5130 0.8145 -0.2710
vn 0.4074 0.8437 -0.3494
vn 0.4626 0.7242 -0.5114
vn 0.4995 0.7747 -0.3878
vn 0.4048 0.7865 -0.4665
vn 0.4697 0.6451 -0.6027
vn 0.4864 0.7177 -0.4983
vn 0.4033 0.7125 -0.5741
vn 0.4755 0.5552 -0.6824
vn 0.4741 0.6444 -0.5999
vn 0.4030 0.6236 -0.6698
vn 0.4803 0.4557 -0.7494
vn 0.4626 0.5564 -0.6903
vn 0.4039 0.5218 -0.7514
vn 0.4840 0.3486 -0.8026
vn 0.4520 0.4551 -0.7672
vn 0.4060 0.4091 -0.8172
vn 0.4866 0.2357 -0.8412
vn 0.4423 0.3433 -0.8286
vn 0.4092 0.2882 -0.8657
vn 0.4882 0.1188 -0.8646
vn 0.4336 0.2229 -0.8731
vn 0.4137 0.1617 -0.8960
vn 0.4887 0.0000 -0.8724
vn 0.4258 0.0967 -0.8996
vn 0.4192 0.0324 -0.9073
vn 0.4281 -0.1230 -0.8953
vn 0.4192 -0.0324 -0.9073
vn 0.4395 -0.2422 -0.8649
vn 0.5347 -0.0904 -0.8402
vn 0.4137 -0.1616 -0.8960
vn 0.4497 -0.3558 -0.8193
vn 0.5202 -0.2112 -0.8275
vn 0.4092 -0.2882 -0.8657
vn 0.4586 -0.4618 -0.7593
vn 0.5062 -0.3300 -0.7968
vn 0.4060 -0.4091 -0.8172
vn 0.4662 -0.5583 -0.6862
vn 0.4929 -0.4440 -0.7483
vn 0.4039 -0.5218 -0.7514
vn 0.4727 -0.6440 -0.6015
vn 0.4802 -0.5505 -0.6829
vn 0.4030 -0.6237 -0.6698
vn 0.4781 -0.7174 -0.5066
vn 0.4683 -0.6467 -0.6021
vn 0.4033 -0.7125 -0.5741
vn 0.4823 -0.7777 -0.4031
vn 0.4572 -0.7305 -0.5072
vn 0.4048 -0.7865 -0.4665
vn 0.4855 -0.8237 -0.2928
vn 0.4470 -0.7999 -0.4004
vn 0.4074 -0.8437 -0.3494
vn 0.4876 -0.8548 -0.1777
vn 0.4377 -0.8531 -0.2839
vn 0.4113 -0.8832 -0.2254
vn 0.4295 -0.8887 -0.1603
vn 0.4162 -0.9040 -0.0972
vn 0.2081 0.9725 -0.1046
vn 0.2077 0.9739 -0.0921
vn 0.2082 0.9625 -0.1737
vn 0.2076 0.9662 -0.1530
vn 0.2083 0.9477 -0.2419
vn 0.2075 0.9547 -0.2134
vn 0.2083 0.9280 -0.3089
vn 0.2075 0.9394 -0.2729
vn 0.2082 0.9036 -0.3743
vn 0.2076 0.9204 -0.3314
vn 0.2080 0.8747 -0.4378
vn 0.2076 0.8978 -0.3885
vn 0.2079 0.8412 -0.4991
vn 0.2078 0.8716 -0.4441
vn 0.2081 0.8034 -0.5578
vn 0.2079 0.8419 -0.4979
vn 0.2077 0.8090 -0.5498
vn 0.2082 0.7616 -0.6137
vn 0.2076 0.7729 -0.5996
vn 0.2083 0.7158 -0.6665
vn 0.2076 0.7338 -0.6469
vn 0.2083 0.6665 -0.7158
vn 0.2075 0.6917 -0.6917
vn 0.2082 0.6137 -0.7616
vn 0.2075 0.6469 -0.7338
vn 0.2081 0.5578 -0.8034
vn 0.2076 0.5996 -0.7729
vn 0.2079 0.4991 -0.8412
vn 0.2077 0.5498 -0.8090
vn 0.2080 0.4378 -0.8747
vn 0.2079 0.4979 -0.8419
vn 0.2078 0.4441 -0.8716
vn 0.2082 0.3743 -0.9036
vn 0.2076 0.3885 -0.8977
vn 0.2083 0.3089 -0.9280
vn 0.2076 0.3314 -0.9204
vn 0.2083 0.2419 -0.9477
vn 0.2075 0.2729 -0.9394
vn 0.2082 0.1736 -0.9625
vn 0.2075 0.2134 -0.9547
vn 0.2081 0.1046 -0.9725
vn 0.2076 0.1530 -0.9662
vn 0.2080 0.0349 -0.9775
vn 0.2077 0.0921 -0.9739
vn 0.2078 -0.0349 -0.9776
vn 0.2078 0.0307 -0.9777
vn 0.2081 -0.1046 -0.9725
vn 0.2080 -0.0307 -0.9776
vn 0.2077 -0.0921 -0.9739
vn 0.2082 -0.1736 -0.9625
vn 0.2076 -0.1530 -0.9662
vn 0.2083 -0.2419 -0.9477
vn 0.2075 -0.2134 -0.9547
vn 0.2083 -0.3089 -0.9280
vn 0.2075 -0.2729 -0.9394
vn 0.2082 -0.3743 -0.9036
vn 0.2076 -0.3314 -0.9204
vn 0.2080 -0.4378 -0.8747
vn 0.2076 -0.3885 -0.8977
vn 0.2079 -0.4991 -0.8412
vn 0.2078 -0.4441 -0.8716
vn 0.2081 -0.5578 -0.8034
vn 0.2079 -0.4979 -0.8419
vn 0.2077 -0.5498 -0.8090
vn 0.2082 -0.6137 -0.7616
vn 0.2076 -0.5996 -0.7729
vn 0.2083 -0.6665 -0.7158
vn 0.2075 -0.6469 -0.7338
vn 0.2083 -0.7158 -0.6665
vn 0.2075 -0.6917 -0.6917
vn 0.2082 -0.7616 -0.6137
vn 0.2076 -0.7338 -0.6469
vn 0.2081 -0.8034 -0.5578
vn 0.2076 -0.7729 -0.5996
vn 0.2079 -0.8412 -0.4991
vn 0.2077 -0.8090 -0.5498
vn 0.2080 -0.8747 -0.4378
vn 0.2079 -0.8419 -0.4979
vn 0.2078 -0.8716 -0.4441
vn 0.2082 -0.9036 -0.3743
vn 0.2076 -0.8978 -0.3885
vn 0.2083 -0.9280 -0.3089
vn 0.2076 -0.9204 -0.3314
vn 0.2083 -0.9477 -0.2419
vn 0.2075 -0.9394 -0.2729
vn 0.2082 -0.9625 -0.1737
vn 0.2075 -0.9547 -0.2134
vn 0.2081 -0.9725 -0.1046
vn 0.2076 -0.9662 -0.1530
vn 0.2077 -0.9739 -0.0921
vn 0.1884 0.9777 -0.0924
vn 0.1857 0.9705 -0.1537
vn 0.1889 0.9583 -0.2142
vn 0.1829 0.9692 -0.1647
vn 0.1834 0.9440 -0.2743
vn 0.1888 0.9240 -0.3326
vn 0.1840 0.9445 -0.2721
vn 0.1805 0.9027 -0.3906
vn 0.1881 0.8751 -0.4459
vn 0.1857 0.9078 -0.3760
vn 0.1878 0.8454 -0.5000
vn 0.1823 0.8606 -0.4756
vn 0.1869 0.8125 -0.5522
vn 0.1887 0.7760 -0.6019
vn 0.1825 0.8019 -0.5690
vn 0.1850 0.7372 -0.6499
vn 0.1890 0.6944 -0.6944
vn 0.1832 0.7330 -0.6551
vn 0.1825 0.6502 -0.7375
vn 0.1887 0.6019 -0.7760
vn 0.1845 0.6549 -0.7328
vn 0.1794 0.5530 -0.8137
vn 0.1878 0.5000 -0.8454
vn 0.1864 0.5685 -0.8013
vn 0.1881 0.4459 -0.8751
vn 0.1823 0.4756 -0.8606
vn 0.1863 0.3902 -0.9017
vn 0.1888 0.3326 -0.9240
vn 0.1827 0.3762 -0.9083
vn 0.1842 0.2742 -0.9439
vn 0.1889 0.2142 -0.9583
vn 0.1836 0.2721 -0.9446
vn 0.1815 0.1538 -0.9713
vn 0.1884 0.0924 -0.9777
vn 0.1851 0.1646 -0.9688
vn 0.1782 0.0309 -0.9835
vn 0.1874 -0.0309 -0.9818
vn 0.1872 0.0551 -0.9808
vn 0.1884 -0.0924 -0.9777
vn 0.1823 -0.0551 -0.9817
vn 0.1857 -0.1537 -0.9705
vn 0.1889 -0.2142 -0.9583
vn 0.1829 -0.1647 -0.9692
vn 0.1834 -0.2743 -0.9440
vn 0.1888 -0.3326 -0.9240
vn 0.1840 -0.2721 -0.9445
vn 0.1805 -0.3906 -0.9027
vn 0.1881 -0.4459 -0.8751
vn 0.1857 -0.3760 -0.9078
vn 0.1878 -0.5000 -0.8454
vn 0.1823 -0.4756 -0.8606
vn 0.1869 -0.5522 -0.8125
vn 0.1887 -0.6019 -0.7760
vn 0.1825 -0.5690 -0.8019
vn 0.1850 -0.6499 -0.7372
vn 0.1890 -0.6944 -0.6944
vn 0.1832 -0.6551 -0.7330
vn 0.1825 -0.7375 -0.6502
vn 0.1887 -0.7760 -0.6019
vn 0.1845 -0.7328 -0.6549
vn 0.1794 -0.8137 -0.5530
vn 0.1878 -0.8454 -0.5000
vn 0.1864 -0.8013 -0.5685
vn 0.1881 -0.8751 -0.4459
vn 0.1823 -0.8606 -0.4756
vn 0.1863 -0.9017 -0.3902
vn 0.1888 -0.9240 -0.3326
vn 0.1827 -0.9083 -0.3762
vn 0.1842 -0.9439 -0.2742
vn 0.1889 -0.9583 -0.2142
vn 0.1836 -0.9446 -0.2721
vn 0.1815 -0.9713 -0.1538
vn 0.1884 -0.9777 -0.0924
vn 0.1851 -0.9688 -0.1646
vn 0.1460 0.9753 -0.1657
vn 0.1460 0.9506 -0.2739
vn 0.1460 0.9140 -0.3786
vn 0.1460 0.8658 -0.4785
vn 0.1460 0.8068 -0.5725
vn 0.1460 0.8659 -0.4785
vn 0.1460 0.7377 -0.6592
vn 0.1460 0.6592 -0.7377
vn 0.1460 0.5725 -0.8068
vn 0.1460 0.4785 -0.8659
vn 0.1460 0.3786 -0.9140
vn 0.1460 0.4785 -0.8658
vn 0.1460 0.2739 -0.9506
vn 0.1460 0.1657 -0.9753
vn 0.1460 0.0555 -0.9877
vn 0.1460 -0.0555 -0.9877
vn 0.1460 -0.1657 -0.9753
vn 0.1460 -0.2739 -0.9506
vn 0.1460 -0.3786 -0.9140
vn 0.1460 -0.4785 -0.8658
vn 0.1460 -0.5725 -0.8068
vn 0.1460 -0.4785 -0.8659
vn 0.1460 -0.6592 -0.7377
vn 0.1460 -0.7377 -0.6592
vn 0.1460 -0.8068 -0.5725
vn 0.1460 -0.8659 -0.4785
vn 0.1460 -0.9140 -0.3786
vn 0.1460 -0.9506 -0.2739
vn 0.1460 -0.9753 -0.1657
vn 0.1044 0.9805 -0.1666
vn 0.1044 0.9557 -0.2753
vn 0.1044 0.9188 -0.3806
vn 0.1044 0.8704 -0.4811
vn 0.1044 0.8111 -0.5755
vn 0.1044 0.7416 -0.6627
vn 0.1044 0.6627 -0.7416
vn 0.1044 0.5755 -0.8111
vn 0.1044 0.4811 -0.8704
vn 0.1044 0.3806 -0.9188
vn 0.1044 0.2753 -0.9557
vn 0.1044 0.1666 -0.9805
vn 0.1044 0.0558 -0.9930
vn 0.1044 -0.0558 -0.9930
vn 0.1044 -0.1666 -0.9805
vn 0.1044 -0.2753 -0.9557
vn 0.1044 -0.3806 -0.9188
vn 0.1044 -0.4811 -0.8704
vn 0.1044 -0.5755 -0.8111
vn 0.1044 -0.6627 -0.7416
vn 0.1044 -0.7416 -0.6627
vn 0.1044 -0.8111 -0.5755
vn 0.1044 -0.8704 -0.4811
vn 0.1044 -0.9188 -0.3806
vn 0.1044 -0.9557 -0.2753
vn 0.1044 -0.9805 -0.1666
vn 0.0627 0.9839 -0.1672
vn 0.0627 0.9590 -0.2763
vn 0.0627 0.9221 -0.3819
vn 0.0627 0.8735 -0.4828
vn 0.0627 0.8140 -0.5775
vn 0.0627 0.7442 -0.6650
vn 0.0627 0.6650 -0.7442
vn 0.0627 0.5775 -0.8140
vn 0.0627 0.4828 -0.8735
vn 0.0627 0.3819 -0.9221
vn 0.0627 0.2763 -0.9590
vn 0.0627 0.1672 -0.9839
vn 0.0627 0.0560 -0.9965
vn 0.0627 -0.0560 -0.9965
vn 0.0627 -0.1672 -0.9839
vn 0.0627 -0.2763 -0.9590
vn 0.0627 -0.3819 -0.9221
vn 0.0627 -0.4828 -0.8735
vn 0.0627 -0.5775 -0.8140
vn 0.0627 -0.6650 -0.7442
vn 0.0627 -0.7442 -0.6650
vn 0.0627 -0.8140 -0.5775
vn 0.0627 -0.8735 -0.4828
vn 0.0627 -0.9221 -0.3819
vn 0.0627 -0.9590 -0.2763
vn 0.0627 -0.9839 -0.1672
vn 0.0217 0.9856 -0.1675
vn 0.0225 0.9607 -0.2768
vn 0.0192 0.9846 -0.1736
vn 0.0232 0.9236 -0.3826
vn 0.0185 0.9578 -0.2868
vn 0.0239 0.8750 -0.4836
vn 0.0178 0.9181 -0.3960
vn 0.0244 0.8153 -0.5785
vn 0.0172 0.8659 -0.4999
vn 0.0250 0.7454 -0.6661
vn 0.0167 0.8020 -0.5971
vn 0.0254 0.6661 -0.7454
vn 0.0162 0.7273 -0.6861
vn 0.0258 0.5785 -0.8153
vn 0.0158 0.6427 -0.7659
vn 0.0261 0.4835 -0.8749
vn 0.0154 0.5494 -0.8354
vn 0.0264 0.3825 -0.9236
vn 0.0152 0.4488 -0.8935
vn 0.0266 0.2767 -0.9606
vn 0.0149 0.3420 -0.9396
vn 0.0267 0.1674 -0.9855
vn 0.0148 0.2306 -0.9729
vn 0.0268 0.0561 -0.9981
vn 0.0147 0.1161 -0.9931
vn 0.0268 -0.0561 -0.9981
vn 0.0146 0.0000 -0.9999
vn 0.0267 -0.1674 -0.9855
vn 0.0147 -0.1161 -0.9931
vn 0.0266 -0.2767 -0.9606
vn 0.0148 -0.2306 -0.9729
vn 0.0264 -0.3825 -0.9236
vn 0.0149 -0.3420 -0.9396
vn 0.0261 -0.4835 -0.8749
vn 0.0152 -0.4488 -0.8935
vn 0.0258 -0.5785 -0.8153
vn 0.0154 -0.5494 -0.8354
vn 0.0254 -0.6661 -0.7454
vn 0.0158 -0.6427 -0.7659
vn 0.0250 -0.7454 -0.6661
vn 0.0162 -0.7273 -0.6862
vn 0.0244 -0.8153 -0.5785
vn 0.0167 -0.8020 -0.5971
vn 0.0239 -0.8750 -0.4836
vn 0.0172 -0.8659 -0.4999
vn 0.0232 -0.9236 -0.3826
vn 0.0178 -0.9181 -0.3960
vn 0.0225 -0.9607 -0.2768
vn 0.0185 -0.9578 -0.2868
vn 0.0217 -0.9856 -0.1675
vn 0.0192 -0.9846 -0.1736
vn 0.0000 0.9848 -0.1736
vn 0.0000 0.9962 -0.0872
vn 0.0000 0.9580 -0.2868
vn 0.0007 0.9894 -0.1449
vn 0.0000 0.9793 -0.2022
vn 0.0000 0.9182 -0.3961
vn 0.0007 0.9659 -0.2588
vn 0.0000 0.9492 -0.3145
vn 0.0000 0.8660 -0.5000
vn 0.0007 0.9293 -0.3692
vn 0.0000 0.9063 -0.4226
vn 0.0000 0.8021 -0.5972
vn 0.0007 0.8802 -0.4746
vn 0.0000 0.8511 -0.5250
vn 0.0000 0.7274 -0.6862
vn 0.0007 0.8192 -0.5736
vn 0.0000 0.7844 -0.6202
vn 0.0000 0.6428 -0.7660
vn 0.0007 0.7470 -0.6648
vn 0.0000 0.5495 -0.8355
vn 0.0007 0.6648 -0.7470
vn 0.0000 0.6202 -0.7844
vn 0.0000 0.4488 -0.8936
vn 0.0007 0.5736 -0.8192
vn 0.0000 0.5250 -0.8511
vn 0.0000 0.3420 -0.9397
vn 0.0007 0.4746 -0.8802
vn 0.0000 0.4226 -0.9063
vn 0.0000 0.2306 -0.9730
vn 0.0007 0.3692 -0.9293
vn 0.0000 0.3145 -0.9492
vn 0.0000 0.1161 -0.9932
vn 0.0007 0.2588 -0.9659
vn 0.0000 0.2022 -0.9793
vn 0.0000 0.0000 -1.0000
vn 0.0007 0.1449 -0.9894
vn 0.0000 0.0872 -0.9962
vn 0.0000 -0.1161 -0.9932
vn 0.0007 0.0291 -0.9996
vn 0.0000 -0.0291 -0.9996
vn 0.0000 -0.2306 -0.9730
vn 0.0007 -0.0872 -0.9962
vn 0.0000 -0.1449 -0.9894
vn 0.0000 -0.3420 -0.9397
vn 0.0007 -0.2022 -0.9793
vn 0.0000 -0.2588 -0.9659
vn 0.0000 -0.4488 -0.8936
vn 0.0007 -0.3145 -0.9492
vn 0.0000 -0.3692 -0.9293
vn 0.0000 -0.5495 -0.8355
vn 0.0007 -0.4226 -0.9063
vn 0.0000 -0.4746 -0.8802
vn 0.0000 -0.6428 -0.7660
vn 0.0007 -0.5250 -0.8511
vn 0.0000 -0.5736 -0.8192
vn 0.0000 -0.7274 -0.6862
vn 0.0007 -0.6202 -0.7844
vn 0.0000 -0.6648 -0.7470
vn 0.0000 -0.8021 -0.5972
vn 0.0007 -0.7071 -0.7071
vn 0.0000 -0.7470 -0.6648
vn 0.0000 -0.8660 -0.5000
vn 0.0007 -0.7844 -0.6202
vn 0.0000 -0.8192 -0.5736
vn 0.0000 -0.9182 -0.3961
vn 0.0007 -0.8511 -0.5250
vn 0.0000 -0.8802 -0.4746
vn 0.0000 -0.9580 -0.2868
vn 0.0007 -0.9063 -0.4226
vn 0.0000 -0.9293 -0.3692
vn 0.0000 -0.9848 -0.1737
vn 0.0007 -0.9492 -0.3145
vn 0.0000 -0.9659 -0.2588
vn 0.0007 -0.9793 -0.2022
vn 0.0000 -0.9894 -0.1449
vn 0.0323 0.9957 -0.0871
vn 0.0302 0.9890 -0.1449
vn 0.0330 0.9788 -0.2021
vn 0.0249 0.9865 -0.1617
vn 0.0286 0.9655 -0.2587
vn 0.0333 0.9487 -0.3144
vn 0.0255 0.9632 -0.2674
vn 0.0268 0.9290 -0.3691
vn 0.0334 0.9058 -0.4224
vn 0.0264 0.9287 -0.3700
vn 0.0246 0.8799 -0.4745
vn 0.0331 0.8507 -0.5247
vn 0.0276 0.8832 -0.4682
vn 0.0222 0.8189 -0.5734
vn 0.0325 0.7840 -0.6199
vn 0.0291 0.8273 -0.5609
vn 0.0194 0.7469 -0.6647
vn 0.0317 0.7068 -0.7068
vn 0.0309 0.7618 -0.6471
vn 0.0321 0.6645 -0.7466
vn 0.0246 0.6875 -0.7258
vn 0.0305 0.6199 -0.7841
vn 0.0328 0.5733 -0.8187
vn 0.0248 0.6050 -0.7958
vn 0.0290 0.5248 -0.8508
vn 0.0333 0.4743 -0.8797
vn 0.0253 0.5154 -0.8566
vn 0.0273 0.4225 -0.9060
vn 0.0334 0.3690 -0.9288
vn 0.0261 0.4197 -0.9073
vn 0.0252 0.3144 -0.9489
vn 0.0332 0.2587 -0.9654
vn 0.0272 0.3192 -0.9473
vn 0.0228 0.2022 -0.9791
vn 0.0327 0.1449 -0.9889
vn 0.0287 0.2149 -0.9762
vn 0.0201 0.0871 -0.9960
vn 0.0319 0.0291 -0.9991
vn 0.0304 0.1081 -0.9937
vn 0.0319 -0.0291 -0.9991
vn 0.0245 0.0000 -0.9997
vn 0.0308 -0.0871 -0.9957
vn 0.0327 -0.1449 -0.9889
vn 0.0247 -0.1081 -0.9938
vn 0.0294 -0.2021 -0.9789
vn 0.0332 -0.2587 -0.9654
vn 0.0251 -0.2149 -0.9763
vn 0.0277 -0.3144 -0.9489
vn 0.0334 -0.3690 -0.9288
vn 0.0259 -0.3192 -0.9473
vn 0.0257 -0.4225 -0.9060
vn 0.0333 -0.4743 -0.8797
vn 0.0269 -0.4197 -0.9072
vn 0.0234 -0.5248 -0.8509
vn 0.0328 -0.5733 -0.8187
vn 0.0283 -0.5153 -0.8565
vn 0.0208 -0.6201 -0.7842
vn 0.0321 -0.6645 -0.7466
vn 0.0299 -0.6049 -0.7957
vn 0.0317 -0.7068 -0.7068
vn 0.0246 -0.6875 -0.7258
vn 0.0311 -0.7467 -0.6645
vn 0.0325 -0.7840 -0.6199
vn 0.0246 -0.7619 -0.6472
vn 0.0298 -0.8188 -0.5733
vn 0.0331 -0.8507 -0.5247
vn 0.0250 -0.8274 -0.5610
vn 0.0282 -0.8799 -0.4744
vn 0.0334 -0.9058 -0.4224
vn 0.0257 -0.8832 -0.4683
vn 0.0263 -0.9290 -0.3691
vn 0.0333 -0.9487 -0.3144
vn 0.0266 -0.9286 -0.3700
vn 0.0240 -0.9656 -0.2587
vn 0.0330 -0.9788 -0.2021
vn 0.0279 -0.9632 -0.2674
vn 0.0215 -0.9892 -0.1449
vn 0.0323 -0.9957 -0.0871
vn 0.0295 -0.9864 -0.1617
vn 0.0940 0.9825 -0.1611
vn 0.0940 0.9593 -0.2663
vn 0.0940 0.9249 -0.3685
vn 0.0940 0.8796 -0.4663
vn 0.0940 0.8240 -0.5587
vn 0.0940 0.7588 -0.6445
vn 0.0940 0.6847 -0.7228
vn 0.0940 0.6025 -0.7926
vn 0.0940 0.5133 -0.8531
vn 0.0940 0.4180 -0.9036
vn 0.0940 0.3179 -0.9435
vn 0.0940 0.2140 -0.9723
vn 0.0940 0.1076 -0.9897
vn 0.0940 0.0000 -0.9956
vn 0.0940 -0.1076 -0.9897
vn 0.0940 -0.2140 -0.9723
vn 0.0940 -0.3179 -0.9435
vn 0.0940 -0.4180 -0.9036
vn 0.0940 -0.5133 -0.8531
vn 0.0940 -0.6025 -0.7926
vn 0.0940 -0.6847 -0.7228
vn 0.0940 -0.7588 -0.6445
vn 0.0940 -0.8240 -0.5587
vn 0.0940 -0.8796 -0.4663
vn 0.0940 -0.9249 -0.3685
vn 0.0940 -0.9593 -0.2663
vn 0.0940 -0.9825 -0.1611
vn 0.1563 0.9747 -0.1598
vn 0.1563 0.9517 -0.2642
vn 0.1563 0.9176 -0.3656
vn 0.1563 0.8727 -0.4627
vn 0.1563 0.8175 -0.5543
vn 0.1563 0.7528 -0.6394
vn 0.1563 0.6792 -0.7171
vn 0.1563 0.5977 -0.7863
vn 0.1563 0.5092 -0.8463
vn 0.1563 0.4147 -0.8964
vn 0.1563 0.3154 -0.9360
vn 0.1563 0.2123 -0.9646
vn 0.1563 0.1068 -0.9819
vn 0.1563 0.0000 -0.9877
vn 0.1563 -0.1068 -0.9819
vn 0.1563 -0.2123 -0.9646
vn 0.1563 -0.3154 -0.9360
vn 0.1563 -0.4147 -0.8964
vn 0.1563 -0.5092 -0.8463
vn 0.1563 -0.5977 -0.7863
vn 0.1563 -0.6792 -0.7171
vn 0.1563 -0.7528 -0.6394
vn 0.1563 -0.8175 -0.5543
vn 0.1563 -0.8727 -0.4627
vn 0.1563 -0.9176 -0.3656
vn 0.1563 -0.8727 -0.4626
vn 0.1563 -0.9517 -0.2642
vn 0.1563 -0.9747 -0.1598
vn 0.2180 0.9631 -0.1579
vn 0.2180 0.9404 -0.2611
vn 0.2180 0.9066 -0.3612
vn 0.2180 0.8623 -0.4571
vn 0.2180 0.8078 -0.5477
vn 0.2180 0.7438 -0.6318
vn 0.2180 0.6712 -0.7085
vn 0.2180 0.5906 -0.7769
vn 0.2180 0.5032 -0.8363
vn 0.2180 0.4098 -0.8857
vn 0.2180 0.3116 -0.9249
vn 0.2180 0.2098 -0.9531
vn 0.2180 0.1055 -0.9702
vn 0.2180 0.0000 -0.9760
vn 0.2180 -0.1055 -0.9702
vn 0.2180 -0.2098 -0.9531
vn 0.2180 -0.3116 -0.9249
vn 0.2180 -0.4098 -0.8857
vn 0.2180 -0.5032 -0.8363
vn 0.2180 -0.5906 -0.7769
vn 0.2180 -0.6712 -0.7085
vn 0.2180 -0.7438 -0.6318
vn 0.2180 -0.8078 -0.5477
vn 0.2180 -0.8623 -0.4571
vn 0.2180 -0.9066 -0.3612
vn 0.2180 -0.9404 -0.2611
vn 0.2180 -0.9631 -0.1579
vn 0.2805 0.9472 -0.1553
vn 0.2779 0.9488 -0.1503
vn 0.2814 0.9246 -0.2567
vn 0.2771 0.9281 -0.2487
vn 0.2821 0.8912 -0.3551
vn 0.2763 0.8972 -0.3444
vn 0.2828 0.8474 -0.4493
vn 0.2756 0.8565 -0.4364
vn 0.2834 0.7938 -0.5382
vn 0.2750 0.8063 -0.5236
vn 0.2840 0.7308 -0.6207
vn 0.2744 0.7473 -0.6052
vn 0.2845 0.6593 -0.6960
vn 0.2739 0.6801 -0.6801
vn 0.2849 0.5801 -0.7631
vn 0.2735 0.6053 -0.7475
vn 0.2852 0.4941 -0.8213
vn 0.2731 0.5239 -0.8068
vn 0.2855 0.4024 -0.8698
vn 0.2728 0.4368 -0.8572
vn 0.2858 0.3060 -0.9081
vn 0.2726 0.3448 -0.8982
vn 0.2859 0.2060 -0.9358
vn 0.2724 0.2490 -0.9294
vn 0.2860 0.1036 -0.9526
vn 0.2722 0.1505 -0.9504
vn 0.2861 0.0000 -0.9582
vn 0.2722 0.0504 -0.9609
vn 0.2860 -0.1036 -0.9526
vn 0.2722 -0.0504 -0.9609
vn 0.2859 -0.2060 -0.9358
vn 0.2722 -0.1505 -0.9504
vn 0.2858 -0.3060 -0.9081
vn 0.2724 -0.2490 -0.9294
vn 0.2855 -0.4024 -0.8698
vn 0.2726 -0.3448 -0.8982
vn 0.2852 -0.4941 -0.8213
vn 0.2728 -0.4368 -0.8572
vn 0.2849 -0.5801 -0.7631
vn 0.2731 -0.5239 -0.8068
vn 0.2845 -0.6593 -0.6960
vn 0.2735 -0.6053 -0.7475
vn 0.2840 -0.7308 -0.6207
vn 0.2739 -0.6801 -0.6801
vn 0.2834 -0.7938 -0.5382
vn 0.2744 -0.7473 -0.6052
vn 0.2828 -0.8474 -0.4493
vn 0.2750 -0.8063 -0.5236
vn 0.2821 -0.8912 -0.3551
vn 0.2756 -0.8565 -0.4364
vn 0.2814 -0.9246 -0.2567
vn 0.2763 -0.8972 -0.3444
vn 0.2805 -0.9472 -0.1553
vn 0.2770 -0.9281 -0.2487
vn 0.2779 -0.9488 -0.1503
vn 0.3099 0.9391 -0.1487
vn 0.3081 0.9404 -0.1441
vn 0.3105 0.9182 -0.2460
vn 0.3075 0.9212 -0.2385
vn 0.3110 0.8873 -0.3406
vn 0.3070 0.8925 -0.3305
vn 0.3115 0.8467 -0.4314
vn 0.3065 0.8546 -0.4192
vn 0.3119 0.7968 -0.5175
vn 0.3061 0.8079 -0.5036
vn 0.3123 0.7383 -0.5978
vn 0.3057 0.7529 -0.5828
vn 0.3127 0.6717 -0.6717
vn 0.3054 0.6902 -0.6561
vn 0.3130 0.5977 -0.7381
vn 0.3051 0.6203 -0.7226
vn 0.3132 0.5172 -0.7965
vn 0.3048 0.5441 -0.7817
vn 0.3135 0.4311 -0.8461
vn 0.3046 0.4622 -0.8328
vn 0.3136 0.3403 -0.8865
vn 0.3044 0.3756 -0.8754
vn 0.3138 0.2457 -0.9171
vn 0.3042 0.2852 -0.9089
vn 0.3139 0.1485 -0.9378
vn 0.3041 0.1918 -0.9331
vn 0.3139 0.0497 -0.9482
vn 0.3041 0.0964 -0.9478
vn 0.3139 -0.0497 -0.9482
vn 0.3041 0.0000 -0.9527
vn 0.3139 -0.1485 -0.9378
vn 0.3041 -0.0964 -0.9478
vn 0.3138 -0.2457 -0.9171
vn 0.3041 -0.1918 -0.9331
vn 0.3136 -0.3403 -0.8865
vn 0.3042 -0.2852 -0.9089
vn 0.3135 -0.4311 -0.8461
vn 0.3044 -0.3756 -0.8754
vn 0.3132 -0.5172 -0.7965
vn 0.3046 -0.4622 -0.8328
vn 0.3130 -0.5977 -0.7381
vn 0.3048 -0.5441 -0.7817
vn 0.3127 -0.6717 -0.6717
vn 0.3051 -0.6203 -0.7226
vn 0.3123 -0.7383 -0.5978
vn 0.3054 -0.6902 -0.6561
vn 0.3119 -0.7968 -0.5175
vn 0.3057 -0.7529 -0.5828
vn 0.3115 -0.8467 -0.4314
vn 0.3061 -0.8079 -0.5036
vn 0.3110 -0.8873 -0.3406
vn 0.3065 -0.8546 -0.4192
vn 0.3105 -0.9182 -0.2460
vn 0.3070 -0.8925 -0.3305
vn 0.3099 -0.9391 -0.1487
vn 0.3075 -0.9212 -0.2385
vn 0.3081 -0.9404 -0.1441
vn 0.1562 0.9763 -0.1496
vn 0.1562 0.9562 -0.2476
vn 0.1562 0.9263 -0.3430
vn 0.1562 0.8868 -0.4350
vn 0.1563 0.9262 -0.3431
vn 0.1562 0.8382 -0.5225
vn 0.1562 0.7810 -0.6046
vn 0.1562 0.8383 -0.5224
vn 0.1562 0.7160 -0.6804
vn 0.1562 0.6434 -0.7494
vn 0.1562 0.7159 -0.6805
vn 0.1562 0.5642 -0.8107
vn 0.1563 0.4794 -0.8636
vn 0.1562 0.3895 -0.9077
vn 0.1562 0.4793 -0.8636
vn 0.1562 0.2957 -0.9424
vn 0.1563 0.1988 -0.9675
vn 0.1563 0.2956 -0.9424
vn 0.1562 0.0999 -0.9827
vn 0.1562 0.1988 -0.9675
vn 0.1562 0.0000 -0.9877
vn 0.1563 0.0999 -0.9826
vn 0.1563 -0.0999 -0.9826
vn 0.1562 -0.1988 -0.9675
vn 0.1562 -0.0999 -0.9827
vn 0.1562 -0.2957 -0.9424
vn 0.1562 -0.3895 -0.9077
vn 0.1563 -0.2956 -0.9424
vn 0.1562 -0.4794 -0.8636
vn 0.1562 -0.5642 -0.8107
vn 0.1562 -0.4793 -0.8636
vn 0.1562 -0.6435 -0.7494
vn 0.1563 -0.5642 -0.8107
vn 0.1562 -0.7160 -0.6804
vn 0.1562 -0.6433 -0.7495
vn 0.1562 -0.7811 -0.6046
vn 0.1562 -0.7159 -0.6805
vn 0.1562 -0.8383 -0.5224
vn 0.1563 -0.7810 -0.6047
vn 0.1562 -0.8868 -0.4350
vn 0.1562 -0.8382 -0.5225
vn 0.1562 -0.9263 -0.3430
vn 0.1563 -0.8868 -0.4350
vn 0.1562 -0.9562 -0.2475
vn 0.1562 -0.9262 -0.3431
vn 0.1562 -0.9763 -0.1496
vn 0.1562 -0.9562 -0.2476
vn 0.8087 0.5822 -0.0837
vn 0.8088 0.5715 -0.1386
vn 0.8088 0.5821 -0.0837
vn 0.8088 0.5557 -0.1923
vn 0.8088 0.5715 -0.1387
vn 0.8088 0.5350 -0.2443
vn 0.8088 0.5093 -0.2940
vn 0.8089 0.5349 -0.2443
vn 0.8088 0.4790 -0.3411
vn 0.8088 0.4444 -0.3851
vn 0.8088 0.4058 -0.4256
vn 0.8088 0.4445 -0.3851
vn 0.8088 0.3636 -0.4623
vn 0.8088 0.3180 -0.4947
vn 0.8088 0.3635 -0.4623
vn 0.8088 0.2695 -0.5227
vn 0.8088 0.3179 -0.4947
vn 0.8088 0.2186 -0.5460
vn 0.8088 0.2694 -0.5227
vn 0.8088 0.1657 -0.5643
vn 0.8088 0.1113 -0.5775
vn 0.8088 0.0559 -0.5854
vn 0.8088 0.1113 -0.5774
vn 0.8088 0.0000 -0.5881
vn 0.8088 -0.0559 -0.5854
vn 0.8088 -0.1113 -0.5775
vn 0.8088 -0.1657 -0.5643
vn 0.8088 -0.2186 -0.5460
vn 0.8088 -0.1656 -0.5643
vn 0.8088 -0.2695 -0.5227
vn 0.8088 -0.2186 -0.5459
vn 0.8088 -0.3180 -0.4947
vn 0.8088 -0.2694 -0.5227
vn 0.8088 -0.3636 -0.4623
vn 0.8088 -0.4059 -0.4256
vn 0.8088 -0.3635 -0.4623
vn 0.8088 -0.4445 -0.3851
vn 0.8088 -0.4057 -0.4256
vn 0.8088 -0.4790 -0.3411
vn 0.8088 -0.5094 -0.2940
vn 0.8088 -0.5350 -0.2443
vn 0.8088 -0.5093 -0.2940
vn 0.8088 -0.5558 -0.1923
vn 0.8089 -0.5349 -0.2443
vn 0.8088 -0.5715 -0.1386
vn 0.8088 -0.5557 -0.1924
vn 0.8087 -0.5822 -0.0837
vn 0.8088 -0.5715 -0.1387
vn 0.8088 -0.5821 -0.0837
vn 0.5074 0.8529 -0.1226
vn 0.4960 0.8660 -0.0639
vn 0.5146 0.8333 -0.2021
vn 0.6009 0.7933 -0.0978
vn 0.4925 0.8575 -0.1488
vn 0.5212 0.8065 -0.2791
vn 0.5919 0.7864 -0.1766
vn 0.4896 0.8404 -0.2326
vn 0.5272 0.7730 -0.3530
vn 0.5832 0.7713 -0.2548
vn 0.4871 0.8148 -0.3143
vn 0.5327 0.7329 -0.4232
vn 0.5747 0.7481 -0.3317
vn 0.4851 0.7811 -0.3931
vn 0.5376 0.6868 -0.4891
vn 0.5663 0.7171 -0.4062
vn 0.4837 0.7395 -0.4682
vn 0.5421 0.6350 -0.5503
vn 0.5584 0.6782 -0.4777
vn 0.4828 0.6904 -0.5388
vn 0.5460 0.5782 -0.6063
vn 0.5507 0.6321 -0.5452
vn 0.4824 0.6344 -0.6040
vn 0.5495 0.5165 -0.6568
vn 0.5432 0.5790 -0.6080
vn 0.4826 0.5721 -0.6632
vn 0.5524 0.4506 -0.7013
vn 0.5362 0.5193 -0.6654
vn 0.4832 0.5041 -0.7158
vn 0.5549 0.3812 -0.7394
vn 0.5295 0.4538 -0.7167
vn 0.4844 0.4312 -0.7612
vn 0.5569 0.3087 -0.7711
vn 0.5232 0.3832 -0.7612
vn 0.4861 0.3541 -0.7990
vn 0.5585 0.2337 -0.7959
vn 0.5172 0.3080 -0.7985
vn 0.4883 0.2738 -0.8287
vn 0.5596 0.1569 -0.8138
vn 0.5117 0.2292 -0.8280
vn 0.4910 0.1909 -0.8500
vn 0.5603 0.0787 -0.8246
vn 0.5066 0.1474 -0.8495
vn 0.4942 0.1064 -0.8628
vn 0.5605 0.0000 -0.8282
vn 0.5020 0.0636 -0.8625
vn 0.4978 0.0213 -0.8670
vn 0.5036 -0.0821 -0.8601
vn 0.4978 -0.0213 -0.8670
vn 0.5110 -0.1627 -0.8440
vn 0.6054 -0.0585 -0.7938
vn 0.4942 -0.1064 -0.8628
vn 0.5180 -0.2410 -0.8208
vn 0.5964 -0.1372 -0.7909
vn 0.4910 -0.1909 -0.8500
vn 0.5243 -0.3165 -0.7906
vn 0.5875 -0.2159 -0.7799
vn 0.4883 -0.2738 -0.8286
vn 0.5300 -0.3886 -0.7537
vn 0.5789 -0.2935 -0.7608
vn 0.4861 -0.3541 -0.7990
vn 0.5353 -0.4567 -0.7106
vn 0.5705 -0.3693 -0.7336
vn 0.4844 -0.4312 -0.7612
vn 0.5399 -0.5203 -0.6616
vn 0.5624 -0.4424 -0.6986
vn 0.4832 -0.5041 -0.7158
vn 0.5441 -0.5790 -0.6072
vn 0.5545 -0.5120 -0.6561
vn 0.4826 -0.5720 -0.6633
vn 0.5478 -0.6322 -0.5479
vn 0.5469 -0.5773 -0.6063
vn 0.4824 -0.6344 -0.6040
vn 0.5510 -0.6798 -0.4841
vn 0.5397 -0.6375 -0.5499
vn 0.4828 -0.6904 -0.5388
vn 0.5537 -0.7211 -0.4164
vn 0.5328 -0.6919 -0.4873
vn 0.4837 -0.7395 -0.4682
vn 0.5560 -0.7561 -0.3453
vn 0.5263 -0.7398 -0.4191
vn 0.4851 -0.7811 -0.3931
vn 0.5577 -0.7844 -0.2715
vn 0.5202 -0.7808 -0.3461
vn 0.4871 -0.8148 -0.3143
vn 0.5591 -0.8057 -0.1955
vn 0.5144 -0.8142 -0.2690
vn 0.4895 -0.8404 -0.2326
vn 0.5600 -0.8201 -0.1179
vn 0.5092 -0.8398 -0.1886
vn 0.4925 -0.8575 -0.1488
vn 0.5043 -0.8571 -0.1057
vn 0.4960 -0.8660 -0.0639
vn 0.3092 0.9490 -0.0622
vn 0.3088 0.9494 -0.0574
vn 0.3093 0.9453 -0.1035
vn 0.3087 0.9463 -0.0956
vn 0.3094 0.9399 -0.1447
vn 0.3087 0.9417 -0.1336
vn 0.3094 0.9326 -0.1855
vn 0.3086 0.9356 -0.1715
vn 0.3095 0.9237 -0.2260
vn 0.3086 0.9280 -0.2090
vn 0.3095 0.9129 -0.2661
vn 0.3086 0.9188 -0.2462
vn 0.3094 0.9005 -0.3057
vn 0.3086 0.9081 -0.2830
vn 0.3094 0.8863 -0.3447
vn 0.3086 0.8960 -0.3193
vn 0.3093 0.8704 -0.3830
vn 0.3087 0.8824 -0.3551
vn 0.3092 0.8529 -0.4206
vn 0.3087 0.8673 -0.3904
vn 0.3091 0.8338 -0.4574
vn 0.3088 0.8509 -0.4250
vn 0.3090 0.8131 -0.4934
vn 0.3090 0.8331 -0.4589
vn 0.3092 0.7907 -0.5283
vn 0.3091 0.8139 -0.4920
vn 0.3088 0.7935 -0.5244
vn 0.3093 0.7669 -0.5623
vn 0.3087 0.7717 -0.5560
vn 0.3094 0.7416 -0.5952
vn 0.3087 0.7487 -0.5866
vn 0.3094 0.7149 -0.6270
vn 0.3086 0.7245 -0.6163
vn 0.3095 0.6869 -0.6576
vn 0.3086 0.6991 -0.6450
vn 0.3095 0.6576 -0.6869
vn 0.3086 0.6726 -0.6726
vn 0.3094 0.6270 -0.7149
vn 0.3086 0.6450 -0.6991
vn 0.3094 0.5952 -0.7416
vn 0.3086 0.6163 -0.7245
vn 0.3093 0.5623 -0.7669
vn 0.3087 0.5866 -0.7487
vn 0.3092 0.5283 -0.7907
vn 0.3087 0.5560 -0.7717
vn 0.3091 0.4934 -0.8130
vn 0.3088 0.5244 -0.7935
vn 0.3090 0.4575 -0.8338
vn 0.3090 0.4920 -0.8139
vn 0.3092 0.4206 -0.8529
vn 0.3091 0.4588 -0.8330
vn 0.3088 0.4250 -0.8509
vn 0.3093 0.3830 -0.8704
vn 0.3087 0.3904 -0.8673
vn 0.3094 0.3447 -0.8863
vn 0.3087 0.3551 -0.8824
vn 0.3094 0.3057 -0.9005
vn 0.3086 0.3193 -0.8960
vn 0.3095 0.2661 -0.9129
vn 0.3086 0.2830 -0.9081
vn 0.3095 0.2260 -0.9237
vn 0.3086 0.2462 -0.9188
vn 0.3094 0.1855 -0.9326
vn 0.3086 0.2090 -0.9280
vn 0.3094 0.1447 -0.9399
vn 0.3086 0.1715 -0.9356
vn 0.3093 0.1035 -0.9453
vn 0.3087 0.1336 -0.9417
vn 0.3092 0.0622 -0.9490
vn 0.3087 0.0956 -0.9463
vn 0.3091 0.0207 -0.9508
vn 0.3088 0.0574 -0.9494
vn 0.3090 -0.0207 -0.9509
vn 0.3090 0.0191 -0.9509
vn 0.3092 -0.0622 -0.9490
vn 0.3091 -0.0191 -0.9508
vn 0.3088 -0.0574 -0.9494
vn 0.3093 -0.1035 -0.9453
vn 0.3087 -0.0956 -0.9463
vn 0.3094 -0.1447 -0.9399
vn 0.3087 -0.1336 -0.9417
vn 0.3094 -0.1855 -0.9326
vn 0.3086 -0.1715 -0.9356
vn 0.3095 -0.2260 -0.9237
vn 0.3086 -0.2090 -0.9280
vn 0.3095 -0.2661 -0.9129
vn 0.3086 -0.2462 -0.9188
vn 0.3094 -0.3057 -0.9005
vn 0.3086 -0.2830 -0.9081
vn 0.3094 -0.3447 -0.8863
vn 0.3086 -0.3193 -0.8960
vn 0.3093 -0.3830 -0.8704
vn 0.3087 -0.3551 -0.8824
vn 0.3092 -0.4206 -0.8529
vn 0.3087 -0.3904 -0.8673
vn 0.3091 -0.4574 -0.8338
vn 0.3088 -0.4250 -0.8509
vn 0.3089 -0.4934 -0.8131
vn 0.3090 -0.4589 -0.8331
vn 0.3092 -0.5283 -0.7907
vn 0.3091 -0.4920 -0.8139
vn 0.3088 -0.5244 -0.7935
vn 0.3093 -0.5623 -0.7669
vn 0.3087 -0.5560 -0.7717
vn 0.3094 -0.5952 -0.7416
vn 0.3087 -0.5866 -0.7487
vn 0.3094 -0.6270 -0.7149
vn 0.3086 -0.6163 -0.7245
vn 0.3095 -0.6576 -0.6869
vn 0.3086 -0.6450 -0.6991
vn 0.3095 -0.6869 -0.6576
vn 0.3086 -0.6726 -0.6726
vn 0.3094 -0.7149 -0.6270
vn 0.3086 -0.6991 -0.6450
vn 0.3094 -0.7416 -0.5952
vn 0.3086 -0.7245 -0.6163
vn 0.3093 -0.7669 -0.5623
vn 0.3087 -0.7487 -0.5866
vn 0.3092 -0.7907 -0.5283
vn 0.3087 -0.7717 -0.5560
vn 0.3091 -0.8130 -0.4934
vn 0.3088 -0.7935 -0.5244
vn 0.3090 -0.8338 -0.4575
vn 0.3090 -0.8139 -0.4920
vn 0.3092 -0.8529 -0.4206
vn 0.3091 -0.8330 -0.4588
vn 0.3088 -0.8509 -0.4250
vn 0.3093 -0.8704 -0.3830
vn 0.3087 -0.8673 -0.3904
vn 0.3094 -0.8863 -0.3447
vn 0.3087 -0.8824 -0.3551
vn 0.3094 -0.9005 -0.3057
vn 0.3086 -0.8960 -0.3193
vn 0.3095 -0.9129 -0.2661
vn 0.3086 -0.9081 -0.2830
vn 0.3095 -0.9237 -0.2260
vn 0.3086 -0.9188 -0.2462
vn 0.3094 -0.9326 -0.1855
vn 0.3086 -0.9280 -0.2090
vn 0.3094 -0.9399 -0.1447
vn 0.3086 -0.9356 -0.1715
vn 0.3093 -0.9453 -0.1035
vn 0.3087 -0.9417 -0.1336
vn 0.3092 -0.9490 -0.0622
vn 0.3087 -0.9463 -0.0956
vn 0.3088 -0.9494 -0.0574
vn 0.2987 0.9526 -0.0576
vn 0.2971 0.9500 -0.0960
vn 0.2990 0.9448 -0.1341
vn 0.2957 0.9498 -0.1021
vn 0.2957 0.9396 -0.1722
vn 0.2988 0.9310 -0.2097
vn 0.2964 0.9399 -0.1696
vn 0.2939 0.9233 -0.2474
vn 0.2984 0.9112 -0.2840
vn 0.2974 0.9251 -0.2361
vn 0.2985 0.8990 -0.3204
vn 0.2953 0.9065 -0.3017
vn 0.2975 0.8857 -0.3565
vn 0.2989 0.8702 -0.3917
vn 0.2955 0.8826 -0.3656
vn 0.2963 0.8545 -0.4267
vn 0.2989 0.8359 -0.4604
vn 0.2961 0.8541 -0.4275
vn 0.2947 0.8178 -0.4944
vn 0.2986 0.7962 -0.5262
vn 0.2970 0.8212 -0.4872
vn 0.2982 0.7745 -0.5579
vn 0.2953 0.7848 -0.5449
vn 0.2979 0.7514 -0.5887
vn 0.2988 0.7269 -0.6183
vn 0.2954 0.7439 -0.5995
vn 0.2968 0.7019 -0.6475
vn 0.2990 0.6748 -0.6748
vn 0.2958 0.6991 -0.6509
vn 0.2954 0.6478 -0.7022
vn 0.2988 0.6183 -0.7269
vn 0.2966 0.6508 -0.6990
vn 0.2935 0.5896 -0.7525
vn 0.2982 0.5579 -0.7745
vn 0.2977 0.5990 -0.7433
vn 0.2986 0.5262 -0.7962
vn 0.2953 0.5449 -0.7848
vn 0.2973 0.4939 -0.8171
vn 0.2989 0.4604 -0.8359
vn 0.2956 0.4875 -0.8216
vn 0.2960 0.4268 -0.8545
vn 0.2989 0.3917 -0.8702
vn 0.2962 0.4275 -0.8541
vn 0.2943 0.3568 -0.8866
vn 0.2985 0.3204 -0.8990
vn 0.2972 0.3654 -0.8821
vn 0.2984 0.2840 -0.9112
vn 0.2953 0.3017 -0.9065
vn 0.2977 0.2471 -0.9221
vn 0.2988 0.2097 -0.9310
vn 0.2954 0.2363 -0.9257
vn 0.2966 0.1721 -0.9394
vn 0.2990 0.1341 -0.9448
vn 0.2959 0.1696 -0.9400
vn 0.2950 0.0960 -0.9506
vn 0.2987 0.0576 -0.9526
vn 0.2968 0.1021 -0.9495
vn 0.2931 0.0192 -0.9559
vn 0.2981 -0.0192 -0.9544
vn 0.2979 0.0341 -0.9540
vn 0.2987 -0.0576 -0.9526
vn 0.2953 -0.0341 -0.9548
vn 0.2971 -0.0960 -0.9500
vn 0.2990 -0.1341 -0.9448
vn 0.2957 -0.1021 -0.9498
vn 0.2957 -0.1722 -0.9396
vn 0.2988 -0.2097 -0.9310
vn 0.2964 -0.1696 -0.9399
vn 0.2939 -0.2474 -0.9233
vn 0.2984 -0.2840 -0.9112
vn 0.2974 -0.2361 -0.9251
vn 0.2985 -0.3204 -0.8990
vn 0.2953 -0.3017 -0.9065
vn 0.2975 -0.3565 -0.8857
vn 0.2989 -0.3917 -0.8702
vn 0.2955 -0.3656 -0.8826
vn 0.2963 -0.4267 -0.8545
vn 0.2989 -0.4604 -0.8359
vn 0.2961 -0.4275 -0.8541
vn 0.2947 -0.4944 -0.8178
vn 0.2986 -0.5262 -0.7962
vn 0.2970 -0.4872 -0.8212
vn 0.2982 -0.5579 -0.7745
vn 0.2953 -0.5449 -0.7848
vn 0.2979 -0.5887 -0.7514
vn 0.2988 -0.6183 -0.7269
vn 0.2954 -0.5995 -0.7439
vn 0.2968 -0.6475 -0.7019
vn 0.2990 -0.6748 -0.6748
vn 0.2958 -0.6509 -0.6991
vn 0.2954 -0.7022 -0.6478
vn 0.2988 -0.7269 -0.6183
vn 0.2966 -0.6990 -0.6508
vn 0.2935 -0.7525 -0.5896
vn 0.2982 -0.7745 -0.5579
vn 0.2977 -0.7433 -0.5990
vn 0.2986 -0.7962 -0.5262
vn 0.2953 -0.7848 -0.5449
vn 0.2973 -0.8171 -0.4939
vn 0.2989 -0.8359 -0.4604
vn 0.2956 -0.8216 -0.4875
vn 0.2960 -0.8545 -0.4268
vn 0.2989 -0.8702 -0.3917
vn 0.2962 -0.8541 -0.4275
vn 0.2943 -0.8866 -0.3568
vn 0.2985 -0.8990 -0.3204
vn 0.2972 -0.8821 -0.3654
vn 0.2984 -0.9112 -0.2840
vn 0.2953 -0.9065 -0.3017
vn 0.2977 -0.9221 -0.2471
vn 0.2988 -0.9310 -0.2097
vn 0.2954 -0.9257 -0.2363
vn 0.2966 -0.9394 -0.1721
vn 0.2990 -0.9448 -0.1341
vn 0.2959 -0.9400 -0.1696
vn 0.2950 -0.9506 -0.0960
vn 0.2987 -0.9526 -0.0576
vn 0.2968 -0.9495 -0.1021
vn 0.2760 0.9557 -0.1027
vn 0.2760 0.9459 -0.1707
vn 0.2760 0.9313 -0.2377
vn 0.2760 0.9120 -0.3035
vn 0.2760 0.8880 -0.3678
vn 0.2760 0.8595 -0.4302
vn 0.2760 0.8266 -0.4905
vn 0.2760 0.7895 -0.5482
vn 0.2760 0.7484 -0.6031
vn 0.2760 0.7035 -0.6550
vn 0.2760 0.6550 -0.7035
vn 0.2760 0.6031 -0.7484
vn 0.2760 0.5482 -0.7895
vn 0.2760 0.4905 -0.8266
vn 0.2760 0.4302 -0.8595
vn 0.2760 0.3678 -0.8880
vn 0.2760 0.3035 -0.9120
vn 0.2760 0.2377 -0.9313
vn 0.2760 0.1707 -0.9459
vn 0.2760 0.1027 -0.9557
vn 0.2760 0.0343 -0.9605
vn 0.2760 -0.0343 -0.9605
vn 0.2760 -0.1027 -0.9557
vn 0.2760 -0.1707 -0.9459
vn 0.2760 -0.2377 -0.9313
vn 0.2760 -0.3035 -0.9120
vn 0.2760 -0.3678 -0.8880
vn 0.2760 -0.4302 -0.8595
vn 0.2760 -0.4905 -0.8266
vn 0.2760 -0.5482 -0.7895
vn 0.2760 -0.6031 -0.7484
vn 0.2760 -0.6550 -0.7035
vn 0.2760 -0.7035 -0.6550
vn 0.2760 -0.6549 -0.7035
vn 0.2760 -0.7484 -0.6031
vn 0.2760 -0.7895 -0.5482
vn 0.2760 -0.8266 -0.4905
vn 0.2760 -0.8595 -0.4302
vn 0.2760 -0.8880 -0.3678
vn 0.2760 -0.9120 -0.3035
vn 0.2760 -0.9313 -0.2377
vn 0.2760 -0.9459 -0.1707
vn 0.2760 -0.9557 -0.1027
vn 0.2538 0.9617 -0.1034
vn 0.2538 0.9519 -0.1717
vn 0.2538 0.9372 -0.2392
vn 0.2538 0.9178 -0.3055
vn 0.2538 0.8936 -0.3702
vn 0.2538 0.8649 -0.4330
vn 0.2538 0.8318 -0.4936
vn 0.2538 0.7945 -0.5516
vn 0.2538 0.7531 -0.6069
vn 0.2538 0.7079 -0.6591
vn 0.2538 0.6591 -0.7079
vn 0.2538 0.6069 -0.7531
vn 0.2538 0.5516 -0.7945
vn 0.2538 0.4936 -0.8318
vn 0.2538 0.4330 -0.8649
vn 0.2538 0.3701 -0.8936
vn 0.2538 0.3055 -0.9178
vn 0.2538 0.3702 -0.8936
vn 0.2538 0.2392 -0.9372
vn 0.2538 0.1717 -0.9519
vn 0.2538 0.1034 -0.9617
vn 0.2538 0.0345 -0.9666
vn 0.2538 -0.0345 -0.9666
vn 0.2538 -0.1034 -0.9617
vn 0.2538 -0.1717 -0.9519
vn 0.2538 -0.2392 -0.9372
vn 0.2538 -0.3055 -0.9178
vn 0.2538 -0.3702 -0.8936
vn 0.2538 -0.4330 -0.8649
vn 0.2538 -0.4936 -0.8319
vn 0.2538 -0.5516 -0.7945
vn 0.2538 -0.4936 -0.8318
vn 0.2538 -0.6069 -0.7531
vn 0.2538 -0.6591 -0.7079
vn 0.2538 -0.7079 -0.6591
vn 0.2538 -0.7531 -0.6069
vn 0.2538 -0.7945 -0.5516
vn 0.2538 -0.8319 -0.4936
vn 0.2538 -0.8649 -0.4330
vn 0.2538 -0.8318 -0.4936
vn 0.2538 -0.8936 -0.3702
vn 0.2538 -0.9178 -0.3055
vn 0.2538 -0.9372 -0.2392
vn 0.2538 -0.9519 -0.1717
vn 0.2538 -0.9617 -0.1034
vn 0.2315 0.9673 -0.1040
vn 0.2315 0.9574 -0.1727
vn 0.2315 0.9426 -0.2406
vn 0.2315 0.9230 -0.3072
vn 0.2315 0.8988 -0.3723
vn 0.2315 0.8699 -0.4355
vn 0.2315 0.8366 -0.4964
vn 0.2315 0.7991 -0.5548
vn 0.2315 0.7575 -0.6104
vn 0.2315 0.7120 -0.6629
vn 0.2315 0.6629 -0.7120
vn 0.2315 0.6104 -0.7575
vn 0.2315 0.5548 -0.7991
vn 0.2315 0.4964 -0.8366
vn 0.2315 0.4355 -0.8699
vn 0.2315 0.3723 -0.8988
vn 0.2315 0.3072 -0.9230
vn 0.2315 0.2406 -0.9426
vn 0.2315 0.1727 -0.9574
vn 0.2315 0.1040 -0.9673
vn 0.2315 0.0347 -0.9722
vn 0.2315 -0.0347 -0.9722
vn 0.2315 -0.1040 -0.9673
vn 0.2315 -0.1727 -0.9574
vn 0.2315 -0.2406 -0.9426
vn 0.2315 -0.3072 -0.9230
vn 0.2315 -0.3723 -0.8988
vn 0.2315 -0.4355 -0.8699
vn 0.2315 -0.4964 -0.8366
vn 0.2315 -0.5548 -0.7991
vn 0.2315 -0.6104 -0.7575
vn 0.2315 -0.6629 -0.7120
vn 0.2315 -0.7120 -0.6629
vn 0.2315 -0.7575 -0.6104
vn 0.2315 -0.7991 -0.5548
vn 0.2315 -0.8366 -0.4964
vn 0.2315 -0.8699 -0.4355
vn 0.2315 -0.8988 -0.3723
vn 0.2315 -0.9230 -0.3072
vn 0.2315 -0.9426 -0.2406
vn 0.2315 -0.9574 -0.1727
vn 0.2315 -0.9673 -0.1040
vn 0.2091 0.9723 -0.1045
vn 0.2091 0.9624 -0.1736
vn 0.2091 0.9475 -0.2418
vn 0.2091 0.9278 -0.3088
vn 0.2091 0.9035 -0.3742
vn 0.2091 0.8745 -0.4377
vn 0.2091 0.8410 -0.4990
vn 0.2091 0.8033 -0.5577
vn 0.2091 0.7614 -0.6136
vn 0.2091 0.7157 -0.6664
vn 0.2091 0.6664 -0.7157
vn 0.2091 0.6136 -0.7614
vn 0.2091 0.5577 -0.8033
vn 0.2091 0.4990 -0.8410
vn 0.2091 0.4377 -0.8745
vn 0.2091 0.3742 -0.9035
vn 0.2091 0.3088 -0.9278
vn 0.2091 0.2418 -0.9475
vn 0.2091 0.1736 -0.9624
vn 0.2091 0.1045 -0.9723
vn 0.2091 0.0349 -0.9773
vn 0.2091 -0.0349 -0.9773
vn 0.2091 -0.1045 -0.9723
vn 0.2091 -0.1736 -0.9624
vn 0.2091 -0.2418 -0.9475
vn 0.2091 -0.3088 -0.9278
vn 0.2091 -0.3742 -0.9035
vn 0.2091 -0.4377 -0.8745
vn 0.2091 -0.4990 -0.8410
vn 0.2091 -0.5577 -0.8033
vn 0.2091 -0.6136 -0.7614
vn 0.2091 -0.6664 -0.7157
vn 0.2091 -0.7157 -0.6664
vn 0.2091 -0.7614 -0.6136
vn 0.2091 -0.8033 -0.5577
vn 0.2091 -0.8410 -0.4990
vn 0.2091 -0.8745 -0.4377
vn 0.2091 -0.9035 -0.3742
vn 0.2091 -0.9278 -0.3088
vn 0.2091 -0.9475 -0.2418
vn 0.2091 -0.9624 -0.1736
vn 0.2091 -0.9723 -0.1045
vn 0.1866 0.9768 -0.1050
vn 0.1866 0.9668 -0.1744
vn 0.1866 0.9519 -0.2430
vn 0.1866 0.9322 -0.3103
vn 0.1866 0.9077 -0.3760
vn 0.1866 0.8785 -0.4398
vn 0.1866 0.8449 -0.5013
vn 0.1866 0.8070 -0.5603
vn 0.1866 0.7650 -0.6164
vn 0.1866 0.7190 -0.6695
vn 0.1866 0.7650 -0.6165
vn 0.1866 0.6694 -0.7190
vn 0.1866 0.6164 -0.7650
vn 0.1866 0.5603 -0.8070
vn 0.1866 0.5013 -0.8449
vn 0.1866 0.4398 -0.8785
vn 0.1866 0.3760 -0.9077
vn 0.1866 0.3103 -0.9322
vn 0.1866 0.2430 -0.9519
vn 0.1866 0.1744 -0.9668
vn 0.1866 0.1050 -0.9768
vn 0.1866 0.0351 -0.9818
vn 0.1866 -0.0351 -0.9818
vn 0.1866 -0.1050 -0.9768
vn 0.1866 -0.1744 -0.9668
vn 0.1866 -0.2430 -0.9519
vn 0.1866 -0.3103 -0.9322
vn 0.1866 -0.3760 -0.9077
vn 0.1866 -0.4398 -0.8785
vn 0.1866 -0.5013 -0.8449
vn 0.1866 -0.5603 -0.8070
vn 0.1866 -0.6164 -0.7650
vn 0.1866 -0.6694 -0.7190
vn 0.1866 -0.7190 -0.6695
vn 0.1866 -0.6695 -0.7190
vn 0.1866 -0.7650 -0.6164
vn 0.1866 -0.8070 -0.5603
vn 0.1866 -0.8449 -0.5013
vn 0.1866 -0.8785 -0.4398
vn 0.1866 -0.9077 -0.3760
vn 0.1866 -0.9322 -0.3102
vn 0.1866 -0.9519 -0.2430
vn 0.1866 -0.9322 -0.3103
vn 0.1866 -0.9668 -0.1744
vn 0.1866 -0.9768 -0.1050
vn -0.8658 0.4975 -0.0535
vn -0.8658 0.4924 -0.0888
vn -0.8658 0.4848 -0.1237
vn -0.8658 0.4748 -0.1580
vn -0.8658 0.4849 -0.1237
vn -0.8658 0.4623 -0.1915
vn -0.8658 0.4474 -0.2240
vn -0.8658 0.4303 -0.2553
vn -0.8658 0.4475 -0.2240
vn -0.8658 0.4110 -0.2854
vn -0.8658 0.3896 -0.3140
vn -0.8658 0.3662 -0.3410
vn -0.8658 0.3410 -0.3662
vn -0.8658 0.3140 -0.3896
vn -0.8658 0.2854 -0.4110
vn -0.8658 0.2553 -0.4303
vn -0.8658 0.2240 -0.4474
vn -0.8658 0.2554 -0.4303
vn -0.8658 0.1915 -0.4623
vn -0.8658 0.1580 -0.4748
vn -0.8658 0.1237 -0.4848
vn -0.8658 0.0888 -0.4924
vn -0.8658 0.1238 -0.4848
vn -0.8658 0.0535 -0.4975
vn -0.8658 0.0179 -0.5001
vn -0.8658 -0.0179 -0.5001
vn -0.8658 -0.0535 -0.4975
vn -0.8658 -0.0888 -0.4924
vn -0.8658 -0.1237 -0.4848
vn -0.8658 -0.1580 -0.4748
vn -0.8658 -0.1238 -0.4848
vn -0.8658 -0.1915 -0.4623
vn -0.8658 -0.2240 -0.4475
vn -0.8658 -0.2553 -0.4303
vn -0.8658 -0.2240 -0.4474
vn -0.8658 -0.2854 -0.4110
vn -0.8658 -0.3140 -0.3896
vn -0.8658 -0.3410 -0.3662
vn -0.8658 -0.3662 -0.3410
vn -0.8658 -0.3896 -0.3140
vn -0.8658 -0.3663 -0.3410
vn -0.8658 -0.4110 -0.2854
vn -0.8658 -0.3897 -0.3140
vn -0.8658 -0.4303 -0.2553
vn -0.8658 -0.4475 -0.2240
vn -0.8658 -0.4623 -0.1915
vn -0.8658 -0.4748 -0.1580
vn -0.8658 -0.4848 -0.1237
vn -0.8658 -0.4924 -0.0888
vn -0.8658 -0.4849 -0.1237
vn -0.8658 -0.4975 -0.0535
vn -0.6421 0.7622 -0.0819
vn -0.6421 0.7544 -0.1361
vn -0.6421 0.7083 -0.2934
vn -0.6421 0.6855 -0.3431
vn -0.6421 0.6593 -0.3912
vn -0.6421 0.6855 -0.3432
vn -0.6421 0.5969 -0.4810
vn -0.6421 0.5611 -0.5224
vn -0.6421 0.5224 -0.5611
vn -0.6422 0.5610 -0.5224
vn -0.6421 0.4810 -0.5969
vn -0.6421 0.3912 -0.6593
vn -0.6421 0.3432 -0.6855
vn -0.6421 0.2934 -0.7082
vn -0.6421 0.3431 -0.6855
vn -0.6421 0.2421 -0.7274
vn -0.6421 0.1896 -0.7428
vn -0.6421 0.1361 -0.7544
vn -0.6421 0.0819 -0.7622
vn -0.6421 -0.0274 -0.7661
vn -0.6421 -0.0819 -0.7622
vn -0.6421 -0.1361 -0.7544
vn -0.6421 -0.2933 -0.7082
vn -0.6421 -0.3432 -0.6855
vn -0.6421 -0.2934 -0.7082
vn -0.6421 -0.3912 -0.6593
vn -0.6421 -0.3431 -0.6855
vn -0.6421 -0.4810 -0.5969
vn -0.6421 -0.5224 -0.5611
vn -0.6421 -0.5611 -0.5224
vn -0.6421 -0.5969 -0.4810
vn -0.6421 -0.6593 -0.3912
vn -0.6421 -0.6855 -0.3432
vn -0.6421 -0.7083 -0.2934
vn -0.6421 -0.6855 -0.3431
vn -0.6421 -0.7274 -0.2421
vn -0.6421 -0.7428 -0.1896
vn -0.6421 -0.7544 -0.1361
vn -0.6421 -0.7622 -0.0819
vn -0.3410 0.9347 -0.1005
vn -0.3410 0.9251 -0.1669
vn -0.3410 0.9109 -0.2325
vn -0.3410 0.8919 -0.2969
vn -0.3410 0.8685 -0.3597
vn -0.3410 0.8920 -0.2969
vn -0.3410 0.8406 -0.4208
vn -0.3410 0.8685 -0.3598
vn -0.3410 0.8085 -0.4797
vn -0.3410 0.7722 -0.5361
vn -0.3410 0.7320 -0.5898
vn -0.3410 0.6880 -0.6406
vn -0.3410 0.7320 -0.5899
vn -0.3410 0.6406 -0.6880
vn -0.3410 0.5899 -0.7320
vn -0.3410 0.5361 -0.7722
vn -0.3410 0.4797 -0.8085
vn -0.3410 0.4208 -0.8406
vn -0.3410 0.3597 -0.8685
vn -0.3410 0.2969 -0.8919
vn -0.3410 0.2325 -0.9109
vn -0.3410 0.2969 -0.8920
vn -0.3410 0.1669 -0.9251
vn -0.3410 0.1005 -0.9347
vn -0.3410 0.0335 -0.9395
vn -0.3410 -0.0336 -0.9395
vn -0.3410 0.0336 -0.9395
vn -0.3410 -0.1005 -0.9347
vn -0.3410 -0.1669 -0.9251
vn -0.3410 -0.2325 -0.9109
vn -0.3410 -0.2969 -0.8920
vn -0.3410 -0.3597 -0.8685
vn -0.3410 -0.4208 -0.8406
vn -0.3410 -0.4797 -0.8085
vn -0.3410 -0.5361 -0.7722
vn -0.3410 -0.5898 -0.7320
vn -0.3410 -0.6406 -0.6880
vn -0.3410 -0.5899 -0.7320
vn -0.3410 -0.6880 -0.6406
vn -0.3410 -0.7320 -0.5899
vn -0.3410 -0.7722 -0.5361
vn -0.3410 -0.8085 -0.4797
vn -0.3410 -0.8406 -0.4208
vn -0.3410 -0.8685 -0.3597
vn -0.3410 -0.8919 -0.2969
vn -0.3410 -0.8685 -0.3598
vn -0.3410 -0.9109 -0.2325
vn -0.3410 -0.8920 -0.2969
vn -0.3410 -0.9251 -0.1669
vn -0.3410 -0.9347 -0.1005
vn 0.0054 0.9943 -0.1069
vn 0.0100 0.9841 -0.1775
vn -0.0092 0.9940 -0.1094
vn 0.0144 0.9688 -0.2473
vn -0.0137 0.9833 -0.1816
vn 0.0186 0.9487 -0.3158
vn -0.0180 0.9673 -0.2529
vn 0.0225 0.9236 -0.3826
vn -0.0221 0.9462 -0.3228
vn 0.0263 0.8939 -0.4475
vn -0.0259 0.9200 -0.3910
vn 0.0297 0.8596 -0.5100
vn -0.0295 0.8890 -0.4570
vn 0.0330 0.8210 -0.5700
vn -0.0329 0.8531 -0.5207
vn 0.0360 0.7781 -0.6271
vn -0.0360 0.8128 -0.5815
vn 0.0388 0.7313 -0.6809
vn -0.0389 0.7681 -0.6392
vn 0.0413 0.6808 -0.7313
vn -0.0415 0.7193 -0.6935
vn 0.0436 0.6269 -0.7779
vn -0.0440 0.6667 -0.7440
vn 0.0457 0.5697 -0.8206
vn -0.0462 0.6105 -0.7907
vn 0.0475 0.5097 -0.8590
vn -0.0481 0.5511 -0.8330
vn 0.0492 0.4471 -0.8931
vn -0.0499 0.4888 -0.8710
vn 0.0506 0.3822 -0.9227
vn -0.0513 0.4239 -0.9043
vn 0.0517 0.3154 -0.9476
vn -0.0526 0.3567 -0.9327
vn 0.0526 0.2470 -0.9676
vn -0.0537 0.2877 -0.9562
vn 0.0533 0.1773 -0.9827
vn -0.0545 0.2171 -0.9746
vn 0.0538 0.1067 -0.9928
vn -0.0551 0.1454 -0.9878
vn 0.0540 0.0356 -0.9979
vn -0.0554 0.0729 -0.9958
vn 0.0540 -0.0356 -0.9979
vn -0.0555 0.0000 -0.9985
vn 0.0538 -0.1067 -0.9928
vn -0.0554 -0.0729 -0.9958
vn 0.0533 -0.1773 -0.9827
vn -0.0550 -0.1454 -0.9878
vn 0.0526 -0.2470 -0.9676
vn -0.0545 -0.2171 -0.9746
vn 0.0517 -0.3154 -0.9476
vn -0.0537 -0.2877 -0.9562
vn 0.0506 -0.3822 -0.9227
vn -0.0526 -0.3567 -0.9327
vn 0.0492 -0.4471 -0.8931
vn -0.0513 -0.4239 -0.9043
vn 0.0475 -0.5097 -0.8590
vn -0.0499 -0.4888 -0.8710
vn 0.0457 -0.5697 -0.8206
vn -0.0481 -0.5511 -0.8330
vn 0.0436 -0.6269 -0.7779
vn -0.0462 -0.6105 -0.7907
vn 0.0413 -0.6808 -0.7313
vn -0.0440 -0.6667 -0.7440
vn 0.0388 -0.7313 -0.6809
vn -0.0415 -0.7193 -0.6935
vn 0.0360 -0.7781 -0.6271
vn -0.0389 -0.7681 -0.6392
vn 0.0330 -0.8210 -0.5700
vn -0.0360 -0.8128 -0.5815
vn 0.0297 -0.8596 -0.5100
vn -0.0329 -0.8531 -0.5207
vn 0.0263 -0.8939 -0.4475
vn -0.0295 -0.8890 -0.4570
vn 0.0225 -0.9236 -0.3826
vn -0.0259 -0.9200 -0.3910
vn 0.0186 -0.9487 -0.3158
vn -0.0221 -0.9462 -0.3228
vn 0.0144 -0.9688 -0.2473
vn -0.0180 -0.9673 -0.2529
vn 0.0100 -0.9841 -0.1775
vn -0.0137 -0.9833 -0.1816
vn 0.0054 -0.9943 -0.1069
vn -0.0092 -0.9940 -0.1094
vn 0.1735 0.9789 -0.1077
vn 0.1736 0.9833 -0.0539
vn 0.1735 0.9684 -0.1789
vn 0.1827 0.9791 -0.0897
vn 0.1736 0.9768 -0.1256
vn 0.1735 0.9528 -0.2491
vn 0.1827 0.9699 -0.1609
vn 0.1736 0.9650 -0.1965
vn 0.1735 0.9321 -0.3180
vn 0.1827 0.9556 -0.2313
vn 0.1736 0.9481 -0.2664
vn 0.1735 0.9064 -0.3852
vn 0.1827 0.9362 -0.3004
vn 0.1736 0.9261 -0.3349
vn 0.1735 0.8758 -0.4503
vn 0.1827 0.9117 -0.3679
vn 0.1736 0.8992 -0.4017
vn 0.1735 0.8406 -0.5130
vn 0.1827 0.8824 -0.4335
vn 0.1736 0.8675 -0.4662
vn 0.1735 0.8009 -0.5730
vn 0.1827 0.8485 -0.4968
vn 0.1736 0.8311 -0.5283
vn 0.1735 0.7570 -0.6300
vn 0.1827 0.8099 -0.5574
vn 0.1736 0.7903 -0.5876
vn 0.1735 0.7090 -0.6835
vn 0.1827 0.7671 -0.6150
vn 0.1736 0.7453 -0.6437
vn 0.1735 0.6572 -0.7335
vn 0.1827 0.7201 -0.6694
vn 0.1736 0.6964 -0.6964
vn 0.1735 0.6019 -0.7795
vn 0.1826 0.6694 -0.7201
vn 0.1736 0.6437 -0.7453
vn 0.1735 0.5434 -0.8213
vn 0.1827 0.6150 -0.7671
vn 0.1736 0.5876 -0.7903
vn 0.1735 0.4820 -0.8588
vn 0.1827 0.5574 -0.8099
vn 0.1736 0.5283 -0.8311
vn 0.1735 0.4180 -0.8917
vn 0.1827 0.4968 -0.8484
vn 0.1736 0.4662 -0.8675
vn 0.1735 0.3518 -0.9198
vn 0.1826 0.4335 -0.8824
vn 0.1736 0.4017 -0.8992
vn 0.1735 0.2837 -0.9431
vn 0.1827 0.3679 -0.9117
vn 0.1736 0.3349 -0.9261
vn 0.1735 0.2141 -0.9613
vn 0.1826 0.3004 -0.9362
vn 0.1736 0.2665 -0.9481
vn 0.1735 0.1434 -0.9743
vn 0.1827 0.2313 -0.9556
vn 0.1736 0.1965 -0.9650
vn 0.1735 0.0719 -0.9822
vn 0.1827 0.1609 -0.9699
vn 0.1736 0.1256 -0.9768
vn 0.1735 0.0000 -0.9848
vn 0.1827 0.0897 -0.9791
vn 0.1736 0.0539 -0.9833
vn 0.1735 -0.0719 -0.9822
vn 0.1826 0.0180 -0.9830
vn 0.1736 -0.0180 -0.9846
vn 0.1735 -0.1434 -0.9743
vn 0.1827 -0.0539 -0.9817
vn 0.1736 -0.0898 -0.9807
vn 0.1735 -0.2141 -0.9613
vn 0.1827 -0.1254 -0.9752
vn 0.1736 -0.1612 -0.9715
vn 0.1735 -0.2837 -0.9431
vn 0.1827 -0.1962 -0.9634
vn 0.1736 -0.2316 -0.9572
vn 0.1735 -0.3518 -0.9198
vn 0.1826 -0.2660 -0.9465
vn 0.1736 -0.3009 -0.9377
vn 0.1735 -0.4180 -0.8917
vn 0.1827 -0.3344 -0.9246
vn 0.1736 -0.3685 -0.9133
vn 0.1735 -0.4820 -0.8588
vn 0.1827 -0.4010 -0.8977
vn 0.1736 -0.4342 -0.8839
vn 0.1735 -0.5434 -0.8213
vn 0.1827 -0.4654 -0.8660
vn 0.1736 -0.4976 -0.8499
vn 0.1735 -0.6019 -0.7795
vn 0.1827 -0.5274 -0.8297
vn 0.1736 -0.5583 -0.8113
vn 0.1735 -0.6572 -0.7335
vn 0.1827 -0.5866 -0.7890
vn 0.1736 -0.6160 -0.7684
vn 0.1735 -0.7090 -0.6835
vn 0.1827 -0.6426 -0.7441
vn 0.1736 -0.6705 -0.7213
vn 0.1735 -0.7570 -0.6300
vn 0.1827 -0.6952 -0.6952
vn 0.1736 -0.7213 -0.6705
vn 0.1735 -0.8009 -0.5730
vn 0.1827 -0.7441 -0.6426
vn 0.1736 -0.7684 -0.6160
vn 0.1735 -0.8406 -0.5130
vn 0.1827 -0.7890 -0.5866
vn 0.1736 -0.8113 -0.5583
vn 0.1735 -0.8758 -0.4503
vn 0.1827 -0.8297 -0.5274
vn 0.1736 -0.8499 -0.4976
vn 0.1735 -0.9064 -0.3852
vn 0.1827 -0.8660 -0.4654
vn 0.1736 -0.8839 -0.4342
vn 0.1735 -0.9321 -0.3180
vn 0.1827 -0.8977 -0.4010
vn 0.1736 -0.9133 -0.3685
vn 0.1735 -0.9528 -0.2491
vn 0.1827 -0.9246 -0.3344
vn 0.1736 -0.9377 -0.3009
vn 0.1735 -0.9684 -0.1789
vn 0.1827 -0.9465 -0.2660
vn 0.1736 -0.9572 -0.2316
vn 0.1735 -0.9789 -0.1077
vn 0.1827 -0.9634 -0.1962
vn 0.1736 -0.9715 -0.1612
vn 0.1827 -0.9752 -0.1254
vn 0.1736 -0.9807 -0.0898
vn 0.3461 0.9368 -0.0514
vn 0.3370 0.9376 -0.0859
vn 0.3494 0.9293 -0.1195
vn 0.2953 0.9502 -0.0999
vn 0.3313 0.9308 -0.1544
vn 0.3519 0.9172 -0.1868
vn 0.2970 0.9404 -0.1658
vn 0.3246 0.9193 -0.2225
vn 0.3535 0.9005 -0.2531
vn 0.2995 0.9258 -0.2308
vn 0.3171 0.9030 -0.2898
vn 0.3544 0.8793 -0.3180
vn 0.3029 0.9064 -0.2945
vn 0.3087 0.8820 -0.3560
vn 0.3545 0.8537 -0.3814
vn 0.3070 0.8824 -0.3565
vn 0.2994 0.8564 -0.4207
vn 0.3538 0.8239 -0.4428
vn 0.3120 0.8539 -0.4165
vn 0.2892 0.8261 -0.4837
vn 0.3523 0.7898 -0.5020
vn 0.3178 0.8211 -0.4741
vn 0.2779 0.7913 -0.5446
vn 0.3501 0.7518 -0.5589
vn 0.3243 0.7842 -0.5290
vn 0.2658 0.7521 -0.6030
vn 0.3470 0.7098 -0.6130
vn 0.3316 0.7434 -0.5808
vn 0.2526 0.7087 -0.6587
vn 0.3431 0.6642 -0.6642
vn 0.3397 0.6989 -0.6293
vn 0.3451 0.6390 -0.6875
vn 0.2944 0.6639 -0.6875
vn 0.3383 0.6151 -0.7122
vn 0.3486 0.5863 -0.7313
vn 0.2950 0.6142 -0.7319
vn 0.3328 0.5626 -0.7568
vn 0.3513 0.5308 -0.7713
vn 0.2965 0.5613 -0.7726
vn 0.3264 0.5071 -0.7977
vn 0.3532 0.4727 -0.8073
vn 0.2988 0.5057 -0.8093
vn 0.3191 0.4487 -0.8348
vn 0.3543 0.4123 -0.8393
vn 0.3020 0.4476 -0.8417
vn 0.3109 0.3876 -0.8678
vn 0.3546 0.3499 -0.8671
vn 0.3059 0.3872 -0.8698
vn 0.3018 0.3242 -0.8965
vn 0.3541 0.2857 -0.8905
vn 0.3107 0.3251 -0.8932
vn 0.2918 0.2588 -0.9208
vn 0.3528 0.2201 -0.9095
vn 0.3163 0.2615 -0.9119
vn 0.2809 0.1915 -0.9404
vn 0.3507 0.1533 -0.9239
vn 0.3226 0.1968 -0.9258
vn 0.2689 0.1228 -0.9553
vn 0.3478 0.0855 -0.9337
vn 0.3297 0.1314 -0.9349
vn 0.2560 0.0529 -0.9652
vn 0.3441 0.0171 -0.9388
vn 0.3376 0.0657 -0.9390
vn 0.3441 -0.0171 -0.9388
vn 0.2944 0.0000 -0.9557
vn 0.3396 -0.0515 -0.9392
vn 0.3478 -0.0855 -0.9337
vn 0.2948 -0.0667 -0.9532
vn 0.3343 -0.1202 -0.9348
vn 0.3507 -0.1533 -0.9239
vn 0.2960 -0.1329 -0.9459
vn 0.3281 -0.1885 -0.9257
vn 0.3528 -0.2201 -0.9095
vn 0.2982 -0.1985 -0.9337
vn 0.3210 -0.2562 -0.9118
vn 0.3541 -0.2857 -0.8905
vn 0.3011 -0.2629 -0.9167
vn 0.3130 -0.3230 -0.8931
vn 0.3546 -0.3499 -0.8671
vn 0.3048 -0.3258 -0.8950
vn 0.3042 -0.3885 -0.8698
vn 0.3543 -0.4123 -0.8393
vn 0.3094 -0.3868 -0.8687
vn 0.2944 -0.4524 -0.8418
vn 0.3532 -0.4727 -0.8073
vn 0.3148 -0.4456 -0.8381
vn 0.2837 -0.5144 -0.8093
vn 0.3513 -0.5308 -0.7713
vn 0.3209 -0.5019 -0.8032
vn 0.2720 -0.5741 -0.7723
vn 0.3486 -0.5863 -0.7313
vn 0.3279 -0.5553 -0.7643
vn 0.2593 -0.6313 -0.7309
vn 0.3451 -0.6390 -0.6875
vn 0.3356 -0.6055 -0.7216
vn 0.3431 -0.6642 -0.6642
vn 0.2944 -0.6639 -0.6875
vn 0.3408 -0.6886 -0.6401
vn 0.3470 -0.7098 -0.6130
vn 0.2946 -0.7102 -0.6394
vn 0.3357 -0.7349 -0.5892
vn 0.3501 -0.7518 -0.5589
vn 0.2957 -0.7528 -0.5881
vn 0.3297 -0.7777 -0.5352
vn 0.3523 -0.7898 -0.5020
vn 0.2976 -0.7915 -0.5339
vn 0.3228 -0.8168 -0.4782
vn 0.3538 -0.8239 -0.4428
vn 0.3003 -0.8261 -0.4769
vn 0.3151 -0.8518 -0.4185
vn 0.3545 -0.8537 -0.3814
vn 0.3038 -0.8563 -0.4177
vn 0.3065 -0.8827 -0.3562
vn 0.3544 -0.8793 -0.3180
vn 0.3082 -0.8821 -0.3564
vn 0.2969 -0.9092 -0.2918
vn 0.3535 -0.9005 -0.2531
vn 0.3134 -0.9032 -0.2934
vn 0.2865 -0.9312 -0.2254
vn 0.3519 -0.9172 -0.1868
vn 0.3193 -0.9195 -0.2293
vn 0.2750 -0.9485 -0.1573
vn 0.3494 -0.9293 -0.1195
vn 0.3261 -0.9310 -0.1642
vn 0.2626 -0.9609 -0.0880
vn 0.3461 -0.9368 -0.0514
vn 0.3336 -0.9376 -0.0985
vn 0.6427 0.7619 -0.0801
vn 0.6427 0.7545 -0.1330
vn 0.6427 0.7434 -0.1853
vn 0.6427 0.7286 -0.2368
vn 0.6427 0.7433 -0.1853
vn 0.6427 0.7103 -0.2870
vn 0.6427 0.7286 -0.2367
vn 0.6427 0.6886 -0.3359
vn 0.6427 0.6635 -0.3831
vn 0.6427 0.6886 -0.3358
vn 0.6427 0.6352 -0.4284
vn 0.6427 0.6037 -0.4717
vn 0.6427 0.6351 -0.4284
vn 0.6427 0.5693 -0.5126
vn 0.6427 0.5322 -0.5511
vn 0.6427 0.5694 -0.5126
vn 0.6427 0.4925 -0.5869
vn 0.6427 0.4503 -0.6198
vn 0.6427 0.4060 -0.6497
vn 0.6427 0.3597 -0.6764
vn 0.6427 0.3116 -0.6999
vn 0.6427 0.2620 -0.7199
vn 0.6427 0.2112 -0.7364
vn 0.6427 0.1593 -0.7494
vn 0.6427 0.1066 -0.7587
vn 0.6427 0.0534 -0.7643
vn 0.6427 0.0000 -0.7661
vn 0.6427 -0.0534 -0.7643
vn 0.6427 -0.1066 -0.7587
vn 0.6427 -0.1593 -0.7494
vn 0.6427 -0.2112 -0.7364
vn 0.6427 -0.2620 -0.7199
vn 0.6427 -0.3116 -0.6999
vn 0.6427 -0.3597 -0.6764
vn 0.6427 -0.4060 -0.6497
vn 0.6427 -0.4503 -0.6198
vn 0.6427 -0.4925 -0.5869
vn 0.6427 -0.5322 -0.5511
vn 0.6427 -0.4924 -0.5869
vn 0.6427 -0.5693 -0.5126
vn 0.6427 -0.6037 -0.4717
vn 0.6427 -0.6352 -0.4284
vn 0.6427 -0.6635 -0.3831
vn 0.6427 -0.6351 -0.4284
vn 0.6427 -0.6886 -0.3358
vn 0.6427 -0.7103 -0.2870
vn 0.6427 -0.7286 -0.2367
vn 0.6427 -0.7434 -0.1853
vn 0.6427 -0.7286 -0.2368
vn 0.6427 -0.7545 -0.1330
vn 0.6427 -0.7433 -0.1853
vn 0.6427 -0.7619 -0.0801
vn 0.8661 0.4971 -0.0522
vn 0.8661 0.4922 -0.0868
vn 0.8661 0.4850 -0.1209
vn 0.8661 0.4753 -0.1544
vn 0.8662 0.4849 -0.1209
vn 0.8661 0.4634 -0.1872
vn 0.8661 0.4493 -0.2191
vn 0.8662 0.4634 -0.1872
vn 0.8661 0.4329 -0.2499
vn 0.8662 0.4492 -0.2191
vn 0.8661 0.4144 -0.2795
vn 0.8662 0.4328 -0.2499
vn 0.8661 0.3938 -0.3077
vn 0.8661 0.3714 -0.3344
vn 0.8661 0.3472 -0.3595
vn 0.8662 0.3714 -0.3344
vn 0.8661 0.3213 -0.3829
vn 0.8662 0.3471 -0.3595
vn 0.8661 0.2938 -0.4043
vn 0.8661 0.2649 -0.4238
vn 0.8662 0.2937 -0.4043
vn 0.8661 0.2347 -0.4413
vn 0.8661 0.2648 -0.4239
vn 0.8661 0.2033 -0.4566
vn 0.8661 0.2346 -0.4413
vn 0.8661 0.1710 -0.4697
vn 0.8661 0.1378 -0.4804
vn 0.8661 0.1709 -0.4697
vn 0.8661 0.1039 -0.4889
vn 0.8661 0.0696 -0.4949
vn 0.8661 0.0349 -0.4986
vn 0.8661 0.0000 -0.4998
vn 0.8661 -0.0349 -0.4986
vn 0.8661 -0.0696 -0.4949
vn 0.8661 -0.1039 -0.4889
vn 0.8661 -0.1378 -0.4804
vn 0.8661 -0.1710 -0.4697
vn 0.8661 -0.1377 -0.4804
vn 0.8661 -0.2033 -0.4566
vn 0.8661 -0.1709 -0.4697
vn 0.8661 -0.2346 -0.4413
vn 0.8662 -0.2033 -0.4566
vn 0.8661 -0.2649 -0.4238
vn 0.8661 -0.2938 -0.4043
vn 0.8662 -0.2648 -0.4239
vn 0.8661 -0.3213 -0.3829
vn 0.8662 -0.2937 -0.4043
vn 0.8661 -0.3472 -0.3595
vn 0.8661 -0.3714 -0.3344
vn 0.8662 -0.3471 -0.3595
vn 0.8661 -0.3939 -0.3077
vn 0.8662 -0.3714 -0.3344
vn 0.8661 -0.4144 -0.2795
vn 0.8662 -0.3938 -0.3077
vn 0.8661 -0.4329 -0.2499
vn 0.8662 -0.4143 -0.2795
vn 0.8661 -0.4493 -0.2191
vn 0.8662 -0.4328 -0.2499
vn 0.8661 -0.4634 -0.1872
vn 0.8662 -0.4492 -0.2191
vn 0.8661 -0.4754 -0.1544
vn 0.8662 -0.4634 -0.1872
vn 0.8661 -0.4850 -0.1209
vn 0.8662 -0.4753 -0.1544
vn 0.8661 -0.4922 -0.0868
vn 0.8662 -0.4849 -0.1209
vn 0.8661 -0.4971 -0.0522
vn 0.8662 -0.4922 -0.0868
vn 0.8662 -0.4970 -0.0522
vn 0.1287 0.9903 -0.0519
vn 0.1280 0.9880 -0.0864
vn 0.1289 0.9843 -0.1209
vn 0.1250 0.9872 -0.0993
vn 0.1276 0.9796 -0.1552
vn 0.1291 0.9734 -0.1892
vn 0.1251 0.9783 -0.1650
vn 0.1272 0.9665 -0.2231
vn 0.1292 0.9578 -0.2566
vn 0.1253 0.9651 -0.2300
vn 0.1266 0.9486 -0.2900
vn 0.1293 0.9376 -0.3228
vn 0.1255 0.9476 -0.2939
vn 0.1261 0.9261 -0.3555
vn 0.1293 0.9128 -0.3875
vn 0.1257 0.9258 -0.3566
vn 0.1255 0.8991 -0.4193
vn 0.1293 0.8835 -0.4502
vn 0.1261 0.8999 -0.4176
vn 0.1248 0.8678 -0.4810
vn 0.1292 0.8500 -0.5107
vn 0.1264 0.8699 -0.4767
vn 0.1241 0.8322 -0.5404
vn 0.1290 0.8123 -0.5688
vn 0.1269 0.8361 -0.5337
vn 0.1233 0.7925 -0.5972
vn 0.1288 0.7707 -0.6241
vn 0.1273 0.7985 -0.5884
vn 0.1224 0.7490 -0.6511
vn 0.1286 0.7253 -0.6763
vn 0.1279 0.7574 -0.6403
vn 0.1284 0.7012 -0.7012
vn 0.1249 0.7132 -0.6897
vn 0.1283 0.6764 -0.7253
vn 0.1287 0.6506 -0.7484
vn 0.1250 0.6655 -0.7358
vn 0.1279 0.6241 -0.7708
vn 0.1289 0.5968 -0.7920
vn 0.1250 0.6149 -0.7786
vn 0.1275 0.5689 -0.8125
vn 0.1291 0.5401 -0.8316
vn 0.1251 0.5615 -0.8180
vn 0.1270 0.5109 -0.8502
vn 0.1292 0.4807 -0.8673
vn 0.1253 0.5056 -0.8536
vn 0.1265 0.4503 -0.8838
vn 0.1293 0.4191 -0.8987
vn 0.1255 0.4474 -0.8855
vn 0.1259 0.3876 -0.9132
vn 0.1293 0.3554 -0.9257
vn 0.1258 0.3873 -0.9133
vn 0.1253 0.3230 -0.9381
vn 0.1293 0.2899 -0.9483
vn 0.1262 0.3254 -0.9371
vn 0.1246 0.2568 -0.9584
vn 0.1291 0.2231 -0.9662
vn 0.1265 0.2621 -0.9567
vn 0.1239 0.1893 -0.9741
vn 0.1290 0.1551 -0.9794
vn 0.1270 0.1976 -0.9720
vn 0.1231 0.1209 -0.9850
vn 0.1288 0.0864 -0.9879
vn 0.1275 0.1322 -0.9830
vn 0.1222 0.0519 -0.9911
vn 0.1285 0.0173 -0.9916
vn 0.1280 0.0662 -0.9896
vn 0.1285 -0.0173 -0.9916
vn 0.1249 0.0000 -0.9922
vn 0.1282 -0.0519 -0.9904
vn 0.1288 -0.0864 -0.9879
vn 0.1250 -0.0663 -0.9899
vn 0.1278 -0.1209 -0.9844
vn 0.1290 -0.1551 -0.9794
vn 0.1250 -0.1322 -0.9833
vn 0.1274 -0.1893 -0.9736
vn 0.1291 -0.2231 -0.9662
vn 0.1252 -0.1976 -0.9723
vn 0.1269 -0.2567 -0.9581
vn 0.1293 -0.2899 -0.9483
vn 0.1254 -0.2621 -0.9569
vn 0.1264 -0.3230 -0.9379
vn 0.1293 -0.3554 -0.9257
vn 0.1256 -0.3254 -0.9372
vn 0.1258 -0.3876 -0.9132
vn 0.1293 -0.4191 -0.8987
vn 0.1259 -0.3873 -0.9133
vn 0.1251 -0.4504 -0.8840
vn 0.1292 -0.4807 -0.8673
vn 0.1262 -0.4474 -0.8854
vn 0.1244 -0.5110 -0.8505
vn 0.1291 -0.5401 -0.8316
vn 0.1266 -0.5055 -0.8535
vn 0.1237 -0.5692 -0.8129
vn 0.1289 -0.5968 -0.7920
vn 0.1271 -0.5614 -0.8178
vn 0.1229 -0.6246 -0.7713
vn 0.1287 -0.6506 -0.7484
vn 0.1276 -0.6147 -0.7784
vn 0.1220 -0.6769 -0.7259
vn 0.1284 -0.7012 -0.7012
vn 0.1282 -0.6653 -0.7355
vn 0.1286 -0.7253 -0.6763
vn 0.1249 -0.7132 -0.6897
vn 0.1281 -0.7485 -0.6507
vn 0.1288 -0.7707 -0.6241
vn 0.1250 -0.7577 -0.6406
vn 0.1277 -0.7921 -0.5969
vn 0.1290 -0.8123 -0.5688
vn 0.1251 -0.7987 -0.5885
vn 0.1273 -0.8318 -0.5402
vn 0.1292 -0.8500 -0.5107
vn 0.1252 -0.8363 -0.5338
vn 0.1268 -0.8676 -0.4809
vn 0.1293 -0.8835 -0.4502
vn 0.1254 -0.8700 -0.4768
vn 0.1262 -0.8991 -0.4192
vn 0.1293 -0.9128 -0.3875
vn 0.1257 -0.8999 -0.4176
vn 0.1256 -0.9262 -0.3555
vn 0.1293 -0.9376 -0.3228
vn 0.1260 -0.9257 -0.3565
vn 0.1250 -0.9488 -0.2901
vn 0.1292 -0.9578 -0.2566
vn 0.1263 -0.9474 -0.2939
vn 0.1242 -0.9668 -0.2232
vn 0.1291 -0.9734 -0.1892
vn 0.1268 -0.9649 -0.2300
vn 0.1235 -0.9801 -0.1552
vn 0.1289 -0.9843 -0.1209
vn 0.1272 -0.9781 -0.1650
vn 0.1227 -0.9887 -0.0865
vn 0.1287 -0.9903 -0.0519
vn 0.1277 -0.9868 -0.0993
vn 0.1051 0.9895 -0.0995
vn 0.1051 0.9806 -0.1654
vn 0.1051 0.9674 -0.2305
vn 0.1051 0.9498 -0.2946
vn 0.1051 0.9280 -0.3574
vn 0.1051 0.9021 -0.4186
vn 0.1051 0.8721 -0.4779
vn 0.1051 0.8382 -0.5351
vn 0.1051 0.8006 -0.5899
vn 0.1051 0.7594 -0.6420
vn 0.1051 0.7148 -0.6913
vn 0.1051 0.7594 -0.6421
vn 0.1051 0.6671 -0.7375
vn 0.1051 0.6163 -0.7804
vn 0.1051 0.5628 -0.8199
vn 0.1051 0.6163 -0.7805
vn 0.1051 0.5068 -0.8556
vn 0.1051 0.4485 -0.8876
vn 0.1051 0.3882 -0.9155
vn 0.1051 0.3262 -0.9394
vn 0.1051 0.2627 -0.9591
vn 0.1051 0.1981 -0.9745
vn 0.1051 0.1325 -0.9856
vn 0.1051 0.0664 -0.9922
vn 0.1051 0.0000 -0.9945
vn 0.1051 -0.0664 -0.9922
vn 0.1051 -0.1325 -0.9856
vn 0.1051 -0.1981 -0.9745
vn 0.1051 -0.2627 -0.9591
vn 0.1051 -0.3262 -0.9394
vn 0.1051 -0.3882 -0.9155
vn 0.1051 -0.4485 -0.8876
vn 0.1051 -0.5068 -0.8556
vn 0.1051 -0.5628 -0.8199
vn 0.1051 -0.6163 -0.7805
vn 0.1051 -0.6671 -0.7375
vn 0.1051 -0.7148 -0.6913
vn 0.1051 -0.7594 -0.6420
vn 0.1051 -0.8006 -0.5899
vn 0.1051 -0.7594 -0.6421
vn 0.1051 -0.8382 -0.5351
vn 0.1051 -0.8721 -0.4779
vn 0.1051 -0.9021 -0.4186
vn 0.1051 -0.9280 -0.3574
vn 0.1051 -0.9498 -0.2946
vn 0.1051 -0.9674 -0.2305
vn 0.1051 -0.9806 -0.1654
vn 0.1051 -0.9895 -0.0995
vn 0.0818 0.9916 -0.0998
vn 0.0818 0.9828 -0.1658
vn 0.0818 0.9695 -0.2310
vn 0.0818 0.9519 -0.2953
vn 0.0818 0.9301 -0.3582
vn 0.0818 0.9040 -0.4195
vn 0.0818 0.8740 -0.4790
vn 0.0818 0.8401 -0.5363
vn 0.0818 0.8024 -0.5912
vn 0.0818 0.7611 -0.6435
vn 0.0818 0.7164 -0.6929
vn 0.0818 0.6685 -0.7392
vn 0.0818 0.6177 -0.7822
vn 0.0818 0.5640 -0.8217
vn 0.0818 0.5079 -0.8575
vn 0.0818 0.5641 -0.8217
vn 0.0818 0.4495 -0.8895
vn 0.0818 0.3891 -0.9176
vn 0.0818 0.3269 -0.9415
vn 0.0818 0.2633 -0.9612
vn 0.0818 0.1985 -0.9767
vn 0.0818 0.1328 -0.9878
vn 0.0818 0.0666 -0.9944
vn 0.0818 0.0000 -0.9966
vn 0.0818 -0.0666 -0.9944
vn 0.0818 -0.1328 -0.9878
vn 0.0818 -0.1985 -0.9767
vn 0.0818 -0.2633 -0.9612
vn 0.0818 -0.3269 -0.9415
vn 0.0818 -0.3891 -0.9176
vn 0.0818 -0.4495 -0.8895
vn 0.0818 -0.5079 -0.8575
vn 0.0818 -0.5640 -0.8217
vn 0.0818 -0.6177 -0.7822
vn 0.0818 -0.6685 -0.7392
vn 0.0818 -0.7164 -0.6929
vn 0.0818 -0.7611 -0.6435
vn 0.0818 -0.8024 -0.5912
vn 0.0818 -0.8401 -0.5363
vn 0.0818 -0.8740 -0.4790
vn 0.0818 -0.9040 -0.4195
vn 0.0818 -0.9301 -0.3582
vn 0.0818 -0.9519 -0.2953
vn 0.0818 -0.9695 -0.2310
vn 0.0818 -0.9828 -0.1658
vn 0.0818 -0.9916 -0.0998
vn 0.0585 0.9933 -0.0999
vn 0.0585 0.9844 -0.1660
vn 0.0585 0.9711 -0.2314
vn 0.0585 0.9535 -0.2958
vn 0.0585 0.9316 -0.3588
vn 0.0585 0.9055 -0.4202
vn 0.0585 0.8754 -0.4798
vn 0.0585 0.8414 -0.5372
vn 0.0585 0.8755 -0.4798
vn 0.0585 0.8037 -0.5922
vn 0.0585 0.8415 -0.5372
vn 0.0585 0.7623 -0.6445
vn 0.0585 0.7176 -0.6940
vn 0.0585 0.6696 -0.7404
vn 0.0585 0.6187 -0.7835
vn 0.0585 0.5650 -0.8230
vn 0.0585 0.5087 -0.8589
vn 0.0585 0.4502 -0.8910
vn 0.0585 0.3897 -0.9191
vn 0.0585 0.3275 -0.9431
vn 0.0585 0.2637 -0.9628
vn 0.0585 0.1988 -0.9783
vn 0.0585 0.1331 -0.9894
vn 0.0585 0.0667 -0.9961
vn 0.0585 0.0000 -0.9983
vn 0.0585 -0.0667 -0.9961
vn 0.0585 -0.1331 -0.9894
vn 0.0585 -0.1988 -0.9783
vn 0.0585 -0.2637 -0.9628
vn 0.0585 -0.3275 -0.9431
vn 0.0585 -0.3897 -0.9191
vn 0.0585 -0.4502 -0.8910
vn 0.0585 -0.5087 -0.8589
vn 0.0585 -0.5650 -0.8230
vn 0.0585 -0.6187 -0.7835
vn 0.0585 -0.6696 -0.7404
vn 0.0585 -0.7176 -0.6940
vn 0.0585 -0.7623 -0.6445
vn 0.0585 -0.8037 -0.5922
vn 0.0585 -0.8414 -0.5372
vn 0.0585 -0.8754 -0.4798
vn 0.0585 -0.8415 -0.5372
vn 0.0585 -0.9055 -0.4202
vn 0.0585 -0.8755 -0.4798
vn 0.0585 -0.9316 -0.3588
vn 0.0585 -0.9535 -0.2958
vn 0.0585 -0.9711 -0.2314
vn 0.0585 -0.9844 -0.1660
vn 0.0585 -0.9933 -0.0999
vn 0.0351 0.9944 -0.1000
vn 0.0351 0.9855 -0.1662
vn 0.0351 0.9722 -0.2317
vn 0.0351 0.9545 -0.2961
vn 0.0351 0.9326 -0.3592
vn 0.0351 0.9065 -0.4207
vn 0.0351 0.8764 -0.4803
vn 0.0351 0.8424 -0.5378
vn 0.0351 0.8046 -0.5928
vn 0.0351 0.7632 -0.6452
vn 0.0351 0.7184 -0.6948
vn 0.0351 0.6704 -0.7412
vn 0.0351 0.6194 -0.7843
vn 0.0351 0.5656 -0.8239
vn 0.0351 0.5093 -0.8599
vn 0.0351 0.4507 -0.8920
vn 0.0351 0.3901 -0.9201
vn 0.0351 0.3278 -0.9441
vn 0.0351 0.3902 -0.9201
vn 0.0351 0.2640 -0.9639
vn 0.0351 0.1991 -0.9794
vn 0.0351 0.1332 -0.9905
vn 0.0351 0.0668 -0.9972
vn 0.0351 0.0000 -0.9994
vn 0.0351 -0.0668 -0.9972
vn 0.0351 -0.1332 -0.9905
vn 0.0351 -0.1991 -0.9794
vn 0.0351 -0.2640 -0.9639
vn 0.0351 -0.3278 -0.9441
vn 0.0351 -0.3901 -0.9201
vn 0.0351 -0.4507 -0.8920
vn 0.0351 -0.3902 -0.9201
vn 0.0351 -0.5093 -0.8599
vn 0.0351 -0.5656 -0.8239
vn 0.0351 -0.6194 -0.7843
vn 0.0351 -0.6704 -0.7412
vn 0.0351 -0.7184 -0.6948
vn 0.0351 -0.7632 -0.6452
vn 0.0351 -0.8046 -0.5928
vn 0.0351 -0.8424 -0.5378
vn 0.0351 -0.8764 -0.4803
vn 0.0351 -0.9065 -0.4207
vn 0.0351 -0.9326 -0.3592
vn 0.0351 -0.9545 -0.2961
vn 0.0351 -0.9722 -0.2317
vn 0.0351 -0.9855 -0.1662
vn 0.0351 -0.9944 -0.1000
vn 0.0117 0.9949 -0.1001
vn 0.0117 0.9860 -0.1663
vn 0.0117 0.9727 -0.2318
vn 0.0117 0.9550 -0.2963
vn 0.0117 0.9331 -0.3594
vn 0.0117 0.9070 -0.4209
vn 0.0117 0.8769 -0.4806
vn 0.0117 0.8428 -0.5380
vn 0.0117 0.8769 -0.4805
vn 0.0117 0.8050 -0.5931
vn 0.0117 0.7636 -0.6456
vn 0.0117 0.7188 -0.6951
vn 0.0117 0.6707 -0.7416
vn 0.0117 0.6197 -0.7847
vn 0.0117 0.5659 -0.8244
vn 0.0117 0.5096 -0.8603
vn 0.0117 0.4510 -0.8925
vn 0.0117 0.3904 -0.9206
vn 0.0117 0.3280 -0.9446
vn 0.0117 0.2642 -0.9644
vn 0.0117 0.1992 -0.9799
vn 0.0117 0.1333 -0.9910
vn 0.0117 0.0668 -0.9977
vn 0.0117 0.0000 -0.9999
vn 0.0117 -0.0668 -0.9977
vn 0.0117 -0.1333 -0.9910
vn 0.0117 -0.1992 -0.9799
vn 0.0117 -0.2642 -0.9644
vn 0.0117 -0.3280 -0.9446
vn 0.0117 -0.3904 -0.9206
vn 0.0117 -0.4510 -0.8925
vn 0.0117 -0.5096 -0.8603
vn 0.0117 -0.5659 -0.8244
vn 0.0117 -0.6197 -0.7847
vn 0.0117 -0.6707 -0.7416
vn 0.0117 -0.7188 -0.6951
vn 0.0117 -0.7636 -0.6456
vn 0.0117 -0.8050 -0.5931
vn 0.0117 -0.8428 -0.5380
vn 0.0117 -0.8769 -0.4805
vn 0.0117 -0.9070 -0.4209
vn 0.0117 -0.9331 -0.3594
vn 0.0117 -0.9550 -0.2963
vn 0.0117 -0.9727 -0.2318
vn 0.0117 -0.9860 -0.1663
vn 0.0117 -0.9949 -0.1001
vn 0.0000 0.9950 -0.1001
vn 0.0000 0.9861 -0.1663
vn 0.0000 0.9728 -0.2318
vn 0.0000 0.9551 -0.2963
vn 0.0000 0.9332 -0.3594
vn 0.0000 0.9071 -0.4209
vn 0.0000 0.8769 -0.4806
vn 0.0000 0.8429 -0.5381
vn 0.0000 0.8770 -0.4806
vn 0.0000 0.8051 -0.5932
vn 0.0000 0.7637 -0.6456
vn 0.0000 0.7188 -0.6952
vn 0.0000 0.6708 -0.7417
vn 0.0000 0.6198 -0.7848
vn 0.0000 0.5659 -0.8244
vn 0.0000 0.5096 -0.8604
vn 0.0000 0.4510 -0.8925
vn 0.0000 0.3904 -0.9206
vn 0.0000 0.3280 -0.9447
vn 0.0000 0.2642 -0.9645
vn 0.0000 0.1992 -0.9800
vn 0.0000 0.1333 -0.9911
vn 0.0000 0.0668 -0.9978
vn 0.0000 -0.0668 -0.9978
vn 0.0000 -0.1333 -0.9911
vn 0.0000 -0.1992 -0.9800
vn 0.0000 -0.2642 -0.9645
vn 0.0000 -0.3280 -0.9447
vn 0.0000 -0.3904 -0.9206
vn 0.0000 -0.4510 -0.8925
vn 0.0000 -0.5096 -0.8604
vn 0.0000 -0.5659 -0.8244
vn 0.0000 -0.6198 -0.7848
vn 0.0000 -0.6708 -0.7417
vn 0.0000 -0.7188 -0.6952
vn 0.0000 -0.7637 -0.6456
vn 0.0000 -0.8051 -0.5932
vn 0.0000 -0.8429 -0.5381
vn 0.0000 -0.8770 -0.4806
vn 0.0000 -0.9071 -0.4209
vn 0.0000 -0.8769 -0.4806
vn 0.0000 -0.9332 -0.3594
vn 0.0000 -0.9551 -0.2963
vn 0.0000 -0.9728 -0.2318
vn 0.0000 -0.9861 -0.1663
vn 0.0000 -0.9950 -0.1001
usemtl Stryker_drillmat
s off
f 1//1 2//1 3//1
f 4//2 3//2 2//2
f 5//1 1//1 3//1
f 6//1 5//1 3//1
f 7//3 6//3 3//3
f 4//4 7//4 3//4
f 8//1 9//1 2//1
f 10//5 2//5 9//5
f 1//1 8//1 2//1
f 10//6 4//6 2//6
f 11//1 12//1 9//1
f 10//7 9//7 12//7
f 8//1 11//1 9//1
f 13//1 14//1 12//1
f 15//8 12//8 14//8
f 11//1 13//1 12//1
f 15//9 10//9 12//9
f 16//1 17//1 14//1
f 15//10 14//10 17//10
f 13//1 16//1 14//1
f 18//1 19//1 17//1
f 20//11 17//11 19//11
f 16//1 18//1 17//1
f 20//12 15//12 17//12
f 21//1 22//1 19//1
f 20//13 19//13 22//13
f 18//1 21//1 19//1
f 23//1 24//1 22//1
f 25//14 22//14 24//14
f 21//1 23//1 22//1
f 25//15 20//15 22//15
f 26//1 27//1 24//1
f 25//16 24//16 27//16
f 23//1 26//1 24//1
f 28//1 29//1 27//1
f 30//17 27//17 29//17
f 26//1 28//1 27//1
f 30//18 25//18 27//18
f 31//1 32//1 29//1
f 33//19 29//19 32//19
f 28//1 31//1 29//1
f 33//20 30//20 29//20
f 34//1 35//1 32//1
f 33//21 32//21 35//21
f 31//1 34//1 32//1
f 36//1 37//1 35//1
f 38//22 35//22 37//22
f 34//1 36//1 35//1
f 38//23 33//23 35//23
f 39//1 40//1 37//1
f 38//24 37//24 40//24
f 36//1 39//1 37//1
f 41//1 42//1 40//1
f 43//25 40//25 42//25
f 39//1 41//1 40//1
f 43//26 38//26 40//26
f 44//1 45//1 42//1
f 43//27 42//27 45//27
f 41//1 44//1 42//1
f 46//1 47//1 45//1
f 48//28 45//28 47//28
f 44//1 46//1 45//1
f 48//29 43//29 45//29
f 49//1 50//1 47//1
f 48//30 47//30 50//30
f 46//1 49//1 47//1
f 51//1 52//1 50//1
f 53//31 50//31 52//31
f 49//1 51//1 50//1
f 53//32 48//32 50//32
f 54//1 55//1 52//1
f 53//33 52//33 55//33
f 51//1 54//1 52//1
f 54//1 56//1 55//1
f 57//34 55//34 56//34
f 57//35 53//35 55//35
f 58//36 56//36 54//36
f 58//37 57//37 56//37
f 58//38 54//38 51//38
f 59//39 51//39 49//39
f 59//40 58//40 51//40
f 59//41 49//41 46//41
f 60//42 46//42 44//42
f 60//43 59//43 46//43
f 60//44 44//44 41//44
f 61//45 41//45 39//45
f 61//46 60//46 41//46
f 61//47 39//47 36//47
f 62//48 36//48 34//48
f 62//49 61//49 36//49
f 62//50 34//50 31//50
f 63//51 31//51 28//51
f 63//52 62//52 31//52
f 64//53 28//53 26//53
f 64//54 63//54 28//54
f 64//55 26//55 23//55
f 65//56 23//56 21//56
f 65//57 64//57 23//57
f 65//58 21//58 18//58
f 66//59 18//59 16//59
f 66//60 65//60 18//60
f 66//61 16//61 13//61
f 67//62 13//62 11//62
f 67//63 66//63 13//63
f 67//64 11//64 8//64
f 68//65 8//65 1//65
f 68//66 67//66 8//66
f 68//67 1//67 5//67
f 6//1 69//1 5//1
f 70//68 5//68 69//68
f 68//69 5//69 70//69
f 71//1 72//1 69//1
f 73//70 69//70 72//70
f 6//1 71//1 69//1
f 73//71 70//71 69//71
f 74//1 75//1 72//1
f 73//72 72//72 75//72
f 71//1 74//1 72//1
f 76//1 77//1 75//1
f 78//73 75//73 77//73
f 74//1 76//1 75//1
f 78//74 73//74 75//74
f 79//1 80//1 77//1
f 78//75 77//75 80//75
f 76//1 79//1 77//1
f 81//1 82//1 80//1
f 83//76 80//76 82//76
f 79//1 81//1 80//1
f 83//77 78//77 80//77
f 84//1 85//1 82//1
f 83//78 82//78 85//78
f 81//1 84//1 82//1
f 86//1 87//1 85//1
f 88//79 85//79 87//79
f 84//1 86//1 85//1
f 88//80 83//80 85//80
f 89//1 90//1 87//1
f 88//81 87//81 90//81
f 86//1 89//1 87//1
f 91//1 92//1 90//1
f 93//82 90//82 92//82
f 89//1 91//1 90//1
f 93//83 88//83 90//83
f 94//1 95//1 92//1
f 96//84 92//84 95//84
f 91//1 94//1 92//1
f 96//85 93//85 92//85
f 97//1 98//1 95//1
f 96//86 95//86 98//86
f 94//1 97//1 95//1
f 99//1 100//1 98//1
f 101//87 98//87 100//87
f 97//1 99//1 98//1
f 101//88 96//88 98//88
f 102//1 103//1 100//1
f 101//89 100//89 103//89
f 99//1 102//1 100//1
f 104//1 105//1 103//1
f 106//90 103//90 105//90
f 102//1 104//1 103//1
f 106//91 101//91 103//91
f 107//1 108//1 105//1
f 106//92 105//92 108//92
f 104//1 107//1 105//1
f 109//1 110//1 108//1
f 111//93 108//93 110//93
f 107//1 109//1 108//1
f 111//94 106//94 108//94
f 112//1 113//1 110//1
f 111//95 110//95 113//95
f 109//1 112//1 110//1
f 114//1 115//1 113//1
f 116//96 113//96 115//96
f 112//1 114//1 113//1
f 116//97 111//97 113//97
f 117//1 118//1 115//1
f 116//98 115//98 118//98
f 114//1 117//1 115//1
f 117//1 119//1 118//1
f 120//99 118//99 119//99
f 120//100 116//100 118//100
f 121//101 119//101 117//101
f 121//102 120//102 119//102
f 121//103 117//103 114//103
f 122//104 114//104 112//104
f 122//105 121//105 114//105
f 122//106 112//106 109//106
f 123//107 109//107 107//107
f 123//108 122//108 109//108
f 123//109 107//109 104//109
f 124//110 104//110 102//110
f 124//111 123//111 104//111
f 124//112 102//112 99//112
f 125//113 99//113 97//113
f 125//114 124//114 99//114
f 125//115 97//115 94//115
f 126//116 94//116 91//116
f 126//117 125//117 94//117
f 127//118 91//118 89//118
f 127//119 126//119 91//119
f 127//120 89//120 86//120
f 128//121 86//121 84//121
f 128//122 127//122 86//122
f 128//123 84//123 81//123
f 129//124 81//124 79//124
f 129//125 128//125 81//125
f 129//126 79//126 76//126
f 130//127 76//127 74//127
f 130//128 129//128 76//128
f 130//129 74//129 71//129
f 7//130 71//130 6//130
f 7//131 130//131 71//131
f 131//132 70//132 73//132
f 132//133 70//133 131//133
f 132//134 68//134 70//134
f 133//135 73//135 78//135
f 133//136 131//136 73//136
f 134//137 78//137 83//137
f 134//138 133//138 78//138
f 135//139 83//139 88//139
f 135//137 134//137 83//137
f 136//140 88//140 93//140
f 136//141 135//141 88//141
f 137//142 93//142 96//142
f 137//140 136//140 93//140
f 138//143 96//143 101//143
f 138//144 137//144 96//144
f 139//145 101//145 106//145
f 139//143 138//143 101//143
f 140//146 106//146 111//146
f 140//145 139//145 106//145
f 141//147 111//147 116//147
f 141//146 140//146 111//146
f 142//148 116//148 120//148
f 142//147 141//147 116//147
f 143//149 120//149 121//149
f 143//148 142//148 120//148
f 144//150 121//150 122//150
f 144//149 143//149 121//149
f 145//151 122//151 123//151
f 145//152 144//152 122//152
f 146//153 123//153 124//153
f 146//154 145//154 123//154
f 147//155 124//155 125//155
f 147//153 146//153 124//153
f 148//156 125//156 126//156
f 148//155 147//155 125//155
f 149//157 126//157 127//157
f 149//156 148//156 126//156
f 150//158 127//158 128//158
f 150//159 149//159 127//159
f 151//160 128//160 129//160
f 151//158 150//158 128//158
f 152//161 129//161 130//161
f 152//160 151//160 129//160
f 153//162 130//162 7//162
f 153//163 152//163 130//163
f 154//164 7//164 4//164
f 154//165 153//165 7//165
f 154//166 4//166 155//166
f 10//167 155//167 4//167
f 156//168 154//168 155//168
f 156//169 155//169 157//169
f 158//170 157//170 155//170
f 158//171 155//171 10//171
f 159//172 131//172 133//172
f 160//173 131//173 159//173
f 160//174 132//174 131//174
f 161//175 133//175 134//175
f 162//176 159//176 133//176
f 161//177 162//177 133//177
f 163//178 134//178 135//178
f 164//179 161//179 134//179
f 163//180 164//180 134//180
f 165//181 135//181 136//181
f 166//182 163//182 135//182
f 165//183 166//183 135//183
f 167//184 136//184 137//184
f 168//185 165//185 136//185
f 167//186 168//186 136//186
f 169//187 137//187 138//187
f 170//188 167//188 137//188
f 169//189 170//189 137//189
f 171//190 138//190 139//190
f 172//191 169//191 138//191
f 171//192 172//192 138//192
f 173//193 139//193 140//193
f 174//194 171//194 139//194
f 173//195 174//195 139//195
f 175//196 140//196 141//196
f 176//197 173//197 140//197
f 175//198 176//198 140//198
f 177//199 141//199 142//199
f 178//200 175//200 141//200
f 177//201 178//201 141//201
f 179//202 142//202 143//202
f 180//203 177//203 142//203
f 179//204 180//204 142//204
f 181//205 143//205 144//205
f 182//206 179//206 143//206
f 181//207 182//207 143//207
f 183//208 144//208 145//208
f 183//209 181//209 144//209
f 184//210 145//210 146//210
f 185//211 183//211 145//211
f 184//212 185//212 145//212
f 186//213 146//213 147//213
f 187//214 184//214 146//214
f 186//215 187//215 146//215
f 188//216 147//216 148//216
f 189//217 186//217 147//217
f 188//218 189//218 147//218
f 190//219 148//219 149//219
f 191//220 188//220 148//220
f 190//221 191//221 148//221
f 192//222 149//222 150//222
f 193//223 190//223 149//223
f 192//224 193//224 149//224
f 194//225 150//225 151//225
f 195//226 192//226 150//226
f 194//227 195//227 150//227
f 196//228 151//228 152//228
f 197//229 194//229 151//229
f 196//230 197//230 151//230
f 198//231 152//231 153//231
f 199//232 196//232 152//232
f 198//233 199//233 152//233
f 200//234 153//234 154//234
f 201//235 198//235 153//235
f 200//236 201//236 153//236
f 202//237 200//237 154//237
f 156//238 202//238 154//238
f 203//239 156//239 157//239
f 204//240 203//240 157//240
f 205//241 204//241 157//241
f 205//242 157//242 158//242
f 206//243 159//243 162//243
f 207//244 159//244 206//244
f 207//245 160//245 159//245
f 208//246 162//246 161//246
f 209//247 206//247 162//247
f 208//248 209//248 162//248
f 210//249 161//249 164//249
f 210//250 208//250 161//250
f 211//251 164//251 163//251
f 211//252 210//252 164//252
f 212//253 163//253 166//253
f 212//254 211//254 163//254
f 213//255 166//255 165//255
f 213//256 212//256 166//256
f 214//257 165//257 168//257
f 214//258 213//258 165//258
f 215//259 168//259 167//259
f 215//260 214//260 168//260
f 216//261 167//261 170//261
f 217//262 215//262 167//262
f 216//263 217//263 167//263
f 218//264 170//264 169//264
f 218//265 216//265 170//265
f 219//266 169//266 172//266
f 219//267 218//267 169//267
f 220//268 172//268 171//268
f 220//269 219//269 172//269
f 221//270 171//270 174//270
f 221//271 220//271 171//271
f 222//272 174//272 173//272
f 222//273 221//273 174//273
f 223//274 173//274 176//274
f 223//275 222//275 173//275
f 224//276 176//276 175//276
f 225//277 223//277 176//277
f 224//278 225//278 176//278
f 226//279 175//279 178//279
f 226//280 224//280 175//280
f 227//281 178//281 177//281
f 227//282 226//282 178//282
f 228//283 177//283 180//283
f 228//284 227//284 177//284
f 229//285 180//285 179//285
f 229//286 228//286 180//286
f 230//287 179//287 182//287
f 230//288 229//288 179//288
f 231//289 182//289 181//289
f 231//290 230//290 182//290
f 232//291 181//291 183//291
f 232//292 231//292 181//292
f 233//293 183//293 185//293
f 234//294 232//294 183//294
f 233//295 234//295 183//295
f 235//296 185//296 184//296
f 235//297 233//297 185//297
f 236//298 184//298 187//298
f 236//299 235//299 184//299
f 237//300 187//300 186//300
f 237//301 236//301 187//301
f 238//302 186//302 189//302
f 238//303 237//303 186//303
f 239//304 189//304 188//304
f 239//305 238//305 189//305
f 240//306 188//306 191//306
f 240//307 239//307 188//307
f 241//308 191//308 190//308
f 242//309 240//309 191//309
f 241//310 242//310 191//310
f 243//311 190//311 193//311
f 243//312 241//312 190//312
f 244//313 193//313 192//313
f 244//314 243//314 193//314
f 245//315 192//315 195//315
f 245//316 244//316 192//316
f 246//317 195//317 194//317
f 246//318 245//318 195//318
f 247//319 194//319 197//319
f 247//320 246//320 194//320
f 248//321 197//321 196//321
f 248//322 247//322 197//322
f 249//323 196//323 199//323
f 250//324 248//324 196//324
f 249//325 250//325 196//325
f 251//326 199//326 198//326
f 251//327 249//327 199//327
f 252//328 198//328 201//328
f 252//329 251//329 198//329
f 253//330 201//330 200//330
f 253//331 252//331 201//331
f 254//332 200//332 202//332
f 254//333 253//333 200//333
f 255//334 202//334 156//334
f 255//335 254//335 202//335
f 203//336 255//336 156//336
f 256//337 206//337 209//337
f 257//338 206//338 256//338
f 257//339 207//339 206//339
f 258//340 209//340 208//340
f 258//341 256//341 209//341
f 258//342 208//342 210//342
f 259//343 210//343 211//343
f 259//344 258//344 210//344
f 259//345 211//345 212//345
f 260//346 212//346 213//346
f 260//347 259//347 212//347
f 260//348 213//348 214//348
f 261//349 214//349 215//349
f 261//350 260//350 214//350
f 262//351 215//351 217//351
f 262//352 261//352 215//352
f 262//353 217//353 216//353
f 263//354 216//354 218//354
f 263//355 262//355 216//355
f 263//356 218//356 219//356
f 264//357 219//357 220//357
f 264//358 263//358 219//358
f 264//359 220//359 221//359
f 265//360 221//360 222//360
f 265//361 264//361 221//361
f 265//362 222//362 223//362
f 266//363 223//363 225//363
f 266//364 265//364 223//364
f 267//365 225//365 224//365
f 267//366 266//366 225//366
f 267//367 224//367 226//367
f 268//368 226//368 227//368
f 268//369 267//369 226//369
f 268//370 227//370 228//370
f 269//371 228//371 229//371
f 269//372 268//372 228//372
f 269//373 229//373 230//373
f 270//374 230//374 231//374
f 270//375 269//375 230//375
f 270//376 231//376 232//376
f 271//377 232//377 234//377
f 271//378 270//378 232//378
f 272//379 234//379 233//379
f 272//380 271//380 234//380
f 272//381 233//381 235//381
f 273//382 235//382 236//382
f 273//383 272//383 235//383
f 273//384 236//384 237//384
f 274//385 237//385 238//385
f 274//386 273//386 237//386
f 274//387 238//387 239//387
f 275//388 239//388 240//388
f 275//389 274//389 239//389
f 276//390 240//390 242//390
f 276//391 275//391 240//391
f 276//392 242//392 241//392
f 277//393 241//393 243//393
f 277//394 276//394 241//394
f 277//395 243//395 244//395
f 278//396 244//396 245//396
f 278//397 277//397 244//397
f 278//398 245//398 246//398
f 279//399 246//399 247//399
f 279//400 278//400 246//400
f 279//401 247//401 248//401
f 280//402 248//402 250//402
f 280//403 279//403 248//403
f 281//404 250//404 249//404
f 281//405 280//405 250//405
f 281//406 249//406 251//406
f 282//407 251//407 252//407
f 282//408 281//408 251//408
f 282//409 252//409 253//409
f 283//410 253//410 254//410
f 283//411 282//411 253//411
f 283//412 254//412 255//412
f 284//413 255//413 203//413
f 284//414 283//414 255//414
f 284//415 203//415 204//415
f 285//416 284//416 204//416
f 286//417 285//417 204//417
f 286//418 204//418 205//418
f 287//419 256//419 258//419
f 288//420 256//420 287//420
f 288//420 257//420 256//420
f 289//421 258//421 259//421
f 289//419 287//419 258//419
f 290//422 259//422 260//422
f 290//421 289//421 259//421
f 291//423 260//423 261//423
f 291//422 290//422 260//422
f 292//424 261//424 262//424
f 292//423 291//423 261//423
f 293//425 262//425 263//425
f 293//426 292//426 262//426
f 294//427 263//427 264//427
f 294//425 293//425 263//425
f 295//428 264//428 265//428
f 295//427 294//427 264//427
f 296//429 265//429 266//429
f 296//428 295//428 265//428
f 297//430 266//430 267//430
f 297//429 296//429 266//429
f 298//431 267//431 268//431
f 298//432 297//432 267//432
f 299//433 268//433 269//433
f 299//431 298//431 268//431
f 300//434 269//434 270//434
f 300//433 299//433 269//433
f 301//435 270//435 271//435
f 301//434 300//434 270//434
f 302//436 271//436 272//436
f 302//435 301//435 271//435
f 303//437 272//437 273//437
f 303//436 302//436 272//436
f 304//438 273//438 274//438
f 304//437 303//437 273//437
f 305//439 274//439 275//439
f 305//438 304//438 274//438
f 306//440 275//440 276//440
f 306//439 305//439 275//439
f 307//441 276//441 277//441
f 307//442 306//442 276//442
f 308//443 277//443 278//443
f 308//441 307//441 277//441
f 309//444 278//444 279//444
f 309//443 308//443 278//443
f 310//445 279//445 280//445
f 310//444 309//444 279//444
f 311//446 280//446 281//446
f 311//445 310//445 280//445
f 312//447 281//447 282//447
f 312//446 311//446 281//446
f 313//448 282//448 283//448
f 313//447 312//447 282//447
f 314//449 283//449 284//449
f 314//448 313//448 283//448
f 315//450 284//450 285//450
f 315//449 314//449 284//449
f 315//450 285//450 316//450
f 317//451 316//451 285//451
f 317//452 285//452 286//452
f 318//453 315//453 316//453
f 318//453 316//453 319//453
f 320//454 319//454 316//454
f 320//451 316//451 317//451
f 321//455 287//455 289//455
f 322//456 287//456 321//456
f 322//456 288//456 287//456
f 323//457 289//457 290//457
f 323//455 321//455 289//455
f 324//458 290//458 291//458
f 324//457 323//457 290//457
f 325//459 291//459 292//459
f 325//458 324//458 291//458
f 326//460 292//460 293//460
f 326//459 325//459 292//459
f 327//461 293//461 294//461
f 327//460 326//460 293//460
f 328//462 294//462 295//462
f 328//461 327//461 294//461
f 329//463 295//463 296//463
f 329//462 328//462 295//462
f 330//464 296//464 297//464
f 330//463 329//463 296//463
f 331//465 297//465 298//465
f 331//464 330//464 297//464
f 332//466 298//466 299//466
f 332//465 331//465 298//465
f 333//467 299//467 300//467
f 333//466 332//466 299//466
f 334//468 300//468 301//468
f 334//467 333//467 300//467
f 335//469 301//469 302//469
f 335//468 334//468 301//468
f 336//470 302//470 303//470
f 336//469 335//469 302//469
f 337//471 303//471 304//471
f 337//470 336//470 303//470
f 338//472 304//472 305//472
f 338//471 337//471 304//471
f 339//473 305//473 306//473
f 339//472 338//472 305//472
f 340//474 306//474 307//474
f 340//473 339//473 306//473
f 341//475 307//475 308//475
f 341//474 340//474 307//474
f 342//476 308//476 309//476
f 342//475 341//475 308//475
f 343//477 309//477 310//477
f 343//476 342//476 309//476
f 344//478 310//478 311//478
f 344//477 343//477 310//477
f 345//479 311//479 312//479
f 345//478 344//478 311//478
f 346//480 312//480 313//480
f 346//479 345//479 312//479
f 347//481 313//481 314//481
f 347//480 346//480 313//480
f 348//482 314//482 315//482
f 348//481 347//481 314//481
f 318//482 348//482 315//482
f 349//483 318//483 319//483
f 349//483 319//483 350//483
f 351//484 350//484 319//484
f 351//454 319//454 320//454
f 352//485 321//485 323//485
f 353//486 321//486 352//486
f 353//486 322//486 321//486
f 354//487 323//487 324//487
f 354//485 352//485 323//485
f 355//488 324//488 325//488
f 355//487 354//487 324//487
f 356//489 325//489 326//489
f 356//488 355//488 325//488
f 357//490 326//490 327//490
f 357//489 356//489 326//489
f 358//491 327//491 328//491
f 358//490 357//490 327//490
f 359//492 328//492 329//492
f 359//491 358//491 328//491
f 360//493 329//493 330//493
f 360//492 359//492 329//492
f 361//494 330//494 331//494
f 361//493 360//493 330//493
f 362//495 331//495 332//495
f 362//494 361//494 331//494
f 363//496 332//496 333//496
f 363//495 362//495 332//495
f 364//497 333//497 334//497
f 364//496 363//496 333//496
f 365//498 334//498 335//498
f 365//497 364//497 334//497
f 366//499 335//499 336//499
f 366//498 365//498 335//498
f 367//500 336//500 337//500
f 367//499 366//499 336//499
f 368//501 337//501 338//501
f 368//500 367//500 337//500
f 369//502 338//502 339//502
f 369//501 368//501 338//501
f 370//503 339//503 340//503
f 370//502 369//502 339//502
f 371//504 340//504 341//504
f 371//503 370//503 340//503
f 372//505 341//505 342//505
f 372//504 371//504 341//504
f 373//506 342//506 343//506
f 373//505 372//505 342//505
f 374//507 343//507 344//507
f 374//506 373//506 343//506
f 375//508 344//508 345//508
f 375//507 374//507 344//507
f 376//509 345//509 346//509
f 376//508 375//508 345//508
f 377//510 346//510 347//510
f 377//509 376//509 346//509
f 378//511 347//511 348//511
f 378//510 377//510 347//510
f 379//512 348//512 318//512
f 379//511 378//511 348//511
f 349//512 379//512 318//512
f 380//513 349//513 350//513
f 380//514 350//514 381//514
f 382//515 381//515 350//515
f 382//484 350//484 351//484
f 383//516 352//516 354//516
f 384//517 352//517 383//517
f 384//518 353//518 352//518
f 385//519 354//519 355//519
f 385//520 383//520 354//520
f 386//521 355//521 356//521
f 386//522 385//522 355//522
f 387//523 356//523 357//523
f 387//524 386//524 356//524
f 388//525 357//525 358//525
f 388//526 387//526 357//526
f 389//527 358//527 359//527
f 389//528 388//528 358//528
f 390//529 359//529 360//529
f 390//530 389//530 359//530
f 391//531 360//531 361//531
f 391//532 390//532 360//532
f 392//533 361//533 362//533
f 392//534 391//534 361//534
f 393//535 362//535 363//535
f 393//536 392//536 362//536
f 394//537 363//537 364//537
f 394//538 393//538 363//538
f 395//539 364//539 365//539
f 395//540 394//540 364//540
f 396//541 365//541 366//541
f 396//542 395//542 365//542
f 397//543 366//543 367//543
f 397//544 396//544 366//544
f 398//545 367//545 368//545
f 398//546 397//546 367//546
f 399//547 368//547 369//547
f 399//548 398//548 368//548
f 400//549 369//549 370//549
f 400//550 399//550 369//550
f 401//551 370//551 371//551
f 401//552 400//552 370//552
f 402//553 371//553 372//553
f 402//554 401//554 371//554
f 403//555 372//555 373//555
f 403//556 402//556 372//556
f 404//557 373//557 374//557
f 404//558 403//558 373//558
f 405//559 374//559 375//559
f 405//560 404//560 374//560
f 406//561 375//561 376//561
f 406//562 405//562 375//562
f 407//563 376//563 377//563
f 407//564 406//564 376//564
f 408//565 377//565 378//565
f 408//566 407//566 377//566
f 409//567 378//567 379//567
f 409//568 408//568 378//568
f 380//569 379//569 349//569
f 380//570 409//570 379//570
f 410//571 380//571 381//571
f 411//572 410//572 381//572
f 412//573 411//573 381//573
f 413//574 412//574 381//574
f 413//575 381//575 382//575
f 414//576 383//576 385//576
f 415//577 383//577 414//577
f 416//578 384//578 383//578
f 415//579 416//579 383//579
f 417//580 385//580 386//580
f 418//581 414//581 385//581
f 417//582 418//582 385//582
f 419//583 386//583 387//583
f 420//584 417//584 386//584
f 419//585 420//585 386//585
f 421//586 387//586 388//586
f 422//587 419//587 387//587
f 421//588 422//588 387//588
f 423//589 388//589 389//589
f 424//590 421//590 388//590
f 423//591 424//591 388//591
f 425//592 389//592 390//592
f 426//593 423//593 389//593
f 425//594 426//594 389//594
f 427//595 390//595 391//595
f 428//596 425//596 390//596
f 427//597 428//597 390//597
f 429//598 391//598 392//598
f 430//599 427//599 391//599
f 429//600 430//600 391//600
f 431//601 392//601 393//601
f 432//602 429//602 392//602
f 431//603 432//603 392//603
f 433//604 393//604 394//604
f 434//605 431//605 393//605
f 433//606 434//606 393//606
f 435//607 394//607 395//607
f 436//608 433//608 394//608
f 435//609 436//609 394//609
f 437//610 395//610 396//610
f 438//611 435//611 395//611
f 437//612 438//612 395//612
f 439//613 396//613 397//613
f 440//614 437//614 396//614
f 439//615 440//615 396//615
f 441//616 397//616 398//616
f 442//617 439//617 397//617
f 441//618 442//618 397//618
f 443//619 398//619 399//619
f 444//620 441//620 398//620
f 443//621 444//621 398//621
f 445//622 399//622 400//622
f 446//623 443//623 399//623
f 445//624 446//624 399//624
f 447//625 400//625 401//625
f 448//626 445//626 400//626
f 447//627 448//627 400//627
f 449//628 401//628 402//628
f 450//629 447//629 401//629
f 449//630 450//630 401//630
f 451//631 402//631 403//631
f 452//632 449//632 402//632
f 451//633 452//633 402//633
f 453//634 403//634 404//634
f 454//635 451//635 403//635
f 453//636 454//636 403//636
f 455//637 404//637 405//637
f 456//638 453//638 404//638
f 455//639 456//639 404//639
f 457//640 405//640 406//640
f 458//641 455//641 405//641
f 457//642 458//642 405//642
f 459//643 406//643 407//643
f 460//644 457//644 406//644
f 459//645 460//645 406//645
f 461//646 407//646 408//646
f 462//647 459//647 407//647
f 461//648 462//648 407//648
f 463//649 408//649 409//649
f 464//650 461//650 408//650
f 463//651 464//651 408//651
f 465//652 409//652 380//652
f 466//653 463//653 409//653
f 465//654 466//654 409//654
f 467//655 465//655 380//655
f 410//656 467//656 380//656
f 468//657 414//657 418//657
f 469//658 414//658 468//658
f 469//659 415//659 414//659
f 470//660 418//660 417//660
f 470//661 468//661 418//661
f 470//662 417//662 420//662
f 471//663 420//663 419//663
f 471//664 470//664 420//664
f 471//665 419//665 422//665
f 472//666 422//666 421//666
f 472//667 471//667 422//667
f 472//668 421//668 424//668
f 473//669 424//669 423//669
f 473//670 472//670 424//670
f 473//671 423//671 426//671
f 474//672 426//672 425//672
f 474//673 473//673 426//673
f 474//674 425//674 428//674
f 475//675 428//675 427//675
f 475//676 474//676 428//676
f 475//677 427//677 430//677
f 476//678 430//678 429//678
f 476//679 475//679 430//679
f 477//680 429//680 432//680
f 477//681 476//681 429//681
f 477//682 432//682 431//682
f 478//683 431//683 434//683
f 478//684 477//684 431//684
f 478//685 434//685 433//685
f 479//686 433//686 436//686
f 479//687 478//687 433//687
f 479//688 436//688 435//688
f 480//689 435//689 438//689
f 480//690 479//690 435//690
f 480//691 438//691 437//691
f 481//692 437//692 440//692
f 481//693 480//693 437//693
f 481//694 440//694 439//694
f 482//695 439//695 442//695
f 482//696 481//696 439//696
f 482//697 442//697 441//697
f 483//698 441//698 444//698
f 483//699 482//699 441//699
f 484//700 444//700 443//700
f 484//701 483//701 444//701
f 484//702 443//702 446//702
f 485//703 446//703 445//703
f 485//704 484//704 446//704
f 485//705 445//705 448//705
f 486//706 448//706 447//706
f 486//707 485//707 448//707
f 486//708 447//708 450//708
f 487//709 450//709 449//709
f 487//710 486//710 450//710
f 487//711 449//711 452//711
f 488//712 452//712 451//712
f 488//713 487//713 452//713
f 488//714 451//714 454//714
f 489//715 454//715 453//715
f 489//716 488//716 454//716
f 489//717 453//717 456//717
f 490//718 456//718 455//718
f 490//719 489//719 456//719
f 491//720 455//720 458//720
f 491//721 490//721 455//721
f 491//722 458//722 457//722
f 492//723 457//723 460//723
f 492//724 491//724 457//724
f 492//725 460//725 459//725
f 493//726 459//726 462//726
f 493//727 492//727 459//727
f 493//728 462//728 461//728
f 494//729 461//729 464//729
f 494//730 493//730 461//730
f 494//731 464//731 463//731
f 495//732 463//732 466//732
f 495//733 494//733 463//733
f 495//734 466//734 465//734
f 496//735 465//735 467//735
f 496//736 495//736 465//736
f 496//737 467//737 410//737
f 497//738 410//738 411//738
f 497//739 496//739 410//739
f 497//740 411//740 412//740
f 498//741 497//741 412//741
f 499//742 498//742 412//742
f 499//743 412//743 413//743
f 500//744 468//744 470//744
f 501//745 468//745 500//745
f 501//745 469//745 468//745
f 502//746 470//746 471//746
f 502//744 500//744 470//744
f 503//747 471//747 472//747
f 503//746 502//746 471//746
f 504//748 472//748 473//748
f 504//747 503//747 472//747
f 505//749 473//749 474//749
f 505//748 504//748 473//748
f 506//750 474//750 475//750
f 506//749 505//749 474//749
f 507//751 475//751 476//751
f 507//750 506//750 475//750
f 508//752 476//752 477//752
f 508//751 507//751 476//751
f 509//753 477//753 478//753
f 509//752 508//752 477//752
f 510//754 478//754 479//754
f 510//753 509//753 478//753
f 511//755 479//755 480//755
f 511//754 510//754 479//754
f 512//756 480//756 481//756
f 512//755 511//755 480//755
f 513//757 481//757 482//757
f 513//756 512//756 481//756
f 514//758 482//758 483//758
f 514//757 513//757 482//757
f 515//759 483//759 484//759
f 515//758 514//758 483//758
f 516//760 484//760 485//760
f 516//759 515//759 484//759
f 517//761 485//761 486//761
f 517//760 516//760 485//760
f 518//762 486//762 487//762
f 518//761 517//761 486//761
f 519//763 487//763 488//763
f 519//762 518//762 487//762
f 520//764 488//764 489//764
f 520//763 519//763 488//763
f 521//765 489//765 490//765
f 521//764 520//764 489//764
f 522//766 490//766 491//766
f 522//765 521//765 490//765
f 523//767 491//767 492//767
f 523//766 522//766 491//766
f 524//768 492//768 493//768
f 524//767 523//767 492//767
f 525//769 493//769 494//769
f 525//768 524//768 493//768
f 526//770 494//770 495//770
f 526//769 525//769 494//769
f 527//771 495//771 496//771
f 527//770 526//770 495//770
f 528//772 496//772 497//772
f 528//771 527//771 496//771
f 529//773 497//773 498//773
f 529//772 528//772 497//772
f 529//773 498//773 530//773
f 531//774 530//774 498//774
f 531//775 498//775 499//775
f 532//776 529//776 530//776
f 532//776 530//776 533//776
f 534//777 533//777 530//777
f 534//774 530//774 531//774
f 535//778 500//778 502//778
f 536//779 500//779 535//779
f 536//779 501//779 500//779
f 537//780 502//780 503//780
f 537//778 535//778 502//778
f 538//781 503//781 504//781
f 538//780 537//780 503//780
f 539//782 504//782 505//782
f 539//781 538//781 504//781
f 540//783 505//783 506//783
f 540//782 539//782 505//782
f 541//784 506//784 507//784
f 541//783 540//783 506//783
f 542//785 507//785 508//785
f 542//784 541//784 507//784
f 543//786 508//786 509//786
f 543//785 542//785 508//785
f 544//787 509//787 510//787
f 544//786 543//786 509//786
f 545//788 510//788 511//788
f 545//787 544//787 510//787
f 546//789 511//789 512//789
f 546//788 545//788 511//788
f 547//790 512//790 513//790
f 547//789 546//789 512//789
f 548//791 513//791 514//791
f 548//790 547//790 513//790
f 549//792 514//792 515//792
f 549//791 548//791 514//791
f 550//793 515//793 516//793
f 550//792 549//792 515//792
f 551//794 516//794 517//794
f 551//793 550//793 516//793
f 552//795 517//795 518//795
f 552//794 551//794 517//794
f 553//796 518//796 519//796
f 553//795 552//795 518//795
f 554//797 519//797 520//797
f 554//796 553//796 519//796
f 555//798 520//798 521//798
f 555//797 554//797 520//797
f 556//799 521//799 522//799
f 556//798 555//798 521//798
f 557//800 522//800 523//800
f 557//799 556//799 522//799
f 558//801 523//801 524//801
f 558//800 557//800 523//800
f 559//802 524//802 525//802
f 559//801 558//801 524//801
f 560//803 525//803 526//803
f 560//802 559//802 525//802
f 561//804 526//804 527//804
f 561//805 560//805 526//805
f 562//806 527//806 528//806
f 562//804 561//804 527//804
f 563//807 528//807 529//807
f 563//806 562//806 528//806
f 532//807 563//807 529//807
f 564//808 532//808 533//808
f 564//808 533//808 565//808
f 566//809 565//809 533//809
f 566//777 533//777 534//777
f 567//810 535//810 537//810
f 568//811 535//811 567//811
f 568//811 536//811 535//811
f 569//812 537//812 538//812
f 569//810 567//810 537//810
f 570//813 538//813 539//813
f 570//812 569//812 538//812
f 571//814 539//814 540//814
f 571//813 570//813 539//813
f 572//815 540//815 541//815
f 572//814 571//814 540//814
f 573//816 541//816 542//816
f 573//815 572//815 541//815
f 574//817 542//817 543//817
f 574//816 573//816 542//816
f 575//818 543//818 544//818
f 575//817 574//817 543//817
f 576//819 544//819 545//819
f 576//818 575//818 544//818
f 577//820 545//820 546//820
f 577//819 576//819 545//819
f 578//821 546//821 547//821
f 578//820 577//820 546//820
f 579//822 547//822 548//822
f 579//821 578//821 547//821
f 580//823 548//823 549//823
f 580//822 579//822 548//822
f 581//824 549//824 550//824
f 581//823 580//823 549//823
f 582//825 550//825 551//825
f 582//824 581//824 550//824
f 583//826 551//826 552//826
f 583//825 582//825 551//825
f 584//827 552//827 553//827
f 584//826 583//826 552//826
f 585//828 553//828 554//828
f 585//827 584//827 553//827
f 586//829 554//829 555//829
f 586//828 585//828 554//828
f 587//830 555//830 556//830
f 587//829 586//829 555//829
f 588//831 556//831 557//831
f 588//830 587//830 556//830
f 589//832 557//832 558//832
f 589//831 588//831 557//831
f 590//833 558//833 559//833
f 590//832 589//832 558//832
f 591//834 559//834 560//834
f 591//833 590//833 559//833
f 592//835 560//835 561//835
f 592//834 591//834 560//834
f 593//836 561//836 562//836
f 593//835 592//835 561//835
f 594//837 562//837 563//837
f 594//836 593//836 562//836
f 595//838 563//838 532//838
f 595//837 594//837 563//837
f 564//838 595//838 532//838
f 596//839 564//839 565//839
f 596//840 565//840 597//840
f 598//841 597//841 565//841
f 598//809 565//809 566//809
f 599//842 567//842 569//842
f 600//843 567//843 599//843
f 600//844 568//844 567//844
f 601//845 569//845 570//845
f 602//846 599//846 569//846
f 601//847 602//847 569//847
f 603//848 570//848 571//848
f 603//849 601//849 570//849
f 604//850 571//850 572//850
f 604//851 603//851 571//851
f 605//852 572//852 573//852
f 605//853 604//853 572//853
f 606//854 573//854 574//854
f 606//855 605//855 573//855
f 607//856 574//856 575//856
f 607//857 606//857 574//857
f 608//858 575//858 576//858
f 608//859 607//859 575//859
f 609//860 576//860 577//860
f 609//861 608//861 576//861
f 610//862 577//862 578//862
f 610//863 609//863 577//863
f 611//864 578//864 579//864
f 611//865 610//865 578//865
f 612//866 579//866 580//866
f 612//867 611//867 579//867
f 613//868 580//868 581//868
f 613//869 612//869 580//869
f 614//870 581//870 582//870
f 614//871 613//871 581//871
f 615//872 582//872 583//872
f 615//873 614//873 582//873
f 616//874 583//874 584//874
f 616//875 615//875 583//875
f 617//876 584//876 585//876
f 617//877 616//877 584//877
f 618//878 585//878 586//878
f 618//879 617//879 585//879
f 619//880 586//880 587//880
f 619//881 618//881 586//881
f 620//882 587//882 588//882
f 620//883 619//883 587//883
f 621//884 588//884 589//884
f 621//885 620//885 588//885
f 622//886 589//886 590//886
f 622//887 621//887 589//887
f 623//888 590//888 591//888
f 623//889 622//889 590//889
f 624//890 591//890 592//890
f 624//891 623//891 591//891
f 625//892 592//892 593//892
f 625//893 624//893 592//893
f 626//894 593//894 594//894
f 626//895 625//895 593//895
f 627//896 594//896 595//896
f 627//897 626//897 594//897
f 628//898 595//898 564//898
f 628//899 627//899 595//899
f 596//900 628//900 564//900
f 629//901 596//901 597//901
f 630//902 629//902 597//902
f 631//903 630//903 597//903
f 631//904 597//904 598//904
f 632//905 599//905 602//905
f 633//906 599//906 632//906
f 633//907 600//907 599//907
f 634//908 602//908 601//908
f 635//909 632//909 602//909
f 634//910 635//910 602//910
f 636//911 601//911 603//911
f 636//912 634//912 601//912
f 637//913 603//913 604//913
f 637//914 636//914 603//914
f 638//915 604//915 605//915
f 638//916 637//916 604//916
f 639//917 605//917 606//917
f 639//918 638//918 605//918
f 640//919 606//919 607//919
f 640//920 639//920 606//920
f 641//921 607//921 608//921
f 641//922 640//922 607//922
f 642//923 608//923 609//923
f 642//924 641//924 608//924
f 643//925 609//925 610//925
f 643//926 642//926 609//926
f 644//927 610//927 611//927
f 644//928 643//928 610//928
f 645//929 611//929 612//929
f 645//930 644//930 611//930
f 646//931 612//931 613//931
f 646//932 645//932 612//932
f 647//933 613//933 614//933
f 647//934 646//934 613//934
f 648//935 614//935 615//935
f 648//936 647//936 614//936
f 649//937 615//937 616//937
f 649//938 648//938 615//938
f 650//939 616//939 617//939
f 650//940 649//940 616//940
f 651//941 617//941 618//941
f 651//942 650//942 617//942
f 652//943 618//943 619//943
f 652//944 651//944 618//944
f 653//945 619//945 620//945
f 653//946 652//946 619//946
f 654//947 620//947 621//947
f 654//948 653//948 620//948
f 655//949 621//949 622//949
f 655//950 654//950 621//950
f 656//951 622//951 623//951
f 656//952 655//952 622//952
f 657//953 623//953 624//953
f 657//954 656//954 623//954
f 658//955 624//955 625//955
f 658//956 657//956 624//956
f 659//957 625//957 626//957
f 659//958 658//958 625//958
f 660//959 626//959 627//959
f 660//960 659//960 626//960
f 661//961 627//961 628//961
f 661//962 660//962 627//962
f 662//963 628//963 596//963
f 662//964 661//964 628//964
f 629//965 662//965 596//965
f 663//966 632//966 635//966
f 664//967 632//967 663//967
f 664//968 633//968 632//968
f 665//969 635//969 634//969
f 666//970 663//970 635//970
f 665//971 666//971 635//971
f 667//972 634//972 636//972
f 667//969 665//969 634//969
f 668//973 636//973 637//973
f 668//972 667//972 636//972
f 669//974 637//974 638//974
f 669//975 668//975 637//975
f 670//976 638//976 639//976
f 670//974 669//974 638//974
f 671//977 639//977 640//977
f 671//978 670//978 639//978
f 672//979 640//979 641//979
f 672//977 671//977 640//977
f 673//980 641//980 642//980
f 673//981 672//981 641//981
f 674//982 642//982 643//982
f 674//980 673//980 642//980
f 675//983 643//983 644//983
f 675//982 674//982 643//982
f 676//984 644//984 645//984
f 676//985 675//985 644//985
f 677//986 645//986 646//986
f 677//984 676//984 645//984
f 678//987 646//987 647//987
f 678//988 677//988 646//988
f 679//989 647//989 648//989
f 679//990 678//990 647//990
f 680//991 648//991 649//991
f 680//992 679//992 648//992
f 681//993 649//993 650//993
f 681//991 680//991 649//991
f 682//994 650//994 651//994
f 682//995 681//995 650//995
f 683//996 651//996 652//996
f 683//994 682//994 651//994
f 684//997 652//997 653//997
f 684//998 683//998 652//998
f 685//999 653//999 654//999
f 685//997 684//997 653//997
f 686//1000 654//1000 655//1000
f 686//1001 685//1001 654//1001
f 687//1002 655//1002 656//1002
f 687//1003 686//1003 655//1003
f 688//1004 656//1004 657//1004
f 688//1005 687//1005 656//1005
f 689//1006 657//1006 658//1006
f 689//1007 688//1007 657//1007
f 690//1008 658//1008 659//1008
f 690//1009 689//1009 658//1009
f 691//1010 659//1010 660//1010
f 691//1011 690//1011 659//1011
f 692//1012 660//1012 661//1012
f 692//1013 691//1013 660//1013
f 693//1014 661//1014 662//1014
f 693//1015 692//1015 661//1015
f 694//1016 662//1016 629//1016
f 694//1017 693//1017 662//1017
f 695//1018 629//1018 630//1018
f 695//1016 694//1016 629//1016
f 696//1019 695//1019 630//1019
f 697//1020 696//1020 630//1020
f 697//1021 630//1021 631//1021
f 664//1022 663//1022 666//1022
f 698//1023 666//1023 665//1023
f 699//1024 666//1024 698//1024
f 664//1025 666//1025 699//1025
f 700//1026 665//1026 667//1026
f 700//1027 698//1027 665//1027
f 701//1028 667//1028 668//1028
f 701//1029 700//1029 667//1029
f 702//1030 668//1030 669//1030
f 702//1031 701//1031 668//1031
f 703//1032 669//1032 670//1032
f 703//1033 702//1033 669//1033
f 704//1034 670//1034 671//1034
f 704//1035 703//1035 670//1035
f 705//1036 671//1036 672//1036
f 705//1037 704//1037 671//1037
f 706//1038 672//1038 673//1038
f 706//1039 705//1039 672//1039
f 707//1040 673//1040 674//1040
f 707//1041 706//1041 673//1041
f 708//1042 674//1042 675//1042
f 708//1043 707//1043 674//1043
f 709//1044 675//1044 676//1044
f 709//1045 708//1045 675//1045
f 710//1046 676//1046 677//1046
f 710//1047 709//1047 676//1047
f 711//1048 677//1048 678//1048
f 711//1049 710//1049 677//1049
f 712//1050 678//1050 679//1050
f 712//1051 711//1051 678//1051
f 713//1052 679//1052 680//1052
f 713//1053 712//1053 679//1053
f 714//1054 680//1054 681//1054
f 714//1055 713//1055 680//1055
f 715//1056 681//1056 682//1056
f 715//1054 714//1054 681//1054
f 716//1057 682//1057 683//1057
f 716//1058 715//1058 682//1058
f 717//1059 683//1059 684//1059
f 717//1060 716//1060 683//1060
f 718//1061 684//1061 685//1061
f 718//1062 717//1062 684//1062
f 719//1063 685//1063 686//1063
f 719//1064 718//1064 685//1064
f 720//1065 686//1065 687//1065
f 720//1066 719//1066 686//1066
f 721//1067 687//1067 688//1067
f 721//1068 720//1068 687//1068
f 722//1069 688//1069 689//1069
f 722//1070 721//1070 688//1070
f 723//1071 689//1071 690//1071
f 723//1072 722//1072 689//1072
f 724//1073 690//1073 691//1073
f 724//1074 723//1074 690//1074
f 725//1075 691//1075 692//1075
f 725//1076 724//1076 691//1076
f 726//1077 692//1077 693//1077
f 726//1078 725//1078 692//1078
f 727//1079 693//1079 694//1079
f 727//1080 726//1080 693//1080
f 728//1081 694//1081 695//1081
f 728//1082 727//1082 694//1082
f 696//1083 729//1083 695//1083
f 730//1084 695//1084 729//1084
f 730//1085 728//1085 695//1085
f 697//1086 729//1086 696//1086
f 731//1087 730//1087 729//1087
f 732//1088 731//1088 729//1088
f 732//1089 729//1089 697//1089
f 733//1 698//1 700//1
f 734//1 699//1 698//1
f 733//1 734//1 698//1
f 735//1 700//1 701//1
f 736//1090 733//1090 700//1090
f 735//1 736//1 700//1
f 737//1 701//1 702//1
f 738//1 735//1 701//1
f 737//1 738//1 701//1
f 739//1 702//1 703//1
f 740//1 737//1 702//1
f 739//1 740//1 702//1
f 741//1 703//1 704//1
f 742//1 739//1 703//1
f 741//1 742//1 703//1
f 743//1 704//1 705//1
f 744//1 741//1 704//1
f 743//1 744//1 704//1
f 745//1 705//1 706//1
f 746//1 743//1 705//1
f 745//1 746//1 705//1
f 747//1 706//1 707//1
f 748//1 745//1 706//1
f 747//1 748//1 706//1
f 749//1 707//1 708//1
f 750//1 747//1 707//1
f 749//1 750//1 707//1
f 751//1 708//1 709//1
f 751//1 749//1 708//1
f 752//1 709//1 710//1
f 753//1 751//1 709//1
f 752//1 753//1 709//1
f 754//1 710//1 711//1
f 755//1 752//1 710//1
f 754//1 755//1 710//1
f 756//1 711//1 712//1
f 756//1 754//1 711//1
f 757//1 712//1 713//1
f 758//1 756//1 712//1
f 757//1 758//1 712//1
f 759//1 713//1 714//1
f 759//1 757//1 713//1
f 760//1 714//1 715//1
f 760//1 759//1 714//1
f 761//1 715//1 716//1
f 761//1 760//1 715//1
f 762//1 716//1 717//1
f 762//1 761//1 716//1
f 763//1 717//1 718//1
f 763//1 762//1 717//1
f 764//1 718//1 719//1
f 765//1 763//1 718//1
f 764//1 765//1 718//1
f 766//1 719//1 720//1
f 766//1 764//1 719//1
f 767//1 720//1 721//1
f 768//1 766//1 720//1
f 767//1 768//1 720//1
f 769//1 721//1 722//1
f 770//1 767//1 721//1
f 769//1 770//1 721//1
f 771//1 722//1 723//1
f 771//1 769//1 722//1
f 772//1 723//1 724//1
f 773//1 771//1 723//1
f 772//1 773//1 723//1
f 774//1 724//1 725//1
f 775//1090 772//1090 724//1090
f 774//1 775//1 724//1
f 776//1 725//1 726//1
f 777//1 774//1 725//1
f 776//1 777//1 725//1
f 778//1 726//1 727//1
f 779//1 776//1 726//1
f 778//1 779//1 726//1
f 780//1 727//1 728//1
f 781//1 778//1 727//1
f 780//1 781//1 727//1
f 782//1 728//1 730//1
f 783//1 780//1 728//1
f 782//1 783//1 728//1
f 784//1 730//1 731//1
f 785//1 782//1 730//1
f 784//1 785//1 730//1
f 786//1 731//1 787//1
f 732//1091 787//1091 731//1091
f 784//1 731//1 786//1
f 788//1 789//1 699//1
f 664//1092 699//1092 789//1092
f 790//1 788//1 699//1
f 734//1 790//1 699//1
f 791//1 792//1 789//1
f 793//1093 789//1093 792//1093
f 794//1 791//1 789//1
f 788//1 794//1 789//1
f 664//1094 789//1094 793//1094
f 795//1 796//1 792//1
f 797//1095 792//1095 796//1095
f 798//1 795//1 792//1
f 791//1 798//1 792//1
f 793//1096 792//1096 797//1096
f 799//1 800//1 796//1
f 801//1097 796//1097 800//1097
f 802//1 799//1 796//1
f 795//1 802//1 796//1
f 797//1098 796//1098 801//1098
f 803//1 804//1 800//1
f 805//1099 800//1099 804//1099
f 806//1 803//1 800//1
f 799//1 806//1 800//1
f 801//1100 800//1100 805//1100
f 807//1 808//1 804//1
f 809//1101 804//1101 808//1101
f 810//1102 807//1102 804//1102
f 803//1 810//1 804//1
f 805//1103 804//1103 809//1103
f 811//1 812//1 808//1
f 813//1104 808//1104 812//1104
f 814//1 811//1 808//1
f 807//1 814//1 808//1
f 809//1105 808//1105 813//1105
f 815//1 816//1 812//1
f 817//1106 812//1106 816//1106
f 811//1 815//1 812//1
f 813//1107 812//1107 817//1107
f 818//1 819//1 816//1
f 820//1108 816//1108 819//1108
f 821//1 818//1 816//1
f 815//1 821//1 816//1
f 817//1109 816//1109 820//1109
f 822//1 823//1 819//1
f 824//1110 819//1110 823//1110
f 825//1 822//1 819//1
f 818//1 825//1 819//1
f 820//1111 819//1111 824//1111
f 826//1 827//1 823//1
f 828//1112 823//1112 827//1112
f 822//1 826//1 823//1
f 824//1113 823//1113 828//1113
f 829//1 830//1 827//1
f 831//1114 827//1114 830//1114
f 832//1 829//1 827//1
f 826//1 832//1 827//1
f 828//1115 827//1115 831//1115
f 833//1 834//1 830//1
f 835//1116 830//1116 834//1116
f 829//1 833//1 830//1
f 831//1117 830//1117 835//1117
f 836//1 837//1 834//1
f 838//1118 834//1118 837//1118
f 833//1 836//1 834//1
f 835//1119 834//1119 838//1119
f 839//1 840//1 837//1
f 841//1120 837//1120 840//1120
f 836//1 839//1 837//1
f 838//1121 837//1121 841//1121
f 842//1 843//1 840//1
f 844//1122 840//1122 843//1122
f 839//1 842//1 840//1
f 841//1120 840//1120 844//1120
f 845//1 846//1 843//1
f 847//1123 843//1123 846//1123
f 842//1 845//1 843//1
f 844//1124 843//1124 847//1124
f 848//1 849//1 846//1
f 850//1125 846//1125 849//1125
f 851//1 848//1 846//1
f 845//1 851//1 846//1
f 847//1126 846//1126 850//1126
f 852//1 853//1 849//1
f 854//1127 849//1127 853//1127
f 848//1 852//1 849//1
f 850//1128 849//1128 854//1128
f 855//1 856//1 853//1
f 857//1129 853//1129 856//1129
f 858//1 855//1 853//1
f 852//1 858//1 853//1
f 854//1130 853//1130 857//1130
f 859//1 860//1 856//1
f 861//1131 856//1131 860//1131
f 862//1 859//1 856//1
f 855//1 862//1 856//1
f 857//1132 856//1132 861//1132
f 863//1 864//1 860//1
f 865//1133 860//1133 864//1133
f 859//1 863//1 860//1
f 861//1134 860//1134 865//1134
f 866//1 867//1 864//1
f 868//1135 864//1135 867//1135
f 869//1 866//1 864//1
f 863//1 869//1 864//1
f 865//1136 864//1136 868//1136
f 870//1 871//1 867//1
f 872//1137 867//1137 871//1137
f 873//1 870//1 867//1
f 866//1 873//1 867//1
f 868//1138 867//1138 872//1138
f 874//1 875//1 871//1
f 876//1139 871//1139 875//1139
f 877//1 874//1 871//1
f 870//1 877//1 871//1
f 872//1140 871//1140 876//1140
f 878//1 879//1 875//1
f 880//1141 875//1141 879//1141
f 881//1 878//1 875//1
f 874//1 881//1 875//1
f 876//1142 875//1142 880//1142
f 882//1 883//1 879//1
f 884//1143 879//1143 883//1143
f 885//1 882//1 879//1
f 878//1 885//1 879//1
f 880//1144 879//1144 884//1144
f 886//1 887//1 883//1
f 888//1145 883//1145 887//1145
f 889//1 886//1 883//1
f 882//1 889//1 883//1
f 884//1146 883//1146 888//1146
f 890//1 787//1 887//1
f 891//1147 887//1147 787//1147
f 892//1 890//1 887//1
f 886//1 892//1 887//1
f 888//1148 887//1148 891//1148
f 893//1102 786//1102 787//1102
f 890//1 893//1 787//1
f 891//1149 787//1149 732//1149
f 894//1150 786//1150 893//1150
f 895//1151 784//1151 786//1151
f 894//1152 895//1152 786//1152
f 896//1153 893//1153 890//1153
f 896//1154 894//1154 893//1154
f 896//1155 890//1155 892//1155
f 897//1156 892//1156 886//1156
f 897//1157 896//1157 892//1157
f 897//1158 886//1158 889//1158
f 898//1159 889//1159 882//1159
f 898//1160 897//1160 889//1160
f 898//1161 882//1161 885//1161
f 899//1162 885//1162 878//1162
f 899//1163 898//1163 885//1163
f 899//1164 878//1164 881//1164
f 900//1165 881//1165 874//1165
f 900//1166 899//1166 881//1166
f 900//1167 874//1167 877//1167
f 901//1168 877//1168 870//1168
f 901//1169 900//1169 877//1169
f 901//1170 870//1170 873//1170
f 902//1171 873//1171 866//1171
f 902//1172 901//1172 873//1172
f 902//1173 866//1173 869//1173
f 903//1174 869//1174 863//1174
f 903//1175 902//1175 869//1175
f 904//1176 863//1176 859//1176
f 904//1177 903//1177 863//1177
f 904//1178 859//1178 862//1178
f 905//1179 862//1179 855//1179
f 905//1180 904//1180 862//1180
f 905//1181 855//1181 858//1181
f 906//1182 858//1182 852//1182
f 906//1183 905//1183 858//1183
f 906//1184 852//1184 848//1184
f 907//1185 848//1185 851//1185
f 907//1186 906//1186 848//1186
f 907//1187 851//1187 845//1187
f 908//1188 845//1188 842//1188
f 908//1189 907//1189 845//1189
f 839//1 909//1 842//1
f 908//1190 842//1190 909//1190
f 910//1 911//1 909//1
f 912//1191 909//1191 911//1191
f 839//1 910//1 909//1
f 912//1192 908//1192 909//1192
f 913//1 914//1 911//1
f 912//1193 911//1193 914//1193
f 910//1 913//1 911//1
f 915//1 916//1 914//1
f 917//1194 914//1194 916//1194
f 913//1 915//1 914//1
f 917//1195 912//1195 914//1195
f 918//1 919//1 916//1
f 917//1196 916//1196 919//1196
f 915//1 918//1 916//1
f 918//1 920//1 919//1
f 921//1197 919//1197 920//1197
f 921//1198 917//1198 919//1198
f 922//1199 920//1199 918//1199
f 922//1200 921//1200 920//1200
f 922//1201 918//1201 915//1201
f 923//1202 915//1202 913//1202
f 923//1203 922//1203 915//1203
f 923//1204 913//1204 910//1204
f 924//1205 910//1205 839//1205
f 924//1206 923//1206 910//1206
f 924//1207 839//1207 836//1207
f 925//1208 836//1208 833//1208
f 925//1209 924//1209 836//1209
f 925//1210 833//1210 829//1210
f 926//1211 829//1211 832//1211
f 926//1212 925//1212 829//1212
f 926//1213 832//1213 826//1213
f 927//1214 826//1214 822//1214
f 927//1215 926//1215 826//1215
f 927//1216 822//1216 825//1216
f 928//1217 825//1217 818//1217
f 928//1218 927//1218 825//1218
f 928//1219 818//1219 821//1219
f 929//1220 821//1220 815//1220
f 929//1221 928//1221 821//1221
f 930//1222 815//1222 811//1222
f 930//1223 929//1223 815//1223
f 930//1224 811//1224 814//1224
f 931//1225 814//1225 807//1225
f 931//1226 930//1226 814//1226
f 931//1227 807//1227 810//1227
f 932//1228 810//1228 803//1228
f 932//1229 931//1229 810//1229
f 932//1230 803//1230 806//1230
f 933//1231 806//1231 799//1231
f 933//1232 932//1232 806//1232
f 933//1233 799//1233 802//1233
f 934//1234 802//1234 795//1234
f 934//1235 933//1235 802//1235
f 934//1236 795//1236 798//1236
f 935//1237 798//1237 791//1237
f 935//1238 934//1238 798//1238
f 935//1239 791//1239 794//1239
f 936//1240 794//1240 788//1240
f 936//1241 935//1241 794//1241
f 936//1242 788//1242 790//1242
f 937//1243 790//1243 734//1243
f 937//1244 936//1244 790//1244
f 937//1245 734//1245 733//1245
f 938//1246 733//1246 736//1246
f 937//1247 733//1247 938//1247
f 939//1248 736//1248 735//1248
f 939//1249 938//1249 736//1249
f 939//1250 735//1250 738//1250
f 940//1251 738//1251 737//1251
f 940//1252 939//1252 738//1252
f 940//1253 737//1253 740//1253
f 941//1254 740//1254 739//1254
f 941//1255 940//1255 740//1255
f 941//1256 739//1256 742//1256
f 942//1257 742//1257 741//1257
f 942//1258 941//1258 742//1258
f 942//1259 741//1259 744//1259
f 943//1260 744//1260 743//1260
f 943//1261 942//1261 744//1261
f 943//1262 743//1262 746//1262
f 944//1263 746//1263 745//1263
f 944//1264 943//1264 746//1264
f 944//1265 745//1265 748//1265
f 945//1266 748//1266 747//1266
f 945//1267 944//1267 748//1267
f 945//1268 747//1268 750//1268
f 946//1269 750//1269 749//1269
f 946//1270 945//1270 750//1270
f 947//1271 749//1271 751//1271
f 947//1272 946//1272 749//1272
f 947//1273 751//1273 753//1273
f 948//1274 753//1274 752//1274
f 948//1275 947//1275 753//1275
f 948//1276 752//1276 755//1276
f 949//1277 755//1277 754//1277
f 949//1278 948//1278 755//1278
f 949//1279 754//1279 756//1279
f 950//1280 756//1280 758//1280
f 950//1281 949//1281 756//1281
f 950//1282 758//1282 757//1282
f 951//1283 757//1283 759//1283
f 951//1284 950//1284 757//1284
f 760//1 952//1 759//1
f 951//1285 759//1285 952//1285
f 953//1 954//1 952//1
f 955//1286 952//1286 954//1286
f 760//1 953//1 952//1
f 955//1287 951//1287 952//1287
f 956//1 957//1 954//1
f 955//1288 954//1288 957//1288
f 953//1 956//1 954//1
f 958//1 959//1 957//1
f 960//1289 957//1289 959//1289
f 956//1 958//1 957//1
f 960//1290 955//1290 957//1290
f 961//1 962//1 959//1
f 960//1291 959//1291 962//1291
f 958//1 961//1 959//1
f 961//1 963//1 962//1
f 964//1292 962//1292 963//1292
f 964//1293 960//1293 962//1293
f 965//1294 963//1294 961//1294
f 965//1295 964//1295 963//1295
f 965//1296 961//1296 958//1296
f 966//1297 958//1297 956//1297
f 966//1298 965//1298 958//1298
f 966//1299 956//1299 953//1299
f 967//1300 953//1300 760//1300
f 967//1301 966//1301 953//1301
f 967//1302 760//1302 761//1302
f 968//1303 761//1303 762//1303
f 968//1304 967//1304 761//1304
f 968//1305 762//1305 763//1305
f 969//1306 763//1306 765//1306
f 969//1307 968//1307 763//1307
f 969//1308 765//1308 764//1308
f 970//1309 764//1309 766//1309
f 970//1310 969//1310 764//1310
f 970//1311 766//1311 768//1311
f 971//1312 768//1312 767//1312
f 971//1313 970//1313 768//1313
f 971//1314 767//1314 770//1314
f 972//1315 770//1315 769//1315
f 972//1316 971//1316 770//1316
f 973//1317 769//1317 771//1317
f 973//1318 972//1318 769//1318
f 973//1319 771//1319 773//1319
f 974//1320 773//1320 772//1320
f 974//1321 973//1321 773//1321
f 974//1322 772//1322 775//1322
f 975//1323 775//1323 774//1323
f 975//1324 974//1324 775//1324
f 975//1325 774//1325 777//1325
f 976//1326 777//1326 776//1326
f 976//1327 975//1327 777//1327
f 976//1328 776//1328 779//1328
f 977//1329 779//1329 778//1329
f 977//1330 976//1330 779//1330
f 977//1331 778//1331 781//1331
f 978//1332 781//1332 780//1332
f 978//1333 977//1333 781//1333
f 978//1334 780//1334 783//1334
f 979//1335 783//1335 782//1335
f 979//1336 978//1336 783//1336
f 979//1337 782//1337 785//1337
f 895//1338 785//1338 784//1338
f 895//1339 979//1339 785//1339
f 980//1340 938//1340 939//1340
f 981//1341 938//1341 980//1341
f 981//1341 937//1341 938//1341
f 982//1342 939//1342 940//1342
f 982//1340 980//1340 939//1340
f 983//1343 940//1343 941//1343
f 983//1344 982//1344 940//1344
f 984//1345 941//1345 942//1345
f 984//1346 983//1346 941//1346
f 985//1347 942//1347 943//1347
f 985//1345 984//1345 942//1345
f 986//1348 943//1348 944//1348
f 986//1349 985//1349 943//1349
f 987//1350 944//1350 945//1350
f 987//1348 986//1348 944//1348
f 988//1351 945//1351 946//1351
f 988//1350 987//1350 945//1350
f 989//1352 946//1352 947//1352
f 989//1353 988//1353 946//1353
f 990//1354 947//1354 948//1354
f 990//1352 989//1352 947//1352
f 991//1355 948//1355 949//1355
f 991//1356 990//1356 948//1356
f 992//1357 949//1357 950//1357
f 992//1358 991//1358 949//1358
f 993//1359 950//1359 951//1359
f 993//1360 992//1360 950//1360
f 994//1361 951//1361 955//1361
f 994//1359 993//1359 951//1359
f 995//1362 955//1362 960//1362
f 995//1361 994//1361 955//1361
f 996//1363 960//1363 964//1363
f 996//1364 995//1364 960//1364
f 997//1365 964//1365 965//1365
f 997//1363 996//1363 964//1363
f 998//1366 965//1366 966//1366
f 998//1365 997//1365 965//1365
f 999//1367 966//1367 967//1367
f 999//1366 998//1366 966//1366
f 1000//1368 967//1368 968//1368
f 1000//1367 999//1367 967//1367
f 1001//1369 968//1369 969//1369
f 1001//1370 1000//1370 968//1370
f 1002//1371 969//1371 970//1371
f 1002//1372 1001//1372 969//1372
f 1003//1373 970//1373 971//1373
f 1003//1374 1002//1374 970//1374
f 1004//1375 971//1375 972//1375
f 1004//1373 1003//1373 971//1373
f 1005//1376 972//1376 973//1376
f 1005//1377 1004//1377 972//1377
f 1006//1378 973//1378 974//1378
f 1006//1379 1005//1379 973//1379
f 1007//1380 974//1380 975//1380
f 1007//1378 1006//1378 974//1378
f 1008//1381 975//1381 976//1381
f 1008//1380 1007//1380 975//1380
f 1009//1382 976//1382 977//1382
f 1009//1383 1008//1383 976//1383
f 1010//1384 977//1384 978//1384
f 1010//1385 1009//1385 977//1385
f 1011//1386 978//1386 979//1386
f 1011//1387 1010//1387 978//1387
f 1012//1388 979//1388 895//1388
f 1012//1389 1011//1389 979//1389
f 1013//1390 895//1390 894//1390
f 1013//1391 1012//1391 895//1391
f 1013//1390 894//1390 1014//1390
f 896//1392 1014//1392 894//1392
f 1015//1393 1013//1393 1014//1393
f 1015//1394 1014//1394 1016//1394
f 1017//1395 1016//1395 1014//1395
f 1017//1392 1014//1392 896//1392
f 1018//1396 980//1396 982//1396
f 1019//1397 980//1397 1018//1397
f 1019//1398 981//1398 980//1398
f 1020//1399 982//1399 983//1399
f 1021//1400 1018//1400 982//1400
f 1020//1401 1021//1401 982//1401
f 1022//1402 983//1402 984//1402
f 1023//1403 1020//1403 983//1403
f 1022//1404 1023//1404 983//1404
f 1024//1405 984//1405 985//1405
f 1025//1406 1022//1406 984//1406
f 1024//1407 1025//1407 984//1407
f 1026//1408 985//1408 986//1408
f 1027//1409 1024//1409 985//1409
f 1026//1410 1027//1410 985//1410
f 1028//1411 986//1411 987//1411
f 1029//1412 1026//1412 986//1412
f 1028//1413 1029//1413 986//1413
f 1030//1414 987//1414 988//1414
f 1031//1415 1028//1415 987//1415
f 1030//1416 1031//1416 987//1416
f 1032//1417 988//1417 989//1417
f 1033//1418 1030//1418 988//1418
f 1032//1419 1033//1419 988//1419
f 1034//1420 989//1420 990//1420
f 1035//1421 1032//1421 989//1421
f 1034//1422 1035//1422 989//1422
f 1036//1423 990//1423 991//1423
f 1037//1424 1034//1424 990//1424
f 1036//1425 1037//1425 990//1425
f 1038//1426 991//1426 992//1426
f 1039//1427 1036//1427 991//1427
f 1038//1428 1039//1428 991//1428
f 1040//1429 992//1429 993//1429
f 1041//1430 1038//1430 992//1430
f 1040//1431 1041//1431 992//1431
f 1042//1432 993//1432 994//1432
f 1043//1433 1040//1433 993//1433
f 1042//1434 1043//1434 993//1434
f 1044//1435 994//1435 995//1435
f 1045//1436 1042//1436 994//1436
f 1044//1437 1045//1437 994//1437
f 1046//1438 995//1438 996//1438
f 1047//1439 1044//1439 995//1439
f 1046//1440 1047//1440 995//1440
f 1048//1441 996//1441 997//1441
f 1049//1442 1046//1442 996//1442
f 1048//1443 1049//1443 996//1443
f 1050//1444 997//1444 998//1444
f 1051//1445 1048//1445 997//1445
f 1050//1446 1051//1446 997//1446
f 1052//1447 998//1447 999//1447
f 1052//1448 1050//1448 998//1448
f 1053//1449 999//1449 1000//1449
f 1054//1450 1052//1450 999//1450
f 1053//1451 1054//1451 999//1451
f 1055//1452 1000//1452 1001//1452
f 1056//1453 1053//1453 1000//1453
f 1055//1454 1056//1454 1000//1454
f 1057//1455 1001//1455 1002//1455
f 1058//1456 1055//1456 1001//1456
f 1057//1457 1058//1457 1001//1457
f 1059//1458 1002//1458 1003//1458
f 1060//1459 1057//1459 1002//1459
f 1059//1460 1060//1460 1002//1460
f 1061//1461 1003//1461 1004//1461
f 1062//1462 1059//1462 1003//1462
f 1061//1463 1062//1463 1003//1463
f 1063//1464 1004//1464 1005//1464
f 1064//1465 1061//1465 1004//1465
f 1063//1466 1064//1466 1004//1466
f 1065//1467 1005//1467 1006//1467
f 1066//1468 1063//1468 1005//1468
f 1065//1469 1066//1469 1005//1469
f 1067//1470 1006//1470 1007//1470
f 1068//1471 1065//1471 1006//1471
f 1067//1472 1068//1472 1006//1472
f 1069//1473 1007//1473 1008//1473
f 1070//1474 1067//1474 1007//1474
f 1069//1475 1070//1475 1007//1475
f 1071//1476 1008//1476 1009//1476
f 1072//1477 1069//1477 1008//1477
f 1071//1478 1072//1478 1008//1478
f 1073//1479 1009//1479 1010//1479
f 1074//1480 1071//1480 1009//1480
f 1073//1481 1074//1481 1009//1481
f 1075//1482 1010//1482 1011//1482
f 1076//1483 1073//1483 1010//1483
f 1075//1484 1076//1484 1010//1484
f 1077//1485 1011//1485 1012//1485
f 1078//1486 1075//1486 1011//1486
f 1077//1487 1078//1487 1011//1487
f 1079//1488 1012//1488 1013//1488
f 1080//1489 1077//1489 1012//1489
f 1079//1490 1080//1490 1012//1490
f 1081//1491 1079//1491 1013//1491
f 1015//1492 1081//1492 1013//1492
f 1082//1493 1015//1493 1016//1493
f 1083//1494 1082//1494 1016//1494
f 1084//1495 1083//1495 1016//1495
f 1084//1496 1016//1496 1017//1496
f 1085//1497 1018//1497 1021//1497
f 1086//1498 1018//1498 1085//1498
f 1019//1499 1018//1499 1086//1499
f 1087//1500 1021//1500 1020//1500
f 1087//1501 1085//1501 1021//1501
f 1087//1502 1020//1502 1023//1502
f 1088//1503 1023//1503 1022//1503
f 1088//1504 1087//1504 1023//1504
f 1088//1505 1022//1505 1025//1505
f 1089//1506 1025//1506 1024//1506
f 1089//1507 1088//1507 1025//1507
f 1089//1508 1024//1508 1027//1508
f 1090//1509 1027//1509 1026//1509
f 1090//1510 1089//1510 1027//1510
f 1090//1511 1026//1511 1029//1511
f 1091//1512 1029//1512 1028//1512
f 1091//1513 1090//1513 1029//1513
f 1092//1514 1028//1514 1031//1514
f 1092//1515 1091//1515 1028//1515
f 1092//1516 1031//1516 1030//1516
f 1093//1517 1030//1517 1033//1517
f 1093//1518 1092//1518 1030//1518
f 1093//1519 1033//1519 1032//1519
f 1094//1520 1032//1520 1035//1520
f 1094//1521 1093//1521 1032//1521
f 1094//1522 1035//1522 1034//1522
f 1095//1523 1034//1523 1037//1523
f 1095//1524 1094//1524 1034//1524
f 1095//1525 1037//1525 1036//1525
f 1096//1526 1036//1526 1039//1526
f 1096//1527 1095//1527 1036//1527
f 1096//1528 1039//1528 1038//1528
f 1097//1529 1038//1529 1041//1529
f 1097//1530 1096//1530 1038//1530
f 1098//1531 1041//1531 1040//1531
f 1098//1532 1097//1532 1041//1532
f 1098//1533 1040//1533 1043//1533
f 1099//1534 1043//1534 1042//1534
f 1099//1535 1098//1535 1043//1535
f 1099//1536 1042//1536 1045//1536
f 1100//1537 1045//1537 1044//1537
f 1100//1538 1099//1538 1045//1538
f 1100//1539 1044//1539 1047//1539
f 1101//1540 1047//1540 1046//1540
f 1101//1541 1100//1541 1047//1541
f 1101//1542 1046//1542 1049//1542
f 1102//1543 1049//1543 1048//1543
f 1102//1544 1101//1544 1049//1544
f 1102//1545 1048//1545 1051//1545
f 1103//1546 1051//1546 1050//1546
f 1103//1547 1102//1547 1051//1547
f 1104//1548 1050//1548 1052//1548
f 1104//1549 1103//1549 1050//1549
f 1104//1550 1052//1550 1054//1550
f 1105//1551 1054//1551 1053//1551
f 1105//1552 1104//1552 1054//1552
f 1105//1553 1053//1553 1056//1553
f 1106//1554 1056//1554 1055//1554
f 1106//1555 1105//1555 1056//1555
f 1106//1556 1055//1556 1058//1556
f 1107//1557 1058//1557 1057//1557
f 1107//1558 1106//1558 1058//1558
f 1107//1559 1057//1559 1060//1559
f 1108//1560 1060//1560 1059//1560
f 1108//1561 1107//1561 1060//1561
f 1108//1562 1059//1562 1062//1562
f 1109//1563 1062//1563 1061//1563
f 1109//1564 1108//1564 1062//1564
f 1110//1565 1061//1565 1064//1565
f 1110//1566 1109//1566 1061//1566
f 1110//1567 1064//1567 1063//1567
f 1111//1568 1063//1568 1066//1568
f 1111//1569 1110//1569 1063//1569
f 1111//1570 1066//1570 1065//1570
f 1112//1571 1065//1571 1068//1571
f 1112//1572 1111//1572 1065//1572
f 1112//1573 1068//1573 1067//1573
f 1113//1574 1067//1574 1070//1574
f 1113//1575 1112//1575 1067//1575
f 1113//1576 1070//1576 1069//1576
f 1114//1577 1069//1577 1072//1577
f 1114//1578 1113//1578 1069//1578
f 1114//1579 1072//1579 1071//1579
f 1115//1580 1071//1580 1074//1580
f 1115//1581 1114//1581 1071//1581
f 1116//1582 1074//1582 1073//1582
f 1116//1583 1115//1583 1074//1583
f 1116//1584 1073//1584 1076//1584
f 1117//1585 1076//1585 1075//1585
f 1117//1586 1116//1586 1076//1586
f 1117//1587 1075//1587 1078//1587
f 1118//1588 1078//1588 1077//1588
f 1118//1589 1117//1589 1078//1589
f 1118//1590 1077//1590 1080//1590
f 1119//1591 1080//1591 1079//1591
f 1119//1592 1118//1592 1080//1592
f 1119//1593 1079//1593 1081//1593
f 1082//1594 1081//1594 1015//1594
f 1082//1595 1119//1595 1081//1595
f 1120//1 1085//1 1087//1
f 1121//1 1086//1 1085//1
f 1120//1 1121//1 1085//1
f 1122//1 1087//1 1088//1
f 1123//1 1120//1 1087//1
f 1122//1 1123//1 1087//1
f 1124//1 1088//1 1089//1
f 1125//1 1122//1 1088//1
f 1124//1 1125//1 1088//1
f 1126//1 1089//1 1090//1
f 1127//1102 1124//1102 1089//1102
f 1126//1 1127//1 1089//1
f 1128//1 1090//1 1091//1
f 1129//1 1126//1 1090//1
f 1128//1 1129//1 1090//1
f 1130//1 1091//1 1092//1
f 1131//1102 1128//1102 1091//1102
f 1130//1 1131//1 1091//1
f 1132//1 1092//1 1093//1
f 1133//1102 1130//1102 1092//1102
f 1132//1 1133//1 1092//1
f 1134//1 1093//1 1094//1
f 1135//1 1132//1 1093//1
f 1134//1 1135//1 1093//1
f 1136//1 1094//1 1095//1
f 1137//1 1134//1 1094//1
f 1136//1 1137//1 1094//1
f 1138//1 1095//1 1096//1
f 1139//1 1136//1 1095//1
f 1138//1 1139//1 1095//1
f 1140//1 1096//1 1097//1
f 1141//1 1138//1 1096//1
f 1140//1 1141//1 1096//1
f 1142//1 1097//1 1098//1
f 1143//1 1140//1 1097//1
f 1142//1 1143//1 1097//1
f 1144//1 1098//1 1099//1
f 1145//1 1142//1 1098//1
f 1144//1 1145//1 1098//1
f 1146//1 1099//1 1100//1
f 1146//1 1144//1 1099//1
f 1147//1 1100//1 1101//1
f 1148//1 1146//1 1100//1
f 1147//1 1148//1 1100//1
f 1149//1 1101//1 1102//1
f 1150//1 1147//1 1101//1
f 1149//1 1150//1 1101//1
f 1151//1 1102//1 1103//1
f 1151//1 1149//1 1102//1
f 1152//1 1103//1 1104//1
f 1152//1 1151//1 1103//1
f 1153//1 1104//1 1105//1
f 1153//1 1152//1 1104//1
f 1154//1 1105//1 1106//1
f 1154//1 1153//1 1105//1
f 1155//1 1106//1 1107//1
f 1155//1 1154//1 1106//1
f 1156//1 1107//1 1108//1
f 1157//1 1155//1 1107//1
f 1156//1 1157//1 1107//1
f 1158//1 1108//1 1109//1
f 1159//1 1156//1 1108//1
f 1158//1 1159//1 1108//1
f 1160//1 1109//1 1110//1
f 1160//1 1158//1 1109//1
f 1161//1 1110//1 1111//1
f 1162//1 1160//1 1110//1
f 1161//1 1162//1 1110//1
f 1163//1 1111//1 1112//1
f 1164//1 1161//1 1111//1
f 1163//1 1164//1 1111//1
f 1165//1 1112//1 1113//1
f 1166//1 1163//1 1112//1
f 1165//1 1166//1 1112//1
f 1167//1 1113//1 1114//1
f 1168//1 1165//1 1113//1
f 1167//1 1168//1 1113//1
f 1169//1 1114//1 1115//1
f 1170//1 1167//1 1114//1
f 1169//1 1170//1 1114//1
f 1171//1 1115//1 1116//1
f 1172//1 1169//1 1115//1
f 1171//1 1172//1 1115//1
f 1173//1 1116//1 1117//1
f 1174//1 1171//1 1116//1
f 1173//1 1174//1 1116//1
f 1175//1 1117//1 1118//1
f 1176//1 1173//1 1117//1
f 1175//1 1176//1 1117//1
f 1177//1 1118//1 1119//1
f 1178//1 1175//1 1118//1
f 1177//1 1178//1 1118//1
f 1179//1 1119//1 1082//1
f 1180//1 1177//1 1119//1
f 1179//1 1180//1 1119//1
f 1181//1 1082//1 1083//1
f 1182//1 1179//1 1082//1
f 1181//1 1182//1 1082//1
f 1183//1 1083//1 1184//1
f 1084//1596 1184//1596 1083//1596
f 1181//1 1083//1 1183//1
f 1185//1 1186//1 1086//1
f 1187//1597 1086//1597 1186//1597
f 1188//1 1185//1 1086//1
f 1121//1 1188//1 1086//1
f 1019//1598 1086//1598 1187//1598
f 1189//1 1190//1 1186//1
f 1191//1599 1186//1599 1190//1599
f 1192//1 1189//1 1186//1
f 1185//1 1192//1 1186//1
f 1193//1600 1186//1600 1191//1600
f 1187//1601 1186//1601 1193//1601
f 1194//1 1195//1 1190//1
f 1196//1602 1190//1602 1195//1602
f 1197//1 1194//1 1190//1
f 1189//1 1197//1 1190//1
f 1198//1603 1190//1603 1196//1603
f 1191//1604 1190//1604 1198//1604
f 1199//1 1200//1 1195//1
f 1201//1605 1195//1605 1200//1605
f 1202//1 1199//1 1195//1
f 1194//1 1202//1 1195//1
f 1203//1606 1195//1606 1201//1606
f 1196//1607 1195//1607 1203//1607
f 1204//1 1205//1 1200//1
f 1206//1608 1200//1608 1205//1608
f 1207//1 1204//1 1200//1
f 1199//1 1207//1 1200//1
f 1208//1609 1200//1609 1206//1609
f 1201//1610 1200//1610 1208//1610
f 1209//1 1210//1 1205//1
f 1211//1611 1205//1611 1210//1611
f 1212//1 1209//1 1205//1
f 1204//1 1212//1 1205//1
f 1206//1612 1205//1612 1211//1612
f 1213//1 1214//1 1210//1
f 1215//1613 1210//1613 1214//1613
f 1216//1 1213//1 1210//1
f 1209//1 1216//1 1210//1
f 1217//1614 1210//1614 1215//1614
f 1211//1615 1210//1615 1217//1615
f 1218//1 1219//1 1214//1
f 1220//1616 1214//1616 1219//1616
f 1221//1 1218//1 1214//1
f 1213//1 1221//1 1214//1
f 1222//1617 1214//1617 1220//1617
f 1215//1618 1214//1618 1222//1618
f 1223//1 1224//1 1219//1
f 1225//1619 1219//1619 1224//1619
f 1226//1 1223//1 1219//1
f 1218//1 1226//1 1219//1
f 1227//1620 1219//1620 1225//1620
f 1220//1621 1219//1621 1227//1621
f 1228//1 1229//1 1224//1
f 1230//1622 1224//1622 1229//1622
f 1231//1 1228//1 1224//1
f 1223//1 1231//1 1224//1
f 1232//1623 1224//1623 1230//1623
f 1225//1624 1224//1624 1232//1624
f 1233//1 1234//1 1229//1
f 1235//1625 1229//1625 1234//1625
f 1236//1 1233//1 1229//1
f 1228//1 1236//1 1229//1
f 1237//1626 1229//1626 1235//1626
f 1230//1627 1229//1627 1237//1627
f 1238//1 1239//1 1234//1
f 1240//1628 1234//1628 1239//1628
f 1233//1 1238//1 1234//1
f 1235//1629 1234//1629 1240//1629
f 1241//1 1242//1 1239//1
f 1243//1630 1239//1630 1242//1630
f 1244//1 1241//1 1239//1
f 1238//1 1244//1 1239//1
f 1245//1631 1239//1631 1243//1631
f 1240//1632 1239//1632 1245//1632
f 1246//1 1247//1 1242//1
f 1248//1633 1242//1633 1247//1633
f 1249//1 1246//1 1242//1
f 1241//1 1249//1 1242//1
f 1250//1634 1242//1634 1248//1634
f 1243//1635 1242//1635 1250//1635
f 1251//1 1252//1 1247//1
f 1253//1636 1247//1636 1252//1636
f 1246//1 1251//1 1247//1
f 1254//1637 1247//1637 1253//1637
f 1248//1638 1247//1638 1254//1638
f 1255//1 1256//1 1252//1
f 1257//1639 1252//1639 1256//1639
f 1251//1 1255//1 1252//1
f 1258//1640 1252//1640 1257//1640
f 1253//1641 1252//1641 1258//1641
f 1259//1 1260//1 1256//1
f 1261//1642 1256//1642 1260//1642
f 1255//1 1259//1 1256//1
f 1262//1643 1256//1643 1261//1643
f 1257//1644 1256//1644 1262//1644
f 1263//1 1264//1 1260//1
f 1265//1645 1260//1645 1264//1645
f 1259//1 1263//1 1260//1
f 1261//1646 1260//1646 1265//1646
f 1266//1 1267//1 1264//1
f 1268//1647 1264//1647 1267//1647
f 1263//1 1266//1 1264//1
f 1269//1648 1264//1648 1268//1648
f 1265//1649 1264//1649 1269//1649
f 1270//1 1271//1 1267//1
f 1272//1650 1267//1650 1271//1650
f 1273//1 1270//1 1267//1
f 1266//1 1273//1 1267//1
f 1274//1651 1267//1651 1272//1651
f 1268//1652 1267//1652 1274//1652
f 1275//1 1276//1 1271//1
f 1277//1653 1271//1653 1276//1653
f 1278//1 1275//1 1271//1
f 1270//1 1278//1 1271//1
f 1279//1654 1271//1654 1277//1654
f 1272//1655 1271//1655 1279//1655
f 1280//1 1281//1 1276//1
f 1282//1656 1276//1656 1281//1656
f 1275//1 1280//1 1276//1
f 1283//1657 1276//1657 1282//1657
f 1277//1658 1276//1658 1283//1658
f 1284//1 1285//1 1281//1
f 1286//1659 1281//1659 1285//1659
f 1287//1 1284//1 1281//1
f 1280//1 1287//1 1281//1
f 1288//1660 1281//1660 1286//1660
f 1282//1661 1281//1661 1288//1661
f 1289//1 1290//1 1285//1
f 1291//1662 1285//1662 1290//1662
f 1292//1 1289//1 1285//1
f 1284//1 1292//1 1285//1
f 1286//1663 1285//1663 1291//1663
f 1293//1 1294//1 1290//1
f 1295//1664 1290//1664 1294//1664
f 1296//1 1293//1 1290//1
f 1289//1 1296//1 1290//1
f 1297//1665 1290//1665 1295//1665
f 1291//1666 1290//1666 1297//1666
f 1298//1 1299//1 1294//1
f 1300//1667 1294//1667 1299//1667
f 1301//1 1298//1 1294//1
f 1293//1 1301//1 1294//1
f 1302//1668 1294//1668 1300//1668
f 1295//1669 1294//1669 1302//1669
f 1303//1 1304//1 1299//1
f 1305//1670 1299//1670 1304//1670
f 1306//1 1303//1 1299//1
f 1298//1 1306//1 1299//1
f 1307//1671 1299//1671 1305//1671
f 1300//1672 1299//1672 1307//1672
f 1308//1 1309//1 1304//1
f 1310//1673 1304//1673 1309//1673
f 1311//1 1308//1 1304//1
f 1303//1 1311//1 1304//1
f 1312//1674 1304//1674 1310//1674
f 1305//1675 1304//1675 1312//1675
f 1313//1 1314//1 1309//1
f 1315//1676 1309//1676 1314//1676
f 1316//1090 1313//1090 1309//1090
f 1308//1 1316//1 1309//1
f 1317//1677 1309//1677 1315//1677
f 1310//1678 1309//1678 1317//1678
f 1318//1 1319//1 1314//1
f 1320//1679 1314//1679 1319//1679
f 1321//1090 1318//1090 1314//1090
f 1313//1 1321//1 1314//1
f 1315//1680 1314//1680 1320//1680
f 1322//1 1323//1 1319//1
f 1324//1681 1319//1681 1323//1681
f 1325//1 1322//1 1319//1
f 1318//1 1325//1 1319//1
f 1326//1682 1319//1682 1324//1682
f 1320//1683 1319//1683 1326//1683
f 1327//1 1328//1 1323//1
f 1329//1684 1323//1684 1328//1684
f 1330//1090 1327//1090 1323//1090
f 1322//1 1330//1 1323//1
f 1331//1685 1323//1685 1329//1685
f 1324//1686 1323//1686 1331//1686
f 1332//1 1184//1 1328//1
f 1333//1687 1328//1687 1184//1687
f 1334//1 1332//1 1328//1
f 1327//1 1334//1 1328//1
f 1335//1688 1328//1688 1333//1688
f 1329//1689 1328//1689 1335//1689
f 1336//1 1183//1 1184//1
f 1332//1 1336//1 1184//1
f 1337//1690 1184//1690 1084//1690
f 1333//1691 1184//1691 1337//1691
f 1338//1692 1183//1692 1336//1692
f 1339//1693 1181//1693 1183//1693
f 1338//1694 1339//1694 1183//1694
f 1340//1695 1336//1695 1332//1695
f 1341//1696 1338//1696 1336//1696
f 1340//1697 1341//1697 1336//1697
f 1342//1698 1332//1698 1334//1698
f 1342//1699 1340//1699 1332//1699
f 1343//1700 1334//1700 1327//1700
f 1343//1701 1342//1701 1334//1701
f 1344//1702 1327//1702 1330//1702
f 1344//1703 1343//1703 1327//1703
f 1345//1704 1330//1704 1322//1704
f 1345//1705 1344//1705 1330//1705
f 1346//1706 1322//1706 1325//1706
f 1346//1707 1345//1707 1322//1707
f 1347//1708 1325//1708 1318//1708
f 1347//1709 1346//1709 1325//1709
f 1348//1710 1318//1710 1321//1710
f 1348//1711 1347//1711 1318//1711
f 1349//1712 1321//1712 1313//1712
f 1349//1713 1348//1713 1321//1713
f 1350//1714 1313//1714 1316//1714
f 1350//1715 1349//1715 1313//1715
f 1351//1716 1316//1716 1308//1716
f 1351//1717 1350//1717 1316//1717
f 1352//1718 1308//1718 1311//1718
f 1352//1719 1351//1719 1308//1719
f 1353//1720 1311//1720 1303//1720
f 1353//1721 1352//1721 1311//1721
f 1354//1722 1303//1722 1306//1722
f 1354//1723 1353//1723 1303//1723
f 1355//1724 1306//1724 1298//1724
f 1355//1725 1354//1725 1306//1725
f 1356//1726 1298//1726 1301//1726
f 1356//1727 1355//1727 1298//1727
f 1357//1728 1301//1728 1293//1728
f 1357//1729 1356//1729 1301//1729
f 1358//1730 1293//1730 1296//1730
f 1358//1731 1357//1731 1293//1731
f 1359//1732 1296//1732 1289//1732
f 1359//1733 1358//1733 1296//1733
f 1360//1734 1289//1734 1292//1734
f 1360//1735 1359//1735 1289//1735
f 1361//1736 1292//1736 1284//1736
f 1361//1737 1360//1737 1292//1737
f 1362//1738 1284//1738 1287//1738
f 1362//1739 1361//1739 1284//1739
f 1363//1740 1287//1740 1280//1740
f 1363//1741 1362//1741 1287//1741
f 1364//1742 1280//1742 1275//1742
f 1364//1743 1363//1743 1280//1743
f 1365//1744 1275//1744 1278//1744
f 1365//1745 1364//1745 1275//1745
f 1366//1746 1278//1746 1270//1746
f 1366//1747 1365//1747 1278//1747
f 1367//1748 1270//1748 1273//1748
f 1367//1749 1366//1749 1270//1749
f 1368//1750 1273//1750 1266//1750
f 1368//1751 1367//1751 1273//1751
f 1369//1752 1266//1752 1263//1752
f 1369//1753 1368//1753 1266//1753
f 1259//1 1370//1 1263//1
f 1371//1754 1263//1754 1370//1754
f 1371//1755 1369//1755 1263//1755
f 1372//1 1373//1 1370//1
f 1374//1756 1370//1756 1373//1756
f 1259//1 1372//1 1370//1
f 1374//1757 1371//1757 1370//1757
f 1375//1 1376//1 1373//1
f 1377//1758 1373//1758 1376//1758
f 1372//1 1375//1 1373//1
f 1377//1759 1374//1759 1373//1759
f 1378//1 1379//1 1376//1
f 1380//1760 1376//1760 1379//1760
f 1375//1 1378//1 1376//1
f 1380//1761 1377//1761 1376//1761
f 1378//1 1381//1 1379//1
f 1382//1762 1379//1762 1381//1762
f 1382//1763 1380//1763 1379//1763
f 1383//1764 1381//1764 1378//1764
f 1383//1765 1382//1765 1381//1765
f 1384//1766 1378//1766 1375//1766
f 1385//1767 1383//1767 1378//1767
f 1384//1768 1385//1768 1378//1768
f 1386//1769 1375//1769 1372//1769
f 1386//1770 1384//1770 1375//1770
f 1387//1771 1372//1771 1259//1771
f 1387//1772 1386//1772 1372//1772
f 1388//1773 1259//1773 1255//1773
f 1388//1774 1387//1774 1259//1774
f 1389//1775 1255//1775 1251//1775
f 1389//1776 1388//1776 1255//1776
f 1390//1777 1251//1777 1246//1777
f 1390//1778 1389//1778 1251//1778
f 1391//1779 1246//1779 1249//1779
f 1391//1780 1390//1780 1246//1780
f 1392//1781 1249//1781 1241//1781
f 1392//1782 1391//1782 1249//1782
f 1393//1783 1241//1783 1244//1783
f 1393//1784 1392//1784 1241//1784
f 1394//1785 1244//1785 1238//1785
f 1394//1786 1393//1786 1244//1786
f 1395//1787 1238//1787 1233//1787
f 1395//1788 1394//1788 1238//1788
f 1396//1789 1233//1789 1236//1789
f 1396//1790 1395//1790 1233//1790
f 1397//1791 1236//1791 1228//1791
f 1397//1792 1396//1792 1236//1792
f 1398//1793 1228//1793 1231//1793
f 1398//1794 1397//1794 1228//1794
f 1399//1795 1231//1795 1223//1795
f 1399//1796 1398//1796 1231//1796
f 1400//1797 1223//1797 1226//1797
f 1400//1798 1399//1798 1223//1798
f 1401//1799 1226//1799 1218//1799
f 1401//1800 1400//1800 1226//1800
f 1402//1801 1218//1801 1221//1801
f 1402//1802 1401//1802 1218//1802
f 1403//1803 1221//1803 1213//1803
f 1403//1804 1402//1804 1221//1804
f 1404//1805 1213//1805 1216//1805
f 1404//1806 1403//1806 1213//1806
f 1405//1807 1216//1807 1209//1807
f 1405//1808 1404//1808 1216//1808
f 1406//1809 1209//1809 1212//1809
f 1406//1810 1405//1810 1209//1810
f 1407//1811 1212//1811 1204//1811
f 1407//1812 1406//1812 1212//1812
f 1408//1813 1204//1813 1207//1813
f 1408//1814 1407//1814 1204//1814
f 1409//1815 1207//1815 1199//1815
f 1409//1816 1408//1816 1207//1816
f 1410//1817 1199//1817 1202//1817
f 1410//1818 1409//1818 1199//1818
f 1411//1819 1202//1819 1194//1819
f 1411//1820 1410//1820 1202//1820
f 1412//1821 1194//1821 1197//1821
f 1412//1822 1411//1822 1194//1822
f 1413//1823 1197//1823 1189//1823
f 1413//1824 1412//1824 1197//1824
f 1414//1825 1189//1825 1192//1825
f 1414//1826 1413//1826 1189//1826
f 1415//1827 1192//1827 1185//1827
f 1415//1828 1414//1828 1192//1828
f 1416//1829 1185//1829 1188//1829
f 1416//1830 1415//1830 1185//1830
f 1417//1831 1188//1831 1121//1831
f 1417//1832 1416//1832 1188//1832
f 1418//1833 1121//1833 1120//1833
f 1418//1834 1417//1834 1121//1834
f 1419//1835 1120//1835 1123//1835
f 1418//1836 1120//1836 1419//1836
f 1420//1837 1123//1837 1122//1837
f 1421//1838 1419//1838 1123//1838
f 1420//1839 1421//1839 1123//1839
f 1422//1840 1122//1840 1125//1840
f 1422//1841 1420//1841 1122//1841
f 1423//1842 1125//1842 1124//1842
f 1423//1843 1422//1843 1125//1843
f 1424//1844 1124//1844 1127//1844
f 1424//1845 1423//1845 1124//1845
f 1425//1846 1127//1846 1126//1846
f 1425//1847 1424//1847 1127//1847
f 1426//1848 1126//1848 1129//1848
f 1426//1849 1425//1849 1126//1849
f 1427//1850 1129//1850 1128//1850
f 1427//1851 1426//1851 1129//1851
f 1428//1852 1128//1852 1131//1852
f 1428//1853 1427//1853 1128//1853
f 1429//1854 1131//1854 1130//1854
f 1429//1855 1428//1855 1131//1855
f 1430//1856 1130//1856 1133//1856
f 1430//1857 1429//1857 1130//1857
f 1431//1858 1133//1858 1132//1858
f 1431//1859 1430//1859 1133//1859
f 1432//1860 1132//1860 1135//1860
f 1432//1861 1431//1861 1132//1861
f 1433//1862 1135//1862 1134//1862
f 1433//1863 1432//1863 1135//1863
f 1434//1864 1134//1864 1137//1864
f 1434//1865 1433//1865 1134//1865
f 1435//1866 1137//1866 1136//1866
f 1435//1867 1434//1867 1137//1867
f 1436//1868 1136//1868 1139//1868
f 1436//1869 1435//1869 1136//1869
f 1437//1870 1139//1870 1138//1870
f 1437//1871 1436//1871 1139//1871
f 1438//1872 1138//1872 1141//1872
f 1438//1873 1437//1873 1138//1873
f 1439//1874 1141//1874 1140//1874
f 1439//1875 1438//1875 1141//1875
f 1440//1876 1140//1876 1143//1876
f 1440//1877 1439//1877 1140//1877
f 1441//1878 1143//1878 1142//1878
f 1441//1879 1440//1879 1143//1879
f 1442//1880 1142//1880 1145//1880
f 1442//1881 1441//1881 1142//1881
f 1443//1882 1145//1882 1144//1882
f 1443//1883 1442//1883 1145//1883
f 1444//1884 1144//1884 1146//1884
f 1444//1885 1443//1885 1144//1885
f 1445//1886 1146//1886 1148//1886
f 1445//1887 1444//1887 1146//1887
f 1446//1888 1148//1888 1147//1888
f 1446//1889 1445//1889 1148//1889
f 1447//1890 1147//1890 1150//1890
f 1447//1891 1446//1891 1147//1891
f 1448//1892 1150//1892 1149//1892
f 1448//1893 1447//1893 1150//1893
f 1449//1894 1149//1894 1151//1894
f 1449//1895 1448//1895 1149//1895
f 1152//1 1450//1 1151//1
f 1451//1896 1151//1896 1450//1896
f 1451//1897 1449//1897 1151//1897
f 1452//1 1453//1 1450//1
f 1454//1898 1450//1898 1453//1898
f 1152//1 1452//1 1450//1
f 1454//1899 1451//1899 1450//1899
f 1455//1 1456//1 1453//1
f 1457//1900 1453//1900 1456//1900
f 1452//1 1455//1 1453//1
f 1457//1901 1454//1901 1453//1901
f 1458//1 1459//1 1456//1
f 1460//1902 1456//1902 1459//1902
f 1455//1 1458//1 1456//1
f 1460//1903 1457//1903 1456//1903
f 1458//1 1461//1 1459//1
f 1462//1904 1459//1904 1461//1904
f 1462//1905 1460//1905 1459//1905
f 1463//1906 1461//1906 1458//1906
f 1463//1907 1462//1907 1461//1907
f 1464//1908 1458//1908 1455//1908
f 1465//1909 1463//1909 1458//1909
f 1464//1910 1465//1910 1458//1910
f 1466//1911 1455//1911 1452//1911
f 1466//1912 1464//1912 1455//1912
f 1467//1913 1452//1913 1152//1913
f 1467//1914 1466//1914 1452//1914
f 1468//1915 1152//1915 1153//1915
f 1468//1916 1467//1916 1152//1916
f 1469//1917 1153//1917 1154//1917
f 1469//1918 1468//1918 1153//1918
f 1470//1919 1154//1919 1155//1919
f 1470//1920 1469//1920 1154//1920
f 1471//1921 1155//1921 1157//1921
f 1471//1922 1470//1922 1155//1922
f 1472//1923 1157//1923 1156//1923
f 1472//1924 1471//1924 1157//1924
f 1473//1925 1156//1925 1159//1925
f 1473//1926 1472//1926 1156//1926
f 1474//1927 1159//1927 1158//1927
f 1474//1928 1473//1928 1159//1928
f 1475//1929 1158//1929 1160//1929
f 1475//1930 1474//1930 1158//1930
f 1476//1931 1160//1931 1162//1931
f 1476//1932 1475//1932 1160//1932
f 1477//1933 1162//1933 1161//1933
f 1477//1934 1476//1934 1162//1934
f 1478//1935 1161//1935 1164//1935
f 1478//1936 1477//1936 1161//1936
f 1479//1937 1164//1937 1163//1937
f 1479//1938 1478//1938 1164//1938
f 1480//1939 1163//1939 1166//1939
f 1480//1940 1479//1940 1163//1940
f 1481//1941 1166//1941 1165//1941
f 1481//1942 1480//1942 1166//1942
f 1482//1943 1165//1943 1168//1943
f 1482//1944 1481//1944 1165//1944
f 1483//1945 1168//1945 1167//1945
f 1483//1946 1482//1946 1168//1946
f 1484//1947 1167//1947 1170//1947
f 1484//1948 1483//1948 1167//1948
f 1485//1949 1170//1949 1169//1949
f 1485//1950 1484//1950 1170//1950
f 1486//1951 1169//1951 1172//1951
f 1486//1952 1485//1952 1169//1952
f 1487//1953 1172//1953 1171//1953
f 1487//1954 1486//1954 1172//1954
f 1488//1955 1171//1955 1174//1955
f 1488//1956 1487//1956 1171//1956
f 1489//1957 1174//1957 1173//1957
f 1489//1958 1488//1958 1174//1958
f 1490//1959 1173//1959 1176//1959
f 1490//1960 1489//1960 1173//1960
f 1491//1961 1176//1961 1175//1961
f 1491//1962 1490//1962 1176//1962
f 1492//1963 1175//1963 1178//1963
f 1492//1964 1491//1964 1175//1964
f 1493//1965 1178//1965 1177//1965
f 1493//1966 1492//1966 1178//1966
f 1494//1967 1177//1967 1180//1967
f 1494//1968 1493//1968 1177//1968
f 1495//1969 1180//1969 1179//1969
f 1495//1970 1494//1970 1180//1970
f 1496//1971 1179//1971 1182//1971
f 1496//1972 1495//1972 1179//1972
f 1497//1973 1182//1973 1181//1973
f 1497//1974 1496//1974 1182//1974
f 1339//1975 1497//1975 1181//1975
f 1498//1976 1419//1976 1421//1976
f 1499//1977 1419//1977 1498//1977
f 1499//1978 1418//1978 1419//1978
f 1500//1979 1421//1979 1420//1979
f 1501//1980 1498//1980 1421//1980
f 1500//1981 1501//1981 1421//1981
f 1502//1982 1420//1982 1422//1982
f 1502//1983 1500//1983 1420//1983
f 1503//1984 1422//1984 1423//1984
f 1503//1985 1502//1985 1422//1985
f 1504//1986 1423//1986 1424//1986
f 1504//1987 1503//1987 1423//1987
f 1505//1988 1424//1988 1425//1988
f 1505//1989 1504//1989 1424//1989
f 1506//1990 1425//1990 1426//1990
f 1506//1991 1505//1991 1425//1991
f 1507//1992 1426//1992 1427//1992
f 1507//1993 1506//1993 1426//1993
f 1508//1994 1427//1994 1428//1994
f 1508//1995 1507//1995 1427//1995
f 1509//1996 1428//1996 1429//1996
f 1509//1997 1508//1997 1428//1997
f 1510//1998 1429//1998 1430//1998
f 1510//1999 1509//1999 1429//1999
f 1511//2000 1430//2000 1431//2000
f 1511//2001 1510//2001 1430//2001
f 1512//2002 1431//2002 1432//2002
f 1512//2003 1511//2003 1431//2003
f 1513//2004 1432//2004 1433//2004
f 1514//2005 1512//2005 1432//2005
f 1513//2006 1514//2006 1432//2006
f 1515//2007 1433//2007 1434//2007
f 1515//2008 1513//2008 1433//2008
f 1516//2009 1434//2009 1435//2009
f 1516//2010 1515//2010 1434//2010
f 1517//2011 1435//2011 1436//2011
f 1517//2012 1516//2012 1435//2012
f 1518//2013 1436//2013 1437//2013
f 1518//2014 1517//2014 1436//2014
f 1519//2015 1437//2015 1438//2015
f 1519//2016 1518//2016 1437//2016
f 1520//2017 1438//2017 1439//2017
f 1520//2018 1519//2018 1438//2018
f 1521//2019 1439//2019 1440//2019
f 1521//2020 1520//2020 1439//2020
f 1522//2021 1440//2021 1441//2021
f 1522//2022 1521//2022 1440//2022
f 1523//2023 1441//2023 1442//2023
f 1523//2024 1522//2024 1441//2024
f 1524//2025 1442//2025 1443//2025
f 1524//2026 1523//2026 1442//2026
f 1525//2027 1443//2027 1444//2027
f 1525//2028 1524//2028 1443//2028
f 1526//2029 1444//2029 1445//2029
f 1527//2030 1525//2030 1444//2030
f 1526//2031 1527//2031 1444//2031
f 1528//2032 1445//2032 1446//2032
f 1528//2033 1526//2033 1445//2033
f 1529//2034 1446//2034 1447//2034
f 1529//2035 1528//2035 1446//2035
f 1530//2036 1447//2036 1448//2036
f 1530//2037 1529//2037 1447//2037
f 1531//2038 1448//2038 1449//2038
f 1531//2039 1530//2039 1448//2039
f 1532//2040 1449//2040 1451//2040
f 1532//2041 1531//2041 1449//2041
f 1533//2042 1451//2042 1454//2042
f 1533//2043 1532//2043 1451//2043
f 1534//2044 1454//2044 1457//2044
f 1534//2045 1533//2045 1454//2045
f 1535//2046 1457//2046 1460//2046
f 1535//2047 1534//2047 1457//2047
f 1536//2048 1460//2048 1462//2048
f 1536//2049 1535//2049 1460//2049
f 1537//2050 1462//2050 1463//2050
f 1537//2051 1536//2051 1462//2051
f 1538//2052 1463//2052 1465//2052
f 1538//2053 1537//2053 1463//2053
f 1539//2054 1465//2054 1464//2054
f 1540//2055 1538//2055 1465//2055
f 1539//2056 1540//2056 1465//2056
f 1541//2057 1464//2057 1466//2057
f 1541//2058 1539//2058 1464//2058
f 1542//2059 1466//2059 1467//2059
f 1542//2060 1541//2060 1466//2060
f 1543//2061 1467//2061 1468//2061
f 1543//2062 1542//2062 1467//2062
f 1544//2063 1468//2063 1469//2063
f 1544//2064 1543//2064 1468//2064
f 1545//2065 1469//2065 1470//2065
f 1545//2066 1544//2066 1469//2066
f 1546//2067 1470//2067 1471//2067
f 1546//2068 1545//2068 1470//2068
f 1547//2069 1471//2069 1472//2069
f 1547//2070 1546//2070 1471//2070
f 1548//2071 1472//2071 1473//2071
f 1548//2072 1547//2072 1472//2072
f 1549//2073 1473//2073 1474//2073
f 1549//2074 1548//2074 1473//2074
f 1550//2075 1474//2075 1475//2075
f 1550//2076 1549//2076 1474//2076
f 1551//2077 1475//2077 1476//2077
f 1551//2078 1550//2078 1475//2078
f 1552//2079 1476//2079 1477//2079
f 1553//2080 1551//2080 1476//2080
f 1552//2081 1553//2081 1476//2081
f 1554//2082 1477//2082 1478//2082
f 1554//2083 1552//2083 1477//2083
f 1555//2084 1478//2084 1479//2084
f 1555//2085 1554//2085 1478//2085
f 1556//2086 1479//2086 1480//2086
f 1556//2087 1555//2087 1479//2087
f 1557//2088 1480//2088 1481//2088
f 1557//2089 1556//2089 1480//2089
f 1558//2090 1481//2090 1482//2090
f 1558//2091 1557//2091 1481//2091
f 1559//2092 1482//2092 1483//2092
f 1559//2093 1558//2093 1482//2093
f 1560//2094 1483//2094 1484//2094
f 1560//2095 1559//2095 1483//2095
f 1561//2096 1484//2096 1485//2096
f 1561//2097 1560//2097 1484//2097
f 1562//2098 1485//2098 1486//2098
f 1562//2099 1561//2099 1485//2099
f 1563//2100 1486//2100 1487//2100
f 1563//2101 1562//2101 1486//2101
f 1564//2102 1487//2102 1488//2102
f 1564//2103 1563//2103 1487//2103
f 1565//2104 1488//2104 1489//2104
f 1566//2105 1564//2105 1488//2105
f 1565//2106 1566//2106 1488//2106
f 1567//2107 1489//2107 1490//2107
f 1567//2108 1565//2108 1489//2108
f 1568//2109 1490//2109 1491//2109
f 1568//2110 1567//2110 1490//2110
f 1569//2111 1491//2111 1492//2111
f 1569//2112 1568//2112 1491//2112
f 1570//2113 1492//2113 1493//2113
f 1570//2114 1569//2114 1492//2114
f 1571//2115 1493//2115 1494//2115
f 1571//2116 1570//2116 1493//2116
f 1572//2117 1494//2117 1495//2117
f 1572//2118 1571//2118 1494//2118
f 1573//2119 1495//2119 1496//2119
f 1573//2120 1572//2120 1495//2120
f 1574//2121 1496//2121 1497//2121
f 1574//2122 1573//2122 1496//2122
f 1575//2123 1497//2123 1339//2123
f 1575//2124 1574//2124 1497//2124
f 1576//2125 1339//2125 1338//2125
f 1576//2126 1575//2126 1339//2126
f 1577//2127 1576//2127 1338//2127
f 1341//2128 1577//2128 1338//2128
f 1578//2129 1498//2129 1501//2129
f 1579//2130 1498//2130 1578//2130
f 1579//2131 1499//2131 1498//2131
f 1580//2132 1501//2132 1500//2132
f 1580//2133 1578//2133 1501//2133
f 1580//2134 1500//2134 1502//2134
f 1581//2135 1502//2135 1503//2135
f 1581//2136 1580//2136 1502//2136
f 1581//2137 1503//2137 1504//2137
f 1582//2138 1504//2138 1505//2138
f 1582//2139 1581//2139 1504//2139
f 1582//2140 1505//2140 1506//2140
f 1583//2141 1506//2141 1507//2141
f 1583//2142 1582//2142 1506//2142
f 1584//2143 1507//2143 1508//2143
f 1584//2144 1583//2144 1507//2144
f 1584//2145 1508//2145 1509//2145
f 1585//2146 1509//2146 1510//2146
f 1585//2147 1584//2147 1509//2147
f 1585//2148 1510//2148 1511//2148
f 1586//2149 1511//2149 1512//2149
f 1586//2150 1585//2150 1511//2150
f 1586//2151 1512//2151 1514//2151
f 1587//2152 1514//2152 1513//2152
f 1587//2153 1586//2153 1514//2153
f 1588//2154 1513//2154 1515//2154
f 1588//2155 1587//2155 1513//2155
f 1588//2156 1515//2156 1516//2156
f 1589//2157 1516//2157 1517//2157
f 1589//2158 1588//2158 1516//2158
f 1589//2159 1517//2159 1518//2159
f 1590//2160 1518//2160 1519//2160
f 1590//2161 1589//2161 1518//2161
f 1590//2162 1519//2162 1520//2162
f 1591//2163 1520//2163 1521//2163
f 1591//2164 1590//2164 1520//2164
f 1591//2165 1521//2165 1522//2165
f 1592//2166 1522//2166 1523//2166
f 1592//2167 1591//2167 1522//2167
f 1593//2168 1523//2168 1524//2168
f 1593//2169 1592//2169 1523//2169
f 1593//2170 1524//2170 1525//2170
f 1594//2171 1525//2171 1527//2171
f 1594//2172 1593//2172 1525//2172
f 1594//2173 1527//2173 1526//2173
f 1595//2174 1526//2174 1528//2174
f 1595//2175 1594//2175 1526//2175
f 1595//2176 1528//2176 1529//2176
f 1596//2177 1529//2177 1530//2177
f 1596//2178 1595//2178 1529//2178
f 1597//2179 1530//2179 1531//2179
f 1597//2180 1596//2180 1530//2180
f 1597//2181 1531//2181 1532//2181
f 1598//2182 1532//2182 1533//2182
f 1598//2183 1597//2183 1532//2183
f 1598//2184 1533//2184 1534//2184
f 1599//2185 1534//2185 1535//2185
f 1599//2186 1598//2186 1534//2186
f 1599//2187 1535//2187 1536//2187
f 1600//2188 1536//2188 1537//2188
f 1600//2189 1599//2189 1536//2189
f 1600//2190 1537//2190 1538//2190
f 1601//2191 1538//2191 1540//2191
f 1601//2192 1600//2192 1538//2192
f 1602//2193 1540//2193 1539//2193
f 1602//2194 1601//2194 1540//2194
f 1602//2195 1539//2195 1541//2195
f 1603//2196 1541//2196 1542//2196
f 1603//2197 1602//2197 1541//2197
f 1603//2198 1542//2198 1543//2198
f 1604//2199 1543//2199 1544//2199
f 1604//2200 1603//2200 1543//2200
f 1604//2201 1544//2201 1545//2201
f 1605//2202 1545//2202 1546//2202
f 1605//2203 1604//2203 1545//2203
f 1606//2204 1546//2204 1547//2204
f 1606//2205 1605//2205 1546//2205
f 1606//2206 1547//2206 1548//2206
f 1607//2207 1548//2207 1549//2207
f 1607//2208 1606//2208 1548//2208
f 1607//2209 1549//2209 1550//2209
f 1608//2210 1550//2210 1551//2210
f 1608//2211 1607//2211 1550//2211
f 1608//2212 1551//2212 1553//2212
f 1609//2213 1553//2213 1552//2213
f 1609//2214 1608//2214 1553//2214
f 1610//2215 1552//2215 1554//2215
f 1610//2216 1609//2216 1552//2216
f 1610//2217 1554//2217 1555//2217
f 1611//2218 1555//2218 1556//2218
f 1611//2219 1610//2219 1555//2219
f 1611//2220 1556//2220 1557//2220
f 1612//2221 1557//2221 1558//2221
f 1612//2222 1611//2222 1557//2222
f 1612//2223 1558//2223 1559//2223
f 1613//2224 1559//2224 1560//2224
f 1613//2225 1612//2225 1559//2225
f 1613//2226 1560//2226 1561//2226
f 1614//2227 1561//2227 1562//2227
f 1614//2228 1613//2228 1561//2228
f 1615//2229 1562//2229 1563//2229
f 1615//2230 1614//2230 1562//2230
f 1615//2231 1563//2231 1564//2231
f 1616//2232 1564//2232 1566//2232
f 1616//2233 1615//2233 1564//2233
f 1616//2234 1566//2234 1565//2234
f 1617//2235 1565//2235 1567//2235
f 1617//2236 1616//2236 1565//2236
f 1617//2237 1567//2237 1568//2237
f 1618//2238 1568//2238 1569//2238
f 1618//2239 1617//2239 1568//2239
f 1619//2240 1569//2240 1570//2240
f 1619//2241 1618//2241 1569//2241
f 1619//2242 1570//2242 1571//2242
f 1620//2243 1571//2243 1572//2243
f 1620//2244 1619//2244 1571//2244
f 1620//2245 1572//2245 1573//2245
f 1621//2246 1573//2246 1574//2246
f 1621//2247 1620//2247 1573//2247
f 1621//2248 1574//2248 1575//2248
f 1622//2249 1575//2249 1576//2249
f 1622//2250 1621//2250 1575//2250
f 1622//2251 1576//2251 1577//2251
f 1623//2252 1622//2252 1577//2252
f 1624//2253 1623//2253 1577//2253
f 1624//2254 1577//2254 1341//2254
f 1625//2255 1578//2255 1580//2255
f 1626//2256 1578//2256 1625//2256
f 1626//2257 1579//2257 1578//2257
f 1627//2258 1580//2258 1581//2258
f 1627//2255 1625//2255 1580//2255
f 1628//2259 1581//2259 1582//2259
f 1628//2258 1627//2258 1581//2258
f 1629//2260 1582//2260 1583//2260
f 1629//2259 1628//2259 1582//2259
f 1630//2261 1583//2261 1584//2261
f 1630//2260 1629//2260 1583//2260
f 1631//2262 1584//2262 1585//2262
f 1631//2261 1630//2261 1584//2261
f 1632//2263 1585//2263 1586//2263
f 1632//2262 1631//2262 1585//2262
f 1633//2264 1586//2264 1587//2264
f 1633//2263 1632//2263 1586//2263
f 1634//2265 1587//2265 1588//2265
f 1634//2264 1633//2264 1587//2264
f 1635//2266 1588//2266 1589//2266
f 1635//2265 1634//2265 1588//2265
f 1636//2267 1589//2267 1590//2267
f 1636//2266 1635//2266 1589//2266
f 1637//2268 1590//2268 1591//2268
f 1637//2267 1636//2267 1590//2267
f 1638//2269 1591//2269 1592//2269
f 1638//2268 1637//2268 1591//2268
f 1639//2270 1592//2270 1593//2270
f 1639//2269 1638//2269 1592//2269
f 1640//2271 1593//2271 1594//2271
f 1640//2270 1639//2270 1593//2270
f 1641//2272 1594//2272 1595//2272
f 1641//2271 1640//2271 1594//2271
f 1642//2273 1595//2273 1596//2273
f 1642//2272 1641//2272 1595//2272
f 1643//2274 1596//2274 1597//2274
f 1643//2273 1642//2273 1596//2273
f 1644//2275 1597//2275 1598//2275
f 1644//2274 1643//2274 1597//2274
f 1645//2276 1598//2276 1599//2276
f 1645//2275 1644//2275 1598//2275
f 1646//2277 1599//2277 1600//2277
f 1646//2276 1645//2276 1599//2276
f 1647//2278 1600//2278 1601//2278
f 1647//2277 1646//2277 1600//2277
f 1648//2279 1601//2279 1602//2279
f 1648//2278 1647//2278 1601//2278
f 1649//2280 1602//2280 1603//2280
f 1649//2279 1648//2279 1602//2279
f 1650//2281 1603//2281 1604//2281
f 1650//2280 1649//2280 1603//2280
f 1651//2282 1604//2282 1605//2282
f 1651//2281 1650//2281 1604//2281
f 1652//2283 1605//2283 1606//2283
f 1652//2282 1651//2282 1605//2282
f 1653//2284 1606//2284 1607//2284
f 1653//2283 1652//2283 1606//2283
f 1654//2285 1607//2285 1608//2285
f 1654//2284 1653//2284 1607//2284
f 1655//2286 1608//2286 1609//2286
f 1655//2285 1654//2285 1608//2285
f 1656//2287 1609//2287 1610//2287
f 1656//2286 1655//2286 1609//2286
f 1657//2288 1610//2288 1611//2288
f 1657//2287 1656//2287 1610//2287
f 1658//2289 1611//2289 1612//2289
f 1658//2288 1657//2288 1611//2288
f 1659//2290 1612//2290 1613//2290
f 1659//2291 1658//2291 1612//2291
f 1660//2292 1613//2292 1614//2292
f 1660//2290 1659//2290 1613//2290
f 1661//2293 1614//2293 1615//2293
f 1661//2292 1660//2292 1614//2292
f 1662//2294 1615//2294 1616//2294
f 1662//2293 1661//2293 1615//2293
f 1663//2295 1616//2295 1617//2295
f 1663//2294 1662//2294 1616//2294
f 1664//2296 1617//2296 1618//2296
f 1664//2295 1663//2295 1617//2295
f 1665//2297 1618//2297 1619//2297
f 1665//2296 1664//2296 1618//2296
f 1666//2298 1619//2298 1620//2298
f 1666//2297 1665//2297 1619//2297
f 1667//2299 1620//2299 1621//2299
f 1667//2298 1666//2298 1620//2298
f 1668//2300 1621//2300 1622//2300
f 1668//2299 1667//2299 1621//2299
f 1669//2301 1622//2301 1623//2301
f 1669//2300 1668//2300 1622//2300
f 1669//2302 1623//2302 1670//2302
f 1671//2303 1670//2303 1623//2303
f 1671//2304 1623//2304 1624//2304
f 1672//2305 1669//2305 1670//2305
f 1672//2305 1670//2305 1673//2305
f 1674//2306 1673//2306 1670//2306
f 1674//2303 1670//2303 1671//2303
f 1675//2307 1625//2307 1627//2307
f 1676//2308 1625//2308 1675//2308
f 1676//2308 1626//2308 1625//2308
f 1677//2309 1627//2309 1628//2309
f 1677//2307 1675//2307 1627//2307
f 1678//2310 1628//2310 1629//2310
f 1678//2309 1677//2309 1628//2309
f 1679//2311 1629//2311 1630//2311
f 1679//2310 1678//2310 1629//2310
f 1680//2312 1630//2312 1631//2312
f 1680//2311 1679//2311 1630//2311
f 1681//2313 1631//2313 1632//2313
f 1681//2312 1680//2312 1631//2312
f 1682//2314 1632//2314 1633//2314
f 1682//2313 1681//2313 1632//2313
f 1683//2315 1633//2315 1634//2315
f 1683//2314 1682//2314 1633//2314
f 1684//2316 1634//2316 1635//2316
f 1684//2315 1683//2315 1634//2315
f 1685//2317 1635//2317 1636//2317
f 1685//2316 1684//2316 1635//2316
f 1686//2318 1636//2318 1637//2318
f 1686//2317 1685//2317 1636//2317
f 1687//2319 1637//2319 1638//2319
f 1687//2318 1686//2318 1637//2318
f 1688//2320 1638//2320 1639//2320
f 1688//2319 1687//2319 1638//2319
f 1689//2321 1639//2321 1640//2321
f 1689//2320 1688//2320 1639//2320
f 1690//2322 1640//2322 1641//2322
f 1690//2321 1689//2321 1640//2321
f 1691//2323 1641//2323 1642//2323
f 1691//2322 1690//2322 1641//2322
f 1692//2324 1642//2324 1643//2324
f 1692//2323 1691//2323 1642//2323
f 1693//2325 1643//2325 1644//2325
f 1693//2326 1692//2326 1643//2326
f 1694//2327 1644//2327 1645//2327
f 1694//2325 1693//2325 1644//2325
f 1695//2328 1645//2328 1646//2328
f 1695//2327 1694//2327 1645//2327
f 1696//2329 1646//2329 1647//2329
f 1696//2328 1695//2328 1646//2328
f 1697//2330 1647//2330 1648//2330
f 1697//2329 1696//2329 1647//2329
f 1698//2331 1648//2331 1649//2331
f 1698//2330 1697//2330 1648//2330
f 1699//2332 1649//2332 1650//2332
f 1699//2331 1698//2331 1649//2331
f 1700//2333 1650//2333 1651//2333
f 1700//2332 1699//2332 1650//2332
f 1701//2334 1651//2334 1652//2334
f 1701//2333 1700//2333 1651//2333
f 1702//2335 1652//2335 1653//2335
f 1702//2334 1701//2334 1652//2334
f 1703//2336 1653//2336 1654//2336
f 1703//2335 1702//2335 1653//2335
f 1704//2337 1654//2337 1655//2337
f 1704//2336 1703//2336 1654//2336
f 1705//2338 1655//2338 1656//2338
f 1705//2337 1704//2337 1655//2337
f 1706//2339 1656//2339 1657//2339
f 1706//2340 1705//2340 1656//2340
f 1707//2341 1657//2341 1658//2341
f 1707//2339 1706//2339 1657//2339
f 1708//2342 1658//2342 1659//2342
f 1708//2341 1707//2341 1658//2341
f 1709//2343 1659//2343 1660//2343
f 1709//2342 1708//2342 1659//2342
f 1710//2344 1660//2344 1661//2344
f 1710//2343 1709//2343 1660//2343
f 1711//2345 1661//2345 1662//2345
f 1711//2344 1710//2344 1661//2344
f 1712//2346 1662//2346 1663//2346
f 1712//2345 1711//2345 1662//2345
f 1713//2347 1663//2347 1664//2347
f 1713//2348 1712//2348 1663//2348
f 1714//2349 1664//2349 1665//2349
f 1714//2347 1713//2347 1664//2347
f 1715//2350 1665//2350 1666//2350
f 1715//2349 1714//2349 1665//2349
f 1716//2351 1666//2351 1667//2351
f 1716//2350 1715//2350 1666//2350
f 1717//2352 1667//2352 1668//2352
f 1717//2351 1716//2351 1667//2351
f 1718//2353 1668//2353 1669//2353
f 1718//2352 1717//2352 1668//2352
f 1672//2353 1718//2353 1669//2353
f 1719//2354 1672//2354 1673//2354
f 1719//2354 1673//2354 1720//2354
f 1721//2355 1720//2355 1673//2355
f 1721//2306 1673//2306 1674//2306
f 1722//2356 1675//2356 1677//2356
f 1723//2357 1675//2357 1722//2357
f 1723//2357 1676//2357 1675//2357
f 1724//2358 1677//2358 1678//2358
f 1724//2356 1722//2356 1677//2356
f 1725//2359 1678//2359 1679//2359
f 1725//2358 1724//2358 1678//2358
f 1726//2360 1679//2360 1680//2360
f 1726//2359 1725//2359 1679//2359
f 1727//2361 1680//2361 1681//2361
f 1727//2360 1726//2360 1680//2360
f 1728//2362 1681//2362 1682//2362
f 1728//2361 1727//2361 1681//2361
f 1729//2363 1682//2363 1683//2363
f 1729//2362 1728//2362 1682//2362
f 1730//2364 1683//2364 1684//2364
f 1730//2363 1729//2363 1683//2363
f 1731//2365 1684//2365 1685//2365
f 1731//2364 1730//2364 1684//2364
f 1732//2366 1685//2366 1686//2366
f 1732//2365 1731//2365 1685//2365
f 1733//2367 1686//2367 1687//2367
f 1733//2366 1732//2366 1686//2366
f 1734//2368 1687//2368 1688//2368
f 1734//2367 1733//2367 1687//2367
f 1735//2369 1688//2369 1689//2369
f 1735//2368 1734//2368 1688//2368
f 1736//2370 1689//2370 1690//2370
f 1736//2369 1735//2369 1689//2369
f 1737//2371 1690//2371 1691//2371
f 1737//2370 1736//2370 1690//2370
f 1738//2372 1691//2372 1692//2372
f 1738//2371 1737//2371 1691//2371
f 1739//2373 1692//2373 1693//2373
f 1739//2372 1738//2372 1692//2372
f 1740//2374 1693//2374 1694//2374
f 1740//2373 1739//2373 1693//2373
f 1741//2375 1694//2375 1695//2375
f 1741//2374 1740//2374 1694//2374
f 1742//2376 1695//2376 1696//2376
f 1742//2375 1741//2375 1695//2375
f 1743//2377 1696//2377 1697//2377
f 1743//2376 1742//2376 1696//2376
f 1744//2378 1697//2378 1698//2378
f 1744//2377 1743//2377 1697//2377
f 1745//2379 1698//2379 1699//2379
f 1745//2378 1744//2378 1698//2378
f 1746//2380 1699//2380 1700//2380
f 1746//2379 1745//2379 1699//2379
f 1747//2381 1700//2381 1701//2381
f 1747//2380 1746//2380 1700//2380
f 1748//2382 1701//2382 1702//2382
f 1748//2381 1747//2381 1701//2381
f 1749//2383 1702//2383 1703//2383
f 1749//2382 1748//2382 1702//2382
f 1750//2384 1703//2384 1704//2384
f 1750//2383 1749//2383 1703//2383
f 1751//2385 1704//2385 1705//2385
f 1751//2384 1750//2384 1704//2384
f 1752//2386 1705//2386 1706//2386
f 1752//2385 1751//2385 1705//2385
f 1753//2387 1706//2387 1707//2387
f 1753//2386 1752//2386 1706//2386
f 1754//2388 1707//2388 1708//2388
f 1754//2387 1753//2387 1707//2387
f 1755//2389 1708//2389 1709//2389
f 1755//2388 1754//2388 1708//2388
f 1756//2390 1709//2390 1710//2390
f 1756//2389 1755//2389 1709//2389
f 1757//2391 1710//2391 1711//2391
f 1757//2390 1756//2390 1710//2390
f 1758//2392 1711//2392 1712//2392
f 1758//2391 1757//2391 1711//2391
f 1759//2393 1712//2393 1713//2393
f 1759//2392 1758//2392 1712//2392
f 1760//2394 1713//2394 1714//2394
f 1760//2393 1759//2393 1713//2393
f 1761//2395 1714//2395 1715//2395
f 1761//2394 1760//2394 1714//2394
f 1762//2396 1715//2396 1716//2396
f 1762//2395 1761//2395 1715//2395
f 1763//2397 1716//2397 1717//2397
f 1763//2396 1762//2396 1716//2396
f 1764//2398 1717//2398 1718//2398
f 1764//2397 1763//2397 1717//2397
f 1765//2399 1718//2399 1672//2399
f 1765//2398 1764//2398 1718//2398
f 1719//2399 1765//2399 1672//2399
f 1766//2400 1719//2400 1720//2400
f 1766//2400 1720//2400 1767//2400
f 1768//2401 1767//2401 1720//2401
f 1768//2355 1720//2355 1721//2355
f 1769//2402 1722//2402 1724//2402
f 1770//2403 1722//2403 1769//2403
f 1770//2403 1723//2403 1722//2403
f 1771//2404 1724//2404 1725//2404
f 1771//2402 1769//2402 1724//2402
f 1772//2405 1725//2405 1726//2405
f 1772//2404 1771//2404 1725//2404
f 1773//2406 1726//2406 1727//2406
f 1773//2405 1772//2405 1726//2405
f 1774//2407 1727//2407 1728//2407
f 1774//2406 1773//2406 1727//2406
f 1775//2408 1728//2408 1729//2408
f 1775//2407 1774//2407 1728//2407
f 1776//2409 1729//2409 1730//2409
f 1776//2408 1775//2408 1729//2408
f 1777//2410 1730//2410 1731//2410
f 1777//2409 1776//2409 1730//2409
f 1778//2411 1731//2411 1732//2411
f 1778//2410 1777//2410 1731//2410
f 1779//2412 1732//2412 1733//2412
f 1779//2411 1778//2411 1732//2411
f 1780//2413 1733//2413 1734//2413
f 1780//2412 1779//2412 1733//2412
f 1781//2414 1734//2414 1735//2414
f 1781//2413 1780//2413 1734//2413
f 1782//2415 1735//2415 1736//2415
f 1782//2414 1781//2414 1735//2414
f 1783//2416 1736//2416 1737//2416
f 1783//2415 1782//2415 1736//2415
f 1784//2417 1737//2417 1738//2417
f 1784//2416 1783//2416 1737//2416
f 1785//2418 1738//2418 1739//2418
f 1785//2417 1784//2417 1738//2417
f 1786//2419 1739//2419 1740//2419
f 1786//2418 1785//2418 1739//2418
f 1787//2420 1740//2420 1741//2420
f 1787//2419 1786//2419 1740//2419
f 1788//2421 1741//2421 1742//2421
f 1788//2420 1787//2420 1741//2420
f 1789//2422 1742//2422 1743//2422
f 1789//2421 1788//2421 1742//2421
f 1790//2423 1743//2423 1744//2423
f 1790//2422 1789//2422 1743//2422
f 1791//2424 1744//2424 1745//2424
f 1791//2423 1790//2423 1744//2423
f 1792//2425 1745//2425 1746//2425
f 1792//2424 1791//2424 1745//2424
f 1793//2426 1746//2426 1747//2426
f 1793//2425 1792//2425 1746//2425
f 1794//2427 1747//2427 1748//2427
f 1794//2426 1793//2426 1747//2426
f 1795//2428 1748//2428 1749//2428
f 1795//2427 1794//2427 1748//2427
f 1796//2429 1749//2429 1750//2429
f 1796//2428 1795//2428 1749//2428
f 1797//2430 1750//2430 1751//2430
f 1797//2429 1796//2429 1750//2429
f 1798//2431 1751//2431 1752//2431
f 1798//2430 1797//2430 1751//2430
f 1799//2432 1752//2432 1753//2432
f 1799//2431 1798//2431 1752//2431
f 1800//2433 1753//2433 1754//2433
f 1800//2432 1799//2432 1753//2432
f 1801//2434 1754//2434 1755//2434
f 1801//2433 1800//2433 1754//2433
f 1802//2435 1755//2435 1756//2435
f 1802//2434 1801//2434 1755//2434
f 1803//2436 1756//2436 1757//2436
f 1803//2435 1802//2435 1756//2435
f 1804//2437 1757//2437 1758//2437
f 1804//2436 1803//2436 1757//2436
f 1805//2438 1758//2438 1759//2438
f 1805//2437 1804//2437 1758//2437
f 1806//2439 1759//2439 1760//2439
f 1806//2438 1805//2438 1759//2438
f 1807//2440 1760//2440 1761//2440
f 1807//2439 1806//2439 1760//2439
f 1808//2441 1761//2441 1762//2441
f 1808//2440 1807//2440 1761//2440
f 1809//2442 1762//2442 1763//2442
f 1809//2441 1808//2441 1762//2441
f 1810//2443 1763//2443 1764//2443
f 1810//2442 1809//2442 1763//2442
f 1811//2444 1764//2444 1765//2444
f 1811//2443 1810//2443 1764//2443
f 1812//2445 1765//2445 1719//2445
f 1812//2444 1811//2444 1765//2444
f 1766//2445 1812//2445 1719//2445
f 1813//2446 1766//2446 1767//2446
f 1813//2446 1767//2446 1814//2446
f 1815//2447 1814//2447 1767//2447
f 1815//2401 1767//2401 1768//2401
f 1816//2448 1769//2448 1771//2448
f 1817//2449 1769//2449 1816//2449
f 1817//2449 1770//2449 1769//2449
f 1818//2450 1771//2450 1772//2450
f 1818//2448 1816//2448 1771//2448
f 1819//2451 1772//2451 1773//2451
f 1819//2450 1818//2450 1772//2450
f 1820//2452 1773//2452 1774//2452
f 1820//2451 1819//2451 1773//2451
f 1821//2453 1774//2453 1775//2453
f 1821//2452 1820//2452 1774//2452
f 1822//2454 1775//2454 1776//2454
f 1822//2453 1821//2453 1775//2453
f 1823//2455 1776//2455 1777//2455
f 1823//2454 1822//2454 1776//2454
f 1824//2456 1777//2456 1778//2456
f 1824//2455 1823//2455 1777//2455
f 1825//2457 1778//2457 1779//2457
f 1825//2456 1824//2456 1778//2456
f 1826//2458 1779//2458 1780//2458
f 1826//2457 1825//2457 1779//2457
f 1827//2459 1780//2459 1781//2459
f 1827//2460 1826//2460 1780//2460
f 1828//2461 1781//2461 1782//2461
f 1828//2459 1827//2459 1781//2459
f 1829//2462 1782//2462 1783//2462
f 1829//2461 1828//2461 1782//2461
f 1830//2463 1783//2463 1784//2463
f 1830//2462 1829//2462 1783//2462
f 1831//2464 1784//2464 1785//2464
f 1831//2463 1830//2463 1784//2463
f 1832//2465 1785//2465 1786//2465
f 1832//2464 1831//2464 1785//2464
f 1833//2466 1786//2466 1787//2466
f 1833//2465 1832//2465 1786//2465
f 1834//2467 1787//2467 1788//2467
f 1834//2466 1833//2466 1787//2466
f 1835//2468 1788//2468 1789//2468
f 1835//2467 1834//2467 1788//2467
f 1836//2469 1789//2469 1790//2469
f 1836//2468 1835//2468 1789//2468
f 1837//2470 1790//2470 1791//2470
f 1837//2469 1836//2469 1790//2469
f 1838//2471 1791//2471 1792//2471
f 1838//2470 1837//2470 1791//2470
f 1839//2472 1792//2472 1793//2472
f 1839//2471 1838//2471 1792//2471
f 1840//2473 1793//2473 1794//2473
f 1840//2472 1839//2472 1793//2472
f 1841//2474 1794//2474 1795//2474
f 1841//2473 1840//2473 1794//2473
f 1842//2475 1795//2475 1796//2475
f 1842//2474 1841//2474 1795//2474
f 1843//2476 1796//2476 1797//2476
f 1843//2475 1842//2475 1796//2475
f 1844//2477 1797//2477 1798//2477
f 1844//2476 1843//2476 1797//2476
f 1845//2478 1798//2478 1799//2478
f 1845//2477 1844//2477 1798//2477
f 1846//2479 1799//2479 1800//2479
f 1846//2478 1845//2478 1799//2478
f 1847//2480 1800//2480 1801//2480
f 1847//2479 1846//2479 1800//2479
f 1848//2481 1801//2481 1802//2481
f 1848//2480 1847//2480 1801//2480
f 1849//2482 1802//2482 1803//2482
f 1849//2481 1848//2481 1802//2481
f 1850//2483 1803//2483 1804//2483
f 1850//2484 1849//2484 1803//2484
f 1851//2485 1804//2485 1805//2485
f 1851//2483 1850//2483 1804//2483
f 1852//2486 1805//2486 1806//2486
f 1852//2485 1851//2485 1805//2485
f 1853//2487 1806//2487 1807//2487
f 1853//2486 1852//2486 1806//2486
f 1854//2488 1807//2488 1808//2488
f 1854//2487 1853//2487 1807//2487
f 1855//2489 1808//2489 1809//2489
f 1855//2488 1854//2488 1808//2488
f 1856//2490 1809//2490 1810//2490
f 1856//2489 1855//2489 1809//2489
f 1857//2491 1810//2491 1811//2491
f 1857//2492 1856//2492 1810//2492
f 1858//2493 1811//2493 1812//2493
f 1858//2491 1857//2491 1811//2491
f 1859//2494 1812//2494 1766//2494
f 1859//2493 1858//2493 1812//2493
f 1813//2494 1859//2494 1766//2494
f 1860//2495 1813//2495 1814//2495
f 1861//2496 1860//2496 1814//2496
f 1862//2497 1861//2497 1814//2497
f 1862//2447 1814//2447 1815//2447
f 1863//2498 1816//2498 1818//2498
f 1864//2499 1816//2499 1863//2499
f 1817//2500 1816//2500 1864//2500
f 1865//2501 1818//2501 1819//2501
f 1865//2502 1863//2502 1818//2502
f 1866//2503 1819//2503 1820//2503
f 1866//2504 1865//2504 1819//2504
f 1867//2505 1820//2505 1821//2505
f 1867//2506 1866//2506 1820//2506
f 1868//2507 1821//2507 1822//2507
f 1868//2508 1867//2508 1821//2508
f 1869//2509 1822//2509 1823//2509
f 1869//2510 1868//2510 1822//2510
f 1870//2511 1823//2511 1824//2511
f 1870//2512 1869//2512 1823//2512
f 1871//2513 1824//2513 1825//2513
f 1871//2514 1870//2514 1824//2514
f 1872//2515 1825//2515 1826//2515
f 1872//2516 1871//2516 1825//2516
f 1873//2517 1826//2517 1827//2517
f 1873//2515 1872//2515 1826//2515
f 1874//2518 1827//2518 1828//2518
f 1874//2519 1873//2519 1827//2519
f 1875//2520 1828//2520 1829//2520
f 1875//2521 1874//2521 1828//2521
f 1876//2522 1829//2522 1830//2522
f 1876//2523 1875//2523 1829//2523
f 1877//2524 1830//2524 1831//2524
f 1877//2525 1876//2525 1830//2525
f 1878//2526 1831//2526 1832//2526
f 1878//2524 1877//2524 1831//2524
f 1879//2527 1832//2527 1833//2527
f 1879//2528 1878//2528 1832//2528
f 1880//2529 1833//2529 1834//2529
f 1880//2530 1879//2530 1833//2530
f 1881//2531 1834//2531 1835//2531
f 1881//2532 1880//2532 1834//2532
f 1882//2533 1835//2533 1836//2533
f 1882//2534 1881//2534 1835//2534
f 1883//2535 1836//2535 1837//2535
f 1883//2536 1882//2536 1836//2536
f 1884//2537 1837//2537 1838//2537
f 1884//2538 1883//2538 1837//2538
f 1885//2539 1838//2539 1839//2539
f 1885//2540 1884//2540 1838//2540
f 1886//2541 1839//2541 1840//2541
f 1886//2542 1885//2542 1839//2542
f 1887//2543 1840//2543 1841//2543
f 1887//2544 1886//2544 1840//2544
f 1888//2545 1841//2545 1842//2545
f 1888//2546 1887//2546 1841//2546
f 1889//2547 1842//2547 1843//2547
f 1889//2548 1888//2548 1842//2548
f 1890//2549 1843//2549 1844//2549
f 1890//2550 1889//2550 1843//2550
f 1891//2551 1844//2551 1845//2551
f 1891//2552 1890//2552 1844//2552
f 1892//2553 1845//2553 1846//2553
f 1892//2554 1891//2554 1845//2554
f 1893//2555 1846//2555 1847//2555
f 1893//2556 1892//2556 1846//2556
f 1894//2557 1847//2557 1848//2557
f 1894//2558 1893//2558 1847//2558
f 1895//2559 1848//2559 1849//2559
f 1895//2557 1894//2557 1848//2557
f 1896//2560 1849//2560 1850//2560
f 1896//2561 1895//2561 1849//2561
f 1897//2562 1850//2562 1851//2562
f 1897//2563 1896//2563 1850//2563
f 1898//2564 1851//2564 1852//2564
f 1898//2565 1897//2565 1851//2565
f 1899//2566 1852//2566 1853//2566
f 1899//2567 1898//2567 1852//2567
f 1900//2568 1853//2568 1854//2568
f 1900//2566 1899//2566 1853//2566
f 1901//2569 1854//2569 1855//2569
f 1901//2570 1900//2570 1854//2570
f 1902//2571 1855//2571 1856//2571
f 1902//2572 1901//2572 1855//2572
f 1903//2573 1856//2573 1857//2573
f 1903//2574 1902//2574 1856//2574
f 1904//2575 1857//2575 1858//2575
f 1904//2576 1903//2576 1857//2576
f 1905//2577 1858//2577 1859//2577
f 1905//2578 1904//2578 1858//2578
f 1906//2579 1859//2579 1813//2579
f 1906//2580 1905//2580 1859//2580
f 1860//2581 1906//2581 1813//2581
f 1907//2582 1863//2582 1865//2582
f 1908//2582 1864//2582 1863//2582
f 1907//2582 1908//2582 1863//2582
f 1909//2582 1865//2582 1866//2582
f 1909//2582 1907//2582 1865//2582
f 1910//2582 1866//2582 1867//2582
f 1910//2582 1909//2582 1866//2582
f 1911//2582 1867//2582 1868//2582
f 1911//2583 1910//2583 1867//2583
f 1912//2582 1868//2582 1869//2582
f 1912//2582 1911//2582 1868//2582
f 1913//2584 1869//2584 1870//2584
f 1913//2582 1912//2582 1869//2582
f 1914//2582 1870//2582 1871//2582
f 1914//2585 1913//2585 1870//2585
f 1915//2582 1871//2582 1872//2582
f 1915//2582 1914//2582 1871//2582
f 1916//2582 1872//2582 1873//2582
f 1916//2582 1915//2582 1872//2582
f 1917//2582 1873//2582 1874//2582
f 1917//2582 1916//2582 1873//2582
f 1918//2582 1874//2582 1875//2582
f 1918//2582 1917//2582 1874//2582
f 1919//2582 1875//2582 1876//2582
f 1919//2586 1918//2586 1875//2586
f 1920//2582 1876//2582 1877//2582
f 1920//2585 1919//2585 1876//2585
f 1921//2582 1877//2582 1878//2582
f 1921//2586 1920//2586 1877//2586
f 1922//2582 1878//2582 1879//2582
f 1922//2582 1921//2582 1878//2582
f 1923//2582 1879//2582 1880//2582
f 1923//2582 1922//2582 1879//2582
f 1924//2582 1880//2582 1881//2582
f 1924//2585 1923//2585 1880//2585
f 1925//2582 1881//2582 1882//2582
f 1925//2582 1924//2582 1881//2582
f 1926//2582 1882//2582 1883//2582
f 1926//2582 1925//2582 1882//2582
f 1927//2582 1883//2582 1884//2582
f 1927//2582 1926//2582 1883//2582
f 1928//2582 1884//2582 1885//2582
f 1928//2582 1927//2582 1884//2582
f 1887//2582 1885//2582 1886//2582
f 1929//2582 1885//2582 1887//2582
f 1930//2582 1928//2582 1885//2582
f 1929//2582 1930//2582 1885//2582
f 1929//2582 1887//2582 1888//2582
f 1931//2582 1888//2582 1889//2582
f 1932//2582 1929//2582 1888//2582
f 1931//2582 1932//2582 1888//2582
f 1933//2582 1889//2582 1890//2582
f 1933//2582 1931//2582 1889//2582
f 1934//2582 1890//2582 1891//2582
f 1934//2582 1933//2582 1890//2582
f 1935//2582 1891//2582 1892//2582
f 1935//2582 1934//2582 1891//2582
f 1936//2582 1892//2582 1893//2582
f 1936//2582 1935//2582 1892//2582
f 1937//2582 1893//2582 1894//2582
f 1937//2582 1936//2582 1893//2582
f 1938//2582 1894//2582 1895//2582
f 1938//2582 1937//2582 1894//2582
f 1939//2582 1895//2582 1896//2582
f 1939//2582 1938//2582 1895//2582
f 1940//2582 1896//2582 1897//2582
f 1940//2586 1939//2586 1896//2586
f 1941//2582 1897//2582 1898//2582
f 1941//2585 1940//2585 1897//2585
f 1942//2582 1898//2582 1899//2582
f 1942//2582 1941//2582 1898//2582
f 1943//2582 1899//2582 1900//2582
f 1943//2582 1942//2582 1899//2582
f 1944//2582 1900//2582 1901//2582
f 1944//2582 1943//2582 1900//2582
f 1945//2582 1901//2582 1902//2582
f 1945//2582 1944//2582 1901//2582
f 1946//2583 1902//2583 1903//2583
f 1946//2586 1945//2586 1902//2586
f 1947//2582 1903//2582 1904//2582
f 1947//2585 1946//2585 1903//2585
f 1948//2582 1904//2582 1905//2582
f 1948//2582 1947//2582 1904//2582
f 1949//2582 1905//2582 1906//2582
f 1949//2586 1948//2586 1905//2586
f 1950//2582 1906//2582 1860//2582
f 1950//2582 1949//2582 1906//2582
f 1950//2582 1860//2582 1861//2582
f 1951//2582 1861//2582 1952//2582
f 1862//2587 1952//2587 1861//2587
f 1950//2582 1861//2582 1951//2582
f 1908//2582 1953//2582 1864//2582
f 1817//2588 1864//2588 1953//2588
f 1954//2582 1955//2582 1953//2582
f 1956//2589 1953//2589 1955//2589
f 1908//2582 1954//2582 1953//2582
f 1817//2590 1953//2590 1956//2590
f 1957//2582 1958//2582 1955//2582
f 1959//2591 1955//2591 1958//2591
f 1954//2585 1957//2585 1955//2585
f 1956//2592 1955//2592 1959//2592
f 1960//2582 1961//2582 1958//2582
f 1962//2593 1958//2593 1961//2593
f 1957//2582 1960//2582 1958//2582
f 1959//2594 1958//2594 1962//2594
f 1963//2584 1964//2584 1961//2584
f 1965//2595 1961//2595 1964//2595
f 1960//2586 1963//2586 1961//2586
f 1962//2596 1961//2596 1965//2596
f 1966//2582 1967//2582 1964//2582
f 1968//2597 1964//2597 1967//2597
f 1963//2585 1966//2585 1964//2585
f 1965//2598 1964//2598 1968//2598
f 1969//2582 1970//2582 1967//2582
f 1971//2599 1967//2599 1970//2599
f 1966//2582 1969//2582 1967//2582
f 1968//2600 1967//2600 1971//2600
f 1972//2582 1973//2582 1970//2582
f 1974//2601 1970//2601 1973//2601
f 1969//2582 1972//2582 1970//2582
f 1971//2602 1970//2602 1974//2602
f 1975//2582 1976//2582 1973//2582
f 1977//2603 1973//2603 1976//2603
f 1972//2582 1975//2582 1973//2582
f 1974//2601 1973//2601 1977//2601
f 1978//2582 1979//2582 1976//2582
f 1980//2604 1976//2604 1979//2604
f 1975//2582 1978//2582 1976//2582
f 1977//2605 1976//2605 1980//2605
f 1981//2582 1982//2582 1979//2582
f 1983//2606 1979//2606 1982//2606
f 1978//2586 1981//2586 1979//2586
f 1980//2607 1979//2607 1983//2607
f 1984//2582 1985//2582 1982//2582
f 1986//2608 1982//2608 1985//2608
f 1981//2585 1984//2585 1982//2585
f 1983//2609 1982//2609 1986//2609
f 1987//2582 1988//2582 1985//2582
f 1989//2610 1985//2610 1988//2610
f 1984//2582 1987//2582 1985//2582
f 1986//2611 1985//2611 1989//2611
f 1990//2582 1991//2582 1988//2582
f 1992//2612 1988//2612 1991//2612
f 1987//2582 1990//2582 1988//2582
f 1989//2610 1988//2610 1992//2610
f 1993//2582 1994//2582 1991//2582
f 1995//2613 1991//2613 1994//2613
f 1990//2582 1993//2582 1991//2582
f 1992//2614 1991//2614 1995//2614
f 1996//2582 1997//2582 1994//2582
f 1998//2615 1994//2615 1997//2615
f 1993//2582 1996//2582 1994//2582
f 1995//2616 1994//2616 1998//2616
f 1999//2582 2000//2582 1997//2582
f 2001//2617 1997//2617 2000//2617
f 1996//2582 1999//2582 1997//2582
f 1998//2618 1997//2618 2001//2618
f 2002//2582 2003//2582 2000//2582
f 2004//2619 2000//2619 2003//2619
f 1999//2582 2002//2582 2000//2582
f 2001//2620 2000//2620 2004//2620
f 2005//2582 2006//2582 2003//2582
f 2007//2621 2003//2621 2006//2621
f 2002//2582 2005//2582 2003//2582
f 2004//2622 2003//2622 2007//2622
f 2008//2582 2009//2582 2006//2582
f 2010//2623 2006//2623 2009//2623
f 2011//2582 2008//2582 2006//2582
f 2005//2582 2011//2582 2006//2582
f 2007//2624 2006//2624 2010//2624
f 2012//2582 2013//2582 2009//2582
f 2014//2625 2009//2625 2013//2625
f 2008//2582 2012//2582 2009//2582
f 2010//2626 2009//2626 2014//2626
f 2015//2627 2013//2627 2012//2627
f 2014//2628 2013//2628 2015//2628
f 2016//2582 2017//2582 2012//2582
f 2018//2629 2012//2629 2017//2629
f 2019//2582 2016//2582 2012//2582
f 2008//2582 2019//2582 2012//2582
f 2015//2630 2012//2630 2018//2630
f 2020//2582 2021//2582 2017//2582
f 2022//2631 2017//2631 2021//2631
f 2016//2582 2020//2582 2017//2582
f 2018//2632 2017//2632 2022//2632
f 2023//2582 2024//2582 2021//2582
f 2025//2633 2021//2633 2024//2633
f 2020//2582 2023//2582 2021//2582
f 2022//2634 2021//2634 2025//2634
f 2026//2582 2027//2582 2024//2582
f 2028//2635 2024//2635 2027//2635
f 2023//2582 2026//2582 2024//2582
f 2025//2636 2024//2636 2028//2636
f 2029//2582 2030//2582 2027//2582
f 2031//2637 2027//2637 2030//2637
f 2026//2582 2029//2582 2027//2582
f 2028//2638 2027//2638 2031//2638
f 2032//2582 2033//2582 2030//2582
f 2034//2639 2030//2639 2033//2639
f 2029//2586 2032//2586 2030//2586
f 2031//2640 2030//2640 2034//2640
f 2035//2582 2036//2582 2033//2582
f 2037//2641 2033//2641 2036//2641
f 2032//2582 2035//2582 2033//2582
f 2034//2642 2033//2642 2037//2642
f 2038//2582 2039//2582 2036//2582
f 2040//2643 2036//2643 2039//2643
f 2035//2582 2038//2582 2036//2582
f 2037//2644 2036//2644 2040//2644
f 2041//2582 2042//2582 2039//2582
f 2043//2645 2039//2645 2042//2645
f 2038//2585 2041//2585 2039//2585
f 2040//2643 2039//2643 2043//2643
f 2044//2582 2045//2582 2042//2582
f 2046//2646 2042//2646 2045//2646
f 2041//2586 2044//2586 2042//2586
f 2043//2647 2042//2647 2046//2647
f 2047//2582 2048//2582 2045//2582
f 2049//2648 2045//2648 2048//2648
f 2044//2585 2047//2585 2045//2585
f 2046//2649 2045//2649 2049//2649
f 2050//2582 2051//2582 2048//2582
f 2052//2650 2048//2650 2051//2650
f 2047//2582 2050//2582 2048//2582
f 2049//2651 2048//2651 2052//2651
f 2053//2582 2054//2582 2051//2582
f 2055//2652 2051//2652 2054//2652
f 2050//2582 2053//2582 2051//2582
f 2052//2653 2051//2653 2055//2653
f 2056//2582 2057//2582 2054//2582
f 2058//2654 2054//2654 2057//2654
f 2053//2582 2056//2582 2054//2582
f 2055//2652 2054//2652 2058//2652
f 2059//2582 2060//2582 2057//2582
f 2061//2655 2057//2655 2060//2655
f 2056//2582 2059//2582 2057//2582
f 2058//2656 2057//2656 2061//2656
f 2062//2583 2063//2583 2060//2583
f 2064//2657 2060//2657 2063//2657
f 2059//2586 2062//2586 2060//2586
f 2061//2658 2060//2658 2064//2658
f 2065//2582 2066//2582 2063//2582
f 2067//2659 2063//2659 2066//2659
f 2062//2582 2065//2582 2063//2582
f 2064//2660 2063//2660 2067//2660
f 2068//2582 2069//2582 2066//2582
f 2070//2661 2066//2661 2069//2661
f 2065//2582 2068//2582 2066//2582
f 2067//2662 2066//2662 2070//2662
f 2071//2582 2072//2582 2069//2582
f 2073//2663 2069//2663 2072//2663
f 2068//2584 2071//2584 2069//2584
f 2070//2664 2069//2664 2073//2664
f 2074//2582 1952//2582 2072//2582
f 2075//2665 2072//2665 1952//2665
f 2071//2582 2074//2582 2072//2582
f 2073//2666 2072//2666 2075//2666
f 2074//2582 1951//2582 1952//2582
f 2075//2667 1952//2667 1862//2667
f 2076//2668 1951//2668 2074//2668
f 2077//2669 1950//2669 1951//2669
f 2076//2670 2077//2670 1951//2670
f 2078//2671 2074//2671 2071//2671
f 2079//2672 2076//2672 2074//2672
f 2078//2673 2079//2673 2074//2673
f 2080//2674 2071//2674 2068//2674
f 2080//2675 2078//2675 2071//2675
f 2081//2676 2068//2676 2065//2676
f 2081//2677 2080//2677 2068//2677
f 2082//2678 2065//2678 2062//2678
f 2082//2679 2081//2679 2065//2679
f 2083//2680 2062//2680 2059//2680
f 2083//2681 2082//2681 2062//2681
f 2084//2682 2059//2682 2056//2682
f 2084//2683 2083//2683 2059//2683
f 2085//2684 2056//2684 2053//2684
f 2085//2685 2084//2685 2056//2685
f 2086//2686 2053//2686 2050//2686
f 2086//2687 2085//2687 2053//2687
f 2087//2688 2050//2688 2047//2688
f 2087//2689 2086//2689 2050//2689
f 2088//2690 2047//2690 2044//2690
f 2088//2691 2087//2691 2047//2691
f 2089//2692 2044//2692 2041//2692
f 2089//2693 2088//2693 2044//2693
f 2090//2694 2041//2694 2038//2694
f 2090//2695 2089//2695 2041//2695
f 2091//2696 2038//2696 2035//2696
f 2091//2697 2090//2697 2038//2697
f 2092//2698 2035//2698 2032//2698
f 2092//2699 2091//2699 2035//2699
f 2093//2700 2032//2700 2029//2700
f 2093//2701 2092//2701 2032//2701
f 2094//2702 2029//2702 2026//2702
f 2094//2703 2093//2703 2029//2703
f 2095//2704 2026//2704 2023//2704
f 2095//2705 2094//2705 2026//2705
f 2096//2706 2023//2706 2020//2706
f 2096//2707 2095//2707 2023//2707
f 2097//2708 2020//2708 2016//2708
f 2097//2709 2096//2709 2020//2709
f 2098//2710 2016//2710 2019//2710
f 2098//2711 2097//2711 2016//2711
f 2099//2712 2019//2712 2008//2712
f 2099//2713 2098//2713 2019//2713
f 2100//2714 2008//2714 2011//2714
f 2100//2715 2099//2715 2008//2715
f 2101//2716 2011//2716 2005//2716
f 2101//2717 2100//2717 2011//2717
f 2102//2718 2005//2718 2002//2718
f 2102//2719 2101//2719 2005//2719
f 2103//2720 2002//2720 1999//2720
f 2103//2721 2102//2721 2002//2721
f 2104//2722 1999//2722 1996//2722
f 2104//2723 2103//2723 1999//2723
f 2105//2724 1996//2724 1993//2724
f 2105//2725 2104//2725 1996//2725
f 2106//2726 1993//2726 1990//2726
f 2106//2727 2105//2727 1993//2727
f 2107//2728 1990//2728 1987//2728
f 2107//2729 2106//2729 1990//2729
f 2108//2730 1987//2730 1984//2730
f 2108//2731 2107//2731 1987//2731
f 2109//2732 1984//2732 1981//2732
f 2109//2733 2108//2733 1984//2733
f 2110//2734 1981//2734 1978//2734
f 2110//2735 2109//2735 1981//2735
f 2111//2736 1978//2736 1975//2736
f 2111//2737 2110//2737 1978//2737
f 2112//2738 1975//2738 1972//2738
f 2112//2739 2111//2739 1975//2739
f 2113//2740 1972//2740 1969//2740
f 2113//2741 2112//2741 1972//2741
f 2114//2742 1969//2742 1966//2742
f 2114//2743 2113//2743 1969//2743
f 2115//2744 1966//2744 1963//2744
f 2115//2745 2114//2745 1966//2745
f 2116//2746 1963//2746 1960//2746
f 2116//2747 2115//2747 1963//2747
f 2117//2748 1960//2748 1957//2748
f 2117//2749 2116//2749 1960//2749
f 2118//2750 1957//2750 1954//2750
f 2118//2751 2117//2751 1957//2751
f 2119//2752 1954//2752 1908//2752
f 2119//2753 2118//2753 1954//2753
f 2120//2754 1908//2754 1907//2754
f 2120//2755 2119//2755 1908//2755
f 2121//2756 1907//2756 1909//2756
f 2120//2757 1907//2757 2121//2757
f 2122//2758 1909//2758 1910//2758
f 2123//2759 2121//2759 1909//2759
f 2122//2760 2123//2760 1909//2760
f 2124//2761 1910//2761 1911//2761
f 2124//2762 2122//2762 1910//2762
f 2125//2763 1911//2763 1912//2763
f 2125//2764 2124//2764 1911//2764
f 2126//2765 1912//2765 1913//2765
f 2126//2766 2125//2766 1912//2766
f 2127//2767 1913//2767 1914//2767
f 2127//2768 2126//2768 1913//2768
f 2128//2769 1914//2769 1915//2769
f 2128//2770 2127//2770 1914//2770
f 2129//2771 1915//2771 1916//2771
f 2129//2772 2128//2772 1915//2772
f 2130//2773 1916//2773 1917//2773
f 2130//2774 2129//2774 1916//2774
f 2131//2775 1917//2775 1918//2775
f 2131//2776 2130//2776 1917//2776
f 2132//2777 1918//2777 1919//2777
f 2132//2778 2131//2778 1918//2778
f 2133//2779 1919//2779 1920//2779
f 2133//2780 2132//2780 1919//2780
f 2134//2781 1920//2781 1921//2781
f 2134//2782 2133//2782 1920//2782
f 2135//2783 1921//2783 1922//2783
f 2135//2784 2134//2784 1921//2784
f 2136//2785 1922//2785 1923//2785
f 2136//2786 2135//2786 1922//2786
f 2137//2787 1923//2787 1924//2787
f 2137//2788 2136//2788 1923//2788
f 2138//2789 1924//2789 1925//2789
f 2138//2790 2137//2790 1924//2790
f 2139//2791 1925//2791 1926//2791
f 2139//2792 2138//2792 1925//2792
f 2140//2793 1926//2793 1927//2793
f 2140//2794 2139//2794 1926//2794
f 2141//2795 1927//2795 1928//2795
f 2141//2796 2140//2796 1927//2796
f 2142//2797 1928//2797 1930//2797
f 2142//2798 2141//2798 1928//2798
f 2143//2799 1930//2799 1929//2799
f 2143//2800 2142//2800 1930//2800
f 2144//2801 1929//2801 1932//2801
f 2144//2802 2143//2802 1929//2802
f 2145//2803 1932//2803 1931//2803
f 2145//2804 2144//2804 1932//2804
f 2146//2805 1931//2805 1933//2805
f 2146//2806 2145//2806 1931//2806
f 2147//2807 1933//2807 1934//2807
f 2147//2808 2146//2808 1933//2808
f 2148//2809 1934//2809 1935//2809
f 2148//2810 2147//2810 1934//2810
f 2149//2811 1935//2811 1936//2811
f 2149//2812 2148//2812 1935//2812
f 2150//2813 1936//2813 1937//2813
f 2150//2814 2149//2814 1936//2814
f 2151//2815 1937//2815 1938//2815
f 2151//2816 2150//2816 1937//2816
f 2152//2817 1938//2817 1939//2817
f 2152//2818 2151//2818 1938//2818
f 2153//2819 1939//2819 1940//2819
f 2153//2820 2152//2820 1939//2820
f 2154//2821 1940//2821 1941//2821
f 2154//2822 2153//2822 1940//2822
f 2155//2823 1941//2823 1942//2823
f 2155//2824 2154//2824 1941//2824
f 2156//2825 1942//2825 1943//2825
f 2156//2826 2155//2826 1942//2826
f 2157//2827 1943//2827 1944//2827
f 2157//2828 2156//2828 1943//2828
f 2158//2829 1944//2829 1945//2829
f 2158//2830 2157//2830 1944//2830
f 2159//2831 1945//2831 1946//2831
f 2159//2832 2158//2832 1945//2832
f 2160//2833 1946//2833 1947//2833
f 2160//2834 2159//2834 1946//2834
f 2161//2835 1947//2835 1948//2835
f 2161//2836 2160//2836 1947//2836
f 2162//2837 1948//2837 1949//2837
f 2162//2838 2161//2838 1948//2838
f 2163//2839 1949//2839 1950//2839
f 2163//2840 2162//2840 1949//2840
f 2077//2841 2163//2841 1950//2841
f 2164//2842 2121//2842 2123//2842
f 2165//2843 2121//2843 2164//2843
f 2165//2844 2120//2844 2121//2844
f 2166//2845 2123//2845 2122//2845
f 2166//2846 2164//2846 2123//2846
f 2167//2847 2122//2847 2124//2847
f 2167//2845 2166//2845 2122//2845
f 2168//2848 2124//2848 2125//2848
f 2168//2847 2167//2847 2124//2847
f 2169//2849 2125//2849 2126//2849
f 2169//2850 2168//2850 2125//2850
f 2170//2851 2126//2851 2127//2851
f 2170//2849 2169//2849 2126//2849
f 2171//2852 2127//2852 2128//2852
f 2171//2851 2170//2851 2127//2851
f 2172//2853 2128//2853 2129//2853
f 2172//2854 2171//2854 2128//2854
f 2173//2855 2129//2855 2130//2855
f 2173//2853 2172//2853 2129//2853
f 2174//2856 2130//2856 2131//2856
f 2174//2855 2173//2855 2130//2855
f 2175//2857 2131//2857 2132//2857
f 2175//2856 2174//2856 2131//2856
f 2176//2858 2132//2858 2133//2858
f 2176//2857 2175//2857 2132//2857
f 2177//2859 2133//2859 2134//2859
f 2177//2858 2176//2858 2133//2858
f 2178//2860 2134//2860 2135//2860
f 2178//2859 2177//2859 2134//2859
f 2179//2861 2135//2861 2136//2861
f 2179//2860 2178//2860 2135//2860
f 2180//2862 2136//2862 2137//2862
f 2180//2863 2179//2863 2136//2863
f 2181//2864 2137//2864 2138//2864
f 2181//2862 2180//2862 2137//2862
f 2182//2865 2138//2865 2139//2865
f 2182//2864 2181//2864 2138//2864
f 2183//2866 2139//2866 2140//2866
f 2183//2865 2182//2865 2139//2865
f 2184//2867 2140//2867 2141//2867
f 2184//2868 2183//2868 2140//2868
f 2185//2869 2141//2869 2142//2869
f 2185//2867 2184//2867 2141//2867
f 2186//2870 2142//2870 2143//2870
f 2186//2869 2185//2869 2142//2869
f 2187//2871 2143//2871 2144//2871
f 2187//2870 2186//2870 2143//2870
f 2188//2872 2144//2872 2145//2872
f 2188//2871 2187//2871 2144//2871
f 2189//2873 2145//2873 2146//2873
f 2189//2872 2188//2872 2145//2872
f 2190//2874 2146//2874 2147//2874
f 2190//2873 2189//2873 2146//2873
f 2191//2875 2147//2875 2148//2875
f 2191//2876 2190//2876 2147//2876
f 2192//2877 2148//2877 2149//2877
f 2192//2875 2191//2875 2148//2875
f 2193//2878 2149//2878 2150//2878
f 2193//2877 2192//2877 2149//2877
f 2194//2879 2150//2879 2151//2879
f 2194//2880 2193//2880 2150//2880
f 2195//2881 2151//2881 2152//2881
f 2195//2879 2194//2879 2151//2879
f 2196//2882 2152//2882 2153//2882
f 2196//2881 2195//2881 2152//2881
f 2197//2883 2153//2883 2154//2883
f 2197//2882 2196//2882 2153//2882
f 2198//2884 2154//2884 2155//2884
f 2198//2883 2197//2883 2154//2883
f 2199//2885 2155//2885 2156//2885
f 2199//2886 2198//2886 2155//2886
f 2200//2887 2156//2887 2157//2887
f 2200//2888 2199//2888 2156//2888
f 2201//2889 2157//2889 2158//2889
f 2201//2887 2200//2887 2157//2887
f 2202//2890 2158//2890 2159//2890
f 2202//2889 2201//2889 2158//2889
f 2203//2891 2159//2891 2160//2891
f 2203//2890 2202//2890 2159//2890
f 2204//2892 2160//2892 2161//2892
f 2204//2891 2203//2891 2160//2891
f 2205//2893 2161//2893 2162//2893
f 2205//2892 2204//2892 2161//2892
f 2206//2894 2162//2894 2163//2894
f 2206//2895 2205//2895 2162//2895
f 2207//2896 2163//2896 2077//2896
f 2207//2894 2206//2894 2163//2894
f 2208//2897 2077//2897 2076//2897
f 2208//2896 2207//2896 2077//2896
f 2208//2898 2076//2898 2209//2898
f 2079//2899 2209//2899 2076//2899
f 2210//2900 2208//2900 2209//2900
f 2210//2900 2209//2900 2211//2900
f 2212//2901 2211//2901 2209//2901
f 2212//2902 2209//2902 2079//2902
f 2213//2903 2164//2903 2166//2903
f 2214//2904 2164//2904 2213//2904
f 2214//2904 2165//2904 2164//2904
f 2215//2905 2166//2905 2167//2905
f 2215//2903 2213//2903 2166//2903
f 2216//2906 2167//2906 2168//2906
f 2216//2905 2215//2905 2167//2905
f 2217//2505 2168//2505 2169//2505
f 2217//2906 2216//2906 2168//2906
f 2218//2507 2169//2507 2170//2507
f 2218//2505 2217//2505 2169//2505
f 2219//2907 2170//2907 2171//2907
f 2219//2507 2218//2507 2170//2507
f 2220//2908 2171//2908 2172//2908
f 2220//2907 2219//2907 2171//2907
f 2221//2909 2172//2909 2173//2909
f 2221//2910 2220//2910 2172//2910
f 2222//2515 2173//2515 2174//2515
f 2222//2909 2221//2909 2173//2909
f 2223//2911 2174//2911 2175//2911
f 2223//2515 2222//2515 2174//2515
f 2224//2912 2175//2912 2176//2912
f 2224//2911 2223//2911 2175//2911
f 2225//2913 2176//2913 2177//2913
f 2225//2914 2224//2914 2176//2914
f 2226//2915 2177//2915 2178//2915
f 2226//2913 2225//2913 2177//2913
f 2227//2524 2178//2524 2179//2524
f 2227//2915 2226//2915 2178//2915
f 2228//2916 2179//2916 2180//2916
f 2228//2524 2227//2524 2179//2524
f 2229//2917 2180//2917 2181//2917
f 2229//2916 2228//2916 2180//2916
f 2230//2918 2181//2918 2182//2918
f 2230//2919 2229//2919 2181//2919
f 2231//2920 2182//2920 2183//2920
f 2231//2918 2230//2918 2182//2918
f 2232//2921 2183//2921 2184//2921
f 2232//2920 2231//2920 2183//2920
f 2233//2922 2184//2922 2185//2922
f 2233//2921 2232//2921 2184//2921
f 2234//2923 2185//2923 2186//2923
f 2234//2922 2233//2922 2185//2922
f 2235//2539 2186//2539 2187//2539
f 2235//2923 2234//2923 2186//2923
f 2236//2924 2187//2924 2188//2924
f 2236//2539 2235//2539 2187//2539
f 2237//2925 2188//2925 2189//2925
f 2237//2924 2236//2924 2188//2924
f 2238//2926 2189//2926 2190//2926
f 2238//2925 2237//2925 2189//2925
f 2239//2547 2190//2547 2191//2547
f 2239//2926 2238//2926 2190//2926
f 2240//2549 2191//2549 2192//2549
f 2240//2547 2239//2547 2191//2547
f 2241//2927 2192//2927 2193//2927
f 2241//2549 2240//2549 2192//2549
f 2242//2928 2193//2928 2194//2928
f 2242//2929 2241//2929 2193//2929
f 2243//2930 2194//2930 2195//2930
f 2243//2931 2242//2931 2194//2931
f 2244//2557 2195//2557 2196//2557
f 2244//2930 2243//2930 2195//2930
f 2245//2932 2196//2932 2197//2932
f 2245//2557 2244//2557 2196//2557
f 2246//2933 2197//2933 2198//2933
f 2246//2932 2245//2932 2197//2932
f 2247//2934 2198//2934 2199//2934
f 2247//2933 2246//2933 2198//2933
f 2248//2935 2199//2935 2200//2935
f 2248//2934 2247//2934 2199//2934
f 2249//2566 2200//2566 2201//2566
f 2249//2935 2248//2935 2200//2935
f 2250//2936 2201//2936 2202//2936
f 2250//2566 2249//2566 2201//2566
f 2251//2937 2202//2937 2203//2937
f 2251//2936 2250//2936 2202//2936
f 2252//2938 2203//2938 2204//2938
f 2252//2939 2251//2939 2203//2939
f 2253//2940 2204//2940 2205//2940
f 2253//2938 2252//2938 2204//2938
f 2254//2941 2205//2941 2206//2941
f 2254//2940 2253//2940 2205//2940
f 2255//2942 2206//2942 2207//2942
f 2255//2941 2254//2941 2206//2941
f 2256//2943 2207//2943 2208//2943
f 2256//2942 2255//2942 2207//2942
f 2210//2943 2256//2943 2208//2943
f 2257//2944 2210//2944 2211//2944
f 2257//2944 2211//2944 2258//2944
f 2259//2945 2258//2945 2211//2945
f 2259//2901 2211//2901 2212//2901
f 2260//2946 2213//2946 2215//2946
f 2261//2947 2213//2947 2260//2947
f 2261//2947 2214//2947 2213//2947
f 2262//2948 2215//2948 2216//2948
f 2262//2946 2260//2946 2215//2946
f 2263//2949 2216//2949 2217//2949
f 2263//2948 2262//2948 2216//2948
f 2264//2950 2217//2950 2218//2950
f 2264//2949 2263//2949 2217//2949
f 2265//2951 2218//2951 2219//2951
f 2265//2950 2264//2950 2218//2950
f 2266//2952 2219//2952 2220//2952
f 2266//2953 2265//2953 2219//2953
f 2267//2954 2220//2954 2221//2954
f 2267//2955 2266//2955 2220//2955
f 2268//2956 2221//2956 2222//2956
f 2268//2954 2267//2954 2221//2954
f 2269//2957 2222//2957 2223//2957
f 2269//2956 2268//2956 2222//2956
f 2270//2958 2223//2958 2224//2958
f 2270//2957 2269//2957 2223//2957
f 2271//2959 2224//2959 2225//2959
f 2271//2960 2270//2960 2224//2960
f 2272//2961 2225//2961 2226//2961
f 2272//2959 2271//2959 2225//2959
f 2273//2962 2226//2962 2227//2962
f 2273//2961 2272//2961 2226//2961
f 2274//2963 2227//2963 2228//2963
f 2274//2962 2273//2962 2227//2962
f 2275//2964 2228//2964 2229//2964
f 2275//2963 2274//2963 2228//2963
f 2276//2965 2229//2965 2230//2965
f 2276//2964 2275//2964 2229//2964
f 2277//2966 2230//2966 2231//2966
f 2277//2965 2276//2965 2230//2965
f 2278//2967 2231//2967 2232//2967
f 2278//2966 2277//2966 2231//2966
f 2279//2968 2232//2968 2233//2968
f 2279//2969 2278//2969 2232//2969
f 2280//2970 2233//2970 2234//2970
f 2280//2968 2279//2968 2233//2968
f 2281//2971 2234//2971 2235//2971
f 2281//2970 2280//2970 2234//2970
f 2282//2972 2235//2972 2236//2972
f 2282//2971 2281//2971 2235//2971
f 2283//2973 2236//2973 2237//2973
f 2283//2974 2282//2974 2236//2974
f 2284//2975 2237//2975 2238//2975
f 2284//2973 2283//2973 2237//2973
f 2285//2976 2238//2976 2239//2976
f 2285//2975 2284//2975 2238//2975
f 2286//2977 2239//2977 2240//2977
f 2286//2976 2285//2976 2239//2976
f 2287//2978 2240//2978 2241//2978
f 2287//2977 2286//2977 2240//2977
f 2288//2979 2241//2979 2242//2979
f 2288//2978 2287//2978 2241//2978
f 2289//2980 2242//2980 2243//2980
f 2289//2979 2288//2979 2242//2979
f 2290//2981 2243//2981 2244//2981
f 2290//2980 2289//2980 2243//2980
f 2291//2982 2244//2982 2245//2982
f 2291//2981 2290//2981 2244//2981
f 2292//2983 2245//2983 2246//2983
f 2292//2982 2291//2982 2245//2982
f 2293//2984 2246//2984 2247//2984
f 2293//2985 2292//2985 2246//2985
f 2294//2986 2247//2986 2248//2986
f 2294//2984 2293//2984 2247//2984
f 2295//2987 2248//2987 2249//2987
f 2295//2986 2294//2986 2248//2986
f 2296//2988 2249//2988 2250//2988
f 2296//2987 2295//2987 2249//2987
f 2297//2989 2250//2989 2251//2989
f 2297//2988 2296//2988 2250//2988
f 2298//2990 2251//2990 2252//2990
f 2298//2989 2297//2989 2251//2989
f 2299//2991 2252//2991 2253//2991
f 2299//2990 2298//2990 2252//2990
f 2300//2992 2253//2992 2254//2992
f 2300//2993 2299//2993 2253//2993
f 2301//2994 2254//2994 2255//2994
f 2301//2995 2300//2995 2254//2995
f 2302//2996 2255//2996 2256//2996
f 2302//2994 2301//2994 2255//2994
f 2303//2997 2256//2997 2210//2997
f 2303//2996 2302//2996 2256//2996
f 2257//2997 2303//2997 2210//2997
f 2304//2998 2257//2998 2258//2998
f 2304//2999 2258//2999 2305//2999
f 2306//3000 2305//3000 2258//3000
f 2306//2945 2258//2945 2259//2945
f 2307//3001 2260//3001 2262//3001
f 2308//3002 2260//3002 2307//3002
f 2308//3003 2261//3003 2260//3003
f 2309//3004 2262//3004 2263//3004
f 2309//3005 2307//3005 2262//3005
f 2310//3006 2263//3006 2264//3006
f 2310//3007 2309//3007 2263//3007
f 2311//3008 2264//3008 2265//3008
f 2311//3009 2310//3009 2264//3009
f 2312//3010 2265//3010 2266//3010
f 2312//3011 2311//3011 2265//3011
f 2313//3012 2266//3012 2267//3012
f 2313//3013 2312//3013 2266//3013
f 2314//3014 2267//3014 2268//3014
f 2314//3015 2313//3015 2267//3015
f 2315//3016 2268//3016 2269//3016
f 2315//3017 2314//3017 2268//3017
f 2316//3018 2269//3018 2270//3018
f 2316//3019 2315//3019 2269//3019
f 2317//3020 2270//3020 2271//3020
f 2317//3021 2316//3021 2270//3021
f 2318//3022 2271//3022 2272//3022
f 2318//3023 2317//3023 2271//3023
f 2319//3024 2272//3024 2273//3024
f 2319//3025 2318//3025 2272//3025
f 2320//3026 2273//3026 2274//3026
f 2320//3027 2319//3027 2273//3027
f 2321//3028 2274//3028 2275//3028
f 2321//3029 2320//3029 2274//3029
f 2322//3030 2275//3030 2276//3030
f 2322//3031 2321//3031 2275//3031
f 2323//3032 2276//3032 2277//3032
f 2323//3033 2322//3033 2276//3033
f 2324//3034 2277//3034 2278//3034
f 2324//3035 2323//3035 2277//3035
f 2325//3036 2278//3036 2279//3036
f 2325//3037 2324//3037 2278//3037
f 2326//3038 2279//3038 2280//3038
f 2326//3039 2325//3039 2279//3039
f 2327//3040 2280//3040 2281//3040
f 2327//3041 2326//3041 2280//3041
f 2328//3042 2281//3042 2282//3042
f 2328//3043 2327//3043 2281//3043
f 2329//3044 2282//3044 2283//3044
f 2329//3045 2328//3045 2282//3045
f 2330//3046 2283//3046 2284//3046
f 2330//3047 2329//3047 2283//3047
f 2331//3048 2284//3048 2285//3048
f 2331//3049 2330//3049 2284//3049
f 2332//3050 2285//3050 2286//3050
f 2332//3051 2331//3051 2285//3051
f 2333//3052 2286//3052 2287//3052
f 2333//3053 2332//3053 2286//3053
f 2334//3054 2287//3054 2288//3054
f 2334//3055 2333//3055 2287//3055
f 2335//3056 2288//3056 2289//3056
f 2335//3057 2334//3057 2288//3057
f 2336//3058 2289//3058 2290//3058
f 2336//3059 2335//3059 2289//3059
f 2337//3060 2290//3060 2291//3060
f 2337//3061 2336//3061 2290//3061
f 2338//3062 2291//3062 2292//3062
f 2338//3063 2337//3063 2291//3063
f 2339//3064 2292//3064 2293//3064
f 2339//3065 2338//3065 2292//3065
f 2340//3066 2293//3066 2294//3066
f 2340//3067 2339//3067 2293//3067
f 2341//3068 2294//3068 2295//3068
f 2341//3069 2340//3069 2294//3069
f 2342//3070 2295//3070 2296//3070
f 2342//3071 2341//3071 2295//3071
f 2343//3072 2296//3072 2297//3072
f 2343//3073 2342//3073 2296//3073
f 2344//3074 2297//3074 2298//3074
f 2344//3075 2343//3075 2297//3075
f 2345//3076 2298//3076 2299//3076
f 2345//3077 2344//3077 2298//3077
f 2346//3078 2299//3078 2300//3078
f 2346//3079 2345//3079 2299//3079
f 2347//3080 2300//3080 2301//3080
f 2347//3081 2346//3081 2300//3081
f 2348//3082 2301//3082 2302//3082
f 2348//3083 2347//3083 2301//3083
f 2349//3084 2302//3084 2303//3084
f 2349//3085 2348//3085 2302//3085
f 2304//3086 2303//3086 2257//3086
f 2304//3087 2349//3087 2303//3087
f 2350//3088 2304//3088 2305//3088
f 2351//3089 2350//3089 2305//3089
f 2352//3090 2351//3090 2305//3090
f 2353//3091 2352//3091 2305//3091
f 2353//3092 2305//3092 2306//3092
f 2354//3093 2307//3093 2309//3093
f 2355//3094 2307//3094 2354//3094
f 2356//3095 2308//3095 2307//3095
f 2355//3096 2356//3096 2307//3096
f 2357//3097 2309//3097 2310//3097
f 2358//3098 2354//3098 2309//3098
f 2357//3099 2358//3099 2309//3099
f 2359//3100 2310//3100 2311//3100
f 2360//3101 2357//3101 2310//3101
f 2359//3102 2360//3102 2310//3102
f 2361//3103 2311//3103 2312//3103
f 2362//3104 2359//3104 2311//3104
f 2361//3105 2362//3105 2311//3105
f 2363//3106 2312//3106 2313//3106
f 2364//3107 2361//3107 2312//3107
f 2363//3108 2364//3108 2312//3108
f 2365//3109 2313//3109 2314//3109
f 2366//3110 2363//3110 2313//3110
f 2365//3111 2366//3111 2313//3111
f 2367//3112 2314//3112 2315//3112
f 2368//3113 2365//3113 2314//3113
f 2367//3114 2368//3114 2314//3114
f 2369//3115 2315//3115 2316//3115
f 2370//3116 2367//3116 2315//3116
f 2369//3117 2370//3117 2315//3117
f 2371//3118 2316//3118 2317//3118
f 2372//3119 2369//3119 2316//3119
f 2371//3120 2372//3120 2316//3120
f 2373//3121 2317//3121 2318//3121
f 2374//3122 2371//3122 2317//3122
f 2373//3123 2374//3123 2317//3123
f 2375//3124 2318//3124 2319//3124
f 2376//3125 2373//3125 2318//3125
f 2375//3126 2376//3126 2318//3126
f 2377//3127 2319//3127 2320//3127
f 2378//3128 2375//3128 2319//3128
f 2377//3129 2378//3129 2319//3129
f 2379//3130 2320//3130 2321//3130
f 2380//3131 2377//3131 2320//3131
f 2379//3132 2380//3132 2320//3132
f 2381//3133 2321//3133 2322//3133
f 2382//3134 2379//3134 2321//3134
f 2381//3135 2382//3135 2321//3135
f 2383//3136 2322//3136 2323//3136
f 2384//3137 2381//3137 2322//3137
f 2383//3138 2384//3138 2322//3138
f 2385//3139 2323//3139 2324//3139
f 2386//3140 2383//3140 2323//3140
f 2385//3141 2386//3141 2323//3141
f 2387//3142 2324//3142 2325//3142
f 2388//3143 2385//3143 2324//3143
f 2387//3144 2388//3144 2324//3144
f 2389//3145 2325//3145 2326//3145
f 2390//3146 2387//3146 2325//3146
f 2389//3147 2390//3147 2325//3147
f 2391//3148 2326//3148 2327//3148
f 2392//3149 2389//3149 2326//3149
f 2391//3150 2392//3150 2326//3150
f 2393//3151 2327//3151 2328//3151
f 2394//3152 2391//3152 2327//3152
f 2393//3153 2394//3153 2327//3153
f 2395//3154 2328//3154 2329//3154
f 2396//3155 2393//3155 2328//3155
f 2395//3156 2396//3156 2328//3156
f 2397//3157 2329//3157 2330//3157
f 2398//3158 2395//3158 2329//3158
f 2397//3159 2398//3159 2329//3159
f 2399//3160 2330//3160 2331//3160
f 2400//3161 2397//3161 2330//3161
f 2399//3162 2400//3162 2330//3162
f 2401//3163 2331//3163 2332//3163
f 2402//3164 2399//3164 2331//3164
f 2401//3165 2402//3165 2331//3165
f 2403//3166 2332//3166 2333//3166
f 2404//3167 2401//3167 2332//3167
f 2403//3168 2404//3168 2332//3168
f 2405//3169 2333//3169 2334//3169
f 2406//3170 2403//3170 2333//3170
f 2405//3171 2406//3171 2333//3171
f 2407//3172 2334//3172 2335//3172
f 2408//3173 2405//3173 2334//3173
f 2407//3174 2408//3174 2334//3174
f 2409//3175 2335//3175 2336//3175
f 2410//3176 2407//3176 2335//3176
f 2409//3177 2410//3177 2335//3177
f 2411//3178 2336//3178 2337//3178
f 2412//3179 2409//3179 2336//3179
f 2411//3180 2412//3180 2336//3180
f 2413//3181 2337//3181 2338//3181
f 2414//3182 2411//3182 2337//3182
f 2413//3183 2414//3183 2337//3183
f 2415//3184 2338//3184 2339//3184
f 2416//3185 2413//3185 2338//3185
f 2415//3186 2416//3186 2338//3186
f 2417//3187 2339//3187 2340//3187
f 2418//3188 2415//3188 2339//3188
f 2417//3189 2418//3189 2339//3189
f 2419//3190 2340//3190 2341//3190
f 2420//3191 2417//3191 2340//3191
f 2419//3192 2420//3192 2340//3192
f 2421//3193 2341//3193 2342//3193
f 2422//3194 2419//3194 2341//3194
f 2421//3195 2422//3195 2341//3195
f 2423//3196 2342//3196 2343//3196
f 2424//3197 2421//3197 2342//3197
f 2423//3198 2424//3198 2342//3198
f 2425//3199 2343//3199 2344//3199
f 2426//3200 2423//3200 2343//3200
f 2425//3201 2426//3201 2343//3201
f 2427//3202 2344//3202 2345//3202
f 2428//3203 2425//3203 2344//3203
f 2427//3204 2428//3204 2344//3204
f 2429//3205 2345//3205 2346//3205
f 2430//3206 2427//3206 2345//3206
f 2429//3207 2430//3207 2345//3207
f 2431//3208 2346//3208 2347//3208
f 2432//3209 2429//3209 2346//3209
f 2431//3210 2432//3210 2346//3210
f 2433//3211 2347//3211 2348//3211
f 2434//3212 2431//3212 2347//3212
f 2433//3213 2434//3213 2347//3213
f 2435//3214 2348//3214 2349//3214
f 2436//3215 2433//3215 2348//3215
f 2435//3216 2436//3216 2348//3216
f 2437//3217 2349//3217 2304//3217
f 2438//3218 2435//3218 2349//3218
f 2437//3219 2438//3219 2349//3219
f 2439//3220 2437//3220 2304//3220
f 2350//3221 2439//3221 2304//3221
f 2440//3222 2354//3222 2358//3222
f 2441//3223 2354//3223 2440//3223
f 2441//3224 2355//3224 2354//3224
f 2442//3225 2358//3225 2357//3225
f 2442//3226 2440//3226 2358//3226
f 2442//3227 2357//3227 2360//3227
f 2443//3228 2360//3228 2359//3228
f 2443//3229 2442//3229 2360//3229
f 2443//3230 2359//3230 2362//3230
f 2444//3231 2362//3231 2361//3231
f 2444//3232 2443//3232 2362//3232
f 2444//3233 2361//3233 2364//3233
f 2445//3234 2364//3234 2363//3234
f 2445//3235 2444//3235 2364//3235
f 2445//3236 2363//3236 2366//3236
f 2446//3237 2366//3237 2365//3237
f 2446//3238 2445//3238 2366//3238
f 2446//3239 2365//3239 2368//3239
f 2447//3240 2368//3240 2367//3240
f 2447//3241 2446//3241 2368//3241
f 2447//3242 2367//3242 2370//3242
f 2448//3243 2370//3243 2369//3243
f 2448//3244 2447//3244 2370//3244
f 2448//3245 2369//3245 2372//3245
f 2449//3246 2372//3246 2371//3246
f 2449//3247 2448//3247 2372//3247
f 2449//3248 2371//3248 2374//3248
f 2450//3249 2374//3249 2373//3249
f 2450//3250 2449//3250 2374//3250
f 2450//3251 2373//3251 2376//3251
f 2451//3252 2376//3252 2375//3252
f 2451//3253 2450//3253 2376//3253
f 2451//3254 2375//3254 2378//3254
f 2452//3255 2378//3255 2377//3255
f 2452//3256 2451//3256 2378//3256
f 2453//3257 2377//3257 2380//3257
f 2453//3258 2452//3258 2377//3258
f 2453//3259 2380//3259 2379//3259
f 2454//3260 2379//3260 2382//3260
f 2454//3261 2453//3261 2379//3261
f 2454//3262 2382//3262 2381//3262
f 2455//3263 2381//3263 2384//3263
f 2455//3264 2454//3264 2381//3264
f 2455//3265 2384//3265 2383//3265
f 2456//3266 2383//3266 2386//3266
f 2456//3267 2455//3267 2383//3267
f 2456//3268 2386//3268 2385//3268
f 2457//3269 2385//3269 2388//3269
f 2457//3270 2456//3270 2385//3270
f 2457//3271 2388//3271 2387//3271
f 2458//3272 2387//3272 2390//3272
f 2458//3273 2457//3273 2387//3273
f 2458//3274 2390//3274 2389//3274
f 2459//3275 2389//3275 2392//3275
f 2459//3276 2458//3276 2389//3276
f 2459//3277 2392//3277 2391//3277
f 2460//3278 2391//3278 2394//3278
f 2460//3279 2459//3279 2391//3279
f 2460//3280 2394//3280 2393//3280
f 2461//3281 2393//3281 2396//3281
f 2461//3282 2460//3282 2393//3282
f 2461//3283 2396//3283 2395//3283
f 2462//3284 2395//3284 2398//3284
f 2462//3285 2461//3285 2395//3285
f 2462//3286 2398//3286 2397//3286
f 2463//3287 2397//3287 2400//3287
f 2463//3288 2462//3288 2397//3288
f 2464//3289 2400//3289 2399//3289
f 2464//3290 2463//3290 2400//3290
f 2464//3291 2399//3291 2402//3291
f 2465//3292 2402//3292 2401//3292
f 2465//3293 2464//3293 2402//3293
f 2465//3294 2401//3294 2404//3294
f 2466//3295 2404//3295 2403//3295
f 2466//3296 2465//3296 2404//3296
f 2466//3297 2403//3297 2406//3297
f 2467//3298 2406//3298 2405//3298
f 2467//3299 2466//3299 2406//3299
f 2467//3300 2405//3300 2408//3300
f 2468//3301 2408//3301 2407//3301
f 2468//3302 2467//3302 2408//3302
f 2468//3303 2407//3303 2410//3303
f 2469//3304 2410//3304 2409//3304
f 2469//3305 2468//3305 2410//3305
f 2469//3306 2409//3306 2412//3306
f 2470//3307 2412//3307 2411//3307
f 2470//3308 2469//3308 2412//3308
f 2470//3309 2411//3309 2414//3309
f 2471//3310 2414//3310 2413//3310
f 2471//3311 2470//3311 2414//3311
f 2471//3312 2413//3312 2416//3312
f 2472//3313 2416//3313 2415//3313
f 2472//3314 2471//3314 2416//3314
f 2472//3315 2415//3315 2418//3315
f 2473//3316 2418//3316 2417//3316
f 2473//3317 2472//3317 2418//3317
f 2473//3318 2417//3318 2420//3318
f 2474//3319 2420//3319 2419//3319
f 2474//3320 2473//3320 2420//3320
f 2475//3321 2419//3321 2422//3321
f 2475//3322 2474//3322 2419//3322
f 2475//3323 2422//3323 2421//3323
f 2476//3324 2421//3324 2424//3324
f 2476//3325 2475//3325 2421//3325
f 2476//3326 2424//3326 2423//3326
f 2477//3327 2423//3327 2426//3327
f 2477//3328 2476//3328 2423//3328
f 2477//3329 2426//3329 2425//3329
f 2478//3330 2425//3330 2428//3330
f 2478//3331 2477//3331 2425//3331
f 2478//3332 2428//3332 2427//3332
f 2479//3333 2427//3333 2430//3333
f 2479//3334 2478//3334 2427//3334
f 2479//3335 2430//3335 2429//3335
f 2480//3336 2429//3336 2432//3336
f 2480//3337 2479//3337 2429//3337
f 2480//3338 2432//3338 2431//3338
f 2481//3339 2431//3339 2434//3339
f 2481//3340 2480//3340 2431//3340
f 2481//3341 2434//3341 2433//3341
f 2482//3342 2433//3342 2436//3342
f 2482//3343 2481//3343 2433//3343
f 2482//3344 2436//3344 2435//3344
f 2483//3345 2435//3345 2438//3345
f 2483//3346 2482//3346 2435//3346
f 2483//3347 2438//3347 2437//3347
f 2484//3348 2437//3348 2439//3348
f 2484//3349 2483//3349 2437//3349
f 2484//3350 2439//3350 2350//3350
f 2485//3351 2350//3351 2351//3351
f 2485//3352 2484//3352 2350//3352
f 2485//3353 2351//3353 2352//3353
f 2486//3354 2485//3354 2352//3354
f 2487//3355 2486//3355 2352//3355
f 2487//3356 2352//3356 2353//3356
f 2488//3357 2440//3357 2442//3357
f 2489//3358 2440//3358 2488//3358
f 2489//3359 2441//3359 2440//3359
f 2490//3360 2442//3360 2443//3360
f 2490//3361 2488//3361 2442//3361
f 2491//3362 2443//3362 2444//3362
f 2491//3360 2490//3360 2443//3360
f 2492//3363 2444//3363 2445//3363
f 2492//3362 2491//3362 2444//3362
f 2493//3364 2445//3364 2446//3364
f 2493//3365 2492//3365 2445//3365
f 2494//3366 2446//3366 2447//3366
f 2494//3367 2493//3367 2446//3367
f 2495//3368 2447//3368 2448//3368
f 2495//3366 2494//3366 2447//3366
f 2496//3369 2448//3369 2449//3369
f 2496//3370 2495//3370 2448//3370
f 2497//3371 2449//3371 2450//3371
f 2497//3369 2496//3369 2449//3369
f 2498//3372 2450//3372 2451//3372
f 2498//3373 2497//3373 2450//3373
f 2499//3374 2451//3374 2452//3374
f 2499//3372 2498//3372 2451//3372
f 2500//3375 2452//3375 2453//3375
f 2500//3376 2499//3376 2452//3376
f 2501//3377 2453//3377 2454//3377
f 2501//3375 2500//3375 2453//3375
f 2502//3378 2454//3378 2455//3378
f 2502//3377 2501//3377 2454//3377
f 2503//3379 2455//3379 2456//3379
f 2503//3378 2502//3378 2455//3378
f 2504//3380 2456//3380 2457//3380
f 2504//3379 2503//3379 2456//3379
f 2505//3381 2457//3381 2458//3381
f 2505//3380 2504//3380 2457//3380
f 2506//3382 2458//3382 2459//3382
f 2506//3381 2505//3381 2458//3381
f 2507//3383 2459//3383 2460//3383
f 2507//3382 2506//3382 2459//3382
f 2508//3384 2460//3384 2461//3384
f 2508//3383 2507//3383 2460//3383
f 2509//3385 2461//3385 2462//3385
f 2509//3384 2508//3384 2461//3384
f 2510//3386 2462//3386 2463//3386
f 2510//3385 2509//3385 2462//3385
f 2511//3387 2463//3387 2464//3387
f 2511//3386 2510//3386 2463//3386
f 2512//3388 2464//3388 2465//3388
f 2512//3387 2511//3387 2464//3387
f 2513//3389 2465//3389 2466//3389
f 2513//3388 2512//3388 2465//3388
f 2514//3390 2466//3390 2467//3390
f 2514//3389 2513//3389 2466//3389
f 2515//3391 2467//3391 2468//3391
f 2515//3390 2514//3390 2467//3390
f 2516//3392 2468//3392 2469//3392
f 2516//3391 2515//3391 2468//3391
f 2517//3393 2469//3393 2470//3393
f 2517//3392 2516//3392 2469//3392
f 2518//3394 2470//3394 2471//3394
f 2518//3393 2517//3393 2470//3393
f 2519//3395 2471//3395 2472//3395
f 2519//3394 2518//3394 2471//3394
f 2520//3396 2472//3396 2473//3396
f 2520//3395 2519//3395 2472//3395
f 2521//3397 2473//3397 2474//3397
f 2521//3396 2520//3396 2473//3396
f 2522//3398 2474//3398 2475//3398
f 2522//3399 2521//3399 2474//3399
f 2523//3400 2475//3400 2476//3400
f 2523//3398 2522//3398 2475//3398
f 2524//3401 2476//3401 2477//3401
f 2524//3400 2523//3400 2476//3400
f 2525//3402 2477//3402 2478//3402
f 2525//3401 2524//3401 2477//3401
f 2526//3403 2478//3403 2479//3403
f 2526//3404 2525//3404 2478//3404
f 2527//3405 2479//3405 2480//3405
f 2527//3403 2526//3403 2479//3403
f 2528//3406 2480//3406 2481//3406
f 2528//3405 2527//3405 2480//3405
f 2529//3407 2481//3407 2482//3407
f 2529//3406 2528//3406 2481//3406
f 2530//3408 2482//3408 2483//3408
f 2530//3409 2529//3409 2482//3409
f 2531//3410 2483//3410 2484//3410
f 2531//3411 2530//3411 2483//3411
f 2532//3412 2484//3412 2485//3412
f 2532//3410 2531//3410 2484//3410
f 2533//3413 2485//3413 2486//3413
f 2533//3412 2532//3412 2485//3412
f 2533//3414 2486//3414 2534//3414
f 2535//3415 2534//3415 2486//3415
f 2535//3416 2486//3416 2487//3416
f 2536//3417 2533//3417 2534//3417
f 2536//3418 2534//3418 2537//3418
f 2538//3419 2537//3419 2534//3419
f 2538//3420 2534//3420 2535//3420
f 2539//3421 2488//3421 2490//3421
f 2540//3422 2488//3422 2539//3422
f 2540//3423 2489//3423 2488//3423
f 2541//3424 2490//3424 2491//3424
f 2541//3425 2539//3425 2490//3425
f 2542//3426 2491//3426 2492//3426
f 2542//3424 2541//3424 2491//3424
f 2543//3427 2492//3427 2493//3427
f 2543//3426 2542//3426 2492//3426
f 2544//3428 2493//3428 2494//3428
f 2544//3429 2543//3429 2493//3429
f 2545//3430 2494//3430 2495//3430
f 2545//3428 2544//3428 2494//3428
f 2546//3431 2495//3431 2496//3431
f 2546//3432 2545//3432 2495//3432
f 2547//3433 2496//3433 2497//3433
f 2547//3434 2546//3434 2496//3434
f 2548//3435 2497//3435 2498//3435
f 2548//3436 2547//3436 2497//3436
f 2549//3437 2498//3437 2499//3437
f 2549//3435 2548//3435 2498//3435
f 2550//3438 2499//3438 2500//3438
f 2550//3437 2549//3437 2499//3437
f 2551//3439 2500//3439 2501//3439
f 2551//3440 2550//3440 2500//3440
f 2552//3441 2501//3441 2502//3441
f 2552//3442 2551//3442 2501//3442
f 2553//3443 2502//3443 2503//3443
f 2553//3441 2552//3441 2502//3441
f 2554//3444 2503//3444 2504//3444
f 2554//3445 2553//3445 2503//3445
f 2555//3446 2504//3446 2505//3446
f 2555//3447 2554//3447 2504//3447
f 2556//3448 2505//3448 2506//3448
f 2556//3449 2555//3449 2505//3449
f 2557//3450 2506//3450 2507//3450
f 2557//3448 2556//3448 2506//3448
f 2558//3451 2507//3451 2508//3451
f 2558//3452 2557//3452 2507//3452
f 2559//3453 2508//3453 2509//3453
f 2559//3451 2558//3451 2508//3451
f 2560//3454 2509//3454 2510//3454
f 2560//3453 2559//3453 2509//3453
f 2561//3455 2510//3455 2511//3455
f 2561//3454 2560//3454 2510//3454
f 2562//3456 2511//3456 2512//3456
f 2562//3455 2561//3455 2511//3455
f 2563//3457 2512//3457 2513//3457
f 2563//3456 2562//3456 2512//3456
f 2564//3458 2513//3458 2514//3458
f 2564//3457 2563//3457 2513//3457
f 2565//3459 2514//3459 2515//3459
f 2565//3458 2564//3458 2514//3458
f 2566//3460 2515//3460 2516//3460
f 2566//3459 2565//3459 2515//3459
f 2567//3461 2516//3461 2517//3461
f 2567//3462 2566//3462 2516//3462
f 2568//3463 2517//3463 2518//3463
f 2568//3464 2567//3464 2517//3464
f 2569//3465 2518//3465 2519//3465
f 2569//3466 2568//3466 2518//3466
f 2570//3467 2519//3467 2520//3467
f 2570//3465 2569//3465 2519//3465
f 2571//3468 2520//3468 2521//3468
f 2571//3469 2570//3469 2520//3469
f 2572//3470 2521//3470 2522//3470
f 2572//3471 2571//3471 2521//3471
f 2573//3472 2522//3472 2523//3472
f 2573//3470 2572//3470 2522//3470
f 2574//3473 2523//3473 2524//3473
f 2574//3474 2573//3474 2523//3474
f 2575//3475 2524//3475 2525//3475
f 2575//3476 2574//3476 2524//3476
f 2576//3477 2525//3477 2526//3477
f 2576//3478 2575//3478 2525//3478
f 2577//3479 2526//3479 2527//3479
f 2577//3480 2576//3480 2526//3480
f 2578//3481 2527//3481 2528//3481
f 2578//3482 2577//3482 2527//3482
f 2579//3483 2528//3483 2529//3483
f 2579//3484 2578//3484 2528//3484
f 2580//3485 2529//3485 2530//3485
f 2580//3486 2579//3486 2529//3486
f 2581//3487 2530//3487 2531//3487
f 2581//3488 2580//3488 2530//3488
f 2582//3489 2531//3489 2532//3489
f 2582//3490 2581//3490 2531//3490
f 2583//3491 2532//3491 2533//3491
f 2583//3492 2582//3492 2532//3492
f 2536//3493 2583//3493 2533//3493
f 2584//3494 2536//3494 2537//3494
f 2584//3495 2537//3495 2585//3495
f 2586//3496 2585//3496 2537//3496
f 2586//3497 2537//3497 2538//3497
f 2587//3498 2539//3498 2541//3498
f 2588//3499 2539//3499 2587//3499
f 2540//3500 2539//3500 2588//3500
f 2589//3501 2541//3501 2542//3501
f 2589//3502 2587//3502 2541//3502
f 2590//3503 2542//3503 2543//3503
f 2590//3504 2589//3504 2542//3504
f 2591//3505 2543//3505 2544//3505
f 2591//3506 2590//3506 2543//3506
f 2592//3507 2544//3507 2545//3507
f 2592//3508 2591//3508 2544//3508
f 2593//3509 2545//3509 2546//3509
f 2593//3510 2592//3510 2545//3510
f 2594//3511 2546//3511 2547//3511
f 2594//3512 2593//3512 2546//3512
f 2595//3513 2547//3513 2548//3513
f 2595//3514 2594//3514 2547//3514
f 2596//3515 2548//3515 2549//3515
f 2596//3516 2595//3516 2548//3516
f 2597//3517 2549//3517 2550//3517
f 2597//3518 2596//3518 2549//3518
f 2598//3519 2550//3519 2551//3519
f 2598//3520 2597//3520 2550//3520
f 2599//3521 2551//3521 2552//3521
f 2599//3522 2598//3522 2551//3522
f 2600//3523 2552//3523 2553//3523
f 2600//3524 2599//3524 2552//3524
f 2601//3525 2553//3525 2554//3525
f 2601//3526 2600//3526 2553//3526
f 2602//3527 2554//3527 2555//3527
f 2602//3528 2601//3528 2554//3528
f 2603//3529 2555//3529 2556//3529
f 2603//3530 2602//3530 2555//3530
f 2604//3531 2556//3531 2557//3531
f 2604//3532 2603//3532 2556//3532
f 2605//3533 2557//3533 2558//3533
f 2605//3534 2604//3534 2557//3534
f 2606//3535 2558//3535 2559//3535
f 2606//3536 2605//3536 2558//3536
f 2607//3537 2559//3537 2560//3537
f 2607//3538 2606//3538 2559//3538
f 2608//3539 2560//3539 2561//3539
f 2608//3540 2607//3540 2560//3540
f 2609//3541 2561//3541 2562//3541
f 2609//3542 2608//3542 2561//3542
f 2610//3543 2562//3543 2563//3543
f 2610//3544 2609//3544 2562//3544
f 2611//3545 2563//3545 2564//3545
f 2611//3546 2610//3546 2563//3546
f 2612//3547 2564//3547 2565//3547
f 2612//3548 2611//3548 2564//3548
f 2613//3549 2565//3549 2566//3549
f 2613//3550 2612//3550 2565//3550
f 2614//3551 2566//3551 2567//3551
f 2614//3552 2613//3552 2566//3552
f 2615//3553 2567//3553 2568//3553
f 2615//3554 2614//3554 2567//3554
f 2616//3555 2568//3555 2569//3555
f 2616//3556 2615//3556 2568//3556
f 2617//3557 2569//3557 2570//3557
f 2617//3558 2616//3558 2569//3558
f 2618//3559 2570//3559 2571//3559
f 2618//3560 2617//3560 2570//3560
f 2619//3561 2571//3561 2572//3561
f 2619//3562 2618//3562 2571//3562
f 2620//3563 2572//3563 2573//3563
f 2620//3564 2619//3564 2572//3564
f 2621//3565 2573//3565 2574//3565
f 2621//3566 2620//3566 2573//3566
f 2622//3567 2574//3567 2575//3567
f 2622//3568 2621//3568 2574//3568
f 2623//3569 2575//3569 2576//3569
f 2623//3570 2622//3570 2575//3570
f 2624//3571 2576//3571 2577//3571
f 2624//3572 2623//3572 2576//3572
f 2625//3573 2577//3573 2578//3573
f 2625//3574 2624//3574 2577//3574
f 2626//3575 2578//3575 2579//3575
f 2626//3576 2625//3576 2578//3576
f 2627//3577 2579//3577 2580//3577
f 2627//3578 2626//3578 2579//3578
f 2628//3579 2580//3579 2581//3579
f 2628//3580 2627//3580 2580//3580
f 2629//3581 2581//3581 2582//3581
f 2629//3582 2628//3582 2581//3582
f 2630//3583 2582//3583 2583//3583
f 2630//3584 2629//3584 2582//3584
f 2584//3585 2583//3585 2536//3585
f 2584//3586 2630//3586 2583//3586
f 2631//1 2584//1 2585//1
f 2632//1 2585//1 2633//1
f 2586//3587 2633//3587 2585//3587
f 2631//1 2585//1 2632//1
f 2634//1 2587//1 2589//1
f 2635//1 2588//1 2587//1
f 2634//1 2635//1 2587//1
f 2636//1 2589//1 2590//1
f 2636//1 2634//1 2589//1
f 2637//1 2590//1 2591//1
f 2637//1 2636//1 2590//1
f 2638//1 2591//1 2592//1
f 2638//1 2637//1 2591//1
f 2639//1 2592//1 2593//1
f 2639//1 2638//1 2592//1
f 2640//1 2593//1 2594//1
f 2640//1 2639//1 2593//1
f 2641//1 2594//1 2595//1
f 2641//1 2640//1 2594//1
f 2642//1 2595//1 2596//1
f 2642//1 2641//1 2595//1
f 2643//1 2596//1 2597//1
f 2643//1 2642//1 2596//1
f 2644//1 2597//1 2598//1
f 2644//1 2643//1 2597//1
f 2645//1 2598//1 2599//1
f 2645//1 2644//1 2598//1
f 2646//1 2599//1 2600//1
f 2646//1 2645//1 2599//1
f 2647//1 2600//1 2601//1
f 2647//1 2646//1 2600//1
f 2648//1 2601//1 2602//1
f 2648//1 2647//1 2601//1
f 2649//1 2602//1 2603//1
f 2649//1 2648//1 2602//1
f 2650//1 2603//1 2604//1
f 2650//1 2649//1 2603//1
f 2651//1 2604//1 2605//1
f 2651//1 2650//1 2604//1
f 2652//1 2605//1 2606//1
f 2652//1 2651//1 2605//1
f 2653//1 2606//1 2607//1
f 2653//1 2652//1 2606//1
f 2653//1 2607//1 2608//1
f 2654//1 2608//1 2609//1
f 2654//1 2653//1 2608//1
f 2654//1 2609//1 2610//1
f 2655//1 2610//1 2611//1
f 2655//1 2654//1 2610//1
f 2656//1 2611//1 2612//1
f 2656//1 2655//1 2611//1
f 2656//1 2612//1 2613//1
f 2657//1 2613//1 2614//1
f 2657//1 2656//1 2613//1
f 2658//1 2614//1 2615//1
f 2658//1 2657//1 2614//1
f 2659//1 2615//1 2616//1
f 2659//1 2658//1 2615//1
f 2660//1 2616//1 2617//1
f 2660//1 2659//1 2616//1
f 2661//1 2617//1 2618//1
f 2661//1 2660//1 2617//1
f 2662//1 2618//1 2619//1
f 2662//1 2661//1 2618//1
f 2663//1 2619//1 2620//1
f 2663//1 2662//1 2619//1
f 2664//1 2620//1 2621//1
f 2664//1 2663//1 2620//1
f 2665//1 2621//1 2622//1
f 2665//1 2664//1 2621//1
f 2666//1 2622//1 2623//1
f 2666//1 2665//1 2622//1
f 2667//1 2623//1 2624//1
f 2667//1 2666//1 2623//1
f 2668//1 2624//1 2625//1
f 2668//1 2667//1 2624//1
f 2669//1 2625//1 2626//1
f 2669//1 2668//1 2625//1
f 2670//1 2626//1 2627//1
f 2670//1 2669//1 2626//1
f 2671//1 2627//1 2628//1
f 2671//1 2670//1 2627//1
f 2672//1 2628//1 2629//1
f 2672//1 2671//1 2628//1
f 2673//1 2629//1 2630//1
f 2673//1 2672//1 2629//1
f 2631//1 2630//1 2584//1
f 2631//1 2673//1 2630//1
f 2635//1 2674//1 2588//1
f 2675//3588 2588//3588 2674//3588
f 2540//3589 2588//3589 2675//3589
f 2676//1 2677//1 2674//1
f 2678//3590 2674//3590 2677//3590
f 2635//1 2676//1 2674//1
f 2675//3591 2674//3591 2678//3591
f 2679//1 2680//1 2677//1
f 2681//3592 2677//3592 2680//3592
f 2676//1 2679//1 2677//1
f 2678//3593 2677//3593 2681//3593
f 2682//1 2683//1 2680//1
f 2684//3594 2680//3594 2683//3594
f 2679//1 2682//1 2680//1
f 2681//3595 2680//3595 2684//3595
f 2685//1 2686//1 2683//1
f 2687//3596 2683//3596 2686//3596
f 2682//1 2685//1 2683//1
f 2684//3597 2683//3597 2687//3597
f 2688//1 2689//1 2686//1
f 2690//3598 2686//3598 2689//3598
f 2685//1 2688//1 2686//1
f 2687//3599 2686//3599 2690//3599
f 2691//1 2692//1 2689//1
f 2693//3600 2689//3600 2692//3600
f 2688//1 2691//1 2689//1
f 2690//3601 2689//3601 2693//3601
f 2694//1 2695//1 2692//1
f 2696//3602 2692//3602 2695//3602
f 2691//1 2694//1 2692//1
f 2693//3603 2692//3603 2696//3603
f 2697//1 2698//1 2695//1
f 2699//3604 2695//3604 2698//3604
f 2694//1 2697//1 2695//1
f 2696//3605 2695//3605 2699//3605
f 2700//1 2701//1 2698//1
f 2702//3606 2698//3606 2701//3606
f 2697//1 2700//1 2698//1
f 2699//3607 2698//3607 2702//3607
f 2703//1 2704//1 2701//1
f 2705//3608 2701//3608 2704//3608
f 2700//1 2703//1 2701//1
f 2702//3609 2701//3609 2705//3609
f 2706//1 2707//1 2704//1
f 2708//3610 2704//3610 2707//3610
f 2703//1 2706//1 2704//1
f 2705//3611 2704//3611 2708//3611
f 2709//1 2710//1 2707//1
f 2711//3612 2707//3612 2710//3612
f 2706//1 2709//1 2707//1
f 2708//3613 2707//3613 2711//3613
f 2712//1 2713//1 2710//1
f 2714//3614 2710//3614 2713//3614
f 2709//1 2712//1 2710//1
f 2711//3615 2710//3615 2714//3615
f 2715//1 2716//1 2713//1
f 2717//3616 2713//3616 2716//3616
f 2712//1 2715//1 2713//1
f 2714//3617 2713//3617 2717//3617
f 2718//1 2719//1 2716//1
f 2720//3618 2716//3618 2719//3618
f 2715//1 2718//1 2716//1
f 2717//3619 2716//3619 2720//3619
f 2721//1 2722//1 2719//1
f 2723//3620 2719//3620 2722//3620
f 2718//1 2721//1 2719//1
f 2720//3621 2719//3621 2723//3621
f 2724//1 2725//1 2722//1
f 2726//3622 2722//3622 2725//3622
f 2721//1 2724//1 2722//1
f 2723//3623 2722//3623 2726//3623
f 2727//1 2728//1 2725//1
f 2729//3624 2725//3624 2728//3624
f 2724//1 2727//1 2725//1
f 2726//3625 2725//3625 2729//3625
f 2727//1 2730//1 2728//1
f 2731//3626 2728//3626 2730//3626
f 2729//3627 2728//3627 2731//3627
f 2732//1 2733//1 2730//1
f 2734//3628 2730//3628 2733//3628
f 2727//1 2732//1 2730//1
f 2731//3629 2730//3629 2734//3629
f 2735//1 2736//1 2733//1
f 2737//3630 2733//3630 2736//3630
f 2732//1 2735//1 2733//1
f 2734//3631 2733//3631 2737//3631
f 2735//1 2738//1 2736//1
f 2739//3632 2736//3632 2738//3632
f 2737//3633 2736//3633 2739//3633
f 2740//1 2741//1 2738//1
f 2742//3634 2738//3634 2741//3634
f 2735//1 2740//1 2738//1
f 2739//3635 2738//3635 2742//3635
f 2740//1 2743//1 2741//1
f 2744//3636 2741//3636 2743//3636
f 2742//3637 2741//3637 2744//3637
f 2745//1 2746//1 2743//1
f 2747//3638 2743//3638 2746//3638
f 2740//1 2745//1 2743//1
f 2744//3639 2743//3639 2747//3639
f 2748//1 2749//1 2746//1
f 2750//3640 2746//3640 2749//3640
f 2745//1 2748//1 2746//1
f 2747//3641 2746//3641 2750//3641
f 2751//1 2752//1 2749//1
f 2753//3642 2749//3642 2752//3642
f 2748//1 2751//1 2749//1
f 2750//3643 2749//3643 2753//3643
f 2754//1 2755//1 2752//1
f 2756//3644 2752//3644 2755//3644
f 2751//1 2754//1 2752//1
f 2753//3645 2752//3645 2756//3645
f 2757//1 2758//1 2755//1
f 2759//3646 2755//3646 2758//3646
f 2754//1 2757//1 2755//1
f 2756//3647 2755//3647 2759//3647
f 2760//1 2761//1 2758//1
f 2762//3648 2758//3648 2761//3648
f 2757//1 2760//1 2758//1
f 2759//3649 2758//3649 2762//3649
f 2763//1 2764//1 2761//1
f 2765//3650 2761//3650 2764//3650
f 2760//1 2763//1 2761//1
f 2762//3651 2761//3651 2765//3651
f 2766//1 2767//1 2764//1
f 2768//3652 2764//3652 2767//3652
f 2763//1 2766//1 2764//1
f 2765//3653 2764//3653 2768//3653
f 2769//1 2770//1 2767//1
f 2771//3654 2767//3654 2770//3654
f 2766//1 2769//1 2767//1
f 2768//3655 2767//3655 2771//3655
f 2772//1 2773//1 2770//1
f 2774//3656 2770//3656 2773//3656
f 2769//1 2772//1 2770//1
f 2771//3657 2770//3657 2774//3657
f 2775//1 2776//1 2773//1
f 2777//3658 2773//3658 2776//3658
f 2772//1 2775//1 2773//1
f 2774//3659 2773//3659 2777//3659
f 2778//1 2779//1 2776//1
f 2780//3660 2776//3660 2779//3660
f 2775//1 2778//1 2776//1
f 2777//3661 2776//3661 2780//3661
f 2781//1 2782//1 2779//1
f 2783//3662 2779//3662 2782//3662
f 2778//1 2781//1 2779//1
f 2780//3663 2779//3663 2783//3663
f 2784//1 2785//1 2782//1
f 2786//3664 2782//3664 2785//3664
f 2781//1 2784//1 2782//1
f 2783//3665 2782//3665 2786//3665
f 2787//1 2788//1 2785//1
f 2789//3666 2785//3666 2788//3666
f 2784//1 2787//1 2785//1
f 2786//3667 2785//3667 2789//3667
f 2790//1 2791//1 2788//1
f 2792//3668 2788//3668 2791//3668
f 2787//1 2790//1 2788//1
f 2789//3669 2788//3669 2792//3669
f 2793//1 2633//1 2791//1
f 2794//3670 2791//3670 2633//3670
f 2790//1 2793//1 2791//1
f 2792//3671 2791//3671 2794//3671
f 2793//1 2632//1 2633//1
f 2794//3672 2633//3672 2586//3672
f 2795//3673 2632//3673 2793//3673
f 2796//3674 2631//3674 2632//3674
f 2797//3675 2796//3675 2632//3675
f 2795//3676 2797//3676 2632//3676
f 2798//3677 2793//3677 2790//3677
f 2799//3678 2795//3678 2793//3678
f 2798//3679 2799//3679 2793//3679
f 2800//3680 2790//3680 2787//3680
f 2801//3681 2798//3681 2790//3681
f 2800//3682 2801//3682 2790//3682
f 2802//3683 2787//3683 2784//3683
f 2803//3684 2800//3684 2787//3684
f 2802//3685 2803//3685 2787//3685
f 2804//3686 2784//3686 2781//3686
f 2805//3687 2802//3687 2784//3687
f 2804//3688 2805//3688 2784//3688
f 2806//3689 2781//3689 2778//3689
f 2807//3690 2804//3690 2781//3690
f 2806//3691 2807//3691 2781//3691
f 2808//3692 2778//3692 2775//3692
f 2809//3693 2806//3693 2778//3693
f 2808//3694 2809//3694 2778//3694
f 2810//3695 2775//3695 2772//3695
f 2811//3696 2808//3696 2775//3696
f 2810//3697 2811//3697 2775//3697
f 2812//3698 2772//3698 2769//3698
f 2813//3699 2810//3699 2772//3699
f 2812//3700 2813//3700 2772//3700
f 2814//3701 2769//3701 2766//3701
f 2815//3702 2812//3702 2769//3702
f 2814//3703 2815//3703 2769//3703
f 2816//3704 2766//3704 2763//3704
f 2817//3705 2814//3705 2766//3705
f 2816//3706 2817//3706 2766//3706
f 2818//3707 2763//3707 2760//3707
f 2819//3708 2816//3708 2763//3708
f 2818//3709 2819//3709 2763//3709
f 2820//3710 2760//3710 2757//3710
f 2821//3711 2818//3711 2760//3711
f 2820//3712 2821//3712 2760//3712
f 2822//3713 2757//3713 2754//3713
f 2823//3714 2820//3714 2757//3714
f 2822//3715 2823//3715 2757//3715
f 2824//3716 2754//3716 2751//3716
f 2825//3717 2822//3717 2754//3717
f 2824//3718 2825//3718 2754//3718
f 2826//3719 2751//3719 2748//3719
f 2827//3720 2824//3720 2751//3720
f 2826//3721 2827//3721 2751//3721
f 2828//3722 2748//3722 2745//3722
f 2829//3723 2826//3723 2748//3723
f 2828//3724 2829//3724 2748//3724
f 2830//3725 2745//3725 2740//3725
f 2831//3726 2828//3726 2745//3726
f 2830//3727 2831//3727 2745//3727
f 2832//3728 2740//3728 2735//3728
f 2833//3729 2830//3729 2740//3729
f 2832//3730 2833//3730 2740//3730
f 2732//1 2834//1 2735//1
f 2835//3731 2735//3731 2834//3731
f 2836//3732 2832//3732 2735//3732
f 2835//3733 2836//3733 2735//3733
f 2837//1 2838//1 2834//1
f 2839//3734 2834//3734 2838//3734
f 2732//1 2837//1 2834//1
f 2840//3735 2835//3735 2834//3735
f 2839//3736 2840//3736 2834//3736
f 2841//1 2842//1 2838//1
f 2843//3737 2838//3737 2842//3737
f 2837//1 2841//1 2838//1
f 2844//3738 2839//3738 2838//3738
f 2843//3739 2844//3739 2838//3739
f 2845//3740 2842//3740 2841//3740
f 2846//3741 2843//3741 2842//3741
f 2845//3742 2846//3742 2842//3742
f 2847//3743 2841//3743 2837//3743
f 2848//3744 2845//3744 2841//3744
f 2847//3745 2848//3745 2841//3745
f 2849//3746 2837//3746 2732//3746
f 2850//3747 2847//3747 2837//3747
f 2849//3748 2850//3748 2837//3748
f 2851//3749 2732//3749 2727//3749
f 2852//3750 2849//3750 2732//3750
f 2851//3751 2852//3751 2732//3751
f 2853//3752 2727//3752 2724//3752
f 2854//3753 2851//3753 2727//3753
f 2853//3754 2854//3754 2727//3754
f 2855//3755 2724//3755 2721//3755
f 2856//3756 2853//3756 2724//3756
f 2855//3757 2856//3757 2724//3757
f 2857//3758 2721//3758 2718//3758
f 2858//3759 2855//3759 2721//3759
f 2857//3760 2858//3760 2721//3760
f 2859//3761 2718//3761 2715//3761
f 2860//3762 2857//3762 2718//3762
f 2859//3763 2860//3763 2718//3763
f 2861//3764 2715//3764 2712//3764
f 2862//3765 2859//3765 2715//3765
f 2861//3766 2862//3766 2715//3766
f 2863//3767 2712//3767 2709//3767
f 2864//3768 2861//3768 2712//3768
f 2863//3769 2864//3769 2712//3769
f 2865//3770 2709//3770 2706//3770
f 2866//3771 2863//3771 2709//3771
f 2865//3772 2866//3772 2709//3772
f 2867//3773 2706//3773 2703//3773
f 2868//3774 2865//3774 2706//3774
f 2867//3775 2868//3775 2706//3775
f 2869//3776 2703//3776 2700//3776
f 2870//3777 2867//3777 2703//3777
f 2869//3778 2870//3778 2703//3778
f 2871//3779 2700//3779 2697//3779
f 2872//3780 2869//3780 2700//3780
f 2871//3781 2872//3781 2700//3781
f 2873//3782 2697//3782 2694//3782
f 2874//3783 2871//3783 2697//3783
f 2873//3784 2874//3784 2697//3784
f 2875//3785 2694//3785 2691//3785
f 2876//3786 2873//3786 2694//3786
f 2875//3787 2876//3787 2694//3787
f 2877//3788 2691//3788 2688//3788
f 2878//3789 2875//3789 2691//3789
f 2877//3790 2878//3790 2691//3790
f 2879//3791 2688//3791 2685//3791
f 2880//3792 2877//3792 2688//3792
f 2879//3793 2880//3793 2688//3793
f 2881//3794 2685//3794 2682//3794
f 2882//3795 2879//3795 2685//3795
f 2881//3796 2882//3796 2685//3796
f 2883//3797 2682//3797 2679//3797
f 2884//3798 2881//3798 2682//3798
f 2883//3799 2884//3799 2682//3799
f 2885//3800 2679//3800 2676//3800
f 2886//3801 2883//3801 2679//3801
f 2885//3802 2886//3802 2679//3802
f 2887//3803 2676//3803 2635//3803
f 2888//3804 2885//3804 2676//3804
f 2887//3805 2888//3805 2676//3805
f 2889//3806 2635//3806 2634//3806
f 2890//3807 2887//3807 2635//3807
f 2889//3808 2890//3808 2635//3808
f 2891//3809 2634//3809 2636//3809
f 2892//3810 2634//3810 2891//3810
f 2892//3811 2889//3811 2634//3811
f 2893//3812 2636//3812 2637//3812
f 2894//3813 2891//3813 2636//3813
f 2893//3814 2894//3814 2636//3814
f 2895//3815 2637//3815 2638//3815
f 2896//3816 2893//3816 2637//3816
f 2895//3817 2896//3817 2637//3817
f 2897//3818 2638//3818 2639//3818
f 2898//3819 2895//3819 2638//3819
f 2897//3820 2898//3820 2638//3820
f 2899//3821 2639//3821 2640//3821
f 2900//3822 2897//3822 2639//3822
f 2899//3823 2900//3823 2639//3823
f 2901//3824 2640//3824 2641//3824
f 2902//3825 2899//3825 2640//3825
f 2901//3826 2902//3826 2640//3826
f 2903//3827 2641//3827 2642//3827
f 2904//3828 2901//3828 2641//3828
f 2903//3829 2904//3829 2641//3829
f 2905//3830 2642//3830 2643//3830
f 2906//3831 2903//3831 2642//3831
f 2905//3832 2906//3832 2642//3832
f 2907//3833 2643//3833 2644//3833
f 2908//3834 2905//3834 2643//3834
f 2907//3835 2908//3835 2643//3835
f 2909//3836 2644//3836 2645//3836
f 2910//3837 2907//3837 2644//3837
f 2909//3838 2910//3838 2644//3838
f 2911//3839 2645//3839 2646//3839
f 2912//3840 2909//3840 2645//3840
f 2911//3841 2912//3841 2645//3841
f 2913//3842 2646//3842 2647//3842
f 2914//3843 2911//3843 2646//3843
f 2913//3844 2914//3844 2646//3844
f 2915//3845 2647//3845 2648//3845
f 2916//3846 2913//3846 2647//3846
f 2915//3847 2916//3847 2647//3847
f 2917//3848 2648//3848 2649//3848
f 2918//3849 2915//3849 2648//3849
f 2917//3850 2918//3850 2648//3850
f 2919//3851 2649//3851 2650//3851
f 2920//3852 2917//3852 2649//3852
f 2919//3853 2920//3853 2649//3853
f 2921//3854 2650//3854 2651//3854
f 2922//3855 2919//3855 2650//3855
f 2921//3856 2922//3856 2650//3856
f 2923//3857 2651//3857 2652//3857
f 2924//3858 2921//3858 2651//3858
f 2923//3859 2924//3859 2651//3859
f 2925//3860 2652//3860 2653//3860
f 2926//3861 2923//3861 2652//3861
f 2925//3862 2926//3862 2652//3862
f 2927//3863 2653//3863 2654//3863
f 2928//3864 2925//3864 2653//3864
f 2927//3865 2928//3865 2653//3865
f 2655//1 2929//1 2654//1
f 2930//3866 2654//3866 2929//3866
f 2931//3867 2927//3867 2654//3867
f 2930//3868 2931//3868 2654//3868
f 2932//1 2933//1 2929//1
f 2934//3869 2929//3869 2933//3869
f 2655//1 2932//1 2929//1
f 2935//3870 2930//3870 2929//3870
f 2934//3871 2935//3871 2929//3871
f 2936//1 2937//1 2933//1
f 2938//3872 2933//3872 2937//3872
f 2932//1 2936//1 2933//1
f 2939//3873 2934//3873 2933//3873
f 2938//3874 2939//3874 2933//3874
f 2940//3875 2937//3875 2936//3875
f 2941//3876 2938//3876 2937//3876
f 2940//3877 2941//3877 2937//3877
f 2942//3878 2936//3878 2932//3878
f 2943//3879 2940//3879 2936//3879
f 2942//3880 2943//3880 2936//3880
f 2944//3881 2932//3881 2655//3881
f 2945//3882 2942//3882 2932//3882
f 2944//3883 2945//3883 2932//3883
f 2946//3884 2655//3884 2656//3884
f 2947//3885 2944//3885 2655//3885
f 2946//3886 2947//3886 2655//3886
f 2948//3887 2656//3887 2657//3887
f 2949//3888 2946//3888 2656//3888
f 2948//3889 2949//3889 2656//3889
f 2950//3890 2657//3890 2658//3890
f 2951//3891 2948//3891 2657//3891
f 2950//3892 2951//3892 2657//3892
f 2952//3893 2658//3893 2659//3893
f 2953//3894 2950//3894 2658//3894
f 2952//3895 2953//3895 2658//3895
f 2954//3896 2659//3896 2660//3896
f 2955//3897 2952//3897 2659//3897
f 2954//3898 2955//3898 2659//3898
f 2956//3899 2660//3899 2661//3899
f 2957//3900 2954//3900 2660//3900
f 2956//3901 2957//3901 2660//3901
f 2958//3902 2661//3902 2662//3902
f 2959//3903 2956//3903 2661//3903
f 2958//3904 2959//3904 2661//3904
f 2960//3905 2662//3905 2663//3905
f 2961//3906 2958//3906 2662//3906
f 2960//3907 2961//3907 2662//3907
f 2962//3908 2663//3908 2664//3908
f 2963//3909 2960//3909 2663//3909
f 2962//3910 2963//3910 2663//3910
f 2964//3911 2664//3911 2665//3911
f 2965//3912 2962//3912 2664//3912
f 2964//3913 2965//3913 2664//3913
f 2966//3914 2665//3914 2666//3914
f 2967//3915 2964//3915 2665//3915
f 2966//3916 2967//3916 2665//3916
f 2968//3917 2666//3917 2667//3917
f 2969//3918 2966//3918 2666//3918
f 2968//3919 2969//3919 2666//3919
f 2970//3920 2667//3920 2668//3920
f 2971//3921 2968//3921 2667//3921
f 2970//3922 2971//3922 2667//3922
f 2972//3923 2668//3923 2669//3923
f 2973//3924 2970//3924 2668//3924
f 2972//3925 2973//3925 2668//3925
f 2974//3926 2669//3926 2670//3926
f 2975//3927 2972//3927 2669//3927
f 2974//3928 2975//3928 2669//3928
f 2976//3929 2670//3929 2671//3929
f 2977//3930 2974//3930 2670//3930
f 2976//3931 2977//3931 2670//3931
f 2978//3932 2671//3932 2672//3932
f 2979//3933 2976//3933 2671//3933
f 2978//3934 2979//3934 2671//3934
f 2980//3935 2672//3935 2673//3935
f 2981//3936 2978//3936 2672//3936
f 2980//3937 2981//3937 2672//3937
f 2982//3938 2673//3938 2631//3938
f 2983//3939 2980//3939 2673//3939
f 2982//3940 2983//3940 2673//3940
f 2984//3941 2982//3941 2631//3941
f 2796//3942 2984//3942 2631//3942
f 2985//3943 2891//3943 2894//3943
f 2986//3944 2891//3944 2985//3944
f 2986//3945 2892//3945 2891//3945
f 2987//3946 2894//3946 2893//3946
f 2987//3947 2985//3947 2894//3947
f 2987//3948 2893//3948 2896//3948
f 2988//3949 2896//3949 2895//3949
f 2988//3950 2987//3950 2896//3950
f 2988//3951 2895//3951 2898//3951
f 2989//3952 2898//3952 2897//3952
f 2989//3953 2988//3953 2898//3953
f 2989//3954 2897//3954 2900//3954
f 2990//3955 2900//3955 2899//3955
f 2990//3956 2989//3956 2900//3956
f 2990//3957 2899//3957 2902//3957
f 2991//3958 2902//3958 2901//3958
f 2991//3959 2990//3959 2902//3959
f 2991//3960 2901//3960 2904//3960
f 2992//3961 2904//3961 2903//3961
f 2992//3962 2991//3962 2904//3962
f 2992//3963 2903//3963 2906//3963
f 2993//3964 2906//3964 2905//3964
f 2993//3965 2992//3965 2906//3965
f 2993//3966 2905//3966 2908//3966
f 2994//3967 2908//3967 2907//3967
f 2994//3968 2993//3968 2908//3968
f 2994//3969 2907//3969 2910//3969
f 2995//3970 2910//3970 2909//3970
f 2995//3971 2994//3971 2910//3971
f 2995//3972 2909//3972 2912//3972
f 2996//3973 2912//3973 2911//3973
f 2996//3974 2995//3974 2912//3974
f 2996//3975 2911//3975 2914//3975
f 2997//3976 2914//3976 2913//3976
f 2997//3977 2996//3977 2914//3977
f 2998//3978 2913//3978 2916//3978
f 2998//3979 2997//3979 2913//3979
f 2998//3980 2916//3980 2915//3980
f 2999//3981 2915//3981 2918//3981
f 2999//3982 2998//3982 2915//3982
f 2999//3983 2918//3983 2917//3983
f 3000//3984 2917//3984 2920//3984
f 3000//3985 2999//3985 2917//3985
f 3000//3986 2920//3986 2919//3986
f 3001//3987 2919//3987 2922//3987
f 3001//3988 3000//3988 2919//3988
f 3001//3989 2922//3989 2921//3989
f 3002//3990 2921//3990 2924//3990
f 3002//3991 3001//3991 2921//3991
f 3002//3992 2924//3992 2923//3992
f 3003//3993 2923//3993 2926//3993
f 3003//3994 3002//3994 2923//3994
f 3003//3995 2926//3995 2925//3995
f 3004//3996 2925//3996 2928//3996
f 3004//3997 3003//3997 2925//3997
f 3004//3998 2928//3998 2927//3998
f 3005//3999 2927//3999 2931//3999
f 3005//4000 3004//4000 2927//4000
f 3005//4001 2931//4001 2930//4001
f 3006//4002 2930//4002 2935//4002
f 3006//4003 3005//4003 2930//4003
f 3006//4004 2935//4004 2934//4004
f 3007//4005 2934//4005 2939//4005
f 3007//4006 3006//4006 2934//4006
f 3007//4007 2939//4007 2938//4007
f 3008//4008 2938//4008 2941//4008
f 3008//4009 3007//4009 2938//4009
f 3008//4010 2941//4010 2940//4010
f 3009//4011 2940//4011 2943//4011
f 3009//4012 3008//4012 2940//4012
f 3010//4013 2943//4013 2942//4013
f 3010//4014 3009//4014 2943//4014
f 3010//4015 2942//4015 2945//4015
f 3011//4016 2945//4016 2944//4016
f 3011//4017 3010//4017 2945//4017
f 3011//4018 2944//4018 2947//4018
f 3012//4019 2947//4019 2946//4019
f 3012//4020 3011//4020 2947//4020
f 3012//4021 2946//4021 2949//4021
f 3013//4022 2949//4022 2948//4022
f 3013//4023 3012//4023 2949//4023
f 3013//4024 2948//4024 2951//4024
f 3014//4025 2951//4025 2950//4025
f 3014//4026 3013//4026 2951//4026
f 3014//4027 2950//4027 2953//4027
f 3015//4028 2953//4028 2952//4028
f 3015//4029 3014//4029 2953//4029
f 3015//4030 2952//4030 2955//4030
f 3016//4031 2955//4031 2954//4031
f 3016//4032 3015//4032 2955//4032
f 3016//4033 2954//4033 2957//4033
f 3017//4034 2957//4034 2956//4034
f 3017//4035 3016//4035 2957//4035
f 3017//4036 2956//4036 2959//4036
f 3018//4037 2959//4037 2958//4037
f 3018//4038 3017//4038 2959//4038
f 3018//4039 2958//4039 2961//4039
f 3019//4040 2961//4040 2960//4040
f 3019//4041 3018//4041 2961//4041
f 3019//4042 2960//4042 2963//4042
f 3020//4043 2963//4043 2962//4043
f 3020//4044 3019//4044 2963//4044
f 3020//4045 2962//4045 2965//4045
f 3021//4046 2965//4046 2964//4046
f 3021//4047 3020//4047 2965//4047
f 3022//4048 2964//4048 2967//4048
f 3022//4049 3021//4049 2964//4049
f 3022//4050 2967//4050 2966//4050
f 3023//4051 2966//4051 2969//4051
f 3023//4052 3022//4052 2966//4052
f 3023//4053 2969//4053 2968//4053
f 3024//4054 2968//4054 2971//4054
f 3024//4055 3023//4055 2968//4055
f 3024//4056 2971//4056 2970//4056
f 3025//4057 2970//4057 2973//4057
f 3025//4058 3024//4058 2970//4058
f 3025//4059 2973//4059 2972//4059
f 3026//4060 2972//4060 2975//4060
f 3026//4061 3025//4061 2972//4061
f 3026//4062 2975//4062 2974//4062
f 3027//4063 2974//4063 2977//4063
f 3027//4064 3026//4064 2974//4064
f 3027//4065 2977//4065 2976//4065
f 3028//4066 2976//4066 2979//4066
f 3028//4067 3027//4067 2976//4067
f 3028//4068 2979//4068 2978//4068
f 3029//4069 2978//4069 2981//4069
f 3029//4070 3028//4070 2978//4070
f 3029//4071 2981//4071 2980//4071
f 3030//4072 2980//4072 2983//4072
f 3030//4073 3029//4073 2980//4073
f 3030//4074 2983//4074 2982//4074
f 3031//4075 2982//4075 2984//4075
f 3031//4076 3030//4076 2982//4076
f 3031//4077 2984//4077 2796//4077
f 3032//4078 2796//4078 2797//4078
f 3032//4079 3031//4079 2796//4079
f 3032//4080 2797//4080 2795//4080
f 3033//4081 3032//4081 2795//4081
f 2799//4082 3033//4082 2795//4082
f 3034//4083 2985//4083 2987//4083
f 3035//4084 2985//4084 3034//4084
f 3035//4084 2986//4084 2985//4084
f 3036//4085 2987//4085 2988//4085
f 3036//4083 3034//4083 2987//4083
f 3037//4086 2988//4086 2989//4086
f 3037//4085 3036//4085 2988//4085
f 3038//4087 2989//4087 2990//4087
f 3038//4086 3037//4086 2989//4086
f 3039//4088 2990//4088 2991//4088
f 3039//4087 3038//4087 2990//4087
f 3040//4089 2991//4089 2992//4089
f 3040//4088 3039//4088 2991//4088
f 3041//4090 2992//4090 2993//4090
f 3041//4089 3040//4089 2992//4089
f 3042//4091 2993//4091 2994//4091
f 3042//4090 3041//4090 2993//4090
f 3043//4092 2994//4092 2995//4092
f 3043//4091 3042//4091 2994//4091
f 3044//4093 2995//4093 2996//4093
f 3044//4092 3043//4092 2995//4092
f 3045//4094 2996//4094 2997//4094
f 3045//4093 3044//4093 2996//4093
f 3046//4095 2997//4095 2998//4095
f 3046//4096 3045//4096 2997//4096
f 3047//4097 2998//4097 2999//4097
f 3047//4095 3046//4095 2998//4095
f 3048//4098 2999//4098 3000//4098
f 3048//4097 3047//4097 2999//4097
f 3049//4099 3000//4099 3001//4099
f 3049//4100 3048//4100 3000//4100
f 3050//4101 3001//4101 3002//4101
f 3050//4099 3049//4099 3001//4099
f 3051//4102 3002//4102 3003//4102
f 3051//4101 3050//4101 3002//4101
f 3052//4103 3003//4103 3004//4103
f 3052//4102 3051//4102 3003//4102
f 3053//4104 3004//4104 3005//4104
f 3053//4103 3052//4103 3004//4103
f 3054//4105 3005//4105 3006//4105
f 3054//4104 3053//4104 3005//4104
f 3055//4106 3006//4106 3007//4106
f 3055//4105 3054//4105 3006//4105
f 3056//4107 3007//4107 3008//4107
f 3056//4106 3055//4106 3007//4106
f 3057//4108 3008//4108 3009//4108
f 3057//4107 3056//4107 3008//4107
f 3058//4109 3009//4109 3010//4109
f 3058//4108 3057//4108 3009//4108
f 3059//4110 3010//4110 3011//4110
f 3059//4109 3058//4109 3010//4109
f 3060//4111 3011//4111 3012//4111
f 3060//4110 3059//4110 3011//4110
f 3061//4112 3012//4112 3013//4112
f 3061//4111 3060//4111 3012//4111
f 3062//4113 3013//4113 3014//4113
f 3062//4112 3061//4112 3013//4112
f 3063//4114 3014//4114 3015//4114
f 3063//4113 3062//4113 3014//4113
f 3064//4115 3015//4115 3016//4115
f 3064//4114 3063//4114 3015//4114
f 3065//4116 3016//4116 3017//4116
f 3065//4115 3064//4115 3016//4115
f 3066//4117 3017//4117 3018//4117
f 3066//4116 3065//4116 3017//4116
f 3067//4118 3018//4118 3019//4118
f 3067//4117 3066//4117 3018//4117
f 3068//4119 3019//4119 3020//4119
f 3068//4118 3067//4118 3019//4118
f 3069//4120 3020//4120 3021//4120
f 3069//4119 3068//4119 3020//4119
f 3070//4121 3021//4121 3022//4121
f 3070//4120 3069//4120 3021//4120
f 3071//4122 3022//4122 3023//4122
f 3071//4121 3070//4121 3022//4121
f 3072//4123 3023//4123 3024//4123
f 3072//4124 3071//4124 3023//4124
f 3073//4125 3024//4125 3025//4125
f 3073//4123 3072//4123 3024//4123
f 3074//4126 3025//4126 3026//4126
f 3074//4125 3073//4125 3025//4125
f 3075//4127 3026//4127 3027//4127
f 3075//4126 3074//4126 3026//4126
f 3076//4128 3027//4128 3028//4128
f 3076//4127 3075//4127 3027//4127
f 3077//4129 3028//4129 3029//4129
f 3077//4128 3076//4128 3028//4128
f 3078//4130 3029//4130 3030//4130
f 3078//4129 3077//4129 3029//4129
f 3079//4131 3030//4131 3031//4131
f 3079//4130 3078//4130 3030//4130
f 3080//4132 3031//4132 3032//4132
f 3080//4131 3079//4131 3031//4131
f 3081//4133 3032//4133 3033//4133
f 3081//4132 3080//4132 3032//4132
f 3081//4133 3033//4133 3082//4133
f 3083//4134 3082//4134 3033//4134
f 3083//4135 3033//4135 2799//4135
f 3084//4136 3081//4136 3082//4136
f 3084//4136 3082//4136 3085//4136
f 3086//4137 3085//4137 3082//4137
f 3086//4134 3082//4134 3083//4134
f 3087//4138 3034//4138 3036//4138
f 3088//4139 3034//4139 3087//4139
f 3088//4139 3035//4139 3034//4139
f 3089//4140 3036//4140 3037//4140
f 3089//4138 3087//4138 3036//4138
f 3090//4141 3037//4141 3038//4141
f 3090//4140 3089//4140 3037//4140
f 3091//4142 3038//4142 3039//4142
f 3091//4141 3090//4141 3038//4141
f 3092//4143 3039//4143 3040//4143
f 3092//4142 3091//4142 3039//4142
f 3093//4144 3040//4144 3041//4144
f 3093//4143 3092//4143 3040//4143
f 3094//4145 3041//4145 3042//4145
f 3094//4144 3093//4144 3041//4144
f 3095//4146 3042//4146 3043//4146
f 3095//4145 3094//4145 3042//4145
f 3096//4147 3043//4147 3044//4147
f 3096//4146 3095//4146 3043//4146
f 3097//4148 3044//4148 3045//4148
f 3097//4147 3096//4147 3044//4147
f 3098//4149 3045//4149 3046//4149
f 3098//4148 3097//4148 3045//4148
f 3099//4150 3046//4150 3047//4150
f 3099//4149 3098//4149 3046//4149
f 3100//4151 3047//4151 3048//4151
f 3100//4150 3099//4150 3047//4150
f 3101//4152 3048//4152 3049//4152
f 3101//4151 3100//4151 3048//4151
f 3102//4153 3049//4153 3050//4153
f 3102//4152 3101//4152 3049//4152
f 3103//4154 3050//4154 3051//4154
f 3103//4155 3102//4155 3050//4155
f 3104//4156 3051//4156 3052//4156
f 3104//4154 3103//4154 3051//4154
f 3105//4157 3052//4157 3053//4157
f 3105//4156 3104//4156 3052//4156
f 3106//4158 3053//4158 3054//4158
f 3106//4157 3105//4157 3053//4157
f 3107//4159 3054//4159 3055//4159
f 3107//4158 3106//4158 3054//4158
f 3108//4160 3055//4160 3056//4160
f 3108//4159 3107//4159 3055//4159
f 3109//4161 3056//4161 3057//4161
f 3109//4160 3108//4160 3056//4160
f 3110//4162 3057//4162 3058//4162
f 3110//4161 3109//4161 3057//4161
f 3111//4163 3058//4163 3059//4163
f 3111//4162 3110//4162 3058//4162
f 3112//4164 3059//4164 3060//4164
f 3112//4163 3111//4163 3059//4163
f 3113//4165 3060//4165 3061//4165
f 3113//4164 3112//4164 3060//4164
f 3114//4166 3061//4166 3062//4166
f 3114//4165 3113//4165 3061//4165
f 3115//4167 3062//4167 3063//4167
f 3115//4166 3114//4166 3062//4166
f 3116//4168 3063//4168 3064//4168
f 3116//4167 3115//4167 3063//4167
f 3117//4169 3064//4169 3065//4169
f 3117//4168 3116//4168 3064//4168
f 3118//4170 3065//4170 3066//4170
f 3118//4169 3117//4169 3065//4169
f 3119//4171 3066//4171 3067//4171
f 3119//4170 3118//4170 3066//4170
f 3120//4172 3067//4172 3068//4172
f 3120//4171 3119//4171 3067//4171
f 3121//4173 3068//4173 3069//4173
f 3121//4172 3120//4172 3068//4172
f 3122//4174 3069//4174 3070//4174
f 3122//4173 3121//4173 3069//4173
f 3123//4175 3070//4175 3071//4175
f 3123//4174 3122//4174 3070//4174
f 3124//4176 3071//4176 3072//4176
f 3124//4175 3123//4175 3071//4175
f 3125//4177 3072//4177 3073//4177
f 3125//4176 3124//4176 3072//4176
f 3126//4178 3073//4178 3074//4178
f 3126//4177 3125//4177 3073//4177
f 3127//4179 3074//4179 3075//4179
f 3127//4178 3126//4178 3074//4178
f 3128//4180 3075//4180 3076//4180
f 3128//4179 3127//4179 3075//4179
f 3129//4181 3076//4181 3077//4181
f 3129//4180 3128//4180 3076//4180
f 3130//4182 3077//4182 3078//4182
f 3130//4181 3129//4181 3077//4181
f 3131//4183 3078//4183 3079//4183
f 3131//4182 3130//4182 3078//4182
f 3132//4184 3079//4184 3080//4184
f 3132//4183 3131//4183 3079//4183
f 3133//4185 3080//4185 3081//4185
f 3133//4184 3132//4184 3080//4184
f 3084//4185 3133//4185 3081//4185
f 3134//4186 3084//4186 3085//4186
f 3134//4186 3085//4186 3135//4186
f 3136//4187 3135//4187 3085//4187
f 3136//4137 3085//4137 3086//4137
f 3137//4188 3087//4188 3089//4188
f 3138//4189 3087//4189 3137//4189
f 3138//4189 3088//4189 3087//4189
f 3139//4190 3089//4190 3090//4190
f 3139//4188 3137//4188 3089//4188
f 3140//4191 3090//4191 3091//4191
f 3140//4190 3139//4190 3090//4190
f 3141//4192 3091//4192 3092//4192
f 3141//4191 3140//4191 3091//4191
f 3142//4193 3092//4193 3093//4193
f 3142//4192 3141//4192 3092//4192
f 3143//4194 3093//4194 3094//4194
f 3143//4193 3142//4193 3093//4193
f 3144//4195 3094//4195 3095//4195
f 3144//4194 3143//4194 3094//4194
f 3145//4196 3095//4196 3096//4196
f 3145//4195 3144//4195 3095//4195
f 3146//4197 3096//4197 3097//4197
f 3146//4198 3145//4198 3096//4198
f 3147//4199 3097//4199 3098//4199
f 3147//4200 3146//4200 3097//4200
f 3148//4201 3098//4201 3099//4201
f 3148//4199 3147//4199 3098//4199
f 3149//4202 3099//4202 3100//4202
f 3149//4201 3148//4201 3099//4201
f 3150//4203 3100//4203 3101//4203
f 3150//4202 3149//4202 3100//4202
f 3151//4204 3101//4204 3102//4204
f 3151//4203 3150//4203 3101//4203
f 3152//4205 3102//4205 3103//4205
f 3152//4204 3151//4204 3102//4204
f 3153//4206 3103//4206 3104//4206
f 3153//4205 3152//4205 3103//4205
f 3154//4207 3104//4207 3105//4207
f 3154//4206 3153//4206 3104//4206
f 3155//4208 3105//4208 3106//4208
f 3155//4207 3154//4207 3105//4207
f 3156//4209 3106//4209 3107//4209
f 3156//4208 3155//4208 3106//4208
f 3157//4210 3107//4210 3108//4210
f 3157//4209 3156//4209 3107//4209
f 3158//4211 3108//4211 3109//4211
f 3158//4210 3157//4210 3108//4210
f 3159//4212 3109//4212 3110//4212
f 3159//4211 3158//4211 3109//4211
f 3160//4213 3110//4213 3111//4213
f 3160//4212 3159//4212 3110//4212
f 3161//4214 3111//4214 3112//4214
f 3161//4213 3160//4213 3111//4213
f 3162//4215 3112//4215 3113//4215
f 3162//4214 3161//4214 3112//4214
f 3163//4216 3113//4216 3114//4216
f 3163//4215 3162//4215 3113//4215
f 3164//4217 3114//4217 3115//4217
f 3164//4216 3163//4216 3114//4216
f 3165//4218 3115//4218 3116//4218
f 3165//4217 3164//4217 3115//4217
f 3166//4219 3116//4219 3117//4219
f 3166//4218 3165//4218 3116//4218
f 3167//4220 3117//4220 3118//4220
f 3167//4219 3166//4219 3117//4219
f 3168//4221 3118//4221 3119//4221
f 3168//4220 3167//4220 3118//4220
f 3169//4222 3119//4222 3120//4222
f 3169//4221 3168//4221 3119//4221
f 3170//4223 3120//4223 3121//4223
f 3170//4222 3169//4222 3120//4222
f 3171//4224 3121//4224 3122//4224
f 3171//4223 3170//4223 3121//4223
f 3172//4225 3122//4225 3123//4225
f 3172//4224 3171//4224 3122//4224
f 3173//4226 3123//4226 3124//4226
f 3173//4225 3172//4225 3123//4225
f 3174//4227 3124//4227 3125//4227
f 3174//4226 3173//4226 3124//4226
f 3175//4228 3125//4228 3126//4228
f 3175//4227 3174//4227 3125//4227
f 3176//4229 3126//4229 3127//4229
f 3176//4228 3175//4228 3126//4228
f 3177//4230 3127//4230 3128//4230
f 3177//4231 3176//4231 3127//4231
f 3178//4232 3128//4232 3129//4232
f 3178//4233 3177//4233 3128//4233
f 3179//4234 3129//4234 3130//4234
f 3179//4232 3178//4232 3129//4232
f 3180//4235 3130//4235 3131//4235
f 3180//4234 3179//4234 3130//4234
f 3181//4236 3131//4236 3132//4236
f 3181//4235 3180//4235 3131//4235
f 3182//4237 3132//4237 3133//4237
f 3182//4236 3181//4236 3132//4236
f 3183//4238 3133//4238 3084//4238
f 3183//4237 3182//4237 3133//4237
f 3134//4238 3183//4238 3084//4238
f 3184//4239 3134//4239 3135//4239
f 3184//4239 3135//4239 3185//4239
f 3186//4240 3185//4240 3135//4240
f 3186//4187 3135//4187 3136//4187
f 3187//4241 3137//4241 3139//4241
f 3188//4242 3137//4242 3187//4242
f 3188//4242 3138//4242 3137//4242
f 3189//4243 3139//4243 3140//4243
f 3189//4241 3187//4241 3139//4241
f 3190//4244 3140//4244 3141//4244
f 3190//4243 3189//4243 3140//4243
f 3191//4245 3141//4245 3142//4245
f 3191//4244 3190//4244 3141//4244
f 3192//4246 3142//4246 3143//4246
f 3192//4245 3191//4245 3142//4245
f 3193//4247 3143//4247 3144//4247
f 3193//4246 3192//4246 3143//4246
f 3194//4248 3144//4248 3145//4248
f 3194//4247 3193//4247 3144//4247
f 3195//4249 3145//4249 3146//4249
f 3195//4248 3194//4248 3145//4248
f 3196//4250 3146//4250 3147//4250
f 3196//4249 3195//4249 3146//4249
f 3197//4251 3147//4251 3148//4251
f 3197//4250 3196//4250 3147//4250
f 3198//4252 3148//4252 3149//4252
f 3198//4251 3197//4251 3148//4251
f 3199//4253 3149//4253 3150//4253
f 3199//4252 3198//4252 3149//4252
f 3200//4254 3150//4254 3151//4254
f 3200//4253 3199//4253 3150//4253
f 3201//4255 3151//4255 3152//4255
f 3201//4254 3200//4254 3151//4254
f 3202//4256 3152//4256 3153//4256
f 3202//4255 3201//4255 3152//4255
f 3203//4257 3153//4257 3154//4257
f 3203//4256 3202//4256 3153//4256
f 3204//4258 3154//4258 3155//4258
f 3204//4257 3203//4257 3154//4257
f 3205//4259 3155//4259 3156//4259
f 3205//4258 3204//4258 3155//4258
f 3206//4260 3156//4260 3157//4260
f 3206//4261 3205//4261 3156//4261
f 3207//4262 3157//4262 3158//4262
f 3207//4260 3206//4260 3157//4260
f 3208//4263 3158//4263 3159//4263
f 3208//4262 3207//4262 3158//4262
f 3209//4264 3159//4264 3160//4264
f 3209//4263 3208//4263 3159//4263
f 3210//4265 3160//4265 3161//4265
f 3210//4264 3209//4264 3160//4264
f 3211//4266 3161//4266 3162//4266
f 3211//4265 3210//4265 3161//4265
f 3212//4267 3162//4267 3163//4267
f 3212//4266 3211//4266 3162//4266
f 3213//4268 3163//4268 3164//4268
f 3213//4267 3212//4267 3163//4267
f 3214//4269 3164//4269 3165//4269
f 3214//4268 3213//4268 3164//4268
f 3215//4270 3165//4270 3166//4270
f 3215//4269 3214//4269 3165//4269
f 3216//4271 3166//4271 3167//4271
f 3216//4270 3215//4270 3166//4270
f 3217//4272 3167//4272 3168//4272
f 3217//4271 3216//4271 3167//4271
f 3218//4273 3168//4273 3169//4273
f 3218//4274 3217//4274 3168//4274
f 3219//4275 3169//4275 3170//4275
f 3219//4273 3218//4273 3169//4273
f 3220//4276 3170//4276 3171//4276
f 3220//4275 3219//4275 3170//4275
f 3221//4277 3171//4277 3172//4277
f 3221//4276 3220//4276 3171//4276
f 3222//4278 3172//4278 3173//4278
f 3222//4277 3221//4277 3172//4277
f 3223//4279 3173//4279 3174//4279
f 3223//4278 3222//4278 3173//4278
f 3224//4280 3174//4280 3175//4280
f 3224//4279 3223//4279 3174//4279
f 3225//4281 3175//4281 3176//4281
f 3225//4280 3224//4280 3175//4280
f 3226//4282 3176//4282 3177//4282
f 3226//4281 3225//4281 3176//4281
f 3227//4283 3177//4283 3178//4283
f 3227//4282 3226//4282 3177//4282
f 3228//4284 3178//4284 3179//4284
f 3228//4283 3227//4283 3178//4283
f 3229//4285 3179//4285 3180//4285
f 3229//4284 3228//4284 3179//4284
f 3230//4286 3180//4286 3181//4286
f 3230//4285 3229//4285 3180//4285
f 3231//4287 3181//4287 3182//4287
f 3231//4286 3230//4286 3181//4286
f 3232//4288 3182//4288 3183//4288
f 3232//4287 3231//4287 3182//4287
f 3233//4289 3183//4289 3134//4289
f 3233//4288 3232//4288 3183//4288
f 3184//4289 3233//4289 3134//4289
f 3234//4290 3184//4290 3185//4290
f 3234//4290 3185//4290 3235//4290
f 3236//4291 3235//4291 3185//4291
f 3236//4240 3185//4240 3186//4240
f 3237//4292 3187//4292 3189//4292
f 3238//4293 3187//4293 3237//4293
f 3238//4293 3188//4293 3187//4293
f 3239//4294 3189//4294 3190//4294
f 3239//4292 3237//4292 3189//4292
f 3240//4295 3190//4295 3191//4295
f 3240//4294 3239//4294 3190//4294
f 3241//4296 3191//4296 3192//4296
f 3241//4295 3240//4295 3191//4295
f 3242//4297 3192//4297 3193//4297
f 3242//4296 3241//4296 3192//4296
f 3243//4298 3193//4298 3194//4298
f 3243//4297 3242//4297 3193//4297
f 3244//4299 3194//4299 3195//4299
f 3244//4298 3243//4298 3194//4298
f 3245//4300 3195//4300 3196//4300
f 3245//4299 3244//4299 3195//4299
f 3246//4301 3196//4301 3197//4301
f 3246//4302 3245//4302 3196//4302
f 3247//4303 3197//4303 3198//4303
f 3247//4301 3246//4301 3197//4301
f 3248//4304 3198//4304 3199//4304
f 3248//4303 3247//4303 3198//4303
f 3249//4305 3199//4305 3200//4305
f 3249//4304 3248//4304 3199//4304
f 3250//4306 3200//4306 3201//4306
f 3250//4305 3249//4305 3200//4305
f 3251//4307 3201//4307 3202//4307
f 3251//4306 3250//4306 3201//4306
f 3252//4308 3202//4308 3203//4308
f 3252//4307 3251//4307 3202//4307
f 3253//4309 3203//4309 3204//4309
f 3253//4308 3252//4308 3203//4308
f 3254//4310 3204//4310 3205//4310
f 3254//4309 3253//4309 3204//4309
f 3255//4311 3205//4311 3206//4311
f 3255//4310 3254//4310 3205//4310
f 3256//4312 3206//4312 3207//4312
f 3256//4311 3255//4311 3206//4311
f 3257//4313 3207//4313 3208//4313
f 3257//4312 3256//4312 3207//4312
f 3258//4314 3208//4314 3209//4314
f 3258//4313 3257//4313 3208//4313
f 3259//4315 3209//4315 3210//4315
f 3259//4314 3258//4314 3209//4314
f 3260//4316 3210//4316 3211//4316
f 3260//4315 3259//4315 3210//4315
f 3261//4317 3211//4317 3212//4317
f 3261//4316 3260//4316 3211//4316
f 3262//4318 3212//4318 3213//4318
f 3262//4317 3261//4317 3212//4317
f 3263//4319 3213//4319 3214//4319
f 3263//4318 3262//4318 3213//4318
f 3264//4320 3214//4320 3215//4320
f 3264//4319 3263//4319 3214//4319
f 3265//4321 3215//4321 3216//4321
f 3265//4320 3264//4320 3215//4320
f 3266//4322 3216//4322 3217//4322
f 3266//4321 3265//4321 3216//4321
f 3267//4323 3217//4323 3218//4323
f 3267//4322 3266//4322 3217//4322
f 3268//4324 3218//4324 3219//4324
f 3268//4323 3267//4323 3218//4323
f 3269//4325 3219//4325 3220//4325
f 3269//4324 3268//4324 3219//4324
f 3270//4326 3220//4326 3221//4326
f 3270//4325 3269//4325 3220//4325
f 3271//4327 3221//4327 3222//4327
f 3271//4326 3270//4326 3221//4326
f 3272//4328 3222//4328 3223//4328
f 3272//4327 3271//4327 3222//4327
f 3273//4329 3223//4329 3224//4329
f 3273//4328 3272//4328 3223//4328
f 3274//4330 3224//4330 3225//4330
f 3274//4329 3273//4329 3224//4329
f 3275//4331 3225//4331 3226//4331
f 3275//4330 3274//4330 3225//4330
f 3276//4332 3226//4332 3227//4332
f 3276//4331 3275//4331 3226//4331
f 3277//4333 3227//4333 3228//4333
f 3277//4332 3276//4332 3227//4332
f 3278//4334 3228//4334 3229//4334
f 3278//4333 3277//4333 3228//4333
f 3279//4335 3229//4335 3230//4335
f 3279//4334 3278//4334 3229//4334
f 3280//4336 3230//4336 3231//4336
f 3280//4335 3279//4335 3230//4335
f 3281//4337 3231//4337 3232//4337
f 3281//4336 3280//4336 3231//4336
f 3282//4338 3232//4338 3233//4338
f 3282//4337 3281//4337 3232//4337
f 3283//4339 3233//4339 3184//4339
f 3283//4338 3282//4338 3233//4338
f 3234//4339 3283//4339 3184//4339
f 3284//4340 3234//4340 3235//4340
f 3285//4340 3284//4340 3235//4340
f 3286//4341 3285//4341 3235//4341
f 3286//4291 3235//4291 3236//4291
f 3287//4342 3237//4342 3239//4342
f 3288//4343 3237//4343 3287//4343
f 3288//4343 3238//4343 3237//4343
f 3289//4344 3239//4344 3240//4344
f 3289//4342 3287//4342 3239//4342
f 3290//4345 3240//4345 3241//4345
f 3290//4344 3289//4344 3240//4344
f 3291//4346 3241//4346 3242//4346
f 3291//4345 3290//4345 3241//4345
f 3292//4347 3242//4347 3243//4347
f 3292//4346 3291//4346 3242//4346
f 3293//4348 3243//4348 3244//4348
f 3293//4347 3292//4347 3243//4347
f 3294//4349 3244//4349 3245//4349
f 3294//4348 3293//4348 3244//4348
f 3295//4350 3245//4350 3246//4350
f 3295//4349 3294//4349 3245//4349
f 3296//4351 3246//4351 3247//4351
f 3296//4352 3295//4352 3246//4352
f 3297//4353 3247//4353 3248//4353
f 3297//4351 3296//4351 3247//4351
f 3298//4354 3248//4354 3249//4354
f 3298//4353 3297//4353 3248//4353
f 3299//4355 3249//4355 3250//4355
f 3299//4354 3298//4354 3249//4354
f 3300//4356 3250//4356 3251//4356
f 3300//4355 3299//4355 3250//4355
f 3301//4357 3251//4357 3252//4357
f 3301//4356 3300//4356 3251//4356
f 3302//4358 3252//4358 3253//4358
f 3302//4357 3301//4357 3252//4357
f 3303//4359 3253//4359 3254//4359
f 3303//4358 3302//4358 3253//4358
f 3304//4360 3254//4360 3255//4360
f 3304//4359 3303//4359 3254//4359
f 3305//4361 3255//4361 3256//4361
f 3305//4360 3304//4360 3255//4360
f 3306//4362 3256//4362 3257//4362
f 3306//4361 3305//4361 3256//4361
f 3307//4363 3257//4363 3258//4363
f 3307//4362 3306//4362 3257//4362
f 3308//4364 3258//4364 3259//4364
f 3308//4363 3307//4363 3258//4363
f 3309//4365 3259//4365 3260//4365
f 3309//4364 3308//4364 3259//4364
f 3310//4366 3260//4366 3261//4366
f 3310//4365 3309//4365 3260//4365
f 3311//616 3261//616 3262//616
f 3311//4366 3310//4366 3261//4366
f 3312//4367 3262//4367 3263//4367
f 3312//616 3311//616 3262//616
f 3313//4368 3263//4368 3264//4368
f 3313//4367 3312//4367 3263//4367
f 3314//4369 3264//4369 3265//4369
f 3314//4368 3313//4368 3264//4368
f 3315//4370 3265//4370 3266//4370
f 3315//4369 3314//4369 3265//4369
f 3316//4371 3266//4371 3267//4371
f 3316//4370 3315//4370 3266//4370
f 3317//4372 3267//4372 3268//4372
f 3317//4371 3316//4371 3267//4371
f 3318//4373 3268//4373 3269//4373
f 3318//4372 3317//4372 3268//4372
f 3319//4374 3269//4374 3270//4374
f 3319//4373 3318//4373 3269//4373
f 3320//4375 3270//4375 3271//4375
f 3320//4374 3319//4374 3270//4374
f 3321//4376 3271//4376 3272//4376
f 3321//4375 3320//4375 3271//4375
f 3322//4377 3272//4377 3273//4377
f 3322//4376 3321//4376 3272//4376
f 3323//4378 3273//4378 3274//4378
f 3323//4377 3322//4377 3273//4377
f 3324//4379 3274//4379 3275//4379
f 3324//4378 3323//4378 3274//4378
f 3325//4380 3275//4380 3276//4380
f 3325//4379 3324//4379 3275//4379
f 3326//4381 3276//4381 3277//4381
f 3326//4380 3325//4380 3276//4380
f 3327//4382 3277//4382 3278//4382
f 3327//4381 3326//4381 3277//4381
f 3328//4383 3278//4383 3279//4383
f 3328//4384 3327//4384 3278//4384
f 3329//4385 3279//4385 3280//4385
f 3329//4383 3328//4383 3279//4383
f 3330//4386 3280//4386 3281//4386
f 3330//4385 3329//4385 3280//4385
f 3331//4387 3281//4387 3282//4387
f 3331//4386 3330//4386 3281//4386
f 3332//4388 3282//4388 3283//4388
f 3332//4387 3331//4387 3282//4387
f 3333//4389 3283//4389 3234//4389
f 3333//4388 3332//4388 3283//4388
f 3284//4389 3333//4389 3234//4389
f 3334//4390 3287//4390 3289//4390
f 3335//4391 3287//4391 3334//4391
f 3288//4392 3287//4392 3335//4392
f 3336//4393 3289//4393 3290//4393
f 3336//4394 3334//4394 3289//4394
f 3337//4395 3290//4395 3291//4395
f 3337//4396 3336//4396 3290//4396
f 3338//4397 3291//4397 3292//4397
f 3338//4398 3337//4398 3291//4398
f 3339//4399 3292//4399 3293//4399
f 3339//4400 3338//4400 3292//4400
f 3340//4401 3293//4401 3294//4401
f 3340//4402 3339//4402 3293//4402
f 3341//4403 3294//4403 3295//4403
f 3341//4404 3340//4404 3294//4404
f 3342//4405 3295//4405 3296//4405
f 3342//4406 3341//4406 3295//4406
f 3343//4407 3296//4407 3297//4407
f 3343//4408 3342//4408 3296//4408
f 3344//4409 3297//4409 3298//4409
f 3344//4410 3343//4410 3297//4410
f 3345//4411 3298//4411 3299//4411
f 3345//4412 3344//4412 3298//4412
f 3346//4413 3299//4413 3300//4413
f 3346//4414 3345//4414 3299//4414
f 3347//4415 3300//4415 3301//4415
f 3347//4416 3346//4416 3300//4416
f 3348//4417 3301//4417 3302//4417
f 3348//4418 3347//4418 3301//4418
f 3349//4419 3302//4419 3303//4419
f 3349//4420 3348//4420 3302//4420
f 3350//4421 3303//4421 3304//4421
f 3350//4422 3349//4422 3303//4422
f 3351//4423 3304//4423 3305//4423
f 3351//4424 3350//4424 3304//4424
f 3352//4425 3305//4425 3306//4425
f 3352//4426 3351//4426 3305//4426
f 3353//4427 3306//4427 3307//4427
f 3353//4428 3352//4428 3306//4428
f 3354//4429 3307//4429 3308//4429
f 3354//4430 3353//4430 3307//4430
f 3355//4431 3308//4431 3309//4431
f 3355//4432 3354//4432 3308//4432
f 3356//4433 3309//4433 3310//4433
f 3356//4434 3355//4434 3309//4434
f 3357//4435 3310//4435 3311//4435
f 3357//4436 3356//4436 3310//4436
f 3358//4437 3311//4437 3312//4437
f 3358//4438 3357//4438 3311//4438
f 3359//4439 3312//4439 3313//4439
f 3359//4440 3358//4440 3312//4440
f 3360//4441 3313//4441 3314//4441
f 3360//4442 3359//4442 3313//4442
f 3361//4443 3314//4443 3315//4443
f 3361//4444 3360//4444 3314//4444
f 3362//4445 3315//4445 3316//4445
f 3362//4446 3361//4446 3315//4446
f 3363//4447 3316//4447 3317//4447
f 3363//4448 3362//4448 3316//4448
f 3364//4449 3317//4449 3318//4449
f 3364//4450 3363//4450 3317//4450
f 3365//4451 3318//4451 3319//4451
f 3365//4452 3364//4452 3318//4452
f 3366//4453 3319//4453 3320//4453
f 3366//4454 3365//4454 3319//4454
f 3367//4455 3320//4455 3321//4455
f 3367//4456 3366//4456 3320//4456
f 3368//4457 3321//4457 3322//4457
f 3368//4458 3367//4458 3321//4458
f 3369//4459 3322//4459 3323//4459
f 3369//4460 3368//4460 3322//4460
f 3370//4461 3323//4461 3324//4461
f 3370//4462 3369//4462 3323//4462
f 3371//4463 3324//4463 3325//4463
f 3371//4464 3370//4464 3324//4464
f 3372//4465 3325//4465 3326//4465
f 3372//4466 3371//4466 3325//4466
f 3373//4467 3326//4467 3327//4467
f 3373//4468 3372//4468 3326//4468
f 3374//4469 3327//4469 3328//4469
f 3374//4470 3373//4470 3327//4470
f 3375//4471 3328//4471 3329//4471
f 3375//4472 3374//4472 3328//4472
f 3376//4473 3329//4473 3330//4473
f 3376//4474 3375//4474 3329//4474
f 3377//4475 3330//4475 3331//4475
f 3377//4476 3376//4476 3330//4476
f 3378//4477 3331//4477 3332//4477
f 3378//4478 3377//4478 3331//4478
f 3379//4479 3332//4479 3333//4479
f 3379//4480 3378//4480 3332//4480
f 3380//4481 3333//4481 3284//4481
f 3380//4482 3379//4482 3333//4482
f 3380//4483 3284//4483 3285//4483
f 3381//4484 3380//4484 3285//4484
f 3382//4485 3381//4485 3285//4485
f 3382//4341 3285//4341 3286//4341
f 3383//2582 3334//2582 3336//2582
f 3384//2582 3335//2582 3334//2582
f 3383//2582 3384//2582 3334//2582
f 3385//2582 3336//2582 3337//2582
f 3386//2582 3383//2582 3336//2582
f 3385//2582 3386//2582 3336//2582
f 3387//2582 3337//2582 3338//2582
f 3387//2582 3385//2582 3337//2582
f 3388//2582 3338//2582 3339//2582
f 3388//2582 3387//2582 3338//2582
f 3389//2582 3339//2582 3340//2582
f 3389//2582 3388//2582 3339//2582
f 3390//2582 3340//2582 3341//2582
f 3390//2582 3389//2582 3340//2582
f 3391//2582 3341//2582 3342//2582
f 3391//2582 3390//2582 3341//2582
f 3392//2582 3342//2582 3343//2582
f 3392//2582 3391//2582 3342//2582
f 3393//2582 3343//2582 3344//2582
f 3393//2582 3392//2582 3343//2582
f 3394//2582 3344//2582 3345//2582
f 3394//2582 3393//2582 3344//2582
f 3395//2582 3345//2582 3346//2582
f 3395//2582 3394//2582 3345//2582
f 3396//2582 3346//2582 3347//2582
f 3396//2582 3395//2582 3346//2582
f 3397//2582 3347//2582 3348//2582
f 3397//2582 3396//2582 3347//2582
f 3398//2582 3348//2582 3349//2582
f 3398//2582 3397//2582 3348//2582
f 3399//2582 3349//2582 3350//2582
f 3399//2582 3398//2582 3349//2582
f 3400//2582 3350//2582 3351//2582
f 3400//2582 3399//2582 3350//2582
f 3401//2582 3351//2582 3352//2582
f 3401//2582 3400//2582 3351//2582
f 3402//2582 3352//2582 3353//2582
f 3402//2582 3401//2582 3352//2582
f 3403//2582 3353//2582 3354//2582
f 3403//2582 3402//2582 3353//2582
f 3404//2582 3354//2582 3355//2582
f 3404//2582 3403//2582 3354//2582
f 3405//2582 3355//2582 3356//2582
f 3405//2582 3404//2582 3355//2582
f 3406//2582 3356//2582 3357//2582
f 3407//2582 3405//2582 3356//2582
f 3406//2582 3407//2582 3356//2582
f 3359//2582 3357//2582 3358//2582
f 3360//2582 3357//2582 3359//2582
f 3406//2582 3357//2582 3360//2582
f 3408//2582 3360//2582 3361//2582
f 3408//2582 3406//2582 3360//2582
f 3409//2582 3361//2582 3362//2582
f 3410//2582 3408//2582 3361//2582
f 3409//2582 3410//2582 3361//2582
f 3411//2582 3362//2582 3363//2582
f 3411//2582 3409//2582 3362//2582
f 3412//2582 3363//2582 3364//2582
f 3412//2582 3411//2582 3363//2582
f 3413//2582 3364//2582 3365//2582
f 3413//2582 3412//2582 3364//2582
f 3414//2582 3365//2582 3366//2582
f 3414//2582 3413//2582 3365//2582
f 3415//2582 3366//2582 3367//2582
f 3415//2582 3414//2582 3366//2582
f 3416//2582 3367//2582 3368//2582
f 3416//2582 3415//2582 3367//2582
f 3417//2582 3368//2582 3369//2582
f 3417//2582 3416//2582 3368//2582
f 3418//2582 3369//2582 3370//2582
f 3418//2582 3417//2582 3369//2582
f 3419//2582 3370//2582 3371//2582
f 3419//2582 3418//2582 3370//2582
f 3420//2582 3371//2582 3372//2582
f 3420//2582 3419//2582 3371//2582
f 3421//2582 3372//2582 3373//2582
f 3421//2582 3420//2582 3372//2582
f 3422//2582 3373//2582 3374//2582
f 3422//2582 3421//2582 3373//2582
f 3423//2582 3374//2582 3375//2582
f 3423//2582 3422//2582 3374//2582
f 3424//2582 3375//2582 3376//2582
f 3424//2582 3423//2582 3375//2582
f 3425//2582 3376//2582 3377//2582
f 3425//2582 3424//2582 3376//2582
f 3426//2582 3377//2582 3378//2582
f 3426//2582 3425//2582 3377//2582
f 3427//2582 3378//2582 3379//2582
f 3427//2582 3426//2582 3378//2582
f 3428//2582 3379//2582 3380//2582
f 3428//2582 3427//2582 3379//2582
f 3429//2582 3380//2582 3381//2582
f 3429//2582 3428//2582 3380//2582
f 3430//2582 3381//2582 3431//2582
f 3382//4486 3431//4486 3381//4486
f 3429//2582 3381//2582 3430//2582
f 3432//2582 3433//2582 3335//2582
f 3434//4487 3335//4487 3433//4487
f 3384//2582 3432//2582 3335//2582
f 3288//4488 3335//4488 3434//4488
f 3435//2582 3436//2582 3433//2582
f 3437//4489 3433//4489 3436//4489
f 3432//2582 3435//2582 3433//2582
f 3434//4490 3433//4490 3437//4490
f 3438//2582 3439//2582 3436//2582
f 3440//4491 3436//4491 3439//4491
f 3435//2582 3438//2582 3436//2582
f 3437//4492 3436//4492 3440//4492
f 3441//2582 3442//2582 3439//2582
f 3443//4493 3439//4493 3442//4493
f 3438//2582 3441//2582 3439//2582
f 3440//4494 3439//4494 3443//4494
f 3444//2582 3445//2582 3442//2582
f 3446//4495 3442//4495 3445//4495
f 3441//2582 3444//2582 3442//2582
f 3443//4496 3442//4496 3446//4496
f 3447//2582 3448//2582 3445//2582
f 3449//4497 3445//4497 3448//4497
f 3444//2582 3447//2582 3445//2582
f 3446//4498 3445//4498 3449//4498
f 3450//2582 3451//2582 3448//2582
f 3452//4499 3448//4499 3451//4499
f 3447//2582 3450//2582 3448//2582
f 3449//4500 3448//4500 3452//4500
f 3453//2582 3454//2582 3451//2582
f 3455//4501 3451//4501 3454//4501
f 3450//2582 3453//2582 3451//2582
f 3452//4502 3451//4502 3455//4502
f 3456//2582 3457//2582 3454//2582
f 3458//4503 3454//4503 3457//4503
f 3453//2582 3456//2582 3454//2582
f 3455//4504 3454//4504 3458//4504
f 3459//2582 3460//2582 3457//2582
f 3461//4505 3457//4505 3460//4505
f 3456//2582 3459//2582 3457//2582
f 3458//4506 3457//4506 3461//4506
f 3462//2582 3463//2582 3460//2582
f 3464//4507 3460//4507 3463//4507
f 3459//2582 3462//2582 3460//2582
f 3461//4508 3460//4508 3464//4508
f 3465//2582 3466//2582 3463//2582
f 3467//4509 3463//4509 3466//4509
f 3462//2582 3465//2582 3463//2582
f 3464//4510 3463//4510 3467//4510
f 3468//2582 3469//2582 3466//2582
f 3470//4511 3466//4511 3469//4511
f 3465//2582 3468//2582 3466//2582
f 3467//4512 3466//4512 3470//4512
f 3471//2582 3472//2582 3469//2582
f 3473//4513 3469//4513 3472//4513
f 3468//2582 3471//2582 3469//2582
f 3470//4514 3469//4514 3473//4514
f 3474//2582 3475//2582 3472//2582
f 3476//4515 3472//4515 3475//4515
f 3471//2582 3474//2582 3472//2582
f 3473//4516 3472//4516 3476//4516
f 3477//2582 3478//2582 3475//2582
f 3479//4517 3475//4517 3478//4517
f 3474//2582 3477//2582 3475//2582
f 3476//4518 3475//4518 3479//4518
f 3480//2582 3481//2582 3478//2582
f 3482//4519 3478//4519 3481//4519
f 3477//2582 3480//2582 3478//2582
f 3479//4520 3478//4520 3482//4520
f 3483//2582 3484//2582 3481//2582
f 3485//4521 3481//4521 3484//4521
f 3480//2582 3483//2582 3481//2582
f 3482//4522 3481//4522 3485//4522
f 3486//2582 3487//2582 3484//2582
f 3488//4523 3484//4523 3487//4523
f 3483//2582 3486//2582 3484//2582
f 3485//4524 3484//4524 3488//4524
f 3489//2582 3490//2582 3487//2582
f 3491//4525 3487//4525 3490//4525
f 3492//2582 3489//2582 3487//2582
f 3486//2582 3492//2582 3487//2582
f 3488//4526 3487//4526 3491//4526
f 3493//2582 3494//2582 3490//2582
f 3495//4527 3490//4527 3494//4527
f 3496//2582 3493//2582 3490//2582
f 3489//2582 3496//2582 3490//2582
f 3491//4528 3490//4528 3495//4528
f 3493//2582 3497//2582 3494//2582
f 3498//4529 3494//4529 3497//4529
f 3495//4530 3494//4530 3498//4530
f 3499//4531 3497//4531 3493//4531
f 3498//4532 3497//4532 3499//4532
f 3496//2582 3500//2582 3493//2582
f 3501//4533 3493//4533 3500//4533
f 3499//4534 3493//4534 3501//4534
f 3502//2582 3503//2582 3500//2582
f 3504//4535 3500//4535 3503//4535
f 3505//2582 3502//2582 3500//2582
f 3496//2582 3505//2582 3500//2582
f 3501//4536 3500//4536 3504//4536
f 3506//2582 3507//2582 3503//2582
f 3508//4537 3503//4537 3507//4537
f 3502//2582 3506//2582 3503//2582
f 3504//4538 3503//4538 3508//4538
f 3509//2582 3510//2582 3507//2582
f 3511//4539 3507//4539 3510//4539
f 3506//2582 3509//2582 3507//2582
f 3508//4540 3507//4540 3511//4540
f 3512//2582 3513//2582 3510//2582
f 3514//4541 3510//4541 3513//4541
f 3509//2582 3512//2582 3510//2582
f 3511//4542 3510//4542 3514//4542
f 3515//2582 3516//2582 3513//2582
f 3517//4543 3513//4543 3516//4543
f 3512//2582 3515//2582 3513//2582
f 3514//4544 3513//4544 3517//4544
f 3518//2582 3519//2582 3516//2582
f 3520//4545 3516//4545 3519//4545
f 3515//2582 3518//2582 3516//2582
f 3517//4546 3516//4546 3520//4546
f 3521//2582 3522//2582 3519//2582
f 3523//4547 3519//4547 3522//4547
f 3518//2582 3521//2582 3519//2582
f 3520//4548 3519//4548 3523//4548
f 3524//2582 3525//2582 3522//2582
f 3526//4549 3522//4549 3525//4549
f 3521//2582 3524//2582 3522//2582
f 3523//4550 3522//4550 3526//4550
f 3527//2582 3528//2582 3525//2582
f 3529//4551 3525//4551 3528//4551
f 3524//2582 3527//2582 3525//2582
f 3526//4552 3525//4552 3529//4552
f 3530//2582 3531//2582 3528//2582
f 3532//4553 3528//4553 3531//4553
f 3527//2582 3530//2582 3528//2582
f 3529//4554 3528//4554 3532//4554
f 3533//2582 3534//2582 3531//2582
f 3535//4555 3531//4555 3534//4555
f 3530//2582 3533//2582 3531//2582
f 3532//4556 3531//4556 3535//4556
f 3536//2582 3537//2582 3534//2582
f 3538//4557 3534//4557 3537//4557
f 3533//2582 3536//2582 3534//2582
f 3535//4558 3534//4558 3538//4558
f 3539//2582 3540//2582 3537//2582
f 3541//4559 3537//4559 3540//4559
f 3536//2582 3539//2582 3537//2582
f 3538//4560 3537//4560 3541//4560
f 3542//2582 3543//2582 3540//2582
f 3544//4561 3540//4561 3543//4561
f 3539//2582 3542//2582 3540//2582
f 3541//4562 3540//4562 3544//4562
f 3545//2582 3546//2582 3543//2582
f 3547//4563 3543//4563 3546//4563
f 3542//2582 3545//2582 3543//2582
f 3544//4564 3543//4564 3547//4564
f 3548//2582 3549//2582 3546//2582
f 3550//4565 3546//4565 3549//4565
f 3545//2582 3548//2582 3546//2582
f 3547//4566 3546//4566 3550//4566
f 3551//2582 3552//2582 3549//2582
f 3553//4567 3549//4567 3552//4567
f 3548//2582 3551//2582 3549//2582
f 3550//4568 3549//4568 3553//4568
f 3554//2582 3555//2582 3552//2582
f 3556//4569 3552//4569 3555//4569
f 3551//2582 3554//2582 3552//2582
f 3553//4570 3552//4570 3556//4570
f 3557//2582 3558//2582 3555//2582
f 3559//4571 3555//4571 3558//4571
f 3554//2582 3557//2582 3555//2582
f 3556//4572 3555//4572 3559//4572
f 3560//2582 3431//2582 3558//2582
f 3561//4573 3558//4573 3431//4573
f 3557//2582 3560//2582 3558//2582
f 3559//4574 3558//4574 3561//4574
f 3562//2582 3430//2582 3431//2582
f 3560//2582 3562//2582 3431//2582
f 3561//4575 3431//4575 3382//4575
f 3563//4576 3430//4576 3562//4576
f 3564//4577 3429//4577 3430//4577
f 3563//4578 3564//4578 3430//4578
f 3565//4579 3562//4579 3560//4579
f 3565//4580 3563//4580 3562//4580
f 3566//4581 3560//4581 3557//4581
f 3566//4582 3565//4582 3560//4582
f 3567//4583 3557//4583 3554//4583
f 3567//4584 3566//4584 3557//4584
f 3568//4585 3554//4585 3551//4585
f 3568//4586 3567//4586 3554//4586
f 3569//4587 3551//4587 3548//4587
f 3569//4588 3568//4588 3551//4588
f 3570//4589 3548//4589 3545//4589
f 3570//4590 3569//4590 3548//4590
f 3571//4591 3545//4591 3542//4591
f 3571//4592 3570//4592 3545//4592
f 3572//4593 3542//4593 3539//4593
f 3572//4594 3571//4594 3542//4594
f 3573//4595 3539//4595 3536//4595
f 3573//4596 3572//4596 3539//4596
f 3574//4597 3536//4597 3533//4597
f 3574//4598 3573//4598 3536//4598
f 3575//4599 3533//4599 3530//4599
f 3575//4600 3574//4600 3533//4600
f 3576//4601 3530//4601 3527//4601
f 3576//4599 3575//4599 3530//4599
f 3577//4602 3527//4602 3524//4602
f 3577//4603 3576//4603 3527//4603
f 3578//4604 3524//4604 3521//4604
f 3578//4605 3577//4605 3524//4605
f 3579//4606 3521//4606 3518//4606
f 3579//4607 3578//4607 3521//4607
f 3580//4608 3518//4608 3515//4608
f 3580//4609 3579//4609 3518//4609
f 3581//4610 3515//4610 3512//4610
f 3581//4611 3580//4611 3515//4611
f 3582//4612 3512//4612 3509//4612
f 3582//4613 3581//4613 3512//4613
f 3583//4614 3509//4614 3506//4614
f 3583//4615 3582//4615 3509//4615
f 3584//4616 3506//4616 3502//4616
f 3584//4617 3583//4617 3506//4617
f 3585//4618 3502//4618 3505//4618
f 3585//4616 3584//4616 3502//4616
f 3586//4619 3505//4619 3496//4619
f 3586//4620 3585//4620 3505//4620
f 3587//4621 3496//4621 3489//4621
f 3587//4622 3586//4622 3496//4622
f 3588//4623 3489//4623 3492//4623
f 3588//4624 3587//4624 3489//4624
f 3589//4625 3492//4625 3486//4625
f 3589//4626 3588//4626 3492//4626
f 3590//4627 3486//4627 3483//4627
f 3590//4625 3589//4625 3486//4625
f 3591//4628 3483//4628 3480//4628
f 3591//4629 3590//4629 3483//4629
f 3592//4630 3480//4630 3477//4630
f 3592//4631 3591//4631 3480//4631
f 3593//4632 3477//4632 3474//4632
f 3593//4633 3592//4633 3477//4633
f 3594//4634 3474//4634 3471//4634
f 3594//4635 3593//4635 3474//4635
f 3595//4636 3471//4636 3468//4636
f 3595//4637 3594//4637 3471//4637
f 3596//4638 3468//4638 3465//4638
f 3596//4639 3595//4639 3468//4639
f 3597//4640 3465//4640 3462//4640
f 3597//4641 3596//4641 3465//4641
f 3598//4642 3462//4642 3459//4642
f 3598//4643 3597//4643 3462//4643
f 3599//4644 3459//4644 3456//4644
f 3599//4642 3598//4642 3459//4642
f 3600//4645 3456//4645 3453//4645
f 3600//4646 3599//4646 3456//4646
f 3601//4647 3453//4647 3450//4647
f 3601//4648 3600//4648 3453//4648
f 3602//4649 3450//4649 3447//4649
f 3602//4650 3601//4650 3450//4650
f 3603//4651 3447//4651 3444//4651
f 3603//4652 3602//4652 3447//4652
f 3604//4653 3444//4653 3441//4653
f 3604//4654 3603//4654 3444//4654
f 3605//4655 3441//4655 3438//4655
f 3605//4656 3604//4656 3441//4656
f 3606//4657 3438//4657 3435//4657
f 3606//4658 3605//4658 3438//4658
f 3607//4659 3435//4659 3432//4659
f 3607//4660 3606//4660 3435//4660
f 3608//4661 3432//4661 3384//4661
f 3608//4662 3607//4662 3432//4662
f 3609//4663 3384//4663 3383//4663
f 3609//4664 3608//4664 3384//4664
f 3610//4665 3383//4665 3386//4665
f 3609//4666 3383//4666 3610//4666
f 3611//4667 3386//4667 3385//4667
f 3611//4668 3610//4668 3386//4668
f 3612//4669 3385//4669 3387//4669
f 3612//4670 3611//4670 3385//4670
f 3613//4671 3387//4671 3388//4671
f 3613//4672 3612//4672 3387//4672
f 3614//4673 3388//4673 3389//4673
f 3614//4674 3613//4674 3388//4674
f 3615//4675 3389//4675 3390//4675
f 3615//4676 3614//4676 3389//4676
f 3616//4677 3390//4677 3391//4677
f 3616//4678 3615//4678 3390//4678
f 3617//4679 3391//4679 3392//4679
f 3617//4680 3616//4680 3391//4680
f 3618//4681 3392//4681 3393//4681
f 3618//4682 3617//4682 3392//4682
f 3619//4683 3393//4683 3394//4683
f 3619//4684 3618//4684 3393//4684
f 3620//4685 3394//4685 3395//4685
f 3620//4686 3619//4686 3394//4686
f 3621//600 3395//600 3396//600
f 3621//4687 3620//4687 3395//4687
f 3622//4688 3396//4688 3397//4688
f 3622//600 3621//600 3396//600
f 3623//4689 3397//4689 3398//4689
f 3623//4690 3622//4690 3397//4690
f 3624//4691 3398//4691 3399//4691
f 3624//4692 3623//4692 3398//4692
f 3625//4693 3399//4693 3400//4693
f 3625//4694 3624//4694 3399//4694
f 3626//4695 3400//4695 3401//4695
f 3626//4696 3625//4696 3400//4696
f 3627//4697 3401//4697 3402//4697
f 3627//4698 3626//4698 3401//4698
f 3628//4699 3402//4699 3403//4699
f 3628//4700 3627//4700 3402//4700
f 3629//4701 3403//4701 3404//4701
f 3629//4702 3628//4702 3403//4702
f 3630//4703 3404//4703 3405//4703
f 3630//4704 3629//4704 3404//4704
f 3631//4705 3405//4705 3407//4705
f 3631//4703 3630//4703 3405//4703
f 3632//4706 3407//4706 3406//4706
f 3632//4707 3631//4707 3407//4707
f 3633//4708 3406//4708 3408//4708
f 3633//4709 3632//4709 3406//4709
f 3634//4710 3408//4710 3410//4710
f 3634//4711 3633//4711 3408//4711
f 3635//4712 3410//4712 3409//4712
f 3635//4713 3634//4713 3410//4713
f 3636//4714 3409//4714 3411//4714
f 3636//4712 3635//4712 3409//4712
f 3637//4715 3411//4715 3412//4715
f 3637//4716 3636//4716 3411//4716
f 3638//4717 3412//4717 3413//4717
f 3638//4718 3637//4718 3412//4718
f 3639//4719 3413//4719 3414//4719
f 3639//4720 3638//4720 3413//4720
f 3640//4721 3414//4721 3415//4721
f 3640//4722 3639//4722 3414//4722
f 3641//4723 3415//4723 3416//4723
f 3641//4724 3640//4724 3415//4724
f 3642//4725 3416//4725 3417//4725
f 3642//4726 3641//4726 3416//4726
f 3643//4727 3417//4727 3418//4727
f 3643//4728 3642//4728 3417//4728
f 3644//4729 3418//4729 3419//4729
f 3644//4730 3643//4730 3418//4730
f 3645//4731 3419//4731 3420//4731
f 3645//4729 3644//4729 3419//4729
f 3646//4732 3420//4732 3421//4732
f 3646//4733 3645//4733 3420//4733
f 3647//4734 3421//4734 3422//4734
f 3647//4735 3646//4735 3421//4735
f 3648//4736 3422//4736 3423//4736
f 3648//4737 3647//4737 3422//4737
f 3649//4738 3423//4738 3424//4738
f 3649//4739 3648//4739 3423//4739
f 3650//4740 3424//4740 3425//4740
f 3650//4741 3649//4741 3424//4741
f 3651//4742 3425//4742 3426//4742
f 3651//4743 3650//4743 3425//4743
f 3652//4744 3426//4744 3427//4744
f 3652//4745 3651//4745 3426//4745
f 3653//4746 3427//4746 3428//4746
f 3653//4747 3652//4747 3427//4747
f 3654//4748 3428//4748 3429//4748
f 3654//4749 3653//4749 3428//4749
f 3564//4750 3654//4750 3429//4750
f 3655//4751 3610//4751 3611//4751
f 3656//4752 3610//4752 3655//4752
f 3609//4753 3610//4753 3656//4753
f 3657//4754 3611//4754 3612//4754
f 3658//4755 3655//4755 3611//4755
f 3657//4756 3658//4756 3611//4756
f 3659//4757 3612//4757 3613//4757
f 3660//4758 3657//4758 3612//4758
f 3659//4759 3660//4759 3612//4759
f 3661//4760 3613//4760 3614//4760
f 3662//4761 3659//4761 3613//4761
f 3661//4762 3662//4762 3613//4762
f 3663//4763 3614//4763 3615//4763
f 3664//4764 3661//4764 3614//4764
f 3663//4765 3664//4765 3614//4765
f 3665//4766 3615//4766 3616//4766
f 3666//4767 3663//4767 3615//4767
f 3665//4768 3666//4768 3615//4768
f 3667//4769 3616//4769 3617//4769
f 3668//4770 3665//4770 3616//4770
f 3667//4771 3668//4771 3616//4771
f 3669//4772 3617//4772 3618//4772
f 3670//4773 3667//4773 3617//4773
f 3669//4774 3670//4774 3617//4774
f 3671//4775 3618//4775 3619//4775
f 3672//4776 3669//4776 3618//4776
f 3671//4777 3672//4777 3618//4777
f 3673//4778 3619//4778 3620//4778
f 3674//4779 3671//4779 3619//4779
f 3673//4780 3674//4780 3619//4780
f 3675//4781 3620//4781 3621//4781
f 3676//4782 3673//4782 3620//4782
f 3675//4783 3676//4783 3620//4783
f 3677//4784 3621//4784 3622//4784
f 3678//4785 3675//4785 3621//4785
f 3677//4786 3678//4786 3621//4786
f 3679//4787 3622//4787 3623//4787
f 3680//4784 3677//4784 3622//4784
f 3679//4788 3680//4788 3622//4788
f 3681//4789 3623//4789 3624//4789
f 3682//4790 3679//4790 3623//4790
f 3681//4791 3682//4791 3623//4791
f 3683//4792 3624//4792 3625//4792
f 3684//4793 3681//4793 3624//4793
f 3683//4794 3684//4794 3624//4794
f 3685//4795 3625//4795 3626//4795
f 3686//4796 3683//4796 3625//4796
f 3685//4797 3686//4797 3625//4797
f 3687//4798 3626//4798 3627//4798
f 3688//4799 3685//4799 3626//4799
f 3687//4800 3688//4800 3626//4800
f 3689//4801 3627//4801 3628//4801
f 3690//4802 3687//4802 3627//4802
f 3689//4803 3690//4803 3627//4803
f 3691//4804 3628//4804 3629//4804
f 3692//4805 3689//4805 3628//4805
f 3691//4806 3692//4806 3628//4806
f 3693//4807 3629//4807 3630//4807
f 3694//4808 3691//4808 3629//4808
f 3693//4809 3694//4809 3629//4809
f 3695//4810 3630//4810 3631//4810
f 3696//4811 3693//4811 3630//4811
f 3695//4812 3696//4812 3630//4812
f 3697//4813 3631//4813 3632//4813
f 3698//4814 3695//4814 3631//4814
f 3697//4815 3698//4815 3631//4815
f 3699//4816 3632//4816 3633//4816
f 3700//4817 3697//4817 3632//4817
f 3699//4818 3700//4818 3632//4818
f 3701//4819 3633//4819 3634//4819
f 3701//4820 3699//4820 3633//4820
f 3702//4821 3634//4821 3635//4821
f 3703//4822 3701//4822 3634//4822
f 3702//4823 3703//4823 3634//4823
f 3704//4824 3635//4824 3636//4824
f 3705//4825 3702//4825 3635//4825
f 3704//4826 3705//4826 3635//4826
f 3706//4827 3636//4827 3637//4827
f 3707//4828 3704//4828 3636//4828
f 3706//4829 3707//4829 3636//4829
f 3708//4830 3637//4830 3638//4830
f 3709//4831 3706//4831 3637//4831
f 3708//4832 3709//4832 3637//4832
f 3710//4833 3638//4833 3639//4833
f 3711//4834 3708//4834 3638//4834
f 3710//4835 3711//4835 3638//4835
f 3712//4836 3639//4836 3640//4836
f 3713//4837 3710//4837 3639//4837
f 3712//4838 3713//4838 3639//4838
f 3714//4839 3640//4839 3641//4839
f 3715//4840 3712//4840 3640//4840
f 3714//4841 3715//4841 3640//4841
f 3716//4842 3641//4842 3642//4842
f 3717//4843 3714//4843 3641//4843
f 3716//4844 3717//4844 3641//4844
f 3718//4845 3642//4845 3643//4845
f 3719//4846 3716//4846 3642//4846
f 3718//4847 3719//4847 3642//4847
f 3720//4848 3643//4848 3644//4848
f 3721//4849 3718//4849 3643//4849
f 3720//4850 3721//4850 3643//4850
f 3722//4851 3644//4851 3645//4851
f 3723//4852 3720//4852 3644//4852
f 3722//4853 3723//4853 3644//4853
f 3724//4854 3645//4854 3646//4854
f 3725//4855 3722//4855 3645//4855
f 3724//4856 3725//4856 3645//4856
f 3726//4857 3646//4857 3647//4857
f 3727//4858 3724//4858 3646//4858
f 3726//4859 3727//4859 3646//4859
f 3728//4860 3647//4860 3648//4860
f 3729//4861 3726//4861 3647//4861
f 3728//4862 3729//4862 3647//4862
f 3730//4863 3648//4863 3649//4863
f 3731//4864 3728//4864 3648//4864
f 3730//4865 3731//4865 3648//4865
f 3732//4866 3649//4866 3650//4866
f 3733//4867 3730//4867 3649//4867
f 3732//4868 3733//4868 3649//4868
f 3734//4869 3650//4869 3651//4869
f 3735//4870 3732//4870 3650//4870
f 3734//4871 3735//4871 3650//4871
f 3736//4872 3651//4872 3652//4872
f 3737//4873 3734//4873 3651//4873
f 3736//4874 3737//4874 3651//4874
f 3738//4875 3652//4875 3653//4875
f 3739//4876 3736//4876 3652//4876
f 3738//4877 3739//4877 3652//4877
f 3740//4878 3653//4878 3654//4878
f 3741//4879 3738//4879 3653//4879
f 3740//4880 3741//4880 3653//4880
f 3742//4881 3654//4881 3564//4881
f 3743//4882 3740//4882 3654//4882
f 3742//4883 3743//4883 3654//4883
f 3744//4884 3564//4884 3563//4884
f 3745//4885 3742//4885 3564//4885
f 3744//4886 3745//4886 3564//4886
f 3746//4887 3744//4887 3563//4887
f 3565//4888 3746//4888 3563//4888
f 3747//2582 3655//2582 3658//2582
f 3748//2582 3656//2582 3655//2582
f 3747//2582 3748//2582 3655//2582
f 3749//2582 3658//2582 3657//2582
f 3749//2582 3747//2582 3658//2582
f 3749//2582 3657//2582 3660//2582
f 3750//2582 3660//2582 3659//2582
f 3750//2582 3749//2582 3660//2582
f 3750//2582 3659//2582 3662//2582
f 3751//2582 3662//2582 3661//2582
f 3751//2582 3750//2582 3662//2582
f 3751//2582 3661//2582 3664//2582
f 3752//2582 3664//2582 3663//2582
f 3752//2582 3751//2582 3664//2582
f 3752//2582 3663//2582 3666//2582
f 3753//2582 3666//2582 3665//2582
f 3753//2582 3752//2582 3666//2582
f 3753//2582 3665//2582 3668//2582
f 3754//2582 3668//2582 3667//2582
f 3754//2582 3753//2582 3668//2582
f 3754//2582 3667//2582 3670//2582
f 3755//2582 3670//2582 3669//2582
f 3755//2582 3754//2582 3670//2582
f 3755//2582 3669//2582 3672//2582
f 3756//2582 3672//2582 3671//2582
f 3756//2582 3755//2582 3672//2582
f 3756//2582 3671//2582 3674//2582
f 3757//2582 3674//2582 3673//2582
f 3757//2582 3756//2582 3674//2582
f 3757//2582 3673//2582 3676//2582
f 3758//2582 3676//2582 3675//2582
f 3758//2582 3757//2582 3676//2582
f 3758//2582 3675//2582 3678//2582
f 3759//2582 3678//2582 3677//2582
f 3759//2582 3758//2582 3678//2582
f 3760//2582 3677//2582 3680//2582
f 3760//2582 3759//2582 3677//2582
f 3760//2582 3680//2582 3679//2582
f 3761//2582 3679//2582 3682//2582
f 3761//2582 3760//2582 3679//2582
f 3761//2582 3682//2582 3681//2582
f 3762//2582 3681//2582 3684//2582
f 3762//2582 3761//2582 3681//2582
f 3762//2582 3684//2582 3683//2582
f 3763//2582 3683//2582 3686//2582
f 3763//2582 3762//2582 3683//2582
f 3764//2582 3686//2582 3685//2582
f 3764//2582 3763//2582 3686//2582
f 3764//2582 3685//2582 3688//2582
f 3765//2582 3688//2582 3687//2582
f 3765//2582 3764//2582 3688//2582
f 3766//2582 3687//2582 3690//2582
f 3766//2582 3765//2582 3687//2582
f 3767//2582 3690//2582 3689//2582
f 3767//2582 3766//2582 3690//2582
f 3768//2582 3689//2582 3692//2582
f 3768//2582 3767//2582 3689//2582
f 3769//2582 3692//2582 3691//2582
f 3769//2582 3768//2582 3692//2582
f 3711//2582 3691//2582 3694//2582
f 3770//2582 3691//2582 3711//2582
f 3770//2582 3769//2582 3691//2582
f 3708//2582 3694//2582 3693//2582
f 3711//2582 3694//2582 3708//2582
f 3709//2582 3693//2582 3696//2582
f 3708//2582 3693//2582 3709//2582
f 3706//2582 3696//2582 3695//2582
f 3709//2582 3696//2582 3706//2582
f 3707//2582 3695//2582 3698//2582
f 3706//2582 3695//2582 3707//2582
f 3704//2582 3698//2582 3697//2582
f 3707//2582 3698//2582 3704//2582
f 3705//2582 3697//2582 3700//2582
f 3704//2582 3697//2582 3705//2582
f 3702//2582 3700//2582 3699//2582
f 3705//2582 3700//2582 3702//2582
f 3703//2582 3699//2582 3701//2582
f 3702//2582 3699//2582 3703//2582
f 3770//2582 3711//2582 3710//2582
f 3771//2582 3710//2582 3713//2582
f 3772//2586 3770//2586 3710//2586
f 3771//2582 3772//2582 3710//2582
f 3773//2582 3713//2582 3712//2582
f 3773//2582 3771//2582 3713//2582
f 3774//2582 3712//2582 3715//2582
f 3774//2582 3773//2582 3712//2582
f 3775//2582 3715//2582 3714//2582
f 3775//2582 3774//2582 3715//2582
f 3775//2582 3714//2582 3717//2582
f 3776//2582 3717//2582 3716//2582
f 3776//2582 3775//2582 3717//2582
f 3777//2582 3716//2582 3719//2582
f 3777//2582 3776//2582 3716//2582
f 3777//2582 3719//2582 3718//2582
f 3778//2582 3718//2582 3721//2582
f 3778//2582 3777//2582 3718//2582
f 3778//2582 3721//2582 3720//2582
f 3779//2582 3720//2582 3723//2582
f 3779//2582 3778//2582 3720//2582
f 3779//2582 3723//2582 3722//2582
f 3780//2582 3722//2582 3725//2582
f 3780//2582 3779//2582 3722//2582
f 3781//2582 3725//2582 3724//2582
f 3781//2582 3780//2582 3725//2582
f 3781//2582 3724//2582 3727//2582
f 3782//2582 3727//2582 3726//2582
f 3782//2582 3781//2582 3727//2582
f 3782//2582 3726//2582 3729//2582
f 3783//2582 3729//2582 3728//2582
f 3783//2582 3782//2582 3729//2582
f 3783//2582 3728//2582 3731//2582
f 3784//2582 3731//2582 3730//2582
f 3784//2582 3783//2582 3731//2582
f 3784//2582 3730//2582 3733//2582
f 3785//2582 3733//2582 3732//2582
f 3785//2582 3784//2582 3733//2582
f 3785//2582 3732//2582 3735//2582
f 3786//2582 3735//2582 3734//2582
f 3786//2582 3785//2582 3735//2582
f 3786//2582 3734//2582 3737//2582
f 3787//2582 3737//2582 3736//2582
f 3787//2582 3786//2582 3737//2582
f 3787//2582 3736//2582 3739//2582
f 3788//2582 3739//2582 3738//2582
f 3788//2582 3787//2582 3739//2582
f 3788//2582 3738//2582 3741//2582
f 3789//2582 3741//2582 3740//2582
f 3789//2582 3788//2582 3741//2582
f 3789//2582 3740//2582 3743//2582
f 3790//2582 3743//2582 3742//2582
f 3790//2582 3789//2582 3743//2582
f 3790//2582 3742//2582 3745//2582
f 3791//2582 3745//2582 3744//2582
f 3791//2582 3790//2582 3745//2582
f 3791//2582 3744//2582 3746//2582
f 3792//2582 3746//2582 3793//2582
f 3565//4889 3793//4889 3746//4889
f 3791//2582 3746//2582 3792//2582
f 3748//2582 3794//2582 3656//2582
f 3609//4890 3656//4890 3794//4890
f 3795//2582 3796//2582 3794//2582
f 3609//4891 3794//4891 3796//4891
f 3748//2582 3795//2582 3794//2582
f 3795//2582 3797//2582 3796//2582
f 3608//4892 3796//4892 3797//4892
f 3609//4893 3796//4893 3608//4893
f 3798//2582 3799//2582 3797//2582
f 3608//4894 3797//4894 3799//4894
f 3795//2582 3798//2582 3797//2582
f 3798//2582 3800//2582 3799//2582
f 3607//4895 3799//4895 3800//4895
f 3608//4896 3799//4896 3607//4896
f 3801//2582 3802//2582 3800//2582
f 3607//4897 3800//4897 3802//4897
f 3798//2582 3801//2582 3800//2582
f 3801//2582 3803//2582 3802//2582
f 3606//4898 3802//4898 3803//4898
f 3607//4899 3802//4899 3606//4899
f 3804//2582 3805//2582 3803//2582
f 3606//4900 3803//4900 3805//4900
f 3801//2582 3804//2582 3803//2582
f 3804//2582 3806//2582 3805//2582
f 3605//4901 3805//4901 3806//4901
f 3606//4902 3805//4902 3605//4902
f 3807//2582 3808//2582 3806//2582
f 3605//4903 3806//4903 3808//4903
f 3804//2582 3807//2582 3806//2582
f 3807//2582 3809//2582 3808//2582
f 3604//4904 3808//4904 3809//4904
f 3605//4905 3808//4905 3604//4905
f 3810//2582 3811//2582 3809//2582
f 3604//4906 3809//4906 3811//4906
f 3807//2582 3810//2582 3809//2582
f 3810//2582 3812//2582 3811//2582
f 3603//4907 3811//4907 3812//4907
f 3604//4908 3811//4908 3603//4908
f 3813//2582 3814//2582 3812//2582
f 3603//4909 3812//4909 3814//4909
f 3810//2582 3813//2582 3812//2582
f 3813//2582 3815//2582 3814//2582
f 3602//4910 3814//4910 3815//4910
f 3603//4911 3814//4911 3602//4911
f 3816//2582 3817//2582 3815//2582
f 3602//4912 3815//4912 3817//4912
f 3813//2582 3816//2582 3815//2582
f 3816//2582 3818//2582 3817//2582
f 3601//4913 3817//4913 3818//4913
f 3602//4914 3817//4914 3601//4914
f 3819//2582 3820//2582 3818//2582
f 3601//4915 3818//4915 3820//4915
f 3816//2582 3819//2582 3818//2582
f 3819//2582 3821//2582 3820//2582
f 3600//4916 3820//4916 3821//4916
f 3601//4917 3820//4917 3600//4917
f 3822//2582 3823//2582 3821//2582
f 3600//4918 3821//4918 3823//4918
f 3819//2582 3822//2582 3821//2582
f 3822//2582 3824//2582 3823//2582
f 3599//4919 3823//4919 3824//4919
f 3600//4920 3823//4920 3599//4920
f 3825//2582 3826//2582 3824//2582
f 3599//4921 3824//4921 3826//4921
f 3822//2582 3825//2582 3824//2582
f 3827//2582 3828//2582 3826//2582
f 3598//4922 3826//4922 3828//4922
f 3825//2582 3827//2582 3826//2582
f 3599//4923 3826//4923 3598//4923
f 3827//2582 3829//2582 3828//2582
f 3598//4924 3828//4924 3829//4924
f 3830//2582 3831//2582 3829//2582
f 3597//4925 3829//4925 3831//4925
f 3827//2582 3830//2582 3829//2582
f 3598//4926 3829//4926 3597//4926
f 3830//2582 3832//2582 3831//2582
f 3597//4927 3831//4927 3832//4927
f 3833//2582 3834//2582 3832//2582
f 3596//4928 3832//4928 3834//4928
f 3830//2582 3833//2582 3832//2582
f 3597//4929 3832//4929 3596//4929
f 3833//2582 3835//2582 3834//2582
f 3596//4930 3834//4930 3835//4930
f 3836//2582 3837//2582 3835//2582
f 3595//4931 3835//4931 3837//4931
f 3833//2582 3836//2582 3835//2582
f 3596//4932 3835//4932 3595//4932
f 3838//2582 3839//2582 3837//2582
f 3595//4933 3837//4933 3839//4933
f 3836//2582 3838//2582 3837//2582
f 3838//2582 3840//2582 3839//2582
f 3594//4934 3839//4934 3840//4934
f 3595//4935 3839//4935 3594//4935
f 3841//2582 3842//2582 3840//2582
f 3594//4936 3840//4936 3842//4936
f 3838//2582 3841//2582 3840//2582
f 3843//2582 3844//2582 3842//2582
f 3593//4937 3842//4937 3844//4937
f 3841//2582 3843//2582 3842//2582
f 3594//4938 3842//4938 3593//4938
f 3845//2582 3846//2582 3844//2582
f 3593//4939 3844//4939 3846//4939
f 3843//2582 3845//2582 3844//2582
f 3847//2582 3848//2582 3846//2582
f 3592//4940 3846//4940 3848//4940
f 3849//2585 3847//2585 3846//2585
f 3845//2582 3849//2582 3846//2582
f 3593//4941 3846//4941 3592//4941
f 3850//2582 3851//2582 3848//2582
f 3592//4942 3848//4942 3851//4942
f 3852//2582 3850//2582 3848//2582
f 3847//2582 3852//2582 3848//2582
f 3853//2582 3854//2582 3851//2582
f 3591//4943 3851//4943 3854//4943
f 3850//2582 3853//2582 3851//2582
f 3592//4944 3851//4944 3591//4944
f 3855//2582 3856//2582 3854//2582
f 3591//4945 3854//4945 3856//4945
f 3853//2582 3855//2582 3854//2582
f 3857//2582 3858//2582 3856//2582
f 3590//4946 3856//4946 3858//4946
f 3855//2582 3857//2582 3856//2582
f 3591//4947 3856//4947 3590//4947
f 3859//2582 3860//2582 3858//2582
f 3590//4948 3858//4948 3860//4948
f 3857//2582 3859//2582 3858//2582
f 3861//2582 3862//2582 3860//2582
f 3589//4949 3860//4949 3862//4949
f 3859//2582 3861//2582 3860//2582
f 3590//4950 3860//4950 3589//4950
f 3863//2582 3864//2582 3862//2582
f 3589//4951 3862//4951 3864//4951
f 3861//2582 3863//2582 3862//2582
f 3865//2582 3866//2582 3864//2582
f 3588//4952 3864//4952 3866//4952
f 3863//2582 3865//2582 3864//2582
f 3589//4953 3864//4953 3588//4953
f 3865//2582 3867//2582 3866//2582
f 3588//4954 3866//4954 3867//4954
f 3587//4955 3867//4955 3865//4955
f 3588//4956 3867//4956 3587//4956
f 3586//4957 3865//4957 3863//4957
f 3587//4958 3865//4958 3586//4958
f 3586//4959 3863//4959 3861//4959
f 3585//4960 3861//4960 3859//4960
f 3586//4961 3861//4961 3585//4961
f 3585//4962 3859//4962 3857//4962
f 3584//4963 3857//4963 3855//4963
f 3585//4964 3857//4964 3584//4964
f 3584//4965 3855//4965 3853//4965
f 3583//4966 3853//4966 3850//4966
f 3584//4967 3853//4967 3583//4967
f 3583//4968 3850//4968 3852//4968
f 3868//2582 3869//2582 3852//2582
f 3582//4969 3852//4969 3869//4969
f 3847//2582 3868//2582 3852//2582
f 3583//4970 3852//4970 3582//4970
f 3870//2582 3871//2582 3869//2582
f 3582//4971 3869//4971 3871//4971
f 3868//2582 3870//2582 3869//2582
f 3872//2582 3873//2582 3871//2582
f 3581//4972 3871//4972 3873//4972
f 3870//2582 3872//2582 3871//2582
f 3582//4973 3871//4973 3581//4973
f 3874//2582 3875//2582 3873//2582
f 3581//4974 3873//4974 3875//4974
f 3872//2582 3874//2582 3873//2582
f 3876//2582 3877//2582 3875//2582
f 3580//4975 3875//4975 3877//4975
f 3874//2582 3876//2582 3875//2582
f 3581//4976 3875//4976 3580//4976
f 3878//2582 3879//2582 3877//2582
f 3580//4977 3877//4977 3879//4977
f 3876//2582 3878//2582 3877//2582
f 3878//2582 3880//2582 3879//2582
f 3579//4978 3879//4978 3880//4978
f 3580//4979 3879//4979 3579//4979
f 3881//2582 3882//2582 3880//2582
f 3579//4980 3880//4980 3882//4980
f 3878//2582 3881//2582 3880//2582
f 3883//2582 3884//2582 3882//2582
f 3578//4981 3882//4981 3884//4981
f 3881//2582 3883//2582 3882//2582
f 3579//4982 3882//4982 3578//4982
f 3883//2582 3885//2582 3884//2582
f 3578//4983 3884//4983 3885//4983
f 3886//2582 3887//2582 3885//2582
f 3577//4984 3885//4984 3887//4984
f 3883//2582 3886//2582 3885//2582
f 3578//4985 3885//4985 3577//4985
f 3886//2582 3888//2582 3887//2582
f 3577//4986 3887//4986 3888//4986
f 3889//2582 3890//2582 3888//2582
f 3576//4987 3888//4987 3890//4987
f 3886//2582 3889//2582 3888//2582
f 3577//4988 3888//4988 3576//4988
f 3889//2582 3891//2582 3890//2582
f 3576//4989 3890//4989 3891//4989
f 3892//2582 3893//2582 3891//2582
f 3575//4990 3891//4990 3893//4990
f 3889//2582 3892//2582 3891//2582
f 3576//4991 3891//4991 3575//4991
f 3894//2582 3895//2582 3893//2582
f 3575//4992 3893//4992 3895//4992
f 3892//2582 3894//2582 3893//2582
f 3894//2582 3896//2582 3895//2582
f 3574//4993 3895//4993 3896//4993
f 3575//4994 3895//4994 3574//4994
f 3897//2582 3898//2582 3896//2582
f 3574//4995 3896//4995 3898//4995
f 3894//2582 3897//2582 3896//2582
f 3897//2582 3899//2582 3898//2582
f 3573//4996 3898//4996 3899//4996
f 3574//4997 3898//4997 3573//4997
f 3900//2582 3901//2582 3899//2582
f 3573//4998 3899//4998 3901//4998
f 3897//2582 3900//2582 3899//2582
f 3900//2582 3902//2582 3901//2582
f 3572//4999 3901//4999 3902//4999
f 3573//5000 3901//5000 3572//5000
f 3903//2582 3904//2582 3902//2582
f 3572//5001 3902//5001 3904//5001
f 3900//2582 3903//2582 3902//2582
f 3903//2582 3905//2582 3904//2582
f 3571//5002 3904//5002 3905//5002
f 3572//5003 3904//5003 3571//5003
f 3906//2582 3907//2582 3905//2582
f 3571//5004 3905//5004 3907//5004
f 3903//2582 3906//2582 3905//2582
f 3906//2582 3908//2582 3907//2582
f 3570//5005 3907//5005 3908//5005
f 3571//5006 3907//5006 3570//5006
f 3909//2582 3910//2582 3908//2582
f 3570//5007 3908//5007 3910//5007
f 3906//2582 3909//2582 3908//2582
f 3909//2582 3911//2582 3910//2582
f 3569//5008 3910//5008 3911//5008
f 3570//5009 3910//5009 3569//5009
f 3912//2582 3913//2582 3911//2582
f 3569//5010 3911//5010 3913//5010
f 3909//2582 3912//2582 3911//2582
f 3912//2582 3914//2582 3913//2582
f 3568//5011 3913//5011 3914//5011
f 3569//5012 3913//5012 3568//5012
f 3915//2582 3916//2582 3914//2582
f 3568//5013 3914//5013 3916//5013
f 3912//2582 3915//2582 3914//2582
f 3915//2582 3917//2582 3916//2582
f 3567//5014 3916//5014 3917//5014
f 3568//5015 3916//5015 3567//5015
f 3918//2582 3919//2582 3917//2582
f 3567//5016 3917//5016 3919//5016
f 3915//2582 3918//2582 3917//2582
f 3918//2582 3920//2582 3919//2582
f 3566//5017 3919//5017 3920//5017
f 3567//5018 3919//5018 3566//5018
f 3921//2582 3922//2582 3920//2582
f 3566//5019 3920//5019 3922//5019
f 3918//2582 3921//2582 3920//2582
f 3921//2582 3793//2582 3922//2582
f 3565//5020 3922//5020 3793//5020
f 3566//5021 3922//5021 3565//5021
f 3921//2582 3792//2582 3793//2582
f 3923//5022 3792//5022 3921//5022
f 3924//5023 3791//5023 3792//5023
f 3923//5024 3924//5024 3792//5024
f 3925//5025 3921//5025 3918//5025
f 3925//5026 3923//5026 3921//5026
f 3926//5027 3918//5027 3915//5027
f 3926//5028 3925//5028 3918//5028
f 3927//5029 3915//5029 3912//5029
f 3927//5030 3926//5030 3915//5030
f 3928//5031 3912//5031 3909//5031
f 3928//5032 3927//5032 3912//5032
f 3929//5033 3909//5033 3906//5033
f 3929//5034 3928//5034 3909//5034
f 3930//5035 3906//5035 3903//5035
f 3930//5036 3929//5036 3906//5036
f 3931//5037 3903//5037 3900//5037
f 3931//5038 3930//5038 3903//5038
f 3932//5039 3900//5039 3897//5039
f 3932//5040 3931//5040 3900//5040
f 3933//5041 3897//5041 3894//5041
f 3933//5039 3932//5039 3897//5039
f 3934//5042 3894//5042 3892//5042
f 3934//5043 3933//5043 3894//5043
f 3935//5044 3892//5044 3889//5044
f 3935//5045 3934//5045 3892//5045
f 3936//5046 3889//5046 3886//5046
f 3936//5047 3935//5047 3889//5047
f 3937//5048 3886//5048 3883//5048
f 3937//5049 3936//5049 3886//5049
f 3938//5050 3883//5050 3881//5050
f 3938//5048 3937//5048 3883//5048
f 3939//5051 3881//5051 3878//5051
f 3939//5052 3938//5052 3881//5052
f 3940//5053 3878//5053 3876//5053
f 3940//5054 3939//5054 3878//5054
f 3941//5055 3876//5055 3874//5055
f 3941//5056 3940//5056 3876//5056
f 3942//5057 3874//5057 3872//5057
f 3942//5058 3941//5058 3874//5058
f 3943//5059 3872//5059 3870//5059
f 3943//5060 3942//5060 3872//5060
f 3944//5061 3870//5061 3868//5061
f 3944//5059 3943//5059 3870//5059
f 3945//5062 3868//5062 3847//5062
f 3945//5063 3944//5063 3868//5063
f 3946//5064 3847//5064 3849//5064
f 3946//5065 3945//5065 3847//5065
f 3947//5066 3849//5066 3845//5066
f 3947//5067 3946//5067 3849//5067
f 3948//5068 3845//5068 3843//5068
f 3948//5069 3947//5069 3845//5069
f 3949//5070 3843//5070 3841//5070
f 3949//5068 3948//5068 3843//5068
f 3950//5071 3841//5071 3838//5071
f 3950//5072 3949//5072 3841//5072
f 3951//5073 3838//5073 3836//5073
f 3951//5074 3950//5074 3838//5074
f 3952//5075 3836//5075 3833//5075
f 3952//5076 3951//5076 3836//5076
f 3953//5077 3833//5077 3830//5077
f 3953//5078 3952//5078 3833//5078
f 3954//5079 3830//5079 3827//5079
f 3954//5080 3953//5080 3830//5080
f 3955//5081 3827//5081 3825//5081
f 3955//5079 3954//5079 3827//5079
f 3956//5082 3825//5082 3822//5082
f 3956//5083 3955//5083 3825//5083
f 3957//5084 3822//5084 3819//5084
f 3957//5085 3956//5085 3822//5085
f 3958//5086 3819//5086 3816//5086
f 3958//5087 3957//5087 3819//5087
f 3959//5088 3816//5088 3813//5088
f 3959//5089 3958//5089 3816//5089
f 3960//5090 3813//5090 3810//5090
f 3960//5091 3959//5091 3813//5091
f 3961//5092 3810//5092 3807//5092
f 3961//5093 3960//5093 3810//5093
f 3962//5094 3807//5094 3804//5094
f 3962//5095 3961//5095 3807//5095
f 3963//5096 3804//5096 3801//5096
f 3963//5097 3962//5097 3804//5097
f 3964//5098 3801//5098 3798//5098
f 3964//5099 3963//5099 3801//5099
f 3965//5100 3798//5100 3795//5100
f 3965//5101 3964//5101 3798//5101
f 3966//5102 3795//5102 3748//5102
f 3966//5103 3965//5103 3795//5103
f 3967//5104 3748//5104 3747//5104
f 3967//5105 3966//5105 3748//5105
f 3968//5106 3747//5106 3749//5106
f 3967//5107 3747//5107 3968//5107
f 3969//5108 3749//5108 3750//5108
f 3969//5109 3968//5109 3749//5109
f 3970//5110 3750//5110 3751//5110
f 3970//5111 3969//5111 3750//5111
f 3971//5112 3751//5112 3752//5112
f 3971//5113 3970//5113 3751//5113
f 3972//5114 3752//5114 3753//5114
f 3972//5115 3971//5115 3752//5115
f 3973//5116 3753//5116 3754//5116
f 3973//5117 3972//5117 3753//5117
f 3974//5118 3754//5118 3755//5118
f 3974//5119 3973//5119 3754//5119
f 3975//5120 3755//5120 3756//5120
f 3975//5121 3974//5121 3755//5121
f 3976//5122 3756//5122 3757//5122
f 3976//5123 3975//5123 3756//5123
f 3977//5124 3757//5124 3758//5124
f 3977//5122 3976//5122 3757//5122
f 3978//5125 3758//5125 3759//5125
f 3978//5126 3977//5126 3758//5126
f 3979//5127 3759//5127 3760//5127
f 3979//5128 3978//5128 3759//5128
f 3980//5129 3760//5129 3761//5129
f 3980//5130 3979//5130 3760//5130
f 3981//5131 3761//5131 3762//5131
f 3981//5132 3980//5132 3761//5132
f 3982//5133 3762//5133 3763//5133
f 3982//5131 3981//5131 3762//5131
f 3983//5134 3763//5134 3764//5134
f 3983//5135 3982//5135 3763//5135
f 3984//5136 3764//5136 3765//5136
f 3984//5137 3983//5137 3764//5137
f 3985//5138 3765//5138 3766//5138
f 3985//5139 3984//5139 3765//5139
f 3986//5140 3766//5140 3767//5140
f 3986//5141 3985//5141 3766//5141
f 3987//5142 3767//5142 3768//5142
f 3987//5143 3986//5143 3767//5143
f 3988//5144 3768//5144 3769//5144
f 3988//5142 3987//5142 3768//5142
f 3989//5145 3769//5145 3770//5145
f 3989//5146 3988//5146 3769//5146
f 3990//5147 3770//5147 3772//5147
f 3990//5148 3989//5148 3770//5148
f 3991//5149 3772//5149 3771//5149
f 3991//5150 3990//5150 3772//5150
f 3992//5151 3771//5151 3773//5151
f 3992//5152 3991//5152 3771//5152
f 3993//5153 3773//5153 3774//5153
f 3993//5151 3992//5151 3773//5151
f 3994//5154 3774//5154 3775//5154
f 3994//5155 3993//5155 3774//5155
f 3995//5156 3775//5156 3776//5156
f 3995//5157 3994//5157 3775//5157
f 3996//5158 3776//5158 3777//5158
f 3996//5159 3995//5159 3776//5159
f 3997//5160 3777//5160 3778//5160
f 3997//5161 3996//5161 3777//5161
f 3998//5162 3778//5162 3779//5162
f 3998//5163 3997//5163 3778//5163
f 3999//5164 3779//5164 3780//5164
f 3999//5162 3998//5162 3779//5162
f 4000//5165 3780//5165 3781//5165
f 4000//5166 3999//5166 3780//5166
f 4001//5167 3781//5167 3782//5167
f 4001//5168 4000//5168 3781//5168
f 4002//5169 3782//5169 3783//5169
f 4002//5170 4001//5170 3782//5170
f 4003//5171 3783//5171 3784//5171
f 4003//5172 4002//5172 3783//5172
f 4004//5173 3784//5173 3785//5173
f 4004//5174 4003//5174 3784//5174
f 4005//5175 3785//5175 3786//5175
f 4005//5176 4004//5176 3785//5176
f 4006//5177 3786//5177 3787//5177
f 4006//5178 4005//5178 3786//5178
f 4007//5179 3787//5179 3788//5179
f 4007//5180 4006//5180 3787//5180
f 4008//5181 3788//5181 3789//5181
f 4008//5182 4007//5182 3788//5182
f 4009//5183 3789//5183 3790//5183
f 4009//5184 4008//5184 3789//5184
f 4010//5185 3790//5185 3791//5185
f 4010//5186 4009//5186 3790//5186
f 3924//5187 4010//5187 3791//5187
f 4011//5188 3968//5188 3969//5188
f 4012//5189 3968//5189 4011//5189
f 3967//5190 3968//5190 4012//5190
f 4013//5191 3969//5191 3970//5191
f 4014//5192 4011//5192 3969//5192
f 4013//5193 4014//5193 3969//5193
f 4015//5194 3970//5194 3971//5194
f 4016//5195 4013//5195 3970//5195
f 4015//5196 4016//5196 3970//5196
f 4017//5197 3971//5197 3972//5197
f 4018//5198 4015//5198 3971//5198
f 4017//5199 4018//5199 3971//5199
f 4019//5200 3972//5200 3973//5200
f 4019//5201 4017//5201 3972//5201
f 4020//5202 3973//5202 3974//5202
f 4021//5203 4019//5203 3973//5203
f 4020//5204 4021//5204 3973//5204
f 4022//5205 3974//5205 3975//5205
f 4023//5206 4020//5206 3974//5206
f 4022//5207 4023//5207 3974//5207
f 4024//5208 3975//5208 3976//5208
f 4025//5209 4022//5209 3975//5209
f 4024//5210 4025//5210 3975//5210
f 4026//5211 3976//5211 3977//5211
f 4026//5212 4024//5212 3976//5212
f 4027//5213 3977//5213 3978//5213
f 4028//5214 4026//5214 3977//5214
f 4027//5215 4028//5215 3977//5215
f 4029//5216 3978//5216 3979//5216
f 4030//5217 4027//5217 3978//5217
f 4029//5218 4030//5218 3978//5218
f 4031//5219 3979//5219 3980//5219
f 4031//5220 4029//5220 3979//5220
f 4032//5221 3980//5221 3981//5221
f 4033//5222 4031//5222 3980//5222
f 4032//5223 4033//5223 3980//5223
f 4034//5224 3981//5224 3982//5224
f 4035//5225 4032//5225 3981//5225
f 4034//5226 4035//5226 3981//5226
f 4036//5227 3982//5227 3983//5227
f 4037//5228 4034//5228 3982//5228
f 4036//5229 4037//5229 3982//5229
f 4038//5230 3983//5230 3984//5230
f 4038//5231 4036//5231 3983//5231
f 4039//5232 3984//5232 3985//5232
f 4040//5233 4038//5233 3984//5233
f 4039//5234 4040//5234 3984//5234
f 4041//5235 3985//5235 3986//5235
f 4042//5236 4039//5236 3985//5236
f 4041//5237 4042//5237 3985//5237
f 4043//5238 3986//5238 3987//5238
f 4044//5239 4041//5239 3986//5239
f 4043//5240 4044//5240 3986//5240
f 4045//5241 3987//5241 3988//5241
f 4045//5242 4043//5242 3987//5242
f 4046//5243 3988//5243 3989//5243
f 4047//5244 4045//5244 3988//5244
f 4046//5245 4047//5245 3988//5245
f 4048//5246 3989//5246 3990//5246
f 4049//5247 4046//5247 3989//5247
f 4048//5248 4049//5248 3989//5248
f 4050//5249 3990//5249 3991//5249
f 4050//5250 4048//5250 3990//5250
f 4051//5251 3991//5251 3992//5251
f 4052//5252 4050//5252 3991//5252
f 4051//5253 4052//5253 3991//5253
f 4053//5254 3992//5254 3993//5254
f 4054//5255 4051//5255 3992//5255
f 4053//5256 4054//5256 3992//5256
f 4055//5257 3993//5257 3994//5257
f 4056//5258 4053//5258 3993//5258
f 4055//5259 4056//5259 3993//5259
f 4057//5260 3994//5260 3995//5260
f 4057//5261 4055//5261 3994//5261
f 4058//5262 3995//5262 3996//5262
f 4059//5263 4057//5263 3995//5263
f 4058//5264 4059//5264 3995//5264
f 4060//5265 3996//5265 3997//5265
f 4061//5266 4058//5266 3996//5266
f 4060//5267 4061//5267 3996//5267
f 4062//5268 3997//5268 3998//5268
f 4063//5269 4060//5269 3997//5269
f 4062//5270 4063//5270 3997//5270
f 4064//5271 3998//5271 3999//5271
f 4064//5272 4062//5272 3998//5272
f 4065//5273 3999//5273 4000//5273
f 4066//5274 4064//5274 3999//5274
f 4065//5275 4066//5275 3999//5275
f 4067//5276 4000//5276 4001//5276
f 4068//5277 4065//5277 4000//5277
f 4067//5278 4068//5278 4000//5278
f 4069//5279 4001//5279 4002//5279
f 4069//5280 4067//5280 4001//5280
f 4070//5281 4002//5281 4003//5281
f 4071//5282 4069//5282 4002//5282
f 4070//5283 4071//5283 4002//5283
f 4072//5284 4003//5284 4004//5284
f 4073//5285 4070//5285 4003//5285
f 4072//5286 4073//5286 4003//5286
f 4074//5287 4004//5287 4005//5287
f 4075//5288 4072//5288 4004//5288
f 4074//5289 4075//5289 4004//5289
f 4076//5290 4005//5290 4006//5290
f 4076//5291 4074//5291 4005//5291
f 4077//5292 4006//5292 4007//5292
f 4078//5293 4076//5293 4006//5293
f 4077//5294 4078//5294 4006//5294
f 4079//5295 4007//5295 4008//5295
f 4080//5296 4077//5296 4007//5296
f 4079//5297 4080//5297 4007//5297
f 4081//5298 4008//5298 4009//5298
f 4082//5299 4079//5299 4008//5299
f 4081//5300 4082//5300 4008//5300
f 4083//5301 4009//5301 4010//5301
f 4083//5302 4081//5302 4009//5302
f 4084//5303 4010//5303 3924//5303
f 4085//5304 4083//5304 4010//5304
f 4084//5305 4085//5305 4010//5305
f 4086//5306 3924//5306 3923//5306
f 4087//5307 4084//5307 3924//5307
f 4086//5308 4087//5308 3924//5308
f 4088//5309 4086//5309 3923//5309
f 3925//5310 4088//5310 3923//5310
f 4088//2582 4011//2582 4014//2582
f 4089//2582 4011//2582 4088//2582
f 4089//2582 4012//2582 4011//2582
f 4086//2582 4014//2582 4013//2582
f 4088//2582 4014//2582 4086//2582
f 4087//2582 4013//2582 4016//2582
f 4086//2582 4013//2582 4087//2582
f 4084//2582 4016//2582 4015//2582
f 4087//2582 4016//2582 4084//2582
f 4085//2582 4015//2582 4018//2582
f 4084//2582 4015//2582 4085//2582
f 4083//2582 4018//2582 4017//2582
f 4085//2582 4018//2582 4083//2582
f 4081//2582 4017//2582 4019//2582
f 4083//2582 4017//2582 4081//2582
f 4082//2582 4019//2582 4021//2582
f 4081//2582 4019//2582 4082//2582
f 4079//2582 4021//2582 4020//2582
f 4082//2582 4021//2582 4079//2582
f 4080//2582 4020//2582 4023//2582
f 4079//2582 4020//2582 4080//2582
f 4077//2582 4023//2582 4022//2582
f 4080//2582 4023//2582 4077//2582
f 4078//2582 4022//2582 4025//2582
f 4077//2582 4022//2582 4078//2582
f 4076//2582 4025//2582 4024//2582
f 4078//2582 4025//2582 4076//2582
f 4074//2582 4024//2582 4026//2582
f 4076//2582 4024//2582 4074//2582
f 4075//2582 4026//2582 4028//2582
f 4074//2582 4026//2582 4075//2582
f 4072//2582 4028//2582 4027//2582
f 4075//2582 4028//2582 4072//2582
f 4073//2582 4027//2582 4030//2582
f 4072//2582 4027//2582 4073//2582
f 4070//2582 4030//2582 4029//2582
f 4073//2582 4030//2582 4070//2582
f 4071//2582 4029//2582 4031//2582
f 4070//2582 4029//2582 4071//2582
f 4069//2582 4031//2582 4033//2582
f 4071//2582 4031//2582 4069//2582
f 4067//2582 4033//2582 4032//2582
f 4069//2582 4033//2582 4067//2582
f 4068//2582 4032//2582 4035//2582
f 4067//2582 4032//2582 4068//2582
f 4065//2582 4035//2582 4034//2582
f 4068//2582 4035//2582 4065//2582
f 4066//2582 4034//2582 4037//2582
f 4065//2582 4034//2582 4066//2582
f 4064//2582 4037//2582 4036//2582
f 4066//2582 4037//2582 4064//2582
f 4062//2582 4036//2582 4038//2582
f 4064//2582 4036//2582 4062//2582
f 4063//2582 4038//2582 4040//2582
f 4062//2582 4038//2582 4063//2582
f 4060//2582 4040//2582 4039//2582
f 4063//2582 4040//2582 4060//2582
f 4061//2582 4039//2582 4042//2582
f 4060//2582 4039//2582 4061//2582
f 4058//2582 4042//2582 4041//2582
f 4061//2582 4042//2582 4058//2582
f 4059//2582 4041//2582 4044//2582
f 4058//2582 4041//2582 4059//2582
f 4057//2582 4044//2582 4043//2582
f 4059//2582 4044//2582 4057//2582
f 4055//2582 4043//2582 4045//2582
f 4057//2582 4043//2582 4055//2582
f 4056//2582 4045//2582 4047//2582
f 4055//2582 4045//2582 4056//2582
f 4053//2582 4047//2582 4046//2582
f 4056//2582 4047//2582 4053//2582
f 4054//2582 4046//2582 4049//2582
f 4053//2582 4046//2582 4054//2582
f 4051//2582 4049//2582 4048//2582
f 4054//2582 4049//2582 4051//2582
f 4052//2582 4048//2582 4050//2582
f 4051//2582 4048//2582 4052//2582
f 3925//5311 4089//5311 4088//5311
f 4090//2582 4091//2582 4012//2582
f 3967//5312 4012//5312 4091//5312
f 4089//2582 4090//2582 4012//2582
f 4092//2582 4093//2582 4091//2582
f 3967//5313 4091//5313 4093//5313
f 4090//2582 4092//2582 4091//2582
f 4094//2582 4095//2582 4093//2582
f 3966//5314 4093//5314 4095//5314
f 4092//2582 4094//2582 4093//2582
f 3967//5315 4093//5315 3966//5315
f 4096//2582 4097//2582 4095//2582
f 3966//5316 4095//5316 4097//5316
f 4094//2582 4096//2582 4095//2582
f 4098//2582 4099//2582 4097//2582
f 3965//5317 4097//5317 4099//5317
f 4096//2582 4098//2582 4097//2582
f 3966//5318 4097//5318 3965//5318
f 4100//2582 4101//2582 4099//2582
f 3964//5319 4099//5319 4101//5319
f 4098//2582 4100//2582 4099//2582
f 3965//5320 4099//5320 3964//5320
f 4102//2582 4103//2582 4101//2582
f 3964//5321 4101//5321 4103//5321
f 4100//2582 4102//2582 4101//2582
f 4104//2582 4105//2582 4103//2582
f 3963//5322 4103//5322 4105//5322
f 4102//2582 4104//2582 4103//2582
f 3964//5323 4103//5323 3963//5323
f 4106//2582 4107//2582 4105//2582
f 3963//5324 4105//5324 4107//5324
f 4104//2582 4106//2582 4105//2582
f 4108//2582 4109//2582 4107//2582
f 3962//5325 4107//5325 4109//5325
f 4106//2582 4108//2582 4107//2582
f 3963//5326 4107//5326 3962//5326
f 4110//2582 4111//2582 4109//2582
f 3962//5327 4109//5327 4111//5327
f 4108//2582 4110//2582 4109//2582
f 4112//2582 4113//2582 4111//2582
f 3961//5328 4111//5328 4113//5328
f 4110//2582 4112//2582 4111//2582
f 3962//5329 4111//5329 3961//5329
f 4114//2582 4115//2582 4113//2582
f 3960//5330 4113//5330 4115//5330
f 4112//2582 4114//2582 4113//2582
f 3961//5331 4113//5331 3960//5331
f 4116//2582 4117//2582 4115//2582
f 3960//5332 4115//5332 4117//5332
f 4114//2582 4116//2582 4115//2582
f 4118//2582 4119//2582 4117//2582
f 3959//5333 4117//5333 4119//5333
f 4116//2582 4118//2582 4117//2582
f 3960//5334 4117//5334 3959//5334
f 4120//2582 4121//2582 4119//2582
f 3959//5335 4119//5335 4121//5335
f 4118//2582 4120//2582 4119//2582
f 4122//2582 4123//2582 4121//2582
f 3958//5336 4121//5336 4123//5336
f 4120//2582 4122//2582 4121//2582
f 3959//5337 4121//5337 3958//5337
f 4124//2582 4125//2582 4123//2582
f 3958//5338 4123//5338 4125//5338
f 4122//2582 4124//2582 4123//2582
f 4126//2582 4127//2582 4125//2582
f 3957//5339 4125//5339 4127//5339
f 4124//2582 4126//2582 4125//2582
f 3958//5340 4125//5340 3957//5340
f 4128//2582 4129//2582 4127//2582
f 3956//5341 4127//5341 4129//5341
f 4126//2582 4128//2582 4127//2582
f 3957//5342 4127//5342 3956//5342
f 4130//2582 4131//2582 4129//2582
f 3956//5343 4129//5343 4131//5343
f 4128//2582 4130//2582 4129//2582
f 4132//2582 4133//2582 4131//2582
f 3955//5344 4131//5344 4133//5344
f 4130//2582 4132//2582 4131//2582
f 3956//5345 4131//5345 3955//5345
f 4134//2582 4135//2582 4133//2582
f 3955//5346 4133//5346 4135//5346
f 4132//2582 4134//2582 4133//2582
f 4136//2582 4137//2582 4135//2582
f 3954//5347 4135//5347 4137//5347
f 4134//2582 4136//2582 4135//2582
f 3955//5348 4135//5348 3954//5348
f 4138//2582 4139//2582 4137//2582
f 3953//5349 4137//5349 4139//5349
f 4136//2582 4138//2582 4137//2582
f 3954//5350 4137//5350 3953//5350
f 4140//2582 4141//2582 4139//2582
f 3953//5351 4139//5351 4141//5351
f 4138//2582 4140//2582 4139//2582
f 4142//2582 4143//2582 4141//2582
f 3952//5352 4141//5352 4143//5352
f 4140//2582 4142//2582 4141//2582
f 3953//5353 4141//5353 3952//5353
f 4144//2582 4145//2582 4143//2582
f 3952//5354 4143//5354 4145//5354
f 4142//2582 4144//2582 4143//2582
f 4146//2582 4147//2582 4145//2582
f 3951//5355 4145//5355 4147//5355
f 4144//2582 4146//2582 4145//2582
f 3952//5356 4145//5356 3951//5356
f 4148//2582 4149//2582 4147//2582
f 3951//5357 4147//5357 4149//5357
f 4146//2582 4148//2582 4147//2582
f 4150//2582 4151//2582 4149//2582
f 3950//5358 4149//5358 4151//5358
f 4148//2582 4150//2582 4149//2582
f 3951//5359 4149//5359 3950//5359
f 4152//2582 4153//2582 4151//2582
f 3949//5360 4151//5360 4153//5360
f 4150//2582 4152//2582 4151//2582
f 3950//5361 4151//5361 3949//5361
f 4154//2582 4155//2582 4153//2582
f 3949//5362 4153//5362 4155//5362
f 4152//2582 4154//2582 4153//2582
f 4156//2582 4157//2582 4155//2582
f 3948//5363 4155//5363 4157//5363
f 4154//2582 4156//2582 4155//2582
f 3949//5364 4155//5364 3948//5364
f 4158//2582 4159//2582 4157//2582
f 3948//5365 4157//5365 4159//5365
f 4156//2582 4158//2582 4157//2582
f 4160//2582 4161//2582 4159//2582
f 3947//5366 4159//5366 4161//5366
f 4158//2582 4160//2582 4159//2582
f 3948//5367 4159//5367 3947//5367
f 4160//2582 4162//2582 4161//2582
f 3947//5368 4161//5368 4162//5368
f 3946//5369 4162//5369 4160//5369
f 3947//5370 4162//5370 3946//5370
f 3945//5371 4160//5371 4158//5371
f 3946//5372 4160//5372 3945//5372
f 3945//5373 4158//5373 4156//5373
f 3944//5374 4156//5374 4154//5374
f 3945//5375 4156//5375 3944//5375
f 3944//5376 4154//5376 4152//5376
f 3943//5377 4152//5377 4150//5377
f 3944//5378 4152//5378 3943//5378
f 3942//5379 4150//5379 4148//5379
f 3943//5380 4150//5380 3942//5380
f 3942//5381 4148//5381 4146//5381
f 3941//5382 4146//5382 4144//5382
f 3942//5383 4146//5383 3941//5383
f 3941//5384 4144//5384 4142//5384
f 3940//5385 4142//5385 4140//5385
f 3941//5386 4142//5386 3940//5386
f 3940//5387 4140//5387 4138//5387
f 3939//5388 4138//5388 4136//5388
f 3940//5389 4138//5389 3939//5389
f 3938//5390 4136//5390 4134//5390
f 3939//5391 4136//5391 3938//5391
f 3938//5392 4134//5392 4132//5392
f 3937//5393 4132//5393 4130//5393
f 3938//5394 4132//5394 3937//5394
f 3937//5395 4130//5395 4128//5395
f 3936//5396 4128//5396 4126//5396
f 3937//5397 4128//5397 3936//5397
f 3936//5398 4126//5398 4124//5398
f 3935//5399 4124//5399 4122//5399
f 3936//5400 4124//5400 3935//5400
f 3934//5401 4122//5401 4120//5401
f 3935//5402 4122//5402 3934//5402
f 3934//5403 4120//5403 4118//5403
f 3933//5404 4118//5404 4116//5404
f 3934//5405 4118//5405 3933//5405
f 3933//5406 4116//5406 4114//5406
f 3932//5407 4114//5407 4112//5407
f 3933//5408 4114//5408 3932//5408
f 3931//5409 4112//5409 4110//5409
f 3932//5410 4112//5410 3931//5410
f 3931//5411 4110//5411 4108//5411
f 3930//5412 4108//5412 4106//5412
f 3931//5413 4108//5413 3930//5413
f 3930//5414 4106//5414 4104//5414
f 3929//5415 4104//5415 4102//5415
f 3930//5416 4104//5416 3929//5416
f 3929//5417 4102//5417 4100//5417
f 3928//5418 4100//5418 4098//5418
f 3929//5419 4100//5419 3928//5419
f 3927//5420 4098//5420 4096//5420
f 3928//5421 4098//5421 3927//5421
f 3927//5422 4096//5422 4094//5422
f 3926//5423 4094//5423 4092//5423
f 3927//5424 4094//5424 3926//5424
f 3926//5425 4092//5425 4090//5425
f 3925//5426 4090//5426 4089//5426
f 3926//5427 4090//5427 3925//5427
f 158//5428 10//5428 15//5428
f 4163//5429 15//5429 20//5429
f 4163//5430 158//5430 15//5430
f 4164//5431 20//5431 25//5431
f 4164//5429 4163//5429 20//5429
f 4165//5432 25//5432 30//5432
f 4165//5433 4164//5433 25//5433
f 4166//5434 30//5434 33//5434
f 4166//5432 4165//5432 30//5432
f 4167//5435 33//5435 38//5435
f 4167//5436 4166//5436 33//5436
f 4168//5437 38//5437 43//5437
f 4168//5435 4167//5435 38//5435
f 4169//5438 43//5438 48//5438
f 4169//5437 4168//5437 43//5437
f 4170//5439 48//5439 53//5439
f 4170//5438 4169//5438 48//5438
f 4171//5440 53//5440 57//5440
f 4171//5439 4170//5439 53//5439
f 4172//5441 57//5441 58//5441
f 4172//5440 4171//5440 57//5440
f 4173//5442 58//5442 59//5442
f 4173//5441 4172//5441 58//5441
f 4174//5443 59//5443 60//5443
f 4174//5444 4173//5444 59//5444
f 4175//5445 60//5445 61//5445
f 4175//5446 4174//5446 60//5446
f 4176//5447 61//5447 62//5447
f 4176//5445 4175//5445 61//5445
f 4177//5448 62//5448 63//5448
f 4177//5447 4176//5447 62//5447
f 4178//5449 63//5449 64//5449
f 4178//5448 4177//5448 63//5448
f 4179//5450 64//5450 65//5450
f 4179//5451 4178//5451 64//5451
f 4180//5452 65//5452 66//5452
f 4180//5450 4179//5450 65//5450
f 4181//5453 66//5453 67//5453
f 4181//5452 4180//5452 66//5452
f 4182//5454 67//5454 68//5454
f 4182//5455 4181//5455 67//5455
f 132//5456 4182//5456 68//5456
f 4183//5457 158//5457 4163//5457
f 4183//5458 205//5458 158//5458
f 4184//5459 4163//5459 4164//5459
f 4185//5460 4183//5460 4163//5460
f 4184//5461 4185//5461 4163//5461
f 4186//5462 4164//5462 4165//5462
f 4187//5463 4184//5463 4164//5463
f 4186//5464 4187//5464 4164//5464
f 4188//5465 4165//5465 4166//5465
f 4189//5466 4186//5466 4165//5466
f 4188//5467 4189//5467 4165//5467
f 4190//5468 4166//5468 4167//5468
f 4191//5469 4188//5469 4166//5469
f 4190//5470 4191//5470 4166//5470
f 4192//5471 4167//5471 4168//5471
f 4193//5472 4190//5472 4167//5472
f 4192//5473 4193//5473 4167//5473
f 4194//5474 4168//5474 4169//5474
f 4195//5475 4192//5475 4168//5475
f 4194//5476 4195//5476 4168//5476
f 4196//5477 4169//5477 4170//5477
f 4197//5478 4194//5478 4169//5478
f 4196//5479 4197//5479 4169//5479
f 4198//5480 4170//5480 4171//5480
f 4199//5481 4196//5481 4170//5481
f 4198//5482 4199//5482 4170//5482
f 4200//5483 4171//5483 4172//5483
f 4201//5484 4198//5484 4171//5484
f 4200//5485 4201//5485 4171//5485
f 4202//5486 4172//5486 4173//5486
f 4203//5487 4200//5487 4172//5487
f 4202//5488 4203//5488 4172//5488
f 4204//5489 4173//5489 4174//5489
f 4204//5490 4202//5490 4173//5490
f 4205//5491 4174//5491 4175//5491
f 4206//5492 4204//5492 4174//5492
f 4205//5493 4206//5493 4174//5493
f 4207//5494 4175//5494 4176//5494
f 4208//5495 4205//5495 4175//5495
f 4207//5496 4208//5496 4175//5496
f 4209//5497 4176//5497 4177//5497
f 4210//5498 4207//5498 4176//5498
f 4209//5499 4210//5499 4176//5499
f 4211//5500 4177//5500 4178//5500
f 4212//5501 4209//5501 4177//5501
f 4211//5502 4212//5502 4177//5502
f 4213//5503 4178//5503 4179//5503
f 4214//5504 4211//5504 4178//5504
f 4213//5505 4214//5505 4178//5505
f 4215//5506 4179//5506 4180//5506
f 4216//5507 4213//5507 4179//5507
f 4215//5508 4216//5508 4179//5508
f 4217//5509 4180//5509 4181//5509
f 4218//5510 4215//5510 4180//5510
f 4217//5511 4218//5511 4180//5511
f 4219//5512 4181//5512 4182//5512
f 4220//5513 4217//5513 4181//5513
f 4219//5514 4220//5514 4181//5514
f 4221//5515 4182//5515 132//5515
f 4222//5516 4219//5516 4182//5516
f 4221//5517 4222//5517 4182//5517
f 4223//5518 4221//5518 132//5518
f 160//5519 4223//5519 132//5519
f 4224//5520 205//5520 4183//5520
f 4224//5521 286//5521 205//5521
f 4225//5522 4183//5522 4185//5522
f 4225//5523 4224//5523 4183//5523
f 4226//5524 4185//5524 4184//5524
f 4226//5525 4225//5525 4185//5525
f 4227//5526 4184//5526 4187//5526
f 4227//5527 4226//5527 4184//5527
f 4228//5528 4187//5528 4186//5528
f 4228//5529 4227//5529 4187//5529
f 4229//5530 4186//5530 4189//5530
f 4229//5531 4228//5531 4186//5531
f 4230//5532 4189//5532 4188//5532
f 4230//5533 4229//5533 4189//5533
f 4231//5534 4188//5534 4191//5534
f 4232//5535 4230//5535 4188//5535
f 4231//5536 4232//5536 4188//5536
f 4233//5537 4191//5537 4190//5537
f 4233//5538 4231//5538 4191//5538
f 4234//5539 4190//5539 4193//5539
f 4234//5540 4233//5540 4190//5540
f 4235//5541 4193//5541 4192//5541
f 4235//5542 4234//5542 4193//5542
f 4236//5543 4192//5543 4195//5543
f 4236//5544 4235//5544 4192//5544
f 4237//5545 4195//5545 4194//5545
f 4237//5546 4236//5546 4195//5546
f 4238//5547 4194//5547 4197//5547
f 4238//5548 4237//5548 4194//5548
f 4239//5549 4197//5549 4196//5549
f 4240//5550 4238//5550 4197//5550
f 4239//5551 4240//5551 4197//5551
f 4241//5552 4196//5552 4199//5552
f 4241//5553 4239//5553 4196//5553
f 4242//5554 4199//5554 4198//5554
f 4242//5555 4241//5555 4199//5555
f 4243//5556 4198//5556 4201//5556
f 4243//5557 4242//5557 4198//5557
f 4244//5558 4201//5558 4200//5558
f 4244//5559 4243//5559 4201//5559
f 4245//5560 4200//5560 4203//5560
f 4245//5561 4244//5561 4200//5561
f 4246//5562 4203//5562 4202//5562
f 4246//5563 4245//5563 4203//5563
f 4247//5564 4202//5564 4204//5564
f 4247//5565 4246//5565 4202//5565
f 4248//5566 4204//5566 4206//5566
f 4249//5567 4247//5567 4204//5567
f 4248//5568 4249//5568 4204//5568
f 4250//5569 4206//5569 4205//5569
f 4250//5570 4248//5570 4206//5570
f 4251//5571 4205//5571 4208//5571
f 4251//5572 4250//5572 4205//5572
f 4252//5573 4208//5573 4207//5573
f 4252//5574 4251//5574 4208//5574
f 4253//5575 4207//5575 4210//5575
f 4253//5576 4252//5576 4207//5576
f 4254//5577 4210//5577 4209//5577
f 4254//5578 4253//5578 4210//5578
f 4255//5579 4209//5579 4212//5579
f 4255//5580 4254//5580 4209//5580
f 4256//5581 4212//5581 4211//5581
f 4257//5582 4255//5582 4212//5582
f 4256//5583 4257//5583 4212//5583
f 4258//5584 4211//5584 4214//5584
f 4258//5585 4256//5585 4211//5585
f 4259//5586 4214//5586 4213//5586
f 4259//5587 4258//5587 4214//5587
f 4260//5588 4213//5588 4216//5588
f 4260//5589 4259//5589 4213//5589
f 4261//5590 4216//5590 4215//5590
f 4261//5591 4260//5591 4216//5591
f 4262//5592 4215//5592 4218//5592
f 4262//5593 4261//5593 4215//5593
f 4263//5594 4218//5594 4217//5594
f 4263//5595 4262//5595 4218//5595
f 4264//5596 4217//5596 4220//5596
f 4265//5597 4263//5597 4217//5597
f 4264//5598 4265//5598 4217//5598
f 4266//5599 4220//5599 4219//5599
f 4266//5600 4264//5600 4220//5600
f 4267//5601 4219//5601 4222//5601
f 4267//5602 4266//5602 4219//5602
f 4268//5603 4222//5603 4221//5603
f 4268//5604 4267//5604 4222//5604
f 4269//5605 4221//5605 4223//5605
f 4269//5606 4268//5606 4221//5606
f 4270//5607 4223//5607 160//5607
f 4270//5608 4269//5608 4223//5608
f 207//5609 4270//5609 160//5609
f 317//5610 286//5610 4224//5610
f 317//5611 4224//5611 4225//5611
f 4271//5612 4225//5612 4226//5612
f 4271//5613 317//5613 4225//5613
f 4271//5614 4226//5614 4227//5614
f 4272//5615 4227//5615 4228//5615
f 4272//5616 4271//5616 4227//5616
f 4272//5617 4228//5617 4229//5617
f 4273//5618 4229//5618 4230//5618
f 4273//5619 4272//5619 4229//5619
f 4274//5620 4230//5620 4232//5620
f 4274//5621 4273//5621 4230//5621
f 4274//5622 4232//5622 4231//5622
f 4275//5623 4231//5623 4233//5623
f 4275//5624 4274//5624 4231//5624
f 4275//5625 4233//5625 4234//5625
f 4276//5626 4234//5626 4235//5626
f 4276//5627 4275//5627 4234//5627
f 4276//5628 4235//5628 4236//5628
f 4277//5629 4236//5629 4237//5629
f 4277//5630 4276//5630 4236//5630
f 4277//5631 4237//5631 4238//5631
f 4278//5632 4238//5632 4240//5632
f 4278//5633 4277//5633 4238//5633
f 4279//5634 4240//5634 4239//5634
f 4279//5635 4278//5635 4240//5635
f 4279//5636 4239//5636 4241//5636
f 4280//5637 4241//5637 4242//5637
f 4280//5638 4279//5638 4241//5638
f 4280//5639 4242//5639 4243//5639
f 4281//5640 4243//5640 4244//5640
f 4281//5641 4280//5641 4243//5641
f 4281//5642 4244//5642 4245//5642
f 4282//5643 4245//5643 4246//5643
f 4282//5644 4281//5644 4245//5644
f 4282//5645 4246//5645 4247//5645
f 4283//5646 4247//5646 4249//5646
f 4283//5647 4282//5647 4247//5647
f 4284//5648 4249//5648 4248//5648
f 4284//5649 4283//5649 4249//5649
f 4284//5650 4248//5650 4250//5650
f 4285//5651 4250//5651 4251//5651
f 4285//5652 4284//5652 4250//5652
f 4285//5653 4251//5653 4252//5653
f 4286//5654 4252//5654 4253//5654
f 4286//5655 4285//5655 4252//5655
f 4286//5656 4253//5656 4254//5656
f 4287//5657 4254//5657 4255//5657
f 4287//5658 4286//5658 4254//5658
f 4288//5659 4255//5659 4257//5659
f 4288//5660 4287//5660 4255//5660
f 4288//5661 4257//5661 4256//5661
f 4289//5662 4256//5662 4258//5662
f 4289//5663 4288//5663 4256//5663
f 4289//5664 4258//5664 4259//5664
f 4290//5665 4259//5665 4260//5665
f 4290//5666 4289//5666 4259//5666
f 4290//5667 4260//5667 4261//5667
f 4291//5668 4261//5668 4262//5668
f 4291//5669 4290//5669 4261//5669
f 4291//5670 4262//5670 4263//5670
f 4292//5671 4263//5671 4265//5671
f 4292//5672 4291//5672 4263//5672
f 4293//5673 4265//5673 4264//5673
f 4293//5674 4292//5674 4265//5674
f 4293//5675 4264//5675 4266//5675
f 4294//5676 4266//5676 4267//5676
f 4294//5677 4293//5677 4266//5677
f 4294//5678 4267//5678 4268//5678
f 4295//5679 4268//5679 4269//5679
f 4295//5680 4294//5680 4268//5680
f 4295//5681 4269//5681 4270//5681
f 257//5682 4270//5682 207//5682
f 257//5683 4295//5683 4270//5683
f 320//5684 317//5684 4271//5684
f 4296//5685 4271//5685 4272//5685
f 4296//5684 320//5684 4271//5684
f 4297//5686 4272//5686 4273//5686
f 4297//5685 4296//5685 4272//5685
f 4298//5687 4273//5687 4274//5687
f 4298//5686 4297//5686 4273//5686
f 4299//5688 4274//5688 4275//5688
f 4299//5689 4298//5689 4274//5689
f 4300//5690 4275//5690 4276//5690
f 4300//5688 4299//5688 4275//5688
f 4301//5691 4276//5691 4277//5691
f 4301//5690 4300//5690 4276//5690
f 4302//5692 4277//5692 4278//5692
f 4302//5691 4301//5691 4277//5691
f 4303//5693 4278//5693 4279//5693
f 4303//5692 4302//5692 4278//5692
f 4304//5694 4279//5694 4280//5694
f 4304//5695 4303//5695 4279//5695
f 4305//5696 4280//5696 4281//5696
f 4305//5694 4304//5694 4280//5694
f 4306//5697 4281//5697 4282//5697
f 4306//5696 4305//5696 4281//5696
f 4307//5698 4282//5698 4283//5698
f 4307//5697 4306//5697 4282//5697
f 4308//5699 4283//5699 4284//5699
f 4308//5698 4307//5698 4283//5698
f 4309//5700 4284//5700 4285//5700
f 4309//5699 4308//5699 4284//5699
f 4310//5701 4285//5701 4286//5701
f 4310//5700 4309//5700 4285//5700
f 4311//5702 4286//5702 4287//5702
f 4311//5701 4310//5701 4286//5701
f 4312//5703 4287//5703 4288//5703
f 4312//5702 4311//5702 4287//5702
f 4313//5704 4288//5704 4289//5704
f 4313//5705 4312//5705 4288//5705
f 4314//5706 4289//5706 4290//5706
f 4314//5704 4313//5704 4289//5704
f 4315//5707 4290//5707 4291//5707
f 4315//5706 4314//5706 4290//5706
f 4316//5708 4291//5708 4292//5708
f 4316//5707 4315//5707 4291//5707
f 4317//5709 4292//5709 4293//5709
f 4317//5708 4316//5708 4292//5708
f 4318//5710 4293//5710 4294//5710
f 4318//5709 4317//5709 4293//5709
f 4319//5711 4294//5711 4295//5711
f 4319//5710 4318//5710 4294//5710
f 4320//5712 4295//5712 257//5712
f 4320//5711 4319//5711 4295//5711
f 288//5712 4320//5712 257//5712
f 351//5713 320//5713 4296//5713
f 4321//5714 4296//5714 4297//5714
f 4321//5713 351//5713 4296//5713
f 4322//5715 4297//5715 4298//5715
f 4322//5714 4321//5714 4297//5714
f 4323//5716 4298//5716 4299//5716
f 4323//5715 4322//5715 4298//5715
f 4324//5717 4299//5717 4300//5717
f 4324//5716 4323//5716 4299//5716
f 4325//5718 4300//5718 4301//5718
f 4325//5717 4324//5717 4300//5717
f 4326//5719 4301//5719 4302//5719
f 4326//5718 4325//5718 4301//5718
f 4327//5720 4302//5720 4303//5720
f 4327//5719 4326//5719 4302//5719
f 4328//5721 4303//5721 4304//5721
f 4328//5720 4327//5720 4303//5720
f 4329//5722 4304//5722 4305//5722
f 4329//5721 4328//5721 4304//5721
f 4330//5723 4305//5723 4306//5723
f 4330//5722 4329//5722 4305//5722
f 4331//5724 4306//5724 4307//5724
f 4331//5723 4330//5723 4306//5723
f 4332//5725 4307//5725 4308//5725
f 4332//5724 4331//5724 4307//5724
f 4333//5726 4308//5726 4309//5726
f 4333//5725 4332//5725 4308//5725
f 4334//5727 4309//5727 4310//5727
f 4334//5726 4333//5726 4309//5726
f 4335//5728 4310//5728 4311//5728
f 4335//5727 4334//5727 4310//5727
f 4336//5729 4311//5729 4312//5729
f 4336//5728 4335//5728 4311//5728
f 4337//5730 4312//5730 4313//5730
f 4337//5729 4336//5729 4312//5729
f 4338//5731 4313//5731 4314//5731
f 4338//5730 4337//5730 4313//5730
f 4339//5732 4314//5732 4315//5732
f 4339//5731 4338//5731 4314//5731
f 4340//5733 4315//5733 4316//5733
f 4340//5732 4339//5732 4315//5732
f 4341//5734 4316//5734 4317//5734
f 4341//5733 4340//5733 4316//5733
f 4342//5735 4317//5735 4318//5735
f 4342//5734 4341//5734 4317//5734
f 4343//5736 4318//5736 4319//5736
f 4343//5735 4342//5735 4318//5735
f 4344//5737 4319//5737 4320//5737
f 4344//5736 4343//5736 4319//5736
f 4345//5738 4320//5738 288//5738
f 4345//5737 4344//5737 4320//5737
f 322//5738 4345//5738 288//5738
f 382//5739 351//5739 4321//5739
f 4346//5740 4321//5740 4322//5740
f 4346//5739 382//5739 4321//5739
f 4347//5741 4322//5741 4323//5741
f 4347//5740 4346//5740 4322//5740
f 4348//5742 4323//5742 4324//5742
f 4348//5741 4347//5741 4323//5741
f 4349//5743 4324//5743 4325//5743
f 4349//5742 4348//5742 4324//5742
f 4350//5744 4325//5744 4326//5744
f 4350//5743 4349//5743 4325//5743
f 4351//5745 4326//5745 4327//5745
f 4351//5744 4350//5744 4326//5744
f 4352//5746 4327//5746 4328//5746
f 4352//5745 4351//5745 4327//5745
f 4353//5747 4328//5747 4329//5747
f 4353//5746 4352//5746 4328//5746
f 4354//5748 4329//5748 4330//5748
f 4354//5747 4353//5747 4329//5747
f 4355//5749 4330//5749 4331//5749
f 4355//5748 4354//5748 4330//5748
f 4356//5750 4331//5750 4332//5750
f 4356//5749 4355//5749 4331//5749
f 4357//5751 4332//5751 4333//5751
f 4357//5750 4356//5750 4332//5750
f 4358//5752 4333//5752 4334//5752
f 4358//5751 4357//5751 4333//5751
f 4359//5753 4334//5753 4335//5753
f 4359//5752 4358//5752 4334//5752
f 4360//5754 4335//5754 4336//5754
f 4360//5753 4359//5753 4335//5753
f 4361//5755 4336//5755 4337//5755
f 4361//5754 4360//5754 4336//5754
f 4362//5756 4337//5756 4338//5756
f 4362//5755 4361//5755 4337//5755
f 4363//5757 4338//5757 4339//5757
f 4363//5756 4362//5756 4338//5756
f 4364//5758 4339//5758 4340//5758
f 4364//5757 4363//5757 4339//5757
f 4365//5759 4340//5759 4341//5759
f 4365//5758 4364//5758 4340//5758
f 4366//5760 4341//5760 4342//5760
f 4366//5759 4365//5759 4341//5759
f 4367//5761 4342//5761 4343//5761
f 4367//5760 4366//5760 4342//5760
f 4368//5762 4343//5762 4344//5762
f 4368//5761 4367//5761 4343//5761
f 4369//5763 4344//5763 4345//5763
f 4369//5762 4368//5762 4344//5762
f 4370//5764 4345//5764 322//5764
f 4370//5763 4369//5763 4345//5763
f 353//5764 4370//5764 322//5764
f 413//5765 382//5765 4346//5765
f 4371//5766 4346//5766 4347//5766
f 4371//5767 413//5767 4346//5767
f 4372//5768 4347//5768 4348//5768
f 4372//5769 4371//5769 4347//5769
f 4373//5770 4348//5770 4349//5770
f 4373//5771 4372//5771 4348//5771
f 4374//5772 4349//5772 4350//5772
f 4374//5773 4373//5773 4349//5773
f 4375//5774 4350//5774 4351//5774
f 4375//5775 4374//5775 4350//5775
f 4376//5776 4351//5776 4352//5776
f 4376//5777 4375//5777 4351//5777
f 4377//5778 4352//5778 4353//5778
f 4377//5779 4376//5779 4352//5779
f 4378//5780 4353//5780 4354//5780
f 4378//5781 4377//5781 4353//5781
f 4379//5782 4354//5782 4355//5782
f 4379//5783 4378//5783 4354//5783
f 4380//5784 4355//5784 4356//5784
f 4380//5785 4379//5785 4355//5785
f 4381//5786 4356//5786 4357//5786
f 4381//5787 4380//5787 4356//5787
f 4382//5788 4357//5788 4358//5788
f 4382//5789 4381//5789 4357//5789
f 4383//5790 4358//5790 4359//5790
f 4383//5791 4382//5791 4358//5791
f 4384//5792 4359//5792 4360//5792
f 4384//5793 4383//5793 4359//5793
f 4385//5794 4360//5794 4361//5794
f 4385//5795 4384//5795 4360//5795
f 4386//5796 4361//5796 4362//5796
f 4386//5797 4385//5797 4361//5797
f 4387//5798 4362//5798 4363//5798
f 4387//5799 4386//5799 4362//5799
f 4388//5800 4363//5800 4364//5800
f 4388//5801 4387//5801 4363//5801
f 4389//5802 4364//5802 4365//5802
f 4389//5803 4388//5803 4364//5803
f 4390//5804 4365//5804 4366//5804
f 4390//5805 4389//5805 4365//5805
f 4391//5806 4366//5806 4367//5806
f 4391//5807 4390//5807 4366//5807
f 4392//5808 4367//5808 4368//5808
f 4392//5809 4391//5809 4367//5809
f 4393//5810 4368//5810 4369//5810
f 4393//5811 4392//5811 4368//5811
f 4394//5812 4369//5812 4370//5812
f 4394//5813 4393//5813 4369//5813
f 384//5814 4370//5814 353//5814
f 384//5815 4394//5815 4370//5815
f 4395//5816 413//5816 4371//5816
f 4395//5817 499//5817 413//5817
f 4396//5818 4371//5818 4372//5818
f 4397//5819 4395//5819 4371//5819
f 4396//5820 4397//5820 4371//5820
f 4398//5821 4372//5821 4373//5821
f 4399//5822 4396//5822 4372//5822
f 4398//5823 4399//5823 4372//5823
f 4400//5824 4373//5824 4374//5824
f 4401//5825 4398//5825 4373//5825
f 4400//5826 4401//5826 4373//5826
f 4402//5827 4374//5827 4375//5827
f 4403//5828 4400//5828 4374//5828
f 4402//5829 4403//5829 4374//5829
f 4404//5830 4375//5830 4376//5830
f 4405//5831 4402//5831 4375//5831
f 4404//5832 4405//5832 4375//5832
f 4406//5833 4376//5833 4377//5833
f 4407//5834 4404//5834 4376//5834
f 4406//4599 4407//4599 4376//4599
f 4408//5835 4377//5835 4378//5835
f 4409//5836 4406//5836 4377//5836
f 4408//5837 4409//5837 4377//5837
f 4410//5838 4378//5838 4379//5838
f 4411//5839 4408//5839 4378//5839
f 4410//5840 4411//5840 4378//5840
f 4412//5841 4379//5841 4380//5841
f 4413//5842 4410//5842 4379//5842
f 4412//5843 4413//5843 4379//5843
f 4414//5844 4380//5844 4381//5844
f 4415//5845 4412//5845 4380//5845
f 4414//5846 4415//5846 4380//5846
f 4416//5847 4381//5847 4382//5847
f 4417//5848 4414//5848 4381//5848
f 4416//5849 4417//5849 4381//5849
f 4418//5850 4382//5850 4383//5850
f 4419//5851 4416//5851 4382//5851
f 4418//5852 4419//5852 4382//5852
f 4420//5853 4383//5853 4384//5853
f 4421//5854 4418//5854 4383//5854
f 4420//5855 4421//5855 4383//5855
f 4422//5856 4384//5856 4385//5856
f 4423//5857 4420//5857 4384//5857
f 4422//5858 4423//5858 4384//5858
f 4424//5859 4385//5859 4386//5859
f 4425//5860 4422//5860 4385//5860
f 4424//5861 4425//5861 4385//5861
f 4426//5862 4386//5862 4387//5862
f 4427//5863 4424//5863 4386//5863
f 4426//5864 4427//5864 4386//5864
f 4428//5865 4387//5865 4388//5865
f 4429//5866 4426//5866 4387//5866
f 4428//5867 4429//5867 4387//5867
f 4430//5868 4388//5868 4389//5868
f 4431//5869 4428//5869 4388//5869
f 4430//5870 4431//5870 4388//5870
f 4432//5871 4389//5871 4390//5871
f 4433//5872 4430//5872 4389//5872
f 4432//5873 4433//5873 4389//5873
f 4434//5874 4390//5874 4391//5874
f 4435//5875 4432//5875 4390//5875
f 4434//5876 4435//5876 4390//5876
f 4436//5877 4391//5877 4392//5877
f 4437//5878 4434//5878 4391//5878
f 4436//5879 4437//5879 4391//5879
f 4438//5880 4392//5880 4393//5880
f 4439//5881 4436//5881 4392//5881
f 4438//5882 4439//5882 4392//5882
f 4440//5883 4393//5883 4394//5883
f 4441//5884 4438//5884 4393//5884
f 4440//5885 4441//5885 4393//5885
f 4442//5886 4394//5886 384//5886
f 4443//5887 4440//5887 4394//5887
f 4442//5888 4443//5888 4394//5888
f 4444//5889 4442//5889 384//5889
f 416//5890 4444//5890 384//5890
f 531//5891 499//5891 4395//5891
f 531//5892 4395//5892 4397//5892
f 4445//5893 4397//5893 4396//5893
f 4445//5894 531//5894 4397//5894
f 4445//5895 4396//5895 4399//5895
f 4446//5896 4399//5896 4398//5896
f 4446//5897 4445//5897 4399//5897
f 4446//5898 4398//5898 4401//5898
f 4447//5899 4401//5899 4400//5899
f 4447//5900 4446//5900 4401//5900
f 4447//5901 4400//5901 4403//5901
f 4448//5902 4403//5902 4402//5902
f 4448//5903 4447//5903 4403//5903
f 4448//5904 4402//5904 4405//5904
f 4449//5905 4405//5905 4404//5905
f 4449//5906 4448//5906 4405//5906
f 4449//5907 4404//5907 4407//5907
f 4450//5908 4407//5908 4406//5908
f 4450//5909 4449//5909 4407//5909
f 4451//5910 4406//5910 4409//5910
f 4451//5911 4450//5911 4406//5911
f 4451//5912 4409//5912 4408//5912
f 4452//5913 4408//5913 4411//5913
f 4452//5914 4451//5914 4408//5914
f 4452//5915 4411//5915 4410//5915
f 4453//5916 4410//5916 4413//5916
f 4453//5917 4452//5917 4410//5917
f 4453//5918 4413//5918 4412//5918
f 4454//5919 4412//5919 4415//5919
f 4454//5920 4453//5920 4412//5920
f 4454//5921 4415//5921 4414//5921
f 4455//5922 4414//5922 4417//5922
f 4455//5923 4454//5923 4414//5923
f 4455//5924 4417//5924 4416//5924
f 4456//5925 4416//5925 4419//5925
f 4456//5926 4455//5926 4416//5926
f 4456//5927 4419//5927 4418//5927
f 4457//5928 4418//5928 4421//5928
f 4457//5929 4456//5929 4418//5929
f 4458//5930 4421//5930 4420//5930
f 4458//5931 4457//5931 4421//5931
f 4458//5932 4420//5932 4423//5932
f 4459//5933 4423//5933 4422//5933
f 4459//5934 4458//5934 4423//5934
f 4459//5935 4422//5935 4425//5935
f 4460//5936 4425//5936 4424//5936
f 4460//5937 4459//5937 4425//5937
f 4460//5938 4424//5938 4427//5938
f 4461//5939 4427//5939 4426//5939
f 4461//5940 4460//5940 4427//5940
f 4461//5941 4426//5941 4429//5941
f 4462//5942 4429//5942 4428//5942
f 4462//5943 4461//5943 4429//5943
f 4462//5944 4428//5944 4431//5944
f 4463//5945 4431//5945 4430//5945
f 4463//5946 4462//5946 4431//5946
f 4463//5947 4430//5947 4433//5947
f 4464//5948 4433//5948 4432//5948
f 4464//5949 4463//5949 4433//5949
f 4465//5950 4432//5950 4435//5950
f 4465//5951 4464//5951 4432//5951
f 4465//5952 4435//5952 4434//5952
f 4466//5953 4434//5953 4437//5953
f 4466//5954 4465//5954 4434//5954
f 4466//5955 4437//5955 4436//5955
f 4467//5956 4436//5956 4439//5956
f 4467//5957 4466//5957 4436//5957
f 4467//5958 4439//5958 4438//5958
f 4468//5959 4438//5959 4441//5959
f 4468//5960 4467//5960 4438//5960
f 4468//5961 4441//5961 4440//5961
f 4469//5962 4440//5962 4443//5962
f 4469//5963 4468//5963 4440//5963
f 4469//5964 4443//5964 4442//5964
f 4470//5965 4442//5965 4444//5965
f 4470//5966 4469//5966 4442//5966
f 4470//5967 4444//5967 416//5967
f 469//5968 416//5968 415//5968
f 469//5969 4470//5969 416//5969
f 534//5970 531//5970 4445//5970
f 4471//5971 4445//5971 4446//5971
f 4471//5970 534//5970 4445//5970
f 4472//5972 4446//5972 4447//5972
f 4472//5971 4471//5971 4446//5971
f 4473//5973 4447//5973 4448//5973
f 4473//5972 4472//5972 4447//5972
f 4474//5974 4448//5974 4449//5974
f 4474//5973 4473//5973 4448//5973
f 4475//5975 4449//5975 4450//5975
f 4475//5974 4474//5974 4449//5974
f 4476//5976 4450//5976 4451//5976
f 4476//5975 4475//5975 4450//5975
f 4477//5977 4451//5977 4452//5977
f 4477//5976 4476//5976 4451//5976
f 4478//5978 4452//5978 4453//5978
f 4478//5977 4477//5977 4452//5977
f 4479//5979 4453//5979 4454//5979
f 4479//5978 4478//5978 4453//5978
f 4480//5980 4454//5980 4455//5980
f 4480//5979 4479//5979 4454//5979
f 4481//5981 4455//5981 4456//5981
f 4481//5980 4480//5980 4455//5980
f 4482//5982 4456//5982 4457//5982
f 4482//5981 4481//5981 4456//5981
f 4483//5983 4457//5983 4458//5983
f 4483//5982 4482//5982 4457//5982
f 4484//5984 4458//5984 4459//5984
f 4484//5983 4483//5983 4458//5983
f 4485//5985 4459//5985 4460//5985
f 4485//5984 4484//5984 4459//5984
f 4486//5986 4460//5986 4461//5986
f 4486//5985 4485//5985 4460//5985
f 4487//5987 4461//5987 4462//5987
f 4487//5986 4486//5986 4461//5986
f 4488//5988 4462//5988 4463//5988
f 4488//5987 4487//5987 4462//5987
f 4489//5989 4463//5989 4464//5989
f 4489//5988 4488//5988 4463//5988
f 4490//5990 4464//5990 4465//5990
f 4490//5989 4489//5989 4464//5989
f 4491//5991 4465//5991 4466//5991
f 4491//5990 4490//5990 4465//5990
f 4492//5992 4466//5992 4467//5992
f 4492//5991 4491//5991 4466//5991
f 4493//5993 4467//5993 4468//5993
f 4493//5992 4492//5992 4467//5992
f 4494//5994 4468//5994 4469//5994
f 4494//5993 4493//5993 4468//5993
f 4495//5995 4469//5995 4470//5995
f 4495//5994 4494//5994 4469//5994
f 4496//5996 4470//5996 469//5996
f 4496//5995 4495//5995 4470//5995
f 501//5996 4496//5996 469//5996
f 566//5997 534//5997 4471//5997
f 4497//5998 4471//5998 4472//5998
f 4497//5997 566//5997 4471//5997
f 4498//5999 4472//5999 4473//5999
f 4498//5998 4497//5998 4472//5998
f 4499//6000 4473//6000 4474//6000
f 4499//5999 4498//5999 4473//5999
f 4500//6001 4474//6001 4475//6001
f 4500//6000 4499//6000 4474//6000
f 4501//6002 4475//6002 4476//6002
f 4501//6001 4500//6001 4475//6001
f 4502//6003 4476//6003 4477//6003
f 4502//6002 4501//6002 4476//6002
f 4503//6004 4477//6004 4478//6004
f 4503//6003 4502//6003 4477//6003
f 4504//6005 4478//6005 4479//6005
f 4504//6004 4503//6004 4478//6004
f 4505//6006 4479//6006 4480//6006
f 4505//6005 4504//6005 4479//6005
f 4506//6007 4480//6007 4481//6007
f 4506//6006 4505//6006 4480//6006
f 4507//6008 4481//6008 4482//6008
f 4507//6007 4506//6007 4481//6007
f 4508//6009 4482//6009 4483//6009
f 4508//6008 4507//6008 4482//6008
f 4509//6010 4483//6010 4484//6010
f 4509//6009 4508//6009 4483//6009
f 4510//6011 4484//6011 4485//6011
f 4510//6010 4509//6010 4484//6010
f 4511//6012 4485//6012 4486//6012
f 4511//6011 4510//6011 4485//6011
f 4512//6013 4486//6013 4487//6013
f 4512//6012 4511//6012 4486//6012
f 4513//6014 4487//6014 4488//6014
f 4513//6013 4512//6013 4487//6013
f 4514//6015 4488//6015 4489//6015
f 4514//6014 4513//6014 4488//6014
f 4515//6016 4489//6016 4490//6016
f 4515//6015 4514//6015 4489//6015
f 4516//6017 4490//6017 4491//6017
f 4516//6016 4515//6016 4490//6016
f 4517//6018 4491//6018 4492//6018
f 4517//6017 4516//6017 4491//6017
f 4518//6019 4492//6019 4493//6019
f 4518//6018 4517//6018 4492//6018
f 4519//6020 4493//6020 4494//6020
f 4519//6019 4518//6019 4493//6019
f 4520//6021 4494//6021 4495//6021
f 4520//6022 4519//6022 4494//6022
f 4521//6023 4495//6023 4496//6023
f 4521//6021 4520//6021 4495//6021
f 4522//6024 4496//6024 501//6024
f 4522//6023 4521//6023 4496//6023
f 536//6024 4522//6024 501//6024
f 598//6025 566//6025 4497//6025
f 4523//6026 4497//6026 4498//6026
f 4523//6025 598//6025 4497//6025
f 4524//6027 4498//6027 4499//6027
f 4524//6026 4523//6026 4498//6026
f 4525//6028 4499//6028 4500//6028
f 4525//6027 4524//6027 4499//6027
f 4526//6029 4500//6029 4501//6029
f 4526//6028 4525//6028 4500//6028
f 4527//6030 4501//6030 4502//6030
f 4527//6029 4526//6029 4501//6029
f 4528//6031 4502//6031 4503//6031
f 4528//6030 4527//6030 4502//6030
f 4529//6032 4503//6032 4504//6032
f 4529//6031 4528//6031 4503//6031
f 4530//6033 4504//6033 4505//6033
f 4530//6032 4529//6032 4504//6032
f 4531//6034 4505//6034 4506//6034
f 4531//6033 4530//6033 4505//6033
f 4532//6035 4506//6035 4507//6035
f 4532//6034 4531//6034 4506//6034
f 4533//6036 4507//6036 4508//6036
f 4533//6035 4532//6035 4507//6035
f 4534//6037 4508//6037 4509//6037
f 4534//6036 4533//6036 4508//6036
f 4535//6038 4509//6038 4510//6038
f 4535//6037 4534//6037 4509//6037
f 4536//6039 4510//6039 4511//6039
f 4536//6038 4535//6038 4510//6038
f 4537//6040 4511//6040 4512//6040
f 4537//6039 4536//6039 4511//6039
f 4538//6041 4512//6041 4513//6041
f 4538//6040 4537//6040 4512//6040
f 4539//6042 4513//6042 4514//6042
f 4539//6041 4538//6041 4513//6041
f 4540//6043 4514//6043 4515//6043
f 4540//6042 4539//6042 4514//6042
f 4541//6044 4515//6044 4516//6044
f 4541//6043 4540//6043 4515//6043
f 4542//6045 4516//6045 4517//6045
f 4542//6044 4541//6044 4516//6044
f 4543//6046 4517//6046 4518//6046
f 4543//6045 4542//6045 4517//6045
f 4544//6047 4518//6047 4519//6047
f 4544//6046 4543//6046 4518//6046
f 4545//6048 4519//6048 4520//6048
f 4545//6047 4544//6047 4519//6047
f 4546//6049 4520//6049 4521//6049
f 4546//6048 4545//6048 4520//6048
f 4547//6050 4521//6050 4522//6050
f 4547//6049 4546//6049 4521//6049
f 4548//6051 4522//6051 536//6051
f 4548//6050 4547//6050 4522//6050
f 568//6051 4548//6051 536//6051
f 4549//6052 598//6052 4523//6052
f 4549//6053 631//6053 598//6053
f 4550//6054 4523//6054 4524//6054
f 4550//6055 4549//6055 4523//6055
f 4551//6056 4524//6056 4525//6056
f 4551//6057 4550//6057 4524//6057
f 4552//6058 4525//6058 4526//6058
f 4552//6059 4551//6059 4525//6059
f 4553//6060 4526//6060 4527//6060
f 4553//6061 4552//6061 4526//6061
f 4554//6062 4527//6062 4528//6062
f 4554//6063 4553//6063 4527//6063
f 4555//6064 4528//6064 4529//6064
f 4555//6065 4554//6065 4528//6065
f 4556//6066 4529//6066 4530//6066
f 4556//6067 4555//6067 4529//6067
f 4557//6068 4530//6068 4531//6068
f 4557//6069 4556//6069 4530//6069
f 4558//6070 4531//6070 4532//6070
f 4558//6071 4557//6071 4531//6071
f 4559//6072 4532//6072 4533//6072
f 4559//6073 4558//6073 4532//6073
f 4560//6074 4533//6074 4534//6074
f 4560//6075 4559//6075 4533//6075
f 4561//6076 4534//6076 4535//6076
f 4561//6077 4560//6077 4534//6077
f 4562//6078 4535//6078 4536//6078
f 4562//6079 4561//6079 4535//6079
f 4563//6080 4536//6080 4537//6080
f 4563//6081 4562//6081 4536//6081
f 4564//6082 4537//6082 4538//6082
f 4564//6083 4563//6083 4537//6083
f 4565//6084 4538//6084 4539//6084
f 4565//6085 4564//6085 4538//6085
f 4566//6086 4539//6086 4540//6086
f 4566//6087 4565//6087 4539//6087
f 4567//6088 4540//6088 4541//6088
f 4567//6089 4566//6089 4540//6089
f 4568//6090 4541//6090 4542//6090
f 4568//6091 4567//6091 4541//6091
f 4569//6092 4542//6092 4543//6092
f 4569//6093 4568//6093 4542//6093
f 4570//6094 4543//6094 4544//6094
f 4570//6095 4569//6095 4543//6095
f 4571//6096 4544//6096 4545//6096
f 4571//6097 4570//6097 4544//6097
f 4572//6098 4545//6098 4546//6098
f 4572//6099 4571//6099 4545//6099
f 4573//6100 4546//6100 4547//6100
f 4573//6101 4572//6101 4546//6101
f 4574//6102 4547//6102 4548//6102
f 4574//6103 4573//6103 4547//6103
f 4575//6104 4548//6104 568//6104
f 4575//6105 4574//6105 4548//6105
f 600//6106 4575//6106 568//6106
f 4576//6107 631//6107 4549//6107
f 4576//6108 697//6108 631//6108
f 4577//6109 4549//6109 4550//6109
f 4577//6110 4576//6110 4549//6110
f 4578//6111 4550//6111 4551//6111
f 4578//6112 4577//6112 4550//6112
f 4579//6113 4551//6113 4552//6113
f 4579//6114 4578//6114 4551//6114
f 4580//6115 4552//6115 4553//6115
f 4580//6116 4579//6116 4552//6116
f 4581//6117 4553//6117 4554//6117
f 4581//6118 4580//6118 4553//6118
f 4582//6119 4554//6119 4555//6119
f 4582//6120 4581//6120 4554//6120
f 4583//6121 4555//6121 4556//6121
f 4583//6122 4582//6122 4555//6122
f 4584//6123 4556//6123 4557//6123
f 4584//6124 4583//6124 4556//6124
f 4585//6125 4557//6125 4558//6125
f 4585//6126 4584//6126 4557//6126
f 4586//6127 4558//6127 4559//6127
f 4586//6128 4585//6128 4558//6128
f 4587//6129 4559//6129 4560//6129
f 4587//6130 4586//6130 4559//6130
f 4588//6131 4560//6131 4561//6131
f 4588//6132 4587//6132 4560//6132
f 4589//6133 4561//6133 4562//6133
f 4589//6134 4588//6134 4561//6134
f 4590//6135 4562//6135 4563//6135
f 4590//6136 4589//6136 4562//6136
f 4591//6137 4563//6137 4564//6137
f 4591//6138 4590//6138 4563//6138
f 4592//6139 4564//6139 4565//6139
f 4592//6140 4591//6140 4564//6140
f 4593//6141 4565//6141 4566//6141
f 4593//6142 4592//6142 4565//6142
f 4594//6143 4566//6143 4567//6143
f 4594//6144 4593//6144 4566//6144
f 4595//6145 4567//6145 4568//6145
f 4595//6146 4594//6146 4567//6146
f 4596//6147 4568//6147 4569//6147
f 4596//6148 4595//6148 4568//6148
f 4597//6149 4569//6149 4570//6149
f 4597//6150 4596//6150 4569//6150
f 4598//6151 4570//6151 4571//6151
f 4598//6152 4597//6152 4570//6152
f 4599//6153 4571//6153 4572//6153
f 4599//6154 4598//6154 4571//6154
f 4600//6155 4572//6155 4573//6155
f 4600//6156 4599//6156 4572//6156
f 4601//6157 4573//6157 4574//6157
f 4601//6158 4600//6158 4573//6158
f 4602//6159 4574//6159 4575//6159
f 4602//6160 4601//6160 4574//6160
f 4603//6161 4575//6161 600//6161
f 4603//6162 4602//6162 4575//6162
f 633//6163 4603//6163 600//6163
f 732//6164 697//6164 4576//6164
f 891//6165 4576//6165 4577//6165
f 891//6164 732//6164 4576//6164
f 888//6166 4577//6166 4578//6166
f 888//6165 891//6165 4577//6165
f 884//6167 4578//6167 4579//6167
f 884//6168 888//6168 4578//6168
f 880//6169 4579//6169 4580//6169
f 880//6167 884//6167 4579//6167
f 876//6170 4580//6170 4581//6170
f 876//6171 880//6171 4580//6171
f 872//6172 4581//6172 4582//6172
f 872//6170 876//6170 4581//6170
f 868//6173 4582//6173 4583//6173
f 868//6174 872//6174 4582//6174
f 865//6175 4583//6175 4584//6175
f 865//6173 868//6173 4583//6173
f 861//6176 4584//6176 4585//6176
f 861//6175 865//6175 4584//6175
f 857//6177 4585//6177 4586//6177
f 857//6178 861//6178 4585//6178
f 854//6179 4586//6179 4587//6179
f 854//6177 857//6177 4586//6177
f 850//6180 4587//6180 4588//6180
f 850//6181 854//6181 4587//6181
f 847//6182 4588//6182 4589//6182
f 847//6183 850//6183 4588//6183
f 844//6184 4589//6184 4590//6184
f 844//6185 847//6185 4589//6185
f 841//6186 4590//6186 4591//6186
f 841//6184 844//6184 4590//6184
f 838//6187 4591//6187 4592//6187
f 838//6188 841//6188 4591//6188
f 835//6189 4592//6189 4593//6189
f 835//6187 838//6187 4592//6187
f 831//6190 4593//6190 4594//6190
f 831//6191 835//6191 4593//6191
f 828//6192 4594//6192 4595//6192
f 828//6190 831//6190 4594//6190
f 824//6193 4595//6193 4596//6193
f 824//6194 828//6194 4595//6194
f 820//6195 4596//6195 4597//6195
f 820//6196 824//6196 4596//6196
f 817//6197 4597//6197 4598//6197
f 817//6198 820//6198 4597//6198
f 813//6199 4598//6199 4599//6199
f 813//6200 817//6200 4598//6200
f 809//6201 4599//6201 4600//6201
f 809//6202 813//6202 4599//6202
f 805//6203 4600//6203 4601//6203
f 805//6204 809//6204 4600//6204
f 801//6205 4601//6205 4602//6205
f 801//6206 805//6206 4601//6206
f 797//6207 4602//6207 4603//6207
f 797//6208 801//6208 4602//6208
f 793//6209 4603//6209 633//6209
f 793//6210 797//6210 4603//6210
f 664//6209 793//6209 633//6209
f 1017//6211 896//6211 897//6211
f 4604//6212 897//6212 898//6212
f 4604//6213 1017//6213 897//6213
f 4605//6214 898//6214 899//6214
f 4605//6215 4604//6215 898//6215
f 4606//6216 899//6216 900//6216
f 4606//6214 4605//6214 899//6214
f 4607//6217 900//6217 901//6217
f 4607//6218 4606//6218 900//6218
f 4608//6219 901//6219 902//6219
f 4608//6217 4607//6217 901//6217
f 4609//6220 902//6220 903//6220
f 4609//6219 4608//6219 902//6219
f 4610//6221 903//6221 904//6221
f 4610//6222 4609//6222 903//6222
f 4611//6223 904//6223 905//6223
f 4611//6221 4610//6221 904//6221
f 4612//6224 905//6224 906//6224
f 4612//6225 4611//6225 905//6225
f 4613//6226 906//6226 907//6226
f 4613//6227 4612//6227 906//6227
f 4614//6228 907//6228 908//6228
f 4614//6229 4613//6229 907//6229
f 4615//6230 908//6230 912//6230
f 4615//6228 4614//6228 908//6228
f 4616//6231 912//6231 917//6231
f 4616//6230 4615//6230 912//6230
f 4617//6232 917//6232 921//6232
f 4617//6233 4616//6233 917//6233
f 4618//6234 921//6234 922//6234
f 4618//6232 4617//6232 921//6232
f 4619//6235 922//6235 923//6235
f 4619//6234 4618//6234 922//6234
f 4620//6236 923//6236 924//6236
f 4620//6235 4619//6235 923//6235
f 4621//6237 924//6237 925//6237
f 4621//6236 4620//6236 924//6236
f 4622//6238 925//6238 926//6238
f 4622//6239 4621//6239 925//6239
f 4623//6240 926//6240 927//6240
f 4623//6241 4622//6241 926//6241
f 4624//6242 927//6242 928//6242
f 4624//6243 4623//6243 927//6243
f 4625//6244 928//6244 929//6244
f 4625//6242 4624//6242 928//6242
f 4626//6245 929//6245 930//6245
f 4626//6246 4625//6246 929//6246
f 4627//6247 930//6247 931//6247
f 4627//6248 4626//6248 930//6248
f 4628//6249 931//6249 932//6249
f 4628//6247 4627//6247 931//6247
f 4629//6250 932//6250 933//6250
f 4629//6249 4628//6249 932//6249
f 4630//6251 933//6251 934//6251
f 4630//6252 4629//6252 933//6252
f 4631//6253 934//6253 935//6253
f 4631//6254 4630//6254 934//6254
f 4632//6255 935//6255 936//6255
f 4632//6256 4631//6256 935//6256
f 4633//6257 936//6257 937//6257
f 4633//6258 4632//6258 936//6258
f 981//6259 4633//6259 937//6259
f 1337//6260 1017//6260 4604//6260
f 1337//6261 1084//6261 1017//6261
f 1335//6262 4604//6262 4605//6262
f 1333//6263 1337//6263 4604//6263
f 1335//6264 1333//6264 4604//6264
f 1331//6265 4605//6265 4606//6265
f 1329//6266 1335//6266 4605//6266
f 1331//6267 1329//6267 4605//6267
f 1326//6268 4606//6268 4607//6268
f 1324//6269 1331//6269 4606//6269
f 1326//6270 1324//6270 4606//6270
f 1315//6271 4607//6271 4608//6271
f 1320//6272 1326//6272 4607//6272
f 1315//6273 1320//6273 4607//6273
f 1310//6274 4608//6274 4609//6274
f 1317//6275 1315//6275 4608//6275
f 1310//6276 1317//6276 4608//6276
f 1305//6277 4609//6277 4610//6277
f 1312//6278 1310//6278 4609//6278
f 1305//6279 1312//6279 4609//6279
f 1300//6280 4610//6280 4611//6280
f 1307//6281 1305//6281 4610//6281
f 1300//6282 1307//6282 4610//6282
f 1295//6283 4611//6283 4612//6283
f 1302//6284 1300//6284 4611//6284
f 1295//6285 1302//6285 4611//6285
f 1291//6286 4612//6286 4613//6286
f 1297//6287 1295//6287 4612//6287
f 1291//6288 1297//6288 4612//6288
f 1288//6289 4613//6289 4614//6289
f 1286//6290 1291//6290 4613//6290
f 1288//6291 1286//6291 4613//6291
f 1283//6292 4614//6292 4615//6292
f 1282//6293 1288//6293 4614//6293
f 1283//6294 1282//6294 4614//6294
f 1279//6295 4615//6295 4616//6295
f 1277//6296 1283//6296 4615//6296
f 1279//6297 1277//6297 4615//6297
f 1274//6298 4616//6298 4617//6298
f 1272//6299 1279//6299 4616//6299
f 1274//6300 1272//6300 4616//6300
f 1269//6301 4617//6301 4618//6301
f 1268//6302 1274//6302 4617//6302
f 1269//6303 1268//6303 4617//6303
f 1261//6304 4618//6304 4619//6304
f 1265//6305 1269//6305 4618//6305
f 1261//6306 1265//6306 4618//6306
f 1262//6307 4619//6307 4620//6307
f 1262//6308 1261//6308 4619//6308
f 1258//6309 4620//6309 4621//6309
f 1257//6310 1262//6310 4620//6310
f 1258//6311 1257//6311 4620//6311
f 1254//6312 4621//6312 4622//6312
f 1253//6313 1258//6313 4621//6313
f 1254//6314 1253//6314 4621//6314
f 1250//6315 4622//6315 4623//6315
f 1248//6316 1254//6316 4622//6316
f 1250//6317 1248//6317 4622//6317
f 1245//6318 4623//6318 4624//6318
f 1243//6319 1250//6319 4623//6319
f 1245//6320 1243//6320 4623//6320
f 1235//6321 4624//6321 4625//6321
f 1240//6322 1245//6322 4624//6322
f 1235//6323 1240//6323 4624//6323
f 1230//6324 4625//6324 4626//6324
f 1237//6325 1235//6325 4625//6325
f 1230//6326 1237//6326 4625//6326
f 1225//6327 4626//6327 4627//6327
f 1232//6328 1230//6328 4626//6328
f 1225//6329 1232//6329 4626//6329
f 1220//6330 4627//6330 4628//6330
f 1227//6331 1225//6331 4627//6331
f 1220//6332 1227//6332 4627//6332
f 1215//6333 4628//6333 4629//6333
f 1222//6334 1220//6334 4628//6334
f 1215//6335 1222//6335 4628//6335
f 1211//6336 4629//6336 4630//6336
f 1217//6337 1215//6337 4629//6337
f 1211//6338 1217//6338 4629//6338
f 1208//6339 4630//6339 4631//6339
f 1206//6340 1211//6340 4630//6340
f 1208//6341 1206//6341 4630//6341
f 1203//6342 4631//6342 4632//6342
f 1201//6343 1208//6343 4631//6343
f 1203//6344 1201//6344 4631//6344
f 1198//6345 4632//6345 4633//6345
f 1196//6346 1203//6346 4632//6346
f 1198//6347 1196//6347 4632//6347
f 1193//6348 4633//6348 981//6348
f 1191//6349 1198//6349 4633//6349
f 1193//6350 1191//6350 4633//6350
f 1187//6351 1193//6351 981//6351
f 1019//6352 1187//6352 981//6352
f 4634//6353 1341//6353 1340//6353
f 4634//6354 1624//6354 1341//6354
f 4635//6355 1340//6355 1342//6355
f 4635//6356 4634//6356 1340//6356
f 4636//6357 1342//6357 1343//6357
f 4636//6358 4635//6358 1342//6358
f 4637//6359 1343//6359 1344//6359
f 4637//6360 4636//6360 1343//6360
f 4638//6361 1344//6361 1345//6361
f 4638//6362 4637//6362 1344//6362
f 4639//6363 1345//6363 1346//6363
f 4639//6364 4638//6364 1345//6364
f 4640//6365 1346//6365 1347//6365
f 4640//6366 4639//6366 1346//6366
f 4641//6367 1347//6367 1348//6367
f 4641//6368 4640//6368 1347//6368
f 4642//6369 1348//6369 1349//6369
f 4642//6370 4641//6370 1348//6370
f 4643//6371 1349//6371 1350//6371
f 4643//6372 4642//6372 1349//6372
f 4644//6373 1350//6373 1351//6373
f 4644//6374 4643//6374 1350//6374
f 4645//6375 1351//6375 1352//6375
f 4645//6376 4644//6376 1351//6376
f 4646//6377 1352//6377 1353//6377
f 4647//6378 4645//6378 1352//6378
f 4646//6379 4647//6379 1352//6379
f 4648//6380 1353//6380 1354//6380
f 4648//6381 4646//6381 1353//6381
f 4649//6382 1354//6382 1355//6382
f 4649//6383 4648//6383 1354//6383
f 4650//6384 1355//6384 1356//6384
f 4650//6385 4649//6385 1355//6385
f 4651//6386 1356//6386 1357//6386
f 4651//6387 4650//6387 1356//6387
f 4652//6388 1357//6388 1358//6388
f 4652//6389 4651//6389 1357//6389
f 4653//6390 1358//6390 1359//6390
f 4653//6391 4652//6391 1358//6391
f 4654//6392 1359//6392 1360//6392
f 4654//6393 4653//6393 1359//6393
f 4655//6394 1360//6394 1361//6394
f 4655//6395 4654//6395 1360//6395
f 4656//6396 1361//6396 1362//6396
f 4656//6397 4655//6397 1361//6397
f 4657//6398 1362//6398 1363//6398
f 4657//6399 4656//6399 1362//6399
f 4658//6400 1363//6400 1364//6400
f 4658//6401 4657//6401 1363//6401
f 4659//6402 1364//6402 1365//6402
f 4660//6403 4658//6403 1364//6403
f 4659//6404 4660//6404 1364//6404
f 4661//6405 1365//6405 1366//6405
f 4661//6406 4659//6406 1365//6406
f 4662//6407 1366//6407 1367//6407
f 4662//6408 4661//6408 1366//6408
f 4663//6409 1367//6409 1368//6409
f 4663//6410 4662//6410 1367//6410
f 4664//6411 1368//6411 1369//6411
f 4664//6412 4663//6412 1368//6412
f 4665//6413 1369//6413 1371//6413
f 4665//6414 4664//6414 1369//6414
f 4666//6415 1371//6415 1374//6415
f 4666//6416 4665//6416 1371//6416
f 4667//6417 1374//6417 1377//6417
f 4667//6418 4666//6418 1374//6418
f 4668//6419 1377//6419 1380//6419
f 4668//6420 4667//6420 1377//6420
f 4669//6421 1380//6421 1382//6421
f 4669//6422 4668//6422 1380//6422
f 4670//6423 1382//6423 1383//6423
f 4670//6424 4669//6424 1382//6424
f 4671//6425 1383//6425 1385//6425
f 4671//6426 4670//6426 1383//6426
f 4672//6427 1385//6427 1384//6427
f 4673//6428 4671//6428 1385//6428
f 4672//6429 4673//6429 1385//6429
f 4674//6430 1384//6430 1386//6430
f 4674//6431 4672//6431 1384//6431
f 4675//6432 1386//6432 1387//6432
f 4675//6433 4674//6433 1386//6433
f 4676//6434 1387//6434 1388//6434
f 4676//6435 4675//6435 1387//6435
f 4677//6436 1388//6436 1389//6436
f 4677//6437 4676//6437 1388//6437
f 4678//6438 1389//6438 1390//6438
f 4678//6439 4677//6439 1389//6439
f 4679//6440 1390//6440 1391//6440
f 4679//6441 4678//6441 1390//6441
f 4680//6442 1391//6442 1392//6442
f 4680//6443 4679//6443 1391//6443
f 4681//6444 1392//6444 1393//6444
f 4681//6445 4680//6445 1392//6445
f 4682//6446 1393//6446 1394//6446
f 4682//6447 4681//6447 1393//6447
f 4683//6448 1394//6448 1395//6448
f 4683//6449 4682//6449 1394//6449
f 4684//6450 1395//6450 1396//6450
f 4684//6451 4683//6451 1395//6451
f 4685//6452 1396//6452 1397//6452
f 4686//6453 4684//6453 1396//6453
f 4685//6454 4686//6454 1396//6454
f 4687//6455 1397//6455 1398//6455
f 4687//6456 4685//6456 1397//6456
f 4688//6457 1398//6457 1399//6457
f 4688//6458 4687//6458 1398//6458
f 4689//6459 1399//6459 1400//6459
f 4689//6460 4688//6460 1399//6460
f 4690//6461 1400//6461 1401//6461
f 4690//6462 4689//6462 1400//6462
f 4691//6463 1401//6463 1402//6463
f 4691//6464 4690//6464 1401//6464
f 4692//6465 1402//6465 1403//6465
f 4692//6466 4691//6466 1402//6466
f 4693//6467 1403//6467 1404//6467
f 4693//6468 4692//6468 1403//6468
f 4694//6469 1404//6469 1405//6469
f 4694//6470 4693//6470 1404//6470
f 4695//6471 1405//6471 1406//6471
f 4695//6472 4694//6472 1405//6472
f 4696//6473 1406//6473 1407//6473
f 4696//6474 4695//6474 1406//6474
f 4697//6475 1407//6475 1408//6475
f 4697//6476 4696//6476 1407//6476
f 4698//6477 1408//6477 1409//6477
f 4699//6478 4697//6478 1408//6478
f 4698//6479 4699//6479 1408//6479
f 4700//6480 1409//6480 1410//6480
f 4700//6481 4698//6481 1409//6481
f 4701//6482 1410//6482 1411//6482
f 4701//6483 4700//6483 1410//6483
f 4702//6484 1411//6484 1412//6484
f 4702//6485 4701//6485 1411//6485
f 4703//6486 1412//6486 1413//6486
f 4703//6487 4702//6487 1412//6487
f 4704//6488 1413//6488 1414//6488
f 4704//6489 4703//6489 1413//6489
f 4705//6490 1414//6490 1415//6490
f 4705//6491 4704//6491 1414//6491
f 4706//6492 1415//6492 1416//6492
f 4706//6493 4705//6493 1415//6493
f 4707//6494 1416//6494 1417//6494
f 4707//6495 4706//6495 1416//6495
f 4708//6496 1417//6496 1418//6496
f 4708//6497 4707//6497 1417//6497
f 1499//6498 4708//6498 1418//6498
f 1671//6499 1624//6499 4634//6499
f 1671//6500 4634//6500 4635//6500
f 4709//6501 4635//6501 4636//6501
f 4709//6502 1671//6502 4635//6502
f 4709//6503 4636//6503 4637//6503
f 4710//6504 4637//6504 4638//6504
f 4710//6505 4709//6505 4637//6505
f 4710//6506 4638//6506 4639//6506
f 4711//6507 4639//6507 4640//6507
f 4711//6508 4710//6508 4639//6508
f 4712//6509 4640//6509 4641//6509
f 4712//6510 4711//6510 4640//6510
f 4712//6511 4641//6511 4642//6511
f 4713//6512 4642//6512 4643//6512
f 4713//6513 4712//6513 4642//6513
f 4713//6514 4643//6514 4644//6514
f 4714//6515 4644//6515 4645//6515
f 4714//6516 4713//6516 4644//6516
f 4714//6517 4645//6517 4647//6517
f 4715//6518 4647//6518 4646//6518
f 4715//6519 4714//6519 4647//6519
f 4716//6520 4646//6520 4648//6520
f 4716//6521 4715//6521 4646//6521
f 4716//6522 4648//6522 4649//6522
f 4717//6523 4649//6523 4650//6523
f 4717//6524 4716//6524 4649//6524
f 4717//6525 4650//6525 4651//6525
f 4718//6526 4651//6526 4652//6526
f 4718//6527 4717//6527 4651//6527
f 4718//6528 4652//6528 4653//6528
f 4719//6529 4653//6529 4654//6529
f 4719//6530 4718//6530 4653//6530
f 4719//6531 4654//6531 4655//6531
f 4720//6532 4655//6532 4656//6532
f 4720//6533 4719//6533 4655//6533
f 4721//6534 4656//6534 4657//6534
f 4721//6535 4720//6535 4656//6535
f 4721//6536 4657//6536 4658//6536
f 4722//6537 4658//6537 4660//6537
f 4722//6538 4721//6538 4658//6538
f 4722//6539 4660//6539 4659//6539
f 4723//6540 4659//6540 4661//6540
f 4723//6541 4722//6541 4659//6541
f 4723//6542 4661//6542 4662//6542
f 4724//6543 4662//6543 4663//6543
f 4724//6544 4723//6544 4662//6544
f 4725//6545 4663//6545 4664//6545
f 4725//6546 4724//6546 4663//6546
f 4725//6547 4664//6547 4665//6547
f 4726//6548 4665//6548 4666//6548
f 4726//6549 4725//6549 4665//6549
f 4726//6550 4666//6550 4667//6550
f 4727//6551 4667//6551 4668//6551
f 4727//6552 4726//6552 4667//6552
f 4727//6553 4668//6553 4669//6553
f 4728//6554 4669//6554 4670//6554
f 4728//6555 4727//6555 4669//6555
f 4728//6556 4670//6556 4671//6556
f 4729//6557 4671//6557 4673//6557
f 4729//6558 4728//6558 4671//6558
f 4730//6559 4673//6559 4672//6559
f 4730//6560 4729//6560 4673//6560
f 4730//6561 4672//6561 4674//6561
f 4731//6562 4674//6562 4675//6562
f 4731//6563 4730//6563 4674//6563
f 4731//6564 4675//6564 4676//6564
f 4732//6565 4676//6565 4677//6565
f 4732//6566 4731//6566 4676//6566
f 4732//6567 4677//6567 4678//6567
f 4733//6568 4678//6568 4679//6568
f 4733//6569 4732//6569 4678//6569
f 4734//6570 4679//6570 4680//6570
f 4734//6571 4733//6571 4679//6571
f 4734//6572 4680//6572 4681//6572
f 4735//6573 4681//6573 4682//6573
f 4735//6574 4734//6574 4681//6574
f 4735//6575 4682//6575 4683//6575
f 4736//6576 4683//6576 4684//6576
f 4736//6577 4735//6577 4683//6577
f 4736//6578 4684//6578 4686//6578
f 4737//6579 4686//6579 4685//6579
f 4737//6580 4736//6580 4686//6580
f 4738//6581 4685//6581 4687//6581
f 4738//6582 4737//6582 4685//6582
f 4738//6583 4687//6583 4688//6583
f 4739//6584 4688//6584 4689//6584
f 4739//6585 4738//6585 4688//6585
f 4739//6586 4689//6586 4690//6586
f 4740//6587 4690//6587 4691//6587
f 4740//6588 4739//6588 4690//6588
f 4740//6589 4691//6589 4692//6589
f 4741//6590 4692//6590 4693//6590
f 4741//6591 4740//6591 4692//6591
f 4741//6592 4693//6592 4694//6592
f 4742//6593 4694//6593 4695//6593
f 4742//6594 4741//6594 4694//6594
f 4743//6595 4695//6595 4696//6595
f 4743//6596 4742//6596 4695//6596
f 4743//6597 4696//6597 4697//6597
f 4744//6598 4697//6598 4699//6598
f 4744//6599 4743//6599 4697//6599
f 4744//6600 4699//6600 4698//6600
f 4745//6601 4698//6601 4700//6601
f 4745//6602 4744//6602 4698//6602
f 4745//6603 4700//6603 4701//6603
f 4746//6604 4701//6604 4702//6604
f 4746//6605 4745//6605 4701//6605
f 4747//6606 4702//6606 4703//6606
f 4747//6607 4746//6607 4702//6607
f 4747//6608 4703//6608 4704//6608
f 4748//6609 4704//6609 4705//6609
f 4748//6610 4747//6610 4704//6610
f 4748//6611 4705//6611 4706//6611
f 4749//6612 4706//6612 4707//6612
f 4749//6613 4748//6613 4706//6613
f 4749//6614 4707//6614 4708//6614
f 1579//6615 4708//6615 1499//6615
f 1579//6616 4749//6616 4708//6616
f 1674//6617 1671//6617 4709//6617
f 4750//6618 4709//6618 4710//6618
f 4750//6617 1674//6617 4709//6617
f 4751//6619 4710//6619 4711//6619
f 4751//6618 4750//6618 4710//6618
f 4752//6620 4711//6620 4712//6620
f 4752//6619 4751//6619 4711//6619
f 4753//6621 4712//6621 4713//6621
f 4753//6620 4752//6620 4712//6620
f 4754//6622 4713//6622 4714//6622
f 4754//6621 4753//6621 4713//6621
f 4755//6623 4714//6623 4715//6623
f 4755//6622 4754//6622 4714//6622
f 4756//6624 4715//6624 4716//6624
f 4756//6623 4755//6623 4715//6623
f 4757//6625 4716//6625 4717//6625
f 4757//6624 4756//6624 4716//6624
f 4758//6626 4717//6626 4718//6626
f 4758//6625 4757//6625 4717//6625
f 4759//6627 4718//6627 4719//6627
f 4759//6626 4758//6626 4718//6626
f 4760//6628 4719//6628 4720//6628
f 4760//6627 4759//6627 4719//6627
f 4761//6629 4720//6629 4721//6629
f 4761//6628 4760//6628 4720//6628
f 4762//6630 4721//6630 4722//6630
f 4762//6629 4761//6629 4721//6629
f 4763//6631 4722//6631 4723//6631
f 4763//6630 4762//6630 4722//6630
f 4764//6632 4723//6632 4724//6632
f 4764//6631 4763//6631 4723//6631
f 4765//6633 4724//6633 4725//6633
f 4765//6632 4764//6632 4724//6632
f 4766//6634 4725//6634 4726//6634
f 4766//6633 4765//6633 4725//6633
f 4767//6635 4726//6635 4727//6635
f 4767//6634 4766//6634 4726//6634
f 4768//6636 4727//6636 4728//6636
f 4768//6635 4767//6635 4727//6635
f 4769//6637 4728//6637 4729//6637
f 4769//6636 4768//6636 4728//6636
f 4770//6638 4729//6638 4730//6638
f 4770//6637 4769//6637 4729//6637
f 4771//6639 4730//6639 4731//6639
f 4771//6638 4770//6638 4730//6638
f 4772//6640 4731//6640 4732//6640
f 4772//6639 4771//6639 4731//6639
f 4773//6641 4732//6641 4733//6641
f 4773//6640 4772//6640 4732//6640
f 4774//6642 4733//6642 4734//6642
f 4774//6641 4773//6641 4733//6641
f 4775//6643 4734//6643 4735//6643
f 4775//6642 4774//6642 4734//6642
f 4776//6644 4735//6644 4736//6644
f 4776//6643 4775//6643 4735//6643
f 4777//6645 4736//6645 4737//6645
f 4777//6644 4776//6644 4736//6644
f 4778//6646 4737//6646 4738//6646
f 4778//6645 4777//6645 4737//6645
f 4779//6647 4738//6647 4739//6647
f 4779//6646 4778//6646 4738//6646
f 4780//6648 4739//6648 4740//6648
f 4780//6647 4779//6647 4739//6647
f 4781//6649 4740//6649 4741//6649
f 4781//6650 4780//6650 4740//6650
f 4782//6651 4741//6651 4742//6651
f 4782//6649 4781//6649 4741//6649
f 4783//6652 4742//6652 4743//6652
f 4783//6651 4782//6651 4742//6651
f 4784//6653 4743//6653 4744//6653
f 4784//6652 4783//6652 4743//6652
f 4785//6654 4744//6654 4745//6654
f 4785//6653 4784//6653 4744//6653
f 4786//6655 4745//6655 4746//6655
f 4786//6654 4785//6654 4745//6654
f 4787//6656 4746//6656 4747//6656
f 4787//6655 4786//6655 4746//6655
f 4788//6657 4747//6657 4748//6657
f 4788//6656 4787//6656 4747//6656
f 4789//6658 4748//6658 4749//6658
f 4789//6657 4788//6657 4748//6657
f 4790//6659 4749//6659 1579//6659
f 4790//6658 4789//6658 4749//6658
f 1626//6659 4790//6659 1579//6659
f 1721//6660 1674//6660 4750//6660
f 4791//6661 4750//6661 4751//6661
f 4791//6660 1721//6660 4750//6660
f 4792//6662 4751//6662 4752//6662
f 4792//6661 4791//6661 4751//6661
f 4793//6663 4752//6663 4753//6663
f 4793//6662 4792//6662 4752//6662
f 4794//6664 4753//6664 4754//6664
f 4794//6663 4793//6663 4753//6663
f 4795//6665 4754//6665 4755//6665
f 4795//6664 4794//6664 4754//6664
f 4796//6666 4755//6666 4756//6666
f 4796//6665 4795//6665 4755//6665
f 4797//6667 4756//6667 4757//6667
f 4797//6666 4796//6666 4756//6666
f 4798//6668 4757//6668 4758//6668
f 4798//6667 4797//6667 4757//6667
f 4799//6669 4758//6669 4759//6669
f 4799//6668 4798//6668 4758//6668
f 4800//6670 4759//6670 4760//6670
f 4800//6669 4799//6669 4759//6669
f 4801//6671 4760//6671 4761//6671
f 4801//6670 4800//6670 4760//6670
f 4802//6672 4761//6672 4762//6672
f 4802//6671 4801//6671 4761//6671
f 4803//6673 4762//6673 4763//6673
f 4803//6672 4802//6672 4762//6672
f 4804//6674 4763//6674 4764//6674
f 4804//6673 4803//6673 4763//6673
f 4805//6675 4764//6675 4765//6675
f 4805//6674 4804//6674 4764//6674
f 4806//6676 4765//6676 4766//6676
f 4806//6677 4805//6677 4765//6677
f 4807//6678 4766//6678 4767//6678
f 4807//6676 4806//6676 4766//6676
f 4808//6679 4767//6679 4768//6679
f 4808//6678 4807//6678 4767//6678
f 4809//6680 4768//6680 4769//6680
f 4809//6679 4808//6679 4768//6679
f 4810//6681 4769//6681 4770//6681
f 4810//6680 4809//6680 4769//6680
f 4811//6682 4770//6682 4771//6682
f 4811//6681 4810//6681 4770//6681
f 4812//6683 4771//6683 4772//6683
f 4812//6682 4811//6682 4771//6682
f 4813//6684 4772//6684 4773//6684
f 4813//6683 4812//6683 4772//6683
f 4814//6685 4773//6685 4774//6685
f 4814//6684 4813//6684 4773//6684
f 4815//6686 4774//6686 4775//6686
f 4815//6685 4814//6685 4774//6685
f 4816//6687 4775//6687 4776//6687
f 4816//6686 4815//6686 4775//6686
f 4817//6688 4776//6688 4777//6688
f 4817//6687 4816//6687 4776//6687
f 4818//6689 4777//6689 4778//6689
f 4818//6688 4817//6688 4777//6688
f 4819//6690 4778//6690 4779//6690
f 4819//6691 4818//6691 4778//6691
f 4820//6692 4779//6692 4780//6692
f 4820//6690 4819//6690 4779//6690
f 4821//6693 4780//6693 4781//6693
f 4821//6692 4820//6692 4780//6692
f 4822//6694 4781//6694 4782//6694
f 4822//6693 4821//6693 4781//6693
f 4823//6695 4782//6695 4783//6695
f 4823//6694 4822//6694 4782//6694
f 4824//6696 4783//6696 4784//6696
f 4824//6695 4823//6695 4783//6695
f 4825//6697 4784//6697 4785//6697
f 4825//6696 4824//6696 4784//6696
f 4826//6698 4785//6698 4786//6698
f 4826//6699 4825//6699 4785//6699
f 4827//6700 4786//6700 4787//6700
f 4827//6698 4826//6698 4786//6698
f 4828//6701 4787//6701 4788//6701
f 4828//6700 4827//6700 4787//6700
f 4829//6702 4788//6702 4789//6702
f 4829//6701 4828//6701 4788//6701
f 4830//6703 4789//6703 4790//6703
f 4830//6702 4829//6702 4789//6702
f 4831//6704 4790//6704 1626//6704
f 4831//6703 4830//6703 4790//6703
f 1676//6704 4831//6704 1626//6704
f 1768//6705 1721//6705 4791//6705
f 4832//6706 4791//6706 4792//6706
f 4832//6705 1768//6705 4791//6705
f 4833//6707 4792//6707 4793//6707
f 4833//6706 4832//6706 4792//6706
f 4834//6708 4793//6708 4794//6708
f 4834//6707 4833//6707 4793//6707
f 4835//6709 4794//6709 4795//6709
f 4835//6708 4834//6708 4794//6708
f 4836//6710 4795//6710 4796//6710
f 4836//6709 4835//6709 4795//6709
f 4837//6711 4796//6711 4797//6711
f 4837//6710 4836//6710 4796//6710
f 4838//6712 4797//6712 4798//6712
f 4838//6711 4837//6711 4797//6711
f 4839//6713 4798//6713 4799//6713
f 4839//6712 4838//6712 4798//6712
f 4840//6714 4799//6714 4800//6714
f 4840//6713 4839//6713 4799//6713
f 4841//6715 4800//6715 4801//6715
f 4841//6714 4840//6714 4800//6714
f 4842//6716 4801//6716 4802//6716
f 4842//6715 4841//6715 4801//6715
f 4843//6717 4802//6717 4803//6717
f 4843//6716 4842//6716 4802//6716
f 4844//6718 4803//6718 4804//6718
f 4844//6717 4843//6717 4803//6717
f 4845//6719 4804//6719 4805//6719
f 4845//6718 4844//6718 4804//6718
f 4846//6720 4805//6720 4806//6720
f 4846//6719 4845//6719 4805//6719
f 4847//6721 4806//6721 4807//6721
f 4847//6720 4846//6720 4806//6720
f 4848//6722 4807//6722 4808//6722
f 4848//6721 4847//6721 4807//6721
f 4849//6723 4808//6723 4809//6723
f 4849//6722 4848//6722 4808//6722
f 4850//6724 4809//6724 4810//6724
f 4850//6723 4849//6723 4809//6723
f 4851//6725 4810//6725 4811//6725
f 4851//6724 4850//6724 4810//6724
f 4852//6726 4811//6726 4812//6726
f 4852//6725 4851//6725 4811//6725
f 4853//6727 4812//6727 4813//6727
f 4853//6726 4852//6726 4812//6726
f 4854//6728 4813//6728 4814//6728
f 4854//6727 4853//6727 4813//6727
f 4855//6729 4814//6729 4815//6729
f 4855//6728 4854//6728 4814//6728
f 4856//6730 4815//6730 4816//6730
f 4856//6729 4855//6729 4815//6729
f 4857//6731 4816//6731 4817//6731
f 4857//6730 4856//6730 4816//6730
f 4858//6732 4817//6732 4818//6732
f 4858//6731 4857//6731 4817//6731
f 4859//6733 4818//6733 4819//6733
f 4859//6732 4858//6732 4818//6732
f 4860//6734 4819//6734 4820//6734
f 4860//6733 4859//6733 4819//6733
f 4861//6735 4820//6735 4821//6735
f 4861//6734 4860//6734 4820//6734
f 4862//6736 4821//6736 4822//6736
f 4862//6735 4861//6735 4821//6735
f 4863//6737 4822//6737 4823//6737
f 4863//6736 4862//6736 4822//6736
f 4864//6738 4823//6738 4824//6738
f 4864//6737 4863//6737 4823//6737
f 4865//6739 4824//6739 4825//6739
f 4865//6738 4864//6738 4824//6738
f 4866//6740 4825//6740 4826//6740
f 4866//6739 4865//6739 4825//6739
f 4867//6741 4826//6741 4827//6741
f 4867//6740 4866//6740 4826//6740
f 4868//6742 4827//6742 4828//6742
f 4868//6741 4867//6741 4827//6741
f 4869//6743 4828//6743 4829//6743
f 4869//6742 4868//6742 4828//6742
f 4870//6744 4829//6744 4830//6744
f 4870//6743 4869//6743 4829//6743
f 4871//6745 4830//6745 4831//6745
f 4871//6744 4870//6744 4830//6744
f 4872//6746 4831//6746 1676//6746
f 4872//6745 4871//6745 4831//6745
f 1723//6746 4872//6746 1676//6746
f 1815//6747 1768//6747 4832//6747
f 4873//6748 4832//6748 4833//6748
f 4873//6747 1815//6747 4832//6747
f 4874//6749 4833//6749 4834//6749
f 4874//6748 4873//6748 4833//6748
f 4875//6750 4834//6750 4835//6750
f 4875//6749 4874//6749 4834//6749
f 4876//6751 4835//6751 4836//6751
f 4876//6750 4875//6750 4835//6750
f 4877//6752 4836//6752 4837//6752
f 4877//6751 4876//6751 4836//6751
f 4878//6753 4837//6753 4838//6753
f 4878//6752 4877//6752 4837//6752
f 4879//6754 4838//6754 4839//6754
f 4879//6753 4878//6753 4838//6753
f 4880//6755 4839//6755 4840//6755
f 4880//6754 4879//6754 4839//6754
f 4881//6756 4840//6756 4841//6756
f 4881//6755 4880//6755 4840//6755
f 4882//6757 4841//6757 4842//6757
f 4882//6756 4881//6756 4841//6756
f 4883//6758 4842//6758 4843//6758
f 4883//6757 4882//6757 4842//6757
f 4884//6759 4843//6759 4844//6759
f 4884//6758 4883//6758 4843//6758
f 4885//6760 4844//6760 4845//6760
f 4885//6759 4884//6759 4844//6759
f 4886//6761 4845//6761 4846//6761
f 4886//6760 4885//6760 4845//6760
f 4887//6762 4846//6762 4847//6762
f 4887//6761 4886//6761 4846//6761
f 4888//6763 4847//6763 4848//6763
f 4888//6762 4887//6762 4847//6762
f 4889//6764 4848//6764 4849//6764
f 4889//6763 4888//6763 4848//6763
f 4890//6765 4849//6765 4850//6765
f 4890//6764 4889//6764 4849//6764
f 4891//6766 4850//6766 4851//6766
f 4891//6765 4890//6765 4850//6765
f 4892//6767 4851//6767 4852//6767
f 4892//6766 4891//6766 4851//6766
f 4893//6768 4852//6768 4853//6768
f 4893//6767 4892//6767 4852//6767
f 4894//6769 4853//6769 4854//6769
f 4894//6768 4893//6768 4853//6768
f 4895//6770 4854//6770 4855//6770
f 4895//6769 4894//6769 4854//6769
f 4896//6771 4855//6771 4856//6771
f 4896//6770 4895//6770 4855//6770
f 4897//6772 4856//6772 4857//6772
f 4897//6771 4896//6771 4856//6771
f 4898//6773 4857//6773 4858//6773
f 4898//6772 4897//6772 4857//6772
f 4899//6774 4858//6774 4859//6774
f 4899//6773 4898//6773 4858//6773
f 4900//6775 4859//6775 4860//6775
f 4900//6774 4899//6774 4859//6774
f 4901//6776 4860//6776 4861//6776
f 4901//6775 4900//6775 4860//6775
f 4902//6777 4861//6777 4862//6777
f 4902//6776 4901//6776 4861//6776
f 4903//6778 4862//6778 4863//6778
f 4903//6777 4902//6777 4862//6777
f 4904//6779 4863//6779 4864//6779
f 4904//6778 4903//6778 4863//6778
f 4905//6780 4864//6780 4865//6780
f 4905//6779 4904//6779 4864//6779
f 4906//6781 4865//6781 4866//6781
f 4906//6780 4905//6780 4865//6780
f 4907//6782 4866//6782 4867//6782
f 4907//6781 4906//6781 4866//6781
f 4908//6783 4867//6783 4868//6783
f 4908//6782 4907//6782 4867//6782
f 4909//6784 4868//6784 4869//6784
f 4909//6783 4908//6783 4868//6783
f 4910//6785 4869//6785 4870//6785
f 4910//6784 4909//6784 4869//6784
f 4911//6786 4870//6786 4871//6786
f 4911//6785 4910//6785 4870//6785
f 4912//6787 4871//6787 4872//6787
f 4912//6786 4911//6786 4871//6786
f 4913//6788 4872//6788 1723//6788
f 4913//6787 4912//6787 4872//6787
f 1770//6788 4913//6788 1723//6788
f 1862//6789 1815//6789 4873//6789
f 2075//6790 4873//6790 4874//6790
f 2075//6789 1862//6789 4873//6789
f 2073//6791 4874//6791 4875//6791
f 2073//6790 2075//6790 4874//6790
f 2070//6792 4875//6792 4876//6792
f 2070//6791 2073//6791 4875//6791
f 2067//6793 4876//6793 4877//6793
f 2067//6792 2070//6792 4876//6792
f 2064//6794 4877//6794 4878//6794
f 2064//6793 2067//6793 4877//6793
f 2061//6795 4878//6795 4879//6795
f 2061//6794 2064//6794 4878//6794
f 2058//6796 4879//6796 4880//6796
f 2058//6795 2061//6795 4879//6795
f 2055//6797 4880//6797 4881//6797
f 2055//6796 2058//6796 4880//6796
f 2052//6798 4881//6798 4882//6798
f 2052//6799 2055//6799 4881//6799
f 2049//6800 4882//6800 4883//6800
f 2049//6798 2052//6798 4882//6798
f 2046//6801 4883//6801 4884//6801
f 2046//6800 2049//6800 4883//6800
f 2043//6802 4884//6802 4885//6802
f 2043//6801 2046//6801 4884//6801
f 2040//6803 4885//6803 4886//6803
f 2040//6802 2043//6802 4885//6802
f 2037//6804 4886//6804 4887//6804
f 2037//6803 2040//6803 4886//6803
f 2034//6805 4887//6805 4888//6805
f 2034//6804 2037//6804 4887//6804
f 2031//6806 4888//6806 4889//6806
f 2031//6805 2034//6805 4888//6805
f 2028//6807 4889//6807 4890//6807
f 2028//6806 2031//6806 4889//6806
f 2025//6808 4890//6808 4891//6808
f 2025//6807 2028//6807 4890//6807
f 2022//6809 4891//6809 4892//6809
f 2022//6808 2025//6808 4891//6808
f 2018//6810 4892//6810 4893//6810
f 2018//6809 2022//6809 4892//6809
f 2015//6811 4893//6811 4894//6811
f 2015//6810 2018//6810 4893//6810
f 2014//6812 4894//6812 4895//6812
f 2014//6811 2015//6811 4894//6811
f 2010//6813 4895//6813 4896//6813
f 2010//6812 2014//6812 4895//6812
f 2007//6814 4896//6814 4897//6814
f 2007//6813 2010//6813 4896//6813
f 2004//6815 4897//6815 4898//6815
f 2004//6814 2007//6814 4897//6814
f 2001//6816 4898//6816 4899//6816
f 2001//6815 2004//6815 4898//6815
f 1998//6817 4899//6817 4900//6817
f 1998//6816 2001//6816 4899//6816
f 1995//6818 4900//6818 4901//6818
f 1995//6817 1998//6817 4900//6817
f 1992//6819 4901//6819 4902//6819
f 1992//6818 1995//6818 4901//6818
f 1989//6820 4902//6820 4903//6820
f 1989//6819 1992//6819 4902//6819
f 1986//6821 4903//6821 4904//6821
f 1986//6820 1989//6820 4903//6820
f 1983//6822 4904//6822 4905//6822
f 1983//6823 1986//6823 4904//6823
f 1980//6824 4905//6824 4906//6824
f 1980//6822 1983//6822 4905//6822
f 1977//6825 4906//6825 4907//6825
f 1977//6824 1980//6824 4906//6824
f 1974//6826 4907//6826 4908//6826
f 1974//6825 1977//6825 4907//6825
f 1971//6827 4908//6827 4909//6827
f 1971//6826 1974//6826 4908//6826
f 1968//6828 4909//6828 4910//6828
f 1968//6827 1971//6827 4909//6827
f 1965//6829 4910//6829 4911//6829
f 1965//6828 1968//6828 4910//6828
f 1962//6830 4911//6830 4912//6830
f 1962//6831 1965//6831 4911//6831
f 1959//6832 4912//6832 4913//6832
f 1959//6830 1962//6830 4912//6830
f 1956//6833 4913//6833 1770//6833
f 1956//6832 1959//6832 4913//6832
f 1817//6833 1956//6833 1770//6833
f 2212//6834 2079//6834 2078//6834
f 4914//6835 2078//6835 2080//6835
f 4914//6834 2212//6834 2078//6834
f 4915//6836 2080//6836 2081//6836
f 4915//6835 4914//6835 2080//6835
f 4916//6837 2081//6837 2082//6837
f 4916//6838 4915//6838 2081//6838
f 4917//6839 2082//6839 2083//6839
f 4917//6837 4916//6837 2082//6837
f 4918//6840 2083//6840 2084//6840
f 4918//6839 4917//6839 2083//6839
f 4919//6841 2084//6841 2085//6841
f 4919//6842 4918//6842 2084//6842
f 4920//6843 2085//6843 2086//6843
f 4920//6841 4919//6841 2085//6841
f 4921//6844 2086//6844 2087//6844
f 4921//6843 4920//6843 2086//6843
f 4922//6845 2087//6845 2088//6845
f 4922//6844 4921//6844 2087//6844
f 4923//6846 2088//6846 2089//6846
f 4923//6845 4922//6845 2088//6845
f 4924//6847 2089//6847 2090//6847
f 4924//6846 4923//6846 2089//6846
f 4925//6848 2090//6848 2091//6848
f 4925//6847 4924//6847 2090//6847
f 4926//6849 2091//6849 2092//6849
f 4926//6848 4925//6848 2091//6848
f 4927//6850 2092//6850 2093//6850
f 4927//6851 4926//6851 2092//6851
f 4928//6852 2093//6852 2094//6852
f 4928//6850 4927//6850 2093//6850
f 4929//6853 2094//6853 2095//6853
f 4929//6852 4928//6852 2094//6852
f 4930//6854 2095//6854 2096//6854
f 4930//6853 4929//6853 2095//6853
f 4931//6855 2096//6855 2097//6855
f 4931//6856 4930//6856 2096//6856
f 4932//6857 2097//6857 2098//6857
f 4932//6855 4931//6855 2097//6855
f 4933//6858 2098//6858 2099//6858
f 4933//6857 4932//6857 2098//6857
f 4934//6859 2099//6859 2100//6859
f 4934//6858 4933//6858 2099//6858
f 4935//6860 2100//6860 2101//6860
f 4935//6859 4934//6859 2100//6859
f 4936//6861 2101//6861 2102//6861
f 4936//6860 4935//6860 2101//6860
f 4937//6862 2102//6862 2103//6862
f 4937//6861 4936//6861 2102//6861
f 4938//6863 2103//6863 2104//6863
f 4938//6864 4937//6864 2103//6864
f 4939//6865 2104//6865 2105//6865
f 4939//6863 4938//6863 2104//6863
f 4940//6866 2105//6866 2106//6866
f 4940//6865 4939//6865 2105//6865
f 4941//6867 2106//6867 2107//6867
f 4941//6868 4940//6868 2106//6868
f 4942//6869 2107//6869 2108//6869
f 4942//6867 4941//6867 2107//6867
f 4943//6870 2108//6870 2109//6870
f 4943//6869 4942//6869 2108//6869
f 4944//6871 2109//6871 2110//6871
f 4944//6870 4943//6870 2109//6870
f 4945//6872 2110//6872 2111//6872
f 4945//6871 4944//6871 2110//6871
f 4946//6873 2111//6873 2112//6873
f 4946//6874 4945//6874 2111//6874
f 4947//6875 2112//6875 2113//6875
f 4947//6876 4946//6876 2112//6876
f 4948//6877 2113//6877 2114//6877
f 4948//6875 4947//6875 2113//6875
f 4949//6878 2114//6878 2115//6878
f 4949//6877 4948//6877 2114//6877
f 4950//6879 2115//6879 2116//6879
f 4950//6878 4949//6878 2115//6878
f 4951//6880 2116//6880 2117//6880
f 4951//6879 4950//6879 2116//6879
f 4952//6881 2117//6881 2118//6881
f 4952//6880 4951//6880 2117//6880
f 4953//6882 2118//6882 2119//6882
f 4953//6883 4952//6883 2118//6883
f 4954//6884 2119//6884 2120//6884
f 4954//6882 4953//6882 2119//6882
f 2165//6884 4954//6884 2120//6884
f 2259//6885 2212//6885 4914//6885
f 4955//6886 4914//6886 4915//6886
f 4955//6885 2259//6885 4914//6885
f 4956//2664 4915//2664 4916//2664
f 4956//6886 4955//6886 4915//6886
f 4957//2662 4916//2662 4917//2662
f 4957//2664 4956//2664 4916//2664
f 4958//6887 4917//6887 4918//6887
f 4958//2662 4957//2662 4917//2662
f 4959//6888 4918//6888 4919//6888
f 4959//6887 4958//6887 4918//6887
f 4960//6889 4919//6889 4920//6889
f 4960//6890 4959//6890 4919//6890
f 4961//2652 4920//2652 4921//2652
f 4961//6889 4960//6889 4920//6889
f 4962//6891 4921//6891 4922//6891
f 4962//2652 4961//2652 4921//2652
f 4963//6892 4922//6892 4923//6892
f 4963//6891 4962//6891 4922//6891
f 4964//6893 4923//6893 4924//6893
f 4964//6894 4963//6894 4923//6894
f 4965//6895 4924//6895 4925//6895
f 4965//6893 4964//6893 4924//6893
f 4966//2643 4925//2643 4926//2643
f 4966//6895 4965//6895 4925//6895
f 4967//6896 4926//6896 4927//6896
f 4967//2643 4966//2643 4926//2643
f 4968//6897 4927//6897 4928//6897
f 4968//6896 4967//6896 4927//6896
f 4969//6898 4928//6898 4929//6898
f 4969//6899 4968//6899 4928//6899
f 4970//6900 4929//6900 4930//6900
f 4970//6898 4969//6898 4929//6898
f 4971//6901 4930//6901 4931//6901
f 4971//6900 4970//6900 4930//6900
f 4972//6902 4931//6902 4932//6902
f 4972//6901 4971//6901 4931//6901
f 4973//6903 4932//6903 4933//6903
f 4973//6902 4972//6902 4932//6902
f 4974//2630 4933//2630 4934//2630
f 4974//6903 4973//6903 4933//6903
f 4975//6904 4934//6904 4935//6904
f 4975//2630 4974//2630 4934//2630
f 4976//6905 4935//6905 4936//6905
f 4976//6904 4975//6904 4935//6904
f 4977//6906 4936//6906 4937//6906
f 4977//6905 4976//6905 4936//6905
f 4978//2622 4937//2622 4938//2622
f 4978//6906 4977//6906 4937//6906
f 4979//2620 4938//2620 4939//2620
f 4979//2622 4978//2622 4938//2622
f 4980//6907 4939//6907 4940//6907
f 4980//2620 4979//2620 4939//2620
f 4981//6908 4940//6908 4941//6908
f 4981//6909 4980//6909 4940//6909
f 4982//6910 4941//6910 4942//6910
f 4982//6911 4981//6911 4941//6911
f 4983//2610 4942//2610 4943//2610
f 4983//6910 4982//6910 4942//6910
f 4984//6912 4943//6912 4944//6912
f 4984//2610 4983//2610 4943//2610
f 4985//6913 4944//6913 4945//6913
f 4985//6912 4984//6912 4944//6912
f 4986//6914 4945//6914 4946//6914
f 4986//6913 4985//6913 4945//6913
f 4987//6915 4946//6915 4947//6915
f 4987//6914 4986//6914 4946//6914
f 4988//2601 4947//2601 4948//2601
f 4988//6915 4987//6915 4947//6915
f 4989//6916 4948//6916 4949//6916
f 4989//2601 4988//2601 4948//2601
f 4990//6917 4949//6917 4950//6917
f 4990//6916 4989//6916 4949//6916
f 4991//6918 4950//6918 4951//6918
f 4991//6919 4990//6919 4950//6919
f 4992//6920 4951//6920 4952//6920
f 4992//6918 4991//6918 4951//6918
f 4993//6921 4952//6921 4953//6921
f 4993//6920 4992//6920 4952//6920
f 4994//6922 4953//6922 4954//6922
f 4994//6921 4993//6921 4953//6921
f 4995//6923 4954//6923 2165//6923
f 4995//6922 4994//6922 4954//6922
f 2214//6923 4995//6923 2165//6923
f 2306//6924 2259//6924 4955//6924
f 4996//6925 4955//6925 4956//6925
f 4996//6924 2306//6924 4955//6924
f 4997//6926 4956//6926 4957//6926
f 4997//6925 4996//6925 4956//6925
f 4998//6927 4957//6927 4958//6927
f 4998//6926 4997//6926 4957//6926
f 4999//6928 4958//6928 4959//6928
f 4999//6929 4998//6929 4958//6929
f 5000//6930 4959//6930 4960//6930
f 5000//6931 4999//6931 4959//6931
f 5001//6932 4960//6932 4961//6932
f 5001//6930 5000//6930 4960//6930
f 5002//6933 4961//6933 4962//6933
f 5002//6932 5001//6932 4961//6932
f 5003//6934 4962//6934 4963//6934
f 5003//6933 5002//6933 4962//6933
f 5004//6935 4963//6935 4964//6935
f 5004//6936 5003//6936 4963//6936
f 5005//6937 4964//6937 4965//6937
f 5005//6935 5004//6935 4964//6935
f 5006//6938 4965//6938 4966//6938
f 5006//6937 5005//6937 4965//6937
f 5007//6939 4966//6939 4967//6939
f 5007//6938 5006//6938 4966//6938
f 5008//6940 4967//6940 4968//6940
f 5008//6939 5007//6939 4967//6939
f 5009//6941 4968//6941 4969//6941
f 5009//6940 5008//6940 4968//6940
f 5010//6942 4969//6942 4970//6942
f 5010//6941 5009//6941 4969//6941
f 5011//6943 4970//6943 4971//6943
f 5011//6942 5010//6942 4970//6942
f 5012//6944 4971//6944 4972//6944
f 5012//6945 5011//6945 4971//6945
f 5013//6946 4972//6946 4973//6946
f 5013//6944 5012//6944 4972//6944
f 5014//6947 4973//6947 4974//6947
f 5014//6946 5013//6946 4973//6946
f 5015//6948 4974//6948 4975//6948
f 5015//6947 5014//6947 4974//6947
f 5016//6949 4975//6949 4976//6949
f 5016//6950 5015//6950 4975//6950
f 5017//6951 4976//6951 4977//6951
f 5017//6949 5016//6949 4976//6949
f 5018//6952 4977//6952 4978//6952
f 5018//6951 5017//6951 4977//6951
f 5019//6953 4978//6953 4979//6953
f 5019//6952 5018//6952 4978//6952
f 5020//6954 4979//6954 4980//6954
f 5020//6953 5019//6953 4979//6953
f 5021//6955 4980//6955 4981//6955
f 5021//6954 5020//6954 4980//6954
f 5022//6956 4981//6956 4982//6956
f 5022//6955 5021//6955 4981//6955
f 5023//6957 4982//6957 4983//6957
f 5023//6956 5022//6956 4982//6956
f 5024//6958 4983//6958 4984//6958
f 5024//6957 5023//6957 4983//6957
f 5025//6959 4984//6959 4985//6959
f 5025//6958 5024//6958 4984//6958
f 5026//6960 4985//6960 4986//6960
f 5026//6961 5025//6961 4985//6961
f 5027//6962 4986//6962 4987//6962
f 5027//6960 5026//6960 4986//6960
f 5028//6963 4987//6963 4988//6963
f 5028//6962 5027//6962 4987//6962
f 5029//6964 4988//6964 4989//6964
f 5029//6963 5028//6963 4988//6963
f 5030//6965 4989//6965 4990//6965
f 5030//6964 5029//6964 4989//6964
f 5031//6966 4990//6966 4991//6966
f 5031//6965 5030//6965 4990//6965
f 5032//6967 4991//6967 4992//6967
f 5032//6966 5031//6966 4991//6966
f 5033//6968 4992//6968 4993//6968
f 5033//6969 5032//6969 4992//6969
f 5034//6970 4993//6970 4994//6970
f 5034//6971 5033//6971 4993//6971
f 5035//6972 4994//6972 4995//6972
f 5035//6970 5034//6970 4994//6970
f 5036//6973 4995//6973 2214//6973
f 5036//6972 5035//6972 4995//6972
f 2261//6973 5036//6973 2214//6973
f 2353//6974 2306//6974 4996//6974
f 5037//6975 4996//6975 4997//6975
f 5037//6976 2353//6976 4996//6976
f 5038//6977 4997//6977 4998//6977
f 5038//6978 5037//6978 4997//6978
f 5039//6979 4998//6979 4999//6979
f 5039//6980 5038//6980 4998//6980
f 5040//6981 4999//6981 5000//6981
f 5040//6982 5039//6982 4999//6982
f 5041//6983 5000//6983 5001//6983
f 5041//6984 5040//6984 5000//6984
f 5042//6985 5001//6985 5002//6985
f 5042//6986 5041//6986 5001//6986
f 5043//6987 5002//6987 5003//6987
f 5043//6988 5042//6988 5002//6988
f 5044//6989 5003//6989 5004//6989
f 5044//6990 5043//6990 5003//6990
f 5045//6991 5004//6991 5005//6991
f 5045//6992 5044//6992 5004//6992
f 5046//6993 5005//6993 5006//6993
f 5046//6994 5045//6994 5005//6994
f 5047//6995 5006//6995 5007//6995
f 5047//6996 5046//6996 5006//6996
f 5048//6997 5007//6997 5008//6997
f 5048//6998 5047//6998 5007//6998
f 5049//6999 5008//6999 5009//6999
f 5049//7000 5048//7000 5008//7000
f 5050//7001 5009//7001 5010//7001
f 5050//7002 5049//7002 5009//7002
f 5051//7003 5010//7003 5011//7003
f 5051//7004 5050//7004 5010//7004
f 5052//7005 5011//7005 5012//7005
f 5052//7006 5051//7006 5011//7006
f 5053//7007 5012//7007 5013//7007
f 5053//7008 5052//7008 5012//7008
f 5054//7009 5013//7009 5014//7009
f 5054//7010 5053//7010 5013//7010
f 5055//7011 5014//7011 5015//7011
f 5055//7012 5054//7012 5014//7012
f 5056//7013 5015//7013 5016//7013
f 5056//7014 5055//7014 5015//7014
f 5057//7015 5016//7015 5017//7015
f 5057//7016 5056//7016 5016//7016
f 5058//7017 5017//7017 5018//7017
f 5058//7018 5057//7018 5017//7018
f 5059//7019 5018//7019 5019//7019
f 5059//7020 5058//7020 5018//7020
f 5060//7021 5019//7021 5020//7021
f 5060//7022 5059//7022 5019//7022
f 5061//7023 5020//7023 5021//7023
f 5061//7024 5060//7024 5020//7024
f 5062//7025 5021//7025 5022//7025
f 5062//7026 5061//7026 5021//7026
f 5063//7027 5022//7027 5023//7027
f 5063//7028 5062//7028 5022//7028
f 5064//7029 5023//7029 5024//7029
f 5064//7030 5063//7030 5023//7030
f 5065//7031 5024//7031 5025//7031
f 5065//7032 5064//7032 5024//7032
f 5066//7033 5025//7033 5026//7033
f 5066//7034 5065//7034 5025//7034
f 5067//7035 5026//7035 5027//7035
f 5067//7036 5066//7036 5026//7036
f 5068//7037 5027//7037 5028//7037
f 5068//7038 5067//7038 5027//7038
f 5069//7039 5028//7039 5029//7039
f 5069//7040 5068//7040 5028//7040
f 5070//7041 5029//7041 5030//7041
f 5070//7042 5069//7042 5029//7042
f 5071//7043 5030//7043 5031//7043
f 5071//7044 5070//7044 5030//7044
f 5072//7045 5031//7045 5032//7045
f 5072//7046 5071//7046 5031//7046
f 5073//7047 5032//7047 5033//7047
f 5073//7048 5072//7048 5032//7048
f 5074//7049 5033//7049 5034//7049
f 5074//7050 5073//7050 5033//7050
f 5075//7051 5034//7051 5035//7051
f 5075//7052 5074//7052 5034//7052
f 5076//7053 5035//7053 5036//7053
f 5076//7054 5075//7054 5035//7054
f 2308//7055 5036//7055 2261//7055
f 2308//7056 5076//7056 5036//7056
f 5077//7057 2353//7057 5037//7057
f 5077//7058 2487//7058 2353//7058
f 5078//7059 5037//7059 5038//7059
f 5079//7060 5077//7060 5037//7060
f 5078//7061 5079//7061 5037//7061
f 5080//7062 5038//7062 5039//7062
f 5081//7063 5078//7063 5038//7063
f 5080//7064 5081//7064 5038//7064
f 5082//7065 5039//7065 5040//7065
f 5083//7066 5080//7066 5039//7066
f 5082//7067 5083//7067 5039//7067
f 5084//7068 5040//7068 5041//7068
f 5085//7069 5082//7069 5040//7069
f 5084//7070 5085//7070 5040//7070
f 5086//7071 5041//7071 5042//7071
f 5087//7072 5084//7072 5041//7072
f 5086//7073 5087//7073 5041//7073
f 5088//7074 5042//7074 5043//7074
f 5089//7075 5086//7075 5042//7075
f 5088//7076 5089//7076 5042//7076
f 5090//7077 5043//7077 5044//7077
f 5091//7078 5088//7078 5043//7078
f 5090//7079 5091//7079 5043//7079
f 5092//7080 5044//7080 5045//7080
f 5093//7081 5090//7081 5044//7081
f 5092//7082 5093//7082 5044//7082
f 5094//7083 5045//7083 5046//7083
f 5095//7084 5092//7084 5045//7084
f 5094//7085 5095//7085 5045//7085
f 5096//7086 5046//7086 5047//7086
f 5097//7087 5094//7087 5046//7087
f 5096//7088 5097//7088 5046//7088
f 5098//7089 5047//7089 5048//7089
f 5099//7090 5096//7090 5047//7090
f 5098//7091 5099//7091 5047//7091
f 5100//7092 5048//7092 5049//7092
f 5101//7093 5098//7093 5048//7093
f 5100//7094 5101//7094 5048//7094
f 5102//7095 5049//7095 5050//7095
f 5103//7096 5100//7096 5049//7096
f 5102//7097 5103//7097 5049//7097
f 5104//7098 5050//7098 5051//7098
f 5105//7099 5102//7099 5050//7099
f 5104//7100 5105//7100 5050//7100
f 5106//7101 5051//7101 5052//7101
f 5107//7102 5104//7102 5051//7102
f 5106//7103 5107//7103 5051//7103
f 5108//7104 5052//7104 5053//7104
f 5109//7105 5106//7105 5052//7105
f 5108//7106 5109//7106 5052//7106
f 5110//7107 5053//7107 5054//7107
f 5111//7108 5108//7108 5053//7108
f 5110//7109 5111//7109 5053//7109
f 5112//7110 5054//7110 5055//7110
f 5113//7111 5110//7111 5054//7111
f 5112//7112 5113//7112 5054//7112
f 5114//7113 5055//7113 5056//7113
f 5115//7114 5112//7114 5055//7114
f 5114//7115 5115//7115 5055//7115
f 5116//7116 5056//7116 5057//7116
f 5117//7117 5114//7117 5056//7117
f 5116//7118 5117//7118 5056//7118
f 5118//7119 5057//7119 5058//7119
f 5119//7120 5116//7120 5057//7120
f 5118//7121 5119//7121 5057//7121
f 5120//7122 5058//7122 5059//7122
f 5121//7123 5118//7123 5058//7123
f 5120//7124 5121//7124 5058//7124
f 5122//7125 5059//7125 5060//7125
f 5123//7126 5120//7126 5059//7126
f 5122//7127 5123//7127 5059//7127
f 5124//7128 5060//7128 5061//7128
f 5125//7129 5122//7129 5060//7129
f 5124//7130 5125//7130 5060//7130
f 5126//7131 5061//7131 5062//7131
f 5127//7132 5124//7132 5061//7132
f 5126//7133 5127//7133 5061//7133
f 5128//7134 5062//7134 5063//7134
f 5129//7135 5126//7135 5062//7135
f 5128//7136 5129//7136 5062//7136
f 5130//7137 5063//7137 5064//7137
f 5131//7138 5128//7138 5063//7138
f 5130//7139 5131//7139 5063//7139
f 5132//7140 5064//7140 5065//7140
f 5133//7141 5130//7141 5064//7141
f 5132//7142 5133//7142 5064//7142
f 5134//7143 5065//7143 5066//7143
f 5135//7144 5132//7144 5065//7144
f 5134//7145 5135//7145 5065//7145
f 5136//7146 5066//7146 5067//7146
f 5137//7147 5134//7147 5066//7147
f 5136//7148 5137//7148 5066//7148
f 5138//7149 5067//7149 5068//7149
f 5139//7150 5136//7150 5067//7150
f 5138//7151 5139//7151 5067//7151
f 5140//7152 5068//7152 5069//7152
f 5141//7153 5138//7153 5068//7153
f 5140//7154 5141//7154 5068//7154
f 5142//7155 5069//7155 5070//7155
f 5143//7156 5140//7156 5069//7156
f 5142//7157 5143//7157 5069//7157
f 5144//7158 5070//7158 5071//7158
f 5145//7159 5142//7159 5070//7159
f 5144//7160 5145//7160 5070//7160
f 5146//7161 5071//7161 5072//7161
f 5147//7162 5144//7162 5071//7162
f 5146//7163 5147//7163 5071//7163
f 5148//7164 5072//7164 5073//7164
f 5149//7165 5146//7165 5072//7165
f 5148//7166 5149//7166 5072//7166
f 5150//7167 5073//7167 5074//7167
f 5151//7168 5148//7168 5073//7168
f 5150//7169 5151//7169 5073//7169
f 5152//7170 5074//7170 5075//7170
f 5153//7171 5150//7171 5074//7171
f 5152//7172 5153//7172 5074//7172
f 5154//7173 5075//7173 5076//7173
f 5155//7174 5152//7174 5075//7174
f 5154//7175 5155//7175 5075//7175
f 5156//7176 5076//7176 2308//7176
f 5157//7177 5154//7177 5076//7177
f 5156//7178 5157//7178 5076//7178
f 5158//7179 5156//7179 2308//7179
f 2356//7180 5158//7180 2308//7180
f 2535//7181 2487//7181 5077//7181
f 2535//7182 5077//7182 5079//7182
f 5159//7183 5079//7183 5078//7183
f 5159//7184 2535//7184 5079//7184
f 5159//7185 5078//7185 5081//7185
f 5160//7186 5081//7186 5080//7186
f 5160//7187 5159//7187 5081//7187
f 5160//7188 5080//7188 5083//7188
f 5161//7189 5083//7189 5082//7189
f 5161//7190 5160//7190 5083//7190
f 5161//7191 5082//7191 5085//7191
f 5162//7192 5085//7192 5084//7192
f 5162//7193 5161//7193 5085//7193
f 5162//7194 5084//7194 5087//7194
f 5163//7195 5087//7195 5086//7195
f 5163//7196 5162//7196 5087//7196
f 5163//7197 5086//7197 5089//7197
f 5164//7198 5089//7198 5088//7198
f 5164//7199 5163//7199 5089//7199
f 5164//7200 5088//7200 5091//7200
f 5165//7201 5091//7201 5090//7201
f 5165//7202 5164//7202 5091//7202
f 5165//7203 5090//7203 5093//7203
f 5166//7204 5093//7204 5092//7204
f 5166//7205 5165//7205 5093//7205
f 5166//7206 5092//7206 5095//7206
f 5167//7207 5095//7207 5094//7207
f 5167//7208 5166//7208 5095//7208
f 5167//7209 5094//7209 5097//7209
f 5168//7210 5097//7210 5096//7210
f 5168//7211 5167//7211 5097//7211
f 5169//7212 5096//7212 5099//7212
f 5169//7213 5168//7213 5096//7213
f 5169//7214 5099//7214 5098//7214
f 5170//7215 5098//7215 5101//7215
f 5170//7216 5169//7216 5098//7216
f 5170//7217 5101//7217 5100//7217
f 5171//7218 5100//7218 5103//7218
f 5171//7219 5170//7219 5100//7219
f 5171//7220 5103//7220 5102//7220
f 5172//7221 5102//7221 5105//7221
f 5172//7222 5171//7222 5102//7222
f 5172//7223 5105//7223 5104//7223
f 5173//7224 5104//7224 5107//7224
f 5173//7225 5172//7225 5104//7225
f 5173//7226 5107//7226 5106//7226
f 5174//7227 5106//7227 5109//7227
f 5174//7228 5173//7228 5106//7228
f 5174//7229 5109//7229 5108//7229
f 5175//7230 5108//7230 5111//7230
f 5175//7231 5174//7231 5108//7231
f 5175//7232 5111//7232 5110//7232
f 5176//7233 5110//7233 5113//7233
f 5176//7234 5175//7234 5110//7234
f 5176//7235 5113//7235 5112//7235
f 5177//7236 5112//7236 5115//7236
f 5177//7237 5176//7237 5112//7237
f 5177//7238 5115//7238 5114//7238
f 5178//7239 5114//7239 5117//7239
f 5178//7240 5177//7240 5114//7240
f 5178//7241 5117//7241 5116//7241
f 5179//7242 5116//7242 5119//7242
f 5179//7243 5178//7243 5116//7243
f 5180//7244 5119//7244 5118//7244
f 5180//7245 5179//7245 5119//7245
f 5180//7246 5118//7246 5121//7246
f 5181//7247 5121//7247 5120//7247
f 5181//7248 5180//7248 5121//7248
f 5181//7249 5120//7249 5123//7249
f 5182//7250 5123//7250 5122//7250
f 5182//7251 5181//7251 5123//7251
f 5182//7252 5122//7252 5125//7252
f 5183//7253 5125//7253 5124//7253
f 5183//7254 5182//7254 5125//7254
f 5183//7255 5124//7255 5127//7255
f 5184//7256 5127//7256 5126//7256
f 5184//7257 5183//7257 5127//7257
f 5184//7258 5126//7258 5129//7258
f 5185//7259 5129//7259 5128//7259
f 5185//7260 5184//7260 5129//7260
f 5185//7261 5128//7261 5131//7261
f 5186//7262 5131//7262 5130//7262
f 5186//7263 5185//7263 5131//7263
f 5186//7264 5130//7264 5133//7264
f 5187//7265 5133//7265 5132//7265
f 5187//7266 5186//7266 5133//7266
f 5187//7267 5132//7267 5135//7267
f 5188//7268 5135//7268 5134//7268
f 5188//7269 5187//7269 5135//7269
f 5188//7270 5134//7270 5137//7270
f 5189//7271 5137//7271 5136//7271
f 5189//7272 5188//7272 5137//7272
f 5189//7273 5136//7273 5139//7273
f 5190//7274 5139//7274 5138//7274
f 5190//7275 5189//7275 5139//7275
f 5191//7276 5138//7276 5141//7276
f 5191//7277 5190//7277 5138//7277
f 5191//7278 5141//7278 5140//7278
f 5192//7279 5140//7279 5143//7279
f 5192//7280 5191//7280 5140//7280
f 5192//7281 5143//7281 5142//7281
f 5193//7282 5142//7282 5145//7282
f 5193//7283 5192//7283 5142//7283
f 5193//7284 5145//7284 5144//7284
f 5194//7285 5144//7285 5147//7285
f 5194//7286 5193//7286 5144//7286
f 5194//7287 5147//7287 5146//7287
f 5195//7288 5146//7288 5149//7288
f 5195//7289 5194//7289 5146//7289
f 5195//7290 5149//7290 5148//7290
f 5196//7291 5148//7291 5151//7291
f 5196//7292 5195//7292 5148//7292
f 5196//7293 5151//7293 5150//7293
f 5197//7294 5150//7294 5153//7294
f 5197//7295 5196//7295 5150//7295
f 5197//7296 5153//7296 5152//7296
f 5198//7297 5152//7297 5155//7297
f 5198//7298 5197//7298 5152//7298
f 5198//7299 5155//7299 5154//7299
f 5199//7300 5154//7300 5157//7300
f 5199//7301 5198//7301 5154//7301
f 5199//7302 5157//7302 5156//7302
f 5200//7303 5156//7303 5158//7303
f 5200//7304 5199//7304 5156//7304
f 5200//7305 5158//7305 2356//7305
f 2441//7306 2356//7306 2355//7306
f 2441//7307 5200//7307 2356//7307
f 2538//7308 2535//7308 5159//7308
f 5201//7309 5159//7309 5160//7309
f 5201//7308 2538//7308 5159//7308
f 5202//7310 5160//7310 5161//7310
f 5202//7309 5201//7309 5160//7309
f 5203//7311 5161//7311 5162//7311
f 5203//7312 5202//7312 5161//7312
f 5204//7313 5162//7313 5163//7313
f 5204//7314 5203//7314 5162//7314
f 5205//7315 5163//7315 5164//7315
f 5205//7313 5204//7313 5163//7313
f 5206//7316 5164//7316 5165//7316
f 5206//7317 5205//7317 5164//7317
f 5207//7318 5165//7318 5166//7318
f 5207//7316 5206//7316 5165//7316
f 5208//7319 5166//7319 5167//7319
f 5208//7320 5207//7320 5166//7320
f 5209//7321 5167//7321 5168//7321
f 5209//7319 5208//7319 5167//7319
f 5210//7322 5168//7322 5169//7322
f 5210//7323 5209//7323 5168//7323
f 5211//7324 5169//7324 5170//7324
f 5211//7322 5210//7322 5169//7322
f 5212//7325 5170//7325 5171//7325
f 5212//7324 5211//7324 5170//7324
f 5213//7326 5171//7326 5172//7326
f 5213//7325 5212//7325 5171//7325
f 5214//7327 5172//7327 5173//7327
f 5214//7326 5213//7326 5172//7326
f 5215//7328 5173//7328 5174//7328
f 5215//7327 5214//7327 5173//7327
f 5216//7329 5174//7329 5175//7329
f 5216//7328 5215//7328 5174//7328
f 5217//7330 5175//7330 5176//7330
f 5217//7329 5216//7329 5175//7329
f 5218//7331 5176//7331 5177//7331
f 5218//7330 5217//7330 5176//7330
f 5219//7332 5177//7332 5178//7332
f 5219//7331 5218//7331 5177//7331
f 5220//7333 5178//7333 5179//7333
f 5220//7332 5219//7332 5178//7332
f 5221//7334 5179//7334 5180//7334
f 5221//7333 5220//7333 5179//7333
f 5222//7335 5180//7335 5181//7335
f 5222//7334 5221//7334 5180//7334
f 5223//7336 5181//7336 5182//7336
f 5223//7335 5222//7335 5181//7335
f 5224//7337 5182//7337 5183//7337
f 5224//7336 5223//7336 5182//7336
f 5225//7338 5183//7338 5184//7338
f 5225//7337 5224//7337 5183//7337
f 5226//7339 5184//7339 5185//7339
f 5226//7338 5225//7338 5184//7338
f 5227//7340 5185//7340 5186//7340
f 5227//7339 5226//7339 5185//7339
f 5228//7341 5186//7341 5187//7341
f 5228//7340 5227//7340 5186//7340
f 5229//7342 5187//7342 5188//7342
f 5229//7341 5228//7341 5187//7341
f 5230//7343 5188//7343 5189//7343
f 5230//7342 5229//7342 5188//7342
f 5231//7344 5189//7344 5190//7344
f 5231//7343 5230//7343 5189//7343
f 5232//7345 5190//7345 5191//7345
f 5232//7346 5231//7346 5190//7346
f 5233//7347 5191//7347 5192//7347
f 5233//7345 5232//7345 5191//7345
f 5234//7348 5192//7348 5193//7348
f 5234//7347 5233//7347 5192//7347
f 5235//7349 5193//7349 5194//7349
f 5235//7348 5234//7348 5193//7348
f 5236//7350 5194//7350 5195//7350
f 5236//7351 5235//7351 5194//7351
f 5237//7352 5195//7352 5196//7352
f 5237//7350 5236//7350 5195//7350
f 5238//7353 5196//7353 5197//7353
f 5238//7352 5237//7352 5196//7352
f 5239//7354 5197//7354 5198//7354
f 5239//7353 5238//7353 5197//7353
f 5240//7355 5198//7355 5199//7355
f 5240//7356 5239//7356 5198//7356
f 5241//7357 5199//7357 5200//7357
f 5241//7358 5240//7358 5199//7358
f 5242//7359 5200//7359 2441//7359
f 5242//7357 5241//7357 5200//7357
f 2489//7359 5242//7359 2441//7359
f 2586//7360 2538//7360 5201//7360
f 2794//7361 5201//7361 5202//7361
f 2794//7360 2586//7360 5201//7360
f 2792//7362 5202//7362 5203//7362
f 2792//7361 2794//7361 5202//7361
f 2789//7363 5203//7363 5204//7363
f 2789//7364 2792//7364 5203//7364
f 2786//7365 5204//7365 5205//7365
f 2786//7363 2789//7363 5204//7363
f 2783//7366 5205//7366 5206//7366
f 2783//7367 2786//7367 5205//7367
f 2780//7368 5206//7368 5207//7368
f 2780//7369 2783//7369 5206//7369
f 2777//7370 5207//7370 5208//7370
f 2777//7371 2780//7371 5207//7371
f 2774//7372 5208//7372 5209//7372
f 2774//7370 2777//7370 5208//7370
f 2771//7373 5209//7373 5210//7373
f 2771//7372 2774//7372 5209//7372
f 2768//7374 5210//7374 5211//7374
f 2768//7375 2771//7375 5210//7375
f 2765//7376 5211//7376 5212//7376
f 2765//7377 2768//7377 5211//7377
f 2762//7378 5212//7378 5213//7378
f 2762//7376 2765//7376 5212//7376
f 2759//7379 5213//7379 5214//7379
f 2759//7380 2762//7380 5213//7380
f 2756//7381 5214//7381 5215//7381
f 2756//7382 2759//7382 5214//7382
f 2753//7383 5215//7383 5216//7383
f 2753//7384 2756//7384 5215//7384
f 2750//7385 5216//7385 5217//7385
f 2750//7383 2753//7383 5216//7383
f 2747//7386 5217//7386 5218//7386
f 2747//7387 2750//7387 5217//7387
f 2744//7388 5218//7388 5219//7388
f 2744//7386 2747//7386 5218//7386
f 2742//7389 5219//7389 5220//7389
f 2742//7388 2744//7388 5219//7388
f 2739//7390 5220//7390 5221//7390
f 2739//7389 2742//7389 5220//7389
f 2737//7391 5221//7391 5222//7391
f 2737//7390 2739//7390 5221//7390
f 2734//7392 5222//7392 5223//7392
f 2734//7391 2737//7391 5222//7391
f 2731//7393 5223//7393 5224//7393
f 2731//7392 2734//7392 5223//7392
f 2729//7394 5224//7394 5225//7394
f 2729//7393 2731//7393 5224//7393
f 2726//7395 5225//7395 5226//7395
f 2726//7394 2729//7394 5225//7394
f 2723//7396 5226//7396 5227//7396
f 2723//7397 2726//7397 5226//7397
f 2720//7398 5227//7398 5228//7398
f 2720//7399 2723//7399 5227//7399
f 2717//7400 5228//7400 5229//7400
f 2717//7401 2720//7401 5228//7401
f 2714//7402 5229//7402 5230//7402
f 2714//7400 2717//7400 5229//7400
f 2711//7403 5230//7403 5231//7403
f 2711//7404 2714//7404 5230//7404
f 2708//7405 5231//7405 5232//7405
f 2708//7406 2711//7406 5231//7406
f 2705//7407 5232//7407 5233//7407
f 2705//7405 2708//7405 5232//7405
f 2702//7408 5233//7408 5234//7408
f 2702//7409 2705//7409 5233//7409
f 2699//7410 5234//7410 5235//7410
f 2699//7411 2702//7411 5234//7411
f 2696//7412 5235//7412 5236//7412
f 2696//7413 2699//7413 5235//7413
f 2693//7414 5236//7414 5237//7414
f 2693//7415 2696//7415 5236//7415
f 2690//7416 5237//7416 5238//7416
f 2690//7417 2693//7417 5237//7417
f 2687//7418 5238//7418 5239//7418
f 2687//7419 2690//7419 5238//7419
f 2684//7420 5239//7420 5240//7420
f 2684//7421 2687//7421 5239//7421
f 2681//7422 5240//7422 5241//7422
f 2681//7423 2684//7423 5240//7423
f 2678//7424 5241//7424 5242//7424
f 2678//7425 2681//7425 5241//7425
f 2675//7426 5242//7426 2489//7426
f 2675//7427 2678//7427 5242//7427
f 2540//7428 2675//7428 2489//7428
f 3083//7429 2799//7429 2798//7429
f 3083//7430 2798//7430 2801//7430
f 5243//7431 2801//7431 2800//7431
f 5243//7432 3083//7432 2801//7432
f 5243//7433 2800//7433 2803//7433
f 5244//7434 2803//7434 2802//7434
f 5244//7435 5243//7435 2803//7435
f 5244//7436 2802//7436 2805//7436
f 5245//7437 2805//7437 2804//7437
f 5245//7438 5244//7438 2805//7438
f 5245//7439 2804//7439 2807//7439
f 5246//7440 2807//7440 2806//7440
f 5246//7441 5245//7441 2807//7441
f 5246//7442 2806//7442 2809//7442
f 5247//7443 2809//7443 2808//7443
f 5247//7444 5246//7444 2809//7444
f 5247//7445 2808//7445 2811//7445
f 5248//7446 2811//7446 2810//7446
f 5248//7447 5247//7447 2811//7447
f 5248//7448 2810//7448 2813//7448
f 5249//7449 2813//7449 2812//7449
f 5249//7450 5248//7450 2813//7450
f 5249//7451 2812//7451 2815//7451
f 5250//7452 2815//7452 2814//7452
f 5250//7453 5249//7453 2815//7453
f 5250//7454 2814//7454 2817//7454
f 5251//7455 2817//7455 2816//7455
f 5251//7456 5250//7456 2817//7456
f 5251//7457 2816//7457 2819//7457
f 5252//7458 2819//7458 2818//7458
f 5252//7459 5251//7459 2819//7459
f 5253//7460 2818//7460 2821//7460
f 5253//7461 5252//7461 2818//7461
f 5253//7462 2821//7462 2820//7462
f 5254//7463 2820//7463 2823//7463
f 5254//7464 5253//7464 2820//7464
f 5254//7465 2823//7465 2822//7465
f 5255//7466 2822//7466 2825//7466
f 5255//7467 5254//7467 2822//7467
f 5255//7468 2825//7468 2824//7468
f 5256//7469 2824//7469 2827//7469
f 5256//7470 5255//7470 2824//7470
f 5256//7471 2827//7471 2826//7471
f 5257//7472 2826//7472 2829//7472
f 5257//7473 5256//7473 2826//7473
f 5257//7474 2829//7474 2828//7474
f 5258//7475 2828//7475 2831//7475
f 5258//7476 5257//7476 2828//7476
f 5258//7477 2831//7477 2830//7477
f 5259//7478 2830//7478 2833//7478
f 5259//7479 5258//7479 2830//7479
f 5259//7480 2833//7480 2832//7480
f 5260//7481 2832//7481 2836//7481
f 5260//7482 5259//7482 2832//7482
f 5260//7483 2836//7483 2835//7483
f 5261//7484 2835//7484 2840//7484
f 5261//7485 5260//7485 2835//7485
f 5261//7486 2840//7486 2839//7486
f 5262//7487 2839//7487 2844//7487
f 5262//7488 5261//7488 2839//7488
f 5262//7489 2844//7489 2843//7489
f 5263//7490 2843//7490 2846//7490
f 5263//7491 5262//7491 2843//7491
f 5263//7492 2846//7492 2845//7492
f 5264//7493 2845//7493 2848//7493
f 5264//7494 5263//7494 2845//7494
f 5265//7495 2848//7495 2847//7495
f 5265//7496 5264//7496 2848//7496
f 5265//7497 2847//7497 2850//7497
f 5266//7498 2850//7498 2849//7498
f 5266//7499 5265//7499 2850//7499
f 5266//7500 2849//7500 2852//7500
f 5267//7501 2852//7501 2851//7501
f 5267//7502 5266//7502 2852//7502
f 5267//7503 2851//7503 2854//7503
f 5268//7504 2854//7504 2853//7504
f 5268//7505 5267//7505 2854//7505
f 5268//7506 2853//7506 2856//7506
f 5269//7507 2856//7507 2855//7507
f 5269//7508 5268//7508 2856//7508
f 5269//7509 2855//7509 2858//7509
f 5270//7510 2858//7510 2857//7510
f 5270//7511 5269//7511 2858//7511
f 5270//7512 2857//7512 2860//7512
f 5271//7513 2860//7513 2859//7513
f 5271//7514 5270//7514 2860//7514
f 5271//7515 2859//7515 2862//7515
f 5272//7516 2862//7516 2861//7516
f 5272//7517 5271//7517 2862//7517
f 5272//7518 2861//7518 2864//7518
f 5273//7519 2864//7519 2863//7519
f 5273//7520 5272//7520 2864//7520
f 5273//7521 2863//7521 2866//7521
f 5274//7522 2866//7522 2865//7522
f 5274//7523 5273//7523 2866//7523
f 5274//7524 2865//7524 2868//7524
f 5275//7525 2868//7525 2867//7525
f 5275//7526 5274//7526 2868//7526
f 5275//7527 2867//7527 2870//7527
f 5276//7528 2870//7528 2869//7528
f 5276//7529 5275//7529 2870//7529
f 5277//7530 2869//7530 2872//7530
f 5277//7531 5276//7531 2869//7531
f 5277//7532 2872//7532 2871//7532
f 5278//7533 2871//7533 2874//7533
f 5278//7534 5277//7534 2871//7534
f 5278//7535 2874//7535 2873//7535
f 5279//7536 2873//7536 2876//7536
f 5279//7537 5278//7537 2873//7537
f 5279//7538 2876//7538 2875//7538
f 5280//7539 2875//7539 2878//7539
f 5280//7540 5279//7540 2875//7540
f 5280//7541 2878//7541 2877//7541
f 5281//7542 2877//7542 2880//7542
f 5281//7543 5280//7543 2877//7543
f 5281//7544 2880//7544 2879//7544
f 5282//7545 2879//7545 2882//7545
f 5282//7546 5281//7546 2879//7546
f 5282//7547 2882//7547 2881//7547
f 5283//7548 2881//7548 2884//7548
f 5283//7549 5282//7549 2881//7549
f 5283//7550 2884//7550 2883//7550
f 5284//7551 2883//7551 2886//7551
f 5284//7552 5283//7552 2883//7552
f 5284//7553 2886//7553 2885//7553
f 5285//7554 2885//7554 2888//7554
f 5285//7555 5284//7555 2885//7555
f 5285//7556 2888//7556 2887//7556
f 5286//7557 2887//7557 2890//7557
f 5286//7558 5285//7558 2887//7558
f 5286//7559 2890//7559 2889//7559
f 2986//7560 2889//7560 2892//7560
f 2986//7561 5286//7561 2889//7561
f 3086//7562 3083//7562 5243//7562
f 5287//7563 5243//7563 5244//7563
f 5287//7562 3086//7562 5243//7562
f 5288//7564 5244//7564 5245//7564
f 5288//7563 5287//7563 5244//7563
f 5289//7565 5245//7565 5246//7565
f 5289//7564 5288//7564 5245//7564
f 5290//7566 5246//7566 5247//7566
f 5290//7565 5289//7565 5246//7565
f 5291//7567 5247//7567 5248//7567
f 5291//7566 5290//7566 5247//7566
f 5292//7568 5248//7568 5249//7568
f 5292//7567 5291//7567 5248//7567
f 5293//7569 5249//7569 5250//7569
f 5293//7568 5292//7568 5249//7568
f 5294//7570 5250//7570 5251//7570
f 5294//7569 5293//7569 5250//7569
f 5295//7571 5251//7571 5252//7571
f 5295//7570 5294//7570 5251//7570
f 5296//7572 5252//7572 5253//7572
f 5296//7573 5295//7573 5252//7573
f 5297//7574 5253//7574 5254//7574
f 5297//7572 5296//7572 5253//7572
f 5298//7575 5254//7575 5255//7575
f 5298//7574 5297//7574 5254//7574
f 5299//7576 5255//7576 5256//7576
f 5299//7577 5298//7577 5255//7577
f 5300//7578 5256//7578 5257//7578
f 5300//7576 5299//7576 5256//7576
f 5301//7579 5257//7579 5258//7579
f 5301//7578 5300//7578 5257//7578
f 5302//7580 5258//7580 5259//7580
f 5302//7579 5301//7579 5258//7579
f 5303//7581 5259//7581 5260//7581
f 5303//7580 5302//7580 5259//7580
f 5304//7582 5260//7582 5261//7582
f 5304//7581 5303//7581 5260//7581
f 5305//7583 5261//7583 5262//7583
f 5305//7582 5304//7582 5261//7582
f 5306//7584 5262//7584 5263//7584
f 5306//7583 5305//7583 5262//7583
f 5307//7585 5263//7585 5264//7585
f 5307//7584 5306//7584 5263//7584
f 5308//7586 5264//7586 5265//7586
f 5308//7585 5307//7585 5264//7585
f 5309//7587 5265//7587 5266//7587
f 5309//7586 5308//7586 5265//7586
f 5310//7588 5266//7588 5267//7588
f 5310//7587 5309//7587 5266//7587
f 5311//7589 5267//7589 5268//7589
f 5311//7588 5310//7588 5267//7588
f 5312//7590 5268//7590 5269//7590
f 5312//7589 5311//7589 5268//7589
f 5313//7591 5269//7591 5270//7591
f 5313//7590 5312//7590 5269//7590
f 5314//7592 5270//7592 5271//7592
f 5314//7591 5313//7591 5270//7591
f 5315//7593 5271//7593 5272//7593
f 5315//7592 5314//7592 5271//7592
f 5316//7594 5272//7594 5273//7594
f 5316//7593 5315//7593 5272//7593
f 5317//7595 5273//7595 5274//7595
f 5317//7594 5316//7594 5273//7594
f 5318//7596 5274//7596 5275//7596
f 5318//7595 5317//7595 5274//7595
f 5319//7597 5275//7597 5276//7597
f 5319//7596 5318//7596 5275//7596
f 5320//7598 5276//7598 5277//7598
f 5320//7597 5319//7597 5276//7597
f 5321//7599 5277//7599 5278//7599
f 5321//7598 5320//7598 5277//7598
f 5322//7600 5278//7600 5279//7600
f 5322//7601 5321//7601 5278//7601
f 5323//7602 5279//7602 5280//7602
f 5323//7600 5322//7600 5279//7600
f 5324//7603 5280//7603 5281//7603
f 5324//7602 5323//7602 5280//7602
f 5325//7604 5281//7604 5282//7604
f 5325//7603 5324//7603 5281//7603
f 5326//7605 5282//7605 5283//7605
f 5326//7604 5325//7604 5282//7604
f 5327//7606 5283//7606 5284//7606
f 5327//7605 5326//7605 5283//7605
f 5328//7607 5284//7607 5285//7607
f 5328//7606 5327//7606 5284//7606
f 5329//7608 5285//7608 5286//7608
f 5329//7607 5328//7607 5285//7607
f 5330//7609 5286//7609 2986//7609
f 5330//7608 5329//7608 5286//7608
f 3035//7609 5330//7609 2986//7609
f 3136//7610 3086//7610 5287//7610
f 5331//7611 5287//7611 5288//7611
f 5331//7610 3136//7610 5287//7610
f 5332//7612 5288//7612 5289//7612
f 5332//7611 5331//7611 5288//7611
f 5333//7613 5289//7613 5290//7613
f 5333//7612 5332//7612 5289//7612
f 5334//7614 5290//7614 5291//7614
f 5334//7613 5333//7613 5290//7613
f 5335//7615 5291//7615 5292//7615
f 5335//7614 5334//7614 5291//7614
f 5336//7616 5292//7616 5293//7616
f 5336//7615 5335//7615 5292//7615
f 5337//7617 5293//7617 5294//7617
f 5337//7616 5336//7616 5293//7616
f 5338//7618 5294//7618 5295//7618
f 5338//7617 5337//7617 5294//7617
f 5339//7619 5295//7619 5296//7619
f 5339//7618 5338//7618 5295//7618
f 5340//7620 5296//7620 5297//7620
f 5340//7619 5339//7619 5296//7619
f 5341//7621 5297//7621 5298//7621
f 5341//7620 5340//7620 5297//7620
f 5342//7622 5298//7622 5299//7622
f 5342//7621 5341//7621 5298//7621
f 5343//7623 5299//7623 5300//7623
f 5343//7622 5342//7622 5299//7622
f 5344//7624 5300//7624 5301//7624
f 5344//7625 5343//7625 5300//7625
f 5345//7626 5301//7626 5302//7626
f 5345//7624 5344//7624 5301//7624
f 5346//7627 5302//7627 5303//7627
f 5346//7626 5345//7626 5302//7626
f 5347//7628 5303//7628 5304//7628
f 5347//7627 5346//7627 5303//7627
f 5348//7629 5304//7629 5305//7629
f 5348//7628 5347//7628 5304//7628
f 5349//7630 5305//7630 5306//7630
f 5349//7629 5348//7629 5305//7629
f 5350//7631 5306//7631 5307//7631
f 5350//7630 5349//7630 5306//7630
f 5351//7632 5307//7632 5308//7632
f 5351//7631 5350//7631 5307//7631
f 5352//7633 5308//7633 5309//7633
f 5352//7632 5351//7632 5308//7632
f 5353//7634 5309//7634 5310//7634
f 5353//7633 5352//7633 5309//7633
f 5354//7635 5310//7635 5311//7635
f 5354//7634 5353//7634 5310//7634
f 5355//7636 5311//7636 5312//7636
f 5355//7635 5354//7635 5311//7635
f 5356//7637 5312//7637 5313//7637
f 5356//7636 5355//7636 5312//7636
f 5357//7638 5313//7638 5314//7638
f 5357//7637 5356//7637 5313//7637
f 5358//7639 5314//7639 5315//7639
f 5358//7638 5357//7638 5314//7638
f 5359//7640 5315//7640 5316//7640
f 5359//7639 5358//7639 5315//7639
f 5360//7641 5316//7641 5317//7641
f 5360//7640 5359//7640 5316//7640
f 5361//7642 5317//7642 5318//7642
f 5361//7641 5360//7641 5317//7641
f 5362//7643 5318//7643 5319//7643
f 5362//7642 5361//7642 5318//7642
f 5363//7644 5319//7644 5320//7644
f 5363//7643 5362//7643 5319//7643
f 5364//7645 5320//7645 5321//7645
f 5364//7644 5363//7644 5320//7644
f 5365//7646 5321//7646 5322//7646
f 5365//7645 5364//7645 5321//7645
f 5366//7647 5322//7647 5323//7647
f 5366//7646 5365//7646 5322//7646
f 5367//7648 5323//7648 5324//7648
f 5367//7647 5366//7647 5323//7647
f 5368//7649 5324//7649 5325//7649
f 5368//7648 5367//7648 5324//7648
f 5369//7650 5325//7650 5326//7650
f 5369//7649 5368//7649 5325//7649
f 5370//7651 5326//7651 5327//7651
f 5370//7650 5369//7650 5326//7650
f 5371//7652 5327//7652 5328//7652
f 5371//7651 5370//7651 5327//7651
f 5372//7653 5328//7653 5329//7653
f 5372//7652 5371//7652 5328//7652
f 5373//7654 5329//7654 5330//7654
f 5373//7653 5372//7653 5329//7653
f 5374//7655 5330//7655 3035//7655
f 5374//7654 5373//7654 5330//7654
f 3088//7655 5374//7655 3035//7655
f 3186//7656 3136//7656 5331//7656
f 5375//7657 5331//7657 5332//7657
f 5375//7656 3186//7656 5331//7656
f 5376//7658 5332//7658 5333//7658
f 5376//7657 5375//7657 5332//7657
f 5377//7659 5333//7659 5334//7659
f 5377//7658 5376//7658 5333//7658
f 5378//7660 5334//7660 5335//7660
f 5378//7659 5377//7659 5334//7659
f 5379//7661 5335//7661 5336//7661
f 5379//7660 5378//7660 5335//7660
f 5380//7662 5336//7662 5337//7662
f 5380//7661 5379//7661 5336//7661
f 5381//7663 5337//7663 5338//7663
f 5381//7664 5380//7664 5337//7664
f 5382//7665 5338//7665 5339//7665
f 5382//7666 5381//7666 5338//7666
f 5383//7667 5339//7667 5340//7667
f 5383//7665 5382//7665 5339//7665
f 5384//7668 5340//7668 5341//7668
f 5384//7667 5383//7667 5340//7667
f 5385//7669 5341//7669 5342//7669
f 5385//7668 5384//7668 5341//7668
f 5386//7670 5342//7670 5343//7670
f 5386//7669 5385//7669 5342//7669
f 5387//7671 5343//7671 5344//7671
f 5387//7670 5386//7670 5343//7670
f 5388//7672 5344//7672 5345//7672
f 5388//7671 5387//7671 5344//7671
f 5389//7673 5345//7673 5346//7673
f 5389//7672 5388//7672 5345//7672
f 5390//7674 5346//7674 5347//7674
f 5390//7673 5389//7673 5346//7673
f 5391//7675 5347//7675 5348//7675
f 5391//7674 5390//7674 5347//7674
f 5392//7676 5348//7676 5349//7676
f 5392//7675 5391//7675 5348//7675
f 5393//7677 5349//7677 5350//7677
f 5393//7676 5392//7676 5349//7676
f 5394//7678 5350//7678 5351//7678
f 5394//7677 5393//7677 5350//7677
f 5395//7679 5351//7679 5352//7679
f 5395//7678 5394//7678 5351//7678
f 5396//7680 5352//7680 5353//7680
f 5396//7679 5395//7679 5352//7679
f 5397//7681 5353//7681 5354//7681
f 5397//7680 5396//7680 5353//7680
f 5398//7682 5354//7682 5355//7682
f 5398//7681 5397//7681 5354//7681
f 5399//7683 5355//7683 5356//7683
f 5399//7682 5398//7682 5355//7682
f 5400//7684 5356//7684 5357//7684
f 5400//7683 5399//7683 5356//7683
f 5401//7685 5357//7685 5358//7685
f 5401//7684 5400//7684 5357//7684
f 5402//7686 5358//7686 5359//7686
f 5402//7685 5401//7685 5358//7685
f 5403//7687 5359//7687 5360//7687
f 5403//7686 5402//7686 5359//7686
f 5404//7688 5360//7688 5361//7688
f 5404//7687 5403//7687 5360//7687
f 5405//7689 5361//7689 5362//7689
f 5405//7688 5404//7688 5361//7688
f 5406//7690 5362//7690 5363//7690
f 5406//7689 5405//7689 5362//7689
f 5407//7691 5363//7691 5364//7691
f 5407//7690 5406//7690 5363//7690
f 5408//7692 5364//7692 5365//7692
f 5408//7691 5407//7691 5364//7691
f 5409//7693 5365//7693 5366//7693
f 5409//7692 5408//7692 5365//7692
f 5410//7694 5366//7694 5367//7694
f 5410//7693 5409//7693 5366//7693
f 5411//7695 5367//7695 5368//7695
f 5411//7694 5410//7694 5367//7694
f 5412//7696 5368//7696 5369//7696
f 5412//7697 5411//7697 5368//7697
f 5413//7698 5369//7698 5370//7698
f 5413//7699 5412//7699 5369//7699
f 5414//7700 5370//7700 5371//7700
f 5414//7698 5413//7698 5370//7698
f 5415//7701 5371//7701 5372//7701
f 5415//7700 5414//7700 5371//7700
f 5416//7702 5372//7702 5373//7702
f 5416//7701 5415//7701 5372//7701
f 5417//7703 5373//7703 5374//7703
f 5417//7702 5416//7702 5373//7702
f 5418//7704 5374//7704 3088//7704
f 5418//7703 5417//7703 5374//7703
f 3138//7704 5418//7704 3088//7704
f 3236//7705 3186//7705 5375//7705
f 5419//7706 5375//7706 5376//7706
f 5419//7705 3236//7705 5375//7705
f 5420//7707 5376//7707 5377//7707
f 5420//7706 5419//7706 5376//7706
f 5421//7708 5377//7708 5378//7708
f 5421//7707 5420//7707 5377//7707
f 5422//7709 5378//7709 5379//7709
f 5422//7708 5421//7708 5378//7708
f 5423//7710 5379//7710 5380//7710
f 5423//7709 5422//7709 5379//7709
f 5424//7711 5380//7711 5381//7711
f 5424//7710 5423//7710 5380//7710
f 5425//7712 5381//7712 5382//7712
f 5425//7711 5424//7711 5381//7711
f 5426//7713 5382//7713 5383//7713
f 5426//7712 5425//7712 5382//7712
f 5427//7714 5383//7714 5384//7714
f 5427//7713 5426//7713 5383//7713
f 5428//7715 5384//7715 5385//7715
f 5428//7714 5427//7714 5384//7714
f 5429//7716 5385//7716 5386//7716
f 5429//7715 5428//7715 5385//7715
f 5430//7717 5386//7717 5387//7717
f 5430//7716 5429//7716 5386//7716
f 5431//7718 5387//7718 5388//7718
f 5431//7717 5430//7717 5387//7717
f 5432//7719 5388//7719 5389//7719
f 5432//7718 5431//7718 5388//7718
f 5433//7720 5389//7720 5390//7720
f 5433//7719 5432//7719 5389//7719
f 5434//7721 5390//7721 5391//7721
f 5434//7720 5433//7720 5390//7720
f 5435//7722 5391//7722 5392//7722
f 5435//7723 5434//7723 5391//7723
f 5436//7724 5392//7724 5393//7724
f 5436//7722 5435//7722 5392//7722
f 5437//7725 5393//7725 5394//7725
f 5437//7724 5436//7724 5393//7724
f 5438//7726 5394//7726 5395//7726
f 5438//7725 5437//7725 5394//7725
f 5439//7727 5395//7727 5396//7727
f 5439//7726 5438//7726 5395//7726
f 5440//7728 5396//7728 5397//7728
f 5440//7727 5439//7727 5396//7727
f 5441//7729 5397//7729 5398//7729
f 5441//7728 5440//7728 5397//7728
f 5442//7730 5398//7730 5399//7730
f 5442//7729 5441//7729 5398//7729
f 5443//7731 5399//7731 5400//7731
f 5443//7730 5442//7730 5399//7730
f 5444//7732 5400//7732 5401//7732
f 5444//7731 5443//7731 5400//7731
f 5445//7733 5401//7733 5402//7733
f 5445//7732 5444//7732 5401//7732
f 5446//7734 5402//7734 5403//7734
f 5446//7733 5445//7733 5402//7733
f 5447//7735 5403//7735 5404//7735
f 5447//7736 5446//7736 5403//7736
f 5448//7737 5404//7737 5405//7737
f 5448//7735 5447//7735 5404//7735
f 5449//7738 5405//7738 5406//7738
f 5449//7737 5448//7737 5405//7737
f 5450//7739 5406//7739 5407//7739
f 5450//7738 5449//7738 5406//7738
f 5451//7740 5407//7740 5408//7740
f 5451//7739 5450//7739 5407//7739
f 5452//7741 5408//7741 5409//7741
f 5452//7740 5451//7740 5408//7740
f 5453//7742 5409//7742 5410//7742
f 5453//7741 5452//7741 5409//7741
f 5454//7743 5410//7743 5411//7743
f 5454//7742 5453//7742 5410//7742
f 5455//7744 5411//7744 5412//7744
f 5455//7743 5454//7743 5411//7743
f 5456//7745 5412//7745 5413//7745
f 5456//7744 5455//7744 5412//7744
f 5457//7746 5413//7746 5414//7746
f 5457//7745 5456//7745 5413//7745
f 5458//7747 5414//7747 5415//7747
f 5458//7746 5457//7746 5414//7746
f 5459//7748 5415//7748 5416//7748
f 5459//7747 5458//7747 5415//7747
f 5460//7749 5416//7749 5417//7749
f 5460//7748 5459//7748 5416//7748
f 5461//7750 5417//7750 5418//7750
f 5461//7749 5460//7749 5417//7749
f 5462//7751 5418//7751 3138//7751
f 5462//7750 5461//7750 5418//7750
f 3188//7751 5462//7751 3138//7751
f 3286//7752 3236//7752 5419//7752
f 5463//7753 5419//7753 5420//7753
f 5463//7752 3286//7752 5419//7752
f 5464//7754 5420//7754 5421//7754
f 5464//7753 5463//7753 5420//7753
f 5465//7755 5421//7755 5422//7755
f 5465//7754 5464//7754 5421//7754
f 5466//7756 5422//7756 5423//7756
f 5466//7755 5465//7755 5422//7755
f 5467//7757 5423//7757 5424//7757
f 5467//7756 5466//7756 5423//7756
f 5468//7758 5424//7758 5425//7758
f 5468//7757 5467//7757 5424//7757
f 5469//7759 5425//7759 5426//7759
f 5469//7760 5468//7760 5425//7760
f 5470//7761 5426//7761 5427//7761
f 5470//7759 5469//7759 5426//7759
f 5471//7762 5427//7762 5428//7762
f 5471//7761 5470//7761 5427//7761
f 5472//7763 5428//7763 5429//7763
f 5472//7762 5471//7762 5428//7762
f 5473//7764 5429//7764 5430//7764
f 5473//7763 5472//7763 5429//7763
f 5474//7765 5430//7765 5431//7765
f 5474//7764 5473//7764 5430//7764
f 5475//7766 5431//7766 5432//7766
f 5475//7765 5474//7765 5431//7765
f 5476//7767 5432//7767 5433//7767
f 5476//7766 5475//7766 5432//7766
f 5477//7768 5433//7768 5434//7768
f 5477//7767 5476//7767 5433//7767
f 5478//7769 5434//7769 5435//7769
f 5478//7768 5477//7768 5434//7768
f 5479//7770 5435//7770 5436//7770
f 5479//7769 5478//7769 5435//7769
f 5480//7771 5436//7771 5437//7771
f 5480//7770 5479//7770 5436//7770
f 5481//7772 5437//7772 5438//7772
f 5481//7771 5480//7771 5437//7771
f 5482//7773 5438//7773 5439//7773
f 5482//7772 5481//7772 5438//7772
f 5483//7774 5439//7774 5440//7774
f 5483//7773 5482//7773 5439//7773
f 5484//7775 5440//7775 5441//7775
f 5484//7774 5483//7774 5440//7774
f 5485//7776 5441//7776 5442//7776
f 5485//7775 5484//7775 5441//7775
f 5486//7777 5442//7777 5443//7777
f 5486//7776 5485//7776 5442//7776
f 5487//7778 5443//7778 5444//7778
f 5487//7777 5486//7777 5443//7777
f 5488//7779 5444//7779 5445//7779
f 5488//7778 5487//7778 5444//7778
f 5489//7780 5445//7780 5446//7780
f 5489//7779 5488//7779 5445//7779
f 5490//7781 5446//7781 5447//7781
f 5490//7780 5489//7780 5446//7780
f 5491//7782 5447//7782 5448//7782
f 5491//7781 5490//7781 5447//7781
f 5492//7783 5448//7783 5449//7783
f 5492//7782 5491//7782 5448//7782
f 5493//7784 5449//7784 5450//7784
f 5493//7783 5492//7783 5449//7783
f 5494//7785 5450//7785 5451//7785
f 5494//7784 5493//7784 5450//7784
f 5495//7786 5451//7786 5452//7786
f 5495//7785 5494//7785 5451//7785
f 5496//7787 5452//7787 5453//7787
f 5496//7786 5495//7786 5452//7786
f 5497//7788 5453//7788 5454//7788
f 5497//7787 5496//7787 5453//7787
f 5498//7789 5454//7789 5455//7789
f 5498//7788 5497//7788 5454//7788
f 5499//7790 5455//7790 5456//7790
f 5499//7789 5498//7789 5455//7789
f 5500//7791 5456//7791 5457//7791
f 5500//7790 5499//7790 5456//7790
f 5501//7792 5457//7792 5458//7792
f 5501//7791 5500//7791 5457//7791
f 5502//7793 5458//7793 5459//7793
f 5502//7792 5501//7792 5458//7792
f 5503//7794 5459//7794 5460//7794
f 5503//7793 5502//7793 5459//7793
f 5504//7795 5460//7795 5461//7795
f 5504//7794 5503//7794 5460//7794
f 5505//7796 5461//7796 5462//7796
f 5505//7795 5504//7795 5461//7795
f 5506//7797 5462//7797 3188//7797
f 5506//7796 5505//7796 5462//7796
f 3238//7797 5506//7797 3188//7797
f 3382//7798 3286//7798 5463//7798
f 3561//7799 5463//7799 5464//7799
f 3561//7798 3382//7798 5463//7798
f 3559//7800 5464//7800 5465//7800
f 3559//7799 3561//7799 5464//7799
f 3556//7801 5465//7801 5466//7801
f 3556//7800 3559//7800 5465//7800
f 3553//7802 5466//7802 5467//7802
f 3553//7801 3556//7801 5466//7801
f 3550//7803 5467//7803 5468//7803
f 3550//7802 3553//7802 5467//7802
f 3547//7804 5468//7804 5469//7804
f 3547//7803 3550//7803 5468//7803
f 3544//7805 5469//7805 5470//7805
f 3544//7806 3547//7806 5469//7806
f 3541//7807 5470//7807 5471//7807
f 3541//7805 3544//7805 5470//7805
f 3538//7808 5471//7808 5472//7808
f 3538//7807 3541//7807 5471//7807
f 3535//7809 5472//7809 5473//7809
f 3535//7808 3538//7808 5472//7808
f 3532//7810 5473//7810 5474//7810
f 3532//7809 3535//7809 5473//7809
f 3529//7811 5474//7811 5475//7811
f 3529//7810 3532//7810 5474//7810
f 3526//7812 5475//7812 5476//7812
f 3526//7811 3529//7811 5475//7811
f 3523//7813 5476//7813 5477//7813
f 3523//7812 3526//7812 5476//7812
f 3520//7814 5477//7814 5478//7814
f 3520//7813 3523//7813 5477//7813
f 3517//7815 5478//7815 5479//7815
f 3517//7814 3520//7814 5478//7814
f 3514//7816 5479//7816 5480//7816
f 3514//7815 3517//7815 5479//7815
f 3511//7817 5480//7817 5481//7817
f 3511//7816 3514//7816 5480//7816
f 3508//7818 5481//7818 5482//7818
f 3508//7817 3511//7817 5481//7817
f 3504//7819 5482//7819 5483//7819
f 3504//7818 3508//7818 5482//7818
f 3501//7820 5483//7820 5484//7820
f 3501//7819 3504//7819 5483//7819
f 3499//5850 5484//5850 5485//5850
f 3499//7820 3501//7820 5484//7820
f 3498//7821 5485//7821 5486//7821
f 3498//5850 3499//5850 5485//5850
f 3495//7822 5486//7822 5487//7822
f 3495//7821 3498//7821 5486//7821
f 3491//7823 5487//7823 5488//7823
f 3491//7822 3495//7822 5487//7822
f 3488//7824 5488//7824 5489//7824
f 3488//7823 3491//7823 5488//7823
f 3485//7825 5489//7825 5490//7825
f 3485//7824 3488//7824 5489//7824
f 3482//7826 5490//7826 5491//7826
f 3482//7825 3485//7825 5490//7825
f 3479//7827 5491//7827 5492//7827
f 3479//7826 3482//7826 5491//7826
f 3476//7828 5492//7828 5493//7828
f 3476//7827 3479//7827 5492//7827
f 3473//7829 5493//7829 5494//7829
f 3473//7828 3476//7828 5493//7828
f 3470//7830 5494//7830 5495//7830
f 3470//7829 3473//7829 5494//7829
f 3467//7831 5495//7831 5496//7831
f 3467//7830 3470//7830 5495//7830
f 3464//7832 5496//7832 5497//7832
f 3464//7831 3467//7831 5496//7831
f 3461//7833 5497//7833 5498//7833
f 3461//7832 3464//7832 5497//7832
f 3458//7834 5498//7834 5499//7834
f 3458//7833 3461//7833 5498//7833
f 3455//7835 5499//7835 5500//7835
f 3455//7834 3458//7834 5499//7834
f 3452//7836 5500//7836 5501//7836
f 3452//7835 3455//7835 5500//7835
f 3449//7837 5501//7837 5502//7837
f 3449//7838 3452//7838 5501//7838
f 3446//7839 5502//7839 5503//7839
f 3446//7837 3449//7837 5502//7837
f 3443//7840 5503//7840 5504//7840
f 3443//7839 3446//7839 5503//7839
f 3440//7841 5504//7841 5505//7841
f 3440//7840 3443//7840 5504//7840
f 3437//7842 5505//7842 5506//7842
f 3437//7841 3440//7841 5505//7841
f 3434//7843 5506//7843 3238//7843
f 3434//7842 3437//7842 5506//7842
f 3288//7843 3434//7843 3238//7843
