# Blender v3.0.0 OBJ File: ''
# www.blender.org
mtllib Tilt Distal Linkage and Force Sensor.mtl
o /ambf/env/Tilt_Distal_Linkage_and_Force_Sensor_Tilt_Distal_Linkage_and_Force_Sensor
v -0.013764 0.032829 -0.010100
v -0.016764 0.032829 -0.010100
v -0.016764 0.033965 -0.009243
v -0.013764 0.033638 -0.009594
v -0.013764 0.034226 -0.008841
v -0.013764 0.032098 -0.008962
v -0.013764 0.033171 -0.007996
v -0.013764 0.031894 -0.010299
v -0.016764 0.034414 -0.008400
v -0.016564 0.031894 -0.010299
v -0.013764 0.034522 -0.007933
v -0.023733 0.034651 -0.007959
v -0.021044 0.034651 -0.007959
v -0.023733 0.033642 -0.009044
v -0.021044 0.033642 -0.009044
v -0.029883 0.033642 -0.009044
v -0.029883 0.034651 -0.007959
v -0.023733 0.032512 -0.010003
v -0.030137 0.032434 -0.008786
v -0.030137 0.031906 -0.010430
v -0.030137 0.033091 -0.009540
v -0.030137 0.033458 -0.007806
v -0.030137 0.034163 -0.008516
v -0.034460 0.032961 -0.009634
v -0.034460 0.033749 -0.008924
v -0.029883 0.032512 -0.010003
v -0.021044 0.032512 -0.010003
v -0.034709 0.032064 -0.010200
v -0.034328 0.034155 -0.008509
v -0.034912 0.033567 -0.008738
v -0.034912 0.032795 -0.009433
v -0.034709 0.034406 -0.008091
v -0.023733 0.031276 -0.010821
v -0.030137 0.034353 -0.006708
v -0.030137 0.035106 -0.007373
v -0.029883 0.031276 -0.010821
v -0.030137 0.031298 -0.009633
v -0.021044 0.031276 -0.010821
v -0.016564 0.030964 -0.010996
v -0.016564 0.034522 -0.007933
v -0.016564 0.035226 -0.007135
v -0.034328 0.035104 -0.007371
v -0.034912 0.034920 -0.007165
v -0.035044 0.034103 -0.007831
v -0.030137 0.030624 -0.011174
v -0.034460 0.031218 -0.010841
v -0.029883 0.035525 -0.006761
v -0.023733 0.035525 -0.006761
v -0.021044 0.035525 -0.006761
v -0.034912 0.031089 -0.010615
v -0.016564 0.030949 -0.010166
v -0.013764 0.030949 -0.010166
v -0.023733 0.029952 -0.011488
v -0.030137 0.035106 -0.005507
v -0.030137 0.035907 -0.006126
v -0.034589 0.035686 -0.006414
v -0.029883 0.029952 -0.011487
v -0.030137 0.030067 -0.010334
v -0.021044 0.029952 -0.011487
v -0.016564 0.029755 -0.009390
v -0.034460 0.030276 -0.011329
v -0.035090 0.033224 -0.008389
v -0.035090 0.032483 -0.009056
v -0.013500 0.030964 -0.010996
v -0.013500 0.030317 -0.011310
v -0.013500 0.035525 -0.006761
v -0.035090 0.031720 -0.009530
v -0.035090 0.034523 -0.006878
v -0.016564 0.034348 -0.006520
v -0.030137 0.029263 -0.011761
v -0.029883 0.036251 -0.005469
v -0.013500 0.036202 -0.005547
v -0.013500 0.034993 -0.004342
v -0.013500 0.033856 -0.005698
v -0.013500 0.035113 -0.007094
v -0.023733 0.036251 -0.005469
v -0.021044 0.036251 -0.005469
v -0.016564 0.033842 -0.005710
v -0.013764 0.029755 -0.009390
v -0.013500 0.028945 -0.009787
v -0.035090 0.030845 -0.010190
v -0.034912 0.030166 -0.011093
v -0.035090 0.035072 -0.006046
v -0.034328 0.029263 -0.011759
v -0.034818 0.036073 -0.005427
v -0.034328 0.036233 -0.005505
v -0.013764 0.034348 -0.006520
v -0.034912 0.029207 -0.011491
v -0.035090 0.031320 -0.009890
v -0.035090 0.030072 -0.010591
v -0.023733 0.028559 -0.011993
v -0.030137 0.035706 -0.004224
v -0.030137 0.036555 -0.004793
v -0.029883 0.028559 -0.011993
v -0.029883 0.028758 -0.010879
v -0.021044 0.028559 -0.011993
v -0.013500 0.028211 -0.010522
v -0.013500 0.028141 -0.011164
v -0.013500 0.028559 -0.011993
v -0.035078 0.035668 -0.005228
v -0.021244 0.032578 -0.008984
v -0.023533 0.033143 -0.008475
v -0.023533 0.032578 -0.008984
v -0.021244 0.033236 -0.008315
v -0.016764 0.032610 -0.008812
v -0.016764 0.033234 -0.008314
v -0.035090 0.034201 -0.007287
v -0.016764 0.031958 -0.009168
v -0.021244 0.031953 -0.009172
v -0.023533 0.031948 -0.009175
v -0.023533 0.033363 -0.008016
v -0.034460 0.036649 -0.004528
v -0.035090 0.029039 -0.011031
v -0.034328 0.027840 -0.012172
v -0.030137 0.027842 -0.012182
v -0.029883 0.036819 -0.004100
v -0.013500 0.036819 -0.004100
v -0.023733 0.036819 -0.004100
v -0.021044 0.036819 -0.004100
v -0.035090 0.029477 -0.007244
v -0.035090 0.030869 -0.008387
v -0.035090 0.031842 -0.008800
v -0.035090 0.032635 -0.008479
v -0.035090 0.032987 -0.007937
v -0.035090 0.032858 -0.006888
v -0.035090 0.032385 -0.006447
v -0.035090 0.031779 -0.005172
v -0.034818 0.028242 -0.011897
v -0.013764 0.030726 -0.008516
v -0.013764 0.032871 -0.006585
v -0.035090 0.028141 -0.008447
v -0.034912 0.036406 -0.004434
v -0.033615 0.032461 -0.008610
v -0.015064 0.033171 -0.007996
v -0.015064 0.032098 -0.008962
v -0.015064 0.030726 -0.008516
v -0.015064 0.032871 -0.006585
v -0.033615 0.031842 -0.008800
v -0.033615 0.031798 -0.007550
v -0.033615 0.032902 -0.008137
v -0.035078 0.028123 -0.011462
v -0.035090 0.035949 -0.004256
v -0.023733 0.027115 -0.012329
v -0.030137 0.036144 -0.002876
v -0.030137 0.037041 -0.003393
v -0.034460 0.036991 -0.003524
v -0.029883 0.027115 -0.012329
v -0.030137 0.027393 -0.011258
v -0.021044 0.027115 -0.012329
v -0.013500 0.027371 -0.011155
v -0.013500 0.026711 -0.012374
v -0.034589 0.027245 -0.012260
v -0.034912 0.036741 -0.003451
v -0.033615 0.033048 -0.007507
v -0.033615 0.031029 -0.008535
v -0.030137 0.026381 -0.012433
v -0.029883 0.037220 -0.002673
v -0.013500 0.037171 -0.002848
v -0.023733 0.037220 -0.002673
v -0.021044 0.037220 -0.002673
v -0.035090 0.036271 -0.003313
v -0.035090 0.027116 -0.011555
v -0.034328 0.026202 -0.012452
v -0.034818 0.026185 -0.012274
v -0.034818 0.037083 -0.002461
v -0.034328 0.037258 -0.002497
v -0.013764 0.033491 -0.005383
v -0.033615 0.032568 -0.006565
v -0.023733 0.025642 -0.012493
v -0.030137 0.036413 -0.001485
v -0.030137 0.037357 -0.001945
v -0.029883 0.025642 -0.012493
v -0.029883 0.025991 -0.011467
v -0.021044 0.025642 -0.012493
v -0.035078 0.036641 -0.002371
v -0.035090 0.026507 -0.009919
v -0.035090 0.034707 -0.002535
v -0.035078 0.026141 -0.011825
v -0.013500 0.025642 -0.012493
v -0.030137 0.024901 -0.012509
v -0.029883 0.037451 -0.001209
v -0.013500 0.037282 -0.002280
v -0.023733 0.037451 -0.001209
v -0.021044 0.037451 -0.001209
v -0.013500 0.037451 -0.001209
v -0.035090 0.030576 -0.007810
v -0.033615 0.031755 -0.006301
v -0.033615 0.031136 -0.006490
v -0.033615 0.030695 -0.006964
v -0.033615 0.030549 -0.007594
v -0.016564 0.033089 -0.005122
v -0.015064 0.030426 -0.007104
v -0.013764 0.031498 -0.006139
v -0.015064 0.031498 -0.006139
v -0.013764 0.030426 -0.007104
v -0.013764 0.029108 -0.008122
v -0.013764 0.032181 -0.004827
v -0.034328 0.024901 -0.012501
v -0.034328 0.037346 -0.001943
v -0.034328 0.037425 -0.001448
v -0.016564 0.027772 -0.010993
v -0.016564 0.028211 -0.010522
v -0.016564 0.027112 -0.009938
v -0.034912 0.025139 -0.012237
v -0.035090 0.025650 -0.011719
v -0.035044 0.036927 -0.001390
v -0.013500 0.026312 -0.011324
v -0.013500 0.026187 -0.010771
v -0.013500 0.024263 -0.009655
v -0.013500 0.028330 -0.009679
v -0.013500 0.027879 -0.008957
v -0.013500 0.028498 -0.009138
v -0.013500 0.026783 -0.007386
v -0.013500 0.029450 -0.009017
v -0.013500 0.034217 -0.003480
v -0.013500 0.036231 -0.003051
v -0.013500 0.036952 -0.000834
v -0.016564 0.026939 -0.011170
v -0.010477 0.037477 0.000784
v -0.010477 0.036231 -0.003051
v -0.010477 0.034465 -0.000522
v -0.010477 0.033715 -0.001087
v -0.010477 0.032286 -0.003890
v -0.016564 0.028356 -0.009895
v -0.035090 0.025133 -0.011747
v -0.023733 0.024160 -0.012481
v -0.029883 0.036509 -0.000071
v -0.030137 0.037501 -0.000470
v -0.029883 0.024160 -0.012481
v -0.029883 0.024575 -0.011502
v -0.021044 0.024160 -0.012481
v -0.013500 0.024520 -0.012491
v -0.016564 0.029249 -0.008581
v -0.013500 0.033098 -0.005106
v -0.035090 0.036598 -0.001799
v -0.035090 0.025138 -0.011151
v -0.016564 0.026187 -0.010771
v -0.016564 0.028037 -0.009105
v -0.034589 0.037457 -0.000388
v -0.034818 0.024093 -0.012298
v -0.035090 0.031330 -0.006391
v -0.034988 0.037123 -0.000378
v -0.035090 0.035976 -0.001392
v -0.030137 0.023422 -0.012410
v -0.034328 0.024080 -0.012476
v -0.029883 0.037507 0.000272
v -0.013500 0.037500 0.000000
v -0.023733 0.037507 0.000272
v -0.021044 0.037507 0.000272
v -0.016564 0.029031 -0.007647
v -0.035090 0.030813 -0.006781
v -0.035090 0.024136 -0.011716
v -0.035090 0.036715 -0.000727
v -0.013764 0.029631 -0.005857
v -0.013764 0.029075 -0.007168
v -0.013764 0.031227 -0.004860
v -0.013764 0.030341 -0.005218
v -0.013500 0.022903 -0.010880
v -0.013500 0.025609 -0.010485
v -0.016564 0.027497 -0.008754
v -0.016564 0.025929 -0.009553
v -0.016564 0.025895 -0.010197
v -0.016564 0.026453 -0.008882
v -0.016564 0.032181 -0.004827
v -0.013500 0.029031 -0.007647
v -0.013500 0.032286 -0.003890
v -0.023733 0.022690 -0.012294
v -0.030137 0.036431 0.001344
v -0.030137 0.037468 0.001012
v -0.034460 0.037480 0.000672
v -0.029883 0.022690 -0.012294
v -0.030137 0.023165 -0.011362
v -0.021044 0.022690 -0.012294
v -0.013500 0.023091 -0.012353
v -0.034328 0.023026 -0.012353
v -0.034912 0.037220 0.000658
v -0.013500 0.037477 0.000784
v -0.034988 0.023086 -0.011976
v -0.035090 0.036730 0.000631
v -0.016564 0.031223 -0.004842
v -0.013500 0.031702 -0.004783
v -0.035090 0.021582 -0.007201
v -0.035090 0.022950 -0.005969
v -0.035090 0.028810 -0.006503
v -0.035090 0.027544 -0.006408
v -0.035090 0.024585 -0.004497
v -0.035090 0.026342 -0.005628
v -0.035090 0.030252 -0.005833
v -0.035090 0.029436 -0.006342
v -0.035090 0.030844 -0.005075
v -0.035090 0.031141 -0.004160
v -0.035090 0.031107 -0.003200
v -0.035090 0.030747 -0.002308
v -0.035090 0.031151 0.001415
v -0.035090 0.033652 0.001309
v -0.035090 0.034317 0.000735
v -0.035090 0.032420 0.002557
v -0.035090 0.034991 0.000597
v -0.035090 0.035506 0.000706
v -0.013500 0.025512 -0.009938
v -0.013500 0.027069 -0.008694
v -0.030137 0.021966 -0.012136
v -0.034589 0.021996 -0.012096
v -0.029883 0.037387 0.001749
v -0.023733 0.037462 0.001090
v -0.021044 0.037462 0.001090
v -0.035090 0.036133 0.001179
v -0.016564 0.029183 -0.006701
v -0.013500 0.029354 -0.006251
v -0.013500 0.030761 -0.004983
v -0.034709 0.037288 0.001715
v -0.033615 0.029866 -0.006123
v -0.033615 0.030581 -0.005480
v -0.013500 0.025727 -0.009138
v -0.013500 0.026565 -0.008434
v -0.034915 0.029856 -0.006107
v -0.034915 0.030566 -0.005468
v -0.034915 0.030046 -0.004310
v -0.033615 0.028975 -0.006483
v -0.035044 0.036893 0.001660
v -0.034915 0.028759 -0.005469
v -0.016564 0.030341 -0.005218
v -0.013500 0.031561 -0.003084
v -0.013500 0.036752 0.001590
v -0.010477 0.033140 -0.001057
v -0.010477 0.032541 -0.000589
v -0.010477 0.029490 -0.000784
v -0.010477 0.034681 0.003890
v -0.010477 0.034309 0.000744
v -0.010477 0.034571 0.000231
v -0.014821 0.033922 -0.002062
v -0.013500 0.033909 -0.002000
v -0.014821 0.034601 -0.001788
v -0.013500 0.034852 -0.001520
v -0.013500 0.035345 -0.000990
v -0.014821 0.035095 -0.001259
v -0.013500 0.026280 -0.009013
v -0.035078 0.022137 -0.011530
v -0.033615 0.031015 -0.004625
v -0.034915 0.031015 -0.004625
v -0.014821 0.035428 -0.000632
v -0.023733 0.021252 -0.011935
v -0.030137 0.036179 0.002739
v -0.030137 0.037261 0.002480
v -0.029883 0.021252 -0.011935
v -0.030137 0.021782 -0.011050
v -0.021044 0.021252 -0.011935
v -0.013500 0.021252 -0.011935
v -0.013500 0.037299 0.002184
v -0.016564 0.029617 -0.005846
v -0.035090 0.036380 0.001644
v -0.023533 0.037387 0.001749
v -0.021244 0.037387 0.001749
v -0.014821 0.033190 -0.002088
v -0.013500 0.035508 -0.000285
v -0.013500 0.029946 -0.005493
v -0.013500 0.033199 -0.002025
v -0.014821 0.035527 0.000071
v -0.033615 0.027549 -0.006391
v -0.033615 0.031147 -0.003679
v -0.034915 0.028016 -0.006498
v -0.034915 0.031147 -0.003679
v -0.034709 0.037099 0.002751
v -0.007087 0.034183 -0.001120
v -0.008687 0.033715 -0.001087
v -0.008687 0.034227 -0.000826
v -0.013500 0.035379 0.000766
v -0.030137 0.020552 -0.011692
v -0.034589 0.020981 -0.011798
v -0.029883 0.037093 0.003202
v -0.021244 0.037093 0.003202
v -0.013500 0.037171 0.002848
v -0.023533 0.037093 0.003202
v -0.005486 0.034093 -0.000975
v -0.005486 0.033524 -0.001149
v -0.007087 0.034792 -0.000184
v -0.035044 0.036709 0.002663
v -0.008687 0.034540 -0.000343
v -0.005486 0.034229 -0.000396
v -0.033615 0.030949 -0.002745
v -0.035078 0.021169 -0.011245
v -0.007087 0.033075 -0.001256
v -0.008687 0.033075 -0.001256
v -0.014821 0.032186 -0.001661
v -0.013500 0.032225 -0.001611
v -0.014821 0.035438 0.000790
v -0.035090 0.036453 0.002165
v -0.005486 0.032944 -0.001015
v -0.013500 0.035362 0.003134
v -0.013500 0.030171 -0.001540
v -0.013500 0.021598 -0.010758
v -0.013500 0.022314 -0.010094
v -0.013500 0.022873 -0.008111
v -0.013500 0.022490 -0.009095
v -0.013500 0.022490 -0.009610
v -0.013500 0.025393 -0.005842
v -0.013500 0.035959 0.003672
v -0.033615 0.035742 0.000826
v -0.033615 0.036277 0.001400
v -0.033615 0.034226 0.000774
v -0.034915 0.027112 -0.004934
v -0.033615 0.028759 -0.005469
v -0.033615 0.030046 -0.004310
v -0.034915 0.029686 -0.002616
v -0.033615 0.029686 -0.002616
v -0.033615 0.027112 -0.004934
v -0.033615 0.026752 -0.003240
v -0.033615 0.035253 0.000629
v -0.005486 0.034267 0.000316
v -0.008687 0.034571 0.000231
v -0.016564 0.033800 -0.000783
v -0.016564 0.034229 -0.000396
v -0.016564 0.033484 0.000000
v -0.033615 0.033811 0.001098
v -0.033615 0.033532 0.001544
v -0.016564 0.033223 -0.000803
v -0.034915 0.026706 -0.005942
v -0.034915 0.030949 -0.002745
v -0.016564 0.034267 0.000316
v -0.014821 0.035003 0.001368
v -0.031661 0.036388 0.001668
v -0.033615 0.036258 0.002393
v -0.031661 0.036258 0.002393
v -0.023733 0.019867 -0.011408
v -0.029883 0.035758 0.004092
v -0.030137 0.036882 0.003913
v -0.034460 0.036908 0.003795
v -0.029883 0.019867 -0.011408
v -0.030137 0.020449 -0.010571
v -0.021044 0.019867 -0.011408
v -0.013500 0.020562 -0.010794
v -0.013500 0.019867 -0.011408
v -0.007087 0.034458 0.000609
v -0.033615 0.034727 0.000611
v -0.034328 0.020556 -0.011682
v -0.034709 0.020018 -0.011363
v -0.034912 0.036660 0.003716
v -0.013500 0.034742 0.001611
v -0.033615 0.026342 -0.005628
v -0.035078 0.020230 -0.010880
v -0.035090 0.036193 0.003567
v -0.007087 0.032502 -0.000884
v -0.008687 0.032502 -0.000884
v -0.008687 0.034309 0.000744
v -0.035090 0.036224 0.002916
v -0.016564 0.021834 -0.010638
v -0.016564 0.022225 -0.010286
v -0.016564 0.022436 -0.008784
v -0.033615 0.035872 0.003307
v -0.031661 0.036224 0.002916
v -0.016564 0.021189 -0.010860
v -0.016564 0.021241 -0.007851
v -0.016564 0.021964 -0.008157
v -0.016564 0.022472 -0.009821
v -0.016564 0.022546 -0.009299
v -0.030137 0.019200 -0.011084
v -0.029883 0.036629 0.004610
v -0.013500 0.036764 0.004225
v -0.021244 0.036629 0.004610
v -0.023533 0.036629 0.004610
v -0.016564 0.032640 -0.000029
v -0.005486 0.032418 -0.000431
v -0.016564 0.032918 0.000628
v -0.016564 0.033454 0.000844
v -0.014821 0.031696 -0.001117
v -0.013500 0.031696 -0.001117
v -0.005486 0.033880 0.000746
v -0.035090 0.030104 -0.001593
v -0.033615 0.030104 -0.001593
v -0.034915 0.030443 -0.001935
v -0.016564 0.020503 -0.010595
v -0.021044 0.020819 -0.010854
v -0.010477 0.032373 -0.000039
v -0.010477 0.033638 0.001100
v -0.007087 0.034023 0.001015
v -0.014821 0.034115 0.001945
v -0.013500 0.031421 -0.000438
v -0.008687 0.032192 -0.000275
v -0.008687 0.033827 0.001057
v -0.007087 0.032192 -0.000275
v -0.005486 0.033245 0.001124
v -0.034328 0.019023 -0.010989
v -0.034818 0.019108 -0.010833
v -0.034912 0.036302 0.004691
v -0.034460 0.036543 0.004791
v -0.005486 0.032345 0.000160
v -0.008687 0.033253 0.001087
v -0.007087 0.033245 0.001124
v -0.034915 0.025849 -0.004805
v -0.034915 0.026752 -0.003240
v -0.034915 0.028039 -0.002081
v -0.035090 0.029255 -0.001142
v -0.034915 0.029690 -0.001347
v -0.033615 0.028039 -0.002081
v -0.033615 0.033423 0.002059
v -0.021044 0.020318 -0.010691
v -0.023733 0.018554 -0.010721
v -0.030137 0.035173 0.005382
v -0.030137 0.036336 0.005290
v -0.029883 0.018554 -0.010721
v -0.029883 0.019184 -0.009932
v -0.021044 0.018554 -0.010721
v -0.035090 0.035850 0.004503
v -0.005486 0.032918 0.000628
v -0.014821 0.031377 -0.000074
v -0.013500 0.034115 0.001945
v -0.035078 0.019324 -0.010436
v -0.021044 0.019835 -0.010285
v -0.016564 0.019624 -0.009920
v -0.008687 0.032427 0.000343
v -0.010477 0.032895 0.000942
v -0.035090 0.033455 0.001797
v -0.035090 0.035407 0.003555
v -0.033615 0.035407 0.003555
v -0.013500 0.019903 -0.010367
v -0.013500 0.022338 -0.008592
v -0.007087 0.032390 0.000355
v -0.010477 0.032502 0.000522
v -0.010477 0.030736 0.003051
v -0.008687 0.032740 0.000826
v -0.007087 0.032600 0.000982
v -0.013500 0.031459 0.000285
v -0.013500 0.033410 0.002107
v -0.013500 0.034681 0.003890
v -0.013500 0.029490 -0.000784
v -0.013500 0.018554 -0.010721
v -0.013500 0.021964 -0.008157
v -0.013500 0.020734 -0.005735
v -0.013500 0.023404 -0.003001
v -0.013500 0.027274 -0.002526
v -0.013500 0.026801 -0.002882
v -0.013500 0.026273 -0.003151
v -0.013500 0.025707 -0.003324
v -0.013500 0.025119 -0.003396
v -0.013500 0.024527 -0.003365
v -0.013500 0.023950 -0.003232
v -0.013500 0.027678 -0.002092
v -0.013500 0.028232 -0.001050
v -0.013500 0.028001 -0.001596
v -0.013500 0.033734 0.006414
v -0.033615 0.025691 -0.004351
v -0.035090 0.025691 -0.004351
v -0.014821 0.033410 0.002107
v -0.030137 0.017930 -0.010320
v -0.029883 0.036002 0.005953
v -0.013500 0.036002 0.005953
v -0.023533 0.036002 0.005953
v -0.021244 0.036002 0.005953
v -0.035090 0.033436 0.002323
v -0.035090 0.035475 0.005308
v -0.034589 0.018138 -0.010405
v -0.034328 0.036325 0.005286
v -0.034460 0.036095 0.005753
v -0.034912 0.035864 0.005633
v -0.033615 0.028782 -0.001052
v -0.034988 0.018323 -0.010125
v -0.014821 0.031622 0.000990
v -0.014821 0.032694 0.001955
v -0.035090 0.034885 0.003628
v -0.033615 0.034623 0.003596
v -0.013500 0.019547 -0.009668
v -0.033615 0.033599 0.002824
v -0.035090 0.034370 0.003518
v -0.013500 0.031678 0.000960
v -0.013500 0.032694 0.001955
v -0.016564 0.019515 -0.009405
v -0.013500 0.017331 -0.009883
v -0.013500 0.021288 -0.007892
v -0.035090 0.033599 0.002824
v -0.033615 0.034134 0.003398
v -0.014821 0.032073 0.001567
v -0.033615 0.025676 -0.003392
v -0.035090 0.025650 -0.003539
v -0.035090 0.028451 -0.001016
v -0.013500 0.032073 0.001567
v -0.035090 0.033923 0.003239
v -0.023733 0.017331 -0.009883
v -0.029883 0.034435 0.006592
v -0.030137 0.035630 0.006594
v -0.029883 0.017331 -0.009883
v -0.030137 0.018008 -0.009142
v -0.021044 0.017331 -0.009883
v -0.013500 0.030100 0.001093
v -0.013500 0.028396 0.000119
v -0.013500 0.028365 -0.000473
v -0.013500 0.033016 0.003536
v -0.013500 0.030736 0.003051
v -0.034915 0.025971 -0.002484
v -0.035090 0.026217 -0.002071
v -0.034915 0.026559 -0.001732
v -0.035090 0.025766 -0.002920
v -0.034915 0.027369 -0.001225
v -0.035090 0.027824 -0.001067
v -0.035090 0.026932 -0.001427
v -0.016564 0.019588 -0.008884
v -0.013500 0.016682 -0.009331
v -0.013881 0.027019 -0.002242
v -0.013881 0.027378 -0.001858
v -0.013881 0.026599 -0.002559
v -0.013881 0.027664 -0.001417
v -0.013500 0.019529 -0.009141
v -0.016564 0.020462 -0.007946
v -0.016564 0.019835 -0.008419
v -0.013881 0.026130 -0.002798
v -0.013881 0.027870 -0.000932
v -0.034460 0.035567 0.006673
v -0.034912 0.035347 0.006534
v -0.034328 0.017252 -0.009821
v -0.034912 0.017421 -0.009607
v -0.013500 0.020462 -0.007946
v -0.035090 0.034933 0.006272
v -0.035090 0.020815 -0.006349
v -0.035090 0.022183 -0.005117
v -0.035090 0.023416 -0.004002
v -0.035090 0.024196 -0.004112
v -0.035090 0.024586 -0.003478
v -0.035090 0.027455 -0.000370
v -0.035090 0.027811 0.000322
v -0.035090 0.028235 -0.000010
v -0.035090 0.028941 0.000225
v -0.035090 0.029120 0.000998
v -0.035090 0.030383 0.002267
v -0.035090 0.031653 0.003409
v -0.015786 0.026020 -0.001133
v -0.015786 0.026599 -0.002559
v -0.015786 0.027019 -0.002242
v -0.015786 0.027378 -0.001858
v -0.013500 0.019691 -0.008640
v -0.033615 0.027369 -0.001225
v -0.015786 0.025571 -0.001413
v -0.015786 0.026130 -0.002798
v -0.015786 0.026346 -0.000715
v -0.015786 0.027664 -0.001417
v -0.035090 0.017672 -0.009178
v -0.035090 0.024415 -0.002919
v -0.013881 0.025627 -0.002952
v -0.013881 0.027988 -0.000420
v -0.030137 0.016759 -0.009411
v -0.029883 0.035221 0.007212
v -0.013500 0.035492 0.006795
v -0.023533 0.035221 0.007212
v -0.021244 0.035221 0.007212
v -0.013500 0.020016 -0.008225
v -0.013500 0.019373 -0.006960
v -0.015786 0.025627 -0.002952
v -0.015786 0.027870 -0.000932
v -0.035090 0.025111 -0.002481
v -0.013500 0.032127 0.004523
v -0.033615 0.025971 -0.002484
v -0.015786 0.025053 -0.001523
v -0.015786 0.025105 -0.003016
v -0.013881 0.025105 -0.003016
v -0.015786 0.026509 -0.000212
v -0.015786 0.027988 -0.000420
v -0.013881 0.028016 0.000105
v -0.013500 0.029302 0.001979
v -0.013500 0.028324 0.000707
v -0.034733 0.024522 -0.003867
v -0.033615 0.026559 -0.001732
v -0.034733 0.028642 -0.000031
v -0.035090 0.023901 -0.003382
v -0.034733 0.023792 -0.004162
v -0.034733 0.029227 0.000496
v -0.035090 0.028478 0.000739
v -0.015786 0.024580 -0.002988
v -0.013881 0.024580 -0.002988
v -0.015786 0.026491 0.000317
v -0.015786 0.028016 0.000105
v -0.023733 0.016216 -0.008907
v -0.030137 0.033553 0.007701
v -0.030137 0.034776 0.007805
v -0.034460 0.034963 0.007545
v -0.029883 0.016216 -0.008906
v -0.029883 0.016937 -0.008213
v -0.021044 0.016216 -0.008907
v -0.013881 0.027952 0.000627
v -0.034328 0.016447 -0.009129
v -0.034818 0.016569 -0.008999
v -0.034912 0.034756 0.007388
v -0.035078 0.016878 -0.008669
v -0.035090 0.034365 0.007092
v -0.015786 0.024068 -0.002870
v -0.013881 0.024068 -0.002870
v -0.015786 0.027952 0.000627
v -0.035090 0.019940 -0.005377
v -0.035090 0.021308 -0.004145
v -0.035090 0.024062 -0.001201
v -0.035090 0.024529 -0.001449
v -0.035090 0.025053 -0.001523
v -0.035090 0.026020 -0.001133
v -0.035090 0.025571 -0.001413
v -0.035090 0.026346 -0.000715
v -0.035090 0.026509 -0.000212
v -0.035090 0.026442 0.000478
v -0.035090 0.026866 0.000859
v -0.035090 0.029508 0.003239
v -0.035090 0.030919 0.004509
v -0.035090 0.028575 0.001424
v -0.035090 0.023535 -0.002795
v -0.035090 0.023121 -0.003272
v -0.035090 0.022942 -0.002673
v -0.035090 0.027951 0.001324
v -0.035090 0.027699 0.000849
v -0.034733 0.028963 0.001360
v -0.033615 0.025000 0.000000
v -0.033615 0.026346 -0.000715
v -0.033615 0.025808 -0.001292
v -0.016564 0.026491 0.000317
v -0.016564 0.025571 -0.001413
v -0.016564 0.026020 -0.001133
v -0.015786 0.024285 -0.001346
v -0.015786 0.023583 -0.002664
v -0.013881 0.023583 -0.002664
v -0.015786 0.027798 0.001130
v -0.013881 0.027798 0.001130
v -0.034733 0.023171 -0.003677
v -0.016564 0.026346 -0.000715
v -0.030137 0.015704 -0.008370
v -0.030137 0.034296 0.008370
v -0.023533 0.034296 0.008370
v -0.021244 0.034296 0.008370
v -0.013500 0.034296 0.008370
v -0.034733 0.023874 -0.002595
v -0.033615 0.025053 -0.001523
v -0.016564 0.025053 -0.001523
v -0.013500 0.016033 -0.008703
v -0.013500 0.018744 -0.006261
v -0.013500 0.020104 -0.005037
v -0.013500 0.022625 -0.002767
v -0.013500 0.028151 0.001273
v -0.013500 0.027882 0.001801
v -0.013500 0.031498 0.005222
v -0.013500 0.028672 0.002678
v -0.013500 0.032828 0.005223
v -0.013500 0.032272 0.005223
v -0.013500 0.033350 0.005413
v -0.013500 0.033936 0.007598
v -0.013500 0.034150 0.006798
v -0.033615 0.026523 0.000053
v -0.016564 0.026509 -0.000212
v -0.016564 0.033210 0.005743
v -0.016564 0.032550 0.006798
v -0.016564 0.032594 0.005555
v -0.016564 0.033649 0.006214
v -0.016564 0.033794 0.006842
v -0.033615 0.024529 -0.001449
v -0.013881 0.027559 0.001599
v -0.034328 0.015704 -0.008370
v -0.034912 0.034094 0.008188
v -0.034460 0.034288 0.008363
v -0.035044 0.016076 -0.008035
v -0.035090 0.033730 0.007861
v -0.015786 0.023142 -0.002378
v -0.013881 0.023142 -0.002378
v -0.015786 0.026292 0.000808
v -0.015786 0.027559 0.001599
v -0.016564 0.024285 -0.001346
v -0.016564 0.031966 0.005699
v -0.016564 0.033606 0.007458
v -0.033615 0.026292 0.000808
v -0.029883 0.015886 -0.007203
v -0.023733 0.015224 -0.007805
v -0.021044 0.015224 -0.007805
v -0.030137 0.014779 -0.007212
v -0.013500 0.031966 0.005699
v -0.035090 0.017740 -0.002934
v -0.035090 0.018326 -0.003238
v -0.035090 0.019175 -0.003689
v -0.035090 0.020607 -0.003764
v -0.035090 0.015067 -0.006272
v -0.035044 0.015427 -0.007249
v -0.035090 0.021498 -0.003404
v -0.035090 0.022476 -0.002356
v -0.035090 0.022773 -0.001442
v -0.035090 0.022739 -0.000481
v -0.035090 0.022379 0.000411
v -0.035090 0.021988 0.000890
v -0.035090 0.024222 0.003364
v -0.035090 0.024865 0.002650
v -0.035090 0.026133 0.001020
v -0.035090 0.025627 0.002235
v -0.035090 0.026666 0.002064
v -0.035090 0.028037 0.002483
v -0.035090 0.028751 0.003127
v -0.035090 0.029088 0.003705
v -0.035090 0.029311 0.004446
v -0.035090 0.029137 0.005869
v -0.035090 0.028627 0.006684
v -0.035090 0.033032 0.008573
v -0.035090 0.032276 0.009223
v -0.013500 0.027526 0.002274
v -0.015786 0.023348 -0.001488
v -0.015786 0.022758 -0.002019
v -0.013881 0.022758 -0.002019
v -0.015786 0.027242 0.002019
v -0.015442 0.026451 0.001306
v -0.013881 0.027242 0.002019
v -0.033615 0.023867 -0.001020
v -0.016564 0.023867 -0.001020
v -0.016564 0.026292 0.000808
v -0.013500 0.022474 -0.002274
v -0.013867 0.016426 -0.006961
v -0.013500 0.016288 -0.007342
v -0.013867 0.015925 -0.007163
v -0.013500 0.015224 -0.007805
v -0.013754 0.016630 -0.006078
v -0.013500 0.016931 -0.006519
v -0.013500 0.016883 -0.004194
v -0.013764 0.017229 -0.003805
v -0.013500 0.017507 -0.003412
v -0.013764 0.017677 -0.002962
v -0.013500 0.020373 -0.000266
v -0.013500 0.022118 -0.001801
v -0.013500 0.029177 0.007096
v -0.013764 0.028711 0.006973
v -0.013764 0.029597 0.007331
v -0.013500 0.027092 0.002678
v -0.013500 0.026420 0.005179
v -0.013500 0.026595 0.003001
v -0.013500 0.031047 0.006251
v -0.015786 0.023867 -0.001020
v -0.033615 0.021884 -0.003114
v -0.033615 0.021068 -0.003623
v -0.033615 0.028422 0.002774
v -0.034915 0.022198 -0.002749
v -0.034915 0.020391 -0.002750
v -0.034915 0.021678 -0.001591
v -0.034915 0.028410 0.002788
v -0.034915 0.028217 0.004296
v -0.034915 0.026930 0.003137
v -0.033615 0.027600 0.002282
v -0.033615 0.022459 -0.002347
v -0.033615 0.029014 0.003532
v -0.034915 0.021061 -0.003606
v -0.034915 0.027142 0.002141
v -0.034915 0.022646 -0.001906
v -0.030137 0.033784 0.008907
v -0.030137 0.032542 0.008694
v -0.034589 0.015064 -0.007524
v -0.034912 0.033367 0.008930
v -0.034460 0.033545 0.009120
v -0.033615 0.025471 0.001449
v -0.033615 0.025938 0.001201
v -0.033615 0.024947 0.001523
v -0.033615 0.024429 0.001413
v -0.033615 0.023551 0.000471
v -0.033615 0.023799 0.000938
v -0.033615 0.023477 -0.000053
v -0.033615 0.023587 -0.000571
v -0.015786 0.026858 0.002378
v -0.013881 0.026858 0.002378
v -0.013500 0.033350 0.008184
v -0.029883 0.033241 0.009411
v -0.014628 0.025324 0.000292
v -0.016564 0.031306 0.006755
v -0.016564 0.031495 0.006139
v -0.016564 0.031451 0.007383
v -0.016564 0.031891 0.007854
v -0.016564 0.032507 0.008042
v -0.016564 0.033135 0.007897
v -0.015786 0.021984 -0.000105
v -0.015786 0.022048 -0.000627
v -0.015786 0.022202 -0.001130
v -0.015786 0.022441 -0.001599
v -0.014735 0.024361 -0.000576
v -0.015147 0.023789 -0.001090
v -0.014910 0.025938 0.000844
v -0.015786 0.026417 0.002664
v -0.015786 0.025932 0.002870
v -0.015786 0.025420 0.002988
v -0.015429 0.024895 0.003016
v -0.015442 0.022010 0.000403
v -0.015068 0.022136 0.000930
v -0.015068 0.024374 0.002945
v -0.014800 0.022336 0.001417
v -0.014735 0.023704 0.002725
v -0.014644 0.022622 0.001858
v -0.014592 0.022981 0.002242
v -0.013500 0.033241 0.009411
v -0.013881 0.022441 -0.001599
v -0.029883 0.015224 -0.007805
v -0.029883 0.015264 -0.006910
v -0.021244 0.033241 0.009411
v -0.023533 0.033241 0.009411
v -0.035090 0.023587 -0.000571
v -0.033615 0.020128 -0.003823
v -0.033615 0.026184 0.002090
v -0.033615 0.022779 -0.000960
v -0.033615 0.029318 0.004927
v -0.034915 0.020127 -0.003805
v -0.035090 0.025471 0.001449
v -0.033615 0.019175 -0.003689
v -0.034915 0.022779 -0.000960
v -0.034915 0.026187 0.002108
v -0.034915 0.029260 0.005403
v -0.035090 0.023477 -0.000053
v -0.013881 0.022202 -0.001130
v -0.013500 0.021849 -0.001273
v -0.013881 0.026417 0.002664
v -0.013500 0.031306 0.006755
v -0.013500 0.032724 0.008031
v -0.024612 0.015872 -0.007065
v -0.023733 0.016013 -0.007195
v -0.021044 0.016169 -0.007382
v -0.023733 0.015475 -0.007087
v -0.013500 0.015897 -0.006374
v -0.013500 0.015575 -0.007367
v -0.013867 0.015411 -0.006996
v -0.024612 0.015366 -0.006817
v -0.029883 0.015068 -0.006390
v -0.030137 0.013998 -0.005953
v -0.030137 0.032669 0.009883
v -0.034460 0.032741 0.009812
v -0.023733 0.014370 -0.006594
v -0.029883 0.014370 -0.006594
v -0.021044 0.014370 -0.006594
v -0.013500 0.015012 -0.006927
v -0.013500 0.014370 -0.006594
v -0.021044 0.015354 -0.007265
v -0.033615 0.029120 0.005862
v -0.034915 0.018744 -0.002215
v -0.034915 0.025283 0.003672
v -0.013500 0.032100 0.007957
v -0.013500 0.029992 0.007605
v -0.013500 0.032102 0.010295
v -0.035090 0.024683 0.001491
v -0.034912 0.014653 -0.006534
v -0.013881 0.022048 -0.000627
v -0.013500 0.021676 -0.000707
v -0.013881 0.025932 0.002870
v -0.034912 0.032579 0.009607
v -0.033615 0.020391 -0.002750
v -0.033615 0.021678 -0.001591
v -0.034915 0.021318 0.000103
v -0.033615 0.021318 0.000103
v -0.033615 0.026930 0.003137
v -0.033615 0.028217 0.004296
v -0.034915 0.027857 0.005990
v -0.033615 0.027857 0.005990
v -0.033615 0.018744 -0.002215
v -0.033615 0.018384 -0.000521
v -0.033615 0.019671 0.000638
v -0.033615 0.025283 0.003672
v -0.033615 0.024923 0.005367
v -0.034460 0.014433 -0.006673
v -0.013500 0.031165 0.007598
v -0.023733 0.015121 -0.006667
v -0.021044 0.014996 -0.006900
v -0.033615 0.018326 -0.003238
v -0.033615 0.022379 0.000411
v -0.033615 0.024877 0.002664
v -0.013500 0.026050 0.003232
v -0.013764 0.030863 0.009280
v -0.034915 0.018740 -0.003484
v -0.034915 0.022581 -0.000026
v -0.035090 0.023551 0.000471
v -0.013764 0.030568 0.008372
v -0.013500 0.031522 0.008024
v -0.013500 0.030773 0.008807
v -0.024231 0.015118 -0.006525
v -0.035090 0.023799 0.000938
v -0.035090 0.024192 0.001292
v -0.013500 0.014854 -0.006410
v -0.013500 0.015075 -0.005731
v -0.013867 0.015479 -0.005704
v -0.013867 0.016141 -0.005623
v -0.013500 0.016540 -0.005551
v -0.024612 0.015239 -0.006162
v -0.030137 0.031416 0.009555
v -0.029883 0.032070 0.010320
v -0.021244 0.032070 0.010320
v -0.023533 0.032070 0.010320
v -0.013881 0.021984 -0.000105
v -0.013500 0.021604 -0.000119
v -0.013881 0.025420 0.002988
v -0.021044 0.014862 -0.006236
v -0.034915 0.028902 0.006289
v -0.013500 0.025473 0.003365
v -0.013764 0.016519 -0.004445
v -0.013500 0.016099 -0.004679
v -0.013881 0.022012 0.000420
v -0.013500 0.021635 0.000473
v -0.013881 0.024895 0.003016
v -0.013867 0.015146 -0.006130
v -0.013500 0.015680 -0.005353
v -0.035078 0.014453 -0.005468
v -0.035090 0.031468 0.009807
v -0.023733 0.015111 -0.006111
v -0.029883 0.013664 -0.005290
v -0.013500 0.014032 -0.005976
v -0.033615 0.024222 0.003364
v -0.033615 0.021736 0.001125
v -0.033615 0.028627 0.006684
v -0.034915 0.024526 0.002991
v -0.034818 0.014053 -0.005676
v -0.034912 0.031737 0.010216
v -0.029883 0.014515 -0.004746
v -0.034328 0.014004 -0.005949
v -0.034460 0.031881 0.010433
v -0.030137 0.013371 -0.004610
v -0.013500 0.015215 -0.004910
v -0.013500 0.024881 0.003396
v -0.030137 0.031446 0.010721
v -0.023733 0.013664 -0.005291
v -0.021044 0.013664 -0.005291
v -0.016564 0.013700 -0.005350
v -0.016564 0.017229 -0.003805
v -0.016564 0.016529 -0.004460
v -0.016564 0.029177 0.007096
v -0.016564 0.029980 0.007619
v -0.013881 0.022130 0.000932
v -0.013500 0.021750 0.000974
v -0.013881 0.024373 0.002952
v -0.013500 0.024371 0.003334
v -0.013764 0.015362 -0.003524
v -0.013764 0.028440 0.008251
v -0.016564 0.030568 0.008372
v -0.013764 0.015634 -0.004802
v -0.013764 0.016435 -0.002558
v -0.013764 0.029512 0.009217
v -0.016564 0.015158 -0.004861
v -0.016564 0.017695 -0.002968
v -0.033615 0.017699 -0.002513
v -0.034915 0.017481 -0.002086
v -0.035090 0.017323 -0.001632
v -0.034915 0.018384 -0.000521
v -0.034915 0.019671 0.000638
v -0.034915 0.020881 0.001559
v -0.035090 0.021331 0.001388
v -0.034915 0.024020 0.003801
v -0.035090 0.023862 0.004256
v -0.034915 0.024923 0.005367
v -0.034915 0.026210 0.006526
v -0.035090 0.027870 0.007276
v -0.034915 0.028263 0.006998
v -0.033615 0.026210 0.006526
v -0.013881 0.022336 0.001417
v -0.013500 0.021999 0.001596
v -0.013881 0.023870 0.002798
v -0.035090 0.015322 -0.003335
v -0.035090 0.015898 -0.003041
v -0.035090 0.014676 -0.003301
v -0.035090 0.015649 -0.001009
v -0.035090 0.016251 -0.002499
v -0.035090 0.016285 -0.001852
v -0.035090 0.020078 0.003399
v -0.035090 0.022278 0.005380
v -0.035090 0.027370 0.008678
v -0.035090 0.027966 0.008425
v -0.035090 0.028608 0.008504
v -0.035090 0.026476 0.009159
v -0.035090 0.026981 0.009194
v -0.035090 0.029125 0.008893
v -0.035090 0.029377 0.009489
v -0.016564 0.027754 0.006921
v -0.016564 0.031386 0.010647
v -0.016564 0.030863 0.009280
v -0.013764 0.014679 -0.004836
v -0.013764 0.027757 0.006939
v -0.030137 0.030194 0.010271
v -0.029883 0.030800 0.011084
v -0.013881 0.022622 0.001858
v -0.013500 0.022322 0.002092
v -0.013881 0.023401 0.002559
v -0.013500 0.023727 0.003151
v -0.013500 0.013648 -0.005484
v -0.013500 0.017804 -0.002482
v -0.013764 0.017810 -0.002016
v -0.013500 0.017629 -0.001075
v -0.013500 0.018648 0.001650
v -0.013500 0.017119 -0.000260
v -0.013764 0.017394 -0.000655
v -0.013500 0.028236 0.006896
v -0.013500 0.027284 0.007030
v -0.013764 0.026849 0.007235
v -0.013500 0.026082 0.007810
v -0.013500 0.024695 0.007095
v -0.013500 0.031461 0.010681
v -0.016564 0.030689 0.010693
v -0.021244 0.030800 0.011084
v -0.023533 0.030800 0.011084
v -0.016564 0.017770 -0.001537
v -0.035090 0.014150 -0.004503
v -0.034912 0.013698 -0.004691
v -0.035090 0.029299 0.010131
v -0.035090 0.030613 0.010320
v -0.013881 0.022981 0.002242
v -0.013500 0.022726 0.002526
v -0.013500 0.023199 0.002882
v -0.016564 0.014212 -0.004728
v -0.033615 0.023862 0.004256
v -0.033615 0.020881 0.001559
v -0.033615 0.027420 0.007447
v -0.034912 0.030847 0.010750
v -0.034328 0.013446 -0.004795
v -0.034460 0.030971 0.010979
v -0.034328 0.031441 0.010711
v -0.016564 0.026849 0.007235
v -0.013764 0.030689 0.010693
v -0.033615 0.017264 -0.001153
v -0.034915 0.027420 0.007447
v -0.035090 0.026955 0.007573
v -0.030137 0.014011 -0.003421
v -0.030137 0.012907 -0.003202
v -0.023733 0.013118 -0.003913
v -0.030137 0.030133 0.011408
v -0.029883 0.013118 -0.003913
v -0.021044 0.013118 -0.003913
v -0.016764 0.013191 -0.004128
v -0.013764 0.013369 -0.004279
v -0.013764 0.013989 -0.003078
v -0.013764 0.027067 0.008697
v -0.013764 0.029212 0.010629
v -0.033615 0.028976 0.008734
v -0.033615 0.028399 0.008440
v -0.033615 0.015062 -0.002112
v -0.033615 0.016047 -0.002882
v -0.033615 0.015530 -0.003271
v -0.033615 0.028140 0.009663
v -0.015064 0.016435 -0.002558
v -0.015064 0.015362 -0.003524
v -0.015064 0.013989 -0.003078
v -0.015064 0.016135 -0.001147
v -0.015064 0.014762 -0.000701
v -0.013764 0.016135 -0.001147
v -0.015064 0.029512 0.009217
v -0.015064 0.028440 0.008251
v -0.015064 0.027067 0.008697
v -0.015064 0.026767 0.010109
v -0.015064 0.029212 0.010629
v -0.015064 0.027840 0.011075
v -0.033615 0.016300 -0.002286
v -0.033615 0.014888 -0.003350
v -0.033615 0.029328 0.009276
v -0.035090 0.013807 -0.003567
v -0.035090 0.029717 0.010759
v -0.034915 0.017283 -0.001152
v -0.034915 0.023821 0.004735
v -0.033615 0.026473 0.007598
v -0.035090 0.019934 0.001711
v -0.033615 0.027753 0.008474
v -0.035090 0.017513 0.000070
v -0.034915 0.017864 0.000637
v -0.034915 0.019459 0.001634
v -0.034915 0.018574 0.001276
v -0.035090 0.023828 0.005217
v -0.034915 0.023954 0.005681
v -0.035090 0.024125 0.006131
v -0.034915 0.024403 0.006524
v -0.035090 0.024717 0.006889
v -0.034915 0.025113 0.007163
v -0.034915 0.025998 0.007521
v -0.034709 0.013178 -0.003767
v -0.034912 0.029914 0.011207
v -0.033615 0.016221 -0.001644
v -0.016564 0.017394 -0.000655
v -0.016564 0.026096 0.007823
v -0.016764 0.030340 0.011313
v -0.030137 0.028892 0.010831
v -0.029883 0.029448 0.011692
v -0.034460 0.030019 0.011446
v -0.033615 0.014292 -0.003097
v -0.033615 0.029362 0.009923
v -0.033615 0.023847 0.005214
v -0.033615 0.019935 0.001692
v -0.035090 0.017289 -0.000671
v -0.016764 0.029448 0.011692
v -0.021244 0.029448 0.011692
v -0.023533 0.029448 0.011692
v -0.033615 0.029069 0.010499
v -0.013764 0.025807 0.008205
v -0.013764 0.030183 0.011503
v -0.033615 0.017398 -0.000201
v -0.033615 0.024142 0.006122
v -0.033615 0.018994 0.001511
v -0.033615 0.015832 -0.001127
v -0.035090 0.018994 0.001511
v -0.035090 0.025533 0.007398
v -0.030137 0.013674 -0.002045
v -0.030137 0.012613 -0.001749
v -0.035090 0.013545 -0.002605
v -0.035090 0.014133 -0.002949
v -0.035090 0.028909 0.010648
v -0.035090 0.028390 0.010883
v -0.033615 0.027080 0.009000
v -0.023533 0.029031 0.010869
v -0.021244 0.029198 0.010905
v -0.023533 0.029472 0.010605
v -0.035078 0.028831 0.011245
v -0.016764 0.013683 -0.002974
v -0.023533 0.013716 -0.003036
v -0.021244 0.013877 -0.003234
v -0.016764 0.029348 0.010750
v -0.033615 0.025533 0.007398
v -0.035090 0.018641 0.002105
v -0.035090 0.025206 0.008017
v -0.034589 0.012847 -0.002764
v -0.023733 0.012739 -0.002480
v -0.030137 0.028748 0.011935
v -0.034328 0.028745 0.011926
v -0.029883 0.012739 -0.002480
v -0.021044 0.012739 -0.002480
v -0.016764 0.012739 -0.002480
v -0.035090 0.017006 0.000633
v -0.034818 0.028976 0.011673
v -0.033615 0.013839 -0.002372
v -0.033615 0.015236 -0.000875
v -0.033615 0.014400 -0.001052
v -0.033615 0.013873 -0.001726
v -0.033615 0.028314 0.010901
v -0.033615 0.027477 0.010723
v -0.033615 0.027036 0.010250
v -0.033615 0.026890 0.009619
v -0.013764 0.012512 -0.003143
v -0.016764 0.012512 -0.003143
v -0.016564 0.016353 0.000316
v -0.016564 0.025573 0.008626
v -0.015064 0.013689 -0.001666
v -0.013764 0.014762 -0.000701
v -0.013764 0.027840 0.011075
v -0.013764 0.013689 -0.001666
v -0.013764 0.016353 0.000316
v -0.013764 0.015445 0.000611
v -0.013764 0.026767 0.010109
v -0.013764 0.025391 0.009567
v -0.013764 0.029431 0.012091
v -0.013764 0.028522 0.012386
v -0.033615 0.017849 0.000648
v -0.033615 0.024717 0.006889
v -0.035090 0.018178 0.001001
v -0.034328 0.012918 -0.003199
v -0.021244 0.013444 -0.002326
v -0.016764 0.013472 -0.002450
v -0.016764 0.028826 0.010997
v -0.023533 0.013564 -0.002185
v -0.030137 0.027531 0.011228
v -0.029883 0.028034 0.012136
v -0.013500 0.016318 0.002373
v -0.013500 0.023213 0.008742
v -0.013500 0.017165 0.003296
v -0.035090 0.015018 -0.000863
v -0.013500 0.025573 0.008626
v -0.013500 0.015596 0.001922
v -0.013500 0.016137 0.001754
v -0.016764 0.028128 0.011163
v -0.021244 0.028642 0.011210
v -0.016764 0.028034 0.012136
v -0.016764 0.028522 0.012386
v -0.021244 0.028034 0.012136
v -0.023533 0.028034 0.012136
v -0.023533 0.028368 0.011145
v -0.035090 0.027831 0.011401
v -0.035090 0.013365 -0.001624
v -0.035090 0.013958 -0.001526
v -0.035090 0.013413 0.001871
v -0.035090 0.013729 0.003313
v -0.034988 0.013696 0.004394
v -0.035090 0.015477 0.006878
v -0.035090 0.014451 0.005170
v -0.035090 0.014928 0.006046
v -0.035090 0.016041 0.007593
v -0.035090 0.017075 0.006536
v -0.035090 0.017733 0.006108
v -0.035090 0.018255 0.006035
v -0.035090 0.018770 0.006144
v -0.035090 0.019397 0.006617
v -0.035090 0.019644 0.007082
v -0.035090 0.019717 0.007603
v -0.035090 0.019608 0.008118
v -0.035090 0.019135 0.008745
v -0.035090 0.018312 0.009658
v -0.035078 0.019984 0.010769
v -0.035090 0.020961 0.011031
v -0.035090 0.022167 0.011392
v -0.035090 0.019155 0.010190
v -0.035090 0.023871 0.011693
v -0.035090 0.022884 0.011555
v -0.035090 0.024423 0.011723
v -0.035090 0.026902 0.009837
v -0.035090 0.027671 0.010822
v -0.021244 0.028083 0.011290
v -0.034912 0.012880 -0.001692
v -0.034912 0.027949 0.011877
v -0.016764 0.012314 -0.002208
v -0.013500 0.015918 0.000521
v -0.016764 0.013452 -0.001886
v -0.035090 0.014400 -0.001052
v -0.035090 0.027155 0.010432
v -0.030137 0.013508 -0.000638
v -0.030137 0.012493 -0.000272
v -0.034328 0.012614 -0.001749
v -0.034460 0.028012 0.012130
v -0.016764 0.027627 0.011206
v -0.035090 0.026854 0.011600
v -0.023533 0.027616 0.011208
v -0.035090 0.013269 -0.000631
v -0.035078 0.013126 0.000370
v -0.035078 0.013200 0.001375
v -0.035090 0.025864 0.011716
v -0.013764 0.012634 -0.000821
v -0.013764 0.012314 -0.002208
v -0.013764 0.013222 -0.000069
v -0.013500 0.014965 0.000655
v -0.013764 0.014032 0.000437
v -0.013764 0.026299 0.011706
v -0.013500 0.025831 0.011517
v -0.013764 0.025524 0.010513
v -0.013764 0.027109 0.012212
v -0.021244 0.013513 -0.001609
v -0.023533 0.013523 -0.001570
v -0.021244 0.012538 -0.001090
v -0.023733 0.012538 -0.001090
v -0.029883 0.012532 -0.001012
v -0.030137 0.027310 0.012294
v -0.016764 0.012447 -0.001263
v -0.016564 0.014965 0.000655
v -0.016564 0.025391 0.009567
v -0.030137 0.026133 0.011454
v -0.029883 0.026578 0.012410
v -0.034818 0.012687 -0.000663
v -0.016564 0.025507 0.010518
v -0.034912 0.026931 0.012084
v -0.013500 0.025398 0.010048
v -0.016764 0.027329 0.012291
v -0.021244 0.026578 0.012410
v -0.023533 0.026577 0.012410
v -0.034328 0.012509 -0.000672
v -0.034460 0.026973 0.012341
v -0.016564 0.014032 0.000437
v -0.030137 0.013517 0.000779
v -0.030137 0.012549 0.001209
v -0.016564 0.012634 -0.000821
v -0.013500 0.012878 0.000254
v -0.016564 0.012567 0.000215
v -0.013500 0.025639 0.010927
v -0.016564 0.026066 0.012424
v -0.016564 0.016318 0.002373
v -0.016564 0.015337 0.003140
v -0.016564 0.015803 0.001986
v -0.016564 0.026682 0.011995
v -0.023533 0.012499 0.000469
v -0.021244 0.012499 0.000469
v -0.030137 0.025840 0.012481
v -0.034460 0.025919 0.012464
v -0.029883 0.012499 0.000470
v -0.016564 0.015164 0.001907
v -0.016564 0.013222 -0.000069
v -0.016564 0.025973 0.011356
v -0.034818 0.012675 0.000384
v -0.034912 0.025900 0.012204
v -0.013500 0.012643 0.001945
v -0.013500 0.012872 0.002995
v -0.013500 0.015059 0.001564
v -0.013500 0.014537 0.001754
v -0.013500 0.014112 0.002111
v -0.013500 0.016570 0.002966
v -0.013500 0.016393 0.003799
v -0.013500 0.014311 0.006466
v -0.013500 0.014775 0.007190
v -0.013500 0.015667 0.008315
v -0.013500 0.017807 0.010223
v -0.013500 0.016682 0.009331
v -0.013867 0.024450 0.010400
v -0.013500 0.024249 0.010049
v -0.013867 0.023922 0.010288
v -0.013500 0.023541 0.010148
v -0.013867 0.023444 0.010542
v -0.013500 0.020326 0.011593
v -0.013500 0.019376 0.011174
v -0.013867 0.024783 0.010826
v -0.013500 0.024854 0.010427
v -0.013867 0.024764 0.011366
v -0.013500 0.025075 0.011107
v -0.016564 0.016555 0.003398
v -0.029883 0.024710 0.011506
v -0.029883 0.025099 0.012509
v -0.013500 0.025956 0.012463
v -0.013500 0.025099 0.012509
v -0.013500 0.024520 0.012491
v -0.013500 0.024807 0.011769
v -0.034328 0.012497 0.000389
v -0.021244 0.025099 0.012509
v -0.023533 0.025099 0.012509
v -0.013500 0.024031 0.011070
v -0.030137 0.013700 0.002185
v -0.030137 0.012779 0.002673
v -0.013500 0.012517 0.000654
v -0.035044 0.024864 0.012007
v -0.016564 0.014571 0.002159
v -0.034589 0.012620 0.001443
v -0.016564 0.016262 0.003972
v -0.034589 0.024859 0.012463
v -0.033615 0.019005 0.006264
v -0.033615 0.019397 0.006617
v -0.033615 0.017299 0.008553
v -0.033615 0.018149 0.009066
v -0.033615 0.016759 0.008019
v -0.033615 0.018517 0.006067
v -0.023533 0.012643 0.001944
v -0.021244 0.012643 0.001944
v -0.030137 0.024358 0.012493
v -0.029883 0.012643 0.001945
v -0.033615 0.019644 0.007082
v -0.030137 0.023305 0.011384
v -0.024612 0.023997 0.011466
v -0.024612 0.024572 0.011502
v -0.023733 0.024709 0.011506
v -0.020794 0.024693 0.011508
v -0.013500 0.013834 0.002592
v -0.016564 0.014183 0.002673
v -0.016564 0.014154 0.003524
v -0.016564 0.015078 0.004357
v -0.016564 0.014504 0.004065
v -0.016564 0.015722 0.004323
v -0.013500 0.015722 0.004323
v -0.013867 0.024402 0.011768
v -0.013867 0.023242 0.011043
v -0.013500 0.023064 0.010679
v -0.013867 0.023409 0.011557
v -0.013867 0.023867 0.011843
v -0.035078 0.013359 0.002371
v -0.033615 0.017991 0.006049
v -0.033615 0.019717 0.007603
v -0.024231 0.024161 0.011853
v -0.023733 0.024028 0.011875
v -0.021044 0.024365 0.012059
v -0.021044 0.023895 0.011864
v -0.029883 0.024294 0.011833
v -0.030137 0.014054 0.003557
v -0.030137 0.013181 0.004100
v -0.033615 0.018670 0.008993
v -0.034460 0.012754 0.002495
v -0.034912 0.023824 0.012181
v -0.024239 0.023305 0.011384
v -0.029883 0.023619 0.012433
v -0.021244 0.023618 0.012433
v -0.013500 0.023619 0.012433
v -0.023533 0.023618 0.012433
v -0.013500 0.024177 0.012104
v -0.024231 0.023646 0.011764
v -0.029883 0.023641 0.011776
v -0.034460 0.023799 0.012440
v -0.034328 0.024358 0.012482
v -0.033615 0.017268 0.006355
v -0.033615 0.019608 0.008118
v -0.013500 0.013737 0.003140
v -0.020794 0.023444 0.011604
v -0.013500 0.023039 0.011393
v -0.023733 0.023350 0.011501
v -0.030137 0.022885 0.012329
v -0.030137 0.021919 0.011089
v -0.021044 0.023023 0.011338
v -0.013500 0.015059 0.004715
v -0.029883 0.022158 0.012182
v -0.033615 0.016686 0.007497
v -0.033615 0.016916 0.006747
v -0.033615 0.019329 0.008565
v -0.023533 0.012959 0.003392
v -0.021244 0.012959 0.003392
v -0.029883 0.012959 0.003393
v -0.034912 0.013259 0.003451
v -0.013500 0.013952 0.003940
v -0.013500 0.021686 0.012053
v -0.034912 0.022795 0.012037
v -0.013500 0.013445 0.004793
v -0.013500 0.014537 0.004525
v -0.030137 0.014574 0.004875
v -0.030137 0.013749 0.005469
v -0.013500 0.014018 0.005970
v -0.034912 0.021783 0.011807
v -0.034460 0.013009 0.003524
v -0.034328 0.022746 0.012305
v -0.035090 0.016796 0.006982
v -0.021244 0.022158 0.012182
v -0.023533 0.022158 0.012182
v -0.030137 0.021441 0.011993
v -0.030137 0.020579 0.010627
v -0.029883 0.020737 0.011761
v -0.035090 0.018670 0.008993
v -0.034589 0.013383 0.004516
v -0.023533 0.013445 0.004793
v -0.021244 0.013445 0.004793
v -0.034328 0.021444 0.011984
v -0.029883 0.013445 0.004793
v -0.030137 0.015252 0.006119
v -0.030137 0.014475 0.006761
v -0.034328 0.013192 0.004096
v -0.034709 0.013859 0.005460
v -0.030137 0.020048 0.011488
v -0.030137 0.019307 0.010003
v -0.029883 0.019376 0.011174
v -0.035090 0.016686 0.007497
v -0.035090 0.018149 0.009066
v -0.034912 0.020793 0.011491
v -0.021244 0.020737 0.011761
v -0.023533 0.020737 0.011761
v -0.030137 0.016078 0.007271
v -0.030137 0.015349 0.007959
v -0.029883 0.014093 0.006126
v -0.034460 0.020703 0.011736
v -0.030137 0.018724 0.010821
v -0.029883 0.018121 0.009227
v -0.029883 0.018094 0.010430
v -0.034818 0.014427 0.006346
v -0.023533 0.014093 0.006126
v -0.021244 0.014093 0.006126
v -0.035090 0.016759 0.008019
v -0.035090 0.017634 0.008956
v -0.029883 0.017039 0.008312
v -0.030137 0.016358 0.009044
v -0.029883 0.014894 0.007373
v -0.034818 0.019794 0.011178
v -0.030137 0.017488 0.010003
v -0.029883 0.016909 0.009540
v -0.031661 0.016768 0.008043
v -0.031661 0.017187 0.008677
v -0.031661 0.017861 0.009028
v -0.029883 0.015837 0.008516
v -0.035044 0.016593 0.008575
v -0.035090 0.017187 0.008677
v -0.021244 0.019376 0.011174
v -0.023533 0.019376 0.011174
v -0.034328 0.014274 0.006438
v -0.034328 0.019719 0.011340
v -0.034912 0.015079 0.007165
v -0.034818 0.018865 0.010697
v -0.023533 0.014894 0.007373
v -0.021244 0.014894 0.007373
v -0.017259 0.014840 0.007298
v -0.034328 0.018725 0.010819
v -0.034589 0.015551 0.008128
v -0.034460 0.014868 0.007317
v -0.016571 0.014894 0.007373
v -0.034589 0.017904 0.010246
v -0.034988 0.017274 0.009350
v -0.019170 0.018094 0.010429
v -0.018593 0.018490 0.010682
v -0.017949 0.018724 0.010821
v -0.017259 0.018804 0.010867
v -0.016570 0.018723 0.010821
v -0.015926 0.018490 0.010682
v -0.021244 0.018094 0.010430
v -0.023533 0.018094 0.010430
v -0.016796 0.015055 0.014971
v -0.016796 0.011151 0.011456
v -0.017722 0.011151 0.011456
v -0.017722 0.015055 0.014971
v -0.018386 0.014991 0.007504
v -0.034460 0.016251 0.008924
v -0.023533 0.015837 0.008516
v -0.021244 0.015837 0.008516
v -0.018974 0.015224 0.007804
v -0.019569 0.015686 0.008351
v -0.015216 0.015434 0.008062
v -0.015926 0.015057 0.007591
v -0.014835 0.015837 0.008516
v -0.018593 0.014819 0.014759
v -0.015926 0.014819 0.014759
v -0.018593 0.011386 0.011668
v -0.015926 0.011386 0.011668
v -0.019569 0.012112 0.012321
v -0.019302 0.014377 0.014360
v -0.015216 0.017982 0.010356
v -0.034589 0.017061 0.009608
v -0.019569 0.017668 0.010136
v -0.014950 0.014094 0.014105
v -0.019835 0.017156 0.009744
v -0.014753 0.017330 0.009882
v -0.014618 0.016909 0.009540
v -0.021244 0.016909 0.009540
v -0.019926 0.016630 0.009296
v -0.023533 0.016909 0.009540
v -0.015216 0.011829 0.012066
v -0.034328 0.017495 0.009994
v -0.019836 0.016130 0.008821
v -0.019765 0.013781 0.013823
v -0.014753 0.012425 0.012603
v -0.014633 0.016291 0.008980
v -0.014633 0.013447 0.013523
v -0.019926 0.013103 0.013213
v -0.017259 0.013103 0.013213
v -0.000448 -0.005983 -0.004925
v 0.000448 -0.005983 -0.004925
v 0.000000 -0.006000 -0.001025
v -0.000572 -0.005973 -0.000817
v 0.000448 -0.005983 0.004925
v -0.000448 -0.005983 0.004925
v -0.000178 -0.005997 0.001007
v -0.000514 -0.005775 0.000613
v 0.000448 -0.005983 0.000903
v 0.000000 -0.002300 -0.004925
v -0.001335 -0.005850 -0.004925
v 0.000787 -0.002161 -0.004925
v 0.001335 -0.005850 -0.004925
v 0.001335 -0.005850 0.004925
v -0.000399 -0.002265 0.004925
v -0.001335 -0.005850 0.004925
v 0.000399 -0.002265 0.004925
v 0.000693 -0.005775 0.000400
v 0.000572 -0.005973 -0.000818
v -0.000899 -0.005932 0.000327
v -0.000899 -0.005932 -0.000327
v 0.000752 -0.005775 -0.000274
v -0.001150 -0.001992 -0.004925
v -0.002192 -0.005585 -0.004925
v -0.002192 -0.005585 0.004925
v 0.002192 -0.005585 -0.004925
v 0.001150 -0.001992 0.004925
v 0.002192 -0.005585 0.004925
v 0.000000 -0.002300 -0.000800
v -0.000514 -0.002242 -0.000613
v 0.000514 -0.002242 -0.000613
v 0.000787 -0.002161 -0.000144
v -0.000787 -0.002161 -0.000144
v -0.000613 -0.002217 0.000514
v 0.000514 -0.002242 0.000613
v -0.000139 -0.002296 0.000788
v -0.003000 -0.005196 -0.004925
v -0.003000 -0.005196 0.004925
v 0.003000 -0.005196 -0.004925
v 0.003000 -0.005196 0.004925
v -0.001762 -0.001478 -0.004925
v -0.003741 -0.004691 -0.004925
v -0.003741 -0.004691 0.004925
v 0.003741 -0.004691 -0.004925
v -0.001150 -0.001992 0.004925
v 0.003741 -0.004691 0.004925
v -0.004398 -0.004081 -0.004925
v -0.004398 -0.004081 0.004925
v 0.001478 -0.001762 -0.004925
v 0.004398 -0.004081 -0.004925
v -0.001762 -0.001478 0.004925
v 0.001762 -0.001478 0.004925
v 0.004398 -0.004081 0.004925
v -0.004957 -0.003380 -0.004925
v -0.004957 -0.003380 0.004925
v 0.004957 -0.003380 -0.004925
v 0.004957 -0.003380 0.004925
v -0.005406 -0.002603 -0.004925
v -0.005406 -0.002603 0.004925
v 0.001992 -0.001150 -0.004925
v 0.005406 -0.002603 -0.004925
v 0.002161 -0.000787 0.004925
v 0.005406 -0.002603 0.004925
v -0.002265 -0.000399 -0.004925
v -0.005733 -0.001769 -0.004925
v -0.005733 -0.001769 0.004925
v 0.005733 -0.001769 -0.004925
v 0.005733 -0.001769 0.004925
v -0.005933 -0.000894 -0.004925
v -0.005933 -0.000894 0.004925
v 0.005933 -0.000894 -0.004925
v -0.002265 -0.000399 0.004925
v 0.005933 -0.000894 0.004925
v -0.006000 0.000000 -0.004925
v -0.006000 0.000000 0.004925
v 0.002265 -0.000399 -0.004925
v 0.006000 0.000000 -0.004925
v 0.006000 0.000000 -0.001930
v 0.002265 0.000399 0.004925
v 0.006000 0.000000 0.004925
v 0.006000 0.000000 0.001930
v -0.002265 0.000399 0.004925
v -0.002265 0.000399 -0.004925
v -0.006000 0.006000 -0.004925
v -0.001762 0.001478 -0.004925
v -0.006000 0.006000 0.004925
v -0.006000 0.003037 -0.002149
v -0.006000 0.002917 -0.002691
v -0.006000 0.003293 -0.003343
v -0.006000 0.002917 0.002309
v -0.006000 0.003450 0.001547
v -0.006000 0.004000 0.001475
v -0.006000 0.006000 0.001930
v -0.006000 0.004550 0.001547
v -0.006000 0.004000 -0.003600
v 0.006000 0.018129 -0.000330
v 0.006000 0.019050 -0.001645
v 0.006000 0.018545 -0.001221
v 0.006000 0.025000 -0.001930
v 0.006000 0.019670 -0.001871
v 0.005939 0.000854 -0.001930
v 0.006000 0.018129 0.000330
v 0.006000 0.018355 0.000950
v 0.006000 0.018779 0.001455
v 0.006000 0.019670 0.001871
v 0.006000 0.020330 0.001871
v 0.006000 0.025000 0.001930
v 0.005939 0.000854 0.001930
v -0.005775 0.003486 0.003113
v -0.006000 0.002966 0.002876
v -0.006000 0.003809 0.003583
v 0.005939 0.000854 0.004925
v 0.002265 0.000399 -0.004925
v 0.005939 0.000854 -0.004925
v 0.005757 0.001690 -0.004925
v -0.001992 0.001150 0.004925
v 0.001992 0.001150 -0.004925
v 0.005458 0.002493 -0.004925
v 0.005757 0.001690 0.004925
v 0.005458 0.002493 0.004925
v 0.001992 0.001150 0.004925
v 0.005757 0.001690 -0.001930
v 0.001226 0.023972 -0.001930
v 0.001226 0.023972 0.001930
v 0.005757 0.001690 0.001930
v 0.001478 0.001762 -0.004925
v 0.004534 0.003929 -0.004925
v 0.005048 0.003244 -0.004925
v 0.005048 0.003244 0.004925
v -0.001478 0.001762 0.004925
v 0.003929 0.004535 -0.004925
v 0.004534 0.003929 0.004925
v 0.001150 0.001992 0.004925
v 0.005458 0.002493 -0.001930
v 0.000547 0.023496 -0.001930
v 0.000278 0.023424 0.001930
v 0.005458 0.002493 0.001930
v 0.000800 0.023614 0.001930
v -0.000787 0.002161 -0.004925
v 0.000787 0.002161 -0.004925
v 0.003244 0.005048 -0.004925
v 0.003929 0.004535 0.004925
v -0.000787 0.002161 0.004925
v 0.002492 0.005458 -0.004925
v 0.000000 0.006000 0.004925
v 0.003244 0.005048 0.004925
v 0.002492 0.005458 0.004925
v 0.000000 0.006000 -0.004925
v 0.000854 0.005939 -0.004925
v 0.001690 0.005757 -0.004925
v 0.001690 0.005757 0.004925
v 0.000000 0.002300 0.004925
v 0.000000 0.002300 -0.004925
v 0.000854 0.005939 0.004925
v 0.005048 0.003244 -0.001930
v 0.005048 0.003244 0.001930
v 0.001200 0.003248 -0.002226
v 0.001200 0.003248 -0.002774
v 0.001681 0.004000 -0.002500
v 0.001200 0.003307 0.002900
v 0.001200 0.003248 0.002226
v 0.001681 0.004000 0.002500
v -0.005775 0.003600 -0.001807
v 0.004534 0.003929 -0.001930
v 0.004534 0.003929 0.001930
v 0.001200 0.003600 0.001807
v 0.001200 0.003600 -0.003193
v 0.001200 0.003600 -0.001807
v 0.001200 0.003861 0.003288
v -0.006000 0.018917 -0.000191
v -0.006000 0.004178 -0.001491
v 0.003929 0.004535 -0.001930
v 0.003929 0.004535 0.001930
v 0.001200 0.004139 -0.003288
v 0.001200 0.004139 -0.001712
v 0.001200 0.004613 -0.001986
v 0.001200 0.004800 -0.002500
v 0.001200 0.004613 -0.003014
v 0.001200 0.004139 0.001712
v 0.001200 0.004693 0.002900
v 0.001200 0.004613 0.001986
v -0.005775 0.004613 -0.001986
v -0.006000 0.004376 0.003534
v -0.006000 0.006000 -0.001930
v -0.006000 0.004843 -0.003207
v -0.006000 0.004785 0.003159
v 0.003244 0.005048 -0.001930
v 0.003244 0.005048 0.001930
v -0.006000 0.004888 0.001988
v -0.006000 0.005025 -0.002500
v -0.006000 0.005009 0.002678
v 0.002492 0.005458 -0.001930
v 0.002492 0.005458 0.001930
v 0.001690 0.005757 -0.001930
v 0.001690 0.005757 0.001930
v 0.000854 0.005939 -0.001930
v 0.000854 0.005939 0.001930
v 0.000000 0.006000 -0.001930
v -0.000278 0.023424 -0.001930
v 0.000000 0.006000 0.001930
v -0.006225 0.019387 -0.000514
v -0.006225 0.020000 -0.000800
v -0.006000 0.025000 -0.001930
v -0.001028 0.023774 -0.001930
v -0.001386 0.024200 -0.001930
v -0.006225 0.019248 0.000274
v -0.006000 0.019293 0.000843
v -0.006000 0.025000 0.001930
v -0.006000 0.019809 0.001083
v -0.000278 0.023424 0.001930
v -0.001028 0.023774 0.001930
v -0.001386 0.024200 0.001930
v 0.004000 0.018100 0.000000
v 0.004000 0.018355 -0.000950
v 0.004000 0.018900 0.000000
v 0.004000 0.018215 0.000650
v 0.004000 0.019047 -0.000550
v 0.004000 0.018779 -0.001455
v 0.004000 0.019047 0.000550
v 0.004000 0.018545 0.001221
v 0.004000 0.019450 -0.000953
v 0.004000 0.019050 0.001645
v 0.004000 0.019670 -0.001871
v 0.004000 0.019624 0.001034
v 0.004000 0.019670 0.001871
v 0.004000 0.020000 -0.001100
v 0.004000 0.020550 -0.000953
v 0.004000 0.020330 -0.001871
v 0.006000 0.020650 -0.001785
v 0.004000 0.020191 0.001083
v 0.004000 0.020650 0.001785
v -0.006225 0.020514 0.000613
v -0.006000 0.020707 -0.000843
v 0.004000 0.020950 -0.001645
v 0.004000 0.020843 0.000707
v 0.004000 0.021221 0.001455
v 0.006000 0.020950 0.001645
v 0.004000 0.021645 0.000950
v 0.004000 0.020953 -0.000550
v 0.004000 0.021455 -0.001221
v 0.006000 0.021221 -0.001455
v -0.006225 0.020788 -0.000139
v -0.006000 0.020963 0.000351
v 0.004000 0.021785 -0.000650
v 0.004000 0.021083 0.000191
v 0.004000 0.021900 0.000000
v 0.006000 0.021645 0.000950
v 0.006000 0.021645 -0.000950
v 0.006000 0.021871 0.000330
v 0.006000 0.021871 -0.000330
v 0.001504 0.024453 0.001930
v -0.001576 0.024722 -0.001930
v -0.001576 0.024722 0.001930
v 0.001504 0.024453 -0.001930
v 0.001600 0.025000 -0.001930
v 0.001600 0.025000 0.001930
v -0.005933 0.025894 0.001930
v -0.005933 0.025894 -0.001930
v -0.001504 0.025547 -0.001930
v -0.001576 0.025278 0.001930
v 0.005933 0.025894 -0.001930
v 0.001504 0.025547 0.001930
v 0.005933 0.025894 0.001930
v 0.005733 0.026769 -0.001930
v 0.001386 0.025800 -0.001930
v -0.005733 0.026769 0.001930
v -0.005733 0.026769 -0.001930
v -0.005406 0.027603 -0.001930
v -0.001226 0.026028 -0.001930
v -0.001226 0.026028 0.001930
v 0.005406 0.027603 -0.001930
v -0.005406 0.027603 0.001930
v 0.005733 0.026769 0.001930
v -0.004957 0.028380 -0.001930
v 0.004957 0.028380 -0.001930
v -0.004957 0.028380 0.001930
v 0.005406 0.027603 0.001930
v 0.004957 0.028380 0.001930
v 0.001226 0.026028 0.001930
v -0.004398 0.029081 -0.001930
v -0.000800 0.026386 0.001930
v 0.001028 0.026226 -0.001930
v 0.003741 0.029691 -0.001930
v 0.004398 0.029081 -0.001930
v -0.003741 0.029691 0.001930
v -0.004398 0.029081 0.001930
v 0.004398 0.029081 0.001930
v -0.003741 0.029691 -0.001930
v -0.000800 0.026386 -0.001930
v -0.000788 0.026393 -0.000139
v 0.003000 0.030196 -0.001930
v 0.000800 0.026386 0.000000
v -0.003000 0.030196 0.001930
v 0.003741 0.029691 0.001930
v 0.000547 0.026503 0.001930
v -0.003000 0.030196 -0.001930
v 0.000278 0.026576 -0.001930
v 0.002192 0.030585 -0.001930
v 0.000613 0.026478 -0.000514
v -0.002192 0.030585 0.001930
v -0.000693 0.026442 0.000400
v 0.003000 0.030196 0.001930
v 0.000613 0.026478 0.000514
v 0.000788 0.030775 -0.000139
v -0.000613 0.030775 -0.000514
v -0.000800 0.030775 0.000000
v 0.000514 0.030775 -0.000613
v 0.000899 0.030932 0.000327
v -0.000837 0.030941 0.000483
v 0.000070 0.026598 -0.000797
v -0.000514 0.026515 -0.000613
v 0.000400 0.030775 0.000693
v -0.002192 0.030585 -0.001930
v -0.000278 0.026576 -0.001930
v 0.001335 0.030850 -0.001930
v 0.000000 0.026600 0.001930
v -0.001335 0.030850 0.001930
v 0.002192 0.030585 0.001930
v 0.000000 0.030775 -0.000800
v -0.000400 0.030775 0.000693
v -0.000278 0.026576 0.000750
v 0.000000 0.031000 0.001025
v -0.000448 0.030983 -0.001930
v -0.001335 0.030850 -0.001930
v 0.000448 0.030983 -0.001930
v -0.000448 0.030983 0.001930
v 0.000448 0.030983 0.001930
v 0.001335 0.030850 0.001930
v -0.013500 0.012261 -0.004925
v -0.011847 0.000030 -0.004925
v -0.013500 0.002000 -0.004925
v -0.011847 0.000030 0.004925
v -0.007000 0.012261 -0.004925
v -0.006000 0.024000 -0.004925
v -0.013500 0.002000 0.004925
v -0.006000 0.012847 0.004577
v -0.007000 0.012261 0.004925
v -0.013500 0.012261 0.004925
v -0.012500 0.000268 0.004925
v -0.012786 0.000468 -0.004925
v -0.013232 0.001000 -0.004925
v -0.013379 0.001316 0.004925
v -0.013032 0.000714 0.004925
v -0.013490 0.001800 -0.002500
v -0.013496 0.001875 -0.003069
v -0.013500 0.002095 -0.003600
v -0.013498 0.001940 0.003250
v -0.013491 0.001808 0.002692
v -0.013496 0.001875 -0.001931
v -0.012000 0.001800 -0.002500
v -0.012000 0.001800 0.002500
v -0.013493 0.001833 0.002118
v -0.010900 0.002917 -0.002691
v -0.012000 0.002095 -0.003600
v -0.010900 0.002966 -0.002124
v -0.012000 0.001933 -0.001748
v -0.013500 0.002000 0.001583
v -0.010900 0.002900 0.002500
v -0.012000 0.002095 0.001400
v -0.012000 0.001933 0.003252
v -0.013500 0.002095 -0.001400
v -0.010900 0.003047 0.003050
v -0.013500 0.002900 -0.004405
v -0.013500 0.004000 -0.004700
v -0.013500 0.002315 0.001086
v -0.013500 0.002315 0.003914
v -0.013500 0.004000 0.004700
v -0.013500 0.002900 0.004405
v -0.012000 0.002586 -0.004185
v -0.012000 0.002315 -0.001086
v -0.010900 0.003047 0.001950
v -0.012000 0.002315 0.003914
v -0.010900 0.003157 -0.003207
v -0.013500 0.002586 -0.000815
v -0.010900 0.003624 -0.001466
v -0.012000 0.002900 0.000595
v -0.010900 0.003624 -0.003534
v -0.012000 0.003248 -0.004567
v -0.012000 0.003248 -0.000433
v -0.013500 0.003248 -0.000433
v -0.013500 0.002900 0.000595
v -0.012000 0.002900 0.004405
v -0.010900 0.003809 0.003583
v -0.010900 0.003809 0.001417
v -0.012000 0.003618 0.004667
v -0.012000 0.004000 -0.004700
v -0.013500 0.004000 0.000300
v -0.012000 0.004000 0.000300
v -0.012000 0.004382 -0.000333
v -0.013500 0.004382 -0.000333
v -0.013500 0.004752 -0.004567
v -0.010900 0.004191 -0.003583
v -0.010900 0.004191 -0.001417
v -0.012000 0.004752 0.004567
v -0.012000 0.004752 -0.004567
v -0.010900 0.004376 0.001466
v -0.012000 0.004752 0.000433
v -0.010900 0.004376 0.003534
v -0.010900 0.004843 -0.001793
v -0.013500 0.005100 0.000595
v -0.013500 0.004752 0.004567
v -0.010900 0.004707 -0.003343
v -0.012000 0.005414 -0.004185
v -0.012000 0.005414 -0.000815
v -0.012000 0.005414 0.000815
v -0.006000 0.014838 0.000308
v -0.010900 0.004843 0.001793
v -0.010900 0.005034 0.002876
v -0.012000 0.005414 0.004185
v -0.013500 0.005100 -0.000595
v -0.013500 0.005414 0.004185
v -0.012000 0.005905 -0.003600
v -0.010900 0.005083 -0.002309
v -0.012000 0.005905 -0.001400
v -0.012000 0.005905 0.001400
v -0.012000 0.005905 0.003600
v -0.010900 0.005034 -0.002876
v -0.012000 0.006167 0.002118
v -0.012000 0.006167 -0.002882
v -0.012000 0.006167 -0.002118
v -0.006000 0.015337 0.000265
v -0.006000 0.015837 0.000308
v -0.010900 0.005083 0.002309
v -0.006000 0.014354 0.000438
v -0.006000 0.013900 0.000650
v -0.006000 0.013489 0.000937
v -0.006000 0.013135 0.001292
v -0.006000 0.012847 0.001702
v -0.006000 0.012636 0.002156
v -0.006000 0.012506 0.002640
v -0.012000 0.006167 0.002882
v -0.006000 0.012636 0.004123
v -0.006000 0.012462 0.003140
v -0.006000 0.012506 0.003639
v -0.013500 0.005414 -0.004185
v -0.013500 0.005905 -0.001400
v -0.013500 0.005685 0.001086
v -0.013500 0.005905 -0.003600
v -0.013500 0.005905 0.003600
v -0.013500 0.006067 0.001748
v -0.013500 0.006167 -0.002882
v -0.013500 0.013148 -0.005133
v -0.013500 0.006167 -0.002118
v -0.013500 0.006200 0.002500
v -0.007000 0.025000 -0.004925
v -0.007000 0.013084 0.004925
v -0.010000 0.013762 0.002862
v -0.010000 0.012506 0.003639
v -0.010000 0.012462 0.003140
v -0.010000 0.012506 0.002640
v -0.010000 0.012636 0.002156
v -0.010000 0.013762 0.003417
v -0.010000 0.012636 0.004123
v -0.007000 0.012864 -0.005018
v -0.007000 0.025589 -0.007500
v -0.007000 0.025189 -0.007801
v -0.013500 0.012864 0.005018
v -0.010000 0.013952 0.002340
v -0.010000 0.012847 0.001702
v -0.010000 0.012847 0.004577
v -0.010000 0.013135 0.001292
v -0.010000 0.013952 0.003940
v -0.010000 0.013135 0.004988
v -0.007000 0.024847 -0.008168
v -0.007000 0.024574 -0.008588
v -0.010000 0.014309 0.001914
v -0.010000 0.013489 0.000937
v -0.010000 0.013489 0.005342
v -0.007000 0.013411 -0.005289
v -0.007000 0.024378 -0.009050
v -0.007000 0.013851 -0.005713
v -0.013500 0.013648 0.005484
v -0.007000 0.013648 0.005484
v -0.010000 0.014790 0.001636
v -0.010000 0.013900 0.000650
v -0.010000 0.014309 0.004365
v -0.010000 0.013900 0.005629
v -0.007000 0.014018 0.005970
v -0.010000 0.014354 0.000438
v -0.010000 0.014354 0.005841
v -0.007000 0.014775 -0.007190
v -0.007000 0.014775 0.007190
v -0.010000 0.015337 0.001540
v -0.010000 0.014838 0.000308
v -0.010000 0.014790 0.004643
v -0.010000 0.014838 0.005971
v -0.007000 0.014838 0.005971
v -0.013500 0.015667 -0.008315
v -0.007000 0.015667 -0.008315
v -0.007000 0.024265 -0.009538
v -0.007000 0.015667 0.008315
v -0.010000 0.015337 0.000265
v -0.010000 0.015337 0.006015
v -0.007000 0.015337 0.006015
v -0.010000 0.015615 0.004715
v -0.010000 0.015837 0.000308
v -0.010000 0.015837 0.005971
v -0.007000 0.015837 0.005971
v -0.007000 0.016682 0.009331
v -0.010000 0.015884 0.001636
v -0.010000 0.016321 0.005841
v -0.007000 0.016682 -0.009331
v -0.010000 0.016321 0.000438
v -0.006000 0.016321 0.000438
v -0.007000 0.016321 0.005841
v -0.007000 0.017807 0.010223
v -0.010000 0.016137 0.004525
v -0.010000 0.016775 0.005629
v -0.010000 0.016366 0.001914
v -0.010000 0.016775 0.000650
v -0.013500 0.016366 0.004365
v -0.010000 0.017185 0.005342
v -0.006000 0.016775 0.000650
v -0.007000 0.016775 0.005629
v -0.007000 0.019027 0.010981
v -0.010000 0.017185 0.000937
v -0.010000 0.016723 0.003940
v -0.010000 0.017540 0.004988
v -0.010000 0.016841 0.002592
v -0.010000 0.017540 0.001292
v -0.010000 0.017827 0.004577
v -0.013500 0.017807 -0.010223
v -0.007000 0.017807 -0.010223
v -0.007000 0.024239 -0.010038
v -0.010000 0.017827 0.001702
v -0.010000 0.018039 0.004123
v -0.006000 0.017185 0.000937
v -0.007000 0.017185 0.005342
v -0.007000 0.021686 0.012053
v -0.007000 0.020326 0.011593
v -0.010000 0.018039 0.002156
v -0.010000 0.016937 0.003140
v -0.010000 0.018169 0.003639
v -0.010000 0.018169 0.002640
v -0.010000 0.018212 0.003140
v -0.006000 0.017540 0.001292
v -0.007000 0.017591 0.004925
v -0.007000 0.023091 0.012353
v -0.007000 0.024520 0.012491
v -0.006000 0.017827 0.001702
v -0.007000 0.025956 0.012463
v -0.007000 0.025000 0.004925
v -0.006000 0.017591 0.004925
v -0.006000 0.024000 0.004925
v -0.013500 0.019027 -0.010981
v -0.007000 0.019027 -0.010981
v -0.007000 0.024300 -0.010536
v -0.006000 0.018039 0.002156
v -0.006000 0.018039 0.004123
v -0.006000 0.018169 0.002640
v -0.006000 0.018169 0.003639
v -0.006000 0.018212 0.003140
v -0.007000 0.020326 -0.011593
v -0.011681 0.020000 0.000000
v -0.011200 0.019248 0.000274
v -0.011200 0.019307 -0.000400
v -0.011200 0.019726 -0.000752
v -0.011200 0.019600 0.000693
v -0.008000 0.019548 -0.009352
v -0.008000 0.019637 -0.009859
v -0.008000 0.021030 -0.009352
v -0.008000 0.019637 -0.008845
v -0.008000 0.020077 -0.010488
v -0.008000 0.020077 -0.008217
v -0.011200 0.020400 0.000693
v -0.011200 0.020274 -0.000752
v -0.011200 0.020693 -0.000400
v -0.011200 0.020752 0.000274
v -0.008000 0.020773 -0.010812
v -0.008000 0.020523 -0.007959
v -0.007000 0.021686 -0.012053
v -0.008000 0.021288 -0.007892
v -0.008000 0.021288 -0.010812
v -0.008000 0.021983 -0.010488
v -0.008000 0.022423 -0.009859
v -0.008000 0.022423 -0.008845
v -0.008000 0.022513 -0.009352
v -0.008000 0.022166 -0.008399
v -0.008000 0.021771 -0.008068
v -0.007000 0.023091 -0.012353
v -0.013500 0.023091 0.012353
v -0.007000 0.024717 -0.012497
v -0.010000 0.024265 -0.009538
v -0.010000 0.024239 -0.010038
v -0.010000 0.024300 -0.010536
v -0.010000 0.025609 -0.010485
v -0.010000 0.025512 -0.009938
v -0.010000 0.024378 -0.009050
v -0.010000 0.024717 -0.012497
v -0.010000 0.025887 -0.010966
v -0.010000 0.024574 -0.008588
v -0.010000 0.025609 -0.009391
v -0.010000 0.025956 -0.012463
v -0.010000 0.024847 -0.008168
v -0.010000 0.025887 -0.008910
v -0.010000 0.026312 -0.011324
v -0.010000 0.025189 -0.007801
v -0.007000 0.026035 -0.007272
v -0.007000 0.031201 0.004260
v -0.007000 0.030780 0.004533
v -0.007000 0.030414 0.004875
v -0.007000 0.026515 -0.007126
v -0.007000 0.027012 -0.007065
v -0.007000 0.029703 0.007198
v -0.007000 0.029816 0.007687
v -0.007000 0.031387 0.010745
v -0.007000 0.030113 0.011407
v -0.007000 0.028771 0.011918
v -0.007000 0.027379 0.012272
v -0.007000 0.029885 0.005721
v -0.007000 0.029738 0.006201
v -0.007000 0.029677 0.006698
v -0.007000 0.030012 0.008148
v -0.007000 0.030285 0.008568
v -0.007000 0.030112 0.005275
v -0.010000 0.025589 -0.007500
v -0.010000 0.026035 -0.007272
v -0.010000 0.026565 -0.008434
v -0.013500 0.027379 -0.012272
v -0.013500 0.026835 -0.011514
v -0.010000 0.027379 -0.012272
v -0.010000 0.026835 -0.011514
v -0.010000 0.026515 -0.007126
v -0.010000 0.027012 -0.007065
v -0.010000 0.027112 -0.008338
v -0.010000 0.027512 -0.007091
v -0.007000 0.027512 -0.007091
v -0.010000 0.027660 -0.011441
v -0.010000 0.027660 -0.008434
v -0.013500 0.031325 0.005770
v -0.010000 0.028771 -0.011918
v -0.010000 0.028141 -0.011164
v -0.013500 0.028771 0.011918
v -0.013500 0.027660 -0.008434
v -0.010000 0.028001 -0.007204
v -0.007000 0.028001 -0.007204
v -0.007000 0.031662 0.004064
v -0.010000 0.028462 -0.007399
v -0.010000 0.028141 -0.008712
v -0.010000 0.028882 -0.007672
v -0.007000 0.028462 -0.007399
v -0.007000 0.032150 0.003951
v -0.010000 0.028498 -0.009138
v -0.013500 0.037417 0.001434
v -0.010000 0.029249 -0.008014
v -0.010000 0.028498 -0.010738
v -0.010000 0.029551 -0.008414
v -0.007000 0.028882 -0.007672
v -0.010000 0.030113 -0.011407
v -0.010000 0.029778 -0.008861
v -0.010000 0.028688 -0.010216
v -0.010000 0.028688 -0.009660
v -0.010000 0.029925 -0.009340
v -0.013500 0.033667 -0.009007
v -0.007000 0.029249 -0.008014
v -0.007000 0.029551 -0.008414
v -0.007000 0.029778 -0.008861
v -0.010000 0.029703 0.007198
v -0.010000 0.029677 0.006698
v -0.010000 0.029738 0.006201
v -0.010000 0.030950 0.006798
v -0.010000 0.029816 0.007687
v -0.010000 0.029885 0.005721
v -0.010000 0.031165 0.005998
v -0.007000 0.029925 -0.009340
v -0.007000 0.034643 -0.007953
v -0.007000 0.035492 -0.006795
v -0.007000 0.032651 0.003925
v -0.010000 0.030012 0.008148
v -0.010000 0.031047 0.007346
v -0.010000 0.030112 0.005275
v -0.007000 0.030341 -0.011301
v -0.007000 0.031387 -0.010745
v -0.007000 0.032577 -0.009942
v -0.007000 0.033667 -0.009007
v -0.010000 0.030285 0.008568
v -0.010000 0.030414 0.004875
v -0.010000 0.030627 0.008935
v -0.007000 0.030627 0.008935
v -0.010000 0.031522 0.008024
v -0.010000 0.030780 0.004533
v -0.010000 0.031522 0.005573
v -0.010000 0.032117 0.010276
v -0.007000 0.032117 0.010276
v -0.010000 0.031201 0.004260
v -0.010000 0.031662 0.004064
v -0.010000 0.032003 0.005295
v -0.013500 0.032577 0.009942
v -0.010000 0.032150 0.003951
v -0.010000 0.032003 0.008302
v -0.010000 0.032577 0.009942
v -0.010000 0.032651 0.003925
v -0.010000 0.032550 0.005198
v -0.010000 0.032828 0.008374
v -0.010000 0.033098 0.005295
v -0.010000 0.033667 0.009007
v -0.013500 0.033667 0.009007
v -0.010000 0.033148 0.003986
v -0.007000 0.033148 0.003986
v -0.010000 0.033627 0.004133
v -0.010000 0.033350 0.008184
v -0.007000 0.033627 0.004133
v -0.007000 0.036202 -0.005547
v -0.010000 0.033579 0.005573
v -0.010000 0.034074 0.004360
v -0.010000 0.033776 0.007827
v -0.013500 0.033776 0.005770
v -0.010000 0.033936 0.005998
v -0.010000 0.034474 0.004662
v -0.010000 0.034643 0.007953
v -0.007000 0.034074 0.004360
v -0.007000 0.037171 -0.002848
v -0.007000 0.036764 -0.004225
v -0.010000 0.035964 0.006003
v -0.010000 0.034054 0.007346
v -0.010000 0.034150 0.006798
v -0.010000 0.035492 0.006795
v -0.007000 0.034474 0.004662
v -0.007000 0.037500 0.000000
v -0.007000 0.037417 -0.001434
v -0.007000 0.035964 0.006003
v -0.007000 0.036202 0.005547
v -0.007000 0.037417 0.001434
v -0.007000 0.037171 0.002848
v -0.007000 0.036764 0.004225
vn 0.0000 0.6022 -0.7983
vn -0.0414 0.5298 -0.8471
vn 0.0139 0.7881 -0.6154
vn 1.0000 -0.0000 0.0000
vn 0.0000 0.2082 -0.9781
vn -0.0138 0.8825 -0.4701
vn 0.0140 0.9507 -0.3099
vn 0.0000 0.7323 -0.6810
vn 0.0000 0.6471 -0.7624
vn -0.0007 0.6005 -0.7996
vn -0.0040 0.6694 -0.7429
vn 0.0021 0.6907 -0.7231
vn -0.9725 0.1706 -0.1586
vn -0.9679 0.1626 -0.1916
vn -0.0840 0.6448 -0.7597
vn -0.0881 0.8792 -0.4683
vn -0.0626 0.6011 -0.7967
vn -0.0296 0.7320 -0.6807
vn -0.0238 0.5382 -0.8425
vn -0.0025 0.7152 -0.6989
vn -0.4986 0.5802 -0.6440
vn -0.4993 0.5797 -0.6439
vn -0.4996 0.5572 -0.6633
vn -0.2247 0.7313 -0.6440
vn -0.4989 0.6017 -0.6237
vn 0.0000 0.5519 -0.8339
vn -0.0182 0.7712 -0.6363
vn -0.0025 0.8563 -0.5165
vn -0.9705 0.1441 -0.1933
vn -0.9679 0.1387 -0.2095
vn -0.0597 0.5509 -0.8324
vn 0.0822 0.2243 -0.9711
vn 0.0105 0.5997 -0.8002
vn 0.0293 0.9710 -0.2371
vn 0.7517 0.4946 -0.4363
vn 0.0000 0.9743 -0.2253
vn -0.0007 0.7182 -0.6959
vn -0.4169 0.7529 -0.5093
vn -0.7660 0.4985 -0.4060
vn -0.0195 0.6001 -0.7997
vn 0.0023 0.5019 -0.8649
vn 0.0000 0.8079 -0.5894
vn -0.9722 0.1893 -0.1381
vn -0.9651 0.1812 -0.1893
vn 0.0254 0.7496 -0.6613
vn 0.0047 0.8079 -0.5894
vn -0.4989 0.4253 -0.7551
vn -0.7659 0.4760 -0.4321
vn 0.0000 -0.1394 -0.9902
vn 0.0000 0.4499 -0.8931
vn -0.0007 0.8543 -0.5197
vn -0.0068 0.8414 -0.5404
vn -0.0001 0.4494 -0.8933
vn -0.9704 0.1194 -0.2097
vn -0.9679 0.1129 -0.2245
vn 0.0003 0.4494 -0.8933
vn -0.0036 0.4494 -0.8933
vn -0.0052 0.4600 -0.8879
vn -0.9397 0.2289 -0.2543
vn -0.9306 0.1084 -0.3496
vn -0.9393 0.2176 -0.2653
vn -0.4986 0.3987 -0.7697
vn -0.4214 0.7192 -0.5523
vn 0.0000 0.4366 -0.8996
vn -0.0000 0.4366 -0.8997
vn 0.0000 0.7811 -0.6244
vn -0.8838 0.3266 -0.3349
vn -0.8917 0.2388 -0.3845
vn -0.9394 0.2946 -0.1752
vn 0.0010 0.3960 -0.9182
vn 0.0000 0.8718 -0.4899
vn -0.9718 0.2054 -0.1154
vn -0.9655 0.2018 -0.1645
vn 0.0000 0.8734 -0.4870
vn 0.0006 0.8718 -0.4899
vn 0.0336 0.6282 -0.7773
vn 0.0000 0.7989 0.6014
vn -0.0184 -0.7430 -0.6690
vn 0.0060 -0.7173 -0.6967
vn 0.9442 0.1692 0.2826
vn -0.9391 0.2070 -0.2744
vn -0.9398 0.1571 -0.3034
vn -0.4988 0.3986 -0.7696
vn -0.8148 0.5429 -0.2034
vn -0.9398 0.2853 -0.1882
vn -0.0004 0.3907 -0.9205
vn -0.3414 0.8454 -0.4107
vn 0.0000 0.9925 0.1222
vn -0.4211 0.3074 -0.8534
vn -0.9397 0.1575 -0.3037
vn 0.0003 0.3408 -0.9401
vn -0.0002 0.3408 -0.9401
vn 0.0052 0.8994 -0.4372
vn -0.0094 0.8580 -0.5136
vn 0.0000 0.3414 -0.9399
vn -0.9734 -0.1039 -0.2041
vn -1.0000 0.0000 0.0000
vn 0.0055 0.3414 -0.9399
vn 0.0000 0.3621 -0.9321
vn -0.4988 0.3322 -0.8005
vn -0.8573 0.3795 -0.3477
vn 0.0000 -0.6693 0.7430
vn -0.0200 -0.7128 0.7011
vn -0.0218 -0.7128 0.7011
vn -0.0005 -0.6238 0.7816
vn -0.9847 0.1371 -0.1080
vn -0.0303 -0.4790 0.8773
vn 0.0000 -0.2880 0.9576
vn -0.0005 -0.2881 0.9576
vn 0.8834 -0.2832 0.3733
vn -0.9420 0.1286 -0.3099
vn -0.8186 0.4699 -0.3304
vn -0.0006 -0.2901 0.9570
vn 0.0064 -0.9017 0.4322
vn 0.0157 0.6692 -0.7429
vn 0.0102 0.6237 -0.7816
vn -0.0040 0.9199 -0.3922
vn -0.3414 0.8473 -0.4069
vn -0.9397 0.1340 -0.3147
vn -0.4235 0.2525 -0.8700
vn 0.9686 0.0707 -0.2385
vn 0.9602 0.2434 -0.1371
vn -0.0005 0.2787 -0.9604
vn -0.0024 0.2841 -0.9588
vn 0.0000 0.9237 -0.3832
vn -0.9716 0.2185 -0.0907
vn -0.9661 0.2189 -0.1372
vn 0.0019 0.9199 -0.3922
vn 0.0200 0.4791 -0.8775
vn -0.9977 0.0508 -0.0442
vn -0.9992 0.0407 0.0050
vn -0.9986 0.0439 -0.0285
vn -0.9607 0.1892 0.2029
vn -0.9988 0.0433 0.0206
vn -0.9953 -0.0635 -0.0727
vn -0.2132 0.3612 -0.9078
vn 0.0005 0.2898 -0.9571
vn 0.0005 0.8615 -0.5078
vn -0.4994 0.8061 -0.3176
vn -0.8664 0.4429 -0.2306
vn -0.0911 -0.9630 0.2537
vn 0.0000 -0.6691 0.7432
vn 0.0000 0.3091 0.9510
vn 0.0000 -0.9781 -0.2080
vn 0.0000 0.3092 0.9510
vn -0.2816 -0.2816 0.9173
vn -0.0257 -0.7312 0.6817
vn -0.8663 0.1197 -0.4850
vn -0.9397 0.1355 -0.3141
vn -0.9398 0.3250 -0.1055
vn 0.0000 0.3709 0.9287
vn 0.0255 -0.8384 0.5445
vn 0.0000 0.2266 -0.9740
vn 0.0008 0.9466 -0.3225
vn -0.0010 0.9447 -0.3279
vn -0.9808 0.1920 -0.0343
vn -0.9680 0.0569 -0.2443
vn 0.0050 0.2019 -0.9794
vn -0.9999 0.0033 0.0123
vn -0.2967 0.2658 -0.9172
vn -0.4989 0.8204 -0.2795
vn -0.0255 -0.9739 0.2257
vn 0.0000 -0.5449 -0.8385
vn 0.0000 0.8481 0.5298
vn -0.8572 -0.0094 -0.5149
vn -0.4991 0.8202 -0.2795
vn 0.0000 0.3099 0.9508
vn 0.0764 -0.9896 -0.1217
vn 0.9838 -0.1613 -0.0784
vn -0.0054 0.1693 -0.9855
vn -0.0024 0.1474 -0.9891
vn 0.0000 0.9627 -0.2705
vn -0.9713 0.2288 -0.0643
vn -0.9664 0.2327 -0.1088
vn 0.0000 0.9627 -0.2707
vn -0.9399 0.3231 -0.1103
vn -0.9398 0.3235 -0.1103
vn -0.9999 -0.0112 -0.0039
vn -0.9999 0.0029 -0.0132
vn -0.8189 0.0625 -0.5705
vn 0.0499 0.3902 0.9194
vn -0.0032 0.1803 -0.9836
vn -0.3428 0.0864 -0.9354
vn -0.3426 0.9191 -0.1949
vn -0.4993 0.8325 -0.2402
vn 0.0298 0.7982 0.6016
vn -0.0755 -0.8884 -0.4527
vn 0.0000 0.1107 -0.9939
vn -0.0036 0.9679 -0.2512
vn 0.0050 0.9770 -0.2132
vn -0.9703 -0.1472 -0.1919
vn -0.8663 0.4918 -0.0876
vn -1.0000 0.0036 -0.0040
vn -0.8574 0.1915 -0.4777
vn -0.8189 0.1438 -0.5556
vn -0.9397 0.3222 -0.1146
vn 0.0261 -0.6817 -0.7312
vn -0.9999 0.0115 0.0043
vn 0.0000 0.1106 -0.9939
vn -0.9668 0.2431 -0.0790
vn 0.9683 0.0128 -0.2494
vn 0.9644 0.2005 -0.1726
vn 0.0023 0.0513 -0.9987
vn 0.0000 0.9878 -0.1559
vn -0.9710 0.2362 -0.0373
vn 0.0019 0.9814 -0.1918
vn -0.0512 0.8905 0.4522
vn -0.0149 0.6154 0.7881
vn 0.0060 -0.6558 -0.7549
vn 0.0000 0.9782 0.2078
vn 0.0000 -0.3089 -0.9511
vn 0.8771 -0.3681 0.3086
vn -0.0019 0.0376 -0.9993
vn -0.3423 0.0354 -0.9389
vn -0.0027 0.9876 -0.1569
vn -0.3422 0.9280 -0.1474
vn -0.3416 0.9281 -0.1481
vn 0.0543 0.0117 0.9985
vn 0.1252 -0.7258 0.6765
vn 0.0000 -0.9941 0.1084
vn -0.4104 0.0046 -0.9119
vn -0.9972 0.0083 -0.0744
vn -0.9999 0.0053 0.0107
vn -0.5711 0.8209 -0.0009
vn -0.0502 0.8897 0.4538
vn -0.8664 0.0603 -0.4958
vn -0.8663 0.4868 -0.1119
vn 0.8671 0.4165 -0.2732
vn 0.0000 0.7741 0.6330
vn 0.9896 -0.1071 -0.0964
vn 0.0245 -0.2078 0.9779
vn 0.0000 0.9511 -0.3090
vn 0.0004 0.9510 -0.3093
vn 0.0000 0.2083 -0.9781
vn 0.0002 0.2080 -0.9781
vn 0.0000 -0.9743 0.2253
vn -0.0183 -0.9900 0.1398
vn -0.9397 -0.0152 -0.3416
vn 0.0000 -0.0081 -1.0000
vn 0.9818 -0.0832 -0.1707
vn 0.9707 0.2392 -0.0233
vn 0.0046 0.9953 -0.0972
vn -0.0027 0.9875 -0.1576
vn -0.0012 -0.0018 -1.0000
vn 0.0442 -0.8470 -0.5298
vn 0.0000 -0.8907 -0.4545
vn 0.0198 0.8477 0.5302
vn 0.8765 0.3965 -0.2729
vn 0.0060 -0.5734 -0.8192
vn -0.9886 0.1500 -0.0095
vn 0.0174 -0.1576 0.9874
vn -0.9672 0.2495 -0.0482
vn -0.9959 0.0049 -0.0901
vn -0.0377 -0.3086 -0.9504
vn 0.0000 0.4687 0.8834
vn 0.2062 0.9544 0.2157
vn 0.0185 -0.9271 -0.3744
vn 0.1453 -0.9449 0.2934
vn -0.0105 0.9994 -0.0327
vn -0.4062 0.0168 -0.9136
vn 0.0760 -0.0529 -0.9957
vn -0.6342 0.7522 -0.1789
vn -0.5733 0.8097 -0.1251
vn -0.9997 -0.0144 -0.0221
vn -0.9999 0.0068 -0.0076
vn 0.9682 -0.0167 -0.2496
vn 0.9701 0.0060 -0.2427
vn -0.0019 -0.0304 -0.9995
vn 0.0052 -0.0668 -0.9978
vn 0.0000 0.9993 -0.0378
vn -0.9707 0.2400 -0.0091
vn 0.0000 0.9992 -0.0405
vn -0.0004 0.9993 -0.0378
vn 0.0319 -0.2805 -0.9593
vn -0.3420 -0.0286 -0.9393
vn -0.0118 -0.9738 -0.2273
vn 0.0297 0.3905 0.9201
vn -0.0110 0.9351 0.3541
vn 0.9115 0.2146 0.3509
vn 0.0506 0.9732 -0.2242
vn -0.0258 0.2919 -0.9561
vn -0.9377 -0.0644 -0.3414
vn -0.9062 -0.0131 -0.4226
vn -0.9717 0.2360 0.0081
vn 0.0499 0.9730 -0.2255
vn -0.9870 0.1597 -0.0174
vn 0.0256 0.6020 -0.7981
vn -0.0259 0.7319 -0.6809
vn 0.0000 0.6690 -0.7432
vn 0.0000 0.4435 0.8963
vn 0.0124 -0.5449 -0.8384
vn 0.0000 0.3090 0.9511
vn 0.0000 0.9871 0.1600
vn 0.0059 -0.3090 -0.9510
vn 0.8687 -0.0571 -0.4921
vn 0.9607 -0.2287 0.1574
vn 0.0000 -0.2911 -0.9567
vn 0.9591 0.0588 -0.2768
vn 0.0000 0.2077 -0.9782
vn -0.9816 -0.0620 0.1805
vn 0.0000 -0.1262 -0.9920
vn 0.9317 0.3128 0.1845
vn -0.0103 0.9997 -0.0205
vn 0.0010 0.9998 0.0223
vn -0.9828 0.1699 -0.0720
vn -0.9683 -0.0315 -0.2478
vn 0.0047 -0.1262 -0.9920
vn -0.0027 -0.0961 -0.9954
vn -0.0026 -0.1159 -0.9933
vn -0.3420 -0.1089 -0.9334
vn -0.4992 0.8655 0.0420
vn -0.6420 0.7663 -0.0246
vn 0.0000 0.9512 -0.3086
vn -0.5000 -0.1860 -0.8458
vn -0.9053 0.0171 -0.4244
vn -0.9399 0.3394 0.0372
vn 0.0216 -0.9992 -0.0346
vn 0.0000 -0.0157 0.9999
vn 0.0065 -0.0346 0.9994
vn -0.9696 0.2447 -0.0027
vn 0.0000 0.9958 -0.0915
vn 0.8766 0.0555 0.4780
vn 0.8494 0.4416 -0.2888
vn 0.0308 -0.0746 -0.9967
vn 0.1248 0.8843 0.4499
vn 0.9824 -0.1814 -0.0445
vn 0.1282 0.9904 -0.0523
vn 0.1077 0.9789 0.1736
vn -0.0245 -0.3087 -0.9508
vn -0.0101 -0.1849 -0.9827
vn 0.0099 -0.2444 -0.9696
vn 0.0000 0.9967 0.0810
vn 0.0020 0.9996 0.0293
vn 0.0000 0.9985 0.0549
vn -0.0063 0.9985 0.0549
vn 0.0002 0.9985 0.0549
vn -0.9952 -0.0848 -0.0480
vn -0.0116 -0.9873 0.1586
vn -0.0318 0.9868 -0.1586
vn 0.0364 0.9531 -0.3005
vn 0.9398 0.1380 -0.3126
vn -0.0137 0.2079 -0.9781
vn -0.4992 0.8656 0.0402
vn 0.0283 -0.5290 0.8481
vn -0.0288 -0.6684 0.7432
vn 0.0983 0.9611 -0.2583
vn 0.0364 0.1216 -0.9919
vn 0.1451 -0.4536 -0.8793
vn -0.0145 0.5646 -0.8252
vn 0.0627 0.7415 -0.6680
vn -0.9280 0.3398 0.1526
vn -0.9017 -0.4299 0.0455
vn -0.0146 0.6686 -0.7435
vn -0.5001 -0.0882 -0.8615
vn -0.0284 -0.3745 0.9268
vn 0.0285 -0.7878 0.6153
vn -0.7656 0.6345 0.1062
vn 0.0619 0.4676 -0.8818
vn -0.0143 0.3746 -0.9271
vn -0.9212 0.1956 0.3364
vn 0.0296 -0.9202 0.3903
vn 0.0065 -0.3921 0.9199
vn 0.0000 -0.3746 0.9272
vn 0.9937 -0.0836 -0.0752
vn 0.1992 -0.5709 0.7965
vn 0.0000 -0.7435 -0.6688
vn 0.0000 0.7435 0.6688
vn -0.0001 -0.7432 -0.6690
vn 0.0001 0.7432 0.6690
vn 0.0168 0.3921 -0.9198
vn -0.9376 0.3131 -0.1510
vn -0.0472 -0.3738 0.9263
vn -0.0942 -0.4516 0.8872
vn -0.0001 -0.7322 0.6811
vn -0.0004 0.7309 -0.6825
vn 0.0318 0.8967 -0.4414
vn -0.7650 -0.2131 -0.6078
vn -0.9396 0.3420 -0.0122
vn 0.0147 -0.2491 0.9684
vn -0.0347 -0.8912 0.4524
vn -0.9854 -0.0424 0.1647
vn -0.0145 0.8825 -0.4700
vn 0.0000 0.8917 -0.4526
vn 0.0714 -0.8809 0.4679
vn 0.0000 -0.2422 -0.9702
vn -0.0175 0.9901 0.1396
vn -0.0113 0.9839 0.1784
vn -0.9700 -0.0535 -0.2371
vn -0.9684 -0.0604 -0.2418
vn 0.0053 -0.2422 -0.9702
vn 0.0000 -0.2216 -0.9751
vn 0.0031 0.9920 0.1261
vn 0.0062 -0.8917 0.4526
vn 0.0182 0.7880 -0.6154
vn 0.1451 0.2181 -0.9651
vn 0.0358 0.8287 -0.5586
vn 0.6855 -0.2940 0.6660
vn 0.0000 0.4883 -0.8727
vn -0.9956 0.0883 0.0305
vn 0.0000 0.9936 0.1131
vn 0.0049 0.9934 0.1145
vn -0.0472 -0.0355 0.9983
vn -0.0002 -0.9743 0.2253
vn 0.0161 -0.9510 0.3087
vn 0.0000 0.9652 -0.2615
vn -0.9398 -0.1057 -0.3250
vn 0.0062 -0.6552 0.7554
vn 0.0000 -0.6690 0.7433
vn 0.0167 0.6552 -0.7553
vn -0.0064 0.7584 -0.6517
vn 0.4954 0.4461 -0.7454
vn 0.5524 0.6924 -0.4642
vn 0.0000 0.5714 -0.8207
vn -0.9950 0.0990 0.0099
vn -0.0474 -0.0351 0.9983
vn -0.0233 0.9900 -0.1394
vn -0.0207 0.0644 0.9977
vn -0.0117 0.0748 0.9971
vn -0.0410 -0.9896 0.1381
vn 0.0866 0.0128 -0.9962
vn -0.9653 -0.2118 0.1529
vn 0.0729 0.9966 -0.0389
vn -0.9212 -0.1935 0.3376
vn 0.0000 0.9904 -0.1382
vn -0.0242 0.9835 0.1794
vn -0.1495 0.4491 -0.8809
vn 0.0471 0.9915 0.1217
vn -0.0062 -0.2996 -0.9541
vn -0.0105 -0.2817 -0.9594
vn 0.0000 0.9801 0.1983
vn -0.9702 0.2374 0.0480
vn -0.0008 0.9801 0.1983
vn 0.0005 0.9819 0.1893
vn 0.1025 0.2909 -0.9512
vn 0.0961 0.8343 -0.5428
vn -0.7662 0.6321 0.1153
vn -0.7654 0.6330 0.1161
vn -0.0779 0.8366 -0.5422
vn -0.0769 0.8357 -0.5438
vn 0.2979 0.9293 -0.2183
vn -0.7661 -0.1811 -0.6167
vn 0.0156 -0.9993 -0.0354
vn -0.0408 -0.9774 -0.2072
vn -0.7665 -0.1814 -0.6161
vn 0.0120 -0.1916 -0.9814
vn -0.9278 0.3024 -0.2183
vn 0.0000 0.9965 0.0832
vn -0.9279 0.1854 -0.3235
vn -0.0560 0.1216 -0.9910
vn 0.0000 0.2553 -0.9669
vn 0.0322 0.1218 -0.9920
vn -0.0905 0.4523 -0.8873
vn 0.0000 0.6017 -0.7987
vn -0.0463 0.3910 0.9192
vn -0.0465 0.3908 0.9193
vn -0.0465 -0.9914 -0.1227
vn -0.9911 0.1312 0.0241
vn -0.9959 0.0897 -0.0126
vn 0.0192 0.8390 -0.5437
vn 0.1272 -0.2233 -0.9664
vn 0.0001 0.7432 0.6691
vn -0.0001 -0.7432 -0.6691
vn -0.9681 0.2465 0.0445
vn -0.1122 -0.0518 -0.9923
vn 0.0314 -0.6019 0.7979
vn -0.0307 -0.7312 0.6815
vn -0.9906 0.0422 0.1300
vn 0.0000 0.3089 0.9511
vn 0.0000 -0.6692 0.7431
vn -0.9906 -0.1337 -0.0284
vn 0.0000 -0.9782 -0.2079
vn -1.0000 -0.0009 -0.0029
vn -0.0157 -0.3736 0.9274
vn 0.3254 0.9442 -0.0504
vn -0.0275 0.9899 -0.1394
vn -0.1502 0.9872 -0.0533
vn 0.0243 -0.2923 0.9560
vn 0.0306 -0.6695 0.7422
vn 0.0000 -0.9735 0.2287
vn 0.0156 -0.2070 0.9782
vn 0.0159 -0.8830 0.4691
vn 0.0321 -0.0346 0.9989
vn 0.0161 -0.9272 -0.3742
vn 0.0117 -0.4841 -0.8749
vn -0.9835 -0.1678 0.0676
vn 0.0000 0.9447 0.3280
vn -0.9282 0.0378 0.3701
vn 0.0000 -0.9986 0.0533
vn -0.0466 -0.7981 -0.6007
vn 0.0000 0.9985 -0.0539
vn -0.0006 -0.9225 0.3861
vn -0.0593 0.9981 0.0191
vn 0.0000 0.9843 0.1765
vn 0.0000 -0.3556 -0.9346
vn 0.9789 -0.0475 -0.1986
vn 0.9715 0.2292 0.0606
vn -0.0238 0.9824 0.1854
vn -0.0012 0.9668 0.2557
vn -0.9699 -0.0823 -0.2291
vn -0.9686 -0.0884 -0.2324
vn 0.1781 0.9069 0.3819
vn 0.0243 0.2250 0.9740
vn -0.0266 0.9213 0.3880
vn -0.0156 -0.0342 0.9993
vn 0.0266 0.2005 0.9793
vn 0.0013 -0.9903 0.1388
vn -0.0442 -0.9833 -0.1763
vn -0.0026 -0.2648 -0.9643
vn -0.2176 -0.3791 -0.8994
vn -0.4990 0.8236 0.2697
vn -0.0061 0.3094 0.9509
vn -0.7664 0.6300 0.1254
vn 0.0470 0.7976 0.6013
vn -0.0116 0.5343 0.8452
vn 0.0000 0.5444 0.8389
vn 0.0545 -0.5335 -0.8440
vn 0.0000 0.9077 0.4196
vn -0.9212 -0.0395 -0.3872
vn -0.7665 -0.1826 -0.6157
vn -0.8192 -0.2078 -0.5346
vn -0.9395 0.3158 0.1325
vn 0.0000 -0.5445 -0.8387
vn -0.0445 0.8897 0.4544
vn 0.0814 -0.5427 -0.8360
vn -0.1123 -0.5411 -0.8334
vn -0.1418 -0.6094 -0.7800
vn 0.0000 0.8906 0.4548
vn -0.9911 0.1309 0.0243
vn -0.0350 -0.9559 -0.2915
vn -0.0224 -0.6689 0.7430
vn -0.0262 -0.6797 0.7330
vn 0.0000 0.9212 0.3891
vn -0.1645 0.9843 0.0640
vn -1.0000 -0.0011 -0.0029
vn 0.0120 -0.3254 0.9455
vn -0.0037 -0.8831 0.4691
vn -0.0177 -0.4101 -0.9119
vn -0.0025 -0.5087 -0.8609
vn 0.0000 0.9498 0.3130
vn -0.9700 0.2310 0.0761
vn 0.0033 0.9590 0.2834
vn -0.0010 0.9498 0.3130
vn 0.0378 0.7982 0.6012
vn 0.0315 0.7427 0.6689
vn 0.0000 0.7430 0.6693
vn -0.0478 0.6817 0.7300
vn 0.1487 -0.7348 -0.6618
vn 0.2065 0.7273 0.6545
vn -0.0286 -0.0347 0.9990
vn -0.0180 -0.9396 0.3417
vn 0.0171 0.6153 0.7881
vn 0.0000 -0.9979 -0.0649
vn -0.0958 -0.7401 -0.6656
vn 0.0000 -0.8063 -0.5915
vn 0.0000 -0.6532 -0.7572
vn -0.9333 0.3330 -0.1341
vn 0.0724 0.7895 0.6095
vn -0.9396 -0.2288 0.2544
vn 0.0546 0.8051 0.5906
vn 0.0000 -0.5447 -0.8387
vn 0.0227 -0.7431 -0.6688
vn 0.0285 -0.3602 -0.9324
vn -0.0052 0.0794 0.9968
vn -0.0688 -0.9541 -0.2914
vn -0.0019 0.6823 0.7311
vn 0.1807 0.6711 0.7190
vn -0.0038 -0.9901 0.1404
vn -0.0183 -0.9998 0.0000
vn -0.9834 -0.0926 0.1558
vn 0.0378 0.6529 0.7565
vn -0.2202 -0.9743 -0.0464
vn 0.0000 -0.7432 -0.6691
vn -0.0465 0.5443 0.8376
vn 0.0000 0.9269 0.3754
vn -0.1483 -0.8813 -0.4486
vn -0.0373 0.5442 0.8381
vn 0.0000 -0.8912 -0.4536
vn -0.0447 0.5441 0.8378
vn 0.0121 -0.5115 -0.8592
vn 0.0813 -0.8882 -0.4521
vn -0.0063 -0.3539 -0.9352
vn -0.3408 -0.4423 -0.8296
vn -0.4996 0.8134 0.2981
vn -0.4987 0.8137 0.2988
vn 0.0243 0.9922 0.1225
vn 0.0185 0.0522 0.9985
vn -0.0222 0.1387 0.9901
vn 0.0198 0.0522 0.9984
vn 0.0000 0.5115 0.8593
vn 0.1760 0.1366 0.9749
vn -0.0155 0.8477 0.5303
vn 0.0000 -0.8579 -0.5139
vn -0.9750 0.0226 0.2208
vn 0.0000 0.9782 0.2079
vn -0.9397 0.2287 -0.2542
vn -0.9906 -0.0422 -0.1300
vn -0.9279 0.3727 -0.0012
vn -0.9214 -0.3887 0.0012
vn 0.0000 0.7102 0.7040
vn -0.8192 -0.2122 -0.5328
vn 0.0030 0.3094 0.9509
vn -0.0040 -0.9779 -0.2089
vn 0.0000 -0.4636 -0.8860
vn 0.9202 0.2552 0.2969
vn -0.0037 0.9389 0.3441
vn 0.0020 0.9296 0.3686
vn -0.9608 -0.2518 -0.1165
vn -0.9397 0.3210 0.1179
vn -0.9399 0.3207 0.1175
vn 0.0305 0.3736 -0.9271
vn 0.0000 0.8349 -0.5504
vn -0.0487 -0.9551 -0.2921
vn 0.0000 0.4702 0.8826
vn 0.1271 -0.9844 -0.1216
vn -0.8666 -0.2196 -0.4481
vn 0.0000 0.9210 -0.3897
vn 0.0300 0.6323 -0.7742
vn 0.0469 -0.5000 -0.8647
vn 0.0029 -0.6091 -0.7931
vn -1.0000 -0.0014 -0.0028
vn -0.0476 -0.9336 0.3550
vn -0.0376 -0.2079 0.9774
vn 0.0158 0.9272 0.3743
vn -0.1704 0.0150 -0.9853
vn 0.0000 -0.4706 -0.8824
vn 0.0025 0.6435 0.7655
vn -0.0061 0.5438 0.8392
vn -0.0125 -0.9572 -0.2893
vn 0.9730 0.0876 -0.2133
vn 0.0000 -0.9540 0.2998
vn -0.0184 -0.9744 0.2241
vn 0.0185 -0.4534 0.8911
vn -0.0243 -0.9344 0.3553
vn -0.1133 -0.2136 0.9703
vn -0.0229 -0.4533 0.8910
vn 0.0097 -0.9540 0.2998
vn 0.2763 -0.8024 0.5290
vn 0.0000 -0.2150 0.9766
vn 0.0477 -0.9975 0.0524
vn 0.0000 0.2239 0.9746
vn 0.0000 -0.7430 -0.6693
vn 0.0503 -0.8898 -0.4536
vn 0.0000 0.5108 0.8597
vn 0.0000 0.8909 0.4542
vn 0.0000 -0.4691 -0.8831
vn 0.0763 -0.6307 0.7722
vn 0.0192 -0.8390 0.5437
vn -0.0189 -0.7301 0.6831
vn 0.0121 -0.7989 -0.6014
vn 0.0000 -0.7583 -0.6519
vn -0.0243 -0.9479 0.3175
vn -0.1255 -0.8326 0.5395
vn 0.2503 -0.9180 0.3075
vn 0.0000 0.2240 0.9746
vn 0.9679 -0.1295 -0.2152
vn 0.0023 -0.5155 -0.8569
vn 0.0000 0.9061 0.4230
vn 0.0041 0.9150 0.4035
vn -0.0156 0.9782 0.2070
vn 0.0153 0.9992 0.0361
vn -0.0021 0.8546 0.5193
vn -0.0097 -0.5488 -0.8359
vn -0.3408 -0.4457 -0.8278
vn -0.0028 0.9149 0.4037
vn -0.0857 0.9032 0.4206
vn -0.4987 0.7857 0.3659
vn -0.4996 0.7855 0.3652
vn -0.9469 0.3189 -0.0418
vn 0.0000 -0.9444 -0.3287
vn -0.9011 0.3755 -0.2167
vn 0.0409 0.4124 0.9101
vn 0.0648 0.3779 0.9236
vn -0.6436 -0.4310 -0.6324
vn -0.0005 -0.9745 0.2244
vn 0.0000 -0.2077 0.9782
vn 0.0000 -0.1385 -0.9904
vn -0.0309 -0.0522 -0.9982
vn -0.9398 0.3097 0.1440
vn -0.9397 0.3100 0.1444
vn -0.0149 0.8910 0.4538
vn -0.8666 -0.2175 -0.4492
vn -0.0315 0.9741 -0.2241
vn 0.0159 0.2089 -0.9778
vn -0.9960 -0.0745 0.0483
vn 0.0473 -0.9501 0.3083
vn 0.0076 0.9783 0.2071
vn 0.0000 -0.3898 -0.9209
vn -0.0069 -0.3650 -0.9310
vn 0.0000 0.9509 -0.3094
vn -0.0154 0.3753 -0.9268
vn 0.0473 -0.7870 0.6151
vn 0.0226 -0.9985 -0.0504
vn 0.0000 -0.9999 -0.0156
vn -0.9879 0.1548 0.0078
vn -0.0106 0.1548 0.9879
vn -0.9879 -0.0240 -0.1531
vn 0.0000 0.5299 -0.8481
vn 0.0000 -0.8382 0.5454
vn 0.0000 -0.5299 0.8481
vn 0.0157 0.5294 -0.8482
vn 0.0000 -0.5652 -0.8249
vn 0.9764 -0.0170 -0.2154
vn 0.9721 0.2064 0.1118
vn 0.0020 0.8794 0.4761
vn -0.0028 0.8974 0.4412
vn -0.9842 0.1384 -0.1105
vn -0.9689 -0.1399 -0.2042
vn 0.0000 -0.9510 0.3091
vn 0.0000 -0.2080 0.9781
vn 0.0000 -0.9511 0.3090
vn -0.0001 -0.9511 0.3089
vn 0.0000 0.7315 -0.6818
vn -0.0464 0.7874 -0.6147
vn -0.9366 -0.2437 -0.2517
vn -0.9093 0.4129 0.0528
vn -0.9858 0.1649 -0.0309
vn -0.9336 0.2493 0.2575
vn 0.0000 0.6692 -0.7431
vn -0.9335 -0.2823 -0.2210
vn -0.9858 0.0136 -0.1673
vn -0.9093 -0.0955 -0.4050
vn -0.9368 0.2755 0.2156
vn 0.9792 -0.2025 0.0134
vn 0.7064 -0.4256 0.5655
vn 0.7064 -0.5171 0.4834
vn 0.7053 -0.5189 0.4830
vn 0.7057 -0.3216 0.6313
vn 0.7057 -0.4268 0.5655
vn 0.7053 -0.5948 0.3858
vn 0.7063 -0.5933 0.3863
vn -0.0075 0.9994 0.0341
vn 0.7056 -0.2071 0.6777
vn 0.7057 -0.3217 0.6313
vn 0.7063 -0.6516 0.2767
vn 0.7056 -0.6526 0.2761
vn -0.0035 0.8673 0.4978
vn -0.4986 0.7518 0.4315
vn -0.4987 0.7518 0.4314
vn -0.4229 -0.5823 -0.6943
vn -0.6437 -0.4212 -0.6390
vn 0.0074 0.9903 -0.1388
vn -0.0151 0.1210 -0.9925
vn 0.0000 0.0652 -0.9979
vn -0.9398 0.2964 0.1701
vn -0.9417 0.2932 0.1648
vn -0.9997 -0.0173 -0.0156
vn 0.0010 0.9829 -0.1842
vn -0.0425 0.0810 -0.9958
vn 0.0000 -0.7305 0.6829
vn 0.0000 -0.6024 0.7982
vn -0.0075 0.9515 -0.3077
vn 0.0687 -0.1212 0.9902
vn 0.0000 -0.4540 0.8910
vn 0.0000 -0.8390 0.5441
vn -0.9960 0.0596 -0.0663
vn -0.9394 -0.2268 -0.2571
vn 0.7052 -0.0862 0.7037
vn 0.7054 -0.2075 0.6778
vn 0.7055 -0.6906 0.1592
vn -0.0099 -0.5523 -0.8336
vn 0.0051 -0.6132 -0.7899
vn 0.0000 0.8498 0.5271
vn -0.9695 0.2081 0.1291
vn 0.0000 0.8553 0.5181
vn -0.0014 0.8498 0.5271
vn 0.0077 0.8831 -0.4691
vn 0.0000 0.5303 -0.8478
vn 0.0000 -0.2927 0.9562
vn 0.0000 -0.9204 0.3909
vn -0.9841 -0.1100 0.1395
vn -0.0075 0.7873 -0.6165
vn 0.0150 0.6022 -0.7982
vn 0.0000 -0.2081 0.9781
vn 0.0000 -0.9050 0.4255
vn 0.0408 -0.9503 0.3087
vn 0.0000 -0.3280 0.9447
vn 0.0161 0.3742 -0.9272
vn 0.0000 -0.1217 0.9926
vn 0.0000 -0.9745 0.2246
vn 0.7051 -0.0863 0.7038
vn 0.7050 0.0371 0.7082
vn 0.7055 -0.7077 0.0377
vn 0.7050 -0.7082 0.0371
vn 0.3858 -0.7858 0.4834
vn 0.0000 -0.8591 0.5117
vn 0.0000 -0.4196 0.9077
vn 0.0411 -0.5301 0.8469
vn 0.0159 0.8830 -0.4691
vn 0.3840 -0.2916 0.8761
vn 0.2845 0.1339 0.9493
vn -0.5203 0.8320 -0.1927
vn 0.0000 -0.7040 0.7102
vn 0.0411 -0.7871 0.6155
vn 0.0000 -0.6330 0.7741
vn 0.0156 0.6692 -0.7429
vn 0.0000 0.0533 0.9986
vn 0.7055 0.0377 0.7077
vn 0.0000 -0.6586 -0.7525
vn 0.9118 0.1932 0.3625
vn -0.0016 0.8221 0.5694
vn 0.0007 0.8172 0.5763
vn -0.0001 -0.6590 -0.7521
vn -0.9561 -0.2851 -0.0673
vn -0.0028 -0.6479 -0.7617
vn 0.7055 0.1592 0.6906
vn 0.7051 -0.7038 -0.0863
vn 0.7052 -0.7037 -0.0862
vn 0.9758 0.0460 -0.2137
vn -0.0025 -0.6519 -0.7583
vn -0.3416 -0.6127 -0.7127
vn -0.4231 -0.5568 -0.7148
vn -0.4986 0.7128 0.4933
vn -0.4980 0.7129 0.4938
vn -0.8668 -0.3495 -0.3557
vn -0.9398 0.2809 0.1946
vn -0.9399 0.2808 0.1943
vn -0.9411 -0.1924 -0.2779
vn 0.0000 0.2246 0.9745
vn 0.0000 -0.9926 -0.1217
vn -0.9999 -0.0088 0.0098
vn -1.0000 -0.0020 -0.0018
vn -0.4670 0.5446 0.6967
vn 0.7056 0.2761 0.6526
vn -0.0316 -0.7310 0.6816
vn 0.0000 -0.5291 0.8485
vn 0.0000 0.3909 0.9204
vn 0.0000 -0.9562 -0.2927
vn 0.7063 0.2767 0.6515
vn 0.7054 -0.6778 -0.2075
vn 0.2831 0.8892 0.3593
vn 0.0154 -0.5291 0.8484
vn 0.0000 -0.7885 0.6150
vn 0.9679 -0.1766 -0.1790
vn 0.0044 -0.7024 -0.7118
vn 0.0000 0.7813 0.6241
vn -0.9856 0.1046 -0.1326
vn 0.0047 0.7964 0.6048
vn -0.5664 0.1150 0.8161
vn -0.0314 -0.2924 0.9558
vn 0.0000 -0.9513 0.3083
vn -0.9843 0.1183 -0.1314
vn 0.0026 -0.6954 -0.7186
vn 0.7056 -0.6777 -0.2071
vn -0.0311 -0.9740 0.2245
vn 0.0810 -0.9306 0.3570
vn 0.1249 -0.2896 0.9490
vn 0.1160 -0.3397 0.9333
vn -0.0242 -0.7313 0.6816
vn 0.0123 -0.9743 0.2250
vn 0.0000 0.1398 0.9902
vn 0.0268 -0.9950 -0.0966
vn 0.0000 -0.9994 -0.0340
vn 0.7008 0.2052 0.6832
vn 0.7057 -0.6313 -0.3217
vn 0.7057 -0.6313 -0.3216
vn 0.1077 0.0000 0.9942
vn 0.0000 -0.7146 -0.6995
vn -0.3416 -0.6716 -0.6574
vn -0.4980 0.6681 0.5528
vn -0.5001 0.6679 0.5512
vn -0.8668 -0.3313 -0.3727
vn -0.5705 -0.6693 -0.4760
vn -0.9399 0.2633 0.2174
vn -0.9397 0.2636 0.2181
vn 0.0000 0.5441 0.8390
vn 0.0000 -0.8910 -0.4540
vn 0.8472 0.2890 0.4457
vn 0.1280 0.2217 0.9667
vn -0.0594 -0.9548 -0.2914
vn 0.2685 -0.6534 0.7078
vn 0.0000 0.4690 0.8832
vn -0.0318 -0.9558 -0.2924
vn -0.0060 0.7621 0.6474
vn -0.0001 -0.7231 -0.6908
vn -0.8446 0.5256 0.1019
vn 0.0000 -0.7432 -0.6690
vn 0.0033 -0.7432 -0.6690
vn 0.0001 -0.7432 -0.6690
vn -0.0025 0.7713 0.6365
vn 0.9501 -0.2162 -0.2249
vn 0.9725 -0.1819 -0.1453
vn 0.0000 0.8412 0.5408
vn 0.1151 -0.9596 -0.2567
vn -0.9994 -0.0261 0.0206
vn -0.9990 0.0081 -0.0441
vn -1.0000 -0.0076 -0.0063
vn 0.7058 -0.5660 -0.4260
vn 0.0000 0.6829 0.7305
vn 0.9512 0.2462 0.1858
vn 0.7011 0.3776 -0.6049
vn 0.0000 -0.7982 -0.6024
vn 0.8583 0.3505 0.3749
vn 0.7065 -0.5649 -0.4264
vn -0.0311 0.5436 0.8388
vn 0.0000 0.6150 0.7885
vn 0.0000 -0.9268 -0.3756
vn 0.6725 0.7076 0.2167
vn 0.1756 0.9676 -0.1813
vn 0.9329 0.2676 0.2411
vn 0.7280 -0.6738 0.1262
vn 0.9421 -0.2244 0.2491
vn 0.8835 -0.0660 0.4638
vn 0.7066 0.0997 -0.7006
vn 0.9850 -0.1283 -0.1156
vn 0.8908 0.3378 0.3041
vn 0.9957 -0.0619 0.0688
vn 0.8765 -0.2554 -0.4081
vn 0.8726 0.2591 0.4141
vn 0.9946 -0.1032 0.0058
vn 0.8620 -0.5036 0.0576
vn 0.8285 0.5564 -0.0636
vn 0.9959 0.0673 0.0606
vn 0.9591 -0.2593 -0.1136
vn 0.0225 -0.8685 -0.4952
vn 0.0571 -0.7299 0.6812
vn -0.0283 -0.5290 0.8481
vn 0.0283 -0.6695 0.7423
vn 0.0855 0.6693 -0.7381
vn -0.1097 0.5261 -0.8433
vn -0.9661 -0.0001 0.2583
vn -0.0142 0.6369 -0.7708
vn -0.0141 0.7013 -0.7127
vn -0.9088 -0.4138 -0.0530
vn -0.9093 0.0955 0.4050
vn -0.0352 -0.5133 0.8575
vn -0.0129 -0.8001 0.5998
vn -0.0285 -0.7878 0.6153
vn -0.0141 0.4149 -0.9098
vn -0.9368 -0.2755 -0.2156
vn 0.0404 0.8241 -0.5650
vn -0.9213 -0.3547 -0.1593
vn -0.0229 0.3529 -0.9354
vn -0.9833 -0.1778 -0.0378
vn 0.0720 0.8616 -0.5024
vn -0.9864 -0.1420 0.0828
vn -0.0326 0.7877 -0.6152
vn 0.0284 -0.3745 0.9268
vn 0.0437 -0.2920 0.9554
vn 0.0157 -0.8638 0.5036
vn -0.0141 0.3335 -0.9426
vn -0.9333 0.2827 0.2213
vn 0.0129 0.9337 -0.3578
vn -0.9396 0.1059 0.3254
vn -0.5716 -0.5599 -0.5999
vn -0.7071 -0.5452 -0.4502
vn -0.9396 0.2443 0.2395
vn -0.9397 0.2443 0.2393
vn -0.5001 0.6185 0.6060
vn -0.4988 0.6186 0.6071
vn 0.0000 -0.7975 -0.6033
vn -0.0025 0.7238 0.6901
vn -0.0049 0.7137 0.7005
vn -0.0063 -0.7813 -0.6241
vn 0.9513 0.2106 0.2253
vn 0.0000 -0.6829 -0.7305
vn -0.0161 -0.7429 -0.6692
vn 0.1078 -0.7030 -0.7030
vn -0.9693 0.1723 0.1754
vn -0.9856 -0.1132 0.1257
vn 0.0000 0.7024 0.7118
vn 0.0000 0.6019 -0.7985
vn 0.1180 0.5733 -0.8108
vn 0.0001 0.6684 -0.7438
vn 0.0004 0.6697 -0.7427
vn -0.0009 0.6696 -0.7427
vn 0.3434 0.7997 -0.4925
vn 0.3130 0.7104 -0.6303
vn 0.9560 0.1596 0.2462
vn 0.9634 0.1048 0.2467
vn 0.9714 0.0533 0.2314
vn 0.7212 0.5151 0.4632
vn 0.6808 -0.5338 -0.5016
vn 0.7371 -0.4811 -0.4745
vn 0.7921 0.4544 0.4075
vn 0.7639 -0.4845 -0.4263
vn 0.7734 0.4793 0.4150
vn 0.8814 -0.3454 -0.3222
vn 0.8714 -0.3624 -0.3307
vn 0.9463 0.2485 0.2070
vn 0.8866 0.3365 0.3172
vn 0.9556 -0.2218 -0.1942
vn 0.9861 0.1149 0.1199
vn 0.9964 -0.0469 -0.0708
vn 0.9950 -0.0545 -0.0838
vn 0.7064 -0.4834 -0.5171
vn 0.7053 -0.4830 -0.5189
vn 0.0729 0.6808 0.7288
vn 0.0000 0.5149 0.8572
vn 0.0000 0.7982 0.6024
vn 0.7057 0.5655 0.4268
vn 0.7064 0.5655 0.4256
vn 0.0000 -0.7621 -0.6475
vn -0.9758 0.0932 0.1978
vn -0.8933 -0.4491 0.0201
vn 0.0317 0.7981 0.6017
vn -0.0284 -0.2080 0.9777
vn -0.0128 -0.9510 0.3090
vn -0.0613 -0.1341 0.9891
vn -0.0142 -0.9575 0.2881
vn -0.0693 -0.9721 0.2243
vn -0.0647 -0.9750 0.2125
vn -0.0139 0.0801 -0.9967
vn -0.9335 -0.3478 0.0870
vn 0.0566 0.9682 -0.2436
vn -0.9396 -0.1059 -0.3254
vn 0.0622 0.1370 -0.9886
vn 0.0600 0.1341 -0.9891
vn -0.9399 0.3340 0.0711
vn -0.9852 -0.1644 0.0495
vn 0.1280 0.9481 0.2909
vn 0.1156 -0.6772 -0.7266
vn 0.0000 0.8485 0.5292
vn 0.0311 -0.5436 -0.8388
vn 0.0000 -0.4690 -0.8832
vn 0.6351 -0.2888 0.7164
vn 0.0845 0.1387 0.9867
vn 0.0000 0.0523 0.9986
vn 0.1064 -0.2237 -0.9688
vn -0.0136 -0.1392 -0.9902
vn 0.0000 0.9999 -0.0124
vn -0.9215 -0.1931 0.3370
vn -0.0140 -0.0965 -0.9952
vn -0.9211 -0.3156 0.2279
vn -0.0235 0.9981 0.0575
vn -0.9696 -0.1781 0.1678
vn 0.7915 -0.6099 0.0396
vn 0.0000 0.9782 0.2077
vn 0.0000 0.8910 0.4540
vn 0.0000 -0.5441 -0.8390
vn 0.7057 0.6313 0.3217
vn 0.7057 0.6313 0.3216
vn 0.7053 -0.3857 -0.5948
vn 0.7058 -0.3860 -0.5940
vn 0.0000 0.8894 -0.4571
vn 0.9892 -0.1303 0.0669
vn -0.0203 0.2374 -0.9712
vn 0.0160 -0.7297 -0.6836
vn -0.0200 -0.6076 -0.7940
vn 0.0567 0.1965 0.9789
vn -0.0053 0.1968 0.9804
vn 0.8964 0.1657 -0.4111
vn 0.3687 0.7254 -0.5813
vn 0.6356 0.2386 0.7342
vn 0.8105 -0.0813 -0.5800
vn 0.0223 -0.4400 -0.8977
vn -0.0176 -0.7048 -0.7092
vn 0.8682 -0.3499 -0.3520
vn 0.9658 -0.2205 -0.1368
vn 0.0013 0.6523 0.7579
vn -0.0014 0.6586 0.7524
vn 0.0000 -0.8172 -0.5763
vn 0.7002 -0.5571 0.4464
vn 0.7116 0.6830 0.1649
vn 0.0717 0.1417 0.9873
vn 0.8411 0.0751 0.5357
vn 0.0357 0.1623 0.9861
vn 0.0442 -0.9916 -0.1213
vn -0.0123 -0.9782 -0.2072
vn 0.0000 -0.1398 -0.9902
vn 0.0000 -0.1210 -0.9927
vn -0.9648 0.1984 0.1726
vn -0.0140 -0.2170 -0.9761
vn -0.9235 0.3321 0.1920
vn 0.0322 0.9778 0.2071
vn -0.0759 -0.1417 -0.9870
vn 0.0000 0.9744 -0.2250
vn -0.0119 0.1178 -0.9930
vn 0.0114 0.4261 0.9046
vn 0.8963 -0.1370 -0.4218
vn 0.0122 0.2919 -0.9564
vn 0.8598 -0.2773 -0.4287
vn 0.0312 -0.0532 -0.9981
vn -0.9395 -0.3048 -0.1566
vn -0.1135 -0.4373 -0.8921
vn -0.9397 0.2230 0.2593
vn 0.0000 0.9562 0.2928
vn 0.0000 0.9562 0.2927
vn 0.0000 -0.3909 -0.9204
vn 0.7054 0.6778 0.2075
vn 0.7056 0.6777 0.2071
vn 0.7060 -0.2769 -0.6519
vn -0.9396 0.2230 0.2596
vn -0.7070 -0.5412 -0.4553
vn -0.4989 -0.7306 -0.4661
vn -0.4988 0.5648 0.6574
vn -0.5001 0.5649 0.6563
vn 0.0802 0.9831 0.1644
vn -0.0077 0.7646 0.6445
vn 0.0782 0.7117 0.6981
vn 0.0910 0.7615 0.6418
vn 0.5925 0.4269 -0.6831
vn -0.0900 -0.7110 -0.6974
vn 0.0000 0.4691 0.8831
vn -0.0959 -0.9230 -0.3725
vn 0.0000 -0.9600 -0.2801
vn -0.0617 0.4013 0.9138
vn 0.7056 -0.2765 -0.6525
vn 0.9780 -0.2085 0.0002
vn 0.0409 -0.4124 -0.9101
vn -0.9279 -0.3727 0.0012
vn 0.0000 0.9783 0.2074
vn 0.0124 0.9657 0.2595
vn -0.9093 -0.1606 -0.3839
vn 0.0549 0.9585 0.2797
vn 0.0000 0.9902 -0.1398
vn -0.0160 0.2077 -0.9781
vn 0.9460 0.0019 0.3242
vn 0.9755 0.0253 0.2183
vn 0.0412 -0.1150 -0.9925
vn 0.1158 0.7613 -0.6380
vn 0.1249 0.7250 -0.6773
vn 0.9638 -0.2043 0.1712
vn -0.0122 0.4783 0.8781
vn 0.8619 -0.3664 -0.3505
vn 0.8294 0.4037 0.3861
vn -0.0980 -0.8180 -0.5668
vn 0.0000 0.8832 -0.4690
vn 0.0157 0.3756 -0.9267
vn 0.5929 0.4962 0.6343
vn 0.8899 -0.0554 0.4529
vn 0.9065 0.1557 0.3924
vn 0.6485 0.7380 -0.1865
vn 0.0078 0.9357 0.3527
vn 0.0400 -0.9809 -0.1902
vn -0.4423 -0.8805 -0.1707
vn -0.9695 0.1488 0.1947
vn -0.9689 0.1517 0.1954
vn -0.0098 -0.8039 -0.5946
vn 0.0000 0.6131 0.7900
vn 0.0023 -0.8498 -0.5271
vn 0.0000 0.6132 0.7899
vn 0.7006 -0.5661 -0.4344
vn -0.0465 0.6686 -0.7422
vn 0.0000 0.6020 -0.7985
vn 0.0000 0.9926 0.1217
vn 0.0000 -0.2246 -0.9745
vn 0.7051 0.7038 0.0863
vn 0.7052 0.7037 0.0862
vn 0.7055 -0.1592 -0.6906
vn 0.0626 0.9783 0.1974
vn 0.7092 -0.6835 0.1728
vn -0.0123 -0.8476 -0.5304
vn 0.0000 -0.5108 -0.8597
vn -0.9214 0.3887 -0.0012
vn -0.9875 0.0753 0.1383
vn 0.0124 0.8748 0.4843
vn -0.9368 -0.0963 0.3365
vn -0.0607 -0.9784 -0.1975
vn -0.0091 0.9999 -0.0108
vn 0.0579 0.9730 0.2236
vn 0.7529 -0.6429 0.1405
vn 0.7445 0.6140 -0.2621
vn 0.0000 -0.0533 -0.9986
vn -0.0007 0.9986 -0.0533
vn 0.0000 0.9987 -0.0511
vn 0.7055 0.7077 -0.0377
vn 0.7050 0.7082 -0.0371
vn 0.7055 -0.0377 -0.7077
vn -0.4617 -0.8435 0.2745
vn 0.6618 0.0910 -0.7441
vn -0.9999 -0.0095 0.0076
vn -0.9397 -0.2784 -0.1986
vn 0.0930 0.9955 0.0179
vn -0.0078 0.9998 0.0180
vn 0.8242 0.4810 -0.2990
vn -0.0980 -0.9704 0.2207
vn -0.9396 0.2005 0.2774
vn 0.0000 0.4605 0.8877
vn 0.0000 -0.7747 -0.6324
vn -0.0124 0.7301 0.6832
vn -0.0203 -0.7429 -0.6691
vn 0.0000 -0.8576 -0.5143
vn -0.9876 0.0723 0.1394
vn -0.9855 -0.1314 -0.1073
vn 0.0420 -0.6977 -0.7152
vn -0.9396 -0.2290 0.2545
vn 0.0576 0.8072 0.5875
vn -0.9335 0.0987 -0.3449
vn -0.8662 -0.4491 -0.2191
vn -0.9397 0.2004 0.2771
vn -0.3610 -0.7823 -0.5075
vn 0.0256 0.4203 -0.9070
vn -0.4963 -0.7835 -0.3738
vn -0.5001 0.5075 0.7017
vn -0.4990 0.5073 0.7026
vn -0.0017 -0.8604 -0.5095
vn -0.0286 -0.6777 0.7348
vn 0.9715 -0.2247 -0.0756
vn 0.9514 -0.2791 -0.1303
vn 0.7050 -0.0371 -0.7082
vn -0.0036 0.5854 0.8107
vn 0.0019 0.5652 0.8249
vn -0.0001 -0.8794 -0.4761
vn 0.0000 -0.8792 -0.4764
vn 0.0000 -0.8774 -0.4798
vn -0.0009 -0.8817 -0.4718
vn 0.0008 -0.8792 -0.4764
vn 0.7307 -0.4709 -0.4943
vn 0.0155 -0.6832 0.7301
vn 0.0115 -0.5457 0.8379
vn 0.0060 -0.5727 0.8198
vn 0.0000 -0.7472 0.6646
vn 0.0000 0.1350 -0.9908
vn 0.0012 0.9745 -0.2246
vn 0.7059 0.6902 -0.1591
vn 0.7055 0.6907 -0.1586
vn 0.0060 0.1217 -0.9925
vn 0.7056 0.0862 -0.7033
vn 0.7052 0.0856 -0.7039
vn -0.0064 -0.5645 0.8254
vn 0.0064 0.6695 -0.7428
vn 0.0000 0.6832 -0.7302
vn 0.0299 0.7309 -0.6818
vn 0.7315 0.6722 -0.1146
vn -0.0064 -0.4898 0.8718
vn 0.0000 -0.4883 0.8727
vn 0.0059 -0.7882 0.6155
vn 0.0000 -0.8164 0.5775
vn 0.0000 -0.7996 0.6005
vn 0.0063 0.3741 -0.9274
vn 0.0216 0.3745 -0.9270
vn 0.0000 0.7882 -0.6155
vn 0.0206 -0.2807 0.9596
vn 0.0337 -0.2527 0.9670
vn 0.0169 -0.8736 0.4864
vn 0.0000 -0.2552 0.9669
vn -0.0068 -0.9368 0.3499
vn 0.0000 -0.9046 0.4263
vn -0.0275 0.2806 -0.9594
vn 0.0000 0.8737 -0.4864
vn 0.0067 0.8830 -0.4693
vn 0.0000 0.7431 0.6692
vn 0.1635 -0.7462 -0.6453
vn -0.9778 0.0213 0.2083
vn -0.9279 -0.0379 -0.3709
vn -0.9906 0.1336 0.0284
vn -0.9091 -0.3990 -0.1198
vn -0.9859 -0.1010 -0.1332
vn 0.0000 -0.7752 -0.6318
vn -0.9397 0.2288 -0.2544
vn -0.9212 0.0395 0.3872
vn -0.9282 -0.0378 -0.3701
vn -0.9906 0.1337 0.0284
vn -0.9900 -0.0437 -0.1343
vn -0.9368 0.3246 -0.1308
vn -0.9333 -0.3330 0.1341
vn 0.0000 -0.3095 -0.9509
vn 0.0000 0.6532 0.7572
vn 0.0053 0.9717 -0.2361
vn 0.0059 0.3146 -0.9492
vn 0.0053 0.9204 -0.3909
vn 0.7063 0.6516 -0.2767
vn 0.6951 0.6674 -0.2672
vn 0.0248 0.2927 -0.9559
vn 0.6926 0.2112 -0.6897
vn -1.0000 0.0036 -0.0071
vn -1.0000 -0.0003 -0.0055
vn -1.0000 0.0003 -0.0051
vn 0.0238 -0.6039 -0.7967
vn 0.0211 -0.3179 0.9479
vn 0.0233 -0.1220 0.9923
vn -0.0106 -0.9410 0.3383
vn 0.0361 -0.9778 0.2062
vn 0.0150 0.0356 -0.9993
vn 0.0062 0.1221 -0.9925
vn -0.0379 0.0356 -0.9986
vn 0.0000 0.9250 -0.3799
vn -0.9697 0.1235 0.2109
vn -0.9688 0.1278 0.2124
vn 0.0000 0.8390 -0.5441
vn 0.7053 0.5948 -0.3857
vn 0.7063 0.5933 -0.3863
vn 0.1280 0.4503 -0.8837
vn -0.0356 0.5503 -0.8342
vn 0.7049 0.1939 -0.6823
vn 0.7057 0.3217 -0.6313
vn -0.0403 -0.7877 -0.6148
vn 0.0352 -0.3437 0.9384
vn -0.0068 -0.9658 0.2592
vn -0.2179 0.9665 -0.1359
vn 0.9934 -0.1132 0.0159
vn 0.9638 0.0754 -0.2559
vn 0.8311 -0.0010 -0.5562
vn 0.8716 -0.1386 0.4703
vn 0.7155 0.4800 -0.5076
vn 0.8067 -0.4060 0.4294
vn 0.8706 0.4459 -0.2081
vn 0.8766 -0.4361 0.2035
vn 0.9335 0.3556 0.0457
vn 0.0306 -0.1433 0.9892
vn 0.9850 -0.0889 -0.1477
vn 0.0182 -0.9208 0.3896
vn -0.0600 0.0657 0.9960
vn 0.0011 0.4374 0.8993
vn -0.0017 -0.9061 -0.4230
vn 0.0000 0.5155 0.8569
vn -0.0221 0.5157 0.8565
vn 0.0835 0.5137 0.8539
vn 0.0272 -0.9983 0.0523
vn -0.0065 0.0930 0.9956
vn -0.9998 0.0165 -0.0072
vn -0.9396 -0.3230 -0.1131
vn 0.0182 -0.9996 0.0232
vn 0.0000 0.7305 -0.6829
vn 0.7064 0.5171 -0.4834
vn 0.7053 0.5189 -0.4830
vn 0.0000 0.6024 -0.7982
vn 0.7057 0.3216 -0.6313
vn 0.7057 0.4268 -0.5655
vn -0.0150 -0.1392 -0.9902
vn 0.0065 0.9986 -0.0523
vn -0.0379 0.9895 -0.1391
vn 0.7064 0.4256 -0.5655
vn 0.0600 -0.9511 -0.3029
vn 0.0421 -0.9004 -0.4331
vn 0.0000 -0.9273 -0.3743
vn 0.0409 0.5648 0.8242
vn 0.0347 0.4524 0.8912
vn 0.0649 0.5332 0.8435
vn -0.0605 0.9506 0.3045
vn 0.0000 0.9273 0.3743
vn 0.0000 -0.6160 -0.7877
vn -0.9397 0.1759 0.2932
vn -0.8662 -0.4380 -0.2405
vn -0.9397 0.1760 0.2932
vn -0.2837 -0.8931 -0.3490
vn -0.4224 -0.8160 -0.3946
vn -0.4988 0.4459 0.7432
vn -0.0906 0.5124 0.8540
vn -0.4989 0.4459 0.7432
vn 0.0031 -0.9003 -0.4353
vn -0.0027 0.5336 0.8458
vn 0.0167 0.3277 0.9446
vn -0.0065 0.1854 0.9826
vn -0.0175 -0.9827 -0.1841
vn 0.0000 -0.3278 -0.9448
vn 0.0064 -0.3099 -0.9507
vn 0.0616 -0.9498 -0.3068
vn 0.0596 -0.9508 -0.3041
vn 0.0000 0.3552 0.9348
vn 0.0000 -0.9447 -0.3280
vn -0.9192 -0.2384 0.3133
vn -0.0607 0.9507 0.3041
vn 0.0161 -0.3087 -0.9510
vn 0.9784 0.0402 0.2029
vn 0.9717 -0.2245 -0.0740
vn -0.9837 0.0970 -0.1517
vn -0.0027 0.4959 0.8684
vn 0.0000 -0.9297 -0.3684
vn -0.0001 -0.9297 -0.3684
vn 0.0019 0.4636 0.8860
vn 0.0000 -0.9296 -0.3686
vn -0.9699 -0.2264 -0.0898
vn 0.0024 -0.9233 -0.3842
vn -0.0026 -0.9297 -0.3684
vn 0.9857 -0.1301 0.1071
vn 0.0000 0.4263 0.9046
vn 0.0298 -0.3911 -0.9199
vn 0.0363 0.9557 0.2921
vn 0.0254 -0.6010 0.7988
vn -0.0257 -0.4538 0.8907
vn -0.0254 -0.6010 0.7988
vn 0.0000 -0.6694 0.7429
vn 0.0000 -0.9782 -0.2078
vn 0.0508 -0.9193 0.3902
vn 0.1233 -0.1212 0.9849
vn -0.1237 -0.4511 0.8838
vn -0.0509 -0.8369 0.5450
vn -0.0260 -0.8384 0.5445
vn -0.9397 -0.3211 -0.1177
vn -0.0146 -0.9969 -0.0777
vn -0.9281 -0.1851 0.3230
vn 0.0000 -0.9964 -0.0853
vn -0.9280 -0.1853 0.3232
vn 0.0000 0.2615 0.9652
vn -0.9091 0.2523 -0.3315
vn 0.0347 0.1574 0.9869
vn 0.0442 -0.2250 -0.9733
vn 0.0256 0.0525 0.9983
vn 0.0256 -0.9983 0.0525
vn 0.0507 0.0525 0.9973
vn 0.0256 -0.9208 0.3893
vn -0.9833 0.0905 -0.1578
vn -0.9533 0.2755 0.1237
vn -0.9397 -0.3346 -0.0712
vn -0.9697 0.1480 -0.1944
vn -0.9396 0.1055 0.3257
vn -0.9397 -0.1054 -0.3254
vn -0.9213 0.3546 0.1594
vn -0.9280 -0.3397 -0.1527
vn -0.9906 0.0914 -0.1015
vn -0.9213 0.1934 -0.3373
vn -0.9280 0.1871 0.3222
vn -0.9833 -0.1778 -0.0379
vn -0.8642 -0.4952 -0.0888
vn -0.9397 0.1505 0.3071
vn -0.9397 0.1505 0.3072
vn -0.0505 -0.1220 0.9912
vn -0.0503 -0.9914 -0.1205
vn -0.0258 -0.9922 -0.1221
vn 0.0168 -0.9198 -0.3921
vn 0.0062 0.6154 0.7882
vn 0.0000 0.5998 0.8001
vn 0.0000 -0.8727 -0.4883
vn -0.0135 -0.5046 -0.8632
vn 0.0000 0.9199 0.3922
vn 0.0000 -0.6155 -0.7882
vn 0.0000 0.8714 0.4905
vn -0.4228 -0.8263 -0.3721
vn -0.4989 0.3812 0.7783
vn -0.9698 0.0963 0.2239
vn -0.9686 0.1019 0.2266
vn -0.4998 0.3815 0.7776
vn -0.0037 0.4404 0.8978
vn -0.0256 0.3906 0.9202
vn 0.0258 0.3906 0.9202
vn 0.0500 -0.9974 0.0524
vn 0.0000 0.1585 0.9874
vn 0.0129 -0.9997 0.0192
vn 0.0258 -0.9995 -0.0157
vn -0.0368 -0.0609 0.9975
vn 0.0127 0.1392 0.9902
vn 0.0285 0.9990 0.0353
vn 0.0000 0.9999 0.0157
vn -0.0128 0.9993 0.0354
vn -0.0061 -0.9671 -0.2544
vn -0.0069 0.3910 0.9203
vn 0.0626 0.8609 0.5048
vn -0.0176 -0.9496 -0.3129
vn 0.0000 0.4101 0.9120
vn -0.0259 -0.8910 -0.4532
vn 0.0000 -0.8207 -0.5714
vn 0.0295 -0.6811 -0.7316
vn 0.0108 0.8481 0.5298
vn -0.0438 -0.9829 0.1787
vn -0.0144 -0.9901 0.1394
vn 0.0128 -0.1554 0.9878
vn 0.0583 -0.9688 0.2411
vn 0.0129 -0.9510 0.3090
vn 0.0253 -0.1888 0.9817
vn 0.0500 -0.7981 -0.6005
vn -0.0288 0.9898 -0.1393
vn -0.0127 0.2081 -0.9780
vn -0.0128 0.9510 -0.3090
vn 0.0566 0.1219 -0.9909
vn 0.0000 0.1889 -0.9820
vn -0.9683 -0.2427 -0.0594
vn 0.0256 0.5438 0.8388
vn 0.0508 -0.7973 -0.6015
vn -0.0509 0.6150 0.7869
vn 0.0256 0.7983 0.6018
vn -0.0509 0.5130 0.8569
vn -0.9996 0.0028 0.0297
vn 0.0018 -0.7861 -0.6181
vn 0.0476 -0.7859 0.6165
vn -0.0464 -0.3746 0.9260
vn 0.0129 -0.9330 0.3596
vn 0.0818 -0.3737 0.9239
vn -0.1089 -0.2069 0.9723
vn 0.0215 0.9570 -0.2893
vn 0.0000 0.2081 -0.9781
vn -0.8623 -0.5024 -0.0626
vn -0.8191 -0.5536 -0.1508
vn -0.9396 0.1547 0.3053
vn 0.0000 -0.9668 -0.2557
vn -0.0011 0.3525 0.9358
vn -0.0023 0.3556 0.9346
vn -0.9701 -0.2347 -0.0621
vn 0.0036 -0.9668 -0.2557
vn 0.0000 -0.9644 -0.2645
vn -0.8667 0.1495 0.4758
vn -0.0382 0.8474 0.5295
vn -0.2306 0.4914 0.8399
vn 0.0258 -0.7981 -0.6020
vn 0.0000 -0.8233 -0.5676
vn 0.0171 -0.7982 -0.6022
vn -0.0378 0.3908 0.9197
vn 0.0000 0.6821 0.7313
vn 0.0330 -0.6817 -0.7309
vn 0.0120 0.8379 0.5457
vn 0.0062 0.8187 0.5741
vn 0.0000 -0.3091 -0.9510
vn -0.1008 0.6128 0.7838
vn 0.8750 -0.2218 0.4303
vn -0.0143 -0.8482 0.5295
vn 0.0173 -0.8830 0.4691
vn 0.0129 -0.8190 0.5736
vn 0.0176 -0.5292 0.8483
vn -0.5001 0.3446 0.7945
vn -0.9646 0.1959 0.1764
vn 0.0000 0.5300 -0.8480
vn 0.0000 0.5293 -0.8485
vn 0.0000 0.5292 -0.8485
vn -0.2166 -0.9345 -0.2825
vn -0.0027 -0.9099 -0.4147
vn -0.3195 0.3049 0.8972
vn 0.0815 -0.6667 0.7408
vn 0.0000 -0.7581 0.6522
vn 0.0248 -0.7999 0.5996
vn 0.0000 -0.5690 0.8223
vn -0.0137 -0.6018 0.7985
vn -0.8227 0.1703 -0.5424
vn 0.0143 0.7605 -0.6492
vn -0.0129 0.8001 -0.5998
vn 0.0000 0.7881 -0.6155
vn -0.0568 0.6009 -0.7973
vn -0.0256 0.9557 0.2933
vn -0.0472 -0.4120 -0.9099
vn 0.0141 0.9025 0.4304
vn 0.0045 0.9276 0.3735
vn -0.0170 -0.4277 -0.9038
vn -0.0262 0.9023 0.4303
vn -0.0011 -0.9276 -0.3735
vn -0.0203 -0.9842 -0.1758
vn -0.0041 0.4277 0.9039
vn -0.9699 0.0681 0.2336
vn -0.9685 0.0746 0.2375
vn 0.9861 0.1233 0.1110
vn -0.0499 -0.2251 -0.9730
vn -0.0134 -0.4699 -0.8826
vn 0.0623 0.9825 0.1755
vn 0.0000 0.8741 0.4858
vn 0.7490 -0.5433 -0.3792
vn 0.0000 -0.6010 -0.7992
vn 0.8402 -0.0266 -0.5417
vn -0.0114 0.2314 0.9728
vn -0.0219 -0.4808 -0.8765
vn 0.0488 -0.4804 -0.8757
vn 0.0500 -0.3890 -0.9199
vn -0.0027 -0.9867 -0.1627
vn 0.0000 0.2996 0.9541
vn -0.0063 -0.9801 -0.1983
vn 0.0720 -0.3833 -0.9208
vn -0.9998 0.0144 0.0156
vn -0.9923 0.0785 0.0960
vn -0.9998 -0.0136 0.0151
vn -0.9955 -0.0559 -0.0764
vn -0.9999 -0.0116 -0.0027
vn -0.9999 0.0100 0.0065
vn 0.0112 0.3843 0.9231
vn -0.1286 0.9262 -0.3545
vn 0.0261 0.9922 0.1219
vn 0.0165 0.0845 -0.9963
vn -0.0252 -0.2313 -0.9726
vn -0.0412 -0.1415 -0.9891
vn 0.0450 -0.1415 -0.9889
vn -0.9398 -0.3362 -0.0617
vn -0.8148 -0.5326 -0.2291
vn -0.9398 0.0636 0.3357
vn -0.8667 0.1723 0.4681
vn 0.0000 -0.9783 -0.2072
vn -0.1025 0.5966 0.7960
vn 0.0360 -0.9558 -0.2919
vn 0.0000 0.3087 0.9512
vn 0.8199 0.5580 0.1282
vn 0.0000 -0.4263 -0.9046
vn -0.0150 -0.9993 -0.0354
vn 0.0504 0.9974 -0.0525
vn -0.0509 0.2921 -0.9550
vn -0.0503 0.9191 -0.3908
vn 0.0000 0.2071 -0.9783
vn -0.0383 0.2079 -0.9774
vn -0.9680 -0.2493 -0.0294
vn -0.4205 -0.9019 -0.0989
vn -0.3184 0.3069 0.8969
vn -0.4997 0.2125 0.8397
vn -0.0002 -0.9747 -0.2237
vn -0.0053 0.9994 0.0354
vn -0.0274 -0.0855 -0.9960
vn 0.0507 0.9730 -0.2251
vn 0.0003 0.0835 0.9965
vn 0.0002 0.0855 0.9963
vn 0.0527 -0.0834 -0.9951
vn -1.0000 -0.0087 0.0006
vn -0.9994 -0.0315 -0.0106
vn 0.0258 0.6028 -0.7975
vn -0.0381 0.7872 -0.6155
vn -1.0000 -0.0046 0.0043
vn 0.0000 0.7314 -0.6820
vn -0.0251 0.7312 -0.6817
vn -0.9997 0.0191 0.0147
vn 0.0000 0.6687 -0.7435
vn 0.0000 0.6691 -0.7432
vn 0.8606 0.4518 -0.2352
vn 0.9598 -0.2362 -0.1515
vn 0.8852 0.4465 0.1308
vn 0.9698 -0.0754 -0.2320
vn -0.0055 -0.9978 -0.0665
vn -0.0153 -0.9995 -0.0276
vn -0.0006 0.1757 -0.9844
vn -0.0023 0.2685 0.9633
vn 0.0000 -0.9897 -0.1431
vn -0.0008 -0.9897 -0.1431
vn 0.0000 -0.9902 -0.1396
vn 0.0025 0.2422 0.9702
vn -0.9703 -0.2396 -0.0338
vn -0.0287 -0.9720 -0.2332
vn 0.0462 0.9943 -0.0957
vn 0.0076 0.9954 -0.0958
vn -0.0254 0.2372 0.9711
vn 0.0000 -0.9818 -0.1899
vn 0.0313 -0.2371 -0.9710
vn 0.0000 0.9818 0.1899
vn 0.0000 -0.1392 -0.9903
vn 0.9621 0.0134 0.2725
vn -0.9701 0.0388 0.2397
vn -0.9683 0.0462 0.2453
vn -0.9376 -0.3470 0.0206
vn -0.9061 -0.4212 -0.0407
vn -0.9399 0.0682 0.3346
vn 0.0000 -0.4560 0.8900
vn 0.0062 -0.9926 0.1211
vn 0.0000 -0.9903 0.1392
vn 0.0000 0.0913 0.9958
vn -0.9398 0.0681 0.3348
vn 0.0167 0.9925 -0.1211
vn 0.0000 0.9999 -0.0146
vn 0.8403 0.2781 -0.4653
vn -0.4215 -0.8975 -0.1298
vn -0.4993 0.1726 0.8491
vn 0.0000 0.2147 0.9767
vn -0.0002 -0.9967 -0.0810
vn 0.0000 0.1849 0.9827
vn -0.0049 0.1849 0.9827
vn -0.0001 0.1848 0.9828
vn 0.0000 0.1848 0.9828
vn -0.3415 -0.9354 -0.0912
vn -0.4989 0.1725 0.8493
vn 0.0055 -0.9953 -0.0970
vn -0.0049 0.1990 0.9800
vn 0.0412 -0.9894 0.1392
vn 0.0000 -0.9744 0.2248
vn -0.1155 0.2133 0.9701
vn 0.0000 -0.2275 0.9738
vn 0.0172 -0.1222 0.9924
vn -0.0063 0.9643 -0.2649
vn 0.7850 -0.3179 0.5318
vn -0.9676 -0.2524 0.0016
vn 0.0000 -0.9210 0.3896
vn -0.0026 0.1498 -0.9887
vn 0.0000 0.1566 -0.9877
vn -0.0063 0.9645 -0.2639
vn -0.0038 0.9596 -0.2814
vn 0.6580 0.5040 -0.5596
vn 0.0400 0.2963 0.9542
vn 0.1250 -0.5960 0.7932
vn 0.0000 -0.9598 0.2807
vn 0.0899 -0.3912 0.9159
vn -0.0067 -0.4177 0.9085
vn 0.0000 -0.9997 -0.0250
vn -0.0213 -0.9995 -0.0250
vn 0.0018 0.1159 0.9933
vn -0.0016 0.1262 0.9920
vn 0.0007 -0.9997 -0.0251
vn -0.0000 -0.9998 -0.0223
vn -0.9706 -0.2405 -0.0054
vn 0.0187 -0.9967 0.0784
vn 0.7324 -0.6795 -0.0439
vn -0.9059 -0.4207 -0.0492
vn -0.9398 0.0398 0.3393
vn 0.0124 -0.1227 0.9924
vn 0.0000 -0.5298 0.8481
vn -0.0659 -0.8721 0.4849
vn 0.0063 -0.9567 0.2909
vn -0.8663 -0.4996 -0.0057
vn -0.9397 0.0396 0.3398
vn 0.9252 -0.1843 -0.3317
vn 0.9754 0.2183 0.0303
vn -0.1627 0.7732 -0.6129
vn 0.7408 -0.5264 0.4173
vn 0.6788 0.7151 -0.1668
vn 0.4481 -0.8706 0.2031
vn 0.9691 0.1732 0.1754
vn 0.7403 -0.4499 0.4995
vn 0.7144 -0.3759 0.5902
vn 0.9350 -0.3371 0.1097
vn 0.3830 0.2808 0.8800
vn 0.6967 -0.2181 -0.6834
vn -0.4678 0.4748 -0.7454
vn -0.0187 0.9507 -0.3094
vn 0.0739 -0.5532 0.8298
vn 0.0595 -0.9187 0.3904
vn 0.9829 0.1773 0.0506
vn -0.9826 -0.1729 0.0671
vn -0.9682 0.0167 0.2495
vn 0.0000 -0.7878 0.6160
vn -0.0667 -0.4058 0.9115
vn 0.0445 -0.6688 0.7421
vn -0.0443 -0.5293 0.8473
vn -0.4988 0.1002 0.8609
vn -0.3416 -0.9398 -0.0108
vn -0.4993 0.1004 0.8606
vn 0.6350 -0.1603 0.7557
vn 0.7382 -0.1612 -0.6551
vn 0.0372 0.9907 -0.1309
vn -0.6350 0.6086 -0.4758
vn -0.0027 -0.9999 -0.0113
vn -0.3413 -0.9399 -0.0106
vn 0.0600 0.5705 0.8191
vn 0.0050 -0.9993 0.0378
vn 0.0000 0.0668 0.9978
vn 0.0043 0.0668 0.9978
vn 0.1161 0.3397 0.9333
vn -0.0245 -0.9779 -0.2078
vn 0.5926 -0.4959 -0.6347
vn 0.6350 -0.7720 -0.0272
vn 0.8964 0.0920 -0.4335
vn -0.9674 -0.2513 0.0327
vn 0.5936 0.4955 0.6342
vn 0.0836 -0.7398 -0.6676
vn -0.9873 0.0008 0.1587
vn 0.6359 0.3621 0.6815
vn 0.1250 0.3880 0.9131
vn -0.9393 0.0553 0.3385
vn 0.8966 0.4426 0.0156
vn -0.8573 -0.4893 0.1600
vn -0.7664 -0.6406 0.0472
vn 0.8963 -0.2081 -0.3916
vn 0.1077 0.6394 0.7613
vn 0.0124 -0.8906 -0.4546
vn -0.7074 -0.0440 0.7054
vn 0.0060 -0.9880 -0.1543
vn -0.0108 0.0536 0.9985
vn 0.0000 0.0876 0.9962
vn -0.4996 0.0600 0.8642
vn 0.0310 -0.6020 0.7979
vn -0.3415 -0.9395 0.0251
vn -0.0099 -0.9935 0.1135
vn -0.0158 -0.3743 0.9272
vn -0.0039 -0.0005 1.0000
vn 0.0000 -0.9953 0.0972
vn 0.9683 0.0020 0.2499
vn -0.0058 0.0081 1.0000
vn -0.9708 -0.2386 0.0233
vn 0.0000 -0.8831 0.4691
vn 0.9650 -0.1901 0.1805
vn -0.0009 -0.0625 0.9980
vn -0.0000 -0.0292 0.9996
vn -0.0040 -0.0858 0.9963
vn -0.0008 -0.0240 0.9997
vn 0.1363 0.8577 0.4957
vn -0.0182 -0.6154 -0.7880
vn -0.0000 -0.9953 0.0971
vn 0.8965 0.3292 0.2964
vn 0.5936 -0.3017 0.7461
vn 0.5918 0.3022 -0.7473
vn 0.8964 -0.4216 0.1370
vn 0.8965 -0.2347 0.3758
vn 0.8965 0.0615 0.4387
vn 0.7163 -0.6484 -0.2578
vn 0.6349 -0.5741 -0.5170
vn -0.9959 -0.0894 0.0143
vn -0.9847 -0.0095 0.1742
vn 0.0154 0.1385 0.9902
vn 0.0000 -0.9903 0.1388
vn 0.1062 0.7936 0.5991
vn 0.0262 -0.3165 -0.9482
vn -0.0214 0.6377 0.7700
vn -0.7024 -0.0445 0.7104
vn -0.0020 -0.4764 -0.8792
vn 0.9304 -0.1405 0.3385
vn -0.0236 -0.4011 -0.9157
vn -0.0001 -0.6180 -0.7862
vn -0.0146 -0.4764 -0.8791
vn 0.0302 0.3993 0.9163
vn -0.9670 -0.2468 0.0637
vn 0.0000 -0.9783 -0.2071
vn -0.7065 -0.6988 0.1116
vn -0.7629 -0.6229 0.1729
vn -0.9395 -0.0629 0.3366
vn 0.0000 -0.1177 0.9931
vn 0.0000 -0.5450 -0.8384
vn 0.0000 -0.0311 0.9995
vn -0.0076 -0.9879 0.1552
vn 0.0000 -0.0513 0.9987
vn 0.0000 -0.0512 0.9987
vn -0.0025 -0.0642 0.9979
vn -0.7074 0.0284 0.7062
vn 0.6344 0.7169 0.2891
vn 0.8549 0.0333 -0.5178
vn 0.1584 -0.7389 0.6549
vn 0.7293 0.5120 -0.4538
vn -0.0176 -0.1703 0.9852
vn -0.6801 -0.1248 0.7224
vn 0.0106 0.0870 -0.9962
vn -0.4989 -0.0794 0.8630
vn -0.1476 -0.0394 0.9883
vn 0.6348 -0.1073 -0.7652
vn 0.0005 -0.9920 0.1263
vn -0.0026 0.0365 0.9993
vn -0.0313 0.3896 0.9205
vn 0.1389 0.9897 0.0337
vn 0.1160 0.9780 0.1731
vn 0.0000 -0.0527 -0.9986
vn -0.9972 -0.0731 0.0160
vn 0.7382 0.2136 0.6399
vn 0.0114 -0.4947 0.8690
vn -0.8734 -0.2399 -0.4238
vn -0.7701 -0.4666 0.4350
vn 0.0216 0.5083 -0.8609
vn 0.6344 0.7352 -0.2389
vn 0.0000 0.9334 -0.3589
vn 0.0630 0.8094 -0.5839
vn 0.0970 -0.5066 -0.8567
vn -0.9703 -0.0503 0.2365
vn 0.0152 0.4830 -0.8755
vn -0.0163 0.4829 -0.8755
vn 0.0315 0.5450 0.8379
vn 0.0000 -0.8483 -0.5295
vn -0.0336 -0.5195 0.8538
vn -0.0126 -0.7441 0.6680
vn 0.8647 0.2660 -0.4260
vn 0.0066 0.7571 -0.6532
vn -0.8784 0.1262 0.4610
vn 0.6732 -0.0544 -0.7374
vn 0.0128 0.5286 -0.8487
vn -0.0026 -0.0743 0.9972
vn 0.0000 -0.9770 0.2132
vn 0.0021 -0.1107 0.9939
vn -0.9712 -0.2329 0.0508
vn -0.0001 -0.9770 0.2131
vn -0.9397 -0.3222 0.1146
vn -0.9399 -0.0473 0.3383
vn 0.0984 0.9610 -0.2583
vn 0.6448 0.3351 0.6870
vn -0.7032 -0.7097 0.0424
vn -0.9398 -0.0473 0.3383
vn 0.1112 0.3399 -0.9339
vn 0.0315 -0.7979 -0.6019
vn 0.9126 0.0789 -0.4012
vn -0.9666 -0.2383 0.0940
vn -0.9399 -0.0757 0.3331
vn -0.4989 -0.8412 0.2085
vn -0.4986 -0.1201 0.8585
vn 0.0723 0.8374 -0.5418
vn 0.1412 0.7000 -0.7000
vn 0.1279 0.4497 -0.8840
vn -0.4228 -0.1672 0.8907
vn -0.0015 -0.1273 0.9919
vn -0.0043 -0.9706 0.2405
vn -0.0154 0.7440 0.6680
vn 0.0155 0.8477 0.5303
vn 0.0000 -0.1929 0.9812
vn 0.0022 -0.9625 0.2712
vn -0.0000 -0.1693 0.9856
vn 0.0000 -0.1694 0.9855
vn 0.0061 -0.1694 0.9855
vn -0.9680 -0.0713 0.2405
vn -0.9704 -0.0787 0.2283
vn -0.9397 -0.3328 0.0785
vn -0.9398 -0.0757 0.3331
vn -0.0457 -0.4701 -0.8814
vn 0.0000 -0.5447 -0.8386
vn -0.9437 -0.0949 0.3170
vn -0.6441 -0.7126 0.2783
vn 0.0000 -0.9448 0.3277
vn 0.0062 -0.9448 0.3277
vn 0.0024 -0.2394 0.9709
vn -0.0023 -0.2266 0.9740
vn 0.0001 -0.9448 0.3277
vn 0.0000 -0.9447 0.3279
vn -0.9714 -0.2242 0.0778
vn 0.0000 -0.9528 0.3036
vn -0.9662 -0.2263 0.1234
vn -0.3360 -0.9184 0.2088
vn -0.4950 -0.7879 0.3663
vn -0.4225 -0.2009 0.8838
vn -0.3975 -0.2197 0.8909
vn -0.0028 -0.9523 0.3053
vn -0.0311 0.9556 0.2930
vn -0.8632 -0.4139 0.2892
vn -0.9679 -0.0995 0.2307
vn -0.9704 -0.1063 0.2168
vn 0.0000 0.9779 0.2089
vn 0.0000 -0.1388 -0.9903
vn -0.9397 -0.1040 0.3257
vn -0.0037 -0.3204 0.9473
vn -0.0028 -0.9237 0.3832
vn 0.0000 -0.2841 0.9588
vn 0.0057 -0.2841 0.9588
vn -0.9717 -0.2123 0.1032
vn -0.9658 -0.2107 0.1511
vn -0.6441 -0.7128 0.2776
vn 0.0886 -0.8848 0.4574
vn -0.4218 -0.2757 0.8637
vn -0.4971 -0.1945 0.8456
vn -0.0225 -0.9006 0.4341
vn 0.9843 0.1438 0.1025
vn -0.9679 -0.1262 0.2174
vn -0.9784 -0.2065 -0.0046
vn -0.8653 -0.4635 0.1907
vn -0.9064 -0.3711 0.2021
vn -0.9397 -0.0993 0.3273
vn -0.0023 -0.3170 0.9484
vn 0.0000 -0.8994 0.4372
vn 0.0023 -0.3408 0.9401
vn 0.0001 -0.8991 0.4377
vn 0.0000 0.9904 -0.1385
vn 0.0000 0.2089 -0.9779
vn 0.9516 -0.3034 0.0479
vn -0.9720 -0.1976 0.1269
vn -0.9129 -0.1636 0.3738
vn -0.8663 -0.2218 0.4477
vn 0.9690 -0.1363 0.2060
vn 0.9693 -0.1588 0.1878
vn 0.0000 0.9364 -0.3510
vn -0.0029 -0.8343 0.5514
vn -0.0851 -0.7006 0.7085
vn 0.0083 0.1860 -0.9825
vn -0.0594 -0.5158 0.8546
vn -0.0825 -0.4603 0.8839
vn 0.9691 -0.1595 0.1879
vn -0.5001 -0.3014 0.8118
vn 0.0017 0.8343 -0.5514
vn -0.1739 0.9396 0.2949
vn -0.0172 0.5294 -0.8482
vn 0.0000 0.4619 -0.8869
vn -0.0219 -0.8716 0.4898
vn 0.0000 -0.3960 0.9182
vn -0.0016 -0.4035 0.9150
vn -0.3423 -0.8096 0.4769
vn -0.3423 -0.3899 0.8549
vn -0.9062 -0.3753 0.1948
vn -0.9400 -0.2848 0.1880
vn 0.0145 -0.9225 0.3858
vn -0.0034 -0.3737 0.9275
vn 0.0000 0.1692 -0.9856
vn 0.9946 0.0867 -0.0564
vn -0.8661 -0.2298 0.4438
vn -0.9062 -0.2332 0.3527
vn -0.9967 -0.0416 0.0701
vn 0.0000 -0.8414 0.5405
vn 0.0000 -0.8414 0.5404
vn -0.0012 -0.8414 0.5405
vn 0.0025 -0.8471 0.5314
vn 0.0052 -0.4642 0.8857
vn -0.0005 -0.4499 0.8931
vn -0.0086 -0.8610 0.5086
vn -0.8194 -0.4501 0.3550
vn -0.9163 -0.1390 0.3755
vn -0.9064 -0.2255 0.3573
vn -0.9958 -0.0669 0.0624
vn -0.4987 -0.7051 0.5041
vn -0.3423 -0.8015 0.4903
vn -0.3420 -0.4321 0.8345
vn 0.0051 -0.8332 0.5529
vn -0.0005 -0.8419 0.5396
vn -0.3330 -0.4377 0.8352
vn -0.8165 -0.3930 0.4229
vn -0.9817 -0.1022 0.1607
vn -0.9822 -0.1353 0.1307
vn -0.8136 -0.4897 0.3134
vn -0.8145 -0.2371 0.5295
vn -0.0034 -0.8288 0.5596
vn -0.0160 -0.5216 0.8530
vn -0.0058 -0.4988 0.8667
vn -0.0021 -0.4845 0.8748
vn 0.0000 -0.4729 0.8811
vn 0.0024 -0.8079 0.5894
vn 0.0000 -0.5019 0.8649
vn 0.0018 -0.4821 0.8761
vn 0.0065 -0.4990 0.8666
vn 0.0159 -0.5183 0.8551
vn 0.0004 -0.5019 0.8649
vn -0.4987 -0.7004 0.5106
vn -0.3367 -0.4646 0.8190
vn -0.1292 0.7248 0.6767
vn 0.1310 0.7393 0.6605
vn 0.0000 -0.7480 -0.6637
vn 0.0000 0.7492 0.6624
vn -0.0103 -0.7657 0.6432
vn 0.0002 -0.8060 0.5920
vn -0.2171 -0.7181 -0.6612
vn 0.1303 -0.7344 -0.6661
vn -0.6416 -0.5215 0.5626
vn -0.0005 -0.5722 0.8201
vn 0.0000 -0.7714 0.6364
vn -0.0012 -0.7909 0.6119
vn -0.0096 -0.7690 0.6391
vn -0.0068 -0.7713 0.6364
vn -0.0061 -0.5519 0.8339
vn 0.0101 -0.7881 0.6155
vn 0.0040 -0.8065 0.5912
vn -0.0062 -0.7836 0.6213
vn 0.0358 -0.7621 0.6464
vn -0.3829 0.6865 0.6181
vn -0.3422 0.6946 0.6328
vn 0.3426 0.6946 0.6326
vn 0.3820 0.6868 0.6184
vn -0.3415 -0.7021 -0.6248
vn 0.3825 -0.6866 -0.6183
vn 0.3419 -0.7020 -0.6247
vn -0.5369 -0.6244 -0.5673
vn -0.6263 0.5793 0.5216
vn -0.6415 -0.5527 0.5320
vn -0.7072 -0.5353 -0.4619
vn -0.6431 0.5671 0.5146
vn 0.6425 -0.5694 -0.5127
vn 0.0119 -0.5282 0.8491
vn 0.6427 0.5693 0.5126
vn -0.6422 -0.4626 0.6112
vn 0.0004 -0.5669 0.8238
vn -0.7894 0.4591 0.4076
vn 0.7072 0.5152 0.4842
vn -0.0135 -0.6034 0.7973
vn -0.0074 -0.7323 0.6810
vn 0.0000 -0.6005 0.7996
vn 0.0029 -0.5867 0.8098
vn 0.0258 -0.6253 0.7799
vn 0.0203 -0.6212 0.7834
vn 0.0209 -0.6004 0.7994
vn -0.0550 -0.6419 0.7648
vn -0.7662 -0.4776 -0.4300
vn 0.6426 -0.5694 -0.5126
vn 0.8663 0.3762 0.3287
vn -0.6401 -0.5526 0.5337
vn -0.1731 -0.5944 0.7853
vn 0.0003 -0.7510 0.6604
vn -0.0027 -0.5258 0.8506
vn 0.0022 -0.7263 0.6874
vn -0.9238 -0.2845 -0.2561
vn -0.9241 0.2865 0.2529
vn -0.8661 0.3663 0.3402
vn 0.8455 -0.3968 -0.3573
vn -0.0027 -0.6637 0.7480
vn 0.0000 -0.6907 0.7231
vn -0.0132 -0.6899 0.7237
vn -0.0123 -0.6907 0.7231
vn -0.0056 -0.6470 0.7624
vn 0.8661 -0.3751 -0.3305
vn 0.0252 -0.7072 0.7065
vn 0.0135 -0.7176 0.6963
vn 0.9703 0.1806 0.1607
vn 0.9396 0.2492 0.2348
vn 0.9547 -0.2187 -0.2017
vn -0.9848 0.1253 0.1206
vn -0.9914 0.0971 0.0874
vn -0.9909 -0.1197 -0.0618
vn -0.0052 -0.6457 0.7636
vn -0.9660 -0.1922 -0.1731
vn 0.0022 -0.6715 0.7410
vn 0.9998 -0.0155 -0.0097
vn 0.9961 -0.0748 -0.0468
vn 0.0000 -0.6688 0.7434
vn -0.0002 -0.6693 0.7430
vn -0.0001 -0.6688 0.7434
vn -0.0006 -0.6696 0.7427
vn 0.0004 -0.6691 0.7432
vn 0.0004 -0.6692 0.7431
vn -0.0001 -0.6690 0.7432
vn 0.0004 -0.6687 0.7435
vn -0.0004 -0.6691 0.7432
vn -0.0004 -0.6692 0.7431
vn 0.0004 -0.6695 0.7428
vn 0.0000 -1.0000 -0.0044
vn -0.0468 -0.9989 0.0010
vn 0.0000 -1.0000 0.0036
vn -0.5237 -0.8513 -0.0330
vn 0.0224 -0.9998 0.0000
vn 0.0000 0.0000 -1.0000
vn -0.1483 -0.9889 -0.0021
vn 0.1483 -0.9889 0.0127
vn 0.1483 -0.9889 0.0000
vn 0.0000 0.0000 1.0000
vn -0.1481 -0.9879 -0.0454
vn 0.5316 -0.8423 -0.0894
vn 0.0543 -0.9983 -0.0198
vn 0.3454 -0.9371 0.0495
vn -0.1320 -0.9912 -0.0052
vn 0.6039 -0.7921 0.0885
vn -0.1848 -0.9828 0.0000
vn -0.0721 -0.9974 -0.0063
vn -0.1276 -0.9918 0.0000
vn -0.2954 -0.9554 0.0000
vn 0.2954 -0.9554 0.0000
vn 0.3388 -0.0571 0.9391
vn 0.3357 -0.0566 0.9403
vn -0.3373 -0.0571 0.9396
vn -0.3357 -0.0569 0.9403
vn 0.8293 -0.0434 0.5571
vn -0.9453 -0.0325 0.3246
vn -0.8635 -0.0098 0.5043
vn 0.8594 -0.0502 0.5089
vn 0.9996 -0.0297 0.0000
vn -0.9961 0.0128 -0.0872
vn 0.9637 -0.0611 -0.2600
vn 0.5978 -0.0057 -0.8016
vn -0.9394 -0.0270 -0.3417
vn -0.8623 -0.1523 -0.4830
vn -0.2621 0.0448 -0.9640
vn -0.1624 -0.0566 -0.9851
vn 0.7468 -0.0471 -0.6634
vn 0.4992 -0.0102 -0.8665
vn -0.4338 -0.9010 0.0000
vn 0.4338 -0.9010 0.0000
vn -0.5632 -0.8263 0.0000
vn 0.5632 -0.8263 0.0000
vn -0.6804 -0.7328 0.0000
vn 0.6804 -0.7328 0.0000
vn -0.7818 -0.6235 0.0000
vn 0.7818 -0.6235 0.0000
vn -0.8658 -0.5003 0.0000
vn 0.8658 -0.5003 0.0000
vn -0.9310 -0.3650 0.0000
vn 0.9310 -0.3650 0.0000
vn -0.1739 0.9848 0.0000
vn 0.0000 1.0000 -0.0075
vn 0.1121 0.9937 0.0000
vn 0.1628 0.9867 0.0028
vn -0.0816 0.9967 0.0031
vn 0.2587 0.9658 0.0178
vn -0.3416 0.9398 -0.0041
vn -0.1162 0.9932 0.0113
vn -0.3088 0.9511 -0.0096
vn 0.3251 0.9457 -0.0055
vn 0.3015 0.9534 0.0108
vn -0.2844 0.9587 0.0000
vn 0.3416 0.9398 -0.0069
vn 0.4221 0.9066 0.0000
vn -0.4221 0.9066 0.0000
vn 0.6431 0.7658 0.0000
vn -0.5000 0.8660 0.0036
vn -0.9749 -0.2228 0.0000
vn 0.9749 -0.2228 0.0000
vn -0.6431 0.7657 -0.0035
vn -0.7657 0.6431 0.0035
vn -0.8660 0.5000 -0.0036
vn 0.9064 0.4225 0.0000
vn -0.9972 -0.0747 0.0000
vn 0.9972 -0.0747 0.0000
vn -0.9398 0.3416 0.0035
vn -0.9962 0.0874 -0.0071
vn -0.9090 0.2370 0.3430
vn 0.9975 0.0712 0.0000
vn 0.9398 -0.3416 0.0000
vn 0.9063 -0.4225 0.0071
vn -0.9398 -0.3416 0.0000
vn 0.9771 0.2127 0.0000
vn -0.7658 -0.6431 0.0000
vn 0.7657 -0.6431 -0.0035
vn -0.7071 -0.7071 -0.0070
vn 0.9371 0.3489 0.0000
vn 0.5737 -0.8190 0.0071
vn -0.5000 -0.8660 0.0036
vn 0.5000 -0.8660 0.0000
vn -0.2587 -0.9659 -0.0070
vn 0.1739 -0.9848 0.0000
vn -0.1739 -0.9848 0.0000
vn 0.8777 0.4792 0.0000
vn -0.0459 0.9989 0.0000
vn -0.0309 0.9759 -0.2161
vn -0.8424 0.5388 0.0000
vn -0.0468 0.9951 -0.0871
vn -0.0468 0.9952 -0.0860
vn -0.8334 0.5506 -0.0482
vn -0.7492 0.5359 -0.3893
vn 0.7999 0.6002 0.0000
vn -0.0340 0.8658 0.4993
vn -0.8424 0.4126 0.3466
vn -0.0278 0.7654 0.6430
vn -0.0377 0.8188 0.5728
vn -0.0245 0.5262 -0.8500
vn -0.0169 0.4207 -0.9070
vn -0.0460 0.7649 0.6426
vn 0.0000 0.7657 -0.6432
vn -0.8424 0.4126 -0.3466
vn -0.0103 0.5736 -0.8190
vn -0.8334 0.3171 -0.4527
vn -0.0341 0.3414 0.9393
vn -0.9985 -0.0089 -0.0544
vn 0.7611 -0.0570 0.6462
vn -0.0385 0.1297 0.9908
vn -0.0295 0.8171 -0.5757
vn 0.7077 0.7065 0.0000
vn -0.8424 0.0935 0.5307
vn -0.0460 0.1734 0.9838
vn -0.8423 -0.2697 -0.4666
vn -0.8424 0.0935 -0.5307
vn -0.8423 -0.5065 0.1843
vn -0.8423 -0.5065 -0.1843
vn -0.8423 -0.2697 0.4666
vn 0.0000 0.1736 -0.9848
vn -0.0245 0.4722 -0.8811
vn -0.0357 0.1735 0.9842
vn -0.8062 -0.2501 -0.5362
vn -0.8062 -0.5894 0.0516
vn -0.0293 -0.5002 -0.8654
vn 0.0000 -0.7512 -0.6601
vn -0.0402 -0.0860 -0.9955
vn -0.0311 -0.4223 0.9059
vn -0.0301 -0.1297 0.9911
vn -0.0611 -0.4219 -0.9046
vn -0.0351 -0.6754 -0.7366
vn -0.8601 -0.1195 -0.4960
vn -0.0392 -0.5001 0.8651
vn -0.0484 -0.4999 0.8647
vn 0.5994 0.8004 0.0000
vn -0.0301 -0.7933 0.6080
vn 0.0000 -0.7803 -0.6254
vn -0.0376 -0.9677 0.2491
vn -0.0375 -0.9843 0.1726
vn -0.0268 -0.9062 -0.4220
vn -0.0294 -0.9393 0.3417
vn -0.0294 -0.9393 -0.3417
vn -0.0464 -0.9951 0.0871
vn -0.9452 -0.1647 0.2817
vn 0.4787 0.8780 0.0000
vn 0.3493 0.9370 0.0000
vn 0.2127 0.9771 0.0000
vn 0.0712 0.9975 0.0000
vn 0.0000 1.0000 0.0000
vn -0.8621 -0.0676 0.5022
vn -0.9995 -0.0137 -0.0294
vn -0.9807 0.0000 -0.1953
vn -0.9156 -0.0651 -0.3967
vn -0.9303 0.0299 0.3655
vn -0.0145 0.9999 0.0000
vn 0.0288 0.9654 0.2591
vn 0.0145 0.9846 -0.1742
vn -0.0287 0.9057 0.4229
vn -0.0144 0.9394 -0.3424
vn 0.0144 0.7658 0.6429
vn 0.0144 0.8657 -0.5003
vn -0.0144 0.7658 -0.6429
vn -0.0144 0.6429 0.7658
vn 0.0144 0.6429 -0.7658
vn 0.0124 0.8174 -0.5759
vn -0.0033 0.9661 0.2582
vn 0.0260 0.9658 -0.2581
vn 0.0219 0.5734 0.8190
vn 0.0287 0.4229 0.9057
vn -0.0287 0.4229 -0.9057
vn 0.0219 0.9959 -0.0874
vn 0.0260 0.7069 0.7069
vn -0.0066 0.6426 -0.7661
vn 0.0000 0.3425 0.9395
vn 0.0000 0.3425 -0.9395
vn 0.0363 0.4225 0.9056
vn 0.0034 0.4217 -0.9067
vn 0.0283 0.2581 0.9657
vn -0.0288 -0.0874 0.9958
vn 0.0283 -0.2581 0.9657
vn -0.0033 0.0861 -0.9963
vn 0.0288 -0.0874 -0.9958
vn 0.0210 -0.5499 -0.8349
vn -0.9318 -0.0585 0.3583
vn 0.0119 0.0569 0.9983
vn -0.5056 0.2118 0.8364
vn 0.0240 -0.4994 -0.8660
vn 0.0144 -0.3424 0.9394
vn -0.0144 -0.3424 -0.9394
vn -0.0033 -0.7071 0.7071
vn -0.0144 -0.5003 0.8657
vn 0.0144 -0.5003 -0.8657
vn 0.0209 -0.9924 0.1209
vn -0.9523 -0.0749 -0.2957
vn 0.0244 -0.5129 -0.8581
vn -0.8754 0.1761 -0.4501
vn 0.0166 -0.9440 0.3295
vn 0.0041 -0.9067 -0.4217
vn -0.8676 -0.1811 0.4631
vn 0.0228 -0.9847 0.1728
vn -0.9986 0.0533 0.0000
vn 0.0144 -0.6429 0.7658
vn 0.0000 -0.7659 -0.6430
vn -0.0286 -0.7068 -0.7068
vn -0.0144 -0.7658 0.6429
vn 0.0144 -0.8657 0.5003
vn 0.0000 -0.9395 -0.3425
vn -0.0144 -0.9394 0.3424
vn 0.0288 -0.9654 -0.2591
vn 0.0145 -0.9846 0.1742
vn -0.0145 -0.9999 0.0000
vn -0.0869 0.9962 0.0000
vn 0.0000 0.9998 0.0186
vn 0.4229 0.9062 0.0000
vn -0.3420 0.9397 -0.0063
vn -0.5740 0.8188 0.0126
vn -0.6434 0.7656 0.0000
vn 0.7656 0.6434 0.0000
vn -0.8658 0.5004 0.0000
vn 0.9397 0.3420 0.0000
vn -0.9849 0.1729 0.0000
vn -0.9972 0.0747 0.0000
vn 0.9961 -0.0869 0.0125
vn 0.9972 0.0747 0.0000
vn -0.9849 -0.1729 0.0000
vn -0.9660 -0.2584 0.0126
vn 0.9061 -0.4229 -0.0126
vn 0.8658 -0.5004 0.0000
vn -0.8658 -0.5004 -0.0063
vn -0.9749 0.2228 0.0000
vn 0.9749 0.2228 0.0000
vn 0.6434 -0.7656 0.0000
vn -0.7655 -0.6433 0.0063
vn 0.6375 -0.7704 0.0011
vn 0.6434 -0.7656 -0.0013
vn -0.6209 -0.7839 -0.0084
vn -0.5730 -0.8191 -0.0255
vn -0.4774 -0.8785 0.0164
vn -0.4226 -0.9056 0.0373
vn 0.4599 -0.8880 -0.0003
vn -0.4533 -0.8913 -0.0054
vn -0.9392 0.0083 0.3432
vn 0.9397 -0.0083 0.3419
vn -0.8657 -0.0084 0.5004
vn -0.9731 0.0046 0.2302
vn 0.9847 0.0082 -0.1743
vn 0.9974 0.0307 0.0658
vn -0.9361 0.0455 -0.3487
vn -0.2064 -0.9783 -0.0189
vn -0.4604 0.0098 0.8876
vn 0.4080 -0.9130 0.0008
vn 0.8648 0.0084 0.5021
vn -0.5923 0.0042 -0.8057
vn 0.1595 -0.9853 0.0619
vn 0.3407 -0.9362 -0.0865
vn 0.2584 -0.9659 -0.0173
vn 0.3024 -0.0151 0.9531
vn -0.3419 -0.0051 0.9397
vn 0.4424 0.0307 -0.8963
vn 0.4228 0.0077 0.9062
vn 0.3557 -0.9323 -0.0648
vn 0.6431 0.0083 -0.7657
vn -0.6385 0.0004 -0.7696
vn 0.0000 -0.9998 0.0194
vn -0.1743 -0.9828 0.0610
vn -0.1060 -0.9943 0.0126
vn -0.2475 0.0756 -0.9659
vn 0.6360 0.0080 -0.7717
vn -0.9310 0.3650 0.0000
vn 0.9310 0.3650 0.0000
vn -0.8658 0.5003 0.0000
vn 0.8658 0.5003 0.0000
vn -0.7818 0.6235 0.0000
vn 0.7818 0.6235 0.0000
vn -0.6804 0.7328 0.0000
vn 0.6804 0.7328 0.0000
vn -0.5632 0.8263 0.0000
vn 0.5632 0.8263 0.0000
vn -0.4338 0.9010 0.0000
vn 0.4338 0.9010 0.0000
vn -0.2954 0.9554 0.0000
vn 0.2954 0.9554 0.0000
vn 0.0605 0.9979 0.0220
vn -0.1471 0.9809 0.1270
vn 0.1388 0.9903 0.0000
vn 0.1467 0.9782 0.1471
vn -0.0473 0.9985 0.0274
vn -0.1358 0.9907 0.0000
vn -0.1461 0.9746 -0.1696
vn 0.2838 0.9459 0.1572
vn -0.8098 0.5329 -0.2452
vn 0.9626 0.0838 -0.2575
vn -0.2237 0.9684 0.1104
vn 0.1461 0.9746 -0.1696
vn 0.0714 0.9856 0.1531
vn 0.0000 0.9835 0.1810
vn -0.0577 0.9857 0.1586
vn 0.3738 0.9122 -0.1679
vn 0.0000 0.9998 0.0188
vn -0.3738 0.9122 -0.1679
vn -0.0051 -1.0000 0.0000
vn 0.3151 0.0257 0.9487
vn 0.9257 0.1257 0.3568
vn -0.3424 -0.9395 0.0000
vn -0.4227 -0.9062 -0.0061
vn -0.7663 -0.6424 -0.0031
vn -0.6424 -0.7663 0.0031
vn -0.8664 -0.4994 0.0031
vn -0.9659 -0.2589 0.0000
vn -0.9847 -0.1742 -0.0091
vn -0.9916 -0.1291 -0.0066
vn -0.9999 -0.0155 0.0011
vn 0.9988 0.0499 0.0000
vn -0.9984 -0.0565 0.0008
vn 0.9987 0.0508 -0.0003
vn -0.9962 -0.0874 0.0010
vn 0.0000 0.9914 0.1307
vn 0.0000 0.9914 -0.1307
vn 0.0110 0.9990 0.0435
vn -0.9966 -0.0824 -0.0001
vn -0.6833 0.7052 0.1891
vn -0.0500 0.9647 0.2587
vn -0.7163 0.6952 -0.0601
vn -0.7015 0.7018 -0.1241
vn -0.0169 0.9846 -0.1741
vn -0.0552 0.9529 0.2982
vn -0.9992 -0.0409 0.0003
vn -0.6947 0.6947 0.1863
vn -0.0296 0.9654 0.2589
vn -0.7016 0.7016 -0.1241
vn -0.0171 0.9846 -0.1741
vn 0.0110 0.9238 -0.3827
vn -0.9999 -0.0169 -0.0005
vn 0.0049 0.9731 -0.2301
vn 0.0000 0.9238 0.3828
vn -0.7161 0.6744 -0.1802
vn 0.0118 0.8446 0.5353
vn 0.0047 0.8707 -0.4917
vn -1.0000 -0.0034 -0.0011
vn -0.7410 0.5143 0.4317
vn 0.0000 0.7660 0.6429
vn -0.0224 0.8659 -0.4997
vn -0.7015 0.6173 -0.3562
vn -0.6945 0.6951 0.1858
vn 0.0000 0.8661 -0.4998
vn -0.6959 0.6220 -0.3589
vn 0.0443 0.7064 0.7064
vn -0.6457 0.6924 0.3220
vn 0.0222 0.7658 -0.6427
vn -0.7355 0.4790 -0.4790
vn -0.6946 0.5087 0.5087
vn -0.0443 0.7064 0.7064
vn -0.7015 0.3562 0.6173
vn -0.7161 0.4003 0.5717
vn -0.0224 0.4997 0.8659
vn -0.0444 0.5728 -0.8185
vn 0.0000 0.4998 -0.8661
vn -0.6945 0.4125 -0.5894
vn 0.0000 0.6429 0.7660
vn 0.0000 0.6429 -0.7660
vn -0.7158 0.4003 -0.5722
vn -0.7410 0.4317 -0.5143
vn -0.7356 0.3883 0.5551
vn 0.0000 0.3428 -0.9394
vn -0.7018 0.2442 -0.6692
vn 0.0000 0.9764 -0.2162
vn -0.0149 0.9962 -0.0861
vn -0.0068 0.9963 -0.0861
vn 0.0000 0.8663 0.4996
vn 0.0067 0.9661 0.2582
vn 0.0068 0.9661 -0.2582
vn -0.0135 0.9066 0.4217
vn -0.0202 0.8193 0.5731
vn 0.0068 0.5736 0.8191
vn -0.0119 0.5226 -0.8525
vn -0.0437 0.7064 -0.7064
vn 0.8969 -0.4274 0.1136
vn -0.0252 0.4236 -0.9055
vn 0.0442 0.2588 0.9649
vn -0.7015 0.1241 0.7018
vn 0.0000 0.1742 0.9847
vn 0.0000 0.2590 0.9659
vn -0.6833 0.1891 0.7052
vn 0.0447 0.2588 -0.9649
vn 0.9975 -0.0091 0.0695
vn 0.9850 -0.1368 0.1048
vn 0.0202 0.5731 0.8193
vn -0.0390 0.5727 -0.8188
vn 0.0000 0.0878 -0.9961
vn -0.6946 0.0632 -0.7166
vn -0.0136 0.3416 0.9397
vn 0.0000 0.8241 -0.5664
vn -0.0567 0.4618 -0.8851
vn 0.9129 0.4000 -0.0816
vn -0.0168 0.1298 0.9914
vn 0.0000 -0.1742 0.9847
vn 0.0068 0.0861 0.9963
vn -0.7163 0.0601 0.6952
vn -0.0148 0.0861 -0.9962
vn -0.6951 0.0619 -0.7163
vn -0.0442 -0.0878 -0.9952
vn -0.6949 -0.0632 -0.7163
vn -0.6961 -0.1250 0.7069
vn -0.0084 -0.0861 0.9963
vn -0.6944 -0.0620 0.7169
vn -0.7175 -0.1213 0.6859
vn 0.0000 -0.0861 -0.9963
vn -0.6944 -0.0620 -0.7169
vn -0.0133 -0.4225 0.9063
vn -0.0120 -0.7484 -0.6631
vn -0.0550 -0.4988 -0.8650
vn -0.6851 -0.3639 -0.6311
vn 0.9192 -0.3858 0.0787
vn -0.0118 -0.1298 0.9915
vn 0.0000 -0.6758 -0.7371
vn 0.0000 -0.2590 0.9659
vn 0.0658 -0.1738 0.9826
vn 0.0000 -0.1742 -0.9847
vn -0.0135 -0.4217 0.9066
vn -0.6944 -0.3035 0.6524
vn -0.7174 -0.3482 0.6034
vn -0.7159 -0.2955 -0.6326
vn -0.7015 -0.3562 0.6173
vn 0.9984 0.0094 0.0559
vn 0.0068 -0.5736 0.8191
vn -0.7161 -0.4003 0.5717
vn 0.0049 -0.7071 -0.7071
vn -0.7015 -0.3562 -0.6173
vn -0.7356 -0.4790 -0.4790
vn 0.0000 -0.4232 -0.9060
vn -0.0659 -0.3420 -0.9374
vn 0.0000 -0.4998 -0.8661
vn -0.7015 -0.5459 0.4581
vn -0.0565 -0.9053 -0.4211
vn -0.6960 -0.5500 -0.4616
vn -0.7161 -0.6328 -0.2943
vn -0.6960 -0.5500 0.4616
vn -0.0169 -0.7936 0.6082
vn -0.7174 -0.5337 -0.4479
vn 0.0068 -0.8191 0.5736
vn -0.7162 -0.5717 0.4003
vn -0.0333 -0.7869 -0.6162
vn 0.9378 0.0955 -0.3339
vn -0.7173 -0.6546 0.2389
vn -0.0330 -0.9957 0.0861
vn -0.7163 -0.6952 0.0601
vn -0.6961 -0.6745 0.2461
vn -0.0017 -0.9684 0.2493
vn 0.9997 0.0111 0.0237
vn 0.9982 0.0053 0.0596
vn 0.8788 0.1000 -0.4666
vn -0.7018 -0.6692 -0.2442
vn -0.0085 -0.9067 0.4217
vn -0.6951 -0.6519 0.3032
vn -0.0279 -0.9846 0.1727
vn -0.0217 -0.9063 -0.4221
vn -0.6961 -0.6745 -0.2461
vn -0.0086 -0.9963 -0.0861
vn -0.7163 -0.6952 -0.0601
vn -0.7019 -0.7123 0.0000
vn 0.0000 -0.4998 0.8661
vn -0.0224 -0.4997 0.8659
vn 0.0659 -0.7643 -0.6415
vn 0.0000 -0.7071 -0.7071
vn 0.0222 -0.6427 0.7658
vn 0.0000 -0.7660 -0.6429
vn 0.0000 -0.7660 0.6429
vn -0.0222 -0.7658 0.6427
vn 0.0000 -0.9394 -0.3428
vn 0.0224 -0.8659 0.4997
vn -0.0219 -0.9392 0.3427
vn 0.0000 -0.9394 0.3428
vn 0.0447 -0.9649 -0.2588
vn 0.0000 -1.0000 0.0000
vn 0.0227 -0.9845 0.1741
vn -0.0220 -0.9998 0.0000
vn 0.3287 0.0000 0.9444
vn 0.0000 0.9961 -0.0878
vn 0.0000 0.9962 0.0877
vn 0.0000 0.9658 0.2594
vn 0.0000 0.9658 -0.2594
vn 0.0000 -0.1524 -0.9883
vn 0.0072 -0.2283 -0.9736
vn 0.0000 -0.1524 0.9883
vn 0.0143 0.0000 0.9999
vn 0.0000 0.9068 0.4215
vn 0.0000 0.9068 -0.4215
vn 0.0000 0.8183 0.5748
vn 0.0019 0.8189 -0.5739
vn 0.0000 0.8265 -0.5629
vn 0.0000 0.7081 0.7061
vn -0.0028 0.7071 -0.7071
vn -0.0035 -0.4439 -0.8961
vn 0.0036 -0.5746 -0.8185
vn 0.0011 0.3611 0.9325
vn -0.0037 -0.6939 -0.7201
vn -0.0589 -0.9578 0.2814
vn 0.0000 0.5725 0.8199
vn 0.0085 0.5725 -0.8199
vn -0.0037 0.7039 -0.7102
vn -0.0071 1.0000 0.0000
vn 0.0068 0.9847 0.1743
vn 0.0136 0.9656 -0.2595
vn -0.0071 0.9397 0.3420
vn 0.0000 0.9399 -0.3415
vn 0.0029 -0.7883 -0.6153
vn 0.0000 -0.7957 0.6057
vn 0.0000 0.4231 0.9061
vn 0.0860 0.4215 -0.9027
vn 0.0375 0.7951 -0.6053
vn 0.0068 0.8658 0.5004
vn 0.0096 -0.6964 -0.7176
vn -0.0523 -0.8466 -0.5296
vn 0.0000 -0.8497 0.5272
vn -0.0207 0.6431 0.7655
vn 0.0206 0.7663 0.6422
vn 0.0137 0.7070 -0.7070
vn -0.0070 0.5004 0.8658
vn 0.0000 0.2594 0.9658
vn 0.0000 0.2594 -0.9658
vn 0.0431 0.0012 -0.9991
vn 0.0070 0.3420 0.9397
vn -0.0070 0.5004 -0.8658
vn -0.0502 -0.9032 -0.4262
vn 0.0000 -0.7836 -0.6213
vn 0.0000 -0.7836 0.6213
vn -0.0070 0.1729 0.9849
vn 0.0070 0.3420 -0.9397
vn 0.0000 0.0859 0.9963
vn -0.0138 0.0869 -0.9961
vn 0.0000 -0.0857 0.9963
vn 0.0497 -0.5540 0.8310
vn 0.0806 -0.5073 -0.8580
vn 0.0000 -0.0877 -0.9962
vn 0.0943 -0.1721 0.9806
vn 0.0000 -0.7075 -0.7068
vn 0.0000 -0.7075 0.7068
vn 0.0000 -0.2594 0.9658
vn 0.0000 -0.2594 -0.9658
vn 0.0536 0.2961 0.9536
vn 0.0944 -0.3405 -0.9355
vn -0.0069 -0.4996 0.8662
vn 0.0498 0.0650 -0.9966
vn 0.0000 -0.4231 0.9061
vn 0.0000 -0.4231 -0.9061
vn 0.0499 -0.9586 0.2803
vn 0.0957 -0.9943 -0.0474
vn -0.0139 -0.7064 -0.7076
vn 0.0862 -0.8160 0.5717
vn 0.0000 -0.6213 -0.7836
vn 0.0000 -0.6213 0.7836
vn 0.1123 -0.9145 0.3886
vn 0.0000 -0.5735 0.8192
vn 0.0000 -0.5735 -0.8192
vn -0.0727 -0.5445 -0.8356
vn 0.1010 -0.9611 -0.2571
vn 0.0943 -0.9806 0.1718
vn 0.0074 -0.4850 0.8745
vn 0.0000 -0.7071 0.7071
vn 0.9302 0.2003 0.3075
vn 0.9933 0.0820 -0.0820
vn -0.0029 -0.7061 -0.7081
vn 0.0000 -0.7165 -0.6976
vn 0.0000 -0.8192 0.5735
vn 0.9936 0.0924 -0.0647
vn 0.0019 -0.8199 -0.5725
vn 0.0000 -0.8276 -0.5613
vn 0.0000 -0.5277 -0.8494
vn -0.0024 -0.5183 0.8552
vn 0.0000 -0.5277 0.8494
vn 0.0000 -0.9061 0.4231
vn 0.9930 0.1070 -0.0500
vn 0.0000 -0.9061 -0.4231
vn -0.0091 -0.8730 -0.4877
vn 0.0000 -0.9658 0.2594
vn 0.8840 -0.3380 -0.3228
vn 0.0000 -0.9658 -0.2594
vn 0.0000 -0.9963 0.0857
vn 0.0000 -0.9963 -0.0859
vn 0.0000 -0.9963 -0.0858
vn 0.0000 -0.4531 -0.8914
vn 0.0043 -0.4262 -0.9046
vn 0.0000 -0.4035 0.9150
vn 0.0040 -0.4262 0.9046
vn 0.8334 0.5506 0.0482
vn 0.0710 0.9937 0.0870
vn 0.0000 0.8147 -0.5799
vn 0.8424 0.3466 0.4126
vn 0.0175 0.6431 0.7656
vn -0.0009 0.5661 0.8243
vn 0.8424 0.4126 -0.3466
vn 0.0636 0.7641 -0.6419
vn 0.0000 0.9969 -0.0788
vn -0.0021 0.9994 0.0341
vn -0.0101 0.9849 0.1729
vn -0.0100 0.9849 -0.1729
vn 0.0012 0.8911 0.4538
vn -0.0021 0.9515 -0.3077
vn -0.0145 0.4228 0.9061
vn 0.0510 0.4212 -0.9055
vn -0.0133 0.8193 0.5732
vn -0.0133 0.8189 -0.5738
vn 0.8215 0.0000 -0.5702
vn 0.0748 0.0000 -0.9972
vn -0.0078 0.7873 -0.6165
vn 0.8424 0.0000 0.5388
vn 0.8424 -0.3466 0.4126
vn 0.8334 -0.5506 0.0482
vn 0.8424 -0.4126 -0.3466
vn -0.0007 -0.5548 -0.8320
vn 0.0013 0.5438 0.8392
vn 0.0096 0.0000 1.0000
vn 0.9646 0.1782 -0.1944
vn -0.0132 0.4220 0.9065
vn -0.0043 0.5007 -0.8656
vn -0.0079 0.5303 -0.8478
vn -0.0015 -0.3556 -0.9346
vn 0.0042 -0.3204 -0.9473
vn 0.0000 -0.3204 0.9473
vn 0.9187 -0.3074 -0.2480
vn 0.0128 0.0567 0.9983
vn 0.0072 -0.7656 -0.6432
vn 0.0668 -0.6418 0.7640
vn 0.0128 -0.9929 0.1183
vn -0.0216 -0.9394 -0.3423
vn 0.8279 -0.5269 -0.1920
vn -0.0033 0.0872 -0.9962
vn 0.0144 -0.9961 0.0872
vn 0.9135 0.3167 0.2555
vn 0.9175 -0.3314 0.2200
vn 0.4864 0.7279 -0.4833
vn 0.9976 -0.0699 0.0000
vn 0.0046 -0.0347 0.9994
vn 0.0098 0.0000 1.0000
vn -0.0149 -0.4225 0.9062
vn 0.0000 -0.3424 -0.9396
vn 0.0023 -0.3650 -0.9310
vn -0.0029 -0.2216 -0.9751
vn 0.0000 -0.2088 -0.9780
vn 0.0000 -0.2088 0.9780
vn -0.0101 -0.6422 -0.7664
vn 0.0116 -0.6799 0.7332
vn -0.0083 -0.8194 0.5732
vn -0.0008 -0.7583 -0.6519
vn -0.0096 -0.8664 -0.4992
vn 0.0015 -0.9572 -0.2893
vn 0.0040 -0.9398 0.3417
vn -0.0122 -0.9999 0.0000
vn 0.0123 -0.9845 0.1748
vn -0.0040 -0.9846 -0.1748
vn 0.0000 -0.0961 -0.9954
vn 0.0018 -0.0882 -0.9961
vn 0.0000 -0.0961 0.9954
vn 0.7071 0.7071 0.0000
vn 0.0000 0.9987 -0.0519
vn 0.0000 0.9926 0.1216
vn 0.0000 0.9742 -0.2256
vn 0.0000 0.9781 0.2080
vn 0.0000 0.9206 -0.3906
vn 0.0000 0.9206 -0.3905
vn -0.0033 0.0274 -0.9996
vn 0.0087 -0.0018 -1.0000
vn 0.0000 -0.0304 -0.9995
vn 0.0000 0.0195 0.9998
vn 0.0000 0.8384 -0.5450
vn 0.0000 0.7316 -0.6818
vn 0.0000 0.6013 -0.7990
vn 0.0000 0.9846 0.1746
vn 0.0138 0.9656 -0.2595
vn 0.0000 0.9846 -0.1746
vn 0.0000 0.4552 -0.8904
vn 0.0000 0.8658 0.5004
vn -0.0070 0.8658 -0.5004
vn 0.0876 0.4418 0.8928
vn 0.0534 0.2202 -0.9740
vn -0.0028 0.1262 -0.9920
vn 0.0000 0.1330 -0.9911
vn -0.0170 0.2090 0.9778
vn 0.0000 0.1330 0.9911
vn -0.9741 -0.2256 -0.0119
vn 0.0000 0.2910 -0.9567
vn 0.0955 0.9709 0.2195
vn 0.0000 0.6442 0.7648
vn 0.0883 0.5724 -0.8152
vn 0.0000 0.8972 -0.4416
vn 0.0000 0.1218 -0.9926
vn 0.0000 0.3415 0.9399
vn 0.0000 0.1729 -0.9849
vn 0.0000 -0.5565 0.8309
vn 0.0956 -0.4564 -0.8846
vn 0.0000 -0.0519 -0.9987
vn 0.0883 -0.0878 0.9922
vn 0.1018 -0.1717 -0.9799
vn -0.9988 0.0463 -0.0127
vn 0.0000 0.2301 -0.9732
vn 0.0058 0.2465 -0.9691
vn -0.0184 0.2464 0.9690
vn -0.9967 0.0801 0.0134
vn -0.9762 0.1772 0.1252
vn -0.9991 0.0333 -0.0279
vn 0.0000 0.4027 -0.9153
vn 0.0000 -0.2252 -0.9743
vn 0.0000 -0.2251 -0.9743
vn 0.0805 0.0117 0.9967
vn 0.0000 -0.4990 0.8666
vn 0.0000 -0.9224 -0.3862
vn 0.0976 -0.4980 -0.8617
vn 0.0000 -0.3896 -0.9210
vn 0.1018 -0.7625 -0.6390
vn 0.1020 -0.7625 0.6390
vn 0.0000 -0.2807 -0.9598
vn 0.1011 -0.7040 0.7030
vn -0.0271 -0.9393 0.3419
vn 0.0956 -0.9506 0.2952
vn 0.0000 -0.9397 -0.3420
vn -0.9988 -0.0467 0.0145
vn -0.9483 -0.1017 0.3006
vn -0.1323 -0.1714 -0.9763
vn -0.9885 -0.0776 -0.1297
vn -0.8091 -0.1016 -0.5788
vn 0.1018 -0.9948 0.0000
vn -0.9641 0.0332 -0.2634
vn -0.9656 -0.0325 0.2581
vn -0.0020 0.3621 -0.9321
vn -0.0052 0.3558 -0.9345
vn 0.0166 0.2848 0.9584
vn 0.0000 0.3558 0.9345
vn -0.9607 -0.2267 -0.1602
vn 0.0000 -0.6817 -0.7316
vn 0.0000 -0.7981 -0.6026
vn 0.0000 -0.7981 -0.6025
vn 0.0000 -0.8916 -0.4528
vn 0.0000 0.9926 0.1218
vn 0.0000 0.9743 -0.2251
vn 0.0000 0.9743 -0.2252
vn 0.0000 -0.9560 -0.2934
vn 0.0000 0.9203 -0.3913
vn 0.0000 0.8912 0.4536
vn 0.0000 -0.9959 -0.0906
vn 0.0814 -0.9750 -0.2068
vn 0.0000 0.7981 0.6026
vn 0.0005 0.4366 -0.8996
vn -0.0021 0.5413 0.8408
vn 0.0174 0.4610 0.8872
vn -0.9702 0.2360 0.0554
vn -0.9968 -0.0092 -0.0792
vn 0.0000 0.7316 -0.6817
vn -0.0009 0.4317 -0.9020
vn 0.0036 0.4694 -0.8830
vn 0.0000 0.6827 0.7307
vn 0.0000 0.6690 -0.7433
vn 0.0956 0.8854 -0.4550
vn -0.0138 0.9656 0.2595
vn 0.0451 0.9853 0.1648
vn 0.1018 0.9796 -0.1734
vn 0.0070 0.8658 0.5004
vn -0.0137 0.8189 -0.5737
vn 0.0000 0.3913 0.9203
vn 0.0240 0.9533 0.3010
vn -0.0696 0.7639 0.6416
vn 0.0000 0.7665 -0.6423
vn 0.0066 0.4338 -0.9010
vn 0.0402 0.5589 -0.8283
vn -0.0070 0.5521 0.8337
vn -0.0022 0.5340 0.8455
vn 0.0000 0.5405 0.8413
vn 0.0000 0.2256 0.9742
vn -0.0998 -0.0013 0.9950
vn 0.0206 0.5003 0.8656
vn 0.0943 -0.1146 -0.9889
vn 0.0000 0.5004 -0.8658
vn 0.0000 0.5875 0.8092
vn 0.0000 0.0518 0.9987
vn -0.0068 0.1746 0.9846
vn 0.0934 0.1172 -0.9887
vn 0.1001 0.0865 -0.9912
vn 0.0071 0.0000 1.0000
vn -0.0068 -0.1743 0.9847
vn 0.0437 0.7877 -0.6145
vn 0.0000 0.6511 -0.7590
vn 0.0000 0.6511 0.7590
vn 0.0000 -0.1218 0.9926
vn 0.0878 0.2365 -0.9677
vn 0.0071 -0.3420 0.9397
vn 0.0000 -0.3420 -0.9397
vn 0.0000 -0.2934 0.9560
vn -0.0068 -0.5004 0.8658
vn 0.0000 -0.6423 -0.7664
vn 0.0070 -0.6423 0.7664
vn -0.0069 -0.7657 0.6432
vn 0.0139 -0.7070 -0.7070
vn 0.0000 -0.4528 0.8916
vn 0.0000 0.7824 -0.6228
vn -0.0151 0.7336 -0.6794
vn 0.0132 0.7115 0.7026
vn 0.0000 0.7337 0.6794
vn 0.0498 -0.9966 -0.0650
vn -0.0068 -0.8658 -0.5004
vn 0.0861 -0.9624 0.2574
vn 0.0000 -0.9660 -0.2584
vn 0.0208 -0.9848 -0.1725
vn 0.0000 -0.6026 0.7981
vn 0.0000 -0.6783 0.7348
vn -0.0155 0.7614 -0.6481
vn 0.0010 0.8065 -0.5913
vn 0.0000 0.7964 0.6048
vn -0.0095 0.8064 0.5912
vn 0.0019 0.8734 -0.4870
vn 0.0000 0.8692 -0.4945
vn 0.0020 0.8590 0.5119
vn 0.0000 0.8865 0.4627
vn 0.0027 0.8790 0.4767
vn 0.0000 0.9199 -0.3922
vn 0.0003 0.9203 -0.3912
vn -0.0039 0.9203 0.3912
vn 0.0000 0.9150 0.4035
vn 0.0029 0.9627 -0.2707
vn 0.0000 0.9590 -0.2834
vn 0.0000 0.9590 0.2834
vn 0.0000 0.9857 -0.1684
vn -0.0008 0.9852 -0.1714
vn 0.0000 0.9852 0.1714
vn 0.0038 0.9992 -0.0405
vn 0.0000 0.9983 -0.0578
vn 0.0000 0.9983 0.0578
usemtl Tilt_Distal_Linkage_and_Force_Sensormat
s off
f 1//1 2//1 3//1
f 4//2 1//2 3//2
f 3//3 5//3 4//3
f 6//4 1//4 4//4
f 5//4 6//4 4//4
f 7//4 6//4 5//4
f 1//5 8//5 2//5
f 9//6 5//6 3//6
f 6//4 8//4 1//4
f 8//5 10//5 2//5
f 9//7 11//7 5//7
f 11//4 7//4 5//4
f 12//8 13//8 14//8
f 13//8 15//8 14//8
f 16//8 17//8 14//8
f 17//8 12//8 14//8
f 15//9 18//9 14//9
f 18//9 16//9 14//9
f 19//4 20//4 21//4
f 22//4 19//4 21//4
f 23//4 22//4 21//4
f 20//10 24//10 21//10
f 24//11 25//11 21//11
f 25//12 23//12 21//12
f 18//9 26//9 16//9
f 19//13 17//13 16//13
f 26//14 19//14 16//14
f 27//9 18//9 15//9
f 3//15 27//15 15//15
f 9//16 3//16 15//16
f 2//17 27//17 3//17
f 13//18 9//18 15//18
f 20//19 28//19 24//19
f 29//20 23//20 25//20
f 30//21 25//21 24//21
f 31//22 30//22 24//22
f 28//23 31//23 24//23
f 32//24 29//24 25//24
f 30//25 32//25 25//25
f 27//26 33//26 18//26
f 33//26 26//26 18//26
f 34//4 22//4 23//4
f 35//4 34//4 23//4
f 32//27 35//27 23//27
f 29//28 32//28 23//28
f 33//26 36//26 26//26
f 37//29 19//29 26//29
f 36//30 37//30 26//30
f 38//26 33//26 27//26
f 2//31 38//31 27//31
f 10//32 38//32 2//32
f 39//33 38//33 10//33
f 13//34 40//34 9//34
f 41//35 40//35 9//35
f 40//36 11//36 9//36
f 42//37 35//37 32//37
f 43//38 42//38 32//38
f 44//39 32//39 30//39
f 37//4 45//4 20//4
f 19//4 37//4 20//4
f 46//40 28//40 20//40
f 45//41 46//41 20//41
f 47//42 12//42 17//42
f 22//43 47//43 17//43
f 19//44 22//44 17//44
f 41//45 40//45 13//45
f 48//42 49//42 12//42
f 49//42 13//42 12//42
f 47//42 48//42 12//42
f 49//46 41//46 13//46
f 46//47 50//47 28//47
f 44//48 43//48 32//48
f 51//4 39//4 10//4
f 52//49 51//49 10//49
f 8//49 52//49 10//49
f 6//4 52//4 8//4
f 38//50 53//50 33//50
f 53//50 36//50 33//50
f 54//4 34//4 35//4
f 55//4 54//4 35//4
f 42//51 56//51 35//51
f 56//52 55//52 35//52
f 53//53 57//53 36//53
f 58//54 37//54 36//54
f 57//55 58//55 36//55
f 59//56 53//56 38//56
f 39//57 59//57 38//57
f 51//4 60//4 39//4
f 45//58 61//58 46//58
f 62//59 30//59 31//59
f 63//59 62//59 31//59
f 28//60 63//60 31//60
f 62//61 44//61 30//61
f 61//62 50//62 46//62
f 43//63 56//63 42//63
f 64//64 65//64 39//64
f 65//65 59//65 39//65
f 49//66 66//66 41//66
f 50//67 67//67 28//67
f 67//68 63//68 28//68
f 68//69 43//69 44//69
f 69//4 40//4 41//4
f 58//4 70//4 45//4
f 37//4 58//4 45//4
f 70//70 61//70 45//70
f 71//71 48//71 47//71
f 34//72 71//72 47//72
f 22//73 34//73 47//73
f 72//74 66//74 49//74
f 72//4 73//4 66//4
f 73//4 74//4 66//4
f 74//4 75//4 66//4
f 76//71 77//71 48//71
f 77//71 49//71 48//71
f 71//71 76//71 48//71
f 77//75 72//75 49//75
f 66//76 75//76 41//76
f 60//77 64//77 39//77
f 75//78 74//78 41//78
f 74//79 78//79 41//79
f 78//4 69//4 41//4
f 79//80 80//80 64//80
f 80//4 65//4 64//4
f 60//77 79//77 64//77
f 50//81 81//81 67//81
f 82//82 81//82 50//82
f 61//83 82//83 50//83
f 83//84 56//84 43//84
f 68//85 83//85 43//85
f 70//86 84//86 61//86
f 85//87 86//87 56//87
f 69//88 11//88 40//88
f 69//88 87//88 11//88
f 87//4 7//4 11//4
f 84//89 88//89 61//89
f 81//4 89//4 67//4
f 89//4 63//4 67//4
f 82//90 90//90 81//90
f 59//91 91//91 53//91
f 91//92 57//92 53//92
f 92//4 54//4 55//4
f 93//4 92//4 55//4
f 86//93 93//93 55//93
f 56//94 86//94 55//94
f 91//95 94//95 57//95
f 95//96 58//96 57//96
f 94//97 95//97 57//97
f 96//95 91//95 59//95
f 65//98 96//98 59//98
f 97//4 98//4 65//4
f 98//4 99//4 65//4
f 80//4 97//4 65//4
f 99//99 96//99 65//99
f 88//100 82//100 61//100
f 100//101 85//101 56//101
f 101//102 102//102 103//102
f 104//103 102//103 101//103
f 105//104 104//104 101//104
f 105//105 106//105 104//105
f 107//106 68//106 44//106
f 101//107 108//107 105//107
f 109//108 101//108 103//108
f 109//109 108//109 101//109
f 67//97 62//97 63//97
f 67//110 44//110 62//110
f 88//111 90//111 82//111
f 83//112 100//112 56//112
f 110//113 109//113 103//113
f 104//114 111//114 102//114
f 102//115 105//115 103//115
f 102//116 106//116 105//116
f 112//117 93//117 86//117
f 85//118 112//118 86//118
f 88//119 113//119 90//119
f 114//120 88//120 84//120
f 95//121 115//121 70//121
f 58//122 95//122 70//122
f 114//123 84//123 70//123
f 115//124 114//124 70//124
f 116//125 76//125 71//125
f 54//126 116//126 71//126
f 34//127 54//127 71//127
f 117//128 72//128 77//128
f 117//4 73//4 72//4
f 118//125 119//125 76//125
f 119//125 77//125 76//125
f 116//125 118//125 76//125
f 119//125 117//125 77//125
f 105//129 108//129 103//129
f 81//97 120//97 89//97
f 120//97 67//97 89//97
f 121//97 122//97 67//97
f 122//97 63//97 67//97
f 63//4 123//4 67//4
f 123//130 44//130 67//130
f 120//97 121//97 67//97
f 124//131 125//131 44//131
f 123//132 124//132 44//132
f 125//133 126//133 44//133
f 126//134 127//134 44//134
f 127//135 107//135 44//135
f 127//97 68//97 107//97
f 114//136 128//136 88//136
f 6//4 129//4 52//4
f 130//4 7//4 87//4
f 108//137 109//137 103//137
f 104//138 106//138 102//138
f 90//97 131//97 81//97
f 131//97 120//97 81//97
f 127//97 83//97 68//97
f 132//139 112//139 85//139
f 100//140 132//140 85//140
f 63//141 133//141 123//141
f 7//142 134//142 135//142
f 6//142 7//142 135//142
f 136//143 6//143 135//143
f 134//4 136//4 135//4
f 130//144 137//144 134//144
f 7//144 130//144 134//144
f 137//4 136//4 134//4
f 136//145 129//145 6//145
f 138//146 133//146 63//146
f 138//97 139//97 133//97
f 139//97 140//97 133//97
f 140//147 123//147 133//147
f 128//148 141//148 88//148
f 141//149 113//149 88//149
f 142//150 132//150 100//150
f 122//151 138//151 63//151
f 140//152 124//152 123//152
f 96//153 143//153 91//153
f 143//153 94//153 91//153
f 144//4 92//4 93//4
f 145//4 144//4 93//4
f 112//154 146//154 93//154
f 146//155 145//155 93//155
f 143//153 147//153 94//153
f 148//156 95//156 94//156
f 147//157 148//157 94//157
f 149//153 143//153 96//153
f 99//153 149//153 96//153
f 98//4 150//4 99//4
f 150//4 151//4 99//4
f 151//158 149//158 99//158
f 113//97 131//97 90//97
f 127//159 100//159 83//159
f 152//160 128//160 114//160
f 153//161 146//161 112//161
f 139//97 154//97 140//97
f 154//162 124//162 140//162
f 79//163 60//163 51//163
f 52//163 79//163 51//163
f 78//164 87//164 69//164
f 129//4 79//4 52//4
f 152//165 141//165 128//165
f 132//166 153//166 112//166
f 155//167 138//167 122//167
f 154//168 125//168 124//168
f 155//97 139//97 138//97
f 148//4 156//4 115//4
f 95//169 148//169 115//169
f 156//170 152//170 115//170
f 152//171 114//171 115//171
f 157//172 118//172 116//172
f 92//173 157//173 116//173
f 54//174 92//174 116//174
f 158//175 117//175 119//175
f 158//4 73//4 117//4
f 159//172 160//172 118//172
f 160//172 119//172 118//172
f 157//172 159//172 118//172
f 160//172 158//172 119//172
f 142//176 161//176 132//176
f 161//177 153//177 132//177
f 141//178 131//178 113//178
f 127//179 142//179 100//179
f 152//180 162//180 141//180
f 121//181 155//181 122//181
f 156//182 163//182 152//182
f 163//183 164//183 152//183
f 165//184 166//184 146//184
f 153//185 165//185 146//185
f 78//186 167//186 87//186
f 167//4 130//4 87//4
f 139//97 168//97 154//97
f 168//187 125//187 154//187
f 149//188 169//188 143//188
f 169//188 147//188 143//188
f 170//4 144//4 145//4
f 171//4 170//4 145//4
f 146//189 166//189 145//189
f 166//190 171//190 145//190
f 169//188 172//188 147//188
f 173//191 148//191 147//191
f 172//97 173//97 147//97
f 174//188 169//188 149//188
f 151//188 174//188 149//188
f 175//192 165//192 153//192
f 176//193 131//193 141//193
f 127//97 177//97 142//97
f 164//194 178//194 152//194
f 178//195 162//195 152//195
f 161//196 175//196 153//196
f 168//197 126//197 125//197
f 162//198 176//198 141//198
f 177//97 161//97 142//97
f 179//199 174//199 151//199
f 144//200 157//200 92//200
f 173//201 180//201 156//201
f 148//202 173//202 156//202
f 180//203 163//203 156//203
f 181//204 159//204 157//204
f 144//205 181//205 157//205
f 182//206 158//206 160//206
f 182//4 73//4 158//4
f 183//204 184//204 159//204
f 184//204 160//204 159//204
f 181//204 183//204 159//204
f 184//204 185//204 160//204
f 185//204 182//204 160//204
f 120//97 186//97 121//97
f 186//207 155//207 121//207
f 187//97 168//97 139//97
f 188//97 187//97 139//97
f 189//97 188//97 139//97
f 190//97 189//97 139//97
f 155//97 190//97 139//97
f 191//208 167//208 78//208
f 74//209 167//209 78//209
f 192//210 129//210 136//210
f 137//4 192//4 136//4
f 193//211 194//211 137//211
f 130//211 193//211 137//211
f 194//4 192//4 137//4
f 195//4 196//4 129//4
f 196//4 79//4 129//4
f 192//210 195//210 129//210
f 167//4 197//4 130//4
f 197//4 193//4 130//4
f 73//212 167//212 74//212
f 180//213 198//213 163//213
f 198//214 164//214 163//214
f 199//215 171//215 166//215
f 165//216 199//216 166//216
f 200//217 199//217 165//217
f 150//218 98//218 201//218
f 202//4 203//4 201//4
f 98//219 202//219 201//219
f 97//220 202//220 98//220
f 198//221 204//221 164//221
f 205//97 176//97 162//97
f 178//222 205//222 162//222
f 177//223 175//223 161//223
f 206//224 200//224 165//224
f 190//225 155//225 186//225
f 204//226 178//226 164//226
f 175//227 206//227 165//227
f 150//4 207//4 151//4
f 207//97 208//97 151//97
f 208//4 209//4 151//4
f 209//4 179//4 151//4
f 210//4 97//4 80//4
f 211//97 212//97 80//97
f 212//4 210//4 80//4
f 213//4 211//4 80//4
f 214//4 213//4 80//4
f 79//228 214//228 80//228
f 60//229 214//229 79//229
f 215//230 167//230 73//230
f 216//4 215//4 73//4
f 182//4 216//4 73//4
f 217//4 216//4 182//4
f 185//4 217//4 182//4
f 203//4 218//4 201//4
f 218//231 150//231 201//231
f 219//232 220//232 216//232
f 217//233 219//233 216//233
f 220//234 215//234 216//234
f 219//4 221//4 220//4
f 221//4 222//4 220//4
f 222//4 223//4 220//4
f 223//235 215//235 220//235
f 224//4 203//4 202//4
f 97//236 224//236 202//236
f 210//237 224//237 97//237
f 204//238 225//238 178//238
f 174//239 226//239 169//239
f 226//239 172//239 169//239
f 227//240 170//240 171//240
f 228//241 227//241 171//241
f 200//242 228//242 171//242
f 199//243 200//243 171//243
f 226//239 229//239 172//239
f 230//97 173//97 172//97
f 229//97 230//97 172//97
f 231//239 226//239 174//239
f 179//239 231//239 174//239
f 209//4 232//4 179//4
f 232//244 231//244 179//244
f 196//245 233//245 60//245
f 79//246 196//246 60//246
f 233//247 214//247 60//247
f 215//248 234//248 167//248
f 234//249 191//249 167//249
f 235//250 206//250 175//250
f 207//251 150//251 218//251
f 170//252 181//252 144//252
f 225//253 205//253 178//253
f 187//254 126//254 168//254
f 236//97 176//97 205//97
f 203//4 237//4 218//4
f 237//255 208//255 218//255
f 208//256 207//256 218//256
f 238//4 203//4 224//4
f 210//257 238//257 224//257
f 212//258 238//258 210//258
f 239//259 228//259 200//259
f 240//260 204//260 198//260
f 241//97 127//97 126//97
f 187//261 241//261 126//261
f 242//262 239//262 200//262
f 206//263 242//263 200//263
f 243//264 235//264 175//264
f 177//265 243//265 175//265
f 230//266 244//266 180//266
f 173//267 230//267 180//267
f 245//268 198//268 180//268
f 244//269 245//269 180//269
f 246//270 183//270 181//270
f 170//271 246//271 181//271
f 247//272 185//272 184//272
f 247//4 217//4 185//4
f 248//270 249//270 183//270
f 249//270 184//270 183//270
f 246//270 248//270 183//270
f 249//273 247//273 184//273
f 211//274 238//274 212//274
f 245//275 240//275 198//275
f 196//276 250//276 233//276
f 191//277 197//277 167//277
f 196//278 214//278 233//278
f 196//279 213//279 214//279
f 120//97 251//97 186//97
f 251//280 190//280 186//280
f 188//281 241//281 187//281
f 240//282 225//282 204//282
f 225//97 236//97 205//97
f 240//283 252//283 225//283
f 253//284 242//284 206//284
f 189//285 190//285 251//285
f 235//286 253//286 206//286
f 251//97 127//97 241//97
f 188//287 251//287 241//287
f 189//288 251//288 188//288
f 120//97 127//97 251//97
f 194//289 195//289 192//289
f 193//289 195//289 194//289
f 254//4 255//4 195//4
f 193//4 254//4 195//4
f 255//4 196//4 195//4
f 256//4 257//4 193//4
f 197//4 256//4 193//4
f 257//4 254//4 193//4
f 209//4 258//4 232//4
f 252//97 236//97 225//97
f 243//97 253//97 235//97
f 259//290 208//290 237//290
f 238//4 260//4 203//4
f 261//4 262//4 203//4
f 262//4 237//4 203//4
f 263//4 261//4 203//4
f 260//4 263//4 203//4
f 211//291 260//291 238//291
f 259//97 209//97 208//97
f 264//292 197//292 191//292
f 265//293 196//293 250//293
f 234//294 264//294 191//294
f 265//295 213//295 196//295
f 215//296 197//296 234//296
f 197//297 264//297 234//297
f 266//298 197//298 215//298
f 223//299 266//299 215//299
f 227//300 246//300 170//300
f 231//301 267//301 226//301
f 267//301 229//301 226//301
f 268//302 227//302 228//302
f 269//4 268//4 228//4
f 239//303 270//303 228//303
f 270//304 269//304 228//304
f 267//301 271//301 229//301
f 272//305 230//305 229//305
f 271//306 272//306 229//306
f 273//301 267//301 231//301
f 232//307 273//307 231//307
f 258//4 274//4 232//4
f 274//308 273//308 232//308
f 244//309 275//309 245//309
f 275//310 240//310 245//310
f 276//311 270//311 239//311
f 242//312 276//312 239//312
f 247//4 277//4 217//4
f 277//313 219//313 217//313
f 275//314 278//314 240//314
f 278//315 252//315 240//315
f 279//316 276//316 242//316
f 196//317 255//317 250//317
f 280//318 197//318 264//318
f 280//319 256//319 197//319
f 253//320 279//320 242//320
f 255//321 265//321 250//321
f 255//322 213//322 265//322
f 266//323 281//323 197//323
f 281//324 280//324 197//324
f 282//97 236//97 252//97
f 282//97 176//97 236//97
f 283//97 131//97 176//97
f 282//97 283//97 176//97
f 284//97 120//97 131//97
f 285//97 284//97 131//97
f 286//97 287//97 131//97
f 287//97 285//97 131//97
f 283//97 286//97 131//97
f 288//97 127//97 120//97
f 289//97 288//97 120//97
f 284//97 289//97 120//97
f 288//97 290//97 127//97
f 290//97 291//97 127//97
f 291//97 177//97 127//97
f 291//97 292//97 177//97
f 292//97 293//97 177//97
f 293//97 294//97 177//97
f 294//97 243//97 177//97
f 295//97 296//97 243//97
f 297//97 295//97 243//97
f 294//97 297//97 243//97
f 296//97 298//97 243//97
f 298//97 299//97 243//97
f 299//97 253//97 243//97
f 262//325 259//325 237//325
f 272//326 244//326 230//326
f 261//327 300//327 262//327
f 300//328 259//328 262//328
f 300//4 209//4 259//4
f 213//4 301//4 211//4
f 301//329 260//329 211//329
f 272//4 302//4 244//4
f 302//330 303//330 244//330
f 303//331 275//331 244//331
f 304//332 248//332 246//332
f 227//97 304//97 246//97
f 277//333 247//333 249//333
f 305//334 306//334 248//334
f 306//334 249//334 248//334
f 304//335 305//335 248//335
f 306//336 277//336 249//336
f 278//337 282//337 252//337
f 299//97 307//97 253//97
f 307//97 279//97 253//97
f 255//338 308//338 250//338
f 308//339 309//339 250//339
f 309//340 255//340 250//340
f 309//341 213//341 255//341
f 266//4 310//4 281//4
f 310//342 280//342 281//342
f 276//343 311//343 270//343
f 289//344 312//344 288//344
f 313//345 288//345 312//345
f 314//346 300//346 261//346
f 301//347 263//347 260//347
f 314//4 209//4 300//4
f 213//4 315//4 301//4
f 315//348 263//348 301//348
f 312//349 316//349 288//349
f 317//350 312//350 288//350
f 318//351 317//351 288//351
f 316//352 318//352 288//352
f 317//353 313//353 312//353
f 303//354 278//354 275//354
f 319//355 312//355 289//355
f 313//356 290//356 288//356
f 320//357 311//357 276//357
f 319//358 289//358 316//358
f 312//359 319//359 316//359
f 321//97 318//97 316//97
f 289//360 321//360 316//360
f 255//361 254//361 308//361
f 322//362 256//362 280//362
f 322//363 257//363 256//363
f 323//364 257//364 266//364
f 257//365 310//365 266//365
f 223//366 323//366 266//366
f 324//367 219//367 277//367
f 222//4 325//4 223//4
f 325//4 326//4 223//4
f 326//4 327//4 223//4
f 327//368 323//368 223//368
f 328//4 329//4 219//4
f 329//4 330//4 219//4
f 330//4 221//4 219//4
f 324//369 328//369 219//369
f 310//370 322//370 280//370
f 268//371 304//371 227//371
f 331//372 332//372 333//372
f 332//373 334//373 333//373
f 335//374 336//374 334//374
f 336//375 334//375 333//375
f 213//4 337//4 315//4
f 337//376 263//376 315//376
f 303//377 338//377 278//377
f 279//378 320//378 276//378
f 284//379 319//379 289//379
f 339//380 290//380 313//380
f 284//381 321//381 289//381
f 340//382 313//382 317//382
f 318//97 340//97 317//97
f 340//383 339//383 313//383
f 335//384 341//384 336//384
f 273//385 342//385 267//385
f 342//385 271//385 267//385
f 343//4 268//4 269//4
f 344//4 343//4 269//4
f 311//386 344//386 269//386
f 270//387 311//387 269//387
f 342//385 345//385 271//385
f 346//388 272//388 271//388
f 345//389 346//389 271//389
f 347//385 342//385 273//385
f 274//390 347//390 273//390
f 258//4 348//4 274//4
f 348//391 347//391 274//391
f 349//4 324//4 277//4
f 306//392 349//392 277//392
f 254//393 350//393 308//393
f 263//394 337//394 261//394
f 337//395 314//395 261//395
f 213//4 209//4 314//4
f 337//4 213//4 314//4
f 254//396 309//396 308//396
f 254//397 213//397 309//397
f 257//398 322//398 310//398
f 351//399 320//399 279//399
f 304//400 352//400 305//400
f 352//400 353//400 305//400
f 353//400 306//400 305//400
f 353//401 349//401 306//401
f 354//402 332//402 331//402
f 355//403 341//403 335//403
f 339//404 291//404 290//404
f 291//405 339//405 340//405
f 318//406 291//406 340//406
f 254//407 322//407 350//407
f 322//408 254//408 257//408
f 322//409 356//409 350//409
f 356//410 254//410 350//410
f 356//411 213//411 254//411
f 323//412 356//412 257//412
f 356//413 322//413 257//413
f 323//4 213//4 356//4
f 338//414 282//414 278//414
f 307//97 351//97 279//97
f 357//415 332//415 354//415
f 358//416 355//416 341//416
f 346//4 302//4 272//4
f 359//417 319//417 284//417
f 285//418 359//418 284//418
f 360//419 291//419 339//419
f 359//420 361//420 284//420
f 361//421 321//421 284//421
f 362//422 339//422 291//422
f 318//423 362//423 291//423
f 362//424 360//424 339//424
f 363//425 344//425 311//425
f 364//426 365//426 366//426
f 358//427 367//427 355//427
f 346//4 368//4 302//4
f 368//428 369//428 302//428
f 369//429 303//429 302//429
f 370//430 352//430 304//430
f 268//431 370//431 304//431
f 352//430 371//430 353//430
f 371//432 372//432 353//432
f 372//433 349//433 353//433
f 373//430 371//430 352//430
f 370//430 373//430 352//430
f 374//434 375//434 364//434
f 376//435 374//435 364//435
f 377//436 363//436 311//436
f 320//437 377//437 311//437
f 378//438 376//438 366//438
f 376//439 364//439 366//439
f 379//440 374//440 376//440
f 369//441 338//441 303//441
f 360//442 292//442 291//442
f 380//443 292//443 360//443
f 369//444 381//444 338//444
f 359//445 285//445 361//445
f 285//446 321//446 361//446
f 292//447 360//447 362//447
f 318//448 292//448 362//448
f 364//449 382//449 365//449
f 382//450 383//450 365//450
f 375//451 382//451 364//451
f 366//452 365//452 221//452
f 365//453 222//453 221//453
f 384//454 385//454 354//454
f 385//455 357//455 354//455
f 367//456 386//456 358//456
f 387//457 377//457 320//457
f 351//458 387//458 320//458
f 221//459 378//459 366//459
f 375//460 388//460 382//460
f 389//461 328//461 324//461
f 327//462 390//462 323//462
f 258//4 391//4 348//4
f 392//4 391//4 258//4
f 209//4 392//4 258//4
f 393//4 394//4 209//4
f 394//4 395//4 209//4
f 395//4 392//4 209//4
f 396//4 393//4 209//4
f 213//4 396//4 209//4
f 390//4 396//4 213//4
f 323//4 390//4 213//4
f 349//4 389//4 324//4
f 343//463 370//463 268//463
f 365//450 383//450 222//450
f 383//464 325//464 222//464
f 397//4 389//4 349//4
f 372//4 397//4 349//4
f 299//465 398//465 307//465
f 399//466 307//466 398//466
f 400//97 399//97 398//97
f 285//467 401//467 321//467
f 401//468 402//468 321//468
f 402//469 403//469 321//469
f 403//469 318//469 321//469
f 404//470 292//470 318//470
f 403//471 405//471 318//471
f 405//471 404//471 318//471
f 401//468 406//468 402//468
f 406//97 403//97 402//97
f 406//97 407//97 403//97
f 407//97 405//97 403//97
f 381//472 282//472 338//472
f 408//473 398//473 299//473
f 408//97 400//97 398//97
f 376//474 409//474 379//474
f 330//475 378//475 221//475
f 410//476 376//476 378//476
f 375//477 374//477 411//477
f 412//4 413//4 411//4
f 374//478 412//478 411//478
f 379//479 412//479 374//479
f 298//480 408//480 299//480
f 399//481 351//481 307//481
f 400//97 414//97 399//97
f 414//97 415//97 399//97
f 413//4 416//4 411//4
f 416//482 375//482 411//482
f 380//483 293//483 292//483
f 359//484 417//484 285//484
f 417//485 401//485 285//485
f 418//486 380//486 292//486
f 404//487 418//487 292//487
f 419//4 413//4 412//4
f 379//488 419//488 412//488
f 367//489 420//489 386//489
f 330//490 410//490 378//490
f 421//491 351//491 399//491
f 422//492 421//492 399//492
f 415//97 422//97 399//97
f 422//493 423//493 421//493
f 347//494 424//494 342//494
f 424//494 345//494 342//494
f 425//495 343//495 344//495
f 426//496 425//496 344//496
f 363//497 427//497 344//497
f 427//498 426//498 344//498
f 424//494 428//494 345//494
f 429//499 346//499 345//499
f 428//500 429//500 345//500
f 430//494 424//494 347//494
f 348//494 430//494 347//494
f 431//4 432//4 348//4
f 391//4 431//4 348//4
f 432//494 430//494 348//494
f 433//501 409//501 376//501
f 388//502 375//502 416//502
f 410//503 433//503 376//503
f 434//504 408//504 298//504
f 296//505 434//505 298//505
f 421//506 387//506 351//506
f 434//97 400//97 408//97
f 423//507 387//507 421//507
f 409//488 419//488 379//488
f 368//508 435//508 369//508
f 435//509 436//509 369//509
f 437//510 427//510 363//510
f 429//4 368//4 346//4
f 400//511 434//511 296//511
f 377//512 437//512 363//512
f 420//513 438//513 367//513
f 439//514 359//514 285//514
f 287//515 439//515 285//515
f 359//516 439//516 417//516
f 293//517 380//517 418//517
f 404//518 293//518 418//518
f 436//519 381//519 369//519
f 436//520 440//520 381//520
f 441//521 437//521 377//521
f 382//522 442//522 383//522
f 442//522 443//522 383//522
f 444//523 433//523 410//523
f 388//524 442//524 382//524
f 383//525 443//525 325//525
f 443//526 326//526 325//526
f 329//527 410//527 330//527
f 329//527 444//527 410//527
f 387//528 441//528 377//528
f 423//529 445//529 387//529
f 446//530 391//530 447//530
f 448//4 446//4 447//4
f 392//531 447//531 391//531
f 449//532 423//532 422//532
f 415//97 449//97 422//97
f 449//533 450//533 423//533
f 440//534 282//534 381//534
f 445//97 441//97 387//97
f 451//535 391//535 446//535
f 452//4 451//4 446//4
f 448//4 453//4 446//4
f 453//4 452//4 446//4
f 392//536 454//536 447//536
f 454//4 455//4 447//4
f 455//4 448//4 447//4
f 429//4 456//4 368//4
f 456//537 436//537 368//537
f 436//538 435//538 368//538
f 457//539 373//539 370//539
f 343//540 457//540 370//540
f 458//4 397//4 372//4
f 371//541 458//541 372//541
f 373//539 459//539 371//539
f 459//542 458//542 371//542
f 460//539 459//539 373//539
f 457//539 460//539 373//539
f 413//4 461//4 416//4
f 461//543 462//543 416//543
f 462//544 388//544 416//544
f 463//4 461//4 413//4
f 464//4 463//4 413//4
f 419//4 464//4 413//4
f 465//545 466//545 384//545
f 466//546 385//546 384//546
f 388//547 462//547 442//547
f 433//548 467//548 409//548
f 431//549 391//549 451//549
f 395//550 454//550 392//550
f 414//551 400//551 296//551
f 450//552 445//552 423//552
f 468//97 294//97 293//97
f 380//553 468//553 293//553
f 469//554 468//554 380//554
f 439//555 287//555 417//555
f 287//556 401//556 417//556
f 470//557 380//557 293//557
f 404//558 470//558 293//558
f 470//559 469//559 380//559
f 409//560 464//560 419//560
f 467//561 464//561 409//561
f 451//562 471//562 472//562
f 472//563 431//563 451//563
f 452//4 471//4 451//4
f 443//564 473//564 326//564
f 473//4 327//4 326//4
f 474//255 444//255 329//255
f 328//4 474//4 329//4
f 444//565 475//565 433//565
f 433//566 475//566 467//566
f 395//567 455//567 454//567
f 394//568 455//568 395//568
f 425//569 457//569 343//569
f 295//570 414//570 296//570
f 449//571 441//571 445//571
f 450//572 449//572 445//572
f 476//573 438//573 420//573
f 477//574 466//574 465//574
f 443//575 478//575 473//575
f 474//576 479//576 444//576
f 480//577 443//577 442//577
f 444//578 479//578 475//578
f 481//579 464//579 467//579
f 480//577 478//577 443//577
f 462//580 480//580 442//580
f 456//581 482//581 436//581
f 482//582 483//582 436//582
f 484//583 485//583 427//583
f 437//584 484//584 427//584
f 486//585 462//585 461//585
f 474//586 487//586 479//586
f 487//587 488//587 475//587
f 479//588 487//588 475//588
f 488//589 481//589 467//589
f 475//590 488//590 467//590
f 415//591 414//591 295//591
f 439//592 489//592 287//592
f 489//593 401//593 287//593
f 489//97 490//97 401//97
f 490//594 406//594 401//594
f 468//595 470//595 404//595
f 491//596 492//596 404//596
f 492//597 493//597 404//597
f 493//598 468//598 404//598
f 405//211 494//211 404//211
f 494//211 491//211 404//211
f 468//599 469//599 470//599
f 490//594 407//594 406//594
f 407//97 494//97 405//97
f 415//97 495//97 449//97
f 483//600 440//600 436//600
f 496//601 431//601 472//601
f 394//602 448//602 455//602
f 430//603 497//603 424//603
f 497//603 428//603 424//603
f 498//604 425//604 426//604
f 499//4 498//4 426//4
f 427//605 485//605 426//605
f 485//606 499//606 426//606
f 497//603 500//603 428//603
f 501//607 429//607 428//607
f 500//97 501//97 428//97
f 502//603 497//603 430//603
f 432//603 502//603 430//603
f 503//608 484//608 437//608
f 441//609 503//609 437//609
f 481//610 463//610 464//610
f 504//611 463//611 481//611
f 477//612 505//612 465//612
f 476//613 506//613 438//613
f 486//614 480//614 462//614
f 483//615 507//615 440//615
f 463//616 504//616 461//616
f 504//617 486//617 461//617
f 508//4 496//4 472//4
f 509//618 508//618 472//618
f 471//619 509//619 472//619
f 452//4 509//4 471//4
f 507//620 282//620 440//620
f 478//621 510//621 473//621
f 511//622 487//622 474//622
f 328//4 511//4 474//4
f 512//623 415//623 295//623
f 297//97 512//97 295//97
f 449//624 513//624 441//624
f 513//97 503//97 441//97
f 514//625 513//625 449//625
f 495//97 514//97 449//97
f 508//626 515//626 496//626
f 515//627 431//627 496//627
f 394//628 516//628 448//628
f 515//4 432//4 431//4
f 393//4 516//4 394//4
f 501//629 456//629 429//629
f 517//630 478//630 480//630
f 510//631 518//631 473//631
f 519//4 327//4 473//4
f 518//4 519//4 473//4
f 511//632 520//632 487//632
f 510//633 478//633 517//633
f 520//634 521//634 488//634
f 487//635 520//635 488//635
f 517//636 480//636 486//636
f 521//637 504//637 481//637
f 488//638 521//638 481//638
f 477//639 522//639 505//639
f 476//640 523//640 506//640
f 328//4 519//4 511//4
f 524//545 328//545 389//545
f 327//641 525//641 390//641
f 515//4 526//4 432//4
f 526//603 502//603 432//603
f 527//4 516//4 393//4
f 528//4 527//4 393//4
f 529//4 528//4 393//4
f 396//4 529//4 393//4
f 530//4 531//4 396//4
f 531//4 532//4 396//4
f 532//4 533//4 396//4
f 533//4 534//4 396//4
f 534//4 535//4 396//4
f 535//4 536//4 396//4
f 536//4 529//4 396//4
f 390//4 530//4 396//4
f 537//4 530//4 390//4
f 525//4 538//4 390//4
f 538//4 539//4 390//4
f 539//4 537//4 390//4
f 397//4 524//4 389//4
f 540//4 524//4 397//4
f 458//4 540//4 397//4
f 439//642 541//642 489//642
f 493//643 469//643 468//643
f 286//97 542//97 287//97
f 541//644 439//644 287//644
f 542//644 541//644 287//644
f 492//97 294//97 468//97
f 469//645 492//645 468//645
f 504//646 517//646 486//646
f 510//647 520//647 518//647
f 518//648 520//648 511//648
f 519//4 518//4 511//4
f 516//649 453//649 448//649
f 527//650 453//650 516//650
f 521//651 510//651 517//651
f 520//652 510//652 521//652
f 521//653 517//653 504//653
f 543//654 523//654 476//654
f 501//655 544//655 456//655
f 544//656 482//656 456//656
f 545//657 460//657 457//657
f 425//97 545//97 457//97
f 546//4 540//4 458//4
f 459//658 546//658 458//658
f 547//657 548//657 460//657
f 548//657 459//657 460//657
f 545//657 547//657 460//657
f 548//657 546//657 459//657
f 495//659 415//659 512//659
f 549//660 495//660 512//660
f 297//97 549//97 512//97
f 550//97 503//97 513//97
f 509//661 515//661 508//661
f 544//662 551//662 482//662
f 551//663 483//663 482//663
f 552//664 499//664 485//664
f 553//665 552//665 485//665
f 554//666 553//666 485//666
f 484//667 554//667 485//667
f 498//668 545//668 425//668
f 541//669 542//669 489//669
f 542//670 490//670 489//670
f 492//671 469//671 493//671
f 492//672 555//672 469//672
f 551//673 556//673 483//673
f 522//674 557//674 505//674
f 558//675 523//675 543//675
f 514//676 559//676 513//676
f 559//97 550//97 513//97
f 560//677 559//677 514//677
f 495//97 560//97 514//97
f 550//678 554//678 484//678
f 503//679 550//679 484//679
f 561//680 515//680 509//680
f 561//4 526//4 515//4
f 556//681 507//681 483//681
f 562//682 495//682 549//682
f 560//683 563//683 559//683
f 563//97 550//97 559//97
f 562//97 560//97 495//97
f 556//684 282//684 507//684
f 522//685 564//685 557//685
f 558//675 565//675 523//675
f 566//686 561//686 509//686
f 452//4 566//4 509//4
f 527//687 452//687 453//687
f 567//4 526//4 561//4
f 528//4 568//4 527//4
f 568//688 452//688 527//688
f 569//689 562//689 549//689
f 297//97 569//97 549//97
f 570//690 563//690 560//690
f 562//97 570//97 560//97
f 564//691 571//691 557//691
f 572//692 573//692 542//692
f 541//693 572//693 542//693
f 573//694 490//694 542//694
f 574//695 555//695 492//695
f 491//696 574//696 492//696
f 574//97 294//97 492//97
f 565//697 571//697 558//697
f 564//698 575//698 571//698
f 571//699 575//699 565//699
f 570//700 576//700 563//700
f 576//97 550//97 563//97
f 502//701 577//701 497//701
f 577//701 500//701 497//701
f 578//702 498//702 499//702
f 579//703 578//703 499//703
f 553//704 579//704 499//704
f 552//705 553//705 499//705
f 577//701 580//701 500//701
f 581//706 501//706 500//706
f 580//707 581//707 500//707
f 582//701 577//701 502//701
f 526//701 582//701 502//701
f 567//701 582//701 526//701
f 583//4 584//4 525//4
f 584//4 585//4 525//4
f 585//4 538//4 525//4
f 327//708 583//708 525//708
f 540//4 586//4 524//4
f 586//709 328//709 524//709
f 519//710 587//710 327//710
f 587//711 583//711 327//711
f 586//709 519//709 328//709
f 570//712 562//712 569//712
f 576//713 570//713 569//713
f 297//97 576//97 569//97
f 588//714 589//714 490//714
f 589//715 590//715 490//715
f 590//97 491//97 490//97
f 573//716 591//716 490//716
f 591//717 588//717 490//717
f 491//718 407//718 490//718
f 592//719 593//719 491//719
f 593//720 574//720 491//720
f 590//721 594//721 491//721
f 594//722 592//722 491//722
f 494//718 407//718 491//718
f 297//97 550//97 576//97
f 595//4 566//4 452//4
f 596//4 567//4 561//4
f 581//723 544//723 501//723
f 597//724 531//724 530//724
f 598//725 597//725 530//725
f 537//726 598//726 530//726
f 599//727 532//727 531//727
f 597//728 599//728 531//728
f 600//729 598//729 537//729
f 539//730 600//730 537//730
f 601//731 561//731 566//731
f 602//4 603//4 452//4
f 603//4 595//4 452//4
f 601//4 596//4 561//4
f 286//97 573//97 542//97
f 604//732 533//732 532//732
f 599//733 604//733 532//733
f 605//734 600//734 539//734
f 538//735 605//735 539//735
f 606//736 579//736 553//736
f 607//737 606//737 553//737
f 554//738 607//738 553//738
f 608//739 609//739 551//739
f 609//740 556//740 551//740
f 595//741 601//741 566//741
f 568//742 602//742 452//742
f 528//4 610//4 568//4
f 610//743 602//743 568//743
f 611//744 607//744 554//744
f 550//745 611//745 554//745
f 556//746 612//746 282//746
f 612//97 283//97 282//97
f 613//97 614//97 283//97
f 614//97 615//97 283//97
f 615//97 286//97 283//97
f 612//97 613//97 283//97
f 615//97 573//97 286//97
f 615//97 616//97 573//97
f 616//97 591//97 573//97
f 591//747 572//747 573//747
f 593//97 617//97 574//97
f 555//748 593//748 574//748
f 617//97 618//97 574//97
f 618//97 619//97 574//97
f 619//97 620//97 574//97
f 620//97 294//97 574//97
f 620//97 621//97 294//97
f 621//97 622//97 294//97
f 622//97 297//97 294//97
f 622//97 623//97 297//97
f 623//97 550//97 297//97
f 624//4 625//4 626//4
f 627//4 624//4 626//4
f 597//749 627//749 626//749
f 599//750 597//750 626//750
f 625//750 599//750 626//750
f 598//749 627//749 597//749
f 628//751 601//751 595//751
f 628//4 596//4 601//4
f 593//752 629//752 555//752
f 630//4 631//4 625//4
f 624//4 630//4 625//4
f 604//753 599//753 625//753
f 631//753 604//753 625//753
f 632//4 624//4 627//4
f 633//4 632//4 627//4
f 598//754 633//754 627//754
f 600//754 633//754 598//754
f 634//755 612//755 556//755
f 609//756 634//756 556//756
f 623//97 611//97 550//97
f 616//97 635//97 591//97
f 636//757 534//757 533//757
f 604//758 636//758 533//758
f 637//759 605//759 538//759
f 585//759 637//759 538//759
f 581//4 638//4 544//4
f 608//760 551//760 544//760
f 638//761 608//761 544//761
f 639//762 547//762 545//762
f 498//763 639//763 545//763
f 640//4 540//4 546//4
f 548//764 640//764 546//764
f 641//762 642//762 547//762
f 642//762 548//762 547//762
f 639//762 641//762 547//762
f 642//765 640//765 548//765
f 603//766 628//766 595//766
f 610//767 643//767 602//767
f 644//4 596//4 628//4
f 644//4 643//4 610//4
f 528//4 644//4 610//4
f 630//4 645//4 631//4
f 636//768 604//768 631//768
f 645//768 636//768 631//768
f 646//4 632//4 633//4
f 600//769 646//769 633//769
f 605//769 646//769 600//769
f 635//97 647//97 591//97
f 578//770 639//770 498//770
f 643//771 628//771 603//771
f 643//772 603//772 602//772
f 643//4 644//4 628//4
f 540//4 648//4 586//4
f 648//4 587//4 586//4
f 587//773 519//773 586//773
f 649//774 588//774 591//774
f 572//775 649//775 591//775
f 592//776 629//776 593//776
f 594//97 617//97 593//97
f 629//777 594//777 593//777
f 650//4 651//4 645//4
f 630//4 650//4 645//4
f 652//778 636//778 645//778
f 651//778 652//778 645//778
f 653//4 632//4 646//4
f 654//4 653//4 646//4
f 605//779 654//779 646//779
f 652//780 534//780 636//780
f 637//779 654//779 605//779
f 652//781 535//781 534//781
f 655//782 637//782 585//782
f 584//783 655//783 585//783
f 587//4 656//4 583//4
f 656//4 657//4 583//4
f 657//4 584//4 583//4
f 658//784 616//784 615//784
f 649//785 589//785 588//785
f 594//786 629//786 592//786
f 594//787 659//787 629//787
f 647//97 589//97 591//97
f 589//788 649//788 591//788
f 619//789 660//789 620//789
f 661//97 616//97 615//97
f 614//790 662//790 615//790
f 620//791 621//791 663//791
f 619//97 664//97 620//97
f 659//792 590//792 589//792
f 649//793 659//793 589//793
f 590//794 659//794 594//794
f 589//97 617//97 594//97
f 659//795 589//795 594//795
f 650//4 665//4 651//4
f 666//796 652//796 651//796
f 665//796 666//796 651//796
f 667//4 653//4 654//4
f 668//4 667//4 654//4
f 637//488 668//488 654//488
f 666//797 535//797 652//797
f 655//488 668//488 637//488
f 647//97 617//97 589//97
f 614//97 661//97 615//97
f 661//97 635//97 616//97
f 664//97 621//97 620//97
f 582//798 669//798 577//798
f 669//798 580//798 577//798
f 670//799 578//799 579//799
f 671//4 670//4 579//4
f 606//800 672//800 579//800
f 672//801 671//801 579//801
f 669//802 673//802 580//802
f 674//803 581//803 580//803
f 673//97 674//97 580//97
f 675//798 669//798 582//798
f 567//798 675//798 582//798
f 596//804 675//804 567//804
f 666//805 536//805 535//805
f 676//806 655//806 584//806
f 657//807 676//807 584//807
f 618//97 664//97 619//97
f 674//808 638//808 581//808
f 638//809 677//809 608//809
f 677//810 678//810 608//810
f 678//811 609//811 608//811
f 607//812 679//812 606//812
f 679//813 672//813 606//813
f 678//814 680//814 609//814
f 611//815 681//815 607//815
f 681//816 679//816 607//816
f 680//817 634//817 609//817
f 650//4 682//4 665//4
f 683//818 666//818 665//818
f 682//818 683//818 665//818
f 684//4 667//4 668//4
f 655//819 684//819 668//819
f 683//805 536//805 666//805
f 676//819 684//819 655//819
f 680//820 612//820 634//820
f 680//821 685//821 612//821
f 685//97 613//97 612//97
f 686//97 614//97 613//97
f 685//97 686//97 613//97
f 635//97 687//97 647//97
f 687//97 688//97 647//97
f 688//97 689//97 647//97
f 690//97 617//97 647//97
f 689//97 691//97 647//97
f 691//97 690//97 647//97
f 690//97 692//97 617//97
f 692//97 693//97 617//97
f 693//97 694//97 617//97
f 694//97 695//97 617//97
f 695//97 618//97 617//97
f 696//97 622//97 621//97
f 696//97 623//97 622//97
f 696//97 697//97 623//97
f 697//97 681//97 623//97
f 681//97 611//97 623//97
f 698//97 696//97 621//97
f 664//97 698//97 621//97
f 699//97 635//97 661//97
f 700//97 701//97 661//97
f 701//97 699//97 661//97
f 614//97 700//97 661//97
f 702//97 698//97 664//97
f 703//97 702//97 664//97
f 618//97 703//97 664//97
f 698//822 704//822 621//822
f 683//823 529//823 536//823
f 648//4 656//4 587//4
f 705//97 706//97 707//97
f 706//824 690//824 707//824
f 708//4 709//4 710//4
f 709//825 630//825 710//825
f 630//825 624//825 710//825
f 711//4 712//4 682//4
f 650//4 711//4 682//4
f 713//826 683//826 682//826
f 712//826 713//826 682//826
f 714//4 667//4 684//4
f 676//827 714//827 684//827
f 713//828 529//828 683//828
f 715//827 714//827 676//827
f 657//829 715//829 676//829
f 700//830 716//830 614//830
f 686//97 700//97 614//97
f 691//831 707//831 690//831
f 706//832 692//832 690//832
f 717//4 708//4 710//4
f 624//832 717//832 710//832
f 632//832 717//832 624//832
f 674//833 718//833 638//833
f 718//834 677//834 638//834
f 719//835 641//835 639//835
f 578//836 719//836 639//836
f 720//835 721//835 641//835
f 721//835 642//835 641//835
f 719//835 720//835 641//835
f 722//837 640//837 642//837
f 721//835 722//835 642//835
f 699//838 723//838 635//838
f 724//839 707//839 691//839
f 689//675 724//675 691//675
f 706//840 693//840 692//840
f 724//97 705//97 707//97
f 708//4 725//4 709//4
f 725//675 650//675 709//675
f 650//675 630//675 709//675
f 670//841 719//841 578//841
f 644//4 726//4 596//4
f 726//842 675//842 596//842
f 727//4 726//4 644//4
f 728//4 727//4 644//4
f 528//4 728//4 644//4
f 729//4 728//4 528//4
f 529//4 729//4 528//4
f 656//4 730//4 657//4
f 730//843 715//843 657//843
f 731//4 730//4 656//4
f 648//4 732//4 656//4
f 732//4 733//4 656//4
f 733//4 731//4 656//4
f 734//4 735//4 648//4
f 540//97 736//97 648//97
f 736//4 734//4 648//4
f 735//4 732//4 648//4
f 722//4 737//4 640//4
f 737//4 738//4 640//4
f 738//4 540//4 640//4
f 699//97 687//97 635//97
f 705//97 739//97 706//97
f 739//844 693//844 706//844
f 740//4 708//4 717//4
f 632//840 740//840 717//840
f 653//840 740//840 632//840
f 695//97 703//97 618//97
f 540//845 741//845 736//845
f 742//4 743//4 741//4
f 743//846 734//846 741//846
f 734//847 736//847 741//847
f 744//4 742//4 741//4
f 540//848 744//848 741//848
f 702//97 696//97 698//97
f 745//4 742//4 744//4
f 540//849 745//849 744//849
f 746//850 724//850 689//850
f 739//851 694//851 693//851
f 746//97 705//97 724//97
f 667//852 740//852 653//852
f 713//853 729//853 529//853
f 747//854 715//854 730//854
f 731//855 747//855 730//855
f 699//4 701//4 700//4
f 735//856 734//856 743//856
f 718//857 748//857 677//857
f 748//858 678//858 677//858
f 679//859 749//859 672//859
f 749//860 750//860 672//860
f 751//861 680//861 678//861
f 748//862 751//862 678//862
f 686//97 701//97 700//97
f 701//97 687//97 699//97
f 681//863 752//863 679//863
f 752//864 749//864 679//864
f 711//4 753//4 712//4
f 754//865 713//865 712//865
f 753//865 754//865 712//865
f 755//4 667//4 714//4
f 756//4 755//4 714//4
f 715//866 756//866 714//866
f 754//867 729//867 713//867
f 747//866 756//866 715//866
f 695//97 702//97 703//97
f 695//97 696//97 702//97
f 688//850 746//850 689//850
f 708//4 757//4 725//4
f 757//818 711//818 725//818
f 711//818 650//818 725//818
f 667//852 708//852 740//852
f 742//4 758//4 743//4
f 758//868 735//868 743//868
f 759//4 742//4 745//4
f 540//869 759//869 745//869
f 738//870 759//870 540//870
f 687//871 746//871 688//871
f 705//97 760//97 739//97
f 760//872 694//872 739//872
f 719//4 670//4 671//4
f 672//873 719//873 671//873
f 669//874 718//874 673//874
f 761//97 674//97 673//97
f 718//875 761//875 673//875
f 675//876 762//876 669//876
f 762//877 718//877 669//877
f 763//876 762//876 675//876
f 726//878 763//878 675//878
f 750//879 719//879 672//879
f 761//880 764//880 674//880
f 764//881 718//881 674//881
f 765//882 735//882 758//882
f 738//883 737//883 759//883
f 765//4 732//4 735//4
f 751//884 685//884 680//884
f 766//97 767//97 685//97
f 767//97 768//97 685//97
f 768//97 769//97 685//97
f 770//97 766//97 685//97
f 771//885 770//885 685//885
f 751//886 771//886 685//886
f 769//97 686//97 685//97
f 769//97 772//97 686//97
f 772//97 701//97 686//97
f 773//97 687//97 701//97
f 772//97 773//97 701//97
f 773//97 774//97 687//97
f 774//97 775//97 687//97
f 775//97 776//97 687//97
f 776//97 777//97 687//97
f 778//97 779//97 694//97
f 779//97 695//97 694//97
f 780//4 778//4 694//4
f 781//97 782//97 695//97
f 779//97 781//97 695//97
f 782//97 783//97 695//97
f 783//97 696//97 695//97
f 784//97 785//97 696//97
f 783//97 784//97 696//97
f 785//97 697//97 696//97
f 785//97 786//97 697//97
f 786//97 787//97 697//97
f 787//97 788//97 697//97
f 789//97 752//97 697//97
f 790//97 789//97 697//97
f 788//97 790//97 697//97
f 752//97 681//97 697//97
f 791//887 747//887 731//887
f 733//4 791//4 731//4
f 792//4 793//4 753//4
f 711//4 792//4 753//4
f 794//888 754//888 753//888
f 793//888 794//888 753//888
f 795//889 796//889 756//889
f 796//890 755//890 756//890
f 747//891 795//891 756//891
f 794//892 729//892 754//892
f 797//891 795//891 747//891
f 791//893 797//893 747//893
f 798//894 746//894 687//894
f 798//97 705//97 746//97
f 708//4 799//4 757//4
f 799//895 711//895 757//895
f 800//4 799//4 708//4
f 667//896 800//896 708//896
f 755//896 800//896 667//896
f 794//897 801//897 729//897
f 802//898 803//898 726//898
f 804//899 805//899 726//899
f 803//900 804//900 726//900
f 727//901 802//901 726//901
f 805//641 763//641 726//641
f 806//902 807//902 727//902
f 807//903 802//903 727//903
f 808//904 806//904 727//904
f 809//905 808//905 727//905
f 728//906 809//906 727//906
f 810//907 809//907 728//907
f 811//908 810//908 728//908
f 812//909 811//909 728//909
f 729//4 812//4 728//4
f 801//4 813//4 729//4
f 813//4 812//4 729//4
f 814//910 815//910 733//910
f 732//906 816//906 733//906
f 816//911 814//911 733//911
f 817//4 791//4 733//4
f 815//912 818//912 733//912
f 818//4 819//4 733//4
f 819//4 817//4 733//4
f 765//4 820//4 732//4
f 820//913 816//913 732//913
f 760//914 780//914 694//914
f 821//895 711//895 799//895
f 821//4 792//4 711//4
f 822//915 773//915 772//915
f 823//916 822//916 772//916
f 824//917 784//917 783//917
f 823//918 772//918 825//918
f 822//919 823//919 825//919
f 826//97 827//97 825//97
f 772//920 826//920 825//920
f 824//921 783//921 828//921
f 784//922 824//922 828//922
f 829//923 784//923 828//923
f 830//97 829//97 828//97
f 783//924 830//924 828//924
f 831//925 824//925 783//925
f 832//926 773//926 822//926
f 833//927 784//927 824//927
f 823//928 834//928 772//928
f 834//929 826//929 772//929
f 773//930 822//930 825//930
f 827//931 773//931 825//931
f 831//932 835//932 783//932
f 835//933 830//933 783//933
f 785//934 824//934 784//934
f 829//935 785//935 784//935
f 785//936 833//936 824//936
f 769//937 823//937 772//937
f 782//938 831//938 783//938
f 833//939 785//939 784//939
f 823//940 769//940 834//940
f 769//941 826//941 834//941
f 836//942 832//942 773//942
f 827//943 836//943 773//943
f 719//4 837//4 670//4
f 837//4 838//4 670//4
f 839//944 751//944 748//944
f 839//945 771//945 751//945
f 789//946 749//946 752//946
f 789//947 840//947 749//947
f 840//948 750//948 749//948
f 840//949 841//949 750//949
f 718//950 839//950 748//950
f 837//951 719//951 750//951
f 841//952 837//952 750//952
f 842//97 843//97 705//97
f 843//97 760//97 705//97
f 844//97 842//97 705//97
f 845//97 844//97 705//97
f 846//97 847//97 705//97
f 847//97 845//97 705//97
f 848//97 846//97 705//97
f 798//97 849//97 705//97
f 849//97 848//97 705//97
f 764//953 839//953 718//953
f 850//954 796//954 795//954
f 797//955 850//955 795//955
f 851//955 850//955 797//955
f 843//956 780//956 760//956
f 722//4 852//4 737//4
f 852//957 759//957 737//957
f 838//958 853//958 670//958
f 853//959 719//959 670//959
f 853//960 720//960 719//960
f 800//961 755//961 799//961
f 755//962 854//962 799//962
f 854//718 821//718 799//718
f 855//4 856//4 742//4
f 856//4 758//4 742//4
f 857//4 855//4 742//4
f 858//4 857//4 742//4
f 859//4 858//4 742//4
f 759//4 860//4 742//4
f 860//4 859//4 742//4
f 861//4 862//4 792//4
f 862//4 863//4 792//4
f 863//4 864//4 792//4
f 864//4 793//4 792//4
f 865//963 866//963 821//963
f 866//964 792//964 821//964
f 854//965 865//965 821//965
f 796//966 867//966 755//966
f 867//967 854//967 755//967
f 850//968 868//968 796//968
f 868//969 869//969 796//969
f 869//970 870//970 796//970
f 870//971 871//971 796//971
f 866//972 872//972 792//972
f 872//973 861//973 792//973
f 871//974 867//974 796//974
f 873//975 872//975 866//975
f 871//976 874//976 867//976
f 865//977 875//977 866//977
f 875//978 873//978 866//978
f 876//979 854//979 867//979
f 874//980 876//980 867//980
f 877//981 875//981 865//981
f 876//982 878//982 854//982
f 854//983 877//983 865//983
f 878//984 877//984 854//984
f 791//985 851//985 797//985
f 817//986 851//986 791//986
f 879//4 852//4 722//4
f 721//960 879//960 722//960
f 856//987 820//987 758//987
f 820//988 765//988 758//988
f 880//989 794//989 793//989
f 864//989 880//989 793//989
f 880//990 813//990 794//990
f 813//991 801//991 794//991
f 762//992 881//992 718//992
f 882//993 761//993 718//993
f 881//994 882//994 718//994
f 720//960 883//960 721//960
f 883//960 879//960 721//960
f 884//960 883//960 720//960
f 853//960 884//960 720//960
f 777//97 885//97 687//97
f 885//995 798//995 687//995
f 886//996 823//996 769//996
f 832//997 774//997 773//997
f 887//998 831//998 782//998
f 833//999 786//999 785//999
f 888//1000 774//1000 832//1000
f 889//1001 786//1001 833//1001
f 886//1002 890//1002 769//1002
f 890//1003 826//1003 769//1003
f 774//1004 832//1004 836//1004
f 827//1005 774//1005 836//1005
f 887//1006 782//1006 835//1006
f 831//1007 887//1007 835//1007
f 782//1008 830//1008 835//1008
f 829//1009 786//1009 785//1009
f 855//1010 820//1010 856//1010
f 852//1011 860//1011 759//1011
f 849//1012 798//1012 885//1012
f 891//97 778//97 780//97
f 843//1013 891//1013 780//1013
f 842//1014 891//1014 843//1014
f 804//1015 803//1015 802//1015
f 892//1016 886//1016 769//1016
f 768//1017 892//1017 769//1017
f 852//1018 859//1018 860//1018
f 886//1019 892//1019 890//1019
f 893//1020 888//1020 774//1020
f 827//1021 893//1021 774//1021
f 887//1022 894//1022 782//1022
f 894//1023 830//1023 782//1023
f 895//1024 889//1024 786//1024
f 829//1025 895//1025 786//1025
f 806//1026 802//1026 807//1026
f 777//97 896//97 885//97
f 896//1027 849//1027 885//1027
f 896//1027 848//1027 849//1027
f 897//1028 880//1028 864//1028
f 863//1028 897//1028 864//1028
f 851//1029 868//1029 850//1029
f 897//1030 898//1030 880//1030
f 898//1031 813//1031 880//1031
f 899//1029 868//1029 851//1029
f 817//1032 899//1032 851//1032
f 819//1033 899//1033 817//1033
f 898//4 812//4 813//4
f 900//1034 820//1034 855//1034
f 900//1035 816//1035 820//1035
f 879//4 901//4 852//4
f 901//1036 859//1036 852//1036
f 902//1037 761//1037 903//1037
f 904//1038 902//1038 903//1038
f 905//1039 904//1039 903//1039
f 761//1040 905//1040 903//1040
f 906//1041 804//1041 802//1041
f 907//1042 805//1042 804//1042
f 908//1043 907//1043 804//1043
f 807//1044 906//1044 802//1044
f 902//1045 909//1045 761//1045
f 909//1046 910//1046 761//1046
f 910//1047 911//1047 761//1047
f 911//1048 764//1048 761//1048
f 912//4 838//4 837//4
f 841//1049 913//1049 837//1049
f 913//1050 912//1050 837//1050
f 914//1051 915//1051 881//1051
f 762//1051 914//1051 881//1051
f 915//97 910//97 881//97
f 910//97 882//97 881//97
f 914//1051 762//1051 763//1051
f 916//1051 914//1051 763//1051
f 805//1051 916//1051 763//1051
f 907//1052 908//1052 805//1052
f 908//1053 917//1053 805//1053
f 917//4 918//4 805//4
f 918//1051 916//1051 805//1051
f 905//1054 919//1054 904//1054
f 806//1055 906//1055 807//1055
f 888//442 775//442 774//442
f 781//1056 887//1056 782//1056
f 889//1057 787//1057 786//1057
f 920//1058 787//1058 889//1058
f 844//1059 891//1059 842//1059
f 892//1060 768//1060 890//1060
f 921//97 826//97 890//97
f 768//1061 921//1061 890//1061
f 887//1062 781//1062 894//1062
f 922//97 830//97 894//97
f 781//1063 922//1063 894//1063
f 895//1064 920//1064 889//1064
f 919//1065 902//1065 904//1065
f 857//1066 900//1066 855//1066
f 879//4 923//4 901//4
f 923//1067 859//1067 901//1067
f 882//1068 905//1068 761//1068
f 906//1069 908//1069 804//1069
f 923//1070 858//1070 859//1070
f 924//1071 816//1071 900//1071
f 879//4 925//4 923//4
f 926//97 778//97 891//97
f 844//1072 926//1072 891//1072
f 927//1073 770//1073 771//1073
f 909//1074 902//1074 919//1074
f 790//1075 840//1075 789//1075
f 928//1076 897//1076 863//1076
f 862//1077 928//1077 863//1077
f 899//1078 869//1078 868//1078
f 928//1079 929//1079 897//1079
f 929//1080 898//1080 897//1080
f 930//1078 869//1078 899//1078
f 819//1081 930//1081 899//1081
f 790//1082 931//1082 840//1082
f 921//468 932//468 826//468
f 932//469 933//469 826//469
f 933//469 827//469 826//469
f 934//97 893//97 827//97
f 933//471 935//471 827//471
f 935//471 934//471 827//471
f 922//468 936//468 830//468
f 936//469 937//469 830//469
f 937//469 829//469 830//469
f 938//97 895//97 829//97
f 937//471 939//471 829//471
f 939//471 938//471 829//471
f 921//468 940//468 932//468
f 940//97 941//97 932//97
f 941//97 942//97 932//97
f 942//97 933//97 932//97
f 942//97 935//97 933//97
f 922//468 943//468 936//468
f 943//97 937//97 936//97
f 944//97 939//97 937//97
f 943//97 944//97 937//97
f 839//1083 927//1083 771//1083
f 945//1084 927//1084 839//1084
f 931//1085 841//1085 840//1085
f 931//1086 913//1086 841//1086
f 946//1087 900//1087 857//1087
f 946//4 924//4 900//4
f 947//1088 905//1088 882//1088
f 948//1089 919//1089 905//1089
f 947//1090 948//1090 905//1090
f 906//1091 917//1091 908//1091
f 948//1092 909//1092 919//1092
f 949//1093 892//1093 768//1093
f 767//1093 949//1093 768//1093
f 888//1094 776//1094 775//1094
f 950//1095 776//1095 888//1095
f 781//1096 951//1096 887//1096
f 952//1097 930//1097 819//1097
f 929//4 812//4 898//4
f 818//4 952//4 819//4
f 925//1098 953//1098 923//1098
f 949//1099 954//1099 768//1099
f 954//1100 921//1100 768//1100
f 955//1101 888//1101 893//1101
f 934//97 955//97 893//97
f 787//1102 920//1102 895//1102
f 938//1103 787//1103 895//1103
f 955//1104 950//1104 888//1104
f 777//97 956//97 896//97
f 846//1105 848//1105 896//1105
f 956//1105 846//1105 896//1105
f 845//1106 926//1106 844//1106
f 957//1107 924//1107 946//1107
f 953//1108 958//1108 923//1108
f 958//1109 858//1109 923//1109
f 958//1110 946//1110 857//1110
f 958//1111 857//1111 858//1111
f 958//1112 957//1112 946//1112
f 779//1113 951//1113 781//1113
f 959//1114 957//1114 958//1114
f 953//1115 959//1115 958//1115
f 948//1116 960//1116 909//1116
f 777//97 961//97 956//97
f 961//1117 846//1117 956//1117
f 962//97 778//97 926//97
f 845//1118 962//1118 926//1118
f 963//4 917//4 906//4
f 964//4 963//4 906//4
f 965//1119 964//1119 906//1119
f 966//1120 965//1120 906//1120
f 806//1121 966//1121 906//1121
f 808//1122 967//1122 806//1122
f 910//1123 947//1123 882//1123
f 968//1124 910//1124 909//1124
f 960//1125 968//1125 909//1125
f 912//4 969//4 838//4
f 969//1126 970//1126 838//1126
f 970//1127 853//1127 838//1127
f 847//1117 846//1117 961//1117
f 764//1128 945//1128 839//1128
f 925//1129 879//1129 883//1129
f 911//1130 945//1130 764//1130
f 970//1131 884//1131 853//1131
f 884//1131 971//1131 883//1131
f 971//1131 925//1131 883//1131
f 972//1131 971//1131 884//1131
f 970//1131 972//1131 884//1131
f 967//1132 966//1132 806//1132
f 777//97 778//97 962//97
f 961//97 777//97 962//97
f 845//1133 961//1133 962//1133
f 847//1134 961//1134 845//1134
f 973//1135 928//1135 862//1135
f 861//1135 973//1135 862//1135
f 930//1136 870//1136 869//1136
f 973//1137 974//1137 928//1137
f 974//1138 929//1138 928//1138
f 975//1136 870//1136 930//1136
f 952//1139 975//1139 930//1139
f 976//1140 948//1140 947//1140
f 963//4 918//4 917//4
f 808//1141 966//1141 967//1141
f 920//1142 788//1142 787//1142
f 949//1143 767//1143 954//1143
f 767//1144 921//1144 954//1144
f 776//517 950//517 955//517
f 934//518 776//518 955//518
f 779//1145 922//1145 781//1145
f 977//1146 920//1146 787//1146
f 938//1147 977//1147 787//1147
f 976//1148 960//1148 948//1148
f 960//1149 947//1149 910//1149
f 960//1150 976//1150 947//1150
f 978//1139 975//1139 952//1139
f 974//4 812//4 929//4
f 818//4 978//4 952//4
f 808//1151 979//1151 966//1151
f 979//1152 980//1152 966//1152
f 975//1153 871//1153 870//1153
f 872//1154 981//1154 973//1154
f 861//1155 872//1155 973//1155
f 981//1156 982//1156 973//1156
f 982//1157 974//1157 973//1157
f 983//1153 871//1153 975//1153
f 978//1158 983//1158 975//1158
f 984//1159 963//1159 964//1159
f 966//1160 985//1160 965//1160
f 986//1161 766//1161 770//1161
f 927//1162 986//1162 770//1162
f 788//97 987//97 790//97
f 988//1163 976//1163 947//1163
f 988//1164 947//1164 910//1164
f 915//97 989//97 910//97
f 990//4 918//4 963//4
f 980//1165 985//1165 966//1165
f 976//1166 968//1166 960//1166
f 987//1167 931//1167 790//1167
f 766//1168 949//1168 767//1168
f 950//1169 777//1169 776//1169
f 991//1170 951//1170 779//1170
f 992//1171 777//1171 950//1171
f 993//1172 788//1172 920//1172
f 766//1173 921//1173 767//1173
f 934//1174 777//1174 776//1174
f 991//1175 994//1175 779//1175
f 994//1176 922//1176 779//1176
f 788//1177 920//1177 977//1177
f 938//1178 788//1178 977//1178
f 995//1179 986//1179 927//1179
f 987//1180 996//1180 931//1180
f 989//97 997//97 910//97
f 998//1181 995//1181 927//1181
f 976//1182 910//1182 968//1182
f 945//1183 998//1183 927//1183
f 996//1184 913//1184 931//1184
f 996//1185 999//1185 913//1185
f 911//1186 998//1186 945//1186
f 988//1187 910//1187 976//1187
f 997//1188 1000//1188 910//1188
f 1000//1189 911//1189 910//1189
f 964//4 990//4 963//4
f 980//4 1001//4 985//4
f 1002//1190 983//1190 978//1190
f 982//4 812//4 974//4
f 818//4 1002//4 978//4
f 999//1191 912//1191 913//1191
f 1003//4 969//4 912//4
f 999//1192 1003//1192 912//1192
f 1004//1193 989//1193 915//1193
f 914//1194 1004//1194 915//1194
f 916//1194 1004//1194 914//1194
f 1005//1194 1004//1194 916//1194
f 918//1195 990//1195 916//1195
f 990//1196 1006//1196 916//1196
f 1006//1197 1005//1197 916//1197
f 1001//1198 965//1198 985//1198
f 808//1199 1007//1199 1008//1199
f 1009//1200 816//1200 1010//1200
f 816//1201 924//1201 1010//1201
f 809//1202 1007//1202 808//1202
f 983//1203 874//1203 871//1203
f 872//1204 1011//1204 981//1204
f 1011//1205 1012//1205 981//1205
f 1012//1206 982//1206 981//1206
f 1013//1207 874//1207 983//1207
f 1014//1208 1013//1208 983//1208
f 1002//1209 1014//1209 983//1209
f 1008//1210 979//1210 808//1210
f 809//1211 979//1211 1008//1211
f 1007//1212 809//1212 1008//1212
f 1015//4 979//4 809//4
f 1010//1213 957//1213 816//1213
f 957//4 1016//4 816//4
f 1001//1214 964//1214 965//1214
f 980//1215 979//1215 1008//1215
f 814//1216 816//1216 1009//1216
f 924//1217 1017//1217 1010//1217
f 810//1218 1007//1218 809//1218
f 957//1219 1017//1219 924//1219
f 979//1220 1018//1220 1008//1220
f 816//1221 815//1221 1009//1221
f 1017//1222 957//1222 1010//1222
f 1015//4 1018//4 979//4
f 1019//4 1015//4 809//4
f 1016//4 815//4 816//4
f 1020//4 1016//4 957//4
f 1001//4 990//4 964//4
f 1021//1223 1001//1223 1008//1223
f 1001//1224 980//1224 1008//1224
f 810//1225 1022//1225 1007//1225
f 815//1226 814//1226 1009//1226
f 811//1227 1022//1227 810//1227
f 959//1228 1017//1228 957//1228
f 1018//1229 1021//1229 1008//1229
f 1022//1230 809//1230 1007//1230
f 1022//1231 811//1231 809//1231
f 811//4 1019//4 809//4
f 778//1232 991//1232 779//1232
f 949//1233 1023//1233 766//1233
f 766//1234 1024//1234 921//1234
f 1024//1235 1025//1235 921//1235
f 1025//1236 1026//1236 921//1236
f 1026//594 940//594 921//594
f 1027//97 1028//97 934//97
f 1028//1237 1029//1237 934//1237
f 1029//1238 777//1238 934//1238
f 935//211 942//211 934//211
f 942//211 1027//211 934//211
f 991//1239 778//1239 994//1239
f 778//1240 922//1240 994//1240
f 778//1241 1030//1241 922//1241
f 1030//1242 1031//1242 922//1242
f 1031//1243 1032//1243 922//1243
f 1032//210 943//210 922//210
f 1033//1244 1034//1244 938//1244
f 1034//1245 1035//1245 938//1245
f 1035//1246 788//1246 938//1246
f 939//1247 1036//1247 938//1247
f 1036//1247 1033//1247 938//1247
f 1035//1248 993//1248 788//1248
f 1026//594 941//594 940//594
f 1032//210 944//210 943//210
f 944//97 1036//97 939//97
f 873//1249 1011//1249 872//1249
f 1012//4 812//4 982//4
f 818//4 1014//4 1002//4
f 1013//1250 876//1250 874//1250
f 873//1251 1037//1251 1011//1251
f 1037//1252 1038//1252 1011//1252
f 1038//1253 1012//1253 1011//1253
f 1039//1254 876//1254 1013//1254
f 1014//1255 1039//1255 1013//1255
f 1040//1256 1041//1256 986//1256
f 1042//1257 1040//1257 986//1257
f 1041//1258 766//1258 986//1258
f 1043//97 1025//97 766//97
f 1041//97 1044//97 766//97
f 1044//97 1045//97 766//97
f 1045//97 1043//97 766//97
f 992//1259 1029//1259 777//1259
f 1029//97 1046//97 777//97
f 1046//97 778//97 777//97
f 1046//97 1047//97 778//97
f 1048//97 1049//97 788//97
f 1049//97 1050//97 788//97
f 1051//97 1052//97 788//97
f 1052//97 1048//97 788//97
f 1050//97 987//97 788//97
f 1053//97 1054//97 987//97
f 1050//97 1053//97 987//97
f 1006//1260 1001//1260 1021//1260
f 1055//1261 815//1261 1009//1261
f 1056//4 1057//4 1017//4
f 953//1262 1056//1262 1017//1262
f 959//1263 953//1263 1017//1263
f 1018//1264 1058//1264 1021//1264
f 1059//1265 1055//1265 1009//1265
f 815//1266 1059//1266 1009//1266
f 1057//232 957//232 1017//232
f 1015//4 1058//4 1018//4
f 1016//4 1059//4 815//4
f 1057//232 953//232 957//232
f 953//4 1020//4 957//4
f 875//1267 1037//1267 873//1267
f 1003//4 1060//4 969//4
f 1060//1268 1061//1268 969//1268
f 1061//1269 970//1269 969//1269
f 875//1270 1062//1270 1037//1270
f 1062//1271 1063//1271 1037//1271
f 1063//1272 1038//1272 1037//1272
f 1064//1273 878//1273 1039//1273
f 878//1274 876//1274 1039//1274
f 1014//1275 1065//1275 1039//1275
f 1065//1276 1064//1276 1039//1276
f 877//1270 1062//1270 875//1270
f 1001//4 1066//4 990//4
f 1066//1277 1006//1277 990//1277
f 1006//1278 1066//1278 1001//1278
f 1067//1279 1022//1279 811//1279
f 1068//1280 1067//1280 811//1280
f 812//1281 1068//1281 811//1281
f 1069//1282 1068//1282 812//1282
f 1070//4 1071//4 812//4
f 1071//1283 1072//1283 812//1283
f 1072//1284 1069//1284 812//1284
f 1012//4 1070//4 812//4
f 815//1285 1073//1285 818//1285
f 1073//1286 1059//1286 818//1286
f 1059//1287 1074//1287 818//1287
f 1074//1288 1075//1288 818//1288
f 1075//1289 1076//1289 818//1289
f 1076//4 1077//4 818//4
f 1077//4 1014//4 818//4
f 1055//1290 1073//1290 815//1290
f 925//1291 1078//1291 953//1291
f 1078//1292 1056//1292 953//1292
f 1079//1293 1056//1293 971//1293
f 1056//1294 925//1294 971//1294
f 1000//1295 998//1295 911//1295
f 1061//1296 972//1296 970//1296
f 1056//1297 1078//1297 925//1297
f 972//1296 1080//1296 971//1296
f 1080//1298 1079//1298 971//1298
f 1081//1296 1080//1296 972//1296
f 1061//1296 1081//1296 972//1296
f 1038//4 1070//4 1012//4
f 1077//4 1065//4 1014//4
f 1067//1299 1082//1299 1022//1299
f 1059//1300 1073//1300 1055//1300
f 1083//1301 1042//1301 986//1301
f 1084//1302 1083//1302 986//1302
f 1054//97 1085//97 987//97
f 1085//97 1086//97 987//97
f 1068//1303 1082//1303 1067//1303
f 877//1304 1087//1304 1062//1304
f 1087//1305 1088//1305 1062//1305
f 1088//1306 1063//1306 1062//1306
f 1087//1307 878//1307 1064//1307
f 1065//1308 1089//1308 1064//1308
f 1089//1309 1087//1309 1064//1309
f 1090//4 1006//4 1021//4
f 1058//1310 1090//1310 1021//1310
f 1082//1311 811//1311 1022//1311
f 1082//1312 1068//1312 811//1312
f 1068//4 1019//4 811//4
f 878//1304 1087//1304 877//1304
f 1089//1313 1088//1313 1087//1313
f 1023//1314 1024//1314 766//1314
f 1091//1315 1030//1315 778//1315
f 991//1316 1091//1316 778//1316
f 1034//1317 993//1317 1035//1317
f 1029//1318 1092//1318 992//1318
f 1034//1319 1093//1319 993//1319
f 1025//1320 1023//1320 766//1320
f 1047//97 1031//97 778//97
f 1031//1321 1091//1321 778//1321
f 1034//97 1051//97 788//97
f 993//1322 1034//1322 788//1322
f 1086//1323 996//1323 987//1323
f 995//1324 1084//1324 986//1324
f 1086//1325 1094//1325 996//1325
f 998//1326 1084//1326 995//1326
f 1095//1327 1084//1327 998//1327
f 1094//1328 999//1328 996//1328
f 1096//1329 1097//1329 999//1329
f 1094//1330 1096//1330 999//1330
f 1000//1331 1095//1331 998//1331
f 1097//1332 1003//1332 999//1332
f 1063//4 1070//4 1038//4
f 1077//4 1089//4 1065//4
f 1098//1333 1074//1333 1055//1333
f 1074//1334 1059//1334 1055//1334
f 1069//1335 1082//1335 1068//1335
f 1075//1336 1098//1336 1055//1336
f 1059//1337 1075//1337 1055//1337
f 1056//4 1079//4 1057//4
f 1079//88 953//88 1057//88
f 1016//4 1075//4 1059//4
f 1079//88 1099//88 953//88
f 1099//4 1020//4 953//4
f 1088//4 1070//4 1063//4
f 1077//4 1088//4 1089//4
f 1077//4 1070//4 1088//4
f 1100//1338 1025//1338 1024//1338
f 1023//1339 1100//1339 1024//1339
f 1028//1340 1092//1340 1029//1340
f 1091//1341 1031//1341 1030//1341
f 1101//1340 1093//1340 1034//1340
f 1033//1342 1101//1342 1034//1342
f 1100//1343 1023//1343 1025//1343
f 1102//97 1051//97 1034//97
f 1093//1344 1102//1344 1034//1344
f 1103//1345 1104//1345 997//1345
f 1104//1346 1000//1346 997//1346
f 989//1347 1103//1347 997//1347
f 1096//1348 1003//1348 1097//1348
f 1005//1349 1105//1349 1004//1349
f 1105//1350 989//1350 1004//1350
f 1106//4 1060//4 1003//4
f 1096//1351 1106//1351 1003//1351
f 1105//1352 1107//1352 989//1352
f 1107//1353 1103//1353 989//1353
f 1108//1349 1105//1349 1005//1349
f 1006//1354 1109//1354 1005//1354
f 1109//1355 1108//1355 1005//1355
f 1090//1356 1109//1356 1006//1356
f 1075//1357 1074//1357 1098//1357
f 1058//1358 1110//1358 1090//1358
f 1111//4 1110//4 1058//4
f 1015//4 1111//4 1058//4
f 1082//1359 1072//1359 1068//1359
f 1072//4 1019//4 1068//4
f 1016//4 1112//4 1075//4
f 1113//4 1020//4 1099//4
f 1114//1360 1053//1360 1050//1360
f 1115//1361 1114//1361 1050//1361
f 1116//97 1117//97 1118//97
f 1117//1362 1041//1362 1118//1362
f 1115//97 1119//97 1114//97
f 1019//142 1120//142 1121//142
f 1015//142 1019//142 1121//142
f 1122//468 1015//468 1121//468
f 1120//4 1123//4 1121//4
f 1123//4 1124//4 1121//4
f 1124//4 1122//4 1121//4
f 1125//144 1123//144 1120//144
f 1019//144 1125//144 1120//144
f 1020//1363 1126//1363 1127//1363
f 1016//1363 1020//1363 1127//1363
f 1128//468 1016//468 1127//468
f 1129//4 1128//4 1127//4
f 1126//4 1129//4 1127//4
f 1113//1364 1130//1364 1126//1364
f 1020//1364 1113//1364 1126//1364
f 1131//4 1129//4 1126//4
f 1130//4 1131//4 1126//4
f 1122//468 1111//468 1015//468
f 1072//4 1125//4 1019//4
f 1128//468 1112//468 1016//468
f 1116//97 1132//97 1117//97
f 1132//1365 1041//1365 1117//1365
f 1133//1366 1118//1366 1041//1366
f 1040//1367 1133//1367 1041//1367
f 1132//1368 1044//1368 1041//1368
f 1133//97 1116//97 1118//97
f 1119//97 1134//97 1114//97
f 1134//1369 1053//1369 1114//1369
f 1135//97 1042//97 1083//97
f 1084//1370 1135//1370 1083//1370
f 1085//97 1136//97 1086//97
f 1100//1371 1137//1371 1025//1371
f 1137//1372 1026//1372 1025//1372
f 1091//1373 1138//1373 1031//1373
f 1138//1374 1032//1374 1031//1374
f 1102//1375 1093//1375 1101//1375
f 1033//1376 1102//1376 1101//1376
f 1102//1377 1139//1377 1093//1377
f 1140//97 1046//97 1029//97
f 1092//1378 1140//1378 1029//1378
f 1042//1379 1133//1379 1040//1379
f 1132//1380 1045//1380 1044//1380
f 1141//1381 1115//1381 1050//1381
f 1134//1382 1054//1382 1053//1382
f 1141//97 1119//97 1115//97
f 1137//1383 1142//1383 1026//1383
f 1142//1384 1143//1384 1026//1384
f 1143//97 1027//97 1026//97
f 1027//718 941//718 1026//718
f 1144//1385 1140//1385 1027//1385
f 1145//97 1144//97 1027//97
f 1140//1386 1028//1386 1027//1386
f 1143//97 1145//97 1027//97
f 942//718 941//718 1027//718
f 1146//1387 1147//1387 1032//1387
f 1147//1388 1148//1388 1032//1388
f 1148//1389 1149//1389 1032//1389
f 1149//1390 1150//1390 1032//1390
f 1150//1391 1033//1391 1032//1391
f 1138//1392 1146//1392 1032//1392
f 1033//718 944//718 1032//718
f 1150//1393 1151//1393 1033//1393
f 1151//97 1152//97 1033//97
f 1152//1394 1102//1394 1033//1394
f 1036//718 944//718 1033//718
f 1153//1395 1135//1395 1084//1395
f 1136//1396 1094//1396 1086//1396
f 1136//1397 1154//1397 1094//1397
f 1049//1398 1141//1398 1050//1398
f 1134//1399 1085//1399 1054//1399
f 1116//97 1155//97 1132//97
f 1155//1400 1045//1400 1132//1400
f 1069//1401 1156//1401 1082//1401
f 1157//1402 1076//1402 1098//1402
f 1076//1403 1075//1403 1098//1403
f 1072//1404 1156//1404 1069//1404
f 1110//1405 1109//1405 1090//1405
f 1156//1406 1072//1406 1082//1406
f 1075//1407 1157//1407 1098//1407
f 1158//1408 1099//1408 1079//1408
f 1095//1409 1153//1409 1084//1409
f 1154//1410 1096//1410 1094//1410
f 1106//4 1159//4 1060//4
f 1159//1411 1160//1411 1060//1411
f 1160//1412 1061//1412 1060//1412
f 1154//1413 1161//1413 1096//1413
f 1161//1414 1106//1414 1096//1414
f 1162//1415 1133//1415 1042//1415
f 1048//1416 1141//1416 1049//1416
f 1162//97 1116//97 1133//97
f 1119//97 1163//97 1134//97
f 1163//1417 1085//1417 1134//1417
f 1140//1418 1092//1418 1028//1418
f 1164//1419 1146//1419 1138//1419
f 1091//1420 1164//1420 1138//1420
f 1152//1421 1139//1421 1102//1421
f 1140//1422 1165//1422 1092//1422
f 1043//97 1166//97 1025//97
f 1166//1423 1100//1423 1025//1423
f 1047//97 1146//97 1031//97
f 1164//1424 1091//1424 1031//1424
f 1146//1425 1164//1425 1031//1425
f 1000//1426 1153//1426 1095//1426
f 1167//1427 1158//1427 1080//1427
f 1158//1428 1079//1428 1080//1428
f 1104//1429 1153//1429 1000//1429
f 1160//1430 1081//1430 1061//1430
f 1081//1430 1168//1430 1080//1430
f 1168//1430 1167//1430 1080//1430
f 1169//1430 1168//1430 1081//1430
f 1160//1430 1169//1430 1081//1430
f 1119//97 1170//97 1163//97
f 1170//1431 1085//1431 1163//1431
f 1071//1432 1156//1432 1072//1432
f 1075//1433 1171//1433 1157//1433
f 1172//1434 1099//1434 1158//1434
f 1112//4 1171//4 1075//4
f 1172//4 1113//4 1099//4
f 1173//1435 1142//1435 1137//1435
f 1100//1436 1173//1436 1137//1436
f 1144//1437 1165//1437 1140//1437
f 1174//1438 1147//1438 1146//1438
f 1164//1439 1174//1439 1146//1439
f 1144//1440 1175//1440 1165//1440
f 1116//97 1176//97 1155//97
f 1176//1441 1045//1441 1155//1441
f 1173//1442 1100//1442 1166//1442
f 1177//97 1046//97 1140//97
f 1165//1443 1177//1443 1140//1443
f 1047//97 1148//97 1146//97
f 1148//1444 1174//1444 1146//1444
f 1178//97 1051//97 1102//97
f 1139//1445 1178//1445 1102//1445
f 1175//1446 1177//1446 1165//1446
f 1179//4 1180//4 1103//4
f 1180//4 1104//4 1103//4
f 1107//1447 1179//1447 1103//1447
f 1181//97 1182//97 1135//97
f 1182//97 1042//97 1135//97
f 1183//97 1184//97 1136//97
f 1085//97 1183//97 1136//97
f 1182//1448 1162//1448 1042//1448
f 1176//1449 1043//1449 1045//1449
f 1185//1450 1141//1450 1048//1450
f 1052//1451 1185//1451 1048//1451
f 1185//97 1119//97 1141//97
f 1186//1452 1187//1452 1188//1452
f 1184//1453 1189//1453 1136//1453
f 1190//1454 1191//1454 1192//1454
f 1186//1455 1193//1455 1187//1455
f 1145//1456 1175//1456 1144//1456
f 1174//1457 1148//1457 1147//1457
f 1151//1458 1139//1458 1152//1458
f 1151//1459 1194//1459 1139//1459
f 1043//97 1142//97 1166//97
f 1142//1460 1173//1460 1166//1460
f 1195//97 1046//97 1177//97
f 1196//97 1051//97 1178//97
f 1194//1461 1178//1461 1139//1461
f 1153//1462 1197//1462 1135//1462
f 1197//1463 1181//1463 1135//1463
f 1189//1464 1154//1464 1136//1464
f 1108//1465 1198//1465 1105//1465
f 1198//1465 1107//1465 1105//1465
f 1199//4 1159//4 1106//4
f 1161//1466 1200//1466 1106//1466
f 1200//1467 1199//1467 1106//1467
f 1198//1465 1201//1465 1107//1465
f 1201//1468 1179//1468 1107//1468
f 1202//1465 1198//1465 1108//1465
f 1109//1469 1202//1469 1108//1469
f 1203//1470 1202//1470 1109//1470
f 1043//97 1204//97 1142//97
f 1189//1471 1205//1471 1154//1471
f 1206//1472 1162//1472 1182//1472
f 1181//1473 1206//1473 1182//1473
f 1170//1474 1183//1474 1085//1474
f 1206//97 1116//97 1162//97
f 1207//97 1176//97 1116//97
f 1208//97 1207//97 1116//97
f 1209//97 1208//97 1116//97
f 1206//97 1209//97 1116//97
f 1210//97 1170//97 1119//97
f 1211//97 1210//97 1119//97
f 1212//97 1211//97 1119//97
f 1213//97 1212//97 1119//97
f 1185//97 1213//97 1119//97
f 1214//1475 1215//1475 1109//1475
f 1110//1476 1214//1476 1109//1476
f 1215//97 1203//97 1109//97
f 1167//1477 1172//1477 1158//1477
f 1216//1478 1072//1478 1156//1478
f 1071//1479 1216//1479 1156//1479
f 1217//1480 1171//1480 1157//1480
f 1171//1481 1076//1481 1157//1481
f 1218//210 1111//210 1122//210
f 1124//4 1218//4 1122//4
f 1219//211 1124//211 1123//211
f 1125//211 1219//211 1123//211
f 1129//210 1112//210 1128//210
f 1220//1482 1131//1482 1130//1482
f 1113//1482 1220//1482 1130//1482
f 1111//4 1214//4 1110//4
f 1221//4 1214//4 1111//4
f 1218//210 1221//210 1111//210
f 1072//4 1222//4 1125//4
f 1223//4 1219//4 1125//4
f 1222//4 1223//4 1125//4
f 1216//1478 1222//1478 1072//1478
f 1224//4 1225//4 1112//4
f 1225//4 1171//4 1112//4
f 1129//210 1224//210 1112//210
f 1172//4 1226//4 1113//4
f 1226//4 1227//4 1113//4
f 1227//4 1220//4 1113//4
f 1167//1483 1226//1483 1172//1483
f 1171//1484 1077//1484 1076//1484
f 1228//1485 1143//1485 1142//1485
f 1173//1486 1228//1486 1142//1486
f 1174//1487 1149//1487 1148//1487
f 1151//1488 1229//1488 1194//1488
f 1205//1489 1161//1489 1154//1489
f 1204//1490 1143//1490 1142//1490
f 1230//97 1195//97 1177//97
f 1175//1491 1230//1491 1177//1491
f 1150//97 1196//97 1178//97
f 1194//1492 1150//1492 1178//1492
f 1229//1493 1150//1493 1194//1493
f 1231//1494 1197//1494 1153//1494
f 1104//1495 1231//1495 1153//1495
f 1205//1496 1200//1496 1161//1496
f 1143//1497 1175//1497 1145//1497
f 1229//1498 1150//1498 1149//1498
f 1174//1499 1229//1499 1149//1499
f 1150//1500 1229//1500 1151//1500
f 1143//1501 1228//1501 1175//1501
f 1204//1502 1230//1502 1143//1502
f 1230//1503 1228//1503 1143//1503
f 1047//97 1150//97 1148//97
f 1229//1504 1174//1504 1148//1504
f 1150//1505 1229//1505 1148//1505
f 1228//1506 1230//1506 1175//1506
f 1213//1507 1185//1507 1052//1507
f 1170//1508 1184//1508 1183//1508
f 1204//97 1195//97 1230//97
f 1047//97 1196//97 1150//97
f 1192//1509 1232//1509 1190//1509
f 1232//1510 1233//1510 1190//1510
f 1234//1511 1187//1511 1193//1511
f 1191//1512 1232//1512 1192//1512
f 1190//1513 1233//1513 1191//1513
f 1233//1514 1235//1514 1191//1514
f 1186//1515 1234//1515 1193//1515
f 1199//4 1236//4 1159//4
f 1236//1516 1237//1516 1159//1516
f 1237//1517 1160//1517 1159//1517
f 1238//4 1071//4 1070//4
f 1077//4 1239//4 1070//4
f 1239//4 1240//4 1070//4
f 1240//4 1238//4 1070//4
f 1171//1518 1239//1518 1077//1518
f 1176//1519 1241//1519 1043//1519
f 1210//1520 1184//1520 1170//1520
f 1235//1521 1232//1521 1191//1521
f 1242//1522 1171//1522 1217//1522
f 1243//1523 1222//1523 1071//1523
f 1238//4 1244//4 1071//4
f 1244//4 1243//4 1071//4
f 1222//1524 1216//1524 1071//1524
f 1242//1525 1239//1525 1171//1525
f 1186//1526 1245//1526 1234//1526
f 1246//1527 1187//1527 1234//1527
f 1246//1528 1186//1528 1187//1528
f 1207//1529 1241//1529 1176//1529
f 1104//1530 1197//1530 1231//1530
f 1247//1531 1167//1531 1168//1531
f 1180//1532 1197//1532 1104//1532
f 1237//1531 1169//1531 1160//1531
f 1247//97 1248//97 1167//97
f 1169//1531 1249//1531 1168//1531
f 1249//1531 1247//1531 1168//1531
f 1250//1531 1249//1531 1169//1531
f 1237//1531 1250//1531 1169//1531
f 1246//1533 1251//1533 1186//1533
f 1184//1534 1252//1534 1189//1534
f 1253//97 1254//97 1181//97
f 1255//97 1043//97 1241//97
f 1255//97 1204//97 1043//97
f 1255//97 1256//97 1204//97
f 1256//1535 1257//1535 1204//1535
f 1257//1536 1195//1536 1204//1536
f 1258//97 1046//97 1195//97
f 1259//97 1260//97 1195//97
f 1260//97 1258//97 1195//97
f 1257//1537 1259//1537 1195//1537
f 1258//97 1261//97 1046//97
f 1262//97 1263//97 1046//97
f 1261//97 1262//97 1046//97
f 1263//97 1264//97 1046//97
f 1264//97 1265//97 1046//97
f 1265//97 1266//97 1046//97
f 1266//97 1047//97 1046//97
f 1266//97 1267//97 1047//97
f 1267//97 1268//97 1047//97
f 1268//97 1269//97 1047//97
f 1269//97 1270//97 1047//97
f 1270//97 1271//97 1047//97
f 1272//1538 1273//1538 1047//1538
f 1273//97 1274//97 1047//97
f 1274//97 1196//97 1047//97
f 1271//97 1275//97 1047//97
f 1275//1539 1272//1539 1047//1539
f 1276//97 1051//97 1196//97
f 1277//97 1276//97 1196//97
f 1274//97 1277//97 1196//97
f 1276//97 1278//97 1051//97
f 1278//97 1052//97 1051//97
f 1251//1540 1245//1540 1186//1540
f 1254//1541 1206//1541 1181//1541
f 1278//97 1279//97 1052//97
f 1279//1542 1213//1542 1052//1542
f 1280//97 1252//97 1184//97
f 1210//1543 1280//1543 1184//1543
f 1245//1544 1281//1544 1234//1544
f 1281//1545 1246//1545 1234//1545
f 1281//1546 1251//1546 1246//1546
f 1282//1547 1253//1547 1181//1547
f 1197//1548 1282//1548 1181//1548
f 1252//1549 1283//1549 1189//1549
f 1283//1550 1205//1550 1189//1550
f 1214//1551 1284//1551 1215//1551
f 1284//97 1203//97 1215//97
f 1248//1552 1226//1552 1167//1552
f 1171//1553 1225//1553 1217//1553
f 1216//292 1223//292 1222//292
f 1248//1554 1227//1554 1226//1554
f 1243//1555 1285//1555 1222//1555
f 1285//1556 1216//1556 1222//1556
f 1233//1557 1286//1557 1235//1557
f 1209//1558 1206//1558 1254//1558
f 1287//97 1255//97 1241//97
f 1207//1559 1287//1559 1241//1559
f 1278//97 1288//97 1279//97
f 1288//1560 1213//1560 1279//1560
f 1208//1561 1287//1561 1207//1561
f 1211//1562 1280//1562 1210//1562
f 1289//4 1290//4 1179//4
f 1290//4 1180//4 1179//4
f 1201//1563 1289//1563 1179//1563
f 1291//1564 1282//1564 1197//1564
f 1292//1565 1200//1565 1205//1565
f 1283//1566 1292//1566 1205//1566
f 1180//1567 1291//1567 1197//1567
f 1232//1568 1286//1568 1233//1568
f 1293//1569 1281//1569 1245//1569
f 1212//1570 1213//1570 1288//1570
f 1294//97 1252//97 1280//97
f 1295//1571 1245//1571 1251//1571
f 1295//1572 1293//1572 1245//1572
f 1281//1573 1295//1573 1251//1573
f 1253//97 1296//97 1254//97
f 1297//1574 1298//1574 1287//1574
f 1298//1575 1255//1575 1287//1575
f 1288//97 1294//97 1280//97
f 1211//1576 1288//1576 1280//1576
f 1208//1577 1209//1577 1254//1577
f 1254//1578 1297//1578 1287//1578
f 1208//1579 1254//1579 1287//1579
f 1278//97 1299//97 1288//97
f 1299//97 1294//97 1288//97
f 1212//1580 1288//1580 1211//1580
f 1296//1581 1297//1581 1254//1581
f 1124//1582 1221//1582 1218//1582
f 1219//1582 1221//1582 1124//1582
f 1131//1583 1224//1583 1129//1583
f 1220//1583 1224//1583 1131//1583
f 1300//4 1301//4 1221//4
f 1301//4 1214//4 1221//4
f 1219//4 1302//4 1221//4
f 1302//4 1300//4 1221//4
f 1223//1584 1303//1584 1219//1584
f 1303//1585 1304//1585 1219//1585
f 1304//4 1302//4 1219//4
f 1220//4 1305//4 1224//4
f 1305//1586 1306//1586 1224//1586
f 1306//1587 1307//1587 1224//1587
f 1307//4 1225//4 1224//4
f 1227//4 1308//4 1220//4
f 1308//4 1305//4 1220//4
f 1309//1588 1310//1588 1235//1588
f 1286//1589 1309//1589 1235//1589
f 1281//1590 1293//1590 1295//1590
f 1292//1591 1199//1591 1200//1591
f 1202//1592 1311//1592 1198//1592
f 1311//1592 1312//1592 1198//1592
f 1312//1593 1313//1593 1198//1593
f 1313//1594 1201//1594 1198//1594
f 1314//4 1236//4 1199//4
f 1292//1595 1314//1595 1199//1595
f 1313//1596 1289//1596 1201//1596
f 1203//1592 1311//1592 1202//1592
f 1315//1597 1311//1597 1203//1597
f 1284//97 1315//97 1203//97
f 1309//1598 1232//1598 1235//1598
f 1309//1599 1286//1599 1232//1599
f 1214//1551 1301//1551 1284//1551
f 1316//1600 1223//1600 1216//1600
f 1225//1601 1317//1601 1217//1601
f 1285//1602 1316//1602 1216//1602
f 1225//1603 1242//1603 1217//1603
f 1243//4 1303//4 1285//4
f 1303//1604 1316//1604 1285//1604
f 1225//1605 1239//1605 1242//1605
f 1314//4 1318//4 1236//4
f 1318//1606 1319//1606 1236//1606
f 1319//1607 1237//1607 1236//1607
f 1282//1608 1320//1608 1253//1608
f 1320//1609 1296//1609 1253//1609
f 1294//1610 1283//1610 1252//1610
f 1247//1611 1227//1611 1248//1611
f 1307//1612 1321//1612 1317//1612
f 1225//1613 1307//1613 1317//1613
f 1316//1614 1303//1614 1223//1614
f 1294//1615 1322//1615 1283//1615
f 1321//1616 1323//1616 1317//1616
f 1323//1617 1225//1617 1317//1617
f 1323//1618 1239//1618 1225//1618
f 1291//1619 1320//1619 1282//1619
f 1322//1620 1292//1620 1283//1620
f 1324//1621 1247//1621 1249//1621
f 1290//1622 1291//1622 1180//1622
f 1319//1623 1250//1623 1237//1623
f 1250//1623 1325//1623 1249//1623
f 1325//1624 1324//1624 1249//1624
f 1326//1625 1325//1625 1250//1625
f 1319//1626 1326//1626 1250//1626
f 1327//1627 1320//1627 1291//1627
f 1322//1628 1328//1628 1292//1628
f 1290//1629 1327//1629 1291//1629
f 1328//1630 1314//1630 1292//1630
f 1300//1631 1315//1631 1284//1631
f 1301//1632 1300//1632 1284//1632
f 1324//1633 1227//1633 1247//1633
f 1329//1634 1303//1634 1316//1634
f 1329//1634 1304//1634 1303//1634
f 1324//1635 1308//1635 1227//1635
f 1307//1636 1323//1636 1321//1636
f 1307//1637 1239//1637 1323//1637
f 1330//4 1331//4 1289//4
f 1331//4 1290//4 1289//4
f 1313//1638 1330//1638 1289//1638
f 1332//1639 1315//1639 1300//1639
f 1333//1640 1334//1640 1329//1640
f 1304//1641 1333//1641 1329//1641
f 1335//1642 1307//1642 1321//1642
f 1336//1643 1335//1643 1321//1643
f 1335//1644 1239//1644 1307//1644
f 1337//4 1338//4 1339//4
f 1243//1645 1244//1645 1339//1645
f 1244//1646 1337//1646 1339//1646
f 1238//1647 1337//1647 1244//1647
f 1325//1648 1340//1648 1324//1648
f 1340//1649 1308//1649 1324//1649
f 1341//1650 1312//1650 1311//1650
f 1342//1650 1341//1650 1311//1650
f 1315//1651 1342//1651 1311//1651
f 1343//4 1318//4 1314//4
f 1328//1652 1344//1652 1314//1652
f 1344//1653 1343//1653 1314//1653
f 1312//1654 1341//1654 1313//1654
f 1341//1655 1345//1655 1313//1655
f 1345//1656 1330//1656 1313//1656
f 1334//1657 1342//1657 1315//1657
f 1332//1658 1334//1658 1315//1658
f 1320//1659 1297//1659 1296//1659
f 1299//1660 1322//1660 1294//1660
f 1338//4 1346//4 1339//4
f 1346//1661 1243//1661 1339//1661
f 1334//4 1347//4 1329//4
f 1347//1662 1304//1662 1329//1662
f 1348//4 1336//4 1321//4
f 1306//1663 1348//1663 1321//1663
f 1307//1664 1306//1664 1321//1664
f 1347//1662 1302//1662 1304//1662
f 1349//1665 1297//1665 1320//1665
f 1299//1666 1350//1666 1322//1666
f 1303//1667 1351//1667 1304//1667
f 1351//1668 1333//1668 1304//1668
f 1352//4 1351//4 1303//4
f 1243//4 1353//4 1303//4
f 1353//4 1354//4 1303//4
f 1354//4 1355//4 1303//4
f 1355//4 1352//4 1303//4
f 1356//4 1238//4 1240//4
f 1357//4 1356//4 1240//4
f 1358//4 1357//4 1240//4
f 1359//4 1358//4 1240//4
f 1360//4 1359//4 1240//4
f 1239//4 1361//4 1240//4
f 1361//4 1362//4 1240//4
f 1362//4 1360//4 1240//4
f 1363//1669 1364//1669 1239//1669
f 1364//1670 1365//1670 1239//1670
f 1365//1671 1366//1671 1239//1671
f 1366//1672 1367//1672 1239//1672
f 1367//1673 1368//1673 1239//1673
f 1335//1674 1363//1674 1239//1674
f 1368//4 1369//4 1239//4
f 1369//4 1361//4 1239//4
f 1370//1675 1371//1675 1335//1675
f 1306//1676 1372//1676 1335//1676
f 1372//1677 1373//1677 1335//1677
f 1373//1678 1370//1678 1335//1678
f 1371//1679 1363//1679 1335//1679
f 1336//1680 1306//1680 1335//1680
f 1353//1681 1243//1681 1346//1681
f 1374//4 1338//4 1337//4
f 1238//236 1374//236 1337//236
f 1356//1682 1374//1682 1238//1682
f 1343//1683 1375//1683 1318//1683
f 1375//1684 1376//1684 1318//1684
f 1376//1685 1319//1685 1318//1685
f 1347//4 1334//4 1332//4
f 1302//1686 1347//1686 1332//1686
f 1300//1686 1302//1686 1332//1686
f 1306//1687 1305//1687 1348//1687
f 1336//4 1348//4 1340//4
f 1348//1688 1308//1688 1340//1688
f 1348//1689 1305//1689 1308//1689
f 1350//1690 1328//1690 1322//1690
f 1327//1691 1349//1691 1320//1691
f 1350//1692 1344//1692 1328//1692
f 1365//1693 1364//1693 1363//1693
f 1377//4 1378//4 1306//4
f 1378//4 1379//4 1306//4
f 1379//4 1380//4 1306//4
f 1380//1694 1372//1694 1306//1694
f 1336//1695 1377//1695 1306//1695
f 1370//1696 1371//1696 1363//1696
f 1290//1697 1381//1697 1327//1697
f 1381//1698 1349//1698 1327//1698
f 1336//1699 1340//1699 1325//1699
f 1331//1700 1381//1700 1290//1700
f 1376//1701 1326//1701 1319//1701
f 1326//1701 1382//1701 1325//1701
f 1382//1702 1336//1702 1325//1702
f 1383//1701 1382//1701 1326//1701
f 1376//1701 1383//1701 1326//1701
f 1354//1703 1353//1703 1346//1703
f 1357//1704 1374//1704 1356//1704
f 1371//1705 1384//1705 1363//1705
f 1372//1706 1370//1706 1373//1706
f 1384//1707 1365//1707 1363//1707
f 1385//4 1386//4 1330//4
f 1386//4 1331//4 1330//4
f 1345//1708 1385//1708 1330//1708
f 1370//1709 1384//1709 1371//1709
f 1351//4 1387//4 1333//4
f 1387//1710 1334//1710 1333//1710
f 1278//1711 1388//1711 1299//1711
f 1367//1712 1366//1712 1365//1712
f 1338//4 1389//4 1346//4
f 1389//1713 1354//1713 1346//1713
f 1388//1714 1350//1714 1299//1714
f 1372//1715 1384//1715 1370//1715
f 1349//1716 1390//1716 1297//1716
f 1390//1717 1298//1717 1297//1717
f 1384//1718 1367//1718 1365//1718
f 1355//1719 1354//1719 1389//1719
f 1391//4 1338//4 1374//4
f 1357//1720 1391//1720 1374//1720
f 1388//1721 1392//1721 1350//1721
f 1387//1722 1342//1722 1334//1722
f 1378//1723 1377//1723 1336//1723
f 1382//1724 1378//1724 1336//1724
f 1392//1725 1344//1725 1350//1725
f 1393//469 1394//469 1266//469
f 1265//1726 1393//1726 1266//1726
f 1395//97 1396//97 1394//97
f 1397//97 1395//97 1394//97
f 1393//97 1397//97 1394//97
f 1381//1727 1390//1727 1349//1727
f 1331//1728 1390//1728 1381//1728
f 1398//1729 1393//1729 1265//1729
f 1398//97 1397//97 1393//97
f 1392//1730 1343//1730 1344//1730
f 1399//1731 1341//1731 1342//1731
f 1400//1731 1399//1731 1342//1731
f 1387//1731 1400//1731 1342//1731
f 1401//1732 1375//1732 1343//1732
f 1392//1733 1401//1733 1343//1733
f 1341//1731 1399//1731 1345//1731
f 1399//1731 1402//1731 1345//1731
f 1402//1734 1385//1734 1345//1734
f 1264//480 1398//480 1265//480
f 1394//1735 1267//1735 1266//1735
f 1403//1735 1267//1735 1394//1735
f 1396//97 1403//97 1394//97
f 1401//1736 1404//1736 1375//1736
f 1405//1737 1406//1737 1375//1737
f 1406//1738 1407//1738 1375//1738
f 1404//1739 1405//1739 1375//1739
f 1406//1740 1408//1740 1407//1740
f 1409//1741 1355//1741 1389//1741
f 1410//4 1389//4 1338//4
f 1411//4 1410//4 1338//4
f 1412//4 1413//4 1338//4
f 1413//4 1411//4 1338//4
f 1391//4 1414//4 1338//4
f 1414//4 1412//4 1338//4
f 1409//4 1352//4 1355//4
f 1358//4 1415//4 1357//4
f 1415//1742 1391//1742 1357//1742
f 1351//1743 1400//1743 1387//1743
f 1372//1744 1416//1744 1384//1744
f 1417//1745 1418//1745 1384//1745
f 1418//1746 1367//1746 1384//1746
f 1419//1747 1417//1747 1384//1747
f 1420//1748 1419//1748 1384//1748
f 1416//1749 1420//1749 1384//1749
f 1379//1750 1416//1750 1380//1750
f 1416//1751 1372//1751 1380//1751
f 1421//1752 1255//1752 1298//1752
f 1276//1753 1388//1753 1278//1753
f 1422//504 1398//504 1264//504
f 1263//1754 1422//1754 1264//1754
f 1403//1755 1268//1755 1267//1755
f 1422//97 1397//97 1398//97
f 1423//1755 1268//1755 1403//1755
f 1396//97 1423//97 1403//97
f 1410//1756 1409//1756 1389//1756
f 1418//1757 1368//1757 1367//1757
f 1424//1758 1408//1758 1406//1758
f 1405//1759 1424//1759 1406//1759
f 1408//1760 1425//1760 1407//1760
f 1426//1761 1427//1761 1408//1761
f 1427//1762 1425//1762 1408//1762
f 1407//1763 1428//1763 1375//1763
f 1428//97 1376//97 1375//97
f 1425//1764 1428//1764 1407//1764
f 1424//1765 1427//1765 1408//1765
f 1429//4 1430//4 1385//4
f 1430//4 1386//4 1385//4
f 1402//1766 1429//1766 1385//1766
f 1423//1767 1269//1767 1268//1767
f 1396//97 1431//97 1423//97
f 1432//1768 1421//1768 1298//1768
f 1390//1769 1432//1769 1298//1769
f 1276//1770 1433//1770 1388//1770
f 1404//1771 1434//1771 1405//1771
f 1415//1772 1414//1772 1391//1772
f 1379//1773 1378//1773 1382//1773
f 1386//1774 1390//1774 1331//1774
f 1435//1775 1383//1775 1376//1775
f 1428//97 1435//97 1376//97
f 1383//1776 1436//1776 1382//1776
f 1437//1777 1379//1777 1382//1777
f 1436//1776 1437//1776 1382//1776
f 1438//1776 1436//1776 1383//1776
f 1435//1776 1438//1776 1383//1776
f 1433//1778 1392//1778 1388//1778
f 1417//1779 1418//1779 1367//1779
f 1437//1780 1420//1780 1379//1780
f 1420//1781 1439//1781 1379//1781
f 1439//1782 1416//1782 1379//1782
f 1440//1783 1427//1783 1424//1783
f 1405//1784 1440//1784 1424//1784
f 1425//1785 1441//1785 1428//1785
f 1441//97 1435//97 1428//97
f 1433//1786 1442//1786 1392//1786
f 1442//1787 1443//1787 1392//1787
f 1416//1788 1439//1788 1420//1788
f 1386//1789 1432//1789 1390//1789
f 1443//1790 1401//1790 1392//1790
f 1263//1791 1444//1791 1422//1791
f 1444//97 1397//97 1422//97
f 1445//1767 1269//1767 1423//1767
f 1431//97 1445//97 1423//97
f 1411//1792 1446//1792 1410//1792
f 1446//1793 1409//1793 1410//1793
f 1415//1794 1412//1794 1414//1794
f 1446//4 1352//4 1409//4
f 1421//1795 1256//1795 1255//1795
f 1417//1796 1368//1796 1418//1796
f 1447//1797 1427//1797 1440//1797
f 1447//1798 1436//1798 1427//1798
f 1434//1799 1440//1799 1405//1799
f 1447//1800 1425//1800 1427//1800
f 1419//1801 1448//1801 1417//1801
f 1449//1802 1434//1802 1404//1802
f 1401//4 1450//4 1404//4
f 1450//4 1451//4 1404//4
f 1449//1803 1452//1803 1434//1803
f 1358//4 1453//4 1415//4
f 1453//1804 1412//1804 1415//1804
f 1451//1805 1454//1805 1404//1805
f 1447//1806 1449//1806 1425//1806
f 1449//1807 1441//1807 1425//1807
f 1262//1808 1444//1808 1263//1808
f 1455//97 1397//97 1444//97
f 1456//97 1455//97 1444//97
f 1457//1809 1269//1809 1445//1809
f 1431//97 1457//97 1445//97
f 1447//1810 1434//1810 1452//1810
f 1434//1811 1447//1811 1440//1811
f 1420//1812 1437//1812 1419//1812
f 1449//1813 1404//1813 1441//1813
f 1454//97 1435//97 1441//97
f 1404//1814 1454//1814 1441//1814
f 1448//1815 1368//1815 1417//1815
f 1447//1816 1452//1816 1449//1816
f 1442//1817 1401//1817 1443//1817
f 1458//1818 1399//1818 1400//1818
f 1459//1818 1458//1818 1400//1818
f 1351//1818 1459//1818 1400//1818
f 1442//1819 1450//1819 1401//1819
f 1399//1818 1458//1818 1402//1818
f 1458//1818 1460//1818 1402//1818
f 1460//1820 1429//1820 1402//1820
f 1352//1821 1459//1821 1351//1821
f 1461//1822 1256//1822 1421//1822
f 1277//1823 1433//1823 1276//1823
f 1462//1824 1446//1824 1411//1824
f 1462//4 1352//4 1446//4
f 1463//4 1368//4 1448//4
f 1419//1825 1463//1825 1448//1825
f 1432//1826 1461//1826 1421//1826
f 1277//1827 1464//1827 1433//1827
f 1465//4 1352//4 1462//4
f 1358//4 1466//4 1453//4
f 1466//1828 1412//1828 1453//1828
f 1457//1829 1270//1829 1269//1829
f 1463//1830 1419//1830 1437//1830
f 1467//4 1468//4 1429//4
f 1468//4 1430//4 1429//4
f 1460//1831 1467//1831 1429//1831
f 1358//4 1469//4 1466//4
f 1274//1832 1470//1832 1277//1832
f 1471//1833 1461//1833 1432//1833
f 1464//1834 1442//1834 1433//1834
f 1413//1835 1466//1835 1411//1835
f 1466//1836 1462//1836 1411//1836
f 1466//1837 1413//1837 1412//1837
f 1466//4 1465//4 1462//4
f 1469//4 1465//4 1466//4
f 1464//1838 1472//1838 1442//1838
f 1472//1839 1450//1839 1442//1839
f 1386//1840 1471//1840 1432//1840
f 1456//1841 1444//1841 1262//1841
f 1473//1842 1456//1842 1262//1842
f 1261//97 1473//97 1262//97
f 1463//1843 1437//1843 1436//1843
f 1430//1844 1471//1844 1386//1844
f 1454//1845 1438//1845 1435//1845
f 1438//1846 1474//1846 1436//1846
f 1474//1847 1463//1847 1436//1847
f 1475//1846 1474//1846 1438//1846
f 1454//1846 1475//1846 1438//1846
f 1450//4 1476//4 1451//4
f 1476//4 1477//4 1451//4
f 1478//1848 1454//1848 1451//1848
f 1477//1849 1478//1849 1451//1849
f 1461//1850 1257//1850 1256//1850
f 1470//1851 1464//1851 1277//1851
f 1457//1852 1479//1852 1270//1852
f 1479//97 1271//97 1270//97
f 1431//1853 1479//1853 1457//1853
f 1273//1854 1470//1854 1274//1854
f 1480//1855 1257//1855 1461//1855
f 1481//1856 1458//1856 1459//1856
f 1482//1856 1481//1856 1459//1856
f 1352//1857 1482//1857 1459//1857
f 1472//1858 1483//1858 1450//1858
f 1483//1859 1476//1859 1450//1859
f 1458//1860 1481//1860 1460//1860
f 1481//1861 1484//1861 1460//1861
f 1484//1862 1467//1862 1460//1862
f 1465//1863 1482//1863 1352//1863
f 1485//4 1486//4 1467//4
f 1486//4 1468//4 1467//4
f 1484//1864 1485//1864 1467//1864
f 1487//1865 1480//1865 1461//1865
f 1471//1866 1487//1866 1461//1866
f 1470//1867 1472//1867 1464//1867
f 1470//1868 1483//1868 1472//1868
f 1430//1869 1487//1869 1471//1869
f 1473//1870 1455//1870 1456//1870
f 1488//1871 1259//1871 1257//1871
f 1476//4 1489//4 1477//4
f 1489//4 1490//4 1477//4
f 1491//1872 1478//1872 1477//1872
f 1490//1873 1491//1873 1477//1873
f 1492//1874 1455//1874 1473//1874
f 1261//97 1492//97 1473//97
f 1431//1875 1493//1875 1479//1875
f 1493//97 1271//97 1479//97
f 1396//1875 1493//1875 1431//1875
f 1273//1876 1494//1876 1470//1876
f 1368//1877 1463//1877 1474//1877
f 1468//1878 1487//1878 1430//1878
f 1478//1879 1475//1879 1454//1879
f 1475//1879 1495//1879 1474//1879
f 1495//1880 1368//1880 1474//1880
f 1496//1879 1495//1879 1475//1879
f 1478//1879 1496//1879 1475//1879
f 1497//4 1498//4 1485//4
f 1498//4 1486//4 1485//4
f 1484//1881 1499//1881 1485//1881
f 1499//1882 1497//1882 1485//1882
f 1480//1883 1488//1883 1257//1883
f 1487//1884 1488//1884 1480//1884
f 1494//1885 1483//1885 1470//1885
f 1494//1886 1500//1886 1483//1886
f 1468//1887 1488//1887 1487//1887
f 1489//4 1501//4 1490//4
f 1501//1888 1502//1888 1490//1888
f 1503//1889 1491//1889 1490//1889
f 1502//1890 1503//1890 1490//1890
f 1488//1891 1504//1891 1259//1891
f 1504//1892 1260//1892 1259//1892
f 1272//1893 1494//1893 1273//1893
f 1500//1894 1476//1894 1483//1894
f 1505//1895 1481//1895 1482//1895
f 1506//1895 1505//1895 1482//1895
f 1465//1895 1506//1895 1482//1895
f 1500//1896 1489//1896 1476//1896
f 1481//1895 1505//1895 1484//1895
f 1505//1895 1499//1895 1484//1895
f 1469//1897 1506//1897 1465//1897
f 1397//1898 1455//1898 1492//1898
f 1507//1898 1397//1898 1492//1898
f 1261//97 1507//97 1492//97
f 1396//1899 1508//1899 1493//1899
f 1508//97 1271//97 1493//97
f 1509//1900 1510//1900 1497//1900
f 1510//4 1498//4 1497//4
f 1499//1901 1511//1901 1497//1901
f 1511//1902 1509//1902 1497//1902
f 1272//1903 1512//1903 1494//1903
f 1501//1904 1513//1904 1502//1904
f 1513//1905 1509//1905 1502//1905
f 1514//97 1503//97 1502//97
f 1509//97 1514//97 1502//97
f 1507//1906 1515//1906 1397//1906
f 1515//1907 1516//1907 1397//1907
f 1516//1908 1395//1908 1397//1908
f 1517//1909 1508//1909 1396//1909
f 1395//1910 1517//1910 1396//1910
f 1395//1911 1516//1911 1517//1911
f 1513//1912 1510//1912 1509//1912
f 1518//97 1514//97 1509//97
f 1511//97 1518//97 1509//97
f 1512//1913 1500//1913 1494//1913
f 1516//1914 1515//1914 1507//1914
f 1519//1915 1516//1915 1507//1915
f 1517//1916 1520//1916 1508//1916
f 1516//1917 1520//1917 1517//1917
f 1486//1918 1488//1918 1468//1918
f 1491//1919 1496//1919 1478//1919
f 1496//1919 1521//1919 1495//1919
f 1521//1919 1369//1919 1495//1919
f 1369//1920 1368//1920 1495//1920
f 1522//1919 1521//1919 1496//1919
f 1491//1919 1522//1919 1496//1919
f 1523//1921 1504//1921 1488//1921
f 1512//1922 1524//1922 1500//1922
f 1504//1923 1525//1923 1260//1923
f 1525//1924 1258//1924 1260//1924
f 1486//1925 1523//1925 1488//1925
f 1524//1926 1489//1926 1500//1926
f 1520//1927 1516//1927 1519//1927
f 1507//1928 1520//1928 1519//1928
f 1507//4 1508//4 1520//4
f 1526//1929 1512//1929 1272//1929
f 1275//1930 1526//1930 1272//1930
f 1519//1931 1507//1931 1261//1931
f 1527//1932 1505//1932 1506//1932
f 1528//1933 1527//1933 1506//1933
f 1529//1934 1528//1934 1506//1934
f 1469//1935 1529//1935 1506//1935
f 1524//1936 1530//1936 1489//1936
f 1530//1937 1501//1937 1489//1937
f 1505//1932 1527//1932 1499//1932
f 1527//1932 1511//1932 1499//1932
f 1358//1938 1529//1938 1469//1938
f 1531//1939 1261//1939 1258//1939
f 1525//1940 1531//1940 1258//1940
f 1271//1941 1526//1941 1275//1941
f 1519//1942 1508//1942 1507//1942
f 1532//1943 1525//1943 1504//1943
f 1523//1944 1532//1944 1504//1944
f 1526//1945 1524//1945 1512//1945
f 1533//1946 1529//1946 1358//1946
f 1359//1947 1533//1947 1358//1947
f 1526//1948 1530//1948 1524//1948
f 1271//1949 1534//1949 1526//1949
f 1535//1950 1508//1950 1519//1950
f 1535//1951 1271//1951 1508//1951
f 1531//1952 1519//1952 1261//1952
f 1535//1953 1534//1953 1271//1953
f 1486//1954 1532//1954 1523//1954
f 1536//1955 1537//1955 1521//1955
f 1537//1956 1538//1956 1521//1956
f 1538//1957 1539//1957 1521//1957
f 1539//1958 1369//1958 1521//1958
f 1498//1959 1532//1959 1486//1959
f 1503//1960 1522//1960 1491//1960
f 1539//1961 1540//1961 1369//1961
f 1540//1962 1541//1962 1369//1962
f 1541//1963 1361//1963 1369//1963
f 1522//1960 1542//1960 1521//1960
f 1542//1964 1536//1964 1521//1964
f 1543//1960 1542//1960 1522//1960
f 1503//1960 1543//1960 1522//1960
f 1532//1965 1531//1965 1525//1965
f 1534//1966 1530//1966 1526//1966
f 1538//1967 1544//1967 1539//1967
f 1544//1968 1540//1968 1539//1968
f 1545//1969 1546//1969 1529//1969
f 1547//1970 1544//1970 1538//1970
f 1498//1971 1531//1971 1532//1971
f 1548//1972 1528//1972 1529//1972
f 1546//1973 1548//1973 1529//1973
f 1533//1974 1545//1974 1529//1974
f 1549//1975 1519//1975 1531//1975
f 1534//1976 1501//1976 1530//1976
f 1550//1977 1527//1977 1528//1977
f 1551//1977 1550//1977 1528//1977
f 1548//1978 1552//1978 1528//1978
f 1552//1979 1553//1979 1528//1979
f 1553//1980 1551//1980 1528//1980
f 1534//1981 1513//1981 1501//1981
f 1527//1977 1550//1977 1511//1977
f 1550//1977 1518//1977 1511//1977
f 1554//1982 1555//1982 1359//1982
f 1555//1983 1533//1983 1359//1983
f 1360//1984 1556//1984 1359//1984
f 1556//1985 1554//1985 1359//1985
f 1537//1986 1557//1986 1538//1986
f 1557//1987 1547//1987 1538//1987
f 1544//1988 1558//1988 1540//1988
f 1558//1989 1541//1989 1540//1989
f 1546//1990 1559//1990 1548//1990
f 1555//1991 1560//1991 1533//1991
f 1560//1992 1545//1992 1533//1992
f 1559//1993 1552//1993 1548//1993
f 1536//1994 1557//1994 1537//1994
f 1549//1995 1535//1995 1519//1995
f 1559//1996 1561//1996 1552//1996
f 1562//1997 1557//1997 1536//1997
f 1554//1998 1560//1998 1555//1998
f 1563//1999 1361//1999 1541//1999
f 1558//2000 1563//2000 1541//2000
f 1535//2001 1564//2001 1534//2001
f 1542//2002 1565//2002 1536//2002
f 1565//2003 1562//2003 1536//2003
f 1558//2004 1566//2004 1563//2004
f 1567//2005 1565//2005 1542//2005
f 1510//2006 1531//2006 1498//2006
f 1514//2007 1543//2007 1503//2007
f 1563//2008 1568//2008 1361//2008
f 1568//2009 1569//2009 1361//2009
f 1569//2010 1362//2010 1361//2010
f 1543//2007 1570//2007 1542//2007
f 1570//2011 1571//2011 1542//2011
f 1571//2012 1567//2012 1542//2012
f 1572//2007 1570//2007 1543//2007
f 1514//2007 1572//2007 1543//2007
f 1561//2013 1553//2013 1552//2013
f 1573//2014 1560//2014 1554//2014
f 1566//2015 1568//2015 1563//2015
f 1564//2016 1535//2016 1549//2016
f 1564//2017 1574//2017 1534//2017
f 1510//2018 1549//2018 1531//2018
f 1574//2019 1513//2019 1534//2019
f 1575//2020 1551//2020 1553//2020
f 1561//2021 1575//2021 1553//2021
f 1567//2022 1576//2022 1565//2022
f 1576//2023 1562//2023 1565//2023
f 1556//2024 1573//2024 1554//2024
f 1564//2025 1513//2025 1574//2025
f 1572//2026 1550//2026 1551//2026
f 1570//2026 1572//2026 1551//2026
f 1575//2027 1571//2027 1551//2027
f 1571//2028 1570//2028 1551//2028
f 1564//2029 1510//2029 1513//2029
f 1550//2026 1572//2026 1518//2026
f 1572//2026 1514//2026 1518//2026
f 1577//2030 1573//2030 1556//2030
f 1362//2031 1578//2031 1360//2031
f 1578//2032 1556//2032 1360//2032
f 1579//2033 1569//2033 1568//2033
f 1566//2034 1579//2034 1568//2034
f 1578//2035 1577//2035 1556//2035
f 1580//2036 1576//2036 1567//2036
f 1571//2037 1580//2037 1567//2037
f 1561//2038 1571//2038 1575//2038
f 1510//2039 1564//2039 1549//2039
f 1561//2040 1580//2040 1571//2040
f 1578//2041 1362//2041 1569//2041
f 1579//2042 1578//2042 1569//2042
f 1579//2043 1577//2043 1578//2043
f 1561//408 1581//408 1580//408
f 1581//2044 1576//2044 1580//2044
f 1581//2045 1562//2045 1576//2045
f 1559//2046 1581//2046 1561//2046
f 1581//2047 1557//2047 1562//2047
f 1546//2048 1581//2048 1559//2048
f 1581//2049 1547//2049 1557//2049
f 1581//469 1544//469 1547//469
f 1545//408 1581//408 1546//408
f 1577//2050 1579//2050 1581//2050
f 1560//2051 1573//2051 1581//2051
f 1573//2045 1577//2045 1581//2045
f 1545//2052 1560//2052 1581//2052
f 1558//2053 1544//2053 1581//2053
f 1566//2054 1558//2054 1581//2054
f 1579//2046 1566//2046 1581//2046
f 1582//2055 1583//2055 1584//2055
f 1585//2056 1582//2056 1584//2056
f 1586//2057 1587//2057 1588//2057
f 1587//2058 1589//2058 1588//2058
f 1590//2059 1586//2059 1588//2059
f 1591//2060 1583//2060 1582//2060
f 1592//2060 1591//2060 1582//2060
f 1585//2061 1592//2061 1582//2061
f 1591//2060 1593//2060 1583//2060
f 1593//2060 1594//2060 1583//2060
f 1594//2062 1584//2062 1583//2062
f 1595//2063 1586//2063 1590//2063
f 1596//2064 1597//2064 1587//2064
f 1586//2064 1596//2064 1587//2064
f 1597//2065 1589//2065 1587//2065
f 1598//2064 1596//2064 1586//2064
f 1595//2064 1598//2064 1586//2064
f 1599//2066 1595//2066 1590//2066
f 1594//2067 1600//2067 1584//2067
f 1597//2068 1601//2068 1589//2068
f 1602//2069 1592//2069 1585//2069
f 1594//2070 1603//2070 1600//2070
f 1597//2071 1602//2071 1601//2071
f 1603//2072 1595//2072 1599//2072
f 1594//2073 1595//2073 1603//2073
f 1597//2071 1592//2071 1602//2071
f 1604//2060 1591//2060 1592//2060
f 1605//2060 1604//2060 1592//2060
f 1597//2074 1606//2074 1592//2074
f 1606//2074 1605//2074 1592//2074
f 1593//2060 1607//2060 1594//2060
f 1607//2075 1595//2075 1594//2075
f 1596//2064 1606//2064 1597//2064
f 1608//2064 1598//2064 1595//2064
f 1609//2064 1608//2064 1595//2064
f 1607//2075 1609//2075 1595//2075
f 1610//2076 1585//2076 1584//2076
f 1610//2077 1611//2077 1585//2077
f 1600//2078 1610//2078 1584//2078
f 1612//2079 1610//2079 1600//2079
f 1611//2080 1602//2080 1585//2080
f 1603//2081 1612//2081 1600//2081
f 1613//2082 1612//2082 1603//2082
f 1611//2083 1614//2083 1602//2083
f 1614//2084 1601//2084 1602//2084
f 1599//2085 1613//2085 1603//2085
f 1614//2086 1615//2086 1601//2086
f 1615//2087 1589//2087 1601//2087
f 1616//2088 1613//2088 1599//2088
f 1590//2089 1617//2089 1599//2089
f 1617//2090 1616//2090 1599//2090
f 1588//2091 1617//2091 1590//2091
f 1617//2092 1588//2092 1589//2092
f 1615//2093 1617//2093 1589//2093
f 1618//2060 1604//2060 1605//2060
f 1606//2094 1619//2094 1605//2094
f 1619//2094 1618//2094 1605//2094
f 1593//2060 1620//2060 1607//2060
f 1620//2095 1609//2095 1607//2095
f 1596//2064 1619//2064 1606//2064
f 1621//2064 1608//2064 1609//2064
f 1620//2095 1621//2095 1609//2095
f 1622//2060 1604//2060 1618//2060
f 1623//2060 1622//2060 1618//2060
f 1619//2096 1624//2096 1618//2096
f 1624//2096 1623//2096 1618//2096
f 1593//2060 1625//2060 1620//2060
f 1625//2097 1621//2097 1620//2097
f 1626//2064 1624//2064 1619//2064
f 1596//2064 1626//2064 1619//2064
f 1627//2064 1608//2064 1621//2064
f 1625//2097 1627//2097 1621//2097
f 1628//2060 1622//2060 1623//2060
f 1624//2098 1629//2098 1623//2098
f 1629//2098 1628//2098 1623//2098
f 1630//2060 1631//2060 1625//2060
f 1593//2060 1630//2060 1625//2060
f 1631//2099 1627//2099 1625//2099
f 1632//2064 1629//2064 1624//2064
f 1626//2064 1632//2064 1624//2064
f 1633//2064 1608//2064 1627//2064
f 1634//2064 1633//2064 1627//2064
f 1631//2099 1634//2099 1627//2099
f 1635//2060 1622//2060 1628//2060
f 1629//2100 1636//2100 1628//2100
f 1636//2100 1635//2100 1628//2100
f 1630//2060 1637//2060 1631//2060
f 1637//2101 1634//2101 1631//2101
f 1632//2064 1636//2064 1629//2064
f 1638//2064 1633//2064 1634//2064
f 1637//2101 1638//2101 1634//2101
f 1639//2060 1622//2060 1635//2060
f 1636//2102 1640//2102 1635//2102
f 1640//2102 1639//2102 1635//2102
f 1630//2060 1641//2060 1637//2060
f 1641//2060 1642//2060 1637//2060
f 1642//2103 1638//2103 1637//2103
f 1632//2064 1640//2064 1636//2064
f 1643//2064 1633//2064 1638//2064
f 1644//2064 1643//2064 1638//2064
f 1642//2103 1644//2103 1638//2103
f 1645//2060 1622//2060 1639//2060
f 1646//2060 1645//2060 1639//2060
f 1640//2104 1647//2104 1639//2104
f 1647//2104 1646//2104 1639//2104
f 1641//2060 1648//2060 1642//2060
f 1648//2105 1644//2105 1642//2105
f 1632//2064 1647//2064 1640//2064
f 1649//2064 1643//2064 1644//2064
f 1648//2105 1649//2105 1644//2105
f 1610//2106 1593//2106 1591//2106
f 1598//2107 1617//2107 1596//2107
f 1591//2108 1611//2108 1610//2108
f 1615//2109 1596//2109 1617//2109
f 1598//2110 1616//2110 1617//2110
f 1604//2111 1611//2111 1591//2111
f 1608//2112 1616//2112 1598//2112
f 1612//2113 1593//2113 1610//2113
f 1608//2114 1613//2114 1616//2114
f 1614//2115 1596//2115 1615//2115
f 1604//2116 1614//2116 1611//2116
f 1613//2117 1593//2117 1612//2117
f 1614//2118 1626//2118 1596//2118
f 1604//2119 1626//2119 1614//2119
f 1608//2120 1593//2120 1613//2120
f 1632//2121 1626//2121 1604//2121
f 1622//2121 1632//2121 1604//2121
f 1608//2122 1630//2122 1593//2122
f 1650//2060 1645//2060 1646//2060
f 1647//2123 1651//2123 1646//2123
f 1651//2123 1650//2123 1646//2123
f 1641//2060 1652//2060 1648//2060
f 1652//2124 1649//2124 1648//2124
f 1632//2064 1653//2064 1647//2064
f 1653//2064 1651//2064 1647//2064
f 1654//2064 1643//2064 1649//2064
f 1652//2124 1654//2124 1649//2124
f 1633//2125 1630//2125 1608//2125
f 1633//2126 1641//2126 1630//2126
f 1643//2127 1641//2127 1633//2127
f 1653//2128 1632//2128 1622//2128
f 1645//2128 1653//2128 1622//2128
f 1655//2060 1645//2060 1650//2060
f 1651//2129 1656//2129 1650//2129
f 1656//2129 1655//2129 1650//2129
f 1657//2060 1658//2060 1652//2060
f 1641//2060 1657//2060 1652//2060
f 1658//2130 1659//2130 1652//2130
f 1659//2130 1654//2130 1652//2130
f 1653//2064 1656//2064 1651//2064
f 1660//2064 1643//2064 1654//2064
f 1661//2064 1660//2064 1654//2064
f 1662//2130 1661//2130 1654//2130
f 1659//2130 1662//2130 1654//2130
f 1643//2131 1657//2131 1641//2131
f 1663//4 1653//4 1645//4
f 1663//2064 1656//2064 1653//2064
f 1660//2132 1657//2132 1643//2132
f 1664//2060 1645//2060 1655//2060
f 1665//2060 1666//2060 1655//2060
f 1666//2060 1664//2060 1655//2060
f 1663//2064 1667//2064 1656//2064
f 1664//4 1663//4 1645//4
f 1668//97 1669//97 1655//97
f 1669//97 1670//97 1655//97
f 1656//97 1671//97 1655//97
f 1671//97 1672//97 1655//97
f 1672//97 1673//97 1655//97
f 1674//97 1668//97 1655//97
f 1675//97 1674//97 1655//97
f 1673//97 1675//97 1655//97
f 1670//97 1676//97 1655//97
f 1676//97 1665//97 1655//97
f 1677//4 1662//4 1659//4
f 1678//4 1679//4 1659//4
f 1679//4 1677//4 1659//4
f 1680//4 1681//4 1659//4
f 1681//4 1678//4 1659//4
f 1682//2060 1680//2060 1659//2060
f 1677//4 1683//4 1662//4
f 1683//4 1684//4 1662//4
f 1684//4 1685//4 1662//4
f 1685//4 1686//4 1662//4
f 1686//4 1687//4 1662//4
f 1687//4 1688//4 1662//4
f 1688//2064 1689//2064 1662//2064
f 1690//2133 1691//2133 1656//2133
f 1667//97 1692//97 1656//97
f 1693//2064 1660//2064 1661//2064
f 1689//2134 1693//2134 1661//2134
f 1662//2134 1689//2134 1661//2134
f 1694//2060 1695//2060 1657//2060
f 1695//2060 1658//2060 1657//2060
f 1660//97 1694//97 1657//97
f 1695//2134 1659//2134 1658//2134
f 1695//2134 1682//2134 1659//2134
f 1696//2060 1695//2060 1694//2060
f 1697//2135 1663//2135 1664//2135
f 1666//2136 1697//2136 1664//2136
f 1698//2060 1699//2060 1694//2060
f 1699//2060 1696//2060 1694//2060
f 1660//2137 1698//2137 1694//2137
f 1697//2064 1667//2064 1663//2064
f 1693//2064 1700//2064 1660//2064
f 1700//2064 1701//2064 1660//2064
f 1701//2064 1702//2064 1660//2064
f 1702//2137 1698//2137 1660//2137
f 1696//2138 1682//2138 1695//2138
f 1703//2060 1704//2060 1682//2060
f 1704//2060 1680//2060 1682//2060
f 1696//2138 1703//2138 1682//2138
f 1688//2064 1705//2064 1689//2064
f 1705//2064 1706//2064 1689//2064
f 1706//2138 1693//2138 1689//2138
f 1706//2138 1700//2138 1693//2138
f 1707//2060 1708//2060 1698//2060
f 1708//2060 1709//2060 1698//2060
f 1709//2060 1699//2060 1698//2060
f 1702//2139 1707//2139 1698//2139
f 1701//2064 1710//2064 1702//2064
f 1711//2140 1697//2140 1666//2140
f 1712//2060 1708//2060 1707//2060
f 1711//2064 1667//2064 1697//2064
f 1710//2064 1713//2064 1702//2064
f 1713//2064 1714//2064 1702//2064
f 1714//2141 1707//2141 1702//2141
f 1699//2142 1703//2142 1696//2142
f 1715//2060 1716//2060 1703//2060
f 1716//2060 1704//2060 1703//2060
f 1699//2142 1715//2142 1703//2142
f 1717//2064 1718//2064 1706//2064
f 1705//2064 1719//2064 1706//2064
f 1719//2064 1717//2064 1706//2064
f 1718//2142 1700//2142 1706//2142
f 1718//2142 1701//2142 1700//2142
f 1665//2060 1720//2060 1666//2060
f 1720//2143 1711//2143 1666//2143
f 1721//2060 1722//2060 1707//2060
f 1722//2060 1712//2060 1707//2060
f 1714//2144 1721//2144 1707//2144
f 1713//2064 1723//2064 1714//2064
f 1724//2145 1711//2145 1720//2145
f 1725//2060 1722//2060 1721//2060
f 1726//2064 1667//2064 1711//2064
f 1724//2064 1726//2064 1711//2064
f 1723//2064 1727//2064 1714//2064
f 1727//2064 1728//2064 1714//2064
f 1665//2060 1729//2060 1720//2060
f 1730//2060 1731//2060 1721//2060
f 1731//2060 1725//2060 1721//2060
f 1732//2064 1733//2064 1714//2064
f 1728//2064 1732//2064 1714//2064
f 1733//2146 1721//2146 1714//2146
f 1729//2060 1734//2060 1720//2060
f 1733//2147 1724//2147 1720//2147
f 1734//2147 1733//2147 1720//2147
f 1734//2060 1729//2060 1721//2060
f 1729//2060 1730//2060 1721//2060
f 1733//2148 1734//2148 1721//2148
f 1733//2064 1726//2064 1724//2064
f 1732//2064 1735//2064 1733//2064
f 1735//2064 1726//2064 1733//2064
f 1709//2149 1715//2149 1699//2149
f 1736//2060 1716//2060 1715//2060
f 1709//2149 1736//2149 1715//2149
f 1717//2064 1737//2064 1718//2064
f 1737//2149 1701//2149 1718//2149
f 1737//2149 1710//2149 1701//2149
f 1738//2150 1739//2150 1669//2150
f 1668//2151 1738//2151 1669//2151
f 1738//2152 1740//2152 1739//2152
f 1741//2153 1742//2153 1671//2153
f 1691//2154 1741//2154 1671//2154
f 1741//2155 1743//2155 1742//2155
f 1674//2156 1744//2156 1668//2156
f 1708//2157 1736//2157 1709//2157
f 1745//2060 1716//2060 1736//2060
f 1708//2157 1745//2157 1736//2157
f 1717//2064 1746//2064 1737//2064
f 1746//2157 1710//2157 1737//2157
f 1746//2157 1713//2157 1710//2157
f 1739//2158 1670//2158 1669//2158
f 1743//2159 1747//2159 1742//2159
f 1747//2160 1671//2160 1742//2160
f 1747//2161 1672//2161 1671//2161
f 1744//2162 1738//2162 1668//2162
f 1690//2163 1741//2163 1691//2163
f 1740//2159 1748//2159 1739//2159
f 1748//2164 1670//2164 1739//2164
f 1749//2165 1738//2165 1744//2165
f 1749//2166 1740//2166 1738//2166
f 1750//2167 1741//2167 1690//2167
f 1750//2168 1743//2168 1741//2168
f 1748//2169 1676//2169 1670//2169
f 1674//2170 1751//2170 1744//2170
f 1751//2171 1752//2171 1744//2171
f 1747//2172 1673//2172 1672//2172
f 1692//2173 1750//2173 1690//2173
f 1712//2174 1745//2174 1708//2174
f 1753//2060 1716//2060 1745//2060
f 1712//2174 1753//2174 1745//2174
f 1717//2064 1754//2064 1746//2064
f 1754//2174 1713//2174 1746//2174
f 1754//2174 1723//2174 1713//2174
f 1740//2175 1755//2175 1748//2175
f 1755//2176 1676//2176 1748//2176
f 1756//2177 1757//2177 1740//2177
f 1749//2178 1756//2178 1740//2178
f 1758//2179 1759//2179 1740//2179
f 1757//2180 1758//2180 1740//2180
f 1759//2181 1755//2181 1740//2181
f 1756//2182 1749//2182 1744//2182
f 1752//2183 1756//2183 1744//2183
f 1743//2175 1760//2175 1747//2175
f 1760//2184 1673//2184 1747//2184
f 1750//2185 1761//2185 1743//2185
f 1761//2186 1762//2186 1743//2186
f 1762//2181 1760//2181 1743//2181
f 1757//2187 1756//2187 1752//2187
f 1763//2188 1757//2188 1752//2188
f 1764//2189 1750//2189 1692//2189
f 1751//97 1765//97 1752//97
f 1667//97 1764//97 1692//97
f 1755//2190 1766//2190 1676//2190
f 1760//2191 1675//2191 1673//2191
f 1761//2192 1750//2192 1764//2192
f 1767//2193 1761//2193 1764//2193
f 1766//97 1665//97 1676//97
f 1765//2194 1763//2194 1752//2194
f 1667//97 1767//97 1764//97
f 1759//2195 1766//2195 1755//2195
f 1762//2196 1675//2196 1760//2196
f 1722//2197 1753//2197 1712//2197
f 1768//2060 1716//2060 1753//2060
f 1722//2197 1768//2197 1753//2197
f 1717//2064 1769//2064 1754//2064
f 1769//2197 1723//2197 1754//2197
f 1769//2197 1727//2197 1723//2197
f 1762//2198 1770//2198 1675//2198
f 1771//2199 1757//2199 1763//2199
f 1759//2200 1771//2200 1766//2200
f 1762//2201 1772//2201 1770//2201
f 1772//2202 1761//2202 1767//2202
f 1770//97 1674//97 1675//97
f 1758//2203 1771//2203 1759//2203
f 1758//2204 1757//2204 1771//2204
f 1761//2205 1772//2205 1762//2205
f 1765//2206 1771//2206 1763//2206
f 1765//97 1665//97 1766//97
f 1771//97 1765//97 1766//97
f 1772//97 1674//97 1770//97
f 1667//97 1772//97 1767//97
f 1667//97 1674//97 1772//97
f 1725//2207 1768//2207 1722//2207
f 1773//2060 1716//2060 1768//2060
f 1725//2207 1773//2207 1768//2207
f 1717//2064 1774//2064 1769//2064
f 1774//2207 1727//2207 1769//2207
f 1774//2207 1728//2207 1727//2207
f 1731//2208 1773//2208 1725//2208
f 1775//2060 1716//2060 1773//2060
f 1731//2208 1775//2208 1773//2208
f 1717//2064 1776//2064 1774//2064
f 1776//2208 1728//2208 1774//2208
f 1776//2208 1732//2208 1728//2208
f 1730//2209 1775//2209 1731//2209
f 1777//2060 1716//2060 1775//2060
f 1730//2209 1777//2209 1775//2209
f 1717//2064 1778//2064 1776//2064
f 1778//2209 1732//2209 1776//2209
f 1778//2209 1735//2209 1732//2209
f 1729//2210 1777//2210 1730//2210
f 1779//2060 1780//2060 1777//2060
f 1780//2060 1716//2060 1777//2060
f 1729//2210 1779//2210 1777//2210
f 1717//2064 1781//2064 1778//2064
f 1781//2210 1735//2210 1778//2210
f 1781//2210 1726//2210 1735//2210
f 1779//2211 1729//2211 1665//2211
f 1765//2211 1779//2211 1665//2211
f 1751//2212 1782//2212 1765//2212
f 1782//2213 1783//2213 1765//2213
f 1783//2214 1784//2214 1765//2214
f 1785//2060 1780//2060 1765//2060
f 1780//2060 1779//2060 1765//2060
f 1784//2060 1786//2060 1765//2060
f 1786//2060 1785//2060 1765//2060
f 1787//2215 1751//2215 1674//2215
f 1788//2216 1787//2216 1674//2216
f 1789//97 1790//97 1674//97
f 1790//97 1788//97 1674//97
f 1791//2064 1792//2064 1674//2064
f 1781//2064 1791//2064 1674//2064
f 1792//2064 1793//2064 1674//2064
f 1793//2064 1789//2064 1674//2064
f 1726//2211 1781//2211 1674//2211
f 1667//2211 1726//2211 1674//2211
f 1717//2064 1791//2064 1781//2064
f 1683//2217 1677//2217 1794//2217
f 1795//4 1796//4 1794//4
f 1677//2218 1795//2218 1794//2218
f 1796//4 1797//4 1794//4
f 1797//2219 1683//2219 1794//2219
f 1798//4 1796//4 1795//4
f 1679//2220 1795//2220 1677//2220
f 1684//2221 1683//2221 1797//2221
f 1799//4 1798//4 1795//4
f 1679//2222 1799//2222 1795//2222
f 1800//4 1801//4 1797//4
f 1796//4 1800//4 1797//4
f 1801//2223 1684//2223 1797//2223
f 1685//2224 1684//2224 1801//2224
f 1802//4 1798//4 1799//4
f 1678//2225 1799//2225 1679//2225
f 1800//4 1803//4 1801//4
f 1803//2226 1685//2226 1801//2226
f 1787//2227 1796//2227 1751//2227
f 1798//2228 1751//2228 1796//2228
f 1800//2229 1796//2229 1787//2229
f 1798//2230 1782//2230 1751//2230
f 1804//4 1802//4 1799//4
f 1678//2231 1804//2231 1799//2231
f 1800//4 1805//4 1803//4
f 1686//2232 1685//2232 1803//2232
f 1788//2233 1800//2233 1787//2233
f 1802//2234 1782//2234 1798//2234
f 1805//2235 1800//2235 1788//2235
f 1681//2236 1804//2236 1678//2236
f 1805//4 1806//4 1803//4
f 1806//2237 1686//2237 1803//2237
f 1802//2238 1783//2238 1782//2238
f 1790//2239 1805//2239 1788//2239
f 1807//4 1802//4 1804//4
f 1687//2060 1686//2060 1806//2060
f 1807//2240 1783//2240 1802//2240
f 1808//4 1807//4 1804//4
f 1809//4 1808//4 1804//4
f 1681//2064 1809//2064 1804//2064
f 1680//4 1810//4 1681//4
f 1810//2241 1809//2241 1681//2241
f 1808//2242 1783//2242 1807//2242
f 1811//2243 1805//2243 1790//2243
f 1811//4 1812//4 1805//4
f 1812//4 1806//4 1805//4
f 1812//2244 1687//2244 1806//2244
f 1813//2245 1811//2245 1790//2245
f 1789//2246 1813//2246 1790//2246
f 1808//2247 1814//2247 1783//2247
f 1814//2248 1784//2248 1783//2248
f 1809//4 1815//4 1808//4
f 1816//2249 1811//2249 1813//2249
f 1816//4 1817//4 1811//4
f 1817//4 1812//4 1811//4
f 1810//2250 1815//2250 1809//2250
f 1818//2251 1687//2251 1812//2251
f 1818//4 1688//4 1687//4
f 1819//4 1817//4 1816//4
f 1820//2252 1814//2252 1808//2252
f 1815//4 1821//4 1808//4
f 1821//4 1820//4 1808//4
f 1680//4 1822//4 1810//4
f 1822//2253 1815//2253 1810//2253
f 1817//2254 1818//2254 1812//2254
f 1820//2255 1823//2255 1814//2255
f 1823//2256 1784//2256 1814//2256
f 1824//2257 1816//2257 1813//2257
f 1789//2258 1824//2258 1813//2258
f 1821//4 1825//4 1820//4
f 1823//2259 1826//2259 1824//2259
f 1826//2260 1816//2260 1824//2260
f 1789//2261 1823//2261 1824//2261
f 1826//4 1827//4 1816//4
f 1827//4 1819//4 1816//4
f 1826//2262 1823//2262 1820//2262
f 1825//4 1826//4 1820//4
f 1825//4 1827//4 1826//4
f 1789//2263 1784//2263 1823//2263
f 1822//2264 1821//2264 1815//2264
f 1819//2265 1828//2265 1817//2265
f 1828//2266 1818//2266 1817//2266
f 1828//4 1688//4 1818//4
f 1680//4 1829//4 1822//4
f 1829//2267 1821//2267 1822//2267
f 1829//2268 1825//2268 1821//2268
f 1830//2269 1828//2269 1819//2269
f 1830//4 1688//4 1828//4
f 1680//4 1831//4 1829//4
f 1831//2270 1825//2270 1829//2270
f 1827//2271 1830//2271 1819//2271
f 1831//2272 1827//2272 1825//2272
f 1831//2273 1830//2273 1827//2273
f 1831//4 1688//4 1830//4
f 1680//4 1688//4 1831//4
f 1791//2274 1716//2274 1780//2274
f 1717//2275 1716//2275 1791//2275
f 1792//2276 1791//2276 1780//2276
f 1785//2276 1792//2276 1780//2276
f 1719//2277 1716//2277 1717//2277
f 1719//2278 1704//2278 1716//2278
f 1705//2279 1704//2279 1719//2279
f 1793//2280 1792//2280 1785//2280
f 1786//2280 1793//2280 1785//2280
f 1688//2064 1832//2064 1705//2064
f 1832//2281 1704//2281 1705//2281
f 1784//2060 1833//2060 1786//2060
f 1834//2282 1793//2282 1786//2282
f 1833//2282 1834//2282 1786//2282
f 1835//2060 1680//2060 1704//2060
f 1832//2281 1835//2281 1704//2281
f 1834//2064 1789//2064 1793//2064
f 1836//2060 1680//2060 1835//2060
f 1832//2283 1836//2283 1835//2283
f 1688//2064 1837//2064 1832//2064
f 1837//2283 1836//2283 1832//2283
f 1838//2284 1839//2284 1784//2284
f 1789//2284 1838//2284 1784//2284
f 1839//2060 1840//2060 1784//2060
f 1840//2060 1833//2060 1784//2060
f 1841//4 1834//4 1833//4
f 1840//2285 1841//2285 1833//2285
f 1842//2060 1680//2060 1836//2060
f 1842//2286 1688//2286 1680//2286
f 1834//2064 1838//2064 1789//2064
f 1841//2064 1838//2064 1834//2064
f 1688//2064 1843//2064 1837//2064
f 1843//2287 1836//2287 1837//2287
f 1842//2286 1844//2286 1688//2286
f 1844//2064 1843//2064 1688//2064
f 1845//2060 1842//2060 1836//2060
f 1846//2060 1845//2060 1836//2060
f 1843//2288 1846//2288 1836//2288
f 1847//2064 1838//2064 1841//2064
f 1839//2060 1848//2060 1840//2060
f 1848//2060 1849//2060 1840//2060
f 1849//2060 1850//2060 1840//2060
f 1851//2289 1841//2289 1840//2289
f 1850//2290 1851//2290 1840//2290
f 1852//2060 1845//2060 1846//2060
f 1853//2064 1847//2064 1841//2064
f 1851//2064 1853//2064 1841//2064
f 1844//2064 1854//2064 1843//2064
f 1849//2060 1855//2060 1850//2060
f 1856//2060 1852//2060 1846//2060
f 1857//2064 1853//2064 1851//2064
f 1854//2064 1858//2064 1843//2064
f 1858//2064 1859//2064 1843//2064
f 1859//2064 1860//2064 1843//2064
f 1860//2291 1846//2291 1843//2291
f 1847//2292 1848//2292 1839//2292
f 1838//2292 1847//2292 1839//2292
f 1845//2293 1844//2293 1842//2293
f 1845//2293 1854//2293 1844//2293
f 1855//2060 1861//2060 1850//2060
f 1862//2294 1851//2294 1850//2294
f 1863//2060 1864//2060 1846//2060
f 1865//2060 1856//2060 1846//2060
f 1864//2060 1865//2060 1846//2060
f 1860//2295 1863//2295 1846//2295
f 1862//2064 1866//2064 1851//2064
f 1867//2064 1857//2064 1851//2064
f 1866//2064 1867//2064 1851//2064
f 1859//2064 1868//2064 1860//2064
f 1861//2060 1869//2060 1850//2060
f 1869//2060 1870//2060 1850//2060
f 1871//2296 1862//2296 1850//2296
f 1870//2297 1871//2297 1850//2297
f 1872//2060 1864//2060 1863//2060
f 1860//2298 1873//2298 1863//2298
f 1874//2064 1866//2064 1862//2064
f 1868//2064 1875//2064 1860//2064
f 1875//2064 1876//2064 1860//2064
f 1876//2299 1873//2299 1860//2299
f 1869//2060 1877//2060 1870//2060
f 1878//2060 1879//2060 1863//2060
f 1879//2060 1872//2060 1863//2060
f 1873//2300 1880//2300 1863//2300
f 1880//2301 1878//2301 1863//2301
f 1881//2064 1874//2064 1862//2064
f 1871//2302 1882//2302 1862//2302
f 1875//2064 1883//2064 1876//2064
f 1884//2303 1873//2303 1876//2303
f 1885//2304 1880//2304 1873//2304
f 1886//2305 1887//2305 1871//2305
f 1885//2306 1888//2306 1880//2306
f 1889//2307 1885//2307 1873//2307
f 1887//2308 1882//2308 1871//2308
f 1887//2309 1890//2309 1882//2309
f 1884//2310 1889//2310 1873//2310
f 1891//2311 1878//2311 1880//2311
f 1888//2312 1891//2312 1880//2312
f 1870//2313 1892//2313 1871//2313
f 1892//2314 1886//2314 1871//2314
f 1893//2315 1889//2315 1884//2315
f 1877//2060 1894//2060 1870//2060
f 1894//2060 1895//2060 1870//2060
f 1891//2316 1892//2316 1870//2316
f 1895//2317 1891//2317 1870//2317
f 1896//2060 1879//2060 1878//2060
f 1897//2064 1898//2064 1862//2064
f 1898//2064 1881//2064 1862//2064
f 1882//2318 1897//2318 1862//2318
f 1883//2064 1899//2064 1876//2064
f 1891//2319 1886//2319 1892//2319
f 1888//2320 1900//2320 1891//2320
f 1890//2321 1901//2321 1882//2321
f 1900//2322 1886//2322 1891//2322
f 1902//2323 1897//2323 1882//2323
f 1901//2324 1902//2324 1882//2324
f 1903//2325 1893//2325 1884//2325
f 1904//2060 1878//2060 1895//2060
f 1894//2060 1905//2060 1895//2060
f 1905//2060 1904//2060 1895//2060
f 1878//2326 1891//2326 1895//2326
f 1906//2060 1896//2060 1878//2060
f 1907//2064 1898//2064 1897//2064
f 1908//2064 1897//2064 1876//2064
f 1899//2064 1909//2064 1876//2064
f 1909//2064 1908//2064 1876//2064
f 1897//2327 1902//2327 1876//2327
f 1902//2328 1884//2328 1876//2328
f 1902//2329 1903//2329 1884//2329
f 1901//2330 1903//2330 1902//2330
f 1904//2060 1906//2060 1878//2060
f 1908//2064 1907//2064 1897//2064
f 1853//2331 1849//2331 1848//2331
f 1847//2331 1853//2331 1848//2331
f 1852//2332 1854//2332 1845//2332
f 1852//2332 1858//2332 1854//2332
f 1857//2333 1855//2333 1849//2333
f 1853//2333 1857//2333 1849//2333
f 1856//2334 1858//2334 1852//2334
f 1856//2334 1859//2334 1858//2334
f 1867//2335 1861//2335 1855//2335
f 1857//2335 1867//2335 1855//2335
f 1865//2336 1859//2336 1856//2336
f 1865//2336 1868//2336 1859//2336
f 1866//2337 1869//2337 1861//2337
f 1867//2337 1866//2337 1861//2337
f 1864//2338 1868//2338 1865//2338
f 1864//2338 1875//2338 1868//2338
f 1874//2339 1877//2339 1869//2339
f 1866//2339 1874//2339 1869//2339
f 1872//2340 1875//2340 1864//2340
f 1872//2340 1883//2340 1875//2340
f 1881//2341 1894//2341 1877//2341
f 1874//2341 1881//2341 1877//2341
f 1879//2342 1883//2342 1872//2342
f 1879//2342 1899//2342 1883//2342
f 1898//2343 1905//2343 1894//2343
f 1881//2343 1898//2343 1894//2343
f 1896//2344 1899//2344 1879//2344
f 1896//2344 1909//2344 1899//2344
f 1887//2345 1886//2345 1905//2345
f 1886//2346 1904//2346 1905//2346
f 1898//2347 1887//2347 1905//2347
f 1906//2348 1888//2348 1896//2348
f 1888//2349 1885//2349 1896//2349
f 1885//2350 1909//2350 1896//2350
f 1907//2351 1901//2351 1898//2351
f 1901//2352 1890//2352 1898//2352
f 1890//2353 1887//2353 1898//2353
f 1885//2354 1889//2354 1909//2354
f 1889//2355 1893//2355 1909//2355
f 1893//2356 1908//2356 1909//2356
f 1886//2357 1900//2357 1904//2357
f 1900//2358 1906//2358 1904//2358
f 1900//2359 1888//2359 1906//2359
f 1903//2360 1908//2360 1893//2360
f 1908//2361 1903//2361 1907//2361
f 1903//2362 1901//2362 1907//2362
f 1910//2060 1655//2060 1911//2060
f 1912//2060 1910//2060 1911//2060
f 1655//2363 1913//2363 1911//2363
f 1914//2060 1915//2060 1655//2060
f 1910//2060 1914//2060 1655//2060
f 1656//2363 1913//2363 1655//2363
f 1915//4 1676//4 1655//4
f 1669//4 1672//4 1655//4
f 1656//2064 1916//2064 1913//2064
f 1917//2364 1918//2364 1656//2364
f 1918//2064 1919//2064 1656//2064
f 1919//2064 1916//2064 1656//2064
f 1671//4 1691//4 1656//4
f 1690//2365 1692//2365 1656//2365
f 1692//4 1917//4 1656//4
f 1913//2366 1920//2366 1911//2366
f 1916//2064 1920//2064 1913//2064
f 1921//2060 1912//2060 1911//2060
f 1920//2367 1921//2367 1911//2367
f 1922//2060 1912//2060 1921//2060
f 1923//2064 1924//2064 1920//2064
f 1916//2064 1923//2064 1920//2064
f 1924//2368 1922//2368 1921//2368
f 1920//2369 1924//2369 1921//2369
f 1924//2370 1923//2370 1922//2370
f 1916//2371 1912//2371 1922//2371
f 1923//2372 1916//2372 1922//2372
f 1925//2373 1926//2373 1912//2373
f 1926//2374 1927//2374 1912//2374
f 1916//2375 1925//2375 1912//2375
f 1928//2376 1929//2376 1916//2376
f 1929//2377 1930//2377 1916//2377
f 1930//2378 1925//2378 1916//2378
f 1931//2379 1926//2379 1925//2379
f 1930//2380 1931//2380 1925//2380
f 1932//2381 1933//2381 1929//2381
f 1933//2382 1930//2382 1929//2382
f 1934//2383 1935//2383 1931//2383
f 1935//2384 1926//2384 1931//2384
f 1936//2385 1934//2385 1931//2385
f 1937//2386 1936//2386 1931//2386
f 1930//2387 1937//2387 1931//2387
f 1932//2388 1938//2388 1933//2388
f 1938//2389 1930//2389 1933//2389
f 1939//2390 1940//2390 1932//2390
f 1940//2391 1938//2391 1932//2391
f 1941//2392 1939//2392 1932//2392
f 1929//2393 1941//2393 1932//2393
f 1942//2394 1937//2394 1930//2394
f 1938//2395 1942//2395 1930//2395
f 1928//2396 1941//2396 1929//2396
f 1935//2397 1927//2397 1926//2397
f 1943//2398 1939//2398 1941//2398
f 1927//97 1944//97 1912//97
f 1945//97 1910//97 1912//97
f 1944//97 1945//97 1912//97
f 1938//97 1946//97 1942//97
f 1940//2399 1946//2399 1938//2399
f 1947//2400 1941//2400 1928//2400
f 1916//2401 1947//2401 1928//2401
f 1919//97 1948//97 1916//97
f 1948//97 1949//97 1916//97
f 1949//97 1947//97 1916//97
f 1934//2402 1950//2402 1935//2402
f 1950//2403 1927//2403 1935//2403
f 1951//2404 1937//2404 1942//2404
f 1951//2405 1936//2405 1937//2405
f 1939//2406 1952//2406 1940//2406
f 1953//2407 1941//2407 1947//2407
f 1953//2408 1943//2408 1941//2408
f 1950//2409 1944//2409 1927//2409
f 1934//2410 1954//2410 1950//2410
f 1955//2411 1951//2411 1942//2411
f 1946//97 1955//97 1942//97
f 1956//2412 1936//2412 1951//2412
f 1952//2413 1957//2413 1940//2413
f 1957//2414 1946//2414 1940//2414
f 1958//2415 1959//2415 1950//2415
f 1954//2416 1958//2416 1950//2416
f 1959//2417 1944//2417 1950//2417
f 1960//2418 1951//2418 1955//2418
f 1961//2419 1960//2419 1955//2419
f 1946//97 1961//97 1955//97
f 1960//2420 1956//2420 1951//2420
f 1957//2421 1962//2421 1946//2421
f 1962//97 1961//97 1946//97
f 1963//2422 1953//2422 1947//2422
f 1949//2422 1963//2422 1947//2422
f 1964//2423 1943//2423 1953//2423
f 1963//2424 1964//2424 1953//2424
f 1952//2425 1965//2425 1957//2425
f 1966//2426 1963//2426 1949//2426
f 1966//2427 1964//2427 1963//2427
f 1668//2428 1669//2428 1934//2428
f 1936//2429 1668//2429 1934//2429
f 1668//4 1672//4 1669//4
f 1691//2430 1671//2430 1939//2430
f 1670//2431 1934//2431 1669//2431
f 1673//4 1672//4 1668//4
f 1671//2432 1952//2432 1939//2432
f 1943//2433 1691//2433 1939//2433
f 1670//2434 1954//2434 1934//2434
f 1672//2435 1952//2435 1671//2435
f 1670//2436 1958//2436 1954//2436
f 1744//2437 1668//2437 1936//2437
f 1956//2438 1744//2438 1936//2438
f 1744//2439 1673//2439 1668//2439
f 1690//2440 1691//2440 1943//2440
f 1959//2441 1945//2441 1944//2441
f 1958//2442 1967//2442 1959//2442
f 1967//2443 1945//2443 1959//2443
f 1957//2444 1968//2444 1962//2444
f 1968//97 1961//97 1962//97
f 1965//2445 1969//2445 1957//2445
f 1969//2444 1968//2444 1957//2444
f 1948//2446 1966//2446 1949//2446
f 1675//2447 1673//2447 1744//2447
f 1770//2448 1675//2448 1744//2448
f 1672//2449 1965//2449 1952//2449
f 1964//2450 1690//2450 1943//2450
f 1970//2451 1960//2451 1961//2451
f 1971//2451 1970//2451 1961//2451
f 1968//97 1971//97 1961//97
f 1970//2452 1956//2452 1960//2452
f 1676//2453 1958//2453 1670//2453
f 1692//2454 1690//2454 1964//2454
f 1752//2455 1744//2455 1956//2455
f 1752//2456 1770//2456 1744//2456
f 1673//2457 1965//2457 1672//2457
f 1967//2458 1972//2458 1945//2458
f 1972//97 1910//97 1945//97
f 1676//2459 1973//2459 1958//2459
f 1973//2460 1967//2460 1958//2460
f 1974//2461 1752//2461 1956//2461
f 1970//2462 1974//2462 1956//2462
f 1975//2463 1966//2463 1948//2463
f 1975//2464 1964//2464 1966//2464
f 1976//2465 1967//2465 1973//2465
f 1673//2466 1977//2466 1965//2466
f 1977//2467 1978//2467 1965//2467
f 1978//2468 1969//2468 1965//2468
f 1764//2469 1692//2469 1964//2469
f 1979//2469 1764//2469 1964//2469
f 1975//2470 1979//2470 1964//2470
f 1764//4 1917//4 1692//4
f 1766//2471 1973//2471 1676//2471
f 1915//4 1766//4 1676//4
f 1763//2472 1752//2472 1974//2472
f 1980//2473 1763//2473 1974//2473
f 1970//2474 1980//2474 1974//2474
f 1763//2475 1770//2475 1752//2475
f 1675//2476 1977//2476 1673//2476
f 1767//2477 1764//2477 1979//2477
f 1767//4 1917//4 1764//4
f 1976//2458 1972//2458 1967//2458
f 1969//2478 1981//2478 1968//2478
f 1981//97 1971//97 1968//97
f 1978//2479 1981//2479 1969//2479
f 1982//2480 1975//2480 1948//2480
f 1919//97 1982//97 1948//97
f 1766//2481 1983//2481 1973//2481
f 1983//2482 1984//2482 1973//2482
f 1984//2483 1976//2483 1973//2483
f 1970//2484 1985//2484 1980//2484
f 1986//2485 1978//2485 1977//2485
f 1987//2486 1770//2486 1763//2486
f 1675//2487 1988//2487 1977//2487
f 1988//2488 1986//2488 1977//2488
f 1989//2489 1767//2489 1979//2489
f 1975//2490 1990//2490 1979//2490
f 1990//2491 1989//2491 1979//2491
f 1985//2492 1970//2492 1971//2492
f 1991//2493 1985//2493 1971//2493
f 1981//97 1991//97 1971//97
f 1992//2494 1975//2494 1982//2494
f 1919//97 1992//97 1982//97
f 1993//2495 1984//2495 1983//2495
f 1994//2496 1763//2496 1980//2496
f 1985//2497 1995//2497 1980//2497
f 1995//2498 1994//2498 1980//2498
f 1996//2499 1986//2499 1988//2499
f 1770//2500 1988//2500 1675//2500
f 1990//2501 1997//2501 1989//2501
f 1766//2502 1998//2502 1983//2502
f 1998//2503 1993//2503 1983//2503
f 1771//2504 1763//2504 1994//2504
f 1771//2505 1987//2505 1763//2505
f 1999//2506 1996//2506 1988//2506
f 1766//2507 1994//2507 1998//2507
f 1994//2508 2000//2508 1998//2508
f 2000//2509 1993//2509 1998//2509
f 1771//2510 1994//2510 1766//2510
f 1783//2511 1782//2511 1766//2511
f 1915//2512 1783//2512 1766//2512
f 1751//4 1771//4 1766//4
f 1782//2513 1751//2513 1766//2513
f 1995//2514 2001//2514 1994//2514
f 2002//4 1987//4 1771//4
f 1751//4 2003//4 1771//4
f 2003//4 2002//4 1771//4
f 1770//2515 2004//2515 1988//2515
f 2004//2516 1999//2516 1988//2516
f 1772//2517 2004//2517 1770//2517
f 2005//4 2006//4 1770//4
f 1987//4 2005//4 1770//4
f 2006//4 2007//4 1770//4
f 2007//4 2008//4 1770//4
f 2008//4 2009//4 1770//4
f 2009//4 2010//4 1770//4
f 2010//4 2011//4 1770//4
f 2011//4 1772//4 1770//4
f 1772//2518 1767//2518 1989//2518
f 1997//2519 2012//2519 1989//2519
f 2013//4 1917//4 1767//4
f 1772//4 2014//4 1767//4
f 2014//4 2015//4 1767//4
f 2015//4 2013//4 1767//4
f 1772//2520 1989//2520 2004//2520
f 1989//2521 2012//2521 2004//2521
f 2012//2522 1999//2522 2004//2522
f 2011//4 2014//4 1772//4
f 1976//2523 2016//2523 1972//2523
f 2016//97 1910//97 1972//97
f 1984//2523 2016//2523 1976//2523
f 2001//2522 2000//2522 1994//2522
f 1986//2524 1981//2524 1978//2524
f 1990//2494 1975//2494 1992//2494
f 1995//2525 1985//2525 1991//2525
f 2017//2526 1995//2526 1991//2526
f 2018//97 2017//97 1991//97
f 1981//97 2018//97 1991//97
f 1986//2527 2018//2527 1981//2527
f 1997//2528 1990//2528 1992//2528
f 1984//2529 2019//2529 2016//2529
f 2019//97 1910//97 2016//97
f 1993//2529 2019//2529 1984//2529
f 1996//2530 2018//2530 1986//2530
f 2020//2528 1997//2528 1992//2528
f 1919//97 2020//97 1992//97
f 2001//2531 1995//2531 2017//2531
f 2018//97 568//97 2017//97
f 1996//2532 2021//2532 2018//2532
f 1409//97 1355//97 2018//97
f 1355//97 1354//97 2018//97
f 1354//97 568//97 2018//97
f 2021//97 1409//97 2018//97
f 1999//2533 2021//2533 1996//2533
f 2012//2531 1997//2531 2020//2531
f 1993//2534 2022//2534 2019//2534
f 2023//4 1910//4 2019//4
f 2022//97 2023//97 2019//97
f 2000//2534 2022//2534 1993//2534
f 2024//2531 2001//2531 2017//2531
f 568//97 2024//97 2017//97
f 2025//2535 2012//2535 2020//2535
f 1919//97 2025//97 2020//97
f 2000//2536 2001//2536 2024//2536
f 2022//2536 2000//2536 2024//2536
f 568//97 2022//97 2024//97
f 1999//2537 2025//2537 2021//2537
f 2025//97 1446//97 2021//97
f 1446//97 1409//97 2021//97
f 2012//2538 2025//2538 1999//2538
f 568//97 610//97 2022//97
f 610//4 2023//4 2022//4
f 1919//97 1462//97 2025//97
f 1462//97 1446//97 2025//97
f 2026//2060 1915//2060 1914//2060
f 1917//2539 2027//2539 1918//2539
f 2028//4 2029//4 2030//4
f 2031//4 2028//4 2030//4
f 2029//2540 2015//2540 2030//2540
f 2015//2540 2014//2540 2030//2540
f 2014//2541 2031//2541 2030//2541
f 2011//2541 2031//2541 2014//2541
f 2032//4 2028//4 2031//4
f 2011//2542 2032//2542 2031//2542
f 2010//2542 2032//2542 2011//2542
f 2033//4 2034//4 2029//4
f 2028//4 2033//4 2029//4
f 2034//2543 2013//2543 2029//2543
f 2013//2543 2015//2543 2029//2543
f 2035//2544 1914//2544 1910//2544
f 2023//2545 2035//2545 1910//2545
f 2036//4 2026//4 1914//4
f 2037//4 2036//4 1914//4
f 2035//97 2037//97 1914//97
f 2038//97 1462//97 1919//97
f 1918//2546 2038//2546 1919//2546
f 2027//2547 2038//2547 1918//2547
f 2039//4 2028//4 2032//4
f 2040//4 2039//4 2032//4
f 2010//2548 2040//2548 2032//2548
f 2009//2548 2040//2548 2010//2548
f 2033//4 2041//4 2034//4
f 2041//2549 1917//2549 2034//2549
f 1917//2549 2013//2549 2034//2549
f 2042//4 2039//4 2040//4
f 2009//2550 2042//2550 2040//2550
f 2008//2550 2042//2550 2009//2550
f 2043//4 2044//4 2041//4
f 2033//4 2043//4 2041//4
f 2044//2551 2027//2551 2041//2551
f 2027//2552 1917//2552 2041//2552
f 2045//4 2037//4 2035//4
f 2046//4 2045//4 2035//4
f 2047//4 2039//4 2042//4
f 2048//4 2047//4 2042//4
f 2008//2553 2048//2553 2042//2553
f 2007//2553 2048//2553 2008//2553
f 2043//4 2049//4 2044//4
f 2049//2554 2027//2554 2044//2554
f 643//97 628//97 2023//97
f 628//97 1066//97 2023//97
f 610//97 643//97 2023//97
f 2050//2555 2035//2555 2023//2555
f 1066//2556 2050//2556 2023//2556
f 2051//4 2046//4 2035//4
f 2050//4 2051//4 2035//4
f 1466//97 1462//97 2038//97
f 1465//4 1466//4 2038//4
f 2027//2557 1465//2557 2038//2557
f 2052//2558 2050//2558 1066//2558
f 2052//4 2051//4 2050//4
f 2053//97 1466//97 1465//97
f 2027//2559 2053//2559 1465//2559
f 2054//792 2053//792 2027//792
f 2055//4 2047//4 2048//4
f 2056//4 2055//4 2048//4
f 2007//2560 2056//2560 2048//2560
f 2006//2560 2056//2560 2007//2560
f 2057//4 2058//4 2049//4
f 2043//4 2057//4 2049//4
f 2058//2561 2054//2561 2049//2561
f 2054//2562 2027//2562 2049//2562
f 2033//2563 2028//2563 1446//2563
f 2028//2564 1409//2564 1446//2564
f 1462//2565 2033//2565 1446//2565
f 2039//2566 1409//2566 2028//2566
f 2043//2567 2033//2567 1462//2567
f 628//97 990//97 1066//97
f 990//2568 2052//2568 1066//2568
f 1469//97 1466//97 2053//97
f 2054//2569 1469//2569 2053//2569
f 2059//2569 1469//2569 2054//2569
f 2060//4 2055//4 2056//4
f 2006//2570 2060//2570 2056//2570
f 2005//2570 2060//2570 2006//2570
f 2057//4 2061//4 2058//4
f 2061//2571 2059//2571 2058//2571
f 2059//2572 2054//2572 2058//2572
f 2039//2573 1355//2573 1409//2573
f 917//2574 2052//2574 990//2574
f 628//97 917//97 990//97
f 917//2575 2062//2575 2052//2575
f 2062//4 2051//4 2052//4
f 2063//2576 1359//2576 1469//2576
f 2059//2576 2063//2576 1469//2576
f 1453//97 1466//97 1469//97
f 1359//97 1453//97 1469//97
f 2039//2577 1354//2577 1355//2577
f 2047//2578 1354//2578 2039//2578
f 1466//2579 2057//2579 1462//2579
f 2057//2165 2043//2165 1462//2165
f 2055//2580 1354//2580 2047//2580
f 2064//4 2055//4 2060//4
f 2065//4 2064//4 2060//4
f 2005//2581 2065//2581 2060//2581
f 1987//2581 2065//2581 2005//2581
f 2066//4 2067//4 2061//4
f 2057//4 2066//4 2061//4
f 2067//2582 2068//2582 2061//2582
f 2068//2583 2059//2583 2061//2583
f 2068//4 2063//4 2059//4
f 2055//2584 1353//2584 1354//2584
f 1353//97 568//97 1354//97
f 2066//2585 2057//2585 1466//2585
f 2069//2586 2062//2586 917//2586
f 601//97 2069//97 917//97
f 628//97 601//97 917//97
f 2069//2587 2070//2587 2062//2587
f 2071//4 2051//4 2062//4
f 2070//4 2071//4 2062//4
f 2072//2588 1360//2588 1359//2588
f 2063//2588 2072//2588 1359//2588
f 1360//97 1453//97 1359//97
f 2068//4 2072//4 2063//4
f 2064//2589 1353//2589 2055//2589
f 1453//2590 2066//2590 1466//2590
f 2073//4 2064//4 2065//4
f 1987//2591 2073//2591 2065//2591
f 2002//2591 2073//2591 1987//2591
f 2066//4 2074//4 2067//4
f 2074//2451 2075//2451 2067//2451
f 2075//2451 2068//2451 2067//2451
f 2075//4 2072//4 2068//4
f 2076//2592 2066//2592 1453//2592
f 2076//4 2074//4 2066//4
f 2077//4 2064//4 2073//4
f 2002//2593 2077//2593 2073//2593
f 2003//2593 2077//2593 2002//2593
f 2064//2594 1243//2594 1353//2594
f 1243//97 568//97 1353//97
f 1415//2595 2076//2595 1453//2595
f 1360//97 1415//97 1453//97
f 2078//4 2074//4 2076//4
f 2078//2596 2079//2596 2074//2596
f 2079//2596 2075//2596 2074//2596
f 2079//4 2080//4 2075//4
f 2080//4 2072//4 2075//4
f 2081//2597 1243//2597 2064//2597
f 2077//4 2081//4 2064//4
f 1360//97 1362//97 1415//97
f 2082//4 2078//4 2076//4
f 596//2598 2070//2598 2069//2598
f 601//97 596//97 2069//97
f 596//2598 2083//2598 2070//2598
f 2083//4 2071//4 2070//4
f 2080//2599 1362//2599 1360//2599
f 2072//2599 2080//2599 1360//2599
f 2084//4 2081//4 2077//4
f 2003//2600 2084//2600 2077//2600
f 2085//2600 2084//2600 2003//2600
f 1751//4 2085//4 2003//4
f 2082//2601 2086//2601 2078//2601
f 2086//2601 2079//2601 2078//2601
f 2086//4 2087//4 2079//4
f 2087//4 2080//4 2079//4
f 2081//2602 1244//2602 1243//2602
f 1244//97 568//97 1243//97
f 2088//2603 2076//2603 1415//2603
f 1362//97 1361//97 1415//97
f 2088//4 2089//4 2076//4
f 2089//4 2082//4 2076//4
f 2090//2604 1244//2604 2081//2604
f 2084//4 2091//4 2081//4
f 2091//4 2090//4 2081//4
f 2092//2605 2088//2605 1415//2605
f 1368//97 2092//97 1415//97
f 1361//97 1369//97 1415//97
f 1369//97 1368//97 1415//97
f 2093//4 2089//4 2088//4
f 2085//2606 2091//2606 2084//2606
f 2094//2606 2091//2606 2085//2606
f 1751//4 2094//4 2085//4
f 2089//2607 2095//2607 2082//2607
f 2095//2607 2086//2607 2082//2607
f 2095//4 2096//4 2086//4
f 2096//4 2087//4 2086//4
f 2090//2608 1238//2608 1244//2608
f 1238//97 568//97 1244//97
f 2091//4 2097//4 2090//4
f 1357//2609 2098//2609 2092//2609
f 2098//2610 2088//2610 2092//2610
f 1368//97 1463//97 2092//97
f 1463//97 1357//97 2092//97
f 2098//4 2099//4 2088//4
f 2099//4 2093//4 2088//4
f 2100//2611 1238//2611 2090//2611
f 2097//4 2101//4 2090//4
f 2101//4 2100//4 2090//4
f 2102//4 2099//4 2098//4
f 2103//2612 2083//2612 596//2612
f 561//97 2103//97 596//97
f 2103//2612 2104//2612 2083//2612
f 2105//4 2071//4 2083//4
f 2104//4 2105//4 2083//4
f 2087//2613 1361//2613 1362//2613
f 2080//2613 2087//2613 1362//2613
f 2100//2614 1356//2614 1238//2614
f 1356//97 568//97 1238//97
f 2101//4 2106//4 2100//4
f 2107//4 2102//4 2098//4
f 2094//2615 2097//2615 2091//2615
f 2108//2615 2097//2615 2094//2615
f 1751//4 2108//4 2094//4
f 2093//2616 2109//2616 2089//2616
f 2109//2616 2095//2616 2089//2616
f 2109//4 2110//4 2095//4
f 2110//4 2111//4 2095//4
f 2111//4 2096//4 2095//4
f 2106//4 2112//4 2100//4
f 1240//2617 2113//2617 1357//2617
f 2113//2618 2098//2618 1357//2618
f 1463//97 1240//97 1357//97
f 2113//4 2114//4 2098//4
f 2114//4 2107//4 2098//4
f 1463//97 568//97 1356//97
f 2113//2619 1356//2619 2100//2619
f 2112//4 2115//4 2100//4
f 2115//4 2113//4 2100//4
f 1356//2620 2113//2620 1240//2620
f 1463//4 1356//4 1240//4
f 2116//4 2114//4 2113//4
f 2115//4 2116//4 2113//4
f 2108//2621 2101//2621 2097//2621
f 2117//2621 2101//2621 2108//2621
f 1751//2622 1787//2622 2108//2622
f 1787//2623 2117//2623 2108//2623
f 2099//2624 2118//2624 2093//2624
f 2118//2625 2109//2625 2093//2625
f 2119//4 2110//4 2109//4
f 2120//4 2119//4 2109//4
f 2118//4 2120//4 2109//4
f 2117//2626 2106//2626 2101//2626
f 2121//2626 2106//2626 2117//2626
f 1787//2627 2121//2627 2117//2627
f 2102//2628 2118//2628 2099//2628
f 2122//4 2120//4 2118//4
f 2123//4 2122//4 2118//4
f 2102//2629 2124//2629 2118//2629
f 2125//2064 2123//2064 2118//2064
f 2124//2064 2125//2064 2118//2064
f 2126//2630 2104//2630 2103//2630
f 561//97 2126//97 2103//97
f 2126//2630 2127//2630 2104//2630
f 2128//4 2105//4 2104//4
f 2127//4 2128//4 2104//4
f 2096//2631 1369//2631 1361//2631
f 2087//2632 2096//2632 1361//2632
f 2121//2633 2112//2633 2106//2633
f 2129//2633 2112//2633 2121//2633
f 1787//2634 2129//2634 2121//2634
f 2107//2635 2130//2635 2102//2635
f 2130//2636 2124//2636 2102//2636
f 1788//4 1790//4 2124//4
f 2130//97 1788//97 2124//97
f 1790//4 2125//4 2124//4
f 2129//2637 2115//2637 2112//2637
f 2131//2637 2115//2637 2129//2637
f 1788//4 2131//4 2129//4
f 1787//2638 1788//2638 2129//2638
f 2114//2639 2132//2639 2107//2639
f 2132//2639 2130//2639 2107//2639
f 2132//4 1788//4 2130//4
f 2131//2640 2116//2640 2115//2640
f 2133//2640 2116//2640 2131//2640
f 1788//4 2133//4 2131//4
f 2116//2641 2133//2641 2114//2641
f 2133//2642 2132//2642 2114//2642
f 2133//4 1788//4 2132//4
f 432//2643 2127//2643 2126//2643
f 561//97 515//97 2126//97
f 515//97 432//97 2126//97
f 432//2644 2134//2644 2127//2644
f 2134//4 2128//4 2127//4
f 2111//2645 1368//2645 1369//2645
f 2096//2646 2111//2646 1369//2646
f 2135//2647 2136//2647 2137//2647
f 2136//2648 1751//2648 2137//2648
f 1787//2649 1751//2649 2136//2649
f 2138//2650 2135//2650 2137//2650
f 1751//2651 2138//2651 2137//2651
f 1782//2652 2138//2652 1751//2652
f 2135//2653 2139//2653 2136//2653
f 2139//2654 1788//2654 2136//2654
f 1788//2655 1787//2655 2136//2655
f 601//2656 2140//2656 561//2656
f 2141//2657 561//2657 2140//2657
f 2142//97 2141//97 2140//97
f 2143//2658 2140//2658 601//2658
f 2143//97 2142//97 2140//97
f 2141//2659 515//2659 561//2659
f 628//2660 2143//2660 601//2660
f 1783//2661 2138//2661 1782//2661
f 1790//2662 1788//2662 2139//2662
f 2144//2663 515//2663 2141//2663
f 2142//97 2144//97 2141//97
f 2145//2664 2143//2664 628//2664
f 2145//97 2142//97 2143//97
f 2135//2665 2146//2665 2139//2665
f 2146//2666 1790//2666 2139//2666
f 643//2667 2145//2667 628//2667
f 2138//2668 2147//2668 2135//2668
f 2147//2669 2148//2669 2135//2669
f 2148//2670 2149//2670 2135//2670
f 2149//2671 2146//2671 2135//2671
f 1813//2672 1790//2672 2146//2672
f 2144//2673 431//2673 515//2673
f 1783//2674 2147//2674 2138//2674
f 1813//2675 2125//2675 1790//2675
f 2150//2676 431//2676 2144//2676
f 2142//97 2150//97 2144//97
f 2151//2677 2145//2677 643//2677
f 610//2678 2151//2678 643//2678
f 2151//97 2142//97 2145//97
f 348//2679 2134//2679 432//2679
f 348//2680 2152//2680 2134//2680
f 2152//4 2128//4 2134//4
f 2110//2681 1463//2681 1368//2681
f 2111//2681 2110//2681 1368//2681
f 1915//2682 1814//2682 1783//2682
f 1814//2683 2147//2683 1783//2683
f 2149//2684 1813//2684 2146//2684
f 1814//2685 2148//2685 2147//2685
f 1823//2686 2148//2686 1814//2686
f 1823//2687 1813//2687 2149//2687
f 1823//2688 1824//2688 1813//2688
f 2153//2689 2151//2689 610//2689
f 568//743 2153//743 610//743
f 2153//97 2142//97 2151//97
f 2148//2690 1823//2690 2149//2690
f 1915//2691 1823//2691 1814//2691
f 1824//2692 2125//2692 1813//2692
f 1823//2693 2125//2693 1824//2693
f 1915//2694 2125//2694 1823//2694
f 2150//2695 391//2695 431//2695
f 2154//2696 391//2696 2150//2696
f 2142//97 2154//97 2150//97
f 2155//97 2154//97 2142//97
f 2156//97 2155//97 2142//97
f 2157//97 2158//97 2142//97
f 2158//97 2156//97 2142//97
f 2159//97 2157//97 2142//97
f 2153//97 2160//97 2142//97
f 2160//97 2159//97 2142//97
f 300//97 259//97 391//97
f 259//97 348//97 391//97
f 314//97 300//97 391//97
f 2155//2697 391//2697 2154//2697
f 1463//97 527//97 568//97
f 2160//2698 2153//2698 568//2698
f 527//2699 2160//2699 568//2699
f 274//2700 2152//2700 348//2700
f 259//97 274//97 348//97
f 274//2701 2161//2701 2152//2701
f 2161//4 2128//4 2152//4
f 2119//2702 2162//2702 1463//2702
f 2110//2702 2119//2702 1463//2702
f 2162//97 315//97 1463//97
f 315//97 527//97 1463//97
f 2159//2703 2160//2703 527//2703
f 392//97 314//97 391//97
f 2155//2704 392//2704 391//2704
f 2156//2705 392//2705 2155//2705
f 315//97 516//97 527//97
f 516//2706 2159//2706 527//2706
f 315//97 394//97 516//97
f 2157//2707 2159//2707 516//2707
f 394//2708 2157//2708 516//2708
f 395//97 314//97 392//97
f 2156//2709 395//2709 392//2709
f 394//97 314//97 395//97
f 2156//2710 394//2710 395//2710
f 2158//2711 394//2711 2156//2711
f 315//97 337//97 394//97
f 337//97 314//97 394//97
f 2158//2712 2157//2712 394//2712
f 232//2713 2161//2713 274//2713
f 259//97 232//97 274//97
f 232//2714 2163//2714 2161//2714
f 2163//4 2128//4 2161//4
f 2120//2715 1379//2715 2162//2715
f 2119//2715 2120//2715 2162//2715
f 1379//97 315//97 2162//97
f 2026//2716 2125//2716 1915//2716
f 2026//2716 2123//2716 2125//2716
f 2164//2717 2071//2717 2165//2717
f 2071//2717 2105//2717 2165//2717
f 2105//2718 2166//2718 2165//2718
f 2166//4 2167//4 2165//4
f 2167//4 2168//4 2165//4
f 2168//4 2164//4 2165//4
f 2128//2718 2166//2718 2105//2718
f 2169//2719 2051//2719 2164//2719
f 2051//2719 2071//2719 2164//2719
f 2168//4 2169//4 2164//4
f 2163//2720 2170//2720 2166//2720
f 2128//2720 2163//2720 2166//2720
f 2170//4 2171//4 2166//4
f 2171//4 2167//4 2166//4
f 2172//2721 2046//2721 2169//2721
f 2046//2722 2051//2722 2169//2722
f 2168//4 2173//4 2169//4
f 2173//4 2172//4 2169//4
f 2174//2723 2170//2723 232//2723
f 179//2724 2174//2724 232//2724
f 2170//2725 2163//2725 232//2725
f 208//97 179//97 232//97
f 259//97 208//97 232//97
f 2122//2726 1377//2726 1379//2726
f 2120//2726 2122//2726 1379//2726
f 1377//97 315//97 1379//97
f 2175//2727 2045//2727 2172//2727
f 2045//2727 2046//2727 2172//2727
f 2173//4 2176//4 2172//4
f 2176//4 2175//4 2172//4
f 2177//4 2171//4 2170//4
f 2174//4 2177//4 2170//4
f 2178//2728 2037//2728 2175//2728
f 2037//2728 2045//2728 2175//2728
f 2176//4 2178//4 2175//4
f 2036//4 2179//4 2026//4
f 2180//4 2181//4 2026//4
f 2181//4 2182//4 2026//4
f 2182//4 2123//4 2026//4
f 2179//4 2183//4 2026//4
f 2183//4 2184//4 2026//4
f 2184//4 2180//4 2026//4
f 2185//4 2186//4 2123//4
f 2187//4 2188//4 2123//4
f 2188//4 2189//4 2123//4
f 2189//4 2190//4 2123//4
f 2190//4 2122//4 2123//4
f 2191//4 2192//4 2123//4
f 2192//4 2193//4 2123//4
f 2193//4 2185//4 2123//4
f 2186//4 2194//4 2123//4
f 2194//4 2195//4 2123//4
f 2195//4 2187//4 2123//4
f 2182//4 2196//4 2123//4
f 2196//4 2191//4 2123//4
f 2197//2729 2036//2729 2178//2729
f 2036//2729 2037//2729 2178//2729
f 2176//4 2197//4 2178//4
f 2168//2730 259//2730 300//2730
f 2167//2730 259//2730 2168//2730
f 314//2731 2173//2731 300//2731
f 2173//2732 2168//2732 300//2732
f 2198//2733 2179//2733 2197//2733
f 2179//2733 2036//2733 2197//2733
f 2176//4 2199//4 2197//4
f 2199//4 2198//4 2197//4
f 2171//2734 259//2734 2167//2734
f 2176//2735 2173//2735 314//2735
f 2171//2736 208//2736 259//2736
f 337//2737 2176//2737 314//2737
f 2200//2738 2174//2738 179//2738
f 208//97 207//97 179//97
f 2201//97 2200//97 179//97
f 207//97 2201//97 179//97
f 2200//2739 2202//2739 2174//2739
f 2202//4 2203//4 2174//4
f 2203//4 2177//4 2174//4
f 2190//2740 1308//2740 1377//2740
f 2122//2741 2190//2741 1377//2741
f 1308//2742 301//2742 1377//2742
f 301//97 315//97 1377//97
f 2204//2743 2183//2743 2198//2743
f 2183//2743 2179//2743 2198//2743
f 2199//4 2204//4 2198//4
f 2171//2744 207//2744 208//2744
f 2177//2745 207//2745 2171//2745
f 2199//2746 2176//2746 337//2746
f 315//2747 2199//2747 337//2747
f 2205//2748 2184//2748 2204//2748
f 2184//2748 2183//2748 2204//2748
f 2199//4 2206//4 2204//4
f 2206//4 2205//4 2204//4
f 2177//2749 2201//2749 207//2749
f 2203//2749 2201//2749 2177//2749
f 2206//2750 2199//2750 315//2750
f 2203//2751 150//2751 2201//2751
f 150//97 2200//97 2201//97
f 301//2752 2206//2752 315//2752
f 2207//2753 2208//2753 2205//2753
f 2208//2753 2184//2753 2205//2753
f 2206//4 2207//4 2205//4
f 2208//4 2180//4 2184//4
f 2209//2754 150//2754 2203//2754
f 2202//4 2209//4 2203//4
f 2210//2755 2206//2755 301//2755
f 900//4 820//4 301//4
f 820//97 2211//97 301//97
f 2211//97 732//97 301//97
f 1308//2756 900//2756 301//2756
f 2210//4 2207//4 2206//4
f 99//2757 2202//2757 2200//2757
f 150//97 99//97 2200//97
f 99//2758 2212//2758 2202//2758
f 2213//4 2209//4 2202//4
f 2212//4 2213//4 2202//4
f 2189//2443 2214//2443 1308//2443
f 2190//2759 2189//2759 1308//2759
f 946//2760 900//2760 1308//2760
f 2214//2761 958//2761 1308//2761
f 958//2762 946//2762 1308//2762
f 2215//2763 2210//2763 301//2763
f 732//97 735//97 301//97
f 735//97 2215//97 301//97
f 2216//4 2207//4 2210//4
f 2216//2764 2217//2764 2207//2764
f 2217//2765 2208//2765 2207//2765
f 2218//4 2180//4 2208//4
f 2217//4 2218//4 2208//4
f 2209//2766 98//2766 150//2766
f 2213//2767 98//2767 2209//2767
f 211//2768 2210//2768 2215//2768
f 735//97 211//97 2215//97
f 2219//4 2216//4 2210//4
f 2220//2769 2210//2769 211//2769
f 734//97 736//97 211//97
f 546//97 458//97 211//97
f 736//97 546//97 211//97
f 735//97 734//97 211//97
f 2221//4 2219//4 2210//4
f 2220//4 2221//4 2210//4
f 2219//2770 2222//2770 2216//2770
f 2222//2770 2217//2770 2216//2770
f 2223//4 2218//4 2217//4
f 2222//4 2223//4 2217//4
f 2224//2771 2220//2771 211//2771
f 372//97 2225//97 211//97
f 2225//97 247//97 211//97
f 458//97 372//97 211//97
f 2226//4 2221//4 2220//4
f 2224//4 2226//4 2220//4
f 2213//220 97//220 98//220
f 2227//2772 97//2772 2213//2772
f 2212//4 2227//4 2213//4
f 212//2773 2224//2773 211//2773
f 247//97 185//97 211//97
f 185//97 158//97 211//97
f 158//97 212//97 211//97
f 2228//4 2226//4 2224//4
f 2221//1772 2229//1772 2219//1772
f 2229//1772 2222//1772 2219//1772
f 2229//4 2223//4 2222//4
f 2212//4 2230//4 2227//4
f 158//97 117//97 212//97
f 117//97 72//97 212//97
f 2231//4 2228//4 2224//4
f 2227//2774 80//2774 97//2774
f 64//97 65//97 97//97
f 80//97 64//97 97//97
f 2232//2775 80//2775 2227//2775
f 2230//4 2232//4 2227//4
f 210//2776 2233//2776 212//2776
f 2233//2777 2224//2777 212//2777
f 11//2778 210//2778 212//2778
f 66//2779 11//2779 212//2779
f 72//97 66//97 212//97
f 2234//4 2231//4 2224//4
f 2233//4 2234//4 2224//4
f 2232//2780 210//2780 80//2780
f 1//2781 64//2781 80//2781
f 210//2782 1//2782 80//2782
f 2233//2783 210//2783 2232//2783
f 2230//4 2233//4 2232//4
f 11//2784 2235//2784 210//2784
f 2235//2785 1//2785 210//2785
f 2230//4 2234//4 2233//4
f 65//2786 2212//2786 99//2786
f 65//2787 2230//2787 2212//2787
f 2188//2788 1172//2788 2214//2788
f 2189//2789 2188//2789 2214//2789
f 1172//2790 958//2790 2214//2790
f 2226//2791 2236//2791 2221//2791
f 2236//2791 2229//2791 2221//2791
f 2236//4 2223//4 2229//4
f 2228//2792 2237//2792 2226//2792
f 2237//2793 2236//2793 2226//2793
f 2237//4 2223//4 2236//4
f 2231//2794 2238//2794 2228//2794
f 2238//2794 2237//2794 2228//2794
f 2238//4 2223//4 2237//4
f 2239//2717 2185//2717 2240//2717
f 2185//2717 2193//2717 2240//2717
f 2193//2795 2241//2795 2240//2795
f 2241//4 2242//4 2240//4
f 2242//4 2239//4 2240//4
f 2192//2795 2241//2795 2193//2795
f 2243//2796 2186//2796 2239//2796
f 2186//2797 2185//2797 2239//2797
f 2242//4 2243//4 2239//4
f 2192//1076 2244//1076 2241//1076
f 2244//4 2245//4 2241//4
f 2245//4 2242//4 2241//4
f 2191//1076 2244//1076 2192//1076
f 2234//2798 2246//2798 2231//2798
f 2246//2798 2238//2798 2231//2798
f 2247//4 2248//4 2238//4
f 2246//4 2247//4 2238//4
f 2249//4 2223//4 2238//4
f 2248//4 2249//4 2238//4
f 2250//2799 2194//2799 2243//2799
f 2194//2799 2186//2799 2243//2799
f 2242//4 2251//4 2243//4
f 2251//4 2250//4 2243//4
f 2191//2800 2252//2800 2244//2800
f 2252//4 2245//4 2244//4
f 2196//2800 2252//2800 2191//2800
f 2230//2801 2246//2801 2234//2801
f 2230//2802 2253//2802 2246//2802
f 2253//4 2254//4 2246//4
f 2254//4 2255//4 2246//4
f 2255//4 2256//4 2246//4
f 2256//4 2247//4 2246//4
f 2257//2727 2195//2727 2250//2727
f 2195//2727 2194//2727 2250//2727
f 2251//4 2257//4 2250//4
f 2196//2803 2258//2803 2252//2803
f 2258//4 2245//4 2252//4
f 2182//2803 2258//2803 2196//2803
f 64//2804 2230//2804 65//2804
f 2187//2805 1078//2805 1172//2805
f 2188//2806 2187//2806 1172//2806
f 1078//2807 923//2807 1172//2807
f 923//2808 958//2808 1172//2808
f 2259//2809 2260//2809 2257//2809
f 2260//2809 2195//2809 2257//2809
f 2251//4 2261//4 2257//4
f 2261//4 2259//4 2257//4
f 2260//4 2187//4 2195//4
f 64//2810 2253//2810 2230//2810
f 64//2811 2254//2811 2253//2811
f 2182//2812 2262//2812 2258//2812
f 2262//4 2263//4 2258//4
f 2263//4 2245//4 2258//4
f 2181//2812 2262//2812 2182//2812
f 2264//2813 2260//2813 2259//2813
f 2261//4 2264//4 2259//4
f 2264//2813 2265//2813 2260//2813
f 2265//4 2187//4 2260//4
f 2181//865 2266//865 2262//865
f 2266//4 2263//4 2262//4
f 2180//865 2266//865 2181//865
f 2242//2814 820//2814 900//2814
f 2245//2815 820//2815 2242//2815
f 946//2816 2251//2816 900//2816
f 2251//2817 2242//2817 900//2817
f 2245//2818 2211//2818 820//2818
f 2261//2819 2251//2819 946//2819
f 2180//2820 2267//2820 2266//2820
f 2267//4 2268//4 2266//4
f 2268//4 2263//4 2266//4
f 2218//2820 2267//2820 2180//2820
f 2245//2821 732//2821 2211//2821
f 2263//2822 732//2822 2245//2822
f 958//2823 2261//2823 946//2823
f 1//2824 2254//2824 64//2824
f 1//2825 2255//2825 2254//2825
f 2264//2826 2269//2826 1078//2826
f 2187//2827 2264//2827 1078//2827
f 2269//97 901//97 1078//97
f 901//97 923//97 1078//97
f 2265//2828 2264//2828 2187//2828
f 2218//2829 2270//2829 2267//2829
f 2270//4 2268//4 2267//4
f 2223//2829 2270//2829 2218//2829
f 2263//2830 735//2830 732//2830
f 2268//2831 735//2831 2263//2831
f 923//2832 2271//2832 958//2832
f 2271//2833 2261//2833 958//2833
f 2271//4 2264//4 2261//4
f 2272//2834 2269//2834 2264//2834
f 2271//4 2272//4 2264//4
f 2223//2835 2273//2835 2270//2835
f 2273//4 2274//4 2270//4
f 2274//4 2268//4 2270//4
f 2249//2835 2273//2835 2223//2835
f 2274//2836 735//2836 2268//2836
f 901//2837 2275//2837 923//2837
f 2275//2838 2271//2838 923//2838
f 2275//4 2272//4 2271//4
f 2274//2839 734//2839 735//2839
f 2276//2840 734//2840 2274//2840
f 2273//4 2276//4 2274//4
f 2235//2841 2255//2841 1//2841
f 2235//2842 2256//2842 2255//2842
f 2277//2843 2278//2843 2269//2843
f 2272//2843 2277//2843 2269//2843
f 2278//97 852//97 2269//97
f 852//97 901//97 2269//97
f 2275//4 2277//4 2272//4
f 2249//2844 2279//2844 2273//2844
f 2279//4 2276//4 2273//4
f 2280//2844 2279//2844 2249//2844
f 2248//4 2280//4 2249//4
f 852//2845 2275//2845 901//2845
f 2276//2846 736//2846 734//2846
f 2279//4 2281//4 2276//4
f 2282//2847 2275//2847 852//2847
f 2282//4 2277//4 2275//4
f 2280//2848 2281//2848 2279//2848
f 2283//2848 2281//2848 2280//2848
f 2248//4 2284//4 2280//4
f 2284//4 2283//4 2280//4
f 2285//2849 736//2849 2276//2849
f 2286//4 2285//4 2276//4
f 2281//4 2286//4 2276//4
f 2287//2850 2282//2850 852//2850
f 2287//4 2277//4 2282//4
f 2285//2851 2288//2851 736//2851
f 2288//97 546//97 736//97
f 2289//2852 2288//2852 2285//2852
f 2290//4 2289//4 2285//4
f 2286//4 2290//4 2285//4
f 737//2853 2287//2853 852//2853
f 2278//97 737//97 852//97
f 2291//4 2277//4 2287//4
f 2283//2854 2286//2854 2281//2854
f 2292//2854 2286//2854 2283//2854
f 2293//4 2292//4 2283//4
f 2284//4 2294//4 2283//4
f 2294//4 2293//4 2283//4
f 11//2855 2256//2855 2235//2855
f 11//2856 2247//2856 2256//2856
f 2291//2857 722//2857 2278//2857
f 2277//2858 2291//2858 2278//2858
f 722//97 737//97 2278//97
f 2289//2859 540//2859 2288//2859
f 540//97 546//97 2288//97
f 2290//4 2295//4 2289//4
f 2296//2860 2287//2860 737//2860
f 2296//4 2291//4 2287//4
f 2297//2861 540//2861 2289//2861
f 2295//4 2297//4 2289//4
f 738//2862 2297//2862 737//2862
f 2297//2863 2296//2863 737//2863
f 722//97 738//97 737//97
f 2298//4 2291//4 2296//4
f 2297//4 2298//4 2296//4
f 2292//2864 2290//2864 2286//2864
f 2299//2864 2290//2864 2292//2864
f 2300//4 2299//4 2292//4
f 2293//4 2301//4 2292//4
f 2301//4 2300//4 2292//4
f 2297//2865 738//2865 540//2865
f 722//97 640//97 738//97
f 2295//4 2298//4 2297//4
f 2302//408 2295//408 2290//408
f 2299//408 2302//408 2290//408
f 2303//4 2302//4 2299//4
f 2300//4 2304//4 2299//4
f 2304//4 2305//4 2299//4
f 2305//4 2306//4 2299//4
f 2306//4 2303//4 2299//4
f 66//2866 2247//2866 11//2866
f 66//2867 2248//2867 2247//2867
f 2298//2868 640//2868 722//2868
f 2291//2869 2298//2869 722//2869
f 72//2870 2248//2870 66//2870
f 72//2871 2284//2871 2248//2871
f 2298//764 546//764 640//764
f 2295//2872 546//2872 2298//2872
f 2302//2873 2303//2873 2295//2873
f 2303//2874 546//2874 2295//2874
f 117//2875 2284//2875 72//2875
f 117//2876 2294//2876 2284//2876
f 2303//2877 2306//2877 546//2877
f 2306//2878 458//2878 546//2878
f 158//2879 2294//2879 117//2879
f 158//2880 2293//2880 2294//2880
f 2306//2881 2305//2881 458//2881
f 2305//2881 372//2881 458//2881
f 185//2882 2293//2882 158//2882
f 185//2883 2301//2883 2293//2883
f 2305//2884 2304//2884 372//2884
f 2304//2884 2225//2884 372//2884
f 247//2885 2301//2885 185//2885
f 247//2886 2300//2886 2301//2886
f 2304//2887 2300//2887 2225//2887
f 2300//2887 247//2887 2225//2887
