T00,T01,T02,T03,T10,T11,T12,T13,T20,T21,T22,T23,T30,T31,T32,T33
9.822839586619096508e-01,1.674642732204503492e-01,8.410672832915624952e-02,-9.274099731445312189e-02,1.557127380625245305e-01,-9.790919882303044108e-01,1.308908774067217284e-01,-1.118787384033203131e-01,1.042677695194433596e-01,-1.154755202541914855e-01,-9.878226746038301087e-01,1.392240722656250096e+00,0.000000000000000000e+00,0.000000000000000000e+00,0.000000000000000000e+00,1.000000000000000000e+00
9.822923457166290451e-01,1.673465662049928582e-01,8.424294822666600346e-02,-9.274349212646484930e-02,1.556964691234397347e-01,-9.792419934653655567e-01,1.297833877523276724e-01,-1.118774490356445328e-01,1.042130368476831548e-01,-1.143688988028441211e-01,-9.879571842633709799e-01,1.392250732421875137e+00,0.000000000000000000e+00,0.000000000000000000e+00,0.000000000000000000e+00,1.000000000000000000e+00
9.822841820490042508e-01,1.674389720302250639e-01,8.415447903576300792e-02,-9.275164794921875178e-02,1.557622811343930547e-01,-9.791855629088319635e-01,1.301297243781161794e-01,-1.118861007690429704e-01,1.041916382063813595e-01,-1.147162762487332760e-01,-9.879191659703212558e-01,1.392295288085937610e+00,0.000000000000000000e+00,0.000000000000000000e+00,0.000000000000000000e+00,1.000000000000000000e+00
9.822717913188454553e-01,1.674851480053707042e-01,8.420720383010973920e-02,-9.275452423095703613e-02,1.557234841886897259e-01,-9.790923611775605995e-01,1.308753023143946481e-01,-1.118762969970703153e-01,1.043662994045563008e-01,-1.154420784695439905e-01,-9.878161782777350464e-01,1.392279907226562585e+00,0.000000000000000000e+00,0.000000000000000000e+00,0.000000000000000000e+00,1.000000000000000000e+00
9.822463302558026577e-01,1.674401783971316005e-01,8.459275002827078282e-02,-9.275519561767578414e-02,1.556522346318594541e-01,-9.791269713018158072e-01,1.307010173007152609e-01,-1.118749847412109366e-01,1.047116447827906999e-01,-1.152135440287730961e-01,-9.878063123503579845e-01,1.392289062499999952e+00,0.000000000000000000e+00,0.000000000000000000e+00,0.000000000000000000e+00,1.000000000000000000e+00
9.822945839523665734e-01,1.675358765052315790e-01,8.383961129127084910e-02,-9.275994873046874978e-02,1.558095139785986849e-01,-9.790693262963848786e-01,1.309452162520512164e-01,-1.118819046020507885e-01,1.040228133228497942e-01,-1.155637676314137385e-01,-9.878381800270895630e-01,1.392305786132812528e+00,0.000000000000000000e+00,0.000000000000000000e+00,0.000000000000000000e+00,1.000000000000000000e+00
9.822811600983833991e-01,1.674395908287006074e-01,8.418851429317081303e-02,-9.275110626220703369e-02,1.556930440396264437e-01,-9.791133842919166330e-01,1.307541843999830145e-01,-1.118745040893554671e-01,1.043235282831684874e-01,-1.153298058766558942e-01,-9.878338105789878920e-01,1.392277954101562631e+00,0.000000000000000000e+00,0.000000000000000000e+00,0.000000000000000000e+00,1.000000000000000000e+00
9.822651496295985440e-01,1.674374568662729545e-01,8.437934499211094397e-02,-9.275450134277343772e-02,1.557057995307280229e-01,-9.791581190530983525e-01,1.304035347868133243e-01,-1.118859634399414077e-01,1.044551569604843799e-01,-1.149524942337219607e-01,-9.878638794154824820e-01,1.392315063476562420e+00,0.000000000000000000e+00,0.000000000000000000e+00,0.000000000000000000e+00,1.000000000000000000e+00
9.822871468868162870e-01,1.674943521426140447e-01,8.400954148954950518e-02,-9.275241088867187955e-02,1.557594589577057653e-01,-9.790914203265032034e-01,1.308395260929720583e-01,-1.118731384277343727e-01,1.041679029555703240e-01,-1.154367040561915109e-01,-9.878377474820864146e-01,1.392254638671875044e+00,0.000000000000000000e+00,0.000000000000000000e+00,0.000000000000000000e+00,1.000000000000000000e+00
9.822985282741926172e-01,1.674348831892821243e-01,8.399500724297258303e-02,-9.274590301513671586e-02,1.557425123636625997e-01,-9.791455620388708203e-01,1.304539695917233955e-01,-1.118476867675781278e-01,1.040858837355477656e-01,-1.150631488834515520e-01,-9.878899739222050114e-01,1.392253173828124968e+00,0.000000000000000000e+00,0.000000000000000000e+00,0.000000000000000000e+00,1.000000000000000000e+00
9.822670399447224199e-01,1.674513393298097119e-01,8.432977644276254403e-02,-9.274939727783203247e-02,1.557076268281618048e-01,-9.791354362847328741e-01,1.305715602995074498e-01,-1.118701095581054739e-01,1.044346550996138046e-01,-1.151253506755090111e-01,-9.878459173606306543e-01,1.392247924804687509e+00,0.000000000000000000e+00,0.000000000000000000e+00,0.000000000000000000e+00,1.000000000000000000e+00
9.822965230696967254e-01,1.675135916838243200e-01,8.386141762675956846e-02,-9.274665832519531083e-02,1.557808529710943135e-01,-9.790689255472670993e-01,1.309823074896704631e-01,-1.118734436035156293e-01,1.040474248253318995e-01,-1.155994620614874263e-01,-9.878314116074218276e-01,1.392247314453125107e+00,0.000000000000000000e+00,0.000000000000000000e+00,0.000000000000000000e+00,1.000000000000000000e+00
9.822651838444125261e-01,1.675067512066696629e-01,8.424130167138586811e-02,-9.274524688720703347e-02,1.557508420132363847e-01,-9.791003958800326146e-01,1.307826058760546695e-01,-1.118671569824218753e-01,1.043876612405433696e-01,-1.153425467368847795e-01,-9.878255479045776610e-01,1.392253784179687592e+00,0.000000000000000000e+00,0.000000000000000000e+00,0.000000000000000000e+00,1.000000000000000000e+00
9.822947905450299944e-01,1.674070656001862556e-01,8.409410713736531484e-02,-9.274794006347655828e-02,1.557081596930338652e-01,-9.791571908030131111e-01,1.304076865210047897e-01,-1.118611221313476622e-01,1.041725178399006135e-01,-1.150046524532243458e-01,-9.878876537547215397e-01,1.392251586914062589e+00,0.000000000000000000e+00,0.000000000000000000e+00,0.000000000000000000e+00,1.000000000000000000e+00
9.822837648907803976e-01,1.674682649935902712e-01,8.410104310905321123e-02,-9.274459075927735108e-02,1.557361320894786461e-01,-9.791120066638862030e-01,1.307131805459058882e-01,-1.118665084838867257e-01,1.042346506388478616e-01,-1.152998639489862809e-01,-9.878466879934065803e-01,1.392255493164062496e+00,0.000000000000000000e+00,0.000000000000000000e+00,0.000000000000000000e+00,1.000000000000000000e+00
9.822663414815417937e-01,1.674911662437484350e-01,8.425878958765604942e-02,-9.275157928466797042e-02,1.557318889584830002e-01,-9.791016628173274672e-01,1.307956904097666850e-01,-1.118786621093749989e-01,1.044050437186374164e-01,-1.153544238365128149e-01,-9.878223239770682618e-01,1.392286621093750121e+00,0.000000000000000000e+00,0.000000000000000000e+00,0.000000000000000000e+00,1.000000000000000000e+00
9.822930111445703494e-01,1.674620496995796459e-01,8.400536986972188813e-02,-9.274893951416016136e-02,1.557686956424482461e-01,-9.791417851655978000e-01,1.304510559580751017e-01,-1.118704071044921838e-01,1.040987690339496147e-01,-1.150557536724784169e-01,-9.878894775390992811e-01,1.392276611328125080e+00,0.000000000000000000e+00,0.000000000000000000e+00,0.000000000000000000e+00,1.000000000000000000e+00
9.822689079193258621e-01,1.675355771970979402e-01,8.414049505565218690e-02,-9.274866485595703591e-02,1.557683477792133342e-01,-9.790685422946934224e-01,1.310000432025823502e-01,-1.118705444335937466e-01,1.043264796928806415e-01,-1.155708434778410509e-01,-9.878053278722034314e-01,1.392271484374999924e+00,0.000000000000000000e+00,0.000000000000000000e+00,0.000000000000000000e+00,1.000000000000000000e+00
9.822823856050774127e-01,1.674702947685110799e-01,8.411311015618053166e-02,-9.275128936767577936e-02,1.557468699811547508e-01,-9.791230955605140229e-01,1.306172891736371577e-01,-1.118733520507812496e-01,1.042316047131148782e-01,-1.152027087795433613e-01,-9.878583443332270564e-01,1.392278564453125034e+00,0.000000000000000000e+00,0.000000000000000000e+00,0.000000000000000000e+00,1.000000000000000000e+00
9.822651594026435840e-01,1.674520361721333894e-01,8.435029463793311533e-02,-9.274482727050781250e-02,1.557239277983954451e-01,-9.791555199903013706e-01,1.304014033036565434e-01,-1.118728637695312472e-01,1.044280371104413796e-01,-1.149533960104237029e-01,-9.878666417138152189e-01,1.392273071289062525e+00,0.000000000000000000e+00,0.000000000000000000e+00,0.000000000000000000e+00,1.000000000000000000e+00
9.823018411106696490e-01,1.674959074833983208e-01,8.383444355932614944e-02,-9.274787902832030972e-02,1.557506659239268898e-01,-9.790537632253104583e-01,1.311314560988744160e-01,-1.118877563476562559e-01,1.040424096935585185e-01,-1.157534003417203666e-01,-9.878139132926238020e-01,1.392268798828125043e+00,0.000000000000000000e+00,0.000000000000000000e+00,0.000000000000000000e+00,1.000000000000000000e+00
9.822367091477262058e-01,1.674498487066692909e-01,8.468527245488731425e-02,-9.274786376953125799e-02,1.556667275184985266e-01,-9.791442978335307412e-01,1.305538737983806818e-01,-1.118658218383789121e-01,1.047803280502903195e-01,-1.150521281341442686e-01,-9.878178428564032831e-01,1.392258422851562427e+00,0.000000000000000000e+00,0.000000000000000000e+00,0.000000000000000000e+00,1.000000000000000000e+00
9.822613292329042123e-01,1.674845944537511344e-01,8.433025384920353473e-02,-9.274315643310547530e-02,1.557333768637057525e-01,-9.791220762090951935e-01,1.306410165706708704e-01,-1.118642578125000064e-01,1.044499709154367850e-01,-1.151905833853350131e-01,-9.878366935253574121e-01,1.392248291015625083e+00,0.000000000000000000e+00,0.000000000000000000e+00,0.000000000000000000e+00,1.000000000000000000e+00
9.822662418565329956e-01,1.675453095028083539e-01,8.415223926106307761e-02,-9.274510955810547075e-02,1.557784639032520346e-01,-9.790691938616006285e-01,1.309831432480495217e-01,-1.118840484619140624e-01,1.043364763301226905e-01,-1.155512132987101814e-01,-9.878065685204820978e-01,1.392269287109374920e+00,0.000000000000000000e+00,0.000000000000000000e+00,0.000000000000000000e+00,1.000000000000000000e+00
9.822660229910259444e-01,1.675447516090896594e-01,8.415590463919778164e-02,-9.273957061767577892e-02,1.557832075749935319e-01,-9.790756915855619580e-01,1.309289211133282116e-01,-1.118662948608398489e-01,1.043314541020098352e-01,-1.154969538754251485e-01,-9.878134445989578127e-01,1.392254150390624945e+00,0.000000000000000000e+00,0.000000000000000000e+00,0.000000000000000000e+00,1.000000000000000000e+00
9.822390747422165003e-01,1.675262047606528026e-01,8.450663150336980289e-02,-9.274588775634766413e-02,1.557085798205798677e-01,-9.790682789202103109e-01,1.310730459800006908e-01,-1.118613815307617221e-01,1.046959322027967570e-01,-1.155866598302291021e-01,-9.877643878220545570e-01,1.392262695312500131e+00,0.000000000000000000e+00,0.000000000000000000e+00,0.000000000000000000e+00,1.000000000000000000e+00
9.822729211494416468e-01,1.674750612924822135e-01,8.421408564855338563e-02,-9.273670959472656017e-02,1.557501820026377659e-01,-9.791355720934027396e-01,1.305197773039393216e-01,-1.118628692626953136e-01,1.043158146336775199e-01,-1.150896837531671796e-01,-9.878626298787236415e-01,1.392249633789062635e+00,0.000000000000000000e+00,0.000000000000000000e+00,0.000000000000000000e+00,1.000000000000000000e+00
9.822615258471149025e-01,1.674918920480197027e-01,8.431346831124833519e-02,-9.273947143554688022e-02,1.557302377900765811e-01,-9.791069650391580614e-01,1.307579597946325889e-01,-1.118853683471679739e-01,1.044528021564934961e-01,-1.153083566355147388e-01,-9.878226536234494537e-01,1.392249999999999988e+00,0.000000000000000000e+00,0.000000000000000000e+00,0.000000000000000000e+00,1.000000000000000000e+00
9.822765717714869727e-01,1.675314732556245911e-01,8.405915784526243884e-02,-9.274709320068359741e-02,1.557932238700397154e-01,-9.790892695021624625e-01,1.308154185939168213e-01,-1.118748016357421909e-01,1.042171192512750810e-01,-1.154010737147706800e-01,-9.878367194230246451e-01,1.392282348632812639e+00,0.000000000000000000e+00,0.000000000000000000e+00,0.000000000000000000e+00,1.000000000000000000e+00
9.822596659861742019e-01,1.674839379964684905e-01,8.435092821021232534e-02,-9.275305938720702914e-02,1.557244207352641019e-01,-9.791160574035018271e-01,1.306967900190702525e-01,-1.118734512329101621e-01,1.044789613434003311e-01,-1.152426858755799532e-01,-9.878275507338245554e-01,1.392299804687499920e+00,0.000000000000000000e+00,0.000000000000000000e+00,0.000000000000000000e+00,1.000000000000000000e+00
9.822726191524961958e-01,1.674240801684040991e-01,8.431891272460398379e-02,-9.274997711181641458e-02,1.556874543740388583e-01,-9.791458812584632465e-01,1.305172776498159382e-01,-1.118830947875976561e-01,1.044122512630924482e-01,-1.150761512840578898e-01,-9.878540181584634094e-01,1.392288696289062599e+00,0.000000000000000000e+00,0.000000000000000000e+00,0.000000000000000000e+00,1.000000000000000000e+00
9.822943027113653081e-01,1.674584530721320574e-01,8.399743660065520090e-02,-9.274692535400390347e-02,1.557572372317387599e-01,-9.791324852257410338e-01,1.305345143079011949e-01,-1.118595657348632894e-01,1.041037266899143832e-01,-1.151401010523803448e-01,-9.878791278384817520e-01,1.392266479492187514e+00,0.000000000000000000e+00,0.000000000000000000e+00,0.000000000000000000e+00,1.000000000000000000e+00
9.822890218069868506e-01,1.673834654096343355e-01,8.420839117887685132e-02,-9.274221801757812078e-02,1.557146001088255405e-01,-9.792106353275407127e-01,1.299980575792673843e-01,-1.118683776855468742e-01,1.042172776003170431e-01,-1.145831888581205493e-01,-9.879319064999787514e-01,1.392245727539062505e+00,0.000000000000000000e+00,0.000000000000000000e+00,0.000000000000000000e+00,1.000000000000000000e+00
9.823102064222699603e-01,1.674131771157130466e-01,8.390164769931907074e-02,-9.274976348876953769e-02,1.557317187937423963e-01,-9.791472825930462864e-01,1.304539411140981653e-01,-1.118726730346679688e-01,1.039917790990446678e-01,-1.150800900185463826e-01,-9.878979111027308413e-01,1.392262573242187607e+00,0.000000000000000000e+00,0.000000000000000000e+00,0.000000000000000000e+00,1.000000000000000000e+00
9.822912054117242109e-01,1.674526194201020335e-01,8.404527363349101332e-02,-9.274839019775391047e-02,1.557587977788769118e-01,-9.791485847524376007e-01,1.304118318703391677e-01,-1.118726654052734359e-01,1.041306135834263180e-01,-1.150116047477172665e-01,-9.878912622794545628e-01,1.392256835937500048e+00,0.000000000000000000e+00,0.000000000000000000e+00,0.000000000000000000e+00,1.000000000000000000e+00
9.823287820419018823e-01,1.674018377887144804e-01,8.370656292689651612e-02,-9.275894165039062778e-02,1.557753789370543429e-01,-9.791812669563179083e-01,1.301463705173422913e-01,-1.118705291748046948e-01,1.037506399454513339e-01,-1.148071040780192509e-01,-9.879550260837425268e-01,1.392290039062499929e+00,0.000000000000000000e+00,0.000000000000000000e+00,0.000000000000000000e+00,1.000000000000000000e+00
9.822931393207783302e-01,1.675109398138135974e-01,8.390633757960729022e-02,-9.275330352783203725e-02,1.557753229245517068e-01,-9.790727918245014649e-01,1.309599827303299657e-01,-1.118638687133789028e-01,1.040876419709935580e-01,-1.155705557296909519e-01,-9.878305570477403652e-01,1.392280029296875110e+00,0.000000000000000000e+00,0.000000000000000000e+00,0.000000000000000000e+00,1.000000000000000000e+00
9.823177576893796781e-01,1.675334008694727428e-01,8.357261825034496827e-02,-9.274942779541016369e-02,1.558601681240757431e-01,-9.790892397694234139e-01,1.307358732715215854e-01,-1.118500747680664098e-01,1.037276767330888999e-01,-1.153985275505760161e-01,-9.878885306140136047e-01,1.392218750000000060e+00,0.000000000000000000e+00,0.000000000000000000e+00,0.000000000000000000e+00,1.000000000000000000e+00
9.822814392562793095e-01,1.674407554236789775e-01,8.418294076450433261e-02,-9.275021362304687600e-02,1.557358983837869859e-01,-9.791584118586236229e-01,1.303653882021330590e-01,-1.118831634521484375e-01,1.042569136662269691e-01,-1.149451952438456520e-01,-9.878856705323482146e-01,1.392271118164062571e+00,0.000000000000000000e+00,0.000000000000000000e+00,0.000000000000000000e+00,1.000000000000000000e+00
9.823168226130216674e-01,1.673674427775405926e-01,8.391542831663255375e-02,-9.275225067138671842e-02,1.557157753155024860e-01,-9.791893233439581401e-01,1.301570834303438784e-01,-1.118872375488281223e-01,1.039531496846014952e-01,-1.147885366546164548e-01,-9.879358959585093913e-01,1.392269165039062617e+00,0.000000000000000000e+00,0.000000000000000000e+00,0.000000000000000000e+00,1.000000000000000000e+00
9.822777057895520914e-01,1.674554303434561131e-01,8.419731324277612838e-02,-9.274383544921875611e-02,1.557394329162914426e-01,-9.791459556862777136e-01,1.304546913610928338e-01,-1.118784484863281220e-01,1.042868052235094434e-01,-1.150298931221530457e-01,-9.878726567450787366e-01,1.392237426757812591e+00,0.000000000000000000e+00,0.000000000000000000e+00,0.000000000000000000e+00,1.000000000000000000e+00
9.822940908929057580e-01,1.674440193250277265e-01,8.402868194348665776e-02,-9.273740386962890658e-02,1.557436291661650762e-01,-9.791402256118070246e-01,1.304926839443945052e-01,-1.118731918334961023e-01,1.041260820881682175e-01,-1.150952604634062487e-01,-9.878819970258739813e-01,1.392224365234375094e+00,0.000000000000000000e+00,0.000000000000000000e+00,0.000000000000000000e+00,1.000000000000000000e+00
9.822479649203820218e-01,1.674516499215409349e-01,8.455105172806509639e-02,-9.273914337158203902e-02,1.557015472188309491e-01,-9.791606997756115982e-01,1.303892334841990630e-01,-1.118689346313476579e-01,1.046229592557502974e-01,-1.149098296643439043e-01,-9.878510856617414015e-01,1.392217773437500083e+00,0.000000000000000000e+00,0.000000000000000000e+00,0.000000000000000000e+00,1.000000000000000000e+00
9.822789953960719966e-01,1.674615900287864390e-01,8.417001288294082006e-02,-9.274081420898437622e-02,1.557426583653638008e-01,-9.791377616593328614e-01,1.305123291418913700e-01,-1.118638687133789028e-01,1.042698401695013322e-01,-1.150906579952624131e-01,-9.878673700822617754e-01,1.392254760742187569e+00,0.000000000000000000e+00,0.000000000000000000e+00,0.000000000000000000e+00,1.000000000000000000e+00
9.822690254482830952e-01,1.674859471739254535e-01,8.423787238608125560e-02,-9.274514770507812089e-02,1.557669081630401187e-01,-9.791438094175506368e-01,1.304379960004538319e-01,-1.118767700195312520e-01,1.043275225729417971e-01,-1.150037302809801959e-01,-9.878714036023374945e-01,1.392251220703125014e+00,0.000000000000000000e+00,0.000000000000000000e+00,0.000000000000000000e+00,1.000000000000000000e+00
9.822638765024888086e-01,1.674896233636060661e-01,8.429058656707227870e-02,-9.274122619628906439e-02,1.557410162016561461e-01,-9.791183559997854724e-01,1.306597903593644805e-01,-1.118777999877929724e-01,1.044146196218670719e-01,-1.152148905732023471e-01,-9.878375960649735665e-01,1.392226684570312623e+00,0.000000000000000000e+00,0.000000000000000000e+00,0.000000000000000000e+00,1.000000000000000000e+00
9.821950121414857460e-01,1.674625107502751842e-01,8.514261927848303102e-02,-9.273445892333984086e-02,1.556305303086764624e-01,-9.791553900826281964e-01,1.305138310983808281e-01,-1.118664474487304772e-01,1.052240284356519423e-01,-1.149392429301259178e-01,-9.877838196054957720e-01,1.392153442382812578e+00,0.000000000000000000e+00,0.000000000000000000e+00,0.000000000000000000e+00,1.000000000000000000e+00
9.822517536837788166e-01,1.675496900031802072e-01,8.431247692352042411e-02,-9.274617004394530850e-02,1.557629803358936416e-01,-9.790701795885489167e-01,1.309941884105036147e-01,-1.118721694946289147e-01,1.044958675834646022e-01,-1.155365086034917110e-01,-9.877914399495949516e-01,1.392246093750000080e+00,0.000000000000000000e+00,0.000000000000000000e+00,0.000000000000000000e+00,1.000000000000000000e+00
9.822568654547159106e-01,1.675233840593621237e-01,8.430519592751067881e-02,-9.274510955810547075e-02,1.557408729806443182e-01,-9.790778252209337840e-01,1.309633255681677266e-01,-1.118729324340820286e-01,1.044807673703793127e-01,-1.155098608515590930e-01,-9.877961537158110872e-01,1.392255126953124922e+00,0.000000000000000000e+00,0.000000000000000000e+00,0.000000000000000000e+00,1.000000000000000000e+00
9.822392260637944350e-01,1.675293170210571669e-01,8.449870247558072256e-02,-9.275099182128906938e-02,1.557384666975534793e-01,-9.790961658857788574e-01,1.308290026655505867e-01,-1.118762512207031323e-01,1.046500490792700022e-01,-1.153456799634287738e-01,-9.877974191814236082e-01,1.392278076171874934e+00,0.000000000000000000e+00,0.000000000000000000e+00,0.000000000000000000e+00,1.000000000000000000e+00
9.822364919769663860e-01,1.675267473905664994e-01,8.453557084162952040e-02,-9.274798583984375511e-02,1.557305789092001680e-01,-9.790961153906656556e-01,1.308387695582377830e-01,-1.118791275024414028e-01,1.046874425200473302e-01,-1.153498406398795056e-01,-9.877929710435109367e-01,1.392284179687500068e+00,0.000000000000000000e+00,0.000000000000000000e+00,0.000000000000000000e+00,1.000000000000000000e+00
9.822805636487361713e-01,1.674310440138130351e-01,8.421246806955459685e-02,-9.274856567382812333e-02,1.557341082744166938e-01,-9.791729628152769926e-01,1.302581913413692893e-01,-1.118721160888671851e-01,1.042678368332891625e-01,-1.148353359902652832e-01,-9.878972941607389036e-01,1.392273803710937452e+00,0.000000000000000000e+00,0.000000000000000000e+00,0.000000000000000000e+00,1.000000000000000000e+00
9.822928902415348773e-01,1.674234135114509581e-01,8.408375817662927521e-02,-9.274908447265625688e-02,1.557195211435502546e-01,-9.791476332499675639e-01,1.304658692371714335e-01,-1.118729553222656270e-01,1.041734539878349797e-01,-1.150622132116404656e-01,-9.878808524184905515e-01,1.392278442382812509e+00,0.000000000000000000e+00,0.000000000000000000e+00,0.000000000000000000e+00,1.000000000000000000e+00
9.823111975750526970e-01,1.674276483996516296e-01,8.386115709926995898e-02,-9.275045776367187023e-02,1.557462015930733412e-01,-9.791390988786941030e-01,1.304980679410576161e-01,-1.118827133178710992e-01,1.039607224291730220e-01,-1.151286567209996170e-01,-9.878955210919941887e-01,1.392288818359375124e+00,0.000000000000000000e+00,0.000000000000000000e+00,0.000000000000000000e+00,1.000000000000000000e+00
9.822461276152479881e-01,1.674911813361626145e-01,8.449407647561429924e-02,-9.274472045898438100e-02,1.557041292767406271e-01,-9.791055846048287714e-01,1.307993819626407650e-01,-1.118727416992187501e-01,1.046363651462640931e-01,-1.153211098205937368e-01,-9.878017375560362856e-01,1.392247680664062459e+00,0.000000000000000000e+00,0.000000000000000000e+00,0.000000000000000000e+00,1.000000000000000000e+00
9.822768526073807349e-01,1.675069280304179453e-01,8.410477925511100628e-02,-9.274992370605468495e-02,1.557826430766665049e-01,-9.791152414158276196e-01,1.306335031424711857e-01,-1.118711700439453116e-01,1.042302880538401866e-01,-1.152162015041221649e-01,-9.878569096600861021e-01,1.392275024414062479e+00,0.000000000000000000e+00,0.000000000000000000e+00,0.000000000000000000e+00,1.000000000000000000e+00
9.822649574543419471e-01,1.675113444426876430e-01,8.423480777103467543e-02,-9.274960327148437655e-02,1.557588007896373583e-01,-9.791024471949251184e-01,1.307577679278857652e-01,-1.118761062622070368e-01,1.043779159295392389e-01,-1.153184607073474421e-01,-9.878293897664182088e-01,1.392273803710937452e+00,0.000000000000000000e+00,0.000000000000000000e+00,0.000000000000000000e+00,1.000000000000000000e+00
9.822727614035011712e-01,1.675111493868861878e-01,8.414414439415990321e-02,-9.274801635742187245e-02,1.557455974798719056e-01,-9.790747249135656194e-01,1.309808837237855517e-01,-1.118690567016601550e-01,1.043241634060808609e-01,-1.155538743033326515e-01,-9.878075577070219992e-01,1.392255371093749972e+00,0.000000000000000000e+00,0.000000000000000000e+00,0.000000000000000000e+00,1.000000000000000000e+00
9.822806997250008720e-01,1.674674601279143860e-01,8.413843798210089708e-02,-9.275153350830078747e-02,1.557602184315767524e-01,-9.791451245512843293e-01,1.304361124136920458e-01,-1.118754653930664061e-01,1.042275457924148191e-01,-1.150194542925465913e-01,-9.878801262462642008e-01,1.392316162109374922e+00,0.000000000000000000e+00,0.000000000000000000e+00,0.000000000000000000e+00,1.000000000000000000e+00
9.822873431850274173e-01,1.674211902259834794e-01,8.415295884171627994e-02,-9.275312805175781050e-02,1.557368323568036617e-01,-9.791796547250068983e-01,1.302046190428173267e-01,-1.118759536743164085e-01,1.041998774757886825e-01,-1.147926340665262612e-01,-9.879094273758599609e-01,1.392281860351562539e+00,0.000000000000000000e+00,0.000000000000000000e+00,0.000000000000000000e+00,1.000000000000000000e+00
9.822774015577453444e-01,1.675079331560258011e-01,8.409636566915494604e-02,-9.275357818603516269e-02,1.557346006744745326e-01,-9.790595337889143046e-01,1.311074500163723622e-01,-1.118719482421875050e-01,1.042968865389844041e-01,-1.156871714012838032e-01,-9.877948359003727585e-01,1.392270629882812472e+00,0.000000000000000000e+00,0.000000000000000000e+00,0.000000000000000000e+00,1.000000000000000000e+00
9.822941295057247002e-01,1.674460348179060143e-01,8.402421414301204650e-02,-9.275383758544922252e-02,1.557491960454125135e-01,-9.791431824654680538e-01,1.304638500221518838e-01,-1.118765182495117250e-01,1.041173908134361420e-01,-1.150671701883534126e-01,-9.878861853852630714e-01,1.392272460937500123e+00,0.000000000000000000e+00,0.000000000000000000e+00,0.000000000000000000e+00,1.000000000000000000e+00
9.822594710082486191e-01,1.675054738334146032e-01,8.431042551451622957e-02,-9.275348663330078292e-02,1.557493061999427886e-01,-9.791104685251954542e-01,1.307090052085493614e-01,-1.118665084838867257e-01,1.044436940788289192e-01,-1.152588680328562598e-01,-9.878293922064440569e-01,1.392276367187500030e+00,0.000000000000000000e+00,0.000000000000000000e+00,0.000000000000000000e+00,1.000000000000000000e+00
9.822789757061018978e-01,1.674612033151306467e-01,8.417101205296390054e-02,-9.274365997314452936e-02,1.557239996568862139e-01,-9.791177878975143578e-01,1.306843271151538755e-01,-1.118711166381835959e-01,1.042978897995248400e-01,-1.152610203274589684e-01,-9.878445461591818244e-01,1.392259033203125052e+00,0.000000000000000000e+00,0.000000000000000000e+00,0.000000000000000000e+00,1.000000000000000000e+00
9.822505456684181846e-01,1.675104176692079339e-01,8.440453486858720544e-02,-9.274538421630859619e-02,1.557340180460667356e-01,-9.791012013998673380e-01,1.307966094383327393e-01,-1.118716354370117155e-01,1.045503761701621070e-01,-1.153303836359868551e-01,-9.878097597478240344e-01,1.392255493164062496e+00,0.000000000000000000e+00,0.000000000000000000e+00,0.000000000000000000e+00,1.000000000000000000e+00
9.822499203820682645e-01,1.674839223217243767e-01,8.446436925207834179e-02,-9.274827575683594616e-02,1.557180899397984652e-01,-9.791257311285890275e-01,1.306318456862909372e-01,-1.118698806762695314e-01,1.045799711939225385e-01,-1.151604897768184060e-01,-9.878264479246552376e-01,1.392260131835937553e+00,0.000000000000000000e+00,0.000000000000000000e+00,0.000000000000000000e+00,1.000000000000000000e+00
9.822639344494381586e-01,1.675316990758762004e-01,8.420625205208825959e-02,-9.275085449218750666e-02,1.557836987083155711e-01,-9.791001117306947776e-01,1.307455942879070798e-01,-1.118731460571289055e-01,1.043503823503608985e-01,-1.153087204581306063e-01,-9.878334357014051381e-01,1.392283325195312615e+00,0.000000000000000000e+00,0.000000000000000000e+00,0.000000000000000000e+00,1.000000000000000000e+00
9.822883919166666145e-01,1.674375072180323276e-01,8.410824146527541567e-02,-9.275152587890625466e-02,1.557191446439099847e-01,-9.791330564628629718e-01,1.305756705250307459e-01,-1.118713455200195384e-01,1.042164243156458586e-01,-1.151657020049967617e-01,-9.878642609106565997e-01,1.392273559570312624e+00,0.000000000000000000e+00,0.000000000000000000e+00,0.000000000000000000e+00,1.000000000000000000e+00
9.822483824723838852e-01,1.674154126409693188e-01,8.461793391852423518e-02,-9.274636840820313366e-02,1.556705515639812409e-01,-9.791818108134761056e-01,1.302676504271415570e-01,-1.118627319335937509e-01,1.046651542116650568e-01,-1.147826684752365350e-01,-9.878613994440478274e-01,1.392281005859375087e+00,0.000000000000000000e+00,0.000000000000000000e+00,0.000000000000000000e+00,1.000000000000000000e+00
9.822729017141850205e-01,1.674443593398090846e-01,8.427534089682608975e-02,-9.275063323974609697e-02,1.556974940299984678e-01,-9.791250559412861820e-01,1.306614525434033613e-01,-1.118722686767578134e-01,1.043946210816148468e-01,-1.152237447458394071e-01,-9.878386769791774880e-01,1.392280761718750037e+00,0.000000000000000000e+00,0.000000000000000000e+00,0.000000000000000000e+00,1.000000000000000000e+00
9.822673248260167522e-01,1.674453304752786531e-01,8.433838913072602694e-02,-9.275457000732421908e-02,1.556992536731766630e-01,-9.791350234526412510e-01,1.305846401917615807e-01,-1.118668594360351654e-01,1.044444588513762651e-01,-1.151376009408775630e-01,-9.878434531163440280e-01,1.392290649414062553e+00,0.000000000000000000e+00,0.000000000000000000e+00,0.000000000000000000e+00,1.000000000000000000e+00
9.822793445654359745e-01,1.674690221594306028e-01,8.415114887547152367e-02,-9.274827575683594616e-02,1.557396196204421934e-01,-9.791222768774835439e-01,1.306320703454276755e-01,-1.118757247924804660e-01,1.042710895722184644e-01,-1.152115165216434922e-01,-9.878531501899489031e-01,1.392257202148437623e+00,0.000000000000000000e+00,0.000000000000000000e+00,0.000000000000000000e+00,1.000000000000000000e+00
9.822725250798907126e-01,1.674797558533710762e-01,8.420936914898725922e-02,-9.275468444824218339e-02,1.557277906369017584e-01,-9.791042398798066593e-01,1.307812779901442735e-01,-1.118677520751953092e-01,1.043529668793584247e-01,-1.153491171560551004e-01,-9.878284463786179970e-01,1.392277587890625057e+00,0.000000000000000000e+00,0.000000000000000000e+00,0.000000000000000000e+00,1.000000000000000000e+00
9.822638990298989681e-01,1.675466298328864567e-01,8.417695346246720223e-02,-9.274794006347655828e-02,1.557598512137556013e-01,-9.790505577537683690e-01,1.311444780076691796e-01,-1.118709869384765659e-01,1.043863085488195563e-01,-1.157070965571128235e-01,-9.877830563407502540e-01,1.392263183593750009e+00,0.000000000000000000e+00,0.000000000000000000e+00,0.000000000000000000e+00,1.000000000000000000e+00
9.822707333385903850e-01,1.674664810844505025e-01,8.425665635223927863e-02,-9.274187469482421398e-02,1.557316620008011299e-01,-9.791321780737071157e-01,1.305673286511857267e-01,-1.118729476928710942e-01,1.043640545251869056e-01,-1.151310365358963472e-01,-9.878527160205786695e-01,1.392268554687499993e+00,0.000000000000000000e+00,0.000000000000000000e+00,0.000000000000000000e+00,1.000000000000000000e+00
9.822464738483442925e-01,1.675058916458815605e-01,8.446088370608116624e-02,-9.274792480468750655e-02,1.557057651446357716e-01,-9.790840068504547133e-01,1.309588570138829344e-01,-1.118766632080078205e-01,1.046306805541161872e-01,-1.154828289988485551e-01,-9.877834463551236066e-01,1.392262573242187607e+00,0.000000000000000000e+00,0.000000000000000000e+00,0.000000000000000000e+00,1.000000000000000000e+00
9.822925237450687019e-01,1.674823608910480099e-01,8.397056975455637062e-02,-9.275122070312499800e-02,1.557617959692943477e-01,-9.791034053059189946e-01,1.307470253381444736e-01,-1.118727416992187501e-01,1.041136912752784610e-01,-1.153524187380317589e-01,-9.878533083309090079e-01,1.392283935546875018e+00,0.000000000000000000e+00,0.000000000000000000e+00,0.000000000000000000e+00,1.000000000000000000e+00
9.822868647693264732e-01,1.675105200030873875e-01,8.398059889011502688e-02,-9.275122070312499800e-02,1.557668650588317216e-01,-9.790749237760064672e-01,1.309541041080848900e-01,-1.118753128051757778e-01,1.041594885326864728e-01,-1.155531017381302428e-01,-9.878250258154560592e-01,1.392307617187499957e+00,0.000000000000000000e+00,0.000000000000000000e+00,0.000000000000000000e+00,1.000000000000000000e+00
9.822809804619561103e-01,1.674862805386195530e-01,8.409768875561925150e-02,-9.274921417236328680e-02,1.557677366063122959e-01,-9.791237458100670032e-01,1.305875285906348271e-01,-1.118634490966796957e-01,1.042136634767471398e-01,-1.151739389888275650e-01,-9.878635918600064958e-01,1.392252685546875091e+00,0.000000000000000000e+00,0.000000000000000000e+00,0.000000000000000000e+00,1.000000000000000000e+00
9.822747730486659501e-01,1.675256328679474160e-01,8.409181032886467455e-02,-9.273992919921875133e-02,1.557600788537125691e-01,-9.790647434124858384e-01,1.310382617487306500e-01,-1.118623428344726611e-01,1.042835944320931463e-01,-1.156174318121506589e-01,-9.878044044209793872e-01,1.392242065429687425e+00,0.000000000000000000e+00,0.000000000000000000e+00,0.000000000000000000e+00,1.000000000000000000e+00
9.822691268975790591e-01,1.674361238095845028e-01,8.433567920808900109e-02,-9.274837493896484486e-02,1.556853094776644020e-01,-9.791308294567783177e-01,1.306327034862466152e-01,-1.118680953979492160e-01,1.044482970503208680e-01,-1.151866452801854068e-01,-9.878373297220474081e-01,1.392260131835937553e+00,0.000000000000000000e+00,0.000000000000000000e+00,0.000000000000000000e+00,1.000000000000000000e+00
9.822666671084961942e-01,1.674838673512254461e-01,8.426950139073875745e-02,-9.275137329101562633e-02,1.557625209888586215e-01,-9.791462177088677832e-01,1.304251563219839816e-01,-1.118755340576171875e-01,1.043562731356480339e-01,-1.149862536284042419e-01,-9.878704012843700921e-01,1.392267456054687491e+00,0.000000000000000000e+00,0.000000000000000000e+00,0.000000000000000000e+00,1.000000000000000000e+00
9.822770606114931136e-01,1.675162919354203084e-01,8.408369718710045904e-02,-9.274681854248047197e-02,1.557791387654456072e-01,-9.790964536367025017e-01,1.307784171854386446e-01,-1.118742752075195385e-01,1.042335652366405685e-01,-1.153621532923152365e-01,-9.878395302202779282e-01,1.392252075195312466e+00,0.000000000000000000e+00,0.000000000000000000e+00,0.000000000000000000e+00,1.000000000000000000e+00
9.822363073259176014e-01,1.675253538898534011e-01,8.454047773005131383e-02,-9.274101257324218750e-02,1.557200206176975188e-01,-9.790869511324949981e-01,1.309198888668160754e-01,-1.118691711425781332e-01,1.047048793016341489e-01,-1.154296232609073186e-01,-9.877818029930879318e-01,1.392213012695312502e+00,0.000000000000000000e+00,0.000000000000000000e+00,0.000000000000000000e+00,1.000000000000000000e+00
9.822360424897633724e-01,1.674904955594409273e-01,8.461259203747600877e-02,-9.274837493896484486e-02,1.557048180168952578e-01,-9.791245682847717902e-01,1.306563792070048469e-01,-1.118706741333007904e-01,1.047299693515326979e-01,-1.151608165931972683e-01,-9.878105181871748020e-01,1.392263183593750009e+00,0.000000000000000000e+00,0.000000000000000000e+00,0.000000000000000000e+00,1.000000000000000000e+00
9.822144475577890832e-01,1.675501022362782533e-01,8.474516062501767644e-02,-9.274745178222656983e-02,1.557232105627751051e-01,-9.790894142967813130e-01,1.308976718815414442e-01,-1.118800506591796917e-01,1.049050079870782609e-01,-1.153727959815431525e-01,-9.877672080235465613e-01,1.392260620117187431e+00,0.000000000000000000e+00,0.000000000000000000e+00,0.000000000000000000e+00,1.000000000000000000e+00
9.822496264059157323e-01,1.674500532217386706e-01,8.453491054869743948e-02,-9.274384307861328891e-02,1.557169713513500420e-01,-9.791772828363149994e-01,1.302462038235844277e-01,-1.118631973266601548e-01,1.045843977780731016e-01,-1.147707648024040711e-01,-9.878713353914412298e-01,1.392245727539062505e+00,0.000000000000000000e+00,0.000000000000000000e+00,0.000000000000000000e+00,1.000000000000000000e+00
9.822818660584743400e-01,1.674327854620914768e-01,8.419381191683029952e-02,-9.274899291992187711e-02,1.557274161421530467e-01,-9.791606732767986765e-01,1.303585354697381349e-01,-1.118693084716796959e-01,1.042655622646808250e-01,-1.149375406928977994e-01,-9.878856483749008932e-01,1.392277587890625057e+00,0.000000000000000000e+00,0.000000000000000000e+00,0.000000000000000000e+00,1.000000000000000000e+00
9.822808887589172810e-01,1.674445067219068883e-01,8.418190273241075994e-02,-9.274502563476562378e-02,1.557123546351425192e-01,-9.791275570756537983e-01,1.306249960346103356e-01,-1.118788223266601600e-01,1.042972587989320216e-01,-1.152022749068768448e-01,-9.878514653850086757e-01,1.392253173828124968e+00,0.000000000000000000e+00,0.000000000000000000e+00,0.000000000000000000e+00,1.000000000000000000e+00
9.822895635249982993e-01,1.674064683447129553e-01,8.415632921069710060e-02,-9.274922943115235241e-02,1.557077340837854096e-01,-9.791665844544542585e-01,1.303376439647869756e-01,-1.118833236694335986e-01,1.042224301019784583e-01,-1.149255160708404916e-01,-9.878915987189534897e-01,1.392261840820312457e+00,0.000000000000000000e+00,0.000000000000000000e+00,0.000000000000000000e+00,1.000000000000000000e+00
9.822686188856420975e-01,1.674464046848138654e-01,8.432118304805301390e-02,-9.275087738037109120e-02,1.556772265514241860e-01,-9.791068404866928310e-01,1.308220013813521099e-01,-1.118877868652343732e-01,1.044651209052584323e-01,-1.153754587002604193e-01,-9.878135158236874824e-01,1.392281494140624964e+00,0.000000000000000000e+00,0.000000000000000000e+00,0.000000000000000000e+00,1.000000000000000000e+00
9.822822299064767337e-01,1.674522816091457977e-01,8.415078249102128649e-02,-9.274681854248047197e-02,1.557188432679270373e-01,-9.791203575849530827e-01,1.306712180015656699e-01,-1.118645172119140663e-01,1.042749378386706172e-01,-1.152521528935804979e-01,-9.878480037901259392e-01,1.392276611328125080e+00,0.000000000000000000e+00,0.000000000000000000e+00,0.000000000000000000e+00,1.000000000000000000e+00
9.822785537438352144e-01,1.674811991384256293e-01,8.413614437371716437e-02,-9.274813842773438344e-02,1.557574438596237565e-01,-9.791244243834662520e-01,1.305947175733465082e-01,-1.118698577880859329e-01,1.042519138300881110e-01,-1.151755595206769567e-01,-9.878593669910020747e-01,1.392255249023437447e+00,0.000000000000000000e+00,0.000000000000000000e+00,0.000000000000000000e+00,1.000000000000000000e+00
9.822709555065541887e-01,1.674848939643183154e-01,8.421745817823304836e-02,-9.274828338623046509e-02,1.557429427058799609e-01,-9.791156975949729668e-01,1.306774139643982480e-01,-1.118787689208984443e-01,1.043451281352146681e-01,-1.152443535140475900e-01,-9.878415020728653628e-01,1.392250732421875137e+00,0.000000000000000000e+00,0.000000000000000000e+00,0.000000000000000000e+00,1.000000000000000000e+00
9.822749130560214370e-01,1.674718864447638789e-01,8.419716403429497453e-02,-9.275169372558593472e-02,1.557204904559735537e-01,-9.791042921734817162e-01,1.307895787118247000e-01,-1.118716201782226638e-01,1.043413821689981313e-01,-1.153600983793687945e-01,-9.878283877622496822e-01,1.392274169921875027e+00,0.000000000000000000e+00,0.000000000000000000e+00,0.000000000000000000e+00,1.000000000000000000e+00
9.822789405939228446e-01,1.674603070744329902e-01,8.417320488265653267e-02,-9.275400543212890259e-02,1.557299350478603128e-01,-9.791257968946681656e-01,1.306172315790332661e-01,-1.118812789916992234e-01,1.042893580173464563e-01,-1.151942681296174997e-01,-9.878532332256709791e-01,1.392292236328124932e+00,0.000000000000000000e+00,0.000000000000000000e+00,0.000000000000000000e+00,1.000000000000000000e+00
9.822827366046547048e-01,1.674575781315716938e-01,8.413432649506910610e-02,-9.274991607666015214e-02,1.557424688291503267e-01,-9.791373687489564048e-01,1.305155029962770385e-01,-1.118693618774414117e-01,1.042348731062280043e-01,-1.150998377308961734e-01,-9.878699907289671955e-01,1.392277099609374957e+00,0.000000000000000000e+00,0.000000000000000000e+00,0.000000000000000000e+00,1.000000000000000000e+00
9.822627689876323176e-01,1.674641417579209590e-01,8.435409821717360090e-02,-9.274723815917969294e-02,1.556907831045836743e-01,-9.791043167524841051e-01,1.308247567279711698e-01,-1.118773498535156341e-01,1.044999173063361764e-01,-1.153711321862375960e-01,-9.878103406732664515e-01,1.392273681640624927e+00,0.000000000000000000e+00,0.000000000000000000e+00,0.000000000000000000e+00,1.000000000000000000e+00
9.822527632165150013e-01,1.675099436445521561e-01,8.437966540417449202e-02,-9.274951171874999678e-02,1.557156434407841739e-01,-9.790778533408899253e-01,1.309931123579322065e-01,-1.118688354492187592e-01,1.045569105384434039e-01,-1.155291126841812011e-01,-9.877858455055237297e-01,1.392265747070312587e+00,0.000000000000000000e+00,0.000000000000000000e+00,0.000000000000000000e+00,1.000000000000000000e+00
9.822748005107853064e-01,1.674918686446216498e-01,8.415872040038360757e-02,-9.274943542480468262e-02,1.557162999928518865e-01,-9.790687686220718167e-01,1.310602160283444728e-01,-1.118836898803710900e-01,1.043486952387680244e-01,-1.156322630012618091e-01,-9.877957934488148517e-01,1.392278930664062608e+00,0.000000000000000000e+00,0.000000000000000000e+00,0.000000000000000000e+00,1.000000000000000000e+00
9.822707735761538883e-01,1.675395206748832855e-01,8.411085774223689415e-02,-9.275563049316407072e-02,1.557725849867886148e-01,-9.790638764342941558e-01,1.310298730365991315e-01,-1.118749847412109366e-01,1.043025845539705398e-01,-1.156046490132811577e-01,-9.878038955085560735e-01,1.392290283203124979e+00,0.000000000000000000e+00,0.000000000000000000e+00,0.000000000000000000e+00,1.000000000000000000e+00
9.822600977399914557e-01,1.674734764644060236e-01,8.436667036661139873e-02,-9.274034118652343950e-02,1.556868454374670252e-01,-9.790900626694959419e-01,1.309360734846318208e-01,-1.118670806884765612e-01,1.045308879975324762e-01,-1.154784995692648003e-01,-9.877945178991826003e-01,1.392254394531249995e+00,0.000000000000000000e+00,0.000000000000000000e+00,0.000000000000000000e+00,1.000000000000000000e+00
9.823084216203262775e-01,1.674710596715791311e-01,8.380697456812016832e-02,-9.273632812500000322e-02,1.557898571825586387e-01,-9.791246647157721972e-01,1.305542467492532555e-01,-1.118726806640625016e-01,1.039215339225761647e-01,-1.151882594612198135e-01,-9.878926964349284967e-01,1.392228515625000052e+00,0.000000000000000000e+00,0.000000000000000000e+00,0.000000000000000000e+00,1.000000000000000000e+00
9.822705353523374372e-01,1.674341803387010830e-01,8.432313225289932157e-02,-9.275615692138672319e-02,1.557237818471244040e-01,-9.791738112206872513e-01,1.302641592564255102e-01,-1.118749771118164038e-01,1.043776755147470953e-01,-1.148235283984144900e-01,-9.878870675235490451e-01,1.392296752929687464e+00,0.000000000000000000e+00,0.000000000000000000e+00,0.000000000000000000e+00,1.000000000000000000e+00
9.822701361167128775e-01,1.675017141346427096e-01,8.419355946395790102e-02,-9.274600219726562844e-02,1.557419623570703848e-01,-9.790898981630739017e-01,1.308717405561289626e-01,-1.118802566528320358e-01,1.043543044364890759e-01,-1.154389322411564084e-01,-9.878178131966431907e-01,1.392276367187500030e+00,0.000000000000000000e+00,0.000000000000000000e+00,0.000000000000000000e+00,1.000000000000000000e+00
9.822743501553360401e-01,1.674434087747068145e-01,8.426034586220802758e-02,-9.274400329589843617e-02,1.557344208641921468e-01,-9.791647663331149998e-01,1.303194173172644021e-01,-1.118617706298828118e-01,1.043258893324526676e-01,-1.148871847932704388e-01,-9.878851368379170106e-01,1.392223754882812470e+00,0.000000000000000000e+00,0.000000000000000000e+00,0.000000000000000000e+00,1.000000000000000000e+00
9.822166509867724660e-01,1.674479367534744689e-01,8.492136952106724146e-02,-9.274749755859375278e-02,1.556245385277660875e-01,-9.791348503270036474e-01,1.306749703774087723e-01,-1.118807220458984397e-01,1.050307266105928172e-01,-1.151352828290321262e-01,-9.877815614373099962e-01,1.392272705078124950e+00,0.000000000000000000e+00,0.000000000000000000e+00,0.000000000000000000e+00,1.000000000000000000e+00
9.822357321384035389e-01,1.676081003085268528e-01,8.438300315526471584e-02,-9.274881744384766424e-02,1.557637697151153522e-01,-9.790077725811511256e-01,1.314588501008205068e-01,-1.118789215087890587e-01,1.046451840968858488e-01,-1.159797652035055582e-01,-9.877236858092798277e-01,1.392246093750000080e+00,0.000000000000000000e+00,0.000000000000000000e+00,0.000000000000000000e+00,1.000000000000000000e+00
9.822552593437158253e-01,1.675422177809249569e-01,8.428648024836916941e-02,-9.275471496582031461e-02,1.557608722884993024e-01,-9.790734358981855179e-01,1.309723550313105223e-01,-1.118799667358398447e-01,1.044660526464717826e-01,-1.155197488725237809e-01,-9.877965536814218295e-01,1.392273803710937452e+00,0.000000000000000000e+00,0.000000000000000000e+00,0.000000000000000000e+00,1.000000000000000000e+00
9.822396452909648579e-01,1.675162786135558080e-01,8.451967592309458932e-02,-9.274639892578125100e-02,1.557207501179427578e-01,-9.790961101416751911e-01,1.308505066407685546e-01,-1.118660507202148408e-01,1.046724758538968292e-01,-1.153650878945018526e-01,-9.877927764939916644e-01,1.392257080078125098e+00,0.000000000000000000e+00,0.000000000000000000e+00,0.000000000000000000e+00,1.000000000000000000e+00
9.822890910140427145e-01,1.674933451076300872e-01,8.398881484734885272e-02,-9.274900817871094272e-02,1.557532117823549056e-01,-9.790827058087532286e-01,1.309121545376561446e-01,-1.118768920898437491e-01,1.041589107771717371e-01,-1.155120536172160040e-01,-9.878298875691333691e-01,1.392284545898437420e+00,0.000000000000000000e+00,0.000000000000000000e+00,0.000000000000000000e+00,1.000000000000000000e+00
9.822597561352598428e-01,1.674727054218710376e-01,8.437217797223853233e-02,-9.275187683105469427e-02,1.557376665881190503e-01,-9.791478845287847621e-01,1.304423222289981255e-01,-1.118649597167968718e-01,1.044583681798052499e-01,-1.149883175000187552e-01,-9.878593706372013061e-01,1.392294799804687511e+00,0.000000000000000000e+00,0.000000000000000000e+00,0.000000000000000000e+00,1.000000000000000000e+00
9.823290386448157996e-01,1.673356175217378117e-01,8.383585714818546364e-02,-9.275586700439453214e-02,1.557300088328111287e-01,-9.792334597289520381e-01,1.298075332798514780e-01,-1.118840179443359450e-01,1.038163001849173178e-01,-1.144579506014581916e-01,-9.879886402990825101e-01,1.392296508789062637e+00,0.000000000000000000e+00,0.000000000000000000e+00,0.000000000000000000e+00,1.000000000000000000e+00
9.822762608669791673e-01,1.674710385378326283e-01,8.418312531764562956e-02,-9.275382232666015692e-02,1.557193223356993506e-01,-9.791020023983069143e-01,1.308081096527916876e-01,-1.118773117065429701e-01,1.043304365393781241e-01,-1.153807616142569631e-01,-9.878271305551479253e-01,1.392310180664062536e+00,0.000000000000000000e+00,0.000000000000000000e+00,0.000000000000000000e+00,1.000000000000000000e+00
9.822653392575637632e-01,1.674740480879539639e-01,8.430448689279268493e-02,-9.275933837890625033e-02,1.557035417465275629e-01,-9.790986335804137131e-01,1.308521028052446467e-01,-1.118741683959960931e-01,1.044567392790466398e-01,-1.154049779602277087e-01,-9.878109539184047883e-01,1.392317749023437523e+00,0.000000000000000000e+00,0.000000000000000000e+00,0.000000000000000000e+00,1.000000000000000000e+00
9.822681616849298081e-01,1.675433767286143849e-01,8.413367610227562299e-02,-9.275112915039063211e-02,1.557778626366536356e-01,-9.790682263661167894e-01,1.309910898979870786e-01,-1.118682632446289099e-01,1.043192985619865731e-01,-1.155622128322241066e-01,-9.878070960024813996e-01,1.392270874023437521e+00,0.000000000000000000e+00,0.000000000000000000e+00,0.000000000000000000e+00,1.000000000000000000e+00
9.822941627890240390e-01,1.674331545636087715e-01,8.404948841896277278e-02,-9.275083160400390825e-02,1.557238609277094288e-01,-9.791351232407263794e-01,1.305545463556712360e-01,-1.118645324707031319e-01,1.041549657403720436e-01,-1.151544579651452016e-01,-9.878720534170282175e-01,1.392271972656250023e+00,0.000000000000000000e+00,0.000000000000000000e+00,0.000000000000000000e+00,1.000000000000000000e+00
9.822894239841123420e-01,1.674501993490358498e-01,8.407091213332537616e-02,-9.274761962890624989e-02,1.557402798185364146e-01,-9.791349369094001220e-01,1.305363572552456497e-01,-1.118792266845703154e-01,1.041751062922670890e-01,-1.151312557969958461e-01,-9.878726340817433060e-01,1.392264038085937461e+00,0.000000000000000000e+00,0.000000000000000000e+00,0.000000000000000000e+00,1.000000000000000000e+00
9.822632932707127118e-01,1.674524386745137317e-01,8.437122421141038386e-02,-9.274706268310546620e-02,1.557456132386322023e-01,-9.791819174488580746e-01,1.301770966725726009e-01,-1.118757171630859332e-01,1.044132493982265486e-01,-1.147277356315208469e-01,-9.878944376941130034e-01,1.392269653320312495e+00,0.000000000000000000e+00,0.000000000000000000e+00,0.000000000000000000e+00,1.000000000000000000e+00
9.822789685928694503e-01,1.674532595785492017e-01,8.418689753547135834e-02,-9.274901580810547552e-02,1.557307961703894572e-01,-9.791376311683541722e-01,1.305274620689483300e-01,-1.118694915771484416e-01,1.042878084162552205e-01,-1.151038882338174946e-01,-9.878639318900106492e-01,1.392272949218750000e+00,0.000000000000000000e+00,0.000000000000000000e+00,0.000000000000000000e+00,1.000000000000000000e+00
9.822740407160176490e-01,1.675413124759247419e-01,8.406912363806319510e-02,-9.275358581542969549e-02,1.557805213786903620e-01,-9.790642392257377091e-01,1.310177263896412925e-01,-1.118872222900390706e-01,1.042599544140069140e-01,-1.155989795939914855e-01,-9.878090593947886910e-01,1.392300537109375069e+00,0.000000000000000000e+00,0.000000000000000000e+00,0.000000000000000000e+00,1.000000000000000000e+00
9.822565264215914471e-01,1.674769706583457696e-01,8.440130686958091655e-02,-9.275207519531250555e-02,1.557398076480688842e-01,-9.791491424510145869e-01,1.304303229743194459e-01,-1.118753280639648434e-01,1.044855426168237456e-01,-1.149713926876871350e-01,-9.878584667084255866e-01,1.392284179687500068e+00,0.000000000000000000e+00,0.000000000000000000e+00,0.000000000000000000e+00,1.000000000000000000e+00
9.822668543615088455e-01,1.674891113596118919e-01,8.425689525916586764e-02,-9.274758148193359975e-02,1.557451788229316236e-01,-9.791186485540136486e-01,1.306526361279211901e-01,-1.118751220703124993e-01,1.043803913393678146e-01,-1.152131486842081498e-01,-9.878414165614394227e-01,1.392266967773437614e+00,0.000000000000000000e+00,0.000000000000000000e+00,0.000000000000000000e+00,1.000000000000000000e+00
9.822776533902519702e-01,1.674354663529005194e-01,8.423761782794396413e-02,-9.274227905273438322e-02,1.557256453647465899e-01,-9.791617583112148804e-01,1.303525006918685170e-01,-1.118745269775390655e-01,1.043078857319675173e-01,-1.149243910929143575e-01,-9.878827102981657671e-01,1.392265747070312587e+00,0.000000000000000000e+00,0.000000000000000000e+00,0.000000000000000000e+00,1.000000000000000000e+00
9.822387738307724048e-01,1.675407974657000532e-01,8.448119535126245860e-02,-9.275308227539062755e-02,1.557544198325811480e-01,-9.790967458640621457e-01,1.308056686119541956e-01,-1.118731307983398399e-01,1.046305494874080894e-01,-1.153240799788213949e-01,-9.878020068267737708e-01,1.392274780273437429e+00,0.000000000000000000e+00,0.000000000000000000e+00,0.000000000000000000e+00,1.000000000000000000e+00
9.822837045458892025e-01,1.674953038109248116e-01,8.404788507089223926e-02,-9.274361419677734641e-02,1.557408323680999351e-01,-9.790752347957094592e-01,1.309827383398960432e-01,-1.118775939941406283e-01,1.042281963620943913e-01,-1.155725218683588268e-01,-9.878155066975271570e-01,1.392277221679687482e+00,0.000000000000000000e+00,0.000000000000000000e+00,0.000000000000000000e+00,1.000000000000000000e+00
9.822668608242868249e-01,1.675334142642121160e-01,8.416869507945048956e-02,-9.274905395507812567e-02,1.557468606917040976e-01,-9.790516325107951889e-01,1.311518824212070111e-01,-1.118718109130859423e-01,1.043778209730426287e-01,-1.157171378099332570e-01,-9.877827769838856131e-01,1.392265869140625112e+00,0.000000000000000000e+00,0.000000000000000000e+00,0.000000000000000000e+00,1.000000000000000000e+00
9.822355457452370819e-01,1.674207128150140278e-01,8.475634250643632184e-02,-9.275234985351563100e-02,1.556697780070725456e-01,-9.791944367081285572e-01,1.301736353301977678e-01,-1.118730773925781241e-01,1.047867018747345447e-01,-1.146671707175299509e-01,-9.878619271284080350e-01,1.392265258789062488e+00,0.000000000000000000e+00,0.000000000000000000e+00,0.000000000000000000e+00,1.000000000000000000e+00
9.822741610354840391e-01,1.674059056126357969e-01,8.433703414307107404e-02,-9.275016021728516025e-02,1.557203526164382401e-01,-9.792075268770884522e-01,1.300145802910907256e-01,-1.118770065307617273e-01,1.043486671838619734e-01,-1.145769700824280785e-01,-9.879187585948968620e-01,1.392281982421875064e+00,0.000000000000000000e+00,0.000000000000000000e+00,0.000000000000000000e+00,1.000000000000000000e+00
9.822897824588652238e-01,1.674544764432097932e-01,8.405820362133571699e-02,-9.275079345703125810e-02,1.557469666419078191e-01,-9.791350707533965636e-01,1.305273749164741204e-01,-1.118711624145507788e-01,1.041617283783246722e-01,-1.151238964762392319e-01,-9.878749024048381067e-01,1.392263916015624936e+00,0.000000000000000000e+00,0.000000000000000000e+00,0.000000000000000000e+00,1.000000000000000000e+00
9.822814138599652578e-01,1.674802185641415531e-01,8.410469888760815915e-02,-9.274768066406249845e-02,1.557225872953638401e-01,-9.790824655423721046e-01,1.309503779051745531e-01,-1.118850631713867172e-01,1.042770338631937299e-01,-1.155331210397157610e-01,-9.878149614940628931e-01,1.392271484374999924e+00,0.000000000000000000e+00,0.000000000000000000e+00,0.000000000000000000e+00,1.000000000000000000e+00
9.822843314253046909e-01,1.674889177908925331e-01,8.405328460909579358e-02,-9.274723052978516014e-02,1.557217998232297562e-01,-9.790629947490960827e-01,1.310968091630960175e-01,-1.118781814575195294e-01,1.042507232404455558e-01,-1.156854127803799565e-01,-9.877999149492153741e-01,1.392278198242187459e+00,0.000000000000000000e+00,0.000000000000000000e+00,0.000000000000000000e+00,1.000000000000000000e+00
9.822284178000040278e-01,1.675170566214696233e-01,8.464851449954920171e-02,-9.274951934814452958e-02,1.557123465409258334e-01,-9.791047750938159933e-01,1.307956594203610601e-01,-1.118734436035156293e-01,1.047902686360698138e-01,-1.152903947836410314e-01,-9.877890080729856415e-01,1.392272827148437475e+00,0.000000000000000000e+00,0.000000000000000000e+00,0.000000000000000000e+00,1.000000000000000000e+00
9.822661336525732034e-01,1.674441073064014962e-01,8.435468930408057675e-02,-9.274393463134765481e-02,1.557152464648784151e-01,-9.791565632491646687e-01,1.304039365374641546e-01,-1.118836593627929726e-01,1.044318184156909080e-01,-1.149560593202772762e-01,-9.878659320616057782e-01,1.392278808593750083e+00,0.000000000000000000e+00,0.000000000000000000e+00,0.000000000000000000e+00,1.000000000000000000e+00
9.822779906287985030e-01,1.674701275813580137e-01,8.416475208859057477e-02,-9.275811004638671864e-02,1.557356852470299924e-01,-9.791185359479760431e-01,1.306647959617666666e-01,-1.118719482421875050e-01,1.042897188935143354e-01,-1.152416978830830274e-01,-9.878476631556792897e-01,1.392296508789062637e+00,0.000000000000000000e+00,0.000000000000000000e+00,0.000000000000000000e+00,1.000000000000000000e+00
9.823124315385602934e-01,1.674828234485112310e-01,8.373643588376769586e-02,-9.275171661376953314e-02,1.557713282935536125e-01,-9.790787858138234601e-01,1.309199161739397765e-01,-1.118702392578125038e-01,1.039114051799101823e-01,-1.155605253494647877e-01,-9.878502846355274869e-01,1.392289550781250052e+00,0.000000000000000000e+00,0.000000000000000000e+00,0.000000000000000000e+00,1.000000000000000000e+00
9.822718636398224401e-01,1.674915544051607252e-01,8.419361676809773709e-02,-9.275917816162108920e-02,1.557360611915922788e-01,-9.790961913675382267e-01,1.308316754234596369e-01,-1.118896713256836012e-01,1.043468501972093093e-01,-1.154002913883840908e-01,-9.878231155431609345e-01,1.392288208007812500e+00,0.000000000000000000e+00,0.000000000000000000e+00,0.000000000000000000e+00,1.000000000000000000e+00
9.823015236503584990e-01,1.674408131088810370e-01,8.394814315767443191e-02,-9.275318145751952625e-02,1.557700647694151841e-01,-9.791616644458462915e-01,1.303001220313030617e-01,-1.118784790039062532e-01,1.040163619625144587e-01,-1.149174007062335467e-01,-9.879142611881897018e-01,1.392279418945312486e+00,0.000000000000000000e+00,0.000000000000000000e+00,0.000000000000000000e+00,1.000000000000000000e+00
9.823086981420310337e-01,1.674728109507860052e-01,8.380023357217089575e-02,-9.274441528320312433e-02,1.557699743903418754e-01,-9.790994001951915937e-01,1.307672727246694255e-01,-1.118779907226562509e-01,1.039487211702979363e-01,-1.154002691923122353e-01,-9.878650926302647850e-01,1.392254760742187569e+00,0.000000000000000000e+00,0.000000000000000000e+00,0.000000000000000000e+00,1.000000000000000000e+00
9.822625112300473749e-01,1.674727368283932816e-01,8.434003468844804285e-02,-9.274964141845702670e-02,1.557155088483832273e-01,-9.791187200381088473e-01,1.306874606648414927e-01,-1.118726959228515672e-01,1.044654935188169403e-01,-1.152363418811232637e-01,-9.878297151704471535e-01,1.392237670898437418e+00,0.000000000000000000e+00,0.000000000000000000e+00,0.000000000000000000e+00,1.000000000000000000e+00
9.822747443218065033e-01,1.675058270426473817e-01,8.413159082228750807e-02,-9.274951171874999678e-02,1.557696480609772061e-01,-9.791062058055057804e-01,1.307166955522755247e-01,-1.118755874633789033e-01,1.042695708751570777e-01,-1.152945604090049592e-01,-9.878436216980932549e-01,1.392262695312500131e+00,0.000000000000000000e+00,0.000000000000000000e+00,0.000000000000000000e+00,1.000000000000000000e+00
9.822875407486841848e-01,1.674786349214402725e-01,8.403626678258055427e-02,-9.275120544433594627e-02,1.557276868171144635e-01,-9.790800062770579348e-01,1.309627002894597214e-01,-1.118783721923828217e-01,1.042116828790939087e-01,-1.155562553623432076e-01,-9.878191519697012701e-01,1.392268432617187468e+00,0.000000000000000000e+00,0.000000000000000000e+00,0.000000000000000000e+00,1.000000000000000000e+00
9.822628226123575335e-01,1.675238161989316965e-01,8.423489965418415326e-02,-9.274727630615234308e-02,1.557538208075697761e-01,-9.790812356567526464e-01,1.309224246975655148e-01,-1.118798904418945306e-01,1.044054338501946289e-01,-1.154803229602031356e-01,-9.878075725522454942e-01,1.392265747070312587e+00,0.000000000000000000e+00,0.000000000000000000e+00,0.000000000000000000e+00,1.000000000000000000e+00
9.822680948063604589e-01,1.674305047801487867e-01,8.435885249662497531e-02,-9.274984741210937078e-02,1.556850515543287961e-01,-9.791410066483077212e-01,1.305567073047756987e-01,-1.118698043823242172e-01,1.044583871597142000e-01,-1.151082758484526097e-01,-9.878453979156798237e-01,1.392255004882812619e+00,0.000000000000000000e+00,0.000000000000000000e+00,0.000000000000000000e+00,1.000000000000000000e+00
9.822616101661267862e-01,1.674506380295451291e-01,8.439438972672322348e-02,-9.275274658203125355e-02,1.557202195000930711e-01,-9.791596357465888190e-01,1.303749245961445535e-01,-1.118875198364257806e-01,1.044669442105522206e-01,-1.149203704662745823e-01,-9.878663705275139151e-01,1.392283203125000091e+00,0.000000000000000000e+00,0.000000000000000000e+00,0.000000000000000000e+00,1.000000000000000000e+00
9.822922539086272886e-01,1.675273637885268119e-01,8.388390962023678510e-02,-9.274776458740234542e-02,1.557771851102051353e-01,-9.790507437686061243e-01,1.311224989285989240e-01,-1.118676223754882793e-01,1.040932106827834602e-01,-1.157334156940256209e-01,-9.878109029472917912e-01,1.392269409179687445e+00,0.000000000000000000e+00,0.000000000000000000e+00,0.000000000000000000e+00,1.000000000000000000e+00
9.822823166551863938e-01,1.674300106561680546e-01,8.419407293982177076e-02,-9.274887084960938000e-02,1.557289090582581748e-01,-9.791658455169074404e-01,1.303178953815814223e-01,-1.118757934570312473e-01,1.042590872300603183e-01,-1.148975130489581359e-01,-9.878909880270796418e-01,1.392257324218749925e+00,0.000000000000000000e+00,0.000000000000000000e+00,0.000000000000000000e+00,1.000000000000000000e+00
9.823099839217758200e-01,1.674804518838868550e-01,8.376988554588031544e-02,-9.274910736083984142e-02,1.558230205273507807e-01,-9.791440873100251130e-01,1.303688711293882196e-01,-1.118784866333007860e-01,1.038570255752283705e-01,-1.150093671080198443e-01,-9.879203225544453959e-01,1.392265991210937637e+00,0.000000000000000000e+00,0.000000000000000000e+00,0.000000000000000000e+00,1.000000000000000000e+00
9.822728698619750398e-01,1.674614079301431357e-01,8.424183038831700721e-02,-9.274565887451172164e-02,1.557235482672723603e-01,-9.791274344152788300e-01,1.306125709509035060e-01,-1.118691406250000020e-01,1.043560522833738846e-01,-1.151787481673963442e-01,-9.878479996044035039e-01,1.392253051757812443e+00,0.000000000000000000e+00,0.000000000000000000e+00,0.000000000000000000e+00,1.000000000000000000e+00
9.822887413500823728e-01,1.674485990518115863e-01,8.408207473925080611e-02,-9.274446105957032116e-02,1.557315749715101894e-01,-9.791289721056845030e-01,1.305914719273766067e-01,-1.118724594116210919e-01,1.041945544343091667e-01,-1.151842986645815886e-01,-9.878643996862040977e-01,1.392248168945312559e+00,0.000000000000000000e+00,0.000000000000000000e+00,0.000000000000000000e+00,1.000000000000000000e+00
9.822578017666303563e-01,1.674605593719613039e-01,8.441902583788307712e-02,-9.274706268310546620e-02,1.557279543695005986e-01,-9.791592888876021750e-01,1.303682906730627977e-01,-1.118751068115234337e-01,1.044912201884832248e-01,-1.149088684129961901e-01,-9.878651410306809044e-01,1.392243652343750027e+00,0.000000000000000000e+00,0.000000000000000000e+00,0.000000000000000000e+00,1.000000000000000000e+00
9.822786675894450426e-01,1.674916127764123908e-01,8.411408234214283464e-02,-9.274321746826172386e-02,1.557229218314144514e-01,-9.790698304071396851e-01,1.310444153820446433e-01,-1.118738784790039020e-01,1.043024008112547335e-01,-1.156236430670259385e-01,-9.878016918131480306e-01,1.392244262695312429e+00,0.000000000000000000e+00,0.000000000000000000e+00,0.000000000000000000e+00,1.000000000000000000e+00
9.822605510658105610e-01,1.674161576231666948e-01,8.447508500490381878e-02,-9.274867248535156872e-02,1.556709569329814413e-01,-9.791605057962954328e-01,1.304272098003833591e-01,-1.118785400390625018e-01,1.045502892748774587e-01,-1.149631856527922880e-01,-9.878525714685878478e-01,1.392282958984375041e+00,0.000000000000000000e+00,0.000000000000000000e+00,0.000000000000000000e+00,1.000000000000000000e+00
9.822784506304600427e-01,1.675037585968028875e-01,8.409242702507538358e-02,-9.275548553466797519e-02,1.557674411869513498e-01,-9.791006073885397676e-01,1.307612514373535095e-01,-1.118724594116210919e-01,1.042379474716060295e-01,-1.153450972834871580e-01,-9.878410595027775631e-01,1.392279418945312486e+00,0.000000000000000000e+00,0.000000000000000000e+00,0.000000000000000000e+00,1.000000000000000000e+00
9.822537864923508444e-01,1.674088360504815409e-01,8.456820048731114592e-02,-9.275030517578125577e-02,1.556773372345716944e-01,-9.791902533641703155e-01,1.301960613389096799e-01,-1.118816680908203132e-01,1.046043287488261364e-01,-1.147202219699503950e-01,-9.878750958892388301e-01,1.392261840820312457e+00,0.000000000000000000e+00,0.000000000000000000e+00,0.000000000000000000e+00,1.000000000000000000e+00
9.822517019890388834e-01,1.674643283227348900e-01,8.448249924719201942e-02,-9.275234985351563100e-02,1.557174165441743141e-01,-9.791522386728348515e-01,1.304338134334186716e-01,-1.118760070800781242e-01,1.045642392237645241e-01,-1.149634387159283455e-01,-9.878510655124912443e-01,1.392277587890625057e+00,0.000000000000000000e+00,0.000000000000000000e+00,0.000000000000000000e+00,1.000000000000000000e+00
9.822405068128123862e-01,1.673879015462250708e-01,8.476365490032293504e-02,-9.275582885742188199e-02,1.556879433776035548e-01,-9.792562695922493177e-01,1.296858618012166620e-01,-1.118848342895507886e-01,1.047131847618144179e-01,-1.141860275174831768e-01,-9.879254526819394311e-01,1.392292358398437457e+00,0.000000000000000000e+00,0.000000000000000000e+00,0.000000000000000000e+00,1.000000000000000000e+00
9.822376554355748413e-01,1.675162107498622821e-01,8.454293217314648445e-02,-9.274704742431641447e-02,1.557061126063179479e-01,-9.790834753045632999e-01,1.309624178249909898e-01,-1.118792037963867170e-01,1.047129158292049445e-01,-1.154723669175729966e-01,-9.877759552332702198e-01,1.392265258789062488e+00,0.000000000000000000e+00,0.000000000000000000e+00,0.000000000000000000e+00,1.000000000000000000e+00
9.822866362674997909e-01,1.674669841453599872e-01,8.407005074066943584e-02,-9.275028991699219016e-02,1.557217704174309048e-01,-9.790931570830803121e-01,1.308713871369434900e-01,-1.118961105346679696e-01,1.042290479105605766e-01,-1.154616775139896412e-01,-9.878283791212489895e-01,1.392253784179687592e+00,0.000000000000000000e+00,0.000000000000000000e+00,0.000000000000000000e+00,1.000000000000000000e+00
9.823120062846030232e-01,1.674485948963179704e-01,8.380984653587519873e-02,-9.275341796875000155e-02,1.557680207882217172e-01,-9.791292661365121885e-01,1.305457923285747168e-01,-1.118745193481445327e-01,1.039203830287315500e-01,-1.151818052568374939e-01,-9.878935700412964094e-01,1.392254638671875044e+00,0.000000000000000000e+00,0.000000000000000000e+00,0.000000000000000000e+00,1.000000000000000000e+00
9.822741383141123661e-01,1.674843150735272623e-01,8.418147898213532154e-02,-9.274918365478515558e-02,1.557291870181898574e-01,-9.790959289178436942e-01,1.308418216288611546e-01,-1.118780212402343821e-01,1.043356962401741361e-01,-1.154130243120616156e-01,-9.878228061293289342e-01,1.392254394531249995e+00,0.000000000000000000e+00,0.000000000000000000e+00,0.000000000000000000e+00,1.000000000000000000e+00
9.822437897337595869e-01,1.675028327952848561e-01,8.449815699183864381e-02,-9.274873352050781727e-02,1.557026076759574218e-01,-9.790898543112452890e-01,1.309188876659593548e-01,-1.118765106201171922e-01,1.046605727691638649e-01,-1.154376809812985294e-01,-9.877855568478873804e-01,1.392248046875000034e+00,0.000000000000000000e+00,0.000000000000000000e+00,0.000000000000000000e+00,1.000000000000000000e+00
9.822429871673540314e-01,1.675336598995767479e-01,8.444635552353176033e-02,-9.274726104736327748e-02,1.557486403679423370e-01,-9.790942339926188565e-01,1.308313494004573474e-01,-1.118791198730468839e-01,1.045995945694395829e-01,-1.153557703934230544e-01,-9.878015848604663196e-01,1.392271850585937498e+00,0.000000000000000000e+00,0.000000000000000000e+00,0.000000000000000000e+00,1.000000000000000000e+00
9.822936844068754780e-01,1.674492837338166784e-01,8.402294300604630506e-02,-9.275267028808593939e-02,1.557327196341246056e-01,-9.791206776297496361e-01,1.306522815461674814e-01,-1.118718872070312564e-01,1.041462318556205940e-01,-1.152537895901546428e-01,-9.878613902645367872e-01,1.392283813476562493e+00,0.000000000000000000e+00,0.000000000000000000e+00,0.000000000000000000e+00,1.000000000000000000e+00
9.822762237469884194e-01,1.674226246898291581e-01,8.427980187046443805e-02,-9.275051879882813266e-02,1.557218446372412024e-01,-9.791798642318274570e-01,1.302209683027837073e-01,-1.118840255737304779e-01,1.043270212559097854e-01,-1.147887547842047495e-01,-9.878964593574370845e-01,1.392278808593750083e+00,0.000000000000000000e+00,0.000000000000000000e+00,0.000000000000000000e+00,1.000000000000000000e+00
9.822756396216026920e-01,1.675339637623268763e-01,8.406508664156918387e-02,-9.274558258056640747e-02,1.557690041549731896e-01,-9.790601580156729211e-01,1.310619102977431671e-01,-1.118728637695312472e-01,1.042620983413393848e-01,-1.156441869373860121e-01,-9.878035416402656255e-01,1.392238647460937617e+00,0.000000000000000000e+00,0.000000000000000000e+00,0.000000000000000000e+00,1.000000000000000000e+00
9.822355469288800434e-01,1.674964457238560800e-01,8.460656605251989926e-02,-9.274189758300781239e-02,1.557260739958610252e-01,-9.791395875582468156e-01,1.305184199801005807e-01,-1.118667678833007856e-01,1.047030096375442532e-01,-1.150243832678169292e-01,-9.878292722058296116e-01,1.392247680664062459e+00,0.000000000000000000e+00,0.000000000000000000e+00,0.000000000000000000e+00,1.000000000000000000e+00
9.823077962735863311e-01,1.674485663810788560e-01,8.385923322480304254e-02,-9.274613952636719116e-02,1.557630903819812174e-01,-9.791311112741082345e-01,1.305378359319041559e-01,-1.118820571899414029e-01,1.039675577032818654e-01,-1.151661606204330973e-01,-9.878904303581260704e-01,1.392250976562499964e+00,0.000000000000000000e+00,0.000000000000000000e+00,0.000000000000000000e+00,1.000000000000000000e+00
9.822793410502076439e-01,1.674735983477965984e-01,8.414208223244312723e-02,-9.274715423583984597e-02,1.557124269137006023e-01,-9.790850899702817633e-01,1.309428375381067322e-01,-1.118796539306640692e-01,1.043117263332160871e-01,-1.155204763421899677e-01,-9.878127774507970971e-01,1.392246093750000080e+00,0.000000000000000000e+00,0.000000000000000000e+00,0.000000000000000000e+00,1.000000000000000000e+00
9.822563008973339560e-01,1.674955178136891820e-01,8.436711954197745333e-02,-9.273965454101562589e-02,1.557024273526858849e-01,-9.790795765508799597e-01,1.309959422937649887e-01,-1.118805236816406284e-01,1.045433568619630604e-01,-1.155354244085941007e-01,-9.877865418412818954e-01,1.392242431640625000e+00,0.000000000000000000e+00,0.000000000000000000e+00,0.000000000000000000e+00,1.000000000000000000e+00
9.822386572442308728e-01,1.675439338280259316e-01,8.447633072334909121e-02,-9.274073028564452925e-02,1.557442859663731027e-01,-9.790809113132364905e-01,1.309361924406970967e-01,-1.118639221191406324e-01,1.046467276309928085e-01,-1.154538840380553155e-01,-9.877851300038144045e-01,1.392245971679687555e+00,0.000000000000000000e+00,0.000000000000000000e+00,0.000000000000000000e+00,1.000000000000000000e+00
9.822446817949289644e-01,1.674863363480294798e-01,8.452048403962991729e-02,-9.275294494628906483e-02,1.556918797111920549e-01,-9.791020510167284252e-01,1.308404076989655995e-01,-1.118735427856445280e-01,1.046681598079105546e-01,-1.153581415919594511e-01,-9.877940450776544479e-01,1.392292968750000082e+00,0.000000000000000000e+00,0.000000000000000000e+00,0.000000000000000000e+00,1.000000000000000000e+00
9.822982424265013224e-01,1.674817669907579798e-01,8.390483091848907615e-02,-9.275205230712890714e-02,1.557424470440608444e-01,-9.790729759779878139e-01,1.309977018818820060e-01,-1.118762741088867169e-01,1.040886790892011082e-01,-1.156112686344197837e-01,-9.878256837368654120e-01,1.392291137695312431e+00,0.000000000000000000e+00,0.000000000000000000e+00,0.000000000000000000e+00,1.000000000000000000e+00
9.822936294242560207e-01,1.674672528694917117e-01,8.398776582853055561e-02,-9.274992370605468495e-02,1.557462813654184597e-01,-9.791078316064530940e-01,1.307323599104416867e-01,-1.118708496093750032e-01,1.041264684571904658e-01,-1.153367820916426784e-01,-9.878537873913216805e-01,1.392278076171874934e+00,0.000000000000000000e+00,0.000000000000000000e+00,0.000000000000000000e+00,1.000000000000000000e+00
9.822848690468602983e-01,1.674094063313258385e-01,8.420526535428485282e-02,-9.275086212158203947e-02,1.557233338468478334e-01,-9.791872276333021263e-01,1.301638065494051533e-01,-1.118837890625000026e-01,1.042433659146501934e-01,-1.147452130225955769e-01,-9.879103485393719852e-01,1.392275390625000053e+00,0.000000000000000000e+00,0.000000000000000000e+00,0.000000000000000000e+00,1.000000000000000000e+00
9.822673892903939219e-01,1.674909400549144667e-01,8.424702330738438605e-02,-9.274242401123046486e-02,1.557036543990349131e-01,-9.790689849949310020e-01,1.310736229291826205e-01,-1.118681182861328144e-01,1.044372919192173149e-01,-1.156317759982812832e-01,-9.877864872714465783e-01,1.392243041992187624e+00,0.000000000000000000e+00,0.000000000000000000e+00,0.000000000000000000e+00,1.000000000000000000e+00
9.822544585966046515e-01,1.675655987658023482e-01,8.424932449194816320e-02,-9.274650573730468250e-02,1.557612708537503554e-01,-9.790388808602299431e-01,1.312299366226072073e-01,-1.118734970092773451e-01,1.044729872699927398e-01,-1.157784084974699118e-01,-9.877655364795216997e-01,1.392260375976562603e+00,0.000000000000000000e+00,0.000000000000000000e+00,0.000000000000000000e+00,1.000000000000000000e+00
9.822702170361091722e-01,1.674653442828560601e-01,8.426493451050154349e-02,-9.274481201171874689e-02,1.557079221753621401e-01,-9.791086179725273508e-01,1.307721575250587465e-01,-1.118814773559570347e-01,1.044043279546685576e-01,-1.153328776895465729e-01,-9.878249154724646486e-01,1.392265869140625112e+00,0.000000000000000000e+00,0.000000000000000000e+00,0.000000000000000000e+00,1.000000000000000000e+00
9.822591442060167877e-01,1.674783690710823225e-01,8.436805981503948948e-02,-9.274905395507812567e-02,1.557204096132042137e-01,-9.791211520645360933e-01,1.306633981255332921e-01,-1.118741836547851587e-01,1.044898447389009805e-01,-1.152074887891671173e-01,-9.878305051340207088e-01,1.392275756835937628e+00,0.000000000000000000e+00,0.000000000000000000e+00,0.000000000000000000e+00,1.000000000000000000e+00
9.822798819660620850e-01,1.674649952246810292e-01,8.415288978482525495e-02,-9.274506378173828780e-02,1.557398005705707134e-01,-9.791278054683243415e-01,1.305904095905301154e-01,-1.118694686889648432e-01,1.042657566173009615e-01,-1.151703778459597094e-01,-9.878585101439583127e-01,1.392259399414062626e+00,0.000000000000000000e+00,0.000000000000000000e+00,0.000000000000000000e+00,1.000000000000000000e+00
9.822520828105079094e-01,1.675829592861184103e-01,8.424249267042464850e-02,-9.274584197998046731e-02,1.557424515734930071e-01,-9.789950323853244818e-01,1.315789319866049467e-01,-1.118695755004882886e-01,1.045233686421250113e-01,-1.161235476626709118e-01,-9.877196905427865214e-01,1.392244384765624954e+00,0.000000000000000000e+00,0.000000000000000000e+00,0.000000000000000000e+00,1.000000000000000000e+00
9.822757955432241950e-01,1.674743777518202248e-01,8.418191187283911858e-02,-9.274676513671875622e-02,1.557466959213348878e-01,-9.791278652448700548e-01,1.305817376611702330e-01,-1.118737258911132876e-01,1.042939509248406588e-01,-1.151562256140069296e-01,-9.878571837582712512e-01,1.392259033203125052e+00,0.000000000000000000e+00,0.000000000000000000e+00,0.000000000000000000e+00,1.000000000000000000e+00
9.822490202659430736e-01,1.674317554073305181e-01,8.457818553158230612e-02,-9.274584197998046731e-02,1.556636381187017082e-01,-9.791479505116986726e-01,1.305301604089647294e-01,-1.118791961669921842e-01,1.046694509121204042e-01,-1.150473741115373705e-01,-9.878301512688276720e-01,1.392265869140625112e+00,0.000000000000000000e+00,0.000000000000000000e+00,0.000000000000000000e+00,1.000000000000000000e+00
9.822814464385168920e-01,1.674831485091239636e-01,8.409848362560502777e-02,-9.274649810791016358e-02,1.557427826669944004e-01,-9.791002136878782514e-01,1.307935671334518046e-01,-1.118758926391601599e-01,1.042465617169063691e-01,-1.153783624507738886e-01,-9.878362657082301324e-01,1.392278564453125034e+00,0.000000000000000000e+00,0.000000000000000000e+00,0.000000000000000000e+00,1.000000000000000000e+00
9.822690628456647310e-01,1.675015557796971366e-01,8.420639517091695059e-02,-9.274078369140624500e-02,1.557398129499426298e-01,-9.790896120171310724e-01,1.308764390654801879e-01,-1.118695831298828214e-01,1.043676139356289750e-01,-1.154415889163194070e-01,-9.878160966039473134e-01,1.392231811523437557e+00,0.000000000000000000e+00,0.000000000000000000e+00,0.000000000000000000e+00,1.000000000000000000e+00
9.822456956778503612e-01,1.675360084382504500e-01,8.441018421324864018e-02,-9.274277496337890447e-02,1.557438514525429918e-01,-9.790806754936379752e-01,1.309384726108022701e-01,-1.118679351806640687e-01,1.045812892302648844e-01,-1.154673839294026172e-01,-9.877904824361468661e-01,1.392243530273437502e+00,0.000000000000000000e+00,0.000000000000000000e+00,0.000000000000000000e+00,1.000000000000000000e+00
9.822451701552545877e-01,1.674738872929312228e-01,8.453947469478202692e-02,-9.274111175537110008e-02,1.557208582201600189e-01,-9.791523482823647484e-01,1.304288816493784364e-01,-1.118724212646484417e-01,1.046204569950444502e-01,-1.149485794959003299e-01,-9.878468424052500030e-01,1.392262695312500131e+00,0.000000000000000000e+00,0.000000000000000000e+00,0.000000000000000000e+00,1.000000000000000000e+00
9.822907121452140178e-01,1.673838961852275320e-01,8.418781462362208423e-02,-9.275070953369141113e-02,1.557077325945948054e-01,-9.791995444430994233e-01,1.300897927305477153e-01,-1.118638839721679684e-01,1.042116060882786049e-01,-1.146773014169747418e-01,-9.879215847911320125e-01,1.392277099609374957e+00,0.000000000000000000e+00,0.000000000000000000e+00,0.000000000000000000e+00,1.000000000000000000e+00
9.822912843855712284e-01,1.674697373976827830e-01,8.401023554362833934e-02,-9.275135803222656072e-02,1.557581875595825949e-01,-9.791211862882477357e-01,1.306181058262920747e-01,-1.118710021972656316e-01,1.041307813679443611e-01,-1.152197449113897265e-01,-9.878669904163493998e-01,1.392274414062500076e+00,0.000000000000000000e+00,0.000000000000000000e+00,0.000000000000000000e+00,1.000000000000000000e+00
9.822585161323691416e-01,1.674927471950017344e-01,8.434682639262443271e-02,-9.274430847167969283e-02,1.557188806193839370e-01,-9.790982537268693164e-01,1.308366912132878368e-01,-1.118831634521484375e-01,1.044980272736397015e-01,-1.153810607771761088e-01,-9.878093809586196983e-01,1.392263916015624936e+00,0.000000000000000000e+00,0.000000000000000000e+00,0.000000000000000000e+00,1.000000000000000000e+00
9.823004667599084527e-01,1.674226250601051624e-01,8.399677149301383594e-02,-9.274689483642578613e-02,1.557105636095561796e-01,-9.791259393971369906e-01,1.306392558922023772e-01,-1.118723068237304774e-01,1.041153849517951618e-01,-1.152478174095172281e-01,-9.878653385956417399e-01,1.392268798828125043e+00,0.000000000000000000e+00,0.000000000000000000e+00,0.000000000000000000e+00,1.000000000000000000e+00
9.822396288014384469e-01,1.675461410553771013e-01,8.446065491969889649e-02,-9.274641418457031661e-02,1.557101601782598099e-01,-9.790381179367450004e-01,1.312962666801201217e-01,-1.118679656982421861e-01,1.046883834495186960e-01,-1.158130141405887964e-01,-9.877386740056292025e-01,1.392265991210937637e+00,0.000000000000000000e+00,0.000000000000000000e+00,0.000000000000000000e+00,1.000000000000000000e+00
9.822624210947491497e-01,1.674700429888315856e-01,8.434643327610982788e-02,-9.274732971191405884e-02,1.557263039878894195e-01,-9.791349479306593606e-01,1.305529470640063583e-01,-1.118680419921875002e-01,1.044502482110683805e-01,-1.151022955554957539e-01,-9.878469553561938232e-01,1.392273925781249977e+00,0.000000000000000000e+00,0.000000000000000000e+00,0.000000000000000000e+00,1.000000000000000000e+00
9.822649192643146954e-01,1.674487610544311000e-01,8.435959224655525945e-02,-9.274564361572265603e-02,1.557013191151257747e-01,-9.791360938240420975e-01,1.305741513348118166e-01,-1.118748474121093739e-01,1.044640014956290941e-01,-1.151235084260925773e-01,-9.878430291292177312e-01,1.392255249023437447e+00,0.000000000000000000e+00,0.000000000000000000e+00,0.000000000000000000e+00,1.000000000000000000e+00
9.822710963407176310e-01,1.674985706131782714e-01,8.418861048946554848e-02,-9.274702453613281605e-02,1.557336215365451582e-01,-9.790839049181551124e-01,1.309264917934068462e-01,-1.118791885375976652e-01,1.043577137384531506e-01,-1.154943114302996593e-01,-9.878109796972921464e-01,1.392263793945312633e+00,0.000000000000000000e+00,0.000000000000000000e+00,0.000000000000000000e+00,1.000000000000000000e+00
9.823032625829498654e-01,1.674843228683519925e-01,8.384093220033891902e-02,-9.275032043457030750e-02,1.557778929304973470e-01,-9.790996410717783816e-01,1.307560359113467685e-01,-1.118807296752929725e-01,1.039882127600369743e-01,-1.153815169186317990e-01,-9.878631267339260669e-01,1.392279174804687436e+00,0.000000000000000000e+00,0.000000000000000000e+00,0.000000000000000000e+00,1.000000000000000000e+00
9.822550936782874498e-01,1.674612193919761682e-01,8.444922109061503424e-02,-9.275321960449219028e-02,1.557127510577410168e-01,-9.791461475082225974e-01,1.304850986811770808e-01,-1.118798370361328148e-01,1.045393232285780905e-01,-1.150198322879970869e-01,-9.878471380124316248e-01,1.392289184570312477e+00,0.000000000000000000e+00,0.000000000000000000e+00,0.000000000000000000e+00,1.000000000000000000e+00
9.822872702646613385e-01,1.674601937153997189e-01,8.407616901834365220e-02,-9.275304412841797741e-02,1.557396009094195732e-01,-9.791223611184524112e-01,1.306314612426953126e-01,-1.118727416992187501e-01,1.041964269280621774e-01,-1.152236324658613420e-01,-9.878596150955850641e-01,1.392271850585937498e+00,0.000000000000000000e+00,0.000000000000000000e+00,0.000000000000000000e+00,1.000000000000000000e+00
9.822627920041437921e-01,1.674506366077698205e-01,8.438063607177416492e-02,-9.275235748291016380e-02,1.557147648052860101e-01,-9.791516258293817554e-01,1.304415794802923079e-01,-1.118689193725585923e-01,1.044639625222929663e-01,-1.149885991537055868e-01,-9.878587462784393924e-01,1.392273315429687575e+00,0.000000000000000000e+00,0.000000000000000000e+00,0.000000000000000000e+00,1.000000000000000000e+00
9.822644669719312605e-01,1.674011981596531529e-01,8.445919594135696540e-02,-9.274286651611328425e-02,1.556946454591641160e-01,-9.792029600021517899e-01,1.300797466878292619e-01,-1.118762741088867169e-01,1.044782001170252300e-01,-1.146228684763087868e-01,-9.878997437607573984e-01,1.392266235351562464e+00,0.000000000000000000e+00,0.000000000000000000e+00,0.000000000000000000e+00,1.000000000000000000e+00
9.822716097672521407e-01,1.674549858299739236e-01,8.426928483103665601e-02,-9.275305175781249634e-02,1.557303689591586493e-01,-9.791470600587177664e-01,1.304572227291926900e-01,-1.118757324218749988e-01,1.043577348790949433e-01,-1.150211393573072893e-01,-9.878661856101014216e-01,1.392300048828124970e+00,0.000000000000000000e+00,0.000000000000000000e+00,0.000000000000000000e+00,1.000000000000000000e+00
9.822476893579111801e-01,1.674567762321290676e-01,8.454410000104914391e-02,-9.274760437011718428e-02,1.556792542517914102e-01,-9.791287447222397633e-01,1.306555435266991694e-01,-1.118749008178710896e-01,1.046587146235364307e-01,-1.151743432913500259e-01,-9.878164931305589702e-01,1.392297729492187441e+00,0.000000000000000000e+00,0.000000000000000000e+00,0.000000000000000000e+00,1.000000000000000000e+00
9.823005325327005544e-01,1.674449507973074791e-01,8.395148741064840936e-02,-9.275208282470703836e-02,1.557545021343954561e-01,-9.791397351276414085e-01,1.304833865250239477e-01,-1.118841934204101579e-01,1.040490213833824978e-01,-1.150980779451137026e-01,-9.878897881861625763e-01,1.392315429687499995e+00,0.000000000000000000e+00,0.000000000000000000e+00,0.000000000000000000e+00,1.000000000000000000e+00
9.823094124613200862e-01,1.674779796076567295e-01,8.378152861122817319e-02,-9.274069976806641191e-02,1.557815541797810954e-01,-9.791029525548102797e-01,1.307268743441273307e-01,-1.118698348999023484e-01,1.039246148283872462e-01,-1.153626223912695842e-01,-9.878720260174296275e-01,1.392253906250000117e+00,0.000000000000000000e+00,0.000000000000000000e+00,0.000000000000000000e+00,1.000000000000000000e+00
9.822203951500517727e-01,1.673797106619184516e-01,8.501251560804796992e-02,-9.274329376220703802e-02,1.555781338822758986e-01,-9.791825685255409750e-01,1.303723197363336472e-01,-1.118727340698242173e-01,1.050644545456966977e-01,-1.148282628731125826e-01,-9.878137124157361226e-01,1.392200195312500055e+00,0.000000000000000000e+00,0.000000000000000000e+00,0.000000000000000000e+00,1.000000000000000000e+00
9.822722177133620391e-01,1.674512200471288126e-01,8.426968145900060048e-02,-9.274539947509766180e-02,1.557085817075267165e-01,-9.791278269538314927e-01,1.306274705691656268e-01,-1.118939361572265645e-01,1.043845194035200319e-01,-1.151902226293352177e-01,-9.878436539855386389e-01,1.392268554687499993e+00,0.000000000000000000e+00,0.000000000000000000e+00,0.000000000000000000e+00,1.000000000000000000e+00
9.822920656061960853e-01,1.674762947086992637e-01,8.398802627611734462e-02,-9.274909210205078969e-02,1.557504557699835035e-01,-9.791010766110302965e-01,1.307779695000807207e-01,-1.118717498779296937e-01,1.041349767107827839e-01,-1.153809884242917583e-01,-9.878477282130472270e-01,1.392270019531250069e+00,0.000000000000000000e+00,0.000000000000000000e+00,0.000000000000000000e+00,1.000000000000000000e+00
9.822580269073690751e-01,1.674513914835324968e-01,8.443459046072782082e-02,-9.274610900878905995e-02,1.557063377252160818e-01,-9.791492898944598178e-01,1.304691706548945507e-01,-1.118764343261718780e-01,1.045213134640157193e-01,-1.150073892817491672e-01,-9.878504924543760612e-01,1.392247680664062459e+00,0.000000000000000000e+00,0.000000000000000000e+00,0.000000000000000000e+00,1.000000000000000000e+00
9.822530898348371675e-01,1.674422298718957480e-01,8.451016013144789507e-02,-9.274832153320312911e-02,1.557078530531151028e-01,-9.791734715610609374e-01,1.302857516716623698e-01,-1.118815078735351520e-01,1.045654436585301966e-01,-1.148146865457019133e-01,-9.878682380489351988e-01,1.392278442382812509e+00,0.000000000000000000e+00,0.000000000000000000e+00,0.000000000000000000e+00,1.000000000000000000e+00
9.823279158212958606e-01,1.674013314139332631e-01,8.371774028861342365e-02,-9.275096893310547097e-02,1.557585864411088483e-01,-9.791649559958057747e-01,1.302891081387826389e-01,-1.118819351196289058e-01,1.037840476569346082e-01,-1.149468711647874813e-01,-9.879352652180044547e-01,1.392236938476562491e+00,0.000000000000000000e+00,0.000000000000000000e+00,0.000000000000000000e+00,1.000000000000000000e+00
9.822375092705163402e-01,1.675457699163632186e-01,8.448603651009974069e-02,-9.274136352539062711e-02,1.557380671430686481e-01,-9.790731664140518431e-01,1.310014856805205574e-01,-1.118799514770507791e-01,1.046667560622467769e-01,-1.155168809789100387e-01,-9.877756427369074332e-01,1.392224487304687619e+00,0.000000000000000000e+00,0.000000000000000000e+00,0.000000000000000000e+00,1.000000000000000000e+00
9.822603745732547686e-01,1.675121642652120380e-01,8.428660253204051100e-02,-9.274441528320312433e-02,1.557625382723576424e-01,-9.791131523977920637e-01,1.306731283493690332e-01,-1.118796157836914051e-01,1.044154596511545352e-01,-1.152263408463662514e-01,-9.878361717213008930e-01,1.392252319335937516e+00,0.000000000000000000e+00,0.000000000000000000e+00,0.000000000000000000e+00,1.000000000000000000e+00
9.822512993717136265e-01,1.674968656298594094e-01,8.442265624080483311e-02,-9.274763488769531550e-02,1.557504368904054359e-01,-9.791389811662964959e-01,1.304938962904959865e-01,-1.118761672973632854e-01,1.045188322314601348e-01,-1.150289335984634453e-01,-9.878482465157147896e-01,1.392269897460937544e+00,0.000000000000000000e+00,0.000000000000000000e+00,0.000000000000000000e+00,1.000000000000000000e+00
9.822784414722206536e-01,1.675035067510396991e-01,8.409303565105823164e-02,-9.275119018554688066e-02,1.557269398162300922e-01,-9.790561381071508640e-01,1.311419027244314917e-01,-1.118825073242187551e-01,1.042985313145780163e-01,-1.157223127180596611e-01,-9.877905459685297762e-01,1.392282104492187589e+00,0.000000000000000000e+00,0.000000000000000000e+00,0.000000000000000000e+00,1.000000000000000000e+00
9.822700211405150927e-01,1.674789518693498569e-01,8.424017004586267787e-02,-9.274771118164062966e-02,1.557305473970976295e-01,-9.791128288577231054e-01,1.307136755417237228e-01,-1.118669967651367142e-01,1.043724205717784237e-01,-1.152773570436566170e-01,-9.878347679531314096e-01,1.392260009765625028e+00,0.000000000000000000e+00,0.000000000000000000e+00,0.000000000000000000e+00,1.000000000000000000e+00
9.822620178131694635e-01,1.674545108798030923e-01,8.438195984691861107e-02,-9.274737548828125566e-02,1.557096691401367583e-01,-9.791413423554468087e-01,1.305248276254114825e-01,-1.118806381225585928e-01,1.044788366027791654e-01,-1.150704935088927849e-01,-9.878476371514738341e-01,1.392252441406250041e+00,0.000000000000000000e+00,0.000000000000000000e+00,0.000000000000000000e+00,1.000000000000000000e+00
9.822659419694069749e-01,1.674026436151719588e-01,8.443917430674917346e-02,-9.274796295166015669e-02,1.556903232813357796e-01,-9.791934949479671468e-01,1.301561473313458950e-01,-1.118785324096679690e-01,1.044707733459794147e-01,-1.147015883161065369e-01,-9.878913923879767411e-01,1.392248535156250133e+00,0.000000000000000000e+00,0.000000000000000000e+00,0.000000000000000000e+00,1.000000000000000000e+00
9.822609275954428121e-01,1.673999744468568640e-01,8.450277317658021203e-02,-9.275330352783203725e-02,1.556753602884270171e-01,-9.791896660015819709e-01,1.302028424988466437e-01,-1.118778839111328194e-01,1.045401947501980316e-01,-1.147381651888450538e-01,-9.878798009528733104e-01,1.392278198242187459e+00,0.000000000000000000e+00,0.000000000000000000e+00,0.000000000000000000e+00,1.000000000000000000e+00
9.822550179192997000e-01,1.674420641434124224e-01,8.448807565420203558e-02,-9.274549865722656050e-02,1.556927875517772064e-01,-9.791539047820856378e-01,1.304507058407587683e-01,-1.118782577514648435e-01,1.045697646392779040e-01,-1.149816763897116151e-01,-9.878483580073909032e-01,1.392262084960937507e+00,0.000000000000000000e+00,0.000000000000000000e+00,0.000000000000000000e+00,1.000000000000000000e+00
9.822782272201424636e-01,1.675226975787921235e-01,8.405730262849778200e-02,-9.275019073486327759e-02,1.557520819084333152e-01,-9.790544757238262008e-01,1.311244544176742577e-01,-1.118731002807617225e-01,1.042630006782990504e-01,-1.157085967466056770e-01,-9.877959036807595350e-01,1.392287353515625048e+00,0.000000000000000000e+00,0.000000000000000000e+00,0.000000000000000000e+00,1.000000000000000000e+00
9.822720618425654360e-01,1.674865523099334508e-01,8.420125485340017313e-02,-9.274688720703125333e-02,1.557462592219145125e-01,-9.791148910556551899e-01,1.306795043281569757e-01,-1.118640899658203125e-01,1.043297621100304079e-01,-1.152487956917750689e-01,-9.878426068102449387e-01,1.392265380859375012e+00,0.000000000000000000e+00,0.000000000000000000e+00,0.000000000000000000e+00,1.000000000000000000e+00
9.822778997875732943e-01,1.674492641205866383e-01,8.420731283200909301e-02,-9.275141143798827648e-02,1.557220532509921429e-01,-9.791360051572400858e-01,1.305500882267646434e-01,-1.118855895996093835e-01,1.043109280958087887e-01,-1.151235308275197211e-01,-9.878592019764739218e-01,1.392281127929687612e+00,0.000000000000000000e+00,0.000000000000000000e+00,0.000000000000000000e+00,1.000000000000000000e+00
9.822510501960625140e-01,1.674210987387466376e-01,8.457570623910605490e-02,-9.274673461914062500e-02,1.556599917813361877e-01,-9.791569442750133190e-01,1.304670281590449010e-01,-1.118835296630859427e-01,1.046558232845505448e-01,-1.149863216871011284e-01,-9.878387036745946981e-01,1.392273681640624927e+00,0.000000000000000000e+00,0.000000000000000000e+00,0.000000000000000000e+00,1.000000000000000000e+00
9.822695365055577055e-01,1.674308003254412758e-01,8.434147707705330621e-02,-9.275576019287110063e-02,1.557151274338225422e-01,-9.791712096286865341e-01,1.302940571268051684e-01,-1.118719711303710895e-01,1.043999843937981897e-01,-1.148506392523653968e-01,-9.878815586505792501e-01,1.392306640624999980e+00,0.000000000000000000e+00,0.000000000000000000e+00,0.000000000000000000e+00,1.000000000000000000e+00
9.822505244950352488e-01,1.674658974660784283e-01,8.449307850415554988e-02,-9.275391387939453669e-02,1.556983590896917624e-01,-9.791308505183389244e-01,1.306169917737044495e-01,-1.118735504150390608e-01,1.046036715703893838e-01,-1.151431750001513654e-01,-9.878259569098593040e-01,1.392301635742187571e+00,0.000000000000000000e+00,0.000000000000000000e+00,0.000000000000000000e+00,1.000000000000000000e+00
9.822568987261219853e-01,1.674126966111288140e-01,8.452439836125023864e-02,-9.274653625488281372e-02,1.556862341773921632e-01,-9.791888105827939448e-01,1.301962738219319404e-01,-1.118782577514648435e-01,1.045618543858294197e-01,-1.147269028730550505e-01,-9.878788166392440395e-01,1.392286743164062424e+00,0.000000000000000000e+00,0.000000000000000000e+00,0.000000000000000000e+00,1.000000000000000000e+00
9.822785657586818875e-01,1.674980646892459679e-01,8.410242313051310981e-02,-9.274800109863282072e-02,1.557496941978717964e-01,-9.790896217195979023e-01,1.308646071260063382e-01,-1.118760757446289056e-01,1.042633780784802122e-01,-1.154465719124294631e-01,-9.878265217260224773e-01,1.392281005859375087e+00,0.000000000000000000e+00,0.000000000000000000e+00,0.000000000000000000e+00,1.000000000000000000e+00
9.822778594215085812e-01,1.674497571144960284e-01,8.420680336288484391e-02,-9.274351501464843384e-02,1.557137812111597241e-01,-9.791261774869411960e-01,1.306336361766536891e-01,-1.118764190673828124e-01,1.043236561438600357e-01,-1.152063687567121270e-01,-9.878482005686249900e-01,1.392268554687499993e+00,0.000000000000000000e+00,0.000000000000000000e+00,0.000000000000000000e+00,1.000000000000000000e+00
9.822672841177811920e-01,1.674561522083650444e-01,8.431737448146314762e-02,-9.274465942382813244e-02,1.556833814595220133e-01,-9.791008015000083331e-01,1.308598687121852455e-01,-1.118811950683593764e-01,1.044684990282112869e-01,-1.154125538648645977e-01,-9.878088251889546312e-01,1.392262329101562557e+00,0.000000000000000000e+00,0.000000000000000000e+00,0.000000000000000000e+00,1.000000000000000000e+00
9.822624575572578287e-01,1.674739883269374396e-01,8.433817467461141026e-02,-9.274977874755858942e-02,1.557031863737226574e-01,-9.791032722700283575e-01,1.308178121785899539e-01,-1.118744049072265684e-01,1.044843635509459245e-01,-1.153657031530249261e-01,-9.878126200395307421e-01,1.392284179687500068e+00,0.000000000000000000e+00,0.000000000000000000e+00,0.000000000000000000e+00,1.000000000000000000e+00
9.822547062808335561e-01,1.675055979437269360e-01,8.436567220539326062e-02,-9.274999999999999911e-02,1.557385025093256381e-01,-9.791065047542875099e-01,1.307515628357640847e-01,-1.118831939697265687e-01,1.045045971491500025e-01,-1.152923544965428204e-01,-9.878190432307616398e-01,1.392307861328125007e+00,0.000000000000000000e+00,0.000000000000000000e+00,0.000000000000000000e+00,1.000000000000000000e+00
9.823038685677746296e-01,1.674375226806611161e-01,8.392726491043860093e-02,-9.274719238281249611e-02,1.557657425206862289e-01,-9.791579735761409831e-01,1.303330205252855034e-01,-1.118844985961914146e-01,1.040006887177345879e-01,-1.149536375276063310e-01,-9.879116954290035890e-01,1.392255859375000071e+00,0.000000000000000000e+00,0.000000000000000000e+00,0.000000000000000000e+00,1.000000000000000000e+00
9.822800059058180988e-01,1.674668349683724466e-01,8.414778180880323755e-02,-9.274673461914062500e-02,1.557356865872421281e-01,-9.791201918313556796e-01,1.306523856319863897e-01,-1.118710098266601644e-01,1.042707337696745090e-01,-1.152324135554093770e-01,-9.878507503390017153e-01,1.392256469726562473e+00,0.000000000000000000e+00,0.000000000000000000e+00,0.000000000000000000e+00,1.000000000000000000e+00
9.822447689511453195e-01,1.674992137451618013e-01,8.449394808424988412e-02,-9.274582672119140170e-02,1.557231832562194218e-01,-9.791164630928788082e-01,1.306952252266373182e-01,-1.118773498535156341e-01,1.046207630667126548e-01,-1.152170347441911213e-01,-9.878155348242376732e-01,1.392272827148437475e+00,0.000000000000000000e+00,0.000000000000000000e+00,0.000000000000000000e+00,1.000000000000000000e+00
9.823038853327442643e-01,1.675561838056127406e-01,8.368991652938097270e-02,-9.275016021728516025e-02,1.557881570416722872e-01,-9.789974877487580551e-01,1.315065363667529685e-01,-1.118799667358398447e-01,1.039669514112743637e-01,-1.161414837606296047e-01,-9.877763050226125996e-01,1.392265136718749963e+00,0.000000000000000000e+00,0.000000000000000000e+00,0.000000000000000000e+00,1.000000000000000000e+00
9.822753635533084671e-01,1.674764913754197282e-01,8.418274759590056722e-02,-9.274954986572266080e-02,1.557392737828912910e-01,-9.791171281835048257e-01,1.306710675676305000e-01,-1.118771133422851588e-01,1.043091019892021382e-01,-1.152444104252591528e-01,-9.878453001902377517e-01,1.392267211914062441e+00,0.000000000000000000e+00,0.000000000000000000e+00,0.000000000000000000e+00,1.000000000000000000e+00
9.822716573241535576e-01,1.674889324691387626e-01,8.420123940898356640e-02,-9.274774932861327981e-02,1.557193691480697195e-01,-9.790821546360440886e-01,1.309565292200757236e-01,-1.118746490478515626e-01,1.043737001825070926e-01,-1.155231231121702229e-01,-9.878059215942281979e-01,1.392266479492187514e+00,0.000000000000000000e+00,0.000000000000000000e+00,0.000000000000000000e+00,1.000000000000000000e+00
9.822535958434056580e-01,1.674660326858245785e-01,8.445709768379354443e-02,-9.274343109130860074e-02,1.557066684276762480e-01,-9.791345615460843588e-01,1.305792624925994627e-01,-1.118766174316406237e-01,1.045624543507525234e-01,-1.151114168205214644e-01,-9.878340219175077985e-01,1.392271972656250023e+00,0.000000000000000000e+00,0.000000000000000000e+00,0.000000000000000000e+00,1.000000000000000000e+00
9.822874068073926823e-01,1.674837968315439629e-01,8.402754445119969828e-02,-9.274849700927734197e-02,1.557643792206040989e-01,-9.791128482347569717e-01,1.306732129690012789e-01,-1.118740158081054648e-01,1.041580942300120438e-01,-1.152701532076375740e-01,-9.878582303072948045e-01,1.392275146484375004e+00,0.000000000000000000e+00,0.000000000000000000e+00,0.000000000000000000e+00,1.000000000000000000e+00
9.823087668478811540e-01,1.674156623911054742e-01,8.391354217253919889e-02,-9.274723052978516014e-02,1.557179288858620836e-01,-9.791306288622603216e-01,1.305953224556398451e-01,-1.118795776367187550e-01,1.040260217315490537e-01,-1.152180871649167299e-01,-9.878782208312748558e-01,1.392261474609375105e+00,0.000000000000000000e+00,0.000000000000000000e+00,0.000000000000000000e+00,1.000000000000000000e+00
9.823077602408085696e-01,1.674163171054850463e-01,8.392401883562368436e-02,-9.274613952636719116e-02,1.556988850268186120e-01,-9.791102418051340628e-01,1.307707597045217052e-01,-1.118750457763671852e-01,1.040640253502235074e-01,-1.153902559106613490e-01,-9.878541225650578905e-01,1.392263549804687583e+00,0.000000000000000000e+00,0.000000000000000000e+00,0.000000000000000000e+00,1.000000000000000000e+00
9.823019833824997438e-01,1.674629719406192097e-01,8.389854868603675853e-02,-9.274734497070312444e-02,1.557306209512007711e-01,-9.790826963783969550e-01,1.309390978682904716e-01,-1.118777542114257895e-01,1.040710677420065705e-01,-1.155561624545558830e-01,-9.878339871546308881e-01,1.392249755859374938e+00,0.000000000000000000e+00,0.000000000000000000e+00,0.000000000000000000e+00,1.000000000000000000e+00
9.822678778290108159e-01,1.674893943246562600e-01,8.424440025337676108e-02,-9.274388122558593905e-02,1.557257931778444071e-01,-9.790950407221561402e-01,1.308525069397244445e-01,-1.118655395507812539e-01,1.043996816298908559e-01,-1.154131882500401690e-01,-9.878160266231450493e-01,1.392248046875000034e+00,0.000000000000000000e+00,0.000000000000000000e+00,0.000000000000000000e+00,1.000000000000000000e+00
9.822663867402143811e-01,1.674486408999513731e-01,8.434274207709145654e-02,-9.272722625732422730e-02,1.557055418601390184e-01,-9.791384302538190809e-01,1.305515937632604484e-01,-1.118647689819335933e-01,1.044439070236466011e-01,-1.151038099319306590e-01,-9.878474493689750613e-01,1.392198852539062504e+00,0.000000000000000000e+00,0.000000000000000000e+00,0.000000000000000000e+00,1.000000000000000000e+00
9.822284744603096973e-01,1.674879486312530474e-01,8.470543679521136404e-02,-9.275935363769531594e-02,1.556416648367754951e-01,-9.790718630720934845e-01,1.311257377762919674e-01,-1.118871765136718738e-01,1.048946906483337882e-01,-1.156117381749568879e-01,-9.877403656173801005e-01,1.392313964843749918e+00,0.000000000000000000e+00,0.000000000000000000e+00,0.000000000000000000e+00,1.000000000000000000e+00
9.822828208476288570e-01,1.674791447935108646e-01,8.409040329823139204e-02,-9.274930572509765270e-02,1.557278881194768816e-01,-9.790875830633587462e-01,1.309058041226527913e-01,-1.118763504028320310e-01,1.042558618470572074e-01,-1.154913016221778971e-01,-9.878220864711126925e-01,1.392300292968750020e+00,0.000000000000000000e+00,0.000000000000000000e+00,0.000000000000000000e+00,1.000000000000000000e+00
9.822462297837161183e-01,1.674222899303945689e-01,8.462931472095330809e-02,-9.274279785156250289e-02,1.556517115212519287e-01,-9.791541780419427132e-01,1.304976640538555444e-01,-1.118683853149414070e-01,1.047133648403117401e-01,-1.150081408312945280e-01,-9.878300657331448020e-01,1.392231201171874932e+00,0.000000000000000000e+00,0.000000000000000000e+00,0.000000000000000000e+00,1.000000000000000000e+00
9.823293047837360348e-01,1.674840842556847564e-01,8.353573178069720329e-02,-9.273020172119141036e-02,1.557866704927871326e-01,-9.790644729443351846e-01,1.310086680910951817e-01,-1.118811416625976607e-01,1.037287340126816781e-01,-1.156799003252754199e-01,-9.878555108925903827e-01,1.392212890624999977e+00,0.000000000000000000e+00,0.000000000000000000e+00,0.000000000000000000e+00,1.000000000000000000e+00
9.822465910908633191e-01,1.674955254214773315e-01,8.448007607809945863e-02,-9.276371765136719183e-02,1.557273953459014648e-01,-9.791237023646099935e-01,1.306359590870752874e-01,-1.118759002685546927e-01,1.045973834718609552e-01,-1.151608632808991672e-01,-9.878245608098832342e-01,1.392299560546875092e+00,0.000000000000000000e+00,0.000000000000000000e+00,0.000000000000000000e+00,1.000000000000000000e+00
9.822790450718618116e-01,1.675072238599188412e-01,8.407857971834740984e-02,-9.275178527832031450e-02,1.557641502522753574e-01,-9.790905504623425015e-01,1.308404505171620602e-01,-1.118803024291992188e-01,1.042372635332396019e-01,-1.154254042665235486e-01,-9.878317513326911881e-01,1.392267456054687491e+00,0.000000000000000000e+00,0.000000000000000000e+00,0.000000000000000000e+00,1.000000000000000000e+00
9.822830802679680673e-01,1.674842781608736619e-01,8.407714783580322315e-02,-9.275386810302733986e-02,1.557215210793524152e-01,-9.790720828269912079e-01,1.310292505570801735e-01,-1.118828201293945307e-01,1.042629276972655561e-01,-1.156151944934072223e-01,-9.878068478757608961e-01,1.392279785156250060e+00,0.000000000000000000e+00,0.000000000000000000e+00,0.000000000000000000e+00,1.000000000000000000e+00
9.822826051137785175e-01,1.674760738967974172e-01,8.409903901355447742e-02,-9.274492645263672508e-02,1.557217548978068744e-01,-9.790859414109631675e-01,1.309253771541462885e-01,-1.118778305053710898e-01,1.042670549235771849e-01,-1.155096706060689538e-01,-9.878187572900412050e-01,1.392249755859374938e+00,0.000000000000000000e+00,0.000000000000000000e+00,0.000000000000000000e+00,1.000000000000000000e+00
9.822758828690552058e-01,1.675258594727771499e-01,8.407839402442071619e-02,-9.274067687988281350e-02,1.557469942517069050e-01,-9.790479555079718565e-01,1.311791698297391506e-01,-1.118829193115234433e-01,1.042926829426552016e-01,-1.157591777077225381e-01,-9.877868439400552258e-01,1.392267211914062441e+00,0.000000000000000000e+00,0.000000000000000000e+00,0.000000000000000000e+00,1.000000000000000000e+00
9.822779965309288430e-01,1.674384480710143230e-01,8.422768926401374978e-02,-9.275379943847655850e-02,1.557073120254344745e-01,-9.791363386233303823e-01,1.305651690502231399e-01,-1.118718032836914095e-01,1.043320205545689994e-01,-1.151364255779620815e-01,-9.878554717124018447e-01,1.392278930664062608e+00,0.000000000000000000e+00,0.000000000000000000e+00,0.000000000000000000e+00,1.000000000000000000e+00
9.822825590904145088e-01,1.674482991943840038e-01,8.415486440898126141e-02,-9.274633789062500244e-02,1.557059358670216664e-01,-9.791117080447107046e-01,1.307513850999059701e-01,-1.118743057250976558e-01,1.042911100840378802e-01,-1.153313932399892133e-01,-9.878370483489480325e-01,1.392243164062499927e+00,0.000000000000000000e+00,0.000000000000000000e+00,0.000000000000000000e+00,1.000000000000000000e+00
9.822231329806463407e-01,1.675296594181928667e-01,8.468488798426782038e-02,-9.274680328369140636e-02,1.557089209558837894e-01,-9.790905158123019980e-01,1.309064313972189697e-01,-1.118806915283203085e-01,1.048448805256509131e-01,-1.153931326449922357e-01,-9.877712164089098579e-01,1.392233764648437511e+00,0.000000000000000000e+00,0.000000000000000000e+00,0.000000000000000000e+00,1.000000000000000000e+00
9.822258747643128896e-01,1.675064844256142493e-01,8.469892926626655660e-02,-9.275173187255859875e-02,1.556823850249407226e-01,-9.790924686731892201e-01,1.309233851547787764e-01,-1.118857803344726620e-01,1.048585997256623742e-01,-1.154102051935265022e-01,-9.877677655201964058e-01,1.392285522460937619e+00,0.000000000000000000e+00,0.000000000000000000e+00,0.000000000000000000e+00,1.000000000000000000e+00
9.822290568076345041e-01,1.674360233910169304e-01,8.480128556683519392e-02,-9.275176239013671609e-02,1.556408963197585260e-01,-9.791501864727020221e-01,1.305405060632717495e-01,-1.118917694091796922e-01,1.048903778025766786e-01,-1.150221300510286537e-01,-9.878096568888953266e-01,1.392300292968750020e+00,0.000000000000000000e+00,0.000000000000000000e+00,0.000000000000000000e+00,1.000000000000000000e+00
9.823367337665117605e-01,1.673842078378602882e-01,8.364848151301555734e-02,-9.275225830078125122e-02,1.557711366231717687e-01,-9.791903021098941062e-01,1.300834549397408280e-01,-1.118716430664062483e-01,1.036816979416641110e-01,-1.147557372004834320e-01,-9.879682314181500447e-01,1.392259643554687454e+00,0.000000000000000000e+00,0.000000000000000000e+00,0.000000000000000000e+00,1.000000000000000000e+00
9.822867706065715465e-01,1.673849989340316369e-01,8.423159990862771895e-02,-9.275950622558594427e-02,1.556921891935236224e-01,-9.791874375204109304e-01,1.301994793627821168e-01,-1.118855819702148507e-01,1.042719641871244218e-01,-1.147790239288769415e-01,-9.879034027426435438e-01,1.392305297851562429e+00,0.000000000000000000e+00,0.000000000000000000e+00,0.000000000000000000e+00,1.000000000000000000e+00
9.822800551717413287e-01,1.674122267655055729e-01,8.425579826466540745e-02,-9.275125122070312922e-02,1.557022110258166336e-01,-9.791678042542782956e-01,1.303350781391085511e-01,-1.118738479614257847e-01,1.043202506394281665e-01,-1.149067336637431824e-01,-9.878834586454298128e-01,1.392275878906249931e+00,0.000000000000000000e+00,0.000000000000000000e+00,0.000000000000000000e+00,1.000000000000000000e+00
9.822860297383542161e-01,1.674693967842895148e-01,8.407233148644724374e-02,-9.274544525146484475e-02,1.557512019694599070e-01,-9.791230220599540512e-01,1.306126745658758304e-01,-1.118859634399414077e-01,1.041907810985663874e-01,-1.152046388514328806e-01,-9.878624258069448327e-01,1.392263671875000108e+00,0.000000000000000000e+00,0.000000000000000000e+00,0.000000000000000000e+00,1.000000000000000000e+00
9.821931302370362493e-01,1.674401147967743697e-01,8.520834977873709137e-02,-9.274864959716797030e-02,1.556171233410627852e-01,-9.791782001590642048e-01,1.303585948693379570e-01,-1.118807983398437539e-01,1.052614166645359228e-01,-1.147774380708105335e-01,-9.877986504706698367e-01,1.392270385742187422e+00,0.000000000000000000e+00,0.000000000000000000e+00,0.000000000000000000e+00,1.000000000000000000e+00
9.822943202224476700e-01,1.674507226674399607e-01,8.401264153014030567e-02,-9.275260925292969083e-02,1.557448047713547445e-01,-9.791307177936796613e-01,1.305626028369784863e-01,-1.118868637084960982e-01,1.041221602035433541e-01,-1.151663707467856651e-01,-9.878741229547223224e-01,1.392293334960937434e+00,0.000000000000000000e+00,0.000000000000000000e+00,0.000000000000000000e+00,1.000000000000000000e+00
9.822655566461869769e-01,1.674900048638283401e-01,8.427024680912784116e-02,-9.275245666503906250e-02,1.557200721510366426e-01,-9.790917535275679429e-01,1.308839077334882084e-01,-1.118747863769531253e-01,1.044300500614287197e-01,-1.154401855725599030e-01,-9.878096619284205682e-01,1.392276123046874980e+00,0.000000000000000000e+00,0.000000000000000000e+00,0.000000000000000000e+00,1.000000000000000000e+00
9.822534853624830253e-01,1.673964585188475185e-01,8.459619476431759488e-02,-9.275199127197265858e-02,1.556321673088102708e-01,-9.791602550180108500e-01,1.304753750399928747e-01,-1.118879394531250016e-01,1.046743473445957695e-01,-1.149940027497611400e-01,-9.878358468589661934e-01,1.392301513671875046e+00,0.000000000000000000e+00,0.000000000000000000e+00,0.000000000000000000e+00,1.000000000000000000e+00
9.822921540017326425e-01,1.673726437715059856e-01,8.419336258620996327e-02,-9.274688720703125333e-02,1.556841870327239918e-01,-9.791885652950618191e-01,1.302005664479162217e-01,-1.118833236694335986e-01,1.042331909450932292e-01,-1.147874196605838809e-01,-9.879065189546372139e-01,1.392289306640625002e+00,0.000000000000000000e+00,0.000000000000000000e+00,0.000000000000000000e+00,1.000000000000000000e+00
9.822713000621277057e-01,1.674991142991853754e-01,8.418515179796201564e-02,-9.275252532958984386e-02,1.557560963875517512e-01,-9.791075657148167188e-01,1.307226575545252512e-01,-1.118945312499999983e-01,1.043222484054535937e-01,-1.152927641658157976e-01,-9.878382696669716356e-01,1.392265869140625112e+00,0.000000000000000000e+00,0.000000000000000000e+00,0.000000000000000000e+00,1.000000000000000000e+00
9.823159049953613664e-01,1.674447423568232729e-01,8.377183924327773201e-02,-9.274886322021484719e-02,1.557339647701549423e-01,-9.790907273061670857e-01,1.308750546133573278e-01,-1.118966827392578189e-01,1.039345708131448748e-01,-1.155145270523937340e-01,-9.878532274734692642e-01,1.392266235351562464e+00,0.000000000000000000e+00,0.000000000000000000e+00,0.000000000000000000e+00,1.000000000000000000e+00
9.823168953808829595e-01,1.674303282564120476e-01,8.378903406302010137e-02,-9.274774932861327981e-02,1.557394252011982394e-01,-9.791175731760353163e-01,1.306675527277971760e-01,-1.118621902465820328e-01,1.039170269362255095e-01,-1.153076887194491584e-01,-9.878792377790488466e-01,1.392260986328125005e+00,0.000000000000000000e+00,0.000000000000000000e+00,0.000000000000000000e+00,1.000000000000000000e+00
9.822553179042817773e-01,1.674588476050275221e-01,8.445131619788306954e-02,-9.275022888183594161e-02,1.556951238386742598e-01,-9.791300285588070418e-01,1.306270094095769996e-01,-1.118706130981445279e-01,1.045634681024809332e-01,-1.151604165207212177e-01,-9.878282034874058537e-01,1.392276489257812555e+00,0.000000000000000000e+00,0.000000000000000000e+00,0.000000000000000000e+00,1.000000000000000000e+00
9.822704876885516301e-01,1.674911627770127587e-01,8.421044714107361884e-02,-9.274868774414062045e-02,1.557120875325861409e-01,-9.790726381060895767e-01,1.310363121742457448e-01,-1.118764190673828124e-01,1.043955689305804124e-01,-1.156005177479165758e-01,-9.877945563142541685e-01,1.392275634765625103e+00,0.000000000000000000e+00,0.000000000000000000e+00,0.000000000000000000e+00,1.000000000000000000e+00
9.822798147725982920e-01,1.674359331952866015e-01,8.421148238413664333e-02,-9.275657653808594416e-02,1.557081297080091242e-01,-9.791380289288228456e-01,1.305515172191180906e-01,-1.118728866577148456e-01,1.043136799904214040e-01,-1.151257077303041165e-01,-9.878586576967641752e-01,1.392284790039062470e+00,0.000000000000000000e+00,0.000000000000000000e+00,0.000000000000000000e+00,1.000000000000000000e+00
9.822096978450504112e-01,1.674636488735980477e-01,8.497079360036247087e-02,-9.273867034912110230e-02,1.556362609112105777e-01,-9.791352477576155122e-01,1.306580303242433072e-01,-1.118851318359374986e-01,1.050783695567871212e-01,-1.151090478831857944e-01,-9.877795519986806161e-01,1.392244995117187578e+00,0.000000000000000000e+00,0.000000000000000000e+00,0.000000000000000000e+00,1.000000000000000000e+00
9.822701664370598884e-01,1.674299853418641515e-01,8.433575834801035342e-02,-9.275336456298828580e-02,1.557064201946899429e-01,-9.791618158972767993e-01,1.303750321146743829e-01,-1.118776092529296939e-01,1.044070440050167137e-01,-1.149318854677450902e-01,-9.878713635210627508e-01,1.392268188476562418e+00,0.000000000000000000e+00,0.000000000000000000e+00,0.000000000000000000e+00,1.000000000000000000e+00
9.822407180255147141e-01,1.674932793602989523e-01,8.455278364344041842e-02,-9.274671173095702659e-02,1.557190144364006268e-01,-9.791279399982265597e-01,1.306141862807624898e-01,-1.118716430664062483e-01,1.046649912610594230e-01,-1.151280959799236975e-01,-9.878212192094074640e-01,1.392252075195312466e+00,0.000000000000000000e+00,0.000000000000000000e+00,0.000000000000000000e+00,1.000000000000000000e+00
9.822715521970480923e-01,1.674664317149136827e-01,8.424720762776945204e-02,-9.274470520019531539e-02,1.557170146804015276e-01,-9.791146853042803633e-01,1.307158917673141296e-01,-1.118717803955078111e-01,1.043782021469327886e-01,-1.152797782361447559e-01,-9.878338745185851755e-01,1.392252197265624991e+00,0.000000000000000000e+00,0.000000000000000000e+00,0.000000000000000000e+00,1.000000000000000000e+00
9.822769647093735346e-01,1.673860572553233228e-01,8.434377533557584072e-02,-9.274700927734375044e-02,1.556957046447740856e-01,-9.792063143760875166e-01,1.300532254162372614e-01,-1.118795547485351566e-01,1.043590540226757152e-01,-1.146163239792524630e-01,-9.879130964416736882e-01,1.392255493164062496e+00,0.000000000000000000e+00,0.000000000000000000e+00,0.000000000000000000e+00,1.000000000000000000e+00
9.822813195644894968e-01,1.675393703396739487e-01,8.398790758693375214e-02,-9.274425506591797708e-02,1.557668462102479168e-01,-9.790394822050865198e-01,1.312188321290419513e-01,-1.118879241943359359e-01,1.042117980670073107e-01,-1.158112760908120986e-01,-9.877892738200082512e-01,1.392240844726562621e+00,0.000000000000000000e+00,0.000000000000000000e+00,0.000000000000000000e+00,1.000000000000000000e+00
9.822706323163425957e-01,1.674899161589605834e-01,8.421123959375541312e-02,-9.274520111083985052e-02,1.557540160586377009e-01,-9.791206878964102689e-01,1.306268158337553220e-01,-1.118680267333984346e-01,1.043316412717548852e-01,-1.151946462224896911e-01,-9.878487243051019551e-01,1.392241333007812498e+00,0.000000000000000000e+00,0.000000000000000000e+00,0.000000000000000000e+00,1.000000000000000000e+00
9.822953223488487540e-01,1.674679302650398660e-01,8.396661255710612115e-02,-9.274491119384765947e-02,1.557415022666259752e-01,-9.790985599734857159e-01,1.308074704654951237e-01,-1.118819122314453213e-01,1.041176457825759988e-01,-1.154144799866575893e-01,-9.878456426214085040e-01,1.392257812500000025e+00,0.000000000000000000e+00,0.000000000000000000e+00,0.000000000000000000e+00,1.000000000000000000e+00
9.822608073885283897e-01,1.674937576367850067e-01,8.431813222045772549e-02,-9.274180603027343262e-02,1.557032060457819445e-01,-9.790754326587001177e-01,1.310259851756305494e-01,-1.118823394775390612e-01,1.044998463898461349e-01,-1.155730864729747898e-01,-9.877867400343098847e-01,1.392255493164062496e+00,0.000000000000000000e+00,0.000000000000000000e+00,0.000000000000000000e+00,1.000000000000000000e+00
9.822593198186981844e-01,1.674746611343815861e-01,8.437337558277693828e-02,-9.274829101562499789e-02,1.557110344061886087e-01,-9.791162572364562333e-01,1.307112412129446399e-01,-1.118800811767578091e-01,1.045021645396066734e-01,-1.152544692981487540e-01,-9.878237215785714564e-01,1.392279174804687436e+00,0.000000000000000000e+00,0.000000000000000000e+00,0.000000000000000000e+00,1.000000000000000000e+00
9.822302136953630081e-01,1.674875754143460571e-01,8.468600466302331209e-02,-9.274617004394530850e-02,1.556869036649682347e-01,-9.791192748383913402e-01,1.307173808915943203e-01,-1.118855285644531211e-01,1.048112366646666849e-01,-1.152100591171056759e-01,-9.877961565763740959e-01,1.392277832031250107e+00,0.000000000000000000e+00,0.000000000000000000e+00,0.000000000000000000e+00,1.000000000000000000e+00
9.822742335067046193e-01,1.674287762414775615e-01,8.429077692783018549e-02,-9.274581909179688277e-02,1.557227088736646281e-01,-9.791746936563606729e-01,1.302588087002954087e-01,-1.118734283447265637e-01,1.043444686117279419e-01,-1.148238833573116402e-01,-9.878905342601894679e-01,1.392258300781250124e+00,0.000000000000000000e+00,0.000000000000000000e+00,0.000000000000000000e+00,1.000000000000000000e+00
9.822870082236363487e-01,1.674763961994535089e-01,8.404695230108960580e-02,-9.275144195556640769e-02,1.557452888534411606e-01,-9.791039143594173488e-01,1.307628765591573872e-01,-1.118776397705078113e-01,1.041903953107777281e-01,-1.153567579386267639e-01,-9.878447144783806255e-01,1.392286865234374948e+00,0.000000000000000000e+00,0.000000000000000000e+00,0.000000000000000000e+00,1.000000000000000000e+00
9.822760740692080272e-01,1.675150218616384967e-01,8.409775122961726801e-02,-9.275263214111328924e-02,1.557586234617092946e-01,-9.790774128110171226e-01,1.309452975123538421e-01,-1.118845748901367149e-01,1.042735130725788995e-01,-1.155254827905088932e-01,-9.878162264801699788e-01,1.392288574218750075e+00,0.000000000000000000e+00,0.000000000000000000e+00,0.000000000000000000e+00,1.000000000000000000e+00
9.822850671445499948e-01,1.674853687278252679e-01,8.405175861891146794e-02,-9.275330352783203725e-02,1.557506787723312303e-01,-9.790992656023729257e-01,1.307912617832404922e-01,-1.118713989257812541e-01,1.042006378425076735e-01,-1.153831849057671693e-01,-9.878405477171994242e-01,1.392288574218750075e+00,0.000000000000000000e+00,0.000000000000000000e+00,0.000000000000000000e+00,1.000000000000000000e+00
9.822709766262629483e-01,1.674013572628491875e-01,8.438313850671420868e-02,-9.274856567382812333e-02,1.556754922536586483e-01,-9.791706426067769975e-01,1.303456703101886771e-01,-1.118821334838867171e-01,1.044455340800574811e-01,-1.148983822496525420e-01,-9.878711920929490464e-01,1.392233398437499936e+00,0.000000000000000000e+00,0.000000000000000000e+00,0.000000000000000000e+00,1.000000000000000000e+00
9.822568863235950909e-01,1.674166787545777191e-01,8.451665483597041451e-02,-9.274695587158203469e-02,1.556769438558250895e-01,-9.791724955515465068e-01,1.303300161400556267e-01,-1.118660354614257890e-01,1.045758022756044375e-01,-1.148602613184534216e-01,-9.878618435531713038e-01,1.392234130859375085e+00,0.000000000000000000e+00,0.000000000000000000e+00,0.000000000000000000e+00,1.000000000000000000e+00
9.822951026780102346e-01,1.674460569840444391e-01,8.401279221222092419e-02,-9.275080871582030984e-02,1.557173635141263224e-01,-9.791062522028441961e-01,1.307786282139022649e-01,-1.118778152465820380e-01,1.041558157522041589e-01,-1.153809555247172491e-01,-9.878455350646659916e-01,1.392266235351562464e+00,0.000000000000000000e+00,0.000000000000000000e+00,0.000000000000000000e+00,1.000000000000000000e+00
9.822754424690438579e-01,1.674344091478448260e-01,8.426549564060223374e-02,-9.275018310546875866e-02,1.556923585536456323e-01,-9.791304665777558203e-01,1.306270221172844970e-01,-1.118706512451171919e-01,1.043783723299386845e-01,-1.151922221876919006e-01,-9.878440703558504232e-01,1.392273681640624927e+00,0.000000000000000000e+00,0.000000000000000000e+00,0.000000000000000000e+00,1.000000000000000000e+00
9.822647448272725512e-01,1.675338899893744071e-01,8.419243893866920625e-02,-9.274559020996094028e-02,1.557618970687146276e-01,-9.790711998714747288e-01,1.309878505960993811e-01,-1.118842468261718737e-01,1.043752963635002362e-01,-1.155507736333214047e-01,-9.878025188375318955e-01,1.392256591796874998e+00,0.000000000000000000e+00,0.000000000000000000e+00,0.000000000000000000e+00,1.000000000000000000e+00
9.822943177225820222e-01,1.673976033103264649e-01,8.411846275274993678e-02,-9.275109863281250089e-02,1.556746503993534370e-01,-9.791356683181788867e-01,1.306091354008296901e-01,-1.118865432739257898e-01,1.042270434818444586e-01,-1.152014992657289377e-01,-9.878589666414745452e-01,1.392277099609374957e+00,0.000000000000000000e+00,0.000000000000000000e+00,0.000000000000000000e+00,1.000000000000000000e+00
9.822579206468001756e-01,1.674597520111289206e-01,8.441924415081940303e-02,-9.274749755859375278e-02,1.557052338843216976e-01,-9.791353304074305042e-01,1.305752077883124695e-01,-1.118785781860351519e-01,1.045239564293905105e-01,-1.151140139353306752e-01,-9.878377935309236024e-01,1.392267578125000016e+00,0.000000000000000000e+00,0.000000000000000000e+00,0.000000000000000000e+00,1.000000000000000000e+00
9.822573849091256193e-01,1.674150672314921040e-01,8.451405241355282316e-02,-9.274945068359374822e-02,1.556886738905736978e-01,-9.791870139364884373e-01,1.302068683301231544e-01,-1.118767623901367192e-01,1.045536542339882552e-01,-1.147387772377691378e-01,-9.878783054528028629e-01,1.392269287109374920e+00,0.000000000000000000e+00,0.000000000000000000e+00,0.000000000000000000e+00,1.000000000000000000e+00
9.822672703086474666e-01,1.674453090333561656e-01,8.433906664839410650e-02,-9.274452972412110252e-02,1.556849409197708367e-01,-9.791193642346638359e-01,1.307190489236944031e-01,-1.118755493164062531e-01,1.044663048604949906e-01,-1.152707207552360058e-01,-9.878256182572724420e-01,1.392256713867187523e+00,0.000000000000000000e+00,0.000000000000000000e+00,0.000000000000000000e+00,1.000000000000000000e+00
9.822580228476615050e-01,1.674380911508114578e-01,8.446100983989925093e-02,-9.273915100097655795e-02,1.556982065813417304e-01,-9.791608959982066596e-01,1.303917490309227378e-01,-1.118694152832031274e-01,1.045334636313024618e-01,-1.149279138406412853e-01,-9.878584562585276396e-01,1.392236694335937441e+00,0.000000000000000000e+00,0.000000000000000000e+00,0.000000000000000000e+00,1.000000000000000000e+00
9.822996191517024966e-01,1.673959796231740127e-01,8.405976576471169137e-02,-9.274827575683594616e-02,1.557229601947577591e-01,-9.791824455671619409e-01,1.302002225854240192e-01,-1.118750457763671852e-01,1.041048408221355304e-01,-1.148055935009700546e-01,-9.879179408322779077e-01,1.392266967773437614e+00,0.000000000000000000e+00,0.000000000000000000e+00,0.000000000000000000e+00,1.000000000000000000e+00
9.822672487789464446e-01,1.674967685642478332e-01,8.423707317312623122e-02,-9.274535369873046498e-02,1.557361779704207194e-01,-9.790961470122340193e-01,1.308318683538662874e-01,-1.118798599243164132e-01,1.043901089538911975e-01,-1.153930995611641697e-01,-9.878193851743658493e-01,1.392260620117187431e+00,0.000000000000000000e+00,0.000000000000000000e+00,0.000000000000000000e+00,1.000000000000000000e+00
