T00,T01,T02,T03,T10,T11,T12,T13,T20,T21,T22,T23,T30,T31,T32,T33
5.650359604735104568e-01,8.211633543958739567e-01,-8.015677618950287076e-02,3.028417335441916936e-01,-7.605124331587455044e-01,5.560352560864146865e-01,3.353291412923729009e-01,-4.129853433056846490e-01,3.199299960659245379e-01,-1.285127985308535670e-01,9.386848556523248455e-01,-1.523009224052214172e-01,0.000000000000000000e+00,0.000000000000000000e+00,0.000000000000000000e+00,1.000000000000000000e+00
5.649731986183031962e-01,8.211799801350035954e-01,-8.042838471882043927e-02,3.029384039149968233e-01,-7.607542583684335780e-01,5.561678181167659663e-01,3.345598847224972028e-01,-4.129266562883647240e-01,3.194655587341115321e-01,-1.278311320325026812e-01,9.389360779446016547e-01,-1.522482959881790165e-01,0.000000000000000000e+00,0.000000000000000000e+00,0.000000000000000000e+00,1.000000000000000000e+00
5.649478448164442224e-01,8.212544892501306704e-01,-7.984357534430658321e-02,3.028933011283861387e-01,-7.606928386057677516e-01,5.558743264081682511e-01,3.351867218941776416e-01,-4.129649282427433343e-01,3.196565937551646974e-01,-1.286265801721104829e-01,9.387624113384990254e-01,-1.523053089153307837e-01,0.000000000000000000e+00,0.000000000000000000e+00,0.000000000000000000e+00,1.000000000000000000e+00
5.651140297583449046e-01,8.211428272424436958e-01,-7.981597984470828466e-02,3.028341884985690236e-01,-7.606225052434458789e-01,5.560339733337607004e-01,3.350815199557489743e-01,-4.130015395226269703e-01,3.195301830617395256e-01,-1.286494374918021877e-01,9.388023137730192591e-01,-1.523466453574342516e-01,0.000000000000000000e+00,0.000000000000000000e+00,0.000000000000000000e+00,1.000000000000000000e+00
5.649739940881705058e-01,8.212472485256097077e-01,-7.973294672326732002e-02,3.028816172845834043e-01,-7.607593972991422149e-01,5.558873222666459446e-01,3.350140659200210314e-01,-4.129380109677226462e-01,3.194519141046207045e-01,-1.286166464044744551e-01,9.388334425458866317e-01,-1.524491494353796828e-01,0.000000000000000000e+00,0.000000000000000000e+00,0.000000000000000000e+00,1.000000000000000000e+00
5.650355037072856135e-01,8.211781431247562324e-01,-8.000835459145280715e-02,3.028530557107915744e-01,-7.603035428500186654e-01,5.558900176428036577e-01,3.360428707989409070e-01,-4.130588645416186089e-01,3.204269062984009819e-01,-1.290455173156397350e-01,9.384422476534051150e-01,-1.521226017259624808e-01,0.000000000000000000e+00,0.000000000000000000e+00,0.000000000000000000e+00,1.000000000000000000e+00
5.649314641247278335e-01,8.212221788885327722e-01,-8.029055824604643121e-02,3.028961056341410996e-01,-7.607684106109764421e-01,5.560673435607632609e-01,3.346946889953958393e-01,-4.129203586710654683e-01,3.195056591961086268e-01,-1.279970403050266770e-01,9.388998303412421365e-01,-1.524814151264990425e-01,0.000000000000000000e+00,0.000000000000000000e+00,0.000000000000000000e+00,1.000000000000000000e+00
5.648765565876207040e-01,8.212559586886989393e-01,-8.033135213612840886e-02,3.029491036643413571e-01,-7.605465716678991850e-01,5.559293137150316255e-01,3.354273549914186248e-01,-4.129995827605162373e-01,3.201302674567304551e-01,-1.283793148082668090e-01,9.386348402799900015e-01,-1.520776615835444101e-01,0.000000000000000000e+00,0.000000000000000000e+00,0.000000000000000000e+00,1.000000000000000000e+00
5.650543737545862255e-01,8.211999901052278172e-01,-7.965005305702087257e-02,3.028751366133378697e-01,-7.605763250696377931e-01,5.558760881470430348e-01,3.354481008589934588e-01,-4.130067955763013221e-01,3.197455370202640368e-01,-1.289664719123332359e-01,9.386854854945335669e-01,-1.521854048868918063e-01,0.000000000000000000e+00,0.000000000000000000e+00,0.000000000000000000e+00,1.000000000000000000e+00
5.650254624160138128e-01,8.211542534981728370e-01,-8.032383695658704137e-02,3.028718147609726352e-01,-7.605868956926804536e-01,5.561207513946750947e-01,3.350183337800988759e-01,-4.129651344866375751e-01,3.197714823465993561e-01,-1.282006311610072724e-01,9.387815492689328689e-01,-1.522288463444660955e-01,0.000000000000000000e+00,0.000000000000000000e+00,0.000000000000000000e+00,1.000000000000000000e+00
5.650764464309463442e-01,8.212200420411112090e-01,-7.928588928031102268e-02,3.028540403725608066e-01,-7.605383825677837217e-01,5.557384130608449269e-01,3.357620956716129146e-01,-4.130427615239120054e-01,3.197967766100113796e-01,-1.294312898746262652e-01,9.386040501037895556e-01,-1.520780287688854315e-01,0.000000000000000000e+00,0.000000000000000000e+00,0.000000000000000000e+00,1.000000000000000000e+00
5.651228535188900226e-01,8.211531761739164770e-01,-7.964685612223937339e-02,3.028162042247472541e-01,-7.606304694497855179e-01,5.559787418896118272e-01,3.351550797935844983e-01,-4.129545175867755935e-01,3.194956171456297955e-01,-1.288219695018432420e-01,9.387904189958480305e-01,-1.524908941006408725e-01,0.000000000000000000e+00,0.000000000000000000e+00,0.000000000000000000e+00,1.000000000000000000e+00
5.649667215837744783e-01,8.212051024911366515e-01,-8.021710008099075528e-02,3.028220220415135389e-01,-7.606773603451448817e-01,5.560431264277109209e-01,3.349417785389565139e-01,-4.129600286574147128e-01,3.196600646956460623e-01,-1.282116265984425407e-01,9.388179918619780073e-01,-1.524339308917612712e-01,0.000000000000000000e+00,0.000000000000000000e+00,0.000000000000000000e+00,1.000000000000000000e+00
5.650696763730103100e-01,8.211913659709013658e-01,-7.963040436005930367e-02,3.028221921049027987e-01,-7.606720459999065653e-01,5.559250168869811493e-01,3.351498381821567119e-01,-4.129560596346986134e-01,3.194906873103149358e-01,-1.288103879896919102e-01,9.387936858905303605e-01,-1.523927916800322802e-01,0.000000000000000000e+00,0.000000000000000000e+00,0.000000000000000000e+00,1.000000000000000000e+00
5.649483359804967630e-01,8.211839471513541211e-01,-8.056241439896158485e-02,3.028976262103088013e-01,-7.604100053390679959e-01,5.560549202713569450e-01,3.355287609464406295e-01,-4.130254787800304861e-01,3.203279592122837416e-01,-1.282959492070468999e-01,9.385787915587889829e-01,-1.521068755635730518e-01,0.000000000000000000e+00,0.000000000000000000e+00,0.000000000000000000e+00,1.000000000000000000e+00
5.650923693035376782e-01,8.211542188261206077e-01,-7.985213246356144545e-02,3.028536989285499081e-01,-7.606100128125509174e-01,5.560177297597064250e-01,3.351368266874794610e-01,-4.130014375700284401e-01,3.195982205272829280e-01,-1.286469319374778097e-01,9.387794971871022964e-01,-1.522874674717735743e-01,0.000000000000000000e+00,0.000000000000000000e+00,0.000000000000000000e+00,1.000000000000000000e+00
5.650898209311849829e-01,8.211804705753621425e-01,-7.959980543687474042e-02,3.028458030094868247e-01,-7.605334571367293739e-01,5.558807746724956367e-01,3.355375164197902937e-01,-4.129969275332373013e-01,3.197848571393215322e-01,-1.290705198530364139e-01,9.386577896386152364e-01,-1.522051878451453621e-01,0.000000000000000000e+00,0.000000000000000000e+00,0.000000000000000000e+00,1.000000000000000000e+00
5.650462688988667770e-01,8.211408626265636057e-01,-8.031436813156704602e-02,3.029089403906305433e-01,-7.603242563708846324e-01,5.560364223544885798e-01,3.357536629573567022e-01,-4.130340699219888778e-01,3.203587663503701943e-01,-1.286513922976508240e-01,9.385196215755667870e-01,-1.520162491520291592e-01,0.000000000000000000e+00,0.000000000000000000e+00,0.000000000000000000e+00,1.000000000000000000e+00
5.651128392271792533e-01,8.210904905158865619e-01,-8.036096891512274631e-02,3.027881260403447183e-01,-7.605129358227823433e-01,5.562109081916122300e-01,3.350365652505331027e-01,-4.129675520232614083e-01,3.197929852057563860e-01,-1.282179082384475310e-01,9.387718650556950983e-01,-1.524298850905199121e-01,0.000000000000000000e+00,0.000000000000000000e+00,0.000000000000000000e+00,1.000000000000000000e+00
5.650038454404954225e-01,8.211525461565990502e-01,-8.049317100218933430e-02,3.028890508270818405e-01,-7.605368567630829135e-01,5.561439076916941948e-01,3.350934846312931259e-01,-4.129859367431932826e-01,3.199286547691267968e-01,-1.281110841338377604e-01,9.387402228410530736e-01,-1.522110209767675304e-01,0.000000000000000000e+00,0.000000000000000000e+00,0.000000000000000000e+00,1.000000000000000000e+00
5.651526319039545943e-01,8.210952374576143686e-01,-8.003195409620873779e-02,3.028615157080944975e-01,-7.604491930200305561e-01,5.560986719517945209e-01,3.353673983687669446e-01,-4.130325096635599769e-01,3.198742369857536239e-01,-1.286735329346125056e-01,9.386818387690835097e-01,-1.520996881931353517e-01,0.000000000000000000e+00,0.000000000000000000e+00,0.000000000000000000e+00,1.000000000000000000e+00
5.649894296227201407e-01,8.212027946810711576e-01,-8.008067446389545430e-02,3.028683861824579271e-01,-7.604390059384527056e-01,5.559188985069015709e-01,3.356883920099286156e-01,-4.130535186036751183e-01,3.201866060002067638e-01,-1.287639246484520994e-01,9.385629382450579872e-01,-1.519822071072993719e-01,0.000000000000000000e+00,0.000000000000000000e+00,0.000000000000000000e+00,1.000000000000000000e+00
5.651344796835438000e-01,8.211191097361053570e-01,-7.991512684715113002e-02,3.028313779004224715e-01,-7.604729944798850338e-01,5.560387725996649433e-01,3.354127428000541200e-01,-4.129911517942750909e-01,3.198497218063621195e-01,-1.287800100638460399e-01,9.386755906426611507e-01,-1.522487173060191878e-01,0.000000000000000000e+00,0.000000000000000000e+00,0.000000000000000000e+00,1.000000000000000000e+00
5.650722753528651943e-01,8.211093088154255426e-01,-8.045387873924893241e-02,3.028933369762994432e-01,-7.602196280513544568e-01,5.560826263204274866e-01,3.359140214847189387e-01,-4.131102293540552250e-01,3.205611341897143252e-01,-1.286530826728607968e-01,9.384502882762485454e-01,-1.518191641232402578e-01,0.000000000000000000e+00,0.000000000000000000e+00,0.000000000000000000e+00,1.000000000000000000e+00
5.650609567530795463e-01,8.212000818709691563e-01,-7.960239122292923908e-02,3.028601149453675756e-01,-7.606917698642287062e-01,5.559110799957286408e-01,3.351281880099172272e-01,-4.129593956454757908e-01,3.194591467059946233e-01,-1.288149706870149180e-01,9.388037904231010256e-01,-1.523571670913155263e-01,0.000000000000000000e+00,0.000000000000000000e+00,0.000000000000000000e+00,1.000000000000000000e+00
5.650038130540135928e-01,8.212280498434929576e-01,-7.971939152225740455e-02,3.028973082862148614e-01,-7.605720120537200479e-01,5.558420480730311697e-01,3.355142799860153513e-01,-4.129436160886533203e-01,3.198451277024264572e-01,-1.289345095163889621e-01,9.386559468414330532e-01,-1.522371707448650913e-01,0.000000000000000000e+00,0.000000000000000000e+00,0.000000000000000000e+00,1.000000000000000000e+00
5.650366395900202621e-01,8.211629906215781594e-01,-8.015571566796469982e-02,3.028789896113594504e-01,-7.606822348732799055e-01,5.561038096857146007e-01,3.348299425099657833e-01,-4.129706135984942961e-01,3.195248557921746557e-01,-1.282181566177761356e-01,9.388631267892724175e-01,-1.522495452138381555e-01,0.000000000000000000e+00,0.000000000000000000e+00,0.000000000000000000e+00,1.000000000000000000e+00
5.650180533747162226e-01,8.212269525912879731e-01,-7.962971617601735663e-02,3.028687229986674057e-01,-7.608818318812403669e-01,5.559473589768628710e-01,3.346361784979311471e-01,-4.129561117124835867e-01,3.190821794987842575e-01,-1.284866778474637317e-01,9.389769626258293034e-01,-1.522918009908482695e-01,0.000000000000000000e+00,0.000000000000000000e+00,0.000000000000000000e+00,1.000000000000000000e+00
5.651502145234030827e-01,8.211954837854870126e-01,-7.901400150904921982e-02,3.028035176425464270e-01,-7.606932803696583312e-01,5.557785988484147399e-01,3.353444233359811344e-01,-4.129515275261910201e-01,3.192976170042619577e-01,-1.294145527845048105e-01,9.387762807522284092e-01,-1.524340467463758397e-01,0.000000000000000000e+00,0.000000000000000000e+00,0.000000000000000000e+00,1.000000000000000000e+00
5.651544382631148444e-01,8.211200372526595848e-01,-7.976431115288562523e-02,3.028595532709150717e-01,-7.605670692078022599e-01,5.560390073413679080e-01,3.351989790430165428e-01,-4.130006004825501620e-01,3.195906665535736546e-01,-1.287730823464961483e-01,9.387647730474473207e-01,-1.521298714866532453e-01,0.000000000000000000e+00,0.000000000000000000e+00,0.000000000000000000e+00,1.000000000000000000e+00
5.650525612680958876e-01,8.211805449776300447e-01,-7.986310508994329260e-02,3.028527299684801721e-01,-7.605824477037411713e-01,5.559633912228935104e-01,3.352894985902866720e-01,-4.129689613489390676e-01,3.197341759170431175e-01,-1.287137139942069186e-01,9.387240470875704013e-01,-1.522844588388945208e-01,0.000000000000000000e+00,0.000000000000000000e+00,0.000000000000000000e+00,1.000000000000000000e+00
5.649913528048609024e-01,8.211683231999949983e-01,-8.041987458732972882e-02,3.028244491042509923e-01,-7.606246725766211414e-01,5.561342131663119526e-01,3.349102035077388684e-01,-4.129315750229656246e-01,3.197418939135771021e-01,-1.280520281713480313e-01,9.388119084021906424e-01,-1.523496446872136811e-01,0.000000000000000000e+00,0.000000000000000000e+00,0.000000000000000000e+00,1.000000000000000000e+00
5.651174562110714561e-01,8.211187013729086548e-01,-8.003960857722937361e-02,3.028490235213403547e-01,-7.605882766697598107e-01,5.561155608339046763e-01,3.350238146623564228e-01,-4.130192250095842676e-01,3.196055914374042461e-01,-1.284506179590433061e-01,9.388038691163811400e-01,-1.522803448464982168e-01,0.000000000000000000e+00,0.000000000000000000e+00,0.000000000000000000e+00,1.000000000000000000e+00
5.652397586667470275e-01,8.211770579864692277e-01,-7.856369809934143911e-02,3.027993304985571177e-01,-7.607341269854610566e-01,5.557188518132578636e-01,3.353507801974269231e-01,-4.130550506207694705e-01,3.190416951779596055e-01,-1.297875077811470601e-01,9.388118019933135994e-01,-1.521413677570226941e-01,0.000000000000000000e+00,0.000000000000000000e+00,0.000000000000000000e+00,1.000000000000000000e+00
5.651933621968541210e-01,8.211595275454146581e-01,-7.907903420001427541e-02,3.027291208770834241e-01,-7.606457697449071631e-01,5.558377063959655251e-01,3.353542263303834758e-01,-4.129086275390992378e-01,3.193344270475598212e-01,-1.293888498668405718e-01,9.387673030268698371e-01,-1.525446974354605079e-01,0.000000000000000000e+00,0.000000000000000000e+00,0.000000000000000000e+00,1.000000000000000000e+00
5.651825891893703657e-01,8.211317921725971303e-01,-7.944319203442289090e-02,3.028085217454379863e-01,-7.606406810871884083e-01,5.559713929479325190e-01,3.351440951273855218e-01,-4.129325222859977496e-01,3.193656136036215898e-01,-1.289898837388206432e-01,9.388115970420412015e-01,-1.523563907225176095e-01,0.000000000000000000e+00,0.000000000000000000e+00,0.000000000000000000e+00,1.000000000000000000e+00
5.651772339530247713e-01,8.211759196431175356e-01,-7.902406734336218930e-02,3.027179020286084321e-01,-7.604835243024828939e-01,5.557300889772626151e-01,3.359001004313617589e-01,-4.130021939472883208e-01,3.197491258560108407e-01,-1.297465884083434107e-01,9.385767519551679872e-01,-1.523254637848958648e-01,0.000000000000000000e+00,0.000000000000000000e+00,0.000000000000000000e+00,1.000000000000000000e+00
5.650939006444912760e-01,8.212236632981467777e-01,-7.912381622220918120e-02,3.028495685429813955e-01,-7.607844666678295065e-01,5.557927549314034543e-01,3.351140236437551434e-01,-4.129449451004676419e-01,3.191800099181341110e-01,-1.291747204561831119e-01,9.388493025314162965e-01,-1.523549640917485348e-01,0.000000000000000000e+00,0.000000000000000000e+00,0.000000000000000000e+00,1.000000000000000000e+00
5.651481665722353220e-01,8.211661883922994898e-01,-7.933247040968588459e-02,3.028128030340058174e-01,-7.609273104578048175e-01,5.560006735230548225e-01,3.344441347091636763e-01,-4.128684181816711374e-01,3.187431223093178390e-01,-1.286442462109058660e-01,9.390705404267217782e-01,-1.526257303445470725e-01,0.000000000000000000e+00,0.000000000000000000e+00,0.000000000000000000e+00,1.000000000000000000e+00
5.650771954632466398e-01,8.211916153522030859e-01,-7.957445596817760980e-02,3.028194223643391192e-01,-7.607688736822127984e-01,5.559502459619867221e-01,3.348881079571266461e-01,-4.130053768189371755e-01,3.192467447033553452e-01,-1.286998635976207006e-01,9.388918260940739557e-01,-1.522658773757541439e-01,0.000000000000000000e+00,0.000000000000000000e+00,0.000000000000000000e+00,1.000000000000000000e+00
5.650368207272584709e-01,8.211765614733961272e-01,-8.001528672173778556e-02,3.028648411664086049e-01,-7.606796120664836014e-01,5.560457052773745135e-01,3.349323833686007612e-01,-4.129485081547281666e-01,3.195307794388768663e-01,-1.283831317943175121e-01,9.388385657086457670e-01,-1.523098517582981426e-01,0.000000000000000000e+00,0.000000000000000000e+00,0.000000000000000000e+00,1.000000000000000000e+00
5.651996872780675751e-01,8.211619410661042950e-01,-7.900873398126831426e-02,3.027545998330074539e-01,-7.608242349419492845e-01,5.558889061836042034e-01,3.348641627690159273e-01,-4.129510277497721038e-01,3.188977846046795461e-01,-1.291533604926492496e-01,9.389481415113848373e-01,-1.525600133614095633e-01,0.000000000000000000e+00,0.000000000000000000e+00,0.000000000000000000e+00,1.000000000000000000e+00
5.649746090895466644e-01,8.211878422465325178e-01,-8.033815301958525945e-02,3.029060380609999159e-01,-7.605987200862466269e-01,5.560704254101398458e-01,3.350750199393410789e-01,-4.129793465200496394e-01,3.198332035409670038e-01,-1.282037820451116805e-01,9.387600929854507115e-01,-1.522706778132105754e-01,0.000000000000000000e+00,0.000000000000000000e+00,0.000000000000000000e+00,1.000000000000000000e+00
5.650228957555726295e-01,8.211784588321781042e-01,-8.009410728634222543e-02,3.028554853974178007e-01,-7.606262208323805174e-01,5.560397256766751450e-01,3.350635397229285162e-01,-4.129821124297455293e-01,3.196824666043446284e-01,-1.283968933402077073e-01,9.387850437274474213e-01,-1.523259267363297198e-01,0.000000000000000000e+00,0.000000000000000000e+00,0.000000000000000000e+00,1.000000000000000000e+00
5.651474591450229568e-01,8.211209682415407940e-01,-7.980416615690910653e-02,3.028540176690047159e-01,-7.609009832674167306e-01,5.561812690467318188e-01,3.342036648875136295e-01,-4.129485098757175177e-01,3.188072193106725183e-01,-1.281512835505046188e-01,9.391161831422963902e-01,-1.524567460639267846e-01,0.000000000000000000e+00,0.000000000000000000e+00,0.000000000000000000e+00,1.000000000000000000e+00
5.651515280748137249e-01,8.211663509340393352e-01,-7.930683708468855286e-02,3.028154800533638946e-01,-7.608395471236474306e-01,5.559588284649853440e-01,3.347132572583947363e-01,-4.129652287055620707e-01,3.189466003069892364e-01,-1.288239307951566659e-01,9.389768160115022910e-01,-1.524351620517487849e-01,0.000000000000000000e+00,0.000000000000000000e+00,0.000000000000000000e+00,1.000000000000000000e+00
5.648765097140848734e-01,8.212257358593817447e-01,-8.064006160371400833e-02,3.029926239243165842e-01,-7.606166115855745868e-01,5.560833118570377431e-01,3.350130153504308206e-01,-4.130129300888563670e-01,3.199639025785766533e-01,-1.279048124048735025e-01,9.387563368682853016e-01,-1.519865080456364037e-01,0.000000000000000000e+00,0.000000000000000000e+00,0.000000000000000000e+00,1.000000000000000000e+00
5.650407398045333984e-01,8.211868407753905030e-01,-7.988200609949153153e-02,3.028875391993207655e-01,-7.605368711411274463e-01,5.559385908301859303e-01,3.354339739212644500e-01,-4.129897522634050633e-01,3.198634552367775052e-01,-1.287806498006620615e-01,9.386708231541607272e-01,-1.523003261521314045e-01,0.000000000000000000e+00,0.000000000000000000e+00,0.000000000000000000e+00,1.000000000000000000e+00
5.650572565176739115e-01,8.211497437076331618e-01,-8.014608702618042368e-02,3.028441805903203665e-01,-7.603211476717486317e-01,5.559795188292173673e-01,3.358549196387438096e-01,-4.130551162581155289e-01,3.203467640851625498e-01,-1.288404946098870574e-01,9.384977771358038456e-01,-1.520953815886350036e-01,0.000000000000000000e+00,0.000000000000000000e+00,0.000000000000000000e+00,1.000000000000000000e+00
5.651105262565987442e-01,8.211409361191982503e-01,-7.986022879554530163e-02,3.028657811502171171e-01,-7.604849768501183993e-01,5.559924557654292165e-01,3.354623512664307583e-01,-4.130260596273267470e-01,3.198635538776885001e-01,-1.288408016166232573e-01,9.386625350675934509e-01,-1.522010882249478225e-01,0.000000000000000000e+00,0.000000000000000000e+00,0.000000000000000000e+00,1.000000000000000000e+00
5.650581571639792244e-01,8.211662266692858481e-01,-7.997066462256495478e-02,3.028300184018839492e-01,-7.606646443214597486e-01,5.560470598308467904e-01,3.349641266356410130e-01,-4.129529409556547126e-01,3.195286808750580909e-01,-1.284433549515029416e-01,9.388310426626548244e-01,-1.524876549689684335e-01,0.000000000000000000e+00,0.000000000000000000e+00,0.000000000000000000e+00,1.000000000000000000e+00
5.651099418252658602e-01,8.211939978113171890e-01,-7.931690619855806534e-02,3.027973038672107653e-01,-7.603430243376396724e-01,5.557121968361363740e-01,3.362475867997368750e-01,-4.130616519655259111e-01,3.202018722483302993e-01,-1.297087978751688131e-01,9.384276150894337309e-01,-1.521283405237072728e-01,0.000000000000000000e+00,0.000000000000000000e+00,0.000000000000000000e+00,1.000000000000000000e+00
5.650254832224865797e-01,8.211937578389522097e-01,-7.991880501819184635e-02,3.028596191711024899e-01,-7.606763575456557680e-01,5.559914520534641191e-01,3.350298260074080492e-01,-4.129812335479459695e-01,3.195585742555959730e-01,-1.285080438331417108e-01,9.388120154162440389e-01,-1.522085921970652844e-01,0.000000000000000000e+00,0.000000000000000000e+00,0.000000000000000000e+00,1.000000000000000000e+00
5.651572469440566682e-01,8.211126074704517830e-01,-7.982087496194696652e-02,3.027865912741364296e-01,-7.602537583550068589e-01,5.559391653750895834e-01,3.360741991125416606e-01,-4.131053397489559131e-01,3.203303125426969489e-01,-1.292506489543675252e-01,9.384469940338524552e-01,-1.520347308011560372e-01,0.000000000000000000e+00,0.000000000000000000e+00,0.000000000000000000e+00,1.000000000000000000e+00
5.649780971320496059e-01,8.211823272289862086e-01,-8.036998947265579230e-02,3.029010027857496068e-01,-7.605165062456185066e-01,5.560546387667840706e-01,3.352877606383797837e-01,-4.129806049741764351e-01,3.200224890363277952e-01,-1.283075373963966093e-01,9.386814062067416753e-01,-1.521555000370415911e-01,0.000000000000000000e+00,0.000000000000000000e+00,0.000000000000000000e+00,1.000000000000000000e+00
5.650952387112712083e-01,8.211500843379530012e-01,-7.987433991980144588e-02,3.028383470332723926e-01,-7.606118324670939623e-01,5.560309651828944100e-01,3.351107370240892780e-01,-4.130039563703761796e-01,3.195888162888382844e-01,-1.286161138798380676e-01,9.387869213796854462e-01,-1.523438591351484739e-01,0.000000000000000000e+00,0.000000000000000000e+00,0.000000000000000000e+00,1.000000000000000000e+00
5.650203930855268730e-01,8.211894888903441547e-01,-7.999861707237278241e-02,3.028374583129604947e-01,-7.606198529682119958e-01,5.559952004338836185e-01,3.351518705976461732e-01,-4.129279100255818236e-01,3.197020404503112534e-01,-1.285191053131832239e-01,9.387616550016338879e-01,-1.524860644092265183e-01,0.000000000000000000e+00,0.000000000000000000e+00,0.000000000000000000e+00,1.000000000000000000e+00
5.650034634269868183e-01,8.212212180511425652e-01,-7.979221351803318651e-02,3.028722417737096384e-01,-7.607076017168633575e-01,5.559259790092515585e-01,3.350675313317947879e-01,-4.129285541945862392e-01,3.195231306270137628e-01,-1.286157723034115907e-01,9.388093268119515056e-01,-1.524213697724270400e-01,0.000000000000000000e+00,0.000000000000000000e+00,0.000000000000000000e+00,1.000000000000000000e+00
5.650891857632063253e-01,8.210963246308793373e-01,-8.046761964379491039e-02,3.028502203486651001e-01,-7.607790330394528233e-01,5.563325963760129556e-01,3.342294198557030360e-01,-4.129302237459201996e-01,3.192013079876586668e-01,-1.276513528607752801e-01,9.390504017845805462e-01,-1.524619518074834534e-01,0.000000000000000000e+00,0.000000000000000000e+00,0.000000000000000000e+00,1.000000000000000000e+00
5.651210251502357673e-01,8.211182007167556751e-01,-8.001954376791188539e-02,3.028027898726690648e-01,-7.603743422554476439e-01,5.560255993395056828e-01,3.356581482978466813e-01,-4.130111873150840163e-01,3.201079295686727888e-01,-1.288426689060019337e-01,9.385789684924952248e-01,-1.523239255634565303e-01,0.000000000000000000e+00,0.000000000000000000e+00,0.000000000000000000e+00,1.000000000000000000e+00
5.651134492454461533e-01,8.211149074719864549e-01,-8.010679252838684428e-02,3.028555540634914056e-01,-7.604694285834286971e-01,5.560904147143411747e-01,3.353352037183479073e-01,-4.130328848205515602e-01,3.198953542518372384e-01,-1.285836668869863031e-01,9.386869568381082107e-01,-1.521729550469734793e-01,0.000000000000000000e+00,0.000000000000000000e+00,0.000000000000000000e+00,1.000000000000000000e+00
5.650370766174389603e-01,8.211745506226015845e-01,-8.003411433499285632e-02,3.028737511732292331e-01,-7.604042170387523836e-01,5.559429667292185018e-01,3.357273364711266805e-01,-4.130650632516182363e-01,3.201851476213418146e-01,-1.288401146929144536e-01,9.385529799050325028e-01,-1.520504522361270094e-01,0.000000000000000000e+00,0.000000000000000000e+00,0.000000000000000000e+00,1.000000000000000000e+00
5.650686195563656700e-01,8.211435807046350011e-01,-8.012911493479982217e-02,3.028472077620365521e-01,-7.605348732637819964e-01,5.560721081769642860e-01,3.352171192783419129e-01,-4.129535989820697361e-01,3.198189515058587062e-01,-1.284796885705971614e-01,9.387272276239226887e-01,-1.523956851819188163e-01,0.000000000000000000e+00,0.000000000000000000e+00,0.000000000000000000e+00,1.000000000000000000e+00
5.649559691478271972e-01,8.212189343608771175e-01,-8.015119943846708839e-02,3.028942535473169162e-01,-7.604484328639538049e-01,5.559114259857466100e-01,3.356794116612614176e-01,-4.129750387682257218e-01,3.202232563056534587e-01,-1.286932333329118272e-01,9.385601301010632058e-01,-1.522597388242044048e-01,0.000000000000000000e+00,0.000000000000000000e+00,0.000000000000000000e+00,1.000000000000000000e+00
5.651344001168545628e-01,8.211323320902434997e-01,-7.977971547079736048e-02,3.028444778459868925e-01,-7.608172658290115464e-01,5.561219914768100736e-01,3.344927781168589576e-01,-4.129882652752789873e-01,3.190300892095137564e-01,-1.283355905113826578e-01,9.390153238297364036e-01,-1.523559548152455534e-01,0.000000000000000000e+00,0.000000000000000000e+00,0.000000000000000000e+00,1.000000000000000000e+00
5.649845595519777941e-01,8.211683938394442883e-01,-8.046686539815625649e-02,3.028946452666589351e-01,-7.604844649910247334e-01,5.560890911321019203e-01,3.353032973759542679e-01,-4.129907809161818544e-01,3.200872162007918353e-01,-1.282473847024576674e-01,9.386675568814590864e-01,-1.522631380253334221e-01,0.000000000000000000e+00,0.000000000000000000e+00,0.000000000000000000e+00,1.000000000000000000e+00
5.651214903435608505e-01,8.211508280830153161e-01,-7.968072973091500089e-02,3.028336526578309096e-01,-7.604389128626720673e-01,5.559136742451213919e-01,3.356972543699556222e-01,-4.130166775002392932e-01,3.199536856423291220e-01,-1.291174052011093698e-01,9.385938070954987777e-01,-1.522579805770356565e-01,0.000000000000000000e+00,0.000000000000000000e+00,0.000000000000000000e+00,1.000000000000000000e+00
5.651589669343297651e-01,8.211434183009388432e-01,-7.949106034498841511e-02,3.028236024579000762e-01,-7.605363790598761442e-01,5.559204672861929319e-01,3.354651251304571757e-01,-4.129928094960669815e-01,3.196556869824366820e-01,-1.291352803588172171e-01,9.386928790325599348e-01,-1.524053283890571819e-01,0.000000000000000000e+00,0.000000000000000000e+00,0.000000000000000000e+00,1.000000000000000000e+00
5.649850334641199900e-01,8.212364476557602044e-01,-7.976596394011210844e-02,3.028943970742788983e-01,-7.606618154005885257e-01,5.558747368258221133e-01,3.352564384919464180e-01,-4.130265089374289822e-01,3.196646908137157350e-01,-1.287399471825704522e-01,9.387441139343568608e-01,-1.521489846766259646e-01,0.000000000000000000e+00,0.000000000000000000e+00,0.000000000000000000e+00,1.000000000000000000e+00
5.649997624212537151e-01,8.211892522162165253e-01,-8.014661882137107118e-02,3.028704438672639720e-01,-7.606492962203781349e-01,5.560426979410102444e-01,3.350062181899409186e-01,-4.129838369051685998e-01,3.196684479634651632e-01,-1.283149644860404892e-01,9.388010189947472162e-01,-1.522574163437757644e-01,0.000000000000000000e+00,0.000000000000000000e+00,0.000000000000000000e+00,1.000000000000000000e+00
5.649761578738839995e-01,8.211966768142989759e-01,-8.023689315530645183e-02,3.028709414024087776e-01,-7.606612592503628756e-01,5.560560452640009865e-01,3.349568975271471349e-01,-4.130169008319322099e-01,3.196817006175307618e-01,-1.282095648323915982e-01,9.388109062935796612e-01,-1.521942562416922495e-01,0.000000000000000000e+00,0.000000000000000000e+00,0.000000000000000000e+00,1.000000000000000000e+00
5.650827703637510968e-01,8.211707801516793248e-01,-7.974968628847822760e-02,3.028119764599154218e-01,-7.607480700395695683e-01,5.560200043588956476e-01,3.348195464482384143e-01,-4.129582385978947667e-01,3.192864490846715753e-01,-1.285313369486842383e-01,9.389014106140673999e-01,-1.523823534816222125e-01,0.000000000000000000e+00,0.000000000000000000e+00,0.000000000000000000e+00,1.000000000000000000e+00
5.651372305813205932e-01,8.211555505353086426e-01,-7.952026430998282436e-02,3.028215597485207078e-01,-7.605616272492704555e-01,5.559165190605840356e-01,3.354144227541581147e-01,-4.129650400477102856e-01,3.196340435041566952e-01,-1.290751163494245901e-01,9.387085237562111661e-01,-1.523810178168594209e-01,0.000000000000000000e+00,0.000000000000000000e+00,0.000000000000000000e+00,1.000000000000000000e+00
5.649000602045645136e-01,8.212443261426176644e-01,-8.028498464493419307e-02,3.029020683655571644e-01,-7.605336274442493494e-01,5.559333308781365668e-01,3.354500456777910200e-01,-4.129442443301604704e-01,3.201195456503260761e-01,-1.284363203976904289e-01,9.386306984620365057e-01,-1.521817164343668427e-01,0.000000000000000000e+00,0.000000000000000000e+00,0.000000000000000000e+00,1.000000000000000000e+00
5.650446835770792653e-01,8.211479680713130724e-01,-8.025285100002499394e-02,3.028970103044587026e-01,-7.605699877976958012e-01,5.561080304734447033e-01,3.350778299206902400e-01,-4.129790573393447572e-01,3.197777340946225122e-01,-1.282960364754114624e-01,9.387663861696416978e-01,-1.523520047230508823e-01,0.000000000000000000e+00,0.000000000000000000e+00,0.000000000000000000e+00,1.000000000000000000e+00
5.649312498879246469e-01,8.211606208516889494e-01,-8.091920453474492347e-02,3.029246554146233783e-01,-7.603471059253140707e-01,5.561550925719017657e-01,3.355052779276930242e-01,-4.129664826465873628e-01,3.205073500109885676e-01,-1.280107330219152906e-01,9.385564931425948165e-01,-1.522795869777129329e-01,0.000000000000000000e+00,0.000000000000000000e+00,0.000000000000000000e+00,1.000000000000000000e+00
5.651141551447884659e-01,8.211641382799024225e-01,-7.959553792780849069e-02,3.028343655007665891e-01,-7.606192690524342659e-01,5.559428442027996020e-01,3.352400356846453322e-01,-4.129561820388633064e-01,3.195376647613432097e-01,-1.289069896581521435e-01,9.387644373409872456e-01,-1.523774647718281194e-01,0.000000000000000000e+00,0.000000000000000000e+00,0.000000000000000000e+00,1.000000000000000000e+00
5.651202705165585538e-01,8.211334598392583395e-01,-7.986814749135680291e-02,3.028471016554825646e-01,-7.606565331615833259e-01,5.560764342933517401e-01,3.349337811899436579e-01,-4.129441763658874276e-01,3.194381292361526681e-01,-1.285256408503812897e-01,9.388505958000485929e-01,-1.523900536696465302e-01,0.000000000000000000e+00,0.000000000000000000e+00,0.000000000000000000e+00,1.000000000000000000e+00
5.649979732853567249e-01,8.211215820110241426e-01,-8.084947581247874104e-02,3.029127080463499544e-01,-7.604273485774927233e-01,5.562385047732252286e-01,3.351849837672494781e-01,-4.129638084721318769e-01,3.201992156749354779e-01,-1.278986839782177976e-01,9.386769353285486783e-01,-1.521579495115672476e-01,0.000000000000000000e+00,0.000000000000000000e+00,0.000000000000000000e+00,1.000000000000000000e+00
5.649841534255735098e-01,8.212639632469201922e-01,-7.948842085454747852e-02,3.028605197365392687e-01,-7.606666119143478122e-01,5.557622854067508777e-01,3.354319418871919978e-01,-4.129918270728462626e-01,3.196548324313828182e-01,-1.290495439411808443e-01,9.387049607367792259e-01,-1.521718873836201968e-01,0.000000000000000000e+00,0.000000000000000000e+00,0.000000000000000000e+00,1.000000000000000000e+00
5.651184961488902037e-01,8.211661517034679614e-01,-7.954392878739194317e-02,3.028059773597221449e-01,-7.607544823023714153e-01,5.559815306564024340e-01,3.348688627295985376e-01,-4.129329803819127287e-01,3.192079306146193840e-01,-1.287271877478908255e-01,9.389012771145066605e-01,-1.524859914040563869e-01,0.000000000000000000e+00,0.000000000000000000e+00,0.000000000000000000e+00,1.000000000000000000e+00
5.652130896744629318e-01,8.211136981699999060e-01,-7.941321009903851147e-02,3.027690100611872270e-01,-7.606852273905101436e-01,5.560137465992712746e-01,3.349726830989196991e-01,-4.129682928900474947e-01,3.192054950819228631e-01,-1.289224893888877010e-01,9.388753078227570770e-01,-1.525165749870565080e-01,0.000000000000000000e+00,0.000000000000000000e+00,0.000000000000000000e+00,1.000000000000000000e+00
5.650796722631269420e-01,8.211210940644626533e-01,-8.028146035902250510e-02,3.028356645753601528e-01,-7.604683404374072975e-01,5.561208347862192092e-01,3.352872206169727476e-01,-4.129926095288731225e-01,3.199576021715578311e-01,-1.284124838131363022e-01,9.386891747610432990e-01,-1.522669311096154221e-01,0.000000000000000000e+00,0.000000000000000000e+00,0.000000000000000000e+00,1.000000000000000000e+00
5.650360713152930980e-01,8.211626880967447528e-01,-8.016282049870274151e-02,3.029046380679906170e-01,-7.605218046453544600e-01,5.560416212461219976e-01,3.352973308885079384e-01,-4.130168930292985041e-01,3.199075222178313638e-01,-1.284895136566113760e-01,9.386957026154616468e-01,-1.521317460594069360e-01,0.000000000000000000e+00,0.000000000000000000e+00,0.000000000000000000e+00,1.000000000000000000e+00
5.650288154904005156e-01,8.211921924300462639e-01,-7.991133059490866664e-02,3.028681552642190633e-01,-7.605951372031669599e-01,5.559597243437890413e-01,3.352667925257041825e-01,-4.129778008588791405e-01,3.197459537326632906e-01,-1.286552291961423067e-01,9.387280527778413264e-01,-1.523233209142440536e-01,0.000000000000000000e+00,0.000000000000000000e+00,0.000000000000000000e+00,1.000000000000000000e+00
5.649856620316392464e-01,8.211853209398541908e-01,-8.028617796096226833e-02,3.028881018981635642e-01,-7.604373774200140490e-01,5.559977205121979793e-01,3.355615141934649714e-01,-4.130067230889576946e-01,3.201971216629556083e-01,-1.285348336372234002e-01,9.385907520429817019e-01,-1.522047238615962250e-01,0.000000000000000000e+00,0.000000000000000000e+00,0.000000000000000000e+00,1.000000000000000000e+00
5.650173822542623459e-01,8.211820577373327712e-01,-8.009610353082523282e-02,3.028796471649197741e-01,-7.602831267427465622e-01,5.558959920083359485e-01,3.360791770689475211e-01,-4.130694372918338741e-01,3.205072931164181793e-01,-1.289948608253368989e-01,9.384217606917683030e-01,-1.519904163701903954e-01,0.000000000000000000e+00,0.000000000000000000e+00,0.000000000000000000e+00,1.000000000000000000e+00
5.651257011090331517e-01,8.211387298584837957e-01,-7.977548666363619423e-02,3.028322230345700250e-01,-7.606841068002563322e-01,5.560562491409233310e-01,3.349046692012875859e-01,-4.129848953692454305e-01,3.193628525791941675e-01,-1.285792911697825891e-01,9.388688589333210599e-01,-1.523205479926661443e-01,0.000000000000000000e+00,0.000000000000000000e+00,0.000000000000000000e+00,1.000000000000000000e+00
5.650403836826864978e-01,8.211721561067411024e-01,-8.003533496355717813e-02,3.028636871469682079e-01,-7.605455862746299811e-01,5.560042898267534284e-01,3.353052950557557921e-01,-4.129568673755286690e-01,3.198433616724007944e-01,-1.285905118165956706e-01,9.387037361515315759e-01,-1.522971153630952035e-01,0.000000000000000000e+00,0.000000000000000000e+00,0.000000000000000000e+00,1.000000000000000000e+00
5.651123133257267561e-01,8.211694735823076297e-01,-7.955356047469644420e-02,3.028295847971431143e-01,-7.605987351640668415e-01,5.559152096866886161e-01,3.353324375986113104e-01,-4.129755891326274964e-01,3.195897955105372334e-01,-1.289921520696539203e-01,9.387349931210469123e-01,-1.523547409613761339e-01,0.000000000000000000e+00,0.000000000000000000e+00,0.000000000000000000e+00,1.000000000000000000e+00
5.649910736344192497e-01,8.212336414373594407e-01,-7.975207135216720589e-02,3.028621853088608873e-01,-7.606921566192538231e-01,5.558885265201520820e-01,3.351647191176349017e-01,-4.129635290281771232e-01,3.195818041931912656e-01,-1.286982993469183989e-01,9.387780452129439457e-01,-1.522739029114204001e-01,0.000000000000000000e+00,0.000000000000000000e+00,0.000000000000000000e+00,1.000000000000000000e+00
5.650478374952021543e-01,8.211671784328175017e-01,-8.003378290872469047e-02,3.028528714522838450e-01,-7.604929397068059815e-01,5.559914189796051343e-01,3.354460175306087089e-01,-4.129828568508701059e-01,3.199553562578629218e-01,-1.286779199619357827e-01,9.386535904774313543e-01,-1.523044177171357649e-01,0.000000000000000000e+00,0.000000000000000000e+00,0.000000000000000000e+00,1.000000000000000000e+00
5.650493577395760969e-01,8.212139023923238357e-01,-7.954212617011767461e-02,3.028496377984953858e-01,-7.606349026277526848e-01,5.558496259873122458e-01,3.353591182512172253e-01,-4.130107612586375598e-01,3.196150312838264562e-01,-1.289919369857490117e-01,9.387264308466566343e-01,-1.522417684028742890e-01,0.000000000000000000e+00,0.000000000000000000e+00,0.000000000000000000e+00,1.000000000000000000e+00
5.649957599177833911e-01,8.212253881423339230e-01,-7.980384167068570178e-02,3.029157299614703147e-01,-7.604575167439995287e-01,5.558207569788458091e-01,3.358089506535123503e-01,-4.130375390773169952e-01,3.201314675293209233e-01,-1.290432019981536393e-01,9.385433903211867213e-01,-1.520604082155991854e-01,0.000000000000000000e+00,0.000000000000000000e+00,0.000000000000000000e+00,1.000000000000000000e+00
5.649725262536611226e-01,8.211917479349942761e-01,-8.031287382496930805e-02,3.028799125128473491e-01,-7.605836379983740292e-01,5.560515684562311600e-01,3.351405419022354115e-01,-4.129717170708288032e-01,3.198727468661793916e-01,-1.282605408566273864e-01,9.387388664966689333e-01,-1.523398716029404909e-01,0.000000000000000000e+00,0.000000000000000000e+00,0.000000000000000000e+00,1.000000000000000000e+00
5.650470586770619530e-01,8.211736005854664011e-01,-7.997336545314147338e-02,3.028707909356398997e-01,-7.605540529576086950e-01,5.559903904840056699e-01,3.353091382876374205e-01,-4.129928280609165281e-01,3.198114350834814767e-01,-1.286413751129229788e-01,9.387076449027675906e-01,-1.522225338272269468e-01,0.000000000000000000e+00,0.000000000000000000e+00,0.000000000000000000e+00,1.000000000000000000e+00
5.650896742858106947e-01,8.211347029073816639e-01,-8.007159107175580715e-02,3.028367716555155353e-01,-7.605179838280446969e-01,5.560670665075049257e-01,3.352637973594285170e-01,-4.129981751412776791e-01,3.198219133981947127e-01,-1.285582250458680575e-01,9.387154662001546690e-01,-1.523468007070611918e-01,0.000000000000000000e+00,0.000000000000000000e+00,0.000000000000000000e+00,1.000000000000000000e+00
5.651609488862181507e-01,8.211221340635330712e-01,-7.969656708402826639e-02,3.028408151397802284e-01,-7.603794666174141792e-01,5.559434798225038055e-01,3.357825397328788597e-01,-4.130333690064919572e-01,3.200252624413367775e-01,-1.291715456042656640e-01,9.385619549105742587e-01,-1.522323549302959655e-01,0.000000000000000000e+00,0.000000000000000000e+00,0.000000000000000000e+00,1.000000000000000000e+00
5.648776956574501629e-01,8.212007224995901966e-01,-8.088610705727102002e-02,3.029163159827484852e-01,-7.604760968814855415e-01,5.561290084326910854e-01,3.352560693732082875e-01,-4.129621466422316312e-01,3.202956369053919783e-01,-1.278667249358607094e-01,9.386483929744653398e-01,-1.522020547158879911e-01,0.000000000000000000e+00,0.000000000000000000e+00,0.000000000000000000e+00,1.000000000000000000e+00
5.650161718518114107e-01,8.211697443352876657e-01,-8.023077049513470393e-02,3.028528122200332962e-01,-7.605580628709118773e-01,5.560600786323501854e-01,3.351844595941627647e-01,-4.129979742979843493e-01,3.198564655403587920e-01,-1.283644808336916188e-01,9.387302069883158850e-01,-1.522740598301233206e-01,0.000000000000000000e+00,0.000000000000000000e+00,0.000000000000000000e+00,1.000000000000000000e+00
5.651297007169129305e-01,8.211343236500880938e-01,-7.979250523278993978e-02,3.028127994103901877e-01,-7.603650471161074176e-01,5.559394237043936426e-01,3.358219056216353304e-01,-4.130440093742458463e-01,3.201146927145522847e-01,-1.291115010172956268e-01,9.385397188256491274e-01,-1.522832614815032848e-01,0.000000000000000000e+00,0.000000000000000000e+00,0.000000000000000000e+00,1.000000000000000000e+00
5.649469099735660027e-01,8.211878269896087934e-01,-8.053286109038917950e-02,3.029201422878738392e-01,-7.607190278329302169e-01,5.561648207960298018e-01,3.346449653017981030e-01,-4.129500772329819935e-01,3.195959161257244663e-01,-1.277937592881767670e-01,9.388968023604907787e-01,-1.522280837705953793e-01,0.000000000000000000e+00,0.000000000000000000e+00,0.000000000000000000e+00,1.000000000000000000e+00
5.650256682378413942e-01,8.211989010805561540e-01,-7.986462982113927411e-02,3.028730832236792847e-01,-7.606440985599426385e-01,5.559565901177258018e-01,3.351608945426112207e-01,-4.130265217652485665e-01,3.196350255499435522e-01,-1.286259490490076207e-01,9.387698416933348833e-01,-1.521175451224743291e-01,0.000000000000000000e+00,0.000000000000000000e+00,0.000000000000000000e+00,1.000000000000000000e+00
5.651660492783010525e-01,8.211452432964311265e-01,-7.942182417196215483e-02,3.028099716790468299e-01,-7.607479948363461419e-01,5.559861643352310701e-01,3.348759074945170666e-01,-4.130054584759422776e-01,3.191391939195747374e-01,-1.288405001520969151e-01,9.389091012579022788e-01,-1.523964011183436273e-01,0.000000000000000000e+00,0.000000000000000000e+00,0.000000000000000000e+00,1.000000000000000000e+00
5.651278615394262905e-01,8.211628345628525505e-01,-7.951162961841570787e-02,3.027948111249665897e-01,-7.607134733103144697e-01,5.559630485392298427e-01,3.349926867606567438e-01,-4.129498546556500393e-01,3.192890722151832117e-01,-1.288281327648085617e-01,9.388598407495658549e-01,-1.525266883681730690e-01,0.000000000000000000e+00,0.000000000000000000e+00,0.000000000000000000e+00,1.000000000000000000e+00
5.649288594404493491e-01,8.211087197783435432e-01,-8.146075174759437321e-02,3.029210436743239865e-01,-7.604494680341444823e-01,5.564140566803729149e-01,3.348432530230794346e-01,-4.130088778200345923e-01,3.202686221563084135e-01,-1.272158316895383723e-01,9.387460475707151142e-01,-1.522043664650243322e-01,0.000000000000000000e+00,0.000000000000000000e+00,0.000000000000000000e+00,1.000000000000000000e+00
5.650079443632025633e-01,8.212059816373783461e-01,-7.991719795800036885e-02,3.028759110599464899e-01,-7.605510431290120055e-01,5.559193601926619710e-01,3.354337129126311323e-01,-4.129964740961259428e-01,3.198876890438896448e-01,-1.287416043319774273e-01,9.386679208922549256e-01,-1.522802488268377719e-01,0.000000000000000000e+00,0.000000000000000000e+00,0.000000000000000000e+00,1.000000000000000000e+00
5.648641941689511725e-01,8.212313139429084918e-01,-8.066951806888300602e-02,3.029618986491650623e-01,-7.605172247772024052e-01,5.560408570405465101e-01,3.353089860394398158e-01,-4.130070591100713506e-01,3.202217871461029985e-01,-1.280534821909149468e-01,9.386481304172172857e-01,-1.521530545889053787e-01,0.000000000000000000e+00,0.000000000000000000e+00,0.000000000000000000e+00,1.000000000000000000e+00
5.650400107296602581e-01,8.211675279518153570e-01,-8.008543757843844535e-02,3.028682640376113566e-01,-7.605221941675961439e-01,5.560148990142969039e-01,3.353407584124341589e-01,-4.130140006172541289e-01,3.198996380947167206e-01,-1.285741930234281516e-01,9.386867946419846787e-01,-1.521576447981420888e-01,0.000000000000000000e+00,0.000000000000000000e+00,0.000000000000000000e+00,1.000000000000000000e+00
5.650520668447895911e-01,8.211482003728873824e-01,-8.019847117495342015e-02,3.028829317539707411e-01,-7.605932347872270682e-01,5.561040152311459428e-01,3.350317230348485720e-01,-4.129753838514289010e-01,3.197093882736844472e-01,-1.283119529434642581e-01,9.387874891483698470e-01,-1.522867636082425591e-01,0.000000000000000000e+00,0.000000000000000000e+00,0.000000000000000000e+00,1.000000000000000000e+00
5.651833655244555832e-01,8.211254586581955284e-01,-7.950310986255686163e-02,3.028244314937710291e-01,-7.605929196513618873e-01,5.559774952139442394e-01,3.352423532190493827e-01,-4.130409524034681645e-01,3.194779709317480676e-01,-1.290038990069555247e-01,9.387714419017743062e-01,-1.522836146529009671e-01,0.000000000000000000e+00,0.000000000000000000e+00,0.000000000000000000e+00,1.000000000000000000e+00
5.650661898193831689e-01,8.211264859863891541e-01,-8.032119978342662503e-02,3.028693798484913824e-01,-7.605139279386687878e-01,5.561391981657499706e-01,3.351533345721834367e-01,-4.130580242911068289e-01,3.198730475271435170e-01,-1.282984266279243168e-01,9.387335869087123363e-01,-1.520620508905723423e-01,0.000000000000000000e+00,0.000000000000000000e+00,0.000000000000000000e+00,1.000000000000000000e+00
5.650654188004576861e-01,8.211963065498503189e-01,-7.960966389043487579e-02,3.028572687140601571e-01,-7.606347868910895427e-01,5.558964195537373643e-01,3.352818093760565055e-01,-4.129820405427439001e-01,3.195869106315377128e-01,-1.289022763034843866e-01,9.387483207531026608e-01,-1.523806667237712631e-01,0.000000000000000000e+00,0.000000000000000000e+00,0.000000000000000000e+00,1.000000000000000000e+00
5.649598238816220253e-01,8.212224488521879806e-01,-8.008799473617907172e-02,3.029120840300888462e-01,-7.604157078820030780e-01,5.558770473502629983e-01,3.358104516471542289e-01,-4.130719892527085491e-01,3.202941594939858749e-01,-1.288192444100224043e-01,9.385186485433690828e-01,-1.519947868329232232e-01,0.000000000000000000e+00,0.000000000000000000e+00,0.000000000000000000e+00,1.000000000000000000e+00
5.650444156049531097e-01,8.211946523217511507e-01,-7.977563156638356467e-02,3.028609965455503206e-01,-7.607430025267040152e-01,5.559825593196183746e-01,3.348932334925003307e-01,-4.129591997347418775e-01,3.193663922523976573e-01,-1.285407979225482167e-01,9.388729257834216302e-01,-1.524401510362116685e-01,0.000000000000000000e+00,0.000000000000000000e+00,0.000000000000000000e+00,1.000000000000000000e+00
5.650620691267321805e-01,8.211756603039086500e-01,-7.984605787799396726e-02,3.028472085561870752e-01,-7.606340969900384774e-01,5.559886206443616086e-01,3.351304584935980158e-01,-4.129199292995872073e-01,3.195944751249076843e-01,-1.286358761715406529e-01,9.387822872376827554e-01,-1.524615340931247953e-01,0.000000000000000000e+00,0.000000000000000000e+00,0.000000000000000000e+00,1.000000000000000000e+00
5.651716192079171419e-01,8.210968529658401183e-01,-7.988115479570193078e-02,3.027984909877086683e-01,-7.604584176709435761e-01,5.560635503358964948e-01,3.354047152042481938e-01,-4.129403169238095028e-01,3.198187546647413004e-01,-1.288149294042880422e-01,9.386813506868357804e-01,-1.525014743640000781e-01,0.000000000000000000e+00,0.000000000000000000e+00,0.000000000000000000e+00,1.000000000000000000e+00
5.650855985780803836e-01,8.211522633871611854e-01,-7.992012646258177255e-02,3.028121185586316044e-01,-7.604675635242096332e-01,5.559800322553095642e-01,3.355224114138092295e-01,-4.130067053905139285e-01,3.199489820380823080e-01,-1.288222188425870163e-01,9.386359703448765579e-01,-1.524082357291072221e-01,0.000000000000000000e+00,0.000000000000000000e+00,0.000000000000000000e+00,1.000000000000000000e+00
5.649786284276442361e-01,8.211522021847426078e-01,-8.067347932973695235e-02,3.028725795841630819e-01,-7.605004853959695943e-01,5.561727472964208552e-01,3.351281648522640433e-01,-4.130073184294766331e-01,3.200596212153488662e-01,-1.279880307368589099e-01,9.387123642818326896e-01,-1.522683086744642811e-01,0.000000000000000000e+00,0.000000000000000000e+00,0.000000000000000000e+00,1.000000000000000000e+00
5.650339385971179240e-01,8.211702517021312042e-01,-8.010034926819539769e-02,3.028582796573241476e-01,-7.604804804142245578e-01,5.559969468953362970e-01,3.354651009449637344e-01,-4.129576922784847781e-01,3.200095110186234049e-01,-1.286344151559881688e-01,9.386410922685509695e-01,-1.523540086760415413e-01,0.000000000000000000e+00,0.000000000000000000e+00,0.000000000000000000e+00,1.000000000000000000e+00
5.650723779284236858e-01,8.211733750716436742e-01,-7.979659000084220188e-02,3.028715683179745710e-01,-7.605986494823260280e-01,5.559665153240462843e-01,3.352475626221599891e-01,-4.129864028036623891e-01,3.196606045604911683e-01,-1.287459588176766423e-01,9.387446809330738384e-01,-1.522376917003329666e-01,0.000000000000000000e+00,0.000000000000000000e+00,0.000000000000000000e+00,1.000000000000000000e+00
5.651336141057063944e-01,8.211201998250861056e-01,-7.991004722206872246e-02,3.028282388133793912e-01,-7.604339132156949788e-01,5.560199222587091095e-01,3.355325761872968715e-01,-4.130202849845339141e-01,3.199441542508435488e-01,-1.288544275165967035e-01,9.386331949542818798e-01,-1.522657173811845510e-01,0.000000000000000000e+00,0.000000000000000000e+00,0.000000000000000000e+00,1.000000000000000000e+00
5.650862251669199754e-01,8.211688981965233891e-01,-7.974458452652996576e-02,3.028686247427799794e-01,-7.605405506600065868e-01,5.559384716247952607e-01,3.354258287151735685e-01,-4.130386989323927005e-01,3.197743406347282047e-01,-1.288955251441827599e-01,9.386854183747770364e-01,-1.521834938989430341e-01,0.000000000000000000e+00,0.000000000000000000e+00,0.000000000000000000e+00,1.000000000000000000e+00
5.650190338341632978e-01,8.212393148576832003e-01,-7.949515165839812769e-02,3.028701842736631900e-01,-7.607359596254678058e-01,5.558348595937503411e-01,3.351543056460924985e-01,-4.129920222222398518e-01,3.194280688008291902e-01,-1.288937414790914393e-01,9.388035536094300193e-01,-1.522882683568580475e-01,0.000000000000000000e+00,0.000000000000000000e+00,0.000000000000000000e+00,1.000000000000000000e+00
5.649528456088120931e-01,8.212261359756838353e-01,-8.009941216359819927e-02,3.029060150821437647e-01,-7.606284500904274548e-01,5.559588542502338360e-01,3.351926510140130211e-01,-4.129982909492036502e-01,3.198009430122750185e-01,-1.284421502903760892e-01,9.387384997310190826e-01,-1.521293551647140418e-01,0.000000000000000000e+00,0.000000000000000000e+00,0.000000000000000000e+00,1.000000000000000000e+00
5.650833458609445525e-01,8.211366982639031198e-01,-8.009578637391495670e-02,3.028295030984616276e-01,-7.606688265219979650e-01,5.561299547516667108e-01,3.348169795359188239e-01,-4.129547357607518676e-01,3.194741751507416683e-01,-1.282731312168098881e-01,9.388728642471185770e-01,-1.523707316734199679e-01,0.000000000000000000e+00,0.000000000000000000e+00,0.000000000000000000e+00,1.000000000000000000e+00
5.651282442593662525e-01,8.211581001154238946e-01,-7.955779129132389826e-02,3.028460170992189893e-01,-7.605860838805619251e-01,5.559309400061328565e-01,3.353350547603524689e-01,-4.130425226108274117e-01,3.195917341665100442e-01,-1.289967618148812334e-01,9.387336996687174473e-01,-1.520839543765690749e-01,0.000000000000000000e+00,0.000000000000000000e+00,0.000000000000000000e+00,1.000000000000000000e+00
5.649818629317641117e-01,8.211965607347976315e-01,-8.019790019378991719e-02,3.028909227341456400e-01,-7.606593657220087623e-01,5.560462144945501617e-01,3.349775166868250720e-01,-4.129920650988542774e-01,3.196761234398726725e-01,-1.282529375243333658e-01,9.388068811629123323e-01,-1.522124731792411367e-01,0.000000000000000000e+00,0.000000000000000000e+00,0.000000000000000000e+00,1.000000000000000000e+00
5.650234869027453977e-01,8.212261359915492553e-01,-7.959957796780692263e-02,3.028817362294323190e-01,-7.604381670142666971e-01,5.557626528037704627e-01,3.359489066755513287e-01,-4.130302156526676760e-01,3.201284951331974660e-01,-1.292884655060366761e-01,9.385106495351286382e-01,-1.521959111319217683e-01,0.000000000000000000e+00,0.000000000000000000e+00,0.000000000000000000e+00,1.000000000000000000e+00
5.650627025838209638e-01,8.211539129966954897e-01,-8.006493189208085948e-02,3.028395963554298409e-01,-7.606085385879045591e-01,5.560684179722357179e-01,3.350560633103464858e-01,-4.129874968540889757e-01,3.196541774728438035e-01,-1.284296138126644893e-01,9.387902008010572397e-01,-1.523581388755879118e-01,0.000000000000000000e+00,0.000000000000000000e+00,0.000000000000000000e+00,1.000000000000000000e+00
5.650535496447485206e-01,8.211826114214110239e-01,-7.983485913422863622e-02,3.029014113782027562e-01,-7.605681340490105802e-01,5.559472790527149044e-01,3.353486788151840425e-01,-4.129983820389886429e-01,3.197664765154039079e-01,-1.287701114894105325e-01,9.387053099263521494e-01,-1.521859539711196696e-01,0.000000000000000000e+00,0.000000000000000000e+00,0.000000000000000000e+00,1.000000000000000000e+00
5.650494596910038414e-01,8.211811119532018699e-01,-7.987921803703552925e-02,3.028593499545612633e-01,-7.603018889870555297e-01,5.558532290744478965e-01,3.361074609856573581e-01,-4.130189106562621171e-01,3.204062198297975006e-01,-1.291850188636937957e-01,9.384301173745263069e-01,-1.522508385489771410e-01,0.000000000000000000e+00,0.000000000000000000e+00,0.000000000000000000e+00,1.000000000000000000e+00
5.649923760621945457e-01,8.212311757835563109e-01,-7.976823247856025534e-02,3.028844238810611822e-01,-7.607361469344539051e-01,5.559143939043613702e-01,3.350219416654193205e-01,-4.130265381146884796e-01,3.194747716783233327e-01,-1.286022650310034987e-01,9.388276347072336270e-01,-1.521468795606117919e-01,0.000000000000000000e+00,0.000000000000000000e+00,0.000000000000000000e+00,1.000000000000000000e+00
5.649060378700443419e-01,8.212174027498340134e-01,-8.051798431894077734e-02,3.028988479205454443e-01,-7.605945138406720041e-01,5.560600117472885850e-01,3.351018484745757475e-01,-4.129588438727359589e-01,3.199643009672177296e-01,-1.280595203662049375e-01,9.387351092561403432e-01,-1.522575057163531032e-01,0.000000000000000000e+00,0.000000000000000000e+00,0.000000000000000000e+00,1.000000000000000000e+00
5.650041264253952145e-01,8.212198222983368989e-01,-7.980188335223641072e-02,3.028752124094007958e-01,-7.605460904259777610e-01,5.558656807169132241e-01,3.355338870201984847e-01,-4.130052164438807738e-01,3.199062072858802064e-01,-1.288850203297911834e-01,9.386419285726335104e-01,-1.521720542910358631e-01,0.000000000000000000e+00,0.000000000000000000e+00,0.000000000000000000e+00,1.000000000000000000e+00
5.651006582711199933e-01,8.211240208327116319e-01,-8.010361061192883270e-02,3.028371237375649949e-01,-7.605615343795729677e-01,5.561108004318238152e-01,3.350924201847392814e-01,-4.129773754613865755e-01,3.196989184275365048e-01,-1.284372222317064771e-01,9.387739245961546075e-01,-1.523449919897388316e-01,0.000000000000000000e+00,0.000000000000000000e+00,0.000000000000000000e+00,1.000000000000000000e+00
5.651011892818499360e-01,8.211760917349003597e-01,-7.956426481300345188e-02,3.028038191854987016e-01,-7.606996557347026622e-01,5.559469554582119333e-01,3.350507670217308109e-01,-4.129513578556955888e-01,3.193691901817456991e-01,-1.288130780617396387e-01,9.388346559873663733e-01,-1.524945477363832680e-01,0.000000000000000000e+00,0.000000000000000000e+00,0.000000000000000000e+00,1.000000000000000000e+00
5.652583118070955148e-01,8.211330133601402181e-01,-7.888989354212848359e-02,3.027386758876323691e-01,-7.607400399723194262e-01,5.558767028686655287e-01,3.350756374175469787e-01,-4.130084614286179123e-01,3.189947217680984548e-01,-1.293895883676781655e-01,9.388826880426204280e-01,-1.525255319047269520e-01,0.000000000000000000e+00,0.000000000000000000e+00,0.000000000000000000e+00,1.000000000000000000e+00
5.649951367051027074e-01,8.211948649788519683e-01,-8.012171510862346746e-02,3.028501942729180940e-01,-7.605005674661208248e-01,5.559672557405219706e-01,3.354687726571004003e-01,-4.130357694969810645e-01,3.200302835409340463e-01,-1.286056152612244097e-01,9.386379564773583706e-01,-1.521569588229032544e-01,0.000000000000000000e+00,0.000000000000000000e+00,0.000000000000000000e+00,1.000000000000000000e+00
5.649608649517359193e-01,8.211746441518323891e-01,-8.056937926469161237e-02,3.029110803596375412e-01,-7.604739342875070918e-01,5.560983632630291940e-01,3.353118036178571182e-01,-4.129889916547230810e-01,3.201540509540162227e-01,-1.281671337679488598e-01,9.386557246826132683e-01,-1.521121521962489620e-01,0.000000000000000000e+00,0.000000000000000000e+00,0.000000000000000000e+00,1.000000000000000000e+00
5.650262941359414093e-01,8.211861652739700368e-01,-7.999105511016142700e-02,3.028632427919692449e-01,-7.606451709349388857e-01,5.560093637883107842e-01,3.350709049038365639e-01,-4.130013019277300468e-01,3.196313671534171674e-01,-1.284790618830563558e-01,9.387912013804174949e-01,-1.521787583290226120e-01,0.000000000000000000e+00,0.000000000000000000e+00,0.000000000000000000e+00,1.000000000000000000e+00
5.651859053564201041e-01,8.211184667228894618e-01,-7.955724978337809505e-02,3.027618153916729060e-01,-7.607928170857867212e-01,5.560832746994193165e-01,3.346127329768590064e-01,-4.130063859275044380e-01,3.189971502335346432e-01,-1.285918162490182759e-01,9.389914605238230960e-01,-1.524463617640570146e-01,0.000000000000000000e+00,0.000000000000000000e+00,0.000000000000000000e+00,1.000000000000000000e+00
5.649119719901742886e-01,8.212172042808564276e-01,-8.047836538664876471e-02,3.029467658775552019e-01,-7.604252754573200823e-01,5.559831559377910182e-01,3.356130670267670202e-01,-4.130570137771407691e-01,3.203558401962289248e-01,-1.283940563522642520e-01,9.385558597896985766e-01,-1.519568558144637205e-01,0.000000000000000000e+00,0.000000000000000000e+00,0.000000000000000000e+00,1.000000000000000000e+00
5.648791456122022048e-01,8.212168014847408548e-01,-8.071255052097107974e-02,3.029683395003217039e-01,-7.605631200157444427e-01,5.560946628427169136e-01,3.351156015910951025e-01,-4.129776060007118721e-01,3.200863810354089845e-01,-1.279128254594387448e-01,9.387134907726841782e-01,-1.521049347633725013e-01,0.000000000000000000e+00,0.000000000000000000e+00,0.000000000000000000e+00,1.000000000000000000e+00
5.648590246016785832e-01,8.211775022975491556e-01,-8.125141258094603636e-02,3.029447924831188965e-01,-7.604384087447813023e-01,5.562407707797840661e-01,3.351561299275561678e-01,-4.130208966109995550e-01,3.204180220145950719e-01,-1.275292697488324689e-01,9.386525323705169344e-01,-1.520010227230457200e-01,0.000000000000000000e+00,0.000000000000000000e+00,0.000000000000000000e+00,1.000000000000000000e+00
5.650192737108061802e-01,8.211692576873849125e-01,-8.021390505680763006e-02,3.028650392518699719e-01,-7.604920725248917046e-01,5.560304179267145930e-01,3.353833358517358532e-01,-4.130422402987844466e-01,3.200078560943593331e-01,-1.284960099356886043e-01,9.386606135704743670e-01,-1.521230536915318954e-01,0.000000000000000000e+00,0.000000000000000000e+00,0.000000000000000000e+00,1.000000000000000000e+00
5.650604060935019435e-01,8.211548254910167044e-01,-8.007178053637062365e-02,3.028569993842806785e-01,-7.605512642329558259e-01,5.560454463132197267e-01,3.352241580017539802e-01,-4.129890296183733045e-01,3.197944839097436320e-01,-1.285232049365029328e-01,9.387296063583754346e-01,-1.522854794466761419e-01,0.000000000000000000e+00,0.000000000000000000e+00,0.000000000000000000e+00,1.000000000000000000e+00
5.649994867535731435e-01,8.212050702589357432e-01,-7.998632726419833971e-02,3.028830869271827431e-01,-7.606894813026439106e-01,5.559931176246412088e-01,3.349972629582910200e-01,-4.129355647348043057e-01,3.195732983271810101e-01,-1.284285238373796267e-01,9.388178850348123383e-01,-1.523976592764424431e-01,0.000000000000000000e+00,0.000000000000000000e+00,0.000000000000000000e+00,1.000000000000000000e+00
5.649901463650925937e-01,8.212191617635210550e-01,-7.990758951921483888e-02,3.028901877848667046e-01,-7.605449680189558803e-01,5.558916576348458261e-01,3.354933927710486707e-01,-4.129912234784101077e-01,3.199335651840814476e-01,-1.287771459708731414e-01,9.386474101302362261e-01,-1.521954094016759740e-01,0.000000000000000000e+00,0.000000000000000000e+00,0.000000000000000000e+00,1.000000000000000000e+00
5.650622638272817522e-01,8.211664007107104535e-01,-7.993985452954333049e-02,3.028441113329923828e-01,-7.607650857433954084e-01,5.560797876200832546e-01,3.346815712199395776e-01,-4.129252610205066398e-01,3.192821985520518657e-01,-1.283004760093280905e-01,9.389344309074771910e-01,-1.525056314083979014e-01,0.000000000000000000e+00,0.000000000000000000e+00,0.000000000000000000e+00,1.000000000000000000e+00
5.650852025543029455e-01,8.211496243757593350e-01,-7.995003590813298811e-02,3.028230850506724581e-01,-7.607622046613441436e-01,5.561102729827643865e-01,3.346374638946546520e-01,-4.129897431397966945e-01,3.192484640730059997e-01,-1.282757134869442484e-01,9.389492848479314979e-01,-1.523460443705226819e-01,0.000000000000000000e+00,0.000000000000000000e+00,0.000000000000000000e+00,1.000000000000000000e+00
5.650610970071635597e-01,8.211329260350941350e-01,-8.029118525781905880e-02,3.028688460044884345e-01,-7.603939261295686869e-01,5.560726839358101081e-01,3.355357615600529364e-01,-4.130405590145326267e-01,3.201671965619227178e-01,-1.285452759204680218e-01,9.385995303025725933e-01,-1.521007737832791307e-01,0.000000000000000000e+00,0.000000000000000000e+00,0.000000000000000000e+00,1.000000000000000000e+00
5.650232653385370840e-01,8.211628418744856273e-01,-8.025145949324447026e-02,3.028887125323116991e-01,-7.603708263394779454e-01,5.560018502787614780e-01,3.357054496704119928e-01,-4.130257878657419002e-01,3.202888010499225779e-01,-1.286605207948905982e-01,9.385422496141507809e-01,-1.521182829842302464e-01,0.000000000000000000e+00,0.000000000000000000e+00,0.000000000000000000e+00,1.000000000000000000e+00
5.650782440902061277e-01,8.211828676276807792e-01,-7.965724054163844658e-02,3.028225780765803621e-01,-7.608179517821659354e-01,5.560050285958986205e-01,3.346856023525119350e-01,-4.129421548698997135e-01,3.191279089987574258e-01,-1.285188939061217006e-01,9.389570126513928638e-01,-1.524790060383889312e-01,0.000000000000000000e+00,0.000000000000000000e+00,0.000000000000000000e+00,1.000000000000000000e+00
5.651078742469546334e-01,8.211780892078479610e-01,-7.949613996311938324e-02,3.027975953896482331e-01,-7.605693932771950827e-01,5.558745850748818551e-01,3.354663078131505660e-01,-4.129660576758785728e-01,3.196674654606684318e-01,-1.291123211501353785e-01,9.386920262009136318e-01,-1.524895856969097352e-01,0.000000000000000000e+00,0.000000000000000000e+00,0.000000000000000000e+00,1.000000000000000000e+00
5.650046565000148568e-01,8.211593903706094766e-01,-8.041762082696266023e-02,3.028848748319419304e-01,-7.604236827906553087e-01,5.560686812423121239e-01,3.354749534503772002e-01,-4.130268911207647387e-01,3.201961286218137914e-01,-1.283934474480874499e-01,9.386104420194770759e-01,-1.521130504668335437e-01,0.000000000000000000e+00,0.000000000000000000e+00,0.000000000000000000e+00,1.000000000000000000e+00
5.649346927376407423e-01,8.212159118561419557e-01,-8.033193048665601688e-02,3.028961772623092741e-01,-7.605621522222172359e-01,5.560054202015037861e-01,3.352658427481962078e-01,-4.129748861012543792e-01,3.199906335325090057e-01,-1.283058799152817508e-01,9.386924925824372545e-01,-1.522498836940608946e-01,0.000000000000000000e+00,0.000000000000000000e+00,0.000000000000000000e+00,1.000000000000000000e+00
5.650526624466236658e-01,8.211650723233856475e-01,-8.002132627063233972e-02,3.029003383297076413e-01,-7.606533574979834622e-01,5.560566042681728272e-01,3.349739132780250039e-01,-4.130309066705106225e-01,3.195652646784802320e-01,-1.284094110487143947e-01,9.388232340356172934e-01,-1.521321408743256942e-01,0.000000000000000000e+00,0.000000000000000000e+00,0.000000000000000000e+00,1.000000000000000000e+00
5.651198496388785131e-01,8.211712330991182140e-01,-7.948183109746161101e-02,3.028030231901648328e-01,-7.606117338017736040e-01,5.559002067179138473e-01,3.353278255290501053e-01,-4.130306090487834147e-01,3.195455303195331997e-01,-1.290455969859288787e-01,9.387427165903093895e-01,-1.523049772671067892e-01,0.000000000000000000e+00,0.000000000000000000e+00,0.000000000000000000e+00,1.000000000000000000e+00
5.650835374602507510e-01,8.211508682695212169e-01,-7.994902895983858893e-02,3.028748742695478446e-01,-7.605123668336042364e-01,5.560074031843375009e-01,3.353754724146644217e-01,-4.130466582235919337e-01,3.198461123486717739e-01,-1.287129330891860768e-01,9.386860206006157892e-01,-1.521601506130714210e-01,0.000000000000000000e+00,0.000000000000000000e+00,0.000000000000000000e+00,1.000000000000000000e+00
5.651436704202943417e-01,8.211365464342644804e-01,-7.967059616876748240e-02,3.028558468335609821e-01,-7.604300979328907362e-01,5.559325744619484366e-01,3.356859228652347982e-01,-4.130712909692810797e-01,3.199354590251789476e-01,-1.291268553094949700e-01,9.385987200589124280e-01,-1.521349495980763855e-01,0.000000000000000000e+00,0.000000000000000000e+00,0.000000000000000000e+00,1.000000000000000000e+00
5.650272080850246015e-01,8.212522753577022883e-01,-7.930292771038716104e-02,3.028654587792011244e-01,-7.605390901616015942e-01,5.556865831736662598e-01,3.358462648548279916e-01,-4.130103898283139507e-01,3.198820821174663265e-01,-1.294493008886981045e-01,9.385724969546154206e-01,-1.522381122927767283e-01,0.000000000000000000e+00,0.000000000000000000e+00,0.000000000000000000e+00,1.000000000000000000e+00
5.649779669306885799e-01,8.212183551991760755e-01,-8.000193726920634685e-02,3.028938633317593276e-01,-7.606629088466303479e-01,5.559630188004183182e-01,3.351075362198062679e-01,-4.129550823075926469e-01,3.196745782633472199e-01,-1.284738682000580723e-01,9.387771989145590190e-01,-1.523158481302928635e-01,0.000000000000000000e+00,0.000000000000000000e+00,0.000000000000000000e+00,1.000000000000000000e+00
5.651294576532370773e-01,8.211727639330003159e-01,-7.939765655984558357e-02,3.028221946581921009e-01,-7.606369147071830872e-01,5.558875347455898286e-01,3.352917128400406677e-01,-4.130000269745059960e-01,3.194685901263156214e-01,-1.290904353122556136e-01,9.387627386265374740e-01,-1.523239788920571769e-01,0.000000000000000000e+00,0.000000000000000000e+00,0.000000000000000000e+00,1.000000000000000000e+00
5.651183942132638194e-01,8.211674017454757557e-01,-7.953174732398764213e-02,3.028303566711322281e-01,-7.608261954450661335e-01,5.560053574115635389e-01,3.346663156850796517e-01,-4.129825884331632668e-01,3.190371464992878825e-01,-1.286162541836135820e-01,9.389745248479151041e-01,-1.523536363728343890e-01,0.000000000000000000e+00,0.000000000000000000e+00,0.000000000000000000e+00,1.000000000000000000e+00
5.650449691639154448e-01,8.211657138523104082e-01,-8.006905279804200914e-02,3.028533529001579128e-01,-7.607226278245481366e-01,5.560946703350244658e-01,3.347533437334043738e-01,-4.129272283581389980e-01,3.194139419910536626e-01,-1.282403525354100793e-01,9.388978355728220260e-01,-1.525098783319249751e-01,0.000000000000000000e+00,0.000000000000000000e+00,0.000000000000000000e+00,1.000000000000000000e+00
5.649578637007970361e-01,8.211907945339569359e-01,-8.042568753402254411e-02,3.029403887657544647e-01,-7.604766368744759752e-01,5.560371707045566048e-01,3.354071399999683512e-01,-4.130368193162230472e-01,3.201529275373227179e-01,-1.283290449101853192e-01,9.386339857589440783e-01,-1.520164030101127661e-01,0.000000000000000000e+00,0.000000000000000000e+00,0.000000000000000000e+00,1.000000000000000000e+00
5.651187971599569426e-01,8.211472666811593379e-01,-7.973651308242951652e-02,3.028065081566846950e-01,-7.606045204979473562e-01,5.560000131675366664e-01,3.351786818337147422e-01,-4.129704544414757872e-01,3.195645607613131212e-01,-1.287678212122891908e-01,9.387743816943818764e-01,-1.524804877657788271e-01,0.000000000000000000e+00,0.000000000000000000e+00,0.000000000000000000e+00,1.000000000000000000e+00
5.649743340973133465e-01,8.212175483124853903e-01,-8.003586792762421021e-02,3.029136216094907574e-01,-7.605808261314875862e-01,5.559395244981145678e-01,3.353327482098251711e-01,-4.130217470798998036e-01,3.198762397122378864e-01,-1.285806495723249843e-01,9.386938839808842694e-01,-1.521168768863803145e-01,0.000000000000000000e+00,0.000000000000000000e+00,0.000000000000000000e+00,1.000000000000000000e+00
5.649592530343943153e-01,8.211898080037677294e-01,-8.042600102923372352e-02,3.029035027508068523e-01,-7.604528631593775456e-01,5.560294324079904094e-01,3.354738636745837610e-01,-4.130262035498687978e-01,3.202069414043428042e-01,-1.283688806790152237e-01,9.386101134921212008e-01,-1.521578914165511165e-01,0.000000000000000000e+00,0.000000000000000000e+00,0.000000000000000000e+00,1.000000000000000000e+00
5.649767557697186193e-01,8.212124286220318092e-01,-8.007129645901790715e-02,3.029054081410499366e-01,-7.605663671983208252e-01,5.559510819617901056e-01,3.353463814509767826e-01,-4.130027767967778818e-01,3.199063402414412116e-01,-1.285633755865924210e-01,9.386859921886061553e-01,-1.521799972283894853e-01,0.000000000000000000e+00,0.000000000000000000e+00,0.000000000000000000e+00,1.000000000000000000e+00
5.649486531952354618e-01,8.212201922619234429e-01,-8.018986889987231304e-02,3.029062705286554857e-01,-7.603431677865356564e-01,5.558761638544511552e-01,3.359761266203227237e-01,-4.130099382011458431e-01,3.204860160026101745e-01,-1.288374412961873772e-01,9.384506525476050687e-01,-1.521427234663879080e-01,0.000000000000000000e+00,0.000000000000000000e+00,0.000000000000000000e+00,1.000000000000000000e+00
5.649704922694405163e-01,8.211936190500893629e-01,-8.030805000896808210e-02,3.029172656842684108e-01,-7.606616255859642850e-01,5.560784285302386998e-01,3.349189046385088186e-01,-4.129659957110043411e-01,3.196908416357036042e-01,-1.281320465564995126e-01,9.388183766946078812e-01,-1.522855612288611660e-01,0.000000000000000000e+00,0.000000000000000000e+00,0.000000000000000000e+00,1.000000000000000000e+00
5.649521582494139160e-01,8.212238812924066433e-01,-8.012737163020253184e-02,3.028461686220057514e-01,-7.606860437582287915e-01,5.559925640482881182e-01,3.350059873412183364e-01,-4.129280258349077304e-01,3.196651399836765162e-01,-1.283105822527730588e-01,9.388027443298039287e-01,-1.525322868722427394e-01,0.000000000000000000e+00,0.000000000000000000e+00,0.000000000000000000e+00,1.000000000000000000e+00
5.650916234751824918e-01,8.211303866388214301e-01,-8.010209246057491128e-02,3.028012352803986507e-01,-7.605482045738601871e-01,5.560939987762387737e-01,3.351505528035578219e-01,-4.129601801606416767e-01,3.197465959125452284e-01,-1.284692673888677694e-01,9.387533018524660822e-01,-1.524477398738590672e-01,0.000000000000000000e+00,0.000000000000000000e+00,0.000000000000000000e+00,1.000000000000000000e+00
5.649184740181214526e-01,8.212003763189428263e-01,-8.060434012299820539e-02,3.028827211002108055e-01,-7.605371183797910994e-01,5.560871753964102826e-01,3.351870297702552737e-01,-4.129744041017435752e-01,3.200787548082518752e-01,-1.280507528024295572e-01,9.386972863639961862e-01,-1.522202983816449695e-01,0.000000000000000000e+00,0.000000000000000000e+00,0.000000000000000000e+00,1.000000000000000000e+00
5.649316564940164431e-01,8.212496547626341181e-01,-8.000767490172999707e-02,3.029326821582326579e-01,-7.606192966223727092e-01,5.558923373174193827e-01,3.353237166045126560e-01,-4.129656937402543804e-01,3.198601398996342993e-01,-1.285796012749720885e-01,9.386995137099815034e-01,-1.522260026268005273e-01,0.000000000000000000e+00,0.000000000000000000e+00,0.000000000000000000e+00,1.000000000000000000e+00
5.650311171171208402e-01,8.211810207670877659e-01,-8.000979828310016140e-02,3.028501314960733715e-01,-7.605785443975920934e-01,5.559960092410620724e-01,3.352442624565749596e-01,-4.129928036483708764e-01,3.197813541959857453e-01,-1.285697042072385110e-01,9.387277116760988083e-01,-1.523527826444641686e-01,0.000000000000000000e+00,0.000000000000000000e+00,0.000000000000000000e+00,1.000000000000000000e+00
5.650117981581218585e-01,8.211356777538186824e-01,-8.060934599599900441e-02,3.029140688414399540e-01,-7.603649496960583898e-01,5.561320289337137179e-01,3.355030695355581960e-01,-4.130754502806101014e-01,3.203229795313418116e-01,-1.282706712925751891e-01,9.385839459900833237e-01,-1.519148748240934932e-01,0.000000000000000000e+00,0.000000000000000000e+00,0.000000000000000000e+00,1.000000000000000000e+00
5.650382999107124160e-01,8.211813505941470970e-01,-7.995566940739591566e-02,3.028451697127785280e-01,-7.606616417206356617e-01,5.560159362121809279e-01,3.350226044507440548e-01,-4.129421609434641982e-01,3.195709411834555258e-01,-1.284813920942052823e-01,9.388114536139064992e-01,-1.524323786861865315e-01,0.000000000000000000e+00,0.000000000000000000e+00,0.000000000000000000e+00,1.000000000000000000e+00
5.651173827388062954e-01,8.211283973733076724e-01,-7.994059515405757543e-02,3.028388714616676580e-01,-7.603650562970498683e-01,5.559852175627926218e-01,3.357460632889660013e-01,-4.130514565748464872e-01,3.201364160616936294e-01,-1.289519014159834498e-01,9.385542510864125498e-01,-1.521285233439517715e-01,0.000000000000000000e+00,0.000000000000000000e+00,0.000000000000000000e+00,1.000000000000000000e+00
5.650171153036086524e-01,8.211780058843498598e-01,-8.013951625628440434e-02,3.028835812283007245e-01,-7.605655926944114853e-01,5.560269819414143111e-01,3.352222763518565296e-01,-4.129850835981643264e-01,3.198368937808567236e-01,-1.284549648901306962e-01,9.387244981205551397e-01,-1.522423001310260204e-01,0.000000000000000000e+00,0.000000000000000000e+00,0.000000000000000000e+00,1.000000000000000000e+00
5.650179991420687386e-01,8.211745530587664099e-01,-8.016866005010063467e-02,3.029017852210695860e-01,-7.606003191919288309e-01,5.560538796080938262e-01,3.350988472345493019e-01,-4.130024707342268009e-01,3.197527405521796706e-01,-1.283605717559830051e-01,9.387660776401370866e-01,-1.521491409109785309e-01,0.000000000000000000e+00,0.000000000000000000e+00,0.000000000000000000e+00,1.000000000000000000e+00
5.649312463963744868e-01,8.211535144196776548e-01,-8.099131188745589682e-02,3.029079322136354335e-01,-7.604701128415901623e-01,5.562336263446712170e-01,3.350960465271946020e-01,-4.129733530470484637e-01,3.202153873875175361e-01,-1.277147551368635336e-01,9.386964615894710651e-01,-1.521357513601584444e-01,0.000000000000000000e+00,0.000000000000000000e+00,0.000000000000000000e+00,1.000000000000000000e+00
5.650458683868331278e-01,8.211778435455361347e-01,-7.993820043554510091e-02,3.028544286243964323e-01,-7.606129928340141788e-01,5.559983156564977103e-01,3.351622713242379259e-01,-4.129835576687440057e-01,3.196733360026360327e-01,-1.285800227758621128e-01,9.387630883198939680e-01,-1.523823490961042637e-01,0.000000000000000000e+00,0.000000000000000000e+00,0.000000000000000000e+00,1.000000000000000000e+00
5.649897028363836116e-01,8.211881370261262525e-01,-8.022891808079914144e-02,3.028339726073064897e-01,-7.604295005264853913e-01,5.559759980727440043e-01,3.356153516990194596e-01,-4.130276541375000887e-01,3.202086982233545709e-01,-1.286107817197949255e-01,9.385763988123334567e-01,-1.523273884178784066e-01,0.000000000000000000e+00,0.000000000000000000e+00,0.000000000000000000e+00,1.000000000000000000e+00
5.650990477447608296e-01,8.211728734922316697e-01,-7.961267536313507143e-02,3.028548067673168531e-01,-7.604998908329902996e-01,5.558835517770656098e-01,3.356089881196934188e-01,-4.130957925361264382e-01,3.198483738914028596e-01,-1.291068886784350056e-01,9.386311464120501435e-01,-1.520691721895122139e-01,0.000000000000000000e+00,0.000000000000000000e+00,0.000000000000000000e+00,1.000000000000000000e+00
5.650334491330422093e-01,8.210912045346731025e-01,-8.091004385499817042e-02,3.028022591114709061e-01,-7.608033855502035481e-01,5.564556192484726438e-01,3.339690889021728615e-01,-4.129344897618636989e-01,3.192419300407864924e-01,-1.271470709163162183e-01,9.391050060889011286e-01,-1.523033795901609366e-01,0.000000000000000000e+00,0.000000000000000000e+00,0.000000000000000000e+00,1.000000000000000000e+00
5.649862771635684178e-01,8.212313578912687762e-01,-7.980954474819536293e-02,3.028208185959332388e-01,-7.604720301725881315e-01,5.558175707964830847e-01,3.357813564197371647e-01,-4.129460994270260921e-01,3.201137265754680494e-01,-1.290189319827104442e-01,9.385527780833676781e-01,-1.522955782415580384e-01,0.000000000000000000e+00,0.000000000000000000e+00,0.000000000000000000e+00,1.000000000000000000e+00
5.648981573948816948e-01,8.212903323381899323e-01,-7.982644787095020955e-02,3.028821869481908013e-01,-7.606266813172879449e-01,5.557811484078603037e-01,3.354912319907769058e-01,-4.129727511130799056e-01,3.199017402892907480e-01,-1.288002526483003063e-01,9.386550865347812467e-01,-1.522374345999393253e-01,0.000000000000000000e+00,0.000000000000000000e+00,0.000000000000000000e+00,1.000000000000000000e+00
5.650116816316156365e-01,8.212014773307287907e-01,-7.993705804970947792e-02,3.028610231363144667e-01,-7.604709196996162213e-01,5.558997030257359917e-01,3.356478816663654441e-01,-4.129463536894844022e-01,3.200715231179334097e-01,-1.288551660032584700e-01,9.385896687494695856e-01,-1.523426873912552271e-01,0.000000000000000000e+00,0.000000000000000000e+00,0.000000000000000000e+00,1.000000000000000000e+00
5.649021099380517885e-01,8.212257657424980595e-01,-8.046022537990510370e-02,3.029394100544368085e-01,-7.602329763451906031e-01,5.558868052870777898e-01,3.362077949498782359e-01,-4.131468898813021595e-01,3.208292814954241678e-01,-1.287559761268359804e-01,9.383445373351706476e-01,-1.515975371878026667e-01,0.000000000000000000e+00,0.000000000000000000e+00,0.000000000000000000e+00,1.000000000000000000e+00
5.649882499281075887e-01,8.212080341285165064e-01,-8.003525551874997312e-02,3.028529289665192747e-01,-7.609030037889289444e-01,5.560853278322437365e-01,3.343586801545481713e-01,-4.128767266856259166e-01,3.190844657268033790e-01,-1.280096592155587354e-01,9.390413360866267656e-01,-1.525643623880654776e-01,0.000000000000000000e+00,0.000000000000000000e+00,0.000000000000000000e+00,1.000000000000000000e+00
5.650295046488936768e-01,8.211551545803744689e-01,-8.028618176440673049e-02,3.028349051428844696e-01,-7.606499335247695059e-01,5.561355062890639411e-01,3.348506790695974233e-01,-4.129802511075044702e-01,3.196143574763027906e-01,-1.281308345039867680e-01,9.388445833812550934e-01,-1.523907922300773432e-01,0.000000000000000000e+00,0.000000000000000000e+00,0.000000000000000000e+00,1.000000000000000000e+00
5.649897198561494305e-01,8.211650511459914759e-01,-8.046474528183930608e-02,3.028952987657045348e-01,-7.606371378882123002e-01,5.561555474090260631e-01,3.348464596668086490e-01,-4.129789490851837885e-01,3.197151246376982447e-01,-1.279803338898913290e-01,9.388308011645832840e-01,-1.522287114916256456e-01,0.000000000000000000e+00,0.000000000000000000e+00,0.000000000000000000e+00,1.000000000000000000e+00
5.650660891316332535e-01,8.211836028840756585e-01,-7.973584681816678343e-02,3.028703122983779639e-01,-7.605435452736609703e-01,5.559119652813271362e-01,3.354629675532364574e-01,-4.130095498940324350e-01,3.198027996376083815e-01,-1.289161634993131467e-01,9.386728887810525945e-01,-1.522335721598846447e-01,0.000000000000000000e+00,0.000000000000000000e+00,0.000000000000000000e+00,1.000000000000000000e+00
5.651051728131696317e-01,8.211410420428272294e-01,-7.989701328972130534e-02,3.028627055856087935e-01,-7.606580644581416584e-01,5.560707256601955528e-01,3.349397812122912321e-01,-4.130159876362795024e-01,3.194611911243549485e-01,-1.285018954590312346e-01,9.388459992079877248e-01,-1.522102484185194893e-01,0.000000000000000000e+00,0.000000000000000000e+00,0.000000000000000000e+00,1.000000000000000000e+00
5.650544169540261397e-01,8.211512277901792389e-01,-8.015090130139983227e-02,3.028582824079140701e-01,-7.604539518697935874e-01,5.560314743569456652e-01,3.354680113066744185e-01,-4.129942688141866047e-01,3.200363931904607884e-01,-1.286066118950443538e-01,9.386357368066262641e-01,-1.522861001750890342e-01,0.000000000000000000e+00,0.000000000000000000e+00,0.000000000000000000e+00,1.000000000000000000e+00
5.650429269950393296e-01,8.211612676031845304e-01,-8.012904118489300176e-02,3.028265081688892302e-01,-7.605489510744394277e-01,5.560469480646725859e-01,3.352269150404448839e-01,-4.130291511652997571e-01,3.198308672915248785e-01,-1.284755390581993895e-01,9.387237358196800496e-01,-1.521985368645530912e-01,0.000000000000000000e+00,0.000000000000000000e+00,0.000000000000000000e+00,1.000000000000000000e+00
5.649823935169981937e-01,8.212254465048868246e-01,-7.989781616948531118e-02,3.029366082273750038e-01,-7.606838786966246824e-01,5.559342671268276970e-01,3.351076354325810414e-01,-4.129782911340871276e-01,3.196168514125350413e-01,-1.285529332493273169e-01,9.387860308111382057e-01,-1.521358289494882943e-01,0.000000000000000000e+00,0.000000000000000000e+00,0.000000000000000000e+00,1.000000000000000000e+00
5.650418333328179887e-01,8.211921195049782796e-01,-7.981998150093551347e-02,3.028788552300711867e-01,-7.607243711042941392e-01,5.559900530131848262e-01,3.349231138013204490e-01,-4.129681419983171065e-01,3.194153374399298917e-01,-1.285245650189785482e-01,9.388584975356074613e-01,-1.523280152055312975e-01,0.000000000000000000e+00,0.000000000000000000e+00,0.000000000000000000e+00,1.000000000000000000e+00
5.650022876809672745e-01,8.211959657210825547e-01,-8.005998250494872348e-02,3.029001864582906434e-01,-7.605402518129227296e-01,5.559665587115685259e-01,3.353799501561663399e-01,-4.130067679907656331e-01,3.199233350157661970e-01,-1.286015998261108018e-01,9.386749641034191072e-01,-1.521881886192308908e-01,0.000000000000000000e+00,0.000000000000000000e+00,0.000000000000000000e+00,1.000000000000000000e+00
5.649631431485966360e-01,8.210611279843998966e-01,-8.170233164753203103e-02,3.028127875393555879e-01,-7.603100786076938400e-01,5.564982412588195260e-01,3.350198379848622898e-01,-4.130222878376003659e-01,3.205389699415982507e-01,-1.271547544876944769e-01,9.386620462977894874e-01,-1.521563002115235985e-01,0.000000000000000000e+00,0.000000000000000000e+00,0.000000000000000000e+00,1.000000000000000000e+00
5.651665440758064651e-01,8.211596931312866721e-01,-7.926875698496006761e-02,3.028255991135011538e-01,-7.605896989480046555e-01,5.558603025060870895e-01,3.354439356316122334e-01,-4.129868714087915338e-01,3.195153944829471904e-01,-1.292906898209322253e-01,9.387192499432587267e-01,-1.522330580002930756e-01,0.000000000000000000e+00,0.000000000000000000e+00,0.000000000000000000e+00,1.000000000000000000e+00
5.647585717880080347e-01,8.212950480476995940e-01,-8.076013648017185687e-02,3.030010690999724865e-01,-7.606294720796632491e-01,5.559963071001801094e-01,3.351282033711499020e-01,-4.129382451397876075e-01,3.201414715337299599e-01,-1.278379855257770759e-01,9.387048991354679517e-01,-1.521840249907691067e-01,0.000000000000000000e+00,0.000000000000000000e+00,0.000000000000000000e+00,1.000000000000000000e+00
5.650014602164250554e-01,8.211534436112839508e-01,-8.050075775194857897e-02,3.028503797487851479e-01,-7.604773114920044819e-01,5.561203007810905374e-01,3.352677583142207873e-01,-4.130108465595977996e-01,3.200743798856773292e-01,-1.282077731827511724e-01,9.386773451172238936e-01,-1.522674806494113131e-01,0.000000000000000000e+00,0.000000000000000000e+00,0.000000000000000000e+00,1.000000000000000000e+00
5.650957926298001421e-01,8.210981518332995943e-01,-8.040255100454224424e-02,3.028287751665151850e-01,-7.605121853053851133e-01,5.562071566999040595e-01,3.350444968027924686e-01,-4.129963315179142613e-01,3.198248913923461556e-01,-1.281851157184343837e-01,9.387654738826551881e-01,-1.522839224405241332e-01,0.000000000000000000e+00,0.000000000000000000e+00,0.000000000000000000e+00,1.000000000000000000e+00
5.649001845235518404e-01,8.211796255060005434e-01,-8.094321576934197793e-02,3.028754154237152107e-01,-7.604863674643284055e-01,5.561833232923185655e-01,3.351426499155594763e-01,-4.129800840664720751e-01,3.202315824933075206e-01,-1.277659326477034729e-01,9.386839723935286317e-01,-1.522217460025383495e-01,0.000000000000000000e+00,0.000000000000000000e+00,0.000000000000000000e+00,1.000000000000000000e+00
5.649970021416401700e-01,8.211754128102370931e-01,-8.030771424275531811e-02,3.028937044926637845e-01,-7.606436391718265355e-01,5.561028335411994927e-01,3.349192331217916152e-01,-4.129402273888705954e-01,3.196867869624884229e-01,-1.281428106582088722e-01,9.388182882316550293e-01,-1.523498864148689069e-01,0.000000000000000000e+00,0.000000000000000000e+00,0.000000000000000000e+00,1.000000000000000000e+00
5.650650995329787873e-01,8.212015322096606340e-01,-7.955800893870125512e-02,3.028908504673036295e-01,-7.606596685283371073e-01,5.558849852803749991e-01,3.352443166023810761e-01,-4.129757114391509054e-01,3.195282490862818014e-01,-1.289182944207029613e-01,9.387660898219065686e-01,-1.523545852694156988e-01,0.000000000000000000e+00,0.000000000000000000e+00,0.000000000000000000e+00,1.000000000000000000e+00
5.649029349841697689e-01,8.211704541494088128e-01,-8.101703079183351919e-02,3.029316443206552800e-01,-7.603375768093548759e-01,5.561573843953089291e-01,3.355230738328549012e-01,-4.130455103169037301e-01,3.205798548535913617e-01,-1.279376762905384268e-01,9.385416920134279639e-01,-1.520171432569463743e-01,0.000000000000000000e+00,0.000000000000000000e+00,0.000000000000000000e+00,1.000000000000000000e+00
5.649976410038646257e-01,8.211448607577110925e-01,-8.061503154665325410e-02,3.028934273051508974e-01,-7.605939112429632720e-01,5.562090208350641829e-01,3.348558306522839700e-01,-4.129785107194454685e-01,3.198039521960291953e-01,-1.278774522458861473e-01,9.388145660176462348e-01,-1.522028951281191311e-01,0.000000000000000000e+00,0.000000000000000000e+00,0.000000000000000000e+00,1.000000000000000000e+00
5.651241167269485111e-01,8.211188242536211490e-01,-7.999130671477559795e-02,3.028456481550920176e-01,-7.606696041540139674e-01,5.561365271346818684e-01,3.348042958248163559e-01,-4.129245212913972285e-01,3.194001972600551964e-01,-1.283590263398966536e-01,9.388862946849909630e-01,-1.523793841734228938e-01,0.000000000000000000e+00,0.000000000000000000e+00,0.000000000000000000e+00,1.000000000000000000e+00
5.650612676960515834e-01,8.211576671698974650e-01,-8.003655038682867817e-02,3.028621437271608596e-01,-7.604028483751097411e-01,5.559724033096031803e-01,3.356816869314802609e-01,-4.130224981096018988e-01,3.201457042234854278e-01,-1.288206986715887958e-01,9.385691000991951416e-01,-1.521006241434987860e-01,0.000000000000000000e+00,0.000000000000000000e+00,0.000000000000000000e+00,1.000000000000000000e+00
5.649697355415261857e-01,8.211845145493021914e-01,-8.040641135236045733e-02,3.028864108908801422e-01,-7.604512618905778787e-01,5.560333405376760574e-01,3.354710158859343649e-01,-4.130530140237906878e-01,3.201922488305517511e-01,-1.283858141499280570e-01,9.386128096898604944e-01,-1.520088421209015994e-01,0.000000000000000000e+00,0.000000000000000000e+00,0.000000000000000000e+00,1.000000000000000000e+00
5.650636088944862578e-01,8.211697023398776274e-01,-7.989641958295870539e-02,3.028243243042375021e-01,-7.604388956701364499e-01,5.559324391969525658e-01,3.356662166505743894e-01,-4.130677360481994631e-01,3.200559386343623247e-01,-1.289164186888690222e-01,9.385865719992556588e-01,-1.521620745820853049e-01,0.000000000000000000e+00,0.000000000000000000e+00,0.000000000000000000e+00,1.000000000000000000e+00
5.650230104968052558e-01,8.211467503622874586e-01,-8.041773422934979376e-02,3.028731920796451371e-01,-7.603919369736505951e-01,5.560779774194065661e-01,3.355314966059102511e-01,-4.130780957576283829e-01,3.202391290810462920e-01,-1.284340196310824744e-01,9.385902209200860380e-01,-1.520453902323333217e-01,0.000000000000000000e+00,0.000000000000000000e+00,0.000000000000000000e+00,1.000000000000000000e+00
5.650116158251612397e-01,8.212547440767375972e-01,-7.938840793272454455e-02,3.028640211927952075e-01,-7.608266559739905732e-01,5.558190152182649335e-01,3.349746585657386033e-01,-4.129421918246032330e-01,3.192251142095109961e-01,-1.288637561661558351e-01,9.388767005335014737e-01,-1.524428169521629961e-01,0.000000000000000000e+00,0.000000000000000000e+00,0.000000000000000000e+00,1.000000000000000000e+00
5.651018613911044097e-01,8.211716623096084744e-01,-7.960519626245322888e-02,3.028264143565201905e-01,-7.603992669536020488e-01,5.558432379229444331e-01,3.359036315251177074e-01,-4.130164306619991121e-01,3.200825535213285278e-01,-1.292880345392085906e-01,9.385263784552113631e-01,-1.523182031202785502e-01,0.000000000000000000e+00,0.000000000000000000e+00,0.000000000000000000e+00,1.000000000000000000e+00
5.651580839735226292e-01,8.211125864721452450e-01,-7.981516432609046807e-02,3.028273172231015220e-01,-7.607254509325004355e-01,5.561278942292289251e-01,3.346917291534222683e-01,-4.129348009272570952e-01,3.192070306602297625e-01,-1.284363094969164787e-01,9.389414177571951958e-01,-1.524884955136061038e-01,0.000000000000000000e+00,0.000000000000000000e+00,0.000000000000000000e+00,1.000000000000000000e+00
5.650002849622094425e-01,8.212331834798396457e-01,-7.969150735298098642e-02,3.028660202420599967e-01,-7.606796589036399769e-01,5.558698161153261541e-01,3.352241102041370047e-01,-4.129506521417660725e-01,3.195952667403947345e-01,-1.287820091607579931e-01,9.387619823968451627e-01,-1.523723577085644987e-01,0.000000000000000000e+00,0.000000000000000000e+00,0.000000000000000000e+00,1.000000000000000000e+00
5.650688547086312186e-01,8.211531833824096127e-01,-8.002898761830427865e-02,3.028435452779142389e-01,-7.605938127569716878e-01,5.560552053096724512e-01,3.351114152693559500e-01,-4.129999572483726844e-01,3.196783405770376452e-01,-1.284914708023568997e-01,9.387735086254611616e-01,-1.522509748292657505e-01,0.000000000000000000e+00,0.000000000000000000e+00,0.000000000000000000e+00,1.000000000000000000e+00
5.650613437733257305e-01,8.211556581129685339e-01,-8.005662322469558889e-02,3.028271318407232959e-01,-7.605170376456086290e-01,5.560266234570222510e-01,3.353330127764500013e-01,-4.130229706617306595e-01,3.198742146904487993e-01,-1.285992968722625140e-01,9.386920195783750032e-01,-1.522474203894526035e-01,0.000000000000000000e+00,0.000000000000000000e+00,0.000000000000000000e+00,1.000000000000000000e+00
5.650449399349952717e-01,8.211876983986790002e-01,-7.984347094495494734e-02,3.028455028758157974e-01,-7.604691721130594217e-01,5.559006134653127207e-01,3.356503332555578201e-01,-4.130766209628635166e-01,3.200169591123814827e-01,-1.289390241454048402e-01,9.385967578960068280e-01,-1.521384443180264778e-01,0.000000000000000000e+00,0.000000000000000000e+00,0.000000000000000000e+00,1.000000000000000000e+00
5.650806135006954944e-01,8.211179616392373370e-01,-8.030686968810241133e-02,3.028791540177022124e-01,-7.603017146802558690e-01,5.560654446252807359e-01,3.357566439371706957e-01,-4.130508116137645014e-01,3.203516862760998896e-01,-1.286721196184828497e-01,9.385191967844592753e-01,-1.520821616401826226e-01,0.000000000000000000e+00,0.000000000000000000e+00,0.000000000000000000e+00,1.000000000000000000e+00
5.651247929612167598e-01,8.211286060988038926e-01,-7.988604776040168776e-02,3.028171468724629722e-01,-7.607347741485424031e-01,5.561206245847650775e-01,3.346826172848194614e-01,-4.129483865295759948e-01,3.192437497927061996e-01,-1.283653503001728757e-01,9.389386375374089155e-01,-1.524158956193224501e-01,0.000000000000000000e+00,0.000000000000000000e+00,0.000000000000000000e+00,1.000000000000000000e+00
5.650719351468562746e-01,8.211769739346087560e-01,-7.976268293498149642e-02,3.028438675582062478e-01,-7.605243630123937892e-01,5.559222060414923394e-01,3.354894843278303229e-01,-4.129754232948398829e-01,3.198380861842129996e-01,-1.289142284992616516e-01,9.386611317810386046e-01,-1.522569187072257968e-01,0.000000000000000000e+00,0.000000000000000000e+00,0.000000000000000000e+00,1.000000000000000000e+00
5.651349738134654466e-01,8.211359444502989158e-01,-7.973846063581638277e-02,3.028499878917972343e-01,-7.604340335807401319e-01,5.559514748395143480e-01,3.356457033776758525e-01,-4.130521563222354642e-01,3.199414664356273752e-01,-1.290492865361320962e-01,9.386073405314576679e-01,-1.520977288153275708e-01,0.000000000000000000e+00,0.000000000000000000e+00,0.000000000000000000e+00,1.000000000000000000e+00
5.650247763648497124e-01,8.211286968364895911e-01,-8.058948644494401403e-02,3.028508703912465294e-01,-7.604739774259688945e-01,5.561831046760552510e-01,3.351711260398650971e-01,-4.130339312382110828e-01,3.200411407175310918e-01,-1.280937832391268461e-01,9.387042403993437478e-01,-1.521473752856457029e-01,0.000000000000000000e+00,0.000000000000000000e+00,0.000000000000000000e+00,1.000000000000000000e+00
5.649457416708589808e-01,8.211793267572917721e-01,-8.062767685109369087e-02,3.028881593828946506e-01,-7.606689098172809693e-01,5.561820312308067837e-01,3.347302761528501147e-01,-4.129446443397298272e-01,3.197172479009421364e-01,-1.277734770694418376e-01,9.388582533866508539e-01,-1.522364942179752489e-01,0.000000000000000000e+00,0.000000000000000000e+00,0.000000000000000000e+00,1.000000000000000000e+00
5.649876712168140358e-01,8.212018101271048032e-01,-8.010317357613169764e-02,3.028693854315796519e-01,-7.607205432843513471e-01,5.560390901123377638e-01,3.348503924026443035e-01,-4.129071189957249643e-01,3.195202441132057869e-01,-1.282502136879707377e-01,9.388603177740697525e-01,-1.524015542326224715e-01,0.000000000000000000e+00,0.000000000000000000e+00,0.000000000000000000e+00,1.000000000000000000e+00
5.650830358905800654e-01,8.212013562180121573e-01,-7.943233028422924669e-02,3.028080370808554078e-01,-7.604546700999209596e-01,5.557723381320871514e-01,3.358955237725167464e-01,-4.130046464892944136e-01,3.199841515948965709e-01,-1.294041757938687587e-01,9.385439265240619333e-01,-1.523323810933951972e-01,0.000000000000000000e+00,0.000000000000000000e+00,0.000000000000000000e+00,1.000000000000000000e+00
5.649588567483236901e-01,8.211869111006073751e-01,-8.045835704680187606e-02,3.028724256588117836e-01,-7.606874203804681045e-01,5.561361134846309895e-01,3.347645019310124259e-01,-4.129569731943432132e-01,3.196500252722285218e-01,-1.279245102208843576e-01,9.388605759260587602e-01,-1.523763791111225618e-01,0.000000000000000000e+00,0.000000000000000000e+00,0.000000000000000000e+00,1.000000000000000000e+00
5.650168867047267174e-01,8.212444115427274260e-01,-7.945775134206459200e-02,3.028906257520328493e-01,-7.606498169971299683e-01,5.557822397974558903e-01,3.354369655061225641e-01,-4.130191029219763554e-01,3.196369403569158107e-01,-1.290880259186052703e-01,9.387057621660297446e-01,-1.521531181828283952e-01,0.000000000000000000e+00,0.000000000000000000e+00,0.000000000000000000e+00,1.000000000000000000e+00
5.651108527856093522e-01,8.211321986231321368e-01,-7.994771071308068300e-02,3.028165048215450961e-01,-7.608216232312725591e-01,5.561639402206073335e-01,3.344131116179812069e-01,-4.129156384383513845e-01,3.190614073930799766e-01,-1.281545316507762822e-01,9.390294107905871046e-01,-1.525774537509632101e-01,0.000000000000000000e+00,0.000000000000000000e+00,0.000000000000000000e+00,1.000000000000000000e+00
5.651112685051751239e-01,8.211324694273443026e-01,-7.994199059708012589e-02,3.028288289143841738e-01,-7.607055500388912872e-01,5.561154679186068872e-01,3.347576025749037232e-01,-4.130097620671963066e-01,3.193373143691482507e-01,-1.283629775044993482e-01,9.389071443213538037e-01,-1.523069037787319058e-01,0.000000000000000000e+00,0.000000000000000000e+00,0.000000000000000000e+00,1.000000000000000000e+00
5.651148934713935423e-01,8.211860408265961864e-01,-7.936399390375681318e-02,3.027898715594820045e-01,-7.607878499317201060e-01,5.559172949424227017e-01,3.348996992834870068e-01,-4.129419442407922802e-01,3.191347749354277452e-01,-1.288776456001561876e-01,9.389055053047002941e-01,-1.526145048822264982e-01,0.000000000000000000e+00,0.000000000000000000e+00,0.000000000000000000e+00,1.000000000000000000e+00
5.650463717578538825e-01,8.211330831746669334e-01,-8.039314323591834066e-02,3.028783772496819182e-01,-7.605043907665981484e-01,5.561410022244354101e-01,3.351719816296195864e-01,-4.130239262137990197e-01,3.199307259204885456e-01,-1.282483737162626314e-01,9.387207706507421090e-01,-1.521070046329080494e-01,0.000000000000000000e+00,0.000000000000000000e+00,0.000000000000000000e+00,1.000000000000000000e+00
5.651260086046216990e-01,8.211864129404190527e-01,-7.928095358064676801e-02,3.027965786565844364e-01,-7.606977534142095321e-01,5.558603441664570211e-01,3.351987555670850605e-01,-4.129671935995136711e-01,3.193298018494100665e-01,-1.291206915455287429e-01,9.388057970984312606e-01,-1.524315448205306733e-01,0.000000000000000000e+00,0.000000000000000000e+00,0.000000000000000000e+00,1.000000000000000000e+00
5.651310411940375644e-01,8.211912616704385437e-01,-7.919481065737130066e-02,3.028480194774075818e-01,-7.608509447147741023e-01,5.558931802378632714e-01,3.347963740718684633e-01,-4.129834022897203583e-01,3.189557119814272479e-01,-1.289483769620548559e-01,9.389566389739587571e-01,-1.523664399319446527e-01,0.000000000000000000e+00,0.000000000000000000e+00,0.000000000000000000e+00,1.000000000000000000e+00
5.651551589491663474e-01,8.212040143726111463e-01,-7.888987952488393796e-02,3.028262371443287138e-01,-7.608087602240058978e-01,5.557806841726768976e-01,3.350788884232517306e-01,-4.130444764748396613e-01,3.190135995213265740e-01,-1.293514510118046468e-01,9.388815289702887590e-01,-1.522222240640203061e-01,0.000000000000000000e+00,0.000000000000000000e+00,0.000000000000000000e+00,1.000000000000000000e+00
5.651149598566326260e-01,8.211738283294141016e-01,-7.948978433138552402e-02,3.027997967102949994e-01,-7.606852892729907278e-01,5.559272846724230277e-01,3.351160169857788640e-01,-4.129786745130573089e-01,3.193790425652606735e-01,-1.289123648978653947e-01,9.388176763070328334e-01,-1.524235162758376116e-01,0.000000000000000000e+00,0.000000000000000000e+00,0.000000000000000000e+00,1.000000000000000000e+00
5.651849377484263748e-01,8.210833463853205449e-01,-7.992574323077175635e-02,3.027770690409138377e-01,-7.605650860749678666e-01,5.561406620166710058e-01,3.350347950518509643e-01,-4.130122683636581193e-01,3.195414464292296586e-01,-1.285678900050194751e-01,9.388096514595346553e-01,-1.523385930362457508e-01,0.000000000000000000e+00,0.000000000000000000e+00,0.000000000000000000e+00,1.000000000000000000e+00
5.648363936277172037e-01,8.213584578975695605e-01,-7.956212713195430497e-02,3.028907900970233547e-01,-7.605097444547691543e-01,5.555518767744233033e-01,3.361354500818948265e-01,-4.130992944485361029e-01,3.202885839722930394e-01,-1.293537624212866000e-01,9.384470294718190164e-01,-1.520200551253121368e-01,0.000000000000000000e+00,0.000000000000000000e+00,0.000000000000000000e+00,1.000000000000000000e+00
5.649501916384576106e-01,8.212114503642192753e-01,-8.026851660748188233e-02,3.028688575932450555e-01,-7.602234587742405791e-01,5.558620728101603126e-01,3.362702019812677801e-01,-4.130683870960119575e-01,3.207671643061374978e-01,-1.289539057256026133e-01,9.383385937395476439e-01,-1.519632141452407215e-01,0.000000000000000000e+00,0.000000000000000000e+00,0.000000000000000000e+00,1.000000000000000000e+00
5.650466243769584063e-01,8.211154481689013629e-01,-8.057129177683979016e-02,3.028395967697470326e-01,-7.603819277973304924e-01,5.561649781129174297e-01,3.354099596014900597e-01,-4.130236563287167373e-01,3.202212300260862121e-01,-1.282573112888393263e-01,9.386204909022272114e-01,-1.522161170220319715e-01,0.000000000000000000e+00,0.000000000000000000e+00,0.000000000000000000e+00,1.000000000000000000e+00
5.650202573933321704e-01,8.211498310116565058e-01,-8.040562023080766174e-02,3.028693449362054868e-01,-7.605276148573536510e-01,5.561241281364179834e-01,3.351472827637038132e-01,-4.130020999363082090e-01,3.199216400535570548e-01,-1.282143093965614766e-01,9.387285204420952045e-01,-1.521280570056973147e-01,0.000000000000000000e+00,0.000000000000000000e+00,0.000000000000000000e+00,1.000000000000000000e+00
5.648921506038988571e-01,8.212808458424435409e-01,-7.996643319807816841e-02,3.029236487924700794e-01,-7.605846805755948070e-01,5.558142341196532499e-01,3.355316390799888415e-01,-4.129959223560205617e-01,3.200121901737849051e-01,-1.287179451448161316e-01,9.386287278460390127e-01,-1.522126287752860740e-01,0.000000000000000000e+00,0.000000000000000000e+00,0.000000000000000000e+00,1.000000000000000000e+00
5.650154871128583167e-01,8.212159910596994461e-01,-7.976086352626159115e-02,3.028861393955844528e-01,-7.605518321891420186e-01,5.558648547261353379e-01,3.355222404461907781e-01,-4.130008094571744337e-01,3.198724900274458327e-01,-1.289129912310156834e-01,9.386495782854821224e-01,-1.521589000101399858e-01,0.000000000000000000e+00,0.000000000000000000e+00,0.000000000000000000e+00,1.000000000000000000e+00
5.650135554113806524e-01,8.211182766574443015e-01,-8.077411677325625761e-02,3.028785541489787403e-01,-7.604101064841704005e-01,5.562194979043082466e-01,3.352556339687852716e-01,-4.129678070183582239e-01,3.202126670794324115e-01,-1.280025229836831979e-01,9.386581922892317520e-01,-1.522749243379666328e-01,0.000000000000000000e+00,0.000000000000000000e+00,0.000000000000000000e+00,1.000000000000000000e+00
5.650741438957042062e-01,8.211775728531638396e-01,-7.974086620751143217e-02,3.028358408203152830e-01,-7.603749031933690894e-01,5.558556609208992194e-01,3.359382247019015444e-01,-4.130667514931095630e-01,3.201893478774894830e-01,-1.291970513021777900e-01,9.385024791872480510e-01,-1.521123913176842812e-01,0.000000000000000000e+00,0.000000000000000000e+00,0.000000000000000000e+00,1.000000000000000000e+00
5.648945870413683013e-01,8.212558370360653059e-01,-8.020570843496141467e-02,3.029288600220489958e-01,-7.605322898595033854e-01,5.558938538621308600e-01,3.355184932598627157e-01,-4.130091354991120567e-01,3.201323813868610646e-01,-1.285335495989273491e-01,9.386130113178048351e-01,-1.521192010287675256e-01,0.000000000000000000e+00,0.000000000000000000e+00,0.000000000000000000e+00,1.000000000000000000e+00
5.649936181205186259e-01,8.211376713391448368e-01,-8.071639356916307517e-02,3.028880776597109858e-01,-7.606677060882484076e-01,5.562750108050715792e-01,3.345784710172782783e-01,-4.129834760117432890e-01,3.196354992761720748e-01,-1.276363469453115629e-01,9.389047398649813525e-01,-1.522453937411432090e-01,0.000000000000000000e+00,0.000000000000000000e+00,0.000000000000000000e+00,1.000000000000000000e+00
5.650543573347608373e-01,8.212399833858922138e-01,-7.923675249112574481e-02,3.028481819123490792e-01,-7.605741286244375177e-01,5.557062858035217712e-01,3.357342978988478444e-01,-4.130064201118840428e-01,3.197507906545004053e-01,-1.294427039535023805e-01,9.386181429468682946e-01,-1.522776534271494953e-01,0.000000000000000000e+00,0.000000000000000000e+00,0.000000000000000000e+00,1.000000000000000000e+00
5.650463888391035194e-01,8.211555764678766245e-01,-8.016294465398661473e-02,3.028715269048298242e-01,-7.605867195584419260e-01,5.560801011209701716e-01,3.350862025936309219e-01,-4.130366975946409003e-01,3.197349222265482571e-01,-1.283683776208187632e-01,9.387710791965111490e-01,-1.522054953649172315e-01,0.000000000000000000e+00,0.000000000000000000e+00,0.000000000000000000e+00,1.000000000000000000e+00
5.649527810526391303e-01,8.211772160365846673e-01,-8.059984518157042865e-02,3.029318066871212189e-01,-7.602472042873342772e-01,5.560103202203461326e-01,3.359712966635101106e-01,-4.131103004545509383e-01,3.207063197914580277e-01,-1.285321114386304420e-01,9.384172594187227823e-01,-1.519479265003680357e-01,0.000000000000000000e+00,0.000000000000000000e+00,0.000000000000000000e+00,1.000000000000000000e+00
5.648309998470346649e-01,8.211994020882954493e-01,-8.122489533157592478e-02,3.029155577313290548e-01,-7.602171716787368139e-01,5.561083022093051831e-01,3.358770728982055642e-01,-4.130604327115346419e-01,3.209918900791444152e-01,-1.279652227119166819e-01,9.383970951999522914e-01,-1.519850729245508791e-01,0.000000000000000000e+00,0.000000000000000000e+00,0.000000000000000000e+00,1.000000000000000000e+00
5.649733581081459732e-01,8.211896690810808197e-01,-8.032827660612398835e-02,3.028987572548544893e-01,-7.605101522236520362e-01,5.560293823361397436e-01,3.353440536876252098e-01,-4.129759482064518927e-01,3.200459545014787688e-01,-1.283699862639089695e-01,9.386648675825901567e-01,-1.522519693993142909e-01,0.000000000000000000e+00,0.000000000000000000e+00,0.000000000000000000e+00,1.000000000000000000e+00
5.648169840651311446e-01,8.212870659865821876e-01,-8.043214379040980466e-02,3.029661763459730595e-01,-7.607673711569936659e-01,5.559875603073282102e-01,3.348295682379057170e-01,-4.129510010671280096e-01,3.197104650999817999e-01,-1.279272763200124952e-01,9.388396191463677098e-01,-1.523446870137510345e-01,0.000000000000000000e+00,0.000000000000000000e+00,0.000000000000000000e+00,1.000000000000000000e+00
5.652126996061054287e-01,8.211430335004418213e-01,-7.911208970613033131e-02,3.028016085822953229e-01,-7.603723492303208209e-01,5.557635780360201672e-01,3.360963193112407321e-01,-4.130991982535774931e-01,3.199507692285509242e-01,-1.298112624632117573e-01,9.384990897213304484e-01,-1.521424845089978106e-01,0.000000000000000000e+00,0.000000000000000000e+00,0.000000000000000000e+00,1.000000000000000000e+00
5.651145583167606068e-01,8.211400856543427107e-01,-7.984043906462222340e-02,3.028371358108317701e-01,-7.608038695740138024e-01,5.561175526047071882e-01,3.345306259913400915e-01,-4.129734791224273227e-01,3.190971764520327825e-01,-1.283052119616727160e-01,9.389966797405678856e-01,-1.524032916367670243e-01,0.000000000000000000e+00,0.000000000000000000e+00,0.000000000000000000e+00,1.000000000000000000e+00
5.650594178639632981e-01,8.211671168641189178e-01,-7.995261386790063207e-02,3.028084605462932899e-01,-7.607154809444297561e-01,5.560616428739252326e-01,3.348244411267439213e-01,-4.129902935541222564e-01,3.194054027951375718e-01,-1.283745126784204271e-01,9.388824064598580987e-01,-1.523943568633314705e-01,0.000000000000000000e+00,0.000000000000000000e+00,0.000000000000000000e+00,1.000000000000000000e+00
5.648494921515949674e-01,8.212503319903018406e-01,-8.057880255938670855e-02,3.029808000048631045e-01,-7.605646968436677868e-01,5.560052126669980943e-01,3.352604143083791621e-01,-4.129637641325094033e-01,3.201349608074463560e-01,-1.280862822200155293e-01,9.386732717915587942e-01,-1.520525980626579177e-01,0.000000000000000000e+00,0.000000000000000000e+00,0.000000000000000000e+00,1.000000000000000000e+00
5.650808353185654553e-01,8.211610121031800436e-01,-7.986389520523813623e-02,3.027702869935662844e-01,-7.603459267926389042e-01,5.559023270232850145e-01,3.359265908199879913e-01,-4.130334661837782306e-01,3.202463444998478459e-01,-1.291014911291797906e-01,9.384961821034260021e-01,-1.522649777795148651e-01,0.000000000000000000e+00,0.000000000000000000e+00,0.000000000000000000e+00,1.000000000000000000e+00
5.649943094108367259e-01,8.212014734666599480e-01,-8.005979209040320344e-02,3.028367794119986023e-01,-7.605775911863001948e-01,5.559719286934221572e-01,3.352863586401356732e-01,-4.129703379341095326e-01,3.198486487678461887e-01,-1.285432008357627054e-01,9.387084144718635947e-01,-1.523491414850348669e-01,0.000000000000000000e+00,0.000000000000000000e+00,0.000000000000000000e+00,1.000000000000000000e+00
5.650037552580151612e-01,8.212557857743103540e-01,-7.943356265811883643e-02,3.028675888562829543e-01,-7.608609783510453806e-01,5.558418514762211160e-01,3.348587878049148481e-01,-4.129218190952904655e-01,3.191572154393995109e-01,-1.287585743929583471e-01,9.389142140543309534e-01,-1.522406509240359362e-01,0.000000000000000000e+00,0.000000000000000000e+00,0.000000000000000000e+00,1.000000000000000000e+00
5.649467244267356580e-01,8.213374034649841837e-01,-7.899410249442652410e-02,3.028768105657339005e-01,-7.609139767627194351e-01,5.556155940958962258e-01,3.351137591395022541e-01,-4.128966193930674322e-01,3.191318199845417647e-01,-1.292137038663558890e-01,9.388603198593984400e-01,-1.524725117281280351e-01,0.000000000000000000e+00,0.000000000000000000e+00,0.000000000000000000e+00,1.000000000000000000e+00
5.649762481797893088e-01,8.211729096854117893e-01,-8.047913637387005270e-02,3.028815454124951234e-01,-7.604056070604571227e-01,5.560525497581261245e-01,3.355426569879076393e-01,-4.130374245303089498e-01,3.202891689453565283e-01,-1.283768448992320121e-01,9.385809682440889867e-01,-1.521391862208631984e-01,0.000000000000000000e+00,0.000000000000000000e+00,0.000000000000000000e+00,1.000000000000000000e+00
5.648929241974414150e-01,8.212010577565310721e-01,-8.077627703242229451e-02,3.029172233944952830e-01,-7.604321949085069976e-01,5.560848429883615829e-01,3.354288662969246437e-01,-4.130284621992943994e-01,3.203730031358674180e-01,-1.280565115023998279e-01,9.385961158685569572e-01,-1.520604273974828224e-01,0.000000000000000000e+00,0.000000000000000000e+00,0.000000000000000000e+00,1.000000000000000000e+00
5.650213738052684009e-01,8.211656581079128658e-01,-8.023595881776245109e-02,3.028870689547313866e-01,-7.603973425111413276e-01,5.560038994185423356e-01,3.356419898245295297e-01,-4.130406268281821003e-01,3.202291814391706737e-01,-1.286336883385296448e-01,9.385662712772203653e-01,-1.521135808305849046e-01,0.000000000000000000e+00,0.000000000000000000e+00,0.000000000000000000e+00,1.000000000000000000e+00
5.650586000338257975e-01,8.211790404537845367e-01,-7.983584437591216554e-02,3.028519568413834961e-01,-7.606914263150174049e-01,5.560033665972317074e-01,3.349758353424454604e-01,-4.129713261051268236e-01,3.194641332898540687e-01,-1.285505342343871149e-01,9.388383394863124565e-01,-1.523753559631495502e-01,0.000000000000000000e+00,0.000000000000000000e+00,0.000000000000000000e+00,1.000000000000000000e+00
5.650502968414350402e-01,8.211637491379867315e-01,-8.005160298864816282e-02,3.028359608976914363e-01,-7.608671961040328613e-01,5.561519662957463694e-01,3.343293290726412348e-01,-4.129488807825533181e-01,3.190599817153408346e-01,-1.280042479256877641e-01,9.390503929932545457e-01,-1.524228845500517071e-01,0.000000000000000000e+00,0.000000000000000000e+00,0.000000000000000000e+00,1.000000000000000000e+00
5.651165212241262559e-01,8.211463565205103787e-01,-7.976201234066679358e-02,3.028206826378456729e-01,-7.605227831423329032e-01,5.559747556917452593e-01,3.354059739404537943e-01,-4.130459994659740897e-01,3.197630587810010860e-01,-1.288826295766621888e-01,9.386910322531173412e-01,-1.521416554925556497e-01,0.000000000000000000e+00,0.000000000000000000e+00,0.000000000000000000e+00,1.000000000000000000e+00
5.650359453180593405e-01,8.212096790254009848e-01,-7.968088587312008308e-02,3.028149782236344567e-01,-7.606072830506201976e-01,5.558790667274859931e-01,3.353729627512230804e-01,-4.129976889528342854e-01,3.197044595698989022e-01,-1.288919169272352283e-01,9.387097167292675071e-01,-1.523419386561473132e-01,0.000000000000000000e+00,0.000000000000000000e+00,0.000000000000000000e+00,1.000000000000000000e+00
5.649804306232367734e-01,8.212663830245945373e-01,-7.948988065459719476e-02,3.028589359125730684e-01,-7.607053226566078408e-01,5.557740425996404721e-01,3.353246570927334580e-01,-4.129773245484982813e-01,3.195692805866801045e-01,-1.289834938515511675e-01,9.387431668029113663e-01,-1.523246093767705034e-01,0.000000000000000000e+00,0.000000000000000000e+00,0.000000000000000000e+00,1.000000000000000000e+00
5.649919892398178600e-01,8.211750286003397514e-01,-8.034690098606472874e-02,3.028725413778935449e-01,-7.607117822719963174e-01,5.561401108996671949e-01,3.347024967953910468e-01,-4.129259527250197515e-01,3.195334668033950054e-01,-1.279833952188208501e-01,9.388922271170779821e-01,-1.524362748064911344e-01,0.000000000000000000e+00,0.000000000000000000e+00,0.000000000000000000e+00,1.000000000000000000e+00
5.650215203662567465e-01,8.211906448230016364e-01,-7.997878705123515064e-02,3.028444384193015315e-01,-7.605309137427515020e-01,5.559526888452315241e-01,3.354241151249758301e-01,-4.129836784642408332e-01,3.199115671003779360e-01,-1.286955034993073621e-01,9.386661049672777590e-01,-1.523350889243184625e-01,0.000000000000000000e+00,0.000000000000000000e+00,0.000000000000000000e+00,1.000000000000000000e+00
5.649965306720495795e-01,8.212011428999391738e-01,-8.004750607221707004e-02,3.028499392553420932e-01,-7.606665329088954097e-01,5.560053128716933024e-01,3.350291297347307573e-01,-4.129420468424642165e-01,3.196331429012146952e-01,-1.284008370622417572e-01,9.388012989982531531e-01,-1.524784134234173916e-01,0.000000000000000000e+00,0.000000000000000000e+00,0.000000000000000000e+00,1.000000000000000000e+00
5.649469287679371732e-01,8.212054022078409954e-01,-8.035331393497974206e-02,3.029296383681621685e-01,-7.606275669877733403e-01,5.560550223333468045e-01,3.350350973795455101e-01,-4.129842567903258543e-01,3.198134956719864141e-01,-1.281581036162726117e-01,9.387730441717768715e-01,-1.522119549473930356e-01,0.000000000000000000e+00,0.000000000000000000e+00,0.000000000000000000e+00,1.000000000000000000e+00
5.649297867387096383e-01,8.211899409211577128e-01,-8.063136477365275001e-02,3.029129105746717343e-01,-7.605961258521828361e-01,5.561353432550427689e-01,3.349731531350633729e-01,-4.129717079577489569e-01,3.199185355586744994e-01,-1.279084082947700152e-01,9.387713085163456039e-01,-1.522664833724718392e-01,0.000000000000000000e+00,0.000000000000000000e+00,0.000000000000000000e+00,1.000000000000000000e+00
5.650151580123682349e-01,8.211910570734133330e-01,-8.001949136872095469e-02,3.028935714483643182e-01,-7.606248188823834244e-01,5.559994420146709970e-01,3.351335634929992757e-01,-4.129839058017660269e-01,3.196994778169025553e-01,-1.284907322028511767e-01,9.387664116390057600e-01,-1.522178285425073163e-01,0.000000000000000000e+00,0.000000000000000000e+00,0.000000000000000000e+00,1.000000000000000000e+00
5.648895281953614234e-01,8.212239486312692405e-01,-8.056703500618885017e-02,3.029234422339704969e-01,-7.603338495203780800e-01,5.559558983467414173e-01,3.358652651986964166e-01,-4.130383556840856452e-01,3.206123176185610157e-01,-1.284689273246029384e-01,9.384580312956571913e-01,-1.520160488134065790e-01,0.000000000000000000e+00,0.000000000000000000e+00,0.000000000000000000e+00,1.000000000000000000e+00
5.648671302977992248e-01,8.212354536916839365e-01,-8.060679071234280735e-02,3.029042667661512866e-01,-7.604193611548490939e-01,5.559795900771602462e-01,3.356323741811628736e-01,-4.130004430091705481e-01,3.204489355419680718e-01,-1.282927317405282708e-01,9.385379346049751437e-01,-1.521374705047053855e-01,0.000000000000000000e+00,0.000000000000000000e+00,0.000000000000000000e+00,1.000000000000000000e+00
5.650479153120506748e-01,8.212564192466967894e-01,-7.911224461232012339e-02,3.028335857045805213e-01,-7.607668200916238854e-01,5.557256939100523319e-01,3.352652659848165961e-01,-4.129914460156892675e-01,3.193034588744452229e-01,-1.292549688572353084e-01,9.387962793793607208e-01,-1.523678703436004422e-01,0.000000000000000000e+00,0.000000000000000000e+00,0.000000000000000000e+00,1.000000000000000000e+00
5.649601651213518316e-01,8.212579787496971928e-01,-7.972041248022140869e-02,3.028396220164243369e-01,-7.608557989369693075e-01,5.559044358866410684e-01,3.347666521407731688e-01,-4.129282933930580879e-01,3.192467150184021829e-01,-1.284740849413497643e-01,9.389227574451701752e-01,-1.525164623426291666e-01,0.000000000000000000e+00,0.000000000000000000e+00,0.000000000000000000e+00,1.000000000000000000e+00
5.651316095597709310e-01,8.211984339399803767e-01,-7.911634452441626553e-02,3.028416273349284760e-01,-7.608615019466825613e-01,5.558661407052482017e-01,3.348172762461510965e-01,-4.129347140926106219e-01,3.189295200068832381e-01,-1.290192455100272750e-01,9.389558006403722068e-01,-1.525279670224841677e-01,0.000000000000000000e+00,0.000000000000000000e+00,0.000000000000000000e+00,1.000000000000000000e+00
5.651229938755827353e-01,8.211637143887214885e-01,-7.953713575693183158e-02,3.028482044169050758e-01,-7.606857657101798731e-01,5.559564366834452986e-01,3.350665700367075894e-01,-4.130416919271728271e-01,3.193636917982627388e-01,-1.288510561911105634e-01,9.388313148161493427e-01,-1.523289409355326196e-01,0.000000000000000000e+00,0.000000000000000000e+00,0.000000000000000000e+00,1.000000000000000000e+00
5.651896568551993960e-01,8.211701116593548289e-01,-7.899556633928908611e-02,3.027605733300494650e-01,-7.607207489751690588e-01,5.558295629426586171e-01,3.351976119211339533e-01,-4.130129579019061747e-01,3.191623315220014634e-01,-1.293566568690462937e-01,9.388302623270642355e-01,-1.521925457872979059e-01,0.000000000000000000e+00,0.000000000000000000e+00,0.000000000000000000e+00,1.000000000000000000e+00
5.650272305722260358e-01,8.212294289587284135e-01,-7.953900756233742153e-02,3.028360023027535375e-01,-7.606583250535848828e-01,5.558312658828001851e-01,3.353364227068077463e-01,-4.129683843112288422e-01,3.195984061890100314e-01,-1.289722019632328631e-01,9.387348027436714926e-01,-1.523769334890436866e-01,0.000000000000000000e+00,0.000000000000000000e+00,0.000000000000000000e+00,1.000000000000000000e+00
5.650346774016823392e-01,8.211700672743634799e-01,-8.009702832311778320e-02,3.028749324623012940e-01,-7.606742460438910003e-01,5.560743199018175487e-01,3.348970620224807626e-01,-4.130137933744741918e-01,3.195473435019215436e-01,-1.283007067725998041e-01,9.388441957548210315e-01,-1.522079305418206907e-01,0.000000000000000000e+00,0.000000000000000000e+00,0.000000000000000000e+00,1.000000000000000000e+00
5.650479167246885703e-01,8.212123005269933440e-01,-7.956889636191195880e-02,3.028298699236877112e-01,-7.605704899818579445e-01,5.558328346678432785e-01,3.355329934207167963e-01,-4.130312980041757065e-01,3.197708266459687310e-01,-1.290744644314796297e-01,9.386620270671870436e-01,-1.522530963631787415e-01,0.000000000000000000e+00,0.000000000000000000e+00,0.000000000000000000e+00,1.000000000000000000e+00
5.650392423248847829e-01,8.211687183041723737e-01,-8.007865328290060536e-02,3.028288222720412204e-01,-7.605400990453462517e-01,5.560184040886165802e-01,3.352943364550659555e-01,-4.129949061619657136e-01,3.198584255213784977e-01,-1.285514309272003386e-01,9.387039561169187030e-01,-1.523484490190512020e-01,0.000000000000000000e+00,0.000000000000000000e+00,0.000000000000000000e+00,1.000000000000000000e+00
5.650160720201440334e-01,8.211967144564056298e-01,-7.995495309817887697e-02,3.028966468964997549e-01,-7.605752994378056631e-01,5.559542805125933240e-01,3.353208193131124171e-01,-4.129659634232939469e-01,3.198156535318741334e-01,-1.286498898006881442e-01,9.387050407930336293e-01,-1.522503607635423695e-01,0.000000000000000000e+00,0.000000000000000000e+00,0.000000000000000000e+00,1.000000000000000000e+00
5.649786027703256330e-01,8.211950718684113415e-01,-8.023610378580041391e-02,3.028635940731517207e-01,-7.604695702690449366e-01,5.559817288341474262e-01,3.355150516704238361e-01,-4.129733006610031842e-01,3.201331146671727579e-01,-1.285417097351195248e-01,9.386116437333746898e-01,-1.523050596889128361e-01,0.000000000000000000e+00,0.000000000000000000e+00,0.000000000000000000e+00,1.000000000000000000e+00
5.650214777194901838e-01,8.211352016548181254e-01,-8.054632405631573233e-02,3.028606716959092449e-01,-7.606619381267649693e-01,5.562367516159303360e-01,3.346551837892126624e-01,-4.129505463305547242e-01,3.195999774732744547e-01,-1.278188435054048444e-01,9.388920053147877809e-01,-1.523847707261833939e-01,0.000000000000000000e+00,0.000000000000000000e+00,0.000000000000000000e+00,1.000000000000000000e+00
5.651225537123161224e-01,8.211239915001424805e-01,-7.994929561005900687e-02,3.028127167781566320e-01,-7.606695579267079843e-01,5.561175046752077078e-01,3.348359966273150023e-01,-4.129380487329031846e-01,3.194030728237556849e-01,-1.284083781405814251e-01,9.388785680236013675e-01,-1.525389594548676175e-01,0.000000000000000000e+00,0.000000000000000000e+00,0.000000000000000000e+00,1.000000000000000000e+00
5.650568978880929905e-01,8.211922431587032056e-01,-7.971199360863398531e-02,3.028382791295241572e-01,-7.604699326886984467e-01,5.558615125113812727e-01,3.357133604505578850e-01,-4.130093025188844025e-01,3.199940368593326978e-01,-1.290785756217395219e-01,9.385853917944446678e-01,-1.522878639177120963e-01,0.000000000000000000e+00,0.000000000000000000e+00,0.000000000000000000e+00,1.000000000000000000e+00
5.649855606165401500e-01,8.212036596572703795e-01,-8.009909899817881096e-02,3.028780280627020316e-01,-7.606001826617830863e-01,5.559865695068422209e-01,3.352108242030314988e-01,-4.130061443402638921e-01,3.198103788648457568e-01,-1.284658861080232028e-01,9.387320372059346774e-01,-1.522156710797126777e-01,0.000000000000000000e+00,0.000000000000000000e+00,0.000000000000000000e+00,1.000000000000000000e+00
5.651285779488756100e-01,8.211042004008062278e-01,-8.010981506428901944e-02,3.028017282952969458e-01,-7.607704295834560870e-01,5.562306523042246376e-01,3.344186222515436735e-01,-4.129077504409316424e-01,3.191520701121732806e-01,-1.280443420123266729e-01,9.390136328199634175e-01,-1.526759203982279711e-01,0.000000000000000000e+00,0.000000000000000000e+00,0.000000000000000000e+00,1.000000000000000000e+00
5.650396948825261445e-01,8.211535476776952169e-01,-8.023088148211532378e-02,3.028163351133782433e-01,-7.607731202076706278e-01,5.561745520570252621e-01,3.345057954858969285e-01,-4.130159567351854855e-01,3.193029952514495617e-01,-1.279715545756271444e-01,9.389722458320854948e-01,-1.523145364785372102e-01,0.000000000000000000e+00,0.000000000000000000e+00,0.000000000000000000e+00,1.000000000000000000e+00
