T00,T01,T02,T03,T10,T11,T12,T13,T20,T21,T22,T23,T30,T31,T32,T33
5.761802747111774980e-01,8.129711711702890531e-01,-8.422687148268484525e-02,1.299497546845687079e-01,-8.096584655750610482e-01,5.818179975330967091e-01,7.707779751144376579e-02,-4.554327184660982852e-01,1.116667370186379959e-01,2.378429298058228405e-02,9.934610446570233400e-01,-1.254625186470630371e-01,0.000000000000000000e+00,0.000000000000000000e+00,0.000000000000000000e+00,1.000000000000000000e+00
5.762368395321707526e-01,8.129743107248355027e-01,-8.380856082438167820e-02,1.299259419574226304e-01,-8.097324629617423941e-01,5.818103449896346868e-01,7.635483539994682156e-02,-4.553561869740446744e-01,1.108352073660983095e-01,2.386404333974110129e-02,9.935522453517948716e-01,-1.257573416543458222e-01,0.000000000000000000e+00,0.000000000000000000e+00,0.000000000000000000e+00,1.000000000000000000e+00
5.761058504973262107e-01,8.130383304503507880e-01,-8.408758672514549115e-02,1.299774539437898446e-01,-8.097433697283162868e-01,5.817239378667540262e-01,7.689561296867696016e-02,-4.553882462894079941e-01,1.114348428624732656e-01,2.378935331830847252e-02,9.934869613965313651e-01,-1.255968278210077838e-01,0.000000000000000000e+00,0.000000000000000000e+00,0.000000000000000000e+00,1.000000000000000000e+00
5.761944232824243173e-01,8.130068378854887756e-01,-8.378465330639850439e-02,1.300245402377813719e-01,-8.096699401467949420e-01,5.817855664456187403e-01,7.720196045591212752e-02,-4.554311943517065364e-01,1.115104237321344893e-01,2.335457614664482665e-02,9.934887967018504185e-01,-1.254704859796427208e-01,0.000000000000000000e+00,0.000000000000000000e+00,0.000000000000000000e+00,1.000000000000000000e+00
5.762861419342208968e-01,8.129965527282421167e-01,-8.325195413061474425e-02,1.300055874279839041e-01,-8.097244627242294879e-01,5.818013088042380820e-01,7.650837561753524863e-02,-4.554351331861891117e-01,1.106371415055956847e-01,2.332042721887061035e-02,9.935872284776009478e-01,-1.254332117528957902e-01,0.000000000000000000e+00,0.000000000000000000e+00,0.000000000000000000e+00,1.000000000000000000e+00
5.761813022030938258e-01,8.130831661502799790e-01,-8.313165410710507408e-02,1.299624078273438066e-01,-8.098653817795633536e-01,5.816716182024074255e-01,7.600126296868309206e-02,-4.553272489158765590e-01,1.101506712943194910e-01,2.353494212504166419e-02,9.936362192032764939e-01,-1.258864904093306425e-01,0.000000000000000000e+00,0.000000000000000000e+00,0.000000000000000000e+00,1.000000000000000000e+00
5.761750454279181977e-01,8.129963735379354128e-01,-8.401912663377475443e-02,1.300085797260126519e-01,-8.099584271996688178e-01,5.817279537874577855e-01,7.456496489971935204e-02,-4.552517860451086862e-01,1.094973206721303605e-01,2.508952762455507468e-02,9.936703942299989212e-01,-1.261069238993113295e-01,0.000000000000000000e+00,0.000000000000000000e+00,0.000000000000000000e+00,1.000000000000000000e+00
5.761901211759673513e-01,8.130736368693642913e-01,-8.316372578985244124e-02,1.299813833219815029e-01,-8.097243577329060749e-01,5.817116698552169396e-01,7.718806674796503675e-02,-4.554654279274704676e-01,1.111368919542795736e-01,2.286469291901514767e-02,9.935420459469556098e-01,-1.253770146400681185e-01,0.000000000000000000e+00,0.000000000000000000e+00,0.000000000000000000e+00,1.000000000000000000e+00
5.761665688259223206e-01,8.131378699015517908e-01,-8.269757855784358458e-02,1.300197071108352698e-01,-8.099632395495600656e-01,5.815978126766333522e-01,7.552175096048664715e-02,-4.552466072088781068e-01,1.095063265101414579e-01,2.346889050898582144e-02,9.937089994724470632e-01,-1.261248921861395367e-01,0.000000000000000000e+00,0.000000000000000000e+00,0.000000000000000000e+00,1.000000000000000000e+00
5.760803430241704381e-01,8.130186223465216688e-01,-8.445210535515609851e-02,1.300230157761668170e-01,-8.097814721406408900e-01,5.817286205895783047e-01,7.645769656930179181e-02,-4.552716228150133215e-01,1.112897378867027942e-01,2.434197413339348956e-02,9.934898401777436661e-01,-1.260784510979890971e-01,0.000000000000000000e+00,0.000000000000000000e+00,0.000000000000000000e+00,1.000000000000000000e+00
5.762873289072530936e-01,8.130415523376350873e-01,-8.280307188355059966e-02,1.299675666945372954e-01,-8.097313669878622999e-01,5.817585629447907802e-01,7.675993588050963878e-02,-4.554866256941799696e-01,1.105804135320154757e-01,2.281246617139073493e-02,9.936053359006622454e-01,-1.254585423429515068e-01,0.000000000000000000e+00,0.000000000000000000e+00,0.000000000000000000e+00,1.000000000000000000e+00
5.761891333087184597e-01,8.130767442182789129e-01,-8.314018684337537435e-02,1.299770057997591821e-01,-8.098202831515874944e-01,5.816886096454600974e-01,7.635096859250868617e-02,-4.553048778211009617e-01,1.104408966516958190e-01,2.333601123017936887e-02,9.936086950739886348e-01,-1.259709233232486625e-01,0.000000000000000000e+00,0.000000000000000000e+00,0.000000000000000000e+00,1.000000000000000000e+00
5.761262552823855909e-01,8.129326857320677835e-01,-8.496461877006669661e-02,1.299777927962388335e-01,-8.098733579150672046e-01,5.817939738518113080e-01,7.497276925051803154e-02,-4.552733449230546570e-01,1.103797178546354896e-01,2.561680031083611933e-02,9.935593074538460190e-01,-1.260880171566227670e-01,0.000000000000000000e+00,0.000000000000000000e+00,0.000000000000000000e+00,1.000000000000000000e+00
5.760895608771618992e-01,8.129957214760276107e-01,-8.460954266530676393e-02,1.299458195644570546e-01,-8.098336453307345417e-01,5.817395352014709253e-01,7.581939114705951721e-02,-4.553565447712025205e-01,1.108615566312013689e-01,2.484089461452839570e-02,9.935253621403214996e-01,-1.257791280397615452e-01,0.000000000000000000e+00,0.000000000000000000e+00,0.000000000000000000e+00,1.000000000000000000e+00
5.763021212057424236e-01,8.129673911175743228e-01,-8.342593165944778288e-02,1.299569823181951911e-01,-8.098208848013170869e-01,5.818102827994605653e-01,7.541173229958039737e-02,-4.553639596703105141e-01,1.098453441588385648e-01,2.410012050378044363e-02,9.936564721060944239e-01,-1.256273447122386866e-01,0.000000000000000000e+00,0.000000000000000000e+00,0.000000000000000000e+00,1.000000000000000000e+00
5.761989150759120326e-01,8.131384325953397996e-01,-8.246635496816974442e-02,1.299281782824016074e-01,-8.097818792556924494e-01,5.816412505980078640e-01,7.711526199076870758e-02,-4.554422086308022033e-01,1.106712171002981054e-01,2.234602960661586160e-02,9.936058256000511735e-01,-1.254359861391938225e-01,0.000000000000000000e+00,0.000000000000000000e+00,0.000000000000000000e+00,1.000000000000000000e+00
5.762603740736290669e-01,8.130638895071334860e-01,-8.277132868362882534e-02,1.298792249101672347e-01,-8.097696460978863753e-01,5.817247973867748501e-01,7.661188134891339097e-02,-4.553643208043676172e-01,1.104404886399246444e-01,2.287731813058463057e-02,9.936194074111712737e-01,-1.257821812750032908e-01,0.000000000000000000e+00,0.000000000000000000e+00,0.000000000000000000e+00,1.000000000000000000e+00
5.762322817236577022e-01,8.130356215487934968e-01,-8.324323151052195890e-02,1.299371641091620622e-01,-8.099122366999389477e-01,5.817147014674718397e-01,7.516764556850459578e-02,-4.552895226726000333e-01,1.095377850024794597e-01,2.410568790508308204e-02,9.936902885041060118e-01,-1.259219610589361604e-01,0.000000000000000000e+00,0.000000000000000000e+00,0.000000000000000000e+00,1.000000000000000000e+00
5.761062642185128535e-01,8.130670606119371202e-01,-8.380648707620276527e-02,1.299552508241540449e-01,-8.099450258633035249e-01,5.816539875752460009e-01,7.528408740967824919e-02,-4.551523704061610776e-01,1.099573890535858883e-01,2.450701298975795431e-02,9.936341272857118767e-01,-1.264377995038614699e-01,0.000000000000000000e+00,0.000000000000000000e+00,0.000000000000000000e+00,1.000000000000000000e+00
5.762595899988478543e-01,8.130373277855192926e-01,-8.303727212367954802e-02,1.298839533346979325e-01,-8.097641025251590685e-01,5.817503259540699467e-01,7.647650955657717131e-02,-4.552810144907151746e-01,1.104852170925306049e-01,2.317028009575264683e-02,9.936076463696829064e-01,-1.260251759344572786e-01,0.000000000000000000e+00,0.000000000000000000e+00,0.000000000000000000e+00,1.000000000000000000e+00
5.761908086559129893e-01,8.130487074141538040e-01,-8.340234644552377286e-02,1.299535760495222902e-01,-8.098941030273391073e-01,5.816986224170310749e-01,7.548678400667513388e-02,-4.553346454523132802e-01,1.098894621971877594e-01,2.405227744523246933e-02,9.936527532532231088e-01,-1.258198943724944119e-01,0.000000000000000000e+00,0.000000000000000000e+00,0.000000000000000000e+00,1.000000000000000000e+00
5.761918411887079206e-01,8.131069451142921567e-01,-8.282546682313544906e-02,1.299477552358959120e-01,-8.099881983409041863e-01,5.816255156377725388e-01,7.503917715134809929e-02,-4.552141553700437826e-01,1.091882809463682186e-01,2.385068900469492284e-02,9.937349062692617530e-01,-1.262492555814191952e-01,0.000000000000000000e+00,0.000000000000000000e+00,0.000000000000000000e+00,1.000000000000000000e+00
5.762758797863131166e-01,8.130788386443987825e-01,-8.251613493848782011e-02,1.298033453635664691e-01,-8.098527345266666178e-01,5.816966506369452006e-01,7.594442058137199081e-02,-4.552906134156911033e-01,1.097481606050482866e-01,2.306097973711385141e-02,9.936918699764898388e-01,-1.261191115922177808e-01,0.000000000000000000e+00,0.000000000000000000e+00,0.000000000000000000e+00,1.000000000000000000e+00
5.762886930444495182e-01,8.130936041721485985e-01,-8.228081868494920015e-02,1.299081105213124032e-01,-8.098752703930915953e-01,5.816808000316293636e-01,7.582541315601439014e-02,-4.552395778373620194e-01,1.095143309107846769e-01,2.293987203340322814e-02,9.937204705530897630e-01,-1.262572559818724294e-01,0.000000000000000000e+00,0.000000000000000000e+00,0.000000000000000000e+00,1.000000000000000000e+00
5.763169589363570378e-01,8.130735734430887263e-01,-8.228078154001636224e-02,1.298100892175828025e-01,-8.099479885611899910e-01,5.816892136382909584e-01,7.497942759550449421e-02,-4.552314891029025645e-01,1.088256342413502775e-01,2.343123781094901686e-02,9.937846640125892472e-01,-1.264183172011055234e-01,0.000000000000000000e+00,0.000000000000000000e+00,0.000000000000000000e+00,1.000000000000000000e+00
5.763584836423165658e-01,8.129966889187753010e-01,-8.274830596838599062e-02,1.298331742550906109e-01,-8.097934381745700572e-01,5.818006315207902013e-01,7.578002805105521489e-02,-4.552545529245726752e-01,1.097519285613623302e-01,2.333257313538218691e-02,9.936851137095411568e-01,-1.262718701663554377e-01,0.000000000000000000e+00,0.000000000000000000e+00,0.000000000000000000e+00,1.000000000000000000e+00
5.762677953504307116e-01,8.129679308428314766e-01,-8.365746507681917632e-02,1.299170777687637668e-01,-8.098041579072110530e-01,5.818066570846596175e-01,7.561904262926176512e-02,-4.552437421911245119e-01,1.101483267151476264e-01,2.416934407671054649e-02,9.936212502401278179e-01,-1.262420846304044275e-01,0.000000000000000000e+00,0.000000000000000000e+00,0.000000000000000000e+00,1.000000000000000000e+00
5.762052952931079330e-01,8.130943532358684278e-01,-8.285547907125620504e-02,1.299097197012888949e-01,-8.099174449853870916e-01,5.816549414245808514e-01,7.557288815911494817e-02,-4.552480290641353067e-01,1.096411874457992874e-01,2.356059957455619927e-02,9.936919583870862382e-01,-1.262152928958322207e-01,0.000000000000000000e+00,0.000000000000000000e+00,0.000000000000000000e+00,1.000000000000000000e+00
5.760823295269648092e-01,8.130960270978969673e-01,-8.368990574974928542e-02,1.299967362391579728e-01,-8.098721683741479938e-01,5.816390317885652417e-01,7.617813067420513284e-02,-4.552982349959506236e-01,1.106174511537010713e-01,2.389325046277189848e-02,9.935758109387436976e-01,-1.259846692274639857e-01,0.000000000000000000e+00,0.000000000000000000e+00,0.000000000000000000e+00,1.000000000000000000e+00
5.760546708019924633e-01,8.130435791207039076e-01,-8.438693440221461950e-02,1.300306539990291887e-01,-8.097802818756408838e-01,5.817011730102379374e-01,7.667881326625095029e-02,-4.553211557631917650e-01,1.114311955092270323e-01,2.416368699326893604e-02,9.934783364010890683e-01,-1.257625138196878378e-01,0.000000000000000000e+00,0.000000000000000000e+00,0.000000000000000000e+00,1.000000000000000000e+00
5.762239223438521130e-01,8.131999319592995157e-01,-8.168146656407052064e-02,1.298851251218798297e-01,-8.098531518795750728e-01,5.815739813213509635e-01,7.687377082432733655e-02,-4.554064961280478441e-01,1.100175609136310462e-01,2.185348739730234510e-02,9.936893686556136362e-01,-1.256376497206743714e-01,0.000000000000000000e+00,0.000000000000000000e+00,0.000000000000000000e+00,1.000000000000000000e+00
5.762858329192971363e-01,8.130323889063231224e-01,-8.290339779399494291e-02,1.299017163146146681e-01,-8.098302269411008503e-01,5.817459631027973588e-01,7.580658247226251811e-02,-4.552880970610645450e-01,1.098619238364096917e-01,2.345141792890608270e-02,9.936701609126072920e-01,-1.260258326899381665e-01,0.000000000000000000e+00,0.000000000000000000e+00,0.000000000000000000e+00,1.000000000000000000e+00
5.763180622964021449e-01,8.131074323545058880e-01,-8.193774783811950957e-02,1.299175235465685474e-01,-8.098398268591190385e-01,5.816809686987644001e-01,7.620174201722385021e-02,-4.553060211878256491e-01,1.096218313280377804e-01,2.244001121947207522e-02,9.937200309910018126e-01,-1.260441649071522008e-01,0.000000000000000000e+00,0.000000000000000000e+00,0.000000000000000000e+00,1.000000000000000000e+00
5.761148651436365231e-01,8.130124318128671979e-01,-8.427602196507015531e-02,1.299563214687968760e-01,-8.098753735555225264e-01,5.817202915745753877e-01,7.552073674622936106e-02,-4.552725922660649793e-01,1.104243699046172505e-01,2.474445570463263203e-02,9.935764542515332920e-01,-1.261360437579943650e-01,0.000000000000000000e+00,0.000000000000000000e+00,0.000000000000000000e+00,1.000000000000000000e+00
5.762870997990044986e-01,8.130184985553018384e-01,-8.303071487187872746e-02,1.299195529779981206e-01,-8.098957332258239772e-01,5.817446796100675943e-01,7.511344119387061702e-02,-4.553681355188896607e-01,1.093712938016985908e-01,2.395931451988577571e-02,9.937121672495914382e-01,-1.257488734912228789e-01,0.000000000000000000e+00,0.000000000000000000e+00,0.000000000000000000e+00,1.000000000000000000e+00
5.761655205343265695e-01,8.130047604448076282e-01,-8.400328827783858088e-02,1.300006245657495674e-01,-8.099430951426480618e-01,5.817220671524652165e-01,7.477713031810098721e-02,-4.552496592329516867e-01,1.096607294256065485e-01,2.495387909612086647e-02,9.936557896675791701e-01,-1.260949942476454755e-01,0.000000000000000000e+00,0.000000000000000000e+00,0.000000000000000000e+00,1.000000000000000000e+00
5.761791842188260793e-01,8.129823924702160864e-01,-8.412596035904543190e-02,1.299512681113902390e-01,-8.098393713607551225e-01,5.817681810605904724e-01,7.553791167002776863e-02,-4.552754562810559236e-01,1.103527990897602284e-01,2.460514252865881810e-02,9.935878656134038422e-01,-1.259894315235534634e-01,0.000000000000000000e+00,0.000000000000000000e+00,0.000000000000000000e+00,1.000000000000000000e+00
5.761149521849064925e-01,8.130738458702122529e-01,-8.368084028501182603e-02,1.299479841857454909e-01,-8.099827137667772181e-01,5.816412171955273047e-01,7.497664875354831393e-02,-4.552425972012611455e-01,1.096337779518263555e-01,2.458486569270309369e-02,9.936679622041166837e-01,-1.261624715223479409e-01,0.000000000000000000e+00,0.000000000000000000e+00,0.000000000000000000e+00,1.000000000000000000e+00
5.761032488193515988e-01,8.130584363713654339e-01,-8.391082019107454215e-02,1.299132272355038031e-01,-8.098308844397944517e-01,5.816862715750702462e-01,7.625627887954121442e-02,-4.553952230676288071e-01,1.108105830110508172e-01,2.402208372402823630e-02,9.935511834758726790e-01,-1.255959589387363184e-01,0.000000000000000000e+00,0.000000000000000000e+00,0.000000000000000000e+00,1.000000000000000000e+00
5.763239216072673088e-01,8.131080718327176049e-01,-8.189017586805533155e-02,1.298431438544302985e-01,-8.099835515249534934e-01,5.816514587709855633e-01,7.488809497248434532e-02,-4.552048996160254490e-01,1.085236547589691070e-01,2.316989490837085067e-02,9.938238135241534987e-01,-1.264224062403864757e-01,0.000000000000000000e+00,0.000000000000000000e+00,0.000000000000000000e+00,1.000000000000000000e+00
5.763828495017596643e-01,8.130956126207730117e-01,-8.159862460287903296e-02,1.299022025963851856e-01,-8.099799163956348247e-01,5.816751272299152120e-01,7.474343715526018950e-02,-4.551669836285519577e-01,1.082374511708042997e-01,2.301241184473417495e-02,9.938586836493084054e-01,-1.265192985748571086e-01,0.000000000000000000e+00,0.000000000000000000e+00,0.000000000000000000e+00,1.000000000000000000e+00
5.759871335131204750e-01,8.130722027637107274e-01,-8.457195232644117155e-02,1.300314106946195425e-01,-8.098029980666885397e-01,5.816569255496443214e-01,7.677450932658672067e-02,-4.552396920700590432e-01,1.116150811921998026e-01,2.426549099240809734e-02,9.934552126781337478e-01,-1.261893357751779909e-01,0.000000000000000000e+00,0.000000000000000000e+00,0.000000000000000000e+00,1.000000000000000000e+00
5.762704796680934161e-01,8.128696117536162724e-01,-8.458917513861410886e-02,1.299259909429502091e-01,-8.098737993818243552e-01,5.818790129766606700e-01,7.430506935705061267e-02,-4.552631691798466607e-01,1.096209986177578977e-01,2.568673869592545678e-02,9.936414987897864703e-01,-1.260145777466568084e-01,0.000000000000000000e+00,0.000000000000000000e+00,0.000000000000000000e+00,1.000000000000000000e+00
5.762406059375930756e-01,8.132036186082186591e-01,-8.152692040776823856e-02,1.298754515366987161e-01,-8.098926414469526103e-01,5.815657700362335536e-01,7.651904633645495446e-02,-4.552538940249639676e-01,1.096388316188815770e-01,2.193467129139733268e-02,9.937294384270725089e-01,-1.260679775688884341e-01,0.000000000000000000e+00,0.000000000000000000e+00,0.000000000000000000e+00,1.000000000000000000e+00
5.763235827075358086e-01,8.130285673326963503e-01,-8.267815138289986987e-02,1.299548382428851179e-01,-8.100035179576606792e-01,5.817190261530903461e-01,7.414361407238090340e-02,-4.551839523324487935e-01,1.083763300327344609e-01,2.423888018130549576e-02,9.938143930212484101e-01,-1.262447315711814344e-01,0.000000000000000000e+00,0.000000000000000000e+00,0.000000000000000000e+00,1.000000000000000000e+00
5.763500061787139028e-01,8.129689943377206296e-01,-8.307878563936584027e-02,1.299345707348008583e-01,-8.099007311513243268e-01,5.818007261281602505e-01,7.462386184924829635e-02,-4.552347031515080467e-01,1.090021837320091919e-01,2.427610599459279275e-02,9.937450350162221335e-01,-1.261700256357101146e-01,0.000000000000000000e+00,0.000000000000000000e+00,0.000000000000000000e+00,1.000000000000000000e+00
5.763475097450262430e-01,8.131126305709267532e-01,-8.167862643761000796e-02,1.298171223935606911e-01,-8.098436366685147769e-01,5.816809452523902246e-01,7.616142119078789241e-02,-4.553110633975390731e-01,1.094387141656077145e-01,2.225147043037050548e-02,9.937444540250098823e-01,-1.259468128569951606e-01,0.000000000000000000e+00,0.000000000000000000e+00,0.000000000000000000e+00,1.000000000000000000e+00
5.763940900891141306e-01,8.131070302612642964e-01,-8.140522249862232329e-02,1.298621889491465287e-01,-8.099115211943231918e-01,5.816811126414737076e-01,7.543481313607897087e-02,-4.553291262546926288e-01,1.086884572852159087e-01,2.245084710840894796e-02,9.938223074157046533e-01,-1.258459511408818177e-01,0.000000000000000000e+00,0.000000000000000000e+00,0.000000000000000000e+00,1.000000000000000000e+00
5.762921224666965880e-01,8.130376421729279546e-01,-8.280810342421934811e-02,1.299368624022457785e-01,-8.099142992744809977e-01,5.817242799251416407e-01,7.507123268138174432e-02,-4.552589616296586761e-01,1.092072223507065121e-01,2.380450704093062947e-02,9.937339322127336505e-01,-1.261028929847300972e-01,0.000000000000000000e+00,0.000000000000000000e+00,0.000000000000000000e+00,1.000000000000000000e+00
5.762064182348803909e-01,8.130164938489072846e-01,-8.360827898336196939e-02,1.299437783569765137e-01,-8.097790503295876352e-01,5.817559090511928988e-01,7.627550020374367079e-02,-4.553278263473526377e-01,1.106528500863907943e-01,2.375379998336504470e-02,9.935752129326238524e-01,-1.258187676634652252e-01,0.000000000000000000e+00,0.000000000000000000e+00,0.000000000000000000e+00,1.000000000000000000e+00
5.763649078690317173e-01,8.131333730834914286e-01,-8.134869731585119002e-02,1.298470791422109416e-01,-8.097984642990726512e-01,5.816738218744323952e-01,7.669427726274366530e-02,-4.553689494467417775e-01,1.096810840390728264e-01,2.167216011048315322e-02,9.937305355478210922e-01,-1.258167195674748662e-01,0.000000000000000000e+00,0.000000000000000000e+00,0.000000000000000000e+00,1.000000000000000000e+00
5.763734701782623482e-01,8.129934842282462437e-01,-8.267537406679149881e-02,1.299145649867556318e-01,-8.099435287619631829e-01,5.817738863975214780e-01,7.436817412403537442e-02,-4.551097488046673689e-01,1.085592146769985694e-01,2.409854162268088018e-02,9.937978452383429140e-01,-1.267046794140138655e-01,0.000000000000000000e+00,0.000000000000000000e+00,0.000000000000000000e+00,1.000000000000000000e+00
5.762090041082383873e-01,8.130735203401229239e-01,-8.303393346284490550e-02,1.299792400548399063e-01,-8.100486129698536431e-01,5.816456170075917642e-01,7.422682023011893671e-02,-4.551011499279506434e-01,1.086481854897199950e-01,2.449136046809055611e-02,9.937785191138988061e-01,-1.266310462170985307e-01,0.000000000000000000e+00,0.000000000000000000e+00,0.000000000000000000e+00,1.000000000000000000e+00
5.762713328751226660e-01,8.129858049044177415e-01,-8.345916324913509043e-02,1.299610812430965767e-01,-8.098918373100273405e-01,5.817718671109695094e-01,7.494468958375091749e-02,-4.552187445345703409e-01,1.094831620155260060e-01,2.440441890585905854e-02,9.936890165302973976e-01,-1.262440073349413439e-01,0.000000000000000000e+00,0.000000000000000000e+00,0.000000000000000000e+00,1.000000000000000000e+00
5.761308538330396356e-01,8.131763791113530981e-01,-8.256764328089910565e-02,1.298815349572168820e-01,-8.097988665439979084e-01,5.815894780002558440e-01,7.732706397792647735e-02,-4.553723329109088946e-01,1.109010144483316418e-01,2.231267654807636558e-02,9.935809526453251994e-01,-1.257613253083746940e-01,0.000000000000000000e+00,0.000000000000000000e+00,0.000000000000000000e+00,1.000000000000000000e+00
5.762066530641930528e-01,8.130202172104787905e-01,-8.357044556292891890e-02,1.299494635491133532e-01,-8.097780139075312356e-01,5.817527789016290196e-01,7.631036910018386410e-02,-4.552288641432348237e-01,1.106592118015245207e-01,2.370296705600588236e-02,9.935757184010723941e-01,-1.262034702714154299e-01,0.000000000000000000e+00,0.000000000000000000e+00,0.000000000000000000e+00,1.000000000000000000e+00
5.763392235955064891e-01,8.130847278691653024e-01,-8.201417347784734080e-02,1.298517233213696276e-01,-8.098870103469293369e-01,5.816962744716976941e-01,7.558091516421475142e-02,-4.551852758823119460e-01,1.091610270043373299e-01,2.286196779966684009e-02,9.937611386101217192e-01,-1.264500778172346074e-01,0.000000000000000000e+00,0.000000000000000000e+00,0.000000000000000000e+00,1.000000000000000000e+00
5.763053439527862087e-01,8.130534638759686628e-01,-8.256037433751024779e-02,1.298675247549295753e-01,-8.098211331600356777e-01,5.817323413697312873e-01,7.600799492083828990e-02,-4.552458279869663893e-01,1.098266034203759095e-01,2.305532224410395542e-02,9.936833345172716436e-01,-1.263294934295264849e-01,0.000000000000000000e+00,0.000000000000000000e+00,0.000000000000000000e+00,1.000000000000000000e+00
5.762524652531745284e-01,8.129584576821266007e-01,-8.385488878256865120e-02,1.299524482950736304e-01,-8.099658486582773653e-01,5.817756081506478827e-01,7.411117168295494606e-02,-4.551447526280807399e-01,1.090340327462741704e-01,2.521285077181463150e-02,9.937182155214036028e-01,-1.265621345740410852e-01,0.000000000000000000e+00,0.000000000000000000e+00,0.000000000000000000e+00,1.000000000000000000e+00
5.758547976732699691e-01,8.130633352926517343e-01,-8.555270188291193290e-02,1.301379480141799383e-01,-8.100032245004500364e-01,5.815928529064540164e-01,7.513008549845716366e-02,-4.551239055947164380e-01,1.108423578581357732e-01,2.603394420599485989e-02,9.934969579488043268e-01,-1.263647304896775569e-01,0.000000000000000000e+00,0.000000000000000000e+00,0.000000000000000000e+00,1.000000000000000000e+00
5.763176671196628131e-01,8.131422711230736899e-01,-8.159407747232289010e-02,1.299019064055211281e-01,-8.099068230102007826e-01,5.816347768113301342e-01,7.584144279454152482e-02,-4.552526370908606124e-01,1.091278360789450508e-01,2.237483667971770090e-02,9.937758711481594620e-01,-1.261790697672346973e-01,0.000000000000000000e+00,0.000000000000000000e+00,0.000000000000000000e+00,1.000000000000000000e+00
5.762424519532984846e-01,8.131293689818110959e-01,-8.225123625874933286e-02,1.299321772645451456e-01,-8.098640074489169560e-01,5.816411977499372776e-01,7.624832141627402304e-02,-4.552702014792348040e-01,1.098404570530892299e-01,2.267479612390143826e-02,9.936905592864955228e-01,-1.261358787913047230e-01,0.000000000000000000e+00,0.000000000000000000e+00,0.000000000000000000e+00,1.000000000000000000e+00
5.763185844001722513e-01,8.130853374553839163e-01,-8.215304796564837364e-02,1.298662734757870529e-01,-8.097759799406725190e-01,5.817146662802942236e-01,7.662185944970005547e-02,-4.553643043032539195e-01,1.100897433283644922e-01,2.236696334933588673e-02,9.936699489088036685e-01,-1.258367786041669767e-01,0.000000000000000000e+00,0.000000000000000000e+00,0.000000000000000000e+00,1.000000000000000000e+00
5.763087346138342504e-01,8.129795000898224488e-01,-8.326208525795900095e-02,1.298555625049856999e-01,-8.097260399351117188e-01,5.818210123015716828e-01,7.634166552660741345e-02,-4.552882778445652701e-01,1.105078398069712087e-01,2.342310991471510326e-02,9.935992025274175132e-01,-1.261091603721034016e-01,0.000000000000000000e+00,0.000000000000000000e+00,0.000000000000000000e+00,1.000000000000000000e+00
5.762601337385901967e-01,8.131080801740659947e-01,-8.233776909308812564e-02,1.298996287400281391e-01,-8.100088231053645949e-01,5.816334872708579518e-01,7.475421711584472051e-02,-4.551977075032815345e-01,1.086736617356953427e-01,2.361644428751327740e-02,9.937969102408048538e-01,-1.263715189989078613e-01,0.000000000000000000e+00,0.000000000000000000e+00,0.000000000000000000e+00,1.000000000000000000e+00
5.762257930137170137e-01,8.130685177480317938e-01,-8.296638423320291944e-02,1.298987848178626558e-01,-8.098840764158546923e-01,5.816896930595742976e-01,7.566296158819159345e-02,-4.551534439351874184e-01,1.097798626058117261e-01,2.359420342534837567e-02,9.936758502303315588e-01,-1.265435992867689485e-01,0.000000000000000000e+00,0.000000000000000000e+00,0.000000000000000000e+00,1.000000000000000000e+00
5.762135428067074461e-01,8.130374176895974747e-01,-8.335532690100737330e-02,1.298891909714893211e-01,-8.097491748865143224e-01,5.817444765455705991e-01,7.667879615206084354e-02,-4.553439705516090785e-01,1.108342314303300408e-01,2.331354639155410260e-02,9.935654239645705932e-01,-1.258592336982446991e-01,0.000000000000000000e+00,0.000000000000000000e+00,0.000000000000000000e+00,1.000000000000000000e+00
5.762127468505937600e-01,8.129421510918911631e-01,-8.428481087943869021e-02,1.299328021617473516e-01,-8.098122025373727384e-01,5.818170704772054336e-01,7.545258857648361184e-02,-4.552275324850561522e-01,1.103769314144183306e-01,2.477812501808080228e-02,9.935808862554298404e-01,-1.261528666315130387e-01,0.000000000000000000e+00,0.000000000000000000e+00,0.000000000000000000e+00,1.000000000000000000e+00
5.763175537433496975e-01,8.129941844130764705e-01,-8.305741001137603718e-02,1.298761660010372410e-01,-8.098692460913298197e-01,5.817785117537801476e-01,7.513699153557980293e-02,-4.551405795326111114e-01,1.094069535392628023e-01,2.396287487079144449e-02,9.937081559216389692e-01,-1.265190807629754666e-01,0.000000000000000000e+00,0.000000000000000000e+00,0.000000000000000000e+00,1.000000000000000000e+00
5.762179830621396714e-01,8.129649223330612795e-01,-8.402898935367347777e-02,1.299274486155123087e-01,-8.099525795743252043e-01,5.817659140611567414e-01,7.433195865496702859e-02,-4.552404660565810834e-01,1.093144767937746231e-01,2.522808539280786688e-02,9.936870175617255052e-01,-1.261716270472987844e-01,0.000000000000000000e+00,0.000000000000000000e+00,0.000000000000000000e+00,1.000000000000000000e+00
5.763002121846829695e-01,8.130005883556039592e-01,-8.311503335336621612e-02,1.298534769944004186e-01,-8.097737024845268472e-01,5.817899100576870985e-01,7.607267130559729196e-02,-4.553463685037423270e-01,1.102026143083296578e-01,2.346367167580892463e-02,9.936321451679687167e-01,-1.257849305654772376e-01,0.000000000000000000e+00,0.000000000000000000e+00,0.000000000000000000e+00,1.000000000000000000e+00
5.762081698897765225e-01,8.131290321222058859e-01,-8.249437600393734471e-02,1.298221592020054049e-01,-8.096718306343103633e-01,5.816737154100047880e-01,7.802060931834238489e-02,-4.555154074093672456e-01,1.114256327312486833e-01,2.183725992713575828e-02,9.935328190096769374e-01,-1.252797255885069738e-01,0.000000000000000000e+00,0.000000000000000000e+00,0.000000000000000000e+00,1.000000000000000000e+00
5.763060431915787429e-01,8.130857115097049892e-01,-8.223728059477086738e-02,1.297946484514155840e-01,-8.097142646451229719e-01,5.817243862840756341e-01,7.719810899642223778e-02,-4.554112370897740458e-01,1.106081109642241267e-01,2.209896244560921597e-02,9.936183782759624439e-01,-1.256183095512719561e-01,0.000000000000000000e+00,0.000000000000000000e+00,0.000000000000000000e+00,1.000000000000000000e+00
5.762915624472904064e-01,8.131401848407571187e-01,-8.179899051455420678e-02,1.299124202838005115e-01,-8.100077295391248100e-01,5.816106031601742110e-01,7.494387485665923720e-02,-4.552262255983673400e-01,1.085150364646896987e-01,2.306829184828809720e-02,9.938271181509736873e-01,-1.262703835754503956e-01,0.000000000000000000e+00,0.000000000000000000e+00,0.000000000000000000e+00,1.000000000000000000e+00
5.761674824514283477e-01,8.131056324376183531e-01,-8.300760605994909891e-02,1.299106003043389301e-01,-8.099494013522071656e-01,5.816303412470290590e-01,7.541958227188613750e-02,-4.552019061307536751e-01,1.096038293801101099e-01,2.377764999080459254e-02,9.936909096626226345e-01,-1.263862500725443372e-01,0.000000000000000000e+00,0.000000000000000000e+00,0.000000000000000000e+00,1.000000000000000000e+00
5.761726037435539460e-01,8.129742484047839390e-01,-8.424964169686534332e-02,1.299813739687283309e-01,-8.098232627394998939e-01,5.817777678905877714e-01,7.563671009633043951e-02,-4.552823947465087784e-01,1.105052660343588816e-01,2.464751952879023350e-02,9.935698696919876838e-01,-1.259780264538719052e-01,0.000000000000000000e+00,0.000000000000000000e+00,0.000000000000000000e+00,1.000000000000000000e+00
5.763007453923469914e-01,8.130495052618694762e-01,-8.263142775999129941e-02,1.298853157784095047e-01,-8.099947565319735032e-01,5.816975930587975352e-01,7.440701996660344097e-02,-4.551777341664874355e-01,1.085630934108558210e-01,2.405020214116670996e-02,9.937985925357485373e-01,-1.264395611136988062e-01,0.000000000000000000e+00,0.000000000000000000e+00,0.000000000000000000e+00,1.000000000000000000e+00
5.763049288208798027e-01,8.130089872969152864e-01,-8.300009392287074905e-02,1.298774283816647168e-01,-8.098632615139356172e-01,5.817639098178311041e-01,7.531434712909514106e-02,-4.552633356631217709e-01,1.095177002441704572e-01,2.381469730891487210e-02,9.936995187305432964e-01,-1.261010895920533503e-01,0.000000000000000000e+00,0.000000000000000000e+00,0.000000000000000000e+00,1.000000000000000000e+00
5.763146371493466091e-01,8.130326674200503145e-01,-8.270018570266318703e-02,1.298525178160329641e-01,-8.098488131880074992e-01,5.817473630080660651e-01,7.559699340011713509e-02,-4.553190065046064383e-01,1.095734401458348384e-01,2.340699342075955661e-02,9.937030612177905065e-01,-1.259297727535892975e-01,0.000000000000000000e+00,0.000000000000000000e+00,0.000000000000000000e+00,1.000000000000000000e+00
5.761500254759798212e-01,8.130593946298534380e-01,-8.357971612876147205e-02,1.299000650394168122e-01,-8.098206339340781046e-01,5.816967961290556710e-01,7.628484926772764740e-02,-4.553031585736894149e-01,1.106421664585247600e-01,2.373306085039135482e-02,9.935768982942568828e-01,-1.259272717160990762e-01,0.000000000000000000e+00,0.000000000000000000e+00,0.000000000000000000e+00,1.000000000000000000e+00
5.762372978993213213e-01,8.131843690751278109e-01,-8.174202347370075616e-02,1.298572701116663675e-01,-8.098939457816868304e-01,5.815829104899827851e-01,7.637483101238712324e-02,-4.552719313693395775e-01,1.096465826912029068e-01,2.219234367719954276e-02,9.937228621634174308e-01,-1.260854871266234856e-01,0.000000000000000000e+00,0.000000000000000000e+00,0.000000000000000000e+00,1.000000000000000000e+00
5.763440706457778617e-01,8.130686027143053662e-01,-8.213987771881664512e-02,1.298611736995907706e-01,-8.098726666654073592e-01,5.817150698851422108e-01,7.558995473465121573e-02,-4.553224556182010052e-01,1.092418235828988837e-01,2.295701959600953204e-02,9.937500687957468992e-01,-1.259248655475830869e-01,0.000000000000000000e+00,0.000000000000000000e+00,0.000000000000000000e+00,1.000000000000000000e+00
5.762465149245432627e-01,8.130687698700822530e-01,-8.281986174384371735e-02,1.298615314825884437e-01,-8.098543255678980479e-01,5.816998651909879303e-01,7.590282073646309469e-02,-4.553491607819210030e-01,1.098905154973955772e-01,2.333328735385789207e-02,9.936697803118392791e-01,-1.258499939884480945e-01,0.000000000000000000e+00,0.000000000000000000e+00,0.000000000000000000e+00,1.000000000000000000e+00
5.762694308707363433e-01,8.130847535100172996e-01,-8.250288875834735358e-02,1.299183983682502541e-01,-8.097611443284048471e-01,5.817089046023918852e-01,7.682212859741401056e-02,-4.553625906460254669e-01,1.104555665408944454e-01,2.253738928624815854e-02,9.936254998259104187e-01,-1.256972092559003329e-01,0.000000000000000000e+00,0.000000000000000000e+00,0.000000000000000000e+00,1.000000000000000000e+00
5.761907950947181556e-01,8.130251123231684307e-01,-8.363213724410084593e-02,1.299254963032346888e-01,-8.098370289110081721e-01,5.817324586364674976e-01,7.583754461585578976e-02,-4.552895517329491049e-01,1.103093570496526954e-01,2.403150641699919321e-02,9.936067292679846563e-01,-1.259961998616718759e-01,0.000000000000000000e+00,0.000000000000000000e+00,0.000000000000000000e+00,1.000000000000000000e+00
5.762730958064397058e-01,8.130145026508671657e-01,-8.316692569180093864e-02,1.299232256250004158e-01,-8.098744958602420718e-01,5.817501700492272443e-01,7.529967199672402134e-02,-4.552261715947467646e-01,1.096020985418666299e-01,2.396159692213188294e-02,9.936866819416272367e-01,-1.261765935658465398e-01,0.000000000000000000e+00,0.000000000000000000e+00,0.000000000000000000e+00,1.000000000000000000e+00
5.762435861982498908e-01,8.130623716315789062e-01,-8.290301081512481407e-02,1.299636948040450157e-01,-8.098855286746912130e-01,5.816984732159591331e-01,7.557986968458105248e-02,-4.552322422332581997e-01,1.096757029095153796e-01,2.358953359129163305e-02,9.936874629863503561e-01,-1.261274437804968951e-01,0.000000000000000000e+00,0.000000000000000000e+00,0.000000000000000000e+00,1.000000000000000000e+00
5.760339102154712343e-01,8.131234017144202131e-01,-8.375719590724282904e-02,1.300264860433099634e-01,-8.099249320218349091e-01,5.815931657928027354e-01,7.596705860128949439e-02,-4.552956568578796492e-01,1.104832058337405359e-01,2.407743938784452989e-02,9.935863013051378090e-01,-1.258784272030302187e-01,0.000000000000000000e+00,0.000000000000000000e+00,0.000000000000000000e+00,1.000000000000000000e+00
5.762888318156733636e-01,8.130379532575722212e-01,-8.282794750121687255e-02,1.298293440467830351e-01,-8.099004543555801128e-01,5.817263604219397033e-01,7.520435908156164473e-02,-4.552483850152376776e-01,1.093271986248227773e-01,2.374296007201608105e-02,9.937222124355815644e-01,-1.262266872817912056e-01,0.000000000000000000e+00,0.000000000000000000e+00,0.000000000000000000e+00,1.000000000000000000e+00
5.761947902430514246e-01,8.129819607140946758e-01,-8.402318281422116453e-02,1.299682857534685820e-01,-8.097808451595429613e-01,5.817846071418865117e-01,7.603718633311561115e-02,-4.553778306826905542e-01,1.107002552366618542e-01,2.422813336241343499e-02,9.935584789252773774e-01,-1.255507712183436819e-01,0.000000000000000000e+00,0.000000000000000000e+00,0.000000000000000000e+00,1.000000000000000000e+00
5.763131584555487574e-01,8.130863595990081016e-01,-8.218099065490908073e-02,1.299049856169977035e-01,-8.099032072225773593e-01,5.816863236012275173e-01,7.548387818515371606e-02,-4.552607233967645439e-01,1.091784700459424995e-01,2.305629565477967935e-02,9.937547327731862667e-01,-1.261424282849035183e-01,0.000000000000000000e+00,0.000000000000000000e+00,0.000000000000000000e+00,1.000000000000000000e+00
5.762957809406293874e-01,8.130215397540323519e-01,-8.294063398607814941e-02,1.299154883364344037e-01,-8.100343779596208549e-01,5.817127442738914134e-01,7.385519394672558635e-02,-4.551052277050030570e-01,1.082934873092574191e-01,2.462232818643954671e-02,9.938139974668696031e-01,-1.266638252244360885e-01,0.000000000000000000e+00,0.000000000000000000e+00,0.000000000000000000e+00,1.000000000000000000e+00
5.761718585807534820e-01,8.130880978096979295e-01,-8.314886998515172434e-02,1.299912020235188259e-01,-8.099818534130245329e-01,5.816399794762654452e-01,7.499554264388876013e-02,-4.552414877296533380e-01,1.093406901441638934e-01,2.413875462937026262e-02,9.937111924516807138e-01,-1.260030127248452647e-01,0.000000000000000000e+00,0.000000000000000000e+00,0.000000000000000000e+00,1.000000000000000000e+00
5.762538439513195110e-01,8.131671025157954924e-01,-8.179713147411681040e-02,1.299534897736775441e-01,-8.099411374628430194e-01,5.815924738980102759e-01,7.579939413074657240e-02,-4.552638952089456126e-01,1.092101697495443807e-01,2.257116947032007659e-02,9.937623866558935593e-01,-1.259511021052164281e-01,0.000000000000000000e+00,0.000000000000000000e+00,0.000000000000000000e+00,1.000000000000000000e+00
5.762501482975666001e-01,8.132806983418726654e-01,-8.068625838139183160e-02,1.298592724528945253e-01,-8.098728088956871352e-01,5.814983387365455503e-01,7.723804411070978038e-02,-4.553245398176293257e-01,1.097351356605654055e-01,2.083717234161048398e-02,9.937424275185012812e-01,-1.257464274082360500e-01,0.000000000000000000e+00,0.000000000000000000e+00,0.000000000000000000e+00,1.000000000000000000e+00
5.762944787256303325e-01,8.130747148605226293e-01,-8.242682721562089032e-02,1.299407197880543818e-01,-8.098638455396085511e-01,5.817017060187172905e-01,7.578704970317198808e-02,-4.553265871100647955e-01,1.095683598405635395e-01,2.307884896162865074e-02,9.937112967318300072e-01,-1.258439666374862043e-01,0.000000000000000000e+00,0.000000000000000000e+00,0.000000000000000000e+00,1.000000000000000000e+00
5.761770001087107573e-01,8.130680505783921541e-01,-8.330912119557970508e-02,1.299919019975131484e-01,-8.099430155292471900e-01,5.816676566908873802e-01,7.520005821222228160e-02,-4.552673634271496295e-01,1.096009860408031500e-01,2.414709689352069824e-02,9.936823142083683891e-01,-1.259076180643670106e-01,0.000000000000000000e+00,0.000000000000000000e+00,0.000000000000000000e+00,1.000000000000000000e+00
5.762904706634935925e-01,8.131089941323437209e-01,-8.211611951095373896e-02,1.298934161537134147e-01,-8.098912540410028171e-01,5.816636076927136356e-01,7.578656948159570583e-02,-4.552219259770350357e-01,1.093866996043886264e-01,2.283004921118683000e-02,9.937370571749217785e-01,-1.262459975837815218e-01,0.000000000000000000e+00,0.000000000000000000e+00,0.000000000000000000e+00,1.000000000000000000e+00
5.761851027182903762e-01,8.131876175255779993e-01,-8.207695235928037791e-02,1.299353479304462544e-01,-8.099819054656890449e-01,5.815518126843201019e-01,7.567563664584094074e-02,-4.552474949662304038e-01,1.092704910929068046e-01,2.287767179273061599e-02,9.937487468719944372e-01,-1.262016622647867958e-01,0.000000000000000000e+00,0.000000000000000000e+00,0.000000000000000000e+00,1.000000000000000000e+00
5.761218013802864579e-01,8.130654413398212821e-01,-8.371533953353726965e-02,1.299435546926566709e-01,-8.098348486080986230e-01,5.816826911653936172e-01,7.624148987581223780e-02,-4.553004071770759831e-01,1.106850846059753979e-01,2.387121483014789658e-02,9.935688084618503613e-01,-1.258980663734530214e-01,0.000000000000000000e+00,0.000000000000000000e+00,0.000000000000000000e+00,1.000000000000000000e+00
5.762067347595156708e-01,8.130320344799897292e-01,-8.345483645125610639e-02,1.299229706561467190e-01,-8.099727910361760319e-01,5.816993345059773279e-01,7.463217815641076669e-02,-4.551766178021702802e-01,1.092239744691805431e-01,2.459258312239560873e-02,9.937129003170501740e-01,-1.264089416076363825e-01,0.000000000000000000e+00,0.000000000000000000e+00,0.000000000000000000e+00,1.000000000000000000e+00
5.762685198844847978e-01,8.131400018794712192e-01,-8.196298148309932863e-02,1.298935795964719642e-01,-8.098228568677385830e-01,5.816446511222967963e-01,7.665794358966418476e-02,-4.553623819056927813e-01,1.100069701642565068e-01,2.219993613223695053e-02,9.936828615564450295e-01,-1.258361345130578623e-01,0.000000000000000000e+00,0.000000000000000000e+00,0.000000000000000000e+00,1.000000000000000000e+00
5.762239701545224246e-01,8.130655095603639415e-01,-8.300851391698252368e-02,1.299523909595523552e-01,-8.097891583071145094e-01,5.817122342114344757e-01,7.650095200058845690e-02,-4.553748142086386785e-01,1.104873536094302666e-01,2.313771233477803640e-02,9.936081677202024398e-01,-1.256278155714296574e-01,0.000000000000000000e+00,0.000000000000000000e+00,0.000000000000000000e+00,1.000000000000000000e+00
5.761412640367851168e-01,8.130280599413077791e-01,-8.394413393542760060e-02,1.299107674970837456e-01,-8.097769723120220586e-01,5.817330376125622315e-01,7.647174683003091222e-02,-4.553862470461284007e-01,1.110067519895549248e-01,2.391749773983039423e-02,9.935318084060494881e-01,-1.256492020970869650e-01,0.000000000000000000e+00,0.000000000000000000e+00,0.000000000000000000e+00,1.000000000000000000e+00
5.761397561733974104e-01,8.129863224204597616e-01,-8.435769623285457874e-02,1.299468786441571599e-01,-8.098158857951428535e-01,5.817619918948651048e-01,7.583677142618235056e-02,-4.552892128516255466e-01,1.107303592981004337e-01,2.462162349998835154e-02,9.935454509915178090e-01,-1.259877866649612432e-01,0.000000000000000000e+00,0.000000000000000000e+00,0.000000000000000000e+00,1.000000000000000000e+00
5.762015950927250607e-01,8.129885540600522154e-01,-8.391264970160847159e-02,1.299618385547718913e-01,-8.098006771776972146e-01,5.817756469815046350e-01,7.589439914640996876e-02,-4.553140748321209408e-01,1.105196138933819405e-01,2.422204670537206686e-02,9.935787373923923305e-01,-1.258331172461852887e-01,0.000000000000000000e+00,0.000000000000000000e+00,0.000000000000000000e+00,1.000000000000000000e+00
5.760917418960932457e-01,8.131849680232152711e-01,-8.275574119181892951e-02,1.299071451092022600e-01,-8.099329704500339844e-01,5.815464766742648450e-01,7.623830300926882908e-02,-4.552018042385972962e-01,1.101221517094061048e-01,2.310634650547228885e-02,9.936494394171716538e-01,-1.263474523049754605e-01,0.000000000000000000e+00,0.000000000000000000e+00,0.000000000000000000e+00,1.000000000000000000e+00
5.762808776488249629e-01,8.130812870196272302e-01,-8.245708432152155931e-02,1.299288318793376806e-01,-8.098777716597663767e-01,5.816900927186365866e-01,7.572734647665413377e-02,-4.553729930498712219e-01,1.095369573601134988e-01,2.313993801829244620e-02,9.937133380612329647e-01,-1.257193254291730788e-01,0.000000000000000000e+00,0.000000000000000000e+00,0.000000000000000000e+00,1.000000000000000000e+00
5.763205896644932880e-01,8.131323983930153210e-01,-8.167178590182504194e-02,1.298663004107327712e-01,-8.098501937374412707e-01,5.816560693642400803e-01,7.628158804830434403e-02,-4.553657872270177598e-01,1.095319206085589997e-01,2.217926183093311271e-02,9.937357992507038773e-01,-1.258150918800020612e-01,0.000000000000000000e+00,0.000000000000000000e+00,0.000000000000000000e+00,1.000000000000000000e+00
5.761556886145984269e-01,8.130860069494608711e-01,-8.328125707516247089e-02,1.299436380913597811e-01,-8.098829074638168590e-01,5.816602514843737248e-01,7.590143635722543247e-02,-4.552610750506338455e-01,1.101557927436988410e-01,2.371702228603982110e-02,9.936313220600943019e-01,-1.261398165712193098e-01,0.000000000000000000e+00,0.000000000000000000e+00,0.000000000000000000e+00,1.000000000000000000e+00
5.761923983717648357e-01,8.131211501783059958e-01,-8.268201250152468207e-02,1.299488522556707659e-01,-8.099339403058125608e-01,5.816244093375430024e-01,7.563107035772176356e-02,-4.552746679881564118e-01,1.095870996025257449e-01,2.338892035693495436e-02,9.937019804776697773e-01,-1.259823493895040336e-01,0.000000000000000000e+00,0.000000000000000000e+00,0.000000000000000000e+00,1.000000000000000000e+00
5.763975477497452760e-01,8.131601443176366129e-01,-8.084829399190056332e-02,1.298450856569565715e-01,-8.099321723367296499e-01,5.816281050584883872e-01,7.562158170772650956e-02,-4.552633924490205874e-01,1.085160963267035178e-01,2.189354012928803120e-02,9.938535756028757939e-01,-1.262008662402451797e-01,0.000000000000000000e+00,0.000000000000000000e+00,0.000000000000000000e+00,1.000000000000000000e+00
5.761236862675238601e-01,8.130414382439176135e-01,-8.393520012355715210e-02,1.299517995553691185e-01,-8.098976511545331602e-01,5.816910452495239747e-01,7.550710251947378993e-02,-4.552403818229978638e-01,1.102147575231638421e-01,2.447749118635552876e-02,9.936063403830170948e-01,-1.260798130921831905e-01,0.000000000000000000e+00,0.000000000000000000e+00,0.000000000000000000e+00,1.000000000000000000e+00
5.762816321584732782e-01,8.131141667589666389e-01,-8.212692769511052704e-02,1.299876687520545304e-01,-8.099561383945069748e-01,5.816434733390316580e-01,7.524575602095978644e-02,-4.552710687657716138e-01,1.089519816883787878e-01,2.315646212137963122e-02,9.937772607321002649e-01,-1.260923935478279745e-01,0.000000000000000000e+00,0.000000000000000000e+00,0.000000000000000000e+00,1.000000000000000000e+00
5.762956214841032931e-01,8.131031407148768819e-01,-8.213792801047620218e-02,1.298750432637701402e-01,-8.099613346516144619e-01,5.816551860089338444e-01,7.509914086251701093e-02,-4.552263491395903139e-01,1.088392990956234818e-01,2.324923974059706772e-02,9.937874419733112585e-01,-1.262180746244196961e-01,0.000000000000000000e+00,0.000000000000000000e+00,0.000000000000000000e+00,1.000000000000000000e+00
5.762813187978254037e-01,8.131400673647500854e-01,-8.187229354726302533e-02,1.299497143857272219e-01,-8.099648017664627941e-01,5.816177973477026919e-01,7.535089719320986479e-02,-4.551932847971343898e-01,1.088892166564446595e-01,2.289036160607220080e-02,9.937903047632783426e-01,-1.263490045341131296e-01,0.000000000000000000e+00,0.000000000000000000e+00,0.000000000000000000e+00,1.000000000000000000e+00
5.761653032865877710e-01,8.132116321918481106e-01,-8.197795164887371200e-02,1.299643607277255475e-01,-8.099951385033015150e-01,5.815230670375718391e-01,7.575485531788350713e-02,-4.553090217559107034e-01,1.092767994118241520e-01,2.275442311038649440e-02,9.937508829375809594e-01,-1.259925964842900648e-01,0.000000000000000000e+00,0.000000000000000000e+00,0.000000000000000000e+00,1.000000000000000000e+00
5.762117868649330177e-01,8.131471515220692892e-01,-8.229025853323142237e-02,1.299768799911337758e-01,-8.101167875487674808e-01,5.815648697821864666e-01,7.411540168476328516e-02,-4.550624134618163064e-01,1.081238512521004308e-01,2.395855185050926872e-02,9.938486909905552835e-01,-1.268208439843421242e-01,0.000000000000000000e+00,0.000000000000000000e+00,0.000000000000000000e+00,1.000000000000000000e+00
5.761701189493372288e-01,8.132633112411792320e-01,-8.142960529770210121e-02,1.299177194278421932e-01,-8.099408607599626331e-01,5.814868443653231633e-01,7.660843231309028001e-02,-4.552677514642108347e-01,1.096530715544141443e-01,2.181367504780936870e-02,9.937305306166209773e-01,-1.261524900423129925e-01,0.000000000000000000e+00,0.000000000000000000e+00,0.000000000000000000e+00,1.000000000000000000e+00
5.762381832030284423e-01,8.130656477766475820e-01,-8.290843518251851674e-02,1.299357033000237971e-01,-8.099609769022368955e-01,5.816780326043878846e-01,7.492584521420565802e-02,-4.553468972273325699e-01,1.091456463375767155e-01,2.397746423268329666e-02,9.937365390758876593e-01,-1.258601430661856480e-01,0.000000000000000000e+00,0.000000000000000000e+00,0.000000000000000000e+00,1.000000000000000000e+00
5.762065183032486493e-01,8.131434895705306198e-01,-8.236330271369962652e-02,1.299644772935164561e-01,-8.099730218901409762e-01,5.815983882320048259e-01,7.541232403319314548e-02,-4.552731391312911935e-01,1.092234044287266892e-01,2.325898052354511553e-02,9.937450718116815906e-01,-1.261205419570037289e-01,0.000000000000000000e+00,0.000000000000000000e+00,0.000000000000000000e+00,1.000000000000000000e+00
5.762714696305861750e-01,8.129678989944726375e-01,-8.363246076923445960e-02,1.299212011929584687e-01,-8.099071244898010669e-01,5.817844989240555931e-01,7.468096485951272734e-02,-4.552640827574123694e-01,1.093692963791329104e-01,2.469801644259521020e-02,9.936943015803878509e-01,-1.260783479319853573e-01,0.000000000000000000e+00,0.000000000000000000e+00,0.000000000000000000e+00,1.000000000000000000e+00
5.762902664801230479e-01,8.130631249096275104e-01,-8.257047700274071367e-02,1.299127194260404350e-01,-8.100022075532805621e-01,5.816815841529562325e-01,7.445104711231032013e-02,-4.551918365344983508e-01,1.085631268851483949e-01,2.397685487086985423e-02,9.938003611950543270e-01,-1.263233617933221531e-01,0.000000000000000000e+00,0.000000000000000000e+00,0.000000000000000000e+00,1.000000000000000000e+00
5.762634758090391385e-01,8.131632809223300340e-01,-8.176726122426301868e-02,1.298668690250666113e-01,-8.100024291803199494e-01,5.815850684790074832e-01,7.519888858386869490e-02,-4.552473573468465151e-01,1.087035931810253070e-01,2.289730730675797188e-02,9.938104659076770764e-01,-1.261308218204397757e-01,0.000000000000000000e+00,0.000000000000000000e+00,0.000000000000000000e+00,1.000000000000000000e+00
5.762776133827891556e-01,8.130233169036971130e-01,-8.304937377697174661e-02,1.299334206074890252e-01,-8.099145979145589980e-01,5.817343004189894362e-01,7.499031804791408962e-02,-4.552459114473955126e-01,1.092815464693601135e-01,2.404765865816373832e-02,9.937199070735804884e-01,-1.261558699414833118e-01,0.000000000000000000e+00,0.000000000000000000e+00,0.000000000000000000e+00,1.000000000000000000e+00
5.762248683746391542e-01,8.131275397367969671e-01,-8.239238549898819652e-02,1.299281342464039812e-01,-8.099344765058786866e-01,5.816247641022138648e-01,7.562259946730598426e-02,-4.552756579795014802e-01,1.094122700330193987e-01,2.315681119299710031e-02,9.937266813674643373e-01,-1.260940475541125760e-01,0.000000000000000000e+00,0.000000000000000000e+00,0.000000000000000000e+00,1.000000000000000000e+00
5.761375767980556617e-01,8.131552152848815496e-01,-8.272900613607460374e-02,1.299894833656641824e-01,-8.099170438472154121e-01,5.815860821671614556e-01,7.610526338723018480e-02,-4.553104404264864957e-01,1.099994303942184587e-01,2.315653006065110722e-02,9.936618642317405214e-01,-1.259447905658916955e-01,0.000000000000000000e+00,0.000000000000000000e+00,0.000000000000000000e+00,1.000000000000000000e+00
5.761042204500705921e-01,8.130685066040910236e-01,-8.380650779151804786e-02,1.299265595273330631e-01,-8.097215558633825694e-01,5.817005153730663292e-01,7.730143843999294495e-02,-4.553749028400497778e-01,1.116016538846960893e-01,2.332625094828342724e-02,9.934792181353861995e-01,-1.257282880646841683e-01,0.000000000000000000e+00,0.000000000000000000e+00,0.000000000000000000e+00,1.000000000000000000e+00
5.763369834074069109e-01,8.130264150186048422e-01,-8.260587169715009892e-02,1.299322005324442530e-01,-8.098994753349877396e-01,5.817465420540246512e-01,7.505864813795283530e-02,-4.552356827600060329e-01,1.090803438249181440e-01,2.364337730064544271e-02,9.937517141121605668e-01,-1.262128540153197864e-01,0.000000000000000000e+00,0.000000000000000000e+00,0.000000000000000000e+00,1.000000000000000000e+00
5.764277404004363170e-01,8.130027008575951841e-01,-8.220503935345539748e-02,1.298675919707093507e-01,-8.097671042342245995e-01,5.818140326046847832e-01,7.595833308066701761e-02,-4.553354411893956177e-01,1.095823753938837825e-01,2.278244636843545015e-02,9.937165909556424648e-01,-1.258776878473377714e-01,0.000000000000000000e+00,0.000000000000000000e+00,0.000000000000000000e+00,1.000000000000000000e+00
5.763413327512356688e-01,8.130711974205984127e-01,-8.213340421268262859e-02,1.299049328284501703e-01,-8.099979044153506891e-01,5.816853597127935593e-01,7.446836334000235536e-02,-4.551970083179379678e-01,1.083238801246984712e-01,2.360868951959164616e-02,9.938352815099178450e-01,-1.263244326390540184e-01,0.000000000000000000e+00,0.000000000000000000e+00,0.000000000000000000e+00,1.000000000000000000e+00
5.762679063376034971e-01,8.131223254354341679e-01,-8.214246163676193480e-02,1.298402613379211479e-01,-8.099221067820280284e-01,5.816405055342844799e-01,7.563400867059241750e-02,-4.553108034567059925e-01,1.092770839244726760e-01,2.294354376058568845e-02,9.937465032535559573e-01,-1.260792484280504056e-01,0.000000000000000000e+00,0.000000000000000000e+00,0.000000000000000000e+00,1.000000000000000000e+00
5.761526106114075452e-01,8.129604470548624784e-01,-8.451911505699795379e-02,1.299514302448473435e-01,-8.098780489930567095e-01,5.817736895074022696e-01,7.507942431948143314e-02,-4.551775480393671636e-01,1.102075997599976792e-01,2.519296968011035601e-02,9.935892507640354809e-01,-1.264730722073974523e-01,0.000000000000000000e+00,0.000000000000000000e+00,0.000000000000000000e+00,1.000000000000000000e+00
5.764142772628116917e-01,8.130054761050459211e-01,-8.227196843881863508e-02,1.298087312164719065e-01,-8.097052522855260337e-01,5.818216320002167485e-01,7.655712218883958808e-02,-4.552655694507088957e-01,1.101089705193134954e-01,2.248742670497973911e-02,9.936650996444249540e-01,-1.262686845510196942e-01,0.000000000000000000e+00,0.000000000000000000e+00,0.000000000000000000e+00,1.000000000000000000e+00
5.763174349260831164e-01,8.130556042542949058e-01,-8.245482757791540440e-02,1.298648701899663416e-01,-8.097913265982266129e-01,5.817389143008696584e-01,7.627478583601496331e-02,-4.553566346089696903e-01,1.099828239613099695e-01,2.281271528619966890e-02,9.936716552537697700e-01,-1.259491515344071111e-01,0.000000000000000000e+00,0.000000000000000000e+00,0.000000000000000000e+00,1.000000000000000000e+00
5.763677784782463842e-01,8.130044394705937538e-01,-8.260729588333277917e-02,1.299102319782752812e-01,-8.099161517432094115e-01,5.817689123306791776e-01,7.470448307196066173e-02,-4.552783906270659320e-01,1.087934330624849427e-01,2.384772623718982645e-02,9.937782825539076548e-01,-1.261786008096645872e-01,0.000000000000000000e+00,0.000000000000000000e+00,0.000000000000000000e+00,1.000000000000000000e+00
5.763003931618105868e-01,8.129088246289537523e-01,-8.400654547067029632e-02,1.299064817218743006e-01,-8.098636433069599239e-01,5.818528402596473414e-01,7.462004778448559639e-02,-4.552275879006806858e-01,1.095387424207532601e-01,2.503028410055668437e-02,9.936673229943338015e-01,-1.262580253521168316e-01,0.000000000000000000e+00,0.000000000000000000e+00,0.000000000000000000e+00,1.000000000000000000e+00
5.763987299135747699e-01,8.128556538745091986e-01,-8.384622900442156856e-02,1.298641341657498227e-01,-8.098409054548582064e-01,5.819252087635781168e-01,7.430181193969201403e-02,-4.552109596274832026e-01,1.091888822457359742e-01,2.507463598360038654e-02,9.937047099738516298e-01,-1.263293773514693186e-01,0.000000000000000000e+00,0.000000000000000000e+00,0.000000000000000000e+00,1.000000000000000000e+00
5.762912985919064202e-01,8.130757019932540741e-01,-8.243932311361898413e-02,1.298918627695511696e-01,-8.098297122024696870e-01,5.817073357848062676e-01,7.610790187758526004e-02,-4.553656144476348477e-01,1.098370447586774212e-01,2.290149170512947169e-02,9.936857376838819089e-01,-1.258012561565464704e-01,0.000000000000000000e+00,0.000000000000000000e+00,0.000000000000000000e+00,1.000000000000000000e+00
5.762060668215133186e-01,8.129083632695823791e-01,-8.465554609386469198e-02,1.299560333827205483e-01,-8.099043448122940081e-01,5.818245532813839382e-01,7.439853125624774910e-02,-4.552053669730874441e-01,1.097338635620316583e-01,2.569400952141849895e-02,9.936288527727356046e-01,-1.263661714520327717e-01,0.000000000000000000e+00,0.000000000000000000e+00,0.000000000000000000e+00,1.000000000000000000e+00
5.764600547426708133e-01,8.131662994578614523e-01,-8.033912317224267685e-02,1.297956512715274791e-01,-8.098946149243655412e-01,5.816414936602591901e-01,7.592025796305378049e-02,-4.552459272275384272e-01,1.084643628229614576e-01,2.130122716348498146e-02,9.938720942448977524e-01,-1.262419935692731254e-01,0.000000000000000000e+00,0.000000000000000000e+00,0.000000000000000000e+00,1.000000000000000000e+00
5.763229550048455385e-01,8.131360715094710923e-01,-8.161850736583878274e-02,1.298752365436833811e-01,-8.099829867875287803e-01,5.816257072161399311e-01,7.509392665242345388e-02,-4.553207945083533881e-01,1.085330025809536636e-01,2.283124866208020159e-02,9.938306301555075439e-01,-1.259530792471705851e-01,0.000000000000000000e+00,0.000000000000000000e+00,0.000000000000000000e+00,1.000000000000000000e+00
5.762210236346442249e-01,8.131026540363286426e-01,-8.266441749943952144e-02,1.299636241852766827e-01,-8.098789372805987874e-01,5.816586091964138783e-01,7.595636442683384448e-02,-4.552870090921931068e-01,1.098427916191648396e-01,2.318051653376952334e-02,9.936786325480370108e-01,-1.260525456598302618e-01,0.000000000000000000e+00,0.000000000000000000e+00,0.000000000000000000e+00,1.000000000000000000e+00
5.763571149206628830e-01,8.130801966565016636e-01,-8.193332585312547434e-02,1.299039495317006465e-01,-8.097663173938182135e-01,5.817287095027086075e-01,7.661735935652708163e-02,-4.553316206953607059e-01,1.099590255267104827e-01,2.218788735634552936e-02,9.936884372678784771e-01,-1.259898605821305750e-01,0.000000000000000000e+00,0.000000000000000000e+00,0.000000000000000000e+00,1.000000000000000000e+00
5.763027656698749279e-01,8.130435560538391560e-01,-8.267586250279647386e-02,1.299142972113095928e-01,-8.099156079146156983e-01,5.817207297739810379e-01,7.508462297651688488e-02,-4.551989345770407480e-01,1.091413319396091347e-01,2.368899555817107275e-02,9.937439313786491368e-01,-1.263515043813956407e-01,0.000000000000000000e+00,0.000000000000000000e+00,0.000000000000000000e+00,1.000000000000000000e+00
5.760434929817906946e-01,8.131482416680743119e-01,-8.344957318918325151e-02,1.299615395994480616e-01,-8.096768020663466237e-01,5.816239137278212956e-01,7.833963987373343540e-02,-4.554391338293126146e-01,1.122380077734455306e-01,2.244014376181844433e-02,9.934279387851929766e-01,-1.254323024423864563e-01,0.000000000000000000e+00,0.000000000000000000e+00,0.000000000000000000e+00,1.000000000000000000e+00
5.761275235863310140e-01,8.129967989097992564e-01,-8.434027228258743347e-02,1.299806262941020085e-01,-8.099944638497305061e-01,5.817095439014062785e-01,7.431672131361452549e-02,-4.551622825559193952e-01,1.094807978554646205e-01,2.549924501700644858e-02,9.936617852189413291e-01,-1.263553845623759386e-01,0.000000000000000000e+00,0.000000000000000000e+00,0.000000000000000000e+00,1.000000000000000000e+00
5.762308926196414438e-01,8.131266966102596028e-01,-8.235856755953126218e-02,1.299439401368229219e-01,-8.099255738060683329e-01,5.816285888182639585e-01,7.568850351397946041e-02,-4.553116261791258501e-01,1.094464402604399672e-01,2.309025614759395439e-02,9.937244672369480725e-01,-1.258781826944941340e-01,0.000000000000000000e+00,0.000000000000000000e+00,0.000000000000000000e+00,1.000000000000000000e+00
5.760910653196102960e-01,8.130737708949294928e-01,-8.384585584044455808e-02,1.300097301396768712e-01,-8.100614377282190359e-01,5.816185673106276655e-01,7.429878373986928408e-02,-4.550996909123999346e-01,1.091766988171351399e-01,2.511742905301087361e-02,9.937049678818959952e-01,-1.266528169082168365e-01,0.000000000000000000e+00,0.000000000000000000e+00,0.000000000000000000e+00,1.000000000000000000e+00
5.761156838951977388e-01,8.130628783793966141e-01,-8.378230464351846263e-02,1.299910351979264300e-01,-8.099465793599532892e-01,5.816592836987910520e-01,7.522643332047831977e-02,-4.552607355540792544e-01,1.098965757113467001e-01,2.452006297748744387e-02,9.936405331700697285e-01,-1.260231756071650278e-01,0.000000000000000000e+00,0.000000000000000000e+00,0.000000000000000000e+00,1.000000000000000000e+00
5.765423241624783035e-01,8.128703352542065996e-01,-8.270892644111349501e-02,1.298355599582208808e-01,-8.098434800565366132e-01,5.819405393462696585e-01,7.415353312749645154e-02,-4.551828320458843891e-01,1.084088845955245017e-01,2.422863448662531533e-02,9.938110922160547922e-01,-1.264390382886420028e-01,0.000000000000000000e+00,0.000000000000000000e+00,0.000000000000000000e+00,1.000000000000000000e+00
5.764830651045007581e-01,8.131292277914169420e-01,-8.054895752928155350e-02,1.297413944768796012e-01,-8.098143258211772944e-01,5.816965401388713985e-01,7.635373524103861165e-02,-4.553588005875969236e-01,1.089405036821119860e-01,2.121306441324231212e-02,9.938219018293406037e-01,-1.258437651570365468e-01,0.000000000000000000e+00,0.000000000000000000e+00,0.000000000000000000e+00,1.000000000000000000e+00
5.762120635070413499e-01,8.131890291821006755e-01,-8.187344311087714488e-02,1.299412521985966462e-01,-8.099786536166382334e-01,5.815563829365886228e-01,7.567532062099316392e-02,-4.552547624439473584e-01,1.091523639429558962e-01,2.271070856632726245e-02,9.937655584503217732e-01,-1.260645734455898559e-01,0.000000000000000000e+00,0.000000000000000000e+00,0.000000000000000000e+00,1.000000000000000000e+00
5.761561665275883870e-01,8.132052881147635581e-01,-8.210500078812871250e-02,1.299426598021578005e-01,-8.098433924221808411e-01,5.815581996906585838e-01,7.709565566680279258e-02,-4.553341790261148936e-01,1.104434313228631892e-01,2.207305494816794514e-02,9.936372722089724663e-01,-1.258495048602650268e-01,0.000000000000000000e+00,0.000000000000000000e+00,0.000000000000000000e+00,1.000000000000000000e+00
5.762711982774781916e-01,8.130912013996443033e-01,-8.242696307836806791e-02,1.298267685120499948e-01,-8.099192481560459900e-01,5.816703202379712723e-01,7.543507155561915423e-02,-4.552284219097316731e-01,1.092809109688642893e-01,2.328812488671406708e-02,9.937380669658761878e-01,-1.263569956584718046e-01,0.000000000000000000e+00,0.000000000000000000e+00,0.000000000000000000e+00,1.000000000000000000e+00
5.762716678154479188e-01,8.130683870201214081e-01,-8.264842951744834354e-02,1.298207132316628321e-01,-8.097742937458287660e-01,5.817218343211489895e-01,7.658525094613555240e-02,-4.554513353773218531e-01,1.103474424789578773e-01,2.279266334889947995e-02,9.936316905351889606e-01,-1.255754831216058243e-01,0.000000000000000000e+00,0.000000000000000000e+00,0.000000000000000000e+00,1.000000000000000000e+00
5.761974216403272786e-01,8.132692091755069352e-01,-8.117711932610494063e-02,1.298639466583242918e-01,-8.097657779636115993e-01,5.815199892680213978e-01,7.819134811926134465e-02,-4.554858735248832891e-01,1.107967334086438493e-01,2.068080000304864385e-02,9.936278923104000516e-01,-1.254354061102789242e-01,0.000000000000000000e+00,0.000000000000000000e+00,0.000000000000000000e+00,1.000000000000000000e+00
5.762833116077004103e-01,8.129457774439567963e-01,-8.376579074122857127e-02,1.299385371091355545e-01,-8.097596094431853686e-01,5.818395270200293901e-01,7.584286196820949622e-02,-4.553128493711987024e-01,1.103943824516559341e-01,2.412317833847136411e-02,9.935950646968655375e-01,-1.258780072599443578e-01,0.000000000000000000e+00,0.000000000000000000e+00,0.000000000000000000e+00,1.000000000000000000e+00
5.761926689422572911e-01,8.130216591136174564e-01,-8.365279474912767910e-02,1.299007569273840090e-01,-8.098032950905813543e-01,5.817432835634201993e-01,7.611422527548550310e-02,-4.553021057089193246e-01,1.105469652122371971e-01,2.388585022542547009e-02,9.935838337258580122e-01,-1.259298317138264345e-01,0.000000000000000000e+00,0.000000000000000000e+00,0.000000000000000000e+00,1.000000000000000000e+00
5.762567294251876859e-01,8.130168373878434718e-01,-8.325745561843188314e-02,1.298757517375161430e-01,-8.097676081417408689e-01,5.817678573026014988e-01,7.630583866221579692e-02,-4.553762105669276750e-01,1.104744431829832590e-01,2.344743767257023020e-02,9.936023425244131513e-01,-1.257134276179816545e-01,0.000000000000000000e+00,0.000000000000000000e+00,0.000000000000000000e+00,1.000000000000000000e+00
5.762133823972881430e-01,8.132368571573447280e-01,-8.138766557114442135e-02,1.299242293821822880e-01,-8.099774100189978121e-01,5.815124486021501227e-01,7.602543902962702327e-02,-4.552717312065377442e-01,1.091546297927503545e-01,2.211529519530771454e-02,9.937787382074702025e-01,-1.259573125892632373e-01,0.000000000000000000e+00,0.000000000000000000e+00,0.000000000000000000e+00,1.000000000000000000e+00
5.762833810739310669e-01,8.131028318161860335e-01,-8.222681795191598420e-02,1.299023580893690077e-01,-8.098717286195219467e-01,5.816720038194452824e-01,7.593064701093237001e-02,-4.553607870951742465e-01,1.095684620720120267e-01,2.283560520700964394e-02,9.937169049855214542e-01,-1.257112410459135798e-01,0.000000000000000000e+00,0.000000000000000000e+00,0.000000000000000000e+00,1.000000000000000000e+00
5.762854925868324818e-01,8.129746481446821216e-01,-8.347006953383073746e-02,1.298554890552918173e-01,-8.097944997080231966e-01,5.818061853123357441e-01,7.572602574373567264e-02,-4.553574315283261398e-01,1.101267418776420981e-01,2.395379315137049006e-02,9.936288625624142279e-01,-1.258370439393929896e-01,0.000000000000000000e+00,0.000000000000000000e+00,0.000000000000000000e+00,1.000000000000000000e+00
5.762166665404309107e-01,8.132162095588164608e-01,-8.157051986977467695e-02,1.299110988334509775e-01,-8.099028558596501615e-01,5.815474133308285998e-01,7.655044166172760012e-02,-4.553363076265400378e-01,1.096891848425218252e-01,2.195455667996843926e-02,9.937234424977452463e-01,-1.258607686841586304e-01,0.000000000000000000e+00,0.000000000000000000e+00,0.000000000000000000e+00,1.000000000000000000e+00
5.762260605369531330e-01,8.130545559653724608e-01,-8.310124055641421315e-02,1.299237071044510583e-01,-8.097774267730658559e-01,5.817251878677616173e-01,7.652662862696818502e-02,-4.553690860184210765e-01,1.105624088325506682e-01,2.319687099953034529e-02,9.935984394759159732e-01,-1.257478042112909478e-01,0.000000000000000000e+00,0.000000000000000000e+00,0.000000000000000000e+00,1.000000000000000000e+00
5.762069651778563006e-01,8.130104089525015398e-01,-8.366366125989797842e-02,1.300054869638607169e-01,-8.098947192246360727e-01,5.817362437008417597e-01,7.518967041344690183e-02,-4.552104626306030521e-01,1.098001687274329646e-01,2.443394564373464750e-02,9.936533124021205143e-01,-1.262196954174210628e-01,0.000000000000000000e+00,0.000000000000000000e+00,0.000000000000000000e+00,1.000000000000000000e+00
5.762886890618145186e-01,8.129738307360624416e-01,-8.345596082813684646e-02,1.299053342909873843e-01,-8.098983322026714893e-01,5.817846354155827848e-01,7.477519301003954233e-02,-4.551898528925580889e-01,1.093436708490550385e-01,2.449874553297966967e-02,9.937020544975058156e-01,-1.263239335248698136e-01,0.000000000000000000e+00,0.000000000000000000e+00,0.000000000000000000e+00,1.000000000000000000e+00
5.759878494625666479e-01,8.130532685661512327e-01,-8.474892179482718113e-02,1.300950449144502863e-01,-8.096934720431069321e-01,5.816978868721973672e-01,7.761475207200495274e-02,-4.554875625782890403e-01,1.124031965838431513e-01,2.391549460743892797e-02,9.933748388777599025e-01,-1.250076611588568642e-01,0.000000000000000000e+00,0.000000000000000000e+00,0.000000000000000000e+00,1.000000000000000000e+00
5.762657554591361642e-01,8.130484995507756274e-01,-8.288495921060734517e-02,1.298783817550384079e-01,-8.097753291901679251e-01,5.817388688651858875e-01,7.644478194363496515e-02,-4.554610177418621508e-01,1.103707176748743857e-01,2.306568511202546079e-02,9.936228051178408460e-01,-1.255116799188307208e-01,0.000000000000000000e+00,0.000000000000000000e+00,0.000000000000000000e+00,1.000000000000000000e+00
5.762236350330989243e-01,8.130655195714885375e-01,-8.301074215538231660e-02,1.300292163586796446e-01,-8.099976919099997064e-01,5.816671311172325609e-01,7.461291897735497503e-02,-4.551627222045814269e-01,1.089498119765020534e-01,2.424478215603421624e-02,9.937515428961563035e-01,-1.263673756054950470e-01,0.000000000000000000e+00,0.000000000000000000e+00,0.000000000000000000e+00,1.000000000000000000e+00
5.763816018153442577e-01,8.129604327698962685e-01,-8.294325674436442419e-02,1.299000073831300672e-01,-8.097942736475018943e-01,5.818380724074866395e-01,7.548305680651545835e-02,-4.553885542211389970e-01,1.096242831515596983e-01,2.365992915720284070e-02,9.936914633304360089e-01,-1.256451333413424187e-01,0.000000000000000000e+00,0.000000000000000000e+00,0.000000000000000000e+00,1.000000000000000000e+00
5.762754355002004392e-01,8.130504953416061165e-01,-8.279803417849555813e-02,1.298724444900685726e-01,-8.098885279230917389e-01,5.817148987428926166e-01,7.542114371390551408e-02,-4.553467709352784776e-01,1.094860483240754495e-01,2.359382557609351200e-02,9.937082754093693460e-01,-1.258936721885861587e-01,0.000000000000000000e+00,0.000000000000000000e+00,0.000000000000000000e+00,1.000000000000000000e+00
5.761416866422667260e-01,8.130060407019714663e-01,-8.415423159359401717e-02,1.300177761122260911e-01,-8.098751804049750813e-01,5.817314474273934666e-01,7.543682945377985782e-02,-4.552875168741545853e-01,1.102857609894089680e-01,2.469212133725825001e-02,9.935931511775093483e-01,-1.259766143845924002e-01,0.000000000000000000e+00,0.000000000000000000e+00,0.000000000000000000e+00,1.000000000000000000e+00
5.762965759624675277e-01,8.129380676894281121e-01,-8.374935602925354106e-02,1.299804987791475797e-01,-8.099540375292261229e-01,5.818053738355769555e-01,7.400651367379433576e-02,-4.552029367921364145e-01,1.088885376154943019e-01,2.518342862723933762e-02,9.937349150042660284e-01,-1.262506552351785327e-01,0.000000000000000000e+00,0.000000000000000000e+00,0.000000000000000000e+00,1.000000000000000000e+00
5.762676741497291255e-01,8.131236575736352501e-01,-8.213090297893636815e-02,1.299167271783739919e-01,-8.098169709819625917e-01,5.816609479153643791e-01,7.659644364981556264e-02,-4.553317471918622017e-01,1.100547192975438043e-01,2.237094464419568662e-02,9.936737390089693811e-01,-1.258122459081569833e-01,0.000000000000000000e+00,0.000000000000000000e+00,0.000000000000000000e+00,1.000000000000000000e+00
5.762696739019641523e-01,8.129597284774889854e-01,-8.372420686236273224e-02,1.299674301901007079e-01,-8.098443754038548992e-01,5.818055297792290581e-01,7.519583196594706309e-02,-4.552236867539599663e-01,1.098423896665779165e-01,2.447050044683008602e-02,9.936477464575751428e-01,-1.261713920871283534e-01,0.000000000000000000e+00,0.000000000000000000e+00,0.000000000000000000e+00,1.000000000000000000e+00
5.762655669716618689e-01,8.129466024934280943e-01,-8.387978193356011858e-02,1.299055290448640765e-01,-8.096790549062392595e-01,5.818527089687282050e-01,7.659799678772258313e-02,-4.553927888595340479e-01,1.110757595921297164e-01,2.377491451393590888e-02,9.935275180239784287e-01,-1.255357965673564724e-01,0.000000000000000000e+00,0.000000000000000000e+00,0.000000000000000000e+00,1.000000000000000000e+00
5.762120665763204030e-01,8.129944022843684781e-01,-8.378398526048293216e-02,1.299716234392797598e-01,-8.097918418463525558e-01,5.817743510750648106e-01,7.599853492192779059e-02,-4.553338317978857241e-01,1.105297571287406216e-01,2.405631487717745792e-02,9.935816355506938979e-01,-1.258210115081674907e-01,0.000000000000000000e+00,0.000000000000000000e+00,0.000000000000000000e+00,1.000000000000000000e+00
5.762076248076577478e-01,8.128563079488776433e-01,-8.514338342606159182e-02,1.299614838030714870e-01,-8.098076742320902133e-01,5.818932506840760466e-01,7.491178520855312772e-02,-4.552651021469061865e-01,1.104368773025154737e-01,2.578502348338819125e-02,9.935486040932424157e-01,-1.260483570103900774e-01,0.000000000000000000e+00,0.000000000000000000e+00,0.000000000000000000e+00,1.000000000000000000e+00
5.762897275196612323e-01,8.132057365797910053e-01,-8.115774731370120620e-02,1.298471682513409053e-01,-8.099445762752069955e-01,5.815626034897489749e-01,7.599158890693694102e-02,-4.552288846691130986e-01,1.089951068520535749e-01,2.194010519448124155e-02,9.938001300394183612e-01,-1.262596119702310560e-01,0.000000000000000000e+00,0.000000000000000000e+00,0.000000000000000000e+00,1.000000000000000000e+00
5.760007261233351938e-01,8.131127114379899101e-01,-8.408853669407614917e-02,1.299782855121184300e-01,-8.099004001961329635e-01,5.816016446982661403e-01,7.616343378823939303e-02,-4.552902454902458818e-01,1.108354874015283209e-01,2.423314635436703279e-02,9.935432800589180102e-01,-1.259467408863770288e-01,0.000000000000000000e+00,0.000000000000000000e+00,0.000000000000000000e+00,1.000000000000000000e+00
5.761106780578305608e-01,8.131043289114483485e-01,-8.341364956174887602e-02,1.299080491595361875e-01,-8.098177193667475127e-01,5.816485911468847192e-01,7.668231749552230359e-02,-4.552054878056578380e-01,1.108681560565824564e-01,2.337234952476137037e-02,9.935602574833123368e-01,-1.262110839890517866e-01,0.000000000000000000e+00,0.000000000000000000e+00,0.000000000000000000e+00,1.000000000000000000e+00
5.761504238697112701e-01,8.128886374565164052e-01,-8.522178224397800039e-02,1.299578105271297357e-01,-8.097364849176006407e-01,5.818693784432692473e-01,7.586073703393364509e-02,-4.552488799437677258e-01,1.112542766280925355e-01,2.529999059548236617e-02,9.934698769503925719e-01,-1.260211235698671661e-01,0.000000000000000000e+00,0.000000000000000000e+00,0.000000000000000000e+00,1.000000000000000000e+00
5.763644819867679292e-01,8.129825721355161683e-01,-8.284516466303326609e-02,1.298336524482064380e-01,-8.099474492189062680e-01,5.817810129045895007e-01,7.426966088179724756e-02,-4.551876963751875227e-01,1.085776837472230416e-01,2.429383517747409418e-02,9.937910726930776484e-01,-1.261630770786357214e-01,0.000000000000000000e+00,0.000000000000000000e+00,0.000000000000000000e+00,1.000000000000000000e+00
5.762958424327931928e-01,8.132040015772807884e-01,-8.113170658488023934e-02,1.298424682697896237e-01,-8.098214433947081847e-01,5.815896919111944730e-01,7.708865079084886718e-02,-4.554757085651596205e-01,1.098741635362418395e-01,2.127632678212400263e-02,9.937177597818565022e-01,-1.253047073535324962e-01,0.000000000000000000e+00,0.000000000000000000e+00,0.000000000000000000e+00,1.000000000000000000e+00
5.762897935195645527e-01,8.129764408320613311e-01,-8.342290175492453330e-02,1.299031477175751625e-01,-8.096472795878199014e-01,5.818367084755780017e-01,7.705405457435732242e-02,-4.554537725928691216e-01,1.111816376081072311e-01,2.313766026069497689e-02,9.935307202781604730e-01,-1.254070232180177769e-01,0.000000000000000000e+00,0.000000000000000000e+00,0.000000000000000000e+00,1.000000000000000000e+00
5.761799665166629225e-01,8.130487724862328625e-01,-8.347658200649608895e-02,1.299934245324789739e-01,-8.098504631314690227e-01,5.817059221551713621e-01,7.589761192123838096e-02,-4.553368572514447377e-01,1.102672823216499370e-01,2.387286510311910359e-02,9.936152236963592399e-01,-1.256416223391159104e-01,0.000000000000000000e+00,0.000000000000000000e+00,0.000000000000000000e+00,1.000000000000000000e+00
5.763012259190873898e-01,8.129467746225570446e-01,-8.363276053640128493e-02,1.299218915797427099e-01,-8.098446963956392741e-01,5.818234040353313929e-01,7.505394217890781761e-02,-4.553203852200501389e-01,1.096743576412116949e-01,2.447586867756621973e-02,9.936661748939965566e-01,-1.258401856665138929e-01,0.000000000000000000e+00,0.000000000000000000e+00,0.000000000000000000e+00,1.000000000000000000e+00
5.764215144757124376e-01,8.130311172068109826e-01,-8.196731118544049732e-02,1.298033554798617706e-01,-8.097226701819912886e-01,5.817955570493638096e-01,7.657105974822837891e-02,-4.554086849472618326e-01,1.099428717237834890e-01,2.223358385562902717e-02,9.936892032753815718e-01,-1.255261067877919690e-01,0.000000000000000000e+00,0.000000000000000000e+00,0.000000000000000000e+00,1.000000000000000000e+00
5.765963735936802115e-01,8.130151049940630426e-01,-8.088918969868603981e-02,1.297708127864882210e-01,-8.099043428181629256e-01,5.818064184615574508e-01,7.454023692754836727e-02,-4.552253523432301385e-01,1.076641883027830843e-01,2.253287572476990810e-02,9.939319353299175264e-01,-1.263442098494984567e-01,0.000000000000000000e+00,0.000000000000000000e+00,0.000000000000000000e+00,1.000000000000000000e+00
5.762533252626139690e-01,8.130346605680076610e-01,-8.310683388774314784e-02,1.299095222222768076e-01,-8.100486458234277265e-01,5.816892145658834057e-01,7.388402437169275250e-02,-4.550642117890713045e-01,1.084126216056562619e-01,2.474466352146691833e-02,9.937979699636130260e-01,-1.267484896473574096e-01,0.000000000000000000e+00,0.000000000000000000e+00,0.000000000000000000e+00,1.000000000000000000e+00
5.762804617966530429e-01,8.129729868725010800e-01,-8.352096723003488155e-02,1.299512892446462731e-01,-8.097521401006111397e-01,5.818158712153697065e-01,7.610363726117717886e-02,-4.552850889029589343e-01,1.104640256097736695e-01,2.377424273251758924e-02,9.935957349086090851e-01,-1.258810214482224410e-01,0.000000000000000000e+00,0.000000000000000000e+00,0.000000000000000000e+00,1.000000000000000000e+00
5.761197108423981028e-01,8.130911220933915162e-01,-8.347997335757312287e-02,1.299581505454527885e-01,-8.099212652398902756e-01,5.816401970130066212e-01,7.564539200034602062e-02,-4.552508299190740626e-01,1.100619048130951905e-01,2.403140427815876265e-02,9.936341724786506013e-01,-1.260439211710988605e-01,0.000000000000000000e+00,0.000000000000000000e+00,0.000000000000000000e+00,1.000000000000000000e+00
5.760601506689562168e-01,8.131944220267721679e-01,-8.288265678538467296e-02,1.300076281964002711e-01,-8.100998539109205421e-01,5.814957656533118469e-01,7.483916902781720393e-02,-4.550756555199697018e-01,1.090547087693376216e-01,2.403136516748522952e-02,9.937452208606702975e-01,-1.267045293236881420e-01,0.000000000000000000e+00,0.000000000000000000e+00,0.000000000000000000e+00,1.000000000000000000e+00
5.761640544121671148e-01,8.128269344988757750e-01,-8.571672506864773389e-02,1.299557523860583319e-01,-8.098306588171645393e-01,5.819045032049967592e-01,7.457515128716558916e-02,-4.551981837724322633e-01,1.104956399279674178e-01,2.644851040997868788e-02,9.935246297168494056e-01,-1.262319795192219374e-01,0.000000000000000000e+00,0.000000000000000000e+00,0.000000000000000000e+00,1.000000000000000000e+00
5.760652261580376798e-01,8.130508626262152871e-01,-8.424458436158599461e-02,1.299730796656695109e-01,-8.099114706101223637e-01,5.816677932968151721e-01,7.553799054358351084e-02,-4.552798526904149323e-01,1.104185898553225742e-01,2.471584560521749782e-02,9.935778087248030577e-01,-1.258986060134272833e-01,0.000000000000000000e+00,0.000000000000000000e+00,0.000000000000000000e+00,1.000000000000000000e+00
5.763509595769269467e-01,8.130231326759859156e-01,-8.254063925414166503e-02,1.299092767164995998e-01,-8.099603556693745210e-01,5.817389692656962374e-01,7.445800078988318305e-02,-4.551477017354297883e-01,1.085531834572178583e-01,2.394070532403336574e-02,9.938023188692467480e-01,-1.264471676324336880e-01,0.000000000000000000e+00,0.000000000000000000e+00,0.000000000000000000e+00,1.000000000000000000e+00
5.761031876153523967e-01,8.131507385476133276e-01,-8.301200888366208619e-02,1.300060056520588314e-01,-8.099789729103457070e-01,5.815702593019564937e-01,7.556518337539194774e-02,-4.552290927945946697e-01,1.097232002018334596e-01,2.370463867951116965e-02,9.936794802362289847e-01,-1.261600583540363196e-01,0.000000000000000000e+00,0.000000000000000000e+00,0.000000000000000000e+00,1.000000000000000000e+00
5.759457903610205598e-01,8.131195981465276779e-01,-8.439766392175152010e-02,1.299953097847910133e-01,-8.097005550761923187e-01,5.816272105752056110e-01,7.806919384630287007e-02,-4.554473638254132872e-01,1.125675693738011629e-01,2.337321177191951579e-02,9.933691334527863237e-01,-1.253861077858631212e-01,0.000000000000000000e+00,0.000000000000000000e+00,0.000000000000000000e+00,1.000000000000000000e+00
5.762578706680159257e-01,8.131128639867596375e-01,-8.230636009698044653e-02,1.299129415112620922e-01,-8.099513513174804169e-01,5.816410538527720941e-01,7.531595429936566166e-02,-4.551767957148477040e-01,1.091131293298465699e-01,2.326273613069040555e-02,9.937570981460017716e-01,-1.263504668173232037e-01,0.000000000000000000e+00,0.000000000000000000e+00,0.000000000000000000e+00,1.000000000000000000e+00
5.761660475816782201e-01,8.130538055574636491e-01,-8.352361871131909477e-02,1.299644443627704371e-01,-8.098387791725261131e-01,5.817011304560127938e-01,7.605883626870466041e-02,-4.552670747283562580e-01,1.104257096986936276e-01,2.381814633264464978e-02,9.935989425028677324e-01,-1.260485015320438329e-01,0.000000000000000000e+00,0.000000000000000000e+00,0.000000000000000000e+00,1.000000000000000000e+00
5.761947269096912017e-01,8.129970259476204664e-01,-8.387772339418095302e-02,1.299681137860956293e-01,-8.098667689663605618e-01,5.817520432504668104e-01,7.536827381527914926e-02,-4.552701015217506253e-01,1.100702194303901094e-01,2.450297888484984435e-02,9.936217342733173474e-01,-1.260335011881263956e-01,0.000000000000000000e+00,0.000000000000000000e+00,0.000000000000000000e+00,1.000000000000000000e+00
5.761376566492333318e-01,8.131244339254016795e-01,-8.303044950032185956e-02,1.299111209493550301e-01,-8.097598602187411343e-01,5.816471766916961883e-01,7.730155642096539492e-02,-4.553667057836173759e-01,1.111502108376546533e-01,2.269838760956636309e-02,9.935443693316725611e-01,-1.257442873543501705e-01,0.000000000000000000e+00,0.000000000000000000e+00,0.000000000000000000e+00,1.000000000000000000e+00
5.760624742046200897e-01,8.129546498679315336e-01,-8.518663669473408584e-02,1.300653251651992526e-01,-8.099340350278366740e-01,5.817473513036842681e-01,7.467849861020973978e-02,-4.551605526677253710e-01,1.102673329539566316e-01,2.597607570933263554e-02,9.935624584161605322e-01,-1.263770410808038314e-01,0.000000000000000000e+00,0.000000000000000000e+00,0.000000000000000000e+00,1.000000000000000000e+00
5.760519559932897327e-01,8.130704873884359030e-01,-8.414586462944337319e-02,1.300429099387691578e-01,-8.100529706187852286e-01,5.816154430104968354e-01,7.441546373829342753e-02,-4.551430352892756326e-01,1.094455517048857074e-01,2.529543416577511791e-02,9.936708772135662837e-01,-1.264117586766360102e-01,0.000000000000000000e+00,0.000000000000000000e+00,0.000000000000000000e+00,1.000000000000000000e+00
5.763434213763040104e-01,8.130233998578875187e-01,-8.259062852272100463e-02,1.298633258472138285e-01,-8.097375290553188165e-01,5.817848440729387338e-01,7.649528904719196665e-02,-4.553373027068124967e-01,1.102424359112370578e-01,2.278917485448590796e-02,9.936434264029571084e-01,-1.259532512091532386e-01,0.000000000000000000e+00,0.000000000000000000e+00,0.000000000000000000e+00,1.000000000000000000e+00
5.763259428917085758e-01,8.130579946604084007e-01,-8.237174800123370222e-02,1.299602808190707393e-01,-8.098666899085382731e-01,5.817225661416105531e-01,7.559630029444118493e-02,-4.553585112238378585e-01,1.093816809459921269e-01,2.314202584942083585e-02,9.937303932722467703e-01,-1.257717750380731303e-01,0.000000000000000000e+00,0.000000000000000000e+00,0.000000000000000000e+00,1.000000000000000000e+00
5.761300623030951584e-01,8.129482258623215163e-01,-8.478993677280183272e-02,1.299890998208038106e-01,-8.098228884779541392e-01,5.817925595348800716e-01,7.552686255284368766e-02,-4.554025683588855955e-01,1.107295832551307146e-01,2.515153548308633052e-02,9.935322640231609714e-01,-1.255821207913130344e-01,0.000000000000000000e+00,0.000000000000000000e+00,0.000000000000000000e+00,1.000000000000000000e+00
5.762302992653338674e-01,8.129558448513077851e-01,-8.403235407079953645e-02,1.299257232259315442e-01,-8.098084504228014735e-01,5.818091402989051808e-01,7.555394025773833067e-02,-4.553566830297536283e-01,1.103128090132999839e-01,2.451364083006264336e-02,9.935945680109417033e-01,-1.257802465957704730e-01,0.000000000000000000e+00,0.000000000000000000e+00,0.000000000000000000e+00,1.000000000000000000e+00
5.761312639940880942e-01,8.129993268210464752e-01,-8.429033893098246411e-02,1.299440104278143937e-01,-8.098592183056354532e-01,5.817389477511359930e-01,7.555026932305815290e-02,-4.552023544417536094e-01,1.104572911760913628e-01,2.473643583717525726e-02,9.935729945847531219e-01,-1.262489838210336668e-01,0.000000000000000000e+00,0.000000000000000000e+00,0.000000000000000000e+00,1.000000000000000000e+00
5.762106889971044810e-01,8.130828141287809174e-01,-8.293117178663582389e-02,1.299219936638678630e-01,-8.098059602478089314e-01,5.816902027202239811e-01,7.649061907468650279e-02,-4.553028560745450148e-01,1.104334579400926136e-01,2.308344488431245470e-02,9.936154215488337549e-01,-1.259406273053431669e-01,0.000000000000000000e+00,0.000000000000000000e+00,0.000000000000000000e+00,1.000000000000000000e+00
5.763565933528023155e-01,8.130673150917405723e-01,-8.206472097229398910e-02,1.298635869384015540e-01,-8.098184123159030134e-01,5.817299690517109267e-01,7.605512593668845023e-02,-4.552652986649262656e-01,1.095774446357573456e-01,2.262264875304259917e-02,9.937207854274227037e-01,-1.262383708005347938e-01,0.000000000000000000e+00,0.000000000000000000e+00,0.000000000000000000e+00,1.000000000000000000e+00
5.762110994112128459e-01,8.129143590153374843e-01,-8.456366726913053244e-02,1.299199160645672091e-01,-8.097430059603355490e-01,5.818571382408523895e-01,7.588501154039208052e-02,-4.553858260953523862e-01,1.108919889515972423e-01,2.474905220101349460e-02,9.935242579834224763e-01,-1.257100054514537213e-01,0.000000000000000000e+00,0.000000000000000000e+00,0.000000000000000000e+00,1.000000000000000000e+00
5.761154149858789264e-01,8.131543871201664109e-01,-8.289132236172241930e-02,1.299766218112390903e-01,-8.099458651270640130e-01,5.815764288491727108e-01,7.587195114543332508e-02,-4.553318864189487281e-01,1.099032491749921403e-01,2.342648318185196546e-02,9.936661792103572699e-01,-1.258774441334915561e-01,0.000000000000000000e+00,0.000000000000000000e+00,0.000000000000000000e+00,1.000000000000000000e+00
5.762459864435294232e-01,8.130062750409964289e-01,-8.343476404765318155e-02,1.298955505292944124e-01,-8.097155382304289661e-01,5.817864757859847469e-01,7.671534227734841394e-02,-4.553986574279247357e-01,1.109112719967214333e-01,2.335151679201069932e-02,9.935559352183358506e-01,-1.257441321576659998e-01,0.000000000000000000e+00,0.000000000000000000e+00,0.000000000000000000e+00,1.000000000000000000e+00
5.760853522049538267e-01,8.131124371850428911e-01,-8.350946934266828547e-02,1.299249016841679261e-01,-8.099891254456106360e-01,5.815991904509625332e-01,7.523296037402704695e-02,-4.552164706305442121e-01,1.097418955310562327e-01,2.430115556480220984e-02,9.936630063575205840e-01,-1.261175370984777278e-01,0.000000000000000000e+00,0.000000000000000000e+00,0.000000000000000000e+00,1.000000000000000000e+00
5.761583573930539881e-01,8.131799208335479534e-01,-8.234053412070306555e-02,1.299161543045533329e-01,-8.098502353595347092e-01,5.815809823248826449e-01,7.685152754585169999e-02,-4.552517606369773095e-01,1.103818078047469203e-01,2.240485106331622719e-02,9.936366937440396230e-01,-1.260906294930754790e-01,0.000000000000000000e+00,0.000000000000000000e+00,0.000000000000000000e+00,1.000000000000000000e+00
5.761976603538726538e-01,8.131320610297713136e-01,-8.253791570060260707e-02,1.299864225606268131e-01,-8.098760814682052223e-01,5.816276053377344990e-01,7.622375859794447428e-02,-4.552437808036117195e-01,1.099863121866916232e-01,2.292553237264310928e-02,9.936686726957848492e-01,-1.260399471652065007e-01,0.000000000000000000e+00,0.000000000000000000e+00,0.000000000000000000e+00,1.000000000000000000e+00
5.763033029447790501e-01,8.130361417593954254e-01,-8.274500110541073428e-02,1.298704765020738394e-01,-8.098372190714533403e-01,5.817444463603161919e-01,7.574349962567138161e-02,-4.552923735804834116e-01,1.097186475561609947e-01,2.335875257639910205e-02,9.936881739542448022e-01,-1.259949843845811213e-01,0.000000000000000000e+00,0.000000000000000000e+00,0.000000000000000000e+00,1.000000000000000000e+00
5.761957512019151295e-01,8.131472982367351499e-01,-8.240101739152791427e-02,1.298864027039631774e-01,-8.097825269599603359e-01,5.816322264938793563e-01,7.717649988250312176e-02,-4.553832785838358710e-01,1.106829495776203709e-01,2.225813276244970051e-02,9.936064916246910572e-01,-1.257848209731713407e-01,0.000000000000000000e+00,0.000000000000000000e+00,0.000000000000000000e+00,1.000000000000000000e+00
5.765958022169080932e-01,8.129354851951993144e-01,-8.168952060262189840e-02,1.297469956203414210e-01,-8.098399865344527715e-01,5.818929547884659215e-01,7.456396835889213259e-02,-4.551947971031188311e-01,1.081502523146283951e-01,2.316216911246165785e-02,9.938646974544815826e-01,-1.264261721400066207e-01,0.000000000000000000e+00,0.000000000000000000e+00,0.000000000000000000e+00,1.000000000000000000e+00
5.762726994927320767e-01,8.131687438844712457e-01,-8.164784007376249542e-02,1.299291658419429174e-01,-8.099804506908769852e-01,5.815864179351020180e-01,7.542484983094682738e-02,-4.551722876280452912e-01,1.088184052353435016e-01,2.266787247996911864e-02,9.938031607110477950e-01,-1.263182497067112386e-01,0.000000000000000000e+00,0.000000000000000000e+00,0.000000000000000000e+00,1.000000000000000000e+00
5.764876793282748269e-01,8.130587325490497008e-01,-8.122470688425652285e-02,1.298080747418831060e-01,-8.098465786973352287e-01,5.817571588971146568e-01,7.554552961081455187e-02,-4.552181411522313592e-01,1.086760072643515457e-01,2.222848392694508693e-02,9.938286673000474858e-01,-1.263833460268148912e-01,0.000000000000000000e+00,0.000000000000000000e+00,0.000000000000000000e+00,1.000000000000000000e+00
5.764688059910069162e-01,8.130760121339027924e-01,-8.118567738051077343e-02,1.298546471003466651e-01,-8.099155143310791116e-01,5.817233205661406226e-01,7.506555771674941480e-02,-4.551493406298836586e-01,1.082616061451440737e-01,2.248058722392989525e-02,9.938682245815795291e-01,-1.264907454193673342e-01,0.000000000000000000e+00,0.000000000000000000e+00,0.000000000000000000e+00,1.000000000000000000e+00
5.765608626056526465e-01,8.131274245078755625e-01,-8.000851970018740822e-02,1.298665879820980473e-01,-8.099934552572377600e-01,5.816771372906868187e-01,7.458089831688188842e-02,-4.552034930735424090e-01,1.071829004639604233e-01,2.180595025448568008e-02,9.940001641758576811e-01,-1.265552617403171709e-01,0.000000000000000000e+00,0.000000000000000000e+00,0.000000000000000000e+00,1.000000000000000000e+00
5.764224917607766452e-01,8.130690274840681742e-01,-8.158350040546923088e-02,1.298437428032051533e-01,-8.098936829759890710e-01,5.817254113079078914e-01,7.528458085314476689e-02,-4.553541849439971534e-01,1.086707562681225453e-01,2.267823592692321671e-02,9.938190802894444342e-01,-1.258642422940206007e-01,0.000000000000000000e+00,0.000000000000000000e+00,0.000000000000000000e+00,1.000000000000000000e+00
5.761971637143358249e-01,8.130965037567849940e-01,-8.289091690919815625e-02,1.299602679290687846e-01,-8.099568963409879974e-01,5.816428578800267868e-01,7.524235474006027435e-02,-4.552525451865354067e-01,1.093922053769326025e-01,2.378363840222222358e-02,9.937140856137259837e-01,-1.262424777287431965e-01,0.000000000000000000e+00,0.000000000000000000e+00,0.000000000000000000e+00,1.000000000000000000e+00
5.764348546670868823e-01,8.129578069150484865e-01,-8.259819913781119016e-02,1.298819436869512733e-01,-8.097601716270939054e-01,5.818581750895841509e-01,7.569364919118806712e-02,-4.553284255486328425e-01,1.095961804598781508e-01,2.325227423917890918e-02,9.937041858477362322e-01,-1.259237751710768904e-01,0.000000000000000000e+00,0.000000000000000000e+00,0.000000000000000000e+00,1.000000000000000000e+00
5.764504123407021563e-01,8.130167778661225864e-01,-8.190629414411614018e-02,1.297968180791035930e-01,-8.097361732133017131e-01,5.818116646143889348e-01,7.630541729465761813e-02,-4.553836400765232661e-01,1.096916218410164262e-01,2.233619991900493221e-02,9.937146684391178209e-01,-1.258489704313534574e-01,0.000000000000000000e+00,0.000000000000000000e+00,0.000000000000000000e+00,1.000000000000000000e+00
5.762355119095325939e-01,8.132529530341066071e-01,-8.106953309144079856e-02,1.299414059163662150e-01,-8.098632890806007900e-01,5.815239676963983584e-01,7.714485073023107098e-02,-4.553852901043730084e-01,1.098821542103649018e-01,2.120163616194367315e-02,9.937184726119094869e-01,-1.256157071281318593e-01,0.000000000000000000e+00,0.000000000000000000e+00,0.000000000000000000e+00,1.000000000000000000e+00
5.760814092202204417e-01,8.131404936752223422e-01,-8.326312206770106195e-02,1.300076274069884019e-01,-8.099214859810256462e-01,5.815876971337512469e-01,7.604562504804283918e-02,-4.552594479855193166e-01,1.102605845129270845e-01,2.362812070978296750e-02,9.936218170987349829e-01,-1.260017275977232121e-01,0.000000000000000000e+00,0.000000000000000000e+00,0.000000000000000000e+00,1.000000000000000000e+00
5.762065609363533625e-01,8.130907307042558596e-01,-8.288222232010966639e-02,1.299318874796004941e-01,-8.098509569858725055e-01,5.816726651934371883e-01,7.614681894754454783e-02,-4.553689944467107509e-01,1.101245958129568325e-01,2.324595039104884048e-02,9.936459123789771475e-01,-1.256602121542755857e-01,0.000000000000000000e+00,0.000000000000000000e+00,0.000000000000000000e+00,1.000000000000000000e+00
5.763744734714095763e-01,8.130210898178329426e-01,-8.239644313912186657e-02,1.298889721247585838e-01,-8.099511075597942700e-01,5.817475191372249999e-01,7.449179377855486006e-02,-4.551745997198262117e-01,1.084973257422415238e-01,2.380192196246398717e-02,9.938117522034415341e-01,-1.263471031143583723e-01,0.000000000000000000e+00,0.000000000000000000e+00,0.000000000000000000e+00,1.000000000000000000e+00
5.761270118388954753e-01,8.130799508843390422e-01,-8.353837261705703010e-02,1.298861524263713041e-01,-8.098317768813326767e-01,5.816711327939757536e-01,7.636220549065174390e-02,-4.553068784442378947e-01,1.106804381216877214e-01,2.365769946748927030e-02,9.935744329807894015e-01,-1.258938964105258407e-01,0.000000000000000000e+00,0.000000000000000000e+00,0.000000000000000000e+00,1.000000000000000000e+00
5.761058204840839858e-01,8.130841115163672805e-01,-8.364395497584184436e-02,1.299158224882388524e-01,-8.097995433189607573e-01,5.816700547530770926e-01,7.671145314720204111e-02,-4.553584992939793130e-01,1.110260475958840254e-01,2.354092188493324411e-02,9.935386463304004545e-01,-1.255950714740960983e-01,0.000000000000000000e+00,0.000000000000000000e+00,0.000000000000000000e+00,1.000000000000000000e+00
5.764058681394730321e-01,8.130544474337213501e-01,-8.184583485203419939e-02,1.297565889055557475e-01,-8.098380531040052510e-01,5.817472599593757066e-01,7.571296635631821759e-02,-4.552868618482087681e-01,1.091723541886627236e-01,2.264047344921499283e-02,9.937649651919212568e-01,-1.260794393255320056e-01,0.000000000000000000e+00,0.000000000000000000e+00,0.000000000000000000e+00,1.000000000000000000e+00
5.765754770586676292e-01,8.129013658826451660e-01,-8.217109346174983342e-02,1.297901498903684114e-01,-8.098853069001834548e-01,5.819099867070240961e-01,7.393616867154237382e-02,-4.552099594030160068e-01,1.079189924052549043e-01,2.391937952290826633e-02,9.938719003782497952e-01,-1.263942755353193448e-01,0.000000000000000000e+00,0.000000000000000000e+00,0.000000000000000000e+00,1.000000000000000000e+00
5.763395810135423236e-01,8.131266993445246394e-01,-8.159447389507078208e-02,1.298939577719763760e-01,-8.099027713060954481e-01,5.816542532907973406e-01,7.573526694632710943e-02,-4.553457536254934546e-01,1.090421404221362939e-01,2.243435851108574464e-02,9.937839358584718008e-01,-1.257735459705338066e-01,0.000000000000000000e+00,0.000000000000000000e+00,0.000000000000000000e+00,1.000000000000000000e+00
5.760563449425832871e-01,8.130746462738940306e-01,-8.407560310799963577e-02,1.300229315720495826e-01,-8.099012626663972814e-01,5.816469023627521828e-01,7.580782085768326961e-02,-4.553000451038893281e-01,1.105397312407037091e-01,2.442336091526862984e-02,9.935715712815236245e-01,-1.258621827491483991e-01,0.000000000000000000e+00,0.000000000000000000e+00,0.000000000000000000e+00,1.000000000000000000e+00
5.762782454976823621e-01,8.131129373464592858e-01,-8.216285587737713614e-02,1.297813541872459564e-01,-8.097498827846255631e-01,5.816864972834699943e-01,7.710996179724986799e-02,-4.553597328784208531e-01,1.104921313777531416e-01,2.209456942104375335e-02,9.936313797911681123e-01,-1.258728814966294518e-01,0.000000000000000000e+00,0.000000000000000000e+00,0.000000000000000000e+00,1.000000000000000000e+00
5.762503965975839249e-01,8.131327680518791734e-01,-8.216192513212225434e-02,1.298824661240178813e-01,-8.099782471232770398e-01,5.816156469810040974e-01,7.522285805506216672e-02,-4.551854977134361380e-01,1.089528320340103773e-01,2.320217031135695870e-02,9.937761013853230185e-01,-1.264001496872735331e-01,0.000000000000000000e+00,0.000000000000000000e+00,0.000000000000000000e+00,1.000000000000000000e+00
5.762267151283850808e-01,8.129301879939936359e-01,-8.430469868519460674e-02,1.298728339361705508e-01,-8.099007951260697169e-01,5.818103720025930015e-01,7.454792474888112530e-02,-4.551596183843367172e-01,1.096516065842695897e-01,2.532193670031699859e-02,9.936474851249984530e-01,-1.264662735975552454e-01,0.000000000000000000e+00,0.000000000000000000e+00,0.000000000000000000e+00,1.000000000000000000e+00
5.763275952546710323e-01,8.131035569173125088e-01,-8.190914891746173265e-02,1.298541051268897739e-01,-8.097399214800539147e-01,5.817065392306021154e-01,7.706336209790018432e-02,-4.553384018081086948e-01,1.103075813779101355e-01,2.191136565280073917e-02,9.936559412320671303e-01,-1.257643863463213663e-01,0.000000000000000000e+00,0.000000000000000000e+00,0.000000000000000000e+00,1.000000000000000000e+00
5.762480587262938103e-01,8.130802685677229746e-01,-8.269614065975336437e-02,1.299021272821642148e-01,-8.098450843196423055e-01,5.816915608523786085e-01,7.606488964321961310e-02,-4.553428899426017473e-01,1.099505080365229537e-01,2.313881801137190192e-02,9.936676913755159157e-01,-1.257734045348577467e-01,0.000000000000000000e+00,0.000000000000000000e+00,0.000000000000000000e+00,1.000000000000000000e+00
5.761491676442869192e-01,8.129980599944710562e-01,-8.418011088150241517e-02,1.300436877718564865e-01,-8.099572846226352762e-01,5.817214540013855295e-01,7.462805800261405886e-02,-4.552470610013135133e-01,1.096418428772655135e-01,2.518540052769839208e-02,9.936520326003146497e-01,-1.260516956013033596e-01,0.000000000000000000e+00,0.000000000000000000e+00,0.000000000000000000e+00,1.000000000000000000e+00
5.761051028173835853e-01,8.129675915039367151e-01,-8.477385016654902239e-02,1.300280855104138933e-01,-8.100074407533786047e-01,5.817274857335095195e-01,7.403430465893225121e-02,-4.551389889192183902e-01,1.095027690605766407e-01,2.601590871866907642e-02,9.936459711897432934e-01,-1.264085970066031184e-01,0.000000000000000000e+00,0.000000000000000000e+00,0.000000000000000000e+00,1.000000000000000000e+00
5.762032838941816282e-01,8.130750189429617469e-01,-8.305895015266914760e-02,1.299240054666878641e-01,-8.098971719230613209e-01,5.816765315635541445e-01,7.562396140920453480e-02,-4.552581627771986050e-01,1.098013958954455194e-01,2.369443392647474500e-02,9.936710860542916635e-01,-1.259854369737503088e-01,0.000000000000000000e+00,0.000000000000000000e+00,0.000000000000000000e+00,1.000000000000000000e+00
5.762640092667603575e-01,8.130279000087999863e-01,-8.309888946959481659e-02,1.299345360388251547e-01,-8.100930793078898740e-01,5.816871675408961107e-01,7.341145670609208751e-02,-4.550636939228199229e-01,1.080231201237035754e-01,2.501345488992421165e-02,9.938336543874984885e-01,-1.268325113080988054e-01,0.000000000000000000e+00,0.000000000000000000e+00,0.000000000000000000e+00,1.000000000000000000e+00
5.761454672987517123e-01,8.130399465535301795e-01,-8.380003472156916100e-02,1.300156417983702739e-01,-8.099349596200807744e-01,5.816884272133274747e-01,7.512612615664351901e-02,-4.552405245245323417e-01,1.098260519927829748e-01,2.458900067751111987e-02,9.936466270004443713e-01,-1.259965067077331025e-01,0.000000000000000000e+00,0.000000000000000000e+00,0.000000000000000000e+00,1.000000000000000000e+00
5.760778301953429770e-01,8.131565559995499459e-01,-8.313091478130367473e-02,1.299613445205076712e-01,-8.098149894746222710e-01,5.815946052332948701e-01,7.711937490504779114e-02,-4.553299346781848889e-01,1.110586168635417786e-01,2.289389871731604617e-02,9.935501260741093077e-01,-1.257526343710726469e-01,0.000000000000000000e+00,0.000000000000000000e+00,0.000000000000000000e+00,1.000000000000000000e+00
5.764028653008903547e-01,8.129924954383896951e-01,-8.247993230952489763e-02,1.298420677435059845e-01,-8.097763499635145523e-01,5.818167090645903761e-01,7.583917254966389410e-02,-4.553038499935305738e-01,1.096448809233318139e-01,2.307638217116993531e-02,9.937029136885926484e-01,-1.259852800046461496e-01,0.000000000000000000e+00,0.000000000000000000e+00,0.000000000000000000e+00,1.000000000000000000e+00
5.763091894797871539e-01,8.130366680728132733e-01,-8.269881794928540808e-02,1.299098563747343449e-01,-8.098353677478767887e-01,5.817455047868511642e-01,7.575516355307410077e-02,-4.552036807748522929e-01,1.097013913576853350e-01,2.331403074009341311e-02,9.936911294284749285e-01,-1.262719403315204492e-01,0.000000000000000000e+00,0.000000000000000000e+00,0.000000000000000000e+00,1.000000000000000000e+00
5.763014729815617576e-01,8.130658207001721927e-01,-8.246565011226143771e-02,1.298676220123144431e-01,-8.098124775231672068e-01,5.817220090636834318e-01,7.617910093130400573e-02,-4.553873227984293059e-01,1.099107068809594273e-01,2.287958435084752259e-02,9.936780973398077199e-01,-1.256796446091479336e-01,0.000000000000000000e+00,0.000000000000000000e+00,0.000000000000000000e+00,1.000000000000000000e+00
5.762492525186684311e-01,8.131060512849556110e-01,-8.243390282804430313e-02,1.299228297315494496e-01,-8.099526900051533529e-01,5.816453110339713239e-01,7.526866616070174154e-02,-4.552458012178803859e-01,1.091487009775757300e-01,2.339404873001631885e-02,9.937501092120321067e-01,-1.261593327558396815e-01,0.000000000000000000e+00,0.000000000000000000e+00,0.000000000000000000e+00,1.000000000000000000e+00
5.762289529105237840e-01,8.129285276546777128e-01,-8.430541354408528643e-02,1.298841910834112046e-01,-8.098070777711708912e-01,5.818336702123170223e-01,7.537955292373028915e-02,-4.552016031716953903e-01,1.103299171546782559e-01,2.483523973032129503e-02,9.935846819713856082e-01,-1.263348053949577832e-01,0.000000000000000000e+00,0.000000000000000000e+00,0.000000000000000000e+00,1.000000000000000000e+00
5.761477133372051584e-01,8.130705633812440603e-01,-8.348695334731358331e-02,1.299467917500414793e-01,-8.098679873592284917e-01,5.816759655764147663e-01,7.594020095745415699e-02,-4.553645890800397389e-01,1.103070961770938468e-01,2.386063774613759667e-02,9.936110982166641570e-01,-1.256931410971069418e-01,0.000000000000000000e+00,0.000000000000000000e+00,0.000000000000000000e+00,1.000000000000000000e+00
5.763902185011526846e-01,8.129639681767644177e-01,-8.284867206227332359e-02,1.299531926018852590e-01,-8.100643902473272373e-01,5.817760883457103738e-01,7.302237110906603657e-02,-4.550877807134641184e-01,1.075639329395285532e-01,2.502337857789938697e-02,9.938832078544881377e-01,-1.266429746247079713e-01,0.000000000000000000e+00,0.000000000000000000e+00,0.000000000000000000e+00,1.000000000000000000e+00
5.761945067433958956e-01,8.131136549761932564e-01,-8.274100851446605787e-02,1.299584328491296681e-01,-8.099001175648130602e-01,5.816388806104939579e-01,7.588156647482782735e-02,-4.552945587938866390e-01,1.098257254346036160e-01,2.328941075741764247e-02,9.936779726749183084e-01,-1.259544494773374712e-01,0.000000000000000000e+00,0.000000000000000000e+00,0.000000000000000000e+00,1.000000000000000000e+00
5.763038723537784458e-01,8.130188576023645863e-01,-8.291069830236501292e-02,1.299230913384797903e-01,-8.100191523834078255e-01,5.817202254543263340e-01,7.396318049836127229e-02,-4.551733741322927518e-01,1.083642906224425856e-01,2.453398622959109335e-02,9.938084644626352659e-01,-1.264672943590652299e-01,0.000000000000000000e+00,0.000000000000000000e+00,0.000000000000000000e+00,1.000000000000000000e+00
5.762243635600110547e-01,8.131155933049432072e-01,-8.251372470207936349e-02,1.299412499890204575e-01,-8.098631312391284531e-01,5.816506521875487445e-01,7.618548069910316412e-02,-4.553039922951638840e-01,1.099417641272618790e-01,2.292489332907518551e-02,9.936736173243385650e-01,-1.259457305882729639e-01,0.000000000000000000e+00,0.000000000000000000e+00,0.000000000000000000e+00,1.000000000000000000e+00
5.762006162272061971e-01,8.129702554261194480e-01,-8.409645445426475185e-02,1.299280886088871600e-01,-8.098022956857239274e-01,5.817916127843142382e-01,7.575461171412756212e-02,-4.552800344818258571e-01,1.105128579013300860e-01,2.445164792436049089e-02,9.935738649704227710e-01,-1.260610711129412920e-01,0.000000000000000000e+00,0.000000000000000000e+00,0.000000000000000000e+00,1.000000000000000000e+00
5.762646392226863368e-01,8.130349869367966553e-01,-8.302515039571009559e-02,1.299043890728170947e-01,-8.097907818583575112e-01,5.817478378386340410e-01,7.621248445828743279e-02,-4.553999707958663601e-01,1.102631180348962736e-01,2.331444159223019716e-02,9.936289456404061582e-01,-1.256374362488033025e-01,0.000000000000000000e+00,0.000000000000000000e+00,0.000000000000000000e+00,1.000000000000000000e+00
5.763633027138617138e-01,8.131049477746780108e-01,-8.164365982186158610e-02,1.299075190409023084e-01,-8.099971832750297862e-01,5.816590939648573766e-01,7.468106516714509424e-02,-4.551696441644991209e-01,1.082123207924478581e-01,2.308770911804771536e-02,9.938596738556169097e-01,-1.264313201601034997e-01,0.000000000000000000e+00,0.000000000000000000e+00,0.000000000000000000e+00,1.000000000000000000e+00
5.763275613767966377e-01,8.129423168488940643e-01,-8.349449966211555663e-02,1.299007708173779974e-01,-8.096898648846113655e-01,5.818664187349859018e-01,7.637927370472838429e-02,-4.554181635369572989e-01,1.106745892272223697e-01,2.358516959604957386e-02,9.935768088449484781e-01,-1.256459642604710325e-01,0.000000000000000000e+00,0.000000000000000000e+00,0.000000000000000000e+00,1.000000000000000000e+00
5.762370643723041530e-01,8.129219685482953484e-01,-8.431321779622417967e-02,1.300801883369218093e-01,-8.099609380666674685e-01,5.818057124349507170e-01,7.392828811912102727e-02,-4.551255881632400024e-01,1.091518412568167756e-01,2.569019325781677493e-02,9.936930559889320946e-01,-1.263753448463273976e-01,0.000000000000000000e+00,0.000000000000000000e+00,0.000000000000000000e+00,1.000000000000000000e+00
5.763554656271201448e-01,8.131362817812730626e-01,-8.138651296542821767e-02,1.298638383771655302e-01,-8.099594553032769539e-01,5.816367002192008862e-01,7.526240577432057044e-02,-4.552535033255845076e-01,1.085359756328033026e-01,2.254187678623552002e-02,9.938369110595509648e-01,-1.261868050409111763e-01,0.000000000000000000e+00,0.000000000000000000e+00,0.000000000000000000e+00,1.000000000000000000e+00
5.761774834682742430e-01,8.130543203672722097e-01,-8.343967687065871608e-02,1.299967021120357336e-01,-8.098461357643416125e-01,5.817013210744925722e-01,7.597900662521094028e-02,-4.552011490599784382e-01,1.103120298595322984e-01,2.379590704939489251e-02,9.936121028228099838e-01,-1.261743159386956581e-01,0.000000000000000000e+00,0.000000000000000000e+00,0.000000000000000000e+00,1.000000000000000000e+00
5.761643520028598697e-01,8.130095320095610534e-01,-8.396511384330845873e-02,1.300316202680000255e-01,-8.099332470162660114e-01,5.817198143437865010e-01,7.490122146880857923e-02,-4.551290583288046809e-01,1.097395774495848186e-01,2.485072355940244615e-02,9.936496699942899413e-01,-1.264566908524982214e-01,0.000000000000000000e+00,0.000000000000000000e+00,0.000000000000000000e+00,1.000000000000000000e+00
5.761440273955172886e-01,8.131763123063847631e-01,-8.247632872686695704e-02,1.299222660500328197e-01,-8.098510459286391017e-01,5.815814637485057226e-01,7.683934169704101369e-02,-4.552900258668851063e-01,1.104506365068242818e-01,2.252301329605394670e-02,9.936263738283637181e-01,-1.259071482370237582e-01,0.000000000000000000e+00,0.000000000000000000e+00,0.000000000000000000e+00,1.000000000000000000e+00
5.761318109114395014e-01,8.131120630228529933e-01,-8.319200335744875163e-02,1.299832909359202038e-01,-8.099825053644806871e-01,5.816102325772924964e-01,7.521886973936348086e-02,-4.552075251120534238e-01,1.095466907733177453e-01,2.404808366810545425e-02,9.936907024887107198e-01,-1.262175951650497119e-01,0.000000000000000000e+00,0.000000000000000000e+00,0.000000000000000000e+00,1.000000000000000000e+00
5.762046166823686644e-01,8.130016124061846261e-01,-8.376525496211757738e-02,1.299168644410719775e-01,-8.098971015435353360e-01,5.817431383934028588e-01,7.511062403930890419e-02,-4.552021988955119447e-01,1.097949207627787055e-01,2.456214887053077833e-02,9.936507315035585375e-01,-1.262853035946929214e-01,0.000000000000000000e+00,0.000000000000000000e+00,0.000000000000000000e+00,1.000000000000000000e+00
5.763093278304507461e-01,8.129550045711992912e-01,-8.349682148594378406e-02,1.298715974097998660e-01,-8.098116147059806202e-01,5.818249401724583381e-01,7.539819414686045607e-02,-4.552504544259400321e-01,1.098758724329707837e-01,2.416401324194218311e-02,9.936515451208923766e-01,-1.262086925094898504e-01,0.000000000000000000e+00,0.000000000000000000e+00,0.000000000000000000e+00,1.000000000000000000e+00
5.763073538930671980e-01,8.129601442459597482e-01,-8.346039609515203128e-02,1.299153310739021294e-01,-8.100295035030420365e-01,5.817705784910067734e-01,7.345200784767388913e-02,-4.550555158662143995e-01,1.082683578123654761e-01,2.527445093029748527e-02,9.938003646743072128e-01,-1.267753190933145202e-01,0.000000000000000000e+00,0.000000000000000000e+00,0.000000000000000000e+00,1.000000000000000000e+00
5.763991444923359797e-01,8.129860174119583061e-01,-8.256973853141788555e-02,1.298658743822659334e-01,-8.098168065041617680e-01,5.818133398036458015e-01,7.543193972004680337e-02,-4.551966801806488494e-01,1.093652876003377572e-01,2.338745644936405382e-02,9.937264516701389550e-01,-1.262902243958592408e-01,0.000000000000000000e+00,0.000000000000000000e+00,0.000000000000000000e+00,1.000000000000000000e+00
5.764608593656974644e-01,8.131868564609520122e-01,-8.012499047436087707e-02,1.298374261720191547e-01,-8.099511544740699565e-01,5.816111011592490776e-01,7.554901967892790893e-02,-4.552853071122017758e-01,1.080370537615813614e-01,2.134627572858166511e-02,9.939176683845782900e-01,-1.260364481937257253e-01,0.000000000000000000e+00,0.000000000000000000e+00,0.000000000000000000e+00,1.000000000000000000e+00
5.763055241174641630e-01,8.130851415186355347e-01,-8.224655320021161120e-02,1.298893236588919420e-01,-8.099564017365428192e-01,5.816746158584933379e-01,7.500179032440559834e-02,-4.551463351707070171e-01,1.088235735384885799e-01,2.339217620262182967e-02,9.937858098880354429e-01,-1.265627382089535846e-01,0.000000000000000000e+00,0.000000000000000000e+00,0.000000000000000000e+00,1.000000000000000000e+00
5.763401539007295682e-01,8.131358324203080690e-01,-8.149935604540924083e-02,1.298758176636289896e-01,-8.099243940332297997e-01,5.816414358689306896e-01,7.560235466064833820e-02,-4.552839045192673684e-01,1.088783860625666816e-01,2.243564383880091925e-02,9.938018610034645706e-01,-1.261555315067846017e-01,0.000000000000000000e+00,0.000000000000000000e+00,0.000000000000000000e+00,1.000000000000000000e+00
5.761928626761698702e-01,8.129710500818148056e-01,-8.414188451604869001e-02,1.299842314933848386e-01,-8.099074811676409968e-01,5.817657139905243469e-01,7.482329833536525976e-02,-4.551775089838602795e-01,1.097800389402740912e-01,2.503449128636431320e-02,9.936405875850207181e-01,-1.263515061718378796e-01,0.000000000000000000e+00,0.000000000000000000e+00,0.000000000000000000e+00,1.000000000000000000e+00
5.760991633846441751e-01,8.130738582202665654e-01,-8.378934912220524500e-02,1.300007616042789804e-01,-8.099438532860316897e-01,5.816467181804965136e-01,7.535283507628165456e-02,-4.552092487889285444e-01,1.100032202787182972e-01,2.445396304626054965e-02,9.936303614622712388e-01,-1.261716766326517192e-01,0.000000000000000000e+00,0.000000000000000000e+00,0.000000000000000000e+00,1.000000000000000000e+00
5.761980547601148750e-01,8.132246754469260042e-01,-8.161757736481607683e-02,1.298966988963637381e-01,-8.100209135801369476e-01,5.815119412632177021e-01,7.556442106629637778e-02,-4.551538815019586792e-01,1.089124476515887646e-01,2.257187215377161327e-02,9.937950439270735181e-01,-1.265140771155028876e-01,0.000000000000000000e+00,0.000000000000000000e+00,0.000000000000000000e+00,1.000000000000000000e+00
5.762009535278239669e-01,8.130691013241654330e-01,-8.313301164724117009e-02,1.300205225486201210e-01,-8.098927770941047877e-01,5.816824083536257239e-01,7.562582510442142358e-02,-4.552030353495644666e-01,1.098460320832077147e-01,2.375315313468463058e-02,9.936647507845566274e-01,-1.263027408376351524e-01,0.000000000000000000e+00,0.000000000000000000e+00,0.000000000000000000e+00,1.000000000000000000e+00
5.762607188602487662e-01,8.130797093399655395e-01,-8.261337759894937793e-02,1.299576261889797690e-01,-8.098634187514830440e-01,5.816906626772869737e-01,7.587631990429445639e-02,-4.552859071198213092e-01,1.097489264951117816e-01,2.318100976437341421e-02,9.936889925522345290e-01,-1.260649598381917702e-01,0.000000000000000000e+00,0.000000000000000000e+00,0.000000000000000000e+00,1.000000000000000000e+00
5.763128024076982214e-01,8.129590297684522460e-01,-8.343362451027816484e-02,1.299442493292277678e-01,-8.098837198213689748e-01,5.818060109032642258e-01,7.476714549274425525e-02,-4.552931038635424921e-01,1.093248103098638235e-01,2.448227102961587909e-02,9.937045356925491291e-01,-1.259464530350120626e-01,0.000000000000000000e+00,0.000000000000000000e+00,0.000000000000000000e+00,1.000000000000000000e+00
5.762529574385799602e-01,8.130926909809238490e-01,-8.253971720747556307e-02,1.299271482379689702e-01,-8.099149129734503072e-01,5.816663230883469815e-01,7.551239850574877066e-02,-4.553307173908871519e-01,1.094091531202874418e-01,2.333590491672743461e-02,9.937228349772480041e-01,-1.258916134321854674e-01,0.000000000000000000e+00,0.000000000000000000e+00,0.000000000000000000e+00,1.000000000000000000e+00
5.762335417880573019e-01,8.129628106947512922e-01,-8.394268131100865449e-02,1.299052638414766592e-01,-8.097633585986561133e-01,5.818134376937406094e-01,7.600280777719085890e-02,-4.553337258464559278e-01,1.106264362140260138e-01,2.417834043689139414e-02,9.935679138661344112e-01,-1.258853597186138096e-01,0.000000000000000000e+00,0.000000000000000000e+00,0.000000000000000000e+00,1.000000000000000000e+00
5.762467709606665656e-01,8.131159612338445530e-01,-8.235346103331774026e-02,1.299043320301908055e-01,-8.099157715724536466e-01,5.816436011189536348e-01,7.567803007196288734e-02,-4.552136332536713126e-01,1.094353778062762267e-01,2.309014647282870217e-02,9.937256881153173627e-01,-1.262732947622369206e-01,0.000000000000000000e+00,0.000000000000000000e+00,0.000000000000000000e+00,1.000000000000000000e+00
5.762838748875728223e-01,8.131965079199278135e-01,-8.129166655567672539e-02,1.298493887304945082e-01,-8.098995304364146053e-01,5.815791892751844827e-01,7.634394017140008759e-02,-4.552835718422382216e-01,1.093601670785095265e-01,2.184230090567670229e-02,9.937621786663580759e-01,-1.261107331812616472e-01,0.000000000000000000e+00,0.000000000000000000e+00,0.000000000000000000e+00,1.000000000000000000e+00
5.761571049272871115e-01,8.129195956101133991e-01,-8.488063097607576046e-02,1.298913037840910834e-01,-8.098028429265740069e-01,5.818280785016602952e-01,7.546815656357466762e-02,-4.552877404003964346e-01,1.107354777379205013e-01,2.525506167395914769e-02,9.935289808707137293e-01,-1.260526870875702254e-01,0.000000000000000000e+00,0.000000000000000000e+00,0.000000000000000000e+00,1.000000000000000000e+00
5.764022583096524155e-01,8.130224810978504690e-01,-8.218808821859832636e-02,1.298631148365868015e-01,-8.098247147494740394e-01,5.817788395062086781e-01,7.561291743969303369e-02,-4.553303004894221351e-01,1.092902923249162161e-01,2.297448872781063939e-02,9.937443357681239320e-01,-1.259265659792299097e-01,0.000000000000000000e+00,0.000000000000000000e+00,0.000000000000000000e+00,1.000000000000000000e+00
5.762895370078123802e-01,8.129887937326174541e-01,-8.330420637941809980e-02,1.298937814579578243e-01,-8.098266638489468594e-01,5.817871529532685493e-01,7.552802908731946763e-02,-4.553117974880284691e-01,1.098687583192150818e-01,2.393595462298438170e-02,9.936578515875976736e-01,-1.259444897828265741e-01,0.000000000000000000e+00,0.000000000000000000e+00,0.000000000000000000e+00,1.000000000000000000e+00
5.762714490883413809e-01,8.130871145654516852e-01,-8.246551456973799654e-02,1.299045726907039344e-01,-8.098297697838756637e-01,5.816929640120096501e-01,7.621705577308827972e-02,-4.553859133601185771e-01,1.099407155580608975e-01,2.286131550351526778e-02,9.936751980984686039e-01,-1.256008548171072547e-01,0.000000000000000000e+00,0.000000000000000000e+00,0.000000000000000000e+00,1.000000000000000000e+00
5.763060259483412384e-01,8.130068975128300623e-01,-8.301294508805512340e-02,1.299129971003595285e-01,-8.097625018802129260e-01,5.817876331428577519e-01,7.620918888644506728e-02,-4.553386275766562186e-01,1.102545010615355592e-01,2.330095531505458131e-02,9.936302181783108756e-01,-1.258159630565682807e-01,0.000000000000000000e+00,0.000000000000000000e+00,0.000000000000000000e+00,1.000000000000000000e+00
5.763186412555614258e-01,8.131373294303525512e-01,-8.163643321592313484e-02,1.299315563170425070e-01,-8.101584927906366751e-01,5.815857983982933854e-01,7.349269120547663459e-02,-4.550255263743201439e-01,1.072382408497424416e-01,2.378324175326090861e-02,9.939488503495330640e-01,-1.270854468979236707e-01,0.000000000000000000e+00,0.000000000000000000e+00,0.000000000000000000e+00,1.000000000000000000e+00
5.761758960956797626e-01,8.129306210915141495e-01,-8.464716209127233493e-02,1.299531030289871603e-01,-8.098025705687350584e-01,5.818221228474015350e-01,7.551697865786602404e-02,-4.552652464468990301e-01,1.106396559042457789e-01,2.503642660422643676e-02,9.935451896538384231e-01,-1.261205833663490150e-01,0.000000000000000000e+00,0.000000000000000000e+00,0.000000000000000000e+00,1.000000000000000000e+00
5.762785625692532498e-01,8.131657461555212851e-01,-8.163631301356827352e-02,1.299076906683274135e-01,-8.098913436031376367e-01,5.816086383677872007e-01,7.620632081837278027e-02,-4.552980258802333813e-01,1.094487545832270592e-01,2.220047421346189528e-02,9.937444888223923023e-01,-1.259389563185364658e-01,0.000000000000000000e+00,0.000000000000000000e+00,0.000000000000000000e+00,1.000000000000000000e+00
5.762012224155180773e-01,8.130734813730907673e-01,-8.308829745941900824e-02,1.299032782176493539e-01,-8.098854389160686784e-01,5.816800563869092278e-01,7.572243943144672806e-02,-4.552052635149153592e-01,1.098987129978765409e-01,2.366064009202579685e-02,9.936611328777261720e-01,-1.262749164110110733e-01,0.000000000000000000e+00,0.000000000000000000e+00,0.000000000000000000e+00,1.000000000000000000e+00
5.762236831683056337e-01,8.130587496927937918e-01,-8.307669049705246334e-02,1.298546516525695416e-01,-8.097625057723522035e-01,5.817239835913019519e-01,7.669348838035718041e-02,-4.553304308816140678e-01,1.106840151116390281e-01,2.307978471861230410e-02,9.935876269036914010e-01,-1.259607542337786157e-01,0.000000000000000000e+00,0.000000000000000000e+00,0.000000000000000000e+00,1.000000000000000000e+00
5.761605662570429276e-01,8.130157129652701986e-01,-8.393123591332264655e-02,1.298963355829728661e-01,-8.097171057056737897e-01,5.817608998896021122e-01,7.689254897106498343e-02,-4.553766910911242194e-01,1.113427618572083860e-01,2.365810286591950307e-02,9.935004195020730178e-01,-1.256602699570628090e-01,0.000000000000000000e+00,0.000000000000000000e+00,0.000000000000000000e+00,1.000000000000000000e+00
5.763628851565625322e-01,8.128910477150681491e-01,-8.374944273666590222e-02,1.298978826813591003e-01,-8.098439123201399692e-01,5.818858082999323056e-01,7.457709954901720062e-02,-4.552140515417881783e-01,1.093556687694452467e-01,2.484050409781331931e-02,9.936922496749958089e-01,-1.262258017610726757e-01,0.000000000000000000e+00,0.000000000000000000e+00,0.000000000000000000e+00,1.000000000000000000e+00
5.763886721342170727e-01,8.131070704069296440e-01,-8.144317460422713373e-02,1.299045619095589021e-01,-8.099566031099170171e-01,5.816706528306848645e-01,7.503034528888552490e-02,-4.552947918077905332e-01,1.083808087901103195e-01,2.271879595809513791e-02,9.938498159159744327e-01,-1.259456821890514444e-01,0.000000000000000000e+00,0.000000000000000000e+00,0.000000000000000000e+00,1.000000000000000000e+00
