T00,T01,T02,T03,T10,T11,T12,T13,T20,T21,T22,T23,T30,T31,T32,T33
9.630287271933779536e-01,1.088321735873122170e-01,2.464370682193809392e-01,-1.096194458007812567e-01,1.114611173805549887e-01,-9.937633176028262127e-01,3.299681697165001565e-03,-1.444637603759765521e-01,2.452592300252547375e-01,2.429046272275615925e-02,-9.691531785575144831e-01,1.933352661132812456e+00,0.000000000000000000e+00,0.000000000000000000e+00,0.000000000000000000e+00,1.000000000000000000e+00
9.630604145458040444e-01,1.088058863404580412e-01,2.463248201715200481e-01,-1.096191329956054672e-01,1.114059170355586326e-01,-9.937691719407953928e-01,3.399198372042616309e-03,-1.444505615234374929e-01,2.451598653620339074e-01,2.416840908652447689e-02,-9.691813702387680474e-01,1.933343017578124989e+00,0.000000000000000000e+00,0.000000000000000000e+00,0.000000000000000000e+00,1.000000000000000000e+00
9.629624397070213337e-01,1.089324598119259524e-01,2.466516955401369393e-01,-1.096330261230468728e-01,1.114241335958505441e-01,-9.937653838437423559e-01,3.876122587548685994e-03,-1.444493865966796908e-01,2.455361524621482716e-01,2.375039101199789837e-02,-9.690964434775632963e-01,1.933365722656249952e+00,0.000000000000000000e+00,0.000000000000000000e+00,0.000000000000000000e+00,1.000000000000000000e+00
9.631157894094399818e-01,1.088696767478970207e-01,2.460800066544203968e-01,-1.096311874389648416e-01,1.115640257448365091e-01,-9.937526925537245592e-01,3.009020077697033974e-03,-1.444634704589843888e-01,2.448702602396555517e-01,2.455564145020326661e-02,-9.692448483861713093e-01,1.933358032226562440e+00,0.000000000000000000e+00,0.000000000000000000e+00,0.000000000000000000e+00,1.000000000000000000e+00
9.631051948492326265e-01,1.091452315347944679e-01,2.459993944863245185e-01,-1.096196594238281335e-01,1.114911875211616887e-01,-9.937556178378765814e-01,4.414421908007505960e-03,-1.444533081054687473e-01,2.449450933567426381e-01,2.317521194890873742e-02,-9.692599294263537502e-01,1.933296875000000137e+00,0.000000000000000000e+00,0.000000000000000000e+00,0.000000000000000000e+00,1.000000000000000000e+00
9.627970408446797634e-01,1.085735620242628818e-01,2.474543185521162481e-01,-1.096171951293945374e-01,1.114635831883079575e-01,-9.937657561946942053e-01,2.343381661465412241e-03,-1.444525299072265678e-01,2.461660572937541258e-01,2.532594409201127314e-02,-9.688967276197690826e-01,1.933318847656249950e+00,0.000000000000000000e+00,0.000000000000000000e+00,0.000000000000000000e+00,1.000000000000000000e+00
9.630092238844322194e-01,1.089247950552847122e-01,2.464723589688463390e-01,-1.096170959472656248e-01,1.114432084456111471e-01,-9.937637227189594080e-01,3.751626194551545973e-03,-1.444596405029296982e-01,2.453439341105699278e-01,2.385481984672704198e-02,-9.691425599803306090e-01,1.933300537109374995e+00,0.000000000000000000e+00,0.000000000000000000e+00,0.000000000000000000e+00,1.000000000000000000e+00
9.629946597346515924e-01,1.090432769980389793e-01,2.464768732844350718e-01,-1.096233978271484444e-01,1.114219528173004403e-01,-9.937638025631977401e-01,4.318928746017382941e-03,-1.444369354248046800e-01,2.454107449826143927e-01,2.330382922746484370e-02,-9.691390497706794394e-01,1.933319091796875000e+00,0.000000000000000000e+00,0.000000000000000000e+00,0.000000000000000000e+00,1.000000000000000000e+00
9.630509201732732061e-01,1.086642888914158278e-01,2.464244254799733691e-01,-1.096303558349609464e-01,1.115355653750532416e-01,-9.937577361659760689e-01,2.319367746173996853e-03,-1.444692535400390609e-01,2.451382116477952289e-01,2.525141837595842181e-02,-9.691592351415340145e-01,1.933348754882812548e+00,0.000000000000000000e+00,0.000000000000000000e+00,0.000000000000000000e+00,1.000000000000000000e+00
9.631091941959458724e-01,1.091337787217411814e-01,2.459888176262294279e-01,-1.096251907348632787e-01,1.114882684211321584e-01,-9.937561056772322710e-01,4.378176981267665330e-03,-1.444469604492187587e-01,2.449306964422669486e-01,2.320820482363405296e-02,-9.692627781820420951e-01,1.933331665039062619e+00,0.000000000000000000e+00,0.000000000000000000e+00,0.000000000000000000e+00,1.000000000000000000e+00
9.630548453176983603e-01,1.086865743936016870e-01,2.463992562015728527e-01,-1.096263809204101602e-01,1.113971267443346624e-01,-9.937715777293383290e-01,2.954902781564246184e-03,-1.444414367675781186e-01,2.451857358477668447e-01,2.460243573156821115e-02,-9.691639051743845545e-01,1.933341674804687438e+00,0.000000000000000000e+00,0.000000000000000000e+00,0.000000000000000000e+00,1.000000000000000000e+00
9.628909921944444061e-01,1.084926166217561466e-01,2.471240362436707694e-01,-1.096317138671875080e-01,1.114051829380722919e-01,-9.937726121680003910e-01,2.209189743735323619e-03,-1.444472503662109497e-01,2.458247798032840714e-01,2.540368956182985360e-02,-9.689813363482875364e-01,1.933333251953124998e+00,0.000000000000000000e+00,0.000000000000000000e+00,0.000000000000000000e+00,1.000000000000000000e+00
9.630348302652474990e-01,1.086305667551213799e-01,2.465021615776365749e-01,-1.096270599365234411e-01,1.114064836141513276e-01,-9.937712534644295159e-01,2.700221558813430470e-03,-1.444513702392578036e-01,2.452600886909974964e-01,2.486153161408139606e-02,-9.691384798577994397e-01,1.933312622070312514e+00,0.000000000000000000e+00,0.000000000000000000e+00,0.000000000000000000e+00,1.000000000000000000e+00
9.630435305131103130e-01,1.089137301694773768e-01,2.463431706327873227e-01,-1.096280212402343801e-01,1.114218012461737489e-01,-9.937660226866485980e-01,3.778142482506638769e-03,-1.444781951904297035e-01,2.452189644866449858e-01,2.380948412146393495e-02,-9.691753029880444403e-01,1.933349853515625050e+00,0.000000000000000000e+00,0.000000000000000000e+00,0.000000000000000000e+00,1.000000000000000000e+00
9.630862582800683303e-01,1.090046032198974807e-01,2.461358478340164579e-01,-1.096220855712890657e-01,1.114816577976106976e-01,-9.937588722438124300e-01,3.891505030488757316e-03,-1.444478302001953041e-01,2.450238745240835014e-01,2.369177734106512126e-02,-9.692275277764388353e-01,1.933351318359375126e+00,0.000000000000000000e+00,0.000000000000000000e+00,0.000000000000000000e+00,1.000000000000000000e+00
9.630730820342289222e-01,1.087022749064441851e-01,2.463210386695695031e-01,-1.096222610473632786e-01,1.114345943440020748e-01,-9.937676469246637945e-01,2.862710115349833065e-03,-1.444443206787109357e-01,2.450970620886334106e-01,2.469168596877620303e-02,-9.691840644581090070e-01,1.933327026367187562e+00,0.000000000000000000e+00,0.000000000000000000e+00,0.000000000000000000e+00,1.000000000000000000e+00
9.633603804021841910e-01,1.087233045913168217e-01,2.451856857773364040e-01,-1.096257247924804779e-01,1.114966188165695260e-01,-9.937614532692560232e-01,2.584180459827663950e-03,-1.444441528320312418e-01,2.439370440581577482e-01,2.484787787558739511e-02,-9.694726924989938155e-01,1.933318359375000073e+00,0.000000000000000000e+00,0.000000000000000000e+00,0.000000000000000000e+00,1.000000000000000000e+00
9.629927477673191349e-01,1.081674087638547221e-01,2.468699646146972071e-01,-1.096240386962890612e-01,1.114837178464437306e-01,-9.937661099075026927e-01,5.472243088708705211e-04,-1.444526519775390649e-01,2.453901962236535728e-01,2.699500843902181285e-02,-9.690484616966760223e-01,1.933368896484374932e+00,0.000000000000000000e+00,0.000000000000000000e+00,0.000000000000000000e+00,1.000000000000000000e+00
9.631284039301806210e-01,1.087337234899354299e-01,2.460907452931078154e-01,-1.096306686401367220e-01,1.114126363616661508e-01,-9.937695391211345264e-01,3.054107711192794242e-03,-1.444624176025390561e-01,2.448895710352855248e-01,2.447612083200045169e-02,-9.692419808836034711e-01,1.933380859375000149e+00,0.000000000000000000e+00,0.000000000000000000e+00,0.000000000000000000e+00,1.000000000000000000e+00
9.630799150388185126e-01,1.086534428113126033e-01,2.463158675645378826e-01,-1.096168518066406306e-01,1.114712354664899457e-01,-9.937644707598418670e-01,2.517999004335497171e-03,-1.444441833496093730e-01,2.450535470308408126e-01,2.503209980525609654e-02,-9.691863355758494336e-01,1.933318481445312598e+00,0.000000000000000000e+00,0.000000000000000000e+00,0.000000000000000000e+00,1.000000000000000000e+00
9.631687672918514131e-01,1.089267147541830849e-01,2.458473032724903806e-01,-1.096217880249023419e-01,1.114959107143589923e-01,-9.937587716365599011e-01,3.487934828965810752e-03,-1.444510650634765747e-01,2.446928433924268065e-01,2.405149908542621173e-02,-9.693022943252909140e-01,1.933351928710937528e+00,0.000000000000000000e+00,0.000000000000000000e+00,0.000000000000000000e+00,1.000000000000000000e+00
9.632647688044314593e-01,1.088150915010569070e-01,2.455203882404927984e-01,-1.096272277832031211e-01,1.115233882437515062e-01,-9.937576104619220141e-01,2.888861998241926132e-03,-1.444548797607421997e-01,2.443021061202280408e-01,2.459852659465665628e-02,-9.693871225854989726e-01,1.933361083984375117e+00,0.000000000000000000e+00,0.000000000000000000e+00,0.000000000000000000e+00,1.000000000000000000e+00
9.631257274294059423e-01,1.086504629316135950e-01,2.461379898925069865e-01,-1.096210632324218781e-01,1.114275314031338837e-01,-9.937690020161672466e-01,2.660052103796951492e-03,-1.444640197753906397e-01,2.448933204662418206e-01,2.486458398078200682e-02,-9.692311458338932484e-01,1.933306762695312431e+00,0.000000000000000000e+00,0.000000000000000000e+00,0.000000000000000000e+00,1.000000000000000000e+00
9.630113134258931895e-01,1.084479774263019530e-01,2.466743732248659060e-01,-1.096224288940429725e-01,1.114521389177758198e-01,-9.937681837802211371e-01,1.793777247540512265e-03,-1.444633636474609295e-01,2.453316753792484373e-01,2.576495872896555905e-02,-9.690967629485230939e-01,1.933336669921875028e+00,0.000000000000000000e+00,0.000000000000000000e+00,0.000000000000000000e+00,1.000000000000000000e+00
9.634093715597149554e-01,1.084812414285987875e-01,2.451003938165437768e-01,-1.096187896728515604e-01,1.115671033218782332e-01,-9.937560497947366400e-01,1.301903501157984991e-03,-1.444702148437500000e-01,2.437112312702886807e-01,2.609087492728137669e-02,-9.694968292873622495e-01,1.933305541992187626e+00,0.000000000000000000e+00,0.000000000000000000e+00,0.000000000000000000e+00,1.000000000000000000e+00
9.633095274206494585e-01,1.086852553236958008e-01,2.454022609020303225e-01,-1.096173324584961001e-01,1.115299146446199208e-01,-9.937583715558687691e-01,2.318857906784857828e-03,-1.444452514648437436e-01,2.441225768337883517e-01,2.513591529765962784e-02,-9.694185645231786497e-01,1.933280273437500085e+00,0.000000000000000000e+00,0.000000000000000000e+00,0.000000000000000000e+00,1.000000000000000000e+00
9.631224742453108334e-01,1.089262815953953023e-01,2.460287885215698134e-01,-1.096165771484375051e-01,1.114183266825513607e-01,-9.937662843579615490e-01,3.811633853294294633e-03,-1.444383392333984384e-01,2.449103021166136041e-01,2.374104570510662121e-02,-9.692550266395203451e-01,1.933277465820312457e+00,0.000000000000000000e+00,0.000000000000000000e+00,0.000000000000000000e+00,1.000000000000000000e+00
9.631628261600206908e-01,1.088583450169858940e-01,2.459008560855469039e-01,-1.096249237060546861e-01,1.115294340324603645e-01,-9.937563542510194914e-01,3.081189725032251053e-03,-1.444439086914062476e-01,2.447009514649280404e-01,2.445749590382124625e-02,-9.692900882843451527e-01,1.933282714843750139e+00,0.000000000000000000e+00,0.000000000000000000e+00,0.000000000000000000e+00,1.000000000000000000e+00
9.630308722091518447e-01,1.086577742218570453e-01,2.465056333498938934e-01,-1.096230163574218736e-01,1.114155074010436952e-01,-9.937700333968613187e-01,2.775866165540855426e-03,-1.444541015624999925e-01,2.452715309257239573e-01,2.479130540235738311e-02,-9.691373830854934646e-01,1.933309448242187534e+00,0.000000000000000000e+00,0.000000000000000000e+00,0.000000000000000000e+00,1.000000000000000000e+00
9.630762804143551126e-01,1.088222200743965973e-01,2.462555634322409204e-01,-1.096241073608398425e-01,1.115254244701035236e-01,-9.937570942915125993e-01,2.986175154523235120e-03,-1.444624938964843841e-01,2.450431753793891887e-01,2.458784177942116567e-02,-9.692003302912233220e-01,1.933338867187500032e+00,0.000000000000000000e+00,0.000000000000000000e+00,0.000000000000000000e+00,1.000000000000000000e+00
9.631521856951755778e-01,1.086034032566962487e-01,2.460552132991082608e-01,-1.096281890869140602e-01,1.115199119924811105e-01,-9.937599948034016029e-01,2.093312574069533180e-03,-1.444494171142578220e-01,2.447471683590956293e-01,2.542387715134945825e-02,-9.692535530245930397e-01,1.933332275390625021e+00,0.000000000000000000e+00,0.000000000000000000e+00,0.000000000000000000e+00,1.000000000000000000e+00
9.633061811827396959e-01,1.087180084616040376e-01,2.454008882039127315e-01,-1.096213378906250036e-01,1.114679724593886367e-01,-9.937643621244063308e-01,2.698830721814435632e-03,-1.444602355957031181e-01,2.441640686319747344e-01,2.475453913153353308e-02,-9.694179286466007017e-01,1.933317871093749973e+00,0.000000000000000000e+00,0.000000000000000000e+00,0.000000000000000000e+00,1.000000000000000000e+00
9.630561544934113094e-01,1.088565651408306412e-01,2.463190847622310220e-01,-1.096124191284179733e-01,1.114569254365495310e-01,-9.937634369393635314e-01,3.403700147686873970e-03,-1.444479522705078289e-01,2.451534153639196023e-01,2.417601348866312699e-02,-9.691828121191594647e-01,1.933274536132812527e+00,0.000000000000000000e+00,0.000000000000000000e+00,0.000000000000000000e+00,1.000000000000000000e+00
9.629957104502513410e-01,1.086975024534250489e-01,2.466254541096749020e-01,-1.096172714233398515e-01,1.114415257538676207e-01,-9.937669133067708049e-01,2.847517231442494440e-03,-1.444444732666015641e-01,2.453977342847031284e-01,2.474217001641033226e-02,-9.691066902208513856e-01,1.933278320312500131e+00,0.000000000000000000e+00,0.000000000000000000e+00,0.000000000000000000e+00,1.000000000000000000e+00
9.630866990501256719e-01,1.086536635500893605e-01,2.462892435935371549e-01,-1.096194458007812567e-01,1.115423415174126437e-01,-9.937571693514239968e-01,2.234817992215766200e-03,-1.444479675292968668e-01,2.449945227174387119e-01,2.531935543787464105e-02,-9.691937959348817522e-01,1.933307495117187580e+00,0.000000000000000000e+00,0.000000000000000000e+00,0.000000000000000000e+00,1.000000000000000000e+00
9.629241902508717255e-01,1.084782867041022419e-01,2.470009415841276923e-01,-1.096209564208984466e-01,1.114382802998253180e-01,-9.937693298053570379e-01,2.007192573965354068e-03,-1.444503631591796955e-01,2.456796969908597028e-01,2.559258587860964440e-02,-9.690131609191515727e-01,1.933282470703125089e+00,0.000000000000000000e+00,0.000000000000000000e+00,0.000000000000000000e+00,1.000000000000000000e+00
9.632075865507430112e-01,1.088085098925352379e-01,2.457475399389776605e-01,-1.096208267211914028e-01,1.114669588542966105e-01,-9.937632765866744045e-01,3.109210750639088486e-03,-1.444546813964843746e-01,2.445531890915918771e-01,2.439791553972192606e-02,-9.693288809389972727e-01,1.933320556640625076e+00,0.000000000000000000e+00,0.000000000000000000e+00,0.000000000000000000e+00,1.000000000000000000e+00
9.631666732378675322e-01,1.087297103340057330e-01,2.459426958756497361e-01,-1.096247024536132902e-01,1.114860640496284777e-01,-9.937622431105505028e-01,2.731609527274319119e-03,-1.444593505859375071e-01,2.447055722426877133e-01,2.478818788396131012e-02,-9.692805211365843610e-01,1.933339843750000009e+00,0.000000000000000000e+00,0.000000000000000000e+00,0.000000000000000000e+00,1.000000000000000000e+00
9.633679421308014579e-01,1.084854975879106093e-01,2.452612992050896557e-01,-1.096347961425781226e-01,1.115382618392160158e-01,-9.937590797149995492e-01,1.451767847792682919e-03,-1.444761657714843661e-01,2.438881387451049543e-01,2.595743240578388816e-02,-9.694559234345561105e-01,1.933433593750000012e+00,0.000000000000000000e+00,0.000000000000000000e+00,0.000000000000000000e+00,1.000000000000000000e+00
9.630832923127385925e-01,1.086001773928948894e-01,2.463261527696311570e-01,-1.096284866333007840e-01,1.114272119984995452e-01,-9.937695138912443493e-01,2.475820389505995270e-03,-1.444441375732422039e-01,2.450602956300700908e-01,2.506301519353604235e-02,-9.691838302278423800e-01,1.933357421875000037e+00,0.000000000000000000e+00,0.000000000000000000e+00,0.000000000000000000e+00,1.000000000000000000e+00
9.632507582578208050e-01,1.086228414480401583e-01,2.456604466158274491e-01,-1.096186218261718803e-01,1.115261749555457038e-01,-9.937592658217501151e-01,2.105681172850400532e-03,-1.444331054687499893e-01,2.443560701425665227e-01,2.536927096253689673e-02,-9.693536563480383839e-01,1.933286621093750046e+00,0.000000000000000000e+00,0.000000000000000000e+00,0.000000000000000000e+00,1.000000000000000000e+00
9.630466161126360891e-01,1.084622308339223823e-01,2.465302408965881764e-01,-1.096219253540039046e-01,1.115074467450681978e-01,-9.937622816660653946e-01,1.617670625161014841e-03,-1.444280853271484311e-01,2.451679108578377064e-01,2.593206548627901079e-02,-9.691337490074414251e-01,1.933367309570312553e+00,0.000000000000000000e+00,0.000000000000000000e+00,0.000000000000000000e+00,1.000000000000000000e+00
9.630898725583847408e-01,1.089222296742629603e-01,2.461581712197701555e-01,-1.096191024780273499e-01,1.114593067496291723e-01,-9.937623106580768528e-01,3.645936698878712509e-03,-1.444394683837890714e-01,2.450198365732183803e-01,2.392525440423306365e-02,-9.692228133341302954e-01,1.933330688476562642e+00,0.000000000000000000e+00,0.000000000000000000e+00,0.000000000000000000e+00,1.000000000000000000e+00
9.632536287368965722e-01,1.086505363401121249e-01,2.456369428205111838e-01,-1.096171035766601576e-01,1.115629658792351986e-01,-9.937552100218062234e-01,2.070555177841404762e-03,-1.444571380615234379e-01,2.443279586323057750e-01,2.540951608200862910e-02,-9.693596882081739752e-01,1.933311767578125062e+00,0.000000000000000000e+00,0.000000000000000000e+00,0.000000000000000000e+00,1.000000000000000000e+00
9.631085865568730364e-01,1.085115927791528850e-01,2.462662882591805935e-01,-1.096242752075195365e-01,1.115286000935943184e-01,-9.937597589695202904e-01,1.706696810888747376e-03,-1.444553680419921882e-01,2.449147236521023452e-01,2.582200002657578791e-02,-9.692007028748185204e-01,1.933341796874999963e+00,0.000000000000000000e+00,0.000000000000000000e+00,0.000000000000000000e+00,1.000000000000000000e+00
9.632278664946489766e-01,1.085658795426793916e-01,2.457753588285266910e-01,-1.096295471191406218e-01,1.114815197508727124e-01,-9.937643678383747403e-01,2.062030269223687901e-03,-1.444689483642578043e-01,2.444666602263024235e-01,2.541320550264850736e-02,-9.693246210758692527e-01,1.933385131835937631e+00,0.000000000000000000e+00,0.000000000000000000e+00,0.000000000000000000e+00,1.000000000000000000e+00
9.632871538924826504e-01,1.088754507377391323e-01,2.454057769743298312e-01,-1.096228942871093764e-01,1.114822252812465719e-01,-9.937609901560965353e-01,3.287535599207783502e-03,-1.444473266601562500e-01,2.442326198362163303e-01,2.419154130329050773e-02,-9.694148733835835641e-01,1.933357666015625087e+00,0.000000000000000000e+00,0.000000000000000000e+00,0.000000000000000000e+00,1.000000000000000000e+00
9.631935964837846642e-01,1.088741905477491195e-01,2.457732823665026989e-01,-1.096185531616210990e-01,1.114607175074150552e-01,-9.937630066783617044e-01,3.405144683406961803e-03,-1.444507293701171868e-01,2.446111284168495659e-01,2.411425284256451737e-02,-9.693213598515616480e-01,1.933301391601562447e+00,0.000000000000000000e+00,0.000000000000000000e+00,0.000000000000000000e+00,1.000000000000000000e+00
9.632967849306256491e-01,1.086693115110791696e-01,2.454593344691303747e-01,-1.096266326904296873e-01,1.114890935146178597e-01,-9.937627068350155524e-01,2.421679423892748526e-03,-1.444555816650390789e-01,2.441914948756593873e-01,2.503324269149620473e-02,-9.694038635113541025e-01,1.933340820312499986e+00,0.000000000000000000e+00,0.000000000000000000e+00,0.000000000000000000e+00,1.000000000000000000e+00
9.632775347956922252e-01,1.086207601674667178e-01,2.455563508007396756e-01,-1.096286239624023467e-01,1.115827192898825315e-01,-9.937534056615079381e-01,1.861583205294730856e-03,-1.444548187255859373e-01,2.442246664729210703e-01,2.560662408043348076e-02,-9.693805305912607251e-01,1.933331909179687447e+00,0.000000000000000000e+00,0.000000000000000000e+00,0.000000000000000000e+00,1.000000000000000000e+00
9.631577703445759475e-01,1.088036363085383013e-01,2.459448681125593339e-01,-1.096212539672851566e-01,1.114870170292248247e-01,-9.937612707002987378e-01,3.030163370634537598e-03,-1.444492340087890625e-01,2.447401774510883365e-01,2.450113430367518996e-02,-9.692790825964641144e-01,1.933295166015625011e+00,0.000000000000000000e+00,0.000000000000000000e+00,0.000000000000000000e+00,1.000000000000000000e+00
9.631797252972735812e-01,1.082515793502652757e-01,2.461024427843864215e-01,-1.096261444091796849e-01,1.115675815256929604e-01,-9.937567369259068251e-01,4.717699462215615286e-04,-1.444550781249999971e-01,2.446170303326749562e-01,2.700265510181402290e-02,-9.692437077890554420e-01,1.933340332031250108e+00,0.000000000000000000e+00,0.000000000000000000e+00,0.000000000000000000e+00,1.000000000000000000e+00
9.631166010339204941e-01,1.085492312533269249e-01,2.462183527017846041e-01,-1.096256027221679669e-01,1.115044653017017856e-01,-9.937620182588557949e-01,1.950713681589087006e-03,-1.444558410644531388e-01,2.448941955838280782e-01,2.557568103487586203e-02,-9.692124212518906656e-01,1.933356323242187536e+00,0.000000000000000000e+00,0.000000000000000000e+00,0.000000000000000000e+00,1.000000000000000000e+00
9.631086795114167654e-01,1.087008942625471292e-01,2.461824263352229702e-01,-1.096300735473632881e-01,1.114821956333042902e-01,-9.937628865582281978e-01,2.654308993992394658e-03,-1.444565582275390558e-01,2.449354843760956912e-01,2.488856938396556001e-02,-9.692198757802414910e-01,1.933371704101562560e+00,0.000000000000000000e+00,0.000000000000000000e+00,0.000000000000000000e+00,1.000000000000000000e+00
9.633607817799105799e-01,1.090484801748552030e-01,2.450396561782472726e-01,-1.096306152343750062e-01,1.115708278996399710e-01,-9.937499368061655236e-01,3.607417293708217385e-03,-1.444498443603515758e-01,2.439015262153731156e-01,2.386403296377705846e-02,-9.695063452296306394e-01,1.933383544921875030e+00,0.000000000000000000e+00,0.000000000000000000e+00,0.000000000000000000e+00,1.000000000000000000e+00
9.631463768359868061e-01,1.086720897365330424e-01,2.460476248615434125e-01,-1.096229095458984421e-01,1.114363509473082908e-01,-9.937678944289208838e-01,2.704013657177576149e-03,-1.444391632080078147e-01,2.448080809026945137e-01,2.481428851699699067e-02,-9.692539680651998113e-01,1.933296875000000137e+00,0.000000000000000000e+00,0.000000000000000000e+00,0.000000000000000000e+00,1.000000000000000000e+00
9.632303789302378849e-01,1.085944367960813700e-01,2.457528950040111237e-01,-1.096200332641601577e-01,1.114536238332414081e-01,-9.937670044265580760e-01,2.287060887646909582e-03,-1.444452056884765745e-01,2.444694803863029231e-01,2.518708419026247092e-02,-9.693298117512139100e-01,1.933311645507812537e+00,0.000000000000000000e+00,0.000000000000000000e+00,0.000000000000000000e+00,1.000000000000000000e+00
9.632349344150716863e-01,1.085931035972752118e-01,2.457356282135413073e-01,-1.096193847656250081e-01,1.115259396205040138e-01,-9.937595246148873684e-01,1.992994971500135215e-03,-1.444616088867187453e-01,2.444185465838385196e-01,2.548617445408753179e-02,-9.693348384317668209e-01,1.933303466796875147e+00,0.000000000000000000e+00,0.000000000000000000e+00,0.000000000000000000e+00,1.000000000000000000e+00
9.628397184819452725e-01,1.086513188753322201e-01,2.472540544061089807e-01,-1.096101379394531228e-01,1.113845689719339949e-01,-9.937730015534183003e-01,2.949436971047264891e-03,-1.444615631103515763e-01,2.460348640102550388e-01,2.470045121370417762e-02,-9.689461973718120902e-01,1.933268188476562566e+00,0.000000000000000000e+00,0.000000000000000000e+00,0.000000000000000000e+00,1.000000000000000000e+00
9.630552764778477215e-01,1.085340322022691900e-01,2.464648013451278818e-01,-1.096213302612304707e-01,1.115062224757734505e-01,-9.937619034323372791e-01,1.908307030214100031e-03,-1.444517059326171915e-01,2.451344463704762111e-01,2.564455381664967198e-02,-9.691498646041205589e-01,1.933344238281250016e+00,0.000000000000000000e+00,0.000000000000000000e+00,0.000000000000000000e+00,1.000000000000000000e+00
9.631551871046435398e-01,1.087060889445305156e-01,2.459981133663482755e-01,-1.096181411743164108e-01,1.114387343132822727e-01,-9.937672811804953987e-01,2.828312178642634900e-03,-1.444485015869140521e-01,2.447723310508616301e-01,2.468961485139028675e-02,-9.692661806079987397e-01,1.933339721679687484e+00,0.000000000000000000e+00,0.000000000000000000e+00,0.000000000000000000e+00,1.000000000000000000e+00
9.631881603884847598e-01,1.086804320536088747e-01,2.458803192125954273e-01,-1.096238250732421843e-01,1.114869337068529892e-01,-9.937627041944904205e-01,2.520191401034672235e-03,-1.444514770507812629e-01,2.446205864192355361e-01,2.498502432848500807e-02,-9.692969190393699863e-01,1.933372436523437488e+00,0.000000000000000000e+00,0.000000000000000000e+00,0.000000000000000000e+00,1.000000000000000000e+00
9.631935713084928130e-01,1.085205666552006287e-01,2.459297273670385531e-01,-1.096220779418945329e-01,1.114602750954975241e-01,-9.937669226330091421e-01,1.977512618244459813e-03,-1.444406890869140703e-01,2.446114291394164697e-01,2.550666762541633006e-02,-9.692856434720463765e-01,1.933334960937500124e+00,0.000000000000000000e+00,0.000000000000000000e+00,0.000000000000000000e+00,1.000000000000000000e+00
9.633354511976105483e-01,1.086085641455991485e-01,2.453344416508359271e-01,-1.096176757812500069e-01,1.114670963085900163e-01,-9.937655849216328052e-01,2.246923651720619808e-03,-1.444605865478515716e-01,2.440489600601233044e-01,2.518217662547101929e-02,-9.694358994146935471e-01,1.933311645507812537e+00,0.000000000000000000e+00,0.000000000000000000e+00,0.000000000000000000e+00,1.000000000000000000e+00
9.631629049195015169e-01,1.084463375983579225e-01,2.460825277189150895e-01,-1.096260299682617206e-01,1.115709097061525767e-01,-9.937556860246316015e-01,1.252438044596630023e-03,-1.444534606933593757e-01,2.446817334709912029e-01,2.624934961512346773e-02,-9.692480698719053711e-01,1.933327758789062489e+00,0.000000000000000000e+00,0.000000000000000000e+00,0.000000000000000000e+00,1.000000000000000000e+00
9.630593422859262676e-01,1.085043928447745887e-01,2.464619645486627875e-01,-1.096230468750000048e-01,1.114840108602038748e-01,-9.937644590542468181e-01,1.874898168640767859e-03,-1.444655914306640643e-01,2.451285755645829234e-01,2.567093013522603329e-02,-9.691506512341986346e-01,1.933316772460937472e+00,0.000000000000000000e+00,0.000000000000000000e+00,0.000000000000000000e+00,1.000000000000000000e+00
9.630747319364948433e-01,1.086858414848080323e-01,2.463218394016017110e-01,-1.096210937499999954e-01,1.115114620769072362e-01,-9.937600238470990499e-01,2.491752171516212547e-03,-1.444504547119140614e-01,2.450556151793297499e-01,2.506796489851057658e-02,-9.691848856667791834e-01,1.933317749023437448e+00,0.000000000000000000e+00,0.000000000000000000e+00,0.000000000000000000e+00,1.000000000000000000e+00
9.633391162709648015e-01,1.082382351381007551e-01,2.454836685330933632e-01,-1.096319580078125022e-01,1.115378272285627997e-01,-9.937600802591759486e-01,4.647369231729897576e-04,-1.444571228027343723e-01,2.440021724481315213e-01,2.693301575140999438e-02,-9.694006150725955617e-01,1.933361206054687642e+00,0.000000000000000000e+00,0.000000000000000000e+00,0.000000000000000000e+00,1.000000000000000000e+00
9.629220715597098801e-01,1.086228181010845117e-01,2.469456772064167749e-01,-1.096201553344726548e-01,1.114194764433724671e-01,-9.937698951203600695e-01,2.663798332020749643e-03,-1.444482269287109544e-01,2.456965290195241292e-01,2.494952785620629249e-02,-9.690256635855990508e-01,1.933337036132812603e+00,0.000000000000000000e+00,0.000000000000000000e+00,0.000000000000000000e+00,1.000000000000000000e+00
9.631849109605877812e-01,1.088859871649392186e-01,2.458020933534975083e-01,-1.096297149658203157e-01,1.114945353378082038e-01,-9.937594934810497493e-01,3.322304334897467279e-03,-1.444558105468750075e-01,2.446299161747210738e-01,2.420559677851656655e-02,-9.693143417885371482e-01,1.933362182617187619e+00,0.000000000000000000e+00,0.000000000000000000e+00,0.000000000000000000e+00,1.000000000000000000e+00
9.630749496874841942e-01,1.084699568322280011e-01,2.464161312683574856e-01,-1.096319122314453193e-01,1.113995376496477313e-01,-9.937735582753217667e-01,2.063464138378738252e-03,-1.444799194335937564e-01,2.451056594530091615e-01,2.546337247145889771e-02,-9.691619226767449469e-01,1.933393066406249972e+00,0.000000000000000000e+00,0.000000000000000000e+00,0.000000000000000000e+00,1.000000000000000000e+00
9.631266226407807496e-01,1.086218668239583851e-01,2.461471080639411335e-01,-1.096283874511718714e-01,1.114288046185452630e-01,-9.937691754151215529e-01,2.539192003730485550e-03,-1.444545745849609431e-01,2.448892203871892437e-01,2.498231459308742491e-02,-9.692291543777079577e-01,1.933353393554687605e+00,0.000000000000000000e+00,0.000000000000000000e+00,0.000000000000000000e+00,1.000000000000000000e+00
9.631463429172369972e-01,1.086797998392286940e-01,2.460443521645187537e-01,-1.096303558349609464e-01,1.114759601082341983e-01,-9.937637860576015170e-01,2.578340243130106471e-03,-1.444699401855468746e-01,2.447901804466427467e-01,2.494471141078111187e-02,-9.692551412964148794e-01,1.933366455078125101e+00,0.000000000000000000e+00,0.000000000000000000e+00,0.000000000000000000e+00,1.000000000000000000e+00
9.633136774354046361e-01,1.087694301173283556e-01,2.453486701366629497e-01,-1.096245880126953121e-01,1.115424861974690235e-01,-9.937562435051733312e-01,2.608115674996424466e-03,-1.444451599121093777e-01,2.441004560396494716e-01,2.485436715022837362e-02,-9.694313940629305515e-01,1.933340332031250108e+00,0.000000000000000000e+00,0.000000000000000000e+00,0.000000000000000000e+00,1.000000000000000000e+00
9.630878661504016502e-01,1.086382361542319180e-01,2.462914852754028994e-01,-1.096301574707031212e-01,1.114537633687439494e-01,-9.937664191134523151e-01,2.522473661087093824e-03,-1.444531250000000155e-01,2.450302444695566240e-01,2.502074914394427502e-02,-9.691925203010316459e-01,1.933384765625000057e+00,0.000000000000000000e+00,0.000000000000000000e+00,0.000000000000000000e+00,1.000000000000000000e+00
9.632290850374800595e-01,1.088339851618238402e-01,2.456519762014030550e-01,-1.096305999755859406e-01,1.115621106421830905e-01,-9.937534441145137176e-01,2.826266017827434862e-03,-1.444412841796874902e-01,2.444250911975284213e-01,2.468311131802741060e-02,-9.693539698215207778e-01,1.933385253906249934e+00,0.000000000000000000e+00,0.000000000000000000e+00,0.000000000000000000e+00,1.000000000000000000e+00
9.631293811500621915e-01,1.087910676410980132e-01,2.460615751534731277e-01,-1.096343841552734344e-01,1.114681354428560117e-01,-9.937632800316972270e-01,3.065622536424398442e-03,-1.444555053710937509e-01,2.448604703630036517e-01,2.447543385014372061e-02,-9.692493503693752066e-01,1.933413940429687505e+00,0.000000000000000000e+00,0.000000000000000000e+00,0.000000000000000000e+00,1.000000000000000000e+00
9.632563171881888264e-01,1.085374653885271962e-01,2.456763847098080156e-01,-1.096330718994140696e-01,1.113984230779609813e-01,-9.937732448928427997e-01,2.264745215988343829e-03,-1.444510650634765747e-01,2.443924277321025129e-01,2.518643170804460082e-02,-9.693492584847965832e-01,1.933365234375000075e+00,0.000000000000000000e+00,0.000000000000000000e+00,0.000000000000000000e+00,1.000000000000000000e+00
9.631939574899971435e-01,1.088238795499675976e-01,2.457941486171957013e-01,-1.096302566528320338e-01,1.114497067590753260e-01,-9.937647767248561914e-01,3.245212522023996002e-03,-1.444307556152343852e-01,2.446147238374543342e-01,2.426791669449865352e-02,-9.693166175720061561e-01,1.933376098632812568e+00,0.000000000000000000e+00,0.000000000000000000e+00,0.000000000000000000e+00,1.000000000000000000e+00
9.631714552234130755e-01,1.086225435956916507e-01,2.459713212259004023e-01,-1.096250381469726642e-01,1.114547606229755738e-01,-9.937665605389410795e-01,2.420638155316817697e-03,-1.444469604492187587e-01,2.447010097594372879e-01,2.508318515272393856e-02,-9.692740838613741472e-01,1.933353271484375080e+00,0.000000000000000000e+00,0.000000000000000000e+00,0.000000000000000000e+00,1.000000000000000000e+00
9.630591968448188878e-01,1.085053981893071284e-01,2.464620902621586784e-01,-1.096135253906250079e-01,1.114216951760050034e-01,-9.937709437475049645e-01,2.125372273024837486e-03,-1.444639739990234428e-01,2.451574784025932485e-01,2.541436457937572974e-02,-9.691501023351897226e-01,1.933306884765624956e+00,0.000000000000000000e+00,0.000000000000000000e+00,0.000000000000000000e+00,1.000000000000000000e+00
9.632534878771690234e-01,1.086299934391836836e-01,2.456465807168324855e-01,-1.096313781738281340e-01,1.115107388077422462e-01,-9.937608054266675595e-01,2.194704602546679664e-03,-1.444430236816406365e-01,2.443523546500419585e-01,2.527817483806651250e-02,-9.693569727679458570e-01,1.933360717773437543e+00,0.000000000000000000e+00,0.000000000000000000e+00,0.000000000000000000e+00,1.000000000000000000e+00
9.630254413616528009e-01,1.087092359336292863e-01,2.465041608430170172e-01,-1.096153793334960908e-01,1.114568722190384248e-01,-9.937652647352031021e-01,2.822098673048159187e-03,-1.444633941650390607e-01,2.452740608489663021e-01,2.475682993636311308e-02,-9.691376240999827196e-01,1.933298339843749991e+00,0.000000000000000000e+00,0.000000000000000000e+00,0.000000000000000000e+00,1.000000000000000000e+00
9.630280805828818069e-01,1.085826293038695128e-01,2.465496473781886300e-01,-1.096171417236328216e-01,1.115177736192680541e-01,-9.937602836095434933e-01,2.069996927882089902e-03,-1.444586791992187591e-01,2.452360132114620450e-01,2.550120259396045086e-02,-9.691279515576926018e-01,1.933318481445312598e+00,0.000000000000000000e+00,0.000000000000000000e+00,0.000000000000000000e+00,1.000000000000000000e+00
9.630110268537840357e-01,1.087146711696545531e-01,2.465580711120500534e-01,-1.096183319091796893e-01,1.114239455919976973e-01,-9.937684963490199808e-01,2.979935052955471134e-03,-1.444445953369140612e-01,2.453456062511256419e-01,2.460276278555272728e-02,-9.691234377294698499e-01,1.933316040039062544e+00,0.000000000000000000e+00,0.000000000000000000e+00,0.000000000000000000e+00,1.000000000000000000e+00
9.632071313812551328e-01,1.089267353107442327e-01,2.456969442032936601e-01,-1.096232147216796848e-01,1.115180100076912373e-01,-9.937566473235921460e-01,3.385165298462012792e-03,-1.444387817382812578e-01,2.445317065335655127e-01,2.413901892613909417e-02,-9.693407823180997251e-01,1.933329711914062443e+00,0.000000000000000000e+00,0.000000000000000000e+00,0.000000000000000000e+00,1.000000000000000000e+00
9.630797202358055698e-01,1.087535765278819649e-01,2.462724346387893948e-01,-1.096337127685546864e-01,1.114563270245804844e-01,-9.937648617274602580e-01,2.981067257205384166e-03,-1.444441833496093730e-01,2.450610936821927544e-01,2.457761559216704861e-02,-9.691960592032405897e-01,1.933350708007812502e+00,0.000000000000000000e+00,0.000000000000000000e+00,0.000000000000000000e+00,1.000000000000000000e+00
9.631510621300234387e-01,1.090263446754341226e-01,2.458725029044949162e-01,-1.096371078491210904e-01,1.114352181652506768e-01,-9.937630852115231228e-01,4.137949170499435891e-03,-1.444613952636718823e-01,2.447901625275624160e-01,2.341338586339204025e-02,-9.692933455317545022e-01,1.933401611328124936e+00,0.000000000000000000e+00,0.000000000000000000e+00,0.000000000000000000e+00,1.000000000000000000e+00
9.630911651633006221e-01,1.084733434925245349e-01,2.463512560064365087e-01,-1.096333618164062468e-01,1.114583490158966156e-01,-9.937674070213865507e-01,1.837709618159046390e-03,-1.444557342529296795e-01,2.450151914046282131e-01,2.568802237508529401e-02,-9.691788697074502634e-01,1.933392456054687569e+00,0.000000000000000000e+00,0.000000000000000000e+00,0.000000000000000000e+00,1.000000000000000000e+00
9.632447704726538884e-01,1.087567638365744965e-01,2.456246699272682521e-01,-1.096364440917968752e-01,1.115029298042487654e-01,-9.937603218047037501e-01,2.742161862445843812e-03,-1.444565582275390558e-01,2.443902796801719901e-01,2.474649725530145630e-02,-9.693611308854097608e-01,1.933396362304687477e+00,0.000000000000000000e+00,0.000000000000000000e+00,0.000000000000000000e+00,1.000000000000000000e+00
9.631757893493175793e-01,1.086137133087523160e-01,2.459582486777039667e-01,-1.096367797851562492e-01,1.115172498454222588e-01,-9.937602035502497433e-01,2.135609205824322981e-03,-1.444542846679687520e-01,2.446554757168389604e-01,2.537162038677249695e-02,-9.692780710821413681e-01,1.933389160156250064e+00,0.000000000000000000e+00,0.000000000000000000e+00,0.000000000000000000e+00,1.000000000000000000e+00
9.631730552120959521e-01,1.086071035387261158e-01,2.459718739496973561e-01,-1.096343307495117186e-01,1.115624395506540495e-01,-9.937555500474889447e-01,1.931018208082870002e-03,-1.444537048339843699e-01,2.446456371875534719e-01,2.558131761152483696e-02,-9.692750426965272004e-01,1.933376586914062445e+00,0.000000000000000000e+00,0.000000000000000000e+00,0.000000000000000000e+00,1.000000000000000000e+00
9.631293455787314217e-01,1.087055976465069879e-01,2.460994854228681084e-01,-1.096259460449218737e-01,1.115197210210209927e-01,-9.937590352720345743e-01,2.516274744337751793e-03,-1.444712219238281359e-01,2.448371203646995953e-01,2.502144790996476548e-02,-9.692413072274678187e-01,1.933328247070312589e+00,0.000000000000000000e+00,0.000000000000000000e+00,0.000000000000000000e+00,1.000000000000000000e+00
9.630729784777485314e-01,1.087227008702141007e-01,2.463124285160697702e-01,-1.096287460327148439e-01,1.114426257865218650e-01,-9.937665989790556154e-01,2.913402033045620759e-03,-1.444508819580078152e-01,2.450938173104398876e-01,2.464388502421740665e-02,-9.691861016580407551e-01,1.933357421875000037e+00,0.000000000000000000e+00,0.000000000000000000e+00,0.000000000000000000e+00,1.000000000000000000e+00
9.630680532979852826e-01,1.085716837732274842e-01,2.463982836780227170e-01,-1.096129150390625084e-01,1.114546061576849323e-01,-9.937669587372105484e-01,2.258868838755685379e-03,-1.444484558105468830e-01,2.451077222020236757e-01,2.528677925006762861e-02,-9.691660246377263865e-01,1.933303588867187450e+00,0.000000000000000000e+00,0.000000000000000000e+00,0.000000000000000000e+00,1.000000000000000000e+00
9.631697989807515015e-01,1.085674751394448273e-01,2.460021172128914191e-01,-1.096242523193359381e-01,1.114936484039211334e-01,-9.937630427247929887e-01,2.044817826719728254e-03,-1.444582519531250053e-01,2.446898132267912029e-01,2.545816678804041153e-02,-9.692671339970373445e-01,1.933330932617187470e+00,0.000000000000000000e+00,0.000000000000000000e+00,0.000000000000000000e+00,1.000000000000000000e+00
9.632199013243555319e-01,1.085649538827854338e-01,2.458069821651283626e-01,-1.096260910034179692e-01,1.114981401729504690e-01,-9.937626385358514502e-01,1.995742527410577019e-03,-1.444683685302734499e-01,2.444904628624031684e-01,2.548468243261618055e-02,-9.693167410762267844e-01,1.933343872070312441e+00,0.000000000000000000e+00,0.000000000000000000e+00,0.000000000000000000e+00,1.000000000000000000e+00
9.631009973748814179e-01,1.090251693929362165e-01,2.460690579783452459e-01,-1.096212158203125064e-01,1.114430123758692881e-01,-9.937622786810340614e-01,4.121706354231376157e-03,-1.444459075927734537e-01,2.449835175029138890e-01,2.345305757295260141e-02,-9.692435350531771743e-01,1.933302001953125071e+00,0.000000000000000000e+00,0.000000000000000000e+00,0.000000000000000000e+00,1.000000000000000000e+00
9.632043374373175926e-01,1.088128656009472450e-01,2.457583459857436425e-01,-1.096241760253906239e-01,1.115488148582469974e-01,-9.937550006410564851e-01,2.803676981162121773e-03,-1.444522857666015736e-01,2.445286613991472513e-01,2.471353840720420109e-02,-9.693270731666052686e-01,1.933322753906250080e+00,0.000000000000000000e+00,0.000000000000000000e+00,0.000000000000000000e+00,1.000000000000000000e+00
9.631238233925187853e-01,1.089306763329134231e-01,2.460215611840372019e-01,-1.096226730346679668e-01,1.114934601344843568e-01,-9.937588927816991546e-01,3.531481917236645521e-03,-1.444452362060546780e-01,2.448708009563758947e-01,2.402854075772554998e-02,-9.692579223653721154e-01,1.933317871093749973e+00,0.000000000000000000e+00,0.000000000000000000e+00,0.000000000000000000e+00,1.000000000000000000e+00
9.631882748823236140e-01,1.087068150484331447e-01,2.458682075650269749e-01,-1.096244735717773477e-01,1.114669449304346999e-01,-9.937644579345051854e-01,2.705981155649520714e-03,-1.444597473144531297e-01,2.446292446071991478e-01,2.479980863162141447e-02,-9.692994904438702042e-01,1.933350585937499977e+00,0.000000000000000000e+00,0.000000000000000000e+00,0.000000000000000000e+00,1.000000000000000000e+00
9.630267580592287713e-01,1.087333486381775738e-01,2.464883813810713198e-01,-1.096274490356445308e-01,1.115055768616405041e-01,-9.937600683853294870e-01,2.726318311987628584e-03,-1.444575042724609293e-01,2.452467524569585944e-01,2.485931167015744889e-02,-9.691419117098390990e-01,1.933332153320312496e+00,0.000000000000000000e+00,0.000000000000000000e+00,0.000000000000000000e+00,1.000000000000000000e+00
9.629512528447637942e-01,1.089364982165547530e-01,2.466935832181589572e-01,-1.096221542358398471e-01,1.113765080195881635e-01,-9.937698872851400411e-01,4.084677054915804642e-03,-1.444487457275390740e-01,2.456016248033851268e-01,2.354252496218078167e-02,-9.690849247678671174e-01,1.933309936523437633e+00,0.000000000000000000e+00,0.000000000000000000e+00,0.000000000000000000e+00,1.000000000000000000e+00
9.632443261643445220e-01,1.086143852162741175e-01,2.456894044037894187e-01,-1.096284332275390683e-01,1.114658764663694346e-01,-9.937655693564816373e-01,2.313340695208233530e-03,-1.444541015624999925e-01,2.444089329295924540e-01,2.515767250122426246e-02,-9.693458438650982556e-01,1.933331665039062619e+00,0.000000000000000000e+00,0.000000000000000000e+00,0.000000000000000000e+00,1.000000000000000000e+00
9.631632781429220191e-01,1.086181681488127826e-01,2.460052706447095339e-01,-1.096219482421875030e-01,1.114626639570828193e-01,-9.937657841223890287e-01,2.375047621396104633e-03,-1.444390563964843832e-01,2.447295940023825056e-01,2.513284416077304906e-02,-9.692655807175964977e-01,1.933304687499999952e+00,0.000000000000000000e+00,0.000000000000000000e+00,0.000000000000000000e+00,1.000000000000000000e+00
9.630902260158872297e-01,1.085262151832690897e-01,2.463316406202465392e-01,-1.096220932006835985e-01,1.114660704892386084e-01,-9.937661854207492373e-01,2.020852290804715443e-03,-1.444595336914062667e-01,2.450153702981827664e-01,2.551135692761035551e-02,-9.691834908753639288e-01,1.933317871093749973e+00,0.000000000000000000e+00,0.000000000000000000e+00,0.000000000000000000e+00,1.000000000000000000e+00
9.630186183038723646e-01,1.087713552151877844e-01,2.465034139413739001e-01,-1.096221389770507815e-01,1.114216882352971477e-01,-9.937680190657051105e-01,3.214291993688543972e-03,-1.444594726562500042e-01,2.453168322616634811e-01,2.437040350252502041e-02,-9.691365926649490037e-01,1.933315795898437495e+00,0.000000000000000000e+00,0.000000000000000000e+00,0.000000000000000000e+00,1.000000000000000000e+00
9.630933845249544101e-01,1.085417751581281148e-01,2.463124351911423204e-01,-1.096275253295898450e-01,1.114541525241774661e-01,-9.937672953660506847e-01,2.129447337262363460e-03,-1.444558105468750075e-01,2.450083765290193005e-01,2.540168707718349142e-02,-9.691881394880187406e-01,1.933330444335937592e+00,0.000000000000000000e+00,0.000000000000000000e+00,0.000000000000000000e+00,1.000000000000000000e+00
9.631171548534974702e-01,1.087185718652503574e-01,2.461414596496997176e-01,-1.096265945434570371e-01,1.114015936337803270e-01,-9.937708167480957533e-01,3.041170116443203328e-03,-1.444648437500000160e-01,2.449388310635094712e-01,2.449154775434712189e-02,-9.692291437662398090e-01,1.933342407226562587e+00,0.000000000000000000e+00,0.000000000000000000e+00,0.000000000000000000e+00,1.000000000000000000e+00
9.630499011781266105e-01,1.087186562497346742e-01,2.464044269570918599e-01,-1.096227035522460980e-01,1.114680318207114940e-01,-9.937640585807960836e-01,2.806021211829429554e-03,-1.444523925781250051e-01,2.451729302407132383e-01,2.476387805406123077e-02,-9.691630330449600983e-01,1.933316772460937472e+00,0.000000000000000000e+00,0.000000000000000000e+00,0.000000000000000000e+00,1.000000000000000000e+00
9.633152408802333477e-01,1.089150436806817640e-01,2.452779238902146330e-01,-1.096240310668945284e-01,1.114760430054834300e-01,-9.937610939090176787e-01,3.461223568739270340e-03,-1.444376373291015592e-01,2.441246372730502268e-01,2.400836297602083891e-02,-9.694466256496608869e-01,1.933299072265625140e+00,0.000000000000000000e+00,0.000000000000000000e+00,0.000000000000000000e+00,1.000000000000000000e+00
9.631443762060637459e-01,1.086788322189454342e-01,2.460524781630112068e-01,-1.096215896606445306e-01,1.114408599679358874e-01,-9.937673609953464604e-01,2.714212584154905572e-03,-1.444351043701171955e-01,2.448138993444606559e-01,2.480612117747120482e-02,-9.692527075225992883e-01,1.933307983398437457e+00,0.000000000000000000e+00,0.000000000000000000e+00,0.000000000000000000e+00,1.000000000000000000e+00
9.630421455246523932e-01,1.083660249560945560e-01,2.465900050255256382e-01,-1.096246490478515606e-01,1.114897744033512134e-01,-9.937647286087282206e-01,1.301682261630677379e-03,-1.444306488037109537e-01,2.451935075542652220e-01,2.623868915238490584e-02,-9.691190200614167027e-01,1.933348510742187498e+00,0.000000000000000000e+00,0.000000000000000000e+00,0.000000000000000000e+00,1.000000000000000000e+00
9.629883141979528327e-01,1.086919218835193102e-01,2.466567915859037285e-01,-1.096220855712890657e-01,1.114411963036564257e-01,-9.937670021734673620e-01,2.829338715992302591e-03,-1.444494781494140567e-01,2.454269066027499335e-01,2.476310781034634506e-02,-9.690987679318233683e-01,1.933328735351562466e+00,0.000000000000000000e+00,0.000000000000000000e+00,0.000000000000000000e+00,1.000000000000000000e+00
9.632701400468610675e-01,1.085501448557218279e-01,2.456165779134278082e-01,-1.096261978149414146e-01,1.115046589399984051e-01,-9.937621161940302095e-01,1.888770033040844051e-03,-1.444461059570312511e-01,2.442894765002696367e-01,2.556799697600273952e-02,-9.693652197195130604e-01,1.933333496093750048e+00,0.000000000000000000e+00,0.000000000000000000e+00,0.000000000000000000e+00,1.000000000000000000e+00
9.631097643059736146e-01,1.084096139680368054e-01,2.463065924773298054e-01,-1.096295547485351546e-01,1.115003875553313428e-01,-9.937633952533924120e-01,1.406353248859376626e-03,-1.444322204589843783e-01,2.449229378263765022e-01,2.610880797261544081e-02,-9.691909433505587756e-01,1.933324951171875083e+00,0.000000000000000000e+00,0.000000000000000000e+00,0.000000000000000000e+00,1.000000000000000000e+00
9.631046257006559141e-01,1.088527462669266754e-01,2.461311836889983895e-01,-1.096256713867187482e-01,1.114620359808387862e-01,-9.937630503941718985e-01,3.348761902053631889e-03,-1.444607238769531343e-01,2.449605978295398834e-01,2.420907477411159830e-02,-9.692307394060384329e-01,1.933326049804687585e+00,0.000000000000000000e+00,0.000000000000000000e+00,0.000000000000000000e+00,1.000000000000000000e+00
9.631458892736994848e-01,1.088436214287975823e-01,2.459737019468530850e-01,-1.096252670288085929e-01,1.115236750369398011e-01,-9.937570926415544292e-01,3.051349023065710875e-03,-1.444810791015624929e-01,2.447702307908986019e-01,2.449299693524887092e-02,-9.692716993803649483e-01,1.933354125976562532e+00,0.000000000000000000e+00,0.000000000000000000e+00,0.000000000000000000e+00,1.000000000000000000e+00
9.630705939447098407e-01,1.086919767889180100e-01,2.463353106249715763e-01,-1.096254348754882868e-01,1.115164988466334217e-01,-9.937594422312751030e-01,2.498291651110373657e-03,-1.444347534179687420e-01,2.450695851466940522e-01,2.506442015891274799e-02,-9.691814449720571600e-01,1.933362670898437496e+00,0.000000000000000000e+00,0.000000000000000000e+00,0.000000000000000000e+00,1.000000000000000000e+00
9.631470120967536852e-01,1.087078977703308802e-01,2.460293194955663898e-01,-1.096282653808593743e-01,1.114571176179117717e-01,-9.937653944854422106e-01,2.766162594780085388e-03,-1.444370422363281392e-01,2.447961274640658713e-01,2.475749756233588950e-02,-9.692584393715889535e-01,1.933383056640624931e+00,0.000000000000000000e+00,0.000000000000000000e+00,0.000000000000000000e+00,1.000000000000000000e+00
9.629537668022576380e-01,1.086324673605932878e-01,2.468178073731564504e-01,-1.096245803833007793e-01,1.114036091641542880e-01,-9.937714328191471491e-01,2.752304085580432186e-03,-1.444450073242187493e-01,2.455794756622451946e-01,2.484605296075772032e-02,-9.690579935100518405e-01,1.933374389648437441e+00,0.000000000000000000e+00,0.000000000000000000e+00,0.000000000000000000e+00,1.000000000000000000e+00
9.630436908638938531e-01,1.086834223635061714e-01,2.464442395159694432e-01,-1.096231842041015675e-01,1.114553667758422795e-01,-9.937657277727024452e-01,2.716527425499768930e-03,-1.444409179687499989e-01,2.452030805355251974e-01,2.485139850685960661e-02,-9.691531650302452894e-01,1.933366943359374979e+00,0.000000000000000000e+00,0.000000000000000000e+00,0.000000000000000000e+00,1.000000000000000000e+00
9.631356554206071952e-01,1.087563255216731778e-01,2.460523743363220162e-01,-1.096334457397460938e-01,1.114978135925673436e-01,-9.937607196890194672e-01,2.805274895521611689e-03,-1.444547424316406370e-01,2.448222759913704916e-01,2.473244149262665212e-02,-9.692524745989659074e-01,1.933401489257812633e+00,0.000000000000000000e+00,0.000000000000000000e+00,0.000000000000000000e+00,1.000000000000000000e+00
9.632125207958673885e-01,1.085763670094931216e-01,2.458308611812015099e-01,-1.096296920776367173e-01,1.115452922878648750e-01,-9.937576139934695130e-01,1.858063083423452250e-03,-1.444439697265625100e-01,2.444980317926631064e-01,2.563156563745260311e-02,-9.693109590283642829e-01,1.933400634765624959e+00,0.000000000000000000e+00,0.000000000000000000e+00,0.000000000000000000e+00,1.000000000000000000e+00
9.632611446245640252e-01,1.088219011038599610e-01,2.455315887960577703e-01,-1.096240615844726596e-01,1.115551287557140642e-01,-9.937543248809495022e-01,2.791957862201783352e-03,-1.444486541748046804e-01,2.443019044233399606e-01,2.470092347565122637e-02,-9.693845696495169140e-01,1.933329711914062443e+00,0.000000000000000000e+00,0.000000000000000000e+00,0.000000000000000000e+00,1.000000000000000000e+00
9.631120095644263301e-01,1.089026934094558530e-01,2.460801909966311984e-01,-1.096181716918945281e-01,1.114103804850087864e-01,-9.937674025009772816e-01,3.751912398482094152e-03,-1.444481506347656263e-01,2.449550655792976372e-01,2.380237581894653967e-02,-9.692422105709261881e-01,1.933314331054687640e+00,0.000000000000000000e+00,0.000000000000000000e+00,0.000000000000000000e+00,1.000000000000000000e+00
9.629661855534387138e-01,1.088034801540247037e-01,2.466939970632302526e-01,-1.096248168945312546e-01,1.114013565225927954e-01,-9.937695257067017396e-01,3.444929840128917176e-03,-1.444576721191406232e-01,2.455317968117092797e-01,2.416469497117621282e-02,-9.690873047725699907e-01,1.933370849609375108e+00,0.000000000000000000e+00,0.000000000000000000e+00,0.000000000000000000e+00,1.000000000000000000e+00
9.630883232506258773e-01,1.086979066438469171e-01,2.462633685905067094e-01,-1.096190490722656341e-01,1.115095242384384483e-01,-9.937601127667984313e-01,2.542494412446168542e-03,-1.444698791503906399e-01,2.450030767611201254e-01,2.501206438832574014e-02,-9.691996125734981815e-01,1.933340942382812511e+00,0.000000000000000000e+00,0.000000000000000000e+00,0.000000000000000000e+00,1.000000000000000000e+00
9.631254123062117367e-01,1.089053362839389749e-01,2.460265593363283043e-01,-1.096233215332031302e-01,1.114179273717094409e-01,-9.937666484206145734e-01,3.727458524407234117e-03,-1.444405059814453107e-01,2.448989294182034315e-01,2.382175929147256621e-02,-9.692559198447420199e-01,1.933340087890625059e+00,0.000000000000000000e+00,0.000000000000000000e+00,0.000000000000000000e+00,1.000000000000000000e+00
9.631049611018281942e-01,1.087957176353351874e-01,2.461550847032394629e-01,-1.096177673339843728e-01,1.114228594809694994e-01,-9.937676948485857364e-01,3.273386688568637529e-03,-1.444486694335937460e-01,2.449771015546773623e-01,2.427468845405005016e-02,-9.692249270496134939e-01,1.933316406250000119e+00,0.000000000000000000e+00,0.000000000000000000e+00,0.000000000000000000e+00,1.000000000000000000e+00
9.632300199160312992e-01,1.087360358410366240e-01,2.456916832986811849e-01,-1.096202545166015674e-01,1.114205425725701831e-01,-9.937688445419239347e-01,2.991038388918735441e-03,-1.444628143310546786e-01,2.444859738827500628e-01,2.449404269177932192e-02,-9.693434120306472224e-01,1.933330932617187470e+00,0.000000000000000000e+00,0.000000000000000000e+00,0.000000000000000000e+00,1.000000000000000000e+00
9.632752055367684862e-01,1.088043303535973644e-01,2.454842074236181504e-01,-1.096192932128906283e-01,1.115319133032190851e-01,-9.937568877148900137e-01,2.807211096219610832e-03,-1.444468688964843650e-01,2.442570586759366114e-01,2.467520649398438626e-02,-9.693965254071522653e-01,1.933326660156249988e+00,0.000000000000000000e+00,0.000000000000000000e+00,0.000000000000000000e+00,1.000000000000000000e+00
9.629656965958451886e-01,1.085181619213247545e-01,2.468215462898165069e-01,-1.096269378662109439e-01,1.115012892449550180e-01,-9.937624697840000687e-01,1.901616553773853233e-03,-1.444551086425781283e-01,2.454883493699686059e-01,2.568972911538484893e-02,-9.690590839270775136e-01,1.933368530273437580e+00,0.000000000000000000e+00,0.000000000000000000e+00,0.000000000000000000e+00,1.000000000000000000e+00
9.630482741954049519e-01,1.083705269954709782e-01,2.465640899400727559e-01,-1.096220779418945329e-01,1.114393765833610883e-01,-9.937700769815505097e-01,1.516391372699640860e-03,-1.444553680419921882e-01,2.451923467728228945e-01,2.601659037628229268e-02,-9.691253015525023162e-01,1.933325927734375060e+00,0.000000000000000000e+00,0.000000000000000000e+00,0.000000000000000000e+00,1.000000000000000000e+00
9.631717398151725673e-01,1.087833866572890107e-01,2.458991142903618476e-01,-1.096221618652343799e-01,1.115263707899234735e-01,-9.937575672732242849e-01,2.786773336963992501e-03,-1.444433135986328276e-01,2.446672602532717067e-01,2.474009447382652382e-02,-9.692914213411693014e-01,1.933338134765625105e+00,0.000000000000000000e+00,0.000000000000000000e+00,0.000000000000000000e+00,1.000000000000000000e+00
9.633042098367503581e-01,1.086571591449351643e-01,2.454355741887201958e-01,-1.096225509643554696e-01,1.114675222711142138e-01,-9.937650448054302643e-01,2.455035967189949167e-03,-1.444566955566406186e-01,2.441720516142935060e-01,2.499314884951014948e-02,-9.694097955565816882e-01,1.933327636718749964e+00,0.000000000000000000e+00,0.000000000000000000e+00,0.000000000000000000e+00,1.000000000000000000e+00
9.632507050906399249e-01,1.089080366161639252e-01,2.455343534066013744e-01,-1.096179046630859355e-01,1.114809846048621517e-01,-9.937606168927543004e-01,3.438951070228480136e-03,-1.444459075927734537e-01,2.443768999187852786e-01,2.405983942891631172e-02,-9.693817900666069631e-01,1.933291870117187505e+00,0.000000000000000000e+00,0.000000000000000000e+00,0.000000000000000000e+00,1.000000000000000000e+00
9.631878415628830625e-01,1.088715423624771611e-01,2.457970079741622627e-01,-1.096253585815429726e-01,1.114299159951853274e-01,-9.937660650550318442e-01,3.518773414793268522e-03,-1.444727325439453258e-01,2.446478197056760617e-01,2.399990018008520479e-02,-9.693149380385125413e-01,1.933375976562500043e+00,0.000000000000000000e+00,0.000000000000000000e+00,0.000000000000000000e+00,1.000000000000000000e+00
9.632444182844156488e-01,1.088135710256543931e-01,2.456008904799868164e-01,-1.096220626831054673e-01,1.114723213036247496e-01,-9.937627239491758635e-01,3.093553344546390305e-03,-1.444517669677734539e-01,2.444056305143133823e-01,2.439785338424204850e-02,-9.693660982947268634e-01,1.933317626953125146e+00,0.000000000000000000e+00,0.000000000000000000e+00,0.000000000000000000e+00,1.000000000000000000e+00
9.635834038729220730e-01,1.090668350683231536e-01,2.441545602049103036e-01,-1.096281967163085930e-01,1.115874885243235415e-01,-9.937483547640739712e-01,3.527011274537391119e-03,-1.444555053710937509e-01,2.430128724687396768e-01,2.384602465560977519e-02,-9.697299164832529073e-01,1.933385864257812559e+00,0.000000000000000000e+00,0.000000000000000000e+00,0.000000000000000000e+00,1.000000000000000000e+00
9.632920458248673823e-01,1.089256777104204710e-01,2.453642826204894545e-01,-1.096264953613281246e-01,1.115155514636677059e-01,-9.937570197880410960e-01,3.356695360788303564e-03,-1.444639282226562460e-01,2.441981085764095283e-01,2.412845534460649616e-02,-9.694251396628764672e-01,1.933374145507812614e+00,0.000000000000000000e+00,0.000000000000000000e+00,0.000000000000000000e+00,1.000000000000000000e+00
9.632827666010264078e-01,1.089552125914994701e-01,2.453875979315455480e-01,-1.096227035522460980e-01,1.115734872446387665e-01,-9.937508712810385614e-01,3.250041883925596300e-03,-1.444468841552734306e-01,2.442082482504289442e-01,2.424804069029078135e-02,-9.694196016220937295e-01,1.933332031249999972e+00,0.000000000000000000e+00,0.000000000000000000e+00,0.000000000000000000e+00,1.000000000000000000e+00
9.632703868798004887e-01,1.088380159193933217e-01,2.454881831192070318e-01,-1.096189575195312543e-01,1.115086248269556712e-01,-9.937588225574307543e-01,3.037956298226165627e-03,-1.444500732421875044e-01,2.442866929442548962e-01,2.444767637217440392e-02,-9.693948229541773376e-01,1.933292114257812555e+00,0.000000000000000000e+00,0.000000000000000000e+00,0.000000000000000000e+00,1.000000000000000000e+00
9.633386594529272928e-01,1.083792675161253105e-01,2.454232294957131022e-01,-1.096163253784179642e-01,1.115719082585032718e-01,-9.937559551221225584e-01,9.005258875687417036e-04,-1.444633026123046948e-01,2.439883941727422623e-01,2.651482664446816462e-02,-9.694156113231416905e-01,1.933298706054687566e+00,0.000000000000000000e+00,0.000000000000000000e+00,0.000000000000000000e+00,1.000000000000000000e+00
9.630808810954113452e-01,1.084049110502436353e-01,2.464215731803429399e-01,-1.096191635131835984e-01,1.114794445960484714e-01,-9.937656339519215232e-01,1.482635724795820092e-03,-1.444455718994140658e-01,2.450460158848596637e-01,2.604304199444925152e-02,-9.691616016241216824e-01,1.933319458007812575e+00,0.000000000000000000e+00,0.000000000000000000e+00,0.000000000000000000e+00,1.000000000000000000e+00
9.631119148101775496e-01,1.086087142485108042e-01,2.462104521338577545e-01,-1.096176071166992255e-01,1.114619615338123954e-01,-9.937658964756023172e-01,2.360960202410205405e-03,-1.444376678466796904e-01,2.449319715384421781e-01,2.516923104363268798e-02,-9.692135157574742754e-01,1.933304565429687649e+00,0.000000000000000000e+00,0.000000000000000000e+00,0.000000000000000000e+00,1.000000000000000000e+00
9.629221403851491168e-01,1.090288673807815051e-01,2.467664029679640381e-01,-1.096127548217773473e-01,1.113585011202351399e-01,-9.937699345209030088e-01,4.538884287477406437e-03,-1.444541931152343861e-01,2.457239015324684250e-01,2.310894458828614828e-02,-9.690643636496378832e-01,1.933280029296875036e+00,0.000000000000000000e+00,0.000000000000000000e+00,0.000000000000000000e+00,1.000000000000000000e+00
9.629395788313592774e-01,1.083375823735227561e-01,2.470027039640348143e-01,-1.096149520874023509e-01,1.114664159212998551e-01,-9.937673199924488276e-01,1.323569675362281858e-03,-1.444731140136718828e-01,2.456066074879587335e-01,2.625798850799348355e-02,-9.690138865866526618e-01,1.933286743164062571e+00,0.000000000000000000e+00,0.000000000000000000e+00,0.000000000000000000e+00,1.000000000000000000e+00
9.630645654113010323e-01,1.087172841208469132e-01,2.463477115431134123e-01,-1.096226348876953166e-01,1.114704779604774876e-01,-9.937638437850415674e-01,2.784839105298343720e-03,-1.444872436523437498e-01,2.451142088749745929e-01,2.477851728749613791e-02,-9.691775119598209365e-01,1.933349365234374950e+00,0.000000000000000000e+00,0.000000000000000000e+00,0.000000000000000000e+00,1.000000000000000000e+00
9.630890519443969788e-01,1.083342145939516499e-01,2.464207295930166686e-01,-1.096275634765625090e-01,1.115323749171110990e-01,-9.937603130759083969e-01,9.846322267253355964e-04,-1.444432373046874996e-01,2.449898107476961295e-01,2.653560068256557991e-02,-9.691624500186869495e-01,1.933339111328125082e+00,0.000000000000000000e+00,0.000000000000000000e+00,0.000000000000000000e+00,1.000000000000000000e+00
9.632961780402404806e-01,1.086979239554905358e-01,2.454490470562725457e-01,-1.096194610595703084e-01,1.114997209471592504e-01,-9.937613316542301956e-01,2.495583602596837883e-03,-1.444282531738281250e-01,2.441890366125627765e-01,2.496351410715911406e-02,-9.694062808552721400e-01,1.933308349609375032e+00,0.000000000000000000e+00,0.000000000000000000e+00,0.000000000000000000e+00,1.000000000000000000e+00
9.632842644822258160e-01,1.086658829840332074e-01,2.455099828443595700e-01,-1.096000976562500062e-01,1.114873667753151221e-01,-9.937629050096546957e-01,2.419850466158487978e-03,-1.444563446044921928e-01,2.442416689478756620e-01,2.504025762791998316e-02,-9.693910421741495087e-01,1.933260131835937479e+00,0.000000000000000000e+00,0.000000000000000000e+00,0.000000000000000000e+00,1.000000000000000000e+00
9.632757406498619890e-01,1.086391887180952198e-01,2.455552364543134303e-01,-1.096250839233398472e-01,1.115007101932036504e-01,-9.937617788842834088e-01,2.262400308450230116e-03,-1.444655761718749987e-01,2.442691939272549906e-01,2.520026792354713302e-02,-9.693799602811636884e-01,1.933300537109374995e+00,0.000000000000000000e+00,0.000000000000000000e+00,0.000000000000000000e+00,1.000000000000000000e+00
9.631612991839674232e-01,1.088093361663657194e-01,2.459285264406860239e-01,-1.096225585937500024e-01,1.114883598084793065e-01,-9.937610702635834015e-01,3.046449702994355122e-03,-1.444333648681640769e-01,2.447256778138890976e-01,2.448394558915366337e-02,-9.692831779345602028e-01,1.933318481445312598e+00,0.000000000000000000e+00,0.000000000000000000e+00,0.000000000000000000e+00,1.000000000000000000e+00
9.632024839668889005e-01,1.085111789201152060e-01,2.458989608139533489e-01,-1.096160507202148526e-01,1.114751468966920372e-01,-9.937654496694920958e-01,1.876877074712773180e-03,-1.444357299804687467e-01,2.445695535106043317e-01,2.560381011801550824e-02,-9.692936492121799752e-01,1.933296142578124988e+00,0.000000000000000000e+00,0.000000000000000000e+00,0.000000000000000000e+00,1.000000000000000000e+00
9.633142781038982472e-01,1.090027184925208698e-01,2.452427551680297912e-01,-1.096057052612304655e-01,1.114609530587713088e-01,-9.937612523005973086e-01,3.876773036833843292e-03,-1.444272155761718857e-01,2.441353262934234380e-01,2.360044040243725744e-02,-9.694539502567488531e-01,1.933267700195312466e+00,0.000000000000000000e+00,0.000000000000000000e+00,0.000000000000000000e+00,1.000000000000000000e+00
9.633543437020209987e-01,1.088220330577339551e-01,2.451656044220522912e-01,-1.096140823364257777e-01,1.115039814844207972e-01,-9.937595860732234554e-01,2.957566685274448312e-03,-1.444718170166015558e-01,2.439575179894456769e-01,2.448775630304582396e-02,-9.694767037983286206e-01,1.933316040039062544e+00,0.000000000000000000e+00,0.000000000000000000e+00,0.000000000000000000e+00,1.000000000000000000e+00
9.631882523082246905e-01,1.088010363329241503e-01,2.458266159477235924e-01,-1.096248016357421889e-01,1.114949156101374406e-01,-9.937605481734144153e-01,2.976018676580500372e-03,-1.444505767822265585e-01,2.446165865359832825e-01,2.454195157188489990e-02,-9.693092479722491550e-01,1.933364379882812623e+00,0.000000000000000000e+00,0.000000000000000000e+00,0.000000000000000000e+00,1.000000000000000000e+00
9.632619715742146704e-01,1.089601147063155029e-01,2.454670395840224673e-01,-1.096219940185546859e-01,1.114477889547161316e-01,-9.937631129725360557e-01,3.776987190854655743e-03,-1.444520568847656172e-01,2.443476303467306543e-01,2.371853069482587201e-02,-9.693975793479249203e-01,1.933330322265625068e+00,0.000000000000000000e+00,0.000000000000000000e+00,0.000000000000000000e+00,1.000000000000000000e+00
9.633520277092560979e-01,1.087546930648530114e-01,2.452045828381577419e-01,-1.096131210327148525e-01,1.115225193871026282e-01,-9.937584744733213293e-01,2.611911562661130976e-03,-1.444589691162109502e-01,2.439581898154244699e-01,2.482964254328800038e-02,-9.694678388028942218e-01,1.933275390624999979e+00,0.000000000000000000e+00,0.000000000000000000e+00,0.000000000000000000e+00,1.000000000000000000e+00
9.630339867421046085e-01,1.084595055718897416e-01,2.465807697909738472e-01,-1.096088027954101596e-01,1.114248014126978104e-01,-9.937709772370054706e-01,1.938667467081449727e-03,-1.444402770996093821e-01,2.452550794779771171e-01,2.560821064635875055e-02,-9.691203049868178931e-01,1.933284545898437568e+00,0.000000000000000000e+00,0.000000000000000000e+00,0.000000000000000000e+00,1.000000000000000000e+00
9.632599264069120482e-01,1.085953413963871711e-01,2.456366544421911824e-01,-1.096154937744140689e-01,1.115200650202484572e-01,-9.937601398852152768e-01,2.014813439719424781e-03,-1.444580993652343770e-01,2.443227154327445860e-01,2.545262662908167467e-02,-9.693598787453762133e-01,1.933270385742187569e+00,0.000000000000000000e+00,0.000000000000000000e+00,0.000000000000000000e+00,1.000000000000000000e+00
9.628913324748255009e-01,1.087959936891414042e-01,2.469892985577455125e-01,-1.096096038818359375e-01,1.113758005101691401e-01,-9.937720375953246199e-01,3.545187492300564888e-03,-1.444197387695312640e-01,2.458367606880098866e-01,2.409500053597969649e-02,-9.690117223458120099e-01,1.933225097656249947e+00,0.000000000000000000e+00,0.000000000000000000e+00,0.000000000000000000e+00,1.000000000000000000e+00
9.631133245122565079e-01,1.089071689501192597e-01,2.460730637396524589e-01,-1.096105422973632781e-01,1.115326671035010708e-01,-9.937553367931051262e-01,3.285538616664905945e-03,-1.444374847412109308e-01,2.448942390415268233e-01,2.428083908130371921e-02,-9.692457131903031708e-01,1.933253417968749943e+00,0.000000000000000000e+00,0.000000000000000000e+00,0.000000000000000000e+00,1.000000000000000000e+00
9.631048953570534588e-01,1.086881543662998190e-01,2.462028546538940765e-01,-1.096180267333984465e-01,1.114733122933713877e-01,-9.937639222811499584e-01,2.639586848231964891e-03,-1.444522094726562456e-01,2.449544063404934802e-01,2.490284868910076083e-02,-9.692147269524665765e-01,1.933281616210937637e+00,0.000000000000000000e+00,0.000000000000000000e+00,0.000000000000000000e+00,1.000000000000000000e+00
9.630621827543035529e-01,1.085864762947849199e-01,2.464147100203204488e-01,-1.096190490722656341e-01,1.114644934671312343e-01,-9.937657972269824391e-01,2.281875968570108715e-03,-1.444373931884765649e-01,2.451262916225682154e-01,2.526890238419932447e-02,-9.691617944015671338e-01,1.933297119140624964e+00,0.000000000000000000e+00,0.000000000000000000e+00,0.000000000000000000e+00,1.000000000000000000e+00
9.629990024061461096e-01,1.087339161941368038e-01,2.465965466786866900e-01,-1.096221237182617159e-01,1.114614329898901135e-01,-9.937644871026292126e-01,2.914297426230134241e-03,-1.444598846435546924e-01,2.453757737035331399e-01,2.467953894899033163e-02,-9.691138478200884698e-01,1.933285766601562594e+00,0.000000000000000000e+00,0.000000000000000000e+00,0.000000000000000000e+00,1.000000000000000000e+00
9.628861552141825264e-01,1.088134409820004367e-01,2.470017958608930475e-01,-1.096121597290039135e-01,1.114366813193962968e-01,-9.937657967712199003e-01,3.377458242870291436e-03,-1.444340515136718905e-01,2.458294493208022513e-01,2.427295262879508586e-02,-9.690091359823764794e-01,1.933275878906250078e+00,0.000000000000000000e+00,0.000000000000000000e+00,0.000000000000000000e+00,1.000000000000000000e+00
9.630056471870681589e-01,1.088439221579500654e-01,2.465220560012633400e-01,-1.096076812744140594e-01,1.114443787325742757e-01,-9.937647799233014778e-01,3.422372408562223897e-03,-1.444383850097656352e-01,2.453574411643683340e-01,2.417773341871504861e-02,-9.691311383254627154e-01,1.933223266601562518e+00,0.000000000000000000e+00,0.000000000000000000e+00,0.000000000000000000e+00,1.000000000000000000e+00
9.630483218345913254e-01,1.088555815497989215e-01,2.463501414187385941e-01,-1.096110000610351631e-01,1.114839698357284331e-01,-9.937607665968588577e-01,3.295943338382192889e-03,-1.444481658935546919e-01,2.451718872163850260e-01,2.428993903406321403e-02,-9.691752909461104348e-01,1.933297485351562539e+00,0.000000000000000000e+00,0.000000000000000000e+00,0.000000000000000000e+00,1.000000000000000000e+00
9.629522542585409184e-01,1.085944258632903919e-01,2.468404478399298663e-01,-1.096071166992187568e-01,1.114413293876118233e-01,-9.937679925989897356e-01,2.450916174908371672e-03,-1.444503936767578267e-01,2.455682921769758997e-01,2.514811239828849965e-02,-9.690530358654714238e-01,1.933283081054687491e+00,0.000000000000000000e+00,0.000000000000000000e+00,0.000000000000000000e+00,1.000000000000000000e+00
9.633264005005420794e-01,1.085731475644718530e-01,2.453856510202112040e-01,-1.096081085205078132e-01,1.114791028364877506e-01,-9.937646440393205216e-01,2.059584466456237939e-03,-1.444764556884765572e-01,2.440791997066551478e-01,2.537132013408250134e-02,-9.694233545697218402e-01,1.933299194335937443e+00,0.000000000000000000e+00,0.000000000000000000e+00,0.000000000000000000e+00,1.000000000000000000e+00
9.629676185289618440e-01,1.088585649855870474e-01,2.466641005374292928e-01,-1.096066436767578200e-01,1.114687374713932144e-01,-9.937621236835706418e-01,3.400308582148601350e-03,-1.444433898925781279e-01,2.454955930993343027e-01,2.422094880880881415e-02,-9.690950724297423546e-01,1.933280639648437438e+00,0.000000000000000000e+00,0.000000000000000000e+00,0.000000000000000000e+00,1.000000000000000000e+00
9.633213916229326212e-01,1.087823834627105607e-01,2.453126362212690037e-01,-1.096229553222656250e-01,1.115981761864794225e-01,-9.937504274316737440e-01,2.436196054838506847e-03,-1.444466094970703052e-01,2.440445523127045269e-01,2.502960302397757783e-02,-9.694409602750206911e-01,1.933320312500000027e+00,0.000000000000000000e+00,0.000000000000000000e+00,0.000000000000000000e+00,1.000000000000000000e+00
9.628372808104400660e-01,1.089401157710416235e-01,2.471364438065554447e-01,-1.096169967651367261e-01,1.114391098257523915e-01,-9.937636244181992096e-01,3.896611919199214485e-03,-1.444454650878906343e-01,2.460197054766194713e-01,2.378886207864928590e-02,-9.689728554289852580e-01,1.933283325195312541e+00,0.000000000000000000e+00,0.000000000000000000e+00,0.000000000000000000e+00,1.000000000000000000e+00
9.630377647393019158e-01,1.088623739550354658e-01,2.463884072410939818e-01,-1.096164550781250080e-01,1.114169761756678562e-01,-9.937672527505604370e-01,3.592322434660835326e-03,-1.444516448974609291e-01,2.452437993218173629e-01,2.399230913184309533e-02,-9.691645102853915228e-01,1.933267333984375114e+00,0.000000000000000000e+00,0.000000000000000000e+00,0.000000000000000000e+00,1.000000000000000000e+00
9.633610603967295294e-01,1.086892609445534730e-01,2.451981073879157258e-01,-1.096191940307617158e-01,1.115671549839411802e-01,-9.937545372166340929e-01,2.165569242167214234e-03,-1.444717559814453212e-01,2.439021058541281650e-01,2.526983016721989772e-02,-9.694705763679687394e-01,1.933296020507812463e+00,0.000000000000000000e+00,0.000000000000000000e+00,0.000000000000000000e+00,1.000000000000000000e+00
9.633512008446100117e-01,1.085905526200498655e-01,2.452805652980282469e-01,-1.096064758300781261e-01,1.115759004398288318e-01,-9.937544003501895817e-01,1.735000194934123094e-03,-1.444526214599609337e-01,2.439370457152613969e-01,2.569598541226231214e-02,-9.694505836098111784e-01,1.933240600585937496e+00,0.000000000000000000e+00,0.000000000000000000e+00,0.000000000000000000e+00,1.000000000000000000e+00
9.631016169168931107e-01,1.089731152728437985e-01,2.460896902346737802e-01,-1.096065444946289075e-01,1.114846311727600153e-01,-9.937590956128670161e-01,3.746584974405439000e-03,-1.444527282714843652e-01,2.449621450435553738e-01,2.382687630446495008e-02,-9.692398193745612733e-01,1.933268188476562566e+00,0.000000000000000000e+00,0.000000000000000000e+00,0.000000000000000000e+00,1.000000000000000000e+00
9.632559295619267381e-01,1.087965937088760521e-01,2.455632614238827949e-01,-1.096178665161132854e-01,1.115085847491632948e-01,-9.937593079935567175e-01,2.876335064956667478e-03,-1.444449005126953178e-01,2.443437121986712923e-01,2.461176494103957391e-02,-9.693763001721569239e-01,1.933283569335937591e+00,0.000000000000000000e+00,0.000000000000000000e+00,0.000000000000000000e+00,1.000000000000000000e+00
9.630484460498841548e-01,1.086203882039243895e-01,2.464534475866228536e-01,-1.096201553344726548e-01,1.114691221379832398e-01,-9.937649852175446386e-01,2.406026882861766678e-03,-1.444418182373047033e-01,2.451781502717786387e-01,2.515482899966604152e-02,-9.691516440719206704e-01,1.933281616210937637e+00,0.000000000000000000e+00,0.000000000000000000e+00,0.000000000000000000e+00,1.000000000000000000e+00
9.630748408170753949e-01,1.087801906927457624e-01,2.462797618522790943e-01,-1.096253051757812569e-01,1.114438977586568319e-01,-9.937657675100642907e-01,3.139582375341769954e-03,-1.444637756347656177e-01,2.450859209288111795e-01,2.442272380352736999e-02,-9.691936968039430722e-01,1.933341796874999963e+00,0.000000000000000000e+00,0.000000000000000000e+00,0.000000000000000000e+00,1.000000000000000000e+00
9.632190221764188598e-01,1.086534016689913312e-01,2.457713441865433113e-01,-1.096175994873046927e-01,1.115101507585922330e-01,-9.937606191532194488e-01,2.306100172580838673e-03,-1.444481506347656263e-01,2.444884487972786291e-01,2.518472008910911664e-02,-9.693250890587398194e-01,1.933336914062500078e+00,0.000000000000000000e+00,0.000000000000000000e+00,0.000000000000000000e+00,1.000000000000000000e+00
9.631334517475158563e-01,1.089907876823587585e-01,2.459572367817107197e-01,-1.096234054565429772e-01,1.114147698129313857e-01,-9.937656092372459948e-01,4.082029502202037807e-03,-1.444510192871093779e-01,2.448687468674739520e-01,2.347172975526791786e-02,-9.692720849740019684e-01,1.933363403320312646e+00,0.000000000000000000e+00,0.000000000000000000e+00,0.000000000000000000e+00,1.000000000000000000e+00
9.632007302267237003e-01,1.088248205245413852e-01,2.457671900976756141e-01,-1.096056213378906324e-01,1.114981324175348815e-01,-9.937599495100378766e-01,3.054376729958480086e-03,-1.444397583007812624e-01,2.445659824221421141e-01,2.446060480871259032e-02,-9.693240732873006360e-01,1.933265624999999988e+00,0.000000000000000000e+00,0.000000000000000000e+00,0.000000000000000000e+00,1.000000000000000000e+00
9.630201956299671018e-01,1.088180319665580792e-01,2.464766494573979727e-01,-1.096188659667968746e-01,1.114387886723813142e-01,-9.937657062395175434e-01,3.334288755575624125e-03,-1.444389953613281208e-01,2.453028723599710303e-01,2.425607184187834539e-02,-9.691429945011982294e-01,1.933284423828125043e+00,0.000000000000000000e+00,0.000000000000000000e+00,0.000000000000000000e+00,1.000000000000000000e+00
9.629333470675170981e-01,1.088609614779735835e-01,2.467967993541252958e-01,-1.096149597167968837e-01,1.114064008288655483e-01,-9.937681564089392294e-01,3.669490691757286080e-03,-1.444602050781250147e-01,2.456582645866150494e-01,2.396126819827983784e-02,-9.690603049690061921e-01,1.933286743164062571e+00,0.000000000000000000e+00,0.000000000000000000e+00,0.000000000000000000e+00,1.000000000000000000e+00
9.631238338223686579e-01,1.086585184396298559e-01,2.461418434435868052e-01,-1.096193542480468769e-01,1.114293783583065328e-01,-9.937687250154618734e-01,2.686041664736663406e-03,-1.444351348876953267e-01,2.448999272396460980e-01,2.484044185693869145e-02,-9.692300955327213252e-01,1.933312866210937564e+00,0.000000000000000000e+00,0.000000000000000000e+00,0.000000000000000000e+00,1.000000000000000000e+00
9.633931942232630830e-01,1.088946047768654113e-01,2.449806489802580922e-01,-1.096192016601562486e-01,1.114836455447100472e-01,-9.937607329703176395e-01,3.316983924979519105e-03,-1.444501647949218703e-01,2.438133509477272420e-01,2.411577609755488974e-02,-9.695222943506008884e-01,1.933322998046875130e+00,0.000000000000000000e+00,0.000000000000000000e+00,0.000000000000000000e+00,1.000000000000000000e+00
9.633058562086026511e-01,1.089851033545638781e-01,2.452836615859407543e-01,-1.096216583251953119e-01,1.115273255167635591e-01,-9.937550440060952672e-01,3.545162270163377052e-03,-1.444379119873046846e-01,2.441382457897351699e-01,2.394075519358072196e-02,-9.694448706262116522e-01,1.933324829101562559e+00,0.000000000000000000e+00,0.000000000000000000e+00,0.000000000000000000e+00,1.000000000000000000e+00
9.632597230928422460e-01,1.092835063342717516e-01,2.453320629481362813e-01,-1.096157836914062461e-01,1.114143754366575534e-01,-9.937603275327723251e-01,5.219996936436845786e-03,-1.444470062255859277e-01,2.443717307978986175e-01,2.230530576441571572e-02,-9.694250515236314536e-01,1.933310668945312560e+00,0.000000000000000000e+00,0.000000000000000000e+00,0.000000000000000000e+00,1.000000000000000000e+00
9.631441253804974290e-01,1.086842798823981771e-01,2.460510537499923100e-01,-1.096142425537109388e-01,1.114970362102978008e-01,-9.937615867189827368e-01,2.513896992636344488e-03,-1.444429473876953085e-01,2.447893066728132339e-01,2.501271812927542693e-02,-9.692536093667277752e-01,1.933273681640625075e+00,0.000000000000000000e+00,0.000000000000000000e+00,0.000000000000000000e+00,1.000000000000000000e+00
9.631313728482631120e-01,1.089119550472172349e-01,2.460002940713958974e-01,-1.096115341186523484e-01,1.115217376704545627e-01,-9.937563787582881503e-01,3.340913673870609529e-03,-1.444450988769531152e-01,2.448282268497295466e-01,2.421664148900234959e-02,-9.692639958301405567e-01,1.933249877929687610e+00,0.000000000000000000e+00,0.000000000000000000e+00,0.000000000000000000e+00,1.000000000000000000e+00
9.629785747893221393e-01,1.088150404716320824e-01,2.466405308619876169e-01,-1.096140747070312588e-01,1.113976473312506960e-01,-9.937697447084344882e-01,3.501238523053843560e-03,-1.444580230712890767e-01,2.454848848010571238e-01,2.410355719162829077e-02,-9.691007119308713280e-01,1.933262451171875007e+00,0.000000000000000000e+00,0.000000000000000000e+00,0.000000000000000000e+00,1.000000000000000000e+00
9.628696582967848361e-01,1.082739231101064736e-01,2.473030099003646898e-01,-1.096139831542968790e-01,1.114467929124616230e-01,-9.937697074544940001e-01,1.175115031165635190e-03,-1.444393615722656399e-01,2.458894741158311747e-01,2.642964472247651825e-02,-9.689374801290762118e-01,1.933257568359375123e+00,0.000000000000000000e+00,0.000000000000000000e+00,0.000000000000000000e+00,1.000000000000000000e+00
9.632902394713308558e-01,1.085993238775462971e-01,2.455159900955662666e-01,-1.096264724731445400e-01,1.114417604576412174e-01,-9.937682375383788402e-01,2.328966716498967818e-03,-1.444468078613281303e-01,2.442389169755060097e-01,2.511726325069365412e-02,-9.693897433547703502e-01,1.933284423828125043e+00,0.000000000000000000e+00,0.000000000000000000e+00,0.000000000000000000e+00,1.000000000000000000e+00
9.632174806379292242e-01,1.087252657109282344e-01,2.457456033983289045e-01,-1.096207199096679713e-01,1.114708933740268665e-01,-9.937638859932460544e-01,2.752966763170546644e-03,-1.444447021484374927e-01,2.445124228416974410e-01,2.474177624364992320e-02,-9.693304491164982384e-01,1.933251220703124940e+00,0.000000000000000000e+00,0.000000000000000000e+00,0.000000000000000000e+00,1.000000000000000000e+00
9.629540869117212409e-01,1.087270018762570706e-01,2.467749289595967122e-01,-1.096183090209960909e-01,1.113861794341525352e-01,-9.937720406136736351e-01,3.201612968165717249e-03,-1.444490661621093686e-01,2.455861265036695384e-01,2.440431022453913579e-02,-9.690675333078642151e-01,1.933276489257812480e+00,0.000000000000000000e+00,0.000000000000000000e+00,0.000000000000000000e+00,1.000000000000000000e+00
9.629395682692399872e-01,1.087142562152784431e-01,2.468371899795664126e-01,-1.096219940185546859e-01,1.114251815225563158e-01,-9.937682906393562332e-01,3.002239563639227601e-03,-1.444583892822265681e-01,2.456253585933568517e-01,2.461290343073931769e-02,-9.690523144807993150e-01,1.933317626953125146e+00,0.000000000000000000e+00,0.000000000000000000e+00,0.000000000000000000e+00,1.000000000000000000e+00
9.630364055502288467e-01,1.085414598671454456e-01,2.465352572651720031e-01,-1.096194381713867239e-01,1.114822245604220052e-01,-9.937643320858123852e-01,2.041049019367377135e-03,-1.444239501953125115e-01,2.452194837119500703e-01,2.551869440133393285e-02,-9.691316737389695790e-01,1.933305541992187626e+00,0.000000000000000000e+00,0.000000000000000000e+00,0.000000000000000000e+00,1.000000000000000000e+00
9.630847959040172990e-01,1.088351818124625031e-01,2.462165288894424542e-01,-1.096213607788086020e-01,1.114456719996220896e-01,-9.937648798007679973e-01,3.350502517176126571e-03,-1.444567260742187498e-01,2.450459917873991089e-01,2.421294848656781185e-02,-9.692090564137939568e-01,1.933282104492187514e+00,0.000000000000000000e+00,0.000000000000000000e+00,0.000000000000000000e+00,1.000000000000000000e+00
9.629650046403667174e-01,1.086925352386237525e-01,2.467475078321554327e-01,-1.096253051757812569e-01,1.114319671506500548e-01,-9.937678981974210624e-01,2.877709022327097632e-03,-1.444783020019531350e-01,2.455225377331285430e-01,2.472442710521866732e-02,-9.690755317153579851e-01,1.933322021484374931e+00,0.000000000000000000e+00,0.000000000000000000e+00,0.000000000000000000e+00,1.000000000000000000e+00
9.631818328250459915e-01,1.085376516532745722e-01,2.459681586900585581e-01,-1.096190567016601530e-01,1.115017899149860353e-01,-9.937624414592997057e-01,1.887005725048044799e-03,-1.444587707519531250e-01,2.446387290711340423e-01,2.560836032323172279e-02,-9.692760721899699172e-01,1.933253051757812591e+00,0.000000000000000000e+00,0.000000000000000000e+00,0.000000000000000000e+00,1.000000000000000000e+00
9.629441352936085607e-01,1.085962107905464186e-01,2.468713335030619516e-01,-1.096208877563476652e-01,1.115260594645523379e-01,-9.937592331481071017e-01,2.127109116944888093e-03,-1.444522399902343768e-01,2.455616630582916904e-01,2.548429977106416583e-02,-9.690459329160949764e-01,1.933258422851562575e+00,0.000000000000000000e+00,0.000000000000000000e+00,0.000000000000000000e+00,1.000000000000000000e+00
9.630969928091849264e-01,1.086557773980763170e-01,2.462480547738906400e-01,-1.096206970214843729e-01,1.115203736949837571e-01,-9.937594256655656322e-01,2.325973296675993077e-03,-1.444436950683593845e-01,2.449640559201217427e-01,2.522153720266399196e-02,-9.692040473338411344e-01,1.933304931640625002e+00,0.000000000000000000e+00,0.000000000000000000e+00,0.000000000000000000e+00,1.000000000000000000e+00
9.633128499714254112e-01,1.087228199683790975e-01,2.453725769071460894e-01,-1.096277847290039048e-01,1.115572444280034381e-01,-9.937552045536734990e-01,2.361067156453710777e-03,-1.444215545654296828e-01,2.440969772356073042e-01,2.509864220650221550e-02,-9.694259764746504526e-01,1.933298217773437466e+00,0.000000000000000000e+00,0.000000000000000000e+00,0.000000000000000000e+00,1.000000000000000000e+00
9.628559323202093845e-01,1.088494575606243631e-01,2.471037215109041785e-01,-1.096243057250976538e-01,1.113536448549189983e-01,-9.937733419647735156e-01,3.861421718797646702e-03,-1.444362945556640632e-01,2.459854047973278057e-01,2.379790723831961066e-02,-9.689813415323184076e-01,1.933312744140625039e+00,0.000000000000000000e+00,0.000000000000000000e+00,0.000000000000000000e+00,1.000000000000000000e+00
9.631445180010677065e-01,1.088246553590489218e-01,2.459874627505949096e-01,-1.096267700195312500e-01,1.114570549903038110e-01,-9.937639726443899812e-01,3.239068836683917790e-03,-1.444410705566406272e-01,2.448059687535814044e-01,2.429734676923814979e-02,-9.692675980360615506e-01,1.933346923828125119e+00,0.000000000000000000e+00,0.000000000000000000e+00,0.000000000000000000e+00,1.000000000000000000e+00
9.631044050883266205e-01,1.085356096030677397e-01,2.462720575858155514e-01,-1.096291122436523491e-01,1.114237077798513331e-01,-9.937705102963727555e-01,2.220407592642631781e-03,-1.444585876464843655e-01,2.449789016304283473e-01,2.530206144521894573e-02,-9.691981961614308805e-01,1.933340454101562633e+00,0.000000000000000000e+00,0.000000000000000000e+00,0.000000000000000000e+00,1.000000000000000000e+00
9.631146901236006252e-01,1.087014322082151957e-01,2.461586730221046460e-01,-1.096313552856445356e-01,1.115206099069067786e-01,-9.937589715954490144e-01,2.501987119696430506e-03,-1.444605255126953092e-01,2.448943593350246251e-01,2.504206479982027875e-02,-9.692263140033133828e-01,1.933351074218750076e+00,0.000000000000000000e+00,0.000000000000000000e+00,0.000000000000000000e+00,1.000000000000000000e+00
9.631593293920376331e-01,1.088429747306733919e-01,2.459213554306716454e-01,-1.096271362304687552e-01,1.114908912732567037e-01,-9.937603897787524732e-01,3.173148259515028158e-03,-1.444365234374999918e-01,2.447322769235304729e-01,2.436174375039691989e-02,-9.692845908572284008e-01,1.933322387695312505e+00,0.000000000000000000e+00,0.000000000000000000e+00,0.000000000000000000e+00,1.000000000000000000e+00
9.632090092141620818e-01,1.086932161305779049e-01,2.457929806480726176e-01,-1.096254806518554697e-01,1.115056205300902631e-01,-9.937606857272731631e-01,2.489195263485687731e-03,-1.444420776367187631e-01,2.445299596345442417e-01,2.500968352562116942e-02,-9.693191500074043176e-01,1.933301513671874972e+00,0.000000000000000000e+00,0.000000000000000000e+00,0.000000000000000000e+00,1.000000000000000000e+00
9.630476308092136284e-01,1.086785111926098502e-01,2.464310085961562979e-01,-1.096076126098632780e-01,1.114266011484195962e-01,-9.937686969991040842e-01,2.808811352584587862e-03,-1.444446411132812580e-01,2.452006797487970013e-01,2.475395058695005132e-02,-9.691562663374092557e-01,1.933183349609375101e+00,0.000000000000000000e+00,0.000000000000000000e+00,0.000000000000000000e+00,1.000000000000000000e+00
9.631427046349591015e-01,1.084959141509968389e-01,2.461397308867367129e-01,-1.096215972900390634e-01,1.114808888147891391e-01,-9.937649154103290750e-01,1.817781220588059188e-03,-1.444465942382812396e-01,2.448022506790333008e-01,2.568909325065459742e-02,-9.692326493419619604e-01,1.933289794921875027e+00,0.000000000000000000e+00,0.000000000000000000e+00,0.000000000000000000e+00,1.000000000000000000e+00
9.632983149475865536e-01,1.084318002244581414e-01,2.455583456517478891e-01,-1.096208953857421842e-01,1.114883577213794663e-01,-9.937646637933293947e-01,1.462562244961784080e-03,-1.444386444091796950e-01,2.441857950654169884e-01,2.596801293541457431e-02,-9.693807094183667372e-01,1.933307250976562530e+00,0.000000000000000000e+00,0.000000000000000000e+00,0.000000000000000000e+00,1.000000000000000000e+00
9.633528142273766193e-01,1.085491744427141553e-01,2.452925438084061771e-01,-1.096235427856445399e-01,1.114995879265824746e-01,-9.937627207916364114e-01,1.869935027335307282e-03,-1.444470977783203214e-01,2.439655656284221708e-01,2.554861038509465346e-02,-9.694473019690108551e-01,1.933265991210937562e+00,0.000000000000000000e+00,0.000000000000000000e+00,0.000000000000000000e+00,1.000000000000000000e+00
9.629605204726123802e-01,1.087363060695339112e-01,2.467457228676283032e-01,-1.096187973022460932e-01,1.114376119969449075e-01,-9.937668017875505022e-01,3.033528862874668164e-03,-1.444722747802734408e-01,2.455375625918245208e-01,2.457558559416597385e-02,-9.690755109635007525e-01,1.933264770507812536e+00,0.000000000000000000e+00,0.000000000000000000e+00,0.000000000000000000e+00,1.000000000000000000e+00
9.630177625845552924e-01,1.086016289915240907e-01,2.465815790504733984e-01,-1.096159820556640713e-01,1.113899277416917355e-01,-9.937732285779004027e-01,2.655966783848471430e-03,-1.444556579589843792e-01,2.453346142400990026e-01,2.490896108318382124e-02,-9.691183987075153716e-01,1.933296630859375087e+00,0.000000000000000000e+00,0.000000000000000000e+00,0.000000000000000000e+00,1.000000000000000000e+00
9.632873036345090956e-01,1.085678033760582029e-01,2.455414480829142543e-01,-1.096187286376953118e-01,1.116161275030394251e-01,-9.937502495894332544e-01,1.510470841895062213e-03,-1.444730834960937516e-01,2.441708638183150704e-01,2.595136819199585221e-02,-9.693849161974728013e-01,1.933343383789062564e+00,0.000000000000000000e+00,0.000000000000000000e+00,0.000000000000000000e+00,1.000000000000000000e+00
9.633571835376574244e-01,1.088377108833270546e-01,2.451474854369705136e-01,-1.096216125488281290e-01,1.115655346024818084e-01,-9.937532032876174037e-01,2.775327811603597872e-03,-1.444434661865234282e-01,2.439181592568597234e-01,2.467637828524956584e-02,-9.694818244502930726e-01,1.933356445312500060e+00,0.000000000000000000e+00,0.000000000000000000e+00,0.000000000000000000e+00,1.000000000000000000e+00
9.633763070965699615e-01,1.088627645568487345e-01,2.450611952513403191e-01,-1.096173858642578158e-01,1.115956691878087492e-01,-9.937498921708585176e-01,2.749259706243199763e-03,-1.444427337646484455e-01,2.438288283683875124e-01,2.469919641298760904e-02,-9.695037143575326866e-01,1.933282958984374966e+00,0.000000000000000000e+00,0.000000000000000000e+00,0.000000000000000000e+00,1.000000000000000000e+00
9.635687863782251839e-01,1.089253948710717790e-01,2.442753615692249691e-01,-1.096086502075195312e-01,1.115751255290156896e-01,-9.937514534111011599e-01,3.006693617382084210e-03,-1.444515991210937600e-01,2.430765008814692041e-01,2.435789801081995887e-02,-9.697012465309693408e-01,1.933243652343749952e+00,0.000000000000000000e+00,0.000000000000000000e+00,0.000000000000000000e+00,1.000000000000000000e+00
9.632541588498700902e-01,1.089452565297011344e-01,2.455042902641563218e-01,-1.096113433837890699e-01,1.114423276830918130e-01,-9.937638593796268571e-01,3.741576069496490090e-03,-1.444489135742187402e-01,2.443809179518807717e-01,2.375548085362735179e-02,-9.693882834398245274e-01,1.933276245117187431e+00,0.000000000000000000e+00,0.000000000000000000e+00,0.000000000000000000e+00,1.000000000000000000e+00
9.634427376079020000e-01,1.090114699135213833e-01,2.447337140197171634e-01,-1.096115112304687500e-01,1.115165561914149422e-01,-9.937559075408439746e-01,3.640593753825189030e-03,-1.444578552246093828e-01,2.436024405579678698e-01,2.378435735870989415e-02,-9.695834957852960123e-01,1.933291137695312578e+00,0.000000000000000000e+00,0.000000000000000000e+00,0.000000000000000000e+00,1.000000000000000000e+00
9.631058633368393407e-01,1.086554997990848148e-01,2.462134812913636395e-01,-1.096084976196289029e-01,1.114532553881436572e-01,-9.937663108673023826e-01,2.586744783996727109e-03,-1.444342956542968848e-01,2.449597270360718559e-01,2.494998494194704264e-02,-9.692121699513528421e-01,1.933247558593750082e+00,0.000000000000000000e+00,0.000000000000000000e+00,0.000000000000000000e+00,1.000000000000000000e+00
9.632813694282242878e-01,1.085326596291762008e-01,2.455802620454304863e-01,-1.096229248046875077e-01,1.114731444985465197e-01,-9.937655563222298483e-01,1.938329996574457426e-03,-1.444387207031249953e-01,2.442595778431034259e-01,2.550844686347713761e-02,-9.693743228343334462e-01,1.933278564453124959e+00,0.000000000000000000e+00,0.000000000000000000e+00,0.000000000000000000e+00,1.000000000000000000e+00
9.630372451109691090e-01,1.087817494372009530e-01,2.464260447242886121e-01,-1.096185684204101646e-01,1.114250995456264881e-01,-9.937675685224204303e-01,3.235265720710381321e-03,-1.444590148925781192e-01,2.452421491512466190e-01,2.434236517716398610e-02,-9.691561987302456105e-01,1.933377807617187472e+00,0.000000000000000000e+00,0.000000000000000000e+00,0.000000000000000000e+00,1.000000000000000000e+00
9.632225566769664349e-01,1.087284909854045883e-01,2.457242795425905457e-01,-1.096142044067382887e-01,1.115304543646569030e-01,-9.937578015194080683e-01,2.527779366638468680e-03,-1.444583435058593712e-01,2.444652614542638103e-01,2.497092644156429647e-02,-9.693364682991910675e-01,1.933277343749999932e+00,0.000000000000000000e+00,0.000000000000000000e+00,0.000000000000000000e+00,1.000000000000000000e+00
9.631801442809290181e-01,1.089206553738038402e-01,2.458054118523639864e-01,-1.096009216308593825e-01,1.114339985588919252e-01,-9.937649333967008003e-01,3.704202509038707208e-03,-1.444633026123046948e-01,2.446762629029348712e-01,2.382326560302247889e-02,-9.693121160843199968e-01,1.933259277343750027e+00,0.000000000000000000e+00,0.000000000000000000e+00,0.000000000000000000e+00,1.000000000000000000e+00
9.628136690020264732e-01,1.085431724636558709e-01,2.474029476267033678e-01,-1.095971450805664077e-01,1.114454570135672423e-01,-9.937679232236639182e-01,2.285800245711937934e-03,-1.444504547119140614e-01,2.461092214726896821e-01,2.537113484358195087e-02,-9.689099837564146833e-01,1.933246826171874932e+00,0.000000000000000000e+00,0.000000000000000000e+00,0.000000000000000000e+00,1.000000000000000000e+00
9.628361260393712984e-01,1.087330892621211492e-01,2.472320968098833949e-01,-1.096087951660156268e-01,1.113728057668381261e-01,-9.937731314168117835e-01,3.325869757907575636e-03,-1.444470825195312558e-01,2.460542471267628817e-01,2.433266474392002665e-02,-9.689505812461965961e-01,1.933278686523437484e+00,0.000000000000000000e+00,0.000000000000000000e+00,0.000000000000000000e+00,1.000000000000000000e+00
9.629839480437210053e-01,1.084267571201800590e-01,2.467905066053585617e-01,-1.096127395629882817e-01,1.114089826114990217e-01,-9.937728439683228832e-01,1.890286904651268529e-03,-1.444552917480468879e-01,2.454586612926884515e-01,2.567436331270300104e-02,-9.690670114418757919e-01,1.933310546875000036e+00,0.000000000000000000e+00,0.000000000000000000e+00,0.000000000000000000e+00,1.000000000000000000e+00
9.632452929323014335e-01,1.089828240011754962e-01,2.455224016591846248e-01,-1.096235733032226572e-01,1.114685267970715460e-01,-9.937607252953577497e-01,3.793203677031392954e-03,-1.444597320556640641e-01,2.444039139978239350e-01,2.371423482159419616e-02,-9.693834957793385776e-01,1.933359497070312516e+00,0.000000000000000000e+00,0.000000000000000000e+00,0.000000000000000000e+00,1.000000000000000000e+00
9.629963911653188768e-01,1.086473623744904082e-01,2.466448889631382979e-01,-1.096237335205078184e-01,1.114122380040443727e-01,-9.937704417151002056e-01,2.760868759106374637e-03,-1.444569091796875093e-01,2.454083613602088265e-01,2.482055242014174698e-02,-9.691019948137845619e-01,1.933353881835937482e+00,0.000000000000000000e+00,0.000000000000000000e+00,0.000000000000000000e+00,1.000000000000000000e+00
9.632068741258513755e-01,1.089787132558629051e-01,2.456749024499714218e-01,-1.096268234252929658e-01,1.114394491508599178e-01,-9.937635459449273290e-01,3.906907206163195284e-03,-1.444514617919921973e-01,2.445685319284953696e-01,2.361471592166784414e-02,-9.693444064842381414e-01,1.933369140624999982e+00,0.000000000000000000e+00,0.000000000000000000e+00,0.000000000000000000e+00,1.000000000000000000e+00
9.633594533524726389e-01,1.088925604183153678e-01,2.451142058754845476e-01,-1.096221923828124972e-01,1.115012012498411281e-01,-9.937589766392590507e-01,3.252455800737094269e-03,-1.444462585449218794e-01,2.439386106303557677e-01,2.419724435626621761e-02,-9.694887557931218813e-01,1.933357421875000037e+00,0.000000000000000000e+00,0.000000000000000000e+00,0.000000000000000000e+00,1.000000000000000000e+00
9.632296204693301389e-01,1.085564570238828075e-01,2.457726467468107079e-01,-1.096161346435546857e-01,1.115133098611936213e-01,-9.937611295465084149e-01,1.897136328701207533e-03,-1.444602203369140525e-01,2.444452494410806476e-01,2.557954340620934020e-02,-9.693256454797934962e-01,1.933322753906250080e+00,0.000000000000000000e+00,0.000000000000000000e+00,0.000000000000000000e+00,1.000000000000000000e+00
9.629789656509711859e-01,1.084848188132909036e-01,2.467844318445419072e-01,-1.096192092895507814e-01,1.115425618392901358e-01,-9.937583714236385424e-01,1.598788218026312574e-03,-1.444422607421874949e-01,2.454175393326932797e-01,2.598736832550395393e-02,-9.690690832316347647e-01,1.933313964843750066e+00,0.000000000000000000e+00,0.000000000000000000e+00,0.000000000000000000e+00,1.000000000000000000e+00
9.632011557350464992e-01,1.086962873336044522e-01,2.458223966821608542e-01,-1.096328811645507773e-01,1.115092775541571268e-01,-9.937602724548187938e-01,2.490363402148965816e-03,-1.444549713134765656e-01,2.445592251582857368e-01,2.501275695350903272e-02,-9.693116874254451565e-01,1.933430297851562507e+00,0.000000000000000000e+00,0.000000000000000000e+00,0.000000000000000000e+00,1.000000000000000000e+00
9.632659791691349227e-01,1.083472728250010758e-01,2.457224488049733202e-01,-1.096270217895507770e-01,1.114887036363594458e-01,-9.937650551149506128e-01,1.133222777449665111e-03,-1.444519500732421857e-01,2.443131644770947519e-01,2.630368232328135492e-02,-9.693395658691663641e-01,1.933321411132812528e+00,0.000000000000000000e+00,0.000000000000000000e+00,0.000000000000000000e+00,1.000000000000000000e+00
9.631718521675632916e-01,1.088825911299847876e-01,2.458547631040041148e-01,-1.096326141357421846e-01,1.114357416877101298e-01,-9.937653125416526789e-01,3.546697548615394130e-03,-1.444656066894531299e-01,2.447081091149522214e-01,2.398092862697292701e-02,-9.693001890000706444e-01,1.933326049804687585e+00,0.000000000000000000e+00,0.000000000000000000e+00,0.000000000000000000e+00,1.000000000000000000e+00
9.632136126591988035e-01,1.083248486882160133e-01,2.459375195953032722e-01,-1.096252593994140601e-01,1.115966276272280511e-01,-9.937533830132316837e-01,6.375358715636110507e-04,-1.444659729003906212e-01,2.444703030845359615e-01,2.683171456379254000e-02,-9.692854739463099278e-01,1.933348754882812548e+00,0.000000000000000000e+00,0.000000000000000000e+00,0.000000000000000000e+00,1.000000000000000000e+00
9.632670432463515953e-01,1.089744817594721082e-01,2.454407580673715061e-01,-1.096200561523437561e-01,1.115141147011307898e-01,-9.937564376588122750e-01,3.569990768912744555e-03,-1.444530181884765563e-01,2.442973712872378578e-01,2.393125439507000699e-02,-9.694050182690535644e-01,1.933235473632812562e+00,0.000000000000000000e+00,0.000000000000000000e+00,0.000000000000000000e+00,1.000000000000000000e+00
9.631368406912257374e-01,1.086378929005753918e-01,2.461000494299978580e-01,-1.096167755126953164e-01,1.114835113806627725e-01,-9.937634262714631905e-01,2.383127239553910204e-03,-1.444488525390625056e-01,2.448241262489502246e-01,2.514082002094168364e-02,-9.692415005431374020e-01,1.933218994140625036e+00,0.000000000000000000e+00,0.000000000000000000e+00,0.000000000000000000e+00,1.000000000000000000e+00
9.629458228862817215e-01,1.086016024449839024e-01,2.468623789325619378e-01,-1.096223602294921912e-01,1.114716797859979514e-01,-9.937648022836536033e-01,2.362699265499732665e-03,-1.444478607177734353e-01,2.455797361175185711e-01,2.524301266713077294e-02,-9.690476683424491533e-01,1.933229003906250076e+00,0.000000000000000000e+00,0.000000000000000000e+00,0.000000000000000000e+00,1.000000000000000000e+00
9.632187415677990749e-01,1.086224840658672197e-01,2.457861099572276331e-01,-1.096251296997070301e-01,1.115156036083645441e-01,-9.937603364634286507e-01,2.159588839497827636e-03,-1.444581451416015738e-01,2.444870672334389095e-01,2.532882996614713167e-02,-9.693216825843411488e-01,1.933299560546875018e+00,0.000000000000000000e+00,0.000000000000000000e+00,0.000000000000000000e+00,1.000000000000000000e+00
9.631821936433202502e-01,1.087340482298849997e-01,2.458799882137286119e-01,-1.096280822753906287e-01,1.114769948047569237e-01,-9.937631298972400273e-01,2.778720234537002814e-03,-1.444665069580078065e-01,2.446486081663708789e-01,2.473354831767308332e-02,-9.692962963458982006e-01,1.933316772460937472e+00,0.000000000000000000e+00,0.000000000000000000e+00,0.000000000000000000e+00,1.000000000000000000e+00
9.629209718774139892e-01,1.086192804764746084e-01,2.469515212089808676e-01,-1.096291275024414147e-01,1.114255935930359293e-01,-9.937693101595025391e-01,2.625886049736167460e-03,-1.444360351562500033e-01,2.456980647280242180e-01,2.498819909236259934e-02,-9.690242777634748839e-01,1.933335449218750002e+00,0.000000000000000000e+00,0.000000000000000000e+00,0.000000000000000000e+00,1.000000000000000000e+00
9.631726891464850171e-01,1.087028101226499288e-01,2.459310268220890883e-01,-1.096280899047851615e-01,1.114419844454925812e-01,-9.937670108069954766e-01,2.795055380375496140e-03,-1.444471130371093870e-01,2.447019717639777603e-01,2.471492065874165631e-02,-9.692833010589078091e-01,1.933354736328124934e+00,0.000000000000000000e+00,0.000000000000000000e+00,0.000000000000000000e+00,1.000000000000000000e+00
9.632046385575754321e-01,1.087786550068724906e-01,2.457723102305591767e-01,-1.096266021728515699e-01,1.114757423194506075e-01,-9.937627622491398416e-01,2.954867389050990986e-03,-1.444354705810546868e-01,2.445607963993776668e-01,2.455150874906146530e-02,-9.693230835395632017e-01,1.933350952148437552e+00,0.000000000000000000e+00,0.000000000000000000e+00,0.000000000000000000e+00,1.000000000000000000e+00
9.633344903708623841e-01,1.084456159172402789e-01,2.454102851354065529e-01,-1.096218719482421888e-01,1.115543451156255639e-01,-9.937575602365881222e-01,1.240789445667833321e-03,-1.444472351074218841e-01,2.440128843887860166e-01,2.618128837461924235e-02,-9.694185125070132747e-01,1.933312988281250089e+00,0.000000000000000000e+00,0.000000000000000000e+00,0.000000000000000000e+00,1.000000000000000000e+00
9.629158920354508044e-01,1.086572609990302807e-01,2.469546203207403090e-01,-1.096197052001953165e-01,1.114346693053323567e-01,-9.937679706160555959e-01,2.745005365784976975e-03,-1.444712371826172015e-01,2.457138566348744113e-01,2.487609715842866234e-02,-9.690231578490688946e-01,1.933287231445312448e+00,0.000000000000000000e+00,0.000000000000000000e+00,0.000000000000000000e+00,1.000000000000000000e+00
9.632611975699977291e-01,1.085498956737314391e-01,2.456517563650543468e-01,-1.096175231933593786e-01,1.115391833725321857e-01,-9.937584877937463146e-01,1.754568458492204025e-03,-1.444538421630859326e-01,2.443089761523359049e-01,2.570968858444065003e-02,-9.693565577661754640e-01,1.933311035156250135e+00,0.000000000000000000e+00,0.000000000000000000e+00,0.000000000000000000e+00,1.000000000000000000e+00
9.629694937360611107e-01,1.086300179203311539e-01,2.467575193187491744e-01,-1.096193008422851611e-01,1.114004993500606749e-01,-9.937717924950315584e-01,2.748305981738086157e-03,-1.444726409912109322e-01,2.455192108130674900e-01,2.484237605062478496e-02,-9.690733581488493176e-01,1.933324951171875083e+00,0.000000000000000000e+00,0.000000000000000000e+00,0.000000000000000000e+00,1.000000000000000000e+00
9.633226995191747077e-01,1.089251628598201099e-01,2.452441344600346518e-01,-1.096330184936523400e-01,1.114663803061011899e-01,-9.937619087210979307e-01,3.537631475415761728e-03,-1.444542541503906208e-01,2.440996162482552967e-01,2.392859525676132443e-02,-9.694548982167724427e-01,1.933333129882812473e+00,0.000000000000000000e+00,0.000000000000000000e+00,0.000000000000000000e+00,1.000000000000000000e+00
9.630077863397623616e-01,1.086475983309872356e-01,2.466002895900549774e-01,-1.096331253051757854e-01,1.114138003733429610e-01,-9.937702939118389089e-01,2.751004315912077350e-03,-1.444330139160156234e-01,2.453629322765755738e-01,2.482543685991732418e-02,-9.691133727017469113e-01,1.933347167968749947e+00,0.000000000000000000e+00,0.000000000000000000e+00,0.000000000000000000e+00,1.000000000000000000e+00
9.630509789702279555e-01,1.086462970814897622e-01,2.464321286581079851e-01,-1.096349182128906335e-01,1.115197487930684184e-01,-9.937595346336294266e-01,2.309318921963298549e-03,-1.444728393554687573e-01,2.451451764437075909e-01,2.525805723394209182e-02,-9.691573004477398445e-01,1.933355957031249961e+00,0.000000000000000000e+00,0.000000000000000000e+00,0.000000000000000000e+00,1.000000000000000000e+00
9.631309280672822881e-01,1.087334322635711281e-01,2.460809950167615612e-01,-1.096262283325195319e-01,1.115078474792614294e-01,-9.937599529906905316e-01,2.675029435865302826e-03,-1.444660034179687524e-01,2.448363031717269989e-01,2.486355847670168595e-02,-9.692455767807651723e-01,1.933334228515624975e+00,0.000000000000000000e+00,0.000000000000000000e+00,0.000000000000000000e+00,1.000000000000000000e+00
9.629640323771619936e-01,1.084831348936564216e-01,2.468434357878714347e-01,-1.096321716308593791e-01,1.114248421884994206e-01,-9.937707222532128348e-01,2.063040376625481162e-03,-1.444524536132812398e-01,2.455295845538461030e-01,2.551785719789839008e-02,-9.690531781449578386e-01,1.933334228515624975e+00,0.000000000000000000e+00,0.000000000000000000e+00,0.000000000000000000e+00,1.000000000000000000e+00
9.631586406740735296e-01,1.086589852778432480e-01,2.460054020001598563e-01,-1.096293792724609417e-01,1.114456059388157366e-01,-9.937671095027638124e-01,2.609403658286355704e-03,-1.444491577148437622e-01,2.447556124214539941e-01,2.490295140964472742e-02,-9.692649447902714765e-01,1.933345214843749993e+00,0.000000000000000000e+00,0.000000000000000000e+00,0.000000000000000000e+00,1.000000000000000000e+00
9.631144982271964139e-01,1.087127435208055104e-01,2.461544285621436734e-01,-1.096278991699218830e-01,1.115262272120640663e-01,-9.937582817249976941e-01,2.525499321535652764e-03,-1.444517211914062571e-01,2.448925559269186925e-01,2.502032971724349464e-02,-9.692273309974401840e-01,1.933320922851562651e+00,0.000000000000000000e+00,0.000000000000000000e+00,0.000000000000000000e+00,1.000000000000000000e+00
9.629377608901602548e-01,1.089926129866445742e-01,2.467214602870782814e-01,-1.096272735595703179e-01,1.114270377585809962e-01,-9.937640913321147407e-01,4.116556231195184906e-03,-1.444517822265624918e-01,2.456316020144651280e-01,2.352745403141498146e-02,-9.690776929630603442e-01,1.933316284179687594e+00,0.000000000000000000e+00,0.000000000000000000e+00,0.000000000000000000e+00,1.000000000000000000e+00
9.632937261144487451e-01,1.085557606358290711e-01,2.455215755515559040e-01,-1.096251220703124973e-01,1.115047445747211347e-01,-9.937620829429263392e-01,1.901168657148124067e-03,-1.444634246826171919e-01,2.441964151372169045e-01,2.554543672974311785e-02,-9.693892621111599439e-01,1.933327148437500087e+00,0.000000000000000000e+00,0.000000000000000000e+00,0.000000000000000000e+00,1.000000000000000000e+00
9.628797480828429345e-01,1.084145999750902173e-01,2.472020737052229300e-01,-1.096186218261718803e-01,1.114229843134689618e-01,-9.937713869302732261e-01,1.830050644656345399e-03,-1.444399719238281254e-01,2.458607518466535413e-01,2.578187407700849657e-02,-9.689622209717342338e-01,1.933269409179687592e+00,0.000000000000000000e+00,0.000000000000000000e+00,0.000000000000000000e+00,1.000000000000000000e+00
9.630389018387577327e-01,1.086224004172213625e-01,2.464898530828408540e-01,-1.096258468627929750e-01,1.115066609882936349e-01,-9.937610944900872045e-01,2.269720931260561098e-03,-1.444619750976562644e-01,2.451985687161354621e-01,2.529943093164102944e-02,-9.691427143068733763e-01,1.933334960937500124e+00,0.000000000000000000e+00,0.000000000000000000e+00,0.000000000000000000e+00,1.000000000000000000e+00
9.630789678506326279e-01,1.086687003469922058e-01,2.463128402025687724e-01,-1.096266326904296873e-01,1.115282166530843638e-01,-9.937584781315416116e-01,2.354576791077249431e-03,-1.444328155517578260e-01,2.450313420237159034e-01,2.520318842087290734e-02,-9.691875157674489927e-01,1.933318725585937647e+00,0.000000000000000000e+00,0.000000000000000000e+00,0.000000000000000000e+00,1.000000000000000000e+00
9.630976540628085614e-01,1.085339777609331952e-01,2.462991766330211441e-01,-1.096253204345703086e-01,1.114905487040295934e-01,-9.937635767227678274e-01,1.952211270866477388e-03,-1.444492950439453249e-01,2.449750319693607126e-01,2.557986025295974977e-02,-9.691918821683608298e-01,1.933311889648437587e+00,0.000000000000000000e+00,0.000000000000000000e+00,0.000000000000000000e+00,1.000000000000000000e+00
9.630769984215081791e-01,1.085264995672863553e-01,2.463832258963472577e-01,-1.096251525878906286e-01,1.114618609311136266e-01,-9.937666098213890908e-01,2.044202014645246993e-03,-1.444659729003906212e-01,2.450692732049282729e-01,2.549360892018606023e-02,-9.691703293204105840e-01,1.933329467773437615e+00,0.000000000000000000e+00,0.000000000000000000e+00,0.000000000000000000e+00,1.000000000000000000e+00
9.631727551831481549e-01,1.088260865659885501e-01,2.458762423570758082e-01,-1.096209640502929655e-01,1.115261567165476420e-01,-9.937570910793571688e-01,2.959779980066043134e-03,-1.444621582031249962e-01,2.446633606426175944e-01,2.457085289985494470e-02,-9.692967105829020102e-01,1.933315429687500142e+00,0.000000000000000000e+00,0.000000000000000000e+00,0.000000000000000000e+00,1.000000000000000000e+00
9.630307549515501053e-01,1.086179676506291020e-01,2.465236340006662641e-01,-1.096269531249999957e-01,1.114644577254977204e-01,-9.937654695607737176e-01,2.422018293838503616e-03,-1.444734802246093741e-01,2.452497496051898318e-01,2.514614507438157898e-02,-9.691337532593166104e-01,1.933325805664062536e+00,0.000000000000000000e+00,0.000000000000000000e+00,0.000000000000000000e+00,1.000000000000000000e+00
9.632191219524021131e-01,1.086055615365909693e-01,2.457920973273253484e-01,-1.096395187377929709e-01,1.114836938379911574e-01,-9.937637891457858919e-01,2.217519074839618271e-03,-1.444559936523437393e-01,2.445001208864336639e-01,2.526585415005754010e-02,-9.693200335805441936e-01,1.933426147460937550e+00,0.000000000000000000e+00,0.000000000000000000e+00,0.000000000000000000e+00,1.000000000000000000e+00
9.632944463146518865e-01,1.086524575165281059e-01,2.454759727039833028e-01,-1.096377410888671883e-01,1.115251101693416347e-01,-9.937591555998125381e-01,2.211439183775365525e-03,-1.444613494873046855e-01,2.441842736563186733e-01,2.524646781564462636e-02,-9.694001528583381377e-01,1.933379150390625023e+00,0.000000000000000000e+00,0.000000000000000000e+00,0.000000000000000000e+00,1.000000000000000000e+00
9.631431333588191812e-01,1.086534504996585909e-01,2.460685521521880914e-01,-1.096219787597656342e-01,1.115013877117679159e-01,-9.937614459536485700e-01,2.372567061979271447e-03,-1.444418029785156377e-01,2.447912277883050880e-01,2.515186336301586389e-02,-9.692495233773719132e-01,1.933310058593749936e+00,0.000000000000000000e+00,0.000000000000000000e+00,0.000000000000000000e+00,1.000000000000000000e+00
9.631664246054080225e-01,1.086076215991924332e-01,2.459976078001609445e-01,-1.096220169067382844e-01,1.114749602311557175e-01,-9.937646218997896463e-01,2.282433313500841984e-03,-1.444489135742187402e-01,2.447116093574177587e-01,2.522421041251749624e-02,-9.692677480731358708e-01,1.933299194335937443e+00,0.000000000000000000e+00,0.000000000000000000e+00,0.000000000000000000e+00,1.000000000000000000e+00
9.632575298301422340e-01,1.087524708823043168e-01,2.455765284031156126e-01,-1.096169128417968791e-01,1.115571859349599321e-01,-9.937548604914649975e-01,2.504299475337106243e-03,-1.444474182128906159e-01,2.443152174789885445e-01,2.498354111376018677e-02,-9.693739717888096852e-01,1.933293823242187459e+00,0.000000000000000000e+00,0.000000000000000000e+00,0.000000000000000000e+00,1.000000000000000000e+00
9.631280325837413558e-01,1.088515468972374861e-01,2.460401056524121333e-01,-1.096104812622070296e-01,1.114251139091874537e-01,-9.937667375203648179e-01,3.480716658232812025e-03,-1.444466400146484364e-01,2.448853544859230791e-01,2.406267101152331084e-02,-9.692533987673682683e-01,1.933235351562500037e+00,0.000000000000000000e+00,0.000000000000000000e+00,0.000000000000000000e+00,1.000000000000000000e+00
9.630345050373771976e-01,1.085866388945142397e-01,2.465227858860245258e-01,-1.096169586181640621e-01,1.114579600349629301e-01,-9.937664420933030041e-01,2.319852164050204696e-03,-1.444519348144531201e-01,2.452379767741100502e-01,2.524282913642626400e-02,-9.691342189423148845e-01,1.933244995117187504e+00,0.000000000000000000e+00,0.000000000000000000e+00,0.000000000000000000e+00,1.000000000000000000e+00
9.629856339772057128e-01,1.085751113680864938e-01,2.467186939510806754e-01,-1.096185989379882819e-01,1.114392350445647800e-01,-9.937684294040786126e-01,2.367617459206387137e-03,-1.444393920898437433e-01,2.454383133217013235e-01,2.521416092513315346e-02,-9.690842483719567246e-01,1.933242187500000098e+00,0.000000000000000000e+00,0.000000000000000000e+00,0.000000000000000000e+00,1.000000000000000000e+00
9.631585916353425647e-01,1.089167880290812379e-01,2.458915627760576705e-01,-1.096221618652343799e-01,1.114687498981728614e-01,-9.937615650954304547e-01,3.559429058034569576e-03,-1.444735717773437400e-01,2.447452658483148524e-01,2.398093043459275167e-02,-9.692908076631744363e-01,1.933264526367187486e+00,0.000000000000000000e+00,0.000000000000000000e+00,0.000000000000000000e+00,1.000000000000000000e+00
9.631664245733649876e-01,1.087855199267200174e-01,2.459189891586940624e-01,-1.096170120239257778e-01,1.115059860800409058e-01,-9.937595938528199779e-01,2.878314401934862002e-03,-1.444545745849609431e-01,2.446974737157668611e-01,2.464914359063744009e-02,-9.692861115673586658e-01,1.933259765625000126e+00,0.000000000000000000e+00,0.000000000000000000e+00,0.000000000000000000e+00,1.000000000000000000e+00
9.631149975704316191e-01,1.086266885129850285e-01,2.461904628486058511e-01,-1.096234893798828103e-01,1.115279418263090266e-01,-9.937589267265853898e-01,2.171115660865150301e-03,-1.444392700195312462e-01,2.448898112353702916e-01,2.536608156433213523e-02,-9.692190372971307699e-01,1.933296386718750037e+00,0.000000000000000000e+00,0.000000000000000000e+00,0.000000000000000000e+00,1.000000000000000000e+00
9.630753220464924880e-01,1.083774412481036814e-01,2.464553799241528675e-01,-1.096317062377929752e-01,1.114804206304215034e-01,-9.937656855843428616e-01,1.370390873110209976e-03,-1.444444122314453294e-01,2.450674190526129503e-01,2.615515978912471423e-02,-9.691531704200819775e-01,1.933344970703124943e+00,0.000000000000000000e+00,0.000000000000000000e+00,0.000000000000000000e+00,1.000000000000000000e+00
9.630386774424689600e-01,1.089440044871718971e-01,2.463487561084070354e-01,-1.096223907470703085e-01,1.115112030839924828e-01,-9.937568401990594102e-01,3.548822951607171622e-03,-1.444538879394531294e-01,2.451973844408233683e-01,2.405299241010026151e-02,-9.691747500938613369e-01,1.933311767578125062e+00,0.000000000000000000e+00,0.000000000000000000e+00,0.000000000000000000e+00,1.000000000000000000e+00
9.632267928821667269e-01,1.089266687500881625e-01,2.456198817460515660e-01,-1.096341247558593746e-01,1.115030437047361545e-01,-9.937581508936159658e-01,3.436390123535002644e-03,-1.444788360595703203e-01,2.444610740353471423e-01,2.407734137129753302e-02,-9.693601316920223976e-01,1.933366088867187527e+00,0.000000000000000000e+00,0.000000000000000000e+00,0.000000000000000000e+00,1.000000000000000000e+00
9.632464522623329639e-01,1.087452600115098450e-01,2.456231679403599044e-01,-1.096281585693359428e-01,1.115209251006529928e-01,-9.937586227331640654e-01,2.623548775891392654e-03,-1.444519805908203169e-01,2.443754395775558919e-01,2.486499886414741955e-02,-9.693618397496170935e-01,1.933323730468750057e+00,0.000000000000000000e+00,0.000000000000000000e+00,0.000000000000000000e+00,1.000000000000000000e+00
9.631243481330364897e-01,1.084434396531304967e-01,2.462346653692604748e-01,-1.096214981079101647e-01,1.114276107339786104e-01,-9.937708781652443424e-01,1.824630591685916237e-03,-1.444509277343750120e-01,2.448987088561938030e-01,2.567999429277634249e-02,-9.692085226068187787e-01,1.933328491210937639e+00,0.000000000000000000e+00,0.000000000000000000e+00,0.000000000000000000e+00,1.000000000000000000e+00
9.630958907686836268e-01,1.085279522526646223e-01,2.463087265289628236e-01,-1.096256942749023466e-01,1.114843751469073718e-01,-9.937642676350010307e-01,1.953066812426558149e-03,-1.444501647949218703e-01,2.449847735729297760e-01,2.557858384886719377e-02,-9.691894534948816142e-01,1.933345581054687568e+00,0.000000000000000000e+00,0.000000000000000000e+00,0.000000000000000000e+00,1.000000000000000000e+00
9.633412033918216100e-01,1.087445011832237352e-01,2.452516244798577383e-01,-1.096213912963867193e-01,1.115237264563992137e-01,-9.937584475555170105e-01,2.570281954822816947e-03,-1.444660949707031183e-01,2.440003776326494511e-01,2.487531657006389341e-02,-9.694560507525153970e-01,1.933333251953124998e+00,0.000000000000000000e+00,0.000000000000000000e+00,0.000000000000000000e+00,1.000000000000000000e+00
9.631680284067695164e-01,1.087620784539930219e-01,2.459230760733605303e-01,-1.096187133789062462e-01,1.114199461689644177e-01,-9.937685031675170810e-01,3.123733006794764469e-03,-1.444521942138671800e-01,2.447303508981292508e-01,2.439205613637630832e-02,-9.692843148151725208e-01,1.933296020507812463e+00,0.000000000000000000e+00,0.000000000000000000e+00,0.000000000000000000e+00,1.000000000000000000e+00
9.632740868506847187e-01,1.087543807556982239e-01,2.455107294364633763e-01,-1.096268768310546954e-01,1.115117749493432647e-01,-9.937594843232536723e-01,2.685398523164650789e-03,-1.444341583251953220e-01,2.442706647340746884e-01,2.479056239833640068e-02,-9.693901538422741160e-01,1.933311889648437587e+00,0.000000000000000000e+00,0.000000000000000000e+00,0.000000000000000000e+00,1.000000000000000000e+00
9.630613044049700644e-01,1.085100233756315508e-01,2.464518183840765098e-01,-1.096301651000976540e-01,1.114586432715440750e-01,-9.937670665483697707e-01,1.997068830824731342e-03,-1.444364013671874947e-01,2.451324025865707912e-01,2.554588559569357514e-02,-9.691529873715849508e-01,1.933318481445312598e+00,0.000000000000000000e+00,0.000000000000000000e+00,0.000000000000000000e+00,1.000000000000000000e+00
9.631466250939015872e-01,1.087362861202482711e-01,2.460182892611913197e-01,-1.096221771240234455e-01,1.114547612857569037e-01,-9.937653054123203322e-01,2.890319271799534837e-03,-1.444576263427734542e-01,2.447987229479815785e-01,2.463610844945878647e-02,-9.692608768559185517e-01,1.933285278320312495e+00,0.000000000000000000e+00,0.000000000000000000e+00,0.000000000000000000e+00,1.000000000000000000e+00
9.632558260731098887e-01,1.087479870820929062e-01,2.455851967073828246e-01,-1.096210479736328125e-01,1.115156353409821055e-01,-9.937591415960675967e-01,2.651710531768809373e-03,-1.444662628173828123e-01,2.443409024512843697e-01,2.483231362237812989e-02,-9.693713837273369993e-01,1.933313842773437541e+00,0.000000000000000000e+00,0.000000000000000000e+00,0.000000000000000000e+00,1.000000000000000000e+00
9.630547443927696127e-01,1.086750042644317044e-01,2.464047539125485686e-01,-1.096149902343750010e-01,1.114742665626072132e-01,-9.937639108472205995e-01,2.603342460529530986e-03,-1.444640808105468743e-01,2.451510701524809988e-01,2.496062791204895631e-02,-9.691635155417944736e-01,1.933266113281250087e+00,0.000000000000000000e+00,0.000000000000000000e+00,0.000000000000000000e+00,1.000000000000000000e+00
9.633574334648894455e-01,1.087396373822866608e-01,2.451900215137432504e-01,-1.096323776245117232e-01,1.115515423435962244e-01,-9.937556703715754169e-01,2.433311551326887423e-03,-1.444461822509765792e-01,2.439235716135403353e-01,2.500717629621086041e-02,-9.694719863642190516e-01,1.933347412109374996e+00,0.000000000000000000e+00,0.000000000000000000e+00,0.000000000000000000e+00,1.000000000000000000e+00
9.631546036232838670e-01,1.088684917814146669e-01,2.459285689311327683e-01,-1.096257095336914122e-01,1.114251923535337918e-01,-9.937665252701999297e-01,3.538327482202455881e-03,-1.444581909179687429e-01,2.447807917877807549e-01,2.399468169477068230e-02,-9.692814963786906546e-01,1.933332641601562596e+00,0.000000000000000000e+00,0.000000000000000000e+00,0.000000000000000000e+00,1.000000000000000000e+00
9.630669623035241766e-01,1.088114341171036031e-01,2.462967679951199307e-01,-1.096230468750000048e-01,1.113916713576692946e-01,-9.937705056183416819e-01,3.475300736730883508e-03,-1.444653472900390700e-01,2.451406161198255995e-01,2.408846131335390384e-02,-9.691882295818226023e-01,1.933336303710937454e+00,0.000000000000000000e+00,0.000000000000000000e+00,0.000000000000000000e+00,1.000000000000000000e+00
9.633530496622442207e-01,1.087949435916389790e-01,2.451827113712266026e-01,-1.096220245361328172e-01,1.114887821860999911e-01,-9.937614356358508427e-01,2.908692082940879040e-03,-1.444478454589843697e-01,2.439695742364495490e-01,2.453302451523457078e-02,-9.694725254255640579e-01,1.933269531250000117e+00,0.000000000000000000e+00,0.000000000000000000e+00,0.000000000000000000e+00,1.000000000000000000e+00
9.631283301379263140e-01,1.087084070371358707e-01,2.461022184483065700e-01,-1.096321258544921962e-01,1.114578749952777198e-01,-9.937652909013920954e-01,2.772850736841381628e-03,-1.444565429687499902e-01,2.448692748943130659e-01,2.475941919997612373e-02,-9.692399132173690202e-01,1.933327148437500087e+00,0.000000000000000000e+00,0.000000000000000000e+00,0.000000000000000000e+00,1.000000000000000000e+00
9.632896131734801637e-01,1.088304461668628403e-01,2.454160857385047911e-01,-1.096286087036132811e-01,1.115865219720997420e-01,-9.937510807808650481e-01,2.690271553793754933e-03,-1.444532470703125127e-01,2.441752838971578965e-01,2.479361679918077113e-02,-9.694141051685590815e-01,1.933381591796875076e+00,0.000000000000000000e+00,0.000000000000000000e+00,0.000000000000000000e+00,1.000000000000000000e+00
