T00,T01,T02,T03,T10,T11,T12,T13,T20,T21,T22,T23,T30,T31,T32,T33
9.712324211148931630e-01,1.172323093255469018e-01,2.072780013062229254e-01,1.369834594726562493e-01,1.177525537448837478e-01,-9.929939151675492015e-01,9.870183725770880281e-03,-1.483692626953125038e-01,2.069828984768102287e-01,1.482127155211383253e-02,-9.782322881850288310e-01,1.636069213867187511e+00,0.000000000000000000e+00,0.000000000000000000e+00,0.000000000000000000e+00,1.000000000000000000e+00
9.711962957902955385e-01,1.172202595562054084e-01,2.074540088616864952e-01,1.369886779785156328e-01,1.178041549182786141e-01,-9.929906251042477372e-01,9.581207599538345623e-03,-1.483716278076172013e-01,2.071229975816280267e-01,1.513371086849059181e-02,-9.781978504720554302e-01,1.636058837890625117e+00,0.000000000000000000e+00,0.000000000000000000e+00,0.000000000000000000e+00,1.000000000000000000e+00
9.711621585191886341e-01,1.173089097684601040e-01,2.075636807085622093e-01,1.369848480224609422e-01,1.177085472156036566e-01,-9.929930072584759460e-01,1.046830684306371793e-02,-1.483735809326171828e-01,2.073373091673147706e-01,1.426559584117731948e-02,-9.781654936678935153e-01,1.636076538085937448e+00,0.000000000000000000e+00,0.000000000000000000e+00,0.000000000000000000e+00,1.000000000000000000e+00
9.712287846104872280e-01,1.172581271500065525e-01,2.072804369961358251e-01,1.369865112304687604e-01,1.177975952816292526e-01,-9.929894432046248998e-01,9.782240542676366724e-03,-1.483802185058593903e-01,2.069743329253692921e-01,1.491634343403905674e-02,-9.782326554601703528e-01,1.636076416015624924e+00,0.000000000000000000e+00,0.000000000000000000e+00,0.000000000000000000e+00,1.000000000000000000e+00
9.711542088968176945e-01,1.171931168655692274e-01,2.076662608642268204e-01,1.369868927001953174e-01,1.177342334516095351e-01,-9.929968221927094607e-01,9.795988400484480912e-03,-1.483819427490234433e-01,2.073599595282511754e-01,1.493601267117681403e-02,-9.781506850735874892e-01,1.636075317382812644e+00,0.000000000000000000e+00,0.000000000000000000e+00,0.000000000000000000e+00,1.000000000000000000e+00
9.712014472578942570e-01,1.173247183275133998e-01,2.073708256084771107e-01,1.369863433837890665e-01,1.177514363784215312e-01,-9.929893860552412299e-01,1.032852421471589822e-02,-1.483779602050781243e-01,2.071288200009605840e-01,1.438713491300704604e-02,-9.782078829543365828e-01,1.636087158203125114e+00,0.000000000000000000e+00,0.000000000000000000e+00,0.000000000000000000e+00,1.000000000000000000e+00
9.711801495112817317e-01,1.173088600182932012e-01,2.074795135825537873e-01,1.369851074218750020e-01,1.177348203984983216e-01,-9.929912562418230504e-01,1.033813779262693702e-02,-1.483738250732421771e-01,2.072380979959476122e-01,1.438736906089810308e-02,-9.781847342657354893e-01,1.636065063476562553e+00,0.000000000000000000e+00,0.000000000000000000e+00,0.000000000000000000e+00,1.000000000000000000e+00
9.712195384803565812e-01,1.173833817716820188e-01,2.072528642934691745e-01,1.369874420166015683e-01,1.177645413654784950e-01,-9.929855924416881585e-01,1.054163176214532524e-02,-1.483867187500000073e-01,2.070365206213196085e-01,1.416879977534149515e-02,-9.782306089271304295e-01,1.636069824218750135e+00,0.000000000000000000e+00,0.000000000000000000e+00,0.000000000000000000e+00,1.000000000000000000e+00
9.711938904079662205e-01,1.171850787558041118e-01,2.074851429650696744e-01,1.369841156005859317e-01,1.177868395407778990e-01,-9.929935030161125553e-01,9.495440947353420494e-03,-1.483814849853515583e-01,2.071441229319201660e-01,1.521710500672275417e-02,-9.781920834120361175e-01,1.636074584960937495e+00,0.000000000000000000e+00,0.000000000000000000e+00,0.000000000000000000e+00,1.000000000000000000e+00
9.711742115089629923e-01,1.172860853408123488e-01,2.075201799473281317e-01,1.369844055175781228e-01,1.177564234892564260e-01,-9.929908481945559640e-01,1.012917217126404687e-02,-1.483808898925781383e-01,2.072536504550949177e-01,1.459964339577838124e-02,-9.781782939657541753e-01,1.636060913085937596e+00,0.000000000000000000e+00,0.000000000000000000e+00,0.000000000000000000e+00,1.000000000000000000e+00
9.710723635682169119e-01,1.173019873764125642e-01,2.079872795907977689e-01,1.369878234863281252e-01,1.177341924253431094e-01,-9.929912692278676234e-01,1.034404037023232796e-02,-1.483773803710937422e-01,2.077429292370477354e-01,1.444240266620006215e-02,-9.780768335653587942e-01,1.636074707031250020e+00,0.000000000000000000e+00,0.000000000000000000e+00,0.000000000000000000e+00,1.000000000000000000e+00
9.711650713170643101e-01,1.173059427025079510e-01,2.075517286374589376e-01,1.369861297607422035e-01,1.177896416949238273e-01,-9.929875051312602174e-01,1.007049961902639970e-02,-1.483699645996093830e-01,2.072776026566858498e-01,1.466732626865810754e-02,-9.781722061973678883e-01,1.636073242187499943e+00,0.000000000000000000e+00,0.000000000000000000e+00,0.000000000000000000e+00,1.000000000000000000e+00
9.712193109145531578e-01,1.172135166391134048e-01,2.073500461146639273e-01,1.369825897216797039e-01,1.177664689121325353e-01,-9.929937568373953249e-01,9.718934196907991901e-03,-1.483762359619140714e-01,2.070364917270109684e-01,1.497966618614695114e-02,-9.782185342214301249e-01,1.636066284179687580e+00,0.000000000000000000e+00,0.000000000000000000e+00,0.000000000000000000e+00,1.000000000000000000e+00
9.711654458967796666e-01,1.172082639454949948e-01,2.076051530164732817e-01,1.369831542968749927e-01,1.177384337293637950e-01,-9.929958419728376340e-01,9.844747209156182871e-03,-1.483615875244140569e-01,2.073049394468600426e-01,1.488222723718322232e-02,-9.781631670602789486e-01,1.636058227539062493e+00,0.000000000000000000e+00,0.000000000000000000e+00,0.000000000000000000e+00,1.000000000000000000e+00
9.712150382522986014e-01,1.172696467400592274e-01,2.073383211710952967e-01,1.369876861572265625e-01,1.177750397349894146e-01,-9.929904646817058200e-01,9.948721859211893254e-03,-1.483835144042968679e-01,2.070516589839555555e-01,1.475693073345578366e-02,-9.782187094445291553e-01,1.636053710937499961e+00,0.000000000000000000e+00,0.000000000000000000e+00,0.000000000000000000e+00,1.000000000000000000e+00
9.711883813990118686e-01,1.173080378800898937e-01,2.074414425429282338e-01,1.369862976074218697e-01,1.177151468259117761e-01,-9.929926874191044028e-01,1.042434362150543477e-02,-1.483761138916015743e-01,2.072106948092246603e-01,1.429499845780275898e-02,-9.781918937385292168e-01,1.636075317382812644e+00,0.000000000000000000e+00,0.000000000000000000e+00,0.000000000000000000e+00,1.000000000000000000e+00
9.711336242047071687e-01,1.173486703760092120e-01,2.076746818945770512e-01,1.369889068603515614e-01,1.177377113004612896e-01,-9.929888942855812362e-01,1.053029739504891121e-02,-1.483876495361328152e-01,2.074543691435787873e-01,1.422481586811160867e-02,-9.781412675768047515e-01,1.636073242187499943e+00,0.000000000000000000e+00,0.000000000000000000e+00,0.000000000000000000e+00,1.000000000000000000e+00
9.712100955461535623e-01,1.172816075161732946e-01,2.073547078020014089e-01,1.369864501953124980e-01,1.177458030485033363e-01,-9.929919378996154844e-01,1.014579375058299524e-02,-1.483825836181640601e-01,2.070914681335137841e-01,1.456144926813913998e-02,-9.782132119438569084e-01,1.636075561523437472e+00,0.000000000000000000e+00,0.000000000000000000e+00,0.000000000000000000e+00,1.000000000000000000e+00
9.711619998847005331e-01,1.173222356785937337e-01,2.075568909849198618e-01,1.369832611083984519e-01,1.177082665008215290e-01,-9.929923517950771661e-01,1.053343599467774887e-02,-1.483846130371093697e-01,2.073382115706629003e-01,1.420148907188617353e-02,-9.781662352232469715e-01,1.636081420898437555e+00,0.000000000000000000e+00,0.000000000000000000e+00,0.000000000000000000e+00,1.000000000000000000e+00
9.711610392865507313e-01,1.173074914543869446e-01,2.075697189393138908e-01,1.369868621826171862e-01,1.177633115830167415e-01,-9.929892702207429034e-01,1.020351270287412487e-02,-1.483851318359374893e-01,2.073114522086711708e-01,1.453484348575287757e-02,-9.781670103351353118e-01,1.636079101562500027e+00,0.000000000000000000e+00,0.000000000000000000e+00,0.000000000000000000e+00,1.000000000000000000e+00
9.712042098705552240e-01,1.172055621772884887e-01,2.074252610566423849e-01,1.369856719970703185e-01,1.177480808991725886e-01,-9.929954074580790158e-01,9.772932606222401938e-03,-1.483693389892578041e-01,2.071177736802720659e-01,1.493241312948510695e-02,-9.782020501224980569e-01,1.636079956054687479e+00,0.000000000000000000e+00,0.000000000000000000e+00,0.000000000000000000e+00,1.000000000000000000e+00
9.711341874343211167e-01,1.172632654221852783e-01,2.077202844664113590e-01,1.369847717285156141e-01,1.177576189384032385e-01,-9.929917340428762174e-01,1.002792623026651023e-02,-1.483850555419921891e-01,2.074404328433551437e-01,1.472218411269120633e-02,-9.781368636937846084e-01,1.636085693359375037e+00,0.000000000000000000e+00,0.000000000000000000e+00,0.000000000000000000e+00,1.000000000000000000e+00
9.711595036684488313e-01,1.172108422331494398e-01,2.076314930289913652e-01,1.369842376708984288e-01,1.176955976647064833e-01,-9.929987505401078884e-01,1.006119854352552877e-02,-1.483904571533203043e-01,2.073570947057271074e-01,1.466628408222250650e-02,-9.781553738473349746e-01,1.636080566406250103e+00,0.000000000000000000e+00,0.000000000000000000e+00,0.000000000000000000e+00,1.000000000000000000e+00
9.711639164264210811e-01,1.172483023824675147e-01,2.075896987321983744e-01,1.369842834472656257e-01,1.177478738127056973e-01,-9.929932493801444382e-01,9.992241893066102637e-03,-1.483793792724609484e-01,2.073067428808878787e-01,1.473914088038625475e-02,-9.781649513667035611e-01,1.636066284179687580e+00,0.000000000000000000e+00,0.000000000000000000e+00,0.000000000000000000e+00,1.000000000000000000e+00
9.712017300807516129e-01,1.173464616458908122e-01,2.073571976743140144e-01,1.369834747314453149e-01,1.177114217989615880e-01,-9.929910394916727778e-01,1.062151906810356213e-02,-1.483759765625000115e-01,2.071502369446436564e-01,1.409267286346396232e-02,-9.782076343524115369e-01,1.636067871093749959e+00,0.000000000000000000e+00,0.000000000000000000e+00,0.000000000000000000e+00,1.000000000000000000e+00
9.711730941321936594e-01,1.172321634216935415e-01,2.075558746293900414e-01,1.369829254150390641e-01,1.177225666567770779e-01,-9.929958557606666236e-01,1.003133799065424568e-02,-1.483794097900390518e-01,2.072781188004233222e-01,1.469184473139452558e-02,-9.781717288722602266e-01,1.636059692382812569e+00,0.000000000000000000e+00,0.000000000000000000e+00,0.000000000000000000e+00,1.000000000000000000e+00
9.711247410994336970e-01,1.171810929051484429e-01,2.078108002248982289e-01,1.369845886230468823e-01,1.177140476532375357e-01,-9.929987422104535888e-01,9.843828195782611257e-03,-1.483912353515625115e-01,2.075093737874241229e-01,1.490266533247440114e-02,-9.781195071954853493e-01,1.636070556640625062e+00,0.000000000000000000e+00,0.000000000000000000e+00,0.000000000000000000e+00,1.000000000000000000e+00
9.711856104437779358e-01,1.172340724324089228e-01,2.074962224423837487e-01,1.369832000732421895e-01,1.177215890050505170e-01,-9.929958755912708934e-01,1.004084363245387988e-02,-1.483824462890624973e-01,2.072200220757455247e-01,1.467526216590759637e-02,-9.781842868965384685e-01,1.636070922851562637e+00,0.000000000000000000e+00,0.000000000000000000e+00,0.000000000000000000e+00,1.000000000000000000e+00
9.711018465759958529e-01,1.172227642959322025e-01,2.078942690588457542e-01,1.369850616455078052e-01,1.177100415821062951e-01,-9.929969534506163376e-01,1.006958532083025021e-02,-1.483816223144531210e-01,2.076187604418980037e-01,1.469265015628553120e-02,-9.780994715998750921e-01,1.636075195312500119e+00,0.000000000000000000e+00,0.000000000000000000e+00,0.000000000000000000e+00,1.000000000000000000e+00
9.711774173481770855e-01,1.171776629103264689e-01,2.075664215324797002e-01,1.369819946289062562e-01,1.177401268011203095e-01,-9.929972000096654039e-01,9.686243535094500590e-03,-1.483703460693359399e-01,2.072478867776008371e-01,1.503183581067039226e-02,-9.781729690286786738e-01,1.636092407226562573e+00,0.000000000000000000e+00,0.000000000000000000e+00,0.000000000000000000e+00,1.000000000000000000e+00
9.711651045860321130e-01,1.172307962442076107e-01,2.075940270006600974e-01,1.369834594726562493e-01,1.177625342434691219e-01,-9.929930418571819573e-01,9.838920254646065650e-03,-1.483694305419921977e-01,2.072928487984027623e-01,1.489158269528790754e-02,-9.781655870055296909e-01,1.636077636718749950e+00,0.000000000000000000e+00,0.000000000000000000e+00,0.000000000000000000e+00,1.000000000000000000e+00
9.710787121708792657e-01,1.172519533629869243e-01,2.079858509637380892e-01,1.369855346679687558e-01,1.176847159084685318e-01,-9.929972179260058152e-01,1.033599694057636860e-02,-1.483901367187500098e-01,2.077412872062012472e-01,1.443968918559154595e-02,-9.780772223940878973e-01,1.636076538085937448e+00,0.000000000000000000e+00,0.000000000000000000e+00,0.000000000000000000e+00,1.000000000000000000e+00
9.710841427001479786e-01,1.171692695430228554e-01,2.080070913961193646e-01,1.369796905517578212e-01,1.177366312573906587e-01,-9.929975294493114113e-01,9.694955787709742812e-03,-1.483958435058593817e-01,2.076864787521814637e-01,1.507543638900330982e-02,-9.780792696715339130e-01,1.636075683593749996e+00,0.000000000000000000e+00,0.000000000000000000e+00,0.000000000000000000e+00,1.000000000000000000e+00
9.711767434265030641e-01,1.173357028301671018e-01,2.074802782648112187e-01,1.369798126220703183e-01,1.177619556758558866e-01,-9.929880227304159757e-01,1.033965711892550349e-02,-1.483760070800781150e-01,2.072386422048034527e-01,1.439164880373021080e-02,-9.781845560127291339e-01,1.636084960937500110e+00,0.000000000000000000e+00,0.000000000000000000e+00,0.000000000000000000e+00,1.000000000000000000e+00
9.711290593216126421e-01,1.172942025961640489e-01,2.077267921536603001e-01,1.369807281494140605e-01,1.177130188806100319e-01,-9.929933225198495084e-01,1.038781098227831504e-02,-1.483735809326171828e-01,2.074897475229393051e-01,1.436424269916171739e-02,-9.781317258961323979e-01,1.636079956054687479e+00,0.000000000000000000e+00,0.000000000000000000e+00,0.000000000000000000e+00,1.000000000000000000e+00
9.711568541262277643e-01,1.172661850665821237e-01,2.076126357512451948e-01,1.369798278808593839e-01,1.177543335507978683e-01,-9.929919035464788157e-01,1.004969756501515252e-02,-1.483713378906250102e-01,2.073361560694529093e-01,1.468745488745230171e-02,-9.781594946915727062e-01,1.636083251953124984e+00,0.000000000000000000e+00,0.000000000000000000e+00,0.000000000000000000e+00,1.000000000000000000e+00
9.711853376464798515e-01,1.173944765346608549e-01,2.074067906787182280e-01,1.369792938232421986e-01,1.177314067934132763e-01,-9.929871534900951424e-01,1.076238161755394690e-02,-1.483827362060546884e-01,2.072157228468354540e-01,1.396602601998809742e-02,-9.781955808130970986e-01,1.636068115234375009e+00,0.000000000000000000e+00,0.000000000000000000e+00,0.000000000000000000e+00,1.000000000000000000e+00
9.711262613133678778e-01,1.173163085112507997e-01,2.077273894911638719e-01,1.369803466796875036e-01,1.177451898762831295e-01,-9.929899786824311070e-01,1.034275095240811543e-02,-1.483749847412109413e-01,2.074845894241755806e-01,1.441478385403434023e-02,-9.781320765407518492e-01,1.636068603515625108e+00,0.000000000000000000e+00,0.000000000000000000e+00,0.000000000000000000e+00,1.000000000000000000e+00
9.711871056663112789e-01,1.173568276881293004e-01,2.074198177187311920e-01,1.369817199707031308e-01,1.177964462242837573e-01,-9.929846081428417293e-01,1.027449504046199294e-02,-1.483686370849609526e-01,2.071704685625400111e-01,1.445486030322610388e-02,-9.781980647952601693e-01,1.636079589843750126e+00,0.000000000000000000e+00,0.000000000000000000e+00,0.000000000000000000e+00,1.000000000000000000e+00
9.711387328017364595e-01,1.171877692993605891e-01,2.077416385293944512e-01,1.369803161621093723e-01,1.177638801223408471e-01,-9.929948725659638598e-01,9.635953312264014178e-03,-1.483769378662109506e-01,2.074155977518775951e-01,1.510661392718550509e-02,-9.781362686379062588e-01,1.636080078125000004e+00,0.000000000000000000e+00,0.000000000000000000e+00,0.000000000000000000e+00,1.000000000000000000e+00
9.711361601792553033e-01,1.172884990295444546e-01,2.076968136194897729e-01,1.369787597656250133e-01,1.177146504000585320e-01,-9.929935187304531619e-01,1.035049952929404000e-02,-1.483765106201171968e-01,2.074555843391170940e-01,1.439721343560854648e-02,-9.781384875219897301e-01,1.636084838867187585e+00,0.000000000000000000e+00,0.000000000000000000e+00,0.000000000000000000e+00,1.000000000000000000e+00
9.710804235197517675e-01,1.174218784384364056e-01,2.078819701674213816e-01,1.369803619384765692e-01,1.176670065050119118e-01,-9.929896050824659204e-01,1.123030624327707103e-02,-1.483794555664062487e-01,2.077433191148372327e-01,1.355531859298665306e-02,-9.780894471882383145e-01,1.636065917968750005e+00,0.000000000000000000e+00,0.000000000000000000e+00,0.000000000000000000e+00,1.000000000000000000e+00
9.711242679878455686e-01,1.172967157077622752e-01,2.077477716107773154e-01,1.369792633056640674e-01,1.176905868955421403e-01,-9.929947259452776009e-01,1.050714047901744885e-02,-1.483669433593750031e-01,2.075248946060548050e-01,1.424621806078214814e-02,-9.781259956619650087e-01,1.636072387695312491e+00,0.000000000000000000e+00,0.000000000000000000e+00,0.000000000000000000e+00,1.000000000000000000e+00
9.711361408042508137e-01,1.173159479437475838e-01,2.076814011458097686e-01,1.369801025390625093e-01,1.177048221310761922e-01,-9.929928168568299407e-01,1.052808234345413083e-02,-1.483676452636718823e-01,2.074612514927029749e-01,1.422090112470879644e-02,-9.781398647945410696e-01,1.636070068359374963e+00,0.000000000000000000e+00,0.000000000000000000e+00,0.000000000000000000e+00,1.000000000000000000e+00
9.712227417845574751e-01,1.173991088728404686e-01,2.072289436260050521e-01,1.369799041748046842e-01,1.177532552794590959e-01,-9.929855676557447497e-01,1.066926888259940760e-02,-1.483710327148437536e-01,2.070279128803108326e-01,1.403964612309075051e-02,-9.782342928077919497e-01,1.636077026367187548e+00,0.000000000000000000e+00,0.000000000000000000e+00,0.000000000000000000e+00,1.000000000000000000e+00
9.711587086291071369e-01,1.171669681129098722e-01,2.076599726405494173e-01,1.369799194335937498e-01,1.177932940598501593e-01,-9.929937330092994952e-01,9.390744314806753062e-03,-1.483787231445312660e-01,2.073053364686375799e-01,1.534104909987482265e-02,-9.781559945551325796e-01,1.636079223632812552e+00,0.000000000000000000e+00,0.000000000000000000e+00,0.000000000000000000e+00,1.000000000000000000e+00
9.712026193285463460e-01,1.171023680574687781e-01,2.074909819840476677e-01,1.369789123535156417e-01,1.177523067672470863e-01,-9.929998258627392715e-01,9.259594351911341545e-03,-1.483868255615234388e-01,2.071228294041084494e-01,1.543959947352680807e-02,-9.781931058373567467e-01,1.636068725585937633e+00,0.000000000000000000e+00,0.000000000000000000e+00,0.000000000000000000e+00,1.000000000000000000e+00
9.711190227947071874e-01,1.172486773844087227e-01,2.077994013895625436e-01,1.369791259765625047e-01,1.177319641967480013e-01,-9.929942053792303325e-01,1.008427933207008478e-02,-1.483832855224609393e-01,2.075259698751684700e-01,1.467159619395287662e-02,-9.781194794566218098e-01,1.636053466796875133e+00,0.000000000000000000e+00,0.000000000000000000e+00,0.000000000000000000e+00,1.000000000000000000e+00
9.711531506194300833e-01,1.171367687453893219e-01,2.077029981724953789e-01,1.369811248779296831e-01,1.177764545993245232e-01,-9.929963239846838485e-01,9.327770093555936420e-03,-1.483695831298828260e-01,2.073409385142443995e-01,1.540382941979594189e-02,-9.781474619172910723e-01,1.636067871093749959e+00,0.000000000000000000e+00,0.000000000000000000e+00,0.000000000000000000e+00,1.000000000000000000e+00
9.711596125581776207e-01,1.173433188017701662e-01,2.075561429311037487e-01,1.369798126220703183e-01,1.177006954720738879e-01,-9.929917826311398521e-01,1.067079717834111714e-02,-1.483774414062500047e-01,2.073536911203674449e-01,1.406645511908742770e-02,-9.781649051254814875e-01,1.636065673828124956e+00,0.000000000000000000e+00,0.000000000000000000e+00,0.000000000000000000e+00,1.000000000000000000e+00
9.711061365902700082e-01,1.173831073263782859e-01,2.077837279267167048e-01,1.369828796386718672e-01,1.177281299280762555e-01,-9.929876867620417435e-01,1.074901682049475733e-02,-1.483856658935547024e-01,2.075884363358370399e-01,1.402355352160205952e-02,-9.781157298838767389e-01,1.636053466796875133e+00,0.000000000000000000e+00,0.000000000000000000e+00,0.000000000000000000e+00,1.000000000000000000e+00
9.711027108118728268e-01,1.172444340899605891e-01,2.078780116528860245e-01,1.369786529541015541e-01,1.177187618493806681e-01,-9.929952876816869889e-01,1.013172002242842054e-02,-1.483853912353515769e-01,2.076097737643421148e-01,1.463220136852170020e-02,-9.781022853059031519e-01,1.636066772460937457e+00,0.000000000000000000e+00,0.000000000000000000e+00,0.000000000000000000e+00,1.000000000000000000e+00
9.712145229282196368e-01,1.172198950352186242e-01,2.073688661811193268e-01,1.369781799316406312e-01,1.178043712467715110e-01,-9.929906876277694305e-01,9.572063501812860808e-03,-1.483749694824218757e-01,2.070373893007335098e-01,1.513243180927086040e-02,-9.782159929888052385e-01,1.636045043945312472e+00,0.000000000000000000e+00,0.000000000000000000e+00,0.000000000000000000e+00,1.000000000000000000e+00
9.711981551749017116e-01,1.172556801315214059e-01,2.074252850106815815e-01,1.369782409667968659e-01,1.177458242979758929e-01,-9.929931562875978779e-01,1.002558858048106967e-02,-1.483618774414062480e-01,2.071474456643342954e-01,1.468662802991950282e-02,-9.781994881985233148e-01,1.636048339843749977e+00,0.000000000000000000e+00,0.000000000000000000e+00,0.000000000000000000e+00,1.000000000000000000e+00
9.711306183544149428e-01,1.172427549564912103e-01,2.077485463361511409e-01,1.369775848388671835e-01,1.177032350407565403e-01,-9.929965576314500053e-01,1.018749198925276468e-02,-1.483683013916015647e-01,2.074880009916530432e-01,1.455929058377580972e-02,-9.781292125799051496e-01,1.636042724609374943e+00,0.000000000000000000e+00,0.000000000000000000e+00,0.000000000000000000e+00,1.000000000000000000e+00
9.711869364497361934e-01,1.172859176405428999e-01,2.074607143354911809e-01,1.369810638427734484e-01,1.177923513454276344e-01,-9.929883538472940030e-01,9.954450670769155601e-03,-1.483869476318359359e-01,2.071735900975117395e-01,1.476965290239525344e-02,-9.781927013218055800e-01,1.636046875000000123e+00,0.000000000000000000e+00,0.000000000000000000e+00,0.000000000000000000e+00,1.000000000000000000e+00
9.711559058811309875e-01,1.172382024404153844e-01,2.076328739885380248e-01,1.369796142578124931e-01,1.177535445648919266e-01,-9.929933021511820890e-01,9.919910548744890338e-03,-1.483781585693359495e-01,2.073410456581232242e-01,1.481572716511977278e-02,-9.781565237803020452e-01,1.636048461914062502e+00,0.000000000000000000e+00,0.000000000000000000e+00,0.000000000000000000e+00,1.000000000000000000e+00
9.711855768113807352e-01,1.172224787827045589e-01,2.075029297662670247e-01,1.369783172607421939e-01,1.177371031641939458e-01,-9.929953293333549924e-01,9.912137037303404841e-03,-1.483729400634765661e-01,2.072113653544368772e-01,1.480426932275651086e-02,-9.781841767672229127e-01,1.636063598632812477e+00,0.000000000000000000e+00,0.000000000000000000e+00,0.000000000000000000e+00,1.000000000000000000e+00
9.711752885780482458e-01,1.172621495182550044e-01,2.075286658408976304e-01,1.369786071777343850e-01,1.176922079424492507e-01,-9.929965240516633873e-01,1.031733545764396652e-02,-1.484004364013671862e-01,2.072850767541547512e-01,1.440456565373207480e-02,-9.781745270877542087e-01,1.636091918945312473e+00,0.000000000000000000e+00,0.000000000000000000e+00,0.000000000000000000e+00,1.000000000000000000e+00
9.711812391356376972e-01,1.172080804707408830e-01,2.075313629872173882e-01,1.369825744628906383e-01,1.176856965515883369e-01,-9.929996586216075505e-01,1.008735865025057674e-02,-1.484022674560546984e-01,2.072608925439995142e-01,1.462681953589524408e-02,-9.781763535130715281e-01,1.636062744140625025e+00,0.000000000000000000e+00,0.000000000000000000e+00,0.000000000000000000e+00,1.000000000000000000e+00
9.711908004160014762e-01,1.173320026978236091e-01,2.074165623334936481e-01,1.369818725585937591e-01,1.177542002118161096e-01,-9.929887941610462399e-01,1.035388830666158534e-02,-1.483821716308593719e-01,2.071771645712955356e-01,1.436857033630030249e-02,-9.781979179423196946e-01,1.636077758789062475e+00,0.000000000000000000e+00,0.000000000000000000e+00,0.000000000000000000e+00,1.000000000000000000e+00
9.711559938637507328e-01,1.174120911956432756e-01,2.075341813378616118e-01,1.369788818359375104e-01,1.177184374111152620e-01,-9.929869998792609787e-01,1.091730572393795687e-02,-1.483655395507812447e-01,2.073605677943514136e-01,1.382819264584272262e-02,-9.781668446702503905e-01,1.636098022460937607e+00,0.000000000000000000e+00,0.000000000000000000e+00,0.000000000000000000e+00,1.000000000000000000e+00
9.712063987039449842e-01,1.173001488153819494e-01,2.073615350165106119e-01,1.369816436767578027e-01,1.177759057833311640e-01,-9.929888994742208652e-01,1.009363848631609530e-02,-1.483720092773437582e-01,2.070916877458634509e-01,1.461918632707688397e-02,-9.782123042866024409e-01,1.636094116210937477e+00,0.000000000000000000e+00,0.000000000000000000e+00,0.000000000000000000e+00,1.000000000000000000e+00
9.711197945946075105e-01,1.171995384218690317e-01,2.078235134440484799e-01,1.369860534667968754e-01,1.177531260614718966e-01,-9.929950398531064426e-01,9.749468184433802281e-03,-1.483832397460937425e-01,2.075103511858598093e-01,1.500396683644101767e-02,-9.781177511577492378e-01,1.636109497070312502e+00,0.000000000000000000e+00,0.000000000000000000e+00,0.000000000000000000e+00,1.000000000000000000e+00
9.712444385408289804e-01,1.173994823634800372e-01,2.071270193487497191e-01,1.369805603027343666e-01,1.177057911640812943e-01,-9.929888165908340447e-01,1.088838151303182615e-02,-1.483915252685547026e-01,2.069531041805077187e-01,1.380476969465962121e-02,-9.782534646009335422e-01,1.636099487304687461e+00,0.000000000000000000e+00,0.000000000000000000e+00,0.000000000000000000e+00,1.000000000000000000e+00
9.711792923548473455e-01,1.174020631036220008e-01,2.074308021489369991e-01,1.369822692871093817e-01,1.177620565261935370e-01,-9.929846666518203913e-01,1.065597659039493189e-02,-1.483881683349609348e-01,2.072266395612781253e-01,1.407861404352721627e-02,-9.781916542696290628e-01,1.636081054687499980e+00,0.000000000000000000e+00,0.000000000000000000e+00,0.000000000000000000e+00,1.000000000000000000e+00
9.712948615798538965e-01,1.173128477108015960e-01,2.069395748293563486e-01,1.369799499511718810e-01,1.177672066465814266e-01,-9.929891950220542940e-01,1.016580582709269640e-02,-1.483745880126953187e-01,2.066813414588599962e-01,1.449670070861083446e-02,-9.783009091078936903e-01,1.636085937500000087e+00,0.000000000000000000e+00,0.000000000000000000e+00,0.000000000000000000e+00,1.000000000000000000e+00
9.712536344778724962e-01,1.172600349411962867e-01,2.071628869250298211e-01,1.369800720214843781e-01,1.177657411904010493e-01,-9.929917205148940385e-01,9.933438012390180191e-03,-1.483925476074218763e-01,2.068758268029368685e-01,1.474880315347476024e-02,-9.782560324833889931e-01,1.636085937500000087e+00,0.000000000000000000e+00,0.000000000000000000e+00,0.000000000000000000e+00,1.000000000000000000e+00
9.711358108446551674e-01,1.173229538483588352e-01,2.076789864078456005e-01,1.369830169677734300e-01,1.177310980741964053e-01,-9.929906549964094831e-01,1.043779842907164961e-02,-1.483851470947265550e-01,2.074478860854894191e-01,1.431375527588220863e-02,-9.781413450869788084e-01,1.636063476562499952e+00,0.000000000000000000e+00,0.000000000000000000e+00,0.000000000000000000e+00,1.000000000000000000e+00
9.711384511383684970e-01,1.172439890159971548e-01,2.077112316659545377e-01,1.369824218750000100e-01,1.177394548800666380e-01,-9.929939681580610689e-01,1.001997835590577417e-02,-1.483824005126953283e-01,2.074307823952748209e-01,1.472502092782240930e-02,-9.781388675814697287e-01,1.636053710937499961e+00,0.000000000000000000e+00,0.000000000000000000e+00,0.000000000000000000e+00,1.000000000000000000e+00
9.711899562493229165e-01,1.173707922841767809e-01,2.073985679772721580e-01,1.369817810058593655e-01,1.177421365719922702e-01,-9.929876617522743754e-01,1.059683364092675259e-02,-1.483694305419921977e-01,2.071879778266607353e-01,1.412801211550259589e-02,-9.781991316279949888e-01,1.636070434570312537e+00,0.000000000000000000e+00,0.000000000000000000e+00,0.000000000000000000e+00,1.000000000000000000e+00
9.711538665831375150e-01,1.172550318361387789e-01,2.076329090720630266e-01,1.369796752929687556e-01,1.177364751839614365e-01,-9.929936976146153116e-01,1.008161241620227772e-02,-1.483721160888671897e-01,2.073602899107684638e-01,1.465516996694925939e-02,-9.781548630770907637e-01,1.636048217773437452e+00,0.000000000000000000e+00,0.000000000000000000e+00,0.000000000000000000e+00,1.000000000000000000e+00
9.711921576437375636e-01,1.172473867491786309e-01,2.074580517400814450e-01,1.369794006347656301e-01,1.177548111147979776e-01,-9.929928960400916660e-01,9.945495122421986120e-03,-1.483982086181640792e-01,2.071704549172493082e-01,1.477019683011699704e-02,-9.781933571104334257e-01,1.636057373046875041e+00,0.000000000000000000e+00,0.000000000000000000e+00,0.000000000000000000e+00,1.000000000000000000e+00
9.711341257744596778e-01,1.172634613450030810e-01,2.077204621352104208e-01,1.369795379638671928e-01,1.177290828612403001e-01,-9.929937399954436028e-01,1.016343340181862301e-02,-1.483774871826172015e-01,2.074569179490711457e-01,1.458468248714924267e-02,-9.781354273472675498e-01,1.636058227539062493e+00,0.000000000000000000e+00,0.000000000000000000e+00,0.000000000000000000e+00,1.000000000000000000e+00
9.711654341569183613e-01,1.172895520883578541e-01,2.075592938649507002e-01,1.369793548583984333e-01,1.177344695898530219e-01,-9.929921877168846889e-01,1.025230723454106582e-02,-1.483910675048828176e-01,2.073072458193406797e-01,1.448019696509121254e-02,-9.781687123020504915e-01,1.636042114257812541e+00,0.000000000000000000e+00,0.000000000000000000e+00,0.000000000000000000e+00,1.000000000000000000e+00
9.712089082880818180e-01,1.173041280258062119e-01,2.073475295487698933e-01,1.369797058105468868e-01,1.177274889951670372e-01,-9.929921004060217049e-01,1.034054476952206252e-02,-1.483609313964843746e-01,2.071074474681331989e-01,1.436767480641632129e-02,-9.782126942152672422e-01,1.636050903320312555e+00,0.000000000000000000e+00,0.000000000000000000e+00,0.000000000000000000e+00,1.000000000000000000e+00
9.712412541122087406e-01,1.172233836577611515e-01,2.072416575748456669e-01,1.369810638427734484e-01,1.177941990159760283e-01,-9.929913583237505170e-01,9.627511232803885599e-03,-1.483790740966796917e-01,2.069177444994239334e-01,1.506122897304430427e-02,-9.782424067648535226e-01,1.636061645507812523e+00,0.000000000000000000e+00,0.000000000000000000e+00,0.000000000000000000e+00,1.000000000000000000e+00
9.711593898798805968e-01,1.173221705507065393e-01,2.075691396749750617e-01,1.369772338867187578e-01,1.177124747000916349e-01,-9.929920575817371420e-01,1.051412761804127946e-02,-1.483827667236328196e-01,2.073480473699202131e-01,1.422258333985411405e-02,-9.781638438293568383e-01,1.636087890625000041e+00,0.000000000000000000e+00,0.000000000000000000e+00,0.000000000000000000e+00,1.000000000000000000e+00
9.711718402606599465e-01,1.172445112649961457e-01,2.075547669001004680e-01,1.369866333007812575e-01,1.177370824327841209e-01,-9.929942256611454798e-01,1.002233624649791210e-02,-1.483759307861328147e-01,2.072757489551989296e-01,1.470348196361193072e-02,-9.781720561911422251e-01,1.636067504882812607e+00,0.000000000000000000e+00,0.000000000000000000e+00,0.000000000000000000e+00,1.000000000000000000e+00
9.711732405887597563e-01,1.172413889407908777e-01,2.075499782788746694e-01,1.369787445068359477e-01,1.177547069818408593e-01,-9.929931259991028325e-01,9.923744361422516883e-03,-1.483741607666015649e-01,2.072591753046121310e-01,1.480231190605917936e-02,-9.781740774597779131e-01,1.636072631835937541e+00,0.000000000000000000e+00,0.000000000000000000e+00,0.000000000000000000e+00,1.000000000000000000e+00
9.711772312845318167e-01,1.172831892520605490e-01,2.075076840827269065e-01,1.369852905273437615e-01,1.177675491617705406e-01,-9.929902139142162687e-01,1.006178090744552431e-02,-1.483606567382812491e-01,2.072331773605312621e-01,1.466589886317318236e-02,-9.781816403979345376e-01,1.636090698242187447e+00,0.000000000000000000e+00,0.000000000000000000e+00,0.000000000000000000e+00,1.000000000000000000e+00
9.711865867319348089e-01,1.171453908693638052e-01,2.075417335141019615e-01,1.369811553955078143e-01,1.177472159122675416e-01,-9.929982047829083447e-01,9.495179978889349212e-03,-1.483737640380859424e-01,2.072008853670379291e-01,1.521586987278830162e-02,-9.781800807658732611e-01,1.636091552734375121e+00,0.000000000000000000e+00,0.000000000000000000e+00,0.000000000000000000e+00,1.000000000000000000e+00
9.711538232763614609e-01,1.172572511878466478e-01,2.076318582963031234e-01,1.369790649414062422e-01,1.177443568239363164e-01,-9.929930322883611105e-01,1.005506155542202143e-02,-1.483572845458984435e-01,2.073560174478267515e-01,1.468246813842964335e-02,-9.781553594176850552e-01,1.636079589843750126e+00,0.000000000000000000e+00,0.000000000000000000e+00,0.000000000000000000e+00,1.000000000000000000e+00
9.711679672264634799e-01,1.171839683932653364e-01,2.076070735423656555e-01,1.369812774658203114e-01,1.177541822604853405e-01,-9.929958536095961907e-01,9.653355598654251787e-03,-1.483871154785156299e-01,2.072841817249532481e-01,1.507157144281445586e-02,-9.781646669865258215e-01,1.636086425781249964e+00,0.000000000000000000e+00,0.000000000000000000e+00,0.000000000000000000e+00,1.000000000000000000e+00
9.711310416415913638e-01,1.172439524740290367e-01,2.077458918207193139e-01,1.369791412353515703e-01,1.177486923535096125e-01,-9.929932878339496893e-01,9.978765743408163705e-03,-1.483907775878906266e-01,2.074602260896216965e-01,1.477111793300996644e-02,-9.781319280474657374e-01,1.636074584960937495e+00,0.000000000000000000e+00,0.000000000000000000e+00,0.000000000000000000e+00,1.000000000000000000e+00
9.711872161519823354e-01,1.172650497806847353e-01,2.074712010928191630e-01,1.369797210693359524e-01,1.177389843071031533e-01,-9.929931477694977637e-01,1.010643642224574520e-02,-1.483778076171874960e-01,2.072026128148368451e-01,1.461220663550542517e-02,-9.781889186961518767e-01,1.636090209960937569e+00,0.000000000000000000e+00,0.000000000000000000e+00,0.000000000000000000e+00,1.000000000000000000e+00
9.710954636611561774e-01,1.172524305435653225e-01,2.079073543392597478e-01,1.369799041748046842e-01,1.177148934100123723e-01,-9.929951440378155247e-01,1.019057342779148070e-02,-1.483655090332031412e-01,2.076458627716756544e-01,1.457777242736940995e-02,-9.780954371761798605e-01,1.636079101562500027e+00,0.000000000000000000e+00,0.000000000000000000e+00,0.000000000000000000e+00,1.000000000000000000e+00
9.711367101084106279e-01,1.172714029355114429e-01,2.077038958068678220e-01,1.369834136962890525e-01,1.177018361401639401e-01,-9.929952615853926412e-01,1.032899986407096946e-02,-1.483981933593750135e-01,2.074602806540261080e-01,1.441625896322953557e-02,-9.781372109415212845e-01,1.636080566406250103e+00,0.000000000000000000e+00,0.000000000000000000e+00,0.000000000000000000e+00,1.000000000000000000e+00
9.711591291937344828e-01,1.171524181071096071e-01,2.076662146698990408e-01,1.369819641113281250e-01,1.177510899465099015e-01,-9.929975063418947645e-01,9.520147855344900448e-03,-1.483737335205078112e-01,2.073273416606611907e-01,1.520734462145416181e-02,-9.781534184725255709e-01,1.636102905273437491e+00,0.000000000000000000e+00,0.000000000000000000e+00,0.000000000000000000e+00,1.000000000000000000e+00
9.711101484023600960e-01,1.172702441942378160e-01,2.078287022924662775e-01,1.369784240722656254e-01,1.177203220536872097e-01,-9.929939385938721941e-01,1.024517893479029614e-02,-1.483810119628906354e-01,2.075740962777458953e-01,1.451646453009606923e-02,-9.781115819843992920e-01,1.636103881835937468e+00,0.000000000000000000e+00,0.000000000000000000e+00,0.000000000000000000e+00,1.000000000000000000e+00
9.712282394922373552e-01,1.173036798706252742e-01,2.072572158010892729e-01,1.369790802001953078e-01,1.177557533413696317e-01,-9.929902189944448399e-01,1.019840852148880955e-02,-1.483687133789062529e-01,2.070006989548971166e-01,1.450074722814387318e-02,-9.782333254198660732e-01,1.636094116210937477e+00,0.000000000000000000e+00,0.000000000000000000e+00,0.000000000000000000e+00,1.000000000000000000e+00
9.711704890874314211e-01,1.173325499718492620e-01,2.075113342513672243e-01,1.369808349609374920e-01,1.177038832465292367e-01,-9.929921556513784386e-01,1.060069259606457974e-02,-1.483792572021484513e-01,2.073009334141227844e-01,1.412981004586887600e-02,-9.781751742268361971e-01,1.636079711914062429e+00,0.000000000000000000e+00,0.000000000000000000e+00,0.000000000000000000e+00,1.000000000000000000e+00
9.711762666515617592e-01,1.173024035842380325e-01,2.075013378416992738e-01,1.369778594970703089e-01,1.177312883258586212e-01,-9.929918096243810499e-01,1.032520062907018796e-02,-1.483510894775390554e-01,2.072582998141884181e-01,1.440181003407375523e-02,-9.781802415842770770e-01,1.636077392578125123e+00,0.000000000000000000e+00,0.000000000000000000e+00,0.000000000000000000e+00,1.000000000000000000e+00
9.711921964509745431e-01,1.172437604483959617e-01,2.074599194751874098e-01,1.369804077148437660e-01,1.177691519171108481e-01,-9.929920438549407757e-01,9.860410615791586134e-03,-1.483854980468750084e-01,2.071621210778084310e-01,1.485602492952579033e-02,-9.781938223654026432e-01,1.636087768554687516e+00,0.000000000000000000e+00,0.000000000000000000e+00,0.000000000000000000e+00,1.000000000000000000e+00
9.711634523637446836e-01,1.172777514955138933e-01,2.075752340648788496e-01,1.369814300537109397e-01,1.177485217220500258e-01,-9.929917745783334304e-01,1.013021480740058239e-02,-1.484067382812500058e-01,2.073085488473755122e-01,1.460358257170653318e-02,-9.781666018377783711e-01,1.636071411132812514e+00,0.000000000000000000e+00,0.000000000000000000e+00,0.000000000000000000e+00,1.000000000000000000e+00
9.711204323886754031e-01,1.173110025740472934e-01,2.077576339687767504e-01,1.369801788330078096e-01,1.177113487371638650e-01,-9.929925641494280475e-01,1.047883211156418713e-02,-1.483729858398437629e-01,2.075310679770866196e-01,1.427922333379617360e-02,-9.781242045902317495e-01,1.636079589843750126e+00,0.000000000000000000e+00,0.000000000000000000e+00,0.000000000000000000e+00,1.000000000000000000e+00
9.712126349023598726e-01,1.173167833745071970e-01,2.073229127343980405e-01,1.369752502441406172e-01,1.177327201184659305e-01,-9.929911186124767974e-01,1.037520940749963802e-02,-1.483906707763671950e-01,2.070869972246515422e-01,1.433215599278254287e-02,-9.782175447644946287e-01,1.636072631835937541e+00,0.000000000000000000e+00,0.000000000000000000e+00,0.000000000000000000e+00,1.000000000000000000e+00
9.711498433313946466e-01,1.172256905895089490e-01,2.076682914246190670e-01,1.369779205322265714e-01,1.177314090316182865e-01,-9.929954596837206049e-01,9.966562845160634176e-03,-1.483684387207031274e-01,2.073820077172501275e-01,1.477005461497888153e-02,-9.781485308284386671e-01,1.636078125000000050e+00,0.000000000000000000e+00,0.000000000000000000e+00,0.000000000000000000e+00,1.000000000000000000e+00
9.711806701190578428e-01,1.172972625638467464e-01,2.074836335283482269e-01,1.369755401611328083e-01,1.177266526803857488e-01,-9.929924027665734121e-01,1.032101237957463655e-02,-1.483799896240234339e-01,2.072402982910653557e-01,1.440278594215390479e-02,-9.781840412321881617e-01,1.636079589843750126e+00,0.000000000000000000e+00,0.000000000000000000e+00,0.000000000000000000e+00,1.000000000000000000e+00
9.711301614724947573e-01,1.172104702659246267e-01,2.077688983906090525e-01,1.369797821044921871e-01,1.177042885864857946e-01,-9.929980524613244430e-01,1.002837256817377259e-02,-1.483812255859374984e-01,2.074895417286271304e-01,1.471643530402755654e-02,-9.781265340461768876e-01,1.636058593750000068e+00,0.000000000000000000e+00,0.000000000000000000e+00,0.000000000000000000e+00,1.000000000000000000e+00
9.711932660423440167e-01,1.173533356662256749e-01,2.073929473294956194e-01,1.369763031005859499e-01,1.178123657071668134e-01,-9.929836872464815611e-01,1.018053774919335311e-02,-1.483853149414062489e-01,2.071325336119016203e-01,1.454618404916325700e-02,-9.782047444421452242e-01,1.636088745117187493e+00,0.000000000000000000e+00,0.000000000000000000e+00,0.000000000000000000e+00,1.000000000000000000e+00
9.711534930366769736e-01,1.173188885297623274e-01,2.075985822610602050e-01,1.369744567871093721e-01,1.177409146604495027e-01,-9.929902409744644221e-01,1.036621167041491300e-02,-1.483784027099609437e-01,2.073595186568046866e-01,1.437566428434878911e-02,-9.781591743161242025e-01,1.636082153320312482e+00,0.000000000000000000e+00,0.000000000000000000e+00,0.000000000000000000e+00,1.000000000000000000e+00
9.711203501841970676e-01,1.172798489724177773e-01,2.077756060829314411e-01,1.369792938232421986e-01,1.177043093180096256e-01,-9.929946127015808477e-01,1.036314207218277765e-02,-1.483591766357421904e-01,2.075354452282620055e-01,1.439222604897556247e-02,-9.781216196379990402e-01,1.636052490234374934e+00,0.000000000000000000e+00,0.000000000000000000e+00,0.000000000000000000e+00,1.000000000000000000e+00
9.711666181686666732e-01,1.172737702024168049e-01,2.075626714449064214e-01,1.369762115478515563e-01,1.177738314703298816e-01,-9.929901868645587548e-01,9.990666218385235720e-03,-1.483747863769531161e-01,2.072793389984485812e-01,1.474284956172272967e-02,-9.781707028996353692e-01,1.636075439453124947e+00,0.000000000000000000e+00,0.000000000000000000e+00,0.000000000000000000e+00,1.000000000000000000e+00
9.711835458481179462e-01,1.172844075021099303e-01,2.074774398115509511e-01,1.369799194335937498e-01,1.177703849191112789e-01,-9.929899757878006827e-01,1.005208540292747837e-02,-1.483683319091796959e-01,2.072019708156297713e-01,1.467227800385488209e-02,-9.781881554937663648e-01,1.636072143554687441e+00,0.000000000000000000e+00,0.000000000000000000e+00,0.000000000000000000e+00,1.000000000000000000e+00
9.711948113127103488e-01,1.172571841996832981e-01,2.074400907077287304e-01,1.369812622070312458e-01,1.177533596367805885e-01,-9.929925374597127208e-01,9.998342041152772502e-03,-1.483766937255859286e-01,2.071588394771514130e-01,1.471642969209625840e-02,-9.781966274341767908e-01,1.636074707031250020e+00,0.000000000000000000e+00,0.000000000000000000e+00,0.000000000000000000e+00,1.000000000000000000e+00
9.711480403322533261e-01,1.171846240646145093e-01,2.076998980299684938e-01,1.369770050048828292e-01,1.177417364109004799e-01,-9.929966585389563560e-01,9.722121034705207693e-03,-1.483850402832031234e-01,2.073845878212032534e-01,1.501332785568851649e-02,-9.781442801146092991e-01,1.636079956054687479e+00,0.000000000000000000e+00,0.000000000000000000e+00,0.000000000000000000e+00,1.000000000000000000e+00
9.711926068820655455e-01,1.172985941596500492e-01,2.074269995583696569e-01,1.369791412353515703e-01,1.177112019931914333e-01,-9.929934483981484039e-01,1.039636300215579165e-02,-1.483738861083984395e-01,2.071931303468728947e-01,1.431961055770093749e-02,-9.781952542772531789e-01,1.636072753906250066e+00,0.000000000000000000e+00,0.000000000000000000e+00,0.000000000000000000e+00,1.000000000000000000e+00
9.711607720727551962e-01,1.172167445576431238e-01,2.076222280546056731e-01,1.369771423339843641e-01,1.177428902543026096e-01,-9.929951037590000196e-01,9.865885931655098140e-03,-1.483798370361328056e-01,2.073243029208435284e-01,1.486467981361932339e-02,-9.781593299214731418e-01,1.636074584960937495e+00,0.000000000000000000e+00,0.000000000000000000e+00,0.000000000000000000e+00,1.000000000000000000e+00
9.711748328260050300e-01,1.171576906344964503e-01,2.075897868647997857e-01,1.369810638427734484e-01,1.177395198014981742e-01,-9.929981629902684404e-01,9.594465845760551809e-03,-1.483803253173828218e-01,2.072603424736483291e-01,1.512361805734555378e-02,-9.781689151749619615e-01,1.636075195312500119e+00,0.000000000000000000e+00,0.000000000000000000e+00,0.000000000000000000e+00,1.000000000000000000e+00
9.711896653942134749e-01,1.172866451434487062e-01,2.074475275882327607e-01,1.369843444824218881e-01,1.177595834516074608e-01,-9.929906513085312580e-01,1.011172186935272929e-02,-1.483844604492187413e-01,2.071794254668637425e-01,1.460853465800010520e-02,-9.781938848604435632e-01,1.636077758789062475e+00,0.000000000000000000e+00,0.000000000000000000e+00,0.000000000000000000e+00,1.000000000000000000e+00
9.711701691838127148e-01,1.171647830846004601e-01,2.076076012390280501e-01,1.369840240478515658e-01,1.177467267400355011e-01,-9.929972935480017027e-01,9.596006896167548830e-03,-1.483775024414062393e-01,2.072781002168154196e-01,1.512575985140601591e-02,-9.781651192714989618e-01,1.636066650390624932e+00,0.000000000000000000e+00,0.000000000000000000e+00,0.000000000000000000e+00,1.000000000000000000e+00
9.711476921689579100e-01,1.172239034890977527e-01,2.076793597006825476e-01,1.369810180664062516e-01,1.177683377105680496e-01,-9.929928906127021282e-01,9.784570788737262381e-03,-1.483728790283203036e-01,2.073711132915970479e-01,1.495578962839852130e-02,-9.781480183125632610e-01,1.636073364257812468e+00,0.000000000000000000e+00,0.000000000000000000e+00,0.000000000000000000e+00,1.000000000000000000e+00
9.711940451967169263e-01,1.172435574445192114e-01,2.074513793933210892e-01,1.369714508056640578e-01,1.177686848362440170e-01,-9.929920932995364158e-01,9.861009915147187638e-03,-1.483834533691406332e-01,2.071537193640977104e-01,1.485432200939938371e-02,-9.781956275056959971e-01,1.636085815429687562e+00,0.000000000000000000e+00,0.000000000000000000e+00,0.000000000000000000e+00,1.000000000000000000e+00
9.711612937046318894e-01,1.172286747711051014e-01,2.076130521459484957e-01,1.369658813476562487e-01,1.177490642751591876e-01,-9.929940955508682610e-01,9.893637523054169686e-03,-1.483826446533203225e-01,2.073183529557147131e-01,1.483792480516128720e-02,-9.781609972367566463e-01,1.636074218750000142e+00,0.000000000000000000e+00,0.000000000000000000e+00,0.000000000000000000e+00,1.000000000000000000e+00
9.711929326555663877e-01,1.172138052351333476e-01,2.074733993122505615e-01,1.369576873779296822e-01,1.177458840603669427e-01,-9.929951378328141232e-01,9.826648830250257760e-03,-1.483837432861328243e-01,2.071718956488137198e-01,1.488556692540333320e-02,-9.781913031460596208e-01,1.636102050781250039e+00,0.000000000000000000e+00,0.000000000000000000e+00,0.000000000000000000e+00,1.000000000000000000e+00
9.711747494190008378e-01,1.173365198800016829e-01,2.074891495799017216e-01,1.369502716064453229e-01,1.177513365019438596e-01,-9.929887110300534836e-01,1.039435033462702065e-02,-1.483804168701171877e-01,2.072540200887472150e-01,1.433739409108046245e-02,-9.781820946468660072e-01,1.636098632812500009e+00,0.000000000000000000e+00,0.000000000000000000e+00,0.000000000000000000e+00,1.000000000000000000e+00
9.711929434093917735e-01,1.173452940864414956e-01,2.073990082608130059e-01,1.369473571777343746e-01,1.177446086835661904e-01,-9.929887973029654091e-01,1.046210097277799206e-02,-1.483732910156249918e-01,2.071725700901451417e-01,1.425939643103061455e-02,-9.782004885582848974e-01,1.636086303710937440e+00,0.000000000000000000e+00,0.000000000000000000e+00,0.000000000000000000e+00,1.000000000000000000e+00
9.711887339908419348e-01,1.174358679752508794e-01,2.073674513566807764e-01,1.369572296142578249e-01,1.177183011047196193e-01,-9.929858666781187226e-01,1.102135030403181108e-02,-1.483940124511718694e-01,2.072072502454595511e-01,1.370713282948181171e-02,-9.782010375967254978e-01,1.636078369140625099e+00,0.000000000000000000e+00,0.000000000000000000e+00,0.000000000000000000e+00,1.000000000000000000e+00
9.712105568133702072e-01,1.172838084970399125e-01,2.073513023800257482e-01,1.369631500244140598e-01,1.178224653829269969e-01,-9.929863765011568422e-01,9.794015223172778534e-03,-1.483670806884765658e-01,2.070456978189891828e-01,1.491859066843915366e-02,-9.782175190963997569e-01,1.636082275390625007e+00,0.000000000000000000e+00,0.000000000000000000e+00,0.000000000000000000e+00,1.000000000000000000e+00
9.711291269535388126e-01,1.173584367235360332e-01,2.076901926241709606e-01,1.369580230712890700e-01,1.177757232555928374e-01,-9.929857675855900956e-01,1.039924920743946421e-02,-1.483977508544921942e-01,2.074538449729950440e-01,1.436184884561216360e-02,-9.781393763179438983e-01,1.636078125000000050e+00,0.000000000000000000e+00,0.000000000000000000e+00,0.000000000000000000e+00,1.000000000000000000e+00
9.711441857035841840e-01,1.172721970465730734e-01,2.076684915291498179e-01,1.369499969482421975e-01,1.177378581412273084e-01,-9.929927302189910376e-01,1.016043761609173972e-02,-1.483981781005859479e-01,2.074048392261836071e-01,1.458319348099022632e-02,-9.781464936978802038e-01,1.636089111328125068e+00,0.000000000000000000e+00,0.000000000000000000e+00,0.000000000000000000e+00,1.000000000000000000e+00
9.712049055438917167e-01,1.172876723487631112e-01,2.073755852613550776e-01,1.369474029541015714e-01,1.177419821459209648e-01,-9.929918908059939264e-01,1.019462769731546530e-02,-1.483695373535156292e-01,2.071179786687529223e-01,1.451574002751596960e-02,-9.782082785397104852e-01,1.636067138671875032e+00,0.000000000000000000e+00,0.000000000000000000e+00,0.000000000000000000e+00,1.000000000000000000e+00
9.711694514478385054e-01,1.173219277417573148e-01,2.075221960308408220e-01,1.369538879394531228e-01,1.177442989590123390e-01,-9.929899098275213332e-01,1.035949049818638348e-02,-1.483924713134765760e-01,2.072828421195434534e-01,1.437373478568331961e-02,-9.781754541549053661e-01,1.636075927734375046e+00,0.000000000000000000e+00,0.000000000000000000e+00,0.000000000000000000e+00,1.000000000000000000e+00
9.711481433239947947e-01,1.172919947649128936e-01,2.076388010041128884e-01,1.369539642333984508e-01,1.177710670620605582e-01,-9.929894377341352829e-01,1.009714373027353722e-02,-1.483873596191406241e-01,2.073674503904158473e-01,1.464802077121056707e-02,-9.781534521771442225e-01,1.636102172851562564e+00,0.000000000000000000e+00,0.000000000000000000e+00,0.000000000000000000e+00,1.000000000000000000e+00
9.711348097258352130e-01,1.172832784804607176e-01,2.077060758081974157e-01,1.369503326416015576e-01,1.177123261458892789e-01,-9.929939354243020322e-01,1.033694751272494147e-02,-1.483698120117187547e-01,2.074632247220931924e-01,1.441099578210125465e-02,-9.781366640651389943e-01,1.636086547851562489e+00,0.000000000000000000e+00,0.000000000000000000e+00,0.000000000000000000e+00,1.000000000000000000e+00
9.711658527144929609e-01,1.173073792108779434e-01,2.075472604107490571e-01,1.369413146972656148e-01,1.177306058396503929e-01,-9.929915730567996368e-01,1.035568862084070181e-02,-1.483547821044921833e-01,2.073074792909336272e-01,1.437757353861263999e-02,-9.781701766099705209e-01,1.636069091796874986e+00,0.000000000000000000e+00,0.000000000000000000e+00,0.000000000000000000e+00,1.000000000000000000e+00
9.711517899121279163e-01,1.173700994801319952e-01,2.075776016300755200e-01,1.369368591308593730e-01,1.177327781427781328e-01,-9.929882013188205958e-01,1.065011701330187584e-02,-1.483717651367187640e-01,2.073721145700496427e-01,1.409580751988193971e-02,-9.781605769550872909e-01,1.636083862304687608e+00,0.000000000000000000e+00,0.000000000000000000e+00,0.000000000000000000e+00,1.000000000000000000e+00
9.711964763505316345e-01,1.172845598755846708e-01,2.074168178791237493e-01,1.369474029541015714e-01,1.178113370694492679e-01,-9.929870931999171813e-01,9.855028984611069812e-03,-1.483846740722656321e-01,2.071180658035889355e-01,1.486488322084339279e-02,-9.782030167938611243e-01,1.636091796874999948e+00,0.000000000000000000e+00,0.000000000000000000e+00,0.000000000000000000e+00,1.000000000000000000e+00
9.711878385260394042e-01,1.173745000342725636e-01,2.074063862103199540e-01,1.369480438232421882e-01,1.177069929436668078e-01,-9.929898437975964720e-01,1.078118393242847098e-02,-1.483782196044921842e-01,2.072178711194558598e-01,1.394262731804268851e-02,-9.781954595233975924e-01,1.636083984375000133e+00,0.000000000000000000e+00,0.000000000000000000e+00,0.000000000000000000e+00,1.000000000000000000e+00
9.711989779563892089e-01,1.172980287664762561e-01,2.073974871206601955e-01,1.369481353759765541e-01,1.177656057278208684e-01,-9.929897034604830974e-01,1.013464005388317775e-02,-1.483732604980468883e-01,2.071323425349719249e-01,1.458153863490523929e-02,-9.782042585304024929e-01,1.636086303710937440e+00,0.000000000000000000e+00,0.000000000000000000e+00,0.000000000000000000e+00,1.000000000000000000e+00
9.711811109131442965e-01,1.172639972278161080e-01,2.075003729145221965e-01,1.369433135986328209e-01,1.177549708086971236e-01,-9.929920473529263436e-01,1.002799798995459429e-02,-1.483912658691406150e-01,2.072221432553816578e-01,1.469519812722444585e-02,-9.781835382466050888e-01,1.636080200195312528e+00,0.000000000000000000e+00,0.000000000000000000e+00,0.000000000000000000e+00,1.000000000000000000e+00
9.711674969464069163e-01,1.173007151644498286e-01,2.075433330578449753e-01,1.369359741210937620e-01,1.177660358116596334e-01,-9.929894335113574888e-01,1.015606931843112196e-02,-1.483833312988281361e-01,2.072796509164801237e-01,1.457831117456642039e-02,-9.781731028602452804e-01,1.636107421875000023e+00,0.000000000000000000e+00,0.000000000000000000e+00,0.000000000000000000e+00,1.000000000000000000e+00
9.711130566138813647e-01,1.172687162477932948e-01,2.078159749962438518e-01,1.369361877441406250e-01,1.177276521731877718e-01,-9.929935104011352598e-01,1.020236320758799269e-02,-1.483863220214843848e-01,2.075563325650023050e-01,1.455803870118390665e-02,-9.781147337206107517e-01,1.636095703125000078e+00,0.000000000000000000e+00,0.000000000000000000e+00,0.000000000000000000e+00,1.000000000000000000e+00
9.711301405487152705e-01,1.172792332404886811e-01,2.077301893523320619e-01,1.369340820312500151e-01,1.177800133161518020e-01,-9.929893593100350691e-01,1.000003801458841310e-02,-1.483890991210937427e-01,2.074466644250511638e-01,1.475512614548466286e-02,-9.781350457229059936e-01,1.636088867187500018e+00,0.000000000000000000e+00,0.000000000000000000e+00,0.000000000000000000e+00,1.000000000000000000e+00
9.710877903711918613e-01,1.172321493508909768e-01,2.079546261821723085e-01,1.369366149902343788e-01,1.177489889050950950e-01,-9.929936843335882557e-01,9.935717660764606385e-03,-1.483789672851562602e-01,2.076624159635643285e-01,1.483799286214387489e-02,-9.780880098252910937e-01,1.636081176757812505e+00,0.000000000000000000e+00,0.000000000000000000e+00,0.000000000000000000e+00,1.000000000000000000e+00
9.711115809669758070e-01,1.173023731330708752e-01,2.078038752506100040e-01,1.369382171630859346e-01,1.177411589385409518e-01,-9.929909007003682175e-01,1.030003000390124386e-02,-1.483801116943359311e-01,2.075555752169295776e-01,1.446459068283098039e-02,-9.781162808238844653e-01,1.636066406250000105e+00,0.000000000000000000e+00,0.000000000000000000e+00,0.000000000000000000e+00,1.000000000000000000e+00
9.711423573670437959e-01,1.172209213707540304e-01,2.077059876858937115e-01,1.369362487792968874e-01,1.176869064103146373e-01,-9.929988138884590088e-01,1.015616441791543020e-02,-1.483893127441406334e-01,2.074423143602842079e-01,1.458119367903005364e-02,-9.781385765850071357e-01,1.636095947265625128e+00,0.000000000000000000e+00,0.000000000000000000e+00,0.000000000000000000e+00,1.000000000000000000e+00
9.711834216161329136e-01,1.173546081413674169e-01,2.074383222212493882e-01,1.369320831298828089e-01,1.177163830119708210e-01,-9.929902207144346571e-01,1.064306046573500544e-02,-1.483949890136718741e-01,2.072332375574916508e-01,1.408252511037729263e-02,-9.781902001849925865e-01,1.636100708007812488e+00,0.000000000000000000e+00,0.000000000000000000e+00,0.000000000000000000e+00,1.000000000000000000e+00
9.710836164384260005e-01,1.172385736713685428e-01,2.079704948505230189e-01,1.369342041015625122e-01,1.177665572346909689e-01,-9.929921063588751373e-01,9.885074913888151557e-03,-1.483897705078124907e-01,2.076719718256572478e-01,1.489273488879784731e-02,-9.780851489341690908e-01,1.636103149414062541e+00,0.000000000000000000e+00,0.000000000000000000e+00,0.000000000000000000e+00,1.000000000000000000e+00
9.712002282189090563e-01,1.173070248608581723e-01,2.073865439844954084e-01,1.369394836425781303e-01,1.178102782982473062e-01,-9.929861082376340020e-01,9.966301940411774821e-03,-1.483811798095703294e-01,2.071010744415117122e-01,1.475299174309863647e-02,-9.782083081837936733e-01,1.636118041992187466e+00,0.000000000000000000e+00,0.000000000000000000e+00,0.000000000000000000e+00,1.000000000000000000e+00
9.712280333746026173e-01,1.172046669283664105e-01,2.073141896675492479e-01,1.369358520507812649e-01,1.178192170900402708e-01,-9.929903403683373320e-01,9.424225138636565385e-03,-1.483881988525390661e-01,2.069655509295975915e-01,1.527252387080928892e-02,-9.782290175327164050e-01,1.636101684570312464e+00,0.000000000000000000e+00,0.000000000000000000e+00,0.000000000000000000e+00,1.000000000000000000e+00
9.711599995025498311e-01,1.173952151437183400e-01,2.075249836226173428e-01,1.369341888427734466e-01,1.178018542727866380e-01,-9.929822224508614292e-01,1.044169653080443197e-02,-1.483797302246093741e-01,2.072944246623643627e-01,1.430626988101219021e-02,-9.781739886881021251e-01,1.636114868164062486e+00,0.000000000000000000e+00,0.000000000000000000e+00,0.000000000000000000e+00,1.000000000000000000e+00
9.712304878999337143e-01,1.174421957050052479e-01,2.071682167747845582e-01,1.369335479736328021e-01,1.177279039491403445e-01,-9.929850417391256068e-01,1.099306663717096455e-02,-1.483827056884765572e-01,2.070059902645304539e-01,1.371267845224047668e-02,-9.782435701011619189e-01,1.636110595703125004e+00,0.000000000000000000e+00,0.000000000000000000e+00,0.000000000000000000e+00,1.000000000000000000e+00
9.711929056523769255e-01,1.172762370698968576e-01,2.074382419642499253e-01,1.369189300537109466e-01,1.177405795436603647e-01,-9.929925088089543994e-01,1.015053584898361304e-02,-1.483775939941406330e-01,2.071750369596113694e-01,1.456577042328582698e-02,-9.781954520405211628e-01,1.636083618164062559e+00,0.000000000000000000e+00,0.000000000000000000e+00,0.000000000000000000e+00,1.000000000000000000e+00
9.711608750698219605e-01,1.173261617881397462e-01,2.075599347024392749e-01,1.369131164550781155e-01,1.177546837957968301e-01,-9.929889482091776021e-01,1.033359465931292173e-02,-1.483779296874999931e-01,2.073171222493923604e-01,1.440557164760680048e-02,-9.781677209598238498e-01,1.636081054687499980e+00,0.000000000000000000e+00,0.000000000000000000e+00,0.000000000000000000e+00,1.000000000000000000e+00
9.710430683320282474e-01,1.171951361079031223e-01,2.081841961268205698e-01,1.369230651855468661e-01,1.176686144260642025e-01,-9.930010187459853421e-01,1.015253409183342927e-02,-1.483876495361328152e-01,2.079169464554793401e-01,1.463819804776752241e-02,-9.780369453832221671e-01,1.636107910156250123e+00,0.000000000000000000e+00,0.000000000000000000e+00,0.000000000000000000e+00,1.000000000000000000e+00
9.711950612673772021e-01,1.173517953993292590e-01,2.073854119421355002e-01,1.369335174560546986e-01,1.177694788499809159e-01,-9.929867608851425942e-01,1.037509316760418590e-02,-1.483924713134765760e-01,2.071485042699057755e-01,1.434743264094781243e-02,-9.782042978618292750e-01,1.636144042968749934e+00,0.000000000000000000e+00,0.000000000000000000e+00,0.000000000000000000e+00,1.000000000000000000e+00
9.712379160987251181e-01,1.172759989966146305e-01,2.072275328993527233e-01,1.369328002929687538e-01,1.178309490376126117e-01,-9.929862238816332676e-01,9.707040238449388819e-03,-1.483898162841796875e-01,2.069124882192996118e-01,1.498997133557576286e-02,-9.782446130586445188e-01,1.636150390625000117e+00,0.000000000000000000e+00,0.000000000000000000e+00,0.000000000000000000e+00,1.000000000000000000e+00
9.712341891359855817e-01,1.174298742350689678e-01,2.071578492128664239e-01,1.369252166748047006e-01,1.177869795247951795e-01,-9.929817360149425509e-01,1.065360949053859377e-02,-1.483920745849609535e-01,2.069550127631372416e-01,1.405334756872181345e-02,-9.782495213974410353e-01,1.636126464843750128e+00,0.000000000000000000e+00,0.000000000000000000e+00,0.000000000000000000e+00,1.000000000000000000e+00
9.711765555923901339e-01,1.172110358960774673e-01,2.075516102849365441e-01,1.369102020263671948e-01,1.177447265853678732e-01,-9.929952964138191174e-01,9.824492931910143445e-03,-1.483854522705078116e-01,2.072493117697588316e-01,1.489679039929839993e-02,-9.781747330649883665e-01,1.636112670898437482e+00,0.000000000000000000e+00,0.000000000000000000e+00,0.000000000000000000e+00,1.000000000000000000e+00
9.710969468789439896e-01,1.173530379243255400e-01,2.078436533847628498e-01,1.369003601074218757e-01,1.177295814813227731e-01,-9.929891007722445595e-01,1.060148064006404336e-02,-1.483871459960937611e-01,2.076305984353611911e-01,1.417428084457482071e-02,-9.781046080843874835e-01,1.636129394531250059e+00,0.000000000000000000e+00,0.000000000000000000e+00,0.000000000000000000e+00,1.000000000000000000e+00
9.711893457367900551e-01,1.173740545468424795e-01,2.073995806326061342e-01,1.369071044921875147e-01,1.177252997298081499e-01,-9.929886363527581361e-01,1.069214093702384148e-02,-1.483929138183593677e-01,2.072004066860701765e-01,1.403208443265633633e-02,-9.781978798155320787e-01,1.636112060546875080e+00,0.000000000000000000e+00,0.000000000000000000e+00,0.000000000000000000e+00,1.000000000000000000e+00
9.711533628425025322e-01,1.173094215334352375e-01,2.076045410370150335e-01,1.369124145507812640e-01,1.176902418077796497e-01,-9.929942062272808512e-01,1.055998969122571435e-02,-1.483865203857421822e-01,2.073888927183064057e-01,1.417765913482340115e-02,-9.781558368473460829e-01,1.636119873046875117e+00,0.000000000000000000e+00,0.000000000000000000e+00,0.000000000000000000e+00,1.000000000000000000e+00
9.710822800377340025e-01,1.172548450434339196e-01,2.079675616786349213e-01,1.369194641113281319e-01,1.177062858333316753e-01,-9.929955831533784361e-01,1.024705387925728753e-02,-1.483757629394531208e-01,2.077123869008262458e-01,1.452835681426775660e-02,-9.780820472620072037e-01,1.636109008789062624e+00,0.000000000000000000e+00,0.000000000000000000e+00,0.000000000000000000e+00,1.000000000000000000e+00
9.710225425437322144e-01,1.172209032388972366e-01,2.082654117124662918e-01,1.369272613525390758e-01,1.176878179124822982e-01,-9.929983388456786741e-01,1.019198531796128813e-02,-1.483809204101562418e-01,2.080019215942593147e-01,1.461365435406973036e-02,-9.780192440435493406e-01,1.636100341796875135e+00,0.000000000000000000e+00,0.000000000000000000e+00,0.000000000000000000e+00,1.000000000000000000e+00
9.710348994912306742e-01,1.172050988045066910e-01,2.082166870937131598e-01,1.369281768798828181e-01,1.177015610703670001e-01,-9.929981790546852372e-01,1.004783139179051682e-02,-1.483877258300781155e-01,2.079364482039021689e-01,1.475063416619803655e-02,-9.780311100880384467e-01,1.636102539062500139e+00,0.000000000000000000e+00,0.000000000000000000e+00,0.000000000000000000e+00,1.000000000000000000e+00
9.711201130907278767e-01,1.173200496366636342e-01,2.077540177804093613e-01,1.369244384765624933e-01,1.177136724414905994e-01,-9.929919463106910982e-01,1.051122649565527055e-02,-1.483896789550781248e-01,2.075312440838470995e-01,1.424782493422372016e-02,-9.781246250931698860e-01,1.636132690429687564e+00,0.000000000000000000e+00,0.000000000000000000e+00,0.000000000000000000e+00,1.000000000000000000e+00
9.712318173260727772e-01,1.173451777172922761e-01,2.072169546151840236e-01,1.369209899902343874e-01,1.177595164720281196e-01,-9.929879091882323205e-01,1.037826990673552593e-02,-1.483920593261718879e-01,2.069817704382883039e-01,1.432206243807102736e-02,-9.782399630120166556e-01,1.636136108398437594e+00,0.000000000000000000e+00,0.000000000000000000e+00,0.000000000000000000e+00,1.000000000000000000e+00
9.712056680259302244e-01,1.174465860141949841e-01,2.072820538008963154e-01,1.369138793945312571e-01,1.178042232545928464e-01,-9.929796058503153056e-01,1.066148904868808971e-02,-1.483851165771484515e-01,2.070790075736539393e-01,1.406420274894905169e-02,-9.782231252752859874e-01,1.636139892578124977e+00,0.000000000000000000e+00,0.000000000000000000e+00,0.000000000000000000e+00,1.000000000000000000e+00
9.712732461770553494e-01,1.174228947003047863e-01,2.069786101530463607e-01,1.369145965576172019e-01,1.177923085640871226e-01,-9.929818675379732396e-01,1.058219183070959954e-02,-1.483768768310546882e-01,2.067685984472218963e-01,1.410228850223189945e-02,-9.782882357235885840e-01,1.636114624023437436e+00,0.000000000000000000e+00,0.000000000000000000e+00,0.000000000000000000e+00,1.000000000000000000e+00
9.712505293202453593e-01,1.173857681202987863e-01,2.071062305628459665e-01,1.369194183349609351e-01,1.178116710608274748e-01,-9.929823295679236494e-01,1.032004494734156674e-02,-1.483788146972656319e-01,2.068642536955059563e-01,1.437618199200367888e-02,-9.782640266995072942e-01,1.636103027343750016e+00,0.000000000000000000e+00,0.000000000000000000e+00,0.000000000000000000e+00,1.000000000000000000e+00
9.712463938757955884e-01,1.174885108322321764e-01,2.070673615171821080e-01,1.369235229492187511e-01,1.177849442496816251e-01,-9.929788587865338023e-01,1.094042554440097584e-02,-1.483666992187500089e-01,2.068988866363526691e-01,1.376356877476387838e-02,-9.782655134896762750e-01,1.636075561523437472e+00,0.000000000000000000e+00,0.000000000000000000e+00,0.000000000000000000e+00,1.000000000000000000e+00
9.711479191773798592e-01,1.173421402597951274e-01,2.076115150869431714e-01,1.369185638427734275e-01,1.177152224607225933e-01,-9.929908141609421479e-01,1.060044305734532052e-02,-1.483807983398437447e-01,2.074002060714213724e-01,1.414443746636796437e-02,-9.781539190793503424e-01,1.636089111328125068e+00,0.000000000000000000e+00,0.000000000000000000e+00,0.000000000000000000e+00,1.000000000000000000e+00
9.711974086730431610e-01,1.174415662874929711e-01,2.073235922289274058e-01,1.369137573242187600e-01,1.176999484013896702e-01,-9.929868017552229142e-01,1.113255075193065116e-02,-1.483849792480468888e-01,2.071770149728882904e-01,1.359007166553932028e-02,-9.782090750034214688e-01,1.636074951171875069e+00,0.000000000000000000e+00,0.000000000000000000e+00,0.000000000000000000e+00,1.000000000000000000e+00
9.711223418549287389e-01,1.173383415887376408e-01,2.077332682634225880e-01,1.369109191894531397e-01,1.176874734845103770e-01,-9.929928045564634376e-01,1.072141240329919400e-02,-1.483801116943359311e-01,2.075356734034682349e-01,1.403580037951783314e-02,-9.781267507704075603e-01,1.636064941406250028e+00,0.000000000000000000e+00,0.000000000000000000e+00,0.000000000000000000e+00,1.000000000000000000e+00
9.711139547609194400e-01,1.172774881547257175e-01,2.078068277047826762e-01,1.369099121093750038e-01,1.177684654892706684e-01,-9.929902080557658772e-01,1.005162880680510185e-02,-1.483727874755859377e-01,2.075289748563065861e-01,1.471181421462023145e-02,-9.781182378003209221e-01,1.636067749023437434e+00,0.000000000000000000e+00,0.000000000000000000e+00,0.000000000000000000e+00,1.000000000000000000e+00
9.711770729338554675e-01,1.173311284089833401e-01,2.074813228073884575e-01,1.369116973876953192e-01,1.177225196046619987e-01,-9.929909762055092459e-01,1.050378752452529180e-02,-1.483643951416015738e-01,2.072595025217397469e-01,1.422418646900637171e-02,-9.781825857853615469e-01,1.636084350585937486e+00,0.000000000000000000e+00,0.000000000000000000e+00,0.000000000000000000e+00,1.000000000000000000e+00
9.711520838763436636e-01,1.173222118816363846e-01,2.076032961728584147e-01,1.369188232421875151e-01,1.177730523640753424e-01,-9.929878324207552787e-01,1.023097264090000284e-02,-1.483764953613281312e-01,2.073478674100216745e-01,1.451424347082880088e-02,-9.781595977226751337e-01,1.636060058593750144e+00,0.000000000000000000e+00,0.000000000000000000e+00,0.000000000000000000e+00,1.000000000000000000e+00
9.711450396933402063e-01,1.172904145004484699e-01,2.076542090720391309e-01,1.369203796386718741e-01,1.178104000105075488e-01,-9.929867061259111116e-01,9.905105076569635167e-03,-1.483887329101562513e-01,2.073596429597267532e-01,1.484453177189057164e-02,-9.781521447853028794e-01,1.636088989257812543e+00,0.000000000000000000e+00,0.000000000000000000e+00,0.000000000000000000e+00,1.000000000000000000e+00
9.710510021609498610e-01,1.172492596604149395e-01,2.081167035855123193e-01,1.369163818359374896e-01,1.176762826517757377e-01,-9.929978417920896083e-01,1.037201511335398077e-02,-1.483764190673828032e-01,2.078755485945251724e-01,1.441864436543367420e-02,-9.780490064363792646e-01,1.636078369140625099e+00,0.000000000000000000e+00,0.000000000000000000e+00,0.000000000000000000e+00,1.000000000000000000e+00
9.711370083344904591e-01,1.173528860052956702e-01,2.076564739885655708e-01,1.369116821289062536e-01,1.177510892359257544e-01,-9.929877739732847486e-01,1.048626355446320713e-02,-1.483785095214843752e-01,2.074309331485754693e-01,1.426817738215688247e-02,-9.781456062812440289e-01,1.636081298828125030e+00,0.000000000000000000e+00,0.000000000000000000e+00,0.000000000000000000e+00,1.000000000000000000e+00
9.711388269290170960e-01,1.173046380476204381e-01,2.076752289596661416e-01,1.369060058593750129e-01,1.177790364681431529e-01,-9.929882276367094640e-01,1.012315877296167226e-02,-1.483703918457031368e-01,2.074065510044675598e-01,1.462879582958030895e-02,-9.781454497839308093e-01,1.636091064453125021e+00,0.000000000000000000e+00,0.000000000000000000e+00,0.000000000000000000e+00,1.000000000000000000e+00
9.710491521498155754e-01,1.173508470907731055e-01,2.080680725056169855e-01,1.369155578613281410e-01,1.177400934494538393e-01,-9.929883268339517732e-01,1.055713815497660857e-02,-1.483838806152343870e-01,2.078480562902587647e-01,1.424645424614057534e-02,-9.780573725696127818e-01,1.636107421875000023e+00,0.000000000000000000e+00,0.000000000000000000e+00,0.000000000000000000e+00,1.000000000000000000e+00
9.711077566322948718e-01,1.172246485100813668e-01,2.078655978998933673e-01,1.369199981689453172e-01,1.177967257185115330e-01,-9.929906641320757066e-01,9.668110287827427415e-03,-1.483809814453125042e-01,2.075419389390733282e-01,1.509710992964244207e-02,-9.781096159701031523e-01,1.636120239257812470e+00,0.000000000000000000e+00,0.000000000000000000e+00,0.000000000000000000e+00,1.000000000000000000e+00
9.711264278789007998e-01,1.172441178000088874e-01,2.077673648975316700e-01,1.369244995117187558e-01,1.177824635423409122e-01,-9.929908465507329973e-01,9.821911644693254520e-03,-1.483801879882812591e-01,2.074626529211066606e-01,1.493303411087861833e-02,-9.781289547575923171e-01,1.636087036132812589e+00,0.000000000000000000e+00,0.000000000000000000e+00,0.000000000000000000e+00,1.000000000000000000e+00
9.711253408115623209e-01,1.173190029604193607e-01,2.077301710825859848e-01,1.369251861572265694e-01,1.177831572225270795e-01,-9.929871890863462003e-01,1.017694379912991581e-02,-1.483821868896484375e-01,2.074673475714209625e-01,1.458402738513251209e-02,-9.781332249938703427e-01,1.636092895507812450e+00,0.000000000000000000e+00,0.000000000000000000e+00,0.000000000000000000e+00,1.000000000000000000e+00
9.711440966003952457e-01,1.172236794396206844e-01,2.076962989964896145e-01,1.369215698242187418e-01,1.177626557346673347e-01,-9.929932983821259107e-01,9.811538233358306493e-03,-1.483806762695312476e-01,2.073911776149612307e-01,1.493045032219314852e-02,-9.781441514933553183e-01,1.636085571289062512e+00,0.000000000000000000e+00,0.000000000000000000e+00,0.000000000000000000e+00,1.000000000000000000e+00
9.710792021198232371e-01,1.171860021017720327e-01,2.080207300288383909e-01,1.369192047119140720e-01,1.176634875006996178e-01,-9.930019488993563348e-01,1.012092837899678660e-02,-1.483722229003906212e-01,2.077510214643963626e-01,1.464822151264655661e-02,-9.780720539341752895e-01,1.636087158203125114e+00,0.000000000000000000e+00,0.000000000000000000e+00,0.000000000000000000e+00,1.000000000000000000e+00
9.711301887065385552e-01,1.172750726208494770e-01,2.077323131450123928e-01,1.369216918945312667e-01,1.177650919735121621e-01,-9.929906196992300815e-01,1.005048764037183226e-02,-1.483650817871093874e-01,2.074549100293199277e-01,1.470328300460578205e-02,-9.781340776057306785e-01,1.636093139648437500e+00,0.000000000000000000e+00,0.000000000000000000e+00,0.000000000000000000e+00,1.000000000000000000e+00
9.710805193136665681e-01,1.172431187433639055e-01,2.079823937664669053e-01,1.369241485595703023e-01,1.177168499615376396e-01,-9.929954102957808670e-01,1.014191139021676513e-02,-1.483812561035156297e-01,2.077146317538392795e-01,1.463441966200373229e-02,-9.780799893242494436e-01,1.636084716796875060e+00,0.000000000000000000e+00,0.000000000000000000e+00,0.000000000000000000e+00,1.000000000000000000e+00
9.711226173833626962e-01,1.174071501251949950e-01,2.076930983590143387e-01,1.369382476806640658e-01,1.176760055673038846e-01,-9.929899555538079792e-01,1.110431821278299279e-02,-1.483610382080078061e-01,2.075408868637964033e-01,1.365683963173039937e-02,-9.781310091245765115e-01,1.636062377929687450e+00,0.000000000000000000e+00,0.000000000000000000e+00,0.000000000000000000e+00,1.000000000000000000e+00
9.711617739589535336e-01,1.172830894553672371e-01,2.075800706443247934e-01,1.369474792480468717e-01,1.177668504132293875e-01,-9.929902151507974395e-01,1.006983408607834904e-02,-1.483742828369140621e-01,2.073060002620440156e-01,1.466661319382959669e-02,-9.781661989216228204e-01,1.636075805664062521e+00,0.000000000000000000e+00,0.000000000000000000e+00,0.000000000000000000e+00,1.000000000000000000e+00
9.711273977934188339e-01,1.172101179780465768e-01,2.077820143769805727e-01,1.369559783935546948e-01,1.177087665018984181e-01,-9.929977421388226366e-01,1.000651766611173471e-02,-1.483736572265625109e-01,2.074999362495923982e-01,1.474016115152913808e-02,-9.781239717467528072e-01,1.636049316406249954e+00,0.000000000000000000e+00,0.000000000000000000e+00,0.000000000000000000e+00,1.000000000000000000e+00
9.711138824428562355e-01,1.172776382245604432e-01,2.078070809650903183e-01,1.369567108154296775e-01,1.176926061330577644e-01,-9.929955111049937333e-01,1.040986968897232925e-02,-1.483786773681640692e-01,2.075723435055147892e-01,1.434818796230269422e-02,-9.781144369212770862e-01,1.636049804687500053e+00,0.000000000000000000e+00,0.000000000000000000e+00,0.000000000000000000e+00,1.000000000000000000e+00
9.710917592168847312e-01,1.172580986254828372e-01,2.079214599020330900e-01,1.369613800048828101e-01,1.177253448553616799e-01,-9.929941194355361711e-01,1.016965806360372281e-02,-1.483819732666015745e-01,2.076572617553799627e-01,1.460195443017798557e-02,-9.780926564324449179e-01,1.636087768554687516e+00,0.000000000000000000e+00,0.000000000000000000e+00,0.000000000000000000e+00,1.000000000000000000e+00
9.712102330314436038e-01,1.172532161280903235e-01,2.073701197439702659e-01,1.369681091308593834e-01,1.177949760960808195e-01,-9.929898005941699690e-01,9.777500829689840869e-03,-1.483763122558593717e-01,2.070628572717303773e-01,1.493114943901419252e-02,-9.782136954239073479e-01,1.636092041015624998e+00,0.000000000000000000e+00,0.000000000000000000e+00,0.000000000000000000e+00,1.000000000000000000e+00
9.711518047456275671e-01,1.172564010083817221e-01,2.076417794228126168e-01,1.369738464355468865e-01,1.177414336434246811e-01,-9.929932734699367103e-01,1.006546804923750399e-02,-1.483692016601562413e-01,2.073671308160997262e-01,1.467294333188726152e-02,-9.781531463891928180e-01,1.636087524414062466e+00,0.000000000000000000e+00,0.000000000000000000e+00,0.000000000000000000e+00,1.000000000000000000e+00
9.711357838758654104e-01,1.171418516521790520e-01,2.077813174164297727e-01,1.369707336425781408e-01,1.177330360077639970e-01,-9.929992356397761011e-01,9.562962470654440272e-03,-1.483704833984375027e-01,2.074469125058332197e-01,1.517579027001468225e-02,-9.781285569297513138e-01,1.636083862304687608e+00,0.000000000000000000e+00,0.000000000000000000e+00,0.000000000000000000e+00,1.000000000000000000e+00
9.711872192044823660e-01,1.173427250381249148e-01,2.074272646844965706e-01,1.369684143066406401e-01,1.177249901656362979e-01,-9.929902538831973935e-01,1.054430573744145547e-02,-1.483809967041015698e-01,2.072105497902219096e-01,1.417887772747955868e-02,-9.781936145170972985e-01,1.636083984375000133e+00,0.000000000000000000e+00,0.000000000000000000e+00,0.000000000000000000e+00,1.000000000000000000e+00
9.711789268630742766e-01,1.173296394617017457e-01,2.074734867901795454e-01,1.369657897949218828e-01,1.177608091465481011e-01,-9.929884117826074386e-01,1.031532329137375449e-02,-1.483812255859374984e-01,2.072290612974878876e-01,1.441422107650515948e-02,-9.781862534223836336e-01,1.636085327148437463e+00,0.000000000000000000e+00,0.000000000000000000e+00,0.000000000000000000e+00,1.000000000000000000e+00
9.712284590123569927e-01,1.171371102577339757e-01,2.073503744991794240e-01,1.369631652832031254e-01,1.178143544796719372e-01,-9.929937258542869127e-01,9.123502209116006109e-03,-1.483772888183593763e-01,2.069663216154277730e-01,1.556784553138348091e-02,-9.782241992010269893e-01,1.636094848632812626e+00,0.000000000000000000e+00,0.000000000000000000e+00,0.000000000000000000e+00,1.000000000000000000e+00
9.711548707736943342e-01,1.171883577318948016e-01,2.076658512722554806e-01,1.369657135009765547e-01,1.177307064578258650e-01,-9.929973029592484846e-01,9.789641086363404243e-03,-1.483694458007812633e-01,2.073588621917817065e-01,1.494138975330033467e-02,-9.781508355784243047e-01,1.636098266601562434e+00,0.000000000000000000e+00,0.000000000000000000e+00,0.000000000000000000e+00,1.000000000000000000e+00
9.712067927264375067e-01,1.173041386938896563e-01,2.073574324863025897e-01,1.369701080322265618e-01,1.177590253398189263e-01,-9.929898932114203935e-01,1.019234668699863129e-02,-1.483722534179687524e-01,2.070994391905558174e-01,1.451933281031842458e-02,-9.782121504365507425e-01,1.636083129882812459e+00,0.000000000000000000e+00,0.000000000000000000e+00,0.000000000000000000e+00,1.000000000000000000e+00
9.712118986187070480e-01,1.172629375931528439e-01,2.073568215624241318e-01,1.369768981933593699e-01,1.177840155082984230e-01,-9.929901333413750919e-01,9.875260878552625035e-03,-1.483844146728515723e-01,2.070612799926330183e-01,1.483234821944589242e-02,-9.782155323721402063e-01,1.636072509765625016e+00,0.000000000000000000e+00,0.000000000000000000e+00,0.000000000000000000e+00,1.000000000000000000e+00
9.711778394157798422e-01,1.173543766601051336e-01,2.074645861500624688e-01,1.369756622314453054e-01,1.176808111207888335e-01,-9.929926157905203388e-01,1.081164554791637540e-02,-1.483725433349609435e-01,2.072795960089939826e-01,1.391457021322345909e-02,-9.781827813931965876e-01,1.636077880859375000e+00,0.000000000000000000e+00,0.000000000000000000e+00,0.000000000000000000e+00,1.000000000000000000e+00
9.711521997502042813e-01,1.171785169224017625e-01,2.076838946384767237e-01,1.369691772460937540e-01,1.177714906304106052e-01,-9.929947895291101334e-01,9.551123637019272306e-03,-1.483636016845703287e-01,2.073482117478484821e-01,1.518364712132510772e-02,-9.781493627994984896e-01,1.636084838867187585e+00,0.000000000000000000e+00,0.000000000000000000e+00,0.000000000000000000e+00,1.000000000000000000e+00
9.712008776593763493e-01,1.173384260014067315e-01,2.073657373269985338e-01,1.369725799560546908e-01,1.177658757303332304e-01,-9.929876982835821320e-01,1.032615954464065518e-02,-1.483616027832031226e-01,2.071232815188217002e-01,1.439183244017448217e-02,-9.782089865728533784e-01,1.636092041015624998e+00,0.000000000000000000e+00,0.000000000000000000e+00,0.000000000000000000e+00,1.000000000000000000e+00
9.711890947530321672e-01,1.173204004223350472e-01,2.074311111611012171e-01,1.369703369140624905e-01,1.177634436153542352e-01,-9.929887213708725735e-01,1.025527074694933607e-02,-1.483868560791015700e-01,2.071799063148727360e-01,1.446799485011364059e-02,-9.781958717682148752e-01,1.636083740234375083e+00,0.000000000000000000e+00,0.000000000000000000e+00,0.000000000000000000e+00,1.000000000000000000e+00
9.712089499535235815e-01,1.172924846272111743e-01,2.073539210628768947e-01,1.369711761474609324e-01,1.177882195604061100e-01,-9.929884074147549144e-01,9.997903415138804234e-03,-1.483683013916015647e-01,2.070727187800554259e-01,1.471379590331155229e-02,-9.782149014133610931e-01,1.636075073242187594e+00,0.000000000000000000e+00,0.000000000000000000e+00,0.000000000000000000e+00,1.000000000000000000e+00
9.710595330788301949e-01,1.171660112745579463e-01,2.081237829243330062e-01,1.369728851318359475e-01,1.176536811282546113e-01,-9.930035443056218769e-01,1.007830905679149222e-02,-1.483605041503906208e-01,2.078484893707329972e-01,1.469989110447346078e-02,-9.780505706086067841e-01,1.636075195312500119e+00,0.000000000000000000e+00,0.000000000000000000e+00,0.000000000000000000e+00,1.000000000000000000e+00
9.711523260173777761e-01,1.173140714911922872e-01,2.076067636210255918e-01,1.369743499755859406e-01,1.177257533677551343e-01,-9.929915272688276673e-01,1.041507399473243917e-02,-1.483765411376953280e-01,2.073735920145847733e-01,1.432603931589918750e-02,-9.781569188696095374e-01,1.636091186523437546e+00,0.000000000000000000e+00,0.000000000000000000e+00,0.000000000000000000e+00,1.000000000000000000e+00
9.711475587135294241e-01,1.172596403649206892e-01,2.076598082110295007e-01,1.369730834960937449e-01,1.176735977220974422e-01,-9.929978430164450032e-01,1.040231531082915460e-02,-1.483575744628906345e-01,2.074255133870712420e-01,1.433389361539248556e-02,-9.781457948025604754e-01,1.636093139648437500e+00,0.000000000000000000e+00,0.000000000000000000e+00,0.000000000000000000e+00,1.000000000000000000e+00
9.711675365026747331e-01,1.172173598842877612e-01,2.075902372104320992e-01,1.369682312011718806e-01,1.177308312176963273e-01,-9.929959603483392572e-01,9.923412350093628945e-03,-1.483593597412109499e-01,2.072994631544336774e-01,1.480247525372227653e-02,-9.781655377809254093e-01,1.636083496093750034e+00,0.000000000000000000e+00,0.000000000000000000e+00,0.000000000000000000e+00,1.000000000000000000e+00
9.711504802998712771e-01,1.172874441081726282e-01,2.076304410916218479e-01,1.369710235595703041e-01,1.177437834505708492e-01,-9.929915882506360481e-01,1.020328977460130751e-02,-1.483814544677734271e-01,2.073719992479077512e-01,1.453826392839560611e-02,-9.781541252838809042e-01,1.636101318359375112e+00,0.000000000000000000e+00,0.000000000000000000e+00,0.000000000000000000e+00,1.000000000000000000e+00
9.712006871923897222e-01,1.172447809163923299e-01,2.074195905523333883e-01,1.369672546386718759e-01,1.177908717478377693e-01,-9.929904616128089057e-01,9.759799120130011399e-03,-1.483806915283203132e-01,2.071099604797289606e-01,1.495341077640897388e-02,-9.782033836458743359e-01,1.636093505859375075e+00,0.000000000000000000e+00,0.000000000000000000e+00,0.000000000000000000e+00,1.000000000000000000e+00
9.711681215254280852e-01,1.174140202162187313e-01,2.074763301907882607e-01,1.369710235595703041e-01,1.177263785817908998e-01,-9.929864109277112272e-01,1.088519631974768989e-02,-1.483816375732421866e-01,2.072992511293479390e-01,1.385408133251652199e-02,-9.781794747957267555e-01,1.636078247070312575e+00,0.000000000000000000e+00,0.000000000000000000e+00,0.000000000000000000e+00,1.000000000000000000e+00
9.712088419183471100e-01,1.172671412470070729e-01,2.073687608184460740e-01,1.369716186523437518e-01,1.176968606819240315e-01,-9.929960684749639110e-01,1.030810258412692693e-02,-1.483748626708984442e-01,2.071251659389635180e-01,1.439533177872643829e-02,-9.782085360789578576e-01,1.636093505859375075e+00,0.000000000000000000e+00,0.000000000000000000e+00,0.000000000000000000e+00,1.000000000000000000e+00
9.711828779204493278e-01,1.173526276671813529e-01,2.074419880683797679e-01,1.369761505126953216e-01,1.177378914773896945e-01,-9.929888524225839452e-01,1.053223029270296089e-02,-1.483728485107422002e-01,2.072235665763243473e-01,1.419506055246066815e-02,-9.781906223795543420e-01,1.636061157226562424e+00,0.000000000000000000e+00,0.000000000000000000e+00,0.000000000000000000e+00,1.000000000000000000e+00
9.712036683385025793e-01,1.172777569521774449e-01,2.073869868870797384e-01,1.369720611572265712e-01,1.177658274256966203e-01,-9.929906896618247991e-01,1.003494572353332698e-02,-1.483709716796874911e-01,2.071102230614819684e-01,1.467712400980570459e-02,-9.782075125116469483e-01,1.636064086914062576e+00,0.000000000000000000e+00,0.000000000000000000e+00,0.000000000000000000e+00,1.000000000000000000e+00
9.711972396650565553e-01,1.173057487513923802e-01,2.074012607889601234e-01,1.369673919677734386e-01,1.177403922027925320e-01,-9.929910826313672612e-01,1.029125155254918475e-02,-1.483791198730468885e-01,2.071548254589007654e-01,1.442467068811132194e-02,-9.782018233292311127e-01,1.636086425781249964e+00,0.000000000000000000e+00,0.000000000000000000e+00,0.000000000000000000e+00,1.000000000000000000e+00
9.711417756622541253e-01,1.172836359144089069e-01,2.076733018716177825e-01,1.369692535400390543e-01,1.176809214146164739e-01,-9.929961115433992846e-01,1.048442629310628559e-02,-1.483724212646484464e-01,2.074484328660271826e-01,1.425732115038051868e-02,-9.781420533312347176e-01,1.636087280273437639e+00,0.000000000000000000e+00,0.000000000000000000e+00,0.000000000000000000e+00,1.000000000000000000e+00
9.711589586831633758e-01,1.173109864362591181e-01,2.075774781395754998e-01,1.369710845947265665e-01,1.177091272019196166e-01,-9.929928514856573019e-01,1.047655820133660577e-02,-1.483885955810546886e-01,2.073519672990744023e-01,1.425936042519136866e-02,-9.781624774532441391e-01,1.636071166992187464e+00,0.000000000000000000e+00,0.000000000000000000e+00,0.000000000000000000e+00,1.000000000000000000e+00
9.711908153683432854e-01,1.172228003149062558e-01,2.074782283289114959e-01,1.369725036621093905e-01,1.177402671643248133e-01,-9.929951056972081691e-01,9.896946471707060780e-03,-1.483852081298828174e-01,2.071850130493171904e-01,1.481671852071279362e-02,-9.781895701856733183e-01,1.636078247070312575e+00,0.000000000000000000e+00,0.000000000000000000e+00,0.000000000000000000e+00,1.000000000000000000e+00
9.712335353530040516e-01,1.173334648374480677e-01,2.072155347336310238e-01,1.369718170166015769e-01,1.177541437636329541e-01,-9.929888730310695300e-01,1.034696394990435205e-02,-1.483686676025390561e-01,2.069767654404691126e-01,1.435116948984637743e-02,-9.782405954069147702e-01,1.636097656250000032e+00,0.000000000000000000e+00,0.000000000000000000e+00,0.000000000000000000e+00,1.000000000000000000e+00
9.711514329943703450e-01,1.172687558370238275e-01,2.076365408530435330e-01,1.369727630615234504e-01,1.177255162164894814e-01,-9.929937903921702835e-01,1.019975853399235875e-02,-1.483567657470703238e-01,2.073779087187017367e-01,1.453860884084751635e-02,-9.781528673108467187e-01,1.636078247070312575e+00,0.000000000000000000e+00,0.000000000000000000e+00,0.000000000000000000e+00,1.000000000000000000e+00
9.711220284374831868e-01,1.172572065717175094e-01,2.077805414144115181e-01,1.369699859619140647e-01,1.176739288258742688e-01,-9.929978536161533365e-01,1.039755684745027192e-02,-1.483661804199218892e-01,2.075448201188155040e-01,1.435305614531112717e-02,-9.781202060182269120e-01,1.636092041015624998e+00,0.000000000000000000e+00,0.000000000000000000e+00,0.000000000000000000e+00,1.000000000000000000e+00
9.712103126260130948e-01,1.173657089845655255e-01,2.073060997738182254e-01,1.369732818603515700e-01,1.177848135436919130e-01,-9.929850554258951023e-01,1.036423655221323931e-02,-1.483868713378906357e-01,2.070682649450652224e-01,1.435165688632419542e-02,-9.782212242623126164e-01,1.636053100585937559e+00,0.000000000000000000e+00,0.000000000000000000e+00,0.000000000000000000e+00,1.000000000000000000e+00
9.711192365410981076e-01,1.172595464814166072e-01,2.077922692950994743e-01,1.369733276367187391e-01,1.176766783593104632e-01,-9.929975367096897099e-01,1.039670422814461051e-02,-1.483796997070312429e-01,2.075563243800439550e-01,1.435586456681124320e-02,-9.781177236725573376e-01,1.636054077148437536e+00,0.000000000000000000e+00,0.000000000000000000e+00,0.000000000000000000e+00,1.000000000000000000e+00
9.711876707734564684e-01,1.172282039574058105e-01,2.074898945359729685e-01,1.369764556884765783e-01,1.177628760312040140e-01,-9.929932168557814576e-01,9.817143539048582210e-03,-1.483932952880859524e-01,2.071869039454173611e-01,1.490031796063010124e-02,-9.781878998220049359e-01,1.636068603515625108e+00,0.000000000000000000e+00,0.000000000000000000e+00,0.000000000000000000e+00,1.000000000000000000e+00
9.712078673898157932e-01,1.172907213340497468e-01,2.073599889300360988e-01,1.369733428955078047e-01,1.177613354950307611e-01,-9.929903915970245132e-01,1.011682056849412190e-02,-1.483676605224609479e-01,2.070930857912769985e-01,1.459345349554324461e-02,-9.782123925469973225e-01,1.636080200195312528e+00,0.000000000000000000e+00,0.000000000000000000e+00,0.000000000000000000e+00,1.000000000000000000e+00
9.712408125726437191e-01,1.173070976219856287e-01,2.071963533480657704e-01,1.369739532470703181e-01,1.177608078370276090e-01,-9.929897400341061164e-01,1.018667387171507191e-02,-1.483621673583984391e-01,2.069388221934232719e-01,1.450589654257738309e-02,-9.782463405680057456e-01,1.636085693359375037e+00,0.000000000000000000e+00,0.000000000000000000e+00,0.000000000000000000e+00,1.000000000000000000e+00
9.711710815022143173e-01,1.173301866128453053e-01,2.075098979885402761e-01,1.369761962890624907e-01,1.176873067292056874e-01,-9.929934059444904815e-01,1.066740763194186196e-02,-1.483655700683593759e-01,2.073075692989654051e-01,1.406140320718556568e-02,-9.781747536361791173e-01,1.636077026367187548e+00,0.000000000000000000e+00,0.000000000000000000e+00,0.000000000000000000e+00,1.000000000000000000e+00
9.711360552418937253e-01,1.173446548762399205e-01,2.076655825629022123e-01,1.369718170166015769e-01,1.176850434734722645e-01,-9.929926900949275215e-01,1.075862262030330072e-02,-1.483784332275390749e-01,2.074728723275897357e-01,1.399104678054153422e-02,-9.781407147533141000e-01,1.636058959960937642e+00,0.000000000000000000e+00,0.000000000000000000e+00,0.000000000000000000e+00,1.000000000000000000e+00
9.711786626193652516e-01,1.173406837980055933e-01,2.074684776024492694e-01,1.369702911376953214e-01,1.177193086258163518e-01,-9.929907164850428902e-01,1.056415406840554780e-02,-1.483686218261718870e-01,2.072538772846513611e-01,1.416336472515196745e-02,-9.781846601997707946e-01,1.636086669921875014e+00,0.000000000000000000e+00,0.000000000000000000e+00,0.000000000000000000e+00,1.000000000000000000e+00
9.711285276892112073e-01,1.172063857192305047e-01,2.077788388041956757e-01,1.369734954833984331e-01,1.177313323314346794e-01,-9.929963147286253733e-01,9.881918985393976437e-03,-1.483716125488281357e-01,2.074818452194077123e-01,1.486546608766664036e-02,-9.781259130716997152e-01,1.636073852539062568e+00,0.000000000000000000e+00,0.000000000000000000e+00,0.000000000000000000e+00,1.000000000000000000e+00
9.711936984146045670e-01,1.173355357627818979e-01,2.074009937464692810e-01,1.369718322753906148e-01,1.177204171742157607e-01,-9.929909546914317264e-01,1.052935331953237970e-02,-1.483806457519531163e-01,2.071827780972411437e-01,1.418928991387053383e-02,-9.781993459983753247e-01,1.636080322265625053e+00,0.000000000000000000e+00,0.000000000000000000e+00,0.000000000000000000e+00,1.000000000000000000e+00
9.711691351095907976e-01,1.173255450927980087e-01,2.075216313524136102e-01,1.369729156494140787e-01,1.177276980773334231e-01,-9.929908745886839583e-01,1.045524217858549189e-02,-1.483712615966796822e-01,2.072937532003833738e-01,1.427723545643445023e-02,-9.781745551954519335e-01,1.636059326171874995e+00,0.000000000000000000e+00,0.000000000000000000e+00,0.000000000000000000e+00,1.000000000000000000e+00
9.711554725412044897e-01,1.172486611717110661e-01,2.076289951011450197e-01,1.369712371826171948e-01,1.177190112324430493e-01,-9.929952452305444988e-01,1.013298297573891719e-02,-1.483777770996093648e-01,2.073626835950141412e-01,1.460117813643684211e-02,-9.781551630745003445e-01,1.636083496093750034e+00,0.000000000000000000e+00,0.000000000000000000e+00,0.000000000000000000e+00,1.000000000000000000e+00
9.711675968758413102e-01,1.171667042081171867e-01,2.076185497575087358e-01,1.369705810546875124e-01,1.177363610619915207e-01,-9.929979507249151460e-01,9.655005955456390579e-03,-1.483651580810546877e-01,2.072960396685955275e-01,1.506762360583457742e-02,-9.781622148992412669e-01,1.636075073242187594e+00,0.000000000000000000e+00,0.000000000000000000e+00,0.000000000000000000e+00,1.000000000000000000e+00
9.711573867044545061e-01,1.173035340480892835e-01,2.075890439045469937e-01,1.369711608886718668e-01,1.177046673224632217e-01,-9.929935287394617838e-01,1.046246491322480425e-02,-1.483693237304687662e-01,2.073618613436025437e-01,1.427349926895846340e-02,-9.781601738359297915e-01,1.636068359375000059e+00,0.000000000000000000e+00,0.000000000000000000e+00,0.000000000000000000e+00,1.000000000000000000e+00
9.710999358389665881e-01,1.172448626106986774e-01,2.078907328501045926e-01,1.369750671386718854e-01,1.177131147009632811e-01,-9.929956548359085700e-01,1.016130426684113547e-02,-1.483790588378906261e-01,2.076259551235178080e-01,1.460382375968203097e-02,-9.780992746601152588e-01,1.636042602539062640e+00,0.000000000000000000e+00,0.000000000000000000e+00,0.000000000000000000e+00,1.000000000000000000e+00
9.711889957683511598e-01,1.172691269945089071e-01,2.074605657767475408e-01,1.369737396240234273e-01,1.177106707773032251e-01,-9.929949398392799997e-01,1.025901743553279608e-02,-1.483849029541015607e-01,2.072103580509907506e-01,1.445687751663468287e-02,-9.781895860255566122e-01,1.636072265624999966e+00,0.000000000000000000e+00,0.000000000000000000e+00,0.000000000000000000e+00,1.000000000000000000e+00
9.710771794868849893e-01,1.171894605591524002e-01,2.080282235987500894e-01,1.369695892333984422e-01,1.176775277107818124e-01,-9.930007824239998060e-01,1.007201951957468686e-02,-1.483757629394531208e-01,2.077525233340738187e-01,1.469953874036119060e-02,-9.780709650169286951e-01,1.636073608398437518e+00,0.000000000000000000e+00,0.000000000000000000e+00,0.000000000000000000e+00,1.000000000000000000e+00
9.711444691216565284e-01,1.172489662979284836e-01,2.076802831192287313e-01,1.369684448242187436e-01,1.177035719256317864e-01,-9.929962767028094328e-01,1.021095540609560579e-02,-1.483766326904296939e-01,2.074229718482583917e-01,1.452839827458208416e-02,-9.781434641161855792e-01,1.636084838867187585e+00,0.000000000000000000e+00,0.000000000000000000e+00,0.000000000000000000e+00,1.000000000000000000e+00
9.711042502928641795e-01,1.172358373136683646e-01,2.078756683994009424e-01,1.369675903320312638e-01,1.176940340212418584e-01,-9.929974516396540274e-01,1.020663475196292337e-02,-1.483860626220703249e-01,2.076165923497960419e-01,1.455401959996943488e-02,-9.781020044425543514e-01,1.636069580078125085e+00,0.000000000000000000e+00,0.000000000000000000e+00,0.000000000000000000e+00,1.000000000000000000e+00
9.711849131415849490e-01,1.172421409041407014e-01,2.074949273654314863e-01,1.369684906005859404e-01,1.177145940064749929e-01,-9.929959755332783411e-01,1.011271143677853514e-02,-1.483840179443359497e-01,2.072272637566371090e-01,1.460386835487110894e-02,-9.781838212652113063e-01,1.636074096679687617e+00,0.000000000000000000e+00,0.000000000000000000e+00,0.000000000000000000e+00,1.000000000000000000e+00
9.711418137750099655e-01,1.172460446913954901e-01,2.076943488446597319e-01,1.369717712402343801e-01,1.176978802222821419e-01,-9.929968097636133750e-01,1.022471468881950077e-02,-1.483809967041015698e-01,2.074386331640402370e-01,1.451553662493149099e-02,-9.781403338312580908e-01,1.636053833007812486e+00,0.000000000000000000e+00,0.000000000000000000e+00,0.000000000000000000e+00,1.000000000000000000e+00
9.711413652629957705e-01,1.172448413427294722e-01,2.076971252897910902e-01,1.369721984863281339e-01,1.177477962035982095e-01,-9.929933442229531559e-01,9.983727666148278432e-03,-1.483771514892578136e-01,2.074124035932299048e-01,1.476026786457834521e-02,-9.781422336900932324e-01,1.636069824218750135e+00,0.000000000000000000e+00,0.000000000000000000e+00,0.000000000000000000e+00,1.000000000000000000e+00
9.710821062233322420e-01,1.172669770060042332e-01,2.079615326850867141e-01,1.369677886962890612e-01,1.177356241550114174e-01,-9.929929291002076441e-01,1.016688555163427349e-02,-1.483624877929687613e-01,2.076965714153389819e-01,1.461160021569891596e-02,-9.780841657860789295e-01,1.636060058593750144e+00,0.000000000000000000e+00,0.000000000000000000e+00,0.000000000000000000e+00,1.000000000000000000e+00
9.711438649892560893e-01,1.172978438401127421e-01,2.076555063661703338e-01,1.369693450927734479e-01,1.177091659598351880e-01,-9.929934578229515640e-01,1.041849172667288353e-02,-1.483721313476562553e-01,2.074226259181241316e-01,1.432510213852946149e-02,-9.781465359065333320e-01,1.636049316406249954e+00,0.000000000000000000e+00,0.000000000000000000e+00,0.000000000000000000e+00,1.000000000000000000e+00
9.710880272682528291e-01,1.172474323024034482e-01,2.079449035555973879e-01,1.369680633544921866e-01,1.177100772522013672e-01,-9.929957015452611779e-01,1.019188039155342722e-02,-1.483653564453125129e-01,2.076833671951948956e-01,1.457999763814331849e-02,-9.780874412133803153e-01,1.636053344726562608e+00,0.000000000000000000e+00,0.000000000000000000e+00,0.000000000000000000e+00,1.000000000000000000e+00
9.711180847082904188e-01,1.172671118235403681e-01,2.077933830444727847e-01,1.369693298339843823e-01,1.177056557106654217e-01,-9.929951445096641960e-01,1.029667878266680298e-02,-1.483643493652343770e-01,2.075452822066163050e-01,1.445916542530725421e-02,-9.781185451513428886e-01,1.636070556640625062e+00,0.000000000000000000e+00,0.000000000000000000e+00,0.000000000000000000e+00,1.000000000000000000e+00
9.711932507342533327e-01,1.171941823923584314e-01,2.074829953071347932e-01,1.369717559814453145e-01,1.177496998601903211e-01,-9.929957878057806830e-01,9.714606673042002968e-03,-1.483832092285156390e-01,2.071682357676219166e-01,1.499629998911206942e-02,-9.781903869265775597e-01,1.636082031249999957e+00,0.000000000000000000e+00,0.000000000000000000e+00,0.000000000000000000e+00,1.000000000000000000e+00
9.712285020951044734e-01,1.173445227852860234e-01,2.072328634420547711e-01,1.369694061279296826e-01,1.177648384726288217e-01,-9.929875618387734582e-01,1.035107979894376272e-02,-1.483621826171875047e-01,2.069942983215128929e-01,1.435148096127888094e-02,-9.782368810551985705e-01,1.636067626953125131e+00,0.000000000000000000e+00,0.000000000000000000e+00,0.000000000000000000e+00,1.000000000000000000e+00
9.712063232441392469e-01,1.173281220459498203e-01,2.073460620985393132e-01,1.369691619873046884e-01,1.177186216544117286e-01,-9.929914975309692693e-01,1.049818779543757949e-02,-1.483687591552734497e-01,2.071246093693023538e-01,1.421258626617668760e-02,-9.782113261382943126e-01,1.636077758789062475e+00,0.000000000000000000e+00,0.000000000000000000e+00,0.000000000000000000e+00,1.000000000000000000e+00
9.712083316951961587e-01,1.172435668223643229e-01,2.073844798546984058e-01,1.369699401855468679e-01,1.177680555121482370e-01,-9.929921866746019843e-01,9.859122885961208588e-03,-1.483663177490234519e-01,2.070870868661819630e-01,1.484800464583379068e-02,-9.782098318925832592e-01,1.636104248046875043e+00,0.000000000000000000e+00,0.000000000000000000e+00,0.000000000000000000e+00,1.000000000000000000e+00
9.711044523477961876e-01,1.172159603953264739e-01,2.078859332876770993e-01,1.369666137695312591e-01,1.177295909933721296e-01,-9.929959004516440979e-01,9.944098288036206171e-03,-1.483847656249999980e-01,2.075954865473249866e-01,1.481756777713760624e-02,-9.781025271669375742e-01,1.636098266601562434e+00,0.000000000000000000e+00,0.000000000000000000e+00,0.000000000000000000e+00,1.000000000000000000e+00
9.711361245109604301e-01,1.172950619496169883e-01,2.076932741136990890e-01,1.369675445556640669e-01,1.177090773978147903e-01,-9.929935766167046207e-01,1.040816487764625528e-02,-1.483619689941406417e-01,2.074589134455009920e-01,1.433963877510648424e-02,-9.781386271852328118e-01,1.636077636718749950e+00,0.000000000000000000e+00,0.000000000000000000e+00,0.000000000000000000e+00,1.000000000000000000e+00
9.711891943879900069e-01,1.172552694291450620e-01,2.074674685224295601e-01,1.369662628173828056e-01,1.176992440603705642e-01,-9.929964228712091501e-01,1.024656589302501246e-02,-1.483752441406250011e-01,2.072159179494278691e-01,1.446741013731826613e-02,-9.781882525323510880e-01,1.636091552734375121e+00,0.000000000000000000e+00,0.000000000000000000e+00,0.000000000000000000e+00,1.000000000000000000e+00
9.711575435198083195e-01,1.173287869404898154e-01,2.075740384047221332e-01,1.369707183837890752e-01,1.177337145356280035e-01,-9.929902565665280623e-01,1.044618713138805929e-02,-1.483738403320312427e-01,2.073446361163344964e-01,1.429356914888197869e-02,-9.781635322147166356e-01,1.636078247070312575e+00,0.000000000000000000e+00,0.000000000000000000e+00,0.000000000000000000e+00,1.000000000000000000e+00
9.711782445969672217e-01,1.172777753274704265e-01,2.075060014452421164e-01,1.369705200195312500e-01,1.177300497406885832e-01,-9.929931216416347795e-01,1.021252958167959482e-02,-1.483838348388671902e-01,2.072497348842898823e-01,1.451150531960956197e-02,-9.781804350955658478e-01,1.636080688476562628e+00,0.000000000000000000e+00,0.000000000000000000e+00,0.000000000000000000e+00,1.000000000000000000e+00
9.711178788681720242e-01,1.173224811748285884e-01,2.077630880439663152e-01,1.369702758789062558e-01,1.176561802499678927e-01,-9.929957208949014014e-01,1.079451404198752615e-02,-1.483863830566406194e-01,2.075742965580516519e-01,1.396186575632322319e-02,-9.781196131931069182e-01,1.636077514648437425e+00,0.000000000000000000e+00,0.000000000000000000e+00,0.000000000000000000e+00,1.000000000000000000e+00
9.712095643088912711e-01,1.173287257371390668e-01,2.073305387824793677e-01,1.369662780761718712e-01,1.177707836948228282e-01,-9.929878678379745471e-01,1.025362543205952243e-02,-1.483852844238281177e-01,2.070797544494420994e-01,1.445906094782535567e-02,-9.782172104669116797e-01,1.636082397460937532e+00,0.000000000000000000e+00,0.000000000000000000e+00,0.000000000000000000e+00,1.000000000000000000e+00
9.711885820256257462e-01,1.174296473042744510e-01,2.073716858132955421e-01,1.369649047851562440e-01,1.177089932362089392e-01,-9.929868123566555349e-01,1.103555150803215562e-02,-1.483755645751953234e-01,2.072132501901665924e-01,1.369191074182194226e-02,-9.781999798230757159e-01,1.636091186523437546e+00,0.000000000000000000e+00,0.000000000000000000e+00,0.000000000000000000e+00,1.000000000000000000e+00
9.711514311875184546e-01,1.172535852854259125e-01,2.076451165815086375e-01,1.369693908691406170e-01,1.176930697334552384e-01,-9.929968065924630327e-01,1.028024483595086150e-02,-1.483799743652343683e-01,2.073963332345849508e-01,1.445471670024716174e-02,-9.781502042764009808e-01,1.636079589843750126e+00,0.000000000000000000e+00,0.000000000000000000e+00,0.000000000000000000e+00,1.000000000000000000e+00
9.711762292130043939e-01,1.173108344082509635e-01,2.074967468228117173e-01,1.369650726318359379e-01,1.177126331608968346e-01,-9.929926778184721137e-01,1.045360192604509290e-02,-1.483636627197265634e-01,2.072690710307213968e-01,1.427269874060284847e-02,-9.781798516963644552e-01,1.636079101562500027e+00,0.000000000000000000e+00,0.000000000000000000e+00,0.000000000000000000e+00,1.000000000000000000e+00
9.711803673490364552e-01,1.173380766801854214e-01,2.074619720256845323e-01,1.369676971435546953e-01,1.178007354016288866e-01,-9.929852083630346105e-01,1.016674535220330952e-02,-1.483673858642578225e-01,2.071996158650551145e-01,1.456542938660087411e-02,-9.781902511537099443e-01,1.636086181640625137e+00,0.000000000000000000e+00,0.000000000000000000e+00,0.000000000000000000e+00,1.000000000000000000e+00
9.711901354497413097e-01,1.173090033506917901e-01,2.074326843532153797e-01,1.369651184082031348e-01,1.177025957617387902e-01,-9.929935087391391635e-01,1.048763809834922511e-02,-1.483716888427734359e-01,2.072096034358977823e-01,1.422987472891521984e-02,-9.781930744536772027e-01,1.636084838867187585e+00,0.000000000000000000e+00,0.000000000000000000e+00,0.000000000000000000e+00,1.000000000000000000e+00
9.711552705890666992e-01,1.172227219822427752e-01,2.076445854294073912e-01,1.369687042236328034e-01,1.177313153265993201e-01,-9.929956272751652158e-01,9.950959947143187337e-03,-1.483835906982421959e-01,2.073566439701064468e-01,1.478234296296174373e-02,-9.781537223453069529e-01,1.636059570312500044e+00,0.000000000000000000e+00,0.000000000000000000e+00,0.000000000000000000e+00,1.000000000000000000e+00
9.711646362385157882e-01,1.173010478101620679e-01,2.075565308593042835e-01,1.369713592529296919e-01,1.177316465029986381e-01,-9.929918119591025771e-01,1.032089113746100656e-02,-1.483794860839843799e-01,2.073125870066847287e-01,1.441268763334670189e-02,-9.781685773443038467e-01,1.636072265624999966e+00,0.000000000000000000e+00,0.000000000000000000e+00,0.000000000000000000e+00,1.000000000000000000e+00
9.711405395633306847e-01,1.173160446292201842e-01,2.076607764822194224e-01,1.369751434326171857e-01,1.177182987005654935e-01,-9.929919013533766714e-01,1.046355568870986109e-02,-1.483846435546875009e-01,2.074330122417545885e-01,1.428389019704061867e-02,-9.781449360463670972e-01,1.636054687499999938e+00,0.000000000000000000e+00,0.000000000000000000e+00,0.000000000000000000e+00,1.000000000000000000e+00
9.711383604749304066e-01,1.171626761458756522e-01,2.077575320714052376e-01,1.369698791503906332e-01,1.177634825849594308e-01,-9.929960571378582124e-01,9.518018603143357792e-03,-1.483679656982421768e-01,2.074175667187480032e-01,1.522293752875855319e-02,-9.781340476588418209e-01,1.636063232421875124e+00,0.000000000000000000e+00,0.000000000000000000e+00,0.000000000000000000e+00,1.000000000000000000e+00
9.711269476858711558e-01,1.171784989471805621e-01,2.078019510563099692e-01,1.369687500000000002e-01,1.176988242047938144e-01,-9.929999640277064055e-01,9.902435144104930476e-03,-1.483721466064453209e-01,2.075076824099109929e-01,1.484152369063787211e-02,-9.781207956665719516e-01,1.636059326171874995e+00,0.000000000000000000e+00,0.000000000000000000e+00,0.000000000000000000e+00,1.000000000000000000e+00
9.712033058664817364e-01,1.171588655880793223e-01,2.074558721466608913e-01,1.369700775146484306e-01,1.177722736879058679e-01,-9.929958024936516026e-01,9.435453373865598098e-03,-1.483852233886718830e-01,2.071082572578851755e-01,1.526880624357243241e-02,-9.781988720763781231e-01,1.636064331054687626e+00,0.000000000000000000e+00,0.000000000000000000e+00,0.000000000000000000e+00,1.000000000000000000e+00
9.712450325566522880e-01,1.172863844556680940e-01,2.071882978243330398e-01,1.369688568115234317e-01,1.177665568790341871e-01,-9.929903617825631690e-01,1.005880150869934569e-02,-1.483753509521484326e-01,2.069157432746105141e-01,1.463029146160199634e-02,-9.782493699240822904e-01,1.636074096679687617e+00,0.000000000000000000e+00,0.000000000000000000e+00,0.000000000000000000e+00,1.000000000000000000e+00
9.711753667905335119e-01,1.172233071068674859e-01,2.075502426165823366e-01,1.369688568115234317e-01,1.177209194751863419e-01,-9.929964077124181498e-01,9.995968594884606026e-03,-1.483735351562500138e-01,2.072684058345358182e-01,1.472516693155836824e-02,-9.781732859783321965e-01,1.636058227539062493e+00,0.000000000000000000e+00,0.000000000000000000e+00,0.000000000000000000e+00,1.000000000000000000e+00
9.711903566919605213e-01,1.173092227140811322e-01,2.074315244478542597e-01,1.369643249511718897e-01,1.176372605607769600e-01,-9.929979351578629432e-01,1.079702273669291661e-02,-1.483657073974609386e-01,2.072456658082347525e-01,1.391571192713140885e-02,-9.781899544389437429e-01,1.636073852539062568e+00,0.000000000000000000e+00,0.000000000000000000e+00,0.000000000000000000e+00,1.000000000000000000e+00
9.711198597923543785e-01,1.172796118722109898e-01,2.077780319378871032e-01,1.369667663574218874e-01,1.177148654248352938e-01,-9.929938894329807253e-01,1.031242002511503775e-02,-1.483798980712890681e-01,2.075317526907412835e-01,1.444396717889592438e-02,-9.781216404094351669e-01,1.636062255859374925e+00,0.000000000000000000e+00,0.000000000000000000e+00,0.000000000000000000e+00,1.000000000000000000e+00
9.711793561873929281e-01,1.172329058392498902e-01,2.075261523373057304e-01,1.369677734374999956e-01,1.177194717568057214e-01,-9.929960605382666117e-01,1.004737402419080342e-02,-1.483802947998046906e-01,2.072505345825184364e-01,1.467206679268246231e-02,-9.781778705180830258e-01,1.636077758789062475e+00,0.000000000000000000e+00,0.000000000000000000e+00,0.000000000000000000e+00,1.000000000000000000e+00
9.711885351861188065e-01,1.172242434119920157e-01,2.074880861146658761e-01,1.369680633544921866e-01,1.177306244086075565e-01,-9.929957172391369324e-01,9.950156837547413299e-03,-1.483866424560546793e-01,2.072011804971205795e-01,1.476422369169673281e-02,-9.781869394442871402e-01,1.636081176757812505e+00,0.000000000000000000e+00,0.000000000000000000e+00,0.000000000000000000e+00,1.000000000000000000e+00
9.711128336212626611e-01,1.171859667847364173e-01,2.078636898662410415e-01,1.369683532714843777e-01,1.177345802960504673e-01,-9.929969934291043021e-01,9.774438258677695460e-03,-1.483827972412109508e-01,2.075534460773779677e-01,1.498066185074970781e-02,-9.781089646823193373e-01,1.636058959960937642e+00,0.000000000000000000e+00,0.000000000000000000e+00,0.000000000000000000e+00,1.000000000000000000e+00
9.711181458902019559e-01,1.172110589144022413e-01,2.078247203557395395e-01,1.369670867919921819e-01,1.177424323255438360e-01,-9.929952613365263803e-01,9.855485440553689649e-03,-1.483738861083984395e-01,2.075241343864408228e-01,1.489894732418235550e-02,-9.781164322389180876e-01,1.636050415039062456e+00,0.000000000000000000e+00,0.000000000000000000e+00,0.000000000000000000e+00,1.000000000000000000e+00
9.711853228746905042e-01,1.172854875364180011e-01,2.074685109748665157e-01,1.369670257568359473e-01,1.177530306312389446e-01,-9.929911545040368548e-01,1.013858244029268441e-02,-1.483755645751953234e-01,2.072035048206040120e-01,1.458360346707366847e-02,-9.781891566051901243e-01,1.636050292968749931e+00,0.000000000000000000e+00,0.000000000000000000e+00,0.000000000000000000e+00,1.000000000000000000e+00
9.711474845995192728e-01,1.171607598109383058e-01,2.077159587430642274e-01,1.369675140380859357e-01,1.177146080527549238e-01,-9.929997371683650931e-01,9.736171452083792338e-03,-1.483745880126953187e-01,2.074025896825134330e-01,1.499594425442119308e-02,-9.781407298793488581e-01,1.636071899414062614e+00,0.000000000000000000e+00,0.000000000000000000e+00,0.000000000000000000e+00,1.000000000000000000e+00
9.711296657897938722e-01,1.171755192671565665e-01,2.077909283570288645e-01,1.369690093994140601e-01,1.177222010957068438e-01,-9.929984352271197245e-01,9.777065289435187337e-03,-1.483745727539062531e-01,2.074816994151186533e-01,1.496680730697557381e-02,-9.781243985745631253e-01,1.636077514648437425e+00,0.000000000000000000e+00,0.000000000000000000e+00,0.000000000000000000e+00,1.000000000000000000e+00
9.711528593836126211e-01,1.173149130253126199e-01,2.076037930599936021e-01,1.369687347412109346e-01,1.176807468984851085e-01,-9.929945716582814219e-01,1.063120250022625210e-02,-1.483831176757812453e-01,2.073966381609113618e-01,1.410644671947764578e-02,-9.781552242054952773e-01,1.636069702148437610e+00,0.000000000000000000e+00,0.000000000000000000e+00,0.000000000000000000e+00,1.000000000000000000e+00
9.710880327711682858e-01,1.171843782892157126e-01,2.079804175724065396e-01,1.369674072265625042e-01,1.177217431623014676e-01,-9.929979088661894382e-01,9.835861640153879121e-03,-1.483635559082031319e-01,2.076767290657567377e-01,1.493232976950062754e-02,-9.780835351503486264e-01,1.636078613281249927e+00,0.000000000000000000e+00,0.000000000000000000e+00,0.000000000000000000e+00,1.000000000000000000e+00
9.711058843826512188e-01,1.172075206977741535e-01,2.078840022927927189e-01,1.369689025878906286e-01,1.177197267791464386e-01,-9.929970130617509216e-01,9.949772735291113543e-03,-1.483710937500000160e-01,2.075943815338751330e-01,1.480976510015174184e-02,-9.781028798716657757e-01,1.636091552734375121e+00,0.000000000000000000e+00,0.000000000000000000e+00,0.000000000000000000e+00,1.000000000000000000e+00
9.710724217949316950e-01,1.172037273211555403e-01,2.080423945530209540e-01,1.369683532714843777e-01,1.176996287245684752e-01,-9.929985107540716394e-01,1.003768092214746104e-02,-1.483727569580078065e-01,2.077622415825969016e-01,1.473919747558623435e-02,-9.780683038675522800e-01,1.636090698242187447e+00,0.000000000000000000e+00,0.000000000000000000e+00,0.000000000000000000e+00,1.000000000000000000e+00
9.711337634426729926e-01,1.172081379441666099e-01,2.077533775930774373e-01,1.369691162109374916e-01,1.177175801106913750e-01,-9.929972318003027487e-01,9.953339631452961384e-03,-1.483769378662109506e-01,2.074651412516174132e-01,1.479020069496379125e-02,-9.781305971744514993e-01,1.636090332031250094e+00,0.000000000000000000e+00,0.000000000000000000e+00,0.000000000000000000e+00,1.000000000000000000e+00
9.711386966279857980e-01,1.172435024486435939e-01,2.077103585410985109e-01,1.369671936035156412e-01,1.177358192549345650e-01,-9.929942504391275904e-01,1.003471271160115592e-02,-1.483777770996093648e-01,2.074316966523346017e-01,1.470985140679179938e-02,-9.781389019436472765e-01,1.636086303710937440e+00,0.000000000000000000e+00,0.000000000000000000e+00,0.000000000000000000e+00,1.000000000000000000e+00
9.712039076601859389e-01,1.172541663408680629e-01,2.073992049678430316e-01,1.369660644531250082e-01,1.177475235735539610e-01,-9.929931285608524227e-01,1.000836266459919494e-02,-1.483806762695312476e-01,2.071195076227265730e-01,1.470058184694839759e-02,-9.782051944533318721e-01,1.636077758789062475e+00,0.000000000000000000e+00,0.000000000000000000e+00,0.000000000000000000e+00,1.000000000000000000e+00
9.711718991039403059e-01,1.172020887926633059e-01,2.075784496846502791e-01,1.369688568115234317e-01,1.177592167429290793e-01,-9.929946562889081507e-01,9.714908839782845223e-03,-1.483739776611328054e-01,2.072628989060465443e-01,1.500942918002236628e-02,-9.781701323250225899e-01,1.636080810546874931e+00,0.000000000000000000e+00,0.000000000000000000e+00,0.000000000000000000e+00,1.000000000000000000e+00
9.711001266692180778e-01,1.173170563693448493e-01,2.078491093747111274e-01,1.369708709716797035e-01,1.177065728424597640e-01,-9.929925155086010147e-01,1.053692809046175190e-02,-1.483749694824218757e-01,2.076287713509651911e-01,1.423279412950297605e-02,-9.781041462331889758e-01,1.636072021484375139e+00,0.000000000000000000e+00,0.000000000000000000e+00,0.000000000000000000e+00,1.000000000000000000e+00
9.711055034851043821e-01,1.172217234183490497e-01,2.078777733664041727e-01,1.369717712402343801e-01,1.177201405219646946e-01,-9.929963002698256602e-01,1.001579582095964843e-02,-1.483824920654296942e-01,2.075959287087078553e-01,1.474500624856920836e-02,-9.781035298854097171e-01,1.636088134765625091e+00,0.000000000000000000e+00,0.000000000000000000e+00,0.000000000000000000e+00,1.000000000000000000e+00
9.711002020499922560e-01,1.171835570080908689e-01,2.079240523494006454e-01,1.369656524658203200e-01,1.176839480085211526e-01,-9.930006909666321269e-01,1.000580436144172386e-02,-1.483828430175781199e-01,2.076412433973378047e-01,1.475268472933914318e-02,-9.780937952638718569e-01,1.636072875976562591e+00,0.000000000000000000e+00,0.000000000000000000e+00,0.000000000000000000e+00,1.000000000000000000e+00
9.711669831948043230e-01,1.172938426878009088e-01,2.075496211025986970e-01,1.369636688232421795e-01,1.177083563029057700e-01,-9.929937944322914101e-01,1.039553151255815516e-02,-1.483658905029296982e-01,2.073148176295439293e-01,1.433452777352015386e-02,-9.781692530972024846e-01,1.636088500976562443e+00,0.000000000000000000e+00,0.000000000000000000e+00,0.000000000000000000e+00,1.000000000000000000e+00
9.711487020326338149e-01,1.172072519836009075e-01,2.076840355510826686e-01,1.369700164794921959e-01,1.177521087869276284e-01,-9.929948488648471239e-01,9.781155561135681034e-03,-1.483757019042968861e-01,2.073755998582336724e-01,1.495627661994303366e-02,-9.781470596863773848e-01,1.636073974609375092e+00,0.000000000000000000e+00,0.000000000000000000e+00,0.000000000000000000e+00,1.000000000000000000e+00
9.711407246772125745e-01,1.173015543098073626e-01,2.076680963218040243e-01,1.369696807861328081e-01,1.177182404405209687e-01,-9.929926337279408877e-01,1.039448072947063602e-02,-1.483754882812499953e-01,2.074321786536661161e-01,1.435181934637395733e-02,-9.781441184919750231e-01,1.636075805664062521e+00,0.000000000000000000e+00,0.000000000000000000e+00,0.000000000000000000e+00,1.000000000000000000e+00
9.712267663706759535e-01,1.172119503201272950e-01,2.073160075520276147e-01,1.369681854248046837e-01,1.177786306576308062e-01,-9.929929733526783320e-01,9.651374649256454913e-03,-1.483739166259765707e-01,2.069945952086038043e-01,1.504372209125559579e-02,-9.782264175435393394e-01,1.636078979492187502e+00,0.000000000000000000e+00,0.000000000000000000e+00,0.000000000000000000e+00,1.000000000000000000e+00
9.711903921156387343e-01,1.172270486721177091e-01,2.074778092276302888e-01,1.369675140380859357e-01,1.177181598700992177e-01,-9.929964745398046633e-01,1.002179566328762969e-02,-1.483824920654296942e-01,2.071995586362812836e-01,1.469083425622500980e-02,-9.781883879344440702e-01,1.636079956054687479e+00,0.000000000000000000e+00,0.000000000000000000e+00,0.000000000000000000e+00,1.000000000000000000e+00
9.712304220743733785e-01,1.172817781580426932e-01,2.072593827775294217e-01,1.369684906005859404e-01,1.177409079274978343e-01,-9.929923434237678537e-01,1.016289831606110791e-02,-1.483755340576171922e-01,2.069989029865696439e-01,1.453239188371215421e-02,-9.782332358637665370e-01,1.636083984375000133e+00,0.000000000000000000e+00,0.000000000000000000e+00,0.000000000000000000e+00,1.000000000000000000e+00
9.711062212467991284e-01,1.172142474034727905e-01,2.078786358946026480e-01,1.369702606201171902e-01,1.176719869362444076e-01,-9.930000637460185686e-01,1.020670813140617250e-02,-1.483805389404296848e-01,2.076198703068654616e-01,1.454969436245516154e-02,-9.781013729914298516e-01,1.636066284179687580e+00,0.000000000000000000e+00,0.000000000000000000e+00,0.000000000000000000e+00,1.000000000000000000e+00
9.711432291706364461e-01,1.172083711526159810e-01,2.077089939501400584e-01,1.369705810546875124e-01,1.177563543079201136e-01,-9.929944712646999738e-01,9.768370275870469008e-03,-1.483771667480468792e-01,2.073988173932924950e-01,1.497256723109101871e-02,-9.781418878538911121e-01,1.636078491210937624e+00,0.000000000000000000e+00,0.000000000000000000e+00,0.000000000000000000e+00,1.000000000000000000e+00
9.712199605967489768e-01,1.172449520596513528e-01,2.073292293792166618e-01,1.369710845947265665e-01,1.177450479029416019e-01,-9.929938033046262769e-01,9.970471049422379231e-03,-1.483840637207031188e-01,2.070456274176872835e-01,1.472846954518480279e-02,-9.782204150149765853e-01,1.636069458007812560e+00,0.000000000000000000e+00,0.000000000000000000e+00,0.000000000000000000e+00,1.000000000000000000e+00
9.711529691449587443e-01,1.172266760668577990e-01,2.076531168541602412e-01,1.369677581787109300e-01,1.177327843893170023e-01,-9.929953251143721626e-01,9.963723246934483996e-03,-1.483757781982421864e-01,2.073665884390976932e-01,1.477128021936142260e-02,-9.781517813099414038e-01,1.636081054687499980e+00,0.000000000000000000e+00,0.000000000000000000e+00,0.000000000000000000e+00,1.000000000000000000e+00
9.711341415704480839e-01,1.173391724097614247e-01,2.076776292584765204e-01,1.369654846191406261e-01,1.177015299703645795e-01,-9.929918501201345782e-01,1.065530091679699025e-02,-1.483595581054687473e-01,2.074724774972919461e-01,1.409624819533238267e-02,-9.781392880709532944e-01,1.636084228515624961e+00,0.000000000000000000e+00,0.000000000000000000e+00,0.000000000000000000e+00,1.000000000000000000e+00
9.712329965693735634e-01,1.173216075277519893e-01,2.072247735720297857e-01,1.369690246582031257e-01,1.177291955960740738e-01,-9.929911909112512092e-01,1.040823121169078339e-02,-1.483780670166015558e-01,2.069934851128803488e-01,1.428758831149633604e-02,-9.782379883960061751e-01,1.636077148437500073e+00,0.000000000000000000e+00,0.000000000000000000e+00,0.000000000000000000e+00,1.000000000000000000e+00
9.711484539835055774e-01,1.173100790040219749e-01,2.076271313906674632e-01,1.369712371826171948e-01,1.176874694287087658e-01,-9.929943450996168153e-01,1.057781355717482552e-02,-1.483654022216796819e-01,2.074134515042698745e-01,1.416248439553357413e-02,-9.781508493943213978e-01,1.636081787109375130e+00,0.000000000000000000e+00,0.000000000000000000e+00,0.000000000000000000e+00,1.000000000000000000e+00
