T00,T01,T02,T03,T10,T11,T12,T13,T20,T21,T22,T23,T30,T31,T32,T33
8.427580818251811934e-01,5.328615449434835893e-01,-7.627181287202415561e-02,1.318180205063136101e-01,-5.327995682621861073e-01,8.459325676935325333e-01,2.286287328957291656e-02,-1.660782614544692726e-01,7.670355648840095075e-02,2.136971773025608465e-02,9.968249091922611882e-01,6.877104352184026936e-02,0.000000000000000000e+00,0.000000000000000000e+00,0.000000000000000000e+00,1.000000000000000000e+00
8.427324863902205809e-01,5.329154488895696540e-01,-7.617795427409360109e-02,1.317864548038789052e-01,-5.328711835141467512e-01,8.458942912748880216e-01,2.260862155877833846e-02,-1.660766543862338407e-01,7.648698034822595804e-02,2.154001679163798644e-02,9.968378852721372363e-01,6.884075250504717580e-02,0.000000000000000000e+00,0.000000000000000000e+00,0.000000000000000000e+00,1.000000000000000000e+00
8.426540084266751496e-01,5.327670129950385913e-01,-7.806107830924174928e-02,1.317534857193931042e-01,-5.327156787030862262e-01,8.459755676978593097e-01,2.322379215793483540e-02,-1.660529443638829872e-01,7.841063541616838384e-02,2.201473875905071362e-02,9.966780440699011256e-01,6.898222738695602985e-02,0.000000000000000000e+00,0.000000000000000000e+00,0.000000000000000000e+00,1.000000000000000000e+00
8.427649718968837078e-01,5.329762237283743875e-01,-7.538930351108823202e-02,1.318262640733490476e-01,-5.327996724768417902e-01,8.458975870725858881e-01,2.412014082354223266e-02,-1.660111855115232737e-01,7.662709150304049255e-02,1.983978641566357809e-02,9.968624136372912226e-01,6.891602679169706036e-02,0.000000000000000000e+00,0.000000000000000000e+00,0.000000000000000000e+00,1.000000000000000000e+00
8.427446867554371224e-01,5.329125059785271290e-01,-7.606348609659235871e-02,1.317936912757041723e-01,-5.327790572761235133e-01,8.459214527714510323e-01,2.373545594680894627e-02,-1.660054406405183924e-01,7.699265597084736790e-02,2.052210302878702125e-02,9.968204322814769869e-01,6.901377518791496080e-02,0.000000000000000000e+00,0.000000000000000000e+00,0.000000000000000000e+00,1.000000000000000000e+00
8.427092523388917122e-01,5.330240454615026158e-01,-7.567352894031129096e-02,1.317977817362306903e-01,-5.329621281701181212e-01,8.458344730341514905e-01,2.270273471231960480e-02,-1.660662653823967161e-01,7.610838297326269486e-02,2.119932043470426977e-02,9.968741660080784328e-01,6.884218998966407099e-02,0.000000000000000000e+00,0.000000000000000000e+00,0.000000000000000000e+00,1.000000000000000000e+00
8.427404475448895260e-01,5.329852919533484279e-01,-7.559905180122018786e-02,1.318245691995230673e-01,-5.328203096439643183e-01,8.458872976215868755e-01,2.402493191164563682e-02,-1.660183891018423008e-01,7.675321297997626802e-02,2.003392831806049754e-02,9.968488280644149935e-01,6.894864114464738236e-02,0.000000000000000000e+00,0.000000000000000000e+00,0.000000000000000000e+00,1.000000000000000000e+00
8.427491345094080266e-01,5.328942452393196083e-01,-7.614210185212645643e-02,1.318392303476947081e-01,-5.327709161064896337e-01,8.459296818439936416e-01,2.362465505296580670e-02,-1.660633328609686932e-01,7.700030671819178829e-02,2.065663975906080474e-02,9.968170624538731373e-01,6.884669267740339826e-02,0.000000000000000000e+00,0.000000000000000000e+00,0.000000000000000000e+00,1.000000000000000000e+00
8.427932400467553764e-01,5.329005020087869138e-01,-7.560826337296136512e-02,1.318573707645984971e-01,-5.327789573801713363e-01,8.459292544669019254e-01,2.345802655742866560e-02,-1.660471794629757025e-01,7.646003599521555838e-02,2.051222552173360969e-02,9.968616310701078342e-01,6.881445763318305708e-02,0.000000000000000000e+00,0.000000000000000000e+00,0.000000000000000000e+00,1.000000000000000000e+00
8.428151361071706260e-01,5.328463261556816155e-01,-7.574588471358942310e-02,1.318649271207280593e-01,-5.326357712543460243e-01,8.459856378553513023e-01,2.464621112386847918e-02,-1.659491875345406875e-01,7.721257364535447087e-02,1.957276794087621508e-02,9.968225144057457632e-01,6.906011290764313415e-02,0.000000000000000000e+00,0.000000000000000000e+00,0.000000000000000000e+00,1.000000000000000000e+00
8.427518968342923023e-01,5.330061106328485288e-01,-7.532414228018814717e-02,1.318365042623176331e-01,-5.328373291752384056e-01,8.458771866578661536e-01,2.400345244276818474e-02,-1.660134220374399061e-01,7.650896038766279161e-02,1.990655971827649112e-02,9.968701559684600699e-01,6.892627988550481533e-02,0.000000000000000000e+00,0.000000000000000000e+00,0.000000000000000000e+00,1.000000000000000000e+00
8.427463806501815924e-01,5.328625537049944683e-01,-7.639395761453329770e-02,1.317939536053678584e-01,-5.327309690645596341e-01,8.459499968117571989e-01,2.379742619954920702e-02,-1.660233358772160717e-01,7.730622549674989741e-02,2.064223227220731566e-02,9.967936826376186943e-01,6.896143701249402014e-02,0.000000000000000000e+00,0.000000000000000000e+00,0.000000000000000000e+00,1.000000000000000000e+00
8.427708299023360938e-01,5.331528349375513898e-01,-7.406337059424168701e-02,1.318090881616190424e-01,-5.330705385692482423e-01,8.457707313058651089e-01,2.253155511352237725e-02,-1.660993968135454357e-01,7.465339359479523929e-02,2.049206344891276246e-02,9.969989699896316671e-01,6.876263088321188377e-02,0.000000000000000000e+00,0.000000000000000000e+00,0.000000000000000000e+00,1.000000000000000000e+00
8.428380830693363857e-01,5.329709593320827166e-01,-7.460510864978196766e-02,1.318715818730405442e-01,-5.328536285767503378e-01,8.458910926776485040e-01,2.313589940340768369e-02,-1.660354179905393357e-01,7.543855937514350185e-02,2.025378575114587798e-02,9.969447366439875280e-01,6.877526072982598215e-02,0.000000000000000000e+00,0.000000000000000000e+00,0.000000000000000000e+00,1.000000000000000000e+00
8.427253583089145961e-01,5.328021519944347029e-01,-7.704438521534946738e-02,1.317605909235762818e-01,-5.326392436467931590e-01,8.459914852578210853e-01,2.436889407910003066e-02,-1.659534913345260265e-01,7.816269308617813938e-02,2.050057807393434670e-02,9.967298127918873263e-01,6.917574197674736247e-02,0.000000000000000000e+00,0.000000000000000000e+00,0.000000000000000000e+00,1.000000000000000000e+00
8.427090347343569876e-01,5.329973049137894936e-01,-7.586406087025569789e-02,1.318080319160567782e-01,-5.328022741362734571e-01,8.458855128653326449e-01,2.448337803018700923e-02,-1.660348450713430846e-01,7.722188454255819734e-02,1.978818029002965898e-02,9.968175402090924120e-01,6.892227066276590541e-02,0.000000000000000000e+00,0.000000000000000000e+00,0.000000000000000000e+00,1.000000000000000000e+00
8.427065569799082612e-01,5.329258237863383485e-01,-7.639191818983105675e-02,1.318003339267633800e-01,-5.328219378044201093e-01,8.459026170011767487e-01,2.344237925006400353e-02,-1.660394596616922569e-01,7.711317278786998519e-02,2.094824317726382695e-02,9.968022520492091365e-01,6.893102977454157454e-02,0.000000000000000000e+00,0.000000000000000000e+00,0.000000000000000000e+00,1.000000000000000000e+00
8.427391796528452828e-01,5.328002060167309484e-01,-7.690653773625684420e-02,1.317969798125455116e-01,-5.326255484727653311e-01,8.459968269904019067e-01,2.448252103558342524e-02,-1.659809025287428685e-01,7.810697915125870694e-02,2.033000714955412319e-02,9.967376739228651639e-01,6.913263767433774909e-02,0.000000000000000000e+00,0.000000000000000000e+00,0.000000000000000000e+00,1.000000000000000000e+00
8.427517105361224115e-01,5.329008633115550619e-01,-7.606723519518136800e-02,1.318280577973027778e-01,-5.328396236088539517e-01,8.459090893020899671e-01,2.279798562337705808e-02,-1.660640078845965761e-01,7.649503187014582151e-02,2.131859558948766276e-02,9.968420273951521526e-01,6.886230657062997196e-02,0.000000000000000000e+00,0.000000000000000000e+00,0.000000000000000000e+00,1.000000000000000000e+00
8.427035266072231412e-01,5.328836357107276100e-01,-7.671894834697630394e-02,1.318028638917078665e-01,-5.326662024424124731e-01,8.459565757686964282e-01,2.498376851639993318e-02,-1.659801685933630644e-01,7.821434024095795523e-02,1.981168103465071745e-02,9.967396923345900328e-01,6.910153645114713861e-02,0.000000000000000000e+00,0.000000000000000000e+00,0.000000000000000000e+00,1.000000000000000000e+00
8.427077100532690546e-01,5.329610528988391049e-01,-7.613298568778718856e-02,1.317945809913364796e-01,-5.328396257492673538e-01,8.458870691404393183e-01,2.360083668810918078e-02,-1.660679093196117950e-01,7.697823489894152493e-02,2.067806456027718870e-02,9.968183229645635191e-01,6.890939519277061720e-02,0.000000000000000000e+00,0.000000000000000000e+00,0.000000000000000000e+00,1.000000000000000000e+00
8.428069724377619254e-01,5.329302382672947980e-01,-7.524472307516835712e-02,1.318674109407692030e-01,-5.328189525908623159e-01,8.459104343342899179e-01,2.322715747460283101e-02,-1.660709586629803836e-01,7.602875094509106702e-02,2.051580426739554527e-02,9.968945434723734955e-01,6.876574367395638099e-02,0.000000000000000000e+00,0.000000000000000000e+00,0.000000000000000000e+00,1.000000000000000000e+00
8.427202433883734800e-01,5.328749337892286775e-01,-7.659566777935733484e-02,1.318012956250340928e-01,-5.327299755046246421e-01,8.459442182565460877e-01,2.402400460296334056e-02,-1.660296512544657266e-01,7.759745216360278142e-02,2.055929321368472895e-02,9.967727679267081031e-01,6.895828095677702940e-02,0.000000000000000000e+00,0.000000000000000000e+00,0.000000000000000000e+00,1.000000000000000000e+00
8.427270438337334246e-01,5.328035478481372156e-01,-7.701629043062588331e-02,1.318083045937747111e-01,-5.326538318247713288e-01,8.459873435619952309e-01,2.419318034708879336e-02,-1.659996932821323767e-01,7.804501927506304892e-02,2.063477485596383262e-02,9.967362645318964542e-01,6.898878150152776279e-02,0.000000000000000000e+00,0.000000000000000000e+00,0.000000000000000000e+00,1.000000000000000000e+00
8.427628381501315324e-01,5.329361236997184337e-01,-7.569601501435861690e-02,1.318507510223401180e-01,-5.328052683583320848e-01,8.459086058373258554e-01,2.360458811243884222e-02,-1.660487608686406769e-01,7.661164821840897587e-02,2.043816592237786625e-02,9.968515118767632410e-01,6.881779385144826122e-02,0.000000000000000000e+00,0.000000000000000000e+00,0.000000000000000000e+00,1.000000000000000000e+00
8.427795923499866726e-01,5.329585414891104822e-01,-7.535085780660003008e-02,1.318497412947674807e-01,-5.328556311370913345e-01,8.458895120114187094e-01,2.314756649360427687e-02,-1.660643614771781795e-01,7.607519361712022921e-02,2.064283223988306465e-02,9.968883781011962375e-01,6.877840680254565520e-02,0.000000000000000000e+00,0.000000000000000000e+00,0.000000000000000000e+00,1.000000000000000000e+00
8.427254911543716753e-01,5.328884394585580164e-01,-7.644382022142606758e-02,1.317934282671581192e-01,-5.327556446564685189e-01,8.459336061205182666e-01,2.382765457627571831e-02,-1.660315881948626338e-01,7.736387816864870315e-02,2.064570481622036296e-02,9.967891377956261678e-01,6.896349896805187285e-02,0.000000000000000000e+00,0.000000000000000000e+00,0.000000000000000000e+00,1.000000000000000000e+00
8.427431900621238370e-01,5.328630409144425872e-01,-7.642574979238375699e-02,1.317918002624129947e-01,-5.327171327731741179e-01,8.459532575458650339e-01,2.399046680387567979e-02,-1.660003160852183413e-01,7.743624509132243650e-02,2.049550377406100451e-02,9.967866182243840800e-01,6.904008603680433787e-02,0.000000000000000000e+00,0.000000000000000000e+00,0.000000000000000000e+00,1.000000000000000000e+00
8.427547333861039602e-01,5.329083741089600812e-01,-7.598107764345776727e-02,1.318107705646518746e-01,-5.328740675624817902e-01,8.458974300545996083e-01,2.242244291862938860e-02,-1.661128458277130737e-01,7.622130591069767314e-02,2.159172599789543900e-02,9.968571160872050640e-01,6.874635107883997343e-02,0.000000000000000000e+00,0.000000000000000000e+00,0.000000000000000000e+00,1.000000000000000000e+00
8.427392611439324943e-01,5.329326125022570970e-01,-7.598268393586822544e-02,1.318257629999469438e-01,-5.328137220032982402e-01,8.459054700778985136e-01,2.352601405426592296e-02,-1.660524185159988897e-01,7.681194810425574782e-02,2.065832093391633401e-02,9.968315596953281066e-01,6.887091039134118908e-02,0.000000000000000000e+00,0.000000000000000000e+00,0.000000000000000000e+00,1.000000000000000000e+00
8.427364088790315622e-01,5.328635720160201927e-01,-7.649678926596720219e-02,1.317958837987805443e-01,-5.327308668863428576e-01,8.459488773867152034e-01,2.383946968122840904e-02,-1.660164919588077159e-01,7.741555797254004445e-02,2.066181179094161297e-02,9.967847916763760141e-01,6.895170451081500396e-02,0.000000000000000000e+00,0.000000000000000000e+00,0.000000000000000000e+00,1.000000000000000000e+00
8.427316771472630474e-01,5.328837129313843679e-01,-7.640856512867819084e-02,1.318312500828486833e-01,-5.327406743716451842e-01,8.459395800648790154e-01,2.394996345928561421e-02,-1.660372541959543313e-01,7.739957495106908336e-02,2.052255764076235667e-02,9.967889096620585754e-01,6.890287365405289854e-02,0.000000000000000000e+00,0.000000000000000000e+00,0.000000000000000000e+00,1.000000000000000000e+00
8.427063986257610217e-01,5.329372382579796730e-01,-7.631399473987408866e-02,1.317914845424263404e-01,-5.328317574044686422e-01,8.458964331572816908e-01,2.344232652818773951e-02,-1.660482819686882050e-01,7.704702470871720166e-02,2.090752136782425899e-02,9.968082220436329521e-01,6.893628365466186736e-02,0.000000000000000000e+00,0.000000000000000000e+00,0.000000000000000000e+00,1.000000000000000000e+00
8.427486483375182802e-01,5.329995945961770731e-01,-7.540655068094059832e-02,1.318245768433812526e-01,-5.328884763985349826e-01,8.458654020448422850e-01,2.327215815444879862e-02,-1.660775878579475728e-01,7.618784317024790420e-02,2.057070207427666789e-02,9.968812661341557302e-01,6.879204896515700440e-02,0.000000000000000000e+00,0.000000000000000000e+00,0.000000000000000000e+00,1.000000000000000000e+00
8.426982003840290947e-01,5.329233712434690018e-01,-7.650113366489497135e-02,1.317969566201253606e-01,-5.328918178110230164e-01,8.458832486575099674e-01,2.253530897681066056e-02,-1.661002793630683982e-01,7.672062030237891683e-02,2.177636386343353644e-02,9.968147954345909501e-01,6.878903970792960010e-02,0.000000000000000000e+00,0.000000000000000000e+00,0.000000000000000000e+00,1.000000000000000000e+00
8.427285912460558137e-01,5.329439240016214940e-01,-7.602167694935528519e-02,1.318014431242049977e-01,-5.327407291840927650e-01,8.459201219949167294e-01,2.462646285008112529e-02,-1.659961925137808936e-01,7.743278998485915443e-02,1.974641926677487419e-02,9.968020074023233867e-01,6.906243292472491468e-02,0.000000000000000000e+00,0.000000000000000000e+00,0.000000000000000000e+00,1.000000000000000000e+00
8.427604792828408131e-01,5.328609881524907221e-01,-7.624920894086399670e-02,1.318399860125544498e-01,-5.327688178084694082e-01,8.459414248465598751e-01,2.324849456498080322e-02,-1.660397912138331655e-01,7.689058024181101569e-02,2.103028848406733944e-02,9.968177193631514443e-01,6.887591379742064035e-02,0.000000000000000000e+00,0.000000000000000000e+00,0.000000000000000000e+00,1.000000000000000000e+00
8.427955980311477857e-01,5.328904801442331252e-01,-7.565260148183122757e-02,1.318328694864067119e-01,-5.327652941242067008e-01,8.459362244659891505e-01,2.351691971699017628e-02,-1.660151397212450419e-01,7.652921870807066762e-02,2.048512406299797181e-02,9.968568795850566433e-01,6.893888282530680200e-02,0.000000000000000000e+00,0.000000000000000000e+00,0.000000000000000000e+00,1.000000000000000000e+00
8.427056191317143785e-01,5.329659267501201114e-01,-7.612201000512240634e-02,1.317949185471111728e-01,-5.327733754329160298e-01,8.459027606499400775e-01,2.451632016897529326e-02,-1.660144068796594596e-01,7.745818170891595467e-02,1.989573944833959718e-02,9.967970654241277151e-01,6.901321140768335027e-02,0.000000000000000000e+00,0.000000000000000000e+00,0.000000000000000000e+00,1.000000000000000000e+00
8.427467532020934682e-01,5.329214647531903548e-01,-7.597777551787049388e-02,1.318323604164179375e-01,-5.327390357872412441e-01,8.459292949080171597e-01,2.434641174599145794e-02,-1.660117848818065123e-01,7.724655148166983953e-02,1.995846741959418288e-02,9.968122340052065766e-01,6.893621877687916566e-02,0.000000000000000000e+00,0.000000000000000000e+00,0.000000000000000000e+00,1.000000000000000000e+00
8.427341986724578016e-01,5.328259051259914836e-01,-7.678297477018186656e-02,1.318117762924748693e-01,-5.327662923928170313e-01,8.459505258189827792e-01,2.297358388667053788e-02,-1.660530049856626389e-01,7.719551850918415781e-02,2.154675597983322574e-02,9.967831204574262305e-01,6.891007751877387122e-02,0.000000000000000000e+00,0.000000000000000000e+00,0.000000000000000000e+00,1.000000000000000000e+00
8.427170764050095908e-01,5.328876024412996237e-01,-7.654235624643856983e-02,1.318442302753430606e-01,-5.328166768538860065e-01,8.459165592257272825e-01,2.305566511919324851e-02,-1.661021785398306694e-01,7.703452473907354547e-02,2.135364118997418181e-02,9.967997311426979312e-01,6.876690081313108216e-02,0.000000000000000000e+00,0.000000000000000000e+00,0.000000000000000000e+00,1.000000000000000000e+00
8.427070403662366704e-01,5.329876048910221487e-01,-7.595430961907136125e-02,1.317987591646806178e-01,-5.328117553050798483e-01,8.458860171118114391e-01,2.425859566083879079e-02,-1.660306213453698887e-01,7.717821924544383816e-02,2.002645967833624127e-02,9.968161632853143050e-01,6.896342782270559191e-02,0.000000000000000000e+00,0.000000000000000000e+00,0.000000000000000000e+00,1.000000000000000000e+00
8.427273297743544944e-01,5.329393360487283404e-01,-7.606781016518913974e-02,1.318299837722818058e-01,-5.327790344572310710e-01,8.459115829604857417e-01,2.408514596397878446e-02,-1.660488435068009916e-01,7.718256340785241421e-02,2.023012370763600451e-02,9.968117144178065825e-01,6.890710591176585353e-02,0.000000000000000000e+00,0.000000000000000000e+00,0.000000000000000000e+00,1.000000000000000000e+00
8.427144639839876383e-01,5.329829775556550464e-01,-7.590439926702785556e-02,1.318239689078193888e-01,-5.328104416426172607e-01,8.458884503145039924e-01,2.420253914625504835e-02,-1.660409592792116973e-01,7.710619604661789195e-02,2.004682669239486389e-02,9.968213276564589220e-01,6.890650533911957254e-02,0.000000000000000000e+00,0.000000000000000000e+00,0.000000000000000000e+00,1.000000000000000000e+00
8.427837318601741901e-01,5.328910259060406496e-01,-7.578084072274482441e-02,1.318297780178702971e-01,-5.328125598625341741e-01,8.459222276332497570e-01,2.294255540985113556e-02,-1.660853468807596545e-01,7.633057948536653425e-02,2.104137126729747898e-02,9.968605235089913474e-01,6.879069137232463049e-02,0.000000000000000000e+00,0.000000000000000000e+00,0.000000000000000000e+00,1.000000000000000000e+00
8.427677345796371622e-01,5.329600728144241462e-01,-7.547255353537619949e-02,1.318440619312934714e-01,-5.327682712311032631e-01,8.459110947412977755e-01,2.433904194912086746e-02,-1.659811303827614104e-01,7.681480795346805335e-02,1.969722262713991326e-02,9.968507935994479485e-01,6.902182636228748613e-02,0.000000000000000000e+00,0.000000000000000000e+00,0.000000000000000000e+00,1.000000000000000000e+00
8.426742047451618589e-01,5.330153911980863857e-01,-7.612343530779668022e-02,1.317955131145849001e-01,-5.328418656603164383e-01,8.458666066301400166e-01,2.427405997450044275e-02,-1.660618394653917973e-01,7.732871948210910673e-02,2.010662910493024938e-02,9.968028855341934946e-01,6.889756480190878385e-02,0.000000000000000000e+00,0.000000000000000000e+00,0.000000000000000000e+00,1.000000000000000000e+00
8.427345225953453145e-01,5.328104964320445891e-01,-7.688627522408596204e-02,1.318257122385884661e-01,-5.326654127475711764e-01,8.459827185889752243e-01,2.409974919509711572e-02,-1.660004047925026649e-01,7.788505946877986863e-02,2.064496889426337828e-02,9.967485654722055832e-01,6.899413439781176827e-02,0.000000000000000000e+00,0.000000000000000000e+00,0.000000000000000000e+00,1.000000000000000000e+00
8.427656195683204121e-01,5.329196018471982210e-01,-7.578131986610633919e-02,1.318126823431055306e-01,-5.328221436338109740e-01,8.459093919027721453e-01,2.319189393199749122e-02,-1.660509936588664692e-01,7.646354508585001541e-02,2.083263443989565034e-02,9.968547174063020488e-01,6.888681322310508115e-02,0.000000000000000000e+00,0.000000000000000000e+00,0.000000000000000000e+00,1.000000000000000000e+00
8.427423541053136180e-01,5.327592916587382543e-01,-7.715479083189813458e-02,1.318259704489189721e-01,-5.326513191662067825e-01,8.460030366970899829e-01,2.369460043558922063e-02,-1.660259007194290759e-01,7.789670588371594429e-02,2.112815776593004319e-02,9.967375302264303016e-01,6.892402004081366051e-02,0.000000000000000000e+00,0.000000000000000000e+00,0.000000000000000000e+00,1.000000000000000000e+00
8.427852573539881265e-01,5.328539038938662209e-01,-7.602451638674501133e-02,1.318577247686767984e-01,-5.326949807848477825e-01,8.459654659255347875e-01,2.405177556904295952e-02,-1.660168492556667874e-01,7.713019793441985850e-02,2.022739643303824927e-02,9.968158230085124583e-01,6.890391021799668891e-02,0.000000000000000000e+00,0.000000000000000000e+00,0.000000000000000000e+00,1.000000000000000000e+00
8.427902621938719863e-01,5.329005082580017261e-01,-7.564140565555488305e-02,1.318210977630137337e-01,-5.327050928451139145e-01,8.459483639106660791e-01,2.442641303478752107e-02,-1.659695707265936848e-01,7.700557127937779356e-02,1.970821897663289218e-02,9.968358581515344152e-01,6.905191326228377058e-02,0.000000000000000000e+00,0.000000000000000000e+00,0.000000000000000000e+00,1.000000000000000000e+00
8.427424031981581853e-01,5.329460231838551998e-01,-7.585366322272785178e-02,1.318352874257588958e-01,-5.328105222328429758e-01,8.459024157475349970e-01,2.370760279846689106e-02,-1.660272830029834168e-01,7.679966959407080740e-02,2.043622775852844964e-02,9.968370836527117307e-01,6.883958820927982281e-02,0.000000000000000000e+00,0.000000000000000000e+00,0.000000000000000000e+00,1.000000000000000000e+00
8.427306804885877911e-01,5.328736803760957264e-01,-7.648948245135704649e-02,1.317997633168868366e-01,-5.328057355226466507e-01,8.459249206803540755e-01,2.300166876790553025e-02,-1.660351517115304931e-01,7.696134326669125392e-02,2.136982298409173184e-02,9.968050372606547249e-01,6.885320868852451426e-02,0.000000000000000000e+00,0.000000000000000000e+00,0.000000000000000000e+00,1.000000000000000000e+00
8.426804925009906411e-01,5.329324611856157690e-01,-7.663275652702443430e-02,1.317853536537320902e-01,-5.328229733301262927e-01,8.458981239737025648e-01,2.358056295795734475e-02,-1.660502767814606428e-01,7.739035243447005274e-02,2.096081278035068912e-02,9.967805062688855910e-01,6.892137913604412525e-02,0.000000000000000000e+00,0.000000000000000000e+00,0.000000000000000000e+00,1.000000000000000000e+00
8.427838135082352800e-01,5.328420586882659515e-01,-7.612347982959483117e-02,1.318373431061163337e-01,-5.326802355675713807e-01,8.459729599191385674e-01,2.411467854499098687e-02,-1.659686683610716307e-01,7.724772051130593398e-02,2.022601242217911613e-02,9.968067506278761591e-01,6.904518006371196392e-02,0.000000000000000000e+00,0.000000000000000000e+00,0.000000000000000000e+00,1.000000000000000000e+00
8.427760583742878175e-01,5.329319188569842103e-01,-7.557833879169492675e-02,1.318315977936221350e-01,-5.327384820080623973e-01,8.459285004631524885e-01,2.438610038337183858e-02,-1.659874320239373979e-01,7.693000207230396570e-02,1.971146792036078052e-02,9.968416287523210739e-01,6.901919666815792276e-02,0.000000000000000000e+00,0.000000000000000000e+00,0.000000000000000000e+00,1.000000000000000000e+00
8.427593430189721513e-01,5.329622027950799978e-01,-7.555117567613829632e-02,1.318387065971159955e-01,-5.328091417362337268e-01,8.458991058619448333e-01,2.385626090275805300e-02,-1.660298411389371509e-01,7.662315731245215866e-02,2.014927030386908652e-02,9.968565085656475588e-01,6.890037675273497086e-02,0.000000000000000000e+00,0.000000000000000000e+00,0.000000000000000000e+00,1.000000000000000000e+00
8.427740845164274353e-01,5.328939913252614957e-01,-7.586722926883557316e-02,1.318454915949896500e-01,-5.327457505604311638e-01,8.459385325194953564e-01,2.387392842759444161e-02,-1.659993244581744465e-01,7.690128560239328781e-02,2.029761582538949782e-02,9.968320816790079419e-01,6.893166851595133870e-02,0.000000000000000000e+00,0.000000000000000000e+00,0.000000000000000000e+00,1.000000000000000000e+00
8.427820341006579952e-01,5.329915430286189526e-01,-7.508966677998453465e-02,1.318182931588785523e-01,-5.328585377392245359e-01,8.458787072857060219e-01,2.347320427803414877e-02,-1.660275058256590885e-01,7.602776963434314250e-02,2.022937519140630136e-02,9.969004717742853128e-01,6.894496174565056812e-02,0.000000000000000000e+00,0.000000000000000000e+00,0.000000000000000000e+00,1.000000000000000000e+00
8.427713396303676552e-01,5.327804952556397522e-01,-7.669037079575755089e-02,1.318102459289215156e-01,-5.326860062832944331e-01,8.459895186197639028e-01,2.339557854497848269e-02,-1.660041521378046170e-01,7.734395779625999334e-02,2.113476426779807918e-02,9.967804341637906962e-01,6.899336352501550529e-02,0.000000000000000000e+00,0.000000000000000000e+00,0.000000000000000000e+00,1.000000000000000000e+00
8.427145013516443850e-01,5.328927852274312205e-01,-7.653462395674494323e-02,1.318236101659822912e-01,-5.328216246570482983e-01,8.459134115571236290e-01,2.305680909432254386e-02,-1.660658981490338859e-01,7.702847207022238407e-02,2.134899530046701147e-02,9.968002983999291189e-01,6.883506696207564168e-02,0.000000000000000000e+00,0.000000000000000000e+00,0.000000000000000000e+00,1.000000000000000000e+00
8.427584351747626767e-01,5.329279204079837573e-01,-7.580271493427805096e-02,1.318103773080581687e-01,-5.328203164985068074e-01,8.459067362651756516e-01,2.333032077854662462e-02,-1.660626509881551471e-01,7.655540652505664345e-02,2.072740193127491776e-02,9.968498605813028712e-01,6.885379272805858264e-02,0.000000000000000000e+00,0.000000000000000000e+00,0.000000000000000000e+00,1.000000000000000000e+00
8.426653222278932542e-01,5.329588491185683896e-01,-7.661605484995999416e-02,1.317795741382730978e-01,-5.328167687961207211e-01,8.458903325117096417e-01,2.399658835940285048e-02,-1.660444333532145600e-01,7.759797422756740948e-02,2.060122592081571960e-02,9.967718615040943586e-01,6.895125655121026043e-02,0.000000000000000000e+00,0.000000000000000000e+00,0.000000000000000000e+00,1.000000000000000000e+00
8.427406413381074435e-01,5.329175217569006584e-01,-7.607316505521978522e-02,1.318169431306255301e-01,-5.328095708196107783e-01,8.459113633218182660e-01,2.340783300617794993e-02,-1.660331293347717396e-01,7.682559911941840014e-02,2.080577822399933691e-02,9.968274408905667405e-01,6.890900792125376206e-02,0.000000000000000000e+00,0.000000000000000000e+00,0.000000000000000000e+00,1.000000000000000000e+00
8.427239180966740184e-01,5.329564775278473610e-01,-7.598546524763462318e-02,1.318308824007676239e-01,-5.328265589895054832e-01,8.458933403606012646e-01,2.367096890680537094e-02,-1.660625123827663696e-01,7.689119522541822127e-02,2.053898231882624395e-02,9.968279160929000016e-01,6.884645718161386263e-02,0.000000000000000000e+00,0.000000000000000000e+00,0.000000000000000000e+00,1.000000000000000000e+00
8.427547802781749642e-01,5.329155063055001085e-01,-7.593051729994891585e-02,1.318234218727039886e-01,-5.327790511994364708e-01,8.459213566681932361e-01,2.373901715893170922e-02,-1.660400480089785913e-01,7.688213655533752966e-02,2.044801877435386411e-02,9.968304848904303572e-01,6.889421169290210756e-02,0.000000000000000000e+00,0.000000000000000000e+00,0.000000000000000000e+00,1.000000000000000000e+00
8.427049456010714534e-01,5.328675986554490818e-01,-7.681469236201454720e-02,1.317859995038844489e-01,-5.326829405888028335e-01,8.459575866791479992e-01,2.458955765478909941e-02,-1.659853719165814145e-01,7.808495031157816624e-02,2.019613436198869696e-02,9.967421214595435508e-01,6.910855487561029520e-02,0.000000000000000000e+00,0.000000000000000000e+00,0.000000000000000000e+00,1.000000000000000000e+00
8.426885182127754614e-01,5.327857652607616012e-01,-7.755894279747216347e-02,1.317980710139433076e-01,-5.326068394526156657e-01,8.460020958412788339e-01,2.470644451270294362e-02,-1.659646146396785427e-01,7.877827010446827871e-02,2.048858627793206238e-02,9.966815950902672139e-01,6.911649495346372518e-02,0.000000000000000000e+00,0.000000000000000000e+00,0.000000000000000000e+00,1.000000000000000000e+00
8.427500416508592052e-01,5.328408892826158594e-01,-7.650460120794315422e-02,1.318157540963422747e-01,-5.327226677286537315e-01,8.459592509048349251e-01,2.365386007815801703e-02,-1.660267702545602519e-01,7.732351896765700394e-02,2.082144368294100087e-02,9.967886139485225838e-01,6.892416469503559462e-02,0.000000000000000000e+00,0.000000000000000000e+00,0.000000000000000000e+00,1.000000000000000000e+00
8.426992721550686793e-01,5.328332710840364417e-01,-7.711447292955793398e-02,1.317907213751076390e-01,-5.326823568328369340e-01,8.459681573139344879e-01,2.423599657287911491e-02,-1.660204628865677712e-01,7.815013389836207580e-02,2.065386251412095614e-02,9.967276330748116031e-01,6.904100533303969556e-02,0.000000000000000000e+00,0.000000000000000000e+00,0.000000000000000000e+00,1.000000000000000000e+00
8.427277329703934949e-01,5.329836784535776362e-01,-7.575200713298078925e-02,1.318113988388661395e-01,-5.327374091128685984e-01,8.459078570347667858e-01,2.511474344995916208e-02,-1.659470840165592487e-01,7.746496636731924068e-02,1.919103720340659125e-02,9.968103546195575815e-01,6.909468887163217055e-02,0.000000000000000000e+00,0.000000000000000000e+00,0.000000000000000000e+00,1.000000000000000000e+00
8.427433888910556004e-01,5.328995384272269265e-01,-7.616864462800773672e-02,1.318129679597850323e-01,-5.327796472182851906e-01,8.459252179414669115e-01,2.358756368601086506e-02,-1.660293520517045485e-01,7.700277910815159221e-02,2.070284025757249818e-02,9.968159130024414338e-01,6.890731597729771174e-02,0.000000000000000000e+00,0.000000000000000000e+00,0.000000000000000000e+00,1.000000000000000000e+00
8.427166750464146761e-01,5.328679423572534324e-01,-7.668351587311766915e-02,1.317588565260615907e-01,-5.328400130417186853e-01,8.459158224850542585e-01,2.253756355810320952e-02,-1.661094355745453832e-01,7.687734451980632322e-02,2.186726497258488153e-02,9.968007306489106156e-01,6.887206084435182341e-02,0.000000000000000000e+00,0.000000000000000000e+00,0.000000000000000000e+00,1.000000000000000000e+00
8.427358617633090576e-01,5.328991443449279108e-01,-7.625463431488420374e-02,1.318434530121812553e-01,-5.327731094115041310e-01,8.459264681583616996e-01,2.369017427369020032e-02,-1.660521522794135008e-01,7.713028708652912291e-02,2.066185919911675203e-02,9.968069052672065000e-01,6.885933225955320758e-02,0.000000000000000000e+00,0.000000000000000000e+00,0.000000000000000000e+00,1.000000000000000000e+00
8.427953048679972525e-01,5.328704333800665660e-01,-7.579693477839018201e-02,1.318576044640386025e-01,-5.327871787429300232e-01,8.459364221215848190e-01,2.300851788535884096e-02,-1.660747404146591388e-01,7.637994671121868528e-02,2.099216419218860596e-02,9.968577796169920680e-01,6.877388136929796225e-02,0.000000000000000000e+00,0.000000000000000000e+00,0.000000000000000000e+00,1.000000000000000000e+00
8.427394072293620253e-01,5.327798264190100053e-01,-7.704510408606936311e-02,1.317769677348694657e-01,-5.327170007011343689e-01,8.459785039170637511e-01,2.308610132166799903e-02,-1.660254920645661825e-01,7.747831094371736282e-02,2.158766942437810241e-02,9.967602940838546921e-01,6.901019591226198457e-02,0.000000000000000000e+00,0.000000000000000000e+00,0.000000000000000000e+00,1.000000000000000000e+00
8.428027870997716331e-01,5.328572827759264774e-01,-7.580618872831747235e-02,1.318429703330216141e-01,-5.328168653396806453e-01,8.459327226887092266e-01,2.245031612392066681e-02,-1.660755137875998544e-01,7.608975007485267728e-02,2.146962685105907251e-02,9.968698034630313343e-01,6.877388460493460975e-02,0.000000000000000000e+00,0.000000000000000000e+00,0.000000000000000000e+00,1.000000000000000000e+00
8.427268103515569431e-01,5.329379587097647919e-01,-7.608321287222549745e-02,1.318229889895851659e-01,-5.328467164435591874e-01,8.458938384972279900e-01,2.319462799320488877e-02,-1.660716188308270502e-01,7.671961867741949881e-02,2.099395528943719808e-02,9.968316577794351652e-01,6.885360663302275697e-02,0.000000000000000000e+00,0.000000000000000000e+00,0.000000000000000000e+00,1.000000000000000000e+00
8.427310319350961310e-01,5.328782087650250077e-01,-7.645405441823632797e-02,1.317808660859052239e-01,-5.328277052432801586e-01,8.459174624869608694e-01,2.276583371637497938e-02,-1.661194262451247128e-01,7.680523640213879344e-02,2.155136383155023538e-02,9.968131692439722302e-01,6.881977881036438482e-02,0.000000000000000000e+00,0.000000000000000000e+00,0.000000000000000000e+00,1.000000000000000000e+00
8.427514492142773594e-01,5.329541658448553321e-01,-7.569578558843072236e-02,1.318408843833338007e-01,-5.328056520235613380e-01,8.459019036376747014e-01,2.383498676118472534e-02,-1.660509360746420804e-01,7.673416461383318621e-02,2.024417276088798581e-02,9.968460470154076880e-01,6.882357538574068734e-02,0.000000000000000000e+00,0.000000000000000000e+00,0.000000000000000000e+00,1.000000000000000000e+00
8.427556970977410078e-01,5.329054786975736535e-01,-7.599069537391260620e-02,1.318388820337177414e-01,-5.327932359377861582e-01,8.459207454845619756e-01,2.344056521899083936e-02,-1.660443892138076527e-01,7.677371130955841505e-02,2.073265860793377033e-02,9.968329619945378584e-01,6.883777189434514554e-02,0.000000000000000000e+00,0.000000000000000000e+00,0.000000000000000000e+00,1.000000000000000000e+00
8.427340041160210626e-01,5.329791290979858376e-01,-7.571424075120157526e-02,1.318272728769404600e-01,-5.328281195454335206e-01,8.458866656737563661e-01,2.387349695817858955e-02,-1.660705469905924825e-01,7.676974227034737142e-02,2.022366883845546845e-02,9.968437239058373089e-01,6.882639667897993974e-02,0.000000000000000000e+00,0.000000000000000000e+00,0.000000000000000000e+00,1.000000000000000000e+00
8.427771250759605870e-01,5.328805053716093587e-01,-7.592815316861710462e-02,1.318429277801353716e-01,-5.327807597958448271e-01,8.459335899734861108e-01,2.325990855382731662e-02,-1.660643453074023002e-01,7.662492701504590442e-02,2.085014027454676691e-02,9.968419594953207286e-01,6.878999342852498700e-02,0.000000000000000000e+00,0.000000000000000000e+00,0.000000000000000000e+00,1.000000000000000000e+00
8.427485270445639332e-01,5.327879167377376213e-01,-7.688924464760661659e-02,1.317951752162441481e-01,-5.326793632364505982e-01,8.459871529832252435e-01,2.363118637196761490e-02,-1.660319514015671793e-01,7.763772373162124152e-02,2.104216637132747675e-02,9.967595553031702860e-01,6.897464022941979245e-02,0.000000000000000000e+00,0.000000000000000000e+00,0.000000000000000000e+00,1.000000000000000000e+00
8.427056700169575088e-01,5.329157784089227912e-01,-7.647173885876143440e-02,1.318263052603035612e-01,-5.327444754785736203e-01,8.459262952355264265e-01,2.433160241653906444e-02,-1.660156835452384905e-01,7.765614958475702823e-02,2.023551709022954406e-02,9.967748222541341629e-01,6.898383837483446079e-02,0.000000000000000000e+00,0.000000000000000000e+00,0.000000000000000000e+00,1.000000000000000000e+00
8.427742747328483830e-01,5.328637323008987847e-01,-7.607735962083624071e-02,1.318075121342713596e-01,-5.327119978071596096e-01,8.459569779205576845e-01,2.397329555614832394e-02,-1.660052617378443840e-01,7.713267297861982341e-02,2.032324545622029091e-02,9.968136819151811601e-01,6.900797001096714567e-02,0.000000000000000000e+00,0.000000000000000000e+00,0.000000000000000000e+00,1.000000000000000000e+00
8.427653336611964363e-01,5.328896194541017373e-01,-7.599503837090640368e-02,1.318351127012676316e-01,-5.327550046877924661e-01,8.459367222671083653e-01,2.373113777491350079e-02,-1.660166629094192992e-01,7.693307064613419399e-02,2.048695677850640579e-02,9.968257557080441034e-01,6.893958572383018790e-02,0.000000000000000000e+00,0.000000000000000000e+00,0.000000000000000000e+00,1.000000000000000000e+00
8.427554742526078835e-01,5.329456168204527167e-01,-7.571116251339311820e-02,1.318253971021017823e-01,-5.327859495143416613e-01,8.459101174654028998e-01,2.398343532044511228e-02,-1.660245674010695782e-01,7.682670510547461029e-02,2.012567220084431063e-02,9.968413187168261302e-01,6.894287840774748766e-02,0.000000000000000000e+00,0.000000000000000000e+00,0.000000000000000000e+00,1.000000000000000000e+00
8.427551383481111102e-01,5.328902294069500778e-01,-7.610374623147267426e-02,1.318106688849966235e-01,-5.327327877325781502e-01,8.459415584842367997e-01,2.405528016749586620e-02,-1.659914678724386250e-01,7.719814546044617698e-02,2.027024992122456251e-02,9.968096926222171916e-01,6.898735247572096441e-02,0.000000000000000000e+00,0.000000000000000000e+00,0.000000000000000000e+00,1.000000000000000000e+00
8.427543500538747789e-01,5.328195652960939777e-01,-7.660558924094591771e-02,1.318177958446449249e-01,-5.327084206320370496e-01,8.459700343171709935e-01,2.358897253220711143e-02,-1.660084798659153538e-01,7.737469904944220545e-02,2.092873324131196144e-02,9.967823955467522978e-01,6.901246065160537846e-02,0.000000000000000000e+00,0.000000000000000000e+00,0.000000000000000000e+00,1.000000000000000000e+00
8.427581024350976335e-01,5.328312154923267041e-01,-7.648317839213458758e-02,1.317832541032165350e-01,-5.327675426972919848e-01,8.459505825117352718e-01,2.294248016986970284e-02,-1.660660263870850084e-01,7.692545890849550316e-02,2.141279395654191453e-02,9.968068850217137733e-01,6.887529793927127386e-02,0.000000000000000000e+00,0.000000000000000000e+00,0.000000000000000000e+00,1.000000000000000000e+00
8.427835941176994305e-01,5.328991279324234442e-01,-7.572537840721096924e-02,1.318433404833248557e-01,-5.327206653448880447e-01,8.459442480222573169e-01,2.422853591443927673e-02,-1.659989223173507222e-01,7.697081395277305393e-02,1.992106139040195761e-02,9.968343117652638252e-01,6.891739967816867818e-02,0.000000000000000000e+00,0.000000000000000000e+00,0.000000000000000000e+00,1.000000000000000000e+00
8.427171712476092535e-01,5.329650811529675902e-01,-7.599994444760145573e-02,1.318349904949761286e-01,-5.327895442268562043e-01,8.458998134636476207e-01,2.426534864173919212e-02,-1.660094882708494368e-01,7.722092233952322637e-02,2.004314979680050027e-02,9.968125206372844271e-01,6.893179091027157313e-02,0.000000000000000000e+00,0.000000000000000000e+00,0.000000000000000000e+00,1.000000000000000000e+00
8.426999933172005797e-01,5.328240299053151885e-01,-7.717042450738689774e-02,1.317709279026412494e-01,-5.327660466107227988e-01,8.459482984477207923e-01,2.306113466825674904e-02,-1.660578073911965213e-01,7.756971601064197031e-02,2.168016394924472331e-02,9.967511774004396141e-01,6.894110763454008861e-02,0.000000000000000000e+00,0.000000000000000000e+00,0.000000000000000000e+00,1.000000000000000000e+00
8.427726581381477233e-01,5.329315389424317262e-01,-7.561892286466545543e-02,1.318208404992022020e-01,-5.328468320210114628e-01,8.458995861050950804e-01,2.298138012393642279e-02,-1.660597938419982600e-01,7.621351782940408159e-02,2.092522467454512383e-02,9.968719249093069834e-01,6.885146195808511393e-02,0.000000000000000000e+00,0.000000000000000000e+00,0.000000000000000000e+00,1.000000000000000000e+00
8.427544042276238212e-01,5.328409861032520345e-01,-7.645585447470140683e-02,1.317969648947141248e-01,-5.328258994118543201e-01,8.459308995059984237e-01,2.230412914509136840e-02,-1.661100747147678525e-01,7.656092391612864811e-02,2.194075635629716414e-02,9.968234688948802713e-01,6.875411694231314819e-02,0.000000000000000000e+00,0.000000000000000000e+00,0.000000000000000000e+00,1.000000000000000000e+00
8.428641766825923920e-01,5.329485216411319337e-01,-7.447048372145967376e-02,1.318910418945019591e-01,-5.327597631968165048e-01,8.459249755951150362e-01,2.404101459748822847e-02,-1.659680029639851173e-01,7.580906531311640273e-02,1.941156729727112548e-02,9.969333862758412712e-01,6.889423655126858392e-02,0.000000000000000000e+00,0.000000000000000000e+00,0.000000000000000000e+00,1.000000000000000000e+00
8.427641428986210048e-01,5.328622425907835192e-01,-7.619993350045578540e-02,1.318288980397924193e-01,-5.327717789379752267e-01,8.459405377794745329e-01,2.321288669336231403e-02,-1.660397117599164973e-01,7.682988358456654954e-02,2.103418556765894454e-02,9.968223171788879178e-01,6.893088669494962240e-02,0.000000000000000000e+00,0.000000000000000000e+00,0.000000000000000000e+00,1.000000000000000000e+00
8.427097529416081034e-01,5.329126731048089427e-01,-7.644838220251087835e-02,1.317817455514410929e-01,-5.327284070403287553e-01,8.459317949033916539e-01,2.449168642213721617e-02,-1.659953377045717826e-01,7.772204725409642689e-02,2.008684185763124144e-02,9.967726933232163855e-01,6.911381879243805315e-02,0.000000000000000000e+00,0.000000000000000000e+00,0.000000000000000000e+00,1.000000000000000000e+00
8.427845128459953150e-01,5.329836794705993253e-01,-7.511765654571297968e-02,1.318703013715184780e-01,-5.328631118710516201e-01,8.458801411315638452e-01,2.331717921071512281e-02,-1.660362587355089792e-01,7.596820989096234045e-02,2.037607070136418161e-02,9.969020246888535830e-01,6.881944876607914985e-02,0.000000000000000000e+00,0.000000000000000000e+00,0.000000000000000000e+00,1.000000000000000000e+00
8.427451134603973770e-01,5.329801476663947879e-01,-7.558330458593319479e-02,1.318059013805220336e-01,-5.327746544823376285e-01,8.459010988950792509e-01,2.454584342252614723e-02,-1.659935605663398484e-01,7.701844765929656556e-02,1.958297938530589519e-02,9.968373315835171722e-01,6.902171582691041252e-02,0.000000000000000000e+00,0.000000000000000000e+00,0.000000000000000000e+00,1.000000000000000000e+00
8.427425363339986486e-01,5.329668655019961232e-01,-7.570559906847192100e-02,1.318022296778685043e-01,-5.329209098447067472e-01,8.458658660392890383e-01,2.249978932998395950e-02,-1.661196187329329610e-01,7.602842431373300902e-02,2.138356720897731725e-02,9.968763322247099490e-01,6.873236358042844607e-02,0.000000000000000000e+00,0.000000000000000000e+00,0.000000000000000000e+00,1.000000000000000000e+00
8.427482465513975729e-01,5.330411426601636693e-01,-7.511679683061819879e-02,1.318241612388794670e-01,-5.328477371236065574e-01,8.458629570814466536e-01,2.427234804635085633e-02,-1.659886273018905123e-01,7.647667603130497982e-02,1.957033645542118408e-02,9.968792905634187296e-01,6.898520390145046477e-02,0.000000000000000000e+00,0.000000000000000000e+00,0.000000000000000000e+00,1.000000000000000000e+00
8.426658620575435688e-01,5.329387949518361589e-01,-7.674950005115267759e-02,1.317905048971151627e-01,-5.327658652005761164e-01,8.459100970679351850e-01,2.442622679822289630e-02,-1.660259867698541669e-01,7.794086091325121146e-02,2.030636633672644811e-02,9.967511593603992637e-01,6.902763630710806453e-02,0.000000000000000000e+00,0.000000000000000000e+00,0.000000000000000000e+00,1.000000000000000000e+00
8.427743515724376300e-01,5.329191571388969262e-01,-7.568727955228160553e-02,1.318436034609007934e-01,-5.328248532341919308e-01,8.459095171214062736e-01,2.312497825710339155e-02,-1.660617439979433785e-01,7.634833401993426638e-02,2.083892506338266837e-02,9.968634164691688726e-01,6.885876282446923291e-02,0.000000000000000000e+00,0.000000000000000000e+00,0.000000000000000000e+00,1.000000000000000000e+00
8.427648260172466710e-01,5.329324528475311018e-01,-7.569972741056785193e-02,1.318458566381348618e-01,-5.328014986420989141e-01,8.459109215641464896e-01,2.360669022184327601e-02,-1.660276009396376429e-01,7.661599749956687910e-02,2.043804003349413215e-02,9.968511801902708580e-01,6.891836288743968808e-02,0.000000000000000000e+00,0.000000000000000000e+00,0.000000000000000000e+00,1.000000000000000000e+00
8.427656612329764707e-01,5.329026690878458927e-01,-7.589983877185860206e-02,1.318164588127878067e-01,-5.328761017090989371e-01,8.458994458810322747e-01,2.229770583438763637e-02,-1.660872136981907943e-01,7.608613851325568556e-02,2.165346940360104305e-02,9.968661027384416728e-01,6.876975190877576694e-02,0.000000000000000000e+00,0.000000000000000000e+00,0.000000000000000000e+00,1.000000000000000000e+00
8.427526476844920955e-01,5.330005000986681729e-01,-7.535543587126436460e-02,1.318144408028211756e-01,-5.328227138187446865e-01,8.458828328819723019e-01,2.412858624946597613e-02,-1.660227916393688385e-01,7.660241810548010233e-02,1.981665789530037691e-02,9.968647699714612287e-01,6.892825931091417502e-02,0.000000000000000000e+00,0.000000000000000000e+00,0.000000000000000000e+00,1.000000000000000000e+00
8.427667689537173823e-01,5.329192302993770447e-01,-7.577114968397764827e-02,1.318415075996235974e-01,-5.327567149956384807e-01,8.459270705826050785e-01,2.403484725536720809e-02,-1.660019618901137917e-01,7.690549898653666061e-02,2.011181823337679711e-02,9.968355225376852591e-01,6.891590900709543277e-02,0.000000000000000000e+00,0.000000000000000000e+00,0.000000000000000000e+00,1.000000000000000000e+00
8.427523399411118721e-01,5.328364898368502800e-01,-7.650992499097754307e-02,1.318010135550320427e-01,-5.327515673385134765e-01,8.459529284613865885e-01,2.322520884645820974e-02,-1.660510685768110117e-01,7.709903385995302283e-02,2.118768335492171931e-02,9.967982850366033931e-01,6.889674507674126147e-02,0.000000000000000000e+00,0.000000000000000000e+00,0.000000000000000000e+00,1.000000000000000000e+00
8.427070734631953997e-01,5.328614441751499120e-01,-7.683403963524257363e-02,1.317941640162227368e-01,-5.326525960754301403e-01,8.459675345648900446e-01,2.490265761533007674e-02,-1.659795970795350795e-01,7.826876918159128560e-02,1.994020495820367569e-02,9.967328568864495253e-01,6.910773232217271023e-02,0.000000000000000000e+00,0.000000000000000000e+00,0.000000000000000000e+00,1.000000000000000000e+00
8.427773588650115943e-01,5.328628622707256568e-01,-7.604928268672619951e-02,1.318220303834551077e-01,-5.327312762277129909e-01,8.459523952479022224e-01,2.370511132919779496e-02,-1.660158310670541426e-01,7.696564631904337372e-02,2.053570030427937648e-02,9.968222380643928515e-01,6.891204638983050579e-02,0.000000000000000000e+00,0.000000000000000000e+00,0.000000000000000000e+00,1.000000000000000000e+00
8.427241727010528205e-01,5.329810455357123500e-01,-7.581011703582325734e-02,1.318049846145097348e-01,-5.328013040051119420e-01,8.458922420233009332e-01,2.427108022412428207e-02,-1.660149068181602794e-01,7.706321558161628726e-02,1.993790321103076219e-02,9.968268359247602906e-01,6.898241693839413102e-02,0.000000000000000000e+00,0.000000000000000000e+00,0.000000000000000000e+00,1.000000000000000000e+00
8.427620473604161555e-01,5.328668731584121909e-01,-7.619072790869156619e-02,1.318066774872431457e-01,-5.327922420494221045e-01,8.459333289874577666e-01,2.300499337420955706e-02,-1.660466172001797136e-01,7.671087498412211547e-02,2.120609343028760987e-02,9.968278403318179270e-01,6.888935308196453278e-02,0.000000000000000000e+00,0.000000000000000000e+00,0.000000000000000000e+00,1.000000000000000000e+00
8.427688115867981722e-01,5.328795651581252901e-01,-7.602696398951701295e-02,1.318238841755053903e-01,-5.327751831491100987e-01,8.459347008414952462e-01,2.334707974548780665e-02,-1.660537141365368563e-01,7.675502874084681737e-02,2.082908901265875454e-02,9.968323904317588635e-01,6.887886491341554951e-02,0.000000000000000000e+00,0.000000000000000000e+00,0.000000000000000000e+00,1.000000000000000000e+00
8.427891055606400172e-01,5.328677611426948513e-01,-7.588460109316434721e-02,1.318487937059179549e-01,-5.327365951740647976e-01,8.459504260046611934e-01,2.365580066024344091e-02,-1.660074557885682367e-01,7.680002415781796155e-02,2.048965293274711968e-02,9.968359596302966974e-01,6.889940455080423298e-02,0.000000000000000000e+00,0.000000000000000000e+00,0.000000000000000000e+00,1.000000000000000000e+00
8.427661811715594364e-01,5.328926780256769691e-01,-7.596418616774758270e-02,1.318068005835798806e-01,-5.327326566213069770e-01,8.459417346188576881e-01,2.405198950695468588e-02,-1.660047896723295113e-01,7.707840451586078778e-02,2.019839935886508578e-02,9.968204172370411786e-01,6.899420039511139358e-02,0.000000000000000000e+00,0.000000000000000000e+00,0.000000000000000000e+00,1.000000000000000000e+00
8.426976997234385536e-01,5.329080075664428540e-01,-7.661359117278046527e-02,1.318100800304737863e-01,-5.327663691116290012e-01,8.459223271036766523e-01,2.398775627507585689e-02,-1.660507277234167800e-01,7.759241473518824206e-02,2.060271775919209070e-02,9.967722634566524853e-01,6.888956556871228543e-02,0.000000000000000000e+00,0.000000000000000000e+00,0.000000000000000000e+00,1.000000000000000000e+00
8.427304701770090833e-01,5.328285953357789761e-01,-7.680522526324916333e-02,1.318019964982173331e-01,-5.327373783194520040e-01,8.459573971636734635e-01,2.338734541115137372e-02,-1.660556404589572654e-01,7.743539485632432162e-02,2.120778575344658273e-02,9.967717840342801283e-01,6.891839370985564095e-02,0.000000000000000000e+00,0.000000000000000000e+00,0.000000000000000000e+00,1.000000000000000000e+00
8.428128433135743114e-01,5.328354120415269568e-01,-7.584810360335213220e-02,1.318396250747328469e-01,-5.327791502007300783e-01,8.459506599336330535e-01,2.266843773264594353e-02,-1.660420290558916601e-01,7.624229965758240468e-02,2.130503772320284372e-02,9.968616790260004246e-01,6.886529151429376938e-02,0.000000000000000000e+00,0.000000000000000000e+00,0.000000000000000000e+00,1.000000000000000000e+00
8.427183556699140432e-01,5.329255571868601882e-01,-7.626351364886579942e-02,1.317817477700615747e-01,-5.328624441962978020e-01,8.458925415890259369e-01,2.287845382024927474e-02,-1.661197157284537984e-01,7.670325014067866376e-02,2.135786930226182476e-02,9.968251866986126419e-01,6.878713659395252478e-02,0.000000000000000000e+00,0.000000000000000000e+00,0.000000000000000000e+00,1.000000000000000000e+00
8.427781815177840530e-01,5.328542467522047188e-01,-7.610051560743781585e-02,1.318632221130808524e-01,-5.327318009137770316e-01,8.459550019557816603e-01,2.360006273630533419e-02,-1.660431892643836060e-01,7.695300548218479697e-02,2.065154677340830941e-02,9.968208206910230684e-01,6.882955763468134869e-02,0.000000000000000000e+00,0.000000000000000000e+00,0.000000000000000000e+00,1.000000000000000000e+00
8.427630480984723560e-01,5.329618691039413880e-01,-7.551219001595613212e-02,1.318166476562587230e-01,-5.329212430208788431e-01,8.458689695639225459e-01,2.237487577507010772e-02,-1.661041674803463986e-01,7.579837397236177665e-02,2.138533165750938075e-02,9.968938128472083493e-01,6.876034217267767978e-02,0.000000000000000000e+00,0.000000000000000000e+00,0.000000000000000000e+00,1.000000000000000000e+00
8.427430569543074013e-01,5.329694906606337046e-01,-7.568131856841257832e-02,1.318108457252002430e-01,-5.328540562819714665e-01,8.458835187555305835e-01,2.340144016105673991e-02,-1.660515186517793618e-01,7.648983369807081656e-02,2.060569636548446187e-02,9.968574173963571372e-01,6.886238896277285804e-02,0.000000000000000000e+00,0.000000000000000000e+00,0.000000000000000000e+00,1.000000000000000000e+00
8.427306596253816284e-01,5.328919594725023412e-01,-7.636226068501608677e-02,1.318242087783016159e-01,-5.327955581922128037e-01,8.459221790714139821e-01,2.333581208613321606e-02,-1.660732006890075219e-01,7.703199658594978017e-02,2.101966899425140867e-02,9.968070249638866231e-01,6.880715333740239359e-02,0.000000000000000000e+00,0.000000000000000000e+00,0.000000000000000000e+00,1.000000000000000000e+00
8.427828448868182054e-01,5.328297281773272109e-01,-7.622045089709886256e-02,1.318221224986430296e-01,-5.326230300805899764e-01,8.459916014206856349e-01,2.471675855436921559e-02,-1.659391631406711420e-01,7.765168505739256100e-02,1.976590742008971224e-02,9.967845929345056089e-01,6.913273388699159305e-02,0.000000000000000000e+00,0.000000000000000000e+00,0.000000000000000000e+00,1.000000000000000000e+00
8.427637439435290423e-01,5.329259743680123673e-01,-7.575736095054287633e-02,1.318500372142868970e-01,-5.327752821280467010e-01,8.459198132320121521e-01,2.387819789888813785e-02,-1.660141443210176315e-01,7.680996450765052719e-02,2.023796989381025993e-02,9.968403352227031000e-01,6.890773096501301431e-02,0.000000000000000000e+00,0.000000000000000000e+00,0.000000000000000000e+00,1.000000000000000000e+00
8.427171902515802060e-01,5.329496420704267212e-01,-7.610792515557068816e-02,1.318065600105419177e-01,-5.327876196220557858e-01,8.459052277925428465e-01,2.411841559285467229e-02,-1.660375751261901900e-01,7.723399272305853103e-02,2.022435685627969881e-02,9.968078479615839482e-01,6.886965150700619098e-02,0.000000000000000000e+00,0.000000000000000000e+00,0.000000000000000000e+00,1.000000000000000000e+00
8.428092618993391349e-01,5.329232935150391981e-01,-7.526826214132328885e-02,1.318309984279724123e-01,-5.328323177489331375e-01,8.459091267654746948e-01,2.296672412801771881e-02,-1.660403867689461133e-01,7.590961216467612127e-02,2.074879475911520568e-02,9.968988004291373661e-01,6.883255417691769296e-02,0.000000000000000000e+00,0.000000000000000000e+00,0.000000000000000000e+00,1.000000000000000000e+00
8.427364689064867909e-01,5.329546498390550502e-01,-7.585898226285631152e-02,1.317951975014009791e-01,-5.327501522657479560e-01,8.459148947986487865e-01,2.460215475549736366e-02,-1.660133863232388374e-01,7.728207577341900114e-02,1.968075132512259531e-02,9.968150022905104546e-01,6.901091094158662287e-02,0.000000000000000000e+00,0.000000000000000000e+00,0.000000000000000000e+00,1.000000000000000000e+00
8.426968508745114050e-01,5.328401342818985809e-01,-7.709350701991550536e-02,1.317901116595398825e-01,-5.327035656024595722e-01,8.459601774916845063e-01,2.404764630194651184e-02,-1.660121539011807923e-01,7.803158796671692821e-02,2.080311026471283117e-02,9.967338169655460822e-01,6.901398588674667600e-02,0.000000000000000000e+00,0.000000000000000000e+00,0.000000000000000000e+00,1.000000000000000000e+00
8.427317798547707683e-01,5.329012775182873085e-01,-7.628483232063719421e-02,1.317788005561003339e-01,-5.327365600453204397e-01,8.459351335612275147e-01,2.419726013058190114e-02,-1.659918523765927523e-01,7.742677065388346713e-02,2.024791905667616340e-02,9.967924141765854840e-01,6.909330488883291821e-02,0.000000000000000000e+00,0.000000000000000000e+00,0.000000000000000000e+00,1.000000000000000000e+00
8.427456573913134630e-01,5.329655922987055483e-01,-7.567981483706685830e-02,1.318089312514855727e-01,-5.328440648495249565e-01,8.458876292172933242e-01,2.348023193629163868e-02,-1.660424111351014309e-01,7.653077487336688856e-02,2.053767666599148889e-02,9.968556787892844939e-01,6.890658534379423550e-02,0.000000000000000000e+00,0.000000000000000000e+00,0.000000000000000000e+00,1.000000000000000000e+00
8.427701279282358016e-01,5.328574240279593255e-01,-7.616742827556152728e-02,1.318318857001002098e-01,-5.327066591209310698e-01,8.459600279661890765e-01,2.398429510452438143e-02,-1.660125081814336490e-01,7.721480946062997397e-02,2.036164879699894556e-02,9.968065391329585800e-01,6.891425235495418633e-02,0.000000000000000000e+00,0.000000000000000000e+00,0.000000000000000000e+00,1.000000000000000000e+00
8.427297116572837199e-01,5.328172904703403212e-01,-7.689192458169323563e-02,1.318104038864021388e-01,-5.327471304691318021e-01,8.459580680497755800e-01,2.313962139701860113e-02,-1.660432789131990883e-01,7.737653434302720068e-02,2.146350570937776911e-02,9.967708813241517030e-01,6.892134376851388744e-02,0.000000000000000000e+00,0.000000000000000000e+00,0.000000000000000000e+00,1.000000000000000000e+00
8.427557207520670612e-01,5.329424173583786617e-01,-7.573093766666157134e-02,1.318125084383028334e-01,-5.327824830976667370e-01,8.459120594917548530e-01,2.399194262043558706e-02,-1.660121336423822092e-01,7.684803734610586023e-02,2.012877012203113936e-02,9.968396118581093202e-01,6.895044127818406032e-02,0.000000000000000000e+00,0.000000000000000000e+00,0.000000000000000000e+00,1.000000000000000000e+00
8.427205758540363689e-01,5.328699226182361803e-01,-7.662686605281845975e-02,1.318054390655540864e-01,-5.326993589381684435e-01,8.459538762554663638e-01,2.436046459359599708e-02,-1.659647199227782255e-01,7.780375324562394113e-02,2.029001767339020518e-02,9.967622039201264883e-01,6.913876874903346348e-02,0.000000000000000000e+00,0.000000000000000000e+00,0.000000000000000000e+00,1.000000000000000000e+00
8.426305864639256349e-01,5.330983494062815353e-01,-7.602528931716967531e-02,1.318014675878159681e-01,-5.328821640606891119e-01,8.458259028989630890e-01,2.480204046345909144e-02,-1.660317332056669148e-01,7.752608581282777189e-02,1.961356279344681972e-02,9.967973786949331227e-01,6.889925749843062164e-02,0.000000000000000000e+00,0.000000000000000000e+00,0.000000000000000000e+00,1.000000000000000000e+00
8.427440850581289222e-01,5.329741134182433004e-01,-7.563730247420984154e-02,1.318342488338561935e-01,-5.328533072987733377e-01,8.458823741979509814e-01,2.345979373304606791e-02,-1.660404001019609166e-01,7.648372376065824818e-02,2.053298437333205689e-02,9.968593865497922257e-01,6.880143226937307510e-02,0.000000000000000000e+00,0.000000000000000000e+00,0.000000000000000000e+00,1.000000000000000000e+00
8.427245745091637152e-01,5.329369170202649109e-01,-7.611526781982959344e-02,1.318096376312309637e-01,-5.328096559628523465e-01,8.459040025746826785e-01,2.367042333543043983e-02,-1.660388404500278137e-01,7.700105214278661625e-02,2.060730222680135990e-02,9.968180260528183290e-01,6.887587930729011099e-02,0.000000000000000000e+00,0.000000000000000000e+00,0.000000000000000000e+00,1.000000000000000000e+00
8.428056947344395589e-01,5.331078447663357700e-01,-7.399045054458697201e-02,1.318645907269269668e-01,-5.328864911393673687e-01,8.458361383109603837e-01,2.435599902230886626e-02,-1.659979690263555518e-01,7.556817110643559987e-02,1.890113689157748439e-02,9.969614829770677700e-01,6.890534004110460131e-02,0.000000000000000000e+00,0.000000000000000000e+00,0.000000000000000000e+00,1.000000000000000000e+00
8.427851731076126951e-01,5.328348822423399911e-01,-7.615865187726887642e-02,1.318444112515176070e-01,-5.326686883008376894e-01,8.459783680100281256e-01,2.417993719914472012e-02,-1.659941735196627799e-01,7.731248601510924690e-02,2.018883664011255491e-02,9.968024831335857705e-01,6.898200142112798083e-02,0.000000000000000000e+00,0.000000000000000000e+00,0.000000000000000000e+00,1.000000000000000000e+00
8.427012637140168794e-01,5.329183985392224043e-01,-7.650203025534374479e-02,1.317983233869401971e-01,-5.328202391124635673e-01,8.459049127645327237e-01,2.339810575592871783e-02,-1.660740095601415944e-01,7.718272427775707545e-02,2.104421676420582810e-02,9.967948475056664925e-01,6.882544930655565274e-02,0.000000000000000000e+00,0.000000000000000000e+00,0.000000000000000000e+00,1.000000000000000000e+00
8.427227459543883414e-01,5.327683954418954704e-01,-7.730595235403439625e-02,1.318003125342359083e-01,-5.326688993067968392e-01,8.459938326381780671e-01,2.362792520414352601e-02,-1.659878660064274536e-01,7.798857071636658422e-02,2.126668654104644021e-02,9.967274004868049708e-01,6.909069287400204651e-02,0.000000000000000000e+00,0.000000000000000000e+00,0.000000000000000000e+00,1.000000000000000000e+00
8.427349487003932271e-01,5.327183548439775596e-01,-7.751748610005269879e-02,1.317972712733212759e-01,-5.327341270057204259e-01,8.459912609220299196e-01,2.220667392940947962e-02,-1.661006069837384636e-01,7.740901861152117702e-02,2.258187007048237729e-02,9.967436495818376985e-01,6.883983759148648574e-02,0.000000000000000000e+00,0.000000000000000000e+00,0.000000000000000000e+00,1.000000000000000000e+00
8.427669710741056974e-01,5.329494866239355977e-01,-7.555578848679335435e-02,1.318489041095272374e-01,-5.328721667930192973e-01,8.458866963682489803e-01,2.286811676816439751e-02,-1.660675304618257631e-01,7.609918740624123379e-02,2.098908322183774475e-02,9.968793166986746890e-01,6.879484933706425664e-02,0.000000000000000000e+00,0.000000000000000000e+00,0.000000000000000000e+00,1.000000000000000000e+00
8.428082803164289594e-01,5.328864210462934681e-01,-7.553982323606663052e-02,1.318333770947409667e-01,-5.327696383448087269e-01,8.459373732191712847e-01,2.337676301351986410e-02,-1.660383094204565535e-01,7.635911921968067950e-02,2.054319487132062402e-02,9.968687285979401791e-01,6.883552217032717913e-02,0.000000000000000000e+00,0.000000000000000000e+00,0.000000000000000000e+00,1.000000000000000000e+00
8.427780625095576683e-01,5.327890998053459448e-01,-7.655659658870557494e-02,1.318481160399438412e-01,-5.326929221475387166e-01,8.459855639329529886e-01,2.338111013104623298e-02,-1.660241234980107672e-01,7.722297615705343843e-02,2.107607045094213316e-02,9.967910569461357895e-01,6.890938101139365557e-02,0.000000000000000000e+00,0.000000000000000000e+00,0.000000000000000000e+00,1.000000000000000000e+00
8.427702508071113208e-01,5.328403972061623861e-01,-7.628509329939991979e-02,1.318433154607621116e-01,-5.327632006891447336e-01,8.459500351330160317e-01,2.306317519136111965e-02,-1.660568091831703952e-01,7.682236878655293588e-02,2.120493253062656624e-02,9.968192787513666664e-01,6.882768329020194642e-02,0.000000000000000000e+00,0.000000000000000000e+00,0.000000000000000000e+00,1.000000000000000000e+00
8.427430801892166201e-01,5.328809016403943666e-01,-7.630232932297749404e-02,1.318361041822622703e-01,-5.327571121977527913e-01,8.459370210935905909e-01,2.367310174044152254e-02,-1.660604667371787801e-01,7.716190897005296978e-02,2.070026594569900763e-02,9.968036611057740082e-01,6.886106015532855729e-02,0.000000000000000000e+00,0.000000000000000000e+00,0.000000000000000000e+00,1.000000000000000000e+00
8.427908608419972802e-01,5.328548536195841789e-01,-7.595570982656058012e-02,1.318507931747515127e-01,-5.327016985576514818e-01,8.459638661423110051e-01,2.395908043617574201e-02,-1.660176625520725924e-01,7.702249823913898119e-02,2.026924161397370555e-02,9.968233005951436798e-01,6.890600559540782655e-02,0.000000000000000000e+00,0.000000000000000000e+00,0.000000000000000000e+00,1.000000000000000000e+00
8.428131092043327222e-01,5.330661138276776567e-01,-7.420634232990412638e-02,1.318876106597677289e-01,-5.327368319978088573e-01,8.458869551416940968e-01,2.582105640852103839e-02,-1.659488898158506531e-01,7.653450716026037604e-02,1.777012689237195131e-02,9.969085674242974537e-01,6.899741390825053777e-02,0.000000000000000000e+00,0.000000000000000000e+00,0.000000000000000000e+00,1.000000000000000000e+00
8.426517248625186030e-01,5.328525439890168247e-01,-7.749991581063506163e-02,1.317894122110301325e-01,-5.326991263009233091e-01,8.459537182550211920e-01,2.437103626720698094e-02,-1.659918770584451475e-01,7.854751061908765708e-02,2.074784169347143950e-02,9.966944444716281382e-01,6.906213898550572772e-02,0.000000000000000000e+00,0.000000000000000000e+00,0.000000000000000000e+00,1.000000000000000000e+00
8.427553045760648454e-01,5.327961148262404523e-01,-7.675803954614873748e-02,1.318291793212267859e-01,-5.326927011130230261e-01,8.459815810547838266e-01,2.352978318982340902e-02,-1.660345020575912378e-01,7.747246472015822949e-02,2.105859781922980387e-02,9.967720665568794436e-01,6.891256130302125804e-02,0.000000000000000000e+00,0.000000000000000000e+00,0.000000000000000000e+00,1.000000000000000000e+00
8.427118361657022216e-01,5.330197727117723661e-01,-7.567485107035888670e-02,1.318294627183462242e-01,-5.328818080900578069e-01,8.458578501868276867e-01,2.369548235400146044e-02,-1.660557811541945594e-01,7.664032745820779924e-02,2.035728802194613010e-02,9.968509622965160411e-01,6.882641860345506402e-02,0.000000000000000000e+00,0.000000000000000000e+00,0.000000000000000000e+00,1.000000000000000000e+00
8.427206451138372634e-01,5.328247037305453571e-01,-7.693990767718986157e-02,1.317966093315285636e-01,-5.327644178057120428e-01,8.459502765962372273e-01,2.302617308391570125e-02,-1.661120511359414631e-01,7.735625003229334995e-02,2.158621368388297448e-02,9.967698059029150848e-01,6.877040555158830948e-02,0.000000000000000000e+00,0.000000000000000000e+00,0.000000000000000000e+00,1.000000000000000000e+00
8.427359693027388632e-01,5.329351018809020957e-01,-7.600173173399524251e-02,1.317897573083290641e-01,-5.328321246854337279e-01,8.458994544042741648e-01,2.332466380804421383e-02,-1.660799650015426787e-01,7.672035549044439739e-02,2.083963103666437375e-02,9.968348392946928538e-01,6.884333609959258915e-02,0.000000000000000000e+00,0.000000000000000000e+00,0.000000000000000000e+00,1.000000000000000000e+00
8.427729298094208676e-01,5.330015469068249967e-01,-7.512083449600971685e-02,1.318545730739713318e-01,-5.329160945948734351e-01,8.458593129283558110e-01,2.285735886138279965e-02,-1.661070928170374772e-01,7.572466508472096292e-02,2.076953844700843432e-02,9.969124341538254663e-01,6.866987926667067477e-02,0.000000000000000000e+00,0.000000000000000000e+00,0.000000000000000000e+00,1.000000000000000000e+00
8.427464235451306296e-01,5.328195759685017130e-01,-7.669266631586997562e-02,1.318028317745115752e-01,-5.327081621486136065e-01,8.459694407458653309e-01,2.361608147797735272e-02,-1.660259106555795339e-01,7.746276255167926228e-02,2.095244111968815395e-02,9.967750576880364255e-01,6.897287445815769580e-02,0.000000000000000000e+00,0.000000000000000000e+00,0.000000000000000000e+00,1.000000000000000000e+00
8.427886932998556180e-01,5.330758692806847332e-01,-7.441327863066114767e-02,1.318609017694705177e-01,-5.329043471041543523e-01,8.458405647491845647e-01,2.380537465102479378e-02,-1.660427979439096369e-01,7.563184040744426462e-02,1.959225906890130209e-02,9.969433123809798847e-01,6.879046975837410649e-02,0.000000000000000000e+00,0.000000000000000000e+00,0.000000000000000000e+00,1.000000000000000000e+00
8.427664051068524120e-01,5.329584166819569813e-01,-7.549908947222171152e-02,1.318383256177560747e-01,-5.328443701402896249e-01,8.458914969550831442e-01,2.333350785644654896e-02,-1.660900565414807906e-01,7.629982721521112732e-02,2.056456824128139599e-02,9.968728278471526982e-01,6.874244500974158179e-02,0.000000000000000000e+00,0.000000000000000000e+00,0.000000000000000000e+00,1.000000000000000000e+00
8.427367486635599647e-01,5.329257009758366914e-01,-7.605898823534582021e-02,1.317939871095115678e-01,-5.328289665656865681e-01,8.459032588627214411e-01,2.325874102289077552e-02,-1.660577132614259876e-01,7.673372687751994770e-02,2.092543631183229821e-02,9.968320125651288777e-01,6.890527085886222203e-02,0.000000000000000000e+00,0.000000000000000000e+00,0.000000000000000000e+00,1.000000000000000000e+00
8.427537327757173014e-01,5.328002173258118424e-01,-7.674681954428473618e-02,1.318161811329767175e-01,-5.326590919518924272e-01,8.459892110097607665e-01,2.401138513431002111e-02,-1.659656275947429815e-01,7.772025253163207525e-02,2.064420675759931836e-02,9.967614454189974715e-01,6.908187722671432773e-02,0.000000000000000000e+00,0.000000000000000000e+00,0.000000000000000000e+00,1.000000000000000000e+00
8.427040560859874185e-01,5.328919598506448585e-01,-7.665528672416245526e-02,1.317923301479076159e-01,-5.327296812767062795e-01,8.459375869397498526e-01,2.426284586300593918e-02,-1.660183738271259757e-01,7.777506376110397690e-02,2.039014784379337628e-02,9.967623996358732086e-01,6.901015274570454494e-02,0.000000000000000000e+00,0.000000000000000000e+00,0.000000000000000000e+00,1.000000000000000000e+00
8.427718100146713853e-01,5.328032365241728296e-01,-7.652703701281536597e-02,1.318324918718369876e-01,-5.326829848269927226e-01,8.459833890834844716e-01,2.368423675417105981e-02,-1.660114156006844421e-01,7.735964012584591043e-02,2.080424341782348766e-02,9.967861704174127979e-01,6.898193337016045312e-02,0.000000000000000000e+00,0.000000000000000000e+00,0.000000000000000000e+00,1.000000000000000000e+00
8.427233030203680197e-01,5.329217877995500174e-01,-7.623517977267821322e-02,1.318047738805253055e-01,-5.328322591764698135e-01,8.459024314356754504e-01,2.321335977647094595e-02,-1.661011897849605234e-01,7.685842912355539402e-02,2.105812384197269099e-02,9.968196112100301542e-01,6.877327378343056630e-02,0.000000000000000000e+00,0.000000000000000000e+00,0.000000000000000000e+00,1.000000000000000000e+00
8.427306442470980929e-01,5.329921462398321541e-01,-7.565998475765434161e-02,1.318113423487029812e-01,-5.329067695383555847e-01,8.458612018469036098e-01,2.300439502151286481e-02,-1.660707606880557630e-01,7.625900751429295910e-02,2.093320942352852598e-02,9.968682784180494805e-01,6.881183477648611380e-02,0.000000000000000000e+00,0.000000000000000000e+00,0.000000000000000000e+00,1.000000000000000000e+00
8.428259624653517967e-01,5.329763756771077610e-01,-7.470327947585647665e-02,1.318715507191919045e-01,-5.327965863068548913e-01,8.459033860579779907e-01,2.398455910392400733e-02,-1.659908589460310502e-01,7.597496044168525198e-02,1.958684317959140039e-02,9.969173290499782070e-01,6.887605683445552351e-02,0.000000000000000000e+00,0.000000000000000000e+00,0.000000000000000000e+00,1.000000000000000000e+00
8.427791626602407771e-01,5.328077319823639746e-01,-7.641468265662505754e-02,1.318205253812488320e-01,-5.327592133525144158e-01,8.459616845410208308e-01,2.272551157902636190e-02,-1.660884444328578069e-01,7.675222194642604412e-02,2.155803860112813844e-02,9.968171082991897913e-01,6.875176565888563296e-02,0.000000000000000000e+00,0.000000000000000000e+00,0.000000000000000000e+00,1.000000000000000000e+00
8.427695468393314737e-01,5.328641671978441297e-01,-7.612667230856937084e-02,1.318410298410408465e-01,-5.326891846806348640e-01,8.459624153502587340e-01,2.428629941010222032e-02,-1.660142211006871149e-01,7.734160228821659877e-02,2.008410145624551363e-02,9.968023401979887455e-01,6.888708330985715556e-02,0.000000000000000000e+00,0.000000000000000000e+00,0.000000000000000000e+00,1.000000000000000000e+00
8.427838440085000382e-01,5.327686494568796283e-01,-7.663522971942500484e-02,1.318639914919116085e-01,-5.326971572527036125e-01,8.459910842637007322e-01,2.308298076975378449e-02,-1.660789254840100426e-01,7.713060957327498579e-02,2.136940575263822362e-02,9.967919630317223501e-01,6.874449595893383780e-02,0.000000000000000000e+00,0.000000000000000000e+00,0.000000000000000000e+00,1.000000000000000000e+00
8.427854041576462452e-01,5.329520997905118351e-01,-7.533141355183144150e-02,1.318511862867639828e-01,-5.327499241857310830e-01,8.459198213223633189e-01,2.443714742024245129e-02,-1.659522655879133168e-01,7.674816492223481001e-02,1.953753369351313163e-02,9.968590692561533073e-01,6.905197216455438713e-02,0.000000000000000000e+00,0.000000000000000000e+00,0.000000000000000000e+00,1.000000000000000000e+00
8.426851089655800209e-01,5.328478153070382861e-01,-7.716872974323842060e-02,1.317756103984829286e-01,-5.326372810186822404e-01,8.459740398745811962e-01,2.500901292146191085e-02,-1.659587801295026310e-01,7.860873995106364143e-02,2.002821961126029920e-02,9.967043375156492413e-01,6.912054751302099120e-02,0.000000000000000000e+00,0.000000000000000000e+00,0.000000000000000000e+00,1.000000000000000000e+00
8.427048738951680162e-01,5.328900170761255994e-01,-7.665980181252311787e-02,1.317918201767274700e-01,-5.327575218449102090e-01,8.459308983071915922e-01,2.388175468548300873e-02,-1.660252094358975472e-01,7.757524367347386207e-02,2.071581496813647283e-02,9.967712558953567559e-01,6.897561870380952698e-02,0.000000000000000000e+00,0.000000000000000000e+00,0.000000000000000000e+00,1.000000000000000000e+00
8.427210039280669251e-01,5.328326062306704136e-01,-7.688122837144467647e-02,1.317886245123412459e-01,-5.327093674011390556e-01,8.459629745804205792e-01,2.381964571787046833e-02,-1.660130861922298473e-01,7.773055654984811769e-02,2.088203477820011963e-02,9.967556878202264992e-01,6.898073546725136396e-02,0.000000000000000000e+00,0.000000000000000000e+00,0.000000000000000000e+00,1.000000000000000000e+00
8.427602089039527566e-01,5.328226897998498135e-01,-7.651935390879338605e-02,1.318021068608584700e-01,-5.327328747285577926e-01,8.459629087901354705e-01,2.329036570730316086e-02,-1.660506998964251524e-01,7.714217051401212055e-02,2.113618191126713508e-02,9.967960409946465816e-01,6.887651646670489569e-02,0.000000000000000000e+00,0.000000000000000000e+00,0.000000000000000000e+00,1.000000000000000000e+00
8.427505256101605058e-01,5.329319688451811254e-01,-7.586216558072340910e-02,1.318327487082906202e-01,-5.328129649041181137e-01,8.459068109764817933e-01,2.349492655195430796e-02,-1.660411377722237070e-01,7.669352002536548862e-02,2.061998366628077506e-02,9.968414719802347612e-01,6.886037916185783203e-02,0.000000000000000000e+00,0.000000000000000000e+00,0.000000000000000000e+00,1.000000000000000000e+00
8.427451412975930367e-01,5.328927161170399218e-01,-7.619698109967448785e-02,1.318180587586450514e-01,-5.327943381456224925e-01,8.459234878530467183e-01,2.331621621328542823e-02,-1.660718084159952812e-01,7.688185780317913220e-02,2.094769218650511036e-02,9.968201312838698147e-01,6.887920835632654892e-02,0.000000000000000000e+00,0.000000000000000000e+00,0.000000000000000000e+00,1.000000000000000000e+00
8.427720497952299050e-01,5.328423893748434059e-01,-7.625129618081735727e-02,1.318255174216664272e-01,-5.327926161004105099e-01,8.459414003780357794e-01,2.269747464651048971e-02,-1.660864355057558583e-01,7.659830489526256447e-02,2.149733034020999758e-02,9.968302586074606619e-01,6.878901463554476514e-02,0.000000000000000000e+00,0.000000000000000000e+00,0.000000000000000000e+00,1.000000000000000000e+00
8.427724965786992373e-01,5.328869652946364166e-01,-7.593419012262855872e-02,1.318232802647107682e-01,-5.328216733178094966e-01,8.459199916409890774e-01,2.281298281502601791e-02,-1.661121648293064912e-01,7.639099065541712918e-02,2.123322776174518464e-02,9.968518277986463394e-01,6.869966908662394900e-02,0.000000000000000000e+00,0.000000000000000000e+00,0.000000000000000000e+00,1.000000000000000000e+00
8.427270825286976574e-01,5.328453535267242414e-01,-7.672609463311719225e-02,1.318136756363022244e-01,-5.327265562155726331e-01,8.459549120189808757e-01,2.372136449816780734e-02,-1.660316834124853647e-01,7.754663548708115584e-02,2.088339186862987057e-02,9.967699851363379659e-01,6.893701276274000200e-02,0.000000000000000000e+00,0.000000000000000000e+00,0.000000000000000000e+00,1.000000000000000000e+00
8.428228603320248036e-01,5.329548520560868363e-01,-7.489160014059791093e-02,1.318428342363286154e-01,-5.328982522846071879e-01,8.458825105824523405e-01,2.241051098790444035e-02,-1.660931332001699956e-01,7.529328531652600132e-02,2.102151185339436873e-02,9.969398262812265710e-01,6.874286311990629450e-02,0.000000000000000000e+00,0.000000000000000000e+00,0.000000000000000000e+00,1.000000000000000000e+00
8.427272702129592341e-01,5.329682079497272129e-01,-7.586591694740309200e-02,1.317951248167412992e-01,-5.327812102554237983e-01,8.459018031135376869e-01,2.437870972860512603e-02,-1.659933490879240137e-01,7.716819317685143231e-02,1.987533154747338215e-02,9.968199642652117998e-01,6.902787601080095925e-02,0.000000000000000000e+00,0.000000000000000000e+00,0.000000000000000000e+00,1.000000000000000000e+00
8.427051513030098251e-01,5.328747957778472433e-01,-7.676249078872555975e-02,1.317974220147116182e-01,-5.327831412473353900e-01,8.459286825530443199e-01,2.338350779273979524e-02,-1.660466690447830462e-01,7.739607464202270803e-02,2.119235849991094739e-02,9.967751660084726018e-01,6.888366373567089695e-02,0.000000000000000000e+00,0.000000000000000000e+00,0.000000000000000000e+00,1.000000000000000000e+00
8.427659912368659079e-01,5.327590224005589459e-01,-7.689803681072807096e-02,1.318303802128858171e-01,-5.326289314076952941e-01,8.460111177150043682e-01,2.390836945728723115e-02,-1.659993902919822406e-01,7.779399361158931270e-02,2.080895848931981970e-02,9.967522670175124055e-01,6.897377976302077052e-02,0.000000000000000000e+00,0.000000000000000000e+00,0.000000000000000000e+00,1.000000000000000000e+00
8.427651805821427811e-01,5.329823502637623944e-01,-7.534364409599787760e-02,1.318704869730188689e-01,-5.328106975425362934e-01,8.458927878127686650e-01,2.404479383522089772e-02,-1.660296355073856978e-01,7.654809587824036587e-02,1.987978454758488819e-02,9.968676858960557885e-01,6.882783115273793939e-02,0.000000000000000000e+00,0.000000000000000000e+00,0.000000000000000000e+00,1.000000000000000000e+00
8.427230821862856658e-01,5.328821646589025907e-01,-7.651408588547058132e-02,1.318029419548638892e-01,-5.327131546581922450e-01,8.459465942928127147e-01,2.431161159833469115e-02,-1.660013076174338131e-01,7.768205458510867023e-02,2.027210380877243756e-02,9.967720603039607052e-01,6.905042322874455074e-02,0.000000000000000000e+00,0.000000000000000000e+00,0.000000000000000000e+00,1.000000000000000000e+00
8.427631064902927349e-01,5.330131194849829779e-01,-7.514892411550873341e-02,1.318466311472260843e-01,-5.328009660415833348e-01,8.458851797735459366e-01,2.452332001649035545e-02,-1.659596554447901606e-01,7.663861248735372167e-02,1.937207000717571306e-02,9.968707268144902933e-01,6.902850973581875493e-02,0.000000000000000000e+00,0.000000000000000000e+00,0.000000000000000000e+00,1.000000000000000000e+00
8.427514428418981796e-01,5.329561565131696321e-01,-7.568183945048503891e-02,1.318205901395422264e-01,-5.327839143814229184e-01,8.459069638872339647e-01,2.413936667543092884e-02,-1.660251648823298232e-01,7.688501911496062324e-02,1.997858057500675327e-02,9.968397815867404699e-01,6.894819389223871831e-02,0.000000000000000000e+00,0.000000000000000000e+00,0.000000000000000000e+00,1.000000000000000000e+00
8.427155548742498725e-01,5.328666751512933786e-01,-7.670462884462145303e-02,1.318071740917657886e-01,-5.328056587983858172e-01,8.459257811292280049e-01,2.297178211030594455e-02,-1.660848275866210200e-01,7.712732022703261414e-02,2.150998219690735888e-02,9.967891939324410311e-01,6.882528127526055250e-02,0.000000000000000000e+00,0.000000000000000000e+00,0.000000000000000000e+00,1.000000000000000000e+00
8.427906076241553635e-01,5.329071645375993427e-01,-7.559064548608833423e-02,1.318414278573470932e-01,-5.327874366885234636e-01,8.459246931849909723e-01,2.342991179564984927e-02,-1.660653436623030499e-01,7.642996145086049242e-02,2.052723664732779979e-02,9.968636283605922799e-01,6.881696341966181407e-02,0.000000000000000000e+00,0.000000000000000000e+00,0.000000000000000000e+00,1.000000000000000000e+00
8.427483028068939452e-01,5.328733989737740595e-01,-7.629704307663007223e-02,1.318317478856015912e-01,-5.327038901413366778e-01,8.459538881288957146e-01,2.426076231058780369e-02,-1.660124825965928475e-01,7.747169511755078175e-02,2.019801539115263778e-02,9.967899360596856884e-01,6.897752883263841284e-02,0.000000000000000000e+00,0.000000000000000000e+00,0.000000000000000000e+00,1.000000000000000000e+00
8.427790578019692669e-01,5.329671524847887643e-01,-7.529591026530552123e-02,1.318441166267239062e-01,-5.328567615643913236e-01,8.458865104486479325e-01,2.323108039069822148e-02,-1.660517434465607622e-01,7.607319755034944175e-02,2.054326685961925178e-02,9.968905871765467719e-01,6.886122620057610888e-02,0.000000000000000000e+00,0.000000000000000000e+00,0.000000000000000000e+00,1.000000000000000000e+00
8.427245042894792038e-01,5.328114800744160329e-01,-7.698919775501966711e-02,1.318118698989543813e-01,-5.326242731973752642e-01,8.459923419926878019e-01,2.466456751485674587e-02,-1.659756862204038175e-01,7.827383643989346829e-02,2.022088006584430581e-02,9.967268043643370268e-01,6.906344940947017896e-02,0.000000000000000000e+00,0.000000000000000000e+00,0.000000000000000000e+00,1.000000000000000000e+00
8.427277269235994295e-01,5.328735636259450681e-01,-7.652282968349440051e-02,1.317771308121487850e-01,-5.327458151582321610e-01,8.459410496428531046e-01,2.378312343950140725e-02,-1.660408181076280520e-01,7.740720060545940029e-02,2.072451972263339784e-02,9.967841389070616342e-01,6.892698884294978789e-02,0.000000000000000000e+00,0.000000000000000000e+00,0.000000000000000000e+00,1.000000000000000000e+00
8.427325523194513224e-01,5.329243860428388713e-01,-7.611467678448786967e-02,1.318062995512655211e-01,-5.327777420278855258e-01,8.459170728123774907e-01,2.392035794479845101e-02,-1.660284629856303151e-01,7.713444665525083510e-02,2.039374132920689087e-02,9.968121048892746305e-01,6.893120151574061438e-02,0.000000000000000000e+00,0.000000000000000000e+00,0.000000000000000000e+00,1.000000000000000000e+00
8.427584919153561227e-01,5.328773065757520522e-01,-7.615707741980888568e-02,1.318202689255098536e-01,-5.326930372758570398e-01,8.459563003438558271e-01,2.441446182815900506e-02,-1.659965847182606757e-01,7.743547211954800169e-02,1.999284984958625555e-02,9.967968868392973469e-01,6.899501903919724732e-02,0.000000000000000000e+00,0.000000000000000000e+00,0.000000000000000000e+00,1.000000000000000000e+00
8.427261895738609176e-01,5.328544636393204303e-01,-7.667261561974873796e-02,1.317698365892915335e-01,-5.327220728286818918e-01,8.459532129290341373e-01,2.388209907351559330e-02,-1.660033477693494408e-01,7.758712861959853047e-02,2.071912437090008691e-02,9.967702620754039788e-01,6.905843050469817612e-02,0.000000000000000000e+00,0.000000000000000000e+00,0.000000000000000000e+00,1.000000000000000000e+00
8.427606760148256271e-01,5.328710454059146784e-01,-7.617671514998430871e-02,1.318278599489881575e-01,-5.327111374001385347e-01,8.459537660418473548e-01,2.410538963523132377e-02,-1.660227593275483415e-01,7.728704324066887343e-02,2.026511010636617566e-02,9.968029084325005229e-01,6.892046616226110700e-02,0.000000000000000000e+00,0.000000000000000000e+00,0.000000000000000000e+00,1.000000000000000000e+00
8.427449760924542455e-01,5.328956162626972137e-01,-7.617852347564336990e-02,1.317857431301112658e-01,-5.327726148811051665e-01,8.459284545826997181e-01,2.363028903918271140e-02,-1.659893917640525851e-01,7.703405807614381595e-02,2.067152377851633888e-02,9.968141461681790938e-01,6.907021047938499692e-02,0.000000000000000000e+00,0.000000000000000000e+00,0.000000000000000000e+00,1.000000000000000000e+00
8.427730198406871986e-01,5.328834307994424480e-01,-7.595318431787098645e-02,1.318158329947394236e-01,-5.327597648969762956e-01,8.459380166028709347e-01,2.357763713605191477e-02,-1.660337482224132355e-01,7.681581826373576338e-02,2.059420417050725552e-02,9.968325881606480143e-01,6.896106580517602502e-02,0.000000000000000000e+00,0.000000000000000000e+00,0.000000000000000000e+00,1.000000000000000000e+00
8.427550591553406578e-01,5.328001145950503892e-01,-7.673296655010580780e-02,1.317995388149325042e-01,-5.327035315748421818e-01,8.459773867516754420e-01,2.343519900699589029e-02,-1.660315175042789138e-01,7.740063123624743580e-02,2.112578974399759515e-02,9.967762252842525816e-01,6.897571321042095249e-02,0.000000000000000000e+00,0.000000000000000000e+00,0.000000000000000000e+00,1.000000000000000000e+00
8.427060507849488680e-01,5.328951367879761758e-01,-7.661125999590197300e-02,1.318069921962790048e-01,-5.327782380721879374e-01,8.459238495319683082e-01,2.366832967725347389e-02,-1.660326911671328176e-01,7.742002975413077304e-02,2.087136748611246803e-02,9.967800785590216206e-01,6.895539619159762879e-02,0.000000000000000000e+00,0.000000000000000000e+00,0.000000000000000000e+00,1.000000000000000000e+00
8.427839455817102143e-01,5.328279134132597461e-01,-7.622096665220874645e-02,1.318053930702494658e-01,-5.327265724768245336e-01,8.459650125888211747e-01,2.335800617969318801e-02,-1.660274950778199976e-01,7.692606870768782523e-02,2.091918170645771027e-02,9.968173191663117771e-01,6.896010844385580540e-02,0.000000000000000000e+00,0.000000000000000000e+00,0.000000000000000000e+00,1.000000000000000000e+00
8.427536588077033652e-01,5.329141993206529815e-01,-7.595213445754228632e-02,1.318573157747903457e-01,-5.327422662044836166e-01,8.459313512617073760e-01,2.420385820180441863e-02,-1.660214030825246656e-01,7.714887144696486176e-02,2.006502217714521349e-02,9.968176596145809087e-01,6.888097616172084159e-02,0.000000000000000000e+00,0.000000000000000000e+00,0.000000000000000000e+00,1.000000000000000000e+00
8.426863867820947318e-01,5.328697784509549562e-01,-7.700293985146508535e-02,1.317980989447201934e-01,-5.326916341766360086e-01,8.459530992875679001e-01,2.455558356023258143e-02,-1.659987757092726279e-01,7.822580399307610399e-02,2.032616588018394677e-02,9.967284337121362636e-01,6.902744123209214600e-02,0.000000000000000000e+00,0.000000000000000000e+00,0.000000000000000000e+00,1.000000000000000000e+00
8.427133290884363248e-01,5.328370966594399016e-01,-7.693421475665941645e-02,1.317943466482775494e-01,-5.327568816218909431e-01,8.459480267530156139e-01,2.328177650433831125e-02,-1.660597816367598567e-01,7.748774136083434738e-02,2.136736895872285574e-02,9.967643078895725983e-01,6.890641997546165243e-02,0.000000000000000000e+00,0.000000000000000000e+00,0.000000000000000000e+00,1.000000000000000000e+00
8.427584639026778346e-01,5.328809651662447244e-01,-7.613178366418536791e-02,1.318515787488829805e-01,-5.327484969981728380e-01,8.459405858719488691e-01,2.373950548793534246e-02,-1.660300516572710272e-01,7.705329627333777631e-02,2.055242414206322546e-02,9.968151219736275381e-01,6.886004699177750155e-02,0.000000000000000000e+00,0.000000000000000000e+00,0.000000000000000000e+00,1.000000000000000000e+00
8.427076347179491833e-01,5.328180667586323027e-01,-7.712814093230545287e-02,1.317661179748302325e-01,-5.327176446516094233e-01,8.459640974870199503e-01,2.359357624044801024e-02,-1.660223010112281405e-01,7.781872181500736063e-02,2.120503474568960142e-02,9.967419892010735971e-01,6.900446541444993365e-02,0.000000000000000000e+00,0.000000000000000000e+00,0.000000000000000000e+00,1.000000000000000000e+00
8.427115814555770079e-01,5.330246246044342273e-01,-7.564350630386268426e-02,1.318124528095793169e-01,-5.328324099886257992e-01,8.458691836760540150e-01,2.439153486189463843e-02,-1.660074101349277576e-01,7.698579964093013595e-02,1.975028284628090047e-02,9.968365527914485602e-01,6.899696386325993025e-02,0.000000000000000000e+00,0.000000000000000000e+00,0.000000000000000000e+00,1.000000000000000000e+00
8.427373053866999975e-01,5.328808290703205275e-01,-7.636659033171633304e-02,1.318122746929500377e-01,-5.327252401170808893e-01,8.459450308235311189e-01,2.410027732566244821e-02,-1.660320280324185382e-01,7.744451337417537773e-02,2.037220739888537593e-02,9.967885034017669454e-01,6.895555623387705779e-02,0.000000000000000000e+00,0.000000000000000000e+00,0.000000000000000000e+00,1.000000000000000000e+00
8.427902303735583800e-01,5.327254301170397666e-01,-7.686510062114930431e-02,1.318252066348118146e-01,-5.326567184431928448e-01,8.460158370045312015e-01,2.310895572828340280e-02,-1.660517573109275835e-01,7.733982081834454847e-02,2.146671013773487555e-02,9.967736616061084742e-01,6.885876582669614443e-02,0.000000000000000000e+00,0.000000000000000000e+00,0.000000000000000000e+00,1.000000000000000000e+00
8.427221650191475399e-01,5.328192278175611918e-01,-7.696117887180863038e-02,1.318301643059610617e-01,-5.327974003964668359e-01,8.459427151749672191e-01,2.253558903537435099e-02,-1.661123903186150219e-01,7.711214376612617050e-02,2.201347565247468996e-02,9.967793758768739298e-01,6.871934828994130662e-02,0.000000000000000000e+00,0.000000000000000000e+00,0.000000000000000000e+00,1.000000000000000000e+00
8.427511013594655154e-01,5.329058211213878460e-01,-7.603924626367496165e-02,1.318353980006871928e-01,-5.327774915585424820e-01,8.459244875097943206e-01,2.366233124355132666e-02,-1.660499134442001423e-01,7.693325448722125592e-02,2.057054316812764738e-02,9.968240201298187442e-01,6.883215999523439876e-02,0.000000000000000000e+00,0.000000000000000000e+00,0.000000000000000000e+00,1.000000000000000000e+00
8.427893347834779503e-01,5.328318071223798746e-01,-7.613410861054414891e-02,1.318314521105212744e-01,-5.326866806577479352e-01,8.459749547284843851e-01,2.390138535670070091e-02,-1.659779648171315625e-01,7.714296743743781493e-02,2.041179293540987955e-02,9.968110760239919932e-01,6.903053051401863982e-02,0.000000000000000000e+00,0.000000000000000000e+00,0.000000000000000000e+00,1.000000000000000000e+00
8.427711159698335619e-01,5.328655415909636650e-01,-7.609967589898716800e-02,1.318114163066529398e-01,-5.327104657268032506e-01,8.459565483185894630e-01,2.402244912641041119e-02,-1.659822772120601031e-01,7.717775451575656365e-02,2.029366753121478184e-02,9.968107951191332861e-01,6.903649376811471505e-02,0.000000000000000000e+00,0.000000000000000000e+00,0.000000000000000000e+00,1.000000000000000000e+00
8.427747040025438396e-01,5.329474749744200768e-01,-7.548368838242359991e-02,1.318398957492707135e-01,-5.328198595961264328e-01,8.459021600678916508e-01,2.350601651576437676e-02,-1.660359485125094681e-01,7.637928720136737126e-02,2.040893213436848277e-02,9.968699413543102850e-01,6.887054460948704993e-02,0.000000000000000000e+00,0.000000000000000000e+00,0.000000000000000000e+00,1.000000000000000000e+00
8.427360303284496812e-01,5.327704904799541730e-01,-7.714653368749534168e-02,1.318184491877897324e-01,-5.327049032295305686e-01,8.459843895335537045e-01,2.314948683572366425e-02,-1.660438413871856977e-01,7.759812666207320520e-02,2.158743012241246331e-02,9.967509787300172786e-01,6.891917793505708545e-02,0.000000000000000000e+00,0.000000000000000000e+00,0.000000000000000000e+00,1.000000000000000000e+00
8.427563536160774804e-01,5.330423159398565147e-01,-7.501745035128278005e-02,1.318419935727143111e-01,-5.328953740960953311e-01,8.458508795446904038e-01,2.363915904714966251e-02,-1.660538901354638441e-01,7.605424844619594615e-02,2.005440078755573938e-02,9.969019873098541318e-01,6.881873209429545390e-02,0.000000000000000000e+00,0.000000000000000000e+00,0.000000000000000000e+00,1.000000000000000000e+00
8.427037109575238327e-01,5.329903614268374223e-01,-7.597190378362198016e-02,1.317987112807463557e-01,-5.328161768703278955e-01,8.458837132088550259e-01,2.424181085000409394e-02,-1.660456399975564767e-01,7.718404759862071418e-02,2.005039535992103952e-02,9.968152308438135156e-01,6.890781303133142188e-02,0.000000000000000000e+00,0.000000000000000000e+00,0.000000000000000000e+00,1.000000000000000000e+00
8.427277741591058247e-01,5.329141181344239087e-01,-7.623936879230060193e-02,1.318246705919803030e-01,-5.327371636918794007e-01,8.459305577160256551e-01,2.434349900456970681e-02,-1.660071536266505277e-01,7.746620606671510145e-02,2.010060236070397924e-02,9.967923317834894714e-01,6.899261391019950729e-02,0.000000000000000000e+00,0.000000000000000000e+00,0.000000000000000000e+00,1.000000000000000000e+00
8.427029239471888200e-01,5.328677611615049159e-01,-7.683574093860057186e-02,1.317902957337917791e-01,-5.327619580981450831e-01,8.459364237839580580e-01,2.358522671160647594e-02,-1.660357769878426371e-01,7.756595886269068707e-02,2.105982028254253097e-02,9.967647696399478674e-01,6.895804230764812637e-02,0.000000000000000000e+00,0.000000000000000000e+00,0.000000000000000000e+00,1.000000000000000000e+00
8.427895605808869428e-01,5.329254331547249590e-01,-7.547343421843473454e-02,1.318411356941078805e-01,-5.327406667339457114e-01,8.459311441150153543e-01,2.424626618949832224e-02,-1.659778964195662010e-01,7.676678047011299688e-02,1.977326763865500797e-02,9.968529878087057927e-01,6.901502539117077006e-02,0.000000000000000000e+00,0.000000000000000000e+00,0.000000000000000000e+00,1.000000000000000000e+00
8.427606238873022182e-01,5.329543589793227509e-01,-7.559220905639016386e-02,1.318335834285901953e-01,-5.327632902868454368e-01,8.459136264584925513e-01,2.436007172766702436e-02,-1.660119126397259781e-01,7.692728610720858673e-02,1.974304476978539988e-02,9.968412134514696987e-01,6.893262471597383367e-02,0.000000000000000000e+00,0.000000000000000000e+00,0.000000000000000000e+00,1.000000000000000000e+00
8.427621914852937435e-01,5.329053923628532807e-01,-7.591924257721924252e-02,1.318417418715170930e-01,-5.327536189894663821e-01,8.459318791891666800e-01,2.393401815642012820e-02,-1.660262380062970111e-01,7.697707487643198898e-02,2.027556564139929018e-02,9.968266807130463647e-01,6.891520828165709212e-02,0.000000000000000000e+00,0.000000000000000000e+00,0.000000000000000000e+00,1.000000000000000000e+00
8.427381665458947291e-01,5.328491404524465791e-01,-7.657790912497419722e-02,1.318207105316468730e-01,-5.327503235310665497e-01,8.459482319701261410e-01,2.342395364070297414e-02,-1.660474552517506863e-01,7.726238039568744664e-02,2.105664611724055585e-02,9.967884139725369241e-01,6.888892615749675485e-02,0.000000000000000000e+00,0.000000000000000000e+00,0.000000000000000000e+00,1.000000000000000000e+00
8.427544039055898661e-01,5.329387604555547719e-01,-7.577131582486378025e-02,1.317926883387664505e-01,-5.328833096319028906e-01,8.458857779268423860e-01,2.264131217157516057e-02,-1.660760875463814512e-01,7.616031127486187768e-02,2.129620400912138334e-02,9.968681350516318540e-01,6.880681319382109251e-02,0.000000000000000000e+00,0.000000000000000000e+00,0.000000000000000000e+00,1.000000000000000000e+00
8.427642274986593129e-01,5.329147836129151106e-01,-7.583066830371418265e-02,1.318320582313813605e-01,-5.327253387047898858e-01,8.459364164944810360e-01,2.439862189433841810e-02,-1.660068868228570804e-01,7.715031011250028659e-02,1.983463272349271500e-02,9.968221591609354171e-01,6.896015432020052849e-02,0.000000000000000000e+00,0.000000000000000000e+00,0.000000000000000000e+00,1.000000000000000000e+00
8.427685974499887767e-01,5.329446164918563156e-01,-7.557199815095202999e-02,1.318399253260953419e-01,-5.327321301948324539e-01,8.459253839805674913e-01,2.463173147397638291e-02,-1.659846458838166727e-01,7.705562023795153870e-02,1.950078177094879267e-02,9.968360702242204940e-01,6.896132352585748748e-02,0.000000000000000000e+00,0.000000000000000000e+00,0.000000000000000000e+00,1.000000000000000000e+00
8.427118593054707674e-01,5.328351089363874138e-01,-7.696407519528024321e-02,1.318000474424236290e-01,-5.326361205252483355e-01,8.459806534611146178e-01,2.480921363765718757e-02,-1.659754841808382675e-01,7.832933867798071159e-02,2.008682787933082498e-02,9.967251547181984472e-01,6.909070504515324451e-02,0.000000000000000000e+00,0.000000000000000000e+00,0.000000000000000000e+00,1.000000000000000000e+00
8.427992499425316364e-01,5.328027720942521972e-01,-7.622749074308361739e-02,1.318529699828604462e-01,-5.326694318909369619e-01,8.459894449617444412e-01,2.377257542435293886e-02,-1.659948127690705211e-01,7.715374667048273405e-02,2.056854545174308102e-02,9.968070195944183087e-01,6.896503143770971178e-02,0.000000000000000000e+00,0.000000000000000000e+00,0.000000000000000000e+00,1.000000000000000000e+00
8.427655857313114396e-01,5.328721264343072583e-01,-7.611481049269493149e-02,1.318445767055031748e-01,-5.327166819447648471e-01,8.459523760604459319e-01,2.403152544982957786e-02,-1.660077871766901247e-01,7.719523485759670345e-02,2.029468667078047558e-02,9.968094208063119632e-01,6.896992492692244348e-02,0.000000000000000000e+00,0.000000000000000000e+00,0.000000000000000000e+00,1.000000000000000000e+00
8.427951071855113163e-01,5.329544735497305785e-01,-7.520596005299179376e-02,1.318714848180480570e-01,-5.327844867075296476e-01,8.459109708306018494e-01,2.398583232291465195e-02,-1.660358474252261463e-01,7.640090331898483078e-02,1.985342670065565196e-02,9.968795029592518731e-01,6.882521569729549427e-02,0.000000000000000000e+00,0.000000000000000000e+00,0.000000000000000000e+00,1.000000000000000000e+00
8.427788668128701755e-01,5.329809183715078502e-01,-7.520054724188260376e-02,1.318446709493659164e-01,-5.328850892858304489e-01,8.458745798269631244e-01,2.301470876181284375e-02,-1.660664628852614733e-01,7.587663191290894282e-02,2.067694016102505916e-02,9.969028041264255124e-01,6.875775436989606249e-02,0.000000000000000000e+00,0.000000000000000000e+00,0.000000000000000000e+00,1.000000000000000000e+00
8.427348546593848022e-01,5.329047282948171649e-01,-7.622673614456440538e-02,1.318136159040518285e-01,-5.327576196707937140e-01,8.459287618653507090e-01,2.395513580978357593e-02,-1.659983396624303276e-01,7.724819366778629126e-02,2.042254660864799981e-02,9.968027067404472419e-01,6.900381731064064716e-02,0.000000000000000000e+00,0.000000000000000000e+00,0.000000000000000000e+00,1.000000000000000000e+00
8.427790920230938676e-01,5.328727223255844692e-01,-7.596093634263714756e-02,1.318541388118334434e-01,-5.327178656538453794e-01,8.459529978073383472e-01,2.398335076650063083e-02,-1.659976170278332219e-01,7.703945522874086627e-02,2.025308129885449934e-02,9.968223186887223974e-01,6.892973965803572689e-02,0.000000000000000000e+00,0.000000000000000000e+00,0.000000000000000000e+00,1.000000000000000000e+00
8.427597177809594831e-01,5.331052759060337376e-01,-7.453068419724664939e-02,1.318350411074656892e-01,-5.329778056444816059e-01,8.458095539613953440e-01,2.325633500832119741e-02,-1.660663705797751355e-01,7.543683964848499346e-02,2.012369818839812932e-02,9.969475011228382533e-01,6.878940281409628987e-02,0.000000000000000000e+00,0.000000000000000000e+00,0.000000000000000000e+00,1.000000000000000000e+00
8.427507402195886232e-01,5.329376672576251472e-01,-7.581973804581813858e-02,1.318305061608844031e-01,-5.327660124938133901e-01,8.459174544673779828e-01,2.416684006802612139e-02,-1.659905981921828977e-01,7.701665917694382191e-02,2.002755715089857280e-02,9.968286368096525019e-01,6.901147344712477150e-02,0.000000000000000000e+00,0.000000000000000000e+00,0.000000000000000000e+00,1.000000000000000000e+00
8.427851069505333248e-01,5.329018282149262653e-01,-7.568953023746231856e-02,1.318574702933753839e-01,-5.327653577826183540e-01,8.459317963663315343e-01,2.367423585230222366e-02,-1.660497456688344309e-01,7.664422384718345971e-02,2.037246626260523497e-02,9.968503526453919017e-01,6.881080378320669766e-02,0.000000000000000000e+00,0.000000000000000000e+00,0.000000000000000000e+00,1.000000000000000000e+00
8.427739760858650175e-01,5.329058233617925966e-01,-7.578527996591372107e-02,1.318066791921409242e-01,-5.328444379721263280e-01,8.459081207375076517e-01,2.272127180655109449e-02,-1.661019842902414778e-01,7.621568181542914822e-02,2.123286832786281178e-02,9.968652542585587639e-01,6.876724889282836983e-02,0.000000000000000000e+00,0.000000000000000000e+00,0.000000000000000000e+00,1.000000000000000000e+00
8.427718614330835800e-01,5.328197664351269625e-01,-7.641129545186595151e-02,1.318259887871698621e-01,-5.327454239362249266e-01,8.459613126323459742e-01,2.306015620871799260e-02,-1.660600549411437865e-01,7.692790684548517222e-02,2.127331721606150888e-02,9.968096824986188986e-01,6.883657768688822287e-02,0.000000000000000000e+00,0.000000000000000000e+00,0.000000000000000000e+00,1.000000000000000000e+00
8.427387420259737638e-01,5.328497007349491943e-01,-7.656767669947101007e-02,1.317714888921023286e-01,-5.327679256575000855e-01,8.459432872979611995e-01,2.320112208760356787e-02,-1.660407093639330589e-01,7.713462308901258835e-02,2.124031784589321126e-02,9.967944115105791258e-01,6.899633231145552159e-02,0.000000000000000000e+00,0.000000000000000000e+00,0.000000000000000000e+00,1.000000000000000000e+00
8.427113849919092292e-01,5.328422720030147053e-01,-7.691966440178674147e-02,1.317771736133129257e-01,-5.327304721322253522e-01,8.459534984650304290e-01,2.368380240907417417e-02,-1.660295275537390092e-01,7.769019028676910077e-02,2.101883920299055936e-02,9.967559594663903955e-01,6.898971430715006292e-02,0.000000000000000000e+00,0.000000000000000000e+00,0.000000000000000000e+00,1.000000000000000000e+00
8.427415580223304170e-01,5.328565608972397616e-01,-7.648890044223000118e-02,1.318302727275431907e-01,-5.326985181527099655e-01,8.459600712358357200e-01,2.416291854405420991e-02,-1.660045841543256739e-01,7.758192534348451463e-02,2.038242830052319071e-02,9.967776088358787367e-01,6.896540014247598549e-02,0.000000000000000000e+00,0.000000000000000000e+00,0.000000000000000000e+00,1.000000000000000000e+00
8.428177590125754959e-01,5.327917100444743426e-01,-7.610005782458684198e-02,1.318522771420012341e-01,-5.327971511442972652e-01,8.459587723260080239e-01,2.193060093099753749e-02,-1.661204930350786702e-01,7.606195386355479870e-02,2.206239408039370464e-02,9.968589819738298274e-01,6.867321966884420981e-02,0.000000000000000000e+00,0.000000000000000000e+00,0.000000000000000000e+00,1.000000000000000000e+00
8.427303871977418481e-01,5.329307520864797754e-01,-7.609407318631157546e-02,1.318053821655960356e-01,-5.327871358422601178e-01,8.459124078629428611e-01,2.387605713931239756e-02,-1.660524241314447758e-01,7.709320576124532864e-02,2.042086442973812740e-02,9.968147400201288200e-01,6.892421754144284485e-02,0.000000000000000000e+00,0.000000000000000000e+00,0.000000000000000000e+00,1.000000000000000000e+00
8.427791884837014802e-01,5.329420754287530482e-01,-7.547174104555384733e-02,1.318564212331196084e-01,-5.327801884093095186e-01,8.459147154153452419e-01,2.394921882476096220e-02,-1.660119971865742228e-01,7.660620273381577028e-02,2.002594520787816246e-02,9.968602967423453309e-01,6.892714505533614755e-02,0.000000000000000000e+00,0.000000000000000000e+00,0.000000000000000000e+00,1.000000000000000000e+00
8.426968720554084413e-01,5.328943284445707418e-01,-7.671777199346047071e-02,1.317798601881245701e-01,-5.327767225260701123e-01,8.459237433584750887e-01,2.370620924491237402e-02,-1.660147708935186261e-01,7.753028932236410986e-02,2.089629474319953939e-02,9.967709862870185455e-01,6.903058015071383835e-02,0.000000000000000000e+00,0.000000000000000000e+00,0.000000000000000000e+00,1.000000000000000000e+00
8.428036662762969922e-01,5.328791520691289474e-01,-7.564251054346601832e-02,1.318498825610340819e-01,-5.327978028078048656e-01,8.459315529610442752e-01,2.294142602567439404e-02,-1.660479008367744813e-01,7.621339406172439324e-02,2.096704545238007450e-02,9.968710556388875599e-01,6.883293211440766335e-02,0.000000000000000000e+00,0.000000000000000000e+00,0.000000000000000000e+00,1.000000000000000000e+00
8.427304480875784654e-01,5.329381731887951057e-01,-7.604140598580995392e-02,1.318373918879415518e-01,-5.327862409065698968e-01,8.459103154375449130e-01,2.396997574048701646e-02,-1.660396404001756032e-01,7.709872480628580937e-02,2.031358645200102842e-02,9.968165050994598486e-01,6.887802829762157408e-02,0.000000000000000000e+00,0.000000000000000000e+00,0.000000000000000000e+00,1.000000000000000000e+00
8.427452893876218321e-01,5.329699068375780557e-01,-7.565352351686657761e-02,1.318358643778789197e-01,-5.328248298677137340e-01,8.458913747890380863e-01,2.377988086498902115e-02,-1.660476003054303928e-01,7.666862390453899057e-02,2.026969321559916187e-02,9.968505713724249429e-01,6.889043045688825195e-02,0.000000000000000000e+00,0.000000000000000000e+00,0.000000000000000000e+00,1.000000000000000000e+00
8.427488537966152382e-01,5.328506749513278740e-01,-7.644951032155750115e-02,1.318439087283163613e-01,-5.327395156460167369e-01,8.459515856655941413e-01,2.354831584455092941e-02,-1.660641273899398362e-01,7.722032047161578316e-02,2.088235891324572574e-02,9.967953396723320258e-01,6.884320063666771183e-02,0.000000000000000000e+00,0.000000000000000000e+00,0.000000000000000000e+00,1.000000000000000000e+00
8.427854301654533753e-01,5.329118982928123804e-01,-7.561499427218795755e-02,1.318426171319522777e-01,-5.327398071707069027e-01,8.459353570174390491e-01,2.411782750365472697e-02,-1.660257674770631575e-01,7.681807441318616592e-02,1.995696384045567498e-02,9.968453756915970354e-01,6.891239233251167384e-02,0.000000000000000000e+00,0.000000000000000000e+00,0.000000000000000000e+00,1.000000000000000000e+00
8.427799778935995967e-01,5.328643981693503839e-01,-7.600948641636577630e-02,1.318489176035512467e-01,-5.327641593618606120e-01,8.459432789929816066e-01,2.328774841096509576e-02,-1.660490331020841870e-01,7.670892621536111455e-02,2.086868204315700179e-02,9.968351111135019815e-01,6.883849195892177697e-02,0.000000000000000000e+00,0.000000000000000000e+00,0.000000000000000000e+00,1.000000000000000000e+00
8.427382916528618484e-01,5.328884505997104615e-01,-7.630249667904963340e-02,1.318061765973429778e-01,-5.327249186046660867e-01,8.459427864869769609e-01,2.418601017740037301e-02,-1.660120851247956497e-01,7.743599214621223192e-02,2.026576443387839016e-02,9.967913351911937836e-01,6.900995740942494905e-02,0.000000000000000000e+00,0.000000000000000000e+00,0.000000000000000000e+00,1.000000000000000000e+00
8.427571454955857799e-01,5.329773742218613108e-01,-7.546861787327228954e-02,1.318338900738092179e-01,-5.328140216807151219e-01,8.458928400183197693e-01,2.396917825382748404e-02,-1.660265875406939373e-01,7.661339319306033346e-02,2.001054155467278314e-02,9.968600534729707974e-01,6.892223070261227491e-02,0.000000000000000000e+00,0.000000000000000000e+00,0.000000000000000000e+00,1.000000000000000000e+00
8.427686802637146535e-01,5.329251666009006128e-01,-7.570811297317611710e-02,1.318506374994853347e-01,-5.327895304381059516e-01,8.459167051319049779e-01,2.366947896183287450e-02,-1.660522163197388212e-01,7.665681849711444840e-02,2.038859441413992321e-02,9.968490544689885269e-01,6.879486484699182114e-02,0.000000000000000000e+00,0.000000000000000000e+00,0.000000000000000000e+00,1.000000000000000000e+00
8.427805764453263349e-01,5.328759996863351445e-01,-7.592146550727574272e-02,1.318409425153553305e-01,-5.327862125525012482e-01,8.459337658817309702e-01,2.312823934314381033e-02,-1.660673100303920180e-01,7.654901488879228832e-02,2.095787917327658970e-02,9.968455324773812798e-01,6.883059583911332879e-02,0.000000000000000000e+00,0.000000000000000000e+00,0.000000000000000000e+00,1.000000000000000000e+00
8.427619150112026780e-01,5.328809561440106535e-01,-7.609363433097154905e-02,1.318211398206816098e-01,-5.328060987307681184e-01,8.459252350429500300e-01,2.298168559590512555e-02,-1.660584930174821006e-01,7.661602810084636173e-02,2.117506308314021091e-02,9.968357943721100067e-01,6.886311405684653053e-02,0.000000000000000000e+00,0.000000000000000000e+00,0.000000000000000000e+00,1.000000000000000000e+00
8.427595182865567081e-01,5.330604889785163225e-01,-7.485258464071889439e-02,1.318245583201506088e-01,-5.329420547841891009e-01,8.458330397919686661e-01,2.322143489718760112e-02,-1.660638217741210176e-01,7.569121864402247879e-02,2.032200497645569870e-02,9.969241974864084810e-01,6.879755899596196045e-02,0.000000000000000000e+00,0.000000000000000000e+00,0.000000000000000000e+00,1.000000000000000000e+00
8.427654716321248962e-01,5.328734824566895290e-01,-7.610657999912000260e-02,1.318201153706762552e-01,-5.328478129094912363e-01,8.459160546331970787e-01,2.234360739401347953e-02,-1.660920456937679535e-01,7.628609376717439272e-02,2.172280387717352365e-02,9.968493124286437190e-01,6.875580273563985934e-02,0.000000000000000000e+00,0.000000000000000000e+00,0.000000000000000000e+00,1.000000000000000000e+00
8.427649408571097345e-01,5.328654205054002002e-01,-7.616887876104916355e-02,1.318349713791675815e-01,-5.327730926243903209e-01,8.459392762641058106e-01,2.322870313220035815e-02,-1.660402834639803371e-01,7.681201883530539010e-02,2.100439247786020647e-02,9.968243221646835295e-01,6.886323948652073312e-02,0.000000000000000000e+00,0.000000000000000000e+00,0.000000000000000000e+00,1.000000000000000000e+00
8.427507492234382891e-01,5.328577911616080298e-01,-7.637898324608373424e-02,1.318140659447263052e-01,-5.327379647702757959e-01,8.459499644467415314e-01,2.364145818220886666e-02,-1.660581154502092649e-01,7.721033334831413353e-02,2.076612748995053034e-02,9.967985415184521525e-01,6.889147989200683497e-02,0.000000000000000000e+00,0.000000000000000000e+00,0.000000000000000000e+00,1.000000000000000000e+00
8.427600788761245854e-01,5.329139540443016410e-01,-7.588258718294121907e-02,1.318187253760996214e-01,-5.327684284865953357e-01,8.459251006757039226e-01,2.384377601648339506e-02,-1.660404924096959833e-01,7.689766615855325727e-02,2.033326416659644864e-02,9.968316343835098570e-01,6.891787803901383569e-02,0.000000000000000000e+00,0.000000000000000000e+00,0.000000000000000000e+00,1.000000000000000000e+00
8.427692404510603863e-01,5.328741011038218289e-01,-7.606050040814012203e-02,1.318349282580076054e-01,-5.328041398255798367e-01,8.459284562614710623e-01,2.290841486896290705e-02,-1.660809588725364883e-01,7.654904267374500193e-02,2.121884209560860948e-02,9.968400096333689397e-01,6.877346506346926347e-02,0.000000000000000000e+00,0.000000000000000000e+00,0.000000000000000000e+00,1.000000000000000000e+00
8.428060189393977719e-01,5.329108240535200824e-01,-7.539275857880316234e-02,1.318295087041732594e-01,-5.327941519505450252e-01,8.459230377793801603e-01,2.333679072634137902e-02,-1.660187860935577742e-01,7.621289974028773451e-02,2.050043318331597197e-02,9.968807983668224182e-01,6.892987976322340060e-02,0.000000000000000000e+00,0.000000000000000000e+00,0.000000000000000000e+00,1.000000000000000000e+00
8.427797429447623223e-01,5.329196593786602598e-01,-7.562368365593752362e-02,1.318681871888721102e-01,-5.327183104973123307e-01,8.459379241489576318e-01,2.449959484240123511e-02,-1.659983115808708887e-01,7.702925770672888750e-02,1.963835874724450745e-02,9.968354068364873033e-01,6.890641324814539281e-02,0.000000000000000000e+00,0.000000000000000000e+00,0.000000000000000000e+00,1.000000000000000000e+00
8.427500603218784914e-01,5.328862741760301835e-01,-7.618762775056903136e-02,1.318270459893366442e-01,-5.327478844177874207e-01,8.459383921289288510e-01,2.383124777880208517e-02,-1.660030952900626300e-01,7.714938415724534315e-02,2.050501199979447298e-02,9.968086661978046159e-01,6.897140047947569741e-02,0.000000000000000000e+00,0.000000000000000000e+00,0.000000000000000000e+00,1.000000000000000000e+00
8.427851549514098206e-01,5.329158446513341252e-01,-7.559024482751250384e-02,1.318564686915159878e-01,-5.327139825357777303e-01,8.459407103398888239e-01,2.449749784193550051e-02,-1.659993400345100567e-01,7.699997015843132453e-02,1.962185284828121823e-02,9.968379946041389106e-01,6.893051299812835708e-02,0.000000000000000000e+00,0.000000000000000000e+00,0.000000000000000000e+00,1.000000000000000000e+00
8.427787665881801837e-01,5.328859575045498120e-01,-7.587164742224099256e-02,1.318327430737290251e-01,-5.328186865342786627e-01,8.459216478084162771e-01,2.282132881713792513e-02,-1.660747115903948301e-01,7.634263466760800310e-02,2.119250017229954222e-02,9.968563989203537146e-01,6.881864421114092245e-02,0.000000000000000000e+00,0.000000000000000000e+00,0.000000000000000000e+00,1.000000000000000000e+00
8.427740596668598094e-01,5.329815400559447802e-01,-7.524999875238322367e-02,1.318382232885274008e-01,-5.328916585426011210e-01,8.458721952987654502e-01,2.295015198561968506e-02,-1.660873372696183847e-01,7.588388899072134874e-02,2.075830388159401879e-02,9.969005608442615962e-01,6.875457403209095375e-02,0.000000000000000000e+00,0.000000000000000000e+00,0.000000000000000000e+00,1.000000000000000000e+00
8.427518245860210477e-01,5.329839973115080287e-01,-7.548126103066124526e-02,1.318171843668237420e-01,-5.328031073307619714e-01,8.458931202473716215e-01,2.420078380652638736e-02,-1.660251813713875813e-01,7.674770990470641818e-02,1.982139571301870865e-02,9.968535004183769477e-01,6.891844637533561801e-02,0.000000000000000000e+00,0.000000000000000000e+00,0.000000000000000000e+00,1.000000000000000000e+00
8.427473591610975534e-01,5.329556419189203087e-01,-7.573092085659240136e-02,1.318384015896481298e-01,-5.327110288054541787e-01,8.459252988704573095e-01,2.508681964621772495e-02,-1.659639518211241671e-01,7.743286392760202752e-02,1.920084575529903623e-02,9.968126599849395086e-01,6.901167948814324049e-02,0.000000000000000000e+00,0.000000000000000000e+00,0.000000000000000000e+00,1.000000000000000000e+00
8.428020797757398430e-01,5.328102217437646893e-01,-7.614408664530686321e-02,1.318344423503870488e-01,-5.326930773736100466e-01,8.459810321227279051e-01,2.354099842397263873e-02,-1.660321488996655825e-01,7.695933760058559781e-02,2.072102540716975680e-02,9.968188900006634823e-01,6.886056022209841032e-02,0.000000000000000000e+00,0.000000000000000000e+00,0.000000000000000000e+00,1.000000000000000000e+00
8.427238495692316311e-01,5.329660447389682476e-01,-7.591909195001934896e-02,1.318123637982264174e-01,-5.328345655332668018e-01,8.458882152865578874e-01,2.367388882919396753e-02,-1.660489081026164659e-01,7.683644408866348308e-02,2.050176564645632415e-02,9.968329039840067018e-01,6.891831703554474053e-02,0.000000000000000000e+00,0.000000000000000000e+00,0.000000000000000000e+00,1.000000000000000000e+00
8.427617775911351305e-01,5.328974896052555144e-01,-7.597928536020276402e-02,1.318037500673531481e-01,-5.328266694857258789e-01,8.459145434167045785e-01,2.289815540295357318e-02,-1.660697119152860779e-01,7.647435201542837624e-02,2.118609941743119021e-02,9.968464388637277018e-01,6.885036555009360626e-02,0.000000000000000000e+00,0.000000000000000000e+00,0.000000000000000000e+00,1.000000000000000000e+00
8.427685040761707658e-01,5.328645767315455251e-01,-7.613534922704534580e-02,1.318284163139075982e-01,-5.327608028410094620e-01,8.459431802171748505e-01,2.336798665386840071e-02,-1.660560243923098200e-01,7.685815176945395844e-02,2.086812662322871589e-02,9.968236282300999562e-01,6.885321600695015754e-02,0.000000000000000000e+00,0.000000000000000000e+00,0.000000000000000000e+00,1.000000000000000000e+00
8.427731847151244127e-01,5.329230633166858189e-01,-7.567276729634327126e-02,1.318437626665194540e-01,-5.327407689686148862e-01,8.459305230467276671e-01,2.426568063374043294e-02,-1.659931437122320608e-01,7.694564447618630620e-02,1.986350329245942237e-02,9.968374035082625539e-01,6.895593353435880424e-02,0.000000000000000000e+00,0.000000000000000000e+00,0.000000000000000000e+00,1.000000000000000000e+00
8.427541623546281890e-01,5.327624787505538251e-01,-7.700365620874737027e-02,1.318071329408391779e-01,-5.326312900021985541e-01,8.460084283939491856e-01,2.395094981403377704e-02,-1.659739320421204090e-01,7.790590956110506060e-02,2.082979409322713998e-02,9.967430907377743399e-01,6.907860867645898573e-02,0.000000000000000000e+00,0.000000000000000000e+00,0.000000000000000000e+00,1.000000000000000000e+00
8.427586887224319812e-01,5.329894957416662082e-01,-7.536570846141556201e-02,1.318442501426998481e-01,-5.328536682104588751e-01,8.458787008629329307e-01,2.358371686343420023e-02,-1.660367140559748378e-01,7.632012092171279460e-02,2.028351191191639716e-02,9.968770326810694193e-01,6.889343111110401985e-02,0.000000000000000000e+00,0.000000000000000000e+00,0.000000000000000000e+00,1.000000000000000000e+00
8.427757934274402452e-01,5.328700503633290175e-01,-7.601625772512154988e-02,1.318312182946729250e-01,-5.327133712275393673e-01,8.459547489729162262e-01,2.402138225749101547e-02,-1.659960838803858918e-01,7.710658939506170872e-02,2.025023742957016148e-02,9.968171857245979872e-01,6.896380387657230493e-02,0.000000000000000000e+00,0.000000000000000000e+00,0.000000000000000000e+00,1.000000000000000000e+00
8.427280826506199363e-01,5.327176935017353676e-01,-7.759663486389695164e-02,1.317827253114438046e-01,-5.327130494251711701e-01,8.459969905713248250e-01,2.249219678904024883e-02,-1.660657571203425498e-01,7.762851076856341903e-02,2.238193410884977558e-02,9.967310887804203823e-01,6.888791908496716410e-02,0.000000000000000000e+00,0.000000000000000000e+00,0.000000000000000000e+00,1.000000000000000000e+00
8.427678919439745009e-01,5.328421978231359102e-01,-7.629857487083248346e-02,1.318216770715823494e-01,-5.327206820586207758e-01,8.459608658608774867e-01,2.364081933675108577e-02,-1.660208814300876967e-01,7.714243459541454684e-02,2.072210536902855532e-02,9.968047146426262106e-01,6.894877880516037116e-02,0.000000000000000000e+00,0.000000000000000000e+00,0.000000000000000000e+00,1.000000000000000000e+00
8.427969412337168453e-01,5.329557622965560570e-01,-7.517626807701911773e-02,1.318367839369367911e-01,-5.328144391287580328e-01,8.459028595378574877e-01,2.360350994201937738e-02,-1.660354061944109838e-01,7.617144676975830253e-02,2.016203512973653925e-02,9.968908681678398942e-01,6.890044289159047430e-02,0.000000000000000000e+00,0.000000000000000000e+00,0.000000000000000000e+00,1.000000000000000000e+00
8.427621493593072666e-01,5.328576628164292117e-01,-7.625398865038808538e-02,1.318258268844510472e-01,-5.327484755723801424e-01,8.459481175549009579e-01,2.347006988964755667e-02,-1.660407264352195544e-01,7.701312474238440620e-02,2.084450966399528996e-02,9.968121613595420927e-01,6.887122852402849382e-02,0.000000000000000000e+00,0.000000000000000000e+00,0.000000000000000000e+00,1.000000000000000000e+00
8.428389306045297458e-01,5.328294190364017968e-01,-7.559991578529319523e-02,1.318935245106312992e-01,-5.327272203483450763e-01,8.459689565850266879e-01,2.319985332641312861e-02,-1.660505181619741921e-01,7.631674624444280408e-02,2.072039342705223400e-02,9.968683060158396447e-01,6.873676918514193268e-02,0.000000000000000000e+00,0.000000000000000000e+00,0.000000000000000000e+00,1.000000000000000000e+00
8.427599310875684147e-01,5.327753456773930418e-01,-7.685134736367128794e-02,1.318132482225671254e-01,-5.326662232905147176e-01,8.459955276637693977e-01,2.362756310583725289e-02,-1.660146443688438334e-01,7.760407926582756077e-02,2.102375350015165539e-02,9.967625638385845255e-01,6.897149739255081791e-02,0.000000000000000000e+00,0.000000000000000000e+00,0.000000000000000000e+00,1.000000000000000000e+00
8.427767020976566492e-01,5.329164227193549097e-01,-7.568035939002630552e-02,1.318370704315219022e-01,-5.328078944244766246e-01,8.459151601651613284e-01,2.330857013429417368e-02,-1.660415296646609584e-01,7.644068314944231501e-02,2.067917306749520595e-02,9.968596660317294855e-01,6.886415545271074024e-02,0.000000000000000000e+00,0.000000000000000000e+00,0.000000000000000000e+00,1.000000000000000000e+00
8.427717572589941142e-01,5.328557658784252027e-01,-7.616100010309917456e-02,1.318189770751325429e-01,-5.327719720687074112e-01,8.459430893080716052e-01,2.311526400317884256e-02,-1.660562098040597179e-01,7.674497341590391652e-02,2.109555455618856296e-02,9.968275611324957097e-01,6.887334400886735430e-02,0.000000000000000000e+00,0.000000000000000000e+00,0.000000000000000000e+00,1.000000000000000000e+00
8.427622975719328835e-01,5.329541227396364933e-01,-7.557521317271898020e-02,1.318194419668268225e-01,-5.327865230551410702e-01,8.459078329224783976e-01,2.405117567210954613e-02,-1.660303668959088319e-01,7.674783802877505057e-02,1.999603098671081172e-02,9.968500028101960897e-01,6.890902784872876552e-02,0.000000000000000000e+00,0.000000000000000000e+00,0.000000000000000000e+00,1.000000000000000000e+00
8.427430771762656203e-01,5.328295523974532211e-01,-7.666011977168310509e-02,1.318365968751062656e-01,-5.326549598842887923e-01,8.459801519261949121e-01,2.441876855206217417e-02,-1.660017152958315201e-01,7.786398128882104919e-02,2.025464487129072927e-02,9.967582203217550951e-01,6.897536395973014045e-02,0.000000000000000000e+00,0.000000000000000000e+00,0.000000000000000000e+00,1.000000000000000000e+00
8.428180459322113238e-01,5.330170367186080060e-01,-7.450221485783241337e-02,1.318917659937379749e-01,-5.328338033032957721e-01,8.458800786040344688e-01,2.397979729224019446e-02,-1.660151817961395548e-01,7.580157985394071762e-02,1.948669260152174204e-02,9.969324898422662340e-01,6.884802718873905825e-02,0.000000000000000000e+00,0.000000000000000000e+00,0.000000000000000000e+00,1.000000000000000000e+00
8.427165390745993134e-01,5.329832857037206661e-01,-7.587919300174318649e-02,1.318231434960259740e-01,-5.327315303900583832e-01,8.459085224643502210e-01,2.521682276668742867e-02,-1.659782827822766094e-01,7.762700109108928992e-02,1.917260500418087321e-02,9.967981038901297941e-01,6.906521148344868521e-02,0.000000000000000000e+00,0.000000000000000000e+00,0.000000000000000000e+00,1.000000000000000000e+00
8.427245545004070637e-01,5.329729383418421174e-01,-7.586285149764465663e-02,1.318335825568714703e-01,-5.327982667157705743e-01,8.458956526724655811e-01,2.421883098942799115e-02,-1.660347969198037177e-01,7.708003779683433865e-02,2.000979222997460380e-02,9.968240948071791507e-01,6.889743186788543916e-02,0.000000000000000000e+00,0.000000000000000000e+00,0.000000000000000000e+00,1.000000000000000000e+00
8.428085714234192505e-01,5.329154509740329226e-01,-7.533149439881386966e-02,1.318539160401722976e-01,-5.328315022735393702e-01,8.459116806493763852e-01,2.289145530260058847e-02,-1.660919129292578733e-01,7.592300125876702555e-02,2.084587858764284235e-02,9.968957554457590353e-01,6.873634443239540204e-02,0.000000000000000000e+00,0.000000000000000000e+00,0.000000000000000000e+00,1.000000000000000000e+00
8.427911431252288477e-01,5.329967665012876887e-01,-7.495022327413325414e-02,1.318661751144400152e-01,-5.328453129360616325e-01,8.458813202239755524e-01,2.367835674651048300e-02,-1.660377347447918039e-01,7.601948139615960498e-02,1.998096582541467742e-02,9.969061136601294892e-01,6.883060439453814183e-02,0.000000000000000000e+00,0.000000000000000000e+00,0.000000000000000000e+00,1.000000000000000000e+00
8.427643721091532258e-01,5.329381165544231358e-01,-7.566489956967646646e-02,1.318369214381392707e-01,-5.328926506270970087e-01,8.458841829558121361e-01,2.248047892739845482e-02,-1.661209965786706322e-01,7.598444584973847171e-02,2.137552218315596358e-02,9.968798578767181784e-01,6.871198163568070783e-02,0.000000000000000000e+00,0.000000000000000000e+00,0.000000000000000000e+00,1.000000000000000000e+00
8.427953497214568657e-01,5.327465097112430437e-01,-7.666260417162802654e-02,1.318184276898132501e-01,-5.326587970525865634e-01,8.460093185588071218e-01,2.329890199461197298e-02,-1.660136205012375799e-01,7.726968623191642072e-02,2.119880426230302817e-02,9.967848344991360188e-01,6.895799364135624110e-02,0.000000000000000000e+00,0.000000000000000000e+00,0.000000000000000000e+00,1.000000000000000000e+00
