T00,T01,T02,T03,T10,T11,T12,T13,T20,T21,T22,T23,T30,T31,T32,T33
9.765050035887813396e-01,1.114397835424109223e-01,1.844428166399956492e-01,1.443920898437500155e-01,1.119606165743789045e-01,-9.936834156150219366e-01,7.621670942053398491e-03,-1.567397766113281243e-01,1.841271253844999622e-01,1.320773166310666019e-02,-9.828136942075830218e-01,1.486312866210937500e+00,0.000000000000000000e+00,0.000000000000000000e+00,0.000000000000000000e+00,1.000000000000000000e+00
9.764602799645945019e-01,1.113640980479496528e-01,1.847250911961678677e-01,1.443936157226562433e-01,1.119141332090943936e-01,-9.936897320479711748e-01,7.479519402248358331e-03,-1.567432556152343892e-01,1.843923763053205711e-01,1.336989485366998735e-02,-9.827617704571536272e-01,1.486304931640624938e+00,0.000000000000000000e+00,0.000000000000000000e+00,0.000000000000000000e+00,1.000000000000000000e+00
9.765253686789037157e-01,1.113759978674387086e-01,1.843735106395810452e-01,1.443948516845703078e-01,1.119611524027817606e-01,-9.936860113930587879e-01,7.267125593734604164e-03,-1.567502899169921915e-01,1.840187617586111768e-01,1.354613822409645764e-02,-9.828293836979240528e-01,1.486302978515624984e+00,0.000000000000000000e+00,0.000000000000000000e+00,0.000000000000000000e+00,1.000000000000000000e+00
9.764901944857982130e-01,1.112447669073781814e-01,1.846388418204889525e-01,1.443958129882812469e-01,1.119541148054399721e-01,-9.936913780877352220e-01,6.612207818000767970e-03,-1.567415618896484397e-01,1.842095986945816444e-01,1.421432199653440732e-02,-9.827841964536063735e-01,1.486305908203125137e+00,0.000000000000000000e+00,0.000000000000000000e+00,0.000000000000000000e+00,1.000000000000000000e+00
9.766028801207223831e-01,1.114577558736640356e-01,1.839129772352046943e-01,1.443908843994140545e-01,1.119917902098612056e-01,-9.936807228782803536e-01,7.513980681960764733e-03,-1.567490844726562582e-01,1.835882715902643347e-01,1.325856838822166844e-02,-9.829138094964352534e-01,1.486316650390625105e+00,0.000000000000000000e+00,0.000000000000000000e+00,0.000000000000000000e+00,1.000000000000000000e+00
9.765625518401209737e-01,1.114342050332454981e-01,1.841412509247182527e-01,1.443933410644531179e-01,1.119704999918759436e-01,-9.936831034244434369e-01,7.516455303957685422e-03,-1.567346649169922002e-01,1.838156399087975956e-01,1.327809916274506029e-02,-9.828710508543548885e-01,1.486303588867187608e+00,0.000000000000000000e+00,0.000000000000000000e+00,0.000000000000000000e+00,1.000000000000000000e+00
9.765163448131175539e-01,1.113023772022189301e-01,1.844657397512175501e-01,1.443941955566406254e-01,1.119805178110042515e-01,-9.936873359621480883e-01,6.770670515453904720e-03,-1.567393188476562671e-01,1.840548612332972289e-01,1.404489863204629735e-02,-9.828156230335409749e-01,1.486301757812499957e+00,0.000000000000000000e+00,0.000000000000000000e+00,0.000000000000000000e+00,1.000000000000000000e+00
9.765059582029995688e-01,1.113805011105007681e-01,1.844735687474374497e-01,1.443960266113281377e-01,1.119047554749681705e-01,-9.936898733242325310e-01,7.600089141476975944e-03,-1.567523803710937635e-01,1.841560188973724033e-01,1.322193727275052660e-02,-9.828080896485469342e-01,1.486282348632812500e+00,0.000000000000000000e+00,0.000000000000000000e+00,0.000000000000000000e+00,1.000000000000000000e+00
9.765205703585959629e-01,1.113099611069936767e-01,1.844387926247689768e-01,1.443990020751953207e-01,1.119689560984274690e-01,-9.936879464216625824e-01,6.871535965696255396e-03,-1.567397766113281243e-01,1.840394754848844738e-01,1.394122285378841287e-02,-9.828199803466504125e-01,1.486288085937500059e+00,0.000000000000000000e+00,0.000000000000000000e+00,0.000000000000000000e+00,1.000000000000000000e+00
9.765112787848333475e-01,1.113316781129130434e-01,1.844748759440487385e-01,1.443960418701172033e-01,1.119661554791609864e-01,-9.936873141995761216e-01,7.007255243621246868e-03,-1.567464752197265665e-01,1.840904734993796532e-01,1.381227886322998304e-02,-9.828122498826408204e-01,1.486297241210937425e+00,0.000000000000000000e+00,0.000000000000000000e+00,0.000000000000000000e+00,1.000000000000000000e+00
9.765205191096437698e-01,1.113331462967914048e-01,1.844250695905774173e-01,1.443965301513671917e-01,1.119511571464548577e-01,-9.936884062500268566e-01,7.091522957164829444e-03,-1.567388916015625133e-01,1.840505750368681692e-01,1.372158226807204326e-02,-9.828209928611919555e-01,1.486303955078124961e+00,0.000000000000000000e+00,0.000000000000000000e+00,0.000000000000000000e+00,1.000000000000000000e+00
9.765254663369787869e-01,1.112903335119576620e-01,1.844247143474631589e-01,1.443941497802734286e-01,1.119660319483038458e-01,-9.936889087914301255e-01,6.779397808676936553e-03,-1.567469635009765550e-01,1.840152745972397641e-01,1.402904885208272959e-02,-9.828232620889721938e-01,1.486309448242187470e+00,0.000000000000000000e+00,0.000000000000000000e+00,0.000000000000000000e+00,1.000000000000000000e+00
9.765161950080382125e-01,1.114246092432916446e-01,1.843927258380949064e-01,1.443954467773437556e-01,1.119705022372724790e-01,-9.936833572961397687e-01,7.482784335080980460e-03,-1.567477264404296966e-01,1.840617491923730031e-01,1.333948603403214278e-02,-9.828241605682025428e-01,1.486294677734375069e+00,0.000000000000000000e+00,0.000000000000000000e+00,0.000000000000000000e+00,1.000000000000000000e+00
9.764876686410848272e-01,1.113882051278854840e-01,1.845657084896514533e-01,1.443962097167968694e-01,1.119384611273644275e-01,-9.936870721156441100e-01,7.468843998676946011e-03,-1.567370758056640667e-01,1.842324996094239775e-01,1.336676732150131330e-02,-9.827917966787453885e-01,1.486290039062500012e+00,0.000000000000000000e+00,0.000000000000000000e+00,0.000000000000000000e+00,1.000000000000000000e+00
9.764504954493181677e-01,1.113336679002191604e-01,1.847951415180194290e-01,1.443961029052734379e-01,1.119665651595258687e-01,-9.936870344247720199e-01,7.040305567216159632e-03,-1.567366027832031161e-01,1.844123591930832695e-01,1.381636739471830966e-02,-9.827518454670313153e-01,1.486293579101562568e+00,0.000000000000000000e+00,0.000000000000000000e+00,0.000000000000000000e+00,1.000000000000000000e+00
9.765097996822572624e-01,1.113184559934977808e-01,1.844906839917438701e-01,1.443943328857421882e-01,1.119499412113901388e-01,-9.936890285292067082e-01,7.023193251497637443e-03,-1.567310180664062413e-01,1.841081795773455154e-01,1.379550419177514274e-02,-9.828091687997272397e-01,1.486300048828125053e+00,0.000000000000000000e+00,0.000000000000000000e+00,0.000000000000000000e+00,1.000000000000000000e+00
9.765473468249667999e-01,1.114047695391099241e-01,1.842396719847715636e-01,1.443952026367187613e-01,1.119689036544645327e-01,-9.936843644100252781e-01,7.372146326663019111e-03,-1.567402496337890749e-01,1.838973736178297347e-01,1.342986414608483836e-02,-9.828536995532357601e-01,1.486282226562499975e+00,0.000000000000000000e+00,0.000000000000000000e+00,0.000000000000000000e+00,1.000000000000000000e+00
9.765427699344296775e-01,1.113541638345529605e-01,1.842945161568815271e-01,1.443975219726562620e-01,1.119490122721142900e-01,-9.936878144543276337e-01,7.207361256378318551e-03,-1.567314758300781263e-01,1.839337846620069383e-01,1.359329252570832224e-02,-9.828446394309841017e-01,1.486285278320312431e+00,0.000000000000000000e+00,0.000000000000000000e+00,0.000000000000000000e+00,1.000000000000000000e+00
9.765035123561512931e-01,1.112613902382977860e-01,1.845583739588683159e-01,1.443980560302734473e-01,1.120013016778265702e-01,-9.936871637139396141e-01,6.444306992921611590e-03,-1.567503356933593883e-01,1.841102897139992867e-01,1.437788970564707856e-02,-9.828004260830577321e-01,1.486280395507812546e+00,0.000000000000000000e+00,0.000000000000000000e+00,0.000000000000000000e+00,1.000000000000000000e+00
9.765032548291459058e-01,1.113216059118496554e-01,1.845234222674476676e-01,1.443992004394531181e-01,1.119695310928100068e-01,-9.936874181282049356e-01,6.938239009861596474e-03,-1.567484741210937449e-01,1.841309789658986396e-01,1.388578809101429640e-02,-9.828036260994110762e-01,1.486277221679687566e+00,0.000000000000000000e+00,0.000000000000000000e+00,0.000000000000000000e+00,1.000000000000000000e+00
9.765285569740702609e-01,1.113201269878145439e-01,1.843903650995810106e-01,1.443998565673828283e-01,1.119787547786347537e-01,-9.936868479085851913e-01,6.870718428737754985e-03,-1.567413330078125111e-01,1.839911299285004187e-01,1.393835072443848008e-02,-9.828290728741779780e-01,1.486268432617187552e+00,0.000000000000000000e+00,0.000000000000000000e+00,0.000000000000000000e+00,1.000000000000000000e+00
9.764699009463713164e-01,1.114151942321653377e-01,1.846434050812353900e-01,1.443973388671875024e-01,1.119780541139573649e-01,-9.936830524072306492e-01,7.409909277492184726e-03,-1.567300720214843679e-01,1.843025988493812717e-01,1.344045582775753658e-02,-9.827776484050227968e-01,1.486281249999999998e+00,0.000000000000000000e+00,0.000000000000000000e+00,0.000000000000000000e+00,1.000000000000000000e+00
9.765102248090667958e-01,1.113494715977431382e-01,1.844697157211708238e-01,1.443984527587890698e-01,1.119609373487390758e-01,-9.936870190699419458e-01,7.131384149319810149e-03,-1.567169799804687402e-01,1.840992377804370750e-01,1.368953274574560841e-02,-9.828123255952102566e-01,1.486270385742187505e+00,0.000000000000000000e+00,0.000000000000000000e+00,0.000000000000000000e+00,1.000000000000000000e+00
9.764846989265772992e-01,1.112893573051024904e-01,1.846410347482075609e-01,1.443985443115234357e-01,1.119308862620655293e-01,-9.936914910285373770e-01,6.978349236798953720e-03,-1.567518615722656161e-01,1.842528411256122711e-01,1.385278340621156831e-02,-9.827812528375988732e-01,1.486286254882812630e+00,0.000000000000000000e+00,0.000000000000000000e+00,0.000000000000000000e+00,1.000000000000000000e+00
9.764854604301845820e-01,1.113130006621631807e-01,1.846227544265220677e-01,1.444012603759765589e-01,1.119416587826052856e-01,-9.936897871702515816e-01,7.047829633231503937e-03,-1.567618713378906292e-01,1.842422606175070088e-01,1.378487421507889818e-02,-9.827841912879070607e-01,1.486289550781250135e+00,0.000000000000000000e+00,0.000000000000000000e+00,0.000000000000000000e+00,1.000000000000000000e+00
9.764612512810074696e-01,1.112664872540244376e-01,1.847787692373765445e-01,1.443935852050781399e-01,1.118841758536456288e-01,-9.936957910537590477e-01,7.113791927995143788e-03,-1.567443695068359288e-01,1.844054119061589170e-01,1.372747814401197378e-02,-9.827543947515705591e-01,1.486292602539062591e+00,0.000000000000000000e+00,0.000000000000000000e+00,0.000000000000000000e+00,1.000000000000000000e+00
9.764502271705919334e-01,1.114054407255442442e-01,1.847532993893397091e-01,1.443938903808593688e-01,1.119368673122811825e-01,-9.936863744823349887e-01,7.584649264521996920e-03,-1.567285003662109433e-01,1.844318074379051042e-01,1.327467306189891033e-02,-9.827556621359592182e-01,1.486301757812499957e+00,0.000000000000000000e+00,0.000000000000000000e+00,0.000000000000000000e+00,1.000000000000000000e+00
9.765135795244564987e-01,1.113373880732290017e-01,1.844592503003427142e-01,1.443960113525390720e-01,1.119795351861640892e-01,-9.936860990553969541e-01,6.965647389793577782e-03,-1.567286834716797028e-01,1.840701298522492979e-01,1.385361184310816146e-02,-9.828154784775607888e-01,1.486296020507812621e+00,0.000000000000000000e+00,0.000000000000000000e+00,0.000000000000000000e+00,1.000000000000000000e+00
9.765562017083909696e-01,1.113700927459160134e-01,1.842137002143054980e-01,1.443932952880859488e-01,1.119776380368704555e-01,-9.936851119903763463e-01,7.134899323513061928e-03,-1.567380981445312405e-01,1.838450257270062282e-01,1.366018486108838519e-02,-9.828603185931340525e-01,1.486301025390625030e+00,0.000000000000000000e+00,0.000000000000000000e+00,0.000000000000000000e+00,1.000000000000000000e+00
9.765344067949207618e-01,1.113287323931110434e-01,1.843541854405140457e-01,1.443957672119140778e-01,1.119618654090517723e-01,-9.936878138744112965e-01,7.004944797716125722e-03,-1.567489318847656299e-01,1.839703591337956412e-01,1.380006888521732172e-02,-9.828349124135474790e-01,1.486297485351562475e+00,0.000000000000000000e+00,0.000000000000000000e+00,0.000000000000000000e+00,1.000000000000000000e+00
9.765260955795214137e-01,1.113524070355327578e-01,1.843839095463824795e-01,1.443957977294921813e-01,1.119759613782670138e-01,-9.936858316473526909e-01,7.060598892594921114e-03,-1.567454833984374962e-01,1.840058931817901422e-01,1.375170646510078497e-02,-9.828289382408668118e-01,1.486292480468750066e+00,0.000000000000000000e+00,0.000000000000000000e+00,0.000000000000000000e+00,1.000000000000000000e+00
9.765880759010128198e-01,1.113300842551615405e-01,1.840688521931305166e-01,1.443943023681640569e-01,1.119888554227301408e-01,-9.936858796007617123e-01,6.846089626039341541e-03,-1.567580566406250042e-01,1.836687950335187947e-01,1.392785058074472865e-02,-9.828895099191647944e-01,1.486297241210937425e+00,0.000000000000000000e+00,0.000000000000000000e+00,0.000000000000000000e+00,1.000000000000000000e+00
9.765495856194444935e-01,1.113791033039017997e-01,1.842433232812262511e-01,1.443950805664062642e-01,1.120265128855001957e-01,-9.936810888670558617e-01,6.924885464551847059e-03,-1.567459869384765780e-01,1.838503936280978801e-01,1.387764299876145108e-02,-9.828562681224516373e-01,1.486296142578124924e+00,0.000000000000000000e+00,0.000000000000000000e+00,0.000000000000000000e+00,1.000000000000000000e+00
9.765217132618737583e-01,1.113429557547391119e-01,1.844128242067055445e-01,1.443958587646484437e-01,1.119996482426402623e-01,-9.936843948380433833e-01,6.884929111944855865e-03,-1.567481079101562536e-01,1.840147339797004455e-01,1.393088867049993400e-02,-9.828247595676609105e-01,1.486304809570312635e+00,0.000000000000000000e+00,0.000000000000000000e+00,0.000000000000000000e+00,1.000000000000000000e+00
9.765107311481897590e-01,1.113756513480185645e-01,1.844512299748432282e-01,1.443931427001953205e-01,1.119677904771853999e-01,-9.936854933089176445e-01,7.235625962571351488e-03,-1.567440643310546999e-01,1.840923840034807413e-01,1.358693027205701287e-02,-9.828150331968357190e-01,1.486301513671875130e+00,0.000000000000000000e+00,0.000000000000000000e+00,0.000000000000000000e+00,1.000000000000000000e+00
9.765036868060354980e-01,1.112648224794584861e-01,1.845553817498548355e-01,1.443949127197265703e-01,1.119710015479436771e-01,-9.936893938522071146e-01,6.624451523241348637e-03,-1.567559814453124978e-01,1.841277938459331687e-01,1.419604960008129593e-02,-9.827997902468139646e-01,1.486308227539062443e+00,0.000000000000000000e+00,0.000000000000000000e+00,0.000000000000000000e+00,1.000000000000000000e+00
9.765037904701054927e-01,1.114231566201579898e-01,1.844592837628843962e-01,1.443959197998046784e-01,1.119605905568598209e-01,-9.936840969294156167e-01,7.532706799770192904e-03,-1.567616882324218697e-01,1.841335747756930874e-01,1.329645360131239025e-02,-9.828112895983402986e-01,1.486288696289062461e+00,0.000000000000000000e+00,0.000000000000000000e+00,0.000000000000000000e+00,1.000000000000000000e+00
9.764687340560678219e-01,1.113362820395431135e-01,1.846971675812920932e-01,1.443932952880859488e-01,1.119172862995651413e-01,-9.936906402654956949e-01,7.309752122388690418e-03,-1.567453918457031303e-01,1.843456873330150680e-01,1.353306138170168489e-02,-9.827682960959607250e-01,1.486307373046874991e+00,0.000000000000000000e+00,0.000000000000000000e+00,0.000000000000000000e+00,1.000000000000000000e+00
9.764863873237796810e-01,1.113550134442074652e-01,1.845925143449599348e-01,1.443927612304687635e-01,1.119475963869506624e-01,-9.936877226463209922e-01,7.241928275882003781e-03,-1.567201690673828141e-01,1.842337402175243666e-01,1.359304391256802719e-02,-9.827884605156154141e-01,1.486306518554687539e+00,0.000000000000000000e+00,0.000000000000000000e+00,0.000000000000000000e+00,1.000000000000000000e+00
9.765005690760517609e-01,1.113745022372264609e-01,1.845057149400990693e-01,1.443928222656249982e-01,1.119375156159808787e-01,-9.936877305565621210e-01,7.395048280507368621e-03,-1.567216491699218728e-01,1.841646849748047876e-01,1.343184249308473216e-02,-9.828036194557749905e-01,1.486303222656250034e+00,0.000000000000000000e+00,0.000000000000000000e+00,0.000000000000000000e+00,1.000000000000000000e+00
9.765539301884069712e-01,1.113397026594134531e-01,1.842441099337778776e-01,1.443936614990234402e-01,1.119513156874104021e-01,-9.936882377105757946e-01,7.112605114048949247e-03,-1.567479095458984284e-01,1.838731202471813320e-01,1.368052803673964687e-02,-9.828547801192208944e-01,1.486306030273437440e+00,0.000000000000000000e+00,0.000000000000000000e+00,0.000000000000000000e+00,1.000000000000000000e+00
9.765638310274190603e-01,1.114177934273095916e-01,1.841443977883665262e-01,1.443950958251953021e-01,1.119492876489460997e-01,-9.936853088731486539e-01,7.540817234805973282e-03,-1.567717895507812487e-01,1.838217640105336559e-01,1.325074478905208762e-02,-9.828702746744309993e-01,1.486306274414062489e+00,0.000000000000000000e+00,0.000000000000000000e+00,0.000000000000000000e+00,1.000000000000000000e+00
9.765091725926657862e-01,1.112689480090891803e-01,1.845238658042316626e-01,1.443942260742187567e-01,1.119547682717065007e-01,-9.936905065667078762e-01,6.731048984235364976e-03,-1.567202301025390765e-01,1.841085704241276766e-01,1.408539556243583978e-02,-9.828049836708367959e-01,1.486300292968750103e+00,0.000000000000000000e+00,0.000000000000000000e+00,0.000000000000000000e+00,1.000000000000000000e+00
9.764873428076389361e-01,1.113834103834824285e-01,1.845703259676952368e-01,1.443934020996093803e-01,1.120203944721990252e-01,-9.936812098509665292e-01,7.006026792143784862e-03,-1.567344970703125062e-01,1.841844199675137239e-01,1.383434423686396957e-02,-9.827943377740667730e-01,1.486318359375000009e+00,0.000000000000000000e+00,0.000000000000000000e+00,0.000000000000000000e+00,1.000000000000000000e+00
9.765618651065695044e-01,1.113651471186608288e-01,1.841866651710094005e-01,1.443966827392578200e-01,1.119841114120658232e-01,-9.936848368738715465e-01,7.071333551552516292e-03,-1.567619476318359295e-01,1.838109964360906678e-01,1.372038535123239721e-02,-9.828658446680222927e-01,1.486293457031250043e+00,0.000000000000000000e+00,0.000000000000000000e+00,0.000000000000000000e+00,1.000000000000000000e+00
9.765317947383154173e-01,1.113450089285500100e-01,1.843581917134842207e-01,1.443940124511718659e-01,1.119471538095857810e-01,-9.936882774019286657e-01,7.172315380740690999e-03,-1.567582702636718672e-01,1.839931754688136079e-01,1.363438083262259043e-02,-9.828329537821844930e-01,1.486296508789062498e+00,0.000000000000000000e+00,0.000000000000000000e+00,0.000000000000000000e+00,1.000000000000000000e+00
9.765514447693628419e-01,1.114271573067236870e-01,1.842044091041611653e-01,1.443953094482421928e-01,1.119499190391632787e-01,-9.936848421124759856e-01,7.592771761911518147e-03,-1.567598571777343852e-01,1.838871701505988832e-01,1.320693645196903757e-02,-9.828586294496064468e-01,1.486293090820312468e+00,0.000000000000000000e+00,0.000000000000000000e+00,0.000000000000000000e+00,1.000000000000000000e+00
9.765519301754179704e-01,1.113191186653491177e-01,1.842671470724922822e-01,1.443964233398437602e-01,1.119633534256054413e-01,-9.936881154700600849e-01,6.938059040813600656e-03,-1.567413940429687458e-01,1.838764127351807665e-01,1.385579276442793807e-02,-9.828517089808159746e-01,1.486298583984374977e+00,0.000000000000000000e+00,0.000000000000000000e+00,0.000000000000000000e+00,1.000000000000000000e+00
9.765429764533138934e-01,1.114069014538009578e-01,1.842615463089516126e-01,1.443935394287109431e-01,1.119751763172365383e-01,-9.936838080001392237e-01,7.351843786869319969e-03,-1.567321014404296775e-01,1.839167611405404801e-01,1.345332772238233207e-02,-9.828497509511654462e-01,1.486288330078125108e+00,0.000000000000000000e+00,0.000000000000000000e+00,0.000000000000000000e+00,1.000000000000000000e+00
9.764954008952433373e-01,1.113078772073452377e-01,1.845732605282588978e-01,1.443931579589843861e-01,1.119542416833638615e-01,-9.936890649285408106e-01,6.949101419985953196e-03,-1.567373046874999953e-01,1.841819203926947091e-01,1.387799384049629055e-02,-9.827941908087480805e-01,1.486290649414062637e+00,0.000000000000000000e+00,0.000000000000000000e+00,0.000000000000000000e+00,1.000000000000000000e+00
9.765227666171631959e-01,1.113517794046415404e-01,1.844019183787993232e-01,1.443941650390624942e-01,1.119644294222103126e-01,-9.936867061954579583e-01,7.120145685336463394e-03,-1.567475433349609371e-01,1.840305757816352861e-01,1.369347121228124339e-02,-9.828251299308732314e-01,1.486298950195312552e+00,0.000000000000000000e+00,0.000000000000000000e+00,0.000000000000000000e+00,1.000000000000000000e+00
9.765096143782143745e-01,1.112817088260124876e-01,1.845138322936087649e-01,1.443946990966796795e-01,1.119766365878271941e-01,-9.936883678682781884e-01,6.682845333799092291e-03,-1.567537384033203252e-01,1.840929273095223417e-01,1.413537562431132003e-02,-9.828071963872522243e-01,1.486309570312499995e+00,0.000000000000000000e+00,0.000000000000000000e+00,0.000000000000000000e+00,1.000000000000000000e+00
9.764900509133237483e-01,1.113296590315763224e-01,1.845884272840745688e-01,1.443929290771484297e-01,1.119655076059105636e-01,-9.936873789995549489e-01,7.008418048757463978e-03,-1.567431945800781268e-01,1.842034352932808428e-01,1.382388646178508464e-02,-9.827909210962656461e-01,1.486303710937500133e+00,0.000000000000000000e+00,0.000000000000000000e+00,0.000000000000000000e+00,1.000000000000000000e+00
9.765223219567986668e-01,1.113183729076537981e-01,1.844244413663638227e-01,1.443905487060546944e-01,1.119451513899047818e-01,-9.936894260505670928e-01,7.043268813995937593e-03,-1.567454986572265618e-01,1.840446625153637217e-01,1.376751279234699268e-02,-9.828214577384433159e-01,1.486305664062500087e+00,0.000000000000000000e+00,0.000000000000000000e+00,0.000000000000000000e+00,1.000000000000000000e+00
9.764841185368435816e-01,1.113439016332432446e-01,1.846112180080363152e-01,1.443906707763671915e-01,1.119249405413332982e-01,-9.936898214670353280e-01,7.303861829942814160e-03,-1.567466735839843917e-01,1.842595287363534284e-01,1.353049451788597424e-02,-9.827844889842118903e-01,1.486321411132812464e+00,0.000000000000000000e+00,0.000000000000000000e+00,0.000000000000000000e+00,1.000000000000000000e+00
9.764988041286869480e-01,1.113193326818453649e-01,1.845483451741399272e-01,1.443879089355468714e-01,1.119449361742437116e-01,-9.936893382470323166e-01,7.059059365087913367e-03,-1.567516479492187531e-01,1.841695327685590744e-01,1.376608969329963170e-02,-9.827980860656816420e-01,1.486327636718750123e+00,0.000000000000000000e+00,0.000000000000000000e+00,0.000000000000000000e+00,1.000000000000000000e+00
9.765135492750054436e-01,1.113764015676770858e-01,1.844358567528754933e-01,1.443922576904296817e-01,1.119426369090704421e-01,-9.936873186596244523e-01,7.372840489932728364e-03,-1.567412567138671831e-01,1.840927324045565916e-01,1.344655751043778713e-02,-9.828168984948024711e-01,1.486311889648437523e+00,0.000000000000000000e+00,0.000000000000000000e+00,0.000000000000000000e+00,1.000000000000000000e+00
9.765061901516688403e-01,1.113378758965230531e-01,1.844980704135508187e-01,1.443906402587890603e-01,1.119378447637766893e-01,-9.936891707525458139e-01,7.193805582499246051e-03,-1.567414703369140738e-01,1.841346776278541264e-01,1.362752068311024432e-02,-9.828065481949731508e-01,1.486316284179687530e+00,0.000000000000000000e+00,0.000000000000000000e+00,0.000000000000000000e+00,1.000000000000000000e+00
9.764816109406074807e-01,1.113467014384628279e-01,1.846227926709219092e-01,1.443917999267578245e-01,1.119583021011824470e-01,-9.936872398497381687e-01,7.141985048246164008e-03,-1.567495269775390776e-01,1.842525497393638911e-01,1.369603733138990281e-02,-9.827835043772156220e-01,1.486316284179687530e+00,0.000000000000000000e+00,0.000000000000000000e+00,0.000000000000000000e+00,1.000000000000000000e+00
9.765520315994470346e-01,1.114019013800319896e-01,1.842165734886697659e-01,1.443922271728515783e-01,1.120072904612833403e-01,-9.936816641781870407e-01,7.149626535040549263e-03,-1.567518157958984470e-01,1.838491133035852765e-01,1.365161693655661881e-02,-9.828596730421405026e-01,1.486309326171874945e+00,0.000000000000000000e+00,0.000000000000000000e+00,0.000000000000000000e+00,1.000000000000000000e+00
9.764758384309493167e-01,1.113219800957310213e-01,1.846682260383219198e-01,1.443950042724609362e-01,1.119544495790396332e-01,-9.936884596619068866e-01,7.031810165343718201e-03,-1.567494964599609464e-01,1.842854801117802810e-01,1.380803687396672461e-02,-9.827757627951851926e-01,1.486312866210937500e+00,0.000000000000000000e+00,0.000000000000000000e+00,0.000000000000000000e+00,1.000000000000000000e+00
9.765048907736891826e-01,1.112408515698442152e-01,1.845634612730313040e-01,1.443962249755859351e-01,1.119192008546832234e-01,-9.936942392458260054e-01,6.771363947408846548e-03,-1.567419891357421935e-01,1.841529005340803993e-01,1.404392508079856626e-02,-9.827972717672807113e-01,1.486300659179687456e+00,0.000000000000000000e+00,0.000000000000000000e+00,0.000000000000000000e+00,1.000000000000000000e+00
9.764809793338060651e-01,1.114105532334656312e-01,1.845876096261722665e-01,1.443986206054687638e-01,1.119244220041755444e-01,-9.936871471876154160e-01,7.666633757351872143e-03,-1.567307891845703127e-01,1.842764791239572819e-01,1.317353947696914968e-02,-9.827861604129997097e-01,1.486270263671874980e+00,0.000000000000000000e+00,0.000000000000000000e+00,0.000000000000000000e+00,1.000000000000000000e+00
9.765109327034185993e-01,1.113318392510714988e-01,1.844766106574846909e-01,1.443933715820312491e-01,1.120008609794536786e-01,-9.936846855088047326e-01,6.822970403670837458e-03,-1.567336883544921955e-01,1.840711966891091234e-01,1.399883403151331446e-02,-9.828132209098520145e-01,1.486298828125000027e+00,0.000000000000000000e+00,0.000000000000000000e+00,0.000000000000000000e+00,1.000000000000000000e+00
9.764929378110634994e-01,1.113624287734896051e-01,1.845533848586581593e-01,1.443942871093749913e-01,1.119857396156995338e-01,-9.936846221170841931e-01,7.075725457685731051e-03,-1.567413787841796802e-01,1.841758304660068013e-01,1.375795136265760277e-02,-9.827970198603878105e-01,1.486300415039062628e+00,0.000000000000000000e+00,0.000000000000000000e+00,0.000000000000000000e+00,1.000000000000000000e+00
9.765435165506107795e-01,1.114343023810540623e-01,1.842421139040027744e-01,1.443966064453124920e-01,1.119735984601514522e-01,-9.936828194138042081e-01,7.507839217664277753e-03,-1.567415008544921773e-01,1.839148540244982255e-01,1.329852077042183167e-02,-9.828522146357848710e-01,1.486280639648437596e+00,0.000000000000000000e+00,0.000000000000000000e+00,0.000000000000000000e+00,1.000000000000000000e+00
9.765603943558165412e-01,1.113677859608821347e-01,1.841928674671825250e-01,1.443968963623046831e-01,1.119531586554445707e-01,-9.936870250561378182e-01,7.251655131843940359e-03,-1.567449188232421797e-01,1.838376632866094151e-01,1.353929411946885875e-02,-9.828633684658643066e-01,1.486274169921875110e+00,0.000000000000000000e+00,0.000000000000000000e+00,0.000000000000000000e+00,1.000000000000000000e+00
9.764712238253219212e-01,1.113812475150675607e-01,1.846568892380282823e-01,1.443938598632812653e-01,1.119353911258195999e-01,-9.936875279564132413e-01,7.454193275071577945e-03,-1.567410430908203200e-01,1.843215051332534327e-01,1.339083589099621802e-02,-9.827747800282384816e-01,1.486298095703125099e+00,0.000000000000000000e+00,0.000000000000000000e+00,0.000000000000000000e+00,1.000000000000000000e+00
9.765401364644555882e-01,1.113214112412966861e-01,1.843282541370928895e-01,1.443909301757812513e-01,1.119917856344915807e-01,-9.936858433765262122e-01,6.803280347004517226e-03,-1.567448272705078138e-01,1.839217274396384993e-01,1.399957400523165266e-02,-9.828411927179748764e-01,1.486307617187500041e+00,0.000000000000000000e+00,0.000000000000000000e+00,0.000000000000000000e+00,1.000000000000000000e+00
9.765368549956270350e-01,1.113515928098525593e-01,1.843274087431361064e-01,1.443901977539062409e-01,1.119589675604203000e-01,-9.936871599456962301e-01,7.142670499298506455e-03,-1.567493286132812524e-01,1.839591270311291826e-01,1.366202539031409827e-02,-9.828389433901059125e-01,1.486309448242187470e+00,0.000000000000000000e+00,0.000000000000000000e+00,0.000000000000000000e+00,1.000000000000000000e+00
9.765048780003564577e-01,1.113553568846191028e-01,1.844944653224271924e-01,1.443944549560546853e-01,1.119341181424250570e-01,-9.936887545642010267e-01,7.308368376398720334e-03,-1.567527313232421893e-01,1.841439014390289786e-01,1.351456790824720824e-02,-9.828063797193560269e-01,1.486300537109374931e+00,0.000000000000000000e+00,0.000000000000000000e+00,0.000000000000000000e+00,1.000000000000000000e+00
9.765146713913576138e-01,1.113137792771673878e-01,1.844677183153292932e-01,1.443942718505859535e-01,1.119793308985384123e-01,-9.936870009988884034e-01,6.839115246244774349e-03,-1.567453308105468679e-01,1.840644615588388489e-01,1.397807529203629051e-02,-9.828147777695376286e-01,1.486298583984374977e+00,0.000000000000000000e+00,0.000000000000000000e+00,0.000000000000000000e+00,1.000000000000000000e+00
9.765420556156655385e-01,1.113990617814624579e-01,1.842711660790706252e-01,1.443933563232421835e-01,1.119785970859739216e-01,-9.936838660373158438e-01,7.291650827571688476e-03,-1.567361145019531277e-01,1.839195677696846554e-01,1.351382297294230483e-02,-9.828483958271837517e-01,1.486306274414062489e+00,0.000000000000000000e+00,0.000000000000000000e+00,0.000000000000000000e+00,1.000000000000000000e+00
9.765617686992913438e-01,1.113696837694607977e-01,1.841844332510270132e-01,1.443945007324218821e-01,1.119835156552172473e-01,-9.936847065082179409e-01,7.099033256322577999e-03,-1.567480468749999911e-01,1.838118715872547604e-01,1.369297589156423176e-02,-9.828660632430157307e-01,1.486303710937500133e+00,0.000000000000000000e+00,0.000000000000000000e+00,0.000000000000000000e+00,1.000000000000000000e+00
9.765751254009704674e-01,1.114052668726023265e-01,1.840920719670561534e-01,1.443951110839843677e-01,1.119942665224825107e-01,-9.936825636157302633e-01,7.228210854822419117e-03,-1.567510986328125022e-01,1.837343427728487522e-01,1.355836565058165383e-02,-9.828824253219277107e-01,1.486290405273437587e+00,0.000000000000000000e+00,0.000000000000000000e+00,0.000000000000000000e+00,1.000000000000000000e+00
9.765036493567562648e-01,1.114028895303349892e-01,1.844722716215877190e-01,1.443914794921875022e-01,1.119570137164968698e-01,-9.936851783269171623e-01,7.442677816954275036e-03,-1.567450714111328081e-01,1.841364979373209254e-01,1.338516259500900467e-02,-9.828095377791590259e-01,1.486297729492187525e+00,0.000000000000000000e+00,0.000000000000000000e+00,0.000000000000000000e+00,1.000000000000000000e+00
9.764846349676915560e-01,1.112916476611989780e-01,1.846399925066868897e-01,1.443938140869140685e-01,1.119381689407789870e-01,-9.936908563697067764e-01,6.951855969760311824e-03,-1.567463531494140694e-01,1.842487557792439334e-01,1.387988213545831954e-02,-9.827816364105029789e-01,1.486291870117187441e+00,0.000000000000000000e+00,0.000000000000000000e+00,0.000000000000000000e+00,1.000000000000000000e+00
9.764909304329710826e-01,1.113223457323019028e-01,1.845881852199871553e-01,1.443948211669922044e-01,1.119317106469602807e-01,-9.936901850495857280e-01,7.149006068335430480e-03,-1.567550506591796899e-01,1.842193120543977880e-01,1.368033174955128953e-02,-9.827899539522301220e-01,1.486293212890624993e+00,0.000000000000000000e+00,0.000000000000000000e+00,0.000000000000000000e+00,1.000000000000000000e+00
9.765292620590229067e-01,1.113687623969160517e-01,1.843572594302699263e-01,1.443932342529296864e-01,1.119798260171087773e-01,-9.936849233170947926e-01,7.126832219000532598e-03,-1.567507476806640765e-01,1.839867356839580692e-01,1.368473362835355076e-02,-9.828334595229666348e-01,1.486306518554687539e+00,0.000000000000000000e+00,0.000000000000000000e+00,0.000000000000000000e+00,1.000000000000000000e+00
9.765159615272462901e-01,1.113553696760981593e-01,1.844357842904050526e-01,1.443919525146484528e-01,1.119574011762339838e-01,-9.936870692530848093e-01,7.179743803127715089e-03,-1.567469024658203203e-01,1.840709569823037184e-01,1.363781666962367994e-02,-9.828183416848224052e-01,1.486297363281249950e+00,0.000000000000000000e+00,0.000000000000000000e+00,0.000000000000000000e+00,1.000000000000000000e+00
9.765353354963912658e-01,1.113632732711411777e-01,1.843284022967905389e-01,1.443935852050781399e-01,1.119819777327651922e-01,-9.936849920321608742e-01,7.083309473879903506e-03,-1.567371826171874982e-01,1.839531874961909952e-01,1.372435704801530307e-02,-9.828391866595520554e-01,1.486293090820312468e+00,0.000000000000000000e+00,0.000000000000000000e+00,0.000000000000000000e+00,1.000000000000000000e+00
9.765382789881137393e-01,1.113832068082247634e-01,1.843007621038208199e-01,1.443938598632812653e-01,1.119868949469078473e-01,-9.936838643041553398e-01,7.163321974577003572e-03,-1.567495422363281155e-01,1.839345672544537014e-01,1.364401197146447239e-02,-9.828437901855205938e-01,1.486302978515624984e+00,0.000000000000000000e+00,0.000000000000000000e+00,0.000000000000000000e+00,1.000000000000000000e+00
9.764829828652419330e-01,1.113290242685300302e-01,1.846261967598763210e-01,1.443953399658203240e-01,1.119358500368176912e-01,-9.936895960081852941e-01,7.166049234029711265e-03,-1.567446746826171855e-01,1.842589201399340293e-01,1.366876514197699725e-02,-9.827826897174976040e-01,1.486281494140625048e+00,0.000000000000000000e+00,0.000000000000000000e+00,0.000000000000000000e+00,1.000000000000000000e+00
9.764895710152057262e-01,1.113426982380531505e-01,1.845831011972904334e-01,1.443921966552734470e-01,1.119595035325447463e-01,-9.936873278539997134e-01,7.110838988734644039e-03,-1.567540893554687509e-01,1.842096285954820112e-01,1.372217225687841213e-02,-9.827911857161046871e-01,1.486291625976562614e+00,0.000000000000000000e+00,0.000000000000000000e+00,0.000000000000000000e+00,1.000000000000000000e+00
9.765126114064145435e-01,1.114050510855761067e-01,1.844235189905169825e-01,1.443914489746093710e-01,1.119756114996778851e-01,-9.936837613478285425e-01,7.351521128665815599e-03,-1.567556304931640720e-01,1.840776526183952877e-01,1.347208321872270763e-02,-9.828193734253763969e-01,1.486305664062500087e+00,0.000000000000000000e+00,0.000000000000000000e+00,0.000000000000000000e+00,1.000000000000000000e+00
9.764699713676426862e-01,1.113034104869129459e-01,1.847104377972644540e-01,1.443934173583984459e-01,1.119196848414465706e-01,-9.936917505250334459e-01,7.119626639547800562e-03,-1.567381896972656341e-01,1.843376770013841204e-01,1.372063236432791156e-02,-9.827671978069153491e-01,1.486292724609375115e+00,0.000000000000000000e+00,0.000000000000000000e+00,0.000000000000000000e+00,1.000000000000000000e+00
9.765192524265369212e-01,1.112954404774026546e-01,1.844545325256566615e-01,1.443924255371093757e-01,1.119444620490938763e-01,-9.936903374613343942e-01,6.924640966729686889e-03,-1.567337951660156270e-01,1.840613676382325259e-01,1.388661819594867904e-02,-9.828166536939753062e-01,1.486296020507812621e+00,0.000000000000000000e+00,0.000000000000000000e+00,0.000000000000000000e+00,1.000000000000000000e+00
9.764929539771862732e-01,1.113341159802330588e-01,1.845703807543583042e-01,1.443931579589843861e-01,1.119636105732649128e-01,-9.936873598484954329e-01,7.041362419655253051e-03,-1.567289123535156314e-01,1.841891982183186116e-01,1.378932544494709464e-02,-9.827940749533781162e-01,1.486300170898437578e+00,0.000000000000000000e+00,0.000000000000000000e+00,0.000000000000000000e+00,1.000000000000000000e+00
9.764648256766449430e-01,1.114392296118390802e-01,1.846557400131374760e-01,1.443906707763671915e-01,1.119632882161326337e-01,-9.936831277060335088e-01,7.619960904508419827e-03,-1.567364807128906190e-01,1.843384558579973242e-01,1.323404004357049864e-02,-9.827737246569093754e-01,1.486295166015624947e+00,0.000000000000000000e+00,0.000000000000000000e+00,0.000000000000000000e+00,1.000000000000000000e+00
9.765084549391268576e-01,1.113577567324592482e-01,1.844740834044559241e-01,1.443914642333984366e-01,1.119654403569511764e-01,-9.936863586127447912e-01,7.152682896507407857e-03,-1.567443084716796942e-01,1.841058869185712155e-01,1.367006665888687716e-02,-9.828113510127304275e-01,1.486291870117187441e+00,0.000000000000000000e+00,0.000000000000000000e+00,0.000000000000000000e+00,1.000000000000000000e+00
9.765001712573002646e-01,1.113007384173289732e-01,1.845523263527746594e-01,1.443952789306640616e-01,1.119469382988493716e-01,-9.936898975108265919e-01,6.947703968722374404e-03,-1.567447509765625135e-01,1.841610668408970308e-01,1.387563377582075146e-02,-9.827981319921923475e-01,1.486282348632812500e+00,0.000000000000000000e+00,0.000000000000000000e+00,0.000000000000000000e+00,1.000000000000000000e+00
9.765120912460678593e-01,1.113809786369756999e-01,1.844408123168542191e-01,1.443952636718749960e-01,1.119432612385999753e-01,-9.936870855949702097e-01,7.394740363314201981e-03,-1.567534484863281341e-01,1.841000866743360276e-01,1.342585265984353946e-02,-9.828158039871246476e-01,1.486281860351562623e+00,0.000000000000000000e+00,0.000000000000000000e+00,0.000000000000000000e+00,1.000000000000000000e+00
9.765318060351120266e-01,1.113357575190137977e-01,1.843637190432811102e-01,1.443942413330078223e-01,1.119780448933663936e-01,-9.936863245813605250e-01,6.957427818264708998e-03,-1.567418212890624996e-01,1.839743168587989197e-01,1.385053925500755179e-02,-9.828334616295295589e-01,1.486286010742187580e+00,0.000000000000000000e+00,0.000000000000000000e+00,0.000000000000000000e+00,1.000000000000000000e+00
9.765335680592474032e-01,1.113552525841433188e-01,1.843426108510915762e-01,1.443917999267578245e-01,1.119575272439779362e-01,-9.936871152401577367e-01,7.171408446591814520e-03,-1.567383880615234315e-01,1.839774511914144262e-01,1.363542179822657512e-02,-9.828358829049209655e-01,1.486291748046875139e+00,0.000000000000000000e+00,0.000000000000000000e+00,0.000000000000000000e+00,1.000000000000000000e+00
9.765082701105740615e-01,1.113690000518741535e-01,1.844682743267790359e-01,1.443901824951172030e-01,1.119383119155344247e-01,-9.936879148920989557e-01,7.358133111951946186e-03,-1.567381134033203061e-01,1.841233628064474215e-01,1.346378939371582761e-02,-9.828109246665948096e-01,1.486288696289062461e+00,0.000000000000000000e+00,0.000000000000000000e+00,0.000000000000000000e+00,1.000000000000000000e+00
9.764852626197346730e-01,1.113291760149991566e-01,1.846140472832143442e-01,1.443950653076171986e-01,1.119343553196075064e-01,-9.936897075279036429e-01,7.173928651255885580e-03,-1.567548370361328269e-01,1.842477462159345380e-01,1.365941876255329090e-02,-9.827849145634144357e-01,1.486278198242187543e+00,0.000000000000000000e+00,0.000000000000000000e+00,0.000000000000000000e+00,1.000000000000000000e+00
9.765302978263111777e-01,1.114150127262766299e-01,1.843238247391268125e-01,1.443951568603515645e-01,1.119539580421565206e-01,-9.936849864873343874e-01,7.513914316909932334e-03,-1.567511444091796990e-01,1.839969801544356354e-01,1.329821675528056885e-02,-9.828368474600340798e-01,1.486295898437500096e+00,0.000000000000000000e+00,0.000000000000000000e+00,0.000000000000000000e+00,1.000000000000000000e+00
9.764868809183001597e-01,1.113258915629053852e-01,1.846074680563437320e-01,1.443935852050781399e-01,1.119660746057532935e-01,-9.936874701985839442e-01,6.986394471939594980e-03,-1.567480926513671879e-01,1.842198945060728732e-01,1.384765099440664685e-02,-9.827875014620958138e-01,1.486284790039062553e+00,0.000000000000000000e+00,0.000000000000000000e+00,0.000000000000000000e+00,1.000000000000000000e+00
9.764931179757780910e-01,1.113613886833523386e-01,1.845530591901931583e-01,1.443900756835937438e-01,1.119838237696930000e-01,-9.936848056114155892e-01,7.080276189678694557e-03,-1.567489013671874987e-01,1.841760401351433818e-01,1.375311628392329559e-02,-9.827970482417107689e-01,1.486292968749999943e+00,0.000000000000000000e+00,0.000000000000000000e+00,0.000000000000000000e+00,1.000000000000000000e+00
9.764690490047489568e-01,1.113145813066502149e-01,1.847085821619739165e-01,1.443915557861328025e-01,1.119381917481018368e-01,-9.936899388930240384e-01,7.081424358401337479e-03,-1.567352905273437513e-01,1.843313255090590908e-01,1.376115297871983827e-02,-9.827678225831215642e-01,1.486281982421874925e+00,0.000000000000000000e+00,0.000000000000000000e+00,0.000000000000000000e+00,1.000000000000000000e+00
9.765143853276621044e-01,1.112892214984749772e-01,1.844840492465459614e-01,1.443940582275390627e-01,1.119574035795194711e-01,-9.936895754910581857e-01,6.824026973367629950e-03,-1.567578125000000100e-01,1.840793172300223823e-01,1.399059465012201034e-02,-9.828118173025113258e-01,1.486283447265625002e+00,0.000000000000000000e+00,0.000000000000000000e+00,0.000000000000000000e+00,1.000000000000000000e+00
9.764707113028996410e-01,1.112920508711236628e-01,1.847133708763630255e-01,1.443956756591796842e-01,1.119375368329650483e-01,-9.936908492790510472e-01,6.963038621688198704e-03,-1.567565155029296831e-01,1.843229172278320060e-01,1.387715648026457971e-02,-9.827677684542999170e-01,1.486291748046875139e+00,0.000000000000000000e+00,0.000000000000000000e+00,0.000000000000000000e+00,1.000000000000000000e+00
9.764455094657307210e-01,1.113482495607696077e-01,1.848127007647520914e-01,1.443937225341797026e-01,1.119386991747968185e-01,-9.936885259312933094e-01,7.269185617904745655e-03,-1.567442626953124973e-01,1.844556712905937590e-01,1.358972966051136613e-02,-9.827468771644560785e-01,1.486293823242187617e+00,0.000000000000000000e+00,0.000000000000000000e+00,0.000000000000000000e+00,1.000000000000000000e+00
9.764901691616220125e-01,1.114113348717470919e-01,1.845385162853611094e-01,1.443925170898437416e-01,1.119697998978794462e-01,-9.936838683186989263e-01,7.425210705148784646e-03,-1.567680358886718861e-01,1.842001993525954062e-01,1.341209548439202537e-02,-9.827972335396460979e-01,1.486303588867187608e+00,0.000000000000000000e+00,0.000000000000000000e+00,0.000000000000000000e+00,1.000000000000000000e+00
9.765502065204579862e-01,1.113699906822481350e-01,1.842455408423421259e-01,1.443867950439453041e-01,1.120433965071679222e-01,-9.936801487704677305e-01,6.785222077332653777e-03,-1.567705230712890530e-01,1.838368065540433305e-01,1.401738616636976492e-02,-9.828568265220903877e-01,1.486323486328124943e+00,0.000000000000000000e+00,0.000000000000000000e+00,0.000000000000000000e+00,1.000000000000000000e+00
9.764859309925355557e-01,1.113941799115509140e-01,1.845712958600938813e-01,1.444059753417968883e-01,1.119745708413733415e-01,-9.936841918506369442e-01,7.309059517946098899e-03,-1.567762603759765561e-01,1.842197656564885377e-01,1.353009785550871036e-02,-9.827919486816569794e-01,1.486314086914062527e+00,0.000000000000000000e+00,0.000000000000000000e+00,0.000000000000000000e+00,1.000000000000000000e+00
9.765350116369297950e-01,1.114219560931905550e-01,1.842946519778281833e-01,1.444276275634765738e-01,1.119712683412095733e-01,-9.936834645433476609e-01,7.457034208777843509e-03,-1.567514038085937589e-01,1.839614256123346392e-01,1.335365094261337093e-02,-9.828427513560755724e-01,1.486279174804687520e+00,0.000000000000000000e+00,0.000000000000000000e+00,0.000000000000000000e+00,1.000000000000000000e+00
9.765370464643967630e-01,1.113971780073804430e-01,1.842988486523572667e-01,1.444209136962890661e-01,1.120240180732895163e-01,-9.936805557706820391e-01,7.040771121379773775e-03,-1.567706909179687469e-01,1.839185043906887695e-01,1.377032371661409370e-02,-9.828450345438144442e-01,1.486280761718750121e+00,0.000000000000000000e+00,0.000000000000000000e+00,0.000000000000000000e+00,1.000000000000000000e+00
9.764782797169223594e-01,1.114015701475216669e-01,1.846073113659019438e-01,1.444111328125000093e-01,1.120230499301406446e-01,-9.936802915406287573e-01,7.093270619444971489e-03,-1.567688751220703280e-01,1.842308484630884868e-01,1.375384936656924052e-02,-9.827867653271348258e-01,1.486290039062500012e+00,0.000000000000000000e+00,0.000000000000000000e+00,0.000000000000000000e+00,1.000000000000000000e+00
9.764918425555250137e-01,1.114479730961759479e-01,1.845075356598482319e-01,1.443632354736328061e-01,1.119866152738239889e-01,-9.936811686482517336e-01,7.532136042161513036e-03,-1.567496337890625091e-01,1.841811049538704670e-01,1.330730500887160675e-02,-9.828022365722274278e-01,1.486295654296875046e+00,0.000000000000000000e+00,0.000000000000000000e+00,0.000000000000000000e+00,1.000000000000000000e+00
9.765001063971525674e-01,1.114448237224441168e-01,1.844656972768191905e-01,1.443294372558593663e-01,1.120129146110992596e-01,-9.936794084523017379e-01,7.371579085270890674e-03,-1.567758331298828023e-01,1.841212892814851065e-01,1.346419263666318381e-02,-9.828113076018032412e-01,1.486314086914062527e+00,0.000000000000000000e+00,0.000000000000000000e+00,0.000000000000000000e+00,1.000000000000000000e+00
9.764327691951050214e-01,1.114490546051762482e-01,1.848192508089772645e-01,1.443074645996093863e-01,1.120152929657102919e-01,-9.936788684142977557e-01,7.408144753386580739e-03,-1.567621002197265578e-01,1.844766147341860285e-01,1.346902722892322907e-02,-9.827446076787812457e-01,1.486341186523437496e+00,0.000000000000000000e+00,0.000000000000000000e+00,0.000000000000000000e+00,1.000000000000000000e+00
9.765471287010509815e-01,1.114417172703956044e-01,1.842184819109054794e-01,1.443408660888672035e-01,1.120446028885120210e-01,-9.936773332839721196e-01,7.166887832925022614e-03,-1.567927856445312518e-01,1.838524201344356734e-01,1.364188291546651090e-02,-9.828591896305554076e-01,1.486360839843750004e+00,0.000000000000000000e+00,0.000000000000000000e+00,0.000000000000000000e+00,1.000000000000000000e+00
9.765696700214331338e-01,1.115703065328497307e-01,1.840210485091175741e-01,1.443816070556640518e-01,1.120774310127244239e-01,-9.936698252805523657e-01,7.676443480204466277e-03,-1.567852783203124989e-01,1.837126262721674175e-01,1.312802449276838195e-02,-9.828923267179882073e-01,1.486318237304687484e+00,0.000000000000000000e+00,0.000000000000000000e+00,0.000000000000000000e+00,1.000000000000000000e+00
9.765738276991136058e-01,1.115743025771071678e-01,1.839965599067932556e-01,1.443845214843750002e-01,1.121076185489013194e-01,-9.936675034453035238e-01,7.534882883759189652e-03,-1.568083496093750084e-01,1.836721016278630714e-01,1.326904673328359666e-02,-9.828980066529762194e-01,1.486306396484375014e+00,0.000000000000000000e+00,0.000000000000000000e+00,0.000000000000000000e+00,1.000000000000000000e+00
9.764897706479185313e-01,1.114873566446026448e-01,1.844947075890644717e-01,1.443606262207031143e-01,1.120933890145181661e-01,-9.936717708876305899e-01,7.175226845189277766e-03,-1.568126068115234528e-01,1.841271298837168502e-01,1.367410141249511372e-02,-9.828073152919374333e-01,1.486320800781250062e+00,0.000000000000000000e+00,0.000000000000000000e+00,0.000000000000000000e+00,1.000000000000000000e+00
9.765190988093671587e-01,1.116252771638322344e-01,1.842559284219610349e-01,1.443083343505859317e-01,1.121541920169014245e-01,-9.936618875729276157e-01,7.582242283287762494e-03,-1.567879791259765565e-01,1.839344635286633833e-01,1.326087037505862230e-02,-9.828490537429023233e-01,1.486321655273437514e+00,0.000000000000000000e+00,0.000000000000000000e+00,0.000000000000000000e+00,1.000000000000000000e+00
9.764551780123269520e-01,1.115142558521654836e-01,1.846614634260575760e-01,1.442915039062500071e-01,1.121078360302047161e-01,-9.936695489856539609e-01,7.256756801228282996e-03,-1.567956085205078065e-01,1.843017049121905282e-01,1.361609930873057712e-02,-9.827753982503200092e-01,1.486334716796875011e+00,0.000000000000000000e+00,0.000000000000000000e+00,0.000000000000000000e+00,1.000000000000000000e+00
9.764810019081158199e-01,1.115874260163481069e-01,1.844806203035111170e-01,1.443006744384765783e-01,1.121141519118797059e-01,-9.936662179984212528e-01,7.606848874117508666e-03,-1.567999267578125133e-01,1.841609889569507941e-01,1.325494487954375668e-02,-9.828067137451992341e-01,1.486350341796875085e+00,0.000000000000000000e+00,0.000000000000000000e+00,0.000000000000000000e+00,1.000000000000000000e+00
9.765263060546895968e-01,1.115096520852367906e-01,1.842877398933855382e-01,1.443345031738281214e-01,1.120847667318129598e-01,-9.936716368128024612e-01,7.326886135375436024e-03,-1.568141479492187462e-01,1.839385186682163109e-01,1.350095128482164432e-02,-9.828450262704426788e-01,1.486333374023437459e+00,0.000000000000000000e+00,0.000000000000000000e+00,0.000000000000000000e+00,1.000000000000000000e+00
9.765344987842845548e-01,1.115358163560598581e-01,1.842284841003520579e-01,1.443731231689453220e-01,1.121434157026750533e-01,-9.936662989429185799e-01,7.151269790701611853e-03,-1.568105316162109464e-01,1.838592586699494824e-01,1.367654981600544516e-02,-9.828574286164128981e-01,1.486321166992187637e+00,0.000000000000000000e+00,0.000000000000000000e+00,0.000000000000000000e+00,1.000000000000000000e+00
9.765217554177250125e-01,1.115418676352247507e-01,1.842923573030932904e-01,1.443863372802734468e-01,1.121241074922529890e-01,-9.936674537326599665e-01,7.292181533542256393e-03,-1.568011016845703154e-01,1.839387009711406784e-01,1.354264216829332429e-02,-9.828444185770965902e-01,1.486309814453125044e+00,0.000000000000000000e+00,0.000000000000000000e+00,0.000000000000000000e+00,1.000000000000000000e+00
9.764563107294900179e-01,1.114571832421797637e-01,1.846899280964536261e-01,1.443730163574218905e-01,1.120937342204662290e-01,-9.936728095190422438e-01,7.024412505318248026e-03,-1.568012695312500093e-01,1.843042809732468590e-01,1.384355179325573969e-02,-9.827717375304817482e-01,1.486319213867187461e+00,0.000000000000000000e+00,0.000000000000000000e+00,0.000000000000000000e+00,1.000000000000000000e+00
9.764630151228195221e-01,1.115615500756626938e-01,1.845914424938711051e-01,1.443501129150390749e-01,1.121058386597421769e-01,-9.936678256071074244e-01,7.518862389972801735e-03,-1.568037567138672039e-01,1.842613932315952385e-01,1.335188743058057445e-02,-9.827865821562649096e-01,1.486338623046875140e+00,0.000000000000000000e+00,0.000000000000000000e+00,0.000000000000000000e+00,1.000000000000000000e+00
9.765112659516168581e-01,1.115296511589468076e-01,1.843553210024975464e-01,1.443577728271484284e-01,1.120805655479457374e-01,-9.936710972326177060e-01,7.463065789489417047e-03,-1.568035736083984444e-01,1.840209072253012057e-01,1.337488081775849158e-02,-9.828313274754156836e-01,1.486350952148437488e+00,0.000000000000000000e+00,0.000000000000000000e+00,0.000000000000000000e+00,1.000000000000000000e+00
9.765387782441707909e-01,1.115264286704067825e-01,1.842114825232319952e-01,1.443728790283203278e-01,1.120875038171303267e-01,-9.936708025653877563e-01,7.397811642840703208e-03,-1.568067932128906217e-01,1.838706231931221957e-01,1.342355530710183549e-02,-9.828587905134134051e-01,1.486324951171875020e+00,0.000000000000000000e+00,0.000000000000000000e+00,0.000000000000000000e+00,1.000000000000000000e+00
9.765219831670165496e-01,1.115264663565603137e-01,1.843004712245093490e-01,1.443928527832031294e-01,1.120436220884767770e-01,-9.936739261799670819e-01,7.639056184132948443e-03,-1.568089141845703249e-01,1.839865297809918088e-01,1.318998605415334056e-02,-9.828402622639346164e-01,1.486306762695312589e+00,0.000000000000000000e+00,0.000000000000000000e+00,0.000000000000000000e+00,1.000000000000000000e+00
9.765015513063292074e-01,1.114670631917785426e-01,1.844446098961222136e-01,1.443702087402343737e-01,1.120859490062256492e-01,-9.936731440231040269e-01,7.100907168351333794e-03,-1.568047485351562464e-01,1.840691726816482410e-01,1.373960227371262555e-02,-9.828172581907858030e-01,1.486335815429687512e+00,0.000000000000000000e+00,0.000000000000000000e+00,0.000000000000000000e+00,1.000000000000000000e+00
9.765317970845331930e-01,1.115503390273932943e-01,1.842340119134520393e-01,1.443413848876953232e-01,1.120756587001003196e-01,-9.936706676913379388e-01,7.592818764433038881e-03,-1.568107757568359406e-01,1.839149151368398571e-01,1.323351928719330994e-02,-9.828530805555247829e-01,1.486343261718749975e+00,0.000000000000000000e+00,0.000000000000000000e+00,0.000000000000000000e+00,1.000000000000000000e+00
9.764812876346345982e-01,1.114916466763498648e-01,1.845370088107048112e-01,1.443177337646484315e-01,1.121041098928790558e-01,-9.936707827755796307e-01,7.144508610986641424e-03,-1.567971649169921933e-01,1.841655870257292993e-01,1.371087814704546881e-02,-9.827995972607567188e-01,1.486338989257812493e+00,0.000000000000000000e+00,0.000000000000000000e+00,0.000000000000000000e+00,1.000000000000000000e+00
9.765053755238499722e-01,1.115717883165237290e-01,1.843610252327693433e-01,1.443100585937500124e-01,1.120960754610466348e-01,-9.936682359723627567e-01,7.609644262671803189e-03,-1.567841339111328280e-01,1.840427163439410096e-01,1.323528886824519232e-02,-9.828291335167664844e-01,1.486324829101562495e+00,0.000000000000000000e+00,0.000000000000000000e+00,0.000000000000000000e+00,1.000000000000000000e+00
9.764772049836072387e-01,1.115176318051327720e-01,1.845429108472524948e-01,1.443277282714843790e-01,1.120686291390473877e-01,-9.936723510693341588e-01,7.475365090513002783e-03,-1.567940521240234475e-01,1.842088231065406867e-01,1.338194742616486028e-02,-9.827960281629073425e-01,1.486314575195312626e+00,0.000000000000000000e+00,0.000000000000000000e+00,0.000000000000000000e+00,1.000000000000000000e+00
9.764402104257757786e-01,1.114191670302775716e-01,1.847979563792453150e-01,1.443474884033203176e-01,1.120266140334216509e-01,-9.936792366095440476e-01,7.184182575653128358e-03,-1.567902679443359537e-01,1.844303478603050161e-01,1.368736458755487502e-02,-9.827502749115738512e-01,1.486288574218749936e+00,0.000000000000000000e+00,0.000000000000000000e+00,0.000000000000000000e+00,1.000000000000000000e+00
9.764972555130707610e-01,1.115280071631155751e-01,1.844305115583247112e-01,1.443586273193359359e-01,1.120235786097781433e-01,-9.936752184250560171e-01,7.763898722723850364e-03,-1.567861175537109408e-01,1.841299210093247096e-01,1.307914011477430763e-02,-9.828148901410470595e-01,1.486291259765625039e+00,0.000000000000000000e+00,0.000000000000000000e+00,0.000000000000000000e+00,1.000000000000000000e+00
9.764879589159484174e-01,1.114767072555031546e-01,1.845107309389780181e-01,1.443642425537109419e-01,1.120791803362634342e-01,-9.936732347488653749e-01,7.194433881662790596e-03,-1.567800445556640776e-01,1.841453866577070220e-01,1.365453343022485569e-02,-9.828041668051100688e-01,1.486331787109375080e+00,0.000000000000000000e+00,0.000000000000000000e+00,0.000000000000000000e+00,1.000000000000000000e+00
9.765007423653254692e-01,1.114858836865667419e-01,1.844375176003895944e-01,1.443603515625000167e-01,1.120470388574349302e-01,-9.936752727022230003e-01,7.410364595868648707e-03,-1.567748413085937598e-01,1.840971516434981858e-01,1.342945117227622651e-02,-9.828163046052719176e-01,1.486323974609375043e+00,0.000000000000000000e+00,0.000000000000000000e+00,0.000000000000000000e+00,1.000000000000000000e+00
9.765036983622406019e-01,1.113965214310431023e-01,1.844758577644499131e-01,1.443612518310546933e-01,1.120591925613844547e-01,-9.936778341367082934e-01,6.862893549466383969e-03,-1.567895507812500089e-01,1.840740732622521136e-01,1.397057473563276947e-02,-9.828130842607862849e-01,1.486318969726562633e+00,0.000000000000000000e+00,0.000000000000000000e+00,0.000000000000000000e+00,1.000000000000000000e+00
9.765134149033483091e-01,1.114677717083610575e-01,1.843813612710726302e-01,1.443756256103515545e-01,1.120647479464305096e-01,-9.936747265338796709e-01,7.213190384463229882e-03,-1.567746582031250002e-01,1.840191369980418434e-01,1.361887360218231452e-02,-9.828283082513973312e-01,1.486299560546874954e+00,0.000000000000000000e+00,0.000000000000000000e+00,0.000000000000000000e+00,1.000000000000000000e+00
9.765664187697435938e-01,1.114735099061743978e-01,1.840969481562255428e-01,1.444037475585937536e-01,1.119871799144968177e-01,-9.936802978073082659e-01,7.637884810436606012e-03,-1.567450866699218737e-01,1.837849320973732048e-01,1.315759623857712564e-02,-9.828784138412984817e-01,1.486286254882812630e+00,0.000000000000000000e+00,0.000000000000000000e+00,0.000000000000000000e+00,1.000000000000000000e+00
9.765344865959845189e-01,1.113009240113089771e-01,1.843705529713078606e-01,1.444354858398437524e-01,1.119820546874699396e-01,-9.936873226351631283e-01,6.747166970958805299e-03,-1.567440185546875031e-01,1.839576470731496827e-01,1.405735211162942658e-02,-9.828336456058678339e-01,1.486289916992187488e+00,0.000000000000000000e+00,0.000000000000000000e+00,0.000000000000000000e+00,1.000000000000000000e+00
9.764898913990938123e-01,1.113288707540041472e-01,1.845897465517095104e-01,1.444072265624999907e-01,1.119741364579174142e-01,-9.936867596024780980e-01,6.958200574215395173e-03,-1.567323150634765683e-01,1.841990357192181404e-01,1.387466494606480472e-02,-9.827910301344557897e-01,1.486288940429687511e+00,0.000000000000000000e+00,0.000000000000000000e+00,0.000000000000000000e+00,1.000000000000000000e+00
9.765288549712355382e-01,1.113863279754547103e-01,1.843488034914039231e-01,1.443695220947265601e-01,1.119936259302981990e-01,-9.936832163520140648e-01,7.147957141802835021e-03,-1.567507629394531421e-01,1.839804966825349664e-01,1.366570453584615118e-02,-9.828348922173993918e-01,1.486297363281249950e+00,0.000000000000000000e+00,0.000000000000000000e+00,0.000000000000000000e+00,1.000000000000000000e+00
9.765290922389280315e-01,1.113566909324438109e-01,1.843654506560035988e-01,1.443593292236328152e-01,1.119736874317924374e-01,-9.936858455166512893e-01,7.094627741119685638e-03,-1.567383422851562624e-01,1.839913729878180082e-01,1.371596895716817657e-02,-9.828321559969555032e-01,1.486297363281249950e+00,0.000000000000000000e+00,0.000000000000000000e+00,0.000000000000000000e+00,1.000000000000000000e+00
9.765104592859019661e-01,1.113629222287003395e-01,1.844603547050733261e-01,1.443703002929687396e-01,1.119786311683685087e-01,-9.936851836598812326e-01,7.109285230388532814e-03,-1.567418823242187620e-01,1.840872322212909751e-01,1.371332663918464582e-02,-9.828142426753856409e-01,1.486300170898437578e+00,0.000000000000000000e+00,0.000000000000000000e+00,0.000000000000000000e+00,1.000000000000000000e+00
9.765219974930259283e-01,1.114062374103108877e-01,1.843730964059244470e-01,1.444096374511718850e-01,1.119401918830738307e-01,-9.936863142249441339e-01,7.543365510589465465e-03,-1.567438354492187436e-01,1.840494005787888521e-01,1.327249743353482725e-02,-9.828273800411064798e-01,1.486293701171875092e+00,0.000000000000000000e+00,0.000000000000000000e+00,0.000000000000000000e+00,1.000000000000000000e+00
9.765113357736362465e-01,1.114635246504596389e-01,1.843949396759168857e-01,1.444153900146484537e-01,1.119478107647939591e-01,-9.936833526261251714e-01,7.815521650773859033e-03,-1.567290039062499973e-01,1.841013274546344503e-01,1.301066432586018597e-02,-9.828211555737093041e-01,1.486287353515625131e+00,0.000000000000000000e+00,0.000000000000000000e+00,0.000000000000000000e+00,1.000000000000000000e+00
9.764922045631401204e-01,1.112237743642824628e-01,1.846408580016409284e-01,1.444088287353515743e-01,1.119480394404761547e-01,-9.936926008711823854e-01,6.530806940849335183e-03,-1.567407379150390634e-01,1.842026354123429410e-01,1.429289998664482614e-02,-9.827843619620326709e-01,1.486286743164062507e+00,0.000000000000000000e+00,0.000000000000000000e+00,0.000000000000000000e+00,1.000000000000000000e+00
9.765258245578674057e-01,1.114208251021212154e-01,1.843440091381866042e-01,1.443834991455078265e-01,1.119839007454315055e-01,-9.936825636637063308e-01,7.387059263431710113e-03,-1.567399597167968839e-01,1.840024998346888041e-01,1.342990708406512600e-02,-9.828340234496864003e-01,1.486269287109375004e+00,0.000000000000000000e+00,0.000000000000000000e+00,0.000000000000000000e+00,1.000000000000000000e+00
9.765020861713886724e-01,1.113792999811905882e-01,1.844947891909844706e-01,1.443635711669921939e-01,1.119448639371307952e-01,-9.936870066362586407e-01,7.381075827356021329e-03,-1.567528839111328176e-01,1.841521738699359589e-01,1.344560812949202253e-02,-9.828057755635164483e-01,1.486293090820312468e+00,0.000000000000000000e+00,0.000000000000000000e+00,0.000000000000000000e+00,1.000000000000000000e+00
9.764939164922831205e-01,1.112828913495365474e-01,1.845961785802986421e-01,1.443753051757812600e-01,1.119384856688314250e-01,-9.936911872178092464e-01,6.899266035590987875e-03,-1.567595977783203254e-01,1.841993661219578637e-01,1.392632537851537337e-02,-9.827902375287010939e-01,1.486305419921875037e+00,0.000000000000000000e+00,0.000000000000000000e+00,0.000000000000000000e+00,1.000000000000000000e+00
9.764957901747554070e-01,1.113176117879915300e-01,1.845653301050840800e-01,1.443891143798828047e-01,1.119764149674415815e-01,-9.936870263719731478e-01,6.883030659916206800e-03,-1.567448425292968794e-01,1.841663765784079532e-01,1.394571352939778450e-02,-9.827961450942593880e-01,1.486289306640625085e+00,0.000000000000000000e+00,0.000000000000000000e+00,0.000000000000000000e+00,1.000000000000000000e+00
9.765460431364869631e-01,1.112997159654905560e-01,1.843100617450709744e-01,1.444116363525390634e-01,1.119801007243375474e-01,-9.936875484730647301e-01,6.746336143272982366e-03,-1.567476959228515654e-01,1.838974787109327602e-01,1.405095141234001879e-02,-9.828449969797732333e-01,1.486283203124999952e+00,0.000000000000000000e+00,0.000000000000000000e+00,0.000000000000000000e+00,1.000000000000000000e+00
9.764931127927319876e-01,1.113485917177970824e-01,1.845608078407343922e-01,1.444044647216796984e-01,1.120047147957339145e-01,-9.936837199581028957e-01,6.899895198698748934e-03,-1.567333984375000044e-01,1.841633637070290430e-01,1.393398050415073711e-02,-9.827968760916075963e-01,1.486276611328124941e+00,0.000000000000000000e+00,0.000000000000000000e+00,0.000000000000000000e+00,1.000000000000000000e+00
9.764875485051105475e-01,1.113674110737972733e-01,1.845788919817188678e-01,1.443892974853515643e-01,1.119608864085504807e-01,-9.936862589694157588e-01,7.237309581522324148e-03,-1.567371520996093670e-01,1.842195090892678466e-01,1.359847366754805484e-02,-9.827910530651071674e-01,1.486298828125000027e+00,0.000000000000000000e+00,0.000000000000000000e+00,0.000000000000000000e+00,1.000000000000000000e+00
9.764803958187239230e-01,1.113036279765590997e-01,1.846551894233253721e-01,1.443755645751953198e-01,1.119262278978369607e-01,-9.936912843761905867e-01,7.081727427558599103e-03,-1.567341461181640527e-01,1.842784742998213043e-01,1.375259081237063113e-02,-9.827778539200392460e-01,1.486298217773437624e+00,0.000000000000000000e+00,0.000000000000000000e+00,0.000000000000000000e+00,1.000000000000000000e+00
9.764868242973766543e-01,1.113335601958476417e-01,1.846031428436198940e-01,1.443716735839843668e-01,1.119652840096745927e-01,-9.936872382036824325e-01,7.031913521287946715e-03,-1.567473449707031397e-01,1.842206751433108636e-01,1.380257241442818181e-02,-9.827879892654810545e-01,1.486286743164062507e+00,0.000000000000000000e+00,0.000000000000000000e+00,0.000000000000000000e+00,1.000000000000000000e+00
9.765442778606259200e-01,1.113987735181688754e-01,1.842595632153633256e-01,1.443860778808593870e-01,1.119945281899320522e-01,-9.936827094099665025e-01,7.204073513140073041e-03,-1.567501068115234319e-01,1.838980669642377441e-01,1.360096608024333881e-02,-9.828512169644503249e-01,1.486265014648437521e+00,0.000000000000000000e+00,0.000000000000000000e+00,0.000000000000000000e+00,1.000000000000000000e+00
9.764477877108184156e-01,1.112929058357638445e-01,1.848339984561301053e-01,1.443997650146484346e-01,1.118845410513701621e-01,-9.936946978994540824e-01,7.259258931681746713e-03,-1.567454376220703272e-01,1.844764682781334375e-01,1.359177976369313826e-02,-9.827429451155995643e-01,1.486254028320312504e+00,0.000000000000000000e+00,0.000000000000000000e+00,0.000000000000000000e+00,1.000000000000000000e+00
9.765399645770708181e-01,1.113985104480386262e-01,1.842825804403969703e-01,1.444048309326171897e-01,1.119808480367523312e-01,-9.936837162714576843e-01,7.277478266184377043e-03,-1.567351531982421886e-01,1.839292996147784409e-01,1.352937126784659050e-02,-9.828463607585439243e-01,1.486263061523437568e+00,0.000000000000000000e+00,0.000000000000000000e+00,0.000000000000000000e+00,1.000000000000000000e+00
9.764915483558787024e-01,1.113223276627422209e-01,1.845849272104516658e-01,1.443955383300781214e-01,1.119371732487200455e-01,-9.936897814209040281e-01,7.119518576591963438e-03,-1.567270355224609502e-01,1.842127173531314943e-01,1.370976525785397304e-02,-9.827907799231483388e-01,1.486258178710937461e+00,0.000000000000000000e+00,0.000000000000000000e+00,0.000000000000000000e+00,1.000000000000000000e+00
9.765157078923843992e-01,1.113125916320284459e-01,1.844629479966012897e-01,1.443810424804687631e-01,1.119473050980324680e-01,-9.936894659727978363e-01,7.003291796314302722e-03,-1.567440490722656343e-01,1.840784428463137501e-01,1.381130547260323201e-02,-9.828145169463152753e-01,1.486262084960937591e+00,0.000000000000000000e+00,0.000000000000000000e+00,0.000000000000000000e+00,1.000000000000000000e+00
9.764819414586463076e-01,1.113972736807147257e-01,1.845905344855384711e-01,1.443741455078124958e-01,1.119321973116449431e-01,-9.936871392784996093e-01,7.553306395109041921e-03,-1.567493591308593837e-01,1.842666578905142183e-01,1.328595683476920669e-02,-9.827864885827668484e-01,1.486266723632812425e+00,0.000000000000000000e+00,0.000000000000000000e+00,0.000000000000000000e+00,1.000000000000000000e+00
9.764537787108923395e-01,1.113076805559050225e-01,1.847934476394780257e-01,1.443819885253906365e-01,1.119346979782926271e-01,-9.936904204500186522e-01,7.069066018487063160e-03,-1.567545318603515703e-01,1.844143200234957813e-01,1.378218252418395191e-02,-9.827519575229254345e-01,1.486278198242187543e+00,0.000000000000000000e+00,0.000000000000000000e+00,0.000000000000000000e+00,1.000000000000000000e+00
9.765517526211821009e-01,1.114000945883057980e-01,1.842191449828550764e-01,1.443975677490234311e-01,1.119945059785601993e-01,-9.936826809992561627e-01,7.208336337114125761e-03,-1.567484436035156414e-01,1.838583832277329022e-01,1.359221865065585351e-02,-9.828587622385208666e-01,1.486283081054687427e+00,0.000000000000000000e+00,0.000000000000000000e+00,0.000000000000000000e+00,1.000000000000000000e+00
9.765025699819906979e-01,1.113784950345085428e-01,1.844927143884428078e-01,1.444006652832031390e-01,1.119696589612317744e-01,-9.936852201988428668e-01,7.244213586220670312e-03,-1.567319641113281148e-01,1.841345331291038001e-01,1.358359312646294052e-02,-9.828071833819194136e-01,1.486288452148437633e+00,0.000000000000000000e+00,0.000000000000000000e+00,0.000000000000000000e+00,1.000000000000000000e+00
9.765077870236379409e-01,1.113575437840717414e-01,1.844777475051555538e-01,1.444014282226562529e-01,1.119414850354972929e-01,-9.936881353056860045e-01,7.279675868900494298e-03,-1.567396240234374960e-01,1.841239957480961253e-01,1.354205283874121944e-02,-9.828097308200950399e-01,1.486283813476562576e+00,0.000000000000000000e+00,0.000000000000000000e+00,0.000000000000000000e+00,1.000000000000000000e+00
9.765109299967289491e-01,1.113363269600866207e-01,1.844739165734830821e-01,1.443852386474609450e-01,1.119368106860780393e-01,-9.936893213477546727e-01,7.189092631760068963e-03,-1.568036956787109415e-01,1.841101681340626961e-01,1.362919434433267074e-02,-9.828111166705286728e-01,1.486278564453125117e+00,0.000000000000000000e+00,0.000000000000000000e+00,0.000000000000000000e+00,1.000000000000000000e+00
9.764855405948376088e-01,1.113642057824500292e-01,1.845914480133141744e-01,1.443913879394531363e-01,1.119859884852836690e-01,-9.936845141631829303e-01,7.086938355393106528e-03,-1.567860260009765749e-01,1.842148945991660680e-01,1.375136294057251012e-02,-9.827897906597804489e-01,1.486275024414062562e+00,0.000000000000000000e+00,0.000000000000000000e+00,0.000000000000000000e+00,1.000000000000000000e+00
9.765106034257103884e-01,1.113640495659089236e-01,1.844589110383032249e-01,1.443903350830078036e-01,1.119799764217804805e-01,-9.936850404106830625e-01,7.108118217696600405e-03,-1.567938995361328192e-01,1.840856492987228143e-01,1.371455169887230222e-02,-9.828145220711620444e-01,1.486296997070312598e+00,0.000000000000000000e+00,0.000000000000000000e+00,0.000000000000000000e+00,1.000000000000000000e+00
9.764442517188525184e-01,1.113701732871804490e-01,1.848061356860036253e-01,1.443835296630859300e-01,1.119448706457607384e-01,-9.936872015815676473e-01,7.354682120718969950e-03,-1.567449035644531419e-01,1.844585840271850130e-01,1.350666187391712236e-02,-9.827474756333436368e-01,1.486305419921875037e+00,0.000000000000000000e+00,0.000000000000000000e+00,0.000000000000000000e+00,1.000000000000000000e+00
9.764871210272926261e-01,1.114729889170821414e-01,1.845174116708822309e-01,1.443976287841796935e-01,1.120036307528051583e-01,-9.936789029348739311e-01,7.577899467183729990e-03,-1.566986236572265601e-01,1.841957903048248857e-01,1.326689881010433870e-02,-9.828000306420140442e-01,1.486296020507812621e+00,0.000000000000000000e+00,0.000000000000000000e+00,0.000000000000000000e+00,1.000000000000000000e+00
9.764608692849917615e-01,1.114332492012324316e-01,1.846802689180806478e-01,1.443927459716796979e-01,1.119742959581292441e-01,-9.936825683518838437e-01,7.530630669826579582e-03,-1.567235260009765541e-01,1.843527265865081421e-01,1.332607691933697727e-02,-9.827698041118583250e-01,1.486294799804687594e+00,0.000000000000000000e+00,0.000000000000000000e+00,0.000000000000000000e+00,1.000000000000000000e+00
9.765071048857543179e-01,1.114329046421338038e-01,1.844358475748668902e-01,1.444053649902343750e-01,1.119818223192093481e-01,-9.936821733639640275e-01,7.470596277296290451e-03,-1.567575531005859502e-01,1.841030841070063484e-01,1.335837196990862646e-02,-9.828161620163773371e-01,1.486286010742187580e+00,0.000000000000000000e+00,0.000000000000000000e+00,0.000000000000000000e+00,1.000000000000000000e+00
9.764930063471145560e-01,1.113238580011405854e-01,1.845762909880799829e-01,1.443891143798828047e-01,1.119203122367923298e-01,-9.936909764864020334e-01,7.217129506952170426e-03,-1.567647399902343808e-01,1.842152335285912601e-01,1.361035962945475464e-02,-9.827916899560983355e-01,1.486288818359374986e+00,0.000000000000000000e+00,0.000000000000000000e+00,0.000000000000000000e+00,1.000000000000000000e+00
9.764849771894995589e-01,1.113549515714030852e-01,1.846000110610873657e-01,1.443807983398437411e-01,1.119504819926705058e-01,-9.936875079635031360e-01,7.226762684084056185e-03,-1.567391510009765732e-01,1.842394607700311715e-01,1.360923501941928813e-02,-9.827871640479207693e-01,1.486293457031250043e+00,0.000000000000000000e+00,0.000000000000000000e+00,0.000000000000000000e+00,1.000000000000000000e+00
9.765725256768227336e-01,1.113201237310461750e-01,1.841573570229982082e-01,1.443797912597656330e-01,1.119746353069938499e-01,-9.936872841192583294e-01,6.874767454839459009e-03,-1.567425079345703132e-01,1.837601239144585896e-01,1.390724387493669223e-02,-9.828727310424001384e-01,1.486299926757812528e+00,0.000000000000000000e+00,0.000000000000000000e+00,0.000000000000000000e+00,1.000000000000000000e+00
9.765287218888538678e-01,1.113040382432656933e-01,1.843992038943317591e-01,1.443846130371093661e-01,1.119551960457336875e-01,-9.936892315428298428e-01,6.909789734982842331e-03,-1.567426147460937447e-01,1.840045907157835947e-01,1.389684088424361641e-02,-9.828271406554436318e-01,1.486278442382812592e+00,0.000000000000000000e+00,0.000000000000000000e+00,0.000000000000000000e+00,1.000000000000000000e+00
9.765663623310734121e-01,1.113440413134932777e-01,1.841755804319176459e-01,1.443913421630859395e-01,1.120271811945867807e-01,-9.936823843875806084e-01,6.725297867582957605e-03,-1.567372283935546950e-01,1.837608517531682806e-01,1.406497144652621781e-02,-9.828703505250111494e-01,1.486282104492187450e+00,0.000000000000000000e+00,0.000000000000000000e+00,0.000000000000000000e+00,1.000000000000000000e+00
9.764844213482639645e-01,1.113435911896748787e-01,1.846098035455674413e-01,1.443984375000000042e-01,1.119397365354164731e-01,-9.936887447647799743e-01,7.223151125224178820e-03,-1.567362976074218872e-01,1.842489355424556940e-01,1.361187822392021657e-02,-9.827853511945980891e-01,1.486268798828125126e+00,0.000000000000000000e+00,0.000000000000000000e+00,0.000000000000000000e+00,1.000000000000000000e+00
9.764430885106715197e-01,1.113385170700270377e-01,1.848313542567631418e-01,1.443945159912109477e-01,1.119675197700909508e-01,-9.936867567629154019e-01,7.064272824114845722e-03,-1.567431488037109300e-01,1.844509946199154038e-01,1.379724793741610167e-02,-9.827448633969438907e-01,1.486258178710937461e+00,0.000000000000000000e+00,0.000000000000000000e+00,0.000000000000000000e+00,1.000000000000000000e+00
9.764286828545600816e-01,1.112775486454174317e-01,1.849441387727009667e-01,1.443828430175781163e-01,1.119104353610001906e-01,-9.936933139522505787e-01,7.046436255692806877e-03,-1.567575073242187533e-01,1.845618643063098030e-01,1.381683661555345097e-02,-9.827237726185922284e-01,1.486273315429687436e+00,0.000000000000000000e+00,0.000000000000000000e+00,0.000000000000000000e+00,1.000000000000000000e+00
9.764405747363804622e-01,1.113349204205114629e-01,1.848468000898200181e-01,1.443778991699218861e-01,1.119164983174966432e-01,-9.936906701848389201e-01,7.317745004819749266e-03,-1.567448577880859450e-01,1.844952612205453812e-01,1.354206345296650460e-02,-9.827401035393839024e-01,1.486288940429687511e+00,0.000000000000000000e+00,0.000000000000000000e+00,0.000000000000000000e+00,1.000000000000000000e+00
9.764880053243616409e-01,1.113121826564784506e-01,1.846097869829765314e-01,1.443851013183593823e-01,1.119822483895797777e-01,-9.936867633774133513e-01,6.825857758179154286e-03,-1.567251586914062411e-01,1.842041028404732828e-01,1.400765079416291074e-02,-9.827881939746554441e-01,1.486294189453124970e+00,0.000000000000000000e+00,0.000000000000000000e+00,0.000000000000000000e+00,1.000000000000000000e+00
9.764948999829744514e-01,1.113569795011911390e-01,1.845462907338217551e-01,1.443917541503906277e-01,1.119425667101196231e-01,-9.936880405933438132e-01,7.275970046088805175e-03,-1.567299499511718708e-01,1.841916720853344624e-01,1.355363781914136270e-02,-9.827968899199245323e-01,1.486284057617187626e+00,0.000000000000000000e+00,0.000000000000000000e+00,0.000000000000000000e+00,1.000000000000000000e+00
9.765385854729294879e-01,1.113327365333164620e-01,1.843296309835553426e-01,1.443960723876953067e-01,1.120205828695834682e-01,-9.936832243757801608e-01,6.711080964510599337e-03,-1.567559051513671975e-01,1.839124250726125454e-01,1.409508319083561424e-02,-9.828415683790315827e-01,1.486311279296875121e+00,0.000000000000000000e+00,0.000000000000000000e+00,0.000000000000000000e+00,1.000000000000000000e+00
9.765254587631686523e-01,1.113185819844363100e-01,1.844077050786044059e-01,1.443935241699218774e-01,1.119814483219216672e-01,-9.936866924331650974e-01,6.849270980285899514e-03,-1.567605590820312644e-01,1.840059336519015709e-01,1.396175441020696545e-02,-9.828259692309118112e-01,1.486310913085937546e+00,0.000000000000000000e+00,0.000000000000000000e+00,0.000000000000000000e+00,1.000000000000000000e+00
9.765765329381979054e-01,1.114569540294201438e-01,1.840533148652662432e-01,1.443876647949218772e-01,1.120413023755249954e-01,-9.936770657983655664e-01,7.255030554513828937e-03,-1.567388763427734477e-01,1.836981814727769169e-01,1.353648051874919295e-02,-9.828894860658345944e-01,1.486313842773437477e+00,0.000000000000000000e+00,0.000000000000000000e+00,0.000000000000000000e+00,1.000000000000000000e+00
9.765444150054144457e-01,1.113567656437901010e-01,1.842842268537570050e-01,1.443867034912109382e-01,1.119945015777374098e-01,-9.936843282671289357e-01,6.977633743530078231e-03,-1.567276916503906325e-01,1.838973548969292104e-01,1.382485087292758402e-02,-9.828482265132568729e-01,1.486308105468750140e+00,0.000000000000000000e+00,0.000000000000000000e+00,0.000000000000000000e+00,1.000000000000000000e+00
9.765309114987054118e-01,1.113542548061025456e-01,1.843572857906225493e-01,1.443843383789062407e-01,1.119914812637728546e-01,-9.936846119397285682e-01,6.985708162898576767e-03,-1.567264404296875024e-01,1.839708863158888708e-01,1.382468555768122387e-02,-9.828344677804995433e-01,1.486293334960937518e+00,0.000000000000000000e+00,0.000000000000000000e+00,0.000000000000000000e+00,1.000000000000000000e+00
9.765380658060872632e-01,1.113679017726895565e-01,1.843111404295869060e-01,1.443883209228515596e-01,1.119641540261648444e-01,-9.936861444393966236e-01,7.202399764818347497e-03,-1.567405090332031348e-01,1.839495426602403283e-01,1.360282338029844031e-02,-9.828415584168045394e-01,1.486295654296875046e+00,0.000000000000000000e+00,0.000000000000000000e+00,0.000000000000000000e+00,1.000000000000000000e+00
9.765307645774671252e-01,1.113570919950891552e-01,1.843563503005650472e-01,1.443934326171875115e-01,1.119769647838262799e-01,-9.936855904362870140e-01,7.078609827470111124e-03,-1.567575988769531192e-01,1.839805022048508765e-01,1.373118427831615355e-02,-9.828339785471226220e-01,1.486283813476562576e+00,0.000000000000000000e+00,0.000000000000000000e+00,0.000000000000000000e+00,1.000000000000000000e+00
9.765087318075315048e-01,1.112601595714397956e-01,1.845314975709692606e-01,1.443900299072265747e-01,1.119692319716523304e-01,-9.936897114719888124e-01,6.606694059376203368e-03,-1.567450408935547046e-01,1.841021124140763132e-01,1.421035562023844311e-02,-9.828043945759611377e-01,1.486284301757812454e+00,0.000000000000000000e+00,0.000000000000000000e+00,0.000000000000000000e+00,1.000000000000000000e+00
9.765047354276540359e-01,1.114070408872981782e-01,1.844640152661307375e-01,1.443943939208984506e-01,1.119348628761105829e-01,-9.936866140648842327e-01,7.582842552257768390e-03,-1.567520751953125069e-01,1.841442047968758489e-01,1.324327259410908002e-02,-9.828100160105840422e-01,1.486275024414062562e+00,0.000000000000000000e+00,0.000000000000000000e+00,0.000000000000000000e+00,1.000000000000000000e+00
9.763844099182030778e-01,1.113276932223219440e-01,1.851475865100032925e-01,1.443911590576171800e-01,1.119492945694963715e-01,-9.936883645721761305e-01,7.126679399701131915e-03,-1.567364349365234499e-01,1.847723992215144495e-01,1.376876304068626843e-02,-9.826848842076765234e-01,1.486277587890625140e+00,0.000000000000000000e+00,0.000000000000000000e+00,0.000000000000000000e+00,1.000000000000000000e+00
9.765055389494845528e-01,1.113663705808425330e-01,1.844843188583436544e-01,1.443856964111328023e-01,1.119399389545431556e-01,-9.936878925828145359e-01,7.336361576264183518e-03,-1.567341156005859493e-01,1.841368579829408270e-01,1.348716567611531712e-02,-9.828080758185675503e-01,1.486274169921875110e+00,0.000000000000000000e+00,0.000000000000000000e+00,0.000000000000000000e+00,1.000000000000000000e+00
9.764823056638211041e-01,1.113818949591430241e-01,1.845978878556806257e-01,1.443826141357421877e-01,1.119303803082763171e-01,-9.936878979377402610e-01,7.480070595924185120e-03,-1.567381591796875029e-01,1.842658315844601657e-01,1.335795520975467145e-02,-9.827856675507135042e-01,1.486283447265625002e+00,0.000000000000000000e+00,0.000000000000000000e+00,0.000000000000000000e+00,1.000000000000000000e+00
9.764915012770625236e-01,1.114041299630175869e-01,1.845358170135331655e-01,1.443887634277343790e-01,1.119621596499186938e-01,-9.936847183980972442e-01,7.426656624683285364e-03,-1.567391204833984419e-01,1.841977815832623877e-01,1.340896152869115385e-02,-9.827977294492125093e-01,1.486280883789062424e+00,0.000000000000000000e+00,0.000000000000000000e+00,0.000000000000000000e+00,1.000000000000000000e+00
9.765032454309418020e-01,1.114222126698157234e-01,1.844627392906232344e-01,1.443926086425781352e-01,1.119756316702143484e-01,-9.936830439790115266e-01,7.447551319894460051e-03,-1.567454376220703272e-01,1.841273189260479448e-01,1.338277371729516656e-02,-9.828112900209976521e-01,1.486276367187500114e+00,0.000000000000000000e+00,0.000000000000000000e+00,0.000000000000000000e+00,1.000000000000000000e+00
9.765186873544993151e-01,1.114185586432441116e-01,1.843831826314644429e-01,1.443942718505859535e-01,1.119885207986660719e-01,-9.936822957553945734e-01,7.352979777989175625e-03,-1.567426300048828103e-01,1.840375626245162322e-01,1.346847772210182925e-02,-9.828269306704395802e-01,1.486284179687499929e+00,0.000000000000000000e+00,0.000000000000000000e+00,0.000000000000000000e+00,1.000000000000000000e+00
9.764945182473381280e-01,1.113934322057735238e-01,1.845263100327887429e-01,1.443879852294921995e-01,1.119331121007721974e-01,-9.936872672289818187e-01,7.522856002466365294e-03,-1.567409057617187573e-01,1.841994414984342576e-01,1.330857649846950083e-02,-9.827987828356572475e-01,1.486307006835937639e+00,0.000000000000000000e+00,0.000000000000000000e+00,0.000000000000000000e+00,1.000000000000000000e+00
9.764486965225921411e-01,1.113756227439291341e-01,1.847793649673384053e-01,1.443851470947265792e-01,1.119117049655556778e-01,-9.936894044828440409e-01,7.558949016465992335e-03,-1.567354583740234453e-01,1.844551797891110512e-01,1.329804786173856106e-02,-9.827509595884574845e-01,1.486290283203125062e+00,0.000000000000000000e+00,0.000000000000000000e+00,0.000000000000000000e+00,1.000000000000000000e+00
9.765045055926451223e-01,1.113974065120031803e-01,1.844710502481722303e-01,1.443846893310546942e-01,1.119527069781412892e-01,-9.936857150852240750e-01,7.435794230182963746e-03,-1.567450103759765734e-01,1.841345756709765746e-01,1.339094686595014051e-02,-9.828098191331338107e-01,1.486303466796875083e+00,0.000000000000000000e+00,0.000000000000000000e+00,0.000000000000000000e+00,1.000000000000000000e+00
9.765341191699471457e-01,1.114011332437948448e-01,1.843119681653200836e-01,1.443881225585937622e-01,1.120001755072574517e-01,-9.936821699663186402e-01,7.190672942915737192e-03,-1.567458343505859497e-01,1.839485655919045892e-01,1.362103531405450471e-02,-9.828414890579527663e-01,1.486309326171874945e+00,0.000000000000000000e+00,0.000000000000000000e+00,0.000000000000000000e+00,1.000000000000000000e+00
9.765050619201165460e-01,1.113452016996865634e-01,1.844996208745308675e-01,1.443929595947265609e-01,1.119396694712247176e-01,-9.936887463552168676e-01,7.223971599491923155e-03,-1.567500152587890661e-01,1.841395515446436204e-01,1.359858174419023569e-02,-9.828060358643937455e-01,1.486302124023437532e+00,0.000000000000000000e+00,0.000000000000000000e+00,0.000000000000000000e+00,1.000000000000000000e+00
9.765710789433356132e-01,1.114737611165989434e-01,1.840720738025442560e-01,1.443909149169921857e-01,1.120013875991040103e-01,-9.936792811184050889e-01,7.561445092383772479e-03,-1.567446899414062511e-01,1.837515086940108566e-01,1.323203909188962711e-02,-9.828836636113887915e-01,1.486312744140624975e+00,0.000000000000000000e+00,0.000000000000000000e+00,0.000000000000000000e+00,1.000000000000000000e+00
9.765327151308342835e-01,1.113433247175701635e-01,1.843543336079696837e-01,1.443892669677734331e-01,1.119504579078790807e-01,-9.936881003667277223e-01,7.145219645326264177e-03,-1.567486267089843732e-01,1.839862800684253508e-01,1.366101132425747745e-02,-9.828338748314393580e-01,1.486287231445312607e+00,0.000000000000000000e+00,0.000000000000000000e+00,0.000000000000000000e+00,1.000000000000000000e+00
9.764902772666075315e-01,1.114067878409669698e-01,1.845406893526252146e-01,1.443880767822265654e-01,1.119387066293039690e-01,-9.936863050897528638e-01,7.566573546421851391e-03,-1.567410278320312544e-01,1.842185233952953471e-01,1.326856058630938168e-02,-9.827957473137665101e-01,1.486294677734375069e+00,0.000000000000000000e+00,0.000000000000000000e+00,0.000000000000000000e+00,1.000000000000000000e+00
9.764537085944136052e-01,1.112625076507300914e-01,1.848210198096721102e-01,1.443852996826171797e-01,1.119459994219029197e-01,-9.936912572651672715e-01,6.765977254058240867e-03,-1.567295989990234450e-01,1.844078311396978032e-01,1.408331019477844677e-02,-9.827489059715663888e-01,1.486290649414062637e+00,0.000000000000000000e+00,0.000000000000000000e+00,0.000000000000000000e+00,1.000000000000000000e+00
9.765059780543120516e-01,1.114620646895055078e-01,1.844241929881873521e-01,1.443923950195312444e-01,1.119744704946006864e-01,-9.936815028445983300e-01,7.667389513676760998e-03,-1.567308654785156408e-01,1.841135323153773040e-01,1.316354966007002650e-02,-9.828168334835855058e-01,1.486291992187499966e+00,0.000000000000000000e+00,0.000000000000000000e+00,0.000000000000000000e+00,1.000000000000000000e+00
9.765086187955579478e-01,1.113611369129865747e-01,1.844711755354717098e-01,1.443901519775390718e-01,1.119721466175384317e-01,-9.936857298993294618e-01,7.135024617875630228e-03,-1.567547302246093677e-01,1.841009391607013046e-01,1.368822047909347417e-02,-9.828120251707667121e-01,1.486276855468749991e+00,0.000000000000000000e+00,0.000000000000000000e+00,0.000000000000000000e+00,1.000000000000000000e+00
9.765303118425837647e-01,1.112737411272537585e-01,1.844090686169490290e-01,1.443893127441406299e-01,1.120020311578271560e-01,-9.936867469571305511e-01,6.495686128229902906e-03,-1.567470550537109486e-01,1.839676468000469300e-01,1.431095584858951830e-02,-9.828281139006721512e-01,1.486285034179687603e+00,0.000000000000000000e+00,0.000000000000000000e+00,0.000000000000000000e+00,1.000000000000000000e+00
9.765252471082603858e-01,1.112938965510984896e-01,1.844237250210096768e-01,1.443897247314453181e-01,1.119734033893520081e-01,-9.936882149843249135e-01,6.759314659918637738e-03,-1.567589416503906152e-01,1.840119525834043590e-01,1.404991073778491008e-02,-9.828235860594227713e-01,1.486289794921874963e+00,0.000000000000000000e+00,0.000000000000000000e+00,0.000000000000000000e+00,1.000000000000000000e+00
9.764531425836739942e-01,1.113221492780416544e-01,1.847880932814255361e-01,1.443909301757812513e-01,1.119406242751697089e-01,-9.936894211358611173e-01,7.115543518417549555e-03,-1.567248535156250122e-01,1.844140910433709202e-01,1.373729969079135610e-02,-9.827526289061010445e-01,1.486304565429687585e+00,0.000000000000000000e+00,0.000000000000000000e+00,0.000000000000000000e+00,1.000000000000000000e+00
9.765121375342068477e-01,1.113561008856069068e-01,1.844555882697220262e-01,1.443894653320312582e-01,1.119720568868998734e-01,-9.936859410971811135e-01,7.106964353834880135e-03,-1.567335052490234359e-01,1.840823286600088982e-01,1.371383467030117854e-02,-9.828151540415647203e-01,1.486309570312499995e+00,0.000000000000000000e+00,0.000000000000000000e+00,0.000000000000000000e+00,1.000000000000000000e+00
9.764929497760596044e-01,1.113867229473970155e-01,1.845386598756199037e-01,1.443838043212890554e-01,1.119400790732745787e-01,-9.936870300569179415e-01,7.450167362606307554e-03,-1.567245635986328212e-01,1.842035225904188334e-01,1.338223627431625248e-02,-9.827970177089363490e-01,1.486305541992187562e+00,0.000000000000000000e+00,0.000000000000000000e+00,0.000000000000000000e+00,1.000000000000000000e+00
9.765006220465889397e-01,1.114115044789028008e-01,1.844830935678710426e-01,1.443908081054687542e-01,1.119907760337530700e-01,-9.936823581923787119e-01,7.310068439527028783e-03,-1.567418365478515652e-01,1.841320211858388511e-01,1.352211843537207830e-02,-9.828085017372597543e-01,1.486312255859375098e+00,0.000000000000000000e+00,0.000000000000000000e+00,0.000000000000000000e+00,1.000000000000000000e+00
9.764839734930685911e-01,1.114264653751085438e-01,1.845621638505526019e-01,1.443914031982422019e-01,1.119679999944514642e-01,-9.936833681311318944e-01,7.518701803662142941e-03,-1.567655639648437571e-01,1.842341349707784237e-01,1.332316454824511096e-02,-9.827920821811650942e-01,1.486291015624999989e+00,0.000000000000000000e+00,0.000000000000000000e+00,0.000000000000000000e+00,1.000000000000000000e+00
9.765244509140290630e-01,1.113401275430445231e-01,1.844000346142939117e-01,1.443925323486328072e-01,1.119663409954461536e-01,-9.936870159839766847e-01,7.046470673447333480e-03,-1.567457733154296873e-01,1.840204750867296679e-01,1.376554624992614058e-02,-9.828260143511139413e-01,1.486277099609375041e+00,0.000000000000000000e+00,0.000000000000000000e+00,0.000000000000000000e+00,1.000000000000000000e+00
9.764987028029765703e-01,1.113907222351146059e-01,1.845058005159827819e-01,1.443903350830078036e-01,1.119474167942392656e-01,-9.936863521946819322e-01,7.430298454516768951e-03,-1.567286376953125060e-01,1.841685621847577170e-01,1.339927094904290808e-02,-9.828033375201943311e-01,1.486274658203124988e+00,0.000000000000000000e+00,0.000000000000000000e+00,0.000000000000000000e+00,1.000000000000000000e+00
9.764805943722254522e-01,1.113209302677837659e-01,1.846437090690625782e-01,1.443885803222656194e-01,1.119963702991368520e-01,-9.936853447565587860e-01,6.800636430352852840e-03,-1.567243347167968648e-01,1.842348008772610179e-01,1.403873571068445930e-02,-9.827819961951693717e-01,1.486296386718749973e+00,0.000000000000000000e+00,0.000000000000000000e+00,0.000000000000000000e+00,1.000000000000000000e+00
9.765247193252888369e-01,1.113648115521340548e-01,1.843837066950967385e-01,1.443897552490234493e-01,1.120043262978806103e-01,-9.936832288971464422e-01,6.976496190729141247e-03,-1.567488250732421984e-01,1.839959332083828669e-01,1.383905186416460771e-02,-9.828295768882198136e-01,1.486279785156249922e+00,0.000000000000000000e+00,0.000000000000000000e+00,0.000000000000000000e+00,1.000000000000000000e+00
9.765502614395774605e-01,1.114051082456272573e-01,1.842240178127522165e-01,1.443886871337890787e-01,1.120142069482891328e-01,-9.936810208247929266e-01,7.130658759423961872e-03,-1.567672271728515754e-01,1.838543018915766991e-01,1.367226058037104841e-02,-9.828584155241198994e-01,1.486272338867187459e+00,0.000000000000000000e+00,0.000000000000000000e+00,0.000000000000000000e+00,1.000000000000000000e+00
9.765301137755639793e-01,1.113951116644694567e-01,1.843368275379194676e-01,1.443869171142578289e-01,1.119517544371777390e-01,-9.936859518547171977e-01,7.418474575181535635e-03,-1.567185668945312582e-01,1.839992977375787264e-01,1.339246742931039097e-02,-9.828351338084291289e-01,1.486270263671874980e+00,0.000000000000000000e+00,0.000000000000000000e+00,0.000000000000000000e+00,1.000000000000000000e+00
9.765501229915580783e-01,1.114676224492107681e-01,1.841869333875042203e-01,1.443886566162109475e-01,1.119698886441682917e-01,-9.936817294475748241e-01,7.704842573939867795e-03,-1.567255249023437602e-01,1.838820309932030217e-01,1.309922545789812126e-02,-9.828610323795616832e-01,1.486274536132812463e+00,0.000000000000000000e+00,0.000000000000000000e+00,0.000000000000000000e+00,1.000000000000000000e+00
9.764853839199831853e-01,1.113582431862820687e-01,1.845958739113844338e-01,1.443895263671874929e-01,1.118921326338227495e-01,-9.936916344528454736e-01,7.555545849738356384e-03,-1.567400054931640530e-01,1.842727479723952344e-01,1.327694591754225231e-02,-9.827854684832315613e-01,1.486285034179687603e+00,0.000000000000000000e+00,0.000000000000000000e+00,0.000000000000000000e+00,1.000000000000000000e+00
9.765184491794201005e-01,1.113705768671422874e-01,1.844134296099398385e-01,1.443877716064453087e-01,1.119753112550321700e-01,-9.936851572268989852e-01,7.165052427714316968e-03,-1.567447814941406170e-01,1.840468638188625938e-01,1.365294529518015429e-02,-9.828226437171703189e-01,1.486286865234375032e+00,0.000000000000000000e+00,0.000000000000000000e+00,0.000000000000000000e+00,1.000000000000000000e+00
9.765593442148671199e-01,1.113534567459218971e-01,1.842070978474038001e-01,1.443869171142578289e-01,1.119363525920208657e-01,-9.936888236669826346e-01,7.264618897301663991e-03,-1.567377624511718803e-01,1.838534747972517258e-01,1.352513918828003245e-02,-9.828606057905232563e-01,1.486280639648437596e+00,0.000000000000000000e+00,0.000000000000000000e+00,0.000000000000000000e+00,1.000000000000000000e+00
9.764729662537523502e-01,1.113558945629414682e-01,1.846629657556855264e-01,1.443845520019531314e-01,1.119734184104302227e-01,-9.936857351746211098e-01,7.114301086969798509e-03,-1.567416534423828056e-01,1.842891742481938544e-01,1.373042084425662654e-02,-9.827761575243667558e-01,1.486282592773437550e+00,0.000000000000000000e+00,0.000000000000000000e+00,0.000000000000000000e+00,1.000000000000000000e+00
9.764606269991810139e-01,1.113028308032604080e-01,1.847601790850701142e-01,1.443902435302734377e-01,1.119350047529405340e-01,-9.936906021965085101e-01,7.038594838428613443e-03,-1.567378082275390772e-01,1.843778691473723919e-01,1.380822079491626081e-02,-9.827584313589751153e-01,1.486288208007812583e+00,0.000000000000000000e+00,0.000000000000000000e+00,0.000000000000000000e+00,1.000000000000000000e+00
9.765228073192603331e-01,1.113576678736500902e-01,1.843981469295516429e-01,1.443889007568359417e-01,1.119542266441376777e-01,-9.936872343334167690e-01,7.206348542668028143e-03,-1.567427062988281383e-01,1.840365668062293736e-01,1.360698822470277937e-02,-9.828252092562691500e-01,1.486276000976562539e+00,0.000000000000000000e+00,0.000000000000000000e+00,0.000000000000000000e+00,1.000000000000000000e+00
9.764721841482928433e-01,1.113303247736420198e-01,1.846825177716020783e-01,1.443910064697265794e-01,1.119800707880177215e-01,-9.936862072902059584e-01,6.941555122377716762e-03,-1.567323150634765683e-01,1.842892762234777104e-01,1.390252592163939913e-02,-9.827737188397058787e-01,1.486282226562499975e+00,0.000000000000000000e+00,0.000000000000000000e+00,0.000000000000000000e+00,1.000000000000000000e+00
9.764795307879881037e-01,1.113193782373682883e-01,1.846502693767777814e-01,1.443905181884765632e-01,1.119606331399733146e-01,-9.936881047894046137e-01,6.983339239798108319e-03,-1.567432403564453236e-01,1.842621572080582470e-01,1.385447324467926032e-02,-9.827794823825666271e-01,1.486285644531250005e+00,0.000000000000000000e+00,0.000000000000000000e+00,0.000000000000000000e+00,1.000000000000000000e+00
9.764782905040337857e-01,1.113742125399615202e-01,1.846237605386251979e-01,1.443922119140625127e-01,1.119317129876948036e-01,-9.936880996798257426e-01,7.433181172105448459e-03,-1.567531280517578118e-01,1.842862984650797398e-01,1.340691373137398862e-02,-9.827811632618114190e-01,1.486296264648437448e+00,0.000000000000000000e+00,0.000000000000000000e+00,0.000000000000000000e+00,1.000000000000000000e+00
9.764950461000390103e-01,1.114488176798109909e-01,1.844900701388974829e-01,1.443892364501953018e-01,1.119127882578065669e-01,-9.936863956328447767e-01,7.929373151093366962e-03,-1.567338714599609273e-01,1.842089920890031263e-01,1.290380455440098481e-02,-9.828023906470597648e-01,1.486294311523437495e+00,0.000000000000000000e+00,0.000000000000000000e+00,0.000000000000000000e+00,1.000000000000000000e+00
9.764342792925515546e-01,1.113064520967663867e-01,1.848971929047750484e-01,1.443880004882812651e-01,1.119417002028549740e-01,-9.936898875528830111e-01,7.033002974027350099e-03,-1.567281646728515554e-01,1.845132894350146324e-01,1.383044094628900315e-02,-9.827327026842556101e-01,1.486283081054687427e+00,0.000000000000000000e+00,0.000000000000000000e+00,0.000000000000000000e+00,1.000000000000000000e+00
9.764911016230710672e-01,1.113150699158854257e-01,1.845916673649785067e-01,1.443898925781250120e-01,1.119456841681844977e-01,-9.936894230411470463e-01,7.035220840139980170e-03,-1.567320098876953116e-01,1.842099135418026612e-01,1.379440994656857405e-02,-9.827901210366065676e-01,1.486288208007812583e+00,0.000000000000000000e+00,0.000000000000000000e+00,0.000000000000000000e+00,1.000000000000000000e+00
9.764677162973816049e-01,1.113058026287427477e-01,1.847209174136704712e-01,1.443876495361328116e-01,1.119130821703165773e-01,-9.936921420979880626e-01,7.168596226033209680e-03,-1.567447662353515792e-01,1.843536304717557361e-01,1.367278442319968743e-02,-9.827648721326991410e-01,1.486291259765625039e+00,0.000000000000000000e+00,0.000000000000000000e+00,0.000000000000000000e+00,1.000000000000000000e+00
9.765237730767172275e-01,1.113220299083316628e-01,1.844145500580163244e-01,1.443937988281250029e-01,1.119973282696302003e-01,-9.936853524045817787e-01,6.783721474739353233e-03,-1.567575531005859502e-01,1.840052148078330507e-01,1.402947161052977947e-02,-9.828251395084747211e-01,1.486309204101562420e+00,0.000000000000000000e+00,0.000000000000000000e+00,0.000000000000000000e+00,1.000000000000000000e+00
9.764754124474497310e-01,1.112756417680830778e-01,1.846984039852107573e-01,1.443934478759765772e-01,1.119543417097246529e-01,-9.936901997572786804e-01,6.783235119130217282e-03,-1.567327270507812564e-01,1.842878027920596962e-01,1.405412592232034921e-02,-9.827718388754504986e-01,1.486336181640625087e+00,0.000000000000000000e+00,0.000000000000000000e+00,0.000000000000000000e+00,1.000000000000000000e+00
9.764886849871484698e-01,1.113257519711114002e-01,1.845980093070781758e-01,1.443957061767578154e-01,1.119389607402471870e-01,-9.936895080455626639e-01,7.129562999320685976e-03,-1.567378387451171806e-01,1.842268090166654659e-01,1.370177171881311641e-02,-9.827882499762107260e-01,1.486313964843750002e+00,0.000000000000000000e+00,0.000000000000000000e+00,0.000000000000000000e+00,1.000000000000000000e+00
9.764701116414017390e-01,1.112965265797034031e-01,1.847138442086089793e-01,1.443907318115234539e-01,1.119285767062907222e-01,-9.936913507985981608e-01,7.035130742312412609e-03,-1.567294921875000135e-01,1.843315349785079049e-01,1.380516277885946233e-02,-9.827671660638223061e-01,1.486309326171874945e+00,0.000000000000000000e+00,0.000000000000000000e+00,0.000000000000000000e+00,1.000000000000000000e+00
9.764744615356778512e-01,1.112773881743082810e-01,1.847023791122154868e-01,1.443863677978515780e-01,1.119513781967561711e-01,-9.936903586296602642e-01,6.808824149913834597e-03,-1.567454833984374962e-01,1.842946415077094113e-01,1.402904300235404030e-02,-9.827709148443412035e-01,1.486305664062500087e+00,0.000000000000000000e+00,0.000000000000000000e+00,0.000000000000000000e+00,1.000000000000000000e+00
9.765164419948769714e-01,1.113713170761451154e-01,1.844236108701680921e-01,1.443896331787109522e-01,1.119473954133917426e-01,-9.936871813448518997e-01,7.318899581300066480e-03,-1.567407989501953258e-01,1.840744935449345754e-01,1.349871711119926196e-02,-9.828195996532261836e-01,1.486308227539062443e+00,0.000000000000000000e+00,0.000000000000000000e+00,0.000000000000000000e+00,1.000000000000000000e+00
9.765087209746582397e-01,1.113542622006995358e-01,1.844747845917570628e-01,1.443937683105468717e-01,1.120044734301174211e-01,-9.936835699632199370e-01,6.925367628723482979e-03,-1.567440338134765687e-01,1.840807317240982510e-01,1.389931922393001888e-02,-9.828128474603045062e-01,1.486300659179687456e+00,0.000000000000000000e+00,0.000000000000000000e+00,0.000000000000000000e+00,1.000000000000000000e+00
9.764683623547989466e-01,1.113434720055097998e-01,1.846947984159152956e-01,1.443970642089843770e-01,1.119673180072163071e-01,-9.936866544723303996e-01,7.081837463433405047e-03,-1.567440948486328034e-01,1.843172727077097006e-01,1.376459099813181867e-02,-9.827704101244838508e-01,1.486279907226562447e+00,0.000000000000000000e+00,0.000000000000000000e+00,0.000000000000000000e+00,1.000000000000000000e+00
9.764870625524925130e-01,1.113750196171391232e-01,1.845768719880327702e-01,1.443917999267578245e-01,1.119259432203501686e-01,-9.936885120491475432e-01,7.464868102392285126e-03,-1.567377319335937491e-01,1.842433171158175675e-01,1.336959336827555495e-02,-9.827897303448623889e-01,1.486299316406250126e+00,0.000000000000000000e+00,0.000000000000000000e+00,0.000000000000000000e+00,1.000000000000000000e+00
9.765357878796333546e-01,1.113154812994578829e-01,1.843548714121049648e-01,1.443860626220703214e-01,1.119873449452911257e-01,-9.936863880001557403e-01,6.796828327134541228e-03,-1.567471160888671833e-01,1.839475185002724944e-01,1.400806647165124368e-02,-9.828362450130326833e-01,1.486312011718750048e+00,0.000000000000000000e+00,0.000000000000000000e+00,0.000000000000000000e+00,1.000000000000000000e+00
9.764771795313123004e-01,1.114197422100830642e-01,1.846021638562558020e-01,1.443899383544921811e-01,1.119299457389290181e-01,-9.936863591373137350e-01,7.688101931559172819e-03,-1.567344055175781403e-01,1.842932584264917739e-01,1.315525409364145387e-02,-9.827832590089626841e-01,1.486297729492187525e+00,0.000000000000000000e+00,0.000000000000000000e+00,0.000000000000000000e+00,1.000000000000000000e+00
9.764712250510559910e-01,1.113658515493602674e-01,1.846661684120188829e-01,1.443892974853515643e-01,1.119057546088994548e-01,-9.936902992908794863e-01,7.529354594883375454e-03,-1.567415924072265709e-01,1.843394931443152474e-01,1.331300882177151486e-02,-9.827724635252091945e-01,1.486298095703125099e+00,0.000000000000000000e+00,0.000000000000000000e+00,0.000000000000000000e+00,1.000000000000000000e+00
9.764939671477853578e-01,1.113410005561617788e-01,1.845608672474552403e-01,1.443911895751953112e-01,1.119658449163754566e-01,-9.936869325033869105e-01,7.066098228269489939e-03,-1.567470855712890521e-01,1.841824684820522751e-01,1.376451114868152206e-02,-9.827956840242512149e-01,1.486285400390624956e+00,0.000000000000000000e+00,0.000000000000000000e+00,0.000000000000000000e+00,1.000000000000000000e+00
9.764757737040600238e-01,1.113297437564848835e-01,1.846638879807664668e-01,1.443915100097656334e-01,1.119651004997774257e-01,-9.936873656384758169e-01,7.016811280124154310e-03,-1.567450408935547046e-01,1.842793521779702293e-01,1.382416455275154582e-02,-9.827766851300890893e-01,1.486277099609375041e+00,0.000000000000000000e+00,0.000000000000000000e+00,0.000000000000000000e+00,1.000000000000000000e+00
9.765171491009098093e-01,1.113886946048957272e-01,1.844093713075588559e-01,1.443884429931640567e-01,1.119568181337030899e-01,-9.936858017783046781e-01,7.361943872730385488e-03,-1.567400512695312498e-01,1.840650113009226208e-01,1.345682200319130335e-02,-9.828219500786324891e-01,1.486276733398437466e+00,0.000000000000000000e+00,0.000000000000000000e+00,0.000000000000000000e+00,1.000000000000000000e+00
9.765080884342803857e-01,1.113884004468214950e-01,1.844575221245446928e-01,1.443904876708984319e-01,1.119341990933777620e-01,-9.936874331743753563e-01,7.484665967554532742e-03,-1.567355957031250080e-01,1.841268266596489678e-01,1.333826814921412578e-02,-9.828119872625832310e-01,1.486284301757812454e+00,0.000000000000000000e+00,0.000000000000000000e+00,0.000000000000000000e+00,1.000000000000000000e+00
9.764900532424686252e-01,1.113504073226013330e-01,1.845758995850000361e-01,1.443911132812500109e-01,1.119501570283771147e-01,-9.936877242616560801e-01,7.202013122245668614e-03,-1.567464447021484353e-01,1.842127527068713744e-01,1.363060676500008755e-02,-9.827918743555906778e-01,1.486273315429687436e+00,0.000000000000000000e+00,0.000000000000000000e+00,0.000000000000000000e+00,1.000000000000000000e+00
9.764817545596782278e-01,1.113263090706439612e-01,1.846343302876247150e-01,1.443893127441406299e-01,1.119663950669152058e-01,-9.936874157247896910e-01,6.989006074405388833e-03,-1.567296447753906419e-01,1.842468707679229545e-01,1.384820345373587343e-02,-9.827824366935604683e-01,1.486292236328125016e+00,0.000000000000000000e+00,0.000000000000000000e+00,0.000000000000000000e+00,1.000000000000000000e+00
9.764983931893348457e-01,1.113352831045299196e-01,1.845408974582116168e-01,1.443899078369140776e-01,1.119218714228632783e-01,-9.936904287389082269e-01,7.268186148506534591e-03,-1.567400360107421842e-01,1.841857290776135470e-01,1.355679050216014418e-02,-9.827979602316180285e-01,1.486302246093750057e+00,0.000000000000000000e+00,0.000000000000000000e+00,0.000000000000000000e+00,1.000000000000000000e+00
9.764573893775341240e-01,1.113391205834390191e-01,1.847554247044382592e-01,1.443912200927734424e-01,1.119314424355276477e-01,-9.936894539502028056e-01,7.254054207827731818e-03,-1.567349395751953256e-01,1.843971771050551822e-01,1.359666635077771100e-02,-9.827577584226097063e-01,1.486296997070312598e+00,0.000000000000000000e+00,0.000000000000000000e+00,0.000000000000000000e+00,1.000000000000000000e+00
9.765427045626908775e-01,1.113666899048028208e-01,1.842872934985815281e-01,1.443920135498046875e-01,1.119702288485540792e-01,-9.936857551600839500e-01,7.161553151100013767e-03,-1.567414245605468770e-01,1.839212168755613441e-01,1.364112794387215867e-02,-9.828463285841950725e-01,1.486303710937500133e+00,0.000000000000000000e+00,0.000000000000000000e+00,0.000000000000000000e+00,1.000000000000000000e+00
9.764739445355276048e-01,1.113851241995921920e-01,1.846401628851883914e-01,1.443934936523437462e-01,1.119551644343218938e-01,-9.936859391134921227e-01,7.368552410153690960e-03,-1.567428283691406354e-01,1.842950807800127488e-01,1.347622035953169838e-02,-9.827785684909443598e-01,1.486299438476562429e+00,0.000000000000000000e+00,0.000000000000000000e+00,0.000000000000000000e+00,1.000000000000000000e+00
9.765355171691423308e-01,1.112912740273887535e-01,1.843709197041563663e-01,1.443940582275390627e-01,1.119878904422725030e-01,-9.936872291968519288e-01,6.663552008684769587e-03,-1.567345581054687409e-01,1.839486235378927081e-01,1.414011514958562164e-02,-9.828341472710799831e-01,1.486287719726562484e+00,0.000000000000000000e+00,0.000000000000000000e+00,0.000000000000000000e+00,1.000000000000000000e+00
9.764925021971276875e-01,1.113208012869880276e-01,1.845808016929611772e-01,1.443916778564453274e-01,1.119620565338442925e-01,-9.936879808289104110e-01,6.978155406412098194e-03,-1.567422180175781221e-01,1.841925379854069955e-01,1.385192972068185341e-02,-9.827925686499202618e-01,1.486309204101562420e+00,0.000000000000000000e+00,0.000000000000000000e+00,0.000000000000000000e+00,1.000000000000000000e+00
9.765194224525176603e-01,1.113619944526874350e-01,1.844134587401937142e-01,1.443918457031249936e-01,1.119573809032685385e-01,-9.936868222227578373e-01,7.214166765329909844e-03,-1.567407226562499978e-01,1.840526077899521384e-01,1.360167388070895010e-02,-9.828222789667321324e-01,1.486310302734374922e+00,0.000000000000000000e+00,0.000000000000000000e+00,0.000000000000000000e+00,1.000000000000000000e+00
9.765391353844540268e-01,1.112922791467331196e-01,1.843511477179045344e-01,1.443939819335937624e-01,1.119484036398336324e-01,-9.936902141787901099e-01,6.878456789378386248e-03,-1.567520294189453101e-01,1.839534505930125741e-01,1.392073445031167742e-02,-9.828363755820640479e-01,1.486300903320312505e+00,0.000000000000000000e+00,0.000000000000000000e+00,0.000000000000000000e+00,1.000000000000000000e+00
9.764849956607992709e-01,1.112773066648758136e-01,1.846467282968753676e-01,1.443893432617187611e-01,1.119121069335716478e-01,-9.936933584210863035e-01,7.013540583138888271e-03,-1.567450103759765734e-01,1.842626754690644131e-01,1.381558725620085117e-02,-9.827799326287387505e-01,1.486314086914062527e+00,0.000000000000000000e+00,0.000000000000000000e+00,0.000000000000000000e+00,1.000000000000000000e+00
9.764895589643173279e-01,1.112805609915219762e-01,1.846206325931248615e-01,1.443901672363281374e-01,1.119149928650750581e-01,-9.936930314211308568e-01,7.013820434964032277e-03,-1.567517852783203158e-01,1.842367379370456748e-01,1.381289435621226892e-02,-9.827848331877230281e-01,1.486294311523437495e+00,0.000000000000000000e+00,0.000000000000000000e+00,0.000000000000000000e+00,1.000000000000000000e+00
9.765374145388591165e-01,1.113908688961316173e-01,1.843007116978273296e-01,1.443889923095703076e-01,1.119444953684372024e-01,-9.936866722069573887e-01,7.431516330404352305e-03,-1.567522125244140696e-01,1.839649639536473924e-01,1.337429642366073576e-02,-9.828418083459339316e-01,1.486296997070312598e+00,0.000000000000000000e+00,0.000000000000000000e+00,0.000000000000000000e+00,1.000000000000000000e+00
9.765262142987116700e-01,1.113670470082683966e-01,1.843744386515790146e-01,1.443874206542968830e-01,1.119524833614043841e-01,-9.936870047585073529e-01,7.264849845729457259e-03,-1.567370300292968699e-01,1.840195485719960666e-01,1.354685995811040315e-02,-9.828292264318527760e-01,1.486291503906250089e+00,0.000000000000000000e+00,0.000000000000000000e+00,0.000000000000000000e+00,1.000000000000000000e+00
9.765461154311415592e-01,1.114539206049987158e-01,1.842164705397499880e-01,1.443882751464843905e-01,1.120077523556185645e-01,-9.936795545008773045e-01,7.430099540438805591e-03,-1.567270812988281192e-01,1.838802541019300407e-01,1.337783796856019565e-02,-9.828576120693662821e-01,1.486292358398437541e+00,0.000000000000000000e+00,0.000000000000000000e+00,0.000000000000000000e+00,1.000000000000000000e+00
9.765063716483569634e-01,1.113748477638247386e-01,1.844747934427525271e-01,1.443901672363281374e-01,1.120071127372290892e-01,-9.936825864248649554e-01,7.023114142664441464e-03,-1.567579956054687418e-01,1.840915881468542237e-01,1.380437327719391365e-02,-9.828121521694740403e-01,1.486299926757812528e+00,0.000000000000000000e+00,0.000000000000000000e+00,0.000000000000000000e+00,1.000000000000000000e+00
9.765072207317904152e-01,1.113145253757095998e-01,1.845067052956483877e-01,1.443908081054687542e-01,1.119688446480740507e-01,-9.936877467445193179e-01,6.902158935868837539e-03,-1.567602539062500078e-01,1.841103627905018025e-01,1.391899458226206025e-02,-9.828070186475925674e-01,1.486296752929687548e+00,0.000000000000000000e+00,0.000000000000000000e+00,0.000000000000000000e+00,1.000000000000000000e+00
9.764835694238954700e-01,1.113987099015265464e-01,1.845810555757127491e-01,1.443906097412109291e-01,1.119635759889404808e-01,-9.936848095554157156e-01,7.393031217732460095e-03,-1.567543792724609419e-01,1.842389651972067832e-01,1.344718152971647630e-02,-9.827894876381054745e-01,1.486289306640625085e+00,0.000000000000000000e+00,0.000000000000000000e+00,0.000000000000000000e+00,1.000000000000000000e+00
9.764825216055242896e-01,1.112808429135677263e-01,1.846576805858970161e-01,1.443907470703124918e-01,1.119609406585291983e-01,-9.936895253457186383e-01,6.773107489053140431e-03,-1.567656097412109539e-01,1.842461200833672985e-01,1.406062653820337911e-02,-9.827795612524606872e-01,1.486297729492187525e+00,0.000000000000000000e+00,0.000000000000000000e+00,0.000000000000000000e+00,1.000000000000000000e+00
9.764856922759129754e-01,1.112805638966190835e-01,1.846410812340562313e-01,1.443889312744140729e-01,1.119622596391146307e-01,-9.936894437544482317e-01,6.763267514954511214e-03,-1.567445678710937540e-01,1.842285135285370579e-01,1.406859871578671102e-02,-9.827827477796097222e-01,1.486294555664062544e+00,0.000000000000000000e+00,0.000000000000000000e+00,0.000000000000000000e+00,1.000000000000000000e+00
9.764619210293751239e-01,1.112966524391016954e-01,1.847570619366759870e-01,1.443872375488281234e-01,1.119424238201464361e-01,-9.936902829274462112e-01,6.965297182659360362e-03,-1.567227325439453089e-01,1.843665114083727630e-01,1.388080586356037725e-02,-9.827595396126586058e-01,1.486283325195312477e+00,0.000000000000000000e+00,0.000000000000000000e+00,0.000000000000000000e+00,1.000000000000000000e+00
9.764719191460854431e-01,1.113443355695444836e-01,1.846754722634750268e-01,1.443886718750000131e-01,1.119697785239256449e-01,-9.936864477517742822e-01,7.071934089325557574e-03,-1.567394714355468677e-01,1.842969338227413711e-01,1.377252667586431785e-02,-9.827741132592467954e-01,1.486291503906250089e+00,0.000000000000000000e+00,0.000000000000000000e+00,0.000000000000000000e+00,1.000000000000000000e+00
9.764667931166955972e-01,1.113994657835226110e-01,1.846693287027990071e-01,1.443929595947265609e-01,1.119305890518126068e-01,-9.936871205788001538e-01,7.579553438522772073e-03,-1.567451324462890705e-01,1.843478917018334107e-01,1.326896450213614284e-02,-9.827714838181510482e-01,1.486283081054687427e+00,0.000000000000000000e+00,0.000000000000000000e+00,0.000000000000000000e+00,1.000000000000000000e+00
9.765076082370425237e-01,1.114290882578342495e-01,1.844354883020040692e-01,1.443898315429687496e-01,1.119601290080443484e-01,-9.936838987117802002e-01,7.565642964020093814e-03,-1.567411499023437516e-01,1.841136077743113497e-01,1.326151314838335329e-02,-9.828155023712958904e-01,1.486284057617187626e+00,0.000000000000000000e+00,0.000000000000000000e+00,0.000000000000000000e+00,1.000000000000000000e+00
9.765102427731643386e-01,1.113509768734641942e-01,1.844687120040170436e-01,1.443884735107421879e-01,1.119468953529284411e-01,-9.936880015263646060e-01,7.214446852005479416e-03,-1.567319946289062460e-01,1.841076814799866845e-01,1.360571835167722482e-02,-9.828119077667908376e-01,1.486290649414062637e+00,0.000000000000000000e+00,0.000000000000000000e+00,0.000000000000000000e+00,1.000000000000000000e+00
9.765050714232104134e-01,1.113145196434472545e-01,1.845180836701367788e-01,1.443884582519531223e-01,1.119444727353996055e-01,-9.936895745986955575e-01,7.033090206812333406e-03,-1.567301177978515647e-01,1.841365811259250695e-01,1.378793133187065229e-02,-9.828039542252786642e-01,1.486298339843749927e+00,0.000000000000000000e+00,0.000000000000000000e+00,0.000000000000000000e+00,1.000000000000000000e+00
9.764974861692268249e-01,1.113036642404900273e-01,1.845647686635260298e-01,1.443890686035156357e-01,1.119787852464740746e-01,-9.936873679045676866e-01,6.794595029601045201e-03,-1.567512512207031306e-01,1.841559425049994203e-01,1.403243362829480201e-02,-9.827968659120576156e-01,1.486287353515625131e+00,0.000000000000000000e+00,0.000000000000000000e+00,0.000000000000000000e+00,1.000000000000000000e+00
9.764800036718884746e-01,1.112706202602175287e-01,1.846771547751781539e-01,1.443876037597656148e-01,1.119747779013385847e-01,-9.936888289053472656e-01,6.645330892081229707e-03,-1.567438507080078092e-01,1.842510557443146069e-01,1.419015065550131155e-02,-9.827767742887901781e-01,1.486295654296875046e+00,0.000000000000000000e+00,0.000000000000000000e+00,0.000000000000000000e+00,1.000000000000000000e+00
9.765358214959702909e-01,1.113064153655891342e-01,1.843601671556348021e-01,1.443919372558593872e-01,1.120017172286839058e-01,-9.936856198104644378e-01,6.671155800840506550e-03,-1.567513885498046933e-01,1.839385894069446858e-01,1.413403269969691275e-02,-9.828361127098592664e-01,1.486282470703125025e+00,0.000000000000000000e+00,0.000000000000000000e+00,0.000000000000000000e+00,1.000000000000000000e+00
9.765011185389500525e-01,1.112769321651571608e-01,1.845616695310559607e-01,1.443885803222656194e-01,1.119711481440700818e-01,-9.936889386418465975e-01,6.689933044483500554e-03,-1.567411041259765547e-01,1.841413247358626437e-01,1.413285493988994564e-02,-9.827981659200275555e-01,1.486294677734375069e+00,0.000000000000000000e+00,0.000000000000000000e+00,0.000000000000000000e+00,1.000000000000000000e+00
9.764949708954999696e-01,1.113563049973595731e-01,1.845463225131609708e-01,1.443848876953124916e-01,1.119551347697271271e-01,-9.936871399936495486e-01,7.205248776634266480e-03,-1.567265472412109339e-01,1.841836572948013229e-01,1.362501921378414700e-02,-9.827974049807697288e-01,1.486280883789062424e+00,0.000000000000000000e+00,0.000000000000000000e+00,0.000000000000000000e+00,1.000000000000000000e+00
9.764903645756041195e-01,1.113624777576828068e-01,1.845669700641854594e-01,1.443856964111328023e-01,1.119190530452082027e-01,-9.936895284297596609e-01,7.432809327977894266e-03,-1.567321624755859399e-01,1.842300015102540101e-01,1.339849382250884319e-02,-9.827918329467438818e-01,1.486295776367187571e+00,0.000000000000000000e+00,0.000000000000000000e+00,0.000000000000000000e+00,1.000000000000000000e+00
9.764679141235127480e-01,1.113653996489084030e-01,1.846839474570419470e-01,1.443869781494140636e-01,1.119468873553207677e-01,-9.936873120017640781e-01,7.308924555936532549e-03,-1.567282257080078178e-01,1.843320566226386015e-01,1.353786274668798521e-02,-9.827707866911391532e-01,1.486313842773437477e+00,0.000000000000000000e+00,0.000000000000000000e+00,0.000000000000000000e+00,1.000000000000000000e+00
9.765313883974667819e-01,1.112888928125432553e-01,1.843942239091957425e-01,1.443887939453125102e-01,1.119662376921008451e-01,-9.936889626102359818e-01,6.768101925168855913e-03,-1.567584075927734300e-01,1.839837196373427242e-01,1.403666353346676166e-02,-9.828290609181519200e-01,1.486312622070312450e+00,0.000000000000000000e+00,0.000000000000000000e+00,0.000000000000000000e+00,1.000000000000000000e+00
9.765093763849963526e-01,1.114039051083902110e-01,1.844413396144881645e-01,1.443904418945312629e-01,1.119401677905966230e-01,-9.936863740939332335e-01,7.535832738683623938e-03,-1.567436218261718806e-01,1.841163671898814469e-01,1.328758317577463655e-02,-9.828146333190954653e-01,1.486297729492187525e+00,0.000000000000000000e+00,0.000000000000000000e+00,0.000000000000000000e+00,1.000000000000000000e+00
9.765146703704492559e-01,1.113391996931866051e-01,1.844523818305774387e-01,1.443864135742187471e-01,1.119509212571454942e-01,-9.936881736843883317e-01,7.127742241474914128e-03,-1.567435302734375147e-01,1.840817475497470990e-01,1.368926920858850628e-02,-9.828156053541099446e-01,1.486286010742187580e+00,0.000000000000000000e+00,0.000000000000000000e+00,0.000000000000000000e+00,1.000000000000000000e+00
9.764940804185789913e-01,1.114172360693111707e-01,1.845142553141887742e-01,1.443876037597656148e-01,1.119532193726711367e-01,-9.936848422866618735e-01,7.543930131376960432e-03,-1.567345581054687409e-01,1.841895425358584804e-01,1.329036178619347024e-02,-9.828008845661585502e-01,1.486295043945312422e+00,0.000000000000000000e+00,0.000000000000000000e+00,0.000000000000000000e+00,1.000000000000000000e+00
9.765312435496570354e-01,1.113059671584036570e-01,1.843846849559193923e-01,1.443870697021484295e-01,1.119623170895980291e-01,-9.936886281651052810e-01,6.881119624016248174e-03,-1.567388153076171853e-01,1.839868743233864234e-01,1.392450826004574226e-02,-9.828300657521761297e-01,1.486310180664062619e+00,0.000000000000000000e+00,0.000000000000000000e+00,0.000000000000000000e+00,1.000000000000000000e+00
9.765182723477985327e-01,1.113978838457746201e-01,1.843978721285962075e-01,1.443908538818359510e-01,1.119693805143701648e-01,-9.936845195490167093e-01,7.343938716252199420e-03,-1.567425231933593788e-01,1.840514102040486932e-01,1.347542516298425551e-02,-9.828242423335811218e-01,1.486287231445312607e+00,0.000000000000000000e+00,0.000000000000000000e+00,0.000000000000000000e+00,1.000000000000000000e+00
9.765236951843796476e-01,1.114052042681721727e-01,1.843647287455271455e-01,1.443884277343749911e-01,1.119904728912760467e-01,-9.936826965600877859e-01,7.268599497897530216e-03,-1.567476806640624998e-01,1.840098006222313509e-01,1.354913351618119988e-02,-9.828310201941772295e-01,1.486295043945312422e+00,0.000000000000000000e+00,0.000000000000000000e+00,0.000000000000000000e+00,1.000000000000000000e+00
9.765047857688428090e-01,1.113946484766499406e-01,1.844712326117810275e-01,1.443868408203125009e-01,1.119319584468930623e-01,-9.936873311782078444e-01,7.531569170736098981e-03,-1.567402954101562440e-01,1.841457033134068222e-01,1.329361300377614359e-02,-9.828090556178837867e-01,1.486288085937500059e+00,0.000000000000000000e+00,0.000000000000000000e+00,0.000000000000000000e+00,1.000000000000000000e+00
9.764333776972609069e-01,1.113395956054232666e-01,1.848819984994195809e-01,1.443884582519531223e-01,1.119333654986443688e-01,-9.936892239758798873e-01,7.255883292943576812e-03,-1.567356109619140736e-01,1.845231167275944995e-01,1.360957768024933026e-02,-9.827339409975113238e-01,1.486289184570312560e+00,0.000000000000000000e+00,0.000000000000000000e+00,0.000000000000000000e+00,1.000000000000000000e+00
9.764568930257477852e-01,1.113192069786035215e-01,1.847700468695022968e-01,1.443891754150390672e-01,1.119255066057246867e-01,-9.936906691650762014e-01,7.178787175781888019e-03,-1.567382507324218688e-01,1.844034084108943927e-01,1.367070488007546963e-02,-9.827555620776342593e-01,1.486310424804687447e+00,0.000000000000000000e+00,0.000000000000000000e+00,0.000000000000000000e+00,1.000000000000000000e+00
9.764888710364795221e-01,1.114140046664920669e-01,1.845437734145390085e-01,1.443878326416015712e-01,1.119485497885550906e-01,-9.936852959286851528e-01,7.553466446654978628e-03,-1.567434692382812522e-01,1.842199960431582240e-01,1.328353188335930010e-02,-9.827952690355009624e-01,1.486307861328125091e+00,0.000000000000000000e+00,0.000000000000000000e+00,0.000000000000000000e+00,1.000000000000000000e+00
9.765130521919064277e-01,1.113476518475523952e-01,1.844558465511012546e-01,1.443874664306640521e-01,1.119713302174968755e-01,-9.936863225100426300e-01,7.064960423936274443e-03,-1.567452545166015676e-01,1.840779185784417460e-01,1.375474043752825115e-02,-9.828154084095980236e-01,1.486311523437499948e+00,0.000000000000000000e+00,0.000000000000000000e+00,0.000000000000000000e+00,1.000000000000000000e+00
9.765195755582777304e-01,1.113570473744920630e-01,1.844156353228114942e-01,1.443864746093750095e-01,1.120061578806323122e-01,-9.936833689780318890e-01,6.926962775075802201e-03,-1.567337493896484302e-01,1.840221159217009517e-01,1.389137201659892788e-02,-9.828239367430956497e-01,1.486294189453124970e+00,0.000000000000000000e+00,0.000000000000000000e+00,0.000000000000000000e+00,1.000000000000000000e+00
9.765049477517747656e-01,1.113312789452209489e-01,1.845086267487918152e-01,1.443861083984374905e-01,1.119948708044292279e-01,-9.936851444829196689e-01,6.854381624800899055e-03,-1.567415313720703085e-01,1.841065885018859927e-01,1.397068224463666672e-02,-9.828069922969701055e-01,1.486303710937500133e+00,0.000000000000000000e+00,0.000000000000000000e+00,0.000000000000000000e+00,1.000000000000000000e+00
