T00,T01,T02,T03,T10,T11,T12,T13,T20,T21,T22,T23,T30,T31,T32,T33
9.632072055038377600e-01,1.088687411488118012e-01,2.457223564638774116e-01,-1.096213455200195364e-01,1.114351842716227309e-01,-9.937656147641730220e-01,3.478881822465841600e-03,-1.444326934814453289e-01,2.445691701172437726e-01,2.403123203371412483e-02,-9.693340089541399029e-01,1.933311645507812537e+00,0.000000000000000000e+00,0.000000000000000000e+00,0.000000000000000000e+00,1.000000000000000000e+00
9.632339800347159420e-01,1.086772983330389492e-01,2.457021459684719522e-01,-1.096319961547851524e-01,1.115195336890123928e-01,-9.937594413500893120e-01,2.359307810315826315e-03,-1.444552764892578223e-01,2.444252305149079429e-01,2.512802329253614395e-02,-9.693425035214043861e-01,1.933376586914062445e+00,0.000000000000000000e+00,0.000000000000000000e+00,0.000000000000000000e+00,1.000000000000000000e+00
9.631519489538582501e-01,1.086114673720358775e-01,2.460525805222898987e-01,-1.096218719482421888e-01,1.115184646362450266e-01,-9.937600755942854747e-01,2.131712929756571229e-03,-1.444592590332031412e-01,2.447487594893165697e-01,2.538624253672663172e-02,-9.692541376843886169e-01,1.933277465820312457e+00,0.000000000000000000e+00,0.000000000000000000e+00,0.000000000000000000e+00,1.000000000000000000e+00
9.629969263697731874e-01,1.086190346523141920e-01,2.466552758681016255e-01,-1.096230087280273408e-01,1.114701043283407716e-01,-9.937648460060722888e-01,2.417991637016690676e-03,-1.444571228027343723e-01,2.453799821570593342e-01,2.516617081971806585e-02,-9.691002673629155462e-01,1.933316528320312644e+00,0.000000000000000000e+00,0.000000000000000000e+00,0.000000000000000000e+00,1.000000000000000000e+00
9.630422472453064042e-01,1.087529824808971257e-01,2.464191932910667626e-01,-1.096158905029296915e-01,1.114445514888997568e-01,-9.937660026874728381e-01,3.040369385438536354e-03,-1.444680480957031277e-01,2.452136659408451491e-01,2.453407230917086998e-02,-9.691585718197925914e-01,1.933326049804687585e+00,0.000000000000000000e+00,0.000000000000000000e+00,0.000000000000000000e+00,1.000000000000000000e+00
9.629230038971740013e-01,1.084128382506749644e-01,2.470342993757674022e-01,-1.096202774047851519e-01,1.114115208368875731e-01,-9.937726353604646734e-01,1.849927979343269149e-03,-1.444551239013671939e-01,2.456964826578822703e-01,2.574112878546657573e-02,-9.690049704198607783e-01,1.933345336914062518e+00,0.000000000000000000e+00,0.000000000000000000e+00,0.000000000000000000e+00,1.000000000000000000e+00
9.629686464035136506e-01,1.088642604706876599e-01,2.466575740494416635e-01,-1.096242294311523396e-01,1.114776815884187672e-01,-9.937611640075767472e-01,3.387538631210211537e-03,-1.444723358154297033e-01,2.454874997865607034e-01,2.423472101091936684e-02,-9.690967783178658923e-01,1.933303100585937573e+00,0.000000000000000000e+00,0.000000000000000000e+00,0.000000000000000000e+00,1.000000000000000000e+00
9.628468111313546185e-01,1.086457915731048746e-01,2.472288621250260388e-01,-1.096301651000976540e-01,1.114290947153236816e-01,-9.937685847249346782e-01,2.748975213411245996e-03,-1.444543457031250144e-01,2.459869410052190064e-01,2.490164627597906549e-02,-9.689532150045434555e-01,1.933359252929687466e+00,0.000000000000000000e+00,0.000000000000000000e+00,0.000000000000000000e+00,1.000000000000000000e+00
9.632060739555041717e-01,1.088114404769437715e-01,2.457521709294885059e-01,-1.096366958618164023e-01,1.114974618427894970e-01,-9.937601880727084946e-01,3.000767286994472996e-03,-1.444458618164062569e-01,2.445452414131988605e-01,2.451038602363327101e-02,-9.693280486394340034e-01,1.933363769531249998e+00,0.000000000000000000e+00,0.000000000000000000e+00,0.000000000000000000e+00,1.000000000000000000e+00
9.630103137167969063e-01,1.085780058792971126e-01,2.466210702968266999e-01,-1.096252136230468771e-01,1.113752626517837130e-01,-9.937749631233507852e-01,2.621743395008287528e-03,-1.444495239257812536e-01,2.453705087094274206e-01,2.494272055046121289e-02,-9.691084429243297382e-01,1.933339111328125082e+00,0.000000000000000000e+00,0.000000000000000000e+00,0.000000000000000000e+00,1.000000000000000000e+00
9.631107305644610594e-01,1.085273636209192899e-01,2.462509533323326838e-01,-1.096358108520507774e-01,1.114610341318251902e-01,-9.937667177544160513e-01,2.036799911395945420e-03,-1.444540710449218890e-01,2.449370501615752149e-01,2.548572206369144333e-02,-9.692039617278904728e-01,1.933360839843750068e+00,0.000000000000000000e+00,0.000000000000000000e+00,0.000000000000000000e+00,1.000000000000000000e+00
9.629443838839930603e-01,1.086654529525622748e-01,2.468398932119593991e-01,-1.096240158081054766e-01,1.114248092756109365e-01,-9.937689078959932587e-01,2.805276652757416472e-03,-1.444553527832031226e-01,2.456066477605416132e-01,2.480276262474110510e-02,-9.690522161070631579e-01,1.933300292968749945e+00,0.000000000000000000e+00,0.000000000000000000e+00,0.000000000000000000e+00,1.000000000000000000e+00
9.630447685958792858e-01,1.089047781082222444e-01,2.463422882602744612e-01,-1.096226882934570324e-01,1.113959618503398141e-01,-9.937686682014387207e-01,3.843668114769271948e-03,-1.444532470703125127e-01,2.452258415492684362e-01,2.373991167501961208e-02,-9.691752696133529854e-01,1.933308105468749982e+00,0.000000000000000000e+00,0.000000000000000000e+00,0.000000000000000000e+00,1.000000000000000000e+00
9.629795407940083818e-01,1.084842538313755544e-01,2.467824359285125946e-01,-1.096207733154296871e-01,1.114955370390892098e-01,-9.937633369610295864e-01,1.781946251794940331e-03,-1.444596710205078294e-01,2.454366501411837376e-01,2.579916244239104095e-02,-9.690692720258676784e-01,1.933294311523437559e+00,0.000000000000000000e+00,0.000000000000000000e+00,0.000000000000000000e+00,1.000000000000000000e+00
9.630873124341020608e-01,1.088780392378094486e-01,2.461877356819155704e-01,-1.096217575073242245e-01,1.114373419268268883e-01,-9.937651018595318186e-01,3.555439550615817346e-03,-1.444498138427734446e-01,2.450398895134059118e-01,2.401030815805240554e-02,-9.692156404275641401e-01,1.933307373046875055e+00,0.000000000000000000e+00,0.000000000000000000e+00,0.000000000000000000e+00,1.000000000000000000e+00
9.629872822783627218e-01,1.086202845380422194e-01,2.466923751497149264e-01,-1.096266326904296873e-01,1.114420749411398764e-01,-9.937676911974100413e-01,2.537688905731722011e-03,-1.444391937255859459e-01,2.454305565795471544e-01,2.504814801624377987e-02,-9.690905180518536444e-01,1.933325073242187608e+00,0.000000000000000000e+00,0.000000000000000000e+00,0.000000000000000000e+00,1.000000000000000000e+00
9.630474449452486319e-01,1.086150282513890231e-01,2.464597217039289356e-01,-1.096252059936523443e-01,1.114791404430516830e-01,-9.937640067694786250e-01,2.345228251135315217e-03,-1.444491424560546966e-01,2.451775275805400667e-01,2.521655185431844956e-02,-9.691501975865619567e-01,1.933353759765624957e+00,0.000000000000000000e+00,0.000000000000000000e+00,0.000000000000000000e+00,1.000000000000000000e+00
9.631240506998365314e-01,1.087601096799351436e-01,2.460961224927110114e-01,-1.096216888427734432e-01,1.114861821203777942e-01,-9.937618359875995955e-01,2.871329095922813684e-03,-1.444623718261718870e-01,2.448732205851854582e-01,2.467087102158369710e-02,-9.692411743024930137e-01,1.933334106445312450e+00,0.000000000000000000e+00,0.000000000000000000e+00,0.000000000000000000e+00,1.000000000000000000e+00
9.631191993396270856e-01,1.086544143263683260e-01,2.461617884863319394e-01,-1.096152954101562577e-01,1.115256931093735471e-01,-9.937589118213547845e-01,2.290186042797976579e-03,-1.444444274902343672e-01,2.448743098813543628e-01,2.524764193010280502e-02,-9.692260463571433782e-01,1.933328613281249941e+00,0.000000000000000000e+00,0.000000000000000000e+00,0.000000000000000000e+00,1.000000000000000000e+00
9.630539090671540459e-01,1.087254683265541921e-01,2.463857560161408500e-01,-1.096196441650390679e-01,1.114485034661086560e-01,-9.937659525400933669e-01,2.909062949802620687e-03,-1.444289855957031354e-01,2.451660647512999558e-01,2.465773933783483446e-02,-9.691674760252270149e-01,1.933294433593750083e+00,0.000000000000000000e+00,0.000000000000000000e+00,0.000000000000000000e+00,1.000000000000000000e+00
9.631280872974559149e-01,1.087932119635339201e-01,2.460656914106503224e-01,-1.096244506835937493e-01,1.114970235399693754e-01,-9.937603581605207737e-01,2.960454424705126486e-03,-1.444292144775390641e-01,2.448524069729994257e-01,2.458429537999458694e-02,-9.692486323024642747e-01,1.933316040039062544e+00,0.000000000000000000e+00,0.000000000000000000e+00,0.000000000000000000e+00,1.000000000000000000e+00
9.631347644668072361e-01,1.084641281317681866e-01,2.461848053476970444e-01,-1.096231994628906331e-01,1.115888513913822350e-01,-9.937536550946238778e-01,1.265397656024245046e-03,-1.444689941406250011e-01,2.447843003965330388e-01,2.625273118536876338e-02,-9.692220800129808245e-01,1.933315307617187617e+00,0.000000000000000000e+00,0.000000000000000000e+00,0.000000000000000000e+00,1.000000000000000000e+00
9.631295415209423227e-01,1.086947752525343480e-01,2.461034987204789304e-01,-1.096117095947265613e-01,1.114911445375702248e-01,-9.937620637141576507e-01,2.585616421945664822e-03,-1.444679565429687618e-01,2.448493637716103177e-01,2.494807718802909483e-02,-9.692401057040810342e-01,1.933273803710937599e+00,0.000000000000000000e+00,0.000000000000000000e+00,0.000000000000000000e+00,1.000000000000000000e+00
9.631635032494900717e-01,1.085926262667051556e-01,2.460156652098997310e-01,-1.096099319458007787e-01,1.115009209469689511e-01,-9.937620686854702345e-01,2.120252332374596149e-03,-1.444387054443359297e-01,2.447112801571426355e-01,2.538882357406218454e-02,-9.692635333083454707e-01,1.933282470703125089e+00,0.000000000000000000e+00,0.000000000000000000e+00,0.000000000000000000e+00,1.000000000000000000e+00
9.632845607844570113e-01,1.086001392658321463e-01,2.455379088974605217e-01,-1.096160812377929700e-01,1.115456319106235550e-01,-9.937574535695149480e-01,1.922362268937573976e-03,-1.444361724853515661e-01,2.442138959108499097e-01,2.553689931207820882e-02,-9.693850833479796814e-01,1.933298950195312615e+00,0.000000000000000000e+00,0.000000000000000000e+00,0.000000000000000000e+00,1.000000000000000000e+00
9.632467591212382496e-01,1.086504023472174563e-01,2.456639393810560179e-01,-1.096082992553710916e-01,1.115598062529680190e-01,-9.937555336098048420e-01,2.085437290491857013e-03,-1.444477691650390694e-01,2.443564827689898578e-01,2.539743076927462873e-02,-9.693528149436038133e-01,1.933294921874999961e+00,0.000000000000000000e+00,0.000000000000000000e+00,0.000000000000000000e+00,1.000000000000000000e+00
9.630626785576965609e-01,1.087092931613962976e-01,2.463586141169512578e-01,-1.096248016357421889e-01,1.114739302235897289e-01,-9.937635819399661674e-01,2.739724503509873357e-03,-1.444500427246093732e-01,2.451200523208608151e-01,2.482403654119291064e-02,-9.691748692367236906e-01,1.933320800781250126e+00,0.000000000000000000e+00,0.000000000000000000e+00,0.000000000000000000e+00,1.000000000000000000e+00
9.631857567056660852e-01,1.086996025338240468e-01,2.458812609539862415e-01,-1.096165237426757894e-01,1.115068011275174298e-01,-9.937604757701896663e-01,2.519940339509486524e-03,-1.444551086425781283e-01,2.446209953819211413e-01,2.499026222341577813e-02,-9.692966808012721813e-01,1.933322387695312505e+00,0.000000000000000000e+00,0.000000000000000000e+00,0.000000000000000000e+00,1.000000000000000000e+00
9.631963701205130679e-01,1.086955108358415578e-01,2.458414906210974471e-01,-1.096214523315429679e-01,1.114978243017857862e-01,-9.937614457250854016e-01,2.534593923359139064e-03,-1.444355010986328181e-01,2.445832941200927757e-01,2.496947966065121011e-02,-9.693067302576829913e-01,1.933359008789062639e+00,0.000000000000000000e+00,0.000000000000000000e+00,0.000000000000000000e+00,1.000000000000000000e+00
9.632749630391097551e-01,1.088034881086244049e-01,2.454855322771561377e-01,-1.096205444335937584e-01,1.115046902717000549e-01,-9.937596412907070409e-01,2.911939075244559388e-03,-1.444521636962890765e-01,2.442704436263513079e-01,2.456779023766936937e-02,-9.693958809760974127e-01,1.933320678710937601e+00,0.000000000000000000e+00,0.000000000000000000e+00,0.000000000000000000e+00,1.000000000000000000e+00
9.633564406705288352e-01,1.087418671531420328e-01,2.451929333130514477e-01,-1.096209335327148482e-01,1.115470440701733096e-01,-9.937561080134555969e-01,2.460639176299562331e-03,-1.444438629150390785e-01,2.439295496200017677e-01,2.498007433931160454e-02,-9.694711809580445205e-01,1.933351684570312479e+00,0.000000000000000000e+00,0.000000000000000000e+00,0.000000000000000000e+00,1.000000000000000000e+00
9.632333767744563069e-01,1.086655182665296482e-01,2.457097210277698618e-01,-1.096196517944336007e-01,1.114574917784484642e-01,-9.937659102893174889e-01,2.557943177840906954e-03,-1.444539947509765609e-01,2.444559048052124262e-01,2.492229296654864534e-02,-9.693400796001134800e-01,1.933338012695312580e+00,0.000000000000000000e+00,0.000000000000000000e+00,0.000000000000000000e+00,1.000000000000000000e+00
9.633650143044255598e-01,1.088371779941281203e-01,2.451169473955411571e-01,-1.096055679321289028e-01,1.114899663625372184e-01,-9.937608165329722132e-01,3.070329656680834823e-03,-1.444512939453125033e-01,2.439217838052073761e-01,2.437023204638905094e-02,-9.694886565480232976e-01,1.933294433593750083e+00,0.000000000000000000e+00,0.000000000000000000e+00,0.000000000000000000e+00,1.000000000000000000e+00
9.630910945941715262e-01,1.087573867638514380e-01,2.462262665470488499e-01,-1.095984420776367207e-01,1.114831262760037078e-01,-9.937621368041542613e-01,2.885829199738969633e-03,-1.444396972656250000e-01,2.450041960235149474e-01,2.467075756314517088e-02,-9.692080775829985395e-01,1.933231567382812432e+00,0.000000000000000000e+00,0.000000000000000000e+00,0.000000000000000000e+00,1.000000000000000000e+00
9.629714060208887094e-01,1.089592401784427039e-01,2.466048563307076391e-01,-1.096105880737304750e-01,1.114642487853078762e-01,-9.937610940992396280e-01,3.822184899866640576e-03,-1.444450073242187493e-01,2.454827741999008606e-01,2.380697029061471653e-02,-9.691085778883097301e-01,1.933263549804687509e+00,0.000000000000000000e+00,0.000000000000000000e+00,0.000000000000000000e+00,1.000000000000000000e+00
9.628647608097363753e-01,1.085375021958224218e-01,2.472065189429709375e-01,-1.096018066406250074e-01,1.114386086837972634e-01,-9.937687301191268086e-01,2.268817321437697002e-03,-1.444314270019531332e-01,2.459123601721334984e-01,2.536378628104234839e-02,-9.689601588610653460e-01,1.933245971679687480e+00,0.000000000000000000e+00,0.000000000000000000e+00,0.000000000000000000e+00,1.000000000000000000e+00
9.628144571780712369e-01,1.085807250024208165e-01,2.473834012355002887e-01,-1.096211624145507768e-01,1.113756316979305078e-01,-9.937746817224966112e-01,2.711204757559483938e-03,-1.444244079589843688e-01,2.461377454044438307e-01,2.494209544723820920e-02,-9.689138775773200596e-01,1.933307250976562530e+00,0.000000000000000000e+00,0.000000000000000000e+00,0.000000000000000000e+00,1.000000000000000000e+00
9.630560638178767841e-01,1.085363828634201278e-01,2.464606896414575643e-01,-1.096069946289062458e-01,1.114491914552646068e-01,-9.937678227950627052e-01,2.142918833866047992e-03,-1.444522094726562456e-01,2.451572876085586494e-01,2.540409360882311951e-02,-9.691504198834816064e-01,1.933273071289062450e+00,0.000000000000000000e+00,0.000000000000000000e+00,0.000000000000000000e+00,1.000000000000000000e+00
9.629962091790739143e-01,1.087966484355629704e-01,2.465797850512530254e-01,-1.096166839599609366e-01,1.114017153117064507e-01,-9.937696262845233663e-01,3.404071081593023837e-03,-1.444464874267578081e-01,2.454138523644155134e-01,2.419130346855125763e-02,-9.691165161651872362e-01,1.933286743164062571e+00,0.000000000000000000e+00,0.000000000000000000e+00,0.000000000000000000e+00,1.000000000000000000e+00
9.631862168589393480e-01,1.087836041895199335e-01,2.458423053758287957e-01,-1.096218261718750059e-01,1.115424026735376828e-01,-9.937559578509058689e-01,2.718205592513475363e-03,-1.444512329101562409e-01,2.446029518603133335e-01,2.480370325912364948e-02,-9.693060261062316219e-01,1.933292724609374957e+00,0.000000000000000000e+00,0.000000000000000000e+00,0.000000000000000000e+00,1.000000000000000000e+00
9.630962479194263848e-01,1.087571983845596335e-01,2.462061921298171474e-01,-1.096210784912109437e-01,1.114118684426729233e-01,-9.937692786458193206e-01,3.164868066852732920e-03,-1.444307403564453196e-01,2.450163521351900187e-01,2.438221932699276631e-02,-9.692123062399976563e-01,1.933333007812499948e+00,0.000000000000000000e+00,0.000000000000000000e+00,0.000000000000000000e+00,1.000000000000000000e+00
9.630538610623097240e-01,1.087540403061547367e-01,2.463733333988585572e-01,-1.096208572387695340e-01,1.115087531440623059e-01,-9.937595460668936509e-01,2.786139475738434734e-03,-1.444768676757812453e-01,2.451388558862801215e-01,2.478958083568505444e-02,-9.691709952411683426e-01,1.933367797851562431e+00,0.000000000000000000e+00,0.000000000000000000e+00,0.000000000000000000e+00,1.000000000000000000e+00
9.633276577141025587e-01,1.087814663105674123e-01,2.452884352560956993e-01,-1.096230773925781221e-01,1.115803658584507557e-01,-9.937522673134691065e-01,2.500632766749593533e-03,-1.444522247314453112e-01,2.440279611805894200e-01,2.496044464072604691e-02,-9.694469198287145595e-01,1.933332397460937546e+00,0.000000000000000000e+00,0.000000000000000000e+00,0.000000000000000000e+00,1.000000000000000000e+00
9.631274071393608471e-01,1.087428620708636856e-01,2.460906084466643884e-01,-1.096249313354492189e-01,1.114542942810155118e-01,-9.937652518034506555e-01,2.926532819776825334e-03,-1.444418029785156377e-01,2.448745350242306495e-01,2.460923112698879325e-02,-9.692424092248571599e-01,1.933318725585937647e+00,0.000000000000000000e+00,0.000000000000000000e+00,0.000000000000000000e+00,1.000000000000000000e+00
9.631682766207192437e-01,1.086764780966839733e-01,2.459599439339157367e-01,-1.096253128051757897e-01,1.114870389964461445e-01,-9.937627131104935785e-01,2.512004593178124648e-03,-1.444469604492187587e-01,2.446988170124222428e-01,2.500186272604946330e-02,-9.692767385081255682e-01,1.933328369140625114e+00,0.000000000000000000e+00,0.000000000000000000e+00,0.000000000000000000e+00,1.000000000000000000e+00
9.630669097339781271e-01,1.087184306184738186e-01,2.463380405444966781e-01,-1.096185150146484349e-01,1.114295506460544621e-01,-9.937679561998116196e-01,2.950334433219632679e-03,-1.444310455322265763e-01,2.451236068155500381e-01,2.460796769962022776e-02,-9.691794804407645181e-01,1.933324462890624984e+00,0.000000000000000000e+00,0.000000000000000000e+00,0.000000000000000000e+00,1.000000000000000000e+00
9.628857302186590861e-01,1.084679671343801444e-01,2.471553573099616874e-01,-1.096200714111328217e-01,1.113809059397005974e-01,-9.937753361644732220e-01,2.207945479396965921e-03,-1.444569854736328096e-01,2.458563896532514059e-01,2.540238840982179946e-02,-9.689733506808870800e-01,1.933344604492187591e+00,0.000000000000000000e+00,0.000000000000000000e+00,0.000000000000000000e+00,1.000000000000000000e+00
9.633069608291385810e-01,1.087876578433736724e-01,2.453669593060192333e-01,-1.096297454833984331e-01,1.114780810456134502e-01,-9.937625426782258353e-01,2.940444880460633612e-03,-1.444709625244140760e-01,2.441563774807372911e-01,2.452048675415001433e-02,-9.694258141110249083e-01,1.933360229492187443e+00,0.000000000000000000e+00,0.000000000000000000e+00,0.000000000000000000e+00,1.000000000000000000e+00
9.630450294149420776e-01,1.086270374211411177e-01,2.464638676566599240e-01,-1.096227416992187481e-01,1.114215102852910561e-01,-9.937697771053511930e-01,2.622433550247814729e-03,-1.444523468017578083e-01,2.452132100130789139e-01,2.493585476952200897e-02,-9.691484327913836294e-01,1.933329467773437615e+00,0.000000000000000000e+00,0.000000000000000000e+00,0.000000000000000000e+00,1.000000000000000000e+00
9.631688446796421443e-01,1.087222969557685159e-01,2.459374692541682894e-01,-1.096218490600585904e-01,1.114387032389520249e-01,-9.937671119511580775e-01,2.888360205240676423e-03,-1.444550018310546968e-01,2.447185976972409416e-01,2.462497408965382689e-02,-9.692813928845326332e-01,1.933326660156249988e+00,0.000000000000000000e+00,0.000000000000000000e+00,0.000000000000000000e+00,1.000000000000000000e+00
9.632024043709450645e-01,1.087604397150005453e-01,2.457891270317510424e-01,-1.096188964843750058e-01,1.114767121563710051e-01,-9.937628782256624493e-01,2.878282031539515159e-03,-1.444319000244140561e-01,2.445691535350199008e-01,2.462739559204766421e-02,-9.693190499136581373e-01,1.933307250976562530e+00,0.000000000000000000e+00,0.000000000000000000e+00,0.000000000000000000e+00,1.000000000000000000e+00
9.633282768522097861e-01,1.086420786309546110e-01,2.453477731052347011e-01,-1.096131820678711011e-01,1.115966808034375285e-01,-9.937518203783255455e-01,1.870916465167569639e-03,-1.444498291015625102e-01,2.440180564028160970e-01,2.557769038653479737e-02,-9.694333241145998148e-01,1.933287841796875073e+00,0.000000000000000000e+00,0.000000000000000000e+00,0.000000000000000000e+00,1.000000000000000000e+00
9.632871224833160495e-01,1.087359488318090928e-01,2.454677434806031289e-01,-1.096148986816406212e-01,1.114980963105633716e-01,-9.937610882048103500e-01,2.659715983263406455e-03,-1.444738311767578276e-01,2.442254986215266488e-01,2.480711594759625604e-02,-9.694011103879701663e-01,1.933302368164062646e+00,0.000000000000000000e+00,0.000000000000000000e+00,0.000000000000000000e+00,1.000000000000000000e+00
9.631179148164634718e-01,1.087556793751991713e-01,2.461220923916151715e-01,-1.096213302612304707e-01,1.114950847558765223e-01,-9.937609821845738711e-01,2.820702542132007273e-03,-1.444432830810546964e-01,2.448932996936988016e-01,2.472473440080112661e-02,-9.692347286771880732e-01,1.933322021484374931e+00,0.000000000000000000e+00,0.000000000000000000e+00,0.000000000000000000e+00,1.000000000000000000e+00
9.631074787902946799e-01,1.086972043490252171e-01,2.461887529212259951e-01,-1.096170959472656248e-01,1.114912552769298515e-01,-9.937620031373386453e-01,2.604057840903955742e-03,-1.444447326660156239e-01,2.449360820601502731e-01,2.493990551647230769e-02,-9.692184051171608417e-01,1.933276245117187431e+00,0.000000000000000000e+00,0.000000000000000000e+00,0.000000000000000000e+00,1.000000000000000000e+00
9.628286960942238348e-01,1.083034429591969994e-01,2.474495225711310642e-01,-1.096191635131835984e-01,1.114463794986792766e-01,-9.937695812384015337e-01,1.312974443139236849e-03,-1.444472503662109497e-01,2.460500080758647456e-01,2.631318392813648821e-02,-9.688998967269171203e-01,1.933294067382812509e+00,0.000000000000000000e+00,0.000000000000000000e+00,0.000000000000000000e+00,1.000000000000000000e+00
9.632889430515322315e-01,1.084504484203190067e-01,2.455868734930550246e-01,-1.096190414428711013e-01,1.115097062226552416e-01,-9.937622762266383747e-01,1.457314992763759573e-03,-1.444401702880859506e-01,2.442130168782966626e-01,2.598150469627840548e-02,-9.693734903539080738e-01,1.933298583984375041e+00,0.000000000000000000e+00,0.000000000000000000e+00,0.000000000000000000e+00,1.000000000000000000e+00
9.628649786180495385e-01,1.087262701046462915e-01,2.471227046226117663e-01,-1.096060409545898395e-01,1.113719577967342694e-01,-9.937733448070008579e-01,3.290314214238811499e-03,-1.444579162597656175e-01,2.459417003425518611e-01,2.435441110430462686e-02,-9.689786079642713768e-01,1.933249023437499936e+00,0.000000000000000000e+00,0.000000000000000000e+00,0.000000000000000000e+00,1.000000000000000000e+00
9.628726988448678137e-01,1.085142497220664137e-01,2.471858074939935757e-01,-1.096124954223632875e-01,1.114441967918827214e-01,-9.937683675878298262e-01,2.150019356310640256e-03,-1.444355010986328181e-01,2.458787441415234698e-01,2.547722883434152402e-02,-9.689657135267016885e-01,1.933255126953125069e+00,0.000000000000000000e+00,0.000000000000000000e+00,0.000000000000000000e+00,1.000000000000000000e+00
9.627743251181741790e-01,1.082191175448280751e-01,2.476978431296142369e-01,-1.096166000366210896e-01,1.114180964610376190e-01,-9.937730009330962844e-01,1.109232810252538601e-03,-1.444588165283203218e-01,2.462754690874493502e-01,2.653008130871650078e-02,-9.688366983715623881e-01,1.933298950195312615e+00,0.000000000000000000e+00,0.000000000000000000e+00,0.000000000000000000e+00,1.000000000000000000e+00
9.629097218654336654e-01,1.086364692426749767e-01,2.469878237636800311e-01,-1.096238098144531325e-01,1.113824552819688840e-01,-9.937734717815918106e-01,2.869745375851582431e-03,-1.444369812011718768e-01,2.457617061146702142e-01,2.474680451386303617e-02,-9.690143339878720674e-01,1.933293701171874934e+00,0.000000000000000000e+00,0.000000000000000000e+00,0.000000000000000000e+00,1.000000000000000000e+00
9.630312855844839204e-01,1.086151906467457268e-01,2.465227846392031297e-01,-1.096207122802734385e-01,1.114534200573383121e-01,-9.937666285181961934e-01,2.454221078011411053e-03,-1.444403533935546824e-01,2.452526822340957424e-01,2.511231579023198712e-02,-9.691338883005965466e-01,1.933317993164062498e+00,0.000000000000000000e+00,0.000000000000000000e+00,0.000000000000000000e+00,1.000000000000000000e+00
9.629751923505436295e-01,1.084718631114211795e-01,2.468048496901364686e-01,-1.096204071044921957e-01,1.113853926604221056e-01,-9.937749196959322351e-01,2.168705887594804885e-03,-1.444671478271484510e-01,2.455037132495501428e-01,2.540204512397394032e-02,-9.690627755126095533e-01,1.933326782226562512e+00,0.000000000000000000e+00,0.000000000000000000e+00,0.000000000000000000e+00,1.000000000000000000e+00
9.630376094596942993e-01,1.083521684122052409e-01,2.466138081424677775e-01,-1.096237487792968840e-01,1.115219822290407503e-01,-9.937613355049074171e-01,1.120506674728271798e-03,-1.444574584960937602e-01,2.451966766615369664e-01,2.642377065968641581e-02,-9.691131895182635292e-01,1.933312744140625039e+00,0.000000000000000000e+00,0.000000000000000000e+00,0.000000000000000000e+00,1.000000000000000000e+00
9.631534245168358321e-01,1.086802194268225302e-01,2.460164440577690403e-01,-1.096168975830078135e-01,1.115348455857548965e-01,-9.937577593453996716e-01,2.343920001354825311e-03,-1.444660339355468837e-01,2.447354879490375723e-01,2.518185152344136826e-02,-9.692628205456959023e-01,1.933306518554687603e+00,0.000000000000000000e+00,0.000000000000000000e+00,0.000000000000000000e+00,1.000000000000000000e+00
9.629842976076774530e-01,1.085711361911922135e-01,2.467256592801036486e-01,-1.096118774414062552e-01,1.114683124697202765e-01,-9.937654701089981835e-01,2.237349814981377111e-03,-1.444484558105468830e-01,2.454303523939144194e-01,2.534756014284982734e-02,-9.690827845538294572e-01,1.933301635742187496e+00,0.000000000000000000e+00,0.000000000000000000e+00,0.000000000000000000e+00,1.000000000000000000e+00
9.631531278401771479e-01,1.090906774246000466e-01,2.458358729533293430e-01,-1.096188735961914074e-01,1.115039750734957147e-01,-9.937554269922538319e-01,4.124908029592698130e-03,-1.444572906494140663e-01,2.447507219080116980e-01,2.343875897920381923e-02,-9.693026919920434414e-01,1.933336303710937454e+00,0.000000000000000000e+00,0.000000000000000000e+00,0.000000000000000000e+00,1.000000000000000000e+00
9.629020612901022513e-01,1.085907581265296296e-01,2.470377857996177984e-01,-1.096119308471679710e-01,1.114313037119602778e-01,-9.937690036898598755e-01,2.496369026470131661e-03,-1.444491119384765654e-01,2.457695768729831476e-01,2.512398365643853798e-02,-9.690026318482864998e-01,1.933280273437500085e+00,0.000000000000000000e+00,0.000000000000000000e+00,0.000000000000000000e+00,1.000000000000000000e+00
9.630616615687963566e-01,1.086567785429481264e-01,2.463857554588302912e-01,-1.096259689331054721e-01,1.114513054925690555e-01,-9.937664483065655752e-01,2.617770837329514919e-03,-1.444433593749999967e-01,2.451343356617995961e-01,2.493893936845460041e-02,-9.691683067366707593e-01,1.933325317382812436e+00,0.000000000000000000e+00,0.000000000000000000e+00,0.000000000000000000e+00,1.000000000000000000e+00
9.632219189760297118e-01,1.086462753765307931e-01,2.457631413596066683e-01,-1.096194381713867239e-01,1.115126384394556358e-01,-9.937604317646760999e-01,2.266214278476940194e-03,-1.444368743896484453e-01,2.444759012099274320e-01,2.522282905805320330e-02,-9.693272629106756133e-01,1.933296508789062562e+00,0.000000000000000000e+00,0.000000000000000000e+00,0.000000000000000000e+00,1.000000000000000000e+00
9.630755854963097828e-01,1.084633321583126503e-01,2.464165623452607701e-01,-1.096180496215820310e-01,1.114732544050570512e-01,-9.937659023156815152e-01,1.744977663226874448e-03,-1.444230499267578072e-01,2.450696435164618214e-01,2.578831075924264624e-02,-9.691624388382471533e-01,1.933288330078124950e+00,0.000000000000000000e+00,0.000000000000000000e+00,0.000000000000000000e+00,1.000000000000000000e+00
9.632063180908464473e-01,1.086534846571240581e-01,2.458210915721831258e-01,-1.096135635375976580e-01,1.114771849439791102e-01,-9.937639920783888359e-01,2.442393373283122462e-03,-1.444753265380859519e-01,2.445535238487505647e-01,2.505091455991356048e-02,-9.693121404650159034e-01,1.933294555664062608e+00,0.000000000000000000e+00,0.000000000000000000e+00,0.000000000000000000e+00,1.000000000000000000e+00
9.631414484612065285e-01,1.086324304250699951e-01,2.460844272114585951e-01,-1.096145935058593784e-01,1.115301245847298700e-01,-9.937586741462819395e-01,2.174596316289441680e-03,-1.444735107421875053e-01,2.447847657967382184e-01,2.535138297936644775e-02,-9.692459573373880533e-01,1.933285400390625020e+00,0.000000000000000000e+00,0.000000000000000000e+00,0.000000000000000000e+00,1.000000000000000000e+00
9.630717009019926778e-01,1.087329129910718367e-01,2.463129159305678662e-01,-1.096271514892578208e-01,1.114563446644273731e-01,-9.937650970787286209e-01,2.900872653133830525e-03,-1.444832305908203274e-01,2.450925991452768682e-01,2.465938889310382090e-02,-9.691860153673450551e-01,1.933314453124999943e+00,0.000000000000000000e+00,0.000000000000000000e+00,0.000000000000000000e+00,1.000000000000000000e+00
9.630591238370289631e-01,1.087007056188189352e-01,2.463762987631411272e-01,-1.096298294067382800e-01,1.115081875905149650e-01,-9.937601891713594426e-01,2.571092838156161312e-03,-1.444766693115234479e-01,2.451184368719175610e-01,2.499686012431877324e-02,-9.691708357608543878e-01,1.933366577148437626e+00,0.000000000000000000e+00,0.000000000000000000e+00,0.000000000000000000e+00,1.000000000000000000e+00
9.633236890357583793e-01,1.087779497334998152e-01,2.453055804385905203e-01,-1.096324768066406219e-01,1.115244986459228843e-01,-9.937579898481352370e-01,2.709947373891165301e-03,-1.444360046386718721e-01,2.440691630344012930e-01,2.474702537215131212e-02,-9.694420190970252094e-01,1.933363769531249998e+00,0.000000000000000000e+00,0.000000000000000000e+00,0.000000000000000000e+00,1.000000000000000000e+00
9.631184138389191629e-01,1.086352750505469311e-01,2.461733087462898983e-01,-1.096240844726562580e-01,1.114658724109596211e-01,-9.937652422760666626e-01,2.450006460045220033e-03,-1.444353790283203209e-01,2.449046349338203643e-01,2.508027628800386238e-02,-9.692227295772882778e-01,1.933333374023437523e+00,0.000000000000000000e+00,0.000000000000000000e+00,0.000000000000000000e+00,1.000000000000000000e+00
9.630290159660279681e-01,1.088776429208007934e-01,2.464158543590790618e-01,-1.096175460815429770e-01,1.114593962499321467e-01,-9.937628614304332419e-01,3.489731966609234751e-03,-1.444414062500000151e-01,2.452588783206529899e-01,2.410464921148527256e-02,-9.691579068920022078e-01,1.933301879882812546e+00,0.000000000000000000e+00,0.000000000000000000e+00,0.000000000000000000e+00,1.000000000000000000e+00
9.630748443494749900e-01,1.083784495253782149e-01,2.464568032327565106e-01,-1.096182250976562578e-01,1.114879726938400734e-01,-9.937648733313773075e-01,1.344796374588235963e-03,-1.444609832763671942e-01,2.450658607922616972e-01,2.618182978988636833e-02,-9.691528443248780267e-01,1.933315917968750020e+00,0.000000000000000000e+00,0.000000000000000000e+00,0.000000000000000000e+00,1.000000000000000000e+00
9.632697428604768408e-01,1.087336295375242595e-01,2.455369631992455060e-01,-1.096153411865234406e-01,1.115380905375094184e-01,-9.937570178485262140e-01,2.498766905996889845e-03,-1.444705047607421911e-01,2.442757803155228280e-01,2.497973747661466626e-02,-9.693840084645723998e-01,1.933288696289062525e+00,0.000000000000000000e+00,0.000000000000000000e+00,0.000000000000000000e+00,1.000000000000000000e+00
9.629739622000148547e-01,1.088182587363878684e-01,2.466571196831440771e-01,-1.096206207275390587e-01,1.114928385790831533e-01,-9.937602758436747674e-01,3.140238953044507952e-03,-1.444383239746093728e-01,2.454597626300140112e-01,2.447653408234628028e-02,-9.690977268619160867e-01,1.933288940429687575e+00,0.000000000000000000e+00,0.000000000000000000e+00,0.000000000000000000e+00,1.000000000000000000e+00
9.633618865739982384e-01,1.086258443413539165e-01,2.452229627047900484e-01,-1.096184692382812520e-01,1.115107325608424849e-01,-9.937609416138010188e-01,2.132474289635704831e-03,-1.444442596435547010e-01,2.439246441430860668e-01,2.529064775721728831e-02,-9.694643629941687157e-01,1.933312133789062637e+00,0.000000000000000000e+00,0.000000000000000000e+00,0.000000000000000000e+00,1.000000000000000000e+00
9.630189870592695822e-01,1.088917469535092414e-01,2.464488141759897111e-01,-1.096062011718750007e-01,1.115159004045954833e-01,-9.937570794082801751e-01,3.327323680946214432e-03,-1.444497375488281166e-01,2.452725718874634586e-01,2.427868553563718168e-02,-9.691500972028899152e-01,1.933259643554687601e+00,0.000000000000000000e+00,0.000000000000000000e+00,0.000000000000000000e+00,1.000000000000000000e+00
9.632202545026986584e-01,1.087992613120077334e-01,2.457019781233312494e-01,-1.096199722290039091e-01,1.115172983539381157e-01,-9.937583568689776214e-01,2.867110201661030727e-03,-1.444525756835937647e-01,2.444803335313399939e-01,2.463836218240108081e-02,-9.693411771019393441e-01,1.933313720703125016e+00,0.000000000000000000e+00,0.000000000000000000e+00,0.000000000000000000e+00,1.000000000000000000e+00
9.631833799386625428e-01,1.085620285026532711e-01,2.459513418896578374e-01,-1.096193771362304753e-01,1.114149700061541209e-01,-9.937712418318892516e-01,2.328812236509063618e-03,-1.444510650634765747e-01,2.446721910403020228e-01,2.515958813840626224e-02,-9.692793787429111463e-01,1.933308227539062507e+00,0.000000000000000000e+00,0.000000000000000000e+00,0.000000000000000000e+00,1.000000000000000000e+00
9.629628623707371382e-01,1.086956919282065226e-01,2.467544776716431576e-01,-1.096157913208007789e-01,1.112979141827092067e-01,-9.937812011531190759e-01,3.420311863322016838e-03,-1.444320068359375153e-01,2.455917343750300685e-01,2.416962537799261651e-02,-9.690719938248923970e-01,1.933295776367187635e+00,0.000000000000000000e+00,0.000000000000000000e+00,0.000000000000000000e+00,1.000000000000000000e+00
9.631028556910334881e-01,1.086179371232666446e-01,2.462418183308087150e-01,-1.096217041015625088e-01,1.114848406173467033e-01,-9.937634465356102176e-01,2.311415624842003483e-03,-1.444537506103515667e-01,2.449571792626248357e-01,2.522609888096163933e-02,-9.692056666481820848e-01,1.933320434570312552e+00,0.000000000000000000e+00,0.000000000000000000e+00,0.000000000000000000e+00,1.000000000000000000e+00
9.631736103915019553e-01,1.085750443524802766e-01,2.459838531067770340e-01,-1.096116714477539111e-01,1.114742094033560893e-01,-9.937649997334684349e-01,2.150800464148490063e-03,-1.444432067871093683e-01,2.446836669728820468e-01,2.534926130278362250e-02,-9.692715399041215152e-01,1.933278686523437484e+00,0.000000000000000000e+00,0.000000000000000000e+00,0.000000000000000000e+00,1.000000000000000000e+00
9.629905021149754996e-01,1.088263663573418583e-01,2.465889592455536294e-01,-1.096088943481445394e-01,1.113794397921976098e-01,-9.937713816595526994e-01,3.614053962017662464e-03,-1.444593505859375071e-01,2.454463550919506187e-01,2.398464050015679944e-02,-9.691134215313265132e-01,1.933260498046875053e+00,0.000000000000000000e+00,0.000000000000000000e+00,0.000000000000000000e+00,1.000000000000000000e+00
9.630025816939048466e-01,1.089251478506744752e-01,2.464981537792583222e-01,-1.096150207519531322e-01,1.113979975340936013e-01,-9.937680856754734782e-01,3.934213809519042718e-03,-1.444603576660156152e-01,2.453905332246300586e-01,2.367074267135779037e-02,-9.691352754621608279e-01,1.933279418945312633e+00,0.000000000000000000e+00,0.000000000000000000e+00,0.000000000000000000e+00,1.000000000000000000e+00
9.631017848003768922e-01,1.089126742979988488e-01,2.461157887897203744e-01,-1.096156158447265661e-01,1.115410399580244044e-01,-9.937544177954009683e-01,3.279255587190502835e-03,-1.444411315917968897e-01,2.449358048946919941e-01,2.429375412285511224e-02,-9.692348863878186283e-01,1.933289916992187552e+00,0.000000000000000000e+00,0.000000000000000000e+00,0.000000000000000000e+00,1.000000000000000000e+00
9.633188400821321995e-01,1.086221700696345244e-01,2.453936358428618902e-01,-1.096197357177734338e-01,1.115549200473554409e-01,-9.937563371068163232e-01,1.960171745563284856e-03,-1.444438934326171819e-01,2.440743988132386133e-01,2.548659705428251918e-02,-9.694215394834948540e-01,1.933296264648437512e+00,0.000000000000000000e+00,0.000000000000000000e+00,0.000000000000000000e+00,1.000000000000000000e+00
9.631300000640635739e-01,1.086929769600646634e-01,2.461024984354203138e-01,-1.096193771362304753e-01,1.115120401798736505e-01,-9.937599497025974005e-01,2.495448259071750968e-03,-1.444615325927734450e-01,2.448380441669951169e-01,2.503995061197823377e-02,-9.692405960347670879e-01,1.933291625976562456e+00,0.000000000000000000e+00,0.000000000000000000e+00,0.000000000000000000e+00,1.000000000000000000e+00
9.631840640417521637e-01,1.086817998992021528e-01,2.458957607334531226e-01,-1.096241073608398425e-01,1.114769942871459418e-01,-9.937636999435270901e-01,2.566791626737088133e-03,-1.444643859863281310e-01,2.446412445208646369e-01,2.493942752392758894e-02,-9.692928795952548970e-01,1.933342285156250062e+00,0.000000000000000000e+00,0.000000000000000000e+00,0.000000000000000000e+00,1.000000000000000000e+00
9.632560638091252070e-01,1.089171988662022139e-01,2.455092652550822374e-01,-1.096224670410156227e-01,1.115085694539373895e-01,-9.937577769772327763e-01,3.364466615220744125e-03,-1.444691314697265638e-01,2.443431899466129986e-01,2.413554408768672777e-02,-9.693884056652961601e-01,1.933292602539062432e+00,0.000000000000000000e+00,0.000000000000000000e+00,0.000000000000000000e+00,1.000000000000000000e+00
9.631428180488772473e-01,1.087093447486983666e-01,2.460450983156877991e-01,-1.096166915893554694e-01,1.115088901445695779e-01,-9.937601164388103481e-01,2.568733977780535485e-03,-1.444360198974609377e-01,2.447890509389546720e-01,2.496215815651640219e-02,-9.692549773927268131e-01,1.933267578124999941e+00,0.000000000000000000e+00,0.000000000000000000e+00,0.000000000000000000e+00,1.000000000000000000e+00
9.631414735808896399e-01,1.084188799221155047e-01,2.461784887939372501e-01,-1.096228027343749967e-01,1.114881431137362128e-01,-9.937646641499711109e-01,1.478591203234024681e-03,-1.444443817138671982e-01,2.448037904393718101e-01,2.602189007987522340e-02,-9.692233826230087779e-01,1.933327514648437440e+00,0.000000000000000000e+00,0.000000000000000000e+00,0.000000000000000000e+00,1.000000000000000000e+00
9.634777326769201622e-01,1.084722378628423939e-01,2.448355208068642430e-01,-1.096234130859374961e-01,1.115423479149275227e-01,-9.937587858268213115e-01,1.334246464260191792e-03,-1.444431915283203027e-01,2.434521785841457231e-01,2.602401208555411849e-02,-9.695637098910028229e-01,1.933307495117187580e+00,0.000000000000000000e+00,0.000000000000000000e+00,0.000000000000000000e+00,1.000000000000000000e+00
9.632762750763582682e-01,1.084993040730150432e-01,2.456149809980811005e-01,-1.096102600097656338e-01,1.114841126129672427e-01,-9.937646542336929789e-01,1.761996222482641733e-03,-1.444365844726562542e-01,2.442746620300917382e-01,2.568487904313018419e-02,-9.693658630664815368e-01,1.933248657226562583e+00,0.000000000000000000e+00,0.000000000000000000e+00,0.000000000000000000e+00,1.000000000000000000e+00
9.629815757808627419e-01,1.089302377120690141e-01,2.465779552567484989e-01,-1.096048126220703217e-01,1.114324790006567950e-01,-9.937646394123976767e-01,3.826758068612235233e-03,-1.444505920410156241e-01,2.454573024588494745e-01,2.379169530612817302e-02,-9.691154048430380419e-01,1.933204345703124938e+00,0.000000000000000000e+00,0.000000000000000000e+00,0.000000000000000000e+00,1.000000000000000000e+00
9.631625417580412796e-01,1.089530762686134746e-01,2.458600116444221717e-01,-1.096138534545898491e-01,1.114438007407432818e-01,-9.937634596857499725e-01,3.803349821784348175e-03,-1.444391479492187491e-01,2.447410824333487445e-01,2.373633006627299397e-02,-9.692978846589618280e-01,1.933262939453125107e+00,0.000000000000000000e+00,0.000000000000000000e+00,0.000000000000000000e+00,1.000000000000000000e+00
9.631078147365960129e-01,1.088335379669788661e-01,2.461271992423615107e-01,-1.096087646484374956e-01,1.114198098461034181e-01,-9.937674843421623327e-01,3.437010053574282922e-03,-1.444519348144531201e-01,2.449672695834223257e-01,2.411323449561229154e-02,-9.692314423062237116e-01,1.933276123046875128e+00,0.000000000000000000e+00,0.000000000000000000e+00,0.000000000000000000e+00,1.000000000000000000e+00
9.631374513005828142e-01,1.089021630382800282e-01,2.459808301225969995e-01,-1.096111755371093760e-01,1.114674431668494919e-01,-9.937618737515871992e-01,3.513885538882160695e-03,-1.444528961181640592e-01,2.448290403854559705e-01,2.403449943974409614e-02,-9.692683239540114126e-01,1.933302856445312523e+00,0.000000000000000000e+00,0.000000000000000000e+00,0.000000000000000000e+00,1.000000000000000000e+00
9.628130271566697207e-01,1.084587390432054516e-01,2.474424714202637932e-01,-1.096123199462890607e-01,1.113637603815619964e-01,-9.937771211798454019e-01,2.268544285906781699e-03,-1.444306488037109537e-01,2.461487103583690217e-01,2.537194010431488567e-02,-9.688999313883013276e-01,1.933267700195312466e+00,0.000000000000000000e+00,0.000000000000000000e+00,0.000000000000000000e+00,1.000000000000000000e+00
9.630376715148724065e-01,1.085857968697609838e-01,2.465107867038924538e-01,-1.096115112304687500e-01,1.114472222514361760e-01,-9.937675575668009076e-01,2.357579299690723898e-03,-1.444448394775390554e-01,2.452304220435383708e-01,2.520250475397926154e-02,-9.691371801032472311e-01,1.933295532226562585e+00,0.000000000000000000e+00,0.000000000000000000e+00,0.000000000000000000e+00,1.000000000000000000e+00
9.630332846552189796e-01,1.085949992457377472e-01,2.465238706190508444e-01,-1.096112442016601574e-01,1.114796408699468139e-01,-9.937641290155765361e-01,2.268381233486493898e-03,-1.444338226318359342e-01,2.452329144256292226e-01,2.529786593234626194e-02,-9.691340648545903047e-01,1.933285644531250069e+00,0.000000000000000000e+00,0.000000000000000000e+00,0.000000000000000000e+00,1.000000000000000000e+00
9.631302560581987970e-01,1.087001564205493515e-01,2.460983255924684976e-01,-1.096141738891601575e-01,1.114868534267679651e-01,-9.937624444178257965e-01,2.624038434575199155e-03,-1.444510192871093779e-01,2.448485069961973404e-01,2.490943714450158386e-02,-9.692413159594867045e-01,1.933272216796874998e+00,0.000000000000000000e+00,0.000000000000000000e+00,0.000000000000000000e+00,1.000000000000000000e+00
9.629991368745663971e-01,1.088029579012174258e-01,2.465655667987448618e-01,-1.096189270019531231e-01,1.114095243221424752e-01,-9.937687733529111389e-01,3.397498927803777047e-03,-1.444580841064453114e-01,2.453988188014651906e-01,2.419796397626030812e-02,-9.691201567763666480e-01,1.933308959960937434e+00,0.000000000000000000e+00,0.000000000000000000e+00,0.000000000000000000e+00,1.000000000000000000e+00
9.630940679550681338e-01,1.085989956836461157e-01,2.462845395193584974e-01,-1.096141510009765591e-01,1.114555581950689434e-01,-9.937666300446816869e-01,2.354475963508753655e-03,-1.444418487548828067e-01,2.450050505952574287e-01,2.518219899334754250e-02,-9.691947080110761004e-01,1.933255493164062644e+00,0.000000000000000000e+00,0.000000000000000000e+00,0.000000000000000000e+00,1.000000000000000000e+00
9.633124349324165836e-01,1.086285554532113451e-01,2.454159523028763279e-01,-1.096212997436523395e-01,1.114661605075535633e-01,-9.937654722406797925e-01,2.341205664476760789e-03,-1.444548645019531341e-01,2.441402215250149665e-01,2.510026140118184340e-02,-9.694150448137831555e-01,1.933323120117187432e+00,0.000000000000000000e+00,0.000000000000000000e+00,0.000000000000000000e+00,1.000000000000000000e+00
9.632245735530122754e-01,1.085888231555517530e-01,2.457781283786452942e-01,-1.096176300048828101e-01,1.114700776197956184e-01,-9.937653520758040759e-01,2.201546976514116502e-03,-1.444394226074218746e-01,2.444848516760379786e-01,2.527632290000594861e-02,-9.693236120107671105e-01,1.933280517578125135e+00,0.000000000000000000e+00,0.000000000000000000e+00,0.000000000000000000e+00,1.000000000000000000e+00
9.631939747293261078e-01,1.084564610461939554e-01,2.459564252107637183e-01,-1.096169738769531277e-01,1.115003113258088846e-01,-9.937631750205389025e-01,1.559662574235398669e-03,-1.444505767822265585e-01,2.445915935173780253e-01,2.592196038946881567e-02,-9.692796316596137274e-01,1.933270141601562520e+00,0.000000000000000000e+00,0.000000000000000000e+00,0.000000000000000000e+00,1.000000000000000000e+00
9.629398114493218364e-01,1.083158721552305581e-01,2.470113182937084262e-01,-1.096135330200195268e-01,1.114825798905119680e-01,-9.937656967196178970e-01,1.172349916929195379e-03,-1.444519195556640545e-01,2.455983589255018029e-01,2.640855661757860948e-02,-9.690118854949490990e-01,1.933251831054687564e+00,0.000000000000000000e+00,0.000000000000000000e+00,0.000000000000000000e+00,1.000000000000000000e+00
9.630444579151352658e-01,1.085772239180787940e-01,2.464880494571422276e-01,-1.096126174926757846e-01,1.114722772720171812e-01,-9.937650616654704061e-01,2.221173747065955870e-03,-1.444271545410156232e-01,2.451923805478745388e-01,2.533749512614677513e-02,-9.691432855166458582e-01,1.933257812499999950e+00,0.000000000000000000e+00,0.000000000000000000e+00,0.000000000000000000e+00,1.000000000000000000e+00
9.631868503739859921e-01,1.087039989870164786e-01,2.458750330368488779e-01,-1.096051025390624989e-01,1.114991013529781499e-01,-9.937612172769008101e-01,2.567768254880068227e-03,-1.444329681396484544e-01,2.446201988064745092e-01,2.494160461083422264e-02,-9.692981350932838858e-01,1.933225830078125096e+00,0.000000000000000000e+00,0.000000000000000000e+00,0.000000000000000000e+00,1.000000000000000000e+00
9.632927261431788457e-01,1.086246610559309100e-01,2.454950239213154750e-01,-1.096103744506835981e-01,1.115129889799662821e-01,-9.937606555082799664e-01,2.147755225334611537e-03,-1.444329376220703232e-01,2.441965950794503792e-01,2.530696691107336971e-02,-9.693954716096858659e-01,1.933243164062500075e+00,0.000000000000000000e+00,0.000000000000000000e+00,0.000000000000000000e+00,1.000000000000000000e+00
9.631806125885845615e-01,1.086304510850762128e-01,2.459319674839612613e-01,-1.096045837402343792e-01,1.115254374176941066e-01,-9.937592128882620779e-01,2.168780416285291321e-03,-1.444470825195312558e-01,2.446327540258485256e-01,2.533874299871510805e-02,-9.692846660094102118e-01,1.933190551757812514e+00,0.000000000000000000e+00,0.000000000000000000e+00,0.000000000000000000e+00,1.000000000000000000e+00
9.629952333434801393e-01,1.088705904691287529e-01,2.465509584013809152e-01,-1.096033096313476646e-01,1.114603654481666206e-01,-9.937628188126128581e-01,3.470861531574531353e-03,-1.444600830078124898e-01,2.453910501462866489e-01,2.413823681451211789e-02,-9.691236133907734640e-01,1.933195556640625146e+00,0.000000000000000000e+00,0.000000000000000000e+00,0.000000000000000000e+00,1.000000000000000000e+00
9.631974870845314562e-01,1.087879239615213850e-01,2.457962336452410301e-01,-1.096156692504882818e-01,1.114750717640271976e-01,-9.937627085777411828e-01,2.997901839031280949e-03,-1.444451599121093777e-01,2.445892664228106750e-01,2.451258126704981138e-02,-9.693168852910680755e-01,1.933262573242187532e+00,0.000000000000000000e+00,0.000000000000000000e+00,0.000000000000000000e+00,1.000000000000000000e+00
9.632500812120854405e-01,1.088347289471187501e-01,2.455693034968293442e-01,-1.096151123046874981e-01,1.114542090820906800e-01,-9.937642602961862526e-01,3.248728344937871007e-03,-1.444461212158203167e-01,2.443915717098204266e-01,2.424039465398158955e-02,-9.693735930714344473e-01,1.933274658203125052e+00,0.000000000000000000e+00,0.000000000000000000e+00,0.000000000000000000e+00,1.000000000000000000e+00
9.631705261314146282e-01,1.084199496462521783e-01,2.460643251477922233e-01,-1.096128234863281287e-01,1.115153786731561403e-01,-9.937617741541576732e-01,1.362552517903176455e-03,-1.444393310546875087e-01,2.446770481902968697e-01,2.612758597126017129e-02,-9.692525426018742118e-01,1.933285400390625020e+00,0.000000000000000000e+00,0.000000000000000000e+00,0.000000000000000000e+00,1.000000000000000000e+00
9.630667074209732226e-01,1.088567019446208123e-01,2.462777608698474840e-01,-1.096112670898437558e-01,1.114436441278033180e-01,-9.937647578576992435e-01,3.452567674086392743e-03,-1.444453735351562407e-01,2.451179945268019966e-01,2.412103815694106174e-02,-9.691931408534576464e-01,1.933265624999999988e+00,0.000000000000000000e+00,0.000000000000000000e+00,0.000000000000000000e+00,1.000000000000000000e+00
9.629859538558898091e-01,1.087176295750289512e-01,2.466546770200165051e-01,-1.096093368530273449e-01,1.114384223260448392e-01,-9.937669777356368250e-01,2.944824555093625978e-03,-1.444398498535156283e-01,2.454374272716855765e-01,2.465098338332570582e-02,-9.690989620841057306e-01,1.933270996093749972e+00,0.000000000000000000e+00,0.000000000000000000e+00,0.000000000000000000e+00,1.000000000000000000e+00
9.631018438639907808e-01,1.087188609442601012e-01,2.462012339952097395e-01,-1.096158981323242243e-01,1.114927283198908631e-01,-9.937616144800861528e-01,2.687957908866169324e-03,-1.444403686523437480e-01,2.449575675041870959e-01,2.486087007559199119e-02,-9.692150056935334712e-01,1.933288085937500123e+00,0.000000000000000000e+00,0.000000000000000000e+00,0.000000000000000000e+00,1.000000000000000000e+00
9.631360309641627815e-01,1.090530754034187977e-01,2.459195246491329978e-01,-1.096197509765624994e-01,1.114298420490704433e-01,-9.937631162813189700e-01,4.273057425420450847e-03,-1.444671173095703198e-01,2.448517432233605351e-01,2.328723821963397944e-02,-9.692808305009357195e-01,1.933316040039062544e+00,0.000000000000000000e+00,0.000000000000000000e+00,0.000000000000000000e+00,1.000000000000000000e+00
9.629036240957606907e-01,1.089171250390946893e-01,2.468879717128161233e-01,-1.096215591430664132e-01,1.114502349304229284e-01,-9.937629996793908571e-01,3.734381096339089642e-03,-1.444481048583984295e-01,2.457548694069023321e-01,2.391987335746935395e-02,-9.690368330571130784e-01,1.933315429687500142e+00,0.000000000000000000e+00,0.000000000000000000e+00,0.000000000000000000e+00,1.000000000000000000e+00
9.632082850857319745e-01,1.086819268241664832e-01,2.458008102590183153e-01,-1.096266403198242201e-01,1.115031451870794471e-01,-9.937610518354866862e-01,2.453664242780031687e-03,-1.444573974609374978e-01,2.445339407027018186e-01,2.504417370594874681e-02,-9.693172551893389777e-01,1.933331542968750094e+00,0.000000000000000000e+00,0.000000000000000000e+00,0.000000000000000000e+00,1.000000000000000000e+00
9.629488384971477410e-01,1.086219712072523103e-01,2.468416533084422937e-01,-1.096265029907226574e-01,1.114454995135826521e-01,-9.937672839455343743e-01,2.546762196235858450e-03,-1.444396057128906341e-01,2.455797937029071398e-01,2.505698965492417218e-02,-9.690524816511595363e-01,1.933337646484375005e+00,0.000000000000000000e+00,0.000000000000000000e+00,0.000000000000000000e+00,1.000000000000000000e+00
9.630782632063897841e-01,1.084787850428513140e-01,2.463992941040838713e-01,-1.096308975219726645e-01,1.114858610046973036e-01,-9.937644681627225696e-01,1.756306722176749838e-03,-1.444435882568359530e-01,2.450533854803995382e-01,2.577857662649173098e-02,-9.691668087856223357e-01,1.933359130859374941e+00,0.000000000000000000e+00,0.000000000000000000e+00,0.000000000000000000e+00,1.000000000000000000e+00
9.629632844907799472e-01,1.086514052851160067e-01,2.467723340496232876e-01,-1.096303176879882824e-01,1.114099421561784570e-01,-9.937705904757688780e-01,2.799695376028227267e-03,-1.444573974609374978e-01,2.455392789585535418e-01,2.479688760733988334e-02,-9.690694386128905213e-01,1.933348632812500023e+00,0.000000000000000000e+00,0.000000000000000000e+00,0.000000000000000000e+00,1.000000000000000000e+00
9.629929423296463842e-01,1.087121164389463351e-01,2.466298213165942776e-01,-1.096288681030273410e-01,1.114505583654260695e-01,-9.937658303033398699e-01,2.871856811954648370e-03,-1.444542236328124896e-01,2.454044947903868401e-01,2.472145345400604544e-02,-9.691055069886851392e-01,1.933352294921875103e+00,0.000000000000000000e+00,0.000000000000000000e+00,0.000000000000000000e+00,1.000000000000000000e+00
9.631519976271881722e-01,1.085864602753188607e-01,2.460634270094479159e-01,-1.096357269287109443e-01,1.115413075178913332e-01,-9.937579042294614196e-01,1.940231601637747161e-03,-1.444690551757812635e-01,2.447381584141641586e-01,2.557749843799024189e-02,-9.692517863742621254e-01,1.933367797851562431e+00,0.000000000000000000e+00,0.000000000000000000e+00,0.000000000000000000e+00,1.000000000000000000e+00
9.630332730793622620e-01,1.085620010904772559e-01,2.465384490526414951e-01,-1.096275024414062466e-01,1.115228767606184501e-01,-9.937599250798405670e-01,1.964501042521290750e-03,-1.444663848876953094e-01,2.452133008241734746e-01,2.560279720150464983e-02,-9.691310199732399155e-01,1.933354492187500107e+00,0.000000000000000000e+00,0.000000000000000000e+00,0.000000000000000000e+00,1.000000000000000000e+00
9.632364078874128266e-01,1.089600903557099848e-01,2.455673456097725860e-01,-1.096288986206054722e-01,1.115211708000360541e-01,-9.937559091983249049e-01,3.495911440558718830e-03,-1.444615936279296797e-01,2.444149156322976413e-01,2.401856871436263904e-02,-9.693732291400308787e-01,1.933349975585937575e+00,0.000000000000000000e+00,0.000000000000000000e+00,0.000000000000000000e+00,1.000000000000000000e+00
9.630683536632480557e-01,1.086015595850699789e-01,2.463839431214051023e-01,-1.096252822875976585e-01,1.114456132093967489e-01,-9.937676006165587772e-01,2.414800445064757550e-03,-1.444520111083984482e-01,2.451106310806261401e-01,2.513279173706032404e-02,-9.691692944531202780e-01,1.933334106445312450e+00,0.000000000000000000e+00,0.000000000000000000e+00,0.000000000000000000e+00,1.000000000000000000e+00
9.631298470712461590e-01,1.085077738040987200e-01,2.461848100606471301e-01,-1.096299972534179740e-01,1.115057273154928946e-01,-9.937622100050924612e-01,1.772777943722754143e-03,-1.444567565917968810e-01,2.448415211036749639e-01,2.574360095000995108e-02,-9.692212835847990871e-01,1.933353637695312432e+00,0.000000000000000000e+00,0.000000000000000000e+00,0.000000000000000000e+00,1.000000000000000000e+00
9.630999155225539177e-01,1.088207960859318979e-01,2.461637403430362303e-01,-1.096284790039062512e-01,1.114597650407020968e-01,-9.937636961306060002e-01,3.230639241419286031e-03,-1.444462432861328138e-01,2.449801491907481199e-01,2.432592427968045812e-02,-9.692228721560476323e-01,1.933316528320312644e+00,0.000000000000000000e+00,0.000000000000000000e+00,0.000000000000000000e+00,1.000000000000000000e+00
9.631304671150461294e-01,1.087463142099795166e-01,2.460771067379033117e-01,-1.096306076049804734e-01,1.115394748533361235e-01,-9.937565974499465993e-01,2.602032695196791409e-03,-1.444533996582031410e-01,2.448237097672426310e-01,2.494121429380056348e-02,-9.692467626798429992e-01,1.933339599609374959e+00,0.000000000000000000e+00,0.000000000000000000e+00,0.000000000000000000e+00,1.000000000000000000e+00
9.629957341129975479e-01,1.086689418036722310e-01,2.466379475414099132e-01,-1.096282730102539071e-01,1.114516930186507104e-01,-9.937662057956588857e-01,2.692274461622200243e-03,-1.444542846679687520e-01,2.453930239502452315e-01,2.489556799453174901e-02,-9.691039544294430819e-01,1.933332641601562596e+00,0.000000000000000000e+00,0.000000000000000000e+00,0.000000000000000000e+00,1.000000000000000000e+00
9.629610306151992205e-01,1.087132256240361389e-01,2.467539018757979319e-01,-1.096301345825195367e-01,1.114427456854723136e-01,-9.937665658556906756e-01,2.920106414308959106e-03,-1.444491119384765654e-01,2.455332318660686797e-01,2.468698365141352297e-02,-9.690737768031898458e-01,1.933351440429687651e+00,0.000000000000000000e+00,0.000000000000000000e+00,0.000000000000000000e+00,1.000000000000000000e+00
9.630559019023176015e-01,1.083980675496363372e-01,2.465221871609498683e-01,-1.096317214965820269e-01,1.114399580683399921e-01,-9.937698452635469470e-01,1.621847894554535527e-03,-1.444516143798828256e-01,2.451621209665973966e-01,2.591049201329311685e-02,-9.691357907160321750e-01,1.933333618164062573e+00,0.000000000000000000e+00,0.000000000000000000e+00,0.000000000000000000e+00,1.000000000000000000e+00
9.631469758591942876e-01,1.086283683854825793e-01,2.460645859834293125e-01,-1.096308059692382847e-01,1.114411957084283783e-01,-9.937678651536364649e-01,2.508004597215528209e-03,-1.444566802978515530e-01,2.448035187499647825e-01,2.500615464024365589e-02,-9.692501892895063476e-01,1.933362915039062546e+00,0.000000000000000000e+00,0.000000000000000000e+00,0.000000000000000000e+00,1.000000000000000000e+00
9.632193074053120307e-01,1.087567675909970194e-01,2.457245029393465841e-01,-1.096177749633789056e-01,1.115075573161976724e-01,-9.937598243518702690e-01,2.734257763077684728e-03,-1.444376831054687560e-01,2.444885079160285801e-01,2.476644922668408411e-02,-9.693358512351105682e-01,1.933312377929687464e+00,0.000000000000000000e+00,0.000000000000000000e+00,0.000000000000000000e+00,1.000000000000000000e+00
9.629479912858914803e-01,1.086720430793283593e-01,2.468229185700386019e-01,-1.096277618408203203e-01,1.114458829206115414e-01,-9.937667070949679493e-01,2.747189412836989128e-03,-1.444614868164062482e-01,2.455829417091354994e-01,2.486199755830689750e-02,-9.690567061936564697e-01,1.933330078125000018e+00,0.000000000000000000e+00,0.000000000000000000e+00,0.000000000000000000e+00,1.000000000000000000e+00
9.632668723989216142e-01,1.090353505286132951e-01,2.454143941864500855e-01,-1.096223373413085928e-01,1.114935459298552201e-01,-9.937575125390182285e-01,3.898139075292879688e-03,-1.444535980224609384e-01,2.443074328684805840e-01,2.360717279484116776e-02,-9.694104288885320164e-01,1.933350708007812502e+00,0.000000000000000000e+00,0.000000000000000000e+00,0.000000000000000000e+00,1.000000000000000000e+00
9.631455505316419696e-01,1.087701440898328209e-01,2.460075288396224025e-01,-1.096252899169921913e-01,1.114883358011768133e-01,-9.937615269032649135e-01,2.894585838401795772e-03,-1.444531860351562502e-01,2.447876620080854382e-01,2.463906251400091452e-02,-9.692635952758397178e-01,1.933339477539062434e+00,0.000000000000000000e+00,0.000000000000000000e+00,0.000000000000000000e+00,1.000000000000000000e+00
9.631968262764230015e-01,1.089672159099741439e-01,2.457193922096004846e-01,-1.096311416625976587e-01,1.114777033468270923e-01,-9.937599998355131081e-01,3.712732610642250144e-03,-1.444404449462890760e-01,2.445906692977947716e-01,2.381614124392090331e-02,-9.693338928917665243e-01,1.933330810546874945e+00,0.000000000000000000e+00,0.000000000000000000e+00,0.000000000000000000e+00,1.000000000000000000e+00
9.630845652666213397e-01,1.088474909006018759e-01,2.462119896955598242e-01,-1.096212844848632878e-01,1.114360390113098426e-01,-9.937656598911237538e-01,3.438376161676328507e-03,-1.444455718994140658e-01,2.450512790308854993e-01,2.412544187787546077e-02,-9.692099017754225443e-01,1.933301025390625094e+00,0.000000000000000000e+00,0.000000000000000000e+00,0.000000000000000000e+00,1.000000000000000000e+00
9.629772446078425086e-01,1.086616472450564752e-01,2.467133413204045667e-01,-1.096227188110351636e-01,1.113581875210756245e-01,-9.937756865034587106e-01,3.039570134190339515e-03,-1.444759826660156343e-01,2.455080048379451041e-01,2.454651365409384056e-02,-9.690837364376315710e-01,1.933319458007812575e+00,0.000000000000000000e+00,0.000000000000000000e+00,0.000000000000000000e+00,1.000000000000000000e+00
9.631352849666177107e-01,1.086903512242001213e-01,2.460829746305757959e-01,-1.096183090209960909e-01,1.114541432948958632e-01,-9.937658777204396721e-01,2.711866686519648698e-03,-1.444434661865234282e-01,2.448436170184417893e-01,2.481507262299783440e-02,-9.692449718084910071e-01,1.933323120117187432e+00,0.000000000000000000e+00,0.000000000000000000e+00,0.000000000000000000e+00,1.000000000000000000e+00
9.629957283424520620e-01,1.088378441287199822e-01,2.465634824535113401e-01,-1.096222915649414098e-01,1.114168920876290186e-01,-9.937675550727086415e-01,3.510362138753024205e-03,-1.444680480957031277e-01,2.454088493753315281e-01,2.409087317271864370e-02,-9.691202848346803789e-01,1.933301147460937619e+00,0.000000000000000000e+00,0.000000000000000000e+00,0.000000000000000000e+00,1.000000000000000000e+00
9.629529331637136647e-01,1.088586487277851123e-01,2.467213876188300570e-01,-1.096371078491210904e-01,1.113849109603616550e-01,-9.937703126758843375e-01,3.737279013890983451e-03,-1.444544219970703147e-01,2.455912256611636479e-01,2.388221600346274870e-02,-9.690792483780732436e-01,1.933352416992187628e+00,0.000000000000000000e+00,0.000000000000000000e+00,0.000000000000000000e+00,1.000000000000000000e+00
9.631196132837538393e-01,1.086887270614704387e-01,2.461450205019594939e-01,-1.096264266967773432e-01,1.114441367328759397e-01,-9.937668914827737510e-01,2.751323414167837142e-03,-1.444520416259765794e-01,2.449098097178162015e-01,2.478156577826505502e-02,-9.692291055790478449e-01,1.933334228515624975e+00,0.000000000000000000e+00,0.000000000000000000e+00,0.000000000000000000e+00,1.000000000000000000e+00
9.630447470424091660e-01,1.086940903321493707e-01,2.464354071980904004e-01,-1.096288070678710924e-01,1.114854897845621168e-01,-9.937625549936149882e-01,2.640049253100433188e-03,-1.444630889892578041e-01,2.451852376500640307e-01,2.493148650660550331e-02,-9.691556222914113894e-01,1.933325073242187608e+00,0.000000000000000000e+00,0.000000000000000000e+00,0.000000000000000000e+00,1.000000000000000000e+00
9.631321094355045354e-01,1.089452273697174151e-01,2.459826766414167920e-01,-1.096270370483398426e-01,1.114043515073573493e-01,-9.937673515965848026e-01,3.939716479014615524e-03,-1.444490661621093686e-01,2.448787664121583052e-01,2.360907313026984825e-02,-9.692662180362985325e-01,1.933324707031250034e+00,0.000000000000000000e+00,0.000000000000000000e+00,0.000000000000000000e+00,1.000000000000000000e+00
9.631818878478100032e-01,1.086841356318849067e-01,2.459032524873940306e-01,-1.096289672851562536e-01,1.115010069980394009e-01,-9.937612214074891259e-01,2.481988138351138781e-03,-1.444688415527343728e-01,2.446388692754121186e-01,2.502785425572464501e-02,-9.692911998728774847e-01,1.933345581054687568e+00,0.000000000000000000e+00,0.000000000000000000e+00,0.000000000000000000e+00,1.000000000000000000e+00
9.629886462204093611e-01,1.086509676649681094e-01,2.466735382566390966e-01,-1.096219253540039046e-01,1.114008111029670539e-01,-9.937715462779475040e-01,2.823666754170303314e-03,-1.444418945312500036e-01,2.454439376643566539e-01,2.476047321445232902e-02,-9.690945219275630684e-01,1.933320800781250126e+00,0.000000000000000000e+00,0.000000000000000000e+00,0.000000000000000000e+00,1.000000000000000000e+00
9.633233827123405257e-01,1.087652599498380723e-01,2.453124100972023935e-01,-1.096278533935546862e-01,1.114957782690605137e-01,-9.937610393560133426e-01,2.772739842277409036e-03,-1.444539642333984297e-01,2.440834933948429764e-01,2.468025295860256513e-02,-9.694401133469098264e-01,1.933337036132812603e+00,0.000000000000000000e+00,0.000000000000000000e+00,0.000000000000000000e+00,1.000000000000000000e+00
9.630610849995793199e-01,1.086452472234869515e-01,2.463930940898718114e-01,-1.096290893554687507e-01,1.114896289015979147e-01,-9.937626509146653131e-01,2.419978190219619282e-03,-1.444479217529296977e-01,2.451191734785694298e-01,2.513968780244808104e-02,-9.691669551168047292e-01,1.933361206054687642e+00,0.000000000000000000e+00,0.000000000000000000e+00,0.000000000000000000e+00,1.000000000000000000e+00
9.631041038531784615e-01,1.087000363580972045e-01,2.462007051917504408e-01,-1.096273498535156321e-01,1.114949488036964115e-01,-9.937615934553643005e-01,2.602261385237230815e-03,-1.444528503417968901e-01,2.449476710083767494e-01,2.494388640136752794e-02,-9.692153738972408838e-01,1.933350341796875149e+00,0.000000000000000000e+00,0.000000000000000000e+00,0.000000000000000000e+00,1.000000000000000000e+00
9.632925967918243293e-01,1.086785720424166407e-01,2.454716703509496611e-01,-1.096298751831054769e-01,1.115133542498006475e-01,-9.937601222067079521e-01,2.364600530218153793e-03,-1.444510192871093779e-01,2.441969385353192912e-01,2.509556714900657015e-02,-9.694008808121886700e-01,1.933348632812500023e+00,0.000000000000000000e+00,0.000000000000000000e+00,0.000000000000000000e+00,1.000000000000000000e+00
9.632561522433821244e-01,1.086285486986854204e-01,2.456367716220270725e-01,-1.096166000366210896e-01,1.115006793493882736e-01,-9.937618608447423840e-01,2.227652356123890898e-03,-1.444379119873046846e-01,2.443464419014516054e-01,2.524286707195075655e-02,-9.693593833001713511e-01,1.933292968750000007e+00,0.000000000000000000e+00,0.000000000000000000e+00,0.000000000000000000e+00,1.000000000000000000e+00
9.632626081160605702e-01,1.087110783122008928e-01,2.455749361348658899e-01,-1.096213836669921865e-01,1.115034837401995826e-01,-9.937607770326662981e-01,2.547772601829293229e-03,-1.444512634277343721e-01,2.443197104599708347e-01,2.492828681698984472e-02,-9.693742618808928180e-01,1.933296020507812463e+00,0.000000000000000000e+00,0.000000000000000000e+00,0.000000000000000000e+00,1.000000000000000000e+00
9.630227141778415767e-01,1.087918935697141931e-01,2.464783476718786503e-01,-1.096206512451171899e-01,1.114359815622601724e-01,-9.937663362074518059e-01,3.238986581283746086e-03,-1.444371490478515707e-01,2.452942600037740783e-01,2.434733895796634129e-02,-9.691428857990276313e-01,1.933291625976562456e+00,0.000000000000000000e+00,0.000000000000000000e+00,0.000000000000000000e+00,1.000000000000000000e+00
9.630833159775161745e-01,1.087141081730621239e-01,2.462757989935016878e-01,-1.096201934814453188e-01,1.114330159432236345e-01,-9.937676791183834846e-01,2.912541408961273962e-03,-1.444342041015624911e-01,2.450575635305900224e-01,2.463823499760876140e-02,-9.691954126659151347e-01,1.933302856445312523e+00,0.000000000000000000e+00,0.000000000000000000e+00,0.000000000000000000e+00,1.000000000000000000e+00
9.630106547863857003e-01,1.086390671848348338e-01,2.465928463056171471e-01,-1.096203384399414144e-01,1.114937433900621139e-01,-9.937622385668885006e-01,2.399663184217873391e-03,-1.444432983398437620e-01,2.453153561291419871e-01,2.518265831352306527e-02,-9.691162003431255112e-01,1.933274780273437576e+00,0.000000000000000000e+00,0.000000000000000000e+00,0.000000000000000000e+00,1.000000000000000000e+00
9.631048233113421730e-01,1.087755616218891302e-01,2.461645313774323551e-01,-1.096221237182617159e-01,1.114309000257887178e-01,-9.937671594916350770e-01,3.160258750429885757e-03,-1.444621582031249962e-01,2.449739860349889609e-01,2.438667484036289440e-02,-9.692229032871435557e-01,1.933327392578125137e+00,0.000000000000000000e+00,0.000000000000000000e+00,0.000000000000000000e+00,1.000000000000000000e+00
9.630799640496970904e-01,1.087035234635738007e-01,2.462935785452758097e-01,-1.096252746582031257e-01,1.115200881925269422e-01,-9.937589673193308881e-01,2.526816563922147998e-03,-1.444702301025390656e-01,2.450311261361803050e-01,2.503315519507989806e-02,-9.691919770434617165e-01,1.933328125000000064e+00,0.000000000000000000e+00,0.000000000000000000e+00,0.000000000000000000e+00,1.000000000000000000e+00
9.629862195575390471e-01,1.087564281896954421e-01,2.466365347423188081e-01,-1.096231384277343707e-01,1.114613932425572163e-01,-9.937642052680505378e-01,3.010339580199675527e-03,-1.444557342529296795e-01,2.454259537186469220e-01,2.459153625497430273e-02,-9.691033781727896868e-01,1.933293579101562631e+00,0.000000000000000000e+00,0.000000000000000000e+00,0.000000000000000000e+00,1.000000000000000000e+00
9.631872644823501473e-01,1.088488690220103527e-01,2.458093107505019137e-01,-1.096278991699218830e-01,1.114568493003887384e-01,-9.937637265519049246e-01,3.320622487073852241e-03,-1.444654693603515672e-01,2.446378226747410178e-01,2.419875001524787045e-02,-9.693125173104192305e-01,1.933329345703125091e+00,0.000000000000000000e+00,0.000000000000000000e+00,0.000000000000000000e+00,1.000000000000000000e+00
9.629853005755611983e-01,1.087879068216791312e-01,2.466262398950164469e-01,-1.096246566772460934e-01,1.114469727889348671e-01,-9.937652476828867654e-01,3.194488058104898165e-03,-1.444615478515625107e-01,2.454361080435780995e-01,2.440950280379803120e-02,-9.691054086327722805e-01,1.933347290039062472e+00,0.000000000000000000e+00,0.000000000000000000e+00,0.000000000000000000e+00,1.000000000000000000e+00
9.633082103669123875e-01,1.086710783260139562e-01,2.454137090204176197e-01,-1.096191101074218827e-01,1.115777409150423144e-01,-9.937535480366102014e-01,2.072075516148168955e-03,-1.444482421874999922e-01,2.441059187565769728e-01,2.538665988487394734e-02,-9.694162253273346241e-01,1.933261596679687555e+00,0.000000000000000000e+00,0.000000000000000000e+00,0.000000000000000000e+00,1.000000000000000000e+00
9.632551742172948961e-01,1.085735459549104498e-01,2.456649231420434398e-01,-1.096212921142578206e-01,1.114781072596192080e-01,-9.937646814880732871e-01,2.095096351365854231e-03,-1.444312744140625049e-01,2.443605961390297454e-01,2.536814825101789406e-02,-9.693525447993071031e-01,1.933270141601562520e+00,0.000000000000000000e+00,0.000000000000000000e+00,0.000000000000000000e+00,1.000000000000000000e+00
9.631444055817025562e-01,1.087974921793242178e-01,2.459999180734800117e-01,-1.096269531249999957e-01,1.114194518053034655e-01,-9.937680608598785659e-01,3.278257799930494806e-03,-1.444520721435546828e-01,2.448235277829209078e-01,2.425174035583906734e-02,-9.692643051993808934e-01,1.933311523437500012e+00,0.000000000000000000e+00,0.000000000000000000e+00,0.000000000000000000e+00,1.000000000000000000e+00
9.630083978305666870e-01,1.085815142207329220e-01,2.466270067882628536e-01,-1.096198196411132808e-01,1.114319101149127411e-01,-9.937691417986395104e-01,2.412927047700064859e-03,-1.444458312988281257e-01,2.453523081528826422e-01,2.515844944205199857e-02,-9.691074745897508835e-01,1.933310913085937610e+00,0.000000000000000000e+00,0.000000000000000000e+00,0.000000000000000000e+00,1.000000000000000000e+00
9.631509797812953799e-01,1.088000780782341775e-01,2.459730333928930590e-01,-1.096289596557617207e-01,1.114366212414545226e-01,-9.937663323619918554e-01,3.218091062107360234e-03,-1.444394989013672026e-01,2.447898478136292244e-01,2.431089619832133356e-02,-9.692713297799615546e-01,1.933326293945312635e+00,0.000000000000000000e+00,0.000000000000000000e+00,0.000000000000000000e+00,1.000000000000000000e+00
9.630946133354719718e-01,1.089788553362201345e-01,2.461145563630992850e-01,-1.096197204589843821e-01,1.114584647797761258e-01,-9.937615342823128417e-01,3.876030159716162965e-03,-1.444536590576172008e-01,2.450015844706588120e-01,2.369856684423825646e-02,-9.692329965165219496e-01,1.933298217773437466e+00,0.000000000000000000e+00,0.000000000000000000e+00,0.000000000000000000e+00,1.000000000000000000e+00
9.630901287994401150e-01,1.087606316258818845e-01,2.462286108830924469e-01,-1.096215820312499978e-01,1.114029735900056023e-01,-9.937701104787627360e-01,3.216363526209159440e-03,-1.444469451904296931e-01,2.450444475689719792e-01,2.433295147259031260e-02,-9.692064414706756947e-01,1.933307128906250005e+00,0.000000000000000000e+00,0.000000000000000000e+00,0.000000000000000000e+00,1.000000000000000000e+00
9.633338486766620523e-01,1.086490074785810556e-01,2.453228264302554640e-01,-1.096294937133789060e-01,1.115570135076250635e-01,-9.937559121479919710e-01,2.054217167678663164e-03,-1.444629516601562413e-01,2.440141978063357919e-01,2.538858493165120980e-02,-9.694392662895900958e-01,1.933356079101562486e+00,0.000000000000000000e+00,0.000000000000000000e+00,0.000000000000000000e+00,1.000000000000000000e+00
9.631458124929557219e-01,1.084943199605589992e-01,2.461282722760231301e-01,-1.096219253540039046e-01,1.114505526506633093e-01,-9.937681061882812639e-01,1.930139067263849859e-03,-1.444450531005859462e-01,2.448038361446692179e-01,2.557212660795146753e-02,-9.692353419833601436e-01,1.933317382812500096e+00,0.000000000000000000e+00,0.000000000000000000e+00,0.000000000000000000e+00,1.000000000000000000e+00
9.630405198111567922e-01,1.084703783379160347e-01,2.465504699348316509e-01,-1.096163635253906282e-01,1.114986328110804947e-01,-9.937631537335324117e-01,1.687946339143457306e-03,-1.444403381347656168e-01,2.451958647349437026e-01,2.586447959680107656e-02,-9.691284830258938277e-01,1.933295898437499938e+00,0.000000000000000000e+00,0.000000000000000000e+00,0.000000000000000000e+00,1.000000000000000000e+00
9.631613103639619089e-01,1.090092296391267229e-01,2.458399440112623013e-01,-1.096216201782226618e-01,1.114817340011236974e-01,-9.937589064444632969e-01,3.880572948386709978e-03,-1.444597167968749984e-01,2.447286521886620769e-01,2.366904551918359162e-02,-9.693026684592033204e-01,1.933305786132812454e+00,0.000000000000000000e+00,0.000000000000000000e+00,0.000000000000000000e+00,1.000000000000000000e+00
9.631828460166633743e-01,1.086742588285703887e-01,2.459038645635754361e-01,-1.096277542114257875e-01,1.114777092505628703e-01,-9.937637039357469781e-01,2.533985033878064300e-03,-1.444500274658203076e-01,2.446457142062524182e-01,2.497210860071374938e-02,-9.692909100536055700e-01,1.933345825195312617e+00,0.000000000000000000e+00,0.000000000000000000e+00,0.000000000000000000e+00,1.000000000000000000e+00
9.631347644298585697e-01,1.084570731403598637e-01,2.461879136604142870e-01,-1.096268386840820314e-01,1.115310573625161311e-01,-9.937598677967923733e-01,1.465742167297440571e-03,-1.444508209228515527e-01,2.448106386377849331e-01,2.604589108340289727e-02,-9.692210082160991336e-01,1.933333740234375098e+00,0.000000000000000000e+00,0.000000000000000000e+00,0.000000000000000000e+00,1.000000000000000000e+00
9.630639404166497775e-01,1.086835486938626527e-01,2.463650399558852400e-01,-1.096275634765625090e-01,1.114781422644435527e-01,-9.937634357190604506e-01,2.618706764342129678e-03,-1.444499053955078105e-01,2.451131788917614018e-01,2.494233491792442400e-02,-9.691735703486851206e-01,1.933347656250000046e+00,0.000000000000000000e+00,0.000000000000000000e+00,0.000000000000000000e+00,1.000000000000000000e+00
9.631979982843951182e-01,1.087265582592614882e-01,2.458213815558563109e-01,-1.096309432983398474e-01,1.115271305302733412e-01,-9.937581349990606272e-01,2.543281123357452392e-03,-1.444552764892578223e-01,2.445635198810686139e-01,2.496607002081972781e-02,-9.693118074650167726e-01,1.933342041015625012e+00,0.000000000000000000e+00,0.000000000000000000e+00,0.000000000000000000e+00,1.000000000000000000e+00
9.632632617458822821e-01,1.086945074328138638e-01,2.455797072736717601e-01,-1.096219863891601531e-01,1.114955454135239665e-01,-9.937617589226028780e-01,2.511942673684880098e-03,-1.444679718017578274e-01,2.443207562275975520e-01,2.496138131179921615e-02,-9.693731466877872904e-01,1.933305297851562576e+00,0.000000000000000000e+00,0.000000000000000000e+00,0.000000000000000000e+00,1.000000000000000000e+00
9.630155221540572796e-01,1.084782106922004136e-01,2.466446470032693516e-01,-1.096228866577148436e-01,1.114487663636773290e-01,-9.937683123564884369e-01,1.927130548635198892e-03,-1.444380645751953129e-01,2.453166862778870250e-01,2.563238500716607041e-02,-9.691040729831246203e-01,1.933294677734375133e+00,0.000000000000000000e+00,0.000000000000000000e+00,0.000000000000000000e+00,1.000000000000000000e+00
9.632307294346316162e-01,1.088722326917055810e-01,2.456285789999822777e-01,-1.096246490478515606e-01,1.115427257738565020e-01,-9.937549364950266639e-01,3.057207664499028005e-03,-1.444364929199218883e-01,2.444274579497272282e-01,2.445328486090853071e-02,-9.693591979548890070e-01,1.933317504882812621e+00,0.000000000000000000e+00,0.000000000000000000e+00,0.000000000000000000e+00,1.000000000000000000e+00
9.632448321938886782e-01,1.087307972892863905e-01,2.456359236199044671e-01,-1.096273880004882822e-01,1.115080868307663509e-01,-9.937600816264602344e-01,2.616627048993146187e-03,-1.444511871337890718e-01,2.443876834521529207e-01,2.486993941704240471e-02,-9.693586262525768493e-01,1.933312622070312514e+00,0.000000000000000000e+00,0.000000000000000000e+00,0.000000000000000000e+00,1.000000000000000000e+00
9.629953433219746728e-01,1.084949673159122802e-01,2.467160529988094431e-01,-1.096287689208984423e-01,1.114577585940797616e-01,-9.937672245424999939e-01,1.967606230966008687e-03,-1.444473114013671844e-01,2.453918026124264351e-01,2.560362263851392178e-02,-9.690858154562003168e-01,1.933323852539062582e+00,0.000000000000000000e+00,0.000000000000000000e+00,0.000000000000000000e+00,1.000000000000000000e+00
9.631043109487247289e-01,1.086591915256631125e-01,2.462179244672720868e-01,-1.096280364990234457e-01,1.114995429892214340e-01,-9.937615406555770914e-01,2.419137666314566046e-03,-1.444411010742187584e-01,2.449447654986258160e-01,2.512330413864947987e-02,-9.692114740571224907e-01,1.933303466796875147e+00,0.000000000000000000e+00,0.000000000000000000e+00,0.000000000000000000e+00,1.000000000000000000e+00
9.630201917074728835e-01,1.085936587236411843e-01,2.465756022981909767e-01,-1.096298675537109441e-01,1.114954415292400969e-01,-9.937624968345225573e-01,2.205992614572445387e-03,-1.444554290771484506e-01,2.452771430074602299e-01,2.536764021798428373e-02,-9.691210481399469279e-01,1.933328369140625114e+00,0.000000000000000000e+00,0.000000000000000000e+00,0.000000000000000000e+00,1.000000000000000000e+00
9.630891529470307910e-01,1.086085050526171963e-01,2.462995657852567466e-01,-1.096294174194335919e-01,1.114843270789365598e-01,-9.937635742322118437e-01,2.281084166722395501e-03,-1.444611358642578225e-01,2.450112819678454956e-01,2.526165393347406737e-02,-9.691910650377552061e-01,1.933332641601562596e+00,0.000000000000000000e+00,0.000000000000000000e+00,0.000000000000000000e+00,1.000000000000000000e+00
9.631350916086878211e-01,1.085605428313176496e-01,2.461410243175523593e-01,-1.096229782104492234e-01,1.114583446537121686e-01,-9.937667349242940151e-01,2.171166728355931538e-03,-1.444486999511718772e-01,2.448424651055828849e-01,2.534334425599067686e-02,-9.692315936776636498e-01,1.933298583984375041e+00,0.000000000000000000e+00,0.000000000000000000e+00,0.000000000000000000e+00,1.000000000000000000e+00
9.630873526721019928e-01,1.088786264374500823e-01,2.461873185770064865e-01,-1.096305007934570280e-01,1.115071184301741070e-01,-9.937582162778642036e-01,3.281786043746374656e-03,-1.444654998779296984e-01,2.450079869360209384e-01,2.429099185566531427e-02,-9.692167116038739039e-01,1.933334594726562550e+00,0.000000000000000000e+00,0.000000000000000000e+00,0.000000000000000000e+00,1.000000000000000000e+00
9.631073334058992685e-01,1.086495526850429494e-01,2.462103552678449603e-01,-1.096237030029296872e-01,1.114386669878167369e-01,-9.937678601393873379e-01,2.619857622441787090e-03,-1.444441223144531383e-01,2.449605842574613668e-01,2.491414970099239262e-02,-9.692128751233755057e-01,1.933341186523437560e+00,0.000000000000000000e+00,0.000000000000000000e+00,0.000000000000000000e+00,1.000000000000000000e+00
9.630703155186157716e-01,1.087181995183107153e-01,2.463248271294845859e-01,-1.096401519775390687e-01,1.115448637067435189e-01,-9.937562745603631953e-01,2.492017767131525854e-03,-1.444454956054687655e-01,2.450577702247323242e-01,2.507628093247616513e-02,-9.691841256371658275e-01,1.933373291015624940e+00,0.000000000000000000e+00,0.000000000000000000e+00,0.000000000000000000e+00,1.000000000000000000e+00
9.630110891976656484e-01,1.087911813874000017e-01,2.465240777990245769e-01,-1.096326141357421846e-01,1.114623621644153101e-01,-9.937637062354106599e-01,3.136557027924634714e-03,-1.444646911621093877e-01,2.453279109743822239e-01,2.445761684209107889e-02,-9.691315912069687899e-01,1.933360839843750068e+00,0.000000000000000000e+00,0.000000000000000000e+00,0.000000000000000000e+00,1.000000000000000000e+00
9.630399311621619107e-01,1.089049789475946273e-01,2.463611100551440225e-01,-1.096248855590820359e-01,1.114593882899187205e-01,-9.937624845495139914e-01,3.595700768176793294e-03,-1.444659881591796868e-01,2.452160185412362858e-01,2.399645520490698014e-02,-9.691714370473282214e-01,1.933301513671874972e+00,0.000000000000000000e+00,0.000000000000000000e+00,0.000000000000000000e+00,1.000000000000000000e+00
9.631066093068552103e-01,1.086625831971818473e-01,2.462074371792376259e-01,-1.096227569580078137e-01,1.114875229829579012e-01,-9.937627405991074081e-01,2.479438661427815771e-03,-1.444426116943359484e-01,2.449411997369514149e-01,2.506109354890334595e-02,-9.692139857954775728e-01,1.933287719726562548e+00,0.000000000000000000e+00,0.000000000000000000e+00,0.000000000000000000e+00,1.000000000000000000e+00
9.632275501419371722e-01,1.086196753131633830e-01,2.457528286356532865e-01,-1.096286315917968796e-01,1.115484082064752969e-01,-9.937569595190645089e-01,2.014456260583849176e-03,-1.444303131103515658e-01,2.444373933631336926e-01,2.547295707779555218e-02,-9.693304334351364737e-01,1.933330322265625068e+00,0.000000000000000000e+00,0.000000000000000000e+00,0.000000000000000000e+00,1.000000000000000000e+00
9.633071332624166816e-01,1.086720587845398101e-01,2.454175027280539323e-01,-1.096317138671875080e-01,1.114893129046479470e-01,-9.937626676858574148e-01,2.427637109997889120e-03,-1.444338073730468686e-01,2.441505685305572493e-01,2.502286860889177053e-02,-9.694144397174965233e-01,1.933339233398437607e+00,0.000000000000000000e+00,0.000000000000000000e+00,0.000000000000000000e+00,1.000000000000000000e+00
9.632788081826244575e-01,1.087630585915896758e-01,2.454883597893489922e-01,-1.096328506469726599e-01,1.115300365887329365e-01,-9.937575403727154644e-01,2.646108630934377107e-03,-1.444582061767578085e-01,2.442437074824616861e-01,2.483038538108590237e-02,-9.693959270169483222e-01,1.933348876953125073e+00,0.000000000000000000e+00,0.000000000000000000e+00,0.000000000000000000e+00,1.000000000000000000e+00
9.632461144024755395e-01,1.087274952664369354e-01,2.456323571144896356e-01,-1.096180114746093809e-01,1.114467235934480660e-01,-9.937663343863905041e-01,2.846127285010968330e-03,-1.444636840820312518e-01,2.444106194272638588e-01,2.463340036056396731e-02,-9.693588833336483912e-01,1.933294067382812509e+00,0.000000000000000000e+00,0.000000000000000000e+00,0.000000000000000000e+00,1.000000000000000000e+00
9.631568709487505764e-01,1.087467376963259652e-01,2.459735534251970002e-01,-1.096225433349609368e-01,1.115213651364463238e-01,-9.937584641185981393e-01,2.664603300352508253e-03,-1.444506530761718865e-01,2.447280675817859463e-01,2.486487548835334890e-02,-9.692728774213346110e-01,1.933299804687500068e+00,0.000000000000000000e+00,0.000000000000000000e+00,0.000000000000000000e+00,1.000000000000000000e+00
9.631555574306509548e-01,1.088153943858344297e-01,2.459483322470539801e-01,-1.096272277832031211e-01,1.114826218194123197e-01,-9.937615609304653042e-01,3.095973080474568109e-03,-1.444451599121093777e-01,2.447508880938368270e-01,2.443706123289871718e-02,-9.692779956315824563e-01,1.933335693359375052e+00,0.000000000000000000e+00,0.000000000000000000e+00,0.000000000000000000e+00,1.000000000000000000e+00
9.631689837051167213e-01,1.087368748974634064e-01,2.459304797417067867e-01,-1.096346359252929753e-01,1.114619135153255974e-01,-9.937646045375267967e-01,2.855276497154699694e-03,-1.444530944824218843e-01,2.447074797875102292e-01,2.466176810179105533e-02,-9.692832643402746751e-01,1.933364379882812623e+00,0.000000000000000000e+00,0.000000000000000000e+00,0.000000000000000000e+00,1.000000000000000000e+00
9.632594511809252635e-01,1.087130825824371566e-01,2.455864316000523906e-01,-1.096273345947265665e-01,1.114747813687832628e-01,-9.937636733995739435e-01,2.671057874135742208e-03,-1.444438323974609473e-01,2.443452533392146409e-01,2.480377202784299351e-02,-9.693710177552173901e-01,1.933329711914062443e+00,0.000000000000000000e+00,0.000000000000000000e+00,0.000000000000000000e+00,1.000000000000000000e+00
9.631840125590032109e-01,1.087021421386730607e-01,2.458869704665176126e-01,-1.096261825561523490e-01,1.114570930311374747e-01,-9.937655030800951472e-01,2.727874816452178358e-03,-1.444579315185546831e-01,2.446505147425338256e-01,2.477840153096214082e-02,-9.692946695684361291e-01,1.933309204101562484e+00,0.000000000000000000e+00,0.000000000000000000e+00,0.000000000000000000e+00,1.000000000000000000e+00
9.630778290289409016e-01,1.088076828373392979e-01,2.462559306665964565e-01,-1.096178207397461024e-01,1.114555876967107395e-01,-9.937642538223664390e-01,3.203091640315579997e-03,-1.444468841552734306e-01,2.450688621675209955e-01,2.436177293311007561e-02,-9.691995443743627314e-01,1.933297607421875064e+00,0.000000000000000000e+00,0.000000000000000000e+00,0.000000000000000000e+00,1.000000000000000000e+00
9.629872247366054738e-01,1.085632338739825897e-01,2.467177116562846995e-01,-1.096293487548828105e-01,1.114766521491489248e-01,-9.937646809859236319e-01,2.171370664656523120e-03,-1.444592895507812447e-01,2.454150790389790227e-01,2.541226231110960479e-02,-9.690849580426491583e-01,1.933328491210937639e+00,0.000000000000000000e+00,0.000000000000000000e+00,0.000000000000000000e+00,1.000000000000000000e+00
9.631375887932376312e-01,1.087961311331159392e-01,2.460272076499151472e-01,-1.096254577636718713e-01,1.114501725140534943e-01,-9.937650185654831603e-01,3.153874146643051088e-03,-1.444344787597656166e-01,2.448363618830673993e-01,2.438215999477878759e-02,-9.692577913918736243e-01,1.933314575195312468e+00,0.000000000000000000e+00,0.000000000000000000e+00,0.000000000000000000e+00,1.000000000000000000e+00
9.631043099406102481e-01,1.088011201961693181e-01,2.461552445467692918e-01,-1.096277847290039048e-01,1.114102965894040592e-01,-9.937688643311757275e-01,3.345160651792465287e-03,-1.444474029541015780e-01,2.449853750485569415e-01,2.420249016080779081e-02,-9.692246413924554549e-01,1.933305908203124979e+00,0.000000000000000000e+00,0.000000000000000000e+00,0.000000000000000000e+00,1.000000000000000000e+00
9.632184613660625949e-01,1.085899408934102861e-01,2.458015875057782962e-01,-1.096271591186523398e-01,1.115476881723044267e-01,-9.937572640004368463e-01,1.900923401990564643e-03,-1.444287414550781412e-01,2.444735342465712558e-01,2.558759432091186475e-02,-9.693182996672760066e-01,1.933312499999999989e+00,0.000000000000000000e+00,0.000000000000000000e+00,0.000000000000000000e+00,1.000000000000000000e+00
9.631544128838479546e-01,1.089489535293350769e-01,2.458936812267304983e-01,-1.096278457641601534e-01,1.114885491372290677e-01,-9.937591519379888050e-01,3.612665327029576309e-03,-1.444541168212890581e-01,2.447526922296174301e-01,2.393477520997947666e-02,-9.692900732917891782e-01,1.933331787109375144e+00,0.000000000000000000e+00,0.000000000000000000e+00,0.000000000000000000e+00,1.000000000000000000e+00
9.631167232898325548e-01,1.089051516517029750e-01,2.460606536266542466e-01,-1.096257400512695296e-01,1.114433043396141076e-01,-9.937641647684101187e-01,3.629702468912743979e-03,-1.444425964355468828e-01,2.449215532314885646e-01,2.392598515974333692e-02,-9.692476360542805480e-01,1.933317504882812621e+00,0.000000000000000000e+00,0.000000000000000000e+00,0.000000000000000000e+00,1.000000000000000000e+00
9.631064878443910127e-01,1.086730601094085535e-01,2.462032881147184216e-01,-1.096254882812500026e-01,1.114657120806151758e-01,-9.937648579786745318e-01,2.608079175611148146e-03,-1.444536285400390696e-01,2.449516035922271184e-01,2.493136685145299486e-02,-9.692147021400959739e-01,1.933325927734375060e+00,0.000000000000000000e+00,0.000000000000000000e+00,0.000000000000000000e+00,1.000000000000000000e+00
9.630576261825687379e-01,1.087973549709576326e-01,2.463394897350388302e-01,-1.096274642944335964e-01,1.114675210156242657e-01,-9.937631723307394083e-01,3.122351321734976107e-03,-1.444661254882812496e-01,2.451428163545226746e-01,2.445184799700050871e-02,-9.691785731841704443e-01,1.933313598632812491e+00,0.000000000000000000e+00,0.000000000000000000e+00,0.000000000000000000e+00,1.000000000000000000e+00
9.632206200277986241e-01,1.086335492364445265e-01,2.457738577097998978e-01,-1.096320648193359337e-01,1.114932825337696387e-01,-9.937625443241755452e-01,2.292040179992411997e-03,-1.444450225830078149e-01,2.444898466258036696e-01,2.519439379375229202e-02,-9.693244851019997554e-01,1.933338012695312580e+00,0.000000000000000000e+00,0.000000000000000000e+00,0.000000000000000000e+00,1.000000000000000000e+00
9.630320987022065182e-01,1.085775065998901279e-01,2.465362081516107862e-01,-1.096281433105468772e-01,1.114817981336539143e-01,-9.937640631955197978e-01,2.189836984369912531e-03,-1.444506988525390556e-01,2.452365909771842822e-01,2.537541648292089211e-02,-9.691311070666379646e-01,1.933345703125000092e+00,0.000000000000000000e+00,0.000000000000000000e+00,0.000000000000000000e+00,1.000000000000000000e+00
9.630930988996460052e-01,1.086988691188941480e-01,2.462442663376143426e-01,-1.096289749145507864e-01,1.114170620763560715e-01,-9.937694748511067822e-01,2.910177387838554577e-03,-1.444573059082031319e-01,2.450263682344205052e-01,2.463304094968362529e-02,-9.692034317744759875e-01,1.933341674804687438e+00,0.000000000000000000e+00,0.000000000000000000e+00,0.000000000000000000e+00,1.000000000000000000e+00
9.630940599922741541e-01,1.085080634842329472e-01,2.463246470950481715e-01,-1.096259613037109393e-01,1.114955479673927774e-01,-9.937632495149952838e-01,1.829397946999603702e-03,-1.444479217529296977e-01,2.449868861613803961e-01,2.570221920961965681e-02,-9.691856486435670437e-01,1.933315063476562568e+00,0.000000000000000000e+00,0.000000000000000000e+00,0.000000000000000000e+00,1.000000000000000000e+00
9.630826077349212699e-01,1.087334154364488076e-01,2.462700449628994759e-01,-1.096240234374999956e-01,1.114690077086338132e-01,-9.937638285867234078e-01,2.848387808946398550e-03,-1.444623107910156246e-01,2.450439776835097450e-01,2.470824478149457465e-02,-9.691970654314123745e-01,1.933305786132812454e+00,0.000000000000000000e+00,0.000000000000000000e+00,0.000000000000000000e+00,1.000000000000000000e+00
9.631181204643063376e-01,1.086911866399908055e-01,2.461497755028290990e-01,-1.096234130859374961e-01,1.114894200072361063e-01,-9.937622648984661966e-01,2.582651800253188412e-03,-1.444377288818359528e-01,2.448950698967878037e-01,2.495569695804817842e-02,-9.692283621157534723e-01,1.933331542968750094e+00,0.000000000000000000e+00,0.000000000000000000e+00,0.000000000000000000e+00,1.000000000000000000e+00
9.631779641140640891e-01,1.085204021870814634e-01,2.459909180320308253e-01,-1.096386337280273460e-01,1.114983717787655787e-01,-9.937629269815788646e-01,1.832497664361215986e-03,-1.444407043457031359e-01,2.446555180979398947e-01,2.566256546333200300e-02,-9.692704009707864277e-01,1.933390991210937493e+00,0.000000000000000000e+00,0.000000000000000000e+00,0.000000000000000000e+00,1.000000000000000000e+00
9.631541233313306583e-01,1.085505392670298025e-01,2.460709554878290350e-01,-1.096358947753906243e-01,1.114759228968834198e-01,-9.937650139624562007e-01,2.053202008467997636e-03,-1.444439392089843788e-01,2.447595827013606673e-01,2.545343688063553614e-02,-9.692496423661035587e-01,1.933378540039062621e+00,0.000000000000000000e+00,0.000000000000000000e+00,0.000000000000000000e+00,1.000000000000000000e+00
9.632797839283088193e-01,1.085635061002431373e-01,2.455728466631701967e-01,-1.096299819946289084e-01,1.114823582893764015e-01,-9.937643453125851734e-01,2.027258170041072033e-03,-1.444387969970703234e-01,2.442616254454832436e-01,2.542422326584157372e-02,-9.693760195125825652e-01,1.933318603515625123e+00,0.000000000000000000e+00,0.000000000000000000e+00,0.000000000000000000e+00,1.000000000000000000e+00
9.631336640075802702e-01,1.084867805165131566e-01,2.461791293113521351e-01,-1.096307525634765689e-01,1.114872468577123160e-01,-9.937643069146036012e-01,1.759571148111106417e-03,-1.444606323242187407e-01,2.448349220258847214e-01,2.575113115378911688e-02,-9.692227505588586478e-01,1.933336669921875028e+00,0.000000000000000000e+00,0.000000000000000000e+00,0.000000000000000000e+00,1.000000000000000000e+00
9.633218721125307304e-01,1.090544889320713140e-01,2.451899042647837645e-01,-1.096160430908203198e-01,1.114810649317384550e-01,-9.937584929123397526e-01,4.003739037556791960e-03,-1.444432220458984339e-01,2.440961754540504902e-01,2.347714225283986655e-02,-9.694668023817760716e-01,1.933276123046875128e+00,0.000000000000000000e+00,0.000000000000000000e+00,0.000000000000000000e+00,1.000000000000000000e+00
9.632596320597274220e-01,1.088779679382567006e-01,2.455126663571448598e-01,-1.096213150024414051e-01,1.114797093973037695e-01,-9.937611686692392476e-01,3.318740399717372627e-03,-1.444603271484375118e-01,2.443422919530131021e-01,2.417287204251819532e-02,-9.693877019131019734e-01,1.933303955078125025e+00,0.000000000000000000e+00,0.000000000000000000e+00,0.000000000000000000e+00,1.000000000000000000e+00
9.630283209850467596e-01,1.085518892372298733e-01,2.465622443192588553e-01,-1.096275329589843778e-01,1.114234486182222733e-01,-9.937703148320180535e-01,2.318718761262616307e-03,-1.444476318359375067e-01,2.452779404649837180e-01,2.523982372560524060e-02,-9.691241835902952850e-01,1.933365722656249952e+00,0.000000000000000000e+00,0.000000000000000000e+00,0.000000000000000000e+00,1.000000000000000000e+00
9.631662605772483010e-01,1.086120700175833981e-01,2.459962860128905304e-01,-1.096249771118164018e-01,1.114988605081066592e-01,-9.937621136527309273e-01,2.205804581237945372e-03,-1.444749603271484328e-01,2.447013661405143536e-01,2.530374902958847788e-02,-9.692682609546304784e-01,1.933338256835937630e+00,0.000000000000000000e+00,0.000000000000000000e+00,0.000000000000000000e+00,1.000000000000000000e+00
9.629466959867489795e-01,1.087063720122053573e-01,2.468128549572493058e-01,-1.096168212890624993e-01,1.114273359477735287e-01,-9.937681784126795037e-01,2.959117761645301339e-03,-1.444567260742187498e-01,2.455964362359238096e-01,2.465222623393846513e-02,-9.690586454131273619e-01,1.933300659179687520e+00,0.000000000000000000e+00,0.000000000000000000e+00,0.000000000000000000e+00,1.000000000000000000e+00
9.629295132544424263e-01,1.086419599356639870e-01,2.469082360815459398e-01,-1.096148452758789055e-01,1.114017528589696798e-01,-9.937714859232358311e-01,2.807708295599837048e-03,-1.444530334472656219e-01,2.456753995896046039e-01,2.480238511235811211e-02,-9.690347979970721504e-01,1.933262451171875007e+00,0.000000000000000000e+00,0.000000000000000000e+00,0.000000000000000000e+00,1.000000000000000000e+00
9.631605933681353093e-01,1.086516679654491030e-01,2.460009886790445188e-01,-1.096209259033203154e-01,1.115284585686281554e-01,-9.937586912271463291e-01,2.250897557652575126e-03,-1.444537200927734355e-01,2.447101843243296160e-01,2.526813524649283715e-02,-9.692669637561768248e-01,1.933315917968750020e+00,0.000000000000000000e+00,0.000000000000000000e+00,0.000000000000000000e+00,1.000000000000000000e+00
9.629932581532092417e-01,1.083624505616049005e-01,2.467824225096877100e-01,-1.096185836791992163e-01,1.114396172294773724e-01,-9.937700651520373629e-01,1.506426056195392035e-03,-1.444463806152343766e-01,2.454082241148692056e-01,2.605066056742026681e-02,-9.690697429085211034e-01,1.933290893554687528e+00,0.000000000000000000e+00,0.000000000000000000e+00,0.000000000000000000e+00,1.000000000000000000e+00
9.630662671607799208e-01,1.085424205799212366e-01,2.464181567816240426e-01,-1.096199722290039091e-01,1.114747306110970421e-01,-9.937651294424099113e-01,2.062023155483160702e-03,-1.444697265625000115e-01,2.451055884556386233e-01,2.548353270176434773e-02,-9.691614107406740786e-01,1.933308837890625131e+00,0.000000000000000000e+00,0.000000000000000000e+00,0.000000000000000000e+00,1.000000000000000000e+00
9.630237000835062400e-01,1.085053460359610561e-01,2.466007764770604960e-01,-1.096118698120117224e-01,1.114515002100599089e-01,-9.937678167793715378e-01,2.022235023027518092e-03,-1.444490356445312651e-01,2.452833385666458865e-01,2.553656623701962974e-02,-9.691150435352979819e-01,1.933274291992187477e+00,0.000000000000000000e+00,0.000000000000000000e+00,0.000000000000000000e+00,1.000000000000000000e+00
9.630360893259791721e-01,1.086834429658380813e-01,2.464739334713032803e-01,-1.096107482910156222e-01,1.115157778559156682e-01,-9.937595665525019717e-01,2.480962428955438628e-03,-1.444693298339843890e-01,2.452054688315802589e-01,2.509647605691366079e-02,-9.691462453853959547e-01,1.933279418945312633e+00,0.000000000000000000e+00,0.000000000000000000e+00,0.000000000000000000e+00,1.000000000000000000e+00
9.631205420517503502e-01,1.088089507218862190e-01,2.460882640857641745e-01,-1.096193313598632785e-01,1.114472614774977693e-01,-9.937651199427393056e-01,3.224018355916168435e-03,-1.444450836181640774e-01,2.449047353301052610e-01,2.432074480757490803e-02,-9.692420605735678762e-01,1.933310180664062461e+00,0.000000000000000000e+00,0.000000000000000000e+00,0.000000000000000000e+00,1.000000000000000000e+00
9.631487809312592185e-01,1.088638464997086774e-01,2.459534279409768542e-01,-1.096318817138671881e-01,1.114811309532292571e-01,-9.937610703791083244e-01,3.300369730530515466e-03,-1.444399871826171911e-01,2.447782327577727735e-01,2.424041922610077615e-02,-9.692760282002875760e-01,1.933336425781249979e+00,0.000000000000000000e+00,0.000000000000000000e+00,0.000000000000000000e+00,1.000000000000000000e+00
9.629650570288010858e-01,1.087292505975022278e-01,2.467311269500134518e-01,-1.096255187988281338e-01,1.114206601058729956e-01,-9.937685899782555676e-01,3.070191232041068544e-03,-1.444567108154296842e-01,2.455274637247117087e-01,2.453445815858470297e-02,-9.690791117962325174e-01,1.933315795898437495e+00,0.000000000000000000e+00,0.000000000000000000e+00,0.000000000000000000e+00,1.000000000000000000e+00
9.630749938063397630e-01,1.087608473549209892e-01,2.462877065294948598e-01,-1.096164093017578112e-01,1.114352959083402123e-01,-9.937668704461318780e-01,3.095485345086166490e-03,-1.444354858398437524e-01,2.450892309562777982e-01,2.446395892615423756e-02,-9.691918198080914371e-01,1.933316772460937472e+00,0.000000000000000000e+00,0.000000000000000000e+00,0.000000000000000000e+00,1.000000000000000000e+00
9.632164890122512091e-01,1.088785819943454275e-01,2.456816022371491881e-01,-1.096271667480468726e-01,1.114866829178475377e-01,-9.937604126994907805e-01,3.310843293425264067e-03,-1.444648590087890538e-01,2.445091303548550532e-01,2.420116803459894730e-02,-9.693449275871173221e-01,1.933338989257812557e+00,0.000000000000000000e+00,0.000000000000000000e+00,0.000000000000000000e+00,1.000000000000000000e+00
9.632715088553850391e-01,1.087202566737885401e-01,2.455359566667494609e-01,-1.096218566894531232e-01,1.115472251764304257e-01,-9.937562174538753235e-01,2.407660109958508279e-03,-1.444340515136718905e-01,2.442646449712055079e-01,2.506962426028550711e-02,-9.693844939736447897e-01,1.933313598632812491e+00,0.000000000000000000e+00,0.000000000000000000e+00,0.000000000000000000e+00,1.000000000000000000e+00
9.630564307823592518e-01,1.086505938169792101e-01,2.464089275816949975e-01,-1.096222534179687458e-01,1.114412654507903472e-01,-9.937675296051662333e-01,2.634664527367585468e-03,-1.444501953125000016e-01,2.451594491009263244e-01,2.492279209204072490e-02,-9.691623697558977568e-01,1.933301879882812546e+00,0.000000000000000000e+00,0.000000000000000000e+00,0.000000000000000000e+00,1.000000000000000000e+00
9.630901182915758696e-01,1.086525013504412857e-01,2.462763853872529940e-01,-1.096356277465820317e-01,1.114811989386941676e-01,-9.937634721146764161e-01,2.470581667213750734e-03,-1.444612121582031228e-01,2.450089107202219618e-01,2.507579392313297184e-02,-9.691964910310060244e-01,1.933370117187499959e+00,0.000000000000000000e+00,0.000000000000000000e+00,0.000000000000000000e+00,1.000000000000000000e+00
9.631124411222041770e-01,1.088488852108038391e-01,2.461023078802675457e-01,-1.096394119262695394e-01,1.115439870251989513e-01,-9.937549519607361548e-01,3.005729867673933089e-03,-1.444552459716796911e-01,2.448925574903226821e-01,2.455637680685871654e-02,-9.692391962998446742e-01,1.933391479492187592e+00,0.000000000000000000e+00,0.000000000000000000e+00,0.000000000000000000e+00,1.000000000000000000e+00
9.633671784835344809e-01,1.086641875263315848e-01,2.451851826067715789e-01,-1.096447601318359388e-01,1.115759963196024662e-01,-9.937538384588793239e-01,2.026226426576460682e-03,-1.444700622558593717e-01,2.438738945971087868e-01,2.540478099661446637e-02,-9.694741464508231932e-01,1.933404663085937614e+00,0.000000000000000000e+00,0.000000000000000000e+00,0.000000000000000000e+00,1.000000000000000000e+00
9.631890903533046888e-01,1.084350664798260089e-01,2.459849844642744143e-01,-1.096324691772461030e-01,1.114997705426320762e-01,-9.937633613056806592e-01,1.477462478567045934e-03,-1.444458923339843881e-01,2.446110737340278507e-01,2.600419358393737598e-02,-9.692725130337367379e-01,1.933361206054687642e+00,0.000000000000000000e+00,0.000000000000000000e+00,0.000000000000000000e+00,1.000000000000000000e+00
9.632114935565652125e-01,1.086141753807342986e-01,2.458181840037350352e-01,-1.096345367431640627e-01,1.115307518300473061e-01,-9.937588292459684780e-01,2.068983302555893466e-03,-1.444612274169921884e-01,2.445087116582054521e-01,2.542341837843502608e-02,-9.693137467926469242e-01,1.933378540039062621e+00,0.000000000000000000e+00,0.000000000000000000e+00,0.000000000000000000e+00,1.000000000000000000e+00
9.632117029100347727e-01,1.087771642866967314e-01,2.457452825730253310e-01,-1.096303939819335965e-01,1.114425515590233839e-01,-9.937661125624149827e-01,3.077535475061454751e-03,-1.444598999023437580e-01,2.445480997251164024e-01,2.442216313783115642e-02,-9.693295543149934579e-01,1.933347778320312571e+00,0.000000000000000000e+00,0.000000000000000000e+00,0.000000000000000000e+00,1.000000000000000000e+00
9.633148332183590901e-01,1.087850626417258548e-01,2.453372011080285076e-01,-1.096354370117187532e-01,1.115185781155612066e-01,-9.937585000825334136e-01,2.765908313214842165e-03,-1.444687347412109413e-01,2.441068184966755650e-01,2.469521532097699451e-02,-9.694338592723495962e-01,1.933378173828125046e+00,0.000000000000000000e+00,0.000000000000000000e+00,0.000000000000000000e+00,1.000000000000000000e+00
9.631374431643574541e-01,1.087608602646416567e-01,2.460433718865830954e-01,-1.096307754516601535e-01,1.114505866145686641e-01,-9.937654188309176240e-01,3.009830407138366221e-03,-1.444841461181640696e-01,2.448367462577724640e-01,2.452279776669656977e-02,-9.692541462751659287e-01,1.933354736328124934e+00,0.000000000000000000e+00,0.000000000000000000e+00,0.000000000000000000e+00,1.000000000000000000e+00
9.630754612488581223e-01,1.087424472348121895e-01,2.462940033977353005e-01,-1.096214523315429679e-01,1.115017512262556076e-01,-9.937604095433902884e-01,2.758241764574625651e-03,-1.444701538085937653e-01,2.450571676441596625e-01,2.480581773571925719e-02,-9.691912380911646974e-01,1.933297729492187589e+00,0.000000000000000000e+00,0.000000000000000000e+00,0.000000000000000000e+00,1.000000000000000000e+00
9.632191935435779895e-01,1.085832507142104192e-01,2.458016738217919106e-01,-1.096244735717773477e-01,1.114721731988471548e-01,-9.937651799355483595e-01,2.172958810840850200e-03,-1.444712371826172015e-01,2.445050915453211848e-01,2.530701112344778403e-02,-9.693177061193157806e-01,1.933311889648437587e+00,0.000000000000000000e+00,0.000000000000000000e+00,0.000000000000000000e+00,1.000000000000000000e+00
9.631944705200772283e-01,1.087221870759748354e-01,2.458371371395396965e-01,-1.096264724731445400e-01,1.114821298620917167e-01,-9.937627561447477387e-01,2.705405885686858192e-03,-1.444389343261718861e-01,2.445979286113433848e-01,2.480061565790896150e-02,-9.693073727059073885e-01,1.933322509765625030e+00,0.000000000000000000e+00,0.000000000000000000e+00,0.000000000000000000e+00,1.000000000000000000e+00
9.631591462992019625e-01,1.087274990235733291e-01,2.459731486489359353e-01,-1.096298675537109441e-01,1.114633526330445074e-01,-9.937645560386778598e-01,2.815702585714183540e-03,-1.444340515136718905e-01,2.447455411646844436e-01,2.470502210742769184e-02,-9.692725529811918594e-01,1.933335571289062527e+00,0.000000000000000000e+00,0.000000000000000000e+00,0.000000000000000000e+00,1.000000000000000000e+00
9.630983392987408909e-01,1.087976620687266666e-01,2.461801323591873980e-01,-1.096249923706054674e-01,1.114916058592778231e-01,-9.937608113721716485e-01,3.011910331216541628e-03,-1.444663085937500091e-01,2.449718568793715634e-01,2.454625244926399164e-02,-9.692194131504847654e-01,1.933336303710937454e+00,0.000000000000000000e+00,0.000000000000000000e+00,0.000000000000000000e+00,1.000000000000000000e+00
9.631066363884673853e-01,1.087349625451451002e-01,2.461753742046488003e-01,-1.096222915649414098e-01,1.114711997810972494e-01,-9.937636176209864169e-01,2.836179157408380905e-03,-1.444648590087890538e-01,2.449485222732639134e-01,2.470992135066611001e-02,-9.692211518652430469e-01,1.933330566406250117e+00,0.000000000000000000e+00,0.000000000000000000e+00,0.000000000000000000e+00,1.000000000000000000e+00
9.631931665371133988e-01,1.087316864014245960e-01,2.458380448761161297e-01,-1.096212768554687550e-01,1.114644028179218177e-01,-9.937644414075714749e-01,2.814586708909029567e-03,-1.444559020996093734e-01,2.446111421024257104e-01,2.469120017739438386e-02,-9.693068316034645360e-01,1.933315307617187617e+00,0.000000000000000000e+00,0.000000000000000000e+00,0.000000000000000000e+00,1.000000000000000000e+00
9.631937514970536629e-01,1.088982144715676947e-01,2.457620311641668387e-01,-1.096161651611328169e-01,1.114734696735843189e-01,-9.937614157308205520e-01,3.451689964119234941e-03,-1.444288482666015727e-01,2.446047068965864213e-01,2.407130012235249306e-02,-9.693240479191955750e-01,1.933239868164062569e+00,0.000000000000000000e+00,0.000000000000000000e+00,0.000000000000000000e+00,1.000000000000000000e+00
9.628668543685425796e-01,1.087270248029649083e-01,2.471150639599359322e-01,-1.096108169555664036e-01,1.113682830715945066e-01,-9.937737009719678216e-01,3.307080610327507719e-03,-1.444230499267578072e-01,2.459360207129345222e-01,2.433650208993607886e-02,-9.689804994848520980e-01,1.933222900390624943e+00,0.000000000000000000e+00,0.000000000000000000e+00,0.000000000000000000e+00,1.000000000000000000e+00
9.629922380170972129e-01,1.086875802968993582e-01,2.466433850887313761e-01,-1.096240997314453097e-01,1.114672731230092056e-01,-9.937644176021802611e-01,2.707273595472754063e-03,-1.444610443115234288e-01,2.453996669544269149e-01,2.488558211104024281e-02,-9.691025287665138155e-01,1.933283325195312541e+00,0.000000000000000000e+00,0.000000000000000000e+00,0.000000000000000000e+00,1.000000000000000000e+00
9.630631867772549981e-01,1.087886582214890596e-01,2.463215908458016856e-01,-1.096221389770507815e-01,1.114126909764900919e-01,-9.937687408804156686e-01,3.301808342493744997e-03,-1.444366455078125167e-01,2.451458964857776701e-01,2.426350121729098017e-02,-9.691825276720908988e-01,1.933302978515625048e+00,0.000000000000000000e+00,0.000000000000000000e+00,0.000000000000000000e+00,1.000000000000000000e+00
9.631235943737648242e-01,1.085222276986917145e-01,2.462029001776250281e-01,-1.096216659545898447e-01,1.114917544527398441e-01,-9.937635634668291473e-01,1.889077753815901484e-03,-1.444618682861328052e-01,2.448724783425247353e-01,2.563017793584949564e-02,-9.692164687670998813e-01,1.933313720703125016e+00,0.000000000000000000e+00,0.000000000000000000e+00,0.000000000000000000e+00,1.000000000000000000e+00
9.628546845505038254e-01,1.088282608125981099e-01,2.471179193981190292e-01,-1.096175308227539114e-01,1.114603221270453470e-01,-9.937632168168287761e-01,3.356410762095723976e-03,-1.444541625976562549e-01,2.459419708599681342e-01,2.431210707391997725e-02,-9.689796016527597589e-01,1.933306152343750028e+00,0.000000000000000000e+00,0.000000000000000000e+00,0.000000000000000000e+00,1.000000000000000000e+00
9.630320055880476904e-01,1.086173577429743603e-01,2.465190171366038741e-01,-1.096254043579101556e-01,1.114438553291161177e-01,-9.937675859226824393e-01,2.500455715882926241e-03,-1.444420471191406319e-01,2.452542014368877255e-01,2.506501079869674631e-02,-9.691347284620521751e-01,1.933312011718750112e+00,0.000000000000000000e+00,0.000000000000000000e+00,0.000000000000000000e+00,1.000000000000000000e+00
9.631310163722949236e-01,1.087814994495383963e-01,2.460594047769363857e-01,-1.096246643066406262e-01,1.114553166428645242e-01,-9.937646824505929066e-01,3.077061245914119655e-03,-1.444478912353515665e-01,2.448598735883626976e-01,2.446101574715114912e-02,-9.692498651095643458e-01,1.933309204101562484e+00,0.000000000000000000e+00,0.000000000000000000e+00,0.000000000000000000e+00,1.000000000000000000e+00
9.628122559467295893e-01,1.084871149930576595e-01,2.474330327164342702e-01,-1.096188201904296916e-01,1.114063125090705153e-01,-9.937724718739062713e-01,2.215328137626900243e-03,-1.444550170898437624e-01,2.461324711042821300e-01,2.543265668602332635e-02,-9.689024649787978394e-01,1.933307983398437457e+00,0.000000000000000000e+00,0.000000000000000000e+00,0.000000000000000000e+00,1.000000000000000000e+00
9.629487467137834988e-01,1.086944276332297010e-01,2.468101144682661729e-01,-1.096239166259765641e-01,1.114688764365321383e-01,-9.937641307461838602e-01,2.746275342882858669e-03,-1.444752349853515583e-01,2.455695436904405393e-01,2.486712375338949454e-02,-9.690599699543381851e-01,1.933328613281249941e+00,0.000000000000000000e+00,0.000000000000000000e+00,0.000000000000000000e+00,1.000000000000000000e+00
9.630622190087189116e-01,1.084048282364732801e-01,2.464945344891502632e-01,-1.096209793090820311e-01,1.114832554225870936e-01,-9.937652174704695307e-01,1.475230915074236121e-03,-1.444477996826172006e-01,2.451176168258503152e-01,2.605927399010398229e-02,-9.691430586661210489e-01,1.933338989257812557e+00,0.000000000000000000e+00,0.000000000000000000e+00,0.000000000000000000e+00,1.000000000000000000e+00
9.630670364729178035e-01,1.085932112705734059e-01,2.463927712519515811e-01,-1.096277008056640717e-01,1.114842154049148909e-01,-9.937637048625903580e-01,2.229038655885029474e-03,-1.444418334960937411e-01,2.450982516763888786e-01,2.532219113195971483e-02,-9.691674951531620286e-01,1.933339355468750131e+00,0.000000000000000000e+00,0.000000000000000000e+00,0.000000000000000000e+00,1.000000000000000000e+00
9.630417545339617913e-01,1.088540980490229626e-01,2.463764687669718068e-01,-1.096287918090820268e-01,1.114245055882655266e-01,-9.937666403770359924e-01,3.527609410091694236e-03,-1.444410552978515616e-01,2.452247103751159785e-01,2.405514106533735222e-02,-9.691677830023899265e-01,1.933315429687500142e+00,0.000000000000000000e+00,0.000000000000000000e+00,0.000000000000000000e+00,1.000000000000000000e+00
9.631106324659717277e-01,1.087725179964686290e-01,2.461431472938138409e-01,-1.096257934570312592e-01,1.114484705842373607e-01,-9.937654531857080809e-01,3.076111025172394847e-03,-1.444306945800781228e-01,2.449431526608380205e-01,2.446964207569687563e-02,-9.692286049128229219e-01,1.933306762695312431e+00,0.000000000000000000e+00,0.000000000000000000e+00,0.000000000000000000e+00,1.000000000000000000e+00
9.631540034224574942e-01,1.088643670820389070e-01,2.459327454226451215e-01,-1.096283493041992213e-01,1.115045009431138295e-01,-9.937587514486632134e-01,3.207832386683154985e-03,-1.444565887451171871e-01,2.447470366740312764e-01,2.433297143837980653e-02,-9.692815868158537462e-01,1.933326538085937463e+00,0.000000000000000000e+00,0.000000000000000000e+00,0.000000000000000000e+00,1.000000000000000000e+00
9.630199707988736924e-01,1.085215657365843911e-01,2.466082026466611954e-01,-1.096188583374023418e-01,1.114126966997288637e-01,-9.937716953093523875e-01,2.242457596053591684e-03,-1.444506378173828209e-01,2.453156066307864147e-01,2.531575343646849316e-02,-9.691126692863495373e-01,1.933322631835937555e+00,0.000000000000000000e+00,0.000000000000000000e+00,0.000000000000000000e+00,1.000000000000000000e+00
9.629680354043483881e-01,1.085012839769012860e-01,2.468198415137122514e-01,-1.096272201538086022e-01,1.114469099192287593e-01,-9.937682801819802680e-01,2.047333291187856952e-03,-1.444624786376953185e-01,2.455038677066932185e-01,2.553579212622391140e-02,-9.690592212354935953e-01,1.933348510742187498e+00,0.000000000000000000e+00,0.000000000000000000e+00,0.000000000000000000e+00,1.000000000000000000e+00
9.632842554875504781e-01,1.086552134793279112e-01,2.455147403182903754e-01,-1.096295928955078186e-01,1.115492353911376744e-01,-9.937566233773209579e-01,2.131097688566535586e-03,-1.444467773437499991e-01,2.442134542023605415e-01,2.533412870945695589e-02,-9.693905150707244900e-01,1.933358886718750114e+00,0.000000000000000000e+00,0.000000000000000000e+00,0.000000000000000000e+00,1.000000000000000000e+00
9.631921502581035632e-01,1.085715812081214648e-01,2.459127760713930022e-01,-1.096273269653320337e-01,1.115156727595615627e-01,-9.937607330461528665e-01,1.964735237917554153e-03,-1.444317779541015589e-01,2.445917750255580114e-01,2.553071110527512649e-02,-9.692899702257864458e-01,1.933326416015624938e+00,0.000000000000000000e+00,0.000000000000000000e+00,0.000000000000000000e+00,1.000000000000000000e+00
9.631572389964303538e-01,1.088981630724531885e-01,2.459051098456861151e-01,-1.096226196289062510e-01,1.114140575898652369e-01,-9.937671801168118657e-01,3.701282756343767313e-03,-1.444450836181640774e-01,2.447754904808399357e-01,2.383236878964425237e-02,-9.692868396185615465e-01,1.933316528320312644e+00,0.000000000000000000e+00,0.000000000000000000e+00,0.000000000000000000e+00,1.000000000000000000e+00
9.631069670774253799e-01,1.085724448524414548e-01,2.462458003412174301e-01,-1.096239624023437470e-01,1.114494869349457323e-01,-9.937675166417322403e-01,2.265994188360783909e-03,-1.444454040527343719e-01,2.449571020175992098e-01,2.526157331774653986e-02,-9.692047622069609458e-01,1.933325805664062536e+00,0.000000000000000000e+00,0.000000000000000000e+00,0.000000000000000000e+00,1.000000000000000000e+00
9.630878530404902715e-01,1.085700343365720438e-01,2.463216088166337026e-01,-1.096268997192382799e-01,1.115384391325977970e-01,-9.937582802112847613e-01,1.912356497483006651e-03,-1.444512329101562409e-01,2.449917629670902153e-01,2.563256045862871702e-02,-9.691862606963699278e-01,1.933346679687500069e+00,0.000000000000000000e+00,0.000000000000000000e+00,0.000000000000000000e+00,1.000000000000000000e+00
9.629813606989836572e-01,1.086090451393994932e-01,2.467204374595707295e-01,-1.096242218017578207e-01,1.114443693217022496e-01,-9.937675650673869487e-01,2.485792936884509766e-03,-1.444540100097656266e-01,2.454527479838474191e-01,2.510183128667937275e-02,-9.690835085653006775e-01,1.933339355468750131e+00,0.000000000000000000e+00,0.000000000000000000e+00,0.000000000000000000e+00,1.000000000000000000e+00
9.629867552514339568e-01,1.087004989176363345e-01,2.466590982416261568e-01,-1.096254959106445354e-01,1.114045750725229378e-01,-9.937705800792080435e-01,3.009123118978032987e-03,-1.444409027099609333e-01,2.454496483257326556e-01,2.458120631888331686e-02,-9.690976392669021777e-01,1.933349243164062647e+00,0.000000000000000000e+00,0.000000000000000000e+00,0.000000000000000000e+00,1.000000000000000000e+00
9.631271045121141405e-01,1.088443987682453096e-01,2.460469008357765719e-01,-1.096151657104492277e-01,1.114564105272485839e-01,-9.937637499426832388e-01,3.328340763423785070e-03,-1.444498291015625102e-01,2.448747620856275842e-01,2.421788918620354503e-02,-9.692522090441022531e-01,1.933308593750000082e+00,0.000000000000000000e+00,0.000000000000000000e+00,0.000000000000000000e+00,1.000000000000000000e+00
9.630613928270408408e-01,1.083768990932476861e-01,2.465100431807442649e-01,-1.096283035278320384e-01,1.114858303450162735e-01,-9.937651027973257722e-01,1.352809854735325876e-03,-1.444394683837890714e-01,2.451196917392045038e-01,2.617953790945953818e-02,-9.691392926285287146e-01,1.933362060546875094e+00,0.000000000000000000e+00,0.000000000000000000e+00,0.000000000000000000e+00,1.000000000000000000e+00
9.631352859667536848e-01,1.087972518070515482e-01,2.460357269279657977e-01,-1.096288375854492236e-01,1.115310647477614214e-01,-9.937568924165629536e-01,2.839079218078879169e-03,-1.444536743164062664e-01,2.448085834319748411e-01,2.470620921567883224e-02,-9.692566020947295247e-01,1.933344238281250016e+00,0.000000000000000000e+00,0.000000000000000000e+00,0.000000000000000000e+00,1.000000000000000000e+00
9.630609310724694838e-01,1.085599810742808174e-01,2.464312755130325383e-01,-1.096348876953125023e-01,1.114494195843859087e-01,-9.937675940606861547e-01,2.235144098044991937e-03,-1.444417266845703096e-01,2.451380629688744428e-01,2.531204266722301977e-02,-9.691576912865526028e-01,1.933369140624999982e+00,0.000000000000000000e+00,0.000000000000000000e+00,0.000000000000000000e+00,1.000000000000000000e+00
9.632034897022372366e-01,1.086613531035015012e-01,2.458286959798407223e-01,-1.096379394531249996e-01,1.115514410756165697e-01,-9.937562674209634572e-01,2.181044591082226605e-03,-1.444497375488281166e-01,2.445308025983353450e-01,2.532175553296426435e-02,-9.693108352212633783e-01,1.933364379882812623e+00,0.000000000000000000e+00,0.000000000000000000e+00,0.000000000000000000e+00,1.000000000000000000e+00
9.630218317908527670e-01,1.089786380382792991e-01,2.463992856026819001e-01,-1.096279449462890659e-01,1.114419697062520725e-01,-9.937630183435024467e-01,3.968722817507359599e-03,-1.444456329345703283e-01,2.452950037856072851e-01,2.363725500419013720e-02,-9.691602763700570833e-01,1.933336791992187553e+00,0.000000000000000000e+00,0.000000000000000000e+00,0.000000000000000000e+00,1.000000000000000000e+00
9.629837280528565913e-01,1.087107177830231863e-01,2.466664130856126291e-01,-1.096306991577148393e-01,1.114168923737502148e-01,-9.937692180690471666e-01,3.002883982282810241e-03,-1.444504547119140614e-01,2.454559341291188967e-01,2.459107678680980125e-02,-9.690957967834072928e-01,1.933350097656250099e+00,0.000000000000000000e+00,0.000000000000000000e+00,0.000000000000000000e+00,1.000000000000000000e+00
9.631936838192997064e-01,1.087061889406797793e-01,2.458472939379254263e-01,-1.096397476196289134e-01,1.115313419568448733e-01,-9.937579064758738090e-01,2.446033113909871354e-03,-1.444620513916015647e-01,2.445785910743473179e-01,2.506367496362486499e-02,-9.693054858946200669e-01,1.933378295898437571e+00,0.000000000000000000e+00,0.000000000000000000e+00,0.000000000000000000e+00,1.000000000000000000e+00
9.632757929540050057e-01,1.090213051522923998e-01,2.453856184288794318e-01,-1.096275711059570279e-01,1.115142769431718833e-01,-9.937557357401862745e-01,3.755492154534564864e-03,-1.444612579345703196e-01,2.442627944380282023e-01,2.374642512825773585e-02,-9.694182763631773447e-01,1.933323608398437532e+00,0.000000000000000000e+00,0.000000000000000000e+00,0.000000000000000000e+00,1.000000000000000000e+00
9.631967012981481613e-01,1.086370881363600688e-01,2.458660157273039049e-01,-1.096279602050781316e-01,1.114991149039343404e-01,-9.937618872972211470e-01,2.293192339181789746e-03,-1.444783172607422006e-01,2.445814015496790839e-01,2.520504784200909912e-02,-9.693011108934503905e-01,1.933314941406250043e+00,0.000000000000000000e+00,0.000000000000000000e+00,0.000000000000000000e+00,1.000000000000000000e+00
9.631303442668942560e-01,1.087036297191328604e-01,2.460964462120897034e-01,-1.096333847045898452e-01,1.115078966845889641e-01,-9.937602640249750818e-01,2.554725423833750092e-03,-1.444447326660156239e-01,2.448385772898407642e-01,2.498116352169780716e-02,-9.692419783210947104e-01,1.933341796874999963e+00,0.000000000000000000e+00,0.000000000000000000e+00,0.000000000000000000e+00,1.000000000000000000e+00
9.631657235497762537e-01,1.085960804008124919e-01,2.460054477047540211e-01,-1.096302108764648509e-01,1.114738213175768405e-01,-9.937648448251100719e-01,2.240613885054131352e-03,-1.444432678222656308e-01,2.447148874500550964e-01,2.526508482679640233e-02,-9.692658558666976676e-01,1.933360351562499968e+00,0.000000000000000000e+00,0.000000000000000000e+00,0.000000000000000000e+00,1.000000000000000000e+00
9.630598570773546419e-01,1.087295248112991192e-01,2.463607154569388558e-01,-1.096367874145507820e-01,1.114121152982038704e-01,-9.937695582378519576e-01,3.066868847011365931e-03,-1.444691467285156294e-01,2.451592385591973289e-01,2.449399016195871054e-02,-9.691733550789666252e-01,1.933380859375000149e+00,0.000000000000000000e+00,0.000000000000000000e+00,0.000000000000000000e+00,1.000000000000000000e+00
9.630922206915421002e-01,1.085836213154737495e-01,2.462985416632668123e-01,-1.096311111450195275e-01,1.113744840370133049e-01,-9.937750710771561247e-01,2.613888115903991241e-03,-1.444461059570312511e-01,2.450491761849512007e-01,2.491395768662995475e-02,-9.691904848704747666e-01,1.933337158203125128e+00,0.000000000000000000e+00,0.000000000000000000e+00,0.000000000000000000e+00,1.000000000000000000e+00
