T00,T01,T02,T03,T10,T11,T12,T13,T20,T21,T22,T23,T30,T31,T32,T33
5.160107463838089492e-01,8.526848347948422502e-01,-8.161790322788851915e-02,8.479892606184713522e-02,-8.482353202792339841e-01,5.219269597513918058e-01,8.993936910749689151e-02,-2.459777939522214962e-01,1.192885201819934987e-01,2.282150730257916788e-02,9.925973139985965199e-01,-7.153739219886490197e-02,0.000000000000000000e+00,0.000000000000000000e+00,0.000000000000000000e+00,1.000000000000000000e+00
5.160161485973241424e-01,8.526501082918237495e-01,-8.194587980323236875e-02,8.489881857085179728e-02,-8.484639397856149623e-01,5.219204621498301222e-01,8.779506861310878985e-02,-2.458758073591457149e-01,1.176277062186327493e-01,2.422445085547477589e-02,9.927622568926026680e-01,-7.184406415048560923e-02,0.000000000000000000e+00,0.000000000000000000e+00,0.000000000000000000e+00,1.000000000000000000e+00
5.160673841091643066e-01,8.525554407290554249e-01,-8.260554183594734368e-02,8.484120332004646547e-02,-8.483250966749675825e-01,5.220617567393538438e-01,8.829525752625018431e-02,-2.459154873022488252e-01,1.184017964818585289e-01,2.451005168305117610e-02,9.926632218211586256e-01,-7.173112444212637051e-02,0.000000000000000000e+00,0.000000000000000000e+00,0.000000000000000000e+00,1.000000000000000000e+00
5.159936165882276216e-01,8.526595203142023349e-01,-8.198981679303518622e-02,8.483042239525534489e-02,-8.484381437215685606e-01,5.219106957964914084e-01,8.810188358668216702e-02,-2.459421303964921257e-01,1.179122721284779629e-01,2.410327842382712499e-02,9.927314481020147463e-01,-7.169531621098657048e-02,0.000000000000000000e+00,0.000000000000000000e+00,0.000000000000000000e+00,1.000000000000000000e+00
5.160243225624197017e-01,8.526843213706691849e-01,-8.153739395294268277e-02,8.483850318987512518e-02,-8.483686337050628801e-01,5.219045040439477257e-01,8.880512374883517412e-02,-2.459543571534023310e-01,1.182774698300603500e-01,2.334816368116492818e-02,9.927060508445170184e-01,-7.163314739183324065e-02,0.000000000000000000e+00,0.000000000000000000e+00,0.000000000000000000e+00,1.000000000000000000e+00
5.160238180434301158e-01,8.526795772961464071e-01,-8.159018123491416918e-02,8.481834467886423257e-02,-8.484086769756020718e-01,5.219015954293035886e-01,8.843891406420736900e-02,-2.459042895299681231e-01,1.179921016186662869e-01,2.358523161668601986e-02,9.927344059743258287e-01,-7.177238276899289282e-02,0.000000000000000000e+00,0.000000000000000000e+00,0.000000000000000000e+00,1.000000000000000000e+00
5.160081929762548869e-01,8.526790062688184291e-01,-8.169490222651956679e-02,8.482047097396844260e-02,-8.483780171362703681e-01,5.219049485312305947e-01,8.871282172574521119e-02,-2.459645917257843317e-01,1.182805344142068837e-01,2.353161632854972041e-02,9.927013539890311433e-01,-7.154597333626178113e-02,0.000000000000000000e+00,0.000000000000000000e+00,0.000000000000000000e+00,1.000000000000000000e+00
5.158129008584511066e-01,8.527234094662684560e-01,-8.246113179075778565e-02,8.486471053533806153e-02,-8.483738573516902415e-01,5.218153278885917512e-01,8.927800256914179833e-02,-2.459594484883205201e-01,1.191589252645554875e-01,2.390712297087399518e-02,9.925873261336011222e-01,-7.148743519751477038e-02,0.000000000000000000e+00,0.000000000000000000e+00,0.000000000000000000e+00,1.000000000000000000e+00
5.159112234710476752e-01,8.526787458546851717e-01,-8.230775093688269539e-02,8.485302183616999505e-02,-8.483373865281622628e-01,5.218923497098009179e-01,8.917428964085009901e-02,-2.459601946592183952e-01,1.189928069892212947e-01,2.381872545003341224e-02,9.926093794654379243e-01,-7.151949486106823350e-02,0.000000000000000000e+00,0.000000000000000000e+00,0.000000000000000000e+00,1.000000000000000000e+00
5.159152484692123286e-01,8.526395539287505709e-01,-8.268765006415750018e-02,8.481935487767716664e-02,-8.482535984345396241e-01,5.219524527798324876e-01,8.961846785106199198e-02,-2.459667243665129566e-01,1.195712722178950277e-01,2.390456260420682766e-02,9.925377991527053467e-01,-7.153845392475011167e-02,0.000000000000000000e+00,0.000000000000000000e+00,0.000000000000000000e+00,1.000000000000000000e+00
5.158728936664155329e-01,8.527623044504492045e-01,-8.167992218776107261e-02,8.483397311804236063e-02,-8.484978051911310493e-01,5.217613797275623133e-01,8.841118261070861351e-02,-2.459109368020418740e-01,1.180111527190234877e-01,2.369630209864150017e-02,9.927294964393760246e-01,-7.173606000793331106e-02,0.000000000000000000e+00,0.000000000000000000e+00,0.000000000000000000e+00,1.000000000000000000e+00
5.159754454146441294e-01,8.527287325131781559e-01,-8.138211397861586094e-02,8.484148200799451756e-02,-8.483946632607722860e-01,5.218404550635740158e-01,8.893275442536913156e-02,-2.459266801601965036e-01,1.183039943526872917e-01,2.315703360775658859e-02,9.927073671101109831e-01,-7.173937154477250111e-02,0.000000000000000000e+00,0.000000000000000000e+00,0.000000000000000000e+00,1.000000000000000000e+00
5.159192202832389995e-01,8.526825984565110650e-01,-8.221766496190131834e-02,8.486825693680721816e-02,-8.483723004637319098e-01,5.218829098376059905e-01,8.889695284602841530e-02,-2.459338322377446207e-01,1.187088789779878611e-01,2.388754296460574716e-02,9.926417215405082262e-01,-7.167358673251489343e-02,0.000000000000000000e+00,0.000000000000000000e+00,0.000000000000000000e+00,1.000000000000000000e+00
5.159146894899345748e-01,8.526695075721703043e-01,-8.238169714892509821e-02,8.488274262083256305e-02,-8.483710325185819245e-01,5.218963129529884393e-01,8.883034227915345693e-02,-2.459404651394019869e-01,1.187376282054668497e-01,2.406136701663265376e-02,9.926340847791956801e-01,-7.157915464209430034e-02,0.000000000000000000e+00,0.000000000000000000e+00,0.000000000000000000e+00,1.000000000000000000e+00
5.159162134682303558e-01,8.526850688850011739e-01,-8.221091157008461603e-02,8.483633090170261681e-02,-8.483414572577088197e-01,5.218857627227208029e-01,8.917411376173645099e-02,-2.459775416396304537e-01,1.189421396245689266e-01,2.373655341250992951e-02,9.926174204866771156e-01,-7.152298651331401302e-02,0.000000000000000000e+00,0.000000000000000000e+00,0.000000000000000000e+00,1.000000000000000000e+00
5.160879432389088306e-01,8.526531311815015446e-01,-8.146086624763060335e-02,8.482953530748282844e-02,-8.483676133126296648e-01,5.219523399832359800e-01,8.853331275998581329e-02,-2.459515670750041794e-01,1.180068960936852540e-01,2.341778538645358787e-02,9.927366114946746256e-01,-7.164308987007794727e-02,0.000000000000000000e+00,0.000000000000000000e+00,0.000000000000000000e+00,1.000000000000000000e+00
5.159966831934758025e-01,8.526224846611035746e-01,-8.235485160971607599e-02,8.482416252451524530e-02,-8.483291133992455491e-01,5.219734210799074070e-01,8.877760441343271469e-02,-2.459284717248957919e-01,1.186808252944931558e-01,2.405506883100311244e-02,9.926410304691993813e-01,-7.166768859315975071e-02,0.000000000000000000e+00,0.000000000000000000e+00,0.000000000000000000e+00,1.000000000000000000e+00
5.159441201488476070e-01,8.527129635925057016e-01,-8.174513199645477846e-02,8.486138536190807047e-02,-8.483323531003399420e-01,5.218631815147107833e-01,8.939260854558708780e-02,-2.459814191322748089e-01,1.188860108131821747e-01,2.322544941718707873e-02,9.926362349482804603e-01,-7.143036109560818581e-02,0.000000000000000000e+00,0.000000000000000000e+00,0.000000000000000000e+00,1.000000000000000000e+00
5.161365996810821644e-01,8.526697485018089884e-01,-8.097722185597623634e-02,8.481778514361354437e-02,-8.484239214035430576e-01,5.219335966666515114e-01,8.810317962961142224e-02,-2.459026680306956314e-01,1.173876486683535364e-01,2.322973655629283901e-02,9.928144435289205649e-01,-7.175991633705991468e-02,0.000000000000000000e+00,0.000000000000000000e+00,0.000000000000000000e+00,1.000000000000000000e+00
5.160142818415417443e-01,8.526979511750033547e-01,-8.145836358232096119e-02,8.482503715371236819e-02,-8.482865646733120935e-01,5.219034367917630979e-01,8.959189059115189868e-02,-2.459584896797274711e-01,1.189082214580165914e-01,2.286934032493745383e-02,9.926418428329493171e-01,-7.159761745827486479e-02,0.000000000000000000e+00,0.000000000000000000e+00,0.000000000000000000e+00,1.000000000000000000e+00
5.159701401319312097e-01,8.526449887427580698e-01,-8.228813805219874211e-02,8.483517894065006892e-02,-8.483111633558857445e-01,5.219469455257528256e-01,8.910418723113334993e-02,-2.459485988773944809e-01,1.189242810279688839e-01,2.383084614946075208e-02,9.926173009542911263e-01,-7.155992590530679820e-02,0.000000000000000000e+00,0.000000000000000000e+00,0.000000000000000000e+00,1.000000000000000000e+00
5.159306792369647843e-01,8.526607581424050508e-01,-8.237211752834466827e-02,8.484125284319082860e-02,-8.483300087419594071e-01,5.219175264448562279e-01,8.909709230693360626e-02,-2.459246478443956330e-01,1.189610461031324617e-01,2.391081583095953228e-02,9.926109723332433576e-01,-7.167622289218567033e-02,0.000000000000000000e+00,0.000000000000000000e+00,0.000000000000000000e+00,1.000000000000000000e+00
5.161013797320969099e-01,8.527105445191844879e-01,-8.077185836924730133e-02,8.483492342843901302e-02,-8.484346998544010088e-01,5.218794269914701633e-01,8.832000773339573896e-02,-2.458718945220211283e-01,1.174645730490614381e-01,2.294756956303951184e-02,9.928119072259110611e-01,-7.188834661994913944e-02,0.000000000000000000e+00,0.000000000000000000e+00,0.000000000000000000e+00,1.000000000000000000e+00
5.161029876609591893e-01,8.526150854726809447e-01,-8.176320781283707984e-02,8.482984227478862493e-02,-8.484264806895495115e-01,5.219848427023452420e-01,8.777431773448210461e-02,-2.458721473313567052e-01,1.175168625865146421e-01,2.406948303186510346e-02,9.927791531828221716e-01,-7.190976299924733972e-02,0.000000000000000000e+00,0.000000000000000000e+00,0.000000000000000000e+00,1.000000000000000000e+00
5.161391446770620117e-01,8.526844788709508904e-01,-8.080571034652386797e-02,8.483044590790017603e-02,-8.484871158610414188e-01,5.219055883627625736e-01,8.765940367998723004e-02,-2.458625492359510778e-01,1.169187647464817181e-01,2.331815447873483022e-02,9.928676981964230652e-01,-7.196031284868942279e-02,0.000000000000000000e+00,0.000000000000000000e+00,0.000000000000000000e+00,1.000000000000000000e+00
5.162155796231074900e-01,8.526141781106812978e-01,-8.105885910267160432e-02,8.479610527034997514e-02,-8.482990004012831431e-01,5.220356776908703367e-01,8.869925104541531713e-02,-2.459350640335959959e-01,1.179418554736317015e-01,2.297421385992019088e-02,9.927547049623868247e-01,-7.173653286071890456e-02,0.000000000000000000e+00,0.000000000000000000e+00,0.000000000000000000e+00,1.000000000000000000e+00
5.159965831252644186e-01,8.526565586444506684e-01,-8.200194634064826571e-02,8.483094112397820963e-02,-8.483080735567943842e-01,5.219407249579982588e-01,8.917001720690301281e-02,-2.459560984439461695e-01,1.188315553269092134e-01,2.355148893215996964e-02,9.926350733414903704e-01,-7.160474895663182515e-02,0.000000000000000000e+00,0.000000000000000000e+00,0.000000000000000000e+00,1.000000000000000000e+00
5.162034882504413780e-01,8.526364745260600619e-01,-8.090118062085485673e-02,8.482555788515461215e-02,-8.483318030658976161e-01,5.220023108385687394e-01,8.858182311376150420e-02,-2.459182779781566852e-01,1.177586966004633140e-01,2.290479833934241233e-02,9.927780515241030335e-01,-7.177145016005304079e-02,0.000000000000000000e+00,0.000000000000000000e+00,0.000000000000000000e+00,1.000000000000000000e+00
5.159887252357686638e-01,8.526235425969508341e-01,-8.239374999957134460e-02,8.483615545649036971e-02,-8.483455255532068584e-01,5.219672059712336942e-01,8.865723413482355653e-02,-2.459167815458138118e-01,1.185980805216491768e-01,2.415223592152920817e-02,9.926485605674201240e-01,-7.170837958004572243e-02,0.000000000000000000e+00,0.000000000000000000e+00,0.000000000000000000e+00,1.000000000000000000e+00
5.161172959290546425e-01,8.526341688861431845e-01,-8.147337534874235510e-02,8.479312241118386329e-02,-8.482803194497690047e-01,5.219964885325549808e-01,8.910760682388740861e-02,-2.459704129173968246e-01,1.185050061266567645e-01,2.312228378682794350e-02,9.926842013024096412e-01,-7.160043589744580217e-02,0.000000000000000000e+00,0.000000000000000000e+00,0.000000000000000000e+00,1.000000000000000000e+00
5.160409526511253731e-01,8.526139999150740278e-01,-8.216509195355976847e-02,8.481891850349010387e-02,-8.483404167051281641e-01,5.219899486553480905e-01,8.857217896922489619e-02,-2.459073844923381769e-01,1.184072319222452679e-01,2.399709673283328959e-02,9.926751063549980048e-01,-7.170955323768235523e-02,0.000000000000000000e+00,0.000000000000000000e+00,0.000000000000000000e+00,1.000000000000000000e+00
5.159588442519417173e-01,8.526651743855017118e-01,-8.214968915548057082e-02,8.483011548833080395e-02,-8.483367370412761010e-01,5.219175095477310844e-01,8.903310515563594985e-02,-2.459396193392930918e-01,1.187907893077617405e-01,2.375318121085196604e-02,9.926351468480263396e-01,-7.167825408402017651e-02,0.000000000000000000e+00,0.000000000000000000e+00,0.000000000000000000e+00,1.000000000000000000e+00
5.159223234422896098e-01,8.526617308041720689e-01,-8.241437372172144560e-02,8.482741557941358979e-02,-8.483322176446476126e-01,5.219142129639647854e-01,8.909547021212646523e-02,-2.458638547516792672e-01,1.189815308357735912e-01,2.394842642511911535e-02,9.926076103837492282e-01,-7.190102206235171600e-02,0.000000000000000000e+00,0.000000000000000000e+00,0.000000000000000000e+00,1.000000000000000000e+00
5.160522838402800128e-01,8.527985533204491819e-01,-8.015402546210963208e-02,8.480966293122704780e-02,-8.482874442449412911e-01,5.217992453782637208e-01,9.018846633057131523e-02,-2.459639865549707038e-01,1.187369036130601768e-01,2.145168937925338859e-02,9.926939975355746348e-01,-7.159209764949392429e-02,0.000000000000000000e+00,0.000000000000000000e+00,0.000000000000000000e+00,1.000000000000000000e+00
5.158693855436797815e-01,8.527145167383477498e-01,-8.219933091255932078e-02,8.490421290258881593e-02,-8.482904179220792651e-01,5.218537082808309968e-01,8.984472168764065514e-02,-2.459518713211160945e-01,1.195079240902900686e-01,2.338076340138412618e-02,9.925579056067197481e-01,-7.157293767013417352e-02,0.000000000000000000e+00,0.000000000000000000e+00,0.000000000000000000e+00,1.000000000000000000e+00
5.159598972399180861e-01,8.527123034127609413e-01,-8.165238544388554731e-02,8.489785156272189326e-02,-8.483207292574089786e-01,5.218695340419271522e-01,8.946580213153948469e-02,-2.459825411035197751e-01,1.189004825572677199e-01,2.310664509108807663e-02,9.926372742347949751e-01,-7.145984129853788502e-02,0.000000000000000000e+00,0.000000000000000000e+00,0.000000000000000000e+00,1.000000000000000000e+00
5.157797687729086533e-01,8.526967461791259417e-01,-8.294268611575141004e-02,8.490398491607947795e-02,-8.482919290529307155e-01,5.218534348066343753e-01,8.983204152291747457e-02,-2.459643759252061745e-01,1.198834151508132856e-01,2.402606160087379650e-02,9.924972116513620657e-01,-7.152084066640829185e-02,0.000000000000000000e+00,0.000000000000000000e+00,0.000000000000000000e+00,1.000000000000000000e+00
5.157784000833200988e-01,8.527131661368801963e-01,-8.278223423119153435e-02,8.486701257990986180e-02,-8.482797083898191426e-01,5.218377530566052913e-01,9.003830195487273758e-02,-2.459958341448541808e-01,1.199757406377385677e-01,2.378267818498973341e-02,9.924919172853626792e-01,-7.144634787576253920e-02,0.000000000000000000e+00,0.000000000000000000e+00,0.000000000000000000e+00,1.000000000000000000e+00
5.160718639267404262e-01,8.527237813284200829e-01,-8.082069054481538783e-02,8.481853781994885821e-02,-8.483890421336763854e-01,5.218674967930244657e-01,8.882763634413440301e-02,-2.459177289739588879e-01,1.179231294135425490e-01,2.272594437957409230e-02,9.927626438385832586e-01,-7.170052101861257299e-02,0.000000000000000000e+00,0.000000000000000000e+00,0.000000000000000000e+00,1.000000000000000000e+00
5.159712669895187842e-01,8.526997285010772254e-01,-8.171183913864521475e-02,8.483144987904045475e-02,-8.484133946268394011e-01,5.218674220648603646e-01,8.859517822737217330e-02,-2.459028936485473382e-01,1.181878312644481233e-01,2.361285246568076840e-02,9.927104662183432460e-01,-7.175423793688184837e-02,0.000000000000000000e+00,0.000000000000000000e+00,0.000000000000000000e+00,1.000000000000000000e+00
5.159587245897121477e-01,8.526532120373042645e-01,-8.227450712235184760e-02,8.486107464926012645e-02,-8.481880295875012798e-01,5.219598116635301155e-01,9.019435388451144120e-02,-2.459802421431232233e-01,1.198484917895505097e-01,2.324768828594479114e-02,9.925199665523761761e-01,-7.149798517027683431e-02,0.000000000000000000e+00,0.000000000000000000e+00,0.000000000000000000e+00,1.000000000000000000e+00
5.159449044286443797e-01,8.528133574705617503e-01,-8.068601436373372404e-02,8.483427843126412071e-02,-8.485578226091085030e-01,5.217094945663330874e-01,8.814093809479178754e-02,-2.458601351946737568e-01,1.172624291194997587e-01,2.299088078192873530e-02,9.928348010207264096e-01,-7.189203618306572174e-02,0.000000000000000000e+00,0.000000000000000000e+00,0.000000000000000000e+00,1.000000000000000000e+00
5.160203412902927278e-01,8.527602209566200742e-01,-8.076517150769105258e-02,8.477915344044284485e-02,-8.481454098300975630e-01,5.218615130272561409e-01,9.115879005910140775e-02,-2.460349582668949486e-01,1.198848245558469250e-01,2.146081953048108865e-02,9.925558231486500960e-01,-7.134182018097012801e-02,0.000000000000000000e+00,0.000000000000000000e+00,0.000000000000000000e+00,1.000000000000000000e+00
5.162306248499710648e-01,8.527298088117577501e-01,-7.973590866649438169e-02,8.478759009453817885e-02,-8.483152012608127235e-01,5.219077641605398554e-01,8.929504476046337680e-02,-2.459522670828669932e-01,1.177593362618663819e-01,2.154434665543081967e-02,9.928084305898874362e-01,-7.163150116308036885e-02,0.000000000000000000e+00,0.000000000000000000e+00,0.000000000000000000e+00,1.000000000000000000e+00
5.161352681352250338e-01,8.526411715781299083e-01,-8.128602288741791637e-02,8.480274228377920887e-02,-8.483301425944171914e-01,5.219829307641834504e-01,8.871183211144936798e-02,-2.459447076658723419e-01,1.180692769212874221e-01,2.317007813340629663e-02,9.927350065987280425e-01,-7.167006801217512546e-02,0.000000000000000000e+00,0.000000000000000000e+00,0.000000000000000000e+00,1.000000000000000000e+00
5.160961923807420026e-01,8.526199348670365774e-01,-8.175553117331410546e-02,8.482221712566750949e-02,-8.483836646503769563e-01,5.219868534265608151e-01,8.817529361581376290e-02,-2.459638418806312510e-01,1.178553255669722855e-01,2.385312384507891348e-02,9.927442524227145793e-01,-7.156578368401089740e-02,0.000000000000000000e+00,0.000000000000000000e+00,0.000000000000000000e+00,1.000000000000000000e+00
5.160286414046718617e-01,8.526563465710650380e-01,-8.180217541198293862e-02,8.484151628409586365e-02,-8.483809129443715680e-01,5.219333626524077507e-01,8.851774681963711644e-02,-2.459254602444933546e-01,1.181705030949926211e-01,2.372171162531364064e-02,9.927099337650662214e-01,-7.166016301999178495e-02,0.000000000000000000e+00,0.000000000000000000e+00,0.000000000000000000e+00,1.000000000000000000e+00
5.157315237814871223e-01,8.527176251592990530e-01,-8.302798998356406002e-02,8.486798564295139347e-02,-8.484308686671327981e-01,5.217921074157108041e-01,8.887101738703245823e-02,-2.459218941469798747e-01,1.191052327597754978e-01,2.460992444841597626e-02,9.925765940963364731e-01,-7.163513093295947876e-02,0.000000000000000000e+00,0.000000000000000000e+00,0.000000000000000000e+00,1.000000000000000000e+00
5.160198858497939689e-01,8.527989370642624634e-01,-8.035826248513376624e-02,8.481480943504493553e-02,-8.484118024057797358e-01,5.217692394257803512e-01,8.918673851878855530e-02,-2.459171222127386203e-01,1.179868253074966705e-01,2.215476768342839603e-02,9.927679866528490438e-01,-7.173658816607408895e-02,0.000000000000000000e+00,0.000000000000000000e+00,0.000000000000000000e+00,1.000000000000000000e+00
5.161995472726953471e-01,8.526068292025409390e-01,-8.123805876960563110e-02,8.478393088999153226e-02,-8.483406128609208841e-01,5.220320817778698608e-01,8.832162909175084176e-02,-2.459120876618142437e-01,1.177124970690107408e-01,2.332595961269005869e-02,9.927737242906490289e-01,-7.178415478318322940e-02,0.000000000000000000e+00,0.000000000000000000e+00,0.000000000000000000e+00,1.000000000000000000e+00
5.161849208970739067e-01,8.527372167232847300e-01,-7.995227735035184691e-02,8.482158252168853219e-02,-8.485598077076059731e-01,5.218436632000907904e-01,8.732378783092908936e-02,-2.458695845779420019e-01,1.161868330823783435e-01,2.276906658025875524e-02,9.929663586574075662e-01,-7.188745378451688595e-02,0.000000000000000000e+00,0.000000000000000000e+00,0.000000000000000000e+00,1.000000000000000000e+00
5.161891531685515178e-01,8.526613137853549240e-01,-8.073067648029663701e-02,8.479833123837637876e-02,-8.485378399227883062e-01,5.219313110939607370e-01,8.701287674193783350e-02,-2.459018408695547719e-01,1.163283816198874554e-01,2.358793067591592046e-02,9.929306708708953710e-01,-7.178608338045200377e-02,0.000000000000000000e+00,0.000000000000000000e+00,0.000000000000000000e+00,1.000000000000000000e+00
5.160597050245778750e-01,8.527228168410029285e-01,-8.090845746083205614e-02,8.480814300722533394e-02,-8.485061810500130752e-01,5.218430032003393837e-01,8.784725795819300909e-02,-2.459136647091571259e-01,1.171308736835360576e-01,2.331689622561495395e-02,9.928427271126760711e-01,-7.176400350130385242e-02,0.000000000000000000e+00,0.000000000000000000e+00,0.000000000000000000e+00,1.000000000000000000e+00
5.160564997547725241e-01,8.527842307567730096e-01,-8.027916811621566007e-02,8.480614966376415209e-02,-8.482856060920542784e-01,5.218165332043935845e-01,9.010569444593513611e-02,-2.460017500415415115e-01,1.187317125198179557e-01,2.160003349828759633e-02,9.926914016928847229e-01,-7.150189798035744282e-02,0.000000000000000000e+00,0.000000000000000000e+00,0.000000000000000000e+00,1.000000000000000000e+00
5.160734625116423224e-01,8.527568359785447916e-01,-8.046092208709590410e-02,8.481140700367745255e-02,-8.484626932753062123e-01,5.218173101719658646e-01,8.841805768567895241e-02,-2.459495407094386132e-01,1.173850050528525424e-01,2.263787747902950426e-02,9.928284278222427872e-01,-7.169794871815282633e-02,0.000000000000000000e+00,0.000000000000000000e+00,0.000000000000000000e+00,1.000000000000000000e+00
5.160092551622310619e-01,8.525739255605974121e-01,-8.277771464054921313e-02,8.488220461730144883e-02,-8.485863727554144864e-01,5.219733321100810119e-01,8.628446291023503245e-02,-2.458345775390050614e-01,1.167716427936517781e-01,2.572045917342288823e-02,9.928256853139829641e-01,-7.200444937550143365e-02,0.000000000000000000e+00,0.000000000000000000e+00,0.000000000000000000e+00,1.000000000000000000e+00
5.160007432328406196e-01,8.527319691413087765e-01,-8.118757163225416573e-02,8.485966590465637838e-02,-8.485703785252686204e-01,5.218073612472458045e-01,8.743792333804006889e-02,-2.458538503076799220e-01,1.169253850651719856e-01,2.377533496236445415e-02,9.928560760627840320e-01,-7.191185592552384875e-02,0.000000000000000000e+00,0.000000000000000000e+00,0.000000000000000000e+00,1.000000000000000000e+00
5.159453696442616311e-01,8.527310723886289967e-01,-8.154810681790872207e-02,8.481842982780929407e-02,-8.484384427478068869e-01,5.218228085930816107e-01,8.861808675267383861e-02,-2.458996779400607346e-01,1.181210582848058743e-01,2.346645723084275770e-02,9.927218850084400525e-01,-7.178460195214042550e-02,0.000000000000000000e+00,0.000000000000000000e+00,0.000000000000000000e+00,1.000000000000000000e+00
5.157353584616494180e-01,8.527190762982121974e-01,-8.298925803715812011e-02,8.491707931834185930e-02,-8.484266501822153028e-01,5.217922715877227891e-01,8.891031757849840456e-02,-2.459445726738285765e-01,1.191186773475062521e-01,2.455610369028757983e-02,9.925763136799773401e-01,-7.154442928998805407e-02,0.000000000000000000e+00,0.000000000000000000e+00,0.000000000000000000e+00,1.000000000000000000e+00
5.159837550313622900e-01,8.527202600167451685e-01,-8.141819637347544325e-02,8.487618632271287655e-02,-8.484842618483403598e-01,5.218336971782425726e-01,8.811384615917834673e-02,-2.459124626513697898e-01,1.176232202390849191e-01,2.361674503950292325e-02,9.927774309553613064e-01,-7.168459336753785216e-02,0.000000000000000000e+00,0.000000000000000000e+00,0.000000000000000000e+00,1.000000000000000000e+00
5.159760178351767701e-01,8.527074175866353745e-01,-8.160152579262863748e-02,8.484734711517555317e-02,-8.482877109872843935e-01,5.218847087969489262e-01,8.969007811278387199e-02,-2.459956402524935970e-01,1.190659834163682318e-01,2.294364218373862868e-02,9.926212172205658435e-01,-7.138910070072901348e-02,0.000000000000000000e+00,0.000000000000000000e+00,0.000000000000000000e+00,1.000000000000000000e+00
5.160200048379480764e-01,8.526805154789448560e-01,-8.160449209207154553e-02,8.484049358970968679e-02,-8.484617610893158135e-01,5.218890696165636722e-01,8.800249419178003685e-02,-2.458942260901037513e-01,1.176265045653432928e-01,2.382724359464434560e-02,9.927720120382226288e-01,-7.178649811180082274e-02,0.000000000000000000e+00,0.000000000000000000e+00,0.000000000000000000e+00,1.000000000000000000e+00
5.160155065445047873e-01,8.526772374140367816e-01,-8.166716477008718889e-02,8.488665108440041074e-02,-8.484525930885347123e-01,5.218934791610292390e-01,8.806471308383206908e-02,-2.459057086025974448e-01,1.177123370210595571e-01,2.384796018871902096e-02,9.927613411630600293e-01,-7.172775478354065370e-02,0.000000000000000000e+00,0.000000000000000000e+00,0.000000000000000000e+00,1.000000000000000000e+00
5.160454020003490960e-01,8.526717640462051495e-01,-8.153530445537517102e-02,8.487029618368829853e-02,-8.484060924929326397e-01,5.219152574194856342e-01,8.838306564962272738e-02,-2.459537221630372361e-01,1.179162639128786411e-01,2.356537441002364008e-02,9.927438883386509039e-01,-7.152354202021959928e-02,0.000000000000000000e+00,0.000000000000000000e+00,0.000000000000000000e+00,1.000000000000000000e+00
5.160582083469119619e-01,8.527320054693496854e-01,-8.082111386263242381e-02,8.483381689803565218e-02,-8.484327496386512291e-01,5.218471104532012017e-01,8.852944511428172125e-02,-2.458923913490891622e-01,1.176681560082140504e-01,2.288493303170922866e-02,9.927892449567335964e-01,-7.178252150874686599e-02,0.000000000000000000e+00,0.000000000000000000e+00,0.000000000000000000e+00,1.000000000000000000e+00
5.161579830964226900e-01,8.528029804792996993e-01,-7.942300026728082996e-02,8.484313300099127764e-02,-8.483656268007514489e-01,5.218016237136670066e-01,8.943617138914773668e-02,-2.459428454447342982e-01,1.177144840230007761e-01,2.121654956405946701e-02,9.928208087443548546e-01,-7.161808180305850868e-02,0.000000000000000000e+00,0.000000000000000000e+00,0.000000000000000000e+00,1.000000000000000000e+00
5.159299078664418836e-01,8.528063439231707843e-01,-8.085585899190914083e-02,8.483434777998716259e-02,-8.483932201647867988e-01,5.217457347020969527e-01,8.950045976749315679e-02,-2.459737752589877813e-01,1.185127594284614561e-01,2.242159861748878324e-02,9.926993491324993535e-01,-7.153088989105715889e-02,0.000000000000000000e+00,0.000000000000000000e+00,0.000000000000000000e+00,1.000000000000000000e+00
5.159357999725020516e-01,8.527825800435964165e-01,-8.106862204898603042e-02,8.486647717206741159e-02,-8.482353786105112370e-01,5.218028370559055773e-01,9.065617306003237452e-02,-2.459720539222819136e-01,1.196118421403870452e-01,2.199250814698072709e-02,9.925771188200884776e-01,-7.154356155792562788e-02,0.000000000000000000e+00,0.000000000000000000e+00,0.000000000000000000e+00,1.000000000000000000e+00
5.158992921350253891e-01,8.527422239295694428e-01,-8.172282363105205782e-02,8.487801417578272334e-02,-8.483159480817474840e-01,5.218247554350468054e-01,8.977180428909492527e-02,-2.459720263617934111e-01,1.191972004903880528e-01,2.301356432206527053e-02,9.926038501096238198e-01,-7.146856213274532799e-02,0.000000000000000000e+00,0.000000000000000000e+00,0.000000000000000000e+00,1.000000000000000000e+00
5.160407685267890399e-01,8.527190261718798903e-01,-8.106902998532752869e-02,8.485900767196313810e-02,-8.484276435130123639e-01,5.218585764192822385e-01,8.851078996708285074e-02,-2.459046460534272671e-01,1.177814032062698135e-01,2.310602999481053965e-02,9.927706947914212154e-01,-7.181448246043986572e-02,0.000000000000000000e+00,0.000000000000000000e+00,0.000000000000000000e+00,1.000000000000000000e+00
5.160272938841325985e-01,8.527229594117352596e-01,-8.111341725455598062e-02,8.483773169879810228e-02,-8.484184216351792207e-01,5.218532034054061963e-01,8.863078429974277639e-02,-2.458973201804911524e-01,1.179068013165091577e-01,2.308221366352156828e-02,9.927563636742406938e-01,-7.182592645434238143e-02,0.000000000000000000e+00,0.000000000000000000e+00,0.000000000000000000e+00,1.000000000000000000e+00
5.160548287559211245e-01,8.526861768219713422e-01,-8.132464309437144323e-02,8.482139249341086318e-02,-8.483814625276746568e-01,5.219065061000931482e-01,8.867069938709962185e-02,-2.459027032319121564e-01,1.180521399937367460e-01,2.323537706006655046e-02,9.927355184014400313e-01,-7.190485334193663647e-02,0.000000000000000000e+00,0.000000000000000000e+00,0.000000000000000000e+00,1.000000000000000000e+00
5.160611701211269553e-01,8.526245669175565034e-01,-8.192811838351232723e-02,8.481171142414778430e-02,-8.484915488937458949e-01,5.219520078601954660e-01,8.733952682836587655e-02,-2.458361169882754271e-01,1.172303721273018073e-01,2.444277765230449401e-02,9.928039033321407469e-01,-7.208937395523018488e-02,0.000000000000000000e+00,0.000000000000000000e+00,0.000000000000000000e+00,1.000000000000000000e+00
5.160539471792808808e-01,8.526758728715467806e-01,-8.143819388609933874e-02,8.483244243258286632e-02,-8.484584888033325223e-01,5.219021469952320746e-01,8.795647639220421921e-02,-2.458737065621903473e-01,1.175011335189975609e-01,2.370664009329442878e-02,9.927897455338858812e-01,-7.187115767939267208e-02,0.000000000000000000e+00,0.000000000000000000e+00,0.000000000000000000e+00,1.000000000000000000e+00
5.159181936650665268e-01,8.526721640952835690e-01,-8.233224169449453178e-02,8.486130557736576430e-02,-8.483465207327899327e-01,5.218991556469935178e-01,8.904747102262487723e-02,-2.459760095157931259e-01,1.188974272469544985e-01,2.390506038522059729e-02,9.926187333926526080e-01,-7.149360446526209500e-02,0.000000000000000000e+00,0.000000000000000000e+00,0.000000000000000000e+00,1.000000000000000000e+00
5.160185889455906061e-01,8.526837641260190948e-01,-8.157949655694980706e-02,8.481286241783420055e-02,-8.484038217386672409e-01,5.218968921357250990e-01,8.851321504891533631e-02,-2.459066226488733908e-01,1.180498670978740866e-01,2.353789232185374281e-02,9.927286620739926848e-01,-7.177831884773566706e-02,0.000000000000000000e+00,0.000000000000000000e+00,0.000000000000000000e+00,1.000000000000000000e+00
5.159819113662634793e-01,8.526348279058191260e-01,-8.231960510614677595e-02,8.479243405235731279e-02,-8.482708903203999284e-01,5.219685542417605850e-01,8.936064580005370628e-02,-2.458900186704108815e-01,1.191602441162896986e-01,2.372084789337947780e-02,9.925916368765987929e-01,-7.180957497099482723e-02,0.000000000000000000e+00,0.000000000000000000e+00,0.000000000000000000e+00,1.000000000000000000e+00
5.159757760227203782e-01,8.527237280650730167e-01,-8.143243919075093817e-02,8.480224649715256691e-02,-8.482808323548911567e-01,5.218680143675460403e-01,8.985212874143908013e-02,-2.459492396556002547e-01,1.191160275405659386e-01,2.271605544276184691e-02,9.926204475065365518e-01,-7.158352710742454938e-02,0.000000000000000000e+00,0.000000000000000000e+00,0.000000000000000000e+00,1.000000000000000000e+00
5.160442961502997861e-01,8.527726895066835011e-01,-8.047996298632097145e-02,8.481127192707466067e-02,-8.483767260717941516e-01,5.218100423017300038e-01,8.928163536120348187e-02,-2.459483207193760568e-01,1.181321932008623093e-01,2.220404883359419768e-02,9.927495984108730687e-01,-7.156719640299469276e-02,0.000000000000000000e+00,0.000000000000000000e+00,0.000000000000000000e+00,1.000000000000000000e+00
5.161735533891818051e-01,8.527048915791667349e-01,-8.036933904510455695e-02,8.479312381692516443e-02,-8.483522080137245736e-01,5.219167808620822635e-01,8.888984763627019725e-02,-2.459465321792053127e-01,1.177429146056086645e-01,2.229891772088154339e-02,9.927937169063136835e-01,-7.164576378316533933e-02,0.000000000000000000e+00,0.000000000000000000e+00,0.000000000000000000e+00,1.000000000000000000e+00
5.163196542276593526e-01,8.527149780077183383e-01,-7.931696501711971159e-02,8.475928921586250997e-02,-8.482062146019440085e-01,5.219620631275182498e-01,9.001012257688525975e-02,-2.460035929425355150e-01,1.181534263949697294e-01,2.080314728499928212e-02,9.927774155842624682e-01,-7.150303355786502557e-02,0.000000000000000000e+00,0.000000000000000000e+00,0.000000000000000000e+00,1.000000000000000000e+00
5.161559092148471084e-01,8.526968353908764842e-01,-8.056788626356588268e-02,8.479691793708182823e-02,-8.483923334599113852e-01,5.219142765872368805e-01,8.852082478641709606e-02,-2.459275507451561538e-01,1.175309572369798855e-01,2.266263022699811086e-02,9.928105958752422300e-01,-7.171981296384366544e-02,0.000000000000000000e+00,0.000000000000000000e+00,0.000000000000000000e+00,1.000000000000000000e+00
5.160412044911870666e-01,8.527420679034883877e-01,-8.082351696732467672e-02,8.481546285491969872e-02,-8.482749385741820136e-01,5.218624705021686072e-01,8.993992699764155607e-02,-2.459726977179123586e-01,1.188743195742996417e-01,2.214785563109430977e-02,9.926622631271381225e-01,-7.161692319718060418e-02,0.000000000000000000e+00,0.000000000000000000e+00,0.000000000000000000e+00,1.000000000000000000e+00
5.158092960382388847e-01,8.527045855582873202e-01,-8.267804961660484009e-02,8.489365618162897364e-02,-8.484314917642086229e-01,5.218231217895866747e-01,8.868276804729216534e-02,-2.459203383430424716e-01,1.187635209283390697e-01,2.440326481517509499e-02,9.926226406661617929e-01,-7.167054536144767951e-02,0.000000000000000000e+00,0.000000000000000000e+00,0.000000000000000000e+00,1.000000000000000000e+00
5.160818815962247008e-01,8.526452911304654991e-01,-8.158124172347552827e-02,8.479309943207358202e-02,-8.484330002612142652e-01,5.219463947534453974e-01,8.793978093920248873e-02,-2.458669440089259195e-01,1.175624751179330796e-01,2.383209006622025866e-02,9.927794800091412908e-01,-7.195794508365094266e-02,0.000000000000000000e+00,0.000000000000000000e+00,0.000000000000000000e+00,1.000000000000000000e+00
5.159828657167482291e-01,8.527153242081502160e-01,-8.147550642568351931e-02,8.482999886936598566e-02,-8.483412121160702757e-01,5.218671342861278539e-01,8.928539621584921648e-02,-2.459490658696710241e-01,1.186544146341334538e-01,2.304929527282584267e-02,9.926680512010332968e-01,-7.160715510380888382e-02,0.000000000000000000e+00,0.000000000000000000e+00,0.000000000000000000e+00,1.000000000000000000e+00
5.160342301601373860e-01,8.526936818021522146e-01,-8.137664479274335505e-02,8.480105125588571768e-02,-8.482842390859908210e-01,5.219127980905449160e-01,8.955937085308131318e-02,-2.460054178125265223e-01,1.188382220555993102e-01,2.281482421558719831e-02,9.926514800143482198e-01,-7.148990892485040938e-02,0.000000000000000000e+00,0.000000000000000000e+00,0.000000000000000000e+00,1.000000000000000000e+00
5.161424959119853551e-01,8.526807548266949199e-01,-8.082359965953271608e-02,8.485767719564063505e-02,-8.483873300343151014e-01,5.219300311222414557e-01,8.847587722075724026e-02,-2.459330484591957799e-01,1.176259416582607215e-01,2.290355782218932157e-02,9.927938179139178532e-01,-7.167259307875606389e-02,0.000000000000000000e+00,0.000000000000000000e+00,0.000000000000000000e+00,1.000000000000000000e+00
5.161725788642294033e-01,8.527644561378606713e-01,-7.974115108618393122e-02,8.481188422842156349e-02,-8.482443148171052716e-01,5.218697739473735497e-01,9.018603783611266189e-02,-2.460227471959837708e-01,1.185219439981912981e-01,2.108841833841411384e-02,9.927274688467493391e-01,-7.133678999235870677e-02,0.000000000000000000e+00,0.000000000000000000e+00,0.000000000000000000e+00,1.000000000000000000e+00
5.160837709644092719e-01,8.527205089205339705e-01,-8.077917437966757042e-02,8.482939965700569962e-02,-8.483356043642092947e-01,5.218838401037152464e-01,8.924102087387544846e-02,-2.459954996567041419e-01,1.182549944618276200e-01,2.247200714011394346e-02,9.927289484949695098e-01,-7.145017894017580140e-02,0.000000000000000000e+00,0.000000000000000000e+00,0.000000000000000000e+00,1.000000000000000000e+00
5.160980807057096165e-01,8.526723822595478897e-01,-8.119470194360210724e-02,8.483463420654441256e-02,-8.483606141580148918e-01,5.219349200499524555e-01,8.870291752747355707e-02,-2.459572962293401499e-01,1.180128782689367634e-01,2.310298171832528280e-02,9.927432763803559768e-01,-7.155352210888388242e-02,0.000000000000000000e+00,0.000000000000000000e+00,0.000000000000000000e+00,1.000000000000000000e+00
5.161588435432490352e-01,8.526659065649503377e-01,-8.087583083880695023e-02,8.481279978570099853e-02,-8.482845139857647654e-01,5.219696198691037292e-01,8.922499238239448016e-02,-2.459451723649984378e-01,1.182938356975151706e-01,2.255144597304034604e-02,9.927225194990262347e-01,-7.164458796304851163e-02,0.000000000000000000e+00,0.000000000000000000e+00,0.000000000000000000e+00,1.000000000000000000e+00
5.159789419616388484e-01,8.526116360698720031e-01,-8.257802062536936938e-02,8.482372180459368805e-02,-8.482503548506780122e-01,5.219971538495300489e-01,8.938851642514752949e-02,-2.459401676045081253e-01,1.193191809720742513e-01,2.392424316976798221e-02,9.925676619963533787e-01,-7.166580190504179271e-02,0.000000000000000000e+00,0.000000000000000000e+00,0.000000000000000000e+00,1.000000000000000000e+00
5.159354670485315486e-01,8.526769191962070282e-01,-8.217460259398010058e-02,8.485588441129865434e-02,-8.485081046820149853e-01,5.218647937208243937e-01,8.769910697182772830e-02,-2.458661837407839224e-01,1.176630363807948110e-01,2.447873658476677067e-02,9.927518326978124197e-01,-7.185041978765616122e-02,0.000000000000000000e+00,0.000000000000000000e+00,0.000000000000000000e+00,1.000000000000000000e+00
5.159250623640758704e-01,8.526880114514264752e-01,-8.212481446941841123e-02,8.485801695333966554e-02,-8.484176887530859856e-01,5.218691721116913707e-01,8.854373275579469071e-02,-2.459064801254668975e-01,1.183585883470067435e-01,2.399421443743850885e-02,9.926809770706971348e-01,-7.174208568940243502e-02,0.000000000000000000e+00,0.000000000000000000e+00,0.000000000000000000e+00,1.000000000000000000e+00
5.160727618210260159e-01,8.526069853829889578e-01,-8.203799718758698900e-02,8.482594237545598714e-02,-8.482156565262182202e-01,5.220293192396766591e-01,8.952982675040035976e-02,-2.459981868975351094e-01,1.191599955111426606e-01,2.338200868812804339e-02,9.925997063970415368e-01,-7.148123790828431190e-02,0.000000000000000000e+00,0.000000000000000000e+00,0.000000000000000000e+00,1.000000000000000000e+00
5.160851721405823600e-01,8.526166453448914551e-01,-8.185933775354742314e-02,8.481963353708421582e-02,-8.482896574183834693e-01,5.220068637305703696e-01,8.895780648810722169e-02,-2.459827035183236865e-01,1.185780427129207448e-01,2.353062470478905349e-02,9.926658841157861568e-01,-7.153624895720622767e-02,0.000000000000000000e+00,0.000000000000000000e+00,0.000000000000000000e+00,1.000000000000000000e+00
5.161416592143671656e-01,8.526537522605556196e-01,-8.111329348161880337e-02,8.478479838643854238e-02,-8.483560101281527599e-01,5.219654924917670469e-01,8.856695053612576030e-02,-2.459109766121776730e-01,1.178552828806650465e-01,2.309985722514728418e-02,9.927620706359083780e-01,-7.176724445048154877e-02,0.000000000000000000e+00,0.000000000000000000e+00,0.000000000000000000e+00,1.000000000000000000e+00
5.163045656841873665e-01,8.525722859985600532e-01,-8.093264236914847476e-02,8.474256832378779247e-02,-8.483438714986182294e-01,5.220916109772333336e-01,8.793762242597466527e-02,-2.458946048773707760e-01,1.172274334121444633e-01,2.325611520411361571e-02,9.928327562894037062e-01,-7.189554681923748802e-02,0.000000000000000000e+00,0.000000000000000000e+00,0.000000000000000000e+00,1.000000000000000000e+00
5.159936328917684722e-01,8.526561946305402095e-01,-8.202429258043865412e-02,8.483258272742705275e-02,-8.482679626122737737e-01,5.219484006283718891e-01,8.950603715452425113e-02,-2.459580156977356769e-01,1.191303253616699670e-01,2.339403427481318021e-02,9.926029844502644028e-01,-7.162239427743810616e-02,0.000000000000000000e+00,0.000000000000000000e+00,0.000000000000000000e+00,1.000000000000000000e+00
5.158530119627985355e-01,8.527448536177769656e-01,-8.198710067629452758e-02,8.485716903619328066e-02,-8.482264638901256815e-01,5.218292329467424384e-01,9.058762387140785466e-02,-2.459875730101645508e-01,1.200313959152440602e-01,2.281372987063819135e-02,9.925079333305237839e-01,-7.149361348163041363e-02,0.000000000000000000e+00,0.000000000000000000e+00,0.000000000000000000e+00,1.000000000000000000e+00
5.158528923036604930e-01,8.527252179117245090e-01,-8.219182586699444459e-02,8.486867454675189881e-02,-8.481842487483236548e-01,5.218589263072692663e-01,9.081156979518859029e-02,-2.460262363002111430e-01,1.203298536406917085e-01,2.286840114276594838e-02,9.924705348532940619e-01,-7.136630929618270613e-02,0.000000000000000000e+00,0.000000000000000000e+00,0.000000000000000000e+00,1.000000000000000000e+00
5.159776204451560488e-01,8.526711779706240835e-01,-8.196924702559554854e-02,8.483067250047193752e-02,-8.482903758745040657e-01,5.219242173843992028e-01,8.943461022655302406e-02,-2.459497842259381895e-01,1.190400495566410199e-01,2.338746599935567078e-02,9.926139697967593101e-01,-7.171915848774657043e-02,0.000000000000000000e+00,0.000000000000000000e+00,0.000000000000000000e+00,1.000000000000000000e+00
5.158779246949786179e-01,8.526469929732318764e-01,-8.284366110999544230e-02,8.488588752680181759e-02,-8.483258975912011390e-01,5.219216866261789933e-01,8.911186512113772329e-02,-2.459664107167583991e-01,1.192188671665906918e-01,2.430757912648677521e-02,9.925704021924715015e-01,-7.155188827348424319e-02,0.000000000000000000e+00,0.000000000000000000e+00,0.000000000000000000e+00,1.000000000000000000e+00
5.157321098673426363e-01,8.526076830959379294e-01,-8.414588271303603817e-02,8.485812066468201298e-02,-8.482948762715347701e-01,5.219378098955841372e-01,8.931251588026684063e-02,-2.459279577971310027e-01,1.200674549711161915e-01,2.531918891232341068e-02,9.924428169570180813e-01,-7.163976487169065877e-02,0.000000000000000000e+00,0.000000000000000000e+00,0.000000000000000000e+00,1.000000000000000000e+00
5.157594355460095592e-01,8.526927353716500235e-01,-8.311019004715768099e-02,8.489528014583602733e-02,-8.484380810477365475e-01,5.218233909539889970e-01,8.861812050204365132e-02,-2.458395021063700947e-01,1.189328687676203949e-01,2.480821834984086455e-02,9.925923256952022822e-01,-7.186378843947394124e-02,0.000000000000000000e+00,0.000000000000000000e+00,0.000000000000000000e+00,1.000000000000000000e+00
5.159396430700082803e-01,8.527348489219107597e-01,-8.154484743329241947e-02,8.486805302905120474e-02,-8.484598455622772706e-01,5.218132088390611267e-01,8.846957414568885902e-02,-2.459128590473599330e-01,1.179922674467677318e-01,2.354256815236839551e-02,9.927353989394968048e-01,-7.176173678556896363e-02,0.000000000000000000e+00,0.000000000000000000e+00,0.000000000000000000e+00,1.000000000000000000e+00
5.160425947345363973e-01,8.527106157765700356e-01,-8.114583268159904217e-02,8.483477940187683641e-02,-8.482051358203885894e-01,5.219107617438538682e-01,9.031724278268564443e-02,-2.460208524913668759e-01,1.193653550556584980e-01,2.222076771610806412e-02,9.926017073804295210e-01,-7.144455146303640980e-02,0.000000000000000000e+00,0.000000000000000000e+00,0.000000000000000000e+00,1.000000000000000000e+00
5.158560295283963759e-01,8.526642267911515027e-01,-8.280261559785759284e-02,8.485299044696981152e-02,-8.483415756323784418e-01,5.218951488168874775e-01,8.911803798879824878e-02,-2.459241689696924360e-01,1.192020463447344969e-01,2.427282414650639569e-02,9.925732729401799403e-01,-7.171946057858979984e-02,0.000000000000000000e+00,0.000000000000000000e+00,0.000000000000000000e+00,1.000000000000000000e+00
5.160309988686699878e-01,8.526256101964937439e-01,-8.210710714463040349e-02,8.479131396861155912e-02,-8.483947357556222979e-01,5.219642156078758699e-01,8.820277754698513384e-02,-2.459050747155125116e-01,1.180609188036026158e-01,2.414387006906544564e-02,9.927127948149643277e-01,-7.178310340590687844e-02,0.000000000000000000e+00,0.000000000000000000e+00,0.000000000000000000e+00,1.000000000000000000e+00
5.161615418894809348e-01,8.525802773232163956e-01,-8.175654954644960559e-02,8.477493108025951907e-02,-8.482854102210753977e-01,5.220636830747127366e-01,8.866438755513848802e-02,-2.459890978160615416e-01,1.182756335021528243e-01,2.358774117912289248e-02,9.927006059158678397e-01,-7.150145406263130887e-02,0.000000000000000000e+00,0.000000000000000000e+00,0.000000000000000000e+00,1.000000000000000000e+00
5.159823325870804833e-01,8.526693304504432414e-01,-8.195880286576061324e-02,8.479964823699709386e-02,-8.483287661706891969e-01,5.219196636627833064e-01,8.909640379635688778e-02,-2.459145455174855388e-01,1.187456817964840788e-01,2.355583985597280161e-02,9.926452465323996055e-01,-7.164939939187542350e-02,0.000000000000000000e+00,0.000000000000000000e+00,0.000000000000000000e+00,1.000000000000000000e+00
5.159551029748931095e-01,8.527294851738896897e-01,-8.150310932253197749e-02,8.483532090103185208e-02,-8.483485654092647321e-01,5.218442765725082033e-01,8.934910506859211621e-02,-2.458855346739172998e-01,1.187225474887150661e-01,2.304291916378448796e-02,9.926600528852771443e-01,-7.166677432948609372e-02,0.000000000000000000e+00,0.000000000000000000e+00,0.000000000000000000e+00,1.000000000000000000e+00
5.160549473766840034e-01,8.526265206852506884e-01,-8.194697988463058025e-02,8.485181620252901791e-02,-8.485183934360792657e-01,5.219429263536777830e-01,8.713275865031894218e-02,-2.457998875121925331e-01,1.170633473325591450e-01,2.456822853856979044e-02,9.928205149259223816e-01,-7.191177878555343739e-02,0.000000000000000000e+00,0.000000000000000000e+00,0.000000000000000000e+00,1.000000000000000000e+00
5.160038379372711148e-01,8.526596776420776180e-01,-8.192382655439678363e-02,8.482977975663247294e-02,-8.483960939230745790e-01,5.219213074871520419e-01,8.844329599789647889e-02,-2.459012004438074217e-01,1.181698229247906962e-01,2.386677427324500333e-02,9.927065377218554643e-01,-7.166647515128543589e-02,0.000000000000000000e+00,0.000000000000000000e+00,0.000000000000000000e+00,1.000000000000000000e+00
5.160400524687402957e-01,8.526256109452301502e-01,-8.205017860024896303e-02,8.478063325995827126e-02,-8.483060443098431325e-01,5.219841190762010141e-01,8.893500221863556710e-02,-2.459148441506699700e-01,1.186571507977754736e-01,2.370963923208110197e-02,9.926521714941435315e-01,-7.162441291920673692e-02,0.000000000000000000e+00,0.000000000000000000e+00,0.000000000000000000e+00,1.000000000000000000e+00
5.160228977850773724e-01,8.526675061122345189e-01,-8.172204709767344477e-02,8.482486435247349466e-02,-8.483207688909736310e-01,5.219319565444169307e-01,8.910053762993982995e-02,-2.459357275791672071e-01,1.186264811486837933e-01,2.334859220723282253e-02,9.926643950561646612e-01,-7.163541890850044780e-02,0.000000000000000000e+00,0.000000000000000000e+00,0.000000000000000000e+00,1.000000000000000000e+00
5.159615860677746468e-01,8.525975695999675752e-01,-8.283131059361037440e-02,8.487886391790105955e-02,-8.484156888378852068e-01,5.219744243116517524e-01,8.794043039613104462e-02,-2.458957678293395843e-01,1.182136228873958139e-01,2.490149948795224166e-02,9.926759061683165797e-01,-7.181057808437474321e-02,0.000000000000000000e+00,0.000000000000000000e+00,0.000000000000000000e+00,1.000000000000000000e+00
5.159933165348374873e-01,8.527071215036998719e-01,-8.149516690119269768e-02,8.488857877422517628e-02,-8.483581680837464223e-01,5.218750361755004619e-01,8.907786067485908010e-02,-2.459337049756076532e-01,1.184876193404551109e-01,2.317350974052628798e-02,9.926850822437782718e-01,-7.165899664414832060e-02,0.000000000000000000e+00,0.000000000000000000e+00,0.000000000000000000e+00,1.000000000000000000e+00
5.161634608153539139e-01,8.526817352952840157e-01,-8.067924152432040530e-02,8.476673435949128033e-02,-8.482154068374994083e-01,5.219660285669704969e-01,8.990043729326238631e-02,-2.460195785935283541e-01,1.187682841612687779e-01,2.203005483078829957e-02,9.926775767395678018e-01,-7.146580072738539791e-02,0.000000000000000000e+00,0.000000000000000000e+00,0.000000000000000000e+00,1.000000000000000000e+00
5.160617875930152421e-01,8.526878729417831648e-01,-8.126267731449240972e-02,8.480196981997134564e-02,-8.482934177455428992e-01,5.219232511014042508e-01,8.941139395695951730e-02,-2.460021722958558588e-01,1.186528920671038045e-01,2.279279047765210564e-02,9.926741559577112461e-01,-7.151544878922422299e-02,0.000000000000000000e+00,0.000000000000000000e+00,0.000000000000000000e+00,1.000000000000000000e+00
5.159601552917786327e-01,8.526862920329737472e-01,-8.192194779387257375e-02,8.482216854726204458e-02,-8.482902669287296638e-01,5.219039942254667386e-01,8.955358086357462222e-02,-2.459686677064964744e-01,1.191165025731887595e-01,2.328751147208079492e-02,9.926071481830913701e-01,-7.162234621773344578e-02,0.000000000000000000e+00,0.000000000000000000e+00,0.000000000000000000e+00,1.000000000000000000e+00
5.158333146546552062e-01,8.527287294377221549e-01,-8.227821998511969381e-02,8.486036041456079815e-02,-8.481741831257390007e-01,5.218528481478813541e-01,9.094041983040243582e-02,-2.459892968612662212e-01,1.204846320962847384e-01,2.287616382771632401e-02,9.924515779407832028e-01,-7.146314295250921766e-02,0.000000000000000000e+00,0.000000000000000000e+00,0.000000000000000000e+00,1.000000000000000000e+00
5.158918433367442047e-01,8.526365839664225010e-01,-8.286411563931550539e-02,8.487370300216923180e-02,-8.483444568264353336e-01,5.219321282397517692e-01,8.887370861499813146e-02,-2.459183918851779449e-01,1.190264195482520770e-01,2.444809181087398420e-02,9.925900474296175391e-01,-7.174271852872560196e-02,0.000000000000000000e+00,0.000000000000000000e+00,0.000000000000000000e+00,1.000000000000000000e+00
5.158217242871785402e-01,8.526478732868703059e-01,-8.318385019208662801e-02,8.487781442934944076e-02,-8.482870511431126470e-01,5.219163338198924418e-01,8.951211848082357703e-02,-2.459808469642121020e-01,1.197373275813535809e-01,2.439148768279897350e-02,9.925059333385850557e-01,-7.148309865820823283e-02,0.000000000000000000e+00,0.000000000000000000e+00,0.000000000000000000e+00,1.000000000000000000e+00
5.158229441626047684e-01,8.527420797351568105e-01,-8.220484003014680296e-02,8.487332309991174606e-02,-8.482943857025877499e-01,5.218128604589596931e-01,9.004428824255274189e-02,-2.459970475023504632e-01,1.196800963439284271e-01,2.328699440885308170e-02,9.925393646755328314e-01,-7.145969163732224239e-02,0.000000000000000000e+00,0.000000000000000000e+00,0.000000000000000000e+00,1.000000000000000000e+00
5.158661123949377370e-01,8.527127119751765072e-01,-8.223858533847216989e-02,8.485087785358674806e-02,-8.483308677221799154e-01,5.218470152059940803e-01,8.950101446535832506e-02,-2.459700785458595607e-01,1.192346130629303169e-01,2.359499007278315769e-02,9.925857058668529076e-01,-7.153729513780282545e-02,0.000000000000000000e+00,0.000000000000000000e+00,0.000000000000000000e+00,1.000000000000000000e+00
5.160434069649806332e-01,8.527156179571757644e-01,-8.108808186094745851e-02,8.482226864368624941e-02,-8.484378532221075186e-01,5.218608536640748641e-01,8.839942665461637816e-02,-2.458727264517165112e-01,1.176962673487876310e-01,2.318025679140162110e-02,9.927790611950111366e-01,-7.188957833981857171e-02,0.000000000000000000e+00,0.000000000000000000e+00,0.000000000000000000e+00,1.000000000000000000e+00
5.158957312166722042e-01,8.526789093670529285e-01,-8.240310693795795116e-02,8.487495305219350250e-02,-8.483818498097642768e-01,5.218798400121422709e-01,8.882381157248153691e-02,-2.459050661224884693e-01,1.187427110427331095e-01,2.408547507345931010e-02,9.926328920928966237e-01,-7.175493391820064737e-02,0.000000000000000000e+00,0.000000000000000000e+00,0.000000000000000000e+00,1.000000000000000000e+00
5.160714065180188603e-01,8.526868484808187709e-01,-8.121232543378481550e-02,8.483703435453965325e-02,-8.482884137787320977e-01,5.219273703683925403e-01,8.943482045097017608e-02,-2.459557672280184848e-01,1.186468306499430803e-01,2.273672113968883829e-02,9.926761662740470893e-01,-7.164849234799608446e-02,0.000000000000000000e+00,0.000000000000000000e+00,0.000000000000000000e+00,1.000000000000000000e+00
5.157442343080773650e-01,8.527293375567603917e-01,-8.282850745959387251e-02,8.489256582137749696e-02,-8.483451336462561887e-01,5.217997558624312138e-01,8.964122377914759965e-02,-2.459967171260920016e-01,1.196595963418354697e-01,2.403521691011359374e-02,9.925239993830844432e-01,-7.143290841889893272e-02,0.000000000000000000e+00,0.000000000000000000e+00,0.000000000000000000e+00,1.000000000000000000e+00
5.158604205143533239e-01,8.527380783502453987e-01,-8.201095218496931571e-02,8.483057189886483718e-02,-8.484221305973989047e-01,5.218000785773506678e-01,8.890762795868993595e-02,-2.459417979562052436e-01,1.186082411104921464e-01,2.371598043938961953e-02,9.926578652347816112e-01,-7.173418365207417935e-02,0.000000000000000000e+00,0.000000000000000000e+00,0.000000000000000000e+00,1.000000000000000000e+00
5.161344009160888646e-01,8.526473489869443867e-01,-8.122671024069830215e-02,8.478822306537769915e-02,-8.482503643837033813e-01,5.219914503062246247e-01,8.942172627565947440e-02,-2.459351452446067177e-01,1.186448461329228099e-01,2.274695743919184082e-02,9.926761689560976709e-01,-7.171038970556042891e-02,0.000000000000000000e+00,0.000000000000000000e+00,0.000000000000000000e+00,1.000000000000000000e+00
5.160695934123740169e-01,8.528635334296511550e-01,-7.934713669110779466e-02,8.479139424158893545e-02,-8.480147463710686617e-01,5.217745712223537113e-01,9.285626937876173548e-02,-2.461360687458345464e-01,1.205950442281905066e-01,1.936724481229285671e-02,9.925128438141148646e-01,-7.114136865454634417e-02,0.000000000000000000e+00,0.000000000000000000e+00,0.000000000000000000e+00,1.000000000000000000e+00
5.159268035217714488e-01,8.526731969300466174e-01,-8.226756739385003570e-02,8.484092494481870750e-02,-8.481870136349410894e-01,5.219313003404599804e-01,9.036873146148075020e-02,-2.460171037890054313e-01,1.199930135834922501e-01,2.315463154556180597e-02,9.925046799532691866e-01,-7.146954458723686621e-02,0.000000000000000000e+00,0.000000000000000000e+00,0.000000000000000000e+00,1.000000000000000000e+00
5.159643247657370591e-01,8.527429007176884346e-01,-8.130412563098930734e-02,8.485109311199973137e-02,-8.483536070774043703e-01,5.218305316354097112e-01,8.938150598341292052e-02,-2.459517296616152149e-01,1.186464197849822350e-01,2.285697986804788306e-02,9.926734536309095303e-01,-7.166783432551171451e-02,0.000000000000000000e+00,0.000000000000000000e+00,0.000000000000000000e+00,1.000000000000000000e+00
5.160138754797114480e-01,8.527404762411088246e-01,-8.101456963100094055e-02,8.478479882226219733e-02,-8.483138231664757445e-01,5.218512391592883271e-01,8.963783583171294755e-02,-2.459653148852504190e-01,1.187153643682514886e-01,2.247141223872470978e-02,9.926740139113701122e-01,-7.162436990947607107e-02,0.000000000000000000e+00,0.000000000000000000e+00,0.000000000000000000e+00,1.000000000000000000e+00
5.160575587020000965e-01,8.526535781474005038e-01,-8.164846464549568861e-02,8.482562908007451608e-02,-8.482992114158047769e-01,5.219588162254182873e-01,8.914842722047319756e-02,-2.459378851718762027e-01,1.186298614087354097e-01,2.325660845856487163e-02,9.926661503975793277e-01,-7.167508302178338120e-02,0.000000000000000000e+00,0.000000000000000000e+00,0.000000000000000000e+00,1.000000000000000000e+00
5.160261386344895396e-01,8.526987921797885006e-01,-8.137440667131567995e-02,8.481555908734067506e-02,-8.482615951022499656e-01,5.219097926161117007e-01,8.979106105840330143e-02,-2.460188408835811691e-01,1.190348290231276196e-01,2.269224948164788591e-02,9.926307325954086824e-01,-7.137629581911819621e-02,0.000000000000000000e+00,0.000000000000000000e+00,0.000000000000000000e+00,1.000000000000000000e+00
5.161029095813274292e-01,8.526248416219901483e-01,-8.166190158675300237e-02,8.483303708991457581e-02,-8.482648901331037994e-01,5.220066254123556515e-01,8.919506260482312765e-02,-2.459883331375666837e-01,1.186779797989576252e-01,2.323709264690949905e-02,9.926608557992792070e-01,-7.145976035337442411e-02,0.000000000000000000e+00,0.000000000000000000e+00,0.000000000000000000e+00,1.000000000000000000e+00
5.160375579131895041e-01,8.527685872682960744e-01,-8.056658979642991603e-02,8.480286352874533140e-02,-8.483114209124743565e-01,5.218253977927225229e-01,8.981084215129903070e-02,-2.459813813734607613e-01,1.186295577520643518e-01,2.199979061039864653e-02,9.926948359091267715e-01,-7.160911623292998129e-02,0.000000000000000000e+00,0.000000000000000000e+00,0.000000000000000000e+00,1.000000000000000000e+00
5.157824931307553040e-01,8.526335203792704265e-01,-8.357331933981604344e-02,8.488906697833964454e-02,-8.482470722821943143e-01,5.219313172738372364e-01,8.980314255906174381e-02,-2.459696501203685604e-01,1.201887022332315258e-01,2.457193469081434684e-02,9.924469234578957577e-01,-7.149035456864716309e-02,0.000000000000000000e+00,0.000000000000000000e+00,0.000000000000000000e+00,1.000000000000000000e+00
5.159826249262504660e-01,8.526624140653201733e-01,-8.202888768304136824e-02,8.481265993143638493e-02,-8.483546256417145992e-01,5.219220762125081903e-01,8.883566577862198055e-02,-2.459199041061783941e-01,1.185595206068353336e-01,2.375192628662837341e-02,9.926628259742338312e-01,-7.176936725722038446e-02,0.000000000000000000e+00,0.000000000000000000e+00,0.000000000000000000e+00,1.000000000000000000e+00
5.160125026305295570e-01,8.527216702704830675e-01,-8.122099593144244123e-02,8.484230485609106642e-02,-8.483972315043027956e-01,5.218555946043066385e-01,8.881934449217683547e-02,-2.459182719329198741e-01,1.181238109138553205e-01,2.307577585484670013e-02,9.927307156847140490e-01,-7.174838401050820380e-02,0.000000000000000000e+00,0.000000000000000000e+00,0.000000000000000000e+00,1.000000000000000000e+00
5.160670784014201873e-01,8.526159348773251212e-01,-8.198071836406095603e-02,8.481171943270476854e-02,-8.483183729627959968e-01,5.219979915355412725e-01,8.873575900737981637e-02,-2.459234093228565288e-01,1.184512924538068390e-01,2.375214571625040155e-02,9.926757410604416521e-01,-7.175293199347798634e-02,0.000000000000000000e+00,0.000000000000000000e+00,0.000000000000000000e+00,1.000000000000000000e+00
5.160166094508462642e-01,8.526777274315806565e-01,-8.165507891716253241e-02,8.482801741169349041e-02,-8.484397929811051675e-01,5.218957796563207241e-01,8.817433222372901558e-02,-2.458948071286118364e-01,1.177997302926973855e-01,2.377999829765203854e-02,9.927526052466100204e-01,-7.184523327227054779e-02,0.000000000000000000e+00,0.000000000000000000e+00,0.000000000000000000e+00,1.000000000000000000e+00
5.161746673207744385e-01,8.526706776532123611e-01,-8.072439709715684142e-02,8.479402655048323689e-02,-8.483394871799257997e-01,5.219571761875614335e-01,8.877398671687214415e-02,-2.459332811128304153e-01,1.178296537701279956e-01,2.265881057599040266e-02,9.927752771879914118e-01,-7.172048173342226995e-02,0.000000000000000000e+00,0.000000000000000000e+00,0.000000000000000000e+00,1.000000000000000000e+00
5.160017054143074544e-01,8.527387004129460824e-01,-8.111071956015697415e-02,8.484538351217102425e-02,-8.483606958295017986e-01,5.218416977267850143e-01,8.924893436512618128e-02,-2.459471615915158615e-01,1.184329759028714679e-01,2.275854414647166674e-02,9.927012032263904384e-01,-7.162957149301329984e-02,0.000000000000000000e+00,0.000000000000000000e+00,0.000000000000000000e+00,1.000000000000000000e+00
5.159036091522516410e-01,8.526890884078555111e-01,-8.224831046204558738e-02,8.485767132053467776e-02,-8.483130608334472633e-01,5.218843216504938098e-01,8.945225338017985528e-02,-2.459736247886726568e-01,1.191990641031579479e-01,2.362357563080105805e-02,9.925892956260142785e-01,-7.153290900167363908e-02,0.000000000000000000e+00,0.000000000000000000e+00,0.000000000000000000e+00,1.000000000000000000e+00
5.158693817187337549e-01,8.526564350656967717e-01,-8.279966634104887757e-02,8.484580465410401784e-02,-8.484369079594237251e-01,5.218867897651692234e-01,8.825526545684861390e-02,-2.459012319594662821e-01,1.184634720805703700e-01,2.472210366582424518e-02,9.926506048821772676e-01,-7.177393765208317511e-02,0.000000000000000000e+00,0.000000000000000000e+00,0.000000000000000000e+00,1.000000000000000000e+00
5.159429322327742096e-01,8.527028500486171225e-01,-8.185804907284666143e-02,8.485024851915023980e-02,-8.482956036172237813e-01,5.218811613720220066e-01,8.963605462468493545e-02,-2.460030448047325624e-01,1.191530929633675406e-01,2.319273429234171291e-02,9.926049755634454019e-01,-7.140297652539073781e-02,0.000000000000000000e+00,0.000000000000000000e+00,0.000000000000000000e+00,1.000000000000000000e+00
5.158722209534298830e-01,8.527253468807421966e-01,-8.206908331213327856e-02,8.488663259674833483e-02,-8.483641806921274897e-01,5.218279874672347995e-01,8.929595967607414919e-02,-2.459610557028414912e-01,1.189708727678804034e-01,2.355916558398762212e-02,9.926182031122718907e-01,-7.159068201345530902e-02,0.000000000000000000e+00,0.000000000000000000e+00,0.000000000000000000e+00,1.000000000000000000e+00
5.160631396214634403e-01,8.526214957271376349e-01,-8.194767201121005984e-02,8.482061539281965379e-02,-8.482954877147366179e-01,5.219956816477586692e-01,8.896782488017301871e-02,-2.459486226645193341e-01,1.186322108318617063e-01,2.360282536288208638e-02,9.926576978939085638e-01,-7.164472963396950611e-02,0.000000000000000000e+00,0.000000000000000000e+00,0.000000000000000000e+00,1.000000000000000000e+00
5.159018596383786459e-01,8.526920046304933276e-01,-8.222904876558977116e-02,8.484160209030389144e-02,-8.481622216481099485e-01,5.219100832975904769e-01,9.072326449838993834e-02,-2.460951247236061179e-01,1.202751719624851473e-01,2.293927181784954222e-02,9.924755275662275888e-01,-7.118787909689339166e-02,0.000000000000000000e+00,0.000000000000000000e+00,0.000000000000000000e+00,1.000000000000000000e+00
5.159814455287691226e-01,8.527376596046676305e-01,-8.125042622654939095e-02,8.482686551779755613e-02,-8.482412878622891395e-01,5.218612477341839639e-01,9.026381156945267881e-02,-2.460035654190768917e-01,1.193728002342531319e-01,2.234551420922554349e-02,9.925980115630689271e-01,-7.143809536397971449e-02,0.000000000000000000e+00,0.000000000000000000e+00,0.000000000000000000e+00,1.000000000000000000e+00
5.159106016970446129e-01,8.526644452917233608e-01,-8.245965554106506057e-02,8.485672494414386868e-02,-8.482852912589118333e-01,5.219181242449586478e-01,8.951835687950909781e-02,-2.459687454637436710e-01,1.193663088579712400e-01,2.376584355712360597e-02,9.925658008362174822e-01,-7.153680411782969983e-02,0.000000000000000000e+00,0.000000000000000000e+00,0.000000000000000000e+00,1.000000000000000000e+00
5.159991108600313625e-01,8.527031400463589428e-01,-8.150013832342221931e-02,8.482182231082396884e-02,-8.483943316422990488e-01,5.218735135500875977e-01,8.874172576698914627e-02,-2.458986516524379051e-01,1.182031117563070027e-01,2.335360378970358086e-02,9.927147795621660276e-01,-7.177223359552753479e-02,0.000000000000000000e+00,0.000000000000000000e+00,0.000000000000000000e+00,1.000000000000000000e+00
5.157917209970299677e-01,8.526880998207934104e-01,-8.295724787459293759e-02,8.485949868996567336e-02,-8.483581990665923778e-01,5.218519717666454394e-01,8.921258677872972997e-02,-2.459945743693824072e-01,1.193619144761433881e-01,2.436234773721267927e-02,9.925518673526946278e-01,-7.141077848324628441e-02,0.000000000000000000e+00,0.000000000000000000e+00,0.000000000000000000e+00,1.000000000000000000e+00
5.158708799875483253e-01,8.527400312490640566e-01,-8.192480873470342484e-02,8.482583549975153403e-02,-8.481720235038288092e-01,5.218485845335849582e-01,9.098501725951506358e-02,-2.460637195229956053e-01,1.203389119374651817e-01,2.254980988032924405e-02,9.924767263508338377e-01,-7.120324684188616970e-02,0.000000000000000000e+00,0.000000000000000000e+00,0.000000000000000000e+00,1.000000000000000000e+00
5.159946965308587208e-01,8.527040779913891422e-01,-8.151827113526052826e-02,8.481431801373806589e-02,-8.484047541897549172e-01,5.218694801825691787e-01,8.866576973216067081e-02,-2.459023244156125498e-01,1.181475612115990281e-01,2.340942183886325634e-02,9.927200777404079357e-01,-7.180533340082861926e-02,0.000000000000000000e+00,0.000000000000000000e+00,0.000000000000000000e+00,1.000000000000000000e+00
5.157980250114139187e-01,8.526849615540637028e-01,-8.295030882323209398e-02,8.488312878440928966e-02,-8.483553853807792589e-01,5.218573046241929969e-01,8.920814820296235625e-02,-2.459484916066375648e-01,1.193546710009884826e-01,2.435795455117421848e-02,9.925528462305313049e-01,-7.154235610655534927e-02,0.000000000000000000e+00,0.000000000000000000e+00,0.000000000000000000e+00,1.000000000000000000e+00
5.161567436697608313e-01,8.526234823922558270e-01,-8.133519064667764364e-02,8.478478198524680431e-02,-8.482504798108476685e-01,5.220223871981559682e-01,8.923984964468147096e-02,-2.459793245866765399e-01,1.185467817568054277e-01,2.293086429337323762e-02,9.926836535361420744e-01,-7.154304983190895584e-02,0.000000000000000000e+00,0.000000000000000000e+00,0.000000000000000000e+00,1.000000000000000000e+00
5.160623114003002332e-01,8.525713107736111462e-01,-8.247333385977737019e-02,8.483639812855198192e-02,-8.483227329032781983e-01,5.220441354165841208e-01,8.842206464828064605e-02,-2.459351702891150460e-01,1.184408358282443841e-01,2.433270891039233247e-02,9.926629275264535757e-01,-7.167186884520071466e-02,0.000000000000000000e+00,0.000000000000000000e+00,0.000000000000000000e+00,1.000000000000000000e+00
5.159886827461463987e-01,8.526008985660042949e-01,-8.262800398375007294e-02,8.482424774564573111e-02,-8.483702388923404225e-01,5.219864030325843673e-01,8.830703715365874340e-02,-2.459423518766365169e-01,1.184213538161507234e-01,2.453370770075992413e-02,9.926603045084474441e-01,-7.158389984731927669e-02,0.000000000000000000e+00,0.000000000000000000e+00,0.000000000000000000e+00,1.000000000000000000e+00
5.159021457095878116e-01,8.526220236748832670e-01,-8.294974862403368954e-02,8.486706914034797267e-02,-8.482462474450772616e-01,5.219700481977108675e-01,8.958555954965452539e-02,-2.459984257331286062e-01,1.196799053625480364e-01,2.414443060058820562e-02,9.925188999325833539e-01,-7.139307192751442876e-02,0.000000000000000000e+00,0.000000000000000000e+00,0.000000000000000000e+00,1.000000000000000000e+00
5.159349848770966585e-01,8.526324453206720611e-01,-8.263779139329323342e-02,8.487636601122866553e-02,-8.483692767102092303e-01,5.219409720420817855e-01,8.858437806951877103e-02,-2.459486510540654647e-01,1.186619640578509410e-01,2.440358355361315484e-02,9.926347784536240226e-01,-7.157469654672676818e-02,0.000000000000000000e+00,0.000000000000000000e+00,0.000000000000000000e+00,1.000000000000000000e+00
5.161881507658816481e-01,8.525844592013078760e-01,-8.154466835614115894e-02,8.481220448986181992e-02,-8.483301515322452246e-01,5.220559718159809570e-01,8.828089426682231289e-02,-2.459366717228447241e-01,1.178377995813636725e-01,2.360724930366257107e-02,9.927522101562591406e-01,-7.168524556533917291e-02,0.000000000000000000e+00,0.000000000000000000e+00,0.000000000000000000e+00,1.000000000000000000e+00
5.159760394727980204e-01,8.527210164827667693e-01,-8.145915994265347237e-02,8.485278481927904792e-02,-8.483886936880544738e-01,5.218501800928239120e-01,8.893263720009519924e-02,-2.459262084929364489e-01,1.183442060780421495e-01,2.322192037029773004e-02,9.927010583766260332e-01,-7.174307000048663063e-02,0.000000000000000000e+00,0.000000000000000000e+00,0.000000000000000000e+00,1.000000000000000000e+00
5.160935622239053444e-01,8.526576653465285371e-01,-8.137776574008087627e-02,8.478701200855698339e-02,-8.481331450769644675e-01,5.219936517047647495e-01,9.051406411040074929e-02,-2.460471558288095384e-01,1.196561876916400202e-01,2.230545461837157156e-02,9.925647905509095148e-01,-7.142377546671929700e-02,0.000000000000000000e+00,0.000000000000000000e+00,0.000000000000000000e+00,1.000000000000000000e+00
5.159397967333650969e-01,8.526419290241434856e-01,-8.250979951933731793e-02,8.487297033444862748e-02,-8.485097741333468280e-01,5.219026247978639788e-01,8.745749498628882512e-02,-2.458702935572860682e-01,1.176320081734163470e-01,2.488756916790547252e-02,9.927453447657168528e-01,-7.186124120944747951e-02,0.000000000000000000e+00,0.000000000000000000e+00,0.000000000000000000e+00,1.000000000000000000e+00
5.159533255475075020e-01,8.526555501152136562e-01,-8.228413403682435789e-02,8.485050426913653965e-02,-8.483366548477401237e-01,5.219267469893551503e-01,8.897972139120113866e-02,-2.459423429865724153e-01,1.188153436985888711e-01,2.389526385776173656e-02,9.926287979234502679e-01,-7.164462967816143113e-02,0.000000000000000000e+00,0.000000000000000000e+00,0.000000000000000000e+00,1.000000000000000000e+00
5.160969315169110505e-01,8.526910131905736101e-01,-8.100613126709527156e-02,8.480876222768052308e-02,-8.482844639705020562e-01,5.219289048830392241e-01,8.946332451831644217e-02,-2.459513961257629444e-01,1.185640142079670833e-01,2.254449537302728734e-02,9.926904453369482795e-01,-7.163387172001467462e-02,0.000000000000000000e+00,0.000000000000000000e+00,0.000000000000000000e+00,1.000000000000000000e+00
5.160552339120916265e-01,8.526914686703825907e-01,-8.126656636454052118e-02,8.483393749566864317e-02,-8.484010582101433329e-01,5.218969645762907561e-01,8.853927260805091737e-02,-2.458598160114528475e-01,1.179094567023576956e-01,2.325548586462685557e-02,9.927520044791422471e-01,-7.189990616723651584e-02,0.000000000000000000e+00,0.000000000000000000e+00,0.000000000000000000e+00,1.000000000000000000e+00
5.158634852968595474e-01,8.526936808838769810e-01,-8.245211409104058475e-02,8.484740703893955960e-02,-8.483899529385776628e-01,5.218552228506280199e-01,8.889102393604976504e-02,-2.459399478274704176e-01,1.188248807710524657e-01,2.409591177412696850e-02,9.926228058761892292e-01,-7.160353668558827600e-02,0.000000000000000000e+00,0.000000000000000000e+00,0.000000000000000000e+00,1.000000000000000000e+00
5.160165430679308773e-01,8.526028409843373623e-01,-8.243374809905804068e-02,8.482319217122763488e-02,-8.482236038669770384e-01,5.220201711755725338e-01,8.950786964699619652e-02,-2.459767186899834979e-01,1.193467432447989918e-01,2.373470942022760238e-02,9.925688985887062277e-01,-7.154630161585795456e-02,0.000000000000000000e+00,0.000000000000000000e+00,0.000000000000000000e+00,1.000000000000000000e+00
5.160512671132502227e-01,8.526529503906843388e-01,-8.169477278792156016e-02,8.481695331824906647e-02,-8.483713333991649286e-01,5.219438676362413432e-01,8.854761263548954764e-02,-2.459367673926642628e-01,1.181404688382933499e-01,2.361239562143319787e-02,9.927161147053498169e-01,-7.169212940420033320e-02,0.000000000000000000e+00,0.000000000000000000e+00,0.000000000000000000e+00,1.000000000000000000e+00
5.160565670325732990e-01,8.526287495278009887e-01,-8.191358313011218306e-02,8.485145140850564038e-02,-8.483354735156137805e-01,5.219784100010328443e-01,8.868745045288756179e-02,-2.459262342436507875e-01,1.183745918581976808e-01,2.372245711245570682e-02,9.926856002939465906e-01,-7.167745162432126449e-02,0.000000000000000000e+00,0.000000000000000000e+00,0.000000000000000000e+00,1.000000000000000000e+00
5.159551701716174055e-01,8.527796281781019339e-01,-8.097634307373900719e-02,8.485985409266866286e-02,-8.481904631830097241e-01,5.218183138320505732e-01,9.098673263101278441e-02,-2.460102339477834854e-01,1.198465708252395706e-01,2.173828682058732281e-02,9.925544047293010097e-01,-7.139779103110344138e-02,0.000000000000000000e+00,0.000000000000000000e+00,0.000000000000000000e+00,1.000000000000000000e+00
5.159836553945497117e-01,8.526847743414724956e-01,-8.178962630988645399e-02,8.481197596076639478e-02,-8.483216052380433414e-01,5.219045405420055239e-01,8.925303719195114283e-02,-2.459878089967725279e-01,1.187910832176735099e-01,2.333079869765390668e-02,9.926451291272735400e-01,-7.153525272586391814e-02,0.000000000000000000e+00,0.000000000000000000e+00,0.000000000000000000e+00,1.000000000000000000e+00
5.159483224248511135e-01,8.527456306115895890e-01,-8.137701186345036586e-02,8.484046285234214668e-02,-8.483261986582607550e-01,5.218294097095208528e-01,8.964779881423651231e-02,-2.459288587847358043e-01,1.189116867974160385e-01,2.278061972500315668e-02,9.926434677707489662e-01,-7.169221211038179220e-02,0.000000000000000000e+00,0.000000000000000000e+00,0.000000000000000000e+00,1.000000000000000000e+00
5.160122204745422048e-01,8.526708521607532232e-01,-8.175454847522223290e-02,8.484558679265191694e-02,-8.483302848180190869e-01,5.219241417420249496e-01,8.905570238580592934e-02,-2.459610845802993606e-01,1.186048741895167069e-01,2.340102865913411961e-02,9.926657421691267302e-01,-7.156459434053852320e-02,0.000000000000000000e+00,0.000000000000000000e+00,0.000000000000000000e+00,1.000000000000000000e+00
5.159659333008912441e-01,8.526865273017877334e-01,-8.188309856715295099e-02,8.482999308365468671e-02,-8.483820041779889243e-01,5.218868512229736245e-01,8.878113260996833844e-02,-2.459222966962579526e-01,1.184361881347052170e-01,2.366010732409252332e-02,9.926797412365849782e-01,-7.168228695391154481e-02,0.000000000000000000e+00,0.000000000000000000e+00,0.000000000000000000e+00,1.000000000000000000e+00
5.158485125656876447e-01,8.527909813409236817e-01,-8.153437451377412715e-02,8.484509500994197317e-02,-8.483123467912730975e-01,5.217609926162212197e-01,9.017554472038859237e-02,-2.459351551578424500e-01,1.194423474537020247e-01,2.264969597412516689e-02,9.925827506596259786e-01,-7.164356972356644704e-02,0.000000000000000000e+00,0.000000000000000000e+00,0.000000000000000000e+00,1.000000000000000000e+00
5.159474117523310532e-01,8.526396923218301227e-01,-8.248529192168624347e-02,8.481450000274570744e-02,-8.483002040968891100e-01,5.219499394052351526e-01,8.919094395760113203e-02,-2.459379592558024186e-01,1.191009321342498817e-01,2.395445328548639896e-02,9.925931453181341402e-01,-7.170232029403589280e-02,0.000000000000000000e+00,0.000000000000000000e+00,0.000000000000000000e+00,1.000000000000000000e+00
5.159355195823529527e-01,8.526937491238580913e-01,-8.199945023222288132e-02,8.485889800668389160e-02,-8.482969277661954743e-01,5.218892735122526716e-01,8.957627216672763015e-02,-2.459733347698648820e-01,1.191757608564849857e-01,2.334430118792084341e-02,9.925987012012085220e-01,-7.157392205386714501e-02,0.000000000000000000e+00,0.000000000000000000e+00,0.000000000000000000e+00,1.000000000000000000e+00
5.160478518612343635e-01,8.526917319468294565e-01,-8.131066878904644191e-02,8.480276054216018267e-02,-8.483903408218702591e-01,5.218972042980152271e-01,8.864049721242878155e-02,-2.458866790281231118e-01,1.180188298092992305e-01,2.324044783200771708e-02,9.927393602527360139e-01,-7.185991882992692759e-02,0.000000000000000000e+00,0.000000000000000000e+00,0.000000000000000000e+00,1.000000000000000000e+00
5.159992513043800688e-01,8.526828620793045488e-01,-8.171113369404149618e-02,8.482500513490742744e-02,-8.481837098951101606e-01,5.219365467864204300e-01,9.036943840278605089e-02,-2.460050983707358363e-01,1.197044983360585485e-01,2.267548995971255255e-02,9.925505806925911667e-01,-7.145460137010695156e-02,0.000000000000000000e+00,0.000000000000000000e+00,0.000000000000000000e+00,1.000000000000000000e+00
5.159249483806276348e-01,8.526741686478094273e-01,-8.226913005018283986e-02,8.486342432620308518e-02,-8.484029175454104177e-01,5.218870614196033930e-01,8.857982063227984315e-02,-2.459393430442605721e-01,1.184649194440384051e-01,2.409683057122368605e-02,9.926658076198350278e-01,-7.166017003011204700e-02,0.000000000000000000e+00,0.000000000000000000e+00,0.000000000000000000e+00,1.000000000000000000e+00
5.158904400173467408e-01,8.527010916972007637e-01,-8.220646031249864705e-02,8.483255831945052394e-02,-8.482886768157890112e-01,5.218732208924994342e-01,8.974776933944547674e-02,-2.459945752713467715e-01,1.194293711145888170e-01,2.343479322909728518e-02,9.925660863546987844e-01,-7.145546151425019588e-02,0.000000000000000000e+00,0.000000000000000000e+00,0.000000000000000000e+00,1.000000000000000000e+00
5.159570224154572671e-01,8.526996227457427358e-01,-8.180283851703261389e-02,8.481683185892441301e-02,-8.483433156749670134e-01,5.218783626459886360e-01,8.919973851724916081e-02,-2.459546942412317860e-01,1.187517148077404244e-01,2.337365977356609115e-02,9.926488312887952192e-01,-7.163020849942336454e-02,0.000000000000000000e+00,0.000000000000000000e+00,0.000000000000000000e+00,1.000000000000000000e+00
5.160930225838120666e-01,8.526525580566907125e-01,-8.143468106210545454e-02,8.482414846517838392e-02,-8.483971817162118123e-01,5.219481720905940758e-01,8.827416217261466191e-02,-2.458857087500551653e-01,1.177718731119375001e-01,2.353127473533051656e-02,9.927618370047452956e-01,-7.183387541459973491e-02,0.000000000000000000e+00,0.000000000000000000e+00,0.000000000000000000e+00,1.000000000000000000e+00
5.160049310152923230e-01,8.527658273911890019e-01,-8.080442315693173172e-02,8.484791272004099660e-02,-8.484071087134922307e-01,5.218036066843947385e-01,8.903018553035974003e-02,-2.459103823472725547e-01,1.180859392659272811e-01,2.261503227896204810e-02,9.927458240973393577e-01,-7.175320989926881055e-02,0.000000000000000000e+00,0.000000000000000000e+00,0.000000000000000000e+00,1.000000000000000000e+00
5.159182461526632402e-01,8.526977388416647763e-01,-8.206661599622885883e-02,8.486568551220757817e-02,-8.483579257126092621e-01,5.218691698100306198e-01,8.911453014177289633e-02,-2.459137353280977933e-01,1.188157951088976427e-01,2.364605201935181950e-02,9.926347117930840458e-01,-7.173558732922868941e-02,0.000000000000000000e+00,0.000000000000000000e+00,0.000000000000000000e+00,1.000000000000000000e+00
5.160842782557597541e-01,8.527408055696705791e-01,-8.056138189989783815e-02,8.481560448915914652e-02,-8.483188907793781652e-01,5.218646104310784573e-01,8.951194292643149808e-02,-2.459449415155585961e-01,1.183726205001710552e-01,2.214603567251702959e-02,9.927222551247224525e-01,-7.168080941243104576e-02,0.000000000000000000e+00,0.000000000000000000e+00,0.000000000000000000e+00,1.000000000000000000e+00
5.159973874633442259e-01,8.527692553046342105e-01,-8.081641750401344360e-02,8.482025273205356930e-02,-8.483631171601322407e-01,5.218066112058561412e-01,8.943087802433892508e-02,-2.459317197930528942e-01,1.184344442016219690e-01,2.241556845230763262e-02,9.927088317918869587e-01,-7.174569642689299087e-02,0.000000000000000000e+00,0.000000000000000000e+00,0.000000000000000000e+00,1.000000000000000000e+00
5.159339800249926888e-01,8.527719891755983772e-01,-8.119151884934533436e-02,8.482575690059240836e-02,-8.484256193077784891e-01,5.217782274232607431e-01,8.900252743182429649e-02,-2.459113543827052273e-01,1.182628291467062442e-01,2.296553645211028144e-02,9.927167206095017793e-01,-7.175200538365444913e-02,0.000000000000000000e+00,0.000000000000000000e+00,0.000000000000000000e+00,1.000000000000000000e+00
5.159276528093432734e-01,8.526418978776157953e-01,-8.258602212420158850e-02,8.484765707040975435e-02,-8.483308924947161600e-01,5.219370474441331620e-01,8.897423977994516064e-02,-2.459691230516048988e-01,1.189678692158521317e-01,2.415600316604950282e-02,9.926042180069969412e-01,-7.154758514081605014e-02,0.000000000000000000e+00,0.000000000000000000e+00,0.000000000000000000e+00,1.000000000000000000e+00
5.160892157286712800e-01,8.526477814356672180e-01,-8.150878616075479810e-02,8.487089734141883834e-02,-8.483941497095344175e-01,5.219531289460027645e-01,8.827399346417759418e-02,-2.459019101690082809e-01,1.178103906588942318e-01,2.359432127254455780e-02,9.927557704977023612e-01,-7.174485453072088070e-02,0.000000000000000000e+00,0.000000000000000000e+00,0.000000000000000000e+00,1.000000000000000000e+00
5.161127991095193490e-01,8.527030822763640439e-01,-8.077767062577075052e-02,8.478745841196944077e-02,-8.483066148575940657e-01,5.219146906600655722e-01,8.933612294060025438e-02,-2.459594714998523945e-01,1.183362403669598190e-01,2.241671585216394730e-02,9.927205170974440218e-01,-7.166907645779252434e-02,0.000000000000000000e+00,0.000000000000000000e+00,0.000000000000000000e+00,1.000000000000000000e+00
5.160059533513851049e-01,8.526061599831327165e-01,-8.246570235403972993e-02,8.482919814865735875e-02,-8.483725849223302529e-01,5.219841083503935497e-01,8.829806216360755466e-02,-2.459198840615991200e-01,1.183292578280277368e-01,2.439931532772000172e-02,9.926745993292096504e-01,-7.179930402673528889e-02,0.000000000000000000e+00,0.000000000000000000e+00,0.000000000000000000e+00,1.000000000000000000e+00
5.160167874744396865e-01,8.526258399616530870e-01,-8.219399049957630543e-02,8.486238551512997885e-02,-8.483762543747754847e-01,5.219646239156100487e-01,8.837795196575923273e-02,-2.459552503347316732e-01,1.182556808681306665e-01,2.412692293520499881e-02,9.926900248980512487e-01,-7.161039530293789035e-02,0.000000000000000000e+00,0.000000000000000000e+00,0.000000000000000000e+00,1.000000000000000000e+00
5.160577350729473878e-01,8.526102008115248321e-01,-8.209908369471163869e-02,8.484772721173144960e-02,-8.483810864235805660e-01,5.219894332160885941e-01,8.818482754698887816e-02,-2.458979255135511355e-01,1.180421376887306195e-01,2.414284744760238077e-02,9.927150530978146037e-01,-7.175437280643781612e-02,0.000000000000000000e+00,0.000000000000000000e+00,0.000000000000000000e+00,1.000000000000000000e+00
5.160277539937716540e-01,8.526644653740736990e-01,-8.172310931730916717e-02,8.483415389219717273e-02,-8.483575521796121732e-01,5.219290351070370315e-01,8.876680670190925659e-02,-2.458894605688659585e-01,1.183419653713772557e-01,2.352428108535376677e-02,9.926942064057074910e-01,-7.181486938121484087e-02,0.000000000000000000e+00,0.000000000000000000e+00,0.000000000000000000e+00,1.000000000000000000e+00
5.161060472679933619e-01,8.526905037290505307e-01,-8.095339908679678731e-02,8.480795321896583694e-02,-8.483395065179083483e-01,5.219208552874283757e-01,8.898709174364094476e-02,-2.459336085495125446e-01,1.181297153740739209e-01,2.274919045455565253e-02,9.927375507551343681e-01,-7.171386400072177203e-02,0.000000000000000000e+00,0.000000000000000000e+00,0.000000000000000000e+00,1.000000000000000000e+00
5.161071594443046306e-01,8.526693583760144302e-01,-8.116874556728752299e-02,8.477673213893538451e-02,-8.483490662558682560e-01,5.219424226711248949e-01,8.876919059557342173e-02,-2.459175607985214229e-01,1.180561804952518917e-01,2.304501470671703467e-02,9.927394751615550295e-01,-7.182193114105261955e-02,0.000000000000000000e+00,0.000000000000000000e+00,0.000000000000000000e+00,1.000000000000000000e+00
5.160236852042430211e-01,8.526805104777296362e-01,-8.158126843627126756e-02,8.481227545843195159e-02,-8.482851153080920303e-01,5.219248659445021588e-01,8.948070996338194916e-02,-2.459801212810226734e-01,1.188777500416694916e-01,2.303000999244639302e-02,9.926417778759759614e-01,-7.159217638521986338e-02,0.000000000000000000e+00,0.000000000000000000e+00,0.000000000000000000e+00,1.000000000000000000e+00
5.160268718470454319e-01,8.527200106367680554e-01,-8.114709478091627903e-02,8.477893367590788598e-02,-8.483161629850095586e-01,5.218761284929906985e-01,8.947063276605415894e-02,-2.459845232836308515e-01,1.186421305866664222e-01,2.266914133348511134e-02,9.926782736018044950e-01,-7.158921163448273006e-02,0.000000000000000000e+00,0.000000000000000000e+00,0.000000000000000000e+00,1.000000000000000000e+00
5.158470098407295090e-01,8.526694985710419061e-01,-8.280452067964994001e-02,8.484899085208680303e-02,-8.482461516350556785e-01,5.219066844816491191e-01,8.995487162844956197e-02,-2.459928636262684321e-01,1.199180081334607628e-01,2.383566445435605224e-02,9.924976233852265128e-01,-7.144160558150547402e-02,0.000000000000000000e+00,0.000000000000000000e+00,0.000000000000000000e+00,1.000000000000000000e+00
5.161768849428727268e-01,8.526871860223669275e-01,-8.053562096321145725e-02,8.481050240272158813e-02,-8.483505614434111441e-01,5.219373446729405064e-01,8.878475733147894733e-02,-2.459055840907384827e-01,1.177401730477824759e-01,2.249379979056250617e-02,9.927896457063101199e-01,-7.180456915810196072e-02,0.000000000000000000e+00,0.000000000000000000e+00,0.000000000000000000e+00,1.000000000000000000e+00
5.161358584262780713e-01,8.527086672453353389e-01,-8.057111424855271931e-02,8.480957459044374813e-02,-8.482726152297225264e-01,5.219196914789087094e-01,8.962926920313528389e-02,-2.459821147174709732e-01,1.184793057790953924e-01,2.208538999531237113e-02,9.927108791842964575e-01,-7.154336029458385759e-02,0.000000000000000000e+00,0.000000000000000000e+00,0.000000000000000000e+00,1.000000000000000000e+00
5.161738365744750201e-01,8.526754283790529687e-01,-8.067951583013943662e-02,8.476525428610454105e-02,-8.484732578629574640e-01,5.219256671881372656e-01,8.767399056525956857e-02,-2.458643894003211261e-01,1.168661675909951625e-01,2.319939156134009917e-02,9.928766726556612632e-01,-7.203271481385287167e-02,0.000000000000000000e+00,0.000000000000000000e+00,0.000000000000000000e+00,1.000000000000000000e+00
5.160202445029771212e-01,8.526923764617667656e-01,-8.147894444009683157e-02,8.483387357639982085e-02,-8.484487067552991535e-01,5.218789395978520318e-01,8.818823282888710313e-02,-2.459083877913011695e-01,1.177195789507773788e-01,2.362379157133923102e-02,9.927658420813267881e-01,-7.176015618254050210e-02,0.000000000000000000e+00,0.000000000000000000e+00,0.000000000000000000e+00,1.000000000000000000e+00
5.160351137364763696e-01,8.527308988183236460e-01,-8.098009379764732618e-02,8.485267163442655747e-02,-8.483393853761515002e-01,5.218614217433583669e-01,8.933612771781740403e-02,-2.459719279896662725e-01,1.184400633679137532e-01,2.259802417235894784e-02,9.927040247188031463e-01,-7.158644412640891019e-02,0.000000000000000000e+00,0.000000000000000000e+00,0.000000000000000000e+00,1.000000000000000000e+00
5.159473053061753856e-01,8.527166872739732062e-01,-8.168616401690718953e-02,8.484050078125227046e-02,-8.482920479985766038e-01,5.218676024382630230e-01,8.974857563058949439e-02,-2.459763549580179509e-01,1.191594706671560006e-01,2.298818761537969185e-02,9.926089682148168114e-01,-7.153261659882503842e-02,0.000000000000000000e+00,0.000000000000000000e+00,0.000000000000000000e+00,1.000000000000000000e+00
5.158399108167475156e-01,8.526559788953181895e-01,-8.298775851074025045e-02,8.485807230833464221e-02,-8.482901533839214414e-01,5.219109503504275605e-01,8.951410825225622481e-02,-2.459701423435799450e-01,1.196369595085612081e-01,2.422274877837914814e-02,9.925221692038755927e-01,-7.151913380247765240e-02,0.000000000000000000e+00,0.000000000000000000e+00,0.000000000000000000e+00,1.000000000000000000e+00
5.160497778335105812e-01,8.526680574076855867e-01,-8.154637131466131728e-02,8.481566061462825212e-02,-8.482945872946540122e-01,5.219422260256308954e-01,8.928944986952389029e-02,-2.459689723337111222e-01,1.186967563355348226e-01,2.309754463170304167e-02,9.926618676404415087e-01,-7.162957006891601530e-02,0.000000000000000000e+00,0.000000000000000000e+00,0.000000000000000000e+00,1.000000000000000000e+00
5.161497858702335240e-01,8.526122423905211356e-01,-8.149701020233474091e-02,8.481876720449460505e-02,-8.481987559259493992e-01,5.220432347576424714e-01,8.960876904326342540e-02,-2.459725132435955086e-01,1.189464963409345433e-01,2.287411571152909995e-02,9.926371471180351902e-01,-7.159784669290680803e-02,0.000000000000000000e+00,0.000000000000000000e+00,0.000000000000000000e+00,1.000000000000000000e+00
5.159796673999055283e-01,8.527048686669059796e-01,-8.160508428791497793e-02,8.483216579951624592e-02,-8.483478963256253502e-01,5.218765893604169204e-01,8.916654236553567259e-02,-2.459565745565271411e-01,1.186205278599326146e-01,2.322137871215932542e-02,9.926680905221733076e-01,-7.165263188998216570e-02,0.000000000000000000e+00,0.000000000000000000e+00,0.000000000000000000e+00,1.000000000000000000e+00
5.158578223731765666e-01,8.526890145538479349e-01,-8.253575925374517785e-02,8.482682899341398297e-02,-8.482990708380127032e-01,5.218772983619637262e-01,8.962573218547434384e-02,-2.459873373008971686e-01,1.194964163134971669e-01,2.378087285206162416e-02,9.925497854388088959e-01,-7.150973866491194819e-02,0.000000000000000000e+00,0.000000000000000000e+00,0.000000000000000000e+00,1.000000000000000000e+00
5.158871626202612415e-01,8.526853362350271803e-01,-8.239024707679283577e-02,8.487447467997533135e-02,-8.484046504361361096e-01,5.218664082928476944e-01,8.868484094737127954e-02,-2.459190274538774479e-01,1.186169657424853557e-01,2.414889780676478942e-02,9.926463852615212691e-01,-7.169723122170701402e-02,0.000000000000000000e+00,0.000000000000000000e+00,0.000000000000000000e+00,1.000000000000000000e+00
5.160666413520192952e-01,8.527055468556214990e-01,-8.104611061180977405e-02,8.480606229145232211e-02,-8.483523460648216830e-01,5.218935023620568936e-01,8.902510386727216507e-02,-2.459261935534366172e-01,1.182096383970408782e-01,2.281277172816005561e-02,9.927265780848820720e-01,-7.169381529707452572e-02,0.000000000000000000e+00,0.000000000000000000e+00,0.000000000000000000e+00,1.000000000000000000e+00
5.158369212851310337e-01,8.526872872018405047e-01,-8.268410296691545980e-02,8.484989689052574446e-02,-8.482320471060369460e-01,5.218879369968549842e-01,9.019631632981731095e-02,-2.459885450567982912e-01,1.200610882067100621e-01,2.360871579592029729e-02,9.924857498408166112e-01,-7.146232868495716595e-02,0.000000000000000000e+00,0.000000000000000000e+00,0.000000000000000000e+00,1.000000000000000000e+00
5.158554161100752378e-01,8.526614809753888524e-01,-8.283470607636561622e-02,8.485399634737944563e-02,-8.484080057882966708e-01,5.218843137240856134e-01,8.854726874989307661e-02,-2.459077721283989271e-01,1.187309790418100142e-01,2.460003962592231114e-02,9.926216765042844559e-01,-7.171089130007102241e-02,0.000000000000000000e+00,0.000000000000000000e+00,0.000000000000000000e+00,1.000000000000000000e+00
5.159580707320787774e-01,8.526806032318323680e-01,-8.199425661977735591e-02,8.487859924881990814e-02,-8.482386831127772808e-01,5.219198169084238170e-01,8.994910332726582802e-02,-2.460261532583011834e-01,1.194922830877919451e-01,2.314073444115457429e-02,9.925654138100880042e-01,-7.126885459476128837e-02,0.000000000000000000e+00,0.000000000000000000e+00,0.000000000000000000e+00,1.000000000000000000e+00
5.160324956852904155e-01,8.526655454095785069e-01,-8.168188947494499363e-02,8.484256822370350726e-02,-8.484047477938182480e-01,5.219194609910342564e-01,8.837115004194619206e-02,-2.459138173482704470e-01,1.179824025764802525e-01,2.369691773658849643e-02,9.927328990076167425e-01,-7.173669741128363420e-02,0.000000000000000000e+00,0.000000000000000000e+00,0.000000000000000000e+00,1.000000000000000000e+00
5.159827154601169807e-01,8.525789503596558072e-01,-8.289131890633405497e-02,8.482341956484606982e-02,-8.483366208677182163e-01,5.220154970435058051e-01,8.845789134477013982e-02,-2.459289661509925784e-01,1.186878891932343083e-01,2.467699840031734732e-02,9.926249194478271587e-01,-7.168793913919957461e-02,0.000000000000000000e+00,0.000000000000000000e+00,0.000000000000000000e+00,1.000000000000000000e+00
5.160795553711328143e-01,8.526777044839899400e-01,-8.125653699147826481e-02,8.480268682091185450e-02,-8.483696615534290775e-01,5.219233696303160475e-01,8.868434805227307094e-02,-2.459215672061823288e-01,1.180288519119541552e-01,2.316740187526823008e-02,9.927398761038541686e-01,-7.171021173356106893e-02,0.000000000000000000e+00,0.000000000000000000e+00,0.000000000000000000e+00,1.000000000000000000e+00
5.161966281749110763e-01,8.526422973927223481e-01,-8.088358150894010834e-02,8.479576236948871415e-02,-8.482972298971267477e-01,5.220011549211233115e-01,8.891908687045203818e-02,-2.459551866197972614e-01,1.180374974731088072e-01,2.271358531527302438e-02,9.927493350450615761e-01,-7.163751175164034812e-02,0.000000000000000000e+00,0.000000000000000000e+00,0.000000000000000000e+00,1.000000000000000000e+00
5.160744930072546088e-01,8.526234068257367849e-01,-8.185623861490173847e-02,8.479867283337610973e-02,-8.483776737310304572e-01,5.219795845574258797e-01,8.827590849140351525e-02,-2.459530054633097262e-01,1.179933912642173455e-01,2.388806057702661662e-02,9.927270119120553682e-01,-7.162757255080043350e-02,0.000000000000000000e+00,0.000000000000000000e+00,0.000000000000000000e+00,1.000000000000000000e+00
5.161052866926459926e-01,8.526365187905285969e-01,-8.152484205854249044e-02,8.477898902143721216e-02,-8.484432963609965794e-01,5.219588735660900536e-01,8.776620742463744906e-02,-2.458664470278270342e-01,1.173852882945205511e-01,2.387260208664065964e-02,9.927994726839983741e-01,-7.195546134588437504e-02,0.000000000000000000e+00,0.000000000000000000e+00,0.000000000000000000e+00,1.000000000000000000e+00
5.159131167383568251e-01,8.527259905320379030e-01,-8.180489623775438757e-02,8.484975769955277469e-02,-8.483173924689293433e-01,5.218452237344387568e-01,8.963907685976196804e-02,-2.459744302434240248e-01,1.191270649853814756e-01,2.315054074333422474e-02,9.926090846104826948e-01,-7.154066554458871074e-02,0.000000000000000000e+00,0.000000000000000000e+00,0.000000000000000000e+00,1.000000000000000000e+00
5.160845479404098102e-01,8.526937317469566180e-01,-8.105639528496373647e-02,8.480604308523059798e-02,-8.484170896217467783e-01,5.218976342966484827e-01,8.838156681869115128e-02,-2.458729509925580148e-01,1.176655489721093323e-01,2.315727002500946041e-02,9.927832388946143949e-01,-7.187676686682831217e-02,0.000000000000000000e+00,0.000000000000000000e+00,0.000000000000000000e+00,1.000000000000000000e+00
5.160976633333387298e-01,8.526771959202182893e-01,-8.114678958222468208e-02,8.479878302999238615e-02,-8.483068861672667937e-01,5.219399906557282698e-01,8.918561002479316602e-02,-2.460020653450737393e-01,1.184002904686634050e-01,2.280889545621325731e-02,9.927039465545626218e-01,-7.147082110719216175e-02,0.000000000000000000e+00,0.000000000000000000e+00,0.000000000000000000e+00,1.000000000000000000e+00
5.159295344547243367e-01,8.527207435376019662e-01,-8.175603352665129775e-02,8.486010457868131684e-02,-8.484459227051753816e-01,5.218290894248960310e-01,8.850942139087547567e-02,-2.459141787483240527e-01,1.181364961487139792e-01,2.370094872918349777e-02,9.927144772325231514e-01,-7.170881930004724403e-02,0.000000000000000000e+00,0.000000000000000000e+00,0.000000000000000000e+00,1.000000000000000000e+00
5.160824491788277291e-01,8.526553268694405663e-01,-8.147268996878871683e-02,8.482214214892169757e-02,-8.482577904250898637e-01,5.219702608467913230e-01,8.947495613118386371e-02,-2.460251077163898292e-01,1.188176192015618221e-01,2.293338947256357008e-02,9.926512141807779521e-01,-7.140125476497383161e-02,0.000000000000000000e+00,0.000000000000000000e+00,0.000000000000000000e+00,1.000000000000000000e+00
5.161617616736466907e-01,8.527283241951287840e-01,-8.019626488387902874e-02,8.479099185578414799e-02,-8.483591202398738096e-01,5.218870541214289949e-01,8.899834743569293161e-02,-2.459445196810691181e-01,1.177448040967636750e-01,2.209768892496096621e-02,9.927979921677877462e-01,-7.178719283932366579e-02,0.000000000000000000e+00,0.000000000000000000e+00,0.000000000000000000e+00,1.000000000000000000e+00
5.160369488958698181e-01,8.526930203596408964e-01,-8.136633458743612601e-02,8.479823807199970975e-02,-8.483615784259762593e-01,5.218991088034115045e-01,8.890417583438373073e-02,-2.459370180211608303e-01,1.182729877225883602e-01,2.315023239965609964e-02,9.927112204035040133e-01,-7.174166130508718986e-02,0.000000000000000000e+00,0.000000000000000000e+00,0.000000000000000000e+00,1.000000000000000000e+00
5.159492657184373554e-01,8.526188243484938978e-01,-8.268915026288423120e-02,8.487328229313706451e-02,-8.482941241433764601e-01,5.219740978542293242e-01,8.910735162199406867e-02,-2.459774999579131260e-01,1.191361999915542258e-01,2.416984765893098741e-02,9.925836913407941609e-01,-7.153460263277899855e-02,0.000000000000000000e+00,0.000000000000000000e+00,0.000000000000000000e+00,1.000000000000000000e+00
5.160901189398863220e-01,8.527060548687114272e-01,-8.089111893683038901e-02,8.481964027104677006e-02,-8.483900456931087186e-01,5.218906354513704882e-01,8.868198800776902480e-02,-2.459829325032770742e-01,1.178359855963338892e-01,2.285932235222913611e-02,9.927699289765670176e-01,-7.163394968996605883e-02,0.000000000000000000e+00,0.000000000000000000e+00,0.000000000000000000e+00,1.000000000000000000e+00
5.158893625592692045e-01,8.526849996504088924e-01,-8.237995490028746093e-02,8.486227548708846768e-02,-8.482699735515459860e-01,5.218942219960299722e-01,8.980241098110000597e-02,-2.459985327365092900e-01,1.195667912467786864e-01,2.355233360711918994e-02,9.925467596101498202e-01,-7.148296179369051373e-02,0.000000000000000000e+00,0.000000000000000000e+00,0.000000000000000000e+00,1.000000000000000000e+00
5.159251750562973138e-01,8.526867462438271206e-01,-8.213724199925549752e-02,8.487761710777730340e-02,-8.483380730748267817e-01,5.218865544866425621e-01,8.920167048744498395e-02,-2.459565523191156178e-01,1.189274043894804761e-01,2.365876214377993225e-02,9.926210432279809481e-01,-7.157052778205108545e-02,0.000000000000000000e+00,0.000000000000000000e+00,0.000000000000000000e+00,1.000000000000000000e+00
5.159086870116393886e-01,8.527693959127077283e-01,-8.137926062948927508e-02,8.484339448157729446e-02,-8.483709720911246643e-01,5.217862732849130047e-01,8.947501732105309080e-02,-2.459518905885443862e-01,1.187641375966963231e-01,2.287886374184860266e-02,9.926588725311407124e-01,-7.158082072580618238e-02,0.000000000000000000e+00,0.000000000000000000e+00,0.000000000000000000e+00,1.000000000000000000e+00
5.159487469611725441e-01,8.527283188600283115e-01,-8.155553153125713606e-02,8.482362524319847497e-02,-8.483046939502347783e-01,5.218526844932478426e-01,8.971578405826474700e-02,-2.459750663808047133e-01,1.190631627800736725e-01,2.289519384807097574e-02,9.926226742158699157e-01,-7.152483545870635950e-02,0.000000000000000000e+00,0.000000000000000000e+00,0.000000000000000000e+00,1.000000000000000000e+00
5.159009072948401720e-01,8.527022583017147550e-01,-8.212863410234448602e-02,8.485311534453759963e-02,-8.483245258434477520e-01,5.218671384788882150e-01,8.944377355829079279e-02,-2.459380715014458929e-01,1.191291429703518895e-01,2.352761065244494965e-02,9.925999691880594833e-01,-7.163840851471103832e-02,0.000000000000000000e+00,0.000000000000000000e+00,0.000000000000000000e+00,1.000000000000000000e+00
5.160351152712344680e-01,8.526977533498868445e-01,-8.132835445930962359e-02,8.482264988553178675e-02,-8.483471561000160976e-01,5.218963549972350791e-01,8.905783164671562946e-02,-2.459678320035687538e-01,1.183843847136036992e-01,2.303770979623029347e-02,9.927005597778849610e-01,-7.157356813347526270e-02,0.000000000000000000e+00,0.000000000000000000e+00,0.000000000000000000e+00,1.000000000000000000e+00
5.160383526082107375e-01,8.526729139772174504e-01,-8.156788833238637348e-02,8.482069245416523628e-02,-8.483423686365988425e-01,5.219251255800069211e-01,8.893474497820808011e-02,-2.459539211053952679e-01,1.184045785155661279e-01,2.330375630439641965e-02,9.926919415048438555e-01,-7.157373006473877197e-02,0.000000000000000000e+00,0.000000000000000000e+00,0.000000000000000000e+00,1.000000000000000000e+00
5.159861397682248274e-01,8.527443183594987097e-01,-8.115066896015002418e-02,8.484519730032086260e-02,-8.483250956461685366e-01,5.218390330203025451e-01,8.960220819463446396e-02,-2.459345982371015371e-01,1.187553605695548242e-01,2.260865148631160254e-02,9.926661136625776205e-01,-7.162602541252560684e-02,0.000000000000000000e+00,0.000000000000000000e+00,0.000000000000000000e+00,1.000000000000000000e+00
5.160422152324353195e-01,8.526603394029583782e-01,-8.167482909215666165e-02,8.486862252716298460e-02,-8.484248156818421371e-01,5.219231598488311974e-01,8.815638007906154150e-02,-2.458473741113543221e-01,1.177954338386404537e-01,2.380253815548751678e-02,9.927525748866750099e-01,-7.193854956126721767e-02,0.000000000000000000e+00,0.000000000000000000e+00,0.000000000000000000e+00,1.000000000000000000e+00
5.158687435743409821e-01,8.526470975651613271e-01,-8.289973713310093417e-02,8.488795700518403375e-02,-8.484000097863216849e-01,5.219042930809536518e-01,8.850611424212231904e-02,-2.459175432751472823e-01,1.187302101303640972e-01,2.467459984227558106e-02,9.926199178562877812e-01,-7.172415061546599802e-02,0.000000000000000000e+00,0.000000000000000000e+00,0.000000000000000000e+00,1.000000000000000000e+00
5.159838791116861945e-01,8.526657435825342191e-01,-8.198637824480804748e-02,8.484541258055711133e-02,-8.484444037072227385e-01,5.219005899597203291e-01,8.810146433284304912e-02,-2.458814235379728486e-01,1.179098397706998397e-01,2.410194848015076441e-02,9.927317692935530014e-01,-7.189255806078587163e-02,0.000000000000000000e+00,0.000000000000000000e+00,0.000000000000000000e+00,1.000000000000000000e+00
5.160633761335120528e-01,8.526650584780599562e-01,-8.149165518191323065e-02,8.479758682596494346e-02,-8.484032934158081130e-01,5.219269791451962570e-01,8.834070500952659333e-02,-2.459126978374890082e-01,1.178577258175789733e-01,2.354838616500962850e-02,9.927512427462037436e-01,-7.177640937762697071e-02,0.000000000000000000e+00,0.000000000000000000e+00,0.000000000000000000e+00,1.000000000000000000e+00
5.159839564110013654e-01,8.527035870624742886e-01,-8.159135577522511062e-02,8.480374536411455777e-02,-8.483349510803820381e-01,5.218814370732905994e-01,8.926128171700847824e-02,-2.459747367469105883e-01,1.186944291106197813e-01,2.315940951549862181e-02,9.926607044952457937e-01,-7.155330360866396511e-02,0.000000000000000000e+00,0.000000000000000000e+00,0.000000000000000000e+00,1.000000000000000000e+00
5.160763261236214205e-01,8.526514513438931964e-01,-8.155199651693560703e-02,8.483082596662167019e-02,-8.482905232690034492e-01,5.219668516961644134e-01,8.918404488693557064e-02,-2.459591636251676761e-01,1.186103441810459763e-01,2.315401156488938045e-02,9.926708810082558454e-01,-7.164658975718807277e-02,0.000000000000000000e+00,0.000000000000000000e+00,0.000000000000000000e+00,1.000000000000000000e+00
5.159454080457333003e-01,8.527387366737919638e-01,-8.146768004863653989e-02,8.483446243250825081e-02,-8.483509202513774827e-01,5.218316117087309358e-01,8.940069983008538945e-02,-2.459264609528295509e-01,1.187478506128111372e-01,2.298730078659805970e-02,9.926583158254322914e-01,-7.177618360090609606e-02,0.000000000000000000e+00,0.000000000000000000e+00,0.000000000000000000e+00,1.000000000000000000e+00
5.160220360785094940e-01,8.527770700476294818e-01,-8.057621908708556546e-02,8.479688900159970677e-02,-8.481345767502418420e-01,5.218447206447184294e-01,9.135549931954820013e-02,-2.460647112794460689e-01,1.199541495825703075e-01,2.119802670571791642e-02,9.925530946310661129e-01,-7.131910537503993730e-02,0.000000000000000000e+00,0.000000000000000000e+00,0.000000000000000000e+00,1.000000000000000000e+00
5.160925084609994107e-01,8.526321281746479519e-01,-8.165155672003171494e-02,8.481881917838951512e-02,-8.482471269111470091e-01,5.219999037535115738e-01,8.940308813631518692e-02,-2.459991460988752709e-01,1.188500500522329528e-01,2.312043437515873268e-02,9.926429927808316789e-01,-7.155752827584338505e-02,0.000000000000000000e+00,0.000000000000000000e+00,0.000000000000000000e+00,1.000000000000000000e+00
5.159553109272942972e-01,8.527030281895299213e-01,-8.177813180994532305e-02,8.480452262671589470e-02,-8.482634599071342540e-01,5.218898207083620955e-01,8.988947450826190178e-02,-2.460134847573746397e-01,1.193282016637176451e-01,2.299044926484453827e-02,9.925886456787140766e-01,-7.146605811560657884e-02,0.000000000000000000e+00,0.000000000000000000e+00,0.000000000000000000e+00,1.000000000000000000e+00
5.161031909451871957e-01,8.526837308581500796e-01,-8.104289867731545582e-02,8.479535094343004786e-02,-8.482277299658886882e-01,5.219489991949173291e-01,8.988303708898470745e-02,-2.460377256855131589e-01,1.189420632623768292e-01,2.235391172144520627e-02,9.926495293997971148e-01,-7.139794574209812339e-02,0.000000000000000000e+00,0.000000000000000000e+00,0.000000000000000000e+00,1.000000000000000000e+00
5.159455429769312929e-01,8.526875840102027260e-01,-8.200049241976059555e-02,8.482121737214975976e-02,-8.482952997348450763e-01,5.218984714152868909e-01,8.953809235267651268e-02,-2.459773767761407048e-01,1.191439512942600032e-01,2.336385261960540610e-02,9.926020598713063414e-01,-7.154985322257401137e-02,0.000000000000000000e+00,0.000000000000000000e+00,0.000000000000000000e+00,1.000000000000000000e+00
5.160571853270133902e-01,8.526159294762907237e-01,-8.204302697756585272e-02,8.483598799289981951e-02,-8.482567609422462240e-01,5.220081304687144153e-01,8.926353813470956633e-02,-2.459649401537485347e-01,1.189346416656211491e-01,2.352846207975858861e-02,9.926232731928220643e-01,-7.156906448454525282e-02,0.000000000000000000e+00,0.000000000000000000e+00,0.000000000000000000e+00,1.000000000000000000e+00
5.161037489357827024e-01,8.527286829838741644e-01,-8.056496478630328917e-02,8.479059253460236034e-02,-8.483782774034235308e-01,5.218708915615637434e-01,8.891046603599897513e-02,-2.459163750135091309e-01,1.178610146080139587e-01,2.246254120366480977e-02,9.927760147577314731e-01,-7.185380983039069136e-02,0.000000000000000000e+00,0.000000000000000000e+00,0.000000000000000000e+00,1.000000000000000000e+00
5.159749684254151259e-01,8.526947486311035052e-01,-8.174042827959163149e-02,8.481541175095719254e-02,-8.483875637524583846e-01,5.218787759921816871e-01,8.877547431059298888e-02,-2.458915083752062636e-01,1.183569754115080530e-01,2.354164025384581499e-02,9.926920053801169264e-01,-7.185561269147755503e-02,0.000000000000000000e+00,0.000000000000000000e+00,0.000000000000000000e+00,1.000000000000000000e+00
5.161239235142260906e-01,8.526416852576363947e-01,-8.135264062892563763e-02,8.483226930934423260e-02,-8.481958274318928126e-01,5.220058999198633476e-01,8.985365199022612992e-02,-2.459790371010620036e-01,1.190795276418591397e-01,2.262735092474362636e-02,9.926268528942386871e-01,-7.158900581021154785e-02,0.000000000000000000e+00,0.000000000000000000e+00,0.000000000000000000e+00,1.000000000000000000e+00
5.160362967641674015e-01,8.527121981180296739e-01,-8.116925281559628225e-02,8.481103908385245749e-02,-8.483699720890145457e-01,5.218763471021001799e-01,8.895767978681093369e-02,-2.459373539239929907e-01,1.182156118269016287e-01,2.295616509973504721e-02,9.927225612447341252e-01,-7.170692944941037261e-02,0.000000000000000000e+00,0.000000000000000000e+00,0.000000000000000000e+00,1.000000000000000000e+00
5.158724722877245927e-01,8.527245305518321716e-01,-8.207598510470791309e-02,8.485184381402038900e-02,-8.482716739948513718e-01,5.218470478865169238e-01,9.006012275197095018e-02,-2.460205701367591535e-01,1.196275864243843551e-01,2.316319510095184858e-02,9.925485917369445410e-01,-7.139902379936113874e-02,0.000000000000000000e+00,0.000000000000000000e+00,0.000000000000000000e+00,1.000000000000000000e+00
5.159217496414282289e-01,8.526040685626891102e-01,-8.301235159466924252e-02,8.486820525814331440e-02,-8.483714074681366624e-01,5.219679172161447722e-01,8.840502467378705265e-02,-2.458719062410998357e-01,1.187042679833395786e-01,2.481523055281552315e-02,9.926195147664337304e-01,-7.183668598771197900e-02,0.000000000000000000e+00,0.000000000000000000e+00,0.000000000000000000e+00,1.000000000000000000e+00
5.159875185604272385e-01,8.526584589321455354e-01,-8.203921684969540939e-02,8.484646312459753759e-02,-8.484096237434541887e-01,5.219163143478521283e-01,8.834291797900059584e-02,-2.459310838949899103e-01,1.181439419917208328e-01,2.401901806928586486e-02,9.927059462608472939e-01,-7.166344445844896605e-02,0.000000000000000000e+00,0.000000000000000000e+00,0.000000000000000000e+00,1.000000000000000000e+00
5.159018883486345963e-01,8.526927735532268127e-01,-8.222089471915726422e-02,8.487814464171627993e-02,-8.484301105210476646e-01,5.218564463956003596e-01,8.849970009327318143e-02,-2.459103566133833130e-01,1.183705586687680417e-01,2.410152039730655699e-02,9.926769502486609831e-01,-7.174755118396713982e-02,0.000000000000000000e+00,0.000000000000000000e+00,0.000000000000000000e+00,1.000000000000000000e+00
5.159146873264713884e-01,8.526813654987058788e-01,-8.225888603726702608e-02,8.485001548855974907e-02,-8.483314328003771498e-01,5.218914498836506599e-01,8.923617350156007322e-02,-2.459477279070571565e-01,1.190202315729929350e-01,2.374454610228956403e-02,9.926078687007815482e-01,-7.162407006576132495e-02,0.000000000000000000e+00,0.000000000000000000e+00,0.000000000000000000e+00,1.000000000000000000e+00
5.160049965756343671e-01,8.527126845143865319e-01,-8.136289803865058567e-02,8.483213624065294445e-02,-8.481615836880914694e-01,5.219087657261604063e-01,9.073680738214370822e-02,-2.460448336861925100e-01,1.198364362983481285e-01,2.218823847140754396e-02,9.925456717999669998e-01,-7.130698715026673185e-02,0.000000000000000000e+00,0.000000000000000000e+00,0.000000000000000000e+00,1.000000000000000000e+00
5.159011643231307120e-01,8.526688579416525915e-01,-8.247307043220651612e-02,8.483622832407750058e-02,-8.482664099583552275e-01,5.219150418242335387e-01,8.971503137140486583e-02,-2.459730937480301138e-01,1.195411493436533551e-01,2.367504623197642932e-02,9.925469287643340355e-01,-7.154822722983600336e-02,0.000000000000000000e+00,0.000000000000000000e+00,0.000000000000000000e+00,1.000000000000000000e+00
5.157309593088427180e-01,8.526741998416630386e-01,-8.347626330137794537e-02,8.491359126123110279e-02,-8.483756472106994684e-01,5.218498431839484475e-01,8.905898263912243040e-02,-2.459209809023265580e-01,1.195003716739323485e-01,2.488875435349308801e-02,9.925221463909628117e-01,-7.164426507062882088e-02,0.000000000000000000e+00,0.000000000000000000e+00,0.000000000000000000e+00,1.000000000000000000e+00
5.158672196407112498e-01,8.527115542827995442e-01,-8.224364347944503051e-02,8.486658746938929854e-02,-8.484580492909422622e-01,5.218229402012684037e-01,8.842939371675140325e-02,-2.459198541511298242e-01,1.183213856138056047e-01,2.416245584197531521e-02,9.926813312610011097e-01,-7.171541732761554933e-02,0.000000000000000000e+00,0.000000000000000000e+00,0.000000000000000000e+00,1.000000000000000000e+00
5.159769611141720169e-01,8.526594020285802600e-01,-8.209579606562469878e-02,8.482178322001998616e-02,-8.484173420309044644e-01,5.219114143120466842e-01,8.829773129596729664e-02,-2.459127702068117094e-01,1.181346238009832461e-01,2.409190202253955887e-02,9.927052890542775732e-01,-7.176750863788528001e-02,0.000000000000000000e+00,0.000000000000000000e+00,0.000000000000000000e+00,1.000000000000000000e+00
5.159087498322381116e-01,8.526741391085258526e-01,-8.237095569478282420e-02,8.486036395838569835e-02,-8.483190373928978234e-01,5.219004759872412080e-01,8.930119798232713513e-02,-2.459925423635002106e-01,1.191342630955719156e-01,2.380558043454761297e-02,9.925927270017897985e-01,-7.146963338709722002e-02,0.000000000000000000e+00,0.000000000000000000e+00,0.000000000000000000e+00,1.000000000000000000e+00
5.159539022712285039e-01,8.527566915971854788e-01,-8.122558505368931980e-02,8.484929139151781152e-02,-8.482719272609894334e-01,5.218286381538365104e-01,9.016434896032228530e-02,-2.459843052280729081e-01,1.192740883512338756e-01,2.238073588457138718e-02,9.926090844382027267e-01,-7.149382311240137788e-02,0.000000000000000000e+00,0.000000000000000000e+00,0.000000000000000000e+00,1.000000000000000000e+00
5.160329535088360453e-01,8.526957570811859455e-01,-8.136299372989300172e-02,8.479615086591080209e-02,-8.482820729812479144e-01,5.219106594595499526e-01,8.959234454536080250e-02,-2.459785170514287578e-01,1.188592257739565783e-01,2.278616681763011992e-02,9.926496235077988395e-01,-7.155390162054442449e-02,0.000000000000000000e+00,0.000000000000000000e+00,0.000000000000000000e+00,1.000000000000000000e+00
5.159042892724616802e-01,8.527254138252722271e-01,-8.186655560602643100e-02,8.485575219711471995e-02,-8.483319767327581751e-01,5.218411301078532682e-01,8.952481321091861066e-02,-2.459733429338133437e-01,1.190614192883970024e-01,2.326378181373381371e-02,9.926143132620826037e-01,-7.154083826066770513e-02,0.000000000000000000e+00,0.000000000000000000e+00,0.000000000000000000e+00,1.000000000000000000e+00
5.158834622071281073e-01,8.526105849147139759e-01,-8.318319489281428281e-02,8.490395634482222897e-02,-8.484170327633026032e-01,5.219428348748347268e-01,8.811478672693950909e-02,-2.458717618258324522e-01,1.185444724071925138e-01,2.511707813839675341e-02,9.926310192853585734e-01,-7.182957695599245795e-02,0.000000000000000000e+00,0.000000000000000000e+00,0.000000000000000000e+00,1.000000000000000000e+00
5.160246458408282999e-01,8.526736746618513996e-01,-8.164661305591842944e-02,8.483020600441681935e-02,-8.483495793478043057e-01,5.219199301999687401e-01,8.889644357601181324e-02,-2.459220668644476748e-01,1.184126517955367414e-01,2.339211402834068254e-02,9.926889003590370075e-01,-7.169230112609570327e-02,0.000000000000000000e+00,0.000000000000000000e+00,0.000000000000000000e+00,1.000000000000000000e+00
5.159656549904361178e-01,8.526896024241222838e-01,-8.185282394690471253e-02,8.483891583754155086e-02,-8.483267920844229648e-01,5.218943938514575276e-01,8.926306906090730742e-02,-2.459590041405908534e-01,1.188322208075018871e-01,2.338126566746114021e-02,9.926390178276013332e-01,-7.156328611455053945e-02,0.000000000000000000e+00,0.000000000000000000e+00,0.000000000000000000e+00,1.000000000000000000e+00
5.160618321465035852e-01,8.526778376933690229e-01,-8.136762567602939811e-02,8.479589981911000995e-02,-8.483011400706279570e-01,5.219327981308025111e-01,8.928230502302161864e-02,-2.459620496048705862e-01,1.185974753376596580e-01,2.294905971737232209e-02,9.926771778889760256e-01,-7.166636252773339599e-02,0.000000000000000000e+00,0.000000000000000000e+00,0.000000000000000000e+00,1.000000000000000000e+00
5.159814428723037416e-01,8.526043707397469307e-01,-8.263738625401939597e-02,8.484510371798759110e-02,-8.483046383967186577e-01,5.219945652973296824e-01,8.888708722117319438e-02,-2.459371174821333716e-01,1.189217855820717540e-01,2.423759054716863315e-02,9.926077513894598914e-01,-7.168176466279474468e-02,0.000000000000000000e+00,0.000000000000000000e+00,0.000000000000000000e+00,1.000000000000000000e+00
5.159836864812271662e-01,8.526562880493917529e-01,-8.208586805945847220e-02,8.483063605411789165e-02,-8.483380849170769622e-01,5.219322540411803768e-01,8.893377238551512798e-02,-2.459550391960083626e-01,1.186732023856629514e-01,2.374819238015640765e-02,9.926493310299493444e-01,-7.163203105213522548e-02,0.000000000000000000e+00,0.000000000000000000e+00,0.000000000000000000e+00,1.000000000000000000e+00
5.161354538485517507e-01,8.526796814818247139e-01,-8.087987431124954441e-02,8.483463396680190893e-02,-8.484940846320470076e-01,5.219085947309398676e-01,8.757400921734956323e-02,-2.458258047301226934e-01,1.168844798293352805e-01,2.342604392614471009e-02,9.928691952321796466e-01,-7.203481370022446484e-02,0.000000000000000000e+00,0.000000000000000000e+00,0.000000000000000000e+00,1.000000000000000000e+00
5.160503305947088393e-01,8.526696603589476453e-01,-8.152610990626682486e-02,8.483133589694535903e-02,-8.483366550844095855e-01,5.219323666518688176e-01,8.894674969539172193e-02,-2.459697649745631876e-01,1.183933103401001996e-01,2.326058779429464318e-02,9.926942979196449190e-01,-7.153292046874870636e-02,0.000000000000000000e+00,0.000000000000000000e+00,0.000000000000000000e+00,1.000000000000000000e+00
5.159581705681284269e-01,8.526715278872547543e-01,-8.208795133516645637e-02,8.481546297269609846e-02,-8.483848216719795943e-01,5.219008319784876893e-01,8.867195687908220603e-02,-2.459316954340677319e-01,1.184498230500727750e-01,2.389115130287609856e-02,9.926725806170076938e-01,-7.176245051957153009e-02,0.000000000000000000e+00,0.000000000000000000e+00,0.000000000000000000e+00,1.000000000000000000e+00
5.158436965102427552e-01,8.527275630260768846e-01,-8.222520310864007975e-02,8.486288133368108388e-02,-8.483148141957277399e-01,5.218291766838900614e-01,8.975681799998207200e-02,-2.459653337353296942e-01,1.194456227189470837e-01,2.345236911320412732e-02,9.925637156355563429e-01,-7.156383246277919774e-02,0.000000000000000000e+00,0.000000000000000000e+00,0.000000000000000000e+00,1.000000000000000000e+00
5.161097817404072252e-01,8.526216082381795625e-01,-8.165222812152526932e-02,8.482075287711043909e-02,-8.483902917111035835e-01,5.219866729040738562e-01,8.811257708683790935e-02,-2.459046882008810719e-01,1.177480620741497425e-01,2.379719470600967501e-02,9.927583227563022694e-01,-7.181454550789601043e-02,0.000000000000000000e+00,0.000000000000000000e+00,0.000000000000000000e+00,1.000000000000000000e+00
5.159786170484798040e-01,8.525886451235177299e-01,-8.281708130079973307e-02,8.487972983590136300e-02,-8.483913848329315277e-01,5.219928201337947771e-01,8.806562252110190780e-02,-2.459003930405622984e-01,1.183136716106795994e-01,2.482132017465533969e-02,9.926659947710448906e-01,-7.175192300697097458e-02,0.000000000000000000e+00,0.000000000000000000e+00,0.000000000000000000e+00,1.000000000000000000e+00
5.159041922958601534e-01,8.526744649537054688e-01,-8.239612361918959016e-02,8.484061163922596016e-02,-8.482691671786386500e-01,5.219090457887805012e-01,8.972384263897661971e-02,-2.459552543969975857e-01,1.195085117705654704e-01,2.360518459485601989e-02,9.925525229803346949e-01,-7.162996000583787826e-02,0.000000000000000000e+00,0.000000000000000000e+00,0.000000000000000000e+00,1.000000000000000000e+00
5.160758169052914734e-01,8.526356578941078901e-01,-8.172016943826035384e-02,8.482879756809558192e-02,-8.482715572442514063e-01,5.219877112946615938e-01,8.924233540071616066e-02,-2.459903841847151107e-01,1.187481215680857294e-01,2.326508424319657237e-02,9.926518118047276129e-01,-7.155314549065439067e-02,0.000000000000000000e+00,0.000000000000000000e+00,0.000000000000000000e+00,1.000000000000000000e+00
5.159603929923582966e-01,8.527119307270945026e-01,-8.165314481906013611e-02,8.486264505800245050e-02,-8.483212298377009741e-01,5.218699506492269213e-01,8.945862516283409338e-02,-2.459359205976584251e-01,1.188947596398687856e-01,2.311098883744903271e-02,9.926378585995667692e-01,-7.170536468163102306e-02,0.000000000000000000e+00,0.000000000000000000e+00,0.000000000000000000e+00,1.000000000000000000e+00
5.159701445454014657e-01,8.526472824497429714e-01,-8.226434020197080643e-02,8.486299272100183977e-02,-8.483860500411709582e-01,5.219293355977394633e-01,8.849225241817433585e-02,-2.459359845753440466e-01,1.183888509672140904e-01,2.413255837183957142e-02,9.926740147667272307e-01,-7.168127783313527068e-02,0.000000000000000000e+00,0.000000000000000000e+00,0.000000000000000000e+00,1.000000000000000000e+00
5.160833392185139035e-01,8.526896484968021772e-01,-8.110703007427047528e-02,8.479730704526439178e-02,-8.483703086204096300e-01,5.219109992162311862e-01,8.875093435241401818e-02,-2.459159083373455568e-01,1.180076541262460865e-01,2.300591757603673987e-02,9.927461515030443495e-01,-7.182672374315424157e-02,0.000000000000000000e+00,0.000000000000000000e+00,0.000000000000000000e+00,1.000000000000000000e+00
5.160609281752388533e-01,8.527012434281274755e-01,-8.112772563702767836e-02,8.478669489342610666e-02,-8.482501465342412450e-01,5.219165477801994690e-01,8.985992464851846884e-02,-2.460058827645154877e-01,1.189655719758861835e-01,2.244340903972698309e-02,9.926446927653047592e-01,-7.151316463405832380e-02,0.000000000000000000e+00,0.000000000000000000e+00,0.000000000000000000e+00,1.000000000000000000e+00
5.160714404257664700e-01,8.526809806670357927e-01,-8.127369553291580173e-02,8.483523694000233428e-02,-8.483929805231474885e-01,5.219134663419935372e-01,8.851940041559040739e-02,-2.459270308962052121e-01,1.178966453124314917e-01,2.326969831320231663e-02,9.927531929762238860e-01,-7.170709518470830268e-02,0.000000000000000000e+00,0.000000000000000000e+00,0.000000000000000000e+00,1.000000000000000000e+00
5.159536795235633022e-01,8.526975909758565120e-01,-8.184509105662735040e-02,8.485859809832674294e-02,-8.483933811785191459e-01,5.218699279820944170e-01,8.877189330212517659e-02,-2.459080245013899879e-01,1.184080713404979390e-01,2.363464854689121403e-02,9.926837019058433187e-01,-7.173445458193872248e-02,0.000000000000000000e+00,0.000000000000000000e+00,0.000000000000000000e+00,1.000000000000000000e+00
5.159778678414013164e-01,8.527631730614892991e-01,-8.100500335128685281e-02,8.485873925125536621e-02,-8.482396012674635610e-01,5.218324052178664463e-01,9.044622549421824087e-02,-2.460115962122850775e-01,1.194002459773678693e-01,2.204340115855577681e-02,9.926014657081194681e-01,-7.142593902299698705e-02,0.000000000000000000e+00,0.000000000000000000e+00,0.000000000000000000e+00,1.000000000000000000e+00
5.160257117314310804e-01,8.527221621811411634e-01,-8.113186154150547891e-02,8.478543402117239003e-02,-8.482605179534103979e-01,5.218840585770081475e-01,8.995067028434081124e-02,-2.459996024998099551e-01,1.190443552356947599e-01,2.240409623952557133e-02,9.926361357306150435e-01,-7.147853179179985972e-02,0.000000000000000000e+00,0.000000000000000000e+00,0.000000000000000000e+00,1.000000000000000000e+00
