T00,T01,T02,T03,T10,T11,T12,T13,T20,T21,T22,T23,T30,T31,T32,T33
9.150635252400443065e-01,3.928819121855806062e-01,-9.111831787661942017e-02,-5.224202330757754531e-02,-3.863572437788060365e-01,9.187489500952271682e-01,8.141527423378319694e-02,-3.676931225129774772e-01,1.157014475056694358e-01,-3.929592569617879061e-02,9.925064258072958667e-01,2.259612982253822455e-01,0.000000000000000000e+00,0.000000000000000000e+00,0.000000000000000000e+00,1.000000000000000000e+00
9.150243625558385219e-01,3.929506252789280452e-01,-9.121525103940343604e-02,-5.232960039666623153e-02,-3.864684790747887067e-01,9.187371168780056330e-01,8.101990343310576381e-02,-3.677725565522284024e-01,1.156396584693222679e-01,-3.888336615558990461e-02,9.925298752307203376e-01,2.258120695010856771e-01,0.000000000000000000e+00,0.000000000000000000e+00,0.000000000000000000e+00,1.000000000000000000e+00
9.149862690123239384e-01,3.930235433586016791e-01,-9.128319607001558755e-02,-5.232762145650848851e-02,-3.864345387219429995e-01,9.186720391788081308e-01,8.191478324338014039e-02,-3.676456943821639900e-01,1.160537582401652279e-01,-3.967592213043247273e-02,9.924501732588058012e-01,2.260142164445018143e-01,0.000000000000000000e+00,0.000000000000000000e+00,0.000000000000000000e+00,1.000000000000000000e+00
9.149670589980007929e-01,3.929994898372972667e-01,-9.157882908278286438e-02,-5.236887787212340939e-02,-3.864342129234719092e-01,9.186992782967341453e-01,8.161026368831922340e-02,-3.676920742208792392e-01,1.162061961806093169e-01,-3.928151021389440778e-02,9.924480253013504560e-01,2.259334568812478850e-01,0.000000000000000000e+00,0.000000000000000000e+00,0.000000000000000000e+00,1.000000000000000000e+00
9.150521852610369322e-01,3.929092513326041258e-01,-9.111431537499355138e-02,-5.222283836935526224e-02,-3.863951332312803855e-01,9.187408281806296317e-01,8.132706590768018495e-02,-3.677596198748797063e-01,1.156645981455966116e-01,-3.921238135109358230e-02,9.925140250316840662e-01,2.258590580303210249e-01,0.000000000000000000e+00,0.000000000000000000e+00,0.000000000000000000e+00,1.000000000000000000e+00
9.150557158327115026e-01,3.929256282028272818e-01,-9.100817338732582196e-02,-5.225359171546051229e-02,-3.864302959834809981e-01,9.187370621165490414e-01,8.120244478814413192e-02,-3.677769641200484552e-01,1.155191034764521535e-01,-3.913644586400119585e-02,9.925339668430148699e-01,2.258059564783154727e-01,0.000000000000000000e+00,0.000000000000000000e+00,0.000000000000000000e+00,1.000000000000000000e+00
9.150195263807318069e-01,3.929216054295563421e-01,-9.138861159160496794e-02,-5.226513821799561033e-02,-3.864346482306855179e-01,9.187529499385871379e-01,8.100172606784544760e-02,-3.677784727447492852e-01,1.157908847397218222e-01,-3.880243504992910569e-02,9.925154114901130198e-01,2.258124520516588962e-01,0.000000000000000000e+00,0.000000000000000000e+00,0.000000000000000000e+00,1.000000000000000000e+00
9.150458070248062015e-01,3.929152837977857859e-01,-9.115234941803156132e-02,-5.221033966171895191e-02,-3.863988789980400962e-01,9.187386433256842233e-01,8.133395090083417323e-02,-3.677481706457574884e-01,1.157025382408674447e-01,-3.920312510740470852e-02,9.925099685274874073e-01,2.258436251887678825e-01,0.000000000000000000e+00,0.000000000000000000e+00,0.000000000000000000e+00,1.000000000000000000e+00
9.150658179230972689e-01,3.928735914485306790e-01,-9.113116926203852775e-02,-5.220398929034120172e-02,-3.863698376640958831e-01,9.187599511942388109e-01,8.123115550686585418e-02,-3.677470601744062817e-01,1.156412444249608901e-01,-3.912151868081544664e-02,9.925203319650199862e-01,2.258617322380083170e-01,0.000000000000000000e+00,0.000000000000000000e+00,0.000000000000000000e+00,1.000000000000000000e+00
9.150393899784180496e-01,3.929140449651420397e-01,-9.122208097305659069e-02,-5.227616565957193817e-02,-3.864406853989726942e-01,9.187557712802822962e-01,8.094090070876250320e-02,-3.678150662182728681e-01,1.156136300627947922e-01,-3.881218891410116029e-02,9.925356933306728191e-01,2.257444130128773985e-01,0.000000000000000000e+00,0.000000000000000000e+00,0.000000000000000000e+00,1.000000000000000000e+00
9.150672735687525039e-01,3.928963224009514588e-01,-9.101848541509358070e-02,-5.219986631846307290e-02,-3.863657139627450499e-01,9.187378016210452358e-01,8.150084015878220067e-02,-3.677124343109077209e-01,1.156435035681135370e-01,-3.941232949644919714e-02,9.925085633716996814e-01,2.259273140403113000e-01,0.000000000000000000e+00,0.000000000000000000e+00,0.000000000000000000e+00,1.000000000000000000e+00
9.150404574098045529e-01,3.929426126862903268e-01,-9.108822338001704155e-02,-5.226213889730257911e-02,-3.864580610609176792e-01,9.187359114245338132e-01,8.108324179488267391e-02,-3.678554195461615217e-01,1.155470828030368824e-01,-3.899266846733408232e-02,9.925363688356738656e-01,2.256929779611653863e-01,0.000000000000000000e+00,0.000000000000000000e+00,0.000000000000000000e+00,1.000000000000000000e+00
9.150119459137316946e-01,3.929954399235092710e-01,-9.114671159451527560e-02,-5.231066000366435542e-02,-3.864419481744517659e-01,9.186919067309693432e-01,8.165660535529567499e-02,-3.677055056473574890e-01,1.158264198112877869e-01,-3.949385656457937016e-02,9.924839927008173301e-01,2.259131059909926798e-01,0.000000000000000000e+00,0.000000000000000000e+00,0.000000000000000000e+00,1.000000000000000000e+00
9.150280856087232850e-01,3.929199393281851971e-01,-9.131004230406780664e-02,-5.225005671834137555e-02,-3.864434185596087867e-01,9.187548233974655032e-01,8.093861090885724752e-02,-3.678448301572644352e-01,1.156939358791046757e-01,-3.877493729495450070e-02,9.925277917713811737e-01,2.256844738382768334e-01,0.000000000000000000e+00,0.000000000000000000e+00,0.000000000000000000e+00,1.000000000000000000e+00
9.149839173996749953e-01,3.930183156454872262e-01,-9.132926402380193986e-02,-5.232770127607000443e-02,-3.864766366739942893e-01,9.186917592015355627e-01,8.149393155533501965e-02,-3.677830452609001100e-01,1.159320499478144889e-01,-3.926900994897121466e-02,9.924805814989657859e-01,2.257842411184176612e-01,0.000000000000000000e+00,0.000000000000000000e+00,0.000000000000000000e+00,1.000000000000000000e+00
9.150191860867989968e-01,3.929469159278956014e-01,-9.128313292064087203e-02,-5.231872350084487699e-02,-3.864502657780595762e-01,9.187358327512701317e-01,8.112127771982748092e-02,-3.677705943603055694e-01,1.157414410361263940e-01,-3.895113453528210867e-02,9.925153540098486937e-01,2.258067669011178946e-01,0.000000000000000000e+00,0.000000000000000000e+00,0.000000000000000000e+00,1.000000000000000000e+00
9.150343019741093986e-01,3.929296989758448433e-01,-9.120568991848444773e-02,-5.229390501020081405e-02,-3.864399431132815588e-01,9.187431376517403159e-01,8.108771413993208499e-02,-3.677682882947914678e-01,1.156563728350429449e-01,-3.895251828300212715e-02,9.925252161744074764e-01,2.258268308738673458e-01,0.000000000000000000e+00,0.000000000000000000e+00,0.000000000000000000e+00,1.000000000000000000e+00
9.150200118935437610e-01,3.929691109352454470e-01,-9.117925029907866796e-02,-5.227281375908265915e-02,-3.864348757633896403e-01,9.187106021023068170e-01,8.147954576794440296e-02,-3.677434155726007070e-01,1.157862886013402426e-01,-3.932057267614154361e-02,9.924955556254887457e-01,2.258500966835172985e-01,0.000000000000000000e+00,0.000000000000000000e+00,0.000000000000000000e+00,1.000000000000000000e+00
9.150238080019522657e-01,3.929405686985525392e-01,-9.126412362185240545e-02,-5.228597543102408984e-02,-3.864062040251433627e-01,9.187252144217787908e-01,8.145075737239072800e-02,-3.677269381235777068e-01,1.158519584663371127e-01,-3.926435860312664505e-02,9.924901177659147811e-01,2.258958115811615652e-01,0.000000000000000000e+00,0.000000000000000000e+00,0.000000000000000000e+00,1.000000000000000000e+00
9.150168669646072672e-01,3.929239543641132593e-01,-9.140513802376044883e-02,-5.230117769920594739e-02,-3.864296752327209261e-01,9.187499906663237903e-01,8.105899549195005882e-02,-3.678478464987342544e-01,1.158284907516637791e-01,-3.884869029321858652e-02,9.925092140593424483e-01,2.256900216871848830e-01,0.000000000000000000e+00,0.000000000000000000e+00,0.000000000000000000e+00,1.000000000000000000e+00
9.150375287414853620e-01,3.929288790706718659e-01,-9.117684457657404540e-02,-5.229138566538726884e-02,-3.864390719507652117e-01,9.187426064853926322e-01,8.109788343883114758e-02,-3.678097570473728428e-01,1.156337522720191080e-01,-3.897331164646264390e-02,9.925270355586295334e-01,2.257565556826457431e-01,0.000000000000000000e+00,0.000000000000000000e+00,0.000000000000000000e+00,1.000000000000000000e+00
9.149958727251996660e-01,3.930255321830679605e-01,-9.117830853918368339e-02,-5.231356828515854041e-02,-3.864738409779936990e-01,9.186807301316179952e-01,8.163140525896724065e-02,-3.676888124735241403e-01,1.158469815557005012e-01,-3.945436778169825187e-02,9.924831634478137321e-01,2.259486877341079225e-01,0.000000000000000000e+00,0.000000000000000000e+00,0.000000000000000000e+00,1.000000000000000000e+00
9.150271502070768115e-01,3.929991628213587163e-01,-9.097786766915899603e-02,-5.228685178935033040e-02,-3.864391820139816414e-01,9.186829560285971752e-01,8.177031800674097739e-02,-3.677055835182118093e-01,1.157154829237669880e-01,-3.966464829378854584e-02,9.924901222115258825e-01,2.259280970089934115e-01,0.000000000000000000e+00,0.000000000000000000e+00,0.000000000000000000e+00,1.000000000000000000e+00
9.150080371161873893e-01,3.929838804612573733e-01,-9.123574798506459138e-02,-5.230155936781688553e-02,-3.864033672267688790e-01,9.186902952720115145e-01,8.185706547903642827e-02,-3.676456057468120431e-01,1.159859034908847786e-01,-3.964607257518249633e-02,9.924592984706056553e-01,2.260225802225246383e-01,0.000000000000000000e+00,0.000000000000000000e+00,0.000000000000000000e+00,1.000000000000000000e+00
9.150667453833406517e-01,3.929230704677111885e-01,-9.090826248348861383e-02,-5.225319851674781191e-02,-3.864034533807131910e-01,9.187268723000654447e-01,8.144510623234806068e-02,-3.676835284755166078e-01,1.155215248730719763e-01,-3.940044172297482716e-02,9.925232402735136850e-01,2.259893456000627854e-01,0.000000000000000000e+00,0.000000000000000000e+00,0.000000000000000000e+00,1.000000000000000000e+00
9.150583861900899452e-01,3.929005181986920947e-01,-9.108969569818355094e-02,-5.228313501081083281e-02,-3.864013415905681592e-01,9.187488477607141935e-01,8.120688366985481799e-02,-3.677017460266240323e-01,1.155947796407670730e-01,-3.911185929560898056e-02,9.925261252895277719e-01,2.259542217177270551e-01,0.000000000000000000e+00,0.000000000000000000e+00,0.000000000000000000e+00,1.000000000000000000e+00
9.150073160265446148e-01,3.929524876512202614e-01,-9.137808307584982526e-02,-5.233265922945606885e-02,-3.864008876489758437e-01,9.187177636190773100e-01,8.155994626558413230e-02,-3.676513825112062150e-01,1.159998519050041421e-01,-3.931937511557109799e-02,9.924706651073059716e-01,2.260037942624397722e-01,0.000000000000000000e+00,0.000000000000000000e+00,0.000000000000000000e+00,1.000000000000000000e+00
9.149976084619056982e-01,3.929413446049407344e-01,-9.152309112488862808e-02,-5.232311119632737650e-02,-3.863881962342137766e-01,9.187263336040830675e-01,8.152352883229538327e-02,-3.677408173394928759e-01,1.161186389855831114e-01,-3.923039182140019426e-02,9.924602954464604165e-01,2.258537801995814664e-01,0.000000000000000000e+00,0.000000000000000000e+00,0.000000000000000000e+00,1.000000000000000000e+00
9.150366307605263261e-01,3.930176550284200099e-01,-9.080246253481229213e-02,-5.225995642619229997e-02,-3.864860294872665136e-01,9.186794718922484115e-01,8.158784796124526895e-02,-3.677448474487885477e-01,1.154838230125409121e-01,-3.956198629671407729e-02,9.925212017194730008e-01,2.258640489853642741e-01,0.000000000000000000e+00,0.000000000000000000e+00,0.000000000000000000e+00,1.000000000000000000e+00
9.150361459488188798e-01,3.929088010408715026e-01,-9.127719141032131223e-02,-5.229426925367552936e-02,-3.863990703753412137e-01,9.187473958684814201e-01,8.123411228022128783e-02,-3.677547946465398176e-01,1.157782795700629253e-01,-3.906272711304707712e-02,9.925066716804918920e-01,2.258261457508470293e-01,0.000000000000000000e+00,0.000000000000000000e+00,0.000000000000000000e+00,1.000000000000000000e+00
9.150267715685670433e-01,3.929772670147320679e-01,-9.107620393076046317e-02,-5.229062220024160990e-02,-3.864547919117702901e-01,9.187080253974427846e-01,8.141411351087644854e-02,-3.676916025055034787e-01,1.156663352978551662e-01,-3.929925800779814071e-02,9.925103864437896384e-01,2.259390118630850708e-01,0.000000000000000000e+00,0.000000000000000000e+00,0.000000000000000000e+00,1.000000000000000000e+00
9.150494411910807813e-01,3.929291658647283136e-01,-9.105597612864242685e-02,-5.221081255691362166e-02,-3.864494591303627158e-01,9.187422796433187822e-01,8.105207667696257001e-02,-3.678417869847676602e-01,1.155046999638594390e-01,-3.897812474513014797e-02,9.925418732112072373e-01,2.257048323734949236e-01,0.000000000000000000e+00,0.000000000000000000e+00,0.000000000000000000e+00,1.000000000000000000e+00
9.150593728974305563e-01,3.928549210310804396e-01,-9.127625701257122137e-02,-5.220826455433780211e-02,-3.863763324932194543e-01,9.187806725045255529e-01,8.096545881560412994e-02,-3.678060712127092513e-01,1.156705397309554240e-01,-3.882121654193368410e-02,9.925287096021726541e-01,2.257639058033038548e-01,0.000000000000000000e+00,0.000000000000000000e+00,0.000000000000000000e+00,1.000000000000000000e+00
9.150141479468549832e-01,3.929368196543640002e-01,-9.137704753933188762e-02,-5.228456892820321222e-02,-3.863424198041132129e-01,9.187098081425113527e-01,8.192571685772859214e-02,-3.675605268410909732e-01,1.161406204434684980e-01,-3.966036034460884707e-02,9.924406340433378215e-01,2.261418879091832146e-01,0.000000000000000000e+00,0.000000000000000000e+00,0.000000000000000000e+00,1.000000000000000000e+00
9.150141105819272758e-01,3.929687390757829468e-01,-9.124005449995048478e-02,-5.228004329897739666e-02,-3.864443105820160596e-01,9.187159192378299144e-01,8.137477838851385481e-02,-3.677892303174248867e-01,1.158014345971372649e-01,-3.919987051226850316e-02,9.924985631712857082e-01,2.257978362369068570e-01,0.000000000000000000e+00,0.000000000000000000e+00,0.000000000000000000e+00,1.000000000000000000e+00
9.150222976115542917e-01,3.929773674167438280e-01,-9.112070879815196978e-02,-5.231756051489955262e-02,-3.864462715515092350e-01,9.187063994105340026e-01,8.147288436080732388e-02,-3.677076167456300171e-01,1.157301779036448292e-01,-3.933624766468976630e-02,9.925014788613933936e-01,2.259007031276993871e-01,0.000000000000000000e+00,0.000000000000000000e+00,0.000000000000000000e+00,1.000000000000000000e+00
9.150126813442414075e-01,3.930122562195320080e-01,-9.106678560515102383e-02,-5.231809600721948339e-02,-3.864740564427930347e-01,9.186875639520267756e-01,8.155343975911406862e-02,-3.677315571368109381e-01,1.157134247867308008e-01,-3.942748154680417172e-02,9.924998121022502451e-01,2.258632509098685848e-01,0.000000000000000000e+00,0.000000000000000000e+00,0.000000000000000000e+00,1.000000000000000000e+00
9.149883180921287718e-01,3.930057261050383111e-01,-9.133935079465550777e-02,-5.232686255132024122e-02,-3.864289559260719042e-01,9.186854785383402611e-01,8.179030226540918991e-02,-3.676511521794091353e-01,1.160561923243371013e-01,-3.954100114352962492e-02,9.924552732751960038e-01,2.259862843156716927e-01,0.000000000000000000e+00,0.000000000000000000e+00,0.000000000000000000e+00,1.000000000000000000e+00
9.150322156946960606e-01,3.929292009160688659e-01,-9.122876360180814936e-02,-5.226370884380371340e-02,-3.864636142383077733e-01,9.187521552750518294e-01,8.087244306506019553e-02,-3.678579489481160758e-01,1.155937676119238311e-01,-3.874429306241824328e-02,9.925406594414023509e-01,2.256825196069220940e-01,0.000000000000000000e+00,0.000000000000000000e+00,0.000000000000000000e+00,1.000000000000000000e+00
9.150130693001446991e-01,3.929628309485799220e-01,-9.127593605549289002e-02,-5.231929320148409612e-02,-3.864653919151707639e-01,9.187286089846408155e-01,8.113102911340663859e-02,-3.677585294525334003e-01,1.157392926442099290e-01,-3.896096156442747926e-02,9.925152188315266022e-01,2.258188241019116749e-01,0.000000000000000000e+00,0.000000000000000000e+00,0.000000000000000000e+00,1.000000000000000000e+00
9.150425595863294070e-01,3.929904161065783663e-01,-9.086059098463512840e-02,-5.226692562497259331e-02,-3.864677436301405811e-01,9.186958482590097397e-01,8.149000874393480531e-02,-3.677394556985748020e-01,1.154980401527519601e-01,-3.945213859902944181e-02,9.925239198532377349e-01,2.258715190484195112e-01,0.000000000000000000e+00,0.000000000000000000e+00,0.000000000000000000e+00,1.000000000000000000e+00
9.150882209099104880e-01,3.928541238929975643e-01,-9.099002853170355676e-02,-5.220995020768859352e-02,-3.863955249849815310e-01,9.187792200924170816e-01,8.089031461151768854e-02,-3.678165612153482256e-01,1.153778411286820876e-01,-3.886363424379061376e-02,9.925611173675147336e-01,2.257441416226209085e-01,0.000000000000000000e+00,0.000000000000000000e+00,0.000000000000000000e+00,1.000000000000000000e+00
9.149681616598522860e-01,3.929747397283397947e-01,-9.167397168353920434e-02,-5.236755451531927008e-02,-3.864204615289050238e-01,9.187163359434092902e-01,8.148325584133825350e-02,-3.677273433811719672e-01,1.162432366229485953e-01,-3.912988635506768620e-02,9.924496772800427413e-01,2.258451635272507030e-01,0.000000000000000000e+00,0.000000000000000000e+00,0.000000000000000000e+00,1.000000000000000000e+00
9.150253315425112000e-01,3.929458283166198940e-01,-9.122619494466960299e-02,-5.229145594746875680e-02,-3.864547003652784585e-01,9.187364535527512421e-01,8.109311610054295572e-02,-3.677842410129087414e-01,1.156780324914813418e-01,-3.894746361290791353e-02,9.925228903541826186e-01,2.257928017878503280e-01,0.000000000000000000e+00,0.000000000000000000e+00,0.000000000000000000e+00,1.000000000000000000e+00
9.149521302144053569e-01,3.930593459551461333e-01,-9.147103352118947373e-02,-5.235863784864480674e-02,-3.864366446647472531e-01,9.186511026711599026e-01,8.213934027805309956e-02,-3.675894154634722910e-01,1.163156011735900913e-01,-3.980580508386551142e-02,9.924143181178169959e-01,2.260835451575955446e-01,0.000000000000000000e+00,0.000000000000000000e+00,0.000000000000000000e+00,1.000000000000000000e+00
9.149957118425033897e-01,3.929595781430056389e-01,-9.146374831320765175e-02,-5.233498258949664805e-02,-3.864562924333307947e-01,9.187336178527916175e-01,8.111765199883880229e-02,-3.677670192245173220e-01,1.159067786995852528e-01,-3.887556266849243047e-02,9.924990223061651573e-01,2.258210930275974526e-01,0.000000000000000000e+00,0.000000000000000000e+00,0.000000000000000000e+00,1.000000000000000000e+00
9.150029529658713079e-01,3.929739776778645721e-01,-9.132934321329935767e-02,-5.232429212971834165e-02,-3.864281736530172928e-01,9.187091509995867211e-01,8.152767920658723910e-02,-3.676863786282888458e-01,1.159433597534976212e-01,-3.930583592363674772e-02,9.924778025686091798e-01,2.259546352300640937e-01,0.000000000000000000e+00,0.000000000000000000e+00,0.000000000000000000e+00,1.000000000000000000e+00
9.149755588018315677e-01,3.929975785646411812e-01,-9.150207668465909494e-02,-5.234287669781512164e-02,-3.864838571139057044e-01,9.187151543570568624e-01,8.119540224081549240e-02,-3.677692831304213428e-01,1.159739409765603302e-01,-3.892773300641019785e-02,9.924891317376465238e-01,2.258124853510636854e-01,0.000000000000000000e+00,0.000000000000000000e+00,0.000000000000000000e+00,1.000000000000000000e+00
9.150255618359068865e-01,3.929496152009673837e-01,-9.120757150749463082e-02,-5.224247189256681079e-02,-3.863713369423602551e-01,9.187047140922522948e-01,8.184643116255066464e-02,-3.676928990942166520e-01,1.159543495357382575e-01,-3.965158531616017751e-02,9.924627653497430924e-01,2.259508726839707382e-01,0.000000000000000000e+00,0.000000000000000000e+00,0.000000000000000000e+00,1.000000000000000000e+00
9.150442672685537016e-01,3.929000390422298095e-01,-9.123348211906778804e-02,-5.226284206352627137e-02,-3.864228070906354784e-01,9.187607436554918738e-01,8.096980966879775699e-02,-3.678146079576084526e-01,1.156347832581072765e-01,-3.883626189815582441e-02,9.925322874660695849e-01,2.257493310041991386e-01,0.000000000000000000e+00,0.000000000000000000e+00,0.000000000000000000e+00,1.000000000000000000e+00
9.149941868804010170e-01,3.929985008043128669e-01,-9.131164405833884501e-02,-5.229320252231661748e-02,-3.864111288573864877e-01,9.186840778458431611e-01,8.189019848366108079e-02,-3.676290390703343403e-01,1.160692787529692821e-01,-3.964522011662551665e-02,9.924495851435830573e-01,2.260360161239423071e-01,0.000000000000000000e+00,0.000000000000000000e+00,0.000000000000000000e+00,1.000000000000000000e+00
9.151359506991592063e-01,3.928740156179392762e-01,-9.042234010564603741e-02,-5.214238207188559571e-02,-3.864164309061581259e-01,9.187540976449574126e-01,8.107558193652625311e-02,-3.678386572119826670e-01,1.149283849346726116e-01,-3.925450181616404327e-02,9.925978795179205560e-01,2.257549103608338381e-01,0.000000000000000000e+00,0.000000000000000000e+00,0.000000000000000000e+00,1.000000000000000000e+00
9.150010145427747155e-01,3.930211688450714336e-01,-9.114551127371500749e-02,-5.231052456167528675e-02,-3.864588685007122049e-01,9.186779626159878864e-01,8.173337115821642518e-02,-3.677029940579641387e-01,1.158563176647793291e-01,-3.956212637601036475e-02,9.924777840404118701e-01,2.259383562225769637e-01,0.000000000000000000e+00,0.000000000000000000e+00,0.000000000000000000e+00,1.000000000000000000e+00
9.150415692103083254e-01,3.928720897644920607e-01,-9.138078409172020744e-02,-5.227824826006810532e-02,-3.863463754797247240e-01,9.187606590772486870e-01,8.133467578849384871e-02,-3.677007613844687217e-01,1.159111934664476262e-01,-3.911997464238368971e-02,9.924889031183992127e-01,2.259332274594274548e-01,0.000000000000000000e+00,0.000000000000000000e+00,0.000000000000000000e+00,1.000000000000000000e+00
9.150181476196852515e-01,3.929798467648265570e-01,-9.115168436915302430e-02,-5.230958595435586389e-02,-3.864451332857643528e-01,9.187050568757969549e-01,8.149341955389376169e-02,-3.677272914124769532e-01,1.157667849013182815e-01,-3.934283298813844032e-02,9.924969486129817664e-01,2.258741489457845031e-01,0.000000000000000000e+00,0.000000000000000000e+00,0.000000000000000000e+00,1.000000000000000000e+00
9.150227580400073224e-01,3.929753054990031136e-01,-9.112497756830111040e-02,-5.225895592741658380e-02,-3.864244491442380691e-01,9.187006749178429077e-01,8.164076805782771729e-02,-3.676934554957306256e-01,1.157993841625696435e-01,-3.949024149666623129e-02,9.924872913312817735e-01,2.259332006372474222e-01,0.000000000000000000e+00,0.000000000000000000e+00,0.000000000000000000e+00,1.000000000000000000e+00
9.150069185689364559e-01,3.930032525270840127e-01,-9.116349309955679159e-02,-5.232157522825797713e-02,-3.865079912903482962e-01,9.187088537924692488e-01,8.115179993091703459e-02,-3.677795662515201403e-01,1.156456295744890672e-01,-3.901903979418998997e-02,9.925238550754634792e-01,2.257795768978743123e-01,0.000000000000000000e+00,0.000000000000000000e+00,0.000000000000000000e+00,1.000000000000000000e+00
9.149602462695819449e-01,3.930234978441196625e-01,-9.154385773321774278e-02,-5.242326204979963489e-02,-3.864800305865483954e-01,9.186954145559395046e-01,8.143660867024990480e-02,-3.676836466147028748e-01,1.161074231224127895e-01,-3.913138658754677923e-02,9.924655162168655176e-01,2.259136901870619774e-01,0.000000000000000000e+00,0.000000000000000000e+00,0.000000000000000000e+00,1.000000000000000000e+00
9.150571289759764637e-01,3.929011605270869012e-01,-9.109955415210135854e-02,-5.226846245300476035e-02,-3.864238379185460648e-01,9.187562500814214772e-01,8.101586526493374796e-02,-3.677345049256457998e-01,1.155295122405726183e-01,-3.893110572271138436e-02,9.925408308017673598e-01,2.258595280462125654e-01,0.000000000000000000e+00,0.000000000000000000e+00,0.000000000000000000e+00,1.000000000000000000e+00
9.149772766110781941e-01,3.929853618863631270e-01,-9.153736192625891444e-02,-5.236204700230706610e-02,-3.864296237072768481e-01,9.187072386970799309e-01,8.154235394590535202e-02,-3.677401709744080871e-01,1.161409884873860487e-01,-3.923665261756004163e-02,9.924574327821531483e-01,2.258355036239325653e-01,0.000000000000000000e+00,0.000000000000000000e+00,0.000000000000000000e+00,1.000000000000000000e+00
9.149832726754570933e-01,3.929598697659821283e-01,-9.158685210013928213e-02,-5.233417467934475820e-02,-3.864338297051998494e-01,9.187295245149786904e-01,8.127088066370374841e-02,-3.677802263056595411e-01,1.160797397631603278e-01,-3.896923835519162937e-02,9.924751344384067364e-01,2.257712527635891142e-01,0.000000000000000000e+00,0.000000000000000000e+00,0.000000000000000000e+00,1.000000000000000000e+00
9.150046382237689846e-01,3.930035106352078311e-01,-9.118526557175665737e-02,-5.232234736033980482e-02,-3.864802489027411858e-01,9.186999303512392023e-01,8.138461267772688357e-02,-3.677466274609765273e-01,1.157563356238653918e-01,-3.922599394572998110e-02,9.925027920171834994e-01,2.258238560734866507e-01,0.000000000000000000e+00,0.000000000000000000e+00,0.000000000000000000e+00,1.000000000000000000e+00
9.150355289935055980e-01,3.929206434958975036e-01,-9.123238785839832277e-02,-5.227587205939454584e-02,-3.864150560163973624e-01,9.187424348314902067e-01,8.121417932694718900e-02,-3.677539465505831329e-01,1.157297937586510561e-01,-3.906029127739388263e-02,9.925124223312801197e-01,2.258506818295484830e-01,0.000000000000000000e+00,0.000000000000000000e+00,0.000000000000000000e+00,1.000000000000000000e+00
9.150227883658821337e-01,3.929713626661348602e-01,-9.114167485539904912e-02,-5.229837422125482860e-02,-3.864787039587712636e-01,9.187225925784433533e-01,8.113574595880801432e-02,-3.677929504830541596e-01,1.156179404654598536e-01,-3.901674012862800522e-02,9.925271713319795408e-01,2.257703077866513031e-01,0.000000000000000000e+00,0.000000000000000000e+00,0.000000000000000000e+00,1.000000000000000000e+00
9.149546138248252358e-01,3.930364383658595528e-01,-9.154459436441431119e-02,-5.237665033838467821e-02,-3.864654326947387641e-01,9.186806498104458374e-01,8.167210659659446259e-02,-3.677050446220496704e-01,1.162003613278961289e-01,-3.934744947943932813e-02,9.924460963935167745e-01,2.259018597225592728e-01,0.000000000000000000e+00,0.000000000000000000e+00,0.000000000000000000e+00,1.000000000000000000e+00
9.149929580245224070e-01,3.930098952296547377e-01,-9.127490902274601470e-02,-5.228983095452210961e-02,-3.864532871674681291e-01,9.186886159283307318e-01,8.163996448521131100e-02,-3.677202226445506761e-01,1.159385337279764672e-01,-3.942650396958866099e-02,9.924735800925599261e-01,2.258910735027783723e-01,0.000000000000000000e+00,0.000000000000000000e+00,0.000000000000000000e+00,1.000000000000000000e+00
9.149918271210740750e-01,3.930092436548844326e-01,-9.128905029330765253e-02,-5.233490712169741599e-02,-3.864384496793757950e-01,9.186844926797552713e-01,8.175651361904506809e-02,-3.676587469272681874e-01,1.159969004372051610e-01,-3.952894270729064713e-02,9.924626853325039244e-01,2.259642843031384185e-01,0.000000000000000000e+00,0.000000000000000000e+00,0.000000000000000000e+00,1.000000000000000000e+00
9.150030898733013673e-01,3.929981933146011741e-01,-9.122371168600004743e-02,-5.231434324739336894e-02,-3.864929376035545205e-01,9.187094280834705584e-01,8.121696825859336943e-02,-3.677362832137238136e-01,1.157262057828130075e-01,-3.905645659813290760e-02,9.925129915991589558e-01,2.258459445229172857e-01,0.000000000000000000e+00,0.000000000000000000e+00,0.000000000000000000e+00,1.000000000000000000e+00
9.150673232528265810e-01,3.929226589817235715e-01,-9.090422417929447385e-02,-5.223495149219159472e-02,-3.864287544328360302e-01,9.187356750703429276e-01,8.122547076212328909e-02,-3.677790213726408464e-01,1.154322817170055915e-01,-3.919876798795882133e-02,9.925416086622426137e-01,2.258045615163337683e-01,0.000000000000000000e+00,0.000000000000000000e+00,0.000000000000000000e+00,1.000000000000000000e+00
9.150644448195307534e-01,3.929721627191040678e-01,-9.071902311529858598e-02,-5.222211261585374409e-02,-3.864668732059260980e-01,9.187052167410382220e-01,8.138845524542646925e-02,-3.677554195900527567e-01,1.153274370718379016e-01,-3.941578441020981982e-02,9.925452020929672603e-01,2.258588756603676639e-01,0.000000000000000000e+00,0.000000000000000000e+00,0.000000000000000000e+00,1.000000000000000000e+00
9.150544847231717460e-01,3.928677959273160214e-01,-9.126984667032034260e-02,-5.226973173012861018e-02,-3.863721018822050546e-01,9.187692778736247234e-01,8.111481321377293774e-02,-3.678057548359106033e-01,1.157233290012775750e-01,-3.896035111226706094e-02,9.925171042183964509e-01,2.257755406286265920e-01,0.000000000000000000e+00,0.000000000000000000e+00,0.000000000000000000e+00,1.000000000000000000e+00
9.150472644767791985e-01,3.929319693018599180e-01,-9.106575247658028893e-02,-5.227687878774900376e-02,-3.864144939911766663e-01,9.187285997948720917e-01,8.137320660080277213e-02,-3.677596385014774150e-01,1.156388455801355269e-01,-3.927120343860485835e-02,9.925147001296139582e-01,2.258534818384565490e-01,0.000000000000000000e+00,0.000000000000000000e+00,0.000000000000000000e+00,1.000000000000000000e+00
9.150369484302290912e-01,3.929636082943191444e-01,-9.103288177248317070e-02,-5.223112418219910680e-02,-3.864109786305499061e-01,9.187022185135717001e-01,8.168714275834397520e-02,-3.676755130335865873e-01,1.157321848116359964e-01,-3.957064890231519472e-02,9.924919269919402209e-01,2.260301043053047909e-01,0.000000000000000000e+00,0.000000000000000000e+00,0.000000000000000000e+00,1.000000000000000000e+00
9.149663014353155432e-01,3.930226833074314530e-01,-9.148681677490982933e-02,-5.240287162554702061e-02,-3.864558657846174916e-01,9.186861504755040597e-01,8.165550027500639851e-02,-3.677499249612159460e-01,1.161401353470933873e-01,-3.935641409384654094e-02,9.924527906309865699e-01,2.258973766473242328e-01,0.000000000000000000e+00,0.000000000000000000e+00,0.000000000000000000e+00,1.000000000000000000e+00
9.149319002182850769e-01,3.930723022155638291e-01,-9.161759216392301175e-02,-5.242400070017216862e-02,-3.864737478691341876e-01,9.186583222753246236e-01,8.188363158941436293e-02,-3.677058732034779176e-01,1.163514510908365829e-01,-3.951015243253971909e-02,9.924219302715022728e-01,2.259527244724615080e-01,0.000000000000000000e+00,0.000000000000000000e+00,0.000000000000000000e+00,1.000000000000000000e+00
9.150134057756550421e-01,3.929587961130487361e-01,-9.128993267726843996e-02,-5.231825422422242688e-02,-3.864190050126883325e-01,9.187164315502962531e-01,8.148908494083176302e-02,-3.676831594388870750e-01,1.158914139004300486e-01,-3.928744019242674107e-02,9.924845979798809781e-01,2.259857035901247091e-01,0.000000000000000000e+00,0.000000000000000000e+00,0.000000000000000000e+00,1.000000000000000000e+00
9.150722050704034327e-01,3.928922557501646207e-01,-9.098645437172092620e-02,-5.222967278648882328e-02,-3.864150081777908419e-01,9.187566680341396896e-01,8.105323187735299917e-02,-3.677729198834245317e-01,1.154395987629369402e-01,-3.901102811197537656e-02,9.925481543598272394e-01,2.258201278414997404e-01,0.000000000000000000e+00,0.000000000000000000e+00,0.000000000000000000e+00,1.000000000000000000e+00
9.150104206754101632e-01,3.929559424616478336e-01,-9.133212654639814854e-02,-5.228028780851856627e-02,-3.863820788197482314e-01,9.187073409903570020e-01,8.176619581072655518e-02,-3.676805854103297189e-01,1.160380076627439278e-01,-3.952782430777523892e-02,9.924579244900787467e-01,2.259654189824891191e-01,0.000000000000000000e+00,0.000000000000000000e+00,0.000000000000000000e+00,1.000000000000000000e+00
9.150147900876934859e-01,3.929405256264988378e-01,-9.135467826633297816e-02,-5.226218153231254604e-02,-3.864105021020340924e-01,9.187294284732046012e-01,8.138280606217072888e-02,-3.677365426539890292e-01,1.159088339430103531e-01,-3.916606410746112377e-02,9.924873609453683798e-01,2.258733197875677501e-01,0.000000000000000000e+00,0.000000000000000000e+00,0.000000000000000000e+00,1.000000000000000000e+00
9.150321938002153876e-01,3.929938517122374408e-01,-9.095007875502450490e-02,-5.228837685362852650e-02,-3.864553991524002363e-01,9.186917256763542650e-01,8.159496087235727779e-02,-3.676490367151726835e-01,1.156214027553907620e-01,-3.951386706186058029e-02,9.925071009996319082e-01,2.260346092065423917e-01,0.000000000000000000e+00,0.000000000000000000e+00,0.000000000000000000e+00,1.000000000000000000e+00
9.149906985396628611e-01,3.929852835518147791e-01,-9.140343810601349317e-02,-5.234497117001501998e-02,-3.864232821872145007e-01,9.187011078427563815e-01,8.164141983180349393e-02,-3.677076336594619077e-01,1.160563163708054485e-01,-3.938072320555011108e-02,9.924616315355710983e-01,2.259135564322294343e-01,0.000000000000000000e+00,0.000000000000000000e+00,0.000000000000000000e+00,1.000000000000000000e+00
9.150195662033021593e-01,3.929559237972646280e-01,-9.124053604489337777e-02,-5.229685529236294261e-02,-3.864055793951051143e-01,9.187125708303721661e-01,8.159620340789081050e-02,-3.676877728895411312e-01,1.158875389222424612e-01,-3.940627045137765072e-02,9.924803394383482358e-01,2.259785309938053821e-01,0.000000000000000000e+00,0.000000000000000000e+00,0.000000000000000000e+00,1.000000000000000000e+00
9.149811580344389128e-01,3.930032441201668503e-01,-9.142171816905354798e-02,-5.233226710397320680e-02,-3.864582845941406664e-01,9.186998223244156048e-01,8.149006522050246393e-02,-3.677397465174667701e-01,1.160149762337237128e-01,-3.923119386549588083e-02,9.924723868790389369e-01,2.258639985399175654e-01,0.000000000000000000e+00,0.000000000000000000e+00,0.000000000000000000e+00,1.000000000000000000e+00
9.150298879874460001e-01,3.929263963312352725e-01,-9.126418331323386812e-02,-5.229069377057926626e-02,-3.864409286001504462e-01,9.187477228466260915e-01,8.103104631431720661e-02,-3.677792760021215690e-01,1.156879976157247220e-01,-3.887761348499475800e-02,9.925244673948223628e-01,2.257985327398135400e-01,0.000000000000000000e+00,0.000000000000000000e+00,0.000000000000000000e+00,1.000000000000000000e+00
9.150639092343636483e-01,3.928763804972265072e-01,-9.113831062798329052e-02,-5.225453861753603935e-02,-3.864255586512145291e-01,9.187768051148632598e-01,8.077419144764762249e-02,-3.678591178428052832e-01,1.154700378358863161e-01,-3.869537479238296940e-02,9.925569698167737709e-01,2.256985233356154641e-01,0.000000000000000000e+00,0.000000000000000000e+00,0.000000000000000000e+00,1.000000000000000000e+00
9.150330928664551777e-01,3.929351436284659882e-01,-9.119436309842010591e-02,-5.229599849732424754e-02,-3.864633971267258938e-01,9.187465502038075771e-01,8.093713097135012136e-02,-3.678228478606945240e-01,1.155875496778102918e-01,-3.881686991862827452e-02,9.925385478505106551e-01,2.257313759675405596e-01,0.000000000000000000e+00,0.000000000000000000e+00,0.000000000000000000e+00,1.000000000000000000e+00
9.150670588947006356e-01,3.928975650762561722e-01,-9.101527939281368884e-02,-5.222810815915635008e-02,-3.864243977046047940e-01,9.187566585619406645e-01,8.100856255193886191e-02,-3.677722017440648861e-01,1.154489609500072983e-01,-3.895774255840571410e-02,9.925491583343956092e-01,2.258228150839747261e-01,0.000000000000000000e+00,0.000000000000000000e+00,0.000000000000000000e+00,1.000000000000000000e+00
9.150550563722164021e-01,3.928993177218215727e-01,-9.112831580451288827e-02,-5.225600763984794561e-02,-3.863928406924226899e-01,9.187480460002297455e-01,8.125638825593883841e-02,-3.677388033090037700e-01,1.156495415869858712e-01,-3.914274012491887611e-02,9.925185285052532391e-01,2.258754749700047082e-01,0.000000000000000000e+00,0.000000000000000000e+00,0.000000000000000000e+00,1.000000000000000000e+00
9.149910245702843614e-01,3.929594029144498069e-01,-9.151137971280072503e-02,-5.230616452606151601e-02,-3.863749669090427719e-01,9.187077286860911851e-01,8.179544118396571417e-02,-3.676334665551718173e-01,1.162144995336527459e-01,-3.948438822576098850e-02,9.924390022487931118e-01,2.260387013326068395e-01,0.000000000000000000e+00,0.000000000000000000e+00,0.000000000000000000e+00,1.000000000000000000e+00
9.150511331757379407e-01,3.929658158095405418e-01,-9.088064303766847651e-02,-5.224853791231975908e-02,-3.864211751840780917e-01,9.186993662106780478e-01,8.167098562803423722e-02,-3.676868429142927663e-01,1.155858946548146277e-01,-3.961492306241158612e-02,9.925072084512058801e-01,2.259559250671370201e-01,0.000000000000000000e+00,0.000000000000000000e+00,0.000000000000000000e+00,1.000000000000000000e+00
9.150862793876969326e-01,3.929089623449428803e-01,-9.077251007547545991e-02,-5.222839738640694396e-02,-3.864457265221529214e-01,9.187479209444268102e-01,8.100591467947773627e-02,-3.677827235655781735e-01,1.152250047912666830e-01,-3.904875246808393874e-02,9.925716060826740295e-01,2.258169569025831880e-01,0.000000000000000000e+00,0.000000000000000000e+00,0.000000000000000000e+00,1.000000000000000000e+00
9.150444992281296930e-01,3.929463152564972583e-01,-9.103163053951751627e-02,-5.223914290994002840e-02,-3.864303887679857441e-01,9.187220172933702189e-01,8.137204419838645064e-02,-3.677246017648633236e-01,1.156076081794150667e-01,-3.928165305511235883e-02,9.925179256135846506e-01,2.258951604734271701e-01,0.000000000000000000e+00,0.000000000000000000e+00,0.000000000000000000e+00,1.000000000000000000e+00
9.149952612683189823e-01,3.929807754870053849e-01,-9.137714131090499126e-02,-5.233214578829037400e-02,-3.864774556149297435e-01,9.187220458009727198e-01,8.114788266298783581e-02,-3.677679474671370352e-01,1.158397520626286425e-01,-3.893472302338699120e-02,9.925045285464250133e-01,2.258068366658552151e-01,0.000000000000000000e+00,0.000000000000000000e+00,0.000000000000000000e+00,1.000000000000000000e+00
9.150854221507431774e-01,3.928670244459572247e-01,-9.096247176817480462e-02,-5.221851030607127520e-02,-3.864159286518037417e-01,9.187754616997561019e-01,8.083551857051715639e-02,-3.678719893417770614e-01,1.153316966465008225e-01,-3.882205663511319182e-02,9.925681073192206272e-01,2.256710638418326642e-01,0.000000000000000000e+00,0.000000000000000000e+00,0.000000000000000000e+00,1.000000000000000000e+00
9.150884737674684910e-01,3.929260696663015029e-01,-9.067628661628274189e-02,-5.221191129046021118e-02,-3.864549159725915173e-01,9.187350909855472869e-01,8.110752438828176814e-02,-3.677678122320084952e-01,1.151767472128933101e-01,-3.917826397852831877e-02,9.925721034429118017e-01,2.258279326218723959e-01,0.000000000000000000e+00,0.000000000000000000e+00,0.000000000000000000e+00,1.000000000000000000e+00
9.150691616736787992e-01,3.928900361788818518e-01,-9.102663799782761966e-02,-5.225627187987291755e-02,-3.863866163472144954e-01,9.187499544863738654e-01,8.126440696292812349e-02,-3.676903543904613825e-01,1.155586953092719582e-01,-3.919107810003191750e-02,9.925272023152695855e-01,2.259509900627225676e-01,0.000000000000000000e+00,0.000000000000000000e+00,0.000000000000000000e+00,1.000000000000000000e+00
9.150352574794686777e-01,3.929689717206489297e-01,-9.102672593419373903e-02,-5.228996388558693198e-02,-3.864114569947745270e-01,9.186980871074483801e-01,8.173133210887392752e-02,-3.676416633181038285e-01,1.157439565275807797e-01,-3.961328072668757194e-02,9.924888535985734173e-01,2.260228132310515559e-01,0.000000000000000000e+00,0.000000000000000000e+00,0.000000000000000000e+00,1.000000000000000000e+00
9.150042447210804397e-01,3.929957252192936568e-01,-9.122276087559830215e-02,-5.232341454796918256e-02,-3.864942389628077124e-01,9.187117172569276846e-01,8.118487435099573657e-02,-3.677830725334869655e-01,1.157127278693458050e-01,-3.902743309760810242e-02,9.925157046993495769e-01,2.257760305241540699e-01,0.000000000000000000e+00,0.000000000000000000e+00,0.000000000000000000e+00,1.000000000000000000e+00
9.150226679425619292e-01,3.929556664521687281e-01,-9.121053313300959975e-02,-5.231746471786069552e-02,-3.864476750818083284e-01,9.187261294152493374e-01,8.124342160162602300e-02,-3.677513507192884390e-01,1.157225629475127499e-01,-3.909147391447841124e-02,9.925120377567481222e-01,2.258311153599208421e-01,0.000000000000000000e+00,0.000000000000000000e+00,0.000000000000000000e+00,1.000000000000000000e+00
9.150167529078673256e-01,3.929363627983125662e-01,-9.135292381076783041e-02,-5.230915678895697862e-02,-3.864434127775113748e-01,9.187436270271752692e-01,8.106563092840733675e-02,-3.678160469675083588e-01,1.157835507264007996e-01,-3.887367473990174793e-02,9.925134794013648065e-01,2.257170895775875152e-01,0.000000000000000000e+00,0.000000000000000000e+00,0.000000000000000000e+00,1.000000000000000000e+00
9.150186335396547355e-01,3.930161662620342278e-01,-9.099007271079594117e-02,-5.225601866994278311e-02,-3.864085789615442912e-01,9.186597462055954288e-01,8.217469687434697523e-02,-3.676236209678322431e-01,1.158849014330291111e-01,-4.003203414971406165e-02,9.924556039751567527e-01,2.260638722589689564e-01,0.000000000000000000e+00,0.000000000000000000e+00,0.000000000000000000e+00,1.000000000000000000e+00
9.150140663661456841e-01,3.929490847660246922e-01,-9.132510680877739540e-02,-5.231750513808397507e-02,-3.863879330805276013e-01,9.187143588756900847e-01,8.165961036759644687e-02,-3.676982940997530758e-01,1.159897561073770234e-01,-3.943277288212758414e-02,9.924673460124407987e-01,2.259178149150473658e-01,0.000000000000000000e+00,0.000000000000000000e+00,0.000000000000000000e+00,1.000000000000000000e+00
9.150332770491989010e-01,3.929675396578899971e-01,-9.105281252014489624e-02,-5.230587520076357411e-02,-3.864579598249312520e-01,9.187158186435292473e-01,8.131106850916229589e-02,-3.677343430249920830e-01,1.156042697332403529e-01,-3.921424931545354486e-02,9.925209798639369474e-01,2.258914569392889149e-01,0.000000000000000000e+00,0.000000000000000000e+00,0.000000000000000000e+00,1.000000000000000000e+00
9.149728578162552584e-01,3.930119285606460955e-01,-9.146744485660653068e-02,-5.234351866057207481e-02,-3.864425440824935110e-01,9.186892511922627458e-01,8.168365728130462522e-02,-3.676878170070631557e-01,1.161328101037978205e-01,-3.939141724844665016e-02,9.924522591362034962e-01,2.259407570916476260e-01,0.000000000000000000e+00,0.000000000000000000e+00,0.000000000000000000e+00,1.000000000000000000e+00
9.150268227818341149e-01,3.929434788456018790e-01,-9.122135727173734387e-02,-5.223989043894117223e-02,-3.864292069867151236e-01,9.187294956270394275e-01,8.129318453907638520e-02,-3.677644104644382517e-01,1.157513782958993903e-01,-3.913484761183909366e-02,9.925069683004738019e-01,2.258474120397682139e-01,0.000000000000000000e+00,0.000000000000000000e+00,0.000000000000000000e+00,1.000000000000000000e+00
9.150174371885058111e-01,3.929910892114681920e-01,-9.111033663291380480e-02,-5.227420938757543212e-02,-3.864224182006343877e-01,9.186874554862317632e-01,8.179898437149019097e-02,-3.676725491219559050e-01,1.158481952943293675e-01,-3.964042043945918692e-02,9.924756081206379532e-01,2.259863111850923811e-01,0.000000000000000000e+00,0.000000000000000000e+00,0.000000000000000000e+00,1.000000000000000000e+00
9.150015718730816205e-01,3.930285403044100900e-01,-9.110812244786226088e-02,-5.230518436596898191e-02,-3.864571487089874524e-01,9.186705883423582630e-01,8.182433822784627997e-02,-3.676687783764477913e-01,1.158576526670100082e-01,-3.966001287052388358e-02,9.924737214141240438e-01,2.259778507371008605e-01,0.000000000000000000e+00,0.000000000000000000e+00,0.000000000000000000e+00,1.000000000000000000e+00
9.150028390331547135e-01,3.930462330021537998e-01,-9.101902704426129143e-02,-5.231404497481095817e-02,-3.864827732270639249e-01,9.186630796363413065e-01,8.178760365600384885e-02,-3.676955092274747372e-01,1.157621292132499646e-01,-3.965860355446669538e-02,9.924849241193163252e-01,2.259368161177395251e-01,0.000000000000000000e+00,0.000000000000000000e+00,0.000000000000000000e+00,1.000000000000000000e+00
9.150244419385412664e-01,3.929798961268085034e-01,-9.108826431118258182e-02,-5.231082446582613343e-02,-3.865031551616132655e-01,9.187227483630339142e-01,8.101742214111375129e-02,-3.678399329793854422e-01,1.155230786690647771e-01,-3.892701992750478845e-02,9.925417398852225404e-01,2.257183783188876358e-01,0.000000000000000000e+00,0.000000000000000000e+00,0.000000000000000000e+00,1.000000000000000000e+00
9.150459802102772766e-01,3.929145594914543738e-01,-9.115373300446433236e-02,-5.224122213981963192e-02,-3.864182794814209343e-01,9.187457985139346750e-01,8.116077251733762321e-02,-3.677707717440987789e-01,1.156363583983484322e-01,-3.904236996685661598e-02,9.925240178271454994e-01,2.258362960369484362e-01,0.000000000000000000e+00,0.000000000000000000e+00,0.000000000000000000e+00,1.000000000000000000e+00
9.149895988304614924e-01,3.929451649863698881e-01,-9.158674219506958425e-02,-5.233223396341835087e-02,-3.864649335450478507e-01,9.187510693587470634e-01,8.087847483837079521e-02,-3.677730152453200785e-01,1.159262229700136065e-01,-3.860789901035545368e-02,9.925071994509224726e-01,2.257880873260014187e-01,0.000000000000000000e+00,0.000000000000000000e+00,0.000000000000000000e+00,1.000000000000000000e+00
9.150148806647732114e-01,3.930096615128377269e-01,-9.105588459619651243e-02,-5.228350817389670890e-02,-3.864661225332846617e-01,9.186865117292577487e-01,8.160287556708319123e-02,-3.676798835147152000e-01,1.157225314971951913e-01,-3.947783079518664417e-02,9.924967489012684885e-01,2.259694684126494213e-01,0.000000000000000000e+00,0.000000000000000000e+00,0.000000000000000000e+00,1.000000000000000000e+00
9.150254010940449545e-01,3.930232569370558648e-01,-9.089133544662703068e-02,-5.226147362543498431e-02,-3.864457021152164495e-01,9.186640477763268198e-01,8.195173359906612887e-02,-3.675981008477343104e-01,1.157075393799372465e-01,-3.986335196397636227e-02,9.924830872618619626e-01,2.260963193563891860e-01,0.000000000000000000e+00,0.000000000000000000e+00,0.000000000000000000e+00,1.000000000000000000e+00
9.150683807468690256e-01,3.928924976951443937e-01,-9.102386397079621771e-02,-5.221412008514092484e-02,-3.864080329042983153e-01,9.187552464898266491e-01,8.110258414162027640e-02,-3.677867301203766037e-01,1.154932494318771236e-01,-3.904205812055536878e-02,9.925406928853734989e-01,2.258081060147483221e-01,0.000000000000000000e+00,0.000000000000000000e+00,0.000000000000000000e+00,1.000000000000000000e+00
9.149796660742069987e-01,3.930243971249595680e-01,-9.134568372558604654e-02,-5.232971951487697115e-02,-3.865031607176390716e-01,9.186965865408737164e-01,8.131352060648860958e-02,-3.677695518711021072e-01,1.158771652484112957e-01,-3.909482245399029110e-02,9.924938677046238888e-01,2.258104130007352328e-01,0.000000000000000000e+00,0.000000000000000000e+00,0.000000000000000000e+00,1.000000000000000000e+00
9.150534937818473047e-01,3.929631977539471133e-01,-9.086819426304763858e-02,-5.225224511979742470e-02,-3.864012066855537220e-01,9.186941372270063244e-01,8.182413883857597714e-02,-3.676484401451829975e-01,1.156339525813363106e-01,-3.976188420735098789e-02,9.924957337816110448e-01,2.260214383281557993e-01,0.000000000000000000e+00,0.000000000000000000e+00,0.000000000000000000e+00,1.000000000000000000e+00
9.150278476281656914e-01,3.929552910344679129e-01,-9.116017394116385231e-02,-5.224016900762762372e-02,-3.864159173287187166e-01,9.187141336451871698e-01,8.152962330084828624e-02,-3.676983293297039213e-01,1.157876370774162944e-01,-3.937613348958995951e-02,9.924931955491880231e-01,2.259429454739900756e-01,0.000000000000000000e+00,0.000000000000000000e+00,0.000000000000000000e+00,1.000000000000000000e+00
9.150155531997677949e-01,3.929843298632503812e-01,-9.115839996651659005e-02,-5.226620634615930516e-02,-3.864179126418946231e-01,9.186925586488638995e-01,8.176294681997055280e-02,-3.676454352745686660e-01,1.158781005712663237e-01,-3.958912938088224309e-02,9.924741642193309898e-01,2.260355345027298402e-01,0.000000000000000000e+00,0.000000000000000000e+00,0.000000000000000000e+00,1.000000000000000000e+00
9.150014451890109424e-01,3.930050482853234550e-01,-9.121067549509903616e-02,-5.228487846565621489e-02,-3.864055188347937930e-01,9.186740455804396355e-01,8.202909844001984863e-02,-3.676246655907042804e-01,1.160307300504288264e-01,-3.981243523221404679e-02,9.924473989511209959e-01,2.260530965336531306e-01,0.000000000000000000e+00,0.000000000000000000e+00,0.000000000000000000e+00,1.000000000000000000e+00
9.150311579979577559e-01,3.929097374721615132e-01,-9.132315200689060386e-02,-5.229143615418119229e-02,-3.864275761745595839e-01,9.187576435771821481e-01,8.098222484198908111e-02,-3.677666054657185990e-01,1.157225486444691115e-01,-3.881147469577264641e-02,9.925230280286537754e-01,2.258289545609279969e-01,0.000000000000000000e+00,0.000000000000000000e+00,0.000000000000000000e+00,1.000000000000000000e+00
9.149585654232710308e-01,3.930651280319594765e-01,-9.138177435248746872e-02,-5.232901952218071973e-02,-3.864970749839783393e-01,9.186645623722772269e-01,8.170332227138163428e-02,-3.676816072513083844e-01,1.160639245735671649e-01,-3.943636604165620674e-02,9.924585323558913208e-01,2.259693180063768736e-01,0.000000000000000000e+00,0.000000000000000000e+00,0.000000000000000000e+00,1.000000000000000000e+00
9.150474946366350393e-01,3.929828545741461676e-01,-9.084359399524530310e-02,-5.219535289170518233e-02,-3.864436157176633913e-01,9.186928655751595008e-01,8.163792386116168476e-02,-3.677635410916232361e-01,1.155396660471043890e-01,-3.959665076818236207e-02,9.925133202217824024e-01,2.258415482134377150e-01,0.000000000000000000e+00,0.000000000000000000e+00,0.000000000000000000e+00,1.000000000000000000e+00
9.150591899392230832e-01,3.929567983498679640e-01,-9.083850251074243598e-02,-5.221828195562550068e-02,-3.864559603726578363e-01,9.187168686507327653e-01,8.130870770734940911e-02,-3.677917703582963549e-01,1.154056740382362611e-01,-3.929719948308915689e-02,9.925408105023021399e-01,2.258129445136716207e-01,0.000000000000000000e+00,0.000000000000000000e+00,0.000000000000000000e+00,1.000000000000000000e+00
9.150169992090844140e-01,3.930025863830930999e-01,-9.106513193644626136e-02,-5.232389565057715686e-02,-3.865198396585503571e-01,9.187104166668632610e-01,8.107764092601321693e-02,-3.677854077624395090e-01,1.155262078869182946e-01,-3.898893950851230888e-02,9.925389452748293317e-01,2.257576094087456742e-01,0.000000000000000000e+00,0.000000000000000000e+00,0.000000000000000000e+00,1.000000000000000000e+00
9.150968218130993703e-01,3.929256776788331851e-01,-9.059370026770370565e-02,-5.220700729839433674e-02,-3.864083479687456246e-01,9.187169614607443302e-01,8.153363320987347396e-02,-3.676718748389523617e-01,1.152666271200371156e-01,-3.960500656441107853e-02,9.925447335648924785e-01,2.259925612720481425e-01,0.000000000000000000e+00,0.000000000000000000e+00,0.000000000000000000e+00,1.000000000000000000e+00
9.150488621700516578e-01,3.929649495914379620e-01,-9.090725072232919146e-02,-5.228493208387752222e-02,-3.864550905161913685e-01,9.187124241069587471e-01,8.136304324223531115e-02,-3.677156289451086746e-01,1.154904448663011118e-01,-3.931959033502430839e-02,9.925300635046122588e-01,2.259164924865655344e-01,0.000000000000000000e+00,0.000000000000000000e+00,0.000000000000000000e+00,1.000000000000000000e+00
9.150732556083790437e-01,3.929469342870778870e-01,-9.073942750904778753e-02,-5.221463034692663818e-02,-3.864916458587334680e-01,9.187335332615608197e-01,8.095000026026227813e-02,-3.678242187740552449e-01,1.151744092743269277e-01,-3.900514959740619680e-02,9.925791926860014769e-01,2.257486140128401875e-01,0.000000000000000000e+00,0.000000000000000000e+00,0.000000000000000000e+00,1.000000000000000000e+00
9.150044237697917415e-01,3.929866206345439261e-01,-9.126018016611930905e-02,-5.229551887575345503e-02,-3.864296729991725243e-01,9.186979151755254591e-01,8.164709717984930393e-02,-3.676777538614455221e-01,1.159267540624858150e-01,-3.944181352808515117e-02,9.924743477985473739e-01,2.259757290382209405e-01,0.000000000000000000e+00,0.000000000000000000e+00,0.000000000000000000e+00,1.000000000000000000e+00
9.150848164986319366e-01,3.928900479996026429e-01,-9.086907502849905782e-02,-5.221244898246968358e-02,-3.863908147218738098e-01,9.187466180108844194e-01,8.128216404678603735e-02,-3.677703059161934185e-01,1.154206086980641699e-01,-3.926909823808007877e-02,9.925401860939113696e-01,2.258355308043438203e-01,0.000000000000000000e+00,0.000000000000000000e+00,0.000000000000000000e+00,1.000000000000000000e+00
9.150654190338417537e-01,3.928728770848418650e-01,-9.113825398535119193e-02,-5.220862775887413765e-02,-3.864032391147999013e-01,9.187719716111547585e-01,8.093578308351714878e-02,-3.678649271729927950e-01,1.155327472624553542e-01,-3.884541971494370749e-02,9.925438114648438281e-01,2.257012437245864422e-01,0.000000000000000000e+00,0.000000000000000000e+00,0.000000000000000000e+00,1.000000000000000000e+00
9.150534469293061246e-01,3.929125164923833458e-01,-9.108756032751044729e-02,-5.220706977665856563e-02,-3.863988409149581305e-01,9.187387886028036688e-01,8.133249077846722852e-02,-3.677805192384721589e-01,1.156422284564428693e-01,-3.922744830186107590e-02,9.925160362922870183e-01,2.258274416504040261e-01,0.000000000000000000e+00,0.000000000000000000e+00,0.000000000000000000e+00,1.000000000000000000e+00
9.150275635978457611e-01,3.929456503043058380e-01,-9.120457095516948387e-02,-5.222354279317920067e-02,-3.863702682798972887e-01,9.187072921671559644e-01,8.182253423239860268e-02,-3.677046415736554552e-01,1.159421133389871850e-01,-3.963113959777125883e-02,9.924650115387803062e-01,2.259533974995171501e-01,0.000000000000000000e+00,0.000000000000000000e+00,0.000000000000000000e+00,1.000000000000000000e+00
9.150802010963761113e-01,3.929126286057831874e-01,-9.081790486192513334e-02,-5.214066925885352255e-02,-3.863860325981086086e-01,9.187261620543238916e-01,8.153571591655782436e-02,-3.677755076845239390e-01,1.154731976456403325e-01,-3.952094936898899180e-02,9.925240728498552212e-01,2.258620372988653369e-01,0.000000000000000000e+00,0.000000000000000000e+00,0.000000000000000000e+00,1.000000000000000000e+00
9.150293724844643650e-01,3.929593247836036252e-01,-9.112747421223720001e-02,-5.225420062550356626e-02,-3.864028387832447731e-01,9.187056007222568210e-01,8.168760849606986063e-02,-3.676559817358425741e-01,1.158192284162583158e-01,-3.953464641516002409e-02,9.924832079495808923e-01,2.260129536383335136e-01,0.000000000000000000e+00,0.000000000000000000e+00,0.000000000000000000e+00,1.000000000000000000e+00
9.149841463255814489e-01,3.929453437657654535e-01,-9.164043204640599793e-02,-5.235151363516676870e-02,-3.864562554366028357e-01,9.187496248689662748e-01,8.093632952545726233e-02,-3.677967092023336493e-01,1.159981663939855662e-01,-3.864044016232993928e-02,9.924975273406454468e-01,2.257726300144879961e-01,0.000000000000000000e+00,0.000000000000000000e+00,0.000000000000000000e+00,1.000000000000000000e+00
9.150373876694067876e-01,3.929650967498664049e-01,-9.102204075670977668e-02,-5.228486422743028328e-02,-3.864897048685763115e-01,9.187274971457031203e-01,8.102773610926800041e-02,-3.678351698710571327e-01,1.154655238491072711e-01,-3.896432630959437149e-02,9.925469732347638185e-01,2.256979232314610950e-01,0.000000000000000000e+00,0.000000000000000000e+00,0.000000000000000000e+00,1.000000000000000000e+00
9.149615167704225893e-01,3.930588999800241901e-01,-9.137901277460465377e-02,-5.240770588491461268e-02,-3.864721622807412160e-01,9.186607585369430673e-01,8.186378018621495722e-02,-3.676215009497600938e-01,1.161236005780754560e-01,-3.958676383365876406e-02,9.924455640073978069e-01,2.260120563401528671e-01,0.000000000000000000e+00,0.000000000000000000e+00,0.000000000000000000e+00,1.000000000000000000e+00
9.150022458008802984e-01,3.929967322690126608e-01,-9.123847108113701532e-02,-5.237633276811193284e-02,-3.865297491154960907e-01,9.187233580385854026e-01,8.088352392803496715e-02,-3.678629617307515032e-01,1.156098751320887991e-01,-3.874222270576789529e-02,9.925388642021830687e-01,2.256387257879826080e-01,0.000000000000000000e+00,0.000000000000000000e+00,0.000000000000000000e+00,1.000000000000000000e+00
9.150842873551908729e-01,3.929349990152653516e-01,-9.067984111430672789e-02,-5.228396578260885441e-02,-3.864380487327376268e-01,9.187226213589043677e-01,8.132883556929583480e-02,-3.677227405033923757e-01,1.152665672572787542e-01,-3.938059867874921238e-02,9.925536695415652089e-01,2.259054228918537799e-01,0.000000000000000000e+00,0.000000000000000000e+00,0.000000000000000000e+00,1.000000000000000000e+00
9.149800779087982061e-01,3.930398384312515647e-01,-9.127509208949337316e-02,-5.235552466600212895e-02,-3.864747862545184764e-01,9.186730597047553237e-01,8.171321167490407100e-02,-3.677251951464848845e-01,1.159685156390911215e-01,-3.949043907883340032e-02,9.924675352885993229e-01,2.258945646690866393e-01,0.000000000000000000e+00,0.000000000000000000e+00,0.000000000000000000e+00,1.000000000000000000e+00
9.150196985056227028e-01,3.929681225276530077e-01,-9.118665485569107942e-02,-5.232639707020647624e-02,-3.864963151004390252e-01,9.187323265074109901e-01,8.094140253332776647e-02,-3.678743409414145793e-01,1.155835185502741835e-01,-3.881967165460765284e-02,9.925389077170561070e-01,2.256721127286538398e-01,0.000000000000000000e+00,0.000000000000000000e+00,0.000000000000000000e+00,1.000000000000000000e+00
9.150134421888010960e-01,3.929908755831614253e-01,-9.115137038016274396e-02,-5.230546250056788971e-02,-3.864709311398497049e-01,9.187053869849923782e-01,8.136726189723242353e-02,-3.677392225856396246e-01,1.157178464961175768e-01,-3.922478340456951595e-02,9.925073281186217455e-01,2.258801937000742832e-01,0.000000000000000000e+00,0.000000000000000000e+00,0.000000000000000000e+00,1.000000000000000000e+00
9.150260233980258562e-01,3.929112671925405476e-01,-9.136800653154171503e-02,-5.227955065258549361e-02,-3.864470598839717663e-01,9.187643312048278110e-01,8.081320197083952106e-02,-3.678651183409695768e-01,1.156980830067195071e-01,-3.863728534586495511e-02,9.925326764241431121e-01,2.256759778636867608e-01,0.000000000000000000e+00,0.000000000000000000e+00,0.000000000000000000e+00,1.000000000000000000e+00
9.150170148264062941e-01,3.928947416612858512e-01,-9.152914592130760585e-02,-5.230050305644184938e-02,-3.864027965118936314e-01,9.187668256403758171e-01,8.099628973289849099e-02,-3.677705682464088577e-01,1.159169591818243333e-01,-3.874586529707303717e-02,9.925029050317286661e-01,2.258104678058978632e-01,0.000000000000000000e+00,0.000000000000000000e+00,0.000000000000000000e+00,1.000000000000000000e+00
9.148912912661826269e-01,3.930251894635837240e-01,-9.222323791979629426e-02,-5.246589511626187363e-02,-3.864490688655798922e-01,9.187040269494332057e-01,8.148636720226061503e-02,-3.677206285620907567e-01,1.167520549636001520e-01,-3.891158328839239289e-02,9.923985320161287094e-01,2.258747896613573225e-01,0.000000000000000000e+00,0.000000000000000000e+00,0.000000000000000000e+00,1.000000000000000000e+00
9.149477147668877430e-01,3.929708447932163673e-01,-9.189447418292231995e-02,-5.241132432485884340e-02,-3.864702820220907165e-01,9.187424748244323869e-01,8.095051616415308016e-02,-3.678419111040434064e-01,1.162385493569821071e-01,-3.855100641984614274e-02,9.924728810135828860e-01,2.256883866373036174e-01,0.000000000000000000e+00,0.000000000000000000e+00,0.000000000000000000e+00,1.000000000000000000e+00
9.149468623746744855e-01,3.929903997547576910e-01,-9.181930478572741805e-02,-5.240223532095122927e-02,-3.864507044500953281e-01,9.187189328502355368e-01,8.131036497611927871e-02,-3.677231526378822446e-01,1.163103265439643652e-01,-3.891102829687759224e-02,9.924504218428829017e-01,2.258682305430419479e-01,0.000000000000000000e+00,0.000000000000000000e+00,0.000000000000000000e+00,1.000000000000000000e+00
9.150141643441289663e-01,3.929525544079668919e-01,-9.130919468415717166e-02,-5.229470245795564409e-02,-3.864922353578234548e-01,9.187464006311238940e-01,8.080101073295699321e-02,-3.678814060004782505e-01,1.156409575268569495e-01,-3.864377455177503418e-02,9.925390811603659325e-01,2.256352527700284938e-01,0.000000000000000000e+00,0.000000000000000000e+00,0.000000000000000000e+00,1.000000000000000000e+00
9.149774170667894779e-01,3.930301643185792893e-01,-9.134339709851495293e-02,-5.238186835197866653e-02,-3.865050719175346927e-01,9.186927724625387759e-01,8.134752121063879016e-02,-3.677249284470790469e-01,1.158885483549077916e-01,-3.912645857734269733e-02,9.924912919514143894e-01,2.258699123542966536e-01,0.000000000000000000e+00,0.000000000000000000e+00,0.000000000000000000e+00,1.000000000000000000e+00
9.150049418091745768e-01,3.929572888560506350e-01,-9.138121032078531936e-02,-5.230238844877055371e-02,-3.864035337188802544e-01,9.187150933961784061e-01,8.157748645069683169e-02,-3.677231686139730282e-01,1.160097650818731202e-01,-3.933378065929891976e-02,9.924689355867492013e-01,2.259008385776197780e-01,0.000000000000000000e+00,0.000000000000000000e+00,0.000000000000000000e+00,1.000000000000000000e+00
9.150318361975857684e-01,3.930066314781390235e-01,-9.089843980553781455e-02,-5.228152733095325910e-02,-3.864700263302516814e-01,9.186853679186746113e-01,8.159726417242323115e-02,-3.676950193751618023e-01,1.155753325462198916e-01,-3.953457203936691644e-02,9.925116423097992691e-01,2.259629442553590106e-01,0.000000000000000000e+00,0.000000000000000000e+00,0.000000000000000000e+00,1.000000000000000000e+00
9.150603794676201996e-01,3.929407037733817498e-01,-9.089612338628526300e-02,-5.224903532318658783e-02,-3.864284252648536588e-01,9.187215354866895556e-01,8.138680716372524715e-02,-3.677368373052382067e-01,1.154884153320182710e-01,-3.934899682405439136e-02,9.925291342691358043e-01,2.259009926032251592e-01,0.000000000000000000e+00,0.000000000000000000e+00,0.000000000000000000e+00,1.000000000000000000e+00
9.151084488452637666e-01,3.929010242784178319e-01,-9.058317709699462150e-02,-5.214341660779975296e-02,-3.864534672720874586e-01,9.187509196705913039e-01,8.093494447903527844e-02,-3.678290020306403951e-01,1.150227998502776905e-01,-3.905806863393239403e-02,9.925946921020635250e-01,2.257629780274401643e-01,0.000000000000000000e+00,0.000000000000000000e+00,0.000000000000000000e+00,1.000000000000000000e+00
9.151474436832157666e-01,3.928477385883509809e-01,-9.042018915095353937e-02,-5.209617265127386432e-02,-3.864502704066626881e-01,9.187855910723562447e-01,8.055573313202790686e-02,-3.678907537997314625e-01,1.147229045251769441e-01,-3.877746670219507641e-02,9.926403997689533520e-01,2.256722128880677136e-01,0.000000000000000000e+00,0.000000000000000000e+00,0.000000000000000000e+00,1.000000000000000000e+00
9.150737161002524545e-01,3.929199304216228761e-01,-9.085165039745836391e-02,-5.218239150214842859e-02,-3.864163809586623755e-01,9.187319628015488959e-01,8.132626300048306778e-02,-3.677864055924733311e-01,1.154230246930174203e-01,-3.931295974969102602e-02,9.925381688209450326e-01,2.258489019712073276e-01,0.000000000000000000e+00,0.000000000000000000e+00,0.000000000000000000e+00,1.000000000000000000e+00
9.150508019137699733e-01,3.929816034649952217e-01,-9.081568837512750403e-02,-5.222913683981100785e-02,-3.864357926822272749e-01,9.186902869718607256e-01,8.170394578977993594e-02,-3.677269474137458971e-01,1.155396384407777061e-01,-3.966882858923276994e-02,9.925104412485205030e-01,2.259390324455057275e-01,0.000000000000000000e+00,0.000000000000000000e+00,0.000000000000000000e+00,1.000000000000000000e+00
9.150644873151724257e-01,3.929504952039327148e-01,-9.081240209137098063e-02,-5.220850093965678784e-02,-3.864255014226055107e-01,9.187105010890691537e-01,8.152513133359137742e-02,-3.677629898009272535e-01,1.154656481595658368e-01,-3.950852449352559165e-02,9.925254458135750468e-01,2.258677870987610969e-01,0.000000000000000000e+00,0.000000000000000000e+00,0.000000000000000000e+00,1.000000000000000000e+00
9.150585008257401398e-01,3.929446481960043869e-01,-9.089798413973577962e-02,-5.219987392667646553e-02,-3.864322153916652791e-01,9.187198681938697487e-01,8.138763231184745206e-02,-3.677586045790590119e-01,1.154906185542311642e-01,-3.934853542328114323e-02,9.925288961969843671e-01,2.258848033809064404e-01,0.000000000000000000e+00,0.000000000000000000e+00,0.000000000000000000e+00,1.000000000000000000e+00
9.150086223357583037e-01,3.929378811077282041e-01,-9.142780015830311025e-02,-5.230696925466638003e-02,-3.864482302699037142e-01,9.187463137989403394e-01,8.101219786006635948e-02,-3.678132006465703041e-01,1.158317157452016660e-01,-3.879474798768452193e-02,9.925109476253120011e-01,2.257557062440751494e-01,0.000000000000000000e+00,0.000000000000000000e+00,0.000000000000000000e+00,1.000000000000000000e+00
9.149739689155874656e-01,3.930140573686251582e-01,-9.144718102549014016e-02,-5.234230644826420864e-02,-3.864726699588358905e-01,9.186972135479329893e-01,8.145124427626930508e-02,-3.677400234891831654e-01,1.160237543856707937e-01,-3.918393203744097164e-02,9.924732277942508452e-01,2.258788816901760033e-01,0.000000000000000000e+00,0.000000000000000000e+00,0.000000000000000000e+00,1.000000000000000000e+00
9.150498515403933109e-01,3.929555268246994193e-01,-9.093801808829767019e-02,-5.220892432293466889e-02,-3.864127293695598930e-01,9.187061095971896796e-01,8.163508296047877755e-02,-3.677108893166589620e-01,1.156242698444917699e-01,-3.956056277051627629e-02,9.925049068373459349e-01,2.259266636686061425e-01,0.000000000000000000e+00,0.000000000000000000e+00,0.000000000000000000e+00,1.000000000000000000e+00
9.150615823619769884e-01,3.929121808279656403e-01,-9.100724499844488335e-02,-5.220477666073708445e-02,-3.863692408906672648e-01,9.187265345561023144e-01,8.161105559974415891e-02,-3.677182148126071359e-01,1.156767486522872618e-01,-3.951674150973303462e-02,9.925005375120401485e-01,2.259200756655903586e-01,0.000000000000000000e+00,0.000000000000000000e+00,0.000000000000000000e+00,1.000000000000000000e+00
9.150846121779546705e-01,3.929290604103063411e-01,-9.070229346712495311e-02,-5.217282093195851900e-02,-3.864081143561907683e-01,9.187176080838226344e-01,8.152745400435910950e-02,-3.677074791009917742e-01,1.153643000014112491e-01,-3.955641644302139437e-02,9.925353234033391647e-01,2.259603213770087216e-01,0.000000000000000000e+00,0.000000000000000000e+00,0.000000000000000000e+00,1.000000000000000000e+00
9.150703108152807852e-01,3.929531970793341822e-01,-9.074200333668967777e-02,-5.224859239431545177e-02,-3.864831499546961258e-01,9.187259524984270342e-01,8.107650095406396251e-02,-3.677950184005960854e-01,1.152263037050207523e-01,-3.912044364508732858e-02,9.925686322987898880e-01,2.257836144138563039e-01,0.000000000000000000e+00,0.000000000000000000e+00,0.000000000000000000e+00,1.000000000000000000e+00
9.150438026088576482e-01,3.929421686850620432e-01,-9.105652846557714397e-02,-5.225887511740934244e-02,-3.863879163868264577e-01,9.187114682863596338e-01,8.169220347969674556e-02,-3.676327326964345943e-01,1.157549885636424830e-01,-3.956880220832614814e-02,9.924893412598593256e-01,2.260417134352801227e-01,0.000000000000000000e+00,0.000000000000000000e+00,0.000000000000000000e+00,1.000000000000000000e+00
9.149830633788428313e-01,3.930061482890271907e-01,-9.139015886238485709e-02,-5.234853772576275599e-02,-3.864616849983984470e-01,9.186978087341028942e-01,8.149663953413507911e-02,-3.676723578663695369e-01,1.159886190885441870e-01,-3.924925010979564421e-02,9.924747536374673995e-01,2.259532660727223696e-01,0.000000000000000000e+00,0.000000000000000000e+00,0.000000000000000000e+00,1.000000000000000000e+00
9.150661359690931418e-01,3.929577911928808787e-01,-9.076420628973339011e-02,-5.222660188959760141e-02,-3.864658532060833984e-01,9.187172314269457241e-01,8.125757186196136406e-02,-3.677948645659797622e-01,1.153174362717411527e-01,-3.927878587762111823e-02,9.925517950574129777e-01,2.257728274626142895e-01,0.000000000000000000e+00,0.000000000000000000e+00,0.000000000000000000e+00,1.000000000000000000e+00
9.150430091549773826e-01,3.929875795231133062e-01,-9.086833187182806471e-02,-5.226991627627564085e-02,-3.864573470617240214e-01,9.186947020331587277e-01,8.155221246673874380e-02,-3.677057453331786241e-01,1.155292616552975743e-01,-3.950704743169971417e-02,9.925181020538674792e-01,2.259360080876424703e-01,0.000000000000000000e+00,0.000000000000000000e+00,0.000000000000000000e+00,1.000000000000000000e+00
9.150455895580631438e-01,3.929546829004058051e-01,-9.098453834019486208e-02,-5.225637717080533484e-02,-3.864517379899405913e-01,9.187214592362730192e-01,8.127690042888890964e-02,-3.677771498347376378e-01,1.155275864670043534e-01,-3.921093629862393987e-02,9.925300394646472402e-01,2.258209832087019198e-01,0.000000000000000000e+00,0.000000000000000000e+00,0.000000000000000000e+00,1.000000000000000000e+00
9.150593854672173233e-01,3.929914228341394589e-01,-9.068661779533658540e-02,-5.217992984760000397e-02,-3.864190881998598170e-01,9.186730064868671164e-01,8.197679810269312140e-02,-3.676629060024232398e-01,1.155275263439316386e-01,-3.997059833401735846e-02,9.924997440431272411e-01,2.260474835056627274e-01,0.000000000000000000e+00,0.000000000000000000e+00,0.000000000000000000e+00,1.000000000000000000e+00
9.149697127413296549e-01,3.930506846696537604e-01,-9.133227275594010819e-02,-5.231462247727625137e-02,-3.864899153463841053e-01,9.186716566705600551e-01,8.165740974163832044e-02,-3.677241363985103151e-01,1.159998711274883298e-01,-3.941505436867169532e-02,9.924668676522763189e-01,2.259101667399736613e-01,0.000000000000000000e+00,0.000000000000000000e+00,0.000000000000000000e+00,1.000000000000000000e+00
9.149944019826938835e-01,3.930063685780451621e-01,-9.127561885536608632e-02,-5.232038690740226095e-02,-3.864485574074212337e-01,9.186897226333823330e-01,8.164989899272381835e-02,-3.676967966058454218e-01,1.159429032673211790e-01,-3.943586926766885770e-02,9.924726975574934551e-01,2.259516461555699518e-01,0.000000000000000000e+00,0.000000000000000000e+00,0.000000000000000000e+00,1.000000000000000000e+00
9.150269149666002688e-01,3.929470734221737760e-01,-9.120494710077484135e-02,-5.230337377247096242e-02,-3.864256510037825110e-01,9.187250596067775277e-01,8.136019356433660255e-02,-3.677543057300968199e-01,1.157625204157599896e-01,-3.920283586007788923e-02,9.925029856516900395e-01,2.258579537756155720e-01,0.000000000000000000e+00,0.000000000000000000e+00,0.000000000000000000e+00,1.000000000000000000e+00
9.150124744698506785e-01,3.929711191759530098e-01,-9.124621119893133736e-02,-5.232194786317545532e-02,-3.864139561880426954e-01,9.187039854855811871e-01,8.165317823584475332e-02,-3.676759288155178051e-01,1.159155987245307495e-01,-3.945486720935931224e-02,9.924751318928981547e-01,2.259984421108145458e-01,0.000000000000000000e+00,0.000000000000000000e+00,0.000000000000000000e+00,1.000000000000000000e+00
9.150032288258981295e-01,3.930369142040656683e-01,-9.105534202410758837e-02,-5.232437428440861460e-02,-3.864723391005018827e-01,9.186677581462878717e-01,8.178435823958182804e-02,-3.676789579862390633e-01,1.157938787171754746e-01,-3.964258083701821533e-02,9.924818605073911781e-01,2.259654114376037359e-01,0.000000000000000000e+00,0.000000000000000000e+00,0.000000000000000000e+00,1.000000000000000000e+00
9.150770668145700171e-01,3.928928764802749329e-01,-9.093486350733827328e-02,-5.219692009925902543e-02,-3.863671221328205396e-01,9.187383769867292216e-01,8.148767751379706881e-02,-3.677237262957760433e-01,1.155612769263344858e-01,-3.943326340598587998e-02,9.925173091751644527e-01,2.259429941203323633e-01,0.000000000000000000e+00,0.000000000000000000e+00,0.000000000000000000e+00,1.000000000000000000e+00
9.150517267818302214e-01,3.929834222420022227e-01,-9.079849754569091491e-02,-5.224285647132420607e-02,-3.864285774641268434e-01,9.186858838731455368e-01,8.178753750583678261e-02,-3.676879555397867261e-01,1.155564443579065459e-01,-3.975269318148829528e-02,9.925051292321750429e-01,2.259852056782356566e-01,0.000000000000000000e+00,0.000000000000000000e+00,0.000000000000000000e+00,1.000000000000000000e+00
9.150494671391197210e-01,3.929849491538124351e-01,-9.081465975815172786e-02,-5.223499372315609790e-02,-3.864335970572660983e-01,9.186869344797929937e-01,8.175201209452494233e-02,-3.676860970197224354e-01,1.155575516952305481e-01,-3.971329946877158457e-02,9.925065773542803838e-01,2.260065742197445715e-01,0.000000000000000000e+00,0.000000000000000000e+00,0.000000000000000000e+00,1.000000000000000000e+00
9.150062522157691447e-01,3.929623372218182809e-01,-9.134637338842789556e-02,-5.230159916845500412e-02,-3.864607004430882231e-01,9.187295073122068167e-01,8.114320308508432555e-02,-3.678470490869827358e-01,1.158088313518866458e-01,-3.894475470503833830e-02,9.925077433762794499e-01,2.257100225552008954e-01,0.000000000000000000e+00,0.000000000000000000e+00,0.000000000000000000e+00,1.000000000000000000e+00
9.149989235377850028e-01,3.929656979991152932e-01,-9.140530685230073560e-02,-5.236070971318085299e-02,-3.864954020424294923e-01,9.187403342574640419e-01,8.085482303823604555e-02,-3.678644745667636884e-01,1.157509141422041893e-01,-3.865434522213247182e-02,9.925258522933761984e-01,2.256940614601421480e-01,0.000000000000000000e+00,0.000000000000000000e+00,0.000000000000000000e+00,1.000000000000000000e+00
9.149748212001204140e-01,3.930213230176688999e-01,-9.140741886328947186e-02,-5.233049768383968292e-02,-3.864530835610145987e-01,9.186838401178966107e-01,8.169465167572831366e-02,-3.676621837536962478e-01,1.160822586616541835e-01,-3.942387042993415747e-02,9.924568845367200964e-01,2.259986540486500495e-01,0.000000000000000000e+00,0.000000000000000000e+00,0.000000000000000000e+00,1.000000000000000000e+00
9.150393916999423061e-01,3.929548204627707486e-01,-9.104625589485386417e-02,-5.225926421065540950e-02,-3.864290753420733804e-01,9.187155178718986459e-01,8.145162338246704492e-02,-3.677476261293372573e-01,1.156524161773966192e-01,-3.934852343405925712e-02,9.925100565414386455e-01,2.258587580340960521e-01,0.000000000000000000e+00,0.000000000000000000e+00,0.000000000000000000e+00,1.000000000000000000e+00
9.150232201420488432e-01,3.929914906339513903e-01,-9.105050735817242502e-02,-5.229594291220174274e-02,-3.864445430876060628e-01,9.186928840741948044e-01,8.163332572699313894e-02,-3.676173518611280944e-01,1.157286555641560549e-01,-3.951041686369435174e-02,9.924947381425103243e-01,2.260703750695869374e-01,0.000000000000000000e+00,0.000000000000000000e+00,0.000000000000000000e+00,1.000000000000000000e+00
9.150208924240985642e-01,3.929911541869233194e-01,-9.107534879557843688e-02,-5.226601905621397481e-02,-3.864560432105927923e-01,9.186978174649705897e-01,8.152329023728205337e-02,-3.677155285687597752e-01,1.157086560868238467e-01,-3.939889485670275415e-02,9.925015032687113381e-01,2.259003188294663733e-01,0.000000000000000000e+00,0.000000000000000000e+00,0.000000000000000000e+00,1.000000000000000000e+00
9.149796048714070595e-01,3.930025073413113690e-01,-9.144042810927020815e-02,-5.238423428190164266e-02,-3.864840081042050235e-01,9.187096209404601588e-01,8.125726965106014332e-02,-3.677211984420073465e-01,1.159415117594766870e-01,-3.900848131982120881e-02,9.924897501919345277e-01,2.258859137751643154e-01,0.000000000000000000e+00,0.000000000000000000e+00,0.000000000000000000e+00,1.000000000000000000e+00
9.150605618702524202e-01,3.929585995178098701e-01,-9.081688815798327763e-02,-5.227569035557244614e-02,-3.864004941241422353e-01,9.186958438640283608e-01,8.180834069689810195e-02,-3.676095157268116642e-01,1.155803886925324542e-01,-3.976789574471491923e-02,9.925017320980960012e-01,2.260789601531936199e-01,0.000000000000000000e+00,0.000000000000000000e+00,0.000000000000000000e+00,1.000000000000000000e+00
9.149745304908502019e-01,3.930478511065450542e-01,-9.129619539485560320e-02,-5.237334361213108469e-02,-3.864279375262918981e-01,9.186515462303715962e-01,8.217533515431350855e-02,-3.676191122485988894e-01,1.161682299607972729e-01,-3.990893821031485378e-02,9.924274376490710425e-01,2.260472950571139616e-01,0.000000000000000000e+00,0.000000000000000000e+00,0.000000000000000000e+00,1.000000000000000000e+00
9.150147306878970710e-01,3.928969281825130389e-01,-9.154259363214679868e-02,-5.232271822542022832e-02,-3.864323709277689978e-01,9.187754264767749035e-01,8.075728079599729659e-02,-3.678220142015582450e-01,1.158363730582857715e-01,-3.851908004048856804e-02,9.925211409081099445e-01,2.257323808418980615e-01,0.000000000000000000e+00,0.000000000000000000e+00,0.000000000000000000e+00,1.000000000000000000e+00
9.149611135727502287e-01,3.929505530432293448e-01,-9.184782802403722302e-02,-5.240240174327526201e-02,-3.864462233425900450e-01,9.187484526313139943e-01,8.099751386194095626e-02,-3.677818897326349257e-01,1.162130677418075769e-01,-3.861532921763687759e-02,9.924733644967261847e-01,2.257844919361884362e-01,0.000000000000000000e+00,0.000000000000000000e+00,0.000000000000000000e+00,1.000000000000000000e+00
9.148971711431013176e-01,3.930919166729546221e-01,-9.187987418762547098e-02,-5.236931082426965478e-02,-3.864444877238721876e-01,9.186413925093500632e-01,8.221100824291444065e-02,-3.676607534773723152e-01,1.167211383691274529e-01,-3.970814796569385741e-02,9.923706156688385516e-01,2.259768240695525510e-01,0.000000000000000000e+00,0.000000000000000000e+00,0.000000000000000000e+00,1.000000000000000000e+00
9.150524001963662446e-01,3.929637502149760375e-01,-9.087681724098288505e-02,-5.228715723003440896e-02,-3.864642964556636584e-01,9.187155526357828617e-01,8.128395235319840761e-02,-3.677140488140643870e-01,1.154315921223389024e-01,-3.925843045907489309e-02,9.925393307965140188e-01,2.258909792443797304e-01,0.000000000000000000e+00,0.000000000000000000e+00,0.000000000000000000e+00,1.000000000000000000e+00
9.149959197915366049e-01,3.929444402392345825e-01,-9.152668272102251756e-02,-5.229207713296135651e-02,-3.864534269961550361e-01,9.187460073103810299e-01,8.099088105559021367e-02,-3.678130104223574781e-01,1.159146907331747856e-01,-3.873552550705777753e-02,9.925035735633018774e-01,2.257408592434773098e-01,0.000000000000000000e+00,0.000000000000000000e+00,0.000000000000000000e+00,1.000000000000000000e+00
9.149931285974610695e-01,3.930107118873379379e-01,-9.126968259634708758e-02,-5.230630375502420826e-02,-3.864447126192314119e-01,9.186849146961519885e-01,8.172216099910377396e-02,-3.676608661009463930e-01,1.159657652415994195e-01,-3.950452950652155737e-02,9.924672959047056153e-01,2.259959415018701900e-01,0.000000000000000000e+00,0.000000000000000000e+00,0.000000000000000000e+00,1.000000000000000000e+00
9.150312035248102660e-01,3.929457632442283632e-01,-9.116755850821185725e-02,-5.227622051088864907e-02,-3.865010265409868362e-01,9.187503086803983088e-01,8.071447690740692071e-02,-3.678484239068623429e-01,1.154766342542975638e-01,-3.861990999580069972e-02,9.925591415594414713e-01,2.257023034725156307e-01,0.000000000000000000e+00,0.000000000000000000e+00,0.000000000000000000e+00,1.000000000000000000e+00
9.150332373837667399e-01,3.929496599457983907e-01,-9.113034199137300118e-02,-5.223877465861004321e-02,-3.864186826960084864e-01,9.187184705035701393e-01,8.146762313374755760e-02,-3.677147794136672032e-01,1.157358032177800283e-01,-3.933111623209058216e-02,9.925010262712442577e-01,2.259203102058600088e-01,0.000000000000000000e+00,0.000000000000000000e+00,0.000000000000000000e+00,1.000000000000000000e+00
9.149856276320709192e-01,3.930089692278154190e-01,-9.135234716872689398e-02,-5.230169536488404880e-02,-3.864173632307398853e-01,9.186794407204218471e-01,8.191279870335037294e-02,-3.676737463034730480e-01,1.161159877904330839e-01,-3.964890041480592653e-02,9.924439742752984017e-01,2.259913445628758399e-01,0.000000000000000000e+00,0.000000000000000000e+00,0.000000000000000000e+00,1.000000000000000000e+00
9.150095567408729202e-01,3.928929280644088973e-01,-9.161145206712120737e-02,-5.236294488137738234e-02,-3.864646494618804162e-01,9.187911445237504360e-01,8.042330172930435561e-02,-3.678272965316010668e-01,1.157695373972668085e-01,-3.818350195715440598e-02,9.925419056085797997e-01,2.257189871912705925e-01,0.000000000000000000e+00,0.000000000000000000e+00,0.000000000000000000e+00,1.000000000000000000e+00
9.150468939781420952e-01,3.929656144208397706e-01,-9.092418657215069200e-02,-5.218499634512696606e-02,-3.864142178998194455e-01,9.186984683724354062e-01,8.171399154987277202e-02,-3.676545080284358002e-01,1.156426998380194332e-01,-3.963773571981234894e-02,9.924996805446240078e-01,2.260216779747374893e-01,0.000000000000000000e+00,0.000000000000000000e+00,0.000000000000000000e+00,1.000000000000000000e+00
9.149891649725080400e-01,3.929957169922710936e-01,-9.137392630637977686e-02,-5.226747922776442401e-02,-3.863992788373999954e-01,9.186840651742137487e-01,8.194623669771936014e-02,-3.676420236051548551e-01,1.161482901159125447e-01,-3.967309945935884596e-02,9.924392272993032282e-01,2.260504498504740667e-01,0.000000000000000000e+00,0.000000000000000000e+00,0.000000000000000000e+00,1.000000000000000000e+00
9.150247617840956416e-01,3.929691415557320378e-01,-9.113143863075089113e-02,-5.222020483448064354e-02,-3.864615678428775514e-01,9.187181862625464213e-01,8.126715702473093217e-02,-3.678208514873695378e-01,1.156595949430233999e-01,-3.914266234440813563e-02,9.925173600911006977e-01,2.257709822628617413e-01,0.000000000000000000e+00,0.000000000000000000e+00,0.000000000000000000e+00,1.000000000000000000e+00
9.149992695006469168e-01,3.930408692633637346e-01,-9.107805389874033819e-02,-5.229691286796978034e-02,-3.864747705998410887e-01,9.186662555916249584e-01,8.178974585523127172e-02,-3.676840184691394509e-01,1.158170475494976898e-01,-3.963818772298455251e-02,9.924793325661521726e-01,2.259545511282410324e-01,0.000000000000000000e+00,0.000000000000000000e+00,0.000000000000000000e+00,1.000000000000000000e+00
9.151008929095710842e-01,3.929235776666753499e-01,-9.056168013970343489e-02,-5.218929824689966246e-02,-3.864825885202536893e-01,9.187429487084810553e-01,8.088635836239511934e-02,-3.678683249176499803e-01,1.149850623637265062e-01,-3.901866620049548873e-02,9.926006141047588605e-01,2.256877896220121915e-01,0.000000000000000000e+00,0.000000000000000000e+00,0.000000000000000000e+00,1.000000000000000000e+00
9.150378332638462453e-01,3.929579739998857457e-01,-9.104830786846433710e-02,-5.226597681263145390e-02,-3.864520780884934670e-01,9.187209852397698606e-01,8.128064112168195687e-02,-3.677451827241149385e-01,1.155878671699173826e-01,-3.918905395607117509e-02,9.925238853615250267e-01,2.258737019185916850e-01,0.000000000000000000e+00,0.000000000000000000e+00,0.000000000000000000e+00,1.000000000000000000e+00
9.150055570571977714e-01,3.929692924374924567e-01,-9.132341296526338970e-02,-5.231211486928533105e-02,-3.864290726880410531e-01,9.187128494735986584e-01,8.148172797358757546e-02,-3.677368913208588497e-01,1.159198099373362489e-01,-3.926621210758177855e-02,9.924821218796913147e-01,2.258657507867802838e-01,0.000000000000000000e+00,0.000000000000000000e+00,0.000000000000000000e+00,1.000000000000000000e+00
9.149879933393667564e-01,3.930455417738143997e-01,-9.117112556356876674e-02,-5.229761270365451686e-02,-3.864387070175480665e-01,9.186531608721141273e-01,8.210661202533890701e-02,-3.675974870409783879e-01,1.160262804859525376e-01,-3.989451229683871336e-02,9.924446232033264925e-01,2.260881996758168366e-01,0.000000000000000000e+00,0.000000000000000000e+00,0.000000000000000000e+00,1.000000000000000000e+00
9.150834464184162131e-01,3.929352382228274432e-01,-9.068729047536540355e-02,-5.219951576234305168e-02,-3.863990494446515878e-01,9.187092973909884996e-01,8.166395456764134753e-02,-3.677093331850092017e-01,1.154039023571697548e-01,-3.968785015752200607e-02,9.925254726557958262e-01,2.259456192894784277e-01,0.000000000000000000e+00,0.000000000000000000e+00,0.000000000000000000e+00,1.000000000000000000e+00
9.150240596092408252e-01,3.930117473412170215e-01,-9.095458640457970700e-02,-5.226676562417553740e-02,-3.864715444541917400e-01,9.186836821409778420e-01,8.160905277655641776e-02,-3.677241505269958077e-01,1.156318107763450176e-01,-3.952288728949929220e-02,9.925055293130035095e-01,2.259045362357274822e-01,0.000000000000000000e+00,0.000000000000000000e+00,0.000000000000000000e+00,1.000000000000000000e+00
9.150183174212742632e-01,3.930310415918814027e-01,-9.092897848728324905e-02,-5.225182194644828471e-02,-3.864094134317282991e-01,9.186466836658152557e-01,8.231667996917194086e-02,-3.675665509186887836e-01,1.158846150051322382e-01,-4.018545675987986177e-02,9.924494370345080529e-01,2.261723658127070546e-01,0.000000000000000000e+00,0.000000000000000000e+00,0.000000000000000000e+00,1.000000000000000000e+00
9.150231383708027355e-01,3.929596934898785809e-01,-9.118846165161366424e-02,-5.228270906190068956e-02,-3.864796481098021763e-01,9.187331832480336580e-01,8.101123129454930460e-02,-3.678625713517349460e-01,1.156120142674220003e-01,-3.888466653163163977e-02,9.925330447223172925e-01,2.256780108139031515e-01,0.000000000000000000e+00,0.000000000000000000e+00,0.000000000000000000e+00,1.000000000000000000e+00
9.150635022985448286e-01,3.929155277071962882e-01,-9.097348431106994093e-02,-5.219075394447636462e-02,-3.863838359944603562e-01,9.187279297119711474e-01,8.152620713219363435e-02,-3.677688450914420315e-01,1.156127935971058285e-01,-3.945097278560864146e-02,9.925106058390218422e-01,2.258608795192904584e-01,0.000000000000000000e+00,0.000000000000000000e+00,0.000000000000000000e+00,1.000000000000000000e+00
9.150345484896302839e-01,3.929912636132245618e-01,-9.093757086078260721e-02,-5.225198869336566965e-02,-3.864040361275449253e-01,9.186756969031226738e-01,8.201758825950274112e-02,-3.676045093791847074e-01,1.157743319338176979e-01,-3.991028242500146983e-02,9.924734119471589899e-01,2.261032614948470520e-01,0.000000000000000000e+00,0.000000000000000000e+00,0.000000000000000000e+00,1.000000000000000000e+00
9.150246109424894358e-01,3.929614230517544660e-01,-9.116622928851551844e-02,-5.226332023446489394e-02,-3.864130613297441230e-01,9.187086607024619322e-01,8.160479633002212796e-02,-3.677149657230244229e-01,1.158227413046397231e-01,-3.944257526365491096e-02,9.924864612946867615e-01,2.259293967612885368e-01,0.000000000000000000e+00,0.000000000000000000e+00,0.000000000000000000e+00,1.000000000000000000e+00
9.150312931269630745e-01,3.929488377186496906e-01,-9.115340659547574442e-02,-5.231023298524262177e-02,-3.864057023358188903e-01,9.187153827199898704e-01,8.156395500480070893e-02,-3.676450958520219858e-01,1.157944981454660238e-01,-3.941137512476495380e-02,9.924909962866236279e-01,2.260217769582717473e-01,0.000000000000000000e+00,0.000000000000000000e+00,0.000000000000000000e+00,1.000000000000000000e+00
9.149938824881465038e-01,3.930006626100674416e-01,-9.130538974954276188e-02,-5.232704382489949957e-02,-3.864824511614172731e-01,9.187064570742176084e-01,8.130043465075389997e-02,-3.677895223542459457e-01,1.158339758168157735e-01,-3.910146951441531571e-02,9.924986474188680630e-01,2.257963757889478451e-01,0.000000000000000000e+00,0.000000000000000000e+00,0.000000000000000000e+00,1.000000000000000000e+00
9.150188514324063549e-01,3.929446339978187597e-01,-9.129630954009188004e-02,-5.226852966448636284e-02,-3.863912453290904159e-01,9.187180096730246381e-01,8.160284453051255826e-02,-3.676922050874049663e-01,1.159409636683887412e-01,-3.939204633878060080e-02,9.924746644770782167e-01,2.259771037612021694e-01,0.000000000000000000e+00,0.000000000000000000e+00,0.000000000000000000e+00,1.000000000000000000e+00
9.149863392286164965e-01,3.930449382860172203e-01,-9.119032576296647041e-02,-5.229238412835834904e-02,-3.864713692138289081e-01,9.186654092177486408e-01,8.181532059935181511e-02,-3.676914778618268209e-01,1.159304955695583533e-01,-3.961745063134779893e-02,9.924669152180687348e-01,2.259702606397182567e-01,0.000000000000000000e+00,0.000000000000000000e+00,0.000000000000000000e+00,1.000000000000000000e+00
9.150255206849171596e-01,3.929259318335785456e-01,-9.130995886545020812e-02,-5.226858260668099110e-02,-3.864198242925513394e-01,9.187423402392632665e-01,8.119255905189547151e-02,-3.677688450295177325e-01,1.157929872186134745e-01,-3.900928536125417012e-02,9.925070577918296832e-01,2.258467411967393090e-01,0.000000000000000000e+00,0.000000000000000000e+00,0.000000000000000000e+00,1.000000000000000000e+00
9.150126643019725892e-01,3.929586752800691696e-01,-9.129788436288691078e-02,-5.230685897061504441e-02,-3.864504883066616769e-01,9.187274052316136697e-01,8.121560788376382123e-02,-3.677556951501037563e-01,1.157922460899203643e-01,-3.903119775922424262e-02,9.925062827745383398e-01,2.258521137859941241e-01,0.000000000000000000e+00,0.000000000000000000e+00,0.000000000000000000e+00,1.000000000000000000e+00
9.150084941738338973e-01,3.929902216628012868e-01,-9.120384458538571826e-02,-5.232749229201627550e-02,-3.864407225278769786e-01,9.186972138205623528e-01,8.160267943191717999e-02,-3.676685994410344716e-01,1.158577729885451046e-01,-3.942226522865197036e-02,9.924831794254129758e-01,2.259802998108253469e-01,0.000000000000000000e+00,0.000000000000000000e+00,0.000000000000000000e+00,1.000000000000000000e+00
9.149719846406189072e-01,3.930137267422632585e-01,-9.146845311343587692e-02,-5.233111357535746855e-02,-3.864281202239688295e-01,9.186830098597683625e-01,8.182197318059988844e-02,-3.676552664952095206e-01,1.161876724225814339e-01,-3.951883079184571879e-02,9.924407724342387827e-01,2.260014011883706431e-01,0.000000000000000000e+00,0.000000000000000000e+00,0.000000000000000000e+00,1.000000000000000000e+00
9.150444031142742629e-01,3.929635880860513075e-01,-9.095800551781126064e-02,-5.227212929241586981e-02,-3.864929106972557205e-01,9.187278139508396890e-01,8.100885046632162745e-02,-3.678184545107345826e-01,1.153991781166792546e-01,-3.897207091813284507e-02,9.925543850985433236e-01,2.257529654928260854e-01,0.000000000000000000e+00,0.000000000000000000e+00,0.000000000000000000e+00,1.000000000000000000e+00
9.150479249099483514e-01,3.929212975496661486e-01,-9.110515380528273754e-02,-5.228229571607778681e-02,-3.864888167082994319e-01,9.187629339803480288e-01,8.062918642303970596e-02,-3.678799387330473625e-01,1.153849629605871313e-01,-3.856844663334850487e-02,9.925718035723534172e-01,2.256209995428253290e-01,0.000000000000000000e+00,0.000000000000000000e+00,0.000000000000000000e+00,1.000000000000000000e+00
9.149827194115576212e-01,3.929680161055348897e-01,-9.155742185268725408e-02,-5.230542185509090558e-02,-3.864255045227550367e-01,9.187196533003273435e-01,8.142191408988520840e-02,-3.676874979388260467e-01,1.161118109089901151e-01,-3.911952144142999410e-02,9.924654706384643532e-01,2.259326379145569774e-01,0.000000000000000000e+00,0.000000000000000000e+00,0.000000000000000000e+00,1.000000000000000000e+00
9.150882206097918914e-01,3.928472947540472826e-01,-9.101951167541708076e-02,-5.216822805061294144e-02,-3.863777159334344513e-01,9.187792910699807969e-01,8.097453260751535931e-02,-3.678183997774098213e-01,1.154374684895113634e-01,-3.893092993199658014e-02,9.925515470560524189e-01,2.257838749373819454e-01,0.000000000000000000e+00,0.000000000000000000e+00,0.000000000000000000e+00,1.000000000000000000e+00
9.150796112594059561e-01,3.928475238612958997e-01,-9.110503857297577723e-02,-5.222794651424278456e-02,-3.863657438246058118e-01,9.187776327292863643e-01,8.105043858751112551e-02,-3.677707641734582200e-01,1.155457357767647741e-01,-3.896773784064683221e-02,9.925375047580766719e-01,2.258486530883228038e-01,0.000000000000000000e+00,0.000000000000000000e+00,0.000000000000000000e+00,1.000000000000000000e+00
9.149928538094038721e-01,3.929879303562073267e-01,-9.137047702659774340e-02,-5.233157527806220344e-02,-3.864434629528470944e-01,9.187049334702570569e-01,8.150273098750983325e-02,-3.676934370107974859e-01,1.159720975870263265e-01,-3.926489286570976345e-02,9.924760655902539197e-01,2.259487656230627639e-01,0.000000000000000000e+00,0.000000000000000000e+00,0.000000000000000000e+00,1.000000000000000000e+00
9.150253225964681825e-01,3.930189769149843859e-01,-9.091063079711157735e-02,-5.228512800988127651e-02,-3.865396982297349404e-01,9.187000145908410520e-01,8.110083158176822904e-02,-3.678276563008544553e-01,1.153937636949899509e-01,-3.906874678675893720e-02,9.925512139556413871e-01,2.257532089941034492e-01,0.000000000000000000e+00,0.000000000000000000e+00,0.000000000000000000e+00,1.000000000000000000e+00
9.149674159311056432e-01,3.930883854941130129e-01,-9.119292173182501349e-02,-5.235206975825157372e-02,-3.865163959180080711e-01,9.186476160030088156e-01,8.180240398999384654e-02,-3.676923972298645760e-01,1.159297350592538994e-01,-3.959897475465902483e-02,9.924677414039567713e-01,2.259388520516418808e-01,0.000000000000000000e+00,0.000000000000000000e+00,0.000000000000000000e+00,1.000000000000000000e+00
9.150770877025844463e-01,3.929019969108527577e-01,-9.089523851787414954e-02,-5.218837806182818895e-02,-3.863844718164371472e-01,9.187361176522284012e-01,8.143086675483642012e-02,-3.677090210682072424e-01,1.155030887071417656e-01,-3.939501167375503154e-02,9.925256014604032506e-01,2.259523088579877825e-01,0.000000000000000000e+00,0.000000000000000000e+00,0.000000000000000000e+00,1.000000000000000000e+00
9.150407450382410657e-01,3.929711077547167197e-01,-9.096231851646904842e-02,-5.227452870976501131e-02,-3.864317700878267536e-01,9.187014326438824874e-01,8.159757793505137413e-02,-3.677018088831466858e-01,1.156327029289282438e-01,-3.951437875139350575e-02,9.925057641571869427e-01,2.259440970226509471e-01,0.000000000000000000e+00,0.000000000000000000e+00,0.000000000000000000e+00,1.000000000000000000e+00
9.149409392231480087e-01,3.930453795331711464e-01,-9.164282492966745186e-02,-5.239329883634680218e-02,-3.864557915780452713e-01,9.186735387649739293e-01,8.179761811218422274e-02,-3.676451229762522366e-01,1.163400141363693935e-01,-3.942408909113535170e-02,9.924266936706629405e-01,2.260181222460175832e-01,0.000000000000000000e+00,0.000000000000000000e+00,0.000000000000000000e+00,1.000000000000000000e+00
9.149582998519240062e-01,3.930345778383287914e-01,-9.151573720144166868e-02,-5.238494240062385732e-02,-3.864546657679999719e-01,9.186775452875662884e-01,8.175792983286117588e-02,-3.676385176586715042e-01,1.162071462441967434e-01,-3.943841284659230229e-02,9.924416913622289282e-01,2.260252311064070430e-01,0.000000000000000000e+00,0.000000000000000000e+00,0.000000000000000000e+00,1.000000000000000000e+00
9.150245311106776080e-01,3.930312927904199283e-01,-9.086534187013245445e-02,-5.224029855805834011e-02,-3.864633124296296129e-01,9.186631384983221515e-01,8.187885020157059657e-02,-3.676578056118441906e-01,1.156555904900553045e-01,-3.980503550939143431e-02,9.924914828533759614e-01,2.260319233677845485e-01,0.000000000000000000e+00,0.000000000000000000e+00,0.000000000000000000e+00,1.000000000000000000e+00
9.149571763563235649e-01,3.930070211877722541e-01,-9.164522208591928398e-02,-5.231287908089488070e-02,-3.864121265919986947e-01,9.186880662246765805e-01,8.184073190663336550e-02,-3.676535317333689545e-01,1.163573541152972540e-01,-3.946793981801206830e-02,9.924229178479350155e-01,2.260235389138269824e-01,0.000000000000000000e+00,0.000000000000000000e+00,0.000000000000000000e+00,1.000000000000000000e+00
9.150058112870881333e-01,3.930675948574583467e-01,-9.089681613693000040e-02,-5.225604187706434089e-02,-3.864229680313306936e-01,9.186221962987711764e-01,8.252605797612738714e-02,-3.675600569360052416e-01,1.159381519980157843e-01,-4.038720515454106291e-02,9.924349946324394489e-01,2.261956428551061826e-01,0.000000000000000000e+00,0.000000000000000000e+00,0.000000000000000000e+00,1.000000000000000000e+00
9.149932624734761211e-01,3.930091400992523631e-01,-9.127510847208657185e-02,-5.233526396466148256e-02,-3.865007111536430395e-01,9.187052578116221557e-01,8.122714784485257633e-02,-3.677998195401175341e-01,1.157779335878523913e-01,-3.904439867288966859e-02,9.925074332348345907e-01,2.257910427452092250e-01,0.000000000000000000e+00,0.000000000000000000e+00,0.000000000000000000e+00,1.000000000000000000e+00
9.149933538759930096e-01,3.929626258369358083e-01,-9.147424259376144007e-02,-5.233457706746103000e-02,-3.864623264120928270e-01,9.187336395253415944e-01,8.108865437700106538e-02,-3.678043059320819097e-01,1.159052743705605570e-01,-3.884423123013421020e-02,9.925004247219367803e-01,2.257971329946366623e-01,0.000000000000000000e+00,0.000000000000000000e+00,0.000000000000000000e+00,1.000000000000000000e+00
9.149973937862999618e-01,3.930059094966579236e-01,-9.124759977656266008e-02,-5.233010890762668232e-02,-3.864879594324662770e-01,9.187025872339921184e-01,8.131797724548757433e-02,-3.677319599238444425e-01,1.157878515994113233e-01,-3.913963860684069318e-02,9.925025249900973900e-01,2.258968848531439644e-01,0.000000000000000000e+00,0.000000000000000000e+00,0.000000000000000000e+00,1.000000000000000000e+00
9.150128861501675148e-01,3.929937931364269055e-01,-9.114437303193245743e-02,-5.229146223609737465e-02,-3.864666905879881043e-01,9.187015114889939271e-01,8.143113565342502413e-02,-3.677366906251522405e-01,1.157364041479994610e-01,-3.928627424535824364e-02,9.925027321931207958e-01,2.258918269989851346e-01,0.000000000000000000e+00,0.000000000000000000e+00,0.000000000000000000e+00,1.000000000000000000e+00
9.150273553786261171e-01,3.929411176490353319e-01,-9.122618576661392642e-02,-5.229333040547601286e-02,-3.864277279756425654e-01,9.187309392511540107e-01,8.128389947754277589e-02,-3.677312352971967013e-01,1.157521056412389449e-01,-3.912466387612151958e-02,9.925072849688308940e-01,2.259146028696836783e-01,0.000000000000000000e+00,0.000000000000000000e+00,0.000000000000000000e+00,1.000000000000000000e+00
9.150630550648981565e-01,3.929302111411129839e-01,-9.091454464438322725e-02,-5.224557656219852575e-02,-3.865044432283139542e-01,9.187557806598692922e-01,8.063579148768279525e-02,-3.678775362408690519e-01,1.152125020128728083e-01,-3.864795824716210637e-02,9.925887439938352319e-01,2.256751145011368642e-01,0.000000000000000000e+00,0.000000000000000000e+00,0.000000000000000000e+00,1.000000000000000000e+00
9.150405836103960855e-01,3.928888981764556698e-01,-9.131836636535112239e-02,-5.223529948229788111e-02,-3.863540032422626558e-01,9.187485593472434209e-01,8.143505925608832130e-02,-3.676430985604608459e-01,1.158935482441690035e-01,-3.923516773324124685e-02,9.924864165762274926e-01,2.260399110485138419e-01,0.000000000000000000e+00,0.000000000000000000e+00,0.000000000000000000e+00,1.000000000000000000e+00
9.150353333037429815e-01,3.929545273716548714e-01,-9.108829905003054672e-02,-5.224466148781237163e-02,-3.864158112504270659e-01,9.187125010799017666e-01,8.154852037398492570e-02,-3.676688399924423756e-01,1.157288193207846039e-01,-3.942181854799729768e-02,9.924982421148091927e-01,2.260045783584465617e-01,0.000000000000000000e+00,0.000000000000000000e+00,0.000000000000000000e+00,1.000000000000000000e+00
9.150179179037604138e-01,3.929604007966133183e-01,-9.123778450199471202e-02,-5.227674968284468093e-02,-3.864036548400421323e-01,9.187084125362731113e-01,8.165211731081359336e-02,-3.676643321228268979e-01,1.159069689075035159e-01,-3.945853698309534363e-02,9.924759938748286547e-01,2.259813833795003557e-01,0.000000000000000000e+00,0.000000000000000000e+00,0.000000000000000000e+00,1.000000000000000000e+00
9.150230224895574693e-01,3.929471978492179995e-01,-9.124345465030675451e-02,-5.222819694685132408e-02,-3.864031541330604225e-01,9.187184973677312572e-01,8.154094106889291094e-02,-3.677124049345480428e-01,1.158683338539802099e-01,-3.935507968262588752e-02,9.924846129351714286e-01,2.259167553852960975e-01,0.000000000000000000e+00,0.000000000000000000e+00,0.000000000000000000e+00,1.000000000000000000e+00
9.150193709228233718e-01,3.929868329048163411e-01,-9.110927504619127648e-02,-5.226979751223281845e-02,-3.864434524831490969e-01,9.186978617289779381e-01,8.158245453225780597e-02,-3.676932088477007365e-01,1.157627265958464241e-01,-3.944094342235940354e-02,9.924935279955479084e-01,2.259434889823730419e-01,0.000000000000000000e+00,0.000000000000000000e+00,0.000000000000000000e+00,1.000000000000000000e+00
9.150521236386943702e-01,3.928703952337765926e-01,-9.128232892061853565e-02,-5.225444514075416880e-02,-3.864541571302245182e-01,9.187951046996676308e-01,8.042847764750200856e-02,-3.679061233593007296e-01,1.154677247592742623e-01,-3.831981378847240660e-02,9.925718091957546063e-01,2.256135962566725439e-01,0.000000000000000000e+00,0.000000000000000000e+00,0.000000000000000000e+00,1.000000000000000000e+00
9.150407776189318776e-01,3.929454494813244825e-01,-9.107276775447505079e-02,-5.220565751266725840e-02,-3.863762243710656685e-01,9.187054512292417430e-01,8.181507882068772552e-02,-3.676377308919654974e-01,1.158179111161160707e-01,-3.967578119703928791e-02,9.924777296499424084e-01,2.260454804291929243e-01,0.000000000000000000e+00,0.000000000000000000e+00,0.000000000000000000e+00,1.000000000000000000e+00
9.150458146095477030e-01,3.929139936399079214e-01,-9.115783437252078514e-02,-5.225265911811127761e-02,-3.864237955642060851e-01,9.187482132064747065e-01,8.110715721601298445e-02,-3.677966832746938364e-01,1.156192345040487623e-01,-3.899120839174852193e-02,9.925280239272084026e-01,2.257827739620923424e-01,0.000000000000000000e+00,0.000000000000000000e+00,0.000000000000000000e+00,1.000000000000000000e+00
9.150056524772114397e-01,3.929212145473500173e-01,-9.152909424542590711e-02,-5.227293458164461448e-02,-3.864853899668626025e-01,9.187742726454404263e-01,8.051632919479255468e-02,-3.679482330169038251e-01,1.157311508493492902e-01,-3.829823864719396342e-02,9.925419616518024180e-01,2.255196713514522333e-01,0.000000000000000000e+00,0.000000000000000000e+00,0.000000000000000000e+00,1.000000000000000000e+00
9.149112190663241106e-01,3.930988007357676950e-01,-9.171038156432366473e-02,-5.241457534880655800e-02,-3.864779359118705737e-01,9.186423354112381867e-01,8.204306578551411044e-02,-3.676284754575552816e-01,1.165000698706773613e-01,-3.961808236509346826e-02,9.924001920948222200e-01,2.260145725209918854e-01,0.000000000000000000e+00,0.000000000000000000e+00,0.000000000000000000e+00,1.000000000000000000e+00
9.149609276006104297e-01,3.930553393016404939e-01,-9.140022544120660064e-02,-5.239099947700565085e-02,-3.865165938946650837e-01,9.186791992546317065e-01,8.144600359094228414e-02,-3.677561931297142483e-01,1.159802724962209208e-01,-3.919220717619149169e-02,9.924779832763854781e-01,2.258488118189072580e-01,0.000000000000000000e+00,0.000000000000000000e+00,0.000000000000000000e+00,1.000000000000000000e+00
9.150315565242060911e-01,3.929927768840138502e-01,-9.096113390828336476e-02,-5.230427802942938520e-02,-3.864723098665146517e-01,9.186986533528318510e-01,8.143671183277384484e-02,-3.676958191507238016e-01,1.155699107524515434e-01,-3.936320165694465883e-02,9.925190849973541951e-01,2.259533773615713947e-01,0.000000000000000000e+00,0.000000000000000000e+00,0.000000000000000000e+00,1.000000000000000000e+00
9.150339833852235705e-01,3.930429172676653260e-01,-9.071975769309291449e-02,-5.228418941948032028e-02,-3.865090681495687019e-01,9.186654744356820279e-01,8.163630514676162298e-02,-3.677242444056351145e-01,1.154276807716518444e-01,-3.963598447858091012e-02,9.925247801672718584e-01,2.259016294649291989e-01,0.000000000000000000e+00,0.000000000000000000e+00,0.000000000000000000e+00,1.000000000000000000e+00
9.149815104719293268e-01,3.930290365132942942e-01,-9.130723931835020568e-02,-5.232798989857223582e-02,-3.864830999805282663e-01,9.186851079951650068e-01,8.153824732819152377e-02,-3.677380941924375257e-01,1.159294998003007199e-01,-3.931728379916246685e-02,9.924789681755016302e-01,2.258549443019055580e-01,0.000000000000000000e+00,0.000000000000000000e+00,0.000000000000000000e+00,1.000000000000000000e+00
9.149731569631003314e-01,3.930233488896135996e-01,-9.141536667634611590e-02,-5.234393725019248489e-02,-3.864662390114551038e-01,9.186869980899413646e-01,8.159684825305998923e-02,-3.676590433651481526e-01,1.160515753504389180e-01,-3.932997289708076161e-02,9.924641983923633282e-01,2.259969453043477738e-01,0.000000000000000000e+00,0.000000000000000000e+00,0.000000000000000000e+00,1.000000000000000000e+00
9.150015850694446229e-01,3.929958560816495527e-01,-9.124887080427521169e-02,-5.232353600642991598e-02,-3.864618570293563149e-01,9.187014530248109878e-01,8.145473142502260289e-02,-3.676755984213121442e-01,1.158418421030384948e-01,-3.926700030244957562e-02,9.924911940694598478e-01,2.259632143602450238e-01,0.000000000000000000e+00,0.000000000000000000e+00,0.000000000000000000e+00,1.000000000000000000e+00
9.151027717204535117e-01,3.929013289416284915e-01,-9.063919078106416616e-02,-5.220380659046808258e-02,-3.864437659402044090e-01,9.187490755085192529e-01,8.100217292266931324e-02,-3.678062682979187925e-01,1.151005341234193624e-01,-3.909836272970704241e-02,9.925840947125639246e-01,2.257683408204711473e-01,0.000000000000000000e+00,0.000000000000000000e+00,0.000000000000000000e+00,1.000000000000000000e+00
9.150435049551790545e-01,3.929135259826669335e-01,-9.118303098279594010e-02,-5.228082132989753106e-02,-3.864613364535729456e-01,9.187619315085426841e-01,8.077220213173785801e-02,-3.678295519917588186e-01,1.155119884075226783e-01,-3.867136292607472464e-02,9.925530243889141291e-01,2.257050910155216084e-01,0.000000000000000000e+00,0.000000000000000000e+00,0.000000000000000000e+00,1.000000000000000000e+00
9.149706998918766265e-01,3.930233031504464791e-01,-9.144015266873654901e-02,-5.235736054871020784e-02,-3.865047272001194689e-01,9.187007740269006462e-01,8.125874509451323779e-02,-3.677894048945222205e-01,1.159427194408119560e-01,-3.900731960909507856e-02,9.924896547700551297e-01,2.257676610729815181e-01,0.000000000000000000e+00,0.000000000000000000e+00,0.000000000000000000e+00,1.000000000000000000e+00
9.149478091401558322e-01,3.929831036131920530e-01,-9.184109550834315683e-02,-5.235804596889837015e-02,-3.864932218211686865e-01,9.187392559531749603e-01,8.087749413093769935e-02,-3.678613053899273400e-01,1.161615084092932626e-01,-3.850272516524202993e-02,9.924837752421588055e-01,2.256456347885118507e-01,0.000000000000000000e+00,0.000000000000000000e+00,0.000000000000000000e+00,1.000000000000000000e+00
9.149892317874583902e-01,3.930083746729428062e-01,-9.131879954274893518e-02,-5.231674991342483150e-02,-3.864814123669689794e-01,9.187006359365851305e-01,8.137112156377843131e-02,-3.677395368956435928e-01,1.158741714439839865e-01,-3.916068138638778562e-02,9.924916208339112922e-01,2.258776736231160598e-01,0.000000000000000000e+00,0.000000000000000000e+00,0.000000000000000000e+00,1.000000000000000000e+00
9.150439871352850085e-01,3.929553740935478601e-01,-9.099766798418948421e-02,-5.226031435573252892e-02,-3.864117685514952827e-01,9.187077174123415846e-01,8.162153571154630305e-02,-3.676498135250286792e-01,1.156738809432213688e-01,-3.952472565376592695e-02,9.925005538182477549e-01,2.260260639791233928e-01,0.000000000000000000e+00,0.000000000000000000e+00,0.000000000000000000e+00,1.000000000000000000e+00
9.150214208640689018e-01,3.929827725640844260e-01,-9.110620081940494497e-02,-5.224774987235658585e-02,-3.864205824475515083e-01,9.186930692030972345e-01,8.174459039648021563e-02,-3.676423182706801129e-01,1.158228510303370845e-01,-3.959274006732058093e-02,9.924804693862575578e-01,2.260508829977168066e-01,0.000000000000000000e+00,0.000000000000000000e+00,0.000000000000000000e+00,1.000000000000000000e+00
9.149568729590522587e-01,3.930431155098570439e-01,-9.149333295545410139e-02,-5.238560822900995007e-02,-3.864498375039269185e-01,9.186687039921133113e-01,8.188000609818681108e-02,-3.676105916936689422e-01,1.162344343049033918e-01,-3.955909068413721030e-02,9.924336928107907463e-01,2.260443604397399664e-01,0.000000000000000000e+00,0.000000000000000000e+00,0.000000000000000000e+00,1.000000000000000000e+00
9.150343657723294388e-01,3.929551005948327402e-01,-9.109554529248707622e-02,-5.224559759451086194e-02,-3.864118644098557542e-01,9.187109381491368465e-01,8.158482192437545300e-02,-3.676854343029014593e-01,1.157496457831724695e-01,-3.945251629031694407e-02,9.924945936676089486e-01,2.259721228030400209e-01,0.000000000000000000e+00,0.000000000000000000e+00,0.000000000000000000e+00,1.000000000000000000e+00
9.150338923796098589e-01,3.929041869502648554e-01,-9.131963465526947432e-02,-5.227378721323572286e-02,-3.863964893540055012e-01,9.187513062230001637e-01,8.120215716611714485e-02,-3.677402786306618321e-01,1.158047011632968720e-01,-3.901713970144650434e-02,9.925053823521549079e-01,2.258713159816740923e-01,0.000000000000000000e+00,0.000000000000000000e+00,0.000000000000000000e+00,1.000000000000000000e+00
9.150051111726696940e-01,3.929501876541739436e-01,-9.141004622272004554e-02,-5.232298469709717459e-02,-3.864710971528099726e-01,9.187441077481242058e-01,8.092808871835785456e-02,-3.677580195082946202e-01,1.157831490044800710e-01,-3.872227396024902069e-02,9.925194445984187874e-01,2.258226977913231348e-01,0.000000000000000000e+00,0.000000000000000000e+00,0.000000000000000000e+00,1.000000000000000000e+00
9.150022028647696315e-01,3.929480873232605309e-01,-9.144817888624359736e-02,-5.227609262680477098e-02,-3.864351159075508080e-01,9.187347709466080481e-01,8.120542991205485783e-02,-3.677265529981774694e-01,1.159261400467424818e-01,-3.896435964667085972e-02,9.924932789350203732e-01,2.259227063215865083e-01,0.000000000000000000e+00,0.000000000000000000e+00,0.000000000000000000e+00,1.000000000000000000e+00
9.150384509338247430e-01,3.929108538894613423e-01,-9.124524211421167208e-02,-5.224166337699165386e-02,-3.864136795263607427e-01,9.187498038818178170e-01,8.113732890612354587e-02,-3.677700267524783295e-01,1.157112854803960256e-01,-3.898536601054133216e-02,9.925175261170448016e-01,2.258531401427787966e-01,0.000000000000000000e+00,0.000000000000000000e+00,0.000000000000000000e+00,1.000000000000000000e+00
9.150410043852799102e-01,3.929266044962745896e-01,-9.115176231212776536e-02,-5.227923018035152136e-02,-3.863922847058800514e-01,9.187277502517513517e-01,8.148817851152327651e-02,-3.676331711148650427e-01,1.157625268096226512e-01,-3.934468701596084694e-02,9.924973717800302797e-01,2.260589258902074850e-01,0.000000000000000000e+00,0.000000000000000000e+00,0.000000000000000000e+00,1.000000000000000000e+00
9.149916611643889031e-01,3.929960195749073182e-01,-9.134762502611346036e-02,-5.230165715509804691e-02,-3.864794334586851288e-01,9.187102386284404787e-01,8.127204287285931528e-02,-3.677345062204091519e-01,1.158615877376369119e-01,-3.905926314657223730e-02,9.924970863681973343e-01,2.259017367880777893e-01,0.000000000000000000e+00,0.000000000000000000e+00,0.000000000000000000e+00,1.000000000000000000e+00
9.150415239831842795e-01,3.929318472007802265e-01,-9.112394219915348481e-02,-5.222367526270055293e-02,-3.864120481362094406e-01,9.187296192106594317e-01,8.137331159671981617e-02,-3.677123060092106765e-01,1.156924303561461809e-01,-3.924856991560056463e-02,9.925093507458098152e-01,2.259469908359417190e-01,0.000000000000000000e+00,0.000000000000000000e+00,0.000000000000000000e+00,1.000000000000000000e+00
9.150632159931885168e-01,3.928708542629327227e-01,-9.116908800090660348e-02,-5.222511208361990676e-02,-3.864256257093688363e-01,9.187819283687725935e-01,8.071557407392221384e-02,-3.678286602748161438e-01,1.154753070198401149e-01,-3.862978091671684377e-02,9.925589118510802500e-01,2.257361689171135666e-01,0.000000000000000000e+00,0.000000000000000000e+00,0.000000000000000000e+00,1.000000000000000000e+00
9.149930490005091510e-01,3.929835716433058290e-01,-9.138726770848740188e-02,-5.231305582003376031e-02,-3.864363133639003300e-01,9.187063418286441907e-01,8.152075317088311457e-02,-3.677169048032313814e-01,1.159943791503254273e-01,-3.927556367897656886e-02,9.924730394843124248e-01,2.259049022303585286e-01,0.000000000000000000e+00,0.000000000000000000e+00,0.000000000000000000e+00,1.000000000000000000e+00
9.150101647207403710e-01,3.929787633265782731e-01,-9.123645122448056921e-02,-5.228477374981133075e-02,-3.864210937692936221e-01,9.187002778333168695e-01,8.166111558832334083e-02,-3.676582545145927194e-01,1.159100373042242227e-01,-3.946506155195856486e-02,9.924753761020137510e-01,2.260216723979733278e-01,0.000000000000000000e+00,0.000000000000000000e+00,0.000000000000000000e+00,1.000000000000000000e+00
9.149824626833884533e-01,3.929864880423588058e-01,-9.148067117142788529e-02,-5.231322561878914978e-02,-3.865094935330556369e-01,9.187315113846366010e-01,8.088770857010682547e-02,-3.678412100468606560e-01,1.158339518045669592e-01,-3.865268690575997951e-02,9.925162292901325012e-01,2.257110577803027596e-01,0.000000000000000000e+00,0.000000000000000000e+00,0.000000000000000000e+00,1.000000000000000000e+00
9.149767110594800856e-01,3.930035737544678720e-01,-9.146479779124523646e-02,-5.232377820556699533e-02,-3.864498725714167748e-01,9.186980241361035748e-01,8.155020808039142866e-02,-3.677754631380868444e-01,1.160780522248395646e-01,-3.926998172441566182e-02,9.924634775784203500e-01,2.258238151510478797e-01,0.000000000000000000e+00,0.000000000000000000e+00,0.000000000000000000e+00,1.000000000000000000e+00
9.150511534352164800e-01,3.929274397352700565e-01,-9.104621738417296994e-02,-5.227346964609425051e-02,-3.864881154960157494e-01,9.187563018248783298e-01,8.070808161152105698e-02,-3.678659928471134100e-01,1.153617058525868849e-01,-3.866374219031630532e-02,9.925707994206873774e-01,2.257160991767495073e-01,0.000000000000000000e+00,0.000000000000000000e+00,0.000000000000000000e+00,1.000000000000000000e+00
9.149888077059881164e-01,3.930023647830148681e-01,-9.134890830071561163e-02,-5.233289856223422021e-02,-3.864634812498375371e-01,9.187000570900869523e-01,8.146276918278440304e-02,-3.677507068908628662e-01,1.159373082015917183e-01,-3.923450493671727657e-02,9.924813319097443021e-01,2.259015978157348226e-01,0.000000000000000000e+00,0.000000000000000000e+00,0.000000000000000000e+00,1.000000000000000000e+00
9.149577710045448953e-01,3.929943812474676612e-01,-9.169347624730583846e-02,-5.236825101584019482e-02,-3.864849942476915601e-01,9.187236421631717054e-01,8.109388726530927793e-02,-3.677997894479094754e-01,1.161104065093091775e-01,-3.875932969437038966e-02,9.924797669785951904e-01,2.257851100244923082e-01,0.000000000000000000e+00,0.000000000000000000e+00,0.000000000000000000e+00,1.000000000000000000e+00
9.150188238420807751e-01,3.929010332283348617e-01,-9.148404288597203338e-02,-5.231411134018437714e-02,-3.863804019215391627e-01,9.187532014924384427e-01,8.125724434378145400e-02,-3.677240252082292771e-01,1.159773125469173161e-01,-3.900426688840627487e-02,9.924857329649091620e-01,2.259464589642623533e-01,0.000000000000000000e+00,0.000000000000000000e+00,0.000000000000000000e+00,1.000000000000000000e+00
9.149791901866254351e-01,3.929482524497046048e-01,-9.167743682144910422e-02,-5.233632429680545872e-02,-3.863788263922151578e-01,9.187225565923449189e-01,8.161045597348670633e-02,-3.676578090158973966e-01,1.162948151948400288e-01,-3.924964847166415027e-02,9.924389054514384245e-01,2.260375306597552925e-01,0.000000000000000000e+00,0.000000000000000000e+00,0.000000000000000000e+00,1.000000000000000000e+00
9.150080812640482009e-01,3.929850462269067757e-01,-9.123028369747086808e-02,-5.231295036253769126e-02,-3.864606339822923564e-01,9.187087209443840496e-01,8.137852568545780874e-02,-3.677071030590213230e-01,1.157946009254739034e-01,-3.920509536743883860e-02,9.924991541022795127e-01,2.259757122674490581e-01,0.000000000000000000e+00,0.000000000000000000e+00,0.000000000000000000e+00,1.000000000000000000e+00
9.149869455963584031e-01,3.930132427806798390e-01,-9.132075551188328921e-02,-5.234178096242880773e-02,-3.864808252354491325e-01,9.186967873940307117e-01,8.141734801142430644e-02,-3.677184832940506576e-01,1.158941806717359024e-01,-3.920208962417152943e-02,9.924876498251882229e-01,2.259536456764030810e-01,0.000000000000000000e+00,0.000000000000000000e+00,0.000000000000000000e+00,1.000000000000000000e+00
9.150276458631043663e-01,3.929507182094409967e-01,-9.118190810083874609e-02,-5.226768453229480027e-02,-3.863844241696522963e-01,9.187075580510195572e-01,8.175267297782251585e-02,-3.677117941090967124e-01,1.158942796919309598e-01,-3.957468684168043843e-02,9.924728510624718503e-01,2.259897406952235954e-01,0.000000000000000000e+00,0.000000000000000000e+00,0.000000000000000000e+00,1.000000000000000000e+00
9.150599917189496946e-01,3.929376765960502782e-01,-9.091311163200478662e-02,-5.222159597315845225e-02,-3.864012779144199161e-01,9.187151007254746871e-01,8.158808813230070123e-02,-3.676887205895276733e-01,1.155822822988836346e-01,-3.952905273692506466e-02,9.925110528393638054e-01,2.260361188445931813e-01,0.000000000000000000e+00,0.000000000000000000e+00,0.000000000000000000e+00,1.000000000000000000e+00
9.150275699128356255e-01,3.929784134986832878e-01,-9.106323530091181562e-02,-5.228731139155662344e-02,-3.864239326081602699e-01,9.186962395058951847e-01,8.169310757567936621e-02,-3.677087158721082938e-01,1.157630796370558712e-01,-3.956243220260115268e-02,9.924886514974162743e-01,2.259628166128608839e-01,0.000000000000000000e+00,0.000000000000000000e+00,0.000000000000000000e+00,1.000000000000000000e+00
9.150550061428303072e-01,3.929776981615205611e-01,-9.079022238444950377e-02,-5.228388254368387944e-02,-3.864624030085921924e-01,9.187016169223378714e-01,8.145029235740322560e-02,-3.676992538288937351e-01,1.154172725105276076e-01,-3.944449026106008199e-02,9.925336192765844556e-01,2.259643566320246322e-01,0.000000000000000000e+00,0.000000000000000000e+00,0.000000000000000000e+00,1.000000000000000000e+00
9.151006296633908965e-01,3.929506585852368672e-01,-9.044676615056150559e-02,-5.217276197722742204e-02,-3.864632656317160131e-01,9.187121674120104498e-01,8.132710351657616854e-02,-3.677838071454713198e-01,1.150520834532579445e-01,-3.946813102434447440e-02,9.925750776271333731e-01,2.258659202581885239e-01,0.000000000000000000e+00,0.000000000000000000e+00,0.000000000000000000e+00,1.000000000000000000e+00
9.150051797446541180e-01,3.930175483073161113e-01,-9.111930510577909148e-02,-5.231347656881379926e-02,-3.864910529743294521e-01,9.186908940456992578e-01,8.143529436496377283e-02,-3.677626397613148468e-01,1.157159756094536807e-01,-3.929691998135072251e-02,9.925046927187457513e-01,2.258698127234479713e-01,0.000000000000000000e+00,0.000000000000000000e+00,0.000000000000000000e+00,1.000000000000000000e+00
9.150399456247273466e-01,3.929679389553004110e-01,-9.098404730676375174e-02,-5.225128369511256032e-02,-3.864415830105740191e-01,9.187078659751264365e-01,8.147858562659818227e-02,-3.677517671692143164e-01,1.156062318016541218e-01,-3.939614129140734528e-02,9.925135481291778028e-01,2.259120218618879683e-01,0.000000000000000000e+00,0.000000000000000000e+00,0.000000000000000000e+00,1.000000000000000000e+00
9.150047985983634780e-01,3.930007933165482470e-01,-9.119536717691421879e-02,-5.228687746621840660e-02,-3.864596266013776704e-01,9.186953108791260370e-01,8.153454958378038298e-02,-3.677120252473317086e-01,1.158238988684643783e-01,-3.936117657374944845e-02,9.924895577433739957e-01,2.259701176940571710e-01,0.000000000000000000e+00,0.000000000000000000e+00,0.000000000000000000e+00,1.000000000000000000e+00
9.150467991459726447e-01,3.929887344378817371e-01,-9.082516158874692769e-02,-5.228003982738382849e-02,-3.864619439679960466e-01,9.186940741086246920e-01,8.153750095615042159e-02,-3.677303296867637794e-01,1.154838570415252230e-01,-3.951016075149262063e-02,9.925232621758564022e-01,2.259449753351390200e-01,0.000000000000000000e+00,0.000000000000000000e+00,0.000000000000000000e+00,1.000000000000000000e+00
9.150918218466578269e-01,3.929556397593962358e-01,-9.051421308639009955e-02,-5.222189221923301261e-02,-3.864846592566333894e-01,9.187177239882236002e-01,8.116250235904678978e-02,-3.677792455315562203e-01,1.150502748742861236e-01,-3.928878734679800561e-02,9.925824023425809939e-01,2.258518007223513369e-01,0.000000000000000000e+00,0.000000000000000000e+00,0.000000000000000000e+00,1.000000000000000000e+00
9.150271744415230391e-01,3.930508605069352179e-01,-9.075401417193952602e-02,-5.228674096624208456e-02,-3.865476073903443832e-01,9.186736266963189124e-01,8.136162998264601098e-02,-3.677716035241362924e-01,1.153525780135106621e-01,-3.936735535174464007e-02,9.925442025815508496e-01,2.258413472928066934e-01,0.000000000000000000e+00,0.000000000000000000e+00,0.000000000000000000e+00,1.000000000000000000e+00
9.150460022581637931e-01,3.929620011262197066e-01,-9.094877361586392595e-02,-5.229689275043947205e-02,-3.864705892974384938e-01,9.187211936503973941e-01,8.119022075151527407e-02,-3.677318529347259890e-01,1.154612374758012261e-01,-3.914376078592959884e-02,9.925404115863951660e-01,2.258809231923499805e-01,0.000000000000000000e+00,0.000000000000000000e+00,0.000000000000000000e+00,1.000000000000000000e+00
9.150441977642455038e-01,3.930056502984425326e-01,-9.077816351682095608e-02,-5.225617647503222329e-02,-3.864569523257823103e-01,9.186779552240246227e-01,8.174251393536381693e-02,-3.676575117078850763e-01,1.155211674848223707e-01,-3.971616067677549711e-02,9.925106984028133628e-01,2.260084589340809469e-01,0.000000000000000000e+00,0.000000000000000000e+00,0.000000000000000000e+00,1.000000000000000000e+00
9.150807569114616236e-01,3.929442702854058500e-01,-9.067529310797163566e-02,-5.223521264814212639e-02,-3.864326282410434632e-01,9.187135291377555024e-01,8.145719863812007910e-02,-3.677141503159016001e-01,1.153127580151744741e-01,-3.950002315341774595e-02,9.925435587468257603e-01,2.259370461384953011e-01,0.000000000000000000e+00,0.000000000000000000e+00,0.000000000000000000e+00,1.000000000000000000e+00
9.150394552193982234e-01,3.929470869016089551e-01,-9.107898927483971951e-02,-5.228329675044418590e-02,-3.864704636061233600e-01,9.187364137409681497e-01,8.101841041672386279e-02,-3.678393503918414575e-01,1.155135323321689472e-01,-3.893570292063616017e-02,9.925425103672995686e-01,2.257227608296763499e-01,0.000000000000000000e+00,0.000000000000000000e+00,0.000000000000000000e+00,1.000000000000000000e+00
