T00,T01,T02,T03,T10,T11,T12,T13,T20,T21,T22,T23,T30,T31,T32,T33
9.734135880281914455e-01,1.251436526635484603e-01,1.918464303553966965e-01,3.141757812500000080e-01,1.256701003859869437e-01,-9.920268823157346594e-01,9.470513813943903444e-03,-1.469086456298828169e-01,1.915019908801443849e-01,1.489063332935426122e-02,-9.813792623282765470e-01,1.566471313476562432e+00,0.000000000000000000e+00,0.000000000000000000e+00,0.000000000000000000e+00,1.000000000000000000e+00
9.734549572332137357e-01,1.251937618421045673e-01,1.916036748966598591e-01,3.141748962402343692e-01,1.256612089958507594e-01,-9.920252135827353213e-01,9.758902081176365831e-03,-1.469132843017578183e-01,1.912974301755871465e-01,1.457729782748755538e-02,-9.814238613342686213e-01,1.566463623046875142e+00,0.000000000000000000e+00,0.000000000000000000e+00,0.000000000000000000e+00,1.000000000000000000e+00
9.734002995842654382e-01,1.252302428843125315e-01,1.918573507489326757e-01,3.141756286621094074e-01,1.256677158500306979e-01,-9.920226340310187574e-01,9.935731638681267325e-03,-1.469242248535156392e-01,1.915710885345145997e-01,1.443883088397533362e-02,-9.813725277387814749e-01,1.566458496093749986e+00,0.000000000000000000e+00,0.000000000000000000e+00,0.000000000000000000e+00,1.000000000000000000e+00
9.733932146133704721e-01,1.251866836257752025e-01,1.919217131734428372e-01,3.141771850585937664e-01,1.255539664449817627e-01,-9.920333653468665913e-01,1.029580247007007635e-02,-1.469232482910156345e-01,1.916816403690806692e-01,1.407466807247606533e-02,-9.813562311740157140e-01,1.566464721679687422e+00,0.000000000000000000e+00,0.000000000000000000e+00,0.000000000000000000e+00,1.000000000000000000e+00
9.734000807626493890e-01,1.252108643873504068e-01,1.918711083270231987e-01,3.141756896972656143e-01,1.256773819585689234e-01,-9.920228968269916292e-01,9.786104180111146814e-03,-1.469159088134765756e-01,1.915658592633554536e-01,1.458806396875735913e-02,-9.813713415187627076e-01,1.566463745117187445e+00,0.000000000000000000e+00,0.000000000000000000e+00,0.000000000000000000e+00,1.000000000000000000e+00
9.734867753007406810e-01,1.252245632338030434e-01,1.914218040805940324e-01,3.141751098632812322e-01,1.256775380074620085e-01,-9.920225212283456662e-01,9.822108538396436342e-03,-1.469082641601562600e-01,1.911247099538649630e-01,1.449572829009838394e-02,-9.814587200215764140e-01,1.566470214843749931e+00,0.000000000000000000e+00,0.000000000000000000e+00,0.000000000000000000e+00,1.000000000000000000e+00
9.733944586655141062e-01,1.251467583027867647e-01,1.919414408760514723e-01,3.141760559082031334e-01,1.256002244042978000e-01,-9.920320153780119998e-01,9.852111176299263584e-03,-1.469248352050781248e-01,1.916450142029813564e-01,1.451789762135003922e-02,-9.813569275140392456e-01,1.566457519531250009e+00,0.000000000000000000e+00,0.000000000000000000e+00,0.000000000000000000e+00,1.000000000000000000e+00
9.734731681371213696e-01,1.252035465531339542e-01,1.915047332250396084e-01,3.141732177734374853e-01,1.256514356005275224e-01,-9.920255257187400311e-01,9.852565857906050648e-03,-1.469186859130859335e-01,1.912111598432550685e-01,1.447163615404682864e-02,-9.814422367609936249e-01,1.566463012695312518e+00,0.000000000000000000e+00,0.000000000000000000e+00,0.000000000000000000e+00,1.000000000000000000e+00
9.734508498550176192e-01,1.251737347981451420e-01,1.916376242631594173e-01,3.141763000488281277e-01,1.256589868995459658e-01,-9.920263827260586975e-01,9.668246316219611391e-03,-1.469181671142578138e-01,1.913197896923472252e-01,1.466942712361283749e-02,-9.814181300444480005e-01,1.566471923828125057e+00,0.000000000000000000e+00,0.000000000000000000e+00,0.000000000000000000e+00,1.000000000000000000e+00
9.734101222183926261e-01,1.252233049201714743e-01,1.918120378590564556e-01,3.141733703613281414e-01,1.256602286121890066e-01,-9.920235959528789227e-01,9.934385630324560346e-03,-1.469273223876953194e-01,1.915260841449716034e-01,1.443291299736000968e-02,-9.813813989038635555e-01,1.566468383789062502e+00,0.000000000000000000e+00,0.000000000000000000e+00,0.000000000000000000e+00,1.000000000000000000e+00
9.734781303577987321e-01,1.253072019695724570e-01,1.914116894278959924e-01,3.141799621582031521e-01,1.256134078774606144e-01,-9.920228188701071259e-01,1.058293921449457962e-02,-1.469218902587890729e-01,1.912108822125332397e-01,1.374161473640369592e-02,-9.814527836569323371e-01,1.566476440429687589e+00,0.000000000000000000e+00,0.000000000000000000e+00,0.000000000000000000e+00,1.000000000000000000e+00
9.734379248262829964e-01,1.251140650830305789e-01,1.917422155611508972e-01,3.141806030273437411e-01,1.257004492557970976e-01,-9.920260268689440331e-01,9.151998224861483330e-03,-1.469331054687499916e-01,1.913583119877222405e-01,1.519318047731557479e-02,-9.814026511581233070e-01,1.566485961914062530e+00,0.000000000000000000e+00,0.000000000000000000e+00,0.000000000000000000e+00,1.000000000000000000e+00
9.734776978831257699e-01,1.252380400965256990e-01,1.914591471749294282e-01,3.141786499023437318e-01,1.256897654990233038e-01,-9.920208668810034380e-01,9.832727061372233124e-03,-1.469324035644531401e-01,1.911629006187413882e-01,1.449251480744211118e-02,-9.814513296346313309e-01,1.566478637695312592e+00,0.000000000000000000e+00,0.000000000000000000e+00,0.000000000000000000e+00,1.000000000000000000e+00
9.734203366107673228e-01,1.251664158917991931e-01,1.917973321122626862e-01,3.141777648925781485e-01,1.256426882964888636e-01,-9.920278822811309238e-01,9.726029737051215818e-03,-1.469146728515625111e-01,1.914856734855424625e-01,1.463041727415244700e-02,-9.813863600744471283e-01,1.566470825195312555e+00,0.000000000000000000e+00,0.000000000000000000e+00,0.000000000000000000e+00,1.000000000000000000e+00
9.734559062015688546e-01,1.252797285708506791e-01,1.915426539716328647e-01,3.141743469238281183e-01,1.256441732412598156e-01,-9.920219932576848088e-01,1.029109438157560334e-02,-1.469233703613281317e-01,1.913037908976270296e-01,1.404829179167996732e-02,-9.814303363387200108e-01,1.566472167968750107e+00,0.000000000000000000e+00,0.000000000000000000e+00,0.000000000000000000e+00,1.000000000000000000e+00
9.733676781768774156e-01,1.251221029930276174e-01,1.920932649083690047e-01,3.141775207519531543e-01,1.256320734215320978e-01,-9.920307220938706649e-01,9.572280277969543935e-03,-1.469107360839843890e-01,1.917601241352367702e-01,1.481572693172450265e-02,-9.813299898745186933e-01,1.566461059570312564e+00,0.000000000000000000e+00,0.000000000000000000e+00,0.000000000000000000e+00,1.000000000000000000e+00
9.734296890797703439e-01,1.252748497510030312e-01,1.916790349462492715e-01,3.141763916015625213e-01,1.257002808767824498e-01,-9.920179818509259340e-01,9.988146570535011426e-03,-1.469177246093749944e-01,1.914003129714260121e-01,1.437135012029505665e-02,-9.814068394351856961e-01,1.566469360351562479e+00,0.000000000000000000e+00,0.000000000000000000e+00,0.000000000000000000e+00,1.000000000000000000e+00
9.734090090437012011e-01,1.251710359461550570e-01,1.918517992428692420e-01,3.141771240234375040e-01,1.256116771378591179e-01,-9.920299559994026906e-01,9.913272236636457707e-03,-1.469221191406250016e-01,1.915635865167858165e-01,1.444915776056792181e-02,-9.813738401653248067e-01,1.566462646484374943e+00,0.000000000000000000e+00,0.000000000000000000e+00,0.000000000000000000e+00,1.000000000000000000e+00
9.734515615557057799e-01,1.252694387830839418e-01,1.915714618927604473e-01,3.141755981445312762e-01,1.256566069661981810e-01,-9.920216089666611392e-01,1.017568026911885512e-02,-1.469181823730468794e-01,1.913177316155002250e-01,1.416668804513327232e-02,-9.814259169796422100e-01,1.566470825195312555e+00,0.000000000000000000e+00,0.000000000000000000e+00,0.000000000000000000e+00,1.000000000000000000e+00
9.733965744395417508e-01,1.251529921021473646e-01,1.919266459802957958e-01,3.141784667968750000e-01,1.256177106980026492e-01,-9.920303771713344654e-01,9.793953659952444463e-03,-1.469279327392578050e-01,1.916228056061147766e-01,1.457598494717344401e-02,-9.813604032334203309e-01,1.566470214843749931e+00,0.000000000000000000e+00,0.000000000000000000e+00,0.000000000000000000e+00,1.000000000000000000e+00
9.734235856567716727e-01,1.252030421540113458e-01,1.917569323974878670e-01,3.141781616210937433e-01,1.256162666099716052e-01,-9.920280028293557706e-01,1.004963508653401727e-02,-1.469182434082031419e-01,1.914864915603354256e-01,1.430523812387709745e-02,-9.813909943096752464e-01,1.566476928710937466e+00,0.000000000000000000e+00,0.000000000000000000e+00,0.000000000000000000e+00,1.000000000000000000e+00
9.734713782840771490e-01,1.252197464532863458e-01,1.915032395545146204e-01,3.141790161132812509e-01,1.257046911490862506e-01,-9.920206354403606763e-01,9.663823447059349814e-03,-1.469114990234375029e-01,1.911852669135672700e-01,1.466540005174689007e-02,-9.814444048220511974e-01,1.566479980468749922e+00,0.000000000000000000e+00,0.000000000000000000e+00,0.000000000000000000e+00,1.000000000000000000e+00
9.733942487491071827e-01,1.251918649807370332e-01,1.919130882582169018e-01,3.141784973144531312e-01,1.256143466423530475e-01,-9.920286161731228791e-01,1.001302208395648055e-02,-1.469199371337890636e-01,1.916368242790931209e-01,1.436041908455111191e-02,-9.813608439019461116e-01,1.566469116210937429e+00,0.000000000000000000e+00,0.000000000000000000e+00,0.000000000000000000e+00,1.000000000000000000e+00
9.734306650172721564e-01,1.252652419061185407e-01,1.916803578205994174e-01,3.141788330078125191e-01,1.256485262607796027e-01,-9.920223477959562164e-01,1.020339756614907327e-02,-1.469207763671875056e-01,1.914293296559479718e-01,1.415205439504510325e-02,-9.814043667642171620e-01,1.566466308593750023e+00,0.000000000000000000e+00,0.000000000000000000e+00,0.000000000000000000e+00,1.000000000000000000e+00
9.733351691415838003e-01,1.251168704625538752e-01,1.922613253823582391e-01,3.141792297363281139e-01,1.255695844487804691e-01,-9.920356396206534422e-01,9.877711465814122474e-03,-1.469273986816406197e-01,1.919659552459370699e-01,1.452785077352453970e-02,-9.812940505161628080e-01,1.566480224609374972e+00,0.000000000000000000e+00,0.000000000000000000e+00,0.000000000000000000e+00,1.000000000000000000e+00
9.734112570723386648e-01,1.252606172354622516e-01,1.917819135753959237e-01,3.141805419921875342e-01,1.256469958967806611e-01,-9.920226306352523116e-01,1.019474029234657478e-02,-1.469213562011718877e-01,1.915289978749014077e-01,1.417314634458541334e-02,-9.813846161906812915e-01,1.566480102539062447e+00,0.000000000000000000e+00,0.000000000000000000e+00,0.000000000000000000e+00,1.000000000000000000e+00
9.734587445024077690e-01,1.252416474774037114e-01,1.915531322869512831e-01,3.141775512695312300e-01,1.256480993759478137e-01,-9.920237381208293348e-01,1.007264255241150167e-02,-1.469329376220703254e-01,1.912867686877700868e-01,1.426298502847289651e-02,-9.814305575959357819e-01,1.566470947265625080e+00,0.000000000000000000e+00,0.000000000000000000e+00,0.000000000000000000e+00,1.000000000000000000e+00
9.734462525965683621e-01,1.252273910688964653e-01,1.916259216071128646e-01,3.141768798828125098e-01,1.256943189007050377e-01,-9.920209433309954417e-01,9.766585317794026708e-03,-1.469142608642578229e-01,1.913199715183586391e-01,1.457904382185469007e-02,-9.814194414109875808e-01,1.566480712890625071e+00,0.000000000000000000e+00,0.000000000000000000e+00,0.000000000000000000e+00,1.000000000000000000e+00
9.734519113929643863e-01,1.251992011344333355e-01,1.916155949829865257e-01,3.141807861328125284e-01,1.256765254807026277e-01,-9.920237562086772209e-01,9.709689012811498904e-03,-1.469131317138671899e-01,1.913028675908506337e-01,1.462966687682668368e-02,-9.814220222201001098e-01,1.566475585937500137e+00,0.000000000000000000e+00,0.000000000000000000e+00,0.000000000000000000e+00,1.000000000000000000e+00
9.734066655363780018e-01,1.252034285341927511e-01,1.918425525597309556e-01,3.141745300292969056e-01,1.256392142734555351e-01,-9.920261952624100932e-01,9.940611144942306659e-03,-1.469181518554687482e-01,1.915574361023308636e-01,1.442669041982665157e-02,-9.813753712405013374e-01,1.566462280273437591e+00,0.000000000000000000e+00,0.000000000000000000e+00,0.000000000000000000e+00,1.000000000000000000e+00
9.734427442598064806e-01,1.252147712479573793e-01,1.916519885345810692e-01,3.141773681640624982e-01,1.256574529882499291e-01,-9.920243738153607937e-01,9.891727086185882548e-03,-1.469182739257812453e-01,1.913620342608304548e-01,1.445347077914289034e-02,-9.814130980509653268e-01,1.566466064453124973e+00,0.000000000000000000e+00,0.000000000000000000e+00,0.000000000000000000e+00,1.000000000000000000e+00
9.734260052663551432e-01,1.251439896880692793e-01,1.917831956041476382e-01,3.141779479980468803e-01,1.256705253217550444e-01,-9.920268802974149258e-01,9.465084930035687696e-03,-1.469319915771484519e-01,1.914385837195325402e-01,1.488793512650671801e-02,-9.813916741297169510e-01,1.566468750000000076e+00,0.000000000000000000e+00,0.000000000000000000e+00,0.000000000000000000e+00,1.000000000000000000e+00
9.734410678157440211e-01,1.251956504753325150e-01,1.916729939031648344e-01,3.141773986816406294e-01,1.256045295489389979e-01,-9.920293352199692771e-01,1.006480103210062420e-02,-1.469290008544922033e-01,1.914053020334964272e-01,1.427750556240263251e-02,-9.814072361605968853e-01,1.566462280273437591e+00,0.000000000000000000e+00,0.000000000000000000e+00,0.000000000000000000e+00,1.000000000000000000e+00
9.734037731322660036e-01,1.252341747321935317e-01,1.918371599326235410e-01,3.141761779785156583e-01,1.255999195336658103e-01,-9.920274839306175707e-01,1.030200657276257939e-02,-1.469119567871093879e-01,1.915978983835815164e-01,1.406671978234399351e-02,-9.813726981781998315e-01,1.566468872070312601e+00,0.000000000000000000e+00,0.000000000000000000e+00,0.000000000000000000e+00,1.000000000000000000e+00
9.734423612638720691e-01,1.251671743218091826e-01,1.916850222873737741e-01,3.141766967773437780e-01,1.256649798029748633e-01,-9.920262193110940263e-01,9.606927211931817062e-03,-1.469251556396484470e-01,1.913590398913389556e-01,1.473630454460255618e-02,-9.814094757950087011e-01,1.566464721679687422e+00,0.000000000000000000e+00,0.000000000000000000e+00,0.000000000000000000e+00,1.000000000000000000e+00
9.734039757084718136e-01,1.252236308593069891e-01,1.918430148568166238e-01,3.141757202148437456e-01,1.255973322623982757e-01,-9.920282400342808060e-01,1.026065802256872876e-02,-1.469122467041015789e-01,1.915985652438698950e-01,1.410720556663837798e-02,-9.813719868365875509e-01,1.566478637695312592e+00,0.000000000000000000e+00,0.000000000000000000e+00,0.000000000000000000e+00,1.000000000000000000e+00
9.733883723983155489e-01,1.252145759860645857e-01,1.919280762170779142e-01,3.141795654296875018e-01,1.256424179697663013e-01,-9.920253040000047706e-01,9.988945410255261129e-03,-1.469260253906249925e-01,1.916482697194758500e-01,1.439118425733527766e-02,-9.813581581304567925e-01,1.566476928710937466e+00,0.000000000000000000e+00,0.000000000000000000e+00,0.000000000000000000e+00,1.000000000000000000e+00
9.734647147687152113e-01,1.253177240728087505e-01,1.914730193355589083e-01,3.141766967773437780e-01,1.256834852954610560e-01,-9.920170989816132767e-01,1.028284260745651081e-02,-1.469223785400390614e-01,1.912331316070768616e-01,1.405501196425900344e-02,-9.814440106365900363e-01,1.566458862304687560e+00,0.000000000000000000e+00,0.000000000000000000e+00,0.000000000000000000e+00,1.000000000000000000e+00
9.734059224303994728e-01,1.251577293161078019e-01,1.918761396574864275e-01,3.141774597167968919e-01,1.256482315763656210e-01,-9.920278408082197075e-01,9.658414109672679507e-03,-1.469220581054687669e-01,1.915552977057939088e-01,1.470734013402220410e-02,-9.813716228152449261e-01,1.566462036132812541e+00,0.000000000000000000e+00,0.000000000000000000e+00,0.000000000000000000e+00,1.000000000000000000e+00
9.733893401126249012e-01,1.251771978701537169e-01,1.919475493161728608e-01,3.141760253906250022e-01,1.256383156731797068e-01,-9.920275460892825636e-01,9.816386039810337180e-03,-1.469226379394531212e-01,1.916460440236497087e-01,1.456080126409678953e-02,-9.813560907624879759e-01,1.566462890624999993e+00,0.000000000000000000e+00,0.000000000000000000e+00,0.000000000000000000e+00,1.000000000000000000e+00
9.733986733556697635e-01,1.251588777995204793e-01,1.919121622445732755e-01,3.141777038574218861e-01,1.256722788487823761e-01,-9.920259016060265500e-01,9.544049020431804448e-03,-1.469228668212890776e-01,1.915763582448956892e-01,1.482787411314297893e-02,-9.813656979489903120e-01,1.566460083007812587e+00,0.000000000000000000e+00,0.000000000000000000e+00,0.000000000000000000e+00,1.000000000000000000e+00
9.734486490964022742e-01,1.252128613075702557e-01,1.916232421590887691e-01,3.141791381835937758e-01,1.257066461291522219e-01,-9.920207440225281559e-01,9.627177569259438850e-03,-1.469147644042968770e-01,1.912996777084313149e-01,1.471675209280662311e-02,-9.814213419915471803e-01,1.566461181640625089e+00,0.000000000000000000e+00,0.000000000000000000e+00,0.000000000000000000e+00,1.000000000000000000e+00
9.733888916687676307e-01,1.251563594825107484e-01,1.919634112453010022e-01,3.141783752441406063e-01,1.256351909897949204e-01,-9.920288431745589719e-01,9.724869906788766172e-03,-1.469254302978515725e-01,1.916503701034928120e-01,1.465127949466386859e-02,-9.813538992883064083e-01,1.566477661132812615e+00,0.000000000000000000e+00,0.000000000000000000e+00,0.000000000000000000e+00,1.000000000000000000e+00
9.733843908723814886e-01,1.252261792236751548e-01,1.919406982456896282e-01,3.141734924316406108e-01,1.256296842275651804e-01,-9.920256327084483461e-01,1.011565570218154672e-02,-1.469108886718749896e-01,1.916768375336080077e-01,1.426702794708164385e-02,-9.813543915765966519e-01,1.566464721679687422e+00,0.000000000000000000e+00,0.000000000000000000e+00,0.000000000000000000e+00,1.000000000000000000e+00
9.734210647615778589e-01,1.251767580536815028e-01,1.917868867300537850e-01,3.141778564453124867e-01,1.256242563673156676e-01,-9.920287577677039392e-01,9.873701131055928615e-03,-1.469273681640625162e-01,1.914940648965270942e-01,1.448181635833555025e-02,-9.813869268053087014e-01,1.566466308593750023e+00,0.000000000000000000e+00,0.000000000000000000e+00,0.000000000000000000e+00,1.000000000000000000e+00
9.734062983331297492e-01,1.251666236500472151e-01,1.918684306743591306e-01,3.141788024902343879e-01,1.256002339516025246e-01,-9.920310358418111818e-01,9.950133563213277993e-03,-1.469425354003906226e-01,1.915848626502016649e-01,1.441319710093866280e-02,-9.813702156437360546e-01,1.566468627929687552e+00,0.000000000000000000e+00,0.000000000000000000e+00,0.000000000000000000e+00,1.000000000000000000e+00
9.734588469889304818e-01,1.252536574426348914e-01,1.915447585193230384e-01,3.141804504394531405e-01,1.256240496406916818e-01,-9.920248826081310423e-01,1.025818883612436387e-02,-1.469339141845703023e-01,1.913020422547959398e-01,1.407670357603738910e-02,-9.814302700882917563e-01,1.566469116210937429e+00,0.000000000000000000e+00,0.000000000000000000e+00,0.000000000000000000e+00,1.000000000000000000e+00
9.734209938731027689e-01,1.252922109414154883e-01,1.917118425254761283e-01,3.141803894042968781e-01,1.256499739179852415e-01,-9.920207581050931589e-01,1.033922352046759419e-02,-1.469283447265624931e-01,1.914775515341439194e-01,1.402417077792524752e-02,-9.813967953343242234e-01,1.566463989257812495e+00,0.000000000000000000e+00,0.000000000000000000e+00,0.000000000000000000e+00,1.000000000000000000e+00
9.734840333144282321e-01,1.252270841725123263e-01,1.914340990302508538e-01,3.141793518066406388e-01,1.256070995430376702e-01,-9.920276505962172253e-01,1.019789178875833355e-02,-1.469339141845703023e-01,1.911849717583963548e-01,1.411799710299989699e-02,-9.814524892889827656e-01,1.566479736328125094e+00,0.000000000000000000e+00,0.000000000000000000e+00,0.000000000000000000e+00,1.000000000000000000e+00
9.734501421769929941e-01,1.252773281134792471e-01,1.915735152789652118e-01,3.141784667968750000e-01,1.256138078201582964e-01,-9.920243185406985020e-01,1.043660427452986969e-02,-1.469264373779296806e-01,1.913530558431523754e-01,1.390476481679798343e-02,-9.814227761443470310e-01,1.566461547851562441e+00,0.000000000000000000e+00,0.000000000000000000e+00,0.000000000000000000e+00,1.000000000000000000e+00
9.734214339796216642e-01,1.252014883259868760e-01,1.917688691889668229e-01,3.141795654296875018e-01,1.256271936015704860e-01,-9.920272574223001349e-01,9.986428740190882863e-03,-1.469275360107421824e-01,1.914902611018398926e-01,1.437038107174466728e-02,-9.813893070800201457e-01,1.566460205078125112e+00,0.000000000000000000e+00,0.000000000000000000e+00,0.000000000000000000e+00,1.000000000000000000e+00
9.734132547982436989e-01,1.251455294923454198e-01,1.918468968505103456e-01,3.141770629882812416e-01,1.256653771838455724e-01,-9.920271550582979714e-01,9.504557021845154441e-03,-1.469176635742187598e-01,1.915067841104635404e-01,1.485665086821990472e-02,-9.813788420200673102e-01,1.566469970703125103e+00,0.000000000000000000e+00,0.000000000000000000e+00,0.000000000000000000e+00,1.000000000000000000e+00
9.733959414024099255e-01,1.252301125695183259e-01,1.918795459843023465e-01,3.141758422851562704e-01,1.256026107582851603e-01,-9.920274730275370212e-01,1.027019616667754209e-02,-1.469133453369140530e-01,1.916359189505426053e-01,1.410360466069230170e-02,-9.813647450889787516e-01,1.566479003906249945e+00,0.000000000000000000e+00,0.000000000000000000e+00,0.000000000000000000e+00,1.000000000000000000e+00
9.733758612152890732e-01,1.251867085341560326e-01,1.920096893643101210e-01,3.141796264648437642e-01,1.256238260811686769e-01,-9.920281002424301553e-01,9.944981152494461810e-03,-1.469203186035156206e-01,1.917239868251306989e-01,1.444078722852220296e-02,-9.813426397238110832e-01,1.566467529296875050e+00,0.000000000000000000e+00,0.000000000000000000e+00,0.000000000000000000e+00,1.000000000000000000e+00
9.734288673914706091e-01,1.251859348817975781e-01,1.917412888157602469e-01,3.141790771484375133e-01,1.256012672760098980e-01,-9.920300404136368488e-01,1.003596410806370520e-02,-1.469232025146484377e-01,1.914694800421695708e-01,1.431365168950100852e-02,-9.813941907244472240e-01,1.566466552734375073e+00,0.000000000000000000e+00,0.000000000000000000e+00,0.000000000000000000e+00,1.000000000000000000e+00
9.734070174020902355e-01,1.252057083200513454e-01,1.918392792846174699e-01,3.141800231933593590e-01,1.255950811678964718e-01,-9.920293729609167555e-01,1.017834805850944407e-02,-1.469253692626953101e-01,1.915845872161869301e-01,1.418639442722825772e-02,-9.813735742082924096e-01,1.566451049804687523e+00,0.000000000000000000e+00,0.000000000000000000e+00,0.000000000000000000e+00,1.000000000000000000e+00
9.734478153131278511e-01,1.251698069552542036e-01,1.916556033328613018e-01,3.141763305664062589e-01,1.256288483380546550e-01,-9.920288705017197284e-01,9.803701154994650530e-03,-1.469228515625000120e-01,1.913550190806416751e-01,1.453408125293005962e-02,-9.814132754119340163e-01,1.566454711914062603e+00,0.000000000000000000e+00,0.000000000000000000e+00,0.000000000000000000e+00,1.000000000000000000e+00
9.734396239265346029e-01,1.252459418826484261e-01,1.916474696198605665e-01,3.141752929687500195e-01,1.257093853559229646e-01,-9.920188236830691508e-01,9.787946255268792708e-03,-1.469188232421874962e-01,1.913437979219686502e-01,1.456391088918860578e-02,-9.814150210264813712e-01,1.566447021484375091e+00,0.000000000000000000e+00,0.000000000000000000e+00,0.000000000000000000e+00,1.000000000000000000e+00
9.733579610087146339e-01,1.251247385773189835e-01,1.921407805150039949e-01,3.141770019531249791e-01,1.256016161754089921e-01,-9.920328914413196753e-01,9.745579136207726395e-03,-1.469256744384765667e-01,1.918293870997939687e-01,1.464725552902081465e-02,-9.813189818557392918e-01,1.566457397460937484e+00,0.000000000000000000e+00,0.000000000000000000e+00,0.000000000000000000e+00,1.000000000000000000e+00
9.734550948984066476e-01,1.251300859716353298e-01,1.916445663228289464e-01,3.141752929687500195e-01,1.256605388092374986e-01,-9.920284543820381273e-01,9.432639214808651376e-03,-1.469229125976562467e-01,1.912971698758403893e-01,1.489990876199534693e-02,-9.814190672268285898e-01,1.566457885742187583e+00,0.000000000000000000e+00,0.000000000000000000e+00,0.000000000000000000e+00,1.000000000000000000e+00
9.734336842562909542e-01,1.251934363829835528e-01,1.917119345315865808e-01,3.141771545410156352e-01,1.256178428836352834e-01,-9.920284262680065801e-01,9.987944006868912025e-03,-1.469199066162109324e-01,1.914341137427856832e-01,1.435983853815466817e-02,-9.814004152906561362e-01,1.566451904296874975e+00,0.000000000000000000e+00,0.000000000000000000e+00,0.000000000000000000e+00,1.000000000000000000e+00
9.734053846808045085e-01,1.252174829717214999e-01,1.918398786296579561e-01,3.141743469238281183e-01,1.256109919495427552e-01,-9.920275633369471935e-01,1.015836016349097592e-02,-1.469151611328124996e-01,1.915824516386278042e-01,1.420899496748212823e-02,-9.813736641494651414e-01,1.566445678710937539e+00,0.000000000000000000e+00,0.000000000000000000e+00,0.000000000000000000e+00,1.000000000000000000e+00
9.734096442524355908e-01,1.251834623843187666e-01,1.918404681547161150e-01,3.141759948730468710e-01,1.255714450281388284e-01,-9.920323134801591891e-01,1.018337884732327392e-02,-1.469204406738281177e-01,1.915867340655190154e-01,1.417708562000163236e-02,-9.813732896168669839e-01,1.566451782226562450e+00,0.000000000000000000e+00,0.000000000000000000e+00,0.000000000000000000e+00,1.000000000000000000e+00
9.734103012803776434e-01,1.251753093188041899e-01,1.918424543686463868e-01,3.141763000488281277e-01,1.256039320267360593e-01,-9.920303224779278839e-01,9.974544789681511273e-03,-1.469307556152343874e-01,1.915620986016480787e-01,1.438684194950316970e-02,-9.813750461256147695e-01,1.566449829101562496e+00,0.000000000000000000e+00,0.000000000000000000e+00,0.000000000000000000e+00,1.000000000000000000e+00
9.733748223453246862e-01,1.251263174478053075e-01,1.920543149896900559e-01,3.141730651855468848e-01,1.255527268239411132e-01,-9.920365755491542537e-01,9.997277618446025887e-03,-1.469192657470703156e-01,1.917758274947102271e-01,1.438184461946790185e-02,-9.813333758382323246e-01,1.566442504882812559e+00,0.000000000000000000e+00,0.000000000000000000e+00,0.000000000000000000e+00,1.000000000000000000e+00
9.734358929081502465e-01,1.252902770898292606e-01,1.916374411874317840e-01,3.141766662597656468e-01,1.256069673526588049e-01,-9.920240483292467326e-01,1.054406415575614639e-02,-1.469294586181640605e-01,1.914300189379416206e-01,1.380702731243750592e-02,-9.814091470157658703e-01,1.566466064453124973e+00,0.000000000000000000e+00,0.000000000000000000e+00,0.000000000000000000e+00,1.000000000000000000e+00
9.733648558600285217e-01,1.252301334935150834e-01,1.920371605751925170e-01,3.141743774414062496e-01,1.255440994191032722e-01,-9.920316081057176660e-01,1.058147533334959089e-02,-1.469075927734375120e-01,1.918320527900178318e-01,1.380949616678199543e-02,-9.813306075619914193e-01,1.566441650390625107e+00,0.000000000000000000e+00,0.000000000000000000e+00,0.000000000000000000e+00,1.000000000000000000e+00
9.734436703070799002e-01,1.252277691605654664e-01,1.916387919241558102e-01,3.141724853515625027e-01,1.256137262054715376e-01,-9.920269656082483234e-01,1.018289226439829040e-02,-1.469151763916015652e-01,1.913860301272237441e-01,1.415999071891079625e-02,-9.814126971539456346e-01,1.566431518554687541e+00,0.000000000000000000e+00,0.000000000000000000e+00,0.000000000000000000e+00,1.000000000000000000e+00
9.734773936535454641e-01,1.252132693864793367e-01,1.914768947289714196e-01,3.141751098632812322e-01,1.256562590793367240e-01,-9.920246765563396352e-01,9.876520514673249942e-03,-1.469141235351562602e-01,1.911864759853249829e-01,1.444570084278062362e-02,-9.814474275922648872e-01,1.566451904296874975e+00,0.000000000000000000e+00,0.000000000000000000e+00,0.000000000000000000e+00,1.000000000000000000e+00
9.734221769614190833e-01,1.252274520715287998e-01,1.917481437911849329e-01,3.141775817871093612e-01,1.256287077308909650e-01,-9.920257865052604096e-01,1.011270005912613679e-02,-1.469280700683593677e-01,1.914854908173419523e-01,1.424514500777119066e-02,-9.813920636779926987e-01,1.566457275390624959e+00,0.000000000000000000e+00,0.000000000000000000e+00,0.000000000000000000e+00,1.000000000000000000e+00
9.734243674863298779e-01,1.252312529206755509e-01,1.917345406434546873e-01,3.141840820312500338e-01,1.255871770579954361e-01,-9.920286563162608040e-01,1.034437073763820429e-02,-1.469292755126953287e-01,1.915015972320922577e-01,1.400993716159340020e-02,-9.813923068367134128e-01,1.566471435546874957e+00,0.000000000000000000e+00,0.000000000000000000e+00,0.000000000000000000e+00,1.000000000000000000e+00
9.733848284972725917e-01,1.251527729420236490e-01,1.919863512759630020e-01,3.141794128417969012e-01,1.256102219835732448e-01,-9.920309116214685030e-01,9.835777585726597841e-03,-1.469081268310546973e-01,1.916873699140677345e-01,1.454145152317018290e-02,-9.813483063637633563e-01,1.566481811523437573e+00,0.000000000000000000e+00,0.000000000000000000e+00,0.000000000000000000e+00,1.000000000000000000e+00
9.734460049917121882e-01,1.252343070158174199e-01,1.916226597037606616e-01,3.141780395507812740e-01,1.256651121132990323e-01,-9.920227977796487462e-01,9.952300386855870984e-03,-1.469298553466796831e-01,1.913404164394633400e-01,1.439225596305931595e-02,-9.814182125908743615e-01,1.566474487304687635e+00,0.000000000000000000e+00,0.000000000000000000e+00,0.000000000000000000e+00,1.000000000000000000e+00
9.734801216054754791e-01,1.252251557730694465e-01,1.914552511700835513e-01,3.141872253417968830e-01,1.256754250877128165e-01,-9.920226250718345851e-01,9.838641908807359629e-03,-1.469177856445312569e-01,1.911599863151595136e-01,1.448349775425655968e-02,-9.814520303737676032e-01,1.566528686523437575e+00,0.000000000000000000e+00,0.000000000000000000e+00,0.000000000000000000e+00,1.000000000000000000e+00
9.734520363986786107e-01,1.252386332466920993e-01,1.915891896056946264e-01,3.141933898925781121e-01,1.256249626412612175e-01,-9.920255898200419642e-01,1.017830553579432591e-02,-1.469343109130859526e-01,1.913360958958031655e-01,1.416029253577797027e-02,-9.814224291927781119e-01,1.566545166015625101e+00,0.000000000000000000e+00,0.000000000000000000e+00,0.000000000000000000e+00,1.000000000000000000e+00
9.734088776050870973e-01,1.251658363669528595e-01,1.918558584098112030e-01,3.141868896484374951e-01,1.256214347708106416e-01,-9.920294851441016082e-01,9.836449097700043082e-03,-1.469383087158203094e-01,1.915578558183592406e-01,1.452632132681420593e-02,-9.813738196339776287e-01,1.566502929687499934e+00,0.000000000000000000e+00,0.000000000000000000e+00,0.000000000000000000e+00,1.000000000000000000e+00
9.734264520235912377e-01,1.252820894781473404e-01,1.916907419693305026e-01,3.141821289062500244e-01,1.256146318989977972e-01,-9.920239052196461182e-01,1.046593166621983748e-02,-1.469231414794922030e-01,1.914729922303463061e-01,1.389134726195349195e-02,-9.813995739338822188e-01,1.566472900390625034e+00,0.000000000000000000e+00,0.000000000000000000e+00,0.000000000000000000e+00,1.000000000000000000e+00
9.734314243532631306e-01,1.251783827565139118e-01,1.917332380471398201e-01,3.141816406249999805e-01,1.256444465993402371e-01,-9.920271827158633204e-01,9.774548151836261536e-03,-1.469370727539062449e-01,1.914281461027166342e-01,1.457536425928091829e-02,-9.813984020959001242e-01,1.566480468750000021e+00,0.000000000000000000e+00,0.000000000000000000e+00,0.000000000000000000e+00,1.000000000000000000e+00
9.734050832518807983e-01,1.251960853818950281e-01,1.918553728839722805e-01,3.141783752441406063e-01,1.256675284222203426e-01,-9.920244199822920717e-01,9.758199580215332763e-03,-1.469154357910156250e-01,1.915469033935271737e-01,1.461130945008429563e-02,-9.813746957388418402e-01,1.566479492187500044e+00,0.000000000000000000e+00,0.000000000000000000e+00,0.000000000000000000e+00,1.000000000000000000e+00
9.734146637938705382e-01,1.252052765011940627e-01,1.918007587245825207e-01,3.141782531738281370e-01,1.255432672124646154e-01,-9.920332267897504774e-01,1.043863030934190708e-02,-1.469214782714843848e-01,1.915796971724448849e-01,1.391817809107715950e-02,-9.813783694120934431e-01,1.566478881835937642e+00,0.000000000000000000e+00,0.000000000000000000e+00,0.000000000000000000e+00,1.000000000000000000e+00
9.734351001344224708e-01,1.251579407693401425e-01,1.917279209939578011e-01,3.141790771484375133e-01,1.256317039525048085e-01,-9.920292083902469971e-01,9.732659585643340522e-03,-1.469147186279296802e-01,1.914178173218918921e-01,1.461299295141716553e-02,-9.813998571676708638e-01,1.566464599609375119e+00,0.000000000000000000e+00,0.000000000000000000e+00,0.000000000000000000e+00,1.000000000000000000e+00
9.734284499600784901e-01,1.252525606312926421e-01,1.916998927063433000e-01,3.141774597167968919e-01,1.256029164339243498e-01,-9.920263708106846767e-01,1.037241531539178849e-02,-1.469217529296875102e-01,1.914705204244553927e-01,1.398126144118308489e-02,-9.813987793638740964e-01,1.566467285156250000e+00,0.000000000000000000e+00,0.000000000000000000e+00,0.000000000000000000e+00,1.000000000000000000e+00
9.734511289767513453e-01,1.252087250601877366e-01,1.916133467759771059e-01,3.141779479980468803e-01,1.256385373914312986e-01,-9.920261449798670750e-01,9.954174929450413864e-03,-1.469361877441406339e-01,1.913317992808055423e-01,1.438411781050531225e-02,-9.814200118903135817e-01,1.566474243164062585e+00,0.000000000000000000e+00,0.000000000000000000e+00,0.000000000000000000e+00,1.000000000000000000e+00
9.734630190745983125e-01,1.252392391102366831e-01,1.915329827503801652e-01,3.141785278320312624e-01,1.256382185910825122e-01,-9.920246175064617589e-01,1.010921809131327780e-02,-1.469215698242187507e-01,1.912715047345731056e-01,1.422291279054092687e-02,-9.814341140536766428e-01,1.566454101562499979e+00,0.000000000000000000e+00,0.000000000000000000e+00,0.000000000000000000e+00,1.000000000000000000e+00
9.733925933337763681e-01,1.251190346038913992e-01,1.919689725521705748e-01,3.141771850585937664e-01,1.256331151209759689e-01,-9.920308901258230172e-01,9.541143598487603419e-03,-1.469282379150390616e-01,1.916329293935292999e-01,1.483038151760050945e-02,-9.813546148850054163e-01,1.566477172851562516e+00,0.000000000000000000e+00,0.000000000000000000e+00,0.000000000000000000e+00,1.000000000000000000e+00
9.734209009983177951e-01,1.251610939493244812e-01,1.917979407111344292e-01,3.141757202148437456e-01,1.256427300030999172e-01,-9.920281507641189878e-01,9.698066244924044566e-03,-1.469130096435546928e-01,1.914827770244404981e-01,1.465771649784429129e-02,-9.813865178664712419e-01,1.566449462890624922e+00,0.000000000000000000e+00,0.000000000000000000e+00,0.000000000000000000e+00,1.000000000000000000e+00
9.734361705848454394e-01,1.251978883279802890e-01,1.916964020406413949e-01,3.141735229492187420e-01,1.256428034237256353e-01,-9.920263258654341554e-01,9.882041173519819435e-03,-1.469247741699218901e-01,1.914050880852953551e-01,1.446573704111487300e-02,-9.814045214420598073e-01,1.566456054687499932e+00,0.000000000000000000e+00,0.000000000000000000e+00,0.000000000000000000e+00,1.000000000000000000e+00
9.734167584484024749e-01,1.252166035487723983e-01,1.917827327146904293e-01,3.141762695312499964e-01,1.256025888699411897e-01,-9.920282770665996841e-01,1.019250555274240320e-02,-1.469260559082031237e-01,1.915301648330449136e-01,1.416685201389922440e-02,-9.813844793265499300e-01,1.566469970703125103e+00,0.000000000000000000e+00,0.000000000000000000e+00,0.000000000000000000e+00,1.000000000000000000e+00
9.734680765100875988e-01,1.252739303125459669e-01,1.914845852798537085e-01,3.141757507324218768e-01,1.256344914838041782e-01,-9.920230635567364175e-01,1.030611086265202474e-02,-1.469298553466796831e-01,1.912482119272128911e-01,1.402439858085597311e-02,-9.814415100652147395e-01,1.566470581054687505e+00,0.000000000000000000e+00,0.000000000000000000e+00,0.000000000000000000e+00,1.000000000000000000e+00
9.734645541864445084e-01,1.251818965735862210e-01,1.915626647153023943e-01,3.141769409179687722e-01,1.256819393774097071e-01,-9.920242608592321210e-01,9.587282254505573656e-03,-1.469327392578125002e-01,1.912349650480280328e-01,1.474308776798181723e-02,-9.814335583757799464e-01,1.566465209960937521e+00,0.000000000000000000e+00,0.000000000000000000e+00,0.000000000000000000e+00,1.000000000000000000e+00
9.734025180941483502e-01,1.251584761532192613e-01,1.918929222638890986e-01,3.141782531738281370e-01,1.256602094448615869e-01,-9.920268687131990060e-01,9.602266053322077582e-03,-1.469214782714843848e-01,1.915647397885227865e-01,1.476643484695317962e-02,-9.813688923496943772e-01,1.566470458984374980e+00,0.000000000000000000e+00,0.000000000000000000e+00,0.000000000000000000e+00,1.000000000000000000e+00
9.734313940607790538e-01,1.251639347570376315e-01,1.917428238370985916e-01,3.141755676269531450e-01,1.256087214046063272e-01,-9.920306328027668208e-01,9.882949359503715239e-03,-1.469206085205078116e-01,1.914517436953463159e-01,1.446419776823283827e-02,-9.813954436509950696e-01,1.566463134765625043e+00,0.000000000000000000e+00,0.000000000000000000e+00,0.000000000000000000e+00,1.000000000000000000e+00
9.735088494070648357e-01,1.252139990776751366e-01,1.913164252256168152e-01,3.141779479980468803e-01,1.256457236521193732e-01,-9.920255560223224522e-01,9.922113007693442871e-03,-1.469328613281249973e-01,1.910331705596394758e-01,1.437882587620269159e-02,-9.814782611511850829e-01,1.566468383789062502e+00,0.000000000000000000e+00,0.000000000000000000e+00,0.000000000000000000e+00,1.000000000000000000e+00
9.734260429463227338e-01,1.252278678640039167e-01,1.917282452433639595e-01,3.141788940429687815e-01,1.256148391691048194e-01,-9.920268087128650825e-01,1.018444772623449887e-02,-1.469273376464843850e-01,1.914749359430206743e-01,1.417010604067772683e-02,-9.813952093832597479e-01,1.566471313476562432e+00,0.000000000000000000e+00,0.000000000000000000e+00,0.000000000000000000e+00,1.000000000000000000e+00
9.734336037891477833e-01,1.251901080539603306e-01,1.917145165591554457e-01,3.141750183105468941e-01,1.256027821762626118e-01,-9.920297271779461301e-01,1.004796023242618234e-02,-1.469152679443359311e-01,1.914444047854501063e-01,1.429885452362642841e-02,-9.813992982653172437e-01,1.566464721679687422e+00,0.000000000000000000e+00,0.000000000000000000e+00,0.000000000000000000e+00,1.000000000000000000e+00
9.734530676575895436e-01,1.251770443348025619e-01,1.916241963835240147e-01,3.141739807128906548e-01,1.256056869239592644e-01,-9.920302674530093734e-01,9.957904873585653530e-03,-1.469224700927734273e-01,1.913435038886578399e-01,1.437553577136978754e-02,-9.814178557020946103e-01,1.566450317382812596e+00,0.000000000000000000e+00,0.000000000000000000e+00,0.000000000000000000e+00,1.000000000000000000e+00
9.734432351264137306e-01,1.251449260469089941e-01,1.916951107131718290e-01,3.141757507324218768e-01,1.257177942564009221e-01,-9.920231941859685154e-01,9.220542520556943011e-03,-1.469290161132812411e-01,1.913199001513610498e-01,1.512381174776492032e-02,-9.814112115338256004e-01,1.566463012695312518e+00,0.000000000000000000e+00,0.000000000000000000e+00,0.000000000000000000e+00,1.000000000000000000e+00
9.734055019816362231e-01,1.251842213140834659e-01,1.918609899011922970e-01,3.141752014160156259e-01,1.256428675518351246e-01,-9.920269037924064337e-01,9.823033411523053593e-03,-1.469136199951171784e-01,1.915609525587896600e-01,1.454417017359349237e-02,-9.813729508034806370e-01,1.566446289062499941e+00,0.000000000000000000e+00,0.000000000000000000e+00,0.000000000000000000e+00,1.000000000000000000e+00
9.733533018583941931e-01,1.251160288124536502e-01,1.921700525460811326e-01,3.141762084960937340e-01,1.256278503512185396e-01,-9.920312956740420240e-01,9.568261044407208593e-03,-1.469243316650390707e-01,1.918358490415546791e-01,1.482861212262807579e-02,-9.813149949353789925e-01,1.566450927734374998e+00,0.000000000000000000e+00,0.000000000000000000e+00,0.000000000000000000e+00,1.000000000000000000e+00
9.735038124469795884e-01,1.252310833601435747e-01,1.913308728659345592e-01,3.141774902343750231e-01,1.256671859404696334e-01,-9.920230344428188074e-01,9.902399338804605128e-03,-1.469334106445312482e-01,1.910447212801208716e-01,1.440398886789702113e-02,-9.814756439034512114e-01,1.566471801757812532e+00,0.000000000000000000e+00,0.000000000000000000e+00,0.000000000000000000e+00,1.000000000000000000e+00
9.734013666264268450e-01,1.252089472646943646e-01,1.918658358715074064e-01,3.141772460937500289e-01,1.256239508936158600e-01,-9.920270322395717821e-01,1.004939141572992051e-02,-1.469283905029296899e-01,1.915943694675906195e-01,1.432085300584941615e-02,-9.813697115549785410e-01,1.566461669921874966e+00,0.000000000000000000e+00,0.000000000000000000e+00,0.000000000000000000e+00,1.000000000000000000e+00
9.734414973661628112e-01,1.252086576992315903e-01,1.916623156561552688e-01,3.141787719726562567e-01,1.256742535861150867e-01,-9.920234084546480924e-01,9.774408605921099807e-03,-1.469243621826172019e-01,1.913573442308809658e-01,1.457220351145714979e-02,-9.814122567472473024e-01,1.566472656249999984e+00,0.000000000000000000e+00,0.000000000000000000e+00,0.000000000000000000e+00,1.000000000000000000e+00
9.734214969969809950e-01,1.251622763673048699e-01,1.917941442242461214e-01,3.141787414550781254e-01,1.256420759085524197e-01,-9.920281433084650047e-01,9.707298560847543376e-03,-1.469276123046875104e-01,1.914801763774675591e-01,1.464812133054172426e-02,-9.813871685506896370e-01,1.566475952148437489e+00,0.000000000000000000e+00,0.000000000000000000e+00,0.000000000000000000e+00,1.000000000000000000e+00
9.734099651385668128e-01,1.252231315907062215e-01,1.918129481644841039e-01,3.141803894042968781e-01,1.255787316620779193e-01,-9.920296554466696559e-01,1.035108054775305507e-02,-1.469294891357421917e-01,1.915803275993603061e-01,1.401178179172501113e-02,-9.813769143646813298e-01,1.566467529296875050e+00,0.000000000000000000e+00,0.000000000000000000e+00,0.000000000000000000e+00,1.000000000000000000e+00
9.734970256610999684e-01,1.252417308646761596e-01,1.913584329968547326e-01,3.141752929687500195e-01,1.256521878085873345e-01,-9.920235786650541954e-01,1.003728406964683392e-02,-1.469329986572265601e-01,1.910891643393398120e-01,1.427333957416103069e-02,-9.814689007041912383e-01,1.566479370117187520e+00,0.000000000000000000e+00,0.000000000000000000e+00,0.000000000000000000e+00,1.000000000000000000e+00
9.734522826487626013e-01,1.252070370144201805e-01,1.916085887636125584e-01,3.141792602539062451e-01,1.256088444647023017e-01,-9.920284587230976392e-01,1.009729051368417688e-02,-1.469319000244140583e-01,1.913454248163665994e-01,1.423850292499615269e-02,-9.814194788347636589e-01,1.566481689453125048e+00,0.000000000000000000e+00,0.000000000000000000e+00,0.000000000000000000e+00,1.000000000000000000e+00
9.734453186534675062e-01,1.251855210154158571e-01,1.916580207550628023e-01,3.141810607910156539e-01,1.256286044535316893e-01,-9.920280720221072990e-01,9.887267729688122356e-03,-1.469362487792968686e-01,1.913678795793779253e-01,1.445301519404615202e-02,-9.814119649857002692e-01,1.566476562500000114e+00,0.000000000000000000e+00,0.000000000000000000e+00,0.000000000000000000e+00,1.000000000000000000e+00
9.733953972418136757e-01,1.252136675602563698e-01,1.918930381346896086e-01,3.141847534179687540e-01,1.255532198438683023e-01,-9.920319708043217055e-01,1.043828955963162046e-02,-1.469223632812499958e-01,1.916710453232023936e-01,1.393220579100979371e-02,-9.813603334283018675e-01,1.566484130859375101e+00,0.000000000000000000e+00,0.000000000000000000e+00,0.000000000000000000e+00,1.000000000000000000e+00
9.734128510898165665e-01,1.251875875150901818e-01,1.918215036572964716e-01,3.141802673339844088e-01,1.255805812712899039e-01,-9.920314306672151083e-01,1.015668134397548078e-02,-1.469370269775390758e-01,1.915644511404961114e-01,1.420241178496623249e-02,-9.813772733045791341e-01,1.566467529296875050e+00,0.000000000000000000e+00,0.000000000000000000e+00,0.000000000000000000e+00,1.000000000000000000e+00
9.734619587446141642e-01,1.251995551128265993e-01,1.915643136825055104e-01,3.141803588867187469e-01,1.256282902230279053e-01,-9.920274339539051356e-01,9.955047888841035350e-03,-1.469273529052734506e-01,1.912834221064066698e-01,1.437503677841332241e-02,-9.814295750306699651e-01,1.566487792968749959e+00,0.000000000000000000e+00,0.000000000000000000e+00,0.000000000000000000e+00,1.000000000000000000e+00
9.734625459546167869e-01,1.251598565524745521e-01,1.915872697527668811e-01,3.141783447265625306e-01,1.255848893713927550e-01,-9.920327597884927018e-01,9.971913958812021750e-03,-1.469257202148437635e-01,1.913089312738182335e-01,1.435318132648287157e-02,-9.814249227529728836e-01,1.566474243164062585e+00,0.000000000000000000e+00,0.000000000000000000e+00,0.000000000000000000e+00,1.000000000000000000e+00
9.734299530065364525e-01,1.251082220418365254e-01,1.917864942252796023e-01,3.141775512695312300e-01,1.256092093055879988e-01,-9.920334191034432259e-01,9.592805614497797520e-03,-1.469205017089843801e-01,1.914587504589896350e-01,1.475222557660666074e-02,-9.813897893870811018e-01,1.566469238281249954e+00,0.000000000000000000e+00,0.000000000000000000e+00,0.000000000000000000e+00,1.000000000000000000e+00
9.734357347689571727e-01,1.251340533398720978e-01,1.917402904179368872e-01,3.141802368164062775e-01,1.256610275357196160e-01,-9.920281465999022386e-01,9.458462466486509956e-03,-1.469193420410156159e-01,1.913953406786274569e-01,1.488707655306634181e-02,-9.814001215193605132e-01,1.566469970703125103e+00,0.000000000000000000e+00,0.000000000000000000e+00,0.000000000000000000e+00,1.000000000000000000e+00
9.734141162603088260e-01,1.251405728601266143e-01,1.918457591123696460e-01,3.141794128417969012e-01,1.256402155151653266e-01,-9.920293502805052066e-01,9.607519312598556543e-03,-1.469435424804687584e-01,1.915189142368576569e-01,1.475144759942163819e-02,-9.813780618514237331e-01,1.566479614257812569e+00,0.000000000000000000e+00,0.000000000000000000e+00,0.000000000000000000e+00,1.000000000000000000e+00
9.734544455828383347e-01,1.252466920398254413e-01,1.915716798174769142e-01,3.141772460937500289e-01,1.256814848665739615e-01,-9.920209556477433965e-01,9.929144850950387402e-03,-1.469316711425781297e-01,1.912867134349427456e-01,1.441144298185077430e-02,-9.814283996168232660e-01,1.566485717773437480e+00,0.000000000000000000e+00,0.000000000000000000e+00,0.000000000000000000e+00,1.000000000000000000e+00
9.734361300790310700e-01,1.251992920314059510e-01,1.916956909572938850e-01,3.141715087890625258e-01,1.256296033460813089e-01,-9.920272480581715513e-01,9.957001217096413809e-03,-1.469079742431640689e-01,1.914139582681103069e-01,1.439014888615528301e-02,-9.814039026798133669e-01,1.566476806640624941e+00,0.000000000000000000e+00,0.000000000000000000e+00,0.000000000000000000e+00,1.000000000000000000e+00
9.734745833892073374e-01,1.252975182273575183e-01,1.914360661455252466e-01,3.141750488281250253e-01,1.256370103251824299e-01,-9.920216289791206066e-01,1.041293782570931400e-02,-1.469172058105468748e-01,1.912134334500557864e-01,1.391472470719757118e-02,-9.814498475747825967e-01,1.566480468750000021e+00,0.000000000000000000e+00,0.000000000000000000e+00,0.000000000000000000e+00,1.000000000000000000e+00
9.734229065985334772e-01,1.252163258937761814e-01,1.917517057001747183e-01,3.141770629882812416e-01,1.256334288115850129e-01,-9.920260215460506847e-01,1.003066002610121521e-02,-1.469127655029296986e-01,1.914786841251714111e-01,1.432635002987373354e-02,-9.813922096799599926e-01,1.566488281250000059e+00,0.000000000000000000e+00,0.000000000000000000e+00,0.000000000000000000e+00,1.000000000000000000e+00
9.734396977431333253e-01,1.252576597852999019e-01,1.916394362412597585e-01,3.141804809570312718e-01,1.256216888138092513e-01,-9.920247659019910680e-01,1.029830746612301479e-02,-1.469283752441406243e-01,1.914010087677812388e-01,1.404928831686472548e-02,-9.814113670324314809e-01,1.566473022460937559e+00,0.000000000000000000e+00,0.000000000000000000e+00,0.000000000000000000e+00,1.000000000000000000e+00
9.734880538074812684e-01,1.251857019830911466e-01,1.914407195795162220e-01,3.141779174804687491e-01,1.256208086958794379e-01,-9.920288172829940798e-01,9.911513643081423450e-03,-1.469337005615234393e-01,1.911554904173969616e-01,1.440019788421027271e-02,-9.814541317780367535e-01,1.566482055664062623e+00,0.000000000000000000e+00,0.000000000000000000e+00,0.000000000000000000e+00,1.000000000000000000e+00
9.734333804731017947e-01,1.251861917037360994e-01,1.917182077618740099e-01,3.141770324707031103e-01,1.256436084638649364e-01,-9.920268550238665606e-01,9.818480719323842767e-03,-1.469309234619140536e-01,1.914187489063927938e-01,1.453053055370543030e-02,-9.814008998614885959e-01,1.566473876953125011e+00,0.000000000000000000e+00,0.000000000000000000e+00,0.000000000000000000e+00,1.000000000000000000e+00
9.735174663532072392e-01,1.252773947148542177e-01,1.912310567839087816e-01,3.141783447265625306e-01,1.255848601595595526e-01,-9.920266742415558836e-01,1.056032631796432510e-02,-1.469294281005859293e-01,1.910292794414924500e-01,1.373506340344425071e-02,-9.814882385588569180e-01,1.566476806640624941e+00,0.000000000000000000e+00,0.000000000000000000e+00,0.000000000000000000e+00,1.000000000000000000e+00
9.734478880184335159e-01,1.251758049384394667e-01,1.916513166416165259e-01,3.141791687011719070e-01,1.256633415405860876e-01,-9.920259328647936803e-01,9.657800815401913763e-03,-1.469207153320312431e-01,1.913319991671686149e-01,1.468217905318276728e-02,-9.814155591353467267e-01,1.566475952148437489e+00,0.000000000000000000e+00,0.000000000000000000e+00,0.000000000000000000e+00,1.000000000000000000e+00
9.734326327324563932e-01,1.251136808089085284e-01,1.917693312446093201e-01,3.141771850585937664e-01,1.256718025628046631e-01,-9.920282885488812541e-01,9.299073039439593666e-03,-1.469193725585937471e-01,1.914040427268284827e-01,1.504797638302054173e-02,-9.813959704597335909e-01,1.566470214843749931e+00,0.000000000000000000e+00,0.000000000000000000e+00,0.000000000000000000e+00,1.000000000000000000e+00
9.734276436140668620e-01,1.251987237428348054e-01,1.917391515083214648e-01,3.141764831542968595e-01,1.255790403212427297e-01,-9.920310112666833602e-01,1.021652177591037165e-02,-1.469156341552734502e-01,1.914902798576507970e-01,1.413337392016813208e-02,-9.813927452664766848e-01,1.566466796875000123e+00,0.000000000000000000e+00,0.000000000000000000e+00,0.000000000000000000e+00,1.000000000000000000e+00
9.734489645234225552e-01,1.252627676218621144e-01,1.915890198210420947e-01,3.141779785156250115e-01,1.256589704498213278e-01,-9.920217770017012437e-01,1.013000986562657101e-02,-1.469253234863281410e-01,1.913293929686895045e-01,1.421383136589632161e-02,-9.814229620220502603e-01,1.566463012695312518e+00,0.000000000000000000e+00,0.000000000000000000e+00,0.000000000000000000e+00,1.000000000000000000e+00
9.734214278196245962e-01,1.252021038927016716e-01,1.917684985664872277e-01,3.141790161132812509e-01,1.256057315096666682e-01,-9.920288293166040772e-01,1.009960477691821713e-02,-1.469325408935547028e-01,1.915043708992701099e-01,1.425605084059245777e-02,-9.813882213175914027e-01,1.566465698242187621e+00,0.000000000000000000e+00,0.000000000000000000e+00,0.000000000000000000e+00,1.000000000000000000e+00
9.734768669503373051e-01,1.252401445903060240e-01,1.914619954339609464e-01,3.141765747070312531e-01,1.256321836564050498e-01,-9.920250722161960688e-01,1.013955246417672616e-02,-1.469276885986328107e-01,1.912049788637266434e-01,1.418316880847583610e-02,-9.814476520835291318e-01,1.566466308593750023e+00,0.000000000000000000e+00,0.000000000000000000e+00,0.000000000000000000e+00,1.000000000000000000e+00
9.734604860259152836e-01,1.252576557388338507e-01,1.915338137901518578e-01,3.141806640625000036e-01,1.256250432034380915e-01,-9.920246017064640043e-01,1.027317522801691509e-02,-1.469226074218749900e-01,1.912930491845511172e-01,1.406091348181235344e-02,-9.814322493405920333e-01,1.566481201171874948e+00,0.000000000000000000e+00,0.000000000000000000e+00,0.000000000000000000e+00,1.000000000000000000e+00
9.734067769818599558e-01,1.251096270858254311e-01,1.919031728143993087e-01,3.141793823242187700e-01,1.256113512974156576e-01,-9.920330944560165065e-01,9.598329503481153532e-03,-1.469228515625000120e-01,1.915751417878236718e-01,1.476213786908469640e-02,-9.813669264523383617e-01,1.566480468750000021e+00,0.000000000000000000e+00,0.000000000000000000e+00,0.000000000000000000e+00,1.000000000000000000e+00
9.734061907772437738e-01,1.252043090221955646e-01,1.918443868316479783e-01,3.141802062988281463e-01,1.256292600212260135e-01,-9.920268958668267967e-01,9.996344499237400441e-03,-1.469300689697265738e-01,1.915663769638492886e-01,1.437076473618603516e-02,-9.813744465482285850e-01,1.566474121093750060e+00,0.000000000000000000e+00,0.000000000000000000e+00,0.000000000000000000e+00,1.000000000000000000e+00
9.734835981278230355e-01,1.252927936465462744e-01,1.913933124128203711e-01,3.141793518066406388e-01,1.256421609050603072e-01,-9.920215454740416439e-01,1.035860600666001566e-02,-1.469311981201171791e-01,1.911641482580204165e-01,1.396313630737217731e-02,-9.814587608479775627e-01,1.566478393554687543e+00,0.000000000000000000e+00,0.000000000000000000e+00,0.000000000000000000e+00,1.000000000000000000e+00
9.734833347028741812e-01,1.251800673151991505e-01,1.914683989663413799e-01,3.141856079101562615e-01,1.256860609390935690e-01,-9.920241065592976248e-01,9.549140843116876026e-03,-1.469195709228515723e-01,1.911366295124676262e-01,1.476897938888943260e-02,-9.814523249279223371e-01,1.566489379882812560e+00,0.000000000000000000e+00,0.000000000000000000e+00,0.000000000000000000e+00,1.000000000000000000e+00
9.734892319649954828e-01,1.252397590119934123e-01,1.913993678433152101e-01,3.141838073730469083e-01,1.255897619031328682e-01,-9.920282640205095870e-01,1.035060817384252790e-02,-1.469339752197265647e-01,1.911698902895465346e-01,1.396159543432753253e-02,-9.814576643440158232e-01,1.566488647460937633e+00,0.000000000000000000e+00,0.000000000000000000e+00,0.000000000000000000e+00,1.000000000000000000e+00
9.734295884782754316e-01,1.251675801362544527e-01,1.917496105806989481e-01,3.141876831054687402e-01,1.255919199664633501e-01,-9.920317015325358367e-01,9.988633219787037762e-03,-1.469322204589843806e-01,1.914719455015612137e-01,1.435897062105392398e-02,-9.813930476870881270e-01,1.566479248046874995e+00,0.000000000000000000e+00,0.000000000000000000e+00,0.000000000000000000e+00,1.000000000000000000e+00
9.733984129771877658e-01,1.251871624970267716e-01,1.918950337018527630e-01,3.141806335449218723e-01,1.256050326588928345e-01,-9.920295754499015572e-01,1.003479962165686537e-02,-1.469330749511718881e-01,1.916217769050549691e-01,1.433512394893567826e-02,-9.813641520032805321e-01,1.566469116210937429e+00,0.000000000000000000e+00,0.000000000000000000e+00,0.000000000000000000e+00,1.000000000000000000e+00
9.734215107212069729e-01,1.251661324023081723e-01,1.917915581163336936e-01,3.141816406249999805e-01,1.256339527586329829e-01,-9.920285676718756385e-01,9.768870821563538365e-03,-1.469234313964843663e-01,1.914854364683766796e-01,1.458630255872538084e-02,-9.813870629869645423e-01,1.566443115234374961e+00,0.000000000000000000e+00,0.000000000000000000e+00,0.000000000000000000e+00,1.000000000000000000e+00
9.734159951536439648e-01,1.251429302766255414e-01,1.918346876370921050e-01,3.141812133789062544e-01,1.256530620372341422e-01,-9.920282484529289180e-01,9.553128915756336353e-03,-1.469134521484375122e-01,1.915009357149672908e-01,1.480544741619496327e-02,-9.813807570699041305e-01,1.566459960937500062e+00,0.000000000000000000e+00,0.000000000000000000e+00,0.000000000000000000e+00,1.000000000000000000e+00
9.733816468606554251e-01,1.251715868027216405e-01,1.919902169698422534e-01,3.141817932128906365e-01,1.255636370939482716e-01,-9.920334114714576268e-01,1.017268715929086145e-02,-1.469134368896484466e-01,1.917340413035140689e-01,1.420508294908087721e-02,-9.813441154986523030e-01,1.566469238281249954e+00,0.000000000000000000e+00,0.000000000000000000e+00,0.000000000000000000e+00,1.000000000000000000e+00
9.733507982809430636e-01,1.252232603453940774e-01,1.921128797200258864e-01,3.141824035644531499e-01,1.255746213275783230e-01,-9.920297152082582226e-01,1.039512492746854679e-02,-1.469259033203124953e-01,1.918833967916109273e-01,1.400639897661120660e-02,-9.813177787156521781e-01,1.566477661132812615e+00,0.000000000000000000e+00,0.000000000000000000e+00,0.000000000000000000e+00,1.000000000000000000e+00
9.733530892052255634e-01,1.251603091667792822e-01,1.921422929599844731e-01,3.141815490722656423e-01,1.255697165890272138e-01,-9.920334427322916593e-01,1.009429425310190247e-02,-1.469349975585937662e-01,1.918749853691086860e-01,1.430194077714779834e-02,-9.813151606286387718e-01,1.566471801757812532e+00,0.000000000000000000e+00,0.000000000000000000e+00,0.000000000000000000e+00,1.000000000000000000e+00
9.733599994037274161e-01,1.251402616189921657e-01,1.921203437502289890e-01,3.141857604980468621e-01,1.255882850147313490e-01,-9.920331187527458017e-01,9.893127147639683289e-03,-1.469390258789062542e-01,1.918277723058748052e-01,1.449849025350435569e-02,-9.813215067206744191e-01,1.566471191406250130e+00,0.000000000000000000e+00,0.000000000000000000e+00,0.000000000000000000e+00,1.000000000000000000e+00
9.734793638053619302e-01,1.251720222563910689e-01,1.914938460874228976e-01,3.141818237304687678e-01,1.256828577479843778e-01,-9.920247396823088648e-01,9.525498755840730580e-03,-1.469283752441406243e-01,1.911589587579091420e-01,1.479461734865537836e-02,-9.814475899323912289e-01,1.566488281250000059e+00,0.000000000000000000e+00,0.000000000000000000e+00,0.000000000000000000e+00,1.000000000000000000e+00
9.733661418781158758e-01,1.251268166892373357e-01,1.920979791422333383e-01,3.141781311035156121e-01,1.256359570766724387e-01,-9.920301812111009809e-01,9.577361625157253602e-03,-1.469186096191406332e-01,1.917653778311936008e-01,1.481213392757830573e-02,-9.813290174828070977e-01,1.566486938476562507e+00,0.000000000000000000e+00,0.000000000000000000e+00,0.000000000000000000e+00,1.000000000000000000e+00
9.733315234409231076e-01,1.251389746491351485e-01,1.922653960023356090e-01,3.141789855957031197e-01,1.255959088532694889e-01,-9.920324970570216783e-01,9.858623744304613121e-03,-1.469213867187499911e-01,1.919672189606679846e-01,1.455203788387224133e-02,-9.812934449174383067e-01,1.566460083007812587e+00,0.000000000000000000e+00,0.000000000000000000e+00,0.000000000000000000e+00,1.000000000000000000e+00
9.733277687097716679e-01,1.251383749500591669e-01,1.922847934011311932e-01,3.141843872070312349e-01,1.255665997796879541e-01,-9.920347237068540824e-01,1.000679667193447864e-02,-1.469220581054687669e-01,1.920054261687022534e-01,1.440465462009346900e-02,-9.812881443526417780e-01,1.566489868164062438e+00,0.000000000000000000e+00,0.000000000000000000e+00,0.000000000000000000e+00,1.000000000000000000e+00
9.733621626493567103e-01,1.251188973216522116e-01,1.921232985756308465e-01,3.141850280761718794e-01,1.255805065558581179e-01,-9.920348126232805264e-01,9.821757310512244793e-03,-1.469255065917968728e-01,1.918218879474946903e-01,1.456681421953276781e-02,-9.813216451438091514e-01,1.566495605468749996e+00,0.000000000000000000e+00,0.000000000000000000e+00,0.000000000000000000e+00,1.000000000000000000e+00
9.734056972770369631e-01,1.252174362855505152e-01,1.918383229667103285e-01,3.141799621582031521e-01,1.255484346827700215e-01,-9.920321534053136991e-01,1.047841394116999503e-02,-1.469171752929687436e-01,1.916218647683817777e-01,1.388525333187616909e-02,-9.813706031273802255e-01,1.566474365234375110e+00,0.000000000000000000e+00,0.000000000000000000e+00,0.000000000000000000e+00,1.000000000000000000e+00
9.733872197617801092e-01,1.251491944664252232e-01,1.919765598421764030e-01,3.141822814941406250e-01,1.255605446834548722e-01,-9.920348437817736453e-01,1.007066738929720921e-02,-1.469207763671875056e-01,1.917077724643056758e-01,1.430202248902590588e-02,-9.813478395194525916e-01,1.566470458984374980e+00,0.000000000000000000e+00,0.000000000000000000e+00,0.000000000000000000e+00,1.000000000000000000e+00
9.734368866143585652e-01,1.252229509795655671e-01,1.916763948077954138e-01,3.141828308105468759e-01,1.256135554306076207e-01,-9.920272073168905358e-01,1.016142879388224306e-02,-1.469277191162109419e-01,1.914206427494856699e-01,1.418564383525781382e-02,-9.814055762213464984e-01,1.566473388671875133e+00,0.000000000000000000e+00,0.000000000000000000e+00,0.000000000000000000e+00,1.000000000000000000e+00
9.734645327137794180e-01,1.252232788014967235e-01,1.915357251129560512e-01,3.141828613281250071e-01,1.256309725358844831e-01,-9.920260035601791149e-01,1.006315060541198778e-02,-1.469253692626953101e-01,1.912685606366898161e-01,1.426669921958073628e-02,-9.814340522955919965e-01,1.566469604492187528e+00,0.000000000000000000e+00,0.000000000000000000e+00,0.000000000000000000e+00,1.000000000000000000e+00
9.733982902430532436e-01,1.251229083816204346e-01,1.919375584663552403e-01,3.141841735839843719e-01,1.256587785098552401e-01,-9.920287268044208906e-01,9.427437520930510850e-03,-1.469246063232421962e-01,1.915871601525322987e-01,1.494198758279915648e-02,-9.813618583742512724e-01,1.566494506835937495e+00,0.000000000000000000e+00,0.000000000000000000e+00,0.000000000000000000e+00,1.000000000000000000e+00
9.734679565196069362e-01,1.251399380617154722e-01,1.915727891206130407e-01,3.141778869628906179e-01,1.256256715328384344e-01,-9.920307078031735948e-01,9.657402728362140393e-03,-1.469203338623046862e-01,1.912546163664141652e-01,1.466528818143028601e-02,-9.814308946844354509e-01,1.566469848632812578e+00,0.000000000000000000e+00,0.000000000000000000e+00,0.000000000000000000e+00,1.000000000000000000e+00
9.734845754155254660e-01,1.252631083023910408e-01,1.914077718549529739e-01,3.141778869628906179e-01,1.255735486923468536e-01,-9.920281457449742213e-01,1.055660544867534877e-02,-1.469250946044921846e-01,1.912042502060690985e-01,1.375906058608860651e-02,-9.814538312905622952e-01,1.566472412109374934e+00,0.000000000000000000e+00,0.000000000000000000e+00,0.000000000000000000e+00,1.000000000000000000e+00
9.734626390928082795e-01,1.251812564012844409e-01,1.915728147109110047e-01,3.141803283691406157e-01,1.256682914521604910e-01,-9.920253353443497790e-01,9.654768688333996776e-03,-1.469382629394531403e-01,1.912536818311219300e-01,1.467607170622528372e-02,-9.814309156050229355e-01,1.566461669921874966e+00,0.000000000000000000e+00,0.000000000000000000e+00,0.000000000000000000e+00,1.000000000000000000e+00
9.734810918685763426e-01,1.251773115430247496e-01,1.914816034224312291e-01,3.141801147460937527e-01,1.256653170228310690e-01,-9.920258337246208313e-01,9.642267395297254504e-03,-1.469367523193359504e-01,1.911616903877868257e-01,1.467603140605709504e-02,-9.814488383151984685e-01,1.566486938476562507e+00,0.000000000000000000e+00,0.000000000000000000e+00,0.000000000000000000e+00,1.000000000000000000e+00
9.734716338127877844e-01,1.252168515300903506e-01,1.915038335249539814e-01,3.141795959472656330e-01,1.256049759883614281e-01,-9.920283028899159472e-01,1.016052519885651297e-02,-1.469391326904296857e-01,1.912494919439660102e-01,1.416285134585416015e-02,-9.814392724325486927e-01,1.566480224609374972e+00,0.000000000000000000e+00,0.000000000000000000e+00,0.000000000000000000e+00,1.000000000000000000e+00
9.734855898781145100e-01,1.252270029432983600e-01,1.914262365338104399e-01,3.141767883300781161e-01,1.256681246567856736e-01,-9.920231034589024333e-01,9.883554472672095165e-03,-1.469271087646484286e-01,1.911369371547681217e-01,1.443467829938855848e-02,-9.814572386596815967e-01,1.566462524414062640e+00,0.000000000000000000e+00,0.000000000000000000e+00,0.000000000000000000e+00,1.000000000000000000e+00
9.734771562427423364e-01,1.252699000536078022e-01,1.914410572842267788e-01,3.141761169433593959e-01,1.256383541706311557e-01,-9.920230321745940882e-01,1.026194895814390093e-02,-1.469336700439453081e-01,1.911994514501507147e-01,1.406256646859367632e-02,-9.814504643584810450e-01,1.566467529296875050e+00,0.000000000000000000e+00,0.000000000000000000e+00,0.000000000000000000e+00,1.000000000000000000e+00
9.734847971561255697e-01,1.252127840915938650e-01,1.914395685482213894e-01,3.141764221191406525e-01,1.256478763831296863e-01,-9.920253630013675661e-01,9.914147588920447021e-03,-1.469317474365234300e-01,1.911542855033781796e-01,1.440270328921048650e-02,-9.814543296922462190e-01,1.566463378906250092e+00,0.000000000000000000e+00,0.000000000000000000e+00,0.000000000000000000e+00,1.000000000000000000e+00
9.735168792694304241e-01,1.252596624559240424e-01,1.912456607061641112e-01,3.141768188476562473e-01,1.256436314340543536e-01,-9.920233458041127772e-01,1.016657561212755065e-02,-1.469307556152343874e-01,1.909936220337548063e-01,1.413146634435238219e-02,-9.814895506328049635e-01,1.566468261718749977e+00,0.000000000000000000e+00,0.000000000000000000e+00,0.000000000000000000e+00,1.000000000000000000e+00
9.734827503775570490e-01,1.252123001987837936e-01,1.914502927557871492e-01,3.141745910644531126e-01,1.256487804769833294e-01,-9.920253119302183675e-01,9.907797656379875237e-03,-1.469318084716796924e-01,1.911641145246508466e-01,1.441042569400909600e-02,-9.814523019226780720e-01,1.566464843749999947e+00,0.000000000000000000e+00,0.000000000000000000e+00,0.000000000000000000e+00,1.000000000000000000e+00
9.734320257595213688e-01,1.252259949098028513e-01,1.916990908287381501e-01,3.141760559082031334e-01,1.256400024634068968e-01,-9.920250594668863497e-01,1.004346407950256620e-02,-1.469350891113281321e-01,1.914280047608235558e-01,1.430844465940234872e-02,-9.814023575500109287e-01,1.566471069335937605e+00,0.000000000000000000e+00,0.000000000000000000e+00,0.000000000000000000e+00,1.000000000000000000e+00
9.734505886784664552e-01,1.251880764400934709e-01,1.916295825773696171e-01,3.141741638183593865e-01,1.256401721509658731e-01,-9.920270859216649972e-01,9.839102583348415323e-03,-1.469187164306640647e-01,1.913334747069191377e-01,1.449849354241010933e-02,-9.814180022506097112e-01,1.566466064453124973e+00,0.000000000000000000e+00,0.000000000000000000e+00,0.000000000000000000e+00,1.000000000000000000e+00
9.734779706780907205e-01,1.252129046766122522e-01,1.914741995855117063e-01,3.141771240234375040e-01,1.256657855360219511e-01,-9.920239764736880073e-01,9.825499831891185837e-03,-1.469075164794921839e-01,1.911772762387865532e-01,1.449684806354701802e-02,-9.814484655070492281e-01,1.566460571289062464e+00,0.000000000000000000e+00,0.000000000000000000e+00,0.000000000000000000e+00,1.000000000000000000e+00
9.734293155105967488e-01,1.251555789571919264e-01,1.917588296805697312e-01,3.141806640625000036e-01,1.256267902919517843e-01,-9.920296808739025307e-01,9.747913939178218246e-03,-1.469266052246093746e-01,1.914504564254512764e-01,1.460114108944057104e-02,-9.813936668908013194e-01,1.566460327148437637e+00,0.000000000000000000e+00,0.000000000000000000e+00,0.000000000000000000e+00,1.000000000000000000e+00
9.733984124165960816e-01,1.251498662125467842e-01,1.919193624724505887e-01,3.141761474609375271e-01,1.255839415835870165e-01,-9.920330996686278491e-01,9.950013979120122393e-03,-1.469123687744140760e-01,1.916356029582719500e-01,1.441666219470102983e-02,-9.813602577697874141e-01,1.566484008789062576e+00,0.000000000000000000e+00,0.000000000000000000e+00,0.000000000000000000e+00,1.000000000000000000e+00
9.734305537681392506e-01,1.252803798505200961e-01,1.916710291493300133e-01,3.141814270019531175e-01,1.256186210097233191e-01,-9.920237249491389298e-01,1.043509432879768072e-02,-1.469458770751953247e-01,1.914495208828410899e-01,1.391961071814902008e-02,-9.814037524847690763e-01,1.566467041015624950e+00,0.000000000000000000e+00,0.000000000000000000e+00,0.000000000000000000e+00,1.000000000000000000e+00
9.733664270013152597e-01,1.252620051146158819e-01,1.920084083090103366e-01,3.141761169433593959e-01,1.255692231880152776e-01,-9.920280485728839581e-01,1.061701618321377570e-02,-1.469090118408203083e-01,1.918076353398167067e-01,1.377609956925975217e-02,-9.813358498016905296e-01,1.566460815429687514e+00,0.000000000000000000e+00,0.000000000000000000e+00,0.000000000000000000e+00,1.000000000000000000e+00
9.734643756224699018e-01,1.252116417087418554e-01,1.915441311409891711e-01,3.141801147460937527e-01,1.256225138682126874e-01,-9.920272450952001275e-01,1.004634253142052888e-02,-1.469198608398437633e-01,1.912749157714767057e-01,1.428249871099490989e-02,-9.814325839440958266e-01,1.566482421874999975e+00,0.000000000000000000e+00,0.000000000000000000e+00,0.000000000000000000e+00,1.000000000000000000e+00
9.734493163316958464e-01,1.252341901091107990e-01,1.916059136902336923e-01,3.141840209960937713e-01,1.256094998486609882e-01,-9.920269578179780057e-01,1.023564898662170791e-02,-1.469289550781250064e-01,1.913600848691372758e-01,1.410363747843784363e-02,-9.814185678540802149e-01,1.566479736328125094e+00,0.000000000000000000e+00,0.000000000000000000e+00,0.000000000000000000e+00,1.000000000000000000e+00
9.734281102409749753e-01,1.252067960946142422e-01,1.917315112452992465e-01,3.141805725097656099e-01,1.256102156654630153e-01,-9.920282745774624544e-01,1.009832458078448181e-02,-1.469061584472656223e-01,1.914674591494870404e-01,1.425344346411416135e-02,-9.813954612877804351e-01,1.566471313476562432e+00,0.000000000000000000e+00,0.000000000000000000e+00,0.000000000000000000e+00,1.000000000000000000e+00
9.733408168038153452e-01,1.251454502217209386e-01,1.922141270367095645e-01,3.141796875000000266e-01,1.255296023522182447e-01,-9.920371561652143733e-01,1.022740049710142533e-02,-1.469186553955078023e-01,1.919634686000842028e-01,1.417381657976846641e-02,-9.812997144841058006e-01,1.566478027343749968e+00,0.000000000000000000e+00,0.000000000000000000e+00,0.000000000000000000e+00,1.000000000000000000e+00
9.733817095976933231e-01,1.251696691049229426e-01,1.919911491627567524e-01,3.141839599609375089e-01,1.255655091874406382e-01,-9.920333744358125205e-01,1.015317231182590214e-02,-1.469397277832031334e-01,1.917324967843755112e-01,1.422455418137835541e-02,-9.813441352222829206e-01,1.566494995117187594e+00,0.000000000000000000e+00,0.000000000000000000e+00,0.000000000000000000e+00,1.000000000000000000e+00
9.733838374511217806e-01,1.252054537580659099e-01,1.919570247169021526e-01,3.141798400878906272e-01,1.255496755536462672e-01,-9.920326292467734897e-01,1.041832415066519177e-02,-1.469268951416015656e-01,1.917320629349789363e-01,1.395911383186613716e-02,-9.813480316298223149e-01,1.566483642578125002e+00,0.000000000000000000e+00,0.000000000000000000e+00,0.000000000000000000e+00,1.000000000000000000e+00
9.734225548586643573e-01,1.251990757331444271e-01,1.917647546552724847e-01,3.141833801269531268e-01,1.256183598128626233e-01,-9.920280497996267766e-01,1.001878678659737058e-02,-1.469196319580078069e-01,1.914903584266233194e-01,1.433666091931750687e-02,-9.813897812710949964e-01,1.566494384765624970e+00,0.000000000000000000e+00,0.000000000000000000e+00,0.000000000000000000e+00,1.000000000000000000e+00
9.734379842911532466e-01,1.251440047401341238e-01,1.917223743249023005e-01,3.141808166503906041e-01,1.256119902309371372e-01,-9.920314313672980999e-01,9.760486134062268740e-03,-1.469343414306640561e-01,1.914160877496968172e-01,1.458140106270837226e-02,-9.814006644045280003e-01,1.566482299804687450e+00,0.000000000000000000e+00,0.000000000000000000e+00,0.000000000000000000e+00,1.000000000000000000e+00
9.734452040323269273e-01,1.252518467466168517e-01,1.916152646138184479e-01,3.141783142089843994e-01,1.255999491061369489e-01,-9.920266922521672193e-01,1.037760298719391482e-02,-1.469332427978515543e-01,1.913872710788193099e-01,1.396483962621909887e-02,-9.814152514217500123e-01,1.566471801757812532e+00,0.000000000000000000e+00,0.000000000000000000e+00,0.000000000000000000e+00,1.000000000000000000e+00
9.734689521205317497e-01,1.252129263990439667e-01,1.915200311193112348e-01,3.141805114746094030e-01,1.256491197609864163e-01,-9.920252001125993147e-01,9.914688338360781727e-03,-1.469386138916015661e-01,1.912341443378865746e-01,1.441268205939245581e-02,-9.814386260155096853e-01,1.566478271484375018e+00,0.000000000000000000e+00,0.000000000000000000e+00,0.000000000000000000e+00,1.000000000000000000e+00
9.734193248098238493e-01,1.251277332819009380e-01,1.918277051171711212e-01,3.141834411621093892e-01,1.255547860346065969e-01,-9.920365211096003888e-01,9.976797510502063288e-03,-1.469254302978515725e-01,1.915484632947783705e-01,1.437327897505877652e-02,-9.813779063443982542e-01,1.566492065429687441e+00,0.000000000000000000e+00,0.000000000000000000e+00,0.000000000000000000e+00,1.000000000000000000e+00
9.733316917627837794e-01,1.251425693530366645e-01,1.922622041533842419e-01,3.141810302734375226e-01,1.256074959243328737e-01,-9.920314341407058256e-01,9.817873718548976794e-03,-1.469280090332031330e-01,1.919587840600577855e-01,1.459352638861081443e-02,-9.812944788440060018e-01,1.566493530273437518e+00,0.000000000000000000e+00,0.000000000000000000e+00,0.000000000000000000e+00,1.000000000000000000e+00
9.734314827183537799e-01,1.251301450340019383e-01,1.917644264625669726e-01,3.141737670898437362e-01,1.255691649411862509e-01,-9.920353621095704399e-01,9.910859705752988330e-03,-1.469202270507812547e-01,1.914772395579191766e-01,1.443215603794533244e-02,-9.813909412682469968e-01,1.566452392578125075e+00,0.000000000000000000e+00,0.000000000000000000e+00,0.000000000000000000e+00,1.000000000000000000e+00
9.734097851619427644e-01,1.252272303457789837e-01,1.918111856250975245e-01,3.141758117675781392e-01,1.255871482435225173e-01,-9.920288177055902601e-01,1.032923219354305207e-02,-1.469354858398437547e-01,1.915757248375688504e-01,1.403444411346037486e-02,-9.813774890588158328e-01,1.566453857421874929e+00,0.000000000000000000e+00,0.000000000000000000e+00,0.000000000000000000e+00,1.000000000000000000e+00
9.734566369304012978e-01,1.251073870522217135e-01,1.916515528794870415e-01,3.141792907714843763e-01,1.256253492517987180e-01,-9.920323158382607920e-01,9.495049127884565981e-03,-1.469358367919921804e-01,1.913124346233585071e-01,1.483327467361567759e-02,-9.814171010946061147e-01,1.566455810546875105e+00,0.000000000000000000e+00,0.000000000000000000e+00,0.000000000000000000e+00,1.000000000000000000e+00
9.734675546410600511e-01,1.252816295786682299e-01,1.914822011343841335e-01,3.141783752441406063e-01,1.256233182851888563e-01,-9.920234616199874456e-01,1.040353298240504799e-02,-1.469208831787109371e-01,1.912582075733574860e-01,1.392712768704383076e-02,-9.814409473576164444e-01,1.566458984375000085e+00,0.000000000000000000e+00,0.000000000000000000e+00,0.000000000000000000e+00,1.000000000000000000e+00
9.734094350903864656e-01,1.251894713439212214e-01,1.918376082566823071e-01,3.141793212890625075e-01,1.255921566529173417e-01,-9.920304580468021216e-01,1.010843680897506591e-02,-1.469224853515624929e-01,1.915742202497085767e-01,1.425365118422294852e-02,-9.813746234561165904e-01,1.566465454101562571e+00,0.000000000000000000e+00,0.000000000000000000e+00,0.000000000000000000e+00,1.000000000000000000e+00
9.734024852095675140e-01,1.251569508724336699e-01,1.918940839008669574e-01,3.141789245605468572e-01,1.255870908784909035e-01,-9.920325111218628589e-01,9.968925816188394656e-03,-1.469183349609375078e-01,1.916128502802341427e-01,1.439564258955533874e-02,-9.813650090980003959e-01,1.566479003906249945e+00,0.000000000000000000e+00,0.000000000000000000e+00,0.000000000000000000e+00,1.000000000000000000e+00
9.734490336181667036e-01,1.252234569561666566e-01,1.916143647428458496e-01,3.141787719726562567e-01,1.256053439743081146e-01,-9.920278357620093690e-01,1.020150177372597909e-02,-1.469404144287109470e-01,1.913642508750081073e-01,1.413714615085612421e-02,-9.814172734294808187e-01,1.566477539062500091e+00,0.000000000000000000e+00,0.000000000000000000e+00,0.000000000000000000e+00,1.000000000000000000e+00
9.734390350356812993e-01,1.252055293335057884e-01,1.916768647832021444e-01,3.141794128417969012e-01,1.256107258165541640e-01,-9.920283460986535351e-01,1.008494405578134155e-02,-1.469405212402343786e-01,1.914115739150581696e-01,1.425959189761091296e-02,-9.814062733701439667e-01,1.566470581054687505e+00,0.000000000000000000e+00,0.000000000000000000e+00,0.000000000000000000e+00,1.000000000000000000e+00
9.733914932130784958e-01,1.252233845771448528e-01,1.919065003991746732e-01,3.141791381835937758e-01,1.255988623159754181e-01,-9.920280913614920593e-01,1.025630218979502184e-02,-1.469467773437500013e-01,1.916609681843087221e-01,1.411984081780747260e-02,-9.813596197979279623e-01,1.566473144531250083e+00,0.000000000000000000e+00,0.000000000000000000e+00,0.000000000000000000e+00,1.000000000000000000e+00
9.734334334770715635e-01,1.252123687103482708e-01,1.917008432714459309e-01,3.141810302734375226e-01,1.256555804669309551e-01,-9.920246029493038353e-01,9.892534599134326923e-03,-1.469290466308593723e-01,1.914106206211095285e-01,1.445855681664763928e-02,-9.814035482146075129e-01,1.566455200195312480e+00,0.000000000000000000e+00,0.000000000000000000e+00,0.000000000000000000e+00,1.000000000000000000e+00
9.734164322771671207e-01,1.251401004515241555e-01,1.918343155740759309e-01,3.141793212890625075e-01,1.255778938375895215e-01,-9.920341309540930963e-01,9.923487364456116261e-03,-1.469132843017578183e-01,1.915480147433191171e-01,1.443046364951153238e-02,-9.813771546998398820e-01,1.566471191406250130e+00,0.000000000000000000e+00,0.000000000000000000e+00,0.000000000000000000e+00,1.000000000000000000e+00
9.733898476919168319e-01,1.251900915518836532e-01,1.919365660512307170e-01,3.141793212890625075e-01,1.255831703573777602e-01,-9.920310158180553062e-01,1.016518460173851043e-02,-1.469211883544921937e-01,1.916796069833651139e-01,1.420931498097533288e-02,-9.813546879872100392e-01,1.566471191406250130e+00,0.000000000000000000e+00,0.000000000000000000e+00,0.000000000000000000e+00,1.000000000000000000e+00
9.733848747518667466e-01,1.251529308407176855e-01,1.919860138298404295e-01,3.141803588867187469e-01,1.255793413012377957e-01,-9.920332332032286704e-01,9.994661509825817150e-03,-1.469243621826172019e-01,1.917073672101319848e-01,1.438082481387257909e-02,-9.813467670681106370e-01,1.566474975585937512e+00,0.000000000000000000e+00,0.000000000000000000e+00,0.000000000000000000e+00,1.000000000000000000e+00
9.734614815286924960e-01,1.251410038404012215e-01,1.916049924656977321e-01,3.141789855957031197e-01,1.255904042913864593e-01,-9.920333151146668582e-01,9.846423336947993793e-03,-1.469403228759765534e-01,1.913107271688900823e-01,1.447863461867094151e-02,-9.814227299230896540e-01,1.566470336914062456e+00,0.000000000000000000e+00,0.000000000000000000e+00,0.000000000000000000e+00,1.000000000000000000e+00
9.733747749400132321e-01,1.251637209561456410e-01,1.920301811353913590e-01,3.141797180175781579e-01,1.256474107382287708e-01,-9.920274810613778360e-01,9.705925705300516571e-03,-1.469222412109374987e-01,1.917140466561016721e-01,1.468059179427360847e-02,-9.813410235689286054e-01,1.566458251953124936e+00,0.000000000000000000e+00,0.000000000000000000e+00,0.000000000000000000e+00,1.000000000000000000e+00
9.733900760803628760e-01,1.250959008394401384e-01,1.919968108626654291e-01,3.141804199218750093e-01,1.256485302858687259e-01,-9.920308173267777807e-01,9.343677593243851498e-03,-1.469180450439453167e-01,1.916356089699048637e-01,1.502907406110981156e-02,-9.813510688370392643e-01,1.566468383789062502e+00,0.000000000000000000e+00,0.000000000000000000e+00,0.000000000000000000e+00,1.000000000000000000e+00
9.733866329233179515e-01,1.252466286986318178e-01,1.919159838206125623e-01,3.141767578124999849e-01,1.255822442311097797e-01,-9.920280327331397752e-01,1.046337447935036247e-02,-1.469166717529296895e-01,1.916965382579572108e-01,1.391633109854325048e-02,-9.813555792620082263e-01,1.566470092773437628e+00,0.000000000000000000e+00,0.000000000000000000e+00,0.000000000000000000e+00,1.000000000000000000e+00
9.734809817352314543e-01,1.251543917971811026e-01,1.914971446619696260e-01,3.141754760742187513e-01,1.256259665484288079e-01,-9.920300043048146943e-01,9.725589327244172494e-03,-1.469274139404296853e-01,1.911881134604938859e-01,1.458933764318488466e-02,-9.814449839387586749e-01,1.566467895507812624e+00,0.000000000000000000e+00,0.000000000000000000e+00,0.000000000000000000e+00,1.000000000000000000e+00
9.735025660294720495e-01,1.252213173403879387e-01,1.913436061580612024e-01,3.141780090332031428e-01,1.256540805858621934e-01,-9.920245228907766943e-01,9.919577382554676040e-03,-1.469140777587890634e-01,1.910596921544547577e-01,1.438637087192960913e-02,-9.814729880984907062e-01,1.566461303710937614e+00,0.000000000000000000e+00,0.000000000000000000e+00,0.000000000000000000e+00,1.000000000000000000e+00
9.734633833755050869e-01,1.252544414712755128e-01,1.915211897384556938e-01,3.141752014160156259e-01,1.255917526330160294e-01,-9.920272201461908246e-01,1.042622460859219530e-02,-1.469177093505859288e-01,1.913001643953346209e-01,1.390393400229993776e-02,-9.814330989535546834e-01,1.566448364257812642e+00,0.000000000000000000e+00,0.000000000000000000e+00,0.000000000000000000e+00,1.000000000000000000e+00
9.734114438233355537e-01,1.251701565885290635e-01,1.918400191132517418e-01,3.141775817871093612e-01,1.255776853060927289e-01,-9.920325599137828076e-01,1.008191569450159718e-02,-1.469429016113281417e-01,1.915735002210212368e-01,1.427697343662879571e-02,-9.813744249992234492e-01,1.566447631835937493e+00,0.000000000000000000e+00,0.000000000000000000e+00,0.000000000000000000e+00,1.000000000000000000e+00
9.734753407012677329e-01,1.251817052545139697e-01,1.915079677614549836e-01,3.141783142089843994e-01,1.256212430106999067e-01,-9.920289416740022403e-01,9.893542621603039836e-03,-1.469324035644531401e-01,1.912199371169156226e-01,1.442634918233948703e-02,-9.814411933978886005e-01,1.566460327148437637e+00,0.000000000000000000e+00,0.000000000000000000e+00,0.000000000000000000e+00,1.000000000000000000e+00
9.733877976995731762e-01,1.251752367140119004e-01,1.919566498018924761e-01,3.141773681640624982e-01,1.256082972374165385e-01,-9.920299103262132379e-01,9.960556374133268387e-03,-1.469363861083984313e-01,1.916735530914270846e-01,1.441586389213474900e-02,-9.813528580044751370e-01,1.566454223632812504e+00,0.000000000000000000e+00,0.000000000000000000e+00,0.000000000000000000e+00,1.000000000000000000e+00
9.733455970980485761e-01,1.251958770074070304e-01,1.921570737448659028e-01,3.141790771484375133e-01,1.255965242763928402e-01,-9.920295450761152933e-01,1.014370670738950000e-02,-1.469210510253906310e-01,1.918954447076143821e-01,1.426092831558614660e-02,-9.813117568968817706e-01,1.566451293945312573e+00,0.000000000000000000e+00,0.000000000000000000e+00,0.000000000000000000e+00,1.000000000000000000e+00
9.733834037061157574e-01,1.252739290102233838e-01,1.919145437423621092e-01,3.141760253906250022e-01,1.255852109486401691e-01,-9.920263080458084914e-01,1.059051160184706561e-02,-1.469203796386718830e-01,1.917109912876229783e-01,1.379300023000156611e-02,-9.813544970927543520e-01,1.566448120117187592e+00,0.000000000000000000e+00,0.000000000000000000e+00,0.000000000000000000e+00,1.000000000000000000e+00
9.734620845324862826e-01,1.252151193642112026e-01,1.915535012999577402e-01,3.141775512695312300e-01,1.255626309730350498e-01,-9.920314702936120499e-01,1.037244668455950328e-02,-1.469271697998046911e-01,1.913258886841924244e-01,1.395477802406601062e-02,-9.814273628188198151e-01,1.566471923828125057e+00,0.000000000000000000e+00,0.000000000000000000e+00,0.000000000000000000e+00,1.000000000000000000e+00
9.734826760869840223e-01,1.253060255967772818e-01,1.913893395873033920e-01,3.141801757812500151e-01,1.256375328541540215e-01,-9.920211594017133150e-01,1.045129836918186512e-02,-1.469317474365234300e-01,1.911718852154931925e-01,1.387152653531997272e-02,-9.814585528970311001e-01,1.566477539062500091e+00,0.000000000000000000e+00,0.000000000000000000e+00,0.000000000000000000e+00,1.000000000000000000e+00
9.734955779730366521e-01,1.252678036218296542e-01,1.913487314896716862e-01,3.141781311035156121e-01,1.256327438157043841e-01,-9.920236296680423616e-01,1.027287017248664121e-02,-1.469299011230468799e-01,1.911093230281593058e-01,1.403907247669507717e-02,-9.814683546073775799e-01,1.566463867187499970e+00,0.000000000000000000e+00,0.000000000000000000e+00,0.000000000000000000e+00,1.000000000000000000e+00
9.734365995652959347e-01,1.251121943308667328e-01,1.917501641628217846e-01,3.141816406249999805e-01,1.255971014896564708e-01,-9.920341755320144506e-01,9.672780050915937011e-03,-1.469172821044922028e-01,1.914328987508432667e-01,1.466742670790957548e-02,-9.813961034514134818e-01,1.566478149414062493e+00,0.000000000000000000e+00,0.000000000000000000e+00,0.000000000000000000e+00,1.000000000000000000e+00
9.734335168479242295e-01,1.252134902104075909e-01,1.916996873925739253e-01,3.141802978515624845e-01,1.256183961230966928e-01,-9.920273341627365848e-01,1.008894590307922272e-02,-1.469231567382812409e-01,1.914346019729535886e-01,1.426008917583129580e-02,-9.814017745165097839e-01,1.566486572265624932e+00,0.000000000000000000e+00,0.000000000000000000e+00,0.000000000000000000e+00,1.000000000000000000e+00
9.734589819300144553e-01,1.252993183695234047e-01,1.915142065641948499e-01,3.141784667968750000e-01,1.256076826689386805e-01,-9.920235900494728254e-01,1.057860292737094164e-02,-1.469173889160156343e-01,1.913121024773903056e-01,1.375781964878857073e-02,-9.814328310405110445e-01,1.566465454101562571e+00,0.000000000000000000e+00,0.000000000000000000e+00,0.000000000000000000e+00,1.000000000000000000e+00
9.733915930820309370e-01,1.251674163084842972e-01,1.919425028801186872e-01,3.141806030273437411e-01,1.256082508897798100e-01,-9.920303335832674207e-01,9.918899086151140160e-03,-1.469188079833984306e-01,1.916543081322095443e-01,1.445458907508967439e-02,-9.813560470232167710e-01,1.566470458984374980e+00,0.000000000000000000e+00,0.000000000000000000e+00,0.000000000000000000e+00,1.000000000000000000e+00
9.734363167621227220e-01,1.251607989956267653e-01,1.917198779557529320e-01,3.141801147460937527e-01,1.255416428343233415e-01,-9.920358255979604412e-01,1.020865537828598985e-02,-1.469284820556640558e-01,1.914707108751928233e-01,1.413135255202864482e-02,-9.813965924905174720e-01,1.566469970703125103e+00,0.000000000000000000e+00,0.000000000000000000e+00,0.000000000000000000e+00,1.000000000000000000e+00
9.734604522864104270e-01,1.251928985067143896e-01,1.915763189901736607e-01,3.141823730468750187e-01,1.256000804083590716e-01,-9.920298874945489009e-01,1.006588888108118050e-02,-1.469293060302734322e-01,1.913096119795108796e-01,1.426325632666121911e-02,-9.814261010810793051e-01,1.566493896484375092e+00,0.000000000000000000e+00,0.000000000000000000e+00,0.000000000000000000e+00,1.000000000000000000e+00
9.735025034742607053e-01,1.252339646837679898e-01,1.913356470157399625e-01,3.141845703125000222e-01,1.256433250283663650e-01,-9.920246694354514227e-01,1.004042366137338632e-02,-1.469391784667968825e-01,1.910670840442261209e-01,1.426566931722219808e-02,-9.814733109329915051e-01,1.566493530273437518e+00,0.000000000000000000e+00,0.000000000000000000e+00,0.000000000000000000e+00,1.000000000000000000e+00
9.734789186601102706e-01,1.251786197121032007e-01,1.914917964073527268e-01,3.141797180175781579e-01,1.256869117213889608e-01,-9.920240959345032472e-01,9.539041213420728846e-03,-1.469299774169921802e-01,1.911585602223509206e-01,1.478195698492608574e-02,-9.814478583202541628e-01,1.566469482421875004e+00,0.000000000000000000e+00,0.000000000000000000e+00,0.000000000000000000e+00,1.000000000000000000e+00
9.734200262308241314e-01,1.252025840280094060e-01,1.917752994665672117e-01,3.141800842285156214e-01,1.256439668047033831e-01,-9.920259327630551738e-01,9.906681137958117667e-03,-1.469282226562499960e-01,1.914864124118494659e-01,1.445204754696781391e-02,-9.813888588033490290e-01,1.566475097656250037e+00,0.000000000000000000e+00,0.000000000000000000e+00,0.000000000000000000e+00,1.000000000000000000e+00
9.734474433446008712e-01,1.251835862991087234e-01,1.916484927338439337e-01,3.141789550781249885e-01,1.256297309246911242e-01,-9.920280949012644234e-01,9.870645083179904744e-03,-1.469281768798828269e-01,1.913563318880520669e-01,1.446819435389199229e-02,-9.814139929705955057e-01,1.566471923828125057e+00,0.000000000000000000e+00,0.000000000000000000e+00,0.000000000000000000e+00,1.000000000000000000e+00
9.734893434338881546e-01,1.252284161577979782e-01,1.914062224883684438e-01,3.141795349121093706e-01,1.256174165928466702e-01,-9.920268375307955688e-01,1.014979148495158238e-02,-1.469280395507812642e-01,1.911511518908443341e-01,1.416324134010808929e-02,-9.814584248584069526e-01,1.566478637695312592e+00,0.000000000000000000e+00,0.000000000000000000e+00,0.000000000000000000e+00,1.000000000000000000e+00
9.733818438100687587e-01,1.251527101313361923e-01,1.920015241806496964e-01,3.141813659667968550e-01,1.255372300747068792e-01,-9.920363678270924801e-01,1.021022887108052196e-02,-1.469275970458984448e-01,1.917503324797143471e-01,1.416488811150546159e-02,-9.813415134084095826e-01,1.566478759765625117e+00,0.000000000000000000e+00,0.000000000000000000e+00,0.000000000000000000e+00,1.000000000000000000e+00
9.734669752410783916e-01,1.251954635653276249e-01,1.915414942451083846e-01,3.141779479980468803e-01,1.256197792159025606e-01,-9.920283055022905971e-01,9.975577777856790493e-03,-1.469241180419921800e-01,1.912634810535823460e-01,1.435050469206221833e-02,-9.814338204027560630e-01,1.566459960937500062e+00,0.000000000000000000e+00,0.000000000000000000e+00,0.000000000000000000e+00,1.000000000000000000e+00
9.734203671857118989e-01,1.251817696814028213e-01,1.917871562109061678e-01,3.141782836914062682e-01,1.256227881503536037e-01,-9.920286075043397434e-01,9.907420972817333749e-03,-1.469316711425781297e-01,1.914985740034783890e-01,1.444875193341816494e-02,-9.813865343085778070e-01,1.566464477539062594e+00,0.000000000000000000e+00,0.000000000000000000e+00,0.000000000000000000e+00,1.000000000000000000e+00
9.733853931141783766e-01,1.251584322730130150e-01,1.919797992053286217e-01,3.141816101074219048e-01,1.255726515660825215e-01,-9.920334486563918697e-01,1.005713306908173274e-02,-1.469375762939453267e-01,1.917091172861111470e-01,1.431794600728749506e-02,-9.813473446091921515e-01,1.566476562500000114e+00,0.000000000000000000e+00,0.000000000000000000e+00,0.000000000000000000e+00,1.000000000000000000e+00
9.734415233902822262e-01,1.252044086160069569e-01,1.916649592458750107e-01,3.141806335449218723e-01,1.256398011994823705e-01,-9.920262363021821184e-01,9.929090727848038575e-03,-1.469444580078125007e-01,1.913798340843713697e-01,1.441535817256190018e-02,-9.814101877169381094e-01,1.566477416992187566e+00,0.000000000000000000e+00,0.000000000000000000e+00,0.000000000000000000e+00,1.000000000000000000e+00
9.734370575770928680e-01,1.252915843256844908e-01,1.916306703865849614e-01,3.141831665039062638e-01,1.255712050585066075e-01,-9.920265416834869177e-01,1.073373446923608573e-02,-1.469434509277343648e-01,1.914475578214737961e-01,1.361467930806595575e-02,-9.814084130022181496e-01,1.566484741210937504e+00,0.000000000000000000e+00,0.000000000000000000e+00,0.000000000000000000e+00,1.000000000000000000e+00
9.734493675734370299e-01,1.251580986556857233e-01,1.916553654656432404e-01,3.141794738769531081e-01,1.255793579796150583e-01,-9.920332145931058943e-01,9.996298989969410950e-03,-1.469320831298828178e-01,1.913796060720768522e-01,1.433706681866325251e-02,-9.814113790326328690e-01,1.566465942382812448e+00,0.000000000000000000e+00,0.000000000000000000e+00,0.000000000000000000e+00,1.000000000000000000e+00
9.734496550294808870e-01,1.252334505329558700e-01,1.916046763275739973e-01,3.141808776855468666e-01,1.255824299922585485e-01,-9.920289842801348623e-01,1.037051712130245516e-02,-1.469160308837890727e-01,1.913761280834790357e-01,1.396700453688771819e-02,-9.814173935609875610e-01,1.566477416992187566e+00,0.000000000000000000e+00,0.000000000000000000e+00,0.000000000000000000e+00,1.000000000000000000e+00
9.733563921528292084e-01,1.251063344300923919e-01,1.921607112307143761e-01,3.141823425292968874e-01,1.255801622995982858e-01,-9.920354566341706981e-01,9.760922980912006136e-03,-1.469139251708984351e-01,1.918513922077050848e-01,1.463071652717719620e-02,-9.813149267395595565e-01,1.566470458984374980e+00,0.000000000000000000e+00,0.000000000000000000e+00,0.000000000000000000e+00,1.000000000000000000e+00
9.733758573213230347e-01,1.251348404296223349e-01,1.920435161483795838e-01,3.141835021972656516e-01,1.256185169594835893e-01,-9.920311571102183867e-01,9.704201124344948373e-03,-1.469355163574218859e-01,1.917274851993837348e-01,1.467838660121627108e-02,-9.813384311163534379e-01,1.566469482421875004e+00,0.000000000000000000e+00,0.000000000000000000e+00,0.000000000000000000e+00,1.000000000000000000e+00
9.733913754099583482e-01,1.251803918624650735e-01,1.919351446991118537e-01,3.141817932128906365e-01,1.255769743513345527e-01,-9.920319946370736996e-01,1.014618791236992709e-02,-1.469498443603515780e-01,1.916759082155959637e-01,1.422642293581040038e-02,-9.813551625686685043e-01,1.566473876953125011e+00,0.000000000000000000e+00,0.000000000000000000e+00,0.000000000000000000e+00,1.000000000000000000e+00
9.733726945357468185e-01,1.252245188396873821e-01,1.920010870114763624e-01,3.141780700683594052e-01,1.255644378300649344e-01,-9.920304752748894117e-01,1.044548123817616928e-02,-1.469398651123046962e-01,1.917789599633898667e-01,1.394116233483128423e-02,-9.813391230905423868e-01,1.566463012695312518e+00,0.000000000000000000e+00,0.000000000000000000e+00,0.000000000000000000e+00,1.000000000000000000e+00
9.734401464986478514e-01,1.252907056409845454e-01,1.916155532953299212e-01,3.141805725097656099e-01,1.256064791143320369e-01,-9.920240768348752569e-01,1.054719794138095357e-02,-1.469370269775390758e-01,1.914087082376142446e-01,1.380108908376291924e-02,-9.814133870856410757e-01,1.566468505859375027e+00,0.000000000000000000e+00,0.000000000000000000e+00,0.000000000000000000e+00,1.000000000000000000e+00
9.735079894944482781e-01,1.252256343175933984e-01,1.913131853799786286e-01,3.141799926757812833e-01,1.255983541297058526e-01,-9.920284672197876574e-01,1.022612661119230021e-02,-1.469185485839843708e-01,1.910686992429338205e-01,1.407340524945912413e-02,-9.814757722095326375e-01,1.566487182617187557e+00,0.000000000000000000e+00,0.000000000000000000e+00,0.000000000000000000e+00,1.000000000000000000e+00
9.734527112686571781e-01,1.251858009299057495e-01,1.916202864240600379e-01,3.141827087402344065e-01,1.256208598295042445e-01,-9.920286704520179244e-01,9.925551717554093739e-03,-1.469229736328125091e-01,1.913353561143283366e-01,1.440944991107599368e-02,-9.814189468590178711e-01,1.566494750976562544e+00,0.000000000000000000e+00,0.000000000000000000e+00,0.000000000000000000e+00,1.000000000000000000e+00
9.734612089695142689e-01,1.251984406394432980e-01,1.915688520951760732e-01,3.141867065429687633e-01,1.256077578631715208e-01,-9.920290267766276315e-01,1.005490910969349984e-02,-1.469349060058593726e-01,1.913007208459981678e-01,1.427447001009578102e-02,-9.814276711555123267e-01,1.566494873046875069e+00,0.000000000000000000e+00,0.000000000000000000e+00,0.000000000000000000e+00,1.000000000000000000e+00
9.734148685529082634e-01,1.251210393019971112e-01,1.918546825180774407e-01,3.141845397949218910e-01,1.256352500245583592e-01,-9.920307109412196400e-01,9.531657816195922284e-03,-1.469370269775390758e-01,1.915183480280437667e-01,1.482545356629726835e-02,-9.813770571473343640e-01,1.566489379882812560e+00,0.000000000000000000e+00,0.000000000000000000e+00,0.000000000000000000e+00,1.000000000000000000e+00
9.734397420911329313e-01,1.251720147194301525e-01,1.916951622984462700e-01,3.141854553222656055e-01,1.256430025415923024e-01,-9.920276492312509742e-01,9.745720755874359015e-03,-1.469396514892578054e-01,1.913867927258365575e-01,1.459828386478409512e-02,-9.814061267784712772e-01,1.566481689453125048e+00,0.000000000000000000e+00,0.000000000000000000e+00,0.000000000000000000e+00,1.000000000000000000e+00
9.734592334953782178e-01,1.251656421365580918e-01,1.916003203315006231e-01,3.141839294433593777e-01,1.255895468369029044e-01,-9.920320962537654275e-01,9.979264885814336655e-03,-1.469201049804687575e-01,1.913227285188352778e-01,1.434858985764643144e-02,-9.814223002974840071e-01,1.566479980468749922e+00,0.000000000000000000e+00,0.000000000000000000e+00,0.000000000000000000e+00,1.000000000000000000e+00
9.734677834076693737e-01,1.251907305845679774e-01,1.915404804292324681e-01,3.141827392578124822e-01,1.256417995336384097e-01,-9.920268932232448877e-01,9.837750341717948349e-03,-1.469269409179687624e-01,1.912449028792874428e-01,1.448875762579620100e-02,-9.814354095024048208e-01,1.566491577148437564e+00,0.000000000000000000e+00,0.000000000000000000e+00,0.000000000000000000e+00,1.000000000000000000e+00
9.734621474299782751e-01,1.251832574553185529e-01,1.915740054754057065e-01,3.141809692382812602e-01,1.256514623688970156e-01,-9.920265191538004679e-01,9.751681914015835131e-03,-1.469247131347656277e-01,1.912672411197824385e-01,1.457866072277987958e-02,-9.814297250063079847e-01,1.566474487304687635e+00,0.000000000000000000e+00,0.000000000000000000e+00,0.000000000000000000e+00,1.000000000000000000e+00
9.734596345434766151e-01,1.251836653947821232e-01,1.915865074393511280e-01,3.141800842285156214e-01,1.255985388877626507e-01,-9.920304835437833146e-01,1.002630286530454239e-02,-1.469380950927734464e-01,1.913147849585611349e-01,1.430278428191039154e-02,-9.814245174327188570e-01,1.566485351562500128e+00,0.000000000000000000e+00,0.000000000000000000e+00,0.000000000000000000e+00,1.000000000000000000e+00
9.734973327617212346e-01,1.251916765078824878e-01,1.913896215549855950e-01,3.141791076660156445e-01,1.256764676420746851e-01,-9.920243169111432335e-01,9.652985962395700670e-03,-1.469239196777343825e-01,1.910716320829062009e-01,1.465601549280551655e-02,-9.814666742294663182e-01,1.566478271484375018e+00,0.000000000000000000e+00,0.000000000000000000e+00,0.000000000000000000e+00,1.000000000000000000e+00
9.734485631245318737e-01,1.251105775452200641e-01,1.916904753426354746e-01,3.141799011230468897e-01,1.256539687448492704e-01,-9.920298990091586111e-01,9.368009956592770332e-03,-1.469334869384765763e-01,1.913347200312910112e-01,1.496739316580728008e-02,-9.814107203675571656e-01,1.566468383789062502e+00,0.000000000000000000e+00,0.000000000000000000e+00,0.000000000000000000e+00,1.000000000000000000e+00
9.734204954297409618e-01,1.252148594654431679e-01,1.917649030619719974e-01,3.141776123046874925e-01,1.255950471935338986e-01,-9.920289418255581193e-01,1.022069962955998203e-02,-1.469094696044921933e-01,1.915161173316026477e-01,1.413568355308697337e-02,-9.813876702163704113e-01,1.566443725585937585e+00,0.000000000000000000e+00,0.000000000000000000e+00,0.000000000000000000e+00,1.000000000000000000e+00
9.734811072847378011e-01,1.251799569368645670e-01,1.914797956468666240e-01,3.141764221191406525e-01,1.256101768443042555e-01,-9.920298881739515462e-01,9.939036307426318828e-03,-1.469210510253906310e-01,1.911978484000896872e-01,1.437634692341756282e-02,-9.814462305273348175e-01,1.566456909179687607e+00,0.000000000000000000e+00,0.000000000000000000e+00,0.000000000000000000e+00,1.000000000000000000e+00
9.734346378712056547e-01,1.251143837293977046e-01,1.917586941355408081e-01,3.141755981445312762e-01,1.256293026177328076e-01,-9.920315779711076365e-01,9.519802095449697577e-03,-1.469387969970703256e-01,1.914217441053575053e-01,1.482360590974549780e-02,-9.813959326344773304e-01,1.566434814453125046e+00,0.000000000000000000e+00,0.000000000000000000e+00,0.000000000000000000e+00,1.000000000000000000e+00
9.734778866306570411e-01,1.252238175235435291e-01,1.914674901019498554e-01,3.141753845214843577e-01,1.256385416080951500e-01,-9.920254622795554589e-01,1.002192853823844279e-02,-1.469295959472656232e-01,1.911956095303993242e-01,1.429957040840354118e-02,-9.814477883119583357e-01,1.566441528320312582e+00,0.000000000000000000e+00,0.000000000000000000e+00,0.000000000000000000e+00,1.000000000000000000e+00
9.734968346395761474e-01,1.252207919195235386e-01,1.913731073525564985e-01,3.141745300292969056e-01,1.256366917657916471e-01,-9.920258331333481339e-01,1.000840038338378889e-02,-1.469279632568359362e-01,1.911003260825925032e-01,1.430033800768525619e-02,-9.814663344730641947e-01,1.566441772460937631e+00,0.000000000000000000e+00,0.000000000000000000e+00,0.000000000000000000e+00,1.000000000000000000e+00
9.733718543217174668e-01,1.251870693805386126e-01,1.920297655943301596e-01,3.141744384765625120e-01,1.255804750094981770e-01,-9.920313050391639242e-01,1.017025656914303730e-02,-1.469171905517578092e-01,1.917727235836472754e-01,1.421574768366418509e-02,-9.813364025690193282e-01,1.566439208984375053e+00,0.000000000000000000e+00,0.000000000000000000e+00,0.000000000000000000e+00,1.000000000000000000e+00
9.733510816188337689e-01,1.251336047718874800e-01,1.921698542129846310e-01,3.141746215820312438e-01,1.255840038673108616e-01,-9.920337503337346430e-01,9.884137364536086517e-03,-1.469298248291015518e-01,1.918758189144790516e-01,1.451272392002369432e-02,-9.813119029953318861e-01,1.566445190429687440e+00,0.000000000000000000e+00,0.000000000000000000e+00,0.000000000000000000e+00,1.000000000000000000e+00
9.733557602312400414e-01,1.250550001618671581e-01,1.921973229761033686e-01,3.141749877929687629e-01,1.255304077002879493e-01,-9.920418547426322897e-01,9.750650306407213433e-03,-1.469186248779296988e-01,1.918871563374283662e-01,1.463575667035220927e-02,-9.813078588595028906e-01,1.566440795898437432e+00,0.000000000000000000e+00,0.000000000000000000e+00,0.000000000000000000e+00,1.000000000000000000e+00
9.734138055963280634e-01,1.251605113962917792e-01,1.918343281623310081e-01,3.141790771484375133e-01,1.255164345634300627e-01,-9.920376041541666412e-01,1.034488272264452377e-02,-1.469315795898437638e-01,1.916016381165838445e-01,1.400850923830967293e-02,-9.813728006929690606e-01,1.566453491210937576e+00,0.000000000000000000e+00,0.000000000000000000e+00,0.000000000000000000e+00,1.000000000000000000e+00
9.734076073400530493e-01,1.251283823438992526e-01,1.918867319657927006e-01,3.141798400878906272e-01,1.255868425448355696e-01,-9.920340229355741890e-01,9.820504970685546564e-03,-1.469324798583984404e-01,1.915869905607676671e-01,1.453909454744495983e-02,-9.813679431169577416e-01,1.566458251953124936e+00,0.000000000000000000e+00,0.000000000000000000e+00,0.000000000000000000e+00,1.000000000000000000e+00
9.734175853757734975e-01,1.252499036360227580e-01,1.917567889811627735e-01,3.141770935058593728e-01,1.255202488957165297e-01,-9.920324201941354003e-01,1.078630617607277860e-02,-1.469272308349609535e-01,1.915799352707807657e-01,1.356977976732239195e-02,-9.813832021584177889e-01,1.566465454101562571e+00,0.000000000000000000e+00,0.000000000000000000e+00,0.000000000000000000e+00,1.000000000000000000e+00
9.733970816610477694e-01,1.252740743531519652e-01,1.918450617261669155e-01,3.141763610839843901e-01,1.255751553415833666e-01,-9.920270764395311414e-01,1.063766759088518449e-02,-1.469258880615234297e-01,1.916481196742953752e-01,1.373629883913110930e-02,-9.813675724821506741e-01,1.566450317382812596e+00,0.000000000000000000e+00,0.000000000000000000e+00,0.000000000000000000e+00,1.000000000000000000e+00
9.734426265093305553e-01,1.251394673006203107e-01,1.917017647762610799e-01,3.141782226562500058e-01,1.256363505860961793e-01,-9.920298132449700823e-01,9.610257257585014604e-03,-1.469240722656250109e-01,1.913764883835616104e-01,1.472967606114976812e-02,-9.814061729666825329e-01,1.566459350585937438e+00,0.000000000000000000e+00,0.000000000000000000e+00,0.000000000000000000e+00,1.000000000000000000e+00
9.734576969144619341e-01,1.252138872392896396e-01,1.915766028522742637e-01,3.141811828613281232e-01,1.256816139319845427e-01,-9.920226440648638455e-01,9.757334779962736210e-03,-1.469300994873046773e-01,1.912700819193716983e-01,1.457930399515475553e-02,-9.814291618133086370e-01,1.566456420898437507e+00,0.000000000000000000e+00,0.000000000000000000e+00,0.000000000000000000e+00,1.000000000000000000e+00
9.734059487499200358e-01,1.251169409986884751e-01,1.919026055409327747e-01,3.141836547851562522e-01,1.256406943439373203e-01,-9.920304576359646465e-01,9.486150291448657360e-03,-1.469341430664062587e-01,1.915601077026254095e-01,1.487690148214160409e-02,-9.813681281452180105e-01,1.566452270507812550e+00,0.000000000000000000e+00,0.000000000000000000e+00,0.000000000000000000e+00,1.000000000000000000e+00
9.734845995815366582e-01,1.252252164924899935e-01,1.914324411691618044e-01,3.141780090332031428e-01,1.255675245430636078e-01,-9.920306552167532654e-01,1.039114480443656917e-02,-1.469194030761718783e-01,1.912080834005264740e-01,1.392207831570660241e-02,-9.814507856116214679e-01,1.566454833984375128e+00,0.000000000000000000e+00,0.000000000000000000e+00,0.000000000000000000e+00,1.000000000000000000e+00
9.734027165823542216e-01,1.251860819950094683e-01,1.918739070974272987e-01,3.141804809570312718e-01,1.255610136330071458e-01,-9.920329167624377664e-01,1.025299542875753034e-02,-1.469269256591796968e-01,1.916287640349046972e-01,1.411158866141937543e-02,-9.813660274637114878e-01,1.566456665039062557e+00,0.000000000000000000e+00,0.000000000000000000e+00,0.000000000000000000e+00,1.000000000000000000e+00
9.733850512601192051e-01,1.251530319416478965e-01,1.919850530097293451e-01,3.141772766113281046e-01,1.256423614571874903e-01,-9.920284472468248183e-01,9.672479543312548916e-03,-1.469191436767578185e-01,1.916651741730802105e-01,1.470640842854597022e-02,-9.813501834515221400e-01,1.566470336914062456e+00,0.000000000000000000e+00,0.000000000000000000e+00,0.000000000000000000e+00,1.000000000000000000e+00
9.734402040431604508e-01,1.252233924957234790e-01,1.916592578621552356e-01,3.141831665039062638e-01,1.255883743651870221e-01,-9.920290541218894642e-01,1.029155004549188457e-02,-1.469321441650390525e-01,1.914202951014331855e-01,1.405196605074224975e-02,-9.814075671571873549e-01,1.566491577148437564e+00,0.000000000000000000e+00,0.000000000000000000e+00,0.000000000000000000e+00,1.000000000000000000e+00
9.734532674183321577e-01,1.252129918001578524e-01,1.915996942508705059e-01,3.141773681640624982e-01,1.256180584859666050e-01,-9.920274629676372191e-01,1.008048114971371589e-02,-1.469331817626953196e-01,1.913343657966067590e-01,1.425550428596144420e-02,-9.814213881217198621e-01,1.566463623046875142e+00,0.000000000000000000e+00,0.000000000000000000e+00,0.000000000000000000e+00,1.000000000000000000e+00
9.734527240617919519e-01,1.251796747804685972e-01,1.916242235171047026e-01,3.141741943359375178e-01,1.255557250503020472e-01,-9.920338452722493594e-01,1.022789037134982058e-02,-1.469254150390625069e-01,1.913780392933581986e-01,1.410315057749536409e-02,-9.814150738703878440e-01,1.566442504882812559e+00,0.000000000000000000e+00,0.000000000000000000e+00,0.000000000000000000e+00,1.000000000000000000e+00
9.734379401612788252e-01,1.250829748647713791e-01,1.917624208585864132e-01,3.141749267578125004e-01,1.255807691694129646e-01,-9.920369035578001649e-01,9.604810996111743521e-03,-1.469233245849609348e-01,1.914367965397072435e-01,1.473198487751654212e-02,-9.813943761567943680e-01,1.566463378906250092e+00,0.000000000000000000e+00,0.000000000000000000e+00,0.000000000000000000e+00,1.000000000000000000e+00
9.734288078269617284e-01,1.251419933796789341e-01,1.917702729453670818e-01,3.141738586425781299e-01,1.255821300880980151e-01,-9.920337620235433196e-01,9.906745578246120912e-03,-1.469152984619140623e-01,1.914823352038412252e-01,1.443940782637800381e-02,-9.813898403827643335e-01,1.566451660156249925e+00,0.000000000000000000e+00,0.000000000000000000e+00,0.000000000000000000e+00,1.000000000000000000e+00
9.734721021265316798e-01,1.251944916947951847e-01,1.915160714682545284e-01,3.141772766113281046e-01,1.256229431198107038e-01,-9.920281385185644174e-01,9.952313766615716178e-03,-1.469220581054687669e-01,1.912353067382394356e-01,1.437051274917591770e-02,-9.814390178814257348e-01,1.566444946289062612e+00,0.000000000000000000e+00,0.000000000000000000e+00,0.000000000000000000e+00,1.000000000000000000e+00
9.733814312369630795e-01,1.251224371244512579e-01,1.920233450680389753e-01,3.141817626953125053e-01,1.255623420897585274e-01,-9.920360797474201409e-01,9.925458594183231981e-03,-1.469389038085937571e-01,1.917359840301655072e-01,1.444964385056356562e-02,-9.813401653965745375e-01,1.566483886718750052e+00,0.000000000000000000e+00,0.000000000000000000e+00,0.000000000000000000e+00,1.000000000000000000e+00
9.734953794792636783e-01,1.251137271185952804e-01,1.914505195057414344e-01,3.141833190917968643e-01,1.256233885733140376e-01,-9.920323018669890969e-01,9.522410190766900789e-03,-1.469336853027343737e-01,1.911164837890305113e-01,1.478064068221475805e-02,-9.814560725193667290e-01,1.566486816406249982e+00,0.000000000000000000e+00,0.000000000000000000e+00,0.000000000000000000e+00,1.000000000000000000e+00
9.734329320237778971e-01,1.251574632121240649e-01,1.917392402558653619e-01,3.141774597167968919e-01,1.256049353483213449e-01,-9.920312582770370868e-01,9.868273274614631704e-03,-1.469418640136718746e-01,1.914464078214440090e-01,1.447729268835422183e-02,-9.813962914789727821e-01,1.566467651367187575e+00,0.000000000000000000e+00,0.000000000000000000e+00,0.000000000000000000e+00,1.000000000000000000e+00
9.734209212525026800e-01,1.251515010877952694e-01,1.918040975667634762e-01,3.141764831542968595e-01,1.255786851382835190e-01,-9.920334975859932403e-01,9.976648046378570542e-03,-1.469201049804687575e-01,1.915246822393103510e-01,1.437502844425139238e-02,-9.813825220831875473e-01,1.566466918945312425e+00,0.000000000000000000e+00,0.000000000000000000e+00,0.000000000000000000e+00,1.000000000000000000e+00
9.734281269612312659e-01,1.251623230191509228e-01,1.917604613500882293e-01,3.141823120117187562e-01,1.255425344684527045e-01,-9.920356464454633816e-01,1.021509768768954531e-02,-1.469171295166015745e-01,1.915117585945738665e-01,1.413043091987620757e-02,-9.813885964499651227e-01,1.566468017578124927e+00,0.000000000000000000e+00,0.000000000000000000e+00,0.000000000000000000e+00,1.000000000000000000e+00
9.734476861399855574e-01,1.251701418046580194e-01,1.916560407326363957e-01,3.141816406249999805e-01,1.255642325070923659e-01,-9.920337029946518781e-01,1.013684554601945037e-02,-1.469185638427734364e-01,1.913980821837382440e-01,1.419745481841046611e-02,-9.814098055415313437e-01,1.566453125000000002e+00,0.000000000000000000e+00,0.000000000000000000e+00,0.000000000000000000e+00,1.000000000000000000e+00
9.733699948028582405e-01,1.251763020870965692e-01,1.920462095780167688e-01,3.141808166503906041e-01,1.255402789694766152e-01,-9.920348355935242335e-01,1.032101376780416961e-02,-1.469185485839843708e-01,1.918084762823311085e-01,1.406336960792702907e-02,-9.813316106503047198e-01,1.566448120117187592e+00,0.000000000000000000e+00,0.000000000000000000e+00,0.000000000000000000e+00,1.000000000000000000e+00
9.734582337567910804e-01,1.252259935274809000e-01,1.915659616846483171e-01,3.141825866699218817e-01,1.256198561216903264e-01,-9.920266627681532112e-01,1.013667130012867179e-02,-1.469396057128906363e-01,1.913079164046136704e-01,1.419686240464234847e-02,-9.814273942675481033e-01,1.566452636718750124e+00,0.000000000000000000e+00,0.000000000000000000e+00,0.000000000000000000e+00,1.000000000000000000e+00
9.734715996568369389e-01,1.251455412760103247e-01,1.915506151394284207e-01,3.141809692382812602e-01,1.256341199796194019e-01,-9.920297914573202869e-01,9.641615948195229879e-03,-1.469331512451171884e-01,1.912305220369008574e-01,1.467945366423036371e-02,-9.814353779447805293e-01,1.566451904296874975e+00,0.000000000000000000e+00,0.000000000000000000e+00,0.000000000000000000e+00,1.000000000000000000e+00
9.733935169855556513e-01,1.251725753267665664e-01,1.919293814832840339e-01,3.141829833984375320e-01,1.256065907295501050e-01,-9.920301990732001141e-01,9.953315632821303077e-03,-1.469416503906250115e-01,1.916456246716587986e-01,1.441910235944730834e-02,-9.813582648713758960e-01,1.566450683593749948e+00,0.000000000000000000e+00,0.000000000000000000e+00,0.000000000000000000e+00,1.000000000000000000e+00
9.733664532756577392e-01,1.251429297185542855e-01,1.920859046859617891e-01,3.141828308105468759e-01,1.255870775248853488e-01,-9.920330975558641073e-01,9.910565699096055003e-03,-1.469351348876953289e-01,1.917958122491882078e-01,1.447689521874910221e-02,-9.813280725162710771e-01,1.566450073242187546e+00,0.000000000000000000e+00,0.000000000000000000e+00,0.000000000000000000e+00,1.000000000000000000e+00
9.733927877569035214e-01,1.251613175614578466e-01,1.919404213007880611e-01,3.141803283691406157e-01,1.256094886292116464e-01,-9.920305593182572323e-01,9.880574123694963601e-03,-1.469127197265625018e-01,1.916474291743880121e-01,1.449185857596526489e-02,-9.813568407698916030e-01,1.566452880859374952e+00,0.000000000000000000e+00,0.000000000000000000e+00,0.000000000000000000e+00,1.000000000000000000e+00
9.733677927647014227e-01,1.250958850562015057e-01,1.921097591232140411e-01,3.141824340820312811e-01,1.256120530746225317e-01,-9.920335750449501555e-01,9.539292736567811515e-03,-1.469355773925781206e-01,1.917726574117173399e-01,1.484606094360875136e-02,-9.813270822430751883e-01,1.566468383789062502e+00,0.000000000000000000e+00,0.000000000000000000e+00,0.000000000000000000e+00,1.000000000000000000e+00
9.734004113492706889e-01,1.252122960263299944e-01,1.918684969162096077e-01,3.141829223632812695e-01,1.255740977645362633e-01,-9.920305408772234212e-01,1.032239979203542803e-02,-1.469414367675781208e-01,1.916319001515497389e-01,1.404588518601181286e-02,-9.813663576634610308e-01,1.566479370117187520e+00,0.000000000000000000e+00,0.000000000000000000e+00,0.000000000000000000e+00,1.000000000000000000e+00
9.734230395959477811e-01,1.251444808607106718e-01,1.917979272408562863e-01,3.141791687011719070e-01,1.255656311647128098e-01,-9.920348502470570651e-01,1.000640622331811641e-02,-1.469198455810546977e-01,1.915224745401773732e-01,1.434276142874765098e-02,-9.813834250386568314e-01,1.566479003906249945e+00,0.000000000000000000e+00,0.000000000000000000e+00,0.000000000000000000e+00,1.000000000000000000e+00
9.734294047021078145e-01,1.251933126487433379e-01,1.917337438463411481e-01,3.141798706054687584e-01,1.256287853390990472e-01,-9.920275935306260839e-01,9.932873101869545834e-03,-1.469291076660156348e-01,1.914486937942459222e-01,1.441832659739934047e-02,-9.813967136192215390e-01,1.566485351562500128e+00,0.000000000000000000e+00,0.000000000000000000e+00,0.000000000000000000e+00,1.000000000000000000e+00
9.734546702700184184e-01,1.252275064593187937e-01,1.915830800344107687e-01,3.141806945800781348e-01,1.255983026912221856e-01,-9.920281608852909994e-01,1.025643074523256530e-02,-1.469257354736328292e-01,1.913401977906741269e-01,1.407833926743091817e-02,-9.814228085147078673e-01,1.566498657226562452e+00,0.000000000000000000e+00,0.000000000000000000e+00,0.000000000000000000e+00,1.000000000000000000e+00
9.735194566782428005e-01,1.252222676430606862e-01,1.912570290348267199e-01,3.141807250976562660e-01,1.255825016661991922e-01,-9.920298578576187687e-01,1.028573741895379666e-02,-1.469412841796874925e-01,1.910206866916721036e-01,1.400517066380346266e-02,-9.814860938650733502e-01,1.566500122070312528e+00,0.000000000000000000e+00,0.000000000000000000e+00,0.000000000000000000e+00,1.000000000000000000e+00
9.734658586253536194e-01,1.251813652630768270e-01,1.915563830355844765e-01,3.141842956542968968e-01,1.256754241540655737e-01,-9.920247942813372743e-01,9.617447414297482927e-03,-1.469393615722656143e-01,1.912326066718202933e-01,1.471167298247244223e-02,-9.814344893183436502e-01,1.566524902343749970e+00,0.000000000000000000e+00,0.000000000000000000e+00,0.000000000000000000e+00,1.000000000000000000e+00
9.734559120176401459e-01,1.252279867289042559e-01,1.915764565329721170e-01,3.141851501464844043e-01,1.256059257929079409e-01,-9.920275784719215784e-01,1.021934229009302704e-02,-1.469387207031249976e-01,1.913288759273175654e-01,1.411505901372580273e-02,-9.814244883563015831e-01,1.566497314453125123e+00,0.000000000000000000e+00,0.000000000000000000e+00,0.000000000000000000e+00,1.000000000000000000e+00
9.734413739031474444e-01,1.251069622983535523e-01,1.917293393250788236e-01,3.141828002929687447e-01,1.255966266945973686e-01,-9.920344939663036099e-01,9.646250253766206276e-03,-1.469231414794922030e-01,1.914089311826666362e-01,1.469049915757395137e-02,-9.814004332065534575e-01,1.566493041992187640e+00,0.000000000000000000e+00,0.000000000000000000e+00,0.000000000000000000e+00,1.000000000000000000e+00
9.734860183497099362e-01,1.251915553684916915e-01,1.914472421897131516e-01,3.141860961914062500e-01,1.256575432439409612e-01,-9.920257258385655197e-01,9.754029955082317918e-03,-1.469291229248047004e-01,1.911417115742294337e-01,1.456137833055023457e-02,-9.814544372295582741e-01,1.566508666992187493e+00,0.000000000000000000e+00,0.000000000000000000e+00,0.000000000000000000e+00,1.000000000000000000e+00
9.734195933602095563e-01,1.251331268987849465e-01,1.918228240199200685e-01,3.141828613281250071e-01,1.256206016161368344e-01,-9.920312529651859057e-01,9.667346581321628260e-03,-1.469263610839843803e-01,1.915039417663366716e-01,1.468651397902639121e-02,-9.813819575451240285e-01,1.566515625000000078e+00,0.000000000000000000e+00,0.000000000000000000e+00,0.000000000000000000e+00,1.000000000000000000e+00
9.734541497497998241e-01,1.251766831173256322e-01,1.916189352298973969e-01,3.141855773925781303e-01,1.256292446286329800e-01,-9.920285127348275056e-01,9.834775806591521466e-03,-1.469368591308593819e-01,1.913225319426179183e-01,1.449923876868950377e-02,-9.814201245369870152e-01,1.566497802734375000e+00,0.000000000000000000e+00,0.000000000000000000e+00,0.000000000000000000e+00,1.000000000000000000e+00
9.734248451995617391e-01,1.252681643814274881e-01,1.917080012433420577e-01,3.141867675781250258e-01,1.255622466993448760e-01,-9.920284390594773516e-01,1.066294054331003507e-02,-1.469452667236328114e-01,1.915155162174136672e-01,1.369171609861112582e-02,-9.813940818846693670e-01,1.566508300781250140e+00,0.000000000000000000e+00,0.000000000000000000e+00,0.000000000000000000e+00,1.000000000000000000e+00
9.734076822499194703e-01,1.251188502464097019e-01,1.918925674690290795e-01,3.141863403320312442e-01,1.256066415864980079e-01,-9.920329969429581007e-01,9.669775888495872607e-03,-1.469366607666015567e-01,1.915736300386887969e-01,1.469034680969830489e-02,-9.813682988483020120e-01,1.566508422851562443e+00,0.000000000000000000e+00,0.000000000000000000e+00,0.000000000000000000e+00,1.000000000000000000e+00
9.734761819079652545e-01,1.252288111631274792e-01,1.914728913255349940e-01,3.141860656738281188e-01,1.256359494217132167e-01,-9.920253873091015029e-01,1.006176660095864372e-02,-1.469322662353515774e-01,1.912059922460462580e-01,1.426098835625380298e-02,-9.814463269788663569e-01,1.566500610351562628e+00,0.000000000000000000e+00,0.000000000000000000e+00,0.000000000000000000e+00,1.000000000000000000e+00
9.734584327278967830e-01,1.252473070925191612e-01,1.915510162254937532e-01,3.141797485351562336e-01,1.256045518861350907e-01,-9.920266533495003536e-01,1.032548253951187829e-02,-1.469263153076171835e-01,1.913169524543770761e-01,1.400825150626443423e-02,-9.814283430762060778e-01,1.566478881835937642e+00,0.000000000000000000e+00,0.000000000000000000e+00,0.000000000000000000e+00,1.000000000000000000e+00
9.735115384074023437e-01,1.251959552792508146e-01,1.913145508563550423e-01,3.141824645996093568e-01,1.256766457315791619e-01,-9.920241422137986431e-01,9.668608102333978507e-03,-1.469330444335937569e-01,1.909991238338861474e-01,1.463126948330888653e-02,-9.814811565424955697e-01,1.566487548828125131e+00,0.000000000000000000e+00,0.000000000000000000e+00,0.000000000000000000e+00,1.000000000000000000e+00
9.734752756242424088e-01,1.252551952480514263e-01,1.914602408117096199e-01,3.141797485351562336e-01,1.255908033342744978e-01,-9.920272951312150145e-01,1.043052407584579844e-02,-1.469352874755859295e-01,1.912402621472709396e-01,1.389178815047697677e-02,-9.814449451476252584e-01,1.566467285156250000e+00,0.000000000000000000e+00,0.000000000000000000e+00,0.000000000000000000e+00,1.000000000000000000e+00
9.734457865283306921e-01,1.251275956245342658e-01,1.916934675555299894e-01,3.141836853027343834e-01,1.255612388709788918e-01,-9.920361466340755774e-01,9.932726946819863192e-03,-1.469466705322265698e-01,1.914097071295627062e-01,1.440029807462793639e-02,-9.814045829483052374e-01,1.566479125976562470e+00,0.000000000000000000e+00,0.000000000000000000e+00,0.000000000000000000e+00,1.000000000000000000e+00
9.734617221678882881e-01,1.252706675449206941e-01,1.915190207963144153e-01,3.141823120117187562e-01,1.255682535038623315e-01,-9.920280168061728077e-01,1.063144315704668379e-02,-1.469382171630859435e-01,1.913240423624770481e-01,1.369940598937441183e-02,-9.814313206178104654e-01,1.566463256835937568e+00,0.000000000000000000e+00,0.000000000000000000e+00,0.000000000000000000e+00,1.000000000000000000e+00
